{"reporting_entity_name": "IEC Group_DBA AmeriBen",
	"reporting_entity_type": "Third Party Administrator",
	"plan_name": "JOSTENS, INC.",
	"plan_id_type": "ein",
	"plan_id": "410343440",
	"plan_market_type": "group",
	"last_updated_on": "2022-08-31","Version": "1.0.0","out_of_network":[{"name":"UNLISTED MOLECULAR PATHOLOGY PROCEDURE","billing_code_type":"CPT","billing_code_type_version":"2020","billing_code":"81479","description":"UNLISTED MOLECULAR PATHOLOGY PROCEDURE","allowed_amounts":[{"tin":{"type":"ein","value":"465193717"},"service_code":["81"],"billing_class":"professional","payments":[{"allowed_amount":50.00,"billing_code_modifier":[""],"providers":[{"billed_charge":50.00,"npi":[1144360686,1467850859]}]}]}]}]}
