{"reporting_entity_name": "IEC Group_DBA AmeriBen",
	"reporting_entity_type": "Third Party Administrator",
	"plan_name": "ARIZONA METROPOLITAN TRUST",
	"plan_id_type": "ein",
	"plan_id": "306316739",
	"plan_market_type": "group",
	"last_updated_on": "2023-04-26","Version": "1.0.0","out_of_network":[{"name":"APPL MODALITY 1\/> AREAS ELEC STIMJ UNATTENDED","billing_code_type":"CPT","billing_code_type_version":"2020","billing_code":"97014","description":"APPL MODALITY 1\/> AREAS ELEC STIMJ UNATTENDED","allowed_amounts":[{"tin":{"type":"ein","value":"861040114"},"service_code":["11"],"billing_class":"professional","payments":[{"allowed_amount":19.62,"billing_code_modifier":[""],"providers":[{"billed_charge":35.00,"npi":[1194844522]}]}]}]},{"name":"APPL MODALITY 1\/> AREAS TRACTION MECHANICAL","billing_code_type":"CPT","billing_code_type_version":"2020","billing_code":"97012","description":"APPL MODALITY 1\/> AREAS TRACTION MECHANICAL","allowed_amounts":[{"tin":{"type":"ein","value":"845044322"},"service_code":["11"],"billing_class":"professional","payments":[{"allowed_amount":21.32,"billing_code_modifier":[""],"providers":[{"billed_charge":75.00,"npi":[1316919822,1952922668]}]}]},{"tin":{"type":"ein","value":"861040114"},"service_code":["11"],"billing_class":"professional","payments":[{"allowed_amount":21.32,"billing_code_modifier":[""],"providers":[{"billed_charge":35.00,"npi":[1194844522]}]}]}]},{"name":"CHIROPRACTIC MANIPULATIVE TX SPINAL 3-4 REGIONS","billing_code_type":"CPT","billing_code_type_version":"2020","billing_code":"98941","description":"CHIROPRACTIC MANIPULATIVE TX SPINAL 3-4 REGIONS","allowed_amounts":[{"tin":{"type":"ein","value":"261197236"},"service_code":["11"],"billing_class":"professional","payments":[{"allowed_amount":59.02,"billing_code_modifier":[""],"providers":[{"billed_charge":76.34,"npi":[1285902585,1689861551]}]}]},{"tin":{"type":"ein","value":"300393112"},"service_code":["11"],"billing_class":"professional","payments":[{"allowed_amount":59.02,"billing_code_modifier":[""],"providers":[{"billed_charge":70.00,"npi":[1518092360]}]}]},{"tin":{"type":"ein","value":"800560126"},"service_code":["11"],"billing_class":"professional","payments":[{"allowed_amount":59.02,"billing_code_modifier":[""],"providers":[{"billed_charge":60.00,"npi":[1518134519]}]}]},{"tin":{"type":"ein","value":"842710599"},"service_code":["11"],"billing_class":"professional","payments":[{"allowed_amount":59.02,"billing_code_modifier":[""],"providers":[{"billed_charge":123.27,"npi":[1326463860,1376199018]}]}]},{"tin":{"type":"ein","value":"845044322"},"service_code":["11"],"billing_class":"professional","payments":[{"allowed_amount":59.02,"billing_code_modifier":[""],"providers":[{"billed_charge":100.00,"npi":[1316919822,1952922668]}]}]},{"tin":{"type":"ein","value":"861040114"},"service_code":["11"],"billing_class":"professional","payments":[{"allowed_amount":59.02,"billing_code_modifier":[""],"providers":[{"billed_charge":66.00,"npi":[1194844522]}]}]},{"tin":{"type":"ein","value":"861864733"},"service_code":["11"],"billing_class":"professional","payments":[{"allowed_amount":59.02,"billing_code_modifier":[""],"providers":[{"billed_charge":197.00,"npi":[1043989726,1316291966,1396326898]}]}]},{"tin":{"type":"ein","value":"871922287"},"service_code":["11"],"billing_class":"professional","payments":[{"allowed_amount":59.02,"billing_code_modifier":[""],"providers":[{"billed_charge":123.27,"npi":[1720287246,1982370839]}]}]}]},{"name":"DRUG TST DEFINITV DR ID METH P DAY 22\/MORE DR CL","billing_code_type":"HCPCS","billing_code_type_version":"HCPCS LEVEL II 2021","billing_code":"G0483","description":"DRUG TST DEFINITV DR ID METH P DAY 22\/MORE DR CL","allowed_amounts":[{"tin":{"type":"ein","value":"464163620"},"service_code":["81"],"billing_class":"professional","payments":[{"allowed_amount":370.38,"billing_code_modifier":[""],"providers":[{"billed_charge":750.00,"npi":[1164622494,1265854855,1447536180,1528161908]}]}]},{"tin":{"type":"ein","value":"473200733"},"service_code":["81"],"billing_class":"professional","payments":[{"allowed_amount":370.38,"billing_code_modifier":[""],"providers":[{"billed_charge":1375.92,"npi":[1154999126,1730570987]}]}]}]},{"name":"ELECTRODES PER PAIR","billing_code_type":"HCPCS","billing_code_type_version":"HCPCS LEVEL II 2021","billing_code":"A4556","description":"ELECTRODES PER PAIR","allowed_amounts":[{"tin":{"type":"ein","value":"841451963"},"service_code":["12"],"billing_class":"professional","payments":[{"allowed_amount":178.32,"billing_code_modifier":[""],"providers":[{"billed_charge":396.00,"npi":[1588217145,1770511552]}]}]}]},{"name":"IA DET NA;SEV AC RES SYND SARS-COV-2 COVID-19","billing_code_type":"HCPCS","billing_code_type_version":"HCPCS LEVEL II 2021","billing_code":"U0005","description":"IA DET NA;SEV AC RES SYND SARS-COV-2 COVID-19","allowed_amounts":[{"tin":{"type":"ein","value":"861213775"},"service_code":["81"],"billing_class":"professional","payments":[{"allowed_amount":37.50,"billing_code_modifier":[""],"providers":[{"billed_charge":60.00,"npi":[1831780402,1942278676]}]}]}]},{"name":"INF AGT DET DNA\/RNA;SARS-COV-2 COVID-19 AMP P T","billing_code_type":"HCPCS","billing_code_type_version":"HCPCS LEVEL II 2021","billing_code":"U0003","description":"INF AGT DET DNA\/RNA;SARS-COV-2 COVID-19 AMP P T","allowed_amounts":[{"tin":{"type":"ein","value":"473727159"},"service_code":["81"],"billing_class":"professional","payments":[{"allowed_amount":112.50,"billing_code_modifier":[""],"providers":[{"billed_charge":125.00,"npi":[1164095808,1518539550,1912521568]}]}]},{"tin":{"type":"ein","value":"861213775"},"service_code":["81"],"billing_class":"professional","payments":[{"allowed_amount":112.50,"billing_code_modifier":[""],"providers":[{"billed_charge":190.00,"npi":[1831780402,1942278676]}]}]}]},{"name":"INJECTION SINGLE\/MLT TRIGGER POINT 3\/> MUSCLES","billing_code_type":"CPT","billing_code_type_version":"2020","billing_code":"20553","description":"INJECTION SINGLE\/MLT TRIGGER POINT 3\/> MUSCLES","allowed_amounts":[{"tin":{"type":"ein","value":"832619393"},"service_code":["11"],"billing_class":"professional","payments":[{"allowed_amount":91.76,"billing_code_modifier":[""],"providers":[{"billed_charge":205.00,"npi":[1114497864,1750859575]}]}]},{"tin":{"type":"ein","value":"871922287"},"service_code":["11"],"billing_class":"professional","payments":[{"allowed_amount":91.76,"billing_code_modifier":[""],"providers":[{"billed_charge":201.18,"npi":[1386392355,1982370839]}]}]}]},{"name":"NEUROMUSCULAR STIMULATOR ELECTRONIC SHOCK UNIT","billing_code_type":"HCPCS","billing_code_type_version":"HCPCS LEVEL II 2021","billing_code":"E0745","description":"NEUROMUSCULAR STIMULATOR ELECTRONIC SHOCK UNIT","allowed_amounts":[{"tin":{"type":"ein","value":"841451963"},"service_code":["12"],"billing_class":"professional","payments":[{"allowed_amount":162.84,"billing_code_modifier":[""],"providers":[{"billed_charge":449.00,"npi":[1588217145,1770511552]}]}]}]},{"name":"OFFICE\/OUTPATIENT EST PT MAY NOT REQ PHYS\/QHP","billing_code_type":"CPT","billing_code_type_version":"2020","billing_code":"99211","description":"OFFICE\/OUTPATIENT EST PT MAY NOT REQ PHYS\/QHP","allowed_amounts":[{"tin":{"type":"ein","value":"871979881"},"service_code":["11"],"billing_class":"professional","payments":[{"allowed_amount":33.98,"billing_code_modifier":[""],"providers":[{"billed_charge":60.00,"npi":[1942278676,1962177022]}]}]}]},{"name":"RADIOLOGIC EXAM CHEST SINGLE VIEW","billing_code_type":"CPT","billing_code_type_version":"2020","billing_code":"71045","description":"RADIOLOGIC EXAM CHEST SINGLE VIEW","allowed_amounts":[{"tin":{"type":"ein","value":"845116186"},"service_code":["21","23"],"billing_class":"professional","payments":[{"allowed_amount":13.24,"billing_code_modifier":[""],"providers":[{"billed_charge":126.00,"npi":[1033281878,1033377478,1033745708,1083032361,1093791170,1184613168,1194749796,1255747432,1275794992,1306379953,1669440574,1710976766,1730143561,1780663179,1831141191,1841723202,1851970040,1871973677,1881776821,1972839751]}]}]}]},{"name":"THERAPEUT ACTVITY DIRECT PT CONTACT EACH 15 MIN","billing_code_type":"CPT","billing_code_type_version":"2020","billing_code":"97530","description":"THERAPEUT ACTVITY DIRECT PT CONTACT EACH 15 MIN","allowed_amounts":[{"tin":{"type":"ein","value":"861040114"},"service_code":["11"],"billing_class":"professional","payments":[{"allowed_amount":35.00,"billing_code_modifier":[""],"providers":[{"billed_charge":35.00,"npi":[1194844522]}]}]}]},{"name":"THERAPEUTIC PX 1\/> AREAS EACH 15 MIN EXERCISES","billing_code_type":"CPT","billing_code_type_version":"2020","billing_code":"97110","description":"THERAPEUTIC PX 1\/> AREAS EACH 15 MIN EXERCISES","allowed_amounts":[{"tin":{"type":"ein","value":"861040114"},"service_code":["11"],"billing_class":"professional","payments":[{"allowed_amount":35.00,"billing_code_modifier":[""],"providers":[{"billed_charge":35.00,"npi":[1194844522]}]}]}]}]}
