{"reporting_entity_name": "IEC Group_DBA AmeriBen",
	"reporting_entity_type": "Third Party Administrator",
	"plan_name": "DOUGLAS DYNAMICS",
	"issuer_name": "IEC Group_DBA AmeriBen",
	"plan_sponsor_name": "DOUGLAS DYNAMICS",
	"plan_id_type": "ein",
	"plan_id": "134275891",
	"plan_market_type": "group",
	"last_updated_on": "2026-02-01","reporting_period": {
		"start_date": "2025-08-05",
		"end_date": "2025-11-03"
	},"version": "2.0.0","out_of_network":[{"name":"ACUPUNCTURE 1\/> NDLS W\/ESTIM 1ST 15 MIN","billing_code_type":"CPT","billing_code_type_version":"2020","billing_code":"97813","description":"ACUPUNCTURE 1\/> NDLS W\/ESTIM 1ST 15 MIN","allowed_amounts":[{"tin":{"type":"ein","value":"263004799"},"service_code":["11"],"billing_class":"professional","setting":"outpatient","payments":[{"allowed_amount":77.15,"providers":[{"billed_charge":175.00,"npi":[1275686271]}]}]}]},{"name":"ACUPUNCTURE 1\/> NDLS W\/ESTIM EACH ADDL 15 MIN","billing_code_type":"CPT","billing_code_type_version":"2020","billing_code":"97814","description":"ACUPUNCTURE 1\/> NDLS W\/ESTIM EACH ADDL 15 MIN","allowed_amounts":[{"tin":{"type":"ein","value":"263004799"},"service_code":["11"],"billing_class":"professional","setting":"outpatient","payments":[{"allowed_amount":86.38,"providers":[{"billed_charge":250.00,"npi":[1275686271]}]}]}]},{"name":"ALBUTEROL INHAL CP THRU DME 1 MG","billing_code_type":"HCPCS","billing_code_type_version":"HCPCS LEVEL II 2021","billing_code":"J7609","description":"ALBUTEROL INHAL CP THRU DME 1 MG","allowed_amounts":[{"tin":{"type":"ein","value":"141628237"},"service_code":["11"],"billing_class":"professional","setting":"outpatient","payments":[{"allowed_amount":0.75,"providers":[{"billed_charge":13.00,"npi":[1013928159,1073190864]}]}]}]},{"name":"AMB SERVICE BLS EMERGENCY TRANSPORT","billing_code_type":"HCPCS","billing_code_type_version":"HCPCS LEVEL II 2021","billing_code":"A0429","description":"AMB SERVICE BLS EMERGENCY TRANSPORT","allowed_amounts":[{"tin":{"type":"ein","value":"391307909"},"service_code":["41"],"billing_class":"professional","setting":"outpatient","payments":[{"allowed_amount":462.00,"providers":[{"billed_charge":937.87,"npi":[1164449807]}]}]},{"tin":{"type":"ein","value":"526000769"},"service_code":["41"],"billing_class":"professional","setting":"outpatient","payments":[{"allowed_amount":700.00,"providers":[{"billed_charge":700.00,"npi":[1679609366]}]}]}]},{"name":"ANESTHESIA COMBINED UPPER&LOWER GI ENDOSCOPIC PX","billing_code_type":"CPT","billing_code_type_version":"2020","billing_code":"00813","description":"ANESTHESIA COMBINED UPPER&LOWER GI ENDOSCOPIC PX","allowed_amounts":[{"tin":{"type":"ein","value":"992150983"},"service_code":["22"],"billing_class":"professional","setting":"outpatient","payments":[{"allowed_amount":1038.51,"providers":[{"billed_charge":1935.00,"npi":[1245750736,1427007384,1558195719,1902979750]}]}]}]},{"name":"APPLICATION MODALITY 1\/> AREAS INFRARED","billing_code_type":"CPT","billing_code_type_version":"2020","billing_code":"97026","description":"APPLICATION MODALITY 1\/> AREAS INFRARED","allowed_amounts":[{"tin":{"type":"ein","value":"263004799"},"service_code":["11"],"billing_class":"professional","setting":"outpatient","payments":[{"allowed_amount":10.19,"providers":[{"billed_charge":50.00,"npi":[1275686271]}]}]}]},{"name":"BASIC METABOLIC PANEL CALCIUM TOTAL","billing_code_type":"CPT","billing_code_type_version":"2020","billing_code":"80048","description":"BASIC METABOLIC PANEL CALCIUM TOTAL","allowed_amounts":[{"tin":{"type":"ein","value":"113492255"},"service_code":["11"],"billing_class":"professional","setting":"outpatient","payments":[{"allowed_amount":12.62,"providers":[{"billed_charge":30.00,"npi":[1053512285,1275640609]}]}]}]},{"name":"BODY MASS INDEX DOCUMENTED","billing_code_type":"CPT","billing_code_type_version":"2020","billing_code":"3008F","description":"BODY MASS INDEX DOCUMENTED","allowed_amounts":[{"tin":{"type":"ein","value":"141628237"},"service_code":["11"],"billing_class":"professional","setting":"outpatient","payments":[{"allowed_amount":0.00,"providers":[{"billed_charge":0.01,"npi":[1003822172,1013928159]}]}]}]},{"name":"BRNCDILAT RSPSE SPMTRY PRE&POST-BRNCDILAT ADMN","billing_code_type":"CPT","billing_code_type_version":"2020","billing_code":"94060","description":"BRNCDILAT RSPSE SPMTRY PRE&POST-BRNCDILAT ADMN","allowed_amounts":[{"tin":{"type":"ein","value":"141628237"},"service_code":["11"],"billing_class":"professional","setting":"outpatient","payments":[{"allowed_amount":56.78,"providers":[{"billed_charge":94.00,"npi":[1013928159,1073190864]}]}]}]},{"name":"CLINIC","billing_code_type":"RC","billing_code_type_version":"UB04","billing_code":"0510","description":"CLINIC","allowed_amounts":[{"tin":{"type":"ein","value":"111639818"},"billing_class":"institutional","setting":"inpatient","payments":[{"allowed_amount":102.43,"providers":[{"billed_charge":320.00,"npi":[1093718728,1275617987]}]}]}]},{"name":"COLLECTION VENOUS BLOOD VENIPUNCTURE","billing_code_type":"CPT","billing_code_type_version":"2020","billing_code":"36415","description":"COLLECTION VENOUS BLOOD VENIPUNCTURE","allowed_amounts":[{"tin":{"type":"ein","value":"113492255"},"service_code":["11"],"billing_class":"professional","setting":"outpatient","payments":[{"allowed_amount":13.59,"providers":[{"billed_charge":20.00,"npi":[1053512285,1275640609]}]}]}]},{"name":"CREATINE KINASE TOTAL","billing_code_type":"CPT","billing_code_type_version":"2020","billing_code":"82550","description":"CREATINE KINASE TOTAL","allowed_amounts":[{"tin":{"type":"ein","value":"113492255"},"service_code":["11"],"billing_class":"professional","setting":"outpatient","payments":[{"allowed_amount":9.71,"providers":[{"billed_charge":31.00,"npi":[1053512285,1275640609]}]}]}]},{"name":"CURRENT TOBACCO SMOKER","billing_code_type":"CPT","billing_code_type_version":"2020","billing_code":"1034F","description":"CURRENT TOBACCO SMOKER","allowed_amounts":[{"tin":{"type":"ein","value":"141628237"},"service_code":["11"],"billing_class":"professional","setting":"outpatient","payments":[{"allowed_amount":0.00,"providers":[{"billed_charge":0.01,"npi":[1003822172,1013928159]}]}]}]},{"name":"DRUG TEST PRSMV READ DIRECT OPTICAL OBS PR DATE","billing_code_type":"CPT","billing_code_type_version":"2020","billing_code":"80305","description":"DRUG TEST PRSMV READ DIRECT OPTICAL OBS PR DATE","allowed_amounts":[{"tin":{"type":"ein","value":"141628237"},"service_code":["11"],"billing_class":"professional","setting":"outpatient","payments":[{"allowed_amount":18.93,"providers":[{"billed_charge":32.00,"npi":[1003822172,1013928159]}]}]}]},{"name":"DXA BONE DENSITY STUDY 1\/> SITES AXIAL SKEL","billing_code_type":"CPT","billing_code_type_version":"2020","billing_code":"77080","description":"DXA BONE DENSITY STUDY 1\/> SITES AXIAL SKEL","allowed_amounts":[{"tin":{"type":"ein","value":"843038369"},"service_code":["22"],"billing_class":"professional","setting":"outpatient","payments":[{"allowed_amount":13.59,"providers":[{"billed_charge":38.00,"npi":[1093423352,1306890728,1598713745,1881230563]}]}]}]},{"name":"ECG ROUTINE ECG W\/LEAST 12 LDS W\/I&R","billing_code_type":"CPT","billing_code_type_version":"2020","billing_code":"93000","description":"ECG ROUTINE ECG W\/LEAST 12 LDS W\/I&R","allowed_amounts":[{"tin":{"type":"ein","value":"113492255"},"service_code":["11"],"billing_class":"professional","setting":"outpatient","payments":[{"allowed_amount":20.87,"providers":[{"billed_charge":120.00,"npi":[1053512285,1275640609]}]}]}]},{"name":"EMERGENCY DEPARTMENT VISIT MODERATE MDM","billing_code_type":"CPT","billing_code_type_version":"2020","billing_code":"99284","description":"EMERGENCY DEPARTMENT VISIT MODERATE MDM","allowed_amounts":[{"tin":{"type":"ein","value":"922110411"},"service_code":["23"],"billing_class":"professional","setting":"outpatient","payments":[{"allowed_amount":141.34,"providers":[{"billed_charge":678.00,"npi":[1891440608,1962723338]}]}]}]},{"name":"GROUND MILEAGE","billing_code_type":"HCPCS","billing_code_type_version":"HCPCS LEVEL II 2021","billing_code":"A0425","description":"GROUND MILEAGE","allowed_amounts":[{"tin":{"type":"ein","value":"391307909"},"service_code":["41"],"billing_class":"professional","setting":"outpatient","payments":[{"allowed_amount":76.80,"providers":[{"billed_charge":169.60,"npi":[1164449807]}]}]},{"tin":{"type":"ein","value":"526000769"},"service_code":["41"],"billing_class":"professional","setting":"outpatient","payments":[{"allowed_amount":55.00,"providers":[{"billed_charge":55.00,"npi":[1679609366]}]}]}]},{"name":"HEMOGLOBIN GLYCOSYLATED A1C","billing_code_type":"CPT","billing_code_type_version":"2020","billing_code":"83036","description":"HEMOGLOBIN GLYCOSYLATED A1C","allowed_amounts":[{"tin":{"type":"ein","value":"593205549"},"service_code":["81"],"billing_class":"professional","setting":"outpatient","payments":[{"allowed_amount":14.55,"providers":[{"billed_charge":207.67,"npi":[1245720820,1336149921]}]}]}]},{"name":"HEPATIC FUNCTION PANEL","billing_code_type":"CPT","billing_code_type_version":"2020","billing_code":"80076","description":"HEPATIC FUNCTION PANEL","allowed_amounts":[{"tin":{"type":"ein","value":"593205549"},"service_code":["81"],"billing_class":"professional","setting":"outpatient","payments":[{"allowed_amount":12.14,"providers":[{"billed_charge":223.96,"npi":[1245720820,1336149921]}]}]}]},{"name":"IMHCHEM\/IMCYTCHM 1ST SINGLE ANTB STAIN PROCEDURE","billing_code_type":"CPT","billing_code_type_version":"2020","billing_code":"88342","description":"IMHCHEM\/IMCYTCHM 1ST SINGLE ANTB STAIN PROCEDURE","allowed_amounts":[{"tin":{"type":"ein","value":"474903308"},"service_code":["81"],"billing_class":"professional","setting":"outpatient","payments":[{"allowed_amount":96.99,"providers":[{"billed_charge":200.00,"npi":[1386100469,1740733708]}]}]}]},{"name":"IMHCHEM\/IMCYTCHM EA ADDL SINGLE ANTB STAIN PX","billing_code_type":"CPT","billing_code_type_version":"2020","billing_code":"88341","description":"IMHCHEM\/IMCYTCHM EA ADDL SINGLE ANTB STAIN PX","allowed_amounts":[{"tin":{"type":"ein","value":"474903308"},"service_code":["81"],"billing_class":"professional","setting":"outpatient","payments":[{"allowed_amount":81.19,"providers":[{"billed_charge":200.00,"npi":[1386100469,1740733708]}]}]}]},{"name":"INTERMITT LIMB COMPRESSION DEVC NOS","billing_code_type":"HCPCS","billing_code_type_version":"HCPCS LEVEL II 2021","billing_code":"E0676","description":"INTERMITT LIMB COMPRESSION DEVC NOS","allowed_amounts":[{"tin":{"type":"ein","value":"352544251"},"service_code":["12"],"billing_class":"professional","setting":"outpatient","payments":[{"allowed_amount":987.50,"providers":[{"billed_charge":1975.00,"npi":[1114021110,1255704060]}]}]}]},{"name":"LACTATE DEHYDROGENASE LDH","billing_code_type":"CPT","billing_code_type_version":"2020","billing_code":"83615","description":"LACTATE DEHYDROGENASE LDH","allowed_amounts":[{"tin":{"type":"ein","value":"593205549"},"service_code":["81"],"billing_class":"professional","setting":"outpatient","payments":[{"allowed_amount":9.23,"providers":[{"billed_charge":129.08,"npi":[1245720820,1336149921]}]}]}]},{"name":"LAPAROSCOPY SURG CHOLECYSTECTOMY","billing_code_type":"CPT","billing_code_type_version":"2020","billing_code":"47562","description":"LAPAROSCOPY SURG CHOLECYSTECTOMY","allowed_amounts":[{"tin":{"type":"ein","value":"342762377"},"service_code":["21"],"billing_class":"professional","setting":"inpatient","payments":[{"allowed_amount":598.70,"providers":[{"billed_charge":2142.00,"npi":[1689655219,1851680466]}]}]}]},{"name":"M\/PHMTRC ALYS TUMOR IMHCHEM EA ANTIBODY MANUAL","billing_code_type":"CPT","billing_code_type_version":"2020","billing_code":"88360","description":"M\/PHMTRC ALYS TUMOR IMHCHEM EA ANTIBODY MANUAL","allowed_amounts":[{"tin":{"type":"ein","value":"474903308"},"service_code":["81"],"billing_class":"professional","setting":"outpatient","payments":[{"allowed_amount":115.99,"providers":[{"billed_charge":200.00,"npi":[1386100469,1740733708]}]}]}]},{"name":"MANUAL THERAPY TQS 1\/> REGIONS EACH 15 MINUTES","billing_code_type":"CPT","billing_code_type_version":"2020","billing_code":"97140","description":"MANUAL THERAPY TQS 1\/> REGIONS EACH 15 MINUTES","allowed_amounts":[{"tin":{"type":"ein","value":"263004799"},"service_code":["11"],"billing_class":"professional","setting":"outpatient","payments":[{"allowed_amount":40.76,"providers":[{"billed_charge":150.00,"npi":[1275686271]}]}]}]},{"name":"MICRODISSECTION PREP IDENTIFIED TARGET MANUAL","billing_code_type":"CPT","billing_code_type_version":"2020","billing_code":"88381","description":"MICRODISSECTION PREP IDENTIFIED TARGET MANUAL","allowed_amounts":[{"tin":{"type":"ein","value":"474903308"},"service_code":["81"],"billing_class":"professional","setting":"outpatient","payments":[{"allowed_amount":186.19,"providers":[{"billed_charge":250.00,"npi":[1386100469,1740733708]}]}]}]},{"name":"MOST RECENT DIASTOLIC BLOOD PRESSURE < 80 MM HG","billing_code_type":"CPT","billing_code_type_version":"2020","billing_code":"3078F","description":"MOST RECENT DIASTOLIC BLOOD PRESSURE < 80 MM HG","allowed_amounts":[{"tin":{"type":"ein","value":"141628237"},"service_code":["11"],"billing_class":"professional","setting":"outpatient","payments":[{"allowed_amount":0.00,"providers":[{"billed_charge":10.00,"npi":[1003822172,1013928159]}]}]}]},{"name":"MOST RECENT SYSTOLIC BLOOD PRESSURE <130 MM HG","billing_code_type":"CPT","billing_code_type_version":"2020","billing_code":"3074F","description":"MOST RECENT SYSTOLIC BLOOD PRESSURE <130 MM HG","allowed_amounts":[{"tin":{"type":"ein","value":"141628237"},"service_code":["11"],"billing_class":"professional","setting":"outpatient","payments":[{"allowed_amount":0.00,"providers":[{"billed_charge":10.00,"npi":[1003822172,1013928159]}]}]}]},{"name":"OFFICE\/OUTPATIENT ESTABLISHED LOW MDM 20 MIN","billing_code_type":"CPT","billing_code_type_version":"2020","billing_code":"99213","description":"OFFICE\/OUTPATIENT ESTABLISHED LOW MDM 20 MIN","allowed_amounts":[{"tin":{"type":"ein","value":"141628237"},"service_code":["11"],"billing_class":"professional","setting":"outpatient","payments":[{"allowed_amount":133.43,"providers":[{"billed_charge":223.00,"npi":[1003822172,1013928159,1073190864]}]}]},{"tin":{"type":"ein","value":"391595302"},"service_code":["11"],"billing_class":"professional","setting":"outpatient","payments":[{"allowed_amount":86.32,"providers":[{"billed_charge":370.00,"npi":[1396017992]}]}]}]},{"name":"OFFICE\/OUTPATIENT ESTABLISHED MOD MDM 30 MIN","billing_code_type":"CPT","billing_code_type_version":"2020","billing_code":"99214","description":"OFFICE\/OUTPATIENT ESTABLISHED MOD MDM 30 MIN","allowed_amounts":[{"tin":{"type":"ein","value":"112553515"},"service_code":["11"],"billing_class":"professional","setting":"outpatient","payments":[{"allowed_amount":108.72,"providers":[{"billed_charge":360.00,"npi":[1801841184]}]}]},{"tin":{"type":"ein","value":"113492255"},"service_code":["11"],"billing_class":"professional","setting":"outpatient","payments":[{"allowed_amount":187.77,"providers":[{"billed_charge":430.00,"npi":[1053512285,1275640609]}]}]}]},{"name":"OFFICE\/OUTPATIENT NEW LOW MDM 30 MINUTES","billing_code_type":"CPT","billing_code_type_version":"2020","billing_code":"99203","description":"OFFICE\/OUTPATIENT NEW LOW MDM 30 MINUTES","allowed_amounts":[{"tin":{"type":"ein","value":"263004799"},"service_code":["11"],"billing_class":"professional","setting":"outpatient","payments":[{"allowed_amount":163.52,"providers":[{"billed_charge":175.00,"npi":[1275686271]}]}]}]},{"name":"PHARMACY","billing_code_type":"RC","billing_code_type_version":"UB04","billing_code":"0250","description":"PHARMACY","allowed_amounts":[{"tin":{"type":"ein","value":"111639818"},"billing_class":"institutional","setting":"inpatient","payments":[{"allowed_amount":92.85,"providers":[{"billed_charge":290.10,"npi":[1093718728,1275617987]}]}]}]},{"name":"PSYCHOTHERAPY W\/PATIENT 45 MINUTES","billing_code_type":"CPT","billing_code_type_version":"2020","billing_code":"90834","description":"PSYCHOTHERAPY W\/PATIENT 45 MINUTES","allowed_amounts":[{"tin":{"type":"ein","value":"180010273"},"service_code":["02"],"billing_class":"professional","setting":"outpatient","payments":[{"allowed_amount":106.89,"providers":[{"billed_charge":200.00,"npi":[1407138159]}]}]},{"tin":{"type":"ein","value":"602014941"},"service_code":["02","11"],"billing_class":"professional","setting":"outpatient","payments":[{"allowed_amount":74.82,"providers":[{"billed_charge":200.00,"npi":[1407138159]}]}]}]},{"name":"RADIOLOGIC EXAM CHEST 2 VIEWS","billing_code_type":"CPT","billing_code_type_version":"2020","billing_code":"71046","description":"RADIOLOGIC EXAM CHEST 2 VIEWS","allowed_amounts":[{"tin":{"type":"ein","value":"141628237"},"service_code":["11"],"billing_class":"professional","setting":"outpatient","payments":[{"allowed_amount":33.96,"providers":[{"billed_charge":56.00,"npi":[1013928159,1073190864]}]}]}]},{"name":"RPR RETINAL DTCHMNT W\/VITRECTOMY ANY METH","billing_code_type":"CPT","billing_code_type_version":"2020","billing_code":"67108","description":"RPR RETINAL DTCHMNT W\/VITRECTOMY ANY METH","allowed_amounts":[{"tin":{"type":"ein","value":"521886840"},"service_code":["24"],"billing_class":"professional","setting":"outpatient","payments":[{"allowed_amount":0.00,"providers":[{"billed_charge":3832.00,"npi":[1184670366,1376546721]}]}]}]},{"name":"THERAPEUT ACTVITY DIRECT PT CONTACT EACH 15 MIN","billing_code_type":"CPT","billing_code_type_version":"2020","billing_code":"97530","description":"THERAPEUT ACTVITY DIRECT PT CONTACT EACH 15 MIN","allowed_amounts":[{"tin":{"type":"ein","value":"421029263"},"service_code":["12"],"billing_class":"professional","setting":"outpatient","payments":[{"allowed_amount":27.02,"providers":[{"billed_charge":27.02,"npi":[1518022037]}]}]}]},{"name":"TRANSFERASE ALANINE AMINO ALT SGPT","billing_code_type":"CPT","billing_code_type_version":"2020","billing_code":"84460","description":"TRANSFERASE ALANINE AMINO ALT SGPT","allowed_amounts":[{"tin":{"type":"ein","value":"593205549"},"service_code":["81"],"billing_class":"professional","setting":"outpatient","payments":[{"allowed_amount":0.00,"providers":[{"billed_charge":113.25,"npi":[1245720820,1336149921]}]}]}]},{"name":"TRANSFERASE ASPARTATE AMINO AST SGOT","billing_code_type":"CPT","billing_code_type_version":"2020","billing_code":"84450","description":"TRANSFERASE ASPARTATE AMINO AST SGOT","allowed_amounts":[{"tin":{"type":"ein","value":"593205549"},"service_code":["81"],"billing_class":"professional","setting":"outpatient","payments":[{"allowed_amount":0.00,"providers":[{"billed_charge":110.71,"npi":[1245720820,1336149921]}]}]}]},{"name":"URNLS DIP STICK\/TABLET RGNT NON-AUTO W\/O MICRSCP","billing_code_type":"CPT","billing_code_type_version":"2020","billing_code":"81002","description":"URNLS DIP STICK\/TABLET RGNT NON-AUTO W\/O MICRSCP","allowed_amounts":[{"tin":{"type":"ein","value":"272459098"},"service_code":["81"],"billing_class":"professional","setting":"outpatient","payments":[{"allowed_amount":2.78,"providers":[{"billed_charge":24.36,"npi":[1134439573,1275856163]}]}]}]},{"name":"VISIT CPLX INHERENT E&M ASSOC MCS","billing_code_type":"HCPCS","billing_code_type_version":"HCPCS LEVEL II 2021","billing_code":"G2211","description":"VISIT CPLX INHERENT E&M ASSOC MCS","allowed_amounts":[{"tin":{"type":"ein","value":"113492255"},"service_code":["11"],"billing_class":"professional","setting":"outpatient","payments":[{"allowed_amount":0.00,"providers":[{"billed_charge":50.00,"npi":[1053512285,1275640609]}]}]}]},{"name":"XTRNL ECG REC>48HR<7D RECORDING SCAN A\/R R&I","billing_code_type":"CPT","billing_code_type_version":"2020","billing_code":"93241","description":"XTRNL ECG REC>48HR<7D RECORDING SCAN A\/R R&I","allowed_amounts":[{"tin":{"type":"ein","value":"112558775"},"service_code":["11"],"billing_class":"professional","setting":"outpatient","payments":[{"allowed_amount":389.61,"providers":[{"billed_charge":875.00,"npi":[1821035601]}]}]}]}]}
