{"reporting_entity_name": "IEC Group_DBA AmeriBen",
	"reporting_entity_type": "Third Party Administrator",
	"plan_name": "KENTUCKY RURAL ELECTRIC CO-OP",
	"plan_id_type": "ein",
	"plan_id": "610461919",
	"plan_market_type": "group",
	"last_updated_on": "2025-12-01","Version": "1.0.0","out_of_network":[{"name":"IADNA NOS AMPLIFIED PROBE TQ EACH ORGANISM","billing_code_type":"CPT","billing_code_type_version":"2020","billing_code":"87798","description":"IADNA NOS AMPLIFIED PROBE TQ EACH ORGANISM","allowed_amounts":[{"tin":{"type":"ein","value":"851099688"},"service_code":["81"],"billing_class":"professional","payments":[{"allowed_amount":14.73,"billing_code_modifier":[""],"providers":[{"billed_charge":87.73,"npi":[1457977209,1902602378]}]}]}]}]}
