{"reporting_entity_name": "IEC Group_DBA AmeriBen",
	"reporting_entity_type": "Third Party Administrator",
	"plan_name": "CONCORD HOSPITAL",
	"plan_id_type": "ein",
	"plan_id": "222594672",
	"plan_market_type": "group",
	"last_updated_on": "2023-09-01","Version": "1.0.0","out_of_network":[{"name":"OFFICE\/OUTPATIENT ESTABLISHED MOD MDM 30-39 MIN","billing_code_type":"CPT","billing_code_type_version":"2020","billing_code":"99214","description":"OFFICE\/OUTPATIENT ESTABLISHED MOD MDM 30-39 MIN","allowed_amounts":[{"tin":{"type":"ein","value":"124428102"},"service_code":["02"],"billing_class":"professional","payments":[{"allowed_amount":125.00,"billing_code_modifier":[""],"providers":[{"billed_charge":125.00,"npi":[1740473511]}]}]}]},{"name":"PSYCHIATRIC\/PSYCHOLOGICAL SVCS: INDIVIDUAL THERAPY","billing_code_type":"RC","billing_code_type_version":"UB04","billing_code":"0914","description":"PSYCHIATRIC\/PSYCHOLOGICAL SVCS: INDIVIDUAL THERAPY","allowed_amounts":[{"tin":{"type":"ein","value":"822867366"},"service_code":["22"],"billing_class":"institutional","payments":[{"allowed_amount":222.98,"billing_code_modifier":[""],"providers":[{"billed_charge":475.00,"npi":[1164408498,1730673088]}]}]}]},{"name":"PSYCHIATRIC\/PSYCHOLOGICAL TRT: INTENSIVE OUT SERV","billing_code_type":"RC","billing_code_type_version":"UB04","billing_code":"0906","description":"PSYCHIATRIC\/PSYCHOLOGICAL TRT: INTENSIVE OUT SERV","allowed_amounts":[{"tin":{"type":"ein","value":"822867366"},"service_code":["22"],"billing_class":"institutional","payments":[{"allowed_amount":856.38,"billing_code_modifier":[""],"providers":[{"billed_charge":1625.00,"npi":[1215917885,1730673088]}]}]}]},{"name":"PSYCHOTHERAPY W\/PATIENT W\/E&M SRVCS 45 MIN","billing_code_type":"CPT","billing_code_type_version":"2020","billing_code":"90836","description":"PSYCHOTHERAPY W\/PATIENT W\/E&M SRVCS 45 MIN","allowed_amounts":[{"tin":{"type":"ein","value":"124428102"},"service_code":["02"],"billing_class":"professional","payments":[{"allowed_amount":125.00,"billing_code_modifier":[""],"providers":[{"billed_charge":125.00,"npi":[1740473511]}]}]}]}]}
