{"reporting_entity_name": "IEC Group_DBA AmeriBen",
	"reporting_entity_type": "Third Party Administrator",
	"plan_name": "PERATON",
	"plan_id_type": "ein",
	"plan_id": "815224276",
	"plan_market_type": "group",
	"last_updated_on": "2023-10-01","Version": "1.0.0","out_of_network":[{"name":"25 HYDROXY INCLUDES FRACTIONS IF PERFORMED","billing_code_type":"CPT","billing_code_type_version":"2020","billing_code":"82306","description":"25 HYDROXY INCLUDES FRACTIONS IF PERFORMED","allowed_amounts":[{"tin":{"type":"ein","value":"133757370"},"service_code":["81"],"billing_class":"professional","payments":[{"allowed_amount":35.52,"billing_code_modifier":[""],"providers":[{"billed_charge":243.60,"npi":[1255407862,1932184322]},{"billed_charge":247.95,"npi":[1538144910,1659571313]}]},{"allowed_amount":35.52,"billing_code_modifier":[""],"providers":[{"billed_charge":243.60,"npi":[1255407862,1932184322]},{"billed_charge":247.95,"npi":[1538144910,1659571313]}]}]},{"tin":{"type":"ein","value":"133757370"},"service_code":["81"],"billing_class":"professional","payments":[{"allowed_amount":35.52,"billing_code_modifier":[""],"providers":[{"billed_charge":243.60,"npi":[1255407862,1932184322]},{"billed_charge":247.95,"npi":[1538144910,1659571313]}]},{"allowed_amount":35.52,"billing_code_modifier":[""],"providers":[{"billed_charge":243.60,"npi":[1255407862,1932184322]},{"billed_charge":247.95,"npi":[1538144910,1659571313]}]}]},{"tin":{"type":"ein","value":"203734391"},"service_code":["81"],"billing_class":"professional","payments":[{"allowed_amount":35.52,"billing_code_modifier":[""],"providers":[{"billed_charge":148.00,"npi":[1053584482,1477548295]}]}]},{"tin":{"type":"ein","value":"275359883"},"service_code":["55"],"billing_class":"professional","payments":[{"allowed_amount":35.52,"billing_code_modifier":[""],"providers":[{"billed_charge":296.00,"npi":[1396026167,1952730764]}]}]},{"tin":{"type":"ein","value":"382084239"},"service_code":["81"],"billing_class":"professional","payments":[{"allowed_amount":35.52,"billing_code_modifier":[""],"providers":[{"billed_charge":241.84,"npi":[1831543081,1932166386]}]}]},{"tin":{"type":"ein","value":"472979550"},"service_code":["81"],"billing_class":"professional","payments":[{"allowed_amount":35.52,"billing_code_modifier":[""],"providers":[{"billed_charge":42.92,"npi":[1295178358,1720660210]}]}]},{"tin":{"type":"ein","value":"810576059"},"service_code":["81"],"billing_class":"professional","payments":[{"allowed_amount":35.52,"billing_code_modifier":[""],"providers":[{"billed_charge":124.08,"npi":[1184614380,1235186800]}]}]},{"tin":{"type":"ein","value":"812542375"},"service_code":["81"],"billing_class":"professional","payments":[{"allowed_amount":35.52,"billing_code_modifier":[""],"providers":[{"billed_charge":88.80,"npi":[1386243087,1437605615,1528122678]}]}]},{"tin":{"type":"ein","value":"812681107"},"service_code":["81"],"billing_class":"professional","payments":[{"allowed_amount":35.52,"billing_code_modifier":[""],"providers":[{"billed_charge":296.00,"npi":[1720450026,1760930697]}]}]},{"tin":{"type":"ein","value":"843016042"},"service_code":["81"],"billing_class":"professional","payments":[{"allowed_amount":35.52,"billing_code_modifier":[""],"providers":[{"billed_charge":363.00,"npi":[1407820459,1598315574]}]}]},{"tin":{"type":"ein","value":"853121369"},"service_code":["81"],"billing_class":"professional","payments":[{"allowed_amount":35.52,"billing_code_modifier":[""],"providers":[{"billed_charge":207.20,"npi":[1306870977,1891301073]}]}]}]},{"name":"ADAPTIVE BEHAVIOR TX BY PROTOCOL TECH EA 15 MIN","billing_code_type":"CPT","billing_code_type_version":"2020","billing_code":"97153","description":"ADAPTIVE BEHAVIOR TX BY PROTOCOL TECH EA 15 MIN","allowed_amounts":[{"tin":{"type":"ein","value":"593794785"},"service_code":["11","12","99"],"billing_class":"professional","payments":[{"allowed_amount":208.08,"billing_code_modifier":[""],"providers":[{"billed_charge":208.08,"npi":[1114589926,1265997654]}]}]},{"tin":{"type":"ein","value":"593794785"},"service_code":["11","12","99"],"billing_class":"professional","payments":[{"allowed_amount":294.78,"billing_code_modifier":[""],"providers":[{"billed_charge":294.78,"npi":[1114589926,1265997654]}]}]},{"tin":{"type":"ein","value":"593794785"},"service_code":["11","12","99"],"billing_class":"professional","payments":[{"allowed_amount":312.12,"billing_code_modifier":[""],"providers":[{"billed_charge":312.12,"npi":[1114589926,1265997654]}]}]}]},{"name":"APPL MODALITY 1\/> AREAS ELEC STIMJ UNATTENDED","billing_code_type":"CPT","billing_code_type_version":"2020","billing_code":"97014","description":"APPL MODALITY 1\/> AREAS ELEC STIMJ UNATTENDED","allowed_amounts":[{"tin":{"type":"ein","value":"273104948"},"service_code":["11"],"billing_class":"professional","payments":[{"allowed_amount":22.48,"billing_code_modifier":[""],"providers":[{"billed_charge":123.00,"npi":[1275708943,1518035609,1659921484,1750681201]}]}]},{"tin":{"type":"ein","value":"521989530"},"service_code":["11"],"billing_class":"professional","payments":[{"allowed_amount":23.44,"billing_code_modifier":[""],"providers":[{"billed_charge":40.00,"npi":[1104869932,1285781229,1295732915,1609347707,1982648713]}]}]}]},{"name":"APPLICATION MODALITY 1\/> AREAS HOT\/COLD PACKS","billing_code_type":"CPT","billing_code_type_version":"2020","billing_code":"97010","description":"APPLICATION MODALITY 1\/> AREAS HOT\/COLD PACKS","allowed_amounts":[{"tin":{"type":"ein","value":"521989530"},"service_code":["11"],"billing_class":"professional","payments":[{"allowed_amount":11.75,"billing_code_modifier":[""],"providers":[{"billed_charge":35.00,"npi":[1104869932,1285781229,1295732915,1609347707,1982648713]}]}]}]},{"name":"ASSAY OF MAGNESIUM","billing_code_type":"CPT","billing_code_type_version":"2020","billing_code":"83735","description":"ASSAY OF MAGNESIUM","allowed_amounts":[{"tin":{"type":"ein","value":"463599411"},"service_code":["23"],"billing_class":"professional","payments":[{"allowed_amount":0.00,"billing_code_modifier":[""],"providers":[{"billed_charge":24.15,"npi":[1326077710,1386668341]}]}]},{"tin":{"type":"ein","value":"591173832"},"service_code":["21"],"billing_class":"professional","payments":[{"allowed_amount":0.00,"billing_code_modifier":[""],"providers":[{"billed_charge":15.00,"npi":[1003881210,1811962194,1831481894]},{"billed_charge":30.00,"npi":[1003881210,1811962194,1831481894]}]},{"allowed_amount":0.00,"billing_code_modifier":[""],"providers":[{"billed_charge":15.00,"npi":[1003881210,1811962194,1831481894]},{"billed_charge":30.00,"npi":[1003881210,1811962194,1831481894]}]}]},{"tin":{"type":"ein","value":"591173832"},"service_code":["21"],"billing_class":"professional","payments":[{"allowed_amount":0.00,"billing_code_modifier":[""],"providers":[{"billed_charge":15.00,"npi":[1003881210,1811962194,1831481894]},{"billed_charge":30.00,"npi":[1003881210,1811962194,1831481894]}]},{"allowed_amount":0.00,"billing_code_modifier":[""],"providers":[{"billed_charge":15.00,"npi":[1003881210,1811962194,1831481894]},{"billed_charge":30.00,"npi":[1003881210,1811962194,1831481894]}]}]}]},{"name":"ASSAY OF PHOSPHORUS INORGANIC","billing_code_type":"CPT","billing_code_type_version":"2020","billing_code":"84100","description":"ASSAY OF PHOSPHORUS INORGANIC","allowed_amounts":[{"tin":{"type":"ein","value":"591173832"},"service_code":["21"],"billing_class":"professional","payments":[{"allowed_amount":0.00,"billing_code_modifier":[""],"providers":[{"billed_charge":19.00,"npi":[1003881210,1811962194,1831481894]}]}]}]},{"name":"ASSAY OF PROSTATE SPECIFIC ANTIGEN TOTAL","billing_code_type":"CPT","billing_code_type_version":"2020","billing_code":"84153","description":"ASSAY OF PROSTATE SPECIFIC ANTIGEN TOTAL","allowed_amounts":[{"tin":{"type":"ein","value":"382084239"},"service_code":["81"],"billing_class":"professional","payments":[{"allowed_amount":22.07,"billing_code_modifier":[""],"providers":[{"billed_charge":148.48,"npi":[1619962610,1932166386]}]}]},{"tin":{"type":"ein","value":"540620889"},"service_code":["81"],"billing_class":"professional","payments":[{"allowed_amount":22.07,"billing_code_modifier":[""],"providers":[{"billed_charge":61.95,"npi":[1164458782,1437596855]}]}]},{"tin":{"type":"ein","value":"810576059"},"service_code":["81"],"billing_class":"professional","payments":[{"allowed_amount":22.07,"billing_code_modifier":[""],"providers":[{"billed_charge":77.10,"npi":[1235186800,1730730581,1841476736]}]}]},{"tin":{"type":"ein","value":"812518950"},"service_code":["11"],"billing_class":"professional","payments":[{"allowed_amount":22.07,"billing_code_modifier":[""],"providers":[{"billed_charge":105.00,"npi":[1033565098,1265003396,1518622323]}]}]},{"tin":{"type":"ein","value":"831279716"},"service_code":["11"],"billing_class":"professional","payments":[{"allowed_amount":22.07,"billing_code_modifier":[""],"providers":[{"billed_charge":105.00,"npi":[1194202358,1265003396]}]}]},{"tin":{"type":"ein","value":"843016042"},"service_code":["81"],"billing_class":"professional","payments":[{"allowed_amount":22.07,"billing_code_modifier":[""],"providers":[{"billed_charge":209.00,"npi":[1407820459,1598315574]}]}]},{"tin":{"type":"ein","value":"860872873"},"service_code":["81"],"billing_class":"professional","payments":[{"allowed_amount":22.07,"billing_code_modifier":[""],"providers":[{"billed_charge":106.86,"npi":[1326356684,1538105366]}]}]}]},{"name":"ASSAY OF TESTOSTERONE TOTAL","billing_code_type":"CPT","billing_code_type_version":"2020","billing_code":"84403","description":"ASSAY OF TESTOSTERONE TOTAL","allowed_amounts":[{"tin":{"type":"ein","value":"454408188"},"service_code":["11"],"billing_class":"professional","payments":[{"allowed_amount":30.97,"billing_code_modifier":[""],"providers":[{"billed_charge":130.00,"npi":[1548471675,1659615045]}]}]},{"tin":{"type":"ein","value":"470995511"},"service_code":["11"],"billing_class":"professional","payments":[{"allowed_amount":30.97,"billing_code_modifier":[""],"providers":[{"billed_charge":40.00,"npi":[1588030100,1750328738]}]}]},{"tin":{"type":"ein","value":"810576059"},"service_code":["81"],"billing_class":"professional","payments":[{"allowed_amount":30.97,"billing_code_modifier":[""],"providers":[{"billed_charge":108.24,"npi":[1235186800,1245432178,1841476736]}]}]},{"tin":{"type":"ein","value":"812518950"},"service_code":["11"],"billing_class":"professional","payments":[{"allowed_amount":30.97,"billing_code_modifier":[""],"providers":[{"billed_charge":125.00,"npi":[1033565098,1265003396,1518622323]}]}]},{"tin":{"type":"ein","value":"831279716"},"service_code":["11"],"billing_class":"professional","payments":[{"allowed_amount":30.97,"billing_code_modifier":[""],"providers":[{"billed_charge":125.00,"npi":[1194202358,1265003396]}]}]}]},{"name":"BASIC METABOLIC PANEL CALCIUM TOTAL","billing_code_type":"CPT","billing_code_type_version":"2020","billing_code":"80048","description":"BASIC METABOLIC PANEL CALCIUM TOTAL","allowed_amounts":[{"tin":{"type":"ein","value":"591173832"},"service_code":["21"],"billing_class":"professional","payments":[{"allowed_amount":0.00,"billing_code_modifier":[""],"providers":[{"billed_charge":43.00,"npi":[1003881210,1811962194,1831481894]},{"billed_charge":86.00,"npi":[1003881210,1811962194,1831481894]}]},{"allowed_amount":0.00,"billing_code_modifier":[""],"providers":[{"billed_charge":43.00,"npi":[1003881210,1811962194,1831481894]},{"billed_charge":86.00,"npi":[1003881210,1811962194,1831481894]}]}]},{"tin":{"type":"ein","value":"591173832"},"service_code":["21"],"billing_class":"professional","payments":[{"allowed_amount":0.00,"billing_code_modifier":[""],"providers":[{"billed_charge":43.00,"npi":[1003881210,1811962194,1831481894]},{"billed_charge":86.00,"npi":[1003881210,1811962194,1831481894]}]},{"allowed_amount":0.00,"billing_code_modifier":[""],"providers":[{"billed_charge":43.00,"npi":[1003881210,1811962194,1831481894]},{"billed_charge":86.00,"npi":[1003881210,1811962194,1831481894]}]}]},{"tin":{"type":"ein","value":"883107953"},"service_code":["23"],"billing_class":"professional","payments":[{"allowed_amount":0.00,"billing_code_modifier":[""],"providers":[{"billed_charge":20.00,"npi":[1093745341,1649998824,1770563819]}]}]}]},{"name":"BLOOD COUNT COMPLETE AUTO&AUTO DIFRNTL WBC","billing_code_type":"CPT","billing_code_type_version":"2020","billing_code":"85025","description":"BLOOD COUNT COMPLETE AUTO&AUTO DIFRNTL WBC","allowed_amounts":[{"tin":{"type":"ein","value":"133551814"},"service_code":["11"],"billing_class":"professional","payments":[{"allowed_amount":9.32,"billing_code_modifier":[""],"providers":[{"billed_charge":65.00,"npi":[1164170510,1962559724]}]}]},{"tin":{"type":"ein","value":"223137283"},"service_code":["81"],"billing_class":"professional","payments":[{"allowed_amount":9.32,"billing_code_modifier":[""],"providers":[{"billed_charge":45.50,"npi":[1811191620,1841236684]}]}]},{"tin":{"type":"ein","value":"275359883"},"service_code":["55"],"billing_class":"professional","payments":[{"allowed_amount":9.32,"billing_code_modifier":[""],"providers":[{"billed_charge":77.70,"npi":[1396026167,1952730764]}]}]},{"tin":{"type":"ein","value":"382084239"},"service_code":["81"],"billing_class":"professional","payments":[{"allowed_amount":9.32,"billing_code_modifier":[""],"providers":[{"billed_charge":45.50,"npi":[1033118880,1114118221,1326104613,1447568506,1811191638,1932166386]}]}]},{"tin":{"type":"ein","value":"454408188"},"service_code":["11"],"billing_class":"professional","payments":[{"allowed_amount":9.32,"billing_code_modifier":[""],"providers":[{"billed_charge":75.00,"npi":[1548471675,1659615045]}]}]},{"tin":{"type":"ein","value":"462187282"},"service_code":["23"],"billing_class":"professional","payments":[{"allowed_amount":0.00,"billing_code_modifier":[""],"providers":[{"billed_charge":30.00,"npi":[1093057655,1609846484,1780767517]}]}]},{"tin":{"type":"ein","value":"463599411"},"service_code":["23"],"billing_class":"professional","payments":[{"allowed_amount":0.00,"billing_code_modifier":[""],"providers":[{"billed_charge":24.15,"npi":[1326077710,1386668341]}]}]},{"tin":{"type":"ein","value":"470995511"},"service_code":["11"],"billing_class":"professional","payments":[{"allowed_amount":9.32,"billing_code_modifier":[""],"providers":[{"billed_charge":20.00,"npi":[1588030100,1750328738]}]}]},{"tin":{"type":"ein","value":"520890739"},"service_code":["81"],"billing_class":"professional","payments":[{"allowed_amount":9.32,"billing_code_modifier":[""],"providers":[{"billed_charge":45.50,"npi":[1245307818,1851688931,1932145778]}]}]},{"tin":{"type":"ein","value":"522246842"},"service_code":["23"],"billing_class":"professional","payments":[{"allowed_amount":0.00,"billing_code_modifier":[""],"providers":[{"billed_charge":20.00,"npi":[1477591121,1568404531]}]}]},{"tin":{"type":"ein","value":"541740519"},"service_code":["11"],"billing_class":"professional","payments":[{"allowed_amount":9.32,"billing_code_modifier":[""],"providers":[{"billed_charge":20.00,"npi":[1073543088]}]}]},{"tin":{"type":"ein","value":"591173832"},"service_code":["21"],"billing_class":"professional","payments":[{"allowed_amount":0.00,"billing_code_modifier":[""],"providers":[{"billed_charge":32.00,"npi":[1003881210,1811962194,1831481894]}]}]},{"tin":{"type":"ein","value":"812518950"},"service_code":["11"],"billing_class":"professional","payments":[{"allowed_amount":9.32,"billing_code_modifier":[""],"providers":[{"billed_charge":55.00,"npi":[1033565098,1265003396,1518622323]}]}]},{"tin":{"type":"ein","value":"812681107"},"service_code":["81"],"billing_class":"professional","payments":[{"allowed_amount":9.32,"billing_code_modifier":[""],"providers":[{"billed_charge":77.70,"npi":[1720450026,1760930697]}]}]},{"tin":{"type":"ein","value":"831279716"},"service_code":["11"],"billing_class":"professional","payments":[{"allowed_amount":9.32,"billing_code_modifier":[""],"providers":[{"billed_charge":55.00,"npi":[1194202358,1265003396]}]}]},{"tin":{"type":"ein","value":"840611484"},"service_code":["81"],"billing_class":"professional","payments":[{"allowed_amount":9.32,"billing_code_modifier":[""],"providers":[{"billed_charge":36.93,"npi":[1255314704,1295918134]}]}]},{"tin":{"type":"ein","value":"842842319"},"service_code":["81"],"billing_class":"professional","payments":[{"allowed_amount":9.32,"billing_code_modifier":[""],"providers":[{"billed_charge":109.40,"npi":[1821717075,1881226579]}]}]},{"tin":{"type":"ein","value":"850734712"},"service_code":["81"],"billing_class":"professional","payments":[{"allowed_amount":9.32,"billing_code_modifier":[""],"providers":[{"billed_charge":39.00,"npi":[1467516757,1942825633]}]}]},{"tin":{"type":"ein","value":"853121369"},"service_code":["81"],"billing_class":"professional","payments":[{"allowed_amount":9.32,"billing_code_modifier":[""],"providers":[{"billed_charge":54.39,"npi":[1326023151,1871531137,1891301073]}]}]},{"tin":{"type":"ein","value":"883107953"},"service_code":["23"],"billing_class":"professional","payments":[{"allowed_amount":0.00,"billing_code_modifier":[""],"providers":[{"billed_charge":25.00,"npi":[1013321280,1093745341,1538656608,1649998824,1770563819,1841272820]}]}]}]},{"name":"BLOOD COUNT COMPLETE AUTOMATED","billing_code_type":"CPT","billing_code_type_version":"2020","billing_code":"85027","description":"BLOOD COUNT COMPLETE AUTOMATED","allowed_amounts":[{"tin":{"type":"ein","value":"591173832"},"service_code":["21"],"billing_class":"professional","payments":[{"allowed_amount":0.00,"billing_code_modifier":[""],"providers":[{"billed_charge":17.00,"npi":[1003881210,1811962194,1831481894]},{"billed_charge":34.00,"npi":[1003881210,1811962194,1831481894]}]},{"allowed_amount":0.00,"billing_code_modifier":[""],"providers":[{"billed_charge":17.00,"npi":[1003881210,1811962194,1831481894]},{"billed_charge":34.00,"npi":[1003881210,1811962194,1831481894]}]}]},{"tin":{"type":"ein","value":"591173832"},"service_code":["21"],"billing_class":"professional","payments":[{"allowed_amount":0.00,"billing_code_modifier":[""],"providers":[{"billed_charge":17.00,"npi":[1003881210,1811962194,1831481894]},{"billed_charge":34.00,"npi":[1003881210,1811962194,1831481894]}]},{"allowed_amount":0.00,"billing_code_modifier":[""],"providers":[{"billed_charge":17.00,"npi":[1003881210,1811962194,1831481894]},{"billed_charge":34.00,"npi":[1003881210,1811962194,1831481894]}]}]}]},{"name":"CCPD OPD\/HOME: CCPD COMP OR OTHER RATE","billing_code_type":"RC","billing_code_type_version":"UB04","billing_code":"0851","description":"CCPD OPD\/HOME: CCPD COMP OR OTHER RATE","allowed_amounts":[{"tin":{"type":"ein","value":"232536597"},"service_code":["65"],"billing_class":"institutional","payments":[{"allowed_amount":262.14,"billing_code_modifier":[""],"providers":[{"billed_charge":3374.00,"npi":[1801093919,1952361370]}]}]},{"tin":{"type":"ein","value":"232536597"},"service_code":["65"],"billing_class":"institutional","payments":[{"allowed_amount":321.28,"billing_code_modifier":[""],"providers":[{"billed_charge":3374.00,"npi":[1801093919,1952361370]}]}]},{"tin":{"type":"ein","value":"261475112"},"service_code":["65"],"billing_class":"institutional","payments":[{"allowed_amount":268.76,"billing_code_modifier":[""],"providers":[{"billed_charge":4134.43,"npi":[1376642355,1528242849]}]}]},{"tin":{"type":"ein","value":"261475112"},"service_code":["65"],"billing_class":"institutional","payments":[{"allowed_amount":287.38,"billing_code_modifier":[""],"providers":[{"billed_charge":4134.43,"npi":[1376642355,1528242849]}]}]},{"tin":{"type":"ein","value":"261475112"},"service_code":["65"],"billing_class":"institutional","payments":[{"allowed_amount":295.11,"billing_code_modifier":[""],"providers":[{"billed_charge":4134.43,"npi":[1376642355,1528242849]}]}]},{"tin":{"type":"ein","value":"454590483"},"service_code":["65"],"billing_class":"institutional","payments":[{"allowed_amount":324.02,"billing_code_modifier":[""],"providers":[{"billed_charge":3374.00,"npi":[1285829440,1699041152]}]}]}]},{"name":"COLLECTION VENOUS BLOOD VENIPUNCTURE","billing_code_type":"CPT","billing_code_type_version":"2020","billing_code":"36415","description":"COLLECTION VENOUS BLOOD VENIPUNCTURE","allowed_amounts":[{"tin":{"type":"ein","value":"112830151"},"service_code":["11"],"billing_class":"professional","payments":[{"allowed_amount":10.28,"billing_code_modifier":[""],"providers":[{"billed_charge":60.00,"npi":[1568796928,1952614042]}]}]},{"tin":{"type":"ein","value":"112981029"},"service_code":["81"],"billing_class":"professional","payments":[{"allowed_amount":10.28,"billing_code_modifier":[""],"providers":[{"billed_charge":12.80,"npi":[1154371912,1376587113,1497778427,1538392824]}]}]},{"tin":{"type":"ein","value":"204639316"},"service_code":["11"],"billing_class":"professional","payments":[{"allowed_amount":10.28,"billing_code_modifier":[""],"providers":[{"billed_charge":35.00,"npi":[1194797225]}]}]},{"tin":{"type":"ein","value":"275359883"},"service_code":["55"],"billing_class":"professional","payments":[{"allowed_amount":10.28,"billing_code_modifier":[""],"providers":[{"billed_charge":30.00,"npi":[1396026167,1952730764]}]}]},{"tin":{"type":"ein","value":"382084239"},"service_code":["81"],"billing_class":"professional","payments":[{"allowed_amount":10.28,"billing_code_modifier":[""],"providers":[{"billed_charge":17.98,"npi":[1114118221,1326104613]},{"billed_charge":21.37,"npi":[1033118880,1205002151,1235272428,1417188103,1447568506,1487610929,1558373043,1831232024,1902168610,1932166386]}]},{"allowed_amount":10.28,"billing_code_modifier":[""],"providers":[{"billed_charge":17.98,"npi":[1114118221,1326104613]},{"billed_charge":21.37,"npi":[1033118880,1205002151,1235272428,1417188103,1447568506,1487610929,1558373043,1831232024,1902168610,1932166386]}]}]},{"tin":{"type":"ein","value":"382084239"},"service_code":["81"],"billing_class":"professional","payments":[{"allowed_amount":10.28,"billing_code_modifier":[""],"providers":[{"billed_charge":17.98,"npi":[1114118221,1326104613]},{"billed_charge":21.37,"npi":[1033118880,1205002151,1235272428,1417188103,1447568506,1487610929,1558373043,1831232024,1902168610,1932166386]}]},{"allowed_amount":10.28,"billing_code_modifier":[""],"providers":[{"billed_charge":17.98,"npi":[1114118221,1326104613]},{"billed_charge":21.37,"npi":[1033118880,1205002151,1235272428,1417188103,1447568506,1487610929,1558373043,1831232024,1902168610,1932166386]}]}]},{"tin":{"type":"ein","value":"470995511"},"service_code":["11"],"billing_class":"professional","payments":[{"allowed_amount":10.28,"billing_code_modifier":[""],"providers":[{"billed_charge":30.00,"npi":[1588030100,1750328738]}]}]},{"tin":{"type":"ein","value":"520890739"},"service_code":["81"],"billing_class":"professional","payments":[{"allowed_amount":10.28,"billing_code_modifier":[""],"providers":[{"billed_charge":21.37,"npi":[1245307818,1851688931,1932145778]}]}]},{"tin":{"type":"ein","value":"710897031"},"service_code":["81"],"billing_class":"professional","payments":[{"allowed_amount":10.28,"billing_code_modifier":[""],"providers":[{"billed_charge":22.50,"npi":[1366479099,1689841744]}]}]},{"tin":{"type":"ein","value":"812518950"},"service_code":["11"],"billing_class":"professional","payments":[{"allowed_amount":10.28,"billing_code_modifier":[""],"providers":[{"billed_charge":30.00,"npi":[1033565098,1265003396,1518622323]}]}]},{"tin":{"type":"ein","value":"831279716"},"service_code":["11"],"billing_class":"professional","payments":[{"allowed_amount":10.28,"billing_code_modifier":[""],"providers":[{"billed_charge":30.00,"npi":[1194202358,1265003396]}]}]},{"tin":{"type":"ein","value":"842842319"},"service_code":["81"],"billing_class":"professional","payments":[{"allowed_amount":10.28,"billing_code_modifier":[""],"providers":[{"billed_charge":20.00,"npi":[1821717075,1881226579]}]}]},{"tin":{"type":"ein","value":"850734712"},"service_code":["81"],"billing_class":"professional","payments":[{"allowed_amount":10.28,"billing_code_modifier":[""],"providers":[{"billed_charge":15.00,"npi":[1467516757,1942825633]}]}]},{"tin":{"type":"ein","value":"954794264"},"service_code":["11"],"billing_class":"professional","payments":[{"allowed_amount":10.28,"billing_code_modifier":[""],"providers":[{"billed_charge":60.00,"npi":[1154350320,1235430505]}]}]}]},{"name":"COMPREHENSIVE METABOLIC PANEL","billing_code_type":"CPT","billing_code_type_version":"2020","billing_code":"80053","description":"COMPREHENSIVE METABOLIC PANEL","allowed_amounts":[{"tin":{"type":"ein","value":"133757370"},"service_code":["81"],"billing_class":"professional","payments":[{"allowed_amount":12.67,"billing_code_modifier":[""],"providers":[{"billed_charge":48.30,"npi":[1255407862,1932184322]}]}]},{"tin":{"type":"ein","value":"382084239"},"service_code":["81"],"billing_class":"professional","payments":[{"allowed_amount":12.67,"billing_code_modifier":[""],"providers":[{"billed_charge":88.07,"npi":[1033118880,1114118221,1326104613,1447568506,1487610929,1619962610,1811191638,1831543081,1932166386]}]}]},{"tin":{"type":"ein","value":"454408188"},"service_code":["11"],"billing_class":"professional","payments":[{"allowed_amount":12.67,"billing_code_modifier":[""],"providers":[{"billed_charge":275.00,"npi":[1548471675,1659615045]}]}]},{"tin":{"type":"ein","value":"463599411"},"service_code":["23"],"billing_class":"professional","payments":[{"allowed_amount":0.00,"billing_code_modifier":[""],"providers":[{"billed_charge":19.55,"npi":[1326077710,1386668341]}]}]},{"tin":{"type":"ein","value":"472979550"},"service_code":["81"],"billing_class":"professional","payments":[{"allowed_amount":12.67,"billing_code_modifier":[""],"providers":[{"billed_charge":15.31,"npi":[1659628857,1720660210]}]}]},{"tin":{"type":"ein","value":"520890739"},"service_code":["81"],"billing_class":"professional","payments":[{"allowed_amount":12.67,"billing_code_modifier":[""],"providers":[{"billed_charge":88.07,"npi":[1245307818,1851688931,1932145778]}]}]},{"tin":{"type":"ein","value":"522246842"},"service_code":["23"],"billing_class":"professional","payments":[{"allowed_amount":0.00,"billing_code_modifier":[""],"providers":[{"billed_charge":51.00,"npi":[1477591121,1568404531]}]}]},{"tin":{"type":"ein","value":"541740519"},"service_code":["11"],"billing_class":"professional","payments":[{"allowed_amount":12.67,"billing_code_modifier":[""],"providers":[{"billed_charge":50.00,"npi":[1073543088]}]}]},{"tin":{"type":"ein","value":"591173832"},"service_code":["21"],"billing_class":"professional","payments":[{"allowed_amount":0.00,"billing_code_modifier":[""],"providers":[{"billed_charge":37.00,"npi":[1003881210,1811962194,1831481894]}]}]},{"tin":{"type":"ein","value":"710897031"},"service_code":["81"],"billing_class":"professional","payments":[{"allowed_amount":12.67,"billing_code_modifier":[""],"providers":[{"billed_charge":88.07,"npi":[1366479099,1689841744]}]}]},{"tin":{"type":"ein","value":"812518950"},"service_code":["11"],"billing_class":"professional","payments":[{"allowed_amount":12.67,"billing_code_modifier":[""],"providers":[{"billed_charge":66.00,"npi":[1033565098,1518622323]}]}]},{"tin":{"type":"ein","value":"812681107"},"service_code":["81"],"billing_class":"professional","payments":[{"allowed_amount":12.67,"billing_code_modifier":[""],"providers":[{"billed_charge":105.60,"npi":[1720450026,1760930697]}]}]},{"tin":{"type":"ein","value":"840611484"},"service_code":["81"],"billing_class":"professional","payments":[{"allowed_amount":12.67,"billing_code_modifier":[""],"providers":[{"billed_charge":52.68,"npi":[1255314704,1295918134]}]}]},{"tin":{"type":"ein","value":"842842319"},"service_code":["81"],"billing_class":"professional","payments":[{"allowed_amount":12.67,"billing_code_modifier":[""],"providers":[{"billed_charge":134.50,"npi":[1821717075,1881226579]}]}]},{"tin":{"type":"ein","value":"850734712"},"service_code":["81"],"billing_class":"professional","payments":[{"allowed_amount":12.67,"billing_code_modifier":[""],"providers":[{"billed_charge":53.00,"npi":[1467516757,1942825633]}]}]},{"tin":{"type":"ein","value":"853121369"},"service_code":["81"],"billing_class":"professional","payments":[{"allowed_amount":12.67,"billing_code_modifier":[""],"providers":[{"billed_charge":73.92,"npi":[1326023151,1871531137,1891301073]}]}]},{"tin":{"type":"ein","value":"883107953"},"service_code":["23"],"billing_class":"professional","payments":[{"allowed_amount":0.00,"billing_code_modifier":[""],"providers":[{"billed_charge":35.00,"npi":[1013321280,1093745341,1538656608,1649998824,1770563819,1841272820]}]}]}]},{"name":"COVID-19 LAB TEST NON-CDC HTT","billing_code_type":"HCPCS","billing_code_type_version":"HCPCS LEVEL II 2021","billing_code":"U0004","description":"COVID-19 LAB TEST NON-CDC HTT","allowed_amounts":[{"tin":{"type":"ein","value":"263911659"},"service_code":["81"],"billing_class":"professional","payments":[{"allowed_amount":90.00,"billing_code_modifier":[""],"providers":[{"billed_charge":250.00,"npi":[1518554450,1528091683,1972568962]}]}]},{"tin":{"type":"ein","value":"352539778"},"service_code":["81"],"billing_class":"professional","payments":[{"allowed_amount":90.00,"billing_code_modifier":[""],"providers":[{"billed_charge":100.00,"npi":[1407240799,1780941211,1972971265]}]}]},{"tin":{"type":"ein","value":"464262371"},"service_code":["81"],"billing_class":"professional","payments":[{"allowed_amount":90.00,"billing_code_modifier":[""],"providers":[{"billed_charge":100.00,"npi":[1275551756,1528465929]}]}]},{"tin":{"type":"ein","value":"465330784"},"service_code":["81"],"billing_class":"professional","payments":[{"allowed_amount":90.00,"billing_code_modifier":[""],"providers":[{"billed_charge":125.00,"npi":[1891132916,1932586427]}]}]},{"tin":{"type":"ein","value":"812868546"},"service_code":["81"],"billing_class":"professional","payments":[{"allowed_amount":90.00,"billing_code_modifier":[""],"providers":[{"billed_charge":204.00,"npi":[1447601695,1700492873]}]}]},{"tin":{"type":"ein","value":"831342609"},"service_code":["81"],"billing_class":"professional","payments":[{"allowed_amount":90.00,"billing_code_modifier":[""],"providers":[{"billed_charge":350.00,"npi":[1053541581,1114234465,1356913446,1487815387]}]}]},{"tin":{"type":"ein","value":"841905194"},"service_code":["81"],"billing_class":"professional","payments":[{"allowed_amount":90.00,"billing_code_modifier":[""],"providers":[{"billed_charge":120.00,"npi":[1386240786,1891733374]}]}]},{"tin":{"type":"ein","value":"843414591"},"service_code":["81"],"billing_class":"professional","payments":[{"allowed_amount":90.00,"billing_code_modifier":[""],"providers":[{"billed_charge":150.00,"npi":[1831788892]}]}]},{"tin":{"type":"ein","value":"863093210"},"service_code":["81"],"billing_class":"professional","payments":[{"allowed_amount":90.00,"billing_code_modifier":[""],"providers":[{"billed_charge":300.00,"npi":[1548837149,1568640159]}]}]}]},{"name":"CYANOCOBALAMIN VITAMIN B-12","billing_code_type":"CPT","billing_code_type_version":"2020","billing_code":"82607","description":"CYANOCOBALAMIN VITAMIN B-12","allowed_amounts":[{"tin":{"type":"ein","value":"133757370"},"service_code":["81"],"billing_class":"professional","payments":[{"allowed_amount":18.10,"billing_code_modifier":[""],"providers":[{"billed_charge":103.12,"npi":[1255407862,1932184322]},{"billed_charge":107.50,"npi":[1538144910,1659571313]}]},{"allowed_amount":18.10,"billing_code_modifier":[""],"providers":[{"billed_charge":103.12,"npi":[1255407862,1932184322]},{"billed_charge":107.50,"npi":[1538144910,1659571313]}]}]},{"tin":{"type":"ein","value":"133757370"},"service_code":["81"],"billing_class":"professional","payments":[{"allowed_amount":18.10,"billing_code_modifier":[""],"providers":[{"billed_charge":103.12,"npi":[1255407862,1932184322]},{"billed_charge":107.50,"npi":[1538144910,1659571313]}]},{"allowed_amount":18.10,"billing_code_modifier":[""],"providers":[{"billed_charge":103.12,"npi":[1255407862,1932184322]},{"billed_charge":107.50,"npi":[1538144910,1659571313]}]}]},{"tin":{"type":"ein","value":"203734391"},"service_code":["81"],"billing_class":"professional","payments":[{"allowed_amount":18.10,"billing_code_modifier":[""],"providers":[{"billed_charge":75.40,"npi":[1053584482,1477548295]}]}]},{"tin":{"type":"ein","value":"223137283"},"service_code":["81"],"billing_class":"professional","payments":[{"allowed_amount":18.10,"billing_code_modifier":[""],"providers":[{"billed_charge":120.36,"npi":[1811191620,1841236684]}]}]},{"tin":{"type":"ein","value":"382084239"},"service_code":["81"],"billing_class":"professional","payments":[{"allowed_amount":18.10,"billing_code_modifier":[""],"providers":[{"billed_charge":120.36,"npi":[1033118880,1811191638,1932166386]}]}]},{"tin":{"type":"ein","value":"810576059"},"service_code":["81"],"billing_class":"professional","payments":[{"allowed_amount":18.10,"billing_code_modifier":[""],"providers":[{"billed_charge":63.18,"npi":[1184614380,1235186800]}]}]},{"tin":{"type":"ein","value":"812542375"},"service_code":["81"],"billing_class":"professional","payments":[{"allowed_amount":18.10,"billing_code_modifier":[""],"providers":[{"billed_charge":45.24,"npi":[1386243087,1437605615,1528122678]}]}]},{"tin":{"type":"ein","value":"812681107"},"service_code":["81"],"billing_class":"professional","payments":[{"allowed_amount":18.10,"billing_code_modifier":[""],"providers":[{"billed_charge":150.80,"npi":[1720450026,1760930697]}]}]}]},{"name":"DRUG TEST DEF 1-7 CLASSES","billing_code_type":"HCPCS","billing_code_type_version":"HCPCS LEVEL II 2021","billing_code":"G0480","description":"DRUG TEST DEF 1-7 CLASSES","allowed_amounts":[{"tin":{"type":"ein","value":"452945744"},"service_code":["81"],"billing_class":"professional","payments":[{"allowed_amount":137.32,"billing_code_modifier":[""],"providers":[{"billed_charge":600.00,"npi":[1306125778,1841293271]}]}]},{"tin":{"type":"ein","value":"800270103"},"service_code":["81"],"billing_class":"professional","payments":[{"allowed_amount":137.32,"billing_code_modifier":[""],"providers":[{"billed_charge":343.29,"npi":[1033359336,1649418351]}]}]},{"tin":{"type":"ein","value":"853121369"},"service_code":["81"],"billing_class":"professional","payments":[{"allowed_amount":137.32,"billing_code_modifier":[""],"providers":[{"billed_charge":2500.00,"npi":[1013171206,1265635890,1326023151,1871531137,1891301073]}]}]},{"tin":{"type":"ein","value":"853369665"},"service_code":["11"],"billing_class":"professional","payments":[{"allowed_amount":137.32,"billing_code_modifier":[""],"providers":[{"billed_charge":2000.00,"npi":[1023605581,1497711550]}]}]}]},{"name":"DRUG TEST DEF 22+ CLASSES","billing_code_type":"HCPCS","billing_code_type_version":"HCPCS LEVEL II 2021","billing_code":"G0483","description":"DRUG TEST DEF 22+ CLASSES","allowed_amounts":[{"tin":{"type":"ein","value":"352539778"},"service_code":["81"],"billing_class":"professional","payments":[{"allowed_amount":296.30,"billing_code_modifier":[""],"providers":[{"billed_charge":308.65,"npi":[1366498867,1972971265]}]}]},{"tin":{"type":"ein","value":"455515112"},"service_code":["11"],"billing_class":"professional","payments":[{"allowed_amount":296.30,"billing_code_modifier":[""],"providers":[{"billed_charge":300.00,"npi":[1184971509]}]}]},{"tin":{"type":"ein","value":"472088639"},"service_code":["81"],"billing_class":"professional","payments":[{"allowed_amount":296.30,"billing_code_modifier":[""],"providers":[{"billed_charge":2000.00,"npi":[1609273317,1710216841]}]}]},{"tin":{"type":"ein","value":"474583693"},"service_code":["81"],"billing_class":"professional","payments":[{"allowed_amount":296.30,"billing_code_modifier":[""],"providers":[{"billed_charge":617.30,"npi":[1225413099,1922057876]}]}]},{"tin":{"type":"ein","value":"812681107"},"service_code":["81"],"billing_class":"professional","payments":[{"allowed_amount":296.30,"billing_code_modifier":[""],"providers":[{"billed_charge":3921.28,"npi":[1366495640,1760930697]}]}]},{"tin":{"type":"ein","value":"882274200"},"service_code":["81"],"billing_class":"professional","payments":[{"allowed_amount":296.30,"billing_code_modifier":[""],"providers":[{"billed_charge":300.00,"npi":[1508581919,1841732047]}]}]}]},{"name":"DRUG TEST PRSMV READ DIRECT OPTICAL OBS PR DATE","billing_code_type":"CPT","billing_code_type_version":"2020","billing_code":"80305","description":"DRUG TEST PRSMV READ DIRECT OPTICAL OBS PR DATE","allowed_amounts":[{"tin":{"type":"ein","value":"201101815"},"service_code":["11"],"billing_class":"professional","payments":[{"allowed_amount":15.12,"billing_code_modifier":[""],"providers":[{"billed_charge":50.00,"npi":[1952400798]}]}]},{"tin":{"type":"ein","value":"471751649"},"service_code":["11"],"billing_class":"professional","payments":[{"allowed_amount":15.12,"billing_code_modifier":[""],"providers":[{"billed_charge":1800.00,"npi":[1649659244,1871531137]}]}]},{"tin":{"type":"ein","value":"813107441"},"service_code":["57"],"billing_class":"professional","payments":[{"allowed_amount":15.12,"billing_code_modifier":[""],"providers":[{"billed_charge":1386.00,"npi":[1235192659,1508312968]}]}]}]},{"name":"DRUG TST PRSMV INSTRMNT CHEM ANALYZERS PR DATE","billing_code_type":"CPT","billing_code_type_version":"2020","billing_code":"80307","description":"DRUG TST PRSMV INSTRMNT CHEM ANALYZERS PR DATE","allowed_amounts":[{"tin":{"type":"ein","value":"133757370"},"service_code":["81"],"billing_class":"professional","payments":[{"allowed_amount":74.57,"billing_code_modifier":[""],"providers":[{"billed_charge":381.15,"npi":[1215914288,1487836219]}]}]},{"tin":{"type":"ein","value":"271336864"},"service_code":["11"],"billing_class":"professional","payments":[{"allowed_amount":74.57,"billing_code_modifier":[""],"providers":[{"billed_charge":340.00,"npi":[1508847567]}]}]},{"tin":{"type":"ein","value":"274653051"},"service_code":["81"],"billing_class":"professional","payments":[{"allowed_amount":74.57,"billing_code_modifier":[""],"providers":[{"billed_charge":2400.00,"npi":[1942545421,1962886788]}]}]},{"tin":{"type":"ein","value":"320470589"},"service_code":["81"],"billing_class":"professional","payments":[{"allowed_amount":74.57,"billing_code_modifier":[""],"providers":[{"billed_charge":125.00,"npi":[1346269347,1992160436]}]}]},{"tin":{"type":"ein","value":"472088639"},"service_code":["81"],"billing_class":"professional","payments":[{"allowed_amount":74.57,"billing_code_modifier":[""],"providers":[{"billed_charge":1300.00,"npi":[1609273317,1710216841]}]}]},{"tin":{"type":"ein","value":"474265152"},"service_code":["81"],"billing_class":"professional","payments":[{"allowed_amount":74.57,"billing_code_modifier":[""],"providers":[{"billed_charge":1700.00,"npi":[1235192659,1841656675]}]}]},{"tin":{"type":"ein","value":"474583693"},"service_code":["81"],"billing_class":"professional","payments":[{"allowed_amount":74.57,"billing_code_modifier":[""],"providers":[{"billed_charge":155.35,"npi":[1225413099,1922057876]}]}]},{"tin":{"type":"ein","value":"800270103"},"service_code":["81"],"billing_class":"professional","payments":[{"allowed_amount":74.57,"billing_code_modifier":[""],"providers":[{"billed_charge":186.14,"npi":[1033359336,1649418351]}]}]},{"tin":{"type":"ein","value":"812681107"},"service_code":["81"],"billing_class":"professional","payments":[{"allowed_amount":74.57,"billing_code_modifier":[""],"providers":[{"billed_charge":1775.20,"npi":[1366495640,1720450026,1760930697]}]}]},{"tin":{"type":"ein","value":"814427066"},"service_code":["81"],"billing_class":"professional","payments":[{"allowed_amount":74.57,"billing_code_modifier":[""],"providers":[{"billed_charge":124.28,"npi":[1114095981,1487191573]}]}]},{"tin":{"type":"ein","value":"823268636"},"service_code":["81"],"billing_class":"professional","payments":[{"allowed_amount":74.57,"billing_code_modifier":[""],"providers":[{"billed_charge":807.82,"npi":[1457863391,1932100641]}]}]},{"tin":{"type":"ein","value":"853121369"},"service_code":["81"],"billing_class":"professional","payments":[{"allowed_amount":74.57,"billing_code_modifier":[""],"providers":[{"billed_charge":2300.00,"npi":[1326023151,1871531137,1891301073]}]}]},{"tin":{"type":"ein","value":"853369665"},"service_code":["11"],"billing_class":"professional","payments":[{"allowed_amount":74.57,"billing_code_modifier":[""],"providers":[{"billed_charge":2700.00,"npi":[1023605581,1497711550]}]}]},{"tin":{"type":"ein","value":"854309268"},"service_code":["81"],"billing_class":"professional","payments":[{"allowed_amount":74.57,"billing_code_modifier":[""],"providers":[{"billed_charge":1000.00,"npi":[1346242310,1902546310]}]}]},{"tin":{"type":"ein","value":"880241758"},"service_code":["81"],"billing_class":"professional","payments":[{"allowed_amount":74.57,"billing_code_modifier":[""],"providers":[{"billed_charge":242.00,"npi":[1518029727,1699148544,1699782722]}]}]}]},{"name":"DRUGS REQUIRE SPECIFIC ID: DRUGS REQUIRING DETAIL","billing_code_type":"RC","billing_code_type_version":"UB04","billing_code":"0636","description":"DRUGS REQUIRE SPECIFIC ID: DRUGS REQUIRING DETAIL","allowed_amounts":[{"tin":{"type":"ein","value":"202694671"},"service_code":["65"],"billing_class":"institutional","payments":[{"allowed_amount":15.36,"billing_code_modifier":[""],"providers":[{"billed_charge":291.30,"npi":[1669472254,1912952169]}]}]}]},{"name":"FAMILY PSYCHOTHERAPY W\/PATIENT PRESENT 50 MINS","billing_code_type":"CPT","billing_code_type_version":"2020","billing_code":"90847","description":"FAMILY PSYCHOTHERAPY W\/PATIENT PRESENT 50 MINS","allowed_amounts":[{"tin":{"type":"ein","value":"348465251"},"service_code":["11"],"billing_class":"professional","payments":[{"allowed_amount":132.23,"billing_code_modifier":[""],"providers":[{"billed_charge":350.00,"npi":[1801120837]}]}]},{"tin":{"type":"ein","value":"472304581"},"service_code":["02"],"billing_class":"professional","payments":[{"allowed_amount":132.23,"billing_code_modifier":[""],"providers":[{"billed_charge":225.00,"npi":[1427527043,1669915708]},{"billed_charge":245.00,"npi":[1427527043,1669915708]},{"billed_charge":250.00,"npi":[1427527043,1669915708]}]},{"allowed_amount":132.23,"billing_code_modifier":[""],"providers":[{"billed_charge":225.00,"npi":[1427527043,1669915708]},{"billed_charge":245.00,"npi":[1427527043,1669915708]},{"billed_charge":250.00,"npi":[1427527043,1669915708]}]},{"allowed_amount":132.23,"billing_code_modifier":[""],"providers":[{"billed_charge":225.00,"npi":[1427527043,1669915708]},{"billed_charge":245.00,"npi":[1427527043,1669915708]},{"billed_charge":250.00,"npi":[1427527043,1669915708]}]}]},{"tin":{"type":"ein","value":"472304581"},"service_code":["02"],"billing_class":"professional","payments":[{"allowed_amount":132.23,"billing_code_modifier":[""],"providers":[{"billed_charge":225.00,"npi":[1427527043,1669915708]},{"billed_charge":245.00,"npi":[1427527043,1669915708]},{"billed_charge":250.00,"npi":[1427527043,1669915708]}]},{"allowed_amount":132.23,"billing_code_modifier":[""],"providers":[{"billed_charge":225.00,"npi":[1427527043,1669915708]},{"billed_charge":245.00,"npi":[1427527043,1669915708]},{"billed_charge":250.00,"npi":[1427527043,1669915708]}]},{"allowed_amount":132.23,"billing_code_modifier":[""],"providers":[{"billed_charge":225.00,"npi":[1427527043,1669915708]},{"billed_charge":245.00,"npi":[1427527043,1669915708]},{"billed_charge":250.00,"npi":[1427527043,1669915708]}]}]},{"tin":{"type":"ein","value":"472304581"},"service_code":["02"],"billing_class":"professional","payments":[{"allowed_amount":132.23,"billing_code_modifier":[""],"providers":[{"billed_charge":225.00,"npi":[1427527043,1669915708]},{"billed_charge":245.00,"npi":[1427527043,1669915708]},{"billed_charge":250.00,"npi":[1427527043,1669915708]}]},{"allowed_amount":132.23,"billing_code_modifier":[""],"providers":[{"billed_charge":225.00,"npi":[1427527043,1669915708]},{"billed_charge":245.00,"npi":[1427527043,1669915708]},{"billed_charge":250.00,"npi":[1427527043,1669915708]}]},{"allowed_amount":132.23,"billing_code_modifier":[""],"providers":[{"billed_charge":225.00,"npi":[1427527043,1669915708]},{"billed_charge":245.00,"npi":[1427527043,1669915708]},{"billed_charge":250.00,"npi":[1427527043,1669915708]}]}]}]},{"name":"GROUP PSYCHOTHERAPY","billing_code_type":"CPT","billing_code_type_version":"2020","billing_code":"90853","description":"GROUP PSYCHOTHERAPY","allowed_amounts":[{"tin":{"type":"ein","value":"454083924"},"service_code":["11"],"billing_class":"professional","payments":[{"allowed_amount":30.79,"billing_code_modifier":[""],"providers":[{"billed_charge":100.00,"npi":[1992077341]}]}]}]},{"name":"HEMO OPD\/HOME: HEMODIALYSIS COMP OR OTHER RATE","billing_code_type":"RC","billing_code_type_version":"UB04","billing_code":"0821","description":"HEMO OPD\/HOME: HEMODIALYSIS COMP OR OTHER RATE","allowed_amounts":[{"tin":{"type":"ein","value":"202694671"},"service_code":["65"],"billing_class":"institutional","payments":[{"allowed_amount":289.33,"billing_code_modifier":[""],"providers":[{"billed_charge":5487.00,"npi":[1669472254,1912952169]}]}]},{"tin":{"type":"ein","value":"202694671"},"service_code":["65"],"billing_class":"institutional","payments":[{"allowed_amount":289.35,"billing_code_modifier":[""],"providers":[{"billed_charge":5487.00,"npi":[1669472254,1912952169]}]}]}]},{"name":"HEMOGLOBIN GLYCOSYLATED A1C","billing_code_type":"CPT","billing_code_type_version":"2020","billing_code":"83036","description":"HEMOGLOBIN GLYCOSYLATED A1C","allowed_amounts":[{"tin":{"type":"ein","value":"203734391"},"service_code":["81"],"billing_class":"professional","payments":[{"allowed_amount":11.65,"billing_code_modifier":[""],"providers":[{"billed_charge":48.55,"npi":[1053584482,1477548295]}]}]},{"tin":{"type":"ein","value":"382084239"},"service_code":["81"],"billing_class":"professional","payments":[{"allowed_amount":11.65,"billing_code_modifier":[""],"providers":[{"billed_charge":74.25,"npi":[1033118880,1619962610,1831543081,1891854865,1932166386]}]}]},{"tin":{"type":"ein","value":"454408188"},"service_code":["11"],"billing_class":"professional","payments":[{"allowed_amount":11.65,"billing_code_modifier":[""],"providers":[{"billed_charge":125.00,"npi":[1548471675,1659615045]}]}]},{"tin":{"type":"ein","value":"472979550"},"service_code":["81"],"billing_class":"professional","payments":[{"allowed_amount":11.65,"billing_code_modifier":[""],"providers":[{"billed_charge":14.08,"npi":[1295178358,1659628857,1720660210,1841291028]}]}]},{"tin":{"type":"ein","value":"520847836"},"service_code":["11"],"billing_class":"professional","payments":[{"allowed_amount":11.65,"billing_code_modifier":[""],"providers":[{"billed_charge":25.00,"npi":[1306016035,1588619936]}]}]},{"tin":{"type":"ein","value":"540620889"},"service_code":["81"],"billing_class":"professional","payments":[{"allowed_amount":11.65,"billing_code_modifier":[""],"providers":[{"billed_charge":27.00,"npi":[1174051015,1437596855]}]}]},{"tin":{"type":"ein","value":"710897031"},"service_code":["81"],"billing_class":"professional","payments":[{"allowed_amount":11.65,"billing_code_modifier":[""],"providers":[{"billed_charge":74.25,"npi":[1366479099,1689841744]}]}]},{"tin":{"type":"ein","value":"842842319"},"service_code":["81"],"billing_class":"professional","payments":[{"allowed_amount":11.65,"billing_code_modifier":[""],"providers":[{"billed_charge":136.60,"npi":[1821717075,1881226579]}]}]},{"tin":{"type":"ein","value":"845117964"},"service_code":["81"],"billing_class":"professional","payments":[{"allowed_amount":11.65,"billing_code_modifier":[""],"providers":[{"billed_charge":29.13,"npi":[1811524572,1871568915]}]}]},{"tin":{"type":"ein","value":"850734712"},"service_code":["81"],"billing_class":"professional","payments":[{"allowed_amount":11.65,"billing_code_modifier":[""],"providers":[{"billed_charge":49.00,"npi":[1467516757,1942825633]}]}]}]},{"name":"IADNA NOS AMPLIFIED PROBE TQ EACH ORGANISM","billing_code_type":"CPT","billing_code_type_version":"2020","billing_code":"87798","description":"IADNA NOS AMPLIFIED PROBE TQ EACH ORGANISM","allowed_amounts":[{"tin":{"type":"ein","value":"820934837"},"service_code":["81"],"billing_class":"professional","payments":[{"allowed_amount":40.35,"billing_code_modifier":[""],"providers":[{"billed_charge":40.35,"npi":[1629531769,1639628704]}]}]}]},{"name":"INFEC AGEN DETEC AMPLI PROBE","billing_code_type":"HCPCS","billing_code_type_version":"HCPCS LEVEL II 2021","billing_code":"U0005","description":"INFEC AGEN DETEC AMPLI PROBE","allowed_amounts":[{"tin":{"type":"ein","value":"263911659"},"service_code":["81"],"billing_class":"professional","payments":[{"allowed_amount":30.00,"billing_code_modifier":[""],"providers":[{"billed_charge":150.00,"npi":[1518554450,1528091683,1972568962]}]}]},{"tin":{"type":"ein","value":"352539778"},"service_code":["81"],"billing_class":"professional","payments":[{"allowed_amount":30.00,"billing_code_modifier":[""],"providers":[{"billed_charge":31.25,"npi":[1407240799,1780941211,1972971265]}]}]},{"tin":{"type":"ein","value":"465330784"},"service_code":["81"],"billing_class":"professional","payments":[{"allowed_amount":30.00,"billing_code_modifier":[""],"providers":[{"billed_charge":75.00,"npi":[1891132916,1932586427]}]}]},{"tin":{"type":"ein","value":"472462178"},"service_code":["81"],"billing_class":"professional","payments":[{"allowed_amount":30.00,"billing_code_modifier":[""],"providers":[{"billed_charge":50.00,"npi":[1639311509,1962018374]}]}]},{"tin":{"type":"ein","value":"812868546"},"service_code":["81"],"billing_class":"professional","payments":[{"allowed_amount":30.00,"billing_code_modifier":[""],"providers":[{"billed_charge":50.00,"npi":[1447601695,1700492873]}]}]},{"tin":{"type":"ein","value":"820934837"},"service_code":["81"],"billing_class":"professional","payments":[{"allowed_amount":30.00,"billing_code_modifier":[""],"providers":[{"billed_charge":37.50,"npi":[1629531769,1639628704]}]}]},{"tin":{"type":"ein","value":"830814475"},"service_code":["81"],"billing_class":"professional","payments":[{"allowed_amount":30.00,"billing_code_modifier":[""],"providers":[{"billed_charge":30.00,"npi":[1063932101,1174009245]}]}]},{"tin":{"type":"ein","value":"831342609"},"service_code":["81"],"billing_class":"professional","payments":[{"allowed_amount":30.00,"billing_code_modifier":[""],"providers":[{"billed_charge":100.00,"npi":[1053541581,1114234465,1356913446,1487815387]}]}]},{"tin":{"type":"ein","value":"841905194"},"service_code":["81"],"billing_class":"professional","payments":[{"allowed_amount":30.00,"billing_code_modifier":[""],"providers":[{"billed_charge":40.00,"npi":[1386240786,1891733374]}]}]},{"tin":{"type":"ein","value":"843414591"},"service_code":["81"],"billing_class":"professional","payments":[{"allowed_amount":30.00,"billing_code_modifier":[""],"providers":[{"billed_charge":50.00,"npi":[1831788892]}]}]},{"tin":{"type":"ein","value":"852421177"},"service_code":["81"],"billing_class":"professional","payments":[{"allowed_amount":30.00,"billing_code_modifier":[""],"providers":[{"billed_charge":50.00,"npi":[1043313992,1366048019]}]}]},{"tin":{"type":"ein","value":"861826385"},"service_code":["81"],"billing_class":"professional","payments":[{"allowed_amount":30.00,"billing_code_modifier":[""],"providers":[{"billed_charge":100.00,"npi":[1346914843]}]}]},{"tin":{"type":"ein","value":"863093210"},"service_code":["81"],"billing_class":"professional","payments":[{"allowed_amount":30.00,"billing_code_modifier":[""],"providers":[{"billed_charge":75.00,"npi":[1548837149,1568640159]}]}]}]},{"name":"INJ TESTOSTERONE CYPIONATE","billing_code_type":"HCPCS","billing_code_type_version":"HCPCS LEVEL II 2021","billing_code":"J1071","description":"INJ TESTOSTERONE CYPIONATE","allowed_amounts":[{"tin":{"type":"ein","value":"812518950"},"service_code":["11"],"billing_class":"professional","payments":[{"allowed_amount":6.91,"billing_code_modifier":[""],"providers":[{"billed_charge":36.00,"npi":[1033565098,1265003396,1518622323,1821615261,1871031351]}]}]}]},{"name":"LIPID PANEL","billing_code_type":"CPT","billing_code_type_version":"2020","billing_code":"80061","description":"LIPID PANEL","allowed_amounts":[{"tin":{"type":"ein","value":"223137283"},"service_code":["81"],"billing_class":"professional","payments":[{"allowed_amount":16.07,"billing_code_modifier":[""],"providers":[{"billed_charge":148.10,"npi":[1811191620,1841236684]}]}]},{"tin":{"type":"ein","value":"382084239"},"service_code":["81"],"billing_class":"professional","payments":[{"allowed_amount":16.07,"billing_code_modifier":[""],"providers":[{"billed_charge":137.98,"npi":[1114118221,1326104613]},{"billed_charge":148.10,"npi":[1033118880,1447568506,1487610929,1619962610,1831543081,1891854865,1932166386]}]},{"allowed_amount":16.07,"billing_code_modifier":[""],"providers":[{"billed_charge":137.98,"npi":[1114118221,1326104613]},{"billed_charge":148.10,"npi":[1033118880,1447568506,1487610929,1619962610,1831543081,1891854865,1932166386]}]}]},{"tin":{"type":"ein","value":"382084239"},"service_code":["81"],"billing_class":"professional","payments":[{"allowed_amount":16.07,"billing_code_modifier":[""],"providers":[{"billed_charge":137.98,"npi":[1114118221,1326104613]},{"billed_charge":148.10,"npi":[1033118880,1447568506,1487610929,1619962610,1831543081,1891854865,1932166386]}]},{"allowed_amount":16.07,"billing_code_modifier":[""],"providers":[{"billed_charge":137.98,"npi":[1114118221,1326104613]},{"billed_charge":148.10,"npi":[1033118880,1447568506,1487610929,1619962610,1831543081,1891854865,1932166386]}]}]},{"tin":{"type":"ein","value":"454408188"},"service_code":["11"],"billing_class":"professional","payments":[{"allowed_amount":16.07,"billing_code_modifier":[""],"providers":[{"billed_charge":160.00,"npi":[1548471675,1659615045]}]}]},{"tin":{"type":"ein","value":"472979550"},"service_code":["81"],"billing_class":"professional","payments":[{"allowed_amount":16.07,"billing_code_modifier":[""],"providers":[{"billed_charge":19.42,"npi":[1295178358,1407891807,1659628857,1720660210,1841291028]}]}]},{"tin":{"type":"ein","value":"520890739"},"service_code":["81"],"billing_class":"professional","payments":[{"allowed_amount":16.07,"billing_code_modifier":[""],"providers":[{"billed_charge":148.10,"npi":[1245307818,1851688931,1932145778]}]}]},{"tin":{"type":"ein","value":"540620889"},"service_code":["81"],"billing_class":"professional","payments":[{"allowed_amount":16.07,"billing_code_modifier":[""],"providers":[{"billed_charge":37.00,"npi":[1174051015,1437596855]}]}]},{"tin":{"type":"ein","value":"541740519"},"service_code":["11"],"billing_class":"professional","payments":[{"allowed_amount":16.07,"billing_code_modifier":[""],"providers":[{"billed_charge":40.00,"npi":[1073543088]}]}]},{"tin":{"type":"ein","value":"710897031"},"service_code":["81"],"billing_class":"professional","payments":[{"allowed_amount":16.07,"billing_code_modifier":[""],"providers":[{"billed_charge":154.85,"npi":[1366479099,1689841744]}]}]},{"tin":{"type":"ein","value":"810576059"},"service_code":["81"],"billing_class":"professional","payments":[{"allowed_amount":16.07,"billing_code_modifier":[""],"providers":[{"billed_charge":56.16,"npi":[1184614380,1235186800,1841476736]}]}]},{"tin":{"type":"ein","value":"842842319"},"service_code":["81"],"billing_class":"professional","payments":[{"allowed_amount":16.07,"billing_code_modifier":[""],"providers":[{"billed_charge":168.50,"npi":[1821717075,1881226579]}]}]},{"tin":{"type":"ein","value":"843016042"},"service_code":["81"],"billing_class":"professional","payments":[{"allowed_amount":16.07,"billing_code_modifier":[""],"providers":[{"billed_charge":141.00,"npi":[1407820459,1598315574]}]}]},{"tin":{"type":"ein","value":"845117964"},"service_code":["81"],"billing_class":"professional","payments":[{"allowed_amount":16.07,"billing_code_modifier":[""],"providers":[{"billed_charge":40.17,"npi":[1811524572,1871568915]}]}]},{"tin":{"type":"ein","value":"850734712"},"service_code":["81"],"billing_class":"professional","payments":[{"allowed_amount":16.07,"billing_code_modifier":[""],"providers":[{"billed_charge":67.00,"npi":[1467516757,1942825633]}]}]},{"tin":{"type":"ein","value":"853121369"},"service_code":["81"],"billing_class":"professional","payments":[{"allowed_amount":16.07,"billing_code_modifier":[""],"providers":[{"billed_charge":93.73,"npi":[1871531137,1891301073]}]}]},{"tin":{"type":"ein","value":"882763808"},"service_code":["11"],"billing_class":"professional","payments":[{"allowed_amount":16.07,"billing_code_modifier":[""],"providers":[{"billed_charge":62.00,"npi":[1114654423,1316487994,1386679579]}]}]}]},{"name":"MANUAL THERAPY TQS 1\/> REGIONS EACH 15 MINUTES","billing_code_type":"CPT","billing_code_type_version":"2020","billing_code":"97140","description":"MANUAL THERAPY TQS 1\/> REGIONS EACH 15 MINUTES","allowed_amounts":[{"tin":{"type":"ein","value":"030506747"},"service_code":["11"],"billing_class":"professional","payments":[{"allowed_amount":35.82,"billing_code_modifier":[""],"providers":[{"billed_charge":92.00,"npi":[1063608875,1174577274,1982367819]}]}]},{"tin":{"type":"ein","value":"201715638"},"service_code":["11"],"billing_class":"professional","payments":[{"allowed_amount":36.32,"billing_code_modifier":[""],"providers":[{"billed_charge":75.00,"npi":[1093887390,1477119568]}]}]},{"tin":{"type":"ein","value":"202775993"},"service_code":["11"],"billing_class":"professional","payments":[{"allowed_amount":36.22,"billing_code_modifier":[""],"providers":[{"billed_charge":95.00,"npi":[1003109208,1063454577,1326762568,1629725676]}]}]},{"tin":{"type":"ein","value":"204154737"},"service_code":["11"],"billing_class":"professional","payments":[{"allowed_amount":62.86,"billing_code_modifier":[""],"providers":[{"billed_charge":300.00,"npi":[1609385244,1851484380,1902060619]}]}]},{"tin":{"type":"ein","value":"273104948"},"service_code":["11"],"billing_class":"professional","payments":[{"allowed_amount":71.64,"billing_code_modifier":[""],"providers":[{"billed_charge":326.00,"npi":[1275708943,1518035609,1659921484,1750681201]}]}]},{"tin":{"type":"ein","value":"453211102"},"service_code":["11"],"billing_class":"professional","payments":[{"allowed_amount":35.82,"billing_code_modifier":[""],"providers":[{"billed_charge":120.00,"npi":[1134490881,1194293837,1518686419]}]}]},{"tin":{"type":"ein","value":"521989530"},"service_code":["11"],"billing_class":"professional","payments":[{"allowed_amount":36.32,"billing_code_modifier":[""],"providers":[{"billed_charge":60.00,"npi":[1104869932,1285781229,1609347707,1982648713]}]}]},{"tin":{"type":"ein","value":"824895045"},"service_code":["11"],"billing_class":"professional","payments":[{"allowed_amount":35.82,"billing_code_modifier":[""],"providers":[{"billed_charge":150.00,"npi":[1194162602]}]}]},{"tin":{"type":"ein","value":"922655405"},"service_code":["11"],"billing_class":"professional","payments":[{"allowed_amount":35.82,"billing_code_modifier":[""],"providers":[{"billed_charge":128.00,"npi":[1447466677,1538862552,1982043857]}]}]}]},{"name":"MEDICAL\/SURGICAL SUPPLIES","billing_code_type":"RC","billing_code_type_version":"UB04","billing_code":"0270","description":"MEDICAL\/SURGICAL SUPPLIES","allowed_amounts":[{"tin":{"type":"ein","value":"202694671"},"service_code":["65"],"billing_class":"institutional","payments":[{"allowed_amount":6.83,"billing_code_modifier":[""],"providers":[{"billed_charge":129.55,"npi":[1669472254,1912952169]}]}]}]},{"name":"OFFICE\/OUTPATIENT ESTABLISHED MOD MDM 30-39 MIN","billing_code_type":"CPT","billing_code_type_version":"2020","billing_code":"99214","description":"OFFICE\/OUTPATIENT ESTABLISHED MOD MDM 30-39 MIN","allowed_amounts":[{"tin":{"type":"ein","value":"270429490"},"service_code":["11"],"billing_class":"professional","payments":[{"allowed_amount":170.59,"billing_code_modifier":[""],"providers":[{"billed_charge":220.00,"npi":[1174517478]}]}]},{"tin":{"type":"ein","value":"472373578"},"service_code":["11"],"billing_class":"professional","payments":[{"allowed_amount":170.59,"billing_code_modifier":[""],"providers":[{"billed_charge":180.00,"npi":[1295994051,1396339586]}]}]},{"tin":{"type":"ein","value":"520847836"},"service_code":["11"],"billing_class":"professional","payments":[{"allowed_amount":170.59,"billing_code_modifier":[""],"providers":[{"billed_charge":235.00,"npi":[1306016035,1588619936]}]}]},{"tin":{"type":"ein","value":"521989530"},"service_code":["11"],"billing_class":"professional","payments":[{"allowed_amount":170.59,"billing_code_modifier":[""],"providers":[{"billed_charge":180.00,"npi":[1285781229,1982648713]}]}]},{"tin":{"type":"ein","value":"541334070"},"service_code":["02"],"billing_class":"professional","payments":[{"allowed_amount":170.59,"billing_code_modifier":[""],"providers":[{"billed_charge":345.00,"npi":[1417096249,1487602124]}]}]},{"tin":{"type":"ein","value":"541675853"},"service_code":["02","11"],"billing_class":"professional","payments":[{"allowed_amount":170.59,"billing_code_modifier":[""],"providers":[{"billed_charge":325.00,"npi":[1356435580,1437265667,1568593390]}]}]},{"tin":{"type":"ein","value":"541740519"},"service_code":["11"],"billing_class":"professional","payments":[{"allowed_amount":170.59,"billing_code_modifier":[""],"providers":[{"billed_charge":309.00,"npi":[1073543088]}]}]}]},{"name":"PHARMACY","billing_code_type":"RC","billing_code_type_version":"UB04","billing_code":"0250","description":"PHARMACY","allowed_amounts":[{"tin":{"type":"ein","value":"202694671"},"service_code":["65"],"billing_class":"institutional","payments":[{"allowed_amount":0.05,"billing_code_modifier":[""],"providers":[{"billed_charge":0.90,"npi":[1669472254,1912952169]}]}]},{"tin":{"type":"ein","value":"202694671"},"service_code":["65"],"billing_class":"institutional","payments":[{"allowed_amount":0.09,"billing_code_modifier":[""],"providers":[{"billed_charge":1.80,"npi":[1669472254,1912952169]}]}]},{"tin":{"type":"ein","value":"952977916"},"service_code":["65"],"billing_class":"institutional","payments":[{"allowed_amount":0.04,"billing_code_modifier":[""],"providers":[{"billed_charge":0.90,"npi":[1033179395,1073577128,1669632782]}]}]},{"tin":{"type":"ein","value":"952977916"},"service_code":["65"],"billing_class":"institutional","payments":[{"allowed_amount":0.05,"billing_code_modifier":[""],"providers":[{"billed_charge":0.90,"npi":[1033179395,1073577128,1669632782]},{"billed_charge":1.30,"npi":[1033179395,1073577128,1669632782]}]},{"allowed_amount":0.05,"billing_code_modifier":[""],"providers":[{"billed_charge":0.90,"npi":[1033179395,1073577128,1669632782]},{"billed_charge":1.30,"npi":[1033179395,1073577128,1669632782]}]}]},{"tin":{"type":"ein","value":"952977916"},"service_code":["65"],"billing_class":"institutional","payments":[{"allowed_amount":0.05,"billing_code_modifier":[""],"providers":[{"billed_charge":0.90,"npi":[1033179395,1073577128,1669632782]},{"billed_charge":1.30,"npi":[1033179395,1073577128,1669632782]}]},{"allowed_amount":0.05,"billing_code_modifier":[""],"providers":[{"billed_charge":0.90,"npi":[1033179395,1073577128,1669632782]},{"billed_charge":1.30,"npi":[1033179395,1073577128,1669632782]}]}]}]},{"name":"PSYCHIATRIC\/PSYCHOLOGICAL SVCS: PARTIAL HOSP - INT","billing_code_type":"RC","billing_code_type_version":"UB04","billing_code":"0913","description":"PSYCHIATRIC\/PSYCHOLOGICAL SVCS: PARTIAL HOSP - INT","allowed_amounts":[{"tin":{"type":"ein","value":"851190181"},"service_code":["22"],"billing_class":"institutional","payments":[{"allowed_amount":715.63,"billing_code_modifier":[""],"providers":[{"billed_charge":2600.00,"npi":[1093338816,1497711550]}]}]}]},{"name":"PSYCHIATRIC\/PSYCHOLOGICAL SVCS: PARTIAL HOSP - LES","billing_code_type":"RC","billing_code_type_version":"UB04","billing_code":"0912","description":"PSYCHIATRIC\/PSYCHOLOGICAL SVCS: PARTIAL HOSP - LES","allowed_amounts":[{"tin":{"type":"ein","value":"471751649"},"service_code":["22"],"billing_class":"institutional","payments":[{"allowed_amount":581.38,"billing_code_modifier":[""],"providers":[{"billed_charge":3445.00,"npi":[1790188902]}]}]},{"tin":{"type":"ein","value":"813107441"},"service_code":["22"],"billing_class":"institutional","payments":[{"allowed_amount":581.38,"billing_code_modifier":[""],"providers":[{"billed_charge":2655.00,"npi":[1508312968]}]}]},{"tin":{"type":"ein","value":"822511375"},"service_code":["22"],"billing_class":"institutional","payments":[{"allowed_amount":581.38,"billing_code_modifier":[""],"providers":[{"billed_charge":3195.00,"npi":[1194241497]}]}]},{"tin":{"type":"ein","value":"852062894"},"service_code":["22"],"billing_class":"institutional","payments":[{"allowed_amount":581.38,"billing_code_modifier":[""],"providers":[{"billed_charge":3195.00,"npi":[1477166494]}]}]},{"tin":{"type":"ein","value":"954628972"},"service_code":["22"],"billing_class":"institutional","payments":[{"allowed_amount":296.47,"billing_code_modifier":[""],"providers":[{"billed_charge":1164.00,"npi":[1306890538,1548700016]}]}]}]},{"name":"PSYCHIATRIC\/PSYCHOLOGICAL TRT: INTENSIVE OUT SERV","billing_code_type":"RC","billing_code_type_version":"UB04","billing_code":"0906","description":"PSYCHIATRIC\/PSYCHOLOGICAL TRT: INTENSIVE OUT SERV","allowed_amounts":[{"tin":{"type":"ein","value":"842830031"},"service_code":["22"],"billing_class":"institutional","payments":[{"allowed_amount":317.17,"billing_code_modifier":[""],"providers":[{"billed_charge":2295.00,"npi":[1245345743,1780253757]}]}]},{"tin":{"type":"ein","value":"851190181"},"service_code":["22"],"billing_class":"institutional","payments":[{"allowed_amount":291.07,"billing_code_modifier":[""],"providers":[{"billed_charge":2300.00,"npi":[1093338816,1497711550]}]}]}]},{"name":"PSYCHIATRIC\/PSYCHOLOGICAL TRT: INTENSIVE OUTPATIEN","billing_code_type":"RC","billing_code_type_version":"UB04","billing_code":"0905","description":"PSYCHIATRIC\/PSYCHOLOGICAL TRT: INTENSIVE OUTPATIEN","allowed_amounts":[{"tin":{"type":"ein","value":"844416539"},"service_code":["22"],"billing_class":"institutional","payments":[{"allowed_amount":206.65,"billing_code_modifier":[""],"providers":[{"billed_charge":800.00,"npi":[1770185308]}]}]}]},{"name":"PSYCHOTHERAPY W\/PATIENT 45 MINUTES","billing_code_type":"CPT","billing_code_type_version":"2020","billing_code":"90834","description":"PSYCHOTHERAPY W\/PATIENT 45 MINUTES","allowed_amounts":[{"tin":{"type":"ein","value":"217708654"},"service_code":["02"],"billing_class":"professional","payments":[{"allowed_amount":128.08,"billing_code_modifier":[""],"providers":[{"billed_charge":270.00,"npi":[1548402902]}]}]},{"tin":{"type":"ein","value":"224684555"},"service_code":["11"],"billing_class":"professional","payments":[{"allowed_amount":128.08,"billing_code_modifier":[""],"providers":[{"billed_charge":250.00,"npi":[1720514227]}]}]},{"tin":{"type":"ein","value":"270556639"},"service_code":["02"],"billing_class":"professional","payments":[{"allowed_amount":121.40,"billing_code_modifier":[""],"providers":[{"billed_charge":225.00,"npi":[1376773614,1689028805]}]}]},{"tin":{"type":"ein","value":"541334070"},"service_code":["02"],"billing_class":"professional","payments":[{"allowed_amount":128.08,"billing_code_modifier":[""],"providers":[{"billed_charge":210.00,"npi":[1417096249,1508053547]}]}]},{"tin":{"type":"ein","value":"811869907"},"service_code":["11"],"billing_class":"professional","payments":[{"allowed_amount":129.20,"billing_code_modifier":[""],"providers":[{"billed_charge":225.00,"npi":[1306340013,1558863761]}]}]},{"tin":{"type":"ein","value":"830392795"},"service_code":["02"],"billing_class":"professional","payments":[{"allowed_amount":128.08,"billing_code_modifier":[""],"providers":[{"billed_charge":200.00,"npi":[1881622975]}]}]},{"tin":{"type":"ein","value":"863411953"},"service_code":["11"],"billing_class":"professional","payments":[{"allowed_amount":128.08,"billing_code_modifier":[""],"providers":[{"billed_charge":150.00,"npi":[1548738222]}]}]}]},{"name":"PSYCHOTHERAPY W\/PATIENT 60 MINUTES","billing_code_type":"CPT","billing_code_type_version":"2020","billing_code":"90837","description":"PSYCHOTHERAPY W\/PATIENT 60 MINUTES","allowed_amounts":[{"tin":{"type":"ein","value":"213942903"},"service_code":["11"],"billing_class":"professional","payments":[{"allowed_amount":179.59,"billing_code_modifier":[""],"providers":[{"billed_charge":300.00,"npi":[1891989554]}]}]},{"tin":{"type":"ein","value":"874585391"},"service_code":["11"],"billing_class":"professional","payments":[{"allowed_amount":179.59,"billing_code_modifier":[""],"providers":[{"billed_charge":190.00,"npi":[1114235793,1114673654]}]}]}]},{"name":"RESIDENTIAL TREATMENT-CHEMICAL DEPENDENCY","billing_code_type":"RC","billing_code_type_version":"UB04","billing_code":"1002","description":"RESIDENTIAL TREATMENT-CHEMICAL DEPENDENCY","allowed_amounts":[{"tin":{"type":"ein","value":"611914073"},"service_code":["21"],"billing_class":"institutional","payments":[{"allowed_amount":4345.00,"billing_code_modifier":[""],"providers":[{"billed_charge":4345.00,"npi":[1508408378,1871559385]}]}]},{"tin":{"type":"ein","value":"824808557"},"service_code":["21"],"billing_class":"institutional","payments":[{"allowed_amount":4695.00,"billing_code_modifier":[""],"providers":[{"billed_charge":4695.00,"npi":[1326023151,1891318077]}]}]}]},{"name":"SARS-COV-2 COVID-19 AMP PRB HTT","billing_code_type":"HCPCS","billing_code_type_version":"HCPCS LEVEL II 2021","billing_code":"U0003","description":"SARS-COV-2 COVID-19 AMP PRB HTT","allowed_amounts":[{"tin":{"type":"ein","value":"472462178"},"service_code":["81"],"billing_class":"professional","payments":[{"allowed_amount":90.00,"billing_code_modifier":[""],"providers":[{"billed_charge":250.00,"npi":[1639311509,1962018374]}]}]},{"tin":{"type":"ein","value":"473727159"},"service_code":["81"],"billing_class":"professional","payments":[{"allowed_amount":90.00,"billing_code_modifier":[""],"providers":[{"billed_charge":125.00,"npi":[1003300781,1154843878,1356710941,1558987792,1881360493,1912521568]}]}]},{"tin":{"type":"ein","value":"820934837"},"service_code":["81"],"billing_class":"professional","payments":[{"allowed_amount":90.00,"billing_code_modifier":[""],"providers":[{"billed_charge":112.50,"npi":[1629531769,1639628704]}]}]},{"tin":{"type":"ein","value":"821445590"},"service_code":["81"],"billing_class":"professional","payments":[{"allowed_amount":90.00,"billing_code_modifier":[""],"providers":[{"billed_charge":150.00,"npi":[1518502889,1962921445]}]}]},{"tin":{"type":"ein","value":"830814475"},"service_code":["81"],"billing_class":"professional","payments":[{"allowed_amount":90.00,"billing_code_modifier":[""],"providers":[{"billed_charge":90.00,"npi":[1063932101,1174009245]}]}]},{"tin":{"type":"ein","value":"852421177"},"service_code":["81"],"billing_class":"professional","payments":[{"allowed_amount":90.00,"billing_code_modifier":[""],"providers":[{"billed_charge":200.00,"npi":[1043313992,1366048019]}]}]},{"tin":{"type":"ein","value":"853121369"},"service_code":["81"],"billing_class":"professional","payments":[{"allowed_amount":90.00,"billing_code_modifier":[""],"providers":[{"billed_charge":250.00,"npi":[1326023151,1891301073]}]}]},{"tin":{"type":"ein","value":"861826385"},"service_code":["81"],"billing_class":"professional","payments":[{"allowed_amount":90.00,"billing_code_modifier":[""],"providers":[{"billed_charge":300.00,"npi":[1346914843]}]}]},{"tin":{"type":"ein","value":"880241758"},"service_code":["81"],"billing_class":"professional","payments":[{"allowed_amount":90.00,"billing_code_modifier":[""],"providers":[{"billed_charge":100.00,"npi":[1053316364,1124417357,1801082482,1821068420]}]}]},{"tin":{"type":"ein","value":"942854057"},"service_code":["81"],"billing_class":"professional","payments":[{"allowed_amount":90.00,"billing_code_modifier":[""],"providers":[{"billed_charge":145.00,"npi":[1447246244,1720029960]}]}]}]},{"name":"SBSQ HOSPITAL IP\/OBS CARE HIGH MDM 50 MINUTES","billing_code_type":"CPT","billing_code_type_version":"2020","billing_code":"99233","description":"SBSQ HOSPITAL IP\/OBS CARE HIGH MDM 50 MINUTES","allowed_amounts":[{"tin":{"type":"ein","value":"274873790"},"service_code":["21"],"billing_class":"professional","payments":[{"allowed_amount":129.12,"billing_code_modifier":[""],"providers":[{"billed_charge":377.00,"npi":[1699092304,1760424261,1942507405,1982865770]}]}]},{"tin":{"type":"ein","value":"463495681"},"service_code":["21"],"billing_class":"professional","payments":[{"allowed_amount":129.12,"billing_code_modifier":[""],"providers":[{"billed_charge":347.00,"npi":[1386009108,1659705424,1972917847]}]}]}]},{"name":"SPECIMEN COLLECT COVID-19","billing_code_type":"HCPCS","billing_code_type_version":"HCPCS LEVEL II 2021","billing_code":"G2023","description":"SPECIMEN COLLECT COVID-19","allowed_amounts":[{"tin":{"type":"ein","value":"361924025"},"service_code":["81"],"billing_class":"professional","payments":[{"allowed_amount":28.15,"billing_code_modifier":[""],"providers":[{"billed_charge":28.99,"npi":[1609291343,1821068420]}]}]},{"tin":{"type":"ein","value":"821445590"},"service_code":["81"],"billing_class":"professional","payments":[{"allowed_amount":28.15,"billing_code_modifier":[""],"providers":[{"billed_charge":50.00,"npi":[1518502889,1962921445]}]}]},{"tin":{"type":"ein","value":"831342609"},"service_code":["81"],"billing_class":"professional","payments":[{"allowed_amount":28.15,"billing_code_modifier":[""],"providers":[{"billed_charge":50.00,"npi":[1053541581,1114234465,1356913446,1487815387]}]}]},{"tin":{"type":"ein","value":"841905194"},"service_code":["81"],"billing_class":"professional","payments":[{"allowed_amount":28.15,"billing_code_modifier":[""],"providers":[{"billed_charge":40.00,"npi":[1386240786,1891733374]}]}]},{"tin":{"type":"ein","value":"843414591"},"service_code":["81"],"billing_class":"professional","payments":[{"allowed_amount":28.15,"billing_code_modifier":[""],"providers":[{"billed_charge":40.00,"npi":[1831788892]}]}]},{"tin":{"type":"ein","value":"851729048"},"service_code":["11"],"billing_class":"professional","payments":[{"allowed_amount":28.15,"billing_code_modifier":[""],"providers":[{"billed_charge":80.00,"npi":[1750970109,1952400715]}]}]},{"tin":{"type":"ein","value":"852421177"},"service_code":["81"],"billing_class":"professional","payments":[{"allowed_amount":28.15,"billing_code_modifier":[""],"providers":[{"billed_charge":48.00,"npi":[1043313992,1366048019]}]}]}]},{"name":"THER PX 1\/> AREAS EACH 15 MIN NEUROMUSC REEDUCA","billing_code_type":"CPT","billing_code_type_version":"2020","billing_code":"97112","description":"THER PX 1\/> AREAS EACH 15 MIN NEUROMUSC REEDUCA","allowed_amounts":[{"tin":{"type":"ein","value":"030506747"},"service_code":["11"],"billing_class":"professional","payments":[{"allowed_amount":44.87,"billing_code_modifier":[""],"providers":[{"billed_charge":135.00,"npi":[1063608875,1174577274,1982367819]}]}]},{"tin":{"type":"ein","value":"202775993"},"service_code":["11"],"billing_class":"professional","payments":[{"allowed_amount":90.53,"billing_code_modifier":[""],"providers":[{"billed_charge":194.00,"npi":[1003109208,1063454577,1326762568,1629725676]}]}]},{"tin":{"type":"ein","value":"453211102"},"service_code":["11"],"billing_class":"professional","payments":[{"allowed_amount":44.87,"billing_code_modifier":[""],"providers":[{"billed_charge":135.00,"npi":[1134490881,1194293837]}]}]},{"tin":{"type":"ein","value":"521989530"},"service_code":["11"],"billing_class":"professional","payments":[{"allowed_amount":45.52,"billing_code_modifier":[""],"providers":[{"billed_charge":55.00,"npi":[1104869932,1285781229,1609347707,1982648713]}]}]},{"tin":{"type":"ein","value":"824895045"},"service_code":["11"],"billing_class":"professional","payments":[{"allowed_amount":44.87,"billing_code_modifier":[""],"providers":[{"billed_charge":150.00,"npi":[1194162602]}]}]},{"tin":{"type":"ein","value":"922655405"},"service_code":["11"],"billing_class":"professional","payments":[{"allowed_amount":44.87,"billing_code_modifier":[""],"providers":[{"billed_charge":160.00,"npi":[1447466677,1538862552,1982043857]}]}]}]},{"name":"THERAPEUT ACTVITY DIRECT PT CONTACT EACH 15 MIN","billing_code_type":"CPT","billing_code_type_version":"2020","billing_code":"97530","description":"THERAPEUT ACTVITY DIRECT PT CONTACT EACH 15 MIN","allowed_amounts":[{"tin":{"type":"ein","value":"412238287"},"service_code":["11"],"billing_class":"professional","payments":[{"allowed_amount":202.85,"billing_code_modifier":[""],"providers":[{"billed_charge":360.00,"npi":[1497046510,1598419947]}]}]},{"tin":{"type":"ein","value":"831625773"},"service_code":["11"],"billing_class":"professional","payments":[{"allowed_amount":97.30,"billing_code_modifier":[""],"providers":[{"billed_charge":100.00,"npi":[1295320547,1417994708,1649682352]}]}]},{"tin":{"type":"ein","value":"852239881"},"service_code":["11"],"billing_class":"professional","payments":[{"allowed_amount":202.85,"billing_code_modifier":[""],"providers":[{"billed_charge":440.00,"npi":[1538518048,1588911317]}]}]}]},{"name":"THERAPEUTIC PROPHYLACTIC\/DX INJECTION SUBQ\/IM","billing_code_type":"CPT","billing_code_type_version":"2020","billing_code":"96372","description":"THERAPEUTIC PROPHYLACTIC\/DX INJECTION SUBQ\/IM","allowed_amounts":[{"tin":{"type":"ein","value":"812518950"},"service_code":["11"],"billing_class":"professional","payments":[{"allowed_amount":15.54,"billing_code_modifier":[""],"providers":[{"billed_charge":80.00,"npi":[1033565098,1265003396,1518622323,1821615261,1871031351]}]}]},{"tin":{"type":"ein","value":"831279716"},"service_code":["11"],"billing_class":"professional","payments":[{"allowed_amount":15.54,"billing_code_modifier":[""],"providers":[{"billed_charge":80.00,"npi":[1194202358,1265003396]}]}]}]},{"name":"THERAPEUTIC PX 1\/> AREAS EACH 15 MIN EXERCISES","billing_code_type":"CPT","billing_code_type_version":"2020","billing_code":"97110","description":"THERAPEUTIC PX 1\/> AREAS EACH 15 MIN EXERCISES","allowed_amounts":[{"tin":{"type":"ein","value":"030506747"},"service_code":["11"],"billing_class":"professional","payments":[{"allowed_amount":78.02,"billing_code_modifier":[""],"providers":[{"billed_charge":300.00,"npi":[1063608875,1174577274,1982367819]}]}]},{"tin":{"type":"ein","value":"201715638"},"service_code":["11"],"billing_class":"professional","payments":[{"allowed_amount":39.56,"billing_code_modifier":[""],"providers":[{"billed_charge":75.00,"npi":[1093887390,1477119568,1548211840]}]}]},{"tin":{"type":"ein","value":"201715638"},"service_code":["11"],"billing_class":"professional","payments":[{"allowed_amount":79.13,"billing_code_modifier":[""],"providers":[{"billed_charge":150.00,"npi":[1093887390,1477119568]}]}]},{"tin":{"type":"ein","value":"202775993"},"service_code":["11"],"billing_class":"professional","payments":[{"allowed_amount":78.79,"billing_code_modifier":[""],"providers":[{"billed_charge":194.00,"npi":[1003109208,1063454577,1326762568,1629725676]}]}]},{"tin":{"type":"ein","value":"273104948"},"service_code":["11"],"billing_class":"professional","payments":[{"allowed_amount":78.02,"billing_code_modifier":[""],"providers":[{"billed_charge":398.00,"npi":[1275708943,1518035609,1659921484,1750681201]}]}]},{"tin":{"type":"ein","value":"453211102"},"service_code":["11"],"billing_class":"professional","payments":[{"allowed_amount":78.02,"billing_code_modifier":[""],"providers":[{"billed_charge":300.00,"npi":[1134490881,1194293837]}]}]},{"tin":{"type":"ein","value":"521989530"},"service_code":["11"],"billing_class":"professional","payments":[{"allowed_amount":39.56,"billing_code_modifier":[""],"providers":[{"billed_charge":50.00,"npi":[1104869932,1285781229,1295732915,1982648713]}]}]},{"tin":{"type":"ein","value":"521989530"},"service_code":["11"],"billing_class":"professional","payments":[{"allowed_amount":79.13,"billing_code_modifier":[""],"providers":[{"billed_charge":100.00,"npi":[1104869932,1285781229,1609347707,1982648713]}]}]},{"tin":{"type":"ein","value":"922655405"},"service_code":["11"],"billing_class":"professional","payments":[{"allowed_amount":78.02,"billing_code_modifier":[""],"providers":[{"billed_charge":280.00,"npi":[1447466677,1538862552,1982043857]}]}]}]},{"name":"TX SPEECH LANG VOICE COMMJ &\/AUDITORY PROC IND","billing_code_type":"CPT","billing_code_type_version":"2020","billing_code":"92507","description":"TX SPEECH LANG VOICE COMMJ &\/AUDITORY PROC IND","allowed_amounts":[{"tin":{"type":"ein","value":"832937361"},"service_code":["11"],"billing_class":"professional","payments":[{"allowed_amount":300.82,"billing_code_modifier":[""],"providers":[{"billed_charge":375.00,"npi":[1184285348,1639880586,1750390787]}]}]}]},{"name":"URNLS DIP STICK\/TABLET REAGENT AUTO MICROSCOPY","billing_code_type":"CPT","billing_code_type_version":"2020","billing_code":"81001","description":"URNLS DIP STICK\/TABLET REAGENT AUTO MICROSCOPY","allowed_amounts":[{"tin":{"type":"ein","value":"112981029"},"service_code":["81"],"billing_class":"professional","payments":[{"allowed_amount":3.80,"billing_code_modifier":[""],"providers":[{"billed_charge":21.25,"npi":[1376587113,1578508420]}]}]},{"tin":{"type":"ein","value":"133757370"},"service_code":["81"],"billing_class":"professional","payments":[{"allowed_amount":3.80,"billing_code_modifier":[""],"providers":[{"billed_charge":37.80,"npi":[1255407862,1932184322]}]}]},{"tin":{"type":"ein","value":"275359883"},"service_code":["55"],"billing_class":"professional","payments":[{"allowed_amount":3.80,"billing_code_modifier":[""],"providers":[{"billed_charge":31.70,"npi":[1396026167,1952730764]}]}]},{"tin":{"type":"ein","value":"382084239"},"service_code":["81"],"billing_class":"professional","payments":[{"allowed_amount":3.80,"billing_code_modifier":[""],"providers":[{"billed_charge":47.59,"npi":[1891854865,1932166386]}]}]},{"tin":{"type":"ein","value":"472979550"},"service_code":["81"],"billing_class":"professional","payments":[{"allowed_amount":3.80,"billing_code_modifier":[""],"providers":[{"billed_charge":4.60,"npi":[1720660210,1841291028]}]}]},{"tin":{"type":"ein","value":"540620889"},"service_code":["81"],"billing_class":"professional","payments":[{"allowed_amount":3.80,"billing_code_modifier":[""],"providers":[{"billed_charge":9.00,"npi":[1174051015,1437596855]}]}]},{"tin":{"type":"ein","value":"840611484"},"service_code":["81"],"billing_class":"professional","payments":[{"allowed_amount":3.80,"billing_code_modifier":[""],"providers":[{"billed_charge":32.55,"npi":[1114978657,1255314704]}]}]},{"tin":{"type":"ein","value":"843016042"},"service_code":["81"],"billing_class":"professional","payments":[{"allowed_amount":3.80,"billing_code_modifier":[""],"providers":[{"billed_charge":75.00,"npi":[1407820459,1598315574]}]}]},{"tin":{"type":"ein","value":"850734712"},"service_code":["81"],"billing_class":"professional","payments":[{"allowed_amount":3.80,"billing_code_modifier":[""],"providers":[{"billed_charge":93.00,"npi":[1467516757,1942825633]}]}]},{"tin":{"type":"ein","value":"853121369"},"service_code":["81"],"billing_class":"professional","payments":[{"allowed_amount":3.80,"billing_code_modifier":[""],"providers":[{"billed_charge":22.40,"npi":[1326023151,1871531137,1891301073]}]}]}]}]}
