{"reporting_entity_name": "IEC Group_DBA AmeriBen",
	"reporting_entity_type": "Third Party Administrator",
	"plan_name": "S NEW HAMPSHIRE HEALTH SYSTEM",
	"plan_id_type": "ein",
	"plan_id": "020483054",
	"plan_market_type": "group",
	"last_updated_on": "2024-05-02","Version": "1.0.0","out_of_network":[{"name":"ADAPTIVE BEHAVIOR TX BY PROTOCOL TECH EA 15 MIN","billing_code_type":"CPT","billing_code_type_version":"2020","billing_code":"97153","description":"ADAPTIVE BEHAVIOR TX BY PROTOCOL TECH EA 15 MIN","allowed_amounts":[{"tin":{"type":"ein","value":"863661185"},"service_code":["03","12","99"],"billing_class":"professional","payments":[{"allowed_amount":2436.75,"billing_code_modifier":[""],"providers":[{"billed_charge":2565.00,"npi":[1124722707,1972187250]}]}]},{"tin":{"type":"ein","value":"863661185"},"service_code":["03","99"],"billing_class":"professional","payments":[{"allowed_amount":1895.25,"billing_code_modifier":[""],"providers":[{"billed_charge":1995.00,"npi":[1124722707,1972187250]}]}]},{"tin":{"type":"ein","value":"863661185"},"service_code":["03","99"],"billing_class":"professional","payments":[{"allowed_amount":2166.00,"billing_code_modifier":[""],"providers":[{"billed_charge":2280.00,"npi":[1124722707,1972187250]}]}]},{"tin":{"type":"ein","value":"863661185"},"service_code":["11","12"],"billing_class":"professional","payments":[{"allowed_amount":3249.00,"billing_code_modifier":[""],"providers":[{"billed_charge":3420.00,"npi":[1124722707,1730808320,1972187250]}]}]},{"tin":{"type":"ein","value":"863661185"},"service_code":["11","12"],"billing_class":"professional","payments":[{"allowed_amount":3519.75,"billing_code_modifier":[""],"providers":[{"billed_charge":3705.00,"npi":[1730808320,1972187250]}]}]},{"tin":{"type":"ein","value":"863661185"},"service_code":["12"],"billing_class":"professional","payments":[{"allowed_amount":4602.75,"billing_code_modifier":[""],"providers":[{"billed_charge":4845.00,"npi":[1124722707,1396458667,1972187250]}]}]}]},{"name":"DRUG TST DEFINITV DR ID METH P DAY 22\/MORE DR CL","billing_code_type":"HCPCS","billing_code_type_version":"HCPCS LEVEL II 2021","billing_code":"G0483","description":"DRUG TST DEFINITV DR ID METH P DAY 22\/MORE DR CL","allowed_amounts":[{"tin":{"type":"ein","value":"384090520"},"service_code":["81"],"billing_class":"professional","payments":[{"allowed_amount":117.21,"billing_code_modifier":[""],"providers":[{"billed_charge":2599.00,"npi":[1780153668,1881742047]}]}]}]},{"name":"FAMILY PSYCHOTHERAPY W\/PATIENT PRESENT 50 MINS","billing_code_type":"CPT","billing_code_type_version":"2020","billing_code":"90847","description":"FAMILY PSYCHOTHERAPY W\/PATIENT PRESENT 50 MINS","allowed_amounts":[{"tin":{"type":"ein","value":"001640724"},"service_code":["02"],"billing_class":"professional","payments":[{"allowed_amount":112.41,"billing_code_modifier":[""],"providers":[{"billed_charge":150.00,"npi":[1003913641]},{"billed_charge":175.00,"npi":[1003913641]}]},{"allowed_amount":112.41,"billing_code_modifier":[""],"providers":[{"billed_charge":150.00,"npi":[1003913641]},{"billed_charge":175.00,"npi":[1003913641]}]}]},{"tin":{"type":"ein","value":"001640724"},"service_code":["02"],"billing_class":"professional","payments":[{"allowed_amount":112.41,"billing_code_modifier":[""],"providers":[{"billed_charge":150.00,"npi":[1003913641]},{"billed_charge":175.00,"npi":[1003913641]}]},{"allowed_amount":112.41,"billing_code_modifier":[""],"providers":[{"billed_charge":150.00,"npi":[1003913641]},{"billed_charge":175.00,"npi":[1003913641]}]}]}]},{"name":"RESIDENTIAL TREATMENT-CHEMICAL DEPENDENCY","billing_code_type":"RC","billing_code_type_version":"UB04","billing_code":"1002","description":"RESIDENTIAL TREATMENT-CHEMICAL DEPENDENCY","allowed_amounts":[{"tin":{"type":"ein","value":"850868526"},"service_code":["21"],"billing_class":"institutional","payments":[{"allowed_amount":3079.00,"billing_code_modifier":[""],"providers":[{"billed_charge":5450.00,"npi":[1144831355,1881742047]}]}]}]},{"name":"RESIDENTIAL TREATMENT-PSYCHIATRIC","billing_code_type":"RC","billing_code_type_version":"UB04","billing_code":"1001","description":"RESIDENTIAL TREATMENT-PSYCHIATRIC","allowed_amounts":[{"tin":{"type":"ein","value":"161634939"},"service_code":["21","99"],"billing_class":"institutional","payments":[{"allowed_amount":2407.00,"billing_code_modifier":[""],"providers":[{"billed_charge":4150.00,"npi":[1346792835,1598811937]}]}]}]}]}
