{"reporting_entity_name": "IEC Group_DBA AmeriBen",
	"reporting_entity_type": "Third Party Administrator",
	"plan_name": "NEW BELGIUM BREWING",
	"plan_id_type": "ein",
	"plan_id": "841225570",
	"plan_market_type": "group",
	"last_updated_on": "2024-06-01","Version": "1.0.0","out_of_network":[{"name":"RESIDENTIAL TREATMENT-CHEMICAL DEPENDENCY","billing_code_type":"RC","billing_code_type_version":"UB04","billing_code":"1002","description":"RESIDENTIAL TREATMENT-CHEMICAL DEPENDENCY","allowed_amounts":[{"tin":{"type":"ein","value":"854395549"},"service_code":["21"],"billing_class":"institutional","payments":[{"allowed_amount":606.00,"billing_code_modifier":[""],"providers":[{"billed_charge":4000.00,"npi":[1235107772,1477134385]}]}]}]}]}
