{"reporting_entity_name": "IEC Group_DBA AmeriBen",
	"reporting_entity_type": "Third Party Administrator",
	"plan_name": "RUSSELL SIGLER INC",
	"plan_id_type": "ein",
	"plan_id": "860223222",
	"plan_market_type": "group",
	"last_updated_on": "2023-09-01","Version": "1.0.0","out_of_network":[{"name":"PSYCHIATRIC\/PSYCHOLOGICAL TRT: INTENSIVE OUT SERV","billing_code_type":"RC","billing_code_type_version":"UB04","billing_code":"0906","description":"PSYCHIATRIC\/PSYCHOLOGICAL TRT: INTENSIVE OUT SERV","allowed_amounts":[{"tin":{"type":"ein","value":"410682405"},"service_code":["22"],"billing_class":"institutional","payments":[{"allowed_amount":369.90,"billing_code_modifier":[""],"providers":[{"billed_charge":411.00,"npi":[1184791725,1508261025]}]}]}]},{"name":"SBSQ HOSPITAL IP\/OBS CARE HIGH MDM 50 MINUTES","billing_code_type":"CPT","billing_code_type_version":"2020","billing_code":"99233","description":"SBSQ HOSPITAL IP\/OBS CARE HIGH MDM 50 MINUTES","allowed_amounts":[{"tin":{"type":"ein","value":"710882120"},"service_code":["21"],"billing_class":"professional","payments":[{"allowed_amount":139.68,"billing_code_modifier":[""],"providers":[{"billed_charge":182.00,"npi":[1114130697,1194021469,1205877156,1417901091]}]}]}]}]}
