{"reporting_entity_name": "IEC Group_DBA AmeriBen",
	"reporting_entity_type": "Third Party Administrator",
	"plan_name": "CKS PACKAGING INC",
	"plan_id_type": "ein",
	"plan_id": "581645660",
	"plan_market_type": "group",
	"last_updated_on": "2023-12-01","Version": "1.0.0","out_of_network":[{"name":"COLLECTION VENOUS BLOOD VENIPUNCTURE","billing_code_type":"CPT","billing_code_type_version":"2020","billing_code":"36415","description":"COLLECTION VENOUS BLOOD VENIPUNCTURE","allowed_amounts":[{"tin":{"type":"ein","value":"382084239"},"service_code":["81"],"billing_class":"professional","payments":[{"allowed_amount":1.02,"billing_code_modifier":[""],"providers":[{"billed_charge":6.50,"npi":[1477968675,1932166386]},{"billed_charge":21.37,"npi":[1073259552,1205250487,1295967404,1568471258,1659557668,1770079568,1770080616,1790354173,1932166386,1972820272]}]},{"allowed_amount":1.02,"billing_code_modifier":[""],"providers":[{"billed_charge":6.50,"npi":[1477968675,1932166386]},{"billed_charge":21.37,"npi":[1073259552,1205250487,1295967404,1568471258,1659557668,1770079568,1770080616,1790354173,1932166386,1972820272]}]}]},{"tin":{"type":"ein","value":"382084239"},"service_code":["81"],"billing_class":"professional","payments":[{"allowed_amount":1.02,"billing_code_modifier":[""],"providers":[{"billed_charge":6.50,"npi":[1477968675,1932166386]},{"billed_charge":21.37,"npi":[1073259552,1205250487,1295967404,1568471258,1659557668,1770079568,1770080616,1790354173,1932166386,1972820272]}]},{"allowed_amount":1.02,"billing_code_modifier":[""],"providers":[{"billed_charge":6.50,"npi":[1477968675,1932166386]},{"billed_charge":21.37,"npi":[1073259552,1205250487,1295967404,1568471258,1659557668,1770079568,1770080616,1790354173,1932166386,1972820272]}]}]}]}]}
