{"reporting_entity_name": "IEC Group_DBA AmeriBen",
	"reporting_entity_type": "Third Party Administrator",
	"plan_name": "OLD NATIONAL BANK",
	"plan_id_type": "ein",
	"plan_id": "351539838",
	"plan_market_type": "group",
	"last_updated_on": "2025-09-01","Version": "1.0.0","out_of_network":[{"name":"CCPD OPD\/HOME: CCPD COMP OR OTHER RATE","billing_code_type":"RC","billing_code_type_version":"UB04","billing_code":"0851","description":"CCPD OPD\/HOME: CCPD COMP OR OTHER RATE","allowed_amounts":[{"tin":{"type":"ein","value":"363575844"},"service_code":["65"],"billing_class":"institutional","payments":[{"allowed_amount":226.70,"billing_code_modifier":[""],"providers":[{"billed_charge":4341.00,"npi":[1093715435,1124045869]}]}]},{"tin":{"type":"ein","value":"363575844"},"service_code":["65"],"billing_class":"institutional","payments":[{"allowed_amount":245.58,"billing_code_modifier":[""],"providers":[{"billed_charge":4341.00,"npi":[1093715435,1124045869]}]}]},{"tin":{"type":"ein","value":"363575844"},"service_code":["65"],"billing_class":"institutional","payments":[{"allowed_amount":364.08,"billing_code_modifier":[""],"providers":[{"billed_charge":4341.00,"npi":[1093715435,1124045869]}]}]},{"tin":{"type":"ein","value":"363575844"},"service_code":["65"],"billing_class":"institutional","payments":[{"allowed_amount":375.97,"billing_code_modifier":[""],"providers":[{"billed_charge":4341.00,"npi":[1093715435,1124045869]}]}]}]},{"name":"FAMILY PSYCHOTHERAPY W\/O PATIENT PRESENT 50 MINS","billing_code_type":"CPT","billing_code_type_version":"2020","billing_code":"90846","description":"FAMILY PSYCHOTHERAPY W\/O PATIENT PRESENT 50 MINS","allowed_amounts":[{"tin":{"type":"ein","value":"320049362"},"service_code":["11"],"billing_class":"professional","payments":[{"allowed_amount":83.76,"billing_code_modifier":[""],"providers":[{"billed_charge":180.00,"npi":[1588706865]},{"billed_charge":235.00,"npi":[1588706865]},{"billed_charge":270.00,"npi":[1588706865]},{"billed_charge":360.00,"npi":[1588706865]},{"billed_charge":405.00,"npi":[1588706865]},{"billed_charge":495.00,"npi":[1588706865]}]},{"allowed_amount":83.76,"billing_code_modifier":[""],"providers":[{"billed_charge":180.00,"npi":[1588706865]},{"billed_charge":235.00,"npi":[1588706865]},{"billed_charge":270.00,"npi":[1588706865]},{"billed_charge":360.00,"npi":[1588706865]},{"billed_charge":405.00,"npi":[1588706865]},{"billed_charge":495.00,"npi":[1588706865]}]},{"allowed_amount":83.76,"billing_code_modifier":[""],"providers":[{"billed_charge":180.00,"npi":[1588706865]},{"billed_charge":235.00,"npi":[1588706865]},{"billed_charge":270.00,"npi":[1588706865]},{"billed_charge":360.00,"npi":[1588706865]},{"billed_charge":405.00,"npi":[1588706865]},{"billed_charge":495.00,"npi":[1588706865]}]},{"allowed_amount":83.76,"billing_code_modifier":[""],"providers":[{"billed_charge":180.00,"npi":[1588706865]},{"billed_charge":235.00,"npi":[1588706865]},{"billed_charge":270.00,"npi":[1588706865]},{"billed_charge":360.00,"npi":[1588706865]},{"billed_charge":405.00,"npi":[1588706865]},{"billed_charge":495.00,"npi":[1588706865]}]},{"allowed_amount":83.76,"billing_code_modifier":[""],"providers":[{"billed_charge":180.00,"npi":[1588706865]},{"billed_charge":235.00,"npi":[1588706865]},{"billed_charge":270.00,"npi":[1588706865]},{"billed_charge":360.00,"npi":[1588706865]},{"billed_charge":405.00,"npi":[1588706865]},{"billed_charge":495.00,"npi":[1588706865]}]},{"allowed_amount":83.76,"billing_code_modifier":[""],"providers":[{"billed_charge":180.00,"npi":[1588706865]},{"billed_charge":235.00,"npi":[1588706865]},{"billed_charge":270.00,"npi":[1588706865]},{"billed_charge":360.00,"npi":[1588706865]},{"billed_charge":405.00,"npi":[1588706865]},{"billed_charge":495.00,"npi":[1588706865]}]}]},{"tin":{"type":"ein","value":"320049362"},"service_code":["11"],"billing_class":"professional","payments":[{"allowed_amount":83.76,"billing_code_modifier":[""],"providers":[{"billed_charge":180.00,"npi":[1588706865]},{"billed_charge":235.00,"npi":[1588706865]},{"billed_charge":270.00,"npi":[1588706865]},{"billed_charge":360.00,"npi":[1588706865]},{"billed_charge":405.00,"npi":[1588706865]},{"billed_charge":495.00,"npi":[1588706865]}]},{"allowed_amount":83.76,"billing_code_modifier":[""],"providers":[{"billed_charge":180.00,"npi":[1588706865]},{"billed_charge":235.00,"npi":[1588706865]},{"billed_charge":270.00,"npi":[1588706865]},{"billed_charge":360.00,"npi":[1588706865]},{"billed_charge":405.00,"npi":[1588706865]},{"billed_charge":495.00,"npi":[1588706865]}]},{"allowed_amount":83.76,"billing_code_modifier":[""],"providers":[{"billed_charge":180.00,"npi":[1588706865]},{"billed_charge":235.00,"npi":[1588706865]},{"billed_charge":270.00,"npi":[1588706865]},{"billed_charge":360.00,"npi":[1588706865]},{"billed_charge":405.00,"npi":[1588706865]},{"billed_charge":495.00,"npi":[1588706865]}]},{"allowed_amount":83.76,"billing_code_modifier":[""],"providers":[{"billed_charge":180.00,"npi":[1588706865]},{"billed_charge":235.00,"npi":[1588706865]},{"billed_charge":270.00,"npi":[1588706865]},{"billed_charge":360.00,"npi":[1588706865]},{"billed_charge":405.00,"npi":[1588706865]},{"billed_charge":495.00,"npi":[1588706865]}]},{"allowed_amount":83.76,"billing_code_modifier":[""],"providers":[{"billed_charge":180.00,"npi":[1588706865]},{"billed_charge":235.00,"npi":[1588706865]},{"billed_charge":270.00,"npi":[1588706865]},{"billed_charge":360.00,"npi":[1588706865]},{"billed_charge":405.00,"npi":[1588706865]},{"billed_charge":495.00,"npi":[1588706865]}]},{"allowed_amount":83.76,"billing_code_modifier":[""],"providers":[{"billed_charge":180.00,"npi":[1588706865]},{"billed_charge":235.00,"npi":[1588706865]},{"billed_charge":270.00,"npi":[1588706865]},{"billed_charge":360.00,"npi":[1588706865]},{"billed_charge":405.00,"npi":[1588706865]},{"billed_charge":495.00,"npi":[1588706865]}]}]},{"tin":{"type":"ein","value":"320049362"},"service_code":["11"],"billing_class":"professional","payments":[{"allowed_amount":83.76,"billing_code_modifier":[""],"providers":[{"billed_charge":180.00,"npi":[1588706865]},{"billed_charge":235.00,"npi":[1588706865]},{"billed_charge":270.00,"npi":[1588706865]},{"billed_charge":360.00,"npi":[1588706865]},{"billed_charge":405.00,"npi":[1588706865]},{"billed_charge":495.00,"npi":[1588706865]}]},{"allowed_amount":83.76,"billing_code_modifier":[""],"providers":[{"billed_charge":180.00,"npi":[1588706865]},{"billed_charge":235.00,"npi":[1588706865]},{"billed_charge":270.00,"npi":[1588706865]},{"billed_charge":360.00,"npi":[1588706865]},{"billed_charge":405.00,"npi":[1588706865]},{"billed_charge":495.00,"npi":[1588706865]}]},{"allowed_amount":83.76,"billing_code_modifier":[""],"providers":[{"billed_charge":180.00,"npi":[1588706865]},{"billed_charge":235.00,"npi":[1588706865]},{"billed_charge":270.00,"npi":[1588706865]},{"billed_charge":360.00,"npi":[1588706865]},{"billed_charge":405.00,"npi":[1588706865]},{"billed_charge":495.00,"npi":[1588706865]}]},{"allowed_amount":83.76,"billing_code_modifier":[""],"providers":[{"billed_charge":180.00,"npi":[1588706865]},{"billed_charge":235.00,"npi":[1588706865]},{"billed_charge":270.00,"npi":[1588706865]},{"billed_charge":360.00,"npi":[1588706865]},{"billed_charge":405.00,"npi":[1588706865]},{"billed_charge":495.00,"npi":[1588706865]}]},{"allowed_amount":83.76,"billing_code_modifier":[""],"providers":[{"billed_charge":180.00,"npi":[1588706865]},{"billed_charge":235.00,"npi":[1588706865]},{"billed_charge":270.00,"npi":[1588706865]},{"billed_charge":360.00,"npi":[1588706865]},{"billed_charge":405.00,"npi":[1588706865]},{"billed_charge":495.00,"npi":[1588706865]}]},{"allowed_amount":83.76,"billing_code_modifier":[""],"providers":[{"billed_charge":180.00,"npi":[1588706865]},{"billed_charge":235.00,"npi":[1588706865]},{"billed_charge":270.00,"npi":[1588706865]},{"billed_charge":360.00,"npi":[1588706865]},{"billed_charge":405.00,"npi":[1588706865]},{"billed_charge":495.00,"npi":[1588706865]}]}]},{"tin":{"type":"ein","value":"320049362"},"service_code":["11"],"billing_class":"professional","payments":[{"allowed_amount":83.76,"billing_code_modifier":[""],"providers":[{"billed_charge":180.00,"npi":[1588706865]},{"billed_charge":235.00,"npi":[1588706865]},{"billed_charge":270.00,"npi":[1588706865]},{"billed_charge":360.00,"npi":[1588706865]},{"billed_charge":405.00,"npi":[1588706865]},{"billed_charge":495.00,"npi":[1588706865]}]},{"allowed_amount":83.76,"billing_code_modifier":[""],"providers":[{"billed_charge":180.00,"npi":[1588706865]},{"billed_charge":235.00,"npi":[1588706865]},{"billed_charge":270.00,"npi":[1588706865]},{"billed_charge":360.00,"npi":[1588706865]},{"billed_charge":405.00,"npi":[1588706865]},{"billed_charge":495.00,"npi":[1588706865]}]},{"allowed_amount":83.76,"billing_code_modifier":[""],"providers":[{"billed_charge":180.00,"npi":[1588706865]},{"billed_charge":235.00,"npi":[1588706865]},{"billed_charge":270.00,"npi":[1588706865]},{"billed_charge":360.00,"npi":[1588706865]},{"billed_charge":405.00,"npi":[1588706865]},{"billed_charge":495.00,"npi":[1588706865]}]},{"allowed_amount":83.76,"billing_code_modifier":[""],"providers":[{"billed_charge":180.00,"npi":[1588706865]},{"billed_charge":235.00,"npi":[1588706865]},{"billed_charge":270.00,"npi":[1588706865]},{"billed_charge":360.00,"npi":[1588706865]},{"billed_charge":405.00,"npi":[1588706865]},{"billed_charge":495.00,"npi":[1588706865]}]},{"allowed_amount":83.76,"billing_code_modifier":[""],"providers":[{"billed_charge":180.00,"npi":[1588706865]},{"billed_charge":235.00,"npi":[1588706865]},{"billed_charge":270.00,"npi":[1588706865]},{"billed_charge":360.00,"npi":[1588706865]},{"billed_charge":405.00,"npi":[1588706865]},{"billed_charge":495.00,"npi":[1588706865]}]},{"allowed_amount":83.76,"billing_code_modifier":[""],"providers":[{"billed_charge":180.00,"npi":[1588706865]},{"billed_charge":235.00,"npi":[1588706865]},{"billed_charge":270.00,"npi":[1588706865]},{"billed_charge":360.00,"npi":[1588706865]},{"billed_charge":405.00,"npi":[1588706865]},{"billed_charge":495.00,"npi":[1588706865]}]}]},{"tin":{"type":"ein","value":"320049362"},"service_code":["11"],"billing_class":"professional","payments":[{"allowed_amount":83.76,"billing_code_modifier":[""],"providers":[{"billed_charge":180.00,"npi":[1588706865]},{"billed_charge":235.00,"npi":[1588706865]},{"billed_charge":270.00,"npi":[1588706865]},{"billed_charge":360.00,"npi":[1588706865]},{"billed_charge":405.00,"npi":[1588706865]},{"billed_charge":495.00,"npi":[1588706865]}]},{"allowed_amount":83.76,"billing_code_modifier":[""],"providers":[{"billed_charge":180.00,"npi":[1588706865]},{"billed_charge":235.00,"npi":[1588706865]},{"billed_charge":270.00,"npi":[1588706865]},{"billed_charge":360.00,"npi":[1588706865]},{"billed_charge":405.00,"npi":[1588706865]},{"billed_charge":495.00,"npi":[1588706865]}]},{"allowed_amount":83.76,"billing_code_modifier":[""],"providers":[{"billed_charge":180.00,"npi":[1588706865]},{"billed_charge":235.00,"npi":[1588706865]},{"billed_charge":270.00,"npi":[1588706865]},{"billed_charge":360.00,"npi":[1588706865]},{"billed_charge":405.00,"npi":[1588706865]},{"billed_charge":495.00,"npi":[1588706865]}]},{"allowed_amount":83.76,"billing_code_modifier":[""],"providers":[{"billed_charge":180.00,"npi":[1588706865]},{"billed_charge":235.00,"npi":[1588706865]},{"billed_charge":270.00,"npi":[1588706865]},{"billed_charge":360.00,"npi":[1588706865]},{"billed_charge":405.00,"npi":[1588706865]},{"billed_charge":495.00,"npi":[1588706865]}]},{"allowed_amount":83.76,"billing_code_modifier":[""],"providers":[{"billed_charge":180.00,"npi":[1588706865]},{"billed_charge":235.00,"npi":[1588706865]},{"billed_charge":270.00,"npi":[1588706865]},{"billed_charge":360.00,"npi":[1588706865]},{"billed_charge":405.00,"npi":[1588706865]},{"billed_charge":495.00,"npi":[1588706865]}]},{"allowed_amount":83.76,"billing_code_modifier":[""],"providers":[{"billed_charge":180.00,"npi":[1588706865]},{"billed_charge":235.00,"npi":[1588706865]},{"billed_charge":270.00,"npi":[1588706865]},{"billed_charge":360.00,"npi":[1588706865]},{"billed_charge":405.00,"npi":[1588706865]},{"billed_charge":495.00,"npi":[1588706865]}]}]},{"tin":{"type":"ein","value":"320049362"},"service_code":["11"],"billing_class":"professional","payments":[{"allowed_amount":83.76,"billing_code_modifier":[""],"providers":[{"billed_charge":180.00,"npi":[1588706865]},{"billed_charge":235.00,"npi":[1588706865]},{"billed_charge":270.00,"npi":[1588706865]},{"billed_charge":360.00,"npi":[1588706865]},{"billed_charge":405.00,"npi":[1588706865]},{"billed_charge":495.00,"npi":[1588706865]}]},{"allowed_amount":83.76,"billing_code_modifier":[""],"providers":[{"billed_charge":180.00,"npi":[1588706865]},{"billed_charge":235.00,"npi":[1588706865]},{"billed_charge":270.00,"npi":[1588706865]},{"billed_charge":360.00,"npi":[1588706865]},{"billed_charge":405.00,"npi":[1588706865]},{"billed_charge":495.00,"npi":[1588706865]}]},{"allowed_amount":83.76,"billing_code_modifier":[""],"providers":[{"billed_charge":180.00,"npi":[1588706865]},{"billed_charge":235.00,"npi":[1588706865]},{"billed_charge":270.00,"npi":[1588706865]},{"billed_charge":360.00,"npi":[1588706865]},{"billed_charge":405.00,"npi":[1588706865]},{"billed_charge":495.00,"npi":[1588706865]}]},{"allowed_amount":83.76,"billing_code_modifier":[""],"providers":[{"billed_charge":180.00,"npi":[1588706865]},{"billed_charge":235.00,"npi":[1588706865]},{"billed_charge":270.00,"npi":[1588706865]},{"billed_charge":360.00,"npi":[1588706865]},{"billed_charge":405.00,"npi":[1588706865]},{"billed_charge":495.00,"npi":[1588706865]}]},{"allowed_amount":83.76,"billing_code_modifier":[""],"providers":[{"billed_charge":180.00,"npi":[1588706865]},{"billed_charge":235.00,"npi":[1588706865]},{"billed_charge":270.00,"npi":[1588706865]},{"billed_charge":360.00,"npi":[1588706865]},{"billed_charge":405.00,"npi":[1588706865]},{"billed_charge":495.00,"npi":[1588706865]}]},{"allowed_amount":83.76,"billing_code_modifier":[""],"providers":[{"billed_charge":180.00,"npi":[1588706865]},{"billed_charge":235.00,"npi":[1588706865]},{"billed_charge":270.00,"npi":[1588706865]},{"billed_charge":360.00,"npi":[1588706865]},{"billed_charge":405.00,"npi":[1588706865]},{"billed_charge":495.00,"npi":[1588706865]}]}]}]}]}
