{"reporting_entity_name": "IEC Group_DBA AmeriBen",
	"reporting_entity_type": "Third Party Administrator",
	"plan_name": "CITY OF COLORADO SPRINGS",
	"plan_id_type": "ein",
	"plan_id": "846000573",
	"plan_market_type": "group",
	"last_updated_on": "2024-09-01","Version": "1.0.0","out_of_network":[{"name":"APPL MODALITY 1\/> AREAS ELEC STIMJ UNATTENDED","billing_code_type":"CPT","billing_code_type_version":"2020","billing_code":"97014","description":"APPL MODALITY 1\/> AREAS ELEC STIMJ UNATTENDED","allowed_amounts":[{"tin":{"type":"ein","value":"841580318"},"service_code":["11"],"billing_class":"professional","payments":[{"allowed_amount":0.00,"billing_code_modifier":[""],"providers":[{"billed_charge":36.00,"npi":[1063511954,1811072713]}]}]}]},{"name":"APPL MODALITY 1\/> AREAS TRACTION MECHANICAL","billing_code_type":"CPT","billing_code_type_version":"2020","billing_code":"97012","description":"APPL MODALITY 1\/> AREAS TRACTION MECHANICAL","allowed_amounts":[{"tin":{"type":"ein","value":"841580318"},"service_code":["11"],"billing_class":"professional","payments":[{"allowed_amount":41.00,"billing_code_modifier":[""],"providers":[{"billed_charge":50.00,"npi":[1063511954,1811072713]}]}]}]},{"name":"BLOOD COUNT COMPLETE AUTO&AUTO DIFRNTL WBC","billing_code_type":"CPT","billing_code_type_version":"2020","billing_code":"85025","description":"BLOOD COUNT COMPLETE AUTO&AUTO DIFRNTL WBC","allowed_amounts":[{"tin":{"type":"ein","value":"431039532"},"service_code":["81"],"billing_class":"professional","payments":[{"allowed_amount":3.26,"billing_code_modifier":[""],"providers":[{"billed_charge":50.05,"npi":[1134163819,1336284108,1366925232,1427287002,1437461811,1518217553,1609812445,1629013628,1720306566,1730340456,1740310622,1760906499,1770922510,1811997711,1881630614,1881658839,1962884486]}]}]},{"tin":{"type":"ein","value":"873365405"},"service_code":["81"],"billing_class":"professional","payments":[{"allowed_amount":3.26,"billing_code_modifier":[""],"providers":[{"billed_charge":8.00,"npi":[1588377113,1770118713]}]}]}]},{"name":"CHIROPRACTIC MANIPLTV TX EXTRASPINAL 1\/> REGION","billing_code_type":"CPT","billing_code_type_version":"2020","billing_code":"98943","description":"CHIROPRACTIC MANIPLTV TX EXTRASPINAL 1\/> REGION","allowed_amounts":[{"tin":{"type":"ein","value":"260789334"},"service_code":["11"],"billing_class":"professional","payments":[{"allowed_amount":0.00,"billing_code_modifier":[""],"providers":[{"billed_charge":86.95,"npi":[1124209952,1619147337]}]}]},{"tin":{"type":"ein","value":"832985711"},"service_code":["11"],"billing_class":"professional","payments":[{"allowed_amount":0.00,"billing_code_modifier":[""],"providers":[{"billed_charge":60.00,"npi":[1598222937,1932671294]},{"billed_charge":80.00,"npi":[1598222937,1932671294]}]},{"allowed_amount":0.00,"billing_code_modifier":[""],"providers":[{"billed_charge":60.00,"npi":[1598222937,1932671294]},{"billed_charge":80.00,"npi":[1598222937,1932671294]}]}]},{"tin":{"type":"ein","value":"832985711"},"service_code":["11"],"billing_class":"professional","payments":[{"allowed_amount":0.00,"billing_code_modifier":[""],"providers":[{"billed_charge":60.00,"npi":[1598222937,1932671294]},{"billed_charge":80.00,"npi":[1598222937,1932671294]}]},{"allowed_amount":0.00,"billing_code_modifier":[""],"providers":[{"billed_charge":60.00,"npi":[1598222937,1932671294]},{"billed_charge":80.00,"npi":[1598222937,1932671294]}]}]},{"tin":{"type":"ein","value":"841580318"},"service_code":["11"],"billing_class":"professional","payments":[{"allowed_amount":0.00,"billing_code_modifier":[""],"providers":[{"billed_charge":60.00,"npi":[1063511954,1811072713]}]}]}]},{"name":"CHIROPRACTIC MANIPULATIVE TX SPINAL 1-2 REGIONS","billing_code_type":"CPT","billing_code_type_version":"2020","billing_code":"98940","description":"CHIROPRACTIC MANIPULATIVE TX SPINAL 1-2 REGIONS","allowed_amounts":[{"tin":{"type":"ein","value":"473789437"},"service_code":["11"],"billing_class":"professional","payments":[{"allowed_amount":41.00,"billing_code_modifier":[""],"providers":[{"billed_charge":95.00,"npi":[1740305002]}]}]},{"tin":{"type":"ein","value":"841157125"},"service_code":["11"],"billing_class":"professional","payments":[{"allowed_amount":41.00,"billing_code_modifier":[""],"providers":[{"billed_charge":60.00,"npi":[1023450178]},{"billed_charge":65.00,"npi":[1023450178]}]},{"allowed_amount":41.00,"billing_code_modifier":[""],"providers":[{"billed_charge":60.00,"npi":[1023450178]},{"billed_charge":65.00,"npi":[1023450178]}]}]},{"tin":{"type":"ein","value":"841157125"},"service_code":["11"],"billing_class":"professional","payments":[{"allowed_amount":41.00,"billing_code_modifier":[""],"providers":[{"billed_charge":60.00,"npi":[1023450178]},{"billed_charge":65.00,"npi":[1023450178]}]},{"allowed_amount":41.00,"billing_code_modifier":[""],"providers":[{"billed_charge":60.00,"npi":[1023450178]},{"billed_charge":65.00,"npi":[1023450178]}]}]}]},{"name":"CHIROPRACTIC MANIPULATIVE TX SPINAL 3-4 REGIONS","billing_code_type":"CPT","billing_code_type_version":"2020","billing_code":"98941","description":"CHIROPRACTIC MANIPULATIVE TX SPINAL 3-4 REGIONS","allowed_amounts":[{"tin":{"type":"ein","value":"260789334"},"service_code":["11"],"billing_class":"professional","payments":[{"allowed_amount":41.00,"billing_code_modifier":[""],"providers":[{"billed_charge":110.95,"npi":[1124209952,1619147337]}]}]},{"tin":{"type":"ein","value":"814391581"},"service_code":["11"],"billing_class":"professional","payments":[{"allowed_amount":0.00,"billing_code_modifier":[""],"providers":[{"billed_charge":89.29,"npi":[1073059200,1154601888]}]}]},{"tin":{"type":"ein","value":"814391581"},"service_code":["11"],"billing_class":"professional","payments":[{"allowed_amount":41.00,"billing_code_modifier":[""],"providers":[{"billed_charge":89.29,"npi":[1073059200,1154601888]}]}]},{"tin":{"type":"ein","value":"832985711"},"service_code":["11"],"billing_class":"professional","payments":[{"allowed_amount":41.00,"billing_code_modifier":[""],"providers":[{"billed_charge":80.00,"npi":[1598222937,1932671294]}]}]},{"tin":{"type":"ein","value":"841580318"},"service_code":["11"],"billing_class":"professional","payments":[{"allowed_amount":0.00,"billing_code_modifier":[""],"providers":[{"billed_charge":80.00,"npi":[1063511954,1811072713]}]}]}]},{"name":"COLLECTION VENOUS BLOOD VENIPUNCTURE","billing_code_type":"CPT","billing_code_type_version":"2020","billing_code":"36415","description":"COLLECTION VENOUS BLOOD VENIPUNCTURE","allowed_amounts":[{"tin":{"type":"ein","value":"431039532"},"service_code":["81"],"billing_class":"professional","payments":[{"allowed_amount":1.02,"billing_code_modifier":[""],"providers":[{"billed_charge":35.00,"npi":[1093706475,1093896144,1134163819,1194705244,1215490388,1285362756,1336284108,1366415788,1366925232,1427287002,1437461811,1467613158,1467709972,1467957555,1518217553,1538672522,1568962116,1609812445,1629013628,1639347107,1720306566,1730340456,1740310622,1760906499,1760996854,1770922510,1780653444,1811997711,1881630614,1881658839,1962884486,1972505220]}]}]},{"tin":{"type":"ein","value":"840591617"},"service_code":["81"],"billing_class":"professional","payments":[{"allowed_amount":1.02,"billing_code_modifier":[""],"providers":[{"billed_charge":7.20,"npi":[1598843088,1982008785]}]}]},{"tin":{"type":"ein","value":"840611484"},"service_code":["81"],"billing_class":"professional","payments":[{"allowed_amount":1.02,"billing_code_modifier":[""],"providers":[{"billed_charge":26.25,"npi":[1275888695,1598747651]}]}]}]},{"name":"COMPREHENSIVE METABOLIC PANEL","billing_code_type":"CPT","billing_code_type_version":"2020","billing_code":"80053","description":"COMPREHENSIVE METABOLIC PANEL","allowed_amounts":[{"tin":{"type":"ein","value":"431039532"},"service_code":["81"],"billing_class":"professional","payments":[{"allowed_amount":4.44,"billing_code_modifier":[""],"providers":[{"billed_charge":64.60,"npi":[1609812445,1962884486]},{"billed_charge":96.88,"npi":[1134163819,1336284108,1427287002,1437461811,1538672522,1609812445,1639347107,1740310622,1760906499,1770922510,1780653444,1811997711]}]},{"allowed_amount":4.44,"billing_code_modifier":[""],"providers":[{"billed_charge":64.60,"npi":[1609812445,1962884486]},{"billed_charge":96.88,"npi":[1134163819,1336284108,1427287002,1437461811,1538672522,1609812445,1639347107,1740310622,1760906499,1770922510,1780653444,1811997711]}]}]},{"tin":{"type":"ein","value":"431039532"},"service_code":["81"],"billing_class":"professional","payments":[{"allowed_amount":4.44,"billing_code_modifier":[""],"providers":[{"billed_charge":64.60,"npi":[1609812445,1962884486]},{"billed_charge":96.88,"npi":[1134163819,1336284108,1427287002,1437461811,1538672522,1609812445,1639347107,1740310622,1760906499,1770922510,1780653444,1811997711]}]},{"allowed_amount":4.44,"billing_code_modifier":[""],"providers":[{"billed_charge":64.60,"npi":[1609812445,1962884486]},{"billed_charge":96.88,"npi":[1134163819,1336284108,1427287002,1437461811,1538672522,1609812445,1639347107,1740310622,1760906499,1770922510,1780653444,1811997711]}]}]},{"tin":{"type":"ein","value":"873365405"},"service_code":["81"],"billing_class":"professional","payments":[{"allowed_amount":4.44,"billing_code_modifier":[""],"providers":[{"billed_charge":12.00,"npi":[1588377113,1770118713]}]}]}]},{"name":"ECG ROUTINE ECG W\/LEAST 12 LDS W\/I&R","billing_code_type":"CPT","billing_code_type_version":"2020","billing_code":"93000","description":"ECG ROUTINE ECG W\/LEAST 12 LDS W\/I&R","allowed_amounts":[{"tin":{"type":"ein","value":"922280923"},"service_code":["11"],"billing_class":"professional","payments":[{"allowed_amount":18.04,"billing_code_modifier":[""],"providers":[{"billed_charge":74.35,"npi":[1033114673,1184397291,1225337785,1265999676,1295077964,1316722077,1336454040,1356421622,1376324293,1386677144,1457348468,1558850883,1598752644,1649214115,1821516238]}]}]}]},{"name":"GENERAL HEALTH PANEL","billing_code_type":"CPT","billing_code_type_version":"2020","billing_code":"80050","description":"GENERAL HEALTH PANEL","allowed_amounts":[{"tin":{"type":"ein","value":"201236503"},"service_code":["81"],"billing_class":"professional","payments":[{"allowed_amount":14.76,"billing_code_modifier":[""],"providers":[{"billed_charge":140.52,"npi":[1225110497,1760470843]}]}]},{"tin":{"type":"ein","value":"431039532"},"service_code":["81"],"billing_class":"professional","payments":[{"allowed_amount":14.76,"billing_code_modifier":[""],"providers":[{"billed_charge":290.47,"npi":[1013431741,1104896448,1194705244,1215490388,1235606864,1285362756,1366415788,1467613158,1609812445,1720306566,1881630614]}]}]},{"tin":{"type":"ein","value":"464019207"},"service_code":["81"],"billing_class":"professional","payments":[{"allowed_amount":14.76,"billing_code_modifier":[""],"providers":[{"billed_charge":40.00,"npi":[1720409154,1952957987]}]}]},{"tin":{"type":"ein","value":"840611484"},"service_code":["81"],"billing_class":"professional","payments":[{"allowed_amount":14.76,"billing_code_modifier":[""],"providers":[{"billed_charge":190.05,"npi":[1275888695,1598747651]}]}]},{"tin":{"type":"ein","value":"873365405"},"service_code":["81"],"billing_class":"professional","payments":[{"allowed_amount":14.76,"billing_code_modifier":[""],"providers":[{"billed_charge":40.00,"npi":[1396261525,1588377113]}]}]}]},{"name":"HEMOGLOBIN GLYCOSYLATED A1C","billing_code_type":"CPT","billing_code_type_version":"2020","billing_code":"83036","description":"HEMOGLOBIN GLYCOSYLATED A1C","allowed_amounts":[{"tin":{"type":"ein","value":"431039532"},"service_code":["81"],"billing_class":"professional","payments":[{"allowed_amount":4.08,"billing_code_modifier":[""],"providers":[{"billed_charge":81.68,"npi":[1013431741,1104896448,1215490388,1235606864,1285362756,1467613158,1568962116,1609812445,1639347107,1720306566,1770922510,1780653444]}]}]},{"tin":{"type":"ein","value":"464019207"},"service_code":["81"],"billing_class":"professional","payments":[{"allowed_amount":4.08,"billing_code_modifier":[""],"providers":[{"billed_charge":11.00,"npi":[1720409154,1952957987]}]}]},{"tin":{"type":"ein","value":"840591617"},"service_code":["81"],"billing_class":"professional","payments":[{"allowed_amount":4.08,"billing_code_modifier":[""],"providers":[{"billed_charge":24.00,"npi":[1518071067,1598843088]}]}]},{"tin":{"type":"ein","value":"840611484"},"service_code":["81"],"billing_class":"professional","payments":[{"allowed_amount":4.08,"billing_code_modifier":[""],"providers":[{"billed_charge":77.70,"npi":[1275888695,1598747651]}]}]}]},{"name":"LIPID PANEL","billing_code_type":"CPT","billing_code_type_version":"2020","billing_code":"80061","description":"LIPID PANEL","allowed_amounts":[{"tin":{"type":"ein","value":"431039532"},"service_code":["81"],"billing_class":"professional","payments":[{"allowed_amount":7.68,"billing_code_modifier":[""],"providers":[{"billed_charge":162.91,"npi":[1013431741,1104896448,1134163819,1194705244,1215490388,1235606864,1285362756,1336284108,1467613158,1467709972,1538672522,1609812445,1639347107,1720306566,1740310622,1760906499,1770922510,1780653444,1962884486]}]}]},{"tin":{"type":"ein","value":"464019207"},"service_code":["81"],"billing_class":"professional","payments":[{"allowed_amount":7.68,"billing_code_modifier":[""],"providers":[{"billed_charge":15.00,"npi":[1720409154,1952957987]}]}]},{"tin":{"type":"ein","value":"840611484"},"service_code":["81"],"billing_class":"professional","payments":[{"allowed_amount":7.68,"billing_code_modifier":[""],"providers":[{"billed_charge":97.65,"npi":[1275888695,1598747651]}]}]},{"tin":{"type":"ein","value":"873365405"},"service_code":["81"],"billing_class":"professional","payments":[{"allowed_amount":7.68,"billing_code_modifier":[""],"providers":[{"billed_charge":15.00,"npi":[1396261525,1588377113,1770118713]}]}]}]},{"name":"MANUAL THERAPY TQS 1\/> REGIONS EACH 15 MINUTES","billing_code_type":"CPT","billing_code_type_version":"2020","billing_code":"97140","description":"MANUAL THERAPY TQS 1\/> REGIONS EACH 15 MINUTES","allowed_amounts":[{"tin":{"type":"ein","value":"841580318"},"service_code":["11"],"billing_class":"professional","payments":[{"allowed_amount":0.00,"billing_code_modifier":[""],"providers":[{"billed_charge":80.00,"npi":[1063511954,1811072713]}]}]},{"tin":{"type":"ein","value":"999999999"},"service_code":["11"],"billing_class":"professional","payments":[{"allowed_amount":0.00,"billing_code_modifier":[""],"providers":[{"billed_charge":38.75,"npi":[1356048839]},{"billed_charge":77.50,"npi":[1356048839]}]},{"allowed_amount":0.00,"billing_code_modifier":[""],"providers":[{"billed_charge":38.75,"npi":[1356048839]},{"billed_charge":77.50,"npi":[1356048839]}]}]},{"tin":{"type":"ein","value":"999999999"},"service_code":["11"],"billing_class":"professional","payments":[{"allowed_amount":0.00,"billing_code_modifier":[""],"providers":[{"billed_charge":38.75,"npi":[1356048839]},{"billed_charge":77.50,"npi":[1356048839]}]},{"allowed_amount":0.00,"billing_code_modifier":[""],"providers":[{"billed_charge":38.75,"npi":[1356048839]},{"billed_charge":77.50,"npi":[1356048839]}]}]}]},{"name":"OFFICE\/OUTPATIENT ESTABLISHED LOW MDM 20 MIN","billing_code_type":"CPT","billing_code_type_version":"2020","billing_code":"99213","description":"OFFICE\/OUTPATIENT ESTABLISHED LOW MDM 20 MIN","allowed_amounts":[{"tin":{"type":"ein","value":"371899636"},"service_code":["11"],"billing_class":"professional","payments":[{"allowed_amount":76.02,"billing_code_modifier":[""],"providers":[{"billed_charge":274.41,"npi":[1285739623,1992297469]},{"billed_charge":278.97,"npi":[1285739623,1992297469]}]},{"allowed_amount":76.02,"billing_code_modifier":[""],"providers":[{"billed_charge":274.41,"npi":[1285739623,1992297469]},{"billed_charge":278.97,"npi":[1285739623,1992297469]}]}]},{"tin":{"type":"ein","value":"371899636"},"service_code":["11"],"billing_class":"professional","payments":[{"allowed_amount":76.02,"billing_code_modifier":[""],"providers":[{"billed_charge":274.41,"npi":[1285739623,1992297469]},{"billed_charge":278.97,"npi":[1285739623,1992297469]}]},{"allowed_amount":76.02,"billing_code_modifier":[""],"providers":[{"billed_charge":274.41,"npi":[1285739623,1992297469]},{"billed_charge":278.97,"npi":[1285739623,1992297469]}]}]},{"tin":{"type":"ein","value":"452668894"},"service_code":["10"],"billing_class":"professional","payments":[{"allowed_amount":76.02,"billing_code_modifier":[""],"providers":[{"billed_charge":190.00,"npi":[1588038681,1619206307]}]}]},{"tin":{"type":"ein","value":"840832336"},"service_code":["11"],"billing_class":"professional","payments":[{"allowed_amount":76.02,"billing_code_modifier":[""],"providers":[{"billed_charge":157.20,"npi":[1073699468,1487859534,1679839948,1760599724]}]}]},{"tin":{"type":"ein","value":"882173069"},"service_code":["11"],"billing_class":"professional","payments":[{"allowed_amount":76.02,"billing_code_modifier":[""],"providers":[{"billed_charge":148.00,"npi":[1104111277,1104501873,1134163819,1184311383]}]}]}]},{"name":"OFFICE\/OUTPATIENT ESTABLISHED MOD MDM 30 MIN","billing_code_type":"CPT","billing_code_type_version":"2020","billing_code":"99214","description":"OFFICE\/OUTPATIENT ESTABLISHED MOD MDM 30 MIN","allowed_amounts":[{"tin":{"type":"ein","value":"202029931"},"service_code":["11"],"billing_class":"professional","payments":[{"allowed_amount":109.95,"billing_code_modifier":[""],"providers":[{"billed_charge":165.00,"npi":[1053654319,1316119076]}]}]},{"tin":{"type":"ein","value":"452668894"},"service_code":["10"],"billing_class":"professional","payments":[{"allowed_amount":109.95,"billing_code_modifier":[""],"providers":[{"billed_charge":235.00,"npi":[1437554557,1477216976,1588038681,1740318823]}]}]},{"tin":{"type":"ein","value":"810942364"},"service_code":["02"],"billing_class":"professional","payments":[{"allowed_amount":109.95,"billing_code_modifier":[""],"providers":[{"billed_charge":139.15,"npi":[1336635598,1760928766]}]}]},{"tin":{"type":"ein","value":"810970561"},"service_code":["10"],"billing_class":"professional","payments":[{"allowed_amount":109.95,"billing_code_modifier":[""],"providers":[{"billed_charge":398.73,"npi":[1306407010,1790141984]}]}]},{"tin":{"type":"ein","value":"815398347"},"service_code":["11"],"billing_class":"professional","payments":[{"allowed_amount":109.95,"billing_code_modifier":[""],"providers":[{"billed_charge":180.00,"npi":[1730312497,1942775150]}]}]},{"tin":{"type":"ein","value":"833801205"},"service_code":["11"],"billing_class":"professional","payments":[{"allowed_amount":109.95,"billing_code_modifier":[""],"providers":[{"billed_charge":522.92,"npi":[1154889608,1538525639,1659856722]}]}]},{"tin":{"type":"ein","value":"840602716"},"service_code":["10"],"billing_class":"professional","payments":[{"allowed_amount":109.95,"billing_code_modifier":[""],"providers":[{"billed_charge":265.25,"npi":[1043260243,1750724951]}]}]},{"tin":{"type":"ein","value":"882753648"},"service_code":["02"],"billing_class":"professional","payments":[{"allowed_amount":109.95,"billing_code_modifier":[""],"providers":[{"billed_charge":161.00,"npi":[1174256465,1659928562]}]}]},{"tin":{"type":"ein","value":"922280923"},"service_code":["11"],"billing_class":"professional","payments":[{"allowed_amount":109.95,"billing_code_modifier":[""],"providers":[{"billed_charge":653.65,"npi":[1053576058,1316722077,1376324293,1598752644,1649214115,1821516238,1922686047]}]}]}]},{"name":"PSYCHOTHERAPY W\/PATIENT 60 MINUTES","billing_code_type":"CPT","billing_code_type_version":"2020","billing_code":"90837","description":"PSYCHOTHERAPY W\/PATIENT 60 MINUTES","allowed_amounts":[{"tin":{"type":"ein","value":"263447487"},"service_code":["02","10","11"],"billing_class":"professional","payments":[{"allowed_amount":130.95,"billing_code_modifier":[""],"providers":[{"billed_charge":250.00,"npi":[1154809465,1184166654,1215181300,1609153790,1710505896,1871089854,1932861937]}]}]},{"tin":{"type":"ein","value":"452668894"},"service_code":["10","11"],"billing_class":"professional","payments":[{"allowed_amount":169.22,"billing_code_modifier":[""],"providers":[{"billed_charge":315.00,"npi":[1073004164,1376282848,1568580413,1588038681,1649761180,1669863387,1831605674]}]}]},{"tin":{"type":"ein","value":"475025949"},"service_code":["02","11"],"billing_class":"professional","payments":[{"allowed_amount":169.22,"billing_code_modifier":[""],"providers":[{"billed_charge":206.00,"npi":[1376877217,1386150738,1760854442]}]}]},{"tin":{"type":"ein","value":"810970561"},"service_code":["11"],"billing_class":"professional","payments":[{"allowed_amount":169.22,"billing_code_modifier":[""],"providers":[{"billed_charge":459.21,"npi":[1790141984,1952606154]}]}]},{"tin":{"type":"ein","value":"873430044"},"service_code":["10","11"],"billing_class":"professional","payments":[{"allowed_amount":169.22,"billing_code_modifier":[""],"providers":[{"billed_charge":195.00,"npi":[1023545761,1134844780,1336735653]}]}]}]},{"name":"RESIDENTIAL TREATMENT-CHEMICAL DEPENDENCY","billing_code_type":"RC","billing_code_type_version":"UB04","billing_code":"1002","description":"RESIDENTIAL TREATMENT-CHEMICAL DEPENDENCY","allowed_amounts":[{"tin":{"type":"ein","value":"272318750"},"service_code":["21"],"billing_class":"institutional","payments":[{"allowed_amount":422.50,"billing_code_modifier":[""],"providers":[{"billed_charge":3675.00,"npi":[1598319063]}]}]}]},{"name":"THERAPEUT ACTVITY DIRECT PT CONTACT EACH 15 MIN","billing_code_type":"CPT","billing_code_type_version":"2020","billing_code":"97530","description":"THERAPEUT ACTVITY DIRECT PT CONTACT EACH 15 MIN","allowed_amounts":[{"tin":{"type":"ein","value":"840532684"},"service_code":["12"],"billing_class":"professional","payments":[{"allowed_amount":59.50,"billing_code_modifier":[""],"providers":[{"billed_charge":120.00,"npi":[1538592829,1962736942]},{"billed_charge":160.00,"npi":[1538592829,1700928348,1962736942]},{"billed_charge":200.00,"npi":[1538592829,1962736942]}]},{"allowed_amount":59.50,"billing_code_modifier":[""],"providers":[{"billed_charge":120.00,"npi":[1538592829,1962736942]},{"billed_charge":160.00,"npi":[1538592829,1700928348,1962736942]},{"billed_charge":200.00,"npi":[1538592829,1962736942]}]},{"allowed_amount":59.50,"billing_code_modifier":[""],"providers":[{"billed_charge":120.00,"npi":[1538592829,1962736942]},{"billed_charge":160.00,"npi":[1538592829,1700928348,1962736942]},{"billed_charge":200.00,"npi":[1538592829,1962736942]}]}]},{"tin":{"type":"ein","value":"840532684"},"service_code":["12"],"billing_class":"professional","payments":[{"allowed_amount":59.50,"billing_code_modifier":[""],"providers":[{"billed_charge":120.00,"npi":[1538592829,1962736942]},{"billed_charge":160.00,"npi":[1538592829,1700928348,1962736942]},{"billed_charge":200.00,"npi":[1538592829,1962736942]}]},{"allowed_amount":59.50,"billing_code_modifier":[""],"providers":[{"billed_charge":120.00,"npi":[1538592829,1962736942]},{"billed_charge":160.00,"npi":[1538592829,1700928348,1962736942]},{"billed_charge":200.00,"npi":[1538592829,1962736942]}]},{"allowed_amount":59.50,"billing_code_modifier":[""],"providers":[{"billed_charge":120.00,"npi":[1538592829,1962736942]},{"billed_charge":160.00,"npi":[1538592829,1700928348,1962736942]},{"billed_charge":200.00,"npi":[1538592829,1962736942]}]}]},{"tin":{"type":"ein","value":"840532684"},"service_code":["12"],"billing_class":"professional","payments":[{"allowed_amount":59.50,"billing_code_modifier":[""],"providers":[{"billed_charge":120.00,"npi":[1538592829,1962736942]},{"billed_charge":160.00,"npi":[1538592829,1700928348,1962736942]},{"billed_charge":200.00,"npi":[1538592829,1962736942]}]},{"allowed_amount":59.50,"billing_code_modifier":[""],"providers":[{"billed_charge":120.00,"npi":[1538592829,1962736942]},{"billed_charge":160.00,"npi":[1538592829,1700928348,1962736942]},{"billed_charge":200.00,"npi":[1538592829,1962736942]}]},{"allowed_amount":59.50,"billing_code_modifier":[""],"providers":[{"billed_charge":120.00,"npi":[1538592829,1962736942]},{"billed_charge":160.00,"npi":[1538592829,1700928348,1962736942]},{"billed_charge":200.00,"npi":[1538592829,1962736942]}]}]},{"tin":{"type":"ein","value":"841554677"},"service_code":["12"],"billing_class":"professional","payments":[{"allowed_amount":59.50,"billing_code_modifier":[""],"providers":[{"billed_charge":141.19,"npi":[1629094909]}]}]}]},{"name":"THERAPEUTIC PX 1\/> AREAS EACH 15 MIN EXERCISES","billing_code_type":"CPT","billing_code_type_version":"2020","billing_code":"97110","description":"THERAPEUTIC PX 1\/> AREAS EACH 15 MIN EXERCISES","allowed_amounts":[{"tin":{"type":"ein","value":"814391581"},"service_code":["11"],"billing_class":"professional","payments":[{"allowed_amount":0.00,"billing_code_modifier":[""],"providers":[{"billed_charge":89.29,"npi":[1073059200,1154601888]}]}]},{"tin":{"type":"ein","value":"832606903"},"service_code":["11"],"billing_class":"professional","payments":[{"allowed_amount":0.00,"billing_code_modifier":[""],"providers":[{"billed_charge":60.78,"npi":[1275984007,1841970472]},{"billed_charge":71.50,"npi":[1275984007,1841970472]}]},{"allowed_amount":0.00,"billing_code_modifier":[""],"providers":[{"billed_charge":60.78,"npi":[1275984007,1841970472]},{"billed_charge":71.50,"npi":[1275984007,1841970472]}]}]},{"tin":{"type":"ein","value":"832606903"},"service_code":["11"],"billing_class":"professional","payments":[{"allowed_amount":0.00,"billing_code_modifier":[""],"providers":[{"billed_charge":60.78,"npi":[1275984007,1841970472]},{"billed_charge":71.50,"npi":[1275984007,1841970472]}]},{"allowed_amount":0.00,"billing_code_modifier":[""],"providers":[{"billed_charge":60.78,"npi":[1275984007,1841970472]},{"billed_charge":71.50,"npi":[1275984007,1841970472]}]}]},{"tin":{"type":"ein","value":"841580318"},"service_code":["11"],"billing_class":"professional","payments":[{"allowed_amount":0.00,"billing_code_modifier":[""],"providers":[{"billed_charge":80.00,"npi":[1063511954,1811072713]}]}]},{"tin":{"type":"ein","value":"999999999"},"service_code":["11"],"billing_class":"professional","payments":[{"allowed_amount":0.00,"billing_code_modifier":[""],"providers":[{"billed_charge":77.50,"npi":[1356048839]}]}]}]},{"name":"TX SPEECH LANG VOICE COMMJ &\/AUDITORY PROC IND","billing_code_type":"CPT","billing_code_type_version":"2020","billing_code":"92507","description":"TX SPEECH LANG VOICE COMMJ &\/AUDITORY PROC IND","allowed_amounts":[{"tin":{"type":"ein","value":"208352532"},"service_code":["10","11"],"billing_class":"professional","payments":[{"allowed_amount":82.89,"billing_code_modifier":[""],"providers":[{"billed_charge":100.00,"npi":[1194334169,1770958159,1982025409]}]}]},{"tin":{"type":"ein","value":"522113602"},"service_code":["11"],"billing_class":"professional","payments":[{"allowed_amount":82.89,"billing_code_modifier":[""],"providers":[{"billed_charge":86.00,"npi":[1023253929,1053793836,1174706584]}]}]},{"tin":{"type":"ein","value":"840532684"},"service_code":["10","12"],"billing_class":"professional","payments":[{"allowed_amount":82.89,"billing_code_modifier":[""],"providers":[{"billed_charge":160.00,"npi":[1639305824,1962736942]}]}]},{"tin":{"type":"ein","value":"841554677"},"service_code":["12"],"billing_class":"professional","payments":[{"allowed_amount":82.89,"billing_code_modifier":[""],"providers":[{"billed_charge":152.43,"npi":[1629094909]}]}]}]}]}
