{"reporting_entity_name": "IEC Group_DBA AmeriBen",
	"reporting_entity_type": "Third Party Administrator",
	"plan_name": "ROBINSON HELICOPTER COMPANY",
	"plan_id_type": "ein",
	"plan_id": "952834107",
	"plan_market_type": "group",
	"last_updated_on": "2025-01-01","Version": "1.0.0","out_of_network":[{"name":"CRITICAL CARE ILL\/INJURED PATIENT INIT 30-74 MIN","billing_code_type":"CPT","billing_code_type_version":"2020","billing_code":"99291","description":"CRITICAL CARE ILL\/INJURED PATIENT INIT 30-74 MIN","allowed_amounts":[{"tin":{"type":"ein","value":"454130305"},"service_code":["23"],"billing_class":"professional","payments":[{"allowed_amount":391.98,"billing_code_modifier":[""],"providers":[{"billed_charge":1783.70,"npi":[1336328244,1477016533,1528333101,1669091450]}]}]},{"tin":{"type":"ein","value":"954481360"},"service_code":["23"],"billing_class":"professional","payments":[{"allowed_amount":391.98,"billing_code_modifier":[""],"providers":[{"billed_charge":1160.00,"npi":[1518917913,1821355850,1902844988]}]}]},{"tin":{"type":"ein","value":"954534163"},"service_code":["23"],"billing_class":"professional","payments":[{"allowed_amount":391.98,"billing_code_modifier":[""],"providers":[{"billed_charge":1158.00,"npi":[1043773930,1184048712,1275807281,1467459776,1598127284,1922030238]}]}]}]},{"name":"EMERGENCY DEPARTMENT VISIT HIGH MDM","billing_code_type":"CPT","billing_code_type_version":"2020","billing_code":"99285","description":"EMERGENCY DEPARTMENT VISIT HIGH MDM","allowed_amounts":[{"tin":{"type":"ein","value":"821009033"},"service_code":["23"],"billing_class":"professional","payments":[{"allowed_amount":278.93,"billing_code_modifier":[""],"providers":[{"billed_charge":1547.44,"npi":[1356336127,1417957473,1588198055]}]}]},{"tin":{"type":"ein","value":"850806620"},"service_code":["23"],"billing_class":"professional","payments":[{"allowed_amount":278.93,"billing_code_modifier":[""],"providers":[{"billed_charge":915.00,"npi":[1316989791,1518588433,1932518974]}]}]},{"tin":{"type":"ein","value":"921786783"},"service_code":["23"],"billing_class":"professional","payments":[{"allowed_amount":278.93,"billing_code_modifier":[""],"providers":[{"billed_charge":953.00,"npi":[1114626017,1558820340,1891938122]}]}]},{"tin":{"type":"ein","value":"954481360"},"service_code":["23"],"billing_class":"professional","payments":[{"allowed_amount":278.93,"billing_code_modifier":[""],"providers":[{"billed_charge":834.00,"npi":[1255373924,1487947495,1518917913,1902844988]}]}]},{"tin":{"type":"ein","value":"954534163"},"service_code":["23"],"billing_class":"professional","payments":[{"allowed_amount":278.93,"billing_code_modifier":[""],"providers":[{"billed_charge":746.00,"npi":[1013334168,1124123054,1184048712,1194773424,1235363193,1265798433,1467459776,1598127284,1649663394,1669542841,1932668076]}]}]}]},{"name":"EMERGENCY DEPARTMENT VISIT MODERATE MDM","billing_code_type":"CPT","billing_code_type_version":"2020","billing_code":"99284","description":"EMERGENCY DEPARTMENT VISIT MODERATE MDM","allowed_amounts":[{"tin":{"type":"ein","value":"451833448"},"service_code":["23"],"billing_class":"professional","payments":[{"allowed_amount":184.93,"billing_code_modifier":[""],"providers":[{"billed_charge":1130.00,"npi":[1063412005,1376834937,1437936432]}]}]},{"tin":{"type":"ein","value":"953101325"},"service_code":["23"],"billing_class":"professional","payments":[{"allowed_amount":184.93,"billing_code_modifier":[""],"providers":[{"billed_charge":477.00,"npi":[1730342064,1831294594,1871501916]}]}]},{"tin":{"type":"ein","value":"954534163"},"service_code":["23"],"billing_class":"professional","payments":[{"allowed_amount":184.93,"billing_code_modifier":[""],"providers":[{"billed_charge":515.00,"npi":[1003917147,1184048712,1235363193,1467459776,1487882841,1508391681,1801183173,1952863474]}]}]}]},{"name":"MEDICAL\/SURGICAL SUPPLIES","billing_code_type":"RC","billing_code_type_version":"UB04","billing_code":"0270","description":"MEDICAL\/SURGICAL SUPPLIES","allowed_amounts":[{"tin":{"type":"ein","value":"475239554"},"service_code":["65"],"billing_class":"institutional","payments":[{"allowed_amount":5.38,"billing_code_modifier":[""],"providers":[{"billed_charge":149.10,"npi":[1003131228,1023483328]}]}]}]}]}
