{"reporting_entity_name": "IEC Group_DBA AmeriBen",
	"reporting_entity_type": "Third Party Administrator",
	"plan_name": "JOSTENS, INC.",
	"plan_id_type": "ein",
	"plan_id": "410343440",
	"plan_market_type": "group",
	"last_updated_on": "2025-12-01","Version": "1.0.0","out_of_network":[{"name":"DR TST DEFIN DR ID M P D 1-7 DR CL","billing_code_type":"HCPCS","billing_code_type_version":"HCPCS LEVEL II 2021","billing_code":"G0480","description":"DR TST DEFIN DR ID M P D 1-7 DR CL","allowed_amounts":[{"tin":{"type":"ein","value":"823146637"},"service_code":["81"],"billing_class":"professional","payments":[{"allowed_amount":137.32,"billing_code_modifier":[""],"providers":[{"billed_charge":779.86,"npi":[1124746318,1861994600]}]}]},{"tin":{"type":"ein","value":"871038632"},"service_code":["81"],"billing_class":"professional","payments":[{"allowed_amount":137.32,"billing_code_modifier":[""],"providers":[{"billed_charge":172.50,"npi":[1447459607,1689340267]}]}]}]},{"name":"DRUG TST PRSMV INSTRMNT CHEM ANALYZERS PR DATE","billing_code_type":"CPT","billing_code_type_version":"2020","billing_code":"80307","description":"DRUG TST PRSMV INSTRMNT CHEM ANALYZERS PR DATE","allowed_amounts":[{"tin":{"type":"ein","value":"823146637"},"service_code":["81"],"billing_class":"professional","payments":[{"allowed_amount":74.57,"billing_code_modifier":[""],"providers":[{"billed_charge":2277.20,"npi":[1124746318,1861994600]}]}]},{"tin":{"type":"ein","value":"871038632"},"service_code":["81"],"billing_class":"professional","payments":[{"allowed_amount":74.57,"billing_code_modifier":[""],"providers":[{"billed_charge":94.50,"npi":[1447459607,1689340267]}]}]}]},{"name":"MEDICAL\/SURGICAL SUPPLIES","billing_code_type":"RC","billing_code_type_version":"UB04","billing_code":"0270","description":"MEDICAL\/SURGICAL SUPPLIES","allowed_amounts":[{"tin":{"type":"ein","value":"400002285"},"service_code":["65"],"billing_class":"institutional","payments":[{"allowed_amount":7.88,"billing_code_modifier":[""],"providers":[{"billed_charge":140.95,"npi":[1275972531,1922306273]}]}]}]},{"name":"PHARMACY","billing_code_type":"RC","billing_code_type_version":"UB04","billing_code":"0250","description":"PHARMACY","allowed_amounts":[{"tin":{"type":"ein","value":"400002285"},"service_code":["65"],"billing_class":"institutional","payments":[{"allowed_amount":0.04,"billing_code_modifier":[""],"providers":[{"billed_charge":0.70,"npi":[1275972531,1922306273]},{"billed_charge":0.92,"npi":[1275972531,1922306273]}]},{"allowed_amount":0.04,"billing_code_modifier":[""],"providers":[{"billed_charge":0.70,"npi":[1275972531,1922306273]},{"billed_charge":0.92,"npi":[1275972531,1922306273]}]}]},{"tin":{"type":"ein","value":"400002285"},"service_code":["65"],"billing_class":"institutional","payments":[{"allowed_amount":0.04,"billing_code_modifier":[""],"providers":[{"billed_charge":0.70,"npi":[1275972531,1922306273]},{"billed_charge":0.92,"npi":[1275972531,1922306273]}]},{"allowed_amount":0.04,"billing_code_modifier":[""],"providers":[{"billed_charge":0.70,"npi":[1275972531,1922306273]},{"billed_charge":0.92,"npi":[1275972531,1922306273]}]}]},{"tin":{"type":"ein","value":"400002285"},"service_code":["65"],"billing_class":"institutional","payments":[{"allowed_amount":0.05,"billing_code_modifier":[""],"providers":[{"billed_charge":0.70,"npi":[1275972531,1922306273]},{"billed_charge":0.92,"npi":[1275972531,1922306273]}]},{"allowed_amount":0.05,"billing_code_modifier":[""],"providers":[{"billed_charge":0.70,"npi":[1275972531,1922306273]},{"billed_charge":0.92,"npi":[1275972531,1922306273]}]}]},{"tin":{"type":"ein","value":"400002285"},"service_code":["65"],"billing_class":"institutional","payments":[{"allowed_amount":0.05,"billing_code_modifier":[""],"providers":[{"billed_charge":0.70,"npi":[1275972531,1922306273]},{"billed_charge":0.92,"npi":[1275972531,1922306273]}]},{"allowed_amount":0.05,"billing_code_modifier":[""],"providers":[{"billed_charge":0.70,"npi":[1275972531,1922306273]},{"billed_charge":0.92,"npi":[1275972531,1922306273]}]}]}]},{"name":"PSYCHIATRIC\/PSYCHOLOGICAL TRT: INTENSIVE OUTPATIEN","billing_code_type":"RC","billing_code_type_version":"UB04","billing_code":"0905","description":"PSYCHIATRIC\/PSYCHOLOGICAL TRT: INTENSIVE OUTPATIEN","allowed_amounts":[{"tin":{"type":"ein","value":"883884559"},"service_code":["22","51","52"],"billing_class":"institutional","payments":[{"allowed_amount":407.50,"billing_code_modifier":[""],"providers":[{"billed_charge":2825.00,"npi":[1801816764,1922794023]}]}]}]}]}
