{"reporting_entity_name": "IEC Group_DBA AmeriBen",
	"reporting_entity_type": "Third Party Administrator",
	"plan_name": "ZELIS HEALTHCARE",
	"plan_id_type": "ein",
	"plan_id": "582167964",
	"plan_market_type": "group",
	"last_updated_on": "2024-02-01","Version": "1.0.0","out_of_network":[{"name":"APPL MODALITY 1\/> AREAS ELEC STIMJ UNATTENDED","billing_code_type":"CPT","billing_code_type_version":"2020","billing_code":"97014","description":"APPL MODALITY 1\/> AREAS ELEC STIMJ UNATTENDED","allowed_amounts":[{"tin":{"type":"ein","value":"223442791"},"service_code":["11"],"billing_class":"professional","payments":[{"allowed_amount":21.02,"billing_code_modifier":[""],"providers":[{"billed_charge":180.00,"npi":[1003836420,1164582060,1255353090,1679720288]}]}]}]},{"name":"CCPD OPD\/HOME: CCPD COMP OR OTHER RATE","billing_code_type":"RC","billing_code_type_version":"UB04","billing_code":"0851","description":"CCPD OPD\/HOME: CCPD COMP OR OTHER RATE","allowed_amounts":[{"tin":{"type":"ein","value":"203275837"},"service_code":["65"],"billing_class":"institutional","payments":[{"allowed_amount":200.37,"billing_code_modifier":[""],"providers":[{"billed_charge":4134.43,"npi":[1346271145,1437168440]}]}]}]},{"name":"COLLECTION VENOUS BLOOD VENIPUNCTURE","billing_code_type":"CPT","billing_code_type_version":"2020","billing_code":"36415","description":"COLLECTION VENOUS BLOOD VENIPUNCTURE","allowed_amounts":[{"tin":{"type":"ein","value":"382084239"},"service_code":["81"],"billing_class":"professional","payments":[{"allowed_amount":1.02,"billing_code_modifier":[""],"providers":[{"billed_charge":21.37,"npi":[1134336332,1235645037,1508941501,1639112584,1639292931,1700366887,1740297811,1740721521,1780795708,1871756627,1932166386]},{"billed_charge":35.00,"npi":[1144201781,1932166386]}]},{"allowed_amount":1.02,"billing_code_modifier":[""],"providers":[{"billed_charge":21.37,"npi":[1134336332,1235645037,1508941501,1639112584,1639292931,1700366887,1740297811,1740721521,1780795708,1871756627,1932166386]},{"billed_charge":35.00,"npi":[1144201781,1932166386]}]}]},{"tin":{"type":"ein","value":"382084239"},"service_code":["81"],"billing_class":"professional","payments":[{"allowed_amount":1.02,"billing_code_modifier":[""],"providers":[{"billed_charge":21.37,"npi":[1134336332,1235645037,1508941501,1639112584,1639292931,1700366887,1740297811,1740721521,1780795708,1871756627,1932166386]},{"billed_charge":35.00,"npi":[1144201781,1932166386]}]},{"allowed_amount":1.02,"billing_code_modifier":[""],"providers":[{"billed_charge":21.37,"npi":[1134336332,1235645037,1508941501,1639112584,1639292931,1700366887,1740297811,1740721521,1780795708,1871756627,1932166386]},{"billed_charge":35.00,"npi":[1144201781,1932166386]}]}]}]},{"name":"MANUAL THERAPY TQS 1\/> REGIONS EACH 15 MINUTES","billing_code_type":"CPT","billing_code_type_version":"2020","billing_code":"97140","description":"MANUAL THERAPY TQS 1\/> REGIONS EACH 15 MINUTES","allowed_amounts":[{"tin":{"type":"ein","value":"223442791"},"service_code":["11"],"billing_class":"professional","payments":[{"allowed_amount":35.43,"billing_code_modifier":[""],"providers":[{"billed_charge":121.48,"npi":[1003836420,1164582060,1255353090,1679720288]}]}]},{"tin":{"type":"ein","value":"820665831"},"service_code":["11"],"billing_class":"professional","payments":[{"allowed_amount":35.43,"billing_code_modifier":[""],"providers":[{"billed_charge":150.00,"npi":[1548620610,1639681109,1639684723]}]}]}]},{"name":"PSYCHOTHERAPY W\/PATIENT 45 MINUTES","billing_code_type":"CPT","billing_code_type_version":"2020","billing_code":"90834","description":"PSYCHOTHERAPY W\/PATIENT 45 MINUTES","allowed_amounts":[{"tin":{"type":"ein","value":"147727577"},"service_code":["11"],"billing_class":"professional","payments":[{"allowed_amount":162.47,"billing_code_modifier":[""],"providers":[{"billed_charge":242.00,"npi":[1528263001]}]}]},{"tin":{"type":"ein","value":"834084306"},"service_code":["02"],"billing_class":"professional","payments":[{"allowed_amount":162.47,"billing_code_modifier":[""],"providers":[{"billed_charge":220.00,"npi":[1043783293,1912468844]}]}]}]},{"name":"THERAPEUTIC PX 1\/> AREAS EACH 15 MIN EXERCISES","billing_code_type":"CPT","billing_code_type_version":"2020","billing_code":"97110","description":"THERAPEUTIC PX 1\/> AREAS EACH 15 MIN EXERCISES","allowed_amounts":[{"tin":{"type":"ein","value":"820665831"},"service_code":["11"],"billing_class":"professional","payments":[{"allowed_amount":126.10,"billing_code_modifier":[""],"providers":[{"billed_charge":450.00,"npi":[1548620610,1639681109,1639684723]}]}]}]}]}
