{"reporting_entity_name": "IEC Group_DBA AmeriBen",
	"reporting_entity_type": "Third Party Administrator",
	"plan_name": "TYLER TECHNOLOGIES INC",
	"plan_id_type": "ein",
	"plan_id": "752303920",
	"plan_market_type": "group",
	"last_updated_on": "2024-08-01","Version": "1.0.0","out_of_network":[{"name":"ACUPUNCTURE 1\/> NDLES W\/O ELEC STIMJ INIT 15 MIN","billing_code_type":"CPT","billing_code_type_version":"2020","billing_code":"97810","description":"ACUPUNCTURE 1\/> NDLES W\/O ELEC STIMJ INIT 15 MIN","allowed_amounts":[{"tin":{"type":"ein","value":"004444378"},"service_code":["11"],"billing_class":"professional","payments":[{"allowed_amount":39.95,"billing_code_modifier":[""],"providers":[{"billed_charge":75.00,"npi":[1700957263]}]}]},{"tin":{"type":"ein","value":"004444378"},"service_code":["11"],"billing_class":"professional","payments":[{"allowed_amount":39.95,"billing_code_modifier":[""],"providers":[{"billed_charge":64.00,"npi":[1700957263]}]}]},{"tin":{"type":"ein","value":"813985134"},"service_code":["11"],"billing_class":"professional","payments":[{"allowed_amount":39.95,"billing_code_modifier":[""],"providers":[{"billed_charge":120.00,"npi":[1598482226,1861746521]}]}]}]},{"name":"CCPD OPD\/HOME: CCPD COMP OR OTHER RATE","billing_code_type":"RC","billing_code_type_version":"UB04","billing_code":"0851","description":"CCPD OPD\/HOME: CCPD COMP OR OTHER RATE","allowed_amounts":[{"tin":{"type":"ein","value":"460536117"},"service_code":["65"],"billing_class":"institutional","payments":[{"allowed_amount":434.82,"billing_code_modifier":[""],"providers":[{"billed_charge":3374.00,"npi":[1326480567,1598755993]},{"billed_charge":3543.00,"npi":[1326480567,1598755993]}]},{"allowed_amount":434.82,"billing_code_modifier":[""],"providers":[{"billed_charge":3374.00,"npi":[1326480567,1598755993]},{"billed_charge":3543.00,"npi":[1326480567,1598755993]}]}]},{"tin":{"type":"ein","value":"460536117"},"service_code":["65"],"billing_class":"institutional","payments":[{"allowed_amount":434.82,"billing_code_modifier":[""],"providers":[{"billed_charge":3374.00,"npi":[1326480567,1598755993]},{"billed_charge":3543.00,"npi":[1326480567,1598755993]}]},{"allowed_amount":434.82,"billing_code_modifier":[""],"providers":[{"billed_charge":3374.00,"npi":[1326480567,1598755993]},{"billed_charge":3543.00,"npi":[1326480567,1598755993]}]}]}]},{"name":"GROUP PSYCHOTHERAPY","billing_code_type":"CPT","billing_code_type_version":"2020","billing_code":"90853","description":"GROUP PSYCHOTHERAPY","allowed_amounts":[{"tin":{"type":"ein","value":"274255743"},"service_code":["22"],"billing_class":"professional","payments":[{"allowed_amount":27.04,"billing_code_modifier":[""],"providers":[{"billed_charge":45.00,"npi":[1234567893]}]}]}]},{"name":"HEMO OPD\/HOME: HEMODIALYSIS COMP OR OTHER RATE","billing_code_type":"RC","billing_code_type_version":"UB04","billing_code":"0821","description":"HEMO OPD\/HOME: HEMODIALYSIS COMP OR OTHER RATE","allowed_amounts":[{"tin":{"type":"ein","value":"620850498"},"service_code":["65"],"billing_class":"institutional","payments":[{"allowed_amount":306.25,"billing_code_modifier":[""],"providers":[{"billed_charge":2730.00,"npi":[1063789865,1093362618]}]}]}]},{"name":"IA INFECTIOUS AGT ANTIBODY SARS-COV-2 COVID-19","billing_code_type":"CPT","billing_code_type_version":"2020","billing_code":"86328","description":"IA INFECTIOUS AGT ANTIBODY SARS-COV-2 COVID-19","allowed_amounts":[{"tin":{"type":"ein","value":"873855130"},"service_code":["81"],"billing_class":"professional","payments":[{"allowed_amount":45.28,"billing_code_modifier":[""],"providers":[{"billed_charge":121.35,"npi":[1073272134,1235148982,1821043290]}]}]}]},{"name":"IADNA SARSCOV2 & INF A&B & RSV MULT AMP PROBE TQ","billing_code_type":"CPT","billing_code_type_version":"2020","billing_code":"87637","description":"IADNA SARSCOV2 & INF A&B & RSV MULT AMP PROBE TQ","allowed_amounts":[{"tin":{"type":"ein","value":"830578765"},"service_code":["81"],"billing_class":"professional","payments":[{"allowed_amount":142.63,"billing_code_modifier":[""],"providers":[{"billed_charge":500.00,"npi":[1710516471,1861987083]}]}]},{"tin":{"type":"ein","value":"873855130"},"service_code":["81"],"billing_class":"professional","payments":[{"allowed_amount":142.63,"billing_code_modifier":[""],"providers":[{"billed_charge":241.95,"npi":[1073272134,1235148982,1821043290]}]}]}]},{"name":"MANUAL THERAPY TQS 1\/> REGIONS EACH 15 MINUTES","billing_code_type":"CPT","billing_code_type_version":"2020","billing_code":"97140","description":"MANUAL THERAPY TQS 1\/> REGIONS EACH 15 MINUTES","allowed_amounts":[{"tin":{"type":"ein","value":"834259014"},"service_code":["11"],"billing_class":"professional","payments":[{"allowed_amount":59.82,"billing_code_modifier":[""],"providers":[{"billed_charge":225.00,"npi":[1275978876,1447875497]}]}]},{"tin":{"type":"ein","value":"834259014"},"service_code":["11"],"billing_class":"professional","payments":[{"allowed_amount":79.76,"billing_code_modifier":[""],"providers":[{"billed_charge":300.00,"npi":[1275978876,1447875497]}]}]}]},{"name":"MEDICAL\/SURGICAL SUPPLIES","billing_code_type":"RC","billing_code_type_version":"UB04","billing_code":"0270","description":"MEDICAL\/SURGICAL SUPPLIES","allowed_amounts":[{"tin":{"type":"ein","value":"810747649"},"service_code":["65"],"billing_class":"institutional","payments":[{"allowed_amount":4.80,"billing_code_modifier":[""],"providers":[{"billed_charge":142.00,"npi":[1588023683,1730175332]}]}]},{"tin":{"type":"ein","value":"810747649"},"service_code":["65"],"billing_class":"institutional","payments":[{"allowed_amount":7.07,"billing_code_modifier":[""],"providers":[{"billed_charge":149.10,"npi":[1588023683,1730175332]}]}]}]},{"name":"NFCT AGENT GENOTYPE ALYS NUCLEIC ACID SARSCOV2","billing_code_type":"CPT","billing_code_type_version":"2020","billing_code":"87913","description":"NFCT AGENT GENOTYPE ALYS NUCLEIC ACID SARSCOV2","allowed_amounts":[{"tin":{"type":"ein","value":"873855130"},"service_code":["81"],"billing_class":"professional","payments":[{"allowed_amount":176.25,"billing_code_modifier":[""],"providers":[{"billed_charge":176.25,"npi":[1073272134,1235148982,1821043290]}]}]}]},{"name":"OFFICE\/OUTPATIENT EST PT MAY NOT REQ PHYS\/QHP","billing_code_type":"CPT","billing_code_type_version":"2020","billing_code":"99211","description":"OFFICE\/OUTPATIENT EST PT MAY NOT REQ PHYS\/QHP","allowed_amounts":[{"tin":{"type":"ein","value":"834259014"},"service_code":["11"],"billing_class":"professional","payments":[{"allowed_amount":22.60,"billing_code_modifier":[""],"providers":[{"billed_charge":25.00,"npi":[1275978876,1447875497]},{"billed_charge":50.00,"npi":[1275978876,1447875497]}]},{"allowed_amount":22.60,"billing_code_modifier":[""],"providers":[{"billed_charge":25.00,"npi":[1275978876,1447875497]},{"billed_charge":50.00,"npi":[1275978876,1447875497]}]}]},{"tin":{"type":"ein","value":"834259014"},"service_code":["11"],"billing_class":"professional","payments":[{"allowed_amount":22.60,"billing_code_modifier":[""],"providers":[{"billed_charge":25.00,"npi":[1275978876,1447875497]},{"billed_charge":50.00,"npi":[1275978876,1447875497]}]},{"allowed_amount":22.60,"billing_code_modifier":[""],"providers":[{"billed_charge":25.00,"npi":[1275978876,1447875497]},{"billed_charge":50.00,"npi":[1275978876,1447875497]}]}]}]},{"name":"OFFICE\/OUTPATIENT ESTABLISHED LOW MDM 20 MIN","billing_code_type":"CPT","billing_code_type_version":"2020","billing_code":"99213","description":"OFFICE\/OUTPATIENT ESTABLISHED LOW MDM 20 MIN","allowed_amounts":[{"tin":{"type":"ein","value":"274415643"},"service_code":["11"],"billing_class":"professional","payments":[{"allowed_amount":80.70,"billing_code_modifier":[""],"providers":[{"billed_charge":1000.00,"npi":[1609166545,1669613816]}]}]}]},{"name":"PSYCHIATRIC\/PSYCHOLOGICAL SVCS: PARTIAL HOSP - INT","billing_code_type":"RC","billing_code_type_version":"UB04","billing_code":"0913","description":"PSYCHIATRIC\/PSYCHOLOGICAL SVCS: PARTIAL HOSP - INT","allowed_amounts":[{"tin":{"type":"ein","value":"861886988"},"service_code":["21"],"billing_class":"institutional","payments":[{"allowed_amount":328.75,"billing_code_modifier":[""],"providers":[{"billed_charge":3500.00,"npi":[1689345381]}]}]}]},{"name":"PSYCHOTHERAPY W\/PATIENT 60 MINUTES","billing_code_type":"CPT","billing_code_type_version":"2020","billing_code":"90837","description":"PSYCHOTHERAPY W\/PATIENT 60 MINUTES","allowed_amounts":[{"tin":{"type":"ein","value":"010720401"},"service_code":["12"],"billing_class":"professional","payments":[{"allowed_amount":157.61,"billing_code_modifier":[""],"providers":[{"billed_charge":180.00,"npi":[1053887968]}]}]},{"tin":{"type":"ein","value":"030547314"},"service_code":["11"],"billing_class":"professional","payments":[{"allowed_amount":150.00,"billing_code_modifier":[""],"providers":[{"billed_charge":150.00,"npi":[1316093677]}]}]},{"tin":{"type":"ein","value":"546251680"},"service_code":["11"],"billing_class":"professional","payments":[{"allowed_amount":130.00,"billing_code_modifier":[""],"providers":[{"billed_charge":130.00,"npi":[1235307349]}]}]},{"tin":{"type":"ein","value":"823966815"},"service_code":["11"],"billing_class":"professional","payments":[{"allowed_amount":150.00,"billing_code_modifier":[""],"providers":[{"billed_charge":150.00,"npi":[1376978742]}]}]}]},{"name":"SPECIMEN COLLECT COVID-19","billing_code_type":"HCPCS","billing_code_type_version":"HCPCS LEVEL II 2021","billing_code":"G2023","description":"SPECIMEN COLLECT COVID-19","allowed_amounts":[{"tin":{"type":"ein","value":"361924025"},"service_code":["81"],"billing_class":"professional","payments":[{"allowed_amount":23.46,"billing_code_modifier":[""],"providers":[{"billed_charge":28.99,"npi":[1821068420,1902324353]}]}]},{"tin":{"type":"ein","value":"830578765"},"service_code":["81"],"billing_class":"professional","payments":[{"allowed_amount":23.46,"billing_code_modifier":[""],"providers":[{"billed_charge":50.00,"npi":[1710516471,1861987083]}]}]},{"tin":{"type":"ein","value":"831342609"},"service_code":["81"],"billing_class":"professional","payments":[{"allowed_amount":23.46,"billing_code_modifier":[""],"providers":[{"billed_charge":50.00,"npi":[1073101028,1487815387]}]}]}]},{"name":"THERAPEUT ACTVITY DIRECT PT CONTACT EACH 15 MIN","billing_code_type":"CPT","billing_code_type_version":"2020","billing_code":"97530","description":"THERAPEUT ACTVITY DIRECT PT CONTACT EACH 15 MIN","allowed_amounts":[{"tin":{"type":"ein","value":"811542362"},"service_code":["11"],"billing_class":"professional","payments":[{"allowed_amount":0.00,"billing_code_modifier":[""],"providers":[{"billed_charge":110.00,"npi":[1487104261,1942209507]}]}]},{"tin":{"type":"ein","value":"834259014"},"service_code":["11"],"billing_class":"professional","payments":[{"allowed_amount":32.95,"billing_code_modifier":[""],"providers":[{"billed_charge":80.00,"npi":[1275978876,1447875497]}]}]},{"tin":{"type":"ein","value":"842613103"},"service_code":["11"],"billing_class":"professional","payments":[{"allowed_amount":0.00,"billing_code_modifier":[""],"providers":[{"billed_charge":252.00,"npi":[1154517969,1366098477,1922449073]}]}]}]},{"name":"THERAPEUTIC PX 1\/> AREAS EACH 15 MIN EXERCISES","billing_code_type":"CPT","billing_code_type_version":"2020","billing_code":"97110","description":"THERAPEUTIC PX 1\/> AREAS EACH 15 MIN EXERCISES","allowed_amounts":[{"tin":{"type":"ein","value":"301326427"},"service_code":["11"],"billing_class":"professional","payments":[{"allowed_amount":25.55,"billing_code_modifier":[""],"providers":[{"billed_charge":115.00,"npi":[1962108365]}]}]},{"tin":{"type":"ein","value":"834259014"},"service_code":["11"],"billing_class":"professional","payments":[{"allowed_amount":19.44,"billing_code_modifier":[""],"providers":[{"billed_charge":75.00,"npi":[1275978876,1447875497]}]}]},{"tin":{"type":"ein","value":"834259014"},"service_code":["11"],"billing_class":"professional","payments":[{"allowed_amount":25.55,"billing_code_modifier":[""],"providers":[{"billed_charge":75.00,"npi":[1275978876,1447875497]}]}]}]}]}
