{"reporting_entity_name": "IEC Group_DBA AmeriBen",
	"reporting_entity_type": "Third Party Administrator",
	"plan_name": "VAIL HEALTH",
	"plan_id_type": "ein",
	"plan_id": "840563230",
	"plan_market_type": "group",
	"last_updated_on": "2023-01-03","Version": "1.0.0","out_of_network":[{"name":"FETAL CHROMOSOMAL ANEUPLOIDY GENOMIC SEQ ANALYS","billing_code_type":"CPT","billing_code_type_version":"2020","billing_code":"81420","description":"FETAL CHROMOSOMAL ANEUPLOIDY GENOMIC SEQ ANALYS","allowed_amounts":[{"tin":{"type":"ein","value":"010894487"},"service_code":["81"],"billing_class":"professional","payments":[{"allowed_amount":3510.00,"billing_code_modifier":[""],"providers":[{"billed_charge":3900.00,"npi":[1235528225,1295722098,1376549550,1558672279,1710412291,1932391919]}]}]}]},{"name":"PSYCHIATRIC\/PSYCHOLOGICAL TRT: INTENSIVE OUT SERV","billing_code_type":"RC","billing_code_type_version":"UB04","billing_code":"0906","description":"PSYCHIATRIC\/PSYCHOLOGICAL TRT: INTENSIVE OUT SERV","allowed_amounts":[{"tin":{"type":"ein","value":"834326957"},"service_code":["22"],"billing_class":"institutional","payments":[{"allowed_amount":0.00,"billing_code_modifier":[""],"providers":[{"billed_charge":2175.00,"npi":[1114584232,1902943277]}]}]},{"tin":{"type":"ein","value":"834326957"},"service_code":["22"],"billing_class":"institutional","payments":[{"allowed_amount":95.32,"billing_code_modifier":[""],"providers":[{"billed_charge":2175.00,"npi":[1114584232,1902943277]}]}]}]},{"name":"PSYCHOTHERAPY W\/PATIENT 60 MINUTES","billing_code_type":"CPT","billing_code_type_version":"2020","billing_code":"90837","description":"PSYCHOTHERAPY W\/PATIENT 60 MINUTES","allowed_amounts":[{"tin":{"type":"ein","value":"842094547"},"service_code":["02"],"billing_class":"professional","payments":[{"allowed_amount":169.22,"billing_code_modifier":[""],"providers":[{"billed_charge":200.00,"npi":[1538486808]}]}]},{"tin":{"type":"ein","value":"861747274"},"service_code":["11"],"billing_class":"professional","payments":[{"allowed_amount":169.22,"billing_code_modifier":[""],"providers":[{"billed_charge":186.00,"npi":[1164014874,1457692949]}]}]}]}]}
