{"reporting_entity_name": "IEC Group_DBA AmeriBen",
	"reporting_entity_type": "Third Party Administrator",
	"plan_name": "ARCFIELD",
	"issuer_name": "IEC Group_DBA AmeriBen",
	"plan_sponsor_name": "ARCFIELD",
	"plan_id_type": "ein",
	"plan_id": "710869563",
	"plan_market_type": "group",
	"last_updated_on": "2026-02-01","reporting_period": {
		"start_date": "2025-08-05",
		"end_date": "2025-11-03"
	},"version": "2.0.0","out_of_network":[{"name":"25 HYDROXY INCLUDES FRACTIONS IF PERFORMED","billing_code_type":"CPT","billing_code_type_version":"2020","billing_code":"82306","description":"25 HYDROXY INCLUDES FRACTIONS IF PERFORMED","allowed_amounts":[{"tin":{"type":"ein","value":"201117882"},"service_code":["81"],"billing_class":"professional","setting":"outpatient","payments":[{"allowed_amount":33.55,"providers":[{"billed_charge":260.00,"npi":[1215038310,1407820459]}]}]}]},{"name":"ASSAY OF THYROID STIMULATING HORMONE TSH","billing_code_type":"CPT","billing_code_type_version":"2020","billing_code":"84443","description":"ASSAY OF THYROID STIMULATING HORMONE TSH","allowed_amounts":[{"tin":{"type":"ein","value":"201117882"},"service_code":["81"],"billing_class":"professional","setting":"outpatient","payments":[{"allowed_amount":19.04,"providers":[{"billed_charge":180.00,"npi":[1215038310,1407820459]}]}]}]},{"name":"BASIC METABOLIC PANEL CALCIUM TOTAL","billing_code_type":"CPT","billing_code_type_version":"2020","billing_code":"80048","description":"BASIC METABOLIC PANEL CALCIUM TOTAL","allowed_amounts":[{"tin":{"type":"ein","value":"201117882"},"service_code":["81"],"billing_class":"professional","setting":"outpatient","payments":[{"allowed_amount":9.58,"providers":[{"billed_charge":140.00,"npi":[1215038310,1407820459]}]}]}]},{"name":"BLOOD COUNT COMPLETE AUTO&AUTO DIFRNTL WBC","billing_code_type":"CPT","billing_code_type_version":"2020","billing_code":"85025","description":"BLOOD COUNT COMPLETE AUTO&AUTO DIFRNTL WBC","allowed_amounts":[{"tin":{"type":"ein","value":"201117882"},"service_code":["81"],"billing_class":"professional","setting":"outpatient","payments":[{"allowed_amount":8.82,"providers":[{"billed_charge":150.00,"npi":[1215038310,1407820459]}]}]}]},{"name":"C-REACTIVE PROTEIN HIGH SENSITIVITY","billing_code_type":"CPT","billing_code_type_version":"2020","billing_code":"86141","description":"C-REACTIVE PROTEIN HIGH SENSITIVITY","allowed_amounts":[{"tin":{"type":"ein","value":"201117882"},"service_code":["81"],"billing_class":"professional","setting":"outpatient","payments":[{"allowed_amount":9.17,"providers":[{"billed_charge":130.00,"npi":[1215038310,1407820459]}]}]}]},{"name":"COLLECTION VENOUS BLOOD VENIPUNCTURE","billing_code_type":"CPT","billing_code_type_version":"2020","billing_code":"36415","description":"COLLECTION VENOUS BLOOD VENIPUNCTURE","allowed_amounts":[{"tin":{"type":"ein","value":"201117882"},"service_code":["81"],"billing_class":"professional","setting":"outpatient","payments":[{"allowed_amount":3.00,"providers":[{"billed_charge":20.00,"npi":[1215038310,1407820459]}]}]}]},{"name":"CRITICAL CARE ILL\/INJURED PATIENT INIT 30-74 MIN","billing_code_type":"CPT","billing_code_type_version":"2020","billing_code":"99291","description":"CRITICAL CARE ILL\/INJURED PATIENT INIT 30-74 MIN","allowed_amounts":[{"tin":{"type":"ein","value":"922826272"},"service_code":["23"],"billing_class":"professional","setting":"outpatient","payments":[{"allowed_amount":245.92,"providers":[{"billed_charge":1693.00,"npi":[1073386421,1578233730]}]}]}]},{"name":"HEMOGLOBIN GLYCOSYLATED A1C","billing_code_type":"CPT","billing_code_type_version":"2020","billing_code":"83036","description":"HEMOGLOBIN GLYCOSYLATED A1C","allowed_amounts":[{"tin":{"type":"ein","value":"201117882"},"service_code":["81"],"billing_class":"professional","setting":"outpatient","payments":[{"allowed_amount":11.00,"providers":[{"billed_charge":150.00,"npi":[1215038310,1407820459]}]}]}]},{"name":"LIPID PANEL","billing_code_type":"CPT","billing_code_type_version":"2020","billing_code":"80061","description":"LIPID PANEL","allowed_amounts":[{"tin":{"type":"ein","value":"201117882"},"service_code":["81"],"billing_class":"professional","setting":"outpatient","payments":[{"allowed_amount":15.18,"providers":[{"billed_charge":175.00,"npi":[1215038310,1407820459]}]}]}]},{"name":"PSYCHOTHERAPY W\/PATIENT 60 MINUTES","billing_code_type":"CPT","billing_code_type_version":"2020","billing_code":"90837","description":"PSYCHOTHERAPY W\/PATIENT 60 MINUTES","allowed_amounts":[{"tin":{"type":"ein","value":"850820930"},"service_code":["10"],"billing_class":"professional","setting":"outpatient","payments":[{"allowed_amount":179.60,"providers":[{"billed_charge":185.00,"npi":[1134745193,1639928666,1932651817]}]}]}]},{"name":"SCREENING DIGITAL BREAST TOMOSYNTHESIS BI","billing_code_type":"CPT","billing_code_type_version":"2020","billing_code":"77063","description":"SCREENING DIGITAL BREAST TOMOSYNTHESIS BI","allowed_amounts":[{"tin":{"type":"ein","value":"223693606"},"service_code":["11"],"billing_class":"professional","setting":"outpatient","payments":[{"allowed_amount":48.83,"providers":[{"billed_charge":210.00,"npi":[1750880118,1831415231]}]}]}]},{"name":"SCREENING MAMMOGRAPHY BI 2-VIEW BREAST INC CAD","billing_code_type":"CPT","billing_code_type_version":"2020","billing_code":"77067","description":"SCREENING MAMMOGRAPHY BI 2-VIEW BREAST INC CAD","allowed_amounts":[{"tin":{"type":"ein","value":"223693606"},"service_code":["11"],"billing_class":"professional","setting":"outpatient","payments":[{"allowed_amount":118.81,"providers":[{"billed_charge":353.00,"npi":[1750880118,1831415231]}]}]}]},{"name":"URNLS DIP STICK\/TABLET REAGENT AUTO MICROSCOPY","billing_code_type":"CPT","billing_code_type_version":"2020","billing_code":"81001","description":"URNLS DIP STICK\/TABLET REAGENT AUTO MICROSCOPY","allowed_amounts":[{"tin":{"type":"ein","value":"201117882"},"service_code":["81"],"billing_class":"professional","setting":"outpatient","payments":[{"allowed_amount":3.58,"providers":[{"billed_charge":75.00,"npi":[1215038310,1407820459]}]}]}]}]}
