{"reporting_entity_name": "IEC Group_DBA AmeriBen",
	"reporting_entity_type": "Third Party Administrator",
	"plan_name": "THE FRIEDKIN GROUP INC",
	"plan_id_type": "ein",
	"plan_id": "275549425",
	"plan_market_type": "group",
	"last_updated_on": "2026-01-01","Version": "1.0.0","out_of_network":[{"name":"EMERGENCY DEPARTMENT VISIT MODERATE MDM","billing_code_type":"CPT","billing_code_type_version":"2020","billing_code":"99284","description":"EMERGENCY DEPARTMENT VISIT MODERATE MDM","allowed_amounts":[{"tin":{"type":"ein","value":"453688358"},"service_code":["23"],"billing_class":"professional","payments":[{"allowed_amount":170.92,"billing_code_modifier":[""],"providers":[{"billed_charge":5500.00,"npi":[1225044936,1447596382]}]}]},{"tin":{"type":"ein","value":"464198668"},"service_code":["23"],"billing_class":"professional","payments":[{"allowed_amount":170.92,"billing_code_modifier":[""],"providers":[{"billed_charge":2325.71,"npi":[1114965233,1679994941]}]}]},{"tin":{"type":"ein","value":"474649080"},"service_code":["23"],"billing_class":"professional","payments":[{"allowed_amount":170.92,"billing_code_modifier":[""],"providers":[{"billed_charge":1413.09,"npi":[1366815144,1417167982,1588825301,1932573144]}]}]},{"tin":{"type":"ein","value":"814581950"},"service_code":["23"],"billing_class":"professional","payments":[{"allowed_amount":170.92,"billing_code_modifier":[""],"providers":[{"billed_charge":3800.00,"npi":[1487186649,1750330932]}]}]},{"tin":{"type":"ein","value":"852464463"},"service_code":["23"],"billing_class":"professional","payments":[{"allowed_amount":170.92,"billing_code_modifier":[""],"providers":[{"billed_charge":2167.20,"npi":[1215548227,1558056895,1619122017]}]}]},{"tin":{"type":"ein","value":"862559925"},"service_code":["23"],"billing_class":"professional","payments":[{"allowed_amount":170.92,"billing_code_modifier":[""],"providers":[{"billed_charge":2750.00,"npi":[1295056752,1336470426,1760772792,1912586637]}]}]},{"tin":{"type":"ein","value":"873769568"},"service_code":["23"],"billing_class":"professional","payments":[{"allowed_amount":170.92,"billing_code_modifier":[""],"providers":[{"billed_charge":4334.40,"npi":[1629143029,1700521366]}]}]},{"tin":{"type":"ein","value":"883794336"},"service_code":["23"],"billing_class":"professional","payments":[{"allowed_amount":170.92,"billing_code_modifier":[""],"providers":[{"billed_charge":2461.65,"npi":[1477262905,1982113601,1982651840]}]}]}]},{"name":"HEMO OPD\/HOME: HEMODIALYSIS COMP OR OTHER RATE","billing_code_type":"RC","billing_code_type_version":"UB04","billing_code":"0821","description":"HEMO OPD\/HOME: HEMODIALYSIS COMP OR OTHER RATE","allowed_amounts":[{"tin":{"type":"ein","value":"834498430"},"service_code":["12"],"billing_class":"institutional","payments":[{"allowed_amount":318.59,"billing_code_modifier":[""],"providers":[{"billed_charge":3000.00,"npi":[1467537167,1912553868]}]}]},{"tin":{"type":"ein","value":"834498430"},"service_code":["12"],"billing_class":"institutional","payments":[{"allowed_amount":319.19,"billing_code_modifier":[""],"providers":[{"billed_charge":3000.00,"npi":[1467537167,1912553868]}]}]}]},{"name":"OTHER THERAPEUTIC SERV: DRUG REHAB","billing_code_type":"RC","billing_code_type_version":"UB04","billing_code":"0944","description":"OTHER THERAPEUTIC SERV: DRUG REHAB","allowed_amounts":[{"tin":{"type":"ein","value":"274250532"},"service_code":["53","57"],"billing_class":"institutional","payments":[{"allowed_amount":17.76,"billing_code_modifier":[""],"providers":[{"billed_charge":17.76,"npi":[1770781106]}]}]}]}]}
