{"reporting_entity_name": "IEC Group_DBA AmeriBen",
	"reporting_entity_type": "Third Party Administrator",
	"plan_name": "TRUETT MCCONNELL UNIVERSITY",
	"plan_id_type": "ein",
	"plan_id": "580531392",
	"plan_market_type": "group",
	"last_updated_on": "2022-12-01","Version": "1.0.0","out_of_network":[{"name":"CCPD OPD\/HOME: CCPD COMP OR OTHER RATE","billing_code_type":"RC","billing_code_type_version":"UB04","billing_code":"0851","description":"CCPD OPD\/HOME: CCPD COMP OR OTHER RATE","allowed_amounts":[{"tin":{"type":"ein","value":"812098729"},"service_code":["65"],"billing_class":"institutional","payments":[{"allowed_amount":2663.25,"billing_code_modifier":[""],"providers":[{"billed_charge":21217.00,"npi":[1184177594,1730162926]},{"billed_charge":22071.00,"npi":[1184177594,1730162926]}]},{"allowed_amount":2663.25,"billing_code_modifier":[""],"providers":[{"billed_charge":21217.00,"npi":[1184177594,1730162926]},{"billed_charge":22071.00,"npi":[1184177594,1730162926]}]}]},{"tin":{"type":"ein","value":"812098729"},"service_code":["65"],"billing_class":"institutional","payments":[{"allowed_amount":2663.25,"billing_code_modifier":[""],"providers":[{"billed_charge":21217.00,"npi":[1184177594,1730162926]},{"billed_charge":22071.00,"npi":[1184177594,1730162926]}]},{"allowed_amount":2663.25,"billing_code_modifier":[""],"providers":[{"billed_charge":21217.00,"npi":[1184177594,1730162926]},{"billed_charge":22071.00,"npi":[1184177594,1730162926]}]}]}]}]}
