{"reporting_entity_name": "IEC Group_DBA AmeriBen",
	"reporting_entity_type": "Third Party Administrator",
	"plan_name": "SUNRISE SENIOR LIVING MGMT",
	"plan_id_type": "ein",
	"plan_id": "541172771",
	"plan_market_type": "group",
	"last_updated_on": "2025-10-01","Version": "1.0.0","out_of_network":[{"name":"APPL MODALITY 1\/> AREAS ELEC STIMJ UNATTENDED","billing_code_type":"CPT","billing_code_type_version":"2020","billing_code":"97014","description":"APPL MODALITY 1\/> AREAS ELEC STIMJ UNATTENDED","allowed_amounts":[{"tin":{"type":"ein","value":"453547651"},"service_code":["11"],"billing_class":"professional","payments":[{"allowed_amount":7.93,"billing_code_modifier":[""],"providers":[{"billed_charge":50.00,"npi":[1275818015,1841388204]}]}]}]},{"name":"APPL MODALITY 1\/> AREAS TRACTION MECHANICAL","billing_code_type":"CPT","billing_code_type_version":"2020","billing_code":"97012","description":"APPL MODALITY 1\/> AREAS TRACTION MECHANICAL","allowed_amounts":[{"tin":{"type":"ein","value":"453547651"},"service_code":["11"],"billing_class":"professional","payments":[{"allowed_amount":8.94,"billing_code_modifier":[""],"providers":[{"billed_charge":60.00,"npi":[1275818015,1841388204]}]}]}]},{"name":"CHIROPRACTIC MANIPLTV TX EXTRASPINAL 1\/> REGION","billing_code_type":"CPT","billing_code_type_version":"2020","billing_code":"98943","description":"CHIROPRACTIC MANIPLTV TX EXTRASPINAL 1\/> REGION","allowed_amounts":[{"tin":{"type":"ein","value":"453547651"},"service_code":["11"],"billing_class":"professional","payments":[{"allowed_amount":22.78,"billing_code_modifier":[""],"providers":[{"billed_charge":85.00,"npi":[1275818015,1841388204]}]}]}]},{"name":"CHIROPRACTIC MANIPULATIVE TX SPINAL 3-4 REGIONS","billing_code_type":"CPT","billing_code_type_version":"2020","billing_code":"98941","description":"CHIROPRACTIC MANIPULATIVE TX SPINAL 3-4 REGIONS","allowed_amounts":[{"tin":{"type":"ein","value":"453547651"},"service_code":["11"],"billing_class":"professional","payments":[{"allowed_amount":34.78,"billing_code_modifier":[""],"providers":[{"billed_charge":125.00,"npi":[1275818015,1841388204]}]}]}]},{"name":"COLLECTION VENOUS BLOOD VENIPUNCTURE","billing_code_type":"CPT","billing_code_type_version":"2020","billing_code":"36415","description":"COLLECTION VENOUS BLOOD VENIPUNCTURE","allowed_amounts":[{"tin":{"type":"ein","value":"112981029"},"service_code":["81"],"billing_class":"professional","payments":[{"allowed_amount":3.00,"billing_code_modifier":[""],"providers":[{"billed_charge":12.80,"npi":[1023038825,1376587113,1396759692,1649280215]}]}]},{"tin":{"type":"ein","value":"540506463"},"service_code":["81"],"billing_class":"professional","payments":[{"allowed_amount":3.00,"billing_code_modifier":[""],"providers":[{"billed_charge":42.00,"npi":[1083103360,1750399192]}]}]},{"tin":{"type":"ein","value":"540519577"},"service_code":["81"],"billing_class":"professional","payments":[{"allowed_amount":3.00,"billing_code_modifier":[""],"providers":[{"billed_charge":25.00,"npi":[1548256472,1942288527]}]}]},{"tin":{"type":"ein","value":"540793767"},"service_code":["81"],"billing_class":"professional","payments":[{"allowed_amount":3.00,"billing_code_modifier":[""],"providers":[{"billed_charge":13.65,"npi":[1043743503,1588129480,1740470483,1861410086,1891138467]}]}]}]},{"name":"DRUG TEST DEF 1-7 CLASSES","billing_code_type":"HCPCS","billing_code_type_version":"HCPCS LEVEL II 2021","billing_code":"G0480","description":"DRUG TEST DEF 1-7 CLASSES","allowed_amounts":[{"tin":{"type":"ein","value":"208927080"},"service_code":["81"],"billing_class":"professional","payments":[{"allowed_amount":287.00,"billing_code_modifier":[""],"providers":[{"billed_charge":457.72,"npi":[1053501916,1194971085]}]}]},{"tin":{"type":"ein","value":"453350742"},"service_code":["81"],"billing_class":"professional","payments":[{"allowed_amount":287.00,"billing_code_modifier":[""],"providers":[{"billed_charge":1100.00,"npi":[1144527011,1982975421]}]}]},{"tin":{"type":"ein","value":"853121369"},"service_code":["81"],"billing_class":"professional","payments":[{"allowed_amount":287.00,"billing_code_modifier":[""],"providers":[{"billed_charge":2500.00,"npi":[1871231720,1891301073]}]}]},{"tin":{"type":"ein","value":"882069372"},"service_code":["81"],"billing_class":"professional","payments":[{"allowed_amount":287.00,"billing_code_modifier":[""],"providers":[{"billed_charge":1000.00,"npi":[1194863324,1548908163,1780904359]}]}]}]},{"name":"DRUG TEST DEF 22+ CLASSES","billing_code_type":"HCPCS","billing_code_type_version":"HCPCS LEVEL II 2021","billing_code":"G0483","description":"DRUG TEST DEF 22+ CLASSES","allowed_amounts":[{"tin":{"type":"ein","value":"920971049"},"service_code":["81"],"billing_class":"professional","payments":[{"allowed_amount":27.18,"billing_code_modifier":[""],"providers":[{"billed_charge":1237.50,"npi":[1659382588,1740546209,1952189086]}]}]}]},{"name":"DRUG TST PRSMV INSTRMNT CHEM ANALYZERS PR DATE","billing_code_type":"CPT","billing_code_type_version":"2020","billing_code":"80307","description":"DRUG TST PRSMV INSTRMNT CHEM ANALYZERS PR DATE","allowed_amounts":[{"tin":{"type":"ein","value":"208927080"},"service_code":["81"],"billing_class":"professional","payments":[{"allowed_amount":241.00,"billing_code_modifier":[""],"providers":[{"billed_charge":248.56,"npi":[1053501916,1194971085]}]}]},{"tin":{"type":"ein","value":"453350742"},"service_code":["81"],"billing_class":"professional","payments":[{"allowed_amount":241.00,"billing_code_modifier":[""],"providers":[{"billed_charge":400.00,"npi":[1144527011,1982975421]}]}]},{"tin":{"type":"ein","value":"830604071"},"service_code":["81"],"billing_class":"professional","payments":[{"allowed_amount":241.00,"billing_code_modifier":[""],"providers":[{"billed_charge":309.00,"npi":[1780663898,1972094423]}]}]},{"tin":{"type":"ein","value":"853121369"},"service_code":["81"],"billing_class":"professional","payments":[{"allowed_amount":241.00,"billing_code_modifier":[""],"providers":[{"billed_charge":2300.00,"npi":[1871231720,1891301073]}]}]}]},{"name":"DRUGS REQUIRE SPECIFIC ID: DRUGS REQUIRING DETAIL","billing_code_type":"RC","billing_code_type_version":"UB04","billing_code":"0636","description":"DRUGS REQUIRE SPECIFIC ID: DRUGS REQUIRING DETAIL","allowed_amounts":[{"tin":{"type":"ein","value":"831310580"},"service_code":["65"],"billing_class":"institutional","payments":[{"allowed_amount":1.62,"billing_code_modifier":[""],"providers":[{"billed_charge":118.00,"npi":[1780047233,1902383367]}]}]},{"tin":{"type":"ein","value":"831310580"},"service_code":["65"],"billing_class":"institutional","payments":[{"allowed_amount":1.75,"billing_code_modifier":[""],"providers":[{"billed_charge":118.00,"npi":[1780047233,1902383367]}]}]},{"tin":{"type":"ein","value":"831310580"},"service_code":["65"],"billing_class":"institutional","payments":[{"allowed_amount":57.46,"billing_code_modifier":[""],"providers":[{"billed_charge":118.00,"npi":[1780047233,1902383367]}]}]}]},{"name":"ELEC STIM OTHER THAN WOUND","billing_code_type":"HCPCS","billing_code_type_version":"HCPCS LEVEL II 2021","billing_code":"G0283","description":"ELEC STIM OTHER THAN WOUND","allowed_amounts":[{"tin":{"type":"ein","value":"223394880"},"service_code":["11"],"billing_class":"professional","payments":[{"allowed_amount":45.00,"billing_code_modifier":[""],"providers":[{"billed_charge":85.00,"npi":[1063562445,1518779214,1750451431,1790855468]}]}]}]},{"name":"HEMO OPD\/HOME: HEMODIALYSIS COMP OR OTHER RATE","billing_code_type":"RC","billing_code_type_version":"UB04","billing_code":"0821","description":"HEMO OPD\/HOME: HEMODIALYSIS COMP OR OTHER RATE","allowed_amounts":[{"tin":{"type":"ein","value":"831310580"},"service_code":["65"],"billing_class":"institutional","payments":[{"allowed_amount":1418.95,"billing_code_modifier":[""],"providers":[{"billed_charge":2914.00,"npi":[1780047233,1902383367]}]}]},{"tin":{"type":"ein","value":"831310580"},"service_code":["65"],"billing_class":"institutional","payments":[{"allowed_amount":1566.41,"billing_code_modifier":[""],"providers":[{"billed_charge":2914.00,"npi":[1780047233,1902383367]}]}]}]},{"name":"IADNA NOS AMPLIFIED PROBE TQ EACH ORGANISM","billing_code_type":"CPT","billing_code_type_version":"2020","billing_code":"87798","description":"IADNA NOS AMPLIFIED PROBE TQ EACH ORGANISM","allowed_amounts":[{"tin":{"type":"ein","value":"851099688"},"service_code":["81"],"billing_class":"professional","payments":[{"allowed_amount":52.42,"billing_code_modifier":[""],"providers":[{"billed_charge":87.73,"npi":[1457977209,1992750715]}]}]}]},{"name":"MANUAL THERAPY TQS 1\/> REGIONS EACH 15 MINUTES","billing_code_type":"CPT","billing_code_type_version":"2020","billing_code":"97140","description":"MANUAL THERAPY TQS 1\/> REGIONS EACH 15 MINUTES","allowed_amounts":[{"tin":{"type":"ein","value":"223394880"},"service_code":["11"],"billing_class":"professional","payments":[{"allowed_amount":76.00,"billing_code_modifier":[""],"providers":[{"billed_charge":95.00,"npi":[1063562445,1518779214,1750451431,1790855468]}]}]},{"tin":{"type":"ein","value":"462871264"},"service_code":["11"],"billing_class":"professional","payments":[{"allowed_amount":86.76,"billing_code_modifier":[""],"providers":[{"billed_charge":229.00,"npi":[1508204553,1578985230,1730870510]}]}]}]},{"name":"MEDICAL\/SURGICAL SUPPLIES","billing_code_type":"RC","billing_code_type_version":"UB04","billing_code":"0270","description":"MEDICAL\/SURGICAL SUPPLIES","allowed_amounts":[{"tin":{"type":"ein","value":"831310580"},"service_code":["65"],"billing_class":"institutional","payments":[{"allowed_amount":26.02,"billing_code_modifier":[""],"providers":[{"billed_charge":79.00,"npi":[1780047233,1902383367]}]}]},{"tin":{"type":"ein","value":"831310580"},"service_code":["65"],"billing_class":"institutional","payments":[{"allowed_amount":38.47,"billing_code_modifier":[""],"providers":[{"billed_charge":79.00,"npi":[1780047233,1902383367]}]}]}]},{"name":"OFFICE\/OUTPATIENT ESTABLISHED LOW MDM 20 MIN","billing_code_type":"CPT","billing_code_type_version":"2020","billing_code":"99213","description":"OFFICE\/OUTPATIENT ESTABLISHED LOW MDM 20 MIN","allowed_amounts":[{"tin":{"type":"ein","value":"223391469"},"service_code":["11"],"billing_class":"professional","payments":[{"allowed_amount":214.00,"billing_code_modifier":[""],"providers":[{"billed_charge":296.61,"npi":[1619267374,1891869475]}]}]},{"tin":{"type":"ein","value":"261575723"},"service_code":["11"],"billing_class":"professional","payments":[{"allowed_amount":214.00,"billing_code_modifier":[""],"providers":[{"billed_charge":400.00,"npi":[1558501601,1568617223]}]}]},{"tin":{"type":"ein","value":"452860001"},"service_code":["11"],"billing_class":"professional","payments":[{"allowed_amount":214.00,"billing_code_modifier":[""],"providers":[{"billed_charge":412.50,"npi":[1053672915,1831249275]}]}]},{"tin":{"type":"ein","value":"810699468"},"service_code":["11"],"billing_class":"professional","payments":[{"allowed_amount":214.00,"billing_code_modifier":[""],"providers":[{"billed_charge":400.00,"npi":[1225494016,1861653826]}]}]},{"tin":{"type":"ein","value":"811509163"},"service_code":["11"],"billing_class":"professional","payments":[{"allowed_amount":214.00,"billing_code_modifier":[""],"providers":[{"billed_charge":350.00,"npi":[1366941627,1730352576,1881053676]}]}]},{"tin":{"type":"ein","value":"815263885"},"service_code":["11"],"billing_class":"professional","payments":[{"allowed_amount":214.00,"billing_code_modifier":[""],"providers":[{"billed_charge":350.00,"npi":[1144527011,1356025894,1922563121]}]}]},{"tin":{"type":"ein","value":"843302552"},"service_code":["11"],"billing_class":"professional","payments":[{"allowed_amount":214.00,"billing_code_modifier":[""],"providers":[{"billed_charge":300.00,"npi":[1053501916]}]}]},{"tin":{"type":"ein","value":"851033504"},"service_code":["11"],"billing_class":"professional","payments":[{"allowed_amount":214.00,"billing_code_modifier":[""],"providers":[{"billed_charge":650.00,"npi":[1427670132,1548554520]}]}]},{"tin":{"type":"ein","value":"881093200"},"service_code":["11"],"billing_class":"professional","payments":[{"allowed_amount":214.00,"billing_code_modifier":[""],"providers":[{"billed_charge":450.00,"npi":[1508506494,1992750715]}]}]},{"tin":{"type":"ein","value":"883606250"},"service_code":["11"],"billing_class":"professional","payments":[{"allowed_amount":214.00,"billing_code_modifier":[""],"providers":[{"billed_charge":500.00,"npi":[1265569255,1801504451]}]}]}]},{"name":"PHARMACY","billing_code_type":"RC","billing_code_type_version":"UB04","billing_code":"0250","description":"PHARMACY","allowed_amounts":[{"tin":{"type":"ein","value":"831310580"},"service_code":["65"],"billing_class":"institutional","payments":[{"allowed_amount":14.00,"billing_code_modifier":[""],"providers":[{"billed_charge":32.00,"npi":[1780047233,1902383367]}]}]},{"tin":{"type":"ein","value":"831310580"},"service_code":["65"],"billing_class":"institutional","payments":[{"allowed_amount":22.00,"billing_code_modifier":[""],"providers":[{"billed_charge":52.00,"npi":[1780047233,1902383367]}]}]},{"tin":{"type":"ein","value":"831310580"},"service_code":["65"],"billing_class":"institutional","payments":[{"allowed_amount":25.32,"billing_code_modifier":[""],"providers":[{"billed_charge":52.00,"npi":[1780047233,1902383367]}]}]}]},{"name":"RESIDENTIAL TREATMENT-PSYCHIATRIC","billing_code_type":"RC","billing_code_type_version":"UB04","billing_code":"1001","description":"RESIDENTIAL TREATMENT-PSYCHIATRIC","allowed_amounts":[{"tin":{"type":"ein","value":"883974923"},"service_code":["21"],"billing_class":"institutional","payments":[{"allowed_amount":5099.60,"billing_code_modifier":[""],"providers":[{"billed_charge":5795.00,"npi":[1801816764,1922875301]}]}]},{"tin":{"type":"ein","value":"932761878"},"service_code":["21"],"billing_class":"institutional","payments":[{"allowed_amount":4358.00,"billing_code_modifier":[""],"providers":[{"billed_charge":5350.00,"npi":[1356110837,1801816764]}]}]}]},{"name":"SBSQ HOSPITAL IP\/OBS CARE HIGH MDM 50 MINUTES","billing_code_type":"CPT","billing_code_type_version":"2020","billing_code":"99233","description":"SBSQ HOSPITAL IP\/OBS CARE HIGH MDM 50 MINUTES","allowed_amounts":[{"tin":{"type":"ein","value":"090544189"},"service_code":["21"],"billing_class":"professional","payments":[{"allowed_amount":113.96,"billing_code_modifier":[""],"providers":[{"billed_charge":250.00,"npi":[1376545574,1699263582]}]}]},{"tin":{"type":"ein","value":"453711421"},"service_code":["21"],"billing_class":"professional","payments":[{"allowed_amount":113.96,"billing_code_modifier":[""],"providers":[{"billed_charge":440.00,"npi":[1124399308,1538468491]}]}]}]},{"name":"THER PX 1\/> AREAS EACH 15 MIN NEUROMUSC REEDUCA","billing_code_type":"CPT","billing_code_type_version":"2020","billing_code":"97112","description":"THER PX 1\/> AREAS EACH 15 MIN NEUROMUSC REEDUCA","allowed_amounts":[{"tin":{"type":"ein","value":"843413024"},"service_code":["11"],"billing_class":"professional","payments":[{"allowed_amount":128.86,"billing_code_modifier":[""],"providers":[{"billed_charge":260.00,"npi":[1396376927,1447259122,1710682398]}]}]}]},{"name":"THERAPEUT ACTVITY DIRECT PT CONTACT EACH 15 MIN","billing_code_type":"CPT","billing_code_type_version":"2020","billing_code":"97530","description":"THERAPEUT ACTVITY DIRECT PT CONTACT EACH 15 MIN","allowed_amounts":[{"tin":{"type":"ein","value":"223394880"},"service_code":["11"],"billing_class":"professional","payments":[{"allowed_amount":83.00,"billing_code_modifier":[""],"providers":[{"billed_charge":100.00,"npi":[1063562445,1518779214,1750451431]}]}]},{"tin":{"type":"ein","value":"843413024"},"service_code":["11"],"billing_class":"professional","payments":[{"allowed_amount":200.94,"billing_code_modifier":[""],"providers":[{"billed_charge":450.00,"npi":[1396376927,1447259122,1710682398]}]}]}]},{"name":"THERAPEUTIC PX 1\/> AREAS EACH 15 MIN EXERCISES","billing_code_type":"CPT","billing_code_type_version":"2020","billing_code":"97110","description":"THERAPEUTIC PX 1\/> AREAS EACH 15 MIN EXERCISES","allowed_amounts":[{"tin":{"type":"ein","value":"453547651"},"service_code":["11"],"billing_class":"professional","payments":[{"allowed_amount":37.62,"billing_code_modifier":[""],"providers":[{"billed_charge":160.00,"npi":[1275818015,1841388204]}]}]},{"tin":{"type":"ein","value":"472011921"},"service_code":["11"],"billing_class":"professional","payments":[{"allowed_amount":43.19,"billing_code_modifier":[""],"providers":[{"billed_charge":125.00,"npi":[1538989405,1871643171]}]}]},{"tin":{"type":"ein","value":"472428154"},"service_code":["11"],"billing_class":"professional","payments":[{"allowed_amount":43.19,"billing_code_modifier":[""],"providers":[{"billed_charge":80.00,"npi":[1306243696,1558670067]}]}]},{"tin":{"type":"ein","value":"843413024"},"service_code":["11"],"billing_class":"professional","payments":[{"allowed_amount":61.40,"billing_code_modifier":[""],"providers":[{"billed_charge":130.00,"npi":[1396376927,1447259122,1710682398]}]}]},{"tin":{"type":"ein","value":"852311938"},"service_code":["11"],"billing_class":"professional","payments":[{"allowed_amount":43.19,"billing_code_modifier":[""],"providers":[{"billed_charge":110.00,"npi":[1427661214,1831443274]}]}]}]}]}
