{"reporting_entity_name": "IEC Group_DBA AmeriBen",
	"reporting_entity_type": "Third Party Administrator",
	"plan_name": "CITY OF COLORADO SPRINGS",
	"plan_id_type": "ein",
	"plan_id": "846000573",
	"plan_market_type": "group",
	"last_updated_on": "2024-10-01","Version": "1.0.0","out_of_network":[{"name":"APPL MODALITY 1\/> AREAS ELEC STIMJ UNATTENDED","billing_code_type":"CPT","billing_code_type_version":"2020","billing_code":"97014","description":"APPL MODALITY 1\/> AREAS ELEC STIMJ UNATTENDED","allowed_amounts":[{"tin":{"type":"ein","value":"841580318"},"service_code":["11"],"billing_class":"professional","payments":[{"allowed_amount":0.00,"billing_code_modifier":[""],"providers":[{"billed_charge":36.00,"npi":[1063511954,1811072713]}]}]}]},{"name":"APPL MODALITY 1\/> AREAS TRACTION MECHANICAL","billing_code_type":"CPT","billing_code_type_version":"2020","billing_code":"97012","description":"APPL MODALITY 1\/> AREAS TRACTION MECHANICAL","allowed_amounts":[{"tin":{"type":"ein","value":"841580318"},"service_code":["11"],"billing_class":"professional","payments":[{"allowed_amount":41.00,"billing_code_modifier":[""],"providers":[{"billed_charge":50.00,"npi":[1063511954,1811072713]}]}]}]},{"name":"BLOOD COUNT COMPLETE AUTO&AUTO DIFRNTL WBC","billing_code_type":"CPT","billing_code_type_version":"2020","billing_code":"85025","description":"BLOOD COUNT COMPLETE AUTO&AUTO DIFRNTL WBC","allowed_amounts":[{"tin":{"type":"ein","value":"431039532"},"service_code":["81"],"billing_class":"professional","payments":[{"allowed_amount":3.26,"billing_code_modifier":[""],"providers":[{"billed_charge":50.05,"npi":[1134163819,1336284108,1437461811,1609812445,1730340456,1740310622,1760906499,1770922510,1881658839,1962884486,1982214136]}]}]},{"tin":{"type":"ein","value":"873365405"},"service_code":["81"],"billing_class":"professional","payments":[{"allowed_amount":3.26,"billing_code_modifier":[""],"providers":[{"billed_charge":8.00,"npi":[1588377113,1770118713]}]}]}]},{"name":"CHIROPRACTIC MANIPLTV TX EXTRASPINAL 1\/> REGION","billing_code_type":"CPT","billing_code_type_version":"2020","billing_code":"98943","description":"CHIROPRACTIC MANIPLTV TX EXTRASPINAL 1\/> REGION","allowed_amounts":[{"tin":{"type":"ein","value":"260789334"},"service_code":["11"],"billing_class":"professional","payments":[{"allowed_amount":0.00,"billing_code_modifier":[""],"providers":[{"billed_charge":86.95,"npi":[1124209952,1619147337]}]}]},{"tin":{"type":"ein","value":"841580318"},"service_code":["11"],"billing_class":"professional","payments":[{"allowed_amount":0.00,"billing_code_modifier":[""],"providers":[{"billed_charge":60.00,"npi":[1063511954,1811072713]}]}]}]},{"name":"CHIROPRACTIC MANIPULATIVE TX SPINAL 1-2 REGIONS","billing_code_type":"CPT","billing_code_type_version":"2020","billing_code":"98940","description":"CHIROPRACTIC MANIPULATIVE TX SPINAL 1-2 REGIONS","allowed_amounts":[{"tin":{"type":"ein","value":"473789437"},"service_code":["11"],"billing_class":"professional","payments":[{"allowed_amount":41.00,"billing_code_modifier":[""],"providers":[{"billed_charge":95.00,"npi":[1740305002]}]}]},{"tin":{"type":"ein","value":"841157125"},"service_code":["11"],"billing_class":"professional","payments":[{"allowed_amount":41.00,"billing_code_modifier":[""],"providers":[{"billed_charge":60.00,"npi":[1023450178]},{"billed_charge":65.00,"npi":[1023450178]}]},{"allowed_amount":41.00,"billing_code_modifier":[""],"providers":[{"billed_charge":60.00,"npi":[1023450178]},{"billed_charge":65.00,"npi":[1023450178]}]}]},{"tin":{"type":"ein","value":"841157125"},"service_code":["11"],"billing_class":"professional","payments":[{"allowed_amount":41.00,"billing_code_modifier":[""],"providers":[{"billed_charge":60.00,"npi":[1023450178]},{"billed_charge":65.00,"npi":[1023450178]}]},{"allowed_amount":41.00,"billing_code_modifier":[""],"providers":[{"billed_charge":60.00,"npi":[1023450178]},{"billed_charge":65.00,"npi":[1023450178]}]}]}]},{"name":"CHIROPRACTIC MANIPULATIVE TX SPINAL 3-4 REGIONS","billing_code_type":"CPT","billing_code_type_version":"2020","billing_code":"98941","description":"CHIROPRACTIC MANIPULATIVE TX SPINAL 3-4 REGIONS","allowed_amounts":[{"tin":{"type":"ein","value":"260789334"},"service_code":["11"],"billing_class":"professional","payments":[{"allowed_amount":41.00,"billing_code_modifier":[""],"providers":[{"billed_charge":110.95,"npi":[1124209952,1619147337]}]}]},{"tin":{"type":"ein","value":"270740171"},"service_code":["11"],"billing_class":"professional","payments":[{"allowed_amount":41.00,"billing_code_modifier":[""],"providers":[{"billed_charge":64.70,"npi":[1669794350]}]}]},{"tin":{"type":"ein","value":"814391581"},"service_code":["11"],"billing_class":"professional","payments":[{"allowed_amount":0.00,"billing_code_modifier":[""],"providers":[{"billed_charge":89.29,"npi":[1073059200,1154601888]}]}]},{"tin":{"type":"ein","value":"814391581"},"service_code":["11"],"billing_class":"professional","payments":[{"allowed_amount":41.00,"billing_code_modifier":[""],"providers":[{"billed_charge":89.29,"npi":[1073059200,1154601888]}]}]},{"tin":{"type":"ein","value":"841580318"},"service_code":["11"],"billing_class":"professional","payments":[{"allowed_amount":0.00,"billing_code_modifier":[""],"providers":[{"billed_charge":80.00,"npi":[1063511954,1811072713]}]}]}]},{"name":"COLLECTION VENOUS BLOOD VENIPUNCTURE","billing_code_type":"CPT","billing_code_type_version":"2020","billing_code":"36415","description":"COLLECTION VENOUS BLOOD VENIPUNCTURE","allowed_amounts":[{"tin":{"type":"ein","value":"431039532"},"service_code":["81"],"billing_class":"professional","payments":[{"allowed_amount":1.02,"billing_code_modifier":[""],"providers":[{"billed_charge":35.00,"npi":[1093896144,1114902897,1134163819,1194705244,1215490388,1285362756,1336284108,1366415788,1366424699,1437461811,1467613158,1568962116,1609812445,1689220741,1720306566,1720583206,1730340456,1740310622,1760906499,1760996854,1770922510,1780653444,1811026610,1851032643,1881630614,1881658839,1962884486,1982214136]}]}]},{"tin":{"type":"ein","value":"840591617"},"service_code":["81"],"billing_class":"professional","payments":[{"allowed_amount":1.02,"billing_code_modifier":[""],"providers":[{"billed_charge":7.20,"npi":[1598843088,1982008785]}]}]},{"tin":{"type":"ein","value":"840611484"},"service_code":["81"],"billing_class":"professional","payments":[{"allowed_amount":1.02,"billing_code_modifier":[""],"providers":[{"billed_charge":26.25,"npi":[1275888695,1598747651]}]}]}]},{"name":"GENERAL HEALTH PANEL","billing_code_type":"CPT","billing_code_type_version":"2020","billing_code":"80050","description":"GENERAL HEALTH PANEL","allowed_amounts":[{"tin":{"type":"ein","value":"201236503"},"service_code":["81"],"billing_class":"professional","payments":[{"allowed_amount":14.76,"billing_code_modifier":[""],"providers":[{"billed_charge":140.52,"npi":[1225110497,1760470843]}]}]},{"tin":{"type":"ein","value":"431039532"},"service_code":["81"],"billing_class":"professional","payments":[{"allowed_amount":14.76,"billing_code_modifier":[""],"providers":[{"billed_charge":290.47,"npi":[1013431741,1104896448,1194705244,1215490388,1235606864,1285362756,1366415788,1366424699,1467613158,1609812445,1720306566,1811026610,1851032643,1881630614]}]}]},{"tin":{"type":"ein","value":"464019207"},"service_code":["81"],"billing_class":"professional","payments":[{"allowed_amount":14.76,"billing_code_modifier":[""],"providers":[{"billed_charge":40.00,"npi":[1720409154,1952957987]}]}]},{"tin":{"type":"ein","value":"840611484"},"service_code":["81"],"billing_class":"professional","payments":[{"allowed_amount":14.76,"billing_code_modifier":[""],"providers":[{"billed_charge":190.05,"npi":[1275888695,1598747651]}]}]},{"tin":{"type":"ein","value":"873365405"},"service_code":["81"],"billing_class":"professional","payments":[{"allowed_amount":14.76,"billing_code_modifier":[""],"providers":[{"billed_charge":40.00,"npi":[1396261525,1588377113]}]}]}]},{"name":"HEMOGLOBIN GLYCOSYLATED A1C","billing_code_type":"CPT","billing_code_type_version":"2020","billing_code":"83036","description":"HEMOGLOBIN GLYCOSYLATED A1C","allowed_amounts":[{"tin":{"type":"ein","value":"431039532"},"service_code":["81"],"billing_class":"professional","payments":[{"allowed_amount":4.08,"billing_code_modifier":[""],"providers":[{"billed_charge":81.68,"npi":[1013431741,1104896448,1215490388,1235606864,1285362756,1568962116,1609812445,1720306566,1770922510,1780653444]}]}]},{"tin":{"type":"ein","value":"464019207"},"service_code":["81"],"billing_class":"professional","payments":[{"allowed_amount":4.08,"billing_code_modifier":[""],"providers":[{"billed_charge":11.00,"npi":[1720409154,1952957987]}]}]},{"tin":{"type":"ein","value":"840591617"},"service_code":["81"],"billing_class":"professional","payments":[{"allowed_amount":4.08,"billing_code_modifier":[""],"providers":[{"billed_charge":24.00,"npi":[1518071067,1598843088]}]}]},{"tin":{"type":"ein","value":"840611484"},"service_code":["81"],"billing_class":"professional","payments":[{"allowed_amount":4.08,"billing_code_modifier":[""],"providers":[{"billed_charge":77.70,"npi":[1275888695,1598747651]}]}]}]},{"name":"HUMIDIFIER HEATED USED W PAP","billing_code_type":"HCPCS","billing_code_type_version":"HCPCS LEVEL II 2021","billing_code":"E0562","description":"HUMIDIFIER HEATED USED W PAP","allowed_amounts":[{"tin":{"type":"ein","value":"452683127"},"service_code":["12"],"billing_class":"professional","payments":[{"allowed_amount":11.43,"billing_code_modifier":[""],"providers":[{"billed_charge":40.00,"npi":[1144767542,1457828139,1467027078,1962487587]}]}]},{"tin":{"type":"ein","value":"464592249"},"service_code":["12"],"billing_class":"professional","payments":[{"allowed_amount":11.43,"billing_code_modifier":[""],"providers":[{"billed_charge":17.48,"npi":[1104882638]}]}]},{"tin":{"type":"ein","value":"611423158"},"service_code":["12"],"billing_class":"professional","payments":[{"allowed_amount":11.43,"billing_code_modifier":[""],"providers":[{"billed_charge":49.99,"npi":[1073551446]}]}]}]},{"name":"IADNA NOS AMPLIFIED PROBE TQ EACH ORGANISM","billing_code_type":"CPT","billing_code_type_version":"2020","billing_code":"87798","description":"IADNA NOS AMPLIFIED PROBE TQ EACH ORGANISM","allowed_amounts":[{"tin":{"type":"ein","value":"331168930"},"service_code":["81"],"billing_class":"professional","payments":[{"allowed_amount":14.73,"billing_code_modifier":[""],"providers":[{"billed_charge":44.98,"npi":[1184814014,1316467459]},{"billed_charge":44.99,"npi":[1184814014,1316467459]},{"billed_charge":45.00,"npi":[1184814014,1316467459]},{"billed_charge":45.01,"npi":[1184814014,1316467459]}]},{"allowed_amount":14.73,"billing_code_modifier":[""],"providers":[{"billed_charge":44.98,"npi":[1184814014,1316467459]},{"billed_charge":44.99,"npi":[1184814014,1316467459]},{"billed_charge":45.00,"npi":[1184814014,1316467459]},{"billed_charge":45.01,"npi":[1184814014,1316467459]}]},{"allowed_amount":14.73,"billing_code_modifier":[""],"providers":[{"billed_charge":44.98,"npi":[1184814014,1316467459]},{"billed_charge":44.99,"npi":[1184814014,1316467459]},{"billed_charge":45.00,"npi":[1184814014,1316467459]},{"billed_charge":45.01,"npi":[1184814014,1316467459]}]},{"allowed_amount":14.73,"billing_code_modifier":[""],"providers":[{"billed_charge":44.98,"npi":[1184814014,1316467459]},{"billed_charge":44.99,"npi":[1184814014,1316467459]},{"billed_charge":45.00,"npi":[1184814014,1316467459]},{"billed_charge":45.01,"npi":[1184814014,1316467459]}]}]},{"tin":{"type":"ein","value":"331168930"},"service_code":["81"],"billing_class":"professional","payments":[{"allowed_amount":14.73,"billing_code_modifier":[""],"providers":[{"billed_charge":44.98,"npi":[1184814014,1316467459]},{"billed_charge":44.99,"npi":[1184814014,1316467459]},{"billed_charge":45.00,"npi":[1184814014,1316467459]},{"billed_charge":45.01,"npi":[1184814014,1316467459]}]},{"allowed_amount":14.73,"billing_code_modifier":[""],"providers":[{"billed_charge":44.98,"npi":[1184814014,1316467459]},{"billed_charge":44.99,"npi":[1184814014,1316467459]},{"billed_charge":45.00,"npi":[1184814014,1316467459]},{"billed_charge":45.01,"npi":[1184814014,1316467459]}]},{"allowed_amount":14.73,"billing_code_modifier":[""],"providers":[{"billed_charge":44.98,"npi":[1184814014,1316467459]},{"billed_charge":44.99,"npi":[1184814014,1316467459]},{"billed_charge":45.00,"npi":[1184814014,1316467459]},{"billed_charge":45.01,"npi":[1184814014,1316467459]}]},{"allowed_amount":14.73,"billing_code_modifier":[""],"providers":[{"billed_charge":44.98,"npi":[1184814014,1316467459]},{"billed_charge":44.99,"npi":[1184814014,1316467459]},{"billed_charge":45.00,"npi":[1184814014,1316467459]},{"billed_charge":45.01,"npi":[1184814014,1316467459]}]}]},{"tin":{"type":"ein","value":"331168930"},"service_code":["81"],"billing_class":"professional","payments":[{"allowed_amount":14.73,"billing_code_modifier":[""],"providers":[{"billed_charge":44.98,"npi":[1184814014,1316467459]},{"billed_charge":44.99,"npi":[1184814014,1316467459]},{"billed_charge":45.00,"npi":[1184814014,1316467459]},{"billed_charge":45.01,"npi":[1184814014,1316467459]}]},{"allowed_amount":14.73,"billing_code_modifier":[""],"providers":[{"billed_charge":44.98,"npi":[1184814014,1316467459]},{"billed_charge":44.99,"npi":[1184814014,1316467459]},{"billed_charge":45.00,"npi":[1184814014,1316467459]},{"billed_charge":45.01,"npi":[1184814014,1316467459]}]},{"allowed_amount":14.73,"billing_code_modifier":[""],"providers":[{"billed_charge":44.98,"npi":[1184814014,1316467459]},{"billed_charge":44.99,"npi":[1184814014,1316467459]},{"billed_charge":45.00,"npi":[1184814014,1316467459]},{"billed_charge":45.01,"npi":[1184814014,1316467459]}]},{"allowed_amount":14.73,"billing_code_modifier":[""],"providers":[{"billed_charge":44.98,"npi":[1184814014,1316467459]},{"billed_charge":44.99,"npi":[1184814014,1316467459]},{"billed_charge":45.00,"npi":[1184814014,1316467459]},{"billed_charge":45.01,"npi":[1184814014,1316467459]}]}]},{"tin":{"type":"ein","value":"331168930"},"service_code":["81"],"billing_class":"professional","payments":[{"allowed_amount":14.73,"billing_code_modifier":[""],"providers":[{"billed_charge":44.98,"npi":[1184814014,1316467459]},{"billed_charge":44.99,"npi":[1184814014,1316467459]},{"billed_charge":45.00,"npi":[1184814014,1316467459]},{"billed_charge":45.01,"npi":[1184814014,1316467459]}]},{"allowed_amount":14.73,"billing_code_modifier":[""],"providers":[{"billed_charge":44.98,"npi":[1184814014,1316467459]},{"billed_charge":44.99,"npi":[1184814014,1316467459]},{"billed_charge":45.00,"npi":[1184814014,1316467459]},{"billed_charge":45.01,"npi":[1184814014,1316467459]}]},{"allowed_amount":14.73,"billing_code_modifier":[""],"providers":[{"billed_charge":44.98,"npi":[1184814014,1316467459]},{"billed_charge":44.99,"npi":[1184814014,1316467459]},{"billed_charge":45.00,"npi":[1184814014,1316467459]},{"billed_charge":45.01,"npi":[1184814014,1316467459]}]},{"allowed_amount":14.73,"billing_code_modifier":[""],"providers":[{"billed_charge":44.98,"npi":[1184814014,1316467459]},{"billed_charge":44.99,"npi":[1184814014,1316467459]},{"billed_charge":45.00,"npi":[1184814014,1316467459]},{"billed_charge":45.01,"npi":[1184814014,1316467459]}]}]}]},{"name":"LIPID PANEL","billing_code_type":"CPT","billing_code_type_version":"2020","billing_code":"80061","description":"LIPID PANEL","allowed_amounts":[{"tin":{"type":"ein","value":"431039532"},"service_code":["81"],"billing_class":"professional","payments":[{"allowed_amount":7.68,"billing_code_modifier":[""],"providers":[{"billed_charge":162.91,"npi":[1013431741,1104896448,1114902897,1134163819,1194705244,1215490388,1235606864,1285362756,1336284108,1366424699,1467613158,1609812445,1720306566,1740310622,1760906499,1770922510,1780653444,1962884486]}]}]},{"tin":{"type":"ein","value":"464019207"},"service_code":["81"],"billing_class":"professional","payments":[{"allowed_amount":7.68,"billing_code_modifier":[""],"providers":[{"billed_charge":15.00,"npi":[1720409154,1952957987]}]}]},{"tin":{"type":"ein","value":"840611484"},"service_code":["81"],"billing_class":"professional","payments":[{"allowed_amount":7.68,"billing_code_modifier":[""],"providers":[{"billed_charge":97.65,"npi":[1275888695,1598747651]}]}]},{"tin":{"type":"ein","value":"873365405"},"service_code":["81"],"billing_class":"professional","payments":[{"allowed_amount":7.68,"billing_code_modifier":[""],"providers":[{"billed_charge":15.00,"npi":[1396261525,1588377113,1770118713]}]}]}]},{"name":"MANUAL THERAPY TQS 1\/> REGIONS EACH 15 MINUTES","billing_code_type":"CPT","billing_code_type_version":"2020","billing_code":"97140","description":"MANUAL THERAPY TQS 1\/> REGIONS EACH 15 MINUTES","allowed_amounts":[{"tin":{"type":"ein","value":"841580318"},"service_code":["11"],"billing_class":"professional","payments":[{"allowed_amount":0.00,"billing_code_modifier":[""],"providers":[{"billed_charge":80.00,"npi":[1063511954,1811072713]}]}]}]},{"name":"OFFICE\/OUTPATIENT ESTABLISHED LOW MDM 20 MIN","billing_code_type":"CPT","billing_code_type_version":"2020","billing_code":"99213","description":"OFFICE\/OUTPATIENT ESTABLISHED LOW MDM 20 MIN","allowed_amounts":[{"tin":{"type":"ein","value":"371899636"},"service_code":["11"],"billing_class":"professional","payments":[{"allowed_amount":76.02,"billing_code_modifier":[""],"providers":[{"billed_charge":278.97,"npi":[1285739623,1841709482,1992297469]}]}]},{"tin":{"type":"ein","value":"840832336"},"service_code":["11"],"billing_class":"professional","payments":[{"allowed_amount":76.02,"billing_code_modifier":[""],"providers":[{"billed_charge":157.20,"npi":[1073699468,1487859534,1679839948,1760599724]}]}]},{"tin":{"type":"ein","value":"882173069"},"service_code":["11"],"billing_class":"professional","payments":[{"allowed_amount":76.02,"billing_code_modifier":[""],"providers":[{"billed_charge":148.00,"npi":[1104111277,1104501873,1134163819,1184311383]}]}]}]},{"name":"OFFICE\/OUTPATIENT ESTABLISHED MOD MDM 30 MIN","billing_code_type":"CPT","billing_code_type_version":"2020","billing_code":"99214","description":"OFFICE\/OUTPATIENT ESTABLISHED MOD MDM 30 MIN","allowed_amounts":[{"tin":{"type":"ein","value":"201165785"},"service_code":["11"],"billing_class":"professional","payments":[{"allowed_amount":109.95,"billing_code_modifier":[""],"providers":[{"billed_charge":150.00,"npi":[1639105638]}]}]},{"tin":{"type":"ein","value":"202029931"},"service_code":["11"],"billing_class":"professional","payments":[{"allowed_amount":109.95,"billing_code_modifier":[""],"providers":[{"billed_charge":165.00,"npi":[1053654319,1316119076]}]}]},{"tin":{"type":"ein","value":"810970561"},"service_code":["10"],"billing_class":"professional","payments":[{"allowed_amount":109.95,"billing_code_modifier":[""],"providers":[{"billed_charge":398.73,"npi":[1306407010,1790141984]}]}]},{"tin":{"type":"ein","value":"833801205"},"service_code":["11"],"billing_class":"professional","payments":[{"allowed_amount":109.95,"billing_code_modifier":[""],"providers":[{"billed_charge":522.92,"npi":[1154889608,1538525639,1659856722]}]}]},{"tin":{"type":"ein","value":"833882262"},"service_code":["11"],"billing_class":"professional","payments":[{"allowed_amount":109.95,"billing_code_modifier":[""],"providers":[{"billed_charge":255.00,"npi":[1538478458]}]}]},{"tin":{"type":"ein","value":"840602716"},"service_code":["10"],"billing_class":"professional","payments":[{"allowed_amount":109.95,"billing_code_modifier":[""],"providers":[{"billed_charge":265.25,"npi":[1043260243,1750724951]}]}]},{"tin":{"type":"ein","value":"861747274"},"service_code":["02","11"],"billing_class":"professional","payments":[{"allowed_amount":109.95,"billing_code_modifier":[""],"providers":[{"billed_charge":245.44,"npi":[1164014874,1710357462]}]}]},{"tin":{"type":"ein","value":"882450384"},"service_code":["11"],"billing_class":"professional","payments":[{"allowed_amount":109.95,"billing_code_modifier":[""],"providers":[{"billed_charge":272.00,"npi":[1942261474,1962135822]}]}]},{"tin":{"type":"ein","value":"922280923"},"service_code":["11"],"billing_class":"professional","payments":[{"allowed_amount":109.95,"billing_code_modifier":[""],"providers":[{"billed_charge":653.65,"npi":[1053576058,1316722077,1376324293,1649214115,1821516238,1922686047]}]}]}]},{"name":"PSYCHOTHERAPY W\/PATIENT 60 MINUTES","billing_code_type":"CPT","billing_code_type_version":"2020","billing_code":"90837","description":"PSYCHOTHERAPY W\/PATIENT 60 MINUTES","allowed_amounts":[{"tin":{"type":"ein","value":"452668894"},"service_code":["10"],"billing_class":"professional","payments":[{"allowed_amount":169.22,"billing_code_modifier":[""],"providers":[{"billed_charge":315.00,"npi":[1073004164,1588038681]}]}]},{"tin":{"type":"ein","value":"475025949"},"service_code":["02","11"],"billing_class":"professional","payments":[{"allowed_amount":169.22,"billing_code_modifier":[""],"providers":[{"billed_charge":206.00,"npi":[1376877217,1386150738,1760854442]}]}]},{"tin":{"type":"ein","value":"810970561"},"service_code":["10"],"billing_class":"professional","payments":[{"allowed_amount":169.22,"billing_code_modifier":[""],"providers":[{"billed_charge":459.21,"npi":[1609449479,1790141984]}]}]},{"tin":{"type":"ein","value":"873430044"},"service_code":["10","11"],"billing_class":"professional","payments":[{"allowed_amount":169.22,"billing_code_modifier":[""],"providers":[{"billed_charge":195.00,"npi":[1023545761,1134844780,1336735653]}]}]},{"tin":{"type":"ein","value":"933706212"},"service_code":["11"],"billing_class":"professional","payments":[{"allowed_amount":169.22,"billing_code_modifier":[""],"providers":[{"billed_charge":200.00,"npi":[1508415324]}]}]}]},{"name":"PT OR MANIP FOR MAINT","billing_code_type":"HCPCS","billing_code_type_version":"HCPCS LEVEL II 2021","billing_code":"S8990","description":"PT OR MANIP FOR MAINT","allowed_amounts":[{"tin":{"type":"ein","value":"743077382"},"service_code":["11"],"billing_class":"professional","payments":[{"allowed_amount":0.00,"billing_code_modifier":[""],"providers":[{"billed_charge":23.76,"npi":[1750562443]},{"billed_charge":39.60,"npi":[1750562443]}]},{"allowed_amount":0.00,"billing_code_modifier":[""],"providers":[{"billed_charge":23.76,"npi":[1750562443]},{"billed_charge":39.60,"npi":[1750562443]}]}]},{"tin":{"type":"ein","value":"743077382"},"service_code":["11"],"billing_class":"professional","payments":[{"allowed_amount":0.00,"billing_code_modifier":[""],"providers":[{"billed_charge":23.76,"npi":[1750562443]},{"billed_charge":39.60,"npi":[1750562443]}]},{"allowed_amount":0.00,"billing_code_modifier":[""],"providers":[{"billed_charge":23.76,"npi":[1750562443]},{"billed_charge":39.60,"npi":[1750562443]}]}]}]},{"name":"RESIDENTIAL TREATMENT-CHEMICAL DEPENDENCY","billing_code_type":"RC","billing_code_type_version":"UB04","billing_code":"1002","description":"RESIDENTIAL TREATMENT-CHEMICAL DEPENDENCY","allowed_amounts":[{"tin":{"type":"ein","value":"861655892"},"service_code":["21"],"billing_class":"institutional","payments":[{"allowed_amount":985.19,"billing_code_modifier":[""],"providers":[{"billed_charge":4995.00,"npi":[1033796982]}]}]},{"tin":{"type":"ein","value":"921124584"},"service_code":["21"],"billing_class":"institutional","payments":[{"allowed_amount":985.19,"billing_code_modifier":[""],"providers":[{"billed_charge":4295.00,"npi":[1588376859]}]}]}]},{"name":"THERAPEUTIC PX 1\/> AREAS EACH 15 MIN EXERCISES","billing_code_type":"CPT","billing_code_type_version":"2020","billing_code":"97110","description":"THERAPEUTIC PX 1\/> AREAS EACH 15 MIN EXERCISES","allowed_amounts":[{"tin":{"type":"ein","value":"364794715"},"service_code":["11"],"billing_class":"professional","payments":[{"allowed_amount":0.00,"billing_code_modifier":[""],"providers":[{"billed_charge":65.00,"npi":[1336542125,1487335782,1669258539]}]}]},{"tin":{"type":"ein","value":"814391581"},"service_code":["11"],"billing_class":"professional","payments":[{"allowed_amount":0.00,"billing_code_modifier":[""],"providers":[{"billed_charge":89.29,"npi":[1073059200,1154601888]}]}]},{"tin":{"type":"ein","value":"841580318"},"service_code":["11"],"billing_class":"professional","payments":[{"allowed_amount":0.00,"billing_code_modifier":[""],"providers":[{"billed_charge":80.00,"npi":[1063511954,1811072713]}]}]},{"tin":{"type":"ein","value":"999999999"},"service_code":["11"],"billing_class":"professional","payments":[{"allowed_amount":0.00,"billing_code_modifier":[""],"providers":[{"billed_charge":38.75,"npi":[1356048839]}]}]}]}]}
