{"reporting_entity_name": "IEC Group_DBA AmeriBen",
	"reporting_entity_type": "Third Party Administrator",
	"plan_name": "ZELIS HEALTHCARE",
	"plan_id_type": "ein",
	"plan_id": "582167964",
	"plan_market_type": "group",
	"last_updated_on": "2025-03-03","Version": "1.0.0","out_of_network":[{"name":"ADAPTIVE BEHAVIOR TX BY PROTOCOL TECH EA 15 MIN","billing_code_type":"CPT","billing_code_type_version":"2020","billing_code":"97153","description":"ADAPTIVE BEHAVIOR TX BY PROTOCOL TECH EA 15 MIN","allowed_amounts":[{"tin":{"type":"ein","value":"262488659"},"service_code":["11","99"],"billing_class":"professional","payments":[{"allowed_amount":277.50,"billing_code_modifier":[""],"providers":[{"billed_charge":400.00,"npi":[1063993269]}]}]}]},{"name":"ADDL SUPL MATRL&STAF TM DRG PHE RES-TR NFCT DS","billing_code_type":"CPT","billing_code_type_version":"2020","billing_code":"99072","description":"ADDL SUPL MATRL&STAF TM DRG PHE RES-TR NFCT DS","allowed_amounts":[{"tin":{"type":"ein","value":"452479133"},"service_code":["11"],"billing_class":"professional","payments":[{"allowed_amount":0.00,"billing_code_modifier":[""],"providers":[{"billed_charge":100.00,"npi":[1669768735,1902233141]}]}]}]},{"name":"CCPD OPD\/HOME: CCPD COMP OR OTHER RATE","billing_code_type":"RC","billing_code_type_version":"UB04","billing_code":"0851","description":"CCPD OPD\/HOME: CCPD COMP OR OTHER RATE","allowed_amounts":[{"tin":{"type":"ein","value":"203275837"},"service_code":["65"],"billing_class":"institutional","payments":[{"allowed_amount":175.23,"billing_code_modifier":[""],"providers":[{"billed_charge":4134.43,"npi":[1346271145,1437168440]}]}]},{"tin":{"type":"ein","value":"203275837"},"service_code":["65"],"billing_class":"institutional","payments":[{"allowed_amount":215.01,"billing_code_modifier":[""],"providers":[{"billed_charge":4134.43,"npi":[1346271145,1437168440]}]}]},{"tin":{"type":"ein","value":"203275837"},"service_code":["65"],"billing_class":"institutional","payments":[{"allowed_amount":269.90,"billing_code_modifier":[""],"providers":[{"billed_charge":4134.43,"npi":[1346271145,1437168440]}]}]}]},{"name":"DRUG TST PRSMV INSTRMNT CHEM ANALYZERS PR DATE","billing_code_type":"CPT","billing_code_type_version":"2020","billing_code":"80307","description":"DRUG TST PRSMV INSTRMNT CHEM ANALYZERS PR DATE","allowed_amounts":[{"tin":{"type":"ein","value":"475605297"},"service_code":["81"],"billing_class":"professional","payments":[{"allowed_amount":242.00,"billing_code_modifier":[""],"providers":[{"billed_charge":500.00,"npi":[1134588817,1386060507]}]}]},{"tin":{"type":"ein","value":"821256541"},"service_code":["81"],"billing_class":"professional","payments":[{"allowed_amount":242.00,"billing_code_modifier":[""],"providers":[{"billed_charge":850.00,"npi":[1366417677,1952876203]}]}]}]},{"name":"IADNA NOS AMPLIFIED PROBE TQ EACH ORGANISM","billing_code_type":"CPT","billing_code_type_version":"2020","billing_code":"87798","description":"IADNA NOS AMPLIFIED PROBE TQ EACH ORGANISM","allowed_amounts":[{"tin":{"type":"ein","value":"223510467"},"service_code":["81"],"billing_class":"professional","payments":[{"allowed_amount":24.56,"billing_code_modifier":[""],"providers":[{"billed_charge":50.00,"npi":[1023070612,1750373908,1932503844]},{"billed_charge":80.50,"npi":[1750373908,1932503844]}]},{"allowed_amount":24.56,"billing_code_modifier":[""],"providers":[{"billed_charge":50.00,"npi":[1023070612,1750373908,1932503844]},{"billed_charge":80.50,"npi":[1750373908,1932503844]}]}]},{"tin":{"type":"ein","value":"223510467"},"service_code":["81"],"billing_class":"professional","payments":[{"allowed_amount":24.56,"billing_code_modifier":[""],"providers":[{"billed_charge":50.00,"npi":[1023070612,1750373908,1932503844]},{"billed_charge":80.50,"npi":[1750373908,1932503844]}]},{"allowed_amount":24.56,"billing_code_modifier":[""],"providers":[{"billed_charge":50.00,"npi":[1023070612,1750373908,1932503844]},{"billed_charge":80.50,"npi":[1750373908,1932503844]}]}]}]},{"name":"MANUAL THERAPY TQS 1\/> REGIONS EACH 15 MINUTES","billing_code_type":"CPT","billing_code_type_version":"2020","billing_code":"97140","description":"MANUAL THERAPY TQS 1\/> REGIONS EACH 15 MINUTES","allowed_amounts":[{"tin":{"type":"ein","value":"452479133"},"service_code":["11"],"billing_class":"professional","payments":[{"allowed_amount":115.80,"billing_code_modifier":[""],"providers":[{"billed_charge":240.00,"npi":[1669768735,1902233141]}]}]},{"tin":{"type":"ein","value":"452479133"},"service_code":["11"],"billing_class":"professional","payments":[{"allowed_amount":173.70,"billing_code_modifier":[""],"providers":[{"billed_charge":360.00,"npi":[1669768735,1902233141]}]}]}]},{"name":"PSYCHIATRIC\/PSYCHOLOGICAL SVCS: PARTIAL HOSP - INT","billing_code_type":"RC","billing_code_type_version":"UB04","billing_code":"0913","description":"PSYCHIATRIC\/PSYCHOLOGICAL SVCS: PARTIAL HOSP - INT","allowed_amounts":[{"tin":{"type":"ein","value":"823727468"},"service_code":["22"],"billing_class":"institutional","payments":[{"allowed_amount":3149.00,"billing_code_modifier":[""],"providers":[{"billed_charge":4000.00,"npi":[1306443650,1386060507]}]}]}]},{"name":"PSYCHIATRIC\/PSYCHOLOGICAL TRT: INTENSIVE OUT SERV","billing_code_type":"RC","billing_code_type_version":"UB04","billing_code":"0906","description":"PSYCHIATRIC\/PSYCHOLOGICAL TRT: INTENSIVE OUT SERV","allowed_amounts":[{"tin":{"type":"ein","value":"823727468"},"service_code":["22"],"billing_class":"institutional","payments":[{"allowed_amount":2418.00,"billing_code_modifier":[""],"providers":[{"billed_charge":3400.00,"npi":[1306443650,1386060507]}]}]}]},{"name":"PSYCHIATRIC\/PSYCHOLOGICAL TRT: INTENSIVE OUTPATIEN","billing_code_type":"RC","billing_code_type_version":"UB04","billing_code":"0905","description":"PSYCHIATRIC\/PSYCHOLOGICAL TRT: INTENSIVE OUTPATIEN","allowed_amounts":[{"tin":{"type":"ein","value":"475627606"},"service_code":["22"],"billing_class":"institutional","payments":[{"allowed_amount":987.00,"billing_code_modifier":[""],"providers":[{"billed_charge":3195.00,"npi":[1174173702,1366417677]}]}]}]},{"name":"PSYCHOTHERAPY W\/PATIENT 60 MINUTES","billing_code_type":"CPT","billing_code_type_version":"2020","billing_code":"90837","description":"PSYCHOTHERAPY W\/PATIENT 60 MINUTES","allowed_amounts":[{"tin":{"type":"ein","value":"874585391"},"service_code":["11"],"billing_class":"professional","payments":[{"allowed_amount":134.89,"billing_code_modifier":[""],"providers":[{"billed_charge":190.00,"npi":[1114235793,1114673654]}]}]}]},{"name":"THER PX 1\/> AREAS EACH 15 MIN NEUROMUSC REEDUCA","billing_code_type":"CPT","billing_code_type_version":"2020","billing_code":"97112","description":"THER PX 1\/> AREAS EACH 15 MIN NEUROMUSC REEDUCA","allowed_amounts":[{"tin":{"type":"ein","value":"452479133"},"service_code":["11"],"billing_class":"professional","payments":[{"allowed_amount":84.00,"billing_code_modifier":[""],"providers":[{"billed_charge":150.00,"npi":[1669768735,1902233141]}]}]}]},{"name":"THERAPEUTIC PX 1\/> AREAS EACH 15 MIN EXERCISES","billing_code_type":"CPT","billing_code_type_version":"2020","billing_code":"97110","description":"THERAPEUTIC PX 1\/> AREAS EACH 15 MIN EXERCISES","allowed_amounts":[{"tin":{"type":"ein","value":"452479133"},"service_code":["11"],"billing_class":"professional","payments":[{"allowed_amount":60.88,"billing_code_modifier":[""],"providers":[{"billed_charge":150.00,"npi":[1669768735,1902233141]}]}]},{"tin":{"type":"ein","value":"823293519"},"service_code":["11"],"billing_class":"professional","payments":[{"allowed_amount":60.88,"billing_code_modifier":[""],"providers":[{"billed_charge":250.00,"npi":[1467965368,1669237004]}]}]}]}]}
