{"reporting_entity_name": "IEC Group_DBA AmeriBen",
	"reporting_entity_type": "Third Party Administrator",
	"plan_name": "HARTFORD HEALTHCARE",
	"plan_id_type": "ein",
	"plan_id": "362136262",
	"plan_market_type": "group",
	"last_updated_on": "2026-01-01","Version": "1.0.0","out_of_network":[{"name":"AMB SERVICE BLS EMERGENCY TRANSPORT","billing_code_type":"HCPCS","billing_code_type_version":"HCPCS LEVEL II 2021","billing_code":"A0429","description":"AMB SERVICE BLS EMERGENCY TRANSPORT","allowed_amounts":[{"tin":{"type":"ein","value":"060647731"},"service_code":["41"],"billing_class":"professional","payments":[{"allowed_amount":960.00,"billing_code_modifier":[""],"providers":[{"billed_charge":960.00,"npi":[1215937065]}]}]},{"tin":{"type":"ein","value":"060982860"},"service_code":["41"],"billing_class":"professional","payments":[{"allowed_amount":960.00,"billing_code_modifier":[""],"providers":[{"billed_charge":960.00,"npi":[1033498027]}]}]},{"tin":{"type":"ein","value":"061016971"},"service_code":["41"],"billing_class":"professional","payments":[{"allowed_amount":960.00,"billing_code_modifier":[""],"providers":[{"billed_charge":960.00,"npi":[1922008770]}]}]},{"tin":{"type":"ein","value":"061131074"},"service_code":["41"],"billing_class":"professional","payments":[{"allowed_amount":960.00,"billing_code_modifier":[""],"providers":[{"billed_charge":960.00,"npi":[1467425652]}]}]},{"tin":{"type":"ein","value":"061172811"},"service_code":["41"],"billing_class":"professional","payments":[{"allowed_amount":960.00,"billing_code_modifier":[""],"providers":[{"billed_charge":960.00,"npi":[1437144284]}]}]},{"tin":{"type":"ein","value":"061332287"},"service_code":["41"],"billing_class":"professional","payments":[{"allowed_amount":960.00,"billing_code_modifier":[""],"providers":[{"billed_charge":960.00,"npi":[1740253848]}]}]},{"tin":{"type":"ein","value":"061407577"},"service_code":["41"],"billing_class":"professional","payments":[{"allowed_amount":960.00,"billing_code_modifier":[""],"providers":[{"billed_charge":960.00,"npi":[1861563686]}]}]},{"tin":{"type":"ein","value":"061553185"},"service_code":["41"],"billing_class":"professional","payments":[{"allowed_amount":960.00,"billing_code_modifier":[""],"providers":[{"billed_charge":960.00,"npi":[1851391601]}]}]},{"tin":{"type":"ein","value":"066001977"},"service_code":["41"],"billing_class":"professional","payments":[{"allowed_amount":960.00,"billing_code_modifier":[""],"providers":[{"billed_charge":960.00,"npi":[1912446956]}]}]},{"tin":{"type":"ein","value":"066002112"},"service_code":["41"],"billing_class":"professional","payments":[{"allowed_amount":960.00,"billing_code_modifier":[""],"providers":[{"billed_charge":960.00,"npi":[1477526663]}]}]},{"tin":{"type":"ein","value":"066002128"},"service_code":["41"],"billing_class":"professional","payments":[{"allowed_amount":960.00,"billing_code_modifier":[""],"providers":[{"billed_charge":960.00,"npi":[1396718581]}]}]},{"tin":{"type":"ein","value":"066002135"},"service_code":["41"],"billing_class":"professional","payments":[{"allowed_amount":960.00,"billing_code_modifier":[""],"providers":[{"billed_charge":960.00,"npi":[1255338091]}]}]},{"tin":{"type":"ein","value":"066045430"},"service_code":["41"],"billing_class":"professional","payments":[{"allowed_amount":960.00,"billing_code_modifier":[""],"providers":[{"billed_charge":960.00,"npi":[1629390620]}]}]},{"tin":{"type":"ein","value":"066208731"},"service_code":["41"],"billing_class":"professional","payments":[{"allowed_amount":960.00,"billing_code_modifier":[""],"providers":[{"billed_charge":960.00,"npi":[1821098781]}]}]},{"tin":{"type":"ein","value":"141944486"},"service_code":["41"],"billing_class":"professional","payments":[{"allowed_amount":960.00,"billing_code_modifier":[""],"providers":[{"billed_charge":960.00,"npi":[1265539431]}]}]}]},{"name":"ANTIBODY BACTERIUM NOT ELSEWHERE SPECIFIED","billing_code_type":"CPT","billing_code_type_version":"2020","billing_code":"86609","description":"ANTIBODY BACTERIUM NOT ELSEWHERE SPECIFIED","allowed_amounts":[{"tin":{"type":"ein","value":"943147701"},"service_code":["81"],"billing_class":"professional","payments":[{"allowed_amount":5.41,"billing_code_modifier":[""],"providers":[{"billed_charge":25.00,"npi":[1396837605,1538494786]},{"billed_charge":30.00,"npi":[1396837605,1538494786]},{"billed_charge":35.00,"npi":[1396837605,1538494786]},{"billed_charge":56.25,"npi":[1396837605,1538494786]}]},{"allowed_amount":5.41,"billing_code_modifier":[""],"providers":[{"billed_charge":25.00,"npi":[1396837605,1538494786]},{"billed_charge":30.00,"npi":[1396837605,1538494786]},{"billed_charge":35.00,"npi":[1396837605,1538494786]},{"billed_charge":56.25,"npi":[1396837605,1538494786]}]},{"allowed_amount":5.41,"billing_code_modifier":[""],"providers":[{"billed_charge":25.00,"npi":[1396837605,1538494786]},{"billed_charge":30.00,"npi":[1396837605,1538494786]},{"billed_charge":35.00,"npi":[1396837605,1538494786]},{"billed_charge":56.25,"npi":[1396837605,1538494786]}]},{"allowed_amount":5.41,"billing_code_modifier":[""],"providers":[{"billed_charge":25.00,"npi":[1396837605,1538494786]},{"billed_charge":30.00,"npi":[1396837605,1538494786]},{"billed_charge":35.00,"npi":[1396837605,1538494786]},{"billed_charge":56.25,"npi":[1396837605,1538494786]}]}]},{"tin":{"type":"ein","value":"943147701"},"service_code":["81"],"billing_class":"professional","payments":[{"allowed_amount":5.41,"billing_code_modifier":[""],"providers":[{"billed_charge":25.00,"npi":[1396837605,1538494786]},{"billed_charge":30.00,"npi":[1396837605,1538494786]},{"billed_charge":35.00,"npi":[1396837605,1538494786]},{"billed_charge":56.25,"npi":[1396837605,1538494786]}]},{"allowed_amount":5.41,"billing_code_modifier":[""],"providers":[{"billed_charge":25.00,"npi":[1396837605,1538494786]},{"billed_charge":30.00,"npi":[1396837605,1538494786]},{"billed_charge":35.00,"npi":[1396837605,1538494786]},{"billed_charge":56.25,"npi":[1396837605,1538494786]}]},{"allowed_amount":5.41,"billing_code_modifier":[""],"providers":[{"billed_charge":25.00,"npi":[1396837605,1538494786]},{"billed_charge":30.00,"npi":[1396837605,1538494786]},{"billed_charge":35.00,"npi":[1396837605,1538494786]},{"billed_charge":56.25,"npi":[1396837605,1538494786]}]},{"allowed_amount":5.41,"billing_code_modifier":[""],"providers":[{"billed_charge":25.00,"npi":[1396837605,1538494786]},{"billed_charge":30.00,"npi":[1396837605,1538494786]},{"billed_charge":35.00,"npi":[1396837605,1538494786]},{"billed_charge":56.25,"npi":[1396837605,1538494786]}]}]},{"tin":{"type":"ein","value":"943147701"},"service_code":["81"],"billing_class":"professional","payments":[{"allowed_amount":5.41,"billing_code_modifier":[""],"providers":[{"billed_charge":25.00,"npi":[1396837605,1538494786]},{"billed_charge":30.00,"npi":[1396837605,1538494786]},{"billed_charge":35.00,"npi":[1396837605,1538494786]},{"billed_charge":56.25,"npi":[1396837605,1538494786]}]},{"allowed_amount":5.41,"billing_code_modifier":[""],"providers":[{"billed_charge":25.00,"npi":[1396837605,1538494786]},{"billed_charge":30.00,"npi":[1396837605,1538494786]},{"billed_charge":35.00,"npi":[1396837605,1538494786]},{"billed_charge":56.25,"npi":[1396837605,1538494786]}]},{"allowed_amount":5.41,"billing_code_modifier":[""],"providers":[{"billed_charge":25.00,"npi":[1396837605,1538494786]},{"billed_charge":30.00,"npi":[1396837605,1538494786]},{"billed_charge":35.00,"npi":[1396837605,1538494786]},{"billed_charge":56.25,"npi":[1396837605,1538494786]}]},{"allowed_amount":5.41,"billing_code_modifier":[""],"providers":[{"billed_charge":25.00,"npi":[1396837605,1538494786]},{"billed_charge":30.00,"npi":[1396837605,1538494786]},{"billed_charge":35.00,"npi":[1396837605,1538494786]},{"billed_charge":56.25,"npi":[1396837605,1538494786]}]}]},{"tin":{"type":"ein","value":"943147701"},"service_code":["81"],"billing_class":"professional","payments":[{"allowed_amount":5.41,"billing_code_modifier":[""],"providers":[{"billed_charge":25.00,"npi":[1396837605,1538494786]},{"billed_charge":30.00,"npi":[1396837605,1538494786]},{"billed_charge":35.00,"npi":[1396837605,1538494786]},{"billed_charge":56.25,"npi":[1396837605,1538494786]}]},{"allowed_amount":5.41,"billing_code_modifier":[""],"providers":[{"billed_charge":25.00,"npi":[1396837605,1538494786]},{"billed_charge":30.00,"npi":[1396837605,1538494786]},{"billed_charge":35.00,"npi":[1396837605,1538494786]},{"billed_charge":56.25,"npi":[1396837605,1538494786]}]},{"allowed_amount":5.41,"billing_code_modifier":[""],"providers":[{"billed_charge":25.00,"npi":[1396837605,1538494786]},{"billed_charge":30.00,"npi":[1396837605,1538494786]},{"billed_charge":35.00,"npi":[1396837605,1538494786]},{"billed_charge":56.25,"npi":[1396837605,1538494786]}]},{"allowed_amount":5.41,"billing_code_modifier":[""],"providers":[{"billed_charge":25.00,"npi":[1396837605,1538494786]},{"billed_charge":30.00,"npi":[1396837605,1538494786]},{"billed_charge":35.00,"npi":[1396837605,1538494786]},{"billed_charge":56.25,"npi":[1396837605,1538494786]}]}]}]},{"name":"BLOOD COUNT COMPLETE AUTO&AUTO DIFRNTL WBC","billing_code_type":"CPT","billing_code_type_version":"2020","billing_code":"85025","description":"BLOOD COUNT COMPLETE AUTO&AUTO DIFRNTL WBC","allowed_amounts":[{"tin":{"type":"ein","value":"061440790"},"service_code":["81"],"billing_class":"professional","payments":[{"allowed_amount":3.37,"billing_code_modifier":[""],"providers":[{"billed_charge":40.00,"npi":[1023253200,1093810996,1215170444,1437252806,1467537290,1669672093,1700463569,1750375127,1821193343,1831196161,1952841199]}]}]}]},{"name":"BLOOD COUNT COMPLETE AUTOMATED","billing_code_type":"CPT","billing_code_type_version":"2020","billing_code":"85027","description":"BLOOD COUNT COMPLETE AUTOMATED","allowed_amounts":[{"tin":{"type":"ein","value":"061440790"},"service_code":["81"],"billing_class":"professional","payments":[{"allowed_amount":2.80,"billing_code_modifier":[""],"providers":[{"billed_charge":23.00,"npi":[1043090798,1205282217,1437252806,1467537290,1649698556,1659878593,1962498873]}]}]}]},{"name":"COLLECTION VENOUS BLOOD VENIPUNCTURE","billing_code_type":"CPT","billing_code_type_version":"2020","billing_code":"36415","description":"COLLECTION VENOUS BLOOD VENIPUNCTURE","allowed_amounts":[{"tin":{"type":"ein","value":"061440790"},"service_code":["81"],"billing_class":"professional","payments":[{"allowed_amount":3.83,"billing_code_modifier":[""],"providers":[{"billed_charge":15.00,"npi":[1093179624,1174957476,1205282217,1215170444,1275564205,1376648634,1437252806,1467537290,1609864933,1659878593,1750375127,1821193343,1972608818]}]}]}]},{"name":"COMPREHENSIVE METABOLIC PANEL","billing_code_type":"CPT","billing_code_type_version":"2020","billing_code":"80053","description":"COMPREHENSIVE METABOLIC PANEL","allowed_amounts":[{"tin":{"type":"ein","value":"061440790"},"service_code":["81"],"billing_class":"professional","payments":[{"allowed_amount":4.58,"billing_code_modifier":[""],"providers":[{"billed_charge":45.00,"npi":[1023253200,1215170444,1437252806,1467537290,1649698556,1659878593,1700463569,1750375127,1821193343,1831196161]}]}]}]},{"name":"CRITICAL CARE ILL\/INJURED PATIENT INIT 30-74 MIN","billing_code_type":"CPT","billing_code_type_version":"2020","billing_code":"99291","description":"CRITICAL CARE ILL\/INJURED PATIENT INIT 30-74 MIN","allowed_amounts":[{"tin":{"type":"ein","value":"261569466"},"service_code":["23"],"billing_class":"professional","payments":[{"allowed_amount":323.81,"billing_code_modifier":[""],"providers":[{"billed_charge":2043.00,"npi":[1073580874,1316394638,1477888055,1497710115,1598386468,1609353887,1982889598]}]}]},{"tin":{"type":"ein","value":"271369141"},"service_code":["23"],"billing_class":"professional","payments":[{"allowed_amount":305.22,"billing_code_modifier":[""],"providers":[{"billed_charge":1693.00,"npi":[1487033858,1700681202]}]}]},{"tin":{"type":"ein","value":"271369141"},"service_code":["23"],"billing_class":"professional","payments":[{"allowed_amount":323.81,"billing_code_modifier":[""],"providers":[{"billed_charge":1693.00,"npi":[1003874769,1013019769,1417319260,1427853936,1609671114,1750743464]}]}]},{"tin":{"type":"ein","value":"833359672"},"service_code":["23"],"billing_class":"professional","payments":[{"allowed_amount":305.22,"billing_code_modifier":[""],"providers":[{"billed_charge":2043.00,"npi":[1003472796,1114482882,1205363074,1386209062,1619616653,1639148653,1669524187,1861021271]}]}]},{"tin":{"type":"ein","value":"833359672"},"service_code":["23"],"billing_class":"professional","payments":[{"allowed_amount":323.81,"billing_code_modifier":[""],"providers":[{"billed_charge":2043.00,"npi":[1114482882,1609353887,1669524187]}]}]}]},{"name":"DR TST DEFIN DR ID M P D 1-7 DR CL","billing_code_type":"HCPCS","billing_code_type_version":"HCPCS LEVEL II 2021","billing_code":"G0480","description":"DR TST DEFIN DR ID M P D 1-7 DR CL","allowed_amounts":[{"tin":{"type":"ein","value":"352539778"},"service_code":["81"],"billing_class":"professional","payments":[{"allowed_amount":27.18,"billing_code_modifier":[""],"providers":[{"billed_charge":143.04,"npi":[1508887290,1972971265]}]}]},{"tin":{"type":"ein","value":"453350742"},"service_code":["81"],"billing_class":"professional","payments":[{"allowed_amount":27.18,"billing_code_modifier":[""],"providers":[{"billed_charge":1100.00,"npi":[1508887290,1982975421]}]}]},{"tin":{"type":"ein","value":"462993772"},"service_code":["81"],"billing_class":"professional","payments":[{"allowed_amount":27.18,"billing_code_modifier":[""],"providers":[{"billed_charge":230.00,"npi":[1023439627,1497389746,1558386292,1790386746]}]}]},{"tin":{"type":"ein","value":"541882269"},"service_code":["81"],"billing_class":"professional","payments":[{"allowed_amount":27.18,"billing_code_modifier":[""],"providers":[{"billed_charge":250.00,"npi":[1851488795,1912903717]}]}]},{"tin":{"type":"ein","value":"800270103"},"service_code":["81"],"billing_class":"professional","payments":[{"allowed_amount":27.18,"billing_code_modifier":[""],"providers":[{"billed_charge":343.29,"npi":[1467448878,1649418351]}]}]}]},{"name":"DRUG TST PRSMV INSTRMNT CHEM ANALYZERS PR DATE","billing_code_type":"CPT","billing_code_type_version":"2020","billing_code":"80307","description":"DRUG TST PRSMV INSTRMNT CHEM ANALYZERS PR DATE","allowed_amounts":[{"tin":{"type":"ein","value":"462993772"},"service_code":["81"],"billing_class":"professional","payments":[{"allowed_amount":24.42,"billing_code_modifier":[""],"providers":[{"billed_charge":125.00,"npi":[1023439627,1497389746,1558386292,1790386746]}]}]},{"tin":{"type":"ein","value":"541882269"},"service_code":["81"],"billing_class":"professional","payments":[{"allowed_amount":24.42,"billing_code_modifier":[""],"providers":[{"billed_charge":345.00,"npi":[1851488795,1912903717]}]}]},{"tin":{"type":"ein","value":"800270103"},"service_code":["81"],"billing_class":"professional","payments":[{"allowed_amount":24.42,"billing_code_modifier":[""],"providers":[{"billed_charge":186.14,"npi":[1467448878,1649418351]}]}]}]},{"name":"ECG ROUTINE ECG W\/LEAST 12 LDS I&R ONLY","billing_code_type":"CPT","billing_code_type_version":"2020","billing_code":"93010","description":"ECG ROUTINE ECG W\/LEAST 12 LDS I&R ONLY","allowed_amounts":[{"tin":{"type":"ein","value":"261569466"},"service_code":["23"],"billing_class":"professional","payments":[{"allowed_amount":18.04,"billing_code_modifier":[""],"providers":[{"billed_charge":85.00,"npi":[1023240512,1063654614,1295869113,1326363789,1346222551,1477888055,1497710115,1598386468,1629501010,1639148653,1649205493,1649253725,1679042022,1689763252,1710563390,1740441385,1821626854,1841671351,1922591767,1982889598]}]}]}]},{"name":"EMERGENCY DEPARTMENT VISIT HIGH MDM","billing_code_type":"CPT","billing_code_type_version":"2020","billing_code":"99285","description":"EMERGENCY DEPARTMENT VISIT HIGH MDM","allowed_amounts":[{"tin":{"type":"ein","value":"060646715"},"service_code":["23"],"billing_class":"professional","payments":[{"allowed_amount":292.54,"billing_code_modifier":[""],"providers":[{"billed_charge":635.00,"npi":[1427007848,1639675382]}]}]},{"tin":{"type":"ein","value":"261569466"},"service_code":["23"],"billing_class":"professional","payments":[{"allowed_amount":256.31,"billing_code_modifier":[""],"providers":[{"billed_charge":1681.00,"npi":[1316394638,1477888055,1780070052,1982889598]}]}]},{"tin":{"type":"ein","value":"261569466"},"service_code":["23"],"billing_class":"professional","payments":[{"allowed_amount":292.54,"billing_code_modifier":[""],"providers":[{"billed_charge":1681.00,"npi":[1003344557,1023240512,1033771126,1063654614,1174866818,1205283538,1205363074,1275796484,1295312320,1295869113,1316306517,1316394638,1326363789,1346222551,1386209062,1417489477,1457789257,1477888055,1477902641,1497710115,1538739545,1558357962,1598386468,1609353887,1629501010,1629721402,1639148653,1649205493,1649253725,1669119830,1669867529,1679042022,1689763252,1699235879,1710563390,1740441385,1770558181,1821626854,1841671351,1902098460,1922308147,1922591767,1962557470,1982889598]}]}]},{"tin":{"type":"ein","value":"271369141"},"service_code":["23"],"billing_class":"professional","payments":[{"allowed_amount":292.54,"billing_code_modifier":[""],"providers":[{"billed_charge":1286.00,"npi":[1003874769,1013019769,1184060741,1326451303,1366062325,1417319260,1427853936,1609671114,1649707480,1689201386,1700681202]}]}]},{"tin":{"type":"ein","value":"833359672"},"service_code":["23"],"billing_class":"professional","payments":[{"allowed_amount":256.31,"billing_code_modifier":[""],"providers":[{"billed_charge":1681.00,"npi":[1003472796,1053864579,1063499077,1063728418,1114482882,1174866818,1184374837,1205363074,1225565138,1366991796,1386209062,1417397332,1457042889,1528179298,1588232862,1598599557,1619616653,1629501010,1669524187,1710529904,1710563390,1760760268,1821626854,1841671351,1851133367,1922308147,1922591767,1982155347]}]}]},{"tin":{"type":"ein","value":"833359672"},"service_code":["23"],"billing_class":"professional","payments":[{"allowed_amount":292.54,"billing_code_modifier":[""],"providers":[{"billed_charge":1681.00,"npi":[1114482882,1184707226,1609353887,1669524187]}]}]}]},{"name":"EMERGENCY DEPARTMENT VISIT MODERATE MDM","billing_code_type":"CPT","billing_code_type_version":"2020","billing_code":"99284","description":"EMERGENCY DEPARTMENT VISIT MODERATE MDM","allowed_amounts":[{"tin":{"type":"ein","value":"261569466"},"service_code":["23"],"billing_class":"professional","payments":[{"allowed_amount":165.32,"billing_code_modifier":[""],"providers":[{"billed_charge":1154.00,"npi":[1003472796,1023892700,1033611942,1033771126,1063654614,1073580874,1184374837,1205283538,1205363074,1205846235,1225565138,1225770845,1275796484,1295869113,1316394638,1326363789,1386209062,1417489477,1457789257,1467512715,1477888055,1497710115,1528046646,1528179298,1558357962,1558588822,1568091031,1578163671,1578754164,1588232862,1598386468,1598599557,1619616653,1629721402,1639148653,1649205493,1649253725,1699062505,1699235879,1700298429,1710563390,1720315047,1730375403,1740441385,1770540262,1831148030,1841671351,1922591767,1962557470,1982889598]}]}]},{"tin":{"type":"ein","value":"261569466"},"service_code":["23"],"billing_class":"professional","payments":[{"allowed_amount":167.03,"billing_code_modifier":[""],"providers":[{"billed_charge":1154.00,"npi":[1306005954,1477888055,1497710115,1649655226,1780070052,1982889598]}]}]},{"tin":{"type":"ein","value":"261569466"},"service_code":["23"],"billing_class":"professional","payments":[{"allowed_amount":182.02,"billing_code_modifier":[""],"providers":[{"billed_charge":1154.00,"npi":[1184374837,1396217675,1477902641,1598570939,1841035276,1982889598]}]}]},{"tin":{"type":"ein","value":"271369141"},"service_code":["23"],"billing_class":"professional","payments":[{"allowed_amount":165.32,"billing_code_modifier":[""],"providers":[{"billed_charge":874.00,"npi":[1023240512,1427853936,1538142328,1609671114,1649707480,1689201386]}]}]},{"tin":{"type":"ein","value":"271369141"},"service_code":["23"],"billing_class":"professional","payments":[{"allowed_amount":167.03,"billing_code_modifier":[""],"providers":[{"billed_charge":874.00,"npi":[1063189025,1154389351,1245712454,1427853936,1609671114,1720777618,1942667498]}]}]},{"tin":{"type":"ein","value":"271369141"},"service_code":["23"],"billing_class":"professional","payments":[{"allowed_amount":182.02,"billing_code_modifier":[""],"providers":[{"billed_charge":874.00,"npi":[1700681202,1740482488]}]}]},{"tin":{"type":"ein","value":"833359672"},"service_code":["23"],"billing_class":"professional","payments":[{"allowed_amount":165.32,"billing_code_modifier":[""],"providers":[{"billed_charge":1154.00,"npi":[1114482882,1184707226,1609353887,1669524187]}]}]},{"tin":{"type":"ein","value":"833359672"},"service_code":["23"],"billing_class":"professional","payments":[{"allowed_amount":167.03,"billing_code_modifier":[""],"providers":[{"billed_charge":1154.00,"npi":[1003307554,1114482882,1205363074,1225565138,1225770845,1265082432,1275796484,1346222551,1366991796,1386209062,1417397332,1457789257,1588232862,1598599557,1619616653,1629501010,1649655226,1669524187,1679042022,1710563390,1821626854,1831148030,1851133367,1861021271,1922591767,1982155347]}]}]}]},{"name":"GENERAL HEALTH PANEL","billing_code_type":"CPT","billing_code_type_version":"2020","billing_code":"80050","description":"GENERAL HEALTH PANEL","allowed_amounts":[{"tin":{"type":"ein","value":"061440790"},"service_code":["81"],"billing_class":"professional","payments":[{"allowed_amount":12.54,"billing_code_modifier":[""],"providers":[{"billed_charge":79.00,"npi":[1013574425,1023253200,1023741071,1104804541,1376648634,1437252806,1467537290,1487353223,1497751168,1609864933,1649667999]}]}]}]},{"name":"HEMOGLOBIN GLYCOSYLATED A1C","billing_code_type":"CPT","billing_code_type_version":"2020","billing_code":"83036","description":"HEMOGLOBIN GLYCOSYLATED A1C","allowed_amounts":[{"tin":{"type":"ein","value":"061440790"},"service_code":["81"],"billing_class":"professional","payments":[{"allowed_amount":4.21,"billing_code_modifier":[""],"providers":[{"billed_charge":35.00,"npi":[1013574425,1104804541,1437252806,1467537290,1487353223,1497751168,1609864933,1649667999,1659878593,1700463569,1831196161,1912906579]}]}]}]},{"name":"IADNA CHLAMYDIA TRACHOMATIS AMPLIFIED PROBE TQ","billing_code_type":"CPT","billing_code_type_version":"2020","billing_code":"87491","description":"IADNA CHLAMYDIA TRACHOMATIS AMPLIFIED PROBE TQ","allowed_amounts":[{"tin":{"type":"ein","value":"061440790"},"service_code":["81"],"billing_class":"professional","payments":[{"allowed_amount":15.21,"billing_code_modifier":[""],"providers":[{"billed_charge":127.00,"npi":[1043090798,1083166698,1194721084,1437252806,1467537290,1831601434,1841298841,1851670913,1972323293]}]}]}]},{"name":"IADNA HUMAN PAPILLOMAVIRUS HI-RSK TYP POOLD RSLT","billing_code_type":"CPT","billing_code_type_version":"2020","billing_code":"87624","description":"IADNA HUMAN PAPILLOMAVIRUS HI-RSK TYP POOLD RSLT","allowed_amounts":[{"tin":{"type":"ein","value":"061440790"},"service_code":["81"],"billing_class":"professional","payments":[{"allowed_amount":15.21,"billing_code_modifier":[""],"providers":[{"billed_charge":119.00,"npi":[1194721084,1437252806,1467537290,1689985160,1831428150,1851670913,1912906579,1972608818]}]}]}]},{"name":"IADNA NEISSERIA GONORRHOEAE AMPLIFIED PROBE TQ","billing_code_type":"CPT","billing_code_type_version":"2020","billing_code":"87591","description":"IADNA NEISSERIA GONORRHOEAE AMPLIFIED PROBE TQ","allowed_amounts":[{"tin":{"type":"ein","value":"061440790"},"service_code":["81"],"billing_class":"professional","payments":[{"allowed_amount":15.21,"billing_code_modifier":[""],"providers":[{"billed_charge":127.00,"npi":[1043090798,1083166698,1194721084,1437252806,1467537290,1831601434,1841298841,1851670913,1972323293]}]}]}]},{"name":"LIPID PANEL","billing_code_type":"CPT","billing_code_type_version":"2020","billing_code":"80061","description":"LIPID PANEL","allowed_amounts":[{"tin":{"type":"ein","value":"061440790"},"service_code":["81"],"billing_class":"professional","payments":[{"allowed_amount":5.80,"billing_code_modifier":[""],"providers":[{"billed_charge":55.00,"npi":[1013574425,1023741071,1104804541,1215170444,1376648634,1437252806,1467537290,1487353223,1497751168,1518062850,1609864933,1649667999,1649698556,1659878593,1700463569,1750375127,1821193343,1831196161,1952841199,1962498873]}]}]}]},{"name":"PSYCHOTHERAPY W\/PATIENT 60 MINUTES","billing_code_type":"CPT","billing_code_type_version":"2020","billing_code":"90837","description":"PSYCHOTHERAPY W\/PATIENT 60 MINUTES","allowed_amounts":[{"tin":{"type":"ein","value":"045501895"},"service_code":["11"],"billing_class":"professional","payments":[{"allowed_amount":116.82,"billing_code_modifier":[""],"providers":[{"billed_charge":150.00,"npi":[1992931695]},{"billed_charge":200.00,"npi":[1992931695]}]},{"allowed_amount":116.82,"billing_code_modifier":[""],"providers":[{"billed_charge":150.00,"npi":[1992931695]},{"billed_charge":200.00,"npi":[1992931695]}]}]},{"tin":{"type":"ein","value":"045501895"},"service_code":["11"],"billing_class":"professional","payments":[{"allowed_amount":116.82,"billing_code_modifier":[""],"providers":[{"billed_charge":150.00,"npi":[1992931695]},{"billed_charge":200.00,"npi":[1992931695]}]},{"allowed_amount":116.82,"billing_code_modifier":[""],"providers":[{"billed_charge":150.00,"npi":[1992931695]},{"billed_charge":200.00,"npi":[1992931695]}]}]},{"tin":{"type":"ein","value":"203769912"},"service_code":["10","11"],"billing_class":"professional","payments":[{"allowed_amount":116.82,"billing_code_modifier":[""],"providers":[{"billed_charge":200.00,"npi":[1407496805,1487775995]}]}]},{"tin":{"type":"ein","value":"820798295"},"service_code":["11"],"billing_class":"professional","payments":[{"allowed_amount":116.82,"billing_code_modifier":[""],"providers":[{"billed_charge":250.00,"npi":[1346679727]}]}]}]},{"name":"SERVICES PROVIDED BTW 10 PM&8 AM AT 24-HR FACI","billing_code_type":"CPT","billing_code_type_version":"2020","billing_code":"99053","description":"SERVICES PROVIDED BTW 10 PM&8 AM AT 24-HR FACI","allowed_amounts":[{"tin":{"type":"ein","value":"261569466"},"service_code":["23"],"billing_class":"professional","payments":[{"allowed_amount":98.06,"billing_code_modifier":[""],"providers":[{"billed_charge":119.00,"npi":[1033771126,1275796484,1295869113,1316394638,1417489477,1467512715,1477888055,1477902641,1497710115,1528179298,1578754164,1598386468,1609353887,1649205493,1689763252,1710563390,1780070052,1841035276,1982889598]}]}]},{"tin":{"type":"ein","value":"833359672"},"service_code":["23"],"billing_class":"professional","payments":[{"allowed_amount":98.06,"billing_code_modifier":[""],"providers":[{"billed_charge":119.00,"npi":[1063728418,1114482882,1174866818,1184707226,1205363074,1225565138,1366991796,1528179298,1588232862,1609353887,1619616653,1629501010,1649655226,1669524187,1679042022,1710529904,1710563390,1821626854,1851133367,1922308147]}]}]}]},{"name":"URNLS DIP STICK\/TABLET REAGENT AUTO MICROSCOPY","billing_code_type":"CPT","billing_code_type_version":"2020","billing_code":"81001","description":"URNLS DIP STICK\/TABLET REAGENT AUTO MICROSCOPY","allowed_amounts":[{"tin":{"type":"ein","value":"061440790"},"service_code":["81"],"billing_class":"professional","payments":[{"allowed_amount":1.37,"billing_code_modifier":[""],"providers":[{"billed_charge":20.00,"npi":[1104804541,1215170444,1437252806,1467537290,1487353223,1497751168,1518062850,1700463569,1821193343,1831196161,1912906579,1972608818]}]}]}]}]}
