{"reporting_entity_name": "IEC Group_DBA AmeriBen",
	"reporting_entity_type": "Third Party Administrator",
	"plan_name": "SUNFLOWER BANK NA",
	"plan_id_type": "ein",
	"plan_id": "480216075",
	"plan_market_type": "group",
	"last_updated_on": "2022-11-01","Version": "1.0.0","out_of_network":[{"name":"RESIDENTIAL TREATMENT-CHEMICAL DEPENDENCY","billing_code_type":"RC","billing_code_type_version":"UB04","billing_code":"1002","description":"RESIDENTIAL TREATMENT-CHEMICAL DEPENDENCY","allowed_amounts":[{"tin":{"type":"ein","value":"270334267"},"service_code":["21"],"billing_class":"institutional","payments":[{"allowed_amount":0.00,"billing_code_modifier":[""],"providers":[{"billed_charge":4800.00,"npi":[1083883177,1649291980]}]}]},{"tin":{"type":"ein","value":"270334267"},"service_code":["21"],"billing_class":"institutional","payments":[{"allowed_amount":1920.00,"billing_code_modifier":[""],"providers":[{"billed_charge":4800.00,"npi":[1083883177,1649291980]}]}]}]}]}
