{"reporting_entity_name": "IEC Group_DBA AmeriBen",
	"reporting_entity_type": "Third Party Administrator",
	"plan_name": "PAUL HASTINGS LLP",
	"plan_id_type": "ein",
	"plan_id": "952209675",
	"plan_market_type": "group",
	"last_updated_on": "2023-12-01","Version": "1.0.0","out_of_network":[{"name":"2019-NCOV CRONAVIRUS\/COVID-19 ANY T","billing_code_type":"HCPCS","billing_code_type_version":"HCPCS LEVEL II 2021","billing_code":"U0004","description":"2019-NCOV CRONAVIRUS\/COVID-19 ANY T","allowed_amounts":[{"tin":{"type":"ein","value":"463342144"},"service_code":["81"],"billing_class":"professional","payments":[{"allowed_amount":225.00,"billing_code_modifier":[""],"providers":[{"billed_charge":350.00,"npi":[1417355678,1487815387]}]}]},{"tin":{"type":"ein","value":"820888370"},"service_code":["81"],"billing_class":"professional","payments":[{"allowed_amount":225.00,"billing_code_modifier":[""],"providers":[{"billed_charge":250.00,"npi":[1013508498,1487135448]}]}]},{"tin":{"type":"ein","value":"831342609"},"service_code":["81"],"billing_class":"professional","payments":[{"allowed_amount":225.00,"billing_code_modifier":[""],"providers":[{"billed_charge":350.00,"npi":[1053541581,1073101028,1124351697,1356913446,1487815387,1902905300]}]}]},{"tin":{"type":"ein","value":"861328448"},"service_code":["11"],"billing_class":"professional","payments":[{"allowed_amount":225.00,"billing_code_modifier":[""],"providers":[{"billed_charge":750.00,"npi":[1376128090]}]}]}]},{"name":"BLOOD COUNT COMPLETE AUTO&AUTO DIFRNTL WBC","billing_code_type":"CPT","billing_code_type_version":"2020","billing_code":"85025","description":"BLOOD COUNT COMPLETE AUTO&AUTO DIFRNTL WBC","allowed_amounts":[{"tin":{"type":"ein","value":"862056579"},"service_code":["81"],"billing_class":"professional","payments":[{"allowed_amount":20.00,"billing_code_modifier":[""],"providers":[{"billed_charge":20.00,"npi":[1760535959,1811660327]}]}]}]},{"name":"CALCIUM TOTAL","billing_code_type":"CPT","billing_code_type_version":"2020","billing_code":"82310","description":"CALCIUM TOTAL","allowed_amounts":[{"tin":{"type":"ein","value":"862056579"},"service_code":["81"],"billing_class":"professional","payments":[{"allowed_amount":10.00,"billing_code_modifier":[""],"providers":[{"billed_charge":10.00,"npi":[1760535959,1811660327]}]}]}]},{"name":"CREATINE KINASE TOTAL","billing_code_type":"CPT","billing_code_type_version":"2020","billing_code":"82550","description":"CREATINE KINASE TOTAL","allowed_amounts":[{"tin":{"type":"ein","value":"862056579"},"service_code":["81"],"billing_class":"professional","payments":[{"allowed_amount":15.00,"billing_code_modifier":[""],"providers":[{"billed_charge":15.00,"npi":[1760535959,1811660327]}]}]}]},{"name":"ELECTROLYTE PANEL","billing_code_type":"CPT","billing_code_type_version":"2020","billing_code":"80051","description":"ELECTROLYTE PANEL","allowed_amounts":[{"tin":{"type":"ein","value":"862056579"},"service_code":["81"],"billing_class":"professional","payments":[{"allowed_amount":30.00,"billing_code_modifier":[""],"providers":[{"billed_charge":30.00,"npi":[1760535959,1811660327]}]}]}]},{"name":"GLUC BLD GLUC MNTR DEV CLEARED FDA SPEC HOME USE","billing_code_type":"CPT","billing_code_type_version":"2020","billing_code":"82962","description":"GLUC BLD GLUC MNTR DEV CLEARED FDA SPEC HOME USE","allowed_amounts":[{"tin":{"type":"ein","value":"862056579"},"service_code":["81"],"billing_class":"professional","payments":[{"allowed_amount":9.84,"billing_code_modifier":[""],"providers":[{"billed_charge":10.00,"npi":[1760535959,1811660327]}]}]}]},{"name":"INFEC AGEN DETEC AMPLI PROBE","billing_code_type":"HCPCS","billing_code_type_version":"HCPCS LEVEL II 2021","billing_code":"U0005","description":"INFEC AGEN DETEC AMPLI PROBE","allowed_amounts":[{"tin":{"type":"ein","value":"030511037"},"service_code":["81"],"billing_class":"professional","payments":[{"allowed_amount":75.00,"billing_code_modifier":[""],"providers":[{"billed_charge":125.00,"npi":[1790234839,1821110453]}]}]},{"tin":{"type":"ein","value":"133934292"},"service_code":["81"],"billing_class":"professional","payments":[{"allowed_amount":75.00,"billing_code_modifier":[""],"providers":[{"billed_charge":100.00,"npi":[1134316441,1215053962,1942873484]}]}]},{"tin":{"type":"ein","value":"463342144"},"service_code":["81"],"billing_class":"professional","payments":[{"allowed_amount":75.00,"billing_code_modifier":[""],"providers":[{"billed_charge":100.00,"npi":[1417355678,1487815387]}]}]},{"tin":{"type":"ein","value":"831342609"},"service_code":["81"],"billing_class":"professional","payments":[{"allowed_amount":75.00,"billing_code_modifier":[""],"providers":[{"billed_charge":100.00,"npi":[1053541581,1073101028,1124351697,1356913446,1487815387,1902905300]}]}]},{"tin":{"type":"ein","value":"852364612"},"service_code":["81"],"billing_class":"professional","payments":[{"allowed_amount":75.00,"billing_code_modifier":[""],"providers":[{"billed_charge":75.00,"npi":[1740685387,1790386746]}]}]},{"tin":{"type":"ein","value":"853312450"},"service_code":["81"],"billing_class":"professional","payments":[{"allowed_amount":75.00,"billing_code_modifier":[""],"providers":[{"billed_charge":150.00,"npi":[1033701701,1336361575,1568796175]}]}]},{"tin":{"type":"ein","value":"861328448"},"service_code":["11"],"billing_class":"professional","payments":[{"allowed_amount":75.00,"billing_code_modifier":[""],"providers":[{"billed_charge":600.00,"npi":[1376128090]}]}]}]},{"name":"MANUAL THERAPY TQS 1\/> REGIONS EACH 15 MINUTES","billing_code_type":"CPT","billing_code_type_version":"2020","billing_code":"97140","description":"MANUAL THERAPY TQS 1\/> REGIONS EACH 15 MINUTES","allowed_amounts":[{"tin":{"type":"ein","value":"812273716"},"service_code":["11"],"billing_class":"professional","payments":[{"allowed_amount":194.04,"billing_code_modifier":[""],"providers":[{"billed_charge":250.00,"npi":[1649703893,1982093134]}]}]}]},{"name":"PSYCHIATRIC\/PSYCHOLOGICAL TRT: INTENSIVE OUT SERV","billing_code_type":"RC","billing_code_type_version":"UB04","billing_code":"0906","description":"PSYCHIATRIC\/PSYCHOLOGICAL TRT: INTENSIVE OUT SERV","allowed_amounts":[{"tin":{"type":"ein","value":"823187624"},"service_code":["22"],"billing_class":"institutional","payments":[{"allowed_amount":293.95,"billing_code_modifier":[""],"providers":[{"billed_charge":2300.00,"npi":[1497711550,1538671011]}]}]}]},{"name":"PSYCHIATRIC\/PSYCHOLOGICAL TRT: INTENSIVE OUTPATIEN","billing_code_type":"RC","billing_code_type_version":"UB04","billing_code":"0905","description":"PSYCHIATRIC\/PSYCHOLOGICAL TRT: INTENSIVE OUTPATIEN","allowed_amounts":[{"tin":{"type":"ein","value":"611877208"},"service_code":["22"],"billing_class":"institutional","payments":[{"allowed_amount":259.88,"billing_code_modifier":[""],"providers":[{"billed_charge":2600.00,"npi":[1881614675,1962993048]}]}]}]},{"name":"PSYCHOTHERAPY W\/PATIENT 45 MINUTES","billing_code_type":"CPT","billing_code_type_version":"2020","billing_code":"90834","description":"PSYCHOTHERAPY W\/PATIENT 45 MINUTES","allowed_amounts":[{"tin":{"type":"ein","value":"200320997"},"service_code":["10","11"],"billing_class":"professional","payments":[{"allowed_amount":215.00,"billing_code_modifier":[""],"providers":[{"billed_charge":215.00,"npi":[1164064903,1821344565]}]}]},{"tin":{"type":"ein","value":"208146395"},"service_code":["02"],"billing_class":"professional","payments":[{"allowed_amount":323.01,"billing_code_modifier":[""],"providers":[{"billed_charge":350.00,"npi":[1659585107]}]}]},{"tin":{"type":"ein","value":"208753079"},"service_code":["02"],"billing_class":"professional","payments":[{"allowed_amount":323.01,"billing_code_modifier":[""],"providers":[{"billed_charge":375.00,"npi":[1962522946]}]}]},{"tin":{"type":"ein","value":"273037790"},"service_code":["02","11"],"billing_class":"professional","payments":[{"allowed_amount":323.01,"billing_code_modifier":[""],"providers":[{"billed_charge":330.00,"npi":[1346752185]}]}]},{"tin":{"type":"ein","value":"300163513"},"service_code":["11"],"billing_class":"professional","payments":[{"allowed_amount":250.00,"billing_code_modifier":[""],"providers":[{"billed_charge":250.00,"npi":[1720409964,1790012490]}]}]},{"tin":{"type":"ein","value":"301130652"},"service_code":["02"],"billing_class":"professional","payments":[{"allowed_amount":250.00,"billing_code_modifier":[""],"providers":[{"billed_charge":250.00,"npi":[1104392604,1548280563]}]}]},{"tin":{"type":"ein","value":"465144452"},"service_code":["02"],"billing_class":"professional","payments":[{"allowed_amount":250.00,"billing_code_modifier":[""],"providers":[{"billed_charge":250.00,"npi":[1124606009,1215346622]}]}]},{"tin":{"type":"ein","value":"472904326"},"service_code":["11"],"billing_class":"professional","payments":[{"allowed_amount":235.00,"billing_code_modifier":[""],"providers":[{"billed_charge":235.00,"npi":[1912430166]}]}]},{"tin":{"type":"ein","value":"474328206"},"service_code":["02"],"billing_class":"professional","payments":[{"allowed_amount":275.00,"billing_code_modifier":[""],"providers":[{"billed_charge":275.00,"npi":[1023393519]}]}]},{"tin":{"type":"ein","value":"474328317"},"service_code":["02"],"billing_class":"professional","payments":[{"allowed_amount":275.00,"billing_code_modifier":[""],"providers":[{"billed_charge":275.00,"npi":[1023499241]}]}]},{"tin":{"type":"ein","value":"814645685"},"service_code":["02","11"],"billing_class":"professional","payments":[{"allowed_amount":323.01,"billing_code_modifier":[""],"providers":[{"billed_charge":375.00,"npi":[1164967188,1992245641]}]}]},{"tin":{"type":"ein","value":"815204468"},"service_code":["02"],"billing_class":"professional","payments":[{"allowed_amount":250.00,"billing_code_modifier":[""],"providers":[{"billed_charge":250.00,"npi":[1033645270,1306477559]}]}]},{"tin":{"type":"ein","value":"830896430"},"service_code":["10"],"billing_class":"professional","payments":[{"allowed_amount":280.00,"billing_code_modifier":[""],"providers":[{"billed_charge":280.00,"npi":[1063998102,1710262548]}]}]},{"tin":{"type":"ein","value":"834390646"},"service_code":["10","11"],"billing_class":"professional","payments":[{"allowed_amount":250.00,"billing_code_modifier":[""],"providers":[{"billed_charge":250.00,"npi":[1306319728]}]}]},{"tin":{"type":"ein","value":"843377871"},"service_code":["02","11"],"billing_class":"professional","payments":[{"allowed_amount":280.00,"billing_code_modifier":[""],"providers":[{"billed_charge":280.00,"npi":[1073144374,1306085493]}]}]},{"tin":{"type":"ein","value":"853777091"},"service_code":["02"],"billing_class":"professional","payments":[{"allowed_amount":275.00,"billing_code_modifier":[""],"providers":[{"billed_charge":275.00,"npi":[1205315892,1407442809]}]}]},{"tin":{"type":"ein","value":"862355431"},"service_code":["02","11"],"billing_class":"professional","payments":[{"allowed_amount":205.00,"billing_code_modifier":[""],"providers":[{"billed_charge":205.00,"npi":[1053906503,1144882077]}]}]},{"tin":{"type":"ein","value":"871113726"},"service_code":["02"],"billing_class":"professional","payments":[{"allowed_amount":275.00,"billing_code_modifier":[""],"providers":[{"billed_charge":275.00,"npi":[1053588053]}]}]},{"tin":{"type":"ein","value":"873502037"},"service_code":["11"],"billing_class":"professional","payments":[{"allowed_amount":235.00,"billing_code_modifier":[""],"providers":[{"billed_charge":235.00,"npi":[1447823448]}]}]},{"tin":{"type":"ein","value":"881933489"},"service_code":["11"],"billing_class":"professional","payments":[{"allowed_amount":205.00,"billing_code_modifier":[""],"providers":[{"billed_charge":205.00,"npi":[1932238763]}]}]}]},{"name":"PSYCHOTHERAPY W\/PATIENT 60 MINUTES","billing_code_type":"CPT","billing_code_type_version":"2020","billing_code":"90837","description":"PSYCHOTHERAPY W\/PATIENT 60 MINUTES","allowed_amounts":[{"tin":{"type":"ein","value":"200000969"},"service_code":["02"],"billing_class":"professional","payments":[{"allowed_amount":400.00,"billing_code_modifier":[""],"providers":[{"billed_charge":400.00,"npi":[1538364633,1609306125]}]}]},{"tin":{"type":"ein","value":"841856765"},"service_code":["10"],"billing_class":"professional","payments":[{"allowed_amount":132.16,"billing_code_modifier":[""],"providers":[{"billed_charge":132.16,"npi":[1427671437,1821337270]}]}]},{"tin":{"type":"ein","value":"850790118"},"service_code":["10"],"billing_class":"professional","payments":[{"allowed_amount":400.00,"billing_code_modifier":[""],"providers":[{"billed_charge":400.00,"npi":[1639703481,1942685805]}]}]}]},{"name":"SPEC CLCT SARS-COV2 COVID19 ANY SRC","billing_code_type":"HCPCS","billing_code_type_version":"HCPCS LEVEL II 2021","billing_code":"G2023","description":"SPEC CLCT SARS-COV2 COVID19 ANY SRC","allowed_amounts":[{"tin":{"type":"ein","value":"463342144"},"service_code":["81"],"billing_class":"professional","payments":[{"allowed_amount":50.00,"billing_code_modifier":[""],"providers":[{"billed_charge":50.00,"npi":[1417355678,1487815387]}]}]},{"tin":{"type":"ein","value":"831342609"},"service_code":["81"],"billing_class":"professional","payments":[{"allowed_amount":50.00,"billing_code_modifier":[""],"providers":[{"billed_charge":50.00,"npi":[1053541581,1073101028,1124351697,1356913446,1487815387,1902905300]}]}]}]},{"name":"THER PX 1\/> AREAS EACH 15 MIN NEUROMUSC REEDUCA","billing_code_type":"CPT","billing_code_type_version":"2020","billing_code":"97112","description":"THER PX 1\/> AREAS EACH 15 MIN NEUROMUSC REEDUCA","allowed_amounts":[{"tin":{"type":"ein","value":"202775993"},"service_code":["11"],"billing_class":"professional","payments":[{"allowed_amount":97.00,"billing_code_modifier":[""],"providers":[{"billed_charge":97.00,"npi":[1063454577,1083243257,1174847610,1326579673,1578905063]}]}]}]},{"name":"THERAPEUTIC PX 1\/> AREAS EACH 15 MIN EXERCISES","billing_code_type":"CPT","billing_code_type_version":"2020","billing_code":"97110","description":"THERAPEUTIC PX 1\/> AREAS EACH 15 MIN EXERCISES","allowed_amounts":[{"tin":{"type":"ein","value":"202775993"},"service_code":["11"],"billing_class":"professional","payments":[{"allowed_amount":194.00,"billing_code_modifier":[""],"providers":[{"billed_charge":194.00,"npi":[1033831359,1063454577,1083243257,1174847610,1326579673,1578905063]}]}]},{"tin":{"type":"ein","value":"812273716"},"service_code":["11"],"billing_class":"professional","payments":[{"allowed_amount":211.98,"billing_code_modifier":[""],"providers":[{"billed_charge":250.00,"npi":[1649703893,1982093134]}]}]}]},{"name":"UREA NITROGEN CLEARANCE","billing_code_type":"CPT","billing_code_type_version":"2020","billing_code":"84545","description":"UREA NITROGEN CLEARANCE","allowed_amounts":[{"tin":{"type":"ein","value":"862056579"},"service_code":["81"],"billing_class":"professional","payments":[{"allowed_amount":15.00,"billing_code_modifier":[""],"providers":[{"billed_charge":15.00,"npi":[1760535959,1811660327]}]}]}]}]}
