{"reporting_entity_name": "IEC Group_DBA AmeriBen",
	"reporting_entity_type": "Third Party Administrator",
	"plan_name": "JOSTENS, INC.",
	"plan_id_type": "ein",
	"plan_id": "410343440",
	"plan_market_type": "group",
	"last_updated_on": "2023-12-01","Version": "1.0.0","out_of_network":[{"name":"CCPD OPD\/HOME: CCPD COMP OR OTHER RATE","billing_code_type":"RC","billing_code_type_version":"UB04","billing_code":"0851","description":"CCPD OPD\/HOME: CCPD COMP OR OTHER RATE","allowed_amounts":[{"tin":{"type":"ein","value":"464509781"},"service_code":["65"],"billing_class":"institutional","payments":[{"allowed_amount":396.47,"billing_code_modifier":[""],"providers":[{"billed_charge":3227.36,"npi":[1174929434,1427275239]}]}]}]}]}
