{"reporting_entity_name": "IEC Group_DBA AmeriBen",
	"reporting_entity_type": "Third Party Administrator",
	"plan_name": "HCR ManorCare d/b/a ProMedica",
	"plan_id_type": "ein",
	"plan_id": "341903270",
	"plan_market_type": "group",
	"last_updated_on": "2022-12-01","Version": "1.0.0","out_of_network":[{"name":"CCPD OPD\/HOME: CCPD COMP OR OTHER RATE","billing_code_type":"RC","billing_code_type_version":"UB04","billing_code":"0851","description":"CCPD OPD\/HOME: CCPD COMP OR OTHER RATE","allowed_amounts":[{"tin":{"type":"ein","value":"342013422"},"service_code":["65"],"billing_class":"institutional","payments":[{"allowed_amount":363.16,"billing_code_modifier":[""],"providers":[{"billed_charge":3044.68,"npi":[1154593168,1912910159]},{"billed_charge":3227.36,"npi":[1154593168,1912910159]}]},{"allowed_amount":363.16,"billing_code_modifier":[""],"providers":[{"billed_charge":3044.68,"npi":[1154593168,1912910159]},{"billed_charge":3227.36,"npi":[1154593168,1912910159]}]}]},{"tin":{"type":"ein","value":"342013422"},"service_code":["65"],"billing_class":"institutional","payments":[{"allowed_amount":363.16,"billing_code_modifier":[""],"providers":[{"billed_charge":3044.68,"npi":[1154593168,1912910159]},{"billed_charge":3227.36,"npi":[1154593168,1912910159]}]},{"allowed_amount":363.16,"billing_code_modifier":[""],"providers":[{"billed_charge":3044.68,"npi":[1154593168,1912910159]},{"billed_charge":3227.36,"npi":[1154593168,1912910159]}]}]},{"tin":{"type":"ein","value":"362668594"},"service_code":["65"],"billing_class":"institutional","payments":[{"allowed_amount":219.74,"billing_code_modifier":[""],"providers":[{"billed_charge":3937.55,"npi":[1558369231,1629186549]}]}]},{"tin":{"type":"ein","value":"362668594"},"service_code":["65"],"billing_class":"institutional","payments":[{"allowed_amount":437.21,"billing_code_modifier":[""],"providers":[{"billed_charge":3750.05,"npi":[1558369231,1629186549]},{"billed_charge":3937.55,"npi":[1558369231,1629186549]}]},{"allowed_amount":437.21,"billing_code_modifier":[""],"providers":[{"billed_charge":3750.05,"npi":[1558369231,1629186549]},{"billed_charge":3937.55,"npi":[1558369231,1629186549]}]}]},{"tin":{"type":"ein","value":"362668594"},"service_code":["65"],"billing_class":"institutional","payments":[{"allowed_amount":437.21,"billing_code_modifier":[""],"providers":[{"billed_charge":3750.05,"npi":[1558369231,1629186549]},{"billed_charge":3937.55,"npi":[1558369231,1629186549]}]},{"allowed_amount":437.21,"billing_code_modifier":[""],"providers":[{"billed_charge":3750.05,"npi":[1558369231,1629186549]},{"billed_charge":3937.55,"npi":[1558369231,1629186549]}]}]},{"tin":{"type":"ein","value":"362668594"},"service_code":["65"],"billing_class":"institutional","payments":[{"allowed_amount":437.23,"billing_code_modifier":[""],"providers":[{"billed_charge":3750.05,"npi":[1558369231,1629186549]},{"billed_charge":3937.55,"npi":[1558369231,1629186549]}]},{"allowed_amount":437.23,"billing_code_modifier":[""],"providers":[{"billed_charge":3750.05,"npi":[1558369231,1629186549]},{"billed_charge":3937.55,"npi":[1558369231,1629186549]}]}]},{"tin":{"type":"ein","value":"362668594"},"service_code":["65"],"billing_class":"institutional","payments":[{"allowed_amount":437.23,"billing_code_modifier":[""],"providers":[{"billed_charge":3750.05,"npi":[1558369231,1629186549]},{"billed_charge":3937.55,"npi":[1558369231,1629186549]}]},{"allowed_amount":437.23,"billing_code_modifier":[""],"providers":[{"billed_charge":3750.05,"npi":[1558369231,1629186549]},{"billed_charge":3937.55,"npi":[1558369231,1629186549]}]}]}]},{"name":"COVID-19 LAB TEST NON-CDC HTT","billing_code_type":"HCPCS","billing_code_type_version":"HCPCS LEVEL II 2021","billing_code":"U0004","description":"COVID-19 LAB TEST NON-CDC HTT","allowed_amounts":[{"tin":{"type":"ein","value":"813546703"},"service_code":["81"],"billing_class":"professional","payments":[{"allowed_amount":125.00,"billing_code_modifier":[""],"providers":[{"billed_charge":150.00,"npi":[1033655303]}]}]}]},{"name":"IA DET DNA\/RNA; COVID-19 AMP P T","billing_code_type":"HCPCS","billing_code_type_version":"HCPCS LEVEL II 2021","billing_code":"U0003","description":"IA DET DNA\/RNA; COVID-19 AMP P T","allowed_amounts":[{"tin":{"type":"ein","value":"161387862"},"service_code":["81"],"billing_class":"professional","payments":[{"allowed_amount":75.00,"billing_code_modifier":[""],"providers":[{"billed_charge":100.00,"npi":[1417443664,1932145778]}]}]},{"tin":{"type":"ein","value":"205405972"},"service_code":["81"],"billing_class":"professional","payments":[{"allowed_amount":70.00,"billing_code_modifier":[""],"providers":[{"billed_charge":150.00,"npi":[1992812473]}]}]},{"tin":{"type":"ein","value":"205405972"},"service_code":["81"],"billing_class":"professional","payments":[{"allowed_amount":75.00,"billing_code_modifier":[""],"providers":[{"billed_charge":150.00,"npi":[1295771624,1992812473]}]}]},{"tin":{"type":"ein","value":"232933949"},"service_code":["81"],"billing_class":"professional","payments":[{"allowed_amount":75.00,"billing_code_modifier":[""],"providers":[{"billed_charge":100.00,"npi":[1417443664,1619040284]}]}]},{"tin":{"type":"ein","value":"320662982"},"service_code":["81"],"billing_class":"professional","payments":[{"allowed_amount":75.00,"billing_code_modifier":[""],"providers":[{"billed_charge":200.00,"npi":[1346417086,1588324958]}]}]},{"tin":{"type":"ein","value":"320691529"},"service_code":["81"],"billing_class":"professional","payments":[{"allowed_amount":75.00,"billing_code_modifier":[""],"providers":[{"billed_charge":200.00,"npi":[1902548647]}]}]},{"tin":{"type":"ein","value":"450454268"},"service_code":["81"],"billing_class":"professional","payments":[{"allowed_amount":70.00,"billing_code_modifier":[""],"providers":[{"billed_charge":93.75,"npi":[1063050409,1477835684,1588004410]},{"billed_charge":187.50,"npi":[1053349993,1063050409,1245760883,1295127116,1477835684,1588004410]},{"billed_charge":246.00,"npi":[1053349993,1063050409,1295127116,1477835684,1588004410]}]},{"allowed_amount":70.00,"billing_code_modifier":[""],"providers":[{"billed_charge":93.75,"npi":[1063050409,1477835684,1588004410]},{"billed_charge":187.50,"npi":[1053349993,1063050409,1245760883,1295127116,1477835684,1588004410]},{"billed_charge":246.00,"npi":[1053349993,1063050409,1295127116,1477835684,1588004410]}]},{"allowed_amount":70.00,"billing_code_modifier":[""],"providers":[{"billed_charge":93.75,"npi":[1063050409,1477835684,1588004410]},{"billed_charge":187.50,"npi":[1053349993,1063050409,1245760883,1295127116,1477835684,1588004410]},{"billed_charge":246.00,"npi":[1053349993,1063050409,1295127116,1477835684,1588004410]}]}]},{"tin":{"type":"ein","value":"450454268"},"service_code":["81"],"billing_class":"professional","payments":[{"allowed_amount":70.00,"billing_code_modifier":[""],"providers":[{"billed_charge":93.75,"npi":[1063050409,1477835684,1588004410]},{"billed_charge":187.50,"npi":[1053349993,1063050409,1245760883,1295127116,1477835684,1588004410]},{"billed_charge":246.00,"npi":[1053349993,1063050409,1295127116,1477835684,1588004410]}]},{"allowed_amount":70.00,"billing_code_modifier":[""],"providers":[{"billed_charge":93.75,"npi":[1063050409,1477835684,1588004410]},{"billed_charge":187.50,"npi":[1053349993,1063050409,1245760883,1295127116,1477835684,1588004410]},{"billed_charge":246.00,"npi":[1053349993,1063050409,1295127116,1477835684,1588004410]}]},{"allowed_amount":70.00,"billing_code_modifier":[""],"providers":[{"billed_charge":93.75,"npi":[1063050409,1477835684,1588004410]},{"billed_charge":187.50,"npi":[1053349993,1063050409,1245760883,1295127116,1477835684,1588004410]},{"billed_charge":246.00,"npi":[1053349993,1063050409,1295127116,1477835684,1588004410]}]}]},{"tin":{"type":"ein","value":"450454268"},"service_code":["81"],"billing_class":"professional","payments":[{"allowed_amount":70.00,"billing_code_modifier":[""],"providers":[{"billed_charge":93.75,"npi":[1063050409,1477835684,1588004410]},{"billed_charge":187.50,"npi":[1053349993,1063050409,1245760883,1295127116,1477835684,1588004410]},{"billed_charge":246.00,"npi":[1053349993,1063050409,1295127116,1477835684,1588004410]}]},{"allowed_amount":70.00,"billing_code_modifier":[""],"providers":[{"billed_charge":93.75,"npi":[1063050409,1477835684,1588004410]},{"billed_charge":187.50,"npi":[1053349993,1063050409,1245760883,1295127116,1477835684,1588004410]},{"billed_charge":246.00,"npi":[1053349993,1063050409,1295127116,1477835684,1588004410]}]},{"allowed_amount":70.00,"billing_code_modifier":[""],"providers":[{"billed_charge":93.75,"npi":[1063050409,1477835684,1588004410]},{"billed_charge":187.50,"npi":[1053349993,1063050409,1245760883,1295127116,1477835684,1588004410]},{"billed_charge":246.00,"npi":[1053349993,1063050409,1295127116,1477835684,1588004410]}]}]},{"tin":{"type":"ein","value":"450454268"},"service_code":["81"],"billing_class":"professional","payments":[{"allowed_amount":75.00,"billing_code_modifier":[""],"providers":[{"billed_charge":187.50,"npi":[1588004410,1730404138]},{"billed_charge":246.00,"npi":[1588004410,1730404138]}]},{"allowed_amount":75.00,"billing_code_modifier":[""],"providers":[{"billed_charge":187.50,"npi":[1588004410,1730404138]},{"billed_charge":246.00,"npi":[1588004410,1730404138]}]}]},{"tin":{"type":"ein","value":"450454268"},"service_code":["81"],"billing_class":"professional","payments":[{"allowed_amount":75.00,"billing_code_modifier":[""],"providers":[{"billed_charge":187.50,"npi":[1588004410,1730404138]},{"billed_charge":246.00,"npi":[1588004410,1730404138]}]},{"allowed_amount":75.00,"billing_code_modifier":[""],"providers":[{"billed_charge":187.50,"npi":[1588004410,1730404138]},{"billed_charge":246.00,"npi":[1588004410,1730404138]}]}]},{"tin":{"type":"ein","value":"453194060"},"service_code":["81"],"billing_class":"professional","payments":[{"allowed_amount":75.00,"billing_code_modifier":[""],"providers":[{"billed_charge":125.00,"npi":[1659655124]},{"billed_charge":225.00,"npi":[1023045788,1023123015,1144439456,1659655124,1780778977]},{"billed_charge":281.25,"npi":[1023045788,1023123015,1659655124]}]},{"allowed_amount":75.00,"billing_code_modifier":[""],"providers":[{"billed_charge":125.00,"npi":[1659655124]},{"billed_charge":225.00,"npi":[1023045788,1023123015,1144439456,1659655124,1780778977]},{"billed_charge":281.25,"npi":[1023045788,1023123015,1659655124]}]},{"allowed_amount":75.00,"billing_code_modifier":[""],"providers":[{"billed_charge":125.00,"npi":[1659655124]},{"billed_charge":225.00,"npi":[1023045788,1023123015,1144439456,1659655124,1780778977]},{"billed_charge":281.25,"npi":[1023045788,1023123015,1659655124]}]}]},{"tin":{"type":"ein","value":"453194060"},"service_code":["81"],"billing_class":"professional","payments":[{"allowed_amount":75.00,"billing_code_modifier":[""],"providers":[{"billed_charge":125.00,"npi":[1659655124]},{"billed_charge":225.00,"npi":[1023045788,1023123015,1144439456,1659655124,1780778977]},{"billed_charge":281.25,"npi":[1023045788,1023123015,1659655124]}]},{"allowed_amount":75.00,"billing_code_modifier":[""],"providers":[{"billed_charge":125.00,"npi":[1659655124]},{"billed_charge":225.00,"npi":[1023045788,1023123015,1144439456,1659655124,1780778977]},{"billed_charge":281.25,"npi":[1023045788,1023123015,1659655124]}]},{"allowed_amount":75.00,"billing_code_modifier":[""],"providers":[{"billed_charge":125.00,"npi":[1659655124]},{"billed_charge":225.00,"npi":[1023045788,1023123015,1144439456,1659655124,1780778977]},{"billed_charge":281.25,"npi":[1023045788,1023123015,1659655124]}]}]},{"tin":{"type":"ein","value":"453194060"},"service_code":["81"],"billing_class":"professional","payments":[{"allowed_amount":75.00,"billing_code_modifier":[""],"providers":[{"billed_charge":125.00,"npi":[1659655124]},{"billed_charge":225.00,"npi":[1023045788,1023123015,1144439456,1659655124,1780778977]},{"billed_charge":281.25,"npi":[1023045788,1023123015,1659655124]}]},{"allowed_amount":75.00,"billing_code_modifier":[""],"providers":[{"billed_charge":125.00,"npi":[1659655124]},{"billed_charge":225.00,"npi":[1023045788,1023123015,1144439456,1659655124,1780778977]},{"billed_charge":281.25,"npi":[1023045788,1023123015,1659655124]}]},{"allowed_amount":75.00,"billing_code_modifier":[""],"providers":[{"billed_charge":125.00,"npi":[1659655124]},{"billed_charge":225.00,"npi":[1023045788,1023123015,1144439456,1659655124,1780778977]},{"billed_charge":281.25,"npi":[1023045788,1023123015,1659655124]}]}]},{"tin":{"type":"ein","value":"454772236"},"service_code":["22"],"billing_class":"professional","payments":[{"allowed_amount":0.00,"billing_code_modifier":[""],"providers":[{"billed_charge":20.00,"npi":[1619229168,1841612439]}]}]},{"tin":{"type":"ein","value":"462756649"},"service_code":["81"],"billing_class":"professional","payments":[{"allowed_amount":75.00,"billing_code_modifier":[""],"providers":[{"billed_charge":300.00,"npi":[1659837961,1720344617]}]}]},{"tin":{"type":"ein","value":"462756649"},"service_code":["81"],"billing_class":"professional","payments":[{"allowed_amount":300.00,"billing_code_modifier":[""],"providers":[{"billed_charge":300.00,"npi":[1659837961,1720344617]}]}]},{"tin":{"type":"ein","value":"471691290"},"service_code":["81"],"billing_class":"professional","payments":[{"allowed_amount":75.00,"billing_code_modifier":[""],"providers":[{"billed_charge":150.00,"npi":[1184782302,1215003090,1235328022,1235533779,1922289628]}]}]},{"tin":{"type":"ein","value":"472462178"},"service_code":["81"],"billing_class":"professional","payments":[{"allowed_amount":125.00,"billing_code_modifier":[""],"providers":[{"billed_charge":250.00,"npi":[1144731605,1508484569,1639311509,1962018374]}]}]},{"tin":{"type":"ein","value":"473551073"},"service_code":["81"],"billing_class":"professional","payments":[{"allowed_amount":75.00,"billing_code_modifier":[""],"providers":[{"billed_charge":200.00,"npi":[1255728333,1740660414]}]}]},{"tin":{"type":"ein","value":"473727159"},"service_code":["81"],"billing_class":"professional","payments":[{"allowed_amount":0.00,"billing_code_modifier":[""],"providers":[{"billed_charge":100.00,"npi":[1912521568]},{"billed_charge":125.00,"npi":[1912521568]}]},{"allowed_amount":0.00,"billing_code_modifier":[""],"providers":[{"billed_charge":100.00,"npi":[1912521568]},{"billed_charge":125.00,"npi":[1912521568]}]}]},{"tin":{"type":"ein","value":"473727159"},"service_code":["81"],"billing_class":"professional","payments":[{"allowed_amount":0.00,"billing_code_modifier":[""],"providers":[{"billed_charge":100.00,"npi":[1912521568]},{"billed_charge":125.00,"npi":[1912521568]}]},{"allowed_amount":0.00,"billing_code_modifier":[""],"providers":[{"billed_charge":100.00,"npi":[1912521568]},{"billed_charge":125.00,"npi":[1912521568]}]}]},{"tin":{"type":"ein","value":"473727159"},"service_code":["81"],"billing_class":"professional","payments":[{"allowed_amount":70.00,"billing_code_modifier":[""],"providers":[{"billed_charge":125.00,"npi":[1386236909,1629671078,1912521568,1942812094]}]}]},{"tin":{"type":"ein","value":"473727159"},"service_code":["81"],"billing_class":"professional","payments":[{"allowed_amount":75.00,"billing_code_modifier":[""],"providers":[{"billed_charge":125.00,"npi":[1356877252,1447382270,1497229017,1689330383,1861042913,1912521568]}]}]},{"tin":{"type":"ein","value":"813546703"},"service_code":["81"],"billing_class":"professional","payments":[{"allowed_amount":0.00,"billing_code_modifier":[""],"providers":[{"billed_charge":150.00,"npi":[1033655303]}]}]},{"tin":{"type":"ein","value":"814460406"},"service_code":["81"],"billing_class":"professional","payments":[{"allowed_amount":75.00,"billing_code_modifier":[""],"providers":[{"billed_charge":75.00,"npi":[1538507819]},{"billed_charge":200.00,"npi":[1538507819]}]},{"allowed_amount":75.00,"billing_code_modifier":[""],"providers":[{"billed_charge":75.00,"npi":[1538507819]},{"billed_charge":200.00,"npi":[1538507819]}]}]},{"tin":{"type":"ein","value":"814460406"},"service_code":["81"],"billing_class":"professional","payments":[{"allowed_amount":75.00,"billing_code_modifier":[""],"providers":[{"billed_charge":75.00,"npi":[1538507819]},{"billed_charge":200.00,"npi":[1538507819]}]},{"allowed_amount":75.00,"billing_code_modifier":[""],"providers":[{"billed_charge":75.00,"npi":[1538507819]},{"billed_charge":200.00,"npi":[1538507819]}]}]},{"tin":{"type":"ein","value":"814697090"},"service_code":["81"],"billing_class":"professional","payments":[{"allowed_amount":75.00,"billing_code_modifier":[""],"providers":[{"billed_charge":93.75,"npi":[1164604799,1689667891,1740715333]},{"billed_charge":187.50,"npi":[1073897989,1740715333]},{"billed_charge":246.00,"npi":[1073897989,1164604799,1740715333]}]},{"allowed_amount":75.00,"billing_code_modifier":[""],"providers":[{"billed_charge":93.75,"npi":[1164604799,1689667891,1740715333]},{"billed_charge":187.50,"npi":[1073897989,1740715333]},{"billed_charge":246.00,"npi":[1073897989,1164604799,1740715333]}]},{"allowed_amount":75.00,"billing_code_modifier":[""],"providers":[{"billed_charge":93.75,"npi":[1164604799,1689667891,1740715333]},{"billed_charge":187.50,"npi":[1073897989,1740715333]},{"billed_charge":246.00,"npi":[1073897989,1164604799,1740715333]}]}]},{"tin":{"type":"ein","value":"814697090"},"service_code":["81"],"billing_class":"professional","payments":[{"allowed_amount":75.00,"billing_code_modifier":[""],"providers":[{"billed_charge":93.75,"npi":[1164604799,1689667891,1740715333]},{"billed_charge":187.50,"npi":[1073897989,1740715333]},{"billed_charge":246.00,"npi":[1073897989,1164604799,1740715333]}]},{"allowed_amount":75.00,"billing_code_modifier":[""],"providers":[{"billed_charge":93.75,"npi":[1164604799,1689667891,1740715333]},{"billed_charge":187.50,"npi":[1073897989,1740715333]},{"billed_charge":246.00,"npi":[1073897989,1164604799,1740715333]}]},{"allowed_amount":75.00,"billing_code_modifier":[""],"providers":[{"billed_charge":93.75,"npi":[1164604799,1689667891,1740715333]},{"billed_charge":187.50,"npi":[1073897989,1740715333]},{"billed_charge":246.00,"npi":[1073897989,1164604799,1740715333]}]}]},{"tin":{"type":"ein","value":"814697090"},"service_code":["81"],"billing_class":"professional","payments":[{"allowed_amount":75.00,"billing_code_modifier":[""],"providers":[{"billed_charge":93.75,"npi":[1164604799,1689667891,1740715333]},{"billed_charge":187.50,"npi":[1073897989,1740715333]},{"billed_charge":246.00,"npi":[1073897989,1164604799,1740715333]}]},{"allowed_amount":75.00,"billing_code_modifier":[""],"providers":[{"billed_charge":93.75,"npi":[1164604799,1689667891,1740715333]},{"billed_charge":187.50,"npi":[1073897989,1740715333]},{"billed_charge":246.00,"npi":[1073897989,1164604799,1740715333]}]},{"allowed_amount":75.00,"billing_code_modifier":[""],"providers":[{"billed_charge":93.75,"npi":[1164604799,1689667891,1740715333]},{"billed_charge":187.50,"npi":[1073897989,1740715333]},{"billed_charge":246.00,"npi":[1073897989,1164604799,1740715333]}]}]},{"tin":{"type":"ein","value":"815231256"},"service_code":["81"],"billing_class":"professional","payments":[{"allowed_amount":75.00,"billing_code_modifier":[""],"providers":[{"billed_charge":139.00,"npi":[1710516455]}]}]},{"tin":{"type":"ein","value":"823794363"},"service_code":["81"],"billing_class":"professional","payments":[{"allowed_amount":75.00,"billing_code_modifier":[""],"providers":[{"billed_charge":150.00,"npi":[1184936536,1306816897,1609468420]}]}]},{"tin":{"type":"ein","value":"853008331"},"service_code":["81"],"billing_class":"professional","payments":[{"allowed_amount":75.00,"billing_code_modifier":[""],"providers":[{"billed_charge":110.00,"npi":[1225037393,1356946164]}]}]},{"tin":{"type":"ein","value":"854074087"},"service_code":["81"],"billing_class":"professional","payments":[{"allowed_amount":75.00,"billing_code_modifier":[""],"providers":[{"billed_charge":150.00,"npi":[1063083202,1285164111]}]}]},{"tin":{"type":"ein","value":"872908920"},"service_code":["81"],"billing_class":"professional","payments":[{"allowed_amount":75.00,"billing_code_modifier":[""],"providers":[{"billed_charge":325.00,"npi":[1346417086,1851044010]}]}]},{"tin":{"type":"ein","value":"874135119"},"service_code":["81"],"billing_class":"professional","payments":[{"allowed_amount":75.00,"billing_code_modifier":[""],"providers":[{"billed_charge":112.50,"npi":[1275288409,1881121929]}]}]},{"tin":{"type":"ein","value":"880241758"},"service_code":["81"],"billing_class":"professional","payments":[{"allowed_amount":70.00,"billing_code_modifier":[""],"providers":[{"billed_charge":100.00,"npi":[1003840778,1124417357]}]}]},{"tin":{"type":"ein","value":"880241758"},"service_code":["81"],"billing_class":"professional","payments":[{"allowed_amount":75.00,"billing_code_modifier":[""],"providers":[{"billed_charge":100.00,"npi":[1124417357,1598714016,1982688024]}]}]}]},{"name":"INFEC AGEN DETEC AMPLI PROBE","billing_code_type":"HCPCS","billing_code_type_version":"HCPCS LEVEL II 2021","billing_code":"U0005","description":"INFEC AGEN DETEC AMPLI PROBE","allowed_amounts":[{"tin":{"type":"ein","value":"205405972"},"service_code":["81"],"billing_class":"professional","payments":[{"allowed_amount":0.00,"billing_code_modifier":[""],"providers":[{"billed_charge":50.00,"npi":[1992812473]}]}]},{"tin":{"type":"ein","value":"205405972"},"service_code":["81"],"billing_class":"professional","payments":[{"allowed_amount":25.00,"billing_code_modifier":[""],"providers":[{"billed_charge":50.00,"npi":[1295771624,1992812473]}]}]},{"tin":{"type":"ein","value":"232933949"},"service_code":["81"],"billing_class":"professional","payments":[{"allowed_amount":25.00,"billing_code_modifier":[""],"providers":[{"billed_charge":25.00,"npi":[1417443664,1619040284]}]}]},{"tin":{"type":"ein","value":"233079507"},"service_code":["81"],"billing_class":"professional","payments":[{"allowed_amount":25.00,"billing_code_modifier":[""],"providers":[{"billed_charge":25.00,"npi":[1043271539,1609849819]}]}]},{"tin":{"type":"ein","value":"320662982"},"service_code":["81"],"billing_class":"professional","payments":[{"allowed_amount":25.00,"billing_code_modifier":[""],"providers":[{"billed_charge":50.00,"npi":[1346417086,1588324958]}]}]},{"tin":{"type":"ein","value":"320691529"},"service_code":["81"],"billing_class":"professional","payments":[{"allowed_amount":25.00,"billing_code_modifier":[""],"providers":[{"billed_charge":100.00,"npi":[1902548647]}]}]},{"tin":{"type":"ein","value":"352539778"},"service_code":["81"],"billing_class":"professional","payments":[{"allowed_amount":25.00,"billing_code_modifier":[""],"providers":[{"billed_charge":31.25,"npi":[1346417086,1972971265]}]}]},{"tin":{"type":"ein","value":"450454268"},"service_code":["81"],"billing_class":"professional","payments":[{"allowed_amount":0.00,"billing_code_modifier":[""],"providers":[{"billed_charge":31.25,"npi":[1063050409,1477835684,1588004410]},{"billed_charge":62.50,"npi":[1053349993,1063050409,1245760883,1295127116,1477835684,1588004410]},{"billed_charge":82.00,"npi":[1053349993,1063050409,1295127116,1477835684,1588004410]}]},{"allowed_amount":0.00,"billing_code_modifier":[""],"providers":[{"billed_charge":31.25,"npi":[1063050409,1477835684,1588004410]},{"billed_charge":62.50,"npi":[1053349993,1063050409,1245760883,1295127116,1477835684,1588004410]},{"billed_charge":82.00,"npi":[1053349993,1063050409,1295127116,1477835684,1588004410]}]},{"allowed_amount":0.00,"billing_code_modifier":[""],"providers":[{"billed_charge":31.25,"npi":[1063050409,1477835684,1588004410]},{"billed_charge":62.50,"npi":[1053349993,1063050409,1245760883,1295127116,1477835684,1588004410]},{"billed_charge":82.00,"npi":[1053349993,1063050409,1295127116,1477835684,1588004410]}]}]},{"tin":{"type":"ein","value":"450454268"},"service_code":["81"],"billing_class":"professional","payments":[{"allowed_amount":0.00,"billing_code_modifier":[""],"providers":[{"billed_charge":31.25,"npi":[1063050409,1477835684,1588004410]},{"billed_charge":62.50,"npi":[1053349993,1063050409,1245760883,1295127116,1477835684,1588004410]},{"billed_charge":82.00,"npi":[1053349993,1063050409,1295127116,1477835684,1588004410]}]},{"allowed_amount":0.00,"billing_code_modifier":[""],"providers":[{"billed_charge":31.25,"npi":[1063050409,1477835684,1588004410]},{"billed_charge":62.50,"npi":[1053349993,1063050409,1245760883,1295127116,1477835684,1588004410]},{"billed_charge":82.00,"npi":[1053349993,1063050409,1295127116,1477835684,1588004410]}]},{"allowed_amount":0.00,"billing_code_modifier":[""],"providers":[{"billed_charge":31.25,"npi":[1063050409,1477835684,1588004410]},{"billed_charge":62.50,"npi":[1053349993,1063050409,1245760883,1295127116,1477835684,1588004410]},{"billed_charge":82.00,"npi":[1053349993,1063050409,1295127116,1477835684,1588004410]}]}]},{"tin":{"type":"ein","value":"450454268"},"service_code":["81"],"billing_class":"professional","payments":[{"allowed_amount":0.00,"billing_code_modifier":[""],"providers":[{"billed_charge":31.25,"npi":[1063050409,1477835684,1588004410]},{"billed_charge":62.50,"npi":[1053349993,1063050409,1245760883,1295127116,1477835684,1588004410]},{"billed_charge":82.00,"npi":[1053349993,1063050409,1295127116,1477835684,1588004410]}]},{"allowed_amount":0.00,"billing_code_modifier":[""],"providers":[{"billed_charge":31.25,"npi":[1063050409,1477835684,1588004410]},{"billed_charge":62.50,"npi":[1053349993,1063050409,1245760883,1295127116,1477835684,1588004410]},{"billed_charge":82.00,"npi":[1053349993,1063050409,1295127116,1477835684,1588004410]}]},{"allowed_amount":0.00,"billing_code_modifier":[""],"providers":[{"billed_charge":31.25,"npi":[1063050409,1477835684,1588004410]},{"billed_charge":62.50,"npi":[1053349993,1063050409,1245760883,1295127116,1477835684,1588004410]},{"billed_charge":82.00,"npi":[1053349993,1063050409,1295127116,1477835684,1588004410]}]}]},{"tin":{"type":"ein","value":"450454268"},"service_code":["81"],"billing_class":"professional","payments":[{"allowed_amount":25.00,"billing_code_modifier":[""],"providers":[{"billed_charge":62.50,"npi":[1588004410,1730404138]},{"billed_charge":82.00,"npi":[1588004410,1730404138]}]},{"allowed_amount":25.00,"billing_code_modifier":[""],"providers":[{"billed_charge":62.50,"npi":[1588004410,1730404138]},{"billed_charge":82.00,"npi":[1588004410,1730404138]}]}]},{"tin":{"type":"ein","value":"450454268"},"service_code":["81"],"billing_class":"professional","payments":[{"allowed_amount":25.00,"billing_code_modifier":[""],"providers":[{"billed_charge":62.50,"npi":[1588004410,1730404138]},{"billed_charge":82.00,"npi":[1588004410,1730404138]}]},{"allowed_amount":25.00,"billing_code_modifier":[""],"providers":[{"billed_charge":62.50,"npi":[1588004410,1730404138]},{"billed_charge":82.00,"npi":[1588004410,1730404138]}]}]},{"tin":{"type":"ein","value":"453194060"},"service_code":["81"],"billing_class":"professional","payments":[{"allowed_amount":25.00,"billing_code_modifier":[""],"providers":[{"billed_charge":56.25,"npi":[1023123015,1144439456,1659655124]}]}]},{"tin":{"type":"ein","value":"462756649"},"service_code":["81"],"billing_class":"professional","payments":[{"allowed_amount":25.00,"billing_code_modifier":[""],"providers":[{"billed_charge":75.00,"npi":[1659837961,1720344617]}]}]},{"tin":{"type":"ein","value":"462756649"},"service_code":["81"],"billing_class":"professional","payments":[{"allowed_amount":75.00,"billing_code_modifier":[""],"providers":[{"billed_charge":75.00,"npi":[1659837961,1720344617]}]}]},{"tin":{"type":"ein","value":"471506107"},"service_code":["81"],"billing_class":"professional","payments":[{"allowed_amount":0.00,"billing_code_modifier":[""],"providers":[{"billed_charge":50.00,"npi":[1033341060,1932507969]}]}]},{"tin":{"type":"ein","value":"471691290"},"service_code":["81"],"billing_class":"professional","payments":[{"allowed_amount":12.50,"billing_code_modifier":[""],"providers":[{"billed_charge":50.00,"npi":[1235533779]}]}]},{"tin":{"type":"ein","value":"471691290"},"service_code":["81"],"billing_class":"professional","payments":[{"allowed_amount":14.00,"billing_code_modifier":[""],"providers":[{"billed_charge":50.00,"npi":[1235533779]}]}]},{"tin":{"type":"ein","value":"471691290"},"service_code":["81"],"billing_class":"professional","payments":[{"allowed_amount":25.00,"billing_code_modifier":[""],"providers":[{"billed_charge":50.00,"npi":[1184782302,1215003090,1235328022,1235533779,1922289628]}]}]},{"tin":{"type":"ein","value":"472462178"},"service_code":["81"],"billing_class":"professional","payments":[{"allowed_amount":0.00,"billing_code_modifier":[""],"providers":[{"billed_charge":50.00,"npi":[1144731605,1508484569,1639311509,1962018374]}]}]},{"tin":{"type":"ein","value":"473551073"},"service_code":["81"],"billing_class":"professional","payments":[{"allowed_amount":25.00,"billing_code_modifier":[""],"providers":[{"billed_charge":50.00,"npi":[1255728333,1740660414]}]}]},{"tin":{"type":"ein","value":"473727159"},"service_code":["81"],"billing_class":"professional","payments":[{"allowed_amount":0.00,"billing_code_modifier":[""],"providers":[{"billed_charge":25.00,"npi":[1386236909,1629671078,1912521568,1942812094]}]}]},{"tin":{"type":"ein","value":"473727159"},"service_code":["81"],"billing_class":"professional","payments":[{"allowed_amount":25.00,"billing_code_modifier":[""],"providers":[{"billed_charge":25.00,"npi":[1356877252,1447382270,1497229017,1689330383,1861042913,1912521568]}]}]},{"tin":{"type":"ein","value":"474172816"},"service_code":["81"],"billing_class":"professional","payments":[{"allowed_amount":0.00,"billing_code_modifier":[""],"providers":[{"billed_charge":50.00,"npi":[1467073460]}]}]},{"tin":{"type":"ein","value":"474903308"},"service_code":["81"],"billing_class":"professional","payments":[{"allowed_amount":25.00,"billing_code_modifier":[""],"providers":[{"billed_charge":25.00,"npi":[1477016483,1740733708]}]}]},{"tin":{"type":"ein","value":"813546703"},"service_code":["81"],"billing_class":"professional","payments":[{"allowed_amount":0.00,"billing_code_modifier":[""],"providers":[{"billed_charge":25.00,"npi":[1033655303]},{"billed_charge":50.00,"npi":[1033655303]},{"billed_charge":150.00,"npi":[1033655303]}]},{"allowed_amount":0.00,"billing_code_modifier":[""],"providers":[{"billed_charge":25.00,"npi":[1033655303]},{"billed_charge":50.00,"npi":[1033655303]},{"billed_charge":150.00,"npi":[1033655303]}]},{"allowed_amount":0.00,"billing_code_modifier":[""],"providers":[{"billed_charge":25.00,"npi":[1033655303]},{"billed_charge":50.00,"npi":[1033655303]},{"billed_charge":150.00,"npi":[1033655303]}]}]},{"tin":{"type":"ein","value":"813546703"},"service_code":["81"],"billing_class":"professional","payments":[{"allowed_amount":0.00,"billing_code_modifier":[""],"providers":[{"billed_charge":25.00,"npi":[1033655303]},{"billed_charge":50.00,"npi":[1033655303]},{"billed_charge":150.00,"npi":[1033655303]}]},{"allowed_amount":0.00,"billing_code_modifier":[""],"providers":[{"billed_charge":25.00,"npi":[1033655303]},{"billed_charge":50.00,"npi":[1033655303]},{"billed_charge":150.00,"npi":[1033655303]}]},{"allowed_amount":0.00,"billing_code_modifier":[""],"providers":[{"billed_charge":25.00,"npi":[1033655303]},{"billed_charge":50.00,"npi":[1033655303]},{"billed_charge":150.00,"npi":[1033655303]}]}]},{"tin":{"type":"ein","value":"813546703"},"service_code":["81"],"billing_class":"professional","payments":[{"allowed_amount":0.00,"billing_code_modifier":[""],"providers":[{"billed_charge":25.00,"npi":[1033655303]},{"billed_charge":50.00,"npi":[1033655303]},{"billed_charge":150.00,"npi":[1033655303]}]},{"allowed_amount":0.00,"billing_code_modifier":[""],"providers":[{"billed_charge":25.00,"npi":[1033655303]},{"billed_charge":50.00,"npi":[1033655303]},{"billed_charge":150.00,"npi":[1033655303]}]},{"allowed_amount":0.00,"billing_code_modifier":[""],"providers":[{"billed_charge":25.00,"npi":[1033655303]},{"billed_charge":50.00,"npi":[1033655303]},{"billed_charge":150.00,"npi":[1033655303]}]}]},{"tin":{"type":"ein","value":"813546703"},"service_code":["81"],"billing_class":"professional","payments":[{"allowed_amount":12.50,"billing_code_modifier":[""],"providers":[{"billed_charge":50.00,"npi":[1033655303]}]}]},{"tin":{"type":"ein","value":"813546703"},"service_code":["81"],"billing_class":"professional","payments":[{"allowed_amount":25.00,"billing_code_modifier":[""],"providers":[{"billed_charge":25.00,"npi":[1033655303]},{"billed_charge":50.00,"npi":[1033655303]}]},{"allowed_amount":25.00,"billing_code_modifier":[""],"providers":[{"billed_charge":25.00,"npi":[1033655303]},{"billed_charge":50.00,"npi":[1033655303]}]}]},{"tin":{"type":"ein","value":"813546703"},"service_code":["81"],"billing_class":"professional","payments":[{"allowed_amount":25.00,"billing_code_modifier":[""],"providers":[{"billed_charge":25.00,"npi":[1033655303]},{"billed_charge":50.00,"npi":[1033655303]}]},{"allowed_amount":25.00,"billing_code_modifier":[""],"providers":[{"billed_charge":25.00,"npi":[1033655303]},{"billed_charge":50.00,"npi":[1033655303]}]}]},{"tin":{"type":"ein","value":"813546703"},"service_code":["81"],"billing_class":"professional","payments":[{"allowed_amount":50.00,"billing_code_modifier":[""],"providers":[{"billed_charge":50.00,"npi":[1033655303]}]}]},{"tin":{"type":"ein","value":"814460406"},"service_code":["81"],"billing_class":"professional","payments":[{"allowed_amount":25.00,"billing_code_modifier":[""],"providers":[{"billed_charge":25.00,"npi":[1538507819]},{"billed_charge":100.00,"npi":[1538507819]}]},{"allowed_amount":25.00,"billing_code_modifier":[""],"providers":[{"billed_charge":25.00,"npi":[1538507819]},{"billed_charge":100.00,"npi":[1538507819]}]}]},{"tin":{"type":"ein","value":"814460406"},"service_code":["81"],"billing_class":"professional","payments":[{"allowed_amount":25.00,"billing_code_modifier":[""],"providers":[{"billed_charge":25.00,"npi":[1538507819]},{"billed_charge":100.00,"npi":[1538507819]}]},{"allowed_amount":25.00,"billing_code_modifier":[""],"providers":[{"billed_charge":25.00,"npi":[1538507819]},{"billed_charge":100.00,"npi":[1538507819]}]}]},{"tin":{"type":"ein","value":"814697090"},"service_code":["81"],"billing_class":"professional","payments":[{"allowed_amount":25.00,"billing_code_modifier":[""],"providers":[{"billed_charge":31.25,"npi":[1164604799,1689667891,1740715333]},{"billed_charge":62.50,"npi":[1073897989,1740715333]},{"billed_charge":82.00,"npi":[1073897989,1164604799,1740715333]}]},{"allowed_amount":25.00,"billing_code_modifier":[""],"providers":[{"billed_charge":31.25,"npi":[1164604799,1689667891,1740715333]},{"billed_charge":62.50,"npi":[1073897989,1740715333]},{"billed_charge":82.00,"npi":[1073897989,1164604799,1740715333]}]},{"allowed_amount":25.00,"billing_code_modifier":[""],"providers":[{"billed_charge":31.25,"npi":[1164604799,1689667891,1740715333]},{"billed_charge":62.50,"npi":[1073897989,1740715333]},{"billed_charge":82.00,"npi":[1073897989,1164604799,1740715333]}]}]},{"tin":{"type":"ein","value":"814697090"},"service_code":["81"],"billing_class":"professional","payments":[{"allowed_amount":25.00,"billing_code_modifier":[""],"providers":[{"billed_charge":31.25,"npi":[1164604799,1689667891,1740715333]},{"billed_charge":62.50,"npi":[1073897989,1740715333]},{"billed_charge":82.00,"npi":[1073897989,1164604799,1740715333]}]},{"allowed_amount":25.00,"billing_code_modifier":[""],"providers":[{"billed_charge":31.25,"npi":[1164604799,1689667891,1740715333]},{"billed_charge":62.50,"npi":[1073897989,1740715333]},{"billed_charge":82.00,"npi":[1073897989,1164604799,1740715333]}]},{"allowed_amount":25.00,"billing_code_modifier":[""],"providers":[{"billed_charge":31.25,"npi":[1164604799,1689667891,1740715333]},{"billed_charge":62.50,"npi":[1073897989,1740715333]},{"billed_charge":82.00,"npi":[1073897989,1164604799,1740715333]}]}]},{"tin":{"type":"ein","value":"814697090"},"service_code":["81"],"billing_class":"professional","payments":[{"allowed_amount":25.00,"billing_code_modifier":[""],"providers":[{"billed_charge":31.25,"npi":[1164604799,1689667891,1740715333]},{"billed_charge":62.50,"npi":[1073897989,1740715333]},{"billed_charge":82.00,"npi":[1073897989,1164604799,1740715333]}]},{"allowed_amount":25.00,"billing_code_modifier":[""],"providers":[{"billed_charge":31.25,"npi":[1164604799,1689667891,1740715333]},{"billed_charge":62.50,"npi":[1073897989,1740715333]},{"billed_charge":82.00,"npi":[1073897989,1164604799,1740715333]}]},{"allowed_amount":25.00,"billing_code_modifier":[""],"providers":[{"billed_charge":31.25,"npi":[1164604799,1689667891,1740715333]},{"billed_charge":62.50,"npi":[1073897989,1740715333]},{"billed_charge":82.00,"npi":[1073897989,1164604799,1740715333]}]}]},{"tin":{"type":"ein","value":"815231256"},"service_code":["81"],"billing_class":"professional","payments":[{"allowed_amount":25.00,"billing_code_modifier":[""],"providers":[{"billed_charge":25.00,"npi":[1710516455]}]}]},{"tin":{"type":"ein","value":"820600568"},"service_code":["81"],"billing_class":"professional","payments":[{"allowed_amount":25.00,"billing_code_modifier":[""],"providers":[{"billed_charge":60.00,"npi":[1780125633]}]}]},{"tin":{"type":"ein","value":"823794363"},"service_code":["81"],"billing_class":"professional","payments":[{"allowed_amount":25.00,"billing_code_modifier":[""],"providers":[{"billed_charge":25.00,"npi":[1184936536,1306816897,1609468420]}]}]},{"tin":{"type":"ein","value":"831342609"},"service_code":["81"],"billing_class":"professional","payments":[{"allowed_amount":0.00,"billing_code_modifier":[""],"providers":[{"billed_charge":100.00,"npi":[1063011898,1356913446,1487815387]}]}]},{"tin":{"type":"ein","value":"832712256"},"service_code":["81"],"billing_class":"professional","payments":[{"allowed_amount":0.00,"billing_code_modifier":[""],"providers":[{"billed_charge":50.00,"npi":[1801368998]}]}]},{"tin":{"type":"ein","value":"845066720"},"service_code":["81"],"billing_class":"professional","payments":[{"allowed_amount":25.00,"billing_code_modifier":[""],"providers":[{"billed_charge":50.00,"npi":[1033282967,1316573827]}]}]},{"tin":{"type":"ein","value":"853008331"},"service_code":["81"],"billing_class":"professional","payments":[{"allowed_amount":25.00,"billing_code_modifier":[""],"providers":[{"billed_charge":50.00,"npi":[1225037393,1356946164]}]}]},{"tin":{"type":"ein","value":"853720606"},"service_code":["81"],"billing_class":"professional","payments":[{"allowed_amount":25.00,"billing_code_modifier":[""],"providers":[{"billed_charge":30.00,"npi":[1366045932,1841339025]}]}]},{"tin":{"type":"ein","value":"854074087"},"service_code":["81"],"billing_class":"professional","payments":[{"allowed_amount":25.00,"billing_code_modifier":[""],"providers":[{"billed_charge":50.00,"npi":[1063083202,1285164111]}]}]},{"tin":{"type":"ein","value":"861229252"},"service_code":["81"],"billing_class":"professional","payments":[{"allowed_amount":25.00,"billing_code_modifier":[""],"providers":[{"billed_charge":50.00,"npi":[1306599451]}]}]},{"tin":{"type":"ein","value":"872908920"},"service_code":["81"],"billing_class":"professional","payments":[{"allowed_amount":25.00,"billing_code_modifier":[""],"providers":[{"billed_charge":50.00,"npi":[1346417086,1851044010]}]}]},{"tin":{"type":"ein","value":"874135119"},"service_code":["81"],"billing_class":"professional","payments":[{"allowed_amount":25.00,"billing_code_modifier":[""],"providers":[{"billed_charge":37.50,"npi":[1275288409,1881121929]}]}]},{"tin":{"type":"ein","value":"880241758"},"service_code":["81"],"billing_class":"professional","payments":[{"allowed_amount":0.00,"billing_code_modifier":[""],"providers":[{"billed_charge":25.00,"npi":[1003840778,1124417357]}]}]},{"tin":{"type":"ein","value":"880241758"},"service_code":["81"],"billing_class":"professional","payments":[{"allowed_amount":25.00,"billing_code_modifier":[""],"providers":[{"billed_charge":25.00,"npi":[1124417357,1598714016]}]}]}]},{"name":"SPECIMEN COLLECT COVID-19","billing_code_type":"HCPCS","billing_code_type_version":"HCPCS LEVEL II 2021","billing_code":"G2023","description":"SPECIMEN COLLECT COVID-19","allowed_amounts":[{"tin":{"type":"ein","value":"203734391"},"service_code":["81"],"billing_class":"professional","payments":[{"allowed_amount":23.46,"billing_code_modifier":[""],"providers":[{"billed_charge":117.30,"npi":[1053584482]}]}]},{"tin":{"type":"ein","value":"208170727"},"service_code":["81"],"billing_class":"professional","payments":[{"allowed_amount":0.00,"billing_code_modifier":[""],"providers":[{"billed_charge":50.00,"npi":[1750912739]}]}]},{"tin":{"type":"ein","value":"233079507"},"service_code":["81"],"billing_class":"professional","payments":[{"allowed_amount":0.00,"billing_code_modifier":[""],"providers":[{"billed_charge":23.46,"npi":[1043271539,1609849819]}]}]},{"tin":{"type":"ein","value":"361924025"},"service_code":["21"],"billing_class":"professional","payments":[{"allowed_amount":0.00,"billing_code_modifier":[""],"providers":[{"billed_charge":28.99,"npi":[1376558338,1760877971]}]}]},{"tin":{"type":"ein","value":"361924025"},"service_code":["21"],"billing_class":"professional","payments":[{"allowed_amount":23.46,"billing_code_modifier":[""],"providers":[{"billed_charge":28.99,"npi":[1487661385,1598714016]}]}]},{"tin":{"type":"ein","value":"450454268"},"service_code":["81"],"billing_class":"professional","payments":[{"allowed_amount":23.46,"billing_code_modifier":[""],"providers":[{"billed_charge":58.65,"npi":[1588004410,1730404138]},{"billed_charge":76.95,"npi":[1588004410,1730404138]}]},{"allowed_amount":23.46,"billing_code_modifier":[""],"providers":[{"billed_charge":58.65,"npi":[1588004410,1730404138]},{"billed_charge":76.95,"npi":[1588004410,1730404138]}]}]},{"tin":{"type":"ein","value":"450454268"},"service_code":["81"],"billing_class":"professional","payments":[{"allowed_amount":23.46,"billing_code_modifier":[""],"providers":[{"billed_charge":58.65,"npi":[1588004410,1730404138]},{"billed_charge":76.95,"npi":[1588004410,1730404138]}]},{"allowed_amount":23.46,"billing_code_modifier":[""],"providers":[{"billed_charge":58.65,"npi":[1588004410,1730404138]},{"billed_charge":76.95,"npi":[1588004410,1730404138]}]}]},{"tin":{"type":"ein","value":"450454268"},"service_code":["81"],"billing_class":"professional","payments":[{"allowed_amount":25.00,"billing_code_modifier":[""],"providers":[{"billed_charge":29.33,"npi":[1063050409,1477835684,1588004410]},{"billed_charge":58.65,"npi":[1053349993,1063050409,1245760883,1295127116,1477835684,1588004410]},{"billed_charge":76.95,"npi":[1053349993,1063050409,1295127116,1477835684,1588004410]}]},{"allowed_amount":25.00,"billing_code_modifier":[""],"providers":[{"billed_charge":29.33,"npi":[1063050409,1477835684,1588004410]},{"billed_charge":58.65,"npi":[1053349993,1063050409,1245760883,1295127116,1477835684,1588004410]},{"billed_charge":76.95,"npi":[1053349993,1063050409,1295127116,1477835684,1588004410]}]},{"allowed_amount":25.00,"billing_code_modifier":[""],"providers":[{"billed_charge":29.33,"npi":[1063050409,1477835684,1588004410]},{"billed_charge":58.65,"npi":[1053349993,1063050409,1245760883,1295127116,1477835684,1588004410]},{"billed_charge":76.95,"npi":[1053349993,1063050409,1295127116,1477835684,1588004410]}]}]},{"tin":{"type":"ein","value":"450454268"},"service_code":["81"],"billing_class":"professional","payments":[{"allowed_amount":25.00,"billing_code_modifier":[""],"providers":[{"billed_charge":29.33,"npi":[1063050409,1477835684,1588004410]},{"billed_charge":58.65,"npi":[1053349993,1063050409,1245760883,1295127116,1477835684,1588004410]},{"billed_charge":76.95,"npi":[1053349993,1063050409,1295127116,1477835684,1588004410]}]},{"allowed_amount":25.00,"billing_code_modifier":[""],"providers":[{"billed_charge":29.33,"npi":[1063050409,1477835684,1588004410]},{"billed_charge":58.65,"npi":[1053349993,1063050409,1245760883,1295127116,1477835684,1588004410]},{"billed_charge":76.95,"npi":[1053349993,1063050409,1295127116,1477835684,1588004410]}]},{"allowed_amount":25.00,"billing_code_modifier":[""],"providers":[{"billed_charge":29.33,"npi":[1063050409,1477835684,1588004410]},{"billed_charge":58.65,"npi":[1053349993,1063050409,1245760883,1295127116,1477835684,1588004410]},{"billed_charge":76.95,"npi":[1053349993,1063050409,1295127116,1477835684,1588004410]}]}]},{"tin":{"type":"ein","value":"450454268"},"service_code":["81"],"billing_class":"professional","payments":[{"allowed_amount":25.00,"billing_code_modifier":[""],"providers":[{"billed_charge":29.33,"npi":[1063050409,1477835684,1588004410]},{"billed_charge":58.65,"npi":[1053349993,1063050409,1245760883,1295127116,1477835684,1588004410]},{"billed_charge":76.95,"npi":[1053349993,1063050409,1295127116,1477835684,1588004410]}]},{"allowed_amount":25.00,"billing_code_modifier":[""],"providers":[{"billed_charge":29.33,"npi":[1063050409,1477835684,1588004410]},{"billed_charge":58.65,"npi":[1053349993,1063050409,1245760883,1295127116,1477835684,1588004410]},{"billed_charge":76.95,"npi":[1053349993,1063050409,1295127116,1477835684,1588004410]}]},{"allowed_amount":25.00,"billing_code_modifier":[""],"providers":[{"billed_charge":29.33,"npi":[1063050409,1477835684,1588004410]},{"billed_charge":58.65,"npi":[1053349993,1063050409,1245760883,1295127116,1477835684,1588004410]},{"billed_charge":76.95,"npi":[1053349993,1063050409,1295127116,1477835684,1588004410]}]}]},{"tin":{"type":"ein","value":"474172816"},"service_code":["81"],"billing_class":"professional","payments":[{"allowed_amount":25.00,"billing_code_modifier":[""],"providers":[{"billed_charge":35.00,"npi":[1467073460]}]}]},{"tin":{"type":"ein","value":"814697090"},"service_code":["81"],"billing_class":"professional","payments":[{"allowed_amount":0.00,"billing_code_modifier":[""],"providers":[{"billed_charge":76.95,"npi":[1164604799,1740715333]}]}]},{"tin":{"type":"ein","value":"814697090"},"service_code":["81"],"billing_class":"professional","payments":[{"allowed_amount":23.46,"billing_code_modifier":[""],"providers":[{"billed_charge":29.33,"npi":[1164604799,1689667891,1740715333]},{"billed_charge":58.65,"npi":[1073897989,1740715333]},{"billed_charge":76.95,"npi":[1073897989,1164604799,1740715333]}]},{"allowed_amount":23.46,"billing_code_modifier":[""],"providers":[{"billed_charge":29.33,"npi":[1164604799,1689667891,1740715333]},{"billed_charge":58.65,"npi":[1073897989,1740715333]},{"billed_charge":76.95,"npi":[1073897989,1164604799,1740715333]}]},{"allowed_amount":23.46,"billing_code_modifier":[""],"providers":[{"billed_charge":29.33,"npi":[1164604799,1689667891,1740715333]},{"billed_charge":58.65,"npi":[1073897989,1740715333]},{"billed_charge":76.95,"npi":[1073897989,1164604799,1740715333]}]}]},{"tin":{"type":"ein","value":"814697090"},"service_code":["81"],"billing_class":"professional","payments":[{"allowed_amount":23.46,"billing_code_modifier":[""],"providers":[{"billed_charge":29.33,"npi":[1164604799,1689667891,1740715333]},{"billed_charge":58.65,"npi":[1073897989,1740715333]},{"billed_charge":76.95,"npi":[1073897989,1164604799,1740715333]}]},{"allowed_amount":23.46,"billing_code_modifier":[""],"providers":[{"billed_charge":29.33,"npi":[1164604799,1689667891,1740715333]},{"billed_charge":58.65,"npi":[1073897989,1740715333]},{"billed_charge":76.95,"npi":[1073897989,1164604799,1740715333]}]},{"allowed_amount":23.46,"billing_code_modifier":[""],"providers":[{"billed_charge":29.33,"npi":[1164604799,1689667891,1740715333]},{"billed_charge":58.65,"npi":[1073897989,1740715333]},{"billed_charge":76.95,"npi":[1073897989,1164604799,1740715333]}]}]},{"tin":{"type":"ein","value":"814697090"},"service_code":["81"],"billing_class":"professional","payments":[{"allowed_amount":23.46,"billing_code_modifier":[""],"providers":[{"billed_charge":29.33,"npi":[1164604799,1689667891,1740715333]},{"billed_charge":58.65,"npi":[1073897989,1740715333]},{"billed_charge":76.95,"npi":[1073897989,1164604799,1740715333]}]},{"allowed_amount":23.46,"billing_code_modifier":[""],"providers":[{"billed_charge":29.33,"npi":[1164604799,1689667891,1740715333]},{"billed_charge":58.65,"npi":[1073897989,1740715333]},{"billed_charge":76.95,"npi":[1073897989,1164604799,1740715333]}]},{"allowed_amount":23.46,"billing_code_modifier":[""],"providers":[{"billed_charge":29.33,"npi":[1164604799,1689667891,1740715333]},{"billed_charge":58.65,"npi":[1073897989,1740715333]},{"billed_charge":76.95,"npi":[1073897989,1164604799,1740715333]}]}]},{"tin":{"type":"ein","value":"820600568"},"service_code":["81"],"billing_class":"professional","payments":[{"allowed_amount":0.00,"billing_code_modifier":[""],"providers":[{"billed_charge":46.92,"npi":[1780125633]}]}]},{"tin":{"type":"ein","value":"831342609"},"service_code":["81"],"billing_class":"professional","payments":[{"allowed_amount":23.46,"billing_code_modifier":[""],"providers":[{"billed_charge":50.00,"npi":[1063011898,1356913446,1487815387]}]}]},{"tin":{"type":"ein","value":"832712256"},"service_code":["81"],"billing_class":"professional","payments":[{"allowed_amount":0.00,"billing_code_modifier":[""],"providers":[{"billed_charge":70.38,"npi":[1801368998]}]}]},{"tin":{"type":"ein","value":"841905194"},"service_code":["81"],"billing_class":"professional","payments":[{"allowed_amount":0.00,"billing_code_modifier":[""],"providers":[{"billed_charge":40.00,"npi":[1386240786]},{"billed_charge":85.00,"npi":[1386240786]}]},{"allowed_amount":0.00,"billing_code_modifier":[""],"providers":[{"billed_charge":40.00,"npi":[1386240786]},{"billed_charge":85.00,"npi":[1386240786]}]}]},{"tin":{"type":"ein","value":"841905194"},"service_code":["81"],"billing_class":"professional","payments":[{"allowed_amount":0.00,"billing_code_modifier":[""],"providers":[{"billed_charge":40.00,"npi":[1386240786]},{"billed_charge":85.00,"npi":[1386240786]}]},{"allowed_amount":0.00,"billing_code_modifier":[""],"providers":[{"billed_charge":40.00,"npi":[1386240786]},{"billed_charge":85.00,"npi":[1386240786]}]}]},{"tin":{"type":"ein","value":"845066720"},"service_code":["81"],"billing_class":"professional","payments":[{"allowed_amount":23.46,"billing_code_modifier":[""],"providers":[{"billed_charge":100.00,"npi":[1033282967,1316573827]}]}]},{"tin":{"type":"ein","value":"853720606"},"service_code":["81"],"billing_class":"professional","payments":[{"allowed_amount":23.46,"billing_code_modifier":[""],"providers":[{"billed_charge":30.00,"npi":[1366045932,1841339025]}]}]},{"tin":{"type":"ein","value":"861229252"},"service_code":["81"],"billing_class":"professional","payments":[{"allowed_amount":23.46,"billing_code_modifier":[""],"providers":[{"billed_charge":50.00,"npi":[1306599451]}]}]},{"tin":{"type":"ein","value":"872908920"},"service_code":["81"],"billing_class":"professional","payments":[{"allowed_amount":23.46,"billing_code_modifier":[""],"providers":[{"billed_charge":50.00,"npi":[1346417086,1851044010]}]}]},{"tin":{"type":"ein","value":"874135119"},"service_code":["81"],"billing_class":"professional","payments":[{"allowed_amount":23.46,"billing_code_modifier":[""],"providers":[{"billed_charge":35.19,"npi":[1275288409,1881121929]}]}]}]}]}
