{"reporting_entity_name": "IEC Group_DBA AmeriBen",
	"reporting_entity_type": "Third Party Administrator",
	"plan_name": "ROBINSON HELICOPTER COMPANY",
	"plan_id_type": "ein",
	"plan_id": "952834107",
	"plan_market_type": "group",
	"last_updated_on": "2023-11-01","Version": "1.0.0","out_of_network":[{"name":"ECG ROUTINE ECG W\/LEAST 12 LDS I&R ONLY","billing_code_type":"CPT","billing_code_type_version":"2020","billing_code":"93010","description":"ECG ROUTINE ECG W\/LEAST 12 LDS I&R ONLY","allowed_amounts":[{"tin":{"type":"ein","value":"274412313"},"service_code":["21"],"billing_class":"professional","payments":[{"allowed_amount":15.48,"billing_code_modifier":[""],"providers":[{"billed_charge":18.00,"npi":[1235425273,1720005259,1891059127]}]}]},{"tin":{"type":"ein","value":"330847507"},"service_code":["23"],"billing_class":"professional","payments":[{"allowed_amount":15.48,"billing_code_modifier":[""],"providers":[{"billed_charge":55.07,"npi":[1073706495,1285651166,1558595082,1790880458,1902844988,1942247291]}]}]},{"tin":{"type":"ein","value":"956000927"},"service_code":["21"],"billing_class":"professional","payments":[{"allowed_amount":15.48,"billing_code_modifier":[""],"providers":[{"billed_charge":63.00,"npi":[1346302957,1487865184]}]}]}]},{"name":"EMERGENCY DEPARTMENT VISIT HIGH MDM","billing_code_type":"CPT","billing_code_type_version":"2020","billing_code":"99285","description":"EMERGENCY DEPARTMENT VISIT HIGH MDM","allowed_amounts":[{"tin":{"type":"ein","value":"850806620"},"service_code":["23"],"billing_class":"professional","payments":[{"allowed_amount":215.34,"billing_code_modifier":[""],"providers":[{"billed_charge":915.00,"npi":[1316989791,1396799532,1518588433,1861424152]}]}]},{"tin":{"type":"ein","value":"953192932"},"service_code":["23"],"billing_class":"professional","payments":[{"allowed_amount":215.34,"billing_code_modifier":[""],"providers":[{"billed_charge":829.00,"npi":[1720576796,1871535286]}]}]},{"tin":{"type":"ein","value":"953754619"},"service_code":["23"],"billing_class":"professional","payments":[{"allowed_amount":264.56,"billing_code_modifier":[""],"providers":[{"billed_charge":1229.00,"npi":[1104245414,1417299231,1922061779]}]}]},{"tin":{"type":"ein","value":"954481360"},"service_code":["23"],"billing_class":"professional","payments":[{"allowed_amount":215.34,"billing_code_modifier":[""],"providers":[{"billed_charge":796.00,"npi":[1417271388,1518917913,1902844988]}]}]},{"tin":{"type":"ein","value":"954534163"},"service_code":["23"],"billing_class":"professional","payments":[{"allowed_amount":215.34,"billing_code_modifier":[""],"providers":[{"billed_charge":746.00,"npi":[1043444615,1184048712,1467459776,1467815936,1922030238]}]}]},{"tin":{"type":"ein","value":"954534163"},"service_code":["23"],"billing_class":"professional","payments":[{"allowed_amount":264.56,"billing_code_modifier":[""],"providers":[{"billed_charge":746.00,"npi":[1003917147,1043444615,1184048712,1194212357,1376746644,1467459776,1588600993,1598127284,1649663394]}]}]}]},{"name":"EMERGENCY DEPARTMENT VISIT MODERATE MDM","billing_code_type":"CPT","billing_code_type_version":"2020","billing_code":"99284","description":"EMERGENCY DEPARTMENT VISIT MODERATE MDM","allowed_amounts":[{"tin":{"type":"ein","value":"200463713"},"service_code":["23"],"billing_class":"professional","payments":[{"allowed_amount":157.21,"billing_code_modifier":[""],"providers":[{"billed_charge":1550.00,"npi":[1124470141,1184655581,1730250580]}]}]},{"tin":{"type":"ein","value":"472319983"},"service_code":["23"],"billing_class":"professional","payments":[{"allowed_amount":157.21,"billing_code_modifier":[""],"providers":[{"billed_charge":1085.64,"npi":[1114367497,1700058963,1841679289]}]}]},{"tin":{"type":"ein","value":"850806620"},"service_code":["23"],"billing_class":"professional","payments":[{"allowed_amount":157.21,"billing_code_modifier":[""],"providers":[{"billed_charge":815.00,"npi":[1316989791,1518588433,1891724878]}]}]},{"tin":{"type":"ein","value":"953192932"},"service_code":["23"],"billing_class":"professional","payments":[{"allowed_amount":157.21,"billing_code_modifier":[""],"providers":[{"billed_charge":563.00,"npi":[1194767814,1265433551,1871535286]}]}]},{"tin":{"type":"ein","value":"954481360"},"service_code":["23"],"billing_class":"professional","payments":[{"allowed_amount":157.21,"billing_code_modifier":[""],"providers":[{"billed_charge":551.00,"npi":[1164467320,1518917913,1598866642,1902844988]}]}]},{"tin":{"type":"ein","value":"954534163"},"service_code":["23"],"billing_class":"professional","payments":[{"allowed_amount":157.21,"billing_code_modifier":[""],"providers":[{"billed_charge":515.00,"npi":[1013334168,1114956299,1124123054,1184018145,1184048712,1467459776,1588612477,1598127284,1699791517,1801183173,1922030238]}]}]}]},{"name":"SERVICES PROVIDED BTW 10 PM&8 AM AT 24-HR FACI","billing_code_type":"CPT","billing_code_type_version":"2020","billing_code":"99053","description":"SERVICES PROVIDED BTW 10 PM&8 AM AT 24-HR FACI","allowed_amounts":[{"tin":{"type":"ein","value":"472319983"},"service_code":["23"],"billing_class":"professional","payments":[{"allowed_amount":0.00,"billing_code_modifier":[""],"providers":[{"billed_charge":114.74,"npi":[1114367497,1700058963,1841679289]}]}]},{"tin":{"type":"ein","value":"954534163"},"service_code":["23"],"billing_class":"professional","payments":[{"allowed_amount":0.00,"billing_code_modifier":[""],"providers":[{"billed_charge":100.00,"npi":[1003917147,1013334168,1043444615,1184048712,1467459776,1598127284,1699791517,1801183173,1922030238]}]}]}]}]}
