{"reporting_entity_name": "IEC Group_DBA AmeriBen",
	"reporting_entity_type": "Third Party Administrator",
	"plan_name": "ROGERS",
	"plan_id_type": "ein",
	"plan_id": "581539550",
	"plan_market_type": "group",
	"last_updated_on": "2022-06-28","Version": "1.0.0","out_of_network":[{"name":"APPL MODALITY 1\/> AREAS ELEC STIMJ UNATTENDED","billing_code_type":"CPT","billing_code_type_version":"2020","billing_code":"97014","description":"APPL MODALITY 1\/> AREAS ELEC STIMJ UNATTENDED","allowed_amounts":[{"tin":{"type":"ein","value":"812929921"},"service_code":["11"],"billing_class":"professional","payments":[{"allowed_amount":22.94,"billing_code_modifier":[""],"providers":[{"billed_charge":90.00,"npi":[1285147017,1518036789]},{"billed_charge":95.00,"npi":[1285147017,1518036789]},{"billed_charge":100.00,"npi":[1285147017,1518036789]}]},{"allowed_amount":22.94,"billing_code_modifier":[""],"providers":[{"billed_charge":90.00,"npi":[1285147017,1518036789]},{"billed_charge":95.00,"npi":[1285147017,1518036789]},{"billed_charge":100.00,"npi":[1285147017,1518036789]}]},{"allowed_amount":22.94,"billing_code_modifier":[""],"providers":[{"billed_charge":90.00,"npi":[1285147017,1518036789]},{"billed_charge":95.00,"npi":[1285147017,1518036789]},{"billed_charge":100.00,"npi":[1285147017,1518036789]}]}]},{"tin":{"type":"ein","value":"812929921"},"service_code":["11"],"billing_class":"professional","payments":[{"allowed_amount":22.94,"billing_code_modifier":[""],"providers":[{"billed_charge":90.00,"npi":[1285147017,1518036789]},{"billed_charge":95.00,"npi":[1285147017,1518036789]},{"billed_charge":100.00,"npi":[1285147017,1518036789]}]},{"allowed_amount":22.94,"billing_code_modifier":[""],"providers":[{"billed_charge":90.00,"npi":[1285147017,1518036789]},{"billed_charge":95.00,"npi":[1285147017,1518036789]},{"billed_charge":100.00,"npi":[1285147017,1518036789]}]},{"allowed_amount":22.94,"billing_code_modifier":[""],"providers":[{"billed_charge":90.00,"npi":[1285147017,1518036789]},{"billed_charge":95.00,"npi":[1285147017,1518036789]},{"billed_charge":100.00,"npi":[1285147017,1518036789]}]}]},{"tin":{"type":"ein","value":"812929921"},"service_code":["11"],"billing_class":"professional","payments":[{"allowed_amount":22.94,"billing_code_modifier":[""],"providers":[{"billed_charge":90.00,"npi":[1285147017,1518036789]},{"billed_charge":95.00,"npi":[1285147017,1518036789]},{"billed_charge":100.00,"npi":[1285147017,1518036789]}]},{"allowed_amount":22.94,"billing_code_modifier":[""],"providers":[{"billed_charge":90.00,"npi":[1285147017,1518036789]},{"billed_charge":95.00,"npi":[1285147017,1518036789]},{"billed_charge":100.00,"npi":[1285147017,1518036789]}]},{"allowed_amount":22.94,"billing_code_modifier":[""],"providers":[{"billed_charge":90.00,"npi":[1285147017,1518036789]},{"billed_charge":95.00,"npi":[1285147017,1518036789]},{"billed_charge":100.00,"npi":[1285147017,1518036789]}]}]}]},{"name":"APPL MODALITY 1\/> AREAS TRACTION MECHANICAL","billing_code_type":"CPT","billing_code_type_version":"2020","billing_code":"97012","description":"APPL MODALITY 1\/> AREAS TRACTION MECHANICAL","allowed_amounts":[{"tin":{"type":"ein","value":"812929921"},"service_code":["11"],"billing_class":"professional","payments":[{"allowed_amount":24.90,"billing_code_modifier":[""],"providers":[{"billed_charge":80.00,"npi":[1285147017,1518036789]},{"billed_charge":100.00,"npi":[1285147017,1518036789]}]},{"allowed_amount":24.90,"billing_code_modifier":[""],"providers":[{"billed_charge":80.00,"npi":[1285147017,1518036789]},{"billed_charge":100.00,"npi":[1285147017,1518036789]}]}]},{"tin":{"type":"ein","value":"812929921"},"service_code":["11"],"billing_class":"professional","payments":[{"allowed_amount":24.90,"billing_code_modifier":[""],"providers":[{"billed_charge":80.00,"npi":[1285147017,1518036789]},{"billed_charge":100.00,"npi":[1285147017,1518036789]}]},{"allowed_amount":24.90,"billing_code_modifier":[""],"providers":[{"billed_charge":80.00,"npi":[1285147017,1518036789]},{"billed_charge":100.00,"npi":[1285147017,1518036789]}]}]}]},{"name":"CHIROPRACTIC MANIPLTV TX EXTRASPINAL 1\/> REGION","billing_code_type":"CPT","billing_code_type_version":"2020","billing_code":"98943","description":"CHIROPRACTIC MANIPLTV TX EXTRASPINAL 1\/> REGION","allowed_amounts":[{"tin":{"type":"ein","value":"812929921"},"service_code":["11"],"billing_class":"professional","payments":[{"allowed_amount":45.47,"billing_code_modifier":[""],"providers":[{"billed_charge":180.00,"npi":[1285147017,1518036789]},{"billed_charge":210.00,"npi":[1285147017,1518036789]}]},{"allowed_amount":45.47,"billing_code_modifier":[""],"providers":[{"billed_charge":180.00,"npi":[1285147017,1518036789]},{"billed_charge":210.00,"npi":[1285147017,1518036789]}]}]},{"tin":{"type":"ein","value":"812929921"},"service_code":["11"],"billing_class":"professional","payments":[{"allowed_amount":45.47,"billing_code_modifier":[""],"providers":[{"billed_charge":180.00,"npi":[1285147017,1518036789]},{"billed_charge":210.00,"npi":[1285147017,1518036789]}]},{"allowed_amount":45.47,"billing_code_modifier":[""],"providers":[{"billed_charge":180.00,"npi":[1285147017,1518036789]},{"billed_charge":210.00,"npi":[1285147017,1518036789]}]}]}]},{"name":"CHIROPRACTIC MANIPULATIVE TX SPINAL 3-4 REGIONS","billing_code_type":"CPT","billing_code_type_version":"2020","billing_code":"98941","description":"CHIROPRACTIC MANIPULATIVE TX SPINAL 3-4 REGIONS","allowed_amounts":[{"tin":{"type":"ein","value":"812929921"},"service_code":["11"],"billing_class":"professional","payments":[{"allowed_amount":67.10,"billing_code_modifier":[""],"providers":[{"billed_charge":135.00,"npi":[1285147017,1518036789]},{"billed_charge":145.00,"npi":[1285147017,1518036789]},{"billed_charge":150.00,"npi":[1285147017,1518036789]}]},{"allowed_amount":67.10,"billing_code_modifier":[""],"providers":[{"billed_charge":135.00,"npi":[1285147017,1518036789]},{"billed_charge":145.00,"npi":[1285147017,1518036789]},{"billed_charge":150.00,"npi":[1285147017,1518036789]}]},{"allowed_amount":67.10,"billing_code_modifier":[""],"providers":[{"billed_charge":135.00,"npi":[1285147017,1518036789]},{"billed_charge":145.00,"npi":[1285147017,1518036789]},{"billed_charge":150.00,"npi":[1285147017,1518036789]}]}]},{"tin":{"type":"ein","value":"812929921"},"service_code":["11"],"billing_class":"professional","payments":[{"allowed_amount":67.10,"billing_code_modifier":[""],"providers":[{"billed_charge":135.00,"npi":[1285147017,1518036789]},{"billed_charge":145.00,"npi":[1285147017,1518036789]},{"billed_charge":150.00,"npi":[1285147017,1518036789]}]},{"allowed_amount":67.10,"billing_code_modifier":[""],"providers":[{"billed_charge":135.00,"npi":[1285147017,1518036789]},{"billed_charge":145.00,"npi":[1285147017,1518036789]},{"billed_charge":150.00,"npi":[1285147017,1518036789]}]},{"allowed_amount":67.10,"billing_code_modifier":[""],"providers":[{"billed_charge":135.00,"npi":[1285147017,1518036789]},{"billed_charge":145.00,"npi":[1285147017,1518036789]},{"billed_charge":150.00,"npi":[1285147017,1518036789]}]}]},{"tin":{"type":"ein","value":"812929921"},"service_code":["11"],"billing_class":"professional","payments":[{"allowed_amount":67.10,"billing_code_modifier":[""],"providers":[{"billed_charge":135.00,"npi":[1285147017,1518036789]},{"billed_charge":145.00,"npi":[1285147017,1518036789]},{"billed_charge":150.00,"npi":[1285147017,1518036789]}]},{"allowed_amount":67.10,"billing_code_modifier":[""],"providers":[{"billed_charge":135.00,"npi":[1285147017,1518036789]},{"billed_charge":145.00,"npi":[1285147017,1518036789]},{"billed_charge":150.00,"npi":[1285147017,1518036789]}]},{"allowed_amount":67.10,"billing_code_modifier":[""],"providers":[{"billed_charge":135.00,"npi":[1285147017,1518036789]},{"billed_charge":145.00,"npi":[1285147017,1518036789]},{"billed_charge":150.00,"npi":[1285147017,1518036789]}]}]},{"tin":{"type":"ein","value":"954554072"},"service_code":["11"],"billing_class":"professional","payments":[{"allowed_amount":17.30,"billing_code_modifier":[""],"providers":[{"billed_charge":85.00,"npi":[1225383847,1780707182]}]}]}]},{"name":"MANUAL THERAPY TQS 1\/> REGIONS EACH 15 MINUTES","billing_code_type":"CPT","billing_code_type_version":"2020","billing_code":"97140","description":"MANUAL THERAPY TQS 1\/> REGIONS EACH 15 MINUTES","allowed_amounts":[{"tin":{"type":"ein","value":"834259014"},"service_code":["11"],"billing_class":"professional","payments":[{"allowed_amount":40.34,"billing_code_modifier":[""],"providers":[{"billed_charge":150.00,"npi":[1275978876,1447875497]}]}]}]},{"name":"OFFICE\/OUTPATIENT EST PT MAY NOT REQ PHYS\/QHP","billing_code_type":"CPT","billing_code_type_version":"2020","billing_code":"99211","description":"OFFICE\/OUTPATIENT EST PT MAY NOT REQ PHYS\/QHP","allowed_amounts":[{"tin":{"type":"ein","value":"834259014"},"service_code":["11"],"billing_class":"professional","payments":[{"allowed_amount":22.06,"billing_code_modifier":[""],"providers":[{"billed_charge":50.00,"npi":[1275978876,1447875497]}]}]}]},{"name":"THERAPEUTIC PX 1\/> AREAS EACH 15 MIN EXERCISES","billing_code_type":"CPT","billing_code_type_version":"2020","billing_code":"97110","description":"THERAPEUTIC PX 1\/> AREAS EACH 15 MIN EXERCISES","allowed_amounts":[{"tin":{"type":"ein","value":"834259014"},"service_code":["11"],"billing_class":"professional","payments":[{"allowed_amount":19.67,"billing_code_modifier":[""],"providers":[{"billed_charge":75.00,"npi":[1275978876,1447875497]}]}]},{"tin":{"type":"ein","value":"954554072"},"service_code":["11"],"billing_class":"professional","payments":[{"allowed_amount":0.00,"billing_code_modifier":[""],"providers":[{"billed_charge":48.00,"npi":[1225383847,1780707182]}]}]}]}]}
