{"reporting_entity_name": "IEC Group_DBA AmeriBen",
	"reporting_entity_type": "Third Party Administrator",
	"plan_name": "THOMAS CONCRETE INC",
	"plan_id_type": "ein",
	"plan_id": "592820172",
	"plan_market_type": "group",
	"last_updated_on": "2025-02-03","Version": "1.0.0","out_of_network":[{"name":"CAPD OPD\/HOME: CAPD COMP OR OTHER RATE","billing_code_type":"RC","billing_code_type_version":"UB04","billing_code":"0841","description":"CAPD OPD\/HOME: CAPD COMP OR OTHER RATE","allowed_amounts":[{"tin":{"type":"ein","value":"042835488"},"service_code":["65"],"billing_class":"institutional","payments":[{"allowed_amount":312.24,"billing_code_modifier":[""],"providers":[{"billed_charge":4091.00,"npi":[1053423889,1235133869]}]}]}]},{"name":"HEMO OPD\/HOME: HEMODIALYSIS COMP OR OTHER RATE","billing_code_type":"RC","billing_code_type_version":"UB04","billing_code":"0821","description":"HEMO OPD\/HOME: HEMODIALYSIS COMP OR OTHER RATE","allowed_amounts":[{"tin":{"type":"ein","value":"043085674"},"service_code":["65"],"billing_class":"institutional","payments":[{"allowed_amount":180.09,"billing_code_modifier":[""],"providers":[{"billed_charge":8832.00,"npi":[1215915269,1780796508]}]}]}]},{"name":"HEMODIALYSIS PROCEDURE W\/ PHYS\/QHP EVALUATION","billing_code_type":"CPT","billing_code_type_version":"2020","billing_code":"90935","description":"HEMODIALYSIS PROCEDURE W\/ PHYS\/QHP EVALUATION","allowed_amounts":[{"tin":{"type":"ein","value":"561378901"},"service_code":["65"],"billing_class":"professional","payments":[{"allowed_amount":81.38,"billing_code_modifier":[""],"providers":[{"billed_charge":390.00,"npi":[1073934063,1083664189,1114684172,1548222615,1710927421]}]}]}]},{"name":"IADNA NOS AMPLIFIED PROBE TQ EACH ORGANISM","billing_code_type":"CPT","billing_code_type_version":"2020","billing_code":"87798","description":"IADNA NOS AMPLIFIED PROBE TQ EACH ORGANISM","allowed_amounts":[{"tin":{"type":"ein","value":"331168930"},"service_code":["81"],"billing_class":"professional","payments":[{"allowed_amount":16.90,"billing_code_modifier":[""],"providers":[{"billed_charge":45.00,"npi":[1184814014,1750652442]}]}]}]},{"name":"LIPID PANEL","billing_code_type":"CPT","billing_code_type_version":"2020","billing_code":"80061","description":"LIPID PANEL","allowed_amounts":[{"tin":{"type":"ein","value":"382084239"},"service_code":["81"],"billing_class":"professional","payments":[{"allowed_amount":7.68,"billing_code_modifier":[""],"providers":[{"billed_charge":162.91,"npi":[1124614631,1316045503,1811067796,1841221769,1932166386,1932558137]}]}]},{"tin":{"type":"ein","value":"471359076"},"service_code":["81"],"billing_class":"professional","payments":[{"allowed_amount":7.68,"billing_code_modifier":[""],"providers":[{"billed_charge":40.17,"npi":[1134538713,1467416602,1801517446]}]}]},{"tin":{"type":"ein","value":"742554159"},"service_code":["81"],"billing_class":"professional","payments":[{"allowed_amount":7.68,"billing_code_modifier":[""],"providers":[{"billed_charge":90.75,"npi":[1043080641,1194769497]}]}]},{"tin":{"type":"ein","value":"810576059"},"service_code":["81"],"billing_class":"professional","payments":[{"allowed_amount":7.68,"billing_code_modifier":[""],"providers":[{"billed_charge":56.16,"npi":[1194120956,1235186800]}]}]}]},{"name":"MEDICAL\/SURGICAL SUPPLIES","billing_code_type":"RC","billing_code_type_version":"UB04","billing_code":"0270","description":"MEDICAL\/SURGICAL SUPPLIES","allowed_amounts":[{"tin":{"type":"ein","value":"043085674"},"service_code":["65"],"billing_class":"institutional","payments":[{"allowed_amount":3.04,"billing_code_modifier":[""],"providers":[{"billed_charge":149.10,"npi":[1215915269,1780796508]}]}]}]},{"name":"PHARMACY","billing_code_type":"RC","billing_code_type_version":"UB04","billing_code":"0250","description":"PHARMACY","allowed_amounts":[{"tin":{"type":"ein","value":"043085674"},"service_code":["65"],"billing_class":"institutional","payments":[{"allowed_amount":8.10,"billing_code_modifier":[""],"providers":[{"billed_charge":397.20,"npi":[1215915269,1780796508]}]}]}]}]}
