{"reporting_entity_name": "IEC Group_DBA AmeriBen",
	"reporting_entity_type": "Third Party Administrator",
	"plan_name": "ROGERS",
	"plan_id_type": "ein",
	"plan_id": "581539550",
	"plan_market_type": "group",
	"last_updated_on": "2023-12-01","Version": "1.0.0","out_of_network":[{"name":"DR TST DEFIN DR ID M P D 1-7 DR CL","billing_code_type":"HCPCS","billing_code_type_version":"HCPCS LEVEL II 2021","billing_code":"G0480","description":"DR TST DEFIN DR ID M P D 1-7 DR CL","allowed_amounts":[{"tin":{"type":"ein","value":"825371441"},"service_code":["81"],"billing_class":"professional","payments":[{"allowed_amount":152.16,"billing_code_modifier":[""],"providers":[{"billed_charge":2400.00,"npi":[1700543972,1902397110]}]}]}]},{"name":"DRUG TST PRSMV INSTRMNT CHEM ANALYZERS PR DATE","billing_code_type":"CPT","billing_code_type_version":"2020","billing_code":"80307","description":"DRUG TST PRSMV INSTRMNT CHEM ANALYZERS PR DATE","allowed_amounts":[{"tin":{"type":"ein","value":"825371441"},"service_code":["81"],"billing_class":"professional","payments":[{"allowed_amount":95.10,"billing_code_modifier":[""],"providers":[{"billed_charge":1500.00,"npi":[1700543972,1902397110]}]}]}]},{"name":"IADNA NOS AMPLIFIED PROBE TQ EACH ORGANISM","billing_code_type":"CPT","billing_code_type_version":"2020","billing_code":"87798","description":"IADNA NOS AMPLIFIED PROBE TQ EACH ORGANISM","allowed_amounts":[{"tin":{"type":"ein","value":"811008582"},"service_code":["11"],"billing_class":"professional","payments":[{"allowed_amount":29.80,"billing_code_modifier":[""],"providers":[{"billed_charge":87.73,"npi":[1306032198,1659726487]}]}]},{"tin":{"type":"ein","value":"882291248"},"service_code":["11"],"billing_class":"professional","payments":[{"allowed_amount":24.56,"billing_code_modifier":[""],"providers":[{"billed_charge":88.00,"npi":[1306032198,1770210700]}]}]}]},{"name":"LABORATORY - CLINICAL DIAGNOSTIC","billing_code_type":"RC","billing_code_type_version":"UB04","billing_code":"0300","description":"LABORATORY - CLINICAL DIAGNOSTIC","allowed_amounts":[{"tin":{"type":"ein","value":"364844689"},"service_code":["22"],"billing_class":"institutional","payments":[{"allowed_amount":119.00,"billing_code_modifier":[""],"providers":[{"billed_charge":1275.00,"npi":[1619130499,1700328283]}]}]}]},{"name":"MANUAL THERAPY TQS 1\/> REGIONS EACH 15 MINUTES","billing_code_type":"CPT","billing_code_type_version":"2020","billing_code":"97140","description":"MANUAL THERAPY TQS 1\/> REGIONS EACH 15 MINUTES","allowed_amounts":[{"tin":{"type":"ein","value":"834259014"},"service_code":["11"],"billing_class":"professional","payments":[{"allowed_amount":59.82,"billing_code_modifier":[""],"providers":[{"billed_charge":225.00,"npi":[1275978876,1447875497]}]}]}]},{"name":"OFFICE\/OUTPATIENT EST PT MAY NOT REQ PHYS\/QHP","billing_code_type":"CPT","billing_code_type_version":"2020","billing_code":"99211","description":"OFFICE\/OUTPATIENT EST PT MAY NOT REQ PHYS\/QHP","allowed_amounts":[{"tin":{"type":"ein","value":"834259014"},"service_code":["11"],"billing_class":"professional","payments":[{"allowed_amount":22.60,"billing_code_modifier":[""],"providers":[{"billed_charge":46.00,"npi":[1275978876,1447875497]},{"billed_charge":50.00,"npi":[1275978876,1447875497]}]},{"allowed_amount":22.60,"billing_code_modifier":[""],"providers":[{"billed_charge":46.00,"npi":[1275978876,1447875497]},{"billed_charge":50.00,"npi":[1275978876,1447875497]}]}]},{"tin":{"type":"ein","value":"834259014"},"service_code":["11"],"billing_class":"professional","payments":[{"allowed_amount":22.60,"billing_code_modifier":[""],"providers":[{"billed_charge":46.00,"npi":[1275978876,1447875497]},{"billed_charge":50.00,"npi":[1275978876,1447875497]}]},{"allowed_amount":22.60,"billing_code_modifier":[""],"providers":[{"billed_charge":46.00,"npi":[1275978876,1447875497]},{"billed_charge":50.00,"npi":[1275978876,1447875497]}]}]}]},{"name":"PSYCHIATRIC\/PSYCHOLOGICAL SVCS: GROUP THERAPY","billing_code_type":"RC","billing_code_type_version":"UB04","billing_code":"0915","description":"PSYCHIATRIC\/PSYCHOLOGICAL SVCS: GROUP THERAPY","allowed_amounts":[{"tin":{"type":"ein","value":"364844689"},"service_code":["22"],"billing_class":"institutional","payments":[{"allowed_amount":311.00,"billing_code_modifier":[""],"providers":[{"billed_charge":2500.00,"npi":[1619130499,1700328283]},{"billed_charge":3125.00,"npi":[1619130499,1700328283]}]},{"allowed_amount":311.00,"billing_code_modifier":[""],"providers":[{"billed_charge":2500.00,"npi":[1619130499,1700328283]},{"billed_charge":3125.00,"npi":[1619130499,1700328283]}]}]},{"tin":{"type":"ein","value":"364844689"},"service_code":["22","99"],"billing_class":"institutional","payments":[{"allowed_amount":311.00,"billing_code_modifier":[""],"providers":[{"billed_charge":2500.00,"npi":[1619130499,1700328283]},{"billed_charge":3125.00,"npi":[1619130499,1700328283]}]},{"allowed_amount":311.00,"billing_code_modifier":[""],"providers":[{"billed_charge":2500.00,"npi":[1619130499,1700328283]},{"billed_charge":3125.00,"npi":[1619130499,1700328283]}]}]}]},{"name":"PSYCHIATRIC\/PSYCHOLOGICAL SVCS: PARTIAL HOSP - LES","billing_code_type":"RC","billing_code_type_version":"UB04","billing_code":"0912","description":"PSYCHIATRIC\/PSYCHOLOGICAL SVCS: PARTIAL HOSP - LES","allowed_amounts":[{"tin":{"type":"ein","value":"852038045"},"service_code":["22"],"billing_class":"institutional","payments":[{"allowed_amount":1475.00,"billing_code_modifier":[""],"providers":[{"billed_charge":3200.00,"npi":[1053088336,1710970553]}]}]}]},{"name":"PSYCHIATRIC\/PSYCHOLOGICAL TRT","billing_code_type":"RC","billing_code_type_version":"UB04","billing_code":"0900","description":"PSYCHIATRIC\/PSYCHOLOGICAL TRT","allowed_amounts":[{"tin":{"type":"ein","value":"462568903"},"service_code":["22"],"billing_class":"institutional","payments":[{"allowed_amount":204.00,"billing_code_modifier":[""],"providers":[{"billed_charge":225.43,"npi":[1275698615,1871664839]},{"billed_charge":263.00,"npi":[1275698615,1871664839]}]},{"allowed_amount":204.00,"billing_code_modifier":[""],"providers":[{"billed_charge":225.43,"npi":[1275698615,1871664839]},{"billed_charge":263.00,"npi":[1275698615,1871664839]}]}]},{"tin":{"type":"ein","value":"462568903"},"service_code":["22"],"billing_class":"institutional","payments":[{"allowed_amount":204.00,"billing_code_modifier":[""],"providers":[{"billed_charge":225.43,"npi":[1275698615,1871664839]},{"billed_charge":263.00,"npi":[1275698615,1871664839]}]},{"allowed_amount":204.00,"billing_code_modifier":[""],"providers":[{"billed_charge":225.43,"npi":[1275698615,1871664839]},{"billed_charge":263.00,"npi":[1275698615,1871664839]}]}]}]},{"name":"THERAPEUTIC PX 1\/> AREAS EACH 15 MIN EXERCISES","billing_code_type":"CPT","billing_code_type_version":"2020","billing_code":"97110","description":"THERAPEUTIC PX 1\/> AREAS EACH 15 MIN EXERCISES","allowed_amounts":[{"tin":{"type":"ein","value":"834259014"},"service_code":["11"],"billing_class":"professional","payments":[{"allowed_amount":25.55,"billing_code_modifier":[""],"providers":[{"billed_charge":75.00,"npi":[1275978876,1447875497]}]}]}]}]}
