{"reporting_entity_name": "IEC Group_DBA AmeriBen",
	"reporting_entity_type": "Third Party Administrator",
	"plan_name": "SOUTHERN GRAPHIC SYSTEM LLC",
	"plan_id_type": "ein",
	"plan_id": "562555719",
	"plan_market_type": "group",
	"last_updated_on": "2023-06-01","Version": "1.0.0","out_of_network":[{"name":"CCPD OPD\/HOME: CCPD COMP OR OTHER RATE","billing_code_type":"RC","billing_code_type_version":"UB04","billing_code":"0851","description":"CCPD OPD\/HOME: CCPD COMP OR OTHER RATE","allowed_amounts":[{"tin":{"type":"ein","value":"043085674"},"service_code":["65"],"billing_class":"institutional","payments":[{"allowed_amount":303.31,"billing_code_modifier":[""],"providers":[{"billed_charge":3937.55,"npi":[1174524920,1619394962]}]}]},{"tin":{"type":"ein","value":"043085674"},"service_code":["65"],"billing_class":"institutional","payments":[{"allowed_amount":316.05,"billing_code_modifier":[""],"providers":[{"billed_charge":4134.43,"npi":[1174524920,1619394962]}]}]},{"tin":{"type":"ein","value":"043085674"},"service_code":["65"],"billing_class":"institutional","payments":[{"allowed_amount":318.42,"billing_code_modifier":[""],"providers":[{"billed_charge":3937.55,"npi":[1174524920,1619394962]}]}]},{"tin":{"type":"ein","value":"043085674"},"service_code":["65"],"billing_class":"institutional","payments":[{"allowed_amount":318.76,"billing_code_modifier":[""],"providers":[{"billed_charge":3937.55,"npi":[1174524920,1619394962]}]}]},{"tin":{"type":"ein","value":"043085674"},"service_code":["65"],"billing_class":"institutional","payments":[{"allowed_amount":324.52,"billing_code_modifier":[""],"providers":[{"billed_charge":3937.55,"npi":[1174524920,1619394962]}]}]},{"tin":{"type":"ein","value":"043085674"},"service_code":["65"],"billing_class":"institutional","payments":[{"allowed_amount":326.61,"billing_code_modifier":[""],"providers":[{"billed_charge":3937.55,"npi":[1174524920,1619394962]}]}]},{"tin":{"type":"ein","value":"043085674"},"service_code":["65"],"billing_class":"institutional","payments":[{"allowed_amount":338.37,"billing_code_modifier":[""],"providers":[{"billed_charge":3937.55,"npi":[1174524920,1619394962]}]}]}]},{"name":"SPEC CLCT FOR SARS-COV-2 COVID-19 ANY SPEC SRC","billing_code_type":"HCPCS","billing_code_type_version":"HCPCS LEVEL II 2021","billing_code":"G2023","description":"SPEC CLCT FOR SARS-COV-2 COVID-19 ANY SPEC SRC","allowed_amounts":[{"tin":{"type":"ein","value":"361924025"},"service_code":["21","81"],"billing_class":"professional","payments":[{"allowed_amount":28.15,"billing_code_modifier":[""],"providers":[{"billed_charge":28.99,"npi":[1003339474,1023023173,1083621098,1255536215,1508871831,1598714016,1639279417,1962523555,1982619235,1992847644]}]}]},{"tin":{"type":"ein","value":"463342144"},"service_code":["81"],"billing_class":"professional","payments":[{"allowed_amount":28.15,"billing_code_modifier":[""],"providers":[{"billed_charge":50.00,"npi":[1417355678,1487815387]}]}]},{"tin":{"type":"ein","value":"831342609"},"service_code":["81"],"billing_class":"professional","payments":[{"allowed_amount":28.15,"billing_code_modifier":[""],"providers":[{"billed_charge":50.00,"npi":[1053541581,1073101028,1356913446,1487815387]}]}]},{"tin":{"type":"ein","value":"834168523"},"service_code":["11"],"billing_class":"professional","payments":[{"allowed_amount":28.15,"billing_code_modifier":[""],"providers":[{"billed_charge":50.00,"npi":[1346334604,1861092405]}]}]},{"tin":{"type":"ein","value":"852364612"},"service_code":["81"],"billing_class":"professional","payments":[{"allowed_amount":28.15,"billing_code_modifier":[""],"providers":[{"billed_charge":70.00,"npi":[1740685387,1790386746]}]}]}]}]}
