{"reporting_entity_name": "IEC Group_DBA AmeriBen",
	"reporting_entity_type": "Third Party Administrator",
	"plan_name": "AK-CHIN INDIAN COMMUNITY/FARMS",
	"plan_id_type": "ein",
	"plan_id": "860148433",
	"plan_market_type": "group",
	"last_updated_on": "2024-04-01","Version": "1.0.0","out_of_network":[{"name":"CHIROPRACTIC MANIPLTV TX EXTRASPINAL 1\/> REGION","billing_code_type":"CPT","billing_code_type_version":"2020","billing_code":"98943","description":"CHIROPRACTIC MANIPLTV TX EXTRASPINAL 1\/> REGION","allowed_amounts":[{"tin":{"type":"ein","value":"202901918"},"service_code":["11"],"billing_class":"professional","payments":[{"allowed_amount":34.32,"billing_code_modifier":[""],"providers":[{"billed_charge":75.00,"npi":[1619932431]}]}]},{"tin":{"type":"ein","value":"205581984"},"service_code":["11"],"billing_class":"professional","payments":[{"allowed_amount":34.32,"billing_code_modifier":[""],"providers":[{"billed_charge":51.00,"npi":[1750418240,1750575205]}]}]},{"tin":{"type":"ein","value":"464712771"},"service_code":["11"],"billing_class":"professional","payments":[{"allowed_amount":34.32,"billing_code_modifier":[""],"providers":[{"billed_charge":55.00,"npi":[1831536689,1992726616]}]}]},{"tin":{"type":"ein","value":"760797987"},"service_code":["11"],"billing_class":"professional","payments":[{"allowed_amount":34.32,"billing_code_modifier":[""],"providers":[{"billed_charge":40.00,"npi":[1063770345,1841373701]}]}]}]},{"name":"CHIROPRACTIC MANIPULATIVE TX SPINAL 3-4 REGIONS","billing_code_type":"CPT","billing_code_type_version":"2020","billing_code":"98941","description":"CHIROPRACTIC MANIPULATIVE TX SPINAL 3-4 REGIONS","allowed_amounts":[{"tin":{"type":"ein","value":"202901918"},"service_code":["11"],"billing_class":"professional","payments":[{"allowed_amount":45.69,"billing_code_modifier":[""],"providers":[{"billed_charge":100.00,"npi":[1619932431]}]}]},{"tin":{"type":"ein","value":"464644210"},"service_code":["11"],"billing_class":"professional","payments":[{"allowed_amount":45.69,"billing_code_modifier":[""],"providers":[{"billed_charge":55.00,"npi":[1285718627]}]}]},{"tin":{"type":"ein","value":"464712771"},"service_code":["11"],"billing_class":"professional","payments":[{"allowed_amount":45.69,"billing_code_modifier":[""],"providers":[{"billed_charge":70.00,"npi":[1831536689,1992726616]}]}]},{"tin":{"type":"ein","value":"760797987"},"service_code":["11"],"billing_class":"professional","payments":[{"allowed_amount":45.69,"billing_code_modifier":[""],"providers":[{"billed_charge":55.00,"npi":[1063770345,1841373701]}]}]},{"tin":{"type":"ein","value":"900738857"},"service_code":["11"],"billing_class":"professional","payments":[{"allowed_amount":45.69,"billing_code_modifier":[""],"providers":[{"billed_charge":72.00,"npi":[1215206206]}]}]}]},{"name":"DRUGS REQUIRE SPECIFIC ID: SELF ADMIN DRUGS (INSUL","billing_code_type":"RC","billing_code_type_version":"UB04","billing_code":"0637","description":"DRUGS REQUIRE SPECIFIC ID: SELF ADMIN DRUGS (INSUL","allowed_amounts":[{"tin":{"type":"ein","value":"851516898"},"service_code":["23"],"billing_class":"institutional","payments":[{"allowed_amount":0.87,"billing_code_modifier":[""],"providers":[{"billed_charge":30.00,"npi":[1508007477,1518539048]}]}]}]},{"name":"EMERGENCY DEPARTMENT VISIT LOW MDM","billing_code_type":"CPT","billing_code_type_version":"2020","billing_code":"99283","description":"EMERGENCY DEPARTMENT VISIT LOW MDM","allowed_amounts":[{"tin":{"type":"ein","value":"814399995"},"service_code":["23"],"billing_class":"professional","payments":[{"allowed_amount":133.98,"billing_code_modifier":[""],"providers":[{"billed_charge":638.00,"npi":[1154748416,1205323342,1205378171,1225349715,1245772870,1275855231,1972794295]}]}]},{"tin":{"type":"ein","value":"823394691"},"service_code":["23"],"billing_class":"professional","payments":[{"allowed_amount":133.98,"billing_code_modifier":[""],"providers":[{"billed_charge":1395.26,"npi":[1154898435,1356799811,1689170813]},{"billed_charge":1813.84,"npi":[1154898435,1174759807,1205216561,1578875811,1689170813]}]},{"allowed_amount":133.98,"billing_code_modifier":[""],"providers":[{"billed_charge":1395.26,"npi":[1154898435,1356799811,1689170813]},{"billed_charge":1813.84,"npi":[1154898435,1174759807,1205216561,1578875811,1689170813]}]}]},{"tin":{"type":"ein","value":"823394691"},"service_code":["23"],"billing_class":"professional","payments":[{"allowed_amount":133.98,"billing_code_modifier":[""],"providers":[{"billed_charge":1395.26,"npi":[1154898435,1356799811,1689170813]},{"billed_charge":1813.84,"npi":[1154898435,1174759807,1205216561,1578875811,1689170813]}]},{"allowed_amount":133.98,"billing_code_modifier":[""],"providers":[{"billed_charge":1395.26,"npi":[1154898435,1356799811,1689170813]},{"billed_charge":1813.84,"npi":[1154898435,1174759807,1205216561,1578875811,1689170813]}]}]},{"tin":{"type":"ein","value":"873768007"},"service_code":["23"],"billing_class":"professional","payments":[{"allowed_amount":133.98,"billing_code_modifier":[""],"providers":[{"billed_charge":1932.00,"npi":[1154343358,1437289311,1447910229,1508007477,1568520500,1902848450,1922259001,1932190683,1972765253]}]}]}]},{"name":"EMERGENCY DEPARTMENT VISIT MODERATE MDM","billing_code_type":"CPT","billing_code_type_version":"2020","billing_code":"99284","description":"EMERGENCY DEPARTMENT VISIT MODERATE MDM","allowed_amounts":[{"tin":{"type":"ein","value":"814399995"},"service_code":["23"],"billing_class":"professional","payments":[{"allowed_amount":201.34,"billing_code_modifier":[""],"providers":[{"billed_charge":895.00,"npi":[1073873147,1083165849,1245772870,1407313109,1427085141,1528072287,1770527665,1821211988]}]}]},{"tin":{"type":"ein","value":"823394691"},"service_code":["23"],"billing_class":"professional","payments":[{"allowed_amount":201.34,"billing_code_modifier":[""],"providers":[{"billed_charge":1893.58,"npi":[1154898435,1356799811,1689170813]}]}]},{"tin":{"type":"ein","value":"873768007"},"service_code":["23"],"billing_class":"professional","payments":[{"allowed_amount":201.34,"billing_code_modifier":[""],"providers":[{"billed_charge":2300.00,"npi":[1154343358,1447910229,1568520500,1588669402,1902848450,1922259001,1992965339]}]}]}]},{"name":"OFFICE\/OUTPATIENT ESTABLISHED SF MDM 10 MIN","billing_code_type":"CPT","billing_code_type_version":"2020","billing_code":"99212","description":"OFFICE\/OUTPATIENT ESTABLISHED SF MDM 10 MIN","allowed_amounts":[{"tin":{"type":"ein","value":"932703161"},"service_code":["11"],"billing_class":"professional","payments":[{"allowed_amount":56.59,"billing_code_modifier":[""],"providers":[{"billed_charge":275.60,"npi":[1336821602,1457629982]}]}]}]},{"name":"THERAPEUT ACTVITY DIRECT PT CONTACT EACH 15 MIN","billing_code_type":"CPT","billing_code_type_version":"2020","billing_code":"97530","description":"THERAPEUT ACTVITY DIRECT PT CONTACT EACH 15 MIN","allowed_amounts":[{"tin":{"type":"ein","value":"932703161"},"service_code":["11"],"billing_class":"professional","payments":[{"allowed_amount":73.48,"billing_code_modifier":[""],"providers":[{"billed_charge":381.80,"npi":[1336821602,1457629982]}]}]}]},{"name":"THERAPEUTIC PX 1\/> AREAS EACH 15 MIN EXERCISES","billing_code_type":"CPT","billing_code_type_version":"2020","billing_code":"97110","description":"THERAPEUTIC PX 1\/> AREAS EACH 15 MIN EXERCISES","allowed_amounts":[{"tin":{"type":"ein","value":"202901918"},"service_code":["11"],"billing_class":"professional","payments":[{"allowed_amount":66.92,"billing_code_modifier":[""],"providers":[{"billed_charge":160.00,"npi":[1619932431]}]}]},{"tin":{"type":"ein","value":"464712771"},"service_code":["11"],"billing_class":"professional","payments":[{"allowed_amount":66.92,"billing_code_modifier":[""],"providers":[{"billed_charge":110.00,"npi":[1831536689,1992726616]}]}]},{"tin":{"type":"ein","value":"932703161"},"service_code":["11"],"billing_class":"professional","payments":[{"allowed_amount":66.92,"billing_code_modifier":[""],"providers":[{"billed_charge":295.70,"npi":[1336821602,1457629982]}]}]}]},{"name":"UNLISTED PROCEDURE NERVOUS SYSTEM","billing_code_type":"CPT","billing_code_type_version":"2020","billing_code":"64999","description":"UNLISTED PROCEDURE NERVOUS SYSTEM","allowed_amounts":[{"tin":{"type":"ein","value":"932703161"},"service_code":["11"],"billing_class":"professional","payments":[{"allowed_amount":375.00,"billing_code_modifier":[""],"providers":[{"billed_charge":375.00,"npi":[1336821602,1457629982]}]}]}]}]}
