{"reporting_entity_name": "IEC Group_DBA AmeriBen",
	"reporting_entity_type": "Third Party Administrator",
	"plan_name": "GRAVES GILBERT CLINIC",
	"plan_id_type": "ein",
	"plan_id": "610700826",
	"plan_market_type": "group",
	"last_updated_on": "2025-07-01","Version": "1.0.0","out_of_network":[{"name":"DR TST DEFIN DR ID M P D 1-7 DR CL","billing_code_type":"HCPCS","billing_code_type_version":"HCPCS LEVEL II 2021","billing_code":"G0480","description":"DR TST DEFIN DR ID M P D 1-7 DR CL","allowed_amounts":[{"tin":{"type":"ein","value":"831005259"},"service_code":["81"],"billing_class":"professional","payments":[{"allowed_amount":27.18,"billing_code_modifier":[""],"providers":[{"billed_charge":343.29,"npi":[1174092548,1932466885]}]}]},{"tin":{"type":"ein","value":"851147594"},"service_code":["81"],"billing_class":"professional","payments":[{"allowed_amount":27.18,"billing_code_modifier":[""],"providers":[{"billed_charge":120.15,"npi":[1437756137,1619577053,1790482347]}]}]}]},{"name":"DRUG TST PRSMV INSTRMNT CHEM ANALYZERS PR DATE","billing_code_type":"CPT","billing_code_type_version":"2020","billing_code":"80307","description":"DRUG TST PRSMV INSTRMNT CHEM ANALYZERS PR DATE","allowed_amounts":[{"tin":{"type":"ein","value":"831005259"},"service_code":["81"],"billing_class":"professional","payments":[{"allowed_amount":24.42,"billing_code_modifier":[""],"providers":[{"billed_charge":186.42,"npi":[1174092548,1881060754]}]}]},{"tin":{"type":"ein","value":"851147594"},"service_code":["81"],"billing_class":"professional","payments":[{"allowed_amount":24.42,"billing_code_modifier":[""],"providers":[{"billed_charge":65.25,"npi":[1437756137,1619577053,1790482347]}]}]}]},{"name":"LEVEL IV SURG PATHOLOGY GROSS&MICROSCOPIC EXAM","billing_code_type":"CPT","billing_code_type_version":"2020","billing_code":"88305","description":"LEVEL IV SURG PATHOLOGY GROSS&MICROSCOPIC EXAM","allowed_amounts":[{"tin":{"type":"ein","value":"621436754"},"service_code":["11"],"billing_class":"professional","payments":[{"allowed_amount":48.64,"billing_code_modifier":[""],"providers":[{"billed_charge":172.58,"npi":[1073585774,1093187304,1154647188,1174584403,1255056446,1306822234,1629025648,1710238266,1851507073,1902972441]}]}]}]},{"name":"SBSQ HOSPITAL IP\/OBS CARE HIGH MDM 50 MINUTES","billing_code_type":"CPT","billing_code_type_version":"2020","billing_code":"99233","description":"SBSQ HOSPITAL IP\/OBS CARE HIGH MDM 50 MINUTES","allowed_amounts":[{"tin":{"type":"ein","value":"922116824"},"service_code":["21"],"billing_class":"professional","payments":[{"allowed_amount":83.10,"billing_code_modifier":[""],"providers":[{"billed_charge":572.00,"npi":[1073776373,1215634373,1295257921,1871547703]}]}]}]}]}
