{"reporting_entity_name": "IEC Group_DBA AmeriBen",
	"reporting_entity_type": "Third Party Administrator",
	"plan_name": "NEVADA GOLD MINES LLC",
	"plan_id_type": "ein",
	"plan_id": "834447381",
	"plan_market_type": "group",
	"last_updated_on": "2023-05-01","Version": "1.0.0","out_of_network":[{"name":"2019-NCOV CORONAVIRUS SARS-COV-2\/2019-NCOV","billing_code_type":"HCPCS","billing_code_type_version":"HCPCS LEVEL II 2021","billing_code":"U0002","description":"2019-NCOV CORONAVIRUS SARS-COV-2\/2019-NCOV","allowed_amounts":[{"tin":{"type":"ein","value":"571207559"},"service_code":["11"],"billing_class":"professional","payments":[{"allowed_amount":51.31,"billing_code_modifier":[""],"providers":[{"billed_charge":51.31,"npi":[1083128730,1659436038,1740531466,1780961102]}]}]}]},{"name":"APPL MODALITY 1\/> AREAS ELEC STIMJ EA 15 MIN","billing_code_type":"CPT","billing_code_type_version":"2020","billing_code":"97032","description":"APPL MODALITY 1\/> AREAS ELEC STIMJ EA 15 MIN","allowed_amounts":[{"tin":{"type":"ein","value":"873852958"},"service_code":["11"],"billing_class":"professional","payments":[{"allowed_amount":16.56,"billing_code_modifier":[""],"providers":[{"billed_charge":22.00,"npi":[1023074796,1023194347,1033571617,1619080371,1700544764,1861678153,1881762409,1962409581]}]}]}]},{"name":"APPLICATION MODALITY 1\/> AREAS HOT\/COLD PACKS","billing_code_type":"CPT","billing_code_type_version":"2020","billing_code":"97010","description":"APPLICATION MODALITY 1\/> AREAS HOT\/COLD PACKS","allowed_amounts":[{"tin":{"type":"ein","value":"873852958"},"service_code":["11"],"billing_class":"professional","payments":[{"allowed_amount":10.00,"billing_code_modifier":[""],"providers":[{"billed_charge":10.00,"npi":[1023074796,1033571617,1598050072,1619080371,1639379787,1700544764,1861678153,1962409581]}]}]}]},{"name":"ASSAY OF THYROID STIMULATING HORMONE TSH","billing_code_type":"CPT","billing_code_type_version":"2020","billing_code":"84443","description":"ASSAY OF THYROID STIMULATING HORMONE TSH","allowed_amounts":[{"tin":{"type":"ein","value":"571207559"},"service_code":["11"],"billing_class":"professional","payments":[{"allowed_amount":18.48,"billing_code_modifier":[""],"providers":[{"billed_charge":161.00,"npi":[1083128730,1740531466,1770981839,1780961102]}]}]},{"tin":{"type":"ein","value":"840611484"},"service_code":["81"],"billing_class":"professional","payments":[{"allowed_amount":18.48,"billing_code_modifier":[""],"providers":[{"billed_charge":104.00,"npi":[1558611061,1568961514,1740262880,1932156692,1932210895]},{"billed_charge":144.40,"npi":[1740262880,1770018277]},{"billed_charge":147.96,"npi":[1740262880,1831649748]}]},{"allowed_amount":18.48,"billing_code_modifier":[""],"providers":[{"billed_charge":104.00,"npi":[1558611061,1568961514,1740262880,1932156692,1932210895]},{"billed_charge":144.40,"npi":[1740262880,1770018277]},{"billed_charge":147.96,"npi":[1740262880,1831649748]}]},{"allowed_amount":18.48,"billing_code_modifier":[""],"providers":[{"billed_charge":104.00,"npi":[1558611061,1568961514,1740262880,1932156692,1932210895]},{"billed_charge":144.40,"npi":[1740262880,1770018277]},{"billed_charge":147.96,"npi":[1740262880,1831649748]}]}]},{"tin":{"type":"ein","value":"840611484"},"service_code":["81"],"billing_class":"professional","payments":[{"allowed_amount":18.48,"billing_code_modifier":[""],"providers":[{"billed_charge":104.00,"npi":[1558611061,1568961514,1740262880,1932156692,1932210895]},{"billed_charge":144.40,"npi":[1740262880,1770018277]},{"billed_charge":147.96,"npi":[1740262880,1831649748]}]},{"allowed_amount":18.48,"billing_code_modifier":[""],"providers":[{"billed_charge":104.00,"npi":[1558611061,1568961514,1740262880,1932156692,1932210895]},{"billed_charge":144.40,"npi":[1740262880,1770018277]},{"billed_charge":147.96,"npi":[1740262880,1831649748]}]},{"allowed_amount":18.48,"billing_code_modifier":[""],"providers":[{"billed_charge":104.00,"npi":[1558611061,1568961514,1740262880,1932156692,1932210895]},{"billed_charge":144.40,"npi":[1740262880,1770018277]},{"billed_charge":147.96,"npi":[1740262880,1831649748]}]}]},{"tin":{"type":"ein","value":"840611484"},"service_code":["81"],"billing_class":"professional","payments":[{"allowed_amount":18.48,"billing_code_modifier":[""],"providers":[{"billed_charge":104.00,"npi":[1558611061,1568961514,1740262880,1932156692,1932210895]},{"billed_charge":144.40,"npi":[1740262880,1770018277]},{"billed_charge":147.96,"npi":[1740262880,1831649748]}]},{"allowed_amount":18.48,"billing_code_modifier":[""],"providers":[{"billed_charge":104.00,"npi":[1558611061,1568961514,1740262880,1932156692,1932210895]},{"billed_charge":144.40,"npi":[1740262880,1770018277]},{"billed_charge":147.96,"npi":[1740262880,1831649748]}]},{"allowed_amount":18.48,"billing_code_modifier":[""],"providers":[{"billed_charge":104.00,"npi":[1558611061,1568961514,1740262880,1932156692,1932210895]},{"billed_charge":144.40,"npi":[1740262880,1770018277]},{"billed_charge":147.96,"npi":[1740262880,1831649748]}]}]}]},{"name":"BLOOD COUNT COMPLETE AUTO&AUTO DIFRNTL WBC","billing_code_type":"CPT","billing_code_type_version":"2020","billing_code":"85025","description":"BLOOD COUNT COMPLETE AUTO&AUTO DIFRNTL WBC","allowed_amounts":[{"tin":{"type":"ein","value":"571207559"},"service_code":["11"],"billing_class":"professional","payments":[{"allowed_amount":8.55,"billing_code_modifier":[""],"providers":[{"billed_charge":43.00,"npi":[1083128730,1659436038,1740531466,1770981839,1780961102]}]}]},{"tin":{"type":"ein","value":"840611484"},"service_code":["81"],"billing_class":"professional","payments":[{"allowed_amount":8.55,"billing_code_modifier":[""],"providers":[{"billed_charge":31.00,"npi":[1063449221,1629023692,1699059949,1740262880]},{"billed_charge":38.00,"npi":[1245526789,1568042042,1568961514,1598107187,1720030273,1740262880,1932156692,1972742245]}]},{"allowed_amount":8.55,"billing_code_modifier":[""],"providers":[{"billed_charge":31.00,"npi":[1063449221,1629023692,1699059949,1740262880]},{"billed_charge":38.00,"npi":[1245526789,1568042042,1568961514,1598107187,1720030273,1740262880,1932156692,1972742245]}]}]},{"tin":{"type":"ein","value":"840611484"},"service_code":["81"],"billing_class":"professional","payments":[{"allowed_amount":8.55,"billing_code_modifier":[""],"providers":[{"billed_charge":31.00,"npi":[1063449221,1629023692,1699059949,1740262880]},{"billed_charge":38.00,"npi":[1245526789,1568042042,1568961514,1598107187,1720030273,1740262880,1932156692,1972742245]}]},{"allowed_amount":8.55,"billing_code_modifier":[""],"providers":[{"billed_charge":31.00,"npi":[1063449221,1629023692,1699059949,1740262880]},{"billed_charge":38.00,"npi":[1245526789,1568042042,1568961514,1598107187,1720030273,1740262880,1932156692,1972742245]}]}]}]},{"name":"CCPD OPD\/HOME: CCPD COMP OR OTHER RATE","billing_code_type":"RC","billing_code_type_version":"UB04","billing_code":"0851","description":"CCPD OPD\/HOME: CCPD COMP OR OTHER RATE","allowed_amounts":[{"tin":{"type":"ein","value":"620850498"},"service_code":["65"],"billing_class":"institutional","payments":[{"allowed_amount":294.38,"billing_code_modifier":[""],"providers":[{"billed_charge":1140.00,"npi":[1467560292,1841223237]}]}]},{"tin":{"type":"ein","value":"620850498"},"service_code":["65"],"billing_class":"institutional","payments":[{"allowed_amount":305.57,"billing_code_modifier":[""],"providers":[{"billed_charge":1140.00,"npi":[1467560292,1841223237]}]}]},{"tin":{"type":"ein","value":"620850498"},"service_code":["65"],"billing_class":"institutional","payments":[{"allowed_amount":315.26,"billing_code_modifier":[""],"providers":[{"billed_charge":1140.00,"npi":[1467560292,1841223237]}]}]},{"tin":{"type":"ein","value":"831522514"},"service_code":["65"],"billing_class":"institutional","payments":[{"allowed_amount":285.41,"billing_code_modifier":[""],"providers":[{"billed_charge":1080.00,"npi":[1902986987,1992284814]}]}]},{"tin":{"type":"ein","value":"831522514"},"service_code":["65"],"billing_class":"institutional","payments":[{"allowed_amount":296.77,"billing_code_modifier":[""],"providers":[{"billed_charge":1080.00,"npi":[1902986987,1992284814]}]}]},{"tin":{"type":"ein","value":"831522514"},"service_code":["65"],"billing_class":"institutional","payments":[{"allowed_amount":300.58,"billing_code_modifier":[""],"providers":[{"billed_charge":1080.00,"npi":[1902986987,1992284814]}]}]},{"tin":{"type":"ein","value":"831522514"},"service_code":["65"],"billing_class":"institutional","payments":[{"allowed_amount":306.24,"billing_code_modifier":[""],"providers":[{"billed_charge":1140.00,"npi":[1902986987,1992284814]}]}]},{"tin":{"type":"ein","value":"831522514"},"service_code":["65"],"billing_class":"institutional","payments":[{"allowed_amount":307.15,"billing_code_modifier":[""],"providers":[{"billed_charge":1080.00,"npi":[1902986987,1992284814]},{"billed_charge":2500.00,"npi":[1902986987,1992284814]}]},{"allowed_amount":307.15,"billing_code_modifier":[""],"providers":[{"billed_charge":1080.00,"npi":[1902986987,1992284814]},{"billed_charge":2500.00,"npi":[1902986987,1992284814]}]}]},{"tin":{"type":"ein","value":"831522514"},"service_code":["65"],"billing_class":"institutional","payments":[{"allowed_amount":307.15,"billing_code_modifier":[""],"providers":[{"billed_charge":1080.00,"npi":[1902986987,1992284814]},{"billed_charge":2500.00,"npi":[1902986987,1992284814]}]},{"allowed_amount":307.15,"billing_code_modifier":[""],"providers":[{"billed_charge":1080.00,"npi":[1902986987,1992284814]},{"billed_charge":2500.00,"npi":[1902986987,1992284814]}]}]},{"tin":{"type":"ein","value":"831522514"},"service_code":["65"],"billing_class":"institutional","payments":[{"allowed_amount":310.33,"billing_code_modifier":[""],"providers":[{"billed_charge":1140.00,"npi":[1902986987,1992284814]}]}]}]},{"name":"COLLECTION VENOUS BLOOD VENIPUNCTURE","billing_code_type":"CPT","billing_code_type_version":"2020","billing_code":"36415","description":"COLLECTION VENOUS BLOOD VENIPUNCTURE","allowed_amounts":[{"tin":{"type":"ein","value":"571207559"},"service_code":["11"],"billing_class":"professional","payments":[{"allowed_amount":3.30,"billing_code_modifier":[""],"providers":[{"billed_charge":25.00,"npi":[1083128730,1285798439,1659436038,1740531466,1770981839,1780961102]}]}]},{"tin":{"type":"ein","value":"611730890"},"service_code":["11"],"billing_class":"professional","payments":[{"allowed_amount":3.30,"billing_code_modifier":[""],"providers":[{"billed_charge":20.00,"npi":[1316048531,1578504957]}]}]},{"tin":{"type":"ein","value":"810542127"},"service_code":["50"],"billing_class":"professional","payments":[{"allowed_amount":3.30,"billing_code_modifier":[""],"providers":[{"billed_charge":18.00,"npi":[1477574713,1902308950]}]}]},{"tin":{"type":"ein","value":"840611484"},"service_code":["81"],"billing_class":"professional","payments":[{"allowed_amount":3.30,"billing_code_modifier":[""],"providers":[{"billed_charge":10.00,"npi":[1174756316,1740262880]}]}]},{"tin":{"type":"ein","value":"844948708"},"service_code":["11"],"billing_class":"professional","payments":[{"allowed_amount":3.30,"billing_code_modifier":[""],"providers":[{"billed_charge":85.00,"npi":[1629695432,1669453262]}]}]}]},{"name":"COMPREHENSIVE METABOLIC PANEL","billing_code_type":"CPT","billing_code_type_version":"2020","billing_code":"80053","description":"COMPREHENSIVE METABOLIC PANEL","allowed_amounts":[{"tin":{"type":"ein","value":"571207559"},"service_code":["11"],"billing_class":"professional","payments":[{"allowed_amount":11.62,"billing_code_modifier":[""],"providers":[{"billed_charge":65.00,"npi":[1083128730,1659436038,1740531466,1770981839,1780961102]}]}]},{"tin":{"type":"ein","value":"840611484"},"service_code":["81"],"billing_class":"professional","payments":[{"allowed_amount":11.62,"billing_code_modifier":[""],"providers":[{"billed_charge":46.00,"npi":[1568658250,1598107187,1629023692,1699059949,1740262880]},{"billed_charge":51.00,"npi":[1568042042,1568961514,1720030273,1740262880]}]},{"allowed_amount":11.62,"billing_code_modifier":[""],"providers":[{"billed_charge":46.00,"npi":[1568658250,1598107187,1629023692,1699059949,1740262880]},{"billed_charge":51.00,"npi":[1568042042,1568961514,1720030273,1740262880]}]}]},{"tin":{"type":"ein","value":"840611484"},"service_code":["81"],"billing_class":"professional","payments":[{"allowed_amount":11.62,"billing_code_modifier":[""],"providers":[{"billed_charge":46.00,"npi":[1568658250,1598107187,1629023692,1699059949,1740262880]},{"billed_charge":51.00,"npi":[1568042042,1568961514,1720030273,1740262880]}]},{"allowed_amount":11.62,"billing_code_modifier":[""],"providers":[{"billed_charge":46.00,"npi":[1568658250,1598107187,1629023692,1699059949,1740262880]},{"billed_charge":51.00,"npi":[1568042042,1568961514,1720030273,1740262880]}]}]}]},{"name":"CULTURE BACTERIAL QUANTTATIVE COLONY COUNT URINE","billing_code_type":"CPT","billing_code_type_version":"2020","billing_code":"87086","description":"CULTURE BACTERIAL QUANTTATIVE COLONY COUNT URINE","allowed_amounts":[{"tin":{"type":"ein","value":"571207559"},"service_code":["11"],"billing_class":"professional","payments":[{"allowed_amount":8.88,"billing_code_modifier":[""],"providers":[{"billed_charge":10.00,"npi":[1285798439,1780961102]},{"billed_charge":35.00,"npi":[1083128730,1659436038,1740531466,1770981839,1780961102]}]},{"allowed_amount":8.88,"billing_code_modifier":[""],"providers":[{"billed_charge":10.00,"npi":[1285798439,1780961102]},{"billed_charge":35.00,"npi":[1083128730,1659436038,1740531466,1770981839,1780961102]}]}]},{"tin":{"type":"ein","value":"571207559"},"service_code":["11"],"billing_class":"professional","payments":[{"allowed_amount":8.88,"billing_code_modifier":[""],"providers":[{"billed_charge":10.00,"npi":[1285798439,1780961102]},{"billed_charge":35.00,"npi":[1083128730,1659436038,1740531466,1770981839,1780961102]}]},{"allowed_amount":8.88,"billing_code_modifier":[""],"providers":[{"billed_charge":10.00,"npi":[1285798439,1780961102]},{"billed_charge":35.00,"npi":[1083128730,1659436038,1740531466,1770981839,1780961102]}]}]},{"tin":{"type":"ein","value":"840611484"},"service_code":["81"],"billing_class":"professional","payments":[{"allowed_amount":8.88,"billing_code_modifier":[""],"providers":[{"billed_charge":21.34,"npi":[1568961514,1740262880]},{"billed_charge":32.00,"npi":[1568961514,1740262880]},{"billed_charge":64.00,"npi":[1568961514,1740262880]}]},{"allowed_amount":8.88,"billing_code_modifier":[""],"providers":[{"billed_charge":21.34,"npi":[1568961514,1740262880]},{"billed_charge":32.00,"npi":[1568961514,1740262880]},{"billed_charge":64.00,"npi":[1568961514,1740262880]}]},{"allowed_amount":8.88,"billing_code_modifier":[""],"providers":[{"billed_charge":21.34,"npi":[1568961514,1740262880]},{"billed_charge":32.00,"npi":[1568961514,1740262880]},{"billed_charge":64.00,"npi":[1568961514,1740262880]}]}]},{"tin":{"type":"ein","value":"840611484"},"service_code":["81"],"billing_class":"professional","payments":[{"allowed_amount":8.88,"billing_code_modifier":[""],"providers":[{"billed_charge":21.34,"npi":[1568961514,1740262880]},{"billed_charge":32.00,"npi":[1568961514,1740262880]},{"billed_charge":64.00,"npi":[1568961514,1740262880]}]},{"allowed_amount":8.88,"billing_code_modifier":[""],"providers":[{"billed_charge":21.34,"npi":[1568961514,1740262880]},{"billed_charge":32.00,"npi":[1568961514,1740262880]},{"billed_charge":64.00,"npi":[1568961514,1740262880]}]},{"allowed_amount":8.88,"billing_code_modifier":[""],"providers":[{"billed_charge":21.34,"npi":[1568961514,1740262880]},{"billed_charge":32.00,"npi":[1568961514,1740262880]},{"billed_charge":64.00,"npi":[1568961514,1740262880]}]}]},{"tin":{"type":"ein","value":"840611484"},"service_code":["81"],"billing_class":"professional","payments":[{"allowed_amount":8.88,"billing_code_modifier":[""],"providers":[{"billed_charge":21.34,"npi":[1568961514,1740262880]},{"billed_charge":32.00,"npi":[1568961514,1740262880]},{"billed_charge":64.00,"npi":[1568961514,1740262880]}]},{"allowed_amount":8.88,"billing_code_modifier":[""],"providers":[{"billed_charge":21.34,"npi":[1568961514,1740262880]},{"billed_charge":32.00,"npi":[1568961514,1740262880]},{"billed_charge":64.00,"npi":[1568961514,1740262880]}]},{"allowed_amount":8.88,"billing_code_modifier":[""],"providers":[{"billed_charge":21.34,"npi":[1568961514,1740262880]},{"billed_charge":32.00,"npi":[1568961514,1740262880]},{"billed_charge":64.00,"npi":[1568961514,1740262880]}]}]}]},{"name":"CULTURE BCT ISOL&PRSMPTV ID ISOLATE EA URINE","billing_code_type":"CPT","billing_code_type_version":"2020","billing_code":"87088","description":"CULTURE BCT ISOL&PRSMPTV ID ISOLATE EA URINE","allowed_amounts":[{"tin":{"type":"ein","value":"571207559"},"service_code":["11"],"billing_class":"professional","payments":[{"allowed_amount":8.90,"billing_code_modifier":[""],"providers":[{"billed_charge":55.00,"npi":[1083128730,1285798439,1659436038,1740531466,1770981839,1780961102]}]}]},{"tin":{"type":"ein","value":"840611484"},"service_code":["81"],"billing_class":"professional","payments":[{"allowed_amount":8.90,"billing_code_modifier":[""],"providers":[{"billed_charge":21.33,"npi":[1568961514,1740262880]},{"billed_charge":32.00,"npi":[1568961514,1740262880]}]},{"allowed_amount":8.90,"billing_code_modifier":[""],"providers":[{"billed_charge":21.33,"npi":[1568961514,1740262880]},{"billed_charge":32.00,"npi":[1568961514,1740262880]}]}]},{"tin":{"type":"ein","value":"840611484"},"service_code":["81"],"billing_class":"professional","payments":[{"allowed_amount":8.90,"billing_code_modifier":[""],"providers":[{"billed_charge":21.33,"npi":[1568961514,1740262880]},{"billed_charge":32.00,"npi":[1568961514,1740262880]}]},{"allowed_amount":8.90,"billing_code_modifier":[""],"providers":[{"billed_charge":21.33,"npi":[1568961514,1740262880]},{"billed_charge":32.00,"npi":[1568961514,1740262880]}]}]}]},{"name":"DRUG TST DEFINITV DR ID METH P DAY 22\/MORE DR CL","billing_code_type":"HCPCS","billing_code_type_version":"HCPCS LEVEL II 2021","billing_code":"G0483","description":"DRUG TST DEFINITV DR ID METH P DAY 22\/MORE DR CL","allowed_amounts":[{"tin":{"type":"ein","value":"261565558"},"service_code":["81"],"billing_class":"professional","payments":[{"allowed_amount":271.61,"billing_code_modifier":[""],"providers":[{"billed_charge":499.00,"npi":[1386970614,1497933162,1821232067]}]}]},{"tin":{"type":"ein","value":"474125399"},"service_code":["81"],"billing_class":"professional","payments":[{"allowed_amount":271.61,"billing_code_modifier":[""],"providers":[{"billed_charge":1100.00,"npi":[1245606078,1548363583,1659431443]}]}]},{"tin":{"type":"ein","value":"474815114"},"service_code":["81"],"billing_class":"professional","payments":[{"allowed_amount":271.61,"billing_code_modifier":[""],"providers":[{"billed_charge":395.00,"npi":[1215302245,1922070093]}]}]}]},{"name":"DRUG TST PRSMV INSTRMNT CHEM ANALYZERS PR DATE","billing_code_type":"CPT","billing_code_type_version":"2020","billing_code":"80307","description":"DRUG TST PRSMV INSTRMNT CHEM ANALYZERS PR DATE","allowed_amounts":[{"tin":{"type":"ein","value":"261565558"},"service_code":["81"],"billing_class":"professional","payments":[{"allowed_amount":68.35,"billing_code_modifier":[""],"providers":[{"billed_charge":124.00,"npi":[1386970614,1497933162,1689605545,1821232067]}]}]},{"tin":{"type":"ein","value":"271529357"},"service_code":["81"],"billing_class":"professional","payments":[{"allowed_amount":68.35,"billing_code_modifier":[""],"providers":[{"billed_charge":114.43,"npi":[1073842001,1720505381]}]}]},{"tin":{"type":"ein","value":"474815114"},"service_code":["81"],"billing_class":"professional","payments":[{"allowed_amount":68.35,"billing_code_modifier":[""],"providers":[{"billed_charge":103.00,"npi":[1215302245,1922070093]}]}]},{"tin":{"type":"ein","value":"571207559"},"service_code":["11"],"billing_class":"professional","payments":[{"allowed_amount":68.35,"billing_code_modifier":[""],"providers":[{"billed_charge":2300.00,"npi":[1659436038,1780961102]}]}]}]},{"name":"DRUGS REQUIRE SPECIFIC ID: DRUGS REQUIRING DETAIL","billing_code_type":"RC","billing_code_type_version":"UB04","billing_code":"0636","description":"DRUGS REQUIRE SPECIFIC ID: DRUGS REQUIRING DETAIL","allowed_amounts":[{"tin":{"type":"ein","value":"620850498"},"service_code":["65"],"billing_class":"institutional","payments":[{"allowed_amount":3.89,"billing_code_modifier":[""],"providers":[{"billed_charge":25.32,"npi":[1467560292,1841223237]}]}]},{"tin":{"type":"ein","value":"810747282"},"service_code":["65"],"billing_class":"institutional","payments":[{"allowed_amount":5.91,"billing_code_modifier":[""],"providers":[{"billed_charge":140.30,"npi":[1407394463,1902882806]}]}]},{"tin":{"type":"ein","value":"810747282"},"service_code":["65"],"billing_class":"institutional","payments":[{"allowed_amount":5.96,"billing_code_modifier":[""],"providers":[{"billed_charge":140.30,"npi":[1407394463,1902882806]}]}]},{"tin":{"type":"ein","value":"810747282"},"service_code":["65"],"billing_class":"institutional","payments":[{"allowed_amount":6.00,"billing_code_modifier":[""],"providers":[{"billed_charge":140.30,"npi":[1407394463,1861490211]}]}]}]},{"name":"ESRD RELATED SVC MONTHLY 20&\/> YR OLD 4\/> VISITS","billing_code_type":"CPT","billing_code_type_version":"2020","billing_code":"90960","description":"ESRD RELATED SVC MONTHLY 20&\/> YR OLD 4\/> VISITS","allowed_amounts":[{"tin":{"type":"ein","value":"201405833"},"service_code":["65"],"billing_class":"professional","payments":[{"allowed_amount":404.18,"billing_code_modifier":[""],"providers":[{"billed_charge":870.00,"npi":[1124129234,1467560292,1558378778,1841223237,1962501940]}]}]}]},{"name":"HANDLG&\/OR CONVEY OF SPEC FOR TR OFFICE TO LAB","billing_code_type":"CPT","billing_code_type_version":"2020","billing_code":"99000","description":"HANDLG&\/OR CONVEY OF SPEC FOR TR OFFICE TO LAB","allowed_amounts":[{"tin":{"type":"ein","value":"571207559"},"service_code":["11"],"billing_class":"professional","payments":[{"allowed_amount":7.51,"billing_code_modifier":[""],"providers":[{"billed_charge":21.00,"npi":[1083128730,1659436038,1740531466,1780961102]}]}]}]},{"name":"HEMO OPD\/HOME: HEMODIALYSIS COMP OR OTHER RATE","billing_code_type":"RC","billing_code_type_version":"UB04","billing_code":"0821","description":"HEMO OPD\/HOME: HEMODIALYSIS COMP OR OTHER RATE","allowed_amounts":[{"tin":{"type":"ein","value":"810747282"},"service_code":["65"],"billing_class":"institutional","payments":[{"allowed_amount":337.52,"billing_code_modifier":[""],"providers":[{"billed_charge":8010.89,"npi":[1407394463,1902882806]}]}]},{"tin":{"type":"ein","value":"810747282"},"service_code":["65"],"billing_class":"institutional","payments":[{"allowed_amount":340.17,"billing_code_modifier":[""],"providers":[{"billed_charge":8010.89,"npi":[1407394463,1902882806]}]}]},{"tin":{"type":"ein","value":"810747282"},"service_code":["65"],"billing_class":"institutional","payments":[{"allowed_amount":342.76,"billing_code_modifier":[""],"providers":[{"billed_charge":8010.89,"npi":[1407394463,1861490211]}]}]}]},{"name":"HEMOGLOBIN GLYCOSYLATED A1C","billing_code_type":"CPT","billing_code_type_version":"2020","billing_code":"83036","description":"HEMOGLOBIN GLYCOSYLATED A1C","allowed_amounts":[{"tin":{"type":"ein","value":"571207559"},"service_code":["11"],"billing_class":"professional","payments":[{"allowed_amount":10.68,"billing_code_modifier":[""],"providers":[{"billed_charge":50.00,"npi":[1285798439,1780961102]},{"billed_charge":79.00,"npi":[1083128730,1659436038,1740531466,1770981839,1780961102]}]},{"allowed_amount":10.68,"billing_code_modifier":[""],"providers":[{"billed_charge":50.00,"npi":[1285798439,1780961102]},{"billed_charge":79.00,"npi":[1083128730,1659436038,1740531466,1770981839,1780961102]}]}]},{"tin":{"type":"ein","value":"571207559"},"service_code":["11"],"billing_class":"professional","payments":[{"allowed_amount":10.68,"billing_code_modifier":[""],"providers":[{"billed_charge":50.00,"npi":[1285798439,1780961102]},{"billed_charge":79.00,"npi":[1083128730,1659436038,1740531466,1770981839,1780961102]}]},{"allowed_amount":10.68,"billing_code_modifier":[""],"providers":[{"billed_charge":50.00,"npi":[1285798439,1780961102]},{"billed_charge":79.00,"npi":[1083128730,1659436038,1740531466,1770981839,1780961102]}]}]},{"tin":{"type":"ein","value":"840611484"},"service_code":["81"],"billing_class":"professional","payments":[{"allowed_amount":10.68,"billing_code_modifier":[""],"providers":[{"billed_charge":74.00,"npi":[1568658250,1740262880]},{"billed_charge":78.00,"npi":[1033423249,1174756316,1568961514,1740262880,1932156692]}]},{"allowed_amount":10.68,"billing_code_modifier":[""],"providers":[{"billed_charge":74.00,"npi":[1568658250,1740262880]},{"billed_charge":78.00,"npi":[1033423249,1174756316,1568961514,1740262880,1932156692]}]}]},{"tin":{"type":"ein","value":"840611484"},"service_code":["81"],"billing_class":"professional","payments":[{"allowed_amount":10.68,"billing_code_modifier":[""],"providers":[{"billed_charge":74.00,"npi":[1568658250,1740262880]},{"billed_charge":78.00,"npi":[1033423249,1174756316,1568961514,1740262880,1932156692]}]},{"allowed_amount":10.68,"billing_code_modifier":[""],"providers":[{"billed_charge":74.00,"npi":[1568658250,1740262880]},{"billed_charge":78.00,"npi":[1033423249,1174756316,1568961514,1740262880,1932156692]}]}]}]},{"name":"IA DET NA;SEV AC RES SYND SARS-COV-2 COVID-19","billing_code_type":"HCPCS","billing_code_type_version":"HCPCS LEVEL II 2021","billing_code":"U0005","description":"IA DET NA;SEV AC RES SYND SARS-COV-2 COVID-19","allowed_amounts":[{"tin":{"type":"ein","value":"854128598"},"service_code":["81"],"billing_class":"professional","payments":[{"allowed_amount":25.00,"billing_code_modifier":[""],"providers":[{"billed_charge":25.00,"npi":[1235727041]}]}]},{"tin":{"type":"ein","value":"880099333"},"service_code":["81"],"billing_class":"professional","payments":[{"allowed_amount":25.00,"billing_code_modifier":[""],"providers":[{"billed_charge":25.00,"npi":[1043256886,1053785345,1205444510,1346852183,1508479593,1629571161,1861018236]}]}]},{"tin":{"type":"ein","value":"942854057"},"service_code":["81"],"billing_class":"professional","payments":[{"allowed_amount":25.00,"billing_code_modifier":[""],"providers":[{"billed_charge":25.00,"npi":[1467469239,1720029960,1811511223]}]}]}]},{"name":"IAAD IA SEVERE AQT RESPIR SYND CORONAVIRUS","billing_code_type":"CPT","billing_code_type_version":"2020","billing_code":"87426","description":"IAAD IA SEVERE AQT RESPIR SYND CORONAVIRUS","allowed_amounts":[{"tin":{"type":"ein","value":"852564108"},"service_code":["11"],"billing_class":"professional","payments":[{"allowed_amount":272.00,"billing_code_modifier":[""],"providers":[{"billed_charge":272.00,"npi":[1053901256,1639311509]}]}]}]},{"name":"IAADIADOO SEVERE AQT RESPIR SYND CORONAVIRUS","billing_code_type":"CPT","billing_code_type_version":"2020","billing_code":"87811","description":"IAADIADOO SEVERE AQT RESPIR SYND CORONAVIRUS","allowed_amounts":[{"tin":{"type":"ein","value":"571207559"},"service_code":["11"],"billing_class":"professional","payments":[{"allowed_amount":80.12,"billing_code_modifier":[""],"providers":[{"billed_charge":160.00,"npi":[1083128730,1659436038,1740531466,1780961102]}]}]}]},{"name":"IM ADM PRQ ID SUBQ\/IM NJXS 1 VACCINE","billing_code_type":"CPT","billing_code_type_version":"2020","billing_code":"90471","description":"IM ADM PRQ ID SUBQ\/IM NJXS 1 VACCINE","allowed_amounts":[{"tin":{"type":"ein","value":"571207559"},"service_code":["11"],"billing_class":"professional","payments":[{"allowed_amount":18.82,"billing_code_modifier":[""],"providers":[{"billed_charge":77.00,"npi":[1083128730,1174035711,1659436038,1740531466,1780961102]}]}]}]},{"name":"INF AGT DET DNA\/RNA;SARS-COV-2 COVID-19 AMP P T","billing_code_type":"HCPCS","billing_code_type_version":"HCPCS LEVEL II 2021","billing_code":"U0003","description":"INF AGT DET DNA\/RNA;SARS-COV-2 COVID-19 AMP P T","allowed_amounts":[{"tin":{"type":"ein","value":"571207559"},"service_code":["11"],"billing_class":"professional","payments":[{"allowed_amount":82.50,"billing_code_modifier":[""],"providers":[{"billed_charge":100.00,"npi":[1740531466,1780961102]}]}]},{"tin":{"type":"ein","value":"850602662"},"service_code":["81"],"billing_class":"professional","payments":[{"allowed_amount":82.50,"billing_code_modifier":[""],"providers":[{"billed_charge":150.00,"npi":[1114014263,1114918349,1881215622]}]}]},{"tin":{"type":"ein","value":"851054301"},"service_code":["81"],"billing_class":"professional","payments":[{"allowed_amount":82.50,"billing_code_modifier":[""],"providers":[{"billed_charge":225.00,"npi":[1467030536,1871630319]}]}]},{"tin":{"type":"ein","value":"853331033"},"service_code":["81"],"billing_class":"professional","payments":[{"allowed_amount":82.50,"billing_code_modifier":[""],"providers":[{"billed_charge":187.00,"npi":[1417554098,1801039649]}]}]},{"tin":{"type":"ein","value":"854128598"},"service_code":["81"],"billing_class":"professional","payments":[{"allowed_amount":82.50,"billing_code_modifier":[""],"providers":[{"billed_charge":149.00,"npi":[1235727041]}]}]},{"tin":{"type":"ein","value":"862940625"},"service_code":["81"],"billing_class":"professional","payments":[{"allowed_amount":82.50,"billing_code_modifier":[""],"providers":[{"billed_charge":187.50,"npi":[1023786233,1972619997]}]}]},{"tin":{"type":"ein","value":"880099333"},"service_code":["81"],"billing_class":"professional","payments":[{"allowed_amount":82.50,"billing_code_modifier":[""],"providers":[{"billed_charge":100.00,"npi":[1043256886,1053785345,1124130653,1205444510,1346852183,1447297825,1508479593,1629571161,1649586058,1669484473,1740240753,1811997711,1861018236]}]}]},{"tin":{"type":"ein","value":"942854057"},"service_code":["81"],"billing_class":"professional","payments":[{"allowed_amount":82.50,"billing_code_modifier":[""],"providers":[{"billed_charge":145.00,"npi":[1467469239,1720029960,1811511223]}]}]}]},{"name":"LIPID PANEL","billing_code_type":"CPT","billing_code_type_version":"2020","billing_code":"80061","description":"LIPID PANEL","allowed_amounts":[{"tin":{"type":"ein","value":"571207559"},"service_code":["11"],"billing_class":"professional","payments":[{"allowed_amount":14.73,"billing_code_modifier":[""],"providers":[{"billed_charge":114.00,"npi":[1083128730,1659436038,1740531466,1770981839,1780961102]}]}]},{"tin":{"type":"ein","value":"840611484"},"service_code":["81"],"billing_class":"professional","payments":[{"allowed_amount":14.73,"billing_code_modifier":[""],"providers":[{"billed_charge":98.00,"npi":[1568658250,1568961514,1740262880]},{"billed_charge":102.00,"npi":[1033423249,1174756316,1740262880,1932156692]}]},{"allowed_amount":14.73,"billing_code_modifier":[""],"providers":[{"billed_charge":98.00,"npi":[1568658250,1568961514,1740262880]},{"billed_charge":102.00,"npi":[1033423249,1174756316,1740262880,1932156692]}]}]},{"tin":{"type":"ein","value":"840611484"},"service_code":["81"],"billing_class":"professional","payments":[{"allowed_amount":14.73,"billing_code_modifier":[""],"providers":[{"billed_charge":98.00,"npi":[1568658250,1568961514,1740262880]},{"billed_charge":102.00,"npi":[1033423249,1174756316,1740262880,1932156692]}]},{"allowed_amount":14.73,"billing_code_modifier":[""],"providers":[{"billed_charge":98.00,"npi":[1568658250,1568961514,1740262880]},{"billed_charge":102.00,"npi":[1033423249,1174756316,1740262880,1932156692]}]}]}]},{"name":"MANUAL THERAPY TQS 1\/> REGIONS EACH 15 MINUTES","billing_code_type":"CPT","billing_code_type_version":"2020","billing_code":"97140","description":"MANUAL THERAPY TQS 1\/> REGIONS EACH 15 MINUTES","allowed_amounts":[{"tin":{"type":"ein","value":"200008539"},"service_code":["11"],"billing_class":"professional","payments":[{"allowed_amount":30.80,"billing_code_modifier":[""],"providers":[{"billed_charge":55.00,"npi":[1548267677,1578858858,1780867671]}]}]},{"tin":{"type":"ein","value":"873852958"},"service_code":["11"],"billing_class":"professional","payments":[{"allowed_amount":30.80,"billing_code_modifier":[""],"providers":[{"billed_charge":41.00,"npi":[1023074796,1023194347,1619080371,1639379787,1700544764,1861678153,1881762409,1942597067,1962409581]}]}]}]},{"name":"MEDICAL\/SURGICAL SUPPLIES","billing_code_type":"RC","billing_code_type_version":"UB04","billing_code":"0270","description":"MEDICAL\/SURGICAL SUPPLIES","allowed_amounts":[{"tin":{"type":"ein","value":"620850498"},"service_code":["65"],"billing_class":"institutional","payments":[{"allowed_amount":3.68,"billing_code_modifier":[""],"providers":[{"billed_charge":23.94,"npi":[1467560292,1841223237]}]}]},{"tin":{"type":"ein","value":"810747282"},"service_code":["65"],"billing_class":"institutional","payments":[{"allowed_amount":5.69,"billing_code_modifier":[""],"providers":[{"billed_charge":135.24,"npi":[1407394463,1902882806]}]}]},{"tin":{"type":"ein","value":"810747282"},"service_code":["65"],"billing_class":"institutional","payments":[{"allowed_amount":5.74,"billing_code_modifier":[""],"providers":[{"billed_charge":135.24,"npi":[1407394463,1902882806]}]}]},{"tin":{"type":"ein","value":"810747282"},"service_code":["65"],"billing_class":"institutional","payments":[{"allowed_amount":5.78,"billing_code_modifier":[""],"providers":[{"billed_charge":135.24,"npi":[1407394463,1861490211]}]}]}]},{"name":"OFFICE\/OUTPATIENT ESTABLISHED LOW MDM 20-29 MIN","billing_code_type":"CPT","billing_code_type_version":"2020","billing_code":"99213","description":"OFFICE\/OUTPATIENT ESTABLISHED LOW MDM 20-29 MIN","allowed_amounts":[{"tin":{"type":"ein","value":"571207559"},"service_code":["11"],"billing_class":"professional","payments":[{"allowed_amount":102.84,"billing_code_modifier":[""],"providers":[{"billed_charge":192.00,"npi":[1083128730,1659436038,1740531466,1770981839,1780961102]}]}]},{"tin":{"type":"ein","value":"831518661"},"service_code":["11"],"billing_class":"professional","payments":[{"allowed_amount":102.84,"billing_code_modifier":[""],"providers":[{"billed_charge":229.00,"npi":[1154801546,1548385594,1992921316]}]}]},{"tin":{"type":"ein","value":"870372919"},"service_code":["11"],"billing_class":"professional","payments":[{"allowed_amount":102.84,"billing_code_modifier":[""],"providers":[{"billed_charge":367.28,"npi":[1295126621,1306002274]}]}]},{"tin":{"type":"ein","value":"870468377"},"service_code":["11"],"billing_class":"professional","payments":[{"allowed_amount":102.84,"billing_code_modifier":[""],"providers":[{"billed_charge":156.46,"npi":[1740346071,1922096114]}]}]},{"tin":{"type":"ein","value":"880313763"},"service_code":["11"],"billing_class":"professional","payments":[{"allowed_amount":102.84,"billing_code_modifier":[""],"providers":[{"billed_charge":225.00,"npi":[1730350398,1871655092]}]}]}]},{"name":"OFFICE\/OUTPATIENT ESTABLISHED MOD MDM 30-39 MIN","billing_code_type":"CPT","billing_code_type_version":"2020","billing_code":"99214","description":"OFFICE\/OUTPATIENT ESTABLISHED MOD MDM 30-39 MIN","allowed_amounts":[{"tin":{"type":"ein","value":"571207559"},"service_code":["11"],"billing_class":"professional","payments":[{"allowed_amount":144.72,"billing_code_modifier":[""],"providers":[{"billed_charge":278.00,"npi":[1083128730,1659436038,1740531466,1780961102,1942612650]}]}]},{"tin":{"type":"ein","value":"812219401"},"service_code":["11"],"billing_class":"professional","payments":[{"allowed_amount":144.72,"billing_code_modifier":[""],"providers":[{"billed_charge":394.68,"npi":[1215471859,1275988107]}]}]},{"tin":{"type":"ein","value":"870468377"},"service_code":["11"],"billing_class":"professional","payments":[{"allowed_amount":144.72,"billing_code_modifier":[""],"providers":[{"billed_charge":226.94,"npi":[1003176934,1922096114]}]}]},{"tin":{"type":"ein","value":"871843686"},"service_code":["11"],"billing_class":"professional","payments":[{"allowed_amount":144.72,"billing_code_modifier":[""],"providers":[{"billed_charge":250.00,"npi":[1538835871,1710282272]}]}]}]},{"name":"PHARMACY","billing_code_type":"RC","billing_code_type_version":"UB04","billing_code":"0250","description":"PHARMACY","allowed_amounts":[{"tin":{"type":"ein","value":"620850498"},"service_code":["65"],"billing_class":"institutional","payments":[{"allowed_amount":0.86,"billing_code_modifier":[""],"providers":[{"billed_charge":5.58,"npi":[1467560292,1841223237]}]}]}]},{"name":"PSYCHIATRIC\/PSYCHOLOGICAL SVCS: PARTIAL HOSP - INT","billing_code_type":"RC","billing_code_type_version":"UB04","billing_code":"0913","description":"PSYCHIATRIC\/PSYCHOLOGICAL SVCS: PARTIAL HOSP - INT","allowed_amounts":[{"tin":{"type":"ein","value":"204772878"},"service_code":["22"],"billing_class":"institutional","payments":[{"allowed_amount":449.10,"billing_code_modifier":[""],"providers":[{"billed_charge":1000.00,"npi":[1215123567,1578662508]}]}]}]},{"name":"RESIDENTIAL TREATMENT-PSYCHIATRIC","billing_code_type":"RC","billing_code_type_version":"UB04","billing_code":"1001","description":"RESIDENTIAL TREATMENT-PSYCHIATRIC","allowed_amounts":[{"tin":{"type":"ein","value":"204772878"},"service_code":["21"],"billing_class":"institutional","payments":[{"allowed_amount":941.47,"billing_code_modifier":[""],"providers":[{"billed_charge":2000.00,"npi":[1215123567,1578662508]}]}]}]},{"name":"ROUTINE HOME CARE","billing_code_type":"RC","billing_code_type_version":"UB04","billing_code":"0651","description":"ROUTINE HOME CARE","allowed_amounts":[{"tin":{"type":"ein","value":"863803591"},"service_code":["34"],"billing_class":"institutional","payments":[{"allowed_amount":285.00,"billing_code_modifier":[""],"providers":[{"billed_charge":285.00,"npi":[1811979883,1932773827]}]}]}]},{"name":"THERAPEUTIC PX 1\/> AREAS EACH 15 MIN EXERCISES","billing_code_type":"CPT","billing_code_type_version":"2020","billing_code":"97110","description":"THERAPEUTIC PX 1\/> AREAS EACH 15 MIN EXERCISES","allowed_amounts":[{"tin":{"type":"ein","value":"200008539"},"service_code":["11"],"billing_class":"professional","payments":[{"allowed_amount":66.95,"billing_code_modifier":[""],"providers":[{"billed_charge":120.00,"npi":[1548267677,1578858858,1780867671]}]}]},{"tin":{"type":"ein","value":"200008539"},"service_code":["11"],"billing_class":"professional","payments":[{"allowed_amount":100.42,"billing_code_modifier":[""],"providers":[{"billed_charge":180.00,"npi":[1548267677,1578858858,1780867671]}]}]},{"tin":{"type":"ein","value":"873852958"},"service_code":["11"],"billing_class":"professional","payments":[{"allowed_amount":33.47,"billing_code_modifier":[""],"providers":[{"billed_charge":44.00,"npi":[1023074796,1023194347,1639379787,1700544764,1861678153,1942597067,1962409581]}]}]},{"tin":{"type":"ein","value":"873852958"},"service_code":["11"],"billing_class":"professional","payments":[{"allowed_amount":66.95,"billing_code_modifier":[""],"providers":[{"billed_charge":88.00,"npi":[1023074796,1033571617,1619080371,1700544764,1881762409,1942597067,1962409581]}]}]},{"tin":{"type":"ein","value":"873852958"},"service_code":["11"],"billing_class":"professional","payments":[{"allowed_amount":100.42,"billing_code_modifier":[""],"providers":[{"billed_charge":132.00,"npi":[1619080371,1639379787,1700544764,1881762409,1942597067,1962409581]}]}]}]},{"name":"URNLS DIP STICK\/TABLET RGNT AUTO W\/O MICROSCOPY","billing_code_type":"CPT","billing_code_type_version":"2020","billing_code":"81003","description":"URNLS DIP STICK\/TABLET RGNT AUTO W\/O MICROSCOPY","allowed_amounts":[{"tin":{"type":"ein","value":"474125399"},"service_code":["81"],"billing_class":"professional","payments":[{"allowed_amount":2.48,"billing_code_modifier":[""],"providers":[{"billed_charge":15.00,"npi":[1245606078,1548363583,1659431443]}]}]},{"tin":{"type":"ein","value":"571207559"},"service_code":["11"],"billing_class":"professional","payments":[{"allowed_amount":2.48,"billing_code_modifier":[""],"providers":[{"billed_charge":18.00,"npi":[1083128730,1285798439,1659436038,1740531466,1770981839,1780961102]}]}]},{"tin":{"type":"ein","value":"810542127"},"service_code":["50"],"billing_class":"professional","payments":[{"allowed_amount":2.48,"billing_code_modifier":[""],"providers":[{"billed_charge":6.00,"npi":[1477574713,1902308950]}]}]}]}]}
