{"reporting_entity_name": "IEC Group_DBA AmeriBen",
	"reporting_entity_type": "Third Party Administrator",
	"plan_name": "NOAH",
	"plan_id_type": "ein",
	"plan_id": "273188239",
	"plan_market_type": "group",
	"last_updated_on": "2023-02-01","Version": "1.0.0","out_of_network":[{"name":"CCPD OPD\/HOME: CCPD COMP OR OTHER RATE","billing_code_type":"RC","billing_code_type_version":"UB04","billing_code":"0851","description":"CCPD OPD\/HOME: CCPD COMP OR OTHER RATE","allowed_amounts":[{"tin":{"type":"ein","value":"042977283"},"service_code":["65"],"billing_class":"institutional","payments":[{"allowed_amount":332.38,"billing_code_modifier":[""],"providers":[{"billed_charge":3937.55,"npi":[1578727509,1811450281]}]}]},{"tin":{"type":"ein","value":"042977283"},"service_code":["65"],"billing_class":"institutional","payments":[{"allowed_amount":334.38,"billing_code_modifier":[""],"providers":[{"billed_charge":3937.55,"npi":[1578727509,1811450281]}]}]},{"tin":{"type":"ein","value":"042977283"},"service_code":["65"],"billing_class":"institutional","payments":[{"allowed_amount":334.55,"billing_code_modifier":[""],"providers":[{"billed_charge":3937.55,"npi":[1578727509,1811450281]}]}]}]}]}
