{"reporting_entity_name": "IEC Group_DBA AmeriBen",
	"reporting_entity_type": "Third Party Administrator",
	"plan_name": "OLD NATIONAL BANK",
	"plan_id_type": "ein",
	"plan_id": "351539838",
	"plan_market_type": "group",
	"last_updated_on": "2024-11-01","Version": "1.0.0","out_of_network":[{"name":"CCPD OPD\/HOME: CCPD COMP OR OTHER RATE","billing_code_type":"RC","billing_code_type_version":"UB04","billing_code":"0851","description":"CCPD OPD\/HOME: CCPD COMP OR OTHER RATE","allowed_amounts":[{"tin":{"type":"ein","value":"363575844"},"service_code":["65"],"billing_class":"institutional","payments":[{"allowed_amount":284.42,"billing_code_modifier":[""],"providers":[{"billed_charge":4341.00,"npi":[1093715435,1124045869]}]}]},{"tin":{"type":"ein","value":"363575844"},"service_code":["65"],"billing_class":"institutional","payments":[{"allowed_amount":309.94,"billing_code_modifier":[""],"providers":[{"billed_charge":4341.00,"npi":[1093715435,1124045869]}]}]},{"tin":{"type":"ein","value":"363575844"},"service_code":["65"],"billing_class":"institutional","payments":[{"allowed_amount":329.43,"billing_code_modifier":[""],"providers":[{"billed_charge":4341.00,"npi":[1093715435,1124045869]}]}]},{"tin":{"type":"ein","value":"363575844"},"service_code":["65"],"billing_class":"institutional","payments":[{"allowed_amount":356.86,"billing_code_modifier":[""],"providers":[{"billed_charge":4341.00,"npi":[1093715435,1124045869]}]}]}]},{"name":"CHIROPRACTIC MANIPULATIVE TX SPINAL 3-4 REGIONS","billing_code_type":"CPT","billing_code_type_version":"2020","billing_code":"98941","description":"CHIROPRACTIC MANIPULATIVE TX SPINAL 3-4 REGIONS","allowed_amounts":[{"tin":{"type":"ein","value":"262093960"},"service_code":["11"],"billing_class":"professional","payments":[{"allowed_amount":32.35,"billing_code_modifier":[""],"providers":[{"billed_charge":60.00,"npi":[1467695650,1538300637]}]}]},{"tin":{"type":"ein","value":"271271353"},"service_code":["11"],"billing_class":"professional","payments":[{"allowed_amount":32.35,"billing_code_modifier":[""],"providers":[{"billed_charge":70.00,"npi":[1346579455]}]}]},{"tin":{"type":"ein","value":"813422716"},"service_code":["11"],"billing_class":"professional","payments":[{"allowed_amount":21.47,"billing_code_modifier":[""],"providers":[{"billed_charge":55.00,"npi":[1164763876,1942754445]}]}]}]},{"name":"CHIROPRACTIC MANIPULATIVE TX SPINAL 5 REGIONS","billing_code_type":"CPT","billing_code_type_version":"2020","billing_code":"98942","description":"CHIROPRACTIC MANIPULATIVE TX SPINAL 5 REGIONS","allowed_amounts":[{"tin":{"type":"ein","value":"825269834"},"service_code":["11"],"billing_class":"professional","payments":[{"allowed_amount":42.05,"billing_code_modifier":[""],"providers":[{"billed_charge":105.00,"npi":[1194280529,1982160099]}]}]}]},{"name":"DRUGS REQUIRE SPECIFIC ID: DRUGS REQUIRING DETAIL","billing_code_type":"RC","billing_code_type_version":"UB04","billing_code":"0636","description":"DRUGS REQUIRE SPECIFIC ID: DRUGS REQUIRING DETAIL","allowed_amounts":[{"tin":{"type":"ein","value":"232536597"},"service_code":["65"],"billing_class":"institutional","payments":[{"allowed_amount":19.01,"billing_code_modifier":[""],"providers":[{"billed_charge":306.00,"npi":[1326584103,1780684142]}]}]}]},{"name":"ELEC STIM OTHER THAN WOUND","billing_code_type":"HCPCS","billing_code_type_version":"HCPCS LEVEL II 2021","billing_code":"G0283","description":"ELEC STIM OTHER THAN WOUND","allowed_amounts":[{"tin":{"type":"ein","value":"813422716"},"service_code":["11"],"billing_class":"professional","payments":[{"allowed_amount":16.07,"billing_code_modifier":[""],"providers":[{"billed_charge":30.00,"npi":[1164763876,1942754445]}]}]}]},{"name":"HEMO OPD\/HOME: HEMODIALYSIS COMP OR OTHER RATE","billing_code_type":"RC","billing_code_type_version":"UB04","billing_code":"0821","description":"HEMO OPD\/HOME: HEMODIALYSIS COMP OR OTHER RATE","allowed_amounts":[{"tin":{"type":"ein","value":"232536597"},"service_code":["65"],"billing_class":"institutional","payments":[{"allowed_amount":357.99,"billing_code_modifier":[""],"providers":[{"billed_charge":5762.00,"npi":[1326584103,1780684142]}]}]}]},{"name":"PHARMACY","billing_code_type":"RC","billing_code_type_version":"UB04","billing_code":"0250","description":"PHARMACY","allowed_amounts":[{"tin":{"type":"ein","value":"232536597"},"service_code":["65"],"billing_class":"institutional","payments":[{"allowed_amount":0.03,"billing_code_modifier":[""],"providers":[{"billed_charge":0.68,"npi":[1326584103,1780684142]}]}]},{"tin":{"type":"ein","value":"232536597"},"service_code":["65"],"billing_class":"institutional","payments":[{"allowed_amount":0.04,"billing_code_modifier":[""],"providers":[{"billed_charge":0.68,"npi":[1326584103,1780684142]},{"billed_charge":0.94,"npi":[1326584103,1780684142]}]},{"allowed_amount":0.04,"billing_code_modifier":[""],"providers":[{"billed_charge":0.68,"npi":[1326584103,1780684142]},{"billed_charge":0.94,"npi":[1326584103,1780684142]}]}]},{"tin":{"type":"ein","value":"232536597"},"service_code":["65"],"billing_class":"institutional","payments":[{"allowed_amount":0.04,"billing_code_modifier":[""],"providers":[{"billed_charge":0.68,"npi":[1326584103,1780684142]},{"billed_charge":0.94,"npi":[1326584103,1780684142]}]},{"allowed_amount":0.04,"billing_code_modifier":[""],"providers":[{"billed_charge":0.68,"npi":[1326584103,1780684142]},{"billed_charge":0.94,"npi":[1326584103,1780684142]}]}]},{"tin":{"type":"ein","value":"232536597"},"service_code":["65"],"billing_class":"institutional","payments":[{"allowed_amount":0.05,"billing_code_modifier":[""],"providers":[{"billed_charge":0.94,"npi":[1326584103,1780684142]}]}]},{"tin":{"type":"ein","value":"232536597"},"service_code":["65"],"billing_class":"institutional","payments":[{"allowed_amount":0.06,"billing_code_modifier":[""],"providers":[{"billed_charge":0.94,"npi":[1326584103,1780684142]}]}]}]},{"name":"RESIDENTIAL TREATMENT-CHEMICAL DEPENDENCY","billing_code_type":"RC","billing_code_type_version":"UB04","billing_code":"1002","description":"RESIDENTIAL TREATMENT-CHEMICAL DEPENDENCY","allowed_amounts":[{"tin":{"type":"ein","value":"861339988"},"service_code":["21"],"billing_class":"institutional","payments":[{"allowed_amount":2800.00,"billing_code_modifier":[""],"providers":[{"billed_charge":4750.00,"npi":[1861086738]}]}]}]},{"name":"THERAPEUT ACTVITY DIRECT PT CONTACT EACH 15 MIN","billing_code_type":"CPT","billing_code_type_version":"2020","billing_code":"97530","description":"THERAPEUT ACTVITY DIRECT PT CONTACT EACH 15 MIN","allowed_amounts":[{"tin":{"type":"ein","value":"822418202"},"service_code":["11"],"billing_class":"professional","payments":[{"allowed_amount":22.95,"billing_code_modifier":[""],"providers":[{"billed_charge":100.00,"npi":[1447758933,1477243442,1639519903]}]}]}]}]}
