{"reporting_entity_name": "IEC Group_DBA AmeriBen",
	"reporting_entity_type": "Third Party Administrator",
	"plan_name": "SCP HEALTH",
	"plan_id_type": "ein",
	"plan_id": "721383025",
	"plan_market_type": "group",
	"last_updated_on": "2023-04-03","Version": "1.0.0","out_of_network":[{"name":"DME RENTAL","billing_code_type":"RC","billing_code_type_version":"UB04","billing_code":"0291","description":"DME RENTAL","allowed_amounts":[{"tin":{"type":"ein","value":"474106708"},"service_code":["65"],"billing_class":"institutional","payments":[{"allowed_amount":280.50,"billing_code_modifier":[""],"providers":[{"billed_charge":1650.00,"npi":[1821477415]}]}]}]},{"name":"DRUGS REQUIRE SPECIFIC ID: DRUGS REQUIRING DETAIL","billing_code_type":"RC","billing_code_type_version":"UB04","billing_code":"0636","description":"DRUGS REQUIRE SPECIFIC ID: DRUGS REQUIRING DETAIL","allowed_amounts":[{"tin":{"type":"ein","value":"474106708"},"service_code":["65"],"billing_class":"institutional","payments":[{"allowed_amount":0.28,"billing_code_modifier":[""],"providers":[{"billed_charge":1.65,"npi":[1821477415]}]}]}]},{"name":"HEMO OPD\/HOME EQUIPMENT","billing_code_type":"RC","billing_code_type_version":"UB04","billing_code":"0823","description":"HEMO OPD\/HOME EQUIPMENT","allowed_amounts":[{"tin":{"type":"ein","value":"474106708"},"service_code":["65"],"billing_class":"institutional","payments":[{"allowed_amount":23.37,"billing_code_modifier":[""],"providers":[{"billed_charge":137.50,"npi":[1821477415]}]}]}]},{"name":"HEMO OPD\/HOME SUPPLIES","billing_code_type":"RC","billing_code_type_version":"UB04","billing_code":"0822","description":"HEMO OPD\/HOME SUPPLIES","allowed_amounts":[{"tin":{"type":"ein","value":"474106708"},"service_code":["65"],"billing_class":"institutional","payments":[{"allowed_amount":20.57,"billing_code_modifier":[""],"providers":[{"billed_charge":121.00,"npi":[1821477415]}]}]},{"tin":{"type":"ein","value":"474106708"},"service_code":["65"],"billing_class":"institutional","payments":[{"allowed_amount":35.16,"billing_code_modifier":[""],"providers":[{"billed_charge":206.80,"npi":[1821477415]}]}]},{"tin":{"type":"ein","value":"474106708"},"service_code":["65"],"billing_class":"institutional","payments":[{"allowed_amount":42.07,"billing_code_modifier":[""],"providers":[{"billed_charge":247.50,"npi":[1821477415]}]}]}]},{"name":"HEMO OPD\/HOME: HEMODIALYSIS COMP OR OTHER RATE","billing_code_type":"RC","billing_code_type_version":"UB04","billing_code":"0821","description":"HEMO OPD\/HOME: HEMODIALYSIS COMP OR OTHER RATE","allowed_amounts":[{"tin":{"type":"ein","value":"474106708"},"service_code":["65"],"billing_class":"institutional","payments":[{"allowed_amount":472.74,"billing_code_modifier":[""],"providers":[{"billed_charge":2780.80,"npi":[1821477415]}]}]}]},{"name":"PHARMACY: IV SOLUTIONS","billing_code_type":"RC","billing_code_type_version":"UB04","billing_code":"0258","description":"PHARMACY: IV SOLUTIONS","allowed_amounts":[{"tin":{"type":"ein","value":"474106708"},"service_code":["65"],"billing_class":"institutional","payments":[{"allowed_amount":37.03,"billing_code_modifier":[""],"providers":[{"billed_charge":217.80,"npi":[1821477415]}]}]}]}]}
