{"reporting_entity_name": "IEC Group_DBA AmeriBen",
	"reporting_entity_type": "Third Party Administrator",
	"plan_name": "PBG",
	"plan_id_type": "ein",
	"plan_id": "237688845",
	"plan_market_type": "group",
	"last_updated_on": "2024-09-01","Version": "1.0.0","out_of_network":[{"name":"CT HEAD\/BRAIN W\/O CONTRAST MATERIAL","billing_code_type":"CPT","billing_code_type_version":"2020","billing_code":"70450","description":"CT HEAD\/BRAIN W\/O CONTRAST MATERIAL","allowed_amounts":[{"tin":{"type":"ein","value":"370701328"},"service_code":["21"],"billing_class":"professional","payments":[{"allowed_amount":0.00,"billing_code_modifier":[""],"providers":[{"billed_charge":268.00,"npi":[1033352596,1104142512,1144380049,1194914465,1437151826,1508081688,1780638478,1790727659]}]}]}]}]}
