{"reporting_entity_name": "IEC Group_DBA AmeriBen",
	"reporting_entity_type": "Third Party Administrator",
	"plan_name": "WORKCARE INC",
	"plan_id_type": "ein",
	"plan_id": "330779311",
	"plan_market_type": "group",
	"last_updated_on": "2024-03-01","Version": "1.0.0","out_of_network":[{"name":"OFFICE\/OUTPATIENT ESTABLISHED MOD MDM 30 MIN","billing_code_type":"CPT","billing_code_type_version":"2020","billing_code":"99214","description":"OFFICE\/OUTPATIENT ESTABLISHED MOD MDM 30 MIN","allowed_amounts":[{"tin":{"type":"ein","value":"474468863"},"service_code":["02","11"],"billing_class":"professional","payments":[{"allowed_amount":185.57,"billing_code_modifier":[""],"providers":[{"billed_charge":425.00,"npi":[1447492657]}]}]},{"tin":{"type":"ein","value":"813972449"},"service_code":["11"],"billing_class":"professional","payments":[{"allowed_amount":185.57,"billing_code_modifier":[""],"providers":[{"billed_charge":300.00,"npi":[1710133889,1982307708]}]}]},{"tin":{"type":"ein","value":"951750445"},"service_code":["11"],"billing_class":"professional","payments":[{"allowed_amount":185.57,"billing_code_modifier":[""],"providers":[{"billed_charge":266.00,"npi":[1265591903,1598797011]}]}]}]}]}
