{"reporting_entity_name": "IEC Group_DBA AmeriBen",
	"reporting_entity_type": "Third Party Administrator",
	"plan_name": "CARTER'S",
	"plan_id_type": "ein",
	"plan_id": "041156680",
	"plan_market_type": "group",
	"last_updated_on": "2024-07-01","Version": "1.0.0","out_of_network":[{"name":"DRUGS REQUIRE SPECIFIC ID: DRUGS REQUIRING DETAIL","billing_code_type":"RC","billing_code_type_version":"UB04","billing_code":"0636","description":"DRUGS REQUIRE SPECIFIC ID: DRUGS REQUIRING DETAIL","allowed_amounts":[{"tin":{"type":"ein","value":"620850498"},"service_code":["65"],"billing_class":"institutional","payments":[{"allowed_amount":2.10,"billing_code_modifier":[""],"providers":[{"billed_charge":27.90,"npi":[1043243421,1558547943]}]}]},{"tin":{"type":"ein","value":"620850498"},"service_code":["65"],"billing_class":"institutional","payments":[{"allowed_amount":2.50,"billing_code_modifier":[""],"providers":[{"billed_charge":27.90,"npi":[1043243421,1558547943]}]}]},{"tin":{"type":"ein","value":"620850498"},"service_code":["65"],"billing_class":"institutional","payments":[{"allowed_amount":3.63,"billing_code_modifier":[""],"providers":[{"billed_charge":27.90,"npi":[1043243421,1558547943]}]}]},{"tin":{"type":"ein","value":"620850498"},"service_code":["65"],"billing_class":"institutional","payments":[{"allowed_amount":27.90,"billing_code_modifier":[""],"providers":[{"billed_charge":27.90,"npi":[1043243421,1558547943]}]}]}]},{"name":"DRUGS REQUIRE SPECIFIC ID: EPO UNDER 10,000 UNITS","billing_code_type":"RC","billing_code_type_version":"UB04","billing_code":"0634","description":"DRUGS REQUIRE SPECIFIC ID: EPO UNDER 10,000 UNITS","allowed_amounts":[{"tin":{"type":"ein","value":"620850498"},"service_code":["65"],"billing_class":"institutional","payments":[{"allowed_amount":146.21,"billing_code_modifier":[""],"providers":[{"billed_charge":1630.00,"npi":[1043243421,1558547943]}]}]}]},{"name":"HEMO OPD\/HOME: HEMODIALYSIS COMP OR OTHER RATE","billing_code_type":"RC","billing_code_type_version":"UB04","billing_code":"0821","description":"HEMO OPD\/HOME: HEMODIALYSIS COMP OR OTHER RATE","allowed_amounts":[{"tin":{"type":"ein","value":"620850498"},"service_code":["65"],"billing_class":"institutional","payments":[{"allowed_amount":244.87,"billing_code_modifier":[""],"providers":[{"billed_charge":2730.00,"npi":[1043243421,1558547943]}]}]},{"tin":{"type":"ein","value":"620850498"},"service_code":["65"],"billing_class":"institutional","payments":[{"allowed_amount":2730.00,"billing_code_modifier":[""],"providers":[{"billed_charge":2730.00,"npi":[1043243421,1558547943]}]}]}]},{"name":"MEDICAL\/SURGICAL SUPPLIES","billing_code_type":"RC","billing_code_type_version":"UB04","billing_code":"0270","description":"MEDICAL\/SURGICAL SUPPLIES","allowed_amounts":[{"tin":{"type":"ein","value":"620850498"},"service_code":["65"],"billing_class":"institutional","payments":[{"allowed_amount":11.32,"billing_code_modifier":[""],"providers":[{"billed_charge":11.32,"npi":[1043243421,1558547943]}]}]},{"tin":{"type":"ein","value":"620850498"},"service_code":["65"],"billing_class":"institutional","payments":[{"allowed_amount":50.90,"billing_code_modifier":[""],"providers":[{"billed_charge":50.90,"npi":[1043243421,1558547943]}]}]}]},{"name":"PHARMACY","billing_code_type":"RC","billing_code_type_version":"UB04","billing_code":"0250","description":"PHARMACY","allowed_amounts":[{"tin":{"type":"ein","value":"620850498"},"service_code":["65"],"billing_class":"institutional","payments":[{"allowed_amount":0.55,"billing_code_modifier":[""],"providers":[{"billed_charge":6.15,"npi":[1043243421,1558547943]}]}]}]},{"name":"PSYCHIATRIC\/PSYCHOLOGICAL SVCS: PARTIAL HOSP - LES","billing_code_type":"RC","billing_code_type_version":"UB04","billing_code":"0912","description":"PSYCHIATRIC\/PSYCHOLOGICAL SVCS: PARTIAL HOSP - LES","allowed_amounts":[{"tin":{"type":"ein","value":"920780443"},"service_code":["22"],"billing_class":"institutional","payments":[{"allowed_amount":626.50,"billing_code_modifier":[""],"providers":[{"billed_charge":2980.00,"npi":[1316047400,1952093114]}]}]}]},{"name":"PSYCHOTHERAPY W\/PATIENT 45 MINUTES","billing_code_type":"CPT","billing_code_type_version":"2020","billing_code":"90834","description":"PSYCHOTHERAPY W\/PATIENT 45 MINUTES","allowed_amounts":[{"tin":{"type":"ein","value":"451642865"},"service_code":["11"],"billing_class":"professional","payments":[{"allowed_amount":132.43,"billing_code_modifier":[""],"providers":[{"billed_charge":250.00,"npi":[1881750198]}]}]},{"tin":{"type":"ein","value":"999999999"},"service_code":["02"],"billing_class":"professional","payments":[{"allowed_amount":132.43,"billing_code_modifier":[""],"providers":[{"billed_charge":250.00,"npi":[1427511955]}]}]}]}]}
