{"reporting_entity_name": "IEC Group_DBA AmeriBen",
	"reporting_entity_type": "Third Party Administrator",
	"plan_name": "AJINOMOTO H&N N.A. INC.",
	"plan_id_type": "ein",
	"plan_id": "472979265",
	"plan_market_type": "group",
	"last_updated_on": "2023-09-01","Version": "1.0.0","out_of_network":[{"name":"RESIDENTIAL TREATMENT-CHEMICAL DEPENDENCY","billing_code_type":"RC","billing_code_type_version":"UB04","billing_code":"1002","description":"RESIDENTIAL TREATMENT-CHEMICAL DEPENDENCY","allowed_amounts":[{"tin":{"type":"ein","value":"861840569"},"service_code":["21"],"billing_class":"institutional","payments":[{"allowed_amount":1717.38,"billing_code_modifier":[""],"providers":[{"billed_charge":4500.00,"npi":[1477214500,1801816764]}]}]}]}]}
