{"reporting_entity_name": "IEC Group_DBA AmeriBen",
	"reporting_entity_type": "Third Party Administrator",
	"plan_name": "FRONTIER BEHAVIORAL HEALTH",
	"plan_id_type": "ein",
	"plan_id": "910853801",
	"plan_market_type": "group",
	"last_updated_on": "2025-03-03","Version": "1.0.0","out_of_network":[{"name":"BLOOD COUNT COMPLETE AUTO&AUTO DIFRNTL WBC","billing_code_type":"CPT","billing_code_type_version":"2020","billing_code":"85025","description":"BLOOD COUNT COMPLETE AUTO&AUTO DIFRNTL WBC","allowed_amounts":[{"tin":{"type":"ein","value":"454772236"},"service_code":["21","22","23"],"billing_class":"professional","payments":[{"allowed_amount":0.00,"billing_code_modifier":[""],"providers":[{"billed_charge":11.66,"npi":[1164928321,1245444132,1275708240,1285724948,1316998354,1346636644,1619229168,1659773935,1780605402,1922361575,1962491985,1972043784]}]}]}]},{"name":"COMPREHENSIVE METABOLIC PANEL","billing_code_type":"CPT","billing_code_type_version":"2020","billing_code":"80053","description":"COMPREHENSIVE METABOLIC PANEL","allowed_amounts":[{"tin":{"type":"ein","value":"454772236"},"service_code":["21","22","23"],"billing_class":"professional","payments":[{"allowed_amount":0.00,"billing_code_modifier":[""],"providers":[{"billed_charge":15.84,"npi":[1164928321,1194018366,1245444132,1275708240,1285724948,1316998354,1346636644,1538152418,1619229168,1659773935,1730396656,1780605402,1922207471,1922361575,1972043784]}]}]}]},{"name":"CULTURE BACTERIAL QUANTTATIVE COLONY COUNT URINE","billing_code_type":"CPT","billing_code_type_version":"2020","billing_code":"87086","description":"CULTURE BACTERIAL QUANTTATIVE COLONY COUNT URINE","allowed_amounts":[{"tin":{"type":"ein","value":"454772236"},"service_code":["22"],"billing_class":"professional","payments":[{"allowed_amount":0.00,"billing_code_modifier":[""],"providers":[{"billed_charge":12.11,"npi":[1063817831,1093942799,1114951647,1255996674,1316328461,1477816502,1518115393,1619229168,1932609864,1972764074]}]}]}]}]}
