{"reporting_entity_name": "IEC Group_DBA AmeriBen",
	"reporting_entity_type": "Third Party Administrator",
	"plan_name": "CORE & MAIN LP",
	"plan_id_type": "ein",
	"plan_id": "030550887",
	"plan_market_type": "group",
	"last_updated_on": "2023-08-01","Version": "1.0.0","out_of_network":[{"name":"BLOOD COUNT COMPLETE AUTOMATED","billing_code_type":"CPT","billing_code_type_version":"2020","billing_code":"85027","description":"BLOOD COUNT COMPLETE AUTOMATED","allowed_amounts":[{"tin":{"type":"ein","value":"863641751"},"service_code":["21"],"billing_class":"professional","payments":[{"allowed_amount":0.00,"billing_code_modifier":[""],"providers":[{"billed_charge":6.00,"npi":[1053379495,1083665863,1215511043,1295088748,1447566534,1831318450]}]}]}]},{"name":"CCPD OPD\/HOME: CCPD COMP OR OTHER RATE","billing_code_type":"RC","billing_code_type_version":"UB04","billing_code":"0851","description":"CCPD OPD\/HOME: CCPD COMP OR OTHER RATE","allowed_amounts":[{"tin":{"type":"ein","value":"431690517"},"service_code":["65"],"billing_class":"institutional","payments":[{"allowed_amount":302.94,"billing_code_modifier":[""],"providers":[{"billed_charge":3750.05,"npi":[1548372444,1619957917]}]}]},{"tin":{"type":"ein","value":"710728066"},"service_code":["65"],"billing_class":"institutional","payments":[{"allowed_amount":242.96,"billing_code_modifier":[""],"providers":[{"billed_charge":3750.05,"npi":[1467564369,1689789984]}]}]},{"tin":{"type":"ein","value":"800060772"},"service_code":["65"],"billing_class":"institutional","payments":[{"allowed_amount":298.55,"billing_code_modifier":[""],"providers":[{"billed_charge":927.74,"npi":[1548232572,1760490510]}]}]},{"tin":{"type":"ein","value":"800060772"},"service_code":["65"],"billing_class":"institutional","payments":[{"allowed_amount":339.39,"billing_code_modifier":[""],"providers":[{"billed_charge":900.72,"npi":[1548232572,1760490510]}]}]},{"tin":{"type":"ein","value":"800060772"},"service_code":["65"],"billing_class":"institutional","payments":[{"allowed_amount":376.05,"billing_code_modifier":[""],"providers":[{"billed_charge":927.74,"npi":[1548232572,1760490510]}]}]}]},{"name":"CHIROPRACTIC MANIPLTV TX EXTRASPINAL 1\/> REGION","billing_code_type":"CPT","billing_code_type_version":"2020","billing_code":"98943","description":"CHIROPRACTIC MANIPLTV TX EXTRASPINAL 1\/> REGION","allowed_amounts":[{"tin":{"type":"ein","value":"272012395"},"service_code":["11"],"billing_class":"professional","payments":[{"allowed_amount":32.68,"billing_code_modifier":[""],"providers":[{"billed_charge":50.00,"npi":[1033110846,1952624611]}]}]}]},{"name":"CHIROPRACTIC MANIPULATIVE TX SPINAL 3-4 REGIONS","billing_code_type":"CPT","billing_code_type_version":"2020","billing_code":"98941","description":"CHIROPRACTIC MANIPULATIVE TX SPINAL 3-4 REGIONS","allowed_amounts":[{"tin":{"type":"ein","value":"272012395"},"service_code":["11"],"billing_class":"professional","payments":[{"allowed_amount":55.00,"billing_code_modifier":[""],"providers":[{"billed_charge":55.00,"npi":[1033110846,1952624611]}]}]}]},{"name":"COLLECTION VENOUS BLOOD VENIPUNCTURE","billing_code_type":"CPT","billing_code_type_version":"2020","billing_code":"36415","description":"COLLECTION VENOUS BLOOD VENIPUNCTURE","allowed_amounts":[{"tin":{"type":"ein","value":"863641751"},"service_code":["21"],"billing_class":"professional","payments":[{"allowed_amount":0.00,"billing_code_modifier":[""],"providers":[{"billed_charge":3.00,"npi":[1083665863,1104189497,1215511043,1295088748,1447566534]}]}]}]},{"name":"CRITICAL CARE ILL\/INJURED PATIENT ADDL 30 MIN","billing_code_type":"CPT","billing_code_type_version":"2020","billing_code":"99292","description":"CRITICAL CARE ILL\/INJURED PATIENT ADDL 30 MIN","allowed_amounts":[{"tin":{"type":"ein","value":"464139530"},"service_code":["21"],"billing_class":"professional","payments":[{"allowed_amount":171.75,"billing_code_modifier":[""],"providers":[{"billed_charge":550.00,"npi":[1265863542,1306322300,1356609259,1386031276,1447250253,1568055481,1568876183,1669068581,1770948044,1982092656]}]}]}]},{"name":"CRITICAL CARE ILL\/INJURED PATIENT INIT 30-74 MIN","billing_code_type":"CPT","billing_code_type_version":"2020","billing_code":"99291","description":"CRITICAL CARE ILL\/INJURED PATIENT INIT 30-74 MIN","allowed_amounts":[{"tin":{"type":"ein","value":"454323821"},"service_code":["21"],"billing_class":"professional","payments":[{"allowed_amount":395.43,"billing_code_modifier":[""],"providers":[{"billed_charge":426.00,"npi":[1235402728,1255005179,1528027786,1982882262]}]}]},{"tin":{"type":"ein","value":"464139530"},"service_code":["21"],"billing_class":"professional","payments":[{"allowed_amount":395.43,"billing_code_modifier":[""],"providers":[{"billed_charge":1100.00,"npi":[1144950494,1194107599,1265863542,1285008508,1285961961,1306322300,1356609259,1386031276,1447250253,1568055481,1568876183,1669068581,1770948044,1780006775,1811635105,1982092656]}]}]}]},{"name":"DRUGS REQUIRE SPECIFIC ID: DRUGS REQUIRING DETAIL","billing_code_type":"RC","billing_code_type_version":"UB04","billing_code":"0636","description":"DRUGS REQUIRE SPECIFIC ID: DRUGS REQUIRING DETAIL","allowed_amounts":[{"tin":{"type":"ein","value":"042975268"},"service_code":["65"],"billing_class":"institutional","payments":[{"allowed_amount":16.04,"billing_code_modifier":[""],"providers":[{"billed_charge":441.99,"npi":[1184860371,1619957917]}]}]},{"tin":{"type":"ein","value":"042975268"},"service_code":["65"],"billing_class":"institutional","payments":[{"allowed_amount":16.58,"billing_code_modifier":[""],"providers":[{"billed_charge":441.99,"npi":[1184860371,1619957917]}]}]},{"tin":{"type":"ein","value":"364801138"},"service_code":["65"],"billing_class":"institutional","payments":[{"allowed_amount":9.15,"billing_code_modifier":[""],"providers":[{"billed_charge":511.20,"npi":[1104200757,1881806206]}]}]},{"tin":{"type":"ein","value":"710728066"},"service_code":["65"],"billing_class":"institutional","payments":[{"allowed_amount":8.44,"billing_code_modifier":[""],"providers":[{"billed_charge":309.39,"npi":[1467564369,1689789984]}]}]},{"tin":{"type":"ein","value":"710728066"},"service_code":["65"],"billing_class":"institutional","payments":[{"allowed_amount":8.53,"billing_code_modifier":[""],"providers":[{"billed_charge":309.39,"npi":[1467564369,1689789984]}]}]},{"tin":{"type":"ein","value":"710728066"},"service_code":["65"],"billing_class":"institutional","payments":[{"allowed_amount":8.70,"billing_code_modifier":[""],"providers":[{"billed_charge":309.39,"npi":[1467564369,1689789984]}]}]},{"tin":{"type":"ein","value":"710728066"},"service_code":["65"],"billing_class":"institutional","payments":[{"allowed_amount":8.73,"billing_code_modifier":[""],"providers":[{"billed_charge":309.39,"npi":[1467564369,1689789984]}]}]},{"tin":{"type":"ein","value":"710728066"},"service_code":["65"],"billing_class":"institutional","payments":[{"allowed_amount":8.93,"billing_code_modifier":[""],"providers":[{"billed_charge":324.13,"npi":[1467564369,1689789984]}]}]},{"tin":{"type":"ein","value":"710728066"},"service_code":["65"],"billing_class":"institutional","payments":[{"allowed_amount":9.15,"billing_code_modifier":[""],"providers":[{"billed_charge":324.13,"npi":[1467564369,1689789984]}]}]},{"tin":{"type":"ein","value":"710728066"},"service_code":["65"],"billing_class":"institutional","payments":[{"allowed_amount":10.59,"billing_code_modifier":[""],"providers":[{"billed_charge":280.60,"npi":[1467564369,1689789984]}]}]},{"tin":{"type":"ein","value":"710728066"},"service_code":["65"],"billing_class":"institutional","payments":[{"allowed_amount":11.12,"billing_code_modifier":[""],"providers":[{"billed_charge":294.63,"npi":[1467564369,1689789984]}]}]},{"tin":{"type":"ein","value":"710728066"},"service_code":["65"],"billing_class":"institutional","payments":[{"allowed_amount":11.65,"billing_code_modifier":[""],"providers":[{"billed_charge":308.66,"npi":[1467564369,1689789984]}]}]},{"tin":{"type":"ein","value":"710728066"},"service_code":["65"],"billing_class":"institutional","payments":[{"allowed_amount":24.48,"billing_code_modifier":[""],"providers":[{"billed_charge":294.63,"npi":[1467564369,1689789984]}]}]},{"tin":{"type":"ein","value":"710728066"},"service_code":["65"],"billing_class":"institutional","payments":[{"allowed_amount":25.65,"billing_code_modifier":[""],"providers":[{"billed_charge":308.66,"npi":[1467564369,1689789984]}]}]}]},{"name":"EMERGENCY ROOM","billing_code_type":"RC","billing_code_type_version":"UB04","billing_code":"0450","description":"EMERGENCY ROOM","allowed_amounts":[{"tin":{"type":"ein","value":"141338544"},"service_code":["21"],"billing_class":"institutional","payments":[{"allowed_amount":0.00,"billing_code_modifier":[""],"providers":[{"billed_charge":1225.00,"npi":[1043267727,1205826088,1366436230]}]}]},{"tin":{"type":"ein","value":"204193243"},"service_code":["21"],"billing_class":"institutional","payments":[{"allowed_amount":0.00,"billing_code_modifier":[""],"providers":[{"billed_charge":3826.75,"npi":[1104192590]}]}]},{"tin":{"type":"ein","value":"204993360"},"service_code":["21"],"billing_class":"institutional","payments":[{"allowed_amount":0.00,"billing_code_modifier":[""],"providers":[{"billed_charge":5980.00,"npi":[1164716429,1487771812,1801270699]}]}]},{"tin":{"type":"ein","value":"346004382"},"service_code":["21"],"billing_class":"institutional","payments":[{"allowed_amount":0.00,"billing_code_modifier":[""],"providers":[{"billed_charge":2626.00,"npi":[1578853198,1700828852,1952667289]}]}]},{"tin":{"type":"ein","value":"381459362"},"service_code":["21"],"billing_class":"institutional","payments":[{"allowed_amount":0.00,"billing_code_modifier":[""],"providers":[{"billed_charge":3519.00,"npi":[1427289883,1689653305]}]}]},{"tin":{"type":"ein","value":"430653493"},"service_code":["21"],"billing_class":"institutional","payments":[{"allowed_amount":0.00,"billing_code_modifier":[""],"providers":[{"billed_charge":2568.00,"npi":[1124393467,1427098169]}]}]},{"tin":{"type":"ein","value":"566017737"},"service_code":["21"],"billing_class":"institutional","payments":[{"allowed_amount":0.00,"billing_code_modifier":[""],"providers":[{"billed_charge":6000.00,"npi":[1972579837]}]}]},{"tin":{"type":"ein","value":"611269295"},"service_code":["21"],"billing_class":"institutional","payments":[{"allowed_amount":0.00,"billing_code_modifier":[""],"providers":[{"billed_charge":13534.00,"npi":[1689611501,1720583792,1972525327]}]}]},{"tin":{"type":"ein","value":"840482695"},"service_code":["21"],"billing_class":"institutional","payments":[{"allowed_amount":0.00,"billing_code_modifier":[""],"providers":[{"billed_charge":6337.02,"npi":[1629071758]}]}]},{"tin":{"type":"ein","value":"910652651"},"service_code":["21"],"billing_class":"institutional","payments":[{"allowed_amount":0.00,"billing_code_modifier":[""],"providers":[{"billed_charge":5988.00,"npi":[1861432726]}]}]},{"tin":{"type":"ein","value":"942854057"},"service_code":["21"],"billing_class":"institutional","payments":[{"allowed_amount":0.00,"billing_code_modifier":[""],"providers":[{"billed_charge":3702.41,"npi":[1194749580]}]}]}]},{"name":"HEMO OPD\/HOME: HEMODIALYSIS COMP OR OTHER RATE","billing_code_type":"RC","billing_code_type_version":"UB04","billing_code":"0821","description":"HEMO OPD\/HOME: HEMODIALYSIS COMP OR OTHER RATE","allowed_amounts":[{"tin":{"type":"ein","value":"042975268"},"service_code":["65"],"billing_class":"institutional","payments":[{"allowed_amount":260.48,"billing_code_modifier":[""],"providers":[{"billed_charge":8010.89,"npi":[1184860371,1619957917]}]}]},{"tin":{"type":"ein","value":"042975268"},"service_code":["65"],"billing_class":"institutional","payments":[{"allowed_amount":305.41,"billing_code_modifier":[""],"providers":[{"billed_charge":8411.43,"npi":[1184860371,1619957917]}]}]},{"tin":{"type":"ein","value":"042975268"},"service_code":["65"],"billing_class":"institutional","payments":[{"allowed_amount":315.64,"billing_code_modifier":[""],"providers":[{"billed_charge":8411.43,"npi":[1184860371,1619957917]}]}]},{"tin":{"type":"ein","value":"710728066"},"service_code":["65"],"billing_class":"institutional","payments":[{"allowed_amount":302.26,"billing_code_modifier":[""],"providers":[{"billed_charge":8010.89,"npi":[1467564369,1689789984]}]}]},{"tin":{"type":"ein","value":"710728066"},"service_code":["65"],"billing_class":"institutional","payments":[{"allowed_amount":318.12,"billing_code_modifier":[""],"providers":[{"billed_charge":8010.89,"npi":[1467564369,1689789984]},{"billed_charge":8411.43,"npi":[1467564369,1689789984]}]},{"allowed_amount":318.12,"billing_code_modifier":[""],"providers":[{"billed_charge":8010.89,"npi":[1467564369,1689789984]},{"billed_charge":8411.43,"npi":[1467564369,1689789984]}]}]},{"tin":{"type":"ein","value":"710728066"},"service_code":["65"],"billing_class":"institutional","payments":[{"allowed_amount":318.12,"billing_code_modifier":[""],"providers":[{"billed_charge":8010.89,"npi":[1467564369,1689789984]},{"billed_charge":8411.43,"npi":[1467564369,1689789984]}]},{"allowed_amount":318.12,"billing_code_modifier":[""],"providers":[{"billed_charge":8010.89,"npi":[1467564369,1689789984]},{"billed_charge":8411.43,"npi":[1467564369,1689789984]}]}]},{"tin":{"type":"ein","value":"710728066"},"service_code":["65"],"billing_class":"institutional","payments":[{"allowed_amount":665.82,"billing_code_modifier":[""],"providers":[{"billed_charge":8010.89,"npi":[1467564369,1689789984]}]}]}]},{"name":"LABORATORY - CLINICAL DIAGNOSTIC","billing_code_type":"RC","billing_code_type_version":"UB04","billing_code":"0300","description":"LABORATORY - CLINICAL DIAGNOSTIC","allowed_amounts":[{"tin":{"type":"ein","value":"141338544"},"service_code":["21"],"billing_class":"institutional","payments":[{"allowed_amount":0.00,"billing_code_modifier":[""],"providers":[{"billed_charge":576.00,"npi":[1043267727,1205826088,1366436230]}]}]},{"tin":{"type":"ein","value":"204193243"},"service_code":["21"],"billing_class":"institutional","payments":[{"allowed_amount":0.00,"billing_code_modifier":[""],"providers":[{"billed_charge":599.85,"npi":[1104192590]}]}]},{"tin":{"type":"ein","value":"204993360"},"service_code":["21"],"billing_class":"institutional","payments":[{"allowed_amount":0.00,"billing_code_modifier":[""],"providers":[{"billed_charge":9198.00,"npi":[1164716429,1487771812,1801270699]}]}]},{"tin":{"type":"ein","value":"346004382"},"service_code":["21"],"billing_class":"institutional","payments":[{"allowed_amount":0.00,"billing_code_modifier":[""],"providers":[{"billed_charge":104.00,"npi":[1578853198,1700828852,1952667289]}]}]},{"tin":{"type":"ein","value":"381459362"},"service_code":["21"],"billing_class":"institutional","payments":[{"allowed_amount":0.00,"billing_code_modifier":[""],"providers":[{"billed_charge":28.00,"npi":[1427289883,1689653305]}]}]},{"tin":{"type":"ein","value":"430653493"},"service_code":["21"],"billing_class":"institutional","payments":[{"allowed_amount":0.00,"billing_code_modifier":[""],"providers":[{"billed_charge":8.00,"npi":[1124393467,1427098169]}]}]},{"tin":{"type":"ein","value":"474187773"},"service_code":["23"],"billing_class":"institutional","payments":[{"allowed_amount":0.00,"billing_code_modifier":[""],"providers":[{"billed_charge":221.95,"npi":[1619321742]}]}]},{"tin":{"type":"ein","value":"566017737"},"service_code":["21"],"billing_class":"institutional","payments":[{"allowed_amount":0.00,"billing_code_modifier":[""],"providers":[{"billed_charge":24.00,"npi":[1972579837]}]}]},{"tin":{"type":"ein","value":"611269295"},"service_code":["21"],"billing_class":"institutional","payments":[{"allowed_amount":0.00,"billing_code_modifier":[""],"providers":[{"billed_charge":1188.00,"npi":[1689611501,1720583792,1972525327]}]}]},{"tin":{"type":"ein","value":"840482695"},"service_code":["21"],"billing_class":"institutional","payments":[{"allowed_amount":0.00,"billing_code_modifier":[""],"providers":[{"billed_charge":185.96,"npi":[1629071758]}]}]},{"tin":{"type":"ein","value":"910652651"},"service_code":["21"],"billing_class":"institutional","payments":[{"allowed_amount":0.00,"billing_code_modifier":[""],"providers":[{"billed_charge":1165.00,"npi":[1861432726]}]}]},{"tin":{"type":"ein","value":"942854057"},"service_code":["21"],"billing_class":"institutional","payments":[{"allowed_amount":0.00,"billing_code_modifier":[""],"providers":[{"billed_charge":1938.69,"npi":[1194749580]}]}]}]},{"name":"LABORATORY - CLINICAL DIAGNOSTIC: CHEMISTRY","billing_code_type":"RC","billing_code_type_version":"UB04","billing_code":"0301","description":"LABORATORY - CLINICAL DIAGNOSTIC: CHEMISTRY","allowed_amounts":[{"tin":{"type":"ein","value":"141338544"},"service_code":["21"],"billing_class":"institutional","payments":[{"allowed_amount":0.00,"billing_code_modifier":[""],"providers":[{"billed_charge":1841.00,"npi":[1043267727,1205826088,1366436230]}]}]},{"tin":{"type":"ein","value":"204193243"},"service_code":["21"],"billing_class":"institutional","payments":[{"allowed_amount":0.00,"billing_code_modifier":[""],"providers":[{"billed_charge":1070.18,"npi":[1104192590]}]}]},{"tin":{"type":"ein","value":"204993360"},"service_code":["21"],"billing_class":"institutional","payments":[{"allowed_amount":0.00,"billing_code_modifier":[""],"providers":[{"billed_charge":15274.00,"npi":[1164716429,1487771812,1801270699]}]}]},{"tin":{"type":"ein","value":"346004382"},"service_code":["21"],"billing_class":"institutional","payments":[{"allowed_amount":0.00,"billing_code_modifier":[""],"providers":[{"billed_charge":1443.00,"npi":[1578853198,1700828852,1952667289]}]}]},{"tin":{"type":"ein","value":"381459362"},"service_code":["21"],"billing_class":"institutional","payments":[{"allowed_amount":0.00,"billing_code_modifier":[""],"providers":[{"billed_charge":484.00,"npi":[1427289883,1689653305]}]}]},{"tin":{"type":"ein","value":"430653493"},"service_code":["21"],"billing_class":"institutional","payments":[{"allowed_amount":0.00,"billing_code_modifier":[""],"providers":[{"billed_charge":175.00,"npi":[1124393467,1427098169]}]}]},{"tin":{"type":"ein","value":"566017737"},"service_code":["21"],"billing_class":"institutional","payments":[{"allowed_amount":0.00,"billing_code_modifier":[""],"providers":[{"billed_charge":1560.11,"npi":[1972579837]}]}]},{"tin":{"type":"ein","value":"611269295"},"service_code":["21"],"billing_class":"institutional","payments":[{"allowed_amount":0.00,"billing_code_modifier":[""],"providers":[{"billed_charge":29940.00,"npi":[1689611501,1720583792,1972525327]}]}]},{"tin":{"type":"ein","value":"840482695"},"service_code":["21"],"billing_class":"institutional","payments":[{"allowed_amount":0.00,"billing_code_modifier":[""],"providers":[{"billed_charge":767.94,"npi":[1629071758]}]}]},{"tin":{"type":"ein","value":"910652651"},"service_code":["21"],"billing_class":"institutional","payments":[{"allowed_amount":0.00,"billing_code_modifier":[""],"providers":[{"billed_charge":7448.20,"npi":[1861432726]}]}]}]},{"name":"MANUAL THERAPY TQS 1\/> REGIONS EACH 15 MINUTES","billing_code_type":"CPT","billing_code_type_version":"2020","billing_code":"97140","description":"MANUAL THERAPY TQS 1\/> REGIONS EACH 15 MINUTES","allowed_amounts":[{"tin":{"type":"ein","value":"522372304"},"service_code":["11"],"billing_class":"professional","payments":[{"allowed_amount":46.19,"billing_code_modifier":[""],"providers":[{"billed_charge":50.00,"npi":[1730119074,1841330701,1851589402]}]}]}]},{"name":"MEDICAL\/SURGICAL SUPPLIES","billing_code_type":"RC","billing_code_type_version":"UB04","billing_code":"0270","description":"MEDICAL\/SURGICAL SUPPLIES","allowed_amounts":[{"tin":{"type":"ein","value":"042975268"},"service_code":["65"],"billing_class":"institutional","payments":[{"allowed_amount":4.40,"billing_code_modifier":[""],"providers":[{"billed_charge":135.24,"npi":[1184860371,1619957917]}]}]},{"tin":{"type":"ein","value":"042975268"},"service_code":["65"],"billing_class":"institutional","payments":[{"allowed_amount":5.15,"billing_code_modifier":[""],"providers":[{"billed_charge":142.00,"npi":[1184860371,1619957917]}]}]},{"tin":{"type":"ein","value":"042975268"},"service_code":["65"],"billing_class":"institutional","payments":[{"allowed_amount":5.33,"billing_code_modifier":[""],"providers":[{"billed_charge":142.00,"npi":[1184860371,1619957917]}]}]},{"tin":{"type":"ein","value":"710728066"},"service_code":["65"],"billing_class":"institutional","payments":[{"allowed_amount":2.51,"billing_code_modifier":[""],"providers":[{"billed_charge":135.24,"npi":[1467564369,1689789984]}]}]},{"tin":{"type":"ein","value":"710728066"},"service_code":["65"],"billing_class":"institutional","payments":[{"allowed_amount":3.87,"billing_code_modifier":[""],"providers":[{"billed_charge":142.00,"npi":[1467564369,1689789984]}]}]},{"tin":{"type":"ein","value":"710728066"},"service_code":["65"],"billing_class":"institutional","payments":[{"allowed_amount":3.92,"billing_code_modifier":[""],"providers":[{"billed_charge":142.00,"npi":[1467564369,1689789984]}]}]},{"tin":{"type":"ein","value":"710728066"},"service_code":["65"],"billing_class":"institutional","payments":[{"allowed_amount":4.00,"billing_code_modifier":[""],"providers":[{"billed_charge":142.00,"npi":[1467564369,1689789984]}]}]},{"tin":{"type":"ein","value":"710728066"},"service_code":["65"],"billing_class":"institutional","payments":[{"allowed_amount":4.01,"billing_code_modifier":[""],"providers":[{"billed_charge":142.00,"npi":[1467564369,1689789984]}]}]},{"tin":{"type":"ein","value":"710728066"},"service_code":["65"],"billing_class":"institutional","payments":[{"allowed_amount":4.05,"billing_code_modifier":[""],"providers":[{"billed_charge":142.00,"npi":[1467564369,1689789984]}]}]},{"tin":{"type":"ein","value":"710728066"},"service_code":["65"],"billing_class":"institutional","payments":[{"allowed_amount":4.41,"billing_code_modifier":[""],"providers":[{"billed_charge":142.00,"npi":[1467564369,1689789984]}]}]},{"tin":{"type":"ein","value":"710728066"},"service_code":["65"],"billing_class":"institutional","payments":[{"allowed_amount":4.42,"billing_code_modifier":[""],"providers":[{"billed_charge":135.24,"npi":[1467564369,1689789984]}]}]},{"tin":{"type":"ein","value":"710728066"},"service_code":["65"],"billing_class":"institutional","payments":[{"allowed_amount":5.10,"billing_code_modifier":[""],"providers":[{"billed_charge":135.24,"npi":[1467564369,1689789984]}]}]},{"tin":{"type":"ein","value":"710728066"},"service_code":["65"],"billing_class":"institutional","payments":[{"allowed_amount":11.24,"billing_code_modifier":[""],"providers":[{"billed_charge":135.24,"npi":[1467564369,1689789984]}]}]}]},{"name":"PHARMACY","billing_code_type":"RC","billing_code_type_version":"UB04","billing_code":"0250","description":"PHARMACY","allowed_amounts":[{"tin":{"type":"ein","value":"133964321"},"service_code":["23"],"billing_class":"institutional","payments":[{"allowed_amount":6.08,"billing_code_modifier":[""],"providers":[{"billed_charge":8.00,"npi":[1598181091]}]}]},{"tin":{"type":"ein","value":"141338544"},"service_code":["21"],"billing_class":"institutional","payments":[{"allowed_amount":0.00,"billing_code_modifier":[""],"providers":[{"billed_charge":896.05,"npi":[1043267727,1205826088,1366436230]}]}]},{"tin":{"type":"ein","value":"204193243"},"service_code":["21"],"billing_class":"institutional","payments":[{"allowed_amount":0.00,"billing_code_modifier":[""],"providers":[{"billed_charge":476.25,"npi":[1104192590]}]}]},{"tin":{"type":"ein","value":"204993360"},"service_code":["21"],"billing_class":"institutional","payments":[{"allowed_amount":0.00,"billing_code_modifier":[""],"providers":[{"billed_charge":5935.00,"npi":[1164716429,1487771812,1801270699]}]}]},{"tin":{"type":"ein","value":"311518658"},"service_code":["23"],"billing_class":"institutional","payments":[{"allowed_amount":3.04,"billing_code_modifier":[""],"providers":[{"billed_charge":4.00,"npi":[1326452111,1770957185,1821093071]}]}]},{"tin":{"type":"ein","value":"311518658"},"service_code":["23"],"billing_class":"institutional","payments":[{"allowed_amount":6.08,"billing_code_modifier":[""],"providers":[{"billed_charge":8.00,"npi":[1770957185,1821093071]}]}]},{"tin":{"type":"ein","value":"346004382"},"service_code":["21"],"billing_class":"institutional","payments":[{"allowed_amount":0.00,"billing_code_modifier":[""],"providers":[{"billed_charge":903.00,"npi":[1578853198,1700828852,1952667289]}]}]},{"tin":{"type":"ein","value":"381459362"},"service_code":["21"],"billing_class":"institutional","payments":[{"allowed_amount":0.00,"billing_code_modifier":[""],"providers":[{"billed_charge":178.55,"npi":[1427289883,1689653305]}]}]},{"tin":{"type":"ein","value":"420680452"},"service_code":["23"],"billing_class":"institutional","payments":[{"allowed_amount":3.04,"billing_code_modifier":[""],"providers":[{"billed_charge":4.00,"npi":[1396837951]}]}]},{"tin":{"type":"ein","value":"430653493"},"service_code":["21"],"billing_class":"institutional","payments":[{"allowed_amount":0.00,"billing_code_modifier":[""],"providers":[{"billed_charge":2.26,"npi":[1124393467,1427098169]}]}]},{"tin":{"type":"ein","value":"474187773"},"service_code":["23"],"billing_class":"institutional","payments":[{"allowed_amount":0.00,"billing_code_modifier":[""],"providers":[{"billed_charge":3.45,"npi":[1619321742]},{"billed_charge":9.73,"npi":[1619321742]}]},{"allowed_amount":0.00,"billing_code_modifier":[""],"providers":[{"billed_charge":3.45,"npi":[1619321742]},{"billed_charge":9.73,"npi":[1619321742]}]}]},{"tin":{"type":"ein","value":"474187773"},"service_code":["23"],"billing_class":"institutional","payments":[{"allowed_amount":0.00,"billing_code_modifier":[""],"providers":[{"billed_charge":3.45,"npi":[1619321742]},{"billed_charge":9.73,"npi":[1619321742]}]},{"allowed_amount":0.00,"billing_code_modifier":[""],"providers":[{"billed_charge":3.45,"npi":[1619321742]},{"billed_charge":9.73,"npi":[1619321742]}]}]},{"tin":{"type":"ein","value":"566017737"},"service_code":["21"],"billing_class":"institutional","payments":[{"allowed_amount":0.00,"billing_code_modifier":[""],"providers":[{"billed_charge":2118.08,"npi":[1972579837]}]}]},{"tin":{"type":"ein","value":"611269295"},"service_code":["21"],"billing_class":"institutional","payments":[{"allowed_amount":0.00,"billing_code_modifier":[""],"providers":[{"billed_charge":8170.00,"npi":[1689611501,1720583792,1972525327]}]}]},{"tin":{"type":"ein","value":"651191375"},"service_code":["23"],"billing_class":"institutional","payments":[{"allowed_amount":6.08,"billing_code_modifier":[""],"providers":[{"billed_charge":8.00,"npi":[1922116037]}]}]},{"tin":{"type":"ein","value":"840482695"},"service_code":["21"],"billing_class":"institutional","payments":[{"allowed_amount":0.00,"billing_code_modifier":[""],"providers":[{"billed_charge":750.35,"npi":[1629071758]}]}]},{"tin":{"type":"ein","value":"910652651"},"service_code":["21"],"billing_class":"institutional","payments":[{"allowed_amount":0.00,"billing_code_modifier":[""],"providers":[{"billed_charge":1672.64,"npi":[1861432726]}]}]},{"tin":{"type":"ein","value":"942854057"},"service_code":["21"],"billing_class":"institutional","payments":[{"allowed_amount":0.00,"billing_code_modifier":[""],"providers":[{"billed_charge":2503.37,"npi":[1194749580]}]}]}]},{"name":"THER PX 1\/> AREAS EACH 15 MIN NEUROMUSC REEDUCA","billing_code_type":"CPT","billing_code_type_version":"2020","billing_code":"97112","description":"THER PX 1\/> AREAS EACH 15 MIN NEUROMUSC REEDUCA","allowed_amounts":[{"tin":{"type":"ein","value":"522372304"},"service_code":["11"],"billing_class":"professional","payments":[{"allowed_amount":46.19,"billing_code_modifier":[""],"providers":[{"billed_charge":50.00,"npi":[1730119074,1841330701,1851589402]}]}]}]},{"name":"THER PX 1\/> AREAS EACH 15 MINUTES MASSAGE","billing_code_type":"CPT","billing_code_type_version":"2020","billing_code":"97124","description":"THER PX 1\/> AREAS EACH 15 MINUTES MASSAGE","allowed_amounts":[{"tin":{"type":"ein","value":"272012395"},"service_code":["11"],"billing_class":"professional","payments":[{"allowed_amount":120.00,"billing_code_modifier":[""],"providers":[{"billed_charge":120.00,"npi":[1033110846,1952624611]}]}]}]},{"name":"THERAPEUT ACTVITY DIRECT PT CONTACT EACH 15 MIN","billing_code_type":"CPT","billing_code_type_version":"2020","billing_code":"97530","description":"THERAPEUT ACTVITY DIRECT PT CONTACT EACH 15 MIN","allowed_amounts":[{"tin":{"type":"ein","value":"522372304"},"service_code":["11"],"billing_class":"professional","payments":[{"allowed_amount":92.36,"billing_code_modifier":[""],"providers":[{"billed_charge":100.00,"npi":[1730119074,1841330701,1851589402]}]}]}]},{"name":"THERAPEUTIC PX 1\/> AREAS EACH 15 MIN EXERCISES","billing_code_type":"CPT","billing_code_type_version":"2020","billing_code":"97110","description":"THERAPEUTIC PX 1\/> AREAS EACH 15 MIN EXERCISES","allowed_amounts":[{"tin":{"type":"ein","value":"272012395"},"service_code":["11"],"billing_class":"professional","payments":[{"allowed_amount":80.00,"billing_code_modifier":[""],"providers":[{"billed_charge":80.00,"npi":[1033110846,1952624611]}]}]}]}]}
