{"reporting_entity_name": "IEC Group_DBA AmeriBen",
	"reporting_entity_type": "Third Party Administrator",
	"plan_name": "ROBINSON HELICOPTER COMPANY",
	"plan_id_type": "ein",
	"plan_id": "952834107",
	"plan_market_type": "group",
	"last_updated_on": "2024-05-02","Version": "1.0.0","out_of_network":[{"name":"CRITICAL CARE ILL\/INJURED PATIENT INIT 30-74 MIN","billing_code_type":"CPT","billing_code_type_version":"2020","billing_code":"99291","description":"CRITICAL CARE ILL\/INJURED PATIENT INIT 30-74 MIN","allowed_amounts":[{"tin":{"type":"ein","value":"951750445"},"service_code":["21"],"billing_class":"professional","payments":[{"allowed_amount":305.34,"billing_code_modifier":[""],"providers":[{"billed_charge":1323.00,"npi":[1316127624,1336294040,1598797011,1972651941]}]}]},{"tin":{"type":"ein","value":"954481360"},"service_code":["23"],"billing_class":"professional","payments":[{"allowed_amount":305.34,"billing_code_modifier":[""],"providers":[{"billed_charge":985.00,"npi":[1518917913,1750368577,1902844988]}]}]}]},{"name":"EMERGENCY DEPARTMENT VISIT HIGH MDM","billing_code_type":"CPT","billing_code_type_version":"2020","billing_code":"99285","description":"EMERGENCY DEPARTMENT VISIT HIGH MDM","allowed_amounts":[{"tin":{"type":"ein","value":"330729128"},"service_code":["23"],"billing_class":"professional","payments":[{"allowed_amount":264.56,"billing_code_modifier":[""],"providers":[{"billed_charge":1361.95,"npi":[1073542916,1275829665,1992752315]}]}]},{"tin":{"type":"ein","value":"850806620"},"service_code":["23"],"billing_class":"professional","payments":[{"allowed_amount":264.56,"billing_code_modifier":[""],"providers":[{"billed_charge":915.00,"npi":[1194107169,1316989791,1518588433,1861424152]}]}]},{"tin":{"type":"ein","value":"953192932"},"service_code":["23"],"billing_class":"professional","payments":[{"allowed_amount":264.56,"billing_code_modifier":[""],"providers":[{"billed_charge":829.00,"npi":[1194767814,1871535286]}]}]},{"tin":{"type":"ein","value":"954481360"},"service_code":["23"],"billing_class":"professional","payments":[{"allowed_amount":264.56,"billing_code_modifier":[""],"providers":[{"billed_charge":796.00,"npi":[1245268119,1518151968,1518917913,1770528945,1902844988]}]}]},{"tin":{"type":"ein","value":"954534163"},"service_code":["23"],"billing_class":"professional","payments":[{"allowed_amount":264.56,"billing_code_modifier":[""],"providers":[{"billed_charge":746.00,"npi":[1013334168,1124211248,1184048712,1225148042,1235363193,1265798433,1467459776,1487882841,1922030238]}]}]}]},{"name":"EMERGENCY DEPARTMENT VISIT MODERATE MDM","billing_code_type":"CPT","billing_code_type_version":"2020","billing_code":"99284","description":"EMERGENCY DEPARTMENT VISIT MODERATE MDM","allowed_amounts":[{"tin":{"type":"ein","value":"451833448"},"service_code":["23"],"billing_class":"professional","payments":[{"allowed_amount":175.40,"billing_code_modifier":[""],"providers":[{"billed_charge":1130.00,"npi":[1063412005,1376834937,1972233393]}]}]},{"tin":{"type":"ein","value":"462710304"},"service_code":["23"],"billing_class":"professional","payments":[{"allowed_amount":175.40,"billing_code_modifier":[""],"providers":[{"billed_charge":762.00,"npi":[1679907869,1710273073,1831188275]}]}]},{"tin":{"type":"ein","value":"953192932"},"service_code":["23"],"billing_class":"professional","payments":[{"allowed_amount":175.40,"billing_code_modifier":[""],"providers":[{"billed_charge":563.00,"npi":[1265433551,1629575014,1871535286]}]}]},{"tin":{"type":"ein","value":"954481360"},"service_code":["23"],"billing_class":"professional","payments":[{"allowed_amount":175.40,"billing_code_modifier":[""],"providers":[{"billed_charge":551.00,"npi":[1164467320,1255373924,1518917913,1902844988]}]}]},{"tin":{"type":"ein","value":"954534163"},"service_code":["23"],"billing_class":"professional","payments":[{"allowed_amount":175.40,"billing_code_modifier":[""],"providers":[{"billed_charge":515.00,"npi":[1124123054,1184048712,1184974842,1265798433,1285925271,1467459776]}]}]},{"tin":{"type":"ein","value":"956000927"},"service_code":["23"],"billing_class":"professional","payments":[{"allowed_amount":175.40,"billing_code_modifier":[""],"providers":[{"billed_charge":1626.00,"npi":[1477751907,1487865184]}]}]}]},{"name":"RADIOLOGIC EXAM CHEST SINGLE VIEW","billing_code_type":"CPT","billing_code_type_version":"2020","billing_code":"71045","description":"RADIOLOGIC EXAM CHEST SINGLE VIEW","allowed_amounts":[{"tin":{"type":"ein","value":"951750445"},"service_code":["21"],"billing_class":"professional","payments":[{"allowed_amount":17.29,"billing_code_modifier":[""],"providers":[{"billed_charge":31.00,"npi":[1205903135,1336294040,1588822696,1598797011,1609076546,1760910822]}]}]},{"tin":{"type":"ein","value":"956000927"},"service_code":["21"],"billing_class":"professional","payments":[{"allowed_amount":17.29,"billing_code_modifier":[""],"providers":[{"billed_charge":100.00,"npi":[1487865184,1568414175,1720259476,1780703900]}]}]}]},{"name":"RHYTHM ECG 1-3 LEADS INTERPRETATION & REPRT ON","billing_code_type":"CPT","billing_code_type_version":"2020","billing_code":"93042","description":"RHYTHM ECG 1-3 LEADS INTERPRETATION & REPRT ON","allowed_amounts":[{"tin":{"type":"ein","value":"954534163"},"service_code":["23"],"billing_class":"professional","payments":[{"allowed_amount":0.00,"billing_code_modifier":[""],"providers":[{"billed_charge":29.00,"npi":[1013334168,1043773930,1124211248,1184048712,1376164996,1467459776,1932668076,1952863474]}]}]}]},{"name":"SBSQ HOSPITAL IP\/OBS CARE MOD MDM 35 MINUTES","billing_code_type":"CPT","billing_code_type_version":"2020","billing_code":"99232","description":"SBSQ HOSPITAL IP\/OBS CARE MOD MDM 35 MINUTES","allowed_amounts":[{"tin":{"type":"ein","value":"462270609"},"service_code":["21"],"billing_class":"professional","payments":[{"allowed_amount":84.32,"billing_code_modifier":[""],"providers":[{"billed_charge":600.00,"npi":[1215247978,1255462248,1396751541,1861835357]}]}]},{"tin":{"type":"ein","value":"619112327"},"service_code":["21"],"billing_class":"professional","payments":[{"allowed_amount":84.32,"billing_code_modifier":[""],"providers":[{"billed_charge":170.00,"npi":[1124198312,1215247978,1255462248]}]}]},{"tin":{"type":"ein","value":"951750445"},"service_code":["21"],"billing_class":"professional","payments":[{"allowed_amount":84.32,"billing_code_modifier":[""],"providers":[{"billed_charge":184.00,"npi":[1336294040,1598797011,1669660684]}]}]},{"tin":{"type":"ein","value":"956000927"},"service_code":["21"],"billing_class":"professional","payments":[{"allowed_amount":84.32,"billing_code_modifier":[""],"providers":[{"billed_charge":234.00,"npi":[1487865184,1548310840]}]}]}]},{"name":"SERVICES PROVIDED BTW 10 PM&8 AM AT 24-HR FACI","billing_code_type":"CPT","billing_code_type_version":"2020","billing_code":"99053","description":"SERVICES PROVIDED BTW 10 PM&8 AM AT 24-HR FACI","allowed_amounts":[{"tin":{"type":"ein","value":"273216910"},"service_code":["23"],"billing_class":"professional","payments":[{"allowed_amount":0.00,"billing_code_modifier":[""],"providers":[{"billed_charge":107.00,"npi":[1457318164,1851396576,1932640935]}]}]},{"tin":{"type":"ein","value":"954534163"},"service_code":["23"],"billing_class":"professional","payments":[{"allowed_amount":0.00,"billing_code_modifier":[""],"providers":[{"billed_charge":100.00,"npi":[1124123054,1184048712,1184974842,1225148042,1285925271,1376164996,1467459776,1922030238]}]}]}]}]}
