{"reporting_entity_name": "IEC Group_DBA AmeriBen",
	"reporting_entity_type": "Third Party Administrator",
	"plan_name": "BATTELLE MEMORIAL INSTITUTE",
	"plan_id_type": "ein",
	"plan_id": "314379427",
	"plan_market_type": "group",
	"last_updated_on": "2023-10-01","Version": "1.0.0","out_of_network":[{"name":"ADDL SUPL MATRL&STAF TM DRG PHE RES-TR NFCT DS","billing_code_type":"CPT","billing_code_type_version":"2020","billing_code":"99072","description":"ADDL SUPL MATRL&STAF TM DRG PHE RES-TR NFCT DS","allowed_amounts":[{"tin":{"type":"ein","value":"822515119"},"service_code":["11"],"billing_class":"professional","payments":[{"allowed_amount":0.00,"billing_code_modifier":[""],"providers":[{"billed_charge":6.57,"npi":[1104975358,1336795624,1437642204]}]}]},{"tin":{"type":"ein","value":"911385504"},"service_code":["81"],"billing_class":"professional","payments":[{"allowed_amount":0.00,"billing_code_modifier":[""],"providers":[{"billed_charge":20.00,"npi":[1134721756,1740472109]}]}]},{"tin":{"type":"ein","value":"465607574"},"service_code":["11"],"billing_class":"professional","payments":[{"allowed_amount":0.00,"billing_code_modifier":[""],"providers":[{"billed_charge":30.00,"npi":[1184780520,1568474062]}]}]},{"tin":{"type":"ein","value":"471151470"},"service_code":["20"],"billing_class":"professional","payments":[{"allowed_amount":0.00,"billing_code_modifier":[""],"providers":[{"billed_charge":25.00,"npi":[1689236622,1801204656,1902106966]}]}]}]},{"name":"COMPREHENSIVE METABOLIC PANEL","billing_code_type":"CPT","billing_code_type_version":"2020","billing_code":"80053","description":"COMPREHENSIVE METABOLIC PANEL","allowed_amounts":[{"tin":{"type":"ein","value":"454772236"},"service_code":["21","22","23"],"billing_class":"professional","payments":[{"allowed_amount":0.00,"billing_code_modifier":[""],"providers":[{"billed_charge":20.00,"npi":[1114378684,1144615857,1427224575,1619229168,1639149966,1649567157,1659351344,1821436080,1962603829]}]}]}]},{"name":"IADNA NOS AMPLIFIED PROBE TQ EACH ORGANISM","billing_code_type":"CPT","billing_code_type_version":"2020","billing_code":"87798","description":"IADNA NOS AMPLIFIED PROBE TQ EACH ORGANISM","allowed_amounts":[{"tin":{"type":"ein","value":"561565047"},"service_code":["81"],"billing_class":"professional","payments":[{"allowed_amount":14.73,"billing_code_modifier":[""],"providers":[{"billed_charge":60.22,"npi":[1073591822,1922177682]}]}]}]},{"name":"INFEC AGEN DETEC AMPLI PROBE","billing_code_type":"HCPCS","billing_code_type_version":"HCPCS LEVEL II 2021","billing_code":"U0005","description":"INFEC AGEN DETEC AMPLI PROBE","allowed_amounts":[{"tin":{"type":"ein","value":"831342609"},"service_code":["81"],"billing_class":"professional","payments":[{"allowed_amount":25.00,"billing_code_modifier":[""],"providers":[{"billed_charge":100.00,"npi":[1356913446,1487815387]}]}]},{"tin":{"type":"ein","value":"842377669"},"service_code":["81"],"billing_class":"professional","payments":[{"allowed_amount":25.00,"billing_code_modifier":[""],"providers":[{"billed_charge":25.00,"npi":[1649829987,1780811893]}]}]},{"tin":{"type":"ein","value":"852459399"},"service_code":["81"],"billing_class":"professional","payments":[{"allowed_amount":25.00,"billing_code_modifier":[""],"providers":[{"billed_charge":25.00,"npi":[1891398251]}]}]},{"tin":{"type":"ein","value":"862741576"},"service_code":["81"],"billing_class":"professional","payments":[{"allowed_amount":25.00,"billing_code_modifier":[""],"providers":[{"billed_charge":118.00,"npi":[1225224389,1790361756]}]}]},{"tin":{"type":"ein","value":"030511037"},"service_code":["81"],"billing_class":"professional","payments":[{"allowed_amount":0.00,"billing_code_modifier":[""],"providers":[{"billed_charge":125.00,"npi":[1790234839,1821110453]}]}]},{"tin":{"type":"ein","value":"263844242"},"service_code":["81"],"billing_class":"professional","payments":[{"allowed_amount":25.00,"billing_code_modifier":[""],"providers":[{"billed_charge":37.50,"npi":[1346472859,1992876023]}]}]},{"tin":{"type":"ein","value":"454772236"},"service_code":["21"],"billing_class":"professional","payments":[{"allowed_amount":0.00,"billing_code_modifier":[""],"providers":[{"billed_charge":20.00,"npi":[1427224575,1619229168,1659351344]}]}]},{"tin":{"type":"ein","value":"463342144"},"service_code":["81"],"billing_class":"professional","payments":[{"allowed_amount":25.00,"billing_code_modifier":[""],"providers":[{"billed_charge":100.00,"npi":[1417355678,1487815387]}]}]},{"tin":{"type":"ein","value":"472462178"},"service_code":["81"],"billing_class":"professional","payments":[{"allowed_amount":0.00,"billing_code_modifier":[""],"providers":[{"billed_charge":50.00,"npi":[1144731605,1639311509]}]}]},{"tin":{"type":"ein","value":"473727159"},"service_code":["81"],"billing_class":"professional","payments":[{"allowed_amount":25.00,"billing_code_modifier":[""],"providers":[{"billed_charge":25.00,"npi":[1003300781,1447382270,1912521568]}]}]}]},{"name":"LABORATORY - CLINICAL DIAGNOSTIC","billing_code_type":"RC","billing_code_type_version":"UB04","billing_code":"0300","description":"LABORATORY - CLINICAL DIAGNOSTIC","allowed_amounts":[{"tin":{"type":"ein","value":"371851415"},"service_code":["22"],"billing_class":"institutional","payments":[{"allowed_amount":151.20,"billing_code_modifier":[""],"providers":[{"billed_charge":1129.00,"npi":[1235417494,1669998100]}]}]}]},{"name":"OFFICE\/OUTPATIENT ESTABLISHED LOW MDM 20-29 MIN","billing_code_type":"CPT","billing_code_type_version":"2020","billing_code":"99213","description":"OFFICE\/OUTPATIENT ESTABLISHED LOW MDM 20-29 MIN","allowed_amounts":[{"tin":{"type":"ein","value":"872090147"},"service_code":["11"],"billing_class":"professional","payments":[{"allowed_amount":114.73,"billing_code_modifier":[""],"providers":[{"billed_charge":190.00,"npi":[1477532406,1962825877]}]}]},{"tin":{"type":"ein","value":"911145132"},"service_code":["11"],"billing_class":"professional","payments":[{"allowed_amount":114.73,"billing_code_modifier":[""],"providers":[{"billed_charge":195.00,"npi":[1114129418,1477582195,1558473744,1588689392,1962631796]}]}]},{"tin":{"type":"ein","value":"205515456"},"service_code":["11"],"billing_class":"professional","payments":[{"allowed_amount":114.73,"billing_code_modifier":[""],"providers":[{"billed_charge":195.00,"npi":[1952358954]}]}]},{"tin":{"type":"ein","value":"260798186"},"service_code":["11"],"billing_class":"professional","payments":[{"allowed_amount":114.73,"billing_code_modifier":[""],"providers":[{"billed_charge":165.00,"npi":[1306919725]}]}]}]},{"name":"PSYCHIATRIC\/PSYCHOLOGICAL SVCS: PARTIAL HOSP - INT","billing_code_type":"RC","billing_code_type_version":"UB04","billing_code":"0913","description":"PSYCHIATRIC\/PSYCHOLOGICAL SVCS: PARTIAL HOSP - INT","allowed_amounts":[{"tin":{"type":"ein","value":"840802479"},"service_code":["22"],"billing_class":"institutional","payments":[{"allowed_amount":1320.00,"billing_code_modifier":[""],"providers":[{"billed_charge":2200.00,"npi":[1467876169,1760470843,1821552480]}]}]}]},{"name":"PSYCHIATRIC\/PSYCHOLOGICAL SVCS: PARTIAL HOSP - LES","billing_code_type":"RC","billing_code_type_version":"UB04","billing_code":"0912","description":"PSYCHIATRIC\/PSYCHOLOGICAL SVCS: PARTIAL HOSP - LES","allowed_amounts":[{"tin":{"type":"ein","value":"861655892"},"service_code":["22"],"billing_class":"institutional","payments":[{"allowed_amount":559.69,"billing_code_modifier":[""],"providers":[{"billed_charge":3495.00,"npi":[1033796982]}]}]},{"tin":{"type":"ein","value":"871363791"},"service_code":["22"],"billing_class":"institutional","payments":[{"allowed_amount":1187.50,"billing_code_modifier":[""],"providers":[{"billed_charge":3640.00,"npi":[1003809450,1336890854]}]}]}]},{"name":"PSYCHIATRIC\/PSYCHOLOGICAL TRT: INTENSIVE OUT SERV","billing_code_type":"RC","billing_code_type_version":"UB04","billing_code":"0906","description":"PSYCHIATRIC\/PSYCHOLOGICAL TRT: INTENSIVE OUT SERV","allowed_amounts":[{"tin":{"type":"ein","value":"871363791"},"service_code":["22"],"billing_class":"institutional","payments":[{"allowed_amount":550.00,"billing_code_modifier":[""],"providers":[{"billed_charge":2840.00,"npi":[1003809450,1336890854]}]}]},{"tin":{"type":"ein","value":"371851415"},"service_code":["22"],"billing_class":"institutional","payments":[{"allowed_amount":480.00,"billing_code_modifier":[""],"providers":[{"billed_charge":2700.00,"npi":[1235417494,1669998100]}]}]}]},{"name":"PSYCHOTHERAPY W\/PATIENT 45 MINUTES","billing_code_type":"CPT","billing_code_type_version":"2020","billing_code":"90834","description":"PSYCHOTHERAPY W\/PATIENT 45 MINUTES","allowed_amounts":[{"tin":{"type":"ein","value":"825224634"},"service_code":["02"],"billing_class":"professional","payments":[{"allowed_amount":94.94,"billing_code_modifier":[""],"providers":[{"billed_charge":175.00,"npi":[1366977407,1720575350]}]}]},{"tin":{"type":"ein","value":"842900620"},"service_code":["02"],"billing_class":"professional","payments":[{"allowed_amount":66.00,"billing_code_modifier":[""],"providers":[{"billed_charge":1503.00,"npi":[1235337718]},{"billed_charge":150.00,"npi":[1235337718]}]},{"allowed_amount":66.00,"billing_code_modifier":[""],"providers":[{"billed_charge":1503.00,"npi":[1235337718]},{"billed_charge":150.00,"npi":[1235337718]}]}]},{"tin":{"type":"ein","value":"842900620"},"service_code":["02","11"],"billing_class":"professional","payments":[{"allowed_amount":66.00,"billing_code_modifier":[""],"providers":[{"billed_charge":1503.00,"npi":[1235337718]},{"billed_charge":150.00,"npi":[1235337718]}]},{"allowed_amount":66.00,"billing_code_modifier":[""],"providers":[{"billed_charge":1503.00,"npi":[1235337718]},{"billed_charge":150.00,"npi":[1235337718]}]}]},{"tin":{"type":"ein","value":"870896693"},"service_code":["11"],"billing_class":"professional","payments":[{"allowed_amount":66.00,"billing_code_modifier":[""],"providers":[{"billed_charge":135.00,"npi":[1184372807]}]}]},{"tin":{"type":"ein","value":"461299471"},"service_code":["02","11"],"billing_class":"professional","payments":[{"allowed_amount":66.00,"billing_code_modifier":[""],"providers":[{"billed_charge":210.00,"npi":[1619443314]}]}]}]},{"name":"PSYCHOTHERAPY W\/PATIENT 60 MINUTES","billing_code_type":"CPT","billing_code_type_version":"2020","billing_code":"90837","description":"PSYCHOTHERAPY W\/PATIENT 60 MINUTES","allowed_amounts":[{"tin":{"type":"ein","value":"822248333"},"service_code":["11"],"billing_class":"professional","payments":[{"allowed_amount":138.44,"billing_code_modifier":[""],"providers":[{"billed_charge":150.00,"npi":[1306360052]}]}]},{"tin":{"type":"ein","value":"822248333"},"service_code":["11"],"billing_class":"professional","payments":[{"allowed_amount":140.96,"billing_code_modifier":[""],"providers":[{"billed_charge":150.00,"npi":[1306360052]}]}]},{"tin":{"type":"ein","value":"842339439"},"service_code":["11"],"billing_class":"professional","payments":[{"allowed_amount":140.96,"billing_code_modifier":[""],"providers":[{"billed_charge":145.00,"npi":[1427604248]}]}]},{"tin":{"type":"ein","value":"921602844"},"service_code":["11"],"billing_class":"professional","payments":[{"allowed_amount":138.44,"billing_code_modifier":[""],"providers":[{"billed_charge":180.00,"npi":[1629380423,1770199168]}]}]},{"tin":{"type":"ein","value":"272048432"},"service_code":["11"],"billing_class":"professional","payments":[{"allowed_amount":138.44,"billing_code_modifier":[""],"providers":[{"billed_charge":180.00,"npi":[1265530372,1922106038]}]}]},{"tin":{"type":"ein","value":"272048432"},"service_code":["11"],"billing_class":"professional","payments":[{"allowed_amount":140.96,"billing_code_modifier":[""],"providers":[{"billed_charge":180.00,"npi":[1265530372,1922106038]}]}]}]},{"name":"RESIDENTIAL TREATMENT-CHEMICAL DEPENDENCY","billing_code_type":"RC","billing_code_type_version":"UB04","billing_code":"1002","description":"RESIDENTIAL TREATMENT-CHEMICAL DEPENDENCY","allowed_amounts":[{"tin":{"type":"ein","value":"840802479"},"service_code":["21"],"billing_class":"institutional","payments":[{"allowed_amount":1680.00,"billing_code_modifier":[""],"providers":[{"billed_charge":2800.00,"npi":[1760470843,1821552480]}]}]},{"tin":{"type":"ein","value":"871389231"},"service_code":["21"],"billing_class":"institutional","payments":[{"allowed_amount":2375.00,"billing_code_modifier":[""],"providers":[{"billed_charge":5160.00,"npi":[1003809450,1477204683]}]}]},{"tin":{"type":"ein","value":"472119460"},"service_code":["21"],"billing_class":"institutional","payments":[{"allowed_amount":3633.84,"billing_code_modifier":[""],"providers":[{"billed_charge":5191.20,"npi":[1073175279,1740546209]}]}]}]},{"name":"SARS-COV-2 COVID-19 AMP PRB HTT","billing_code_type":"HCPCS","billing_code_type_version":"HCPCS LEVEL II 2021","billing_code":"U0003","description":"SARS-COV-2 COVID-19 AMP PRB HTT","allowed_amounts":[{"tin":{"type":"ein","value":"472462178"},"service_code":["81"],"billing_class":"professional","payments":[{"allowed_amount":125.00,"billing_code_modifier":[""],"providers":[{"billed_charge":250.00,"npi":[1144731605,1639311509]}]}]},{"tin":{"type":"ein","value":"473727159"},"service_code":["81"],"billing_class":"professional","payments":[{"allowed_amount":125.00,"billing_code_modifier":[""],"providers":[{"billed_charge":125.00,"npi":[1003300781,1598220345,1912521568]}]}]}]},{"name":"SBSQ HOSPITAL IP\/OBS CARE MOD MDM 35 MINUTES","billing_code_type":"CPT","billing_code_type_version":"2020","billing_code":"99232","description":"SBSQ HOSPITAL IP\/OBS CARE MOD MDM 35 MINUTES","allowed_amounts":[{"tin":{"type":"ein","value":"274030671"},"service_code":["21"],"billing_class":"professional","payments":[{"allowed_amount":51.00,"billing_code_modifier":[""],"providers":[{"billed_charge":150.00,"npi":[1013289339,1245203447,1902091481,1992219661]}]}]}]}]}
