{"reporting_entity_name": "IEC Group_DBA AmeriBen",
	"reporting_entity_type": "Third Party Administrator",
	"plan_name": "THOMAS CONCRETE INC",
	"plan_id_type": "ein",
	"plan_id": "592820172",
	"plan_market_type": "group",
	"last_updated_on": "2024-04-01","Version": "1.0.0","out_of_network":[{"name":"HEMODIALYSIS PROCEDURE W\/ PHYS\/QHP EVALUATION","billing_code_type":"CPT","billing_code_type_version":"2020","billing_code":"90935","description":"HEMODIALYSIS PROCEDURE W\/ PHYS\/QHP EVALUATION","allowed_amounts":[{"tin":{"type":"ein","value":"561378901"},"service_code":["65"],"billing_class":"professional","payments":[{"allowed_amount":82.82,"billing_code_modifier":[""],"providers":[{"billed_charge":390.00,"npi":[1083664189,1346752375,1548222615,1568546059,1649583535,1710927421,1780031971]}]}]}]},{"name":"RESIDENTIAL TREATMENT-PSYCHIATRIC","billing_code_type":"RC","billing_code_type_version":"UB04","billing_code":"1001","description":"RESIDENTIAL TREATMENT-PSYCHIATRIC","allowed_amounts":[{"tin":{"type":"ein","value":"882503494"},"service_code":["21"],"billing_class":"institutional","payments":[{"allowed_amount":3375.00,"billing_code_modifier":[""],"providers":[{"billed_charge":4500.00,"npi":[1245962778]}]}]}]}]}
