{"reporting_entity_name": "IEC Group_DBA AmeriBen",
	"reporting_entity_type": "Third Party Administrator",
	"plan_name": "BOB'S DISCOUNT FURNITURE, LLC",
	"plan_id_type": "ein",
	"plan_id": "202149352",
	"plan_market_type": "group",
	"last_updated_on": "2024-10-01","Version": "1.0.0","out_of_network":[{"name":"ALCOHOL AND\/OR DRUG SERVICES","billing_code_type":"HCPCS","billing_code_type_version":"HCPCS LEVEL II 2021","billing_code":"H0020","description":"ALCOHOL AND\/OR DRUG SERVICES","allowed_amounts":[{"tin":{"type":"ein","value":"521680265"},"service_code":["11"],"billing_class":"professional","payments":[{"allowed_amount":12.86,"billing_code_modifier":[""],"providers":[{"billed_charge":12.86,"npi":[1689937260]}]}]}]},{"name":"APPL MODALITY 1+ AREAS ULTRASOUND EA 15 MIN","billing_code_type":"CPT","billing_code_type_version":"2020","billing_code":"97035","description":"APPL MODALITY 1+ AREAS ULTRASOUND EA 15 MIN","allowed_amounts":[{"tin":{"type":"ein","value":"223667884"},"service_code":["11"],"billing_class":"professional","payments":[{"allowed_amount":41.00,"billing_code_modifier":[""],"providers":[{"billed_charge":100.00,"npi":[1104956416,1306874177]}]}]},{"tin":{"type":"ein","value":"223667884"},"service_code":["11"],"billing_class":"professional","payments":[{"allowed_amount":42.00,"billing_code_modifier":[""],"providers":[{"billed_charge":100.00,"npi":[1104956416,1306874177]}]}]}]},{"name":"APPL MODALITY 1\/> AREAS ELEC STIMJ UNATTENDED","billing_code_type":"CPT","billing_code_type_version":"2020","billing_code":"97014","description":"APPL MODALITY 1\/> AREAS ELEC STIMJ UNATTENDED","allowed_amounts":[{"tin":{"type":"ein","value":"223667884"},"service_code":["11"],"billing_class":"professional","payments":[{"allowed_amount":40.00,"billing_code_modifier":[""],"providers":[{"billed_charge":120.00,"npi":[1104956416,1306874177]}]}]},{"tin":{"type":"ein","value":"223667884"},"service_code":["11"],"billing_class":"professional","payments":[{"allowed_amount":42.00,"billing_code_modifier":[""],"providers":[{"billed_charge":120.00,"npi":[1104956416,1306874177]}]}]}]},{"name":"APPL MODALITY 1\/> AREAS TRACTION MECHANICAL","billing_code_type":"CPT","billing_code_type_version":"2020","billing_code":"97012","description":"APPL MODALITY 1\/> AREAS TRACTION MECHANICAL","allowed_amounts":[{"tin":{"type":"ein","value":"223667884"},"service_code":["11"],"billing_class":"professional","payments":[{"allowed_amount":32.40,"billing_code_modifier":[""],"providers":[{"billed_charge":135.00,"npi":[1104956416,1306874177]}]}]},{"tin":{"type":"ein","value":"223667884"},"service_code":["11"],"billing_class":"professional","payments":[{"allowed_amount":40.00,"billing_code_modifier":[""],"providers":[{"billed_charge":135.00,"npi":[1104956416,1306874177]}]}]}]},{"name":"CALC BMI ABV UP PARAM F\/U","billing_code_type":"HCPCS","billing_code_type_version":"HCPCS LEVEL II 2021","billing_code":"G8417","description":"CALC BMI ABV UP PARAM F\/U","allowed_amounts":[{"tin":{"type":"ein","value":"900110660"},"service_code":["11"],"billing_class":"professional","payments":[{"allowed_amount":0.00,"billing_code_modifier":[""],"providers":[{"billed_charge":0.01,"npi":[1114977071,1528150562]}]}]}]},{"name":"CHIROPRACTIC MANIPLTV TX EXTRASPINAL 1\/> REGION","billing_code_type":"CPT","billing_code_type_version":"2020","billing_code":"98943","description":"CHIROPRACTIC MANIPLTV TX EXTRASPINAL 1\/> REGION","allowed_amounts":[{"tin":{"type":"ein","value":"223667884"},"service_code":["11"],"billing_class":"professional","payments":[{"allowed_amount":55.00,"billing_code_modifier":[""],"providers":[{"billed_charge":117.00,"npi":[1104956416,1306874177]}]}]}]},{"name":"CHIROPRACTIC MANIPULATIVE TX SPINAL 3-4 REGIONS","billing_code_type":"CPT","billing_code_type_version":"2020","billing_code":"98941","description":"CHIROPRACTIC MANIPULATIVE TX SPINAL 3-4 REGIONS","allowed_amounts":[{"tin":{"type":"ein","value":"223667884"},"service_code":["11"],"billing_class":"professional","payments":[{"allowed_amount":70.00,"billing_code_modifier":[""],"providers":[{"billed_charge":132.00,"npi":[1104956416,1306874177]}]}]}]},{"name":"CHIROPRACTIC MANIPULATIVE TX SPINAL 5 REGIONS","billing_code_type":"CPT","billing_code_type_version":"2020","billing_code":"98942","description":"CHIROPRACTIC MANIPULATIVE TX SPINAL 5 REGIONS","allowed_amounts":[{"tin":{"type":"ein","value":"223667884"},"service_code":["11"],"billing_class":"professional","payments":[{"allowed_amount":80.00,"billing_code_modifier":[""],"providers":[{"billed_charge":104.50,"npi":[1104956416,1306874177]}]}]}]},{"name":"COLLECTION VENOUS BLOOD VENIPUNCTURE","billing_code_type":"CPT","billing_code_type_version":"2020","billing_code":"36415","description":"COLLECTION VENOUS BLOOD VENIPUNCTURE","allowed_amounts":[{"tin":{"type":"ein","value":"473737659"},"service_code":["81"],"billing_class":"professional","payments":[{"allowed_amount":0.00,"billing_code_modifier":[""],"providers":[{"billed_charge":85.70,"npi":[1942282306,1942652946]}]}]},{"tin":{"type":"ein","value":"900110660"},"service_code":["11"],"billing_class":"professional","payments":[{"allowed_amount":0.00,"billing_code_modifier":[""],"providers":[{"billed_charge":100.00,"npi":[1114977071,1528150562]}]}]}]},{"name":"COLORECTAL CANCER SCREENING RESULTS DOC&REV","billing_code_type":"CPT","billing_code_type_version":"2020","billing_code":"3017F","description":"COLORECTAL CANCER SCREENING RESULTS DOC&REV","allowed_amounts":[{"tin":{"type":"ein","value":"900110660"},"service_code":["11"],"billing_class":"professional","payments":[{"allowed_amount":0.00,"billing_code_modifier":[""],"providers":[{"billed_charge":0.01,"npi":[1114977071,1528150562]}]}]}]},{"name":"CURRENT TOBACCO NON-USER CAD CAP COPD PV DM","billing_code_type":"CPT","billing_code_type_version":"2020","billing_code":"1036F","description":"CURRENT TOBACCO NON-USER CAD CAP COPD PV DM","allowed_amounts":[{"tin":{"type":"ein","value":"900110660"},"service_code":["11"],"billing_class":"professional","payments":[{"allowed_amount":0.00,"billing_code_modifier":[""],"providers":[{"billed_charge":0.01,"npi":[1114977071,1528150562]}]}]}]},{"name":"DOCREV CUR MEDS BY ELIG CLIN","billing_code_type":"HCPCS","billing_code_type_version":"HCPCS LEVEL II 2021","billing_code":"G8427","description":"DOCREV CUR MEDS BY ELIG CLIN","allowed_amounts":[{"tin":{"type":"ein","value":"900110660"},"service_code":["11"],"billing_class":"professional","payments":[{"allowed_amount":0.00,"billing_code_modifier":[""],"providers":[{"billed_charge":0.01,"npi":[1114977071,1528150562]}]}]}]},{"name":"MANUAL THERAPY TQS 1\/> REGIONS EACH 15 MINUTES","billing_code_type":"CPT","billing_code_type_version":"2020","billing_code":"97140","description":"MANUAL THERAPY TQS 1\/> REGIONS EACH 15 MINUTES","allowed_amounts":[{"tin":{"type":"ein","value":"223667884"},"service_code":["11"],"billing_class":"professional","payments":[{"allowed_amount":57.90,"billing_code_modifier":[""],"providers":[{"billed_charge":150.00,"npi":[1104956416,1780964676]}]}]},{"tin":{"type":"ein","value":"921032596"},"service_code":["11"],"billing_class":"professional","payments":[{"allowed_amount":57.90,"billing_code_modifier":[""],"providers":[{"billed_charge":115.00,"npi":[1114637188,1871027169,1891446209]}]}]}]},{"name":"MEDICAL\/SURGICAL SUPPLIES","billing_code_type":"RC","billing_code_type_version":"UB04","billing_code":"0270","description":"MEDICAL\/SURGICAL SUPPLIES","allowed_amounts":[{"tin":{"type":"ein","value":"043106961"},"service_code":["65"],"billing_class":"institutional","payments":[{"allowed_amount":3.93,"billing_code_modifier":[""],"providers":[{"billed_charge":149.10,"npi":[1053561167,1780921288]}]}]},{"tin":{"type":"ein","value":"043106961"},"service_code":["65"],"billing_class":"institutional","payments":[{"allowed_amount":4.33,"billing_code_modifier":[""],"providers":[{"billed_charge":149.10,"npi":[1053561167,1780921288]}]}]}]},{"name":"OFFICE\/OUTPATIENT ESTABLISHED HIGH MDM 40 MIN","billing_code_type":"CPT","billing_code_type_version":"2020","billing_code":"99215","description":"OFFICE\/OUTPATIENT ESTABLISHED HIGH MDM 40 MIN","allowed_amounts":[{"tin":{"type":"ein","value":"900110660"},"service_code":["11"],"billing_class":"professional","payments":[{"allowed_amount":104.56,"billing_code_modifier":[""],"providers":[{"billed_charge":1998.00,"npi":[1114977071,1528150562]}]}]}]},{"name":"PHARMACY","billing_code_type":"RC","billing_code_type_version":"UB04","billing_code":"0250","description":"PHARMACY","allowed_amounts":[{"tin":{"type":"ein","value":"232536597"},"service_code":["65"],"billing_class":"institutional","payments":[{"allowed_amount":0.04,"billing_code_modifier":[""],"providers":[{"billed_charge":0.68,"npi":[1588651889,1952361370]}]}]},{"tin":{"type":"ein","value":"232536597"},"service_code":["65"],"billing_class":"institutional","payments":[{"allowed_amount":0.16,"billing_code_modifier":[""],"providers":[{"billed_charge":2.82,"npi":[1588651889,1952361370]}]}]}]},{"name":"PSYCHIATRIC\/PSYCHOLOGICAL TRT: INTENSIVE OUT SERV","billing_code_type":"RC","billing_code_type_version":"UB04","billing_code":"0906","description":"PSYCHIATRIC\/PSYCHOLOGICAL TRT: INTENSIVE OUT SERV","allowed_amounts":[{"tin":{"type":"ein","value":"873581824"},"service_code":["22"],"billing_class":"institutional","payments":[{"allowed_amount":1057.81,"billing_code_modifier":[""],"providers":[{"billed_charge":3738.00,"npi":[1295466266,1750724886]}]}]}]},{"name":"PSYCHOTHERAPY W\/PATIENT 60 MINUTES","billing_code_type":"CPT","billing_code_type_version":"2020","billing_code":"90837","description":"PSYCHOTHERAPY W\/PATIENT 60 MINUTES","allowed_amounts":[{"tin":{"type":"ein","value":"882502758"},"service_code":["11"],"billing_class":"professional","payments":[{"allowed_amount":97.90,"billing_code_modifier":[""],"providers":[{"billed_charge":150.00,"npi":[1386017796,1487393435]}]}]},{"tin":{"type":"ein","value":"932339326"},"service_code":["10"],"billing_class":"professional","payments":[{"allowed_amount":97.90,"billing_code_modifier":[""],"providers":[{"billed_charge":515.00,"npi":[1164203238,1225536519,1477630697]}]}]}]},{"name":"PT SCRN TBCO ID AS NON USER","billing_code_type":"HCPCS","billing_code_type_version":"HCPCS LEVEL II 2021","billing_code":"G9903","description":"PT SCRN TBCO ID AS NON USER","allowed_amounts":[{"tin":{"type":"ein","value":"900110660"},"service_code":["11"],"billing_class":"professional","payments":[{"allowed_amount":0.00,"billing_code_modifier":[""],"providers":[{"billed_charge":0.01,"npi":[1114977071,1528150562]}]}]}]},{"name":"SCR DEP NEG, NO PLAN REQD","billing_code_type":"HCPCS","billing_code_type_version":"HCPCS LEVEL II 2021","billing_code":"G8510","description":"SCR DEP NEG, NO PLAN REQD","allowed_amounts":[{"tin":{"type":"ein","value":"900110660"},"service_code":["11"],"billing_class":"professional","payments":[{"allowed_amount":0.00,"billing_code_modifier":[""],"providers":[{"billed_charge":0.01,"npi":[1114977071,1528150562]}]}]}]},{"name":"THER PX 1\/> AREAS EACH 15 MIN NEUROMUSC REEDUCA","billing_code_type":"CPT","billing_code_type_version":"2020","billing_code":"97112","description":"THER PX 1\/> AREAS EACH 15 MIN NEUROMUSC REEDUCA","allowed_amounts":[{"tin":{"type":"ein","value":"223667884"},"service_code":["11"],"billing_class":"professional","payments":[{"allowed_amount":84.00,"billing_code_modifier":[""],"providers":[{"billed_charge":155.00,"npi":[1104956416,1780964676]}]}]},{"tin":{"type":"ein","value":"223667884"},"service_code":["11"],"billing_class":"professional","payments":[{"allowed_amount":147.17,"billing_code_modifier":[""],"providers":[{"billed_charge":310.00,"npi":[1104956416,1780964676]}]}]},{"tin":{"type":"ein","value":"921032596"},"service_code":["11"],"billing_class":"professional","payments":[{"allowed_amount":84.00,"billing_code_modifier":[""],"providers":[{"billed_charge":125.00,"npi":[1114637188,1871027169,1891446209]}]}]}]},{"name":"THERAPEUTIC PX 1\/> AREAS EACH 15 MIN EXERCISES","billing_code_type":"CPT","billing_code_type_version":"2020","billing_code":"97110","description":"THERAPEUTIC PX 1\/> AREAS EACH 15 MIN EXERCISES","allowed_amounts":[{"tin":{"type":"ein","value":"223667884"},"service_code":["11"],"billing_class":"professional","payments":[{"allowed_amount":118.72,"billing_code_modifier":[""],"providers":[{"billed_charge":360.00,"npi":[1104956416,1780964676]}]}]},{"tin":{"type":"ein","value":"223667884"},"service_code":["11"],"billing_class":"professional","payments":[{"allowed_amount":121.76,"billing_code_modifier":[""],"providers":[{"billed_charge":360.00,"npi":[1104956416,1780964676]}]}]},{"tin":{"type":"ein","value":"921032596"},"service_code":["11"],"billing_class":"professional","payments":[{"allowed_amount":121.76,"billing_code_modifier":[""],"providers":[{"billed_charge":250.00,"npi":[1114637188,1871027169,1891446209]}]}]}]}]}
