{"reporting_entity_name": "IEC Group_DBA AmeriBen",
	"reporting_entity_type": "Third Party Administrator",
	"plan_name": "NEW BELGIUM BREWING",
	"issuer_name": "IEC Group_DBA AmeriBen",
	"plan_sponsor_name": "NEW BELGIUM BREWING",
	"plan_id_type": "ein",
	"plan_id": "841225570",
	"plan_market_type": "group",
	"last_updated_on": "2026-02-01","reporting_period": {
		"start_date": "2025-08-05",
		"end_date": "2025-11-03"
	},"version": "2.0.0","out_of_network":[{"name":"1ST HOSPITAL IP\/OBS CARE MODERATE MDM 55 MINUTES","billing_code_type":"CPT","billing_code_type_version":"2020","billing_code":"99222","description":"1ST HOSPITAL IP\/OBS CARE MODERATE MDM 55 MINUTES","allowed_amounts":[{"tin":{"type":"ein","value":"862362291"},"service_code":["21"],"billing_class":"professional","setting":"inpatient","payments":[{"allowed_amount":150.74,"providers":[{"billed_charge":225.00,"npi":[1073571857,1083337372]}]}]}]},{"name":"25 HYDROXY INCLUDES FRACTIONS IF PERFORMED","billing_code_type":"CPT","billing_code_type_version":"2020","billing_code":"82306","description":"25 HYDROXY INCLUDES FRACTIONS IF PERFORMED","allowed_amounts":[{"tin":{"type":"ein","value":"841512383"},"service_code":["55"],"billing_class":"professional","setting":"inpatient","payments":[{"allowed_amount":14.26,"providers":[{"billed_charge":44.40,"npi":[1144601618,1700567096,1821552738]}]}]}]},{"name":"AMB SERVICE BLS EMERGENCY TRANSPORT","billing_code_type":"HCPCS","billing_code_type_version":"HCPCS LEVEL II 2021","billing_code":"A0429","description":"AMB SERVICE BLS EMERGENCY TRANSPORT","allowed_amounts":[{"tin":{"type":"ein","value":"473703650"},"service_code":["41"],"billing_class":"professional","setting":"outpatient","payments":[{"allowed_amount":1075.00,"providers":[{"billed_charge":1075.00,"npi":[1245614403]}]}]}]},{"name":"AMB SRVC ALS EMERG TRANSPORT LEVL 1","billing_code_type":"HCPCS","billing_code_type_version":"HCPCS LEVEL II 2021","billing_code":"A0427","description":"AMB SRVC ALS EMERG TRANSPORT LEVL 1","allowed_amounts":[{"tin":{"type":"ein","value":"840560477"},"service_code":["41"],"billing_class":"professional","setting":"outpatient","payments":[{"allowed_amount":1121.00,"providers":[{"billed_charge":1121.00,"npi":[1043329725]}]}]},{"tin":{"type":"ein","value":"840828892"},"service_code":["41"],"billing_class":"professional","setting":"outpatient","payments":[{"allowed_amount":1800.00,"providers":[{"billed_charge":1800.00,"npi":[1689780413]}]}]}]},{"name":"ANESTHESIA LOWER INTST ENDOSCOPIC PX SCR COLSC","billing_code_type":"CPT","billing_code_type_version":"2020","billing_code":"00812","description":"ANESTHESIA LOWER INTST ENDOSCOPIC PX SCR COLSC","allowed_amounts":[{"tin":{"type":"ein","value":"993079269"},"service_code":["24"],"billing_class":"professional","setting":"outpatient","payments":[{"allowed_amount":437.84,"providers":[{"billed_charge":54575.40,"npi":[1437304805,1457100711]}]}]}]},{"name":"APPL MODALITY 1+ AREAS ESTIM EA 15 MIN","billing_code_type":"CPT","billing_code_type_version":"2020","billing_code":"97032","description":"APPL MODALITY 1+ AREAS ESTIM EA 15 MIN","allowed_amounts":[{"tin":{"type":"ein","value":"200678113"},"service_code":["11"],"billing_class":"professional","setting":"outpatient","payments":[{"allowed_amount":0.00,"providers":[{"billed_charge":35.00,"npi":[1801811930]}]}]}]},{"name":"APPL MODALITY 1\/> AREAS TRACTION MECHANICAL","billing_code_type":"CPT","billing_code_type_version":"2020","billing_code":"97012","description":"APPL MODALITY 1\/> AREAS TRACTION MECHANICAL","allowed_amounts":[{"tin":{"type":"ein","value":"200678113"},"service_code":["11"],"billing_class":"professional","setting":"outpatient","payments":[{"allowed_amount":0.00,"providers":[{"billed_charge":55.00,"npi":[1801811930]}]}]}]},{"name":"APPLICATION FINGER SPLINT STATIC","billing_code_type":"CPT","billing_code_type_version":"2020","billing_code":"29130","description":"APPLICATION FINGER SPLINT STATIC","allowed_amounts":[{"tin":{"type":"ein","value":"461555497"},"service_code":["20"],"billing_class":"professional","setting":"outpatient","payments":[{"allowed_amount":43.96,"providers":[{"billed_charge":150.00,"npi":[1225753775,1942546890]}]}]}]},{"name":"APPLICATION MODALITY 1\/> AREAS HOT\/COLD PACKS","billing_code_type":"CPT","billing_code_type_version":"2020","billing_code":"97010","description":"APPLICATION MODALITY 1\/> AREAS HOT\/COLD PACKS","allowed_amounts":[{"tin":{"type":"ein","value":"200678113"},"service_code":["11"],"billing_class":"professional","setting":"outpatient","payments":[{"allowed_amount":0.00,"providers":[{"billed_charge":15.00,"npi":[1801811930]}]}]}]},{"name":"ARTHROCENTESIS ASPIR&\/INJ MAJOR JT\/BURSA W\/O US","billing_code_type":"CPT","billing_code_type_version":"2020","billing_code":"20610","description":"ARTHROCENTESIS ASPIR&\/INJ MAJOR JT\/BURSA W\/O US","allowed_amounts":[{"tin":{"type":"ein","value":"452421166"},"service_code":["11"],"billing_class":"professional","setting":"outpatient","payments":[{"allowed_amount":136.00,"providers":[{"billed_charge":600.00,"npi":[1801176656,1871583021]}]}]}]},{"name":"ASSAY OF ALCOHOL (ETHANOL) BREATH","billing_code_type":"CPT","billing_code_type_version":"2020","billing_code":"82075","description":"ASSAY OF ALCOHOL (ETHANOL) BREATH","allowed_amounts":[{"tin":{"type":"ein","value":"841512383"},"service_code":["53","55"],"billing_class":"professional","setting":"inpatient","payments":[{"allowed_amount":10.20,"providers":[{"billed_charge":90.00,"npi":[1144601618,1497100390,1700567096,1821552738]},{"billed_charge":90.00,"npi":[1144601618,1497100390,1700567096,1821552738]}]},{"allowed_amount":10.20,"providers":[{"billed_charge":90.00,"npi":[1144601618,1497100390,1700567096,1821552738]},{"billed_charge":90.00,"npi":[1144601618,1497100390,1700567096,1821552738]}]}]},{"tin":{"type":"ein","value":"841512383"},"service_code":["53","55"],"billing_class":"professional","setting":"outpatient","payments":[{"allowed_amount":10.20,"providers":[{"billed_charge":90.00,"npi":[1144601618,1497100390,1700567096,1821552738]},{"billed_charge":90.00,"npi":[1144601618,1497100390,1700567096,1821552738]}]},{"allowed_amount":10.20,"providers":[{"billed_charge":90.00,"npi":[1144601618,1497100390,1700567096,1821552738]},{"billed_charge":90.00,"npi":[1144601618,1497100390,1700567096,1821552738]}]}]}]},{"name":"ASSAY OF SOMATOMEDIN","billing_code_type":"CPT","billing_code_type_version":"2020","billing_code":"84305","description":"ASSAY OF SOMATOMEDIN","allowed_amounts":[{"tin":{"type":"ein","value":"870403206"},"service_code":["81"],"billing_class":"professional","setting":"outpatient","payments":[{"allowed_amount":0.00,"providers":[{"billed_charge":42.52,"npi":[1174568653,1376548271]}]}]}]},{"name":"BREATH HYDROGEN\/METHANE TEST","billing_code_type":"CPT","billing_code_type_version":"2020","billing_code":"91065","description":"BREATH HYDROGEN\/METHANE TEST","allowed_amounts":[{"tin":{"type":"ein","value":"831332019"},"service_code":["81"],"billing_class":"professional","setting":"outpatient","payments":[{"allowed_amount":50.18,"providers":[{"billed_charge":349.00,"npi":[1376006932,1467917211]}]}]}]},{"name":"CAR SCR SEV INH COND GENOMIC SEQ ALYS PNL 5 GEN","billing_code_type":"CPT","billing_code_type_version":"2020","billing_code":"0449U","description":"CAR SCR SEV INH COND GENOMIC SEQ ALYS PNL 5 GEN","allowed_amounts":[{"tin":{"type":"ein","value":"811082020"},"service_code":["81"],"billing_class":"professional","setting":"outpatient","payments":[{"allowed_amount":9.12,"providers":[{"billed_charge":7299.52,"npi":[1154882421,1598314437]}]}]}]},{"name":"CHIROPRACTIC MANIPULATIVE TX SPINAL 3-4 REGIONS","billing_code_type":"CPT","billing_code_type_version":"2020","billing_code":"98941","description":"CHIROPRACTIC MANIPULATIVE TX SPINAL 3-4 REGIONS","allowed_amounts":[{"tin":{"type":"ein","value":"200678113"},"service_code":["11"],"billing_class":"professional","setting":"outpatient","payments":[{"allowed_amount":0.00,"providers":[{"billed_charge":80.00,"npi":[1801811930]}]}]},{"tin":{"type":"ein","value":"200678113"},"service_code":["11"],"billing_class":"professional","setting":"outpatient","payments":[{"allowed_amount":41.00,"providers":[{"billed_charge":80.00,"npi":[1801811930]}]}]}]},{"name":"CORTISOL FREE","billing_code_type":"CPT","billing_code_type_version":"2020","billing_code":"82530","description":"CORTISOL FREE","allowed_amounts":[{"tin":{"type":"ein","value":"562384766"},"service_code":["11"],"billing_class":"professional","setting":"outpatient","payments":[{"allowed_amount":7.01,"providers":[{"billed_charge":170.00,"npi":[1487885331,1770713463]}]}]}]},{"name":"CRITICAL CARE ILL\/INJURED PATIENT INIT 30-74 MIN","billing_code_type":"CPT","billing_code_type_version":"2020","billing_code":"99291","description":"CRITICAL CARE ILL\/INJURED PATIENT INIT 30-74 MIN","allowed_amounts":[{"tin":{"type":"ein","value":"880262438"},"service_code":["23"],"billing_class":"professional","setting":"outpatient","payments":[{"allowed_amount":385.09,"providers":[{"billed_charge":2126.00,"npi":[1457306359,1467536854,1679550149]}]}]}]},{"name":"CYANOCOBALAMIN VITAMIN B-12","billing_code_type":"CPT","billing_code_type_version":"2020","billing_code":"82607","description":"CYANOCOBALAMIN VITAMIN B-12","allowed_amounts":[{"tin":{"type":"ein","value":"841512383"},"service_code":["55"],"billing_class":"professional","setting":"inpatient","payments":[{"allowed_amount":6.32,"providers":[{"billed_charge":22.62,"npi":[1477022135,1700567096,1821552738]}]}]}]},{"name":"DRUG SCREEN QUANTITATIVE TACROLIMUS","billing_code_type":"CPT","billing_code_type_version":"2020","billing_code":"80197","description":"DRUG SCREEN QUANTITATIVE TACROLIMUS","allowed_amounts":[{"tin":{"type":"ein","value":"411346366"},"service_code":["81"],"billing_class":"professional","setting":"outpatient","payments":[{"allowed_amount":10.30,"providers":[{"billed_charge":387.70,"npi":[1093792350,1689756108]}]}]}]},{"name":"DRUG TEST PRSMV READ DIRECT OPTICAL OBS PR DATE","billing_code_type":"CPT","billing_code_type_version":"2020","billing_code":"80305","description":"DRUG TEST PRSMV READ DIRECT OPTICAL OBS PR DATE","allowed_amounts":[{"tin":{"type":"ein","value":"841512383"},"service_code":["53","55"],"billing_class":"professional","setting":"inpatient","payments":[{"allowed_amount":0.00,"providers":[{"billed_charge":37.80,"npi":[1144601618,1497100390,1700567096,1821552738]},{"billed_charge":37.80,"npi":[1144601618,1497100390,1700567096,1821552738]}]},{"allowed_amount":0.00,"providers":[{"billed_charge":37.80,"npi":[1144601618,1497100390,1700567096,1821552738]},{"billed_charge":37.80,"npi":[1144601618,1497100390,1700567096,1821552738]}]}]},{"tin":{"type":"ein","value":"841512383"},"service_code":["53","55"],"billing_class":"professional","setting":"outpatient","payments":[{"allowed_amount":0.00,"providers":[{"billed_charge":37.80,"npi":[1144601618,1497100390,1700567096,1821552738]},{"billed_charge":37.80,"npi":[1144601618,1497100390,1700567096,1821552738]}]},{"allowed_amount":0.00,"providers":[{"billed_charge":37.80,"npi":[1144601618,1497100390,1700567096,1821552738]},{"billed_charge":37.80,"npi":[1144601618,1497100390,1700567096,1821552738]}]}]}]},{"name":"DRUG TST PRSMV READ INSTRMNT ASSTD DIR OPT OBS","billing_code_type":"CPT","billing_code_type_version":"2020","billing_code":"80306","description":"DRUG TST PRSMV READ INSTRMNT ASSTD DIR OPT OBS","allowed_amounts":[{"tin":{"type":"ein","value":"841512383"},"service_code":["55"],"billing_class":"professional","setting":"inpatient","payments":[{"allowed_amount":6.10,"providers":[{"billed_charge":51.42,"npi":[1144601618,1700567096,1821552738]}]}]}]},{"name":"EKG\/ECG","billing_code_type":"RC","billing_code_type_version":"UB04","billing_code":"0730","description":"EKG\/ECG","allowed_amounts":[{"tin":{"type":"ein","value":"540506332"},"billing_class":"institutional","setting":"inpatient","payments":[{"allowed_amount":0.00,"providers":[{"billed_charge":298.00,"npi":[1154307155,1902064157]}]}]}]},{"name":"EMERGENCY DEPARTMENT VISIT HIGH MDM","billing_code_type":"CPT","billing_code_type_version":"2020","billing_code":"99285","description":"EMERGENCY DEPARTMENT VISIT HIGH MDM","allowed_amounts":[{"tin":{"type":"ein","value":"384083619"},"service_code":["23"],"billing_class":"professional","setting":"outpatient","payments":[{"allowed_amount":228.21,"providers":[{"billed_charge":2263.00,"npi":[1215429600,1619914785]}]}]}]},{"name":"EMERGENCY DEPARTMENT VISIT MODERATE MDM","billing_code_type":"CPT","billing_code_type_version":"2020","billing_code":"99284","description":"EMERGENCY DEPARTMENT VISIT MODERATE MDM","allowed_amounts":[{"tin":{"type":"ein","value":"384083619"},"service_code":["23"],"billing_class":"professional","setting":"outpatient","payments":[{"allowed_amount":136.69,"providers":[{"billed_charge":1487.00,"npi":[1215429600]}]}]},{"tin":{"type":"ein","value":"384083619"},"service_code":["23"],"billing_class":"professional","setting":"outpatient","payments":[{"allowed_amount":156.50,"providers":[{"billed_charge":1487.00,"npi":[1215429600]}]}]},{"tin":{"type":"ein","value":"473207494"},"service_code":["23"],"billing_class":"professional","setting":"outpatient","payments":[{"allowed_amount":210.51,"providers":[{"billed_charge":634.00,"npi":[1114246006,1174901714,1366835415,1659787554]}]}]},{"tin":{"type":"ein","value":"880303529"},"service_code":["23"],"billing_class":"professional","setting":"outpatient","payments":[{"allowed_amount":180.99,"providers":[{"billed_charge":744.00,"npi":[1275568479,1962907196]}]}]}]},{"name":"EMERGENCY ROOM","billing_code_type":"RC","billing_code_type_version":"UB04","billing_code":"0450","description":"EMERGENCY ROOM","allowed_amounts":[{"tin":{"type":"ein","value":"540506332"},"billing_class":"institutional","setting":"inpatient","payments":[{"allowed_amount":0.00,"providers":[{"billed_charge":3315.00,"npi":[1154307155,1902064157]}]}]}]},{"name":"EXTERNAL ECG REC>7D<15D SCANNING ALYS W\/REPORT","billing_code_type":"CPT","billing_code_type_version":"2020","billing_code":"93247","description":"EXTERNAL ECG REC>7D<15D SCANNING ALYS W\/REPORT","allowed_amounts":[{"tin":{"type":"ein","value":"208149544"},"service_code":["11"],"billing_class":"professional","setting":"outpatient","payments":[{"allowed_amount":595.00,"providers":[{"billed_charge":595.00,"npi":[1316901788,1710130539]}]}]}]},{"name":"FETAL CHROMOSOMAL ANEUPLOIDY GENOMIC SEQ ANALYS","billing_code_type":"CPT","billing_code_type_version":"2020","billing_code":"81420","description":"FETAL CHROMOSOMAL ANEUPLOIDY GENOMIC SEQ ANALYS","allowed_amounts":[{"tin":{"type":"ein","value":"811082020"},"service_code":["81"],"billing_class":"professional","setting":"outpatient","payments":[{"allowed_amount":425.00,"providers":[{"billed_charge":3036.20,"npi":[1154882421,1598314437,1801235577]}]}]}]},{"name":"FETAL CHROMOSOMAL MICRODELTJ GENOMIC SEQ ANALYS","billing_code_type":"CPT","billing_code_type_version":"2020","billing_code":"81422","description":"FETAL CHROMOSOMAL MICRODELTJ GENOMIC SEQ ANALYS","allowed_amounts":[{"tin":{"type":"ein","value":"811082020"},"service_code":["81"],"billing_class":"professional","setting":"outpatient","payments":[{"allowed_amount":258.08,"providers":[{"billed_charge":3036.20,"npi":[1154882421,1598314437]}]}]}]},{"name":"FINGER SPLINT, STATIC","billing_code_type":"HCPCS","billing_code_type_version":"HCPCS LEVEL II 2021","billing_code":"Q4049","description":"FINGER SPLINT, STATIC","allowed_amounts":[{"tin":{"type":"ein","value":"461555497"},"service_code":["20"],"billing_class":"professional","setting":"outpatient","payments":[{"allowed_amount":0.00,"providers":[{"billed_charge":10.00,"npi":[1225753775,1942546890]}]}]}]},{"name":"FLOW CYTOMETRY CELL SURF MARKER TECHL ONLY 1ST","billing_code_type":"CPT","billing_code_type_version":"2020","billing_code":"88184","description":"FLOW CYTOMETRY CELL SURF MARKER TECHL ONLY 1ST","allowed_amounts":[{"tin":{"type":"ein","value":"870403206"},"service_code":["81"],"billing_class":"professional","setting":"outpatient","payments":[{"allowed_amount":0.00,"providers":[{"billed_charge":138.60,"npi":[1376548271,1942415369]}]}]}]},{"name":"FLOW CYTOMETRY CELL SURF MARKER TECHL ONLY EA","billing_code_type":"CPT","billing_code_type_version":"2020","billing_code":"88185","description":"FLOW CYTOMETRY CELL SURF MARKER TECHL ONLY EA","allowed_amounts":[{"tin":{"type":"ein","value":"870403206"},"service_code":["81"],"billing_class":"professional","setting":"outpatient","payments":[{"allowed_amount":0.00,"providers":[{"billed_charge":89.20,"npi":[1376548271,1942415369]}]}]}]},{"name":"FMR1 GENE ALYS EVAL TO DETECT ABNORMAL ALLELES","billing_code_type":"CPT","billing_code_type_version":"2020","billing_code":"81243","description":"FMR1 GENE ALYS EVAL TO DETECT ABNORMAL ALLELES","allowed_amounts":[{"tin":{"type":"ein","value":"811082020"},"service_code":["81"],"billing_class":"professional","setting":"outpatient","payments":[{"allowed_amount":19.40,"providers":[{"billed_charge":456.32,"npi":[1154882421,1598314437]}]}]}]},{"name":"GENERAL HEALTH PANEL","billing_code_type":"CPT","billing_code_type_version":"2020","billing_code":"80050","description":"GENERAL HEALTH PANEL","allowed_amounts":[{"tin":{"type":"ein","value":"841512383"},"service_code":["55"],"billing_class":"professional","setting":"inpatient","payments":[{"allowed_amount":14.76,"providers":[{"billed_charge":80.19,"npi":[1144601618,1700567096,1821552738]}]}]}]},{"name":"GROUND MILEAGE","billing_code_type":"HCPCS","billing_code_type_version":"HCPCS LEVEL II 2021","billing_code":"A0425","description":"GROUND MILEAGE","allowed_amounts":[{"tin":{"type":"ein","value":"473703650"},"service_code":["41"],"billing_class":"professional","setting":"outpatient","payments":[{"allowed_amount":290.50,"providers":[{"billed_charge":290.50,"npi":[1245614403]}]}]},{"tin":{"type":"ein","value":"840560477"},"service_code":["41"],"billing_class":"professional","setting":"outpatient","payments":[{"allowed_amount":105.00,"providers":[{"billed_charge":105.00,"npi":[1043329725]}]}]},{"tin":{"type":"ein","value":"840828892"},"service_code":["41"],"billing_class":"professional","setting":"outpatient","payments":[{"allowed_amount":112.00,"providers":[{"billed_charge":112.00,"npi":[1689780413]}]}]}]},{"name":"HEMOGLOBIN GLYCOSYLATED A1C","billing_code_type":"CPT","billing_code_type_version":"2020","billing_code":"83036","description":"HEMOGLOBIN GLYCOSYLATED A1C","allowed_amounts":[{"tin":{"type":"ein","value":"841512383"},"service_code":["55"],"billing_class":"professional","setting":"inpatient","payments":[{"allowed_amount":4.08,"providers":[{"billed_charge":29.13,"npi":[1144601618,1700567096,1821552738]}]}]}]},{"name":"HEREDITARY BRST CA-RLATD DO GEN SEQ ALYS 5+ GEN","billing_code_type":"CPT","billing_code_type_version":"2020","billing_code":"81432","description":"HEREDITARY BRST CA-RLATD DO GEN SEQ ALYS 5+ GEN","allowed_amounts":[{"tin":{"type":"ein","value":"330892453"},"service_code":["81"],"billing_class":"professional","setting":"outpatient","payments":[{"allowed_amount":285.03,"providers":[{"billed_charge":3400.00,"npi":[1083660708,1861568784]}]}]}]},{"name":"IAADIADOO SEVERE AQT RESPIR SYND CORONAVIRUS","billing_code_type":"CPT","billing_code_type_version":"2020","billing_code":"87811","description":"IAADIADOO SEVERE AQT RESPIR SYND CORONAVIRUS","allowed_amounts":[{"tin":{"type":"ein","value":"461555497"},"service_code":["20"],"billing_class":"professional","setting":"outpatient","payments":[{"allowed_amount":14.07,"providers":[{"billed_charge":65.00,"npi":[1588179949,1942546890]}]}]}]},{"name":"IADNA CANDIDA SPECIES AMPLIFIED PROBE TQ","billing_code_type":"CPT","billing_code_type_version":"2020","billing_code":"87481","description":"IADNA CANDIDA SPECIES AMPLIFIED PROBE TQ","allowed_amounts":[{"tin":{"type":"ein","value":"471359076"},"service_code":["81"],"billing_class":"professional","setting":"outpatient","payments":[{"allowed_amount":73.65,"providers":[{"billed_charge":175.45,"npi":[1033520416,1134538713,1932981529]}]}]}]},{"name":"IADNA CYTOMEGALOVIRUS QUANTIFICATION","billing_code_type":"CPT","billing_code_type_version":"2020","billing_code":"87497","description":"IADNA CYTOMEGALOVIRUS QUANTIFICATION","allowed_amounts":[{"tin":{"type":"ein","value":"411346366"},"service_code":["81"],"billing_class":"professional","setting":"outpatient","payments":[{"allowed_amount":32.13,"providers":[{"billed_charge":762.40,"npi":[1093792350,1689756108]}]}]}]},{"name":"IADNA GARDNERELLA VAGINALIS AMPLIFIED PROBE TQ","billing_code_type":"CPT","billing_code_type_version":"2020","billing_code":"87511","description":"IADNA GARDNERELLA VAGINALIS AMPLIFIED PROBE TQ","allowed_amounts":[{"tin":{"type":"ein","value":"471359076"},"service_code":["81"],"billing_class":"professional","setting":"outpatient","payments":[{"allowed_amount":14.73,"providers":[{"billed_charge":35.09,"npi":[1033520416,1134538713,1932981529]}]}]}]},{"name":"IADNA NOS AMPLIFIED PROBE TQ EACH ORGANISM","billing_code_type":"CPT","billing_code_type_version":"2020","billing_code":"87798","description":"IADNA NOS AMPLIFIED PROBE TQ EACH ORGANISM","allowed_amounts":[{"tin":{"type":"ein","value":"471359076"},"service_code":["81"],"billing_class":"professional","setting":"outpatient","payments":[{"allowed_amount":132.57,"providers":[{"billed_charge":315.18,"npi":[1033520416,1134538713,1932981529]}]}]}]},{"name":"IADNA NOS QUANTIFICATION EACH ORGANISM","billing_code_type":"CPT","billing_code_type_version":"2020","billing_code":"87799","description":"IADNA NOS QUANTIFICATION EACH ORGANISM","allowed_amounts":[{"tin":{"type":"ein","value":"411346366"},"service_code":["81"],"billing_class":"professional","setting":"outpatient","payments":[{"allowed_amount":32.13,"providers":[{"billed_charge":546.70,"npi":[1093792350,1689756108]}]}]}]},{"name":"IADNA SARSCOV2 & INF A&B & RSV MULT AMP PROBE TQ","billing_code_type":"CPT","billing_code_type_version":"2020","billing_code":"87637","description":"IADNA SARSCOV2 & INF A&B & RSV MULT AMP PROBE TQ","allowed_amounts":[{"tin":{"type":"ein","value":"392598367"},"service_code":["81"],"billing_class":"professional","setting":"outpatient","payments":[{"allowed_amount":48.49,"providers":[{"billed_charge":320.00,"npi":[1124913256,1437504800]}]}]}]},{"name":"IADNA SARSCOV2& INF A&B MULT AMPLIFIED PROBE TQ","billing_code_type":"CPT","billing_code_type_version":"2020","billing_code":"87636","description":"IADNA SARSCOV2& INF A&B MULT AMPLIFIED PROBE TQ","allowed_amounts":[{"tin":{"type":"ein","value":"392598367"},"service_code":["81"],"billing_class":"professional","setting":"outpatient","payments":[{"allowed_amount":48.49,"providers":[{"billed_charge":300.00,"npi":[1124913256,1437504800]}]}]}]},{"name":"IADNA STREPTOCOCCUS GROUP B AMPLIFIED PROBE TQ","billing_code_type":"CPT","billing_code_type_version":"2020","billing_code":"87653","description":"IADNA STREPTOCOCCUS GROUP B AMPLIFIED PROBE TQ","allowed_amounts":[{"tin":{"type":"ein","value":"471359076"},"service_code":["81"],"billing_class":"professional","setting":"outpatient","payments":[{"allowed_amount":14.73,"providers":[{"billed_charge":35.09,"npi":[1033520416,1134538713,1932981529]}]}]}]},{"name":"IM ADM PRQ ID SUBQ\/IM NJXS 1 VACCINE","billing_code_type":"CPT","billing_code_type_version":"2020","billing_code":"90471","description":"IM ADM PRQ ID SUBQ\/IM NJXS 1 VACCINE","allowed_amounts":[{"tin":{"type":"ein","value":"381359087"},"service_code":["11"],"billing_class":"professional","setting":"outpatient","payments":[{"allowed_amount":24.61,"providers":[{"billed_charge":33.00,"npi":[1417961137,1700367489]}]}]}]},{"name":"IMMUNOASSAY ANALYTE QUANTITATIVE NOS","billing_code_type":"CPT","billing_code_type_version":"2020","billing_code":"83520","description":"IMMUNOASSAY ANALYTE QUANTITATIVE NOS","allowed_amounts":[{"tin":{"type":"ein","value":"870403206"},"service_code":["81"],"billing_class":"professional","setting":"outpatient","payments":[{"allowed_amount":0.00,"providers":[{"billed_charge":34.54,"npi":[1376548271,1730650003]}]}]}]},{"name":"INTERMITT LIMB COMPRESSION DEVC NOS","billing_code_type":"HCPCS","billing_code_type_version":"HCPCS LEVEL II 2021","billing_code":"E0676","description":"INTERMITT LIMB COMPRESSION DEVC NOS","allowed_amounts":[{"tin":{"type":"ein","value":"272164437"},"service_code":["12"],"billing_class":"professional","setting":"outpatient","payments":[{"allowed_amount":2497.50,"providers":[{"billed_charge":4995.00,"npi":[1629392592]}]}]}]},{"name":"LABORATORY - CLINICAL DIAGNOSTIC","billing_code_type":"RC","billing_code_type_version":"UB04","billing_code":"0300","description":"LABORATORY - CLINICAL DIAGNOSTIC","allowed_amounts":[{"tin":{"type":"ein","value":"540506332"},"billing_class":"institutional","setting":"inpatient","payments":[{"allowed_amount":0.00,"providers":[{"billed_charge":1275.00,"npi":[1154307155,1902064157]}]}]}]},{"name":"LACTATION CLASS NON-PHYS PROV-SESS","billing_code_type":"HCPCS","billing_code_type_version":"HCPCS LEVEL II 2021","billing_code":"S9443","description":"LACTATION CLASS NON-PHYS PROV-SESS","allowed_amounts":[{"tin":{"type":"ein","value":"332367213"},"service_code":["11"],"billing_class":"professional","setting":"outpatient","payments":[{"allowed_amount":12.50,"providers":[{"billed_charge":900.00,"npi":[1194478461,1528866829]}]}]}]},{"name":"MICROSOMAL ANTIBODIES EACH","billing_code_type":"CPT","billing_code_type_version":"2020","billing_code":"86376","description":"MICROSOMAL ANTIBODIES EACH","allowed_amounts":[{"tin":{"type":"ein","value":"870403206"},"service_code":["81"],"billing_class":"professional","setting":"outpatient","payments":[{"allowed_amount":0.00,"providers":[{"billed_charge":29.10,"npi":[1134750524,1376548271]}]}]}]},{"name":"MOLECULAR PATHOLOGY PROCEDURE LEVEL 4","billing_code_type":"CPT","billing_code_type_version":"2020","billing_code":"81403","description":"MOLECULAR PATHOLOGY PROCEDURE LEVEL 4","allowed_amounts":[{"tin":{"type":"ein","value":"811082020"},"service_code":["81"],"billing_class":"professional","setting":"outpatient","payments":[{"allowed_amount":62.97,"providers":[{"billed_charge":740.80,"npi":[1598314437,1801235577]}]}]}]},{"name":"NFCT DS RNA 3 TARGETS UPPER RESPIRATORY SPECIMEN","billing_code_type":"CPT","billing_code_type_version":"2020","billing_code":"0240U","description":"NFCT DS RNA 3 TARGETS UPPER RESPIRATORY SPECIMEN","allowed_amounts":[{"tin":{"type":"ein","value":"392598367"},"service_code":["81"],"billing_class":"professional","setting":"outpatient","payments":[{"allowed_amount":48.49,"providers":[{"billed_charge":300.00,"npi":[1124913256,1437504800]}]}]}]},{"name":"OFFICE\/OUTPATIENT ESTABLISHED LOW MDM 20 MIN","billing_code_type":"CPT","billing_code_type_version":"2020","billing_code":"99213","description":"OFFICE\/OUTPATIENT ESTABLISHED LOW MDM 20 MIN","allowed_amounts":[{"tin":{"type":"ein","value":"200678113"},"service_code":["11"],"billing_class":"professional","setting":"outpatient","payments":[{"allowed_amount":41.00,"providers":[{"billed_charge":120.00,"npi":[1801811930]}]}]},{"tin":{"type":"ein","value":"331073820"},"service_code":["11"],"billing_class":"professional","setting":"outpatient","payments":[{"allowed_amount":90.74,"providers":[{"billed_charge":250.00,"npi":[1376602581]}]}]},{"tin":{"type":"ein","value":"461555497"},"service_code":["20"],"billing_class":"professional","setting":"outpatient","payments":[{"allowed_amount":90.74,"providers":[{"billed_charge":241.00,"npi":[1619227592,1942546890]}]}]}]},{"name":"OFFICE\/OUTPATIENT ESTABLISHED MOD MDM 30 MIN","billing_code_type":"CPT","billing_code_type_version":"2020","billing_code":"99214","description":"OFFICE\/OUTPATIENT ESTABLISHED MOD MDM 30 MIN","allowed_amounts":[{"tin":{"type":"ein","value":"381359087"},"service_code":["11"],"billing_class":"professional","setting":"outpatient","payments":[{"allowed_amount":105.78,"providers":[{"billed_charge":215.16,"npi":[1417961137,1700367489]}]}]},{"tin":{"type":"ein","value":"452421166"},"service_code":["11"],"billing_class":"professional","setting":"outpatient","payments":[{"allowed_amount":308.00,"providers":[{"billed_charge":375.00,"npi":[1801176656,1871583021]}]}]},{"tin":{"type":"ein","value":"562384766"},"service_code":["11"],"billing_class":"professional","setting":"outpatient","payments":[{"allowed_amount":128.25,"providers":[{"billed_charge":250.00,"npi":[1487885331,1770713463]}]}]},{"tin":{"type":"ein","value":"841262971"},"service_code":["11"],"billing_class":"professional","setting":"outpatient","payments":[{"allowed_amount":128.25,"providers":[{"billed_charge":254.00,"npi":[1174568653,1215498530,1457494304]}]}]},{"tin":{"type":"ein","value":"861747274"},"service_code":["02"],"billing_class":"professional","setting":"outpatient","payments":[{"allowed_amount":128.25,"providers":[{"billed_charge":262.62,"npi":[1164014874,1821227398]}]}]},{"tin":{"type":"ein","value":"932013924"},"service_code":["10"],"billing_class":"professional","setting":"outpatient","payments":[{"allowed_amount":81.73,"providers":[{"billed_charge":257.00,"npi":[1528744935,1780928085]}]}]}]},{"name":"OFFICE\/OUTPATIENT NEW HIGH MDM 60 MINUTES","billing_code_type":"CPT","billing_code_type_version":"2020","billing_code":"99205","description":"OFFICE\/OUTPATIENT NEW HIGH MDM 60 MINUTES","allowed_amounts":[{"tin":{"type":"ein","value":"841512383"},"service_code":["53"],"billing_class":"professional","setting":"outpatient","payments":[{"allowed_amount":177.05,"providers":[{"billed_charge":734.00,"npi":[1023799301,1497100390,1821552738]}]}]}]},{"name":"OFFICE\/OUTPATIENT NEW LOW MDM 30 MINUTES","billing_code_type":"CPT","billing_code_type_version":"2020","billing_code":"99203","description":"OFFICE\/OUTPATIENT NEW LOW MDM 30 MINUTES","allowed_amounts":[{"tin":{"type":"ein","value":"461555497"},"service_code":["20"],"billing_class":"professional","setting":"outpatient","payments":[{"allowed_amount":112.92,"providers":[{"billed_charge":241.00,"npi":[1225753775,1588179949,1932459930,1942546890]}]}]},{"tin":{"type":"ein","value":"841512383"},"service_code":["53"],"billing_class":"professional","setting":"outpatient","payments":[{"allowed_amount":75.16,"providers":[{"billed_charge":376.00,"npi":[1023799301,1134383516,1821552738]}]}]}]},{"name":"OFFICE\/OUTPATIENT NEW MODERATE MDM 45 MINUTES","billing_code_type":"CPT","billing_code_type_version":"2020","billing_code":"99204","description":"OFFICE\/OUTPATIENT NEW MODERATE MDM 45 MINUTES","allowed_amounts":[{"tin":{"type":"ein","value":"331073820"},"service_code":["11"],"billing_class":"professional","setting":"outpatient","payments":[{"allowed_amount":166.56,"providers":[{"billed_charge":375.00,"npi":[1376602581]}]}]},{"tin":{"type":"ein","value":"841512383"},"service_code":["53"],"billing_class":"professional","setting":"outpatient","payments":[{"allowed_amount":130.67,"providers":[{"billed_charge":557.00,"npi":[1023799301,1578121810,1821552738]}]}]}]},{"name":"PERIODIC PREVENTIVE MED EST PATIENT 5-11YRS","billing_code_type":"CPT","billing_code_type_version":"2020","billing_code":"99393","description":"PERIODIC PREVENTIVE MED EST PATIENT 5-11YRS","allowed_amounts":[{"tin":{"type":"ein","value":"560794933"},"service_code":["11"],"billing_class":"professional","setting":"outpatient","payments":[{"allowed_amount":96.67,"providers":[{"billed_charge":218.98,"npi":[1225029051,1720786502]}]}]}]},{"name":"PHARMACY","billing_code_type":"RC","billing_code_type_version":"UB04","billing_code":"0250","description":"PHARMACY","allowed_amounts":[{"tin":{"type":"ein","value":"540506332"},"billing_class":"institutional","setting":"inpatient","payments":[{"allowed_amount":0.00,"providers":[{"billed_charge":135.00,"npi":[1154307155,1902064157]}]}]}]},{"name":"PRESSURE PNEUM APPL HALF LEG","billing_code_type":"HCPCS","billing_code_type_version":"HCPCS LEVEL II 2021","billing_code":"E0673","description":"PRESSURE PNEUM APPL HALF LEG","allowed_amounts":[{"tin":{"type":"ein","value":"204959083"},"service_code":["24"],"billing_class":"professional","setting":"outpatient","payments":[{"allowed_amount":116.84,"providers":[{"billed_charge":291.58,"npi":[1174590434,1932144383]}]}]}]},{"name":"PREV MED CNSL&\/RSK FCTR RDCTJ INDV APPROX 45 MIN","billing_code_type":"CPT","billing_code_type_version":"2020","billing_code":"99403","description":"PREV MED CNSL&\/RSK FCTR RDCTJ INDV APPROX 45 MIN","allowed_amounts":[{"tin":{"type":"ein","value":"332367213"},"service_code":["11"],"billing_class":"professional","setting":"outpatient","payments":[{"allowed_amount":85.64,"providers":[{"billed_charge":400.00,"npi":[1194478461,1528866829]}]}]}]},{"name":"PSYCHIATRIC","billing_code_type":"RC","billing_code_type_version":"UB04","billing_code":"0124","description":"PSYCHIATRIC","allowed_amounts":[{"tin":{"type":"ein","value":"540506332"},"billing_class":"institutional","setting":"inpatient","payments":[{"allowed_amount":15523.00,"providers":[{"billed_charge":10500.00,"npi":[1154307155,1902064157]}]}]}]},{"name":"PSYCHIATRIC DIAGNOSTIC EVALUATION","billing_code_type":"CPT","billing_code_type_version":"2020","billing_code":"90791","description":"PSYCHIATRIC DIAGNOSTIC EVALUATION","allowed_amounts":[{"tin":{"type":"ein","value":"833581895"},"service_code":["11"],"billing_class":"professional","setting":"outpatient","payments":[{"allowed_amount":168.61,"providers":[{"billed_charge":225.00,"npi":[1851696082]}]}]}]},{"name":"PSYCHOTHERAPY COMPLEX INTERACTIVE","billing_code_type":"CPT","billing_code_type_version":"2020","billing_code":"90785","description":"PSYCHOTHERAPY COMPLEX INTERACTIVE","allowed_amounts":[{"tin":{"type":"ein","value":"833581895"},"service_code":["11"],"billing_class":"professional","setting":"outpatient","payments":[{"allowed_amount":14.34,"providers":[{"billed_charge":30.00,"npi":[1851696082]}]}]}]},{"name":"PSYCHOTHERAPY W\/PATIENT 45 MINUTES","billing_code_type":"CPT","billing_code_type_version":"2020","billing_code":"90834","description":"PSYCHOTHERAPY W\/PATIENT 45 MINUTES","allowed_amounts":[{"tin":{"type":"ein","value":"261157378"},"service_code":["11"],"billing_class":"professional","setting":"outpatient","payments":[{"allowed_amount":156.24,"providers":[{"billed_charge":325.00,"npi":[1144210782]}]}]},{"tin":{"type":"ein","value":"474944373"},"service_code":["11"],"billing_class":"professional","setting":"outpatient","payments":[{"allowed_amount":108.19,"providers":[{"billed_charge":160.00,"npi":[1558735266,1598380982]}]}]}]},{"name":"PSYCHOTHERAPY W\/PATIENT 60 MINUTES","billing_code_type":"CPT","billing_code_type_version":"2020","billing_code":"90837","description":"PSYCHOTHERAPY W\/PATIENT 60 MINUTES","allowed_amounts":[{"tin":{"type":"ein","value":"273995406"},"service_code":["11"],"billing_class":"professional","setting":"outpatient","payments":[{"allowed_amount":177.05,"providers":[{"billed_charge":200.00,"npi":[1427460237,1538462783]}]}]},{"tin":{"type":"ein","value":"811541867"},"service_code":["10"],"billing_class":"professional","setting":"outpatient","payments":[{"allowed_amount":0.00,"providers":[{"billed_charge":180.00,"npi":[1861859407]}]}]},{"tin":{"type":"ein","value":"833581895"},"service_code":["11"],"billing_class":"professional","setting":"outpatient","payments":[{"allowed_amount":156.10,"providers":[{"billed_charge":185.00,"npi":[1851696082]}]}]}]},{"name":"RADEX FOOT COMPLETE MINIMUM 3 VIEWS","billing_code_type":"CPT","billing_code_type_version":"2020","billing_code":"73630","description":"RADEX FOOT COMPLETE MINIMUM 3 VIEWS","allowed_amounts":[{"tin":{"type":"ein","value":"921281848"},"service_code":["22"],"billing_class":"professional","setting":"outpatient","payments":[{"allowed_amount":18.17,"providers":[{"billed_charge":35.00,"npi":[1205321882,1326090762]}]}]}]},{"name":"RADEX SPINE LUMBOSACRAL 2\/3 VIEWS","billing_code_type":"CPT","billing_code_type_version":"2020","billing_code":"72100","description":"RADEX SPINE LUMBOSACRAL 2\/3 VIEWS","allowed_amounts":[{"tin":{"type":"ein","value":"200678113"},"service_code":["11"],"billing_class":"professional","setting":"outpatient","payments":[{"allowed_amount":0.00,"providers":[{"billed_charge":165.00,"npi":[1801811930]}]}]}]},{"name":"RADIOLOGIC EXAM CHEST 2 VIEWS","billing_code_type":"CPT","billing_code_type_version":"2020","billing_code":"71046","description":"RADIOLOGIC EXAM CHEST 2 VIEWS","allowed_amounts":[{"tin":{"type":"ein","value":"461555497"},"service_code":["20"],"billing_class":"professional","setting":"outpatient","payments":[{"allowed_amount":30.16,"providers":[{"billed_charge":120.00,"npi":[1588179949,1942546890]}]}]},{"tin":{"type":"ein","value":"921281848"},"service_code":["23"],"billing_class":"professional","setting":"outpatient","payments":[{"allowed_amount":23.48,"providers":[{"billed_charge":46.00,"npi":[1053721258,1265454086]}]}]}]},{"name":"RADIOLOGIC EXAM CHEST SINGLE VIEW","billing_code_type":"CPT","billing_code_type_version":"2020","billing_code":"71045","description":"RADIOLOGIC EXAM CHEST SINGLE VIEW","allowed_amounts":[{"tin":{"type":"ein","value":"843873030"},"service_code":["21"],"billing_class":"professional","setting":"inpatient","payments":[{"allowed_amount":9.97,"providers":[{"billed_charge":41.00,"npi":[1073877262,1144538323,1457306359,1518594480]}]}]}]},{"name":"SCREENING TEST PURE TONE AIR ONLY","billing_code_type":"CPT","billing_code_type_version":"2020","billing_code":"92551","description":"SCREENING TEST PURE TONE AIR ONLY","allowed_amounts":[{"tin":{"type":"ein","value":"560794933"},"service_code":["11"],"billing_class":"professional","setting":"outpatient","payments":[{"allowed_amount":11.30,"providers":[{"billed_charge":17.15,"npi":[1225029051,1720786502]}]}]}]},{"name":"SCREENING TEST VISUAL ACUITY QUANTITATIVE BILAT","billing_code_type":"CPT","billing_code_type_version":"2020","billing_code":"99173","description":"SCREENING TEST VISUAL ACUITY QUANTITATIVE BILAT","allowed_amounts":[{"tin":{"type":"ein","value":"560794933"},"service_code":["11"],"billing_class":"professional","setting":"outpatient","payments":[{"allowed_amount":0.00,"providers":[{"billed_charge":11.70,"npi":[1225029051,1720786502]}]}]}]},{"name":"SKILLED NURSING","billing_code_type":"RC","billing_code_type_version":"UB04","billing_code":"0550","description":"SKILLED NURSING","allowed_amounts":[{"tin":{"type":"ein","value":"932952477"},"billing_class":"institutional","setting":"inpatient","payments":[{"allowed_amount":450.77,"providers":[{"billed_charge":2850.00,"npi":[1699549436]}]}]}]},{"name":"TDAP VACCINE 7 YRS\/> IM","billing_code_type":"CPT","billing_code_type_version":"2020","billing_code":"90715","description":"TDAP VACCINE 7 YRS\/> IM","allowed_amounts":[{"tin":{"type":"ein","value":"381359087"},"service_code":["11"],"billing_class":"professional","setting":"outpatient","payments":[{"allowed_amount":48.75,"providers":[{"billed_charge":56.00,"npi":[1417961137,1700367489]}]}]}]},{"name":"THERAPEUT ACTVITY DIRECT PT CONTACT EACH 15 MIN","billing_code_type":"CPT","billing_code_type_version":"2020","billing_code":"97530","description":"THERAPEUT ACTVITY DIRECT PT CONTACT EACH 15 MIN","allowed_amounts":[{"tin":{"type":"ein","value":"204437997"},"service_code":["11"],"billing_class":"professional","setting":"outpatient","payments":[{"allowed_amount":59.50,"providers":[{"billed_charge":300.00,"npi":[1174568653,1497523351,1811021157]}]}]}]},{"name":"THERAPEUTIC PROPHYLACTIC\/DX INJECTION SUBQ\/IM","billing_code_type":"CPT","billing_code_type_version":"2020","billing_code":"96372","description":"THERAPEUTIC PROPHYLACTIC\/DX INJECTION SUBQ\/IM","allowed_amounts":[{"tin":{"type":"ein","value":"841512383"},"service_code":["53"],"billing_class":"professional","setting":"outpatient","payments":[{"allowed_amount":15.03,"providers":[{"billed_charge":81.00,"npi":[1477022135,1821552738]}]}]}]},{"name":"THYROGLOBULIN ANTIBODY","billing_code_type":"CPT","billing_code_type_version":"2020","billing_code":"86800","description":"THYROGLOBULIN ANTIBODY","allowed_amounts":[{"tin":{"type":"ein","value":"870403206"},"service_code":["81"],"billing_class":"professional","setting":"outpatient","payments":[{"allowed_amount":0.00,"providers":[{"billed_charge":31.82,"npi":[1134750524,1376548271]}]}]}]},{"name":"TRIAMCINOLONE ACET INJ NOS","billing_code_type":"HCPCS","billing_code_type_version":"HCPCS LEVEL II 2021","billing_code":"J3301","description":"TRIAMCINOLONE ACET INJ NOS","allowed_amounts":[{"tin":{"type":"ein","value":"452421166"},"service_code":["11"],"billing_class":"professional","setting":"outpatient","payments":[{"allowed_amount":40.00,"providers":[{"billed_charge":200.00,"npi":[1801176656,1871583021]}]}]}]},{"name":"URNLS DIP STICK\/TABLET RGNT AUTO W\/O MICROSCOPY","billing_code_type":"CPT","billing_code_type_version":"2020","billing_code":"81003","description":"URNLS DIP STICK\/TABLET RGNT AUTO W\/O MICROSCOPY","allowed_amounts":[{"tin":{"type":"ein","value":"461555497"},"service_code":["20"],"billing_class":"professional","setting":"outpatient","payments":[{"allowed_amount":0.94,"providers":[{"billed_charge":10.00,"npi":[1588179949,1942546890]}]}]},{"tin":{"type":"ein","value":"841512383"},"service_code":["55"],"billing_class":"professional","setting":"inpatient","payments":[{"allowed_amount":0.00,"providers":[{"billed_charge":4.00,"npi":[1144601618,1700567096,1821552738]}]}]}]},{"name":"VISIT CHARGE","billing_code_type":"RC","billing_code_type_version":"UB04","billing_code":"0551","description":"VISIT CHARGE","allowed_amounts":[{"tin":{"type":"ein","value":"932952477"},"billing_class":"institutional","setting":"inpatient","payments":[{"allowed_amount":0.00,"providers":[{"billed_charge":1425.00,"npi":[1699549436]},{"billed_charge":2850.00,"npi":[1699549436]}]},{"allowed_amount":0.00,"providers":[{"billed_charge":1425.00,"npi":[1699549436]},{"billed_charge":2850.00,"npi":[1699549436]}]}]},{"tin":{"type":"ein","value":"932952477"},"billing_class":"institutional","setting":"inpatient","payments":[{"allowed_amount":0.00,"providers":[{"billed_charge":1425.00,"npi":[1699549436]},{"billed_charge":2850.00,"npi":[1699549436]}]},{"allowed_amount":0.00,"providers":[{"billed_charge":1425.00,"npi":[1699549436]},{"billed_charge":2850.00,"npi":[1699549436]}]}]}]},{"name":"WALKING BOOT PNEUMATIC AND\/OR VAC","billing_code_type":"HCPCS","billing_code_type_version":"HCPCS LEVEL II 2021","billing_code":"L4361","description":"WALKING BOOT PNEUMATIC AND\/OR VAC","allowed_amounts":[{"tin":{"type":"ein","value":"382392386"},"service_code":["12"],"billing_class":"professional","setting":"outpatient","payments":[{"allowed_amount":273.15,"providers":[{"billed_charge":273.15,"npi":[1134190614,1780763870]}]}]}]}]}
