{"reporting_entity_name": "IEC Group_DBA AmeriBen",
	"reporting_entity_type": "Third Party Administrator",
	"plan_name": "EyeCare Partners, LLC",
	"plan_id_type": "ein",
	"plan_id": "473583245",
	"plan_market_type": "group",
	"last_updated_on": "2024-02-01","Version": "1.0.0","out_of_network":[{"name":"ADAPTIVE BEHAVIOR TX BY PROTOCOL TECH EA 15 MIN","billing_code_type":"CPT","billing_code_type_version":"2020","billing_code":"97153","description":"ADAPTIVE BEHAVIOR TX BY PROTOCOL TECH EA 15 MIN","allowed_amounts":[{"tin":{"type":"ein","value":"811802150"},"service_code":["12"],"billing_class":"professional","payments":[{"allowed_amount":506.25,"billing_code_modifier":[""],"providers":[{"billed_charge":562.50,"npi":[1346786399,1538412762]}]}]}]},{"name":"APPL MODALITY 1\/> AREAS VASOPNEUMATIC DEVICES","billing_code_type":"CPT","billing_code_type_version":"2020","billing_code":"97016","description":"APPL MODALITY 1\/> AREAS VASOPNEUMATIC DEVICES","allowed_amounts":[{"tin":{"type":"ein","value":"270340751"},"service_code":["11"],"billing_class":"professional","payments":[{"allowed_amount":15.28,"billing_code_modifier":[""],"providers":[{"billed_charge":195.00,"npi":[1487885141,1679296636]}]}]}]},{"name":"CHIROPRACTIC MANIPLTV TX EXTRASPINAL 1\/> REGION","billing_code_type":"CPT","billing_code_type_version":"2020","billing_code":"98943","description":"CHIROPRACTIC MANIPLTV TX EXTRASPINAL 1\/> REGION","allowed_amounts":[{"tin":{"type":"ein","value":"870696847"},"service_code":["11"],"billing_class":"professional","payments":[{"allowed_amount":4.25,"billing_code_modifier":[""],"providers":[{"billed_charge":62.00,"npi":[1821137944,1902938327]}]}]}]},{"name":"CHIROPRACTIC MANIPULATIVE TX SPINAL 1-2 REGIONS","billing_code_type":"CPT","billing_code_type_version":"2020","billing_code":"98940","description":"CHIROPRACTIC MANIPULATIVE TX SPINAL 1-2 REGIONS","allowed_amounts":[{"tin":{"type":"ein","value":"311590710"},"service_code":["11"],"billing_class":"professional","payments":[{"allowed_amount":14.30,"billing_code_modifier":[""],"providers":[{"billed_charge":65.00,"npi":[1598764235,1639397771]}]}]}]},{"name":"CHIROPRACTIC MANIPULATIVE TX SPINAL 3-4 REGIONS","billing_code_type":"CPT","billing_code_type_version":"2020","billing_code":"98941","description":"CHIROPRACTIC MANIPULATIVE TX SPINAL 3-4 REGIONS","allowed_amounts":[{"tin":{"type":"ein","value":"161629268"},"service_code":["11"],"billing_class":"professional","payments":[{"allowed_amount":30.60,"billing_code_modifier":[""],"providers":[{"billed_charge":50.00,"npi":[1548459530,1740381730]}]}]},{"tin":{"type":"ein","value":"202490579"},"service_code":["11"],"billing_class":"professional","payments":[{"allowed_amount":30.60,"billing_code_modifier":[""],"providers":[{"billed_charge":40.00,"npi":[1356402713,1770652802,1902689789]}]}]},{"tin":{"type":"ein","value":"431874928"},"service_code":["11"],"billing_class":"professional","payments":[{"allowed_amount":30.60,"billing_code_modifier":[""],"providers":[{"billed_charge":75.00,"npi":[1841234143,1851336010]}]}]},{"tin":{"type":"ein","value":"870696847"},"service_code":["11"],"billing_class":"professional","payments":[{"allowed_amount":30.60,"billing_code_modifier":[""],"providers":[{"billed_charge":72.00,"npi":[1821137944,1902938327]}]}]}]},{"name":"MANUAL THERAPY TQS 1\/> REGIONS EACH 15 MINUTES","billing_code_type":"CPT","billing_code_type_version":"2020","billing_code":"97140","description":"MANUAL THERAPY TQS 1\/> REGIONS EACH 15 MINUTES","allowed_amounts":[{"tin":{"type":"ein","value":"270340751"},"service_code":["11"],"billing_class":"professional","payments":[{"allowed_amount":35.43,"billing_code_modifier":[""],"providers":[{"billed_charge":200.00,"npi":[1487885141,1679296636]}]}]}]},{"name":"MENTL HLTH SRVC PLAN DVLP NON-PHYS","billing_code_type":"HCPCS","billing_code_type_version":"HCPCS LEVEL II 2021","billing_code":"H0032","description":"MENTL HLTH SRVC PLAN DVLP NON-PHYS","allowed_amounts":[{"tin":{"type":"ein","value":"811802150"},"service_code":["11"],"billing_class":"professional","payments":[{"allowed_amount":360.00,"billing_code_modifier":[""],"providers":[{"billed_charge":400.00,"npi":[1346786399,1538412762]}]}]}]},{"name":"PSYCHIATRIC\/PSYCHOLOGICAL SVCS: PARTIAL HOSP - LES","billing_code_type":"RC","billing_code_type_version":"UB04","billing_code":"0912","description":"PSYCHIATRIC\/PSYCHOLOGICAL SVCS: PARTIAL HOSP - LES","allowed_amounts":[{"tin":{"type":"ein","value":"811041935"},"service_code":["22"],"billing_class":"institutional","payments":[{"allowed_amount":2000.00,"billing_code_modifier":[""],"providers":[{"billed_charge":2625.00,"npi":[1558499004,1679094684]}]}]}]},{"name":"PSYCHIATRIC\/PSYCHOLOGICAL TRT: INTENSIVE OUT SERV","billing_code_type":"RC","billing_code_type_version":"UB04","billing_code":"0906","description":"PSYCHIATRIC\/PSYCHOLOGICAL TRT: INTENSIVE OUT SERV","allowed_amounts":[{"tin":{"type":"ein","value":"811041935"},"service_code":["22"],"billing_class":"institutional","payments":[{"allowed_amount":156.85,"billing_code_modifier":[""],"providers":[{"billed_charge":1950.00,"npi":[1558499004,1679094684]}]}]},{"tin":{"type":"ein","value":"811041935"},"service_code":["22"],"billing_class":"institutional","payments":[{"allowed_amount":600.00,"billing_code_modifier":[""],"providers":[{"billed_charge":1950.00,"npi":[1558499004,1679094684]}]}]}]}]}
