{"reporting_entity_name": "IEC Group_DBA AmeriBen",
	"reporting_entity_type": "Third Party Administrator",
	"plan_name": "LA POSADA AT PARK CENTRE INC",
	"plan_id_type": "ein",
	"plan_id": "860828160",
	"plan_market_type": "group",
	"last_updated_on": "2023-10-01","Version": "1.0.0","out_of_network":[{"name":"VISIT CHARGE","billing_code_type":"RC","billing_code_type_version":"UB04","billing_code":"0551","description":"VISIT CHARGE","allowed_amounts":[{"tin":{"type":"ein","value":"811862538"},"service_code":["12"],"billing_class":"institutional","payments":[{"allowed_amount":370.15,"billing_code_modifier":[""],"providers":[{"billed_charge":750.00,"npi":[1497102628,1972955060]}]}]}]}]}
