{"reporting_entity_name": "IEC Group_DBA AmeriBen",
	"reporting_entity_type": "Third Party Administrator",
	"plan_name": "NAEBT",
	"plan_id_type": "ein",
	"plan_id": "356967423",
	"plan_market_type": "group",
	"last_updated_on": "2023-05-01","Version": "1.0.0","out_of_network":[{"name":"ANESTHESIA","billing_code_type":"RC","billing_code_type_version":"UB04","billing_code":"0370","description":"ANESTHESIA","allowed_amounts":[{"tin":{"type":"ein","value":"860800150"},"service_code":["22"],"billing_class":"institutional","payments":[{"allowed_amount":235.00,"billing_code_modifier":[""],"providers":[{"billed_charge":955.00,"npi":[1154392231]},{"billed_charge":2475.00,"npi":[1154392231,1679732036]},{"billed_charge":2550.00,"npi":[1154392231]}]},{"allowed_amount":235.00,"billing_code_modifier":[""],"providers":[{"billed_charge":955.00,"npi":[1154392231]},{"billed_charge":2475.00,"npi":[1154392231,1679732036]},{"billed_charge":2550.00,"npi":[1154392231]}]},{"allowed_amount":235.00,"billing_code_modifier":[""],"providers":[{"billed_charge":955.00,"npi":[1154392231]},{"billed_charge":2475.00,"npi":[1154392231,1679732036]},{"billed_charge":2550.00,"npi":[1154392231]}]}]},{"tin":{"type":"ein","value":"860800150"},"service_code":["22"],"billing_class":"institutional","payments":[{"allowed_amount":235.00,"billing_code_modifier":[""],"providers":[{"billed_charge":955.00,"npi":[1154392231]},{"billed_charge":2475.00,"npi":[1154392231,1679732036]},{"billed_charge":2550.00,"npi":[1154392231]}]},{"allowed_amount":235.00,"billing_code_modifier":[""],"providers":[{"billed_charge":955.00,"npi":[1154392231]},{"billed_charge":2475.00,"npi":[1154392231,1679732036]},{"billed_charge":2550.00,"npi":[1154392231]}]},{"allowed_amount":235.00,"billing_code_modifier":[""],"providers":[{"billed_charge":955.00,"npi":[1154392231]},{"billed_charge":2475.00,"npi":[1154392231,1679732036]},{"billed_charge":2550.00,"npi":[1154392231]}]}]},{"tin":{"type":"ein","value":"860800150"},"service_code":["22"],"billing_class":"institutional","payments":[{"allowed_amount":235.00,"billing_code_modifier":[""],"providers":[{"billed_charge":955.00,"npi":[1154392231]},{"billed_charge":2475.00,"npi":[1154392231,1679732036]},{"billed_charge":2550.00,"npi":[1154392231]}]},{"allowed_amount":235.00,"billing_code_modifier":[""],"providers":[{"billed_charge":955.00,"npi":[1154392231]},{"billed_charge":2475.00,"npi":[1154392231,1679732036]},{"billed_charge":2550.00,"npi":[1154392231]}]},{"allowed_amount":235.00,"billing_code_modifier":[""],"providers":[{"billed_charge":955.00,"npi":[1154392231]},{"billed_charge":2475.00,"npi":[1154392231,1679732036]},{"billed_charge":2550.00,"npi":[1154392231]}]}]}]},{"name":"APPL MODALITY 1\/> AREAS TRACTION MECHANICAL","billing_code_type":"CPT","billing_code_type_version":"2020","billing_code":"97012","description":"APPL MODALITY 1\/> AREAS TRACTION MECHANICAL","allowed_amounts":[{"tin":{"type":"ein","value":"208581562"},"service_code":["11"],"billing_class":"professional","payments":[{"allowed_amount":9.56,"billing_code_modifier":[""],"providers":[{"billed_charge":30.00,"npi":[1801847371]}]}]},{"tin":{"type":"ein","value":"331005741"},"service_code":["11"],"billing_class":"professional","payments":[{"allowed_amount":9.56,"billing_code_modifier":[""],"providers":[{"billed_charge":25.00,"npi":[1184637373,1649350604]}]}]}]},{"name":"CHIROPRACTIC MANIPULATIVE TX SPINAL 3-4 REGIONS","billing_code_type":"CPT","billing_code_type_version":"2020","billing_code":"98941","description":"CHIROPRACTIC MANIPULATIVE TX SPINAL 3-4 REGIONS","allowed_amounts":[{"tin":{"type":"ein","value":"208581562"},"service_code":["11"],"billing_class":"professional","payments":[{"allowed_amount":27.00,"billing_code_modifier":[""],"providers":[{"billed_charge":65.00,"npi":[1801847371]}]}]},{"tin":{"type":"ein","value":"331005741"},"service_code":["11"],"billing_class":"professional","payments":[{"allowed_amount":27.00,"billing_code_modifier":[""],"providers":[{"billed_charge":50.00,"npi":[1184637373,1649350604]}]}]},{"tin":{"type":"ein","value":"870716733"},"service_code":["11"],"billing_class":"professional","payments":[{"allowed_amount":27.00,"billing_code_modifier":[""],"providers":[{"billed_charge":70.00,"npi":[1831288331]}]}]}]},{"name":"OFFICE\/OUTPATIENT EST PT MAY NOT REQ PHYS\/QHP","billing_code_type":"CPT","billing_code_type_version":"2020","billing_code":"99211","description":"OFFICE\/OUTPATIENT EST PT MAY NOT REQ PHYS\/QHP","allowed_amounts":[{"tin":{"type":"ein","value":"871979881"},"service_code":["11"],"billing_class":"professional","payments":[{"allowed_amount":22.54,"billing_code_modifier":[""],"providers":[{"billed_charge":60.00,"npi":[1942278676,1962177022]}]}]}]},{"name":"RADIOLOGY - THERAPEUTIC: RADIATION THERAPY","billing_code_type":"RC","billing_code_type_version":"UB04","billing_code":"0333","description":"RADIOLOGY - THERAPEUTIC: RADIATION THERAPY","allowed_amounts":[{"tin":{"type":"ein","value":"860800150"},"service_code":["22"],"billing_class":"institutional","payments":[{"allowed_amount":56.80,"billing_code_modifier":[""],"providers":[{"billed_charge":186.00,"npi":[1154392231,1679732036]}]}]},{"tin":{"type":"ein","value":"860800150"},"service_code":["22"],"billing_class":"institutional","payments":[{"allowed_amount":311.06,"billing_code_modifier":[""],"providers":[{"billed_charge":4718.00,"npi":[1154392231,1679732036]}]}]}]},{"name":"RECOVERY ROOM","billing_code_type":"RC","billing_code_type_version":"UB04","billing_code":"0710","description":"RECOVERY ROOM","allowed_amounts":[{"tin":{"type":"ein","value":"860800150"},"service_code":["22"],"billing_class":"institutional","payments":[{"allowed_amount":0.00,"billing_code_modifier":[""],"providers":[{"billed_charge":3065.00,"npi":[1154392231,1679732036]},{"billed_charge":3380.00,"npi":[1154392231,1679732036]},{"billed_charge":3695.00,"npi":[1154392231,1679732036]},{"billed_charge":4010.00,"npi":[1154392231,1679732036]},{"billed_charge":4640.00,"npi":[1154392231,1679732036]}]},{"allowed_amount":0.00,"billing_code_modifier":[""],"providers":[{"billed_charge":3065.00,"npi":[1154392231,1679732036]},{"billed_charge":3380.00,"npi":[1154392231,1679732036]},{"billed_charge":3695.00,"npi":[1154392231,1679732036]},{"billed_charge":4010.00,"npi":[1154392231,1679732036]},{"billed_charge":4640.00,"npi":[1154392231,1679732036]}]},{"allowed_amount":0.00,"billing_code_modifier":[""],"providers":[{"billed_charge":3065.00,"npi":[1154392231,1679732036]},{"billed_charge":3380.00,"npi":[1154392231,1679732036]},{"billed_charge":3695.00,"npi":[1154392231,1679732036]},{"billed_charge":4010.00,"npi":[1154392231,1679732036]},{"billed_charge":4640.00,"npi":[1154392231,1679732036]}]},{"allowed_amount":0.00,"billing_code_modifier":[""],"providers":[{"billed_charge":3065.00,"npi":[1154392231,1679732036]},{"billed_charge":3380.00,"npi":[1154392231,1679732036]},{"billed_charge":3695.00,"npi":[1154392231,1679732036]},{"billed_charge":4010.00,"npi":[1154392231,1679732036]},{"billed_charge":4640.00,"npi":[1154392231,1679732036]}]},{"allowed_amount":0.00,"billing_code_modifier":[""],"providers":[{"billed_charge":3065.00,"npi":[1154392231,1679732036]},{"billed_charge":3380.00,"npi":[1154392231,1679732036]},{"billed_charge":3695.00,"npi":[1154392231,1679732036]},{"billed_charge":4010.00,"npi":[1154392231,1679732036]},{"billed_charge":4640.00,"npi":[1154392231,1679732036]}]}]},{"tin":{"type":"ein","value":"860800150"},"service_code":["22"],"billing_class":"institutional","payments":[{"allowed_amount":0.00,"billing_code_modifier":[""],"providers":[{"billed_charge":3065.00,"npi":[1154392231,1679732036]},{"billed_charge":3380.00,"npi":[1154392231,1679732036]},{"billed_charge":3695.00,"npi":[1154392231,1679732036]},{"billed_charge":4010.00,"npi":[1154392231,1679732036]},{"billed_charge":4640.00,"npi":[1154392231,1679732036]}]},{"allowed_amount":0.00,"billing_code_modifier":[""],"providers":[{"billed_charge":3065.00,"npi":[1154392231,1679732036]},{"billed_charge":3380.00,"npi":[1154392231,1679732036]},{"billed_charge":3695.00,"npi":[1154392231,1679732036]},{"billed_charge":4010.00,"npi":[1154392231,1679732036]},{"billed_charge":4640.00,"npi":[1154392231,1679732036]}]},{"allowed_amount":0.00,"billing_code_modifier":[""],"providers":[{"billed_charge":3065.00,"npi":[1154392231,1679732036]},{"billed_charge":3380.00,"npi":[1154392231,1679732036]},{"billed_charge":3695.00,"npi":[1154392231,1679732036]},{"billed_charge":4010.00,"npi":[1154392231,1679732036]},{"billed_charge":4640.00,"npi":[1154392231,1679732036]}]},{"allowed_amount":0.00,"billing_code_modifier":[""],"providers":[{"billed_charge":3065.00,"npi":[1154392231,1679732036]},{"billed_charge":3380.00,"npi":[1154392231,1679732036]},{"billed_charge":3695.00,"npi":[1154392231,1679732036]},{"billed_charge":4010.00,"npi":[1154392231,1679732036]},{"billed_charge":4640.00,"npi":[1154392231,1679732036]}]},{"allowed_amount":0.00,"billing_code_modifier":[""],"providers":[{"billed_charge":3065.00,"npi":[1154392231,1679732036]},{"billed_charge":3380.00,"npi":[1154392231,1679732036]},{"billed_charge":3695.00,"npi":[1154392231,1679732036]},{"billed_charge":4010.00,"npi":[1154392231,1679732036]},{"billed_charge":4640.00,"npi":[1154392231,1679732036]}]}]},{"tin":{"type":"ein","value":"860800150"},"service_code":["22"],"billing_class":"institutional","payments":[{"allowed_amount":0.00,"billing_code_modifier":[""],"providers":[{"billed_charge":3065.00,"npi":[1154392231,1679732036]},{"billed_charge":3380.00,"npi":[1154392231,1679732036]},{"billed_charge":3695.00,"npi":[1154392231,1679732036]},{"billed_charge":4010.00,"npi":[1154392231,1679732036]},{"billed_charge":4640.00,"npi":[1154392231,1679732036]}]},{"allowed_amount":0.00,"billing_code_modifier":[""],"providers":[{"billed_charge":3065.00,"npi":[1154392231,1679732036]},{"billed_charge":3380.00,"npi":[1154392231,1679732036]},{"billed_charge":3695.00,"npi":[1154392231,1679732036]},{"billed_charge":4010.00,"npi":[1154392231,1679732036]},{"billed_charge":4640.00,"npi":[1154392231,1679732036]}]},{"allowed_amount":0.00,"billing_code_modifier":[""],"providers":[{"billed_charge":3065.00,"npi":[1154392231,1679732036]},{"billed_charge":3380.00,"npi":[1154392231,1679732036]},{"billed_charge":3695.00,"npi":[1154392231,1679732036]},{"billed_charge":4010.00,"npi":[1154392231,1679732036]},{"billed_charge":4640.00,"npi":[1154392231,1679732036]}]},{"allowed_amount":0.00,"billing_code_modifier":[""],"providers":[{"billed_charge":3065.00,"npi":[1154392231,1679732036]},{"billed_charge":3380.00,"npi":[1154392231,1679732036]},{"billed_charge":3695.00,"npi":[1154392231,1679732036]},{"billed_charge":4010.00,"npi":[1154392231,1679732036]},{"billed_charge":4640.00,"npi":[1154392231,1679732036]}]},{"allowed_amount":0.00,"billing_code_modifier":[""],"providers":[{"billed_charge":3065.00,"npi":[1154392231,1679732036]},{"billed_charge":3380.00,"npi":[1154392231,1679732036]},{"billed_charge":3695.00,"npi":[1154392231,1679732036]},{"billed_charge":4010.00,"npi":[1154392231,1679732036]},{"billed_charge":4640.00,"npi":[1154392231,1679732036]}]}]},{"tin":{"type":"ein","value":"860800150"},"service_code":["22"],"billing_class":"institutional","payments":[{"allowed_amount":0.00,"billing_code_modifier":[""],"providers":[{"billed_charge":3065.00,"npi":[1154392231,1679732036]},{"billed_charge":3380.00,"npi":[1154392231,1679732036]},{"billed_charge":3695.00,"npi":[1154392231,1679732036]},{"billed_charge":4010.00,"npi":[1154392231,1679732036]},{"billed_charge":4640.00,"npi":[1154392231,1679732036]}]},{"allowed_amount":0.00,"billing_code_modifier":[""],"providers":[{"billed_charge":3065.00,"npi":[1154392231,1679732036]},{"billed_charge":3380.00,"npi":[1154392231,1679732036]},{"billed_charge":3695.00,"npi":[1154392231,1679732036]},{"billed_charge":4010.00,"npi":[1154392231,1679732036]},{"billed_charge":4640.00,"npi":[1154392231,1679732036]}]},{"allowed_amount":0.00,"billing_code_modifier":[""],"providers":[{"billed_charge":3065.00,"npi":[1154392231,1679732036]},{"billed_charge":3380.00,"npi":[1154392231,1679732036]},{"billed_charge":3695.00,"npi":[1154392231,1679732036]},{"billed_charge":4010.00,"npi":[1154392231,1679732036]},{"billed_charge":4640.00,"npi":[1154392231,1679732036]}]},{"allowed_amount":0.00,"billing_code_modifier":[""],"providers":[{"billed_charge":3065.00,"npi":[1154392231,1679732036]},{"billed_charge":3380.00,"npi":[1154392231,1679732036]},{"billed_charge":3695.00,"npi":[1154392231,1679732036]},{"billed_charge":4010.00,"npi":[1154392231,1679732036]},{"billed_charge":4640.00,"npi":[1154392231,1679732036]}]},{"allowed_amount":0.00,"billing_code_modifier":[""],"providers":[{"billed_charge":3065.00,"npi":[1154392231,1679732036]},{"billed_charge":3380.00,"npi":[1154392231,1679732036]},{"billed_charge":3695.00,"npi":[1154392231,1679732036]},{"billed_charge":4010.00,"npi":[1154392231,1679732036]},{"billed_charge":4640.00,"npi":[1154392231,1679732036]}]}]},{"tin":{"type":"ein","value":"860800150"},"service_code":["22"],"billing_class":"institutional","payments":[{"allowed_amount":0.00,"billing_code_modifier":[""],"providers":[{"billed_charge":3065.00,"npi":[1154392231,1679732036]},{"billed_charge":3380.00,"npi":[1154392231,1679732036]},{"billed_charge":3695.00,"npi":[1154392231,1679732036]},{"billed_charge":4010.00,"npi":[1154392231,1679732036]},{"billed_charge":4640.00,"npi":[1154392231,1679732036]}]},{"allowed_amount":0.00,"billing_code_modifier":[""],"providers":[{"billed_charge":3065.00,"npi":[1154392231,1679732036]},{"billed_charge":3380.00,"npi":[1154392231,1679732036]},{"billed_charge":3695.00,"npi":[1154392231,1679732036]},{"billed_charge":4010.00,"npi":[1154392231,1679732036]},{"billed_charge":4640.00,"npi":[1154392231,1679732036]}]},{"allowed_amount":0.00,"billing_code_modifier":[""],"providers":[{"billed_charge":3065.00,"npi":[1154392231,1679732036]},{"billed_charge":3380.00,"npi":[1154392231,1679732036]},{"billed_charge":3695.00,"npi":[1154392231,1679732036]},{"billed_charge":4010.00,"npi":[1154392231,1679732036]},{"billed_charge":4640.00,"npi":[1154392231,1679732036]}]},{"allowed_amount":0.00,"billing_code_modifier":[""],"providers":[{"billed_charge":3065.00,"npi":[1154392231,1679732036]},{"billed_charge":3380.00,"npi":[1154392231,1679732036]},{"billed_charge":3695.00,"npi":[1154392231,1679732036]},{"billed_charge":4010.00,"npi":[1154392231,1679732036]},{"billed_charge":4640.00,"npi":[1154392231,1679732036]}]},{"allowed_amount":0.00,"billing_code_modifier":[""],"providers":[{"billed_charge":3065.00,"npi":[1154392231,1679732036]},{"billed_charge":3380.00,"npi":[1154392231,1679732036]},{"billed_charge":3695.00,"npi":[1154392231,1679732036]},{"billed_charge":4010.00,"npi":[1154392231,1679732036]},{"billed_charge":4640.00,"npi":[1154392231,1679732036]}]}]}]}]}
