{"reporting_entity_name": "IEC Group_DBA AmeriBen",
	"reporting_entity_type": "Third Party Administrator",
	"plan_name": "INGRAM MICRO, INC",
	"plan_id_type": "ein",
	"plan_id": "621644402",
	"plan_market_type": "group",
	"last_updated_on": "2024-10-01","Version": "1.0.0","out_of_network":[{"name":"APPLICATION MODALITY 1\/> AREAS INFRARED","billing_code_type":"CPT","billing_code_type_version":"2020","billing_code":"97026","description":"APPLICATION MODALITY 1\/> AREAS INFRARED","allowed_amounts":[{"tin":{"type":"ein","value":"900777857"},"service_code":["11"],"billing_class":"professional","payments":[{"allowed_amount":30.00,"billing_code_modifier":[""],"providers":[{"billed_charge":45.00,"npi":[1598808404,1629321260]}]}]}]},{"name":"CHIROPRACTIC MANIPULATIVE TX SPINAL 3-4 REGIONS","billing_code_type":"CPT","billing_code_type_version":"2020","billing_code":"98941","description":"CHIROPRACTIC MANIPULATIVE TX SPINAL 3-4 REGIONS","allowed_amounts":[{"tin":{"type":"ein","value":"900777857"},"service_code":["11"],"billing_class":"professional","payments":[{"allowed_amount":65.00,"billing_code_modifier":[""],"providers":[{"billed_charge":65.00,"npi":[1598808404,1629321260]}]}]}]},{"name":"PARENTERAL ADMINISTRATION KI","billing_code_type":"HCPCS","billing_code_type_version":"HCPCS LEVEL II 2021","billing_code":"B4224","description":"PARENTERAL ADMINISTRATION KI","allowed_amounts":[{"tin":{"type":"ein","value":"232474589"},"service_code":["65"],"billing_class":"professional","payments":[{"allowed_amount":12.98,"billing_code_modifier":[""],"providers":[{"billed_charge":60.00,"npi":[1114470390,1477946069]}]}]}]},{"name":"PARENTERAL SOL 74-100 GM PRO","billing_code_type":"HCPCS","billing_code_type_version":"HCPCS LEVEL II 2021","billing_code":"B4197","description":"PARENTERAL SOL 74-100 GM PRO","allowed_amounts":[{"tin":{"type":"ein","value":"232474589"},"service_code":["65"],"billing_class":"professional","payments":[{"allowed_amount":131.25,"billing_code_modifier":[""],"providers":[{"billed_charge":667.00,"npi":[1114470390,1477946069]}]}]}]},{"name":"PARENTERAL SUPPLY KIT PREMIX","billing_code_type":"HCPCS","billing_code_type_version":"HCPCS LEVEL II 2021","billing_code":"B4220","description":"PARENTERAL SUPPLY KIT PREMIX","allowed_amounts":[{"tin":{"type":"ein","value":"232474589"},"service_code":["65"],"billing_class":"professional","payments":[{"allowed_amount":4.17,"billing_code_modifier":[""],"providers":[{"billed_charge":15.00,"npi":[1114470390,1477946069]}]}]}]},{"name":"PSYCHIATRIC\/PSYCHOLOGICAL SVCS: INDIVIDUAL THERAPY","billing_code_type":"RC","billing_code_type_version":"UB04","billing_code":"0914","description":"PSYCHIATRIC\/PSYCHOLOGICAL SVCS: INDIVIDUAL THERAPY","allowed_amounts":[{"tin":{"type":"ein","value":"844582670"},"service_code":["99"],"billing_class":"institutional","payments":[{"allowed_amount":156.75,"billing_code_modifier":[""],"providers":[{"billed_charge":950.00,"npi":[1275279176,1326716143,1861620270]}]}]}]},{"name":"RESIDENTIAL TREATMENT-CHEMICAL DEPENDENCY","billing_code_type":"RC","billing_code_type_version":"UB04","billing_code":"1002","description":"RESIDENTIAL TREATMENT-CHEMICAL DEPENDENCY","allowed_amounts":[{"tin":{"type":"ein","value":"845141653"},"service_code":["21"],"billing_class":"institutional","payments":[{"allowed_amount":2500.00,"billing_code_modifier":[""],"providers":[{"billed_charge":5000.00,"npi":[1083296636,1376528489]}]}]}]},{"name":"THERAPEUTIC PX 1\/> AREAS EACH 15 MIN EXERCISES","billing_code_type":"CPT","billing_code_type_version":"2020","billing_code":"97110","description":"THERAPEUTIC PX 1\/> AREAS EACH 15 MIN EXERCISES","allowed_amounts":[{"tin":{"type":"ein","value":"900777857"},"service_code":["11"],"billing_class":"professional","payments":[{"allowed_amount":53.33,"billing_code_modifier":[""],"providers":[{"billed_charge":75.00,"npi":[1598808404,1629321260]}]}]}]}]}
