{"reporting_entity_name": "IEC Group_DBA AmeriBen",
	"reporting_entity_type": "Third Party Administrator",
	"plan_name": "GKN DRIVELINE N AMERICA INC",
	"plan_id_type": "ein",
	"plan_id": "132886932",
	"plan_market_type": "group",
	"last_updated_on": "2023-04-03","Version": "1.0.0","out_of_network":[{"name":"DRUGS REQUIRE SPECIFIC ID: DRUGS REQUIRING DETAIL","billing_code_type":"RC","billing_code_type_version":"UB04","billing_code":"0636","description":"DRUGS REQUIRE SPECIFIC ID: DRUGS REQUIRING DETAIL","allowed_amounts":[{"tin":{"type":"ein","value":"043085674"},"service_code":["65"],"billing_class":"institutional","payments":[{"allowed_amount":7.72,"billing_code_modifier":[""],"providers":[{"billed_charge":280.60,"npi":[1841562774,1861504672]}]}]},{"tin":{"type":"ein","value":"043085674"},"service_code":["65"],"billing_class":"institutional","payments":[{"allowed_amount":7.88,"billing_code_modifier":[""],"providers":[{"billed_charge":280.60,"npi":[1841562774,1861504672]}]}]},{"tin":{"type":"ein","value":"043085674"},"service_code":["65"],"billing_class":"institutional","payments":[{"allowed_amount":10.81,"billing_code_modifier":[""],"providers":[{"billed_charge":392.84,"npi":[1841562774,1861504672]}]}]},{"tin":{"type":"ein","value":"043085674"},"service_code":["65"],"billing_class":"institutional","payments":[{"allowed_amount":11.02,"billing_code_modifier":[""],"providers":[{"billed_charge":392.84,"npi":[1841562774,1861504672]}]}]},{"tin":{"type":"ein","value":"680594301"},"service_code":["65"],"billing_class":"institutional","payments":[{"allowed_amount":6.89,"billing_code_modifier":[""],"providers":[{"billed_charge":224.48,"npi":[1164678744,1215097332]},{"billed_charge":280.60,"npi":[1134173123,1215097332]}]},{"allowed_amount":6.89,"billing_code_modifier":[""],"providers":[{"billed_charge":224.48,"npi":[1164678744,1215097332]},{"billed_charge":280.60,"npi":[1134173123,1215097332]}]}]},{"tin":{"type":"ein","value":"680594301"},"service_code":["65"],"billing_class":"institutional","payments":[{"allowed_amount":6.89,"billing_code_modifier":[""],"providers":[{"billed_charge":224.48,"npi":[1164678744,1215097332]},{"billed_charge":280.60,"npi":[1134173123,1215097332]}]},{"allowed_amount":6.89,"billing_code_modifier":[""],"providers":[{"billed_charge":224.48,"npi":[1164678744,1215097332]},{"billed_charge":280.60,"npi":[1134173123,1215097332]}]}]},{"tin":{"type":"ein","value":"680594301"},"service_code":["65"],"billing_class":"institutional","payments":[{"allowed_amount":7.72,"billing_code_modifier":[""],"providers":[{"billed_charge":267.26,"npi":[1134173123,1215097332]}]}]},{"tin":{"type":"ein","value":"680594301"},"service_code":["65"],"billing_class":"institutional","payments":[{"allowed_amount":8.15,"billing_code_modifier":[""],"providers":[{"billed_charge":280.60,"npi":[1134173123,1215097332]}]}]}]},{"name":"HEMO OPD\/HOME: HEMODIALYSIS COMP OR OTHER RATE","billing_code_type":"RC","billing_code_type_version":"UB04","billing_code":"0821","description":"HEMO OPD\/HOME: HEMODIALYSIS COMP OR OTHER RATE","allowed_amounts":[{"tin":{"type":"ein","value":"043085674"},"service_code":["65"],"billing_class":"institutional","payments":[{"allowed_amount":220.41,"billing_code_modifier":[""],"providers":[{"billed_charge":8010.89,"npi":[1841562774,1861504672]}]}]},{"tin":{"type":"ein","value":"043085674"},"service_code":["65"],"billing_class":"institutional","payments":[{"allowed_amount":224.73,"billing_code_modifier":[""],"providers":[{"billed_charge":8010.89,"npi":[1841562774,1861504672]}]}]},{"tin":{"type":"ein","value":"680594301"},"service_code":["65"],"billing_class":"institutional","payments":[{"allowed_amount":220.41,"billing_code_modifier":[""],"providers":[{"billed_charge":7629.42,"npi":[1134173123,1215097332]}]}]}]},{"name":"INF AGT DET DNA\/RNA;SARS-COV-2 COVID-19 AMP P T","billing_code_type":"HCPCS","billing_code_type_version":"HCPCS LEVEL II 2021","billing_code":"U0003","description":"INF AGT DET DNA\/RNA;SARS-COV-2 COVID-19 AMP P T","allowed_amounts":[{"tin":{"type":"ein","value":"371794430"},"service_code":["81"],"billing_class":"professional","payments":[{"allowed_amount":90.00,"billing_code_modifier":[""],"providers":[{"billed_charge":200.00,"npi":[1023479623,1760540421]}]}]},{"tin":{"type":"ein","value":"473727159"},"service_code":["81"],"billing_class":"professional","payments":[{"allowed_amount":90.00,"billing_code_modifier":[""],"providers":[{"billed_charge":125.00,"npi":[1033722970,1578980504,1609485259,1740533736,1912521568]}]}]},{"tin":{"type":"ein","value":"880241758"},"service_code":["81"],"billing_class":"professional","payments":[{"allowed_amount":90.00,"billing_code_modifier":[""],"providers":[{"billed_charge":100.00,"npi":[1124417357,1578561015]}]}]}]},{"name":"MEDICAL\/SURGICAL SUPPLIES","billing_code_type":"RC","billing_code_type_version":"UB04","billing_code":"0270","description":"MEDICAL\/SURGICAL SUPPLIES","allowed_amounts":[{"tin":{"type":"ein","value":"043054876"},"service_code":["65"],"billing_class":"institutional","payments":[{"allowed_amount":3.26,"billing_code_modifier":[""],"providers":[{"billed_charge":135.24,"npi":[1134173123,1194973214]}]}]},{"tin":{"type":"ein","value":"043054876"},"service_code":["65"],"billing_class":"institutional","payments":[{"allowed_amount":3.69,"billing_code_modifier":[""],"providers":[{"billed_charge":135.24,"npi":[1134173123,1194973214]}]}]},{"tin":{"type":"ein","value":"043054876"},"service_code":["65"],"billing_class":"institutional","payments":[{"allowed_amount":4.38,"billing_code_modifier":[""],"providers":[{"billed_charge":135.24,"npi":[1134173123,1194973214]}]}]},{"tin":{"type":"ein","value":"043085674"},"service_code":["65"],"billing_class":"institutional","payments":[{"allowed_amount":3.72,"billing_code_modifier":[""],"providers":[{"billed_charge":135.24,"npi":[1841562774,1861504672]}]}]},{"tin":{"type":"ein","value":"043085674"},"service_code":["65"],"billing_class":"institutional","payments":[{"allowed_amount":3.80,"billing_code_modifier":[""],"providers":[{"billed_charge":135.24,"npi":[1841562774,1861504672]}]}]},{"tin":{"type":"ein","value":"680594301"},"service_code":["65"],"billing_class":"institutional","payments":[{"allowed_amount":2.53,"billing_code_modifier":[""],"providers":[{"billed_charge":135.24,"npi":[1134173123,1215097332]}]}]},{"tin":{"type":"ein","value":"680594301"},"service_code":["65"],"billing_class":"institutional","payments":[{"allowed_amount":2.61,"billing_code_modifier":[""],"providers":[{"billed_charge":135.24,"npi":[1164678744,1215097332]}]}]},{"tin":{"type":"ein","value":"680594301"},"service_code":["65"],"billing_class":"institutional","payments":[{"allowed_amount":2.99,"billing_code_modifier":[""],"providers":[{"billed_charge":135.24,"npi":[1134173123,1215097332]}]}]},{"tin":{"type":"ein","value":"680594301"},"service_code":["65"],"billing_class":"institutional","payments":[{"allowed_amount":3.26,"billing_code_modifier":[""],"providers":[{"billed_charge":128.80,"npi":[1134173123,1215097332]}]}]},{"tin":{"type":"ein","value":"680594301"},"service_code":["65"],"billing_class":"institutional","payments":[{"allowed_amount":3.30,"billing_code_modifier":[""],"providers":[{"billed_charge":128.80,"npi":[1134173123,1215097332]}]}]},{"tin":{"type":"ein","value":"680594301"},"service_code":["65"],"billing_class":"institutional","payments":[{"allowed_amount":3.32,"billing_code_modifier":[""],"providers":[{"billed_charge":135.24,"npi":[1134173123,1215097332]}]}]},{"tin":{"type":"ein","value":"680594301"},"service_code":["65"],"billing_class":"institutional","payments":[{"allowed_amount":3.36,"billing_code_modifier":[""],"providers":[{"billed_charge":128.80,"npi":[1134173123,1215097332]}]}]},{"tin":{"type":"ein","value":"680594301"},"service_code":["65"],"billing_class":"institutional","payments":[{"allowed_amount":3.44,"billing_code_modifier":[""],"providers":[{"billed_charge":128.80,"npi":[1134173123,1215097332]}]}]},{"tin":{"type":"ein","value":"680594301"},"service_code":["65"],"billing_class":"institutional","payments":[{"allowed_amount":3.49,"billing_code_modifier":[""],"providers":[{"billed_charge":128.80,"npi":[1134173123,1215097332]}]}]},{"tin":{"type":"ein","value":"680594301"},"service_code":["65"],"billing_class":"institutional","payments":[{"allowed_amount":3.72,"billing_code_modifier":[""],"providers":[{"billed_charge":128.80,"npi":[1134173123,1215097332]}]}]},{"tin":{"type":"ein","value":"680594301"},"service_code":["65"],"billing_class":"institutional","payments":[{"allowed_amount":3.77,"billing_code_modifier":[""],"providers":[{"billed_charge":135.24,"npi":[1164678744,1215097332]}]}]},{"tin":{"type":"ein","value":"680594301"},"service_code":["65"],"billing_class":"institutional","payments":[{"allowed_amount":3.82,"billing_code_modifier":[""],"providers":[{"billed_charge":135.24,"npi":[1164678744,1215097332]}]}]},{"tin":{"type":"ein","value":"680594301"},"service_code":["65"],"billing_class":"institutional","payments":[{"allowed_amount":3.83,"billing_code_modifier":[""],"providers":[{"billed_charge":128.80,"npi":[1134173123,1215097332]}]}]},{"tin":{"type":"ein","value":"680594301"},"service_code":["65"],"billing_class":"institutional","payments":[{"allowed_amount":3.90,"billing_code_modifier":[""],"providers":[{"billed_charge":135.24,"npi":[1164678744,1215097332]}]}]},{"tin":{"type":"ein","value":"680594301"},"service_code":["65"],"billing_class":"institutional","payments":[{"allowed_amount":3.92,"billing_code_modifier":[""],"providers":[{"billed_charge":135.24,"npi":[1134173123,1164678744,1215097332]}]}]},{"tin":{"type":"ein","value":"680594301"},"service_code":["65"],"billing_class":"institutional","payments":[{"allowed_amount":4.02,"billing_code_modifier":[""],"providers":[{"billed_charge":128.80,"npi":[1134173123,1215097332]}]}]},{"tin":{"type":"ein","value":"680594301"},"service_code":["65"],"billing_class":"institutional","payments":[{"allowed_amount":4.12,"billing_code_modifier":[""],"providers":[{"billed_charge":135.24,"npi":[1164678744,1215097332]}]}]},{"tin":{"type":"ein","value":"680594301"},"service_code":["65"],"billing_class":"institutional","payments":[{"allowed_amount":4.13,"billing_code_modifier":[""],"providers":[{"billed_charge":135.24,"npi":[1164678744,1215097332]}]}]},{"tin":{"type":"ein","value":"680594301"},"service_code":["65"],"billing_class":"institutional","payments":[{"allowed_amount":4.30,"billing_code_modifier":[""],"providers":[{"billed_charge":135.24,"npi":[1134173123,1215097332]}]}]},{"tin":{"type":"ein","value":"680594301"},"service_code":["65"],"billing_class":"institutional","payments":[{"allowed_amount":4.68,"billing_code_modifier":[""],"providers":[{"billed_charge":135.24,"npi":[1164678744,1215097332]}]}]}]},{"name":"MEDICAL\/SURGICAL SUPPLIES: NONSTERILE SUPPLIES","billing_code_type":"RC","billing_code_type_version":"UB04","billing_code":"0271","description":"MEDICAL\/SURGICAL SUPPLIES: NONSTERILE SUPPLIES","allowed_amounts":[{"tin":{"type":"ein","value":"043085674"},"service_code":["65"],"billing_class":"institutional","payments":[{"allowed_amount":6.09,"billing_code_modifier":[""],"providers":[{"billed_charge":221.31,"npi":[1841562774,1861504672]}]}]},{"tin":{"type":"ein","value":"043085674"},"service_code":["65"],"billing_class":"institutional","payments":[{"allowed_amount":6.21,"billing_code_modifier":[""],"providers":[{"billed_charge":221.31,"npi":[1841562774,1861504672]}]}]},{"tin":{"type":"ein","value":"680594301"},"service_code":["65"],"billing_class":"institutional","payments":[{"allowed_amount":6.09,"billing_code_modifier":[""],"providers":[{"billed_charge":210.77,"npi":[1134173123,1215097332]}]}]}]},{"name":"PSYCHIATRIC\/PSYCHOLOGICAL TRT: INTENSIVE OUT SERV","billing_code_type":"RC","billing_code_type_version":"UB04","billing_code":"0906","description":"PSYCHIATRIC\/PSYCHOLOGICAL TRT: INTENSIVE OUT SERV","allowed_amounts":[{"tin":{"type":"ein","value":"582670224"},"service_code":["22"],"billing_class":"institutional","payments":[{"allowed_amount":284.77,"billing_code_modifier":[""],"providers":[{"billed_charge":2415.00,"npi":[1649500182]}]}]},{"tin":{"type":"ein","value":"813914459"},"service_code":["22"],"billing_class":"institutional","payments":[{"allowed_amount":284.77,"billing_code_modifier":[""],"providers":[{"billed_charge":1890.00,"npi":[1548702277]}]}]}]},{"name":"SPEC CLCT FOR SARS-COV-2 COVID-19 ANY SPEC SRC","billing_code_type":"HCPCS","billing_code_type_version":"HCPCS LEVEL II 2021","billing_code":"G2023","description":"SPEC CLCT FOR SARS-COV-2 COVID-19 ANY SPEC SRC","allowed_amounts":[{"tin":{"type":"ein","value":"262462810"},"service_code":["21","81"],"billing_class":"professional","payments":[{"allowed_amount":28.15,"billing_code_modifier":[""],"providers":[{"billed_charge":28.99,"npi":[1093948184,1215195730,1841205846,1992764591]}]}]},{"tin":{"type":"ein","value":"361924025"},"service_code":["21"],"billing_class":"professional","payments":[{"allowed_amount":28.15,"billing_code_modifier":[""],"providers":[{"billed_charge":28.99,"npi":[1154757748,1598714016,1619984598,1992764591]}]}]},{"tin":{"type":"ein","value":"371794430"},"service_code":["81"],"billing_class":"professional","payments":[{"allowed_amount":28.15,"billing_code_modifier":[""],"providers":[{"billed_charge":200.00,"npi":[1023479623,1760540421]}]}]}]}]}
