{"reporting_entity_name": "IEC Group_DBA AmeriBen",
	"reporting_entity_type": "Third Party Administrator",
	"plan_name": "CITY OF SIERRA VISTA",
	"plan_id_type": "ein",
	"plan_id": "866005496",
	"plan_market_type": "group",
	"last_updated_on": "2022-11-01","Version": "1.0.0","out_of_network":[{"name":"EMERGENCY DEPT VISIT HIGH SEVERITY&THREAT FUNCJ","billing_code_type":"CPT","billing_code_type_version":"2020","billing_code":"99285","description":"EMERGENCY DEPT VISIT HIGH SEVERITY&THREAT FUNCJ","allowed_amounts":[{"tin":{"type":"ein","value":"352574944"},"service_code":["23"],"billing_class":"professional","payments":[{"allowed_amount":706.69,"billing_code_modifier":[""],"providers":[{"billed_charge":1761.00,"npi":[1184669749,1194221259,1194766543,1285969329,1457790438,1518042670,1700328663,1942200696,1982854980]}]}]}]},{"name":"RADIOLOGIC EXAM CHEST SINGLE VIEW","billing_code_type":"CPT","billing_code_type_version":"2020","billing_code":"71045","description":"RADIOLOGIC EXAM CHEST SINGLE VIEW","allowed_amounts":[{"tin":{"type":"ein","value":"845116186"},"service_code":["21","22","23"],"billing_class":"professional","payments":[{"allowed_amount":81.90,"billing_code_modifier":[""],"providers":[{"billed_charge":126.00,"npi":[1033745708,1053806042,1154332807,1184669749,1184754384,1194221259,1194766543,1346506904,1477751584,1487607784,1609304633,1609863778,1659571412,1710240106,1770550667,1780048348,1871624668,1962517656]}]}]}]}]}
