{"reporting_entity_name": "IEC Group_DBA AmeriBen",
	"reporting_entity_type": "Third Party Administrator",
	"plan_name": "VERITAS TECHNOLOGIES LLC",
	"plan_id_type": "ein",
	"plan_id": "472839960",
	"plan_market_type": "group",
	"last_updated_on": "2023-07-01","Version": "1.0.0","out_of_network":[{"name":"APPL MODALITY 1\/> AREAS ELEC STIMJ UNATTENDED","billing_code_type":"CPT","billing_code_type_version":"2020","billing_code":"97014","description":"APPL MODALITY 1\/> AREAS ELEC STIMJ UNATTENDED","allowed_amounts":[{"tin":{"type":"ein","value":"270498703"},"service_code":["11"],"billing_class":"professional","payments":[{"allowed_amount":21.50,"billing_code_modifier":[""],"providers":[{"billed_charge":56.25,"npi":[1215018999,1881826402]}]}]}]},{"name":"APPLICATION MODALITY 1\/> AREAS HOT\/COLD PACKS","billing_code_type":"CPT","billing_code_type_version":"2020","billing_code":"97010","description":"APPLICATION MODALITY 1\/> AREAS HOT\/COLD PACKS","allowed_amounts":[{"tin":{"type":"ein","value":"271626810"},"service_code":["11"],"billing_class":"professional","payments":[{"allowed_amount":0.00,"billing_code_modifier":[""],"providers":[{"billed_charge":81.00,"npi":[1003890716,1336466671]}]}]},{"tin":{"type":"ein","value":"473989364"},"service_code":["11"],"billing_class":"professional","payments":[{"allowed_amount":0.00,"billing_code_modifier":[""],"providers":[{"billed_charge":15.00,"npi":[1346677408,1891247763]}]}]}]},{"name":"CHIROPRACTIC MANIPULATIVE TX SPINAL 3-4 REGIONS","billing_code_type":"CPT","billing_code_type_version":"2020","billing_code":"98941","description":"CHIROPRACTIC MANIPULATIVE TX SPINAL 3-4 REGIONS","allowed_amounts":[{"tin":{"type":"ein","value":"261185244"},"service_code":["11"],"billing_class":"professional","payments":[{"allowed_amount":66.54,"billing_code_modifier":[""],"providers":[{"billed_charge":100.00,"npi":[1225039282,1548563398]}]}]},{"tin":{"type":"ein","value":"833502462"},"service_code":["11"],"billing_class":"professional","payments":[{"allowed_amount":66.54,"billing_code_modifier":[""],"providers":[{"billed_charge":98.00,"npi":[1275191090,1740678218]}]}]}]},{"name":"IA DET NA;SEV AC RES SYND SARS-COV-2 COVID-19","billing_code_type":"HCPCS","billing_code_type_version":"HCPCS LEVEL II 2021","billing_code":"U0005","description":"IA DET NA;SEV AC RES SYND SARS-COV-2 COVID-19","allowed_amounts":[{"tin":{"type":"ein","value":"133757370"},"service_code":["81"],"billing_class":"professional","payments":[{"allowed_amount":25.00,"billing_code_modifier":[""],"providers":[{"billed_charge":25.00,"npi":[1356534994,1538144910]}]}]},{"tin":{"type":"ein","value":"465330784"},"service_code":["81"],"billing_class":"professional","payments":[{"allowed_amount":25.00,"billing_code_modifier":[""],"providers":[{"billed_charge":75.00,"npi":[1235119660,1932586427]}]}]},{"tin":{"type":"ein","value":"473727159"},"service_code":["81"],"billing_class":"professional","payments":[{"allowed_amount":25.00,"billing_code_modifier":[""],"providers":[{"billed_charge":25.00,"npi":[1053913756,1558987792,1912521568]}]}]},{"tin":{"type":"ein","value":"820600568"},"service_code":["81"],"billing_class":"professional","payments":[{"allowed_amount":25.00,"billing_code_modifier":[""],"providers":[{"billed_charge":60.00,"npi":[1700168416,1780125633]}]}]},{"tin":{"type":"ein","value":"831342609"},"service_code":["81"],"billing_class":"professional","payments":[{"allowed_amount":25.00,"billing_code_modifier":[""],"providers":[{"billed_charge":100.00,"npi":[1053541581,1073101028,1487815387]}]}]},{"tin":{"type":"ein","value":"852364612"},"service_code":["81"],"billing_class":"professional","payments":[{"allowed_amount":25.00,"billing_code_modifier":[""],"providers":[{"billed_charge":75.00,"npi":[1740685387,1790386746]}]}]},{"tin":{"type":"ein","value":"873102949"},"service_code":["81"],"billing_class":"professional","payments":[{"allowed_amount":25.00,"billing_code_modifier":[""],"providers":[{"billed_charge":75.00,"npi":[1215508957,1356005920]}]}]},{"tin":{"type":"ein","value":"880241758"},"service_code":["81"],"billing_class":"professional","payments":[{"allowed_amount":25.00,"billing_code_modifier":[""],"providers":[{"billed_charge":25.00,"npi":[1124417357,1356534994,1639279417]}]}]}]},{"name":"IAADIADOO SEVERE AQT RESPIR SYND CORONAVIRUS","billing_code_type":"CPT","billing_code_type_version":"2020","billing_code":"87811","description":"IAADIADOO SEVERE AQT RESPIR SYND CORONAVIRUS","allowed_amounts":[{"tin":{"type":"ein","value":"861859995"},"service_code":["12","99"],"billing_class":"professional","payments":[{"allowed_amount":0.00,"billing_code_modifier":[""],"providers":[{"billed_charge":150.00,"npi":[1003117847,1225623168,1437522752,1801311527]}]}]}]},{"name":"INF AGT DET DNA\/RNA;SARS-COV-2 COVID-19 AMP P T","billing_code_type":"HCPCS","billing_code_type_version":"HCPCS LEVEL II 2021","billing_code":"U0003","description":"INF AGT DET DNA\/RNA;SARS-COV-2 COVID-19 AMP P T","allowed_amounts":[{"tin":{"type":"ein","value":"133757370"},"service_code":["81"],"billing_class":"professional","payments":[{"allowed_amount":75.00,"billing_code_modifier":[""],"providers":[{"billed_charge":100.00,"npi":[1356534994,1538144910]}]}]},{"tin":{"type":"ein","value":"473727159"},"service_code":["81"],"billing_class":"professional","payments":[{"allowed_amount":75.00,"billing_code_modifier":[""],"providers":[{"billed_charge":125.00,"npi":[1053913756,1912521568]}]}]},{"tin":{"type":"ein","value":"852364612"},"service_code":["81"],"billing_class":"professional","payments":[{"allowed_amount":75.00,"billing_code_modifier":[""],"providers":[{"billed_charge":225.00,"npi":[1740685387,1790386746]}]}]},{"tin":{"type":"ein","value":"873102949"},"service_code":["81"],"billing_class":"professional","payments":[{"allowed_amount":75.00,"billing_code_modifier":[""],"providers":[{"billed_charge":249.00,"npi":[1215508957,1356005920]}]}]},{"tin":{"type":"ein","value":"880241758"},"service_code":["81"],"billing_class":"professional","payments":[{"allowed_amount":75.00,"billing_code_modifier":[""],"providers":[{"billed_charge":100.00,"npi":[1124417357,1639279417]}]}]}]},{"name":"MANUAL THERAPY TQS 1\/> REGIONS EACH 15 MINUTES","billing_code_type":"CPT","billing_code_type_version":"2020","billing_code":"97140","description":"MANUAL THERAPY TQS 1\/> REGIONS EACH 15 MINUTES","allowed_amounts":[{"tin":{"type":"ein","value":"270498703"},"service_code":["11"],"billing_class":"professional","payments":[{"allowed_amount":36.08,"billing_code_modifier":[""],"providers":[{"billed_charge":106.50,"npi":[1215018999,1881826402]},{"billed_charge":154.29,"npi":[1215018999,1881826402]}]},{"allowed_amount":36.08,"billing_code_modifier":[""],"providers":[{"billed_charge":106.50,"npi":[1215018999,1881826402]},{"billed_charge":154.29,"npi":[1215018999,1881826402]}]}]},{"tin":{"type":"ein","value":"270498703"},"service_code":["11"],"billing_class":"professional","payments":[{"allowed_amount":36.08,"billing_code_modifier":[""],"providers":[{"billed_charge":106.50,"npi":[1215018999,1881826402]},{"billed_charge":154.29,"npi":[1215018999,1881826402]}]},{"allowed_amount":36.08,"billing_code_modifier":[""],"providers":[{"billed_charge":106.50,"npi":[1215018999,1881826402]},{"billed_charge":154.29,"npi":[1215018999,1881826402]}]}]},{"tin":{"type":"ein","value":"271626810"},"service_code":["11"],"billing_class":"professional","payments":[{"allowed_amount":31.17,"billing_code_modifier":[""],"providers":[{"billed_charge":300.00,"npi":[1003890716,1336466671]}]}]},{"tin":{"type":"ein","value":"271626810"},"service_code":["11"],"billing_class":"professional","payments":[{"allowed_amount":31.83,"billing_code_modifier":[""],"providers":[{"billed_charge":275.62,"npi":[1003890716,1336466671]},{"billed_charge":300.00,"npi":[1003890716,1336466671]}]},{"allowed_amount":31.83,"billing_code_modifier":[""],"providers":[{"billed_charge":275.62,"npi":[1003890716,1336466671]},{"billed_charge":300.00,"npi":[1003890716,1336466671]}]}]},{"tin":{"type":"ein","value":"271626810"},"service_code":["11"],"billing_class":"professional","payments":[{"allowed_amount":31.83,"billing_code_modifier":[""],"providers":[{"billed_charge":275.62,"npi":[1003890716,1336466671]},{"billed_charge":300.00,"npi":[1003890716,1336466671]}]},{"allowed_amount":31.83,"billing_code_modifier":[""],"providers":[{"billed_charge":275.62,"npi":[1003890716,1336466671]},{"billed_charge":300.00,"npi":[1003890716,1336466671]}]}]},{"tin":{"type":"ein","value":"471617377"},"service_code":["11"],"billing_class":"professional","payments":[{"allowed_amount":31.83,"billing_code_modifier":[""],"providers":[{"billed_charge":140.00,"npi":[1588091946,1871962712]}]}]},{"tin":{"type":"ein","value":"833502462"},"service_code":["11"],"billing_class":"professional","payments":[{"allowed_amount":36.08,"billing_code_modifier":[""],"providers":[{"billed_charge":115.00,"npi":[1235431941,1275191090,1376942771,1427530286,1467768176]}]}]},{"tin":{"type":"ein","value":"833502462"},"service_code":["11"],"billing_class":"professional","payments":[{"allowed_amount":46.20,"billing_code_modifier":[""],"providers":[{"billed_charge":115.00,"npi":[1275191090,1740678218]}]}]}]},{"name":"OFFICE\/OUTPATIENT EST PT MAY NOT REQ PHYS\/QHP","billing_code_type":"CPT","billing_code_type_version":"2020","billing_code":"99211","description":"OFFICE\/OUTPATIENT EST PT MAY NOT REQ PHYS\/QHP","allowed_amounts":[{"tin":{"type":"ein","value":"861859995"},"service_code":["12"],"billing_class":"professional","payments":[{"allowed_amount":22.89,"billing_code_modifier":[""],"providers":[{"billed_charge":200.00,"npi":[1003117847,1225623168,1437522752,1629510425,1801311527]}]}]}]},{"name":"RESIDENTIAL TREATMENT-PSYCHIATRIC","billing_code_type":"RC","billing_code_type_version":"UB04","billing_code":"1001","description":"RESIDENTIAL TREATMENT-PSYCHIATRIC","allowed_amounts":[{"tin":{"type":"ein","value":"461573474"},"service_code":["21"],"billing_class":"institutional","payments":[{"allowed_amount":775.00,"billing_code_modifier":[""],"providers":[{"billed_charge":775.00,"npi":[1487667150,1720425168]}]}]}]},{"name":"SPEC CLCT FOR SARS-COV-2 COVID-19 ANY SPEC SRC","billing_code_type":"HCPCS","billing_code_type_version":"HCPCS LEVEL II 2021","billing_code":"G2023","description":"SPEC CLCT FOR SARS-COV-2 COVID-19 ANY SPEC SRC","allowed_amounts":[{"tin":{"type":"ein","value":"361924025"},"service_code":["21","81"],"billing_class":"professional","payments":[{"allowed_amount":23.46,"billing_code_modifier":[""],"providers":[{"billed_charge":28.99,"npi":[1063537876,1598714016]}]}]},{"tin":{"type":"ein","value":"831342609"},"service_code":["81"],"billing_class":"professional","payments":[{"allowed_amount":23.46,"billing_code_modifier":[""],"providers":[{"billed_charge":50.00,"npi":[1053541581,1073101028,1487815387]}]}]},{"tin":{"type":"ein","value":"852364612"},"service_code":["81"],"billing_class":"professional","payments":[{"allowed_amount":23.46,"billing_code_modifier":[""],"providers":[{"billed_charge":70.00,"npi":[1740685387,1790386746]}]}]},{"tin":{"type":"ein","value":"872263109"},"service_code":["81"],"billing_class":"professional","payments":[{"allowed_amount":23.46,"billing_code_modifier":[""],"providers":[{"billed_charge":118.00,"npi":[1225447030,1265184584]}]}]},{"tin":{"type":"ein","value":"990370089"},"service_code":["81"],"billing_class":"professional","payments":[{"allowed_amount":23.46,"billing_code_modifier":[""],"providers":[{"billed_charge":46.92,"npi":[1265897078,1881089910]}]}]}]},{"name":"THER PX 1\/> AREAS EACH 15 MIN NEUROMUSC REEDUCA","billing_code_type":"CPT","billing_code_type_version":"2020","billing_code":"97112","description":"THER PX 1\/> AREAS EACH 15 MIN NEUROMUSC REEDUCA","allowed_amounts":[{"tin":{"type":"ein","value":"270498703"},"service_code":["11"],"billing_class":"professional","payments":[{"allowed_amount":58.73,"billing_code_modifier":[""],"providers":[{"billed_charge":106.50,"npi":[1215018999,1881826402]}]}]}]},{"name":"THERAPEUT ACTVITY DIRECT PT CONTACT EACH 15 MIN","billing_code_type":"CPT","billing_code_type_version":"2020","billing_code":"97530","description":"THERAPEUT ACTVITY DIRECT PT CONTACT EACH 15 MIN","allowed_amounts":[{"tin":{"type":"ein","value":"833086851"},"service_code":["11"],"billing_class":"professional","payments":[{"allowed_amount":64.00,"billing_code_modifier":[""],"providers":[{"billed_charge":145.00,"npi":[1871867358]}]}]}]},{"name":"THERAPEUTIC PX 1\/> AREAS EACH 15 MIN EXERCISES","billing_code_type":"CPT","billing_code_type_version":"2020","billing_code":"97110","description":"THERAPEUTIC PX 1\/> AREAS EACH 15 MIN EXERCISES","allowed_amounts":[{"tin":{"type":"ein","value":"270498703"},"service_code":["11"],"billing_class":"professional","payments":[{"allowed_amount":77.62,"billing_code_modifier":[""],"providers":[{"billed_charge":213.00,"npi":[1215018999,1881826402]}]}]},{"tin":{"type":"ein","value":"271626810"},"service_code":["11"],"billing_class":"professional","payments":[{"allowed_amount":39.48,"billing_code_modifier":[""],"providers":[{"billed_charge":354.00,"npi":[1003890716,1336466671]}]}]},{"tin":{"type":"ein","value":"271626810"},"service_code":["11"],"billing_class":"professional","payments":[{"allowed_amount":40.32,"billing_code_modifier":[""],"providers":[{"billed_charge":352.80,"npi":[1003890716,1336466671]},{"billed_charge":354.00,"npi":[1003890716,1336466671]}]},{"allowed_amount":40.32,"billing_code_modifier":[""],"providers":[{"billed_charge":352.80,"npi":[1003890716,1336466671]},{"billed_charge":354.00,"npi":[1003890716,1336466671]}]}]},{"tin":{"type":"ein","value":"271626810"},"service_code":["11"],"billing_class":"professional","payments":[{"allowed_amount":40.32,"billing_code_modifier":[""],"providers":[{"billed_charge":352.80,"npi":[1003890716,1336466671]},{"billed_charge":354.00,"npi":[1003890716,1336466671]}]},{"allowed_amount":40.32,"billing_code_modifier":[""],"providers":[{"billed_charge":352.80,"npi":[1003890716,1336466671]},{"billed_charge":354.00,"npi":[1003890716,1336466671]}]}]},{"tin":{"type":"ein","value":"833086851"},"service_code":["11"],"billing_class":"professional","payments":[{"allowed_amount":55.00,"billing_code_modifier":[""],"providers":[{"billed_charge":145.00,"npi":[1871867358]}]}]},{"tin":{"type":"ein","value":"833502462"},"service_code":["11"],"billing_class":"professional","payments":[{"allowed_amount":77.62,"billing_code_modifier":[""],"providers":[{"billed_charge":240.00,"npi":[1275191090,1427530286]}]}]},{"tin":{"type":"ein","value":"833502462"},"service_code":["11"],"billing_class":"professional","payments":[{"allowed_amount":128.07,"billing_code_modifier":[""],"providers":[{"billed_charge":360.00,"npi":[1235431941,1275191090,1376942771,1427530286,1467768176]}]}]}]},{"name":"TX SPEECH LANG VOICE COMMJ &\/AUDITORY PROC IND","billing_code_type":"CPT","billing_code_type_version":"2020","billing_code":"92507","description":"TX SPEECH LANG VOICE COMMJ &\/AUDITORY PROC IND","allowed_amounts":[{"tin":{"type":"ein","value":"271790794"},"service_code":["11"],"billing_class":"professional","payments":[{"allowed_amount":0.00,"billing_code_modifier":[""],"providers":[{"billed_charge":150.00,"npi":[1508060765,1720539737,1831420033]}]}]},{"tin":{"type":"ein","value":"271790794"},"service_code":["11"],"billing_class":"professional","payments":[{"allowed_amount":50.00,"billing_code_modifier":[""],"providers":[{"billed_charge":50.00,"npi":[1508060765,1720539737,1831420033]}]}]},{"tin":{"type":"ein","value":"834163875"},"service_code":["11"],"billing_class":"professional","payments":[{"allowed_amount":56.97,"billing_code_modifier":[""],"providers":[{"billed_charge":100.00,"npi":[1255692711,1801453295]}]}]}]}]}
