{"reporting_entity_name": "IEC Group_DBA AmeriBen",
	"reporting_entity_type": "Third Party Administrator",
	"plan_name": "ZAXBYS FRANCHISING LLC",
	"plan_id_type": "ein",
	"plan_id": "582129090",
	"plan_market_type": "group",
	"last_updated_on": "2023-06-01","Version": "1.0.0","out_of_network":[{"name":"ASSAY OF MAGNESIUM","billing_code_type":"CPT","billing_code_type_version":"2020","billing_code":"83735","description":"ASSAY OF MAGNESIUM","allowed_amounts":[{"tin":{"type":"ein","value":"800564919"},"service_code":["21"],"billing_class":"professional","payments":[{"allowed_amount":0.00,"billing_code_modifier":[""],"providers":[{"billed_charge":25.00,"npi":[1245695782,1598719643,1730172305,1942526298]}]}]}]},{"name":"BLOOD COUNT COMPLETE AUTOMATED","billing_code_type":"CPT","billing_code_type_version":"2020","billing_code":"85027","description":"BLOOD COUNT COMPLETE AUTOMATED","allowed_amounts":[{"tin":{"type":"ein","value":"800564919"},"service_code":["21"],"billing_class":"professional","payments":[{"allowed_amount":0.00,"billing_code_modifier":[""],"providers":[{"billed_charge":27.00,"npi":[1245695782,1598719643,1730172305,1942526298]}]}]}]},{"name":"PSYCHIATRIC\/PSYCHOLOGICAL TRT: INTENSIVE OUT SERV","billing_code_type":"RC","billing_code_type_version":"UB04","billing_code":"0906","description":"PSYCHIATRIC\/PSYCHOLOGICAL TRT: INTENSIVE OUT SERV","allowed_amounts":[{"tin":{"type":"ein","value":"823187624"},"service_code":["22"],"billing_class":"institutional","payments":[{"allowed_amount":164.36,"billing_code_modifier":[""],"providers":[{"billed_charge":2000.00,"npi":[1497711550,1538671011]}]}]},{"tin":{"type":"ein","value":"823187624"},"service_code":["22"],"billing_class":"institutional","payments":[{"allowed_amount":279.65,"billing_code_modifier":[""],"providers":[{"billed_charge":2000.00,"npi":[1497711550,1538671011]}]}]}]}]}
