{"reporting_entity_name": "IEC Group_DBA AmeriBen",
	"reporting_entity_type": "Third Party Administrator",
	"plan_name": "OUTDOOR EXPRESSIONS, LLC",
	"plan_id_type": "ein",
	"plan_id": "582550875",
	"plan_market_type": "group",
	"last_updated_on": "2023-07-01","Version": "1.0.0","out_of_network":[{"name":"DRUGS REQUIRE SPECIFIC ID: DRUGS REQUIRING DETAIL","billing_code_type":"RC","billing_code_type_version":"UB04","billing_code":"0636","description":"DRUGS REQUIRE SPECIFIC ID: DRUGS REQUIRING DETAIL","allowed_amounts":[{"tin":{"type":"ein","value":"042832065"},"service_code":["65"],"billing_class":"institutional","payments":[{"allowed_amount":1.66,"billing_code_modifier":[""],"providers":[{"billed_charge":59.16,"npi":[1043322860,1235133869]}]}]},{"tin":{"type":"ein","value":"042832065"},"service_code":["65"],"billing_class":"institutional","payments":[{"allowed_amount":1.73,"billing_code_modifier":[""],"providers":[{"billed_charge":59.16,"npi":[1043322860,1235133869]}]}]},{"tin":{"type":"ein","value":"042832065"},"service_code":["65"],"billing_class":"institutional","payments":[{"allowed_amount":1.80,"billing_code_modifier":[""],"providers":[{"billed_charge":59.16,"npi":[1043322860,1235133869]}]}]},{"tin":{"type":"ein","value":"042832065"},"service_code":["65"],"billing_class":"institutional","payments":[{"allowed_amount":1.84,"billing_code_modifier":[""],"providers":[{"billed_charge":59.16,"npi":[1043322860,1235133869]}]}]},{"tin":{"type":"ein","value":"042832065"},"service_code":["65"],"billing_class":"institutional","payments":[{"allowed_amount":1.88,"billing_code_modifier":[""],"providers":[{"billed_charge":59.16,"npi":[1043322860,1235133869]}]}]},{"tin":{"type":"ein","value":"042832065"},"service_code":["65"],"billing_class":"institutional","payments":[{"allowed_amount":1.97,"billing_code_modifier":[""],"providers":[{"billed_charge":59.16,"npi":[1043322860,1235133869]}]}]},{"tin":{"type":"ein","value":"042832065"},"service_code":["65"],"billing_class":"institutional","payments":[{"allowed_amount":2.03,"billing_code_modifier":[""],"providers":[{"billed_charge":59.16,"npi":[1043322860,1235133869]}]}]},{"tin":{"type":"ein","value":"042832065"},"service_code":["65"],"billing_class":"institutional","payments":[{"allowed_amount":2.08,"billing_code_modifier":[""],"providers":[{"billed_charge":59.16,"npi":[1043322860,1235133869]}]}]},{"tin":{"type":"ein","value":"042832065"},"service_code":["65"],"billing_class":"institutional","payments":[{"allowed_amount":11.82,"billing_code_modifier":[""],"providers":[{"billed_charge":420.90,"npi":[1043322860,1235133869]}]}]},{"tin":{"type":"ein","value":"042832065"},"service_code":["65"],"billing_class":"institutional","payments":[{"allowed_amount":12.34,"billing_code_modifier":[""],"providers":[{"billed_charge":420.90,"npi":[1043322860,1235133869]}]}]},{"tin":{"type":"ein","value":"042832065"},"service_code":["65"],"billing_class":"institutional","payments":[{"allowed_amount":12.75,"billing_code_modifier":[""],"providers":[{"billed_charge":420.90,"npi":[1043322860,1235133869]}]}]},{"tin":{"type":"ein","value":"042832065"},"service_code":["65"],"billing_class":"institutional","payments":[{"allowed_amount":13.10,"billing_code_modifier":[""],"providers":[{"billed_charge":420.90,"npi":[1043322860,1235133869]}]}]},{"tin":{"type":"ein","value":"042832065"},"service_code":["65"],"billing_class":"institutional","payments":[{"allowed_amount":13.35,"billing_code_modifier":[""],"providers":[{"billed_charge":420.90,"npi":[1043322860,1235133869]}]}]},{"tin":{"type":"ein","value":"042832065"},"service_code":["65"],"billing_class":"institutional","payments":[{"allowed_amount":14.05,"billing_code_modifier":[""],"providers":[{"billed_charge":420.90,"npi":[1043322860,1235133869]}]}]},{"tin":{"type":"ein","value":"042832065"},"service_code":["65"],"billing_class":"institutional","payments":[{"allowed_amount":14.45,"billing_code_modifier":[""],"providers":[{"billed_charge":420.90,"npi":[1043322860,1235133869]}]}]},{"tin":{"type":"ein","value":"042832065"},"service_code":["65"],"billing_class":"institutional","payments":[{"allowed_amount":14.80,"billing_code_modifier":[""],"providers":[{"billed_charge":420.90,"npi":[1043322860,1235133869]}]}]},{"tin":{"type":"ein","value":"042832065"},"service_code":["65"],"billing_class":"institutional","payments":[{"allowed_amount":14.85,"billing_code_modifier":[""],"providers":[{"billed_charge":420.90,"npi":[1043322860,1235133869]}]}]}]},{"name":"ESRD RELATED SVC MONTHLY 20&\/> YR OLD 4\/> VISITS","billing_code_type":"CPT","billing_code_type_version":"2020","billing_code":"90960","description":"ESRD RELATED SVC MONTHLY 20&\/> YR OLD 4\/> VISITS","allowed_amounts":[{"tin":{"type":"ein","value":"581397948"},"service_code":["65"],"billing_class":"professional","payments":[{"allowed_amount":449.62,"billing_code_modifier":[""],"providers":[{"billed_charge":714.00,"npi":[1043322860,1235133869,1790715621,1932183654]}]}]}]},{"name":"HEMO OPD\/HOME: HEMODIALYSIS COMP OR OTHER RATE","billing_code_type":"RC","billing_code_type_version":"UB04","billing_code":"0821","description":"HEMO OPD\/HOME: HEMODIALYSIS COMP OR OTHER RATE","allowed_amounts":[{"tin":{"type":"ein","value":"042832065"},"service_code":["65"],"billing_class":"institutional","payments":[{"allowed_amount":224.88,"billing_code_modifier":[""],"providers":[{"billed_charge":8010.89,"npi":[1043322860,1235133869]}]}]},{"tin":{"type":"ein","value":"042832065"},"service_code":["65"],"billing_class":"institutional","payments":[{"allowed_amount":235.00,"billing_code_modifier":[""],"providers":[{"billed_charge":8010.89,"npi":[1043322860,1235133869]}]}]},{"tin":{"type":"ein","value":"042832065"},"service_code":["65"],"billing_class":"institutional","payments":[{"allowed_amount":242.70,"billing_code_modifier":[""],"providers":[{"billed_charge":8010.89,"npi":[1043322860,1235133869]}]}]},{"tin":{"type":"ein","value":"042832065"},"service_code":["65"],"billing_class":"institutional","payments":[{"allowed_amount":249.33,"billing_code_modifier":[""],"providers":[{"billed_charge":8010.89,"npi":[1043322860,1235133869]}]}]},{"tin":{"type":"ein","value":"042832065"},"service_code":["65"],"billing_class":"institutional","payments":[{"allowed_amount":254.16,"billing_code_modifier":[""],"providers":[{"billed_charge":8010.89,"npi":[1043322860,1235133869]}]}]},{"tin":{"type":"ein","value":"042832065"},"service_code":["65"],"billing_class":"institutional","payments":[{"allowed_amount":267.28,"billing_code_modifier":[""],"providers":[{"billed_charge":8010.89,"npi":[1043322860,1235133869]}]}]},{"tin":{"type":"ein","value":"042832065"},"service_code":["65"],"billing_class":"institutional","payments":[{"allowed_amount":274.96,"billing_code_modifier":[""],"providers":[{"billed_charge":8010.89,"npi":[1043322860,1235133869]}]}]},{"tin":{"type":"ein","value":"042832065"},"service_code":["65"],"billing_class":"institutional","payments":[{"allowed_amount":281.73,"billing_code_modifier":[""],"providers":[{"billed_charge":8010.89,"npi":[1043322860,1235133869]}]}]},{"tin":{"type":"ein","value":"042832065"},"service_code":["65"],"billing_class":"institutional","payments":[{"allowed_amount":282.48,"billing_code_modifier":[""],"providers":[{"billed_charge":8010.89,"npi":[1043322860,1235133869]}]}]}]},{"name":"MEDICAL\/SURGICAL SUPPLIES","billing_code_type":"RC","billing_code_type_version":"UB04","billing_code":"0270","description":"MEDICAL\/SURGICAL SUPPLIES","allowed_amounts":[{"tin":{"type":"ein","value":"042832065"},"service_code":["65"],"billing_class":"institutional","payments":[{"allowed_amount":3.80,"billing_code_modifier":[""],"providers":[{"billed_charge":135.24,"npi":[1043322860,1235133869]}]}]},{"tin":{"type":"ein","value":"042832065"},"service_code":["65"],"billing_class":"institutional","payments":[{"allowed_amount":3.96,"billing_code_modifier":[""],"providers":[{"billed_charge":135.24,"npi":[1043322860,1235133869]}]}]},{"tin":{"type":"ein","value":"042832065"},"service_code":["65"],"billing_class":"institutional","payments":[{"allowed_amount":4.09,"billing_code_modifier":[""],"providers":[{"billed_charge":135.24,"npi":[1043322860,1235133869]}]}]},{"tin":{"type":"ein","value":"042832065"},"service_code":["65"],"billing_class":"institutional","payments":[{"allowed_amount":4.21,"billing_code_modifier":[""],"providers":[{"billed_charge":135.24,"npi":[1043322860,1235133869]}]}]},{"tin":{"type":"ein","value":"042832065"},"service_code":["65"],"billing_class":"institutional","payments":[{"allowed_amount":4.29,"billing_code_modifier":[""],"providers":[{"billed_charge":135.24,"npi":[1043322860,1235133869]}]}]},{"tin":{"type":"ein","value":"042832065"},"service_code":["65"],"billing_class":"institutional","payments":[{"allowed_amount":4.51,"billing_code_modifier":[""],"providers":[{"billed_charge":135.24,"npi":[1043322860,1235133869]}]}]},{"tin":{"type":"ein","value":"042832065"},"service_code":["65"],"billing_class":"institutional","payments":[{"allowed_amount":4.64,"billing_code_modifier":[""],"providers":[{"billed_charge":135.24,"npi":[1043322860,1235133869]}]}]},{"tin":{"type":"ein","value":"042832065"},"service_code":["65"],"billing_class":"institutional","payments":[{"allowed_amount":4.76,"billing_code_modifier":[""],"providers":[{"billed_charge":135.24,"npi":[1043322860,1235133869]}]}]},{"tin":{"type":"ein","value":"042832065"},"service_code":["65"],"billing_class":"institutional","payments":[{"allowed_amount":4.77,"billing_code_modifier":[""],"providers":[{"billed_charge":135.24,"npi":[1043322860,1235133869]}]}]}]},{"name":"PHARMACY","billing_code_type":"RC","billing_code_type_version":"UB04","billing_code":"0250","description":"PHARMACY","allowed_amounts":[{"tin":{"type":"ein","value":"042832065"},"service_code":["65"],"billing_class":"institutional","payments":[{"allowed_amount":1.41,"billing_code_modifier":[""],"providers":[{"billed_charge":50.38,"npi":[1043322860,1235133869]}]}]},{"tin":{"type":"ein","value":"042832065"},"service_code":["65"],"billing_class":"institutional","payments":[{"allowed_amount":1.48,"billing_code_modifier":[""],"providers":[{"billed_charge":50.38,"npi":[1043322860,1235133869]}]}]},{"tin":{"type":"ein","value":"042832065"},"service_code":["65"],"billing_class":"institutional","payments":[{"allowed_amount":1.57,"billing_code_modifier":[""],"providers":[{"billed_charge":50.38,"npi":[1043322860,1235133869]}]}]},{"tin":{"type":"ein","value":"042832065"},"service_code":["65"],"billing_class":"institutional","payments":[{"allowed_amount":1.60,"billing_code_modifier":[""],"providers":[{"billed_charge":50.38,"npi":[1043322860,1235133869]}]}]},{"tin":{"type":"ein","value":"042832065"},"service_code":["65"],"billing_class":"institutional","payments":[{"allowed_amount":1.68,"billing_code_modifier":[""],"providers":[{"billed_charge":50.38,"npi":[1043322860,1235133869]}]}]},{"tin":{"type":"ein","value":"042832065"},"service_code":["65"],"billing_class":"institutional","payments":[{"allowed_amount":1.73,"billing_code_modifier":[""],"providers":[{"billed_charge":50.38,"npi":[1043322860,1235133869]}]}]},{"tin":{"type":"ein","value":"042832065"},"service_code":["65"],"billing_class":"institutional","payments":[{"allowed_amount":1.77,"billing_code_modifier":[""],"providers":[{"billed_charge":50.38,"npi":[1043322860,1235133869]}]}]},{"tin":{"type":"ein","value":"042832065"},"service_code":["65"],"billing_class":"institutional","payments":[{"allowed_amount":2.53,"billing_code_modifier":[""],"providers":[{"billed_charge":90.07,"npi":[1043322860,1235133869]}]}]},{"tin":{"type":"ein","value":"042832065"},"service_code":["65"],"billing_class":"institutional","payments":[{"allowed_amount":2.64,"billing_code_modifier":[""],"providers":[{"billed_charge":90.07,"npi":[1043322860,1235133869]}]}]},{"tin":{"type":"ein","value":"042832065"},"service_code":["65"],"billing_class":"institutional","payments":[{"allowed_amount":2.73,"billing_code_modifier":[""],"providers":[{"billed_charge":90.07,"npi":[1043322860,1235133869]}]}]},{"tin":{"type":"ein","value":"042832065"},"service_code":["65"],"billing_class":"institutional","payments":[{"allowed_amount":2.80,"billing_code_modifier":[""],"providers":[{"billed_charge":90.07,"npi":[1043322860,1235133869]}]}]},{"tin":{"type":"ein","value":"042832065"},"service_code":["65"],"billing_class":"institutional","payments":[{"allowed_amount":2.86,"billing_code_modifier":[""],"providers":[{"billed_charge":90.07,"npi":[1043322860,1235133869]}]}]},{"tin":{"type":"ein","value":"042832065"},"service_code":["65"],"billing_class":"institutional","payments":[{"allowed_amount":3.01,"billing_code_modifier":[""],"providers":[{"billed_charge":90.07,"npi":[1043322860,1235133869]}]}]},{"tin":{"type":"ein","value":"042832065"},"service_code":["65"],"billing_class":"institutional","payments":[{"allowed_amount":3.09,"billing_code_modifier":[""],"providers":[{"billed_charge":90.07,"npi":[1043322860,1235133869]}]}]},{"tin":{"type":"ein","value":"042832065"},"service_code":["65"],"billing_class":"institutional","payments":[{"allowed_amount":3.17,"billing_code_modifier":[""],"providers":[{"billed_charge":90.07,"npi":[1043322860,1235133869]}]}]},{"tin":{"type":"ein","value":"042832065"},"service_code":["65"],"billing_class":"institutional","payments":[{"allowed_amount":3.18,"billing_code_modifier":[""],"providers":[{"billed_charge":90.07,"npi":[1043322860,1235133869]}]}]}]}]}
