{"reporting_entity_name": "IEC Group_DBA AmeriBen",
	"reporting_entity_type": "Third Party Administrator",
	"plan_name": "ED VOYLES AUTOMOTIVE GROUP",
	"plan_id_type": "ein",
	"plan_id": "550811815",
	"plan_market_type": "group",
	"last_updated_on": "2022-06-28","Version": "1.0.0","out_of_network":[{"name":"EMERGENCY DEPT VISIT HIGH SEVERITY&THREAT FUNCJ","billing_code_type":"CPT","billing_code_type_version":"2020","billing_code":"99285","description":"EMERGENCY DEPT VISIT HIGH SEVERITY&THREAT FUNCJ","allowed_amounts":[{"tin":{"type":"ein","value":"582636306"},"service_code":["23"],"billing_class":"professional","payments":[{"allowed_amount":1120.00,"billing_code_modifier":[""],"providers":[{"billed_charge":1400.00,"npi":[1063760320,1194110635,1265647812,1467420448,1497051288,1649248626,1720304520,1760645543,1801965082,1902098874]}]}]},{"tin":{"type":"ein","value":"814355724"},"service_code":["23"],"billing_class":"professional","payments":[{"allowed_amount":1120.00,"billing_code_modifier":[""],"providers":[{"billed_charge":1400.00,"npi":[1073927117,1306388343,1851389340]}]}]}]}]}
