{"reporting_entity_name": "IEC Group_DBA AmeriBen",
	"reporting_entity_type": "Third Party Administrator",
	"plan_name": "NAEBT",
	"plan_id_type": "ein",
	"plan_id": "356967423",
	"plan_market_type": "group",
	"last_updated_on": "2022-06-28","Version": "1.0.0","out_of_network":[{"name":"ANES NON-INVASIVE IMAGING\/RADIATION THERAPY","billing_code_type":"CPT","billing_code_type_version":"2020","billing_code":"01922","description":"ANES NON-INVASIVE IMAGING\/RADIATION THERAPY","allowed_amounts":[{"tin":{"type":"ein","value":"860800150"},"service_code":["22"],"billing_class":"professional","payments":[{"allowed_amount":880.00,"billing_code_modifier":[""],"providers":[{"billed_charge":880.00,"npi":[1154392231,1174988919,1548243942,1609188184,1679998199,1780613539,1861033235,1982096558]}]}]}]},{"name":"ANESTHESIA","billing_code_type":"RC","billing_code_type_version":"UB04","billing_code":"0370","description":"ANESTHESIA","allowed_amounts":[{"tin":{"type":"ein","value":"860800150"},"service_code":["22"],"billing_class":"institutional","payments":[{"allowed_amount":235.00,"billing_code_modifier":[""],"providers":[{"billed_charge":2475.00,"npi":[1154392231,1679732036]}]}]}]},{"name":"RADIOLOGIC EXAM CHEST SINGLE VIEW","billing_code_type":"CPT","billing_code_type_version":"2020","billing_code":"71045","description":"RADIOLOGIC EXAM CHEST SINGLE VIEW","allowed_amounts":[{"tin":{"type":"ein","value":"845116186"},"service_code":["21"],"billing_class":"professional","payments":[{"allowed_amount":10.44,"billing_code_modifier":[""],"providers":[{"billed_charge":119.00,"npi":[1013974948,1033745708,1114920618,1124357926,1326022765,1376688531,1386838530,1467615252,1508251174,1528057569,1780634055]},{"billed_charge":126.00,"npi":[1336784446,1396169694,1588763338,1780761866,1871534925]}]},{"allowed_amount":10.44,"billing_code_modifier":[""],"providers":[{"billed_charge":119.00,"npi":[1013974948,1033745708,1114920618,1124357926,1326022765,1376688531,1386838530,1467615252,1508251174,1528057569,1780634055]},{"billed_charge":126.00,"npi":[1336784446,1396169694,1588763338,1780761866,1871534925]}]}]},{"tin":{"type":"ein","value":"845116186"},"service_code":["21","22"],"billing_class":"professional","payments":[{"allowed_amount":10.44,"billing_code_modifier":[""],"providers":[{"billed_charge":119.00,"npi":[1013974948,1033745708,1114920618,1124357926,1326022765,1376688531,1386838530,1467615252,1508251174,1528057569,1780634055]},{"billed_charge":126.00,"npi":[1336784446,1396169694,1588763338,1780761866,1871534925]}]},{"allowed_amount":10.44,"billing_code_modifier":[""],"providers":[{"billed_charge":119.00,"npi":[1013974948,1033745708,1114920618,1124357926,1326022765,1376688531,1386838530,1467615252,1508251174,1528057569,1780634055]},{"billed_charge":126.00,"npi":[1336784446,1396169694,1588763338,1780761866,1871534925]}]}]},{"tin":{"type":"ein","value":"845116186"},"service_code":["21","23"],"billing_class":"professional","payments":[{"allowed_amount":119.00,"billing_code_modifier":[""],"providers":[{"billed_charge":119.00,"npi":[1033745708,1063092187,1073987376,1114325784,1124357926,1134197080,1154828598,1194720334,1326022765,1336138387,1386616761,1407821283,1437345337,1578536512,1588763338,1700110434,1720326192,1730138751,1770504292,1770550667,1780634055,1780761866,1801885694,1811086994,1912428673]}]}]}]},{"name":"RADIOLOGY - THERAPEUTIC: RADIATION THERAPY","billing_code_type":"RC","billing_code_type_version":"UB04","billing_code":"0333","description":"RADIOLOGY - THERAPEUTIC: RADIATION THERAPY","allowed_amounts":[{"tin":{"type":"ein","value":"860800150"},"service_code":["22"],"billing_class":"institutional","payments":[{"allowed_amount":56.80,"billing_code_modifier":[""],"providers":[{"billed_charge":186.00,"npi":[1154392231,1679732036]}]}]},{"tin":{"type":"ein","value":"860800150"},"service_code":["22"],"billing_class":"institutional","payments":[{"allowed_amount":311.06,"billing_code_modifier":[""],"providers":[{"billed_charge":4718.00,"npi":[1154392231,1679732036]}]}]}]},{"name":"RECOVERY ROOM","billing_code_type":"RC","billing_code_type_version":"UB04","billing_code":"0710","description":"RECOVERY ROOM","allowed_amounts":[{"tin":{"type":"ein","value":"860800150"},"service_code":["22"],"billing_class":"institutional","payments":[{"allowed_amount":0.00,"billing_code_modifier":[""],"providers":[{"billed_charge":3065.00,"npi":[1154392231,1679732036]},{"billed_charge":3380.00,"npi":[1154392231,1679732036]},{"billed_charge":3695.00,"npi":[1154392231,1679732036]},{"billed_charge":4010.00,"npi":[1154392231,1679732036]},{"billed_charge":4640.00,"npi":[1154392231,1679732036]}]},{"allowed_amount":0.00,"billing_code_modifier":[""],"providers":[{"billed_charge":3065.00,"npi":[1154392231,1679732036]},{"billed_charge":3380.00,"npi":[1154392231,1679732036]},{"billed_charge":3695.00,"npi":[1154392231,1679732036]},{"billed_charge":4010.00,"npi":[1154392231,1679732036]},{"billed_charge":4640.00,"npi":[1154392231,1679732036]}]},{"allowed_amount":0.00,"billing_code_modifier":[""],"providers":[{"billed_charge":3065.00,"npi":[1154392231,1679732036]},{"billed_charge":3380.00,"npi":[1154392231,1679732036]},{"billed_charge":3695.00,"npi":[1154392231,1679732036]},{"billed_charge":4010.00,"npi":[1154392231,1679732036]},{"billed_charge":4640.00,"npi":[1154392231,1679732036]}]},{"allowed_amount":0.00,"billing_code_modifier":[""],"providers":[{"billed_charge":3065.00,"npi":[1154392231,1679732036]},{"billed_charge":3380.00,"npi":[1154392231,1679732036]},{"billed_charge":3695.00,"npi":[1154392231,1679732036]},{"billed_charge":4010.00,"npi":[1154392231,1679732036]},{"billed_charge":4640.00,"npi":[1154392231,1679732036]}]},{"allowed_amount":0.00,"billing_code_modifier":[""],"providers":[{"billed_charge":3065.00,"npi":[1154392231,1679732036]},{"billed_charge":3380.00,"npi":[1154392231,1679732036]},{"billed_charge":3695.00,"npi":[1154392231,1679732036]},{"billed_charge":4010.00,"npi":[1154392231,1679732036]},{"billed_charge":4640.00,"npi":[1154392231,1679732036]}]}]},{"tin":{"type":"ein","value":"860800150"},"service_code":["22"],"billing_class":"institutional","payments":[{"allowed_amount":0.00,"billing_code_modifier":[""],"providers":[{"billed_charge":3065.00,"npi":[1154392231,1679732036]},{"billed_charge":3380.00,"npi":[1154392231,1679732036]},{"billed_charge":3695.00,"npi":[1154392231,1679732036]},{"billed_charge":4010.00,"npi":[1154392231,1679732036]},{"billed_charge":4640.00,"npi":[1154392231,1679732036]}]},{"allowed_amount":0.00,"billing_code_modifier":[""],"providers":[{"billed_charge":3065.00,"npi":[1154392231,1679732036]},{"billed_charge":3380.00,"npi":[1154392231,1679732036]},{"billed_charge":3695.00,"npi":[1154392231,1679732036]},{"billed_charge":4010.00,"npi":[1154392231,1679732036]},{"billed_charge":4640.00,"npi":[1154392231,1679732036]}]},{"allowed_amount":0.00,"billing_code_modifier":[""],"providers":[{"billed_charge":3065.00,"npi":[1154392231,1679732036]},{"billed_charge":3380.00,"npi":[1154392231,1679732036]},{"billed_charge":3695.00,"npi":[1154392231,1679732036]},{"billed_charge":4010.00,"npi":[1154392231,1679732036]},{"billed_charge":4640.00,"npi":[1154392231,1679732036]}]},{"allowed_amount":0.00,"billing_code_modifier":[""],"providers":[{"billed_charge":3065.00,"npi":[1154392231,1679732036]},{"billed_charge":3380.00,"npi":[1154392231,1679732036]},{"billed_charge":3695.00,"npi":[1154392231,1679732036]},{"billed_charge":4010.00,"npi":[1154392231,1679732036]},{"billed_charge":4640.00,"npi":[1154392231,1679732036]}]},{"allowed_amount":0.00,"billing_code_modifier":[""],"providers":[{"billed_charge":3065.00,"npi":[1154392231,1679732036]},{"billed_charge":3380.00,"npi":[1154392231,1679732036]},{"billed_charge":3695.00,"npi":[1154392231,1679732036]},{"billed_charge":4010.00,"npi":[1154392231,1679732036]},{"billed_charge":4640.00,"npi":[1154392231,1679732036]}]}]},{"tin":{"type":"ein","value":"860800150"},"service_code":["22"],"billing_class":"institutional","payments":[{"allowed_amount":0.00,"billing_code_modifier":[""],"providers":[{"billed_charge":3065.00,"npi":[1154392231,1679732036]},{"billed_charge":3380.00,"npi":[1154392231,1679732036]},{"billed_charge":3695.00,"npi":[1154392231,1679732036]},{"billed_charge":4010.00,"npi":[1154392231,1679732036]},{"billed_charge":4640.00,"npi":[1154392231,1679732036]}]},{"allowed_amount":0.00,"billing_code_modifier":[""],"providers":[{"billed_charge":3065.00,"npi":[1154392231,1679732036]},{"billed_charge":3380.00,"npi":[1154392231,1679732036]},{"billed_charge":3695.00,"npi":[1154392231,1679732036]},{"billed_charge":4010.00,"npi":[1154392231,1679732036]},{"billed_charge":4640.00,"npi":[1154392231,1679732036]}]},{"allowed_amount":0.00,"billing_code_modifier":[""],"providers":[{"billed_charge":3065.00,"npi":[1154392231,1679732036]},{"billed_charge":3380.00,"npi":[1154392231,1679732036]},{"billed_charge":3695.00,"npi":[1154392231,1679732036]},{"billed_charge":4010.00,"npi":[1154392231,1679732036]},{"billed_charge":4640.00,"npi":[1154392231,1679732036]}]},{"allowed_amount":0.00,"billing_code_modifier":[""],"providers":[{"billed_charge":3065.00,"npi":[1154392231,1679732036]},{"billed_charge":3380.00,"npi":[1154392231,1679732036]},{"billed_charge":3695.00,"npi":[1154392231,1679732036]},{"billed_charge":4010.00,"npi":[1154392231,1679732036]},{"billed_charge":4640.00,"npi":[1154392231,1679732036]}]},{"allowed_amount":0.00,"billing_code_modifier":[""],"providers":[{"billed_charge":3065.00,"npi":[1154392231,1679732036]},{"billed_charge":3380.00,"npi":[1154392231,1679732036]},{"billed_charge":3695.00,"npi":[1154392231,1679732036]},{"billed_charge":4010.00,"npi":[1154392231,1679732036]},{"billed_charge":4640.00,"npi":[1154392231,1679732036]}]}]},{"tin":{"type":"ein","value":"860800150"},"service_code":["22"],"billing_class":"institutional","payments":[{"allowed_amount":0.00,"billing_code_modifier":[""],"providers":[{"billed_charge":3065.00,"npi":[1154392231,1679732036]},{"billed_charge":3380.00,"npi":[1154392231,1679732036]},{"billed_charge":3695.00,"npi":[1154392231,1679732036]},{"billed_charge":4010.00,"npi":[1154392231,1679732036]},{"billed_charge":4640.00,"npi":[1154392231,1679732036]}]},{"allowed_amount":0.00,"billing_code_modifier":[""],"providers":[{"billed_charge":3065.00,"npi":[1154392231,1679732036]},{"billed_charge":3380.00,"npi":[1154392231,1679732036]},{"billed_charge":3695.00,"npi":[1154392231,1679732036]},{"billed_charge":4010.00,"npi":[1154392231,1679732036]},{"billed_charge":4640.00,"npi":[1154392231,1679732036]}]},{"allowed_amount":0.00,"billing_code_modifier":[""],"providers":[{"billed_charge":3065.00,"npi":[1154392231,1679732036]},{"billed_charge":3380.00,"npi":[1154392231,1679732036]},{"billed_charge":3695.00,"npi":[1154392231,1679732036]},{"billed_charge":4010.00,"npi":[1154392231,1679732036]},{"billed_charge":4640.00,"npi":[1154392231,1679732036]}]},{"allowed_amount":0.00,"billing_code_modifier":[""],"providers":[{"billed_charge":3065.00,"npi":[1154392231,1679732036]},{"billed_charge":3380.00,"npi":[1154392231,1679732036]},{"billed_charge":3695.00,"npi":[1154392231,1679732036]},{"billed_charge":4010.00,"npi":[1154392231,1679732036]},{"billed_charge":4640.00,"npi":[1154392231,1679732036]}]},{"allowed_amount":0.00,"billing_code_modifier":[""],"providers":[{"billed_charge":3065.00,"npi":[1154392231,1679732036]},{"billed_charge":3380.00,"npi":[1154392231,1679732036]},{"billed_charge":3695.00,"npi":[1154392231,1679732036]},{"billed_charge":4010.00,"npi":[1154392231,1679732036]},{"billed_charge":4640.00,"npi":[1154392231,1679732036]}]}]},{"tin":{"type":"ein","value":"860800150"},"service_code":["22"],"billing_class":"institutional","payments":[{"allowed_amount":0.00,"billing_code_modifier":[""],"providers":[{"billed_charge":3065.00,"npi":[1154392231,1679732036]},{"billed_charge":3380.00,"npi":[1154392231,1679732036]},{"billed_charge":3695.00,"npi":[1154392231,1679732036]},{"billed_charge":4010.00,"npi":[1154392231,1679732036]},{"billed_charge":4640.00,"npi":[1154392231,1679732036]}]},{"allowed_amount":0.00,"billing_code_modifier":[""],"providers":[{"billed_charge":3065.00,"npi":[1154392231,1679732036]},{"billed_charge":3380.00,"npi":[1154392231,1679732036]},{"billed_charge":3695.00,"npi":[1154392231,1679732036]},{"billed_charge":4010.00,"npi":[1154392231,1679732036]},{"billed_charge":4640.00,"npi":[1154392231,1679732036]}]},{"allowed_amount":0.00,"billing_code_modifier":[""],"providers":[{"billed_charge":3065.00,"npi":[1154392231,1679732036]},{"billed_charge":3380.00,"npi":[1154392231,1679732036]},{"billed_charge":3695.00,"npi":[1154392231,1679732036]},{"billed_charge":4010.00,"npi":[1154392231,1679732036]},{"billed_charge":4640.00,"npi":[1154392231,1679732036]}]},{"allowed_amount":0.00,"billing_code_modifier":[""],"providers":[{"billed_charge":3065.00,"npi":[1154392231,1679732036]},{"billed_charge":3380.00,"npi":[1154392231,1679732036]},{"billed_charge":3695.00,"npi":[1154392231,1679732036]},{"billed_charge":4010.00,"npi":[1154392231,1679732036]},{"billed_charge":4640.00,"npi":[1154392231,1679732036]}]},{"allowed_amount":0.00,"billing_code_modifier":[""],"providers":[{"billed_charge":3065.00,"npi":[1154392231,1679732036]},{"billed_charge":3380.00,"npi":[1154392231,1679732036]},{"billed_charge":3695.00,"npi":[1154392231,1679732036]},{"billed_charge":4010.00,"npi":[1154392231,1679732036]},{"billed_charge":4640.00,"npi":[1154392231,1679732036]}]}]}]}]}
