{"reporting_entity_name": "IEC Group_DBA AmeriBen",
	"reporting_entity_type": "Third Party Administrator",
	"plan_name": "YORK HOSPITAL",
	"plan_id_type": "ein",
	"plan_id": "010212444",
	"plan_market_type": "group",
	"last_updated_on": "2022-12-01","Version": "1.0.0","out_of_network":[{"name":"INTERMITT LIMB COMPRESSION DEVC NOS","billing_code_type":"HCPCS","billing_code_type_version":"HCPCS LEVEL II 2021","billing_code":"E0676","description":"INTERMITT LIMB COMPRESSION DEVC NOS","allowed_amounts":[{"tin":{"type":"ein","value":"320487284"},"service_code":["12"],"billing_class":"professional","payments":[{"allowed_amount":90.00,"billing_code_modifier":[""],"providers":[{"billed_charge":180.00,"npi":[1093176752,1932154507]}]}]}]},{"name":"PSYCHIATRIC\/PSYCHOLOGICAL SVCS: PARTIAL HOSP - LES","billing_code_type":"RC","billing_code_type_version":"UB04","billing_code":"0912","description":"PSYCHIATRIC\/PSYCHOLOGICAL SVCS: PARTIAL HOSP - LES","allowed_amounts":[{"tin":{"type":"ein","value":"472526675"},"service_code":["22"],"billing_class":"institutional","payments":[{"allowed_amount":691.63,"billing_code_modifier":[""],"providers":[{"billed_charge":2625.00,"npi":[1750363032,1942684238]}]}]},{"tin":{"type":"ein","value":"472825772"},"service_code":["22"],"billing_class":"institutional","payments":[{"allowed_amount":233.15,"billing_code_modifier":[""],"providers":[{"billed_charge":2700.00,"npi":[1073902797,1508012741]}]}]}]},{"name":"RESIDENTIAL TREATMENT-CHEMICAL DEPENDENCY","billing_code_type":"RC","billing_code_type_version":"UB04","billing_code":"1002","description":"RESIDENTIAL TREATMENT-CHEMICAL DEPENDENCY","allowed_amounts":[{"tin":{"type":"ein","value":"832518128"},"service_code":["21"],"billing_class":"institutional","payments":[{"allowed_amount":3135.00,"billing_code_modifier":[""],"providers":[{"billed_charge":3600.00,"npi":[1861551236,1891332193]}]}]}]}]}
