{"reporting_entity_name": "IEC Group_DBA AmeriBen",
	"reporting_entity_type": "Third Party Administrator",
	"plan_name": "CITY OF COLORADO SPRINGS",
	"plan_id_type": "ein",
	"plan_id": "846000573",
	"plan_market_type": "group",
	"last_updated_on": "2025-01-01","Version": "1.0.0","out_of_network":[{"name":"COLLECTION VENOUS BLOOD VENIPUNCTURE","billing_code_type":"CPT","billing_code_type_version":"2020","billing_code":"36415","description":"COLLECTION VENOUS BLOOD VENIPUNCTURE","allowed_amounts":[{"tin":{"type":"ein","value":"431039532"},"service_code":["81"],"billing_class":"professional","payments":[{"allowed_amount":1.02,"billing_code_modifier":[""],"providers":[{"billed_charge":35.00,"npi":[1013431741,1083032908,1093706475,1104104199,1194705244,1194773531,1275629990,1316280993,1366424699,1376760082,1427287002,1447296272,1447542642,1447622592,1568591253,1588643290,1598185381,1609195676,1609812445,1629013628,1720306566,1720583206,1780620526,1780653444,1801848759,1811026610,1811940067,1881630614,1891169835]}]}]},{"tin":{"type":"ein","value":"840591617"},"service_code":["81"],"billing_class":"professional","payments":[{"allowed_amount":1.02,"billing_code_modifier":[""],"providers":[{"billed_charge":22.80,"npi":[1275723546,1720352974]}]}]},{"tin":{"type":"ein","value":"840611484"},"service_code":["81"],"billing_class":"professional","payments":[{"allowed_amount":1.02,"billing_code_modifier":[""],"providers":[{"billed_charge":10.00,"npi":[1598747651,1962692871]},{"billed_charge":26.25,"npi":[1427131986,1598747651]}]},{"allowed_amount":1.02,"billing_code_modifier":[""],"providers":[{"billed_charge":10.00,"npi":[1598747651,1962692871]},{"billed_charge":26.25,"npi":[1427131986,1598747651]}]}]},{"tin":{"type":"ein","value":"840611484"},"service_code":["81"],"billing_class":"professional","payments":[{"allowed_amount":1.02,"billing_code_modifier":[""],"providers":[{"billed_charge":10.00,"npi":[1598747651,1962692871]},{"billed_charge":26.25,"npi":[1427131986,1598747651]}]},{"allowed_amount":1.02,"billing_code_modifier":[""],"providers":[{"billed_charge":10.00,"npi":[1598747651,1962692871]},{"billed_charge":26.25,"npi":[1427131986,1598747651]}]}]}]},{"name":"COMPREHENSIVE METABOLIC PANEL","billing_code_type":"CPT","billing_code_type_version":"2020","billing_code":"80053","description":"COMPREHENSIVE METABOLIC PANEL","allowed_amounts":[{"tin":{"type":"ein","value":"431039532"},"service_code":["81"],"billing_class":"professional","payments":[{"allowed_amount":4.44,"billing_code_modifier":[""],"providers":[{"billed_charge":96.88,"npi":[1013431741,1093706475,1194705244,1245297555,1376760082,1447622592,1588643290,1598185381,1609195676,1609812445,1932247053]}]}]}]},{"name":"GENERAL HEALTH PANEL","billing_code_type":"CPT","billing_code_type_version":"2020","billing_code":"80050","description":"GENERAL HEALTH PANEL","allowed_amounts":[{"tin":{"type":"ein","value":"431039532"},"service_code":["81"],"billing_class":"professional","payments":[{"allowed_amount":14.76,"billing_code_modifier":[""],"providers":[{"billed_charge":262.69,"npi":[1609812445,1619532520]},{"billed_charge":290.47,"npi":[1013431741,1104104199,1275629990,1366424699,1447542642,1568591253,1609812445,1780620526,1811026610,1861028169,1881630614]}]},{"allowed_amount":14.76,"billing_code_modifier":[""],"providers":[{"billed_charge":262.69,"npi":[1609812445,1619532520]},{"billed_charge":290.47,"npi":[1013431741,1104104199,1275629990,1366424699,1447542642,1568591253,1609812445,1780620526,1811026610,1861028169,1881630614]}]}]},{"tin":{"type":"ein","value":"431039532"},"service_code":["81"],"billing_class":"professional","payments":[{"allowed_amount":14.76,"billing_code_modifier":[""],"providers":[{"billed_charge":262.69,"npi":[1609812445,1619532520]},{"billed_charge":290.47,"npi":[1013431741,1104104199,1275629990,1366424699,1447542642,1568591253,1609812445,1780620526,1811026610,1861028169,1881630614]}]},{"allowed_amount":14.76,"billing_code_modifier":[""],"providers":[{"billed_charge":262.69,"npi":[1609812445,1619532520]},{"billed_charge":290.47,"npi":[1013431741,1104104199,1275629990,1366424699,1447542642,1568591253,1609812445,1780620526,1811026610,1861028169,1881630614]}]}]},{"tin":{"type":"ein","value":"472218380"},"service_code":["11"],"billing_class":"professional","payments":[{"allowed_amount":14.76,"billing_code_modifier":[""],"providers":[{"billed_charge":143.00,"npi":[1396110045,1407252828,1619009388]}]}]},{"tin":{"type":"ein","value":"840591617"},"service_code":["81"],"billing_class":"professional","payments":[{"allowed_amount":14.76,"billing_code_modifier":[""],"providers":[{"billed_charge":111.60,"npi":[1518071067,1952697328]}]}]},{"tin":{"type":"ein","value":"873365405"},"service_code":["81"],"billing_class":"professional","payments":[{"allowed_amount":14.76,"billing_code_modifier":[""],"providers":[{"billed_charge":38.00,"npi":[1588377113,1689841744]}]}]}]},{"name":"HUMIDIFIER HEATED USED W PAP","billing_code_type":"HCPCS","billing_code_type_version":"HCPCS LEVEL II 2021","billing_code":"E0562","description":"HUMIDIFIER HEATED USED W PAP","allowed_amounts":[{"tin":{"type":"ein","value":"452683127"},"service_code":["12"],"billing_class":"professional","payments":[{"allowed_amount":11.43,"billing_code_modifier":[""],"providers":[{"billed_charge":40.00,"npi":[1144767542,1457828139,1962487587]}]}]},{"tin":{"type":"ein","value":"611423158"},"service_code":["12"],"billing_class":"professional","payments":[{"allowed_amount":11.43,"billing_code_modifier":[""],"providers":[{"billed_charge":49.99,"npi":[1073551446]},{"billed_charge":59.50,"npi":[1073551446]}]},{"allowed_amount":11.43,"billing_code_modifier":[""],"providers":[{"billed_charge":49.99,"npi":[1073551446]},{"billed_charge":59.50,"npi":[1073551446]}]}]},{"tin":{"type":"ein","value":"611423158"},"service_code":["12"],"billing_class":"professional","payments":[{"allowed_amount":11.43,"billing_code_modifier":[""],"providers":[{"billed_charge":49.99,"npi":[1073551446]},{"billed_charge":59.50,"npi":[1073551446]}]},{"allowed_amount":11.43,"billing_code_modifier":[""],"providers":[{"billed_charge":49.99,"npi":[1073551446]},{"billed_charge":59.50,"npi":[1073551446]}]}]}]},{"name":"LIPID PANEL","billing_code_type":"CPT","billing_code_type_version":"2020","billing_code":"80061","description":"LIPID PANEL","allowed_amounts":[{"tin":{"type":"ein","value":"431039532"},"service_code":["81"],"billing_class":"professional","payments":[{"allowed_amount":7.68,"billing_code_modifier":[""],"providers":[{"billed_charge":162.91,"npi":[1013431741,1104104199,1194705244,1194773531,1366424699,1447542642,1447622592,1568591253,1598185381,1609812445,1780620526,1861028169]}]}]},{"tin":{"type":"ein","value":"840591617"},"service_code":["81"],"billing_class":"professional","payments":[{"allowed_amount":7.68,"billing_code_modifier":[""],"providers":[{"billed_charge":34.80,"npi":[1518071067,1952697328]}]}]},{"tin":{"type":"ein","value":"873365405"},"service_code":["81"],"billing_class":"professional","payments":[{"allowed_amount":7.68,"billing_code_modifier":[""],"providers":[{"billed_charge":15.00,"npi":[1588377113,1689841744]}]}]}]},{"name":"OFFICE\/OUTPATIENT ESTABLISHED LOW MDM 20 MIN","billing_code_type":"CPT","billing_code_type_version":"2020","billing_code":"99213","description":"OFFICE\/OUTPATIENT ESTABLISHED LOW MDM 20 MIN","allowed_amounts":[{"tin":{"type":"ein","value":"452668894"},"service_code":["10"],"billing_class":"professional","payments":[{"allowed_amount":76.02,"billing_code_modifier":[""],"providers":[{"billed_charge":190.00,"npi":[1457833568,1588038681,1922510544]}]}]},{"tin":{"type":"ein","value":"472218380"},"service_code":["11"],"billing_class":"professional","payments":[{"allowed_amount":76.02,"billing_code_modifier":[""],"providers":[{"billed_charge":306.00,"npi":[1144763509,1346348380,1407252828,1437578762,1659641900,1699744359,1811430283,1871015396]}]}]},{"tin":{"type":"ein","value":"815398347"},"service_code":["11"],"billing_class":"professional","payments":[{"allowed_amount":76.02,"billing_code_modifier":[""],"providers":[{"billed_charge":130.00,"npi":[1407492531,1942775150]}]}]},{"tin":{"type":"ein","value":"882749994"},"service_code":["11"],"billing_class":"professional","payments":[{"allowed_amount":76.02,"billing_code_modifier":[""],"providers":[{"billed_charge":175.00,"npi":[1003527185,1043416696,1225326077]}]}]}]},{"name":"OFFICE\/OUTPATIENT ESTABLISHED MOD MDM 30 MIN","billing_code_type":"CPT","billing_code_type_version":"2020","billing_code":"99214","description":"OFFICE\/OUTPATIENT ESTABLISHED MOD MDM 30 MIN","allowed_amounts":[{"tin":{"type":"ein","value":"202029931"},"service_code":["11"],"billing_class":"professional","payments":[{"allowed_amount":109.95,"billing_code_modifier":[""],"providers":[{"billed_charge":165.00,"npi":[1033289285,1053654319]}]}]},{"tin":{"type":"ein","value":"452668894"},"service_code":["10"],"billing_class":"professional","payments":[{"allowed_amount":109.95,"billing_code_modifier":[""],"providers":[{"billed_charge":300.00,"npi":[1457833568,1588038681,1922510544]},{"billed_charge":235.00,"npi":[1588038681,1811466071]}]},{"allowed_amount":109.95,"billing_code_modifier":[""],"providers":[{"billed_charge":300.00,"npi":[1457833568,1588038681,1922510544]},{"billed_charge":235.00,"npi":[1588038681,1811466071]}]}]},{"tin":{"type":"ein","value":"452668894"},"service_code":["10","11"],"billing_class":"professional","payments":[{"allowed_amount":109.95,"billing_code_modifier":[""],"providers":[{"billed_charge":300.00,"npi":[1457833568,1588038681,1922510544]},{"billed_charge":235.00,"npi":[1588038681,1811466071]}]},{"allowed_amount":109.95,"billing_code_modifier":[""],"providers":[{"billed_charge":300.00,"npi":[1457833568,1588038681,1922510544]},{"billed_charge":235.00,"npi":[1588038681,1811466071]}]}]},{"tin":{"type":"ein","value":"460862530"},"service_code":["11"],"billing_class":"professional","payments":[{"allowed_amount":109.95,"billing_code_modifier":[""],"providers":[{"billed_charge":330.00,"npi":[1639510803,1700107323,1710919865]}]}]},{"tin":{"type":"ein","value":"810970561"},"service_code":["10"],"billing_class":"professional","payments":[{"allowed_amount":109.95,"billing_code_modifier":[""],"providers":[{"billed_charge":398.73,"npi":[1366646069,1689441255,1790141984]}]}]},{"tin":{"type":"ein","value":"815153902"},"service_code":["02","11"],"billing_class":"professional","payments":[{"allowed_amount":109.95,"billing_code_modifier":[""],"providers":[{"billed_charge":218.02,"npi":[1013456383,1063869881,1215547286,1366548133]}]}]},{"tin":{"type":"ein","value":"833801205"},"service_code":["11"],"billing_class":"professional","payments":[{"allowed_amount":109.95,"billing_code_modifier":[""],"providers":[{"billed_charge":522.92,"npi":[1154889608,1538525639]}]}]},{"tin":{"type":"ein","value":"841549616"},"service_code":["10"],"billing_class":"professional","payments":[{"allowed_amount":109.95,"billing_code_modifier":[""],"providers":[{"billed_charge":272.00,"npi":[1154419281,1366530404,1962135822]}]}]},{"tin":{"type":"ein","value":"842223798"},"service_code":["10"],"billing_class":"professional","payments":[{"allowed_amount":109.95,"billing_code_modifier":[""],"providers":[{"billed_charge":120.00,"npi":[1144810235,1568016038]}]}]},{"tin":{"type":"ein","value":"861747274"},"service_code":["02","11"],"billing_class":"professional","payments":[{"allowed_amount":109.95,"billing_code_modifier":[""],"providers":[{"billed_charge":245.44,"npi":[1164014874,1528524592,1710357462,1821798877]}]}]},{"tin":{"type":"ein","value":"922506102"},"service_code":["02"],"billing_class":"professional","payments":[{"allowed_amount":109.95,"billing_code_modifier":[""],"providers":[{"billed_charge":175.00,"npi":[1609576784,1710357462]}]}]}]},{"name":"PSYCHOTHERAPY W\/PATIENT 45 MINUTES","billing_code_type":"CPT","billing_code_type_version":"2020","billing_code":"90834","description":"PSYCHOTHERAPY W\/PATIENT 45 MINUTES","allowed_amounts":[{"tin":{"type":"ein","value":"471721734"},"service_code":["11"],"billing_class":"professional","payments":[{"allowed_amount":112.96,"billing_code_modifier":[""],"providers":[{"billed_charge":165.00,"npi":[1558615708,1780026807]}]}]},{"tin":{"type":"ein","value":"813695367"},"service_code":["11"],"billing_class":"professional","payments":[{"allowed_amount":112.96,"billing_code_modifier":[""],"providers":[{"billed_charge":165.00,"npi":[1295252682]}]}]}]},{"name":"PSYCHOTHERAPY W\/PATIENT 60 MINUTES","billing_code_type":"CPT","billing_code_type_version":"2020","billing_code":"90837","description":"PSYCHOTHERAPY W\/PATIENT 60 MINUTES","allowed_amounts":[{"tin":{"type":"ein","value":"475025949"},"service_code":["02"],"billing_class":"professional","payments":[{"allowed_amount":169.22,"billing_code_modifier":[""],"providers":[{"billed_charge":206.00,"npi":[1386150738,1669920625,1760854442]},{"billed_charge":260.00,"npi":[1386150738,1760854442]}]},{"allowed_amount":169.22,"billing_code_modifier":[""],"providers":[{"billed_charge":206.00,"npi":[1386150738,1669920625,1760854442]},{"billed_charge":260.00,"npi":[1386150738,1760854442]}]}]},{"tin":{"type":"ein","value":"475025949"},"service_code":["02"],"billing_class":"professional","payments":[{"allowed_amount":169.22,"billing_code_modifier":[""],"providers":[{"billed_charge":206.00,"npi":[1386150738,1669920625,1760854442]},{"billed_charge":260.00,"npi":[1386150738,1760854442]}]},{"allowed_amount":169.22,"billing_code_modifier":[""],"providers":[{"billed_charge":206.00,"npi":[1386150738,1669920625,1760854442]},{"billed_charge":260.00,"npi":[1386150738,1760854442]}]}]},{"tin":{"type":"ein","value":"933706212"},"service_code":["11"],"billing_class":"professional","payments":[{"allowed_amount":169.22,"billing_code_modifier":[""],"providers":[{"billed_charge":200.00,"npi":[1508415324]}]}]}]},{"name":"PSYCHOTHERAPY W\/PATIENT W\/E&M SRVCS 30 MIN","billing_code_type":"CPT","billing_code_type_version":"2020","billing_code":"90833","description":"PSYCHOTHERAPY W\/PATIENT W\/E&M SRVCS 30 MIN","allowed_amounts":[{"tin":{"type":"ein","value":"452668894"},"service_code":["10","11"],"billing_class":"professional","payments":[{"allowed_amount":87.19,"billing_code_modifier":[""],"providers":[{"billed_charge":145.00,"npi":[1588038681,1811466071]}]}]},{"tin":{"type":"ein","value":"810970561"},"service_code":["10"],"billing_class":"professional","payments":[{"allowed_amount":87.19,"billing_code_modifier":[""],"providers":[{"billed_charge":214.89,"npi":[1366646069,1689441255,1790141984]}]}]},{"tin":{"type":"ein","value":"861747274"},"service_code":["02"],"billing_class":"professional","payments":[{"allowed_amount":87.19,"billing_code_modifier":[""],"providers":[{"billed_charge":155.76,"npi":[1164014874,1528524592,1710357462,1821798877]}]}]}]},{"name":"RESIDENTIAL TREATMENT-PSYCHIATRIC","billing_code_type":"RC","billing_code_type_version":"UB04","billing_code":"1001","description":"RESIDENTIAL TREATMENT-PSYCHIATRIC","allowed_amounts":[{"tin":{"type":"ein","value":"263297560"},"service_code":["21"],"billing_class":"institutional","payments":[{"allowed_amount":1504.54,"billing_code_modifier":[""],"providers":[{"billed_charge":4880.00,"npi":[1215705215,1962793232]}]}]}]},{"name":"THERAPEUT ACTVITY DIRECT PT CONTACT EACH 15 MIN","billing_code_type":"CPT","billing_code_type_version":"2020","billing_code":"97530","description":"THERAPEUT ACTVITY DIRECT PT CONTACT EACH 15 MIN","allowed_amounts":[{"tin":{"type":"ein","value":"840532684"},"service_code":["10","12"],"billing_class":"professional","payments":[{"allowed_amount":59.50,"billing_code_modifier":[""],"providers":[{"billed_charge":160.00,"npi":[1538592829,1700928348,1962736942]},{"billed_charge":120.00,"npi":[1538592829,1700928348,1962736942]},{"billed_charge":200.00,"npi":[1538592829,1962736942]}]},{"allowed_amount":59.50,"billing_code_modifier":[""],"providers":[{"billed_charge":160.00,"npi":[1538592829,1700928348,1962736942]},{"billed_charge":120.00,"npi":[1538592829,1700928348,1962736942]},{"billed_charge":200.00,"npi":[1538592829,1962736942]}]},{"allowed_amount":59.50,"billing_code_modifier":[""],"providers":[{"billed_charge":160.00,"npi":[1538592829,1700928348,1962736942]},{"billed_charge":120.00,"npi":[1538592829,1700928348,1962736942]},{"billed_charge":200.00,"npi":[1538592829,1962736942]}]}]},{"tin":{"type":"ein","value":"840532684"},"service_code":["12"],"billing_class":"professional","payments":[{"allowed_amount":59.50,"billing_code_modifier":[""],"providers":[{"billed_charge":160.00,"npi":[1538592829,1700928348,1962736942]},{"billed_charge":120.00,"npi":[1538592829,1700928348,1962736942]},{"billed_charge":200.00,"npi":[1538592829,1962736942]}]},{"allowed_amount":59.50,"billing_code_modifier":[""],"providers":[{"billed_charge":160.00,"npi":[1538592829,1700928348,1962736942]},{"billed_charge":120.00,"npi":[1538592829,1700928348,1962736942]},{"billed_charge":200.00,"npi":[1538592829,1962736942]}]},{"allowed_amount":59.50,"billing_code_modifier":[""],"providers":[{"billed_charge":160.00,"npi":[1538592829,1700928348,1962736942]},{"billed_charge":120.00,"npi":[1538592829,1700928348,1962736942]},{"billed_charge":200.00,"npi":[1538592829,1962736942]}]}]},{"tin":{"type":"ein","value":"840532684"},"service_code":["12"],"billing_class":"professional","payments":[{"allowed_amount":59.50,"billing_code_modifier":[""],"providers":[{"billed_charge":160.00,"npi":[1538592829,1700928348,1962736942]},{"billed_charge":120.00,"npi":[1538592829,1700928348,1962736942]},{"billed_charge":200.00,"npi":[1538592829,1962736942]}]},{"allowed_amount":59.50,"billing_code_modifier":[""],"providers":[{"billed_charge":160.00,"npi":[1538592829,1700928348,1962736942]},{"billed_charge":120.00,"npi":[1538592829,1700928348,1962736942]},{"billed_charge":200.00,"npi":[1538592829,1962736942]}]},{"allowed_amount":59.50,"billing_code_modifier":[""],"providers":[{"billed_charge":160.00,"npi":[1538592829,1700928348,1962736942]},{"billed_charge":120.00,"npi":[1538592829,1700928348,1962736942]},{"billed_charge":200.00,"npi":[1538592829,1962736942]}]}]},{"tin":{"type":"ein","value":"841554677"},"service_code":["12"],"billing_class":"professional","payments":[{"allowed_amount":59.50,"billing_code_modifier":[""],"providers":[{"billed_charge":141.19,"npi":[1639761802]},{"billed_charge":144.01,"npi":[1629094909]}]},{"allowed_amount":59.50,"billing_code_modifier":[""],"providers":[{"billed_charge":141.19,"npi":[1639761802]},{"billed_charge":144.01,"npi":[1629094909]}]}]},{"tin":{"type":"ein","value":"841554677"},"service_code":["12"],"billing_class":"professional","payments":[{"allowed_amount":59.50,"billing_code_modifier":[""],"providers":[{"billed_charge":141.19,"npi":[1639761802]},{"billed_charge":144.01,"npi":[1629094909]}]},{"allowed_amount":59.50,"billing_code_modifier":[""],"providers":[{"billed_charge":141.19,"npi":[1639761802]},{"billed_charge":144.01,"npi":[1629094909]}]}]}]},{"name":"TX SPEECH LANG VOICE COMMJ &\/AUDITORY PROC IND","billing_code_type":"CPT","billing_code_type_version":"2020","billing_code":"92507","description":"TX SPEECH LANG VOICE COMMJ &\/AUDITORY PROC IND","allowed_amounts":[{"tin":{"type":"ein","value":"840532684"},"service_code":["12"],"billing_class":"professional","payments":[{"allowed_amount":82.89,"billing_code_modifier":[""],"providers":[{"billed_charge":160.00,"npi":[1639305824,1962736942]}]}]}]}]}
