{"reporting_entity_name": "IEC Group_DBA AmeriBen",
	"reporting_entity_type": "Third Party Administrator",
	"plan_name": "ALPHA MEDIA LLC",
	"plan_id_type": "ein",
	"plan_id": "461145950",
	"plan_market_type": "group",
	"last_updated_on": "2025-03-03","Version": "1.0.0","out_of_network":[{"name":"CCPD OPD\/HOME: CCPD COMP OR OTHER RATE","billing_code_type":"RC","billing_code_type_version":"UB04","billing_code":"0851","description":"CCPD OPD\/HOME: CCPD COMP OR OTHER RATE","allowed_amounts":[{"tin":{"type":"ein","value":"391878280"},"service_code":["65"],"billing_class":"institutional","payments":[{"allowed_amount":372.22,"billing_code_modifier":[""],"providers":[{"billed_charge":1500.00,"npi":[1265841092,1497711386]}]}]},{"tin":{"type":"ein","value":"391878280"},"service_code":["65"],"billing_class":"institutional","payments":[{"allowed_amount":372.27,"billing_code_modifier":[""],"providers":[{"billed_charge":1500.00,"npi":[1265841092,1497711386]}]}]}]}]}
