{"reporting_entity_name": "IEC Group_DBA AmeriBen",
	"reporting_entity_type": "Third Party Administrator",
	"plan_name": "OUTDOOR EXPRESSIONS, LLC",
	"plan_id_type": "ein",
	"plan_id": "582550875",
	"plan_market_type": "group",
	"last_updated_on": "2023-10-01","Version": "1.0.0","out_of_network":[{"name":"DRUGS REQUIRE SPECIFIC ID: DRUGS REQUIRING DETAIL","billing_code_type":"RC","billing_code_type_version":"UB04","billing_code":"0636","description":"DRUGS REQUIRE SPECIFIC ID: DRUGS REQUIRING DETAIL","allowed_amounts":[{"tin":{"type":"ein","value":"042832065"},"service_code":["65"],"billing_class":"institutional","payments":[{"allowed_amount":1.80,"billing_code_modifier":[""],"providers":[{"billed_charge":59.16,"npi":[1043322860,1235133869]}]}]},{"tin":{"type":"ein","value":"042832065"},"service_code":["65"],"billing_class":"institutional","payments":[{"allowed_amount":12.85,"billing_code_modifier":[""],"providers":[{"billed_charge":420.90,"npi":[1043322860,1235133869]}]}]}]},{"name":"HEMO OPD\/HOME: HEMODIALYSIS COMP OR OTHER RATE","billing_code_type":"RC","billing_code_type_version":"UB04","billing_code":"0821","description":"HEMO OPD\/HOME: HEMODIALYSIS COMP OR OTHER RATE","allowed_amounts":[{"tin":{"type":"ein","value":"042832065"},"service_code":["65"],"billing_class":"institutional","payments":[{"allowed_amount":244.45,"billing_code_modifier":[""],"providers":[{"billed_charge":8010.89,"npi":[1043322860,1235133869]}]}]}]},{"name":"MEDICAL\/SURGICAL SUPPLIES","billing_code_type":"RC","billing_code_type_version":"UB04","billing_code":"0270","description":"MEDICAL\/SURGICAL SUPPLIES","allowed_amounts":[{"tin":{"type":"ein","value":"042832065"},"service_code":["65"],"billing_class":"institutional","payments":[{"allowed_amount":4.12,"billing_code_modifier":[""],"providers":[{"billed_charge":135.24,"npi":[1043322860,1235133869]}]}]}]},{"name":"PHARMACY","billing_code_type":"RC","billing_code_type_version":"UB04","billing_code":"0250","description":"PHARMACY","allowed_amounts":[{"tin":{"type":"ein","value":"042832065"},"service_code":["65"],"billing_class":"institutional","payments":[{"allowed_amount":1.54,"billing_code_modifier":[""],"providers":[{"billed_charge":50.38,"npi":[1043322860,1235133869]}]}]},{"tin":{"type":"ein","value":"042832065"},"service_code":["65"],"billing_class":"institutional","payments":[{"allowed_amount":2.75,"billing_code_modifier":[""],"providers":[{"billed_charge":90.07,"npi":[1043322860,1235133869]}]}]}]}]}
