{"reporting_entity_name": "IEC Group_DBA AmeriBen",
	"reporting_entity_type": "Third Party Administrator",
	"plan_name": "ARIZONA LOCAL GOVERNMENT EBT",
	"plan_id_type": "ein",
	"plan_id": "860765362",
	"plan_market_type": "group",
	"last_updated_on": "2025-07-01","Version": "1.0.0","out_of_network":[{"name":"CCPD OPD\/HOME: CCPD COMP OR OTHER RATE","billing_code_type":"RC","billing_code_type_version":"UB04","billing_code":"0851","description":"CCPD OPD\/HOME: CCPD COMP OR OTHER RATE","allowed_amounts":[{"tin":{"type":"ein","value":"263105284"},"service_code":["65"],"billing_class":"institutional","payments":[{"allowed_amount":424.87,"billing_code_modifier":[""],"providers":[{"billed_charge":6122.43,"npi":[1497733810,1780915298]}]}]},{"tin":{"type":"ein","value":"263105284"},"service_code":["65"],"billing_class":"institutional","payments":[{"allowed_amount":440.04,"billing_code_modifier":[""],"providers":[{"billed_charge":6122.43,"npi":[1497733810,1780915298]}]}]},{"tin":{"type":"ein","value":"263105284"},"service_code":["65"],"billing_class":"institutional","payments":[{"allowed_amount":464.55,"billing_code_modifier":[""],"providers":[{"billed_charge":6122.43,"npi":[1497733810,1780915298]}]}]},{"tin":{"type":"ein","value":"263105284"},"service_code":["65"],"billing_class":"institutional","payments":[{"allowed_amount":475.33,"billing_code_modifier":[""],"providers":[{"billed_charge":6122.43,"npi":[1497733810,1780915298]}]}]},{"tin":{"type":"ein","value":"263105284"},"service_code":["65"],"billing_class":"institutional","payments":[{"allowed_amount":477.76,"billing_code_modifier":[""],"providers":[{"billed_charge":6122.43,"npi":[1497733810,1780915298]}]}]},{"tin":{"type":"ein","value":"263105284"},"service_code":["65"],"billing_class":"institutional","payments":[{"allowed_amount":478.40,"billing_code_modifier":[""],"providers":[{"billed_charge":6122.43,"npi":[1497733810,1780915298]}]}]}]},{"name":"DR TST DEFIN DR ID M P D 1-7 DR CL","billing_code_type":"HCPCS","billing_code_type_version":"HCPCS LEVEL II 2021","billing_code":"G0480","description":"DR TST DEFIN DR ID M P D 1-7 DR CL","allowed_amounts":[{"tin":{"type":"ein","value":"541882269"},"service_code":["81"],"billing_class":"professional","payments":[{"allowed_amount":156.84,"billing_code_modifier":[""],"providers":[{"billed_charge":250.00,"npi":[1184932782,1912903717]}]}]}]},{"name":"DRUG TST PRSMV INSTRMNT CHEM ANALYZERS PR DATE","billing_code_type":"CPT","billing_code_type_version":"2020","billing_code":"80307","description":"DRUG TST PRSMV INSTRMNT CHEM ANALYZERS PR DATE","allowed_amounts":[{"tin":{"type":"ein","value":"541882269"},"service_code":["81"],"billing_class":"professional","payments":[{"allowed_amount":61.72,"billing_code_modifier":[""],"providers":[{"billed_charge":345.00,"npi":[1184932782,1912903717]}]}]}]},{"name":"EMERGENCY DEPARTMENT VISIT HIGH MDM","billing_code_type":"CPT","billing_code_type_version":"2020","billing_code":"99285","description":"EMERGENCY DEPARTMENT VISIT HIGH MDM","allowed_amounts":[{"tin":{"type":"ein","value":"263853489"},"service_code":["23"],"billing_class":"professional","payments":[{"allowed_amount":271.95,"billing_code_modifier":[""],"providers":[{"billed_charge":1804.00,"npi":[1073873147,1275855231,1295090355,1326018359,1518408772,1558509745,1851333660,1871566521]}]}]},{"tin":{"type":"ein","value":"460508979"},"service_code":["23"],"billing_class":"professional","payments":[{"allowed_amount":271.95,"billing_code_modifier":[""],"providers":[{"billed_charge":1516.00,"npi":[1023579281,1104871961,1184670317,1992735088]}]}]},{"tin":{"type":"ein","value":"753010206"},"service_code":["23"],"billing_class":"professional","payments":[{"allowed_amount":271.95,"billing_code_modifier":[""],"providers":[{"billed_charge":1641.00,"npi":[1891959730]}]}]},{"tin":{"type":"ein","value":"841099826"},"service_code":["23"],"billing_class":"professional","payments":[{"allowed_amount":271.95,"billing_code_modifier":[""],"providers":[{"billed_charge":1699.88,"npi":[1215349709,1427875061]}]}]},{"tin":{"type":"ein","value":"860593131"},"service_code":["23"],"billing_class":"professional","payments":[{"allowed_amount":271.95,"billing_code_modifier":[""],"providers":[{"billed_charge":1796.00,"npi":[1851689384]}]}]},{"tin":{"type":"ein","value":"873202637"},"service_code":["23"],"billing_class":"professional","payments":[{"allowed_amount":271.95,"billing_code_modifier":[""],"providers":[{"billed_charge":2897.00,"npi":[1164004800,1174512792]}]}]}]},{"name":"EMERGENCY DEPARTMENT VISIT MODERATE MDM","billing_code_type":"CPT","billing_code_type_version":"2020","billing_code":"99284","description":"EMERGENCY DEPARTMENT VISIT MODERATE MDM","allowed_amounts":[{"tin":{"type":"ein","value":"201291415"},"service_code":["23"],"billing_class":"professional","payments":[{"allowed_amount":181.68,"billing_code_modifier":[""],"providers":[{"billed_charge":365.00,"npi":[1225328750,1518347798,1760480503]}]}]},{"tin":{"type":"ein","value":"203136368"},"service_code":["23"],"billing_class":"professional","payments":[{"allowed_amount":181.68,"billing_code_modifier":[""],"providers":[{"billed_charge":951.00,"npi":[1063728996,1356956015]}]}]},{"tin":{"type":"ein","value":"204374426"},"service_code":["23"],"billing_class":"professional","payments":[{"allowed_amount":181.68,"billing_code_modifier":[""],"providers":[{"billed_charge":874.00,"npi":[1568826923,1639555865,1841021581]}]}]},{"tin":{"type":"ein","value":"263853489"},"service_code":["23"],"billing_class":"professional","payments":[{"allowed_amount":181.68,"billing_code_modifier":[""],"providers":[{"billed_charge":1226.00,"npi":[1073873147,1275855231,1295090355,1518408772,1558509745,1629500350,1851333660,1871566521,1891190062,1962493692]}]}]},{"tin":{"type":"ein","value":"352574944"},"service_code":["23"],"billing_class":"professional","payments":[{"allowed_amount":181.68,"billing_code_modifier":[""],"providers":[{"billed_charge":2392.00,"npi":[1154352508,1639240336]}]}]},{"tin":{"type":"ein","value":"752751882"},"service_code":["23"],"billing_class":"professional","payments":[{"allowed_amount":181.68,"billing_code_modifier":[""],"providers":[{"billed_charge":1288.00,"npi":[1144768862,1194706655,1821623208]}]}]},{"tin":{"type":"ein","value":"753010206"},"service_code":["23"],"billing_class":"professional","payments":[{"allowed_amount":181.68,"billing_code_modifier":[""],"providers":[{"billed_charge":1100.00,"npi":[1376577882,1649341744,1871700823,1891959730]}]}]},{"tin":{"type":"ein","value":"814399995"},"service_code":["23"],"billing_class":"professional","payments":[{"allowed_amount":181.68,"billing_code_modifier":[""],"providers":[{"billed_charge":895.00,"npi":[1245772870,1295961613,1306232178,1689121188]}]}]},{"tin":{"type":"ein","value":"860415065"},"service_code":["23"],"billing_class":"professional","payments":[{"allowed_amount":181.68,"billing_code_modifier":[""],"providers":[{"billed_charge":1227.00,"npi":[1225055924,1275566200,1356864011,1699026435]}]}]},{"tin":{"type":"ein","value":"873825600"},"service_code":["23"],"billing_class":"professional","payments":[{"allowed_amount":181.68,"billing_code_modifier":[""],"providers":[{"billed_charge":2461.65,"npi":[1649478967,1659039618,1881352037]}]}]}]},{"name":"IADNA NOS AMPLIFIED PROBE TQ EACH ORGANISM","billing_code_type":"CPT","billing_code_type_version":"2020","billing_code":"87798","description":"IADNA NOS AMPLIFIED PROBE TQ EACH ORGANISM","allowed_amounts":[{"tin":{"type":"ein","value":"851099688"},"service_code":["81"],"billing_class":"professional","payments":[{"allowed_amount":33.40,"billing_code_modifier":[""],"providers":[{"billed_charge":87.73,"npi":[1194927376,1457977209]}]}]}]},{"name":"OFFICE\/OUTPATIENT ESTABLISHED MOD MDM 30 MIN","billing_code_type":"CPT","billing_code_type_version":"2020","billing_code":"99214","description":"OFFICE\/OUTPATIENT ESTABLISHED MOD MDM 30 MIN","allowed_amounts":[{"tin":{"type":"ein","value":"860888560"},"service_code":["11"],"billing_class":"professional","payments":[{"allowed_amount":172.23,"billing_code_modifier":[""],"providers":[{"billed_charge":213.00,"npi":[1003081803,1003090390,1194300426,1235623505,1386622645,1477531713,1477714863,1720522774,1730137480,1790351435]}]}]}]}]}
