{"reporting_entity_name": "IEC Group_DBA AmeriBen",
	"reporting_entity_type": "Third Party Administrator",
	"plan_name": "PRO MACH, INC.",
	"plan_id_type": "ein",
	"plan_id": "582402604",
	"plan_market_type": "group",
	"last_updated_on": "2023-07-01","Version": "1.0.0","out_of_network":[{"name":"CHIROPRACTIC MANIPULATIVE TX SPINAL 3-4 REGIONS","billing_code_type":"CPT","billing_code_type_version":"2020","billing_code":"98941","description":"CHIROPRACTIC MANIPULATIVE TX SPINAL 3-4 REGIONS","allowed_amounts":[{"tin":{"type":"ein","value":"223566132"},"service_code":["11"],"billing_class":"professional","payments":[{"allowed_amount":66.54,"billing_code_modifier":[""],"providers":[{"billed_charge":150.00,"npi":[1356409304,1366578213]}]}]}]},{"name":"MANUAL THERAPY TQS 1\/> REGIONS EACH 15 MINUTES","billing_code_type":"CPT","billing_code_type_version":"2020","billing_code":"97140","description":"MANUAL THERAPY TQS 1\/> REGIONS EACH 15 MINUTES","allowed_amounts":[{"tin":{"type":"ein","value":"204154737"},"service_code":["11"],"billing_class":"professional","payments":[{"allowed_amount":72.16,"billing_code_modifier":[""],"providers":[{"billed_charge":275.62,"npi":[1245349638,1407589062,1821728320,1831327741,1851484380]}]}]},{"tin":{"type":"ein","value":"820914475"},"service_code":["11"],"billing_class":"professional","payments":[{"allowed_amount":36.08,"billing_code_modifier":[""],"providers":[{"billed_charge":98.00,"npi":[1396277299,1457474256]}]}]}]},{"name":"SBSQ HOSPITAL IP\/OBS CARE MOD MDM 35 MINUTES","billing_code_type":"CPT","billing_code_type_version":"2020","billing_code":"99232","description":"SBSQ HOSPITAL IP\/OBS CARE MOD MDM 35 MINUTES","allowed_amounts":[{"tin":{"type":"ein","value":"134236446"},"service_code":["21"],"billing_class":"professional","payments":[{"allowed_amount":79.52,"billing_code_modifier":[""],"providers":[{"billed_charge":250.00,"npi":[1043396211,1366626517]}]}]}]},{"name":"THERAPEUTIC PX 1\/> AREAS EACH 15 MIN EXERCISES","billing_code_type":"CPT","billing_code_type_version":"2020","billing_code":"97110","description":"THERAPEUTIC PX 1\/> AREAS EACH 15 MIN EXERCISES","allowed_amounts":[{"tin":{"type":"ein","value":"204154737"},"service_code":["11"],"billing_class":"professional","payments":[{"allowed_amount":89.21,"billing_code_modifier":[""],"providers":[{"billed_charge":352.80,"npi":[1245349638,1407589062,1821728320,1851484380]}]}]},{"tin":{"type":"ein","value":"820914475"},"service_code":["11"],"billing_class":"professional","payments":[{"allowed_amount":89.21,"billing_code_modifier":[""],"providers":[{"billed_charge":196.00,"npi":[1396277299,1457474256]}]}]}]}]}
