{"reporting_entity_name": "IEC Group_DBA AmeriBen",
	"reporting_entity_type": "Third Party Administrator",
	"plan_name": "ASTEMO",
	"plan_id_type": "ein",
	"plan_id": "611065272",
	"plan_market_type": "group",
	"last_updated_on": "2025-10-01","Version": "1.0.0","out_of_network":[{"name":"25 HYDROXY INCLUDES FRACTIONS IF PERFORMED","billing_code_type":"CPT","billing_code_type_version":"2020","billing_code":"82306","description":"25 HYDROXY INCLUDES FRACTIONS IF PERFORMED","allowed_amounts":[{"tin":{"type":"ein","value":"201236503"},"service_code":["81"],"billing_class":"professional","payments":[{"allowed_amount":14.26,"billing_code_modifier":[""],"providers":[{"billed_charge":118.40,"npi":[1225110497,1558704999,1902677529]}]}]},{"tin":{"type":"ein","value":"382084239"},"service_code":["81"],"billing_class":"professional","payments":[{"allowed_amount":14.26,"billing_code_modifier":[""],"providers":[{"billed_charge":276.66,"npi":[1629671342,1740728690,1932166386]}]}]},{"tin":{"type":"ein","value":"471359076"},"service_code":["81"],"billing_class":"professional","payments":[{"allowed_amount":14.26,"billing_code_modifier":[""],"providers":[{"billed_charge":88.80,"npi":[1134538713,1629097472,1710974696]}]}]},{"tin":{"type":"ein","value":"810576059"},"service_code":["81"],"billing_class":"professional","payments":[{"allowed_amount":14.26,"billing_code_modifier":[""],"providers":[{"billed_charge":124.08,"npi":[1235186800,1598739609,1649339508,1952398406,1962441493]}]}]}]},{"name":"ADAPTIVE BEHAVIOR TX BY PROTOCOL TECH EA 15 MIN","billing_code_type":"CPT","billing_code_type_version":"2020","billing_code":"97153","description":"ADAPTIVE BEHAVIOR TX BY PROTOCOL TECH EA 15 MIN","allowed_amounts":[{"tin":{"type":"ein","value":"931946119"},"service_code":["11"],"billing_class":"professional","payments":[{"allowed_amount":640.00,"billing_code_modifier":[""],"providers":[{"billed_charge":10560.00,"npi":[1508404633,1538848288]}]}]}]},{"name":"BLOOD COUNT COMPLETE AUTO&AUTO DIFRNTL WBC","billing_code_type":"CPT","billing_code_type_version":"2020","billing_code":"85025","description":"BLOOD COUNT COMPLETE AUTO&AUTO DIFRNTL WBC","allowed_amounts":[{"tin":{"type":"ein","value":"382084239"},"service_code":["81"],"billing_class":"professional","payments":[{"allowed_amount":3.75,"billing_code_modifier":[""],"providers":[{"billed_charge":52.05,"npi":[1629671342,1740728690,1932166386]}]}]},{"tin":{"type":"ein","value":"810576059"},"service_code":["81"],"billing_class":"professional","payments":[{"allowed_amount":3.75,"billing_code_modifier":[""],"providers":[{"billed_charge":15.54,"npi":[1235186800,1588396329,1588607493,1598739609,1649339508,1700820198,1801904354,1952398406]}]}]}]},{"name":"CHIROPRACTIC MANIPULATIVE TX SPINAL 3-4 REGIONS","billing_code_type":"CPT","billing_code_type_version":"2020","billing_code":"98941","description":"CHIROPRACTIC MANIPULATIVE TX SPINAL 3-4 REGIONS","allowed_amounts":[{"tin":{"type":"ein","value":"341915281"},"service_code":["11"],"billing_class":"professional","payments":[{"allowed_amount":23.28,"billing_code_modifier":[""],"providers":[{"billed_charge":70.00,"npi":[1306047055,1457407769]}]}]}]},{"name":"COLLECTION VENOUS BLOOD VENIPUNCTURE","billing_code_type":"CPT","billing_code_type_version":"2020","billing_code":"36415","description":"COLLECTION VENOUS BLOOD VENIPUNCTURE","allowed_amounts":[{"tin":{"type":"ein","value":"030417049"},"service_code":["11"],"billing_class":"professional","payments":[{"allowed_amount":1.02,"billing_code_modifier":[""],"providers":[{"billed_charge":16.00,"npi":[1548341175,1922053545]}]}]},{"tin":{"type":"ein","value":"201236503"},"service_code":["81"],"billing_class":"professional","payments":[{"allowed_amount":1.02,"billing_code_modifier":[""],"providers":[{"billed_charge":34.28,"npi":[1225110497,1558704999,1588186191,1780074039,1902677529]}]}]},{"tin":{"type":"ein","value":"471359076"},"service_code":["81"],"billing_class":"professional","payments":[{"allowed_amount":1.02,"billing_code_modifier":[""],"providers":[{"billed_charge":27.27,"npi":[1134538713,1629097472,1710974696]}]}]}]},{"name":"COMPLEX E\/M VISIT ADD ON","billing_code_type":"HCPCS","billing_code_type_version":"HCPCS LEVEL II 2021","billing_code":"G2211","description":"COMPLEX E\/M VISIT ADD ON","allowed_amounts":[{"tin":{"type":"ein","value":"611141697"},"service_code":["11"],"billing_class":"professional","payments":[{"allowed_amount":0.00,"billing_code_modifier":[""],"providers":[{"billed_charge":39.00,"npi":[1649571076,1730161753]}]}]},{"tin":{"type":"ein","value":"883616696"},"service_code":["11"],"billing_class":"professional","payments":[{"allowed_amount":0.00,"billing_code_modifier":[""],"providers":[{"billed_charge":50.00,"npi":[1427248756,1477256303,1497015150]}]}]},{"tin":{"type":"ein","value":"884116297"},"service_code":["72"],"billing_class":"professional","payments":[{"allowed_amount":0.00,"billing_code_modifier":[""],"providers":[{"billed_charge":32.00,"npi":[1215979711,1366207938,1467175513]}]}]}]},{"name":"COMPREHENSIVE METABOLIC PANEL","billing_code_type":"CPT","billing_code_type_version":"2020","billing_code":"80053","description":"COMPREHENSIVE METABOLIC PANEL","allowed_amounts":[{"tin":{"type":"ein","value":"201236503"},"service_code":["81"],"billing_class":"professional","payments":[{"allowed_amount":5.09,"billing_code_modifier":[""],"providers":[{"billed_charge":42.24,"npi":[1225110497,1558704999,1902677529]}]}]},{"tin":{"type":"ein","value":"382084239"},"service_code":["81"],"billing_class":"professional","payments":[{"allowed_amount":5.09,"billing_code_modifier":[""],"providers":[{"billed_charge":100.75,"npi":[1629671342,1740728690,1932166386]}]}]},{"tin":{"type":"ein","value":"581592076"},"service_code":["81"],"billing_class":"professional","payments":[{"allowed_amount":5.09,"billing_code_modifier":[""],"providers":[{"billed_charge":49.00,"npi":[1558792127,1609917103,1932361789]}]}]},{"tin":{"type":"ein","value":"810576059"},"service_code":["81"],"billing_class":"professional","payments":[{"allowed_amount":5.09,"billing_code_modifier":[""],"providers":[{"billed_charge":21.12,"npi":[1003281171,1235186800,1578946356,1588396329,1588607493,1598739609,1649339508,1700820198,1730917741,1801904354,1952398406]}]}]}]},{"name":"DRUGS REQUIRE SPECIFIC ID: DRUGS REQUIRING DETAIL","billing_code_type":"RC","billing_code_type_version":"UB04","billing_code":"0636","description":"DRUGS REQUIRE SPECIFIC ID: DRUGS REQUIRING DETAIL","allowed_amounts":[{"tin":{"type":"ein","value":"471764839"},"service_code":["65"],"billing_class":"institutional","payments":[{"allowed_amount":10.32,"billing_code_modifier":[""],"providers":[{"billed_charge":386.75,"npi":[1518138759,1861896060]}]}]}]},{"name":"HEMOGLOBIN GLYCOSYLATED A1C","billing_code_type":"CPT","billing_code_type_version":"2020","billing_code":"83036","description":"HEMOGLOBIN GLYCOSYLATED A1C","allowed_amounts":[{"tin":{"type":"ein","value":"201236503"},"service_code":["81"],"billing_class":"professional","payments":[{"allowed_amount":4.68,"billing_code_modifier":[""],"providers":[{"billed_charge":38.84,"npi":[1225110497,1558704999,1902677529]}]}]},{"tin":{"type":"ein","value":"382084239"},"service_code":["81"],"billing_class":"professional","payments":[{"allowed_amount":4.68,"billing_code_modifier":[""],"providers":[{"billed_charge":84.95,"npi":[1720426695,1740728690,1932166386]}]}]},{"tin":{"type":"ein","value":"471359076"},"service_code":["81"],"billing_class":"professional","payments":[{"allowed_amount":4.68,"billing_code_modifier":[""],"providers":[{"billed_charge":29.13,"npi":[1134538713,1710974696]}]}]},{"tin":{"type":"ein","value":"581592076"},"service_code":["81"],"billing_class":"professional","payments":[{"allowed_amount":4.68,"billing_code_modifier":[""],"providers":[{"billed_charge":45.00,"npi":[1558792127,1609917103,1932361789]}]}]},{"tin":{"type":"ein","value":"810576059"},"service_code":["81"],"billing_class":"professional","payments":[{"allowed_amount":4.68,"billing_code_modifier":[""],"providers":[{"billed_charge":40.68,"npi":[1194712083,1235186800,1609880707,1649339508,1700820198,1952398406,1962441493]}]}]}]},{"name":"HIT ANTIBIOTIC Q12H DIEM","billing_code_type":"HCPCS","billing_code_type_version":"HCPCS LEVEL II 2021","billing_code":"S9501","description":"HIT ANTIBIOTIC Q12H DIEM","allowed_amounts":[{"tin":{"type":"ein","value":"562554975"},"service_code":["12"],"billing_class":"professional","payments":[{"allowed_amount":68.00,"billing_code_modifier":[""],"providers":[{"billed_charge":323.40,"npi":[1083603906,1811191307]}]}]}]},{"name":"IADNA NOS AMPLIFIED PROBE TQ EACH ORGANISM","billing_code_type":"CPT","billing_code_type_version":"2020","billing_code":"87798","description":"IADNA NOS AMPLIFIED PROBE TQ EACH ORGANISM","allowed_amounts":[{"tin":{"type":"ein","value":"473588569"},"service_code":["81"],"billing_class":"professional","payments":[{"allowed_amount":0.00,"billing_code_modifier":[""],"providers":[{"billed_charge":2624.60,"npi":[1861620981,1982091617]}]}]},{"tin":{"type":"ein","value":"621433252"},"service_code":["81"],"billing_class":"professional","payments":[{"allowed_amount":0.00,"billing_code_modifier":[""],"providers":[{"billed_charge":35.09,"npi":[1578889143,1689639544,1881352979]}]}]},{"tin":{"type":"ein","value":"621433252"},"service_code":["81"],"billing_class":"professional","payments":[{"allowed_amount":15.21,"billing_code_modifier":[""],"providers":[{"billed_charge":35.09,"npi":[1578889143,1689639544,1881352979]}]}]},{"tin":{"type":"ein","value":"873826903"},"service_code":["81"],"billing_class":"professional","payments":[{"allowed_amount":0.00,"billing_code_modifier":[""],"providers":[{"billed_charge":35.09,"npi":[1073762720,1588123889,1881352979]}]}]},{"tin":{"type":"ein","value":"873826903"},"service_code":["81"],"billing_class":"professional","payments":[{"allowed_amount":15.21,"billing_code_modifier":[""],"providers":[{"billed_charge":35.09,"npi":[1073762720,1881352979]},{"billed_charge":43.86,"npi":[1881352979,1942948369]}]},{"allowed_amount":15.21,"billing_code_modifier":[""],"providers":[{"billed_charge":35.09,"npi":[1073762720,1881352979]},{"billed_charge":43.86,"npi":[1881352979,1942948369]}]}]},{"tin":{"type":"ein","value":"873826903"},"service_code":["81"],"billing_class":"professional","payments":[{"allowed_amount":15.21,"billing_code_modifier":[""],"providers":[{"billed_charge":35.09,"npi":[1073762720,1881352979]},{"billed_charge":43.86,"npi":[1881352979,1942948369]}]},{"allowed_amount":15.21,"billing_code_modifier":[""],"providers":[{"billed_charge":35.09,"npi":[1073762720,1881352979]},{"billed_charge":43.86,"npi":[1881352979,1942948369]}]}]}]},{"name":"LIPID PANEL","billing_code_type":"CPT","billing_code_type_version":"2020","billing_code":"80061","description":"LIPID PANEL","allowed_amounts":[{"tin":{"type":"ein","value":"201236503"},"service_code":["81"],"billing_class":"professional","payments":[{"allowed_amount":7.68,"billing_code_modifier":[""],"providers":[{"billed_charge":53.56,"npi":[1225110497,1558704999,1902677529]}]}]},{"tin":{"type":"ein","value":"382084239"},"service_code":["81"],"billing_class":"professional","payments":[{"allowed_amount":7.68,"billing_code_modifier":[""],"providers":[{"billed_charge":169.43,"npi":[1629671342,1720426695,1740728690,1932166386]}]}]},{"tin":{"type":"ein","value":"471359076"},"service_code":["81"],"billing_class":"professional","payments":[{"allowed_amount":7.68,"billing_code_modifier":[""],"providers":[{"billed_charge":40.17,"npi":[1134538713,1710974696]}]}]},{"tin":{"type":"ein","value":"810576059"},"service_code":["81"],"billing_class":"professional","payments":[{"allowed_amount":7.68,"billing_code_modifier":[""],"providers":[{"billed_charge":56.16,"npi":[1003281171,1194712083,1235186800,1598739609,1609880707,1649339508,1700820198,1952398406,1962441493]}]}]}]},{"name":"MEDICAL\/SURGICAL SUPPLIES","billing_code_type":"RC","billing_code_type_version":"UB04","billing_code":"0270","description":"MEDICAL\/SURGICAL SUPPLIES","allowed_amounts":[{"tin":{"type":"ein","value":"471764839"},"service_code":["65"],"billing_class":"institutional","payments":[{"allowed_amount":3.86,"billing_code_modifier":[""],"providers":[{"billed_charge":149.10,"npi":[1518138759,1861896060]}]}]},{"tin":{"type":"ein","value":"471764839"},"service_code":["65"],"billing_class":"institutional","payments":[{"allowed_amount":3.98,"billing_code_modifier":[""],"providers":[{"billed_charge":149.10,"npi":[1518138759,1861896060]}]}]}]},{"name":"NEUROMUSCULAR STIM FOR SHOCK","billing_code_type":"HCPCS","billing_code_type_version":"HCPCS LEVEL II 2021","billing_code":"E0745","description":"NEUROMUSCULAR STIM FOR SHOCK","allowed_amounts":[{"tin":{"type":"ein","value":"841451963"},"service_code":["12"],"billing_class":"professional","payments":[{"allowed_amount":45.41,"billing_code_modifier":[""],"providers":[{"billed_charge":449.00,"npi":[1467070623,1669493839,1770511552,1811958291,1962592972]}]}]}]},{"name":"PSYCHIATRIC\/PSYCHOLOGICAL SVCS: PARTIAL HOSP - LES","billing_code_type":"RC","billing_code_type_version":"UB04","billing_code":"0912","description":"PSYCHIATRIC\/PSYCHOLOGICAL SVCS: PARTIAL HOSP - LES","allowed_amounts":[{"tin":{"type":"ein","value":"873581824"},"service_code":["22"],"billing_class":"institutional","payments":[{"allowed_amount":4137.54,"billing_code_modifier":[""],"providers":[{"billed_charge":5290.02,"npi":[1295466266,1750724886]}]}]}]},{"name":"PSYCHIATRIC\/PSYCHOLOGICAL TRT: INTENSIVE OUT SERV","billing_code_type":"RC","billing_code_type_version":"UB04","billing_code":"0906","description":"PSYCHIATRIC\/PSYCHOLOGICAL TRT: INTENSIVE OUT SERV","allowed_amounts":[{"tin":{"type":"ein","value":"873581824"},"service_code":["22"],"billing_class":"institutional","payments":[{"allowed_amount":1089.54,"billing_code_modifier":[""],"providers":[{"billed_charge":4298.00,"npi":[1295466266,1750724886]}]}]}]},{"name":"PSYCHOTHERAPY W\/PATIENT 60 MINUTES","billing_code_type":"CPT","billing_code_type_version":"2020","billing_code":"90837","description":"PSYCHOTHERAPY W\/PATIENT 60 MINUTES","allowed_amounts":[{"tin":{"type":"ein","value":"341475943"},"service_code":["11","12"],"billing_class":"professional","payments":[{"allowed_amount":100.67,"billing_code_modifier":[""],"providers":[{"billed_charge":163.00,"npi":[1255987525,1417420092,1629651146,1710930953,1790084382]}]}]},{"tin":{"type":"ein","value":"883856028"},"service_code":["02","11"],"billing_class":"professional","payments":[{"allowed_amount":84.75,"billing_code_modifier":[""],"providers":[{"billed_charge":120.00,"npi":[1194391433,1922230119]}]}]}]},{"name":"RESIDENTIAL TREATMENT-CHEMICAL DEPENDENCY","billing_code_type":"RC","billing_code_type_version":"UB04","billing_code":"1002","description":"RESIDENTIAL TREATMENT-CHEMICAL DEPENDENCY","allowed_amounts":[{"tin":{"type":"ein","value":"352449513"},"service_code":["21"],"billing_class":"institutional","payments":[{"allowed_amount":1400.00,"billing_code_modifier":[""],"providers":[{"billed_charge":5245.00,"npi":[1285742841,1558616375]}]}]}]},{"name":"TENS SUPPL 2 LEAD PER MONTH","billing_code_type":"HCPCS","billing_code_type_version":"HCPCS LEVEL II 2021","billing_code":"A4595","description":"TENS SUPPL 2 LEAD PER MONTH","allowed_amounts":[{"tin":{"type":"ein","value":"841451963"},"service_code":["12"],"billing_class":"professional","payments":[{"allowed_amount":17.74,"billing_code_modifier":[""],"providers":[{"billed_charge":217.98,"npi":[1306338942,1669493839,1770511552,1811958291,1851786420,1962592972]}]}]}]},{"name":"THERAPEUT ACTVITY DIRECT PT CONTACT EACH 15 MIN","billing_code_type":"CPT","billing_code_type_version":"2020","billing_code":"97530","description":"THERAPEUT ACTVITY DIRECT PT CONTACT EACH 15 MIN","allowed_amounts":[{"tin":{"type":"ein","value":"341915281"},"service_code":["11"],"billing_class":"professional","payments":[{"allowed_amount":20.85,"billing_code_modifier":[""],"providers":[{"billed_charge":35.00,"npi":[1306047055,1457407769]}]}]}]},{"name":"TX SPEECH LANG VOICE COMMJ&\/AUD PROC DO INDIV","billing_code_type":"CPT","billing_code_type_version":"2020","billing_code":"92507","description":"TX SPEECH LANG VOICE COMMJ&\/AUD PROC DO INDIV","allowed_amounts":[{"tin":{"type":"ein","value":"465591754"},"service_code":["12"],"billing_class":"professional","payments":[{"allowed_amount":15.30,"billing_code_modifier":[""],"providers":[{"billed_charge":102.00,"npi":[1033886445,1508277864]}]}]}]},{"name":"VANCOMYCIN HCL INJECTION","billing_code_type":"HCPCS","billing_code_type_version":"HCPCS LEVEL II 2021","billing_code":"J3370","description":"VANCOMYCIN HCL INJECTION","allowed_amounts":[{"tin":{"type":"ein","value":"562554975"},"service_code":["12"],"billing_class":"professional","payments":[{"allowed_amount":9.20,"billing_code_modifier":[""],"providers":[{"billed_charge":276.69,"npi":[1083603906,1811191307]},{"billed_charge":276.70,"npi":[1083603906,1811191307]},{"billed_charge":311.27,"npi":[1083603906,1811191307]},{"billed_charge":311.33,"npi":[1083603906,1811191307]}]},{"allowed_amount":9.20,"billing_code_modifier":[""],"providers":[{"billed_charge":276.69,"npi":[1083603906,1811191307]},{"billed_charge":276.70,"npi":[1083603906,1811191307]},{"billed_charge":311.27,"npi":[1083603906,1811191307]},{"billed_charge":311.33,"npi":[1083603906,1811191307]}]},{"allowed_amount":9.20,"billing_code_modifier":[""],"providers":[{"billed_charge":276.69,"npi":[1083603906,1811191307]},{"billed_charge":276.70,"npi":[1083603906,1811191307]},{"billed_charge":311.27,"npi":[1083603906,1811191307]},{"billed_charge":311.33,"npi":[1083603906,1811191307]}]},{"allowed_amount":9.20,"billing_code_modifier":[""],"providers":[{"billed_charge":276.69,"npi":[1083603906,1811191307]},{"billed_charge":276.70,"npi":[1083603906,1811191307]},{"billed_charge":311.27,"npi":[1083603906,1811191307]},{"billed_charge":311.33,"npi":[1083603906,1811191307]}]}]},{"tin":{"type":"ein","value":"562554975"},"service_code":["12"],"billing_class":"professional","payments":[{"allowed_amount":9.20,"billing_code_modifier":[""],"providers":[{"billed_charge":276.69,"npi":[1083603906,1811191307]},{"billed_charge":276.70,"npi":[1083603906,1811191307]},{"billed_charge":311.27,"npi":[1083603906,1811191307]},{"billed_charge":311.33,"npi":[1083603906,1811191307]}]},{"allowed_amount":9.20,"billing_code_modifier":[""],"providers":[{"billed_charge":276.69,"npi":[1083603906,1811191307]},{"billed_charge":276.70,"npi":[1083603906,1811191307]},{"billed_charge":311.27,"npi":[1083603906,1811191307]},{"billed_charge":311.33,"npi":[1083603906,1811191307]}]},{"allowed_amount":9.20,"billing_code_modifier":[""],"providers":[{"billed_charge":276.69,"npi":[1083603906,1811191307]},{"billed_charge":276.70,"npi":[1083603906,1811191307]},{"billed_charge":311.27,"npi":[1083603906,1811191307]},{"billed_charge":311.33,"npi":[1083603906,1811191307]}]},{"allowed_amount":9.20,"billing_code_modifier":[""],"providers":[{"billed_charge":276.69,"npi":[1083603906,1811191307]},{"billed_charge":276.70,"npi":[1083603906,1811191307]},{"billed_charge":311.27,"npi":[1083603906,1811191307]},{"billed_charge":311.33,"npi":[1083603906,1811191307]}]}]},{"tin":{"type":"ein","value":"562554975"},"service_code":["12"],"billing_class":"professional","payments":[{"allowed_amount":9.20,"billing_code_modifier":[""],"providers":[{"billed_charge":276.69,"npi":[1083603906,1811191307]},{"billed_charge":276.70,"npi":[1083603906,1811191307]},{"billed_charge":311.27,"npi":[1083603906,1811191307]},{"billed_charge":311.33,"npi":[1083603906,1811191307]}]},{"allowed_amount":9.20,"billing_code_modifier":[""],"providers":[{"billed_charge":276.69,"npi":[1083603906,1811191307]},{"billed_charge":276.70,"npi":[1083603906,1811191307]},{"billed_charge":311.27,"npi":[1083603906,1811191307]},{"billed_charge":311.33,"npi":[1083603906,1811191307]}]},{"allowed_amount":9.20,"billing_code_modifier":[""],"providers":[{"billed_charge":276.69,"npi":[1083603906,1811191307]},{"billed_charge":276.70,"npi":[1083603906,1811191307]},{"billed_charge":311.27,"npi":[1083603906,1811191307]},{"billed_charge":311.33,"npi":[1083603906,1811191307]}]},{"allowed_amount":9.20,"billing_code_modifier":[""],"providers":[{"billed_charge":276.69,"npi":[1083603906,1811191307]},{"billed_charge":276.70,"npi":[1083603906,1811191307]},{"billed_charge":311.27,"npi":[1083603906,1811191307]},{"billed_charge":311.33,"npi":[1083603906,1811191307]}]}]},{"tin":{"type":"ein","value":"562554975"},"service_code":["12"],"billing_class":"professional","payments":[{"allowed_amount":9.20,"billing_code_modifier":[""],"providers":[{"billed_charge":276.69,"npi":[1083603906,1811191307]},{"billed_charge":276.70,"npi":[1083603906,1811191307]},{"billed_charge":311.27,"npi":[1083603906,1811191307]},{"billed_charge":311.33,"npi":[1083603906,1811191307]}]},{"allowed_amount":9.20,"billing_code_modifier":[""],"providers":[{"billed_charge":276.69,"npi":[1083603906,1811191307]},{"billed_charge":276.70,"npi":[1083603906,1811191307]},{"billed_charge":311.27,"npi":[1083603906,1811191307]},{"billed_charge":311.33,"npi":[1083603906,1811191307]}]},{"allowed_amount":9.20,"billing_code_modifier":[""],"providers":[{"billed_charge":276.69,"npi":[1083603906,1811191307]},{"billed_charge":276.70,"npi":[1083603906,1811191307]},{"billed_charge":311.27,"npi":[1083603906,1811191307]},{"billed_charge":311.33,"npi":[1083603906,1811191307]}]},{"allowed_amount":9.20,"billing_code_modifier":[""],"providers":[{"billed_charge":276.69,"npi":[1083603906,1811191307]},{"billed_charge":276.70,"npi":[1083603906,1811191307]},{"billed_charge":311.27,"npi":[1083603906,1811191307]},{"billed_charge":311.33,"npi":[1083603906,1811191307]}]}]},{"tin":{"type":"ein","value":"562554975"},"service_code":["12"],"billing_class":"professional","payments":[{"allowed_amount":11.04,"billing_code_modifier":[""],"providers":[{"billed_charge":355.74,"npi":[1083603906,1811191307]},{"billed_charge":355.78,"npi":[1083603906,1811191307]}]},{"allowed_amount":11.04,"billing_code_modifier":[""],"providers":[{"billed_charge":355.74,"npi":[1083603906,1811191307]},{"billed_charge":355.78,"npi":[1083603906,1811191307]}]}]},{"tin":{"type":"ein","value":"562554975"},"service_code":["12"],"billing_class":"professional","payments":[{"allowed_amount":11.04,"billing_code_modifier":[""],"providers":[{"billed_charge":355.74,"npi":[1083603906,1811191307]},{"billed_charge":355.78,"npi":[1083603906,1811191307]}]},{"allowed_amount":11.04,"billing_code_modifier":[""],"providers":[{"billed_charge":355.74,"npi":[1083603906,1811191307]},{"billed_charge":355.78,"npi":[1083603906,1811191307]}]}]}]}]}
