{"reporting_entity_name": "IEC Group_DBA AmeriBen",
	"reporting_entity_type": "Third Party Administrator",
	"plan_name": "METALSA STRUCTURAL PRODUCTS",
	"plan_id_type": "ein",
	"plan_id": "980643737",
	"plan_market_type": "group",
	"last_updated_on": "2024-08-01","Version": "1.0.0","out_of_network":[{"name":"ASSAY OF THYROID STIMULATING HORMONE TSH","billing_code_type":"CPT","billing_code_type_version":"2020","billing_code":"84443","description":"ASSAY OF THYROID STIMULATING HORMONE TSH","allowed_amounts":[{"tin":{"type":"ein","value":"382084239"},"service_code":["81"],"billing_class":"professional","payments":[{"allowed_amount":20.16,"billing_code_modifier":[""],"providers":[{"billed_charge":64.90,"npi":[1134793599,1316407489,1497433049,1568811925,1669452066,1851959928,1932166386,1932441292]},{"billed_charge":81.25,"npi":[1629606728,1851959928,1932166386]}]},{"allowed_amount":20.16,"billing_code_modifier":[""],"providers":[{"billed_charge":64.90,"npi":[1134793599,1316407489,1497433049,1568811925,1669452066,1851959928,1932166386,1932441292]},{"billed_charge":81.25,"npi":[1629606728,1851959928,1932166386]}]}]},{"tin":{"type":"ein","value":"382084239"},"service_code":["81"],"billing_class":"professional","payments":[{"allowed_amount":20.16,"billing_code_modifier":[""],"providers":[{"billed_charge":64.90,"npi":[1134793599,1316407489,1497433049,1568811925,1669452066,1851959928,1932166386,1932441292]},{"billed_charge":81.25,"npi":[1629606728,1851959928,1932166386]}]},{"allowed_amount":20.16,"billing_code_modifier":[""],"providers":[{"billed_charge":64.90,"npi":[1134793599,1316407489,1497433049,1568811925,1669452066,1851959928,1932166386,1932441292]},{"billed_charge":81.25,"npi":[1629606728,1851959928,1932166386]}]}]}]},{"name":"BLOOD COUNT COMPLETE AUTO&AUTO DIFRNTL WBC","billing_code_type":"CPT","billing_code_type_version":"2020","billing_code":"85025","description":"BLOOD COUNT COMPLETE AUTO&AUTO DIFRNTL WBC","allowed_amounts":[{"tin":{"type":"ein","value":"133757370"},"service_code":["81"],"billing_class":"professional","payments":[{"allowed_amount":9.32,"billing_code_modifier":[""],"providers":[{"billed_charge":36.93,"npi":[1003349879,1932184322]}]}]},{"tin":{"type":"ein","value":"382084239"},"service_code":["81"],"billing_class":"professional","payments":[{"allowed_amount":9.32,"billing_code_modifier":[""],"providers":[{"billed_charge":64.90,"npi":[1063943934,1134639123,1134793599,1457323594,1487627378,1518151620,1558714931,1629606728,1770088122,1841455193,1851959928,1912171570,1932166386]}]}]}]},{"name":"CHIROPRACTIC MANIPULATIVE TX SPINAL 3-4 REGIONS","billing_code_type":"CPT","billing_code_type_version":"2020","billing_code":"98941","description":"CHIROPRACTIC MANIPULATIVE TX SPINAL 3-4 REGIONS","allowed_amounts":[{"tin":{"type":"ein","value":"590140318"},"service_code":["11"],"billing_class":"professional","payments":[{"allowed_amount":40.00,"billing_code_modifier":[""],"providers":[{"billed_charge":40.00,"npi":[1396968699]}]}]}]},{"name":"CHIROPRACTIC MANIPULATIVE TX SPINAL 5 REGIONS","billing_code_type":"CPT","billing_code_type_version":"2020","billing_code":"98942","description":"CHIROPRACTIC MANIPULATIVE TX SPINAL 5 REGIONS","allowed_amounts":[{"tin":{"type":"ein","value":"541803712"},"service_code":["11"],"billing_class":"professional","payments":[{"allowed_amount":49.00,"billing_code_modifier":[""],"providers":[{"billed_charge":49.00,"npi":[1225057458,1720007966]}]}]}]},{"name":"COMPREHENSIVE METABOLIC PANEL","billing_code_type":"CPT","billing_code_type_version":"2020","billing_code":"80053","description":"COMPREHENSIVE METABOLIC PANEL","allowed_amounts":[{"tin":{"type":"ein","value":"133757370"},"service_code":["81"],"billing_class":"professional","payments":[{"allowed_amount":12.67,"billing_code_modifier":[""],"providers":[{"billed_charge":52.68,"npi":[1003349879,1932184322]}]}]},{"tin":{"type":"ein","value":"382084239"},"service_code":["81"],"billing_class":"professional","payments":[{"allowed_amount":12.67,"billing_code_modifier":[""],"providers":[{"billed_charge":60.50,"npi":[1063943934,1093281461,1134639123,1215433842,1255304168,1265451157,1265630248,1316407489,1407136773,1457323594,1487627378,1558714931,1568811925,1619473212,1669452066,1699139626,1700167822,1770088122,1841262805,1841455193,1851860936,1851959928,1871792515,1912171570,1922070945,1932166386,1932441292]}]}]}]},{"name":"EMERGENCY DEPARTMENT VISIT MODERATE MDM","billing_code_type":"CPT","billing_code_type_version":"2020","billing_code":"99284","description":"EMERGENCY DEPARTMENT VISIT MODERATE MDM","allowed_amounts":[{"tin":{"type":"ein","value":"352629268"},"service_code":["23"],"billing_class":"professional","payments":[{"allowed_amount":214.08,"billing_code_modifier":[""],"providers":[{"billed_charge":1487.00,"npi":[1205882396,1336631480]}]}]},{"tin":{"type":"ein","value":"384083619"},"service_code":["23"],"billing_class":"professional","payments":[{"allowed_amount":214.08,"billing_code_modifier":[""],"providers":[{"billed_charge":1487.00,"npi":[1215429600,1619914785,1962921239]}]}]}]},{"name":"HEALTH BEHAVIOR IVNTJ INDIV F2F 1ST 30 MIN","billing_code_type":"CPT","billing_code_type_version":"2020","billing_code":"96158","description":"HEALTH BEHAVIOR IVNTJ INDIV F2F 1ST 30 MIN","allowed_amounts":[{"tin":{"type":"ein","value":"263488503"},"service_code":["12"],"billing_class":"professional","payments":[{"allowed_amount":76.67,"billing_code_modifier":[""],"providers":[{"billed_charge":89.00,"npi":[1023279189,1639526940]}]}]},{"tin":{"type":"ein","value":"465591754"},"service_code":["11","12","20","53"],"billing_class":"professional","payments":[{"allowed_amount":76.67,"billing_code_modifier":[""],"providers":[{"billed_charge":200.00,"npi":[1508277864,1831886753]}]}]}]},{"name":"HEMOGLOBIN GLYCOSYLATED A1C","billing_code_type":"CPT","billing_code_type_version":"2020","billing_code":"83036","description":"HEMOGLOBIN GLYCOSYLATED A1C","allowed_amounts":[{"tin":{"type":"ein","value":"382084239"},"service_code":["81"],"billing_class":"professional","payments":[{"allowed_amount":11.65,"billing_code_modifier":[""],"providers":[{"billed_charge":56.65,"npi":[1003819574,1265630248,1295115004,1548468622,1669452066,1841455193,1851959928,1932166386]}]}]}]},{"name":"LIPID PANEL","billing_code_type":"CPT","billing_code_type_version":"2020","billing_code":"80061","description":"LIPID PANEL","allowed_amounts":[{"tin":{"type":"ein","value":"382084239"},"service_code":["81"],"billing_class":"professional","payments":[{"allowed_amount":16.07,"billing_code_modifier":[""],"providers":[{"billed_charge":60.50,"npi":[1003819574,1063943934,1093281461,1134639123,1215433842,1255304168,1295115004,1376527598,1457323594,1487627378,1568811925,1669452066,1720753783,1750703674,1770088122,1841262805,1851860936,1851959928,1871792515,1922070945,1932166386]}]}]}]},{"name":"OCCUPATIONAL THERAPY, IN THE","billing_code_type":"HCPCS","billing_code_type_version":"HCPCS LEVEL II 2021","billing_code":"S9129","description":"OCCUPATIONAL THERAPY, IN THE","allowed_amounts":[{"tin":{"type":"ein","value":"611010686"},"service_code":["12"],"billing_class":"professional","payments":[{"allowed_amount":76.97,"billing_code_modifier":[""],"providers":[{"billed_charge":123.00,"npi":[1124160296,1508865783,1558493270]}]}]}]},{"name":"PHARMACY","billing_code_type":"RC","billing_code_type_version":"UB04","billing_code":"0250","description":"PHARMACY","allowed_amounts":[{"tin":{"type":"ein","value":"201557876"},"service_code":["65"],"billing_class":"institutional","payments":[{"allowed_amount":0.03,"billing_code_modifier":[""],"providers":[{"billed_charge":0.68,"npi":[1497824114,1861452302]}]}]},{"tin":{"type":"ein","value":"201557876"},"service_code":["65"],"billing_class":"institutional","payments":[{"allowed_amount":0.04,"billing_code_modifier":[""],"providers":[{"billed_charge":0.68,"npi":[1497824114,1861452302]},{"billed_charge":0.90,"npi":[1144508839]}]},{"allowed_amount":0.04,"billing_code_modifier":[""],"providers":[{"billed_charge":0.68,"npi":[1497824114,1861452302]},{"billed_charge":0.90,"npi":[1144508839]}]}]},{"tin":{"type":"ein","value":"201557876"},"service_code":["65"],"billing_class":"institutional","payments":[{"allowed_amount":0.04,"billing_code_modifier":[""],"providers":[{"billed_charge":0.68,"npi":[1497824114,1861452302]},{"billed_charge":0.90,"npi":[1144508839]}]},{"allowed_amount":0.04,"billing_code_modifier":[""],"providers":[{"billed_charge":0.68,"npi":[1497824114,1861452302]},{"billed_charge":0.90,"npi":[1144508839]}]}]},{"tin":{"type":"ein","value":"201557876"},"service_code":["65"],"billing_class":"institutional","payments":[{"allowed_amount":0.13,"billing_code_modifier":[""],"providers":[{"billed_charge":2.82,"npi":[1497824114,1598116782,1861452302]}]}]},{"tin":{"type":"ein","value":"621323090"},"service_code":["65"],"billing_class":"institutional","payments":[{"allowed_amount":0.03,"billing_code_modifier":[""],"providers":[{"billed_charge":0.68,"npi":[1073989323,1184687824,1609869296,1881668093]},{"billed_charge":0.94,"npi":[1073989323,1184687824]}]},{"allowed_amount":0.03,"billing_code_modifier":[""],"providers":[{"billed_charge":0.68,"npi":[1073989323,1184687824,1609869296,1881668093]},{"billed_charge":0.94,"npi":[1073989323,1184687824]}]}]},{"tin":{"type":"ein","value":"621323090"},"service_code":["65"],"billing_class":"institutional","payments":[{"allowed_amount":0.03,"billing_code_modifier":[""],"providers":[{"billed_charge":0.68,"npi":[1073989323,1184687824,1609869296,1881668093]},{"billed_charge":0.94,"npi":[1073989323,1184687824]}]},{"allowed_amount":0.03,"billing_code_modifier":[""],"providers":[{"billed_charge":0.68,"npi":[1073989323,1184687824,1609869296,1881668093]},{"billed_charge":0.94,"npi":[1073989323,1184687824]}]}]},{"tin":{"type":"ein","value":"621323090"},"service_code":["65"],"billing_class":"institutional","payments":[{"allowed_amount":0.04,"billing_code_modifier":[""],"providers":[{"billed_charge":0.68,"npi":[1609869296,1881668093]},{"billed_charge":0.94,"npi":[1073989323,1184687824]}]},{"allowed_amount":0.04,"billing_code_modifier":[""],"providers":[{"billed_charge":0.68,"npi":[1609869296,1881668093]},{"billed_charge":0.94,"npi":[1073989323,1184687824]}]}]},{"tin":{"type":"ein","value":"621323090"},"service_code":["65"],"billing_class":"institutional","payments":[{"allowed_amount":0.04,"billing_code_modifier":[""],"providers":[{"billed_charge":0.68,"npi":[1609869296,1881668093]},{"billed_charge":0.94,"npi":[1073989323,1184687824]}]},{"allowed_amount":0.04,"billing_code_modifier":[""],"providers":[{"billed_charge":0.68,"npi":[1609869296,1881668093]},{"billed_charge":0.94,"npi":[1073989323,1184687824]}]}]}]},{"name":"PT IN THE HOME PER DIEM","billing_code_type":"HCPCS","billing_code_type_version":"HCPCS LEVEL II 2021","billing_code":"S9131","description":"PT IN THE HOME PER DIEM","allowed_amounts":[{"tin":{"type":"ein","value":"611010686"},"service_code":["12"],"billing_class":"professional","payments":[{"allowed_amount":73.47,"billing_code_modifier":[""],"providers":[{"billed_charge":117.00,"npi":[1124160296,1508865783,1558493270]}]}]}]},{"name":"SPEECH THERAPY, IN THE HOME,","billing_code_type":"HCPCS","billing_code_type_version":"HCPCS LEVEL II 2021","billing_code":"S9128","description":"SPEECH THERAPY, IN THE HOME,","allowed_amounts":[{"tin":{"type":"ein","value":"611010686"},"service_code":["12"],"billing_class":"professional","payments":[{"allowed_amount":106.61,"billing_code_modifier":[""],"providers":[{"billed_charge":123.00,"npi":[1508865783,1558493270]}]}]}]}]}
