{"reporting_entity_name": "IEC Group_DBA AmeriBen",
	"reporting_entity_type": "Third Party Administrator",
	"plan_name": "BOB'S DISCOUNT FURNITURE, LLC",
	"plan_id_type": "ein",
	"plan_id": "202149352",
	"plan_market_type": "group",
	"last_updated_on": "2024-07-01","Version": "1.0.0","out_of_network":[{"name":"PSYCHIATRIC","billing_code_type":"RC","billing_code_type_version":"UB04","billing_code":"0154","description":"PSYCHIATRIC","allowed_amounts":[{"tin":{"type":"ein","value":"862942505"},"service_code":["21"],"billing_class":"institutional","payments":[{"allowed_amount":2100.00,"billing_code_modifier":[""],"providers":[{"billed_charge":4725.00,"npi":[1568162493,1609922400]}]}]}]},{"name":"PSYCHIATRIC\/PSYCHOLOGICAL SVCS: PARTIAL HOSP - LES","billing_code_type":"RC","billing_code_type_version":"UB04","billing_code":"0912","description":"PSYCHIATRIC\/PSYCHOLOGICAL SVCS: PARTIAL HOSP - LES","allowed_amounts":[{"tin":{"type":"ein","value":"873581824"},"service_code":["22"],"billing_class":"institutional","payments":[{"allowed_amount":4017.00,"billing_code_modifier":[""],"providers":[{"billed_charge":4600.02,"npi":[1295466266,1750724886]}]}]}]}]}
