{"reporting_entity_name": "IEC Group_DBA AmeriBen",
	"reporting_entity_type": "Third Party Administrator",
	"plan_name": "Alsco Inc.",
	"plan_id_type": "ein",
	"plan_id": "870252999",
	"plan_market_type": "group",
	"last_updated_on": "2023-04-26","Version": "1.0.0","out_of_network":[{"name":"ESRD RELATED SVC MONTHLY 20&\/> YR OLD 4\/> VISITS","billing_code_type":"CPT","billing_code_type_version":"2020","billing_code":"90960","description":"ESRD RELATED SVC MONTHLY 20&\/> YR OLD 4\/> VISITS","allowed_amounts":[{"tin":{"type":"ein","value":"581935558"},"service_code":["65"],"billing_class":"professional","payments":[{"allowed_amount":449.62,"billing_code_modifier":[""],"providers":[{"billed_charge":698.00,"npi":[1376521930,1871584896,1922145788]},{"billed_charge":720.00,"npi":[1376521930,1871584896,1922145788]}]},{"allowed_amount":449.62,"billing_code_modifier":[""],"providers":[{"billed_charge":698.00,"npi":[1376521930,1871584896,1922145788]},{"billed_charge":720.00,"npi":[1376521930,1871584896,1922145788]}]}]},{"tin":{"type":"ein","value":"581935558"},"service_code":["65"],"billing_class":"professional","payments":[{"allowed_amount":449.62,"billing_code_modifier":[""],"providers":[{"billed_charge":698.00,"npi":[1376521930,1871584896,1922145788]},{"billed_charge":720.00,"npi":[1376521930,1871584896,1922145788]}]},{"allowed_amount":449.62,"billing_code_modifier":[""],"providers":[{"billed_charge":698.00,"npi":[1376521930,1871584896,1922145788]},{"billed_charge":720.00,"npi":[1376521930,1871584896,1922145788]}]}]}]},{"name":"OTHER THERAPEUTIC SERV: DRUG REHAB","billing_code_type":"RC","billing_code_type_version":"UB04","billing_code":"0944","description":"OTHER THERAPEUTIC SERV: DRUG REHAB","allowed_amounts":[{"tin":{"type":"ein","value":"274250532"},"service_code":["22"],"billing_class":"institutional","payments":[{"allowed_amount":11.00,"billing_code_modifier":[""],"providers":[{"billed_charge":11.00,"npi":[1115456786,1346671013]}]}]}]},{"name":"PSYCHIATRIC\/PSYCHOLOGICAL TRT: INTENSIVE OUT SERV","billing_code_type":"RC","billing_code_type_version":"UB04","billing_code":"0906","description":"PSYCHIATRIC\/PSYCHOLOGICAL TRT: INTENSIVE OUT SERV","allowed_amounts":[{"tin":{"type":"ein","value":"814268229"},"service_code":["99"],"billing_class":"institutional","payments":[{"allowed_amount":320.00,"billing_code_modifier":[""],"providers":[{"billed_charge":2000.00,"npi":[1115456786,1518419811]}]}]}]},{"name":"RESIDENTIAL TREATMENT-CHEMICAL DEPENDENCY","billing_code_type":"RC","billing_code_type_version":"UB04","billing_code":"1002","description":"RESIDENTIAL TREATMENT-CHEMICAL DEPENDENCY","allowed_amounts":[{"tin":{"type":"ein","value":"861558263"},"service_code":["21"],"billing_class":"institutional","payments":[{"allowed_amount":900.00,"billing_code_modifier":[""],"providers":[{"billed_charge":4725.00,"npi":[1115456786,1962171918]}]}]}]}]}
