{"reporting_entity_name": "IEC Group_DBA AmeriBen",
	"reporting_entity_type": "Third Party Administrator",
	"plan_name": "MONTEREY MUSHROOMS LLC",
	"plan_id_type": "ein",
	"plan_id": "770185497",
	"plan_market_type": "group",
	"last_updated_on": "2024-04-01","Version": "1.0.0","out_of_network":[{"name":"ASSAY OF MAGNESIUM","billing_code_type":"CPT","billing_code_type_version":"2020","billing_code":"83735","description":"ASSAY OF MAGNESIUM","allowed_amounts":[{"tin":{"type":"ein","value":"760508645"},"service_code":["21","22"],"billing_class":"professional","payments":[{"allowed_amount":6.31,"billing_code_modifier":[""],"providers":[{"billed_charge":11.70,"npi":[1386714871,1467641795,1548549066,1952385676]}]}]}]},{"name":"ASSAY OF PHOSPHORUS INORGANIC","billing_code_type":"CPT","billing_code_type_version":"2020","billing_code":"84100","description":"ASSAY OF PHOSPHORUS INORGANIC","allowed_amounts":[{"tin":{"type":"ein","value":"760508645"},"service_code":["22"],"billing_class":"professional","payments":[{"allowed_amount":6.31,"billing_code_modifier":[""],"providers":[{"billed_charge":8.30,"npi":[1386714871,1467641795,1548549066,1952385676]}]}]}]},{"name":"BASIC METABOLIC PANEL CALCIUM TOTAL","billing_code_type":"CPT","billing_code_type_version":"2020","billing_code":"80048","description":"BASIC METABOLIC PANEL CALCIUM TOTAL","allowed_amounts":[{"tin":{"type":"ein","value":"760508645"},"service_code":["21","22"],"billing_class":"professional","payments":[{"allowed_amount":6.31,"billing_code_modifier":[""],"providers":[{"billed_charge":14.80,"npi":[1386714871,1467641795,1548549066,1952385676]}]}]}]},{"name":"BLOOD COUNT COMPLETE AUTO&AUTO DIFRNTL WBC","billing_code_type":"CPT","billing_code_type_version":"2020","billing_code":"85025","description":"BLOOD COUNT COMPLETE AUTO&AUTO DIFRNTL WBC","allowed_amounts":[{"tin":{"type":"ein","value":"760508645"},"service_code":["21","22","23"],"billing_class":"professional","payments":[{"allowed_amount":6.31,"billing_code_modifier":[""],"providers":[{"billed_charge":13.60,"npi":[1386714871,1467641795,1548549066,1952385676]}]}]}]},{"name":"COLLECTION VENOUS BLOOD VENIPUNCTURE","billing_code_type":"CPT","billing_code_type_version":"2020","billing_code":"36415","description":"COLLECTION VENOUS BLOOD VENIPUNCTURE","allowed_amounts":[{"tin":{"type":"ein","value":"352401992"},"service_code":["11"],"billing_class":"professional","payments":[{"allowed_amount":10.28,"billing_code_modifier":[""],"providers":[{"billed_charge":20.00,"npi":[1093158347,1144227372,1316937030,1467436576,1689659195,1760747968,1972859320]}]}]},{"tin":{"type":"ein","value":"760508645"},"service_code":["21","22"],"billing_class":"professional","payments":[{"allowed_amount":3.18,"billing_code_modifier":[""],"providers":[{"billed_charge":5.30,"npi":[1386714871,1467641795,1548549066,1952385676]}]}]},{"tin":{"type":"ein","value":"941156581"},"service_code":["11"],"billing_class":"professional","payments":[{"allowed_amount":3.18,"billing_code_modifier":[""],"providers":[{"billed_charge":14.00,"npi":[1013950807,1184348302,1215269014,1235225558,1710917018]}]}]},{"tin":{"type":"ein","value":"941156581"},"service_code":["11"],"billing_class":"professional","payments":[{"allowed_amount":10.28,"billing_code_modifier":[""],"providers":[{"billed_charge":14.00,"npi":[1013950807,1235225558,1235573460,1275957078,1740763374]}]}]}]},{"name":"EMERGENCY ROOM","billing_code_type":"RC","billing_code_type_version":"UB04","billing_code":"0450","description":"EMERGENCY ROOM","allowed_amounts":[{"tin":{"type":"ein","value":"742761145"},"service_code":["23"],"billing_class":"institutional","payments":[{"allowed_amount":1351.78,"billing_code_modifier":[""],"providers":[{"billed_charge":2808.00,"npi":[1316357270,1780731737]},{"billed_charge":2920.32,"npi":[1467956995,1487015608,1780731737]}]},{"allowed_amount":1351.78,"billing_code_modifier":[""],"providers":[{"billed_charge":2808.00,"npi":[1316357270,1780731737]},{"billed_charge":2920.32,"npi":[1467956995,1487015608,1780731737]}]}]},{"tin":{"type":"ein","value":"742761145"},"service_code":["23"],"billing_class":"institutional","payments":[{"allowed_amount":1351.78,"billing_code_modifier":[""],"providers":[{"billed_charge":2808.00,"npi":[1316357270,1780731737]},{"billed_charge":2920.32,"npi":[1467956995,1487015608,1780731737]}]},{"allowed_amount":1351.78,"billing_code_modifier":[""],"providers":[{"billed_charge":2808.00,"npi":[1316357270,1780731737]},{"billed_charge":2920.32,"npi":[1467956995,1487015608,1780731737]}]}]},{"tin":{"type":"ein","value":"843654542"},"service_code":["23"],"billing_class":"institutional","payments":[{"allowed_amount":1351.78,"billing_code_modifier":[""],"providers":[{"billed_charge":2474.81,"npi":[1225569148,1245878990,1518903640,1568677045]}]}]}]},{"name":"GLUCOSE QUANTITATIVE BLOOD XCPT REAGENT STRIP","billing_code_type":"CPT","billing_code_type_version":"2020","billing_code":"82947","description":"GLUCOSE QUANTITATIVE BLOOD XCPT REAGENT STRIP","allowed_amounts":[{"tin":{"type":"ein","value":"760508645"},"service_code":["22"],"billing_class":"professional","payments":[{"allowed_amount":6.31,"billing_code_modifier":[""],"providers":[{"billed_charge":6.90,"npi":[1386714871,1467641795,1548549066,1952385676]}]}]}]},{"name":"HEMOGLOBIN GLYCOSYLATED A1C","billing_code_type":"CPT","billing_code_type_version":"2020","billing_code":"83036","description":"HEMOGLOBIN GLYCOSYLATED A1C","allowed_amounts":[{"tin":{"type":"ein","value":"941156581"},"service_code":["11"],"billing_class":"professional","payments":[{"allowed_amount":11.65,"billing_code_modifier":[""],"providers":[{"billed_charge":61.00,"npi":[1013176122,1013950807,1043309354,1235225558,1235573460,1295459246,1356847149,1437583259,1710917018]}]}]}]},{"name":"HEPARIN ASSAY","billing_code_type":"CPT","billing_code_type_version":"2020","billing_code":"85520","description":"HEPARIN ASSAY","allowed_amounts":[{"tin":{"type":"ein","value":"760508645"},"service_code":["22"],"billing_class":"professional","payments":[{"allowed_amount":6.31,"billing_code_modifier":[""],"providers":[{"billed_charge":22.90,"npi":[1386714871,1467641795,1548549066,1952385676]}]}]}]},{"name":"OFFICE\/OUTPATIENT ESTABLISHED LOW MDM 20 MIN","billing_code_type":"CPT","billing_code_type_version":"2020","billing_code":"99213","description":"OFFICE\/OUTPATIENT ESTABLISHED LOW MDM 20 MIN","allowed_amounts":[{"tin":{"type":"ein","value":"621867833"},"service_code":["11"],"billing_class":"professional","payments":[{"allowed_amount":101.51,"billing_code_modifier":[""],"providers":[{"billed_charge":151.00,"npi":[1164415576,1629097738,1689055774]}]}]},{"tin":{"type":"ein","value":"690000247"},"service_code":["11"],"billing_class":"professional","payments":[{"allowed_amount":101.51,"billing_code_modifier":[""],"providers":[{"billed_charge":105.00,"npi":[1891720462,1982051298]}]}]},{"tin":{"type":"ein","value":"203198788"},"service_code":["11"],"billing_class":"professional","payments":[{"allowed_amount":117.67,"billing_code_modifier":[""],"providers":[{"billed_charge":233.00,"npi":[1235326232,1881620599,1992068159]}]}]},{"tin":{"type":"ein","value":"273401099"},"service_code":["20"],"billing_class":"professional","payments":[{"allowed_amount":101.51,"billing_code_modifier":[""],"providers":[{"billed_charge":138.00,"npi":[1114234382,1821701301]}]}]},{"tin":{"type":"ein","value":"352401992"},"service_code":["11"],"billing_class":"professional","payments":[{"allowed_amount":117.67,"billing_code_modifier":[""],"providers":[{"billed_charge":166.88,"npi":[1093158347,1487682845,1669577334,1932624350]}]}]},{"tin":{"type":"ein","value":"452535719"},"service_code":["11"],"billing_class":"professional","payments":[{"allowed_amount":101.51,"billing_code_modifier":[""],"providers":[{"billed_charge":182.00,"npi":[1295977783,1629356969]}]}]},{"tin":{"type":"ein","value":"620544855"},"service_code":["11"],"billing_class":"professional","payments":[{"allowed_amount":101.51,"billing_code_modifier":[""],"providers":[{"billed_charge":265.25,"npi":[1013916691,1366441370,1376192286,1558995399,1649654385,1730641614]}]}]},{"tin":{"type":"ein","value":"621137268"},"service_code":["11"],"billing_class":"professional","payments":[{"allowed_amount":101.51,"billing_code_modifier":[""],"providers":[{"billed_charge":115.00,"npi":[1144361619,1568782209]}]}]},{"tin":{"type":"ein","value":"770360380"},"service_code":["02","11"],"billing_class":"professional","payments":[{"allowed_amount":117.67,"billing_code_modifier":[""],"providers":[{"billed_charge":135.00,"npi":[1164425757,1275695678,1538264080,1588754634,1649451550]}]}]},{"tin":{"type":"ein","value":"770439213"},"service_code":["11"],"billing_class":"professional","payments":[{"allowed_amount":117.67,"billing_code_modifier":[""],"providers":[{"billed_charge":147.00,"npi":[1265213375,1568465466,1619068103]}]}]},{"tin":{"type":"ein","value":"882936446"},"service_code":["11"],"billing_class":"professional","payments":[{"allowed_amount":101.51,"billing_code_modifier":[""],"providers":[{"billed_charge":170.00,"npi":[1124750765,1285943423,1306953260]}]}]},{"tin":{"type":"ein","value":"942753417"},"service_code":["11"],"billing_class":"professional","payments":[{"allowed_amount":117.67,"billing_code_modifier":[""],"providers":[{"billed_charge":130.00,"npi":[1023192846,1235230624]}]}]}]},{"name":"OFFICE\/OUTPATIENT ESTABLISHED MOD MDM 30 MIN","billing_code_type":"CPT","billing_code_type_version":"2020","billing_code":"99214","description":"OFFICE\/OUTPATIENT ESTABLISHED MOD MDM 30 MIN","allowed_amounts":[{"tin":{"type":"ein","value":"202990692"},"service_code":["11"],"billing_class":"professional","payments":[{"allowed_amount":168.71,"billing_code_modifier":[""],"providers":[{"billed_charge":225.00,"npi":[1538227897,1629150511]}]}]},{"tin":{"type":"ein","value":"237428303"},"service_code":["02"],"billing_class":"professional","payments":[{"allowed_amount":168.71,"billing_code_modifier":[""],"providers":[{"billed_charge":245.00,"npi":[1861704298,1952749541]}]}]},{"tin":{"type":"ein","value":"263663285"},"service_code":["11"],"billing_class":"professional","payments":[{"allowed_amount":166.10,"billing_code_modifier":[""],"providers":[{"billed_charge":169.79,"npi":[1376546044,1710131370]}]}]},{"tin":{"type":"ein","value":"264826604"},"service_code":["11"],"billing_class":"professional","payments":[{"allowed_amount":166.10,"billing_code_modifier":[""],"providers":[{"billed_charge":238.00,"npi":[1346811353,1477967024,1770710709]}]}]},{"tin":{"type":"ein","value":"273401099"},"service_code":["20"],"billing_class":"professional","payments":[{"allowed_amount":143.92,"billing_code_modifier":[""],"providers":[{"billed_charge":203.00,"npi":[1114234382,1588383046]}]}]},{"tin":{"type":"ein","value":"352401992"},"service_code":["02"],"billing_class":"professional","payments":[{"allowed_amount":166.10,"billing_code_modifier":[""],"providers":[{"billed_charge":249.85,"npi":[1093158347,1235211459,1841788106]}]}]},{"tin":{"type":"ein","value":"452528163"},"service_code":["11"],"billing_class":"professional","payments":[{"allowed_amount":143.92,"billing_code_modifier":[""],"providers":[{"billed_charge":316.00,"npi":[1114965902,1275811713]}]}]},{"tin":{"type":"ein","value":"620544855"},"service_code":["11"],"billing_class":"professional","payments":[{"allowed_amount":143.92,"billing_code_modifier":[""],"providers":[{"billed_charge":323.75,"npi":[1013916691,1366441370,1558995399,1649654385,1730641614,1740570308]}]}]},{"tin":{"type":"ein","value":"621766083"},"service_code":["11"],"billing_class":"professional","payments":[{"allowed_amount":143.92,"billing_code_modifier":[""],"providers":[{"billed_charge":164.00,"npi":[1477594521]}]}]},{"tin":{"type":"ein","value":"770360380"},"service_code":["11"],"billing_class":"professional","payments":[{"allowed_amount":166.10,"billing_code_modifier":[""],"providers":[{"billed_charge":170.00,"npi":[1164425757,1538264080,1932335775]}]}]},{"tin":{"type":"ein","value":"770555467"},"service_code":["11"],"billing_class":"professional","payments":[{"allowed_amount":168.71,"billing_code_modifier":[""],"providers":[{"billed_charge":240.00,"npi":[1073726246,1730295395]}]}]},{"tin":{"type":"ein","value":"881098235"},"service_code":["11"],"billing_class":"professional","payments":[{"allowed_amount":143.92,"billing_code_modifier":[""],"providers":[{"billed_charge":264.89,"npi":[1457991713,1811631518]}]}]},{"tin":{"type":"ein","value":"882936446"},"service_code":["11"],"billing_class":"professional","payments":[{"allowed_amount":143.92,"billing_code_modifier":[""],"providers":[{"billed_charge":240.00,"npi":[1124750765,1285943423,1306953260]}]}]},{"tin":{"type":"ein","value":"901118189"},"service_code":["02","11"],"billing_class":"professional","payments":[{"allowed_amount":166.10,"billing_code_modifier":[""],"providers":[{"billed_charge":200.00,"npi":[1447632773,1528448909,1578799193]}]}]},{"tin":{"type":"ein","value":"941156581"},"service_code":["02","11","20"],"billing_class":"professional","payments":[{"allowed_amount":168.71,"billing_code_modifier":[""],"providers":[{"billed_charge":364.00,"npi":[1013176122,1013950807,1053632356,1144674300,1184163396,1184644346,1215269014,1407836737,1578973350,1639505175,1659637544,1700249679,1912907080]}]}]},{"tin":{"type":"ein","value":"942720020"},"service_code":["11"],"billing_class":"professional","payments":[{"allowed_amount":166.10,"billing_code_modifier":[""],"providers":[{"billed_charge":270.00,"npi":[1588765903,1710245824]}]}]}]},{"name":"OTHER THERAPEUTIC SERV: CARDIAC REHAB","billing_code_type":"RC","billing_code_type_version":"UB04","billing_code":"0943","description":"OTHER THERAPEUTIC SERV: CARDIAC REHAB","allowed_amounts":[{"tin":{"type":"ein","value":"621373691"},"service_code":["22"],"billing_class":"institutional","payments":[{"allowed_amount":146.02,"billing_code_modifier":[""],"providers":[{"billed_charge":265.00,"npi":[1225321086,1609860659]}]}]}]},{"name":"PHYSICAL THERAPY","billing_code_type":"RC","billing_code_type_version":"UB04","billing_code":"0420","description":"PHYSICAL THERAPY","allowed_amounts":[{"tin":{"type":"ein","value":"362604009"},"service_code":["22"],"billing_class":"institutional","payments":[{"allowed_amount":60.46,"billing_code_modifier":[""],"providers":[{"billed_charge":308.00,"npi":[1588713440,1851631592]}]}]}]},{"name":"RESIDENTIAL TREATMENT-CHEMICAL DEPENDENCY","billing_code_type":"RC","billing_code_type_version":"UB04","billing_code":"1002","description":"RESIDENTIAL TREATMENT-CHEMICAL DEPENDENCY","allowed_amounts":[{"tin":{"type":"ein","value":"863705984"},"service_code":["21"],"billing_class":"institutional","payments":[{"allowed_amount":1693.51,"billing_code_modifier":[""],"providers":[{"billed_charge":4340.00,"npi":[1003809450,1558027482]}]}]}]},{"name":"URNLS DIP STICK\/TABLET REAGENT AUTO MICROSCOPY","billing_code_type":"CPT","billing_code_type_version":"2020","billing_code":"81001","description":"URNLS DIP STICK\/TABLET REAGENT AUTO MICROSCOPY","allowed_amounts":[{"tin":{"type":"ein","value":"760508645"},"service_code":["21","22"],"billing_class":"professional","payments":[{"allowed_amount":6.31,"billing_code_modifier":[""],"providers":[{"billed_charge":5.50,"npi":[1386714871,1467641795,1548549066,1952385676]}]}]}]}]}
