{"reporting_entity_name": "IEC Group_DBA AmeriBen",
	"reporting_entity_type": "Third Party Administrator",
	"plan_name": "SoutheastHEALTH",
	"plan_id_type": "ein",
	"plan_id": "461480915",
	"plan_market_type": "group",
	"last_updated_on": "2024-03-01","Version": "1.0.0","out_of_network":[{"name":"BLOOD COUNT HEMOGLOBIN","billing_code_type":"CPT","billing_code_type_version":"2020","billing_code":"85018","description":"BLOOD COUNT HEMOGLOBIN","allowed_amounts":[{"tin":{"type":"ein","value":"943357013"},"service_code":["81"],"billing_class":"professional","payments":[{"allowed_amount":21.75,"billing_code_modifier":[""],"providers":[{"billed_charge":29.00,"npi":[1497108153,1982606992]}]}]}]}]}
