{"reporting_entity_name": "IEC Group_DBA AmeriBen",
	"reporting_entity_type": "Third Party Administrator",
	"plan_name": "MONTEREY MUSHROOMS LLC",
	"plan_id_type": "ein",
	"plan_id": "770185497",
	"plan_market_type": "group",
	"last_updated_on": "2024-02-01","Version": "1.0.0","out_of_network":[{"name":"APPL MODALITY 1\/> AREAS ELEC STIMJ UNATTENDED","billing_code_type":"CPT","billing_code_type_version":"2020","billing_code":"97014","description":"APPL MODALITY 1\/> AREAS ELEC STIMJ UNATTENDED","allowed_amounts":[{"tin":{"type":"ein","value":"611445220"},"service_code":["11"],"billing_class":"professional","payments":[{"allowed_amount":34.45,"billing_code_modifier":[""],"providers":[{"billed_charge":50.00,"npi":[1023720976,1174648554,1760580427]}]}]}]},{"name":"COLLECTION VENOUS BLOOD VENIPUNCTURE","billing_code_type":"CPT","billing_code_type_version":"2020","billing_code":"36415","description":"COLLECTION VENOUS BLOOD VENIPUNCTURE","allowed_amounts":[{"tin":{"type":"ein","value":"352401992"},"service_code":["11"],"billing_class":"professional","payments":[{"allowed_amount":10.28,"billing_code_modifier":[""],"providers":[{"billed_charge":20.00,"npi":[1093158347,1144227372,1164607131,1235211459,1316937030,1467436576,1689659195,1700129525]}]}]},{"tin":{"type":"ein","value":"742958277"},"service_code":["11"],"billing_class":"professional","payments":[{"allowed_amount":10.28,"billing_code_modifier":[""],"providers":[{"billed_charge":38.02,"npi":[1902874639,1922061993,1952546731]}]}]},{"tin":{"type":"ein","value":"942728480"},"service_code":["81"],"billing_class":"professional","payments":[{"allowed_amount":10.28,"billing_code_modifier":[""],"providers":[{"billed_charge":18.00,"npi":[1457906489,1851454011]}]}]}]},{"name":"COMPREHENSIVE METABOLIC PANEL","billing_code_type":"CPT","billing_code_type_version":"2020","billing_code":"80053","description":"COMPREHENSIVE METABOLIC PANEL","allowed_amounts":[{"tin":{"type":"ein","value":"113649994"},"service_code":["21","22"],"billing_class":"professional","payments":[{"allowed_amount":10.32,"billing_code_modifier":[""],"providers":[{"billed_charge":23.00,"npi":[1285865667,1326036450,1376862516,1447294848,1508813700,1609214766,1770559502,1780064204,1912044728]}]}]}]},{"name":"EMERGENCY ROOM","billing_code_type":"RC","billing_code_type_version":"UB04","billing_code":"0450","description":"EMERGENCY ROOM","allowed_amounts":[{"tin":{"type":"ein","value":"742761145"},"service_code":["23"],"billing_class":"institutional","payments":[{"allowed_amount":1351.78,"billing_code_modifier":[""],"providers":[{"billed_charge":2808.00,"npi":[1316357270,1780731737,1932177474]},{"billed_charge":2920.32,"npi":[1245495183,1467956995,1780731737]}]},{"allowed_amount":1351.78,"billing_code_modifier":[""],"providers":[{"billed_charge":2808.00,"npi":[1316357270,1780731737,1932177474]},{"billed_charge":2920.32,"npi":[1245495183,1467956995,1780731737]}]}]},{"tin":{"type":"ein","value":"742761145"},"service_code":["23"],"billing_class":"institutional","payments":[{"allowed_amount":1351.78,"billing_code_modifier":[""],"providers":[{"billed_charge":2808.00,"npi":[1316357270,1780731737,1932177474]},{"billed_charge":2920.32,"npi":[1245495183,1467956995,1780731737]}]},{"allowed_amount":1351.78,"billing_code_modifier":[""],"providers":[{"billed_charge":2808.00,"npi":[1316357270,1780731737,1932177474]},{"billed_charge":2920.32,"npi":[1245495183,1467956995,1780731737]}]}]},{"tin":{"type":"ein","value":"843654542"},"service_code":["23"],"billing_class":"institutional","payments":[{"allowed_amount":1351.78,"billing_code_modifier":[""],"providers":[{"billed_charge":2474.81,"npi":[1225569148,1245878990,1316357270,1518903640,1639638844]}]}]}]},{"name":"MANUAL THERAPY TQS 1\/> REGIONS EACH 15 MINUTES","billing_code_type":"CPT","billing_code_type_version":"2020","billing_code":"97140","description":"MANUAL THERAPY TQS 1\/> REGIONS EACH 15 MINUTES","allowed_amounts":[{"tin":{"type":"ein","value":"611445220"},"service_code":["11"],"billing_class":"professional","payments":[{"allowed_amount":34.45,"billing_code_modifier":[""],"providers":[{"billed_charge":50.00,"npi":[1023720976,1174648554,1760580427]}]}]}]},{"name":"OFFICE\/OUTPATIENT ESTABLISHED LOW MDM 20 MIN","billing_code_type":"CPT","billing_code_type_version":"2020","billing_code":"99213","description":"OFFICE\/OUTPATIENT ESTABLISHED LOW MDM 20 MIN","allowed_amounts":[{"tin":{"type":"ein","value":"010640237"},"service_code":["11"],"billing_class":"professional","payments":[{"allowed_amount":107.69,"billing_code_modifier":[""],"providers":[{"billed_charge":133.00,"npi":[1447910062,1740206127]}]}]},{"tin":{"type":"ein","value":"141847012"},"service_code":["20"],"billing_class":"professional","payments":[{"allowed_amount":107.69,"billing_code_modifier":[""],"providers":[{"billed_charge":140.00,"npi":[1073576146,1790939015]}]}]},{"tin":{"type":"ein","value":"203198788"},"service_code":["11"],"billing_class":"professional","payments":[{"allowed_amount":117.67,"billing_code_modifier":[""],"providers":[{"billed_charge":233.00,"npi":[1174530042,1568919298,1881620599]}]}]},{"tin":{"type":"ein","value":"264826604"},"service_code":["11"],"billing_class":"professional","payments":[{"allowed_amount":117.67,"billing_code_modifier":[""],"providers":[{"billed_charge":150.00,"npi":[1346811353,1770710709]}]}]},{"tin":{"type":"ein","value":"352401992"},"service_code":["02","11"],"billing_class":"professional","payments":[{"allowed_amount":117.67,"billing_code_modifier":[""],"providers":[{"billed_charge":166.88,"npi":[1093158347,1144227372,1467436576,1487682845]}]}]},{"tin":{"type":"ein","value":"452535719"},"service_code":["11"],"billing_class":"professional","payments":[{"allowed_amount":101.51,"billing_code_modifier":[""],"providers":[{"billed_charge":182.00,"npi":[1245419324,1629356969]}]}]},{"tin":{"type":"ein","value":"593625334"},"service_code":["11"],"billing_class":"professional","payments":[{"allowed_amount":107.69,"billing_code_modifier":[""],"providers":[{"billed_charge":125.00,"npi":[1073932794,1396810933]}]}]},{"tin":{"type":"ein","value":"593688532"},"service_code":["11"],"billing_class":"professional","payments":[{"allowed_amount":107.69,"billing_code_modifier":[""],"providers":[{"billed_charge":180.00,"npi":[1013944933,1144853078,1336103563,1619571726,1629278882,1942648803]}]}]},{"tin":{"type":"ein","value":"620544855"},"service_code":["11"],"billing_class":"professional","payments":[{"allowed_amount":101.51,"billing_code_modifier":[""],"providers":[{"billed_charge":265.25,"npi":[1013916691,1366441370,1376192286,1558995399,1649654385,1730641614]}]}]},{"tin":{"type":"ein","value":"621867833"},"service_code":["11"],"billing_class":"professional","payments":[{"allowed_amount":101.51,"billing_code_modifier":[""],"providers":[{"billed_charge":151.00,"npi":[1164415576,1457363384,1629097738,1689055774]}]}]},{"tin":{"type":"ein","value":"690000247"},"service_code":["11"],"billing_class":"professional","payments":[{"allowed_amount":101.51,"billing_code_modifier":[""],"providers":[{"billed_charge":105.00,"npi":[1891720462,1982051298]}]}]},{"tin":{"type":"ein","value":"770360380"},"service_code":["11"],"billing_class":"professional","payments":[{"allowed_amount":117.67,"billing_code_modifier":[""],"providers":[{"billed_charge":135.00,"npi":[1164425757,1275695678,1538264080]}]}]},{"tin":{"type":"ein","value":"823693221"},"service_code":["11"],"billing_class":"professional","payments":[{"allowed_amount":107.69,"billing_code_modifier":[""],"providers":[{"billed_charge":256.33,"npi":[1063423291,1518474576]}]}]}]},{"name":"OFFICE\/OUTPATIENT ESTABLISHED MOD MDM 30 MIN","billing_code_type":"CPT","billing_code_type_version":"2020","billing_code":"99214","description":"OFFICE\/OUTPATIENT ESTABLISHED MOD MDM 30 MIN","allowed_amounts":[{"tin":{"type":"ein","value":"263663285"},"service_code":["11"],"billing_class":"professional","payments":[{"allowed_amount":166.10,"billing_code_modifier":[""],"providers":[{"billed_charge":169.79,"npi":[1376546044,1710131370]}]}]},{"tin":{"type":"ein","value":"264826604"},"service_code":["11"],"billing_class":"professional","payments":[{"allowed_amount":166.10,"billing_code_modifier":[""],"providers":[{"billed_charge":238.00,"npi":[1346811353,1477967024,1770710709]}]}]},{"tin":{"type":"ein","value":"273401099"},"service_code":["20"],"billing_class":"professional","payments":[{"allowed_amount":143.92,"billing_code_modifier":[""],"providers":[{"billed_charge":203.00,"npi":[1114234382,1790404564]}]}]},{"tin":{"type":"ein","value":"342036638"},"service_code":["11"],"billing_class":"professional","payments":[{"allowed_amount":166.10,"billing_code_modifier":[""],"providers":[{"billed_charge":200.00,"npi":[1477511178,1871687301]}]}]},{"tin":{"type":"ein","value":"352401992"},"service_code":["11"],"billing_class":"professional","payments":[{"allowed_amount":166.10,"billing_code_modifier":[""],"providers":[{"billed_charge":249.85,"npi":[1093158347,1235211459,1346245669]}]}]},{"tin":{"type":"ein","value":"452528163"},"service_code":["11"],"billing_class":"professional","payments":[{"allowed_amount":143.92,"billing_code_modifier":[""],"providers":[{"billed_charge":316.00,"npi":[1114965902,1275811713]}]}]},{"tin":{"type":"ein","value":"471388816"},"service_code":["11"],"billing_class":"professional","payments":[{"allowed_amount":166.10,"billing_code_modifier":[""],"providers":[{"billed_charge":250.00,"npi":[1770985582,1932341203]}]}]},{"tin":{"type":"ein","value":"620544855"},"service_code":["11"],"billing_class":"professional","payments":[{"allowed_amount":143.92,"billing_code_modifier":[""],"providers":[{"billed_charge":323.75,"npi":[1114405354,1366441370,1376192286,1558995399,1649654385,1730641614]}]}]},{"tin":{"type":"ein","value":"621766083"},"service_code":["11"],"billing_class":"professional","payments":[{"allowed_amount":143.92,"billing_code_modifier":[""],"providers":[{"billed_charge":164.00,"npi":[1477594521]}]}]},{"tin":{"type":"ein","value":"770360380"},"service_code":["11"],"billing_class":"professional","payments":[{"allowed_amount":166.10,"billing_code_modifier":[""],"providers":[{"billed_charge":170.00,"npi":[1164425757,1538264080,1932335775]}]}]},{"tin":{"type":"ein","value":"770555467"},"service_code":["11"],"billing_class":"professional","payments":[{"allowed_amount":168.71,"billing_code_modifier":[""],"providers":[{"billed_charge":240.00,"npi":[1073726246,1730295395]}]}]},{"tin":{"type":"ein","value":"901118189"},"service_code":["02"],"billing_class":"professional","payments":[{"allowed_amount":166.10,"billing_code_modifier":[""],"providers":[{"billed_charge":200.00,"npi":[1447632773,1528448909,1578799193]}]}]},{"tin":{"type":"ein","value":"941156581"},"service_code":["02","11","20"],"billing_class":"professional","payments":[{"allowed_amount":168.71,"billing_code_modifier":[""],"providers":[{"billed_charge":364.00,"npi":[1013950807,1114038064,1144674300,1215269014,1275997512,1407836737,1639505175,1659546893,1760574446,1982617890]}]}]}]},{"name":"OTHER THERAPEUTIC SERV: CARDIAC REHAB","billing_code_type":"RC","billing_code_type_version":"UB04","billing_code":"0943","description":"OTHER THERAPEUTIC SERV: CARDIAC REHAB","allowed_amounts":[{"tin":{"type":"ein","value":"370813229"},"service_code":["22"],"billing_class":"institutional","payments":[{"allowed_amount":29.48,"billing_code_modifier":[""],"providers":[{"billed_charge":256.00,"npi":[1093308439,1972562643]}]}]}]},{"name":"RADIOLOGIC EXAM COMPLETE ACUTE ABDOMEN SERIES","billing_code_type":"CPT","billing_code_type_version":"2020","billing_code":"74022","description":"RADIOLOGIC EXAM COMPLETE ACUTE ABDOMEN SERIES","allowed_amounts":[{"tin":{"type":"ein","value":"300976099"},"service_code":["21"],"billing_class":"professional","payments":[{"allowed_amount":18.34,"billing_code_modifier":[""],"providers":[{"billed_charge":40.00,"npi":[1053765537,1063685873,1235365347,1285688572,1457824013,1518352269,1568632263,1699734665,1750536702,1922009570]}]}]}]},{"name":"RESIDENTIAL TREATMENT-CHEMICAL DEPENDENCY","billing_code_type":"RC","billing_code_type_version":"UB04","billing_code":"1002","description":"RESIDENTIAL TREATMENT-CHEMICAL DEPENDENCY","allowed_amounts":[{"tin":{"type":"ein","value":"863705984"},"service_code":["21"],"billing_class":"institutional","payments":[{"allowed_amount":1638.14,"billing_code_modifier":[""],"providers":[{"billed_charge":4340.00,"npi":[1003809450,1558027482]}]}]}]},{"name":"SBSQ HOSPITAL IP\/OBS CARE HIGH MDM 50 MINUTES","billing_code_type":"CPT","billing_code_type_version":"2020","billing_code":"99233","description":"SBSQ HOSPITAL IP\/OBS CARE HIGH MDM 50 MINUTES","allowed_amounts":[{"tin":{"type":"ein","value":"832572761"},"service_code":["21"],"billing_class":"professional","payments":[{"allowed_amount":107.04,"billing_code_modifier":[""],"providers":[{"billed_charge":161.00,"npi":[1114074267,1275003295,1336435551]}]}]},{"tin":{"type":"ein","value":"853273243"},"service_code":["21"],"billing_class":"professional","payments":[{"allowed_amount":107.04,"billing_code_modifier":[""],"providers":[{"billed_charge":161.00,"npi":[1093795858,1417962259,1467051730]}]}]}]},{"name":"THER PX 1\/> AREAS EACH 15 MIN NEUROMUSC REEDUCA","billing_code_type":"CPT","billing_code_type_version":"2020","billing_code":"97112","description":"THER PX 1\/> AREAS EACH 15 MIN NEUROMUSC REEDUCA","allowed_amounts":[{"tin":{"type":"ein","value":"611445220"},"service_code":["11"],"billing_class":"professional","payments":[{"allowed_amount":34.45,"billing_code_modifier":[""],"providers":[{"billed_charge":50.00,"npi":[1023720976,1174648554,1760580427]}]}]}]}]}
