{"reporting_entity_name": "IEC Group_DBA AmeriBen",
	"reporting_entity_type": "Third Party Administrator",
	"plan_name": "KNIGHTED SERVICES INC",
	"plan_id_type": "ein",
	"plan_id": "812018363",
	"plan_market_type": "group",
	"last_updated_on": "2022-08-31","Version": "1.0.0","out_of_network":[{"name":"INFEC AGEN DETEC AMPLI PROBE","billing_code_type":"HCPCS","billing_code_type_version":"HCPCS LEVEL II 2021","billing_code":"U0005","description":"INFEC AGEN DETEC AMPLI PROBE","allowed_amounts":[{"tin":{"type":"ein","value":"472462178"},"service_code":["81"],"billing_class":"professional","payments":[{"allowed_amount":25.00,"billing_code_modifier":[""],"providers":[{"billed_charge":50.00,"npi":[1114183555,1144731605,1467854497,1639311509]}]}]},{"tin":{"type":"ein","value":"472555895"},"service_code":["81"],"billing_class":"professional","payments":[{"allowed_amount":25.00,"billing_code_modifier":[""],"providers":[{"billed_charge":50.00,"npi":[1346411477,1851915888]}]}]},{"tin":{"type":"ein","value":"475502891"},"service_code":["81"],"billing_class":"professional","payments":[{"allowed_amount":25.00,"billing_code_modifier":[""],"providers":[{"billed_charge":65.00,"npi":[1851992127,1902840283]}]}]},{"tin":{"type":"ein","value":"820973231"},"service_code":["81"],"billing_class":"professional","payments":[{"allowed_amount":25.00,"billing_code_modifier":[""],"providers":[{"billed_charge":25.00,"npi":[1174674352,1205362522]}]}]},{"tin":{"type":"ein","value":"823072457"},"service_code":["81"],"billing_class":"professional","payments":[{"allowed_amount":25.00,"billing_code_modifier":[""],"providers":[{"billed_charge":45.00,"npi":[1134606171,1902812878]}]}]},{"tin":{"type":"ein","value":"823438908"},"service_code":["11"],"billing_class":"professional","payments":[{"allowed_amount":25.00,"billing_code_modifier":[""],"providers":[{"billed_charge":75.00,"npi":[1114431087,1881089910,1992791164]}]}]},{"tin":{"type":"ein","value":"831342609"},"service_code":["81"],"billing_class":"professional","payments":[{"allowed_amount":25.00,"billing_code_modifier":[""],"providers":[{"billed_charge":100.00,"npi":[1073101028,1487815387]}]}]},{"tin":{"type":"ein","value":"852364612"},"service_code":["81"],"billing_class":"professional","payments":[{"allowed_amount":25.00,"billing_code_modifier":[""],"providers":[{"billed_charge":75.00,"npi":[1740685387,1790386746]}]}]},{"tin":{"type":"ein","value":"873685400"},"service_code":["81"],"billing_class":"professional","payments":[{"allowed_amount":25.00,"billing_code_modifier":[""],"providers":[{"billed_charge":50.00,"npi":[1093222895,1518624691]}]}]},{"tin":{"type":"ein","value":"873871103"},"service_code":["81"],"billing_class":"professional","payments":[{"allowed_amount":25.00,"billing_code_modifier":[""],"providers":[{"billed_charge":50.00,"npi":[1285892364,1619621497]}]}]},{"tin":{"type":"ein","value":"953926170"},"service_code":["81"],"billing_class":"professional","payments":[{"allowed_amount":25.00,"billing_code_modifier":[""],"providers":[{"billed_charge":50.00,"npi":[1003950585,1033373899]}]}]}]},{"name":"LABORATORY - CLINICAL DIAGNOSTIC: CHEMISTRY","billing_code_type":"RC","billing_code_type_version":"UB04","billing_code":"0301","description":"LABORATORY - CLINICAL DIAGNOSTIC: CHEMISTRY","allowed_amounts":[{"tin":{"type":"ein","value":"941105628"},"service_code":["23"],"billing_class":"institutional","payments":[{"allowed_amount":0.00,"billing_code_modifier":[""],"providers":[{"billed_charge":61.00,"npi":[1952476665,1992013197]},{"billed_charge":64.00,"npi":[1952476665,1992013197]},{"billed_charge":77.00,"npi":[1952476665,1992013197]},{"billed_charge":125.00,"npi":[1952476665,1992013197]},{"billed_charge":193.00,"npi":[1952476665,1992013197]},{"billed_charge":243.00,"npi":[1952476665,1992013197]},{"billed_charge":314.00,"npi":[1952476665,1992013197]},{"billed_charge":479.00,"npi":[1952476665,1992013197]},{"billed_charge":647.00,"npi":[1952476665,1992013197]}]},{"allowed_amount":0.00,"billing_code_modifier":[""],"providers":[{"billed_charge":61.00,"npi":[1952476665,1992013197]},{"billed_charge":64.00,"npi":[1952476665,1992013197]},{"billed_charge":77.00,"npi":[1952476665,1992013197]},{"billed_charge":125.00,"npi":[1952476665,1992013197]},{"billed_charge":193.00,"npi":[1952476665,1992013197]},{"billed_charge":243.00,"npi":[1952476665,1992013197]},{"billed_charge":314.00,"npi":[1952476665,1992013197]},{"billed_charge":479.00,"npi":[1952476665,1992013197]},{"billed_charge":647.00,"npi":[1952476665,1992013197]}]},{"allowed_amount":0.00,"billing_code_modifier":[""],"providers":[{"billed_charge":61.00,"npi":[1952476665,1992013197]},{"billed_charge":64.00,"npi":[1952476665,1992013197]},{"billed_charge":77.00,"npi":[1952476665,1992013197]},{"billed_charge":125.00,"npi":[1952476665,1992013197]},{"billed_charge":193.00,"npi":[1952476665,1992013197]},{"billed_charge":243.00,"npi":[1952476665,1992013197]},{"billed_charge":314.00,"npi":[1952476665,1992013197]},{"billed_charge":479.00,"npi":[1952476665,1992013197]},{"billed_charge":647.00,"npi":[1952476665,1992013197]}]},{"allowed_amount":0.00,"billing_code_modifier":[""],"providers":[{"billed_charge":61.00,"npi":[1952476665,1992013197]},{"billed_charge":64.00,"npi":[1952476665,1992013197]},{"billed_charge":77.00,"npi":[1952476665,1992013197]},{"billed_charge":125.00,"npi":[1952476665,1992013197]},{"billed_charge":193.00,"npi":[1952476665,1992013197]},{"billed_charge":243.00,"npi":[1952476665,1992013197]},{"billed_charge":314.00,"npi":[1952476665,1992013197]},{"billed_charge":479.00,"npi":[1952476665,1992013197]},{"billed_charge":647.00,"npi":[1952476665,1992013197]}]},{"allowed_amount":0.00,"billing_code_modifier":[""],"providers":[{"billed_charge":61.00,"npi":[1952476665,1992013197]},{"billed_charge":64.00,"npi":[1952476665,1992013197]},{"billed_charge":77.00,"npi":[1952476665,1992013197]},{"billed_charge":125.00,"npi":[1952476665,1992013197]},{"billed_charge":193.00,"npi":[1952476665,1992013197]},{"billed_charge":243.00,"npi":[1952476665,1992013197]},{"billed_charge":314.00,"npi":[1952476665,1992013197]},{"billed_charge":479.00,"npi":[1952476665,1992013197]},{"billed_charge":647.00,"npi":[1952476665,1992013197]}]},{"allowed_amount":0.00,"billing_code_modifier":[""],"providers":[{"billed_charge":61.00,"npi":[1952476665,1992013197]},{"billed_charge":64.00,"npi":[1952476665,1992013197]},{"billed_charge":77.00,"npi":[1952476665,1992013197]},{"billed_charge":125.00,"npi":[1952476665,1992013197]},{"billed_charge":193.00,"npi":[1952476665,1992013197]},{"billed_charge":243.00,"npi":[1952476665,1992013197]},{"billed_charge":314.00,"npi":[1952476665,1992013197]},{"billed_charge":479.00,"npi":[1952476665,1992013197]},{"billed_charge":647.00,"npi":[1952476665,1992013197]}]},{"allowed_amount":0.00,"billing_code_modifier":[""],"providers":[{"billed_charge":61.00,"npi":[1952476665,1992013197]},{"billed_charge":64.00,"npi":[1952476665,1992013197]},{"billed_charge":77.00,"npi":[1952476665,1992013197]},{"billed_charge":125.00,"npi":[1952476665,1992013197]},{"billed_charge":193.00,"npi":[1952476665,1992013197]},{"billed_charge":243.00,"npi":[1952476665,1992013197]},{"billed_charge":314.00,"npi":[1952476665,1992013197]},{"billed_charge":479.00,"npi":[1952476665,1992013197]},{"billed_charge":647.00,"npi":[1952476665,1992013197]}]},{"allowed_amount":0.00,"billing_code_modifier":[""],"providers":[{"billed_charge":61.00,"npi":[1952476665,1992013197]},{"billed_charge":64.00,"npi":[1952476665,1992013197]},{"billed_charge":77.00,"npi":[1952476665,1992013197]},{"billed_charge":125.00,"npi":[1952476665,1992013197]},{"billed_charge":193.00,"npi":[1952476665,1992013197]},{"billed_charge":243.00,"npi":[1952476665,1992013197]},{"billed_charge":314.00,"npi":[1952476665,1992013197]},{"billed_charge":479.00,"npi":[1952476665,1992013197]},{"billed_charge":647.00,"npi":[1952476665,1992013197]}]},{"allowed_amount":0.00,"billing_code_modifier":[""],"providers":[{"billed_charge":61.00,"npi":[1952476665,1992013197]},{"billed_charge":64.00,"npi":[1952476665,1992013197]},{"billed_charge":77.00,"npi":[1952476665,1992013197]},{"billed_charge":125.00,"npi":[1952476665,1992013197]},{"billed_charge":193.00,"npi":[1952476665,1992013197]},{"billed_charge":243.00,"npi":[1952476665,1992013197]},{"billed_charge":314.00,"npi":[1952476665,1992013197]},{"billed_charge":479.00,"npi":[1952476665,1992013197]},{"billed_charge":647.00,"npi":[1952476665,1992013197]}]}]},{"tin":{"type":"ein","value":"941105628"},"service_code":["23"],"billing_class":"institutional","payments":[{"allowed_amount":0.00,"billing_code_modifier":[""],"providers":[{"billed_charge":61.00,"npi":[1952476665,1992013197]},{"billed_charge":64.00,"npi":[1952476665,1992013197]},{"billed_charge":77.00,"npi":[1952476665,1992013197]},{"billed_charge":125.00,"npi":[1952476665,1992013197]},{"billed_charge":193.00,"npi":[1952476665,1992013197]},{"billed_charge":243.00,"npi":[1952476665,1992013197]},{"billed_charge":314.00,"npi":[1952476665,1992013197]},{"billed_charge":479.00,"npi":[1952476665,1992013197]},{"billed_charge":647.00,"npi":[1952476665,1992013197]}]},{"allowed_amount":0.00,"billing_code_modifier":[""],"providers":[{"billed_charge":61.00,"npi":[1952476665,1992013197]},{"billed_charge":64.00,"npi":[1952476665,1992013197]},{"billed_charge":77.00,"npi":[1952476665,1992013197]},{"billed_charge":125.00,"npi":[1952476665,1992013197]},{"billed_charge":193.00,"npi":[1952476665,1992013197]},{"billed_charge":243.00,"npi":[1952476665,1992013197]},{"billed_charge":314.00,"npi":[1952476665,1992013197]},{"billed_charge":479.00,"npi":[1952476665,1992013197]},{"billed_charge":647.00,"npi":[1952476665,1992013197]}]},{"allowed_amount":0.00,"billing_code_modifier":[""],"providers":[{"billed_charge":61.00,"npi":[1952476665,1992013197]},{"billed_charge":64.00,"npi":[1952476665,1992013197]},{"billed_charge":77.00,"npi":[1952476665,1992013197]},{"billed_charge":125.00,"npi":[1952476665,1992013197]},{"billed_charge":193.00,"npi":[1952476665,1992013197]},{"billed_charge":243.00,"npi":[1952476665,1992013197]},{"billed_charge":314.00,"npi":[1952476665,1992013197]},{"billed_charge":479.00,"npi":[1952476665,1992013197]},{"billed_charge":647.00,"npi":[1952476665,1992013197]}]},{"allowed_amount":0.00,"billing_code_modifier":[""],"providers":[{"billed_charge":61.00,"npi":[1952476665,1992013197]},{"billed_charge":64.00,"npi":[1952476665,1992013197]},{"billed_charge":77.00,"npi":[1952476665,1992013197]},{"billed_charge":125.00,"npi":[1952476665,1992013197]},{"billed_charge":193.00,"npi":[1952476665,1992013197]},{"billed_charge":243.00,"npi":[1952476665,1992013197]},{"billed_charge":314.00,"npi":[1952476665,1992013197]},{"billed_charge":479.00,"npi":[1952476665,1992013197]},{"billed_charge":647.00,"npi":[1952476665,1992013197]}]},{"allowed_amount":0.00,"billing_code_modifier":[""],"providers":[{"billed_charge":61.00,"npi":[1952476665,1992013197]},{"billed_charge":64.00,"npi":[1952476665,1992013197]},{"billed_charge":77.00,"npi":[1952476665,1992013197]},{"billed_charge":125.00,"npi":[1952476665,1992013197]},{"billed_charge":193.00,"npi":[1952476665,1992013197]},{"billed_charge":243.00,"npi":[1952476665,1992013197]},{"billed_charge":314.00,"npi":[1952476665,1992013197]},{"billed_charge":479.00,"npi":[1952476665,1992013197]},{"billed_charge":647.00,"npi":[1952476665,1992013197]}]},{"allowed_amount":0.00,"billing_code_modifier":[""],"providers":[{"billed_charge":61.00,"npi":[1952476665,1992013197]},{"billed_charge":64.00,"npi":[1952476665,1992013197]},{"billed_charge":77.00,"npi":[1952476665,1992013197]},{"billed_charge":125.00,"npi":[1952476665,1992013197]},{"billed_charge":193.00,"npi":[1952476665,1992013197]},{"billed_charge":243.00,"npi":[1952476665,1992013197]},{"billed_charge":314.00,"npi":[1952476665,1992013197]},{"billed_charge":479.00,"npi":[1952476665,1992013197]},{"billed_charge":647.00,"npi":[1952476665,1992013197]}]},{"allowed_amount":0.00,"billing_code_modifier":[""],"providers":[{"billed_charge":61.00,"npi":[1952476665,1992013197]},{"billed_charge":64.00,"npi":[1952476665,1992013197]},{"billed_charge":77.00,"npi":[1952476665,1992013197]},{"billed_charge":125.00,"npi":[1952476665,1992013197]},{"billed_charge":193.00,"npi":[1952476665,1992013197]},{"billed_charge":243.00,"npi":[1952476665,1992013197]},{"billed_charge":314.00,"npi":[1952476665,1992013197]},{"billed_charge":479.00,"npi":[1952476665,1992013197]},{"billed_charge":647.00,"npi":[1952476665,1992013197]}]},{"allowed_amount":0.00,"billing_code_modifier":[""],"providers":[{"billed_charge":61.00,"npi":[1952476665,1992013197]},{"billed_charge":64.00,"npi":[1952476665,1992013197]},{"billed_charge":77.00,"npi":[1952476665,1992013197]},{"billed_charge":125.00,"npi":[1952476665,1992013197]},{"billed_charge":193.00,"npi":[1952476665,1992013197]},{"billed_charge":243.00,"npi":[1952476665,1992013197]},{"billed_charge":314.00,"npi":[1952476665,1992013197]},{"billed_charge":479.00,"npi":[1952476665,1992013197]},{"billed_charge":647.00,"npi":[1952476665,1992013197]}]},{"allowed_amount":0.00,"billing_code_modifier":[""],"providers":[{"billed_charge":61.00,"npi":[1952476665,1992013197]},{"billed_charge":64.00,"npi":[1952476665,1992013197]},{"billed_charge":77.00,"npi":[1952476665,1992013197]},{"billed_charge":125.00,"npi":[1952476665,1992013197]},{"billed_charge":193.00,"npi":[1952476665,1992013197]},{"billed_charge":243.00,"npi":[1952476665,1992013197]},{"billed_charge":314.00,"npi":[1952476665,1992013197]},{"billed_charge":479.00,"npi":[1952476665,1992013197]},{"billed_charge":647.00,"npi":[1952476665,1992013197]}]}]},{"tin":{"type":"ein","value":"941105628"},"service_code":["23"],"billing_class":"institutional","payments":[{"allowed_amount":0.00,"billing_code_modifier":[""],"providers":[{"billed_charge":61.00,"npi":[1952476665,1992013197]},{"billed_charge":64.00,"npi":[1952476665,1992013197]},{"billed_charge":77.00,"npi":[1952476665,1992013197]},{"billed_charge":125.00,"npi":[1952476665,1992013197]},{"billed_charge":193.00,"npi":[1952476665,1992013197]},{"billed_charge":243.00,"npi":[1952476665,1992013197]},{"billed_charge":314.00,"npi":[1952476665,1992013197]},{"billed_charge":479.00,"npi":[1952476665,1992013197]},{"billed_charge":647.00,"npi":[1952476665,1992013197]}]},{"allowed_amount":0.00,"billing_code_modifier":[""],"providers":[{"billed_charge":61.00,"npi":[1952476665,1992013197]},{"billed_charge":64.00,"npi":[1952476665,1992013197]},{"billed_charge":77.00,"npi":[1952476665,1992013197]},{"billed_charge":125.00,"npi":[1952476665,1992013197]},{"billed_charge":193.00,"npi":[1952476665,1992013197]},{"billed_charge":243.00,"npi":[1952476665,1992013197]},{"billed_charge":314.00,"npi":[1952476665,1992013197]},{"billed_charge":479.00,"npi":[1952476665,1992013197]},{"billed_charge":647.00,"npi":[1952476665,1992013197]}]},{"allowed_amount":0.00,"billing_code_modifier":[""],"providers":[{"billed_charge":61.00,"npi":[1952476665,1992013197]},{"billed_charge":64.00,"npi":[1952476665,1992013197]},{"billed_charge":77.00,"npi":[1952476665,1992013197]},{"billed_charge":125.00,"npi":[1952476665,1992013197]},{"billed_charge":193.00,"npi":[1952476665,1992013197]},{"billed_charge":243.00,"npi":[1952476665,1992013197]},{"billed_charge":314.00,"npi":[1952476665,1992013197]},{"billed_charge":479.00,"npi":[1952476665,1992013197]},{"billed_charge":647.00,"npi":[1952476665,1992013197]}]},{"allowed_amount":0.00,"billing_code_modifier":[""],"providers":[{"billed_charge":61.00,"npi":[1952476665,1992013197]},{"billed_charge":64.00,"npi":[1952476665,1992013197]},{"billed_charge":77.00,"npi":[1952476665,1992013197]},{"billed_charge":125.00,"npi":[1952476665,1992013197]},{"billed_charge":193.00,"npi":[1952476665,1992013197]},{"billed_charge":243.00,"npi":[1952476665,1992013197]},{"billed_charge":314.00,"npi":[1952476665,1992013197]},{"billed_charge":479.00,"npi":[1952476665,1992013197]},{"billed_charge":647.00,"npi":[1952476665,1992013197]}]},{"allowed_amount":0.00,"billing_code_modifier":[""],"providers":[{"billed_charge":61.00,"npi":[1952476665,1992013197]},{"billed_charge":64.00,"npi":[1952476665,1992013197]},{"billed_charge":77.00,"npi":[1952476665,1992013197]},{"billed_charge":125.00,"npi":[1952476665,1992013197]},{"billed_charge":193.00,"npi":[1952476665,1992013197]},{"billed_charge":243.00,"npi":[1952476665,1992013197]},{"billed_charge":314.00,"npi":[1952476665,1992013197]},{"billed_charge":479.00,"npi":[1952476665,1992013197]},{"billed_charge":647.00,"npi":[1952476665,1992013197]}]},{"allowed_amount":0.00,"billing_code_modifier":[""],"providers":[{"billed_charge":61.00,"npi":[1952476665,1992013197]},{"billed_charge":64.00,"npi":[1952476665,1992013197]},{"billed_charge":77.00,"npi":[1952476665,1992013197]},{"billed_charge":125.00,"npi":[1952476665,1992013197]},{"billed_charge":193.00,"npi":[1952476665,1992013197]},{"billed_charge":243.00,"npi":[1952476665,1992013197]},{"billed_charge":314.00,"npi":[1952476665,1992013197]},{"billed_charge":479.00,"npi":[1952476665,1992013197]},{"billed_charge":647.00,"npi":[1952476665,1992013197]}]},{"allowed_amount":0.00,"billing_code_modifier":[""],"providers":[{"billed_charge":61.00,"npi":[1952476665,1992013197]},{"billed_charge":64.00,"npi":[1952476665,1992013197]},{"billed_charge":77.00,"npi":[1952476665,1992013197]},{"billed_charge":125.00,"npi":[1952476665,1992013197]},{"billed_charge":193.00,"npi":[1952476665,1992013197]},{"billed_charge":243.00,"npi":[1952476665,1992013197]},{"billed_charge":314.00,"npi":[1952476665,1992013197]},{"billed_charge":479.00,"npi":[1952476665,1992013197]},{"billed_charge":647.00,"npi":[1952476665,1992013197]}]},{"allowed_amount":0.00,"billing_code_modifier":[""],"providers":[{"billed_charge":61.00,"npi":[1952476665,1992013197]},{"billed_charge":64.00,"npi":[1952476665,1992013197]},{"billed_charge":77.00,"npi":[1952476665,1992013197]},{"billed_charge":125.00,"npi":[1952476665,1992013197]},{"billed_charge":193.00,"npi":[1952476665,1992013197]},{"billed_charge":243.00,"npi":[1952476665,1992013197]},{"billed_charge":314.00,"npi":[1952476665,1992013197]},{"billed_charge":479.00,"npi":[1952476665,1992013197]},{"billed_charge":647.00,"npi":[1952476665,1992013197]}]},{"allowed_amount":0.00,"billing_code_modifier":[""],"providers":[{"billed_charge":61.00,"npi":[1952476665,1992013197]},{"billed_charge":64.00,"npi":[1952476665,1992013197]},{"billed_charge":77.00,"npi":[1952476665,1992013197]},{"billed_charge":125.00,"npi":[1952476665,1992013197]},{"billed_charge":193.00,"npi":[1952476665,1992013197]},{"billed_charge":243.00,"npi":[1952476665,1992013197]},{"billed_charge":314.00,"npi":[1952476665,1992013197]},{"billed_charge":479.00,"npi":[1952476665,1992013197]},{"billed_charge":647.00,"npi":[1952476665,1992013197]}]}]},{"tin":{"type":"ein","value":"941105628"},"service_code":["23"],"billing_class":"institutional","payments":[{"allowed_amount":0.00,"billing_code_modifier":[""],"providers":[{"billed_charge":61.00,"npi":[1952476665,1992013197]},{"billed_charge":64.00,"npi":[1952476665,1992013197]},{"billed_charge":77.00,"npi":[1952476665,1992013197]},{"billed_charge":125.00,"npi":[1952476665,1992013197]},{"billed_charge":193.00,"npi":[1952476665,1992013197]},{"billed_charge":243.00,"npi":[1952476665,1992013197]},{"billed_charge":314.00,"npi":[1952476665,1992013197]},{"billed_charge":479.00,"npi":[1952476665,1992013197]},{"billed_charge":647.00,"npi":[1952476665,1992013197]}]},{"allowed_amount":0.00,"billing_code_modifier":[""],"providers":[{"billed_charge":61.00,"npi":[1952476665,1992013197]},{"billed_charge":64.00,"npi":[1952476665,1992013197]},{"billed_charge":77.00,"npi":[1952476665,1992013197]},{"billed_charge":125.00,"npi":[1952476665,1992013197]},{"billed_charge":193.00,"npi":[1952476665,1992013197]},{"billed_charge":243.00,"npi":[1952476665,1992013197]},{"billed_charge":314.00,"npi":[1952476665,1992013197]},{"billed_charge":479.00,"npi":[1952476665,1992013197]},{"billed_charge":647.00,"npi":[1952476665,1992013197]}]},{"allowed_amount":0.00,"billing_code_modifier":[""],"providers":[{"billed_charge":61.00,"npi":[1952476665,1992013197]},{"billed_charge":64.00,"npi":[1952476665,1992013197]},{"billed_charge":77.00,"npi":[1952476665,1992013197]},{"billed_charge":125.00,"npi":[1952476665,1992013197]},{"billed_charge":193.00,"npi":[1952476665,1992013197]},{"billed_charge":243.00,"npi":[1952476665,1992013197]},{"billed_charge":314.00,"npi":[1952476665,1992013197]},{"billed_charge":479.00,"npi":[1952476665,1992013197]},{"billed_charge":647.00,"npi":[1952476665,1992013197]}]},{"allowed_amount":0.00,"billing_code_modifier":[""],"providers":[{"billed_charge":61.00,"npi":[1952476665,1992013197]},{"billed_charge":64.00,"npi":[1952476665,1992013197]},{"billed_charge":77.00,"npi":[1952476665,1992013197]},{"billed_charge":125.00,"npi":[1952476665,1992013197]},{"billed_charge":193.00,"npi":[1952476665,1992013197]},{"billed_charge":243.00,"npi":[1952476665,1992013197]},{"billed_charge":314.00,"npi":[1952476665,1992013197]},{"billed_charge":479.00,"npi":[1952476665,1992013197]},{"billed_charge":647.00,"npi":[1952476665,1992013197]}]},{"allowed_amount":0.00,"billing_code_modifier":[""],"providers":[{"billed_charge":61.00,"npi":[1952476665,1992013197]},{"billed_charge":64.00,"npi":[1952476665,1992013197]},{"billed_charge":77.00,"npi":[1952476665,1992013197]},{"billed_charge":125.00,"npi":[1952476665,1992013197]},{"billed_charge":193.00,"npi":[1952476665,1992013197]},{"billed_charge":243.00,"npi":[1952476665,1992013197]},{"billed_charge":314.00,"npi":[1952476665,1992013197]},{"billed_charge":479.00,"npi":[1952476665,1992013197]},{"billed_charge":647.00,"npi":[1952476665,1992013197]}]},{"allowed_amount":0.00,"billing_code_modifier":[""],"providers":[{"billed_charge":61.00,"npi":[1952476665,1992013197]},{"billed_charge":64.00,"npi":[1952476665,1992013197]},{"billed_charge":77.00,"npi":[1952476665,1992013197]},{"billed_charge":125.00,"npi":[1952476665,1992013197]},{"billed_charge":193.00,"npi":[1952476665,1992013197]},{"billed_charge":243.00,"npi":[1952476665,1992013197]},{"billed_charge":314.00,"npi":[1952476665,1992013197]},{"billed_charge":479.00,"npi":[1952476665,1992013197]},{"billed_charge":647.00,"npi":[1952476665,1992013197]}]},{"allowed_amount":0.00,"billing_code_modifier":[""],"providers":[{"billed_charge":61.00,"npi":[1952476665,1992013197]},{"billed_charge":64.00,"npi":[1952476665,1992013197]},{"billed_charge":77.00,"npi":[1952476665,1992013197]},{"billed_charge":125.00,"npi":[1952476665,1992013197]},{"billed_charge":193.00,"npi":[1952476665,1992013197]},{"billed_charge":243.00,"npi":[1952476665,1992013197]},{"billed_charge":314.00,"npi":[1952476665,1992013197]},{"billed_charge":479.00,"npi":[1952476665,1992013197]},{"billed_charge":647.00,"npi":[1952476665,1992013197]}]},{"allowed_amount":0.00,"billing_code_modifier":[""],"providers":[{"billed_charge":61.00,"npi":[1952476665,1992013197]},{"billed_charge":64.00,"npi":[1952476665,1992013197]},{"billed_charge":77.00,"npi":[1952476665,1992013197]},{"billed_charge":125.00,"npi":[1952476665,1992013197]},{"billed_charge":193.00,"npi":[1952476665,1992013197]},{"billed_charge":243.00,"npi":[1952476665,1992013197]},{"billed_charge":314.00,"npi":[1952476665,1992013197]},{"billed_charge":479.00,"npi":[1952476665,1992013197]},{"billed_charge":647.00,"npi":[1952476665,1992013197]}]},{"allowed_amount":0.00,"billing_code_modifier":[""],"providers":[{"billed_charge":61.00,"npi":[1952476665,1992013197]},{"billed_charge":64.00,"npi":[1952476665,1992013197]},{"billed_charge":77.00,"npi":[1952476665,1992013197]},{"billed_charge":125.00,"npi":[1952476665,1992013197]},{"billed_charge":193.00,"npi":[1952476665,1992013197]},{"billed_charge":243.00,"npi":[1952476665,1992013197]},{"billed_charge":314.00,"npi":[1952476665,1992013197]},{"billed_charge":479.00,"npi":[1952476665,1992013197]},{"billed_charge":647.00,"npi":[1952476665,1992013197]}]}]},{"tin":{"type":"ein","value":"941105628"},"service_code":["23"],"billing_class":"institutional","payments":[{"allowed_amount":0.00,"billing_code_modifier":[""],"providers":[{"billed_charge":61.00,"npi":[1952476665,1992013197]},{"billed_charge":64.00,"npi":[1952476665,1992013197]},{"billed_charge":77.00,"npi":[1952476665,1992013197]},{"billed_charge":125.00,"npi":[1952476665,1992013197]},{"billed_charge":193.00,"npi":[1952476665,1992013197]},{"billed_charge":243.00,"npi":[1952476665,1992013197]},{"billed_charge":314.00,"npi":[1952476665,1992013197]},{"billed_charge":479.00,"npi":[1952476665,1992013197]},{"billed_charge":647.00,"npi":[1952476665,1992013197]}]},{"allowed_amount":0.00,"billing_code_modifier":[""],"providers":[{"billed_charge":61.00,"npi":[1952476665,1992013197]},{"billed_charge":64.00,"npi":[1952476665,1992013197]},{"billed_charge":77.00,"npi":[1952476665,1992013197]},{"billed_charge":125.00,"npi":[1952476665,1992013197]},{"billed_charge":193.00,"npi":[1952476665,1992013197]},{"billed_charge":243.00,"npi":[1952476665,1992013197]},{"billed_charge":314.00,"npi":[1952476665,1992013197]},{"billed_charge":479.00,"npi":[1952476665,1992013197]},{"billed_charge":647.00,"npi":[1952476665,1992013197]}]},{"allowed_amount":0.00,"billing_code_modifier":[""],"providers":[{"billed_charge":61.00,"npi":[1952476665,1992013197]},{"billed_charge":64.00,"npi":[1952476665,1992013197]},{"billed_charge":77.00,"npi":[1952476665,1992013197]},{"billed_charge":125.00,"npi":[1952476665,1992013197]},{"billed_charge":193.00,"npi":[1952476665,1992013197]},{"billed_charge":243.00,"npi":[1952476665,1992013197]},{"billed_charge":314.00,"npi":[1952476665,1992013197]},{"billed_charge":479.00,"npi":[1952476665,1992013197]},{"billed_charge":647.00,"npi":[1952476665,1992013197]}]},{"allowed_amount":0.00,"billing_code_modifier":[""],"providers":[{"billed_charge":61.00,"npi":[1952476665,1992013197]},{"billed_charge":64.00,"npi":[1952476665,1992013197]},{"billed_charge":77.00,"npi":[1952476665,1992013197]},{"billed_charge":125.00,"npi":[1952476665,1992013197]},{"billed_charge":193.00,"npi":[1952476665,1992013197]},{"billed_charge":243.00,"npi":[1952476665,1992013197]},{"billed_charge":314.00,"npi":[1952476665,1992013197]},{"billed_charge":479.00,"npi":[1952476665,1992013197]},{"billed_charge":647.00,"npi":[1952476665,1992013197]}]},{"allowed_amount":0.00,"billing_code_modifier":[""],"providers":[{"billed_charge":61.00,"npi":[1952476665,1992013197]},{"billed_charge":64.00,"npi":[1952476665,1992013197]},{"billed_charge":77.00,"npi":[1952476665,1992013197]},{"billed_charge":125.00,"npi":[1952476665,1992013197]},{"billed_charge":193.00,"npi":[1952476665,1992013197]},{"billed_charge":243.00,"npi":[1952476665,1992013197]},{"billed_charge":314.00,"npi":[1952476665,1992013197]},{"billed_charge":479.00,"npi":[1952476665,1992013197]},{"billed_charge":647.00,"npi":[1952476665,1992013197]}]},{"allowed_amount":0.00,"billing_code_modifier":[""],"providers":[{"billed_charge":61.00,"npi":[1952476665,1992013197]},{"billed_charge":64.00,"npi":[1952476665,1992013197]},{"billed_charge":77.00,"npi":[1952476665,1992013197]},{"billed_charge":125.00,"npi":[1952476665,1992013197]},{"billed_charge":193.00,"npi":[1952476665,1992013197]},{"billed_charge":243.00,"npi":[1952476665,1992013197]},{"billed_charge":314.00,"npi":[1952476665,1992013197]},{"billed_charge":479.00,"npi":[1952476665,1992013197]},{"billed_charge":647.00,"npi":[1952476665,1992013197]}]},{"allowed_amount":0.00,"billing_code_modifier":[""],"providers":[{"billed_charge":61.00,"npi":[1952476665,1992013197]},{"billed_charge":64.00,"npi":[1952476665,1992013197]},{"billed_charge":77.00,"npi":[1952476665,1992013197]},{"billed_charge":125.00,"npi":[1952476665,1992013197]},{"billed_charge":193.00,"npi":[1952476665,1992013197]},{"billed_charge":243.00,"npi":[1952476665,1992013197]},{"billed_charge":314.00,"npi":[1952476665,1992013197]},{"billed_charge":479.00,"npi":[1952476665,1992013197]},{"billed_charge":647.00,"npi":[1952476665,1992013197]}]},{"allowed_amount":0.00,"billing_code_modifier":[""],"providers":[{"billed_charge":61.00,"npi":[1952476665,1992013197]},{"billed_charge":64.00,"npi":[1952476665,1992013197]},{"billed_charge":77.00,"npi":[1952476665,1992013197]},{"billed_charge":125.00,"npi":[1952476665,1992013197]},{"billed_charge":193.00,"npi":[1952476665,1992013197]},{"billed_charge":243.00,"npi":[1952476665,1992013197]},{"billed_charge":314.00,"npi":[1952476665,1992013197]},{"billed_charge":479.00,"npi":[1952476665,1992013197]},{"billed_charge":647.00,"npi":[1952476665,1992013197]}]},{"allowed_amount":0.00,"billing_code_modifier":[""],"providers":[{"billed_charge":61.00,"npi":[1952476665,1992013197]},{"billed_charge":64.00,"npi":[1952476665,1992013197]},{"billed_charge":77.00,"npi":[1952476665,1992013197]},{"billed_charge":125.00,"npi":[1952476665,1992013197]},{"billed_charge":193.00,"npi":[1952476665,1992013197]},{"billed_charge":243.00,"npi":[1952476665,1992013197]},{"billed_charge":314.00,"npi":[1952476665,1992013197]},{"billed_charge":479.00,"npi":[1952476665,1992013197]},{"billed_charge":647.00,"npi":[1952476665,1992013197]}]}]},{"tin":{"type":"ein","value":"941105628"},"service_code":["23"],"billing_class":"institutional","payments":[{"allowed_amount":0.00,"billing_code_modifier":[""],"providers":[{"billed_charge":61.00,"npi":[1952476665,1992013197]},{"billed_charge":64.00,"npi":[1952476665,1992013197]},{"billed_charge":77.00,"npi":[1952476665,1992013197]},{"billed_charge":125.00,"npi":[1952476665,1992013197]},{"billed_charge":193.00,"npi":[1952476665,1992013197]},{"billed_charge":243.00,"npi":[1952476665,1992013197]},{"billed_charge":314.00,"npi":[1952476665,1992013197]},{"billed_charge":479.00,"npi":[1952476665,1992013197]},{"billed_charge":647.00,"npi":[1952476665,1992013197]}]},{"allowed_amount":0.00,"billing_code_modifier":[""],"providers":[{"billed_charge":61.00,"npi":[1952476665,1992013197]},{"billed_charge":64.00,"npi":[1952476665,1992013197]},{"billed_charge":77.00,"npi":[1952476665,1992013197]},{"billed_charge":125.00,"npi":[1952476665,1992013197]},{"billed_charge":193.00,"npi":[1952476665,1992013197]},{"billed_charge":243.00,"npi":[1952476665,1992013197]},{"billed_charge":314.00,"npi":[1952476665,1992013197]},{"billed_charge":479.00,"npi":[1952476665,1992013197]},{"billed_charge":647.00,"npi":[1952476665,1992013197]}]},{"allowed_amount":0.00,"billing_code_modifier":[""],"providers":[{"billed_charge":61.00,"npi":[1952476665,1992013197]},{"billed_charge":64.00,"npi":[1952476665,1992013197]},{"billed_charge":77.00,"npi":[1952476665,1992013197]},{"billed_charge":125.00,"npi":[1952476665,1992013197]},{"billed_charge":193.00,"npi":[1952476665,1992013197]},{"billed_charge":243.00,"npi":[1952476665,1992013197]},{"billed_charge":314.00,"npi":[1952476665,1992013197]},{"billed_charge":479.00,"npi":[1952476665,1992013197]},{"billed_charge":647.00,"npi":[1952476665,1992013197]}]},{"allowed_amount":0.00,"billing_code_modifier":[""],"providers":[{"billed_charge":61.00,"npi":[1952476665,1992013197]},{"billed_charge":64.00,"npi":[1952476665,1992013197]},{"billed_charge":77.00,"npi":[1952476665,1992013197]},{"billed_charge":125.00,"npi":[1952476665,1992013197]},{"billed_charge":193.00,"npi":[1952476665,1992013197]},{"billed_charge":243.00,"npi":[1952476665,1992013197]},{"billed_charge":314.00,"npi":[1952476665,1992013197]},{"billed_charge":479.00,"npi":[1952476665,1992013197]},{"billed_charge":647.00,"npi":[1952476665,1992013197]}]},{"allowed_amount":0.00,"billing_code_modifier":[""],"providers":[{"billed_charge":61.00,"npi":[1952476665,1992013197]},{"billed_charge":64.00,"npi":[1952476665,1992013197]},{"billed_charge":77.00,"npi":[1952476665,1992013197]},{"billed_charge":125.00,"npi":[1952476665,1992013197]},{"billed_charge":193.00,"npi":[1952476665,1992013197]},{"billed_charge":243.00,"npi":[1952476665,1992013197]},{"billed_charge":314.00,"npi":[1952476665,1992013197]},{"billed_charge":479.00,"npi":[1952476665,1992013197]},{"billed_charge":647.00,"npi":[1952476665,1992013197]}]},{"allowed_amount":0.00,"billing_code_modifier":[""],"providers":[{"billed_charge":61.00,"npi":[1952476665,1992013197]},{"billed_charge":64.00,"npi":[1952476665,1992013197]},{"billed_charge":77.00,"npi":[1952476665,1992013197]},{"billed_charge":125.00,"npi":[1952476665,1992013197]},{"billed_charge":193.00,"npi":[1952476665,1992013197]},{"billed_charge":243.00,"npi":[1952476665,1992013197]},{"billed_charge":314.00,"npi":[1952476665,1992013197]},{"billed_charge":479.00,"npi":[1952476665,1992013197]},{"billed_charge":647.00,"npi":[1952476665,1992013197]}]},{"allowed_amount":0.00,"billing_code_modifier":[""],"providers":[{"billed_charge":61.00,"npi":[1952476665,1992013197]},{"billed_charge":64.00,"npi":[1952476665,1992013197]},{"billed_charge":77.00,"npi":[1952476665,1992013197]},{"billed_charge":125.00,"npi":[1952476665,1992013197]},{"billed_charge":193.00,"npi":[1952476665,1992013197]},{"billed_charge":243.00,"npi":[1952476665,1992013197]},{"billed_charge":314.00,"npi":[1952476665,1992013197]},{"billed_charge":479.00,"npi":[1952476665,1992013197]},{"billed_charge":647.00,"npi":[1952476665,1992013197]}]},{"allowed_amount":0.00,"billing_code_modifier":[""],"providers":[{"billed_charge":61.00,"npi":[1952476665,1992013197]},{"billed_charge":64.00,"npi":[1952476665,1992013197]},{"billed_charge":77.00,"npi":[1952476665,1992013197]},{"billed_charge":125.00,"npi":[1952476665,1992013197]},{"billed_charge":193.00,"npi":[1952476665,1992013197]},{"billed_charge":243.00,"npi":[1952476665,1992013197]},{"billed_charge":314.00,"npi":[1952476665,1992013197]},{"billed_charge":479.00,"npi":[1952476665,1992013197]},{"billed_charge":647.00,"npi":[1952476665,1992013197]}]},{"allowed_amount":0.00,"billing_code_modifier":[""],"providers":[{"billed_charge":61.00,"npi":[1952476665,1992013197]},{"billed_charge":64.00,"npi":[1952476665,1992013197]},{"billed_charge":77.00,"npi":[1952476665,1992013197]},{"billed_charge":125.00,"npi":[1952476665,1992013197]},{"billed_charge":193.00,"npi":[1952476665,1992013197]},{"billed_charge":243.00,"npi":[1952476665,1992013197]},{"billed_charge":314.00,"npi":[1952476665,1992013197]},{"billed_charge":479.00,"npi":[1952476665,1992013197]},{"billed_charge":647.00,"npi":[1952476665,1992013197]}]}]},{"tin":{"type":"ein","value":"941105628"},"service_code":["23"],"billing_class":"institutional","payments":[{"allowed_amount":0.00,"billing_code_modifier":[""],"providers":[{"billed_charge":61.00,"npi":[1952476665,1992013197]},{"billed_charge":64.00,"npi":[1952476665,1992013197]},{"billed_charge":77.00,"npi":[1952476665,1992013197]},{"billed_charge":125.00,"npi":[1952476665,1992013197]},{"billed_charge":193.00,"npi":[1952476665,1992013197]},{"billed_charge":243.00,"npi":[1952476665,1992013197]},{"billed_charge":314.00,"npi":[1952476665,1992013197]},{"billed_charge":479.00,"npi":[1952476665,1992013197]},{"billed_charge":647.00,"npi":[1952476665,1992013197]}]},{"allowed_amount":0.00,"billing_code_modifier":[""],"providers":[{"billed_charge":61.00,"npi":[1952476665,1992013197]},{"billed_charge":64.00,"npi":[1952476665,1992013197]},{"billed_charge":77.00,"npi":[1952476665,1992013197]},{"billed_charge":125.00,"npi":[1952476665,1992013197]},{"billed_charge":193.00,"npi":[1952476665,1992013197]},{"billed_charge":243.00,"npi":[1952476665,1992013197]},{"billed_charge":314.00,"npi":[1952476665,1992013197]},{"billed_charge":479.00,"npi":[1952476665,1992013197]},{"billed_charge":647.00,"npi":[1952476665,1992013197]}]},{"allowed_amount":0.00,"billing_code_modifier":[""],"providers":[{"billed_charge":61.00,"npi":[1952476665,1992013197]},{"billed_charge":64.00,"npi":[1952476665,1992013197]},{"billed_charge":77.00,"npi":[1952476665,1992013197]},{"billed_charge":125.00,"npi":[1952476665,1992013197]},{"billed_charge":193.00,"npi":[1952476665,1992013197]},{"billed_charge":243.00,"npi":[1952476665,1992013197]},{"billed_charge":314.00,"npi":[1952476665,1992013197]},{"billed_charge":479.00,"npi":[1952476665,1992013197]},{"billed_charge":647.00,"npi":[1952476665,1992013197]}]},{"allowed_amount":0.00,"billing_code_modifier":[""],"providers":[{"billed_charge":61.00,"npi":[1952476665,1992013197]},{"billed_charge":64.00,"npi":[1952476665,1992013197]},{"billed_charge":77.00,"npi":[1952476665,1992013197]},{"billed_charge":125.00,"npi":[1952476665,1992013197]},{"billed_charge":193.00,"npi":[1952476665,1992013197]},{"billed_charge":243.00,"npi":[1952476665,1992013197]},{"billed_charge":314.00,"npi":[1952476665,1992013197]},{"billed_charge":479.00,"npi":[1952476665,1992013197]},{"billed_charge":647.00,"npi":[1952476665,1992013197]}]},{"allowed_amount":0.00,"billing_code_modifier":[""],"providers":[{"billed_charge":61.00,"npi":[1952476665,1992013197]},{"billed_charge":64.00,"npi":[1952476665,1992013197]},{"billed_charge":77.00,"npi":[1952476665,1992013197]},{"billed_charge":125.00,"npi":[1952476665,1992013197]},{"billed_charge":193.00,"npi":[1952476665,1992013197]},{"billed_charge":243.00,"npi":[1952476665,1992013197]},{"billed_charge":314.00,"npi":[1952476665,1992013197]},{"billed_charge":479.00,"npi":[1952476665,1992013197]},{"billed_charge":647.00,"npi":[1952476665,1992013197]}]},{"allowed_amount":0.00,"billing_code_modifier":[""],"providers":[{"billed_charge":61.00,"npi":[1952476665,1992013197]},{"billed_charge":64.00,"npi":[1952476665,1992013197]},{"billed_charge":77.00,"npi":[1952476665,1992013197]},{"billed_charge":125.00,"npi":[1952476665,1992013197]},{"billed_charge":193.00,"npi":[1952476665,1992013197]},{"billed_charge":243.00,"npi":[1952476665,1992013197]},{"billed_charge":314.00,"npi":[1952476665,1992013197]},{"billed_charge":479.00,"npi":[1952476665,1992013197]},{"billed_charge":647.00,"npi":[1952476665,1992013197]}]},{"allowed_amount":0.00,"billing_code_modifier":[""],"providers":[{"billed_charge":61.00,"npi":[1952476665,1992013197]},{"billed_charge":64.00,"npi":[1952476665,1992013197]},{"billed_charge":77.00,"npi":[1952476665,1992013197]},{"billed_charge":125.00,"npi":[1952476665,1992013197]},{"billed_charge":193.00,"npi":[1952476665,1992013197]},{"billed_charge":243.00,"npi":[1952476665,1992013197]},{"billed_charge":314.00,"npi":[1952476665,1992013197]},{"billed_charge":479.00,"npi":[1952476665,1992013197]},{"billed_charge":647.00,"npi":[1952476665,1992013197]}]},{"allowed_amount":0.00,"billing_code_modifier":[""],"providers":[{"billed_charge":61.00,"npi":[1952476665,1992013197]},{"billed_charge":64.00,"npi":[1952476665,1992013197]},{"billed_charge":77.00,"npi":[1952476665,1992013197]},{"billed_charge":125.00,"npi":[1952476665,1992013197]},{"billed_charge":193.00,"npi":[1952476665,1992013197]},{"billed_charge":243.00,"npi":[1952476665,1992013197]},{"billed_charge":314.00,"npi":[1952476665,1992013197]},{"billed_charge":479.00,"npi":[1952476665,1992013197]},{"billed_charge":647.00,"npi":[1952476665,1992013197]}]},{"allowed_amount":0.00,"billing_code_modifier":[""],"providers":[{"billed_charge":61.00,"npi":[1952476665,1992013197]},{"billed_charge":64.00,"npi":[1952476665,1992013197]},{"billed_charge":77.00,"npi":[1952476665,1992013197]},{"billed_charge":125.00,"npi":[1952476665,1992013197]},{"billed_charge":193.00,"npi":[1952476665,1992013197]},{"billed_charge":243.00,"npi":[1952476665,1992013197]},{"billed_charge":314.00,"npi":[1952476665,1992013197]},{"billed_charge":479.00,"npi":[1952476665,1992013197]},{"billed_charge":647.00,"npi":[1952476665,1992013197]}]}]},{"tin":{"type":"ein","value":"941105628"},"service_code":["23"],"billing_class":"institutional","payments":[{"allowed_amount":0.00,"billing_code_modifier":[""],"providers":[{"billed_charge":61.00,"npi":[1952476665,1992013197]},{"billed_charge":64.00,"npi":[1952476665,1992013197]},{"billed_charge":77.00,"npi":[1952476665,1992013197]},{"billed_charge":125.00,"npi":[1952476665,1992013197]},{"billed_charge":193.00,"npi":[1952476665,1992013197]},{"billed_charge":243.00,"npi":[1952476665,1992013197]},{"billed_charge":314.00,"npi":[1952476665,1992013197]},{"billed_charge":479.00,"npi":[1952476665,1992013197]},{"billed_charge":647.00,"npi":[1952476665,1992013197]}]},{"allowed_amount":0.00,"billing_code_modifier":[""],"providers":[{"billed_charge":61.00,"npi":[1952476665,1992013197]},{"billed_charge":64.00,"npi":[1952476665,1992013197]},{"billed_charge":77.00,"npi":[1952476665,1992013197]},{"billed_charge":125.00,"npi":[1952476665,1992013197]},{"billed_charge":193.00,"npi":[1952476665,1992013197]},{"billed_charge":243.00,"npi":[1952476665,1992013197]},{"billed_charge":314.00,"npi":[1952476665,1992013197]},{"billed_charge":479.00,"npi":[1952476665,1992013197]},{"billed_charge":647.00,"npi":[1952476665,1992013197]}]},{"allowed_amount":0.00,"billing_code_modifier":[""],"providers":[{"billed_charge":61.00,"npi":[1952476665,1992013197]},{"billed_charge":64.00,"npi":[1952476665,1992013197]},{"billed_charge":77.00,"npi":[1952476665,1992013197]},{"billed_charge":125.00,"npi":[1952476665,1992013197]},{"billed_charge":193.00,"npi":[1952476665,1992013197]},{"billed_charge":243.00,"npi":[1952476665,1992013197]},{"billed_charge":314.00,"npi":[1952476665,1992013197]},{"billed_charge":479.00,"npi":[1952476665,1992013197]},{"billed_charge":647.00,"npi":[1952476665,1992013197]}]},{"allowed_amount":0.00,"billing_code_modifier":[""],"providers":[{"billed_charge":61.00,"npi":[1952476665,1992013197]},{"billed_charge":64.00,"npi":[1952476665,1992013197]},{"billed_charge":77.00,"npi":[1952476665,1992013197]},{"billed_charge":125.00,"npi":[1952476665,1992013197]},{"billed_charge":193.00,"npi":[1952476665,1992013197]},{"billed_charge":243.00,"npi":[1952476665,1992013197]},{"billed_charge":314.00,"npi":[1952476665,1992013197]},{"billed_charge":479.00,"npi":[1952476665,1992013197]},{"billed_charge":647.00,"npi":[1952476665,1992013197]}]},{"allowed_amount":0.00,"billing_code_modifier":[""],"providers":[{"billed_charge":61.00,"npi":[1952476665,1992013197]},{"billed_charge":64.00,"npi":[1952476665,1992013197]},{"billed_charge":77.00,"npi":[1952476665,1992013197]},{"billed_charge":125.00,"npi":[1952476665,1992013197]},{"billed_charge":193.00,"npi":[1952476665,1992013197]},{"billed_charge":243.00,"npi":[1952476665,1992013197]},{"billed_charge":314.00,"npi":[1952476665,1992013197]},{"billed_charge":479.00,"npi":[1952476665,1992013197]},{"billed_charge":647.00,"npi":[1952476665,1992013197]}]},{"allowed_amount":0.00,"billing_code_modifier":[""],"providers":[{"billed_charge":61.00,"npi":[1952476665,1992013197]},{"billed_charge":64.00,"npi":[1952476665,1992013197]},{"billed_charge":77.00,"npi":[1952476665,1992013197]},{"billed_charge":125.00,"npi":[1952476665,1992013197]},{"billed_charge":193.00,"npi":[1952476665,1992013197]},{"billed_charge":243.00,"npi":[1952476665,1992013197]},{"billed_charge":314.00,"npi":[1952476665,1992013197]},{"billed_charge":479.00,"npi":[1952476665,1992013197]},{"billed_charge":647.00,"npi":[1952476665,1992013197]}]},{"allowed_amount":0.00,"billing_code_modifier":[""],"providers":[{"billed_charge":61.00,"npi":[1952476665,1992013197]},{"billed_charge":64.00,"npi":[1952476665,1992013197]},{"billed_charge":77.00,"npi":[1952476665,1992013197]},{"billed_charge":125.00,"npi":[1952476665,1992013197]},{"billed_charge":193.00,"npi":[1952476665,1992013197]},{"billed_charge":243.00,"npi":[1952476665,1992013197]},{"billed_charge":314.00,"npi":[1952476665,1992013197]},{"billed_charge":479.00,"npi":[1952476665,1992013197]},{"billed_charge":647.00,"npi":[1952476665,1992013197]}]},{"allowed_amount":0.00,"billing_code_modifier":[""],"providers":[{"billed_charge":61.00,"npi":[1952476665,1992013197]},{"billed_charge":64.00,"npi":[1952476665,1992013197]},{"billed_charge":77.00,"npi":[1952476665,1992013197]},{"billed_charge":125.00,"npi":[1952476665,1992013197]},{"billed_charge":193.00,"npi":[1952476665,1992013197]},{"billed_charge":243.00,"npi":[1952476665,1992013197]},{"billed_charge":314.00,"npi":[1952476665,1992013197]},{"billed_charge":479.00,"npi":[1952476665,1992013197]},{"billed_charge":647.00,"npi":[1952476665,1992013197]}]},{"allowed_amount":0.00,"billing_code_modifier":[""],"providers":[{"billed_charge":61.00,"npi":[1952476665,1992013197]},{"billed_charge":64.00,"npi":[1952476665,1992013197]},{"billed_charge":77.00,"npi":[1952476665,1992013197]},{"billed_charge":125.00,"npi":[1952476665,1992013197]},{"billed_charge":193.00,"npi":[1952476665,1992013197]},{"billed_charge":243.00,"npi":[1952476665,1992013197]},{"billed_charge":314.00,"npi":[1952476665,1992013197]},{"billed_charge":479.00,"npi":[1952476665,1992013197]},{"billed_charge":647.00,"npi":[1952476665,1992013197]}]}]},{"tin":{"type":"ein","value":"941105628"},"service_code":["23"],"billing_class":"institutional","payments":[{"allowed_amount":0.00,"billing_code_modifier":[""],"providers":[{"billed_charge":61.00,"npi":[1952476665,1992013197]},{"billed_charge":64.00,"npi":[1952476665,1992013197]},{"billed_charge":77.00,"npi":[1952476665,1992013197]},{"billed_charge":125.00,"npi":[1952476665,1992013197]},{"billed_charge":193.00,"npi":[1952476665,1992013197]},{"billed_charge":243.00,"npi":[1952476665,1992013197]},{"billed_charge":314.00,"npi":[1952476665,1992013197]},{"billed_charge":479.00,"npi":[1952476665,1992013197]},{"billed_charge":647.00,"npi":[1952476665,1992013197]}]},{"allowed_amount":0.00,"billing_code_modifier":[""],"providers":[{"billed_charge":61.00,"npi":[1952476665,1992013197]},{"billed_charge":64.00,"npi":[1952476665,1992013197]},{"billed_charge":77.00,"npi":[1952476665,1992013197]},{"billed_charge":125.00,"npi":[1952476665,1992013197]},{"billed_charge":193.00,"npi":[1952476665,1992013197]},{"billed_charge":243.00,"npi":[1952476665,1992013197]},{"billed_charge":314.00,"npi":[1952476665,1992013197]},{"billed_charge":479.00,"npi":[1952476665,1992013197]},{"billed_charge":647.00,"npi":[1952476665,1992013197]}]},{"allowed_amount":0.00,"billing_code_modifier":[""],"providers":[{"billed_charge":61.00,"npi":[1952476665,1992013197]},{"billed_charge":64.00,"npi":[1952476665,1992013197]},{"billed_charge":77.00,"npi":[1952476665,1992013197]},{"billed_charge":125.00,"npi":[1952476665,1992013197]},{"billed_charge":193.00,"npi":[1952476665,1992013197]},{"billed_charge":243.00,"npi":[1952476665,1992013197]},{"billed_charge":314.00,"npi":[1952476665,1992013197]},{"billed_charge":479.00,"npi":[1952476665,1992013197]},{"billed_charge":647.00,"npi":[1952476665,1992013197]}]},{"allowed_amount":0.00,"billing_code_modifier":[""],"providers":[{"billed_charge":61.00,"npi":[1952476665,1992013197]},{"billed_charge":64.00,"npi":[1952476665,1992013197]},{"billed_charge":77.00,"npi":[1952476665,1992013197]},{"billed_charge":125.00,"npi":[1952476665,1992013197]},{"billed_charge":193.00,"npi":[1952476665,1992013197]},{"billed_charge":243.00,"npi":[1952476665,1992013197]},{"billed_charge":314.00,"npi":[1952476665,1992013197]},{"billed_charge":479.00,"npi":[1952476665,1992013197]},{"billed_charge":647.00,"npi":[1952476665,1992013197]}]},{"allowed_amount":0.00,"billing_code_modifier":[""],"providers":[{"billed_charge":61.00,"npi":[1952476665,1992013197]},{"billed_charge":64.00,"npi":[1952476665,1992013197]},{"billed_charge":77.00,"npi":[1952476665,1992013197]},{"billed_charge":125.00,"npi":[1952476665,1992013197]},{"billed_charge":193.00,"npi":[1952476665,1992013197]},{"billed_charge":243.00,"npi":[1952476665,1992013197]},{"billed_charge":314.00,"npi":[1952476665,1992013197]},{"billed_charge":479.00,"npi":[1952476665,1992013197]},{"billed_charge":647.00,"npi":[1952476665,1992013197]}]},{"allowed_amount":0.00,"billing_code_modifier":[""],"providers":[{"billed_charge":61.00,"npi":[1952476665,1992013197]},{"billed_charge":64.00,"npi":[1952476665,1992013197]},{"billed_charge":77.00,"npi":[1952476665,1992013197]},{"billed_charge":125.00,"npi":[1952476665,1992013197]},{"billed_charge":193.00,"npi":[1952476665,1992013197]},{"billed_charge":243.00,"npi":[1952476665,1992013197]},{"billed_charge":314.00,"npi":[1952476665,1992013197]},{"billed_charge":479.00,"npi":[1952476665,1992013197]},{"billed_charge":647.00,"npi":[1952476665,1992013197]}]},{"allowed_amount":0.00,"billing_code_modifier":[""],"providers":[{"billed_charge":61.00,"npi":[1952476665,1992013197]},{"billed_charge":64.00,"npi":[1952476665,1992013197]},{"billed_charge":77.00,"npi":[1952476665,1992013197]},{"billed_charge":125.00,"npi":[1952476665,1992013197]},{"billed_charge":193.00,"npi":[1952476665,1992013197]},{"billed_charge":243.00,"npi":[1952476665,1992013197]},{"billed_charge":314.00,"npi":[1952476665,1992013197]},{"billed_charge":479.00,"npi":[1952476665,1992013197]},{"billed_charge":647.00,"npi":[1952476665,1992013197]}]},{"allowed_amount":0.00,"billing_code_modifier":[""],"providers":[{"billed_charge":61.00,"npi":[1952476665,1992013197]},{"billed_charge":64.00,"npi":[1952476665,1992013197]},{"billed_charge":77.00,"npi":[1952476665,1992013197]},{"billed_charge":125.00,"npi":[1952476665,1992013197]},{"billed_charge":193.00,"npi":[1952476665,1992013197]},{"billed_charge":243.00,"npi":[1952476665,1992013197]},{"billed_charge":314.00,"npi":[1952476665,1992013197]},{"billed_charge":479.00,"npi":[1952476665,1992013197]},{"billed_charge":647.00,"npi":[1952476665,1992013197]}]},{"allowed_amount":0.00,"billing_code_modifier":[""],"providers":[{"billed_charge":61.00,"npi":[1952476665,1992013197]},{"billed_charge":64.00,"npi":[1952476665,1992013197]},{"billed_charge":77.00,"npi":[1952476665,1992013197]},{"billed_charge":125.00,"npi":[1952476665,1992013197]},{"billed_charge":193.00,"npi":[1952476665,1992013197]},{"billed_charge":243.00,"npi":[1952476665,1992013197]},{"billed_charge":314.00,"npi":[1952476665,1992013197]},{"billed_charge":479.00,"npi":[1952476665,1992013197]},{"billed_charge":647.00,"npi":[1952476665,1992013197]}]}]}]},{"name":"SARS-COV-2 COVID-19 AMP PRB HTT","billing_code_type":"HCPCS","billing_code_type_version":"HCPCS LEVEL II 2021","billing_code":"U0003","description":"SARS-COV-2 COVID-19 AMP PRB HTT","allowed_amounts":[{"tin":{"type":"ein","value":"133757370"},"service_code":["81"],"billing_class":"professional","payments":[{"allowed_amount":75.00,"billing_code_modifier":[""],"providers":[{"billed_charge":100.00,"npi":[1730120122,1750368700]}]}]},{"tin":{"type":"ein","value":"472462178"},"service_code":["81"],"billing_class":"professional","payments":[{"allowed_amount":125.00,"billing_code_modifier":[""],"providers":[{"billed_charge":250.00,"npi":[1114183555,1144731605,1174824726,1467854497,1639311509]}]}]},{"tin":{"type":"ein","value":"475502891"},"service_code":["81"],"billing_class":"professional","payments":[{"allowed_amount":75.00,"billing_code_modifier":[""],"providers":[{"billed_charge":285.00,"npi":[1851992127,1902840283]}]}]},{"tin":{"type":"ein","value":"621637129"},"service_code":["81"],"billing_class":"professional","payments":[{"allowed_amount":75.00,"billing_code_modifier":[""],"providers":[{"billed_charge":150.00,"npi":[1467433292,1528569357]}]}]},{"tin":{"type":"ein","value":"743204993"},"service_code":["81"],"billing_class":"professional","payments":[{"allowed_amount":55.00,"billing_code_modifier":[""],"providers":[{"billed_charge":55.00,"npi":[1689281784,1972697324]}]}]},{"tin":{"type":"ein","value":"820973231"},"service_code":["81"],"billing_class":"professional","payments":[{"allowed_amount":75.00,"billing_code_modifier":[""],"providers":[{"billed_charge":195.00,"npi":[1174674352,1205362522]}]}]},{"tin":{"type":"ein","value":"823072457"},"service_code":["81"],"billing_class":"professional","payments":[{"allowed_amount":75.00,"billing_code_modifier":[""],"providers":[{"billed_charge":200.00,"npi":[1134606171,1902812878]}]}]},{"tin":{"type":"ein","value":"852364612"},"service_code":["81"],"billing_class":"professional","payments":[{"allowed_amount":75.00,"billing_code_modifier":[""],"providers":[{"billed_charge":225.00,"npi":[1740685387,1790386746]}]}]},{"tin":{"type":"ein","value":"873685400"},"service_code":["81"],"billing_class":"professional","payments":[{"allowed_amount":75.00,"billing_code_modifier":[""],"providers":[{"billed_charge":250.00,"npi":[1093222895,1518624691]}]}]},{"tin":{"type":"ein","value":"873871103"},"service_code":["81"],"billing_class":"professional","payments":[{"allowed_amount":75.00,"billing_code_modifier":[""],"providers":[{"billed_charge":200.00,"npi":[1285892364,1619621497]}]}]},{"tin":{"type":"ein","value":"880241758"},"service_code":["81"],"billing_class":"professional","payments":[{"allowed_amount":75.00,"billing_code_modifier":[""],"providers":[{"billed_charge":100.00,"npi":[1124417357,1639279417]}]}]},{"tin":{"type":"ein","value":"942728480"},"service_code":["81"],"billing_class":"professional","payments":[{"allowed_amount":75.00,"billing_code_modifier":[""],"providers":[{"billed_charge":199.00,"npi":[1083777163,1700225968]}]}]}]},{"name":"SPECIMEN COLLECT COVID-19","billing_code_type":"HCPCS","billing_code_type_version":"HCPCS LEVEL II 2021","billing_code":"G2023","description":"SPECIMEN COLLECT COVID-19","allowed_amounts":[{"tin":{"type":"ein","value":"475502891"},"service_code":["81"],"billing_class":"professional","payments":[{"allowed_amount":0.00,"billing_code_modifier":[""],"providers":[{"billed_charge":50.00,"npi":[1851992127,1902840283]}]}]},{"tin":{"type":"ein","value":"820973231"},"service_code":["81"],"billing_class":"professional","payments":[{"allowed_amount":0.00,"billing_code_modifier":[""],"providers":[{"billed_charge":65.00,"npi":[1174674352,1205362522]}]}]},{"tin":{"type":"ein","value":"823438908"},"service_code":["11"],"billing_class":"professional","payments":[{"allowed_amount":0.00,"billing_code_modifier":[""],"providers":[{"billed_charge":70.38,"npi":[1114431087,1881089910]}]}]},{"tin":{"type":"ein","value":"831342609"},"service_code":["81"],"billing_class":"professional","payments":[{"allowed_amount":0.00,"billing_code_modifier":[""],"providers":[{"billed_charge":50.00,"npi":[1073101028,1487815387]}]}]},{"tin":{"type":"ein","value":"842515383"},"service_code":["81"],"billing_class":"professional","payments":[{"allowed_amount":0.00,"billing_code_modifier":[""],"providers":[{"billed_charge":76.00,"npi":[1770137754]}]}]},{"tin":{"type":"ein","value":"872072799"},"service_code":["81"],"billing_class":"professional","payments":[{"allowed_amount":0.00,"billing_code_modifier":[""],"providers":[{"billed_charge":50.00,"npi":[1063181774,1184640302]}]}]},{"tin":{"type":"ein","value":"990370089"},"service_code":["81"],"billing_class":"professional","payments":[{"allowed_amount":0.00,"billing_code_modifier":[""],"providers":[{"billed_charge":46.92,"npi":[1124233184,1265897078,1750798682]}]}]}]}]}
