{"reporting_entity_name": "IEC Group_DBA AmeriBen",
	"reporting_entity_type": "Third Party Administrator",
	"plan_name": "ARIZONA LOCAL GOVERNMENT EBT",
	"plan_id_type": "ein",
	"plan_id": "",
	"plan_market_type": "group",
	"last_updated_on": "2022-08-31","Version": "1.0.0","out_of_network":[{"name":"DRUGS REQUIRE SPECIFIC ID: DRUGS REQUIRING DETAIL","billing_code_type":"RC","billing_code_type_version":"UB04","billing_code":"0636","description":"DRUGS REQUIRE SPECIFIC ID: DRUGS REQUIRING DETAIL","allowed_amounts":[{"tin":{"type":"ein","value":"263105284"},"service_code":["65"],"billing_class":"institutional","payments":[{"allowed_amount":0.00,"billing_code_modifier":[""],"providers":[{"billed_charge":1295.46,"npi":[1497733810,1710137534]}]}]},{"tin":{"type":"ein","value":"621762537"},"service_code":["23"],"billing_class":"institutional","payments":[{"allowed_amount":0.00,"billing_code_modifier":[""],"providers":[{"billed_charge":21.00,"npi":[1861439952]},{"billed_charge":82.00,"npi":[1861439952]},{"billed_charge":123.00,"npi":[1861439952]},{"billed_charge":491.00,"npi":[1861439952]}]},{"allowed_amount":0.00,"billing_code_modifier":[""],"providers":[{"billed_charge":21.00,"npi":[1861439952]},{"billed_charge":82.00,"npi":[1861439952]},{"billed_charge":123.00,"npi":[1861439952]},{"billed_charge":491.00,"npi":[1861439952]}]},{"allowed_amount":0.00,"billing_code_modifier":[""],"providers":[{"billed_charge":21.00,"npi":[1861439952]},{"billed_charge":82.00,"npi":[1861439952]},{"billed_charge":123.00,"npi":[1861439952]},{"billed_charge":491.00,"npi":[1861439952]}]},{"allowed_amount":0.00,"billing_code_modifier":[""],"providers":[{"billed_charge":21.00,"npi":[1861439952]},{"billed_charge":82.00,"npi":[1861439952]},{"billed_charge":123.00,"npi":[1861439952]},{"billed_charge":491.00,"npi":[1861439952]}]}]},{"tin":{"type":"ein","value":"621762537"},"service_code":["23"],"billing_class":"institutional","payments":[{"allowed_amount":0.00,"billing_code_modifier":[""],"providers":[{"billed_charge":21.00,"npi":[1861439952]},{"billed_charge":82.00,"npi":[1861439952]},{"billed_charge":123.00,"npi":[1861439952]},{"billed_charge":491.00,"npi":[1861439952]}]},{"allowed_amount":0.00,"billing_code_modifier":[""],"providers":[{"billed_charge":21.00,"npi":[1861439952]},{"billed_charge":82.00,"npi":[1861439952]},{"billed_charge":123.00,"npi":[1861439952]},{"billed_charge":491.00,"npi":[1861439952]}]},{"allowed_amount":0.00,"billing_code_modifier":[""],"providers":[{"billed_charge":21.00,"npi":[1861439952]},{"billed_charge":82.00,"npi":[1861439952]},{"billed_charge":123.00,"npi":[1861439952]},{"billed_charge":491.00,"npi":[1861439952]}]},{"allowed_amount":0.00,"billing_code_modifier":[""],"providers":[{"billed_charge":21.00,"npi":[1861439952]},{"billed_charge":82.00,"npi":[1861439952]},{"billed_charge":123.00,"npi":[1861439952]},{"billed_charge":491.00,"npi":[1861439952]}]}]},{"tin":{"type":"ein","value":"621762537"},"service_code":["23"],"billing_class":"institutional","payments":[{"allowed_amount":0.00,"billing_code_modifier":[""],"providers":[{"billed_charge":21.00,"npi":[1861439952]},{"billed_charge":82.00,"npi":[1861439952]},{"billed_charge":123.00,"npi":[1861439952]},{"billed_charge":491.00,"npi":[1861439952]}]},{"allowed_amount":0.00,"billing_code_modifier":[""],"providers":[{"billed_charge":21.00,"npi":[1861439952]},{"billed_charge":82.00,"npi":[1861439952]},{"billed_charge":123.00,"npi":[1861439952]},{"billed_charge":491.00,"npi":[1861439952]}]},{"allowed_amount":0.00,"billing_code_modifier":[""],"providers":[{"billed_charge":21.00,"npi":[1861439952]},{"billed_charge":82.00,"npi":[1861439952]},{"billed_charge":123.00,"npi":[1861439952]},{"billed_charge":491.00,"npi":[1861439952]}]},{"allowed_amount":0.00,"billing_code_modifier":[""],"providers":[{"billed_charge":21.00,"npi":[1861439952]},{"billed_charge":82.00,"npi":[1861439952]},{"billed_charge":123.00,"npi":[1861439952]},{"billed_charge":491.00,"npi":[1861439952]}]}]},{"tin":{"type":"ein","value":"621762537"},"service_code":["23"],"billing_class":"institutional","payments":[{"allowed_amount":0.00,"billing_code_modifier":[""],"providers":[{"billed_charge":21.00,"npi":[1861439952]},{"billed_charge":82.00,"npi":[1861439952]},{"billed_charge":123.00,"npi":[1861439952]},{"billed_charge":491.00,"npi":[1861439952]}]},{"allowed_amount":0.00,"billing_code_modifier":[""],"providers":[{"billed_charge":21.00,"npi":[1861439952]},{"billed_charge":82.00,"npi":[1861439952]},{"billed_charge":123.00,"npi":[1861439952]},{"billed_charge":491.00,"npi":[1861439952]}]},{"allowed_amount":0.00,"billing_code_modifier":[""],"providers":[{"billed_charge":21.00,"npi":[1861439952]},{"billed_charge":82.00,"npi":[1861439952]},{"billed_charge":123.00,"npi":[1861439952]},{"billed_charge":491.00,"npi":[1861439952]}]},{"allowed_amount":0.00,"billing_code_modifier":[""],"providers":[{"billed_charge":21.00,"npi":[1861439952]},{"billed_charge":82.00,"npi":[1861439952]},{"billed_charge":123.00,"npi":[1861439952]},{"billed_charge":491.00,"npi":[1861439952]}]}]}]},{"name":"FAMILY PSYCHOTHERAPY W\/PATIENT PRESENT 50 MINS","billing_code_type":"CPT","billing_code_type_version":"2020","billing_code":"90847","description":"FAMILY PSYCHOTHERAPY W\/PATIENT PRESENT 50 MINS","allowed_amounts":[{"tin":{"type":"ein","value":"860350153"},"service_code":["11"],"billing_class":"professional","payments":[{"allowed_amount":75.53,"billing_code_modifier":[""],"providers":[{"billed_charge":179.25,"npi":[1417218876,1609966860,1699355800]}]}]}]},{"name":"LABORATORY - CLINICAL DIAGNOSTIC","billing_code_type":"RC","billing_code_type_version":"UB04","billing_code":"0300","description":"LABORATORY - CLINICAL DIAGNOSTIC","allowed_amounts":[{"tin":{"type":"ein","value":"860817397"},"service_code":["22"],"billing_class":"institutional","payments":[{"allowed_amount":160.00,"billing_code_modifier":[""],"providers":[{"billed_charge":200.00,"npi":[1114003183,1245792522,1255755997,1346218351,1477876639]}]}]}]},{"name":"LABORATORY - CLINICAL DIAGNOSTIC: CHEMISTRY","billing_code_type":"RC","billing_code_type_version":"UB04","billing_code":"0301","description":"LABORATORY - CLINICAL DIAGNOSTIC: CHEMISTRY","allowed_amounts":[{"tin":{"type":"ein","value":"263105284"},"service_code":["65"],"billing_class":"institutional","payments":[{"allowed_amount":0.00,"billing_code_modifier":[""],"providers":[{"billed_charge":187.13,"npi":[1497733810,1710137534]},{"billed_charge":200.09,"npi":[1497733810,1710137534]},{"billed_charge":236.86,"npi":[1497733810,1710137534]},{"billed_charge":249.03,"npi":[1497733810,1710137534]},{"billed_charge":259.11,"npi":[1497733810,1710137534]},{"billed_charge":297.98,"npi":[1497733810,1710137534]},{"billed_charge":321.00,"npi":[1497733810,1710137534]},{"billed_charge":400.18,"npi":[1497733810,1710137534]},{"billed_charge":781.63,"npi":[1497733810,1710137534]},{"billed_charge":2432.71,"npi":[1497733810,1710137534]}]},{"allowed_amount":0.00,"billing_code_modifier":[""],"providers":[{"billed_charge":187.13,"npi":[1497733810,1710137534]},{"billed_charge":200.09,"npi":[1497733810,1710137534]},{"billed_charge":236.86,"npi":[1497733810,1710137534]},{"billed_charge":249.03,"npi":[1497733810,1710137534]},{"billed_charge":259.11,"npi":[1497733810,1710137534]},{"billed_charge":297.98,"npi":[1497733810,1710137534]},{"billed_charge":321.00,"npi":[1497733810,1710137534]},{"billed_charge":400.18,"npi":[1497733810,1710137534]},{"billed_charge":781.63,"npi":[1497733810,1710137534]},{"billed_charge":2432.71,"npi":[1497733810,1710137534]}]},{"allowed_amount":0.00,"billing_code_modifier":[""],"providers":[{"billed_charge":187.13,"npi":[1497733810,1710137534]},{"billed_charge":200.09,"npi":[1497733810,1710137534]},{"billed_charge":236.86,"npi":[1497733810,1710137534]},{"billed_charge":249.03,"npi":[1497733810,1710137534]},{"billed_charge":259.11,"npi":[1497733810,1710137534]},{"billed_charge":297.98,"npi":[1497733810,1710137534]},{"billed_charge":321.00,"npi":[1497733810,1710137534]},{"billed_charge":400.18,"npi":[1497733810,1710137534]},{"billed_charge":781.63,"npi":[1497733810,1710137534]},{"billed_charge":2432.71,"npi":[1497733810,1710137534]}]},{"allowed_amount":0.00,"billing_code_modifier":[""],"providers":[{"billed_charge":187.13,"npi":[1497733810,1710137534]},{"billed_charge":200.09,"npi":[1497733810,1710137534]},{"billed_charge":236.86,"npi":[1497733810,1710137534]},{"billed_charge":249.03,"npi":[1497733810,1710137534]},{"billed_charge":259.11,"npi":[1497733810,1710137534]},{"billed_charge":297.98,"npi":[1497733810,1710137534]},{"billed_charge":321.00,"npi":[1497733810,1710137534]},{"billed_charge":400.18,"npi":[1497733810,1710137534]},{"billed_charge":781.63,"npi":[1497733810,1710137534]},{"billed_charge":2432.71,"npi":[1497733810,1710137534]}]},{"allowed_amount":0.00,"billing_code_modifier":[""],"providers":[{"billed_charge":187.13,"npi":[1497733810,1710137534]},{"billed_charge":200.09,"npi":[1497733810,1710137534]},{"billed_charge":236.86,"npi":[1497733810,1710137534]},{"billed_charge":249.03,"npi":[1497733810,1710137534]},{"billed_charge":259.11,"npi":[1497733810,1710137534]},{"billed_charge":297.98,"npi":[1497733810,1710137534]},{"billed_charge":321.00,"npi":[1497733810,1710137534]},{"billed_charge":400.18,"npi":[1497733810,1710137534]},{"billed_charge":781.63,"npi":[1497733810,1710137534]},{"billed_charge":2432.71,"npi":[1497733810,1710137534]}]},{"allowed_amount":0.00,"billing_code_modifier":[""],"providers":[{"billed_charge":187.13,"npi":[1497733810,1710137534]},{"billed_charge":200.09,"npi":[1497733810,1710137534]},{"billed_charge":236.86,"npi":[1497733810,1710137534]},{"billed_charge":249.03,"npi":[1497733810,1710137534]},{"billed_charge":259.11,"npi":[1497733810,1710137534]},{"billed_charge":297.98,"npi":[1497733810,1710137534]},{"billed_charge":321.00,"npi":[1497733810,1710137534]},{"billed_charge":400.18,"npi":[1497733810,1710137534]},{"billed_charge":781.63,"npi":[1497733810,1710137534]},{"billed_charge":2432.71,"npi":[1497733810,1710137534]}]},{"allowed_amount":0.00,"billing_code_modifier":[""],"providers":[{"billed_charge":187.13,"npi":[1497733810,1710137534]},{"billed_charge":200.09,"npi":[1497733810,1710137534]},{"billed_charge":236.86,"npi":[1497733810,1710137534]},{"billed_charge":249.03,"npi":[1497733810,1710137534]},{"billed_charge":259.11,"npi":[1497733810,1710137534]},{"billed_charge":297.98,"npi":[1497733810,1710137534]},{"billed_charge":321.00,"npi":[1497733810,1710137534]},{"billed_charge":400.18,"npi":[1497733810,1710137534]},{"billed_charge":781.63,"npi":[1497733810,1710137534]},{"billed_charge":2432.71,"npi":[1497733810,1710137534]}]},{"allowed_amount":0.00,"billing_code_modifier":[""],"providers":[{"billed_charge":187.13,"npi":[1497733810,1710137534]},{"billed_charge":200.09,"npi":[1497733810,1710137534]},{"billed_charge":236.86,"npi":[1497733810,1710137534]},{"billed_charge":249.03,"npi":[1497733810,1710137534]},{"billed_charge":259.11,"npi":[1497733810,1710137534]},{"billed_charge":297.98,"npi":[1497733810,1710137534]},{"billed_charge":321.00,"npi":[1497733810,1710137534]},{"billed_charge":400.18,"npi":[1497733810,1710137534]},{"billed_charge":781.63,"npi":[1497733810,1710137534]},{"billed_charge":2432.71,"npi":[1497733810,1710137534]}]},{"allowed_amount":0.00,"billing_code_modifier":[""],"providers":[{"billed_charge":187.13,"npi":[1497733810,1710137534]},{"billed_charge":200.09,"npi":[1497733810,1710137534]},{"billed_charge":236.86,"npi":[1497733810,1710137534]},{"billed_charge":249.03,"npi":[1497733810,1710137534]},{"billed_charge":259.11,"npi":[1497733810,1710137534]},{"billed_charge":297.98,"npi":[1497733810,1710137534]},{"billed_charge":321.00,"npi":[1497733810,1710137534]},{"billed_charge":400.18,"npi":[1497733810,1710137534]},{"billed_charge":781.63,"npi":[1497733810,1710137534]},{"billed_charge":2432.71,"npi":[1497733810,1710137534]}]},{"allowed_amount":0.00,"billing_code_modifier":[""],"providers":[{"billed_charge":187.13,"npi":[1497733810,1710137534]},{"billed_charge":200.09,"npi":[1497733810,1710137534]},{"billed_charge":236.86,"npi":[1497733810,1710137534]},{"billed_charge":249.03,"npi":[1497733810,1710137534]},{"billed_charge":259.11,"npi":[1497733810,1710137534]},{"billed_charge":297.98,"npi":[1497733810,1710137534]},{"billed_charge":321.00,"npi":[1497733810,1710137534]},{"billed_charge":400.18,"npi":[1497733810,1710137534]},{"billed_charge":781.63,"npi":[1497733810,1710137534]},{"billed_charge":2432.71,"npi":[1497733810,1710137534]}]}]},{"tin":{"type":"ein","value":"263105284"},"service_code":["65"],"billing_class":"institutional","payments":[{"allowed_amount":0.00,"billing_code_modifier":[""],"providers":[{"billed_charge":187.13,"npi":[1497733810,1710137534]},{"billed_charge":200.09,"npi":[1497733810,1710137534]},{"billed_charge":236.86,"npi":[1497733810,1710137534]},{"billed_charge":249.03,"npi":[1497733810,1710137534]},{"billed_charge":259.11,"npi":[1497733810,1710137534]},{"billed_charge":297.98,"npi":[1497733810,1710137534]},{"billed_charge":321.00,"npi":[1497733810,1710137534]},{"billed_charge":400.18,"npi":[1497733810,1710137534]},{"billed_charge":781.63,"npi":[1497733810,1710137534]},{"billed_charge":2432.71,"npi":[1497733810,1710137534]}]},{"allowed_amount":0.00,"billing_code_modifier":[""],"providers":[{"billed_charge":187.13,"npi":[1497733810,1710137534]},{"billed_charge":200.09,"npi":[1497733810,1710137534]},{"billed_charge":236.86,"npi":[1497733810,1710137534]},{"billed_charge":249.03,"npi":[1497733810,1710137534]},{"billed_charge":259.11,"npi":[1497733810,1710137534]},{"billed_charge":297.98,"npi":[1497733810,1710137534]},{"billed_charge":321.00,"npi":[1497733810,1710137534]},{"billed_charge":400.18,"npi":[1497733810,1710137534]},{"billed_charge":781.63,"npi":[1497733810,1710137534]},{"billed_charge":2432.71,"npi":[1497733810,1710137534]}]},{"allowed_amount":0.00,"billing_code_modifier":[""],"providers":[{"billed_charge":187.13,"npi":[1497733810,1710137534]},{"billed_charge":200.09,"npi":[1497733810,1710137534]},{"billed_charge":236.86,"npi":[1497733810,1710137534]},{"billed_charge":249.03,"npi":[1497733810,1710137534]},{"billed_charge":259.11,"npi":[1497733810,1710137534]},{"billed_charge":297.98,"npi":[1497733810,1710137534]},{"billed_charge":321.00,"npi":[1497733810,1710137534]},{"billed_charge":400.18,"npi":[1497733810,1710137534]},{"billed_charge":781.63,"npi":[1497733810,1710137534]},{"billed_charge":2432.71,"npi":[1497733810,1710137534]}]},{"allowed_amount":0.00,"billing_code_modifier":[""],"providers":[{"billed_charge":187.13,"npi":[1497733810,1710137534]},{"billed_charge":200.09,"npi":[1497733810,1710137534]},{"billed_charge":236.86,"npi":[1497733810,1710137534]},{"billed_charge":249.03,"npi":[1497733810,1710137534]},{"billed_charge":259.11,"npi":[1497733810,1710137534]},{"billed_charge":297.98,"npi":[1497733810,1710137534]},{"billed_charge":321.00,"npi":[1497733810,1710137534]},{"billed_charge":400.18,"npi":[1497733810,1710137534]},{"billed_charge":781.63,"npi":[1497733810,1710137534]},{"billed_charge":2432.71,"npi":[1497733810,1710137534]}]},{"allowed_amount":0.00,"billing_code_modifier":[""],"providers":[{"billed_charge":187.13,"npi":[1497733810,1710137534]},{"billed_charge":200.09,"npi":[1497733810,1710137534]},{"billed_charge":236.86,"npi":[1497733810,1710137534]},{"billed_charge":249.03,"npi":[1497733810,1710137534]},{"billed_charge":259.11,"npi":[1497733810,1710137534]},{"billed_charge":297.98,"npi":[1497733810,1710137534]},{"billed_charge":321.00,"npi":[1497733810,1710137534]},{"billed_charge":400.18,"npi":[1497733810,1710137534]},{"billed_charge":781.63,"npi":[1497733810,1710137534]},{"billed_charge":2432.71,"npi":[1497733810,1710137534]}]},{"allowed_amount":0.00,"billing_code_modifier":[""],"providers":[{"billed_charge":187.13,"npi":[1497733810,1710137534]},{"billed_charge":200.09,"npi":[1497733810,1710137534]},{"billed_charge":236.86,"npi":[1497733810,1710137534]},{"billed_charge":249.03,"npi":[1497733810,1710137534]},{"billed_charge":259.11,"npi":[1497733810,1710137534]},{"billed_charge":297.98,"npi":[1497733810,1710137534]},{"billed_charge":321.00,"npi":[1497733810,1710137534]},{"billed_charge":400.18,"npi":[1497733810,1710137534]},{"billed_charge":781.63,"npi":[1497733810,1710137534]},{"billed_charge":2432.71,"npi":[1497733810,1710137534]}]},{"allowed_amount":0.00,"billing_code_modifier":[""],"providers":[{"billed_charge":187.13,"npi":[1497733810,1710137534]},{"billed_charge":200.09,"npi":[1497733810,1710137534]},{"billed_charge":236.86,"npi":[1497733810,1710137534]},{"billed_charge":249.03,"npi":[1497733810,1710137534]},{"billed_charge":259.11,"npi":[1497733810,1710137534]},{"billed_charge":297.98,"npi":[1497733810,1710137534]},{"billed_charge":321.00,"npi":[1497733810,1710137534]},{"billed_charge":400.18,"npi":[1497733810,1710137534]},{"billed_charge":781.63,"npi":[1497733810,1710137534]},{"billed_charge":2432.71,"npi":[1497733810,1710137534]}]},{"allowed_amount":0.00,"billing_code_modifier":[""],"providers":[{"billed_charge":187.13,"npi":[1497733810,1710137534]},{"billed_charge":200.09,"npi":[1497733810,1710137534]},{"billed_charge":236.86,"npi":[1497733810,1710137534]},{"billed_charge":249.03,"npi":[1497733810,1710137534]},{"billed_charge":259.11,"npi":[1497733810,1710137534]},{"billed_charge":297.98,"npi":[1497733810,1710137534]},{"billed_charge":321.00,"npi":[1497733810,1710137534]},{"billed_charge":400.18,"npi":[1497733810,1710137534]},{"billed_charge":781.63,"npi":[1497733810,1710137534]},{"billed_charge":2432.71,"npi":[1497733810,1710137534]}]},{"allowed_amount":0.00,"billing_code_modifier":[""],"providers":[{"billed_charge":187.13,"npi":[1497733810,1710137534]},{"billed_charge":200.09,"npi":[1497733810,1710137534]},{"billed_charge":236.86,"npi":[1497733810,1710137534]},{"billed_charge":249.03,"npi":[1497733810,1710137534]},{"billed_charge":259.11,"npi":[1497733810,1710137534]},{"billed_charge":297.98,"npi":[1497733810,1710137534]},{"billed_charge":321.00,"npi":[1497733810,1710137534]},{"billed_charge":400.18,"npi":[1497733810,1710137534]},{"billed_charge":781.63,"npi":[1497733810,1710137534]},{"billed_charge":2432.71,"npi":[1497733810,1710137534]}]},{"allowed_amount":0.00,"billing_code_modifier":[""],"providers":[{"billed_charge":187.13,"npi":[1497733810,1710137534]},{"billed_charge":200.09,"npi":[1497733810,1710137534]},{"billed_charge":236.86,"npi":[1497733810,1710137534]},{"billed_charge":249.03,"npi":[1497733810,1710137534]},{"billed_charge":259.11,"npi":[1497733810,1710137534]},{"billed_charge":297.98,"npi":[1497733810,1710137534]},{"billed_charge":321.00,"npi":[1497733810,1710137534]},{"billed_charge":400.18,"npi":[1497733810,1710137534]},{"billed_charge":781.63,"npi":[1497733810,1710137534]},{"billed_charge":2432.71,"npi":[1497733810,1710137534]}]}]},{"tin":{"type":"ein","value":"263105284"},"service_code":["65"],"billing_class":"institutional","payments":[{"allowed_amount":0.00,"billing_code_modifier":[""],"providers":[{"billed_charge":187.13,"npi":[1497733810,1710137534]},{"billed_charge":200.09,"npi":[1497733810,1710137534]},{"billed_charge":236.86,"npi":[1497733810,1710137534]},{"billed_charge":249.03,"npi":[1497733810,1710137534]},{"billed_charge":259.11,"npi":[1497733810,1710137534]},{"billed_charge":297.98,"npi":[1497733810,1710137534]},{"billed_charge":321.00,"npi":[1497733810,1710137534]},{"billed_charge":400.18,"npi":[1497733810,1710137534]},{"billed_charge":781.63,"npi":[1497733810,1710137534]},{"billed_charge":2432.71,"npi":[1497733810,1710137534]}]},{"allowed_amount":0.00,"billing_code_modifier":[""],"providers":[{"billed_charge":187.13,"npi":[1497733810,1710137534]},{"billed_charge":200.09,"npi":[1497733810,1710137534]},{"billed_charge":236.86,"npi":[1497733810,1710137534]},{"billed_charge":249.03,"npi":[1497733810,1710137534]},{"billed_charge":259.11,"npi":[1497733810,1710137534]},{"billed_charge":297.98,"npi":[1497733810,1710137534]},{"billed_charge":321.00,"npi":[1497733810,1710137534]},{"billed_charge":400.18,"npi":[1497733810,1710137534]},{"billed_charge":781.63,"npi":[1497733810,1710137534]},{"billed_charge":2432.71,"npi":[1497733810,1710137534]}]},{"allowed_amount":0.00,"billing_code_modifier":[""],"providers":[{"billed_charge":187.13,"npi":[1497733810,1710137534]},{"billed_charge":200.09,"npi":[1497733810,1710137534]},{"billed_charge":236.86,"npi":[1497733810,1710137534]},{"billed_charge":249.03,"npi":[1497733810,1710137534]},{"billed_charge":259.11,"npi":[1497733810,1710137534]},{"billed_charge":297.98,"npi":[1497733810,1710137534]},{"billed_charge":321.00,"npi":[1497733810,1710137534]},{"billed_charge":400.18,"npi":[1497733810,1710137534]},{"billed_charge":781.63,"npi":[1497733810,1710137534]},{"billed_charge":2432.71,"npi":[1497733810,1710137534]}]},{"allowed_amount":0.00,"billing_code_modifier":[""],"providers":[{"billed_charge":187.13,"npi":[1497733810,1710137534]},{"billed_charge":200.09,"npi":[1497733810,1710137534]},{"billed_charge":236.86,"npi":[1497733810,1710137534]},{"billed_charge":249.03,"npi":[1497733810,1710137534]},{"billed_charge":259.11,"npi":[1497733810,1710137534]},{"billed_charge":297.98,"npi":[1497733810,1710137534]},{"billed_charge":321.00,"npi":[1497733810,1710137534]},{"billed_charge":400.18,"npi":[1497733810,1710137534]},{"billed_charge":781.63,"npi":[1497733810,1710137534]},{"billed_charge":2432.71,"npi":[1497733810,1710137534]}]},{"allowed_amount":0.00,"billing_code_modifier":[""],"providers":[{"billed_charge":187.13,"npi":[1497733810,1710137534]},{"billed_charge":200.09,"npi":[1497733810,1710137534]},{"billed_charge":236.86,"npi":[1497733810,1710137534]},{"billed_charge":249.03,"npi":[1497733810,1710137534]},{"billed_charge":259.11,"npi":[1497733810,1710137534]},{"billed_charge":297.98,"npi":[1497733810,1710137534]},{"billed_charge":321.00,"npi":[1497733810,1710137534]},{"billed_charge":400.18,"npi":[1497733810,1710137534]},{"billed_charge":781.63,"npi":[1497733810,1710137534]},{"billed_charge":2432.71,"npi":[1497733810,1710137534]}]},{"allowed_amount":0.00,"billing_code_modifier":[""],"providers":[{"billed_charge":187.13,"npi":[1497733810,1710137534]},{"billed_charge":200.09,"npi":[1497733810,1710137534]},{"billed_charge":236.86,"npi":[1497733810,1710137534]},{"billed_charge":249.03,"npi":[1497733810,1710137534]},{"billed_charge":259.11,"npi":[1497733810,1710137534]},{"billed_charge":297.98,"npi":[1497733810,1710137534]},{"billed_charge":321.00,"npi":[1497733810,1710137534]},{"billed_charge":400.18,"npi":[1497733810,1710137534]},{"billed_charge":781.63,"npi":[1497733810,1710137534]},{"billed_charge":2432.71,"npi":[1497733810,1710137534]}]},{"allowed_amount":0.00,"billing_code_modifier":[""],"providers":[{"billed_charge":187.13,"npi":[1497733810,1710137534]},{"billed_charge":200.09,"npi":[1497733810,1710137534]},{"billed_charge":236.86,"npi":[1497733810,1710137534]},{"billed_charge":249.03,"npi":[1497733810,1710137534]},{"billed_charge":259.11,"npi":[1497733810,1710137534]},{"billed_charge":297.98,"npi":[1497733810,1710137534]},{"billed_charge":321.00,"npi":[1497733810,1710137534]},{"billed_charge":400.18,"npi":[1497733810,1710137534]},{"billed_charge":781.63,"npi":[1497733810,1710137534]},{"billed_charge":2432.71,"npi":[1497733810,1710137534]}]},{"allowed_amount":0.00,"billing_code_modifier":[""],"providers":[{"billed_charge":187.13,"npi":[1497733810,1710137534]},{"billed_charge":200.09,"npi":[1497733810,1710137534]},{"billed_charge":236.86,"npi":[1497733810,1710137534]},{"billed_charge":249.03,"npi":[1497733810,1710137534]},{"billed_charge":259.11,"npi":[1497733810,1710137534]},{"billed_charge":297.98,"npi":[1497733810,1710137534]},{"billed_charge":321.00,"npi":[1497733810,1710137534]},{"billed_charge":400.18,"npi":[1497733810,1710137534]},{"billed_charge":781.63,"npi":[1497733810,1710137534]},{"billed_charge":2432.71,"npi":[1497733810,1710137534]}]},{"allowed_amount":0.00,"billing_code_modifier":[""],"providers":[{"billed_charge":187.13,"npi":[1497733810,1710137534]},{"billed_charge":200.09,"npi":[1497733810,1710137534]},{"billed_charge":236.86,"npi":[1497733810,1710137534]},{"billed_charge":249.03,"npi":[1497733810,1710137534]},{"billed_charge":259.11,"npi":[1497733810,1710137534]},{"billed_charge":297.98,"npi":[1497733810,1710137534]},{"billed_charge":321.00,"npi":[1497733810,1710137534]},{"billed_charge":400.18,"npi":[1497733810,1710137534]},{"billed_charge":781.63,"npi":[1497733810,1710137534]},{"billed_charge":2432.71,"npi":[1497733810,1710137534]}]},{"allowed_amount":0.00,"billing_code_modifier":[""],"providers":[{"billed_charge":187.13,"npi":[1497733810,1710137534]},{"billed_charge":200.09,"npi":[1497733810,1710137534]},{"billed_charge":236.86,"npi":[1497733810,1710137534]},{"billed_charge":249.03,"npi":[1497733810,1710137534]},{"billed_charge":259.11,"npi":[1497733810,1710137534]},{"billed_charge":297.98,"npi":[1497733810,1710137534]},{"billed_charge":321.00,"npi":[1497733810,1710137534]},{"billed_charge":400.18,"npi":[1497733810,1710137534]},{"billed_charge":781.63,"npi":[1497733810,1710137534]},{"billed_charge":2432.71,"npi":[1497733810,1710137534]}]}]},{"tin":{"type":"ein","value":"263105284"},"service_code":["65"],"billing_class":"institutional","payments":[{"allowed_amount":0.00,"billing_code_modifier":[""],"providers":[{"billed_charge":187.13,"npi":[1497733810,1710137534]},{"billed_charge":200.09,"npi":[1497733810,1710137534]},{"billed_charge":236.86,"npi":[1497733810,1710137534]},{"billed_charge":249.03,"npi":[1497733810,1710137534]},{"billed_charge":259.11,"npi":[1497733810,1710137534]},{"billed_charge":297.98,"npi":[1497733810,1710137534]},{"billed_charge":321.00,"npi":[1497733810,1710137534]},{"billed_charge":400.18,"npi":[1497733810,1710137534]},{"billed_charge":781.63,"npi":[1497733810,1710137534]},{"billed_charge":2432.71,"npi":[1497733810,1710137534]}]},{"allowed_amount":0.00,"billing_code_modifier":[""],"providers":[{"billed_charge":187.13,"npi":[1497733810,1710137534]},{"billed_charge":200.09,"npi":[1497733810,1710137534]},{"billed_charge":236.86,"npi":[1497733810,1710137534]},{"billed_charge":249.03,"npi":[1497733810,1710137534]},{"billed_charge":259.11,"npi":[1497733810,1710137534]},{"billed_charge":297.98,"npi":[1497733810,1710137534]},{"billed_charge":321.00,"npi":[1497733810,1710137534]},{"billed_charge":400.18,"npi":[1497733810,1710137534]},{"billed_charge":781.63,"npi":[1497733810,1710137534]},{"billed_charge":2432.71,"npi":[1497733810,1710137534]}]},{"allowed_amount":0.00,"billing_code_modifier":[""],"providers":[{"billed_charge":187.13,"npi":[1497733810,1710137534]},{"billed_charge":200.09,"npi":[1497733810,1710137534]},{"billed_charge":236.86,"npi":[1497733810,1710137534]},{"billed_charge":249.03,"npi":[1497733810,1710137534]},{"billed_charge":259.11,"npi":[1497733810,1710137534]},{"billed_charge":297.98,"npi":[1497733810,1710137534]},{"billed_charge":321.00,"npi":[1497733810,1710137534]},{"billed_charge":400.18,"npi":[1497733810,1710137534]},{"billed_charge":781.63,"npi":[1497733810,1710137534]},{"billed_charge":2432.71,"npi":[1497733810,1710137534]}]},{"allowed_amount":0.00,"billing_code_modifier":[""],"providers":[{"billed_charge":187.13,"npi":[1497733810,1710137534]},{"billed_charge":200.09,"npi":[1497733810,1710137534]},{"billed_charge":236.86,"npi":[1497733810,1710137534]},{"billed_charge":249.03,"npi":[1497733810,1710137534]},{"billed_charge":259.11,"npi":[1497733810,1710137534]},{"billed_charge":297.98,"npi":[1497733810,1710137534]},{"billed_charge":321.00,"npi":[1497733810,1710137534]},{"billed_charge":400.18,"npi":[1497733810,1710137534]},{"billed_charge":781.63,"npi":[1497733810,1710137534]},{"billed_charge":2432.71,"npi":[1497733810,1710137534]}]},{"allowed_amount":0.00,"billing_code_modifier":[""],"providers":[{"billed_charge":187.13,"npi":[1497733810,1710137534]},{"billed_charge":200.09,"npi":[1497733810,1710137534]},{"billed_charge":236.86,"npi":[1497733810,1710137534]},{"billed_charge":249.03,"npi":[1497733810,1710137534]},{"billed_charge":259.11,"npi":[1497733810,1710137534]},{"billed_charge":297.98,"npi":[1497733810,1710137534]},{"billed_charge":321.00,"npi":[1497733810,1710137534]},{"billed_charge":400.18,"npi":[1497733810,1710137534]},{"billed_charge":781.63,"npi":[1497733810,1710137534]},{"billed_charge":2432.71,"npi":[1497733810,1710137534]}]},{"allowed_amount":0.00,"billing_code_modifier":[""],"providers":[{"billed_charge":187.13,"npi":[1497733810,1710137534]},{"billed_charge":200.09,"npi":[1497733810,1710137534]},{"billed_charge":236.86,"npi":[1497733810,1710137534]},{"billed_charge":249.03,"npi":[1497733810,1710137534]},{"billed_charge":259.11,"npi":[1497733810,1710137534]},{"billed_charge":297.98,"npi":[1497733810,1710137534]},{"billed_charge":321.00,"npi":[1497733810,1710137534]},{"billed_charge":400.18,"npi":[1497733810,1710137534]},{"billed_charge":781.63,"npi":[1497733810,1710137534]},{"billed_charge":2432.71,"npi":[1497733810,1710137534]}]},{"allowed_amount":0.00,"billing_code_modifier":[""],"providers":[{"billed_charge":187.13,"npi":[1497733810,1710137534]},{"billed_charge":200.09,"npi":[1497733810,1710137534]},{"billed_charge":236.86,"npi":[1497733810,1710137534]},{"billed_charge":249.03,"npi":[1497733810,1710137534]},{"billed_charge":259.11,"npi":[1497733810,1710137534]},{"billed_charge":297.98,"npi":[1497733810,1710137534]},{"billed_charge":321.00,"npi":[1497733810,1710137534]},{"billed_charge":400.18,"npi":[1497733810,1710137534]},{"billed_charge":781.63,"npi":[1497733810,1710137534]},{"billed_charge":2432.71,"npi":[1497733810,1710137534]}]},{"allowed_amount":0.00,"billing_code_modifier":[""],"providers":[{"billed_charge":187.13,"npi":[1497733810,1710137534]},{"billed_charge":200.09,"npi":[1497733810,1710137534]},{"billed_charge":236.86,"npi":[1497733810,1710137534]},{"billed_charge":249.03,"npi":[1497733810,1710137534]},{"billed_charge":259.11,"npi":[1497733810,1710137534]},{"billed_charge":297.98,"npi":[1497733810,1710137534]},{"billed_charge":321.00,"npi":[1497733810,1710137534]},{"billed_charge":400.18,"npi":[1497733810,1710137534]},{"billed_charge":781.63,"npi":[1497733810,1710137534]},{"billed_charge":2432.71,"npi":[1497733810,1710137534]}]},{"allowed_amount":0.00,"billing_code_modifier":[""],"providers":[{"billed_charge":187.13,"npi":[1497733810,1710137534]},{"billed_charge":200.09,"npi":[1497733810,1710137534]},{"billed_charge":236.86,"npi":[1497733810,1710137534]},{"billed_charge":249.03,"npi":[1497733810,1710137534]},{"billed_charge":259.11,"npi":[1497733810,1710137534]},{"billed_charge":297.98,"npi":[1497733810,1710137534]},{"billed_charge":321.00,"npi":[1497733810,1710137534]},{"billed_charge":400.18,"npi":[1497733810,1710137534]},{"billed_charge":781.63,"npi":[1497733810,1710137534]},{"billed_charge":2432.71,"npi":[1497733810,1710137534]}]},{"allowed_amount":0.00,"billing_code_modifier":[""],"providers":[{"billed_charge":187.13,"npi":[1497733810,1710137534]},{"billed_charge":200.09,"npi":[1497733810,1710137534]},{"billed_charge":236.86,"npi":[1497733810,1710137534]},{"billed_charge":249.03,"npi":[1497733810,1710137534]},{"billed_charge":259.11,"npi":[1497733810,1710137534]},{"billed_charge":297.98,"npi":[1497733810,1710137534]},{"billed_charge":321.00,"npi":[1497733810,1710137534]},{"billed_charge":400.18,"npi":[1497733810,1710137534]},{"billed_charge":781.63,"npi":[1497733810,1710137534]},{"billed_charge":2432.71,"npi":[1497733810,1710137534]}]}]},{"tin":{"type":"ein","value":"263105284"},"service_code":["65"],"billing_class":"institutional","payments":[{"allowed_amount":0.00,"billing_code_modifier":[""],"providers":[{"billed_charge":187.13,"npi":[1497733810,1710137534]},{"billed_charge":200.09,"npi":[1497733810,1710137534]},{"billed_charge":236.86,"npi":[1497733810,1710137534]},{"billed_charge":249.03,"npi":[1497733810,1710137534]},{"billed_charge":259.11,"npi":[1497733810,1710137534]},{"billed_charge":297.98,"npi":[1497733810,1710137534]},{"billed_charge":321.00,"npi":[1497733810,1710137534]},{"billed_charge":400.18,"npi":[1497733810,1710137534]},{"billed_charge":781.63,"npi":[1497733810,1710137534]},{"billed_charge":2432.71,"npi":[1497733810,1710137534]}]},{"allowed_amount":0.00,"billing_code_modifier":[""],"providers":[{"billed_charge":187.13,"npi":[1497733810,1710137534]},{"billed_charge":200.09,"npi":[1497733810,1710137534]},{"billed_charge":236.86,"npi":[1497733810,1710137534]},{"billed_charge":249.03,"npi":[1497733810,1710137534]},{"billed_charge":259.11,"npi":[1497733810,1710137534]},{"billed_charge":297.98,"npi":[1497733810,1710137534]},{"billed_charge":321.00,"npi":[1497733810,1710137534]},{"billed_charge":400.18,"npi":[1497733810,1710137534]},{"billed_charge":781.63,"npi":[1497733810,1710137534]},{"billed_charge":2432.71,"npi":[1497733810,1710137534]}]},{"allowed_amount":0.00,"billing_code_modifier":[""],"providers":[{"billed_charge":187.13,"npi":[1497733810,1710137534]},{"billed_charge":200.09,"npi":[1497733810,1710137534]},{"billed_charge":236.86,"npi":[1497733810,1710137534]},{"billed_charge":249.03,"npi":[1497733810,1710137534]},{"billed_charge":259.11,"npi":[1497733810,1710137534]},{"billed_charge":297.98,"npi":[1497733810,1710137534]},{"billed_charge":321.00,"npi":[1497733810,1710137534]},{"billed_charge":400.18,"npi":[1497733810,1710137534]},{"billed_charge":781.63,"npi":[1497733810,1710137534]},{"billed_charge":2432.71,"npi":[1497733810,1710137534]}]},{"allowed_amount":0.00,"billing_code_modifier":[""],"providers":[{"billed_charge":187.13,"npi":[1497733810,1710137534]},{"billed_charge":200.09,"npi":[1497733810,1710137534]},{"billed_charge":236.86,"npi":[1497733810,1710137534]},{"billed_charge":249.03,"npi":[1497733810,1710137534]},{"billed_charge":259.11,"npi":[1497733810,1710137534]},{"billed_charge":297.98,"npi":[1497733810,1710137534]},{"billed_charge":321.00,"npi":[1497733810,1710137534]},{"billed_charge":400.18,"npi":[1497733810,1710137534]},{"billed_charge":781.63,"npi":[1497733810,1710137534]},{"billed_charge":2432.71,"npi":[1497733810,1710137534]}]},{"allowed_amount":0.00,"billing_code_modifier":[""],"providers":[{"billed_charge":187.13,"npi":[1497733810,1710137534]},{"billed_charge":200.09,"npi":[1497733810,1710137534]},{"billed_charge":236.86,"npi":[1497733810,1710137534]},{"billed_charge":249.03,"npi":[1497733810,1710137534]},{"billed_charge":259.11,"npi":[1497733810,1710137534]},{"billed_charge":297.98,"npi":[1497733810,1710137534]},{"billed_charge":321.00,"npi":[1497733810,1710137534]},{"billed_charge":400.18,"npi":[1497733810,1710137534]},{"billed_charge":781.63,"npi":[1497733810,1710137534]},{"billed_charge":2432.71,"npi":[1497733810,1710137534]}]},{"allowed_amount":0.00,"billing_code_modifier":[""],"providers":[{"billed_charge":187.13,"npi":[1497733810,1710137534]},{"billed_charge":200.09,"npi":[1497733810,1710137534]},{"billed_charge":236.86,"npi":[1497733810,1710137534]},{"billed_charge":249.03,"npi":[1497733810,1710137534]},{"billed_charge":259.11,"npi":[1497733810,1710137534]},{"billed_charge":297.98,"npi":[1497733810,1710137534]},{"billed_charge":321.00,"npi":[1497733810,1710137534]},{"billed_charge":400.18,"npi":[1497733810,1710137534]},{"billed_charge":781.63,"npi":[1497733810,1710137534]},{"billed_charge":2432.71,"npi":[1497733810,1710137534]}]},{"allowed_amount":0.00,"billing_code_modifier":[""],"providers":[{"billed_charge":187.13,"npi":[1497733810,1710137534]},{"billed_charge":200.09,"npi":[1497733810,1710137534]},{"billed_charge":236.86,"npi":[1497733810,1710137534]},{"billed_charge":249.03,"npi":[1497733810,1710137534]},{"billed_charge":259.11,"npi":[1497733810,1710137534]},{"billed_charge":297.98,"npi":[1497733810,1710137534]},{"billed_charge":321.00,"npi":[1497733810,1710137534]},{"billed_charge":400.18,"npi":[1497733810,1710137534]},{"billed_charge":781.63,"npi":[1497733810,1710137534]},{"billed_charge":2432.71,"npi":[1497733810,1710137534]}]},{"allowed_amount":0.00,"billing_code_modifier":[""],"providers":[{"billed_charge":187.13,"npi":[1497733810,1710137534]},{"billed_charge":200.09,"npi":[1497733810,1710137534]},{"billed_charge":236.86,"npi":[1497733810,1710137534]},{"billed_charge":249.03,"npi":[1497733810,1710137534]},{"billed_charge":259.11,"npi":[1497733810,1710137534]},{"billed_charge":297.98,"npi":[1497733810,1710137534]},{"billed_charge":321.00,"npi":[1497733810,1710137534]},{"billed_charge":400.18,"npi":[1497733810,1710137534]},{"billed_charge":781.63,"npi":[1497733810,1710137534]},{"billed_charge":2432.71,"npi":[1497733810,1710137534]}]},{"allowed_amount":0.00,"billing_code_modifier":[""],"providers":[{"billed_charge":187.13,"npi":[1497733810,1710137534]},{"billed_charge":200.09,"npi":[1497733810,1710137534]},{"billed_charge":236.86,"npi":[1497733810,1710137534]},{"billed_charge":249.03,"npi":[1497733810,1710137534]},{"billed_charge":259.11,"npi":[1497733810,1710137534]},{"billed_charge":297.98,"npi":[1497733810,1710137534]},{"billed_charge":321.00,"npi":[1497733810,1710137534]},{"billed_charge":400.18,"npi":[1497733810,1710137534]},{"billed_charge":781.63,"npi":[1497733810,1710137534]},{"billed_charge":2432.71,"npi":[1497733810,1710137534]}]},{"allowed_amount":0.00,"billing_code_modifier":[""],"providers":[{"billed_charge":187.13,"npi":[1497733810,1710137534]},{"billed_charge":200.09,"npi":[1497733810,1710137534]},{"billed_charge":236.86,"npi":[1497733810,1710137534]},{"billed_charge":249.03,"npi":[1497733810,1710137534]},{"billed_charge":259.11,"npi":[1497733810,1710137534]},{"billed_charge":297.98,"npi":[1497733810,1710137534]},{"billed_charge":321.00,"npi":[1497733810,1710137534]},{"billed_charge":400.18,"npi":[1497733810,1710137534]},{"billed_charge":781.63,"npi":[1497733810,1710137534]},{"billed_charge":2432.71,"npi":[1497733810,1710137534]}]}]},{"tin":{"type":"ein","value":"263105284"},"service_code":["65"],"billing_class":"institutional","payments":[{"allowed_amount":0.00,"billing_code_modifier":[""],"providers":[{"billed_charge":187.13,"npi":[1497733810,1710137534]},{"billed_charge":200.09,"npi":[1497733810,1710137534]},{"billed_charge":236.86,"npi":[1497733810,1710137534]},{"billed_charge":249.03,"npi":[1497733810,1710137534]},{"billed_charge":259.11,"npi":[1497733810,1710137534]},{"billed_charge":297.98,"npi":[1497733810,1710137534]},{"billed_charge":321.00,"npi":[1497733810,1710137534]},{"billed_charge":400.18,"npi":[1497733810,1710137534]},{"billed_charge":781.63,"npi":[1497733810,1710137534]},{"billed_charge":2432.71,"npi":[1497733810,1710137534]}]},{"allowed_amount":0.00,"billing_code_modifier":[""],"providers":[{"billed_charge":187.13,"npi":[1497733810,1710137534]},{"billed_charge":200.09,"npi":[1497733810,1710137534]},{"billed_charge":236.86,"npi":[1497733810,1710137534]},{"billed_charge":249.03,"npi":[1497733810,1710137534]},{"billed_charge":259.11,"npi":[1497733810,1710137534]},{"billed_charge":297.98,"npi":[1497733810,1710137534]},{"billed_charge":321.00,"npi":[1497733810,1710137534]},{"billed_charge":400.18,"npi":[1497733810,1710137534]},{"billed_charge":781.63,"npi":[1497733810,1710137534]},{"billed_charge":2432.71,"npi":[1497733810,1710137534]}]},{"allowed_amount":0.00,"billing_code_modifier":[""],"providers":[{"billed_charge":187.13,"npi":[1497733810,1710137534]},{"billed_charge":200.09,"npi":[1497733810,1710137534]},{"billed_charge":236.86,"npi":[1497733810,1710137534]},{"billed_charge":249.03,"npi":[1497733810,1710137534]},{"billed_charge":259.11,"npi":[1497733810,1710137534]},{"billed_charge":297.98,"npi":[1497733810,1710137534]},{"billed_charge":321.00,"npi":[1497733810,1710137534]},{"billed_charge":400.18,"npi":[1497733810,1710137534]},{"billed_charge":781.63,"npi":[1497733810,1710137534]},{"billed_charge":2432.71,"npi":[1497733810,1710137534]}]},{"allowed_amount":0.00,"billing_code_modifier":[""],"providers":[{"billed_charge":187.13,"npi":[1497733810,1710137534]},{"billed_charge":200.09,"npi":[1497733810,1710137534]},{"billed_charge":236.86,"npi":[1497733810,1710137534]},{"billed_charge":249.03,"npi":[1497733810,1710137534]},{"billed_charge":259.11,"npi":[1497733810,1710137534]},{"billed_charge":297.98,"npi":[1497733810,1710137534]},{"billed_charge":321.00,"npi":[1497733810,1710137534]},{"billed_charge":400.18,"npi":[1497733810,1710137534]},{"billed_charge":781.63,"npi":[1497733810,1710137534]},{"billed_charge":2432.71,"npi":[1497733810,1710137534]}]},{"allowed_amount":0.00,"billing_code_modifier":[""],"providers":[{"billed_charge":187.13,"npi":[1497733810,1710137534]},{"billed_charge":200.09,"npi":[1497733810,1710137534]},{"billed_charge":236.86,"npi":[1497733810,1710137534]},{"billed_charge":249.03,"npi":[1497733810,1710137534]},{"billed_charge":259.11,"npi":[1497733810,1710137534]},{"billed_charge":297.98,"npi":[1497733810,1710137534]},{"billed_charge":321.00,"npi":[1497733810,1710137534]},{"billed_charge":400.18,"npi":[1497733810,1710137534]},{"billed_charge":781.63,"npi":[1497733810,1710137534]},{"billed_charge":2432.71,"npi":[1497733810,1710137534]}]},{"allowed_amount":0.00,"billing_code_modifier":[""],"providers":[{"billed_charge":187.13,"npi":[1497733810,1710137534]},{"billed_charge":200.09,"npi":[1497733810,1710137534]},{"billed_charge":236.86,"npi":[1497733810,1710137534]},{"billed_charge":249.03,"npi":[1497733810,1710137534]},{"billed_charge":259.11,"npi":[1497733810,1710137534]},{"billed_charge":297.98,"npi":[1497733810,1710137534]},{"billed_charge":321.00,"npi":[1497733810,1710137534]},{"billed_charge":400.18,"npi":[1497733810,1710137534]},{"billed_charge":781.63,"npi":[1497733810,1710137534]},{"billed_charge":2432.71,"npi":[1497733810,1710137534]}]},{"allowed_amount":0.00,"billing_code_modifier":[""],"providers":[{"billed_charge":187.13,"npi":[1497733810,1710137534]},{"billed_charge":200.09,"npi":[1497733810,1710137534]},{"billed_charge":236.86,"npi":[1497733810,1710137534]},{"billed_charge":249.03,"npi":[1497733810,1710137534]},{"billed_charge":259.11,"npi":[1497733810,1710137534]},{"billed_charge":297.98,"npi":[1497733810,1710137534]},{"billed_charge":321.00,"npi":[1497733810,1710137534]},{"billed_charge":400.18,"npi":[1497733810,1710137534]},{"billed_charge":781.63,"npi":[1497733810,1710137534]},{"billed_charge":2432.71,"npi":[1497733810,1710137534]}]},{"allowed_amount":0.00,"billing_code_modifier":[""],"providers":[{"billed_charge":187.13,"npi":[1497733810,1710137534]},{"billed_charge":200.09,"npi":[1497733810,1710137534]},{"billed_charge":236.86,"npi":[1497733810,1710137534]},{"billed_charge":249.03,"npi":[1497733810,1710137534]},{"billed_charge":259.11,"npi":[1497733810,1710137534]},{"billed_charge":297.98,"npi":[1497733810,1710137534]},{"billed_charge":321.00,"npi":[1497733810,1710137534]},{"billed_charge":400.18,"npi":[1497733810,1710137534]},{"billed_charge":781.63,"npi":[1497733810,1710137534]},{"billed_charge":2432.71,"npi":[1497733810,1710137534]}]},{"allowed_amount":0.00,"billing_code_modifier":[""],"providers":[{"billed_charge":187.13,"npi":[1497733810,1710137534]},{"billed_charge":200.09,"npi":[1497733810,1710137534]},{"billed_charge":236.86,"npi":[1497733810,1710137534]},{"billed_charge":249.03,"npi":[1497733810,1710137534]},{"billed_charge":259.11,"npi":[1497733810,1710137534]},{"billed_charge":297.98,"npi":[1497733810,1710137534]},{"billed_charge":321.00,"npi":[1497733810,1710137534]},{"billed_charge":400.18,"npi":[1497733810,1710137534]},{"billed_charge":781.63,"npi":[1497733810,1710137534]},{"billed_charge":2432.71,"npi":[1497733810,1710137534]}]},{"allowed_amount":0.00,"billing_code_modifier":[""],"providers":[{"billed_charge":187.13,"npi":[1497733810,1710137534]},{"billed_charge":200.09,"npi":[1497733810,1710137534]},{"billed_charge":236.86,"npi":[1497733810,1710137534]},{"billed_charge":249.03,"npi":[1497733810,1710137534]},{"billed_charge":259.11,"npi":[1497733810,1710137534]},{"billed_charge":297.98,"npi":[1497733810,1710137534]},{"billed_charge":321.00,"npi":[1497733810,1710137534]},{"billed_charge":400.18,"npi":[1497733810,1710137534]},{"billed_charge":781.63,"npi":[1497733810,1710137534]},{"billed_charge":2432.71,"npi":[1497733810,1710137534]}]}]},{"tin":{"type":"ein","value":"263105284"},"service_code":["65"],"billing_class":"institutional","payments":[{"allowed_amount":0.00,"billing_code_modifier":[""],"providers":[{"billed_charge":187.13,"npi":[1497733810,1710137534]},{"billed_charge":200.09,"npi":[1497733810,1710137534]},{"billed_charge":236.86,"npi":[1497733810,1710137534]},{"billed_charge":249.03,"npi":[1497733810,1710137534]},{"billed_charge":259.11,"npi":[1497733810,1710137534]},{"billed_charge":297.98,"npi":[1497733810,1710137534]},{"billed_charge":321.00,"npi":[1497733810,1710137534]},{"billed_charge":400.18,"npi":[1497733810,1710137534]},{"billed_charge":781.63,"npi":[1497733810,1710137534]},{"billed_charge":2432.71,"npi":[1497733810,1710137534]}]},{"allowed_amount":0.00,"billing_code_modifier":[""],"providers":[{"billed_charge":187.13,"npi":[1497733810,1710137534]},{"billed_charge":200.09,"npi":[1497733810,1710137534]},{"billed_charge":236.86,"npi":[1497733810,1710137534]},{"billed_charge":249.03,"npi":[1497733810,1710137534]},{"billed_charge":259.11,"npi":[1497733810,1710137534]},{"billed_charge":297.98,"npi":[1497733810,1710137534]},{"billed_charge":321.00,"npi":[1497733810,1710137534]},{"billed_charge":400.18,"npi":[1497733810,1710137534]},{"billed_charge":781.63,"npi":[1497733810,1710137534]},{"billed_charge":2432.71,"npi":[1497733810,1710137534]}]},{"allowed_amount":0.00,"billing_code_modifier":[""],"providers":[{"billed_charge":187.13,"npi":[1497733810,1710137534]},{"billed_charge":200.09,"npi":[1497733810,1710137534]},{"billed_charge":236.86,"npi":[1497733810,1710137534]},{"billed_charge":249.03,"npi":[1497733810,1710137534]},{"billed_charge":259.11,"npi":[1497733810,1710137534]},{"billed_charge":297.98,"npi":[1497733810,1710137534]},{"billed_charge":321.00,"npi":[1497733810,1710137534]},{"billed_charge":400.18,"npi":[1497733810,1710137534]},{"billed_charge":781.63,"npi":[1497733810,1710137534]},{"billed_charge":2432.71,"npi":[1497733810,1710137534]}]},{"allowed_amount":0.00,"billing_code_modifier":[""],"providers":[{"billed_charge":187.13,"npi":[1497733810,1710137534]},{"billed_charge":200.09,"npi":[1497733810,1710137534]},{"billed_charge":236.86,"npi":[1497733810,1710137534]},{"billed_charge":249.03,"npi":[1497733810,1710137534]},{"billed_charge":259.11,"npi":[1497733810,1710137534]},{"billed_charge":297.98,"npi":[1497733810,1710137534]},{"billed_charge":321.00,"npi":[1497733810,1710137534]},{"billed_charge":400.18,"npi":[1497733810,1710137534]},{"billed_charge":781.63,"npi":[1497733810,1710137534]},{"billed_charge":2432.71,"npi":[1497733810,1710137534]}]},{"allowed_amount":0.00,"billing_code_modifier":[""],"providers":[{"billed_charge":187.13,"npi":[1497733810,1710137534]},{"billed_charge":200.09,"npi":[1497733810,1710137534]},{"billed_charge":236.86,"npi":[1497733810,1710137534]},{"billed_charge":249.03,"npi":[1497733810,1710137534]},{"billed_charge":259.11,"npi":[1497733810,1710137534]},{"billed_charge":297.98,"npi":[1497733810,1710137534]},{"billed_charge":321.00,"npi":[1497733810,1710137534]},{"billed_charge":400.18,"npi":[1497733810,1710137534]},{"billed_charge":781.63,"npi":[1497733810,1710137534]},{"billed_charge":2432.71,"npi":[1497733810,1710137534]}]},{"allowed_amount":0.00,"billing_code_modifier":[""],"providers":[{"billed_charge":187.13,"npi":[1497733810,1710137534]},{"billed_charge":200.09,"npi":[1497733810,1710137534]},{"billed_charge":236.86,"npi":[1497733810,1710137534]},{"billed_charge":249.03,"npi":[1497733810,1710137534]},{"billed_charge":259.11,"npi":[1497733810,1710137534]},{"billed_charge":297.98,"npi":[1497733810,1710137534]},{"billed_charge":321.00,"npi":[1497733810,1710137534]},{"billed_charge":400.18,"npi":[1497733810,1710137534]},{"billed_charge":781.63,"npi":[1497733810,1710137534]},{"billed_charge":2432.71,"npi":[1497733810,1710137534]}]},{"allowed_amount":0.00,"billing_code_modifier":[""],"providers":[{"billed_charge":187.13,"npi":[1497733810,1710137534]},{"billed_charge":200.09,"npi":[1497733810,1710137534]},{"billed_charge":236.86,"npi":[1497733810,1710137534]},{"billed_charge":249.03,"npi":[1497733810,1710137534]},{"billed_charge":259.11,"npi":[1497733810,1710137534]},{"billed_charge":297.98,"npi":[1497733810,1710137534]},{"billed_charge":321.00,"npi":[1497733810,1710137534]},{"billed_charge":400.18,"npi":[1497733810,1710137534]},{"billed_charge":781.63,"npi":[1497733810,1710137534]},{"billed_charge":2432.71,"npi":[1497733810,1710137534]}]},{"allowed_amount":0.00,"billing_code_modifier":[""],"providers":[{"billed_charge":187.13,"npi":[1497733810,1710137534]},{"billed_charge":200.09,"npi":[1497733810,1710137534]},{"billed_charge":236.86,"npi":[1497733810,1710137534]},{"billed_charge":249.03,"npi":[1497733810,1710137534]},{"billed_charge":259.11,"npi":[1497733810,1710137534]},{"billed_charge":297.98,"npi":[1497733810,1710137534]},{"billed_charge":321.00,"npi":[1497733810,1710137534]},{"billed_charge":400.18,"npi":[1497733810,1710137534]},{"billed_charge":781.63,"npi":[1497733810,1710137534]},{"billed_charge":2432.71,"npi":[1497733810,1710137534]}]},{"allowed_amount":0.00,"billing_code_modifier":[""],"providers":[{"billed_charge":187.13,"npi":[1497733810,1710137534]},{"billed_charge":200.09,"npi":[1497733810,1710137534]},{"billed_charge":236.86,"npi":[1497733810,1710137534]},{"billed_charge":249.03,"npi":[1497733810,1710137534]},{"billed_charge":259.11,"npi":[1497733810,1710137534]},{"billed_charge":297.98,"npi":[1497733810,1710137534]},{"billed_charge":321.00,"npi":[1497733810,1710137534]},{"billed_charge":400.18,"npi":[1497733810,1710137534]},{"billed_charge":781.63,"npi":[1497733810,1710137534]},{"billed_charge":2432.71,"npi":[1497733810,1710137534]}]},{"allowed_amount":0.00,"billing_code_modifier":[""],"providers":[{"billed_charge":187.13,"npi":[1497733810,1710137534]},{"billed_charge":200.09,"npi":[1497733810,1710137534]},{"billed_charge":236.86,"npi":[1497733810,1710137534]},{"billed_charge":249.03,"npi":[1497733810,1710137534]},{"billed_charge":259.11,"npi":[1497733810,1710137534]},{"billed_charge":297.98,"npi":[1497733810,1710137534]},{"billed_charge":321.00,"npi":[1497733810,1710137534]},{"billed_charge":400.18,"npi":[1497733810,1710137534]},{"billed_charge":781.63,"npi":[1497733810,1710137534]},{"billed_charge":2432.71,"npi":[1497733810,1710137534]}]}]},{"tin":{"type":"ein","value":"263105284"},"service_code":["65"],"billing_class":"institutional","payments":[{"allowed_amount":0.00,"billing_code_modifier":[""],"providers":[{"billed_charge":187.13,"npi":[1497733810,1710137534]},{"billed_charge":200.09,"npi":[1497733810,1710137534]},{"billed_charge":236.86,"npi":[1497733810,1710137534]},{"billed_charge":249.03,"npi":[1497733810,1710137534]},{"billed_charge":259.11,"npi":[1497733810,1710137534]},{"billed_charge":297.98,"npi":[1497733810,1710137534]},{"billed_charge":321.00,"npi":[1497733810,1710137534]},{"billed_charge":400.18,"npi":[1497733810,1710137534]},{"billed_charge":781.63,"npi":[1497733810,1710137534]},{"billed_charge":2432.71,"npi":[1497733810,1710137534]}]},{"allowed_amount":0.00,"billing_code_modifier":[""],"providers":[{"billed_charge":187.13,"npi":[1497733810,1710137534]},{"billed_charge":200.09,"npi":[1497733810,1710137534]},{"billed_charge":236.86,"npi":[1497733810,1710137534]},{"billed_charge":249.03,"npi":[1497733810,1710137534]},{"billed_charge":259.11,"npi":[1497733810,1710137534]},{"billed_charge":297.98,"npi":[1497733810,1710137534]},{"billed_charge":321.00,"npi":[1497733810,1710137534]},{"billed_charge":400.18,"npi":[1497733810,1710137534]},{"billed_charge":781.63,"npi":[1497733810,1710137534]},{"billed_charge":2432.71,"npi":[1497733810,1710137534]}]},{"allowed_amount":0.00,"billing_code_modifier":[""],"providers":[{"billed_charge":187.13,"npi":[1497733810,1710137534]},{"billed_charge":200.09,"npi":[1497733810,1710137534]},{"billed_charge":236.86,"npi":[1497733810,1710137534]},{"billed_charge":249.03,"npi":[1497733810,1710137534]},{"billed_charge":259.11,"npi":[1497733810,1710137534]},{"billed_charge":297.98,"npi":[1497733810,1710137534]},{"billed_charge":321.00,"npi":[1497733810,1710137534]},{"billed_charge":400.18,"npi":[1497733810,1710137534]},{"billed_charge":781.63,"npi":[1497733810,1710137534]},{"billed_charge":2432.71,"npi":[1497733810,1710137534]}]},{"allowed_amount":0.00,"billing_code_modifier":[""],"providers":[{"billed_charge":187.13,"npi":[1497733810,1710137534]},{"billed_charge":200.09,"npi":[1497733810,1710137534]},{"billed_charge":236.86,"npi":[1497733810,1710137534]},{"billed_charge":249.03,"npi":[1497733810,1710137534]},{"billed_charge":259.11,"npi":[1497733810,1710137534]},{"billed_charge":297.98,"npi":[1497733810,1710137534]},{"billed_charge":321.00,"npi":[1497733810,1710137534]},{"billed_charge":400.18,"npi":[1497733810,1710137534]},{"billed_charge":781.63,"npi":[1497733810,1710137534]},{"billed_charge":2432.71,"npi":[1497733810,1710137534]}]},{"allowed_amount":0.00,"billing_code_modifier":[""],"providers":[{"billed_charge":187.13,"npi":[1497733810,1710137534]},{"billed_charge":200.09,"npi":[1497733810,1710137534]},{"billed_charge":236.86,"npi":[1497733810,1710137534]},{"billed_charge":249.03,"npi":[1497733810,1710137534]},{"billed_charge":259.11,"npi":[1497733810,1710137534]},{"billed_charge":297.98,"npi":[1497733810,1710137534]},{"billed_charge":321.00,"npi":[1497733810,1710137534]},{"billed_charge":400.18,"npi":[1497733810,1710137534]},{"billed_charge":781.63,"npi":[1497733810,1710137534]},{"billed_charge":2432.71,"npi":[1497733810,1710137534]}]},{"allowed_amount":0.00,"billing_code_modifier":[""],"providers":[{"billed_charge":187.13,"npi":[1497733810,1710137534]},{"billed_charge":200.09,"npi":[1497733810,1710137534]},{"billed_charge":236.86,"npi":[1497733810,1710137534]},{"billed_charge":249.03,"npi":[1497733810,1710137534]},{"billed_charge":259.11,"npi":[1497733810,1710137534]},{"billed_charge":297.98,"npi":[1497733810,1710137534]},{"billed_charge":321.00,"npi":[1497733810,1710137534]},{"billed_charge":400.18,"npi":[1497733810,1710137534]},{"billed_charge":781.63,"npi":[1497733810,1710137534]},{"billed_charge":2432.71,"npi":[1497733810,1710137534]}]},{"allowed_amount":0.00,"billing_code_modifier":[""],"providers":[{"billed_charge":187.13,"npi":[1497733810,1710137534]},{"billed_charge":200.09,"npi":[1497733810,1710137534]},{"billed_charge":236.86,"npi":[1497733810,1710137534]},{"billed_charge":249.03,"npi":[1497733810,1710137534]},{"billed_charge":259.11,"npi":[1497733810,1710137534]},{"billed_charge":297.98,"npi":[1497733810,1710137534]},{"billed_charge":321.00,"npi":[1497733810,1710137534]},{"billed_charge":400.18,"npi":[1497733810,1710137534]},{"billed_charge":781.63,"npi":[1497733810,1710137534]},{"billed_charge":2432.71,"npi":[1497733810,1710137534]}]},{"allowed_amount":0.00,"billing_code_modifier":[""],"providers":[{"billed_charge":187.13,"npi":[1497733810,1710137534]},{"billed_charge":200.09,"npi":[1497733810,1710137534]},{"billed_charge":236.86,"npi":[1497733810,1710137534]},{"billed_charge":249.03,"npi":[1497733810,1710137534]},{"billed_charge":259.11,"npi":[1497733810,1710137534]},{"billed_charge":297.98,"npi":[1497733810,1710137534]},{"billed_charge":321.00,"npi":[1497733810,1710137534]},{"billed_charge":400.18,"npi":[1497733810,1710137534]},{"billed_charge":781.63,"npi":[1497733810,1710137534]},{"billed_charge":2432.71,"npi":[1497733810,1710137534]}]},{"allowed_amount":0.00,"billing_code_modifier":[""],"providers":[{"billed_charge":187.13,"npi":[1497733810,1710137534]},{"billed_charge":200.09,"npi":[1497733810,1710137534]},{"billed_charge":236.86,"npi":[1497733810,1710137534]},{"billed_charge":249.03,"npi":[1497733810,1710137534]},{"billed_charge":259.11,"npi":[1497733810,1710137534]},{"billed_charge":297.98,"npi":[1497733810,1710137534]},{"billed_charge":321.00,"npi":[1497733810,1710137534]},{"billed_charge":400.18,"npi":[1497733810,1710137534]},{"billed_charge":781.63,"npi":[1497733810,1710137534]},{"billed_charge":2432.71,"npi":[1497733810,1710137534]}]},{"allowed_amount":0.00,"billing_code_modifier":[""],"providers":[{"billed_charge":187.13,"npi":[1497733810,1710137534]},{"billed_charge":200.09,"npi":[1497733810,1710137534]},{"billed_charge":236.86,"npi":[1497733810,1710137534]},{"billed_charge":249.03,"npi":[1497733810,1710137534]},{"billed_charge":259.11,"npi":[1497733810,1710137534]},{"billed_charge":297.98,"npi":[1497733810,1710137534]},{"billed_charge":321.00,"npi":[1497733810,1710137534]},{"billed_charge":400.18,"npi":[1497733810,1710137534]},{"billed_charge":781.63,"npi":[1497733810,1710137534]},{"billed_charge":2432.71,"npi":[1497733810,1710137534]}]}]},{"tin":{"type":"ein","value":"263105284"},"service_code":["65"],"billing_class":"institutional","payments":[{"allowed_amount":0.00,"billing_code_modifier":[""],"providers":[{"billed_charge":187.13,"npi":[1497733810,1710137534]},{"billed_charge":200.09,"npi":[1497733810,1710137534]},{"billed_charge":236.86,"npi":[1497733810,1710137534]},{"billed_charge":249.03,"npi":[1497733810,1710137534]},{"billed_charge":259.11,"npi":[1497733810,1710137534]},{"billed_charge":297.98,"npi":[1497733810,1710137534]},{"billed_charge":321.00,"npi":[1497733810,1710137534]},{"billed_charge":400.18,"npi":[1497733810,1710137534]},{"billed_charge":781.63,"npi":[1497733810,1710137534]},{"billed_charge":2432.71,"npi":[1497733810,1710137534]}]},{"allowed_amount":0.00,"billing_code_modifier":[""],"providers":[{"billed_charge":187.13,"npi":[1497733810,1710137534]},{"billed_charge":200.09,"npi":[1497733810,1710137534]},{"billed_charge":236.86,"npi":[1497733810,1710137534]},{"billed_charge":249.03,"npi":[1497733810,1710137534]},{"billed_charge":259.11,"npi":[1497733810,1710137534]},{"billed_charge":297.98,"npi":[1497733810,1710137534]},{"billed_charge":321.00,"npi":[1497733810,1710137534]},{"billed_charge":400.18,"npi":[1497733810,1710137534]},{"billed_charge":781.63,"npi":[1497733810,1710137534]},{"billed_charge":2432.71,"npi":[1497733810,1710137534]}]},{"allowed_amount":0.00,"billing_code_modifier":[""],"providers":[{"billed_charge":187.13,"npi":[1497733810,1710137534]},{"billed_charge":200.09,"npi":[1497733810,1710137534]},{"billed_charge":236.86,"npi":[1497733810,1710137534]},{"billed_charge":249.03,"npi":[1497733810,1710137534]},{"billed_charge":259.11,"npi":[1497733810,1710137534]},{"billed_charge":297.98,"npi":[1497733810,1710137534]},{"billed_charge":321.00,"npi":[1497733810,1710137534]},{"billed_charge":400.18,"npi":[1497733810,1710137534]},{"billed_charge":781.63,"npi":[1497733810,1710137534]},{"billed_charge":2432.71,"npi":[1497733810,1710137534]}]},{"allowed_amount":0.00,"billing_code_modifier":[""],"providers":[{"billed_charge":187.13,"npi":[1497733810,1710137534]},{"billed_charge":200.09,"npi":[1497733810,1710137534]},{"billed_charge":236.86,"npi":[1497733810,1710137534]},{"billed_charge":249.03,"npi":[1497733810,1710137534]},{"billed_charge":259.11,"npi":[1497733810,1710137534]},{"billed_charge":297.98,"npi":[1497733810,1710137534]},{"billed_charge":321.00,"npi":[1497733810,1710137534]},{"billed_charge":400.18,"npi":[1497733810,1710137534]},{"billed_charge":781.63,"npi":[1497733810,1710137534]},{"billed_charge":2432.71,"npi":[1497733810,1710137534]}]},{"allowed_amount":0.00,"billing_code_modifier":[""],"providers":[{"billed_charge":187.13,"npi":[1497733810,1710137534]},{"billed_charge":200.09,"npi":[1497733810,1710137534]},{"billed_charge":236.86,"npi":[1497733810,1710137534]},{"billed_charge":249.03,"npi":[1497733810,1710137534]},{"billed_charge":259.11,"npi":[1497733810,1710137534]},{"billed_charge":297.98,"npi":[1497733810,1710137534]},{"billed_charge":321.00,"npi":[1497733810,1710137534]},{"billed_charge":400.18,"npi":[1497733810,1710137534]},{"billed_charge":781.63,"npi":[1497733810,1710137534]},{"billed_charge":2432.71,"npi":[1497733810,1710137534]}]},{"allowed_amount":0.00,"billing_code_modifier":[""],"providers":[{"billed_charge":187.13,"npi":[1497733810,1710137534]},{"billed_charge":200.09,"npi":[1497733810,1710137534]},{"billed_charge":236.86,"npi":[1497733810,1710137534]},{"billed_charge":249.03,"npi":[1497733810,1710137534]},{"billed_charge":259.11,"npi":[1497733810,1710137534]},{"billed_charge":297.98,"npi":[1497733810,1710137534]},{"billed_charge":321.00,"npi":[1497733810,1710137534]},{"billed_charge":400.18,"npi":[1497733810,1710137534]},{"billed_charge":781.63,"npi":[1497733810,1710137534]},{"billed_charge":2432.71,"npi":[1497733810,1710137534]}]},{"allowed_amount":0.00,"billing_code_modifier":[""],"providers":[{"billed_charge":187.13,"npi":[1497733810,1710137534]},{"billed_charge":200.09,"npi":[1497733810,1710137534]},{"billed_charge":236.86,"npi":[1497733810,1710137534]},{"billed_charge":249.03,"npi":[1497733810,1710137534]},{"billed_charge":259.11,"npi":[1497733810,1710137534]},{"billed_charge":297.98,"npi":[1497733810,1710137534]},{"billed_charge":321.00,"npi":[1497733810,1710137534]},{"billed_charge":400.18,"npi":[1497733810,1710137534]},{"billed_charge":781.63,"npi":[1497733810,1710137534]},{"billed_charge":2432.71,"npi":[1497733810,1710137534]}]},{"allowed_amount":0.00,"billing_code_modifier":[""],"providers":[{"billed_charge":187.13,"npi":[1497733810,1710137534]},{"billed_charge":200.09,"npi":[1497733810,1710137534]},{"billed_charge":236.86,"npi":[1497733810,1710137534]},{"billed_charge":249.03,"npi":[1497733810,1710137534]},{"billed_charge":259.11,"npi":[1497733810,1710137534]},{"billed_charge":297.98,"npi":[1497733810,1710137534]},{"billed_charge":321.00,"npi":[1497733810,1710137534]},{"billed_charge":400.18,"npi":[1497733810,1710137534]},{"billed_charge":781.63,"npi":[1497733810,1710137534]},{"billed_charge":2432.71,"npi":[1497733810,1710137534]}]},{"allowed_amount":0.00,"billing_code_modifier":[""],"providers":[{"billed_charge":187.13,"npi":[1497733810,1710137534]},{"billed_charge":200.09,"npi":[1497733810,1710137534]},{"billed_charge":236.86,"npi":[1497733810,1710137534]},{"billed_charge":249.03,"npi":[1497733810,1710137534]},{"billed_charge":259.11,"npi":[1497733810,1710137534]},{"billed_charge":297.98,"npi":[1497733810,1710137534]},{"billed_charge":321.00,"npi":[1497733810,1710137534]},{"billed_charge":400.18,"npi":[1497733810,1710137534]},{"billed_charge":781.63,"npi":[1497733810,1710137534]},{"billed_charge":2432.71,"npi":[1497733810,1710137534]}]},{"allowed_amount":0.00,"billing_code_modifier":[""],"providers":[{"billed_charge":187.13,"npi":[1497733810,1710137534]},{"billed_charge":200.09,"npi":[1497733810,1710137534]},{"billed_charge":236.86,"npi":[1497733810,1710137534]},{"billed_charge":249.03,"npi":[1497733810,1710137534]},{"billed_charge":259.11,"npi":[1497733810,1710137534]},{"billed_charge":297.98,"npi":[1497733810,1710137534]},{"billed_charge":321.00,"npi":[1497733810,1710137534]},{"billed_charge":400.18,"npi":[1497733810,1710137534]},{"billed_charge":781.63,"npi":[1497733810,1710137534]},{"billed_charge":2432.71,"npi":[1497733810,1710137534]}]}]},{"tin":{"type":"ein","value":"263105284"},"service_code":["65"],"billing_class":"institutional","payments":[{"allowed_amount":0.00,"billing_code_modifier":[""],"providers":[{"billed_charge":187.13,"npi":[1497733810,1710137534]},{"billed_charge":200.09,"npi":[1497733810,1710137534]},{"billed_charge":236.86,"npi":[1497733810,1710137534]},{"billed_charge":249.03,"npi":[1497733810,1710137534]},{"billed_charge":259.11,"npi":[1497733810,1710137534]},{"billed_charge":297.98,"npi":[1497733810,1710137534]},{"billed_charge":321.00,"npi":[1497733810,1710137534]},{"billed_charge":400.18,"npi":[1497733810,1710137534]},{"billed_charge":781.63,"npi":[1497733810,1710137534]},{"billed_charge":2432.71,"npi":[1497733810,1710137534]}]},{"allowed_amount":0.00,"billing_code_modifier":[""],"providers":[{"billed_charge":187.13,"npi":[1497733810,1710137534]},{"billed_charge":200.09,"npi":[1497733810,1710137534]},{"billed_charge":236.86,"npi":[1497733810,1710137534]},{"billed_charge":249.03,"npi":[1497733810,1710137534]},{"billed_charge":259.11,"npi":[1497733810,1710137534]},{"billed_charge":297.98,"npi":[1497733810,1710137534]},{"billed_charge":321.00,"npi":[1497733810,1710137534]},{"billed_charge":400.18,"npi":[1497733810,1710137534]},{"billed_charge":781.63,"npi":[1497733810,1710137534]},{"billed_charge":2432.71,"npi":[1497733810,1710137534]}]},{"allowed_amount":0.00,"billing_code_modifier":[""],"providers":[{"billed_charge":187.13,"npi":[1497733810,1710137534]},{"billed_charge":200.09,"npi":[1497733810,1710137534]},{"billed_charge":236.86,"npi":[1497733810,1710137534]},{"billed_charge":249.03,"npi":[1497733810,1710137534]},{"billed_charge":259.11,"npi":[1497733810,1710137534]},{"billed_charge":297.98,"npi":[1497733810,1710137534]},{"billed_charge":321.00,"npi":[1497733810,1710137534]},{"billed_charge":400.18,"npi":[1497733810,1710137534]},{"billed_charge":781.63,"npi":[1497733810,1710137534]},{"billed_charge":2432.71,"npi":[1497733810,1710137534]}]},{"allowed_amount":0.00,"billing_code_modifier":[""],"providers":[{"billed_charge":187.13,"npi":[1497733810,1710137534]},{"billed_charge":200.09,"npi":[1497733810,1710137534]},{"billed_charge":236.86,"npi":[1497733810,1710137534]},{"billed_charge":249.03,"npi":[1497733810,1710137534]},{"billed_charge":259.11,"npi":[1497733810,1710137534]},{"billed_charge":297.98,"npi":[1497733810,1710137534]},{"billed_charge":321.00,"npi":[1497733810,1710137534]},{"billed_charge":400.18,"npi":[1497733810,1710137534]},{"billed_charge":781.63,"npi":[1497733810,1710137534]},{"billed_charge":2432.71,"npi":[1497733810,1710137534]}]},{"allowed_amount":0.00,"billing_code_modifier":[""],"providers":[{"billed_charge":187.13,"npi":[1497733810,1710137534]},{"billed_charge":200.09,"npi":[1497733810,1710137534]},{"billed_charge":236.86,"npi":[1497733810,1710137534]},{"billed_charge":249.03,"npi":[1497733810,1710137534]},{"billed_charge":259.11,"npi":[1497733810,1710137534]},{"billed_charge":297.98,"npi":[1497733810,1710137534]},{"billed_charge":321.00,"npi":[1497733810,1710137534]},{"billed_charge":400.18,"npi":[1497733810,1710137534]},{"billed_charge":781.63,"npi":[1497733810,1710137534]},{"billed_charge":2432.71,"npi":[1497733810,1710137534]}]},{"allowed_amount":0.00,"billing_code_modifier":[""],"providers":[{"billed_charge":187.13,"npi":[1497733810,1710137534]},{"billed_charge":200.09,"npi":[1497733810,1710137534]},{"billed_charge":236.86,"npi":[1497733810,1710137534]},{"billed_charge":249.03,"npi":[1497733810,1710137534]},{"billed_charge":259.11,"npi":[1497733810,1710137534]},{"billed_charge":297.98,"npi":[1497733810,1710137534]},{"billed_charge":321.00,"npi":[1497733810,1710137534]},{"billed_charge":400.18,"npi":[1497733810,1710137534]},{"billed_charge":781.63,"npi":[1497733810,1710137534]},{"billed_charge":2432.71,"npi":[1497733810,1710137534]}]},{"allowed_amount":0.00,"billing_code_modifier":[""],"providers":[{"billed_charge":187.13,"npi":[1497733810,1710137534]},{"billed_charge":200.09,"npi":[1497733810,1710137534]},{"billed_charge":236.86,"npi":[1497733810,1710137534]},{"billed_charge":249.03,"npi":[1497733810,1710137534]},{"billed_charge":259.11,"npi":[1497733810,1710137534]},{"billed_charge":297.98,"npi":[1497733810,1710137534]},{"billed_charge":321.00,"npi":[1497733810,1710137534]},{"billed_charge":400.18,"npi":[1497733810,1710137534]},{"billed_charge":781.63,"npi":[1497733810,1710137534]},{"billed_charge":2432.71,"npi":[1497733810,1710137534]}]},{"allowed_amount":0.00,"billing_code_modifier":[""],"providers":[{"billed_charge":187.13,"npi":[1497733810,1710137534]},{"billed_charge":200.09,"npi":[1497733810,1710137534]},{"billed_charge":236.86,"npi":[1497733810,1710137534]},{"billed_charge":249.03,"npi":[1497733810,1710137534]},{"billed_charge":259.11,"npi":[1497733810,1710137534]},{"billed_charge":297.98,"npi":[1497733810,1710137534]},{"billed_charge":321.00,"npi":[1497733810,1710137534]},{"billed_charge":400.18,"npi":[1497733810,1710137534]},{"billed_charge":781.63,"npi":[1497733810,1710137534]},{"billed_charge":2432.71,"npi":[1497733810,1710137534]}]},{"allowed_amount":0.00,"billing_code_modifier":[""],"providers":[{"billed_charge":187.13,"npi":[1497733810,1710137534]},{"billed_charge":200.09,"npi":[1497733810,1710137534]},{"billed_charge":236.86,"npi":[1497733810,1710137534]},{"billed_charge":249.03,"npi":[1497733810,1710137534]},{"billed_charge":259.11,"npi":[1497733810,1710137534]},{"billed_charge":297.98,"npi":[1497733810,1710137534]},{"billed_charge":321.00,"npi":[1497733810,1710137534]},{"billed_charge":400.18,"npi":[1497733810,1710137534]},{"billed_charge":781.63,"npi":[1497733810,1710137534]},{"billed_charge":2432.71,"npi":[1497733810,1710137534]}]},{"allowed_amount":0.00,"billing_code_modifier":[""],"providers":[{"billed_charge":187.13,"npi":[1497733810,1710137534]},{"billed_charge":200.09,"npi":[1497733810,1710137534]},{"billed_charge":236.86,"npi":[1497733810,1710137534]},{"billed_charge":249.03,"npi":[1497733810,1710137534]},{"billed_charge":259.11,"npi":[1497733810,1710137534]},{"billed_charge":297.98,"npi":[1497733810,1710137534]},{"billed_charge":321.00,"npi":[1497733810,1710137534]},{"billed_charge":400.18,"npi":[1497733810,1710137534]},{"billed_charge":781.63,"npi":[1497733810,1710137534]},{"billed_charge":2432.71,"npi":[1497733810,1710137534]}]}]},{"tin":{"type":"ein","value":"621762537"},"service_code":["23"],"billing_class":"institutional","payments":[{"allowed_amount":0.00,"billing_code_modifier":[""],"providers":[{"billed_charge":1264.00,"npi":[1861439952]},{"billed_charge":1623.00,"npi":[1861439952]},{"billed_charge":2561.00,"npi":[1861439952]},{"billed_charge":3049.00,"npi":[1861439952]},{"billed_charge":3376.00,"npi":[1861439952]}]},{"allowed_amount":0.00,"billing_code_modifier":[""],"providers":[{"billed_charge":1264.00,"npi":[1861439952]},{"billed_charge":1623.00,"npi":[1861439952]},{"billed_charge":2561.00,"npi":[1861439952]},{"billed_charge":3049.00,"npi":[1861439952]},{"billed_charge":3376.00,"npi":[1861439952]}]},{"allowed_amount":0.00,"billing_code_modifier":[""],"providers":[{"billed_charge":1264.00,"npi":[1861439952]},{"billed_charge":1623.00,"npi":[1861439952]},{"billed_charge":2561.00,"npi":[1861439952]},{"billed_charge":3049.00,"npi":[1861439952]},{"billed_charge":3376.00,"npi":[1861439952]}]},{"allowed_amount":0.00,"billing_code_modifier":[""],"providers":[{"billed_charge":1264.00,"npi":[1861439952]},{"billed_charge":1623.00,"npi":[1861439952]},{"billed_charge":2561.00,"npi":[1861439952]},{"billed_charge":3049.00,"npi":[1861439952]},{"billed_charge":3376.00,"npi":[1861439952]}]},{"allowed_amount":0.00,"billing_code_modifier":[""],"providers":[{"billed_charge":1264.00,"npi":[1861439952]},{"billed_charge":1623.00,"npi":[1861439952]},{"billed_charge":2561.00,"npi":[1861439952]},{"billed_charge":3049.00,"npi":[1861439952]},{"billed_charge":3376.00,"npi":[1861439952]}]}]},{"tin":{"type":"ein","value":"621762537"},"service_code":["23"],"billing_class":"institutional","payments":[{"allowed_amount":0.00,"billing_code_modifier":[""],"providers":[{"billed_charge":1264.00,"npi":[1861439952]},{"billed_charge":1623.00,"npi":[1861439952]},{"billed_charge":2561.00,"npi":[1861439952]},{"billed_charge":3049.00,"npi":[1861439952]},{"billed_charge":3376.00,"npi":[1861439952]}]},{"allowed_amount":0.00,"billing_code_modifier":[""],"providers":[{"billed_charge":1264.00,"npi":[1861439952]},{"billed_charge":1623.00,"npi":[1861439952]},{"billed_charge":2561.00,"npi":[1861439952]},{"billed_charge":3049.00,"npi":[1861439952]},{"billed_charge":3376.00,"npi":[1861439952]}]},{"allowed_amount":0.00,"billing_code_modifier":[""],"providers":[{"billed_charge":1264.00,"npi":[1861439952]},{"billed_charge":1623.00,"npi":[1861439952]},{"billed_charge":2561.00,"npi":[1861439952]},{"billed_charge":3049.00,"npi":[1861439952]},{"billed_charge":3376.00,"npi":[1861439952]}]},{"allowed_amount":0.00,"billing_code_modifier":[""],"providers":[{"billed_charge":1264.00,"npi":[1861439952]},{"billed_charge":1623.00,"npi":[1861439952]},{"billed_charge":2561.00,"npi":[1861439952]},{"billed_charge":3049.00,"npi":[1861439952]},{"billed_charge":3376.00,"npi":[1861439952]}]},{"allowed_amount":0.00,"billing_code_modifier":[""],"providers":[{"billed_charge":1264.00,"npi":[1861439952]},{"billed_charge":1623.00,"npi":[1861439952]},{"billed_charge":2561.00,"npi":[1861439952]},{"billed_charge":3049.00,"npi":[1861439952]},{"billed_charge":3376.00,"npi":[1861439952]}]}]},{"tin":{"type":"ein","value":"621762537"},"service_code":["23"],"billing_class":"institutional","payments":[{"allowed_amount":0.00,"billing_code_modifier":[""],"providers":[{"billed_charge":1264.00,"npi":[1861439952]},{"billed_charge":1623.00,"npi":[1861439952]},{"billed_charge":2561.00,"npi":[1861439952]},{"billed_charge":3049.00,"npi":[1861439952]},{"billed_charge":3376.00,"npi":[1861439952]}]},{"allowed_amount":0.00,"billing_code_modifier":[""],"providers":[{"billed_charge":1264.00,"npi":[1861439952]},{"billed_charge":1623.00,"npi":[1861439952]},{"billed_charge":2561.00,"npi":[1861439952]},{"billed_charge":3049.00,"npi":[1861439952]},{"billed_charge":3376.00,"npi":[1861439952]}]},{"allowed_amount":0.00,"billing_code_modifier":[""],"providers":[{"billed_charge":1264.00,"npi":[1861439952]},{"billed_charge":1623.00,"npi":[1861439952]},{"billed_charge":2561.00,"npi":[1861439952]},{"billed_charge":3049.00,"npi":[1861439952]},{"billed_charge":3376.00,"npi":[1861439952]}]},{"allowed_amount":0.00,"billing_code_modifier":[""],"providers":[{"billed_charge":1264.00,"npi":[1861439952]},{"billed_charge":1623.00,"npi":[1861439952]},{"billed_charge":2561.00,"npi":[1861439952]},{"billed_charge":3049.00,"npi":[1861439952]},{"billed_charge":3376.00,"npi":[1861439952]}]},{"allowed_amount":0.00,"billing_code_modifier":[""],"providers":[{"billed_charge":1264.00,"npi":[1861439952]},{"billed_charge":1623.00,"npi":[1861439952]},{"billed_charge":2561.00,"npi":[1861439952]},{"billed_charge":3049.00,"npi":[1861439952]},{"billed_charge":3376.00,"npi":[1861439952]}]}]},{"tin":{"type":"ein","value":"621762537"},"service_code":["23"],"billing_class":"institutional","payments":[{"allowed_amount":0.00,"billing_code_modifier":[""],"providers":[{"billed_charge":1264.00,"npi":[1861439952]},{"billed_charge":1623.00,"npi":[1861439952]},{"billed_charge":2561.00,"npi":[1861439952]},{"billed_charge":3049.00,"npi":[1861439952]},{"billed_charge":3376.00,"npi":[1861439952]}]},{"allowed_amount":0.00,"billing_code_modifier":[""],"providers":[{"billed_charge":1264.00,"npi":[1861439952]},{"billed_charge":1623.00,"npi":[1861439952]},{"billed_charge":2561.00,"npi":[1861439952]},{"billed_charge":3049.00,"npi":[1861439952]},{"billed_charge":3376.00,"npi":[1861439952]}]},{"allowed_amount":0.00,"billing_code_modifier":[""],"providers":[{"billed_charge":1264.00,"npi":[1861439952]},{"billed_charge":1623.00,"npi":[1861439952]},{"billed_charge":2561.00,"npi":[1861439952]},{"billed_charge":3049.00,"npi":[1861439952]},{"billed_charge":3376.00,"npi":[1861439952]}]},{"allowed_amount":0.00,"billing_code_modifier":[""],"providers":[{"billed_charge":1264.00,"npi":[1861439952]},{"billed_charge":1623.00,"npi":[1861439952]},{"billed_charge":2561.00,"npi":[1861439952]},{"billed_charge":3049.00,"npi":[1861439952]},{"billed_charge":3376.00,"npi":[1861439952]}]},{"allowed_amount":0.00,"billing_code_modifier":[""],"providers":[{"billed_charge":1264.00,"npi":[1861439952]},{"billed_charge":1623.00,"npi":[1861439952]},{"billed_charge":2561.00,"npi":[1861439952]},{"billed_charge":3049.00,"npi":[1861439952]},{"billed_charge":3376.00,"npi":[1861439952]}]}]},{"tin":{"type":"ein","value":"621762537"},"service_code":["23"],"billing_class":"institutional","payments":[{"allowed_amount":0.00,"billing_code_modifier":[""],"providers":[{"billed_charge":1264.00,"npi":[1861439952]},{"billed_charge":1623.00,"npi":[1861439952]},{"billed_charge":2561.00,"npi":[1861439952]},{"billed_charge":3049.00,"npi":[1861439952]},{"billed_charge":3376.00,"npi":[1861439952]}]},{"allowed_amount":0.00,"billing_code_modifier":[""],"providers":[{"billed_charge":1264.00,"npi":[1861439952]},{"billed_charge":1623.00,"npi":[1861439952]},{"billed_charge":2561.00,"npi":[1861439952]},{"billed_charge":3049.00,"npi":[1861439952]},{"billed_charge":3376.00,"npi":[1861439952]}]},{"allowed_amount":0.00,"billing_code_modifier":[""],"providers":[{"billed_charge":1264.00,"npi":[1861439952]},{"billed_charge":1623.00,"npi":[1861439952]},{"billed_charge":2561.00,"npi":[1861439952]},{"billed_charge":3049.00,"npi":[1861439952]},{"billed_charge":3376.00,"npi":[1861439952]}]},{"allowed_amount":0.00,"billing_code_modifier":[""],"providers":[{"billed_charge":1264.00,"npi":[1861439952]},{"billed_charge":1623.00,"npi":[1861439952]},{"billed_charge":2561.00,"npi":[1861439952]},{"billed_charge":3049.00,"npi":[1861439952]},{"billed_charge":3376.00,"npi":[1861439952]}]},{"allowed_amount":0.00,"billing_code_modifier":[""],"providers":[{"billed_charge":1264.00,"npi":[1861439952]},{"billed_charge":1623.00,"npi":[1861439952]},{"billed_charge":2561.00,"npi":[1861439952]},{"billed_charge":3049.00,"npi":[1861439952]},{"billed_charge":3376.00,"npi":[1861439952]}]}]},{"tin":{"type":"ein","value":"942854057"},"service_code":["22"],"billing_class":"institutional","payments":[{"allowed_amount":0.00,"billing_code_modifier":[""],"providers":[{"billed_charge":75.14,"npi":[1154438596]},{"billed_charge":76.34,"npi":[1154438596]},{"billed_charge":79.45,"npi":[1154438596]}]},{"allowed_amount":0.00,"billing_code_modifier":[""],"providers":[{"billed_charge":75.14,"npi":[1154438596]},{"billed_charge":76.34,"npi":[1154438596]},{"billed_charge":79.45,"npi":[1154438596]}]},{"allowed_amount":0.00,"billing_code_modifier":[""],"providers":[{"billed_charge":75.14,"npi":[1154438596]},{"billed_charge":76.34,"npi":[1154438596]},{"billed_charge":79.45,"npi":[1154438596]}]}]},{"tin":{"type":"ein","value":"942854057"},"service_code":["22"],"billing_class":"institutional","payments":[{"allowed_amount":0.00,"billing_code_modifier":[""],"providers":[{"billed_charge":75.14,"npi":[1154438596]},{"billed_charge":76.34,"npi":[1154438596]},{"billed_charge":79.45,"npi":[1154438596]}]},{"allowed_amount":0.00,"billing_code_modifier":[""],"providers":[{"billed_charge":75.14,"npi":[1154438596]},{"billed_charge":76.34,"npi":[1154438596]},{"billed_charge":79.45,"npi":[1154438596]}]},{"allowed_amount":0.00,"billing_code_modifier":[""],"providers":[{"billed_charge":75.14,"npi":[1154438596]},{"billed_charge":76.34,"npi":[1154438596]},{"billed_charge":79.45,"npi":[1154438596]}]}]},{"tin":{"type":"ein","value":"942854057"},"service_code":["22"],"billing_class":"institutional","payments":[{"allowed_amount":0.00,"billing_code_modifier":[""],"providers":[{"billed_charge":75.14,"npi":[1154438596]},{"billed_charge":76.34,"npi":[1154438596]},{"billed_charge":79.45,"npi":[1154438596]}]},{"allowed_amount":0.00,"billing_code_modifier":[""],"providers":[{"billed_charge":75.14,"npi":[1154438596]},{"billed_charge":76.34,"npi":[1154438596]},{"billed_charge":79.45,"npi":[1154438596]}]},{"allowed_amount":0.00,"billing_code_modifier":[""],"providers":[{"billed_charge":75.14,"npi":[1154438596]},{"billed_charge":76.34,"npi":[1154438596]},{"billed_charge":79.45,"npi":[1154438596]}]}]}]},{"name":"OFFICE\/OUTPATIENT ESTABLISHED LOW MDM 20-29 MIN","billing_code_type":"CPT","billing_code_type_version":"2020","billing_code":"99213","description":"OFFICE\/OUTPATIENT ESTABLISHED LOW MDM 20-29 MIN","allowed_amounts":[{"tin":{"type":"ein","value":"860817397"},"service_code":["22"],"billing_class":"professional","payments":[{"allowed_amount":146.40,"billing_code_modifier":[""],"providers":[{"billed_charge":183.00,"npi":[1083795215,1174784482,1184828964,1326420654,1346218351,1396201562,1407121734,1437138898,1477876639,1568845899,1750341962]}]}]}]}]}
