{"reporting_entity_name": "IEC Group_DBA AmeriBen",
	"reporting_entity_type": "Third Party Administrator",
	"plan_name": "YUMA AREA BENEFIT CONSORTIUM",
	"plan_id_type": "ein",
	"plan_id": "356906297",
	"plan_market_type": "group",
	"last_updated_on": "2023-04-26","Version": "1.0.0","out_of_network":[{"name":"CHIROPRACTIC MANIPULATIVE TX SPINAL 1-2 REGIONS","billing_code_type":"CPT","billing_code_type_version":"2020","billing_code":"98940","description":"CHIROPRACTIC MANIPULATIVE TX SPINAL 1-2 REGIONS","allowed_amounts":[{"tin":{"type":"ein","value":"204975801"},"service_code":["11"],"billing_class":"professional","payments":[{"allowed_amount":35.19,"billing_code_modifier":[""],"providers":[{"billed_charge":50.00,"npi":[1013663053,1518994904,1548364862]}]}]},{"tin":{"type":"ein","value":"860975251"},"service_code":["11"],"billing_class":"professional","payments":[{"allowed_amount":35.19,"billing_code_modifier":[""],"providers":[{"billed_charge":50.00,"npi":[1700854684]}]}]}]},{"name":"CHIROPRACTIC MANIPULATIVE TX SPINAL 3-4 REGIONS","billing_code_type":"CPT","billing_code_type_version":"2020","billing_code":"98941","description":"CHIROPRACTIC MANIPULATIVE TX SPINAL 3-4 REGIONS","allowed_amounts":[{"tin":{"type":"ein","value":"204975801"},"service_code":["11"],"billing_class":"professional","payments":[{"allowed_amount":39.21,"billing_code_modifier":[""],"providers":[{"billed_charge":62.30,"npi":[1013663053,1518994904,1548364862]}]}]},{"tin":{"type":"ein","value":"860975251"},"service_code":["11"],"billing_class":"professional","payments":[{"allowed_amount":39.21,"billing_code_modifier":[""],"providers":[{"billed_charge":50.00,"npi":[1700854684]}]}]}]},{"name":"CHIROPRACTIC MANIPULATIVE TX SPINAL 5 REGIONS","billing_code_type":"CPT","billing_code_type_version":"2020","billing_code":"98942","description":"CHIROPRACTIC MANIPULATIVE TX SPINAL 5 REGIONS","allowed_amounts":[{"tin":{"type":"ein","value":"204975801"},"service_code":["11"],"billing_class":"professional","payments":[{"allowed_amount":42.17,"billing_code_modifier":[""],"providers":[{"billed_charge":80.00,"npi":[1013663053,1518994904,1548364862]}]}]}]},{"name":"EMERGENCY DEPARTMENT VISIT HIGH MDM","billing_code_type":"CPT","billing_code_type_version":"2020","billing_code":"99285","description":"EMERGENCY DEPARTMENT VISIT HIGH MDM","allowed_amounts":[{"tin":{"type":"ein","value":"883463577"},"service_code":["23"],"billing_class":"professional","payments":[{"allowed_amount":333.56,"billing_code_modifier":[""],"providers":[{"billed_charge":2760.00,"npi":[1043521313,1235857699,1508007477,1588669402,1710374798,1902848450,1942512199]}]}]}]},{"name":"PSYCHIATRIC\/PSYCHOLOGICAL TRT: INTENSIVE OUTPATIEN","billing_code_type":"RC","billing_code_type_version":"UB04","billing_code":"0905","description":"PSYCHIATRIC\/PSYCHOLOGICAL TRT: INTENSIVE OUTPATIEN","allowed_amounts":[{"tin":{"type":"ein","value":"731308273"},"service_code":["22"],"billing_class":"institutional","payments":[{"allowed_amount":96.73,"billing_code_modifier":[""],"providers":[{"billed_charge":399.30,"npi":[1497750343,1710985064]}]}]}]},{"name":"RADIOLOGIC EXAM CHEST SINGLE VIEW","billing_code_type":"CPT","billing_code_type_version":"2020","billing_code":"71045","description":"RADIOLOGIC EXAM CHEST SINGLE VIEW","allowed_amounts":[{"tin":{"type":"ein","value":"800879942"},"service_code":["21"],"billing_class":"professional","payments":[{"allowed_amount":9.03,"billing_code_modifier":[""],"providers":[{"billed_charge":36.00,"npi":[1033366463,1538162953,9999999995]}]}]},{"tin":{"type":"ein","value":"845116186"},"service_code":["21","22"],"billing_class":"professional","payments":[{"allowed_amount":9.03,"billing_code_modifier":[""],"providers":[{"billed_charge":126.00,"npi":[1033745708,1083740039,1124017918,1184010464,1316936107,1457525578,1558350264,1598114928,1598771099,1700403185,1700804739,1912163791,1952644288,9999999995]}]}]}]},{"name":"THERAPEUTIC PX 1\/> AREAS EACH 15 MIN EXERCISES","billing_code_type":"CPT","billing_code_type_version":"2020","billing_code":"97110","description":"THERAPEUTIC PX 1\/> AREAS EACH 15 MIN EXERCISES","allowed_amounts":[{"tin":{"type":"ein","value":"204975801"},"service_code":["11"],"billing_class":"professional","payments":[{"allowed_amount":30.80,"billing_code_modifier":[""],"providers":[{"billed_charge":48.50,"npi":[1013663053,1518994904,1548364862]}]}]}]}]}
