{"reporting_entity_name": "IEC Group_DBA AmeriBen",
	"reporting_entity_type": "Third Party Administrator",
	"plan_name": "ISAS GROUP BENEFITS TRUST",
	"plan_id_type": "ein",
	"plan_id": "731366012",
	"plan_market_type": "group",
	"last_updated_on": "2022-06-28","Version": "1.0.0","out_of_network":[{"name":"2019-NCOV CORONAVIRUS SARS-COV-2\/COVID-19 ANY T","billing_code_type":"HCPCS","billing_code_type_version":"HCPCS LEVEL II 2021","billing_code":"U0004","description":"2019-NCOV CORONAVIRUS SARS-COV-2\/COVID-19 ANY T","allowed_amounts":[{"tin":{"type":"ein","value":"471926617"},"service_code":["81"],"billing_class":"professional","payments":[{"allowed_amount":75.00,"billing_code_modifier":[""],"providers":[{"billed_charge":550.00,"npi":[1376926196,1780108654]}]}]},{"tin":{"type":"ein","value":"822809864"},"service_code":["81"],"billing_class":"professional","payments":[{"allowed_amount":75.00,"billing_code_modifier":[""],"providers":[{"billed_charge":300.00,"npi":[1306518659,1780944496]}]}]},{"tin":{"type":"ein","value":"850559400"},"service_code":["11"],"billing_class":"professional","payments":[{"allowed_amount":75.00,"billing_code_modifier":[""],"providers":[{"billed_charge":750.00,"npi":[1003418583,1841671476]}]}]},{"tin":{"type":"ein","value":"852766187"},"service_code":["81"],"billing_class":"professional","payments":[{"allowed_amount":75.00,"billing_code_modifier":[""],"providers":[{"billed_charge":150.00,"npi":[1255946869,1306194329]}]}]},{"tin":{"type":"ein","value":"853720606"},"service_code":["81"],"billing_class":"professional","payments":[{"allowed_amount":75.00,"billing_code_modifier":[""],"providers":[{"billed_charge":150.00,"npi":[1366045932,1689004996,1912417858]}]}]}]},{"name":"EMERGENCY DEPARTMENT VISIT MODERATE SEVERITY","billing_code_type":"CPT","billing_code_type_version":"2020","billing_code":"99283","description":"EMERGENCY DEPARTMENT VISIT MODERATE SEVERITY","allowed_amounts":[{"tin":{"type":"ein","value":"270350159"},"service_code":["23"],"billing_class":"professional","payments":[{"allowed_amount":111.46,"billing_code_modifier":[""],"providers":[{"billed_charge":822.00,"npi":[1508002312,1568699445]}]}]},{"tin":{"type":"ein","value":"271068708"},"service_code":["23"],"billing_class":"professional","payments":[{"allowed_amount":77.88,"billing_code_modifier":[""],"providers":[{"billed_charge":834.00,"npi":[1710210125,1982664298]}]}]},{"tin":{"type":"ein","value":"271068708"},"service_code":["23"],"billing_class":"professional","payments":[{"allowed_amount":111.46,"billing_code_modifier":[""],"providers":[{"billed_charge":834.00,"npi":[1295006310,1710210125]}]}]},{"tin":{"type":"ein","value":"272955668"},"service_code":["23"],"billing_class":"professional","payments":[{"allowed_amount":77.88,"billing_code_modifier":[""],"providers":[{"billed_charge":1437.50,"npi":[1013913581,1104867415,1851695167]}]}]},{"tin":{"type":"ein","value":"272955668"},"service_code":["23"],"billing_class":"professional","payments":[{"allowed_amount":111.44,"billing_code_modifier":[""],"providers":[{"billed_charge":1437.50,"npi":[1093732620,1104867415,1851695167]}]}]},{"tin":{"type":"ein","value":"272955668"},"service_code":["23"],"billing_class":"professional","payments":[{"allowed_amount":111.46,"billing_code_modifier":[""],"providers":[{"billed_charge":1437.50,"npi":[1093732620,1104867415,1851695167]}]}]},{"tin":{"type":"ein","value":"463902289"},"service_code":["23"],"billing_class":"professional","payments":[{"allowed_amount":111.44,"billing_code_modifier":[""],"providers":[{"billed_charge":486.00,"npi":[1023439114,1376560995]}]}]},{"tin":{"type":"ein","value":"463902289"},"service_code":["23"],"billing_class":"professional","payments":[{"allowed_amount":111.46,"billing_code_modifier":[""],"providers":[{"billed_charge":486.00,"npi":[1023439114,1790075943]}]}]},{"tin":{"type":"ein","value":"471692221"},"service_code":["23"],"billing_class":"professional","payments":[{"allowed_amount":111.44,"billing_code_modifier":[""],"providers":[{"billed_charge":1316.28,"npi":[1437177029,1467852418]}]}]},{"tin":{"type":"ein","value":"471692221"},"service_code":["23"],"billing_class":"professional","payments":[{"allowed_amount":111.46,"billing_code_modifier":[""],"providers":[{"billed_charge":1395.26,"npi":[1215979265,1386661908,1407846181,1437177029,1467852418]}]}]},{"tin":{"type":"ein","value":"800598244"},"service_code":["23"],"billing_class":"professional","payments":[{"allowed_amount":77.88,"billing_code_modifier":[""],"providers":[{"billed_charge":1650.00,"npi":[1134433642,1295849727]}]}]},{"tin":{"type":"ein","value":"800598244"},"service_code":["23"],"billing_class":"professional","payments":[{"allowed_amount":111.44,"billing_code_modifier":[""],"providers":[{"billed_charge":1650.00,"npi":[1134433642,1295849727]}]}]},{"tin":{"type":"ein","value":"800598244"},"service_code":["23"],"billing_class":"professional","payments":[{"allowed_amount":111.46,"billing_code_modifier":[""],"providers":[{"billed_charge":1650.00,"npi":[1134433642,1417903956]}]}]},{"tin":{"type":"ein","value":"814581950"},"service_code":["23"],"billing_class":"professional","payments":[{"allowed_amount":53.73,"billing_code_modifier":[""],"providers":[{"billed_charge":1336.04,"npi":[1225378847,1316467236,1467702316,1487186649,1538828470,1831619014]}]}]},{"tin":{"type":"ein","value":"814581950"},"service_code":["23"],"billing_class":"professional","payments":[{"allowed_amount":111.46,"billing_code_modifier":[""],"providers":[{"billed_charge":1336.04,"npi":[1487186649,1750330932]}]}]},{"tin":{"type":"ein","value":"814588386"},"service_code":["23"],"billing_class":"professional","payments":[{"allowed_amount":53.73,"billing_code_modifier":[""],"providers":[{"billed_charge":486.32,"npi":[1285178509,1750855300]}]}]},{"tin":{"type":"ein","value":"814588386"},"service_code":["23"],"billing_class":"professional","payments":[{"allowed_amount":111.44,"billing_code_modifier":[""],"providers":[{"billed_charge":554.40,"npi":[1033444245,1285178509]}]}]},{"tin":{"type":"ein","value":"814588386"},"service_code":["23"],"billing_class":"professional","payments":[{"allowed_amount":111.46,"billing_code_modifier":[""],"providers":[{"billed_charge":554.40,"npi":[1285178509,1922275627]}]}]},{"tin":{"type":"ein","value":"824528458"},"service_code":["23"],"billing_class":"professional","payments":[{"allowed_amount":53.73,"billing_code_modifier":[""],"providers":[{"billed_charge":2350.00,"npi":[1164859682,1245839521,1619594140,1649772328]}]}]},{"tin":{"type":"ein","value":"824528458"},"service_code":["23"],"billing_class":"professional","payments":[{"allowed_amount":77.88,"billing_code_modifier":[""],"providers":[{"billed_charge":2350.00,"npi":[1376621185,1649772328,1881919793]}]}]},{"tin":{"type":"ein","value":"824528458"},"service_code":["23"],"billing_class":"professional","payments":[{"allowed_amount":111.44,"billing_code_modifier":[""],"providers":[{"billed_charge":2350.00,"npi":[1346225018,1407016405,1467632372,1588855282,1649772328,1699729491,1881919793]}]}]},{"tin":{"type":"ein","value":"844964431"},"service_code":["23"],"billing_class":"professional","payments":[{"allowed_amount":77.88,"billing_code_modifier":[""],"providers":[{"billed_charge":654.40,"npi":[1194162065,1437442050,1912510710]}]}]},{"tin":{"type":"ein","value":"844964431"},"service_code":["23"],"billing_class":"professional","payments":[{"allowed_amount":111.44,"billing_code_modifier":[""],"providers":[{"billed_charge":654.40,"npi":[1194162065,1467637462,1912510710]}]}]},{"tin":{"type":"ein","value":"844964431"},"service_code":["23"],"billing_class":"professional","payments":[{"allowed_amount":111.46,"billing_code_modifier":[""],"providers":[{"billed_charge":654.40,"npi":[1194162065,1740268366,1912510710]}]}]},{"tin":{"type":"ein","value":"852464463"},"service_code":["23"],"billing_class":"professional","payments":[{"allowed_amount":111.44,"billing_code_modifier":[""],"providers":[{"billed_charge":890.76,"npi":[1215548227,1669727053]}]}]}]},{"name":"EMERGENCY ROOM","billing_code_type":"RC","billing_code_type_version":"UB04","billing_code":"0450","description":"EMERGENCY ROOM","allowed_amounts":[{"tin":{"type":"ein","value":"320276429"},"service_code":["23"],"billing_class":"institutional","payments":[{"allowed_amount":583.50,"billing_code_modifier":[""],"providers":[{"billed_charge":1752.80,"npi":[1134417439]}]}]},{"tin":{"type":"ein","value":"464084062"},"service_code":["23"],"billing_class":"institutional","payments":[{"allowed_amount":583.50,"billing_code_modifier":[""],"providers":[{"billed_charge":2265.32,"npi":[1669872610]}]}]},{"tin":{"type":"ein","value":"471346903"},"service_code":["23"],"billing_class":"institutional","payments":[{"allowed_amount":583.50,"billing_code_modifier":[""],"providers":[{"billed_charge":2170.00,"npi":[1609268879]}]}]},{"tin":{"type":"ein","value":"473344271"},"service_code":["23"],"billing_class":"institutional","payments":[{"allowed_amount":583.50,"billing_code_modifier":[""],"providers":[{"billed_charge":2700.00,"npi":[1003280629]}]}]},{"tin":{"type":"ein","value":"760431829"},"service_code":["23"],"billing_class":"institutional","payments":[{"allowed_amount":583.50,"billing_code_modifier":[""],"providers":[{"billed_charge":1437.50,"npi":[1104199017]}]}]},{"tin":{"type":"ein","value":"800598230"},"service_code":["23"],"billing_class":"institutional","payments":[{"allowed_amount":583.50,"billing_code_modifier":[""],"providers":[{"billed_charge":1900.00,"npi":[1467768770]}]}]},{"tin":{"type":"ein","value":"814584169"},"service_code":["23"],"billing_class":"institutional","payments":[{"allowed_amount":446.48,"billing_code_modifier":[""],"providers":[{"billed_charge":1336.04,"npi":[1376064295]}]}]},{"tin":{"type":"ein","value":"814623955"},"service_code":["23"],"billing_class":"institutional","payments":[{"allowed_amount":583.50,"billing_code_modifier":[""],"providers":[{"billed_charge":2265.32,"npi":[1003495664]}]}]},{"tin":{"type":"ein","value":"820736583"},"service_code":["23"],"billing_class":"institutional","payments":[{"allowed_amount":583.50,"billing_code_modifier":[""],"providers":[{"billed_charge":2490.93,"npi":[1164900239]}]}]},{"tin":{"type":"ein","value":"824529315"},"service_code":["23"],"billing_class":"institutional","payments":[{"allowed_amount":583.50,"billing_code_modifier":[""],"providers":[{"billed_charge":2350.00,"npi":[1851893531]}]}]},{"tin":{"type":"ein","value":"824884205"},"service_code":["23"],"billing_class":"institutional","payments":[{"allowed_amount":583.50,"billing_code_modifier":[""],"providers":[{"billed_charge":3217.25,"npi":[1295223477]}]}]},{"tin":{"type":"ein","value":"831705541"},"service_code":["23"],"billing_class":"institutional","payments":[{"allowed_amount":583.50,"billing_code_modifier":[""],"providers":[{"billed_charge":2725.00,"npi":[1205494101]}]}]},{"tin":{"type":"ein","value":"831886165"},"service_code":["23"],"billing_class":"institutional","payments":[{"allowed_amount":583.50,"billing_code_modifier":[""],"providers":[{"billed_charge":1784.00,"npi":[1295200202]}]}]},{"tin":{"type":"ein","value":"832804506"},"service_code":["23"],"billing_class":"institutional","payments":[{"allowed_amount":583.50,"billing_code_modifier":[""],"providers":[{"billed_charge":1485.00,"npi":[1174089866]}]}]},{"tin":{"type":"ein","value":"843505417"},"service_code":["23"],"billing_class":"institutional","payments":[{"allowed_amount":583.50,"billing_code_modifier":[""],"providers":[{"billed_charge":1485.00,"npi":[1255978722]}]}]},{"tin":{"type":"ein","value":"844983621"},"service_code":["23"],"billing_class":"institutional","payments":[{"allowed_amount":583.50,"billing_code_modifier":[""],"providers":[{"billed_charge":2073.90,"npi":[1780297598]}]}]},{"tin":{"type":"ein","value":"851978933"},"service_code":["23"],"billing_class":"institutional","payments":[{"allowed_amount":583.50,"billing_code_modifier":[""],"providers":[{"billed_charge":2100.00,"npi":[1265044333]}]}]},{"tin":{"type":"ein","value":"852713042"},"service_code":["23"],"billing_class":"institutional","payments":[{"allowed_amount":583.50,"billing_code_modifier":[""],"providers":[{"billed_charge":2490.93,"npi":[1376141556]}]}]},{"tin":{"type":"ein","value":"854042853"},"service_code":["23"],"billing_class":"institutional","payments":[{"allowed_amount":583.50,"billing_code_modifier":[""],"providers":[{"billed_charge":2368.95,"npi":[1124603386]}]}]},{"tin":{"type":"ein","value":"871558323"},"service_code":["23"],"billing_class":"institutional","payments":[{"allowed_amount":583.50,"billing_code_modifier":[""],"providers":[{"billed_charge":2725.00,"npi":[1063084820]}]}]}]},{"name":"HANDLG&\/OR CONVEY OF SPEC FOR TR OFFICE TO LAB","billing_code_type":"CPT","billing_code_type_version":"2020","billing_code":"99000","description":"HANDLG&\/OR CONVEY OF SPEC FOR TR OFFICE TO LAB","allowed_amounts":[{"tin":{"type":"ein","value":"822809864"},"service_code":["81"],"billing_class":"professional","payments":[{"allowed_amount":0.00,"billing_code_modifier":[""],"providers":[{"billed_charge":50.00,"npi":[1306518659,1780944496]}]}]},{"tin":{"type":"ein","value":"872489415"},"service_code":["11"],"billing_class":"professional","payments":[{"allowed_amount":0.00,"billing_code_modifier":[""],"providers":[{"billed_charge":15.00,"npi":[1306194329,1437405347,1952079816]}]}]}]},{"name":"IA DET NA;SEV AC RES SYND SARS-COV-2 COVID-19","billing_code_type":"HCPCS","billing_code_type_version":"HCPCS LEVEL II 2021","billing_code":"U0005","description":"IA DET NA;SEV AC RES SYND SARS-COV-2 COVID-19","allowed_amounts":[{"tin":{"type":"ein","value":"450669342"},"service_code":["81"],"billing_class":"professional","payments":[{"allowed_amount":25.00,"billing_code_modifier":[""],"providers":[{"billed_charge":25.00,"npi":[1093099558,1609000249]}]}]},{"tin":{"type":"ein","value":"462337506"},"service_code":["81"],"billing_class":"professional","payments":[{"allowed_amount":25.00,"billing_code_modifier":[""],"providers":[{"billed_charge":25.00,"npi":[1073936183]}]}]},{"tin":{"type":"ein","value":"464067873"},"service_code":["81"],"billing_class":"professional","payments":[{"allowed_amount":25.00,"billing_code_modifier":[""],"providers":[{"billed_charge":50.00,"npi":[1275960866,1821281734]}]}]},{"tin":{"type":"ein","value":"471926617"},"service_code":["81"],"billing_class":"professional","payments":[{"allowed_amount":25.00,"billing_code_modifier":[""],"providers":[{"billed_charge":150.00,"npi":[1376926196,1780108654]}]}]},{"tin":{"type":"ein","value":"472462178"},"service_code":["81"],"billing_class":"professional","payments":[{"allowed_amount":25.00,"billing_code_modifier":[""],"providers":[{"billed_charge":50.00,"npi":[1144731605,1467854497,1508484569,1639311509,1962018374]}]}]},{"tin":{"type":"ein","value":"473727159"},"service_code":["81"],"billing_class":"professional","payments":[{"allowed_amount":25.00,"billing_code_modifier":[""],"providers":[{"billed_charge":25.00,"npi":[1154843878,1164865564,1245609072,1528692290,1730792805,1740479153,1780249821,1912521568]}]}]},{"tin":{"type":"ein","value":"474943249"},"service_code":["81"],"billing_class":"professional","payments":[{"allowed_amount":25.00,"billing_code_modifier":[""],"providers":[{"billed_charge":75.00,"npi":[1306213756]}]}]},{"tin":{"type":"ein","value":"822809864"},"service_code":["81"],"billing_class":"professional","payments":[{"allowed_amount":25.00,"billing_code_modifier":[""],"providers":[{"billed_charge":75.00,"npi":[1306518659,1780944496]}]}]},{"tin":{"type":"ein","value":"832522386"},"service_code":["81"],"billing_class":"professional","payments":[{"allowed_amount":25.00,"billing_code_modifier":[""],"providers":[{"billed_charge":50.00,"npi":[1184253650,1316245558]}]}]},{"tin":{"type":"ein","value":"832522386"},"service_code":["81"],"billing_class":"professional","payments":[{"allowed_amount":50.00,"billing_code_modifier":[""],"providers":[{"billed_charge":50.00,"npi":[1184253650,1316245558,1336336205,1902004807]}]}]},{"tin":{"type":"ein","value":"833210967"},"service_code":["81"],"billing_class":"professional","payments":[{"allowed_amount":25.00,"billing_code_modifier":[""],"providers":[{"billed_charge":25.00,"npi":[1417574666,1861623951]}]}]},{"tin":{"type":"ein","value":"850559400"},"service_code":["11"],"billing_class":"professional","payments":[{"allowed_amount":25.00,"billing_code_modifier":[""],"providers":[{"billed_charge":600.00,"npi":[1003418583,1841671476]}]}]},{"tin":{"type":"ein","value":"852205140"},"service_code":["81"],"billing_class":"professional","payments":[{"allowed_amount":25.00,"billing_code_modifier":[""],"providers":[{"billed_charge":50.00,"npi":[1114539046,1942483870]}]}]},{"tin":{"type":"ein","value":"852533341"},"service_code":["81"],"billing_class":"professional","payments":[{"allowed_amount":25.00,"billing_code_modifier":[""],"providers":[{"billed_charge":30.00,"npi":[1063667699,1174137368,1700943032,1962020701]}]}]},{"tin":{"type":"ein","value":"852766187"},"service_code":["81"],"billing_class":"professional","payments":[{"allowed_amount":25.00,"billing_code_modifier":[""],"providers":[{"billed_charge":50.00,"npi":[1255946869,1306194329]}]}]},{"tin":{"type":"ein","value":"853164216"},"service_code":["81"],"billing_class":"professional","payments":[{"allowed_amount":25.00,"billing_code_modifier":[""],"providers":[{"billed_charge":50.00,"npi":[1225632029]}]}]},{"tin":{"type":"ein","value":"853720606"},"service_code":["81"],"billing_class":"professional","payments":[{"allowed_amount":25.00,"billing_code_modifier":[""],"providers":[{"billed_charge":30.00,"npi":[1366045932,1689004996,1912417858]}]}]},{"tin":{"type":"ein","value":"854322824"},"service_code":["81"],"billing_class":"professional","payments":[{"allowed_amount":25.00,"billing_code_modifier":[""],"providers":[{"billed_charge":50.00,"npi":[1245825686]}]}]},{"tin":{"type":"ein","value":"861325388"},"service_code":["81"],"billing_class":"professional","payments":[{"allowed_amount":25.00,"billing_code_modifier":[""],"providers":[{"billed_charge":50.00,"npi":[1376082917,1992394266]}]}]},{"tin":{"type":"ein","value":"871963792"},"service_code":["81"],"billing_class":"professional","payments":[{"allowed_amount":25.00,"billing_code_modifier":[""],"providers":[{"billed_charge":50.00,"npi":[1083920888,1851059588]}]}]},{"tin":{"type":"ein","value":"872336634"},"service_code":["81"],"billing_class":"professional","payments":[{"allowed_amount":25.00,"billing_code_modifier":[""],"providers":[{"billed_charge":50.00,"npi":[1124553672,1265534465,1861162455]}]}]},{"tin":{"type":"ein","value":"872489415"},"service_code":["11"],"billing_class":"professional","payments":[{"allowed_amount":25.00,"billing_code_modifier":[""],"providers":[{"billed_charge":50.00,"npi":[1306194329,1437405347,1952079816]}]}]},{"tin":{"type":"ein","value":"880241758"},"service_code":["81"],"billing_class":"professional","payments":[{"allowed_amount":25.00,"billing_code_modifier":[""],"providers":[{"billed_charge":25.00,"npi":[1124417357,1184883993,1275144941]}]}]}]},{"name":"IAAD IA SEVERE AQT RESPIR SYND CORONAVIRUS","billing_code_type":"CPT","billing_code_type_version":"2020","billing_code":"87426","description":"IAAD IA SEVERE AQT RESPIR SYND CORONAVIRUS","allowed_amounts":[{"tin":{"type":"ein","value":"851055537"},"service_code":["11"],"billing_class":"professional","payments":[{"allowed_amount":45.23,"billing_code_modifier":[""],"providers":[{"billed_charge":200.00,"npi":[1528658648,1568816692]}]}]},{"tin":{"type":"ein","value":"851828383"},"service_code":["81"],"billing_class":"professional","payments":[{"allowed_amount":175.00,"billing_code_modifier":[""],"providers":[{"billed_charge":275.00,"npi":[1285644021,1639797863,1912114521]}]}]},{"tin":{"type":"ein","value":"861545062"},"service_code":["11"],"billing_class":"professional","payments":[{"allowed_amount":45.23,"billing_code_modifier":[""],"providers":[{"billed_charge":200.00,"npi":[1346915782,1568816692]}]}]},{"tin":{"type":"ein","value":"872489415"},"service_code":["11"],"billing_class":"professional","payments":[{"allowed_amount":45.23,"billing_code_modifier":[""],"providers":[{"billed_charge":100.00,"npi":[1437405347,1952079816]}]}]}]},{"name":"INF AGT DET DNA\/RNA;SARS-COV-2 COVID-19 AMP P T","billing_code_type":"HCPCS","billing_code_type_version":"HCPCS LEVEL II 2021","billing_code":"U0003","description":"INF AGT DET DNA\/RNA;SARS-COV-2 COVID-19 AMP P T","allowed_amounts":[{"tin":{"type":"ein","value":"450669342"},"service_code":["81"],"billing_class":"professional","payments":[{"allowed_amount":75.00,"billing_code_modifier":[""],"providers":[{"billed_charge":100.00,"npi":[1093099558,1609000249]}]}]},{"tin":{"type":"ein","value":"462337506"},"service_code":["81"],"billing_class":"professional","payments":[{"allowed_amount":125.00,"billing_code_modifier":[""],"providers":[{"billed_charge":125.00,"npi":[1073936183]}]}]},{"tin":{"type":"ein","value":"464067873"},"service_code":["81"],"billing_class":"professional","payments":[{"allowed_amount":75.00,"billing_code_modifier":[""],"providers":[{"billed_charge":250.00,"npi":[1275960866,1821281734]}]}]},{"tin":{"type":"ein","value":"472462178"},"service_code":["81"],"billing_class":"professional","payments":[{"allowed_amount":125.00,"billing_code_modifier":[""],"providers":[{"billed_charge":250.00,"npi":[1144731605,1467854497,1508484569,1639311509,1962018374]}]}]},{"tin":{"type":"ein","value":"473727159"},"service_code":["81"],"billing_class":"professional","payments":[{"allowed_amount":125.00,"billing_code_modifier":[""],"providers":[{"billed_charge":125.00,"npi":[1154843878,1164865564,1245609072,1528692290,1699386888,1730792805,1740479153,1780249821,1871064410,1912521568]}]}]},{"tin":{"type":"ein","value":"474943249"},"service_code":["81"],"billing_class":"professional","payments":[{"allowed_amount":75.00,"billing_code_modifier":[""],"providers":[{"billed_charge":250.00,"npi":[1306213756]}]}]},{"tin":{"type":"ein","value":"475375456"},"service_code":["81"],"billing_class":"professional","payments":[{"allowed_amount":75.00,"billing_code_modifier":[""],"providers":[{"billed_charge":105.00,"npi":[1265437925,1598138562]}]}]},{"tin":{"type":"ein","value":"800270103"},"service_code":["81"],"billing_class":"professional","payments":[{"allowed_amount":75.00,"billing_code_modifier":[""],"providers":[{"billed_charge":107.73,"npi":[1225447030,1649418351]}]}]},{"tin":{"type":"ein","value":"821445590"},"service_code":["81"],"billing_class":"professional","payments":[{"allowed_amount":75.00,"billing_code_modifier":[""],"providers":[{"billed_charge":150.00,"npi":[1245754316,1962921445]}]}]},{"tin":{"type":"ein","value":"832522386"},"service_code":["81"],"billing_class":"professional","payments":[{"allowed_amount":75.00,"billing_code_modifier":[""],"providers":[{"billed_charge":150.00,"npi":[1184253650,1316245558]}]}]},{"tin":{"type":"ein","value":"832522386"},"service_code":["81"],"billing_class":"professional","payments":[{"allowed_amount":150.00,"billing_code_modifier":[""],"providers":[{"billed_charge":150.00,"npi":[1184253650,1316245558,1336336205,1902004807]}]}]},{"tin":{"type":"ein","value":"833210967"},"service_code":["81"],"billing_class":"professional","payments":[{"allowed_amount":75.00,"billing_code_modifier":[""],"providers":[{"billed_charge":100.00,"npi":[1417574666,1861623951]}]}]},{"tin":{"type":"ein","value":"852205140"},"service_code":["81"],"billing_class":"professional","payments":[{"allowed_amount":75.00,"billing_code_modifier":[""],"providers":[{"billed_charge":150.00,"npi":[1114539046,1942483870]}]}]},{"tin":{"type":"ein","value":"852533341"},"service_code":["81"],"billing_class":"professional","payments":[{"allowed_amount":75.00,"billing_code_modifier":[""],"providers":[{"billed_charge":100.00,"npi":[1063667699,1174137368,1700943032,1962020701]}]}]},{"tin":{"type":"ein","value":"854322824"},"service_code":["81"],"billing_class":"professional","payments":[{"allowed_amount":75.00,"billing_code_modifier":[""],"providers":[{"billed_charge":150.00,"npi":[1245825686]}]}]},{"tin":{"type":"ein","value":"861325388"},"service_code":["81"],"billing_class":"professional","payments":[{"allowed_amount":75.00,"billing_code_modifier":[""],"providers":[{"billed_charge":150.00,"npi":[1376082917,1992394266]}]}]},{"tin":{"type":"ein","value":"871963792"},"service_code":["81"],"billing_class":"professional","payments":[{"allowed_amount":75.00,"billing_code_modifier":[""],"providers":[{"billed_charge":150.00,"npi":[1083920888,1851059588]}]}]},{"tin":{"type":"ein","value":"872336634"},"service_code":["81"],"billing_class":"professional","payments":[{"allowed_amount":75.00,"billing_code_modifier":[""],"providers":[{"billed_charge":150.00,"npi":[1124553672,1265534465,1861162455]}]}]},{"tin":{"type":"ein","value":"872489415"},"service_code":["11"],"billing_class":"professional","payments":[{"allowed_amount":75.00,"billing_code_modifier":[""],"providers":[{"billed_charge":175.00,"npi":[1306194329,1437405347,1952079816]}]}]},{"tin":{"type":"ein","value":"880241758"},"service_code":["81"],"billing_class":"professional","payments":[{"allowed_amount":75.00,"billing_code_modifier":[""],"providers":[{"billed_charge":100.00,"npi":[1124417357,1184883993,1841803228]}]}]}]},{"name":"LABORATORY - CLINICAL DIAGNOSTIC","billing_code_type":"RC","billing_code_type_version":"UB04","billing_code":"0300","description":"LABORATORY - CLINICAL DIAGNOSTIC","allowed_amounts":[{"tin":{"type":"ein","value":"464084062"},"service_code":["23"],"billing_class":"institutional","payments":[{"allowed_amount":150.00,"billing_code_modifier":[""],"providers":[{"billed_charge":350.00,"npi":[1669872610]},{"billed_charge":750.00,"npi":[1669872610]}]},{"allowed_amount":150.00,"billing_code_modifier":[""],"providers":[{"billed_charge":350.00,"npi":[1669872610]},{"billed_charge":750.00,"npi":[1669872610]}]}]},{"tin":{"type":"ein","value":"464084062"},"service_code":["23"],"billing_class":"institutional","payments":[{"allowed_amount":150.00,"billing_code_modifier":[""],"providers":[{"billed_charge":350.00,"npi":[1669872610]},{"billed_charge":750.00,"npi":[1669872610]}]},{"allowed_amount":150.00,"billing_code_modifier":[""],"providers":[{"billed_charge":350.00,"npi":[1669872610]},{"billed_charge":750.00,"npi":[1669872610]}]}]},{"tin":{"type":"ein","value":"814584169"},"service_code":["23"],"billing_class":"institutional","payments":[{"allowed_amount":3.34,"billing_code_modifier":[""],"providers":[{"billed_charge":10.00,"npi":[1376064295]}]}]},{"tin":{"type":"ein","value":"814584169"},"service_code":["23"],"billing_class":"institutional","payments":[{"allowed_amount":150.00,"billing_code_modifier":[""],"providers":[{"billed_charge":270.00,"npi":[1376064295]}]}]},{"tin":{"type":"ein","value":"824884205"},"service_code":["23"],"billing_class":"institutional","payments":[{"allowed_amount":150.00,"billing_code_modifier":[""],"providers":[{"billed_charge":256.55,"npi":[1295223477]}]}]}]},{"name":"LABORATORY - CLINICAL DIAGNOSTIC: BACTERIOLOGY\/MIC","billing_code_type":"RC","billing_code_type_version":"UB04","billing_code":"0306","description":"LABORATORY - CLINICAL DIAGNOSTIC: BACTERIOLOGY\/MIC","allowed_amounts":[{"tin":{"type":"ein","value":"844983621"},"service_code":["23"],"billing_class":"institutional","payments":[{"allowed_amount":17.43,"billing_code_modifier":[""],"providers":[{"billed_charge":114.00,"npi":[1780297598]}]}]},{"tin":{"type":"ein","value":"844983621"},"service_code":["23"],"billing_class":"institutional","payments":[{"allowed_amount":19.26,"billing_code_modifier":[""],"providers":[{"billed_charge":126.00,"npi":[1780297598]}]}]}]},{"name":"OFFICE\/OUTPATIENT EST PT MAY NOT REQ PHYS\/QHP","billing_code_type":"CPT","billing_code_type_version":"2020","billing_code":"99211","description":"OFFICE\/OUTPATIENT EST PT MAY NOT REQ PHYS\/QHP","allowed_amounts":[{"tin":{"type":"ein","value":"730579298"},"service_code":["11"],"billing_class":"professional","payments":[{"allowed_amount":21.52,"billing_code_modifier":[""],"providers":[{"billed_charge":87.00,"npi":[1528300811,1639844129]}]}]}]},{"name":"PSYCHOANALYSIS","billing_code_type":"CPT","billing_code_type_version":"2020","billing_code":"90845","description":"PSYCHOANALYSIS","allowed_amounts":[{"tin":{"type":"ein","value":"453645342"},"service_code":["11"],"billing_class":"professional","payments":[{"allowed_amount":140.99,"billing_code_modifier":[""],"providers":[{"billed_charge":200.00,"npi":[1548641541]}]}]},{"tin":{"type":"ein","value":"463645342"},"service_code":["11"],"billing_class":"professional","payments":[{"allowed_amount":140.99,"billing_code_modifier":[""],"providers":[{"billed_charge":150.00,"npi":[1548641541]},{"billed_charge":200.00,"npi":[1548641541]}]},{"allowed_amount":140.99,"billing_code_modifier":[""],"providers":[{"billed_charge":150.00,"npi":[1548641541]},{"billed_charge":200.00,"npi":[1548641541]}]}]},{"tin":{"type":"ein","value":"463645342"},"service_code":["11"],"billing_class":"professional","payments":[{"allowed_amount":140.99,"billing_code_modifier":[""],"providers":[{"billed_charge":150.00,"npi":[1548641541]},{"billed_charge":200.00,"npi":[1548641541]}]},{"allowed_amount":140.99,"billing_code_modifier":[""],"providers":[{"billed_charge":150.00,"npi":[1548641541]},{"billed_charge":200.00,"npi":[1548641541]}]}]},{"tin":{"type":"ein","value":"999999999"},"service_code":["11"],"billing_class":"professional","payments":[{"allowed_amount":140.99,"billing_code_modifier":[""],"providers":[{"billed_charge":200.00,"npi":[1234567893]},{"billed_charge":250.00,"npi":[1234567893]}]},{"allowed_amount":140.99,"billing_code_modifier":[""],"providers":[{"billed_charge":200.00,"npi":[1234567893]},{"billed_charge":250.00,"npi":[1234567893]}]}]},{"tin":{"type":"ein","value":"999999999"},"service_code":["11"],"billing_class":"professional","payments":[{"allowed_amount":140.99,"billing_code_modifier":[""],"providers":[{"billed_charge":200.00,"npi":[1234567893]},{"billed_charge":250.00,"npi":[1234567893]}]},{"allowed_amount":140.99,"billing_code_modifier":[""],"providers":[{"billed_charge":200.00,"npi":[1234567893]},{"billed_charge":250.00,"npi":[1234567893]}]}]}]},{"name":"PSYCHOTHERAPY W\/PATIENT 45 MINUTES","billing_code_type":"CPT","billing_code_type_version":"2020","billing_code":"90834","description":"PSYCHOTHERAPY W\/PATIENT 45 MINUTES","allowed_amounts":[{"tin":{"type":"ein","value":"466112803"},"service_code":["11"],"billing_class":"professional","payments":[{"allowed_amount":124.06,"billing_code_modifier":[""],"providers":[{"billed_charge":150.00,"npi":[1234567893,1831333731]}]}]},{"tin":{"type":"ein","value":"466112803"},"service_code":["99"],"billing_class":"professional","payments":[{"allowed_amount":145.92,"billing_code_modifier":[""],"providers":[{"billed_charge":150.00,"npi":[1234567893]}]}]},{"tin":{"type":"ein","value":"999999999"},"service_code":["11"],"billing_class":"professional","payments":[{"allowed_amount":124.06,"billing_code_modifier":[""],"providers":[{"billed_charge":140.00,"npi":[1023772076,1234567893]},{"billed_charge":180.00,"npi":[1508129529]}]},{"allowed_amount":124.06,"billing_code_modifier":[""],"providers":[{"billed_charge":140.00,"npi":[1023772076,1234567893]},{"billed_charge":180.00,"npi":[1508129529]}]}]},{"tin":{"type":"ein","value":"999999999"},"service_code":["11"],"billing_class":"professional","payments":[{"allowed_amount":124.06,"billing_code_modifier":[""],"providers":[{"billed_charge":140.00,"npi":[1023772076,1234567893]},{"billed_charge":180.00,"npi":[1508129529]}]},{"allowed_amount":124.06,"billing_code_modifier":[""],"providers":[{"billed_charge":140.00,"npi":[1023772076,1234567893]},{"billed_charge":180.00,"npi":[1508129529]}]}]}]},{"name":"SPEC CLCT FOR SARS-COV-2 COVID-19 ANY SPEC SRC","billing_code_type":"HCPCS","billing_code_type_version":"HCPCS LEVEL II 2021","billing_code":"G2023","description":"SPEC CLCT FOR SARS-COV-2 COVID-19 ANY SPEC SRC","allowed_amounts":[{"tin":{"type":"ein","value":"450669342"},"service_code":["81"],"billing_class":"professional","payments":[{"allowed_amount":0.00,"billing_code_modifier":[""],"providers":[{"billed_charge":25.00,"npi":[1093099558,1609000249]}]}]},{"tin":{"type":"ein","value":"450669342"},"service_code":["81"],"billing_class":"professional","payments":[{"allowed_amount":23.46,"billing_code_modifier":[""],"providers":[{"billed_charge":25.00,"npi":[1093099558,1609000249]}]}]},{"tin":{"type":"ein","value":"464067873"},"service_code":["81"],"billing_class":"professional","payments":[{"allowed_amount":0.00,"billing_code_modifier":[""],"providers":[{"billed_charge":50.00,"npi":[1275960866]}]}]},{"tin":{"type":"ein","value":"464067873"},"service_code":["81"],"billing_class":"professional","payments":[{"allowed_amount":23.46,"billing_code_modifier":[""],"providers":[{"billed_charge":50.00,"npi":[1275960866,1821281734]}]}]},{"tin":{"type":"ein","value":"471926617"},"service_code":["81"],"billing_class":"professional","payments":[{"allowed_amount":23.46,"billing_code_modifier":[""],"providers":[{"billed_charge":120.00,"npi":[1376926196,1780108654]}]}]},{"tin":{"type":"ein","value":"474943249"},"service_code":["81"],"billing_class":"professional","payments":[{"allowed_amount":23.46,"billing_code_modifier":[""],"providers":[{"billed_charge":75.00,"npi":[1306213756]}]}]},{"tin":{"type":"ein","value":"475375456"},"service_code":["81"],"billing_class":"professional","payments":[{"allowed_amount":0.00,"billing_code_modifier":[""],"providers":[{"billed_charge":25.00,"npi":[1265437925,1598138562]}]}]},{"tin":{"type":"ein","value":"810766596"},"service_code":["81"],"billing_class":"professional","payments":[{"allowed_amount":23.46,"billing_code_modifier":[""],"providers":[{"billed_charge":140.76,"npi":[1568816692,1609363951,1902267164]}]}]},{"tin":{"type":"ein","value":"814189529"},"service_code":["11"],"billing_class":"professional","payments":[{"allowed_amount":23.46,"billing_code_modifier":[""],"providers":[{"billed_charge":281.52,"npi":[1255879763]}]}]},{"tin":{"type":"ein","value":"821445590"},"service_code":["81"],"billing_class":"professional","payments":[{"allowed_amount":23.46,"billing_code_modifier":[""],"providers":[{"billed_charge":50.00,"npi":[1245754316,1962921445]}]}]},{"tin":{"type":"ein","value":"832522386"},"service_code":["11","81"],"billing_class":"professional","payments":[{"allowed_amount":23.46,"billing_code_modifier":[""],"providers":[{"billed_charge":46.92,"npi":[1184253650,1316245558,1336336205]}]}]},{"tin":{"type":"ein","value":"832522386"},"service_code":["81"],"billing_class":"professional","payments":[{"allowed_amount":0.00,"billing_code_modifier":[""],"providers":[{"billed_charge":46.92,"npi":[1184253650,1336336205]}]}]},{"tin":{"type":"ein","value":"843840568"},"service_code":["81"],"billing_class":"professional","payments":[{"allowed_amount":23.46,"billing_code_modifier":[""],"providers":[{"billed_charge":50.00,"npi":[1346841202,1992996680]}]}]},{"tin":{"type":"ein","value":"850559400"},"service_code":["11"],"billing_class":"professional","payments":[{"allowed_amount":0.00,"billing_code_modifier":[""],"providers":[{"billed_charge":350.00,"npi":[1003418583,1841671476]}]}]},{"tin":{"type":"ein","value":"851828383"},"service_code":["81"],"billing_class":"professional","payments":[{"allowed_amount":0.00,"billing_code_modifier":[""],"providers":[{"billed_charge":124.00,"npi":[1285644021,1639797863,1912114521]}]}]},{"tin":{"type":"ein","value":"851828383"},"service_code":["81"],"billing_class":"professional","payments":[{"allowed_amount":23.46,"billing_code_modifier":[""],"providers":[{"billed_charge":124.00,"npi":[1285644021,1639797863,1912114521]}]}]},{"tin":{"type":"ein","value":"851828383"},"service_code":["81"],"billing_class":"professional","payments":[{"allowed_amount":124.00,"billing_code_modifier":[""],"providers":[{"billed_charge":124.00,"npi":[1285644021,1639797863,1912114521]}]}]},{"tin":{"type":"ein","value":"852766187"},"service_code":["81"],"billing_class":"professional","payments":[{"allowed_amount":0.00,"billing_code_modifier":[""],"providers":[{"billed_charge":47.00,"npi":[1255946869,1306194329]}]}]},{"tin":{"type":"ein","value":"853164216"},"service_code":["81"],"billing_class":"professional","payments":[{"allowed_amount":0.00,"billing_code_modifier":[""],"providers":[{"billed_charge":50.00,"npi":[1225632029]}]}]},{"tin":{"type":"ein","value":"853720606"},"service_code":["81"],"billing_class":"professional","payments":[{"allowed_amount":0.00,"billing_code_modifier":[""],"providers":[{"billed_charge":30.00,"npi":[1366045932,1912417858]}]}]},{"tin":{"type":"ein","value":"853720606"},"service_code":["81"],"billing_class":"professional","payments":[{"allowed_amount":23.46,"billing_code_modifier":[""],"providers":[{"billed_charge":30.00,"npi":[1366045932,1912417858]}]}]},{"tin":{"type":"ein","value":"854322824"},"service_code":["81"],"billing_class":"professional","payments":[{"allowed_amount":23.46,"billing_code_modifier":[""],"providers":[{"billed_charge":46.92,"npi":[1245825686]}]}]},{"tin":{"type":"ein","value":"871963792"},"service_code":["81"],"billing_class":"professional","payments":[{"allowed_amount":23.46,"billing_code_modifier":[""],"providers":[{"billed_charge":50.00,"npi":[1083920888,1851059588]}]}]},{"tin":{"type":"ein","value":"872336634"},"service_code":["81"],"billing_class":"professional","payments":[{"allowed_amount":23.46,"billing_code_modifier":[""],"providers":[{"billed_charge":46.00,"npi":[1124553672,1265534465,1861162455]}]}]}]},{"name":"SURGICAL DRESSINGS","billing_code_type":"RC","billing_code_type_version":"UB04","billing_code":"0623","description":"SURGICAL DRESSINGS","allowed_amounts":[{"tin":{"type":"ein","value":"814584169"},"service_code":["23"],"billing_class":"institutional","payments":[{"allowed_amount":133.68,"billing_code_modifier":[""],"providers":[{"billed_charge":400.00,"npi":[1376064295]}]}]}]}]}
