{"reporting_entity_name": "IEC Group_DBA AmeriBen",
	"reporting_entity_type": "Third Party Administrator",
	"plan_name": "AHLSTROM-MUNKSJO",
	"plan_id_type": "ein",
	"plan_id": "133509370",
	"plan_market_type": "group",
	"last_updated_on": "2022-12-01","Version": "1.0.0","out_of_network":[{"name":"CHIROPRACTIC MANIPLTV TX EXTRASPINAL 1\/> REGION","billing_code_type":"CPT","billing_code_type_version":"2020","billing_code":"98943","description":"CHIROPRACTIC MANIPLTV TX EXTRASPINAL 1\/> REGION","allowed_amounts":[{"tin":{"type":"ein","value":"391784227"},"service_code":["11"],"billing_class":"professional","payments":[{"allowed_amount":50.00,"billing_code_modifier":[""],"providers":[{"billed_charge":50.00,"npi":[1336204627,1558428268]}]}]}]},{"name":"CHIROPRACTIC MANIPULATIVE TX SPINAL 3-4 REGIONS","billing_code_type":"CPT","billing_code_type_version":"2020","billing_code":"98941","description":"CHIROPRACTIC MANIPULATIVE TX SPINAL 3-4 REGIONS","allowed_amounts":[{"tin":{"type":"ein","value":"391775649"},"service_code":["11"],"billing_class":"professional","payments":[{"allowed_amount":31.08,"billing_code_modifier":[""],"providers":[{"billed_charge":80.00,"npi":[1740637784,1902981244]}]}]},{"tin":{"type":"ein","value":"391784227"},"service_code":["11"],"billing_class":"professional","payments":[{"allowed_amount":31.08,"billing_code_modifier":[""],"providers":[{"billed_charge":75.00,"npi":[1154502524,1336204627,1558428268]}]}]},{"tin":{"type":"ein","value":"391784227"},"service_code":["11"],"billing_class":"professional","payments":[{"allowed_amount":72.00,"billing_code_modifier":[""],"providers":[{"billed_charge":72.00,"npi":[1154502524,1336204627,1558428268]}]}]},{"tin":{"type":"ein","value":"455129026"},"service_code":["11"],"billing_class":"professional","payments":[{"allowed_amount":31.08,"billing_code_modifier":[""],"providers":[{"billed_charge":65.00,"npi":[1104184613,1437429149]}]}]},{"tin":{"type":"ein","value":"825292911"},"service_code":["11"],"billing_class":"professional","payments":[{"allowed_amount":31.08,"billing_code_modifier":[""],"providers":[{"billed_charge":65.00,"npi":[1740775279,1780913202]}]}]}]},{"name":"IA DET DNA\/RNA; COVID-19 AMP P T","billing_code_type":"HCPCS","billing_code_type_version":"HCPCS LEVEL II 2021","billing_code":"U0003","description":"IA DET DNA\/RNA; COVID-19 AMP P T","allowed_amounts":[{"tin":{"type":"ein","value":"814460406"},"service_code":["81"],"billing_class":"professional","payments":[{"allowed_amount":75.00,"billing_code_modifier":[""],"providers":[{"billed_charge":200.00,"npi":[1255423737,1538507819]}]}]},{"tin":{"type":"ein","value":"880241758"},"service_code":["81"],"billing_class":"professional","payments":[{"allowed_amount":75.00,"billing_code_modifier":[""],"providers":[{"billed_charge":100.00,"npi":[1124417357,1598714016,1992847644]}]}]}]},{"name":"INFEC AGEN DETEC AMPLI PROBE","billing_code_type":"HCPCS","billing_code_type_version":"HCPCS LEVEL II 2021","billing_code":"U0005","description":"INFEC AGEN DETEC AMPLI PROBE","allowed_amounts":[{"tin":{"type":"ein","value":"814460406"},"service_code":["81"],"billing_class":"professional","payments":[{"allowed_amount":25.00,"billing_code_modifier":[""],"providers":[{"billed_charge":100.00,"npi":[1255423737,1538507819]}]}]},{"tin":{"type":"ein","value":"880241758"},"service_code":["81"],"billing_class":"professional","payments":[{"allowed_amount":25.00,"billing_code_modifier":[""],"providers":[{"billed_charge":25.00,"npi":[1124417357,1598714016,1992847644]}]}]}]},{"name":"OFFICE\/OUTPATIENT EST PT MAY NOT REQ PHYS\/QHP","billing_code_type":"CPT","billing_code_type_version":"2020","billing_code":"99211","description":"OFFICE\/OUTPATIENT EST PT MAY NOT REQ PHYS\/QHP","allowed_amounts":[{"tin":{"type":"ein","value":"370661250"},"service_code":["22"],"billing_class":"professional","payments":[{"allowed_amount":8.85,"billing_code_modifier":[""],"providers":[{"billed_charge":176.00,"npi":[1104912435,1518170729]}]}]}]}]}
