{"reporting_entity_name": "IEC Group_DBA AmeriBen",
	"reporting_entity_type": "Third Party Administrator",
	"plan_name": "KING'S HAWAIIAN MEDICAL PLAN",
	"plan_id_type": "ein",
	"plan_id": "330747313",
	"plan_market_type": "group",
	"last_updated_on": "2022-11-01","Version": "1.0.0","out_of_network":[{"name":"COVID-19 LAB TEST NON-CDC HTT","billing_code_type":"HCPCS","billing_code_type_version":"HCPCS LEVEL II 2021","billing_code":"U0004","description":"COVID-19 LAB TEST NON-CDC HTT","allowed_amounts":[{"tin":{"type":"ein","value":"273440467"},"service_code":["81"],"billing_class":"professional","payments":[{"allowed_amount":105.00,"billing_code_modifier":[""],"providers":[{"billed_charge":150.00,"npi":[1447592308,1467437442]}]}]},{"tin":{"type":"ein","value":"831342609"},"service_code":["81"],"billing_class":"professional","payments":[{"allowed_amount":105.00,"billing_code_modifier":[""],"providers":[{"billed_charge":350.00,"npi":[1053541581,1073101028,1487815387]}]}]},{"tin":{"type":"ein","value":"842517811"},"service_code":["81"],"billing_class":"professional","payments":[{"allowed_amount":105.00,"billing_code_modifier":[""],"providers":[{"billed_charge":188.00,"npi":[1801004403,1851917405]}]}]},{"tin":{"type":"ein","value":"853664779"},"service_code":["81"],"billing_class":"professional","payments":[{"allowed_amount":105.00,"billing_code_modifier":[""],"providers":[{"billed_charge":113.00,"npi":[1437561099,1518555069,1952398406]}]}]}]},{"name":"DRUG TEST DEF 8-14 CLASSES","billing_code_type":"HCPCS","billing_code_type_version":"HCPCS LEVEL II 2021","billing_code":"G0481","description":"DRUG TEST DEF 8-14 CLASSES","allowed_amounts":[{"tin":{"type":"ein","value":"811093211"},"service_code":["81"],"billing_class":"professional","payments":[{"allowed_amount":219.23,"billing_code_modifier":[""],"providers":[{"billed_charge":250.00,"npi":[1164507679,1184086001]}]}]},{"tin":{"type":"ein","value":"853369665"},"service_code":["11"],"billing_class":"professional","payments":[{"allowed_amount":219.23,"billing_code_modifier":[""],"providers":[{"billed_charge":2500.00,"npi":[1023605581,1124197686]}]}]}]},{"name":"EMERGENCY DEPT VISIT HIGH SEVERITY&THREAT FUNCJ","billing_code_type":"CPT","billing_code_type_version":"2020","billing_code":"99285","description":"EMERGENCY DEPT VISIT HIGH SEVERITY&THREAT FUNCJ","allowed_amounts":[{"tin":{"type":"ein","value":"200463713"},"service_code":["23"],"billing_class":"professional","payments":[{"allowed_amount":199.98,"billing_code_modifier":[""],"providers":[{"billed_charge":2308.00,"npi":[1184655581,1235507724,1689606790,1730250580]}]}]},{"tin":{"type":"ein","value":"451833448"},"service_code":["23"],"billing_class":"professional","payments":[{"allowed_amount":199.98,"billing_code_modifier":[""],"providers":[{"billed_charge":1430.82,"npi":[1063412005,1376834937,1922494392]}]}]},{"tin":{"type":"ein","value":"954534163"},"service_code":["23"],"billing_class":"professional","payments":[{"allowed_amount":199.98,"billing_code_modifier":[""],"providers":[{"billed_charge":734.00,"npi":[1043373087,1184048712,1184974842,1215961628,1467459776,1487882841]}]}]}]},{"name":"INFEC AGEN DETEC AMPLI PROBE","billing_code_type":"HCPCS","billing_code_type_version":"HCPCS LEVEL II 2021","billing_code":"U0005","description":"INFEC AGEN DETEC AMPLI PROBE","allowed_amounts":[{"tin":{"type":"ein","value":"273440467"},"service_code":["81"],"billing_class":"professional","payments":[{"allowed_amount":35.00,"billing_code_modifier":[""],"providers":[{"billed_charge":38.00,"npi":[1447592308,1467437442]}]}]},{"tin":{"type":"ein","value":"464163620"},"service_code":["81"],"billing_class":"professional","payments":[{"allowed_amount":25.00,"billing_code_modifier":[""],"providers":[{"billed_charge":25.00,"npi":[1265854855,1912008087]}]}]},{"tin":{"type":"ein","value":"472462178"},"service_code":["81"],"billing_class":"professional","payments":[{"allowed_amount":35.00,"billing_code_modifier":[""],"providers":[{"billed_charge":50.00,"npi":[1114183555,1144731605,1174824726,1639311509]}]}]},{"tin":{"type":"ein","value":"473727159"},"service_code":["81"],"billing_class":"professional","payments":[{"allowed_amount":25.00,"billing_code_modifier":[""],"providers":[{"billed_charge":25.00,"npi":[1053821777,1225682602,1376842005,1740753003,1841821501,1902423254,1912521568,1992314918]}]}]},{"tin":{"type":"ein","value":"474777175"},"service_code":["81"],"billing_class":"professional","payments":[{"allowed_amount":35.00,"billing_code_modifier":[""],"providers":[{"billed_charge":95.00,"npi":[1205023512,1205410933,1508881574]}]}]},{"tin":{"type":"ein","value":"820973231"},"service_code":["81"],"billing_class":"professional","payments":[{"allowed_amount":25.00,"billing_code_modifier":[""],"providers":[{"billed_charge":25.00,"npi":[1174674352,1205362522]}]}]},{"tin":{"type":"ein","value":"831342609"},"service_code":["81"],"billing_class":"professional","payments":[{"allowed_amount":35.00,"billing_code_modifier":[""],"providers":[{"billed_charge":100.00,"npi":[1053541581,1073101028,1487815387]}]}]},{"tin":{"type":"ein","value":"831708962"},"service_code":["81"],"billing_class":"professional","payments":[{"allowed_amount":35.00,"billing_code_modifier":[""],"providers":[{"billed_charge":120.00,"npi":[1427610674,1992978555]}]}]},{"tin":{"type":"ein","value":"851054301"},"service_code":["81"],"billing_class":"professional","payments":[{"allowed_amount":35.00,"billing_code_modifier":[""],"providers":[{"billed_charge":75.00,"npi":[1336191980,1467030536]}]}]},{"tin":{"type":"ein","value":"851795945"},"service_code":["81"],"billing_class":"professional","payments":[{"allowed_amount":25.00,"billing_code_modifier":[""],"providers":[{"billed_charge":25.00,"npi":[1114218682,1902403926]}]}]},{"tin":{"type":"ein","value":"852364612"},"service_code":["81"],"billing_class":"professional","payments":[{"allowed_amount":35.00,"billing_code_modifier":[""],"providers":[{"billed_charge":75.00,"npi":[1740685387,1790386746]}]}]},{"tin":{"type":"ein","value":"853664779"},"service_code":["81"],"billing_class":"professional","payments":[{"allowed_amount":25.00,"billing_code_modifier":[""],"providers":[{"billed_charge":25.00,"npi":[1518555069,1952398406]}]}]},{"tin":{"type":"ein","value":"853664779"},"service_code":["81"],"billing_class":"professional","payments":[{"allowed_amount":35.00,"billing_code_modifier":[""],"providers":[{"billed_charge":35.00,"npi":[1437561099,1518555069]}]}]},{"tin":{"type":"ein","value":"861716987"},"service_code":["81"],"billing_class":"professional","payments":[{"allowed_amount":35.00,"billing_code_modifier":[""],"providers":[{"billed_charge":118.00,"npi":[1356917173,1427167121,1982751756]}]}]},{"tin":{"type":"ein","value":"873102949"},"service_code":["81"],"billing_class":"professional","payments":[{"allowed_amount":35.00,"billing_code_modifier":[""],"providers":[{"billed_charge":75.00,"npi":[1144847351,1356005920,1558966655]}]}]}]},{"name":"SARS-COV-2 COVID-19 AMP PRB HTT","billing_code_type":"HCPCS","billing_code_type_version":"HCPCS LEVEL II 2021","billing_code":"U0003","description":"SARS-COV-2 COVID-19 AMP PRB HTT","allowed_amounts":[{"tin":{"type":"ein","value":"464163620"},"service_code":["81"],"billing_class":"professional","payments":[{"allowed_amount":105.00,"billing_code_modifier":[""],"providers":[{"billed_charge":250.00,"npi":[1265854855,1912008087]}]}]},{"tin":{"type":"ein","value":"472462178"},"service_code":["81"],"billing_class":"professional","payments":[{"allowed_amount":105.00,"billing_code_modifier":[""],"providers":[{"billed_charge":250.00,"npi":[1114183555,1144731605,1174824726,1639311509]}]}]},{"tin":{"type":"ein","value":"473727159"},"service_code":["81"],"billing_class":"professional","payments":[{"allowed_amount":105.00,"billing_code_modifier":[""],"providers":[{"billed_charge":125.00,"npi":[1053821777,1225682602,1376842005,1740753003,1841821501,1902423254,1912521568,1992314918]}]}]},{"tin":{"type":"ein","value":"474777175"},"service_code":["81"],"billing_class":"professional","payments":[{"allowed_amount":105.00,"billing_code_modifier":[""],"providers":[{"billed_charge":295.00,"npi":[1205023512,1205410933,1508881574]}]}]},{"tin":{"type":"ein","value":"820973231"},"service_code":["81"],"billing_class":"professional","payments":[{"allowed_amount":105.00,"billing_code_modifier":[""],"providers":[{"billed_charge":195.00,"npi":[1174674352,1205362522]}]}]},{"tin":{"type":"ein","value":"831708962"},"service_code":["81"],"billing_class":"professional","payments":[{"allowed_amount":105.00,"billing_code_modifier":[""],"providers":[{"billed_charge":240.00,"npi":[1427610674,1992978555]}]}]},{"tin":{"type":"ein","value":"851054301"},"service_code":["81"],"billing_class":"professional","payments":[{"allowed_amount":105.00,"billing_code_modifier":[""],"providers":[{"billed_charge":225.00,"npi":[1336191980,1467030536]}]}]},{"tin":{"type":"ein","value":"852364612"},"service_code":["81"],"billing_class":"professional","payments":[{"allowed_amount":105.00,"billing_code_modifier":[""],"providers":[{"billed_charge":225.00,"npi":[1740685387,1790386746]}]}]},{"tin":{"type":"ein","value":"861716987"},"service_code":["81"],"billing_class":"professional","payments":[{"allowed_amount":105.00,"billing_code_modifier":[""],"providers":[{"billed_charge":200.00,"npi":[1356917173,1427167121,1982751756]}]}]},{"tin":{"type":"ein","value":"873102949"},"service_code":["81"],"billing_class":"professional","payments":[{"allowed_amount":105.00,"billing_code_modifier":[""],"providers":[{"billed_charge":249.00,"npi":[1144847351,1356005920,1558966655]}]}]}]},{"name":"SPECIMEN COLLECT COVID-19","billing_code_type":"HCPCS","billing_code_type_version":"HCPCS LEVEL II 2021","billing_code":"G2023","description":"SPECIMEN COLLECT COVID-19","allowed_amounts":[{"tin":{"type":"ein","value":"464163620"},"service_code":["81"],"billing_class":"professional","payments":[{"allowed_amount":32.84,"billing_code_modifier":[""],"providers":[{"billed_charge":50.00,"npi":[1265854855,1912008087]}]}]},{"tin":{"type":"ein","value":"820973231"},"service_code":["81"],"billing_class":"professional","payments":[{"allowed_amount":32.84,"billing_code_modifier":[""],"providers":[{"billed_charge":65.00,"npi":[1174674352,1205362522]}]}]},{"tin":{"type":"ein","value":"831342609"},"service_code":["81"],"billing_class":"professional","payments":[{"allowed_amount":32.84,"billing_code_modifier":[""],"providers":[{"billed_charge":50.00,"npi":[1053541581,1073101028,1487815387]}]}]},{"tin":{"type":"ein","value":"842517811"},"service_code":["81"],"billing_class":"professional","payments":[{"allowed_amount":32.84,"billing_code_modifier":[""],"providers":[{"billed_charge":50.00,"npi":[1801004403,1851917405]}]}]},{"tin":{"type":"ein","value":"852364612"},"service_code":["81"],"billing_class":"professional","payments":[{"allowed_amount":32.84,"billing_code_modifier":[""],"providers":[{"billed_charge":70.00,"npi":[1740685387,1790386746]}]}]},{"tin":{"type":"ein","value":"861287804"},"service_code":["81"],"billing_class":"professional","payments":[{"allowed_amount":32.84,"billing_code_modifier":[""],"providers":[{"billed_charge":75.00,"npi":[1336191980,1952067027]}]}]},{"tin":{"type":"ein","value":"873102949"},"service_code":["81"],"billing_class":"professional","payments":[{"allowed_amount":32.84,"billing_code_modifier":[""],"providers":[{"billed_charge":46.92,"npi":[1144847351,1356005920,1558966655]}]}]}]}]}
