{"reporting_entity_name": "IEC Group_DBA AmeriBen",
	"reporting_entity_type": "Third Party Administrator",
	"plan_name": "NAEBT",
	"plan_id_type": "ein",
	"plan_id": "356967423",
	"plan_market_type": "group",
	"last_updated_on": "2024-09-01","Version": "1.0.0","out_of_network":[{"name":"APPL MODALITY 1\/> AREAS TRACTION MECHANICAL","billing_code_type":"CPT","billing_code_type_version":"2020","billing_code":"97012","description":"APPL MODALITY 1\/> AREAS TRACTION MECHANICAL","allowed_amounts":[{"tin":{"type":"ein","value":"208581562"},"service_code":["11"],"billing_class":"professional","payments":[{"allowed_amount":9.56,"billing_code_modifier":[""],"providers":[{"billed_charge":30.00,"npi":[1801847371]}]}]},{"tin":{"type":"ein","value":"331005741"},"service_code":["11"],"billing_class":"professional","payments":[{"allowed_amount":9.56,"billing_code_modifier":[""],"providers":[{"billed_charge":25.00,"npi":[1184637373,1588806418]}]}]},{"tin":{"type":"ein","value":"923343571"},"service_code":["11"],"billing_class":"professional","payments":[{"allowed_amount":9.56,"billing_code_modifier":[""],"providers":[{"billed_charge":45.00,"npi":[1588365480]}]}]}]},{"name":"CHIROPRACTIC MANIPULATIVE TX SPINAL 3-4 REGIONS","billing_code_type":"CPT","billing_code_type_version":"2020","billing_code":"98941","description":"CHIROPRACTIC MANIPULATIVE TX SPINAL 3-4 REGIONS","allowed_amounts":[{"tin":{"type":"ein","value":"208581562"},"service_code":["11"],"billing_class":"professional","payments":[{"allowed_amount":27.00,"billing_code_modifier":[""],"providers":[{"billed_charge":65.00,"npi":[1801847371]}]}]},{"tin":{"type":"ein","value":"331005741"},"service_code":["11"],"billing_class":"professional","payments":[{"allowed_amount":27.00,"billing_code_modifier":[""],"providers":[{"billed_charge":50.00,"npi":[1184637373,1588806418]}]}]},{"tin":{"type":"ein","value":"870716733"},"service_code":["11"],"billing_class":"professional","payments":[{"allowed_amount":27.00,"billing_code_modifier":[""],"providers":[{"billed_charge":75.00,"npi":[1831288331]}]}]},{"tin":{"type":"ein","value":"923343571"},"service_code":["11"],"billing_class":"professional","payments":[{"allowed_amount":27.00,"billing_code_modifier":[""],"providers":[{"billed_charge":60.00,"npi":[1588365480]}]}]}]},{"name":"EMERGENCY ROOM","billing_code_type":"RC","billing_code_type_version":"UB04","billing_code":"0450","description":"EMERGENCY ROOM","allowed_amounts":[{"tin":{"type":"ein","value":"871737544"},"service_code":["23"],"billing_class":"institutional","payments":[{"allowed_amount":879.53,"billing_code_modifier":[""],"providers":[{"billed_charge":2400.00,"npi":[1750092110,1841262474,1891780029]},{"billed_charge":4500.00,"npi":[1588669402,1750092110,1942512199]},{"billed_charge":5000.00,"npi":[1588669402,1750092110]},{"billed_charge":5040.00,"npi":[1043521313,1083644298,1750092110,1891780029]},{"billed_charge":5400.00,"npi":[1750092110,1972690584]}]},{"allowed_amount":879.53,"billing_code_modifier":[""],"providers":[{"billed_charge":2400.00,"npi":[1750092110,1841262474,1891780029]},{"billed_charge":4500.00,"npi":[1588669402,1750092110,1942512199]},{"billed_charge":5000.00,"npi":[1588669402,1750092110]},{"billed_charge":5040.00,"npi":[1043521313,1083644298,1750092110,1891780029]},{"billed_charge":5400.00,"npi":[1750092110,1972690584]}]},{"allowed_amount":879.53,"billing_code_modifier":[""],"providers":[{"billed_charge":2400.00,"npi":[1750092110,1841262474,1891780029]},{"billed_charge":4500.00,"npi":[1588669402,1750092110,1942512199]},{"billed_charge":5000.00,"npi":[1588669402,1750092110]},{"billed_charge":5040.00,"npi":[1043521313,1083644298,1750092110,1891780029]},{"billed_charge":5400.00,"npi":[1750092110,1972690584]}]},{"allowed_amount":879.53,"billing_code_modifier":[""],"providers":[{"billed_charge":2400.00,"npi":[1750092110,1841262474,1891780029]},{"billed_charge":4500.00,"npi":[1588669402,1750092110,1942512199]},{"billed_charge":5000.00,"npi":[1588669402,1750092110]},{"billed_charge":5040.00,"npi":[1043521313,1083644298,1750092110,1891780029]},{"billed_charge":5400.00,"npi":[1750092110,1972690584]}]},{"allowed_amount":879.53,"billing_code_modifier":[""],"providers":[{"billed_charge":2400.00,"npi":[1750092110,1841262474,1891780029]},{"billed_charge":4500.00,"npi":[1588669402,1750092110,1942512199]},{"billed_charge":5000.00,"npi":[1588669402,1750092110]},{"billed_charge":5040.00,"npi":[1043521313,1083644298,1750092110,1891780029]},{"billed_charge":5400.00,"npi":[1750092110,1972690584]}]}]},{"tin":{"type":"ein","value":"871737544"},"service_code":["23"],"billing_class":"institutional","payments":[{"allowed_amount":879.53,"billing_code_modifier":[""],"providers":[{"billed_charge":2400.00,"npi":[1750092110,1841262474,1891780029]},{"billed_charge":4500.00,"npi":[1588669402,1750092110,1942512199]},{"billed_charge":5000.00,"npi":[1588669402,1750092110]},{"billed_charge":5040.00,"npi":[1043521313,1083644298,1750092110,1891780029]},{"billed_charge":5400.00,"npi":[1750092110,1972690584]}]},{"allowed_amount":879.53,"billing_code_modifier":[""],"providers":[{"billed_charge":2400.00,"npi":[1750092110,1841262474,1891780029]},{"billed_charge":4500.00,"npi":[1588669402,1750092110,1942512199]},{"billed_charge":5000.00,"npi":[1588669402,1750092110]},{"billed_charge":5040.00,"npi":[1043521313,1083644298,1750092110,1891780029]},{"billed_charge":5400.00,"npi":[1750092110,1972690584]}]},{"allowed_amount":879.53,"billing_code_modifier":[""],"providers":[{"billed_charge":2400.00,"npi":[1750092110,1841262474,1891780029]},{"billed_charge":4500.00,"npi":[1588669402,1750092110,1942512199]},{"billed_charge":5000.00,"npi":[1588669402,1750092110]},{"billed_charge":5040.00,"npi":[1043521313,1083644298,1750092110,1891780029]},{"billed_charge":5400.00,"npi":[1750092110,1972690584]}]},{"allowed_amount":879.53,"billing_code_modifier":[""],"providers":[{"billed_charge":2400.00,"npi":[1750092110,1841262474,1891780029]},{"billed_charge":4500.00,"npi":[1588669402,1750092110,1942512199]},{"billed_charge":5000.00,"npi":[1588669402,1750092110]},{"billed_charge":5040.00,"npi":[1043521313,1083644298,1750092110,1891780029]},{"billed_charge":5400.00,"npi":[1750092110,1972690584]}]},{"allowed_amount":879.53,"billing_code_modifier":[""],"providers":[{"billed_charge":2400.00,"npi":[1750092110,1841262474,1891780029]},{"billed_charge":4500.00,"npi":[1588669402,1750092110,1942512199]},{"billed_charge":5000.00,"npi":[1588669402,1750092110]},{"billed_charge":5040.00,"npi":[1043521313,1083644298,1750092110,1891780029]},{"billed_charge":5400.00,"npi":[1750092110,1972690584]}]}]},{"tin":{"type":"ein","value":"871737544"},"service_code":["23"],"billing_class":"institutional","payments":[{"allowed_amount":879.53,"billing_code_modifier":[""],"providers":[{"billed_charge":2400.00,"npi":[1750092110,1841262474,1891780029]},{"billed_charge":4500.00,"npi":[1588669402,1750092110,1942512199]},{"billed_charge":5000.00,"npi":[1588669402,1750092110]},{"billed_charge":5040.00,"npi":[1043521313,1083644298,1750092110,1891780029]},{"billed_charge":5400.00,"npi":[1750092110,1972690584]}]},{"allowed_amount":879.53,"billing_code_modifier":[""],"providers":[{"billed_charge":2400.00,"npi":[1750092110,1841262474,1891780029]},{"billed_charge":4500.00,"npi":[1588669402,1750092110,1942512199]},{"billed_charge":5000.00,"npi":[1588669402,1750092110]},{"billed_charge":5040.00,"npi":[1043521313,1083644298,1750092110,1891780029]},{"billed_charge":5400.00,"npi":[1750092110,1972690584]}]},{"allowed_amount":879.53,"billing_code_modifier":[""],"providers":[{"billed_charge":2400.00,"npi":[1750092110,1841262474,1891780029]},{"billed_charge":4500.00,"npi":[1588669402,1750092110,1942512199]},{"billed_charge":5000.00,"npi":[1588669402,1750092110]},{"billed_charge":5040.00,"npi":[1043521313,1083644298,1750092110,1891780029]},{"billed_charge":5400.00,"npi":[1750092110,1972690584]}]},{"allowed_amount":879.53,"billing_code_modifier":[""],"providers":[{"billed_charge":2400.00,"npi":[1750092110,1841262474,1891780029]},{"billed_charge":4500.00,"npi":[1588669402,1750092110,1942512199]},{"billed_charge":5000.00,"npi":[1588669402,1750092110]},{"billed_charge":5040.00,"npi":[1043521313,1083644298,1750092110,1891780029]},{"billed_charge":5400.00,"npi":[1750092110,1972690584]}]},{"allowed_amount":879.53,"billing_code_modifier":[""],"providers":[{"billed_charge":2400.00,"npi":[1750092110,1841262474,1891780029]},{"billed_charge":4500.00,"npi":[1588669402,1750092110,1942512199]},{"billed_charge":5000.00,"npi":[1588669402,1750092110]},{"billed_charge":5040.00,"npi":[1043521313,1083644298,1750092110,1891780029]},{"billed_charge":5400.00,"npi":[1750092110,1972690584]}]}]},{"tin":{"type":"ein","value":"871737544"},"service_code":["23"],"billing_class":"institutional","payments":[{"allowed_amount":879.53,"billing_code_modifier":[""],"providers":[{"billed_charge":2400.00,"npi":[1750092110,1841262474,1891780029]},{"billed_charge":4500.00,"npi":[1588669402,1750092110,1942512199]},{"billed_charge":5000.00,"npi":[1588669402,1750092110]},{"billed_charge":5040.00,"npi":[1043521313,1083644298,1750092110,1891780029]},{"billed_charge":5400.00,"npi":[1750092110,1972690584]}]},{"allowed_amount":879.53,"billing_code_modifier":[""],"providers":[{"billed_charge":2400.00,"npi":[1750092110,1841262474,1891780029]},{"billed_charge":4500.00,"npi":[1588669402,1750092110,1942512199]},{"billed_charge":5000.00,"npi":[1588669402,1750092110]},{"billed_charge":5040.00,"npi":[1043521313,1083644298,1750092110,1891780029]},{"billed_charge":5400.00,"npi":[1750092110,1972690584]}]},{"allowed_amount":879.53,"billing_code_modifier":[""],"providers":[{"billed_charge":2400.00,"npi":[1750092110,1841262474,1891780029]},{"billed_charge":4500.00,"npi":[1588669402,1750092110,1942512199]},{"billed_charge":5000.00,"npi":[1588669402,1750092110]},{"billed_charge":5040.00,"npi":[1043521313,1083644298,1750092110,1891780029]},{"billed_charge":5400.00,"npi":[1750092110,1972690584]}]},{"allowed_amount":879.53,"billing_code_modifier":[""],"providers":[{"billed_charge":2400.00,"npi":[1750092110,1841262474,1891780029]},{"billed_charge":4500.00,"npi":[1588669402,1750092110,1942512199]},{"billed_charge":5000.00,"npi":[1588669402,1750092110]},{"billed_charge":5040.00,"npi":[1043521313,1083644298,1750092110,1891780029]},{"billed_charge":5400.00,"npi":[1750092110,1972690584]}]},{"allowed_amount":879.53,"billing_code_modifier":[""],"providers":[{"billed_charge":2400.00,"npi":[1750092110,1841262474,1891780029]},{"billed_charge":4500.00,"npi":[1588669402,1750092110,1942512199]},{"billed_charge":5000.00,"npi":[1588669402,1750092110]},{"billed_charge":5040.00,"npi":[1043521313,1083644298,1750092110,1891780029]},{"billed_charge":5400.00,"npi":[1750092110,1972690584]}]}]},{"tin":{"type":"ein","value":"871737544"},"service_code":["23"],"billing_class":"institutional","payments":[{"allowed_amount":879.53,"billing_code_modifier":[""],"providers":[{"billed_charge":2400.00,"npi":[1750092110,1841262474,1891780029]},{"billed_charge":4500.00,"npi":[1588669402,1750092110,1942512199]},{"billed_charge":5000.00,"npi":[1588669402,1750092110]},{"billed_charge":5040.00,"npi":[1043521313,1083644298,1750092110,1891780029]},{"billed_charge":5400.00,"npi":[1750092110,1972690584]}]},{"allowed_amount":879.53,"billing_code_modifier":[""],"providers":[{"billed_charge":2400.00,"npi":[1750092110,1841262474,1891780029]},{"billed_charge":4500.00,"npi":[1588669402,1750092110,1942512199]},{"billed_charge":5000.00,"npi":[1588669402,1750092110]},{"billed_charge":5040.00,"npi":[1043521313,1083644298,1750092110,1891780029]},{"billed_charge":5400.00,"npi":[1750092110,1972690584]}]},{"allowed_amount":879.53,"billing_code_modifier":[""],"providers":[{"billed_charge":2400.00,"npi":[1750092110,1841262474,1891780029]},{"billed_charge":4500.00,"npi":[1588669402,1750092110,1942512199]},{"billed_charge":5000.00,"npi":[1588669402,1750092110]},{"billed_charge":5040.00,"npi":[1043521313,1083644298,1750092110,1891780029]},{"billed_charge":5400.00,"npi":[1750092110,1972690584]}]},{"allowed_amount":879.53,"billing_code_modifier":[""],"providers":[{"billed_charge":2400.00,"npi":[1750092110,1841262474,1891780029]},{"billed_charge":4500.00,"npi":[1588669402,1750092110,1942512199]},{"billed_charge":5000.00,"npi":[1588669402,1750092110]},{"billed_charge":5040.00,"npi":[1043521313,1083644298,1750092110,1891780029]},{"billed_charge":5400.00,"npi":[1750092110,1972690584]}]},{"allowed_amount":879.53,"billing_code_modifier":[""],"providers":[{"billed_charge":2400.00,"npi":[1750092110,1841262474,1891780029]},{"billed_charge":4500.00,"npi":[1588669402,1750092110,1942512199]},{"billed_charge":5000.00,"npi":[1588669402,1750092110]},{"billed_charge":5040.00,"npi":[1043521313,1083644298,1750092110,1891780029]},{"billed_charge":5400.00,"npi":[1750092110,1972690584]}]}]}]},{"name":"TX SWALLOWING DYSFUNCTION&\/ORAL FUNCJ FEEDING","billing_code_type":"CPT","billing_code_type_version":"2020","billing_code":"92526","description":"TX SWALLOWING DYSFUNCTION&\/ORAL FUNCJ FEEDING","allowed_amounts":[{"tin":{"type":"ein","value":"264063695"},"service_code":["10"],"billing_class":"professional","payments":[{"allowed_amount":100.55,"billing_code_modifier":[""],"providers":[{"billed_charge":150.00,"npi":[1356493332,1902349681]}]}]}]}]}
