{"reporting_entity_name": "IEC Group_DBA AmeriBen",
	"reporting_entity_type": "Third Party Administrator",
	"plan_name": "LUNDBERG FAMILY FARMS",
	"plan_id_type": "ein",
	"plan_id": "942250281",
	"plan_market_type": "group",
	"last_updated_on": "2025-08-01","Version": "1.0.0","out_of_network":[{"name":"PSYCHIATRIC\/PSYCHOLOGICAL TRT: INTENSIVE OUTPATIEN","billing_code_type":"RC","billing_code_type_version":"UB04","billing_code":"0905","description":"PSYCHIATRIC\/PSYCHOLOGICAL TRT: INTENSIVE OUTPATIEN","allowed_amounts":[{"tin":{"type":"ein","value":"991901860"},"service_code":["22","99"],"billing_class":"institutional","payments":[{"allowed_amount":1012.31,"billing_code_modifier":[""],"providers":[{"billed_charge":2995.00,"npi":[1104686708,1619381316,1801816764]}]}]}]}]}
