{"reporting_entity_name": "IEC Group_DBA AmeriBen",
	"reporting_entity_type": "Third Party Administrator",
	"plan_name": "LIBERTY STEEL USA",
	"plan_id_type": "ein",
	"plan_id": "824819790",
	"plan_market_type": "group",
	"last_updated_on": "2022-09-30","Version": "1.0.0","out_of_network":[{"name":"DRUG TEST DEF 22+ CLASSES","billing_code_type":"HCPCS","billing_code_type_version":"HCPCS LEVEL II 2021","billing_code":"G0483","description":"DRUG TEST DEF 22+ CLASSES","allowed_amounts":[{"tin":{"type":"ein","value":"431580575"},"service_code":["81"],"billing_class":"professional","payments":[{"allowed_amount":321.00,"billing_code_modifier":[""],"providers":[{"billed_charge":799.00,"npi":[1033239413,1396175196,1841336195]}]}]}]}]}
