{"reporting_entity_name": "IEC Group_DBA AmeriBen",
	"reporting_entity_type": "Third Party Administrator",
	"plan_name": "ARIZONA METROPOLITAN TRUST",
	"plan_id_type": "ein",
	"plan_id": "306316739",
	"plan_market_type": "group",
	"last_updated_on": "2023-06-01","Version": "1.0.0","out_of_network":[{"name":"CHIROPRACTIC MANIPLTV TX EXTRASPINAL 1\/> REGION","billing_code_type":"CPT","billing_code_type_version":"2020","billing_code":"98943","description":"CHIROPRACTIC MANIPLTV TX EXTRASPINAL 1\/> REGION","allowed_amounts":[{"tin":{"type":"ein","value":"474111615"},"service_code":["11"],"billing_class":"professional","payments":[{"allowed_amount":32.68,"billing_code_modifier":[""],"providers":[{"billed_charge":68.00,"npi":[1245605583,1558728949]}]}]},{"tin":{"type":"ein","value":"832619393"},"service_code":["11"],"billing_class":"professional","payments":[{"allowed_amount":32.68,"billing_code_modifier":[""],"providers":[{"billed_charge":65.00,"npi":[1023602406,1104805332,1114497864]}]}]},{"tin":{"type":"ein","value":"842710599"},"service_code":["11"],"billing_class":"professional","payments":[{"allowed_amount":32.68,"billing_code_modifier":[""],"providers":[{"billed_charge":80.00,"npi":[1326463860,1376199018]}]}]}]},{"name":"CHIROPRACTIC MANIPULATIVE TX SPINAL 3-4 REGIONS","billing_code_type":"CPT","billing_code_type_version":"2020","billing_code":"98941","description":"CHIROPRACTIC MANIPULATIVE TX SPINAL 3-4 REGIONS","allowed_amounts":[{"tin":{"type":"ein","value":"205581984"},"service_code":["11"],"billing_class":"professional","payments":[{"allowed_amount":57.60,"billing_code_modifier":[""],"providers":[{"billed_charge":75.00,"npi":[1750418240,1750575205]}]}]},{"tin":{"type":"ein","value":"261197236"},"service_code":["11"],"billing_class":"professional","payments":[{"allowed_amount":59.02,"billing_code_modifier":[""],"providers":[{"billed_charge":76.34,"npi":[1285902585,1689861551]}]}]},{"tin":{"type":"ein","value":"300393112"},"service_code":["11"],"billing_class":"professional","payments":[{"allowed_amount":57.60,"billing_code_modifier":[""],"providers":[{"billed_charge":70.00,"npi":[1518092360]}]}]},{"tin":{"type":"ein","value":"300393112"},"service_code":["11"],"billing_class":"professional","payments":[{"allowed_amount":59.02,"billing_code_modifier":[""],"providers":[{"billed_charge":70.00,"npi":[1518092360]}]}]},{"tin":{"type":"ein","value":"474111615"},"service_code":["11"],"billing_class":"professional","payments":[{"allowed_amount":57.60,"billing_code_modifier":[""],"providers":[{"billed_charge":60.00,"npi":[1245605583,1558728949]}]}]},{"tin":{"type":"ein","value":"832619393"},"service_code":["11"],"billing_class":"professional","payments":[{"allowed_amount":57.60,"billing_code_modifier":[""],"providers":[{"billed_charge":120.00,"npi":[1104805332,1114497864]}]}]},{"tin":{"type":"ein","value":"842710599"},"service_code":["11"],"billing_class":"professional","payments":[{"allowed_amount":59.02,"billing_code_modifier":[""],"providers":[{"billed_charge":123.27,"npi":[1326463860,1376199018]}]}]},{"tin":{"type":"ein","value":"845044322"},"service_code":["11"],"billing_class":"professional","payments":[{"allowed_amount":57.60,"billing_code_modifier":[""],"providers":[{"billed_charge":100.00,"npi":[1316919822,1952922668]}]}]},{"tin":{"type":"ein","value":"845044322"},"service_code":["11"],"billing_class":"professional","payments":[{"allowed_amount":59.02,"billing_code_modifier":[""],"providers":[{"billed_charge":100.00,"npi":[1316919822,1952922668]}]}]},{"tin":{"type":"ein","value":"871922287"},"service_code":["11"],"billing_class":"professional","payments":[{"allowed_amount":57.60,"billing_code_modifier":[""],"providers":[{"billed_charge":123.27,"npi":[1720287246,1982370839]}]}]},{"tin":{"type":"ein","value":"871922287"},"service_code":["11"],"billing_class":"professional","payments":[{"allowed_amount":59.02,"billing_code_modifier":[""],"providers":[{"billed_charge":123.27,"npi":[1720287246,1982370839]}]}]}]},{"name":"ELECTRODES PER PAIR","billing_code_type":"HCPCS","billing_code_type_version":"HCPCS LEVEL II 2021","billing_code":"A4556","description":"ELECTRODES PER PAIR","allowed_amounts":[{"tin":{"type":"ein","value":"841451963"},"service_code":["12"],"billing_class":"professional","payments":[{"allowed_amount":178.32,"billing_code_modifier":[""],"providers":[{"billed_charge":396.00,"npi":[1588217145,1770511552]}]}]}]},{"name":"IA DET NA;SEV AC RES SYND SARS-COV-2 COVID-19","billing_code_type":"HCPCS","billing_code_type_version":"HCPCS LEVEL II 2021","billing_code":"U0005","description":"IA DET NA;SEV AC RES SYND SARS-COV-2 COVID-19","allowed_amounts":[{"tin":{"type":"ein","value":"861213775"},"service_code":["81"],"billing_class":"professional","payments":[{"allowed_amount":37.50,"billing_code_modifier":[""],"providers":[{"billed_charge":60.00,"npi":[1831780402,1942278676]}]}]}]},{"name":"INF AGT DET DNA\/RNA;SARS-COV-2 COVID-19 AMP P T","billing_code_type":"HCPCS","billing_code_type_version":"HCPCS LEVEL II 2021","billing_code":"U0003","description":"INF AGT DET DNA\/RNA;SARS-COV-2 COVID-19 AMP P T","allowed_amounts":[{"tin":{"type":"ein","value":"363999311"},"service_code":["81"],"billing_class":"professional","payments":[{"allowed_amount":112.50,"billing_code_modifier":[""],"providers":[{"billed_charge":135.00,"npi":[1033421953,1477671345]}]}]},{"tin":{"type":"ein","value":"473727159"},"service_code":["81"],"billing_class":"professional","payments":[{"allowed_amount":112.50,"billing_code_modifier":[""],"providers":[{"billed_charge":125.00,"npi":[1164095808,1831621119,1912521568]}]}]},{"tin":{"type":"ein","value":"861213775"},"service_code":["81"],"billing_class":"professional","payments":[{"allowed_amount":112.50,"billing_code_modifier":[""],"providers":[{"billed_charge":190.00,"npi":[1831780402,1942278676]}]}]}]},{"name":"INJECTION SINGLE\/MLT TRIGGER POINT 3\/> MUSCLES","billing_code_type":"CPT","billing_code_type_version":"2020","billing_code":"20553","description":"INJECTION SINGLE\/MLT TRIGGER POINT 3\/> MUSCLES","allowed_amounts":[{"tin":{"type":"ein","value":"832619393"},"service_code":["11"],"billing_class":"professional","payments":[{"allowed_amount":91.76,"billing_code_modifier":[""],"providers":[{"billed_charge":205.00,"npi":[1114497864,1750859575]}]}]},{"tin":{"type":"ein","value":"871922287"},"service_code":["11"],"billing_class":"professional","payments":[{"allowed_amount":91.76,"billing_code_modifier":[""],"providers":[{"billed_charge":201.18,"npi":[1386392355,1982370839]}]}]}]},{"name":"NEUROMUSCULAR STIMULATOR ELECTRONIC SHOCK UNIT","billing_code_type":"HCPCS","billing_code_type_version":"HCPCS LEVEL II 2021","billing_code":"E0745","description":"NEUROMUSCULAR STIMULATOR ELECTRONIC SHOCK UNIT","allowed_amounts":[{"tin":{"type":"ein","value":"841451963"},"service_code":["12"],"billing_class":"professional","payments":[{"allowed_amount":162.84,"billing_code_modifier":[""],"providers":[{"billed_charge":449.00,"npi":[1588217145,1770511552]}]}]}]},{"name":"OFFICE\/OUTPATIENT EST PT MAY NOT REQ PHYS\/QHP","billing_code_type":"CPT","billing_code_type_version":"2020","billing_code":"99211","description":"OFFICE\/OUTPATIENT EST PT MAY NOT REQ PHYS\/QHP","allowed_amounts":[{"tin":{"type":"ein","value":"834259014"},"service_code":["11"],"billing_class":"professional","payments":[{"allowed_amount":33.98,"billing_code_modifier":[""],"providers":[{"billed_charge":46.00,"npi":[1275978876,1447875497]}]}]},{"tin":{"type":"ein","value":"871979881"},"service_code":["11"],"billing_class":"professional","payments":[{"allowed_amount":33.98,"billing_code_modifier":[""],"providers":[{"billed_charge":50.00,"npi":[1942278676,1962177022]},{"billed_charge":60.00,"npi":[1942278676,1962177022]},{"billed_charge":75.00,"npi":[1942278676,1962177022]}]},{"allowed_amount":33.98,"billing_code_modifier":[""],"providers":[{"billed_charge":50.00,"npi":[1942278676,1962177022]},{"billed_charge":60.00,"npi":[1942278676,1962177022]},{"billed_charge":75.00,"npi":[1942278676,1962177022]}]},{"allowed_amount":33.98,"billing_code_modifier":[""],"providers":[{"billed_charge":50.00,"npi":[1942278676,1962177022]},{"billed_charge":60.00,"npi":[1942278676,1962177022]},{"billed_charge":75.00,"npi":[1942278676,1962177022]}]}]},{"tin":{"type":"ein","value":"871979881"},"service_code":["11"],"billing_class":"professional","payments":[{"allowed_amount":33.98,"billing_code_modifier":[""],"providers":[{"billed_charge":50.00,"npi":[1942278676,1962177022]},{"billed_charge":60.00,"npi":[1942278676,1962177022]},{"billed_charge":75.00,"npi":[1942278676,1962177022]}]},{"allowed_amount":33.98,"billing_code_modifier":[""],"providers":[{"billed_charge":50.00,"npi":[1942278676,1962177022]},{"billed_charge":60.00,"npi":[1942278676,1962177022]},{"billed_charge":75.00,"npi":[1942278676,1962177022]}]},{"allowed_amount":33.98,"billing_code_modifier":[""],"providers":[{"billed_charge":50.00,"npi":[1942278676,1962177022]},{"billed_charge":60.00,"npi":[1942278676,1962177022]},{"billed_charge":75.00,"npi":[1942278676,1962177022]}]}]},{"tin":{"type":"ein","value":"871979881"},"service_code":["11"],"billing_class":"professional","payments":[{"allowed_amount":33.98,"billing_code_modifier":[""],"providers":[{"billed_charge":50.00,"npi":[1942278676,1962177022]},{"billed_charge":60.00,"npi":[1942278676,1962177022]},{"billed_charge":75.00,"npi":[1942278676,1962177022]}]},{"allowed_amount":33.98,"billing_code_modifier":[""],"providers":[{"billed_charge":50.00,"npi":[1942278676,1962177022]},{"billed_charge":60.00,"npi":[1942278676,1962177022]},{"billed_charge":75.00,"npi":[1942278676,1962177022]}]},{"allowed_amount":33.98,"billing_code_modifier":[""],"providers":[{"billed_charge":50.00,"npi":[1942278676,1962177022]},{"billed_charge":60.00,"npi":[1942278676,1962177022]},{"billed_charge":75.00,"npi":[1942278676,1962177022]}]}]}]},{"name":"PSYCHIATRIC\/PSYCHOLOGICAL SVCS: PARTIAL HOSP - INT","billing_code_type":"RC","billing_code_type_version":"UB04","billing_code":"0913","description":"PSYCHIATRIC\/PSYCHOLOGICAL SVCS: PARTIAL HOSP - INT","allowed_amounts":[{"tin":{"type":"ein","value":"812457339"},"service_code":["22"],"billing_class":"institutional","payments":[{"allowed_amount":675.33,"billing_code_modifier":[""],"providers":[{"billed_charge":2500.00,"npi":[1861538886,1871949388]}]}]}]},{"name":"RADIOLOGIC EXAM CHEST SINGLE VIEW","billing_code_type":"CPT","billing_code_type_version":"2020","billing_code":"71045","description":"RADIOLOGIC EXAM CHEST SINGLE VIEW","allowed_amounts":[{"tin":{"type":"ein","value":"845116186"},"service_code":["21","22","23"],"billing_class":"professional","payments":[{"allowed_amount":13.24,"billing_code_modifier":[""],"providers":[{"billed_charge":126.00,"npi":[1033281878,1033377478,1033379151,1033745708,1083032361,1093791170,1184613168,1194749796,1215211255,1255747432,1275794992,1427599158,1437345337,1669440574,1710976766,1730143561,1780663179,1841723202,1851970040,1972839751]}]}]}]},{"name":"RESIDENTIAL TREATMENT-PSYCHIATRIC","billing_code_type":"RC","billing_code_type_version":"UB04","billing_code":"1001","description":"RESIDENTIAL TREATMENT-PSYCHIATRIC","allowed_amounts":[{"tin":{"type":"ein","value":"812457339"},"service_code":["21"],"billing_class":"institutional","payments":[{"allowed_amount":2600.00,"billing_code_modifier":[""],"providers":[{"billed_charge":2600.00,"npi":[1861538886,1871949388]}]}]}]}]}
