{"reporting_entity_name": "IEC Group_DBA AmeriBen",
	"reporting_entity_type": "Third Party Administrator",
	"plan_name": "CITY OF COLORADO SPRINGS",
	"plan_id_type": "ein",
	"plan_id": "846000573",
	"plan_market_type": "group",
	"last_updated_on": "2024-02-01","Version": "1.0.0","out_of_network":[{"name":"CONT AIRWAY PRESSURE DEVICE","billing_code_type":"HCPCS","billing_code_type_version":"HCPCS LEVEL II 2021","billing_code":"E0601","description":"CONT AIRWAY PRESSURE DEVICE","allowed_amounts":[{"tin":{"type":"ein","value":"452683127"},"service_code":["12"],"billing_class":"professional","payments":[{"allowed_amount":34.09,"billing_code_modifier":[""],"providers":[{"billed_charge":140.00,"npi":[1063503720,1114340668,1144767542,1457828139,1467027078]}]}]},{"tin":{"type":"ein","value":"841143534"},"service_code":["12"],"billing_class":"professional","payments":[{"allowed_amount":34.09,"billing_code_modifier":[""],"providers":[{"billed_charge":190.00,"npi":[1255311072]}]}]}]},{"name":"DRUG TST PRSMV INSTRMNT CHEM ANALYZERS PR DATE","billing_code_type":"CPT","billing_code_type_version":"2020","billing_code":"80307","description":"DRUG TST PRSMV INSTRMNT CHEM ANALYZERS PR DATE","allowed_amounts":[{"tin":{"type":"ein","value":"883286578"},"service_code":["81"],"billing_class":"professional","payments":[{"allowed_amount":43.50,"billing_code_modifier":[""],"providers":[{"billed_charge":2300.00,"npi":[1366150773,1871531137]}]}]}]},{"name":"HUMDIFIR HEAT USED W\/POS ARWAY PRSS","billing_code_type":"HCPCS","billing_code_type_version":"HCPCS LEVEL II 2021","billing_code":"E0562","description":"HUMDIFIR HEAT USED W\/POS ARWAY PRSS","allowed_amounts":[{"tin":{"type":"ein","value":"452683127"},"service_code":["12"],"billing_class":"professional","payments":[{"allowed_amount":11.43,"billing_code_modifier":[""],"providers":[{"billed_charge":40.00,"npi":[1063503720,1114340668,1144767542,1457828139,1467027078]}]}]},{"tin":{"type":"ein","value":"464592249"},"service_code":["12"],"billing_class":"professional","payments":[{"allowed_amount":11.43,"billing_code_modifier":[""],"providers":[{"billed_charge":16.50,"npi":[1104882638]}]}]},{"tin":{"type":"ein","value":"841143534"},"service_code":["12"],"billing_class":"professional","payments":[{"allowed_amount":11.43,"billing_code_modifier":[""],"providers":[{"billed_charge":93.38,"npi":[1255311072]}]}]}]},{"name":"IADNA NOS AMPLIFIED PROBE TQ EACH ORGANISM","billing_code_type":"CPT","billing_code_type_version":"2020","billing_code":"87798","description":"IADNA NOS AMPLIFIED PROBE TQ EACH ORGANISM","allowed_amounts":[{"tin":{"type":"ein","value":"223510467"},"service_code":["81"],"billing_class":"professional","payments":[{"allowed_amount":14.73,"billing_code_modifier":[""],"providers":[{"billed_charge":130.00,"npi":[1457978462,1750373908]}]}]},{"tin":{"type":"ein","value":"331168930"},"service_code":["81"],"billing_class":"professional","payments":[{"allowed_amount":14.73,"billing_code_modifier":[""],"providers":[{"billed_charge":45.00,"npi":[1184814014,1316467459]}]}]}]},{"name":"OFFICE\/OUTPATIENT ESTABLISHED MOD MDM 30 MIN","billing_code_type":"CPT","billing_code_type_version":"2020","billing_code":"99214","description":"OFFICE\/OUTPATIENT ESTABLISHED MOD MDM 30 MIN","allowed_amounts":[{"tin":{"type":"ein","value":"084561682"},"service_code":["11"],"billing_class":"professional","payments":[{"allowed_amount":109.95,"billing_code_modifier":[""],"providers":[{"billed_charge":225.00,"npi":[1437593894]}]}]},{"tin":{"type":"ein","value":"107388727"},"service_code":["11"],"billing_class":"professional","payments":[{"allowed_amount":109.95,"billing_code_modifier":[""],"providers":[{"billed_charge":200.00,"npi":[1871646257]}]}]},{"tin":{"type":"ein","value":"452668894"},"service_code":["10"],"billing_class":"professional","payments":[{"allowed_amount":109.95,"billing_code_modifier":[""],"providers":[{"billed_charge":235.00,"npi":[1437554557,1588038681,1932788213]}]}]},{"tin":{"type":"ein","value":"475025949"},"service_code":["02"],"billing_class":"professional","payments":[{"allowed_amount":109.95,"billing_code_modifier":[""],"providers":[{"billed_charge":189.00,"npi":[1528580487,1760854442]}]}]},{"tin":{"type":"ein","value":"810942364"},"service_code":["02"],"billing_class":"professional","payments":[{"allowed_amount":109.95,"billing_code_modifier":[""],"providers":[{"billed_charge":139.15,"npi":[1336635598,1760928766]}]}]},{"tin":{"type":"ein","value":"814312573"},"service_code":["20"],"billing_class":"professional","payments":[{"allowed_amount":109.95,"billing_code_modifier":[""],"providers":[{"billed_charge":262.00,"npi":[1801339585,1972587467]}]}]},{"tin":{"type":"ein","value":"815398347"},"service_code":["11"],"billing_class":"professional","payments":[{"allowed_amount":109.95,"billing_code_modifier":[""],"providers":[{"billed_charge":180.00,"npi":[1205420056,1942775150]}]}]},{"tin":{"type":"ein","value":"824014331"},"service_code":["10"],"billing_class":"professional","payments":[{"allowed_amount":109.95,"billing_code_modifier":[""],"providers":[{"billed_charge":165.46,"npi":[1144625211,1972002087]}]}]},{"tin":{"type":"ein","value":"840602716"},"service_code":["10"],"billing_class":"professional","payments":[{"allowed_amount":109.95,"billing_code_modifier":[""],"providers":[{"billed_charge":266.89,"npi":[1043260243,1750724951]}]}]},{"tin":{"type":"ein","value":"861747274"},"service_code":["02"],"billing_class":"professional","payments":[{"allowed_amount":109.95,"billing_code_modifier":[""],"providers":[{"billed_charge":208.00,"npi":[1164014874,1528524592]}]}]}]},{"name":"PSYCHIATRIC\/PSYCHOLOGICAL TRT: INTENSIVE OUTPATIEN","billing_code_type":"RC","billing_code_type_version":"UB04","billing_code":"0905","description":"PSYCHIATRIC\/PSYCHOLOGICAL TRT: INTENSIVE OUTPATIEN","allowed_amounts":[{"tin":{"type":"ein","value":"900919196"},"service_code":["99"],"billing_class":"institutional","payments":[{"allowed_amount":0.00,"billing_code_modifier":[""],"providers":[{"billed_charge":750.00,"npi":[1174924310,1952696270]}]}]}]},{"name":"PSYCHOTHERAPY W\/PATIENT 60 MINUTES","billing_code_type":"CPT","billing_code_type_version":"2020","billing_code":"90837","description":"PSYCHOTHERAPY W\/PATIENT 60 MINUTES","allowed_amounts":[{"tin":{"type":"ein","value":"452668894"},"service_code":["10"],"billing_class":"professional","payments":[{"allowed_amount":169.22,"billing_code_modifier":[""],"providers":[{"billed_charge":315.00,"npi":[1568580413,1588038681,1669863387]}]}]},{"tin":{"type":"ein","value":"472614124"},"service_code":["11"],"billing_class":"professional","payments":[{"allowed_amount":169.22,"billing_code_modifier":[""],"providers":[{"billed_charge":200.00,"npi":[1801200159]}]}]},{"tin":{"type":"ein","value":"475025949"},"service_code":["02","11"],"billing_class":"professional","payments":[{"allowed_amount":169.22,"billing_code_modifier":[""],"providers":[{"billed_charge":206.00,"npi":[1386263838,1669920625,1760854442,1902041379]}]}]},{"tin":{"type":"ein","value":"861747274"},"service_code":["02"],"billing_class":"professional","payments":[{"allowed_amount":169.22,"billing_code_modifier":[""],"providers":[{"billed_charge":186.00,"npi":[1164014874,1306215629]}]}]}]},{"name":"RESIDENTIAL TREATMENT-CHEMICAL DEPENDENCY","billing_code_type":"RC","billing_code_type_version":"UB04","billing_code":"1002","description":"RESIDENTIAL TREATMENT-CHEMICAL DEPENDENCY","allowed_amounts":[{"tin":{"type":"ein","value":"861655892"},"service_code":["21"],"billing_class":"institutional","payments":[{"allowed_amount":952.19,"billing_code_modifier":[""],"providers":[{"billed_charge":4995.00,"npi":[1033796982]}]}]}]},{"name":"THER PX 1\/> AREAS EACH 15 MIN NEUROMUSC REEDUCA","billing_code_type":"CPT","billing_code_type_version":"2020","billing_code":"97112","description":"THER PX 1\/> AREAS EACH 15 MIN NEUROMUSC REEDUCA","allowed_amounts":[{"tin":{"type":"ein","value":"364794715"},"service_code":["11"],"billing_class":"professional","payments":[{"allowed_amount":0.00,"billing_code_modifier":[""],"providers":[{"billed_charge":65.00,"npi":[1336542125,1508170275,1750857058]}]}]},{"tin":{"type":"ein","value":"841554677"},"service_code":["11"],"billing_class":"professional","payments":[{"allowed_amount":0.00,"billing_code_modifier":[""],"providers":[{"billed_charge":32.89,"npi":[1508456963]}]}]},{"tin":{"type":"ein","value":"843923198"},"service_code":["11"],"billing_class":"professional","payments":[{"allowed_amount":0.00,"billing_code_modifier":[""],"providers":[{"billed_charge":29.99,"npi":[1801387253]}]}]},{"tin":{"type":"ein","value":"999999999"},"service_code":["11"],"billing_class":"professional","payments":[{"allowed_amount":0.00,"billing_code_modifier":[""],"providers":[{"billed_charge":40.00,"npi":[1477538569]}]}]}]},{"name":"THER SP-GENRATJ DEV PRGRMG&MODIFICAJ","billing_code_type":"CPT","billing_code_type_version":"2020","billing_code":"92609","description":"THER SP-GENRATJ DEV PRGRMG&MODIFICAJ","allowed_amounts":[{"tin":{"type":"ein","value":"208352532"},"service_code":["11"],"billing_class":"professional","payments":[{"allowed_amount":113.82,"billing_code_modifier":[""],"providers":[{"billed_charge":150.00,"npi":[1194334169,1770958159,1902067812]}]}]}]},{"name":"THERAPEUT ACTVITY DIRECT PT CONTACT EACH 15 MIN","billing_code_type":"CPT","billing_code_type_version":"2020","billing_code":"97530","description":"THERAPEUT ACTVITY DIRECT PT CONTACT EACH 15 MIN","allowed_amounts":[{"tin":{"type":"ein","value":"364794715"},"service_code":["11"],"billing_class":"professional","payments":[{"allowed_amount":59.50,"billing_code_modifier":[""],"providers":[{"billed_charge":130.00,"npi":[1336542125,1508170275,1750857058]}]}]},{"tin":{"type":"ein","value":"841554677"},"service_code":["12"],"billing_class":"professional","payments":[{"allowed_amount":59.50,"billing_code_modifier":[""],"providers":[{"billed_charge":141.19,"npi":[1629094909]}]}]}]},{"name":"THERAPEUTIC PX 1\/> AREAS EACH 15 MIN EXERCISES","billing_code_type":"CPT","billing_code_type_version":"2020","billing_code":"97110","description":"THERAPEUTIC PX 1\/> AREAS EACH 15 MIN EXERCISES","allowed_amounts":[{"tin":{"type":"ein","value":"260789334"},"service_code":["11"],"billing_class":"professional","payments":[{"allowed_amount":0.00,"billing_code_modifier":[""],"providers":[{"billed_charge":64.95,"npi":[1124209952]}]}]},{"tin":{"type":"ein","value":"364794715"},"service_code":["11"],"billing_class":"professional","payments":[{"allowed_amount":0.00,"billing_code_modifier":[""],"providers":[{"billed_charge":65.00,"npi":[1336542125,1508170275,1750857058]}]}]},{"tin":{"type":"ein","value":"364827329"},"service_code":["11"],"billing_class":"professional","payments":[{"allowed_amount":0.00,"billing_code_modifier":[""],"providers":[{"billed_charge":65.00,"npi":[1124079876,1295198067,1740999127]}]}]},{"tin":{"type":"ein","value":"462188819"},"service_code":["11"],"billing_class":"professional","payments":[{"allowed_amount":0.00,"billing_code_modifier":[""],"providers":[{"billed_charge":62.00,"npi":[1588603468,1861430639]}]}]}]},{"name":"TX SPEECH LANG VOICE COMMJ &\/AUDITORY PROC IND","billing_code_type":"CPT","billing_code_type_version":"2020","billing_code":"92507","description":"TX SPEECH LANG VOICE COMMJ &\/AUDITORY PROC IND","allowed_amounts":[{"tin":{"type":"ein","value":"208352532"},"service_code":["10","11"],"billing_class":"professional","payments":[{"allowed_amount":82.89,"billing_code_modifier":[""],"providers":[{"billed_charge":100.00,"npi":[1194334169,1770958159,1902067812]}]}]},{"tin":{"type":"ein","value":"840532684"},"service_code":["12"],"billing_class":"professional","payments":[{"allowed_amount":82.89,"billing_code_modifier":[""],"providers":[{"billed_charge":160.00,"npi":[1831593151,1962736942]}]}]},{"tin":{"type":"ein","value":"841554677"},"service_code":["12"],"billing_class":"professional","payments":[{"allowed_amount":82.89,"billing_code_modifier":[""],"providers":[{"billed_charge":147.99,"npi":[1629094909]},{"billed_charge":152.43,"npi":[1629094909]}]},{"allowed_amount":82.89,"billing_code_modifier":[""],"providers":[{"billed_charge":147.99,"npi":[1629094909]},{"billed_charge":152.43,"npi":[1629094909]}]}]},{"tin":{"type":"ein","value":"841554677"},"service_code":["12"],"billing_class":"professional","payments":[{"allowed_amount":82.89,"billing_code_modifier":[""],"providers":[{"billed_charge":147.99,"npi":[1629094909]},{"billed_charge":152.43,"npi":[1629094909]}]},{"allowed_amount":82.89,"billing_code_modifier":[""],"providers":[{"billed_charge":147.99,"npi":[1629094909]},{"billed_charge":152.43,"npi":[1629094909]}]}]}]}]}
