{"reporting_entity_name": "IEC Group_DBA AmeriBen",
	"reporting_entity_type": "Third Party Administrator",
	"plan_name": "NSB SCHOOL DISTRICT",
	"plan_id_type": "ein",
	"plan_id": "920057754",
	"plan_market_type": "group",
	"last_updated_on": "2025-07-01","Version": "1.0.0","out_of_network":[{"name":"CCPD OPD\/HOME: CCPD COMP OR OTHER RATE","billing_code_type":"RC","billing_code_type_version":"UB04","billing_code":"0851","description":"CCPD OPD\/HOME: CCPD COMP OR OTHER RATE","allowed_amounts":[{"tin":{"type":"ein","value":"260717654"},"service_code":["65"],"billing_class":"institutional","payments":[{"allowed_amount":304.00,"billing_code_modifier":[""],"providers":[{"billed_charge":5524.47,"npi":[1164736930,1841468535]}]}]},{"tin":{"type":"ein","value":"260717654"},"service_code":["65"],"billing_class":"institutional","payments":[{"allowed_amount":367.15,"billing_code_modifier":[""],"providers":[{"billed_charge":5524.47,"npi":[1164736930,1841468535]}]}]},{"tin":{"type":"ein","value":"260717654"},"service_code":["65"],"billing_class":"institutional","payments":[{"allowed_amount":374.91,"billing_code_modifier":[""],"providers":[{"billed_charge":5524.47,"npi":[1164736930,1841468535]}]}]},{"tin":{"type":"ein","value":"260717654"},"service_code":["65"],"billing_class":"institutional","payments":[{"allowed_amount":389.65,"billing_code_modifier":[""],"providers":[{"billed_charge":5524.47,"npi":[1164736930,1841468535]}]}]}]}]}
