{"reporting_entity_name": "IEC Group_DBA AmeriBen",
	"reporting_entity_type": "Third Party Administrator",
	"plan_name": "CSU FORT COLLINS",
	"plan_id_type": "ein",
	"plan_id": "",
	"plan_market_type": "group",
	"last_updated_on": "2022-08-01","Version": "1.0.0","out_of_network":[{"name":"GROUP PSYCHOTHERAPY","billing_code_type":"CPT","billing_code_type_version":"2020","billing_code":"90853","description":"GROUP PSYCHOTHERAPY","allowed_amounts":[{"tin":{"type":"ein","value":"471161480"},"service_code":["02"],"billing_class":"professional","payments":[{"allowed_amount":33.50,"billing_code_modifier":[""],"providers":[{"billed_charge":75.00,"npi":[1023558095,1780099028]}]}]}]},{"name":"HANDLG&\/OR CONVEY OF SPEC FOR TR OFFICE TO LAB","billing_code_type":"CPT","billing_code_type_version":"2020","billing_code":"99000","description":"HANDLG&\/OR CONVEY OF SPEC FOR TR OFFICE TO LAB","allowed_amounts":[{"tin":{"type":"ein","value":"871389817"},"service_code":["11"],"billing_class":"professional","payments":[{"allowed_amount":0.00,"billing_code_modifier":[""],"providers":[{"billed_charge":50.00,"npi":[1770246613,1871021030]}]}]}]},{"name":"IAAD IA SEVERE AQT RESPIR SYND CORONAVIRUS","billing_code_type":"CPT","billing_code_type_version":"2020","billing_code":"87426","description":"IAAD IA SEVERE AQT RESPIR SYND CORONAVIRUS","allowed_amounts":[{"tin":{"type":"ein","value":"204269269"},"service_code":["17"],"billing_class":"professional","payments":[{"allowed_amount":21.51,"billing_code_modifier":[""],"providers":[{"billed_charge":120.00,"npi":[1902848617]}]}]},{"tin":{"type":"ein","value":"871389817"},"service_code":["11"],"billing_class":"professional","payments":[{"allowed_amount":21.51,"billing_code_modifier":[""],"providers":[{"billed_charge":200.00,"npi":[1770246613,1871021030]}]}]}]},{"name":"INFEC AGEN DETEC AMPLI PROBE","billing_code_type":"HCPCS","billing_code_type_version":"HCPCS LEVEL II 2021","billing_code":"U0005","description":"INFEC AGEN DETEC AMPLI PROBE","allowed_amounts":[{"tin":{"type":"ein","value":"431039532"},"service_code":["81"],"billing_class":"professional","payments":[{"allowed_amount":21.25,"billing_code_modifier":[""],"providers":[{"billed_charge":25.00,"npi":[1609812445]}]}]},{"tin":{"type":"ein","value":"842377669"},"service_code":["81"],"billing_class":"professional","payments":[{"allowed_amount":21.25,"billing_code_modifier":[""],"providers":[{"billed_charge":25.00,"npi":[1649829987,1750990552]}]}]},{"tin":{"type":"ein","value":"850852990"},"service_code":["81"],"billing_class":"professional","payments":[{"allowed_amount":21.25,"billing_code_modifier":[""],"providers":[{"billed_charge":65.00,"npi":[1205445491]}]}]},{"tin":{"type":"ein","value":"880241758"},"service_code":["81"],"billing_class":"professional","payments":[{"allowed_amount":21.25,"billing_code_modifier":[""],"providers":[{"billed_charge":25.00,"npi":[1124417357]}]}]}]},{"name":"PSYCHIATRIC\/PSYCHOLOGICAL TRT: INTENSIVE OUT SERV","billing_code_type":"RC","billing_code_type_version":"UB04","billing_code":"0906","description":"PSYCHIATRIC\/PSYCHOLOGICAL TRT: INTENSIVE OUT SERV","allowed_amounts":[{"tin":{"type":"ein","value":"823448174"},"service_code":["22"],"billing_class":"institutional","payments":[{"allowed_amount":265.00,"billing_code_modifier":[""],"providers":[{"billed_charge":1800.00,"npi":[1396070587,1811402092]}]}]}]},{"name":"PSYCHOTHERAPY W\/PATIENT 45 MINUTES","billing_code_type":"CPT","billing_code_type_version":"2020","billing_code":"90834","description":"PSYCHOTHERAPY W\/PATIENT 45 MINUTES","allowed_amounts":[{"tin":{"type":"ein","value":"260719554"},"service_code":["11"],"billing_class":"professional","payments":[{"allowed_amount":112.96,"billing_code_modifier":[""],"providers":[{"billed_charge":140.00,"npi":[1154650455]}]}]},{"tin":{"type":"ein","value":"452668894"},"service_code":["02"],"billing_class":"professional","payments":[{"allowed_amount":112.96,"billing_code_modifier":[""],"providers":[{"billed_charge":165.00,"npi":[1588038681,1902378466]}]}]},{"tin":{"type":"ein","value":"471161480"},"service_code":["02"],"billing_class":"professional","payments":[{"allowed_amount":112.96,"billing_code_modifier":[""],"providers":[{"billed_charge":125.00,"npi":[1023558095,1780099028]}]}]},{"tin":{"type":"ein","value":"821843438"},"service_code":["11"],"billing_class":"professional","payments":[{"allowed_amount":112.96,"billing_code_modifier":[""],"providers":[{"billed_charge":155.00,"npi":[1477142081]}]}]},{"tin":{"type":"ein","value":"842149875"},"service_code":["02"],"billing_class":"professional","payments":[{"allowed_amount":112.96,"billing_code_modifier":[""],"providers":[{"billed_charge":120.00,"npi":[1548812142]}]}]}]},{"name":"SARS-COV-2 COVID-19 AMP PRB HTT","billing_code_type":"HCPCS","billing_code_type_version":"HCPCS LEVEL II 2021","billing_code":"U0003","description":"SARS-COV-2 COVID-19 AMP PRB HTT","allowed_amounts":[{"tin":{"type":"ein","value":"431039532"},"service_code":["81"],"billing_class":"professional","payments":[{"allowed_amount":63.75,"billing_code_modifier":[""],"providers":[{"billed_charge":100.00,"npi":[1609812445]}]}]},{"tin":{"type":"ein","value":"842377669"},"service_code":["81"],"billing_class":"professional","payments":[{"allowed_amount":63.75,"billing_code_modifier":[""],"providers":[{"billed_charge":249.00,"npi":[1649829987,1750990552]}]}]},{"tin":{"type":"ein","value":"850852990"},"service_code":["81"],"billing_class":"professional","payments":[{"allowed_amount":63.75,"billing_code_modifier":[""],"providers":[{"billed_charge":300.00,"npi":[1205445491]}]}]},{"tin":{"type":"ein","value":"880241758"},"service_code":["81"],"billing_class":"professional","payments":[{"allowed_amount":63.75,"billing_code_modifier":[""],"providers":[{"billed_charge":100.00,"npi":[1124417357]}]}]}]},{"name":"SPECIMEN COLLECT COVID-19","billing_code_type":"HCPCS","billing_code_type_version":"HCPCS LEVEL II 2021","billing_code":"G2023","description":"SPECIMEN COLLECT COVID-19","allowed_amounts":[{"tin":{"type":"ein","value":"823438908"},"service_code":["11"],"billing_class":"professional","payments":[{"allowed_amount":0.00,"billing_code_modifier":[""],"providers":[{"billed_charge":70.38,"npi":[1114431087]}]}]},{"tin":{"type":"ein","value":"830546250"},"service_code":["81"],"billing_class":"professional","payments":[{"allowed_amount":0.00,"billing_code_modifier":[""],"providers":[{"billed_charge":100.00,"npi":[1073006144]}]}]},{"tin":{"type":"ein","value":"831342609"},"service_code":["81"],"billing_class":"professional","payments":[{"allowed_amount":0.00,"billing_code_modifier":[""],"providers":[{"billed_charge":50.00,"npi":[1073101028,1487815387]}]}]},{"tin":{"type":"ein","value":"845176341"},"service_code":["81"],"billing_class":"professional","payments":[{"allowed_amount":0.00,"billing_code_modifier":[""],"providers":[{"billed_charge":46.92,"npi":[1083237374]}]}]},{"tin":{"type":"ein","value":"871389817"},"service_code":["11"],"billing_class":"professional","payments":[{"allowed_amount":0.00,"billing_code_modifier":[""],"providers":[{"billed_charge":100.00,"npi":[1770246613,1871021030]}]}]}]}]}
