{"reporting_entity_name": "IEC Group_DBA AmeriBen",
	"reporting_entity_type": "Third Party Administrator",
	"plan_name": "MADISON IAQ",
	"plan_id_type": "ein",
	"plan_id": "823246836",
	"plan_market_type": "group",
	"last_updated_on": "2024-12-01","Version": "1.0.0","out_of_network":[{"name":"ADAPTIVE BEHAVIOR TX BY PROTOCOL TECH EA 15 MIN","billing_code_type":"CPT","billing_code_type_version":"2020","billing_code":"97153","description":"ADAPTIVE BEHAVIOR TX BY PROTOCOL TECH EA 15 MIN","allowed_amounts":[{"tin":{"type":"ein","value":"271402749"},"service_code":["12"],"billing_class":"professional","payments":[{"allowed_amount":330.00,"billing_code_modifier":[""],"providers":[{"billed_charge":770.00,"npi":[1114427127]}]}]}]},{"name":"CHIROPRACTIC MANIPULATIVE TX SPINAL 1-2 REGIONS","billing_code_type":"CPT","billing_code_type_version":"2020","billing_code":"98940","description":"CHIROPRACTIC MANIPULATIVE TX SPINAL 1-2 REGIONS","allowed_amounts":[{"tin":{"type":"ein","value":"813238618"},"service_code":["11"],"billing_class":"professional","payments":[{"allowed_amount":22.38,"billing_code_modifier":[""],"providers":[{"billed_charge":50.00,"npi":[1346481249,1619320504]}]}]}]},{"name":"IADNA NOS AMPLIFIED PROBE TQ EACH ORGANISM","billing_code_type":"CPT","billing_code_type_version":"2020","billing_code":"87798","description":"IADNA NOS AMPLIFIED PROBE TQ EACH ORGANISM","allowed_amounts":[{"tin":{"type":"ein","value":"223510467"},"service_code":["81"],"billing_class":"professional","payments":[{"allowed_amount":22.81,"billing_code_modifier":[""],"providers":[{"billed_charge":130.00,"npi":[1568692853,1750373908]}]}]},{"tin":{"type":"ein","value":"851099688"},"service_code":["81"],"billing_class":"professional","payments":[{"allowed_amount":87.73,"billing_code_modifier":[""],"providers":[{"billed_charge":87.73,"npi":[1457977209,1588735575]}]}]}]},{"name":"PSYCHIATRIC\/PSYCHOLOGICAL SVCS: PARTIAL HOSP - INT","billing_code_type":"RC","billing_code_type_version":"UB04","billing_code":"0913","description":"PSYCHIATRIC\/PSYCHOLOGICAL SVCS: PARTIAL HOSP - INT","allowed_amounts":[{"tin":{"type":"ein","value":"882962798"},"service_code":["22","99"],"billing_class":"institutional","payments":[{"allowed_amount":517.35,"billing_code_modifier":[""],"providers":[{"billed_charge":4500.00,"npi":[1447375233,1508598749]}]}]}]},{"name":"PSYCHIATRIC\/PSYCHOLOGICAL TRT: INTENSIVE OUT SERV","billing_code_type":"RC","billing_code_type_version":"UB04","billing_code":"0906","description":"PSYCHIATRIC\/PSYCHOLOGICAL TRT: INTENSIVE OUT SERV","allowed_amounts":[{"tin":{"type":"ein","value":"882962798"},"service_code":["22","99"],"billing_class":"institutional","payments":[{"allowed_amount":237.97,"billing_code_modifier":[""],"providers":[{"billed_charge":3500.00,"npi":[1447375233,1508598749]}]}]},{"tin":{"type":"ein","value":"882962798"},"service_code":["22","99"],"billing_class":"institutional","payments":[{"allowed_amount":455.00,"billing_code_modifier":[""],"providers":[{"billed_charge":3500.00,"npi":[1447375233,1508598749]}]}]}]}]}
