{"reporting_entity_name": "IEC Group_DBA AmeriBen",
	"reporting_entity_type": "Third Party Administrator",
	"plan_name": "SOUTHERN GRAPHIC SYSTEM LLC",
	"plan_id_type": "ein",
	"plan_id": "562555719",
	"plan_market_type": "group",
	"last_updated_on": "2023-07-01","Version": "1.0.0","out_of_network":[{"name":"CCPD OPD\/HOME: CCPD COMP OR OTHER RATE","billing_code_type":"RC","billing_code_type_version":"UB04","billing_code":"0851","description":"CCPD OPD\/HOME: CCPD COMP OR OTHER RATE","allowed_amounts":[{"tin":{"type":"ein","value":"043085674"},"service_code":["65"],"billing_class":"institutional","payments":[{"allowed_amount":316.05,"billing_code_modifier":[""],"providers":[{"billed_charge":4134.43,"npi":[1174524920,1619394962]}]}]},{"tin":{"type":"ein","value":"043085674"},"service_code":["65"],"billing_class":"institutional","payments":[{"allowed_amount":324.52,"billing_code_modifier":[""],"providers":[{"billed_charge":3937.55,"npi":[1174524920,1619394962]}]}]},{"tin":{"type":"ein","value":"043085674"},"service_code":["65"],"billing_class":"institutional","payments":[{"allowed_amount":326.61,"billing_code_modifier":[""],"providers":[{"billed_charge":3937.55,"npi":[1174524920,1619394962]}]}]}]}]}
