{"reporting_entity_name": "IEC Group_DBA AmeriBen",
	"reporting_entity_type": "Third Party Administrator",
	"plan_name": "FERTITTA ENTERTAINMENT",
	"plan_id_type": "ein",
	"plan_id": "760410650",
	"plan_market_type": "group",
	"last_updated_on": "2025-03-01","Version": "1.0.0","out_of_network":[{"name":"CCPD OPD\/HOME: CCPD COMP OR OTHER RATE","billing_code_type":"RC","billing_code_type_version":"UB04","billing_code":"0851","description":"CCPD OPD\/HOME: CCPD COMP OR OTHER RATE","allowed_amounts":[{"tin":{"type":"ein","value":"202388989"},"service_code":["65"],"billing_class":"institutional","payments":[{"allowed_amount":340.78,"billing_code_modifier":[""],"providers":[{"billed_charge":3543.00,"npi":[1720041460]}]}]}]},{"name":"DRUGS REQUIRE SPECIFIC ID: DRUGS REQUIRING DETAIL","billing_code_type":"RC","billing_code_type_version":"UB04","billing_code":"0636","description":"DRUGS REQUIRE SPECIFIC ID: DRUGS REQUIRING DETAIL","allowed_amounts":[{"tin":{"type":"ein","value":"475372431"},"service_code":["65"],"billing_class":"institutional","payments":[{"allowed_amount":11.00,"billing_code_modifier":[""],"providers":[{"billed_charge":324.87,"npi":[1164685731,1730544065]}]}]},{"tin":{"type":"ein","value":"475372431"},"service_code":["65"],"billing_class":"institutional","payments":[{"allowed_amount":11.07,"billing_code_modifier":[""],"providers":[{"billed_charge":324.87,"npi":[1164685731,1730544065]}]}]}]},{"name":"EMERGENCY DEPARTMENT VISIT MODERATE MDM","billing_code_type":"CPT","billing_code_type_version":"2020","billing_code":"99284","description":"EMERGENCY DEPARTMENT VISIT MODERATE MDM","allowed_amounts":[{"tin":{"type":"ein","value":"883136684"},"service_code":["23"],"billing_class":"professional","payments":[{"allowed_amount":231.19,"billing_code_modifier":[""],"providers":[{"billed_charge":5049.58,"npi":[1063134534,1174544944,1457572679]}]}]},{"tin":{"type":"ein","value":"992248967"},"service_code":["23"],"billing_class":"professional","payments":[{"allowed_amount":231.19,"billing_code_modifier":[""],"providers":[{"billed_charge":2588.00,"npi":[1265284426,1295849727]}]}]},{"tin":{"type":"ein","value":"463902289"},"service_code":["23"],"billing_class":"professional","payments":[{"allowed_amount":231.19,"billing_code_modifier":[""],"providers":[{"billed_charge":921.00,"npi":[1023439114,1255386256]}]}]},{"tin":{"type":"ein","value":"464198668"},"service_code":["23"],"billing_class":"professional","payments":[{"allowed_amount":231.19,"billing_code_modifier":[""],"providers":[{"billed_charge":1845.04,"npi":[1053475632,1679994941]}]}]},{"tin":{"type":"ein","value":"471692221"},"service_code":["23"],"billing_class":"professional","payments":[{"allowed_amount":231.19,"billing_code_modifier":[""],"providers":[{"billed_charge":2461.65,"npi":[1386661908,1467852418]}]}]},{"tin":{"type":"ein","value":"472003367"},"service_code":["23"],"billing_class":"professional","payments":[{"allowed_amount":231.19,"billing_code_modifier":[""],"providers":[{"billed_charge":940.50,"npi":[1144296237,1174989404,1801910658,1922275627]}]}]},{"tin":{"type":"ein","value":"810967828"},"service_code":["23"],"billing_class":"professional","payments":[{"allowed_amount":231.19,"billing_code_modifier":[""],"providers":[{"billed_charge":752.40,"npi":[1306202098,1417981317,1710181458]}]}]},{"tin":{"type":"ein","value":"822011338"},"service_code":["23"],"billing_class":"professional","payments":[{"allowed_amount":231.19,"billing_code_modifier":[""],"providers":[{"billed_charge":2750.00,"npi":[1265728513,1528583366,1619256062]}]}]}]},{"name":"MEDICAL\/SURGICAL SUPPLIES","billing_code_type":"RC","billing_code_type_version":"UB04","billing_code":"0270","description":"MEDICAL\/SURGICAL SUPPLIES","allowed_amounts":[{"tin":{"type":"ein","value":"475372431"},"service_code":["65"],"billing_class":"institutional","payments":[{"allowed_amount":3.09,"billing_code_modifier":[""],"providers":[{"billed_charge":149.10,"npi":[1164685731,1730544065]}]}]},{"tin":{"type":"ein","value":"475372431"},"service_code":["65"],"billing_class":"institutional","payments":[{"allowed_amount":5.05,"billing_code_modifier":[""],"providers":[{"billed_charge":149.10,"npi":[1164685731,1730544065]}]}]},{"tin":{"type":"ein","value":"475372431"},"service_code":["65"],"billing_class":"institutional","payments":[{"allowed_amount":5.08,"billing_code_modifier":[""],"providers":[{"billed_charge":149.10,"npi":[1164685731,1730544065]}]}]}]}]}
