{"reporting_entity_name": "IEC Group_DBA AmeriBen",
	"reporting_entity_type": "Third Party Administrator",
	"plan_name": "KYRENE ELEM SCHOOL DISTRICT",
	"plan_id_type": "ein",
	"plan_id": "866000494",
	"plan_market_type": "group",
	"last_updated_on": "2024-09-01","Version": "1.0.0","out_of_network":[{"name":"SBSQ HOSPITAL IP\/OBS CARE HIGH MDM 50 MINUTES","billing_code_type":"CPT","billing_code_type_version":"2020","billing_code":"99233","description":"SBSQ HOSPITAL IP\/OBS CARE HIGH MDM 50 MINUTES","allowed_amounts":[{"tin":{"type":"ein","value":"264442917"},"service_code":["21"],"billing_class":"professional","payments":[{"allowed_amount":122.10,"billing_code_modifier":[""],"providers":[{"billed_charge":250.00,"npi":[1346330412,1700910189,1710944327,1861888315,1992735088]}]}]},{"tin":{"type":"ein","value":"861045280"},"service_code":["21"],"billing_class":"professional","payments":[{"allowed_amount":122.10,"billing_code_modifier":[""],"providers":[{"billed_charge":140.00,"npi":[1104088715]}]}]}]},{"name":"SBSQ HOSPITAL IP\/OBS CARE MOD MDM 35 MINUTES","billing_code_type":"CPT","billing_code_type_version":"2020","billing_code":"99232","description":"SBSQ HOSPITAL IP\/OBS CARE MOD MDM 35 MINUTES","allowed_amounts":[{"tin":{"type":"ein","value":"475311127"},"service_code":["21"],"billing_class":"professional","payments":[{"allowed_amount":84.50,"billing_code_modifier":[""],"providers":[{"billed_charge":140.00,"npi":[1700910189,1790971760]}]}]}]}]}
