{"reporting_entity_name": "IEC Group_DBA AmeriBen",
	"reporting_entity_type": "Third Party Administrator",
	"plan_name": "IEC GROUP HEALTH PLAN",
	"plan_id_type": "ein",
	"plan_id": "820497661",
	"plan_market_type": "group",
	"last_updated_on": "2022-11-01","Version": "1.0.0","out_of_network":[{"name":"CHIROPRACTIC MANIPULATIVE TX SPINAL 1-2 REGIONS","billing_code_type":"CPT","billing_code_type_version":"2020","billing_code":"98940","description":"CHIROPRACTIC MANIPULATIVE TX SPINAL 1-2 REGIONS","allowed_amounts":[{"tin":{"type":"ein","value":"201823887"},"service_code":["11"],"billing_class":"professional","payments":[{"allowed_amount":20.78,"billing_code_modifier":[""],"providers":[{"billed_charge":48.00,"npi":[1851427975]}]}]},{"tin":{"type":"ein","value":"554993007"},"service_code":["11"],"billing_class":"professional","payments":[{"allowed_amount":20.78,"billing_code_modifier":[""],"providers":[{"billed_charge":45.00,"npi":[1025345665,1770759912]}]}]}]}]}
