{"reporting_entity_name": "IEC Group_DBA AmeriBen",
	"reporting_entity_type": "Third Party Administrator",
	"plan_name": "TYLER TECHNOLOGIES INC",
	"plan_id_type": "ein",
	"plan_id": "752303920",
	"plan_market_type": "group",
	"last_updated_on": "2025-08-01","Version": "1.0.0","out_of_network":[{"name":"APPL MODALITY 1\/> AREAS TRACTION MECHANICAL","billing_code_type":"CPT","billing_code_type_version":"2020","billing_code":"97012","description":"APPL MODALITY 1\/> AREAS TRACTION MECHANICAL","allowed_amounts":[{"tin":{"type":"ein","value":"200302745"},"service_code":["11"],"billing_class":"professional","payments":[{"allowed_amount":42.00,"billing_code_modifier":[""],"providers":[{"billed_charge":135.00,"npi":[1235108838,1891816914]}]}]}]},{"name":"CHIROPRACTIC MANIPLTV TX EXTRASPINAL 1\/> REGION","billing_code_type":"CPT","billing_code_type_version":"2020","billing_code":"98943","description":"CHIROPRACTIC MANIPLTV TX EXTRASPINAL 1\/> REGION","allowed_amounts":[{"tin":{"type":"ein","value":"200302745"},"service_code":["11"],"billing_class":"professional","payments":[{"allowed_amount":56.00,"billing_code_modifier":[""],"providers":[{"billed_charge":115.00,"npi":[1235108838,1891816914]}]}]}]},{"name":"CHIROPRACTIC MANIPULATIVE TX SPINAL 3-4 REGIONS","billing_code_type":"CPT","billing_code_type_version":"2020","billing_code":"98941","description":"CHIROPRACTIC MANIPULATIVE TX SPINAL 3-4 REGIONS","allowed_amounts":[{"tin":{"type":"ein","value":"200302745"},"service_code":["11"],"billing_class":"professional","payments":[{"allowed_amount":70.00,"billing_code_modifier":[""],"providers":[{"billed_charge":132.00,"npi":[1235108838,1891816914]}]}]}]},{"name":"MANUAL THERAPY TQS 1\/> REGIONS EACH 15 MINUTES","billing_code_type":"CPT","billing_code_type_version":"2020","billing_code":"97140","description":"MANUAL THERAPY TQS 1\/> REGIONS EACH 15 MINUTES","allowed_amounts":[{"tin":{"type":"ein","value":"832628180"},"service_code":["11"],"billing_class":"professional","payments":[{"allowed_amount":57.91,"billing_code_modifier":[""],"providers":[{"billed_charge":120.00,"npi":[1063985729,1538220033,1679127476]},{"billed_charge":150.00,"npi":[1063985729,1538220033,1679127476]}]},{"allowed_amount":57.91,"billing_code_modifier":[""],"providers":[{"billed_charge":120.00,"npi":[1063985729,1538220033,1679127476]},{"billed_charge":150.00,"npi":[1063985729,1538220033,1679127476]}]}]},{"tin":{"type":"ein","value":"832628180"},"service_code":["11"],"billing_class":"professional","payments":[{"allowed_amount":57.91,"billing_code_modifier":[""],"providers":[{"billed_charge":120.00,"npi":[1063985729,1538220033,1679127476]},{"billed_charge":150.00,"npi":[1063985729,1538220033,1679127476]}]},{"allowed_amount":57.91,"billing_code_modifier":[""],"providers":[{"billed_charge":120.00,"npi":[1063985729,1538220033,1679127476]},{"billed_charge":150.00,"npi":[1063985729,1538220033,1679127476]}]}]},{"tin":{"type":"ein","value":"861248541"},"service_code":["11"],"billing_class":"professional","payments":[{"allowed_amount":57.91,"billing_code_modifier":[""],"providers":[{"billed_charge":120.00,"npi":[1366172827,1538220033,1588234009]}]}]}]},{"name":"MEDICAL\/SURGICAL SUPPLIES","billing_code_type":"RC","billing_code_type_version":"UB04","billing_code":"0270","description":"MEDICAL\/SURGICAL SUPPLIES","allowed_amounts":[{"tin":{"type":"ein","value":"810747649"},"service_code":["65"],"billing_class":"institutional","payments":[{"allowed_amount":7.02,"billing_code_modifier":[""],"providers":[{"billed_charge":149.10,"npi":[1588023683,1730175332]}]}]}]},{"name":"OFFICE\/OUTPATIENT NEW LOW MDM 30 MINUTES","billing_code_type":"CPT","billing_code_type_version":"2020","billing_code":"99203","description":"OFFICE\/OUTPATIENT NEW LOW MDM 30 MINUTES","allowed_amounts":[{"tin":{"type":"ein","value":"923443345"},"service_code":["11"],"billing_class":"professional","payments":[{"allowed_amount":65.00,"billing_code_modifier":[""],"providers":[{"billed_charge":65.00,"npi":[1548876980]}]}]}]},{"name":"PATHOLOGY CLINICAL CONSULTATION HI MDM 41-60 MIN","billing_code_type":"CPT","billing_code_type_version":"2020","billing_code":"80505","description":"PATHOLOGY CLINICAL CONSULTATION HI MDM 41-60 MIN","allowed_amounts":[{"tin":{"type":"ein","value":"994660273"},"service_code":["81"],"billing_class":"professional","payments":[{"allowed_amount":71.50,"billing_code_modifier":[""],"providers":[{"billed_charge":100.00,"npi":[1083652291,1093275331,1093973216,1104974955,1124471594,1134419682,1134617715,1144232414,1194084327,1194803197,1205217387,1245279264,1255540548,1265672992,1265960801,1285193532,1316296668,1336430776,1346688249,1356755144,1366412090,1396704425,1407388531,1417242827,1447084827,1497064448,1497708564,1659638344,1669616066,1699919456,1710068135,1720027931,1720217995,1730535865,1750304200,1760441885,1801143268,1821026402,1821336058,1821591637,1831195650,1841646726,1841828415,1861434375,1881005437,1891942819,1902241813,1982883948]}]}]}]},{"name":"PSYCHOTHERAPY W\/PATIENT 60 MINUTES","billing_code_type":"CPT","billing_code_type_version":"2020","billing_code":"90837","description":"PSYCHOTHERAPY W\/PATIENT 60 MINUTES","allowed_amounts":[{"tin":{"type":"ein","value":"815046708"},"service_code":["10"],"billing_class":"professional","payments":[{"allowed_amount":100.68,"billing_code_modifier":[""],"providers":[{"billed_charge":250.00,"npi":[1205479631,1679547632]}]}]},{"tin":{"type":"ein","value":"843348064"},"service_code":["10"],"billing_class":"professional","payments":[{"allowed_amount":100.00,"billing_code_modifier":[""],"providers":[{"billed_charge":100.00,"npi":[1932416351]}]}]},{"tin":{"type":"ein","value":"455356669"},"service_code":["11"],"billing_class":"professional","payments":[{"allowed_amount":100.00,"billing_code_modifier":[""],"providers":[{"billed_charge":100.00,"npi":[1750579645]}]}]}]},{"name":"RESIDENTIAL TREATMENT-CHEMICAL DEPENDENCY","billing_code_type":"RC","billing_code_type_version":"UB04","billing_code":"1002","description":"RESIDENTIAL TREATMENT-CHEMICAL DEPENDENCY","allowed_amounts":[{"tin":{"type":"ein","value":"852620793"},"service_code":["21"],"billing_class":"institutional","payments":[{"allowed_amount":534.94,"billing_code_modifier":[""],"providers":[{"billed_charge":4150.00,"npi":[1588270128]}]}]}]},{"name":"THER PX 1\/> AREAS EACH 15 MIN NEUROMUSC REEDUCA","billing_code_type":"CPT","billing_code_type_version":"2020","billing_code":"97112","description":"THER PX 1\/> AREAS EACH 15 MIN NEUROMUSC REEDUCA","allowed_amounts":[{"tin":{"type":"ein","value":"832628180"},"service_code":["11"],"billing_class":"professional","payments":[{"allowed_amount":85.00,"billing_code_modifier":[""],"providers":[{"billed_charge":125.00,"npi":[1063985729,1538220033,1679127476]},{"billed_charge":150.00,"npi":[1063985729,1538220033,1679127476]}]},{"allowed_amount":85.00,"billing_code_modifier":[""],"providers":[{"billed_charge":125.00,"npi":[1063985729,1538220033,1679127476]},{"billed_charge":150.00,"npi":[1063985729,1538220033,1679127476]}]}]},{"tin":{"type":"ein","value":"832628180"},"service_code":["11"],"billing_class":"professional","payments":[{"allowed_amount":85.00,"billing_code_modifier":[""],"providers":[{"billed_charge":125.00,"npi":[1063985729,1538220033,1679127476]},{"billed_charge":150.00,"npi":[1063985729,1538220033,1679127476]}]},{"allowed_amount":85.00,"billing_code_modifier":[""],"providers":[{"billed_charge":125.00,"npi":[1063985729,1538220033,1679127476]},{"billed_charge":150.00,"npi":[1063985729,1538220033,1679127476]}]}]},{"tin":{"type":"ein","value":"861248541"},"service_code":["11"],"billing_class":"professional","payments":[{"allowed_amount":85.00,"billing_code_modifier":[""],"providers":[{"billed_charge":125.00,"npi":[1366172827,1538220033,1588234009]}]}]}]},{"name":"THERAPEUT ACTVITY DIRECT PT CONTACT EACH 15 MIN","billing_code_type":"CPT","billing_code_type_version":"2020","billing_code":"97530","description":"THERAPEUT ACTVITY DIRECT PT CONTACT EACH 15 MIN","allowed_amounts":[{"tin":{"type":"ein","value":"854245125"},"service_code":["11"],"billing_class":"professional","payments":[{"allowed_amount":19.77,"billing_code_modifier":[""],"providers":[{"billed_charge":65.00,"npi":[1013513233,1356640775]},{"billed_charge":80.00,"npi":[1013513233,1356640775]}]},{"allowed_amount":19.77,"billing_code_modifier":[""],"providers":[{"billed_charge":65.00,"npi":[1013513233,1356640775]},{"billed_charge":80.00,"npi":[1013513233,1356640775]}]}]},{"tin":{"type":"ein","value":"854245125"},"service_code":["11"],"billing_class":"professional","payments":[{"allowed_amount":19.77,"billing_code_modifier":[""],"providers":[{"billed_charge":65.00,"npi":[1013513233,1356640775]},{"billed_charge":80.00,"npi":[1013513233,1356640775]}]},{"allowed_amount":19.77,"billing_code_modifier":[""],"providers":[{"billed_charge":65.00,"npi":[1013513233,1356640775]},{"billed_charge":80.00,"npi":[1013513233,1356640775]}]}]},{"tin":{"type":"ein","value":"874446210"},"service_code":["11"],"billing_class":"professional","payments":[{"allowed_amount":140.00,"billing_code_modifier":[""],"providers":[{"billed_charge":140.00,"npi":[1528847027,1629426697]}]}]}]},{"name":"THERAPEUTIC PX 1\/> AREAS EACH 15 MIN EXERCISES","billing_code_type":"CPT","billing_code_type_version":"2020","billing_code":"97110","description":"THERAPEUTIC PX 1\/> AREAS EACH 15 MIN EXERCISES","allowed_amounts":[{"tin":{"type":"ein","value":"832628180"},"service_code":["11"],"billing_class":"professional","payments":[{"allowed_amount":122.80,"billing_code_modifier":[""],"providers":[{"billed_charge":300.00,"npi":[1063985729,1538220033,1679127476]},{"billed_charge":320.00,"npi":[1063985729,1538220033,1679127476]}]},{"allowed_amount":122.80,"billing_code_modifier":[""],"providers":[{"billed_charge":300.00,"npi":[1063985729,1538220033,1679127476]},{"billed_charge":320.00,"npi":[1063985729,1538220033,1679127476]}]}]},{"tin":{"type":"ein","value":"832628180"},"service_code":["11"],"billing_class":"professional","payments":[{"allowed_amount":122.80,"billing_code_modifier":[""],"providers":[{"billed_charge":300.00,"npi":[1063985729,1538220033,1679127476]},{"billed_charge":320.00,"npi":[1063985729,1538220033,1679127476]}]},{"allowed_amount":122.80,"billing_code_modifier":[""],"providers":[{"billed_charge":300.00,"npi":[1063985729,1538220033,1679127476]},{"billed_charge":320.00,"npi":[1063985729,1538220033,1679127476]}]}]},{"tin":{"type":"ein","value":"854245125"},"service_code":["11"],"billing_class":"professional","payments":[{"allowed_amount":11.61,"billing_code_modifier":[""],"providers":[{"billed_charge":75.00,"npi":[1013513233,1356640775]}]}]},{"tin":{"type":"ein","value":"861248541"},"service_code":["11"],"billing_class":"professional","payments":[{"allowed_amount":122.80,"billing_code_modifier":[""],"providers":[{"billed_charge":300.00,"npi":[1366172827,1538220033,1588234009]}]}]},{"tin":{"type":"ein","value":"874446210"},"service_code":["11"],"billing_class":"professional","payments":[{"allowed_amount":60.00,"billing_code_modifier":[""],"providers":[{"billed_charge":60.00,"npi":[1528847027,1629426697]}]}]}]}]}
