{"reporting_entity_name": "IEC Group_DBA AmeriBen",
	"reporting_entity_type": "Third Party Administrator",
	"plan_name": "VERITAS TECHNOLOGIES LLC",
	"plan_id_type": "ein",
	"plan_id": "472839960",
	"plan_market_type": "group",
	"last_updated_on": "2023-04-03","Version": "1.0.0","out_of_network":[{"name":"APPLICATION MODALITY 1\/> AREAS HOT\/COLD PACKS","billing_code_type":"CPT","billing_code_type_version":"2020","billing_code":"97010","description":"APPLICATION MODALITY 1\/> AREAS HOT\/COLD PACKS","allowed_amounts":[{"tin":{"type":"ein","value":"271626810"},"service_code":["11"],"billing_class":"professional","payments":[{"allowed_amount":0.00,"billing_code_modifier":[""],"providers":[{"billed_charge":81.00,"npi":[1003890716,1336466671]}]}]},{"tin":{"type":"ein","value":"593562271"},"service_code":["11"],"billing_class":"professional","payments":[{"allowed_amount":0.00,"billing_code_modifier":[""],"providers":[{"billed_charge":9.00,"npi":[1790837680,1841461241]}]}]}]},{"name":"CHIROPRACTIC MANIPLTV TX EXTRASPINAL 1\/> REGION","billing_code_type":"CPT","billing_code_type_version":"2020","billing_code":"98943","description":"CHIROPRACTIC MANIPLTV TX EXTRASPINAL 1\/> REGION","allowed_amounts":[{"tin":{"type":"ein","value":"593562271"},"service_code":["11"],"billing_class":"professional","payments":[{"allowed_amount":18.90,"billing_code_modifier":[""],"providers":[{"billed_charge":26.00,"npi":[1790837680,1841461241]},{"billed_charge":51.00,"npi":[1790837680,1841461241]}]},{"allowed_amount":18.90,"billing_code_modifier":[""],"providers":[{"billed_charge":26.00,"npi":[1790837680,1841461241]},{"billed_charge":51.00,"npi":[1790837680,1841461241]}]}]},{"tin":{"type":"ein","value":"593562271"},"service_code":["11"],"billing_class":"professional","payments":[{"allowed_amount":18.90,"billing_code_modifier":[""],"providers":[{"billed_charge":26.00,"npi":[1790837680,1841461241]},{"billed_charge":51.00,"npi":[1790837680,1841461241]}]},{"allowed_amount":18.90,"billing_code_modifier":[""],"providers":[{"billed_charge":26.00,"npi":[1790837680,1841461241]},{"billed_charge":51.00,"npi":[1790837680,1841461241]}]}]}]},{"name":"CHIROPRACTIC MANIPULATIVE TX SPINAL 1-2 REGIONS","billing_code_type":"CPT","billing_code_type_version":"2020","billing_code":"98940","description":"CHIROPRACTIC MANIPULATIVE TX SPINAL 1-2 REGIONS","allowed_amounts":[{"tin":{"type":"ein","value":"593562271"},"service_code":["11"],"billing_class":"professional","payments":[{"allowed_amount":19.22,"billing_code_modifier":[""],"providers":[{"billed_charge":54.00,"npi":[1790837680,1841461241]}]}]},{"tin":{"type":"ein","value":"593692134"},"service_code":["11"],"billing_class":"professional","payments":[{"allowed_amount":19.22,"billing_code_modifier":[""],"providers":[{"billed_charge":55.00,"npi":[1104367457,1669562500,1871935502]}]}]}]},{"name":"IA DET NA;SEV AC RES SYND SARS-COV-2 COVID-19","billing_code_type":"HCPCS","billing_code_type_version":"HCPCS LEVEL II 2021","billing_code":"U0005","description":"IA DET NA;SEV AC RES SYND SARS-COV-2 COVID-19","allowed_amounts":[{"tin":{"type":"ein","value":"030511037"},"service_code":["81"],"billing_class":"professional","payments":[{"allowed_amount":25.00,"billing_code_modifier":[""],"providers":[{"billed_charge":125.00,"npi":[1790234839,1821110453]}]}]},{"tin":{"type":"ein","value":"272872791"},"service_code":["11"],"billing_class":"professional","payments":[{"allowed_amount":25.00,"billing_code_modifier":[""],"providers":[{"billed_charge":50.00,"npi":[1043815848,1942254347]}]}]},{"tin":{"type":"ein","value":"472462178"},"service_code":["81"],"billing_class":"professional","payments":[{"allowed_amount":25.00,"billing_code_modifier":[""],"providers":[{"billed_charge":50.00,"npi":[1174824726,1508484569,1639311509,1962018374]}]}]},{"tin":{"type":"ein","value":"475502891"},"service_code":["81"],"billing_class":"professional","payments":[{"allowed_amount":25.00,"billing_code_modifier":[""],"providers":[{"billed_charge":65.00,"npi":[1851992127,1902840283]}]}]},{"tin":{"type":"ein","value":"831342609"},"service_code":["81"],"billing_class":"professional","payments":[{"allowed_amount":25.00,"billing_code_modifier":[""],"providers":[{"billed_charge":100.00,"npi":[1053541581,1073101028,1487815387]}]}]},{"tin":{"type":"ein","value":"852364612"},"service_code":["81"],"billing_class":"professional","payments":[{"allowed_amount":25.00,"billing_code_modifier":[""],"providers":[{"billed_charge":75.00,"npi":[1740685387,1790386746]}]}]},{"tin":{"type":"ein","value":"862743177"},"service_code":["81"],"billing_class":"professional","payments":[{"allowed_amount":25.00,"billing_code_modifier":[""],"providers":[{"billed_charge":75.00,"npi":[1174674352,1700958667,1750960415]}]}]},{"tin":{"type":"ein","value":"880241758"},"service_code":["81"],"billing_class":"professional","payments":[{"allowed_amount":25.00,"billing_code_modifier":[""],"providers":[{"billed_charge":25.00,"npi":[1124417357,1639279417]}]}]},{"tin":{"type":"ein","value":"942854057"},"service_code":["81"],"billing_class":"professional","payments":[{"allowed_amount":25.00,"billing_code_modifier":[""],"providers":[{"billed_charge":25.00,"npi":[1497868392,1720029960]}]}]}]},{"name":"INF AGT DET DNA\/RNA;SARS-COV-2 COVID-19 AMP P T","billing_code_type":"HCPCS","billing_code_type_version":"HCPCS LEVEL II 2021","billing_code":"U0003","description":"INF AGT DET DNA\/RNA;SARS-COV-2 COVID-19 AMP P T","allowed_amounts":[{"tin":{"type":"ein","value":"475502891"},"service_code":["81"],"billing_class":"professional","payments":[{"allowed_amount":285.00,"billing_code_modifier":[""],"providers":[{"billed_charge":285.00,"npi":[1851992127,1902840283]}]}]}]},{"name":"MANUAL THERAPY TQS 1\/> REGIONS EACH 15 MINUTES","billing_code_type":"CPT","billing_code_type_version":"2020","billing_code":"97140","description":"MANUAL THERAPY TQS 1\/> REGIONS EACH 15 MINUTES","allowed_amounts":[{"tin":{"type":"ein","value":"271626810"},"service_code":["11"],"billing_class":"professional","payments":[{"allowed_amount":31.83,"billing_code_modifier":[""],"providers":[{"billed_charge":275.62,"npi":[1003890716,1336466671]}]}]},{"tin":{"type":"ein","value":"471617377"},"service_code":["11"],"billing_class":"professional","payments":[{"allowed_amount":31.83,"billing_code_modifier":[""],"providers":[{"billed_charge":140.00,"npi":[1588091946,1871962712]}]}]}]},{"name":"OFFICE\/OUTPATIENT ESTABLISHED MOD MDM 30-39 MIN","billing_code_type":"CPT","billing_code_type_version":"2020","billing_code":"99214","description":"OFFICE\/OUTPATIENT ESTABLISHED MOD MDM 30-39 MIN","allowed_amounts":[{"tin":{"type":"ein","value":"061768238"},"service_code":["11"],"billing_class":"professional","payments":[{"allowed_amount":200.00,"billing_code_modifier":[""],"providers":[{"billed_charge":200.00,"npi":[1235197294]}]}]},{"tin":{"type":"ein","value":"463005574"},"service_code":["02"],"billing_class":"professional","payments":[{"allowed_amount":200.00,"billing_code_modifier":[""],"providers":[{"billed_charge":200.00,"npi":[1134584097,1619291606]}]}]}]},{"name":"PSYCHOTHERAPY W\/PATIENT 45 MINUTES","billing_code_type":"CPT","billing_code_type_version":"2020","billing_code":"90834","description":"PSYCHOTHERAPY W\/PATIENT 45 MINUTES","allowed_amounts":[{"tin":{"type":"ein","value":"260817956"},"service_code":["02"],"billing_class":"professional","payments":[{"allowed_amount":150.00,"billing_code_modifier":[""],"providers":[{"billed_charge":150.00,"npi":[1912035007]}]}]},{"tin":{"type":"ein","value":"472279185"},"service_code":["11"],"billing_class":"professional","payments":[{"allowed_amount":150.00,"billing_code_modifier":[""],"providers":[{"billed_charge":150.00,"npi":[1346470895]}]}]},{"tin":{"type":"ein","value":"844331209"},"service_code":["11"],"billing_class":"professional","payments":[{"allowed_amount":150.00,"billing_code_modifier":[""],"providers":[{"billed_charge":150.00,"npi":[1154969574]}]}]}]},{"name":"PSYCHOTHERAPY W\/PATIENT 60 MINUTES","billing_code_type":"CPT","billing_code_type_version":"2020","billing_code":"90837","description":"PSYCHOTHERAPY W\/PATIENT 60 MINUTES","allowed_amounts":[{"tin":{"type":"ein","value":"203174526"},"service_code":["02"],"billing_class":"professional","payments":[{"allowed_amount":93.56,"billing_code_modifier":[""],"providers":[{"billed_charge":275.00,"npi":[1528032745]}]}]},{"tin":{"type":"ein","value":"460489059"},"service_code":["02"],"billing_class":"professional","payments":[{"allowed_amount":147.85,"billing_code_modifier":[""],"providers":[{"billed_charge":150.00,"npi":[1437603198,1609326826]}]}]}]},{"name":"PSYCHOTHERAPY W\/PATIENT W\/E&M SRVCS 45 MIN","billing_code_type":"CPT","billing_code_type_version":"2020","billing_code":"90836","description":"PSYCHOTHERAPY W\/PATIENT W\/E&M SRVCS 45 MIN","allowed_amounts":[{"tin":{"type":"ein","value":"463005574"},"service_code":["02"],"billing_class":"professional","payments":[{"allowed_amount":226.04,"billing_code_modifier":[""],"providers":[{"billed_charge":275.00,"npi":[1134584097,1619291606]}]}]}]},{"name":"SPEC CLCT FOR SARS-COV-2 COVID-19 ANY SPEC SRC","billing_code_type":"HCPCS","billing_code_type_version":"HCPCS LEVEL II 2021","billing_code":"G2023","description":"SPEC CLCT FOR SARS-COV-2 COVID-19 ANY SPEC SRC","allowed_amounts":[{"tin":{"type":"ein","value":"361924025"},"service_code":["21","81"],"billing_class":"professional","payments":[{"allowed_amount":23.46,"billing_code_modifier":[""],"providers":[{"billed_charge":28.99,"npi":[1063537876,1598714016,1639279417,1932114212]}]}]},{"tin":{"type":"ein","value":"475502891"},"service_code":["81"],"billing_class":"professional","payments":[{"allowed_amount":23.46,"billing_code_modifier":[""],"providers":[{"billed_charge":50.00,"npi":[1851992127,1902840283]}]}]},{"tin":{"type":"ein","value":"831342609"},"service_code":["81"],"billing_class":"professional","payments":[{"allowed_amount":23.46,"billing_code_modifier":[""],"providers":[{"billed_charge":50.00,"npi":[1053541581,1073101028,1487815387]}]}]},{"tin":{"type":"ein","value":"862743177"},"service_code":["81"],"billing_class":"professional","payments":[{"allowed_amount":23.46,"billing_code_modifier":[""],"providers":[{"billed_charge":70.38,"npi":[1174674352,1700958667,1750960415]}]}]},{"tin":{"type":"ein","value":"871389817"},"service_code":["11"],"billing_class":"professional","payments":[{"allowed_amount":23.46,"billing_code_modifier":[""],"providers":[{"billed_charge":100.00,"npi":[1770246613,1871021030]}]}]},{"tin":{"type":"ein","value":"872263109"},"service_code":["81"],"billing_class":"professional","payments":[{"allowed_amount":23.46,"billing_code_modifier":[""],"providers":[{"billed_charge":118.00,"npi":[1225447030,1265184584]}]}]}]},{"name":"THERAPEUTIC PX 1\/> AREAS EACH 15 MIN EXERCISES","billing_code_type":"CPT","billing_code_type_version":"2020","billing_code":"97110","description":"THERAPEUTIC PX 1\/> AREAS EACH 15 MIN EXERCISES","allowed_amounts":[{"tin":{"type":"ein","value":"271626810"},"service_code":["11"],"billing_class":"professional","payments":[{"allowed_amount":40.32,"billing_code_modifier":[""],"providers":[{"billed_charge":352.80,"npi":[1003890716,1336466671]}]}]},{"tin":{"type":"ein","value":"813214520"},"service_code":["11"],"billing_class":"professional","payments":[{"allowed_amount":40.32,"billing_code_modifier":[""],"providers":[{"billed_charge":70.10,"npi":[1811434699,1861645921]}]}]}]},{"name":"TX SPEECH LANG VOICE COMMJ &\/AUDITORY PROC IND","billing_code_type":"CPT","billing_code_type_version":"2020","billing_code":"92507","description":"TX SPEECH LANG VOICE COMMJ &\/AUDITORY PROC IND","allowed_amounts":[{"tin":{"type":"ein","value":"271790794"},"service_code":["11"],"billing_class":"professional","payments":[{"allowed_amount":0.00,"billing_code_modifier":[""],"providers":[{"billed_charge":150.00,"npi":[1508060765,1720539737,1831420033]}]}]},{"tin":{"type":"ein","value":"271790794"},"service_code":["11"],"billing_class":"professional","payments":[{"allowed_amount":50.00,"billing_code_modifier":[""],"providers":[{"billed_charge":50.00,"npi":[1508060765,1720539737,1831420033]}]}]},{"tin":{"type":"ein","value":"834163875"},"service_code":["11"],"billing_class":"professional","payments":[{"allowed_amount":57.78,"billing_code_modifier":[""],"providers":[{"billed_charge":100.00,"npi":[1255692711,1801453295]},{"billed_charge":200.00,"npi":[1255692711,1801453295]}]},{"allowed_amount":57.78,"billing_code_modifier":[""],"providers":[{"billed_charge":100.00,"npi":[1255692711,1801453295]},{"billed_charge":200.00,"npi":[1255692711,1801453295]}]}]},{"tin":{"type":"ein","value":"834163875"},"service_code":["11"],"billing_class":"professional","payments":[{"allowed_amount":57.78,"billing_code_modifier":[""],"providers":[{"billed_charge":100.00,"npi":[1255692711,1801453295]},{"billed_charge":200.00,"npi":[1255692711,1801453295]}]},{"allowed_amount":57.78,"billing_code_modifier":[""],"providers":[{"billed_charge":100.00,"npi":[1255692711,1801453295]},{"billed_charge":200.00,"npi":[1255692711,1801453295]}]}]}]}]}
