{"reporting_entity_name": "IEC Group_DBA AmeriBen",
	"reporting_entity_type": "Third Party Administrator",
	"plan_name": "BOB'S DISCOUNT FURNITURE, LLC",
	"plan_id_type": "ein",
	"plan_id": "202149352",
	"plan_market_type": "group",
	"last_updated_on": "2025-09-01","Version": "1.0.0","out_of_network":[{"name":"CCPD OPD\/HOME: CCPD COMP OR OTHER RATE","billing_code_type":"RC","billing_code_type_version":"UB04","billing_code":"0851","description":"CCPD OPD\/HOME: CCPD COMP OR OTHER RATE","allowed_amounts":[{"tin":{"type":"ein","value":"611713824"},"service_code":["65"],"billing_class":"institutional","payments":[{"allowed_amount":303.59,"billing_code_modifier":[""],"providers":[{"billed_charge":6122.43,"npi":[1053374934,1275970980]}]}]},{"tin":{"type":"ein","value":"611713824"},"service_code":["65"],"billing_class":"institutional","payments":[{"allowed_amount":307.94,"billing_code_modifier":[""],"providers":[{"billed_charge":6122.43,"npi":[1053374934,1275970980]}]}]},{"tin":{"type":"ein","value":"611713824"},"service_code":["65"],"billing_class":"institutional","payments":[{"allowed_amount":338.85,"billing_code_modifier":[""],"providers":[{"billed_charge":6122.43,"npi":[1053374934,1275970980]}]}]}]},{"name":"DRUGS REQUIRE SPECIFIC ID: DRUGS REQUIRING DETAIL","billing_code_type":"RC","billing_code_type_version":"UB04","billing_code":"0636","description":"DRUGS REQUIRE SPECIFIC ID: DRUGS REQUIRING DETAIL","allowed_amounts":[{"tin":{"type":"ein","value":"043106961"},"service_code":["65"],"billing_class":"institutional","payments":[{"allowed_amount":21.23,"billing_code_modifier":[""],"providers":[{"billed_charge":618.80,"npi":[1053561167,1780921288]},{"billed_charge":1757.00,"npi":[1053561167,1780921288]}]},{"allowed_amount":21.23,"billing_code_modifier":[""],"providers":[{"billed_charge":618.80,"npi":[1053561167,1780921288]},{"billed_charge":1757.00,"npi":[1053561167,1780921288]}]}]},{"tin":{"type":"ein","value":"043106961"},"service_code":["65"],"billing_class":"institutional","payments":[{"allowed_amount":21.23,"billing_code_modifier":[""],"providers":[{"billed_charge":618.80,"npi":[1053561167,1780921288]},{"billed_charge":1757.00,"npi":[1053561167,1780921288]}]},{"allowed_amount":21.23,"billing_code_modifier":[""],"providers":[{"billed_charge":618.80,"npi":[1053561167,1780921288]},{"billed_charge":1757.00,"npi":[1053561167,1780921288]}]}]}]},{"name":"HEMO OPD\/HOME: HEMODIALYSIS COMP OR OTHER RATE","billing_code_type":"RC","billing_code_type_version":"UB04","billing_code":"0821","description":"HEMO OPD\/HOME: HEMODIALYSIS COMP OR OTHER RATE","allowed_amounts":[{"tin":{"type":"ein","value":"043106961"},"service_code":["65"],"billing_class":"institutional","payments":[{"allowed_amount":303.04,"billing_code_modifier":[""],"providers":[{"billed_charge":8832.00,"npi":[1053561167,1780921288]}]}]},{"tin":{"type":"ein","value":"621323090"},"service_code":["65"],"billing_class":"institutional","payments":[{"allowed_amount":384.68,"billing_code_modifier":[""],"providers":[{"billed_charge":6348.00,"npi":[1003163593,1689640997]},{"billed_charge":6577.00,"npi":[1003163593,1689640997]}]},{"allowed_amount":384.68,"billing_code_modifier":[""],"providers":[{"billed_charge":6348.00,"npi":[1003163593,1689640997]},{"billed_charge":6577.00,"npi":[1003163593,1689640997]}]}]},{"tin":{"type":"ein","value":"621323090"},"service_code":["65"],"billing_class":"institutional","payments":[{"allowed_amount":384.68,"billing_code_modifier":[""],"providers":[{"billed_charge":6348.00,"npi":[1003163593,1689640997]},{"billed_charge":6577.00,"npi":[1003163593,1689640997]}]},{"allowed_amount":384.68,"billing_code_modifier":[""],"providers":[{"billed_charge":6348.00,"npi":[1003163593,1689640997]},{"billed_charge":6577.00,"npi":[1003163593,1689640997]}]}]},{"tin":{"type":"ein","value":"621323090"},"service_code":["65"],"billing_class":"institutional","payments":[{"allowed_amount":384.69,"billing_code_modifier":[""],"providers":[{"billed_charge":6348.00,"npi":[1003163593,1689640997]},{"billed_charge":6577.00,"npi":[1003163593,1689640997]}]},{"allowed_amount":384.69,"billing_code_modifier":[""],"providers":[{"billed_charge":6348.00,"npi":[1003163593,1689640997]},{"billed_charge":6577.00,"npi":[1003163593,1689640997]}]}]},{"tin":{"type":"ein","value":"621323090"},"service_code":["65"],"billing_class":"institutional","payments":[{"allowed_amount":384.69,"billing_code_modifier":[""],"providers":[{"billed_charge":6348.00,"npi":[1003163593,1689640997]},{"billed_charge":6577.00,"npi":[1003163593,1689640997]}]},{"allowed_amount":384.69,"billing_code_modifier":[""],"providers":[{"billed_charge":6348.00,"npi":[1003163593,1689640997]},{"billed_charge":6577.00,"npi":[1003163593,1689640997]}]}]}]},{"name":"MEDICAL\/SURGICAL SUPPLIES","billing_code_type":"RC","billing_code_type_version":"UB04","billing_code":"0270","description":"MEDICAL\/SURGICAL SUPPLIES","allowed_amounts":[{"tin":{"type":"ein","value":"043106961"},"service_code":["65"],"billing_class":"institutional","payments":[{"allowed_amount":3.98,"billing_code_modifier":[""],"providers":[{"billed_charge":149.10,"npi":[1053561167,1780921288]}]}]},{"tin":{"type":"ein","value":"043106961"},"service_code":["65"],"billing_class":"institutional","payments":[{"allowed_amount":5.11,"billing_code_modifier":[""],"providers":[{"billed_charge":149.10,"npi":[1053561167,1780921288]}]}]}]},{"name":"OFFICE\/OUTPATIENT ESTABLISHED LOW MDM 20 MIN","billing_code_type":"CPT","billing_code_type_version":"2020","billing_code":"99213","description":"OFFICE\/OUTPATIENT ESTABLISHED LOW MDM 20 MIN","allowed_amounts":[{"tin":{"type":"ein","value":"061602483"},"service_code":["11"],"billing_class":"professional","payments":[{"allowed_amount":205.00,"billing_code_modifier":[""],"providers":[{"billed_charge":450.00,"npi":[1003288101,1568530210]}]}]},{"tin":{"type":"ein","value":"061602483"},"service_code":["11"],"billing_class":"professional","payments":[{"allowed_amount":214.00,"billing_code_modifier":[""],"providers":[{"billed_charge":450.00,"npi":[1003288101,1568530210]}]}]},{"tin":{"type":"ein","value":"223818066"},"service_code":["11"],"billing_class":"professional","payments":[{"allowed_amount":214.00,"billing_code_modifier":[""],"providers":[{"billed_charge":450.00,"npi":[1780762898,1932315363]}]}]},{"tin":{"type":"ein","value":"364761935"},"service_code":["11"],"billing_class":"professional","payments":[{"allowed_amount":214.00,"billing_code_modifier":[""],"providers":[{"billed_charge":290.00,"npi":[1861894982,1942341458]}]}]},{"tin":{"type":"ein","value":"810699468"},"service_code":["11"],"billing_class":"professional","payments":[{"allowed_amount":214.00,"billing_code_modifier":[""],"providers":[{"billed_charge":400.00,"npi":[1225494016,1780904359]}]}]},{"tin":{"type":"ein","value":"874464334"},"service_code":["11"],"billing_class":"professional","payments":[{"allowed_amount":214.00,"billing_code_modifier":[""],"providers":[{"billed_charge":350.00,"npi":[1275286148,1417492604]}]}]},{"tin":{"type":"ein","value":"874489423"},"service_code":["11"],"billing_class":"professional","payments":[{"allowed_amount":214.00,"billing_code_modifier":[""],"providers":[{"billed_charge":400.00,"npi":[1285350017,1861653826]}]}]}]},{"name":"PHARMACY","billing_code_type":"RC","billing_code_type_version":"UB04","billing_code":"0250","description":"PHARMACY","allowed_amounts":[{"tin":{"type":"ein","value":"043106961"},"service_code":["65"],"billing_class":"institutional","payments":[{"allowed_amount":10.22,"billing_code_modifier":[""],"providers":[{"billed_charge":297.90,"npi":[1053561167,1780921288]}]}]}]},{"name":"PSYCHIATRIC\/PSYCHOLOGICAL TRT: INTENSIVE OUT SERV","billing_code_type":"RC","billing_code_type_version":"UB04","billing_code":"0906","description":"PSYCHIATRIC\/PSYCHOLOGICAL TRT: INTENSIVE OUT SERV","allowed_amounts":[{"tin":{"type":"ein","value":"770260022"},"service_code":["22"],"billing_class":"institutional","payments":[{"allowed_amount":280.37,"billing_code_modifier":[""],"providers":[{"billed_charge":3000.00,"npi":[1447328109,1922145499]}]}]}]},{"name":"PSYCHIATRIC\/PSYCHOLOGICAL TRT: INTENSIVE OUTPATIEN","billing_code_type":"RC","billing_code_type_version":"UB04","billing_code":"0905","description":"PSYCHIATRIC\/PSYCHOLOGICAL TRT: INTENSIVE OUTPATIEN","allowed_amounts":[{"tin":{"type":"ein","value":"931538641"},"service_code":["22"],"billing_class":"institutional","payments":[{"allowed_amount":400.00,"billing_code_modifier":[""],"providers":[{"billed_charge":3250.00,"npi":[1902686462]}]}]}]},{"name":"PSYCHOTHERAPY W\/PATIENT 45 MINUTES","billing_code_type":"CPT","billing_code_type_version":"2020","billing_code":"90834","description":"PSYCHOTHERAPY W\/PATIENT 45 MINUTES","allowed_amounts":[{"tin":{"type":"ein","value":"463636954"},"service_code":["11"],"billing_class":"professional","payments":[{"allowed_amount":115.50,"billing_code_modifier":[""],"providers":[{"billed_charge":230.00,"npi":[1245895812,1417614272]}]}]}]},{"name":"THER PX 1\/> AREAS EA 15 MIN GAIT TRAING W\/STAIR","billing_code_type":"CPT","billing_code_type_version":"2020","billing_code":"97116","description":"THER PX 1\/> AREAS EA 15 MIN GAIT TRAING W\/STAIR","allowed_amounts":[{"tin":{"type":"ein","value":"203368260"},"service_code":["11"],"billing_class":"professional","payments":[{"allowed_amount":47.00,"billing_code_modifier":[""],"providers":[{"billed_charge":140.00,"npi":[1023048972,1124859806,1689742025,1770632390]}]}]}]},{"name":"THER PX 1\/> AREAS EACH 15 MIN NEUROMUSC REEDUCA","billing_code_type":"CPT","billing_code_type_version":"2020","billing_code":"97112","description":"THER PX 1\/> AREAS EACH 15 MIN NEUROMUSC REEDUCA","allowed_amounts":[{"tin":{"type":"ein","value":"203368260"},"service_code":["11"],"billing_class":"professional","payments":[{"allowed_amount":85.00,"billing_code_modifier":[""],"providers":[{"billed_charge":140.00,"npi":[1023048972,1124859806,1689742025,1770632390]}]}]}]},{"name":"THERAPEUTIC PROPHYLACTIC\/DX INJECTION SUBQ\/IM","billing_code_type":"CPT","billing_code_type_version":"2020","billing_code":"96372","description":"THERAPEUTIC PROPHYLACTIC\/DX INJECTION SUBQ\/IM","allowed_amounts":[{"tin":{"type":"ein","value":"061602483"},"service_code":["11"],"billing_class":"professional","payments":[{"allowed_amount":60.00,"billing_code_modifier":[""],"providers":[{"billed_charge":125.00,"npi":[1003288101,1568530210]}]}]}]},{"name":"THERAPEUTIC PX 1\/> AREAS EACH 15 MIN EXERCISES","billing_code_type":"CPT","billing_code_type_version":"2020","billing_code":"97110","description":"THERAPEUTIC PX 1\/> AREAS EACH 15 MIN EXERCISES","allowed_amounts":[{"tin":{"type":"ein","value":"203368260"},"service_code":["11"],"billing_class":"professional","payments":[{"allowed_amount":122.80,"billing_code_modifier":[""],"providers":[{"billed_charge":280.00,"npi":[1023048972,1124859806,1689742025,1770632390]}]}]}]},{"name":"VITAMIN B12 INJECTION","billing_code_type":"HCPCS","billing_code_type_version":"HCPCS LEVEL II 2021","billing_code":"J3420","description":"VITAMIN B12 INJECTION","allowed_amounts":[{"tin":{"type":"ein","value":"061602483"},"service_code":["11"],"billing_class":"professional","payments":[{"allowed_amount":15.00,"billing_code_modifier":[""],"providers":[{"billed_charge":90.00,"npi":[1003288101,1568530210]}]}]}]}]}
