{"reporting_entity_name": "IEC Group_DBA AmeriBen",
	"reporting_entity_type": "Third Party Administrator",
	"plan_name": "COCHISE COMBINED TRUST",
	"plan_id_type": "ein",
	"plan_id": "721525748",
	"plan_market_type": "group",
	"last_updated_on": "2025-05-01","Version": "1.0.0","out_of_network":[{"name":"EMERGENCY DEPARTMENT VISIT HIGH MDM","billing_code_type":"CPT","billing_code_type_version":"2020","billing_code":"99285","description":"EMERGENCY DEPARTMENT VISIT HIGH MDM","allowed_amounts":[{"tin":{"type":"ein","value":"352574944"},"service_code":["23"],"billing_class":"professional","payments":[{"allowed_amount":301.91,"billing_code_modifier":[""],"providers":[{"billed_charge":3522.00,"npi":[1194766543,1205940756,1336445857,1669733580,1700328663,1831765585,1922067768]}]}]}]},{"name":"SBSQ HOSPITAL IP\/OBS CARE HIGH MDM 50 MINUTES","billing_code_type":"CPT","billing_code_type_version":"2020","billing_code":"99233","description":"SBSQ HOSPITAL IP\/OBS CARE HIGH MDM 50 MINUTES","allowed_amounts":[{"tin":{"type":"ein","value":"452464437"},"service_code":["21"],"billing_class":"professional","payments":[{"allowed_amount":1338.00,"billing_code_modifier":[""],"providers":[{"billed_charge":718.00,"npi":[1194766543,1437407921,1568758266,1750875191]}]}]}]}]}
