{"reporting_entity_name": "IEC Group_DBA AmeriBen",
	"reporting_entity_type": "Third Party Administrator",
	"plan_name": "DELTA DENTAL OF WISCONSIN INC",
	"plan_id_type": "ein",
	"plan_id": "396094742",
	"plan_market_type": "group",
	"last_updated_on": "2023-06-01","Version": "1.0.0","out_of_network":[{"name":"CHIROPRACTIC MANIPULATIVE TX SPINAL 1-2 REGIONS","billing_code_type":"CPT","billing_code_type_version":"2020","billing_code":"98940","description":"CHIROPRACTIC MANIPULATIVE TX SPINAL 1-2 REGIONS","allowed_amounts":[{"tin":{"type":"ein","value":"391501106"},"service_code":["11"],"billing_class":"professional","payments":[{"allowed_amount":21.59,"billing_code_modifier":[""],"providers":[{"billed_charge":35.00,"npi":[1306903810]},{"billed_charge":40.00,"npi":[1306903810]}]},{"allowed_amount":21.59,"billing_code_modifier":[""],"providers":[{"billed_charge":35.00,"npi":[1306903810]},{"billed_charge":40.00,"npi":[1306903810]}]}]},{"tin":{"type":"ein","value":"391501106"},"service_code":["11"],"billing_class":"professional","payments":[{"allowed_amount":21.59,"billing_code_modifier":[""],"providers":[{"billed_charge":35.00,"npi":[1306903810]},{"billed_charge":40.00,"npi":[1306903810]}]},{"allowed_amount":21.59,"billing_code_modifier":[""],"providers":[{"billed_charge":35.00,"npi":[1306903810]},{"billed_charge":40.00,"npi":[1306903810]}]}]}]},{"name":"GROUP PSYCHOTHERAPY","billing_code_type":"CPT","billing_code_type_version":"2020","billing_code":"90853","description":"GROUP PSYCHOTHERAPY","allowed_amounts":[{"tin":{"type":"ein","value":"396005763"},"service_code":["51"],"billing_class":"professional","payments":[{"allowed_amount":54.00,"billing_code_modifier":[""],"providers":[{"billed_charge":60.00,"npi":[1215254354,1508840844,1659472470]}]}]}]}]}
