{"reporting_entity_name": "IEC Group_DBA AmeriBen",
	"reporting_entity_type": "Third Party Administrator",
	"plan_name": "CTI FOODS HOLDING CO., LLC",
	"plan_id_type": "ein",
	"plan_id": "141888320",
	"plan_market_type": "group",
	"last_updated_on": "2024-06-01","Version": "1.0.0","out_of_network":[{"name":"SBSQ HOSPITAL IP\/OBS CARE MOD MDM 35 MINUTES","billing_code_type":"CPT","billing_code_type_version":"2020","billing_code":"99232","description":"SBSQ HOSPITAL IP\/OBS CARE MOD MDM 35 MINUTES","allowed_amounts":[{"tin":{"type":"ein","value":"562616409"},"service_code":["21"],"billing_class":"professional","payments":[{"allowed_amount":78.09,"billing_code_modifier":[""],"providers":[{"billed_charge":221.51,"npi":[1417008772]}]}]},{"tin":{"type":"ein","value":"812730045"},"service_code":["21"],"billing_class":"professional","payments":[{"allowed_amount":78.09,"billing_code_modifier":[""],"providers":[{"billed_charge":116.00,"npi":[1043573694]}]}]},{"tin":{"type":"ein","value":"822096407"},"service_code":["21"],"billing_class":"professional","payments":[{"allowed_amount":78.09,"billing_code_modifier":[""],"providers":[{"billed_charge":116.00,"npi":[1871754507]}]}]}]}]}
