{"reporting_entity_name": "IEC Group_DBA AmeriBen",
	"reporting_entity_type": "Third Party Administrator",
	"plan_name": "SoutheastHEALTH",
	"plan_id_type": "ein",
	"plan_id": "461480915",
	"plan_market_type": "group",
	"last_updated_on": "2024-07-01","Version": "1.0.0","out_of_network":[{"name":"CHIROPRACTIC MANIPULATIVE TX SPINAL 1-2 REGIONS","billing_code_type":"CPT","billing_code_type_version":"2020","billing_code":"98940","description":"CHIROPRACTIC MANIPULATIVE TX SPINAL 1-2 REGIONS","allowed_amounts":[{"tin":{"type":"ein","value":"461032229"},"service_code":["11"],"billing_class":"professional","payments":[{"allowed_amount":22.10,"billing_code_modifier":[""],"providers":[{"billed_charge":75.00,"npi":[1114173143,1306197504]}]}]}]},{"name":"PSYCHIATRIC\/PSYCHOLOGICAL SVCS: PARTIAL HOSP - LES","billing_code_type":"RC","billing_code_type_version":"UB04","billing_code":"0912","description":"PSYCHIATRIC\/PSYCHOLOGICAL SVCS: PARTIAL HOSP - LES","allowed_amounts":[{"tin":{"type":"ein","value":"873106521"},"service_code":["22"],"billing_class":"institutional","payments":[{"allowed_amount":1170.00,"billing_code_modifier":[""],"providers":[{"billed_charge":3994.98,"npi":[1366949976,1396460788]}]}]}]},{"name":"RESIDENTIAL TREATMENT-CHEMICAL DEPENDENCY","billing_code_type":"RC","billing_code_type_version":"UB04","billing_code":"1002","description":"RESIDENTIAL TREATMENT-CHEMICAL DEPENDENCY","allowed_amounts":[{"tin":{"type":"ein","value":"873106521"},"service_code":["21"],"billing_class":"institutional","payments":[{"allowed_amount":2647.50,"billing_code_modifier":[""],"providers":[{"billed_charge":4995.00,"npi":[1366949976,1396460788,1649238221]}]}]}]}]}
