{"reporting_entity_name": "IEC Group_DBA AmeriBen",
	"reporting_entity_type": "Third Party Administrator",
	"plan_name": "LOGAN ALUMINUM INC",
	"plan_id_type": "ein",
	"plan_id": "611064243",
	"plan_market_type": "group",
	"last_updated_on": "2023-12-01","Version": "1.0.0","out_of_network":[{"name":"DRUGS REQUIRE SPECIFIC ID: DRUGS REQUIRING DETAIL","billing_code_type":"RC","billing_code_type_version":"UB04","billing_code":"0636","description":"DRUGS REQUIRE SPECIFIC ID: DRUGS REQUIRING DETAIL","allowed_amounts":[{"tin":{"type":"ein","value":"620850498"},"service_code":["65"],"billing_class":"institutional","payments":[{"allowed_amount":66.91,"billing_code_modifier":[""],"providers":[{"billed_charge":821.94,"npi":[1659304038,1831169069]}]}]},{"tin":{"type":"ein","value":"953372911"},"service_code":["65"],"billing_class":"institutional","payments":[{"allowed_amount":16.63,"billing_code_modifier":[""],"providers":[{"billed_charge":339.85,"npi":[1083969893,1861861411]}]}]},{"tin":{"type":"ein","value":"953372911"},"service_code":["65"],"billing_class":"institutional","payments":[{"allowed_amount":43.18,"billing_code_modifier":[""],"providers":[{"billed_charge":882.50,"npi":[1083969893,1861861411]}]}]}]},{"name":"HEMO OPD\/HOME: HEMODIALYSIS COMP OR OTHER RATE","billing_code_type":"RC","billing_code_type_version":"UB04","billing_code":"0821","description":"HEMO OPD\/HOME: HEMODIALYSIS COMP OR OTHER RATE","allowed_amounts":[{"tin":{"type":"ein","value":"620850498"},"service_code":["65"],"billing_class":"institutional","payments":[{"allowed_amount":211.65,"billing_code_modifier":[""],"providers":[{"billed_charge":2600.00,"npi":[1659304038,1831169069]}]}]},{"tin":{"type":"ein","value":"953372911"},"service_code":["65"],"billing_class":"institutional","payments":[{"allowed_amount":268.47,"billing_code_modifier":[""],"providers":[{"billed_charge":5487.00,"npi":[1083969893,1861861411]}]}]},{"tin":{"type":"ein","value":"953372911"},"service_code":["65"],"billing_class":"institutional","payments":[{"allowed_amount":268.50,"billing_code_modifier":[""],"providers":[{"billed_charge":5487.00,"npi":[1083969893,1861861411]}]}]}]},{"name":"MEDICAL\/SURGICAL SUPPLIES","billing_code_type":"RC","billing_code_type_version":"UB04","billing_code":"0270","description":"MEDICAL\/SURGICAL SUPPLIES","allowed_amounts":[{"tin":{"type":"ein","value":"953372911"},"service_code":["65"],"billing_class":"institutional","payments":[{"allowed_amount":6.33,"billing_code_modifier":[""],"providers":[{"billed_charge":129.55,"npi":[1083969893,1861861411]}]}]},{"tin":{"type":"ein","value":"953372911"},"service_code":["65"],"billing_class":"institutional","payments":[{"allowed_amount":12.68,"billing_code_modifier":[""],"providers":[{"billed_charge":259.10,"npi":[1083969893,1861861411]}]}]}]},{"name":"PHARMACY","billing_code_type":"RC","billing_code_type_version":"UB04","billing_code":"0250","description":"PHARMACY","allowed_amounts":[{"tin":{"type":"ein","value":"953372911"},"service_code":["65"],"billing_class":"institutional","payments":[{"allowed_amount":0.04,"billing_code_modifier":[""],"providers":[{"billed_charge":0.90,"npi":[1083969893,1861861411]}]}]},{"tin":{"type":"ein","value":"953372911"},"service_code":["65"],"billing_class":"institutional","payments":[{"allowed_amount":0.06,"billing_code_modifier":[""],"providers":[{"billed_charge":1.30,"npi":[1083969893,1861861411]}]}]}]},{"name":"RADIOLOGIC EXAM CHEST 2 VIEWS","billing_code_type":"CPT","billing_code_type_version":"2020","billing_code":"71046","description":"RADIOLOGIC EXAM CHEST 2 VIEWS","allowed_amounts":[{"tin":{"type":"ein","value":"880602985"},"service_code":["22"],"billing_class":"professional","payments":[{"allowed_amount":12.09,"billing_code_modifier":[""],"providers":[{"billed_charge":39.00,"npi":[1104816925,1316941859,1558329128,1578539557,1659837722,1679740302,1699762690,1790421089,1851326110,1902151038,1992893416]}]}]}]},{"name":"RADIOLOGIC EXAM CHEST SINGLE VIEW","billing_code_type":"CPT","billing_code_type_version":"2020","billing_code":"71045","description":"RADIOLOGIC EXAM CHEST SINGLE VIEW","allowed_amounts":[{"tin":{"type":"ein","value":"880602985"},"service_code":["22"],"billing_class":"professional","payments":[{"allowed_amount":10.11,"billing_code_modifier":[""],"providers":[{"billed_charge":33.00,"npi":[1295847184,1306895081,1578539557,1669817219,1679740302,1790421089,1790771954,1851326110,1902151038,1992893416]}]}]}]},{"name":"TX SPEECH LANG VOICE COMMJ &\/AUDITORY PROC IND","billing_code_type":"CPT","billing_code_type_version":"2020","billing_code":"92507","description":"TX SPEECH LANG VOICE COMMJ &\/AUDITORY PROC IND","allowed_amounts":[{"tin":{"type":"ein","value":"872110762"},"service_code":["12"],"billing_class":"professional","payments":[{"allowed_amount":74.25,"billing_code_modifier":[""],"providers":[{"billed_charge":74.25,"npi":[1386219723,1417624826]}]}]},{"tin":{"type":"ein","value":"921656376"},"service_code":["12"],"billing_class":"professional","payments":[{"allowed_amount":89.00,"billing_code_modifier":[""],"providers":[{"billed_charge":89.00,"npi":[1841731494,1952016636]}]}]}]}]}
