{"reporting_entity_name": "IEC Group_DBA AmeriBen",
	"reporting_entity_type": "Third Party Administrator",
	"plan_name": "THE DOCTORS MANAGEMENT COMPANY",
	"plan_id_type": "ein",
	"plan_id": "952958888",
	"plan_market_type": "group",
	"last_updated_on": "2025-08-01","Version": "1.0.0","out_of_network":[{"name":"ADAPT BHV TX PRTCL MODIFICAJ PHYS\/QHP EA 15 MIN","billing_code_type":"CPT","billing_code_type_version":"2020","billing_code":"97155","description":"ADAPT BHV TX PRTCL MODIFICAJ PHYS\/QHP EA 15 MIN","allowed_amounts":[{"tin":{"type":"ein","value":"821415259"},"service_code":["11"],"billing_class":"professional","payments":[{"allowed_amount":28.28,"billing_code_modifier":[""],"providers":[{"billed_charge":88.00,"npi":[1104371939,1700324555]}]}]}]},{"name":"ADAPTIVE BEHAVIOR TX BY PROTOCOL TECH EA 15 MIN","billing_code_type":"CPT","billing_code_type_version":"2020","billing_code":"97153","description":"ADAPTIVE BEHAVIOR TX BY PROTOCOL TECH EA 15 MIN","allowed_amounts":[{"tin":{"type":"ein","value":"821415259"},"service_code":["11"],"billing_class":"professional","payments":[{"allowed_amount":180.00,"billing_code_modifier":[""],"providers":[{"billed_charge":207.72,"npi":[1104371939,1700324555]},{"billed_charge":225.96,"npi":[1104371939,1700324555]},{"billed_charge":353.60,"npi":[1104371939,1700324555]}]},{"allowed_amount":180.00,"billing_code_modifier":[""],"providers":[{"billed_charge":207.72,"npi":[1104371939,1700324555]},{"billed_charge":225.96,"npi":[1104371939,1700324555]},{"billed_charge":353.60,"npi":[1104371939,1700324555]}]},{"allowed_amount":180.00,"billing_code_modifier":[""],"providers":[{"billed_charge":207.72,"npi":[1104371939,1700324555]},{"billed_charge":225.96,"npi":[1104371939,1700324555]},{"billed_charge":353.60,"npi":[1104371939,1700324555]}]}]},{"tin":{"type":"ein","value":"821415259"},"service_code":["11"],"billing_class":"professional","payments":[{"allowed_amount":180.00,"billing_code_modifier":[""],"providers":[{"billed_charge":207.72,"npi":[1104371939,1700324555]},{"billed_charge":225.96,"npi":[1104371939,1700324555]},{"billed_charge":353.60,"npi":[1104371939,1700324555]}]},{"allowed_amount":180.00,"billing_code_modifier":[""],"providers":[{"billed_charge":207.72,"npi":[1104371939,1700324555]},{"billed_charge":225.96,"npi":[1104371939,1700324555]},{"billed_charge":353.60,"npi":[1104371939,1700324555]}]},{"allowed_amount":180.00,"billing_code_modifier":[""],"providers":[{"billed_charge":207.72,"npi":[1104371939,1700324555]},{"billed_charge":225.96,"npi":[1104371939,1700324555]},{"billed_charge":353.60,"npi":[1104371939,1700324555]}]}]},{"tin":{"type":"ein","value":"821415259"},"service_code":["11"],"billing_class":"professional","payments":[{"allowed_amount":180.00,"billing_code_modifier":[""],"providers":[{"billed_charge":207.72,"npi":[1104371939,1700324555]},{"billed_charge":225.96,"npi":[1104371939,1700324555]},{"billed_charge":353.60,"npi":[1104371939,1700324555]}]},{"allowed_amount":180.00,"billing_code_modifier":[""],"providers":[{"billed_charge":207.72,"npi":[1104371939,1700324555]},{"billed_charge":225.96,"npi":[1104371939,1700324555]},{"billed_charge":353.60,"npi":[1104371939,1700324555]}]},{"allowed_amount":180.00,"billing_code_modifier":[""],"providers":[{"billed_charge":207.72,"npi":[1104371939,1700324555]},{"billed_charge":225.96,"npi":[1104371939,1700324555]},{"billed_charge":353.60,"npi":[1104371939,1700324555]}]}]}]},{"name":"APPL MODALITY 1\/> AREAS TRACTION MECHANICAL","billing_code_type":"CPT","billing_code_type_version":"2020","billing_code":"97012","description":"APPL MODALITY 1\/> AREAS TRACTION MECHANICAL","allowed_amounts":[{"tin":{"type":"ein","value":"874570715"},"service_code":["11"],"billing_class":"professional","payments":[{"allowed_amount":40.00,"billing_code_modifier":[""],"providers":[{"billed_charge":62.00,"npi":[1043411325,1245967520]}]}]}]},{"name":"CHIROPRACTIC MANIPLTV TX EXTRASPINAL 1\/> REGION","billing_code_type":"CPT","billing_code_type_version":"2020","billing_code":"98943","description":"CHIROPRACTIC MANIPLTV TX EXTRASPINAL 1\/> REGION","allowed_amounts":[{"tin":{"type":"ein","value":"874570715"},"service_code":["11"],"billing_class":"professional","payments":[{"allowed_amount":55.00,"billing_code_modifier":[""],"providers":[{"billed_charge":62.00,"npi":[1043411325,1245967520]}]}]}]},{"name":"CHIROPRACTIC MANIPULATIVE TX SPINAL 5 REGIONS","billing_code_type":"CPT","billing_code_type_version":"2020","billing_code":"98942","description":"CHIROPRACTIC MANIPULATIVE TX SPINAL 5 REGIONS","allowed_amounts":[{"tin":{"type":"ein","value":"874570715"},"service_code":["11"],"billing_class":"professional","payments":[{"allowed_amount":90.00,"billing_code_modifier":[""],"providers":[{"billed_charge":92.00,"npi":[1043411325,1245967520]}]}]}]},{"name":"EXTRACORPOREAL SHOCK WAVE MUSCSKEL SYS NOS","billing_code_type":"CPT","billing_code_type_version":"2020","billing_code":"0101T","description":"EXTRACORPOREAL SHOCK WAVE MUSCSKEL SYS NOS","allowed_amounts":[{"tin":{"type":"ein","value":"874570715"},"service_code":["11"],"billing_class":"professional","payments":[{"allowed_amount":0.00,"billing_code_modifier":[""],"providers":[{"billed_charge":175.00,"npi":[1043411325,1245967520]}]}]}]},{"name":"MANUAL THERAPY TQS 1\/> REGIONS EACH 15 MINUTES","billing_code_type":"CPT","billing_code_type_version":"2020","billing_code":"97140","description":"MANUAL THERAPY TQS 1\/> REGIONS EACH 15 MINUTES","allowed_amounts":[{"tin":{"type":"ein","value":"202974619"},"service_code":["11"],"billing_class":"professional","payments":[{"allowed_amount":40.44,"billing_code_modifier":[""],"providers":[{"billed_charge":120.00,"npi":[1316933724,1407905458,1710237300,1932806379,1962614222]}]}]},{"tin":{"type":"ein","value":"202974619"},"service_code":["11"],"billing_class":"professional","payments":[{"allowed_amount":40.76,"billing_code_modifier":[""],"providers":[{"billed_charge":120.00,"npi":[1407905458,1558357921,1932806379,1962614222]}]}]},{"tin":{"type":"ein","value":"800592511"},"service_code":["11"],"billing_class":"professional","payments":[{"allowed_amount":40.44,"billing_code_modifier":[""],"providers":[{"billed_charge":200.00,"npi":[1205073897,1790110518,1992571848]}]}]},{"tin":{"type":"ein","value":"874570715"},"service_code":["11"],"billing_class":"professional","payments":[{"allowed_amount":57.00,"billing_code_modifier":[""],"providers":[{"billed_charge":79.00,"npi":[1043411325,1245967520]}]}]},{"tin":{"type":"ein","value":"990960256"},"service_code":["11"],"billing_class":"professional","payments":[{"allowed_amount":40.44,"billing_code_modifier":[""],"providers":[{"billed_charge":150.00,"npi":[1306357074,1992705859]}]}]},{"tin":{"type":"ein","value":"990960256"},"service_code":["11"],"billing_class":"professional","payments":[{"allowed_amount":40.76,"billing_code_modifier":[""],"providers":[{"billed_charge":150.00,"npi":[1306357074,1992705859]}]}]}]},{"name":"PSYCHOTHERAPY W\/PATIENT 45 MINUTES","billing_code_type":"CPT","billing_code_type_version":"2020","billing_code":"90834","description":"PSYCHOTHERAPY W\/PATIENT 45 MINUTES","allowed_amounts":[{"tin":{"type":"ein","value":"800651348"},"service_code":["11"],"billing_class":"professional","payments":[{"allowed_amount":160.00,"billing_code_modifier":[""],"providers":[{"billed_charge":160.00,"npi":[1366097495,1881730513]}]}]},{"tin":{"type":"ein","value":"811741439"},"service_code":["02"],"billing_class":"professional","payments":[{"allowed_amount":251.24,"billing_code_modifier":[""],"providers":[{"billed_charge":325.00,"npi":[1255699054]}]}]}]},{"name":"SBSQ HOSPITAL IP\/OBS CARE HIGH MDM 50 MINUTES","billing_code_type":"CPT","billing_code_type_version":"2020","billing_code":"99233","description":"SBSQ HOSPITAL IP\/OBS CARE HIGH MDM 50 MINUTES","allowed_amounts":[{"tin":{"type":"ein","value":"922871068"},"service_code":["21"],"billing_class":"professional","payments":[{"allowed_amount":112.89,"billing_code_modifier":[""],"providers":[{"billed_charge":937.50,"npi":[1013441468,1164927943,1265010920,1306890389,1821799164]}]}]},{"tin":{"type":"ein","value":"922871068"},"service_code":["21"],"billing_class":"professional","payments":[{"allowed_amount":169.51,"billing_code_modifier":[""],"providers":[{"billed_charge":937.50,"npi":[1306890389,1366670671,1821799164]}]}]}]},{"name":"THER PX 1\/> AREAS EACH 15 MIN NEUROMUSC REEDUCA","billing_code_type":"CPT","billing_code_type_version":"2020","billing_code":"97112","description":"THER PX 1\/> AREAS EACH 15 MIN NEUROMUSC REEDUCA","allowed_amounts":[{"tin":{"type":"ein","value":"202974619"},"service_code":["11"],"billing_class":"professional","payments":[{"allowed_amount":48.03,"billing_code_modifier":[""],"providers":[{"billed_charge":120.00,"npi":[1407905458,1558357921,1932806379,1962614222]}]}]},{"tin":{"type":"ein","value":"800592511"},"service_code":["11"],"billing_class":"professional","payments":[{"allowed_amount":100.86,"billing_code_modifier":[""],"providers":[{"billed_charge":400.00,"npi":[1205073897,1255924254,1790110518,1992571848]}]}]},{"tin":{"type":"ein","value":"990960256"},"service_code":["11"],"billing_class":"professional","payments":[{"allowed_amount":48.03,"billing_code_modifier":[""],"providers":[{"billed_charge":150.00,"npi":[1306357074,1992705859]}]}]},{"tin":{"type":"ein","value":"990960256"},"service_code":["11"],"billing_class":"professional","payments":[{"allowed_amount":100.86,"billing_code_modifier":[""],"providers":[{"billed_charge":300.00,"npi":[1306357074,1992705859]}]}]}]},{"name":"THERAPEUT ACTVITY DIRECT PT CONTACT EACH 15 MIN","billing_code_type":"CPT","billing_code_type_version":"2020","billing_code":"97530","description":"THERAPEUT ACTVITY DIRECT PT CONTACT EACH 15 MIN","allowed_amounts":[{"tin":{"type":"ein","value":"202974619"},"service_code":["11"],"billing_class":"professional","payments":[{"allowed_amount":103.84,"billing_code_modifier":[""],"providers":[{"billed_charge":240.00,"npi":[1407905458,1558357921,1932806379,1962614222]}]}]},{"tin":{"type":"ein","value":"800592511"},"service_code":["11"],"billing_class":"professional","payments":[{"allowed_amount":103.84,"billing_code_modifier":[""],"providers":[{"billed_charge":400.00,"npi":[1790110518,1992571848]}]}]},{"tin":{"type":"ein","value":"874570715"},"service_code":["11"],"billing_class":"professional","payments":[{"allowed_amount":135.00,"billing_code_modifier":[""],"providers":[{"billed_charge":135.00,"npi":[1043411325,1245967520]}]}]}]},{"name":"THERAPEUTIC PX 1\/> AREAS EACH 15 MIN EXERCISES","billing_code_type":"CPT","billing_code_type_version":"2020","billing_code":"97110","description":"THERAPEUTIC PX 1\/> AREAS EACH 15 MIN EXERCISES","allowed_amounts":[{"tin":{"type":"ein","value":"134200652"},"service_code":["11"],"billing_class":"professional","payments":[{"allowed_amount":43.19,"billing_code_modifier":[""],"providers":[{"billed_charge":51.00,"npi":[1801944657]}]}]},{"tin":{"type":"ein","value":"202974619"},"service_code":["11"],"billing_class":"professional","payments":[{"allowed_amount":43.19,"billing_code_modifier":[""],"providers":[{"billed_charge":120.00,"npi":[1407905458,1558357921,1932806379,1962614222]}]}]},{"tin":{"type":"ein","value":"800592511"},"service_code":["11"],"billing_class":"professional","payments":[{"allowed_amount":87.88,"billing_code_modifier":[""],"providers":[{"billed_charge":400.00,"npi":[1205073897,1255924254,1790110518,1992571848]}]}]},{"tin":{"type":"ein","value":"990960256"},"service_code":["11"],"billing_class":"professional","payments":[{"allowed_amount":87.88,"billing_code_modifier":[""],"providers":[{"billed_charge":300.00,"npi":[1306357074,1992705859]}]}]}]}]}
