{"reporting_entity_name": "IEC Group_DBA AmeriBen",
	"reporting_entity_type": "Third Party Administrator",
	"plan_name": "MADISON IAQ",
	"plan_id_type": "ein",
	"plan_id": "823246836",
	"plan_market_type": "group",
	"last_updated_on": "2024-07-01","Version": "1.0.0","out_of_network":[{"name":"DRUG TST PRSMV INSTRMNT CHEM ANALYZERS PR DATE","billing_code_type":"CPT","billing_code_type_version":"2020","billing_code":"80307","description":"DRUG TST PRSMV INSTRMNT CHEM ANALYZERS PR DATE","allowed_amounts":[{"tin":{"type":"ein","value":"263806565"},"service_code":["81"],"billing_class":"professional","payments":[{"allowed_amount":28.73,"billing_code_modifier":[""],"providers":[{"billed_charge":250.00,"npi":[1124001938,1194800557,1255334330,1407091101]}]}]}]},{"name":"PSYCHIATRIC\/PSYCHOLOGICAL SVCS: PARTIAL HOSP - INT","billing_code_type":"RC","billing_code_type_version":"UB04","billing_code":"0913","description":"PSYCHIATRIC\/PSYCHOLOGICAL SVCS: PARTIAL HOSP - INT","allowed_amounts":[{"tin":{"type":"ein","value":"320572774"},"service_code":["22"],"billing_class":"institutional","payments":[{"allowed_amount":1049.89,"billing_code_modifier":[""],"providers":[{"billed_charge":3995.00,"npi":[1326294844,1417425604]}]}]}]}]}
