{"reporting_entity_name": "IEC Group_DBA AmeriBen",
	"reporting_entity_type": "Third Party Administrator",
	"plan_name": "ASTEMO",
	"plan_id_type": "ein",
	"plan_id": "611065272",
	"plan_market_type": "group",
	"last_updated_on": "2025-06-01","Version": "1.0.0","out_of_network":[{"name":"BLOOD COUNT COMPLETE AUTO&AUTO DIFRNTL WBC","billing_code_type":"CPT","billing_code_type_version":"2020","billing_code":"85025","description":"BLOOD COUNT COMPLETE AUTO&AUTO DIFRNTL WBC","allowed_amounts":[{"tin":{"type":"ein","value":"133619259"},"service_code":["81"],"billing_class":"professional","payments":[{"allowed_amount":3.75,"billing_code_modifier":[""],"providers":[{"billed_charge":23.00,"npi":[1235107772,1376645135]}]}]},{"tin":{"type":"ein","value":"201236503"},"service_code":["81"],"billing_class":"professional","payments":[{"allowed_amount":3.75,"billing_code_modifier":[""],"providers":[{"billed_charge":31.08,"npi":[1225110497,1902677529]}]}]},{"tin":{"type":"ein","value":"382084239"},"service_code":["81"],"billing_class":"professional","payments":[{"allowed_amount":3.75,"billing_code_modifier":[""],"providers":[{"billed_charge":52.05,"npi":[1487212551,1508826629,1780887877,1932166386]}]}]},{"tin":{"type":"ein","value":"751093698"},"service_code":["81"],"billing_class":"professional","payments":[{"allowed_amount":3.75,"billing_code_modifier":[""],"providers":[{"billed_charge":21.35,"npi":[1407311012,1962481820]}]}]},{"tin":{"type":"ein","value":"810576059"},"service_code":["81"],"billing_class":"professional","payments":[{"allowed_amount":3.75,"billing_code_modifier":[""],"providers":[{"billed_charge":15.54,"npi":[1215388871,1235186800,1700820198,1730462896,1801904354,1821071093,1952398406]}]}]}]},{"name":"CHIROPRACTIC MANIPULATIVE TX SPINAL 3-4 REGIONS","billing_code_type":"CPT","billing_code_type_version":"2020","billing_code":"98941","description":"CHIROPRACTIC MANIPULATIVE TX SPINAL 3-4 REGIONS","allowed_amounts":[{"tin":{"type":"ein","value":"341915281"},"service_code":["11"],"billing_class":"professional","payments":[{"allowed_amount":23.28,"billing_code_modifier":[""],"providers":[{"billed_charge":70.00,"npi":[1306047055,1457407769]}]}]}]},{"name":"COLLECTION VENOUS BLOOD VENIPUNCTURE","billing_code_type":"CPT","billing_code_type_version":"2020","billing_code":"36415","description":"COLLECTION VENOUS BLOOD VENIPUNCTURE","allowed_amounts":[{"tin":{"type":"ein","value":"201236503"},"service_code":["81"],"billing_class":"professional","payments":[{"allowed_amount":1.02,"billing_code_modifier":[""],"providers":[{"billed_charge":34.28,"npi":[1225110497,1558704999,1902677529]}]}]},{"tin":{"type":"ein","value":"382084239"},"service_code":["81"],"billing_class":"professional","payments":[{"allowed_amount":1.02,"billing_code_modifier":[""],"providers":[{"billed_charge":35.00,"npi":[1073762720,1932166386]},{"billed_charge":36.40,"npi":[1003282120,1023227030,1033606876,1073762720,1083603708,1093249807,1174556542,1215039029,1225262579,1245740372,1255712337,1316173875,1336681782,1396906491,1407182793,1457513186,1457758823,1487153839,1508826629,1538585450,1689758054,1699171223,1780887877,1831775873,1932166386]}]},{"allowed_amount":1.02,"billing_code_modifier":[""],"providers":[{"billed_charge":35.00,"npi":[1073762720,1932166386]},{"billed_charge":36.40,"npi":[1003282120,1023227030,1033606876,1073762720,1083603708,1093249807,1174556542,1215039029,1225262579,1245740372,1255712337,1316173875,1336681782,1396906491,1407182793,1457513186,1457758823,1487153839,1508826629,1538585450,1689758054,1699171223,1780887877,1831775873,1932166386]}]}]},{"tin":{"type":"ein","value":"382084239"},"service_code":["81"],"billing_class":"professional","payments":[{"allowed_amount":1.02,"billing_code_modifier":[""],"providers":[{"billed_charge":35.00,"npi":[1073762720,1932166386]},{"billed_charge":36.40,"npi":[1003282120,1023227030,1033606876,1073762720,1083603708,1093249807,1174556542,1215039029,1225262579,1245740372,1255712337,1316173875,1336681782,1396906491,1407182793,1457513186,1457758823,1487153839,1508826629,1538585450,1689758054,1699171223,1780887877,1831775873,1932166386]}]},{"allowed_amount":1.02,"billing_code_modifier":[""],"providers":[{"billed_charge":35.00,"npi":[1073762720,1932166386]},{"billed_charge":36.40,"npi":[1003282120,1023227030,1033606876,1073762720,1083603708,1093249807,1174556542,1215039029,1225262579,1245740372,1255712337,1316173875,1336681782,1396906491,1407182793,1457513186,1457758823,1487153839,1508826629,1538585450,1689758054,1699171223,1780887877,1831775873,1932166386]}]}]},{"tin":{"type":"ein","value":"471359076"},"service_code":["81"],"billing_class":"professional","payments":[{"allowed_amount":1.02,"billing_code_modifier":[""],"providers":[{"billed_charge":9.00,"npi":[1134538713,1710974696]}]}]},{"tin":{"type":"ein","value":"582092768"},"service_code":["11"],"billing_class":"professional","payments":[{"allowed_amount":1.02,"billing_code_modifier":[""],"providers":[{"billed_charge":23.00,"npi":[1831775873,1912956046]}]}]},{"tin":{"type":"ein","value":"742554159"},"service_code":["81"],"billing_class":"professional","payments":[{"allowed_amount":1.02,"billing_code_modifier":[""],"providers":[{"billed_charge":15.30,"npi":[1194769497,1265998439]}]}]}]},{"name":"COMPREHENSIVE METABOLIC PANEL","billing_code_type":"CPT","billing_code_type_version":"2020","billing_code":"80053","description":"COMPREHENSIVE METABOLIC PANEL","allowed_amounts":[{"tin":{"type":"ein","value":"133619259"},"service_code":["81"],"billing_class":"professional","payments":[{"allowed_amount":5.09,"billing_code_modifier":[""],"providers":[{"billed_charge":32.00,"npi":[1235107772,1376645135]}]}]},{"tin":{"type":"ein","value":"201236503"},"service_code":["81"],"billing_class":"professional","payments":[{"allowed_amount":5.09,"billing_code_modifier":[""],"providers":[{"billed_charge":42.24,"npi":[1225110497,1558704999,1902677529]}]}]},{"tin":{"type":"ein","value":"382084239"},"service_code":["81"],"billing_class":"professional","payments":[{"allowed_amount":5.09,"billing_code_modifier":[""],"providers":[{"billed_charge":100.75,"npi":[1215039029,1336887595,1780887877,1932166386]}]}]},{"tin":{"type":"ein","value":"471359076"},"service_code":["81"],"billing_class":"professional","payments":[{"allowed_amount":5.09,"billing_code_modifier":[""],"providers":[{"billed_charge":31.68,"npi":[1134538713,1710974696]}]}]},{"tin":{"type":"ein","value":"810576059"},"service_code":["81"],"billing_class":"professional","payments":[{"allowed_amount":5.09,"billing_code_modifier":[""],"providers":[{"billed_charge":21.12,"npi":[1134305204,1235186800,1265640486,1700820198,1801904354,1821071093,1952398406]}]}]}]},{"name":"DR TST DEFIN DR ID M P D 1-7 DR CL","billing_code_type":"HCPCS","billing_code_type_version":"HCPCS LEVEL II 2021","billing_code":"G0480","description":"DR TST DEFIN DR ID M P D 1-7 DR CL","allowed_amounts":[{"tin":{"type":"ein","value":"831005259"},"service_code":["81"],"billing_class":"professional","payments":[{"allowed_amount":24.46,"billing_code_modifier":[""],"providers":[{"billed_charge":343.29,"npi":[1174092548,1992207088]}]}]},{"tin":{"type":"ein","value":"912180910"},"service_code":["81"],"billing_class":"professional","payments":[{"allowed_amount":24.46,"billing_code_modifier":[""],"providers":[{"billed_charge":286.08,"npi":[1821092297,1881125854]}]}]}]},{"name":"GENERAL HEALTH PANEL","billing_code_type":"CPT","billing_code_type_version":"2020","billing_code":"80050","description":"GENERAL HEALTH PANEL","allowed_amounts":[{"tin":{"type":"ein","value":"233079507"},"service_code":["81"],"billing_class":"professional","payments":[{"allowed_amount":14.76,"billing_code_modifier":[""],"providers":[{"billed_charge":198.76,"npi":[1043271539,1417353640]}]}]},{"tin":{"type":"ein","value":"382084239"},"service_code":["81"],"billing_class":"professional","payments":[{"allowed_amount":14.76,"billing_code_modifier":[""],"providers":[{"billed_charge":302.08,"npi":[1023227030,1932166386]}]}]},{"tin":{"type":"ein","value":"471359076"},"service_code":["81"],"billing_class":"professional","payments":[{"allowed_amount":14.76,"billing_code_modifier":[""],"providers":[{"billed_charge":105.39,"npi":[1134538713,1710974696]}]}]},{"tin":{"type":"ein","value":"742554159"},"service_code":["81"],"billing_class":"professional","payments":[{"allowed_amount":14.76,"billing_code_modifier":[""],"providers":[{"billed_charge":265.33,"npi":[1174961304,1194769497,1265998439]}]}]},{"tin":{"type":"ein","value":"810576059"},"service_code":["81"],"billing_class":"professional","payments":[{"allowed_amount":14.76,"billing_code_modifier":[""],"providers":[{"billed_charge":60.00,"npi":[1235186800,1487235206,1548461643,1700820198]}]}]}]},{"name":"HEMOGLOBIN GLYCOSYLATED A1C","billing_code_type":"CPT","billing_code_type_version":"2020","billing_code":"83036","description":"HEMOGLOBIN GLYCOSYLATED A1C","allowed_amounts":[{"tin":{"type":"ein","value":"201236503"},"service_code":["81"],"billing_class":"professional","payments":[{"allowed_amount":4.68,"billing_code_modifier":[""],"providers":[{"billed_charge":38.84,"npi":[1225110497,1558704999,1902677529]}]}]},{"tin":{"type":"ein","value":"382084239"},"service_code":["81"],"billing_class":"professional","payments":[{"allowed_amount":4.68,"billing_code_modifier":[""],"providers":[{"billed_charge":84.95,"npi":[1023227030,1215039029,1336681782,1336887595,1932166386]}]}]},{"tin":{"type":"ein","value":"471359076"},"service_code":["81"],"billing_class":"professional","payments":[{"allowed_amount":4.68,"billing_code_modifier":[""],"providers":[{"billed_charge":29.13,"npi":[1134538713,1710974696]}]}]},{"tin":{"type":"ein","value":"742554159"},"service_code":["81"],"billing_class":"professional","payments":[{"allowed_amount":4.68,"billing_code_modifier":[""],"providers":[{"billed_charge":82.00,"npi":[1194769497,1265998439]}]}]},{"tin":{"type":"ein","value":"810576059"},"service_code":["81"],"billing_class":"professional","payments":[{"allowed_amount":4.68,"billing_code_modifier":[""],"providers":[{"billed_charge":40.68,"npi":[1235186800,1487235206,1548461643,1700820198]}]}]}]},{"name":"LIPID PANEL","billing_code_type":"CPT","billing_code_type_version":"2020","billing_code":"80061","description":"LIPID PANEL","allowed_amounts":[{"tin":{"type":"ein","value":"201236503"},"service_code":["81"],"billing_class":"professional","payments":[{"allowed_amount":7.68,"billing_code_modifier":[""],"providers":[{"billed_charge":53.56,"npi":[1225110497,1558704999,1902677529]}]}]},{"tin":{"type":"ein","value":"233079507"},"service_code":["81"],"billing_class":"professional","payments":[{"allowed_amount":7.68,"billing_code_modifier":[""],"providers":[{"billed_charge":74.50,"npi":[1043271539,1417353640]}]}]},{"tin":{"type":"ein","value":"382084239"},"service_code":["81"],"billing_class":"professional","payments":[{"allowed_amount":7.68,"billing_code_modifier":[""],"providers":[{"billed_charge":169.43,"npi":[1023227030,1215039029,1336887595,1932166386]}]}]},{"tin":{"type":"ein","value":"471359076"},"service_code":["81"],"billing_class":"professional","payments":[{"allowed_amount":7.68,"billing_code_modifier":[""],"providers":[{"billed_charge":40.17,"npi":[1134538713,1710974696]}]}]},{"tin":{"type":"ein","value":"742554159"},"service_code":["81"],"billing_class":"professional","payments":[{"allowed_amount":7.68,"billing_code_modifier":[""],"providers":[{"billed_charge":91.00,"npi":[1174961304,1194769497]}]}]},{"tin":{"type":"ein","value":"810576059"},"service_code":["81"],"billing_class":"professional","payments":[{"allowed_amount":7.68,"billing_code_modifier":[""],"providers":[{"billed_charge":56.16,"npi":[1235186800,1487235206,1548461643,1700820198,1952398406]}]}]},{"tin":{"type":"ein","value":"883616696"},"service_code":["11"],"billing_class":"professional","payments":[{"allowed_amount":7.68,"billing_code_modifier":[""],"providers":[{"billed_charge":43.00,"npi":[1477256303,1548361280]}]}]}]},{"name":"NEUROMUSCULAR STIM FOR SHOCK","billing_code_type":"HCPCS","billing_code_type_version":"HCPCS LEVEL II 2021","billing_code":"E0745","description":"NEUROMUSCULAR STIM FOR SHOCK","allowed_amounts":[{"tin":{"type":"ein","value":"841451963"},"service_code":["12"],"billing_class":"professional","payments":[{"allowed_amount":45.41,"billing_code_modifier":[""],"providers":[{"billed_charge":449.00,"npi":[1669493839,1770511552,1811958291,1962592972]}]}]}]},{"name":"RESIDENTIAL TREATMENT-CHEMICAL DEPENDENCY","billing_code_type":"RC","billing_code_type_version":"UB04","billing_code":"1002","description":"RESIDENTIAL TREATMENT-CHEMICAL DEPENDENCY","allowed_amounts":[{"tin":{"type":"ein","value":"854395549"},"service_code":["21"],"billing_class":"institutional","payments":[{"allowed_amount":3000.00,"billing_code_modifier":[""],"providers":[{"billed_charge":4000.00,"npi":[1235107772,1477134385]}]}]},{"tin":{"type":"ein","value":"881746468"},"service_code":["21"],"billing_class":"institutional","payments":[{"allowed_amount":1367.13,"billing_code_modifier":[""],"providers":[{"billed_charge":4995.00,"npi":[1326780883]}]}]}]},{"name":"TENS SUPPL 2 LEAD PER MONTH","billing_code_type":"HCPCS","billing_code_type_version":"HCPCS LEVEL II 2021","billing_code":"A4595","description":"TENS SUPPL 2 LEAD PER MONTH","allowed_amounts":[{"tin":{"type":"ein","value":"841451963"},"service_code":["12"],"billing_class":"professional","payments":[{"allowed_amount":17.74,"billing_code_modifier":[""],"providers":[{"billed_charge":217.98,"npi":[1063621936,1669493839,1770511552,1811958291,1851786420,1962592972]}]}]}]},{"name":"THERAPEUT ACTVITY DIRECT PT CONTACT EACH 15 MIN","billing_code_type":"CPT","billing_code_type_version":"2020","billing_code":"97530","description":"THERAPEUT ACTVITY DIRECT PT CONTACT EACH 15 MIN","allowed_amounts":[{"tin":{"type":"ein","value":"341915281"},"service_code":["11"],"billing_class":"professional","payments":[{"allowed_amount":20.85,"billing_code_modifier":[""],"providers":[{"billed_charge":35.00,"npi":[1306047055,1457407769]}]}]}]},{"name":"TX SPEECH LANG VOICE COMMJ&\/AUD PROC DO INDIV","billing_code_type":"CPT","billing_code_type_version":"2020","billing_code":"92507","description":"TX SPEECH LANG VOICE COMMJ&\/AUD PROC DO INDIV","allowed_amounts":[{"tin":{"type":"ein","value":"465591754"},"service_code":["02","10","12"],"billing_class":"professional","payments":[{"allowed_amount":59.50,"billing_code_modifier":[""],"providers":[{"billed_charge":89.00,"npi":[1033886445,1487996898,1508277864]},{"billed_charge":66.75,"npi":[1487996898,1508277864]}]},{"allowed_amount":59.50,"billing_code_modifier":[""],"providers":[{"billed_charge":89.00,"npi":[1033886445,1487996898,1508277864]},{"billed_charge":66.75,"npi":[1487996898,1508277864]}]}]},{"tin":{"type":"ein","value":"465591754"},"service_code":["10"],"billing_class":"professional","payments":[{"allowed_amount":59.50,"billing_code_modifier":[""],"providers":[{"billed_charge":89.00,"npi":[1033886445,1487996898,1508277864]},{"billed_charge":66.75,"npi":[1487996898,1508277864]}]},{"allowed_amount":59.50,"billing_code_modifier":[""],"providers":[{"billed_charge":89.00,"npi":[1033886445,1487996898,1508277864]},{"billed_charge":66.75,"npi":[1487996898,1508277864]}]}]}]}]}
