{"reporting_entity_name": "IEC Group_DBA AmeriBen",
	"reporting_entity_type": "Third Party Administrator",
	"plan_name": "ISEC INC",
	"plan_id_type": "ein",
	"plan_id": "840577348",
	"plan_market_type": "group",
	"last_updated_on": "2023-08-01","Version": "1.0.0","out_of_network":[{"name":"MANUAL THERAPY TQS 1\/> REGIONS EACH 15 MINUTES","billing_code_type":"CPT","billing_code_type_version":"2020","billing_code":"97140","description":"MANUAL THERAPY TQS 1\/> REGIONS EACH 15 MINUTES","allowed_amounts":[{"tin":{"type":"ein","value":"260721725"},"service_code":["11"],"billing_class":"professional","payments":[{"allowed_amount":40.30,"billing_code_modifier":[""],"providers":[{"billed_charge":65.00,"npi":[1215270533,1316955818,1386889665]}]}]}]},{"name":"THER PX 1\/> AREAS EACH 15 MIN NEUROMUSC REEDUCA","billing_code_type":"CPT","billing_code_type_version":"2020","billing_code":"97112","description":"THER PX 1\/> AREAS EACH 15 MIN NEUROMUSC REEDUCA","allowed_amounts":[{"tin":{"type":"ein","value":"260721725"},"service_code":["11"],"billing_class":"professional","payments":[{"allowed_amount":40.30,"billing_code_modifier":[""],"providers":[{"billed_charge":65.00,"npi":[1215270533,1316955818,1386889665]}]}]}]}]}
