{"reporting_entity_name": "IEC Group_DBA AmeriBen",
	"reporting_entity_type": "Third Party Administrator",
	"plan_name": "RINNAI AMERICA CORPORATION",
	"plan_id_type": "ein",
	"plan_id": "952915596",
	"plan_market_type": "group",
	"last_updated_on": "2025-09-01","Version": "1.0.0","out_of_network":[{"name":"IADNA NOS AMPLIFIED PROBE TQ EACH ORGANISM","billing_code_type":"CPT","billing_code_type_version":"2020","billing_code":"87798","description":"IADNA NOS AMPLIFIED PROBE TQ EACH ORGANISM","allowed_amounts":[{"tin":{"type":"ein","value":"873826903"},"service_code":["81"],"billing_class":"professional","payments":[{"allowed_amount":0.00,"billing_code_modifier":[""],"providers":[{"billed_charge":35.09,"npi":[1194271320,1881352979]}]}]}]},{"name":"RESIDENTIAL TREATMENT-PSYCHIATRIC","billing_code_type":"RC","billing_code_type_version":"UB04","billing_code":"1001","description":"RESIDENTIAL TREATMENT-PSYCHIATRIC","allowed_amounts":[{"tin":{"type":"ein","value":"922021823"},"service_code":["21"],"billing_class":"institutional","payments":[{"allowed_amount":3375.00,"billing_code_modifier":[""],"providers":[{"billed_charge":4500.00,"npi":[1740987379]}]}]}]}]}
