{"reporting_entity_name": "IEC Group_DBA AmeriBen",
	"reporting_entity_type": "Third Party Administrator",
	"plan_name": "LOGAN ALUMINUM INC",
	"plan_id_type": "ein",
	"plan_id": "611064243",
	"plan_market_type": "group",
	"last_updated_on": "2025-05-01","Version": "1.0.0","out_of_network":[{"name":"EMERGENCY DEPARTMENT VISIT HIGH MDM","billing_code_type":"CPT","billing_code_type_version":"2020","billing_code":"99285","description":"EMERGENCY DEPARTMENT VISIT HIGH MDM","allowed_amounts":[{"tin":{"type":"ein","value":"922098941"},"service_code":["23"],"billing_class":"professional","payments":[{"allowed_amount":178.75,"billing_code_modifier":[""],"providers":[{"billed_charge":984.00,"npi":[1033473970,1033816194,1174044598,1235348194,1871547703,1871724427,1922056464]}]}]}]},{"name":"LEVEL IV SURG PATHOLOGY GROSS&MICROSCOPIC EXAM","billing_code_type":"CPT","billing_code_type_version":"2020","billing_code":"88305","description":"LEVEL IV SURG PATHOLOGY GROSS&MICROSCOPIC EXAM","allowed_amounts":[{"tin":{"type":"ein","value":"621436754"},"service_code":["11"],"billing_class":"professional","payments":[{"allowed_amount":93.09,"billing_code_modifier":[""],"providers":[{"billed_charge":172.58,"npi":[1073585774,1093187304,1154647188,1174584403,1255056446,1306822234,1629025648,1710238266,1851507073,1902122096,1902972441]}]}]},{"tin":{"type":"ein","value":"621436754"},"service_code":["11"],"billing_class":"professional","payments":[{"allowed_amount":186.17,"billing_code_modifier":[""],"providers":[{"billed_charge":345.16,"npi":[1073585774,1154647188,1306822234,1629025648,1710238266,1851507073,1902972441]}]}]}]}]}
