{"reporting_entity_name": "IEC Group_DBA AmeriBen",
	"reporting_entity_type": "Third Party Administrator",
	"plan_name": "Solution Health  Elliot Health",
	"plan_id_type": "ein",
	"plan_id": "020509911",
	"plan_market_type": "group",
	"last_updated_on": "2025-08-01","Version": "1.0.0","out_of_network":[{"name":"ADAPTIVE BEHAVIOR TX BY PROTOCOL TECH EA 15 MIN","billing_code_type":"CPT","billing_code_type_version":"2020","billing_code":"97153","description":"ADAPTIVE BEHAVIOR TX BY PROTOCOL TECH EA 15 MIN","allowed_amounts":[{"tin":{"type":"ein","value":"863661185"},"service_code":["11"],"billing_class":"professional","payments":[{"allowed_amount":18.39,"billing_code_modifier":[""],"providers":[{"billed_charge":330.00,"npi":[1326687542,1770293573,1972187250]}]}]},{"tin":{"type":"ein","value":"863661185"},"service_code":["11"],"billing_class":"professional","payments":[{"allowed_amount":588.48,"billing_code_modifier":[""],"providers":[{"billed_charge":10560.00,"npi":[1326687542,1770293573,1972187250]}]}]},{"tin":{"type":"ein","value":"863661185"},"service_code":["11","12"],"billing_class":"professional","payments":[{"allowed_amount":312.63,"billing_code_modifier":[""],"providers":[{"billed_charge":5610.00,"npi":[1275271736,1326687542,1720520430,1972187250]}]}]}]},{"name":"PSYCHIATRIC\/PSYCHOLOGICAL TRT: INTENSIVE OUT SERV","billing_code_type":"RC","billing_code_type_version":"UB04","billing_code":"0906","description":"PSYCHIATRIC\/PSYCHOLOGICAL TRT: INTENSIVE OUT SERV","allowed_amounts":[{"tin":{"type":"ein","value":"822867366"},"service_code":["52","53","99"],"billing_class":"institutional","payments":[{"allowed_amount":410.00,"billing_code_modifier":[""],"providers":[{"billed_charge":1995.00,"npi":[1164408498,1730673088]}]}]}]},{"name":"PSYCHOTHERAPY W\/PATIENT 60 MINUTES","billing_code_type":"CPT","billing_code_type_version":"2020","billing_code":"90837","description":"PSYCHOTHERAPY W\/PATIENT 60 MINUTES","allowed_amounts":[{"tin":{"type":"ein","value":"453569696"},"service_code":["02"],"billing_class":"professional","payments":[{"allowed_amount":121.01,"billing_code_modifier":[""],"providers":[{"billed_charge":175.00,"npi":[1447570171]},{"billed_charge":200.00,"npi":[1447570171]}]},{"allowed_amount":121.01,"billing_code_modifier":[""],"providers":[{"billed_charge":175.00,"npi":[1447570171]},{"billed_charge":200.00,"npi":[1447570171]}]}]},{"tin":{"type":"ein","value":"453569696"},"service_code":["02"],"billing_class":"professional","payments":[{"allowed_amount":121.01,"billing_code_modifier":[""],"providers":[{"billed_charge":175.00,"npi":[1447570171]},{"billed_charge":200.00,"npi":[1447570171]}]},{"allowed_amount":121.01,"billing_code_modifier":[""],"providers":[{"billed_charge":175.00,"npi":[1447570171]},{"billed_charge":200.00,"npi":[1447570171]}]}]},{"tin":{"type":"ein","value":"474384192"},"service_code":["11"],"billing_class":"professional","payments":[{"allowed_amount":155.90,"billing_code_modifier":[""],"providers":[{"billed_charge":260.00,"npi":[1801420914]}]}]},{"tin":{"type":"ein","value":"823712967"},"service_code":["02","11"],"billing_class":"professional","payments":[{"allowed_amount":121.01,"billing_code_modifier":[""],"providers":[{"billed_charge":175.00,"npi":[1164811188,1205344462,1437501319]}]}]},{"tin":{"type":"ein","value":"842277836"},"service_code":["02","11"],"billing_class":"professional","payments":[{"allowed_amount":121.01,"billing_code_modifier":[""],"providers":[{"billed_charge":140.00,"npi":[1508410440,1538480488]},{"billed_charge":145.00,"npi":[1508410440]}]},{"allowed_amount":121.01,"billing_code_modifier":[""],"providers":[{"billed_charge":140.00,"npi":[1508410440,1538480488]},{"billed_charge":145.00,"npi":[1508410440]}]}]},{"tin":{"type":"ein","value":"842277836"},"service_code":["11"],"billing_class":"professional","payments":[{"allowed_amount":121.01,"billing_code_modifier":[""],"providers":[{"billed_charge":140.00,"npi":[1508410440,1538480488]},{"billed_charge":145.00,"npi":[1508410440]}]},{"allowed_amount":121.01,"billing_code_modifier":[""],"providers":[{"billed_charge":140.00,"npi":[1508410440,1538480488]},{"billed_charge":145.00,"npi":[1508410440]}]}]},{"tin":{"type":"ein","value":"871339332"},"service_code":["10"],"billing_class":"professional","payments":[{"allowed_amount":121.01,"billing_code_modifier":[""],"providers":[{"billed_charge":135.00,"npi":[1245905959]}]}]},{"tin":{"type":"ein","value":"932412669"},"service_code":["10","11"],"billing_class":"professional","payments":[{"allowed_amount":121.01,"billing_code_modifier":[""],"providers":[{"billed_charge":515.00,"npi":[1023536919,1043083595,1144711250,1184275521,1497234744,1629268735]}]}]},{"tin":{"type":"ein","value":"932412669"},"service_code":["10","11"],"billing_class":"professional","payments":[{"allowed_amount":155.90,"billing_code_modifier":[""],"providers":[{"billed_charge":515.00,"npi":[1023536919,1043083595,1144711250,1184275521,1497234744,1629268735]}]}]}]}]}
