{"reporting_entity_name": "IEC Group_DBA AmeriBen",
	"reporting_entity_type": "Third Party Administrator",
	"plan_name": "NSB SCHOOL DISTRICT",
	"plan_id_type": "ein",
	"plan_id": "920057754",
	"plan_market_type": "group",
	"last_updated_on": "2024-04-01","Version": "1.0.0","out_of_network":[{"name":"CCPD OPD\/HOME: CCPD COMP OR OTHER RATE","billing_code_type":"RC","billing_code_type_version":"UB04","billing_code":"0851","description":"CCPD OPD\/HOME: CCPD COMP OR OTHER RATE","allowed_amounts":[{"tin":{"type":"ein","value":"260717654"},"service_code":["65"],"billing_class":"institutional","payments":[{"allowed_amount":246.83,"billing_code_modifier":[""],"providers":[{"billed_charge":5011.31,"npi":[1164736930,1841468535]}]}]},{"tin":{"type":"ein","value":"260717654"},"service_code":["65"],"billing_class":"institutional","payments":[{"allowed_amount":255.14,"billing_code_modifier":[""],"providers":[{"billed_charge":5011.31,"npi":[1164736930,1841468535]}]}]}]},{"name":"PSYCHOTHERAPY W\/PATIENT 60 MINUTES","billing_code_type":"CPT","billing_code_type_version":"2020","billing_code":"90837","description":"PSYCHOTHERAPY W\/PATIENT 60 MINUTES","allowed_amounts":[{"tin":{"type":"ein","value":"920167094"},"service_code":["10"],"billing_class":"professional","payments":[{"allowed_amount":240.00,"billing_code_modifier":[""],"providers":[{"billed_charge":245.00,"npi":[1265558290]},{"billed_charge":252.00,"npi":[1265558290]},{"billed_charge":255.00,"npi":[1265558290]}]},{"allowed_amount":240.00,"billing_code_modifier":[""],"providers":[{"billed_charge":245.00,"npi":[1265558290]},{"billed_charge":252.00,"npi":[1265558290]},{"billed_charge":255.00,"npi":[1265558290]}]},{"allowed_amount":240.00,"billing_code_modifier":[""],"providers":[{"billed_charge":245.00,"npi":[1265558290]},{"billed_charge":252.00,"npi":[1265558290]},{"billed_charge":255.00,"npi":[1265558290]}]}]},{"tin":{"type":"ein","value":"920167094"},"service_code":["10"],"billing_class":"professional","payments":[{"allowed_amount":240.00,"billing_code_modifier":[""],"providers":[{"billed_charge":245.00,"npi":[1265558290]},{"billed_charge":252.00,"npi":[1265558290]},{"billed_charge":255.00,"npi":[1265558290]}]},{"allowed_amount":240.00,"billing_code_modifier":[""],"providers":[{"billed_charge":245.00,"npi":[1265558290]},{"billed_charge":252.00,"npi":[1265558290]},{"billed_charge":255.00,"npi":[1265558290]}]},{"allowed_amount":240.00,"billing_code_modifier":[""],"providers":[{"billed_charge":245.00,"npi":[1265558290]},{"billed_charge":252.00,"npi":[1265558290]},{"billed_charge":255.00,"npi":[1265558290]}]}]},{"tin":{"type":"ein","value":"920167094"},"service_code":["10"],"billing_class":"professional","payments":[{"allowed_amount":240.00,"billing_code_modifier":[""],"providers":[{"billed_charge":245.00,"npi":[1265558290]},{"billed_charge":252.00,"npi":[1265558290]},{"billed_charge":255.00,"npi":[1265558290]}]},{"allowed_amount":240.00,"billing_code_modifier":[""],"providers":[{"billed_charge":245.00,"npi":[1265558290]},{"billed_charge":252.00,"npi":[1265558290]},{"billed_charge":255.00,"npi":[1265558290]}]},{"allowed_amount":240.00,"billing_code_modifier":[""],"providers":[{"billed_charge":245.00,"npi":[1265558290]},{"billed_charge":252.00,"npi":[1265558290]},{"billed_charge":255.00,"npi":[1265558290]}]}]}]}]}
