{"reporting_entity_name": "IEC Group_DBA AmeriBen",
	"reporting_entity_type": "Third Party Administrator",
	"plan_name": "GKN SINTER METALS LLC",
	"plan_id_type": "ein",
	"plan_id": "383354796",
	"plan_market_type": "group",
	"last_updated_on": "2024-05-02","Version": "1.0.0","out_of_network":[{"name":"ALCOHL&\/RX SRVC;METHDONE ADMN&\/SRVC","billing_code_type":"HCPCS","billing_code_type_version":"HCPCS LEVEL II 2021","billing_code":"H0020","description":"ALCOHL&\/RX SRVC;METHDONE ADMN&\/SRVC","allowed_amounts":[{"tin":{"type":"ein","value":"391498501"},"service_code":["11"],"billing_class":"professional","payments":[{"allowed_amount":24.38,"billing_code_modifier":[""],"providers":[{"billed_charge":24.38,"npi":[1083830335,1629282470]}]}]}]},{"name":"INJECTION TESTOSTERONE CYPIONATE 1 MG","billing_code_type":"HCPCS","billing_code_type_version":"HCPCS LEVEL II 2021","billing_code":"J1071","description":"INJECTION TESTOSTERONE CYPIONATE 1 MG","allowed_amounts":[{"tin":{"type":"ein","value":"871366428"},"service_code":["11"],"billing_class":"professional","payments":[{"allowed_amount":5.70,"billing_code_modifier":[""],"providers":[{"billed_charge":5.70,"npi":[1033715610,1295704393]}]}]}]},{"name":"MEDICAL\/SURGICAL SUPPLIES","billing_code_type":"RC","billing_code_type_version":"UB04","billing_code":"0270","description":"MEDICAL\/SURGICAL SUPPLIES","allowed_amounts":[{"tin":{"type":"ein","value":"273316749"},"service_code":["65"],"billing_class":"institutional","payments":[{"allowed_amount":3.25,"billing_code_modifier":[""],"providers":[{"billed_charge":142.00,"npi":[1376545327,1518267566]}]}]},{"tin":{"type":"ein","value":"273316749"},"service_code":["65"],"billing_class":"institutional","payments":[{"allowed_amount":3.76,"billing_code_modifier":[""],"providers":[{"billed_charge":142.00,"npi":[1376545327,1518267566]}]}]}]},{"name":"PSYCHIATRIC\/PSYCHOLOGICAL TRT: INTENSIVE OUTPATIEN","billing_code_type":"RC","billing_code_type_version":"UB04","billing_code":"0905","description":"PSYCHIATRIC\/PSYCHOLOGICAL TRT: INTENSIVE OUTPATIEN","allowed_amounts":[{"tin":{"type":"ein","value":"922939856"},"service_code":["51","99"],"billing_class":"institutional","payments":[{"allowed_amount":274.39,"billing_code_modifier":[""],"providers":[{"billed_charge":4500.00,"npi":[1548959786,1679790661,1932472883]}]}]},{"tin":{"type":"ein","value":"922939856"},"service_code":["99"],"billing_class":"institutional","payments":[{"allowed_amount":278.39,"billing_code_modifier":[""],"providers":[{"billed_charge":4500.00,"npi":[1548959786,1679790661]}]}]}]}]}
