{"reporting_entity_name": "IEC Group_DBA AmeriBen",
	"reporting_entity_type": "Third Party Administrator",
	"plan_name": "SUNFLOWER BANK NA",
	"plan_id_type": "ein",
	"plan_id": "480216075",
	"plan_market_type": "group",
	"last_updated_on": "2023-11-01","Version": "1.0.0","out_of_network":[{"name":"DRUG TST PRSMV INSTRMNT CHEM ANALYZERS PR DATE","billing_code_type":"CPT","billing_code_type_version":"2020","billing_code":"80307","description":"DRUG TST PRSMV INSTRMNT CHEM ANALYZERS PR DATE","allowed_amounts":[{"tin":{"type":"ein","value":"471814607"},"service_code":["81"],"billing_class":"professional","payments":[{"allowed_amount":43.50,"billing_code_modifier":[""],"providers":[{"billed_charge":2300.00,"npi":[1558745422,1871531137]}]}]}]},{"name":"PSYCHIATRIC\/PSYCHOLOGICAL SVCS: PARTIAL HOSP - LES","billing_code_type":"RC","billing_code_type_version":"UB04","billing_code":"0912","description":"PSYCHIATRIC\/PSYCHOLOGICAL SVCS: PARTIAL HOSP - LES","allowed_amounts":[{"tin":{"type":"ein","value":"823727468"},"service_code":["22"],"billing_class":"institutional","payments":[{"allowed_amount":1697.50,"billing_code_modifier":[""],"providers":[{"billed_charge":3395.00,"npi":[1306443650,1386060507]}]}]},{"tin":{"type":"ein","value":"861655892"},"service_code":["22"],"billing_class":"institutional","payments":[{"allowed_amount":559.69,"billing_code_modifier":[""],"providers":[{"billed_charge":3495.00,"npi":[1033796982]}]}]}]},{"name":"PSYCHIATRIC\/PSYCHOLOGICAL TRT: INTENSIVE OUTPATIEN","billing_code_type":"RC","billing_code_type_version":"UB04","billing_code":"0905","description":"PSYCHIATRIC\/PSYCHOLOGICAL TRT: INTENSIVE OUTPATIEN","allowed_amounts":[{"tin":{"type":"ein","value":"421743480"},"service_code":["22"],"billing_class":"institutional","payments":[{"allowed_amount":306.83,"billing_code_modifier":[""],"providers":[{"billed_charge":2600.00,"npi":[1588024863,1609134857]}]}]}]},{"name":"RESIDENTIAL TREATMENT-CHEMICAL DEPENDENCY","billing_code_type":"RC","billing_code_type_version":"UB04","billing_code":"1002","description":"RESIDENTIAL TREATMENT-CHEMICAL DEPENDENCY","allowed_amounts":[{"tin":{"type":"ein","value":"811056354"},"service_code":["21"],"billing_class":"institutional","payments":[{"allowed_amount":2463.55,"billing_code_modifier":[""],"providers":[{"billed_charge":4995.00,"npi":[1023178464,1366920290]}]}]},{"tin":{"type":"ein","value":"861655892"},"service_code":["21"],"billing_class":"institutional","payments":[{"allowed_amount":1869.41,"billing_code_modifier":[""],"providers":[{"billed_charge":4995.00,"npi":[1033796982]}]}]}]}]}
