{"reporting_entity_name": "IEC Group_DBA AmeriBen",
	"reporting_entity_type": "Third Party Administrator",
	"plan_name": "KEMIRA WATER SOLUTIONS, INC",
	"plan_id_type": "ein",
	"plan_id": "593657872",
	"plan_market_type": "group",
	"last_updated_on": "2025-12-01","Version": "1.0.0","out_of_network":[{"name":"APPL MODALITY 1\/> AREAS TRACTION MECHANICAL","billing_code_type":"CPT","billing_code_type_version":"2020","billing_code":"97012","description":"APPL MODALITY 1\/> AREAS TRACTION MECHANICAL","allowed_amounts":[{"tin":{"type":"ein","value":"455333709"},"service_code":["11"],"billing_class":"professional","payments":[{"allowed_amount":14.87,"billing_code_modifier":[""],"providers":[{"billed_charge":35.00,"npi":[1104161504,1356606065]}]}]}]},{"name":"APPLICATION MODALITY 1\/> AREAS HOT\/COLD PACKS","billing_code_type":"CPT","billing_code_type_version":"2020","billing_code":"97010","description":"APPLICATION MODALITY 1\/> AREAS HOT\/COLD PACKS","allowed_amounts":[{"tin":{"type":"ein","value":"455333709"},"service_code":["11"],"billing_class":"professional","payments":[{"allowed_amount":0.00,"billing_code_modifier":[""],"providers":[{"billed_charge":35.00,"npi":[1104161504,1356606065]}]}]}]},{"name":"DRUG TST PRSMV INSTRMNT CHEM ANALYZERS PR DATE","billing_code_type":"CPT","billing_code_type_version":"2020","billing_code":"80307","description":"DRUG TST PRSMV INSTRMNT CHEM ANALYZERS PR DATE","allowed_amounts":[{"tin":{"type":"ein","value":"853163633"},"service_code":["81"],"billing_class":"professional","payments":[{"allowed_amount":24.42,"billing_code_modifier":[""],"providers":[{"billed_charge":3295.93,"npi":[1063011898,1740546209]}]}]}]},{"name":"PSYCHIATRIC\/PSYCHOLOGICAL SVCS: PARTIAL HOSP - LES","billing_code_type":"RC","billing_code_type_version":"UB04","billing_code":"0912","description":"PSYCHIATRIC\/PSYCHOLOGICAL SVCS: PARTIAL HOSP - LES","allowed_amounts":[{"tin":{"type":"ein","value":"473422344"},"service_code":["22","52"],"billing_class":"institutional","payments":[{"allowed_amount":1150.00,"billing_code_modifier":[""],"providers":[{"billed_charge":4195.00,"npi":[1295235950,1669613816]}]}]}]},{"name":"PSYCHIATRIC\/PSYCHOLOGICAL TRT: INTENSIVE OUTPATIEN","billing_code_type":"RC","billing_code_type_version":"UB04","billing_code":"0905","description":"PSYCHIATRIC\/PSYCHOLOGICAL TRT: INTENSIVE OUTPATIEN","allowed_amounts":[{"tin":{"type":"ein","value":"863346171"},"service_code":["22"],"billing_class":"institutional","payments":[{"allowed_amount":288.45,"billing_code_modifier":[""],"providers":[{"billed_charge":3299.00,"npi":[1720810047]}]}]}]},{"name":"THER PX 1\/> AREAS EA 15 MIN GAIT TRAING W\/STAIR","billing_code_type":"CPT","billing_code_type_version":"2020","billing_code":"97116","description":"THER PX 1\/> AREAS EA 15 MIN GAIT TRAING W\/STAIR","allowed_amounts":[{"tin":{"type":"ein","value":"550894278"},"service_code":["11"],"billing_class":"professional","payments":[{"allowed_amount":26.29,"billing_code_modifier":[""],"providers":[{"billed_charge":60.00,"npi":[1114175858,1720373020,1972045730]}]}]}]},{"name":"THERAPEUT ACTVITY DIRECT PT CONTACT EACH 15 MIN","billing_code_type":"CPT","billing_code_type_version":"2020","billing_code":"97530","description":"THERAPEUT ACTVITY DIRECT PT CONTACT EACH 15 MIN","allowed_amounts":[{"tin":{"type":"ein","value":"550894278"},"service_code":["11"],"billing_class":"professional","payments":[{"allowed_amount":67.40,"billing_code_modifier":[""],"providers":[{"billed_charge":110.00,"npi":[1114175858,1720373020,1851486070,1972045730]}]}]}]},{"name":"THERAPEUTIC PX 1\/> AREAS EACH 15 MIN EXERCISES","billing_code_type":"CPT","billing_code_type_version":"2020","billing_code":"97110","description":"THERAPEUTIC PX 1\/> AREAS EACH 15 MIN EXERCISES","allowed_amounts":[{"tin":{"type":"ein","value":"550894278"},"service_code":["11"],"billing_class":"professional","payments":[{"allowed_amount":26.58,"billing_code_modifier":[""],"providers":[{"billed_charge":40.00,"npi":[1114175858,1720373020,1972045730]}]}]},{"tin":{"type":"ein","value":"550894278"},"service_code":["11"],"billing_class":"professional","payments":[{"allowed_amount":53.16,"billing_code_modifier":[""],"providers":[{"billed_charge":80.00,"npi":[1114175858,1720373020,1851486070,1972045730]}]}]}]}]}
