{"reporting_entity_name": "IEC Group_DBA AmeriBen",
	"reporting_entity_type": "Third Party Administrator",
	"plan_name": "PRO MACH, INC.",
	"plan_id_type": "ein",
	"plan_id": "582402604",
	"plan_market_type": "group",
	"last_updated_on": "2025-01-01","Version": "1.0.0","out_of_network":[{"name":"ADAPTIVE BEHAVIOR TX BY PROTOCOL TECH EA 15 MIN","billing_code_type":"CPT","billing_code_type_version":"2020","billing_code":"97153","description":"ADAPTIVE BEHAVIOR TX BY PROTOCOL TECH EA 15 MIN","allowed_amounts":[{"tin":{"type":"ein","value":"842053778"},"service_code":["11","12"],"billing_class":"professional","payments":[{"allowed_amount":688.00,"billing_code_modifier":[""],"providers":[{"billed_charge":1440.00,"npi":[1437802865,1740849793]}]}]}]},{"name":"CAPD OPD\/HOME: CAPD COMP OR OTHER RATE","billing_code_type":"RC","billing_code_type_version":"UB04","billing_code":"0841","description":"CAPD OPD\/HOME: CAPD COMP OR OTHER RATE","allowed_amounts":[{"tin":{"type":"ein","value":"952977916"},"service_code":["65"],"billing_class":"institutional","payments":[{"allowed_amount":277.30,"billing_code_modifier":[""],"providers":[{"billed_charge":3543.00,"npi":[1659544716,1962431650]}]}]},{"tin":{"type":"ein","value":"952977916"},"service_code":["65"],"billing_class":"institutional","payments":[{"allowed_amount":302.72,"billing_code_modifier":[""],"providers":[{"billed_charge":3543.00,"npi":[1659544716,1962431650]}]}]},{"tin":{"type":"ein","value":"952977916"},"service_code":["65"],"billing_class":"institutional","payments":[{"allowed_amount":328.75,"billing_code_modifier":[""],"providers":[{"billed_charge":3543.00,"npi":[1558725382,1659544716,1962431650]}]}]},{"tin":{"type":"ein","value":"952977916"},"service_code":["65"],"billing_class":"institutional","payments":[{"allowed_amount":329.06,"billing_code_modifier":[""],"providers":[{"billed_charge":3543.00,"npi":[1659544716,1962431650]}]}]}]},{"name":"CHIROPRACTIC MANIPULATIVE TX SPINAL 3-4 REGIONS","billing_code_type":"CPT","billing_code_type_version":"2020","billing_code":"98941","description":"CHIROPRACTIC MANIPULATIVE TX SPINAL 3-4 REGIONS","allowed_amounts":[{"tin":{"type":"ein","value":"473886946"},"service_code":["11"],"billing_class":"professional","payments":[{"allowed_amount":70.00,"billing_code_modifier":[""],"providers":[{"billed_charge":150.00,"npi":[1154704831,1366578213]}]}]}]},{"name":"IADNA NOS AMPLIFIED PROBE TQ EACH ORGANISM","billing_code_type":"CPT","billing_code_type_version":"2020","billing_code":"87798","description":"IADNA NOS AMPLIFIED PROBE TQ EACH ORGANISM","allowed_amounts":[{"tin":{"type":"ein","value":"851099688"},"service_code":["81"],"billing_class":"professional","payments":[{"allowed_amount":87.73,"billing_code_modifier":[""],"providers":[{"billed_charge":87.73,"npi":[1457977209,1992750715]}]}]}]},{"name":"PSYCHIATRIC\/PSYCHOLOGICAL SVCS: GROUP THERAPY","billing_code_type":"RC","billing_code_type_version":"UB04","billing_code":"0915","description":"PSYCHIATRIC\/PSYCHOLOGICAL SVCS: GROUP THERAPY","allowed_amounts":[{"tin":{"type":"ein","value":"320572774"},"service_code":["17","22"],"billing_class":"institutional","payments":[{"allowed_amount":330.00,"billing_code_modifier":[""],"providers":[{"billed_charge":2000.00,"npi":[1326294844,1417425604]}]}]}]}]}
