{"reporting_entity_name": "IEC Group_DBA AmeriBen",
	"reporting_entity_type": "Third Party Administrator",
	"plan_name": "FIVE RIVERS CATTLE FEEDING LLC",
	"plan_id_type": "ein",
	"plan_id": "260111691",
	"plan_market_type": "group",
	"last_updated_on": "2023-08-01","Version": "1.0.0","out_of_network":[{"name":"CCPD OPD\/HOME: CCPD COMP OR OTHER RATE","billing_code_type":"RC","billing_code_type_version":"UB04","billing_code":"0851","description":"CCPD OPD\/HOME: CCPD COMP OR OTHER RATE","allowed_amounts":[{"tin":{"type":"ein","value":"452445449"},"service_code":["65"],"billing_class":"institutional","payments":[{"allowed_amount":236.13,"billing_code_modifier":[""],"providers":[{"billed_charge":3153.00,"npi":[1528353513]}]}]},{"tin":{"type":"ein","value":"462335422"},"service_code":["65"],"billing_class":"institutional","payments":[{"allowed_amount":248.61,"billing_code_modifier":[""],"providers":[{"billed_charge":4134.43,"npi":[1104259944,1750437331]}]}]},{"tin":{"type":"ein","value":"462335422"},"service_code":["65"],"billing_class":"institutional","payments":[{"allowed_amount":253.37,"billing_code_modifier":[""],"providers":[{"billed_charge":4134.43,"npi":[1104259944,1750437331]}]}]},{"tin":{"type":"ein","value":"462335422"},"service_code":["65"],"billing_class":"institutional","payments":[{"allowed_amount":258.37,"billing_code_modifier":[""],"providers":[{"billed_charge":4134.43,"npi":[1104259944,1750437331]}]}]}]}]}
