{"reporting_entity_name": "IEC Group_DBA AmeriBen",
	"reporting_entity_type": "Third Party Administrator",
	"plan_name": "ELKO COUNTY SCHOOL DISTRICT",
	"plan_id_type": "ein",
	"plan_id": "886000985",
	"plan_market_type": "group",
	"last_updated_on": "2025-03-01","Version": "1.0.0","out_of_network":[{"name":"CAPD OPD\/HOME: CAPD COMP OR OTHER RATE","billing_code_type":"RC","billing_code_type_version":"UB04","billing_code":"0841","description":"CAPD OPD\/HOME: CAPD COMP OR OTHER RATE","allowed_amounts":[{"tin":{"type":"ein","value":"463091346"},"service_code":["65"],"billing_class":"institutional","payments":[{"allowed_amount":380.91,"billing_code_modifier":[""],"providers":[{"billed_charge":4091.00,"npi":[1427472141,1952543118]}]}]}]},{"name":"CCPD OPD\/HOME: CCPD COMP OR OTHER RATE","billing_code_type":"RC","billing_code_type_version":"UB04","billing_code":"0851","description":"CCPD OPD\/HOME: CCPD COMP OR OTHER RATE","allowed_amounts":[{"tin":{"type":"ein","value":"463091346"},"service_code":["65"],"billing_class":"institutional","payments":[{"allowed_amount":35.28,"billing_code_modifier":[""],"providers":[{"billed_charge":4341.00,"npi":[1427472141,1952543118]}]}]},{"tin":{"type":"ein","value":"463091346"},"service_code":["65"],"billing_class":"institutional","payments":[{"allowed_amount":363.82,"billing_code_modifier":[""],"providers":[{"billed_charge":4341.00,"npi":[1427472141,1952543118]}]}]},{"tin":{"type":"ein","value":"463091346"},"service_code":["65"],"billing_class":"institutional","payments":[{"allowed_amount":371.27,"billing_code_modifier":[""],"providers":[{"billed_charge":4341.00,"npi":[1427472141,1952543118]}]}]},{"tin":{"type":"ein","value":"953372911"},"service_code":["65"],"billing_class":"institutional","payments":[{"allowed_amount":360.57,"billing_code_modifier":[""],"providers":[{"billed_charge":3543.00,"npi":[1750046686,1942260229]}]}]}]},{"name":"DRUGS REQUIRE SPECIFIC ID: DRUGS REQUIRING DETAIL","billing_code_type":"RC","billing_code_type_version":"UB04","billing_code":"0636","description":"DRUGS REQUIRE SPECIFIC ID: DRUGS REQUIRING DETAIL","allowed_amounts":[{"tin":{"type":"ein","value":"463091346"},"service_code":["65"],"billing_class":"institutional","payments":[{"allowed_amount":4.92,"billing_code_modifier":[""],"providers":[{"billed_charge":235.73,"npi":[1427472141,1952543118]},{"billed_charge":247.52,"npi":[1427472141,1952543118]}]},{"allowed_amount":4.92,"billing_code_modifier":[""],"providers":[{"billed_charge":235.73,"npi":[1427472141,1952543118]},{"billed_charge":247.52,"npi":[1427472141,1952543118]}]}]},{"tin":{"type":"ein","value":"463091346"},"service_code":["65"],"billing_class":"institutional","payments":[{"allowed_amount":4.92,"billing_code_modifier":[""],"providers":[{"billed_charge":235.73,"npi":[1427472141,1952543118]},{"billed_charge":247.52,"npi":[1427472141,1952543118]}]},{"allowed_amount":4.92,"billing_code_modifier":[""],"providers":[{"billed_charge":235.73,"npi":[1427472141,1952543118]},{"billed_charge":247.52,"npi":[1427472141,1952543118]}]}]},{"tin":{"type":"ein","value":"463091346"},"service_code":["65"],"billing_class":"institutional","payments":[{"allowed_amount":9.07,"billing_code_modifier":[""],"providers":[{"billed_charge":247.52,"npi":[1427472141,1952543118]}]}]},{"tin":{"type":"ein","value":"463091346"},"service_code":["65"],"billing_class":"institutional","payments":[{"allowed_amount":9.08,"billing_code_modifier":[""],"providers":[{"billed_charge":247.52,"npi":[1427472141,1952543118]}]}]}]},{"name":"MEDICAL\/SURGICAL SUPPLIES","billing_code_type":"RC","billing_code_type_version":"UB04","billing_code":"0270","description":"MEDICAL\/SURGICAL SUPPLIES","allowed_amounts":[{"tin":{"type":"ein","value":"463091346"},"service_code":["65"],"billing_class":"institutional","payments":[{"allowed_amount":2.96,"billing_code_modifier":[""],"providers":[{"billed_charge":142.00,"npi":[1427472141,1952543118]},{"billed_charge":149.10,"npi":[1427472141,1952543118]}]},{"allowed_amount":2.96,"billing_code_modifier":[""],"providers":[{"billed_charge":142.00,"npi":[1427472141,1952543118]},{"billed_charge":149.10,"npi":[1427472141,1952543118]}]}]},{"tin":{"type":"ein","value":"463091346"},"service_code":["65"],"billing_class":"institutional","payments":[{"allowed_amount":2.96,"billing_code_modifier":[""],"providers":[{"billed_charge":142.00,"npi":[1427472141,1952543118]},{"billed_charge":149.10,"npi":[1427472141,1952543118]}]},{"allowed_amount":2.96,"billing_code_modifier":[""],"providers":[{"billed_charge":142.00,"npi":[1427472141,1952543118]},{"billed_charge":149.10,"npi":[1427472141,1952543118]}]}]},{"tin":{"type":"ein","value":"463091346"},"service_code":["65"],"billing_class":"institutional","payments":[{"allowed_amount":3.53,"billing_code_modifier":[""],"providers":[{"billed_charge":149.10,"npi":[1427472141,1952543118]}]}]},{"tin":{"type":"ein","value":"463091346"},"service_code":["65"],"billing_class":"institutional","payments":[{"allowed_amount":3.75,"billing_code_modifier":[""],"providers":[{"billed_charge":149.10,"npi":[1427472141,1952543118]}]}]},{"tin":{"type":"ein","value":"463091346"},"service_code":["65"],"billing_class":"institutional","payments":[{"allowed_amount":3.98,"billing_code_modifier":[""],"providers":[{"billed_charge":149.10,"npi":[1427472141,1952543118]}]}]},{"tin":{"type":"ein","value":"463091346"},"service_code":["65"],"billing_class":"institutional","payments":[{"allowed_amount":4.04,"billing_code_modifier":[""],"providers":[{"billed_charge":149.10,"npi":[1427472141,1952543118]}]}]},{"tin":{"type":"ein","value":"463091346"},"service_code":["65"],"billing_class":"institutional","payments":[{"allowed_amount":4.29,"billing_code_modifier":[""],"providers":[{"billed_charge":149.10,"npi":[1427472141,1952543118]}]}]},{"tin":{"type":"ein","value":"463091346"},"service_code":["65"],"billing_class":"institutional","payments":[{"allowed_amount":4.54,"billing_code_modifier":[""],"providers":[{"billed_charge":149.10,"npi":[1427472141,1952543118]}]}]},{"tin":{"type":"ein","value":"463091346"},"service_code":["65"],"billing_class":"institutional","payments":[{"allowed_amount":5.47,"billing_code_modifier":[""],"providers":[{"billed_charge":149.10,"npi":[1427472141,1952543118]}]}]}]},{"name":"OFFICE\/OUTPATIENT ESTABLISHED LOW MDM 20 MIN","billing_code_type":"CPT","billing_code_type_version":"2020","billing_code":"99213","description":"OFFICE\/OUTPATIENT ESTABLISHED LOW MDM 20 MIN","allowed_amounts":[{"tin":{"type":"ein","value":"571207559"},"service_code":["11"],"billing_class":"professional","payments":[{"allowed_amount":30.73,"billing_code_modifier":[""],"providers":[{"billed_charge":216.00,"npi":[1659436038,1740531466,1770981839,1780961102]}]}]},{"tin":{"type":"ein","value":"870468377"},"service_code":["11"],"billing_class":"professional","payments":[{"allowed_amount":30.73,"billing_code_modifier":[""],"providers":[{"billed_charge":180.25,"npi":[1922096114,1982022497]}]}]}]},{"name":"PSYCHOTHERAPY W\/PATIENT 60 MINUTES","billing_code_type":"CPT","billing_code_type_version":"2020","billing_code":"90837","description":"PSYCHOTHERAPY W\/PATIENT 60 MINUTES","allowed_amounts":[{"tin":{"type":"ein","value":"872835013"},"service_code":["10"],"billing_class":"professional","payments":[{"allowed_amount":132.00,"billing_code_modifier":[""],"providers":[{"billed_charge":140.00,"npi":[1376006528,1952089641]}]}]}]}]}
