{"reporting_entity_name": "IEC Group_DBA AmeriBen",
	"reporting_entity_type": "Third Party Administrator",
	"plan_name": "S NEW HAMPSHIRE HEALTH SYSTEM",
	"plan_id_type": "ein",
	"plan_id": "020483054",
	"plan_market_type": "group",
	"last_updated_on": "2025-05-01","Version": "1.0.0","out_of_network":[{"name":"ADAPTIVE BEHAVIOR TX BY PROTOCOL TECH EA 15 MIN","billing_code_type":"CPT","billing_code_type_version":"2020","billing_code":"97153","description":"ADAPTIVE BEHAVIOR TX BY PROTOCOL TECH EA 15 MIN","allowed_amounts":[{"tin":{"type":"ein","value":"863661185"},"service_code":["03","11","12","99"],"billing_class":"professional","payments":[{"allowed_amount":147.12,"billing_code_modifier":[""],"providers":[{"billed_charge":2640.00,"npi":[1124722707,1326687542,1417423484,1518479328,1932876117,1972187250]}]}]},{"tin":{"type":"ein","value":"863661185"},"service_code":["11"],"billing_class":"professional","payments":[{"allowed_amount":239.07,"billing_code_modifier":[""],"providers":[{"billed_charge":4290.00,"npi":[1013570787,1235675513,1518479328,1972187250]}]}]},{"tin":{"type":"ein","value":"863661185"},"service_code":["11"],"billing_class":"professional","payments":[{"allowed_amount":478.14,"billing_code_modifier":[""],"providers":[{"billed_charge":8580.00,"npi":[1013570787,1235675513,1417423484,1972187250]}]}]},{"tin":{"type":"ein","value":"863661185"},"service_code":["11","12"],"billing_class":"professional","payments":[{"allowed_amount":257.46,"billing_code_modifier":[""],"providers":[{"billed_charge":4620.00,"npi":[1013570787,1972187250]}]}]},{"tin":{"type":"ein","value":"863661185"},"service_code":["11","12","99"],"billing_class":"professional","payments":[{"allowed_amount":165.51,"billing_code_modifier":[""],"providers":[{"billed_charge":2970.00,"npi":[1124722707,1417423484,1518479328,1932876117,1972187250]}]}]}]},{"name":"OFFICE\/OUTPATIENT ESTABLISHED HIGH MDM 40 MIN","billing_code_type":"CPT","billing_code_type_version":"2020","billing_code":"99215","description":"OFFICE\/OUTPATIENT ESTABLISHED HIGH MDM 40 MIN","allowed_amounts":[{"tin":{"type":"ein","value":"397386869"},"service_code":["11"],"billing_class":"professional","payments":[{"allowed_amount":180.00,"billing_code_modifier":[""],"providers":[{"billed_charge":180.00,"npi":[1467409045]}]}]}]},{"name":"PSYCHIATRIC\/PSYCHOLOGICAL SVCS: PARTIAL HOSP - INT","billing_code_type":"RC","billing_code_type_version":"UB04","billing_code":"0913","description":"PSYCHIATRIC\/PSYCHOLOGICAL SVCS: PARTIAL HOSP - INT","allowed_amounts":[{"tin":{"type":"ein","value":"832273950"},"service_code":["22"],"billing_class":"institutional","payments":[{"allowed_amount":0.00,"billing_code_modifier":[""],"providers":[{"billed_charge":3000.00,"npi":[1184190738,1962416982]}]}]},{"tin":{"type":"ein","value":"832273950"},"service_code":["22"],"billing_class":"institutional","payments":[{"allowed_amount":469.32,"billing_code_modifier":[""],"providers":[{"billed_charge":3000.00,"npi":[1184190738,1962416982]}]}]},{"tin":{"type":"ein","value":"832273950"},"service_code":["22"],"billing_class":"institutional","payments":[{"allowed_amount":475.70,"billing_code_modifier":[""],"providers":[{"billed_charge":3000.00,"npi":[1184190738,1962416982]}]}]}]},{"name":"RESIDENTIAL TREATMENT-PSYCHIATRIC","billing_code_type":"RC","billing_code_type_version":"UB04","billing_code":"1001","description":"RESIDENTIAL TREATMENT-PSYCHIATRIC","allowed_amounts":[{"tin":{"type":"ein","value":"850942534"},"service_code":["21"],"billing_class":"institutional","payments":[{"allowed_amount":2900.00,"billing_code_modifier":[""],"providers":[{"billed_charge":4720.00,"npi":[1770159105,1962813295]}]}]}]}]}
