{"reporting_entity_name": "IEC Group_DBA AmeriBen",
	"reporting_entity_type": "Third Party Administrator",
	"plan_name": "TECK AMERICAN INCORPORATED",
	"plan_id_type": "ein",
	"plan_id": "261974324",
	"plan_market_type": "group",
	"last_updated_on": "2024-04-01","Version": "1.0.0","out_of_network":[{"name":"THER SP-GENRATJ DEV PRGRMG&MODIFICAJ","billing_code_type":"CPT","billing_code_type_version":"2020","billing_code":"92609","description":"THER SP-GENRATJ DEV PRGRMG&MODIFICAJ","allowed_amounts":[{"tin":{"type":"ein","value":"454553397"},"service_code":["11"],"billing_class":"professional","payments":[{"allowed_amount":220.00,"billing_code_modifier":[""],"providers":[{"billed_charge":220.00,"npi":[1477059079,1508187790,1841692357]}]}]}]},{"name":"THERAPEUT ACTVITY DIRECT PT CONTACT EACH 15 MIN","billing_code_type":"CPT","billing_code_type_version":"2020","billing_code":"97530","description":"THERAPEUT ACTVITY DIRECT PT CONTACT EACH 15 MIN","allowed_amounts":[{"tin":{"type":"ein","value":"454553397"},"service_code":["11"],"billing_class":"professional","payments":[{"allowed_amount":396.00,"billing_code_modifier":[""],"providers":[{"billed_charge":396.00,"npi":[1477059079,1487893863,1508187790,1841834868]}]}]}]}]}
