{"reporting_entity_name": "IEC Group_DBA AmeriBen",
	"reporting_entity_type": "Third Party Administrator",
	"plan_name": "KEMIRA WATER SOLUTIONS, INC",
	"plan_id_type": "ein",
	"plan_id": "593657872",
	"plan_market_type": "group",
	"last_updated_on": "2024-02-01","Version": "1.0.0","out_of_network":[{"name":"APPL MODALITY 1\/> AREAS ELEC STIMJ UNATTENDED","billing_code_type":"CPT","billing_code_type_version":"2020","billing_code":"97014","description":"APPL MODALITY 1\/> AREAS ELEC STIMJ UNATTENDED","allowed_amounts":[{"tin":{"type":"ein","value":"862762833"},"service_code":["11"],"billing_class":"professional","payments":[{"allowed_amount":40.00,"billing_code_modifier":[""],"providers":[{"billed_charge":40.00,"npi":[1396123857,1447409990,1528634995]}]}]}]},{"name":"DR TST DEFIN DR ID M P D 22\/M DR CL","billing_code_type":"HCPCS","billing_code_type_version":"HCPCS LEVEL II 2021","billing_code":"G0483","description":"DR TST DEFIN DR ID M P D 22\/M DR CL","allowed_amounts":[{"tin":{"type":"ein","value":"474815114"},"service_code":["81"],"billing_class":"professional","payments":[{"allowed_amount":0.00,"billing_code_modifier":[""],"providers":[{"billed_charge":395.00,"npi":[1114438132,1215302245]}]}]}]},{"name":"DRUG TST PRSMV INSTRMNT CHEM ANALYZERS PR DATE","billing_code_type":"CPT","billing_code_type_version":"2020","billing_code":"80307","description":"DRUG TST PRSMV INSTRMNT CHEM ANALYZERS PR DATE","allowed_amounts":[{"tin":{"type":"ein","value":"464450977"},"service_code":["81"],"billing_class":"professional","payments":[{"allowed_amount":27.13,"billing_code_modifier":[""],"providers":[{"billed_charge":124.28,"npi":[1184041949,1952596850]}]}]},{"tin":{"type":"ein","value":"474815114"},"service_code":["81"],"billing_class":"professional","payments":[{"allowed_amount":27.13,"billing_code_modifier":[""],"providers":[{"billed_charge":103.00,"npi":[1114438132,1215302245]}]}]},{"tin":{"type":"ein","value":"810576059"},"service_code":["81"],"billing_class":"professional","payments":[{"allowed_amount":27.13,"billing_code_modifier":[""],"providers":[{"billed_charge":158.50,"npi":[1184614380,1235186800]}]}]}]},{"name":"PSYCHIATRIC\/PSYCHOLOGICAL SVCS: PARTIAL HOSP - INT","billing_code_type":"RC","billing_code_type_version":"UB04","billing_code":"0913","description":"PSYCHIATRIC\/PSYCHOLOGICAL SVCS: PARTIAL HOSP - INT","allowed_amounts":[{"tin":{"type":"ein","value":"920714946"},"service_code":["22"],"billing_class":"institutional","payments":[{"allowed_amount":402.00,"billing_code_modifier":[""],"providers":[{"billed_charge":3750.00,"npi":[1265144216]}]}]}]},{"name":"RESIDENTIAL TREATMENT-CHEMICAL DEPENDENCY","billing_code_type":"RC","billing_code_type_version":"UB04","billing_code":"1002","description":"RESIDENTIAL TREATMENT-CHEMICAL DEPENDENCY","allowed_amounts":[{"tin":{"type":"ein","value":"300871502"},"service_code":["21"],"billing_class":"institutional","payments":[{"allowed_amount":606.00,"billing_code_modifier":[""],"providers":[{"billed_charge":4225.00,"npi":[1063925683,1740546209]}]}]}]},{"name":"THERAPEUTIC PX 1\/> AREAS EACH 15 MIN EXERCISES","billing_code_type":"CPT","billing_code_type_version":"2020","billing_code":"97110","description":"THERAPEUTIC PX 1\/> AREAS EACH 15 MIN EXERCISES","allowed_amounts":[{"tin":{"type":"ein","value":"862762833"},"service_code":["11"],"billing_class":"professional","payments":[{"allowed_amount":23.75,"billing_code_modifier":[""],"providers":[{"billed_charge":70.00,"npi":[1396123857,1447409990,1528634995]},{"billed_charge":170.00,"npi":[1396123857,1447409990,1528634995]},{"billed_charge":190.00,"npi":[1396123857,1447409990,1528634995]}]},{"allowed_amount":23.75,"billing_code_modifier":[""],"providers":[{"billed_charge":70.00,"npi":[1396123857,1447409990,1528634995]},{"billed_charge":170.00,"npi":[1396123857,1447409990,1528634995]},{"billed_charge":190.00,"npi":[1396123857,1447409990,1528634995]}]},{"allowed_amount":23.75,"billing_code_modifier":[""],"providers":[{"billed_charge":70.00,"npi":[1396123857,1447409990,1528634995]},{"billed_charge":170.00,"npi":[1396123857,1447409990,1528634995]},{"billed_charge":190.00,"npi":[1396123857,1447409990,1528634995]}]}]},{"tin":{"type":"ein","value":"862762833"},"service_code":["11"],"billing_class":"professional","payments":[{"allowed_amount":23.75,"billing_code_modifier":[""],"providers":[{"billed_charge":70.00,"npi":[1396123857,1447409990,1528634995]},{"billed_charge":170.00,"npi":[1396123857,1447409990,1528634995]},{"billed_charge":190.00,"npi":[1396123857,1447409990,1528634995]}]},{"allowed_amount":23.75,"billing_code_modifier":[""],"providers":[{"billed_charge":70.00,"npi":[1396123857,1447409990,1528634995]},{"billed_charge":170.00,"npi":[1396123857,1447409990,1528634995]},{"billed_charge":190.00,"npi":[1396123857,1447409990,1528634995]}]},{"allowed_amount":23.75,"billing_code_modifier":[""],"providers":[{"billed_charge":70.00,"npi":[1396123857,1447409990,1528634995]},{"billed_charge":170.00,"npi":[1396123857,1447409990,1528634995]},{"billed_charge":190.00,"npi":[1396123857,1447409990,1528634995]}]}]},{"tin":{"type":"ein","value":"862762833"},"service_code":["11"],"billing_class":"professional","payments":[{"allowed_amount":23.75,"billing_code_modifier":[""],"providers":[{"billed_charge":70.00,"npi":[1396123857,1447409990,1528634995]},{"billed_charge":170.00,"npi":[1396123857,1447409990,1528634995]},{"billed_charge":190.00,"npi":[1396123857,1447409990,1528634995]}]},{"allowed_amount":23.75,"billing_code_modifier":[""],"providers":[{"billed_charge":70.00,"npi":[1396123857,1447409990,1528634995]},{"billed_charge":170.00,"npi":[1396123857,1447409990,1528634995]},{"billed_charge":190.00,"npi":[1396123857,1447409990,1528634995]}]},{"allowed_amount":23.75,"billing_code_modifier":[""],"providers":[{"billed_charge":70.00,"npi":[1396123857,1447409990,1528634995]},{"billed_charge":170.00,"npi":[1396123857,1447409990,1528634995]},{"billed_charge":190.00,"npi":[1396123857,1447409990,1528634995]}]}]}]}]}
