{"reporting_entity_name": "IEC Group_DBA AmeriBen",
	"reporting_entity_type": "Third Party Administrator",
	"plan_name": "JADEX INC.",
	"plan_id_type": "ein",
	"plan_id": "834045964",
	"plan_market_type": "group",
	"last_updated_on": "2023-08-01","Version": "1.0.0","out_of_network":[{"name":"ADAPTIVE BEHAVIOR TX BY PROTOCOL TECH EA 15 MIN","billing_code_type":"CPT","billing_code_type_version":"2020","billing_code":"97153","description":"ADAPTIVE BEHAVIOR TX BY PROTOCOL TECH EA 15 MIN","allowed_amounts":[{"tin":{"type":"ein","value":"472407414"},"service_code":["12"],"billing_class":"professional","payments":[{"allowed_amount":100.00,"billing_code_modifier":[""],"providers":[{"billed_charge":600.00,"npi":[1518443183]}]}]},{"tin":{"type":"ein","value":"843104161"},"service_code":["12"],"billing_class":"professional","payments":[{"allowed_amount":100.00,"billing_code_modifier":[""],"providers":[{"billed_charge":600.00,"npi":[1023524253,1518443183]}]}]}]},{"name":"CCPD OPD\/HOME: CCPD COMP OR OTHER RATE","billing_code_type":"RC","billing_code_type_version":"UB04","billing_code":"0851","description":"CCPD OPD\/HOME: CCPD COMP OR OTHER RATE","allowed_amounts":[{"tin":{"type":"ein","value":"273696590"},"service_code":["65"],"billing_class":"institutional","payments":[{"allowed_amount":372.79,"billing_code_modifier":[""],"providers":[{"billed_charge":3937.55,"npi":[1689977423,1821278474]}]}]},{"tin":{"type":"ein","value":"273696590"},"service_code":["65"],"billing_class":"institutional","payments":[{"allowed_amount":441.34,"billing_code_modifier":[""],"providers":[{"billed_charge":4134.43,"npi":[1689977423,1821278474]}]}]}]},{"name":"SPECIMEN COLLECT COVID-19","billing_code_type":"HCPCS","billing_code_type_version":"HCPCS LEVEL II 2021","billing_code":"G2023","description":"SPECIMEN COLLECT COVID-19","allowed_amounts":[{"tin":{"type":"ein","value":"831454255"},"service_code":["81"],"billing_class":"professional","payments":[{"allowed_amount":0.00,"billing_code_modifier":[""],"providers":[{"billed_charge":35.19,"npi":[1043858996,1932511151]}]}]}]}]}
