{"reporting_entity_name": "IEC Group_DBA AmeriBen",
	"reporting_entity_type": "Third Party Administrator",
	"plan_name": "CARTER'S",
	"plan_id_type": "ein",
	"plan_id": "041156680",
	"plan_market_type": "group",
	"last_updated_on": "2025-11-01","Version": "1.0.0","out_of_network":[{"name":"DRUGS REQUIRE SPECIFIC ID: DRUGS REQUIRING DETAIL","billing_code_type":"RC","billing_code_type_version":"UB04","billing_code":"0636","description":"DRUGS REQUIRE SPECIFIC ID: DRUGS REQUIRING DETAIL","allowed_amounts":[{"tin":{"type":"ein","value":"453646008"},"service_code":["65"],"billing_class":"institutional","payments":[{"allowed_amount":75.06,"billing_code_modifier":[""],"providers":[{"billed_charge":1500.00,"npi":[1366477424,1629322557]}]}]}]},{"name":"HEMO OPD\/HOME: HEMODIALYSIS COMP OR OTHER RATE","billing_code_type":"RC","billing_code_type_version":"UB04","billing_code":"0821","description":"HEMO OPD\/HOME: HEMODIALYSIS COMP OR OTHER RATE","allowed_amounts":[{"tin":{"type":"ein","value":"453646008"},"service_code":["65"],"billing_class":"institutional","payments":[{"allowed_amount":569.85,"billing_code_modifier":[""],"providers":[{"billed_charge":11388.21,"npi":[1366477424,1629322557]}]}]}]},{"name":"IADNA NOS AMPLIFIED PROBE TQ EACH ORGANISM","billing_code_type":"CPT","billing_code_type_version":"2020","billing_code":"87798","description":"IADNA NOS AMPLIFIED PROBE TQ EACH ORGANISM","allowed_amounts":[{"tin":{"type":"ein","value":"873826903"},"service_code":["81"],"billing_class":"professional","payments":[{"allowed_amount":35.09,"billing_code_modifier":[""],"providers":[{"billed_charge":35.09,"npi":[1093547259,1881352979]}]}]}]},{"name":"LACTATION CLASS","billing_code_type":"HCPCS","billing_code_type_version":"HCPCS LEVEL II 2021","billing_code":"S9443","description":"LACTATION CLASS","allowed_amounts":[{"tin":{"type":"ein","value":"822736113"},"service_code":["11","12"],"billing_class":"professional","payments":[{"allowed_amount":102.06,"billing_code_modifier":[""],"providers":[{"billed_charge":900.00,"npi":[1063905594,1104275759,1114289097,1144749391,1558844308,1720855091]}]}]}]},{"name":"PSYCHIATRIC\/PSYCHOLOGICAL TRT: INTENSIVE OUTPATIEN","billing_code_type":"RC","billing_code_type_version":"UB04","billing_code":"0905","description":"PSYCHIATRIC\/PSYCHOLOGICAL TRT: INTENSIVE OUTPATIEN","allowed_amounts":[{"tin":{"type":"ein","value":"881407685"},"service_code":["22"],"billing_class":"institutional","payments":[{"allowed_amount":1715.00,"billing_code_modifier":[""],"providers":[{"billed_charge":2450.00,"npi":[1427798891]}]}]}]},{"name":"PSYCHOTHERAPY W\/PATIENT 60 MINUTES","billing_code_type":"CPT","billing_code_type_version":"2020","billing_code":"90837","description":"PSYCHOTHERAPY W\/PATIENT 60 MINUTES","allowed_amounts":[{"tin":{"type":"ein","value":"824423187"},"service_code":["02"],"billing_class":"professional","payments":[{"allowed_amount":186.61,"billing_code_modifier":[""],"providers":[{"billed_charge":200.00,"npi":[1922685759]}]}]}]},{"name":"THER PX 1\/> AREAS EACH 15 MIN NEUROMUSC REEDUCA","billing_code_type":"CPT","billing_code_type_version":"2020","billing_code":"97112","description":"THER PX 1\/> AREAS EACH 15 MIN NEUROMUSC REEDUCA","allowed_amounts":[{"tin":{"type":"ein","value":"812143855"},"service_code":["11"],"billing_class":"professional","payments":[{"allowed_amount":30.47,"billing_code_modifier":[""],"providers":[{"billed_charge":115.00,"npi":[1316770142,1730440736,1831542513]}]}]}]},{"name":"THERAPEUT ACTVITY DIRECT PT CONTACT EACH 15 MIN","billing_code_type":"CPT","billing_code_type_version":"2020","billing_code":"97530","description":"THERAPEUT ACTVITY DIRECT PT CONTACT EACH 15 MIN","allowed_amounts":[{"tin":{"type":"ein","value":"812143855"},"service_code":["11"],"billing_class":"professional","payments":[{"allowed_amount":75.24,"billing_code_modifier":[""],"providers":[{"billed_charge":264.00,"npi":[1316770142,1730440736,1831542513]}]}]},{"tin":{"type":"ein","value":"991493723"},"service_code":["11"],"billing_class":"professional","payments":[{"allowed_amount":29.15,"billing_code_modifier":[""],"providers":[{"billed_charge":139.00,"npi":[1548696164,1548802333,1699581736,1730945171]}]}]}]},{"name":"THERAPEUTIC PX 1\/> AREAS EACH 15 MIN EXERCISES","billing_code_type":"CPT","billing_code_type_version":"2020","billing_code":"97110","description":"THERAPEUTIC PX 1\/> AREAS EACH 15 MIN EXERCISES","allowed_amounts":[{"tin":{"type":"ein","value":"812143855"},"service_code":["11"],"billing_class":"professional","payments":[{"allowed_amount":27.42,"billing_code_modifier":[""],"providers":[{"billed_charge":100.00,"npi":[1316770142,1730440736,1831542513]}]}]}]}]}
