{"reporting_entity_name": "IEC Group_DBA AmeriBen",
	"reporting_entity_type": "Third Party Administrator",
	"plan_name": "ZENDESK, INC.",
	"plan_id_type": "ein",
	"plan_id": "264411091",
	"plan_market_type": "group",
	"last_updated_on": "2025-10-01","Version": "1.0.0","out_of_network":[{"name":"CHIROPRACTIC MANIPULATIVE TX SPINAL 3-4 REGIONS","billing_code_type":"CPT","billing_code_type_version":"2020","billing_code":"98941","description":"CHIROPRACTIC MANIPULATIVE TX SPINAL 3-4 REGIONS","allowed_amounts":[{"tin":{"type":"ein","value":"200483692"},"service_code":["11"],"billing_class":"professional","payments":[{"allowed_amount":27.00,"billing_code_modifier":[""],"providers":[{"billed_charge":80.00,"npi":[1730223835,1982831913]}]}]}]},{"name":"PSYCHIATRIC\/PSYCHOLOGICAL SVCS: INDIVIDUAL THERAPY","billing_code_type":"RC","billing_code_type_version":"UB04","billing_code":"0914","description":"PSYCHIATRIC\/PSYCHOLOGICAL SVCS: INDIVIDUAL THERAPY","allowed_amounts":[{"tin":{"type":"ein","value":"854180311"},"service_code":["22"],"billing_class":"institutional","payments":[{"allowed_amount":216.74,"billing_code_modifier":[""],"providers":[{"billed_charge":650.00,"npi":[1548939473,1619585148]}]}]}]},{"name":"PSYCHIATRIC\/PSYCHOLOGICAL SVCS: PARTIAL HOSP - INT","billing_code_type":"RC","billing_code_type_version":"UB04","billing_code":"0913","description":"PSYCHIATRIC\/PSYCHOLOGICAL SVCS: PARTIAL HOSP - INT","allowed_amounts":[{"tin":{"type":"ein","value":"854180311"},"service_code":["22"],"billing_class":"institutional","payments":[{"allowed_amount":196.74,"billing_code_modifier":[""],"providers":[{"billed_charge":3000.00,"npi":[1356751077,1548939473,1619585148]}]}]}]},{"name":"PSYCHIATRIC\/PSYCHOLOGICAL TRT: INTENSIVE OUTPATIEN","billing_code_type":"RC","billing_code_type_version":"UB04","billing_code":"0905","description":"PSYCHIATRIC\/PSYCHOLOGICAL TRT: INTENSIVE OUTPATIEN","allowed_amounts":[{"tin":{"type":"ein","value":"854180311"},"service_code":["22"],"billing_class":"institutional","payments":[{"allowed_amount":227.26,"billing_code_modifier":[""],"providers":[{"billed_charge":2700.00,"npi":[1548939473,1619585148]}]}]}]},{"name":"PSYCHOTHERAPY W\/PATIENT 45 MINUTES","billing_code_type":"CPT","billing_code_type_version":"2020","billing_code":"90834","description":"PSYCHOTHERAPY W\/PATIENT 45 MINUTES","allowed_amounts":[{"tin":{"type":"ein","value":"352606827"},"service_code":["10"],"billing_class":"professional","payments":[{"allowed_amount":156.24,"billing_code_modifier":[""],"providers":[{"billed_charge":545.00,"npi":[1427756469,1790059574]}]}]},{"tin":{"type":"ein","value":"810703017"},"service_code":["11"],"billing_class":"professional","payments":[{"allowed_amount":156.24,"billing_code_modifier":[""],"providers":[{"billed_charge":335.00,"npi":[1154610301,1598819971]}]}]},{"tin":{"type":"ein","value":"824229968"},"service_code":["02"],"billing_class":"professional","payments":[{"allowed_amount":156.24,"billing_code_modifier":[""],"providers":[{"billed_charge":350.00,"npi":[1215536909,1265931984]}]}]},{"tin":{"type":"ein","value":"834392601"},"service_code":["10","11"],"billing_class":"professional","payments":[{"allowed_amount":156.24,"billing_code_modifier":[""],"providers":[{"billed_charge":275.00,"npi":[1174906424,1942964267]}]}]},{"tin":{"type":"ein","value":"863113423"},"service_code":["10"],"billing_class":"professional","payments":[{"allowed_amount":156.24,"billing_code_modifier":[""],"providers":[{"billed_charge":215.00,"npi":[1326814112]},{"billed_charge":205.00,"npi":[1164160610]}]},{"allowed_amount":156.24,"billing_code_modifier":[""],"providers":[{"billed_charge":215.00,"npi":[1326814112]},{"billed_charge":205.00,"npi":[1164160610]}]}]},{"tin":{"type":"ein","value":"863113423"},"service_code":["11"],"billing_class":"professional","payments":[{"allowed_amount":156.24,"billing_code_modifier":[""],"providers":[{"billed_charge":215.00,"npi":[1326814112]},{"billed_charge":205.00,"npi":[1164160610]}]},{"allowed_amount":156.24,"billing_code_modifier":[""],"providers":[{"billed_charge":215.00,"npi":[1326814112]},{"billed_charge":205.00,"npi":[1164160610]}]}]},{"tin":{"type":"ein","value":"871164855"},"service_code":["02"],"billing_class":"professional","payments":[{"allowed_amount":156.24,"billing_code_modifier":[""],"providers":[{"billed_charge":285.00,"npi":[1316511249]}]}]}]},{"name":"PSYCHOTHERAPY W\/PATIENT 60 MINUTES","billing_code_type":"CPT","billing_code_type_version":"2020","billing_code":"90837","description":"PSYCHOTHERAPY W\/PATIENT 60 MINUTES","allowed_amounts":[{"tin":{"type":"ein","value":"010963082"},"service_code":["02"],"billing_class":"professional","payments":[{"allowed_amount":86.64,"billing_code_modifier":[""],"providers":[{"billed_charge":300.00,"npi":[1205084118,1740023225]}]}]},{"tin":{"type":"ein","value":"264177549"},"service_code":["10"],"billing_class":"professional","payments":[{"allowed_amount":275.04,"billing_code_modifier":[""],"providers":[{"billed_charge":350.00,"npi":[1902139413]}]}]},{"tin":{"type":"ein","value":"352606827"},"service_code":["02"],"billing_class":"professional","payments":[{"allowed_amount":231.44,"billing_code_modifier":[""],"providers":[{"billed_charge":750.00,"npi":[1407343643,1790059574]}]}]},{"tin":{"type":"ein","value":"384027968"},"service_code":["02"],"billing_class":"professional","payments":[{"allowed_amount":231.44,"billing_code_modifier":[""],"providers":[{"billed_charge":750.00,"npi":[1427756469,1790059574]}]}]},{"tin":{"type":"ein","value":"391245642"},"service_code":["02","10"],"billing_class":"professional","payments":[{"allowed_amount":86.64,"billing_code_modifier":[""],"providers":[{"billed_charge":240.00,"npi":[1437221686,1851463012]},{"billed_charge":195.00,"npi":[1386029510,1437221686]}]},{"allowed_amount":86.64,"billing_code_modifier":[""],"providers":[{"billed_charge":240.00,"npi":[1437221686,1851463012]},{"billed_charge":195.00,"npi":[1386029510,1437221686]}]}]},{"tin":{"type":"ein","value":"391245642"},"service_code":["11"],"billing_class":"professional","payments":[{"allowed_amount":86.64,"billing_code_modifier":[""],"providers":[{"billed_charge":240.00,"npi":[1437221686,1851463012]},{"billed_charge":195.00,"npi":[1386029510,1437221686]}]},{"allowed_amount":86.64,"billing_code_modifier":[""],"providers":[{"billed_charge":240.00,"npi":[1437221686,1851463012]},{"billed_charge":195.00,"npi":[1386029510,1437221686]}]}]},{"tin":{"type":"ein","value":"471478587"},"service_code":["02"],"billing_class":"professional","payments":[{"allowed_amount":231.44,"billing_code_modifier":[""],"providers":[{"billed_charge":275.00,"npi":[1730597543]}]}]},{"tin":{"type":"ein","value":"559655092"},"service_code":["11"],"billing_class":"professional","payments":[{"allowed_amount":250.00,"billing_code_modifier":[""],"providers":[{"billed_charge":250.00,"npi":[1487793865]}]}]},{"tin":{"type":"ein","value":"559655092"},"service_code":["11"],"billing_class":"professional","payments":[{"allowed_amount":260.00,"billing_code_modifier":[""],"providers":[{"billed_charge":260.00,"npi":[1487793865]}]}]},{"tin":{"type":"ein","value":"815082179"},"service_code":["02"],"billing_class":"professional","payments":[{"allowed_amount":231.44,"billing_code_modifier":[""],"providers":[{"billed_charge":250.00,"npi":[1245762731]}]}]},{"tin":{"type":"ein","value":"823651629"},"service_code":["02"],"billing_class":"professional","payments":[{"allowed_amount":250.00,"billing_code_modifier":[""],"providers":[{"billed_charge":250.00,"npi":[1649521394]}]}]},{"tin":{"type":"ein","value":"824590569"},"service_code":["11"],"billing_class":"professional","payments":[{"allowed_amount":250.00,"billing_code_modifier":[""],"providers":[{"billed_charge":250.00,"npi":[1346748126]}]}]},{"tin":{"type":"ein","value":"834621295"},"service_code":["02"],"billing_class":"professional","payments":[{"allowed_amount":231.44,"billing_code_modifier":[""],"providers":[{"billed_charge":340.00,"npi":[1073177903,1821653593]}]}]},{"tin":{"type":"ein","value":"872426452"},"service_code":["10"],"billing_class":"professional","payments":[{"allowed_amount":231.44,"billing_code_modifier":[""],"providers":[{"billed_charge":275.00,"npi":[1609543891]}]}]}]},{"name":"RESIDENTIAL TREATMENT-CHEMICAL DEPENDENCY","billing_code_type":"RC","billing_code_type_version":"UB04","billing_code":"1002","description":"RESIDENTIAL TREATMENT-CHEMICAL DEPENDENCY","allowed_amounts":[{"tin":{"type":"ein","value":"270334267"},"service_code":["21"],"billing_class":"institutional","payments":[{"allowed_amount":1980.00,"billing_code_modifier":[""],"providers":[{"billed_charge":4950.00,"npi":[1083883177,1952420390]}]}]}]},{"name":"THERAPEUT ACTVITY DIRECT PT CONTACT EACH 15 MIN","billing_code_type":"CPT","billing_code_type_version":"2020","billing_code":"97530","description":"THERAPEUT ACTVITY DIRECT PT CONTACT EACH 15 MIN","allowed_amounts":[{"tin":{"type":"ein","value":"262732203"},"service_code":["11"],"billing_class":"professional","payments":[{"allowed_amount":185.00,"billing_code_modifier":[""],"providers":[{"billed_charge":185.00,"npi":[1194961433,1598448581,1902006364]}]}]}]},{"name":"TX SPEECH LANG VOICE COMMJ&\/AUD PROC DO INDIV","billing_code_type":"CPT","billing_code_type_version":"2020","billing_code":"92507","description":"TX SPEECH LANG VOICE COMMJ&\/AUD PROC DO INDIV","allowed_amounts":[{"tin":{"type":"ein","value":"205222679"},"service_code":["11"],"billing_class":"professional","payments":[{"allowed_amount":74.74,"billing_code_modifier":[""],"providers":[{"billed_charge":200.00,"npi":[1194014316,1508033564,1669011672,1689121824]}]}]}]}]}
