{"reporting_entity_name": "IEC Group_DBA AmeriBen",
	"reporting_entity_type": "Third Party Administrator",
	"plan_name": "DARTMOUTH HEALTH",
	"plan_id_type": "ein",
	"plan_id": "222519596",
	"plan_market_type": "group",
	"last_updated_on": "2025-08-01","Version": "1.0.0","out_of_network":[{"name":"ALS1-EMERGENCY","billing_code_type":"HCPCS","billing_code_type_version":"HCPCS LEVEL II 2021","billing_code":"A0427","description":"ALS1-EMERGENCY","allowed_amounts":[{"tin":{"type":"ein","value":"020312803"},"service_code":["41"],"billing_class":"professional","payments":[{"allowed_amount":480.25,"billing_code_modifier":[""],"providers":[{"billed_charge":967.16,"npi":[1154396406]}]}]},{"tin":{"type":"ein","value":"020325996"},"service_code":["41"],"billing_class":"professional","payments":[{"allowed_amount":480.25,"billing_code_modifier":[""],"providers":[{"billed_charge":1957.16,"npi":[1871566810]}]}]},{"tin":{"type":"ein","value":"020458498"},"service_code":["41"],"billing_class":"professional","payments":[{"allowed_amount":480.25,"billing_code_modifier":[""],"providers":[{"billed_charge":904.00,"npi":[1790775187]}]}]},{"tin":{"type":"ein","value":"026000112"},"service_code":["41"],"billing_class":"professional","payments":[{"allowed_amount":480.25,"billing_code_modifier":[""],"providers":[{"billed_charge":1105.00,"npi":[1942767017]}]}]},{"tin":{"type":"ein","value":"026000141"},"service_code":["41"],"billing_class":"professional","payments":[{"allowed_amount":480.25,"billing_code_modifier":[""],"providers":[{"billed_charge":2000.00,"npi":[1417614827]}]}]},{"tin":{"type":"ein","value":"026000326"},"service_code":["41"],"billing_class":"professional","payments":[{"allowed_amount":480.25,"billing_code_modifier":[""],"providers":[{"billed_charge":1397.00,"npi":[1588655310]}]}]},{"tin":{"type":"ein","value":"026000371"},"service_code":["41"],"billing_class":"professional","payments":[{"allowed_amount":480.25,"billing_code_modifier":[""],"providers":[{"billed_charge":990.00,"npi":[1497852487]}]}]},{"tin":{"type":"ein","value":"026000415"},"service_code":["41"],"billing_class":"professional","payments":[{"allowed_amount":480.25,"billing_code_modifier":[""],"providers":[{"billed_charge":1400.00,"npi":[1164692406]}]}]},{"tin":{"type":"ein","value":"026000441"},"service_code":["41"],"billing_class":"professional","payments":[{"allowed_amount":480.25,"billing_code_modifier":[""],"providers":[{"billed_charge":1879.92,"npi":[1861475949]}]}]},{"tin":{"type":"ein","value":"026000473"},"service_code":["41"],"billing_class":"professional","payments":[{"allowed_amount":480.25,"billing_code_modifier":[""],"providers":[{"billed_charge":1146.20,"npi":[1174681712]},{"billed_charge":1230.84,"npi":[1174681712]},{"billed_charge":1317.90,"npi":[1174681712]},{"billed_charge":1415.46,"npi":[1174681712]}]},{"allowed_amount":480.25,"billing_code_modifier":[""],"providers":[{"billed_charge":1146.20,"npi":[1174681712]},{"billed_charge":1230.84,"npi":[1174681712]},{"billed_charge":1317.90,"npi":[1174681712]},{"billed_charge":1415.46,"npi":[1174681712]}]},{"allowed_amount":480.25,"billing_code_modifier":[""],"providers":[{"billed_charge":1146.20,"npi":[1174681712]},{"billed_charge":1230.84,"npi":[1174681712]},{"billed_charge":1317.90,"npi":[1174681712]},{"billed_charge":1415.46,"npi":[1174681712]}]},{"allowed_amount":480.25,"billing_code_modifier":[""],"providers":[{"billed_charge":1146.20,"npi":[1174681712]},{"billed_charge":1230.84,"npi":[1174681712]},{"billed_charge":1317.90,"npi":[1174681712]},{"billed_charge":1415.46,"npi":[1174681712]}]}]},{"tin":{"type":"ein","value":"026000473"},"service_code":["41"],"billing_class":"professional","payments":[{"allowed_amount":480.25,"billing_code_modifier":[""],"providers":[{"billed_charge":1146.20,"npi":[1174681712]},{"billed_charge":1230.84,"npi":[1174681712]},{"billed_charge":1317.90,"npi":[1174681712]},{"billed_charge":1415.46,"npi":[1174681712]}]},{"allowed_amount":480.25,"billing_code_modifier":[""],"providers":[{"billed_charge":1146.20,"npi":[1174681712]},{"billed_charge":1230.84,"npi":[1174681712]},{"billed_charge":1317.90,"npi":[1174681712]},{"billed_charge":1415.46,"npi":[1174681712]}]},{"allowed_amount":480.25,"billing_code_modifier":[""],"providers":[{"billed_charge":1146.20,"npi":[1174681712]},{"billed_charge":1230.84,"npi":[1174681712]},{"billed_charge":1317.90,"npi":[1174681712]},{"billed_charge":1415.46,"npi":[1174681712]}]},{"allowed_amount":480.25,"billing_code_modifier":[""],"providers":[{"billed_charge":1146.20,"npi":[1174681712]},{"billed_charge":1230.84,"npi":[1174681712]},{"billed_charge":1317.90,"npi":[1174681712]},{"billed_charge":1415.46,"npi":[1174681712]}]}]},{"tin":{"type":"ein","value":"026000473"},"service_code":["41"],"billing_class":"professional","payments":[{"allowed_amount":480.25,"billing_code_modifier":[""],"providers":[{"billed_charge":1146.20,"npi":[1174681712]},{"billed_charge":1230.84,"npi":[1174681712]},{"billed_charge":1317.90,"npi":[1174681712]},{"billed_charge":1415.46,"npi":[1174681712]}]},{"allowed_amount":480.25,"billing_code_modifier":[""],"providers":[{"billed_charge":1146.20,"npi":[1174681712]},{"billed_charge":1230.84,"npi":[1174681712]},{"billed_charge":1317.90,"npi":[1174681712]},{"billed_charge":1415.46,"npi":[1174681712]}]},{"allowed_amount":480.25,"billing_code_modifier":[""],"providers":[{"billed_charge":1146.20,"npi":[1174681712]},{"billed_charge":1230.84,"npi":[1174681712]},{"billed_charge":1317.90,"npi":[1174681712]},{"billed_charge":1415.46,"npi":[1174681712]}]},{"allowed_amount":480.25,"billing_code_modifier":[""],"providers":[{"billed_charge":1146.20,"npi":[1174681712]},{"billed_charge":1230.84,"npi":[1174681712]},{"billed_charge":1317.90,"npi":[1174681712]},{"billed_charge":1415.46,"npi":[1174681712]}]}]},{"tin":{"type":"ein","value":"026000473"},"service_code":["41"],"billing_class":"professional","payments":[{"allowed_amount":480.25,"billing_code_modifier":[""],"providers":[{"billed_charge":1146.20,"npi":[1174681712]},{"billed_charge":1230.84,"npi":[1174681712]},{"billed_charge":1317.90,"npi":[1174681712]},{"billed_charge":1415.46,"npi":[1174681712]}]},{"allowed_amount":480.25,"billing_code_modifier":[""],"providers":[{"billed_charge":1146.20,"npi":[1174681712]},{"billed_charge":1230.84,"npi":[1174681712]},{"billed_charge":1317.90,"npi":[1174681712]},{"billed_charge":1415.46,"npi":[1174681712]}]},{"allowed_amount":480.25,"billing_code_modifier":[""],"providers":[{"billed_charge":1146.20,"npi":[1174681712]},{"billed_charge":1230.84,"npi":[1174681712]},{"billed_charge":1317.90,"npi":[1174681712]},{"billed_charge":1415.46,"npi":[1174681712]}]},{"allowed_amount":480.25,"billing_code_modifier":[""],"providers":[{"billed_charge":1146.20,"npi":[1174681712]},{"billed_charge":1230.84,"npi":[1174681712]},{"billed_charge":1317.90,"npi":[1174681712]},{"billed_charge":1415.46,"npi":[1174681712]}]}]},{"tin":{"type":"ein","value":"026000548"},"service_code":["41"],"billing_class":"professional","payments":[{"allowed_amount":480.25,"billing_code_modifier":[""],"providers":[{"billed_charge":1103.36,"npi":[1144204520]}]}]},{"tin":{"type":"ein","value":"026000924"},"service_code":["41"],"billing_class":"professional","payments":[{"allowed_amount":480.25,"billing_code_modifier":[""],"providers":[{"billed_charge":1450.85,"npi":[1649723958]}]}]},{"tin":{"type":"ein","value":"030322710"},"service_code":["41"],"billing_class":"professional","payments":[{"allowed_amount":480.25,"billing_code_modifier":[""],"providers":[{"billed_charge":725.00,"npi":[1497864904]}]}]}]},{"name":"CHIROPRACTIC MANIPULATIVE TX SPINAL 3-4 REGIONS","billing_code_type":"CPT","billing_code_type_version":"2020","billing_code":"98941","description":"CHIROPRACTIC MANIPULATIVE TX SPINAL 3-4 REGIONS","allowed_amounts":[{"tin":{"type":"ein","value":"134316093"},"service_code":["11"],"billing_class":"professional","payments":[{"allowed_amount":32.77,"billing_code_modifier":[""],"providers":[{"billed_charge":55.00,"npi":[1023010501]}]}]},{"tin":{"type":"ein","value":"464177650"},"service_code":["11"],"billing_class":"professional","payments":[{"allowed_amount":32.77,"billing_code_modifier":[""],"providers":[{"billed_charge":85.00,"npi":[1003826595,1710389663]}]}]}]},{"name":"DEEP SEDAT\/GEN ANESTHESIA-EA SUBSQT 15 MIN INCR","billing_code_type":"HCPCS","billing_code_type_version":"HCPCS LEVEL II 2021","billing_code":"D9223","description":"DEEP SEDAT\/GEN ANESTHESIA-EA SUBSQT 15 MIN INCR","allowed_amounts":[{"tin":{"type":"ein","value":"020334854"},"service_code":["11"],"billing_class":"professional","payments":[{"allowed_amount":100.00,"billing_code_modifier":[""],"providers":[{"billed_charge":306.00,"npi":[1073600706,1083585374,1083685374,1114235785,1528638384,1811033434,1922214469]}]}]},{"tin":{"type":"ein","value":"042572209"},"service_code":["11"],"billing_class":"professional","payments":[{"allowed_amount":100.00,"billing_code_modifier":[""],"providers":[{"billed_charge":288.00,"npi":[1174686810,1346580974]}]}]},{"tin":{"type":"ein","value":"993058521"},"service_code":["11"],"billing_class":"professional","payments":[{"allowed_amount":100.00,"billing_code_modifier":[""],"providers":[{"billed_charge":280.00,"npi":[1174905699]}]}]}]},{"name":"DEEP SEDATION\/GENERAL ANESTHESIA-1ST 15 MINUTES","billing_code_type":"HCPCS","billing_code_type_version":"HCPCS LEVEL II 2021","billing_code":"D9222","description":"DEEP SEDATION\/GENERAL ANESTHESIA-1ST 15 MINUTES","allowed_amounts":[{"tin":{"type":"ein","value":"020334854"},"service_code":["11"],"billing_class":"professional","payments":[{"allowed_amount":100.00,"billing_code_modifier":[""],"providers":[{"billed_charge":437.00,"npi":[1063772523,1073600706,1083585374,1083685374,1114235785,1528638384,1568949253,1811033434,1922214469]}]}]},{"tin":{"type":"ein","value":"042572209"},"service_code":["11"],"billing_class":"professional","payments":[{"allowed_amount":100.00,"billing_code_modifier":[""],"providers":[{"billed_charge":288.00,"npi":[1174686810,1346580974]}]}]},{"tin":{"type":"ein","value":"993058521"},"service_code":["11"],"billing_class":"professional","payments":[{"allowed_amount":100.00,"billing_code_modifier":[""],"providers":[{"billed_charge":280.00,"npi":[1174905699]}]}]}]},{"name":"EXTRACTION ERU TOOTH RQR REMV BONE &\/SECTN TOOTH","billing_code_type":"HCPCS","billing_code_type_version":"HCPCS LEVEL II 2021","billing_code":"D7210","description":"EXTRACTION ERU TOOTH RQR REMV BONE &\/SECTN TOOTH","allowed_amounts":[{"tin":{"type":"ein","value":"020334854"},"service_code":["11"],"billing_class":"professional","payments":[{"allowed_amount":111.04,"billing_code_modifier":[""],"providers":[{"billed_charge":657.00,"npi":[1073600706,1083685374,1134807308,1245441286,1265010847,1538516109,1679633432,1922214469]}]}]},{"tin":{"type":"ein","value":"042572209"},"service_code":["11"],"billing_class":"professional","payments":[{"allowed_amount":111.04,"billing_code_modifier":[""],"providers":[{"billed_charge":393.00,"npi":[1174686810,1346580974]}]}]}]},{"name":"OFFICE\/OUTPATIENT NEW LOW MDM 30 MINUTES","billing_code_type":"CPT","billing_code_type_version":"2020","billing_code":"99203","description":"OFFICE\/OUTPATIENT NEW LOW MDM 30 MINUTES","allowed_amounts":[{"tin":{"type":"ein","value":"020334854"},"service_code":["11"],"billing_class":"professional","payments":[{"allowed_amount":140.31,"billing_code_modifier":[""],"providers":[{"billed_charge":186.00,"npi":[1073600706,1922214469]},{"billed_charge":192.00,"npi":[1073600706,1083685374,1205870268,1528199478,1568949253,1811021819,1881710754,1922107861,1922214469,1932514130]},{"billed_charge":262.00,"npi":[1073600706,1083685374,1811021819]}]},{"allowed_amount":140.31,"billing_code_modifier":[""],"providers":[{"billed_charge":186.00,"npi":[1073600706,1922214469]},{"billed_charge":192.00,"npi":[1073600706,1083685374,1205870268,1528199478,1568949253,1811021819,1881710754,1922107861,1922214469,1932514130]},{"billed_charge":262.00,"npi":[1073600706,1083685374,1811021819]}]},{"allowed_amount":140.31,"billing_code_modifier":[""],"providers":[{"billed_charge":186.00,"npi":[1073600706,1922214469]},{"billed_charge":192.00,"npi":[1073600706,1083685374,1205870268,1528199478,1568949253,1811021819,1881710754,1922107861,1922214469,1932514130]},{"billed_charge":262.00,"npi":[1073600706,1083685374,1811021819]}]}]},{"tin":{"type":"ein","value":"020334854"},"service_code":["11"],"billing_class":"professional","payments":[{"allowed_amount":140.31,"billing_code_modifier":[""],"providers":[{"billed_charge":186.00,"npi":[1073600706,1922214469]},{"billed_charge":192.00,"npi":[1073600706,1083685374,1205870268,1528199478,1568949253,1811021819,1881710754,1922107861,1922214469,1932514130]},{"billed_charge":262.00,"npi":[1073600706,1083685374,1811021819]}]},{"allowed_amount":140.31,"billing_code_modifier":[""],"providers":[{"billed_charge":186.00,"npi":[1073600706,1922214469]},{"billed_charge":192.00,"npi":[1073600706,1083685374,1205870268,1528199478,1568949253,1811021819,1881710754,1922107861,1922214469,1932514130]},{"billed_charge":262.00,"npi":[1073600706,1083685374,1811021819]}]},{"allowed_amount":140.31,"billing_code_modifier":[""],"providers":[{"billed_charge":186.00,"npi":[1073600706,1922214469]},{"billed_charge":192.00,"npi":[1073600706,1083685374,1205870268,1528199478,1568949253,1811021819,1881710754,1922107861,1922214469,1932514130]},{"billed_charge":262.00,"npi":[1073600706,1083685374,1811021819]}]}]},{"tin":{"type":"ein","value":"020334854"},"service_code":["11"],"billing_class":"professional","payments":[{"allowed_amount":140.31,"billing_code_modifier":[""],"providers":[{"billed_charge":186.00,"npi":[1073600706,1922214469]},{"billed_charge":192.00,"npi":[1073600706,1083685374,1205870268,1528199478,1568949253,1811021819,1881710754,1922107861,1922214469,1932514130]},{"billed_charge":262.00,"npi":[1073600706,1083685374,1811021819]}]},{"allowed_amount":140.31,"billing_code_modifier":[""],"providers":[{"billed_charge":186.00,"npi":[1073600706,1922214469]},{"billed_charge":192.00,"npi":[1073600706,1083685374,1205870268,1528199478,1568949253,1811021819,1881710754,1922107861,1922214469,1932514130]},{"billed_charge":262.00,"npi":[1073600706,1083685374,1811021819]}]},{"allowed_amount":140.31,"billing_code_modifier":[""],"providers":[{"billed_charge":186.00,"npi":[1073600706,1922214469]},{"billed_charge":192.00,"npi":[1073600706,1083685374,1205870268,1528199478,1568949253,1811021819,1881710754,1922107861,1922214469,1932514130]},{"billed_charge":262.00,"npi":[1073600706,1083685374,1811021819]}]}]},{"tin":{"type":"ein","value":"462333825"},"service_code":["11"],"billing_class":"professional","payments":[{"allowed_amount":140.31,"billing_code_modifier":[""],"providers":[{"billed_charge":180.00,"npi":[1295933869]}]}]}]},{"name":"PSYCHIATRIC\/PSYCHOLOGICAL SVCS: GROUP THERAPY","billing_code_type":"RC","billing_code_type_version":"UB04","billing_code":"0915","description":"PSYCHIATRIC\/PSYCHOLOGICAL SVCS: GROUP THERAPY","allowed_amounts":[{"tin":{"type":"ein","value":"853090121"},"service_code":["22"],"billing_class":"institutional","payments":[{"allowed_amount":605.71,"billing_code_modifier":[""],"providers":[{"billed_charge":1460.44,"npi":[1679279129,1881600120]}]}]}]},{"name":"PSYCHIATRIC\/PSYCHOLOGICAL SVCS: PARTIAL HOSP - LES","billing_code_type":"RC","billing_code_type_version":"UB04","billing_code":"0912","description":"PSYCHIATRIC\/PSYCHOLOGICAL SVCS: PARTIAL HOSP - LES","allowed_amounts":[{"tin":{"type":"ein","value":"202072437"},"service_code":["99"],"billing_class":"institutional","payments":[{"allowed_amount":179.94,"billing_code_modifier":[""],"providers":[{"billed_charge":1300.00,"npi":[1518099126,1730220971]}]}]}]},{"name":"REMOVAL OF IMPACTED TOOTH - COMPLETELY BONY","billing_code_type":"HCPCS","billing_code_type_version":"HCPCS LEVEL II 2021","billing_code":"D7240","description":"REMOVAL OF IMPACTED TOOTH - COMPLETELY BONY","allowed_amounts":[{"tin":{"type":"ein","value":"020334854"},"service_code":["11"],"billing_class":"professional","payments":[{"allowed_amount":216.27,"billing_code_modifier":[""],"providers":[{"billed_charge":866.00,"npi":[1073600706,1083585374,1083685374,1114235785,1811033434,1922214469]}]}]},{"tin":{"type":"ein","value":"042572209"},"service_code":["11"],"billing_class":"professional","payments":[{"allowed_amount":216.27,"billing_code_modifier":[""],"providers":[{"billed_charge":840.00,"npi":[1174686810,1346580974]}]}]},{"tin":{"type":"ein","value":"203948453"},"service_code":["11"],"billing_class":"professional","payments":[{"allowed_amount":216.27,"billing_code_modifier":[""],"providers":[{"billed_charge":750.00,"npi":[1023452240]}]}]},{"tin":{"type":"ein","value":"993058521"},"service_code":["11"],"billing_class":"professional","payments":[{"allowed_amount":216.27,"billing_code_modifier":[""],"providers":[{"billed_charge":833.00,"npi":[1174905699]}]}]}]},{"name":"REMOVAL OF IMPACTED TOOTH - SOFT TISSUE","billing_code_type":"HCPCS","billing_code_type_version":"HCPCS LEVEL II 2021","billing_code":"D7220","description":"REMOVAL OF IMPACTED TOOTH - SOFT TISSUE","allowed_amounts":[{"tin":{"type":"ein","value":"020334854"},"service_code":["11"],"billing_class":"professional","payments":[{"allowed_amount":138.62,"billing_code_modifier":[""],"providers":[{"billed_charge":682.00,"npi":[1073600706,1083685374,1114235785,1326660465,1528638384,1568949253,1922214469]}]}]},{"tin":{"type":"ein","value":"042572209"},"service_code":["11"],"billing_class":"professional","payments":[{"allowed_amount":138.62,"billing_code_modifier":[""],"providers":[{"billed_charge":525.00,"npi":[1174686810,1346580974]}]}]},{"tin":{"type":"ein","value":"203948453"},"service_code":["11"],"billing_class":"professional","payments":[{"allowed_amount":138.62,"billing_code_modifier":[""],"providers":[{"billed_charge":500.00,"npi":[1023452240]}]}]}]},{"name":"RESIDENTIAL TREATMENT-CHEMICAL DEPENDENCY","billing_code_type":"RC","billing_code_type_version":"UB04","billing_code":"1002","description":"RESIDENTIAL TREATMENT-CHEMICAL DEPENDENCY","allowed_amounts":[{"tin":{"type":"ein","value":"831683575"},"service_code":["21"],"billing_class":"institutional","payments":[{"allowed_amount":1688.31,"billing_code_modifier":[""],"providers":[{"billed_charge":4195.00,"npi":[1710457783]}]}]}]}]}
