{"reporting_entity_name": "IEC Group_DBA AmeriBen",
	"reporting_entity_type": "Third Party Administrator",
	"plan_name": "CKS PACKAGING INC",
	"plan_id_type": "ein",
	"plan_id": "581645660",
	"plan_market_type": "group",
	"last_updated_on": "2025-09-01","Version": "1.0.0","out_of_network":[{"name":"CHIROPRACTIC MANIPULATIVE TX SPINAL 3-4 REGIONS","billing_code_type":"CPT","billing_code_type_version":"2020","billing_code":"98941","description":"CHIROPRACTIC MANIPULATIVE TX SPINAL 3-4 REGIONS","allowed_amounts":[{"tin":{"type":"ein","value":"582306585"},"service_code":["11"],"billing_class":"professional","payments":[{"allowed_amount":35.25,"billing_code_modifier":[""],"providers":[{"billed_charge":50.00,"npi":[1790043727,1922127448]}]}]}]},{"name":"COMPREHENSIVE METABOLIC PANEL","billing_code_type":"CPT","billing_code_type_version":"2020","billing_code":"80053","description":"COMPREHENSIVE METABOLIC PANEL","allowed_amounts":[{"tin":{"type":"ein","value":"810576059"},"service_code":["81"],"billing_class":"professional","payments":[{"allowed_amount":5.09,"billing_code_modifier":[""],"providers":[{"billed_charge":21.12,"npi":[1093460727,1184614380,1194712083,1235186800,1275532160,1285607648,1285922450,1356322424,1427377167]}]}]}]},{"name":"DRUG TEST DEF 1-7 CLASSES","billing_code_type":"HCPCS","billing_code_type_version":"HCPCS LEVEL II 2021","billing_code":"G0480","description":"DRUG TEST DEF 1-7 CLASSES","allowed_amounts":[{"tin":{"type":"ein","value":"474265152"},"service_code":["81"],"billing_class":"professional","payments":[{"allowed_amount":38.90,"billing_code_modifier":[""],"providers":[{"billed_charge":2650.00,"npi":[1669707956,1841656675]}]}]},{"tin":{"type":"ein","value":"831534664"},"service_code":["81"],"billing_class":"professional","payments":[{"allowed_amount":38.90,"billing_code_modifier":[""],"providers":[{"billed_charge":2650.00,"npi":[1144473604,1932688686]}]}]}]},{"name":"GENERAL HEALTH PANEL","billing_code_type":"CPT","billing_code_type_version":"2020","billing_code":"80050","description":"GENERAL HEALTH PANEL","allowed_amounts":[{"tin":{"type":"ein","value":"810576059"},"service_code":["81"],"billing_class":"professional","payments":[{"allowed_amount":14.76,"billing_code_modifier":[""],"providers":[{"billed_charge":60.00,"npi":[1003190455,1083688873,1093460727,1184614380,1235186800,1255875167,1699789644,1770655987]},{"billed_charge":107.07,"npi":[1083688873,1194712083,1235186800,1770909236,1922096882]}]},{"allowed_amount":14.76,"billing_code_modifier":[""],"providers":[{"billed_charge":60.00,"npi":[1003190455,1083688873,1093460727,1184614380,1235186800,1255875167,1699789644,1770655987]},{"billed_charge":107.07,"npi":[1083688873,1194712083,1235186800,1770909236,1922096882]}]}]},{"tin":{"type":"ein","value":"810576059"},"service_code":["81"],"billing_class":"professional","payments":[{"allowed_amount":14.76,"billing_code_modifier":[""],"providers":[{"billed_charge":60.00,"npi":[1003190455,1083688873,1093460727,1184614380,1235186800,1255875167,1699789644,1770655987]},{"billed_charge":107.07,"npi":[1083688873,1194712083,1235186800,1770909236,1922096882]}]},{"allowed_amount":14.76,"billing_code_modifier":[""],"providers":[{"billed_charge":60.00,"npi":[1003190455,1083688873,1093460727,1184614380,1235186800,1255875167,1699789644,1770655987]},{"billed_charge":107.07,"npi":[1083688873,1194712083,1235186800,1770909236,1922096882]}]}]},{"tin":{"type":"ein","value":"852981413"},"service_code":["81"],"billing_class":"professional","payments":[{"allowed_amount":14.76,"billing_code_modifier":[""],"providers":[{"billed_charge":65.00,"npi":[1144224957,1295323053]}]}]},{"tin":{"type":"ein","value":"880241758"},"service_code":["81"],"billing_class":"professional","payments":[{"allowed_amount":14.76,"billing_code_modifier":[""],"providers":[{"billed_charge":131.74,"npi":[1629573936,1699782722]}]}]}]},{"name":"HEMO OPD\/HOME: HEMODIALYSIS COMP OR OTHER RATE","billing_code_type":"RC","billing_code_type_version":"UB04","billing_code":"0821","description":"HEMO OPD\/HOME: HEMODIALYSIS COMP OR OTHER RATE","allowed_amounts":[{"tin":{"type":"ein","value":"460996241"},"service_code":["65"],"billing_class":"institutional","payments":[{"allowed_amount":459.12,"billing_code_modifier":[""],"providers":[{"billed_charge":8212.08,"npi":[1205187903,1619978772]}]}]},{"tin":{"type":"ein","value":"460996241"},"service_code":["65"],"billing_class":"institutional","payments":[{"allowed_amount":459.43,"billing_code_modifier":[""],"providers":[{"billed_charge":8212.08,"npi":[1205187903,1619978772]}]}]},{"tin":{"type":"ein","value":"460996241"},"service_code":["65"],"billing_class":"institutional","payments":[{"allowed_amount":459.51,"billing_code_modifier":[""],"providers":[{"billed_charge":7821.03,"npi":[1205187903,1619978772]}]}]},{"tin":{"type":"ein","value":"460996241"},"service_code":["65"],"billing_class":"institutional","payments":[{"allowed_amount":459.68,"billing_code_modifier":[""],"providers":[{"billed_charge":8212.08,"npi":[1205187903,1619978772]}]}]},{"tin":{"type":"ein","value":"460996241"},"service_code":["65"],"billing_class":"institutional","payments":[{"allowed_amount":463.08,"billing_code_modifier":[""],"providers":[{"billed_charge":7821.03,"npi":[1205187903,1619978772]}]}]}]},{"name":"HEMOGLOBIN GLYCOSYLATED A1C","billing_code_type":"CPT","billing_code_type_version":"2020","billing_code":"83036","description":"HEMOGLOBIN GLYCOSYLATED A1C","allowed_amounts":[{"tin":{"type":"ein","value":"810576059"},"service_code":["81"],"billing_class":"professional","payments":[{"allowed_amount":4.68,"billing_code_modifier":[""],"providers":[{"billed_charge":40.68,"npi":[1003190455,1083688873,1093460727,1184614380,1194712083,1235186800,1255875167,1285607648,1699789644,1770655987,1770909236,1942462684]}]}]}]},{"name":"IADNA NOS AMPLIFIED PROBE TQ EACH ORGANISM","billing_code_type":"CPT","billing_code_type_version":"2020","billing_code":"87798","description":"IADNA NOS AMPLIFIED PROBE TQ EACH ORGANISM","allowed_amounts":[{"tin":{"type":"ein","value":"043740411"},"service_code":["81"],"billing_class":"professional","payments":[{"allowed_amount":24.56,"billing_code_modifier":[""],"providers":[{"billed_charge":87.73,"npi":[1346573912,1396858791]}]}]}]},{"name":"LIPID PANEL","billing_code_type":"CPT","billing_code_type_version":"2020","billing_code":"80061","description":"LIPID PANEL","allowed_amounts":[{"tin":{"type":"ein","value":"810576059"},"service_code":["81"],"billing_class":"professional","payments":[{"allowed_amount":7.68,"billing_code_modifier":[""],"providers":[{"billed_charge":56.16,"npi":[1003190455,1083688873,1093460727,1184614380,1194712083,1235186800,1255875167,1275532160,1285607648,1285922450,1356322424,1699789644,1770655987,1770909236,1831312081,1922096882,1942462684]}]}]},{"tin":{"type":"ein","value":"880241758"},"service_code":["81"],"billing_class":"professional","payments":[{"allowed_amount":7.68,"billing_code_modifier":[""],"providers":[{"billed_charge":50.21,"npi":[1629573936,1699782722]}]}]}]},{"name":"MEDICAL\/SURGICAL SUPPLIES","billing_code_type":"RC","billing_code_type_version":"UB04","billing_code":"0270","description":"MEDICAL\/SURGICAL SUPPLIES","allowed_amounts":[{"tin":{"type":"ein","value":"042832065"},"service_code":["65"],"billing_class":"institutional","payments":[{"allowed_amount":2.75,"billing_code_modifier":[""],"providers":[{"billed_charge":149.10,"npi":[1124587936,1881706695]}]}]},{"tin":{"type":"ein","value":"042832065"},"service_code":["65"],"billing_class":"institutional","payments":[{"allowed_amount":4.10,"billing_code_modifier":[""],"providers":[{"billed_charge":149.10,"npi":[1124587936,1881706695]}]}]},{"tin":{"type":"ein","value":"042832065"},"service_code":["65"],"billing_class":"institutional","payments":[{"allowed_amount":4.85,"billing_code_modifier":[""],"providers":[{"billed_charge":149.10,"npi":[1124587936,1881706695]}]}]},{"tin":{"type":"ein","value":"042832065"},"service_code":["65"],"billing_class":"institutional","payments":[{"allowed_amount":4.87,"billing_code_modifier":[""],"providers":[{"billed_charge":149.10,"npi":[1124587936,1881706695]}]}]}]},{"name":"PSYCHIATRIC\/PSYCHOLOGICAL SVCS: PARTIAL HOSP - INT","billing_code_type":"RC","billing_code_type_version":"UB04","billing_code":"0913","description":"PSYCHIATRIC\/PSYCHOLOGICAL SVCS: PARTIAL HOSP - INT","allowed_amounts":[{"tin":{"type":"ein","value":"825484646"},"service_code":["22"],"billing_class":"institutional","payments":[{"allowed_amount":900.00,"billing_code_modifier":[""],"providers":[{"billed_charge":2801.48,"npi":[1669707956,1679063580]}]}]}]},{"name":"RESIDENTIAL TREATMENT-PSYCHIATRIC","billing_code_type":"RC","billing_code_type_version":"UB04","billing_code":"1001","description":"RESIDENTIAL TREATMENT-PSYCHIATRIC","allowed_amounts":[{"tin":{"type":"ein","value":"991656940"},"service_code":["21"],"billing_class":"institutional","payments":[{"allowed_amount":1675.00,"billing_code_modifier":[""],"providers":[{"billed_charge":5150.00,"npi":[1770343584,1811158082]}]}]}]}]}
