{"reporting_entity_name": "IEC Group_DBA AmeriBen",
	"reporting_entity_type": "Third Party Administrator",
	"plan_name": "JADEX INC.",
	"plan_id_type": "ein",
	"plan_id": "834045964",
	"plan_market_type": "group",
	"last_updated_on": "2024-07-01","Version": "1.0.0","out_of_network":[{"name":"MEDICAL\/SURGICAL SUPPLIES","billing_code_type":"RC","billing_code_type_version":"UB04","billing_code":"0270","description":"MEDICAL\/SURGICAL SUPPLIES","allowed_amounts":[{"tin":{"type":"ein","value":"043074770"},"service_code":["65"],"billing_class":"institutional","payments":[{"allowed_amount":2.46,"billing_code_modifier":[""],"providers":[{"billed_charge":142.00,"npi":[1821278474,1932211752]}]}]},{"tin":{"type":"ein","value":"043074770"},"service_code":["65"],"billing_class":"institutional","payments":[{"allowed_amount":3.65,"billing_code_modifier":[""],"providers":[{"billed_charge":149.10,"npi":[1821278474,1932211752]}]}]}]},{"name":"PSYCHOTHERAPY W\/PATIENT 60 MINUTES","billing_code_type":"CPT","billing_code_type_version":"2020","billing_code":"90837","description":"PSYCHOTHERAPY W\/PATIENT 60 MINUTES","allowed_amounts":[{"tin":{"type":"ein","value":"931835099"},"service_code":["10"],"billing_class":"professional","payments":[{"allowed_amount":150.00,"billing_code_modifier":[""],"providers":[{"billed_charge":150.00,"npi":[1386320554,1700367273]}]}]}]}]}
