{"reporting_entity_name": "IEC Group_DBA AmeriBen",
	"reporting_entity_type": "Third Party Administrator",
	"plan_name": "TUBA CITY REGIONAL HEALTH CARE",
	"plan_id_type": "ein",
	"plan_id": "043651340",
	"plan_market_type": "group",
	"last_updated_on": "2024-11-01","Version": "1.0.0","out_of_network":[{"name":"CCPD OPD\/HOME: CCPD COMP OR OTHER RATE","billing_code_type":"RC","billing_code_type_version":"UB04","billing_code":"0851","description":"CCPD OPD\/HOME: CCPD COMP OR OTHER RATE","allowed_amounts":[{"tin":{"type":"ein","value":"275444742"},"service_code":["65"],"billing_class":"institutional","payments":[{"allowed_amount":217.88,"billing_code_modifier":[""],"providers":[{"billed_charge":5775.88,"npi":[1326145392,1790074516]}]}]},{"tin":{"type":"ein","value":"275444742"},"service_code":["65"],"billing_class":"institutional","payments":[{"allowed_amount":223.50,"billing_code_modifier":[""],"providers":[{"billed_charge":5775.88,"npi":[1326145392,1790074516]}]}]},{"tin":{"type":"ein","value":"275444742"},"service_code":["65"],"billing_class":"institutional","payments":[{"allowed_amount":241.99,"billing_code_modifier":[""],"providers":[{"billed_charge":5775.88,"npi":[1326145392,1790074516]}]}]},{"tin":{"type":"ein","value":"275444742"},"service_code":["65"],"billing_class":"institutional","payments":[{"allowed_amount":261.76,"billing_code_modifier":[""],"providers":[{"billed_charge":5775.88,"npi":[1326145392,1790074516]}]}]},{"tin":{"type":"ein","value":"275444742"},"service_code":["65"],"billing_class":"institutional","payments":[{"allowed_amount":273.77,"billing_code_modifier":[""],"providers":[{"billed_charge":5775.88,"npi":[1326145392,1790074516]}]}]},{"tin":{"type":"ein","value":"853247972"},"service_code":["65"],"billing_class":"institutional","payments":[{"allowed_amount":334.26,"billing_code_modifier":[""],"providers":[{"billed_charge":3288.00,"npi":[1326145392,1710587571]}]}]}]},{"name":"CHIROPRACTIC MANIPULATIVE TX SPINAL 3-4 REGIONS","billing_code_type":"CPT","billing_code_type_version":"2020","billing_code":"98941","description":"CHIROPRACTIC MANIPULATIVE TX SPINAL 3-4 REGIONS","allowed_amounts":[{"tin":{"type":"ein","value":"870560763"},"service_code":["11"],"billing_class":"professional","payments":[{"allowed_amount":40.62,"billing_code_modifier":[""],"providers":[{"billed_charge":50.00,"npi":[1518026012,1699725747,1699803635,1811991151]}]}]},{"tin":{"type":"ein","value":"870560763"},"service_code":["11"],"billing_class":"professional","payments":[{"allowed_amount":41.29,"billing_code_modifier":[""],"providers":[{"billed_charge":50.00,"npi":[1518026012,1699725747,1699803635,1811991151]}]}]}]},{"name":"DRUGS REQUIRE SPECIFIC ID: DRUGS REQUIRING DETAIL","billing_code_type":"RC","billing_code_type_version":"UB04","billing_code":"0636","description":"DRUGS REQUIRE SPECIFIC ID: DRUGS REQUIRING DETAIL","allowed_amounts":[{"tin":{"type":"ein","value":"364271799"},"service_code":["65"],"billing_class":"institutional","payments":[{"allowed_amount":13.58,"billing_code_modifier":[""],"providers":[{"billed_charge":255.00,"npi":[1083670723,1639551526]}]}]}]},{"name":"EMERGENCY DEPARTMENT VISIT LOW MDM","billing_code_type":"CPT","billing_code_type_version":"2020","billing_code":"99283","description":"EMERGENCY DEPARTMENT VISIT LOW MDM","allowed_amounts":[{"tin":{"type":"ein","value":"043651340"},"service_code":["23"],"billing_class":"professional","payments":[{"allowed_amount":71.26,"billing_code_modifier":[""],"providers":[{"billed_charge":155.00,"npi":[1548647472]}]}]},{"tin":{"type":"ein","value":"043651340"},"service_code":["23"],"billing_class":"professional","payments":[{"allowed_amount":92.38,"billing_code_modifier":[""],"providers":[{"billed_charge":155.00,"npi":[1336596600,1548294424,1558885327,1649412321]}]}]}]},{"name":"HEMO OPD\/HOME: HEMODIALYSIS COMP OR OTHER RATE","billing_code_type":"RC","billing_code_type_version":"UB04","billing_code":"0821","description":"HEMO OPD\/HOME: HEMODIALYSIS COMP OR OTHER RATE","allowed_amounts":[{"tin":{"type":"ein","value":"364271799"},"service_code":["65"],"billing_class":"institutional","payments":[{"allowed_amount":306.88,"billing_code_modifier":[""],"providers":[{"billed_charge":5762.00,"npi":[1083670723,1639551526]}]}]}]}]}
