{"reporting_entity_name": "IEC Group_DBA AmeriBen",
	"reporting_entity_type": "Third Party Administrator",
	"plan_name": "VAIL HEALTH",
	"plan_id_type": "ein",
	"plan_id": "840563230",
	"plan_market_type": "group",
	"last_updated_on": "2024-06-01","Version": "1.0.0","out_of_network":[{"name":"FETAL CHROMOSOMAL ANEUPLOIDY GENOMIC SEQ ANALYS","billing_code_type":"CPT","billing_code_type_version":"2020","billing_code":"81420","description":"FETAL CHROMOSOMAL ANEUPLOIDY GENOMIC SEQ ANALYS","allowed_amounts":[{"tin":{"type":"ein","value":"010894487"},"service_code":["81"],"billing_class":"professional","payments":[{"allowed_amount":3510.00,"billing_code_modifier":[""],"providers":[{"billed_charge":3900.00,"npi":[1144264243,1235528225,1558672279,1750543682]}]}]}]},{"name":"OFFICE\/OUTPATIENT ESTABLISHED MOD MDM 30 MIN","billing_code_type":"CPT","billing_code_type_version":"2020","billing_code":"99214","description":"OFFICE\/OUTPATIENT ESTABLISHED MOD MDM 30 MIN","allowed_amounts":[{"tin":{"type":"ein","value":"452668894"},"service_code":["11"],"billing_class":"professional","payments":[{"allowed_amount":109.95,"billing_code_modifier":[""],"providers":[{"billed_charge":300.00,"npi":[1588038681,1588222566]}]}]},{"tin":{"type":"ein","value":"834327406"},"service_code":["02","10","11"],"billing_class":"professional","payments":[{"allowed_amount":109.95,"billing_code_modifier":[""],"providers":[{"billed_charge":352.50,"npi":[1619471034,1619648128,1912108648,1972267292]}]}]}]},{"name":"PSYCHIATRIC\/PSYCHOLOGICAL TRT: INTENSIVE OUT SERV","billing_code_type":"RC","billing_code_type_version":"UB04","billing_code":"0906","description":"PSYCHIATRIC\/PSYCHOLOGICAL TRT: INTENSIVE OUT SERV","allowed_amounts":[{"tin":{"type":"ein","value":"834326957"},"service_code":["22"],"billing_class":"institutional","payments":[{"allowed_amount":295.63,"billing_code_modifier":[""],"providers":[{"billed_charge":2175.00,"npi":[1114584232,1902943277]}]}]}]}]}
