{"reporting_entity_name": "IEC Group_DBA AmeriBen",
	"reporting_entity_type": "Third Party Administrator",
	"plan_name": "CTI FOODS HOLDING CO., LLC",
	"plan_id_type": "ein",
	"plan_id": "141888320",
	"plan_market_type": "group",
	"last_updated_on": "2022-09-30","Version": "1.0.0","out_of_network":[{"name":"MEDICAL\/SURGICAL SUPPLIES","billing_code_type":"RC","billing_code_type_version":"UB04","billing_code":"0270","description":"MEDICAL\/SURGICAL SUPPLIES","allowed_amounts":[{"tin":{"type":"ein","value":"870746621"},"service_code":["65"],"billing_class":"institutional","payments":[{"allowed_amount":1.12,"billing_code_modifier":[""],"providers":[{"billed_charge":82.06,"npi":[1588656391,1639125131]}]}]},{"tin":{"type":"ein","value":"870746621"},"service_code":["65"],"billing_class":"institutional","payments":[{"allowed_amount":2.37,"billing_code_modifier":[""],"providers":[{"billed_charge":82.06,"npi":[1588656391,1639125131]},{"billed_charge":89.45,"npi":[1588656391,1639125131]}]},{"allowed_amount":2.37,"billing_code_modifier":[""],"providers":[{"billed_charge":82.06,"npi":[1588656391,1639125131]},{"billed_charge":89.45,"npi":[1588656391,1639125131]}]}]},{"tin":{"type":"ein","value":"870746621"},"service_code":["65"],"billing_class":"institutional","payments":[{"allowed_amount":2.37,"billing_code_modifier":[""],"providers":[{"billed_charge":82.06,"npi":[1588656391,1639125131]},{"billed_charge":89.45,"npi":[1588656391,1639125131]}]},{"allowed_amount":2.37,"billing_code_modifier":[""],"providers":[{"billed_charge":82.06,"npi":[1588656391,1639125131]},{"billed_charge":89.45,"npi":[1588656391,1639125131]}]}]},{"tin":{"type":"ein","value":"870746621"},"service_code":["65"],"billing_class":"institutional","payments":[{"allowed_amount":2.61,"billing_code_modifier":[""],"providers":[{"billed_charge":82.06,"npi":[1588656391,1639125131]}]}]}]}]}
