{"reporting_entity_name": "IEC Group_DBA AmeriBen",
	"reporting_entity_type": "Third Party Administrator",
	"plan_name": "INGRAM MICRO, INC",
	"plan_id_type": "ein",
	"plan_id": "621644402",
	"plan_market_type": "group",
	"last_updated_on": "2024-08-01","Version": "1.0.0","out_of_network":[{"name":"CHIROPRACTIC MANIPLTV TX EXTRASPINAL 1\/> REGION","billing_code_type":"CPT","billing_code_type_version":"2020","billing_code":"98943","description":"CHIROPRACTIC MANIPLTV TX EXTRASPINAL 1\/> REGION","allowed_amounts":[{"tin":{"type":"ein","value":"473633767"},"service_code":["11"],"billing_class":"professional","payments":[{"allowed_amount":20.69,"billing_code_modifier":[""],"providers":[{"billed_charge":74.58,"npi":[1023697174,1891179552,1932101714]}]}]}]},{"name":"CHIROPRACTIC MANIPULATIVE TX SPINAL 3-4 REGIONS","billing_code_type":"CPT","billing_code_type_version":"2020","billing_code":"98941","description":"CHIROPRACTIC MANIPULATIVE TX SPINAL 3-4 REGIONS","allowed_amounts":[{"tin":{"type":"ein","value":"473633767"},"service_code":["11"],"billing_class":"professional","payments":[{"allowed_amount":27.00,"billing_code_modifier":[""],"providers":[{"billed_charge":80.00,"npi":[1023697174,1891179552,1932101714]}]}]}]},{"name":"RESIDENTIAL TREATMENT-CHEMICAL DEPENDENCY","billing_code_type":"RC","billing_code_type_version":"UB04","billing_code":"1002","description":"RESIDENTIAL TREATMENT-CHEMICAL DEPENDENCY","allowed_amounts":[{"tin":{"type":"ein","value":"845141653"},"service_code":["21"],"billing_class":"institutional","payments":[{"allowed_amount":2500.00,"billing_code_modifier":[""],"providers":[{"billed_charge":5000.00,"npi":[1083296636,1376528489]}]}]}]},{"name":"STRAPPING SHOULDER","billing_code_type":"CPT","billing_code_type_version":"2020","billing_code":"29240","description":"STRAPPING SHOULDER","allowed_amounts":[{"tin":{"type":"ein","value":"473633767"},"service_code":["11"],"billing_class":"professional","payments":[{"allowed_amount":6.00,"billing_code_modifier":[""],"providers":[{"billed_charge":460.00,"npi":[1023697174,1891179552,1932101714]}]}]}]},{"name":"STRAPPING THORAX","billing_code_type":"CPT","billing_code_type_version":"2020","billing_code":"29200","description":"STRAPPING THORAX","allowed_amounts":[{"tin":{"type":"ein","value":"473633767"},"service_code":["11"],"billing_class":"professional","payments":[{"allowed_amount":6.00,"billing_code_modifier":[""],"providers":[{"billed_charge":225.00,"npi":[1023697174,1891179552,1932101714]}]}]}]},{"name":"THERAPEUT ACTVITY DIRECT PT CONTACT EACH 15 MIN","billing_code_type":"CPT","billing_code_type_version":"2020","billing_code":"97530","description":"THERAPEUT ACTVITY DIRECT PT CONTACT EACH 15 MIN","allowed_amounts":[{"tin":{"type":"ein","value":"473633767"},"service_code":["11"],"billing_class":"professional","payments":[{"allowed_amount":131.80,"billing_code_modifier":[""],"providers":[{"billed_charge":401.40,"npi":[1891179552,1932101714]}]}]}]}]}
