{"reporting_entity_name": "IEC Group_DBA AmeriBen",
	"reporting_entity_type": "Third Party Administrator",
	"plan_name": "PRO MACH, INC.",
	"plan_id_type": "ein",
	"plan_id": "582402604",
	"plan_market_type": "group",
	"last_updated_on": "2024-09-01","Version": "1.0.0","out_of_network":[{"name":"ADAPTIVE BEHAVIOR TX BY PROTOCOL TECH EA 15 MIN","billing_code_type":"CPT","billing_code_type_version":"2020","billing_code":"97153","description":"ADAPTIVE BEHAVIOR TX BY PROTOCOL TECH EA 15 MIN","allowed_amounts":[{"tin":{"type":"ein","value":"842053778"},"service_code":["12"],"billing_class":"professional","payments":[{"allowed_amount":296.00,"billing_code_modifier":[""],"providers":[{"billed_charge":720.00,"npi":[1437802865,1740849793]}]}]},{"tin":{"type":"ein","value":"842053778"},"service_code":["12"],"billing_class":"professional","payments":[{"allowed_amount":344.00,"billing_code_modifier":[""],"providers":[{"billed_charge":720.00,"npi":[1437802865,1740849793]}]}]}]},{"name":"CAPD OPD\/HOME: CAPD COMP OR OTHER RATE","billing_code_type":"RC","billing_code_type_version":"UB04","billing_code":"0841","description":"CAPD OPD\/HOME: CAPD COMP OR OTHER RATE","allowed_amounts":[{"tin":{"type":"ein","value":"952977916"},"service_code":["65"],"billing_class":"institutional","payments":[{"allowed_amount":244.22,"billing_code_modifier":[""],"providers":[{"billed_charge":3543.00,"npi":[1659544716,1962431650]}]}]},{"tin":{"type":"ein","value":"952977916"},"service_code":["65"],"billing_class":"institutional","payments":[{"allowed_amount":329.46,"billing_code_modifier":[""],"providers":[{"billed_charge":3543.00,"npi":[1659544716,1962431650]},{"billed_charge":8408.00,"npi":[1659544716,1962431650]}]},{"allowed_amount":329.46,"billing_code_modifier":[""],"providers":[{"billed_charge":3543.00,"npi":[1659544716,1962431650]},{"billed_charge":8408.00,"npi":[1659544716,1962431650]}]}]},{"tin":{"type":"ein","value":"952977916"},"service_code":["65"],"billing_class":"institutional","payments":[{"allowed_amount":329.46,"billing_code_modifier":[""],"providers":[{"billed_charge":3543.00,"npi":[1659544716,1962431650]},{"billed_charge":8408.00,"npi":[1659544716,1962431650]}]},{"allowed_amount":329.46,"billing_code_modifier":[""],"providers":[{"billed_charge":3543.00,"npi":[1659544716,1962431650]},{"billed_charge":8408.00,"npi":[1659544716,1962431650]}]}]}]},{"name":"CHIROPRACTIC MANIPULATIVE TX SPINAL 3-4 REGIONS","billing_code_type":"CPT","billing_code_type_version":"2020","billing_code":"98941","description":"CHIROPRACTIC MANIPULATIVE TX SPINAL 3-4 REGIONS","allowed_amounts":[{"tin":{"type":"ein","value":"223566132"},"service_code":["11"],"billing_class":"professional","payments":[{"allowed_amount":70.00,"billing_code_modifier":[""],"providers":[{"billed_charge":150.00,"npi":[1356409304,1366578213]}]}]},{"tin":{"type":"ein","value":"473886946"},"service_code":["11"],"billing_class":"professional","payments":[{"allowed_amount":70.00,"billing_code_modifier":[""],"providers":[{"billed_charge":150.00,"npi":[1154704831,1366578213]}]}]}]},{"name":"CRITICAL CARE ILL\/INJURED PATIENT INIT 30-74 MIN","billing_code_type":"CPT","billing_code_type_version":"2020","billing_code":"99291","description":"CRITICAL CARE ILL\/INJURED PATIENT INIT 30-74 MIN","allowed_amounts":[{"tin":{"type":"ein","value":"863152265"},"service_code":["21"],"billing_class":"professional","payments":[{"allowed_amount":234.35,"billing_code_modifier":[""],"providers":[{"billed_charge":2200.00,"npi":[1144336538,1588808273,1790367076,1902865355]}]}]}]},{"name":"HEMO OPD\/HOME: HEMODIALYSIS COMP OR OTHER RATE","billing_code_type":"RC","billing_code_type_version":"UB04","billing_code":"0821","description":"HEMO OPD\/HOME: HEMODIALYSIS COMP OR OTHER RATE","allowed_amounts":[{"tin":{"type":"ein","value":"621323090"},"service_code":["65"],"billing_class":"institutional","payments":[{"allowed_amount":241.21,"billing_code_modifier":[""],"providers":[{"billed_charge":6045.00,"npi":[1346270782,1659544716]},{"billed_charge":6348.00,"npi":[1346270782,1659544716]}]},{"allowed_amount":241.21,"billing_code_modifier":[""],"providers":[{"billed_charge":6045.00,"npi":[1346270782,1659544716]},{"billed_charge":6348.00,"npi":[1346270782,1659544716]}]}]},{"tin":{"type":"ein","value":"621323090"},"service_code":["65"],"billing_class":"institutional","payments":[{"allowed_amount":241.21,"billing_code_modifier":[""],"providers":[{"billed_charge":6045.00,"npi":[1346270782,1659544716]},{"billed_charge":6348.00,"npi":[1346270782,1659544716]}]},{"allowed_amount":241.21,"billing_code_modifier":[""],"providers":[{"billed_charge":6045.00,"npi":[1346270782,1659544716]},{"billed_charge":6348.00,"npi":[1346270782,1659544716]}]}]}]},{"name":"MANUAL THERAPY TQS 1\/> REGIONS EACH 15 MINUTES","billing_code_type":"CPT","billing_code_type_version":"2020","billing_code":"97140","description":"MANUAL THERAPY TQS 1\/> REGIONS EACH 15 MINUTES","allowed_amounts":[{"tin":{"type":"ein","value":"811366628"},"service_code":["11"],"billing_class":"professional","payments":[{"allowed_amount":57.90,"billing_code_modifier":[""],"providers":[{"billed_charge":190.00,"npi":[1548615040,1609118611,1831241264]}]}]}]},{"name":"PSYCHIATRIC\/PSYCHOLOGICAL TRT: INTENSIVE OUT SERV","billing_code_type":"RC","billing_code_type_version":"UB04","billing_code":"0906","description":"PSYCHIATRIC\/PSYCHOLOGICAL TRT: INTENSIVE OUT SERV","allowed_amounts":[{"tin":{"type":"ein","value":"320572774"},"service_code":["17"],"billing_class":"institutional","payments":[{"allowed_amount":489.94,"billing_code_modifier":[""],"providers":[{"billed_charge":3095.00,"npi":[1326294844,1417425604]}]}]}]},{"name":"THERAPEUTIC PX 1\/> AREAS EACH 15 MIN EXERCISES","billing_code_type":"CPT","billing_code_type_version":"2020","billing_code":"97110","description":"THERAPEUTIC PX 1\/> AREAS EACH 15 MIN EXERCISES","allowed_amounts":[{"tin":{"type":"ein","value":"811366628"},"service_code":["11"],"billing_class":"professional","payments":[{"allowed_amount":323.60,"billing_code_modifier":[""],"providers":[{"billed_charge":1000.00,"npi":[1548615040,1609118611,1831241264]}]}]}]}]}
