{"reporting_entity_name": "IEC Group_DBA AmeriBen",
	"reporting_entity_type": "Third Party Administrator",
	"plan_name": "JACOBS ENTERTAINMENT INC.",
	"plan_id_type": "ein",
	"plan_id": "341959351",
	"plan_market_type": "group",
	"last_updated_on": "2022-08-01","Version": "1.0.0","out_of_network":[{"name":"DRUGS REQUIRE SPECIFIC ID: DRUGS REQUIRING DETAIL","billing_code_type":"RC","billing_code_type_version":"UB04","billing_code":"0636","description":"DRUGS REQUIRE SPECIFIC ID: DRUGS REQUIRING DETAIL","allowed_amounts":[{"tin":{"type":"ein","value":"261948844"},"service_code":["65"],"billing_class":"institutional","payments":[{"allowed_amount":2.12,"billing_code_modifier":[""],"providers":[{"billed_charge":70.96,"npi":[1023214491,1609044569]}]}]},{"tin":{"type":"ein","value":"261948844"},"service_code":["65"],"billing_class":"institutional","payments":[{"allowed_amount":2.47,"billing_code_modifier":[""],"providers":[{"billed_charge":70.96,"npi":[1023214491,1609044569]}]}]},{"tin":{"type":"ein","value":"261948844"},"service_code":["65"],"billing_class":"institutional","payments":[{"allowed_amount":2.55,"billing_code_modifier":[""],"providers":[{"billed_charge":70.96,"npi":[1023214491,1609044569]}]}]}]},{"name":"HEMO OPD\/HOME: HEMODIALYSIS COMP OR OTHER RATE","billing_code_type":"RC","billing_code_type_version":"UB04","billing_code":"0821","description":"HEMO OPD\/HOME: HEMODIALYSIS COMP OR OTHER RATE","allowed_amounts":[{"tin":{"type":"ein","value":"261948844"},"service_code":["65"],"billing_class":"institutional","payments":[{"allowed_amount":239.85,"billing_code_modifier":[""],"providers":[{"billed_charge":8010.89,"npi":[1023214491,1609044569]}]}]}]},{"name":"MEDICAL\/SURGICAL SUPPLIES","billing_code_type":"RC","billing_code_type_version":"UB04","billing_code":"0270","description":"MEDICAL\/SURGICAL SUPPLIES","allowed_amounts":[{"tin":{"type":"ein","value":"261948844"},"service_code":["65"],"billing_class":"institutional","payments":[{"allowed_amount":4.05,"billing_code_modifier":[""],"providers":[{"billed_charge":135.24,"npi":[1023214491,1609044569]}]}]},{"tin":{"type":"ein","value":"261948844"},"service_code":["65"],"billing_class":"institutional","payments":[{"allowed_amount":4.71,"billing_code_modifier":[""],"providers":[{"billed_charge":135.24,"npi":[1023214491,1609044569]}]}]},{"tin":{"type":"ein","value":"261948844"},"service_code":["65"],"billing_class":"institutional","payments":[{"allowed_amount":4.87,"billing_code_modifier":[""],"providers":[{"billed_charge":135.24,"npi":[1023214491,1609044569]}]}]}]},{"name":"OFFICE\/OUTPATIENT ESTABLISHED LOW MDM 20-29 MIN","billing_code_type":"CPT","billing_code_type_version":"2020","billing_code":"99213","description":"OFFICE\/OUTPATIENT ESTABLISHED LOW MDM 20-29 MIN","allowed_amounts":[{"tin":{"type":"ein","value":"010816159"},"service_code":["11"],"billing_class":"professional","payments":[{"allowed_amount":66.11,"billing_code_modifier":[""],"providers":[{"billed_charge":110.00,"npi":[1336133677,1346825114,1871740233]}]}]},{"tin":{"type":"ein","value":"261531455"},"service_code":["22"],"billing_class":"professional","payments":[{"allowed_amount":66.11,"billing_code_modifier":[""],"providers":[{"billed_charge":161.00,"npi":[1356349245,1639518087,1992975775]}]}]},{"tin":{"type":"ein","value":"452716351"},"service_code":["20"],"billing_class":"professional","payments":[{"allowed_amount":66.11,"billing_code_modifier":[""],"providers":[{"billed_charge":200.00,"npi":[1053870576,1629560347]}]}]},{"tin":{"type":"ein","value":"720276883"},"service_code":["11"],"billing_class":"professional","payments":[{"allowed_amount":66.11,"billing_code_modifier":[""],"providers":[{"billed_charge":252.00,"npi":[1487677480,1538151428,1578707188]}]}]},{"tin":{"type":"ein","value":"720880080"},"service_code":["11"],"billing_class":"professional","payments":[{"allowed_amount":66.11,"billing_code_modifier":[""],"providers":[{"billed_charge":150.00,"npi":[1174732424,1457362899,1902064520]}]}]},{"tin":{"type":"ein","value":"721005645"},"service_code":["11"],"billing_class":"professional","payments":[{"allowed_amount":66.11,"billing_code_modifier":[""],"providers":[{"billed_charge":160.00,"npi":[1053352401,1235592262,1861701161]}]}]}]},{"name":"OFFICE\/OUTPATIENT ESTABLISHED MOD MDM 30-39 MIN","billing_code_type":"CPT","billing_code_type_version":"2020","billing_code":"99214","description":"OFFICE\/OUTPATIENT ESTABLISHED MOD MDM 30-39 MIN","allowed_amounts":[{"tin":{"type":"ein","value":"261531455"},"service_code":["22"],"billing_class":"professional","payments":[{"allowed_amount":96.62,"billing_code_modifier":[""],"providers":[{"billed_charge":236.00,"npi":[1225030570,1639518087,1992975775]}]}]},{"tin":{"type":"ein","value":"364774713"},"service_code":["22"],"billing_class":"professional","payments":[{"allowed_amount":123.47,"billing_code_modifier":[""],"providers":[{"billed_charge":195.00,"npi":[1013374222,1427536325,1821520115]}]}]},{"tin":{"type":"ein","value":"452419394"},"service_code":["11"],"billing_class":"professional","payments":[{"allowed_amount":123.47,"billing_code_modifier":[""],"providers":[{"billed_charge":245.00,"npi":[1427035211,1881639797]}]}]},{"tin":{"type":"ein","value":"462605366"},"service_code":["02","22"],"billing_class":"professional","payments":[{"allowed_amount":123.47,"billing_code_modifier":[""],"providers":[{"billed_charge":262.00,"npi":[1073919189,1437639242,1447637780,1639518087]}]}]},{"tin":{"type":"ein","value":"462605366"},"service_code":["22"],"billing_class":"professional","payments":[{"allowed_amount":96.62,"billing_code_modifier":[""],"providers":[{"billed_charge":262.00,"npi":[1063817062,1639518087,1770952798]}]}]},{"tin":{"type":"ein","value":"463767619"},"service_code":["11"],"billing_class":"professional","payments":[{"allowed_amount":123.47,"billing_code_modifier":[""],"providers":[{"billed_charge":210.00,"npi":[1124403001,1326598434]}]}]},{"tin":{"type":"ein","value":"720839724"},"service_code":["11"],"billing_class":"professional","payments":[{"allowed_amount":96.62,"billing_code_modifier":[""],"providers":[{"billed_charge":210.00,"npi":[1710944012,1730120809,1851855639]}]}]},{"tin":{"type":"ein","value":"720839724"},"service_code":["11"],"billing_class":"professional","payments":[{"allowed_amount":123.47,"billing_code_modifier":[""],"providers":[{"billed_charge":210.00,"npi":[1164889382,1710944012,1730120809]}]}]},{"tin":{"type":"ein","value":"720993441"},"service_code":["11"],"billing_class":"professional","payments":[{"allowed_amount":96.62,"billing_code_modifier":[""],"providers":[{"billed_charge":175.00,"npi":[1609894724,1982689113]}]}]},{"tin":{"type":"ein","value":"720993441"},"service_code":["11"],"billing_class":"professional","payments":[{"allowed_amount":123.47,"billing_code_modifier":[""],"providers":[{"billed_charge":175.00,"npi":[1609894724,1982689113]}]}]},{"tin":{"type":"ein","value":"721390581"},"service_code":["11"],"billing_class":"professional","payments":[{"allowed_amount":96.62,"billing_code_modifier":[""],"providers":[{"billed_charge":120.00,"npi":[1144221615,1710188610]}]}]},{"tin":{"type":"ein","value":"721485730"},"service_code":["11"],"billing_class":"professional","payments":[{"allowed_amount":123.47,"billing_code_modifier":[""],"providers":[{"billed_charge":175.00,"npi":[1083727838,1699792564]}]}]},{"tin":{"type":"ein","value":"824676679"},"service_code":["02","11"],"billing_class":"professional","payments":[{"allowed_amount":96.62,"billing_code_modifier":[""],"providers":[{"billed_charge":150.00,"npi":[1659762839,1689224321]}]}]},{"tin":{"type":"ein","value":"824676679"},"service_code":["11"],"billing_class":"professional","payments":[{"allowed_amount":123.47,"billing_code_modifier":[""],"providers":[{"billed_charge":150.00,"npi":[1659762839,1689224321]}]}]},{"tin":{"type":"ein","value":"830360451"},"service_code":["11"],"billing_class":"professional","payments":[{"allowed_amount":96.62,"billing_code_modifier":[""],"providers":[{"billed_charge":140.00,"npi":[1285958926,1326022252]}]}]}]},{"name":"SARS-COV-2 COVID-19 AMP PRB HTT","billing_code_type":"HCPCS","billing_code_type_version":"HCPCS LEVEL II 2021","billing_code":"U0003","description":"SARS-COV-2 COVID-19 AMP PRB HTT","allowed_amounts":[{"tin":{"type":"ein","value":"472462178"},"service_code":["81"],"billing_class":"professional","payments":[{"allowed_amount":93.75,"billing_code_modifier":[""],"providers":[{"billed_charge":250.00,"npi":[1144731605,1639311509]}]}]},{"tin":{"type":"ein","value":"854273958"},"service_code":["81"],"billing_class":"professional","payments":[{"allowed_amount":93.75,"billing_code_modifier":[""],"providers":[{"billed_charge":115.00,"npi":[1144987744,1780991869]}]}]}]}]}
