{"reporting_entity_name": "IEC Group_DBA AmeriBen",
	"reporting_entity_type": "Third Party Administrator",
	"plan_name": "BASHAS' WELFARE BENEFIT PLAN",
	"plan_id_type": "ein",
	"plan_id": "860110430",
	"plan_market_type": "group",
	"last_updated_on": "2023-04-03","Version": "1.0.0","out_of_network":[{"name":"DRUGS REQUIRE SPECIFIC ID: DRUGS REQUIRING DETAIL","billing_code_type":"RC","billing_code_type_version":"UB04","billing_code":"0636","description":"DRUGS REQUIRE SPECIFIC ID: DRUGS REQUIRING DETAIL","allowed_amounts":[{"tin":{"type":"ein","value":"042977283"},"service_code":["65"],"billing_class":"institutional","payments":[{"allowed_amount":6.82,"billing_code_modifier":[""],"providers":[{"billed_charge":210.45,"npi":[1578947636,1851377139]}]}]},{"tin":{"type":"ein","value":"042977283"},"service_code":["65"],"billing_class":"institutional","payments":[{"allowed_amount":7.92,"billing_code_modifier":[""],"providers":[{"billed_charge":210.45,"npi":[1578947636,1851377139]}]}]},{"tin":{"type":"ein","value":"042977283"},"service_code":["65"],"billing_class":"institutional","payments":[{"allowed_amount":7.98,"billing_code_modifier":[""],"providers":[{"billed_charge":210.45,"npi":[1578947636,1851377139]}]}]}]},{"name":"HEMO OPD\/HOME: HEMODIALYSIS COMP OR OTHER RATE","billing_code_type":"RC","billing_code_type_version":"UB04","billing_code":"0821","description":"HEMO OPD\/HOME: HEMODIALYSIS COMP OR OTHER RATE","allowed_amounts":[{"tin":{"type":"ein","value":"042977283"},"service_code":["65"],"billing_class":"institutional","payments":[{"allowed_amount":259.60,"billing_code_modifier":[""],"providers":[{"billed_charge":8010.89,"npi":[1578947636,1851377139]}]}]},{"tin":{"type":"ein","value":"042977283"},"service_code":["65"],"billing_class":"institutional","payments":[{"allowed_amount":301.40,"billing_code_modifier":[""],"providers":[{"billed_charge":8010.89,"npi":[1578947636,1851377139]}]}]},{"tin":{"type":"ein","value":"042977283"},"service_code":["65"],"billing_class":"institutional","payments":[{"allowed_amount":303.42,"billing_code_modifier":[""],"providers":[{"billed_charge":8010.89,"npi":[1578947636,1851377139]}]}]},{"tin":{"type":"ein","value":"042977283"},"service_code":["65"],"billing_class":"institutional","payments":[{"allowed_amount":315.66,"billing_code_modifier":[""],"providers":[{"billed_charge":8010.89,"npi":[1538661483,1780713032]}]}]}]},{"name":"IA DET NA;SEV AC RES SYND SARS-COV-2 COVID-19","billing_code_type":"HCPCS","billing_code_type_version":"HCPCS LEVEL II 2021","billing_code":"U0005","description":"IA DET NA;SEV AC RES SYND SARS-COV-2 COVID-19","allowed_amounts":[{"tin":{"type":"ein","value":"362739571"},"service_code":["81"],"billing_class":"professional","payments":[{"allowed_amount":28.75,"billing_code_modifier":[""],"providers":[{"billed_charge":50.00,"npi":[1336757780,1609392208,1699309104]}]}]},{"tin":{"type":"ein","value":"472462178"},"service_code":["81"],"billing_class":"professional","payments":[{"allowed_amount":28.75,"billing_code_modifier":[""],"providers":[{"billed_charge":50.00,"npi":[1144731605,1639311509]}]}]},{"tin":{"type":"ein","value":"861213775"},"service_code":["81"],"billing_class":"professional","payments":[{"allowed_amount":28.75,"billing_code_modifier":[""],"providers":[{"billed_charge":60.00,"npi":[1831780402,1942278676]}]}]},{"tin":{"type":"ein","value":"872642408"},"service_code":["81"],"billing_class":"professional","payments":[{"allowed_amount":28.75,"billing_code_modifier":[""],"providers":[{"billed_charge":75.00,"npi":[1154089241,1326062597]}]}]}]},{"name":"IADNA SARS-COV-2 COVID-19 AMPLIFIED PROBE TQ","billing_code_type":"CPT","billing_code_type_version":"2020","billing_code":"87635","description":"IADNA SARS-COV-2 COVID-19 AMPLIFIED PROBE TQ","allowed_amounts":[{"tin":{"type":"ein","value":"361924025"},"service_code":["11","21"],"billing_class":"professional","payments":[{"allowed_amount":59.01,"billing_code_modifier":[""],"providers":[{"billed_charge":100.00,"npi":[1033125406,1043226426,1063428423,1215942545,1265444855,1316138225,1356356604,1689689911,1760774384,1801801154,1801806294,1891700126]}]}]}]},{"name":"INF AGT DET DNA\/RNA;SARS-COV-2 COVID-19 AMP P T","billing_code_type":"HCPCS","billing_code_type_version":"HCPCS LEVEL II 2021","billing_code":"U0003","description":"INF AGT DET DNA\/RNA;SARS-COV-2 COVID-19 AMP P T","allowed_amounts":[{"tin":{"type":"ein","value":"362739571"},"service_code":["81"],"billing_class":"professional","payments":[{"allowed_amount":86.25,"billing_code_modifier":[""],"providers":[{"billed_charge":187.50,"npi":[1326251695,1609392208,1841807492]},{"billed_charge":225.00,"npi":[1336757780,1609392208,1699309104]}]},{"allowed_amount":86.25,"billing_code_modifier":[""],"providers":[{"billed_charge":187.50,"npi":[1326251695,1609392208,1841807492]},{"billed_charge":225.00,"npi":[1336757780,1609392208,1699309104]}]}]},{"tin":{"type":"ein","value":"362739571"},"service_code":["81"],"billing_class":"professional","payments":[{"allowed_amount":86.25,"billing_code_modifier":[""],"providers":[{"billed_charge":187.50,"npi":[1326251695,1609392208,1841807492]},{"billed_charge":225.00,"npi":[1336757780,1609392208,1699309104]}]},{"allowed_amount":86.25,"billing_code_modifier":[""],"providers":[{"billed_charge":187.50,"npi":[1326251695,1609392208,1841807492]},{"billed_charge":225.00,"npi":[1336757780,1609392208,1699309104]}]}]},{"tin":{"type":"ein","value":"472462178"},"service_code":["81"],"billing_class":"professional","payments":[{"allowed_amount":86.25,"billing_code_modifier":[""],"providers":[{"billed_charge":250.00,"npi":[1144731605,1639311509]}]}]},{"tin":{"type":"ein","value":"473727159"},"service_code":["81"],"billing_class":"professional","payments":[{"allowed_amount":86.25,"billing_code_modifier":[""],"providers":[{"billed_charge":125.00,"npi":[1164095808,1376733758,1912521568]}]}]},{"tin":{"type":"ein","value":"621433252"},"service_code":["81"],"billing_class":"professional","payments":[{"allowed_amount":86.25,"billing_code_modifier":[""],"providers":[{"billed_charge":125.00,"npi":[1083703045,1689639544]}]}]},{"tin":{"type":"ein","value":"830814475"},"service_code":["81"],"billing_class":"professional","payments":[{"allowed_amount":86.25,"billing_code_modifier":[""],"providers":[{"billed_charge":100.00,"npi":[1083232177,1174009245]}]}]},{"tin":{"type":"ein","value":"852364612"},"service_code":["81"],"billing_class":"professional","payments":[{"allowed_amount":86.25,"billing_code_modifier":[""],"providers":[{"billed_charge":225.00,"npi":[1740685387,1790386746]}]}]},{"tin":{"type":"ein","value":"861213775"},"service_code":["81"],"billing_class":"professional","payments":[{"allowed_amount":86.25,"billing_code_modifier":[""],"providers":[{"billed_charge":190.00,"npi":[1831780402,1942278676]}]}]},{"tin":{"type":"ein","value":"872642408"},"service_code":["81"],"billing_class":"professional","payments":[{"allowed_amount":86.25,"billing_code_modifier":[""],"providers":[{"billed_charge":325.00,"npi":[1154089241,1326062597]}]}]},{"tin":{"type":"ein","value":"880241758"},"service_code":["81"],"billing_class":"professional","payments":[{"allowed_amount":86.25,"billing_code_modifier":[""],"providers":[{"billed_charge":100.00,"npi":[1124417357,1801806294]}]}]}]},{"name":"MEDICAL\/SURGICAL SUPPLIES","billing_code_type":"RC","billing_code_type_version":"UB04","billing_code":"0270","description":"MEDICAL\/SURGICAL SUPPLIES","allowed_amounts":[{"tin":{"type":"ein","value":"042977283"},"service_code":["65"],"billing_class":"institutional","payments":[{"allowed_amount":4.38,"billing_code_modifier":[""],"providers":[{"billed_charge":135.24,"npi":[1578947636,1851377139]}]}]},{"tin":{"type":"ein","value":"042977283"},"service_code":["65"],"billing_class":"institutional","payments":[{"allowed_amount":5.09,"billing_code_modifier":[""],"providers":[{"billed_charge":135.24,"npi":[1578947636,1851377139]}]}]},{"tin":{"type":"ein","value":"042977283"},"service_code":["65"],"billing_class":"institutional","payments":[{"allowed_amount":5.12,"billing_code_modifier":[""],"providers":[{"billed_charge":135.24,"npi":[1578947636,1851377139]}]}]}]},{"name":"OFFICE\/OUTPATIENT ESTABLISHED LOW MDM 20-29 MIN","billing_code_type":"CPT","billing_code_type_version":"2020","billing_code":"99213","description":"OFFICE\/OUTPATIENT ESTABLISHED LOW MDM 20-29 MIN","allowed_amounts":[{"tin":{"type":"ein","value":"030485872"},"service_code":["11"],"billing_class":"professional","payments":[{"allowed_amount":102.83,"billing_code_modifier":[""],"providers":[{"billed_charge":146.00,"npi":[1619068681]}]}]},{"tin":{"type":"ein","value":"201778316"},"service_code":["11"],"billing_class":"professional","payments":[{"allowed_amount":102.83,"billing_code_modifier":[""],"providers":[{"billed_charge":224.58,"npi":[1396765293,1427095801,1932783750]}]}]},{"tin":{"type":"ein","value":"820733301"},"service_code":["11"],"billing_class":"professional","payments":[{"allowed_amount":102.83,"billing_code_modifier":[""],"providers":[{"billed_charge":147.00,"npi":[1023546082,1336383330]}]}]},{"tin":{"type":"ein","value":"860212139"},"service_code":["22"],"billing_class":"professional","payments":[{"allowed_amount":102.83,"billing_code_modifier":[""],"providers":[{"billed_charge":221.00,"npi":[1073839155,1184738049,1205098902,1215112545,1710375621,1962568196]}]}]},{"tin":{"type":"ein","value":"860719852"},"service_code":["22"],"billing_class":"professional","payments":[{"allowed_amount":102.83,"billing_code_modifier":[""],"providers":[{"billed_charge":116.80,"npi":[1477615789,1568532562]}]}]},{"tin":{"type":"ein","value":"860719858"},"service_code":["22"],"billing_class":"professional","payments":[{"allowed_amount":102.83,"billing_code_modifier":[""],"providers":[{"billed_charge":116.00,"npi":[1023171824,1114113263,1144270554,1336401538,1346397981,1396761565,1588848543,1750542288,1851610745]}]}]},{"tin":{"type":"ein","value":"860783428"},"service_code":["11"],"billing_class":"professional","payments":[{"allowed_amount":102.83,"billing_code_modifier":[""],"providers":[{"billed_charge":182.00,"npi":[1760441141,1831126044]}]}]},{"tin":{"type":"ein","value":"860817397"},"service_code":["22"],"billing_class":"professional","payments":[{"allowed_amount":102.83,"billing_code_modifier":[""],"providers":[{"billed_charge":183.00,"npi":[1437138898]}]}]},{"tin":{"type":"ein","value":"860836890"},"service_code":["11"],"billing_class":"professional","payments":[{"allowed_amount":102.83,"billing_code_modifier":[""],"providers":[{"billed_charge":180.00,"npi":[1386840726,1548469273]}]}]},{"tin":{"type":"ein","value":"860919727"},"service_code":["11"],"billing_class":"professional","payments":[{"allowed_amount":102.83,"billing_code_modifier":[""],"providers":[{"billed_charge":297.00,"npi":[1184780355,1467565341,1972964807]}]}]}]},{"name":"OFFICE\/OUTPATIENT ESTABLISHED MOD MDM 30-39 MIN","billing_code_type":"CPT","billing_code_type_version":"2020","billing_code":"99214","description":"OFFICE\/OUTPATIENT ESTABLISHED MOD MDM 30-39 MIN","allowed_amounts":[{"tin":{"type":"ein","value":"010759902"},"service_code":["11"],"billing_class":"professional","payments":[{"allowed_amount":145.22,"billing_code_modifier":[""],"providers":[{"billed_charge":381.25,"npi":[1073281069,1740270750,1760514947]}]}]},{"tin":{"type":"ein","value":"203943524"},"service_code":["11"],"billing_class":"professional","payments":[{"allowed_amount":145.22,"billing_code_modifier":[""],"providers":[{"billed_charge":296.00,"npi":[1003833179,1023545084,1942300124]}]}]},{"tin":{"type":"ein","value":"208106540"},"service_code":["11"],"billing_class":"professional","payments":[{"allowed_amount":145.22,"billing_code_modifier":[""],"providers":[{"billed_charge":230.00,"npi":[1124667555,1295968162,1417459108]}]}]},{"tin":{"type":"ein","value":"371869324"},"service_code":["11"],"billing_class":"professional","payments":[{"allowed_amount":145.22,"billing_code_modifier":[""],"providers":[{"billed_charge":292.00,"npi":[1053810622,1831145796]}]}]},{"tin":{"type":"ein","value":"452402948"},"service_code":["11"],"billing_class":"professional","payments":[{"allowed_amount":145.22,"billing_code_modifier":[""],"providers":[{"billed_charge":395.00,"npi":[1053655043,1891874962]}]}]},{"tin":{"type":"ein","value":"455337737"},"service_code":["11"],"billing_class":"professional","payments":[{"allowed_amount":145.22,"billing_code_modifier":[""],"providers":[{"billed_charge":322.00,"npi":[1962463844]}]}]},{"tin":{"type":"ein","value":"461829131"},"service_code":["11"],"billing_class":"professional","payments":[{"allowed_amount":145.22,"billing_code_modifier":[""],"providers":[{"billed_charge":159.39,"npi":[1073784724,1194308718,1285106872,1295899359]}]}]},{"tin":{"type":"ein","value":"621816823"},"service_code":["11"],"billing_class":"professional","payments":[{"allowed_amount":145.22,"billing_code_modifier":[""],"providers":[{"billed_charge":274.00,"npi":[1285727859,1912979964]}]}]},{"tin":{"type":"ein","value":"860212139"},"service_code":["22"],"billing_class":"professional","payments":[{"allowed_amount":145.22,"billing_code_modifier":[""],"providers":[{"billed_charge":322.00,"npi":[1184738049,1639431877,1710375621]}]}]},{"tin":{"type":"ein","value":"860214457"},"service_code":["53"],"billing_class":"professional","payments":[{"allowed_amount":145.22,"billing_code_modifier":[""],"providers":[{"billed_charge":157.09,"npi":[1316023864,1841286820,1922275692]}]}]},{"tin":{"type":"ein","value":"860285857"},"service_code":["11"],"billing_class":"professional","payments":[{"allowed_amount":145.22,"billing_code_modifier":[""],"providers":[{"billed_charge":213.00,"npi":[1487602736,1518346253,1639664519,1831821156]}]}]},{"tin":{"type":"ein","value":"860498020"},"service_code":["11"],"billing_class":"professional","payments":[{"allowed_amount":145.22,"billing_code_modifier":[""],"providers":[{"billed_charge":306.50,"npi":[1083202592,1558308825]}]}]},{"tin":{"type":"ein","value":"860719854"},"service_code":["11"],"billing_class":"professional","payments":[{"allowed_amount":145.22,"billing_code_modifier":[""],"providers":[{"billed_charge":221.00,"npi":[1174692529,1912423302]}]}]},{"tin":{"type":"ein","value":"860719858"},"service_code":["22"],"billing_class":"professional","payments":[{"allowed_amount":145.22,"billing_code_modifier":[""],"providers":[{"billed_charge":167.00,"npi":[1013919257,1396761565]}]}]},{"tin":{"type":"ein","value":"860817397"},"service_code":["22"],"billing_class":"professional","payments":[{"allowed_amount":145.22,"billing_code_modifier":[""],"providers":[{"billed_charge":269.00,"npi":[1518458389]}]}]},{"tin":{"type":"ein","value":"860879817"},"service_code":["11"],"billing_class":"professional","payments":[{"allowed_amount":145.22,"billing_code_modifier":[""],"providers":[{"billed_charge":170.00,"npi":[1619209392,1669509568]}]}]},{"tin":{"type":"ein","value":"880377821"},"service_code":["11"],"billing_class":"professional","payments":[{"allowed_amount":145.22,"billing_code_modifier":[""],"providers":[{"billed_charge":160.00,"npi":[1205994761,1477746030,1528126133]}]}]}]},{"name":"PSYCHIATRIC\/PSYCHOLOGICAL TRT: INTENSIVE OUTPATIEN","billing_code_type":"RC","billing_code_type_version":"UB04","billing_code":"0905","description":"PSYCHIATRIC\/PSYCHOLOGICAL TRT: INTENSIVE OUTPATIEN","allowed_amounts":[{"tin":{"type":"ein","value":"352250273"},"service_code":["22"],"billing_class":"institutional","payments":[{"allowed_amount":84.78,"billing_code_modifier":[""],"providers":[{"billed_charge":800.00,"npi":[1124175021,1124301833]}]}]}]},{"name":"RADIOLOGIC EXAM ABDOMEN 1 VIEW","billing_code_type":"CPT","billing_code_type_version":"2020","billing_code":"74018","description":"RADIOLOGIC EXAM ABDOMEN 1 VIEW","allowed_amounts":[{"tin":{"type":"ein","value":"208106540"},"service_code":["21","23"],"billing_class":"professional","payments":[{"allowed_amount":11.17,"billing_code_modifier":[""],"providers":[{"billed_charge":24.00,"npi":[1013448943,1073576740,1154775666,1275171696,1336589878,1376590679,1427496405]}]}]},{"tin":{"type":"ein","value":"845116186"},"service_code":["21"],"billing_class":"professional","payments":[{"allowed_amount":11.17,"billing_code_modifier":[""],"providers":[{"billed_charge":126.00,"npi":[1033745708,1194846345,1225491558,1275713703,1396132437,1972139004]}]}]}]},{"name":"RADIOLOGIC EXAM CHEST 2 VIEWS","billing_code_type":"CPT","billing_code_type_version":"2020","billing_code":"71046","description":"RADIOLOGIC EXAM CHEST 2 VIEWS","allowed_amounts":[{"tin":{"type":"ein","value":"845116186"},"service_code":["19","21","23"],"billing_class":"professional","payments":[{"allowed_amount":12.62,"billing_code_modifier":[""],"providers":[{"billed_charge":147.00,"npi":[1033498373,1033745708,1063805158,1326425463,1376797084,1396773073,1487815221,1518082411,1558350264,1598134892,1679013692,1770690695,1912163791]}]}]}]},{"name":"RADIOLOGIC EXAM CHEST SINGLE VIEW","billing_code_type":"CPT","billing_code_type_version":"2020","billing_code":"71045","description":"RADIOLOGIC EXAM CHEST SINGLE VIEW","allowed_amounts":[{"tin":{"type":"ein","value":"208106540"},"service_code":["21"],"billing_class":"professional","payments":[{"allowed_amount":10.77,"billing_code_modifier":[""],"providers":[{"billed_charge":24.00,"npi":[1013448943,1073576740,1154775666,1295083889,1376590679,1427496405,1942739560]}]}]},{"tin":{"type":"ein","value":"845116186"},"service_code":["21","22","23"],"billing_class":"professional","payments":[{"allowed_amount":10.11,"billing_code_modifier":[""],"providers":[{"billed_charge":126.00,"npi":[1003911561,1033745708,1164470621,1205801016,1265400154,1295185148,1326022732,1326022765,1356927271,1427383447,1437656410,1609865559,1629416458,1689791741,1730138751,1780761866,1790887222,1952644288]}]}]},{"tin":{"type":"ein","value":"845116186"},"service_code":["21","22","23"],"billing_class":"professional","payments":[{"allowed_amount":10.77,"billing_code_modifier":[""],"providers":[{"billed_charge":126.00,"npi":[1033281878,1033745708,1144883174,1154741478,1164470621,1164809471,1194846345,1205033248,1265063010,1275713703,1306821368,1316980584,1326022765,1346449626,1386743128,1396150132,1427599158,1447505839,1518377985,1558350264,1598114928,1598261208,1629416458,1720066657,1770690695,1851369706,1912434119,1942228093,1952369159,1972139004]}]}]}]},{"name":"RESIDENTIAL TREATMENT-PSYCHIATRIC","billing_code_type":"RC","billing_code_type_version":"UB04","billing_code":"1001","description":"RESIDENTIAL TREATMENT-PSYCHIATRIC","allowed_amounts":[{"tin":{"type":"ein","value":"464084325"},"service_code":["21"],"billing_class":"institutional","payments":[{"allowed_amount":1124.15,"billing_code_modifier":[""],"providers":[{"billed_charge":2645.00,"npi":[1790020303]}]}]}]},{"name":"SPEC CLCT FOR SARS-COV-2 COVID-19 ANY SPEC SRC","billing_code_type":"HCPCS","billing_code_type_version":"HCPCS LEVEL II 2021","billing_code":"G2023","description":"SPEC CLCT FOR SARS-COV-2 COVID-19 ANY SPEC SRC","allowed_amounts":[{"tin":{"type":"ein","value":"361924025"},"service_code":["11","21"],"billing_class":"professional","payments":[{"allowed_amount":26.98,"billing_code_modifier":[""],"providers":[{"billed_charge":28.99,"npi":[1033125406,1043226426,1063428423,1083629315,1114933520,1215942545,1265444855,1316138225,1356356604,1407861750,1437165891,1588679823,1679686075,1689689911,1760774384,1801801154,1801806294,1891700126]}]}]},{"tin":{"type":"ein","value":"871979881"},"service_code":["11"],"billing_class":"professional","payments":[{"allowed_amount":26.98,"billing_code_modifier":[""],"providers":[{"billed_charge":60.00,"npi":[1942278676,1962177022]}]}]},{"tin":{"type":"ein","value":"872642408"},"service_code":["81"],"billing_class":"professional","payments":[{"allowed_amount":26.98,"billing_code_modifier":[""],"providers":[{"billed_charge":75.00,"npi":[1154089241,1326062597]}]}]}]}]}
