{"reporting_entity_name": "IEC Group_DBA AmeriBen",
	"reporting_entity_type": "Third Party Administrator",
	"plan_name": "COLIBRI GROUP LLC",
	"issuer_name": "IEC Group_DBA AmeriBen",
	"plan_sponsor_name": "COLIBRI GROUP LLC",
	"plan_id_type": "ein",
	"plan_id": "834206861",
	"plan_market_type": "group",
	"last_updated_on": "2026-02-01","reporting_period": {
		"start_date": "2025-08-05",
		"end_date": "2025-11-03"
	},"version": "2.0.0","out_of_network":[{"name":"1ST HOSPITAL IP\/OBS CARE HIGH MDM 75 MINUTES","billing_code_type":"CPT","billing_code_type_version":"2020","billing_code":"99223","description":"1ST HOSPITAL IP\/OBS CARE HIGH MDM 75 MINUTES","allowed_amounts":[{"tin":{"type":"ein","value":"842323090"},"service_code":["21"],"billing_class":"professional","setting":"inpatient","payments":[{"allowed_amount":250.85,"providers":[{"billed_charge":5990.00,"npi":[1164042156,1649502287]}]}]}]},{"name":"3D RENDERING W\/INTERP&POSTPROC DIFF WORK STATION","billing_code_type":"CPT","billing_code_type_version":"2020","billing_code":"76377","description":"3D RENDERING W\/INTERP&POSTPROC DIFF WORK STATION","allowed_amounts":[{"tin":{"type":"ein","value":"271722191"},"service_code":["11"],"billing_class":"professional","setting":"outpatient","payments":[{"allowed_amount":0.00,"providers":[{"billed_charge":40.00,"npi":[1295250231,1730410978]}]}]}]},{"name":"ADJT TIS TRNSFR\/REARRGMT E\/N\/E\/L DFCT 10 SQ CM\/<","billing_code_type":"CPT","billing_code_type_version":"2020","billing_code":"14060","description":"ADJT TIS TRNSFR\/REARRGMT E\/N\/E\/L DFCT 10 SQ CM\/<","allowed_amounts":[{"tin":{"type":"ein","value":"812600136"},"service_code":["11"],"billing_class":"professional","setting":"outpatient","payments":[{"allowed_amount":335.75,"providers":[{"billed_charge":395.00,"npi":[1780902536]}]}]}]},{"name":"ADVANCED LIFE SUPPORT LEVEL 2","billing_code_type":"HCPCS","billing_code_type_version":"HCPCS LEVEL II 2021","billing_code":"A0433","description":"ADVANCED LIFE SUPPORT LEVEL 2","allowed_amounts":[{"tin":{"type":"ein","value":"116000351"},"service_code":["41"],"billing_class":"professional","setting":"outpatient","payments":[{"allowed_amount":327.38,"providers":[{"billed_charge":2500.00,"npi":[1053370411]}]}]}]},{"name":"AMB SERVICE BLS NONEMERG TRANSPORT","billing_code_type":"HCPCS","billing_code_type_version":"HCPCS LEVEL II 2021","billing_code":"A0428","description":"AMB SERVICE BLS NONEMERG TRANSPORT","allowed_amounts":[{"tin":{"type":"ein","value":"452538975"},"service_code":["41"],"billing_class":"professional","setting":"outpatient","payments":[{"allowed_amount":493.98,"providers":[{"billed_charge":1500.00,"npi":[1083912554]}]}]},{"tin":{"type":"ein","value":"760517401"},"service_code":["41"],"billing_class":"professional","setting":"outpatient","payments":[{"allowed_amount":493.98,"providers":[{"billed_charge":800.00,"npi":[1205899374]}]}]}]},{"name":"ANESTHESIA COMBINED UPPER&LOWER GI ENDOSCOPIC PX","billing_code_type":"CPT","billing_code_type_version":"2020","billing_code":"00813","description":"ANESTHESIA COMBINED UPPER&LOWER GI ENDOSCOPIC PX","allowed_amounts":[{"tin":{"type":"ein","value":"430653611"},"service_code":["19"],"billing_class":"professional","setting":"outpatient","payments":[{"allowed_amount":397.92,"providers":[{"billed_charge":950.00,"npi":[1528005642,1699734582,1710285291]}]}]}]},{"name":"ASSAY OF PARATHORMONE","billing_code_type":"CPT","billing_code_type_version":"2020","billing_code":"83970","description":"ASSAY OF PARATHORMONE","allowed_amounts":[{"tin":{"type":"ein","value":"392744382"},"service_code":["22"],"billing_class":"professional","setting":"outpatient","payments":[{"allowed_amount":0.00,"providers":[{"billed_charge":41.00,"npi":[1023505005,1487542072,1992861207]}]}]}]},{"name":"CALCIUM TOTAL","billing_code_type":"CPT","billing_code_type_version":"2020","billing_code":"82310","description":"CALCIUM TOTAL","allowed_amounts":[{"tin":{"type":"ein","value":"392744382"},"service_code":["22"],"billing_class":"professional","setting":"outpatient","payments":[{"allowed_amount":0.00,"providers":[{"billed_charge":24.00,"npi":[1023505005,1487542072,1992861207]},{"billed_charge":48.00,"npi":[1023505005,1487542072,1992861207]}]},{"allowed_amount":0.00,"providers":[{"billed_charge":24.00,"npi":[1023505005,1487542072,1992861207]},{"billed_charge":48.00,"npi":[1023505005,1487542072,1992861207]}]}]},{"tin":{"type":"ein","value":"392744382"},"service_code":["22"],"billing_class":"professional","setting":"outpatient","payments":[{"allowed_amount":0.00,"providers":[{"billed_charge":24.00,"npi":[1023505005,1487542072,1992861207]},{"billed_charge":48.00,"npi":[1023505005,1487542072,1992861207]}]},{"allowed_amount":0.00,"providers":[{"billed_charge":24.00,"npi":[1023505005,1487542072,1992861207]},{"billed_charge":48.00,"npi":[1023505005,1487542072,1992861207]}]}]}]},{"name":"CARCINOEMBRYONIC ANTIGEN CEA","billing_code_type":"CPT","billing_code_type_version":"2020","billing_code":"82378","description":"CARCINOEMBRYONIC ANTIGEN CEA","allowed_amounts":[{"tin":{"type":"ein","value":"753013577"},"service_code":["81"],"billing_class":"professional","setting":"outpatient","payments":[{"allowed_amount":13.27,"providers":[{"billed_charge":75.84,"npi":[1750816153,1982021564]}]}]}]},{"name":"CT MAXILLOFACIAL W\/O CONTRAST MATERIAL","billing_code_type":"CPT","billing_code_type_version":"2020","billing_code":"70486","description":"CT MAXILLOFACIAL W\/O CONTRAST MATERIAL","allowed_amounts":[{"tin":{"type":"ein","value":"271722191"},"service_code":["11"],"billing_class":"professional","setting":"outpatient","payments":[{"allowed_amount":202.00,"providers":[{"billed_charge":404.00,"npi":[1295250231,1730410978]}]}]},{"tin":{"type":"ein","value":"812600136"},"service_code":["11"],"billing_class":"professional","setting":"outpatient","payments":[{"allowed_amount":0.00,"providers":[{"billed_charge":250.00,"npi":[1780902536]}]}]},{"tin":{"type":"ein","value":"812600136"},"service_code":["11"],"billing_class":"professional","setting":"outpatient","payments":[{"allowed_amount":195.53,"providers":[{"billed_charge":695.00,"npi":[1780902536]}]}]}]},{"name":"CT SCAN: BODY","billing_code_type":"RC","billing_code_type_version":"UB04","billing_code":"0352","description":"CT SCAN: BODY","allowed_amounts":[{"tin":{"type":"ein","value":"596012065"},"billing_class":"institutional","setting":"inpatient","payments":[{"allowed_amount":0.00,"providers":[{"billed_charge":8535.56,"npi":[1174551147]}]}]}]},{"name":"CT SCAN: HEAD","billing_code_type":"RC","billing_code_type_version":"UB04","billing_code":"0351","description":"CT SCAN: HEAD","allowed_amounts":[{"tin":{"type":"ein","value":"814623955"},"billing_class":"institutional","setting":"inpatient","payments":[{"allowed_amount":0.00,"providers":[{"billed_charge":8855.00,"npi":[1154868503]},{"billed_charge":9416.00,"npi":[1154868503]}]},{"allowed_amount":0.00,"providers":[{"billed_charge":8855.00,"npi":[1154868503]},{"billed_charge":9416.00,"npi":[1154868503]}]}]},{"tin":{"type":"ein","value":"814623955"},"billing_class":"institutional","setting":"inpatient","payments":[{"allowed_amount":0.00,"providers":[{"billed_charge":8855.00,"npi":[1154868503]},{"billed_charge":9416.00,"npi":[1154868503]}]},{"allowed_amount":0.00,"providers":[{"billed_charge":8855.00,"npi":[1154868503]},{"billed_charge":9416.00,"npi":[1154868503]}]}]}]},{"name":"DETERMINATION REFRACTIVE STATE","billing_code_type":"CPT","billing_code_type_version":"2020","billing_code":"92015","description":"DETERMINATION REFRACTIVE STATE","allowed_amounts":[{"tin":{"type":"ein","value":"844466087"},"service_code":["11"],"billing_class":"professional","setting":"outpatient","payments":[{"allowed_amount":10.00,"providers":[{"billed_charge":50.00,"npi":[1215161153,1558992578]}]}]}]},{"name":"DIAGNOSTIC COMPUTED TOMOGRAPHY THORAX W\/O CNTRST","billing_code_type":"CPT","billing_code_type_version":"2020","billing_code":"71250","description":"DIAGNOSTIC COMPUTED TOMOGRAPHY THORAX W\/O CNTRST","allowed_amounts":[{"tin":{"type":"ein","value":"941724925"},"service_code":["22"],"billing_class":"professional","setting":"outpatient","payments":[{"allowed_amount":43.42,"providers":[{"billed_charge":312.00,"npi":[1396087672,1508256868,1992747547]}]}]}]},{"name":"DR TST DEFIN DR ID M P D 1-7 DR CL","billing_code_type":"HCPCS","billing_code_type_version":"HCPCS LEVEL II 2021","billing_code":"G0480","description":"DR TST DEFIN DR ID M P D 1-7 DR CL","allowed_amounts":[{"tin":{"type":"ein","value":"850734712"},"service_code":["81"],"billing_class":"professional","setting":"outpatient","payments":[{"allowed_amount":27.18,"providers":[{"billed_charge":336.00,"npi":[1154644870,1942825633]}]}]}]},{"name":"DRUG TST PRSMV INSTRMNT CHEM ANALYZERS PR DATE","billing_code_type":"CPT","billing_code_type_version":"2020","billing_code":"80307","description":"DRUG TST PRSMV INSTRMNT CHEM ANALYZERS PR DATE","allowed_amounts":[{"tin":{"type":"ein","value":"850734712"},"service_code":["81"],"billing_class":"professional","setting":"outpatient","payments":[{"allowed_amount":24.42,"providers":[{"billed_charge":186.00,"npi":[1154644870,1942825633]}]}]}]},{"name":"DRUGS REQUIRE SPECIFIC ID: DRUGS REQUIRING DETAIL","billing_code_type":"RC","billing_code_type_version":"UB04","billing_code":"0636","description":"DRUGS REQUIRE SPECIFIC ID: DRUGS REQUIRING DETAIL","allowed_amounts":[{"tin":{"type":"ein","value":"596012065"},"billing_class":"institutional","setting":"inpatient","payments":[{"allowed_amount":0.00,"providers":[{"billed_charge":31.50,"npi":[1174551147]}]}]},{"tin":{"type":"ein","value":"814623955"},"billing_class":"institutional","setting":"inpatient","payments":[{"allowed_amount":0.00,"providers":[{"billed_charge":16.25,"npi":[1154868503]},{"billed_charge":45.52,"npi":[1154868503]},{"billed_charge":65.06,"npi":[1154868503]},{"billed_charge":80.63,"npi":[1154868503]},{"billed_charge":537.00,"npi":[1154868503]},{"billed_charge":1118.50,"npi":[1154868503]}]},{"allowed_amount":0.00,"providers":[{"billed_charge":16.25,"npi":[1154868503]},{"billed_charge":45.52,"npi":[1154868503]},{"billed_charge":65.06,"npi":[1154868503]},{"billed_charge":80.63,"npi":[1154868503]},{"billed_charge":537.00,"npi":[1154868503]},{"billed_charge":1118.50,"npi":[1154868503]}]},{"allowed_amount":0.00,"providers":[{"billed_charge":16.25,"npi":[1154868503]},{"billed_charge":45.52,"npi":[1154868503]},{"billed_charge":65.06,"npi":[1154868503]},{"billed_charge":80.63,"npi":[1154868503]},{"billed_charge":537.00,"npi":[1154868503]},{"billed_charge":1118.50,"npi":[1154868503]}]},{"allowed_amount":0.00,"providers":[{"billed_charge":16.25,"npi":[1154868503]},{"billed_charge":45.52,"npi":[1154868503]},{"billed_charge":65.06,"npi":[1154868503]},{"billed_charge":80.63,"npi":[1154868503]},{"billed_charge":537.00,"npi":[1154868503]},{"billed_charge":1118.50,"npi":[1154868503]}]},{"allowed_amount":0.00,"providers":[{"billed_charge":16.25,"npi":[1154868503]},{"billed_charge":45.52,"npi":[1154868503]},{"billed_charge":65.06,"npi":[1154868503]},{"billed_charge":80.63,"npi":[1154868503]},{"billed_charge":537.00,"npi":[1154868503]},{"billed_charge":1118.50,"npi":[1154868503]}]},{"allowed_amount":0.00,"providers":[{"billed_charge":16.25,"npi":[1154868503]},{"billed_charge":45.52,"npi":[1154868503]},{"billed_charge":65.06,"npi":[1154868503]},{"billed_charge":80.63,"npi":[1154868503]},{"billed_charge":537.00,"npi":[1154868503]},{"billed_charge":1118.50,"npi":[1154868503]}]}]},{"tin":{"type":"ein","value":"814623955"},"billing_class":"institutional","setting":"inpatient","payments":[{"allowed_amount":0.00,"providers":[{"billed_charge":16.25,"npi":[1154868503]},{"billed_charge":45.52,"npi":[1154868503]},{"billed_charge":65.06,"npi":[1154868503]},{"billed_charge":80.63,"npi":[1154868503]},{"billed_charge":537.00,"npi":[1154868503]},{"billed_charge":1118.50,"npi":[1154868503]}]},{"allowed_amount":0.00,"providers":[{"billed_charge":16.25,"npi":[1154868503]},{"billed_charge":45.52,"npi":[1154868503]},{"billed_charge":65.06,"npi":[1154868503]},{"billed_charge":80.63,"npi":[1154868503]},{"billed_charge":537.00,"npi":[1154868503]},{"billed_charge":1118.50,"npi":[1154868503]}]},{"allowed_amount":0.00,"providers":[{"billed_charge":16.25,"npi":[1154868503]},{"billed_charge":45.52,"npi":[1154868503]},{"billed_charge":65.06,"npi":[1154868503]},{"billed_charge":80.63,"npi":[1154868503]},{"billed_charge":537.00,"npi":[1154868503]},{"billed_charge":1118.50,"npi":[1154868503]}]},{"allowed_amount":0.00,"providers":[{"billed_charge":16.25,"npi":[1154868503]},{"billed_charge":45.52,"npi":[1154868503]},{"billed_charge":65.06,"npi":[1154868503]},{"billed_charge":80.63,"npi":[1154868503]},{"billed_charge":537.00,"npi":[1154868503]},{"billed_charge":1118.50,"npi":[1154868503]}]},{"allowed_amount":0.00,"providers":[{"billed_charge":16.25,"npi":[1154868503]},{"billed_charge":45.52,"npi":[1154868503]},{"billed_charge":65.06,"npi":[1154868503]},{"billed_charge":80.63,"npi":[1154868503]},{"billed_charge":537.00,"npi":[1154868503]},{"billed_charge":1118.50,"npi":[1154868503]}]},{"allowed_amount":0.00,"providers":[{"billed_charge":16.25,"npi":[1154868503]},{"billed_charge":45.52,"npi":[1154868503]},{"billed_charge":65.06,"npi":[1154868503]},{"billed_charge":80.63,"npi":[1154868503]},{"billed_charge":537.00,"npi":[1154868503]},{"billed_charge":1118.50,"npi":[1154868503]}]}]},{"tin":{"type":"ein","value":"814623955"},"billing_class":"institutional","setting":"inpatient","payments":[{"allowed_amount":0.00,"providers":[{"billed_charge":16.25,"npi":[1154868503]},{"billed_charge":45.52,"npi":[1154868503]},{"billed_charge":65.06,"npi":[1154868503]},{"billed_charge":80.63,"npi":[1154868503]},{"billed_charge":537.00,"npi":[1154868503]},{"billed_charge":1118.50,"npi":[1154868503]}]},{"allowed_amount":0.00,"providers":[{"billed_charge":16.25,"npi":[1154868503]},{"billed_charge":45.52,"npi":[1154868503]},{"billed_charge":65.06,"npi":[1154868503]},{"billed_charge":80.63,"npi":[1154868503]},{"billed_charge":537.00,"npi":[1154868503]},{"billed_charge":1118.50,"npi":[1154868503]}]},{"allowed_amount":0.00,"providers":[{"billed_charge":16.25,"npi":[1154868503]},{"billed_charge":45.52,"npi":[1154868503]},{"billed_charge":65.06,"npi":[1154868503]},{"billed_charge":80.63,"npi":[1154868503]},{"billed_charge":537.00,"npi":[1154868503]},{"billed_charge":1118.50,"npi":[1154868503]}]},{"allowed_amount":0.00,"providers":[{"billed_charge":16.25,"npi":[1154868503]},{"billed_charge":45.52,"npi":[1154868503]},{"billed_charge":65.06,"npi":[1154868503]},{"billed_charge":80.63,"npi":[1154868503]},{"billed_charge":537.00,"npi":[1154868503]},{"billed_charge":1118.50,"npi":[1154868503]}]},{"allowed_amount":0.00,"providers":[{"billed_charge":16.25,"npi":[1154868503]},{"billed_charge":45.52,"npi":[1154868503]},{"billed_charge":65.06,"npi":[1154868503]},{"billed_charge":80.63,"npi":[1154868503]},{"billed_charge":537.00,"npi":[1154868503]},{"billed_charge":1118.50,"npi":[1154868503]}]},{"allowed_amount":0.00,"providers":[{"billed_charge":16.25,"npi":[1154868503]},{"billed_charge":45.52,"npi":[1154868503]},{"billed_charge":65.06,"npi":[1154868503]},{"billed_charge":80.63,"npi":[1154868503]},{"billed_charge":537.00,"npi":[1154868503]},{"billed_charge":1118.50,"npi":[1154868503]}]}]},{"tin":{"type":"ein","value":"814623955"},"billing_class":"institutional","setting":"inpatient","payments":[{"allowed_amount":0.00,"providers":[{"billed_charge":16.25,"npi":[1154868503]},{"billed_charge":45.52,"npi":[1154868503]},{"billed_charge":65.06,"npi":[1154868503]},{"billed_charge":80.63,"npi":[1154868503]},{"billed_charge":537.00,"npi":[1154868503]},{"billed_charge":1118.50,"npi":[1154868503]}]},{"allowed_amount":0.00,"providers":[{"billed_charge":16.25,"npi":[1154868503]},{"billed_charge":45.52,"npi":[1154868503]},{"billed_charge":65.06,"npi":[1154868503]},{"billed_charge":80.63,"npi":[1154868503]},{"billed_charge":537.00,"npi":[1154868503]},{"billed_charge":1118.50,"npi":[1154868503]}]},{"allowed_amount":0.00,"providers":[{"billed_charge":16.25,"npi":[1154868503]},{"billed_charge":45.52,"npi":[1154868503]},{"billed_charge":65.06,"npi":[1154868503]},{"billed_charge":80.63,"npi":[1154868503]},{"billed_charge":537.00,"npi":[1154868503]},{"billed_charge":1118.50,"npi":[1154868503]}]},{"allowed_amount":0.00,"providers":[{"billed_charge":16.25,"npi":[1154868503]},{"billed_charge":45.52,"npi":[1154868503]},{"billed_charge":65.06,"npi":[1154868503]},{"billed_charge":80.63,"npi":[1154868503]},{"billed_charge":537.00,"npi":[1154868503]},{"billed_charge":1118.50,"npi":[1154868503]}]},{"allowed_amount":0.00,"providers":[{"billed_charge":16.25,"npi":[1154868503]},{"billed_charge":45.52,"npi":[1154868503]},{"billed_charge":65.06,"npi":[1154868503]},{"billed_charge":80.63,"npi":[1154868503]},{"billed_charge":537.00,"npi":[1154868503]},{"billed_charge":1118.50,"npi":[1154868503]}]},{"allowed_amount":0.00,"providers":[{"billed_charge":16.25,"npi":[1154868503]},{"billed_charge":45.52,"npi":[1154868503]},{"billed_charge":65.06,"npi":[1154868503]},{"billed_charge":80.63,"npi":[1154868503]},{"billed_charge":537.00,"npi":[1154868503]},{"billed_charge":1118.50,"npi":[1154868503]}]}]},{"tin":{"type":"ein","value":"814623955"},"billing_class":"institutional","setting":"inpatient","payments":[{"allowed_amount":0.00,"providers":[{"billed_charge":16.25,"npi":[1154868503]},{"billed_charge":45.52,"npi":[1154868503]},{"billed_charge":65.06,"npi":[1154868503]},{"billed_charge":80.63,"npi":[1154868503]},{"billed_charge":537.00,"npi":[1154868503]},{"billed_charge":1118.50,"npi":[1154868503]}]},{"allowed_amount":0.00,"providers":[{"billed_charge":16.25,"npi":[1154868503]},{"billed_charge":45.52,"npi":[1154868503]},{"billed_charge":65.06,"npi":[1154868503]},{"billed_charge":80.63,"npi":[1154868503]},{"billed_charge":537.00,"npi":[1154868503]},{"billed_charge":1118.50,"npi":[1154868503]}]},{"allowed_amount":0.00,"providers":[{"billed_charge":16.25,"npi":[1154868503]},{"billed_charge":45.52,"npi":[1154868503]},{"billed_charge":65.06,"npi":[1154868503]},{"billed_charge":80.63,"npi":[1154868503]},{"billed_charge":537.00,"npi":[1154868503]},{"billed_charge":1118.50,"npi":[1154868503]}]},{"allowed_amount":0.00,"providers":[{"billed_charge":16.25,"npi":[1154868503]},{"billed_charge":45.52,"npi":[1154868503]},{"billed_charge":65.06,"npi":[1154868503]},{"billed_charge":80.63,"npi":[1154868503]},{"billed_charge":537.00,"npi":[1154868503]},{"billed_charge":1118.50,"npi":[1154868503]}]},{"allowed_amount":0.00,"providers":[{"billed_charge":16.25,"npi":[1154868503]},{"billed_charge":45.52,"npi":[1154868503]},{"billed_charge":65.06,"npi":[1154868503]},{"billed_charge":80.63,"npi":[1154868503]},{"billed_charge":537.00,"npi":[1154868503]},{"billed_charge":1118.50,"npi":[1154868503]}]},{"allowed_amount":0.00,"providers":[{"billed_charge":16.25,"npi":[1154868503]},{"billed_charge":45.52,"npi":[1154868503]},{"billed_charge":65.06,"npi":[1154868503]},{"billed_charge":80.63,"npi":[1154868503]},{"billed_charge":537.00,"npi":[1154868503]},{"billed_charge":1118.50,"npi":[1154868503]}]}]},{"tin":{"type":"ein","value":"814623955"},"billing_class":"institutional","setting":"inpatient","payments":[{"allowed_amount":0.00,"providers":[{"billed_charge":16.25,"npi":[1154868503]},{"billed_charge":45.52,"npi":[1154868503]},{"billed_charge":65.06,"npi":[1154868503]},{"billed_charge":80.63,"npi":[1154868503]},{"billed_charge":537.00,"npi":[1154868503]},{"billed_charge":1118.50,"npi":[1154868503]}]},{"allowed_amount":0.00,"providers":[{"billed_charge":16.25,"npi":[1154868503]},{"billed_charge":45.52,"npi":[1154868503]},{"billed_charge":65.06,"npi":[1154868503]},{"billed_charge":80.63,"npi":[1154868503]},{"billed_charge":537.00,"npi":[1154868503]},{"billed_charge":1118.50,"npi":[1154868503]}]},{"allowed_amount":0.00,"providers":[{"billed_charge":16.25,"npi":[1154868503]},{"billed_charge":45.52,"npi":[1154868503]},{"billed_charge":65.06,"npi":[1154868503]},{"billed_charge":80.63,"npi":[1154868503]},{"billed_charge":537.00,"npi":[1154868503]},{"billed_charge":1118.50,"npi":[1154868503]}]},{"allowed_amount":0.00,"providers":[{"billed_charge":16.25,"npi":[1154868503]},{"billed_charge":45.52,"npi":[1154868503]},{"billed_charge":65.06,"npi":[1154868503]},{"billed_charge":80.63,"npi":[1154868503]},{"billed_charge":537.00,"npi":[1154868503]},{"billed_charge":1118.50,"npi":[1154868503]}]},{"allowed_amount":0.00,"providers":[{"billed_charge":16.25,"npi":[1154868503]},{"billed_charge":45.52,"npi":[1154868503]},{"billed_charge":65.06,"npi":[1154868503]},{"billed_charge":80.63,"npi":[1154868503]},{"billed_charge":537.00,"npi":[1154868503]},{"billed_charge":1118.50,"npi":[1154868503]}]},{"allowed_amount":0.00,"providers":[{"billed_charge":16.25,"npi":[1154868503]},{"billed_charge":45.52,"npi":[1154868503]},{"billed_charge":65.06,"npi":[1154868503]},{"billed_charge":80.63,"npi":[1154868503]},{"billed_charge":537.00,"npi":[1154868503]},{"billed_charge":1118.50,"npi":[1154868503]}]}]}]},{"name":"EMERGENCY DEPARTMENT VISIT HIGH MDM","billing_code_type":"CPT","billing_code_type_version":"2020","billing_code":"99285","description":"EMERGENCY DEPARTMENT VISIT HIGH MDM","allowed_amounts":[{"tin":{"type":"ein","value":"475480999"},"service_code":["23"],"billing_class":"professional","setting":"outpatient","payments":[{"allowed_amount":564.86,"providers":[{"billed_charge":3522.00,"npi":[1053705566,1194180968,1346381415]}]}]}]},{"name":"EMERGENCY DEPARTMENT VISIT LOW MDM","billing_code_type":"CPT","billing_code_type_version":"2020","billing_code":"99283","description":"EMERGENCY DEPARTMENT VISIT LOW MDM","allowed_amounts":[{"tin":{"type":"ein","value":"454551946"},"service_code":["23"],"billing_class":"professional","setting":"outpatient","payments":[{"allowed_amount":116.06,"providers":[{"billed_charge":198.00,"npi":[1801450598]}]}]}]},{"name":"EMERGENCY DEPARTMENT VISIT MODERATE MDM","billing_code_type":"CPT","billing_code_type_version":"2020","billing_code":"99284","description":"EMERGENCY DEPARTMENT VISIT MODERATE MDM","allowed_amounts":[{"tin":{"type":"ein","value":"834114783"},"service_code":["23"],"billing_class":"professional","setting":"outpatient","payments":[{"allowed_amount":170.92,"providers":[{"billed_charge":2461.65,"npi":[1114489390,1598706384]}]}]},{"tin":{"type":"ein","value":"943302301"},"service_code":["23"],"billing_class":"professional","setting":"outpatient","payments":[{"allowed_amount":149.37,"providers":[{"billed_charge":1096.00,"npi":[1316938301,1447288345,1750012498]}]}]},{"tin":{"type":"ein","value":"943302301"},"service_code":["23"],"billing_class":"professional","setting":"outpatient","payments":[{"allowed_amount":165.54,"providers":[{"billed_charge":1096.00,"npi":[1285098384,1316938301,1447288345]}]}]}]},{"name":"EMERGENCY ROOM","billing_code_type":"RC","billing_code_type_version":"UB04","billing_code":"0450","description":"EMERGENCY ROOM","allowed_amounts":[{"tin":{"type":"ein","value":"596012065"},"billing_class":"institutional","setting":"inpatient","payments":[{"allowed_amount":2740.00,"providers":[{"billed_charge":3019.12,"npi":[1174551147]}]}]},{"tin":{"type":"ein","value":"814623955"},"billing_class":"institutional","setting":"inpatient","payments":[{"allowed_amount":5913.07,"providers":[{"billed_charge":4594.21,"npi":[1154868503]}]}]}]},{"name":"FRENOPLASTY SURG REVJ FRENUM EG W\/Z-PLASTY","billing_code_type":"CPT","billing_code_type_version":"2020","billing_code":"41520","description":"FRENOPLASTY SURG REVJ FRENUM EG W\/Z-PLASTY","allowed_amounts":[{"tin":{"type":"ein","value":"812600136"},"service_code":["11"],"billing_class":"professional","setting":"outpatient","payments":[{"allowed_amount":131.65,"providers":[{"billed_charge":1600.00,"npi":[1780902536]}]}]}]},{"name":"GRAFT BONE NASAL\/MAXILLARY\/MALAR AREAS","billing_code_type":"CPT","billing_code_type_version":"2020","billing_code":"21210","description":"GRAFT BONE NASAL\/MAXILLARY\/MALAR AREAS","allowed_amounts":[{"tin":{"type":"ein","value":"271722191"},"service_code":["11"],"billing_class":"professional","setting":"outpatient","payments":[{"allowed_amount":223.25,"providers":[{"billed_charge":893.00,"npi":[1295250231,1730410978]}]}]}]},{"name":"GROUND MILEAGE","billing_code_type":"HCPCS","billing_code_type_version":"HCPCS LEVEL II 2021","billing_code":"A0425","description":"GROUND MILEAGE","allowed_amounts":[{"tin":{"type":"ein","value":"116000351"},"service_code":["41"],"billing_class":"professional","setting":"outpatient","payments":[{"allowed_amount":15.54,"providers":[{"billed_charge":73.50,"npi":[1053370411]}]}]},{"tin":{"type":"ein","value":"452538975"},"service_code":["41"],"billing_class":"professional","setting":"outpatient","payments":[{"allowed_amount":232.00,"providers":[{"billed_charge":232.00,"npi":[1083912554]}]}]},{"tin":{"type":"ein","value":"760517401"},"service_code":["41"],"billing_class":"professional","setting":"outpatient","payments":[{"allowed_amount":15.00,"providers":[{"billed_charge":15.00,"npi":[1205899374]}]}]}]},{"name":"HEPATITIS B CORE ANTIBODY HBCAB IGM ANTIBODY","billing_code_type":"CPT","billing_code_type_version":"2020","billing_code":"86705","description":"HEPATITIS B CORE ANTIBODY HBCAB IGM ANTIBODY","allowed_amounts":[{"tin":{"type":"ein","value":"883107953"},"service_code":["22"],"billing_class":"professional","setting":"outpatient","payments":[{"allowed_amount":0.00,"providers":[{"billed_charge":25.00,"npi":[1235376963,1649998824,1841272820]}]}]}]},{"name":"HEPATITIS B SURF ANTIBODY HBSAB","billing_code_type":"CPT","billing_code_type_version":"2020","billing_code":"86706","description":"HEPATITIS B SURF ANTIBODY HBSAB","allowed_amounts":[{"tin":{"type":"ein","value":"883107953"},"service_code":["22"],"billing_class":"professional","setting":"outpatient","payments":[{"allowed_amount":0.00,"providers":[{"billed_charge":26.00,"npi":[1235376963,1649998824,1841272820]}]}]}]},{"name":"IAAD IA HIV-1 AG W\/HIV-1 & HIV-2 ANTBDY SINGLE","billing_code_type":"CPT","billing_code_type_version":"2020","billing_code":"87389","description":"IAAD IA HIV-1 AG W\/HIV-1 & HIV-2 ANTBDY SINGLE","allowed_amounts":[{"tin":{"type":"ein","value":"883107953"},"service_code":["22"],"billing_class":"professional","setting":"outpatient","payments":[{"allowed_amount":0.00,"providers":[{"billed_charge":26.00,"npi":[1235376963,1649998824,1841272820]}]}]}]},{"name":"IADNA CANDIDA SPECIES AMPLIFIED PROBE TQ","billing_code_type":"CPT","billing_code_type_version":"2020","billing_code":"87481","description":"IADNA CANDIDA SPECIES AMPLIFIED PROBE TQ","allowed_amounts":[{"tin":{"type":"ein","value":"334777680"},"service_code":["81"],"billing_class":"professional","setting":"outpatient","payments":[{"allowed_amount":64.12,"providers":[{"billed_charge":210.55,"npi":[1033527684,1558150078]}]}]},{"tin":{"type":"ein","value":"334777680"},"service_code":["81"],"billing_class":"professional","setting":"outpatient","payments":[{"allowed_amount":73.65,"providers":[{"billed_charge":210.55,"npi":[1255324703,1558150078]}]}]},{"tin":{"type":"ein","value":"334777680"},"service_code":["81"],"billing_class":"professional","setting":"outpatient","payments":[{"allowed_amount":82.33,"providers":[{"billed_charge":210.55,"npi":[1558150078,1881272938]}]}]},{"tin":{"type":"ein","value":"334777680"},"service_code":["81"],"billing_class":"professional","setting":"outpatient","payments":[{"allowed_amount":122.80,"providers":[{"billed_charge":210.55,"npi":[1285689232,1558150078]}]}]},{"tin":{"type":"ein","value":"851099688"},"service_code":["11"],"billing_class":"professional","setting":"outpatient","payments":[{"allowed_amount":14.73,"providers":[{"billed_charge":87.73,"npi":[1457977209,1588723704]}]}]}]},{"name":"IADNA CHLAMYDIA TRACHOMATIS AMPLIFIED PROBE TQ","billing_code_type":"CPT","billing_code_type_version":"2020","billing_code":"87491","description":"IADNA CHLAMYDIA TRACHOMATIS AMPLIFIED PROBE TQ","allowed_amounts":[{"tin":{"type":"ein","value":"851099688"},"service_code":["11"],"billing_class":"professional","setting":"outpatient","payments":[{"allowed_amount":14.73,"providers":[{"billed_charge":87.73,"npi":[1457977209,1588723704]}]}]}]},{"name":"IADNA CYTOMEGALOVIRUS AMPLIFIED PROBE TQ","billing_code_type":"CPT","billing_code_type_version":"2020","billing_code":"87496","description":"IADNA CYTOMEGALOVIRUS AMPLIFIED PROBE TQ","allowed_amounts":[{"tin":{"type":"ein","value":"851099688"},"service_code":["11"],"billing_class":"professional","setting":"outpatient","payments":[{"allowed_amount":14.73,"providers":[{"billed_charge":87.73,"npi":[1457977209,1588723704]}]}]}]},{"name":"IADNA GARDNERELLA VAGINALIS AMPLIFIED PROBE TQ","billing_code_type":"CPT","billing_code_type_version":"2020","billing_code":"87511","description":"IADNA GARDNERELLA VAGINALIS AMPLIFIED PROBE TQ","allowed_amounts":[{"tin":{"type":"ein","value":"851099688"},"service_code":["11"],"billing_class":"professional","setting":"outpatient","payments":[{"allowed_amount":14.73,"providers":[{"billed_charge":87.73,"npi":[1457977209,1588723704]}]}]}]},{"name":"IADNA HERPES SOMPLX VIRUS AMPLIFIED PROBE TQ","billing_code_type":"CPT","billing_code_type_version":"2020","billing_code":"87529","description":"IADNA HERPES SOMPLX VIRUS AMPLIFIED PROBE TQ","allowed_amounts":[{"tin":{"type":"ein","value":"334777680"},"service_code":["81"],"billing_class":"professional","setting":"outpatient","payments":[{"allowed_amount":25.66,"providers":[{"billed_charge":84.22,"npi":[1033527684,1558150078]}]}]},{"tin":{"type":"ein","value":"334777680"},"service_code":["81"],"billing_class":"professional","setting":"outpatient","payments":[{"allowed_amount":49.12,"providers":[{"billed_charge":84.22,"npi":[1285689232,1558150078]}]}]},{"tin":{"type":"ein","value":"851099688"},"service_code":["11"],"billing_class":"professional","setting":"outpatient","payments":[{"allowed_amount":0.00,"providers":[{"billed_charge":87.73,"npi":[1457977209,1588723704]}]}]},{"tin":{"type":"ein","value":"851099688"},"service_code":["11"],"billing_class":"professional","setting":"outpatient","payments":[{"allowed_amount":14.73,"providers":[{"billed_charge":87.73,"npi":[1457977209,1588723704]}]}]}]},{"name":"IADNA HUMAN PAPILLOMAVIRUS TYPES 16 & 18 ONLY","billing_code_type":"CPT","billing_code_type_version":"2020","billing_code":"87625","description":"IADNA HUMAN PAPILLOMAVIRUS TYPES 16 & 18 ONLY","allowed_amounts":[{"tin":{"type":"ein","value":"334777680"},"service_code":["81"],"billing_class":"professional","setting":"outpatient","payments":[{"allowed_amount":14.82,"providers":[{"billed_charge":48.66,"npi":[1033527684,1558150078]}]}]},{"tin":{"type":"ein","value":"334777680"},"service_code":["81"],"billing_class":"professional","setting":"outpatient","payments":[{"allowed_amount":28.39,"providers":[{"billed_charge":48.66,"npi":[1285689232,1558150078]}]}]}]},{"name":"IADNA MYCOBACTERIA TUBERCULOSIS AMP PRB","billing_code_type":"CPT","billing_code_type_version":"2020","billing_code":"87556","description":"IADNA MYCOBACTERIA TUBERCULOSIS AMP PRB","allowed_amounts":[{"tin":{"type":"ein","value":"334777680"},"service_code":["81"],"billing_class":"professional","setting":"outpatient","payments":[{"allowed_amount":12.83,"providers":[{"billed_charge":42.11,"npi":[1033527684,1558150078]}]}]},{"tin":{"type":"ein","value":"334777680"},"service_code":["81"],"billing_class":"professional","setting":"outpatient","payments":[{"allowed_amount":29.18,"providers":[{"billed_charge":42.11,"npi":[1285689232,1558150078]}]}]},{"tin":{"type":"ein","value":"851099688"},"service_code":["11"],"billing_class":"professional","setting":"outpatient","payments":[{"allowed_amount":14.73,"providers":[{"billed_charge":104.20,"npi":[1457977209,1588723704]}]}]}]},{"name":"IADNA MYCOPLASMA GENITALIUM AMPLIFIED PROBE TECH","billing_code_type":"CPT","billing_code_type_version":"2020","billing_code":"87563","description":"IADNA MYCOPLASMA GENITALIUM AMPLIFIED PROBE TECH","allowed_amounts":[{"tin":{"type":"ein","value":"334777680"},"service_code":["81"],"billing_class":"professional","setting":"outpatient","payments":[{"allowed_amount":12.83,"providers":[{"billed_charge":42.11,"npi":[1033527684,1558150078]}]}]},{"tin":{"type":"ein","value":"334777680"},"service_code":["81"],"billing_class":"professional","setting":"outpatient","payments":[{"allowed_amount":24.56,"providers":[{"billed_charge":42.11,"npi":[1285689232,1558150078]}]}]},{"tin":{"type":"ein","value":"851099688"},"service_code":["11"],"billing_class":"professional","setting":"outpatient","payments":[{"allowed_amount":11.93,"providers":[{"billed_charge":87.73,"npi":[1457977209,1588723704]}]}]}]},{"name":"IADNA NEISSERIA GONORRHOEAE AMPLIFIED PROBE TQ","billing_code_type":"CPT","billing_code_type_version":"2020","billing_code":"87591","description":"IADNA NEISSERIA GONORRHOEAE AMPLIFIED PROBE TQ","allowed_amounts":[{"tin":{"type":"ein","value":"334777680"},"service_code":["81"],"billing_class":"professional","setting":"outpatient","payments":[{"allowed_amount":12.83,"providers":[{"billed_charge":42.11,"npi":[1033527684,1558150078]}]}]},{"tin":{"type":"ein","value":"334777680"},"service_code":["81"],"billing_class":"professional","setting":"outpatient","payments":[{"allowed_amount":24.56,"providers":[{"billed_charge":42.11,"npi":[1285689232,1558150078]}]}]},{"tin":{"type":"ein","value":"851099688"},"service_code":["11"],"billing_class":"professional","setting":"outpatient","payments":[{"allowed_amount":14.73,"providers":[{"billed_charge":87.73,"npi":[1457977209,1588723704]}]}]}]},{"name":"IADNA NOS AMPLIFIED PROBE TQ EACH ORGANISM","billing_code_type":"CPT","billing_code_type_version":"2020","billing_code":"87798","description":"IADNA NOS AMPLIFIED PROBE TQ EACH ORGANISM","allowed_amounts":[{"tin":{"type":"ein","value":"334777680"},"service_code":["81"],"billing_class":"professional","setting":"outpatient","payments":[{"allowed_amount":214.02,"providers":[{"billed_charge":547.43,"npi":[1558150078,1881272938]}]}]},{"tin":{"type":"ein","value":"334777680"},"service_code":["81"],"billing_class":"professional","setting":"outpatient","payments":[{"allowed_amount":319.28,"providers":[{"billed_charge":547.43,"npi":[1285689232,1558150078]}]}]},{"tin":{"type":"ein","value":"851099688"},"service_code":["11"],"billing_class":"professional","setting":"outpatient","payments":[{"allowed_amount":14.73,"providers":[{"billed_charge":87.73,"npi":[1457977209,1588723704]}]}]}]},{"name":"IADNA S AUREUS AMPLIFIED PROBE TQ","billing_code_type":"CPT","billing_code_type_version":"2020","billing_code":"87640","description":"IADNA S AUREUS AMPLIFIED PROBE TQ","allowed_amounts":[{"tin":{"type":"ein","value":"851099688"},"service_code":["11"],"billing_class":"professional","setting":"outpatient","payments":[{"allowed_amount":14.73,"providers":[{"billed_charge":87.73,"npi":[1457977209,1588723704]}]}]}]},{"name":"IADNA S AUREUS METHICILLIN RESIST AMP PROBE TQ","billing_code_type":"CPT","billing_code_type_version":"2020","billing_code":"87641","description":"IADNA S AUREUS METHICILLIN RESIST AMP PROBE TQ","allowed_amounts":[{"tin":{"type":"ein","value":"334777680"},"service_code":["81"],"billing_class":"professional","setting":"outpatient","payments":[{"allowed_amount":12.83,"providers":[{"billed_charge":42.11,"npi":[1033527684,1558150078]}]}]},{"tin":{"type":"ein","value":"334777680"},"service_code":["81"],"billing_class":"professional","setting":"outpatient","payments":[{"allowed_amount":14.73,"providers":[{"billed_charge":42.11,"npi":[1255324703,1558150078]}]}]},{"tin":{"type":"ein","value":"334777680"},"service_code":["81"],"billing_class":"professional","setting":"outpatient","payments":[{"allowed_amount":16.46,"providers":[{"billed_charge":42.11,"npi":[1558150078,1881272938]}]}]},{"tin":{"type":"ein","value":"334777680"},"service_code":["81"],"billing_class":"professional","setting":"outpatient","payments":[{"allowed_amount":24.56,"providers":[{"billed_charge":42.11,"npi":[1285689232,1558150078]}]}]},{"tin":{"type":"ein","value":"851099688"},"service_code":["11"],"billing_class":"professional","setting":"outpatient","payments":[{"allowed_amount":14.73,"providers":[{"billed_charge":87.73,"npi":[1457977209,1588723704]}]}]}]},{"name":"IADNA STREPTOCOCCUS GROUP A AMPLIFIED PROBE TQ","billing_code_type":"CPT","billing_code_type_version":"2020","billing_code":"87651","description":"IADNA STREPTOCOCCUS GROUP A AMPLIFIED PROBE TQ","allowed_amounts":[{"tin":{"type":"ein","value":"334777680"},"service_code":["81"],"billing_class":"professional","setting":"outpatient","payments":[{"allowed_amount":12.83,"providers":[{"billed_charge":42.11,"npi":[1033527684,1558150078]}]}]},{"tin":{"type":"ein","value":"334777680"},"service_code":["81"],"billing_class":"professional","setting":"outpatient","payments":[{"allowed_amount":14.73,"providers":[{"billed_charge":42.11,"npi":[1255324703,1558150078]}]}]},{"tin":{"type":"ein","value":"334777680"},"service_code":["81"],"billing_class":"professional","setting":"outpatient","payments":[{"allowed_amount":24.56,"providers":[{"billed_charge":42.11,"npi":[1285689232,1558150078]}]}]},{"tin":{"type":"ein","value":"851099688"},"service_code":["11"],"billing_class":"professional","setting":"outpatient","payments":[{"allowed_amount":14.73,"providers":[{"billed_charge":87.73,"npi":[1457977209,1588723704]}]}]}]},{"name":"IADNA STREPTOCOCCUS GROUP B AMPLIFIED PROBE TQ","billing_code_type":"CPT","billing_code_type_version":"2020","billing_code":"87653","description":"IADNA STREPTOCOCCUS GROUP B AMPLIFIED PROBE TQ","allowed_amounts":[{"tin":{"type":"ein","value":"334777680"},"service_code":["81"],"billing_class":"professional","setting":"outpatient","payments":[{"allowed_amount":12.83,"providers":[{"billed_charge":42.11,"npi":[1033527684,1558150078]}]}]},{"tin":{"type":"ein","value":"334777680"},"service_code":["81"],"billing_class":"professional","setting":"outpatient","payments":[{"allowed_amount":14.73,"providers":[{"billed_charge":42.11,"npi":[1255324703,1558150078]}]}]},{"tin":{"type":"ein","value":"334777680"},"service_code":["81"],"billing_class":"professional","setting":"outpatient","payments":[{"allowed_amount":16.46,"providers":[{"billed_charge":42.11,"npi":[1558150078,1881272938]}]}]},{"tin":{"type":"ein","value":"334777680"},"service_code":["81"],"billing_class":"professional","setting":"outpatient","payments":[{"allowed_amount":24.56,"providers":[{"billed_charge":42.11,"npi":[1285689232,1558150078]}]}]},{"tin":{"type":"ein","value":"851099688"},"service_code":["11"],"billing_class":"professional","setting":"outpatient","payments":[{"allowed_amount":14.73,"providers":[{"billed_charge":87.73,"npi":[1457977209,1588723704]}]}]}]},{"name":"IMMUNOASSAY TUMOR ANTIGEN QUANTITATIVE CA 19-9","billing_code_type":"CPT","billing_code_type_version":"2020","billing_code":"86301","description":"IMMUNOASSAY TUMOR ANTIGEN QUANTITATIVE CA 19-9","allowed_amounts":[{"tin":{"type":"ein","value":"753013577"},"service_code":["81"],"billing_class":"professional","setting":"outpatient","payments":[{"allowed_amount":14.57,"providers":[{"billed_charge":83.24,"npi":[1750816153,1982021564]}]}]}]},{"name":"INF AGENT DET NUCLEIC ACID CLOSTRIDIUM AMP PROBE","billing_code_type":"CPT","billing_code_type_version":"2020","billing_code":"87493","description":"INF AGENT DET NUCLEIC ACID CLOSTRIDIUM AMP PROBE","allowed_amounts":[{"tin":{"type":"ein","value":"334777680"},"service_code":["81"],"billing_class":"professional","setting":"outpatient","payments":[{"allowed_amount":12.83,"providers":[{"billed_charge":42.11,"npi":[1033527684,1558150078]}]}]},{"tin":{"type":"ein","value":"334777680"},"service_code":["81"],"billing_class":"professional","setting":"outpatient","payments":[{"allowed_amount":26.09,"providers":[{"billed_charge":42.11,"npi":[1285689232,1558150078]}]}]}]},{"name":"INFECTIOUS AGENT DNA\/RNA VANCOMYCIN RESISTANCE","billing_code_type":"CPT","billing_code_type_version":"2020","billing_code":"87500","description":"INFECTIOUS AGENT DNA\/RNA VANCOMYCIN RESISTANCE","allowed_amounts":[{"tin":{"type":"ein","value":"334777680"},"service_code":["81"],"billing_class":"professional","setting":"outpatient","payments":[{"allowed_amount":12.83,"providers":[{"billed_charge":42.11,"npi":[1033527684,1558150078]}]}]},{"tin":{"type":"ein","value":"334777680"},"service_code":["81"],"billing_class":"professional","setting":"outpatient","payments":[{"allowed_amount":16.46,"providers":[{"billed_charge":42.11,"npi":[1558150078,1881272938]}]}]},{"tin":{"type":"ein","value":"334777680"},"service_code":["81"],"billing_class":"professional","setting":"outpatient","payments":[{"allowed_amount":24.56,"providers":[{"billed_charge":42.11,"npi":[1285689232,1558150078]}]}]},{"tin":{"type":"ein","value":"851099688"},"service_code":["11"],"billing_class":"professional","setting":"outpatient","payments":[{"allowed_amount":14.73,"providers":[{"billed_charge":87.73,"npi":[1457977209,1588723704]}]}]}]},{"name":"INSERTION BREAST IMPLANT SAME DAY OF MASTECTOMY","billing_code_type":"CPT","billing_code_type_version":"2020","billing_code":"19340","description":"INSERTION BREAST IMPLANT SAME DAY OF MASTECTOMY","allowed_amounts":[{"tin":{"type":"ein","value":"854035192"},"service_code":["24"],"billing_class":"professional","setting":"outpatient","payments":[{"allowed_amount":15000.00,"providers":[{"billed_charge":22880.00,"npi":[1477668184,1700475977]}]}]}]},{"name":"IV THERAPY","billing_code_type":"RC","billing_code_type_version":"UB04","billing_code":"0260","description":"IV THERAPY","allowed_amounts":[{"tin":{"type":"ein","value":"596012065"},"billing_class":"institutional","setting":"inpatient","payments":[{"allowed_amount":0.00,"providers":[{"billed_charge":206.90,"npi":[1174551147]},{"billed_charge":288.86,"npi":[1174551147]},{"billed_charge":1230.39,"npi":[1174551147]}]},{"allowed_amount":0.00,"providers":[{"billed_charge":206.90,"npi":[1174551147]},{"billed_charge":288.86,"npi":[1174551147]},{"billed_charge":1230.39,"npi":[1174551147]}]},{"allowed_amount":0.00,"providers":[{"billed_charge":206.90,"npi":[1174551147]},{"billed_charge":288.86,"npi":[1174551147]},{"billed_charge":1230.39,"npi":[1174551147]}]}]},{"tin":{"type":"ein","value":"596012065"},"billing_class":"institutional","setting":"inpatient","payments":[{"allowed_amount":0.00,"providers":[{"billed_charge":206.90,"npi":[1174551147]},{"billed_charge":288.86,"npi":[1174551147]},{"billed_charge":1230.39,"npi":[1174551147]}]},{"allowed_amount":0.00,"providers":[{"billed_charge":206.90,"npi":[1174551147]},{"billed_charge":288.86,"npi":[1174551147]},{"billed_charge":1230.39,"npi":[1174551147]}]},{"allowed_amount":0.00,"providers":[{"billed_charge":206.90,"npi":[1174551147]},{"billed_charge":288.86,"npi":[1174551147]},{"billed_charge":1230.39,"npi":[1174551147]}]}]},{"tin":{"type":"ein","value":"596012065"},"billing_class":"institutional","setting":"inpatient","payments":[{"allowed_amount":0.00,"providers":[{"billed_charge":206.90,"npi":[1174551147]},{"billed_charge":288.86,"npi":[1174551147]},{"billed_charge":1230.39,"npi":[1174551147]}]},{"allowed_amount":0.00,"providers":[{"billed_charge":206.90,"npi":[1174551147]},{"billed_charge":288.86,"npi":[1174551147]},{"billed_charge":1230.39,"npi":[1174551147]}]},{"allowed_amount":0.00,"providers":[{"billed_charge":206.90,"npi":[1174551147]},{"billed_charge":288.86,"npi":[1174551147]},{"billed_charge":1230.39,"npi":[1174551147]}]}]},{"tin":{"type":"ein","value":"814623955"},"billing_class":"institutional","setting":"inpatient","payments":[{"allowed_amount":0.00,"providers":[{"billed_charge":397.79,"npi":[1154868503]},{"billed_charge":557.00,"npi":[1154868503]}]},{"allowed_amount":0.00,"providers":[{"billed_charge":397.79,"npi":[1154868503]},{"billed_charge":557.00,"npi":[1154868503]}]}]},{"tin":{"type":"ein","value":"814623955"},"billing_class":"institutional","setting":"inpatient","payments":[{"allowed_amount":0.00,"providers":[{"billed_charge":397.79,"npi":[1154868503]},{"billed_charge":557.00,"npi":[1154868503]}]},{"allowed_amount":0.00,"providers":[{"billed_charge":397.79,"npi":[1154868503]},{"billed_charge":557.00,"npi":[1154868503]}]}]}]},{"name":"IV THERAPY: OTHER IV THERAPY","billing_code_type":"RC","billing_code_type_version":"UB04","billing_code":"0269","description":"IV THERAPY: OTHER IV THERAPY","allowed_amounts":[{"tin":{"type":"ein","value":"814623955"},"billing_class":"institutional","setting":"inpatient","payments":[{"allowed_amount":0.00,"providers":[{"billed_charge":922.83,"npi":[1154868503]}]}]}]},{"name":"LABORATORY - CLINICAL DIAGNOSTIC","billing_code_type":"RC","billing_code_type_version":"UB04","billing_code":"0300","description":"LABORATORY - CLINICAL DIAGNOSTIC","allowed_amounts":[{"tin":{"type":"ein","value":"596012065"},"billing_class":"institutional","setting":"inpatient","payments":[{"allowed_amount":0.00,"providers":[{"billed_charge":29.40,"npi":[1174551147]}]}]}]},{"name":"LABORATORY - CLINICAL DIAGNOSTIC: CHEMISTRY","billing_code_type":"RC","billing_code_type_version":"UB04","billing_code":"0301","description":"LABORATORY - CLINICAL DIAGNOSTIC: CHEMISTRY","allowed_amounts":[{"tin":{"type":"ein","value":"596012065"},"billing_class":"institutional","setting":"inpatient","payments":[{"allowed_amount":0.00,"providers":[{"billed_charge":47.41,"npi":[1174551147]},{"billed_charge":144.43,"npi":[1174551147]},{"billed_charge":837.90,"npi":[1174551147]}]},{"allowed_amount":0.00,"providers":[{"billed_charge":47.41,"npi":[1174551147]},{"billed_charge":144.43,"npi":[1174551147]},{"billed_charge":837.90,"npi":[1174551147]}]},{"allowed_amount":0.00,"providers":[{"billed_charge":47.41,"npi":[1174551147]},{"billed_charge":144.43,"npi":[1174551147]},{"billed_charge":837.90,"npi":[1174551147]}]}]},{"tin":{"type":"ein","value":"596012065"},"billing_class":"institutional","setting":"inpatient","payments":[{"allowed_amount":0.00,"providers":[{"billed_charge":47.41,"npi":[1174551147]},{"billed_charge":144.43,"npi":[1174551147]},{"billed_charge":837.90,"npi":[1174551147]}]},{"allowed_amount":0.00,"providers":[{"billed_charge":47.41,"npi":[1174551147]},{"billed_charge":144.43,"npi":[1174551147]},{"billed_charge":837.90,"npi":[1174551147]}]},{"allowed_amount":0.00,"providers":[{"billed_charge":47.41,"npi":[1174551147]},{"billed_charge":144.43,"npi":[1174551147]},{"billed_charge":837.90,"npi":[1174551147]}]}]},{"tin":{"type":"ein","value":"596012065"},"billing_class":"institutional","setting":"inpatient","payments":[{"allowed_amount":0.00,"providers":[{"billed_charge":47.41,"npi":[1174551147]},{"billed_charge":144.43,"npi":[1174551147]},{"billed_charge":837.90,"npi":[1174551147]}]},{"allowed_amount":0.00,"providers":[{"billed_charge":47.41,"npi":[1174551147]},{"billed_charge":144.43,"npi":[1174551147]},{"billed_charge":837.90,"npi":[1174551147]}]},{"allowed_amount":0.00,"providers":[{"billed_charge":47.41,"npi":[1174551147]},{"billed_charge":144.43,"npi":[1174551147]},{"billed_charge":837.90,"npi":[1174551147]}]}]}]},{"name":"LABORATORY - CLINICAL DIAGNOSTIC: HEMATOLOGY","billing_code_type":"RC","billing_code_type_version":"UB04","billing_code":"0305","description":"LABORATORY - CLINICAL DIAGNOSTIC: HEMATOLOGY","allowed_amounts":[{"tin":{"type":"ein","value":"596012065"},"billing_class":"institutional","setting":"inpatient","payments":[{"allowed_amount":0.00,"providers":[{"billed_charge":266.70,"npi":[1174551147]}]}]}]},{"name":"LABORATORY - CLINICAL DIAGNOSTIC: UROLOGY","billing_code_type":"RC","billing_code_type_version":"UB04","billing_code":"0307","description":"LABORATORY - CLINICAL DIAGNOSTIC: UROLOGY","allowed_amounts":[{"tin":{"type":"ein","value":"596012065"},"billing_class":"institutional","setting":"inpatient","payments":[{"allowed_amount":0.00,"providers":[{"billed_charge":185.22,"npi":[1174551147]}]}]}]},{"name":"LAM FACETECTOMY & FORAMOTOMY 1 VRT SGM CERVICAL","billing_code_type":"CPT","billing_code_type_version":"2020","billing_code":"63045","description":"LAM FACETECTOMY & FORAMOTOMY 1 VRT SGM CERVICAL","allowed_amounts":[{"tin":{"type":"ein","value":"822816551"},"service_code":["21"],"billing_class":"professional","setting":"inpatient","payments":[{"allowed_amount":1982.52,"providers":[{"billed_charge":41000.00,"npi":[1275509820,1932103413]}]}]}]},{"name":"LAM FACETECTOMY&FORAMOT 1 VRT SGM EA ADDL SGM","billing_code_type":"CPT","billing_code_type_version":"2020","billing_code":"63048","description":"LAM FACETECTOMY&FORAMOT 1 VRT SGM EA ADDL SGM","allowed_amounts":[{"tin":{"type":"ein","value":"822816551"},"service_code":["21"],"billing_class":"professional","setting":"inpatient","payments":[{"allowed_amount":348.35,"providers":[{"billed_charge":27000.00,"npi":[1275509820,1932103413]}]}]}]},{"name":"LAMOPLASTY CERVICAL DCMPRN CORD 2\/> SEG RCNSTJ","billing_code_type":"CPT","billing_code_type_version":"2020","billing_code":"63051","description":"LAMOPLASTY CERVICAL DCMPRN CORD 2\/> SEG RCNSTJ","allowed_amounts":[{"tin":{"type":"ein","value":"822816551"},"service_code":["21"],"billing_class":"professional","setting":"inpatient","payments":[{"allowed_amount":19090.00,"providers":[{"billed_charge":50000.00,"npi":[1275509820,1932103413]}]}]}]},{"name":"LARYNGOSCOPY FLEXIBLE DIAGNOSTIC","billing_code_type":"CPT","billing_code_type_version":"2020","billing_code":"31575","description":"LARYNGOSCOPY FLEXIBLE DIAGNOSTIC","allowed_amounts":[{"tin":{"type":"ein","value":"812600136"},"service_code":["11"],"billing_class":"professional","setting":"outpatient","payments":[{"allowed_amount":57.21,"providers":[{"billed_charge":650.00,"npi":[1780902536]}]}]}]},{"name":"LEVEL IV SURG PATHOLOGY GROSS&MICROSCOPIC EXAM","billing_code_type":"CPT","billing_code_type_version":"2020","billing_code":"88305","description":"LEVEL IV SURG PATHOLOGY GROSS&MICROSCOPIC EXAM","allowed_amounts":[{"tin":{"type":"ein","value":"591559063"},"service_code":["11"],"billing_class":"professional","setting":"outpatient","payments":[{"allowed_amount":178.48,"providers":[{"billed_charge":1180.00,"npi":[1164687893,1851529945,1871567289]}]}]},{"tin":{"type":"ein","value":"883107953"},"service_code":["22"],"billing_class":"professional","setting":"outpatient","payments":[{"allowed_amount":67.97,"providers":[{"billed_charge":250.00,"npi":[1649998824,1669994083,1841272820]}]}]}]},{"name":"LEVEL V SURG PATHOLOGY GROSS&MICROSCOPIC EXAM","billing_code_type":"CPT","billing_code_type_version":"2020","billing_code":"88307","description":"LEVEL V SURG PATHOLOGY GROSS&MICROSCOPIC EXAM","allowed_amounts":[{"tin":{"type":"ein","value":"392744382"},"service_code":["22"],"billing_class":"professional","setting":"outpatient","payments":[{"allowed_amount":128.49,"providers":[{"billed_charge":290.00,"npi":[1023505005,1487542072,1992996201]}]}]}]},{"name":"MASTECTOMY SIMPLE COMPLETE","billing_code_type":"CPT","billing_code_type_version":"2020","billing_code":"19303","description":"MASTECTOMY SIMPLE COMPLETE","allowed_amounts":[{"tin":{"type":"ein","value":"854035192"},"service_code":["24"],"billing_class":"professional","setting":"outpatient","payments":[{"allowed_amount":6000.00,"providers":[{"billed_charge":16770.00,"npi":[1477668184,1700475977]}]}]}]},{"name":"MASTOPEXY","billing_code_type":"CPT","billing_code_type_version":"2020","billing_code":"19316","description":"MASTOPEXY","allowed_amounts":[{"tin":{"type":"ein","value":"854035192"},"service_code":["24"],"billing_class":"professional","setting":"outpatient","payments":[{"allowed_amount":665.83,"providers":[{"billed_charge":18720.00,"npi":[1477668184,1700475977]}]}]}]},{"name":"NASAL\/SINUS ENDOSCOPY DX MAXILLARY SINUSOSCOPY","billing_code_type":"CPT","billing_code_type_version":"2020","billing_code":"31233","description":"NASAL\/SINUS ENDOSCOPY DX MAXILLARY SINUSOSCOPY","allowed_amounts":[{"tin":{"type":"ein","value":"812600136"},"service_code":["11"],"billing_class":"professional","setting":"outpatient","payments":[{"allowed_amount":117.45,"providers":[{"billed_charge":650.00,"npi":[1780902536]}]}]}]},{"name":"OFFICE\/OUTPATIENT ESTABLISHED HIGH MDM 40 MIN","billing_code_type":"CPT","billing_code_type_version":"2020","billing_code":"99215","description":"OFFICE\/OUTPATIENT ESTABLISHED HIGH MDM 40 MIN","allowed_amounts":[{"tin":{"type":"ein","value":"824939727"},"service_code":["10"],"billing_class":"professional","setting":"outpatient","payments":[{"allowed_amount":0.00,"providers":[{"billed_charge":474.46,"npi":[1356598239]}]}]}]},{"name":"OFFICE\/OUTPATIENT ESTABLISHED LOW MDM 20 MIN","billing_code_type":"CPT","billing_code_type_version":"2020","billing_code":"99213","description":"OFFICE\/OUTPATIENT ESTABLISHED LOW MDM 20 MIN","allowed_amounts":[{"tin":{"type":"ein","value":"311591242"},"service_code":["50"],"billing_class":"professional","setting":"outpatient","payments":[{"allowed_amount":33.00,"providers":[{"billed_charge":200.00,"npi":[1700900867,1972508802]}]}]},{"tin":{"type":"ein","value":"812600136"},"service_code":["02"],"billing_class":"professional","setting":"outpatient","payments":[{"allowed_amount":0.00,"providers":[{"billed_charge":195.00,"npi":[1275204976,1780902536]}]}]},{"tin":{"type":"ein","value":"946000531"},"service_code":["22"],"billing_class":"professional","setting":"outpatient","payments":[{"allowed_amount":61.49,"providers":[{"billed_charge":131.00,"npi":[1124356381,1801830583,1801961347]}]}]}]},{"name":"OFFICE\/OUTPATIENT ESTABLISHED MOD MDM 30 MIN","billing_code_type":"CPT","billing_code_type_version":"2020","billing_code":"99214","description":"OFFICE\/OUTPATIENT ESTABLISHED MOD MDM 30 MIN","allowed_amounts":[{"tin":{"type":"ein","value":"770446575"},"service_code":["11"],"billing_class":"professional","setting":"outpatient","payments":[{"allowed_amount":95.50,"providers":[{"billed_charge":325.00,"npi":[1154458420]}]}]},{"tin":{"type":"ein","value":"872955332"},"service_code":["02"],"billing_class":"professional","setting":"outpatient","payments":[{"allowed_amount":97.68,"providers":[{"billed_charge":205.00,"npi":[1144288127,1972266732]}]}]}]},{"name":"OFFICE\/OUTPATIENT ESTABLISHED SF MDM 10 MIN","billing_code_type":"CPT","billing_code_type_version":"2020","billing_code":"99212","description":"OFFICE\/OUTPATIENT ESTABLISHED SF MDM 10 MIN","allowed_amounts":[{"tin":{"type":"ein","value":"271722191"},"service_code":["11"],"billing_class":"professional","setting":"outpatient","payments":[{"allowed_amount":53.50,"providers":[{"billed_charge":107.00,"npi":[1295250231,1730410978]}]}]},{"tin":{"type":"ein","value":"271722191"},"service_code":["11"],"billing_class":"professional","setting":"outpatient","payments":[{"allowed_amount":57.67,"providers":[{"billed_charge":95.00,"npi":[1295250231,1730410978]}]}]}]},{"name":"OFFICE\/OUTPATIENT NEW HIGH MDM 60 MINUTES","billing_code_type":"CPT","billing_code_type_version":"2020","billing_code":"99205","description":"OFFICE\/OUTPATIENT NEW HIGH MDM 60 MINUTES","allowed_amounts":[{"tin":{"type":"ein","value":"812600136"},"service_code":["11"],"billing_class":"professional","setting":"outpatient","payments":[{"allowed_amount":181.44,"providers":[{"billed_charge":350.00,"npi":[1780902536]}]}]}]},{"name":"OFFICE\/OUTPATIENT NEW LOW MDM 30 MINUTES","billing_code_type":"CPT","billing_code_type_version":"2020","billing_code":"99203","description":"OFFICE\/OUTPATIENT NEW LOW MDM 30 MINUTES","allowed_amounts":[{"tin":{"type":"ein","value":"824939727"},"service_code":["10"],"billing_class":"professional","setting":"outpatient","payments":[{"allowed_amount":0.00,"providers":[{"billed_charge":301.30,"npi":[1356598239]}]}]}]},{"name":"ONCO (OVARIAN) BIOCHEMICAL ASSAY FIVE PROTEINS","billing_code_type":"CPT","billing_code_type_version":"2020","billing_code":"81503","description":"ONCO (OVARIAN) BIOCHEMICAL ASSAY FIVE PROTEINS","allowed_amounts":[{"tin":{"type":"ein","value":"753013577"},"service_code":["81"],"billing_class":"professional","setting":"outpatient","payments":[{"allowed_amount":627.90,"providers":[{"billed_charge":1495.00,"npi":[1750816153,1982021564]}]}]}]},{"name":"OPH SVCS MEDICAL XM&EVAL COMPRE EST PT 1\/>VST","billing_code_type":"CPT","billing_code_type_version":"2020","billing_code":"92014","description":"OPH SVCS MEDICAL XM&EVAL COMPRE EST PT 1\/>VST","allowed_amounts":[{"tin":{"type":"ein","value":"844466087"},"service_code":["11"],"billing_class":"professional","setting":"outpatient","payments":[{"allowed_amount":51.00,"providers":[{"billed_charge":301.15,"npi":[1215161153,1558992578]}]}]}]},{"name":"PERIODONTAL MUCOSAL GRAFTING","billing_code_type":"CPT","billing_code_type_version":"2020","billing_code":"41870","description":"PERIODONTAL MUCOSAL GRAFTING","allowed_amounts":[{"tin":{"type":"ein","value":"271722191"},"service_code":["11"],"billing_class":"professional","setting":"outpatient","payments":[{"allowed_amount":410.00,"providers":[{"billed_charge":820.00,"npi":[1295250231,1730410978]}]}]}]},{"name":"PHARMACY","billing_code_type":"RC","billing_code_type_version":"UB04","billing_code":"0250","description":"PHARMACY","allowed_amounts":[{"tin":{"type":"ein","value":"596012065"},"billing_class":"institutional","setting":"inpatient","payments":[{"allowed_amount":0.00,"providers":[{"billed_charge":271.70,"npi":[1174551147]}]}]}]},{"name":"PHARMACY: IV SOLUTIONS","billing_code_type":"RC","billing_code_type_version":"UB04","billing_code":"0258","description":"PHARMACY: IV SOLUTIONS","allowed_amounts":[{"tin":{"type":"ein","value":"596012065"},"billing_class":"institutional","setting":"inpatient","payments":[{"allowed_amount":0.00,"providers":[{"billed_charge":190.00,"npi":[1174551147]}]}]}]},{"name":"PSYCHIATRIC DIAGNOSTIC EVAL W\/MEDICAL SERVICES","billing_code_type":"CPT","billing_code_type_version":"2020","billing_code":"90792","description":"PSYCHIATRIC DIAGNOSTIC EVAL W\/MEDICAL SERVICES","allowed_amounts":[{"tin":{"type":"ein","value":"311591242"},"service_code":["50"],"billing_class":"professional","setting":"outpatient","payments":[{"allowed_amount":77.00,"providers":[{"billed_charge":185.00,"npi":[1700900867,1972508802]}]}]}]},{"name":"PSYCHIATRIC DIAGNOSTIC EVALUATION","billing_code_type":"CPT","billing_code_type_version":"2020","billing_code":"90791","description":"PSYCHIATRIC DIAGNOSTIC EVALUATION","allowed_amounts":[{"tin":{"type":"ein","value":"463756071"},"service_code":["23"],"billing_class":"professional","setting":"outpatient","payments":[{"allowed_amount":112.27,"providers":[{"billed_charge":457.95,"npi":[1417401357,1518635754,1821052879]}]}]}]},{"name":"PSYCHOTHERAPY W\/PATIENT 30 MINUTES","billing_code_type":"CPT","billing_code_type_version":"2020","billing_code":"90832","description":"PSYCHOTHERAPY W\/PATIENT 30 MINUTES","allowed_amounts":[{"tin":{"type":"ein","value":"942468972"},"service_code":["11"],"billing_class":"professional","setting":"outpatient","payments":[{"allowed_amount":0.00,"providers":[{"billed_charge":52.50,"npi":[1033237425,1669927828]}]}]},{"tin":{"type":"ein","value":"942468972"},"service_code":["11"],"billing_class":"professional","setting":"outpatient","payments":[{"allowed_amount":42.00,"providers":[{"billed_charge":52.50,"npi":[1033237425,1669927828]}]}]}]},{"name":"PSYCHOTHERAPY W\/PATIENT 60 MINUTES","billing_code_type":"CPT","billing_code_type_version":"2020","billing_code":"90837","description":"PSYCHOTHERAPY W\/PATIENT 60 MINUTES","allowed_amounts":[{"tin":{"type":"ein","value":"821712093"},"service_code":["02"],"billing_class":"professional","setting":"outpatient","payments":[{"allowed_amount":200.00,"providers":[{"billed_charge":400.00,"npi":[1134644032]}]}]}]},{"name":"PSYCHOTHERAPY W\/PATIENT W\/E&M SRVCS 30 MIN","billing_code_type":"CPT","billing_code_type_version":"2020","billing_code":"90833","description":"PSYCHOTHERAPY W\/PATIENT W\/E&M SRVCS 30 MIN","allowed_amounts":[{"tin":{"type":"ein","value":"311591242"},"service_code":["50"],"billing_class":"professional","setting":"outpatient","payments":[{"allowed_amount":19.00,"providers":[{"billed_charge":124.00,"npi":[1700900867,1972508802]}]}]}]},{"name":"PSYCHOTHERAPY W\/PATIENT W\/E&M SRVCS 45 MIN","billing_code_type":"CPT","billing_code_type_version":"2020","billing_code":"90836","description":"PSYCHOTHERAPY W\/PATIENT W\/E&M SRVCS 45 MIN","allowed_amounts":[{"tin":{"type":"ein","value":"770446575"},"service_code":["11"],"billing_class":"professional","setting":"outpatient","payments":[{"allowed_amount":76.22,"providers":[{"billed_charge":200.00,"npi":[1154458420]}]}]}]},{"name":"RADIOLOGIC EXAM CHEST SINGLE VIEW","billing_code_type":"CPT","billing_code_type_version":"2020","billing_code":"71045","description":"RADIOLOGIC EXAM CHEST SINGLE VIEW","allowed_amounts":[{"tin":{"type":"ein","value":"340714585"},"service_code":["23"],"billing_class":"professional","setting":"outpatient","payments":[{"allowed_amount":7.73,"providers":[{"billed_charge":78.00,"npi":[1043290430,1336345248,1679525919]}]}]}]},{"name":"SBSQ HOSPITAL IP\/OBS CARE MOD MDM 35 MINUTES","billing_code_type":"CPT","billing_code_type_version":"2020","billing_code":"99232","description":"SBSQ HOSPITAL IP\/OBS CARE MOD MDM 35 MINUTES","allowed_amounts":[{"tin":{"type":"ein","value":"842323090"},"service_code":["21"],"billing_class":"professional","setting":"inpatient","payments":[{"allowed_amount":114.51,"providers":[{"billed_charge":4490.00,"npi":[1164042156,1649502287]}]}]}]},{"name":"SIMPLE REPAIR SCALP\/NECK\/AX\/GENIT\/TRUNK 2.5CM\/<","billing_code_type":"CPT","billing_code_type_version":"2020","billing_code":"12001","description":"SIMPLE REPAIR SCALP\/NECK\/AX\/GENIT\/TRUNK 2.5CM\/<","allowed_amounts":[{"tin":{"type":"ein","value":"943302301"},"service_code":["23"],"billing_class":"professional","setting":"outpatient","payments":[{"allowed_amount":98.74,"providers":[{"billed_charge":365.00,"npi":[1316938301,1447288345,1750012498]}]}]}]},{"name":"SYNCHRONOUS AUDIO-ONLY VISIT EST SF MDM 10 MIN","billing_code_type":"CPT","billing_code_type_version":"2020","billing_code":"98012","description":"SYNCHRONOUS AUDIO-ONLY VISIT EST SF MDM 10 MIN","allowed_amounts":[{"tin":{"type":"ein","value":"201020949"},"service_code":["10"],"billing_class":"professional","setting":"outpatient","payments":[{"allowed_amount":29.81,"providers":[{"billed_charge":65.00,"npi":[1073044186,1245403567]}]}]}]},{"name":"SYPHILIS TEST NON-TREPONEMAL ANTIBODY QUAL","billing_code_type":"CPT","billing_code_type_version":"2020","billing_code":"86592","description":"SYPHILIS TEST NON-TREPONEMAL ANTIBODY QUAL","allowed_amounts":[{"tin":{"type":"ein","value":"883107953"},"service_code":["22"],"billing_class":"professional","setting":"outpatient","payments":[{"allowed_amount":0.00,"providers":[{"billed_charge":15.00,"npi":[1235376963,1649998824,1841272820]}]}]}]},{"name":"SYPHILIS TEST QUANTITATIVE","billing_code_type":"CPT","billing_code_type_version":"2020","billing_code":"86593","description":"SYPHILIS TEST QUANTITATIVE","allowed_amounts":[{"tin":{"type":"ein","value":"883107953"},"service_code":["22"],"billing_class":"professional","setting":"outpatient","payments":[{"allowed_amount":0.00,"providers":[{"billed_charge":15.00,"npi":[1235376963,1649998824,1841272820]}]}]}]},{"name":"XTRNL MOBILE CV TELEMETRY W\/TECHNICAL SUPPORT","billing_code_type":"CPT","billing_code_type_version":"2020","billing_code":"93229","description":"XTRNL MOBILE CV TELEMETRY W\/TECHNICAL SUPPORT","allowed_amounts":[{"tin":{"type":"ein","value":"208149544"},"service_code":["11"],"billing_class":"professional","setting":"outpatient","payments":[{"allowed_amount":700.05,"providers":[{"billed_charge":1995.00,"npi":[1184645285,1710130539]}]}]}]},{"name":"XTRNL PT ACTIVATED ECG REC DWNLD 30 DAYS","billing_code_type":"CPT","billing_code_type_version":"2020","billing_code":"93271","description":"XTRNL PT ACTIVATED ECG REC DWNLD 30 DAYS","allowed_amounts":[{"tin":{"type":"ein","value":"274533011"},"service_code":["11"],"billing_class":"professional","setting":"outpatient","payments":[{"allowed_amount":223.64,"providers":[{"billed_charge":925.00,"npi":[1124008529,1407471550]}]}]}]}]}
