{"reporting_entity_name": "IEC Group_DBA AmeriBen",
	"reporting_entity_type": "Third Party Administrator",
	"plan_name": "CHEDRAUI USA, INC.",
	"plan_id_type": "ein",
	"plan_id": "954517472",
	"plan_market_type": "group",
	"last_updated_on": "2025-04-01","Version": "1.0.0","out_of_network":[{"name":"ANTIBODY SCREEN RBC EACH SERUM TECHNIQUE","billing_code_type":"CPT","billing_code_type_version":"2020","billing_code":"86850","description":"ANTIBODY SCREEN RBC EACH SERUM TECHNIQUE","allowed_amounts":[{"tin":{"type":"ein","value":"741703601"},"service_code":["21"],"billing_class":"professional","payments":[{"allowed_amount":6.65,"billing_code_modifier":[""],"providers":[{"billed_charge":8.00,"npi":[1669414330,1962628842]}]}]},{"tin":{"type":"ein","value":"741720245"},"service_code":["21","22"],"billing_class":"professional","payments":[{"allowed_amount":6.65,"billing_code_modifier":[""],"providers":[{"billed_charge":18.00,"npi":[1023074929,1255394615,1518254309,1568425916,1699734053,1841293206]}]}]},{"tin":{"type":"ein","value":"751049190"},"service_code":["21"],"billing_class":"professional","payments":[{"allowed_amount":6.65,"billing_code_modifier":[""],"providers":[{"billed_charge":15.20,"npi":[1265477707,1619903226]}]}]}]},{"name":"ASSAY OF MAGNESIUM","billing_code_type":"CPT","billing_code_type_version":"2020","billing_code":"83735","description":"ASSAY OF MAGNESIUM","allowed_amounts":[{"tin":{"type":"ein","value":"741703601"},"service_code":["21"],"billing_class":"professional","payments":[{"allowed_amount":6.65,"billing_code_modifier":[""],"providers":[{"billed_charge":14.00,"npi":[1669414330,1962628842]}]}]},{"tin":{"type":"ein","value":"741720245"},"service_code":["21","22"],"billing_class":"professional","payments":[{"allowed_amount":6.65,"billing_code_modifier":[""],"providers":[{"billed_charge":11.00,"npi":[1023074929,1255394615,1780882381,1841293206]}]}]},{"tin":{"type":"ein","value":"751049190"},"service_code":["21"],"billing_class":"professional","payments":[{"allowed_amount":6.65,"billing_code_modifier":[""],"providers":[{"billed_charge":15.20,"npi":[1265477707,1619903226,1689991382]}]}]},{"tin":{"type":"ein","value":"751788181"},"service_code":["22"],"billing_class":"professional","payments":[{"allowed_amount":6.65,"billing_code_modifier":[""],"providers":[{"billed_charge":10.00,"npi":[1457381352,1720010077]}]}]}]},{"name":"ASSAY OF TROPONIN QUANTITATIVE","billing_code_type":"CPT","billing_code_type_version":"2020","billing_code":"84484","description":"ASSAY OF TROPONIN QUANTITATIVE","allowed_amounts":[{"tin":{"type":"ein","value":"741209207"},"service_code":["22"],"billing_class":"professional","payments":[{"allowed_amount":6.65,"billing_code_modifier":[""],"providers":[{"billed_charge":19.50,"npi":[1124295092,1245238708,1912981747]}]}]},{"tin":{"type":"ein","value":"741720245"},"service_code":["21","22","23"],"billing_class":"professional","payments":[{"allowed_amount":6.65,"billing_code_modifier":[""],"providers":[{"billed_charge":18.00,"npi":[1023074929,1255394615,1568425916,1780882381,1841293206]}]}]},{"tin":{"type":"ein","value":"751049190"},"service_code":["22"],"billing_class":"professional","payments":[{"allowed_amount":6.65,"billing_code_modifier":[""],"providers":[{"billed_charge":19.70,"npi":[1265477707,1619903226]}]}]},{"tin":{"type":"ein","value":"751788181"},"service_code":["23"],"billing_class":"professional","payments":[{"allowed_amount":6.65,"billing_code_modifier":[""],"providers":[{"billed_charge":14.00,"npi":[1457381352,1457383705]}]}]},{"tin":{"type":"ein","value":"752141895"},"service_code":["23"],"billing_class":"professional","payments":[{"allowed_amount":6.65,"billing_code_modifier":[""],"providers":[{"billed_charge":24.00,"npi":[1073587564,1952375495]}]}]}]},{"name":"BASIC METABOLIC PANEL CALCIUM TOTAL","billing_code_type":"CPT","billing_code_type_version":"2020","billing_code":"80048","description":"BASIC METABOLIC PANEL CALCIUM TOTAL","allowed_amounts":[{"tin":{"type":"ein","value":"371520288"},"service_code":["23"],"billing_class":"professional","payments":[{"allowed_amount":6.65,"billing_code_modifier":[""],"providers":[{"billed_charge":60.65,"npi":[1215995584,1730398652]}]}]},{"tin":{"type":"ein","value":"741703601"},"service_code":["21"],"billing_class":"professional","payments":[{"allowed_amount":6.65,"billing_code_modifier":[""],"providers":[{"billed_charge":18.00,"npi":[1669414330,1962628842]}]}]},{"tin":{"type":"ein","value":"741720245"},"service_code":["21","22","23"],"billing_class":"professional","payments":[{"allowed_amount":6.65,"billing_code_modifier":[""],"providers":[{"billed_charge":24.00,"npi":[1023074929,1255394615,1518254309,1699734053,1780882381,1841293206,1992709356]}]}]},{"tin":{"type":"ein","value":"751049190"},"service_code":["21"],"billing_class":"professional","payments":[{"allowed_amount":6.65,"billing_code_modifier":[""],"providers":[{"billed_charge":24.30,"npi":[1265477707,1619903226,1689991382]}]}]},{"tin":{"type":"ein","value":"751788181"},"service_code":["22"],"billing_class":"professional","payments":[{"allowed_amount":6.65,"billing_code_modifier":[""],"providers":[{"billed_charge":18.00,"npi":[1457381352,1720010077]}]}]},{"tin":{"type":"ein","value":"752773490"},"service_code":["21"],"billing_class":"professional","payments":[{"allowed_amount":6.65,"billing_code_modifier":[""],"providers":[{"billed_charge":10.00,"npi":[1508863838,1700860434]}]}]},{"tin":{"type":"ein","value":"760421006"},"service_code":["22"],"billing_class":"professional","payments":[{"allowed_amount":6.65,"billing_code_modifier":[""],"providers":[{"billed_charge":20.90,"npi":[1194929778,1316921026]}]}]}]},{"name":"BLOOD COUNT COMPLETE AUTO&AUTO DIFRNTL WBC","billing_code_type":"CPT","billing_code_type_version":"2020","billing_code":"85025","description":"BLOOD COUNT COMPLETE AUTO&AUTO DIFRNTL WBC","allowed_amounts":[{"tin":{"type":"ein","value":"371520288"},"service_code":["23"],"billing_class":"professional","payments":[{"allowed_amount":6.65,"billing_code_modifier":[""],"providers":[{"billed_charge":20.55,"npi":[1043268576,1215995584,1730398652]}]}]},{"tin":{"type":"ein","value":"470861099"},"service_code":["21"],"billing_class":"professional","payments":[{"allowed_amount":6.65,"billing_code_modifier":[""],"providers":[{"billed_charge":7.85,"npi":[1295772416,1487600334]}]}]},{"tin":{"type":"ein","value":"741209207"},"service_code":["22"],"billing_class":"professional","payments":[{"allowed_amount":6.65,"billing_code_modifier":[""],"providers":[{"billed_charge":17.70,"npi":[1245238708,1912981747]}]}]},{"tin":{"type":"ein","value":"741720245"},"service_code":["21","22","23"],"billing_class":"professional","payments":[{"allowed_amount":6.65,"billing_code_modifier":[""],"providers":[{"billed_charge":12.00,"npi":[1023074929,1255394615,1518254309,1568425916,1780882381,1841293206,1992709356]}]}]},{"tin":{"type":"ein","value":"751049190"},"service_code":["21","22"],"billing_class":"professional","payments":[{"allowed_amount":6.65,"billing_code_modifier":[""],"providers":[{"billed_charge":14.20,"npi":[1265477707,1619903226,1689991382]}]}]},{"tin":{"type":"ein","value":"751788181"},"service_code":["22","23"],"billing_class":"professional","payments":[{"allowed_amount":6.65,"billing_code_modifier":[""],"providers":[{"billed_charge":10.00,"npi":[1225211162,1457381352,1457383705,1720010077]}]}]},{"tin":{"type":"ein","value":"752141895"},"service_code":["23"],"billing_class":"professional","payments":[{"allowed_amount":6.65,"billing_code_modifier":[""],"providers":[{"billed_charge":11.00,"npi":[1073587564,1952375495]}]}]},{"tin":{"type":"ein","value":"752773490"},"service_code":["21"],"billing_class":"professional","payments":[{"allowed_amount":6.65,"billing_code_modifier":[""],"providers":[{"billed_charge":10.00,"npi":[1508863838,1700860434]}]}]},{"tin":{"type":"ein","value":"760421006"},"service_code":["22"],"billing_class":"professional","payments":[{"allowed_amount":6.65,"billing_code_modifier":[""],"providers":[{"billed_charge":24.00,"npi":[1194929778,1316921026]}]}]}]},{"name":"BLOOD COUNT COMPLETE AUTOMATED","billing_code_type":"CPT","billing_code_type_version":"2020","billing_code":"85027","description":"BLOOD COUNT COMPLETE AUTOMATED","allowed_amounts":[{"tin":{"type":"ein","value":"741703601"},"service_code":["21"],"billing_class":"professional","payments":[{"allowed_amount":6.65,"billing_code_modifier":[""],"providers":[{"billed_charge":14.00,"npi":[1669414330,1962628842]}]}]},{"tin":{"type":"ein","value":"741720245"},"service_code":["21"],"billing_class":"professional","payments":[{"allowed_amount":6.65,"billing_code_modifier":[""],"providers":[{"billed_charge":12.00,"npi":[1023074929,1518254309,1780882381,1841293206]}]}]},{"tin":{"type":"ein","value":"751049190"},"service_code":["21"],"billing_class":"professional","payments":[{"allowed_amount":6.65,"billing_code_modifier":[""],"providers":[{"billed_charge":12.20,"npi":[1265477707,1619903226,1689991382]}]}]},{"tin":{"type":"ein","value":"751784456"},"service_code":["22"],"billing_class":"professional","payments":[{"allowed_amount":6.65,"billing_code_modifier":[""],"providers":[{"billed_charge":15.00,"npi":[1114959665,1750313904]}]}]}]},{"name":"BLOOD TYPING SEROLOGIC ABO","billing_code_type":"CPT","billing_code_type_version":"2020","billing_code":"86900","description":"BLOOD TYPING SEROLOGIC ABO","allowed_amounts":[{"tin":{"type":"ein","value":"371520288"},"service_code":["23"],"billing_class":"professional","payments":[{"allowed_amount":6.65,"billing_code_modifier":[""],"providers":[{"billed_charge":8.10,"npi":[1215995584,1730398652]}]}]},{"tin":{"type":"ein","value":"741720245"},"service_code":["21","22"],"billing_class":"professional","payments":[{"allowed_amount":6.65,"billing_code_modifier":[""],"providers":[{"billed_charge":8.00,"npi":[1023074929,1255394615,1518254309,1568425916,1699734053,1841293206]}]}]},{"tin":{"type":"ein","value":"751049190"},"service_code":["21"],"billing_class":"professional","payments":[{"allowed_amount":6.65,"billing_code_modifier":[""],"providers":[{"billed_charge":8.10,"npi":[1265477707,1619903226]}]}]}]},{"name":"BLOOD TYPING SEROLOGIC RH (D)","billing_code_type":"CPT","billing_code_type_version":"2020","billing_code":"86901","description":"BLOOD TYPING SEROLOGIC RH (D)","allowed_amounts":[{"tin":{"type":"ein","value":"371520288"},"service_code":["23"],"billing_class":"professional","payments":[{"allowed_amount":6.65,"billing_code_modifier":[""],"providers":[{"billed_charge":9.05,"npi":[1215995584,1730398652]}]}]},{"tin":{"type":"ein","value":"741720245"},"service_code":["21","22"],"billing_class":"professional","payments":[{"allowed_amount":6.65,"billing_code_modifier":[""],"providers":[{"billed_charge":16.00,"npi":[1023074929,1255394615,1518254309,1568425916,1699734053,1841293206]}]}]},{"tin":{"type":"ein","value":"751049190"},"service_code":["21"],"billing_class":"professional","payments":[{"allowed_amount":6.65,"billing_code_modifier":[""],"providers":[{"billed_charge":9.60,"npi":[1265477707,1619903226]}]}]}]},{"name":"CCPD OPD\/HOME: CCPD COMP OR OTHER RATE","billing_code_type":"RC","billing_code_type_version":"UB04","billing_code":"0851","description":"CCPD OPD\/HOME: CCPD COMP OR OTHER RATE","allowed_amounts":[{"tin":{"type":"ein","value":"473225626"},"service_code":["65"],"billing_class":"institutional","payments":[{"allowed_amount":287.95,"billing_code_modifier":[""],"providers":[{"billed_charge":3374.00,"npi":[1952783607]}]}]}]},{"name":"COMPREHENSIVE METABOLIC PANEL","billing_code_type":"CPT","billing_code_type_version":"2020","billing_code":"80053","description":"COMPREHENSIVE METABOLIC PANEL","allowed_amounts":[{"tin":{"type":"ein","value":"371520288"},"service_code":["23"],"billing_class":"professional","payments":[{"allowed_amount":6.65,"billing_code_modifier":[""],"providers":[{"billed_charge":121.45,"npi":[1043268576,1215995584,1730398652]}]}]},{"tin":{"type":"ein","value":"470861099"},"service_code":["21"],"billing_class":"professional","payments":[{"allowed_amount":6.65,"billing_code_modifier":[""],"providers":[{"billed_charge":10.60,"npi":[1295772416,1487600334]}]}]},{"tin":{"type":"ein","value":"741209207"},"service_code":["22"],"billing_class":"professional","payments":[{"allowed_amount":6.65,"billing_code_modifier":[""],"providers":[{"billed_charge":28.80,"npi":[1245238708,1912981747]}]}]},{"tin":{"type":"ein","value":"741703601"},"service_code":["21"],"billing_class":"professional","payments":[{"allowed_amount":6.65,"billing_code_modifier":[""],"providers":[{"billed_charge":22.00,"npi":[1669414330,1962628842]}]}]},{"tin":{"type":"ein","value":"741720245"},"service_code":["21","22","23"],"billing_class":"professional","payments":[{"allowed_amount":6.65,"billing_code_modifier":[""],"providers":[{"billed_charge":28.00,"npi":[1023074929,1255394615,1518254309,1568425916,1780882381,1841293206]}]}]},{"tin":{"type":"ein","value":"751049190"},"service_code":["21","22"],"billing_class":"professional","payments":[{"allowed_amount":6.65,"billing_code_modifier":[""],"providers":[{"billed_charge":33.90,"npi":[1265477707,1619903226,1689991382]}]}]},{"tin":{"type":"ein","value":"751784456"},"service_code":["22"],"billing_class":"professional","payments":[{"allowed_amount":6.65,"billing_code_modifier":[""],"providers":[{"billed_charge":55.00,"npi":[1114959665,1750313904]}]}]},{"tin":{"type":"ein","value":"751788181"},"service_code":["22","23"],"billing_class":"professional","payments":[{"allowed_amount":6.65,"billing_code_modifier":[""],"providers":[{"billed_charge":22.00,"npi":[1225211162,1457381352,1457383705,1720010077]}]}]},{"tin":{"type":"ein","value":"752141895"},"service_code":["23"],"billing_class":"professional","payments":[{"allowed_amount":6.65,"billing_code_modifier":[""],"providers":[{"billed_charge":40.00,"npi":[1073587564,1952375495]}]}]}]},{"name":"HEMO OPD\/HOME: HEMODIALYSIS COMP OR OTHER RATE","billing_code_type":"RC","billing_code_type_version":"UB04","billing_code":"0821","description":"HEMO OPD\/HOME: HEMODIALYSIS COMP OR OTHER RATE","allowed_amounts":[{"tin":{"type":"ein","value":"742794200"},"service_code":["65"],"billing_class":"institutional","payments":[{"allowed_amount":290.81,"billing_code_modifier":[""],"providers":[{"billed_charge":5762.00,"npi":[1437105616,1720099765]}]}]}]},{"name":"IADNA NOS AMPLIFIED PROBE TQ EACH ORGANISM","billing_code_type":"CPT","billing_code_type_version":"2020","billing_code":"87798","description":"IADNA NOS AMPLIFIED PROBE TQ EACH ORGANISM","allowed_amounts":[{"tin":{"type":"ein","value":"223510467"},"service_code":["81"],"billing_class":"professional","payments":[{"allowed_amount":38.60,"billing_code_modifier":[""],"providers":[{"billed_charge":130.00,"npi":[1518130459,1750373908]}]}]}]},{"name":"LABORATORY - CLINICAL DIAGNOSTIC: CHEMISTRY","billing_code_type":"RC","billing_code_type_version":"UB04","billing_code":"0301","description":"LABORATORY - CLINICAL DIAGNOSTIC: CHEMISTRY","allowed_amounts":[{"tin":{"type":"ein","value":"751584559"},"service_code":["23"],"billing_class":"institutional","payments":[{"allowed_amount":0.00,"billing_code_modifier":[""],"providers":[{"billed_charge":280.00,"npi":[1255325817]},{"billed_charge":282.00,"npi":[1255325817]},{"billed_charge":324.00,"npi":[1255325817]},{"billed_charge":578.00,"npi":[1255325817]}]},{"allowed_amount":0.00,"billing_code_modifier":[""],"providers":[{"billed_charge":280.00,"npi":[1255325817]},{"billed_charge":282.00,"npi":[1255325817]},{"billed_charge":324.00,"npi":[1255325817]},{"billed_charge":578.00,"npi":[1255325817]}]},{"allowed_amount":0.00,"billing_code_modifier":[""],"providers":[{"billed_charge":280.00,"npi":[1255325817]},{"billed_charge":282.00,"npi":[1255325817]},{"billed_charge":324.00,"npi":[1255325817]},{"billed_charge":578.00,"npi":[1255325817]}]},{"allowed_amount":0.00,"billing_code_modifier":[""],"providers":[{"billed_charge":280.00,"npi":[1255325817]},{"billed_charge":282.00,"npi":[1255325817]},{"billed_charge":324.00,"npi":[1255325817]},{"billed_charge":578.00,"npi":[1255325817]}]}]},{"tin":{"type":"ein","value":"751584559"},"service_code":["23"],"billing_class":"institutional","payments":[{"allowed_amount":0.00,"billing_code_modifier":[""],"providers":[{"billed_charge":280.00,"npi":[1255325817]},{"billed_charge":282.00,"npi":[1255325817]},{"billed_charge":324.00,"npi":[1255325817]},{"billed_charge":578.00,"npi":[1255325817]}]},{"allowed_amount":0.00,"billing_code_modifier":[""],"providers":[{"billed_charge":280.00,"npi":[1255325817]},{"billed_charge":282.00,"npi":[1255325817]},{"billed_charge":324.00,"npi":[1255325817]},{"billed_charge":578.00,"npi":[1255325817]}]},{"allowed_amount":0.00,"billing_code_modifier":[""],"providers":[{"billed_charge":280.00,"npi":[1255325817]},{"billed_charge":282.00,"npi":[1255325817]},{"billed_charge":324.00,"npi":[1255325817]},{"billed_charge":578.00,"npi":[1255325817]}]},{"allowed_amount":0.00,"billing_code_modifier":[""],"providers":[{"billed_charge":280.00,"npi":[1255325817]},{"billed_charge":282.00,"npi":[1255325817]},{"billed_charge":324.00,"npi":[1255325817]},{"billed_charge":578.00,"npi":[1255325817]}]}]},{"tin":{"type":"ein","value":"751584559"},"service_code":["23"],"billing_class":"institutional","payments":[{"allowed_amount":0.00,"billing_code_modifier":[""],"providers":[{"billed_charge":280.00,"npi":[1255325817]},{"billed_charge":282.00,"npi":[1255325817]},{"billed_charge":324.00,"npi":[1255325817]},{"billed_charge":578.00,"npi":[1255325817]}]},{"allowed_amount":0.00,"billing_code_modifier":[""],"providers":[{"billed_charge":280.00,"npi":[1255325817]},{"billed_charge":282.00,"npi":[1255325817]},{"billed_charge":324.00,"npi":[1255325817]},{"billed_charge":578.00,"npi":[1255325817]}]},{"allowed_amount":0.00,"billing_code_modifier":[""],"providers":[{"billed_charge":280.00,"npi":[1255325817]},{"billed_charge":282.00,"npi":[1255325817]},{"billed_charge":324.00,"npi":[1255325817]},{"billed_charge":578.00,"npi":[1255325817]}]},{"allowed_amount":0.00,"billing_code_modifier":[""],"providers":[{"billed_charge":280.00,"npi":[1255325817]},{"billed_charge":282.00,"npi":[1255325817]},{"billed_charge":324.00,"npi":[1255325817]},{"billed_charge":578.00,"npi":[1255325817]}]}]},{"tin":{"type":"ein","value":"751584559"},"service_code":["23"],"billing_class":"institutional","payments":[{"allowed_amount":0.00,"billing_code_modifier":[""],"providers":[{"billed_charge":280.00,"npi":[1255325817]},{"billed_charge":282.00,"npi":[1255325817]},{"billed_charge":324.00,"npi":[1255325817]},{"billed_charge":578.00,"npi":[1255325817]}]},{"allowed_amount":0.00,"billing_code_modifier":[""],"providers":[{"billed_charge":280.00,"npi":[1255325817]},{"billed_charge":282.00,"npi":[1255325817]},{"billed_charge":324.00,"npi":[1255325817]},{"billed_charge":578.00,"npi":[1255325817]}]},{"allowed_amount":0.00,"billing_code_modifier":[""],"providers":[{"billed_charge":280.00,"npi":[1255325817]},{"billed_charge":282.00,"npi":[1255325817]},{"billed_charge":324.00,"npi":[1255325817]},{"billed_charge":578.00,"npi":[1255325817]}]},{"allowed_amount":0.00,"billing_code_modifier":[""],"providers":[{"billed_charge":280.00,"npi":[1255325817]},{"billed_charge":282.00,"npi":[1255325817]},{"billed_charge":324.00,"npi":[1255325817]},{"billed_charge":578.00,"npi":[1255325817]}]}]},{"tin":{"type":"ein","value":"753175630"},"service_code":["23"],"billing_class":"institutional","payments":[{"allowed_amount":0.00,"billing_code_modifier":[""],"providers":[{"billed_charge":91.00,"npi":[1285798918]},{"billed_charge":97.00,"npi":[1285798918]},{"billed_charge":104.00,"npi":[1285798918]},{"billed_charge":115.00,"npi":[1285798918]},{"billed_charge":123.00,"npi":[1285798918]},{"billed_charge":152.00,"npi":[1285798918]},{"billed_charge":159.00,"npi":[1285798918]},{"billed_charge":203.00,"npi":[1285798918]}]},{"allowed_amount":0.00,"billing_code_modifier":[""],"providers":[{"billed_charge":91.00,"npi":[1285798918]},{"billed_charge":97.00,"npi":[1285798918]},{"billed_charge":104.00,"npi":[1285798918]},{"billed_charge":115.00,"npi":[1285798918]},{"billed_charge":123.00,"npi":[1285798918]},{"billed_charge":152.00,"npi":[1285798918]},{"billed_charge":159.00,"npi":[1285798918]},{"billed_charge":203.00,"npi":[1285798918]}]},{"allowed_amount":0.00,"billing_code_modifier":[""],"providers":[{"billed_charge":91.00,"npi":[1285798918]},{"billed_charge":97.00,"npi":[1285798918]},{"billed_charge":104.00,"npi":[1285798918]},{"billed_charge":115.00,"npi":[1285798918]},{"billed_charge":123.00,"npi":[1285798918]},{"billed_charge":152.00,"npi":[1285798918]},{"billed_charge":159.00,"npi":[1285798918]},{"billed_charge":203.00,"npi":[1285798918]}]},{"allowed_amount":0.00,"billing_code_modifier":[""],"providers":[{"billed_charge":91.00,"npi":[1285798918]},{"billed_charge":97.00,"npi":[1285798918]},{"billed_charge":104.00,"npi":[1285798918]},{"billed_charge":115.00,"npi":[1285798918]},{"billed_charge":123.00,"npi":[1285798918]},{"billed_charge":152.00,"npi":[1285798918]},{"billed_charge":159.00,"npi":[1285798918]},{"billed_charge":203.00,"npi":[1285798918]}]},{"allowed_amount":0.00,"billing_code_modifier":[""],"providers":[{"billed_charge":91.00,"npi":[1285798918]},{"billed_charge":97.00,"npi":[1285798918]},{"billed_charge":104.00,"npi":[1285798918]},{"billed_charge":115.00,"npi":[1285798918]},{"billed_charge":123.00,"npi":[1285798918]},{"billed_charge":152.00,"npi":[1285798918]},{"billed_charge":159.00,"npi":[1285798918]},{"billed_charge":203.00,"npi":[1285798918]}]},{"allowed_amount":0.00,"billing_code_modifier":[""],"providers":[{"billed_charge":91.00,"npi":[1285798918]},{"billed_charge":97.00,"npi":[1285798918]},{"billed_charge":104.00,"npi":[1285798918]},{"billed_charge":115.00,"npi":[1285798918]},{"billed_charge":123.00,"npi":[1285798918]},{"billed_charge":152.00,"npi":[1285798918]},{"billed_charge":159.00,"npi":[1285798918]},{"billed_charge":203.00,"npi":[1285798918]}]},{"allowed_amount":0.00,"billing_code_modifier":[""],"providers":[{"billed_charge":91.00,"npi":[1285798918]},{"billed_charge":97.00,"npi":[1285798918]},{"billed_charge":104.00,"npi":[1285798918]},{"billed_charge":115.00,"npi":[1285798918]},{"billed_charge":123.00,"npi":[1285798918]},{"billed_charge":152.00,"npi":[1285798918]},{"billed_charge":159.00,"npi":[1285798918]},{"billed_charge":203.00,"npi":[1285798918]}]},{"allowed_amount":0.00,"billing_code_modifier":[""],"providers":[{"billed_charge":91.00,"npi":[1285798918]},{"billed_charge":97.00,"npi":[1285798918]},{"billed_charge":104.00,"npi":[1285798918]},{"billed_charge":115.00,"npi":[1285798918]},{"billed_charge":123.00,"npi":[1285798918]},{"billed_charge":152.00,"npi":[1285798918]},{"billed_charge":159.00,"npi":[1285798918]},{"billed_charge":203.00,"npi":[1285798918]}]}]},{"tin":{"type":"ein","value":"753175630"},"service_code":["23"],"billing_class":"institutional","payments":[{"allowed_amount":0.00,"billing_code_modifier":[""],"providers":[{"billed_charge":91.00,"npi":[1285798918]},{"billed_charge":97.00,"npi":[1285798918]},{"billed_charge":104.00,"npi":[1285798918]},{"billed_charge":115.00,"npi":[1285798918]},{"billed_charge":123.00,"npi":[1285798918]},{"billed_charge":152.00,"npi":[1285798918]},{"billed_charge":159.00,"npi":[1285798918]},{"billed_charge":203.00,"npi":[1285798918]}]},{"allowed_amount":0.00,"billing_code_modifier":[""],"providers":[{"billed_charge":91.00,"npi":[1285798918]},{"billed_charge":97.00,"npi":[1285798918]},{"billed_charge":104.00,"npi":[1285798918]},{"billed_charge":115.00,"npi":[1285798918]},{"billed_charge":123.00,"npi":[1285798918]},{"billed_charge":152.00,"npi":[1285798918]},{"billed_charge":159.00,"npi":[1285798918]},{"billed_charge":203.00,"npi":[1285798918]}]},{"allowed_amount":0.00,"billing_code_modifier":[""],"providers":[{"billed_charge":91.00,"npi":[1285798918]},{"billed_charge":97.00,"npi":[1285798918]},{"billed_charge":104.00,"npi":[1285798918]},{"billed_charge":115.00,"npi":[1285798918]},{"billed_charge":123.00,"npi":[1285798918]},{"billed_charge":152.00,"npi":[1285798918]},{"billed_charge":159.00,"npi":[1285798918]},{"billed_charge":203.00,"npi":[1285798918]}]},{"allowed_amount":0.00,"billing_code_modifier":[""],"providers":[{"billed_charge":91.00,"npi":[1285798918]},{"billed_charge":97.00,"npi":[1285798918]},{"billed_charge":104.00,"npi":[1285798918]},{"billed_charge":115.00,"npi":[1285798918]},{"billed_charge":123.00,"npi":[1285798918]},{"billed_charge":152.00,"npi":[1285798918]},{"billed_charge":159.00,"npi":[1285798918]},{"billed_charge":203.00,"npi":[1285798918]}]},{"allowed_amount":0.00,"billing_code_modifier":[""],"providers":[{"billed_charge":91.00,"npi":[1285798918]},{"billed_charge":97.00,"npi":[1285798918]},{"billed_charge":104.00,"npi":[1285798918]},{"billed_charge":115.00,"npi":[1285798918]},{"billed_charge":123.00,"npi":[1285798918]},{"billed_charge":152.00,"npi":[1285798918]},{"billed_charge":159.00,"npi":[1285798918]},{"billed_charge":203.00,"npi":[1285798918]}]},{"allowed_amount":0.00,"billing_code_modifier":[""],"providers":[{"billed_charge":91.00,"npi":[1285798918]},{"billed_charge":97.00,"npi":[1285798918]},{"billed_charge":104.00,"npi":[1285798918]},{"billed_charge":115.00,"npi":[1285798918]},{"billed_charge":123.00,"npi":[1285798918]},{"billed_charge":152.00,"npi":[1285798918]},{"billed_charge":159.00,"npi":[1285798918]},{"billed_charge":203.00,"npi":[1285798918]}]},{"allowed_amount":0.00,"billing_code_modifier":[""],"providers":[{"billed_charge":91.00,"npi":[1285798918]},{"billed_charge":97.00,"npi":[1285798918]},{"billed_charge":104.00,"npi":[1285798918]},{"billed_charge":115.00,"npi":[1285798918]},{"billed_charge":123.00,"npi":[1285798918]},{"billed_charge":152.00,"npi":[1285798918]},{"billed_charge":159.00,"npi":[1285798918]},{"billed_charge":203.00,"npi":[1285798918]}]},{"allowed_amount":0.00,"billing_code_modifier":[""],"providers":[{"billed_charge":91.00,"npi":[1285798918]},{"billed_charge":97.00,"npi":[1285798918]},{"billed_charge":104.00,"npi":[1285798918]},{"billed_charge":115.00,"npi":[1285798918]},{"billed_charge":123.00,"npi":[1285798918]},{"billed_charge":152.00,"npi":[1285798918]},{"billed_charge":159.00,"npi":[1285798918]},{"billed_charge":203.00,"npi":[1285798918]}]}]},{"tin":{"type":"ein","value":"753175630"},"service_code":["23"],"billing_class":"institutional","payments":[{"allowed_amount":0.00,"billing_code_modifier":[""],"providers":[{"billed_charge":91.00,"npi":[1285798918]},{"billed_charge":97.00,"npi":[1285798918]},{"billed_charge":104.00,"npi":[1285798918]},{"billed_charge":115.00,"npi":[1285798918]},{"billed_charge":123.00,"npi":[1285798918]},{"billed_charge":152.00,"npi":[1285798918]},{"billed_charge":159.00,"npi":[1285798918]},{"billed_charge":203.00,"npi":[1285798918]}]},{"allowed_amount":0.00,"billing_code_modifier":[""],"providers":[{"billed_charge":91.00,"npi":[1285798918]},{"billed_charge":97.00,"npi":[1285798918]},{"billed_charge":104.00,"npi":[1285798918]},{"billed_charge":115.00,"npi":[1285798918]},{"billed_charge":123.00,"npi":[1285798918]},{"billed_charge":152.00,"npi":[1285798918]},{"billed_charge":159.00,"npi":[1285798918]},{"billed_charge":203.00,"npi":[1285798918]}]},{"allowed_amount":0.00,"billing_code_modifier":[""],"providers":[{"billed_charge":91.00,"npi":[1285798918]},{"billed_charge":97.00,"npi":[1285798918]},{"billed_charge":104.00,"npi":[1285798918]},{"billed_charge":115.00,"npi":[1285798918]},{"billed_charge":123.00,"npi":[1285798918]},{"billed_charge":152.00,"npi":[1285798918]},{"billed_charge":159.00,"npi":[1285798918]},{"billed_charge":203.00,"npi":[1285798918]}]},{"allowed_amount":0.00,"billing_code_modifier":[""],"providers":[{"billed_charge":91.00,"npi":[1285798918]},{"billed_charge":97.00,"npi":[1285798918]},{"billed_charge":104.00,"npi":[1285798918]},{"billed_charge":115.00,"npi":[1285798918]},{"billed_charge":123.00,"npi":[1285798918]},{"billed_charge":152.00,"npi":[1285798918]},{"billed_charge":159.00,"npi":[1285798918]},{"billed_charge":203.00,"npi":[1285798918]}]},{"allowed_amount":0.00,"billing_code_modifier":[""],"providers":[{"billed_charge":91.00,"npi":[1285798918]},{"billed_charge":97.00,"npi":[1285798918]},{"billed_charge":104.00,"npi":[1285798918]},{"billed_charge":115.00,"npi":[1285798918]},{"billed_charge":123.00,"npi":[1285798918]},{"billed_charge":152.00,"npi":[1285798918]},{"billed_charge":159.00,"npi":[1285798918]},{"billed_charge":203.00,"npi":[1285798918]}]},{"allowed_amount":0.00,"billing_code_modifier":[""],"providers":[{"billed_charge":91.00,"npi":[1285798918]},{"billed_charge":97.00,"npi":[1285798918]},{"billed_charge":104.00,"npi":[1285798918]},{"billed_charge":115.00,"npi":[1285798918]},{"billed_charge":123.00,"npi":[1285798918]},{"billed_charge":152.00,"npi":[1285798918]},{"billed_charge":159.00,"npi":[1285798918]},{"billed_charge":203.00,"npi":[1285798918]}]},{"allowed_amount":0.00,"billing_code_modifier":[""],"providers":[{"billed_charge":91.00,"npi":[1285798918]},{"billed_charge":97.00,"npi":[1285798918]},{"billed_charge":104.00,"npi":[1285798918]},{"billed_charge":115.00,"npi":[1285798918]},{"billed_charge":123.00,"npi":[1285798918]},{"billed_charge":152.00,"npi":[1285798918]},{"billed_charge":159.00,"npi":[1285798918]},{"billed_charge":203.00,"npi":[1285798918]}]},{"allowed_amount":0.00,"billing_code_modifier":[""],"providers":[{"billed_charge":91.00,"npi":[1285798918]},{"billed_charge":97.00,"npi":[1285798918]},{"billed_charge":104.00,"npi":[1285798918]},{"billed_charge":115.00,"npi":[1285798918]},{"billed_charge":123.00,"npi":[1285798918]},{"billed_charge":152.00,"npi":[1285798918]},{"billed_charge":159.00,"npi":[1285798918]},{"billed_charge":203.00,"npi":[1285798918]}]}]},{"tin":{"type":"ein","value":"753175630"},"service_code":["23"],"billing_class":"institutional","payments":[{"allowed_amount":0.00,"billing_code_modifier":[""],"providers":[{"billed_charge":91.00,"npi":[1285798918]},{"billed_charge":97.00,"npi":[1285798918]},{"billed_charge":104.00,"npi":[1285798918]},{"billed_charge":115.00,"npi":[1285798918]},{"billed_charge":123.00,"npi":[1285798918]},{"billed_charge":152.00,"npi":[1285798918]},{"billed_charge":159.00,"npi":[1285798918]},{"billed_charge":203.00,"npi":[1285798918]}]},{"allowed_amount":0.00,"billing_code_modifier":[""],"providers":[{"billed_charge":91.00,"npi":[1285798918]},{"billed_charge":97.00,"npi":[1285798918]},{"billed_charge":104.00,"npi":[1285798918]},{"billed_charge":115.00,"npi":[1285798918]},{"billed_charge":123.00,"npi":[1285798918]},{"billed_charge":152.00,"npi":[1285798918]},{"billed_charge":159.00,"npi":[1285798918]},{"billed_charge":203.00,"npi":[1285798918]}]},{"allowed_amount":0.00,"billing_code_modifier":[""],"providers":[{"billed_charge":91.00,"npi":[1285798918]},{"billed_charge":97.00,"npi":[1285798918]},{"billed_charge":104.00,"npi":[1285798918]},{"billed_charge":115.00,"npi":[1285798918]},{"billed_charge":123.00,"npi":[1285798918]},{"billed_charge":152.00,"npi":[1285798918]},{"billed_charge":159.00,"npi":[1285798918]},{"billed_charge":203.00,"npi":[1285798918]}]},{"allowed_amount":0.00,"billing_code_modifier":[""],"providers":[{"billed_charge":91.00,"npi":[1285798918]},{"billed_charge":97.00,"npi":[1285798918]},{"billed_charge":104.00,"npi":[1285798918]},{"billed_charge":115.00,"npi":[1285798918]},{"billed_charge":123.00,"npi":[1285798918]},{"billed_charge":152.00,"npi":[1285798918]},{"billed_charge":159.00,"npi":[1285798918]},{"billed_charge":203.00,"npi":[1285798918]}]},{"allowed_amount":0.00,"billing_code_modifier":[""],"providers":[{"billed_charge":91.00,"npi":[1285798918]},{"billed_charge":97.00,"npi":[1285798918]},{"billed_charge":104.00,"npi":[1285798918]},{"billed_charge":115.00,"npi":[1285798918]},{"billed_charge":123.00,"npi":[1285798918]},{"billed_charge":152.00,"npi":[1285798918]},{"billed_charge":159.00,"npi":[1285798918]},{"billed_charge":203.00,"npi":[1285798918]}]},{"allowed_amount":0.00,"billing_code_modifier":[""],"providers":[{"billed_charge":91.00,"npi":[1285798918]},{"billed_charge":97.00,"npi":[1285798918]},{"billed_charge":104.00,"npi":[1285798918]},{"billed_charge":115.00,"npi":[1285798918]},{"billed_charge":123.00,"npi":[1285798918]},{"billed_charge":152.00,"npi":[1285798918]},{"billed_charge":159.00,"npi":[1285798918]},{"billed_charge":203.00,"npi":[1285798918]}]},{"allowed_amount":0.00,"billing_code_modifier":[""],"providers":[{"billed_charge":91.00,"npi":[1285798918]},{"billed_charge":97.00,"npi":[1285798918]},{"billed_charge":104.00,"npi":[1285798918]},{"billed_charge":115.00,"npi":[1285798918]},{"billed_charge":123.00,"npi":[1285798918]},{"billed_charge":152.00,"npi":[1285798918]},{"billed_charge":159.00,"npi":[1285798918]},{"billed_charge":203.00,"npi":[1285798918]}]},{"allowed_amount":0.00,"billing_code_modifier":[""],"providers":[{"billed_charge":91.00,"npi":[1285798918]},{"billed_charge":97.00,"npi":[1285798918]},{"billed_charge":104.00,"npi":[1285798918]},{"billed_charge":115.00,"npi":[1285798918]},{"billed_charge":123.00,"npi":[1285798918]},{"billed_charge":152.00,"npi":[1285798918]},{"billed_charge":159.00,"npi":[1285798918]},{"billed_charge":203.00,"npi":[1285798918]}]}]},{"tin":{"type":"ein","value":"753175630"},"service_code":["23"],"billing_class":"institutional","payments":[{"allowed_amount":0.00,"billing_code_modifier":[""],"providers":[{"billed_charge":91.00,"npi":[1285798918]},{"billed_charge":97.00,"npi":[1285798918]},{"billed_charge":104.00,"npi":[1285798918]},{"billed_charge":115.00,"npi":[1285798918]},{"billed_charge":123.00,"npi":[1285798918]},{"billed_charge":152.00,"npi":[1285798918]},{"billed_charge":159.00,"npi":[1285798918]},{"billed_charge":203.00,"npi":[1285798918]}]},{"allowed_amount":0.00,"billing_code_modifier":[""],"providers":[{"billed_charge":91.00,"npi":[1285798918]},{"billed_charge":97.00,"npi":[1285798918]},{"billed_charge":104.00,"npi":[1285798918]},{"billed_charge":115.00,"npi":[1285798918]},{"billed_charge":123.00,"npi":[1285798918]},{"billed_charge":152.00,"npi":[1285798918]},{"billed_charge":159.00,"npi":[1285798918]},{"billed_charge":203.00,"npi":[1285798918]}]},{"allowed_amount":0.00,"billing_code_modifier":[""],"providers":[{"billed_charge":91.00,"npi":[1285798918]},{"billed_charge":97.00,"npi":[1285798918]},{"billed_charge":104.00,"npi":[1285798918]},{"billed_charge":115.00,"npi":[1285798918]},{"billed_charge":123.00,"npi":[1285798918]},{"billed_charge":152.00,"npi":[1285798918]},{"billed_charge":159.00,"npi":[1285798918]},{"billed_charge":203.00,"npi":[1285798918]}]},{"allowed_amount":0.00,"billing_code_modifier":[""],"providers":[{"billed_charge":91.00,"npi":[1285798918]},{"billed_charge":97.00,"npi":[1285798918]},{"billed_charge":104.00,"npi":[1285798918]},{"billed_charge":115.00,"npi":[1285798918]},{"billed_charge":123.00,"npi":[1285798918]},{"billed_charge":152.00,"npi":[1285798918]},{"billed_charge":159.00,"npi":[1285798918]},{"billed_charge":203.00,"npi":[1285798918]}]},{"allowed_amount":0.00,"billing_code_modifier":[""],"providers":[{"billed_charge":91.00,"npi":[1285798918]},{"billed_charge":97.00,"npi":[1285798918]},{"billed_charge":104.00,"npi":[1285798918]},{"billed_charge":115.00,"npi":[1285798918]},{"billed_charge":123.00,"npi":[1285798918]},{"billed_charge":152.00,"npi":[1285798918]},{"billed_charge":159.00,"npi":[1285798918]},{"billed_charge":203.00,"npi":[1285798918]}]},{"allowed_amount":0.00,"billing_code_modifier":[""],"providers":[{"billed_charge":91.00,"npi":[1285798918]},{"billed_charge":97.00,"npi":[1285798918]},{"billed_charge":104.00,"npi":[1285798918]},{"billed_charge":115.00,"npi":[1285798918]},{"billed_charge":123.00,"npi":[1285798918]},{"billed_charge":152.00,"npi":[1285798918]},{"billed_charge":159.00,"npi":[1285798918]},{"billed_charge":203.00,"npi":[1285798918]}]},{"allowed_amount":0.00,"billing_code_modifier":[""],"providers":[{"billed_charge":91.00,"npi":[1285798918]},{"billed_charge":97.00,"npi":[1285798918]},{"billed_charge":104.00,"npi":[1285798918]},{"billed_charge":115.00,"npi":[1285798918]},{"billed_charge":123.00,"npi":[1285798918]},{"billed_charge":152.00,"npi":[1285798918]},{"billed_charge":159.00,"npi":[1285798918]},{"billed_charge":203.00,"npi":[1285798918]}]},{"allowed_amount":0.00,"billing_code_modifier":[""],"providers":[{"billed_charge":91.00,"npi":[1285798918]},{"billed_charge":97.00,"npi":[1285798918]},{"billed_charge":104.00,"npi":[1285798918]},{"billed_charge":115.00,"npi":[1285798918]},{"billed_charge":123.00,"npi":[1285798918]},{"billed_charge":152.00,"npi":[1285798918]},{"billed_charge":159.00,"npi":[1285798918]},{"billed_charge":203.00,"npi":[1285798918]}]}]},{"tin":{"type":"ein","value":"753175630"},"service_code":["23"],"billing_class":"institutional","payments":[{"allowed_amount":0.00,"billing_code_modifier":[""],"providers":[{"billed_charge":91.00,"npi":[1285798918]},{"billed_charge":97.00,"npi":[1285798918]},{"billed_charge":104.00,"npi":[1285798918]},{"billed_charge":115.00,"npi":[1285798918]},{"billed_charge":123.00,"npi":[1285798918]},{"billed_charge":152.00,"npi":[1285798918]},{"billed_charge":159.00,"npi":[1285798918]},{"billed_charge":203.00,"npi":[1285798918]}]},{"allowed_amount":0.00,"billing_code_modifier":[""],"providers":[{"billed_charge":91.00,"npi":[1285798918]},{"billed_charge":97.00,"npi":[1285798918]},{"billed_charge":104.00,"npi":[1285798918]},{"billed_charge":115.00,"npi":[1285798918]},{"billed_charge":123.00,"npi":[1285798918]},{"billed_charge":152.00,"npi":[1285798918]},{"billed_charge":159.00,"npi":[1285798918]},{"billed_charge":203.00,"npi":[1285798918]}]},{"allowed_amount":0.00,"billing_code_modifier":[""],"providers":[{"billed_charge":91.00,"npi":[1285798918]},{"billed_charge":97.00,"npi":[1285798918]},{"billed_charge":104.00,"npi":[1285798918]},{"billed_charge":115.00,"npi":[1285798918]},{"billed_charge":123.00,"npi":[1285798918]},{"billed_charge":152.00,"npi":[1285798918]},{"billed_charge":159.00,"npi":[1285798918]},{"billed_charge":203.00,"npi":[1285798918]}]},{"allowed_amount":0.00,"billing_code_modifier":[""],"providers":[{"billed_charge":91.00,"npi":[1285798918]},{"billed_charge":97.00,"npi":[1285798918]},{"billed_charge":104.00,"npi":[1285798918]},{"billed_charge":115.00,"npi":[1285798918]},{"billed_charge":123.00,"npi":[1285798918]},{"billed_charge":152.00,"npi":[1285798918]},{"billed_charge":159.00,"npi":[1285798918]},{"billed_charge":203.00,"npi":[1285798918]}]},{"allowed_amount":0.00,"billing_code_modifier":[""],"providers":[{"billed_charge":91.00,"npi":[1285798918]},{"billed_charge":97.00,"npi":[1285798918]},{"billed_charge":104.00,"npi":[1285798918]},{"billed_charge":115.00,"npi":[1285798918]},{"billed_charge":123.00,"npi":[1285798918]},{"billed_charge":152.00,"npi":[1285798918]},{"billed_charge":159.00,"npi":[1285798918]},{"billed_charge":203.00,"npi":[1285798918]}]},{"allowed_amount":0.00,"billing_code_modifier":[""],"providers":[{"billed_charge":91.00,"npi":[1285798918]},{"billed_charge":97.00,"npi":[1285798918]},{"billed_charge":104.00,"npi":[1285798918]},{"billed_charge":115.00,"npi":[1285798918]},{"billed_charge":123.00,"npi":[1285798918]},{"billed_charge":152.00,"npi":[1285798918]},{"billed_charge":159.00,"npi":[1285798918]},{"billed_charge":203.00,"npi":[1285798918]}]},{"allowed_amount":0.00,"billing_code_modifier":[""],"providers":[{"billed_charge":91.00,"npi":[1285798918]},{"billed_charge":97.00,"npi":[1285798918]},{"billed_charge":104.00,"npi":[1285798918]},{"billed_charge":115.00,"npi":[1285798918]},{"billed_charge":123.00,"npi":[1285798918]},{"billed_charge":152.00,"npi":[1285798918]},{"billed_charge":159.00,"npi":[1285798918]},{"billed_charge":203.00,"npi":[1285798918]}]},{"allowed_amount":0.00,"billing_code_modifier":[""],"providers":[{"billed_charge":91.00,"npi":[1285798918]},{"billed_charge":97.00,"npi":[1285798918]},{"billed_charge":104.00,"npi":[1285798918]},{"billed_charge":115.00,"npi":[1285798918]},{"billed_charge":123.00,"npi":[1285798918]},{"billed_charge":152.00,"npi":[1285798918]},{"billed_charge":159.00,"npi":[1285798918]},{"billed_charge":203.00,"npi":[1285798918]}]}]},{"tin":{"type":"ein","value":"753175630"},"service_code":["23"],"billing_class":"institutional","payments":[{"allowed_amount":0.00,"billing_code_modifier":[""],"providers":[{"billed_charge":91.00,"npi":[1285798918]},{"billed_charge":97.00,"npi":[1285798918]},{"billed_charge":104.00,"npi":[1285798918]},{"billed_charge":115.00,"npi":[1285798918]},{"billed_charge":123.00,"npi":[1285798918]},{"billed_charge":152.00,"npi":[1285798918]},{"billed_charge":159.00,"npi":[1285798918]},{"billed_charge":203.00,"npi":[1285798918]}]},{"allowed_amount":0.00,"billing_code_modifier":[""],"providers":[{"billed_charge":91.00,"npi":[1285798918]},{"billed_charge":97.00,"npi":[1285798918]},{"billed_charge":104.00,"npi":[1285798918]},{"billed_charge":115.00,"npi":[1285798918]},{"billed_charge":123.00,"npi":[1285798918]},{"billed_charge":152.00,"npi":[1285798918]},{"billed_charge":159.00,"npi":[1285798918]},{"billed_charge":203.00,"npi":[1285798918]}]},{"allowed_amount":0.00,"billing_code_modifier":[""],"providers":[{"billed_charge":91.00,"npi":[1285798918]},{"billed_charge":97.00,"npi":[1285798918]},{"billed_charge":104.00,"npi":[1285798918]},{"billed_charge":115.00,"npi":[1285798918]},{"billed_charge":123.00,"npi":[1285798918]},{"billed_charge":152.00,"npi":[1285798918]},{"billed_charge":159.00,"npi":[1285798918]},{"billed_charge":203.00,"npi":[1285798918]}]},{"allowed_amount":0.00,"billing_code_modifier":[""],"providers":[{"billed_charge":91.00,"npi":[1285798918]},{"billed_charge":97.00,"npi":[1285798918]},{"billed_charge":104.00,"npi":[1285798918]},{"billed_charge":115.00,"npi":[1285798918]},{"billed_charge":123.00,"npi":[1285798918]},{"billed_charge":152.00,"npi":[1285798918]},{"billed_charge":159.00,"npi":[1285798918]},{"billed_charge":203.00,"npi":[1285798918]}]},{"allowed_amount":0.00,"billing_code_modifier":[""],"providers":[{"billed_charge":91.00,"npi":[1285798918]},{"billed_charge":97.00,"npi":[1285798918]},{"billed_charge":104.00,"npi":[1285798918]},{"billed_charge":115.00,"npi":[1285798918]},{"billed_charge":123.00,"npi":[1285798918]},{"billed_charge":152.00,"npi":[1285798918]},{"billed_charge":159.00,"npi":[1285798918]},{"billed_charge":203.00,"npi":[1285798918]}]},{"allowed_amount":0.00,"billing_code_modifier":[""],"providers":[{"billed_charge":91.00,"npi":[1285798918]},{"billed_charge":97.00,"npi":[1285798918]},{"billed_charge":104.00,"npi":[1285798918]},{"billed_charge":115.00,"npi":[1285798918]},{"billed_charge":123.00,"npi":[1285798918]},{"billed_charge":152.00,"npi":[1285798918]},{"billed_charge":159.00,"npi":[1285798918]},{"billed_charge":203.00,"npi":[1285798918]}]},{"allowed_amount":0.00,"billing_code_modifier":[""],"providers":[{"billed_charge":91.00,"npi":[1285798918]},{"billed_charge":97.00,"npi":[1285798918]},{"billed_charge":104.00,"npi":[1285798918]},{"billed_charge":115.00,"npi":[1285798918]},{"billed_charge":123.00,"npi":[1285798918]},{"billed_charge":152.00,"npi":[1285798918]},{"billed_charge":159.00,"npi":[1285798918]},{"billed_charge":203.00,"npi":[1285798918]}]},{"allowed_amount":0.00,"billing_code_modifier":[""],"providers":[{"billed_charge":91.00,"npi":[1285798918]},{"billed_charge":97.00,"npi":[1285798918]},{"billed_charge":104.00,"npi":[1285798918]},{"billed_charge":115.00,"npi":[1285798918]},{"billed_charge":123.00,"npi":[1285798918]},{"billed_charge":152.00,"npi":[1285798918]},{"billed_charge":159.00,"npi":[1285798918]},{"billed_charge":203.00,"npi":[1285798918]}]}]},{"tin":{"type":"ein","value":"753175630"},"service_code":["23"],"billing_class":"institutional","payments":[{"allowed_amount":0.00,"billing_code_modifier":[""],"providers":[{"billed_charge":91.00,"npi":[1285798918]},{"billed_charge":97.00,"npi":[1285798918]},{"billed_charge":104.00,"npi":[1285798918]},{"billed_charge":115.00,"npi":[1285798918]},{"billed_charge":123.00,"npi":[1285798918]},{"billed_charge":152.00,"npi":[1285798918]},{"billed_charge":159.00,"npi":[1285798918]},{"billed_charge":203.00,"npi":[1285798918]}]},{"allowed_amount":0.00,"billing_code_modifier":[""],"providers":[{"billed_charge":91.00,"npi":[1285798918]},{"billed_charge":97.00,"npi":[1285798918]},{"billed_charge":104.00,"npi":[1285798918]},{"billed_charge":115.00,"npi":[1285798918]},{"billed_charge":123.00,"npi":[1285798918]},{"billed_charge":152.00,"npi":[1285798918]},{"billed_charge":159.00,"npi":[1285798918]},{"billed_charge":203.00,"npi":[1285798918]}]},{"allowed_amount":0.00,"billing_code_modifier":[""],"providers":[{"billed_charge":91.00,"npi":[1285798918]},{"billed_charge":97.00,"npi":[1285798918]},{"billed_charge":104.00,"npi":[1285798918]},{"billed_charge":115.00,"npi":[1285798918]},{"billed_charge":123.00,"npi":[1285798918]},{"billed_charge":152.00,"npi":[1285798918]},{"billed_charge":159.00,"npi":[1285798918]},{"billed_charge":203.00,"npi":[1285798918]}]},{"allowed_amount":0.00,"billing_code_modifier":[""],"providers":[{"billed_charge":91.00,"npi":[1285798918]},{"billed_charge":97.00,"npi":[1285798918]},{"billed_charge":104.00,"npi":[1285798918]},{"billed_charge":115.00,"npi":[1285798918]},{"billed_charge":123.00,"npi":[1285798918]},{"billed_charge":152.00,"npi":[1285798918]},{"billed_charge":159.00,"npi":[1285798918]},{"billed_charge":203.00,"npi":[1285798918]}]},{"allowed_amount":0.00,"billing_code_modifier":[""],"providers":[{"billed_charge":91.00,"npi":[1285798918]},{"billed_charge":97.00,"npi":[1285798918]},{"billed_charge":104.00,"npi":[1285798918]},{"billed_charge":115.00,"npi":[1285798918]},{"billed_charge":123.00,"npi":[1285798918]},{"billed_charge":152.00,"npi":[1285798918]},{"billed_charge":159.00,"npi":[1285798918]},{"billed_charge":203.00,"npi":[1285798918]}]},{"allowed_amount":0.00,"billing_code_modifier":[""],"providers":[{"billed_charge":91.00,"npi":[1285798918]},{"billed_charge":97.00,"npi":[1285798918]},{"billed_charge":104.00,"npi":[1285798918]},{"billed_charge":115.00,"npi":[1285798918]},{"billed_charge":123.00,"npi":[1285798918]},{"billed_charge":152.00,"npi":[1285798918]},{"billed_charge":159.00,"npi":[1285798918]},{"billed_charge":203.00,"npi":[1285798918]}]},{"allowed_amount":0.00,"billing_code_modifier":[""],"providers":[{"billed_charge":91.00,"npi":[1285798918]},{"billed_charge":97.00,"npi":[1285798918]},{"billed_charge":104.00,"npi":[1285798918]},{"billed_charge":115.00,"npi":[1285798918]},{"billed_charge":123.00,"npi":[1285798918]},{"billed_charge":152.00,"npi":[1285798918]},{"billed_charge":159.00,"npi":[1285798918]},{"billed_charge":203.00,"npi":[1285798918]}]},{"allowed_amount":0.00,"billing_code_modifier":[""],"providers":[{"billed_charge":91.00,"npi":[1285798918]},{"billed_charge":97.00,"npi":[1285798918]},{"billed_charge":104.00,"npi":[1285798918]},{"billed_charge":115.00,"npi":[1285798918]},{"billed_charge":123.00,"npi":[1285798918]},{"billed_charge":152.00,"npi":[1285798918]},{"billed_charge":159.00,"npi":[1285798918]},{"billed_charge":203.00,"npi":[1285798918]}]}]},{"tin":{"type":"ein","value":"756004221"},"service_code":["23"],"billing_class":"institutional","payments":[{"allowed_amount":0.00,"billing_code_modifier":[""],"providers":[{"billed_charge":367.00,"npi":[1932123247]},{"billed_charge":567.00,"npi":[1932123247]}]},{"allowed_amount":0.00,"billing_code_modifier":[""],"providers":[{"billed_charge":367.00,"npi":[1932123247]},{"billed_charge":567.00,"npi":[1932123247]}]}]},{"tin":{"type":"ein","value":"756004221"},"service_code":["23"],"billing_class":"institutional","payments":[{"allowed_amount":0.00,"billing_code_modifier":[""],"providers":[{"billed_charge":367.00,"npi":[1932123247]},{"billed_charge":567.00,"npi":[1932123247]}]},{"allowed_amount":0.00,"billing_code_modifier":[""],"providers":[{"billed_charge":367.00,"npi":[1932123247]},{"billed_charge":567.00,"npi":[1932123247]}]}]},{"tin":{"type":"ein","value":"760545192"},"service_code":["23"],"billing_class":"institutional","payments":[{"allowed_amount":0.00,"billing_code_modifier":[""],"providers":[{"billed_charge":435.00,"npi":[1871619254]},{"billed_charge":567.00,"npi":[1871619254]},{"billed_charge":849.00,"npi":[1871619254]},{"billed_charge":854.00,"npi":[1871619254]}]},{"allowed_amount":0.00,"billing_code_modifier":[""],"providers":[{"billed_charge":435.00,"npi":[1871619254]},{"billed_charge":567.00,"npi":[1871619254]},{"billed_charge":849.00,"npi":[1871619254]},{"billed_charge":854.00,"npi":[1871619254]}]},{"allowed_amount":0.00,"billing_code_modifier":[""],"providers":[{"billed_charge":435.00,"npi":[1871619254]},{"billed_charge":567.00,"npi":[1871619254]},{"billed_charge":849.00,"npi":[1871619254]},{"billed_charge":854.00,"npi":[1871619254]}]},{"allowed_amount":0.00,"billing_code_modifier":[""],"providers":[{"billed_charge":435.00,"npi":[1871619254]},{"billed_charge":567.00,"npi":[1871619254]},{"billed_charge":849.00,"npi":[1871619254]},{"billed_charge":854.00,"npi":[1871619254]}]}]},{"tin":{"type":"ein","value":"760545192"},"service_code":["23"],"billing_class":"institutional","payments":[{"allowed_amount":0.00,"billing_code_modifier":[""],"providers":[{"billed_charge":435.00,"npi":[1871619254]},{"billed_charge":567.00,"npi":[1871619254]},{"billed_charge":849.00,"npi":[1871619254]},{"billed_charge":854.00,"npi":[1871619254]}]},{"allowed_amount":0.00,"billing_code_modifier":[""],"providers":[{"billed_charge":435.00,"npi":[1871619254]},{"billed_charge":567.00,"npi":[1871619254]},{"billed_charge":849.00,"npi":[1871619254]},{"billed_charge":854.00,"npi":[1871619254]}]},{"allowed_amount":0.00,"billing_code_modifier":[""],"providers":[{"billed_charge":435.00,"npi":[1871619254]},{"billed_charge":567.00,"npi":[1871619254]},{"billed_charge":849.00,"npi":[1871619254]},{"billed_charge":854.00,"npi":[1871619254]}]},{"allowed_amount":0.00,"billing_code_modifier":[""],"providers":[{"billed_charge":435.00,"npi":[1871619254]},{"billed_charge":567.00,"npi":[1871619254]},{"billed_charge":849.00,"npi":[1871619254]},{"billed_charge":854.00,"npi":[1871619254]}]}]},{"tin":{"type":"ein","value":"760545192"},"service_code":["23"],"billing_class":"institutional","payments":[{"allowed_amount":0.00,"billing_code_modifier":[""],"providers":[{"billed_charge":435.00,"npi":[1871619254]},{"billed_charge":567.00,"npi":[1871619254]},{"billed_charge":849.00,"npi":[1871619254]},{"billed_charge":854.00,"npi":[1871619254]}]},{"allowed_amount":0.00,"billing_code_modifier":[""],"providers":[{"billed_charge":435.00,"npi":[1871619254]},{"billed_charge":567.00,"npi":[1871619254]},{"billed_charge":849.00,"npi":[1871619254]},{"billed_charge":854.00,"npi":[1871619254]}]},{"allowed_amount":0.00,"billing_code_modifier":[""],"providers":[{"billed_charge":435.00,"npi":[1871619254]},{"billed_charge":567.00,"npi":[1871619254]},{"billed_charge":849.00,"npi":[1871619254]},{"billed_charge":854.00,"npi":[1871619254]}]},{"allowed_amount":0.00,"billing_code_modifier":[""],"providers":[{"billed_charge":435.00,"npi":[1871619254]},{"billed_charge":567.00,"npi":[1871619254]},{"billed_charge":849.00,"npi":[1871619254]},{"billed_charge":854.00,"npi":[1871619254]}]}]},{"tin":{"type":"ein","value":"760545192"},"service_code":["23"],"billing_class":"institutional","payments":[{"allowed_amount":0.00,"billing_code_modifier":[""],"providers":[{"billed_charge":435.00,"npi":[1871619254]},{"billed_charge":567.00,"npi":[1871619254]},{"billed_charge":849.00,"npi":[1871619254]},{"billed_charge":854.00,"npi":[1871619254]}]},{"allowed_amount":0.00,"billing_code_modifier":[""],"providers":[{"billed_charge":435.00,"npi":[1871619254]},{"billed_charge":567.00,"npi":[1871619254]},{"billed_charge":849.00,"npi":[1871619254]},{"billed_charge":854.00,"npi":[1871619254]}]},{"allowed_amount":0.00,"billing_code_modifier":[""],"providers":[{"billed_charge":435.00,"npi":[1871619254]},{"billed_charge":567.00,"npi":[1871619254]},{"billed_charge":849.00,"npi":[1871619254]},{"billed_charge":854.00,"npi":[1871619254]}]},{"allowed_amount":0.00,"billing_code_modifier":[""],"providers":[{"billed_charge":435.00,"npi":[1871619254]},{"billed_charge":567.00,"npi":[1871619254]},{"billed_charge":849.00,"npi":[1871619254]},{"billed_charge":854.00,"npi":[1871619254]}]}]},{"tin":{"type":"ein","value":"824884205"},"service_code":["23"],"billing_class":"institutional","payments":[{"allowed_amount":0.00,"billing_code_modifier":[""],"providers":[{"billed_charge":1303.69,"npi":[1295223477]}]}]},{"tin":{"type":"ein","value":"852713042"},"service_code":["23"],"billing_class":"institutional","payments":[{"allowed_amount":0.00,"billing_code_modifier":[""],"providers":[{"billed_charge":144.00,"npi":[1376141556]},{"billed_charge":468.00,"npi":[1376141556]},{"billed_charge":746.78,"npi":[1376141556]},{"billed_charge":918.00,"npi":[1376141556]},{"billed_charge":1404.20,"npi":[1376141556]}]},{"allowed_amount":0.00,"billing_code_modifier":[""],"providers":[{"billed_charge":144.00,"npi":[1376141556]},{"billed_charge":468.00,"npi":[1376141556]},{"billed_charge":746.78,"npi":[1376141556]},{"billed_charge":918.00,"npi":[1376141556]},{"billed_charge":1404.20,"npi":[1376141556]}]},{"allowed_amount":0.00,"billing_code_modifier":[""],"providers":[{"billed_charge":144.00,"npi":[1376141556]},{"billed_charge":468.00,"npi":[1376141556]},{"billed_charge":746.78,"npi":[1376141556]},{"billed_charge":918.00,"npi":[1376141556]},{"billed_charge":1404.20,"npi":[1376141556]}]},{"allowed_amount":0.00,"billing_code_modifier":[""],"providers":[{"billed_charge":144.00,"npi":[1376141556]},{"billed_charge":468.00,"npi":[1376141556]},{"billed_charge":746.78,"npi":[1376141556]},{"billed_charge":918.00,"npi":[1376141556]},{"billed_charge":1404.20,"npi":[1376141556]}]},{"allowed_amount":0.00,"billing_code_modifier":[""],"providers":[{"billed_charge":144.00,"npi":[1376141556]},{"billed_charge":468.00,"npi":[1376141556]},{"billed_charge":746.78,"npi":[1376141556]},{"billed_charge":918.00,"npi":[1376141556]},{"billed_charge":1404.20,"npi":[1376141556]}]}]},{"tin":{"type":"ein","value":"852713042"},"service_code":["23"],"billing_class":"institutional","payments":[{"allowed_amount":0.00,"billing_code_modifier":[""],"providers":[{"billed_charge":144.00,"npi":[1376141556]},{"billed_charge":468.00,"npi":[1376141556]},{"billed_charge":746.78,"npi":[1376141556]},{"billed_charge":918.00,"npi":[1376141556]},{"billed_charge":1404.20,"npi":[1376141556]}]},{"allowed_amount":0.00,"billing_code_modifier":[""],"providers":[{"billed_charge":144.00,"npi":[1376141556]},{"billed_charge":468.00,"npi":[1376141556]},{"billed_charge":746.78,"npi":[1376141556]},{"billed_charge":918.00,"npi":[1376141556]},{"billed_charge":1404.20,"npi":[1376141556]}]},{"allowed_amount":0.00,"billing_code_modifier":[""],"providers":[{"billed_charge":144.00,"npi":[1376141556]},{"billed_charge":468.00,"npi":[1376141556]},{"billed_charge":746.78,"npi":[1376141556]},{"billed_charge":918.00,"npi":[1376141556]},{"billed_charge":1404.20,"npi":[1376141556]}]},{"allowed_amount":0.00,"billing_code_modifier":[""],"providers":[{"billed_charge":144.00,"npi":[1376141556]},{"billed_charge":468.00,"npi":[1376141556]},{"billed_charge":746.78,"npi":[1376141556]},{"billed_charge":918.00,"npi":[1376141556]},{"billed_charge":1404.20,"npi":[1376141556]}]},{"allowed_amount":0.00,"billing_code_modifier":[""],"providers":[{"billed_charge":144.00,"npi":[1376141556]},{"billed_charge":468.00,"npi":[1376141556]},{"billed_charge":746.78,"npi":[1376141556]},{"billed_charge":918.00,"npi":[1376141556]},{"billed_charge":1404.20,"npi":[1376141556]}]}]},{"tin":{"type":"ein","value":"852713042"},"service_code":["23"],"billing_class":"institutional","payments":[{"allowed_amount":0.00,"billing_code_modifier":[""],"providers":[{"billed_charge":144.00,"npi":[1376141556]},{"billed_charge":468.00,"npi":[1376141556]},{"billed_charge":746.78,"npi":[1376141556]},{"billed_charge":918.00,"npi":[1376141556]},{"billed_charge":1404.20,"npi":[1376141556]}]},{"allowed_amount":0.00,"billing_code_modifier":[""],"providers":[{"billed_charge":144.00,"npi":[1376141556]},{"billed_charge":468.00,"npi":[1376141556]},{"billed_charge":746.78,"npi":[1376141556]},{"billed_charge":918.00,"npi":[1376141556]},{"billed_charge":1404.20,"npi":[1376141556]}]},{"allowed_amount":0.00,"billing_code_modifier":[""],"providers":[{"billed_charge":144.00,"npi":[1376141556]},{"billed_charge":468.00,"npi":[1376141556]},{"billed_charge":746.78,"npi":[1376141556]},{"billed_charge":918.00,"npi":[1376141556]},{"billed_charge":1404.20,"npi":[1376141556]}]},{"allowed_amount":0.00,"billing_code_modifier":[""],"providers":[{"billed_charge":144.00,"npi":[1376141556]},{"billed_charge":468.00,"npi":[1376141556]},{"billed_charge":746.78,"npi":[1376141556]},{"billed_charge":918.00,"npi":[1376141556]},{"billed_charge":1404.20,"npi":[1376141556]}]},{"allowed_amount":0.00,"billing_code_modifier":[""],"providers":[{"billed_charge":144.00,"npi":[1376141556]},{"billed_charge":468.00,"npi":[1376141556]},{"billed_charge":746.78,"npi":[1376141556]},{"billed_charge":918.00,"npi":[1376141556]},{"billed_charge":1404.20,"npi":[1376141556]}]}]},{"tin":{"type":"ein","value":"852713042"},"service_code":["23"],"billing_class":"institutional","payments":[{"allowed_amount":0.00,"billing_code_modifier":[""],"providers":[{"billed_charge":144.00,"npi":[1376141556]},{"billed_charge":468.00,"npi":[1376141556]},{"billed_charge":746.78,"npi":[1376141556]},{"billed_charge":918.00,"npi":[1376141556]},{"billed_charge":1404.20,"npi":[1376141556]}]},{"allowed_amount":0.00,"billing_code_modifier":[""],"providers":[{"billed_charge":144.00,"npi":[1376141556]},{"billed_charge":468.00,"npi":[1376141556]},{"billed_charge":746.78,"npi":[1376141556]},{"billed_charge":918.00,"npi":[1376141556]},{"billed_charge":1404.20,"npi":[1376141556]}]},{"allowed_amount":0.00,"billing_code_modifier":[""],"providers":[{"billed_charge":144.00,"npi":[1376141556]},{"billed_charge":468.00,"npi":[1376141556]},{"billed_charge":746.78,"npi":[1376141556]},{"billed_charge":918.00,"npi":[1376141556]},{"billed_charge":1404.20,"npi":[1376141556]}]},{"allowed_amount":0.00,"billing_code_modifier":[""],"providers":[{"billed_charge":144.00,"npi":[1376141556]},{"billed_charge":468.00,"npi":[1376141556]},{"billed_charge":746.78,"npi":[1376141556]},{"billed_charge":918.00,"npi":[1376141556]},{"billed_charge":1404.20,"npi":[1376141556]}]},{"allowed_amount":0.00,"billing_code_modifier":[""],"providers":[{"billed_charge":144.00,"npi":[1376141556]},{"billed_charge":468.00,"npi":[1376141556]},{"billed_charge":746.78,"npi":[1376141556]},{"billed_charge":918.00,"npi":[1376141556]},{"billed_charge":1404.20,"npi":[1376141556]}]}]},{"tin":{"type":"ein","value":"852713042"},"service_code":["23"],"billing_class":"institutional","payments":[{"allowed_amount":0.00,"billing_code_modifier":[""],"providers":[{"billed_charge":144.00,"npi":[1376141556]},{"billed_charge":468.00,"npi":[1376141556]},{"billed_charge":746.78,"npi":[1376141556]},{"billed_charge":918.00,"npi":[1376141556]},{"billed_charge":1404.20,"npi":[1376141556]}]},{"allowed_amount":0.00,"billing_code_modifier":[""],"providers":[{"billed_charge":144.00,"npi":[1376141556]},{"billed_charge":468.00,"npi":[1376141556]},{"billed_charge":746.78,"npi":[1376141556]},{"billed_charge":918.00,"npi":[1376141556]},{"billed_charge":1404.20,"npi":[1376141556]}]},{"allowed_amount":0.00,"billing_code_modifier":[""],"providers":[{"billed_charge":144.00,"npi":[1376141556]},{"billed_charge":468.00,"npi":[1376141556]},{"billed_charge":746.78,"npi":[1376141556]},{"billed_charge":918.00,"npi":[1376141556]},{"billed_charge":1404.20,"npi":[1376141556]}]},{"allowed_amount":0.00,"billing_code_modifier":[""],"providers":[{"billed_charge":144.00,"npi":[1376141556]},{"billed_charge":468.00,"npi":[1376141556]},{"billed_charge":746.78,"npi":[1376141556]},{"billed_charge":918.00,"npi":[1376141556]},{"billed_charge":1404.20,"npi":[1376141556]}]},{"allowed_amount":0.00,"billing_code_modifier":[""],"providers":[{"billed_charge":144.00,"npi":[1376141556]},{"billed_charge":468.00,"npi":[1376141556]},{"billed_charge":746.78,"npi":[1376141556]},{"billed_charge":918.00,"npi":[1376141556]},{"billed_charge":1404.20,"npi":[1376141556]}]}]}]},{"name":"PHARMACY","billing_code_type":"RC","billing_code_type_version":"UB04","billing_code":"0250","description":"PHARMACY","allowed_amounts":[{"tin":{"type":"ein","value":"742794200"},"service_code":["65"],"billing_class":"institutional","payments":[{"allowed_amount":0.04,"billing_code_modifier":[""],"providers":[{"billed_charge":0.68,"npi":[1437105616]}]}]},{"tin":{"type":"ein","value":"742794200"},"service_code":["65"],"billing_class":"institutional","payments":[{"allowed_amount":0.05,"billing_code_modifier":[""],"providers":[{"billed_charge":0.90,"npi":[1437105616]},{"billed_charge":0.94,"npi":[1437105616]}]},{"allowed_amount":0.05,"billing_code_modifier":[""],"providers":[{"billed_charge":0.90,"npi":[1437105616]},{"billed_charge":0.94,"npi":[1437105616]}]}]},{"tin":{"type":"ein","value":"742794200"},"service_code":["65"],"billing_class":"institutional","payments":[{"allowed_amount":0.05,"billing_code_modifier":[""],"providers":[{"billed_charge":0.90,"npi":[1437105616]},{"billed_charge":0.94,"npi":[1437105616]}]},{"allowed_amount":0.05,"billing_code_modifier":[""],"providers":[{"billed_charge":0.90,"npi":[1437105616]},{"billed_charge":0.94,"npi":[1437105616]}]}]},{"tin":{"type":"ein","value":"742794200"},"service_code":["65"],"billing_class":"institutional","payments":[{"allowed_amount":0.07,"billing_code_modifier":[""],"providers":[{"billed_charge":1.30,"npi":[1437105616]}]}]}]},{"name":"PROLONGED INPATIENT\/OBSERVATION EM SVC EA 15 MIN","billing_code_type":"CPT","billing_code_type_version":"2020","billing_code":"99418","description":"PROLONGED INPATIENT\/OBSERVATION EM SVC EA 15 MIN","allowed_amounts":[{"tin":{"type":"ein","value":"710970904"},"service_code":["21"],"billing_class":"professional","payments":[{"allowed_amount":614.13,"billing_code_modifier":[""],"providers":[{"billed_charge":1250.00,"npi":[1144279514,1265814065,1871612630]}]}]}]},{"name":"PROTHROMBIN TIME","billing_code_type":"CPT","billing_code_type_version":"2020","billing_code":"85610","description":"PROTHROMBIN TIME","allowed_amounts":[{"tin":{"type":"ein","value":"371520288"},"service_code":["23"],"billing_class":"professional","payments":[{"allowed_amount":6.65,"billing_code_modifier":[""],"providers":[{"billed_charge":7.40,"npi":[1215995584,1730398652]}]}]},{"tin":{"type":"ein","value":"741703601"},"service_code":["21"],"billing_class":"professional","payments":[{"allowed_amount":6.65,"billing_code_modifier":[""],"providers":[{"billed_charge":9.00,"npi":[1669414330,1962628842]}]}]},{"tin":{"type":"ein","value":"741720245"},"service_code":["21","22"],"billing_class":"professional","payments":[{"allowed_amount":6.65,"billing_code_modifier":[""],"providers":[{"billed_charge":11.00,"npi":[1023074929,1255394615,1518254309,1568425916,1780882381,1841293206]}]}]},{"tin":{"type":"ein","value":"760421006"},"service_code":["22"],"billing_class":"professional","payments":[{"allowed_amount":6.65,"billing_code_modifier":[""],"providers":[{"billed_charge":8.15,"npi":[1194929778,1316921026]}]}]}]},{"name":"RADIOLOGIC EXAM CHEST SINGLE VIEW","billing_code_type":"CPT","billing_code_type_version":"2020","billing_code":"71045","description":"RADIOLOGIC EXAM CHEST SINGLE VIEW","allowed_amounts":[{"tin":{"type":"ein","value":"741680498"},"service_code":["21","22","23"],"billing_class":"professional","payments":[{"allowed_amount":16.47,"billing_code_modifier":[""],"providers":[{"billed_charge":153.00,"npi":[1073723144,1205832466,1356324875,1467440594,1538107875,1689840076,1740361039,1760439129,1841287018,1992152342]}]}]}]},{"name":"SBSQ HOSPITAL IP\/OBS CARE HIGH MDM 50 MINUTES","billing_code_type":"CPT","billing_code_type_version":"2020","billing_code":"99233","description":"SBSQ HOSPITAL IP\/OBS CARE HIGH MDM 50 MINUTES","allowed_amounts":[{"tin":{"type":"ein","value":"205146786"},"service_code":["21"],"billing_class":"professional","payments":[{"allowed_amount":124.44,"billing_code_modifier":[""],"providers":[{"billed_charge":357.00,"npi":[1467476051,1831519511]}]}]},{"tin":{"type":"ein","value":"300520570"},"service_code":["21"],"billing_class":"professional","payments":[{"allowed_amount":124.44,"billing_code_modifier":[""],"providers":[{"billed_charge":226.00,"npi":[1164801569,1275779225,1427337930]}]}]},{"tin":{"type":"ein","value":"710970904"},"service_code":["21"],"billing_class":"professional","payments":[{"allowed_amount":127.62,"billing_code_modifier":[""],"providers":[{"billed_charge":750.00,"npi":[1144279514,1265814065,1871612630]}]}]},{"tin":{"type":"ein","value":"760664026"},"service_code":["21"],"billing_class":"professional","payments":[{"allowed_amount":124.44,"billing_code_modifier":[""],"providers":[{"billed_charge":150.00,"npi":[1124022868]}]}]},{"tin":{"type":"ein","value":"832991106"},"service_code":["21"],"billing_class":"professional","payments":[{"allowed_amount":124.44,"billing_code_modifier":[""],"providers":[{"billed_charge":160.00,"npi":[1043784887,1598952178]}]}]},{"tin":{"type":"ein","value":"842292991"},"service_code":["21"],"billing_class":"professional","payments":[{"allowed_amount":127.62,"billing_code_modifier":[""],"providers":[{"billed_charge":300.00,"npi":[1013521137,1124467519,1225202542,1265814065]}]}]}]},{"name":"SCREENING DIGITAL BREAST TOMOSYNTHESIS BI","billing_code_type":"CPT","billing_code_type_version":"2020","billing_code":"77063","description":"SCREENING DIGITAL BREAST TOMOSYNTHESIS BI","allowed_amounts":[{"tin":{"type":"ein","value":"383768845"},"service_code":["22"],"billing_class":"professional","payments":[{"allowed_amount":58.59,"billing_code_modifier":[""],"providers":[{"billed_charge":150.00,"npi":[1366820649,1427235704]}]}]},{"tin":{"type":"ein","value":"741680498"},"service_code":["22"],"billing_class":"professional","payments":[{"allowed_amount":58.59,"billing_code_modifier":[""],"providers":[{"billed_charge":186.00,"npi":[1083683015,1306813589,1407109770,1447450267,1477998607,1508181330,1538107875,1538122460,1699185587,1700877826,1740232396,1750404380,1821138587,1821225566,1871822544,1932527231]}]}]}]},{"name":"SCREENING MAMMOGRAPHY BI 2-VIEW BREAST INC CAD","billing_code_type":"CPT","billing_code_type_version":"2020","billing_code":"77067","description":"SCREENING MAMMOGRAPHY BI 2-VIEW BREAST INC CAD","allowed_amounts":[{"tin":{"type":"ein","value":"383768845"},"service_code":["22"],"billing_class":"professional","payments":[{"allowed_amount":69.48,"billing_code_modifier":[""],"providers":[{"billed_charge":200.00,"npi":[1366820649,1427235704]}]}]},{"tin":{"type":"ein","value":"741680498"},"service_code":["22"],"billing_class":"professional","payments":[{"allowed_amount":69.48,"billing_code_modifier":[""],"providers":[{"billed_charge":276.00,"npi":[1083683015,1306813589,1407109770,1447450267,1477998607,1508181330,1538107875,1538122460,1699185587,1700877826,1740232396,1750404380,1821138587,1821225566,1871822544,1932527231]}]}]}]},{"name":"URNLS DIP STICK\/TABLET REAGENT AUTO MICROSCOPY","billing_code_type":"CPT","billing_code_type_version":"2020","billing_code":"81001","description":"URNLS DIP STICK\/TABLET REAGENT AUTO MICROSCOPY","allowed_amounts":[{"tin":{"type":"ein","value":"371520288"},"service_code":["23"],"billing_class":"professional","payments":[{"allowed_amount":6.65,"billing_code_modifier":[""],"providers":[{"billed_charge":8.20,"npi":[1043268576,1215995584,1730398652]}]}]},{"tin":{"type":"ein","value":"741209207"},"service_code":["22"],"billing_class":"professional","payments":[{"allowed_amount":6.65,"billing_code_modifier":[""],"providers":[{"billed_charge":8.70,"npi":[1124295092,1912981747]}]}]},{"tin":{"type":"ein","value":"741720245"},"service_code":["21","22"],"billing_class":"professional","payments":[{"allowed_amount":6.65,"billing_code_modifier":[""],"providers":[{"billed_charge":14.00,"npi":[1023074929,1568425916,1780882381,1841293206]}]}]},{"tin":{"type":"ein","value":"751049190"},"service_code":["21"],"billing_class":"professional","payments":[{"allowed_amount":6.65,"billing_code_modifier":[""],"providers":[{"billed_charge":11.70,"npi":[1265477707,1619903226]}]}]},{"tin":{"type":"ein","value":"751788181"},"service_code":["22"],"billing_class":"professional","payments":[{"allowed_amount":6.65,"billing_code_modifier":[""],"providers":[{"billed_charge":7.00,"npi":[1457381352,1720010077]}]}]},{"tin":{"type":"ein","value":"752141895"},"service_code":["23"],"billing_class":"professional","payments":[{"allowed_amount":6.65,"billing_code_modifier":[""],"providers":[{"billed_charge":8.00,"npi":[1073587564,1952375495]}]}]},{"tin":{"type":"ein","value":"756002868"},"service_code":["22"],"billing_class":"professional","payments":[{"allowed_amount":6.65,"billing_code_modifier":[""],"providers":[{"billed_charge":8.00,"npi":[1104891050,1326017872]}]}]},{"tin":{"type":"ein","value":"760421006"},"service_code":["23"],"billing_class":"professional","payments":[{"allowed_amount":6.65,"billing_code_modifier":[""],"providers":[{"billed_charge":9.05,"npi":[1316921026,1366447690]}]}]}]}]}
