{"reporting_entity_name": "IEC Group_DBA AmeriBen",
	"reporting_entity_type": "Third Party Administrator",
	"plan_name": "CITY OF COLORADO SPRINGS",
	"plan_id_type": "ein",
	"plan_id": "846000573",
	"plan_market_type": "group",
	"last_updated_on": "2023-02-01","Version": "1.0.0","out_of_network":[{"name":"CARDIOLOGY: ECHOCARDIOLOGY","billing_code_type":"RC","billing_code_type_version":"UB04","billing_code":"0483","description":"CARDIOLOGY: ECHOCARDIOLOGY","allowed_amounts":[{"tin":{"type":"ein","value":"840166760"},"service_code":["22"],"billing_class":"institutional","payments":[{"allowed_amount":0.00,"billing_code_modifier":[""],"providers":[{"billed_charge":465.00,"npi":[1053793836,1629175815,1841948254]},{"billed_charge":616.00,"npi":[1053793836,1629175815,1841948254]}]},{"allowed_amount":0.00,"billing_code_modifier":[""],"providers":[{"billed_charge":465.00,"npi":[1053793836,1629175815,1841948254]},{"billed_charge":616.00,"npi":[1053793836,1629175815,1841948254]}]}]},{"tin":{"type":"ein","value":"840166760"},"service_code":["22"],"billing_class":"institutional","payments":[{"allowed_amount":0.00,"billing_code_modifier":[""],"providers":[{"billed_charge":465.00,"npi":[1053793836,1629175815,1841948254]},{"billed_charge":616.00,"npi":[1053793836,1629175815,1841948254]}]},{"allowed_amount":0.00,"billing_code_modifier":[""],"providers":[{"billed_charge":465.00,"npi":[1053793836,1629175815,1841948254]},{"billed_charge":616.00,"npi":[1053793836,1629175815,1841948254]}]}]}]},{"name":"CONTINUOUS POSITIVE AIRWAY PRESSURE DEVICE","billing_code_type":"HCPCS","billing_code_type_version":"HCPCS LEVEL II 2021","billing_code":"E0601","description":"CONTINUOUS POSITIVE AIRWAY PRESSURE DEVICE","allowed_amounts":[{"tin":{"type":"ein","value":"452683127"},"service_code":["12"],"billing_class":"professional","payments":[{"allowed_amount":34.09,"billing_code_modifier":[""],"providers":[{"billed_charge":140.00,"npi":[1063503720,1114340668,1144767542,1427254622,1962487587]}]}]}]},{"name":"HUMDIFIR HEATED USED W\/POS ARWAY PRESSURE DEVICE","billing_code_type":"HCPCS","billing_code_type_version":"HCPCS LEVEL II 2021","billing_code":"E0562","description":"HUMDIFIR HEATED USED W\/POS ARWAY PRESSURE DEVICE","allowed_amounts":[{"tin":{"type":"ein","value":"452683127"},"service_code":["12"],"billing_class":"professional","payments":[{"allowed_amount":11.43,"billing_code_modifier":[""],"providers":[{"billed_charge":40.00,"npi":[1063503720,1114340668,1144767542,1427254622,1962487587]}]}]}]},{"name":"IADNA SARS-COV-2 COVID-19 AMPLIFIED PROBE TQ","billing_code_type":"CPT","billing_code_type_version":"2020","billing_code":"87635","description":"IADNA SARS-COV-2 COVID-19 AMPLIFIED PROBE TQ","allowed_amounts":[{"tin":{"type":"ein","value":"361924025"},"service_code":["81"],"billing_class":"professional","payments":[{"allowed_amount":100.00,"billing_code_modifier":[""],"providers":[{"billed_charge":100.00,"npi":[1114932472,1194730432,1215942578,1275548513,1336154673,1811902158,1871509513,1932114295,1962523555]}]}]}]},{"name":"LABORATORY - CLINICAL DIAGNOSTIC","billing_code_type":"RC","billing_code_type_version":"UB04","billing_code":"0300","description":"LABORATORY - CLINICAL DIAGNOSTIC","allowed_amounts":[{"tin":{"type":"ein","value":"840166760"},"service_code":["22"],"billing_class":"institutional","payments":[{"allowed_amount":18.24,"billing_code_modifier":[""],"providers":[{"billed_charge":48.00,"npi":[1114177128,1114909447,1225175516,1447453436,1508170275,1518257427,1588746986,1629175815,1669628798,1699937623,1841948254,1891169835,1891950614,1932161916,1992901003]}]}]}]},{"name":"PHYSICAL THERAPY","billing_code_type":"RC","billing_code_type_version":"UB04","billing_code":"0420","description":"PHYSICAL THERAPY","allowed_amounts":[{"tin":{"type":"ein","value":"840166760"},"service_code":["22"],"billing_class":"institutional","payments":[{"allowed_amount":141.00,"billing_code_modifier":[""],"providers":[{"billed_charge":380.00,"npi":[1336434547,1447453436,1528189461,1801873963,1841948254]}]}]}]},{"name":"PSYCHOTHERAPY W\/PATIENT 60 MINUTES","billing_code_type":"CPT","billing_code_type_version":"2020","billing_code":"90837","description":"PSYCHOTHERAPY W\/PATIENT 60 MINUTES","allowed_amounts":[{"tin":{"type":"ein","value":"263447487"},"service_code":["11"],"billing_class":"professional","payments":[{"allowed_amount":169.22,"billing_code_modifier":[""],"providers":[{"billed_charge":250.00,"npi":[1194293845,1215181300,1407391840]}]}]},{"tin":{"type":"ein","value":"475025949"},"service_code":["02"],"billing_class":"professional","payments":[{"allowed_amount":169.22,"billing_code_modifier":[""],"providers":[{"billed_charge":206.00,"npi":[1083354740,1215561915,1760854442]}]}]},{"tin":{"type":"ein","value":"846001656"},"service_code":["11"],"billing_class":"professional","payments":[{"allowed_amount":169.22,"billing_code_modifier":[""],"providers":[{"billed_charge":280.00,"npi":[1386817476,1922459007]}]}]},{"tin":{"type":"ein","value":"861747274"},"service_code":["02","11"],"billing_class":"professional","payments":[{"allowed_amount":169.22,"billing_code_modifier":[""],"providers":[{"billed_charge":186.00,"npi":[1043596620,1164014874,1609034263,1801430251]}]}]}]},{"name":"RESIDENTIAL TREATMENT-CHEMICAL DEPENDENCY","billing_code_type":"RC","billing_code_type_version":"UB04","billing_code":"1002","description":"RESIDENTIAL TREATMENT-CHEMICAL DEPENDENCY","allowed_amounts":[{"tin":{"type":"ein","value":"830962126"},"service_code":["21"],"billing_class":"institutional","payments":[{"allowed_amount":1710.00,"billing_code_modifier":[""],"providers":[{"billed_charge":4500.00,"npi":[1184623878,1275029902]}]}]}]},{"name":"SPEC CLCT FOR SARS-COV-2 COVID-19 ANY SPEC SRC","billing_code_type":"HCPCS","billing_code_type_version":"HCPCS LEVEL II 2021","billing_code":"G2023","description":"SPEC CLCT FOR SARS-COV-2 COVID-19 ANY SPEC SRC","allowed_amounts":[{"tin":{"type":"ein","value":"361924025"},"service_code":["21","81"],"billing_class":"professional","payments":[{"allowed_amount":28.99,"billing_code_modifier":[""],"providers":[{"billed_charge":28.99,"npi":[1003339474,1104116599,1114932472,1194730432,1215942578,1225043565,1275548513,1306852702,1336154673,1811902158,1871509513,1932114295,1962523555]}]}]}]},{"name":"THER PX 1\/> AREAS EACH 15 MIN NEUROMUSC REEDUCA","billing_code_type":"CPT","billing_code_type_version":"2020","billing_code":"97112","description":"THER PX 1\/> AREAS EACH 15 MIN NEUROMUSC REEDUCA","allowed_amounts":[{"tin":{"type":"ein","value":"364794715"},"service_code":["11"],"billing_class":"professional","payments":[{"allowed_amount":0.00,"billing_code_modifier":[""],"providers":[{"billed_charge":51.00,"npi":[1336542125,1588621072,1750857058,1760853600,1902419237]},{"billed_charge":102.00,"npi":[1336542125,1760853600,1962140988]}]},{"allowed_amount":0.00,"billing_code_modifier":[""],"providers":[{"billed_charge":51.00,"npi":[1336542125,1588621072,1750857058,1760853600,1902419237]},{"billed_charge":102.00,"npi":[1336542125,1760853600,1962140988]}]}]},{"tin":{"type":"ein","value":"364794715"},"service_code":["11"],"billing_class":"professional","payments":[{"allowed_amount":0.00,"billing_code_modifier":[""],"providers":[{"billed_charge":51.00,"npi":[1336542125,1588621072,1750857058,1760853600,1902419237]},{"billed_charge":102.00,"npi":[1336542125,1760853600,1962140988]}]},{"allowed_amount":0.00,"billing_code_modifier":[""],"providers":[{"billed_charge":51.00,"npi":[1336542125,1588621072,1750857058,1760853600,1902419237]},{"billed_charge":102.00,"npi":[1336542125,1760853600,1962140988]}]}]},{"tin":{"type":"ein","value":"841554677"},"service_code":["11"],"billing_class":"professional","payments":[{"allowed_amount":0.00,"billing_code_modifier":[""],"providers":[{"billed_charge":31.93,"npi":[1508456963]}]}]}]},{"name":"THER SP-GENRATJ DEV PRGRMG&MODIFICAJ","billing_code_type":"CPT","billing_code_type_version":"2020","billing_code":"92609","description":"THER SP-GENRATJ DEV PRGRMG&MODIFICAJ","allowed_amounts":[{"tin":{"type":"ein","value":"208352532"},"service_code":["02","11"],"billing_class":"professional","payments":[{"allowed_amount":113.82,"billing_code_modifier":[""],"providers":[{"billed_charge":150.00,"npi":[1194334169,1770958159,1902067812]}]}]}]},{"name":"THERAPEUT ACTVITY DIRECT PT CONTACT EACH 15 MIN","billing_code_type":"CPT","billing_code_type_version":"2020","billing_code":"97530","description":"THERAPEUT ACTVITY DIRECT PT CONTACT EACH 15 MIN","allowed_amounts":[{"tin":{"type":"ein","value":"364794715"},"service_code":["11"],"billing_class":"professional","payments":[{"allowed_amount":59.50,"billing_code_modifier":[""],"providers":[{"billed_charge":102.00,"npi":[1336542125,1588621072,1750857058,1760853600,1902419237,1962140988]},{"billed_charge":153.00,"npi":[1336542125,1588621072,1902419237]}]},{"allowed_amount":59.50,"billing_code_modifier":[""],"providers":[{"billed_charge":102.00,"npi":[1336542125,1588621072,1750857058,1760853600,1902419237,1962140988]},{"billed_charge":153.00,"npi":[1336542125,1588621072,1902419237]}]}]},{"tin":{"type":"ein","value":"364794715"},"service_code":["11"],"billing_class":"professional","payments":[{"allowed_amount":59.50,"billing_code_modifier":[""],"providers":[{"billed_charge":102.00,"npi":[1336542125,1588621072,1750857058,1760853600,1902419237,1962140988]},{"billed_charge":153.00,"npi":[1336542125,1588621072,1902419237]}]},{"allowed_amount":59.50,"billing_code_modifier":[""],"providers":[{"billed_charge":102.00,"npi":[1336542125,1588621072,1750857058,1760853600,1902419237,1962140988]},{"billed_charge":153.00,"npi":[1336542125,1588621072,1902419237]}]}]},{"tin":{"type":"ein","value":"841554677"},"service_code":["12"],"billing_class":"professional","payments":[{"allowed_amount":59.50,"billing_code_modifier":[""],"providers":[{"billed_charge":137.08,"npi":[1629094909]}]}]}]},{"name":"THERAPEUTIC PX 1\/> AREAS EACH 15 MIN EXERCISES","billing_code_type":"CPT","billing_code_type_version":"2020","billing_code":"97110","description":"THERAPEUTIC PX 1\/> AREAS EACH 15 MIN EXERCISES","allowed_amounts":[{"tin":{"type":"ein","value":"364794715"},"service_code":["11"],"billing_class":"professional","payments":[{"allowed_amount":0.00,"billing_code_modifier":[""],"providers":[{"billed_charge":51.00,"npi":[1336542125,1588621072,1750857058,1760853600,1902419237]}]}]}]},{"name":"TX SPEECH LANG VOICE COMMJ &\/AUDITORY PROC IND","billing_code_type":"CPT","billing_code_type_version":"2020","billing_code":"92507","description":"TX SPEECH LANG VOICE COMMJ &\/AUDITORY PROC IND","allowed_amounts":[{"tin":{"type":"ein","value":"208352532"},"service_code":["10","11"],"billing_class":"professional","payments":[{"allowed_amount":82.89,"billing_code_modifier":[""],"providers":[{"billed_charge":100.00,"npi":[1194334169,1770958159]}]}]},{"tin":{"type":"ein","value":"841554677"},"service_code":["12"],"billing_class":"professional","payments":[{"allowed_amount":82.89,"billing_code_modifier":[""],"providers":[{"billed_charge":145.09,"npi":[1629094909]},{"billed_charge":147.99,"npi":[1629094909]}]},{"allowed_amount":82.89,"billing_code_modifier":[""],"providers":[{"billed_charge":145.09,"npi":[1629094909]},{"billed_charge":147.99,"npi":[1629094909]}]}]},{"tin":{"type":"ein","value":"841554677"},"service_code":["12"],"billing_class":"professional","payments":[{"allowed_amount":82.89,"billing_code_modifier":[""],"providers":[{"billed_charge":145.09,"npi":[1629094909]},{"billed_charge":147.99,"npi":[1629094909]}]},{"allowed_amount":82.89,"billing_code_modifier":[""],"providers":[{"billed_charge":145.09,"npi":[1629094909]},{"billed_charge":147.99,"npi":[1629094909]}]}]}]}]}
