{"reporting_entity_name": "IEC Group_DBA AmeriBen",
	"reporting_entity_type": "Third Party Administrator",
	"plan_name": "MESA COUNTY GOVERNMENT",
	"plan_id_type": "ein",
	"plan_id": "846000783",
	"plan_market_type": "group",
	"last_updated_on": "2022-12-01","Version": "1.0.0","out_of_network":[{"name":"PSYCHOTHERAPY W\/PATIENT 60 MINUTES","billing_code_type":"CPT","billing_code_type_version":"2020","billing_code":"90837","description":"PSYCHOTHERAPY W\/PATIENT 60 MINUTES","allowed_amounts":[{"tin":{"type":"ein","value":"861747274"},"service_code":["11"],"billing_class":"professional","payments":[{"allowed_amount":169.22,"billing_code_modifier":[""],"providers":[{"billed_charge":186.00,"npi":[1164014874,1598208324]},{"billed_charge":192.00,"npi":[1053630889,1164014874,1902884638]}]},{"allowed_amount":169.22,"billing_code_modifier":[""],"providers":[{"billed_charge":186.00,"npi":[1164014874,1598208324]},{"billed_charge":192.00,"npi":[1053630889,1164014874,1902884638]}]}]},{"tin":{"type":"ein","value":"861747274"},"service_code":["11"],"billing_class":"professional","payments":[{"allowed_amount":169.22,"billing_code_modifier":[""],"providers":[{"billed_charge":186.00,"npi":[1164014874,1598208324]},{"billed_charge":192.00,"npi":[1053630889,1164014874,1902884638]}]},{"allowed_amount":169.22,"billing_code_modifier":[""],"providers":[{"billed_charge":186.00,"npi":[1164014874,1598208324]},{"billed_charge":192.00,"npi":[1053630889,1164014874,1902884638]}]}]}]}]}
