{"reporting_entity_name": "IEC Group_DBA AmeriBen",
	"reporting_entity_type": "Third Party Administrator",
	"plan_name": "URSCHEL LABORATORIES INC",
	"plan_id_type": "ein",
	"plan_id": "350726105",
	"plan_market_type": "group",
	"last_updated_on": "2022-08-31","Version": "1.0.0","out_of_network":[{"name":"DRUG TST PRSMV INSTRMNT CHEM ANALYZERS PR DATE","billing_code_type":"CPT","billing_code_type_version":"2020","billing_code":"80307","description":"DRUG TST PRSMV INSTRMNT CHEM ANALYZERS PR DATE","allowed_amounts":[{"tin":{"type":"ein","value":"812681107"},"service_code":["81"],"billing_class":"professional","payments":[{"allowed_amount":1420.16,"billing_code_modifier":[""],"providers":[{"billed_charge":1775.20,"npi":[1548257488,1710426176,1760930697]}]}]}]},{"name":"INFEC AGEN DETEC AMPLI PROBE","billing_code_type":"HCPCS","billing_code_type_version":"HCPCS LEVEL II 2021","billing_code":"U0005","description":"INFEC AGEN DETEC AMPLI PROBE","allowed_amounts":[{"tin":{"type":"ein","value":"050583118"},"service_code":["11"],"billing_class":"professional","payments":[{"allowed_amount":25.00,"billing_code_modifier":[""],"providers":[{"billed_charge":50.00,"npi":[1295227551]}]}]},{"tin":{"type":"ein","value":"272459098"},"service_code":["81"],"billing_class":"professional","payments":[{"allowed_amount":25.00,"billing_code_modifier":[""],"providers":[{"billed_charge":100.00,"npi":[1134439573,1245807643]}]}]},{"tin":{"type":"ein","value":"880241758"},"service_code":["81"],"billing_class":"professional","payments":[{"allowed_amount":25.00,"billing_code_modifier":[""],"providers":[{"billed_charge":25.00,"npi":[1124417357,1982688024]}]}]}]},{"name":"PSYCHIATRIC\/PSYCHOLOGICAL SVCS: PARTIAL HOSP - LES","billing_code_type":"RC","billing_code_type_version":"UB04","billing_code":"0912","description":"PSYCHIATRIC\/PSYCHOLOGICAL SVCS: PARTIAL HOSP - LES","allowed_amounts":[{"tin":{"type":"ein","value":"823508457"},"service_code":["22"],"billing_class":"institutional","payments":[{"allowed_amount":1590.00,"billing_code_modifier":[""],"providers":[{"billed_charge":3195.00,"npi":[1437658572,1548257488]}]}]}]},{"name":"RESIDENTIAL TREATMENT-CHEMICAL DEPENDENCY","billing_code_type":"RC","billing_code_type_version":"UB04","billing_code":"1002","description":"RESIDENTIAL TREATMENT-CHEMICAL DEPENDENCY","allowed_amounts":[{"tin":{"type":"ein","value":"611914073"},"service_code":["21"],"billing_class":"institutional","payments":[{"allowed_amount":2700.00,"billing_code_modifier":[""],"providers":[{"billed_charge":3995.00,"npi":[1508408378,1871559385]}]}]}]},{"name":"SARS-COV-2 COVID-19 AMP PRB HTT","billing_code_type":"HCPCS","billing_code_type_version":"HCPCS LEVEL II 2021","billing_code":"U0003","description":"SARS-COV-2 COVID-19 AMP PRB HTT","allowed_amounts":[{"tin":{"type":"ein","value":"050583118"},"service_code":["11"],"billing_class":"professional","payments":[{"allowed_amount":75.00,"billing_code_modifier":[""],"providers":[{"billed_charge":175.00,"npi":[1295227551]}]}]},{"tin":{"type":"ein","value":"873172645"},"service_code":["81"],"billing_class":"professional","payments":[{"allowed_amount":75.00,"billing_code_modifier":[""],"providers":[{"billed_charge":135.00,"npi":[1922768753]}]}]},{"tin":{"type":"ein","value":"880241758"},"service_code":["81"],"billing_class":"professional","payments":[{"allowed_amount":75.00,"billing_code_modifier":[""],"providers":[{"billed_charge":100.00,"npi":[1124417357,1982688024]}]}]}]},{"name":"SPECIMEN COLLECT COVID-19","billing_code_type":"HCPCS","billing_code_type_version":"HCPCS LEVEL II 2021","billing_code":"G2023","description":"SPECIMEN COLLECT COVID-19","allowed_amounts":[{"tin":{"type":"ein","value":"050583118"},"service_code":["11"],"billing_class":"professional","payments":[{"allowed_amount":23.46,"billing_code_modifier":[""],"providers":[{"billed_charge":50.00,"npi":[1295227551]}]}]},{"tin":{"type":"ein","value":"873172645"},"service_code":["81"],"billing_class":"professional","payments":[{"allowed_amount":23.46,"billing_code_modifier":[""],"providers":[{"billed_charge":25.00,"npi":[1922768753]}]}]}]}]}
