{"reporting_entity_name": "IEC Group_DBA AmeriBen",
	"reporting_entity_type": "Third Party Administrator",
	"plan_name": "LIBERTY STEEL USA",
	"plan_id_type": "ein",
	"plan_id": "824819790",
	"plan_market_type": "group",
	"last_updated_on": "2024-12-01","Version": "1.0.0","out_of_network":[{"name":"ADAPTIVE BEHAVIOR TX BY PROTOCOL TECH EA 15 MIN","billing_code_type":"CPT","billing_code_type_version":"2020","billing_code":"97153","description":"ADAPTIVE BEHAVIOR TX BY PROTOCOL TECH EA 15 MIN","allowed_amounts":[{"tin":{"type":"ein","value":"923253407"},"service_code":["12"],"billing_class":"professional","payments":[{"allowed_amount":454.39,"billing_code_modifier":[""],"providers":[{"billed_charge":1200.00,"npi":[1043906787]}]}]}]}]}
