{"reporting_entity_name": "IEC Group_DBA AmeriBen",
	"reporting_entity_type": "Third Party Administrator",
	"plan_name": "NAEBT",
	"plan_id_type": "ein",
	"plan_id": "356967423",
	"plan_market_type": "group",
	"last_updated_on": "2022-08-01","Version": "1.0.0","out_of_network":[{"name":"ANESTHESIA","billing_code_type":"RC","billing_code_type_version":"UB04","billing_code":"0370","description":"ANESTHESIA","allowed_amounts":[{"tin":{"type":"ein","value":"860800150"},"service_code":["22"],"billing_class":"institutional","payments":[{"allowed_amount":235.00,"billing_code_modifier":[""],"providers":[{"billed_charge":2475.00,"npi":[1154392231,1679732036]}]}]}]},{"name":"RADIOLOGIC EXAM CHEST SINGLE VIEW","billing_code_type":"CPT","billing_code_type_version":"2020","billing_code":"71045","description":"RADIOLOGIC EXAM CHEST SINGLE VIEW","allowed_amounts":[{"tin":{"type":"ein","value":"845116186"},"service_code":["21","22","23"],"billing_class":"professional","payments":[{"allowed_amount":126.00,"billing_code_modifier":[""],"providers":[{"billed_charge":126.00,"npi":[1033745708,1053809343,1053894568,1073812715,1083965651,1164450524,1174681126,1194720334,1205328382,1205801016,1225239494,1235235458,1255560884,1285841916,1306057732,1336784446,1396169694,1407821283,1437656410,1497744577,1568478493,1588763338,1588911259,1598776270,1649271677,1649348608,1679553689,1699203695,1710144761,1780761866,1801885694,1811086994,1851316954,1871534925,1881608594,1891146957,1922111020,1962477414,1982693693]}]}]},{"tin":{"type":"ein","value":"845116186"},"service_code":["21","23"],"billing_class":"professional","payments":[{"allowed_amount":119.00,"billing_code_modifier":[""],"providers":[{"billed_charge":119.00,"npi":[1033745708,1063092187,1073987376,1114325784,1124357926,1194720334,1326022765,1336138387,1578536512,1720326192,1730138751,1770504292,1770550667,1780634055,1811086994]}]}]}]},{"name":"RADIOLOGY - THERAPEUTIC: RADIATION THERAPY","billing_code_type":"RC","billing_code_type_version":"UB04","billing_code":"0333","description":"RADIOLOGY - THERAPEUTIC: RADIATION THERAPY","allowed_amounts":[{"tin":{"type":"ein","value":"860800150"},"service_code":["22"],"billing_class":"institutional","payments":[{"allowed_amount":56.80,"billing_code_modifier":[""],"providers":[{"billed_charge":186.00,"npi":[1154392231,1679732036]}]}]},{"tin":{"type":"ein","value":"860800150"},"service_code":["22"],"billing_class":"institutional","payments":[{"allowed_amount":311.06,"billing_code_modifier":[""],"providers":[{"billed_charge":4718.00,"npi":[1154392231,1679732036]}]}]}]},{"name":"RECOVERY ROOM","billing_code_type":"RC","billing_code_type_version":"UB04","billing_code":"0710","description":"RECOVERY ROOM","allowed_amounts":[{"tin":{"type":"ein","value":"860800150"},"service_code":["22"],"billing_class":"institutional","payments":[{"allowed_amount":0.00,"billing_code_modifier":[""],"providers":[{"billed_charge":3065.00,"npi":[1154392231,1679732036]},{"billed_charge":3380.00,"npi":[1154392231,1679732036]},{"billed_charge":3695.00,"npi":[1154392231,1679732036]},{"billed_charge":4010.00,"npi":[1154392231,1679732036]},{"billed_charge":4640.00,"npi":[1154392231,1679732036]}]},{"allowed_amount":0.00,"billing_code_modifier":[""],"providers":[{"billed_charge":3065.00,"npi":[1154392231,1679732036]},{"billed_charge":3380.00,"npi":[1154392231,1679732036]},{"billed_charge":3695.00,"npi":[1154392231,1679732036]},{"billed_charge":4010.00,"npi":[1154392231,1679732036]},{"billed_charge":4640.00,"npi":[1154392231,1679732036]}]},{"allowed_amount":0.00,"billing_code_modifier":[""],"providers":[{"billed_charge":3065.00,"npi":[1154392231,1679732036]},{"billed_charge":3380.00,"npi":[1154392231,1679732036]},{"billed_charge":3695.00,"npi":[1154392231,1679732036]},{"billed_charge":4010.00,"npi":[1154392231,1679732036]},{"billed_charge":4640.00,"npi":[1154392231,1679732036]}]},{"allowed_amount":0.00,"billing_code_modifier":[""],"providers":[{"billed_charge":3065.00,"npi":[1154392231,1679732036]},{"billed_charge":3380.00,"npi":[1154392231,1679732036]},{"billed_charge":3695.00,"npi":[1154392231,1679732036]},{"billed_charge":4010.00,"npi":[1154392231,1679732036]},{"billed_charge":4640.00,"npi":[1154392231,1679732036]}]},{"allowed_amount":0.00,"billing_code_modifier":[""],"providers":[{"billed_charge":3065.00,"npi":[1154392231,1679732036]},{"billed_charge":3380.00,"npi":[1154392231,1679732036]},{"billed_charge":3695.00,"npi":[1154392231,1679732036]},{"billed_charge":4010.00,"npi":[1154392231,1679732036]},{"billed_charge":4640.00,"npi":[1154392231,1679732036]}]}]},{"tin":{"type":"ein","value":"860800150"},"service_code":["22"],"billing_class":"institutional","payments":[{"allowed_amount":0.00,"billing_code_modifier":[""],"providers":[{"billed_charge":3065.00,"npi":[1154392231,1679732036]},{"billed_charge":3380.00,"npi":[1154392231,1679732036]},{"billed_charge":3695.00,"npi":[1154392231,1679732036]},{"billed_charge":4010.00,"npi":[1154392231,1679732036]},{"billed_charge":4640.00,"npi":[1154392231,1679732036]}]},{"allowed_amount":0.00,"billing_code_modifier":[""],"providers":[{"billed_charge":3065.00,"npi":[1154392231,1679732036]},{"billed_charge":3380.00,"npi":[1154392231,1679732036]},{"billed_charge":3695.00,"npi":[1154392231,1679732036]},{"billed_charge":4010.00,"npi":[1154392231,1679732036]},{"billed_charge":4640.00,"npi":[1154392231,1679732036]}]},{"allowed_amount":0.00,"billing_code_modifier":[""],"providers":[{"billed_charge":3065.00,"npi":[1154392231,1679732036]},{"billed_charge":3380.00,"npi":[1154392231,1679732036]},{"billed_charge":3695.00,"npi":[1154392231,1679732036]},{"billed_charge":4010.00,"npi":[1154392231,1679732036]},{"billed_charge":4640.00,"npi":[1154392231,1679732036]}]},{"allowed_amount":0.00,"billing_code_modifier":[""],"providers":[{"billed_charge":3065.00,"npi":[1154392231,1679732036]},{"billed_charge":3380.00,"npi":[1154392231,1679732036]},{"billed_charge":3695.00,"npi":[1154392231,1679732036]},{"billed_charge":4010.00,"npi":[1154392231,1679732036]},{"billed_charge":4640.00,"npi":[1154392231,1679732036]}]},{"allowed_amount":0.00,"billing_code_modifier":[""],"providers":[{"billed_charge":3065.00,"npi":[1154392231,1679732036]},{"billed_charge":3380.00,"npi":[1154392231,1679732036]},{"billed_charge":3695.00,"npi":[1154392231,1679732036]},{"billed_charge":4010.00,"npi":[1154392231,1679732036]},{"billed_charge":4640.00,"npi":[1154392231,1679732036]}]}]},{"tin":{"type":"ein","value":"860800150"},"service_code":["22"],"billing_class":"institutional","payments":[{"allowed_amount":0.00,"billing_code_modifier":[""],"providers":[{"billed_charge":3065.00,"npi":[1154392231,1679732036]},{"billed_charge":3380.00,"npi":[1154392231,1679732036]},{"billed_charge":3695.00,"npi":[1154392231,1679732036]},{"billed_charge":4010.00,"npi":[1154392231,1679732036]},{"billed_charge":4640.00,"npi":[1154392231,1679732036]}]},{"allowed_amount":0.00,"billing_code_modifier":[""],"providers":[{"billed_charge":3065.00,"npi":[1154392231,1679732036]},{"billed_charge":3380.00,"npi":[1154392231,1679732036]},{"billed_charge":3695.00,"npi":[1154392231,1679732036]},{"billed_charge":4010.00,"npi":[1154392231,1679732036]},{"billed_charge":4640.00,"npi":[1154392231,1679732036]}]},{"allowed_amount":0.00,"billing_code_modifier":[""],"providers":[{"billed_charge":3065.00,"npi":[1154392231,1679732036]},{"billed_charge":3380.00,"npi":[1154392231,1679732036]},{"billed_charge":3695.00,"npi":[1154392231,1679732036]},{"billed_charge":4010.00,"npi":[1154392231,1679732036]},{"billed_charge":4640.00,"npi":[1154392231,1679732036]}]},{"allowed_amount":0.00,"billing_code_modifier":[""],"providers":[{"billed_charge":3065.00,"npi":[1154392231,1679732036]},{"billed_charge":3380.00,"npi":[1154392231,1679732036]},{"billed_charge":3695.00,"npi":[1154392231,1679732036]},{"billed_charge":4010.00,"npi":[1154392231,1679732036]},{"billed_charge":4640.00,"npi":[1154392231,1679732036]}]},{"allowed_amount":0.00,"billing_code_modifier":[""],"providers":[{"billed_charge":3065.00,"npi":[1154392231,1679732036]},{"billed_charge":3380.00,"npi":[1154392231,1679732036]},{"billed_charge":3695.00,"npi":[1154392231,1679732036]},{"billed_charge":4010.00,"npi":[1154392231,1679732036]},{"billed_charge":4640.00,"npi":[1154392231,1679732036]}]}]},{"tin":{"type":"ein","value":"860800150"},"service_code":["22"],"billing_class":"institutional","payments":[{"allowed_amount":0.00,"billing_code_modifier":[""],"providers":[{"billed_charge":3065.00,"npi":[1154392231,1679732036]},{"billed_charge":3380.00,"npi":[1154392231,1679732036]},{"billed_charge":3695.00,"npi":[1154392231,1679732036]},{"billed_charge":4010.00,"npi":[1154392231,1679732036]},{"billed_charge":4640.00,"npi":[1154392231,1679732036]}]},{"allowed_amount":0.00,"billing_code_modifier":[""],"providers":[{"billed_charge":3065.00,"npi":[1154392231,1679732036]},{"billed_charge":3380.00,"npi":[1154392231,1679732036]},{"billed_charge":3695.00,"npi":[1154392231,1679732036]},{"billed_charge":4010.00,"npi":[1154392231,1679732036]},{"billed_charge":4640.00,"npi":[1154392231,1679732036]}]},{"allowed_amount":0.00,"billing_code_modifier":[""],"providers":[{"billed_charge":3065.00,"npi":[1154392231,1679732036]},{"billed_charge":3380.00,"npi":[1154392231,1679732036]},{"billed_charge":3695.00,"npi":[1154392231,1679732036]},{"billed_charge":4010.00,"npi":[1154392231,1679732036]},{"billed_charge":4640.00,"npi":[1154392231,1679732036]}]},{"allowed_amount":0.00,"billing_code_modifier":[""],"providers":[{"billed_charge":3065.00,"npi":[1154392231,1679732036]},{"billed_charge":3380.00,"npi":[1154392231,1679732036]},{"billed_charge":3695.00,"npi":[1154392231,1679732036]},{"billed_charge":4010.00,"npi":[1154392231,1679732036]},{"billed_charge":4640.00,"npi":[1154392231,1679732036]}]},{"allowed_amount":0.00,"billing_code_modifier":[""],"providers":[{"billed_charge":3065.00,"npi":[1154392231,1679732036]},{"billed_charge":3380.00,"npi":[1154392231,1679732036]},{"billed_charge":3695.00,"npi":[1154392231,1679732036]},{"billed_charge":4010.00,"npi":[1154392231,1679732036]},{"billed_charge":4640.00,"npi":[1154392231,1679732036]}]}]},{"tin":{"type":"ein","value":"860800150"},"service_code":["22"],"billing_class":"institutional","payments":[{"allowed_amount":0.00,"billing_code_modifier":[""],"providers":[{"billed_charge":3065.00,"npi":[1154392231,1679732036]},{"billed_charge":3380.00,"npi":[1154392231,1679732036]},{"billed_charge":3695.00,"npi":[1154392231,1679732036]},{"billed_charge":4010.00,"npi":[1154392231,1679732036]},{"billed_charge":4640.00,"npi":[1154392231,1679732036]}]},{"allowed_amount":0.00,"billing_code_modifier":[""],"providers":[{"billed_charge":3065.00,"npi":[1154392231,1679732036]},{"billed_charge":3380.00,"npi":[1154392231,1679732036]},{"billed_charge":3695.00,"npi":[1154392231,1679732036]},{"billed_charge":4010.00,"npi":[1154392231,1679732036]},{"billed_charge":4640.00,"npi":[1154392231,1679732036]}]},{"allowed_amount":0.00,"billing_code_modifier":[""],"providers":[{"billed_charge":3065.00,"npi":[1154392231,1679732036]},{"billed_charge":3380.00,"npi":[1154392231,1679732036]},{"billed_charge":3695.00,"npi":[1154392231,1679732036]},{"billed_charge":4010.00,"npi":[1154392231,1679732036]},{"billed_charge":4640.00,"npi":[1154392231,1679732036]}]},{"allowed_amount":0.00,"billing_code_modifier":[""],"providers":[{"billed_charge":3065.00,"npi":[1154392231,1679732036]},{"billed_charge":3380.00,"npi":[1154392231,1679732036]},{"billed_charge":3695.00,"npi":[1154392231,1679732036]},{"billed_charge":4010.00,"npi":[1154392231,1679732036]},{"billed_charge":4640.00,"npi":[1154392231,1679732036]}]},{"allowed_amount":0.00,"billing_code_modifier":[""],"providers":[{"billed_charge":3065.00,"npi":[1154392231,1679732036]},{"billed_charge":3380.00,"npi":[1154392231,1679732036]},{"billed_charge":3695.00,"npi":[1154392231,1679732036]},{"billed_charge":4010.00,"npi":[1154392231,1679732036]},{"billed_charge":4640.00,"npi":[1154392231,1679732036]}]}]}]}]}
