{"reporting_entity_name": "IEC Group_DBA AmeriBen",
	"reporting_entity_type": "Third Party Administrator",
	"plan_name": "AK-CHIN INDIAN COMMUNITY/FARMS",
	"plan_id_type": "ein",
	"plan_id": "860148433",
	"plan_market_type": "group",
	"last_updated_on": "2025-09-01","Version": "1.0.0","out_of_network":[{"name":"CHIROPRACTIC MANIPLTV TX EXTRASPINAL 1\/> REGION","billing_code_type":"CPT","billing_code_type_version":"2020","billing_code":"98943","description":"CHIROPRACTIC MANIPLTV TX EXTRASPINAL 1\/> REGION","allowed_amounts":[{"tin":{"type":"ein","value":"202901918"},"service_code":["11"],"billing_class":"professional","payments":[{"allowed_amount":0.00,"billing_code_modifier":[""],"providers":[{"billed_charge":80.00,"npi":[1619932431]}]}]},{"tin":{"type":"ein","value":"205581984"},"service_code":["11"],"billing_class":"professional","payments":[{"allowed_amount":0.00,"billing_code_modifier":[""],"providers":[{"billed_charge":51.00,"npi":[1750418240,1750575205]}]}]},{"tin":{"type":"ein","value":"831858432"},"service_code":["11"],"billing_class":"professional","payments":[{"allowed_amount":0.00,"billing_code_modifier":[""],"providers":[{"billed_charge":75.00,"npi":[1295219848,1548790025]}]}]},{"tin":{"type":"ein","value":"921453744"},"service_code":["11"],"billing_class":"professional","payments":[{"allowed_amount":0.00,"billing_code_modifier":[""],"providers":[{"billed_charge":120.00,"npi":[1427474022,1730892415]}]}]},{"tin":{"type":"ein","value":"922398520"},"service_code":["11"],"billing_class":"professional","payments":[{"allowed_amount":0.00,"billing_code_modifier":[""],"providers":[{"billed_charge":98.00,"npi":[1043923501,1346933942]}]}]}]},{"name":"CHIROPRACTIC MANIPULATIVE TX SPINAL 3-4 REGIONS","billing_code_type":"CPT","billing_code_type_version":"2020","billing_code":"98941","description":"CHIROPRACTIC MANIPULATIVE TX SPINAL 3-4 REGIONS","allowed_amounts":[{"tin":{"type":"ein","value":"462450098"},"service_code":["11"],"billing_class":"professional","payments":[{"allowed_amount":38.07,"billing_code_modifier":[""],"providers":[{"billed_charge":90.00,"npi":[1093014946]}]}]},{"tin":{"type":"ein","value":"831858432"},"service_code":["11"],"billing_class":"professional","payments":[{"allowed_amount":38.07,"billing_code_modifier":[""],"providers":[{"billed_charge":84.00,"npi":[1295219848,1548790025]}]}]},{"tin":{"type":"ein","value":"921453744"},"service_code":["11"],"billing_class":"professional","payments":[{"allowed_amount":38.07,"billing_code_modifier":[""],"providers":[{"billed_charge":198.35,"npi":[1427474022,1730892415]}]}]},{"tin":{"type":"ein","value":"922398520"},"service_code":["11"],"billing_class":"professional","payments":[{"allowed_amount":38.07,"billing_code_modifier":[""],"providers":[{"billed_charge":104.00,"npi":[1043923501,1346933942]}]}]}]},{"name":"DRUGS REQUIRE SPECIFIC ID: DRUGS REQUIRING DETAIL","billing_code_type":"RC","billing_code_type_version":"UB04","billing_code":"0636","description":"DRUGS REQUIRE SPECIFIC ID: DRUGS REQUIRING DETAIL","allowed_amounts":[{"tin":{"type":"ein","value":"851516898"},"service_code":["23"],"billing_class":"institutional","payments":[{"allowed_amount":0.00,"billing_code_modifier":[""],"providers":[{"billed_charge":28.64,"npi":[1437246808,1518539048]},{"billed_charge":79.00,"npi":[1164909479,1518539048]},{"billed_charge":120.00,"npi":[1518539048,1811992209]},{"billed_charge":171.68,"npi":[1518539048,1972765253]},{"billed_charge":175.00,"npi":[1306268479,1518539048]},{"billed_charge":231.85,"npi":[1518539048,1972765253]},{"billed_charge":1500.00,"npi":[1134580079,1518539048]}]},{"allowed_amount":0.00,"billing_code_modifier":[""],"providers":[{"billed_charge":28.64,"npi":[1437246808,1518539048]},{"billed_charge":79.00,"npi":[1164909479,1518539048]},{"billed_charge":120.00,"npi":[1518539048,1811992209]},{"billed_charge":171.68,"npi":[1518539048,1972765253]},{"billed_charge":175.00,"npi":[1306268479,1518539048]},{"billed_charge":231.85,"npi":[1518539048,1972765253]},{"billed_charge":1500.00,"npi":[1134580079,1518539048]}]},{"allowed_amount":0.00,"billing_code_modifier":[""],"providers":[{"billed_charge":28.64,"npi":[1437246808,1518539048]},{"billed_charge":79.00,"npi":[1164909479,1518539048]},{"billed_charge":120.00,"npi":[1518539048,1811992209]},{"billed_charge":171.68,"npi":[1518539048,1972765253]},{"billed_charge":175.00,"npi":[1306268479,1518539048]},{"billed_charge":231.85,"npi":[1518539048,1972765253]},{"billed_charge":1500.00,"npi":[1134580079,1518539048]}]},{"allowed_amount":0.00,"billing_code_modifier":[""],"providers":[{"billed_charge":28.64,"npi":[1437246808,1518539048]},{"billed_charge":79.00,"npi":[1164909479,1518539048]},{"billed_charge":120.00,"npi":[1518539048,1811992209]},{"billed_charge":171.68,"npi":[1518539048,1972765253]},{"billed_charge":175.00,"npi":[1306268479,1518539048]},{"billed_charge":231.85,"npi":[1518539048,1972765253]},{"billed_charge":1500.00,"npi":[1134580079,1518539048]}]},{"allowed_amount":0.00,"billing_code_modifier":[""],"providers":[{"billed_charge":28.64,"npi":[1437246808,1518539048]},{"billed_charge":79.00,"npi":[1164909479,1518539048]},{"billed_charge":120.00,"npi":[1518539048,1811992209]},{"billed_charge":171.68,"npi":[1518539048,1972765253]},{"billed_charge":175.00,"npi":[1306268479,1518539048]},{"billed_charge":231.85,"npi":[1518539048,1972765253]},{"billed_charge":1500.00,"npi":[1134580079,1518539048]}]},{"allowed_amount":0.00,"billing_code_modifier":[""],"providers":[{"billed_charge":28.64,"npi":[1437246808,1518539048]},{"billed_charge":79.00,"npi":[1164909479,1518539048]},{"billed_charge":120.00,"npi":[1518539048,1811992209]},{"billed_charge":171.68,"npi":[1518539048,1972765253]},{"billed_charge":175.00,"npi":[1306268479,1518539048]},{"billed_charge":231.85,"npi":[1518539048,1972765253]},{"billed_charge":1500.00,"npi":[1134580079,1518539048]}]},{"allowed_amount":0.00,"billing_code_modifier":[""],"providers":[{"billed_charge":28.64,"npi":[1437246808,1518539048]},{"billed_charge":79.00,"npi":[1164909479,1518539048]},{"billed_charge":120.00,"npi":[1518539048,1811992209]},{"billed_charge":171.68,"npi":[1518539048,1972765253]},{"billed_charge":175.00,"npi":[1306268479,1518539048]},{"billed_charge":231.85,"npi":[1518539048,1972765253]},{"billed_charge":1500.00,"npi":[1134580079,1518539048]}]}]},{"tin":{"type":"ein","value":"851516898"},"service_code":["23"],"billing_class":"institutional","payments":[{"allowed_amount":0.00,"billing_code_modifier":[""],"providers":[{"billed_charge":28.64,"npi":[1437246808,1518539048]},{"billed_charge":79.00,"npi":[1164909479,1518539048]},{"billed_charge":120.00,"npi":[1518539048,1811992209]},{"billed_charge":171.68,"npi":[1518539048,1972765253]},{"billed_charge":175.00,"npi":[1306268479,1518539048]},{"billed_charge":231.85,"npi":[1518539048,1972765253]},{"billed_charge":1500.00,"npi":[1134580079,1518539048]}]},{"allowed_amount":0.00,"billing_code_modifier":[""],"providers":[{"billed_charge":28.64,"npi":[1437246808,1518539048]},{"billed_charge":79.00,"npi":[1164909479,1518539048]},{"billed_charge":120.00,"npi":[1518539048,1811992209]},{"billed_charge":171.68,"npi":[1518539048,1972765253]},{"billed_charge":175.00,"npi":[1306268479,1518539048]},{"billed_charge":231.85,"npi":[1518539048,1972765253]},{"billed_charge":1500.00,"npi":[1134580079,1518539048]}]},{"allowed_amount":0.00,"billing_code_modifier":[""],"providers":[{"billed_charge":28.64,"npi":[1437246808,1518539048]},{"billed_charge":79.00,"npi":[1164909479,1518539048]},{"billed_charge":120.00,"npi":[1518539048,1811992209]},{"billed_charge":171.68,"npi":[1518539048,1972765253]},{"billed_charge":175.00,"npi":[1306268479,1518539048]},{"billed_charge":231.85,"npi":[1518539048,1972765253]},{"billed_charge":1500.00,"npi":[1134580079,1518539048]}]},{"allowed_amount":0.00,"billing_code_modifier":[""],"providers":[{"billed_charge":28.64,"npi":[1437246808,1518539048]},{"billed_charge":79.00,"npi":[1164909479,1518539048]},{"billed_charge":120.00,"npi":[1518539048,1811992209]},{"billed_charge":171.68,"npi":[1518539048,1972765253]},{"billed_charge":175.00,"npi":[1306268479,1518539048]},{"billed_charge":231.85,"npi":[1518539048,1972765253]},{"billed_charge":1500.00,"npi":[1134580079,1518539048]}]},{"allowed_amount":0.00,"billing_code_modifier":[""],"providers":[{"billed_charge":28.64,"npi":[1437246808,1518539048]},{"billed_charge":79.00,"npi":[1164909479,1518539048]},{"billed_charge":120.00,"npi":[1518539048,1811992209]},{"billed_charge":171.68,"npi":[1518539048,1972765253]},{"billed_charge":175.00,"npi":[1306268479,1518539048]},{"billed_charge":231.85,"npi":[1518539048,1972765253]},{"billed_charge":1500.00,"npi":[1134580079,1518539048]}]},{"allowed_amount":0.00,"billing_code_modifier":[""],"providers":[{"billed_charge":28.64,"npi":[1437246808,1518539048]},{"billed_charge":79.00,"npi":[1164909479,1518539048]},{"billed_charge":120.00,"npi":[1518539048,1811992209]},{"billed_charge":171.68,"npi":[1518539048,1972765253]},{"billed_charge":175.00,"npi":[1306268479,1518539048]},{"billed_charge":231.85,"npi":[1518539048,1972765253]},{"billed_charge":1500.00,"npi":[1134580079,1518539048]}]},{"allowed_amount":0.00,"billing_code_modifier":[""],"providers":[{"billed_charge":28.64,"npi":[1437246808,1518539048]},{"billed_charge":79.00,"npi":[1164909479,1518539048]},{"billed_charge":120.00,"npi":[1518539048,1811992209]},{"billed_charge":171.68,"npi":[1518539048,1972765253]},{"billed_charge":175.00,"npi":[1306268479,1518539048]},{"billed_charge":231.85,"npi":[1518539048,1972765253]},{"billed_charge":1500.00,"npi":[1134580079,1518539048]}]}]},{"tin":{"type":"ein","value":"851516898"},"service_code":["23"],"billing_class":"institutional","payments":[{"allowed_amount":0.00,"billing_code_modifier":[""],"providers":[{"billed_charge":28.64,"npi":[1437246808,1518539048]},{"billed_charge":79.00,"npi":[1164909479,1518539048]},{"billed_charge":120.00,"npi":[1518539048,1811992209]},{"billed_charge":171.68,"npi":[1518539048,1972765253]},{"billed_charge":175.00,"npi":[1306268479,1518539048]},{"billed_charge":231.85,"npi":[1518539048,1972765253]},{"billed_charge":1500.00,"npi":[1134580079,1518539048]}]},{"allowed_amount":0.00,"billing_code_modifier":[""],"providers":[{"billed_charge":28.64,"npi":[1437246808,1518539048]},{"billed_charge":79.00,"npi":[1164909479,1518539048]},{"billed_charge":120.00,"npi":[1518539048,1811992209]},{"billed_charge":171.68,"npi":[1518539048,1972765253]},{"billed_charge":175.00,"npi":[1306268479,1518539048]},{"billed_charge":231.85,"npi":[1518539048,1972765253]},{"billed_charge":1500.00,"npi":[1134580079,1518539048]}]},{"allowed_amount":0.00,"billing_code_modifier":[""],"providers":[{"billed_charge":28.64,"npi":[1437246808,1518539048]},{"billed_charge":79.00,"npi":[1164909479,1518539048]},{"billed_charge":120.00,"npi":[1518539048,1811992209]},{"billed_charge":171.68,"npi":[1518539048,1972765253]},{"billed_charge":175.00,"npi":[1306268479,1518539048]},{"billed_charge":231.85,"npi":[1518539048,1972765253]},{"billed_charge":1500.00,"npi":[1134580079,1518539048]}]},{"allowed_amount":0.00,"billing_code_modifier":[""],"providers":[{"billed_charge":28.64,"npi":[1437246808,1518539048]},{"billed_charge":79.00,"npi":[1164909479,1518539048]},{"billed_charge":120.00,"npi":[1518539048,1811992209]},{"billed_charge":171.68,"npi":[1518539048,1972765253]},{"billed_charge":175.00,"npi":[1306268479,1518539048]},{"billed_charge":231.85,"npi":[1518539048,1972765253]},{"billed_charge":1500.00,"npi":[1134580079,1518539048]}]},{"allowed_amount":0.00,"billing_code_modifier":[""],"providers":[{"billed_charge":28.64,"npi":[1437246808,1518539048]},{"billed_charge":79.00,"npi":[1164909479,1518539048]},{"billed_charge":120.00,"npi":[1518539048,1811992209]},{"billed_charge":171.68,"npi":[1518539048,1972765253]},{"billed_charge":175.00,"npi":[1306268479,1518539048]},{"billed_charge":231.85,"npi":[1518539048,1972765253]},{"billed_charge":1500.00,"npi":[1134580079,1518539048]}]},{"allowed_amount":0.00,"billing_code_modifier":[""],"providers":[{"billed_charge":28.64,"npi":[1437246808,1518539048]},{"billed_charge":79.00,"npi":[1164909479,1518539048]},{"billed_charge":120.00,"npi":[1518539048,1811992209]},{"billed_charge":171.68,"npi":[1518539048,1972765253]},{"billed_charge":175.00,"npi":[1306268479,1518539048]},{"billed_charge":231.85,"npi":[1518539048,1972765253]},{"billed_charge":1500.00,"npi":[1134580079,1518539048]}]},{"allowed_amount":0.00,"billing_code_modifier":[""],"providers":[{"billed_charge":28.64,"npi":[1437246808,1518539048]},{"billed_charge":79.00,"npi":[1164909479,1518539048]},{"billed_charge":120.00,"npi":[1518539048,1811992209]},{"billed_charge":171.68,"npi":[1518539048,1972765253]},{"billed_charge":175.00,"npi":[1306268479,1518539048]},{"billed_charge":231.85,"npi":[1518539048,1972765253]},{"billed_charge":1500.00,"npi":[1134580079,1518539048]}]}]},{"tin":{"type":"ein","value":"851516898"},"service_code":["23"],"billing_class":"institutional","payments":[{"allowed_amount":0.00,"billing_code_modifier":[""],"providers":[{"billed_charge":28.64,"npi":[1437246808,1518539048]},{"billed_charge":79.00,"npi":[1164909479,1518539048]},{"billed_charge":120.00,"npi":[1518539048,1811992209]},{"billed_charge":171.68,"npi":[1518539048,1972765253]},{"billed_charge":175.00,"npi":[1306268479,1518539048]},{"billed_charge":231.85,"npi":[1518539048,1972765253]},{"billed_charge":1500.00,"npi":[1134580079,1518539048]}]},{"allowed_amount":0.00,"billing_code_modifier":[""],"providers":[{"billed_charge":28.64,"npi":[1437246808,1518539048]},{"billed_charge":79.00,"npi":[1164909479,1518539048]},{"billed_charge":120.00,"npi":[1518539048,1811992209]},{"billed_charge":171.68,"npi":[1518539048,1972765253]},{"billed_charge":175.00,"npi":[1306268479,1518539048]},{"billed_charge":231.85,"npi":[1518539048,1972765253]},{"billed_charge":1500.00,"npi":[1134580079,1518539048]}]},{"allowed_amount":0.00,"billing_code_modifier":[""],"providers":[{"billed_charge":28.64,"npi":[1437246808,1518539048]},{"billed_charge":79.00,"npi":[1164909479,1518539048]},{"billed_charge":120.00,"npi":[1518539048,1811992209]},{"billed_charge":171.68,"npi":[1518539048,1972765253]},{"billed_charge":175.00,"npi":[1306268479,1518539048]},{"billed_charge":231.85,"npi":[1518539048,1972765253]},{"billed_charge":1500.00,"npi":[1134580079,1518539048]}]},{"allowed_amount":0.00,"billing_code_modifier":[""],"providers":[{"billed_charge":28.64,"npi":[1437246808,1518539048]},{"billed_charge":79.00,"npi":[1164909479,1518539048]},{"billed_charge":120.00,"npi":[1518539048,1811992209]},{"billed_charge":171.68,"npi":[1518539048,1972765253]},{"billed_charge":175.00,"npi":[1306268479,1518539048]},{"billed_charge":231.85,"npi":[1518539048,1972765253]},{"billed_charge":1500.00,"npi":[1134580079,1518539048]}]},{"allowed_amount":0.00,"billing_code_modifier":[""],"providers":[{"billed_charge":28.64,"npi":[1437246808,1518539048]},{"billed_charge":79.00,"npi":[1164909479,1518539048]},{"billed_charge":120.00,"npi":[1518539048,1811992209]},{"billed_charge":171.68,"npi":[1518539048,1972765253]},{"billed_charge":175.00,"npi":[1306268479,1518539048]},{"billed_charge":231.85,"npi":[1518539048,1972765253]},{"billed_charge":1500.00,"npi":[1134580079,1518539048]}]},{"allowed_amount":0.00,"billing_code_modifier":[""],"providers":[{"billed_charge":28.64,"npi":[1437246808,1518539048]},{"billed_charge":79.00,"npi":[1164909479,1518539048]},{"billed_charge":120.00,"npi":[1518539048,1811992209]},{"billed_charge":171.68,"npi":[1518539048,1972765253]},{"billed_charge":175.00,"npi":[1306268479,1518539048]},{"billed_charge":231.85,"npi":[1518539048,1972765253]},{"billed_charge":1500.00,"npi":[1134580079,1518539048]}]},{"allowed_amount":0.00,"billing_code_modifier":[""],"providers":[{"billed_charge":28.64,"npi":[1437246808,1518539048]},{"billed_charge":79.00,"npi":[1164909479,1518539048]},{"billed_charge":120.00,"npi":[1518539048,1811992209]},{"billed_charge":171.68,"npi":[1518539048,1972765253]},{"billed_charge":175.00,"npi":[1306268479,1518539048]},{"billed_charge":231.85,"npi":[1518539048,1972765253]},{"billed_charge":1500.00,"npi":[1134580079,1518539048]}]}]},{"tin":{"type":"ein","value":"851516898"},"service_code":["23"],"billing_class":"institutional","payments":[{"allowed_amount":0.00,"billing_code_modifier":[""],"providers":[{"billed_charge":28.64,"npi":[1437246808,1518539048]},{"billed_charge":79.00,"npi":[1164909479,1518539048]},{"billed_charge":120.00,"npi":[1518539048,1811992209]},{"billed_charge":171.68,"npi":[1518539048,1972765253]},{"billed_charge":175.00,"npi":[1306268479,1518539048]},{"billed_charge":231.85,"npi":[1518539048,1972765253]},{"billed_charge":1500.00,"npi":[1134580079,1518539048]}]},{"allowed_amount":0.00,"billing_code_modifier":[""],"providers":[{"billed_charge":28.64,"npi":[1437246808,1518539048]},{"billed_charge":79.00,"npi":[1164909479,1518539048]},{"billed_charge":120.00,"npi":[1518539048,1811992209]},{"billed_charge":171.68,"npi":[1518539048,1972765253]},{"billed_charge":175.00,"npi":[1306268479,1518539048]},{"billed_charge":231.85,"npi":[1518539048,1972765253]},{"billed_charge":1500.00,"npi":[1134580079,1518539048]}]},{"allowed_amount":0.00,"billing_code_modifier":[""],"providers":[{"billed_charge":28.64,"npi":[1437246808,1518539048]},{"billed_charge":79.00,"npi":[1164909479,1518539048]},{"billed_charge":120.00,"npi":[1518539048,1811992209]},{"billed_charge":171.68,"npi":[1518539048,1972765253]},{"billed_charge":175.00,"npi":[1306268479,1518539048]},{"billed_charge":231.85,"npi":[1518539048,1972765253]},{"billed_charge":1500.00,"npi":[1134580079,1518539048]}]},{"allowed_amount":0.00,"billing_code_modifier":[""],"providers":[{"billed_charge":28.64,"npi":[1437246808,1518539048]},{"billed_charge":79.00,"npi":[1164909479,1518539048]},{"billed_charge":120.00,"npi":[1518539048,1811992209]},{"billed_charge":171.68,"npi":[1518539048,1972765253]},{"billed_charge":175.00,"npi":[1306268479,1518539048]},{"billed_charge":231.85,"npi":[1518539048,1972765253]},{"billed_charge":1500.00,"npi":[1134580079,1518539048]}]},{"allowed_amount":0.00,"billing_code_modifier":[""],"providers":[{"billed_charge":28.64,"npi":[1437246808,1518539048]},{"billed_charge":79.00,"npi":[1164909479,1518539048]},{"billed_charge":120.00,"npi":[1518539048,1811992209]},{"billed_charge":171.68,"npi":[1518539048,1972765253]},{"billed_charge":175.00,"npi":[1306268479,1518539048]},{"billed_charge":231.85,"npi":[1518539048,1972765253]},{"billed_charge":1500.00,"npi":[1134580079,1518539048]}]},{"allowed_amount":0.00,"billing_code_modifier":[""],"providers":[{"billed_charge":28.64,"npi":[1437246808,1518539048]},{"billed_charge":79.00,"npi":[1164909479,1518539048]},{"billed_charge":120.00,"npi":[1518539048,1811992209]},{"billed_charge":171.68,"npi":[1518539048,1972765253]},{"billed_charge":175.00,"npi":[1306268479,1518539048]},{"billed_charge":231.85,"npi":[1518539048,1972765253]},{"billed_charge":1500.00,"npi":[1134580079,1518539048]}]},{"allowed_amount":0.00,"billing_code_modifier":[""],"providers":[{"billed_charge":28.64,"npi":[1437246808,1518539048]},{"billed_charge":79.00,"npi":[1164909479,1518539048]},{"billed_charge":120.00,"npi":[1518539048,1811992209]},{"billed_charge":171.68,"npi":[1518539048,1972765253]},{"billed_charge":175.00,"npi":[1306268479,1518539048]},{"billed_charge":231.85,"npi":[1518539048,1972765253]},{"billed_charge":1500.00,"npi":[1134580079,1518539048]}]}]},{"tin":{"type":"ein","value":"851516898"},"service_code":["23"],"billing_class":"institutional","payments":[{"allowed_amount":0.00,"billing_code_modifier":[""],"providers":[{"billed_charge":28.64,"npi":[1437246808,1518539048]},{"billed_charge":79.00,"npi":[1164909479,1518539048]},{"billed_charge":120.00,"npi":[1518539048,1811992209]},{"billed_charge":171.68,"npi":[1518539048,1972765253]},{"billed_charge":175.00,"npi":[1306268479,1518539048]},{"billed_charge":231.85,"npi":[1518539048,1972765253]},{"billed_charge":1500.00,"npi":[1134580079,1518539048]}]},{"allowed_amount":0.00,"billing_code_modifier":[""],"providers":[{"billed_charge":28.64,"npi":[1437246808,1518539048]},{"billed_charge":79.00,"npi":[1164909479,1518539048]},{"billed_charge":120.00,"npi":[1518539048,1811992209]},{"billed_charge":171.68,"npi":[1518539048,1972765253]},{"billed_charge":175.00,"npi":[1306268479,1518539048]},{"billed_charge":231.85,"npi":[1518539048,1972765253]},{"billed_charge":1500.00,"npi":[1134580079,1518539048]}]},{"allowed_amount":0.00,"billing_code_modifier":[""],"providers":[{"billed_charge":28.64,"npi":[1437246808,1518539048]},{"billed_charge":79.00,"npi":[1164909479,1518539048]},{"billed_charge":120.00,"npi":[1518539048,1811992209]},{"billed_charge":171.68,"npi":[1518539048,1972765253]},{"billed_charge":175.00,"npi":[1306268479,1518539048]},{"billed_charge":231.85,"npi":[1518539048,1972765253]},{"billed_charge":1500.00,"npi":[1134580079,1518539048]}]},{"allowed_amount":0.00,"billing_code_modifier":[""],"providers":[{"billed_charge":28.64,"npi":[1437246808,1518539048]},{"billed_charge":79.00,"npi":[1164909479,1518539048]},{"billed_charge":120.00,"npi":[1518539048,1811992209]},{"billed_charge":171.68,"npi":[1518539048,1972765253]},{"billed_charge":175.00,"npi":[1306268479,1518539048]},{"billed_charge":231.85,"npi":[1518539048,1972765253]},{"billed_charge":1500.00,"npi":[1134580079,1518539048]}]},{"allowed_amount":0.00,"billing_code_modifier":[""],"providers":[{"billed_charge":28.64,"npi":[1437246808,1518539048]},{"billed_charge":79.00,"npi":[1164909479,1518539048]},{"billed_charge":120.00,"npi":[1518539048,1811992209]},{"billed_charge":171.68,"npi":[1518539048,1972765253]},{"billed_charge":175.00,"npi":[1306268479,1518539048]},{"billed_charge":231.85,"npi":[1518539048,1972765253]},{"billed_charge":1500.00,"npi":[1134580079,1518539048]}]},{"allowed_amount":0.00,"billing_code_modifier":[""],"providers":[{"billed_charge":28.64,"npi":[1437246808,1518539048]},{"billed_charge":79.00,"npi":[1164909479,1518539048]},{"billed_charge":120.00,"npi":[1518539048,1811992209]},{"billed_charge":171.68,"npi":[1518539048,1972765253]},{"billed_charge":175.00,"npi":[1306268479,1518539048]},{"billed_charge":231.85,"npi":[1518539048,1972765253]},{"billed_charge":1500.00,"npi":[1134580079,1518539048]}]},{"allowed_amount":0.00,"billing_code_modifier":[""],"providers":[{"billed_charge":28.64,"npi":[1437246808,1518539048]},{"billed_charge":79.00,"npi":[1164909479,1518539048]},{"billed_charge":120.00,"npi":[1518539048,1811992209]},{"billed_charge":171.68,"npi":[1518539048,1972765253]},{"billed_charge":175.00,"npi":[1306268479,1518539048]},{"billed_charge":231.85,"npi":[1518539048,1972765253]},{"billed_charge":1500.00,"npi":[1134580079,1518539048]}]}]},{"tin":{"type":"ein","value":"851516898"},"service_code":["23"],"billing_class":"institutional","payments":[{"allowed_amount":0.00,"billing_code_modifier":[""],"providers":[{"billed_charge":28.64,"npi":[1437246808,1518539048]},{"billed_charge":79.00,"npi":[1164909479,1518539048]},{"billed_charge":120.00,"npi":[1518539048,1811992209]},{"billed_charge":171.68,"npi":[1518539048,1972765253]},{"billed_charge":175.00,"npi":[1306268479,1518539048]},{"billed_charge":231.85,"npi":[1518539048,1972765253]},{"billed_charge":1500.00,"npi":[1134580079,1518539048]}]},{"allowed_amount":0.00,"billing_code_modifier":[""],"providers":[{"billed_charge":28.64,"npi":[1437246808,1518539048]},{"billed_charge":79.00,"npi":[1164909479,1518539048]},{"billed_charge":120.00,"npi":[1518539048,1811992209]},{"billed_charge":171.68,"npi":[1518539048,1972765253]},{"billed_charge":175.00,"npi":[1306268479,1518539048]},{"billed_charge":231.85,"npi":[1518539048,1972765253]},{"billed_charge":1500.00,"npi":[1134580079,1518539048]}]},{"allowed_amount":0.00,"billing_code_modifier":[""],"providers":[{"billed_charge":28.64,"npi":[1437246808,1518539048]},{"billed_charge":79.00,"npi":[1164909479,1518539048]},{"billed_charge":120.00,"npi":[1518539048,1811992209]},{"billed_charge":171.68,"npi":[1518539048,1972765253]},{"billed_charge":175.00,"npi":[1306268479,1518539048]},{"billed_charge":231.85,"npi":[1518539048,1972765253]},{"billed_charge":1500.00,"npi":[1134580079,1518539048]}]},{"allowed_amount":0.00,"billing_code_modifier":[""],"providers":[{"billed_charge":28.64,"npi":[1437246808,1518539048]},{"billed_charge":79.00,"npi":[1164909479,1518539048]},{"billed_charge":120.00,"npi":[1518539048,1811992209]},{"billed_charge":171.68,"npi":[1518539048,1972765253]},{"billed_charge":175.00,"npi":[1306268479,1518539048]},{"billed_charge":231.85,"npi":[1518539048,1972765253]},{"billed_charge":1500.00,"npi":[1134580079,1518539048]}]},{"allowed_amount":0.00,"billing_code_modifier":[""],"providers":[{"billed_charge":28.64,"npi":[1437246808,1518539048]},{"billed_charge":79.00,"npi":[1164909479,1518539048]},{"billed_charge":120.00,"npi":[1518539048,1811992209]},{"billed_charge":171.68,"npi":[1518539048,1972765253]},{"billed_charge":175.00,"npi":[1306268479,1518539048]},{"billed_charge":231.85,"npi":[1518539048,1972765253]},{"billed_charge":1500.00,"npi":[1134580079,1518539048]}]},{"allowed_amount":0.00,"billing_code_modifier":[""],"providers":[{"billed_charge":28.64,"npi":[1437246808,1518539048]},{"billed_charge":79.00,"npi":[1164909479,1518539048]},{"billed_charge":120.00,"npi":[1518539048,1811992209]},{"billed_charge":171.68,"npi":[1518539048,1972765253]},{"billed_charge":175.00,"npi":[1306268479,1518539048]},{"billed_charge":231.85,"npi":[1518539048,1972765253]},{"billed_charge":1500.00,"npi":[1134580079,1518539048]}]},{"allowed_amount":0.00,"billing_code_modifier":[""],"providers":[{"billed_charge":28.64,"npi":[1437246808,1518539048]},{"billed_charge":79.00,"npi":[1164909479,1518539048]},{"billed_charge":120.00,"npi":[1518539048,1811992209]},{"billed_charge":171.68,"npi":[1518539048,1972765253]},{"billed_charge":175.00,"npi":[1306268479,1518539048]},{"billed_charge":231.85,"npi":[1518539048,1972765253]},{"billed_charge":1500.00,"npi":[1134580079,1518539048]}]}]},{"tin":{"type":"ein","value":"860441493"},"service_code":["65"],"billing_class":"institutional","payments":[{"allowed_amount":0.00,"billing_code_modifier":[""],"providers":[{"billed_charge":130.20,"npi":[1033221833,1467779413]},{"billed_charge":195.30,"npi":[1033221833,1467779413]},{"billed_charge":390.60,"npi":[1033221833,1467779413]},{"billed_charge":928.20,"npi":[1033221833,1467779413]},{"billed_charge":1757.00,"npi":[1033221833,1467779413]},{"billed_charge":3514.00,"npi":[1033221833,1467779413]},{"billed_charge":14712.75,"npi":[1033221833,1467779413]},{"billed_charge":19617.00,"npi":[1033221833,1467779413]}]},{"allowed_amount":0.00,"billing_code_modifier":[""],"providers":[{"billed_charge":130.20,"npi":[1033221833,1467779413]},{"billed_charge":195.30,"npi":[1033221833,1467779413]},{"billed_charge":390.60,"npi":[1033221833,1467779413]},{"billed_charge":928.20,"npi":[1033221833,1467779413]},{"billed_charge":1757.00,"npi":[1033221833,1467779413]},{"billed_charge":3514.00,"npi":[1033221833,1467779413]},{"billed_charge":14712.75,"npi":[1033221833,1467779413]},{"billed_charge":19617.00,"npi":[1033221833,1467779413]}]},{"allowed_amount":0.00,"billing_code_modifier":[""],"providers":[{"billed_charge":130.20,"npi":[1033221833,1467779413]},{"billed_charge":195.30,"npi":[1033221833,1467779413]},{"billed_charge":390.60,"npi":[1033221833,1467779413]},{"billed_charge":928.20,"npi":[1033221833,1467779413]},{"billed_charge":1757.00,"npi":[1033221833,1467779413]},{"billed_charge":3514.00,"npi":[1033221833,1467779413]},{"billed_charge":14712.75,"npi":[1033221833,1467779413]},{"billed_charge":19617.00,"npi":[1033221833,1467779413]}]},{"allowed_amount":0.00,"billing_code_modifier":[""],"providers":[{"billed_charge":130.20,"npi":[1033221833,1467779413]},{"billed_charge":195.30,"npi":[1033221833,1467779413]},{"billed_charge":390.60,"npi":[1033221833,1467779413]},{"billed_charge":928.20,"npi":[1033221833,1467779413]},{"billed_charge":1757.00,"npi":[1033221833,1467779413]},{"billed_charge":3514.00,"npi":[1033221833,1467779413]},{"billed_charge":14712.75,"npi":[1033221833,1467779413]},{"billed_charge":19617.00,"npi":[1033221833,1467779413]}]},{"allowed_amount":0.00,"billing_code_modifier":[""],"providers":[{"billed_charge":130.20,"npi":[1033221833,1467779413]},{"billed_charge":195.30,"npi":[1033221833,1467779413]},{"billed_charge":390.60,"npi":[1033221833,1467779413]},{"billed_charge":928.20,"npi":[1033221833,1467779413]},{"billed_charge":1757.00,"npi":[1033221833,1467779413]},{"billed_charge":3514.00,"npi":[1033221833,1467779413]},{"billed_charge":14712.75,"npi":[1033221833,1467779413]},{"billed_charge":19617.00,"npi":[1033221833,1467779413]}]},{"allowed_amount":0.00,"billing_code_modifier":[""],"providers":[{"billed_charge":130.20,"npi":[1033221833,1467779413]},{"billed_charge":195.30,"npi":[1033221833,1467779413]},{"billed_charge":390.60,"npi":[1033221833,1467779413]},{"billed_charge":928.20,"npi":[1033221833,1467779413]},{"billed_charge":1757.00,"npi":[1033221833,1467779413]},{"billed_charge":3514.00,"npi":[1033221833,1467779413]},{"billed_charge":14712.75,"npi":[1033221833,1467779413]},{"billed_charge":19617.00,"npi":[1033221833,1467779413]}]},{"allowed_amount":0.00,"billing_code_modifier":[""],"providers":[{"billed_charge":130.20,"npi":[1033221833,1467779413]},{"billed_charge":195.30,"npi":[1033221833,1467779413]},{"billed_charge":390.60,"npi":[1033221833,1467779413]},{"billed_charge":928.20,"npi":[1033221833,1467779413]},{"billed_charge":1757.00,"npi":[1033221833,1467779413]},{"billed_charge":3514.00,"npi":[1033221833,1467779413]},{"billed_charge":14712.75,"npi":[1033221833,1467779413]},{"billed_charge":19617.00,"npi":[1033221833,1467779413]}]},{"allowed_amount":0.00,"billing_code_modifier":[""],"providers":[{"billed_charge":130.20,"npi":[1033221833,1467779413]},{"billed_charge":195.30,"npi":[1033221833,1467779413]},{"billed_charge":390.60,"npi":[1033221833,1467779413]},{"billed_charge":928.20,"npi":[1033221833,1467779413]},{"billed_charge":1757.00,"npi":[1033221833,1467779413]},{"billed_charge":3514.00,"npi":[1033221833,1467779413]},{"billed_charge":14712.75,"npi":[1033221833,1467779413]},{"billed_charge":19617.00,"npi":[1033221833,1467779413]}]}]},{"tin":{"type":"ein","value":"860441493"},"service_code":["65"],"billing_class":"institutional","payments":[{"allowed_amount":0.00,"billing_code_modifier":[""],"providers":[{"billed_charge":130.20,"npi":[1033221833,1467779413]},{"billed_charge":195.30,"npi":[1033221833,1467779413]},{"billed_charge":390.60,"npi":[1033221833,1467779413]},{"billed_charge":928.20,"npi":[1033221833,1467779413]},{"billed_charge":1757.00,"npi":[1033221833,1467779413]},{"billed_charge":3514.00,"npi":[1033221833,1467779413]},{"billed_charge":14712.75,"npi":[1033221833,1467779413]},{"billed_charge":19617.00,"npi":[1033221833,1467779413]}]},{"allowed_amount":0.00,"billing_code_modifier":[""],"providers":[{"billed_charge":130.20,"npi":[1033221833,1467779413]},{"billed_charge":195.30,"npi":[1033221833,1467779413]},{"billed_charge":390.60,"npi":[1033221833,1467779413]},{"billed_charge":928.20,"npi":[1033221833,1467779413]},{"billed_charge":1757.00,"npi":[1033221833,1467779413]},{"billed_charge":3514.00,"npi":[1033221833,1467779413]},{"billed_charge":14712.75,"npi":[1033221833,1467779413]},{"billed_charge":19617.00,"npi":[1033221833,1467779413]}]},{"allowed_amount":0.00,"billing_code_modifier":[""],"providers":[{"billed_charge":130.20,"npi":[1033221833,1467779413]},{"billed_charge":195.30,"npi":[1033221833,1467779413]},{"billed_charge":390.60,"npi":[1033221833,1467779413]},{"billed_charge":928.20,"npi":[1033221833,1467779413]},{"billed_charge":1757.00,"npi":[1033221833,1467779413]},{"billed_charge":3514.00,"npi":[1033221833,1467779413]},{"billed_charge":14712.75,"npi":[1033221833,1467779413]},{"billed_charge":19617.00,"npi":[1033221833,1467779413]}]},{"allowed_amount":0.00,"billing_code_modifier":[""],"providers":[{"billed_charge":130.20,"npi":[1033221833,1467779413]},{"billed_charge":195.30,"npi":[1033221833,1467779413]},{"billed_charge":390.60,"npi":[1033221833,1467779413]},{"billed_charge":928.20,"npi":[1033221833,1467779413]},{"billed_charge":1757.00,"npi":[1033221833,1467779413]},{"billed_charge":3514.00,"npi":[1033221833,1467779413]},{"billed_charge":14712.75,"npi":[1033221833,1467779413]},{"billed_charge":19617.00,"npi":[1033221833,1467779413]}]},{"allowed_amount":0.00,"billing_code_modifier":[""],"providers":[{"billed_charge":130.20,"npi":[1033221833,1467779413]},{"billed_charge":195.30,"npi":[1033221833,1467779413]},{"billed_charge":390.60,"npi":[1033221833,1467779413]},{"billed_charge":928.20,"npi":[1033221833,1467779413]},{"billed_charge":1757.00,"npi":[1033221833,1467779413]},{"billed_charge":3514.00,"npi":[1033221833,1467779413]},{"billed_charge":14712.75,"npi":[1033221833,1467779413]},{"billed_charge":19617.00,"npi":[1033221833,1467779413]}]},{"allowed_amount":0.00,"billing_code_modifier":[""],"providers":[{"billed_charge":130.20,"npi":[1033221833,1467779413]},{"billed_charge":195.30,"npi":[1033221833,1467779413]},{"billed_charge":390.60,"npi":[1033221833,1467779413]},{"billed_charge":928.20,"npi":[1033221833,1467779413]},{"billed_charge":1757.00,"npi":[1033221833,1467779413]},{"billed_charge":3514.00,"npi":[1033221833,1467779413]},{"billed_charge":14712.75,"npi":[1033221833,1467779413]},{"billed_charge":19617.00,"npi":[1033221833,1467779413]}]},{"allowed_amount":0.00,"billing_code_modifier":[""],"providers":[{"billed_charge":130.20,"npi":[1033221833,1467779413]},{"billed_charge":195.30,"npi":[1033221833,1467779413]},{"billed_charge":390.60,"npi":[1033221833,1467779413]},{"billed_charge":928.20,"npi":[1033221833,1467779413]},{"billed_charge":1757.00,"npi":[1033221833,1467779413]},{"billed_charge":3514.00,"npi":[1033221833,1467779413]},{"billed_charge":14712.75,"npi":[1033221833,1467779413]},{"billed_charge":19617.00,"npi":[1033221833,1467779413]}]},{"allowed_amount":0.00,"billing_code_modifier":[""],"providers":[{"billed_charge":130.20,"npi":[1033221833,1467779413]},{"billed_charge":195.30,"npi":[1033221833,1467779413]},{"billed_charge":390.60,"npi":[1033221833,1467779413]},{"billed_charge":928.20,"npi":[1033221833,1467779413]},{"billed_charge":1757.00,"npi":[1033221833,1467779413]},{"billed_charge":3514.00,"npi":[1033221833,1467779413]},{"billed_charge":14712.75,"npi":[1033221833,1467779413]},{"billed_charge":19617.00,"npi":[1033221833,1467779413]}]}]},{"tin":{"type":"ein","value":"860441493"},"service_code":["65"],"billing_class":"institutional","payments":[{"allowed_amount":0.00,"billing_code_modifier":[""],"providers":[{"billed_charge":130.20,"npi":[1033221833,1467779413]},{"billed_charge":195.30,"npi":[1033221833,1467779413]},{"billed_charge":390.60,"npi":[1033221833,1467779413]},{"billed_charge":928.20,"npi":[1033221833,1467779413]},{"billed_charge":1757.00,"npi":[1033221833,1467779413]},{"billed_charge":3514.00,"npi":[1033221833,1467779413]},{"billed_charge":14712.75,"npi":[1033221833,1467779413]},{"billed_charge":19617.00,"npi":[1033221833,1467779413]}]},{"allowed_amount":0.00,"billing_code_modifier":[""],"providers":[{"billed_charge":130.20,"npi":[1033221833,1467779413]},{"billed_charge":195.30,"npi":[1033221833,1467779413]},{"billed_charge":390.60,"npi":[1033221833,1467779413]},{"billed_charge":928.20,"npi":[1033221833,1467779413]},{"billed_charge":1757.00,"npi":[1033221833,1467779413]},{"billed_charge":3514.00,"npi":[1033221833,1467779413]},{"billed_charge":14712.75,"npi":[1033221833,1467779413]},{"billed_charge":19617.00,"npi":[1033221833,1467779413]}]},{"allowed_amount":0.00,"billing_code_modifier":[""],"providers":[{"billed_charge":130.20,"npi":[1033221833,1467779413]},{"billed_charge":195.30,"npi":[1033221833,1467779413]},{"billed_charge":390.60,"npi":[1033221833,1467779413]},{"billed_charge":928.20,"npi":[1033221833,1467779413]},{"billed_charge":1757.00,"npi":[1033221833,1467779413]},{"billed_charge":3514.00,"npi":[1033221833,1467779413]},{"billed_charge":14712.75,"npi":[1033221833,1467779413]},{"billed_charge":19617.00,"npi":[1033221833,1467779413]}]},{"allowed_amount":0.00,"billing_code_modifier":[""],"providers":[{"billed_charge":130.20,"npi":[1033221833,1467779413]},{"billed_charge":195.30,"npi":[1033221833,1467779413]},{"billed_charge":390.60,"npi":[1033221833,1467779413]},{"billed_charge":928.20,"npi":[1033221833,1467779413]},{"billed_charge":1757.00,"npi":[1033221833,1467779413]},{"billed_charge":3514.00,"npi":[1033221833,1467779413]},{"billed_charge":14712.75,"npi":[1033221833,1467779413]},{"billed_charge":19617.00,"npi":[1033221833,1467779413]}]},{"allowed_amount":0.00,"billing_code_modifier":[""],"providers":[{"billed_charge":130.20,"npi":[1033221833,1467779413]},{"billed_charge":195.30,"npi":[1033221833,1467779413]},{"billed_charge":390.60,"npi":[1033221833,1467779413]},{"billed_charge":928.20,"npi":[1033221833,1467779413]},{"billed_charge":1757.00,"npi":[1033221833,1467779413]},{"billed_charge":3514.00,"npi":[1033221833,1467779413]},{"billed_charge":14712.75,"npi":[1033221833,1467779413]},{"billed_charge":19617.00,"npi":[1033221833,1467779413]}]},{"allowed_amount":0.00,"billing_code_modifier":[""],"providers":[{"billed_charge":130.20,"npi":[1033221833,1467779413]},{"billed_charge":195.30,"npi":[1033221833,1467779413]},{"billed_charge":390.60,"npi":[1033221833,1467779413]},{"billed_charge":928.20,"npi":[1033221833,1467779413]},{"billed_charge":1757.00,"npi":[1033221833,1467779413]},{"billed_charge":3514.00,"npi":[1033221833,1467779413]},{"billed_charge":14712.75,"npi":[1033221833,1467779413]},{"billed_charge":19617.00,"npi":[1033221833,1467779413]}]},{"allowed_amount":0.00,"billing_code_modifier":[""],"providers":[{"billed_charge":130.20,"npi":[1033221833,1467779413]},{"billed_charge":195.30,"npi":[1033221833,1467779413]},{"billed_charge":390.60,"npi":[1033221833,1467779413]},{"billed_charge":928.20,"npi":[1033221833,1467779413]},{"billed_charge":1757.00,"npi":[1033221833,1467779413]},{"billed_charge":3514.00,"npi":[1033221833,1467779413]},{"billed_charge":14712.75,"npi":[1033221833,1467779413]},{"billed_charge":19617.00,"npi":[1033221833,1467779413]}]},{"allowed_amount":0.00,"billing_code_modifier":[""],"providers":[{"billed_charge":130.20,"npi":[1033221833,1467779413]},{"billed_charge":195.30,"npi":[1033221833,1467779413]},{"billed_charge":390.60,"npi":[1033221833,1467779413]},{"billed_charge":928.20,"npi":[1033221833,1467779413]},{"billed_charge":1757.00,"npi":[1033221833,1467779413]},{"billed_charge":3514.00,"npi":[1033221833,1467779413]},{"billed_charge":14712.75,"npi":[1033221833,1467779413]},{"billed_charge":19617.00,"npi":[1033221833,1467779413]}]}]},{"tin":{"type":"ein","value":"860441493"},"service_code":["65"],"billing_class":"institutional","payments":[{"allowed_amount":0.00,"billing_code_modifier":[""],"providers":[{"billed_charge":130.20,"npi":[1033221833,1467779413]},{"billed_charge":195.30,"npi":[1033221833,1467779413]},{"billed_charge":390.60,"npi":[1033221833,1467779413]},{"billed_charge":928.20,"npi":[1033221833,1467779413]},{"billed_charge":1757.00,"npi":[1033221833,1467779413]},{"billed_charge":3514.00,"npi":[1033221833,1467779413]},{"billed_charge":14712.75,"npi":[1033221833,1467779413]},{"billed_charge":19617.00,"npi":[1033221833,1467779413]}]},{"allowed_amount":0.00,"billing_code_modifier":[""],"providers":[{"billed_charge":130.20,"npi":[1033221833,1467779413]},{"billed_charge":195.30,"npi":[1033221833,1467779413]},{"billed_charge":390.60,"npi":[1033221833,1467779413]},{"billed_charge":928.20,"npi":[1033221833,1467779413]},{"billed_charge":1757.00,"npi":[1033221833,1467779413]},{"billed_charge":3514.00,"npi":[1033221833,1467779413]},{"billed_charge":14712.75,"npi":[1033221833,1467779413]},{"billed_charge":19617.00,"npi":[1033221833,1467779413]}]},{"allowed_amount":0.00,"billing_code_modifier":[""],"providers":[{"billed_charge":130.20,"npi":[1033221833,1467779413]},{"billed_charge":195.30,"npi":[1033221833,1467779413]},{"billed_charge":390.60,"npi":[1033221833,1467779413]},{"billed_charge":928.20,"npi":[1033221833,1467779413]},{"billed_charge":1757.00,"npi":[1033221833,1467779413]},{"billed_charge":3514.00,"npi":[1033221833,1467779413]},{"billed_charge":14712.75,"npi":[1033221833,1467779413]},{"billed_charge":19617.00,"npi":[1033221833,1467779413]}]},{"allowed_amount":0.00,"billing_code_modifier":[""],"providers":[{"billed_charge":130.20,"npi":[1033221833,1467779413]},{"billed_charge":195.30,"npi":[1033221833,1467779413]},{"billed_charge":390.60,"npi":[1033221833,1467779413]},{"billed_charge":928.20,"npi":[1033221833,1467779413]},{"billed_charge":1757.00,"npi":[1033221833,1467779413]},{"billed_charge":3514.00,"npi":[1033221833,1467779413]},{"billed_charge":14712.75,"npi":[1033221833,1467779413]},{"billed_charge":19617.00,"npi":[1033221833,1467779413]}]},{"allowed_amount":0.00,"billing_code_modifier":[""],"providers":[{"billed_charge":130.20,"npi":[1033221833,1467779413]},{"billed_charge":195.30,"npi":[1033221833,1467779413]},{"billed_charge":390.60,"npi":[1033221833,1467779413]},{"billed_charge":928.20,"npi":[1033221833,1467779413]},{"billed_charge":1757.00,"npi":[1033221833,1467779413]},{"billed_charge":3514.00,"npi":[1033221833,1467779413]},{"billed_charge":14712.75,"npi":[1033221833,1467779413]},{"billed_charge":19617.00,"npi":[1033221833,1467779413]}]},{"allowed_amount":0.00,"billing_code_modifier":[""],"providers":[{"billed_charge":130.20,"npi":[1033221833,1467779413]},{"billed_charge":195.30,"npi":[1033221833,1467779413]},{"billed_charge":390.60,"npi":[1033221833,1467779413]},{"billed_charge":928.20,"npi":[1033221833,1467779413]},{"billed_charge":1757.00,"npi":[1033221833,1467779413]},{"billed_charge":3514.00,"npi":[1033221833,1467779413]},{"billed_charge":14712.75,"npi":[1033221833,1467779413]},{"billed_charge":19617.00,"npi":[1033221833,1467779413]}]},{"allowed_amount":0.00,"billing_code_modifier":[""],"providers":[{"billed_charge":130.20,"npi":[1033221833,1467779413]},{"billed_charge":195.30,"npi":[1033221833,1467779413]},{"billed_charge":390.60,"npi":[1033221833,1467779413]},{"billed_charge":928.20,"npi":[1033221833,1467779413]},{"billed_charge":1757.00,"npi":[1033221833,1467779413]},{"billed_charge":3514.00,"npi":[1033221833,1467779413]},{"billed_charge":14712.75,"npi":[1033221833,1467779413]},{"billed_charge":19617.00,"npi":[1033221833,1467779413]}]},{"allowed_amount":0.00,"billing_code_modifier":[""],"providers":[{"billed_charge":130.20,"npi":[1033221833,1467779413]},{"billed_charge":195.30,"npi":[1033221833,1467779413]},{"billed_charge":390.60,"npi":[1033221833,1467779413]},{"billed_charge":928.20,"npi":[1033221833,1467779413]},{"billed_charge":1757.00,"npi":[1033221833,1467779413]},{"billed_charge":3514.00,"npi":[1033221833,1467779413]},{"billed_charge":14712.75,"npi":[1033221833,1467779413]},{"billed_charge":19617.00,"npi":[1033221833,1467779413]}]}]},{"tin":{"type":"ein","value":"860441493"},"service_code":["65"],"billing_class":"institutional","payments":[{"allowed_amount":0.00,"billing_code_modifier":[""],"providers":[{"billed_charge":130.20,"npi":[1033221833,1467779413]},{"billed_charge":195.30,"npi":[1033221833,1467779413]},{"billed_charge":390.60,"npi":[1033221833,1467779413]},{"billed_charge":928.20,"npi":[1033221833,1467779413]},{"billed_charge":1757.00,"npi":[1033221833,1467779413]},{"billed_charge":3514.00,"npi":[1033221833,1467779413]},{"billed_charge":14712.75,"npi":[1033221833,1467779413]},{"billed_charge":19617.00,"npi":[1033221833,1467779413]}]},{"allowed_amount":0.00,"billing_code_modifier":[""],"providers":[{"billed_charge":130.20,"npi":[1033221833,1467779413]},{"billed_charge":195.30,"npi":[1033221833,1467779413]},{"billed_charge":390.60,"npi":[1033221833,1467779413]},{"billed_charge":928.20,"npi":[1033221833,1467779413]},{"billed_charge":1757.00,"npi":[1033221833,1467779413]},{"billed_charge":3514.00,"npi":[1033221833,1467779413]},{"billed_charge":14712.75,"npi":[1033221833,1467779413]},{"billed_charge":19617.00,"npi":[1033221833,1467779413]}]},{"allowed_amount":0.00,"billing_code_modifier":[""],"providers":[{"billed_charge":130.20,"npi":[1033221833,1467779413]},{"billed_charge":195.30,"npi":[1033221833,1467779413]},{"billed_charge":390.60,"npi":[1033221833,1467779413]},{"billed_charge":928.20,"npi":[1033221833,1467779413]},{"billed_charge":1757.00,"npi":[1033221833,1467779413]},{"billed_charge":3514.00,"npi":[1033221833,1467779413]},{"billed_charge":14712.75,"npi":[1033221833,1467779413]},{"billed_charge":19617.00,"npi":[1033221833,1467779413]}]},{"allowed_amount":0.00,"billing_code_modifier":[""],"providers":[{"billed_charge":130.20,"npi":[1033221833,1467779413]},{"billed_charge":195.30,"npi":[1033221833,1467779413]},{"billed_charge":390.60,"npi":[1033221833,1467779413]},{"billed_charge":928.20,"npi":[1033221833,1467779413]},{"billed_charge":1757.00,"npi":[1033221833,1467779413]},{"billed_charge":3514.00,"npi":[1033221833,1467779413]},{"billed_charge":14712.75,"npi":[1033221833,1467779413]},{"billed_charge":19617.00,"npi":[1033221833,1467779413]}]},{"allowed_amount":0.00,"billing_code_modifier":[""],"providers":[{"billed_charge":130.20,"npi":[1033221833,1467779413]},{"billed_charge":195.30,"npi":[1033221833,1467779413]},{"billed_charge":390.60,"npi":[1033221833,1467779413]},{"billed_charge":928.20,"npi":[1033221833,1467779413]},{"billed_charge":1757.00,"npi":[1033221833,1467779413]},{"billed_charge":3514.00,"npi":[1033221833,1467779413]},{"billed_charge":14712.75,"npi":[1033221833,1467779413]},{"billed_charge":19617.00,"npi":[1033221833,1467779413]}]},{"allowed_amount":0.00,"billing_code_modifier":[""],"providers":[{"billed_charge":130.20,"npi":[1033221833,1467779413]},{"billed_charge":195.30,"npi":[1033221833,1467779413]},{"billed_charge":390.60,"npi":[1033221833,1467779413]},{"billed_charge":928.20,"npi":[1033221833,1467779413]},{"billed_charge":1757.00,"npi":[1033221833,1467779413]},{"billed_charge":3514.00,"npi":[1033221833,1467779413]},{"billed_charge":14712.75,"npi":[1033221833,1467779413]},{"billed_charge":19617.00,"npi":[1033221833,1467779413]}]},{"allowed_amount":0.00,"billing_code_modifier":[""],"providers":[{"billed_charge":130.20,"npi":[1033221833,1467779413]},{"billed_charge":195.30,"npi":[1033221833,1467779413]},{"billed_charge":390.60,"npi":[1033221833,1467779413]},{"billed_charge":928.20,"npi":[1033221833,1467779413]},{"billed_charge":1757.00,"npi":[1033221833,1467779413]},{"billed_charge":3514.00,"npi":[1033221833,1467779413]},{"billed_charge":14712.75,"npi":[1033221833,1467779413]},{"billed_charge":19617.00,"npi":[1033221833,1467779413]}]},{"allowed_amount":0.00,"billing_code_modifier":[""],"providers":[{"billed_charge":130.20,"npi":[1033221833,1467779413]},{"billed_charge":195.30,"npi":[1033221833,1467779413]},{"billed_charge":390.60,"npi":[1033221833,1467779413]},{"billed_charge":928.20,"npi":[1033221833,1467779413]},{"billed_charge":1757.00,"npi":[1033221833,1467779413]},{"billed_charge":3514.00,"npi":[1033221833,1467779413]},{"billed_charge":14712.75,"npi":[1033221833,1467779413]},{"billed_charge":19617.00,"npi":[1033221833,1467779413]}]}]},{"tin":{"type":"ein","value":"860441493"},"service_code":["65"],"billing_class":"institutional","payments":[{"allowed_amount":0.00,"billing_code_modifier":[""],"providers":[{"billed_charge":130.20,"npi":[1033221833,1467779413]},{"billed_charge":195.30,"npi":[1033221833,1467779413]},{"billed_charge":390.60,"npi":[1033221833,1467779413]},{"billed_charge":928.20,"npi":[1033221833,1467779413]},{"billed_charge":1757.00,"npi":[1033221833,1467779413]},{"billed_charge":3514.00,"npi":[1033221833,1467779413]},{"billed_charge":14712.75,"npi":[1033221833,1467779413]},{"billed_charge":19617.00,"npi":[1033221833,1467779413]}]},{"allowed_amount":0.00,"billing_code_modifier":[""],"providers":[{"billed_charge":130.20,"npi":[1033221833,1467779413]},{"billed_charge":195.30,"npi":[1033221833,1467779413]},{"billed_charge":390.60,"npi":[1033221833,1467779413]},{"billed_charge":928.20,"npi":[1033221833,1467779413]},{"billed_charge":1757.00,"npi":[1033221833,1467779413]},{"billed_charge":3514.00,"npi":[1033221833,1467779413]},{"billed_charge":14712.75,"npi":[1033221833,1467779413]},{"billed_charge":19617.00,"npi":[1033221833,1467779413]}]},{"allowed_amount":0.00,"billing_code_modifier":[""],"providers":[{"billed_charge":130.20,"npi":[1033221833,1467779413]},{"billed_charge":195.30,"npi":[1033221833,1467779413]},{"billed_charge":390.60,"npi":[1033221833,1467779413]},{"billed_charge":928.20,"npi":[1033221833,1467779413]},{"billed_charge":1757.00,"npi":[1033221833,1467779413]},{"billed_charge":3514.00,"npi":[1033221833,1467779413]},{"billed_charge":14712.75,"npi":[1033221833,1467779413]},{"billed_charge":19617.00,"npi":[1033221833,1467779413]}]},{"allowed_amount":0.00,"billing_code_modifier":[""],"providers":[{"billed_charge":130.20,"npi":[1033221833,1467779413]},{"billed_charge":195.30,"npi":[1033221833,1467779413]},{"billed_charge":390.60,"npi":[1033221833,1467779413]},{"billed_charge":928.20,"npi":[1033221833,1467779413]},{"billed_charge":1757.00,"npi":[1033221833,1467779413]},{"billed_charge":3514.00,"npi":[1033221833,1467779413]},{"billed_charge":14712.75,"npi":[1033221833,1467779413]},{"billed_charge":19617.00,"npi":[1033221833,1467779413]}]},{"allowed_amount":0.00,"billing_code_modifier":[""],"providers":[{"billed_charge":130.20,"npi":[1033221833,1467779413]},{"billed_charge":195.30,"npi":[1033221833,1467779413]},{"billed_charge":390.60,"npi":[1033221833,1467779413]},{"billed_charge":928.20,"npi":[1033221833,1467779413]},{"billed_charge":1757.00,"npi":[1033221833,1467779413]},{"billed_charge":3514.00,"npi":[1033221833,1467779413]},{"billed_charge":14712.75,"npi":[1033221833,1467779413]},{"billed_charge":19617.00,"npi":[1033221833,1467779413]}]},{"allowed_amount":0.00,"billing_code_modifier":[""],"providers":[{"billed_charge":130.20,"npi":[1033221833,1467779413]},{"billed_charge":195.30,"npi":[1033221833,1467779413]},{"billed_charge":390.60,"npi":[1033221833,1467779413]},{"billed_charge":928.20,"npi":[1033221833,1467779413]},{"billed_charge":1757.00,"npi":[1033221833,1467779413]},{"billed_charge":3514.00,"npi":[1033221833,1467779413]},{"billed_charge":14712.75,"npi":[1033221833,1467779413]},{"billed_charge":19617.00,"npi":[1033221833,1467779413]}]},{"allowed_amount":0.00,"billing_code_modifier":[""],"providers":[{"billed_charge":130.20,"npi":[1033221833,1467779413]},{"billed_charge":195.30,"npi":[1033221833,1467779413]},{"billed_charge":390.60,"npi":[1033221833,1467779413]},{"billed_charge":928.20,"npi":[1033221833,1467779413]},{"billed_charge":1757.00,"npi":[1033221833,1467779413]},{"billed_charge":3514.00,"npi":[1033221833,1467779413]},{"billed_charge":14712.75,"npi":[1033221833,1467779413]},{"billed_charge":19617.00,"npi":[1033221833,1467779413]}]},{"allowed_amount":0.00,"billing_code_modifier":[""],"providers":[{"billed_charge":130.20,"npi":[1033221833,1467779413]},{"billed_charge":195.30,"npi":[1033221833,1467779413]},{"billed_charge":390.60,"npi":[1033221833,1467779413]},{"billed_charge":928.20,"npi":[1033221833,1467779413]},{"billed_charge":1757.00,"npi":[1033221833,1467779413]},{"billed_charge":3514.00,"npi":[1033221833,1467779413]},{"billed_charge":14712.75,"npi":[1033221833,1467779413]},{"billed_charge":19617.00,"npi":[1033221833,1467779413]}]}]},{"tin":{"type":"ein","value":"860441493"},"service_code":["65"],"billing_class":"institutional","payments":[{"allowed_amount":0.00,"billing_code_modifier":[""],"providers":[{"billed_charge":130.20,"npi":[1033221833,1467779413]},{"billed_charge":195.30,"npi":[1033221833,1467779413]},{"billed_charge":390.60,"npi":[1033221833,1467779413]},{"billed_charge":928.20,"npi":[1033221833,1467779413]},{"billed_charge":1757.00,"npi":[1033221833,1467779413]},{"billed_charge":3514.00,"npi":[1033221833,1467779413]},{"billed_charge":14712.75,"npi":[1033221833,1467779413]},{"billed_charge":19617.00,"npi":[1033221833,1467779413]}]},{"allowed_amount":0.00,"billing_code_modifier":[""],"providers":[{"billed_charge":130.20,"npi":[1033221833,1467779413]},{"billed_charge":195.30,"npi":[1033221833,1467779413]},{"billed_charge":390.60,"npi":[1033221833,1467779413]},{"billed_charge":928.20,"npi":[1033221833,1467779413]},{"billed_charge":1757.00,"npi":[1033221833,1467779413]},{"billed_charge":3514.00,"npi":[1033221833,1467779413]},{"billed_charge":14712.75,"npi":[1033221833,1467779413]},{"billed_charge":19617.00,"npi":[1033221833,1467779413]}]},{"allowed_amount":0.00,"billing_code_modifier":[""],"providers":[{"billed_charge":130.20,"npi":[1033221833,1467779413]},{"billed_charge":195.30,"npi":[1033221833,1467779413]},{"billed_charge":390.60,"npi":[1033221833,1467779413]},{"billed_charge":928.20,"npi":[1033221833,1467779413]},{"billed_charge":1757.00,"npi":[1033221833,1467779413]},{"billed_charge":3514.00,"npi":[1033221833,1467779413]},{"billed_charge":14712.75,"npi":[1033221833,1467779413]},{"billed_charge":19617.00,"npi":[1033221833,1467779413]}]},{"allowed_amount":0.00,"billing_code_modifier":[""],"providers":[{"billed_charge":130.20,"npi":[1033221833,1467779413]},{"billed_charge":195.30,"npi":[1033221833,1467779413]},{"billed_charge":390.60,"npi":[1033221833,1467779413]},{"billed_charge":928.20,"npi":[1033221833,1467779413]},{"billed_charge":1757.00,"npi":[1033221833,1467779413]},{"billed_charge":3514.00,"npi":[1033221833,1467779413]},{"billed_charge":14712.75,"npi":[1033221833,1467779413]},{"billed_charge":19617.00,"npi":[1033221833,1467779413]}]},{"allowed_amount":0.00,"billing_code_modifier":[""],"providers":[{"billed_charge":130.20,"npi":[1033221833,1467779413]},{"billed_charge":195.30,"npi":[1033221833,1467779413]},{"billed_charge":390.60,"npi":[1033221833,1467779413]},{"billed_charge":928.20,"npi":[1033221833,1467779413]},{"billed_charge":1757.00,"npi":[1033221833,1467779413]},{"billed_charge":3514.00,"npi":[1033221833,1467779413]},{"billed_charge":14712.75,"npi":[1033221833,1467779413]},{"billed_charge":19617.00,"npi":[1033221833,1467779413]}]},{"allowed_amount":0.00,"billing_code_modifier":[""],"providers":[{"billed_charge":130.20,"npi":[1033221833,1467779413]},{"billed_charge":195.30,"npi":[1033221833,1467779413]},{"billed_charge":390.60,"npi":[1033221833,1467779413]},{"billed_charge":928.20,"npi":[1033221833,1467779413]},{"billed_charge":1757.00,"npi":[1033221833,1467779413]},{"billed_charge":3514.00,"npi":[1033221833,1467779413]},{"billed_charge":14712.75,"npi":[1033221833,1467779413]},{"billed_charge":19617.00,"npi":[1033221833,1467779413]}]},{"allowed_amount":0.00,"billing_code_modifier":[""],"providers":[{"billed_charge":130.20,"npi":[1033221833,1467779413]},{"billed_charge":195.30,"npi":[1033221833,1467779413]},{"billed_charge":390.60,"npi":[1033221833,1467779413]},{"billed_charge":928.20,"npi":[1033221833,1467779413]},{"billed_charge":1757.00,"npi":[1033221833,1467779413]},{"billed_charge":3514.00,"npi":[1033221833,1467779413]},{"billed_charge":14712.75,"npi":[1033221833,1467779413]},{"billed_charge":19617.00,"npi":[1033221833,1467779413]}]},{"allowed_amount":0.00,"billing_code_modifier":[""],"providers":[{"billed_charge":130.20,"npi":[1033221833,1467779413]},{"billed_charge":195.30,"npi":[1033221833,1467779413]},{"billed_charge":390.60,"npi":[1033221833,1467779413]},{"billed_charge":928.20,"npi":[1033221833,1467779413]},{"billed_charge":1757.00,"npi":[1033221833,1467779413]},{"billed_charge":3514.00,"npi":[1033221833,1467779413]},{"billed_charge":14712.75,"npi":[1033221833,1467779413]},{"billed_charge":19617.00,"npi":[1033221833,1467779413]}]}]},{"tin":{"type":"ein","value":"860441493"},"service_code":["65"],"billing_class":"institutional","payments":[{"allowed_amount":0.00,"billing_code_modifier":[""],"providers":[{"billed_charge":130.20,"npi":[1033221833,1467779413]},{"billed_charge":195.30,"npi":[1033221833,1467779413]},{"billed_charge":390.60,"npi":[1033221833,1467779413]},{"billed_charge":928.20,"npi":[1033221833,1467779413]},{"billed_charge":1757.00,"npi":[1033221833,1467779413]},{"billed_charge":3514.00,"npi":[1033221833,1467779413]},{"billed_charge":14712.75,"npi":[1033221833,1467779413]},{"billed_charge":19617.00,"npi":[1033221833,1467779413]}]},{"allowed_amount":0.00,"billing_code_modifier":[""],"providers":[{"billed_charge":130.20,"npi":[1033221833,1467779413]},{"billed_charge":195.30,"npi":[1033221833,1467779413]},{"billed_charge":390.60,"npi":[1033221833,1467779413]},{"billed_charge":928.20,"npi":[1033221833,1467779413]},{"billed_charge":1757.00,"npi":[1033221833,1467779413]},{"billed_charge":3514.00,"npi":[1033221833,1467779413]},{"billed_charge":14712.75,"npi":[1033221833,1467779413]},{"billed_charge":19617.00,"npi":[1033221833,1467779413]}]},{"allowed_amount":0.00,"billing_code_modifier":[""],"providers":[{"billed_charge":130.20,"npi":[1033221833,1467779413]},{"billed_charge":195.30,"npi":[1033221833,1467779413]},{"billed_charge":390.60,"npi":[1033221833,1467779413]},{"billed_charge":928.20,"npi":[1033221833,1467779413]},{"billed_charge":1757.00,"npi":[1033221833,1467779413]},{"billed_charge":3514.00,"npi":[1033221833,1467779413]},{"billed_charge":14712.75,"npi":[1033221833,1467779413]},{"billed_charge":19617.00,"npi":[1033221833,1467779413]}]},{"allowed_amount":0.00,"billing_code_modifier":[""],"providers":[{"billed_charge":130.20,"npi":[1033221833,1467779413]},{"billed_charge":195.30,"npi":[1033221833,1467779413]},{"billed_charge":390.60,"npi":[1033221833,1467779413]},{"billed_charge":928.20,"npi":[1033221833,1467779413]},{"billed_charge":1757.00,"npi":[1033221833,1467779413]},{"billed_charge":3514.00,"npi":[1033221833,1467779413]},{"billed_charge":14712.75,"npi":[1033221833,1467779413]},{"billed_charge":19617.00,"npi":[1033221833,1467779413]}]},{"allowed_amount":0.00,"billing_code_modifier":[""],"providers":[{"billed_charge":130.20,"npi":[1033221833,1467779413]},{"billed_charge":195.30,"npi":[1033221833,1467779413]},{"billed_charge":390.60,"npi":[1033221833,1467779413]},{"billed_charge":928.20,"npi":[1033221833,1467779413]},{"billed_charge":1757.00,"npi":[1033221833,1467779413]},{"billed_charge":3514.00,"npi":[1033221833,1467779413]},{"billed_charge":14712.75,"npi":[1033221833,1467779413]},{"billed_charge":19617.00,"npi":[1033221833,1467779413]}]},{"allowed_amount":0.00,"billing_code_modifier":[""],"providers":[{"billed_charge":130.20,"npi":[1033221833,1467779413]},{"billed_charge":195.30,"npi":[1033221833,1467779413]},{"billed_charge":390.60,"npi":[1033221833,1467779413]},{"billed_charge":928.20,"npi":[1033221833,1467779413]},{"billed_charge":1757.00,"npi":[1033221833,1467779413]},{"billed_charge":3514.00,"npi":[1033221833,1467779413]},{"billed_charge":14712.75,"npi":[1033221833,1467779413]},{"billed_charge":19617.00,"npi":[1033221833,1467779413]}]},{"allowed_amount":0.00,"billing_code_modifier":[""],"providers":[{"billed_charge":130.20,"npi":[1033221833,1467779413]},{"billed_charge":195.30,"npi":[1033221833,1467779413]},{"billed_charge":390.60,"npi":[1033221833,1467779413]},{"billed_charge":928.20,"npi":[1033221833,1467779413]},{"billed_charge":1757.00,"npi":[1033221833,1467779413]},{"billed_charge":3514.00,"npi":[1033221833,1467779413]},{"billed_charge":14712.75,"npi":[1033221833,1467779413]},{"billed_charge":19617.00,"npi":[1033221833,1467779413]}]},{"allowed_amount":0.00,"billing_code_modifier":[""],"providers":[{"billed_charge":130.20,"npi":[1033221833,1467779413]},{"billed_charge":195.30,"npi":[1033221833,1467779413]},{"billed_charge":390.60,"npi":[1033221833,1467779413]},{"billed_charge":928.20,"npi":[1033221833,1467779413]},{"billed_charge":1757.00,"npi":[1033221833,1467779413]},{"billed_charge":3514.00,"npi":[1033221833,1467779413]},{"billed_charge":14712.75,"npi":[1033221833,1467779413]},{"billed_charge":19617.00,"npi":[1033221833,1467779413]}]}]},{"tin":{"type":"ein","value":"862195601"},"service_code":["23"],"billing_class":"institutional","payments":[{"allowed_amount":0.00,"billing_code_modifier":[""],"providers":[{"billed_charge":3.30,"npi":[1407513708,1881352037]}]}]}]},{"name":"HEMO OPD\/HOME: HEMODIALYSIS COMP OR OTHER RATE","billing_code_type":"RC","billing_code_type_version":"UB04","billing_code":"0821","description":"HEMO OPD\/HOME: HEMODIALYSIS COMP OR OTHER RATE","allowed_amounts":[{"tin":{"type":"ein","value":"860441493"},"service_code":["65"],"billing_class":"institutional","payments":[{"allowed_amount":394.88,"billing_code_modifier":[""],"providers":[{"billed_charge":8832.00,"npi":[1033221833,1467779413]}]}]}]},{"name":"IV THERAPY","billing_code_type":"RC","billing_code_type_version":"UB04","billing_code":"0260","description":"IV THERAPY","allowed_amounts":[{"tin":{"type":"ein","value":"851516898"},"service_code":["23"],"billing_class":"institutional","payments":[{"allowed_amount":134.42,"billing_code_modifier":[""],"providers":[{"billed_charge":850.00,"npi":[1114930492,1134580079,1164909479,1437246808,1518539048,1740605526,1811992209]}]}]}]},{"name":"MEDICAL\/SURGICAL SUPPLIES","billing_code_type":"RC","billing_code_type_version":"UB04","billing_code":"0270","description":"MEDICAL\/SURGICAL SUPPLIES","allowed_amounts":[{"tin":{"type":"ein","value":"860441493"},"service_code":["65"],"billing_class":"institutional","payments":[{"allowed_amount":0.00,"billing_code_modifier":[""],"providers":[{"billed_charge":149.10,"npi":[1033221833,1467779413]}]}]}]},{"name":"PHARMACY","billing_code_type":"RC","billing_code_type_version":"UB04","billing_code":"0250","description":"PHARMACY","allowed_amounts":[{"tin":{"type":"ein","value":"741287015"},"service_code":["23"],"billing_class":"institutional","payments":[{"allowed_amount":0.00,"billing_code_modifier":[""],"providers":[{"billed_charge":8.50,"npi":[1891789772]},{"billed_charge":63.50,"npi":[1891789772]}]},{"allowed_amount":0.00,"billing_code_modifier":[""],"providers":[{"billed_charge":8.50,"npi":[1891789772]},{"billed_charge":63.50,"npi":[1891789772]}]}]},{"tin":{"type":"ein","value":"741287015"},"service_code":["23"],"billing_class":"institutional","payments":[{"allowed_amount":0.00,"billing_code_modifier":[""],"providers":[{"billed_charge":8.50,"npi":[1891789772]},{"billed_charge":63.50,"npi":[1891789772]}]},{"allowed_amount":0.00,"billing_code_modifier":[""],"providers":[{"billed_charge":8.50,"npi":[1891789772]},{"billed_charge":63.50,"npi":[1891789772]}]}]},{"tin":{"type":"ein","value":"860441493"},"service_code":["65"],"billing_class":"institutional","payments":[{"allowed_amount":0.00,"billing_code_modifier":[""],"providers":[{"billed_charge":397.20,"npi":[1033221833,1467779413]}]}]},{"tin":{"type":"ein","value":"862195601"},"service_code":["23"],"billing_class":"institutional","payments":[{"allowed_amount":0.00,"billing_code_modifier":[""],"providers":[{"billed_charge":37.26,"npi":[1407513708,1881352037]}]}]}]},{"name":"PHARMACY: IV SOLUTIONS","billing_code_type":"RC","billing_code_type_version":"UB04","billing_code":"0258","description":"PHARMACY: IV SOLUTIONS","allowed_amounts":[{"tin":{"type":"ein","value":"851516898"},"service_code":["23"],"billing_class":"institutional","payments":[{"allowed_amount":0.00,"billing_code_modifier":[""],"providers":[{"billed_charge":32.34,"npi":[1306268479,1518539048]},{"billed_charge":50.80,"npi":[1134580079,1154343358,1164909479,1518539048,1740605526,1851557201,1972765253]},{"billed_charge":152.40,"npi":[1437246808,1518539048]}]},{"allowed_amount":0.00,"billing_code_modifier":[""],"providers":[{"billed_charge":32.34,"npi":[1306268479,1518539048]},{"billed_charge":50.80,"npi":[1134580079,1154343358,1164909479,1518539048,1740605526,1851557201,1972765253]},{"billed_charge":152.40,"npi":[1437246808,1518539048]}]},{"allowed_amount":0.00,"billing_code_modifier":[""],"providers":[{"billed_charge":32.34,"npi":[1306268479,1518539048]},{"billed_charge":50.80,"npi":[1134580079,1154343358,1164909479,1518539048,1740605526,1851557201,1972765253]},{"billed_charge":152.40,"npi":[1437246808,1518539048]}]}]},{"tin":{"type":"ein","value":"851516898"},"service_code":["23"],"billing_class":"institutional","payments":[{"allowed_amount":0.00,"billing_code_modifier":[""],"providers":[{"billed_charge":32.34,"npi":[1306268479,1518539048]},{"billed_charge":50.80,"npi":[1134580079,1154343358,1164909479,1518539048,1740605526,1851557201,1972765253]},{"billed_charge":152.40,"npi":[1437246808,1518539048]}]},{"allowed_amount":0.00,"billing_code_modifier":[""],"providers":[{"billed_charge":32.34,"npi":[1306268479,1518539048]},{"billed_charge":50.80,"npi":[1134580079,1154343358,1164909479,1518539048,1740605526,1851557201,1972765253]},{"billed_charge":152.40,"npi":[1437246808,1518539048]}]},{"allowed_amount":0.00,"billing_code_modifier":[""],"providers":[{"billed_charge":32.34,"npi":[1306268479,1518539048]},{"billed_charge":50.80,"npi":[1134580079,1154343358,1164909479,1518539048,1740605526,1851557201,1972765253]},{"billed_charge":152.40,"npi":[1437246808,1518539048]}]}]},{"tin":{"type":"ein","value":"851516898"},"service_code":["23"],"billing_class":"institutional","payments":[{"allowed_amount":0.00,"billing_code_modifier":[""],"providers":[{"billed_charge":32.34,"npi":[1306268479,1518539048]},{"billed_charge":50.80,"npi":[1134580079,1154343358,1164909479,1518539048,1740605526,1851557201,1972765253]},{"billed_charge":152.40,"npi":[1437246808,1518539048]}]},{"allowed_amount":0.00,"billing_code_modifier":[""],"providers":[{"billed_charge":32.34,"npi":[1306268479,1518539048]},{"billed_charge":50.80,"npi":[1134580079,1154343358,1164909479,1518539048,1740605526,1851557201,1972765253]},{"billed_charge":152.40,"npi":[1437246808,1518539048]}]},{"allowed_amount":0.00,"billing_code_modifier":[""],"providers":[{"billed_charge":32.34,"npi":[1306268479,1518539048]},{"billed_charge":50.80,"npi":[1134580079,1154343358,1164909479,1518539048,1740605526,1851557201,1972765253]},{"billed_charge":152.40,"npi":[1437246808,1518539048]}]}]},{"tin":{"type":"ein","value":"953522679"},"service_code":["21"],"billing_class":"institutional","payments":[{"allowed_amount":0.00,"billing_code_modifier":[""],"providers":[{"billed_charge":58.30,"npi":[1912914821]}]}]}]},{"name":"THERAPEUTIC PX 1\/> AREAS EACH 15 MIN EXERCISES","billing_code_type":"CPT","billing_code_type_version":"2020","billing_code":"97110","description":"THERAPEUTIC PX 1\/> AREAS EACH 15 MIN EXERCISES","allowed_amounts":[{"tin":{"type":"ein","value":"300393112"},"service_code":["11"],"billing_class":"professional","payments":[{"allowed_amount":0.00,"billing_code_modifier":[""],"providers":[{"billed_charge":236.00,"npi":[1518092360,1760237325]}]}]},{"tin":{"type":"ein","value":"731725282"},"service_code":["11"],"billing_class":"professional","payments":[{"allowed_amount":0.00,"billing_code_modifier":[""],"providers":[{"billed_charge":40.00,"npi":[1093747420]},{"billed_charge":80.00,"npi":[1093747420]}]},{"allowed_amount":0.00,"billing_code_modifier":[""],"providers":[{"billed_charge":40.00,"npi":[1093747420]},{"billed_charge":80.00,"npi":[1093747420]}]}]},{"tin":{"type":"ein","value":"731725282"},"service_code":["11"],"billing_class":"professional","payments":[{"allowed_amount":0.00,"billing_code_modifier":[""],"providers":[{"billed_charge":40.00,"npi":[1093747420]},{"billed_charge":80.00,"npi":[1093747420]}]},{"allowed_amount":0.00,"billing_code_modifier":[""],"providers":[{"billed_charge":40.00,"npi":[1093747420]},{"billed_charge":80.00,"npi":[1093747420]}]}]},{"tin":{"type":"ein","value":"831858432"},"service_code":["11"],"billing_class":"professional","payments":[{"allowed_amount":0.00,"billing_code_modifier":[""],"providers":[{"billed_charge":144.00,"npi":[1295219848,1548790025]}]}]},{"tin":{"type":"ein","value":"921453744"},"service_code":["11"],"billing_class":"professional","payments":[{"allowed_amount":0.00,"billing_code_modifier":[""],"providers":[{"billed_charge":295.70,"npi":[1427474022,1730892415]}]}]},{"tin":{"type":"ein","value":"922398520"},"service_code":["11"],"billing_class":"professional","payments":[{"allowed_amount":0.00,"billing_code_modifier":[""],"providers":[{"billed_charge":109.00,"npi":[1043923501,1346933942]}]}]}]}]}
