{"reporting_entity_name": "IEC Group_DBA AmeriBen",
	"reporting_entity_type": "Third Party Administrator",
	"plan_name": "MADISON IAQ",
	"plan_id_type": "ein",
	"plan_id": "823246836",
	"plan_market_type": "group",
	"last_updated_on": "2025-04-01","Version": "1.0.0","out_of_network":[{"name":"ADAPTIVE BEHAVIOR TX BY PROTOCOL TECH EA 15 MIN","billing_code_type":"CPT","billing_code_type_version":"2020","billing_code":"97153","description":"ADAPTIVE BEHAVIOR TX BY PROTOCOL TECH EA 15 MIN","allowed_amounts":[{"tin":{"type":"ein","value":"271402749"},"service_code":["12"],"billing_class":"professional","payments":[{"allowed_amount":372.00,"billing_code_modifier":[""],"providers":[{"billed_charge":936.00,"npi":[1114427127]}]}]}]},{"name":"DRUGS REQUIRE SPECIFIC ID: DRUGS REQUIRING DETAIL","billing_code_type":"RC","billing_code_type_version":"UB04","billing_code":"0636","description":"DRUGS REQUIRE SPECIFIC ID: DRUGS REQUIRING DETAIL","allowed_amounts":[{"tin":{"type":"ein","value":"861591954"},"service_code":["65"],"billing_class":"institutional","payments":[{"allowed_amount":2.00,"billing_code_modifier":[""],"providers":[{"billed_charge":515.65,"npi":[1083899900,1225621006]}]}]},{"tin":{"type":"ein","value":"861591954"},"service_code":["65"],"billing_class":"institutional","payments":[{"allowed_amount":89.20,"billing_code_modifier":[""],"providers":[{"billed_charge":3347.00,"npi":[1083899900,1225621006]}]}]}]},{"name":"HEMO OPD\/HOME: HEMODIALYSIS COMP OR OTHER RATE","billing_code_type":"RC","billing_code_type_version":"UB04","billing_code":"0821","description":"HEMO OPD\/HOME: HEMODIALYSIS COMP OR OTHER RATE","allowed_amounts":[{"tin":{"type":"ein","value":"861591954"},"service_code":["65"],"billing_class":"institutional","payments":[{"allowed_amount":1411.16,"billing_code_modifier":[""],"providers":[{"billed_charge":8411.43,"npi":[1083899900,1225621006]}]}]}]},{"name":"MEDICAL\/SURGICAL SUPPLIES","billing_code_type":"RC","billing_code_type_version":"UB04","billing_code":"0270","description":"MEDICAL\/SURGICAL SUPPLIES","allowed_amounts":[{"tin":{"type":"ein","value":"861591954"},"service_code":["65"],"billing_class":"institutional","payments":[{"allowed_amount":25.36,"billing_code_modifier":[""],"providers":[{"billed_charge":142.00,"npi":[1083899900,1225621006]}]}]}]},{"name":"PHARMACY","billing_code_type":"RC","billing_code_type_version":"UB04","billing_code":"0250","description":"PHARMACY","allowed_amounts":[{"tin":{"type":"ein","value":"861591954"},"service_code":["65"],"billing_class":"institutional","payments":[{"allowed_amount":16.00,"billing_code_modifier":[""],"providers":[{"billed_charge":52.90,"npi":[1083899900,1225621006]}]}]},{"tin":{"type":"ein","value":"861591954"},"service_code":["65"],"billing_class":"institutional","payments":[{"allowed_amount":28.00,"billing_code_modifier":[""],"providers":[{"billed_charge":94.57,"npi":[1083899900,1225621006]}]}]}]},{"name":"PSYCHIATRIC\/PSYCHOLOGICAL SVCS: GROUP THERAPY","billing_code_type":"RC","billing_code_type_version":"UB04","billing_code":"0915","description":"PSYCHIATRIC\/PSYCHOLOGICAL SVCS: GROUP THERAPY","allowed_amounts":[{"tin":{"type":"ein","value":"882962798"},"service_code":["99"],"billing_class":"institutional","payments":[{"allowed_amount":165.62,"billing_code_modifier":[""],"providers":[{"billed_charge":3000.00,"npi":[1508598749,1629328117]}]}]}]}]}
