{"reporting_entity_name": "IEC Group_DBA AmeriBen",
	"reporting_entity_type": "Third Party Administrator",
	"plan_name": "KEMIRA CHEMICALS INC",
	"plan_id_type": "ein",
	"plan_id": "010598941",
	"plan_market_type": "group",
	"last_updated_on": "2023-04-03","Version": "1.0.0","out_of_network":[{"name":"IA DET NA;SEV AC RES SYND SARS-COV-2 COVID-19","billing_code_type":"HCPCS","billing_code_type_version":"HCPCS LEVEL II 2021","billing_code":"U0005","description":"IA DET NA;SEV AC RES SYND SARS-COV-2 COVID-19","allowed_amounts":[{"tin":{"type":"ein","value":"382084239"},"service_code":["81"],"billing_class":"professional","payments":[{"allowed_amount":25.00,"billing_code_modifier":[""],"providers":[{"billed_charge":25.00,"npi":[1932166386,1992314918]}]}]},{"tin":{"type":"ein","value":"473727159"},"service_code":["81"],"billing_class":"professional","payments":[{"allowed_amount":25.00,"billing_code_modifier":[""],"providers":[{"billed_charge":25.00,"npi":[1053821777,1528546652,1912521568]}]}]},{"tin":{"type":"ein","value":"621433252"},"service_code":["81"],"billing_class":"professional","payments":[{"allowed_amount":25.00,"billing_code_modifier":[""],"providers":[{"billed_charge":31.25,"npi":[1447681218,1689639544,1881352979]}]}]},{"tin":{"type":"ein","value":"830814475"},"service_code":["81"],"billing_class":"professional","payments":[{"allowed_amount":25.00,"billing_code_modifier":[""],"providers":[{"billed_charge":25.00,"npi":[1174009245,1801039649]}]}]},{"tin":{"type":"ein","value":"845172222"},"service_code":["81"],"billing_class":"professional","payments":[{"allowed_amount":25.00,"billing_code_modifier":[""],"providers":[{"billed_charge":75.00,"npi":[1346769593,1659588762]}]}]},{"tin":{"type":"ein","value":"852364612"},"service_code":["81"],"billing_class":"professional","payments":[{"allowed_amount":25.00,"billing_code_modifier":[""],"providers":[{"billed_charge":75.00,"npi":[1790386746]}]}]},{"tin":{"type":"ein","value":"853312450"},"service_code":["81"],"billing_class":"professional","payments":[{"allowed_amount":25.00,"billing_code_modifier":[""],"providers":[{"billed_charge":150.00,"npi":[1033701701,1073629069,1902480296]}]}]},{"tin":{"type":"ein","value":"872642408"},"service_code":["81"],"billing_class":"professional","payments":[{"allowed_amount":25.00,"billing_code_modifier":[""],"providers":[{"billed_charge":75.00,"npi":[1154089241,1326062597]}]}]},{"tin":{"type":"ein","value":"880241758"},"service_code":["81"],"billing_class":"professional","payments":[{"allowed_amount":25.00,"billing_code_modifier":[""],"providers":[{"billed_charge":25.00,"npi":[1124417357,1376633586]}]}]}]},{"name":"LABORATORY - CLINICAL DIAGNOSTIC: CHEMISTRY","billing_code_type":"RC","billing_code_type_version":"UB04","billing_code":"0301","description":"LABORATORY - CLINICAL DIAGNOSTIC: CHEMISTRY","allowed_amounts":[{"tin":{"type":"ein","value":"823463299"},"service_code":["23"],"billing_class":"institutional","payments":[{"allowed_amount":0.00,"billing_code_modifier":[""],"providers":[{"billed_charge":690.35,"npi":[1649770488]}]}]},{"tin":{"type":"ein","value":"956005217"},"service_code":["23"],"billing_class":"institutional","payments":[{"allowed_amount":0.00,"billing_code_modifier":[""],"providers":[{"billed_charge":60.00,"npi":[1366419517,1780884395]},{"billed_charge":65.00,"npi":[1366419517,1780884395]},{"billed_charge":82.00,"npi":[1366419517,1780884395]},{"billed_charge":87.00,"npi":[1366419517,1780884395]},{"billed_charge":100.00,"npi":[1366419517,1780884395]},{"billed_charge":118.00,"npi":[1366419517,1780884395]},{"billed_charge":660.00,"npi":[1366419517,1780884395]}]},{"allowed_amount":0.00,"billing_code_modifier":[""],"providers":[{"billed_charge":60.00,"npi":[1366419517,1780884395]},{"billed_charge":65.00,"npi":[1366419517,1780884395]},{"billed_charge":82.00,"npi":[1366419517,1780884395]},{"billed_charge":87.00,"npi":[1366419517,1780884395]},{"billed_charge":100.00,"npi":[1366419517,1780884395]},{"billed_charge":118.00,"npi":[1366419517,1780884395]},{"billed_charge":660.00,"npi":[1366419517,1780884395]}]},{"allowed_amount":0.00,"billing_code_modifier":[""],"providers":[{"billed_charge":60.00,"npi":[1366419517,1780884395]},{"billed_charge":65.00,"npi":[1366419517,1780884395]},{"billed_charge":82.00,"npi":[1366419517,1780884395]},{"billed_charge":87.00,"npi":[1366419517,1780884395]},{"billed_charge":100.00,"npi":[1366419517,1780884395]},{"billed_charge":118.00,"npi":[1366419517,1780884395]},{"billed_charge":660.00,"npi":[1366419517,1780884395]}]},{"allowed_amount":0.00,"billing_code_modifier":[""],"providers":[{"billed_charge":60.00,"npi":[1366419517,1780884395]},{"billed_charge":65.00,"npi":[1366419517,1780884395]},{"billed_charge":82.00,"npi":[1366419517,1780884395]},{"billed_charge":87.00,"npi":[1366419517,1780884395]},{"billed_charge":100.00,"npi":[1366419517,1780884395]},{"billed_charge":118.00,"npi":[1366419517,1780884395]},{"billed_charge":660.00,"npi":[1366419517,1780884395]}]},{"allowed_amount":0.00,"billing_code_modifier":[""],"providers":[{"billed_charge":60.00,"npi":[1366419517,1780884395]},{"billed_charge":65.00,"npi":[1366419517,1780884395]},{"billed_charge":82.00,"npi":[1366419517,1780884395]},{"billed_charge":87.00,"npi":[1366419517,1780884395]},{"billed_charge":100.00,"npi":[1366419517,1780884395]},{"billed_charge":118.00,"npi":[1366419517,1780884395]},{"billed_charge":660.00,"npi":[1366419517,1780884395]}]},{"allowed_amount":0.00,"billing_code_modifier":[""],"providers":[{"billed_charge":60.00,"npi":[1366419517,1780884395]},{"billed_charge":65.00,"npi":[1366419517,1780884395]},{"billed_charge":82.00,"npi":[1366419517,1780884395]},{"billed_charge":87.00,"npi":[1366419517,1780884395]},{"billed_charge":100.00,"npi":[1366419517,1780884395]},{"billed_charge":118.00,"npi":[1366419517,1780884395]},{"billed_charge":660.00,"npi":[1366419517,1780884395]}]},{"allowed_amount":0.00,"billing_code_modifier":[""],"providers":[{"billed_charge":60.00,"npi":[1366419517,1780884395]},{"billed_charge":65.00,"npi":[1366419517,1780884395]},{"billed_charge":82.00,"npi":[1366419517,1780884395]},{"billed_charge":87.00,"npi":[1366419517,1780884395]},{"billed_charge":100.00,"npi":[1366419517,1780884395]},{"billed_charge":118.00,"npi":[1366419517,1780884395]},{"billed_charge":660.00,"npi":[1366419517,1780884395]}]}]},{"tin":{"type":"ein","value":"956005217"},"service_code":["23"],"billing_class":"institutional","payments":[{"allowed_amount":0.00,"billing_code_modifier":[""],"providers":[{"billed_charge":60.00,"npi":[1366419517,1780884395]},{"billed_charge":65.00,"npi":[1366419517,1780884395]},{"billed_charge":82.00,"npi":[1366419517,1780884395]},{"billed_charge":87.00,"npi":[1366419517,1780884395]},{"billed_charge":100.00,"npi":[1366419517,1780884395]},{"billed_charge":118.00,"npi":[1366419517,1780884395]},{"billed_charge":660.00,"npi":[1366419517,1780884395]}]},{"allowed_amount":0.00,"billing_code_modifier":[""],"providers":[{"billed_charge":60.00,"npi":[1366419517,1780884395]},{"billed_charge":65.00,"npi":[1366419517,1780884395]},{"billed_charge":82.00,"npi":[1366419517,1780884395]},{"billed_charge":87.00,"npi":[1366419517,1780884395]},{"billed_charge":100.00,"npi":[1366419517,1780884395]},{"billed_charge":118.00,"npi":[1366419517,1780884395]},{"billed_charge":660.00,"npi":[1366419517,1780884395]}]},{"allowed_amount":0.00,"billing_code_modifier":[""],"providers":[{"billed_charge":60.00,"npi":[1366419517,1780884395]},{"billed_charge":65.00,"npi":[1366419517,1780884395]},{"billed_charge":82.00,"npi":[1366419517,1780884395]},{"billed_charge":87.00,"npi":[1366419517,1780884395]},{"billed_charge":100.00,"npi":[1366419517,1780884395]},{"billed_charge":118.00,"npi":[1366419517,1780884395]},{"billed_charge":660.00,"npi":[1366419517,1780884395]}]},{"allowed_amount":0.00,"billing_code_modifier":[""],"providers":[{"billed_charge":60.00,"npi":[1366419517,1780884395]},{"billed_charge":65.00,"npi":[1366419517,1780884395]},{"billed_charge":82.00,"npi":[1366419517,1780884395]},{"billed_charge":87.00,"npi":[1366419517,1780884395]},{"billed_charge":100.00,"npi":[1366419517,1780884395]},{"billed_charge":118.00,"npi":[1366419517,1780884395]},{"billed_charge":660.00,"npi":[1366419517,1780884395]}]},{"allowed_amount":0.00,"billing_code_modifier":[""],"providers":[{"billed_charge":60.00,"npi":[1366419517,1780884395]},{"billed_charge":65.00,"npi":[1366419517,1780884395]},{"billed_charge":82.00,"npi":[1366419517,1780884395]},{"billed_charge":87.00,"npi":[1366419517,1780884395]},{"billed_charge":100.00,"npi":[1366419517,1780884395]},{"billed_charge":118.00,"npi":[1366419517,1780884395]},{"billed_charge":660.00,"npi":[1366419517,1780884395]}]},{"allowed_amount":0.00,"billing_code_modifier":[""],"providers":[{"billed_charge":60.00,"npi":[1366419517,1780884395]},{"billed_charge":65.00,"npi":[1366419517,1780884395]},{"billed_charge":82.00,"npi":[1366419517,1780884395]},{"billed_charge":87.00,"npi":[1366419517,1780884395]},{"billed_charge":100.00,"npi":[1366419517,1780884395]},{"billed_charge":118.00,"npi":[1366419517,1780884395]},{"billed_charge":660.00,"npi":[1366419517,1780884395]}]},{"allowed_amount":0.00,"billing_code_modifier":[""],"providers":[{"billed_charge":60.00,"npi":[1366419517,1780884395]},{"billed_charge":65.00,"npi":[1366419517,1780884395]},{"billed_charge":82.00,"npi":[1366419517,1780884395]},{"billed_charge":87.00,"npi":[1366419517,1780884395]},{"billed_charge":100.00,"npi":[1366419517,1780884395]},{"billed_charge":118.00,"npi":[1366419517,1780884395]},{"billed_charge":660.00,"npi":[1366419517,1780884395]}]}]},{"tin":{"type":"ein","value":"956005217"},"service_code":["23"],"billing_class":"institutional","payments":[{"allowed_amount":0.00,"billing_code_modifier":[""],"providers":[{"billed_charge":60.00,"npi":[1366419517,1780884395]},{"billed_charge":65.00,"npi":[1366419517,1780884395]},{"billed_charge":82.00,"npi":[1366419517,1780884395]},{"billed_charge":87.00,"npi":[1366419517,1780884395]},{"billed_charge":100.00,"npi":[1366419517,1780884395]},{"billed_charge":118.00,"npi":[1366419517,1780884395]},{"billed_charge":660.00,"npi":[1366419517,1780884395]}]},{"allowed_amount":0.00,"billing_code_modifier":[""],"providers":[{"billed_charge":60.00,"npi":[1366419517,1780884395]},{"billed_charge":65.00,"npi":[1366419517,1780884395]},{"billed_charge":82.00,"npi":[1366419517,1780884395]},{"billed_charge":87.00,"npi":[1366419517,1780884395]},{"billed_charge":100.00,"npi":[1366419517,1780884395]},{"billed_charge":118.00,"npi":[1366419517,1780884395]},{"billed_charge":660.00,"npi":[1366419517,1780884395]}]},{"allowed_amount":0.00,"billing_code_modifier":[""],"providers":[{"billed_charge":60.00,"npi":[1366419517,1780884395]},{"billed_charge":65.00,"npi":[1366419517,1780884395]},{"billed_charge":82.00,"npi":[1366419517,1780884395]},{"billed_charge":87.00,"npi":[1366419517,1780884395]},{"billed_charge":100.00,"npi":[1366419517,1780884395]},{"billed_charge":118.00,"npi":[1366419517,1780884395]},{"billed_charge":660.00,"npi":[1366419517,1780884395]}]},{"allowed_amount":0.00,"billing_code_modifier":[""],"providers":[{"billed_charge":60.00,"npi":[1366419517,1780884395]},{"billed_charge":65.00,"npi":[1366419517,1780884395]},{"billed_charge":82.00,"npi":[1366419517,1780884395]},{"billed_charge":87.00,"npi":[1366419517,1780884395]},{"billed_charge":100.00,"npi":[1366419517,1780884395]},{"billed_charge":118.00,"npi":[1366419517,1780884395]},{"billed_charge":660.00,"npi":[1366419517,1780884395]}]},{"allowed_amount":0.00,"billing_code_modifier":[""],"providers":[{"billed_charge":60.00,"npi":[1366419517,1780884395]},{"billed_charge":65.00,"npi":[1366419517,1780884395]},{"billed_charge":82.00,"npi":[1366419517,1780884395]},{"billed_charge":87.00,"npi":[1366419517,1780884395]},{"billed_charge":100.00,"npi":[1366419517,1780884395]},{"billed_charge":118.00,"npi":[1366419517,1780884395]},{"billed_charge":660.00,"npi":[1366419517,1780884395]}]},{"allowed_amount":0.00,"billing_code_modifier":[""],"providers":[{"billed_charge":60.00,"npi":[1366419517,1780884395]},{"billed_charge":65.00,"npi":[1366419517,1780884395]},{"billed_charge":82.00,"npi":[1366419517,1780884395]},{"billed_charge":87.00,"npi":[1366419517,1780884395]},{"billed_charge":100.00,"npi":[1366419517,1780884395]},{"billed_charge":118.00,"npi":[1366419517,1780884395]},{"billed_charge":660.00,"npi":[1366419517,1780884395]}]},{"allowed_amount":0.00,"billing_code_modifier":[""],"providers":[{"billed_charge":60.00,"npi":[1366419517,1780884395]},{"billed_charge":65.00,"npi":[1366419517,1780884395]},{"billed_charge":82.00,"npi":[1366419517,1780884395]},{"billed_charge":87.00,"npi":[1366419517,1780884395]},{"billed_charge":100.00,"npi":[1366419517,1780884395]},{"billed_charge":118.00,"npi":[1366419517,1780884395]},{"billed_charge":660.00,"npi":[1366419517,1780884395]}]}]},{"tin":{"type":"ein","value":"956005217"},"service_code":["23"],"billing_class":"institutional","payments":[{"allowed_amount":0.00,"billing_code_modifier":[""],"providers":[{"billed_charge":60.00,"npi":[1366419517,1780884395]},{"billed_charge":65.00,"npi":[1366419517,1780884395]},{"billed_charge":82.00,"npi":[1366419517,1780884395]},{"billed_charge":87.00,"npi":[1366419517,1780884395]},{"billed_charge":100.00,"npi":[1366419517,1780884395]},{"billed_charge":118.00,"npi":[1366419517,1780884395]},{"billed_charge":660.00,"npi":[1366419517,1780884395]}]},{"allowed_amount":0.00,"billing_code_modifier":[""],"providers":[{"billed_charge":60.00,"npi":[1366419517,1780884395]},{"billed_charge":65.00,"npi":[1366419517,1780884395]},{"billed_charge":82.00,"npi":[1366419517,1780884395]},{"billed_charge":87.00,"npi":[1366419517,1780884395]},{"billed_charge":100.00,"npi":[1366419517,1780884395]},{"billed_charge":118.00,"npi":[1366419517,1780884395]},{"billed_charge":660.00,"npi":[1366419517,1780884395]}]},{"allowed_amount":0.00,"billing_code_modifier":[""],"providers":[{"billed_charge":60.00,"npi":[1366419517,1780884395]},{"billed_charge":65.00,"npi":[1366419517,1780884395]},{"billed_charge":82.00,"npi":[1366419517,1780884395]},{"billed_charge":87.00,"npi":[1366419517,1780884395]},{"billed_charge":100.00,"npi":[1366419517,1780884395]},{"billed_charge":118.00,"npi":[1366419517,1780884395]},{"billed_charge":660.00,"npi":[1366419517,1780884395]}]},{"allowed_amount":0.00,"billing_code_modifier":[""],"providers":[{"billed_charge":60.00,"npi":[1366419517,1780884395]},{"billed_charge":65.00,"npi":[1366419517,1780884395]},{"billed_charge":82.00,"npi":[1366419517,1780884395]},{"billed_charge":87.00,"npi":[1366419517,1780884395]},{"billed_charge":100.00,"npi":[1366419517,1780884395]},{"billed_charge":118.00,"npi":[1366419517,1780884395]},{"billed_charge":660.00,"npi":[1366419517,1780884395]}]},{"allowed_amount":0.00,"billing_code_modifier":[""],"providers":[{"billed_charge":60.00,"npi":[1366419517,1780884395]},{"billed_charge":65.00,"npi":[1366419517,1780884395]},{"billed_charge":82.00,"npi":[1366419517,1780884395]},{"billed_charge":87.00,"npi":[1366419517,1780884395]},{"billed_charge":100.00,"npi":[1366419517,1780884395]},{"billed_charge":118.00,"npi":[1366419517,1780884395]},{"billed_charge":660.00,"npi":[1366419517,1780884395]}]},{"allowed_amount":0.00,"billing_code_modifier":[""],"providers":[{"billed_charge":60.00,"npi":[1366419517,1780884395]},{"billed_charge":65.00,"npi":[1366419517,1780884395]},{"billed_charge":82.00,"npi":[1366419517,1780884395]},{"billed_charge":87.00,"npi":[1366419517,1780884395]},{"billed_charge":100.00,"npi":[1366419517,1780884395]},{"billed_charge":118.00,"npi":[1366419517,1780884395]},{"billed_charge":660.00,"npi":[1366419517,1780884395]}]},{"allowed_amount":0.00,"billing_code_modifier":[""],"providers":[{"billed_charge":60.00,"npi":[1366419517,1780884395]},{"billed_charge":65.00,"npi":[1366419517,1780884395]},{"billed_charge":82.00,"npi":[1366419517,1780884395]},{"billed_charge":87.00,"npi":[1366419517,1780884395]},{"billed_charge":100.00,"npi":[1366419517,1780884395]},{"billed_charge":118.00,"npi":[1366419517,1780884395]},{"billed_charge":660.00,"npi":[1366419517,1780884395]}]}]},{"tin":{"type":"ein","value":"956005217"},"service_code":["23"],"billing_class":"institutional","payments":[{"allowed_amount":0.00,"billing_code_modifier":[""],"providers":[{"billed_charge":60.00,"npi":[1366419517,1780884395]},{"billed_charge":65.00,"npi":[1366419517,1780884395]},{"billed_charge":82.00,"npi":[1366419517,1780884395]},{"billed_charge":87.00,"npi":[1366419517,1780884395]},{"billed_charge":100.00,"npi":[1366419517,1780884395]},{"billed_charge":118.00,"npi":[1366419517,1780884395]},{"billed_charge":660.00,"npi":[1366419517,1780884395]}]},{"allowed_amount":0.00,"billing_code_modifier":[""],"providers":[{"billed_charge":60.00,"npi":[1366419517,1780884395]},{"billed_charge":65.00,"npi":[1366419517,1780884395]},{"billed_charge":82.00,"npi":[1366419517,1780884395]},{"billed_charge":87.00,"npi":[1366419517,1780884395]},{"billed_charge":100.00,"npi":[1366419517,1780884395]},{"billed_charge":118.00,"npi":[1366419517,1780884395]},{"billed_charge":660.00,"npi":[1366419517,1780884395]}]},{"allowed_amount":0.00,"billing_code_modifier":[""],"providers":[{"billed_charge":60.00,"npi":[1366419517,1780884395]},{"billed_charge":65.00,"npi":[1366419517,1780884395]},{"billed_charge":82.00,"npi":[1366419517,1780884395]},{"billed_charge":87.00,"npi":[1366419517,1780884395]},{"billed_charge":100.00,"npi":[1366419517,1780884395]},{"billed_charge":118.00,"npi":[1366419517,1780884395]},{"billed_charge":660.00,"npi":[1366419517,1780884395]}]},{"allowed_amount":0.00,"billing_code_modifier":[""],"providers":[{"billed_charge":60.00,"npi":[1366419517,1780884395]},{"billed_charge":65.00,"npi":[1366419517,1780884395]},{"billed_charge":82.00,"npi":[1366419517,1780884395]},{"billed_charge":87.00,"npi":[1366419517,1780884395]},{"billed_charge":100.00,"npi":[1366419517,1780884395]},{"billed_charge":118.00,"npi":[1366419517,1780884395]},{"billed_charge":660.00,"npi":[1366419517,1780884395]}]},{"allowed_amount":0.00,"billing_code_modifier":[""],"providers":[{"billed_charge":60.00,"npi":[1366419517,1780884395]},{"billed_charge":65.00,"npi":[1366419517,1780884395]},{"billed_charge":82.00,"npi":[1366419517,1780884395]},{"billed_charge":87.00,"npi":[1366419517,1780884395]},{"billed_charge":100.00,"npi":[1366419517,1780884395]},{"billed_charge":118.00,"npi":[1366419517,1780884395]},{"billed_charge":660.00,"npi":[1366419517,1780884395]}]},{"allowed_amount":0.00,"billing_code_modifier":[""],"providers":[{"billed_charge":60.00,"npi":[1366419517,1780884395]},{"billed_charge":65.00,"npi":[1366419517,1780884395]},{"billed_charge":82.00,"npi":[1366419517,1780884395]},{"billed_charge":87.00,"npi":[1366419517,1780884395]},{"billed_charge":100.00,"npi":[1366419517,1780884395]},{"billed_charge":118.00,"npi":[1366419517,1780884395]},{"billed_charge":660.00,"npi":[1366419517,1780884395]}]},{"allowed_amount":0.00,"billing_code_modifier":[""],"providers":[{"billed_charge":60.00,"npi":[1366419517,1780884395]},{"billed_charge":65.00,"npi":[1366419517,1780884395]},{"billed_charge":82.00,"npi":[1366419517,1780884395]},{"billed_charge":87.00,"npi":[1366419517,1780884395]},{"billed_charge":100.00,"npi":[1366419517,1780884395]},{"billed_charge":118.00,"npi":[1366419517,1780884395]},{"billed_charge":660.00,"npi":[1366419517,1780884395]}]}]},{"tin":{"type":"ein","value":"956005217"},"service_code":["23"],"billing_class":"institutional","payments":[{"allowed_amount":0.00,"billing_code_modifier":[""],"providers":[{"billed_charge":60.00,"npi":[1366419517,1780884395]},{"billed_charge":65.00,"npi":[1366419517,1780884395]},{"billed_charge":82.00,"npi":[1366419517,1780884395]},{"billed_charge":87.00,"npi":[1366419517,1780884395]},{"billed_charge":100.00,"npi":[1366419517,1780884395]},{"billed_charge":118.00,"npi":[1366419517,1780884395]},{"billed_charge":660.00,"npi":[1366419517,1780884395]}]},{"allowed_amount":0.00,"billing_code_modifier":[""],"providers":[{"billed_charge":60.00,"npi":[1366419517,1780884395]},{"billed_charge":65.00,"npi":[1366419517,1780884395]},{"billed_charge":82.00,"npi":[1366419517,1780884395]},{"billed_charge":87.00,"npi":[1366419517,1780884395]},{"billed_charge":100.00,"npi":[1366419517,1780884395]},{"billed_charge":118.00,"npi":[1366419517,1780884395]},{"billed_charge":660.00,"npi":[1366419517,1780884395]}]},{"allowed_amount":0.00,"billing_code_modifier":[""],"providers":[{"billed_charge":60.00,"npi":[1366419517,1780884395]},{"billed_charge":65.00,"npi":[1366419517,1780884395]},{"billed_charge":82.00,"npi":[1366419517,1780884395]},{"billed_charge":87.00,"npi":[1366419517,1780884395]},{"billed_charge":100.00,"npi":[1366419517,1780884395]},{"billed_charge":118.00,"npi":[1366419517,1780884395]},{"billed_charge":660.00,"npi":[1366419517,1780884395]}]},{"allowed_amount":0.00,"billing_code_modifier":[""],"providers":[{"billed_charge":60.00,"npi":[1366419517,1780884395]},{"billed_charge":65.00,"npi":[1366419517,1780884395]},{"billed_charge":82.00,"npi":[1366419517,1780884395]},{"billed_charge":87.00,"npi":[1366419517,1780884395]},{"billed_charge":100.00,"npi":[1366419517,1780884395]},{"billed_charge":118.00,"npi":[1366419517,1780884395]},{"billed_charge":660.00,"npi":[1366419517,1780884395]}]},{"allowed_amount":0.00,"billing_code_modifier":[""],"providers":[{"billed_charge":60.00,"npi":[1366419517,1780884395]},{"billed_charge":65.00,"npi":[1366419517,1780884395]},{"billed_charge":82.00,"npi":[1366419517,1780884395]},{"billed_charge":87.00,"npi":[1366419517,1780884395]},{"billed_charge":100.00,"npi":[1366419517,1780884395]},{"billed_charge":118.00,"npi":[1366419517,1780884395]},{"billed_charge":660.00,"npi":[1366419517,1780884395]}]},{"allowed_amount":0.00,"billing_code_modifier":[""],"providers":[{"billed_charge":60.00,"npi":[1366419517,1780884395]},{"billed_charge":65.00,"npi":[1366419517,1780884395]},{"billed_charge":82.00,"npi":[1366419517,1780884395]},{"billed_charge":87.00,"npi":[1366419517,1780884395]},{"billed_charge":100.00,"npi":[1366419517,1780884395]},{"billed_charge":118.00,"npi":[1366419517,1780884395]},{"billed_charge":660.00,"npi":[1366419517,1780884395]}]},{"allowed_amount":0.00,"billing_code_modifier":[""],"providers":[{"billed_charge":60.00,"npi":[1366419517,1780884395]},{"billed_charge":65.00,"npi":[1366419517,1780884395]},{"billed_charge":82.00,"npi":[1366419517,1780884395]},{"billed_charge":87.00,"npi":[1366419517,1780884395]},{"billed_charge":100.00,"npi":[1366419517,1780884395]},{"billed_charge":118.00,"npi":[1366419517,1780884395]},{"billed_charge":660.00,"npi":[1366419517,1780884395]}]}]},{"tin":{"type":"ein","value":"956005217"},"service_code":["23"],"billing_class":"institutional","payments":[{"allowed_amount":0.00,"billing_code_modifier":[""],"providers":[{"billed_charge":60.00,"npi":[1366419517,1780884395]},{"billed_charge":65.00,"npi":[1366419517,1780884395]},{"billed_charge":82.00,"npi":[1366419517,1780884395]},{"billed_charge":87.00,"npi":[1366419517,1780884395]},{"billed_charge":100.00,"npi":[1366419517,1780884395]},{"billed_charge":118.00,"npi":[1366419517,1780884395]},{"billed_charge":660.00,"npi":[1366419517,1780884395]}]},{"allowed_amount":0.00,"billing_code_modifier":[""],"providers":[{"billed_charge":60.00,"npi":[1366419517,1780884395]},{"billed_charge":65.00,"npi":[1366419517,1780884395]},{"billed_charge":82.00,"npi":[1366419517,1780884395]},{"billed_charge":87.00,"npi":[1366419517,1780884395]},{"billed_charge":100.00,"npi":[1366419517,1780884395]},{"billed_charge":118.00,"npi":[1366419517,1780884395]},{"billed_charge":660.00,"npi":[1366419517,1780884395]}]},{"allowed_amount":0.00,"billing_code_modifier":[""],"providers":[{"billed_charge":60.00,"npi":[1366419517,1780884395]},{"billed_charge":65.00,"npi":[1366419517,1780884395]},{"billed_charge":82.00,"npi":[1366419517,1780884395]},{"billed_charge":87.00,"npi":[1366419517,1780884395]},{"billed_charge":100.00,"npi":[1366419517,1780884395]},{"billed_charge":118.00,"npi":[1366419517,1780884395]},{"billed_charge":660.00,"npi":[1366419517,1780884395]}]},{"allowed_amount":0.00,"billing_code_modifier":[""],"providers":[{"billed_charge":60.00,"npi":[1366419517,1780884395]},{"billed_charge":65.00,"npi":[1366419517,1780884395]},{"billed_charge":82.00,"npi":[1366419517,1780884395]},{"billed_charge":87.00,"npi":[1366419517,1780884395]},{"billed_charge":100.00,"npi":[1366419517,1780884395]},{"billed_charge":118.00,"npi":[1366419517,1780884395]},{"billed_charge":660.00,"npi":[1366419517,1780884395]}]},{"allowed_amount":0.00,"billing_code_modifier":[""],"providers":[{"billed_charge":60.00,"npi":[1366419517,1780884395]},{"billed_charge":65.00,"npi":[1366419517,1780884395]},{"billed_charge":82.00,"npi":[1366419517,1780884395]},{"billed_charge":87.00,"npi":[1366419517,1780884395]},{"billed_charge":100.00,"npi":[1366419517,1780884395]},{"billed_charge":118.00,"npi":[1366419517,1780884395]},{"billed_charge":660.00,"npi":[1366419517,1780884395]}]},{"allowed_amount":0.00,"billing_code_modifier":[""],"providers":[{"billed_charge":60.00,"npi":[1366419517,1780884395]},{"billed_charge":65.00,"npi":[1366419517,1780884395]},{"billed_charge":82.00,"npi":[1366419517,1780884395]},{"billed_charge":87.00,"npi":[1366419517,1780884395]},{"billed_charge":100.00,"npi":[1366419517,1780884395]},{"billed_charge":118.00,"npi":[1366419517,1780884395]},{"billed_charge":660.00,"npi":[1366419517,1780884395]}]},{"allowed_amount":0.00,"billing_code_modifier":[""],"providers":[{"billed_charge":60.00,"npi":[1366419517,1780884395]},{"billed_charge":65.00,"npi":[1366419517,1780884395]},{"billed_charge":82.00,"npi":[1366419517,1780884395]},{"billed_charge":87.00,"npi":[1366419517,1780884395]},{"billed_charge":100.00,"npi":[1366419517,1780884395]},{"billed_charge":118.00,"npi":[1366419517,1780884395]},{"billed_charge":660.00,"npi":[1366419517,1780884395]}]}]}]}]}
