{"reporting_entity_name": "IEC Group_DBA AmeriBen",
	"reporting_entity_type": "Third Party Administrator",
	"plan_name": "MADISON IAQ",
	"plan_id_type": "ein",
	"plan_id": "823246836",
	"plan_market_type": "group",
	"last_updated_on": "2024-09-01","Version": "1.0.0","out_of_network":[{"name":"DRUG TEST DEF 1-7 CLASSES","billing_code_type":"HCPCS","billing_code_type_version":"HCPCS LEVEL II 2021","billing_code":"G0480","description":"DRUG TEST DEF 1-7 CLASSES","allowed_amounts":[{"tin":{"type":"ein","value":"821623492"},"service_code":["81"],"billing_class":"professional","payments":[{"allowed_amount":0.00,"billing_code_modifier":[""],"providers":[{"billed_charge":1521.00,"npi":[1235417494,1669990701]}]}]}]},{"name":"DRUG TST PRSMV INSTRMNT CHEM ANALYZERS PR DATE","billing_code_type":"CPT","billing_code_type_version":"2020","billing_code":"80307","description":"DRUG TST PRSMV INSTRMNT CHEM ANALYZERS PR DATE","allowed_amounts":[{"tin":{"type":"ein","value":"821623492"},"service_code":["81"],"billing_class":"professional","payments":[{"allowed_amount":93.21,"billing_code_modifier":[""],"providers":[{"billed_charge":385.00,"npi":[1235417494,1669990701]}]}]}]},{"name":"PSYCHOTHERAPY W\/PATIENT 60 MINUTES","billing_code_type":"CPT","billing_code_type_version":"2020","billing_code":"90837","description":"PSYCHOTHERAPY W\/PATIENT 60 MINUTES","allowed_amounts":[{"tin":{"type":"ein","value":"460651355"},"service_code":["11"],"billing_class":"professional","payments":[{"allowed_amount":84.75,"billing_code_modifier":[""],"providers":[{"billed_charge":100.00,"npi":[1356698435]}]}]},{"tin":{"type":"ein","value":"463708375"},"service_code":["11"],"billing_class":"professional","payments":[{"allowed_amount":84.75,"billing_code_modifier":[""],"providers":[{"billed_charge":125.00,"npi":[1356491203,1811047699]}]}]},{"tin":{"type":"ein","value":"830986834"},"service_code":["02"],"billing_class":"professional","payments":[{"allowed_amount":84.75,"billing_code_modifier":[""],"providers":[{"billed_charge":150.00,"npi":[1346657111,1528566114]}]}]},{"tin":{"type":"ein","value":"844276489"},"service_code":["11"],"billing_class":"professional","payments":[{"allowed_amount":84.75,"billing_code_modifier":[""],"providers":[{"billed_charge":150.00,"npi":[1770997751]}]}]}]},{"name":"RESIDENTIAL TREATMENT-CHEMICAL DEPENDENCY","billing_code_type":"RC","billing_code_type_version":"UB04","billing_code":"1002","description":"RESIDENTIAL TREATMENT-CHEMICAL DEPENDENCY","allowed_amounts":[{"tin":{"type":"ein","value":"883055439"},"service_code":["21"],"billing_class":"institutional","payments":[{"allowed_amount":2135.00,"billing_code_modifier":[""],"providers":[{"billed_charge":8300.00,"npi":[1023360542,1609597616]}]}]}]}]}
