{"reporting_entity_name": "IEC Group_DBA AmeriBen",
	"reporting_entity_type": "Third Party Administrator",
	"plan_name": "GKN AEROSPACE INC",
	"plan_id_type": "ein",
	"plan_id": "541566763",
	"plan_market_type": "group",
	"last_updated_on": "2022-12-01","Version": "1.0.0","out_of_network":[{"name":"BASIC METABOLIC PANEL CALCIUM TOTAL","billing_code_type":"CPT","billing_code_type_version":"2020","billing_code":"80048","description":"BASIC METABOLIC PANEL CALCIUM TOTAL","allowed_amounts":[{"tin":{"type":"ein","value":"952645519"},"service_code":["21"],"billing_class":"professional","payments":[{"allowed_amount":10.15,"billing_code_modifier":[""],"providers":[{"billed_charge":73.60,"npi":[1407839921,1467560920,1568431088,1649232182]}]}]}]},{"name":"BLOOD COUNT COMPLETE AUTO&AUTO DIFRNTL WBC","billing_code_type":"CPT","billing_code_type_version":"2020","billing_code":"85025","description":"BLOOD COUNT COMPLETE AUTO&AUTO DIFRNTL WBC","allowed_amounts":[{"tin":{"type":"ein","value":"450454268"},"service_code":["81"],"billing_class":"professional","payments":[{"allowed_amount":9.32,"billing_code_modifier":[""],"providers":[{"billed_charge":25.49,"npi":[1588004410,1780665901]}]}]},{"tin":{"type":"ein","value":"810576059"},"service_code":["81"],"billing_class":"professional","payments":[{"allowed_amount":9.32,"billing_code_modifier":[""],"providers":[{"billed_charge":15.54,"npi":[1235186800,1417949777]}]}]},{"tin":{"type":"ein","value":"952645519"},"service_code":["21"],"billing_class":"professional","payments":[{"allowed_amount":9.32,"billing_code_modifier":[""],"providers":[{"billed_charge":27.60,"npi":[1407839921,1467560920,1568431088,1649232182]}]}]}]},{"name":"CCPD OPD\/HOME: CCPD COMP OR OTHER RATE","billing_code_type":"RC","billing_code_type_version":"UB04","billing_code":"0851","description":"CCPD OPD\/HOME: CCPD COMP OR OTHER RATE","allowed_amounts":[{"tin":{"type":"ein","value":"463621746"},"service_code":["65"],"billing_class":"institutional","payments":[{"allowed_amount":232.09,"billing_code_modifier":[""],"providers":[{"billed_charge":3937.55,"npi":[1770663890,1962839183]}]}]},{"tin":{"type":"ein","value":"463621746"},"service_code":["65"],"billing_class":"institutional","payments":[{"allowed_amount":274.27,"billing_code_modifier":[""],"providers":[{"billed_charge":3937.55,"npi":[1770663890,1962839183]}]}]},{"tin":{"type":"ein","value":"463621746"},"service_code":["65"],"billing_class":"institutional","payments":[{"allowed_amount":358.03,"billing_code_modifier":[""],"providers":[{"billed_charge":3937.55,"npi":[1770663890,1962839183]}]}]}]},{"name":"CHIROPRACTIC MANIPULATIVE TX SPINAL 3-4 REGIONS","billing_code_type":"CPT","billing_code_type_version":"2020","billing_code":"98941","description":"CHIROPRACTIC MANIPULATIVE TX SPINAL 3-4 REGIONS","allowed_amounts":[{"tin":{"type":"ein","value":"202490579"},"service_code":["11"],"billing_class":"professional","payments":[{"allowed_amount":40.00,"billing_code_modifier":[""],"providers":[{"billed_charge":40.00,"npi":[1356402713,1770652802]}]}]},{"tin":{"type":"ein","value":"743122808"},"service_code":["11"],"billing_class":"professional","payments":[{"allowed_amount":47.69,"billing_code_modifier":[""],"providers":[{"billed_charge":65.00,"npi":[1124146832,1548273725,1699788810]}]}]},{"tin":{"type":"ein","value":"823404419"},"service_code":["11"],"billing_class":"professional","payments":[{"allowed_amount":47.69,"billing_code_modifier":[""],"providers":[{"billed_charge":55.00,"npi":[1023511532,1104329614]}]}]}]},{"name":"DRUG TEST DEF 1-7 CLASSES","billing_code_type":"HCPCS","billing_code_type_version":"HCPCS LEVEL II 2021","billing_code":"G0480","description":"DRUG TEST DEF 1-7 CLASSES","allowed_amounts":[{"tin":{"type":"ein","value":"473588569"},"service_code":["81"],"billing_class":"professional","payments":[{"allowed_amount":137.32,"billing_code_modifier":[""],"providers":[{"billed_charge":1144.30,"npi":[1063611895,1982091617]}]}]},{"tin":{"type":"ein","value":"850734712"},"service_code":["81"],"billing_class":"professional","payments":[{"allowed_amount":137.32,"billing_code_modifier":[""],"providers":[{"billed_charge":336.00,"npi":[1740220557,1942825633]}]}]},{"tin":{"type":"ein","value":"853163633"},"service_code":["81"],"billing_class":"professional","payments":[{"allowed_amount":137.32,"billing_code_modifier":[""],"providers":[{"billed_charge":1716.45,"npi":[1063011898,1669453262]},{"billed_charge":2716.45,"npi":[1063011898,1205923224]}]},{"allowed_amount":137.32,"billing_code_modifier":[""],"providers":[{"billed_charge":1716.45,"npi":[1063011898,1669453262]},{"billed_charge":2716.45,"npi":[1063011898,1205923224]}]}]},{"tin":{"type":"ein","value":"853163633"},"service_code":["81"],"billing_class":"professional","payments":[{"allowed_amount":137.32,"billing_code_modifier":[""],"providers":[{"billed_charge":1716.45,"npi":[1063011898,1669453262]},{"billed_charge":2716.45,"npi":[1063011898,1205923224]}]},{"allowed_amount":137.32,"billing_code_modifier":[""],"providers":[{"billed_charge":1716.45,"npi":[1063011898,1669453262]},{"billed_charge":2716.45,"npi":[1063011898,1205923224]}]}]}]},{"name":"DRUG TST PRSMV INSTRMNT CHEM ANALYZERS PR DATE","billing_code_type":"CPT","billing_code_type_version":"2020","billing_code":"80307","description":"DRUG TST PRSMV INSTRMNT CHEM ANALYZERS PR DATE","allowed_amounts":[{"tin":{"type":"ein","value":"113630760"},"service_code":["81"],"billing_class":"professional","payments":[{"allowed_amount":74.57,"billing_code_modifier":[""],"providers":[{"billed_charge":120.00,"npi":[1255468328,1699793034]}]}]},{"tin":{"type":"ein","value":"450454268"},"service_code":["81"],"billing_class":"professional","payments":[{"allowed_amount":74.57,"billing_code_modifier":[""],"providers":[{"billed_charge":203.82,"npi":[1144482563,1588004410]}]}]},{"tin":{"type":"ein","value":"472390897"},"service_code":["81"],"billing_class":"professional","payments":[{"allowed_amount":74.57,"billing_code_modifier":[""],"providers":[{"billed_charge":235.00,"npi":[1023439809,1528069820]}]}]},{"tin":{"type":"ein","value":"473588569"},"service_code":["81"],"billing_class":"professional","payments":[{"allowed_amount":74.57,"billing_code_modifier":[""],"providers":[{"billed_charge":186.42,"npi":[1164651618,1962856682,1982091617]}]}]},{"tin":{"type":"ein","value":"800589803"},"service_code":["81"],"billing_class":"professional","payments":[{"allowed_amount":74.57,"billing_code_modifier":[""],"providers":[{"billed_charge":220.00,"npi":[1043299548,1932445681]}]}]},{"tin":{"type":"ein","value":"850734712"},"service_code":["81"],"billing_class":"professional","payments":[{"allowed_amount":74.57,"billing_code_modifier":[""],"providers":[{"billed_charge":186.00,"npi":[1740220557,1942825633]}]}]},{"tin":{"type":"ein","value":"853163633"},"service_code":["81"],"billing_class":"professional","payments":[{"allowed_amount":74.57,"billing_code_modifier":[""],"providers":[{"billed_charge":2996.30,"npi":[1063011898,1205923224]}]}]}]},{"name":"EMERGENCY DEPARTMENT VISIT HIGH\/URGENT SEVERITY","billing_code_type":"CPT","billing_code_type_version":"2020","billing_code":"99284","description":"EMERGENCY DEPARTMENT VISIT HIGH\/URGENT SEVERITY","allowed_amounts":[{"tin":{"type":"ein","value":"201064117"},"service_code":["23"],"billing_class":"professional","payments":[{"allowed_amount":141.75,"billing_code_modifier":[""],"providers":[{"billed_charge":711.00,"npi":[1326138892,1497790539,1659359446]}]}]},{"tin":{"type":"ein","value":"462690851"},"service_code":["23"],"billing_class":"professional","payments":[{"allowed_amount":141.75,"billing_code_modifier":[""],"providers":[{"billed_charge":765.00,"npi":[1043259310,1710315353,1841277704]}]}]},{"tin":{"type":"ein","value":"464467849"},"service_code":["23"],"billing_class":"professional","payments":[{"allowed_amount":141.75,"billing_code_modifier":[""],"providers":[{"billed_charge":751.00,"npi":[1255595583,1326454950,1528041811,1558501882,1649692716,1669836524,1952349987]}]}]}]},{"name":"HEMO OPD\/HOME: HEMODIALYSIS COMP OR OTHER RATE","billing_code_type":"RC","billing_code_type_version":"UB04","billing_code":"0821","description":"HEMO OPD\/HOME: HEMODIALYSIS COMP OR OTHER RATE","allowed_amounts":[{"tin":{"type":"ein","value":"824214731"},"service_code":["65"],"billing_class":"institutional","payments":[{"allowed_amount":272.09,"billing_code_modifier":[""],"providers":[{"billed_charge":7448.60,"npi":[1194072405,1407494362]}]}]}]},{"name":"INFEC AGEN DETEC AMPLI PROBE","billing_code_type":"HCPCS","billing_code_type_version":"HCPCS LEVEL II 2021","billing_code":"U0005","description":"INFEC AGEN DETEC AMPLI PROBE","allowed_amounts":[{"tin":{"type":"ein","value":"273440467"},"service_code":["81"],"billing_class":"professional","payments":[{"allowed_amount":30.00,"billing_code_modifier":[""],"providers":[{"billed_charge":38.00,"npi":[1194700179,1447592308]}]}]},{"tin":{"type":"ein","value":"463371474"},"service_code":["81"],"billing_class":"professional","payments":[{"allowed_amount":30.00,"billing_code_modifier":[""],"providers":[{"billed_charge":30.00,"npi":[1457391740,1700212735]}]}]},{"tin":{"type":"ein","value":"472390897"},"service_code":["81"],"billing_class":"professional","payments":[{"allowed_amount":30.00,"billing_code_modifier":[""],"providers":[{"billed_charge":75.00,"npi":[1023439809,1063454916]}]}]},{"tin":{"type":"ein","value":"831454255"},"service_code":["81"],"billing_class":"professional","payments":[{"allowed_amount":30.00,"billing_code_modifier":[""],"providers":[{"billed_charge":37.50,"npi":[1043858996,1932511151]}]}]},{"tin":{"type":"ein","value":"841905194"},"service_code":["81"],"billing_class":"professional","payments":[{"allowed_amount":30.00,"billing_code_modifier":[""],"providers":[{"billed_charge":40.00,"npi":[1386240786,1891733374]}]}]},{"tin":{"type":"ein","value":"862940625"},"service_code":["81"],"billing_class":"professional","payments":[{"allowed_amount":30.00,"billing_code_modifier":[""],"providers":[{"billed_charge":62.50,"npi":[1023786233,1528069820]}]}]},{"tin":{"type":"ein","value":"871544922"},"service_code":["81"],"billing_class":"professional","payments":[{"allowed_amount":30.00,"billing_code_modifier":[""],"providers":[{"billed_charge":50.00,"npi":[1720752538,1871533380]}]}]},{"tin":{"type":"ein","value":"872766418"},"service_code":["81"],"billing_class":"professional","payments":[{"allowed_amount":30.00,"billing_code_modifier":[""],"providers":[{"billed_charge":200.00,"npi":[1386315869,1538695333]}]}]},{"tin":{"type":"ein","value":"873007294"},"service_code":["81"],"billing_class":"professional","payments":[{"allowed_amount":30.00,"billing_code_modifier":[""],"providers":[{"billed_charge":75.00,"npi":[1043973456,1356728091]}]}]},{"tin":{"type":"ein","value":"952645519"},"service_code":["21"],"billing_class":"professional","payments":[{"allowed_amount":30.00,"billing_code_modifier":[""],"providers":[{"billed_charge":57.50,"npi":[1407839921,1467560920,1568431088,1649232182]}]}]}]},{"name":"RESIDENTIAL TREATMENT-PSYCHIATRIC","billing_code_type":"RC","billing_code_type_version":"UB04","billing_code":"1001","description":"RESIDENTIAL TREATMENT-PSYCHIATRIC","allowed_amounts":[{"tin":{"type":"ein","value":"850696391"},"service_code":["21"],"billing_class":"institutional","payments":[{"allowed_amount":3500.00,"billing_code_modifier":[""],"providers":[{"billed_charge":3500.00,"npi":[1700403730]}]}]}]},{"name":"SBSQ HOSPITAL CARE\/DAY 35 MINUTES","billing_code_type":"CPT","billing_code_type_version":"2020","billing_code":"99233","description":"SBSQ HOSPITAL CARE\/DAY 35 MINUTES","allowed_amounts":[{"tin":{"type":"ein","value":"330515386"},"service_code":["21"],"billing_class":"professional","payments":[{"allowed_amount":107.12,"billing_code_modifier":[""],"providers":[{"billed_charge":265.00,"npi":[1386936862,1437103942,1528041811,1760773725]}]}]}]},{"name":"SPECIMEN COLLECT COVID-19","billing_code_type":"HCPCS","billing_code_type_version":"HCPCS LEVEL II 2021","billing_code":"G2023","description":"SPECIMEN COLLECT COVID-19","allowed_amounts":[{"tin":{"type":"ein","value":"361924025"},"service_code":["21"],"billing_class":"professional","payments":[{"allowed_amount":28.15,"billing_code_modifier":[""],"providers":[{"billed_charge":28.99,"npi":[1053581934,1255536215]}]}]},{"tin":{"type":"ein","value":"831454255"},"service_code":["81"],"billing_class":"professional","payments":[{"allowed_amount":28.15,"billing_code_modifier":[""],"providers":[{"billed_charge":35.19,"npi":[1043858996,1932511151]}]}]},{"tin":{"type":"ein","value":"841905194"},"service_code":["81"],"billing_class":"professional","payments":[{"allowed_amount":28.15,"billing_code_modifier":[""],"providers":[{"billed_charge":40.00,"npi":[1386240786,1891733374]}]}]},{"tin":{"type":"ein","value":"842956560"},"service_code":["11"],"billing_class":"professional","payments":[{"allowed_amount":28.15,"billing_code_modifier":[""],"providers":[{"billed_charge":100.00,"npi":[1538695333,1538710033]}]}]},{"tin":{"type":"ein","value":"862940625"},"service_code":["81"],"billing_class":"professional","payments":[{"allowed_amount":28.15,"billing_code_modifier":[""],"providers":[{"billed_charge":58.75,"npi":[1023786233,1528069820]}]}]},{"tin":{"type":"ein","value":"871544922"},"service_code":["81"],"billing_class":"professional","payments":[{"allowed_amount":28.15,"billing_code_modifier":[""],"providers":[{"billed_charge":50.00,"npi":[1720752538,1871533380]}]}]},{"tin":{"type":"ein","value":"872766418"},"service_code":["81"],"billing_class":"professional","payments":[{"allowed_amount":28.15,"billing_code_modifier":[""],"providers":[{"billed_charge":50.00,"npi":[1386315869,1538695333]}]}]}]},{"name":"THER PX 1\/> AREAS EACH 15 MIN NEUROMUSC REEDUCA","billing_code_type":"CPT","billing_code_type_version":"2020","billing_code":"97112","description":"THER PX 1\/> AREAS EACH 15 MIN NEUROMUSC REEDUCA","allowed_amounts":[{"tin":{"type":"ein","value":"510198939"},"service_code":["11"],"billing_class":"professional","payments":[{"allowed_amount":62.50,"billing_code_modifier":[""],"providers":[{"billed_charge":62.50,"npi":[1225173776,1881738896]}]}]}]},{"name":"THERAPEUT ACTVITY DIRECT PT CONTACT EACH 15 MIN","billing_code_type":"CPT","billing_code_type_version":"2020","billing_code":"97530","description":"THERAPEUT ACTVITY DIRECT PT CONTACT EACH 15 MIN","allowed_amounts":[{"tin":{"type":"ein","value":"853635375"},"service_code":["12"],"billing_class":"professional","payments":[{"allowed_amount":44.95,"billing_code_modifier":[""],"providers":[{"billed_charge":50.00,"npi":[1265751119,1477153062,1871807925]}]}]},{"tin":{"type":"ein","value":"853635375"},"service_code":["12"],"billing_class":"professional","payments":[{"allowed_amount":46.55,"billing_code_modifier":[""],"providers":[{"billed_charge":50.00,"npi":[1265751119,1477153062,1871807925]}]}]}]},{"name":"THERAPEUTIC PX 1\/> AREAS EACH 15 MIN EXERCISES","billing_code_type":"CPT","billing_code_type_version":"2020","billing_code":"97110","description":"THERAPEUTIC PX 1\/> AREAS EACH 15 MIN EXERCISES","allowed_amounts":[{"tin":{"type":"ein","value":"510198939"},"service_code":["11"],"billing_class":"professional","payments":[{"allowed_amount":62.50,"billing_code_modifier":[""],"providers":[{"billed_charge":62.50,"npi":[1225173776,1881738896]}]}]},{"tin":{"type":"ein","value":"853635375"},"service_code":["12"],"billing_class":"professional","payments":[{"allowed_amount":106.92,"billing_code_modifier":[""],"providers":[{"billed_charge":150.00,"npi":[1265751119,1477153062,1871807925]}]}]},{"tin":{"type":"ein","value":"853635375"},"service_code":["12"],"billing_class":"professional","payments":[{"allowed_amount":107.78,"billing_code_modifier":[""],"providers":[{"billed_charge":150.00,"npi":[1265751119,1477153062,1871807925]}]}]}]}]}
