{"reporting_entity_name": "IEC Group_DBA AmeriBen",
	"reporting_entity_type": "Third Party Administrator",
	"plan_name": "ASTEMO",
	"plan_id_type": "ein",
	"plan_id": "611065272",
	"plan_market_type": "group",
	"last_updated_on": "2024-07-01","Version": "1.0.0","out_of_network":[{"name":"COLLECTION VENOUS BLOOD VENIPUNCTURE","billing_code_type":"CPT","billing_code_type_version":"2020","billing_code":"36415","description":"COLLECTION VENOUS BLOOD VENIPUNCTURE","allowed_amounts":[{"tin":{"type":"ein","value":"382084239"},"service_code":["81"],"billing_class":"professional","payments":[{"allowed_amount":1.02,"billing_code_modifier":[""],"providers":[{"billed_charge":35.00,"npi":[1003282120,1073762720,1124449723,1174556542,1215039029,1215268040,1215321971,1225262579,1306462619,1336681782,1356362826,1477658136,1487153839,1497752349,1578240974,1649827965,1659959856,1679061949,1700840568,1710974696,1780045310,1831129261,1831175132,1841297793,1871560847,1871754283,1881395382,1891754529,1932166386]}]}]}]},{"name":"COMPREHENSIVE METABOLIC PANEL","billing_code_type":"CPT","billing_code_type_version":"2020","billing_code":"80053","description":"COMPREHENSIVE METABOLIC PANEL","allowed_amounts":[{"tin":{"type":"ein","value":"382084239"},"service_code":["81"],"billing_class":"professional","payments":[{"allowed_amount":5.09,"billing_code_modifier":[""],"providers":[{"billed_charge":96.88,"npi":[1073762720,1215039029,1457425795,1508851908,1568455541,1629671342,1740728690,1871560847,1932166386]}]}]},{"tin":{"type":"ein","value":"810576059"},"service_code":["81"],"billing_class":"professional","payments":[{"allowed_amount":5.09,"billing_code_modifier":[""],"providers":[{"billed_charge":21.12,"npi":[1235186800,1558704999,1700820198]}]}]}]},{"name":"GENERAL HEALTH PANEL","billing_code_type":"CPT","billing_code_type_version":"2020","billing_code":"80050","description":"GENERAL HEALTH PANEL","allowed_amounts":[{"tin":{"type":"ein","value":"382084239"},"service_code":["81"],"billing_class":"professional","payments":[{"allowed_amount":14.76,"billing_code_modifier":[""],"providers":[{"billed_charge":290.47,"npi":[1215268040,1477658136,1679061949,1780646083,1932166386]}]}]},{"tin":{"type":"ein","value":"471359076"},"service_code":["81"],"billing_class":"professional","payments":[{"allowed_amount":14.76,"billing_code_modifier":[""],"providers":[{"billed_charge":105.39,"npi":[1134538713,1912944083]}]}]},{"tin":{"type":"ein","value":"810576059"},"service_code":["81"],"billing_class":"professional","payments":[{"allowed_amount":14.76,"billing_code_modifier":[""],"providers":[{"billed_charge":60.00,"npi":[1235186800,1437131596,1649339508,1700820198,1821439985,1932220514]}]}]}]},{"name":"IADNA NOS AMPLIFIED PROBE TQ EACH ORGANISM","billing_code_type":"CPT","billing_code_type_version":"2020","billing_code":"87798","description":"IADNA NOS AMPLIFIED PROBE TQ EACH ORGANISM","allowed_amounts":[{"tin":{"type":"ein","value":"814258707"},"service_code":["81"],"billing_class":"professional","payments":[{"allowed_amount":24.12,"billing_code_modifier":[""],"providers":[{"billed_charge":87.73,"npi":[1376941534,1558808204]}]}]}]},{"name":"LIPID PANEL","billing_code_type":"CPT","billing_code_type_version":"2020","billing_code":"80061","description":"LIPID PANEL","allowed_amounts":[{"tin":{"type":"ein","value":"382084239"},"service_code":["81"],"billing_class":"professional","payments":[{"allowed_amount":7.68,"billing_code_modifier":[""],"providers":[{"billed_charge":162.91,"npi":[1215039029,1215268040,1457425795,1508851908,1629671342,1679061949,1740728690,1780646083,1871560847,1932166386]}]}]},{"tin":{"type":"ein","value":"471359076"},"service_code":["81"],"billing_class":"professional","payments":[{"allowed_amount":7.68,"billing_code_modifier":[""],"providers":[{"billed_charge":40.17,"npi":[1134538713,1912944083]}]}]},{"tin":{"type":"ein","value":"810576059"},"service_code":["81"],"billing_class":"professional","payments":[{"allowed_amount":7.68,"billing_code_modifier":[""],"providers":[{"billed_charge":56.16,"npi":[1235186800,1558704999,1700820198,1821439985]}]}]},{"tin":{"type":"ein","value":"860872873"},"service_code":["81"],"billing_class":"professional","payments":[{"allowed_amount":7.68,"billing_code_modifier":[""],"providers":[{"billed_charge":73.41,"npi":[1538105366,1992774681]}]}]}]},{"name":"PSYCHIATRIC\/PSYCHOLOGICAL SVCS: PARTIAL HOSP - LES","billing_code_type":"RC","billing_code_type_version":"UB04","billing_code":"0912","description":"PSYCHIATRIC\/PSYCHOLOGICAL SVCS: PARTIAL HOSP - LES","allowed_amounts":[{"tin":{"type":"ein","value":"873581824"},"service_code":["22"],"billing_class":"institutional","payments":[{"allowed_amount":4017.00,"billing_code_modifier":[""],"providers":[{"billed_charge":4600.02,"npi":[1295466266,1750724886]}]}]},{"tin":{"type":"ein","value":"874362887"},"service_code":["22"],"billing_class":"institutional","payments":[{"allowed_amount":860.00,"billing_code_modifier":[""],"providers":[{"billed_charge":4600.00,"npi":[1255037487,1710970553]}]}]}]},{"name":"SBSQ HOSPITAL IP\/OBS CARE MOD MDM 35 MINUTES","billing_code_type":"CPT","billing_code_type_version":"2020","billing_code":"99232","description":"SBSQ HOSPITAL IP\/OBS CARE MOD MDM 35 MINUTES","allowed_amounts":[{"tin":{"type":"ein","value":"581392449"},"service_code":["21"],"billing_class":"professional","payments":[{"allowed_amount":96.19,"billing_code_modifier":[""],"providers":[{"billed_charge":100.00,"npi":[1235598095,1659330587]}]}]},{"tin":{"type":"ein","value":"853962009"},"service_code":["21"],"billing_class":"professional","payments":[{"allowed_amount":96.19,"billing_code_modifier":[""],"providers":[{"billed_charge":100.00,"npi":[1194784181,1235598095,1659330587]}]}]}]}]}
