{"reporting_entity_name": "IEC Group_DBA AmeriBen",
	"reporting_entity_type": "Third Party Administrator",
	"plan_name": "BELGIOIOSO CHEESE INC",
	"plan_id_type": "ein",
	"plan_id": "391324847",
	"plan_market_type": "group",
	"last_updated_on": "2023-11-01","Version": "1.0.0","out_of_network":[{"name":"ALCOHOL AND\/OR DRUG SERVICES","billing_code_type":"HCPCS","billing_code_type_version":"HCPCS LEVEL II 2021","billing_code":"H0020","description":"ALCOHOL AND\/OR DRUG SERVICES","allowed_amounts":[{"tin":{"type":"ein","value":"391498501"},"service_code":["11"],"billing_class":"professional","payments":[{"allowed_amount":11.43,"billing_code_modifier":[""],"providers":[{"billed_charge":22.86,"npi":[1629282470,1679885776,1760745921]}]}]}]},{"name":"CHIROPRACTIC MANIPULATIVE TX SPINAL 1-2 REGIONS","billing_code_type":"CPT","billing_code_type_version":"2020","billing_code":"98940","description":"CHIROPRACTIC MANIPULATIVE TX SPINAL 1-2 REGIONS","allowed_amounts":[{"tin":{"type":"ein","value":"823773357"},"service_code":["11"],"billing_class":"professional","payments":[{"allowed_amount":21.59,"billing_code_modifier":[""],"providers":[{"billed_charge":70.00,"npi":[1083600654,1972788297]}]}]},{"tin":{"type":"ein","value":"831272495"},"service_code":["11"],"billing_class":"professional","payments":[{"allowed_amount":21.59,"billing_code_modifier":[""],"providers":[{"billed_charge":28.12,"npi":[1457904609]}]}]}]},{"name":"CHIROPRACTIC MANIPULATIVE TX SPINAL 3-4 REGIONS","billing_code_type":"CPT","billing_code_type_version":"2020","billing_code":"98941","description":"CHIROPRACTIC MANIPULATIVE TX SPINAL 3-4 REGIONS","allowed_amounts":[{"tin":{"type":"ein","value":"272117230"},"service_code":["11"],"billing_class":"professional","payments":[{"allowed_amount":31.08,"billing_code_modifier":[""],"providers":[{"billed_charge":70.00,"npi":[1194815241]}]}]},{"tin":{"type":"ein","value":"562308132"},"service_code":["11"],"billing_class":"professional","payments":[{"allowed_amount":31.08,"billing_code_modifier":[""],"providers":[{"billed_charge":55.00,"npi":[1023182433,1821162231]}]}]},{"tin":{"type":"ein","value":"823773357"},"service_code":["11"],"billing_class":"professional","payments":[{"allowed_amount":31.08,"billing_code_modifier":[""],"providers":[{"billed_charge":88.00,"npi":[1083600654,1972788297]}]}]},{"tin":{"type":"ein","value":"845005731"},"service_code":["11"],"billing_class":"professional","payments":[{"allowed_amount":31.08,"billing_code_modifier":[""],"providers":[{"billed_charge":65.00,"npi":[1104453570,1386263374]}]}]}]}]}
