{"reporting_entity_name": "IEC Group_DBA AmeriBen",
	"reporting_entity_type": "Third Party Administrator",
	"plan_name": "URSCHEL LABORATORIES INC",
	"plan_id_type": "ein",
	"plan_id": "350726105",
	"plan_market_type": "group",
	"last_updated_on": "2023-06-01","Version": "1.0.0","out_of_network":[{"name":"HIT TPN; > 1 LITER BUT NOT > 2 LITERS-DA-DIEM","billing_code_type":"HCPCS","billing_code_type_version":"HCPCS LEVEL II 2021","billing_code":"S9366","description":"HIT TPN; > 1 LITER BUT NOT > 2 LITERS-DA-DIEM","allowed_amounts":[{"tin":{"type":"ein","value":"562554975"},"service_code":["12"],"billing_class":"professional","payments":[{"allowed_amount":0.00,"billing_code_modifier":[""],"providers":[{"billed_charge":844.80,"npi":[1821060286,1841372638]},{"billed_charge":5913.60,"npi":[1821060286,1841372638]}]},{"allowed_amount":0.00,"billing_code_modifier":[""],"providers":[{"billed_charge":844.80,"npi":[1821060286,1841372638]},{"billed_charge":5913.60,"npi":[1821060286,1841372638]}]}]},{"tin":{"type":"ein","value":"562554975"},"service_code":["12"],"billing_class":"professional","payments":[{"allowed_amount":0.00,"billing_code_modifier":[""],"providers":[{"billed_charge":844.80,"npi":[1821060286,1841372638]},{"billed_charge":5913.60,"npi":[1821060286,1841372638]}]},{"allowed_amount":0.00,"billing_code_modifier":[""],"providers":[{"billed_charge":844.80,"npi":[1821060286,1841372638]},{"billed_charge":5913.60,"npi":[1821060286,1841372638]}]}]}]},{"name":"IADNA SARS-COV-2 COVID-19 AMPLIFIED PROBE TQ","billing_code_type":"CPT","billing_code_type_version":"2020","billing_code":"87635","description":"IADNA SARS-COV-2 COVID-19 AMPLIFIED PROBE TQ","allowed_amounts":[{"tin":{"type":"ein","value":"361924025"},"service_code":["21","81"],"billing_class":"professional","payments":[{"allowed_amount":51.31,"billing_code_modifier":[""],"providers":[{"billed_charge":100.00,"npi":[1134134273,1689681629,1760497887,1891808663,1912912023,1922015916,1932114055,1982688024]}]}]}]},{"name":"PARENTERAL NUTRITION SOL NOS 10 GRAMS LIPIDS","billing_code_type":"HCPCS","billing_code_type_version":"HCPCS LEVEL II 2021","billing_code":"B4185","description":"PARENTERAL NUTRITION SOL NOS 10 GRAMS LIPIDS","allowed_amounts":[{"tin":{"type":"ein","value":"562554975"},"service_code":["12"],"billing_class":"professional","payments":[{"allowed_amount":36.54,"billing_code_modifier":[""],"providers":[{"billed_charge":351.93,"npi":[1821060286,1841372638]},{"billed_charge":351.96,"npi":[1821060286,1841372638]}]},{"allowed_amount":36.54,"billing_code_modifier":[""],"providers":[{"billed_charge":351.93,"npi":[1821060286,1841372638]},{"billed_charge":351.96,"npi":[1821060286,1841372638]}]}]},{"tin":{"type":"ein","value":"562554975"},"service_code":["12"],"billing_class":"professional","payments":[{"allowed_amount":36.54,"billing_code_modifier":[""],"providers":[{"billed_charge":351.93,"npi":[1821060286,1841372638]},{"billed_charge":351.96,"npi":[1821060286,1841372638]}]},{"allowed_amount":36.54,"billing_code_modifier":[""],"providers":[{"billed_charge":351.93,"npi":[1821060286,1841372638]},{"billed_charge":351.96,"npi":[1821060286,1841372638]}]}]}]},{"name":"PSYCHOTHERAPY W\/PATIENT 60 MINUTES","billing_code_type":"CPT","billing_code_type_version":"2020","billing_code":"90837","description":"PSYCHOTHERAPY W\/PATIENT 60 MINUTES","allowed_amounts":[{"tin":{"type":"ein","value":"463583651"},"service_code":["02"],"billing_class":"professional","payments":[{"allowed_amount":129.95,"billing_code_modifier":[""],"providers":[{"billed_charge":150.00,"npi":[1063931749,1144640582]}]}]}]},{"name":"SPEC CLCT FOR SARS-COV-2 COVID-19 ANY SPEC SRC","billing_code_type":"HCPCS","billing_code_type_version":"HCPCS LEVEL II 2021","billing_code":"G2023","description":"SPEC CLCT FOR SARS-COV-2 COVID-19 ANY SPEC SRC","allowed_amounts":[{"tin":{"type":"ein","value":"361924025"},"service_code":["21","81"],"billing_class":"professional","payments":[{"allowed_amount":23.46,"billing_code_modifier":[""],"providers":[{"billed_charge":28.99,"npi":[1134134273,1689681629,1760497887,1891808663,1912912023,1922015916,1932114055,1982688024]}]}]}]}]}
