{"reporting_entity_name": "IEC Group_DBA AmeriBen",
	"reporting_entity_type": "Third Party Administrator",
	"plan_name": "LOGAN ALUMINUM INC",
	"plan_id_type": "ein",
	"plan_id": "611064243",
	"plan_market_type": "group",
	"last_updated_on": "2023-10-01","Version": "1.0.0","out_of_network":[{"name":"DRUGS REQUIRE SPECIFIC ID: DRUGS REQUIRING DETAIL","billing_code_type":"RC","billing_code_type_version":"UB04","billing_code":"0636","description":"DRUGS REQUIRE SPECIFIC ID: DRUGS REQUIRING DETAIL","allowed_amounts":[{"tin":{"type":"ein","value":"620850498"},"service_code":["65"],"billing_class":"institutional","payments":[{"allowed_amount":63.45,"billing_code_modifier":[""],"providers":[{"billed_charge":821.94,"npi":[1659304038,1831169069]}]}]},{"tin":{"type":"ein","value":"620850498"},"service_code":["65"],"billing_class":"institutional","payments":[{"allowed_amount":66.91,"billing_code_modifier":[""],"providers":[{"billed_charge":821.94,"npi":[1659304038,1831169069]}]}]},{"tin":{"type":"ein","value":"953372911"},"service_code":["65"],"billing_class":"institutional","payments":[{"allowed_amount":16.63,"billing_code_modifier":[""],"providers":[{"billed_charge":339.85,"npi":[1083969893,1861861411]}]}]}]},{"name":"HEMO OPD\/HOME: HEMODIALYSIS COMP OR OTHER RATE","billing_code_type":"RC","billing_code_type_version":"UB04","billing_code":"0821","description":"HEMO OPD\/HOME: HEMODIALYSIS COMP OR OTHER RATE","allowed_amounts":[{"tin":{"type":"ein","value":"620850498"},"service_code":["65"],"billing_class":"institutional","payments":[{"allowed_amount":200.71,"billing_code_modifier":[""],"providers":[{"billed_charge":2600.00,"npi":[1659304038,1831169069]}]}]},{"tin":{"type":"ein","value":"620850498"},"service_code":["65"],"billing_class":"institutional","payments":[{"allowed_amount":211.65,"billing_code_modifier":[""],"providers":[{"billed_charge":2600.00,"npi":[1659304038,1831169069]}]}]}]},{"name":"MEDICAL\/SURGICAL SUPPLIES","billing_code_type":"RC","billing_code_type_version":"UB04","billing_code":"0270","description":"MEDICAL\/SURGICAL SUPPLIES","allowed_amounts":[{"tin":{"type":"ein","value":"620850498"},"service_code":["65"],"billing_class":"institutional","payments":[{"allowed_amount":1.94,"billing_code_modifier":[""],"providers":[{"billed_charge":25.14,"npi":[1659304038,1831169069]}]}]}]},{"name":"PHARMACY","billing_code_type":"RC","billing_code_type_version":"UB04","billing_code":"0250","description":"PHARMACY","allowed_amounts":[{"tin":{"type":"ein","value":"953372911"},"service_code":["65"],"billing_class":"institutional","payments":[{"allowed_amount":0.06,"billing_code_modifier":[""],"providers":[{"billed_charge":1.30,"npi":[1083969893,1861861411]}]}]}]},{"name":"RADIOLOGIC EXAM CHEST 2 VIEWS","billing_code_type":"CPT","billing_code_type_version":"2020","billing_code":"71046","description":"RADIOLOGIC EXAM CHEST 2 VIEWS","allowed_amounts":[{"tin":{"type":"ein","value":"880602985"},"service_code":["22"],"billing_class":"professional","payments":[{"allowed_amount":12.09,"billing_code_modifier":[""],"providers":[{"billed_charge":39.00,"npi":[1104816925,1316941859,1396150413,1558329128,1578539557,1659837722,1790421089,1790771954,1922678143,1992893416]}]}]}]},{"name":"TX SPEECH LANG VOICE COMMJ &\/AUDITORY PROC IND","billing_code_type":"CPT","billing_code_type_version":"2020","billing_code":"92507","description":"TX SPEECH LANG VOICE COMMJ &\/AUDITORY PROC IND","allowed_amounts":[{"tin":{"type":"ein","value":"921656376"},"service_code":["12"],"billing_class":"professional","payments":[{"allowed_amount":89.00,"billing_code_modifier":[""],"providers":[{"billed_charge":89.00,"npi":[1841731494,1952016636]}]}]}]}]}
