{"reporting_entity_name": "IEC Group_DBA AmeriBen",
	"reporting_entity_type": "Third Party Administrator",
	"plan_name": "CITY OF COLORADO SPRINGS",
	"plan_id_type": "ein",
	"plan_id": "846000573",
	"plan_market_type": "group",
	"last_updated_on": "2024-12-01","Version": "1.0.0","out_of_network":[{"name":"CHIROPRACTIC MANIPLTV TX EXTRASPINAL 1\/> REGION","billing_code_type":"CPT","billing_code_type_version":"2020","billing_code":"98943","description":"CHIROPRACTIC MANIPLTV TX EXTRASPINAL 1\/> REGION","allowed_amounts":[{"tin":{"type":"ein","value":"260789334"},"service_code":["11"],"billing_class":"professional","payments":[{"allowed_amount":0.00,"billing_code_modifier":[""],"providers":[{"billed_charge":86.95,"npi":[1124209952,1619147337]}]}]},{"tin":{"type":"ein","value":"841580318"},"service_code":["11"],"billing_class":"professional","payments":[{"allowed_amount":0.00,"billing_code_modifier":[""],"providers":[{"billed_charge":60.00,"npi":[1063511954,1811072713]}]}]}]},{"name":"COLLECTION VENOUS BLOOD VENIPUNCTURE","billing_code_type":"CPT","billing_code_type_version":"2020","billing_code":"36415","description":"COLLECTION VENOUS BLOOD VENIPUNCTURE","allowed_amounts":[{"tin":{"type":"ein","value":"431039532"},"service_code":["81"],"billing_class":"professional","payments":[{"allowed_amount":1.02,"billing_code_modifier":[""],"providers":[{"billed_charge":35.00,"npi":[1013431741,1093706475,1104104199,1114902897,1194705244,1275629990,1316280993,1366424699,1376760082,1447542642,1447622592,1568591253,1598185381,1609195676,1609812445,1689220741,1720583206,1780620526,1801848759,1811026610,1851032643,1881630614,1891169835,1982214136]}]}]},{"tin":{"type":"ein","value":"840591617"},"service_code":["81"],"billing_class":"professional","payments":[{"allowed_amount":1.02,"billing_code_modifier":[""],"providers":[{"billed_charge":22.80,"npi":[1275723546,1720352974]}]}]},{"tin":{"type":"ein","value":"840611484"},"service_code":["81"],"billing_class":"professional","payments":[{"allowed_amount":1.02,"billing_code_modifier":[""],"providers":[{"billed_charge":10.00,"npi":[1598747651,1962692871]}]}]}]},{"name":"CONTINUOUS POS AIRWAY PRESSURE DEVC","billing_code_type":"HCPCS","billing_code_type_version":"HCPCS LEVEL II 2021","billing_code":"E0601","description":"CONTINUOUS POS AIRWAY PRESSURE DEVC","allowed_amounts":[{"tin":{"type":"ein","value":"452683127"},"service_code":["12"],"billing_class":"professional","payments":[{"allowed_amount":34.09,"billing_code_modifier":[""],"providers":[{"billed_charge":140.00,"npi":[1144767542,1457828139,1962487587]}]}]},{"tin":{"type":"ein","value":"611423158"},"service_code":["12"],"billing_class":"professional","payments":[{"allowed_amount":34.09,"billing_code_modifier":[""],"providers":[{"billed_charge":252.00,"npi":[1073551446]}]}]}]},{"name":"GENERAL HEALTH PANEL","billing_code_type":"CPT","billing_code_type_version":"2020","billing_code":"80050","description":"GENERAL HEALTH PANEL","allowed_amounts":[{"tin":{"type":"ein","value":"431039532"},"service_code":["81"],"billing_class":"professional","payments":[{"allowed_amount":14.76,"billing_code_modifier":[""],"providers":[{"billed_charge":262.69,"npi":[1609812445,1619532520]},{"billed_charge":290.47,"npi":[1013431741,1104104199,1275629990,1366424699,1447542642,1568591253,1609812445,1780620526,1811026610,1851032643,1861028169,1881630614]}]},{"allowed_amount":14.76,"billing_code_modifier":[""],"providers":[{"billed_charge":262.69,"npi":[1609812445,1619532520]},{"billed_charge":290.47,"npi":[1013431741,1104104199,1275629990,1366424699,1447542642,1568591253,1609812445,1780620526,1811026610,1851032643,1861028169,1881630614]}]}]},{"tin":{"type":"ein","value":"431039532"},"service_code":["81"],"billing_class":"professional","payments":[{"allowed_amount":14.76,"billing_code_modifier":[""],"providers":[{"billed_charge":262.69,"npi":[1609812445,1619532520]},{"billed_charge":290.47,"npi":[1013431741,1104104199,1275629990,1366424699,1447542642,1568591253,1609812445,1780620526,1811026610,1851032643,1861028169,1881630614]}]},{"allowed_amount":14.76,"billing_code_modifier":[""],"providers":[{"billed_charge":262.69,"npi":[1609812445,1619532520]},{"billed_charge":290.47,"npi":[1013431741,1104104199,1275629990,1366424699,1447542642,1568591253,1609812445,1780620526,1811026610,1851032643,1861028169,1881630614]}]}]},{"tin":{"type":"ein","value":"472218380"},"service_code":["11"],"billing_class":"professional","payments":[{"allowed_amount":14.76,"billing_code_modifier":[""],"providers":[{"billed_charge":143.00,"npi":[1396110045,1407252828,1619009388]}]}]},{"tin":{"type":"ein","value":"840591617"},"service_code":["81"],"billing_class":"professional","payments":[{"allowed_amount":14.76,"billing_code_modifier":[""],"providers":[{"billed_charge":111.60,"npi":[1518071067,1952697328]}]}]},{"tin":{"type":"ein","value":"873365405"},"service_code":["81"],"billing_class":"professional","payments":[{"allowed_amount":14.76,"billing_code_modifier":[""],"providers":[{"billed_charge":38.00,"npi":[1588377113,1689841744]}]}]}]},{"name":"HUMIDIFIER HEATED USED W PAP","billing_code_type":"HCPCS","billing_code_type_version":"HCPCS LEVEL II 2021","billing_code":"E0562","description":"HUMIDIFIER HEATED USED W PAP","allowed_amounts":[{"tin":{"type":"ein","value":"452683127"},"service_code":["12"],"billing_class":"professional","payments":[{"allowed_amount":11.43,"billing_code_modifier":[""],"providers":[{"billed_charge":40.00,"npi":[1144767542,1457828139,1962487587]}]}]},{"tin":{"type":"ein","value":"611423158"},"service_code":["12"],"billing_class":"professional","payments":[{"allowed_amount":11.43,"billing_code_modifier":[""],"providers":[{"billed_charge":49.99,"npi":[1073551446]},{"billed_charge":59.50,"npi":[1073551446]}]},{"allowed_amount":11.43,"billing_code_modifier":[""],"providers":[{"billed_charge":49.99,"npi":[1073551446]},{"billed_charge":59.50,"npi":[1073551446]}]}]},{"tin":{"type":"ein","value":"611423158"},"service_code":["12"],"billing_class":"professional","payments":[{"allowed_amount":11.43,"billing_code_modifier":[""],"providers":[{"billed_charge":49.99,"npi":[1073551446]},{"billed_charge":59.50,"npi":[1073551446]}]},{"allowed_amount":11.43,"billing_code_modifier":[""],"providers":[{"billed_charge":49.99,"npi":[1073551446]},{"billed_charge":59.50,"npi":[1073551446]}]}]}]},{"name":"IADNA NOS AMPLIFIED PROBE TQ EACH ORGANISM","billing_code_type":"CPT","billing_code_type_version":"2020","billing_code":"87798","description":"IADNA NOS AMPLIFIED PROBE TQ EACH ORGANISM","allowed_amounts":[{"tin":{"type":"ein","value":"331168930"},"service_code":["81"],"billing_class":"professional","payments":[{"allowed_amount":14.73,"billing_code_modifier":[""],"providers":[{"billed_charge":44.98,"npi":[1184814014,1316467459]},{"billed_charge":44.99,"npi":[1184814014,1316467459]},{"billed_charge":45.00,"npi":[1184814014,1316467459,1962021683]},{"billed_charge":45.01,"npi":[1184814014,1316467459]}]},{"allowed_amount":14.73,"billing_code_modifier":[""],"providers":[{"billed_charge":44.98,"npi":[1184814014,1316467459]},{"billed_charge":44.99,"npi":[1184814014,1316467459]},{"billed_charge":45.00,"npi":[1184814014,1316467459,1962021683]},{"billed_charge":45.01,"npi":[1184814014,1316467459]}]},{"allowed_amount":14.73,"billing_code_modifier":[""],"providers":[{"billed_charge":44.98,"npi":[1184814014,1316467459]},{"billed_charge":44.99,"npi":[1184814014,1316467459]},{"billed_charge":45.00,"npi":[1184814014,1316467459,1962021683]},{"billed_charge":45.01,"npi":[1184814014,1316467459]}]},{"allowed_amount":14.73,"billing_code_modifier":[""],"providers":[{"billed_charge":44.98,"npi":[1184814014,1316467459]},{"billed_charge":44.99,"npi":[1184814014,1316467459]},{"billed_charge":45.00,"npi":[1184814014,1316467459,1962021683]},{"billed_charge":45.01,"npi":[1184814014,1316467459]}]}]},{"tin":{"type":"ein","value":"331168930"},"service_code":["81"],"billing_class":"professional","payments":[{"allowed_amount":14.73,"billing_code_modifier":[""],"providers":[{"billed_charge":44.98,"npi":[1184814014,1316467459]},{"billed_charge":44.99,"npi":[1184814014,1316467459]},{"billed_charge":45.00,"npi":[1184814014,1316467459,1962021683]},{"billed_charge":45.01,"npi":[1184814014,1316467459]}]},{"allowed_amount":14.73,"billing_code_modifier":[""],"providers":[{"billed_charge":44.98,"npi":[1184814014,1316467459]},{"billed_charge":44.99,"npi":[1184814014,1316467459]},{"billed_charge":45.00,"npi":[1184814014,1316467459,1962021683]},{"billed_charge":45.01,"npi":[1184814014,1316467459]}]},{"allowed_amount":14.73,"billing_code_modifier":[""],"providers":[{"billed_charge":44.98,"npi":[1184814014,1316467459]},{"billed_charge":44.99,"npi":[1184814014,1316467459]},{"billed_charge":45.00,"npi":[1184814014,1316467459,1962021683]},{"billed_charge":45.01,"npi":[1184814014,1316467459]}]},{"allowed_amount":14.73,"billing_code_modifier":[""],"providers":[{"billed_charge":44.98,"npi":[1184814014,1316467459]},{"billed_charge":44.99,"npi":[1184814014,1316467459]},{"billed_charge":45.00,"npi":[1184814014,1316467459,1962021683]},{"billed_charge":45.01,"npi":[1184814014,1316467459]}]}]},{"tin":{"type":"ein","value":"331168930"},"service_code":["81"],"billing_class":"professional","payments":[{"allowed_amount":14.73,"billing_code_modifier":[""],"providers":[{"billed_charge":44.98,"npi":[1184814014,1316467459]},{"billed_charge":44.99,"npi":[1184814014,1316467459]},{"billed_charge":45.00,"npi":[1184814014,1316467459,1962021683]},{"billed_charge":45.01,"npi":[1184814014,1316467459]}]},{"allowed_amount":14.73,"billing_code_modifier":[""],"providers":[{"billed_charge":44.98,"npi":[1184814014,1316467459]},{"billed_charge":44.99,"npi":[1184814014,1316467459]},{"billed_charge":45.00,"npi":[1184814014,1316467459,1962021683]},{"billed_charge":45.01,"npi":[1184814014,1316467459]}]},{"allowed_amount":14.73,"billing_code_modifier":[""],"providers":[{"billed_charge":44.98,"npi":[1184814014,1316467459]},{"billed_charge":44.99,"npi":[1184814014,1316467459]},{"billed_charge":45.00,"npi":[1184814014,1316467459,1962021683]},{"billed_charge":45.01,"npi":[1184814014,1316467459]}]},{"allowed_amount":14.73,"billing_code_modifier":[""],"providers":[{"billed_charge":44.98,"npi":[1184814014,1316467459]},{"billed_charge":44.99,"npi":[1184814014,1316467459]},{"billed_charge":45.00,"npi":[1184814014,1316467459,1962021683]},{"billed_charge":45.01,"npi":[1184814014,1316467459]}]}]},{"tin":{"type":"ein","value":"331168930"},"service_code":["81"],"billing_class":"professional","payments":[{"allowed_amount":14.73,"billing_code_modifier":[""],"providers":[{"billed_charge":44.98,"npi":[1184814014,1316467459]},{"billed_charge":44.99,"npi":[1184814014,1316467459]},{"billed_charge":45.00,"npi":[1184814014,1316467459,1962021683]},{"billed_charge":45.01,"npi":[1184814014,1316467459]}]},{"allowed_amount":14.73,"billing_code_modifier":[""],"providers":[{"billed_charge":44.98,"npi":[1184814014,1316467459]},{"billed_charge":44.99,"npi":[1184814014,1316467459]},{"billed_charge":45.00,"npi":[1184814014,1316467459,1962021683]},{"billed_charge":45.01,"npi":[1184814014,1316467459]}]},{"allowed_amount":14.73,"billing_code_modifier":[""],"providers":[{"billed_charge":44.98,"npi":[1184814014,1316467459]},{"billed_charge":44.99,"npi":[1184814014,1316467459]},{"billed_charge":45.00,"npi":[1184814014,1316467459,1962021683]},{"billed_charge":45.01,"npi":[1184814014,1316467459]}]},{"allowed_amount":14.73,"billing_code_modifier":[""],"providers":[{"billed_charge":44.98,"npi":[1184814014,1316467459]},{"billed_charge":44.99,"npi":[1184814014,1316467459]},{"billed_charge":45.00,"npi":[1184814014,1316467459,1962021683]},{"billed_charge":45.01,"npi":[1184814014,1316467459]}]}]}]},{"name":"LIPID PANEL","billing_code_type":"CPT","billing_code_type_version":"2020","billing_code":"80061","description":"LIPID PANEL","allowed_amounts":[{"tin":{"type":"ein","value":"431039532"},"service_code":["81"],"billing_class":"professional","payments":[{"allowed_amount":7.68,"billing_code_modifier":[""],"providers":[{"billed_charge":162.91,"npi":[1013431741,1104104199,1114902897,1194705244,1366424699,1447542642,1447622592,1568591253,1598185381,1609812445,1780620526,1861028169]}]}]},{"tin":{"type":"ein","value":"840591617"},"service_code":["81"],"billing_class":"professional","payments":[{"allowed_amount":7.68,"billing_code_modifier":[""],"providers":[{"billed_charge":34.80,"npi":[1518071067,1952697328]}]}]},{"tin":{"type":"ein","value":"873365405"},"service_code":["81"],"billing_class":"professional","payments":[{"allowed_amount":7.68,"billing_code_modifier":[""],"providers":[{"billed_charge":15.00,"npi":[1588377113,1689841744]}]}]}]},{"name":"OFFICE\/OUTPATIENT ESTABLISHED MOD MDM 30 MIN","billing_code_type":"CPT","billing_code_type_version":"2020","billing_code":"99214","description":"OFFICE\/OUTPATIENT ESTABLISHED MOD MDM 30 MIN","allowed_amounts":[{"tin":{"type":"ein","value":"201165785"},"service_code":["11"],"billing_class":"professional","payments":[{"allowed_amount":109.95,"billing_code_modifier":[""],"providers":[{"billed_charge":150.00,"npi":[1639105638]}]}]},{"tin":{"type":"ein","value":"202029931"},"service_code":["11"],"billing_class":"professional","payments":[{"allowed_amount":109.95,"billing_code_modifier":[""],"providers":[{"billed_charge":165.00,"npi":[1033289285,1053654319]}]}]},{"tin":{"type":"ein","value":"815153902"},"service_code":["02","11"],"billing_class":"professional","payments":[{"allowed_amount":109.95,"billing_code_modifier":[""],"providers":[{"billed_charge":218.02,"npi":[1013456383,1063869881,1215547286,1366548133]}]}]},{"tin":{"type":"ein","value":"833801205"},"service_code":["11"],"billing_class":"professional","payments":[{"allowed_amount":109.95,"billing_code_modifier":[""],"providers":[{"billed_charge":522.92,"npi":[1154889608,1538525639]}]}]},{"tin":{"type":"ein","value":"833882262"},"service_code":["11"],"billing_class":"professional","payments":[{"allowed_amount":109.95,"billing_code_modifier":[""],"providers":[{"billed_charge":255.00,"npi":[1538478458]}]}]},{"tin":{"type":"ein","value":"842223798"},"service_code":["10"],"billing_class":"professional","payments":[{"allowed_amount":109.95,"billing_code_modifier":[""],"providers":[{"billed_charge":120.00,"npi":[1144810235,1568016038]}]}]},{"tin":{"type":"ein","value":"861747274"},"service_code":["02","11"],"billing_class":"professional","payments":[{"allowed_amount":109.95,"billing_code_modifier":[""],"providers":[{"billed_charge":245.44,"npi":[1164014874,1528524592,1710357462,1821798877]}]}]},{"tin":{"type":"ein","value":"882450384"},"service_code":["11"],"billing_class":"professional","payments":[{"allowed_amount":109.95,"billing_code_modifier":[""],"providers":[{"billed_charge":272.00,"npi":[1942261474,1962135822]}]}]}]},{"name":"PSYCHOTHERAPY W\/PATIENT 45 MINUTES","billing_code_type":"CPT","billing_code_type_version":"2020","billing_code":"90834","description":"PSYCHOTHERAPY W\/PATIENT 45 MINUTES","allowed_amounts":[{"tin":{"type":"ein","value":"471721734"},"service_code":["11"],"billing_class":"professional","payments":[{"allowed_amount":112.96,"billing_code_modifier":[""],"providers":[{"billed_charge":165.00,"npi":[1558615708,1780026807]}]}]},{"tin":{"type":"ein","value":"813695367"},"service_code":["11"],"billing_class":"professional","payments":[{"allowed_amount":112.96,"billing_code_modifier":[""],"providers":[{"billed_charge":165.00,"npi":[1295252682]}]}]}]},{"name":"PSYCHOTHERAPY W\/PATIENT 60 MINUTES","billing_code_type":"CPT","billing_code_type_version":"2020","billing_code":"90837","description":"PSYCHOTHERAPY W\/PATIENT 60 MINUTES","allowed_amounts":[{"tin":{"type":"ein","value":"933706212"},"service_code":["11"],"billing_class":"professional","payments":[{"allowed_amount":169.22,"billing_code_modifier":[""],"providers":[{"billed_charge":200.00,"npi":[1508415324]}]}]},{"tin":{"type":"ein","value":"475025949"},"service_code":["02"],"billing_class":"professional","payments":[{"allowed_amount":169.22,"billing_code_modifier":[""],"providers":[{"billed_charge":206.00,"npi":[1386150738,1669920625,1760854442]},{"billed_charge":260.00,"npi":[1386150738,1760854442]}]},{"allowed_amount":169.22,"billing_code_modifier":[""],"providers":[{"billed_charge":206.00,"npi":[1386150738,1669920625,1760854442]},{"billed_charge":260.00,"npi":[1386150738,1760854442]}]}]},{"tin":{"type":"ein","value":"475025949"},"service_code":["02"],"billing_class":"professional","payments":[{"allowed_amount":169.22,"billing_code_modifier":[""],"providers":[{"billed_charge":206.00,"npi":[1386150738,1669920625,1760854442]},{"billed_charge":260.00,"npi":[1386150738,1760854442]}]},{"allowed_amount":169.22,"billing_code_modifier":[""],"providers":[{"billed_charge":206.00,"npi":[1386150738,1669920625,1760854442]},{"billed_charge":260.00,"npi":[1386150738,1760854442]}]}]},{"tin":{"type":"ein","value":"810970561"},"service_code":["10"],"billing_class":"professional","payments":[{"allowed_amount":169.22,"billing_code_modifier":[""],"providers":[{"billed_charge":459.21,"npi":[1609449479,1790141984]}]}]}]},{"name":"PSYCHOTHERAPY W\/PATIENT W\/E&M SRVCS 30 MIN","billing_code_type":"CPT","billing_code_type_version":"2020","billing_code":"90833","description":"PSYCHOTHERAPY W\/PATIENT W\/E&M SRVCS 30 MIN","allowed_amounts":[{"tin":{"type":"ein","value":"861747274"},"service_code":["02","11"],"billing_class":"professional","payments":[{"allowed_amount":87.19,"billing_code_modifier":[""],"providers":[{"billed_charge":155.76,"npi":[1164014874,1528524592,1710357462,1821798877]}]}]}]},{"name":"PT OR MANIP FOR MAINT","billing_code_type":"HCPCS","billing_code_type_version":"HCPCS LEVEL II 2021","billing_code":"S8990","description":"PT OR MANIP FOR MAINT","allowed_amounts":[{"tin":{"type":"ein","value":"743077382"},"service_code":["11"],"billing_class":"professional","payments":[{"allowed_amount":0.00,"billing_code_modifier":[""],"providers":[{"billed_charge":23.76,"npi":[1750562443]},{"billed_charge":39.60,"npi":[1750562443]}]},{"allowed_amount":0.00,"billing_code_modifier":[""],"providers":[{"billed_charge":23.76,"npi":[1750562443]},{"billed_charge":39.60,"npi":[1750562443]}]}]},{"tin":{"type":"ein","value":"743077382"},"service_code":["11"],"billing_class":"professional","payments":[{"allowed_amount":0.00,"billing_code_modifier":[""],"providers":[{"billed_charge":23.76,"npi":[1750562443]},{"billed_charge":39.60,"npi":[1750562443]}]},{"allowed_amount":0.00,"billing_code_modifier":[""],"providers":[{"billed_charge":23.76,"npi":[1750562443]},{"billed_charge":39.60,"npi":[1750562443]}]}]}]},{"name":"RESIDENTIAL TREATMENT-CHEMICAL DEPENDENCY","billing_code_type":"RC","billing_code_type_version":"UB04","billing_code":"1002","description":"RESIDENTIAL TREATMENT-CHEMICAL DEPENDENCY","allowed_amounts":[{"tin":{"type":"ein","value":"861655892"},"service_code":["21"],"billing_class":"institutional","payments":[{"allowed_amount":985.19,"billing_code_modifier":[""],"providers":[{"billed_charge":4995.00,"npi":[1033796982]}]}]}]},{"name":"RESIDENTIAL TREATMENT-PSYCHIATRIC","billing_code_type":"RC","billing_code_type_version":"UB04","billing_code":"1001","description":"RESIDENTIAL TREATMENT-PSYCHIATRIC","allowed_amounts":[{"tin":{"type":"ein","value":"263297560"},"service_code":["21"],"billing_class":"institutional","payments":[{"allowed_amount":1504.54,"billing_code_modifier":[""],"providers":[{"billed_charge":4880.00,"npi":[1215705215,1962793232]}]}]}]},{"name":"THERAPEUT ACTVITY DIRECT PT CONTACT EACH 15 MIN","billing_code_type":"CPT","billing_code_type_version":"2020","billing_code":"97530","description":"THERAPEUT ACTVITY DIRECT PT CONTACT EACH 15 MIN","allowed_amounts":[{"tin":{"type":"ein","value":"364794715"},"service_code":["11"],"billing_class":"professional","payments":[{"allowed_amount":59.50,"billing_code_modifier":[""],"providers":[{"billed_charge":130.00,"npi":[1336542125,1487335782,1669258539]}]}]},{"tin":{"type":"ein","value":"840532684"},"service_code":["12"],"billing_class":"professional","payments":[{"allowed_amount":59.50,"billing_code_modifier":[""],"providers":[{"billed_charge":120.00,"npi":[1538592829,1962736942]},{"billed_charge":160.00,"npi":[1538592829,1962736942]},{"billed_charge":200.00,"npi":[1538592829,1962736942]}]},{"allowed_amount":59.50,"billing_code_modifier":[""],"providers":[{"billed_charge":120.00,"npi":[1538592829,1962736942]},{"billed_charge":160.00,"npi":[1538592829,1962736942]},{"billed_charge":200.00,"npi":[1538592829,1962736942]}]},{"allowed_amount":59.50,"billing_code_modifier":[""],"providers":[{"billed_charge":120.00,"npi":[1538592829,1962736942]},{"billed_charge":160.00,"npi":[1538592829,1962736942]},{"billed_charge":200.00,"npi":[1538592829,1962736942]}]}]},{"tin":{"type":"ein","value":"840532684"},"service_code":["12"],"billing_class":"professional","payments":[{"allowed_amount":59.50,"billing_code_modifier":[""],"providers":[{"billed_charge":120.00,"npi":[1538592829,1962736942]},{"billed_charge":160.00,"npi":[1538592829,1962736942]},{"billed_charge":200.00,"npi":[1538592829,1962736942]}]},{"allowed_amount":59.50,"billing_code_modifier":[""],"providers":[{"billed_charge":120.00,"npi":[1538592829,1962736942]},{"billed_charge":160.00,"npi":[1538592829,1962736942]},{"billed_charge":200.00,"npi":[1538592829,1962736942]}]},{"allowed_amount":59.50,"billing_code_modifier":[""],"providers":[{"billed_charge":120.00,"npi":[1538592829,1962736942]},{"billed_charge":160.00,"npi":[1538592829,1962736942]},{"billed_charge":200.00,"npi":[1538592829,1962736942]}]}]},{"tin":{"type":"ein","value":"840532684"},"service_code":["12"],"billing_class":"professional","payments":[{"allowed_amount":59.50,"billing_code_modifier":[""],"providers":[{"billed_charge":120.00,"npi":[1538592829,1962736942]},{"billed_charge":160.00,"npi":[1538592829,1962736942]},{"billed_charge":200.00,"npi":[1538592829,1962736942]}]},{"allowed_amount":59.50,"billing_code_modifier":[""],"providers":[{"billed_charge":120.00,"npi":[1538592829,1962736942]},{"billed_charge":160.00,"npi":[1538592829,1962736942]},{"billed_charge":200.00,"npi":[1538592829,1962736942]}]},{"allowed_amount":59.50,"billing_code_modifier":[""],"providers":[{"billed_charge":120.00,"npi":[1538592829,1962736942]},{"billed_charge":160.00,"npi":[1538592829,1962736942]},{"billed_charge":200.00,"npi":[1538592829,1962736942]}]}]},{"tin":{"type":"ein","value":"841554677"},"service_code":["12"],"billing_class":"professional","payments":[{"allowed_amount":59.50,"billing_code_modifier":[""],"providers":[{"billed_charge":141.19,"npi":[1639761802]},{"billed_charge":144.01,"npi":[1629094909]}]},{"allowed_amount":59.50,"billing_code_modifier":[""],"providers":[{"billed_charge":141.19,"npi":[1639761802]},{"billed_charge":144.01,"npi":[1629094909]}]}]},{"tin":{"type":"ein","value":"841554677"},"service_code":["12"],"billing_class":"professional","payments":[{"allowed_amount":59.50,"billing_code_modifier":[""],"providers":[{"billed_charge":141.19,"npi":[1639761802]},{"billed_charge":144.01,"npi":[1629094909]}]},{"allowed_amount":59.50,"billing_code_modifier":[""],"providers":[{"billed_charge":141.19,"npi":[1639761802]},{"billed_charge":144.01,"npi":[1629094909]}]}]}]},{"name":"THERAPEUTIC PX 1\/> AREAS EACH 15 MIN EXERCISES","billing_code_type":"CPT","billing_code_type_version":"2020","billing_code":"97110","description":"THERAPEUTIC PX 1\/> AREAS EACH 15 MIN EXERCISES","allowed_amounts":[{"tin":{"type":"ein","value":"999999999"},"service_code":["11"],"billing_class":"professional","payments":[{"allowed_amount":0.00,"billing_code_modifier":[""],"providers":[{"billed_charge":38.75,"npi":[1356048839]}]}]},{"tin":{"type":"ein","value":"364794715"},"service_code":["11"],"billing_class":"professional","payments":[{"allowed_amount":0.00,"billing_code_modifier":[""],"providers":[{"billed_charge":65.00,"npi":[1336542125,1487335782,1669258539]}]}]},{"tin":{"type":"ein","value":"841580318"},"service_code":["11"],"billing_class":"professional","payments":[{"allowed_amount":0.00,"billing_code_modifier":[""],"providers":[{"billed_charge":80.00,"npi":[1063511954,1811072713]}]}]}]}]}
