{"reporting_entity_name": "IEC Group_DBA AmeriBen",
	"reporting_entity_type": "Third Party Administrator",
	"plan_name": "WASSERMAN",
	"plan_id_type": "ein",
	"plan_id": "721559402",
	"plan_market_type": "group",
	"last_updated_on": "2025-07-01","Version": "1.0.0","out_of_network":[{"name":"APPL MODALITY 1\/> AREAS TRACTION MECHANICAL","billing_code_type":"CPT","billing_code_type_version":"2020","billing_code":"97012","description":"APPL MODALITY 1\/> AREAS TRACTION MECHANICAL","allowed_amounts":[{"tin":{"type":"ein","value":"113637094"},"service_code":["11"],"billing_class":"professional","payments":[{"allowed_amount":20.97,"billing_code_modifier":[""],"providers":[{"billed_charge":80.00,"npi":[1376063115,1528197506]}]}]},{"tin":{"type":"ein","value":"823997158"},"service_code":["11"],"billing_class":"professional","payments":[{"allowed_amount":20.97,"billing_code_modifier":[""],"providers":[{"billed_charge":200.00,"npi":[1316151426]}]}]},{"tin":{"type":"ein","value":"901021784"},"service_code":["11"],"billing_class":"professional","payments":[{"allowed_amount":20.97,"billing_code_modifier":[""],"providers":[{"billed_charge":200.00,"npi":[1518375526,1558393165]}]}]}]},{"name":"CHIROPRACTIC MANIPLTV TX EXTRASPINAL 1\/> REGION","billing_code_type":"CPT","billing_code_type_version":"2020","billing_code":"98943","description":"CHIROPRACTIC MANIPLTV TX EXTRASPINAL 1\/> REGION","allowed_amounts":[{"tin":{"type":"ein","value":"110726570"},"service_code":["11"],"billing_class":"professional","payments":[{"allowed_amount":38.45,"billing_code_modifier":[""],"providers":[{"billed_charge":100.00,"npi":[1629208426,1659308013]}]}]},{"tin":{"type":"ein","value":"264347711"},"service_code":["11"],"billing_class":"professional","payments":[{"allowed_amount":38.45,"billing_code_modifier":[""],"providers":[{"billed_charge":150.00,"npi":[1225262785,1821226135]}]}]},{"tin":{"type":"ein","value":"811147791"},"service_code":["11"],"billing_class":"professional","payments":[{"allowed_amount":38.45,"billing_code_modifier":[""],"providers":[{"billed_charge":300.00,"npi":[1841745148,1942900683]}]}]},{"tin":{"type":"ein","value":"822578242"},"service_code":["11"],"billing_class":"professional","payments":[{"allowed_amount":38.45,"billing_code_modifier":[""],"providers":[{"billed_charge":301.00,"npi":[1629379979,1679508303]}]}]},{"tin":{"type":"ein","value":"823997158"},"service_code":["11"],"billing_class":"professional","payments":[{"allowed_amount":38.45,"billing_code_modifier":[""],"providers":[{"billed_charge":200.00,"npi":[1316151426]}]}]},{"tin":{"type":"ein","value":"824654775"},"service_code":["11"],"billing_class":"professional","payments":[{"allowed_amount":38.45,"billing_code_modifier":[""],"providers":[{"billed_charge":150.00,"npi":[1265103733,1841954807]}]}]},{"tin":{"type":"ein","value":"901021784"},"service_code":["11"],"billing_class":"professional","payments":[{"allowed_amount":38.45,"billing_code_modifier":[""],"providers":[{"billed_charge":200.00,"npi":[1518375526,1558393165]}]}]}]},{"name":"CHIROPRACTIC MANIPULATIVE TX SPINAL 1-2 REGIONS","billing_code_type":"CPT","billing_code_type_version":"2020","billing_code":"98940","description":"CHIROPRACTIC MANIPULATIVE TX SPINAL 1-2 REGIONS","allowed_amounts":[{"tin":{"type":"ein","value":"113637094"},"service_code":["11"],"billing_class":"professional","payments":[{"allowed_amount":40.95,"billing_code_modifier":[""],"providers":[{"billed_charge":90.00,"npi":[1376063115,1528197506]}]}]},{"tin":{"type":"ein","value":"110726570"},"service_code":["11"],"billing_class":"professional","payments":[{"allowed_amount":40.95,"billing_code_modifier":[""],"providers":[{"billed_charge":100.00,"npi":[1629208426,1659308013]}]}]},{"tin":{"type":"ein","value":"264347711"},"service_code":["11"],"billing_class":"professional","payments":[{"allowed_amount":40.95,"billing_code_modifier":[""],"providers":[{"billed_charge":200.00,"npi":[1225262785,1821226135]}]}]},{"tin":{"type":"ein","value":"811147791"},"service_code":["11"],"billing_class":"professional","payments":[{"allowed_amount":40.95,"billing_code_modifier":[""],"providers":[{"billed_charge":375.00,"npi":[1841745148,1942900683]}]}]},{"tin":{"type":"ein","value":"823997158"},"service_code":["11"],"billing_class":"professional","payments":[{"allowed_amount":40.95,"billing_code_modifier":[""],"providers":[{"billed_charge":200.00,"npi":[1316151426]}]}]},{"tin":{"type":"ein","value":"824654775"},"service_code":["11"],"billing_class":"professional","payments":[{"allowed_amount":40.95,"billing_code_modifier":[""],"providers":[{"billed_charge":150.00,"npi":[1265103733,1841954807]}]}]},{"tin":{"type":"ein","value":"901021784"},"service_code":["11"],"billing_class":"professional","payments":[{"allowed_amount":40.95,"billing_code_modifier":[""],"providers":[{"billed_charge":200.00,"npi":[1518375526,1558393165]}]}]}]},{"name":"CHIROPRACTIC MANIPULATIVE TX SPINAL 3-4 REGIONS","billing_code_type":"CPT","billing_code_type_version":"2020","billing_code":"98941","description":"CHIROPRACTIC MANIPULATIVE TX SPINAL 3-4 REGIONS","allowed_amounts":[{"tin":{"type":"ein","value":"113637094"},"service_code":["11"],"billing_class":"professional","payments":[{"allowed_amount":58.92,"billing_code_modifier":[""],"providers":[{"billed_charge":95.00,"npi":[1376063115,1528197506]}]}]},{"tin":{"type":"ein","value":"822578242"},"service_code":["11"],"billing_class":"professional","payments":[{"allowed_amount":58.92,"billing_code_modifier":[""],"providers":[{"billed_charge":301.00,"npi":[1629379979,1679508303]}]}]}]},{"name":"ELEC STIM OTHER THAN WOUND","billing_code_type":"HCPCS","billing_code_type_version":"HCPCS LEVEL II 2021","billing_code":"G0283","description":"ELEC STIM OTHER THAN WOUND","allowed_amounts":[{"tin":{"type":"ein","value":"113637094"},"service_code":["11"],"billing_class":"professional","payments":[{"allowed_amount":17.48,"billing_code_modifier":[""],"providers":[{"billed_charge":60.00,"npi":[1376063115,1528197506]}]}]},{"tin":{"type":"ein","value":"823997158"},"service_code":["11"],"billing_class":"professional","payments":[{"allowed_amount":17.48,"billing_code_modifier":[""],"providers":[{"billed_charge":150.00,"npi":[1316151426]}]}]}]},{"name":"MANUAL THERAPY TQS 1\/> REGIONS EACH 15 MINUTES","billing_code_type":"CPT","billing_code_type_version":"2020","billing_code":"97140","description":"MANUAL THERAPY TQS 1\/> REGIONS EACH 15 MINUTES","allowed_amounts":[{"tin":{"type":"ein","value":"133415222"},"service_code":["11"],"billing_class":"professional","payments":[{"allowed_amount":40.44,"billing_code_modifier":[""],"providers":[{"billed_charge":58.75,"npi":[1063684629,1427151976]}]}]},{"tin":{"type":"ein","value":"264347711"},"service_code":["11"],"billing_class":"professional","payments":[{"allowed_amount":40.44,"billing_code_modifier":[""],"providers":[{"billed_charge":150.00,"npi":[1225262785,1821226135]},{"billed_charge":200.00,"npi":[1225262785,1821226135]}]},{"allowed_amount":40.44,"billing_code_modifier":[""],"providers":[{"billed_charge":150.00,"npi":[1225262785,1821226135]},{"billed_charge":200.00,"npi":[1225262785,1821226135]}]}]},{"tin":{"type":"ein","value":"264347711"},"service_code":["11"],"billing_class":"professional","payments":[{"allowed_amount":40.44,"billing_code_modifier":[""],"providers":[{"billed_charge":150.00,"npi":[1225262785,1821226135]},{"billed_charge":200.00,"npi":[1225262785,1821226135]}]},{"allowed_amount":40.44,"billing_code_modifier":[""],"providers":[{"billed_charge":150.00,"npi":[1225262785,1821226135]},{"billed_charge":200.00,"npi":[1225262785,1821226135]}]}]},{"tin":{"type":"ein","value":"465475066"},"service_code":["11"],"billing_class":"professional","payments":[{"allowed_amount":55.00,"billing_code_modifier":[""],"providers":[{"billed_charge":75.00,"npi":[1699403667,1972916609,1982900015]}]}]},{"tin":{"type":"ein","value":"833755762"},"service_code":["11"],"billing_class":"professional","payments":[{"allowed_amount":55.00,"billing_code_modifier":[""],"providers":[{"billed_charge":55.00,"npi":[1053945188,1801970611]}]}]},{"tin":{"type":"ein","value":"881957018"},"service_code":["11"],"billing_class":"professional","payments":[{"allowed_amount":40.44,"billing_code_modifier":[""],"providers":[{"billed_charge":180.00,"npi":[1699542639,1851660120]}]}]},{"tin":{"type":"ein","value":"882180716"},"service_code":["11"],"billing_class":"professional","payments":[{"allowed_amount":55.00,"billing_code_modifier":[""],"providers":[{"billed_charge":58.75,"npi":[1891431458]}]}]}]},{"name":"PSYCHOTHERAPY W\/PATIENT 45 MINUTES","billing_code_type":"CPT","billing_code_type_version":"2020","billing_code":"90834","description":"PSYCHOTHERAPY W\/PATIENT 45 MINUTES","allowed_amounts":[{"tin":{"type":"ein","value":"061740360"},"service_code":["11"],"billing_class":"professional","payments":[{"allowed_amount":251.24,"billing_code_modifier":[""],"providers":[{"billed_charge":325.00,"npi":[1629381561]}]}]},{"tin":{"type":"ein","value":"103525633"},"service_code":["11"],"billing_class":"professional","payments":[{"allowed_amount":154.79,"billing_code_modifier":[""],"providers":[{"billed_charge":200.00,"npi":[1467520510]}]}]},{"tin":{"type":"ein","value":"107505336"},"service_code":["02"],"billing_class":"professional","payments":[{"allowed_amount":154.79,"billing_code_modifier":[""],"providers":[{"billed_charge":1300.00,"npi":[1457566697]}]}]},{"tin":{"type":"ein","value":"117548087"},"service_code":["10"],"billing_class":"professional","payments":[{"allowed_amount":154.79,"billing_code_modifier":[""],"providers":[{"billed_charge":200.00,"npi":[1881829471]}]}]},{"tin":{"type":"ein","value":"208587001"},"service_code":["12"],"billing_class":"professional","payments":[{"allowed_amount":154.79,"billing_code_modifier":[""],"providers":[{"billed_charge":225.00,"npi":[1063636124]}]}]},{"tin":{"type":"ein","value":"260377198"},"service_code":["02","10"],"billing_class":"professional","payments":[{"allowed_amount":154.79,"billing_code_modifier":[""],"providers":[{"billed_charge":325.00,"npi":[1245533470]}]}]},{"tin":{"type":"ein","value":"381843876"},"service_code":["11"],"billing_class":"professional","payments":[{"allowed_amount":154.79,"billing_code_modifier":[""],"providers":[{"billed_charge":250.00,"npi":[1982118006]}]}]},{"tin":{"type":"ein","value":"465251962"},"service_code":["11"],"billing_class":"professional","payments":[{"allowed_amount":154.79,"billing_code_modifier":[""],"providers":[{"billed_charge":175.00,"npi":[1811210446]}]}]},{"tin":{"type":"ein","value":"473293647"},"service_code":["02"],"billing_class":"professional","payments":[{"allowed_amount":154.79,"billing_code_modifier":[""],"providers":[{"billed_charge":275.00,"npi":[1902199573]}]}]},{"tin":{"type":"ein","value":"474383444"},"service_code":["02"],"billing_class":"professional","payments":[{"allowed_amount":251.24,"billing_code_modifier":[""],"providers":[{"billed_charge":275.00,"npi":[1063540748]}]}]},{"tin":{"type":"ein","value":"557726048"},"service_code":["11"],"billing_class":"professional","payments":[{"allowed_amount":154.79,"billing_code_modifier":[""],"providers":[{"billed_charge":225.00,"npi":[1992135677]}]}]},{"tin":{"type":"ein","value":"571172143"},"service_code":["02"],"billing_class":"professional","payments":[{"allowed_amount":250.00,"billing_code_modifier":[""],"providers":[{"billed_charge":250.00,"npi":[1366599573,1679594071]}]}]},{"tin":{"type":"ein","value":"821204643"},"service_code":["11"],"billing_class":"professional","payments":[{"allowed_amount":154.79,"billing_code_modifier":[""],"providers":[{"billed_charge":275.00,"npi":[1083148001]}]}]},{"tin":{"type":"ein","value":"831097684"},"service_code":["10"],"billing_class":"professional","payments":[{"allowed_amount":250.00,"billing_code_modifier":[""],"providers":[{"billed_charge":250.00,"npi":[1134714124]}]}]},{"tin":{"type":"ein","value":"832953911"},"service_code":["02"],"billing_class":"professional","payments":[{"allowed_amount":154.79,"billing_code_modifier":[""],"providers":[{"billed_charge":200.00,"npi":[1306386842]}]}]},{"tin":{"type":"ein","value":"834302956"},"service_code":["10"],"billing_class":"professional","payments":[{"allowed_amount":154.79,"billing_code_modifier":[""],"providers":[{"billed_charge":175.00,"npi":[1982326328]}]}]},{"tin":{"type":"ein","value":"861514634"},"service_code":["11"],"billing_class":"professional","payments":[{"allowed_amount":250.00,"billing_code_modifier":[""],"providers":[{"billed_charge":250.00,"npi":[1598136392]}]}]},{"tin":{"type":"ein","value":"871564573"},"service_code":["11"],"billing_class":"professional","payments":[{"allowed_amount":154.79,"billing_code_modifier":[""],"providers":[{"billed_charge":180.00,"npi":[1518631274]}]}]},{"tin":{"type":"ein","value":"921539594"},"service_code":["11"],"billing_class":"professional","payments":[{"allowed_amount":154.79,"billing_code_modifier":[""],"providers":[{"billed_charge":250.00,"npi":[1083320733,1184233793,1215646575,1386409878,1457827974]}]}]},{"tin":{"type":"ein","value":"922466724"},"service_code":["02"],"billing_class":"professional","payments":[{"allowed_amount":154.79,"billing_code_modifier":[""],"providers":[{"billed_charge":375.00,"npi":[1124727615,1588080345]}]}]},{"tin":{"type":"ein","value":"953751025"},"service_code":["11"],"billing_class":"professional","payments":[{"allowed_amount":251.24,"billing_code_modifier":[""],"providers":[{"billed_charge":425.00,"npi":[1679666283]}]}]}]},{"name":"SELF-CARE\/HOME MGMT TRAINING EACH 15 MINUTES","billing_code_type":"CPT","billing_code_type_version":"2020","billing_code":"97535","description":"SELF-CARE\/HOME MGMT TRAINING EACH 15 MINUTES","allowed_amounts":[{"tin":{"type":"ein","value":"465475066"},"service_code":["11"],"billing_class":"professional","payments":[{"allowed_amount":75.00,"billing_code_modifier":[""],"providers":[{"billed_charge":75.00,"npi":[1699403667,1972916609,1982900015]}]}]}]},{"name":"THER PX 1\/> AREAS EACH 15 MIN NEUROMUSC REEDUCA","billing_code_type":"CPT","billing_code_type_version":"2020","billing_code":"97112","description":"THER PX 1\/> AREAS EACH 15 MIN NEUROMUSC REEDUCA","allowed_amounts":[{"tin":{"type":"ein","value":"465475066"},"service_code":["11"],"billing_class":"professional","payments":[{"allowed_amount":51.79,"billing_code_modifier":[""],"providers":[{"billed_charge":75.00,"npi":[1699403667,1972916609,1982900015]}]}]}]},{"name":"THERAPEUTIC PX 1\/> AREAS EACH 15 MIN EXERCISES","billing_code_type":"CPT","billing_code_type_version":"2020","billing_code":"97110","description":"THERAPEUTIC PX 1\/> AREAS EACH 15 MIN EXERCISES","allowed_amounts":[{"tin":{"type":"ein","value":"113637094"},"service_code":["11"],"billing_class":"professional","payments":[{"allowed_amount":43.94,"billing_code_modifier":[""],"providers":[{"billed_charge":90.00,"npi":[1376063115,1528197506]}]}]},{"tin":{"type":"ein","value":"133415222"},"service_code":["11"],"billing_class":"professional","payments":[{"allowed_amount":43.94,"billing_code_modifier":[""],"providers":[{"billed_charge":58.75,"npi":[1063684629,1427151976]}]}]},{"tin":{"type":"ein","value":"264347711"},"service_code":["11"],"billing_class":"professional","payments":[{"allowed_amount":43.94,"billing_code_modifier":[""],"providers":[{"billed_charge":150.00,"npi":[1225262785,1821226135]}]}]},{"tin":{"type":"ein","value":"465475066"},"service_code":["11"],"billing_class":"professional","payments":[{"allowed_amount":60.00,"billing_code_modifier":[""],"providers":[{"billed_charge":75.00,"npi":[1699403667,1972916609,1982900015]}]}]},{"tin":{"type":"ein","value":"811147791"},"service_code":["11"],"billing_class":"professional","payments":[{"allowed_amount":43.94,"billing_code_modifier":[""],"providers":[{"billed_charge":275.00,"npi":[1841745148,1942900683]}]}]},{"tin":{"type":"ein","value":"822578242"},"service_code":["11"],"billing_class":"professional","payments":[{"allowed_amount":87.88,"billing_code_modifier":[""],"providers":[{"billed_charge":600.00,"npi":[1629379979,1679508303]}]}]},{"tin":{"type":"ein","value":"824654775"},"service_code":["11"],"billing_class":"professional","payments":[{"allowed_amount":87.88,"billing_code_modifier":[""],"providers":[{"billed_charge":300.00,"npi":[1265103733,1841954807]}]}]},{"tin":{"type":"ein","value":"843656783"},"service_code":["11"],"billing_class":"professional","payments":[{"allowed_amount":87.88,"billing_code_modifier":[""],"providers":[{"billed_charge":300.00,"npi":[1043859713,1831384429,1972267276]}]}]},{"tin":{"type":"ein","value":"881957018"},"service_code":["11"],"billing_class":"professional","payments":[{"allowed_amount":43.94,"billing_code_modifier":[""],"providers":[{"billed_charge":180.00,"npi":[1699542639,1851660120]}]}]},{"tin":{"type":"ein","value":"881957018"},"service_code":["11"],"billing_class":"professional","payments":[{"allowed_amount":87.88,"billing_code_modifier":[""],"providers":[{"billed_charge":360.00,"npi":[1699542639,1851660120]}]}]}]},{"name":"TX SPEECH LANG VOICE COMMJ&\/AUD PROC DO INDIV","billing_code_type":"CPT","billing_code_type_version":"2020","billing_code":"92507","description":"TX SPEECH LANG VOICE COMMJ&\/AUD PROC DO INDIV","allowed_amounts":[{"tin":{"type":"ein","value":"076408936"},"service_code":["11"],"billing_class":"professional","payments":[{"allowed_amount":100.00,"billing_code_modifier":[""],"providers":[{"billed_charge":100.00,"npi":[1396149050]}]}]},{"tin":{"type":"ein","value":"862458686"},"service_code":["11"],"billing_class":"professional","payments":[{"allowed_amount":114.35,"billing_code_modifier":[""],"providers":[{"billed_charge":200.00,"npi":[1215461744]}]}]}]}]}
