{"reporting_entity_name": "IEC Group_DBA AmeriBen",
	"reporting_entity_type": "Third Party Administrator",
	"plan_name": "BORDERLAND CONSTRUCTION",
	"plan_id_type": "ein",
	"plan_id": "860323497",
	"plan_market_type": "group",
	"last_updated_on": "2022-06-28","Version": "1.0.0","out_of_network":[{"name":"CRITICAL CARE ILL\/INJURED PATIENT INIT 30-74 MIN","billing_code_type":"CPT","billing_code_type_version":"2020","billing_code":"99291","description":"CRITICAL CARE ILL\/INJURED PATIENT INIT 30-74 MIN","allowed_amounts":[{"tin":{"type":"ein","value":"860959487"},"service_code":["21"],"billing_class":"professional","payments":[{"allowed_amount":238.04,"billing_code_modifier":[""],"providers":[{"billed_charge":433.00,"npi":[1316902208,1467583708,1700086550,1841224870]}]}]}]},{"name":"DIALYSIS OTHER\/THAN HEMODIALYSIS 1 PHYS\/QHP EVAL","billing_code_type":"CPT","billing_code_type_version":"2020","billing_code":"90945","description":"DIALYSIS OTHER\/THAN HEMODIALYSIS 1 PHYS\/QHP EVAL","allowed_amounts":[{"tin":{"type":"ein","value":"860959487"},"service_code":["21"],"billing_class":"professional","payments":[{"allowed_amount":93.47,"billing_code_modifier":[""],"providers":[{"billed_charge":170.00,"npi":[1316902208,1467583708,1700086550,1841224870]}]}]}]},{"name":"SBSQ HOSPITAL CARE\/DAY 35 MINUTES","billing_code_type":"CPT","billing_code_type_version":"2020","billing_code":"99233","description":"SBSQ HOSPITAL CARE\/DAY 35 MINUTES","allowed_amounts":[{"tin":{"type":"ein","value":"860959487"},"service_code":["21"],"billing_class":"professional","payments":[{"allowed_amount":111.30,"billing_code_modifier":[""],"providers":[{"billed_charge":202.00,"npi":[1316902208,1467583708,1700086550,1841224870,1992892772]}]}]}]}]}
