{"reporting_entity_name": "IEC Group_DBA AmeriBen",
	"reporting_entity_type": "Third Party Administrator",
	"plan_name": "BOB'S DISCOUNT FURNITURE, LLC",
	"plan_id_type": "ein",
	"plan_id": "202149352",
	"plan_market_type": "group",
	"last_updated_on": "2025-02-03","Version": "1.0.0","out_of_network":[{"name":"BASIC METABOLIC PANEL CALCIUM TOTAL","billing_code_type":"CPT","billing_code_type_version":"2020","billing_code":"80048","description":"BASIC METABOLIC PANEL CALCIUM TOTAL","allowed_amounts":[{"tin":{"type":"ein","value":"900110660"},"service_code":["11"],"billing_class":"professional","payments":[{"allowed_amount":5.32,"billing_code_modifier":[""],"providers":[{"billed_charge":232.00,"npi":[1114977071,1528150562]},{"billed_charge":290.00,"npi":[1114977071,1528150562]}]},{"allowed_amount":5.32,"billing_code_modifier":[""],"providers":[{"billed_charge":232.00,"npi":[1114977071,1528150562]},{"billed_charge":290.00,"npi":[1114977071,1528150562]}]}]},{"tin":{"type":"ein","value":"900110660"},"service_code":["11"],"billing_class":"professional","payments":[{"allowed_amount":5.32,"billing_code_modifier":[""],"providers":[{"billed_charge":232.00,"npi":[1114977071,1528150562]},{"billed_charge":290.00,"npi":[1114977071,1528150562]}]},{"allowed_amount":5.32,"billing_code_modifier":[""],"providers":[{"billed_charge":232.00,"npi":[1114977071,1528150562]},{"billed_charge":290.00,"npi":[1114977071,1528150562]}]}]}]},{"name":"BLOOD COUNT COMPLETE AUTO&AUTO DIFRNTL WBC","billing_code_type":"CPT","billing_code_type_version":"2020","billing_code":"85025","description":"BLOOD COUNT COMPLETE AUTO&AUTO DIFRNTL WBC","allowed_amounts":[{"tin":{"type":"ein","value":"900110660"},"service_code":["11"],"billing_class":"professional","payments":[{"allowed_amount":4.89,"billing_code_modifier":[""],"providers":[{"billed_charge":214.00,"npi":[1114977071,1528150562]},{"billed_charge":268.00,"npi":[1114977071,1528150562]}]},{"allowed_amount":4.89,"billing_code_modifier":[""],"providers":[{"billed_charge":214.00,"npi":[1114977071,1528150562]},{"billed_charge":268.00,"npi":[1114977071,1528150562]}]}]},{"tin":{"type":"ein","value":"900110660"},"service_code":["11"],"billing_class":"professional","payments":[{"allowed_amount":4.89,"billing_code_modifier":[""],"providers":[{"billed_charge":214.00,"npi":[1114977071,1528150562]},{"billed_charge":268.00,"npi":[1114977071,1528150562]}]},{"allowed_amount":4.89,"billing_code_modifier":[""],"providers":[{"billed_charge":214.00,"npi":[1114977071,1528150562]},{"billed_charge":268.00,"npi":[1114977071,1528150562]}]}]}]},{"name":"CALC BMI ABV UP PARAM F\/U","billing_code_type":"HCPCS","billing_code_type_version":"HCPCS LEVEL II 2021","billing_code":"G8417","description":"CALC BMI ABV UP PARAM F\/U","allowed_amounts":[{"tin":{"type":"ein","value":"900110660"},"service_code":["11"],"billing_class":"professional","payments":[{"allowed_amount":0.00,"billing_code_modifier":[""],"providers":[{"billed_charge":0.01,"npi":[1114977071,1528150562]}]}]}]},{"name":"CCPD OPD\/HOME: CCPD COMP OR OTHER RATE","billing_code_type":"RC","billing_code_type_version":"UB04","billing_code":"0851","description":"CCPD OPD\/HOME: CCPD COMP OR OTHER RATE","allowed_amounts":[{"tin":{"type":"ein","value":"611713824"},"service_code":["65"],"billing_class":"institutional","payments":[{"allowed_amount":226.89,"billing_code_modifier":[""],"providers":[{"billed_charge":6122.43,"npi":[1053374934,1275970980]}]}]},{"tin":{"type":"ein","value":"611713824"},"service_code":["65"],"billing_class":"institutional","payments":[{"allowed_amount":262.31,"billing_code_modifier":[""],"providers":[{"billed_charge":6122.43,"npi":[1053374934,1275970980]}]}]}]},{"name":"COLLECTION VENOUS BLOOD VENIPUNCTURE","billing_code_type":"CPT","billing_code_type_version":"2020","billing_code":"36415","description":"COLLECTION VENOUS BLOOD VENIPUNCTURE","allowed_amounts":[{"tin":{"type":"ein","value":"050382693"},"service_code":["81"],"billing_class":"professional","payments":[{"allowed_amount":1.02,"billing_code_modifier":[""],"providers":[{"billed_charge":15.00,"npi":[1821527292,1861404121]}]}]},{"tin":{"type":"ein","value":"843016042"},"service_code":["81"],"billing_class":"professional","payments":[{"allowed_amount":0.00,"billing_code_modifier":[""],"providers":[{"billed_charge":57.00,"npi":[1265528111,1598315574]}]}]},{"tin":{"type":"ein","value":"900110660"},"service_code":["11"],"billing_class":"professional","payments":[{"allowed_amount":0.00,"billing_code_modifier":[""],"providers":[{"billed_charge":100.00,"npi":[1114977071,1528150562]},{"billed_charge":125.00,"npi":[1114977071,1528150562]}]},{"allowed_amount":0.00,"billing_code_modifier":[""],"providers":[{"billed_charge":100.00,"npi":[1114977071,1528150562]},{"billed_charge":125.00,"npi":[1114977071,1528150562]}]}]},{"tin":{"type":"ein","value":"900110660"},"service_code":["11"],"billing_class":"professional","payments":[{"allowed_amount":0.00,"billing_code_modifier":[""],"providers":[{"billed_charge":100.00,"npi":[1114977071,1528150562]},{"billed_charge":125.00,"npi":[1114977071,1528150562]}]},{"allowed_amount":0.00,"billing_code_modifier":[""],"providers":[{"billed_charge":100.00,"npi":[1114977071,1528150562]},{"billed_charge":125.00,"npi":[1114977071,1528150562]}]}]},{"tin":{"type":"ein","value":"900110660"},"service_code":["11"],"billing_class":"professional","payments":[{"allowed_amount":1.02,"billing_code_modifier":[""],"providers":[{"billed_charge":100.00,"npi":[1114977071,1528150562]},{"billed_charge":125.00,"npi":[1114977071,1528150562]}]},{"allowed_amount":1.02,"billing_code_modifier":[""],"providers":[{"billed_charge":100.00,"npi":[1114977071,1528150562]},{"billed_charge":125.00,"npi":[1114977071,1528150562]}]}]},{"tin":{"type":"ein","value":"900110660"},"service_code":["11"],"billing_class":"professional","payments":[{"allowed_amount":1.02,"billing_code_modifier":[""],"providers":[{"billed_charge":100.00,"npi":[1114977071,1528150562]},{"billed_charge":125.00,"npi":[1114977071,1528150562]}]},{"allowed_amount":1.02,"billing_code_modifier":[""],"providers":[{"billed_charge":100.00,"npi":[1114977071,1528150562]},{"billed_charge":125.00,"npi":[1114977071,1528150562]}]}]}]},{"name":"COLORECTAL CANCER SCREENING RESULTS DOC&REV","billing_code_type":"CPT","billing_code_type_version":"2020","billing_code":"3017F","description":"COLORECTAL CANCER SCREENING RESULTS DOC&REV","allowed_amounts":[{"tin":{"type":"ein","value":"900110660"},"service_code":["11"],"billing_class":"professional","payments":[{"allowed_amount":0.00,"billing_code_modifier":[""],"providers":[{"billed_charge":0.01,"npi":[1114977071,1528150562]}]}]}]},{"name":"CURRENT TOBACCO NON-USER CAD CAP COPD PV DM","billing_code_type":"CPT","billing_code_type_version":"2020","billing_code":"1036F","description":"CURRENT TOBACCO NON-USER CAD CAP COPD PV DM","allowed_amounts":[{"tin":{"type":"ein","value":"134074478"},"service_code":["50"],"billing_class":"professional","payments":[{"allowed_amount":0.00,"billing_code_modifier":[""],"providers":[{"billed_charge":30.00,"npi":[1437255155,1801823406]}]}]},{"tin":{"type":"ein","value":"900110660"},"service_code":["11"],"billing_class":"professional","payments":[{"allowed_amount":0.00,"billing_code_modifier":[""],"providers":[{"billed_charge":0.01,"npi":[1114977071,1528150562]}]}]}]},{"name":"DRUG TEST DEF 8-14 CLASSES","billing_code_type":"HCPCS","billing_code_type_version":"HCPCS LEVEL II 2021","billing_code":"G0481","description":"DRUG TEST DEF 8-14 CLASSES","allowed_amounts":[{"tin":{"type":"ein","value":"464434157"},"service_code":["81"],"billing_class":"professional","payments":[{"allowed_amount":0.00,"billing_code_modifier":[""],"providers":[{"billed_charge":1828.20,"npi":[1801204482,1922250554]}]}]}]},{"name":"DRUG TST PRSMV INSTRMNT CHEM ANALYZERS PR DATE","billing_code_type":"CPT","billing_code_type_version":"2020","billing_code":"80307","description":"DRUG TST PRSMV INSTRMNT CHEM ANALYZERS PR DATE","allowed_amounts":[{"tin":{"type":"ein","value":"464434157"},"service_code":["81"],"billing_class":"professional","payments":[{"allowed_amount":24.42,"billing_code_modifier":[""],"providers":[{"billed_charge":2356.20,"npi":[1801204482,1922250554]}]}]},{"tin":{"type":"ein","value":"814221217"},"service_code":["81"],"billing_class":"professional","payments":[{"allowed_amount":24.42,"billing_code_modifier":[""],"providers":[{"billed_charge":3998.40,"npi":[1134697196,1932472883]}]}]},{"tin":{"type":"ein","value":"823146637"},"service_code":["81"],"billing_class":"professional","payments":[{"allowed_amount":24.42,"billing_code_modifier":[""],"providers":[{"billed_charge":2277.20,"npi":[1861994600,1922250554]}]}]}]},{"name":"DRUGS REQUIRE SPECIFIC ID: DRUGS REQUIRING DETAIL","billing_code_type":"RC","billing_code_type_version":"UB04","billing_code":"0636","description":"DRUGS REQUIRE SPECIFIC ID: DRUGS REQUIRING DETAIL","allowed_amounts":[{"tin":{"type":"ein","value":"043106961"},"service_code":["65"],"billing_class":"institutional","payments":[{"allowed_amount":22.60,"billing_code_modifier":[""],"providers":[{"billed_charge":618.80,"npi":[1053561167,1780921288]}]}]},{"tin":{"type":"ein","value":"232536597"},"service_code":["65"],"billing_class":"institutional","payments":[{"allowed_amount":21.79,"billing_code_modifier":[""],"providers":[{"billed_charge":561.00,"npi":[1588651889,1952361370]}]}]}]},{"name":"DRUGS UNCLASSIFIED INJECTION","billing_code_type":"HCPCS","billing_code_type_version":"HCPCS LEVEL II 2021","billing_code":"J3490","description":"DRUGS UNCLASSIFIED INJECTION","allowed_amounts":[{"tin":{"type":"ein","value":"900110660"},"service_code":["11"],"billing_class":"professional","payments":[{"allowed_amount":0.39,"billing_code_modifier":[""],"providers":[{"billed_charge":400.00,"npi":[1114977071,1528150562]},{"billed_charge":500.00,"npi":[1114977071,1528150562]}]},{"allowed_amount":0.39,"billing_code_modifier":[""],"providers":[{"billed_charge":400.00,"npi":[1114977071,1528150562]},{"billed_charge":500.00,"npi":[1114977071,1528150562]}]}]},{"tin":{"type":"ein","value":"900110660"},"service_code":["11"],"billing_class":"professional","payments":[{"allowed_amount":0.39,"billing_code_modifier":[""],"providers":[{"billed_charge":400.00,"npi":[1114977071,1528150562]},{"billed_charge":500.00,"npi":[1114977071,1528150562]}]},{"allowed_amount":0.39,"billing_code_modifier":[""],"providers":[{"billed_charge":400.00,"npi":[1114977071,1528150562]},{"billed_charge":500.00,"npi":[1114977071,1528150562]}]}]}]},{"name":"ELIG CLIN DOC M UPDTD REC PT  MEDS","billing_code_type":"HCPCS","billing_code_type_version":"HCPCS LEVEL II 2021","billing_code":"G8427","description":"ELIG CLIN DOC M UPDTD REC PT  MEDS","allowed_amounts":[{"tin":{"type":"ein","value":"900110660"},"service_code":["11"],"billing_class":"professional","payments":[{"allowed_amount":0.00,"billing_code_modifier":[""],"providers":[{"billed_charge":0.01,"npi":[1114977071,1528150562]}]}]}]},{"name":"HEMO OPD\/HOME: HEMODIALYSIS COMP OR OTHER RATE","billing_code_type":"RC","billing_code_type_version":"UB04","billing_code":"0821","description":"HEMO OPD\/HOME: HEMODIALYSIS COMP OR OTHER RATE","allowed_amounts":[{"tin":{"type":"ein","value":"043106961"},"service_code":["65"],"billing_class":"institutional","payments":[{"allowed_amount":322.49,"billing_code_modifier":[""],"providers":[{"billed_charge":8832.00,"npi":[1053561167,1780921288]}]}]}]},{"name":"HEPATIC FUNCTION PANEL","billing_code_type":"CPT","billing_code_type_version":"2020","billing_code":"80076","description":"HEPATIC FUNCTION PANEL","allowed_amounts":[{"tin":{"type":"ein","value":"900110660"},"service_code":["11"],"billing_class":"professional","payments":[{"allowed_amount":3.43,"billing_code_modifier":[""],"providers":[{"billed_charge":224.00,"npi":[1114977071,1528150562]},{"billed_charge":280.00,"npi":[1114977071,1528150562]}]},{"allowed_amount":3.43,"billing_code_modifier":[""],"providers":[{"billed_charge":224.00,"npi":[1114977071,1528150562]},{"billed_charge":280.00,"npi":[1114977071,1528150562]}]}]},{"tin":{"type":"ein","value":"900110660"},"service_code":["11"],"billing_class":"professional","payments":[{"allowed_amount":3.43,"billing_code_modifier":[""],"providers":[{"billed_charge":224.00,"npi":[1114977071,1528150562]},{"billed_charge":280.00,"npi":[1114977071,1528150562]}]},{"allowed_amount":3.43,"billing_code_modifier":[""],"providers":[{"billed_charge":224.00,"npi":[1114977071,1528150562]},{"billed_charge":280.00,"npi":[1114977071,1528150562]}]}]}]},{"name":"INFUS NORMAL SALINE SOL STERILE","billing_code_type":"HCPCS","billing_code_type_version":"HCPCS LEVEL II 2021","billing_code":"J7040","description":"INFUS NORMAL SALINE SOL STERILE","allowed_amounts":[{"tin":{"type":"ein","value":"900110660"},"service_code":["11"],"billing_class":"professional","payments":[{"allowed_amount":1.30,"billing_code_modifier":[""],"providers":[{"billed_charge":85.00,"npi":[1114977071,1528150562]}]}]}]},{"name":"INJECTION ONDANSETRON HCL PER 1 MG","billing_code_type":"HCPCS","billing_code_type_version":"HCPCS LEVEL II 2021","billing_code":"J2405","description":"INJECTION ONDANSETRON HCL PER 1 MG","allowed_amounts":[{"tin":{"type":"ein","value":"900110660"},"service_code":["11"],"billing_class":"professional","payments":[{"allowed_amount":0.60,"billing_code_modifier":[""],"providers":[{"billed_charge":678.00,"npi":[1114977071,1528150562]}]}]}]},{"name":"IV INFUSION HYDRATION EACH ADDITIONAL HOUR","billing_code_type":"CPT","billing_code_type_version":"2020","billing_code":"96361","description":"IV INFUSION HYDRATION EACH ADDITIONAL HOUR","allowed_amounts":[{"tin":{"type":"ein","value":"900110660"},"service_code":["11"],"billing_class":"professional","payments":[{"allowed_amount":30.10,"billing_code_modifier":[""],"providers":[{"billed_charge":700.00,"npi":[1114977071,1528150562]},{"billed_charge":876.00,"npi":[1114977071,1528150562]}]},{"allowed_amount":30.10,"billing_code_modifier":[""],"providers":[{"billed_charge":700.00,"npi":[1114977071,1528150562]},{"billed_charge":876.00,"npi":[1114977071,1528150562]}]}]},{"tin":{"type":"ein","value":"900110660"},"service_code":["11"],"billing_class":"professional","payments":[{"allowed_amount":30.10,"billing_code_modifier":[""],"providers":[{"billed_charge":700.00,"npi":[1114977071,1528150562]},{"billed_charge":876.00,"npi":[1114977071,1528150562]}]},{"allowed_amount":30.10,"billing_code_modifier":[""],"providers":[{"billed_charge":700.00,"npi":[1114977071,1528150562]},{"billed_charge":876.00,"npi":[1114977071,1528150562]}]}]}]},{"name":"IV INFUSION THER PROPH ADDL SEQUENTIAL TO 1 HR","billing_code_type":"CPT","billing_code_type_version":"2020","billing_code":"96367","description":"IV INFUSION THER PROPH ADDL SEQUENTIAL TO 1 HR","allowed_amounts":[{"tin":{"type":"ein","value":"900110660"},"service_code":["11"],"billing_class":"professional","payments":[{"allowed_amount":32.08,"billing_code_modifier":[""],"providers":[{"billed_charge":730.00,"npi":[1114977071,1528150562]},{"billed_charge":913.00,"npi":[1114977071,1528150562]}]},{"allowed_amount":32.08,"billing_code_modifier":[""],"providers":[{"billed_charge":730.00,"npi":[1114977071,1528150562]},{"billed_charge":913.00,"npi":[1114977071,1528150562]}]}]},{"tin":{"type":"ein","value":"900110660"},"service_code":["11"],"billing_class":"professional","payments":[{"allowed_amount":32.08,"billing_code_modifier":[""],"providers":[{"billed_charge":730.00,"npi":[1114977071,1528150562]},{"billed_charge":913.00,"npi":[1114977071,1528150562]}]},{"allowed_amount":32.08,"billing_code_modifier":[""],"providers":[{"billed_charge":730.00,"npi":[1114977071,1528150562]},{"billed_charge":913.00,"npi":[1114977071,1528150562]}]}]}]},{"name":"IV INFUSION THERAPY\/PROPHYLAXIS \/DX 1ST TO 1 HR","billing_code_type":"CPT","billing_code_type_version":"2020","billing_code":"96365","description":"IV INFUSION THERAPY\/PROPHYLAXIS \/DX 1ST TO 1 HR","allowed_amounts":[{"tin":{"type":"ein","value":"900110660"},"service_code":["11"],"billing_class":"professional","payments":[{"allowed_amount":66.28,"billing_code_modifier":[""],"providers":[{"billed_charge":1716.00,"npi":[1114977071,1528150562]},{"billed_charge":2145.00,"npi":[1114977071,1528150562]}]},{"allowed_amount":66.28,"billing_code_modifier":[""],"providers":[{"billed_charge":1716.00,"npi":[1114977071,1528150562]},{"billed_charge":2145.00,"npi":[1114977071,1528150562]}]}]},{"tin":{"type":"ein","value":"900110660"},"service_code":["11"],"billing_class":"professional","payments":[{"allowed_amount":66.28,"billing_code_modifier":[""],"providers":[{"billed_charge":1716.00,"npi":[1114977071,1528150562]},{"billed_charge":2145.00,"npi":[1114977071,1528150562]}]},{"allowed_amount":66.28,"billing_code_modifier":[""],"providers":[{"billed_charge":1716.00,"npi":[1114977071,1528150562]},{"billed_charge":2145.00,"npi":[1114977071,1528150562]}]}]}]},{"name":"MEDICAL\/SURGICAL SUPPLIES","billing_code_type":"RC","billing_code_type_version":"UB04","billing_code":"0270","description":"MEDICAL\/SURGICAL SUPPLIES","allowed_amounts":[{"tin":{"type":"ein","value":"043106961"},"service_code":["65"],"billing_class":"institutional","payments":[{"allowed_amount":5.44,"billing_code_modifier":[""],"providers":[{"billed_charge":149.10,"npi":[1053561167,1780921288]}]}]},{"tin":{"type":"ein","value":"232536597"},"service_code":["65"],"billing_class":"institutional","payments":[{"allowed_amount":5.28,"billing_code_modifier":[""],"providers":[{"billed_charge":136.05,"npi":[1588651889,1952361370]}]}]}]},{"name":"OFFICE\/OUTPATIENT ESTABLISHED HIGH MDM 40 MIN","billing_code_type":"CPT","billing_code_type_version":"2020","billing_code":"99215","description":"OFFICE\/OUTPATIENT ESTABLISHED HIGH MDM 40 MIN","allowed_amounts":[{"tin":{"type":"ein","value":"900110660"},"service_code":["11"],"billing_class":"professional","payments":[{"allowed_amount":104.56,"billing_code_modifier":[""],"providers":[{"billed_charge":1998.00,"npi":[1114977071,1528150562]},{"billed_charge":2498.00,"npi":[1114977071,1528150562]}]},{"allowed_amount":104.56,"billing_code_modifier":[""],"providers":[{"billed_charge":1998.00,"npi":[1114977071,1528150562]},{"billed_charge":2498.00,"npi":[1114977071,1528150562]}]}]},{"tin":{"type":"ein","value":"900110660"},"service_code":["11"],"billing_class":"professional","payments":[{"allowed_amount":104.56,"billing_code_modifier":[""],"providers":[{"billed_charge":1998.00,"npi":[1114977071,1528150562]},{"billed_charge":2498.00,"npi":[1114977071,1528150562]}]},{"allowed_amount":104.56,"billing_code_modifier":[""],"providers":[{"billed_charge":1998.00,"npi":[1114977071,1528150562]},{"billed_charge":2498.00,"npi":[1114977071,1528150562]}]}]}]},{"name":"PHARMACY","billing_code_type":"RC","billing_code_type_version":"UB04","billing_code":"0250","description":"PHARMACY","allowed_amounts":[{"tin":{"type":"ein","value":"043106961"},"service_code":["65"],"billing_class":"institutional","payments":[{"allowed_amount":10.87,"billing_code_modifier":[""],"providers":[{"billed_charge":297.90,"npi":[1053561167,1780921288]}]}]},{"tin":{"type":"ein","value":"232536597"},"service_code":["65"],"billing_class":"institutional","payments":[{"allowed_amount":0.03,"billing_code_modifier":[""],"providers":[{"billed_charge":0.68,"npi":[1588651889,1952361370]}]}]},{"tin":{"type":"ein","value":"232536597"},"service_code":["65"],"billing_class":"institutional","payments":[{"allowed_amount":0.15,"billing_code_modifier":[""],"providers":[{"billed_charge":3.76,"npi":[1588651889,1952361370]}]}]}]},{"name":"PT SCRN TBCO ID AS NON USER","billing_code_type":"HCPCS","billing_code_type_version":"HCPCS LEVEL II 2021","billing_code":"G9903","description":"PT SCRN TBCO ID AS NON USER","allowed_amounts":[{"tin":{"type":"ein","value":"900110660"},"service_code":["11"],"billing_class":"professional","payments":[{"allowed_amount":0.00,"billing_code_modifier":[""],"providers":[{"billed_charge":0.01,"npi":[1114977071,1528150562]}]}]}]},{"name":"SBSQ NURSING FACILITY CARE LOW MDM 20 MINUTES","billing_code_type":"CPT","billing_code_type_version":"2020","billing_code":"99308","description":"SBSQ NURSING FACILITY CARE LOW MDM 20 MINUTES","allowed_amounts":[{"tin":{"type":"ein","value":"223804004"},"service_code":["31"],"billing_class":"professional","payments":[{"allowed_amount":124.00,"billing_code_modifier":[""],"providers":[{"billed_charge":124.00,"npi":[1114972064,1518595537]}]}]}]},{"name":"SCR DEP NEG, NO PLAN REQD","billing_code_type":"HCPCS","billing_code_type_version":"HCPCS LEVEL II 2021","billing_code":"G8510","description":"SCR DEP NEG, NO PLAN REQD","allowed_amounts":[{"tin":{"type":"ein","value":"900110660"},"service_code":["11"],"billing_class":"professional","payments":[{"allowed_amount":0.00,"billing_code_modifier":[""],"providers":[{"billed_charge":0.01,"npi":[1114977071,1528150562]}]}]}]},{"name":"SCRN MAM PERF RSLTS DOC","billing_code_type":"HCPCS","billing_code_type_version":"HCPCS LEVEL II 2021","billing_code":"G9899","description":"SCRN MAM PERF RSLTS DOC","allowed_amounts":[{"tin":{"type":"ein","value":"900110660"},"service_code":["11"],"billing_class":"professional","payments":[{"allowed_amount":0.00,"billing_code_modifier":[""],"providers":[{"billed_charge":0.01,"npi":[1114977071,1528150562]}]}]}]}]}
