{"reporting_entity_name": "IEC Group_DBA AmeriBen",
	"reporting_entity_type": "Third Party Administrator",
	"plan_name": "CTI FOODS HOLDING CO., LLC",
	"plan_id_type": "ein",
	"plan_id": "141888320",
	"plan_market_type": "group",
	"last_updated_on": "2023-04-03","Version": "1.0.0","out_of_network":[{"name":"IA DET NA;SEV AC RES SYND SARS-COV-2 COVID-19","billing_code_type":"HCPCS","billing_code_type_version":"HCPCS LEVEL II 2021","billing_code":"U0005","description":"IA DET NA;SEV AC RES SYND SARS-COV-2 COVID-19","allowed_amounts":[{"tin":{"type":"ein","value":"473727159"},"service_code":["81"],"billing_class":"professional","payments":[{"allowed_amount":25.00,"billing_code_modifier":[""],"providers":[{"billed_charge":25.00,"npi":[1912521568]}]}]},{"tin":{"type":"ein","value":"475502891"},"service_code":["81"],"billing_class":"professional","payments":[{"allowed_amount":25.00,"billing_code_modifier":[""],"providers":[{"billed_charge":65.00,"npi":[1902840283]}]}]},{"tin":{"type":"ein","value":"850602662"},"service_code":["81"],"billing_class":"professional","payments":[{"allowed_amount":25.00,"billing_code_modifier":[""],"providers":[{"billed_charge":25.00,"npi":[1881215622]},{"billed_charge":50.00,"npi":[1881215622]}]},{"allowed_amount":25.00,"billing_code_modifier":[""],"providers":[{"billed_charge":25.00,"npi":[1881215622]},{"billed_charge":50.00,"npi":[1881215622]}]}]},{"tin":{"type":"ein","value":"850602662"},"service_code":["81"],"billing_class":"professional","payments":[{"allowed_amount":25.00,"billing_code_modifier":[""],"providers":[{"billed_charge":25.00,"npi":[1881215622]},{"billed_charge":50.00,"npi":[1881215622]}]},{"allowed_amount":25.00,"billing_code_modifier":[""],"providers":[{"billed_charge":25.00,"npi":[1881215622]},{"billed_charge":50.00,"npi":[1881215622]}]}]},{"tin":{"type":"ein","value":"880241758"},"service_code":["81"],"billing_class":"professional","payments":[{"allowed_amount":25.00,"billing_code_modifier":[""],"providers":[{"billed_charge":25.00,"npi":[1124417357]}]}]}]},{"name":"INF AGT DET DNA\/RNA;SARS-COV-2 COVID-19 AMP P T","billing_code_type":"HCPCS","billing_code_type_version":"HCPCS LEVEL II 2021","billing_code":"U0003","description":"INF AGT DET DNA\/RNA;SARS-COV-2 COVID-19 AMP P T","allowed_amounts":[{"tin":{"type":"ein","value":"452989041"},"service_code":["81"],"billing_class":"professional","payments":[{"allowed_amount":75.00,"billing_code_modifier":[""],"providers":[{"billed_charge":105.99,"npi":[1841715471]}]}]},{"tin":{"type":"ein","value":"850602662"},"service_code":["81"],"billing_class":"professional","payments":[{"allowed_amount":75.00,"billing_code_modifier":[""],"providers":[{"billed_charge":75.00,"npi":[1881215622]},{"billed_charge":150.00,"npi":[1881215622]}]},{"allowed_amount":75.00,"billing_code_modifier":[""],"providers":[{"billed_charge":75.00,"npi":[1881215622]},{"billed_charge":150.00,"npi":[1881215622]}]}]},{"tin":{"type":"ein","value":"850602662"},"service_code":["81"],"billing_class":"professional","payments":[{"allowed_amount":75.00,"billing_code_modifier":[""],"providers":[{"billed_charge":75.00,"npi":[1881215622]},{"billed_charge":150.00,"npi":[1881215622]}]},{"allowed_amount":75.00,"billing_code_modifier":[""],"providers":[{"billed_charge":75.00,"npi":[1881215622]},{"billed_charge":150.00,"npi":[1881215622]}]}]},{"tin":{"type":"ein","value":"880241758"},"service_code":["81"],"billing_class":"professional","payments":[{"allowed_amount":75.00,"billing_code_modifier":[""],"providers":[{"billed_charge":100.00,"npi":[1124417357]}]}]}]},{"name":"SPEC CLCT FOR SARS-COV-2 COVID-19 ANY SPEC SRC","billing_code_type":"HCPCS","billing_code_type_version":"HCPCS LEVEL II 2021","billing_code":"G2023","description":"SPEC CLCT FOR SARS-COV-2 COVID-19 ANY SPEC SRC","allowed_amounts":[{"tin":{"type":"ein","value":"452989041"},"service_code":["81"],"billing_class":"professional","payments":[{"allowed_amount":23.46,"billing_code_modifier":[""],"providers":[{"billed_charge":23.46,"npi":[1841715471]}]}]},{"tin":{"type":"ein","value":"475502891"},"service_code":["81"],"billing_class":"professional","payments":[{"allowed_amount":23.46,"billing_code_modifier":[""],"providers":[{"billed_charge":50.00,"npi":[1902840283]}]}]},{"tin":{"type":"ein","value":"850602662"},"service_code":["81"],"billing_class":"professional","payments":[{"allowed_amount":23.46,"billing_code_modifier":[""],"providers":[{"billed_charge":23.46,"npi":[1881215622]},{"billed_charge":25.00,"npi":[1881215622]},{"billed_charge":50.00,"npi":[1881215622]}]},{"allowed_amount":23.46,"billing_code_modifier":[""],"providers":[{"billed_charge":23.46,"npi":[1881215622]},{"billed_charge":25.00,"npi":[1881215622]},{"billed_charge":50.00,"npi":[1881215622]}]},{"allowed_amount":23.46,"billing_code_modifier":[""],"providers":[{"billed_charge":23.46,"npi":[1881215622]},{"billed_charge":25.00,"npi":[1881215622]},{"billed_charge":50.00,"npi":[1881215622]}]}]},{"tin":{"type":"ein","value":"850602662"},"service_code":["81"],"billing_class":"professional","payments":[{"allowed_amount":23.46,"billing_code_modifier":[""],"providers":[{"billed_charge":23.46,"npi":[1881215622]},{"billed_charge":25.00,"npi":[1881215622]},{"billed_charge":50.00,"npi":[1881215622]}]},{"allowed_amount":23.46,"billing_code_modifier":[""],"providers":[{"billed_charge":23.46,"npi":[1881215622]},{"billed_charge":25.00,"npi":[1881215622]},{"billed_charge":50.00,"npi":[1881215622]}]},{"allowed_amount":23.46,"billing_code_modifier":[""],"providers":[{"billed_charge":23.46,"npi":[1881215622]},{"billed_charge":25.00,"npi":[1881215622]},{"billed_charge":50.00,"npi":[1881215622]}]}]},{"tin":{"type":"ein","value":"850602662"},"service_code":["81"],"billing_class":"professional","payments":[{"allowed_amount":23.46,"billing_code_modifier":[""],"providers":[{"billed_charge":23.46,"npi":[1881215622]},{"billed_charge":25.00,"npi":[1881215622]},{"billed_charge":50.00,"npi":[1881215622]}]},{"allowed_amount":23.46,"billing_code_modifier":[""],"providers":[{"billed_charge":23.46,"npi":[1881215622]},{"billed_charge":25.00,"npi":[1881215622]},{"billed_charge":50.00,"npi":[1881215622]}]},{"allowed_amount":23.46,"billing_code_modifier":[""],"providers":[{"billed_charge":23.46,"npi":[1881215622]},{"billed_charge":25.00,"npi":[1881215622]},{"billed_charge":50.00,"npi":[1881215622]}]}]}]}]}
