{"reporting_entity_name": "IEC Group_DBA AmeriBen",
	"reporting_entity_type": "Third Party Administrator",
	"plan_name": "NEW BELGIUM BREWING",
	"plan_id_type": "ein",
	"plan_id": "841225570",
	"plan_market_type": "group",
	"last_updated_on": "2025-03-03","Version": "1.0.0","out_of_network":[{"name":"ASSAY OF ALCOHOL (ETHANOL) BREATH","billing_code_type":"CPT","billing_code_type_version":"2020","billing_code":"82075","description":"ASSAY OF ALCOHOL (ETHANOL) BREATH","allowed_amounts":[{"tin":{"type":"ein","value":"841512383"},"service_code":["55"],"billing_class":"professional","payments":[{"allowed_amount":10.20,"billing_code_modifier":[""],"providers":[{"billed_charge":90.00,"npi":[1215370754,1407888191,1558755850,1700567096,1760421051,1821552738,1992486278]}]}]}]},{"name":"OFFICE\/OUTPATIENT ESTABLISHED MOD MDM 30 MIN","billing_code_type":"CPT","billing_code_type_version":"2020","billing_code":"99214","description":"OFFICE\/OUTPATIENT ESTABLISHED MOD MDM 30 MIN","allowed_amounts":[{"tin":{"type":"ein","value":"452668894"},"service_code":["10"],"billing_class":"professional","payments":[{"allowed_amount":109.95,"billing_code_modifier":[""],"providers":[{"billed_charge":235.00,"npi":[1518613934,1538754064,1588038681,1740318823,1881172377]}]}]},{"tin":{"type":"ein","value":"471811550"},"service_code":["20"],"billing_class":"professional","payments":[{"allowed_amount":109.95,"billing_code_modifier":[""],"providers":[{"billed_charge":380.00,"npi":[1306238647,1902238256]}]}]},{"tin":{"type":"ein","value":"861747274"},"service_code":["02"],"billing_class":"professional","payments":[{"allowed_amount":109.95,"billing_code_modifier":[""],"providers":[{"billed_charge":245.44,"npi":[1164014874,1821227398,1821798877,1881093607]}]}]}]},{"name":"PRSC RX ORAL NONCHEMOTHAPEUTIC NOS","billing_code_type":"HCPCS","billing_code_type_version":"HCPCS LEVEL II 2021","billing_code":"J8499","description":"PRSC RX ORAL NONCHEMOTHAPEUTIC NOS","allowed_amounts":[{"tin":{"type":"ein","value":"841512383"},"service_code":["55"],"billing_class":"professional","payments":[{"allowed_amount":0.00,"billing_code_modifier":[""],"providers":[{"billed_charge":3.00,"npi":[1407888191,1487265278,1760421051,1821552738,1992486278]}]}]}]},{"name":"UNCLASSIFIED DRUGS","billing_code_type":"HCPCS","billing_code_type_version":"HCPCS LEVEL II 2021","billing_code":"J3490","description":"UNCLASSIFIED DRUGS","allowed_amounts":[{"tin":{"type":"ein","value":"841512383"},"service_code":["55"],"billing_class":"professional","payments":[{"allowed_amount":0.00,"billing_code_modifier":[""],"providers":[{"billed_charge":3.00,"npi":[1215370754,1407888191,1487265278,1558755850,1700567096,1760421051,1821552738,1992486278]}]}]}]}]}
