{"reporting_entity_name": "IEC Group_DBA AmeriBen",
	"reporting_entity_type": "Third Party Administrator",
	"plan_name": "LOGAN ALUMINUM INC",
	"plan_id_type": "ein",
	"plan_id": "611064243",
	"plan_market_type": "group",
	"last_updated_on": "2025-02-01","Version": "1.0.0","out_of_network":[{"name":"EMERGENCY DEPARTMENT VISIT MODERATE MDM","billing_code_type":"CPT","billing_code_type_version":"2020","billing_code":"99284","description":"EMERGENCY DEPARTMENT VISIT MODERATE MDM","allowed_amounts":[{"tin":{"type":"ein","value":"272535628"},"service_code":["23"],"billing_class":"professional","payments":[{"allowed_amount":124.04,"billing_code_modifier":[""],"providers":[{"billed_charge":326.00,"npi":[1043293608,1437259108,1457644122,1811980246]}]}]},{"tin":{"type":"ein","value":"922098941"},"service_code":["23"],"billing_class":"professional","payments":[{"allowed_amount":124.04,"billing_code_modifier":[""],"providers":[{"billed_charge":678.00,"npi":[1033816194,1174044598,1578541884,1710577440,1871547703,1871724427,1952833311]}]}]}]},{"name":"LEVEL IV SURG PATHOLOGY GROSS&MICROSCOPIC EXAM","billing_code_type":"CPT","billing_code_type_version":"2020","billing_code":"88305","description":"LEVEL IV SURG PATHOLOGY GROSS&MICROSCOPIC EXAM","allowed_amounts":[{"tin":{"type":"ein","value":"621436754"},"service_code":["11"],"billing_class":"professional","payments":[{"allowed_amount":48.64,"billing_code_modifier":[""],"providers":[{"billed_charge":172.58,"npi":[1073585774,1306822234,1427044148,1629025648,1851507073,1902972441]}]}]}]},{"name":"PHARMACY","billing_code_type":"RC","billing_code_type_version":"UB04","billing_code":"0250","description":"PHARMACY","allowed_amounts":[{"tin":{"type":"ein","value":"953372911"},"service_code":["65"],"billing_class":"institutional","payments":[{"allowed_amount":0.03,"billing_code_modifier":[""],"providers":[{"billed_charge":0.68,"npi":[1538654876,1962195479]}]}]},{"tin":{"type":"ein","value":"953372911"},"service_code":["65"],"billing_class":"institutional","payments":[{"allowed_amount":0.11,"billing_code_modifier":[""],"providers":[{"billed_charge":2.82,"npi":[1538654876,1962195479]}]}]},{"tin":{"type":"ein","value":"953372911"},"service_code":["65"],"billing_class":"institutional","payments":[{"allowed_amount":0.13,"billing_code_modifier":[""],"providers":[{"billed_charge":2.82,"npi":[1538654876,1962195479]}]}]}]}]}
