{"reporting_entity_name": "IEC Group_DBA AmeriBen",
	"reporting_entity_type": "Third Party Administrator",
	"plan_name": "IPR",
	"plan_id_type": "ein",
	"plan_id": "522287138",
	"plan_market_type": "group",
	"last_updated_on": "2023-11-01","Version": "1.0.0","out_of_network":[{"name":"COLLECTION VENOUS BLOOD VENIPUNCTURE","billing_code_type":"CPT","billing_code_type_version":"2020","billing_code":"36415","description":"COLLECTION VENOUS BLOOD VENIPUNCTURE","allowed_amounts":[{"tin":{"type":"ein","value":"382084239"},"service_code":["81"],"billing_class":"professional","payments":[{"allowed_amount":1.02,"billing_code_modifier":[""],"providers":[{"billed_charge":21.37,"npi":[1073259552,1083745863,1104201417,1114945250,1134208473,1225091341,1306450390,1356313951,1366029381,1376703975,1386650828,1427261130,1487212551,1578690467,1609801018,1639240765,1699094300,1710346895,1801877469,1841288503,1932166386,1942649785]}]}]}]},{"name":"PSYCHIATRIC\/PSYCHOLOGICAL TRT: INTENSIVE OUTPATIEN","billing_code_type":"RC","billing_code_type_version":"UB04","billing_code":"0905","description":"PSYCHIATRIC\/PSYCHOLOGICAL TRT: INTENSIVE OUTPATIEN","allowed_amounts":[{"tin":{"type":"ein","value":"472856110"},"service_code":["24"],"billing_class":"institutional","payments":[{"allowed_amount":138.80,"billing_code_modifier":[""],"providers":[{"billed_charge":800.00,"npi":[1184814436,1609266642]}]}]}]}]}
