{"reporting_entity_name": "IEC Group_DBA AmeriBen",
	"reporting_entity_type": "Third Party Administrator",
	"plan_name": "WESTMORELAND MINING, LLC",
	"plan_id_type": "ein",
	"plan_id": "833555130",
	"plan_market_type": "group",
	"last_updated_on": "2025-12-01","Version": "1.0.0","out_of_network":[{"name":"PSYCHOTHERAPY W\/PATIENT 45 MINUTES","billing_code_type":"CPT","billing_code_type_version":"2020","billing_code":"90834","description":"PSYCHOTHERAPY W\/PATIENT 45 MINUTES","allowed_amounts":[{"tin":{"type":"ein","value":"852976403"},"service_code":["02","11"],"billing_class":"professional","payments":[{"allowed_amount":120.18,"billing_code_modifier":[""],"providers":[{"billed_charge":140.00,"npi":[1790266799]}]}]}]}]}
