{"reporting_entity_name": "IEC Group_DBA AmeriBen",
	"reporting_entity_type": "Third Party Administrator",
	"plan_name": "CIMAREX MEDICAL PLAN",
	"plan_id_type": "ein",
	"plan_id": "450466694",
	"plan_market_type": "group",
	"last_updated_on": "2022-11-01","Version": "1.0.0","out_of_network":[{"name":"LABORATORY - CLINICAL DIAGNOSTIC","billing_code_type":"RC","billing_code_type_version":"UB04","billing_code":"0300","description":"LABORATORY - CLINICAL DIAGNOSTIC","allowed_amounts":[{"tin":{"type":"ein","value":"472078805"},"service_code":["23"],"billing_class":"institutional","payments":[{"allowed_amount":0.00,"billing_code_modifier":[""],"providers":[{"billed_charge":52.72,"npi":[1245690940]},{"billed_charge":251.71,"npi":[1245690940]},{"billed_charge":400.46,"npi":[1245690940]},{"billed_charge":1066.37,"npi":[1245690940]}]},{"allowed_amount":0.00,"billing_code_modifier":[""],"providers":[{"billed_charge":52.72,"npi":[1245690940]},{"billed_charge":251.71,"npi":[1245690940]},{"billed_charge":400.46,"npi":[1245690940]},{"billed_charge":1066.37,"npi":[1245690940]}]},{"allowed_amount":0.00,"billing_code_modifier":[""],"providers":[{"billed_charge":52.72,"npi":[1245690940]},{"billed_charge":251.71,"npi":[1245690940]},{"billed_charge":400.46,"npi":[1245690940]},{"billed_charge":1066.37,"npi":[1245690940]}]},{"allowed_amount":0.00,"billing_code_modifier":[""],"providers":[{"billed_charge":52.72,"npi":[1245690940]},{"billed_charge":251.71,"npi":[1245690940]},{"billed_charge":400.46,"npi":[1245690940]},{"billed_charge":1066.37,"npi":[1245690940]}]}]},{"tin":{"type":"ein","value":"472078805"},"service_code":["23"],"billing_class":"institutional","payments":[{"allowed_amount":0.00,"billing_code_modifier":[""],"providers":[{"billed_charge":52.72,"npi":[1245690940]},{"billed_charge":251.71,"npi":[1245690940]},{"billed_charge":400.46,"npi":[1245690940]},{"billed_charge":1066.37,"npi":[1245690940]}]},{"allowed_amount":0.00,"billing_code_modifier":[""],"providers":[{"billed_charge":52.72,"npi":[1245690940]},{"billed_charge":251.71,"npi":[1245690940]},{"billed_charge":400.46,"npi":[1245690940]},{"billed_charge":1066.37,"npi":[1245690940]}]},{"allowed_amount":0.00,"billing_code_modifier":[""],"providers":[{"billed_charge":52.72,"npi":[1245690940]},{"billed_charge":251.71,"npi":[1245690940]},{"billed_charge":400.46,"npi":[1245690940]},{"billed_charge":1066.37,"npi":[1245690940]}]},{"allowed_amount":0.00,"billing_code_modifier":[""],"providers":[{"billed_charge":52.72,"npi":[1245690940]},{"billed_charge":251.71,"npi":[1245690940]},{"billed_charge":400.46,"npi":[1245690940]},{"billed_charge":1066.37,"npi":[1245690940]}]}]},{"tin":{"type":"ein","value":"472078805"},"service_code":["23"],"billing_class":"institutional","payments":[{"allowed_amount":0.00,"billing_code_modifier":[""],"providers":[{"billed_charge":52.72,"npi":[1245690940]},{"billed_charge":251.71,"npi":[1245690940]},{"billed_charge":400.46,"npi":[1245690940]},{"billed_charge":1066.37,"npi":[1245690940]}]},{"allowed_amount":0.00,"billing_code_modifier":[""],"providers":[{"billed_charge":52.72,"npi":[1245690940]},{"billed_charge":251.71,"npi":[1245690940]},{"billed_charge":400.46,"npi":[1245690940]},{"billed_charge":1066.37,"npi":[1245690940]}]},{"allowed_amount":0.00,"billing_code_modifier":[""],"providers":[{"billed_charge":52.72,"npi":[1245690940]},{"billed_charge":251.71,"npi":[1245690940]},{"billed_charge":400.46,"npi":[1245690940]},{"billed_charge":1066.37,"npi":[1245690940]}]},{"allowed_amount":0.00,"billing_code_modifier":[""],"providers":[{"billed_charge":52.72,"npi":[1245690940]},{"billed_charge":251.71,"npi":[1245690940]},{"billed_charge":400.46,"npi":[1245690940]},{"billed_charge":1066.37,"npi":[1245690940]}]}]},{"tin":{"type":"ein","value":"472078805"},"service_code":["23"],"billing_class":"institutional","payments":[{"allowed_amount":0.00,"billing_code_modifier":[""],"providers":[{"billed_charge":52.72,"npi":[1245690940]},{"billed_charge":251.71,"npi":[1245690940]},{"billed_charge":400.46,"npi":[1245690940]},{"billed_charge":1066.37,"npi":[1245690940]}]},{"allowed_amount":0.00,"billing_code_modifier":[""],"providers":[{"billed_charge":52.72,"npi":[1245690940]},{"billed_charge":251.71,"npi":[1245690940]},{"billed_charge":400.46,"npi":[1245690940]},{"billed_charge":1066.37,"npi":[1245690940]}]},{"allowed_amount":0.00,"billing_code_modifier":[""],"providers":[{"billed_charge":52.72,"npi":[1245690940]},{"billed_charge":251.71,"npi":[1245690940]},{"billed_charge":400.46,"npi":[1245690940]},{"billed_charge":1066.37,"npi":[1245690940]}]},{"allowed_amount":0.00,"billing_code_modifier":[""],"providers":[{"billed_charge":52.72,"npi":[1245690940]},{"billed_charge":251.71,"npi":[1245690940]},{"billed_charge":400.46,"npi":[1245690940]},{"billed_charge":1066.37,"npi":[1245690940]}]}]},{"tin":{"type":"ein","value":"812004389"},"service_code":["23"],"billing_class":"institutional","payments":[{"allowed_amount":0.00,"billing_code_modifier":[""],"providers":[{"billed_charge":35.00,"npi":[1457701591]},{"billed_charge":44.00,"npi":[1457701591]},{"billed_charge":46.00,"npi":[1457701591]},{"billed_charge":50.00,"npi":[1457701591]},{"billed_charge":52.00,"npi":[1457701591]},{"billed_charge":58.00,"npi":[1457701591]},{"billed_charge":62.00,"npi":[1457701591]},{"billed_charge":64.00,"npi":[1457701591]},{"billed_charge":69.00,"npi":[1457701591]},{"billed_charge":156.00,"npi":[1457701591]}]},{"allowed_amount":0.00,"billing_code_modifier":[""],"providers":[{"billed_charge":35.00,"npi":[1457701591]},{"billed_charge":44.00,"npi":[1457701591]},{"billed_charge":46.00,"npi":[1457701591]},{"billed_charge":50.00,"npi":[1457701591]},{"billed_charge":52.00,"npi":[1457701591]},{"billed_charge":58.00,"npi":[1457701591]},{"billed_charge":62.00,"npi":[1457701591]},{"billed_charge":64.00,"npi":[1457701591]},{"billed_charge":69.00,"npi":[1457701591]},{"billed_charge":156.00,"npi":[1457701591]}]},{"allowed_amount":0.00,"billing_code_modifier":[""],"providers":[{"billed_charge":35.00,"npi":[1457701591]},{"billed_charge":44.00,"npi":[1457701591]},{"billed_charge":46.00,"npi":[1457701591]},{"billed_charge":50.00,"npi":[1457701591]},{"billed_charge":52.00,"npi":[1457701591]},{"billed_charge":58.00,"npi":[1457701591]},{"billed_charge":62.00,"npi":[1457701591]},{"billed_charge":64.00,"npi":[1457701591]},{"billed_charge":69.00,"npi":[1457701591]},{"billed_charge":156.00,"npi":[1457701591]}]},{"allowed_amount":0.00,"billing_code_modifier":[""],"providers":[{"billed_charge":35.00,"npi":[1457701591]},{"billed_charge":44.00,"npi":[1457701591]},{"billed_charge":46.00,"npi":[1457701591]},{"billed_charge":50.00,"npi":[1457701591]},{"billed_charge":52.00,"npi":[1457701591]},{"billed_charge":58.00,"npi":[1457701591]},{"billed_charge":62.00,"npi":[1457701591]},{"billed_charge":64.00,"npi":[1457701591]},{"billed_charge":69.00,"npi":[1457701591]},{"billed_charge":156.00,"npi":[1457701591]}]},{"allowed_amount":0.00,"billing_code_modifier":[""],"providers":[{"billed_charge":35.00,"npi":[1457701591]},{"billed_charge":44.00,"npi":[1457701591]},{"billed_charge":46.00,"npi":[1457701591]},{"billed_charge":50.00,"npi":[1457701591]},{"billed_charge":52.00,"npi":[1457701591]},{"billed_charge":58.00,"npi":[1457701591]},{"billed_charge":62.00,"npi":[1457701591]},{"billed_charge":64.00,"npi":[1457701591]},{"billed_charge":69.00,"npi":[1457701591]},{"billed_charge":156.00,"npi":[1457701591]}]},{"allowed_amount":0.00,"billing_code_modifier":[""],"providers":[{"billed_charge":35.00,"npi":[1457701591]},{"billed_charge":44.00,"npi":[1457701591]},{"billed_charge":46.00,"npi":[1457701591]},{"billed_charge":50.00,"npi":[1457701591]},{"billed_charge":52.00,"npi":[1457701591]},{"billed_charge":58.00,"npi":[1457701591]},{"billed_charge":62.00,"npi":[1457701591]},{"billed_charge":64.00,"npi":[1457701591]},{"billed_charge":69.00,"npi":[1457701591]},{"billed_charge":156.00,"npi":[1457701591]}]},{"allowed_amount":0.00,"billing_code_modifier":[""],"providers":[{"billed_charge":35.00,"npi":[1457701591]},{"billed_charge":44.00,"npi":[1457701591]},{"billed_charge":46.00,"npi":[1457701591]},{"billed_charge":50.00,"npi":[1457701591]},{"billed_charge":52.00,"npi":[1457701591]},{"billed_charge":58.00,"npi":[1457701591]},{"billed_charge":62.00,"npi":[1457701591]},{"billed_charge":64.00,"npi":[1457701591]},{"billed_charge":69.00,"npi":[1457701591]},{"billed_charge":156.00,"npi":[1457701591]}]},{"allowed_amount":0.00,"billing_code_modifier":[""],"providers":[{"billed_charge":35.00,"npi":[1457701591]},{"billed_charge":44.00,"npi":[1457701591]},{"billed_charge":46.00,"npi":[1457701591]},{"billed_charge":50.00,"npi":[1457701591]},{"billed_charge":52.00,"npi":[1457701591]},{"billed_charge":58.00,"npi":[1457701591]},{"billed_charge":62.00,"npi":[1457701591]},{"billed_charge":64.00,"npi":[1457701591]},{"billed_charge":69.00,"npi":[1457701591]},{"billed_charge":156.00,"npi":[1457701591]}]},{"allowed_amount":0.00,"billing_code_modifier":[""],"providers":[{"billed_charge":35.00,"npi":[1457701591]},{"billed_charge":44.00,"npi":[1457701591]},{"billed_charge":46.00,"npi":[1457701591]},{"billed_charge":50.00,"npi":[1457701591]},{"billed_charge":52.00,"npi":[1457701591]},{"billed_charge":58.00,"npi":[1457701591]},{"billed_charge":62.00,"npi":[1457701591]},{"billed_charge":64.00,"npi":[1457701591]},{"billed_charge":69.00,"npi":[1457701591]},{"billed_charge":156.00,"npi":[1457701591]}]},{"allowed_amount":0.00,"billing_code_modifier":[""],"providers":[{"billed_charge":35.00,"npi":[1457701591]},{"billed_charge":44.00,"npi":[1457701591]},{"billed_charge":46.00,"npi":[1457701591]},{"billed_charge":50.00,"npi":[1457701591]},{"billed_charge":52.00,"npi":[1457701591]},{"billed_charge":58.00,"npi":[1457701591]},{"billed_charge":62.00,"npi":[1457701591]},{"billed_charge":64.00,"npi":[1457701591]},{"billed_charge":69.00,"npi":[1457701591]},{"billed_charge":156.00,"npi":[1457701591]}]}]},{"tin":{"type":"ein","value":"812004389"},"service_code":["23"],"billing_class":"institutional","payments":[{"allowed_amount":0.00,"billing_code_modifier":[""],"providers":[{"billed_charge":35.00,"npi":[1457701591]},{"billed_charge":44.00,"npi":[1457701591]},{"billed_charge":46.00,"npi":[1457701591]},{"billed_charge":50.00,"npi":[1457701591]},{"billed_charge":52.00,"npi":[1457701591]},{"billed_charge":58.00,"npi":[1457701591]},{"billed_charge":62.00,"npi":[1457701591]},{"billed_charge":64.00,"npi":[1457701591]},{"billed_charge":69.00,"npi":[1457701591]},{"billed_charge":156.00,"npi":[1457701591]}]},{"allowed_amount":0.00,"billing_code_modifier":[""],"providers":[{"billed_charge":35.00,"npi":[1457701591]},{"billed_charge":44.00,"npi":[1457701591]},{"billed_charge":46.00,"npi":[1457701591]},{"billed_charge":50.00,"npi":[1457701591]},{"billed_charge":52.00,"npi":[1457701591]},{"billed_charge":58.00,"npi":[1457701591]},{"billed_charge":62.00,"npi":[1457701591]},{"billed_charge":64.00,"npi":[1457701591]},{"billed_charge":69.00,"npi":[1457701591]},{"billed_charge":156.00,"npi":[1457701591]}]},{"allowed_amount":0.00,"billing_code_modifier":[""],"providers":[{"billed_charge":35.00,"npi":[1457701591]},{"billed_charge":44.00,"npi":[1457701591]},{"billed_charge":46.00,"npi":[1457701591]},{"billed_charge":50.00,"npi":[1457701591]},{"billed_charge":52.00,"npi":[1457701591]},{"billed_charge":58.00,"npi":[1457701591]},{"billed_charge":62.00,"npi":[1457701591]},{"billed_charge":64.00,"npi":[1457701591]},{"billed_charge":69.00,"npi":[1457701591]},{"billed_charge":156.00,"npi":[1457701591]}]},{"allowed_amount":0.00,"billing_code_modifier":[""],"providers":[{"billed_charge":35.00,"npi":[1457701591]},{"billed_charge":44.00,"npi":[1457701591]},{"billed_charge":46.00,"npi":[1457701591]},{"billed_charge":50.00,"npi":[1457701591]},{"billed_charge":52.00,"npi":[1457701591]},{"billed_charge":58.00,"npi":[1457701591]},{"billed_charge":62.00,"npi":[1457701591]},{"billed_charge":64.00,"npi":[1457701591]},{"billed_charge":69.00,"npi":[1457701591]},{"billed_charge":156.00,"npi":[1457701591]}]},{"allowed_amount":0.00,"billing_code_modifier":[""],"providers":[{"billed_charge":35.00,"npi":[1457701591]},{"billed_charge":44.00,"npi":[1457701591]},{"billed_charge":46.00,"npi":[1457701591]},{"billed_charge":50.00,"npi":[1457701591]},{"billed_charge":52.00,"npi":[1457701591]},{"billed_charge":58.00,"npi":[1457701591]},{"billed_charge":62.00,"npi":[1457701591]},{"billed_charge":64.00,"npi":[1457701591]},{"billed_charge":69.00,"npi":[1457701591]},{"billed_charge":156.00,"npi":[1457701591]}]},{"allowed_amount":0.00,"billing_code_modifier":[""],"providers":[{"billed_charge":35.00,"npi":[1457701591]},{"billed_charge":44.00,"npi":[1457701591]},{"billed_charge":46.00,"npi":[1457701591]},{"billed_charge":50.00,"npi":[1457701591]},{"billed_charge":52.00,"npi":[1457701591]},{"billed_charge":58.00,"npi":[1457701591]},{"billed_charge":62.00,"npi":[1457701591]},{"billed_charge":64.00,"npi":[1457701591]},{"billed_charge":69.00,"npi":[1457701591]},{"billed_charge":156.00,"npi":[1457701591]}]},{"allowed_amount":0.00,"billing_code_modifier":[""],"providers":[{"billed_charge":35.00,"npi":[1457701591]},{"billed_charge":44.00,"npi":[1457701591]},{"billed_charge":46.00,"npi":[1457701591]},{"billed_charge":50.00,"npi":[1457701591]},{"billed_charge":52.00,"npi":[1457701591]},{"billed_charge":58.00,"npi":[1457701591]},{"billed_charge":62.00,"npi":[1457701591]},{"billed_charge":64.00,"npi":[1457701591]},{"billed_charge":69.00,"npi":[1457701591]},{"billed_charge":156.00,"npi":[1457701591]}]},{"allowed_amount":0.00,"billing_code_modifier":[""],"providers":[{"billed_charge":35.00,"npi":[1457701591]},{"billed_charge":44.00,"npi":[1457701591]},{"billed_charge":46.00,"npi":[1457701591]},{"billed_charge":50.00,"npi":[1457701591]},{"billed_charge":52.00,"npi":[1457701591]},{"billed_charge":58.00,"npi":[1457701591]},{"billed_charge":62.00,"npi":[1457701591]},{"billed_charge":64.00,"npi":[1457701591]},{"billed_charge":69.00,"npi":[1457701591]},{"billed_charge":156.00,"npi":[1457701591]}]},{"allowed_amount":0.00,"billing_code_modifier":[""],"providers":[{"billed_charge":35.00,"npi":[1457701591]},{"billed_charge":44.00,"npi":[1457701591]},{"billed_charge":46.00,"npi":[1457701591]},{"billed_charge":50.00,"npi":[1457701591]},{"billed_charge":52.00,"npi":[1457701591]},{"billed_charge":58.00,"npi":[1457701591]},{"billed_charge":62.00,"npi":[1457701591]},{"billed_charge":64.00,"npi":[1457701591]},{"billed_charge":69.00,"npi":[1457701591]},{"billed_charge":156.00,"npi":[1457701591]}]},{"allowed_amount":0.00,"billing_code_modifier":[""],"providers":[{"billed_charge":35.00,"npi":[1457701591]},{"billed_charge":44.00,"npi":[1457701591]},{"billed_charge":46.00,"npi":[1457701591]},{"billed_charge":50.00,"npi":[1457701591]},{"billed_charge":52.00,"npi":[1457701591]},{"billed_charge":58.00,"npi":[1457701591]},{"billed_charge":62.00,"npi":[1457701591]},{"billed_charge":64.00,"npi":[1457701591]},{"billed_charge":69.00,"npi":[1457701591]},{"billed_charge":156.00,"npi":[1457701591]}]}]},{"tin":{"type":"ein","value":"812004389"},"service_code":["23"],"billing_class":"institutional","payments":[{"allowed_amount":0.00,"billing_code_modifier":[""],"providers":[{"billed_charge":35.00,"npi":[1457701591]},{"billed_charge":44.00,"npi":[1457701591]},{"billed_charge":46.00,"npi":[1457701591]},{"billed_charge":50.00,"npi":[1457701591]},{"billed_charge":52.00,"npi":[1457701591]},{"billed_charge":58.00,"npi":[1457701591]},{"billed_charge":62.00,"npi":[1457701591]},{"billed_charge":64.00,"npi":[1457701591]},{"billed_charge":69.00,"npi":[1457701591]},{"billed_charge":156.00,"npi":[1457701591]}]},{"allowed_amount":0.00,"billing_code_modifier":[""],"providers":[{"billed_charge":35.00,"npi":[1457701591]},{"billed_charge":44.00,"npi":[1457701591]},{"billed_charge":46.00,"npi":[1457701591]},{"billed_charge":50.00,"npi":[1457701591]},{"billed_charge":52.00,"npi":[1457701591]},{"billed_charge":58.00,"npi":[1457701591]},{"billed_charge":62.00,"npi":[1457701591]},{"billed_charge":64.00,"npi":[1457701591]},{"billed_charge":69.00,"npi":[1457701591]},{"billed_charge":156.00,"npi":[1457701591]}]},{"allowed_amount":0.00,"billing_code_modifier":[""],"providers":[{"billed_charge":35.00,"npi":[1457701591]},{"billed_charge":44.00,"npi":[1457701591]},{"billed_charge":46.00,"npi":[1457701591]},{"billed_charge":50.00,"npi":[1457701591]},{"billed_charge":52.00,"npi":[1457701591]},{"billed_charge":58.00,"npi":[1457701591]},{"billed_charge":62.00,"npi":[1457701591]},{"billed_charge":64.00,"npi":[1457701591]},{"billed_charge":69.00,"npi":[1457701591]},{"billed_charge":156.00,"npi":[1457701591]}]},{"allowed_amount":0.00,"billing_code_modifier":[""],"providers":[{"billed_charge":35.00,"npi":[1457701591]},{"billed_charge":44.00,"npi":[1457701591]},{"billed_charge":46.00,"npi":[1457701591]},{"billed_charge":50.00,"npi":[1457701591]},{"billed_charge":52.00,"npi":[1457701591]},{"billed_charge":58.00,"npi":[1457701591]},{"billed_charge":62.00,"npi":[1457701591]},{"billed_charge":64.00,"npi":[1457701591]},{"billed_charge":69.00,"npi":[1457701591]},{"billed_charge":156.00,"npi":[1457701591]}]},{"allowed_amount":0.00,"billing_code_modifier":[""],"providers":[{"billed_charge":35.00,"npi":[1457701591]},{"billed_charge":44.00,"npi":[1457701591]},{"billed_charge":46.00,"npi":[1457701591]},{"billed_charge":50.00,"npi":[1457701591]},{"billed_charge":52.00,"npi":[1457701591]},{"billed_charge":58.00,"npi":[1457701591]},{"billed_charge":62.00,"npi":[1457701591]},{"billed_charge":64.00,"npi":[1457701591]},{"billed_charge":69.00,"npi":[1457701591]},{"billed_charge":156.00,"npi":[1457701591]}]},{"allowed_amount":0.00,"billing_code_modifier":[""],"providers":[{"billed_charge":35.00,"npi":[1457701591]},{"billed_charge":44.00,"npi":[1457701591]},{"billed_charge":46.00,"npi":[1457701591]},{"billed_charge":50.00,"npi":[1457701591]},{"billed_charge":52.00,"npi":[1457701591]},{"billed_charge":58.00,"npi":[1457701591]},{"billed_charge":62.00,"npi":[1457701591]},{"billed_charge":64.00,"npi":[1457701591]},{"billed_charge":69.00,"npi":[1457701591]},{"billed_charge":156.00,"npi":[1457701591]}]},{"allowed_amount":0.00,"billing_code_modifier":[""],"providers":[{"billed_charge":35.00,"npi":[1457701591]},{"billed_charge":44.00,"npi":[1457701591]},{"billed_charge":46.00,"npi":[1457701591]},{"billed_charge":50.00,"npi":[1457701591]},{"billed_charge":52.00,"npi":[1457701591]},{"billed_charge":58.00,"npi":[1457701591]},{"billed_charge":62.00,"npi":[1457701591]},{"billed_charge":64.00,"npi":[1457701591]},{"billed_charge":69.00,"npi":[1457701591]},{"billed_charge":156.00,"npi":[1457701591]}]},{"allowed_amount":0.00,"billing_code_modifier":[""],"providers":[{"billed_charge":35.00,"npi":[1457701591]},{"billed_charge":44.00,"npi":[1457701591]},{"billed_charge":46.00,"npi":[1457701591]},{"billed_charge":50.00,"npi":[1457701591]},{"billed_charge":52.00,"npi":[1457701591]},{"billed_charge":58.00,"npi":[1457701591]},{"billed_charge":62.00,"npi":[1457701591]},{"billed_charge":64.00,"npi":[1457701591]},{"billed_charge":69.00,"npi":[1457701591]},{"billed_charge":156.00,"npi":[1457701591]}]},{"allowed_amount":0.00,"billing_code_modifier":[""],"providers":[{"billed_charge":35.00,"npi":[1457701591]},{"billed_charge":44.00,"npi":[1457701591]},{"billed_charge":46.00,"npi":[1457701591]},{"billed_charge":50.00,"npi":[1457701591]},{"billed_charge":52.00,"npi":[1457701591]},{"billed_charge":58.00,"npi":[1457701591]},{"billed_charge":62.00,"npi":[1457701591]},{"billed_charge":64.00,"npi":[1457701591]},{"billed_charge":69.00,"npi":[1457701591]},{"billed_charge":156.00,"npi":[1457701591]}]},{"allowed_amount":0.00,"billing_code_modifier":[""],"providers":[{"billed_charge":35.00,"npi":[1457701591]},{"billed_charge":44.00,"npi":[1457701591]},{"billed_charge":46.00,"npi":[1457701591]},{"billed_charge":50.00,"npi":[1457701591]},{"billed_charge":52.00,"npi":[1457701591]},{"billed_charge":58.00,"npi":[1457701591]},{"billed_charge":62.00,"npi":[1457701591]},{"billed_charge":64.00,"npi":[1457701591]},{"billed_charge":69.00,"npi":[1457701591]},{"billed_charge":156.00,"npi":[1457701591]}]}]},{"tin":{"type":"ein","value":"812004389"},"service_code":["23"],"billing_class":"institutional","payments":[{"allowed_amount":0.00,"billing_code_modifier":[""],"providers":[{"billed_charge":35.00,"npi":[1457701591]},{"billed_charge":44.00,"npi":[1457701591]},{"billed_charge":46.00,"npi":[1457701591]},{"billed_charge":50.00,"npi":[1457701591]},{"billed_charge":52.00,"npi":[1457701591]},{"billed_charge":58.00,"npi":[1457701591]},{"billed_charge":62.00,"npi":[1457701591]},{"billed_charge":64.00,"npi":[1457701591]},{"billed_charge":69.00,"npi":[1457701591]},{"billed_charge":156.00,"npi":[1457701591]}]},{"allowed_amount":0.00,"billing_code_modifier":[""],"providers":[{"billed_charge":35.00,"npi":[1457701591]},{"billed_charge":44.00,"npi":[1457701591]},{"billed_charge":46.00,"npi":[1457701591]},{"billed_charge":50.00,"npi":[1457701591]},{"billed_charge":52.00,"npi":[1457701591]},{"billed_charge":58.00,"npi":[1457701591]},{"billed_charge":62.00,"npi":[1457701591]},{"billed_charge":64.00,"npi":[1457701591]},{"billed_charge":69.00,"npi":[1457701591]},{"billed_charge":156.00,"npi":[1457701591]}]},{"allowed_amount":0.00,"billing_code_modifier":[""],"providers":[{"billed_charge":35.00,"npi":[1457701591]},{"billed_charge":44.00,"npi":[1457701591]},{"billed_charge":46.00,"npi":[1457701591]},{"billed_charge":50.00,"npi":[1457701591]},{"billed_charge":52.00,"npi":[1457701591]},{"billed_charge":58.00,"npi":[1457701591]},{"billed_charge":62.00,"npi":[1457701591]},{"billed_charge":64.00,"npi":[1457701591]},{"billed_charge":69.00,"npi":[1457701591]},{"billed_charge":156.00,"npi":[1457701591]}]},{"allowed_amount":0.00,"billing_code_modifier":[""],"providers":[{"billed_charge":35.00,"npi":[1457701591]},{"billed_charge":44.00,"npi":[1457701591]},{"billed_charge":46.00,"npi":[1457701591]},{"billed_charge":50.00,"npi":[1457701591]},{"billed_charge":52.00,"npi":[1457701591]},{"billed_charge":58.00,"npi":[1457701591]},{"billed_charge":62.00,"npi":[1457701591]},{"billed_charge":64.00,"npi":[1457701591]},{"billed_charge":69.00,"npi":[1457701591]},{"billed_charge":156.00,"npi":[1457701591]}]},{"allowed_amount":0.00,"billing_code_modifier":[""],"providers":[{"billed_charge":35.00,"npi":[1457701591]},{"billed_charge":44.00,"npi":[1457701591]},{"billed_charge":46.00,"npi":[1457701591]},{"billed_charge":50.00,"npi":[1457701591]},{"billed_charge":52.00,"npi":[1457701591]},{"billed_charge":58.00,"npi":[1457701591]},{"billed_charge":62.00,"npi":[1457701591]},{"billed_charge":64.00,"npi":[1457701591]},{"billed_charge":69.00,"npi":[1457701591]},{"billed_charge":156.00,"npi":[1457701591]}]},{"allowed_amount":0.00,"billing_code_modifier":[""],"providers":[{"billed_charge":35.00,"npi":[1457701591]},{"billed_charge":44.00,"npi":[1457701591]},{"billed_charge":46.00,"npi":[1457701591]},{"billed_charge":50.00,"npi":[1457701591]},{"billed_charge":52.00,"npi":[1457701591]},{"billed_charge":58.00,"npi":[1457701591]},{"billed_charge":62.00,"npi":[1457701591]},{"billed_charge":64.00,"npi":[1457701591]},{"billed_charge":69.00,"npi":[1457701591]},{"billed_charge":156.00,"npi":[1457701591]}]},{"allowed_amount":0.00,"billing_code_modifier":[""],"providers":[{"billed_charge":35.00,"npi":[1457701591]},{"billed_charge":44.00,"npi":[1457701591]},{"billed_charge":46.00,"npi":[1457701591]},{"billed_charge":50.00,"npi":[1457701591]},{"billed_charge":52.00,"npi":[1457701591]},{"billed_charge":58.00,"npi":[1457701591]},{"billed_charge":62.00,"npi":[1457701591]},{"billed_charge":64.00,"npi":[1457701591]},{"billed_charge":69.00,"npi":[1457701591]},{"billed_charge":156.00,"npi":[1457701591]}]},{"allowed_amount":0.00,"billing_code_modifier":[""],"providers":[{"billed_charge":35.00,"npi":[1457701591]},{"billed_charge":44.00,"npi":[1457701591]},{"billed_charge":46.00,"npi":[1457701591]},{"billed_charge":50.00,"npi":[1457701591]},{"billed_charge":52.00,"npi":[1457701591]},{"billed_charge":58.00,"npi":[1457701591]},{"billed_charge":62.00,"npi":[1457701591]},{"billed_charge":64.00,"npi":[1457701591]},{"billed_charge":69.00,"npi":[1457701591]},{"billed_charge":156.00,"npi":[1457701591]}]},{"allowed_amount":0.00,"billing_code_modifier":[""],"providers":[{"billed_charge":35.00,"npi":[1457701591]},{"billed_charge":44.00,"npi":[1457701591]},{"billed_charge":46.00,"npi":[1457701591]},{"billed_charge":50.00,"npi":[1457701591]},{"billed_charge":52.00,"npi":[1457701591]},{"billed_charge":58.00,"npi":[1457701591]},{"billed_charge":62.00,"npi":[1457701591]},{"billed_charge":64.00,"npi":[1457701591]},{"billed_charge":69.00,"npi":[1457701591]},{"billed_charge":156.00,"npi":[1457701591]}]},{"allowed_amount":0.00,"billing_code_modifier":[""],"providers":[{"billed_charge":35.00,"npi":[1457701591]},{"billed_charge":44.00,"npi":[1457701591]},{"billed_charge":46.00,"npi":[1457701591]},{"billed_charge":50.00,"npi":[1457701591]},{"billed_charge":52.00,"npi":[1457701591]},{"billed_charge":58.00,"npi":[1457701591]},{"billed_charge":62.00,"npi":[1457701591]},{"billed_charge":64.00,"npi":[1457701591]},{"billed_charge":69.00,"npi":[1457701591]},{"billed_charge":156.00,"npi":[1457701591]}]}]},{"tin":{"type":"ein","value":"812004389"},"service_code":["23"],"billing_class":"institutional","payments":[{"allowed_amount":0.00,"billing_code_modifier":[""],"providers":[{"billed_charge":35.00,"npi":[1457701591]},{"billed_charge":44.00,"npi":[1457701591]},{"billed_charge":46.00,"npi":[1457701591]},{"billed_charge":50.00,"npi":[1457701591]},{"billed_charge":52.00,"npi":[1457701591]},{"billed_charge":58.00,"npi":[1457701591]},{"billed_charge":62.00,"npi":[1457701591]},{"billed_charge":64.00,"npi":[1457701591]},{"billed_charge":69.00,"npi":[1457701591]},{"billed_charge":156.00,"npi":[1457701591]}]},{"allowed_amount":0.00,"billing_code_modifier":[""],"providers":[{"billed_charge":35.00,"npi":[1457701591]},{"billed_charge":44.00,"npi":[1457701591]},{"billed_charge":46.00,"npi":[1457701591]},{"billed_charge":50.00,"npi":[1457701591]},{"billed_charge":52.00,"npi":[1457701591]},{"billed_charge":58.00,"npi":[1457701591]},{"billed_charge":62.00,"npi":[1457701591]},{"billed_charge":64.00,"npi":[1457701591]},{"billed_charge":69.00,"npi":[1457701591]},{"billed_charge":156.00,"npi":[1457701591]}]},{"allowed_amount":0.00,"billing_code_modifier":[""],"providers":[{"billed_charge":35.00,"npi":[1457701591]},{"billed_charge":44.00,"npi":[1457701591]},{"billed_charge":46.00,"npi":[1457701591]},{"billed_charge":50.00,"npi":[1457701591]},{"billed_charge":52.00,"npi":[1457701591]},{"billed_charge":58.00,"npi":[1457701591]},{"billed_charge":62.00,"npi":[1457701591]},{"billed_charge":64.00,"npi":[1457701591]},{"billed_charge":69.00,"npi":[1457701591]},{"billed_charge":156.00,"npi":[1457701591]}]},{"allowed_amount":0.00,"billing_code_modifier":[""],"providers":[{"billed_charge":35.00,"npi":[1457701591]},{"billed_charge":44.00,"npi":[1457701591]},{"billed_charge":46.00,"npi":[1457701591]},{"billed_charge":50.00,"npi":[1457701591]},{"billed_charge":52.00,"npi":[1457701591]},{"billed_charge":58.00,"npi":[1457701591]},{"billed_charge":62.00,"npi":[1457701591]},{"billed_charge":64.00,"npi":[1457701591]},{"billed_charge":69.00,"npi":[1457701591]},{"billed_charge":156.00,"npi":[1457701591]}]},{"allowed_amount":0.00,"billing_code_modifier":[""],"providers":[{"billed_charge":35.00,"npi":[1457701591]},{"billed_charge":44.00,"npi":[1457701591]},{"billed_charge":46.00,"npi":[1457701591]},{"billed_charge":50.00,"npi":[1457701591]},{"billed_charge":52.00,"npi":[1457701591]},{"billed_charge":58.00,"npi":[1457701591]},{"billed_charge":62.00,"npi":[1457701591]},{"billed_charge":64.00,"npi":[1457701591]},{"billed_charge":69.00,"npi":[1457701591]},{"billed_charge":156.00,"npi":[1457701591]}]},{"allowed_amount":0.00,"billing_code_modifier":[""],"providers":[{"billed_charge":35.00,"npi":[1457701591]},{"billed_charge":44.00,"npi":[1457701591]},{"billed_charge":46.00,"npi":[1457701591]},{"billed_charge":50.00,"npi":[1457701591]},{"billed_charge":52.00,"npi":[1457701591]},{"billed_charge":58.00,"npi":[1457701591]},{"billed_charge":62.00,"npi":[1457701591]},{"billed_charge":64.00,"npi":[1457701591]},{"billed_charge":69.00,"npi":[1457701591]},{"billed_charge":156.00,"npi":[1457701591]}]},{"allowed_amount":0.00,"billing_code_modifier":[""],"providers":[{"billed_charge":35.00,"npi":[1457701591]},{"billed_charge":44.00,"npi":[1457701591]},{"billed_charge":46.00,"npi":[1457701591]},{"billed_charge":50.00,"npi":[1457701591]},{"billed_charge":52.00,"npi":[1457701591]},{"billed_charge":58.00,"npi":[1457701591]},{"billed_charge":62.00,"npi":[1457701591]},{"billed_charge":64.00,"npi":[1457701591]},{"billed_charge":69.00,"npi":[1457701591]},{"billed_charge":156.00,"npi":[1457701591]}]},{"allowed_amount":0.00,"billing_code_modifier":[""],"providers":[{"billed_charge":35.00,"npi":[1457701591]},{"billed_charge":44.00,"npi":[1457701591]},{"billed_charge":46.00,"npi":[1457701591]},{"billed_charge":50.00,"npi":[1457701591]},{"billed_charge":52.00,"npi":[1457701591]},{"billed_charge":58.00,"npi":[1457701591]},{"billed_charge":62.00,"npi":[1457701591]},{"billed_charge":64.00,"npi":[1457701591]},{"billed_charge":69.00,"npi":[1457701591]},{"billed_charge":156.00,"npi":[1457701591]}]},{"allowed_amount":0.00,"billing_code_modifier":[""],"providers":[{"billed_charge":35.00,"npi":[1457701591]},{"billed_charge":44.00,"npi":[1457701591]},{"billed_charge":46.00,"npi":[1457701591]},{"billed_charge":50.00,"npi":[1457701591]},{"billed_charge":52.00,"npi":[1457701591]},{"billed_charge":58.00,"npi":[1457701591]},{"billed_charge":62.00,"npi":[1457701591]},{"billed_charge":64.00,"npi":[1457701591]},{"billed_charge":69.00,"npi":[1457701591]},{"billed_charge":156.00,"npi":[1457701591]}]},{"allowed_amount":0.00,"billing_code_modifier":[""],"providers":[{"billed_charge":35.00,"npi":[1457701591]},{"billed_charge":44.00,"npi":[1457701591]},{"billed_charge":46.00,"npi":[1457701591]},{"billed_charge":50.00,"npi":[1457701591]},{"billed_charge":52.00,"npi":[1457701591]},{"billed_charge":58.00,"npi":[1457701591]},{"billed_charge":62.00,"npi":[1457701591]},{"billed_charge":64.00,"npi":[1457701591]},{"billed_charge":69.00,"npi":[1457701591]},{"billed_charge":156.00,"npi":[1457701591]}]}]},{"tin":{"type":"ein","value":"812004389"},"service_code":["23"],"billing_class":"institutional","payments":[{"allowed_amount":0.00,"billing_code_modifier":[""],"providers":[{"billed_charge":35.00,"npi":[1457701591]},{"billed_charge":44.00,"npi":[1457701591]},{"billed_charge":46.00,"npi":[1457701591]},{"billed_charge":50.00,"npi":[1457701591]},{"billed_charge":52.00,"npi":[1457701591]},{"billed_charge":58.00,"npi":[1457701591]},{"billed_charge":62.00,"npi":[1457701591]},{"billed_charge":64.00,"npi":[1457701591]},{"billed_charge":69.00,"npi":[1457701591]},{"billed_charge":156.00,"npi":[1457701591]}]},{"allowed_amount":0.00,"billing_code_modifier":[""],"providers":[{"billed_charge":35.00,"npi":[1457701591]},{"billed_charge":44.00,"npi":[1457701591]},{"billed_charge":46.00,"npi":[1457701591]},{"billed_charge":50.00,"npi":[1457701591]},{"billed_charge":52.00,"npi":[1457701591]},{"billed_charge":58.00,"npi":[1457701591]},{"billed_charge":62.00,"npi":[1457701591]},{"billed_charge":64.00,"npi":[1457701591]},{"billed_charge":69.00,"npi":[1457701591]},{"billed_charge":156.00,"npi":[1457701591]}]},{"allowed_amount":0.00,"billing_code_modifier":[""],"providers":[{"billed_charge":35.00,"npi":[1457701591]},{"billed_charge":44.00,"npi":[1457701591]},{"billed_charge":46.00,"npi":[1457701591]},{"billed_charge":50.00,"npi":[1457701591]},{"billed_charge":52.00,"npi":[1457701591]},{"billed_charge":58.00,"npi":[1457701591]},{"billed_charge":62.00,"npi":[1457701591]},{"billed_charge":64.00,"npi":[1457701591]},{"billed_charge":69.00,"npi":[1457701591]},{"billed_charge":156.00,"npi":[1457701591]}]},{"allowed_amount":0.00,"billing_code_modifier":[""],"providers":[{"billed_charge":35.00,"npi":[1457701591]},{"billed_charge":44.00,"npi":[1457701591]},{"billed_charge":46.00,"npi":[1457701591]},{"billed_charge":50.00,"npi":[1457701591]},{"billed_charge":52.00,"npi":[1457701591]},{"billed_charge":58.00,"npi":[1457701591]},{"billed_charge":62.00,"npi":[1457701591]},{"billed_charge":64.00,"npi":[1457701591]},{"billed_charge":69.00,"npi":[1457701591]},{"billed_charge":156.00,"npi":[1457701591]}]},{"allowed_amount":0.00,"billing_code_modifier":[""],"providers":[{"billed_charge":35.00,"npi":[1457701591]},{"billed_charge":44.00,"npi":[1457701591]},{"billed_charge":46.00,"npi":[1457701591]},{"billed_charge":50.00,"npi":[1457701591]},{"billed_charge":52.00,"npi":[1457701591]},{"billed_charge":58.00,"npi":[1457701591]},{"billed_charge":62.00,"npi":[1457701591]},{"billed_charge":64.00,"npi":[1457701591]},{"billed_charge":69.00,"npi":[1457701591]},{"billed_charge":156.00,"npi":[1457701591]}]},{"allowed_amount":0.00,"billing_code_modifier":[""],"providers":[{"billed_charge":35.00,"npi":[1457701591]},{"billed_charge":44.00,"npi":[1457701591]},{"billed_charge":46.00,"npi":[1457701591]},{"billed_charge":50.00,"npi":[1457701591]},{"billed_charge":52.00,"npi":[1457701591]},{"billed_charge":58.00,"npi":[1457701591]},{"billed_charge":62.00,"npi":[1457701591]},{"billed_charge":64.00,"npi":[1457701591]},{"billed_charge":69.00,"npi":[1457701591]},{"billed_charge":156.00,"npi":[1457701591]}]},{"allowed_amount":0.00,"billing_code_modifier":[""],"providers":[{"billed_charge":35.00,"npi":[1457701591]},{"billed_charge":44.00,"npi":[1457701591]},{"billed_charge":46.00,"npi":[1457701591]},{"billed_charge":50.00,"npi":[1457701591]},{"billed_charge":52.00,"npi":[1457701591]},{"billed_charge":58.00,"npi":[1457701591]},{"billed_charge":62.00,"npi":[1457701591]},{"billed_charge":64.00,"npi":[1457701591]},{"billed_charge":69.00,"npi":[1457701591]},{"billed_charge":156.00,"npi":[1457701591]}]},{"allowed_amount":0.00,"billing_code_modifier":[""],"providers":[{"billed_charge":35.00,"npi":[1457701591]},{"billed_charge":44.00,"npi":[1457701591]},{"billed_charge":46.00,"npi":[1457701591]},{"billed_charge":50.00,"npi":[1457701591]},{"billed_charge":52.00,"npi":[1457701591]},{"billed_charge":58.00,"npi":[1457701591]},{"billed_charge":62.00,"npi":[1457701591]},{"billed_charge":64.00,"npi":[1457701591]},{"billed_charge":69.00,"npi":[1457701591]},{"billed_charge":156.00,"npi":[1457701591]}]},{"allowed_amount":0.00,"billing_code_modifier":[""],"providers":[{"billed_charge":35.00,"npi":[1457701591]},{"billed_charge":44.00,"npi":[1457701591]},{"billed_charge":46.00,"npi":[1457701591]},{"billed_charge":50.00,"npi":[1457701591]},{"billed_charge":52.00,"npi":[1457701591]},{"billed_charge":58.00,"npi":[1457701591]},{"billed_charge":62.00,"npi":[1457701591]},{"billed_charge":64.00,"npi":[1457701591]},{"billed_charge":69.00,"npi":[1457701591]},{"billed_charge":156.00,"npi":[1457701591]}]},{"allowed_amount":0.00,"billing_code_modifier":[""],"providers":[{"billed_charge":35.00,"npi":[1457701591]},{"billed_charge":44.00,"npi":[1457701591]},{"billed_charge":46.00,"npi":[1457701591]},{"billed_charge":50.00,"npi":[1457701591]},{"billed_charge":52.00,"npi":[1457701591]},{"billed_charge":58.00,"npi":[1457701591]},{"billed_charge":62.00,"npi":[1457701591]},{"billed_charge":64.00,"npi":[1457701591]},{"billed_charge":69.00,"npi":[1457701591]},{"billed_charge":156.00,"npi":[1457701591]}]}]},{"tin":{"type":"ein","value":"812004389"},"service_code":["23"],"billing_class":"institutional","payments":[{"allowed_amount":0.00,"billing_code_modifier":[""],"providers":[{"billed_charge":35.00,"npi":[1457701591]},{"billed_charge":44.00,"npi":[1457701591]},{"billed_charge":46.00,"npi":[1457701591]},{"billed_charge":50.00,"npi":[1457701591]},{"billed_charge":52.00,"npi":[1457701591]},{"billed_charge":58.00,"npi":[1457701591]},{"billed_charge":62.00,"npi":[1457701591]},{"billed_charge":64.00,"npi":[1457701591]},{"billed_charge":69.00,"npi":[1457701591]},{"billed_charge":156.00,"npi":[1457701591]}]},{"allowed_amount":0.00,"billing_code_modifier":[""],"providers":[{"billed_charge":35.00,"npi":[1457701591]},{"billed_charge":44.00,"npi":[1457701591]},{"billed_charge":46.00,"npi":[1457701591]},{"billed_charge":50.00,"npi":[1457701591]},{"billed_charge":52.00,"npi":[1457701591]},{"billed_charge":58.00,"npi":[1457701591]},{"billed_charge":62.00,"npi":[1457701591]},{"billed_charge":64.00,"npi":[1457701591]},{"billed_charge":69.00,"npi":[1457701591]},{"billed_charge":156.00,"npi":[1457701591]}]},{"allowed_amount":0.00,"billing_code_modifier":[""],"providers":[{"billed_charge":35.00,"npi":[1457701591]},{"billed_charge":44.00,"npi":[1457701591]},{"billed_charge":46.00,"npi":[1457701591]},{"billed_charge":50.00,"npi":[1457701591]},{"billed_charge":52.00,"npi":[1457701591]},{"billed_charge":58.00,"npi":[1457701591]},{"billed_charge":62.00,"npi":[1457701591]},{"billed_charge":64.00,"npi":[1457701591]},{"billed_charge":69.00,"npi":[1457701591]},{"billed_charge":156.00,"npi":[1457701591]}]},{"allowed_amount":0.00,"billing_code_modifier":[""],"providers":[{"billed_charge":35.00,"npi":[1457701591]},{"billed_charge":44.00,"npi":[1457701591]},{"billed_charge":46.00,"npi":[1457701591]},{"billed_charge":50.00,"npi":[1457701591]},{"billed_charge":52.00,"npi":[1457701591]},{"billed_charge":58.00,"npi":[1457701591]},{"billed_charge":62.00,"npi":[1457701591]},{"billed_charge":64.00,"npi":[1457701591]},{"billed_charge":69.00,"npi":[1457701591]},{"billed_charge":156.00,"npi":[1457701591]}]},{"allowed_amount":0.00,"billing_code_modifier":[""],"providers":[{"billed_charge":35.00,"npi":[1457701591]},{"billed_charge":44.00,"npi":[1457701591]},{"billed_charge":46.00,"npi":[1457701591]},{"billed_charge":50.00,"npi":[1457701591]},{"billed_charge":52.00,"npi":[1457701591]},{"billed_charge":58.00,"npi":[1457701591]},{"billed_charge":62.00,"npi":[1457701591]},{"billed_charge":64.00,"npi":[1457701591]},{"billed_charge":69.00,"npi":[1457701591]},{"billed_charge":156.00,"npi":[1457701591]}]},{"allowed_amount":0.00,"billing_code_modifier":[""],"providers":[{"billed_charge":35.00,"npi":[1457701591]},{"billed_charge":44.00,"npi":[1457701591]},{"billed_charge":46.00,"npi":[1457701591]},{"billed_charge":50.00,"npi":[1457701591]},{"billed_charge":52.00,"npi":[1457701591]},{"billed_charge":58.00,"npi":[1457701591]},{"billed_charge":62.00,"npi":[1457701591]},{"billed_charge":64.00,"npi":[1457701591]},{"billed_charge":69.00,"npi":[1457701591]},{"billed_charge":156.00,"npi":[1457701591]}]},{"allowed_amount":0.00,"billing_code_modifier":[""],"providers":[{"billed_charge":35.00,"npi":[1457701591]},{"billed_charge":44.00,"npi":[1457701591]},{"billed_charge":46.00,"npi":[1457701591]},{"billed_charge":50.00,"npi":[1457701591]},{"billed_charge":52.00,"npi":[1457701591]},{"billed_charge":58.00,"npi":[1457701591]},{"billed_charge":62.00,"npi":[1457701591]},{"billed_charge":64.00,"npi":[1457701591]},{"billed_charge":69.00,"npi":[1457701591]},{"billed_charge":156.00,"npi":[1457701591]}]},{"allowed_amount":0.00,"billing_code_modifier":[""],"providers":[{"billed_charge":35.00,"npi":[1457701591]},{"billed_charge":44.00,"npi":[1457701591]},{"billed_charge":46.00,"npi":[1457701591]},{"billed_charge":50.00,"npi":[1457701591]},{"billed_charge":52.00,"npi":[1457701591]},{"billed_charge":58.00,"npi":[1457701591]},{"billed_charge":62.00,"npi":[1457701591]},{"billed_charge":64.00,"npi":[1457701591]},{"billed_charge":69.00,"npi":[1457701591]},{"billed_charge":156.00,"npi":[1457701591]}]},{"allowed_amount":0.00,"billing_code_modifier":[""],"providers":[{"billed_charge":35.00,"npi":[1457701591]},{"billed_charge":44.00,"npi":[1457701591]},{"billed_charge":46.00,"npi":[1457701591]},{"billed_charge":50.00,"npi":[1457701591]},{"billed_charge":52.00,"npi":[1457701591]},{"billed_charge":58.00,"npi":[1457701591]},{"billed_charge":62.00,"npi":[1457701591]},{"billed_charge":64.00,"npi":[1457701591]},{"billed_charge":69.00,"npi":[1457701591]},{"billed_charge":156.00,"npi":[1457701591]}]},{"allowed_amount":0.00,"billing_code_modifier":[""],"providers":[{"billed_charge":35.00,"npi":[1457701591]},{"billed_charge":44.00,"npi":[1457701591]},{"billed_charge":46.00,"npi":[1457701591]},{"billed_charge":50.00,"npi":[1457701591]},{"billed_charge":52.00,"npi":[1457701591]},{"billed_charge":58.00,"npi":[1457701591]},{"billed_charge":62.00,"npi":[1457701591]},{"billed_charge":64.00,"npi":[1457701591]},{"billed_charge":69.00,"npi":[1457701591]},{"billed_charge":156.00,"npi":[1457701591]}]}]},{"tin":{"type":"ein","value":"812004389"},"service_code":["23"],"billing_class":"institutional","payments":[{"allowed_amount":0.00,"billing_code_modifier":[""],"providers":[{"billed_charge":35.00,"npi":[1457701591]},{"billed_charge":44.00,"npi":[1457701591]},{"billed_charge":46.00,"npi":[1457701591]},{"billed_charge":50.00,"npi":[1457701591]},{"billed_charge":52.00,"npi":[1457701591]},{"billed_charge":58.00,"npi":[1457701591]},{"billed_charge":62.00,"npi":[1457701591]},{"billed_charge":64.00,"npi":[1457701591]},{"billed_charge":69.00,"npi":[1457701591]},{"billed_charge":156.00,"npi":[1457701591]}]},{"allowed_amount":0.00,"billing_code_modifier":[""],"providers":[{"billed_charge":35.00,"npi":[1457701591]},{"billed_charge":44.00,"npi":[1457701591]},{"billed_charge":46.00,"npi":[1457701591]},{"billed_charge":50.00,"npi":[1457701591]},{"billed_charge":52.00,"npi":[1457701591]},{"billed_charge":58.00,"npi":[1457701591]},{"billed_charge":62.00,"npi":[1457701591]},{"billed_charge":64.00,"npi":[1457701591]},{"billed_charge":69.00,"npi":[1457701591]},{"billed_charge":156.00,"npi":[1457701591]}]},{"allowed_amount":0.00,"billing_code_modifier":[""],"providers":[{"billed_charge":35.00,"npi":[1457701591]},{"billed_charge":44.00,"npi":[1457701591]},{"billed_charge":46.00,"npi":[1457701591]},{"billed_charge":50.00,"npi":[1457701591]},{"billed_charge":52.00,"npi":[1457701591]},{"billed_charge":58.00,"npi":[1457701591]},{"billed_charge":62.00,"npi":[1457701591]},{"billed_charge":64.00,"npi":[1457701591]},{"billed_charge":69.00,"npi":[1457701591]},{"billed_charge":156.00,"npi":[1457701591]}]},{"allowed_amount":0.00,"billing_code_modifier":[""],"providers":[{"billed_charge":35.00,"npi":[1457701591]},{"billed_charge":44.00,"npi":[1457701591]},{"billed_charge":46.00,"npi":[1457701591]},{"billed_charge":50.00,"npi":[1457701591]},{"billed_charge":52.00,"npi":[1457701591]},{"billed_charge":58.00,"npi":[1457701591]},{"billed_charge":62.00,"npi":[1457701591]},{"billed_charge":64.00,"npi":[1457701591]},{"billed_charge":69.00,"npi":[1457701591]},{"billed_charge":156.00,"npi":[1457701591]}]},{"allowed_amount":0.00,"billing_code_modifier":[""],"providers":[{"billed_charge":35.00,"npi":[1457701591]},{"billed_charge":44.00,"npi":[1457701591]},{"billed_charge":46.00,"npi":[1457701591]},{"billed_charge":50.00,"npi":[1457701591]},{"billed_charge":52.00,"npi":[1457701591]},{"billed_charge":58.00,"npi":[1457701591]},{"billed_charge":62.00,"npi":[1457701591]},{"billed_charge":64.00,"npi":[1457701591]},{"billed_charge":69.00,"npi":[1457701591]},{"billed_charge":156.00,"npi":[1457701591]}]},{"allowed_amount":0.00,"billing_code_modifier":[""],"providers":[{"billed_charge":35.00,"npi":[1457701591]},{"billed_charge":44.00,"npi":[1457701591]},{"billed_charge":46.00,"npi":[1457701591]},{"billed_charge":50.00,"npi":[1457701591]},{"billed_charge":52.00,"npi":[1457701591]},{"billed_charge":58.00,"npi":[1457701591]},{"billed_charge":62.00,"npi":[1457701591]},{"billed_charge":64.00,"npi":[1457701591]},{"billed_charge":69.00,"npi":[1457701591]},{"billed_charge":156.00,"npi":[1457701591]}]},{"allowed_amount":0.00,"billing_code_modifier":[""],"providers":[{"billed_charge":35.00,"npi":[1457701591]},{"billed_charge":44.00,"npi":[1457701591]},{"billed_charge":46.00,"npi":[1457701591]},{"billed_charge":50.00,"npi":[1457701591]},{"billed_charge":52.00,"npi":[1457701591]},{"billed_charge":58.00,"npi":[1457701591]},{"billed_charge":62.00,"npi":[1457701591]},{"billed_charge":64.00,"npi":[1457701591]},{"billed_charge":69.00,"npi":[1457701591]},{"billed_charge":156.00,"npi":[1457701591]}]},{"allowed_amount":0.00,"billing_code_modifier":[""],"providers":[{"billed_charge":35.00,"npi":[1457701591]},{"billed_charge":44.00,"npi":[1457701591]},{"billed_charge":46.00,"npi":[1457701591]},{"billed_charge":50.00,"npi":[1457701591]},{"billed_charge":52.00,"npi":[1457701591]},{"billed_charge":58.00,"npi":[1457701591]},{"billed_charge":62.00,"npi":[1457701591]},{"billed_charge":64.00,"npi":[1457701591]},{"billed_charge":69.00,"npi":[1457701591]},{"billed_charge":156.00,"npi":[1457701591]}]},{"allowed_amount":0.00,"billing_code_modifier":[""],"providers":[{"billed_charge":35.00,"npi":[1457701591]},{"billed_charge":44.00,"npi":[1457701591]},{"billed_charge":46.00,"npi":[1457701591]},{"billed_charge":50.00,"npi":[1457701591]},{"billed_charge":52.00,"npi":[1457701591]},{"billed_charge":58.00,"npi":[1457701591]},{"billed_charge":62.00,"npi":[1457701591]},{"billed_charge":64.00,"npi":[1457701591]},{"billed_charge":69.00,"npi":[1457701591]},{"billed_charge":156.00,"npi":[1457701591]}]},{"allowed_amount":0.00,"billing_code_modifier":[""],"providers":[{"billed_charge":35.00,"npi":[1457701591]},{"billed_charge":44.00,"npi":[1457701591]},{"billed_charge":46.00,"npi":[1457701591]},{"billed_charge":50.00,"npi":[1457701591]},{"billed_charge":52.00,"npi":[1457701591]},{"billed_charge":58.00,"npi":[1457701591]},{"billed_charge":62.00,"npi":[1457701591]},{"billed_charge":64.00,"npi":[1457701591]},{"billed_charge":69.00,"npi":[1457701591]},{"billed_charge":156.00,"npi":[1457701591]}]}]},{"tin":{"type":"ein","value":"812004389"},"service_code":["23"],"billing_class":"institutional","payments":[{"allowed_amount":0.00,"billing_code_modifier":[""],"providers":[{"billed_charge":35.00,"npi":[1457701591]},{"billed_charge":44.00,"npi":[1457701591]},{"billed_charge":46.00,"npi":[1457701591]},{"billed_charge":50.00,"npi":[1457701591]},{"billed_charge":52.00,"npi":[1457701591]},{"billed_charge":58.00,"npi":[1457701591]},{"billed_charge":62.00,"npi":[1457701591]},{"billed_charge":64.00,"npi":[1457701591]},{"billed_charge":69.00,"npi":[1457701591]},{"billed_charge":156.00,"npi":[1457701591]}]},{"allowed_amount":0.00,"billing_code_modifier":[""],"providers":[{"billed_charge":35.00,"npi":[1457701591]},{"billed_charge":44.00,"npi":[1457701591]},{"billed_charge":46.00,"npi":[1457701591]},{"billed_charge":50.00,"npi":[1457701591]},{"billed_charge":52.00,"npi":[1457701591]},{"billed_charge":58.00,"npi":[1457701591]},{"billed_charge":62.00,"npi":[1457701591]},{"billed_charge":64.00,"npi":[1457701591]},{"billed_charge":69.00,"npi":[1457701591]},{"billed_charge":156.00,"npi":[1457701591]}]},{"allowed_amount":0.00,"billing_code_modifier":[""],"providers":[{"billed_charge":35.00,"npi":[1457701591]},{"billed_charge":44.00,"npi":[1457701591]},{"billed_charge":46.00,"npi":[1457701591]},{"billed_charge":50.00,"npi":[1457701591]},{"billed_charge":52.00,"npi":[1457701591]},{"billed_charge":58.00,"npi":[1457701591]},{"billed_charge":62.00,"npi":[1457701591]},{"billed_charge":64.00,"npi":[1457701591]},{"billed_charge":69.00,"npi":[1457701591]},{"billed_charge":156.00,"npi":[1457701591]}]},{"allowed_amount":0.00,"billing_code_modifier":[""],"providers":[{"billed_charge":35.00,"npi":[1457701591]},{"billed_charge":44.00,"npi":[1457701591]},{"billed_charge":46.00,"npi":[1457701591]},{"billed_charge":50.00,"npi":[1457701591]},{"billed_charge":52.00,"npi":[1457701591]},{"billed_charge":58.00,"npi":[1457701591]},{"billed_charge":62.00,"npi":[1457701591]},{"billed_charge":64.00,"npi":[1457701591]},{"billed_charge":69.00,"npi":[1457701591]},{"billed_charge":156.00,"npi":[1457701591]}]},{"allowed_amount":0.00,"billing_code_modifier":[""],"providers":[{"billed_charge":35.00,"npi":[1457701591]},{"billed_charge":44.00,"npi":[1457701591]},{"billed_charge":46.00,"npi":[1457701591]},{"billed_charge":50.00,"npi":[1457701591]},{"billed_charge":52.00,"npi":[1457701591]},{"billed_charge":58.00,"npi":[1457701591]},{"billed_charge":62.00,"npi":[1457701591]},{"billed_charge":64.00,"npi":[1457701591]},{"billed_charge":69.00,"npi":[1457701591]},{"billed_charge":156.00,"npi":[1457701591]}]},{"allowed_amount":0.00,"billing_code_modifier":[""],"providers":[{"billed_charge":35.00,"npi":[1457701591]},{"billed_charge":44.00,"npi":[1457701591]},{"billed_charge":46.00,"npi":[1457701591]},{"billed_charge":50.00,"npi":[1457701591]},{"billed_charge":52.00,"npi":[1457701591]},{"billed_charge":58.00,"npi":[1457701591]},{"billed_charge":62.00,"npi":[1457701591]},{"billed_charge":64.00,"npi":[1457701591]},{"billed_charge":69.00,"npi":[1457701591]},{"billed_charge":156.00,"npi":[1457701591]}]},{"allowed_amount":0.00,"billing_code_modifier":[""],"providers":[{"billed_charge":35.00,"npi":[1457701591]},{"billed_charge":44.00,"npi":[1457701591]},{"billed_charge":46.00,"npi":[1457701591]},{"billed_charge":50.00,"npi":[1457701591]},{"billed_charge":52.00,"npi":[1457701591]},{"billed_charge":58.00,"npi":[1457701591]},{"billed_charge":62.00,"npi":[1457701591]},{"billed_charge":64.00,"npi":[1457701591]},{"billed_charge":69.00,"npi":[1457701591]},{"billed_charge":156.00,"npi":[1457701591]}]},{"allowed_amount":0.00,"billing_code_modifier":[""],"providers":[{"billed_charge":35.00,"npi":[1457701591]},{"billed_charge":44.00,"npi":[1457701591]},{"billed_charge":46.00,"npi":[1457701591]},{"billed_charge":50.00,"npi":[1457701591]},{"billed_charge":52.00,"npi":[1457701591]},{"billed_charge":58.00,"npi":[1457701591]},{"billed_charge":62.00,"npi":[1457701591]},{"billed_charge":64.00,"npi":[1457701591]},{"billed_charge":69.00,"npi":[1457701591]},{"billed_charge":156.00,"npi":[1457701591]}]},{"allowed_amount":0.00,"billing_code_modifier":[""],"providers":[{"billed_charge":35.00,"npi":[1457701591]},{"billed_charge":44.00,"npi":[1457701591]},{"billed_charge":46.00,"npi":[1457701591]},{"billed_charge":50.00,"npi":[1457701591]},{"billed_charge":52.00,"npi":[1457701591]},{"billed_charge":58.00,"npi":[1457701591]},{"billed_charge":62.00,"npi":[1457701591]},{"billed_charge":64.00,"npi":[1457701591]},{"billed_charge":69.00,"npi":[1457701591]},{"billed_charge":156.00,"npi":[1457701591]}]},{"allowed_amount":0.00,"billing_code_modifier":[""],"providers":[{"billed_charge":35.00,"npi":[1457701591]},{"billed_charge":44.00,"npi":[1457701591]},{"billed_charge":46.00,"npi":[1457701591]},{"billed_charge":50.00,"npi":[1457701591]},{"billed_charge":52.00,"npi":[1457701591]},{"billed_charge":58.00,"npi":[1457701591]},{"billed_charge":62.00,"npi":[1457701591]},{"billed_charge":64.00,"npi":[1457701591]},{"billed_charge":69.00,"npi":[1457701591]},{"billed_charge":156.00,"npi":[1457701591]}]}]},{"tin":{"type":"ein","value":"812004389"},"service_code":["23"],"billing_class":"institutional","payments":[{"allowed_amount":0.00,"billing_code_modifier":[""],"providers":[{"billed_charge":35.00,"npi":[1457701591]},{"billed_charge":44.00,"npi":[1457701591]},{"billed_charge":46.00,"npi":[1457701591]},{"billed_charge":50.00,"npi":[1457701591]},{"billed_charge":52.00,"npi":[1457701591]},{"billed_charge":58.00,"npi":[1457701591]},{"billed_charge":62.00,"npi":[1457701591]},{"billed_charge":64.00,"npi":[1457701591]},{"billed_charge":69.00,"npi":[1457701591]},{"billed_charge":156.00,"npi":[1457701591]}]},{"allowed_amount":0.00,"billing_code_modifier":[""],"providers":[{"billed_charge":35.00,"npi":[1457701591]},{"billed_charge":44.00,"npi":[1457701591]},{"billed_charge":46.00,"npi":[1457701591]},{"billed_charge":50.00,"npi":[1457701591]},{"billed_charge":52.00,"npi":[1457701591]},{"billed_charge":58.00,"npi":[1457701591]},{"billed_charge":62.00,"npi":[1457701591]},{"billed_charge":64.00,"npi":[1457701591]},{"billed_charge":69.00,"npi":[1457701591]},{"billed_charge":156.00,"npi":[1457701591]}]},{"allowed_amount":0.00,"billing_code_modifier":[""],"providers":[{"billed_charge":35.00,"npi":[1457701591]},{"billed_charge":44.00,"npi":[1457701591]},{"billed_charge":46.00,"npi":[1457701591]},{"billed_charge":50.00,"npi":[1457701591]},{"billed_charge":52.00,"npi":[1457701591]},{"billed_charge":58.00,"npi":[1457701591]},{"billed_charge":62.00,"npi":[1457701591]},{"billed_charge":64.00,"npi":[1457701591]},{"billed_charge":69.00,"npi":[1457701591]},{"billed_charge":156.00,"npi":[1457701591]}]},{"allowed_amount":0.00,"billing_code_modifier":[""],"providers":[{"billed_charge":35.00,"npi":[1457701591]},{"billed_charge":44.00,"npi":[1457701591]},{"billed_charge":46.00,"npi":[1457701591]},{"billed_charge":50.00,"npi":[1457701591]},{"billed_charge":52.00,"npi":[1457701591]},{"billed_charge":58.00,"npi":[1457701591]},{"billed_charge":62.00,"npi":[1457701591]},{"billed_charge":64.00,"npi":[1457701591]},{"billed_charge":69.00,"npi":[1457701591]},{"billed_charge":156.00,"npi":[1457701591]}]},{"allowed_amount":0.00,"billing_code_modifier":[""],"providers":[{"billed_charge":35.00,"npi":[1457701591]},{"billed_charge":44.00,"npi":[1457701591]},{"billed_charge":46.00,"npi":[1457701591]},{"billed_charge":50.00,"npi":[1457701591]},{"billed_charge":52.00,"npi":[1457701591]},{"billed_charge":58.00,"npi":[1457701591]},{"billed_charge":62.00,"npi":[1457701591]},{"billed_charge":64.00,"npi":[1457701591]},{"billed_charge":69.00,"npi":[1457701591]},{"billed_charge":156.00,"npi":[1457701591]}]},{"allowed_amount":0.00,"billing_code_modifier":[""],"providers":[{"billed_charge":35.00,"npi":[1457701591]},{"billed_charge":44.00,"npi":[1457701591]},{"billed_charge":46.00,"npi":[1457701591]},{"billed_charge":50.00,"npi":[1457701591]},{"billed_charge":52.00,"npi":[1457701591]},{"billed_charge":58.00,"npi":[1457701591]},{"billed_charge":62.00,"npi":[1457701591]},{"billed_charge":64.00,"npi":[1457701591]},{"billed_charge":69.00,"npi":[1457701591]},{"billed_charge":156.00,"npi":[1457701591]}]},{"allowed_amount":0.00,"billing_code_modifier":[""],"providers":[{"billed_charge":35.00,"npi":[1457701591]},{"billed_charge":44.00,"npi":[1457701591]},{"billed_charge":46.00,"npi":[1457701591]},{"billed_charge":50.00,"npi":[1457701591]},{"billed_charge":52.00,"npi":[1457701591]},{"billed_charge":58.00,"npi":[1457701591]},{"billed_charge":62.00,"npi":[1457701591]},{"billed_charge":64.00,"npi":[1457701591]},{"billed_charge":69.00,"npi":[1457701591]},{"billed_charge":156.00,"npi":[1457701591]}]},{"allowed_amount":0.00,"billing_code_modifier":[""],"providers":[{"billed_charge":35.00,"npi":[1457701591]},{"billed_charge":44.00,"npi":[1457701591]},{"billed_charge":46.00,"npi":[1457701591]},{"billed_charge":50.00,"npi":[1457701591]},{"billed_charge":52.00,"npi":[1457701591]},{"billed_charge":58.00,"npi":[1457701591]},{"billed_charge":62.00,"npi":[1457701591]},{"billed_charge":64.00,"npi":[1457701591]},{"billed_charge":69.00,"npi":[1457701591]},{"billed_charge":156.00,"npi":[1457701591]}]},{"allowed_amount":0.00,"billing_code_modifier":[""],"providers":[{"billed_charge":35.00,"npi":[1457701591]},{"billed_charge":44.00,"npi":[1457701591]},{"billed_charge":46.00,"npi":[1457701591]},{"billed_charge":50.00,"npi":[1457701591]},{"billed_charge":52.00,"npi":[1457701591]},{"billed_charge":58.00,"npi":[1457701591]},{"billed_charge":62.00,"npi":[1457701591]},{"billed_charge":64.00,"npi":[1457701591]},{"billed_charge":69.00,"npi":[1457701591]},{"billed_charge":156.00,"npi":[1457701591]}]},{"allowed_amount":0.00,"billing_code_modifier":[""],"providers":[{"billed_charge":35.00,"npi":[1457701591]},{"billed_charge":44.00,"npi":[1457701591]},{"billed_charge":46.00,"npi":[1457701591]},{"billed_charge":50.00,"npi":[1457701591]},{"billed_charge":52.00,"npi":[1457701591]},{"billed_charge":58.00,"npi":[1457701591]},{"billed_charge":62.00,"npi":[1457701591]},{"billed_charge":64.00,"npi":[1457701591]},{"billed_charge":69.00,"npi":[1457701591]},{"billed_charge":156.00,"npi":[1457701591]}]}]},{"tin":{"type":"ein","value":"831683325"},"service_code":["23"],"billing_class":"institutional","payments":[{"allowed_amount":0.00,"billing_code_modifier":[""],"providers":[{"billed_charge":120.00,"npi":[1699239780]}]}]},{"tin":{"type":"ein","value":"831871919"},"service_code":["23"],"billing_class":"institutional","payments":[{"allowed_amount":0.00,"billing_code_modifier":[""],"providers":[{"billed_charge":44.00,"npi":[1558836569]},{"billed_charge":50.00,"npi":[1558836569]},{"billed_charge":52.00,"npi":[1558836569]},{"billed_charge":58.00,"npi":[1558836569]},{"billed_charge":64.00,"npi":[1558836569]},{"billed_charge":69.00,"npi":[1558836569]},{"billed_charge":75.00,"npi":[1558836569]},{"billed_charge":156.00,"npi":[1558836569]}]},{"allowed_amount":0.00,"billing_code_modifier":[""],"providers":[{"billed_charge":44.00,"npi":[1558836569]},{"billed_charge":50.00,"npi":[1558836569]},{"billed_charge":52.00,"npi":[1558836569]},{"billed_charge":58.00,"npi":[1558836569]},{"billed_charge":64.00,"npi":[1558836569]},{"billed_charge":69.00,"npi":[1558836569]},{"billed_charge":75.00,"npi":[1558836569]},{"billed_charge":156.00,"npi":[1558836569]}]},{"allowed_amount":0.00,"billing_code_modifier":[""],"providers":[{"billed_charge":44.00,"npi":[1558836569]},{"billed_charge":50.00,"npi":[1558836569]},{"billed_charge":52.00,"npi":[1558836569]},{"billed_charge":58.00,"npi":[1558836569]},{"billed_charge":64.00,"npi":[1558836569]},{"billed_charge":69.00,"npi":[1558836569]},{"billed_charge":75.00,"npi":[1558836569]},{"billed_charge":156.00,"npi":[1558836569]}]},{"allowed_amount":0.00,"billing_code_modifier":[""],"providers":[{"billed_charge":44.00,"npi":[1558836569]},{"billed_charge":50.00,"npi":[1558836569]},{"billed_charge":52.00,"npi":[1558836569]},{"billed_charge":58.00,"npi":[1558836569]},{"billed_charge":64.00,"npi":[1558836569]},{"billed_charge":69.00,"npi":[1558836569]},{"billed_charge":75.00,"npi":[1558836569]},{"billed_charge":156.00,"npi":[1558836569]}]},{"allowed_amount":0.00,"billing_code_modifier":[""],"providers":[{"billed_charge":44.00,"npi":[1558836569]},{"billed_charge":50.00,"npi":[1558836569]},{"billed_charge":52.00,"npi":[1558836569]},{"billed_charge":58.00,"npi":[1558836569]},{"billed_charge":64.00,"npi":[1558836569]},{"billed_charge":69.00,"npi":[1558836569]},{"billed_charge":75.00,"npi":[1558836569]},{"billed_charge":156.00,"npi":[1558836569]}]},{"allowed_amount":0.00,"billing_code_modifier":[""],"providers":[{"billed_charge":44.00,"npi":[1558836569]},{"billed_charge":50.00,"npi":[1558836569]},{"billed_charge":52.00,"npi":[1558836569]},{"billed_charge":58.00,"npi":[1558836569]},{"billed_charge":64.00,"npi":[1558836569]},{"billed_charge":69.00,"npi":[1558836569]},{"billed_charge":75.00,"npi":[1558836569]},{"billed_charge":156.00,"npi":[1558836569]}]},{"allowed_amount":0.00,"billing_code_modifier":[""],"providers":[{"billed_charge":44.00,"npi":[1558836569]},{"billed_charge":50.00,"npi":[1558836569]},{"billed_charge":52.00,"npi":[1558836569]},{"billed_charge":58.00,"npi":[1558836569]},{"billed_charge":64.00,"npi":[1558836569]},{"billed_charge":69.00,"npi":[1558836569]},{"billed_charge":75.00,"npi":[1558836569]},{"billed_charge":156.00,"npi":[1558836569]}]},{"allowed_amount":0.00,"billing_code_modifier":[""],"providers":[{"billed_charge":44.00,"npi":[1558836569]},{"billed_charge":50.00,"npi":[1558836569]},{"billed_charge":52.00,"npi":[1558836569]},{"billed_charge":58.00,"npi":[1558836569]},{"billed_charge":64.00,"npi":[1558836569]},{"billed_charge":69.00,"npi":[1558836569]},{"billed_charge":75.00,"npi":[1558836569]},{"billed_charge":156.00,"npi":[1558836569]}]}]},{"tin":{"type":"ein","value":"831871919"},"service_code":["23"],"billing_class":"institutional","payments":[{"allowed_amount":0.00,"billing_code_modifier":[""],"providers":[{"billed_charge":44.00,"npi":[1558836569]},{"billed_charge":50.00,"npi":[1558836569]},{"billed_charge":52.00,"npi":[1558836569]},{"billed_charge":58.00,"npi":[1558836569]},{"billed_charge":64.00,"npi":[1558836569]},{"billed_charge":69.00,"npi":[1558836569]},{"billed_charge":75.00,"npi":[1558836569]},{"billed_charge":156.00,"npi":[1558836569]}]},{"allowed_amount":0.00,"billing_code_modifier":[""],"providers":[{"billed_charge":44.00,"npi":[1558836569]},{"billed_charge":50.00,"npi":[1558836569]},{"billed_charge":52.00,"npi":[1558836569]},{"billed_charge":58.00,"npi":[1558836569]},{"billed_charge":64.00,"npi":[1558836569]},{"billed_charge":69.00,"npi":[1558836569]},{"billed_charge":75.00,"npi":[1558836569]},{"billed_charge":156.00,"npi":[1558836569]}]},{"allowed_amount":0.00,"billing_code_modifier":[""],"providers":[{"billed_charge":44.00,"npi":[1558836569]},{"billed_charge":50.00,"npi":[1558836569]},{"billed_charge":52.00,"npi":[1558836569]},{"billed_charge":58.00,"npi":[1558836569]},{"billed_charge":64.00,"npi":[1558836569]},{"billed_charge":69.00,"npi":[1558836569]},{"billed_charge":75.00,"npi":[1558836569]},{"billed_charge":156.00,"npi":[1558836569]}]},{"allowed_amount":0.00,"billing_code_modifier":[""],"providers":[{"billed_charge":44.00,"npi":[1558836569]},{"billed_charge":50.00,"npi":[1558836569]},{"billed_charge":52.00,"npi":[1558836569]},{"billed_charge":58.00,"npi":[1558836569]},{"billed_charge":64.00,"npi":[1558836569]},{"billed_charge":69.00,"npi":[1558836569]},{"billed_charge":75.00,"npi":[1558836569]},{"billed_charge":156.00,"npi":[1558836569]}]},{"allowed_amount":0.00,"billing_code_modifier":[""],"providers":[{"billed_charge":44.00,"npi":[1558836569]},{"billed_charge":50.00,"npi":[1558836569]},{"billed_charge":52.00,"npi":[1558836569]},{"billed_charge":58.00,"npi":[1558836569]},{"billed_charge":64.00,"npi":[1558836569]},{"billed_charge":69.00,"npi":[1558836569]},{"billed_charge":75.00,"npi":[1558836569]},{"billed_charge":156.00,"npi":[1558836569]}]},{"allowed_amount":0.00,"billing_code_modifier":[""],"providers":[{"billed_charge":44.00,"npi":[1558836569]},{"billed_charge":50.00,"npi":[1558836569]},{"billed_charge":52.00,"npi":[1558836569]},{"billed_charge":58.00,"npi":[1558836569]},{"billed_charge":64.00,"npi":[1558836569]},{"billed_charge":69.00,"npi":[1558836569]},{"billed_charge":75.00,"npi":[1558836569]},{"billed_charge":156.00,"npi":[1558836569]}]},{"allowed_amount":0.00,"billing_code_modifier":[""],"providers":[{"billed_charge":44.00,"npi":[1558836569]},{"billed_charge":50.00,"npi":[1558836569]},{"billed_charge":52.00,"npi":[1558836569]},{"billed_charge":58.00,"npi":[1558836569]},{"billed_charge":64.00,"npi":[1558836569]},{"billed_charge":69.00,"npi":[1558836569]},{"billed_charge":75.00,"npi":[1558836569]},{"billed_charge":156.00,"npi":[1558836569]}]},{"allowed_amount":0.00,"billing_code_modifier":[""],"providers":[{"billed_charge":44.00,"npi":[1558836569]},{"billed_charge":50.00,"npi":[1558836569]},{"billed_charge":52.00,"npi":[1558836569]},{"billed_charge":58.00,"npi":[1558836569]},{"billed_charge":64.00,"npi":[1558836569]},{"billed_charge":69.00,"npi":[1558836569]},{"billed_charge":75.00,"npi":[1558836569]},{"billed_charge":156.00,"npi":[1558836569]}]}]},{"tin":{"type":"ein","value":"831871919"},"service_code":["23"],"billing_class":"institutional","payments":[{"allowed_amount":0.00,"billing_code_modifier":[""],"providers":[{"billed_charge":44.00,"npi":[1558836569]},{"billed_charge":50.00,"npi":[1558836569]},{"billed_charge":52.00,"npi":[1558836569]},{"billed_charge":58.00,"npi":[1558836569]},{"billed_charge":64.00,"npi":[1558836569]},{"billed_charge":69.00,"npi":[1558836569]},{"billed_charge":75.00,"npi":[1558836569]},{"billed_charge":156.00,"npi":[1558836569]}]},{"allowed_amount":0.00,"billing_code_modifier":[""],"providers":[{"billed_charge":44.00,"npi":[1558836569]},{"billed_charge":50.00,"npi":[1558836569]},{"billed_charge":52.00,"npi":[1558836569]},{"billed_charge":58.00,"npi":[1558836569]},{"billed_charge":64.00,"npi":[1558836569]},{"billed_charge":69.00,"npi":[1558836569]},{"billed_charge":75.00,"npi":[1558836569]},{"billed_charge":156.00,"npi":[1558836569]}]},{"allowed_amount":0.00,"billing_code_modifier":[""],"providers":[{"billed_charge":44.00,"npi":[1558836569]},{"billed_charge":50.00,"npi":[1558836569]},{"billed_charge":52.00,"npi":[1558836569]},{"billed_charge":58.00,"npi":[1558836569]},{"billed_charge":64.00,"npi":[1558836569]},{"billed_charge":69.00,"npi":[1558836569]},{"billed_charge":75.00,"npi":[1558836569]},{"billed_charge":156.00,"npi":[1558836569]}]},{"allowed_amount":0.00,"billing_code_modifier":[""],"providers":[{"billed_charge":44.00,"npi":[1558836569]},{"billed_charge":50.00,"npi":[1558836569]},{"billed_charge":52.00,"npi":[1558836569]},{"billed_charge":58.00,"npi":[1558836569]},{"billed_charge":64.00,"npi":[1558836569]},{"billed_charge":69.00,"npi":[1558836569]},{"billed_charge":75.00,"npi":[1558836569]},{"billed_charge":156.00,"npi":[1558836569]}]},{"allowed_amount":0.00,"billing_code_modifier":[""],"providers":[{"billed_charge":44.00,"npi":[1558836569]},{"billed_charge":50.00,"npi":[1558836569]},{"billed_charge":52.00,"npi":[1558836569]},{"billed_charge":58.00,"npi":[1558836569]},{"billed_charge":64.00,"npi":[1558836569]},{"billed_charge":69.00,"npi":[1558836569]},{"billed_charge":75.00,"npi":[1558836569]},{"billed_charge":156.00,"npi":[1558836569]}]},{"allowed_amount":0.00,"billing_code_modifier":[""],"providers":[{"billed_charge":44.00,"npi":[1558836569]},{"billed_charge":50.00,"npi":[1558836569]},{"billed_charge":52.00,"npi":[1558836569]},{"billed_charge":58.00,"npi":[1558836569]},{"billed_charge":64.00,"npi":[1558836569]},{"billed_charge":69.00,"npi":[1558836569]},{"billed_charge":75.00,"npi":[1558836569]},{"billed_charge":156.00,"npi":[1558836569]}]},{"allowed_amount":0.00,"billing_code_modifier":[""],"providers":[{"billed_charge":44.00,"npi":[1558836569]},{"billed_charge":50.00,"npi":[1558836569]},{"billed_charge":52.00,"npi":[1558836569]},{"billed_charge":58.00,"npi":[1558836569]},{"billed_charge":64.00,"npi":[1558836569]},{"billed_charge":69.00,"npi":[1558836569]},{"billed_charge":75.00,"npi":[1558836569]},{"billed_charge":156.00,"npi":[1558836569]}]},{"allowed_amount":0.00,"billing_code_modifier":[""],"providers":[{"billed_charge":44.00,"npi":[1558836569]},{"billed_charge":50.00,"npi":[1558836569]},{"billed_charge":52.00,"npi":[1558836569]},{"billed_charge":58.00,"npi":[1558836569]},{"billed_charge":64.00,"npi":[1558836569]},{"billed_charge":69.00,"npi":[1558836569]},{"billed_charge":75.00,"npi":[1558836569]},{"billed_charge":156.00,"npi":[1558836569]}]}]},{"tin":{"type":"ein","value":"831871919"},"service_code":["23"],"billing_class":"institutional","payments":[{"allowed_amount":0.00,"billing_code_modifier":[""],"providers":[{"billed_charge":44.00,"npi":[1558836569]},{"billed_charge":50.00,"npi":[1558836569]},{"billed_charge":52.00,"npi":[1558836569]},{"billed_charge":58.00,"npi":[1558836569]},{"billed_charge":64.00,"npi":[1558836569]},{"billed_charge":69.00,"npi":[1558836569]},{"billed_charge":75.00,"npi":[1558836569]},{"billed_charge":156.00,"npi":[1558836569]}]},{"allowed_amount":0.00,"billing_code_modifier":[""],"providers":[{"billed_charge":44.00,"npi":[1558836569]},{"billed_charge":50.00,"npi":[1558836569]},{"billed_charge":52.00,"npi":[1558836569]},{"billed_charge":58.00,"npi":[1558836569]},{"billed_charge":64.00,"npi":[1558836569]},{"billed_charge":69.00,"npi":[1558836569]},{"billed_charge":75.00,"npi":[1558836569]},{"billed_charge":156.00,"npi":[1558836569]}]},{"allowed_amount":0.00,"billing_code_modifier":[""],"providers":[{"billed_charge":44.00,"npi":[1558836569]},{"billed_charge":50.00,"npi":[1558836569]},{"billed_charge":52.00,"npi":[1558836569]},{"billed_charge":58.00,"npi":[1558836569]},{"billed_charge":64.00,"npi":[1558836569]},{"billed_charge":69.00,"npi":[1558836569]},{"billed_charge":75.00,"npi":[1558836569]},{"billed_charge":156.00,"npi":[1558836569]}]},{"allowed_amount":0.00,"billing_code_modifier":[""],"providers":[{"billed_charge":44.00,"npi":[1558836569]},{"billed_charge":50.00,"npi":[1558836569]},{"billed_charge":52.00,"npi":[1558836569]},{"billed_charge":58.00,"npi":[1558836569]},{"billed_charge":64.00,"npi":[1558836569]},{"billed_charge":69.00,"npi":[1558836569]},{"billed_charge":75.00,"npi":[1558836569]},{"billed_charge":156.00,"npi":[1558836569]}]},{"allowed_amount":0.00,"billing_code_modifier":[""],"providers":[{"billed_charge":44.00,"npi":[1558836569]},{"billed_charge":50.00,"npi":[1558836569]},{"billed_charge":52.00,"npi":[1558836569]},{"billed_charge":58.00,"npi":[1558836569]},{"billed_charge":64.00,"npi":[1558836569]},{"billed_charge":69.00,"npi":[1558836569]},{"billed_charge":75.00,"npi":[1558836569]},{"billed_charge":156.00,"npi":[1558836569]}]},{"allowed_amount":0.00,"billing_code_modifier":[""],"providers":[{"billed_charge":44.00,"npi":[1558836569]},{"billed_charge":50.00,"npi":[1558836569]},{"billed_charge":52.00,"npi":[1558836569]},{"billed_charge":58.00,"npi":[1558836569]},{"billed_charge":64.00,"npi":[1558836569]},{"billed_charge":69.00,"npi":[1558836569]},{"billed_charge":75.00,"npi":[1558836569]},{"billed_charge":156.00,"npi":[1558836569]}]},{"allowed_amount":0.00,"billing_code_modifier":[""],"providers":[{"billed_charge":44.00,"npi":[1558836569]},{"billed_charge":50.00,"npi":[1558836569]},{"billed_charge":52.00,"npi":[1558836569]},{"billed_charge":58.00,"npi":[1558836569]},{"billed_charge":64.00,"npi":[1558836569]},{"billed_charge":69.00,"npi":[1558836569]},{"billed_charge":75.00,"npi":[1558836569]},{"billed_charge":156.00,"npi":[1558836569]}]},{"allowed_amount":0.00,"billing_code_modifier":[""],"providers":[{"billed_charge":44.00,"npi":[1558836569]},{"billed_charge":50.00,"npi":[1558836569]},{"billed_charge":52.00,"npi":[1558836569]},{"billed_charge":58.00,"npi":[1558836569]},{"billed_charge":64.00,"npi":[1558836569]},{"billed_charge":69.00,"npi":[1558836569]},{"billed_charge":75.00,"npi":[1558836569]},{"billed_charge":156.00,"npi":[1558836569]}]}]},{"tin":{"type":"ein","value":"831871919"},"service_code":["23"],"billing_class":"institutional","payments":[{"allowed_amount":0.00,"billing_code_modifier":[""],"providers":[{"billed_charge":44.00,"npi":[1558836569]},{"billed_charge":50.00,"npi":[1558836569]},{"billed_charge":52.00,"npi":[1558836569]},{"billed_charge":58.00,"npi":[1558836569]},{"billed_charge":64.00,"npi":[1558836569]},{"billed_charge":69.00,"npi":[1558836569]},{"billed_charge":75.00,"npi":[1558836569]},{"billed_charge":156.00,"npi":[1558836569]}]},{"allowed_amount":0.00,"billing_code_modifier":[""],"providers":[{"billed_charge":44.00,"npi":[1558836569]},{"billed_charge":50.00,"npi":[1558836569]},{"billed_charge":52.00,"npi":[1558836569]},{"billed_charge":58.00,"npi":[1558836569]},{"billed_charge":64.00,"npi":[1558836569]},{"billed_charge":69.00,"npi":[1558836569]},{"billed_charge":75.00,"npi":[1558836569]},{"billed_charge":156.00,"npi":[1558836569]}]},{"allowed_amount":0.00,"billing_code_modifier":[""],"providers":[{"billed_charge":44.00,"npi":[1558836569]},{"billed_charge":50.00,"npi":[1558836569]},{"billed_charge":52.00,"npi":[1558836569]},{"billed_charge":58.00,"npi":[1558836569]},{"billed_charge":64.00,"npi":[1558836569]},{"billed_charge":69.00,"npi":[1558836569]},{"billed_charge":75.00,"npi":[1558836569]},{"billed_charge":156.00,"npi":[1558836569]}]},{"allowed_amount":0.00,"billing_code_modifier":[""],"providers":[{"billed_charge":44.00,"npi":[1558836569]},{"billed_charge":50.00,"npi":[1558836569]},{"billed_charge":52.00,"npi":[1558836569]},{"billed_charge":58.00,"npi":[1558836569]},{"billed_charge":64.00,"npi":[1558836569]},{"billed_charge":69.00,"npi":[1558836569]},{"billed_charge":75.00,"npi":[1558836569]},{"billed_charge":156.00,"npi":[1558836569]}]},{"allowed_amount":0.00,"billing_code_modifier":[""],"providers":[{"billed_charge":44.00,"npi":[1558836569]},{"billed_charge":50.00,"npi":[1558836569]},{"billed_charge":52.00,"npi":[1558836569]},{"billed_charge":58.00,"npi":[1558836569]},{"billed_charge":64.00,"npi":[1558836569]},{"billed_charge":69.00,"npi":[1558836569]},{"billed_charge":75.00,"npi":[1558836569]},{"billed_charge":156.00,"npi":[1558836569]}]},{"allowed_amount":0.00,"billing_code_modifier":[""],"providers":[{"billed_charge":44.00,"npi":[1558836569]},{"billed_charge":50.00,"npi":[1558836569]},{"billed_charge":52.00,"npi":[1558836569]},{"billed_charge":58.00,"npi":[1558836569]},{"billed_charge":64.00,"npi":[1558836569]},{"billed_charge":69.00,"npi":[1558836569]},{"billed_charge":75.00,"npi":[1558836569]},{"billed_charge":156.00,"npi":[1558836569]}]},{"allowed_amount":0.00,"billing_code_modifier":[""],"providers":[{"billed_charge":44.00,"npi":[1558836569]},{"billed_charge":50.00,"npi":[1558836569]},{"billed_charge":52.00,"npi":[1558836569]},{"billed_charge":58.00,"npi":[1558836569]},{"billed_charge":64.00,"npi":[1558836569]},{"billed_charge":69.00,"npi":[1558836569]},{"billed_charge":75.00,"npi":[1558836569]},{"billed_charge":156.00,"npi":[1558836569]}]},{"allowed_amount":0.00,"billing_code_modifier":[""],"providers":[{"billed_charge":44.00,"npi":[1558836569]},{"billed_charge":50.00,"npi":[1558836569]},{"billed_charge":52.00,"npi":[1558836569]},{"billed_charge":58.00,"npi":[1558836569]},{"billed_charge":64.00,"npi":[1558836569]},{"billed_charge":69.00,"npi":[1558836569]},{"billed_charge":75.00,"npi":[1558836569]},{"billed_charge":156.00,"npi":[1558836569]}]}]},{"tin":{"type":"ein","value":"831871919"},"service_code":["23"],"billing_class":"institutional","payments":[{"allowed_amount":0.00,"billing_code_modifier":[""],"providers":[{"billed_charge":44.00,"npi":[1558836569]},{"billed_charge":50.00,"npi":[1558836569]},{"billed_charge":52.00,"npi":[1558836569]},{"billed_charge":58.00,"npi":[1558836569]},{"billed_charge":64.00,"npi":[1558836569]},{"billed_charge":69.00,"npi":[1558836569]},{"billed_charge":75.00,"npi":[1558836569]},{"billed_charge":156.00,"npi":[1558836569]}]},{"allowed_amount":0.00,"billing_code_modifier":[""],"providers":[{"billed_charge":44.00,"npi":[1558836569]},{"billed_charge":50.00,"npi":[1558836569]},{"billed_charge":52.00,"npi":[1558836569]},{"billed_charge":58.00,"npi":[1558836569]},{"billed_charge":64.00,"npi":[1558836569]},{"billed_charge":69.00,"npi":[1558836569]},{"billed_charge":75.00,"npi":[1558836569]},{"billed_charge":156.00,"npi":[1558836569]}]},{"allowed_amount":0.00,"billing_code_modifier":[""],"providers":[{"billed_charge":44.00,"npi":[1558836569]},{"billed_charge":50.00,"npi":[1558836569]},{"billed_charge":52.00,"npi":[1558836569]},{"billed_charge":58.00,"npi":[1558836569]},{"billed_charge":64.00,"npi":[1558836569]},{"billed_charge":69.00,"npi":[1558836569]},{"billed_charge":75.00,"npi":[1558836569]},{"billed_charge":156.00,"npi":[1558836569]}]},{"allowed_amount":0.00,"billing_code_modifier":[""],"providers":[{"billed_charge":44.00,"npi":[1558836569]},{"billed_charge":50.00,"npi":[1558836569]},{"billed_charge":52.00,"npi":[1558836569]},{"billed_charge":58.00,"npi":[1558836569]},{"billed_charge":64.00,"npi":[1558836569]},{"billed_charge":69.00,"npi":[1558836569]},{"billed_charge":75.00,"npi":[1558836569]},{"billed_charge":156.00,"npi":[1558836569]}]},{"allowed_amount":0.00,"billing_code_modifier":[""],"providers":[{"billed_charge":44.00,"npi":[1558836569]},{"billed_charge":50.00,"npi":[1558836569]},{"billed_charge":52.00,"npi":[1558836569]},{"billed_charge":58.00,"npi":[1558836569]},{"billed_charge":64.00,"npi":[1558836569]},{"billed_charge":69.00,"npi":[1558836569]},{"billed_charge":75.00,"npi":[1558836569]},{"billed_charge":156.00,"npi":[1558836569]}]},{"allowed_amount":0.00,"billing_code_modifier":[""],"providers":[{"billed_charge":44.00,"npi":[1558836569]},{"billed_charge":50.00,"npi":[1558836569]},{"billed_charge":52.00,"npi":[1558836569]},{"billed_charge":58.00,"npi":[1558836569]},{"billed_charge":64.00,"npi":[1558836569]},{"billed_charge":69.00,"npi":[1558836569]},{"billed_charge":75.00,"npi":[1558836569]},{"billed_charge":156.00,"npi":[1558836569]}]},{"allowed_amount":0.00,"billing_code_modifier":[""],"providers":[{"billed_charge":44.00,"npi":[1558836569]},{"billed_charge":50.00,"npi":[1558836569]},{"billed_charge":52.00,"npi":[1558836569]},{"billed_charge":58.00,"npi":[1558836569]},{"billed_charge":64.00,"npi":[1558836569]},{"billed_charge":69.00,"npi":[1558836569]},{"billed_charge":75.00,"npi":[1558836569]},{"billed_charge":156.00,"npi":[1558836569]}]},{"allowed_amount":0.00,"billing_code_modifier":[""],"providers":[{"billed_charge":44.00,"npi":[1558836569]},{"billed_charge":50.00,"npi":[1558836569]},{"billed_charge":52.00,"npi":[1558836569]},{"billed_charge":58.00,"npi":[1558836569]},{"billed_charge":64.00,"npi":[1558836569]},{"billed_charge":69.00,"npi":[1558836569]},{"billed_charge":75.00,"npi":[1558836569]},{"billed_charge":156.00,"npi":[1558836569]}]}]},{"tin":{"type":"ein","value":"831871919"},"service_code":["23"],"billing_class":"institutional","payments":[{"allowed_amount":0.00,"billing_code_modifier":[""],"providers":[{"billed_charge":44.00,"npi":[1558836569]},{"billed_charge":50.00,"npi":[1558836569]},{"billed_charge":52.00,"npi":[1558836569]},{"billed_charge":58.00,"npi":[1558836569]},{"billed_charge":64.00,"npi":[1558836569]},{"billed_charge":69.00,"npi":[1558836569]},{"billed_charge":75.00,"npi":[1558836569]},{"billed_charge":156.00,"npi":[1558836569]}]},{"allowed_amount":0.00,"billing_code_modifier":[""],"providers":[{"billed_charge":44.00,"npi":[1558836569]},{"billed_charge":50.00,"npi":[1558836569]},{"billed_charge":52.00,"npi":[1558836569]},{"billed_charge":58.00,"npi":[1558836569]},{"billed_charge":64.00,"npi":[1558836569]},{"billed_charge":69.00,"npi":[1558836569]},{"billed_charge":75.00,"npi":[1558836569]},{"billed_charge":156.00,"npi":[1558836569]}]},{"allowed_amount":0.00,"billing_code_modifier":[""],"providers":[{"billed_charge":44.00,"npi":[1558836569]},{"billed_charge":50.00,"npi":[1558836569]},{"billed_charge":52.00,"npi":[1558836569]},{"billed_charge":58.00,"npi":[1558836569]},{"billed_charge":64.00,"npi":[1558836569]},{"billed_charge":69.00,"npi":[1558836569]},{"billed_charge":75.00,"npi":[1558836569]},{"billed_charge":156.00,"npi":[1558836569]}]},{"allowed_amount":0.00,"billing_code_modifier":[""],"providers":[{"billed_charge":44.00,"npi":[1558836569]},{"billed_charge":50.00,"npi":[1558836569]},{"billed_charge":52.00,"npi":[1558836569]},{"billed_charge":58.00,"npi":[1558836569]},{"billed_charge":64.00,"npi":[1558836569]},{"billed_charge":69.00,"npi":[1558836569]},{"billed_charge":75.00,"npi":[1558836569]},{"billed_charge":156.00,"npi":[1558836569]}]},{"allowed_amount":0.00,"billing_code_modifier":[""],"providers":[{"billed_charge":44.00,"npi":[1558836569]},{"billed_charge":50.00,"npi":[1558836569]},{"billed_charge":52.00,"npi":[1558836569]},{"billed_charge":58.00,"npi":[1558836569]},{"billed_charge":64.00,"npi":[1558836569]},{"billed_charge":69.00,"npi":[1558836569]},{"billed_charge":75.00,"npi":[1558836569]},{"billed_charge":156.00,"npi":[1558836569]}]},{"allowed_amount":0.00,"billing_code_modifier":[""],"providers":[{"billed_charge":44.00,"npi":[1558836569]},{"billed_charge":50.00,"npi":[1558836569]},{"billed_charge":52.00,"npi":[1558836569]},{"billed_charge":58.00,"npi":[1558836569]},{"billed_charge":64.00,"npi":[1558836569]},{"billed_charge":69.00,"npi":[1558836569]},{"billed_charge":75.00,"npi":[1558836569]},{"billed_charge":156.00,"npi":[1558836569]}]},{"allowed_amount":0.00,"billing_code_modifier":[""],"providers":[{"billed_charge":44.00,"npi":[1558836569]},{"billed_charge":50.00,"npi":[1558836569]},{"billed_charge":52.00,"npi":[1558836569]},{"billed_charge":58.00,"npi":[1558836569]},{"billed_charge":64.00,"npi":[1558836569]},{"billed_charge":69.00,"npi":[1558836569]},{"billed_charge":75.00,"npi":[1558836569]},{"billed_charge":156.00,"npi":[1558836569]}]},{"allowed_amount":0.00,"billing_code_modifier":[""],"providers":[{"billed_charge":44.00,"npi":[1558836569]},{"billed_charge":50.00,"npi":[1558836569]},{"billed_charge":52.00,"npi":[1558836569]},{"billed_charge":58.00,"npi":[1558836569]},{"billed_charge":64.00,"npi":[1558836569]},{"billed_charge":69.00,"npi":[1558836569]},{"billed_charge":75.00,"npi":[1558836569]},{"billed_charge":156.00,"npi":[1558836569]}]}]},{"tin":{"type":"ein","value":"831871919"},"service_code":["23"],"billing_class":"institutional","payments":[{"allowed_amount":0.00,"billing_code_modifier":[""],"providers":[{"billed_charge":44.00,"npi":[1558836569]},{"billed_charge":50.00,"npi":[1558836569]},{"billed_charge":52.00,"npi":[1558836569]},{"billed_charge":58.00,"npi":[1558836569]},{"billed_charge":64.00,"npi":[1558836569]},{"billed_charge":69.00,"npi":[1558836569]},{"billed_charge":75.00,"npi":[1558836569]},{"billed_charge":156.00,"npi":[1558836569]}]},{"allowed_amount":0.00,"billing_code_modifier":[""],"providers":[{"billed_charge":44.00,"npi":[1558836569]},{"billed_charge":50.00,"npi":[1558836569]},{"billed_charge":52.00,"npi":[1558836569]},{"billed_charge":58.00,"npi":[1558836569]},{"billed_charge":64.00,"npi":[1558836569]},{"billed_charge":69.00,"npi":[1558836569]},{"billed_charge":75.00,"npi":[1558836569]},{"billed_charge":156.00,"npi":[1558836569]}]},{"allowed_amount":0.00,"billing_code_modifier":[""],"providers":[{"billed_charge":44.00,"npi":[1558836569]},{"billed_charge":50.00,"npi":[1558836569]},{"billed_charge":52.00,"npi":[1558836569]},{"billed_charge":58.00,"npi":[1558836569]},{"billed_charge":64.00,"npi":[1558836569]},{"billed_charge":69.00,"npi":[1558836569]},{"billed_charge":75.00,"npi":[1558836569]},{"billed_charge":156.00,"npi":[1558836569]}]},{"allowed_amount":0.00,"billing_code_modifier":[""],"providers":[{"billed_charge":44.00,"npi":[1558836569]},{"billed_charge":50.00,"npi":[1558836569]},{"billed_charge":52.00,"npi":[1558836569]},{"billed_charge":58.00,"npi":[1558836569]},{"billed_charge":64.00,"npi":[1558836569]},{"billed_charge":69.00,"npi":[1558836569]},{"billed_charge":75.00,"npi":[1558836569]},{"billed_charge":156.00,"npi":[1558836569]}]},{"allowed_amount":0.00,"billing_code_modifier":[""],"providers":[{"billed_charge":44.00,"npi":[1558836569]},{"billed_charge":50.00,"npi":[1558836569]},{"billed_charge":52.00,"npi":[1558836569]},{"billed_charge":58.00,"npi":[1558836569]},{"billed_charge":64.00,"npi":[1558836569]},{"billed_charge":69.00,"npi":[1558836569]},{"billed_charge":75.00,"npi":[1558836569]},{"billed_charge":156.00,"npi":[1558836569]}]},{"allowed_amount":0.00,"billing_code_modifier":[""],"providers":[{"billed_charge":44.00,"npi":[1558836569]},{"billed_charge":50.00,"npi":[1558836569]},{"billed_charge":52.00,"npi":[1558836569]},{"billed_charge":58.00,"npi":[1558836569]},{"billed_charge":64.00,"npi":[1558836569]},{"billed_charge":69.00,"npi":[1558836569]},{"billed_charge":75.00,"npi":[1558836569]},{"billed_charge":156.00,"npi":[1558836569]}]},{"allowed_amount":0.00,"billing_code_modifier":[""],"providers":[{"billed_charge":44.00,"npi":[1558836569]},{"billed_charge":50.00,"npi":[1558836569]},{"billed_charge":52.00,"npi":[1558836569]},{"billed_charge":58.00,"npi":[1558836569]},{"billed_charge":64.00,"npi":[1558836569]},{"billed_charge":69.00,"npi":[1558836569]},{"billed_charge":75.00,"npi":[1558836569]},{"billed_charge":156.00,"npi":[1558836569]}]},{"allowed_amount":0.00,"billing_code_modifier":[""],"providers":[{"billed_charge":44.00,"npi":[1558836569]},{"billed_charge":50.00,"npi":[1558836569]},{"billed_charge":52.00,"npi":[1558836569]},{"billed_charge":58.00,"npi":[1558836569]},{"billed_charge":64.00,"npi":[1558836569]},{"billed_charge":69.00,"npi":[1558836569]},{"billed_charge":75.00,"npi":[1558836569]},{"billed_charge":156.00,"npi":[1558836569]}]}]}]}]}
