{"reporting_entity_name": "IEC Group_DBA AmeriBen",
	"reporting_entity_type": "Third Party Administrator",
	"plan_name": "CKS PACKAGING INC",
	"plan_id_type": "ein",
	"plan_id": "581645660",
	"plan_market_type": "group",
	"last_updated_on": "2025-06-01","Version": "1.0.0","out_of_network":[{"name":"25 HYDROXY INCLUDES FRACTIONS IF PERFORMED","billing_code_type":"CPT","billing_code_type_version":"2020","billing_code":"82306","description":"25 HYDROXY INCLUDES FRACTIONS IF PERFORMED","allowed_amounts":[{"tin":{"type":"ein","value":"852981413"},"service_code":["81"],"billing_class":"professional","payments":[{"allowed_amount":14.26,"billing_code_modifier":[""],"providers":[{"billed_charge":45.00,"npi":[1144224957,1295323053]}]}]},{"tin":{"type":"ein","value":"000000008"},"service_code":["81"],"billing_class":"professional","payments":[{"allowed_amount":14.26,"billing_code_modifier":[""],"providers":[{"billed_charge":124.08,"npi":[1083688873,1235186800]}]}]},{"tin":{"type":"ein","value":"382084239"},"service_code":["81"],"billing_class":"professional","payments":[{"allowed_amount":14.26,"billing_code_modifier":[""],"providers":[{"billed_charge":276.66,"npi":[1265505531,1528591716,1770112484,1871997866,1932166386,1952833543]}]}]},{"tin":{"type":"ein","value":"810576059"},"service_code":["81"],"billing_class":"professional","payments":[{"allowed_amount":14.26,"billing_code_modifier":[""],"providers":[{"billed_charge":124.08,"npi":[1083688873,1235186800,1598739609,1770655987,1770821621,1770909236,1861483877,1912434168,1972824712]}]}]}]},{"name":"ASSAY OF FREE THYROXINE","billing_code_type":"CPT","billing_code_type_version":"2020","billing_code":"84439","description":"ASSAY OF FREE THYROXINE","allowed_amounts":[{"tin":{"type":"ein","value":"000000008"},"service_code":["81"],"billing_class":"professional","payments":[{"allowed_amount":4.34,"billing_code_modifier":[""],"providers":[{"billed_charge":37.80,"npi":[1083688873,1235186800]}]}]},{"tin":{"type":"ein","value":"382084239"},"service_code":["81"],"billing_class":"professional","payments":[{"allowed_amount":4.34,"billing_code_modifier":[""],"providers":[{"billed_charge":167.28,"npi":[1265505531,1932166386,1952833543]}]}]},{"tin":{"type":"ein","value":"810576059"},"service_code":["81"],"billing_class":"professional","payments":[{"allowed_amount":4.34,"billing_code_modifier":[""],"providers":[{"billed_charge":37.80,"npi":[1235186800,1285607648,1528628385,1538621099,1770909236,1861483877,1972824712,1992201495]}]}]}]},{"name":"ASSAY OF PROSTATE SPECIFIC ANTIGEN TOTAL","billing_code_type":"CPT","billing_code_type_version":"2020","billing_code":"84153","description":"ASSAY OF PROSTATE SPECIFIC ANTIGEN TOTAL","allowed_amounts":[{"tin":{"type":"ein","value":"000000008"},"service_code":["81"],"billing_class":"professional","payments":[{"allowed_amount":8.86,"billing_code_modifier":[""],"providers":[{"billed_charge":77.10,"npi":[1083688873,1235186800]}]}]},{"tin":{"type":"ein","value":"382084239"},"service_code":["81"],"billing_class":"professional","payments":[{"allowed_amount":8.86,"billing_code_modifier":[""],"providers":[{"billed_charge":106.81,"npi":[1528591716,1932166386]},{"billed_charge":169.86,"npi":[1033193800,1144681016,1205250487,1932166386]}]},{"allowed_amount":8.86,"billing_code_modifier":[""],"providers":[{"billed_charge":106.81,"npi":[1528591716,1932166386]},{"billed_charge":169.86,"npi":[1033193800,1144681016,1205250487,1932166386]}]}]},{"tin":{"type":"ein","value":"382084239"},"service_code":["81"],"billing_class":"professional","payments":[{"allowed_amount":8.86,"billing_code_modifier":[""],"providers":[{"billed_charge":106.81,"npi":[1528591716,1932166386]},{"billed_charge":169.86,"npi":[1033193800,1144681016,1205250487,1932166386]}]},{"allowed_amount":8.86,"billing_code_modifier":[""],"providers":[{"billed_charge":106.81,"npi":[1528591716,1932166386]},{"billed_charge":169.86,"npi":[1033193800,1144681016,1205250487,1932166386]}]}]},{"tin":{"type":"ein","value":"810576059"},"service_code":["81"],"billing_class":"professional","payments":[{"allowed_amount":8.86,"billing_code_modifier":[""],"providers":[{"billed_charge":77.10,"npi":[1184614380,1235186800,1770655987,1811323249,1861483877]}]}]}]},{"name":"BLOOD COUNT COMPLETE AUTO&AUTO DIFRNTL WBC","billing_code_type":"CPT","billing_code_type_version":"2020","billing_code":"85025","description":"BLOOD COUNT COMPLETE AUTO&AUTO DIFRNTL WBC","allowed_amounts":[{"tin":{"type":"ein","value":"382084239"},"service_code":["81"],"billing_class":"professional","payments":[{"allowed_amount":3.75,"billing_code_modifier":[""],"providers":[{"billed_charge":52.05,"npi":[1205250487,1225126485,1306533864,1770655987,1871997866,1932166386,1932569258]}]}]},{"tin":{"type":"ein","value":"810576059"},"service_code":["81"],"billing_class":"professional","payments":[{"allowed_amount":3.75,"billing_code_modifier":[""],"providers":[{"billed_charge":15.54,"npi":[1083688873,1093460727,1235186800,1285922450,1639174600,1770655987,1811323249]}]}]}]},{"name":"BODY MASS INDEX DOCUMENTED","billing_code_type":"CPT","billing_code_type_version":"2020","billing_code":"3008F","description":"BODY MASS INDEX DOCUMENTED","allowed_amounts":[{"tin":{"type":"ein","value":"933850075"},"service_code":["11"],"billing_class":"professional","payments":[{"allowed_amount":0.00,"billing_code_modifier":[""],"providers":[{"billed_charge":0.01,"npi":[1396527321,1467718767,1518550664,1629407549,1942649785]}]}]},{"tin":{"type":"ein","value":"581896468"},"service_code":["11"],"billing_class":"professional","payments":[{"allowed_amount":0.00,"billing_code_modifier":[""],"providers":[{"billed_charge":0.01,"npi":[1235296054,1972605624]}]}]}]},{"name":"COLLECTION VENOUS BLOOD VENIPUNCTURE","billing_code_type":"CPT","billing_code_type_version":"2020","billing_code":"36415","description":"COLLECTION VENOUS BLOOD VENIPUNCTURE","allowed_amounts":[{"tin":{"type":"ein","value":"852981413"},"service_code":["81"],"billing_class":"professional","payments":[{"allowed_amount":1.02,"billing_code_modifier":[""],"providers":[{"billed_charge":15.00,"npi":[1144224957,1295323053]}]}]},{"tin":{"type":"ein","value":"382084239"},"service_code":["81"],"billing_class":"professional","payments":[{"allowed_amount":1.02,"billing_code_modifier":[""],"providers":[{"billed_charge":36.40,"npi":[1134233620,1205250487,1275620452,1306533864,1528591716,1932166386]}]}]},{"tin":{"type":"ein","value":"751093698"},"service_code":["81"],"billing_class":"professional","payments":[{"allowed_amount":1.02,"billing_code_modifier":[""],"providers":[{"billed_charge":12.00,"npi":[1659339711,1962481820]}]}]}]},{"name":"COMPREHENSIVE METABOLIC PANEL","billing_code_type":"CPT","billing_code_type_version":"2020","billing_code":"80053","description":"COMPREHENSIVE METABOLIC PANEL","allowed_amounts":[{"tin":{"type":"ein","value":"382084239"},"service_code":["81"],"billing_class":"professional","payments":[{"allowed_amount":5.09,"billing_code_modifier":[""],"providers":[{"billed_charge":100.75,"npi":[1205250487,1225126485,1306533864,1528591716,1770655987,1871997866,1932166386,1932569258,1952833543]}]}]},{"tin":{"type":"ein","value":"810576059"},"service_code":["81"],"billing_class":"professional","payments":[{"allowed_amount":5.09,"billing_code_modifier":[""],"providers":[{"billed_charge":21.12,"npi":[1083688873,1093460727,1235186800,1285922450,1386900488,1528628385,1699762419,1770655987,1811323249,1902896293,1972824712]}]}]}]},{"name":"DOCREV CUR MEDS BY ELIG CLIN","billing_code_type":"HCPCS","billing_code_type_version":"HCPCS LEVEL II 2021","billing_code":"G8427","description":"DOCREV CUR MEDS BY ELIG CLIN","allowed_amounts":[{"tin":{"type":"ein","value":"933850075"},"service_code":["11"],"billing_class":"professional","payments":[{"allowed_amount":0.00,"billing_code_modifier":[""],"providers":[{"billed_charge":0.01,"npi":[1396527321,1467718767,1518550664,1629407549,1942649785]}]}]}]},{"name":"DRUG TEST DEF 8-14 CLASSES","billing_code_type":"HCPCS","billing_code_type_version":"HCPCS LEVEL II 2021","billing_code":"G0481","description":"DRUG TEST DEF 8-14 CLASSES","allowed_amounts":[{"tin":{"type":"ein","value":"474527287"},"service_code":["81"],"billing_class":"professional","payments":[{"allowed_amount":117.84,"billing_code_modifier":[""],"providers":[{"billed_charge":782.95,"npi":[1134282114,1851768097]}]}]}]},{"name":"GENERAL HEALTH PANEL","billing_code_type":"CPT","billing_code_type_version":"2020","billing_code":"80050","description":"GENERAL HEALTH PANEL","allowed_amounts":[{"tin":{"type":"ein","value":"852981413"},"service_code":["81"],"billing_class":"professional","payments":[{"allowed_amount":14.76,"billing_code_modifier":[""],"providers":[{"billed_charge":65.00,"npi":[1144224957,1295323053]}]}]},{"tin":{"type":"ein","value":"382084239"},"service_code":["81"],"billing_class":"professional","payments":[{"allowed_amount":14.76,"billing_code_modifier":[""],"providers":[{"billed_charge":302.08,"npi":[1144681016,1205250487,1265505531,1528055589,1528591716,1770112484,1932166386]}]}]},{"tin":{"type":"ein","value":"810576059"},"service_code":["81"],"billing_class":"professional","payments":[{"allowed_amount":14.76,"billing_code_modifier":[""],"providers":[{"billed_charge":60.00,"npi":[1083688873,1184614380,1235186800,1255875167,1285607648,1538621099,1598739609,1770655987,1770821621,1770909236,1831312081,1861483877,1912434168,1992201495]}]}]}]},{"name":"HEMO OPD\/HOME: HEMODIALYSIS COMP OR OTHER RATE","billing_code_type":"RC","billing_code_type_version":"UB04","billing_code":"0821","description":"HEMO OPD\/HOME: HEMODIALYSIS COMP OR OTHER RATE","allowed_amounts":[{"tin":{"type":"ein","value":"460996241"},"service_code":["65"],"billing_class":"institutional","payments":[{"allowed_amount":460.67,"billing_code_modifier":[""],"providers":[{"billed_charge":7821.03,"npi":[1205187903,1619978772]}]}]},{"tin":{"type":"ein","value":"460996241"},"service_code":["65"],"billing_class":"institutional","payments":[{"allowed_amount":463.08,"billing_code_modifier":[""],"providers":[{"billed_charge":7821.03,"npi":[1205187903,1619978772]}]}]}]},{"name":"HEMOGLOBIN GLYCOSYLATED A1C","billing_code_type":"CPT","billing_code_type_version":"2020","billing_code":"83036","description":"HEMOGLOBIN GLYCOSYLATED A1C","allowed_amounts":[{"tin":{"type":"ein","value":"852981413"},"service_code":["81"],"billing_class":"professional","payments":[{"allowed_amount":4.68,"billing_code_modifier":[""],"providers":[{"billed_charge":15.00,"npi":[1144224957,1295323053]}]}]},{"tin":{"type":"ein","value":"000000008"},"service_code":["81"],"billing_class":"professional","payments":[{"allowed_amount":4.68,"billing_code_modifier":[""],"providers":[{"billed_charge":40.68,"npi":[1083688873,1235186800]}]}]},{"tin":{"type":"ein","value":"382084239"},"service_code":["81"],"billing_class":"professional","payments":[{"allowed_amount":4.68,"billing_code_modifier":[""],"providers":[{"billed_charge":84.95,"npi":[1144681016,1205250487,1225126485,1265505531,1528591716,1770655987,1871997866,1932166386]}]}]},{"tin":{"type":"ein","value":"810576059"},"service_code":["81"],"billing_class":"professional","payments":[{"allowed_amount":4.68,"billing_code_modifier":[""],"providers":[{"billed_charge":40.68,"npi":[1083688873,1184614380,1235186800,1255875167,1285607648,1528628385,1770655987,1770821621,1770909236,1811323249,1861483877,1912434168,1972824712,1992201495]}]}]}]},{"name":"LIPID PANEL","billing_code_type":"CPT","billing_code_type_version":"2020","billing_code":"80061","description":"LIPID PANEL","allowed_amounts":[{"tin":{"type":"ein","value":"852981413"},"service_code":["81"],"billing_class":"professional","payments":[{"allowed_amount":7.68,"billing_code_modifier":[""],"providers":[{"billed_charge":20.00,"npi":[1144224957,1295323053]}]}]},{"tin":{"type":"ein","value":"000000008"},"service_code":["81"],"billing_class":"professional","payments":[{"allowed_amount":7.68,"billing_code_modifier":[""],"providers":[{"billed_charge":56.16,"npi":[1083688873,1235186800]}]}]},{"tin":{"type":"ein","value":"133757370"},"service_code":["81"],"billing_class":"professional","payments":[{"allowed_amount":9.37,"billing_code_modifier":[""],"providers":[{"billed_charge":105.53,"npi":[1013133826,1295726032]}]}]},{"tin":{"type":"ein","value":"382084239"},"service_code":["81"],"billing_class":"professional","payments":[{"allowed_amount":7.68,"billing_code_modifier":[""],"providers":[{"billed_charge":169.43,"npi":[1144681016,1205250487,1225126485,1265505531,1528055589,1528591716,1770655987,1871997866,1932166386,1952833543]}]}]},{"tin":{"type":"ein","value":"810576059"},"service_code":["81"],"billing_class":"professional","payments":[{"allowed_amount":7.68,"billing_code_modifier":[""],"providers":[{"billed_charge":56.16,"npi":[1083688873,1093460727,1184614380,1235186800,1255875167,1285607648,1285922450,1528628385,1598739609,1699762419,1770655987,1770821621,1770909236,1811323249,1861483877,1902896293,1912434168,1972824712,1992201495]}]}]},{"tin":{"type":"ein","value":"840611484"},"service_code":["81"],"billing_class":"professional","payments":[{"allowed_amount":9.37,"billing_code_modifier":[""],"providers":[{"billed_charge":102.90,"npi":[1134791973,1255314704,1376001966,1467984898,1689073819]},{"billed_charge":106.65,"npi":[1003496993,1255314704,1578519344]},{"billed_charge":107.28,"npi":[1255314704,1578519344]},{"billed_charge":108.15,"npi":[1255314704,1508845116]},{"billed_charge":109.46,"npi":[1255314704,1396990461]}]},{"allowed_amount":9.37,"billing_code_modifier":[""],"providers":[{"billed_charge":102.90,"npi":[1134791973,1255314704,1376001966,1467984898,1689073819]},{"billed_charge":106.65,"npi":[1003496993,1255314704,1578519344]},{"billed_charge":107.28,"npi":[1255314704,1578519344]},{"billed_charge":108.15,"npi":[1255314704,1508845116]},{"billed_charge":109.46,"npi":[1255314704,1396990461]}]},{"allowed_amount":9.37,"billing_code_modifier":[""],"providers":[{"billed_charge":102.90,"npi":[1134791973,1255314704,1376001966,1467984898,1689073819]},{"billed_charge":106.65,"npi":[1003496993,1255314704,1578519344]},{"billed_charge":107.28,"npi":[1255314704,1578519344]},{"billed_charge":108.15,"npi":[1255314704,1508845116]},{"billed_charge":109.46,"npi":[1255314704,1396990461]}]},{"allowed_amount":9.37,"billing_code_modifier":[""],"providers":[{"billed_charge":102.90,"npi":[1134791973,1255314704,1376001966,1467984898,1689073819]},{"billed_charge":106.65,"npi":[1003496993,1255314704,1578519344]},{"billed_charge":107.28,"npi":[1255314704,1578519344]},{"billed_charge":108.15,"npi":[1255314704,1508845116]},{"billed_charge":109.46,"npi":[1255314704,1396990461]}]},{"allowed_amount":9.37,"billing_code_modifier":[""],"providers":[{"billed_charge":102.90,"npi":[1134791973,1255314704,1376001966,1467984898,1689073819]},{"billed_charge":106.65,"npi":[1003496993,1255314704,1578519344]},{"billed_charge":107.28,"npi":[1255314704,1578519344]},{"billed_charge":108.15,"npi":[1255314704,1508845116]},{"billed_charge":109.46,"npi":[1255314704,1396990461]}]}]},{"tin":{"type":"ein","value":"840611484"},"service_code":["81"],"billing_class":"professional","payments":[{"allowed_amount":9.37,"billing_code_modifier":[""],"providers":[{"billed_charge":102.90,"npi":[1134791973,1255314704,1376001966,1467984898,1689073819]},{"billed_charge":106.65,"npi":[1003496993,1255314704,1578519344]},{"billed_charge":107.28,"npi":[1255314704,1578519344]},{"billed_charge":108.15,"npi":[1255314704,1508845116]},{"billed_charge":109.46,"npi":[1255314704,1396990461]}]},{"allowed_amount":9.37,"billing_code_modifier":[""],"providers":[{"billed_charge":102.90,"npi":[1134791973,1255314704,1376001966,1467984898,1689073819]},{"billed_charge":106.65,"npi":[1003496993,1255314704,1578519344]},{"billed_charge":107.28,"npi":[1255314704,1578519344]},{"billed_charge":108.15,"npi":[1255314704,1508845116]},{"billed_charge":109.46,"npi":[1255314704,1396990461]}]},{"allowed_amount":9.37,"billing_code_modifier":[""],"providers":[{"billed_charge":102.90,"npi":[1134791973,1255314704,1376001966,1467984898,1689073819]},{"billed_charge":106.65,"npi":[1003496993,1255314704,1578519344]},{"billed_charge":107.28,"npi":[1255314704,1578519344]},{"billed_charge":108.15,"npi":[1255314704,1508845116]},{"billed_charge":109.46,"npi":[1255314704,1396990461]}]},{"allowed_amount":9.37,"billing_code_modifier":[""],"providers":[{"billed_charge":102.90,"npi":[1134791973,1255314704,1376001966,1467984898,1689073819]},{"billed_charge":106.65,"npi":[1003496993,1255314704,1578519344]},{"billed_charge":107.28,"npi":[1255314704,1578519344]},{"billed_charge":108.15,"npi":[1255314704,1508845116]},{"billed_charge":109.46,"npi":[1255314704,1396990461]}]},{"allowed_amount":9.37,"billing_code_modifier":[""],"providers":[{"billed_charge":102.90,"npi":[1134791973,1255314704,1376001966,1467984898,1689073819]},{"billed_charge":106.65,"npi":[1003496993,1255314704,1578519344]},{"billed_charge":107.28,"npi":[1255314704,1578519344]},{"billed_charge":108.15,"npi":[1255314704,1508845116]},{"billed_charge":109.46,"npi":[1255314704,1396990461]}]}]},{"tin":{"type":"ein","value":"840611484"},"service_code":["81"],"billing_class":"professional","payments":[{"allowed_amount":9.37,"billing_code_modifier":[""],"providers":[{"billed_charge":102.90,"npi":[1134791973,1255314704,1376001966,1467984898,1689073819]},{"billed_charge":106.65,"npi":[1003496993,1255314704,1578519344]},{"billed_charge":107.28,"npi":[1255314704,1578519344]},{"billed_charge":108.15,"npi":[1255314704,1508845116]},{"billed_charge":109.46,"npi":[1255314704,1396990461]}]},{"allowed_amount":9.37,"billing_code_modifier":[""],"providers":[{"billed_charge":102.90,"npi":[1134791973,1255314704,1376001966,1467984898,1689073819]},{"billed_charge":106.65,"npi":[1003496993,1255314704,1578519344]},{"billed_charge":107.28,"npi":[1255314704,1578519344]},{"billed_charge":108.15,"npi":[1255314704,1508845116]},{"billed_charge":109.46,"npi":[1255314704,1396990461]}]},{"allowed_amount":9.37,"billing_code_modifier":[""],"providers":[{"billed_charge":102.90,"npi":[1134791973,1255314704,1376001966,1467984898,1689073819]},{"billed_charge":106.65,"npi":[1003496993,1255314704,1578519344]},{"billed_charge":107.28,"npi":[1255314704,1578519344]},{"billed_charge":108.15,"npi":[1255314704,1508845116]},{"billed_charge":109.46,"npi":[1255314704,1396990461]}]},{"allowed_amount":9.37,"billing_code_modifier":[""],"providers":[{"billed_charge":102.90,"npi":[1134791973,1255314704,1376001966,1467984898,1689073819]},{"billed_charge":106.65,"npi":[1003496993,1255314704,1578519344]},{"billed_charge":107.28,"npi":[1255314704,1578519344]},{"billed_charge":108.15,"npi":[1255314704,1508845116]},{"billed_charge":109.46,"npi":[1255314704,1396990461]}]},{"allowed_amount":9.37,"billing_code_modifier":[""],"providers":[{"billed_charge":102.90,"npi":[1134791973,1255314704,1376001966,1467984898,1689073819]},{"billed_charge":106.65,"npi":[1003496993,1255314704,1578519344]},{"billed_charge":107.28,"npi":[1255314704,1578519344]},{"billed_charge":108.15,"npi":[1255314704,1508845116]},{"billed_charge":109.46,"npi":[1255314704,1396990461]}]}]},{"tin":{"type":"ein","value":"840611484"},"service_code":["81"],"billing_class":"professional","payments":[{"allowed_amount":9.37,"billing_code_modifier":[""],"providers":[{"billed_charge":102.90,"npi":[1134791973,1255314704,1376001966,1467984898,1689073819]},{"billed_charge":106.65,"npi":[1003496993,1255314704,1578519344]},{"billed_charge":107.28,"npi":[1255314704,1578519344]},{"billed_charge":108.15,"npi":[1255314704,1508845116]},{"billed_charge":109.46,"npi":[1255314704,1396990461]}]},{"allowed_amount":9.37,"billing_code_modifier":[""],"providers":[{"billed_charge":102.90,"npi":[1134791973,1255314704,1376001966,1467984898,1689073819]},{"billed_charge":106.65,"npi":[1003496993,1255314704,1578519344]},{"billed_charge":107.28,"npi":[1255314704,1578519344]},{"billed_charge":108.15,"npi":[1255314704,1508845116]},{"billed_charge":109.46,"npi":[1255314704,1396990461]}]},{"allowed_amount":9.37,"billing_code_modifier":[""],"providers":[{"billed_charge":102.90,"npi":[1134791973,1255314704,1376001966,1467984898,1689073819]},{"billed_charge":106.65,"npi":[1003496993,1255314704,1578519344]},{"billed_charge":107.28,"npi":[1255314704,1578519344]},{"billed_charge":108.15,"npi":[1255314704,1508845116]},{"billed_charge":109.46,"npi":[1255314704,1396990461]}]},{"allowed_amount":9.37,"billing_code_modifier":[""],"providers":[{"billed_charge":102.90,"npi":[1134791973,1255314704,1376001966,1467984898,1689073819]},{"billed_charge":106.65,"npi":[1003496993,1255314704,1578519344]},{"billed_charge":107.28,"npi":[1255314704,1578519344]},{"billed_charge":108.15,"npi":[1255314704,1508845116]},{"billed_charge":109.46,"npi":[1255314704,1396990461]}]},{"allowed_amount":9.37,"billing_code_modifier":[""],"providers":[{"billed_charge":102.90,"npi":[1134791973,1255314704,1376001966,1467984898,1689073819]},{"billed_charge":106.65,"npi":[1003496993,1255314704,1578519344]},{"billed_charge":107.28,"npi":[1255314704,1578519344]},{"billed_charge":108.15,"npi":[1255314704,1508845116]},{"billed_charge":109.46,"npi":[1255314704,1396990461]}]}]},{"tin":{"type":"ein","value":"840611484"},"service_code":["81"],"billing_class":"professional","payments":[{"allowed_amount":9.37,"billing_code_modifier":[""],"providers":[{"billed_charge":102.90,"npi":[1134791973,1255314704,1376001966,1467984898,1689073819]},{"billed_charge":106.65,"npi":[1003496993,1255314704,1578519344]},{"billed_charge":107.28,"npi":[1255314704,1578519344]},{"billed_charge":108.15,"npi":[1255314704,1508845116]},{"billed_charge":109.46,"npi":[1255314704,1396990461]}]},{"allowed_amount":9.37,"billing_code_modifier":[""],"providers":[{"billed_charge":102.90,"npi":[1134791973,1255314704,1376001966,1467984898,1689073819]},{"billed_charge":106.65,"npi":[1003496993,1255314704,1578519344]},{"billed_charge":107.28,"npi":[1255314704,1578519344]},{"billed_charge":108.15,"npi":[1255314704,1508845116]},{"billed_charge":109.46,"npi":[1255314704,1396990461]}]},{"allowed_amount":9.37,"billing_code_modifier":[""],"providers":[{"billed_charge":102.90,"npi":[1134791973,1255314704,1376001966,1467984898,1689073819]},{"billed_charge":106.65,"npi":[1003496993,1255314704,1578519344]},{"billed_charge":107.28,"npi":[1255314704,1578519344]},{"billed_charge":108.15,"npi":[1255314704,1508845116]},{"billed_charge":109.46,"npi":[1255314704,1396990461]}]},{"allowed_amount":9.37,"billing_code_modifier":[""],"providers":[{"billed_charge":102.90,"npi":[1134791973,1255314704,1376001966,1467984898,1689073819]},{"billed_charge":106.65,"npi":[1003496993,1255314704,1578519344]},{"billed_charge":107.28,"npi":[1255314704,1578519344]},{"billed_charge":108.15,"npi":[1255314704,1508845116]},{"billed_charge":109.46,"npi":[1255314704,1396990461]}]},{"allowed_amount":9.37,"billing_code_modifier":[""],"providers":[{"billed_charge":102.90,"npi":[1134791973,1255314704,1376001966,1467984898,1689073819]},{"billed_charge":106.65,"npi":[1003496993,1255314704,1578519344]},{"billed_charge":107.28,"npi":[1255314704,1578519344]},{"billed_charge":108.15,"npi":[1255314704,1508845116]},{"billed_charge":109.46,"npi":[1255314704,1396990461]}]}]}]},{"name":"OFFICE\/OUTPATIENT ESTABLISHED MOD MDM 30 MIN","billing_code_type":"CPT","billing_code_type_version":"2020","billing_code":"99214","description":"OFFICE\/OUTPATIENT ESTABLISHED MOD MDM 30 MIN","allowed_amounts":[{"tin":{"type":"ein","value":"933850075"},"service_code":["11"],"billing_class":"professional","payments":[{"allowed_amount":112.51,"billing_code_modifier":[""],"providers":[{"billed_charge":251.00,"npi":[1396527321,1518550664]},{"billed_charge":258.00,"npi":[1396527321,1518550664,1942649785]},{"billed_charge":325.00,"npi":[1396527321,1467718767,1629407549,1942649785]}]},{"allowed_amount":112.51,"billing_code_modifier":[""],"providers":[{"billed_charge":251.00,"npi":[1396527321,1518550664]},{"billed_charge":258.00,"npi":[1396527321,1518550664,1942649785]},{"billed_charge":325.00,"npi":[1396527321,1467718767,1629407549,1942649785]}]},{"allowed_amount":112.51,"billing_code_modifier":[""],"providers":[{"billed_charge":251.00,"npi":[1396527321,1518550664]},{"billed_charge":258.00,"npi":[1396527321,1518550664,1942649785]},{"billed_charge":325.00,"npi":[1396527321,1467718767,1629407549,1942649785]}]}]},{"tin":{"type":"ein","value":"933850075"},"service_code":["11"],"billing_class":"professional","payments":[{"allowed_amount":112.51,"billing_code_modifier":[""],"providers":[{"billed_charge":251.00,"npi":[1396527321,1518550664]},{"billed_charge":258.00,"npi":[1396527321,1518550664,1942649785]},{"billed_charge":325.00,"npi":[1396527321,1467718767,1629407549,1942649785]}]},{"allowed_amount":112.51,"billing_code_modifier":[""],"providers":[{"billed_charge":251.00,"npi":[1396527321,1518550664]},{"billed_charge":258.00,"npi":[1396527321,1518550664,1942649785]},{"billed_charge":325.00,"npi":[1396527321,1467718767,1629407549,1942649785]}]},{"allowed_amount":112.51,"billing_code_modifier":[""],"providers":[{"billed_charge":251.00,"npi":[1396527321,1518550664]},{"billed_charge":258.00,"npi":[1396527321,1518550664,1942649785]},{"billed_charge":325.00,"npi":[1396527321,1467718767,1629407549,1942649785]}]}]},{"tin":{"type":"ein","value":"933850075"},"service_code":["11"],"billing_class":"professional","payments":[{"allowed_amount":112.51,"billing_code_modifier":[""],"providers":[{"billed_charge":251.00,"npi":[1396527321,1518550664]},{"billed_charge":258.00,"npi":[1396527321,1518550664,1942649785]},{"billed_charge":325.00,"npi":[1396527321,1467718767,1629407549,1942649785]}]},{"allowed_amount":112.51,"billing_code_modifier":[""],"providers":[{"billed_charge":251.00,"npi":[1396527321,1518550664]},{"billed_charge":258.00,"npi":[1396527321,1518550664,1942649785]},{"billed_charge":325.00,"npi":[1396527321,1467718767,1629407549,1942649785]}]},{"allowed_amount":112.51,"billing_code_modifier":[""],"providers":[{"billed_charge":251.00,"npi":[1396527321,1518550664]},{"billed_charge":258.00,"npi":[1396527321,1518550664,1942649785]},{"billed_charge":325.00,"npi":[1396527321,1467718767,1629407549,1942649785]}]}]},{"tin":{"type":"ein","value":"273818647"},"service_code":["11"],"billing_class":"professional","payments":[{"allowed_amount":112.51,"billing_code_modifier":[""],"providers":[{"billed_charge":297.00,"npi":[1275992240,1659320786,1689015257]}]}]},{"tin":{"type":"ein","value":"453455306"},"service_code":["11"],"billing_class":"professional","payments":[{"allowed_amount":112.51,"billing_code_modifier":[""],"providers":[{"billed_charge":400.00,"npi":[1770655987,1922553023]}]}]},{"tin":{"type":"ein","value":"473382621"},"service_code":["20"],"billing_class":"professional","payments":[{"allowed_amount":112.51,"billing_code_modifier":[""],"providers":[{"billed_charge":257.00,"npi":[1144367749,1679948988]}]}]},{"tin":{"type":"ein","value":"581436087"},"service_code":["11"],"billing_class":"professional","payments":[{"allowed_amount":112.51,"billing_code_modifier":[""],"providers":[{"billed_charge":386.00,"npi":[1063857803,1811037336]}]}]},{"tin":{"type":"ein","value":"581896468"},"service_code":["11"],"billing_class":"professional","payments":[{"allowed_amount":112.51,"billing_code_modifier":[""],"providers":[{"billed_charge":298.63,"npi":[1235296054,1972605624]}]}]},{"tin":{"type":"ein","value":"824492154"},"service_code":["11"],"billing_class":"professional","payments":[{"allowed_amount":112.51,"billing_code_modifier":[""],"providers":[{"billed_charge":180.00,"npi":[1598269250,1912434168]}]}]},{"tin":{"type":"ein","value":"831072238"},"service_code":["11"],"billing_class":"professional","payments":[{"allowed_amount":112.51,"billing_code_modifier":[""],"providers":[{"billed_charge":313.00,"npi":[1174843833,1972080554]}]}]}]},{"name":"PSYCHIATRIC\/PSYCHOLOGICAL SVCS: PARTIAL HOSP - INT","billing_code_type":"RC","billing_code_type_version":"UB04","billing_code":"0913","description":"PSYCHIATRIC\/PSYCHOLOGICAL SVCS: PARTIAL HOSP - INT","allowed_amounts":[{"tin":{"type":"ein","value":"934140375"},"service_code":["22"],"billing_class":"institutional","payments":[{"allowed_amount":245.00,"billing_code_modifier":[""],"providers":[{"billed_charge":2800.00,"npi":[1760481477,1881458685]}]}]}]}]}
