{"reporting_entity_name": "IEC Group_DBA AmeriBen",
	"reporting_entity_type": "Third Party Administrator",
	"plan_name": "ENERCON SERVICES, INC.",
	"plan_id_type": "ein",
	"plan_id": "731176079",
	"plan_market_type": "group",
	"last_updated_on": "2023-09-01","Version": "1.0.0","out_of_network":[{"name":"CHIROPRACTIC MANIPULATIVE TX SPINAL 1-2 REGIONS","billing_code_type":"CPT","billing_code_type_version":"2020","billing_code":"98940","description":"CHIROPRACTIC MANIPULATIVE TX SPINAL 1-2 REGIONS","allowed_amounts":[{"tin":{"type":"ein","value":"202572881"},"service_code":["11"],"billing_class":"professional","payments":[{"allowed_amount":19.06,"billing_code_modifier":[""],"providers":[{"billed_charge":60.00,"npi":[1174543672,1518918606]}]}]}]},{"name":"COLLECTION VENOUS BLOOD VENIPUNCTURE","billing_code_type":"CPT","billing_code_type_version":"2020","billing_code":"36415","description":"COLLECTION VENOUS BLOOD VENIPUNCTURE","allowed_amounts":[{"tin":{"type":"ein","value":"382084239"},"service_code":["81"],"billing_class":"professional","payments":[{"allowed_amount":1.02,"billing_code_modifier":[""],"providers":[{"billed_charge":21.37,"npi":[1003498429,1043303704,1083133912,1235394768,1285839431,1346256385,1396733796,1497061972,1558030445,1639374283,1699434241,1700958394,1891990743,1912094046,1932166386,1982790754,1992720841,1992907760]}]}]},{"tin":{"type":"ein","value":"470995511"},"service_code":["11"],"billing_class":"professional","payments":[{"allowed_amount":1.02,"billing_code_modifier":[""],"providers":[{"billed_charge":30.00,"npi":[1588030100,1750328738]}]}]}]},{"name":"COMPREHENSIVE METABOLIC PANEL","billing_code_type":"CPT","billing_code_type_version":"2020","billing_code":"80053","description":"COMPREHENSIVE METABOLIC PANEL","allowed_amounts":[{"tin":{"type":"ein","value":"382084239"},"service_code":["81"],"billing_class":"professional","payments":[{"allowed_amount":5.09,"billing_code_modifier":[""],"providers":[{"billed_charge":35.00,"npi":[1396733796,1497061972,1699434241]},{"billed_charge":88.07,"npi":[1043303704,1235394768,1629278866,1639374283,1891990743,1912094046,1932166386,1992720841,1992907760]}]},{"allowed_amount":5.09,"billing_code_modifier":[""],"providers":[{"billed_charge":35.00,"npi":[1396733796,1497061972,1699434241]},{"billed_charge":88.07,"npi":[1043303704,1235394768,1629278866,1639374283,1891990743,1912094046,1932166386,1992720841,1992907760]}]}]},{"tin":{"type":"ein","value":"382084239"},"service_code":["81"],"billing_class":"professional","payments":[{"allowed_amount":5.09,"billing_code_modifier":[""],"providers":[{"billed_charge":35.00,"npi":[1396733796,1497061972,1699434241]},{"billed_charge":88.07,"npi":[1043303704,1235394768,1629278866,1639374283,1891990743,1912094046,1932166386,1992720841,1992907760]}]},{"allowed_amount":5.09,"billing_code_modifier":[""],"providers":[{"billed_charge":35.00,"npi":[1396733796,1497061972,1699434241]},{"billed_charge":88.07,"npi":[1043303704,1235394768,1629278866,1639374283,1891990743,1912094046,1932166386,1992720841,1992907760]}]}]},{"tin":{"type":"ein","value":"810576059"},"service_code":["81"],"billing_class":"professional","payments":[{"allowed_amount":5.09,"billing_code_modifier":[""],"providers":[{"billed_charge":21.12,"npi":[1235186800,1801278486]}]}]}]},{"name":"GROUP PSYCHOTHERAPY","billing_code_type":"CPT","billing_code_type_version":"2020","billing_code":"90853","description":"GROUP PSYCHOTHERAPY","allowed_amounts":[{"tin":{"type":"ein","value":"881407685"},"service_code":["11"],"billing_class":"professional","payments":[{"allowed_amount":33.76,"billing_code_modifier":[""],"providers":[{"billed_charge":360.00,"npi":[1518451269,1972574895]}]}]}]}]}
