{"reporting_entity_name": "IEC Group_DBA AmeriBen",
	"reporting_entity_type": "Third Party Administrator",
	"plan_name": "CITY OF SIERRA VISTA",
	"plan_id_type": "ein",
	"plan_id": "866005496",
	"plan_market_type": "group",
	"last_updated_on": "2022-08-31","Version": "1.0.0","out_of_network":[{"name":"RADIOLOGIC EXAM CHEST SINGLE VIEW","billing_code_type":"CPT","billing_code_type_version":"2020","billing_code":"71045","description":"RADIOLOGIC EXAM CHEST SINGLE VIEW","allowed_amounts":[{"tin":{"type":"ein","value":"845116186"},"service_code":["21","22","23"],"billing_class":"professional","payments":[{"allowed_amount":81.90,"billing_code_modifier":[""],"providers":[{"billed_charge":126.00,"npi":[1033745708,1053806042,1154332807,1184669749,1184754384,1194766543,1255381000,1578943585,1609863778,1851326425,1871624668,1962517656]}]}]}]}]}
