{"reporting_entity_name": "IEC Group_DBA AmeriBen",
	"reporting_entity_type": "Third Party Administrator",
	"plan_name": "Solution Health  Elliot Health",
	"plan_id_type": "ein",
	"plan_id": "020509911",
	"plan_market_type": "group",
	"last_updated_on": "2024-10-01","Version": "1.0.0","out_of_network":[{"name":"ADAPTIVE BEHAVIOR TX BY PROTOCOL TECH EA 15 MIN","billing_code_type":"CPT","billing_code_type_version":"2020","billing_code":"97153","description":"ADAPTIVE BEHAVIOR TX BY PROTOCOL TECH EA 15 MIN","allowed_amounts":[{"tin":{"type":"ein","value":"863661185"},"service_code":["12"],"billing_class":"professional","payments":[{"allowed_amount":212.50,"billing_code_modifier":[""],"providers":[{"billed_charge":5610.00,"npi":[1073083747,1538831573,1619001397,1679007397,1972187250]}]}]},{"tin":{"type":"ein","value":"863661185"},"service_code":["12"],"billing_class":"professional","payments":[{"allowed_amount":225.00,"billing_code_modifier":[""],"providers":[{"billed_charge":5940.00,"npi":[1538831573,1972187250]}]}]},{"tin":{"type":"ein","value":"863661185"},"service_code":["12"],"billing_class":"professional","payments":[{"allowed_amount":296.99,"billing_code_modifier":[""],"providers":[{"billed_charge":5610.00,"npi":[1275271736,1538831573,1679007397,1972187250]}]}]}]},{"name":"CHIROPRACTIC MANIPULATIVE TX SPINAL 3-4 REGIONS","billing_code_type":"CPT","billing_code_type_version":"2020","billing_code":"98941","description":"CHIROPRACTIC MANIPULATIVE TX SPINAL 3-4 REGIONS","allowed_amounts":[{"tin":{"type":"ein","value":"134316093"},"service_code":["11"],"billing_class":"professional","payments":[{"allowed_amount":32.48,"billing_code_modifier":[""],"providers":[{"billed_charge":50.00,"npi":[1023010501]}]}]},{"tin":{"type":"ein","value":"542156952"},"service_code":["11"],"billing_class":"professional","payments":[{"allowed_amount":32.48,"billing_code_modifier":[""],"providers":[{"billed_charge":55.00,"npi":[1548300049,1760522254]}]}]}]},{"name":"DRUG TEST DEF 22+ CLASSES","billing_code_type":"HCPCS","billing_code_type_version":"HCPCS LEVEL II 2021","billing_code":"G0483","description":"DRUG TEST DEF 22+ CLASSES","allowed_amounts":[{"tin":{"type":"ein","value":"474815114"},"service_code":["81"],"billing_class":"professional","payments":[{"allowed_amount":128.40,"billing_code_modifier":[""],"providers":[{"billed_charge":395.00,"npi":[1033712195,1215302245]}]}]}]},{"name":"DRUG TST PRSMV INSTRMNT CHEM ANALYZERS PR DATE","billing_code_type":"CPT","billing_code_type_version":"2020","billing_code":"80307","description":"DRUG TST PRSMV INSTRMNT CHEM ANALYZERS PR DATE","allowed_amounts":[{"tin":{"type":"ein","value":"474815114"},"service_code":["81"],"billing_class":"professional","payments":[{"allowed_amount":32.31,"billing_code_modifier":[""],"providers":[{"billed_charge":103.00,"npi":[1033712195,1215302245]}]}]},{"tin":{"type":"ein","value":"812868546"},"service_code":["81"],"billing_class":"professional","payments":[{"allowed_amount":32.31,"billing_code_modifier":[""],"providers":[{"billed_charge":124.28,"npi":[1447601695,1578214359]}]}]}]},{"name":"LEVEL IV SURG PATHOLOGY GROSS&MICROSCOPIC EXAM","billing_code_type":"CPT","billing_code_type_version":"2020","billing_code":"88305","description":"LEVEL IV SURG PATHOLOGY GROSS&MICROSCOPIC EXAM","allowed_amounts":[{"tin":{"type":"ein","value":"020354192"},"service_code":["22"],"billing_class":"professional","payments":[{"allowed_amount":85.79,"billing_code_modifier":[""],"providers":[{"billed_charge":175.00,"npi":[1386697282,1568464378,1598700940,1629333182,1639185846,1780945261]}]}]}]},{"name":"OFFICE\/OUTPATIENT ESTABLISHED MOD MDM 30 MIN","billing_code_type":"CPT","billing_code_type_version":"2020","billing_code":"99214","description":"OFFICE\/OUTPATIENT ESTABLISHED MOD MDM 30 MIN","allowed_amounts":[{"tin":{"type":"ein","value":"020442645"},"service_code":["10","11"],"billing_class":"professional","payments":[{"allowed_amount":161.03,"billing_code_modifier":[""],"providers":[{"billed_charge":250.00,"npi":[1003146697,1063866903,1144275389]}]}]}]},{"name":"PSYCHIATRIC\/PSYCHOLOGICAL SVCS: PARTIAL HOSP - LES","billing_code_type":"RC","billing_code_type_version":"UB04","billing_code":"0912","description":"PSYCHIATRIC\/PSYCHOLOGICAL SVCS: PARTIAL HOSP - LES","allowed_amounts":[{"tin":{"type":"ein","value":"474067715"},"service_code":["22"],"billing_class":"institutional","payments":[{"allowed_amount":434.84,"billing_code_modifier":[""],"providers":[{"billed_charge":2950.00,"npi":[1568821056]}]}]}]}]}
