{"reporting_entity_name": "IEC Group_DBA AmeriBen",
	"reporting_entity_type": "Third Party Administrator",
	"plan_name": "SOUTHERN GRAPHIC SYSTEM LLC",
	"plan_id_type": "ein",
	"plan_id": "562555719",
	"plan_market_type": "group",
	"last_updated_on": "2024-07-01","Version": "1.0.0","out_of_network":[{"name":"APPL MODALITY 1\/> AREAS TRACTION MECHANICAL","billing_code_type":"CPT","billing_code_type_version":"2020","billing_code":"97012","description":"APPL MODALITY 1\/> AREAS TRACTION MECHANICAL","allowed_amounts":[{"tin":{"type":"ein","value":"223954127"},"service_code":["11"],"billing_class":"professional","payments":[{"allowed_amount":14.99,"billing_code_modifier":[""],"providers":[{"billed_charge":99.00,"npi":[1326243858,1417146614,1790494078]}]}]}]},{"name":"CCPD OPD\/HOME: CCPD COMP OR OTHER RATE","billing_code_type":"RC","billing_code_type_version":"UB04","billing_code":"0851","description":"CCPD OPD\/HOME: CCPD COMP OR OTHER RATE","allowed_amounts":[{"tin":{"type":"ein","value":"043085674"},"service_code":["65"],"billing_class":"institutional","payments":[{"allowed_amount":289.12,"billing_code_modifier":[""],"providers":[{"billed_charge":4134.43,"npi":[1174524920,1619394962]}]}]},{"tin":{"type":"ein","value":"043085674"},"service_code":["65"],"billing_class":"institutional","payments":[{"allowed_amount":326.58,"billing_code_modifier":[""],"providers":[{"billed_charge":4134.43,"npi":[1174524920,1619394962]}]}]},{"tin":{"type":"ein","value":"043085674"},"service_code":["65"],"billing_class":"institutional","payments":[{"allowed_amount":354.28,"billing_code_modifier":[""],"providers":[{"billed_charge":4134.43,"npi":[1174524920,1619394962]}]}]}]},{"name":"E-STIM 1\/> AREAS OTH THAN WND CARE PART TX PLAN","billing_code_type":"HCPCS","billing_code_type_version":"HCPCS LEVEL II 2021","billing_code":"G0283","description":"E-STIM 1\/> AREAS OTH THAN WND CARE PART TX PLAN","allowed_amounts":[{"tin":{"type":"ein","value":"273514282"},"service_code":["11"],"billing_class":"professional","payments":[{"allowed_amount":12.23,"billing_code_modifier":[""],"providers":[{"billed_charge":55.00,"npi":[1053621318,1558484923,1972755254]}]}]}]},{"name":"MANUAL THERAPY TQS 1\/> REGIONS EACH 15 MINUTES","billing_code_type":"CPT","billing_code_type_version":"2020","billing_code":"97140","description":"MANUAL THERAPY TQS 1\/> REGIONS EACH 15 MINUTES","allowed_amounts":[{"tin":{"type":"ein","value":"223954127"},"service_code":["11"],"billing_class":"professional","payments":[{"allowed_amount":27.47,"billing_code_modifier":[""],"providers":[{"billed_charge":140.00,"npi":[1326243858,1417146614,1437764941,1790494078]}]}]},{"tin":{"type":"ein","value":"273514282"},"service_code":["11"],"billing_class":"professional","payments":[{"allowed_amount":55.58,"billing_code_modifier":[""],"providers":[{"billed_charge":220.00,"npi":[1053621318,1558484923,1972755254]}]}]}]},{"name":"PSYCHIATRIC\/PSYCHOLOGICAL SVCS: PARTIAL HOSP - LES","billing_code_type":"RC","billing_code_type_version":"UB04","billing_code":"0912","description":"PSYCHIATRIC\/PSYCHOLOGICAL SVCS: PARTIAL HOSP - LES","allowed_amounts":[{"tin":{"type":"ein","value":"883528378"},"service_code":["22"],"billing_class":"institutional","payments":[{"allowed_amount":865.00,"billing_code_modifier":[""],"providers":[{"billed_charge":2800.00,"npi":[1720797574,1992758007]}]}]}]},{"name":"THER PX 1\/> AREAS EACH 15 MIN NEUROMUSC REEDUCA","billing_code_type":"CPT","billing_code_type_version":"2020","billing_code":"97112","description":"THER PX 1\/> AREAS EACH 15 MIN NEUROMUSC REEDUCA","allowed_amounts":[{"tin":{"type":"ein","value":"223954127"},"service_code":["11"],"billing_class":"professional","payments":[{"allowed_amount":33.47,"billing_code_modifier":[""],"providers":[{"billed_charge":120.00,"npi":[1326243858,1417146614,1437764941,1790494078]}]}]}]},{"name":"THERAPEUT ACTVITY DIRECT PT CONTACT EACH 15 MIN","billing_code_type":"CPT","billing_code_type_version":"2020","billing_code":"97530","description":"THERAPEUT ACTVITY DIRECT PT CONTACT EACH 15 MIN","allowed_amounts":[{"tin":{"type":"ein","value":"223954127"},"service_code":["11"],"billing_class":"professional","payments":[{"allowed_amount":49.81,"billing_code_modifier":[""],"providers":[{"billed_charge":120.00,"npi":[1326243858,1417146614,1790494078]}]}]}]},{"name":"THERAPEUTIC PX 1\/> AREAS EACH 15 MIN EXERCISES","billing_code_type":"CPT","billing_code_type_version":"2020","billing_code":"97110","description":"THERAPEUTIC PX 1\/> AREAS EACH 15 MIN EXERCISES","allowed_amounts":[{"tin":{"type":"ein","value":"223954127"},"service_code":["11"],"billing_class":"professional","payments":[{"allowed_amount":29.48,"billing_code_modifier":[""],"providers":[{"billed_charge":140.00,"npi":[1326243858,1417146614,1437764941,1790494078]}]}]}]}]}
