{"reporting_entity_name": "IEC Group_DBA AmeriBen",
	"reporting_entity_type": "Third Party Administrator",
	"plan_name": "CASELLA WASTE SYSTEMS, INC.",
	"plan_id_type": "ein",
	"plan_id": "030338873",
	"plan_market_type": "group",
	"last_updated_on": "2023-02-01","Version": "1.0.0","out_of_network":[{"name":"IMM ADMN SARSCOV2 30MCG\/0.3ML DIL RECON 1ST DOSE","billing_code_type":"CPT","billing_code_type_version":"2020","billing_code":"0001A","description":"IMM ADMN SARSCOV2 30MCG\/0.3ML DIL RECON 1ST DOSE","allowed_amounts":[{"tin":{"type":"ein","value":"854098687"},"service_code":["60"],"billing_class":"professional","payments":[{"allowed_amount":48.00,"billing_code_modifier":[""],"providers":[{"billed_charge":100.00,"npi":[1467057554]}]}]}]},{"name":"IMM ADMN SARSCOV2 30MCG\/0.3ML DIL RECON 2ND DOSE","billing_code_type":"CPT","billing_code_type_version":"2020","billing_code":"0002A","description":"IMM ADMN SARSCOV2 30MCG\/0.3ML DIL RECON 2ND DOSE","allowed_amounts":[{"tin":{"type":"ein","value":"854098687"},"service_code":["60"],"billing_class":"professional","payments":[{"allowed_amount":48.00,"billing_code_modifier":[""],"providers":[{"billed_charge":100.00,"npi":[1467057554]}]}]}]},{"name":"PSYCHIATRIC\/PSYCHOLOGICAL SVCS: INDIVIDUAL THERAPY","billing_code_type":"RC","billing_code_type_version":"UB04","billing_code":"0914","description":"PSYCHIATRIC\/PSYCHOLOGICAL SVCS: INDIVIDUAL THERAPY","allowed_amounts":[{"tin":{"type":"ein","value":"823985886"},"service_code":["22"],"billing_class":"institutional","payments":[{"allowed_amount":167.58,"billing_code_modifier":[""],"providers":[{"billed_charge":632.00,"npi":[1215582234]}]}]}]},{"name":"PSYCHIATRIC\/PSYCHOLOGICAL SVCS: PARTIAL HOSP - LES","billing_code_type":"RC","billing_code_type_version":"UB04","billing_code":"0912","description":"PSYCHIATRIC\/PSYCHOLOGICAL SVCS: PARTIAL HOSP - LES","allowed_amounts":[{"tin":{"type":"ein","value":"842459147"},"service_code":["22"],"billing_class":"institutional","payments":[{"allowed_amount":1540.00,"billing_code_modifier":[""],"providers":[{"billed_charge":2365.00,"npi":[1508132911,1831739739]}]}]}]},{"name":"PSYCHOTHERAPY W\/PATIENT 60 MINUTES","billing_code_type":"CPT","billing_code_type_version":"2020","billing_code":"90837","description":"PSYCHOTHERAPY W\/PATIENT 60 MINUTES","allowed_amounts":[{"tin":{"type":"ein","value":"015524489"},"service_code":["11"],"billing_class":"professional","payments":[{"allowed_amount":175.00,"billing_code_modifier":[""],"providers":[{"billed_charge":175.00,"npi":[1912054057]}]}]},{"tin":{"type":"ein","value":"125702023"},"service_code":["11"],"billing_class":"professional","payments":[{"allowed_amount":175.00,"billing_code_modifier":[""],"providers":[{"billed_charge":175.00,"npi":[1598959264]}]}]},{"tin":{"type":"ein","value":"125702023"},"service_code":["11"],"billing_class":"professional","payments":[{"allowed_amount":175.00,"billing_code_modifier":[""],"providers":[{"billed_charge":175.00,"npi":[1598959264]}]}]}]},{"name":"RESIDENTIAL TREATMENT-CHEMICAL DEPENDENCY","billing_code_type":"RC","billing_code_type_version":"UB04","billing_code":"1002","description":"RESIDENTIAL TREATMENT-CHEMICAL DEPENDENCY","allowed_amounts":[{"tin":{"type":"ein","value":"472119460"},"service_code":["21"],"billing_class":"institutional","payments":[{"allowed_amount":0.00,"billing_code_modifier":[""],"providers":[{"billed_charge":4944.00,"npi":[1073175279,1740546209,1801816764]}]}]},{"tin":{"type":"ein","value":"472119460"},"service_code":["21"],"billing_class":"institutional","payments":[{"allowed_amount":3460.80,"billing_code_modifier":[""],"providers":[{"billed_charge":4944.00,"npi":[1073175279,1740546209,1801816764]}]}]},{"tin":{"type":"ein","value":"854172752"},"service_code":["21"],"billing_class":"institutional","payments":[{"allowed_amount":0.00,"billing_code_modifier":[""],"providers":[{"billed_charge":3200.00,"npi":[1164408498,1891386793]}]}]}]}]}
