{"reporting_entity_name": "IEC Group_DBA AmeriBen",
	"reporting_entity_type": "Third Party Administrator",
	"plan_name": "J-U-B ENGINEERS, Inc.",
	"plan_id_type": "ein",
	"plan_id": "820290774",
	"plan_market_type": "group",
	"last_updated_on": "2022-11-01","Version": "1.0.0","out_of_network":[{"name":"SARS-COV-2 COVID-19 AMP PRB HTT","billing_code_type":"HCPCS","billing_code_type_version":"HCPCS LEVEL II 2021","billing_code":"U0003","description":"SARS-COV-2 COVID-19 AMP PRB HTT","allowed_amounts":[{"tin":{"type":"ein","value":"942854057"},"service_code":["81"],"billing_class":"professional","payments":[{"allowed_amount":100.00,"billing_code_modifier":[""],"providers":[{"billed_charge":145.00,"npi":[1467469239,1497868392,1538674056,1720029960,1972586329]}]}]}]}]}
