{"reporting_entity_name": "IEC Group_DBA AmeriBen",
	"reporting_entity_type": "Third Party Administrator",
	"plan_name": "SMILE BRANDS INC",
	"plan_id_type": "ein",
	"plan_id": "911643507",
	"plan_market_type": "group",
	"last_updated_on": "2026-01-01","Version": "1.0.0","out_of_network":[{"name":"DR TST DEFIN DR ID M P D 1-7 DR CL","billing_code_type":"HCPCS","billing_code_type_version":"HCPCS LEVEL II 2021","billing_code":"G0480","description":"DR TST DEFIN DR ID M P D 1-7 DR CL","allowed_amounts":[{"tin":{"type":"ein","value":"843172409"},"service_code":["81"],"billing_class":"professional","payments":[{"allowed_amount":143.04,"billing_code_modifier":[""],"providers":[{"billed_charge":1540.50,"npi":[1003437500,1518458165]}]}]},{"tin":{"type":"ein","value":"920470457"},"service_code":["81"],"billing_class":"professional","payments":[{"allowed_amount":143.04,"billing_code_modifier":[""],"providers":[{"billed_charge":2199.00,"npi":[1497472401,1548375058]}]}]}]},{"name":"DRUG TST PRSMV INSTRMNT CHEM ANALYZERS PR DATE","billing_code_type":"CPT","billing_code_type_version":"2020","billing_code":"80307","description":"DRUG TST PRSMV INSTRMNT CHEM ANALYZERS PR DATE","allowed_amounts":[{"tin":{"type":"ein","value":"843172409"},"service_code":["81"],"billing_class":"professional","payments":[{"allowed_amount":77.68,"billing_code_modifier":[""],"providers":[{"billed_charge":4198.40,"npi":[1003437500,1518458165]}]}]}]},{"name":"HOME INFUS TX INFUSION TX NOC; DIEM","billing_code_type":"HCPCS","billing_code_type_version":"HCPCS LEVEL II 2021","billing_code":"S9379","description":"HOME INFUS TX INFUSION TX NOC; DIEM","allowed_amounts":[{"tin":{"type":"ein","value":"832289684"},"service_code":["12"],"billing_class":"professional","payments":[{"allowed_amount":57.45,"billing_code_modifier":[""],"providers":[{"billed_charge":375.00,"npi":[1568559680,1891268017]}]}]}]},{"name":"LABORATORY - CLINICAL DIAGNOSTIC: CHEMISTRY","billing_code_type":"RC","billing_code_type_version":"UB04","billing_code":"0301","description":"LABORATORY - CLINICAL DIAGNOSTIC: CHEMISTRY","allowed_amounts":[{"tin":{"type":"ein","value":"464499268"},"service_code":["23"],"billing_class":"institutional","payments":[{"allowed_amount":0.00,"billing_code_modifier":[""],"providers":[{"billed_charge":2006.76,"npi":[1679976278]}]}]},{"tin":{"type":"ein","value":"812098192"},"service_code":["23"],"billing_class":"institutional","payments":[{"allowed_amount":0.00,"billing_code_modifier":[""],"providers":[{"billed_charge":204.00,"npi":[1649722463]},{"billed_charge":306.00,"npi":[1649722463]},{"billed_charge":570.00,"npi":[1649722463]},{"billed_charge":600.00,"npi":[1649722463]},{"billed_charge":780.00,"npi":[1649722463]},{"billed_charge":1050.00,"npi":[1649722463]},{"billed_charge":1055.00,"npi":[1649722463]},{"billed_charge":1430.00,"npi":[1649722463]},{"billed_charge":1512.00,"npi":[1649722463]}]},{"allowed_amount":0.00,"billing_code_modifier":[""],"providers":[{"billed_charge":204.00,"npi":[1649722463]},{"billed_charge":306.00,"npi":[1649722463]},{"billed_charge":570.00,"npi":[1649722463]},{"billed_charge":600.00,"npi":[1649722463]},{"billed_charge":780.00,"npi":[1649722463]},{"billed_charge":1050.00,"npi":[1649722463]},{"billed_charge":1055.00,"npi":[1649722463]},{"billed_charge":1430.00,"npi":[1649722463]},{"billed_charge":1512.00,"npi":[1649722463]}]},{"allowed_amount":0.00,"billing_code_modifier":[""],"providers":[{"billed_charge":204.00,"npi":[1649722463]},{"billed_charge":306.00,"npi":[1649722463]},{"billed_charge":570.00,"npi":[1649722463]},{"billed_charge":600.00,"npi":[1649722463]},{"billed_charge":780.00,"npi":[1649722463]},{"billed_charge":1050.00,"npi":[1649722463]},{"billed_charge":1055.00,"npi":[1649722463]},{"billed_charge":1430.00,"npi":[1649722463]},{"billed_charge":1512.00,"npi":[1649722463]}]},{"allowed_amount":0.00,"billing_code_modifier":[""],"providers":[{"billed_charge":204.00,"npi":[1649722463]},{"billed_charge":306.00,"npi":[1649722463]},{"billed_charge":570.00,"npi":[1649722463]},{"billed_charge":600.00,"npi":[1649722463]},{"billed_charge":780.00,"npi":[1649722463]},{"billed_charge":1050.00,"npi":[1649722463]},{"billed_charge":1055.00,"npi":[1649722463]},{"billed_charge":1430.00,"npi":[1649722463]},{"billed_charge":1512.00,"npi":[1649722463]}]},{"allowed_amount":0.00,"billing_code_modifier":[""],"providers":[{"billed_charge":204.00,"npi":[1649722463]},{"billed_charge":306.00,"npi":[1649722463]},{"billed_charge":570.00,"npi":[1649722463]},{"billed_charge":600.00,"npi":[1649722463]},{"billed_charge":780.00,"npi":[1649722463]},{"billed_charge":1050.00,"npi":[1649722463]},{"billed_charge":1055.00,"npi":[1649722463]},{"billed_charge":1430.00,"npi":[1649722463]},{"billed_charge":1512.00,"npi":[1649722463]}]},{"allowed_amount":0.00,"billing_code_modifier":[""],"providers":[{"billed_charge":204.00,"npi":[1649722463]},{"billed_charge":306.00,"npi":[1649722463]},{"billed_charge":570.00,"npi":[1649722463]},{"billed_charge":600.00,"npi":[1649722463]},{"billed_charge":780.00,"npi":[1649722463]},{"billed_charge":1050.00,"npi":[1649722463]},{"billed_charge":1055.00,"npi":[1649722463]},{"billed_charge":1430.00,"npi":[1649722463]},{"billed_charge":1512.00,"npi":[1649722463]}]},{"allowed_amount":0.00,"billing_code_modifier":[""],"providers":[{"billed_charge":204.00,"npi":[1649722463]},{"billed_charge":306.00,"npi":[1649722463]},{"billed_charge":570.00,"npi":[1649722463]},{"billed_charge":600.00,"npi":[1649722463]},{"billed_charge":780.00,"npi":[1649722463]},{"billed_charge":1050.00,"npi":[1649722463]},{"billed_charge":1055.00,"npi":[1649722463]},{"billed_charge":1430.00,"npi":[1649722463]},{"billed_charge":1512.00,"npi":[1649722463]}]},{"allowed_amount":0.00,"billing_code_modifier":[""],"providers":[{"billed_charge":204.00,"npi":[1649722463]},{"billed_charge":306.00,"npi":[1649722463]},{"billed_charge":570.00,"npi":[1649722463]},{"billed_charge":600.00,"npi":[1649722463]},{"billed_charge":780.00,"npi":[1649722463]},{"billed_charge":1050.00,"npi":[1649722463]},{"billed_charge":1055.00,"npi":[1649722463]},{"billed_charge":1430.00,"npi":[1649722463]},{"billed_charge":1512.00,"npi":[1649722463]}]},{"allowed_amount":0.00,"billing_code_modifier":[""],"providers":[{"billed_charge":204.00,"npi":[1649722463]},{"billed_charge":306.00,"npi":[1649722463]},{"billed_charge":570.00,"npi":[1649722463]},{"billed_charge":600.00,"npi":[1649722463]},{"billed_charge":780.00,"npi":[1649722463]},{"billed_charge":1050.00,"npi":[1649722463]},{"billed_charge":1055.00,"npi":[1649722463]},{"billed_charge":1430.00,"npi":[1649722463]},{"billed_charge":1512.00,"npi":[1649722463]}]}]},{"tin":{"type":"ein","value":"812098192"},"service_code":["23"],"billing_class":"institutional","payments":[{"allowed_amount":0.00,"billing_code_modifier":[""],"providers":[{"billed_charge":204.00,"npi":[1649722463]},{"billed_charge":306.00,"npi":[1649722463]},{"billed_charge":570.00,"npi":[1649722463]},{"billed_charge":600.00,"npi":[1649722463]},{"billed_charge":780.00,"npi":[1649722463]},{"billed_charge":1050.00,"npi":[1649722463]},{"billed_charge":1055.00,"npi":[1649722463]},{"billed_charge":1430.00,"npi":[1649722463]},{"billed_charge":1512.00,"npi":[1649722463]}]},{"allowed_amount":0.00,"billing_code_modifier":[""],"providers":[{"billed_charge":204.00,"npi":[1649722463]},{"billed_charge":306.00,"npi":[1649722463]},{"billed_charge":570.00,"npi":[1649722463]},{"billed_charge":600.00,"npi":[1649722463]},{"billed_charge":780.00,"npi":[1649722463]},{"billed_charge":1050.00,"npi":[1649722463]},{"billed_charge":1055.00,"npi":[1649722463]},{"billed_charge":1430.00,"npi":[1649722463]},{"billed_charge":1512.00,"npi":[1649722463]}]},{"allowed_amount":0.00,"billing_code_modifier":[""],"providers":[{"billed_charge":204.00,"npi":[1649722463]},{"billed_charge":306.00,"npi":[1649722463]},{"billed_charge":570.00,"npi":[1649722463]},{"billed_charge":600.00,"npi":[1649722463]},{"billed_charge":780.00,"npi":[1649722463]},{"billed_charge":1050.00,"npi":[1649722463]},{"billed_charge":1055.00,"npi":[1649722463]},{"billed_charge":1430.00,"npi":[1649722463]},{"billed_charge":1512.00,"npi":[1649722463]}]},{"allowed_amount":0.00,"billing_code_modifier":[""],"providers":[{"billed_charge":204.00,"npi":[1649722463]},{"billed_charge":306.00,"npi":[1649722463]},{"billed_charge":570.00,"npi":[1649722463]},{"billed_charge":600.00,"npi":[1649722463]},{"billed_charge":780.00,"npi":[1649722463]},{"billed_charge":1050.00,"npi":[1649722463]},{"billed_charge":1055.00,"npi":[1649722463]},{"billed_charge":1430.00,"npi":[1649722463]},{"billed_charge":1512.00,"npi":[1649722463]}]},{"allowed_amount":0.00,"billing_code_modifier":[""],"providers":[{"billed_charge":204.00,"npi":[1649722463]},{"billed_charge":306.00,"npi":[1649722463]},{"billed_charge":570.00,"npi":[1649722463]},{"billed_charge":600.00,"npi":[1649722463]},{"billed_charge":780.00,"npi":[1649722463]},{"billed_charge":1050.00,"npi":[1649722463]},{"billed_charge":1055.00,"npi":[1649722463]},{"billed_charge":1430.00,"npi":[1649722463]},{"billed_charge":1512.00,"npi":[1649722463]}]},{"allowed_amount":0.00,"billing_code_modifier":[""],"providers":[{"billed_charge":204.00,"npi":[1649722463]},{"billed_charge":306.00,"npi":[1649722463]},{"billed_charge":570.00,"npi":[1649722463]},{"billed_charge":600.00,"npi":[1649722463]},{"billed_charge":780.00,"npi":[1649722463]},{"billed_charge":1050.00,"npi":[1649722463]},{"billed_charge":1055.00,"npi":[1649722463]},{"billed_charge":1430.00,"npi":[1649722463]},{"billed_charge":1512.00,"npi":[1649722463]}]},{"allowed_amount":0.00,"billing_code_modifier":[""],"providers":[{"billed_charge":204.00,"npi":[1649722463]},{"billed_charge":306.00,"npi":[1649722463]},{"billed_charge":570.00,"npi":[1649722463]},{"billed_charge":600.00,"npi":[1649722463]},{"billed_charge":780.00,"npi":[1649722463]},{"billed_charge":1050.00,"npi":[1649722463]},{"billed_charge":1055.00,"npi":[1649722463]},{"billed_charge":1430.00,"npi":[1649722463]},{"billed_charge":1512.00,"npi":[1649722463]}]},{"allowed_amount":0.00,"billing_code_modifier":[""],"providers":[{"billed_charge":204.00,"npi":[1649722463]},{"billed_charge":306.00,"npi":[1649722463]},{"billed_charge":570.00,"npi":[1649722463]},{"billed_charge":600.00,"npi":[1649722463]},{"billed_charge":780.00,"npi":[1649722463]},{"billed_charge":1050.00,"npi":[1649722463]},{"billed_charge":1055.00,"npi":[1649722463]},{"billed_charge":1430.00,"npi":[1649722463]},{"billed_charge":1512.00,"npi":[1649722463]}]},{"allowed_amount":0.00,"billing_code_modifier":[""],"providers":[{"billed_charge":204.00,"npi":[1649722463]},{"billed_charge":306.00,"npi":[1649722463]},{"billed_charge":570.00,"npi":[1649722463]},{"billed_charge":600.00,"npi":[1649722463]},{"billed_charge":780.00,"npi":[1649722463]},{"billed_charge":1050.00,"npi":[1649722463]},{"billed_charge":1055.00,"npi":[1649722463]},{"billed_charge":1430.00,"npi":[1649722463]},{"billed_charge":1512.00,"npi":[1649722463]}]}]},{"tin":{"type":"ein","value":"812098192"},"service_code":["23"],"billing_class":"institutional","payments":[{"allowed_amount":0.00,"billing_code_modifier":[""],"providers":[{"billed_charge":204.00,"npi":[1649722463]},{"billed_charge":306.00,"npi":[1649722463]},{"billed_charge":570.00,"npi":[1649722463]},{"billed_charge":600.00,"npi":[1649722463]},{"billed_charge":780.00,"npi":[1649722463]},{"billed_charge":1050.00,"npi":[1649722463]},{"billed_charge":1055.00,"npi":[1649722463]},{"billed_charge":1430.00,"npi":[1649722463]},{"billed_charge":1512.00,"npi":[1649722463]}]},{"allowed_amount":0.00,"billing_code_modifier":[""],"providers":[{"billed_charge":204.00,"npi":[1649722463]},{"billed_charge":306.00,"npi":[1649722463]},{"billed_charge":570.00,"npi":[1649722463]},{"billed_charge":600.00,"npi":[1649722463]},{"billed_charge":780.00,"npi":[1649722463]},{"billed_charge":1050.00,"npi":[1649722463]},{"billed_charge":1055.00,"npi":[1649722463]},{"billed_charge":1430.00,"npi":[1649722463]},{"billed_charge":1512.00,"npi":[1649722463]}]},{"allowed_amount":0.00,"billing_code_modifier":[""],"providers":[{"billed_charge":204.00,"npi":[1649722463]},{"billed_charge":306.00,"npi":[1649722463]},{"billed_charge":570.00,"npi":[1649722463]},{"billed_charge":600.00,"npi":[1649722463]},{"billed_charge":780.00,"npi":[1649722463]},{"billed_charge":1050.00,"npi":[1649722463]},{"billed_charge":1055.00,"npi":[1649722463]},{"billed_charge":1430.00,"npi":[1649722463]},{"billed_charge":1512.00,"npi":[1649722463]}]},{"allowed_amount":0.00,"billing_code_modifier":[""],"providers":[{"billed_charge":204.00,"npi":[1649722463]},{"billed_charge":306.00,"npi":[1649722463]},{"billed_charge":570.00,"npi":[1649722463]},{"billed_charge":600.00,"npi":[1649722463]},{"billed_charge":780.00,"npi":[1649722463]},{"billed_charge":1050.00,"npi":[1649722463]},{"billed_charge":1055.00,"npi":[1649722463]},{"billed_charge":1430.00,"npi":[1649722463]},{"billed_charge":1512.00,"npi":[1649722463]}]},{"allowed_amount":0.00,"billing_code_modifier":[""],"providers":[{"billed_charge":204.00,"npi":[1649722463]},{"billed_charge":306.00,"npi":[1649722463]},{"billed_charge":570.00,"npi":[1649722463]},{"billed_charge":600.00,"npi":[1649722463]},{"billed_charge":780.00,"npi":[1649722463]},{"billed_charge":1050.00,"npi":[1649722463]},{"billed_charge":1055.00,"npi":[1649722463]},{"billed_charge":1430.00,"npi":[1649722463]},{"billed_charge":1512.00,"npi":[1649722463]}]},{"allowed_amount":0.00,"billing_code_modifier":[""],"providers":[{"billed_charge":204.00,"npi":[1649722463]},{"billed_charge":306.00,"npi":[1649722463]},{"billed_charge":570.00,"npi":[1649722463]},{"billed_charge":600.00,"npi":[1649722463]},{"billed_charge":780.00,"npi":[1649722463]},{"billed_charge":1050.00,"npi":[1649722463]},{"billed_charge":1055.00,"npi":[1649722463]},{"billed_charge":1430.00,"npi":[1649722463]},{"billed_charge":1512.00,"npi":[1649722463]}]},{"allowed_amount":0.00,"billing_code_modifier":[""],"providers":[{"billed_charge":204.00,"npi":[1649722463]},{"billed_charge":306.00,"npi":[1649722463]},{"billed_charge":570.00,"npi":[1649722463]},{"billed_charge":600.00,"npi":[1649722463]},{"billed_charge":780.00,"npi":[1649722463]},{"billed_charge":1050.00,"npi":[1649722463]},{"billed_charge":1055.00,"npi":[1649722463]},{"billed_charge":1430.00,"npi":[1649722463]},{"billed_charge":1512.00,"npi":[1649722463]}]},{"allowed_amount":0.00,"billing_code_modifier":[""],"providers":[{"billed_charge":204.00,"npi":[1649722463]},{"billed_charge":306.00,"npi":[1649722463]},{"billed_charge":570.00,"npi":[1649722463]},{"billed_charge":600.00,"npi":[1649722463]},{"billed_charge":780.00,"npi":[1649722463]},{"billed_charge":1050.00,"npi":[1649722463]},{"billed_charge":1055.00,"npi":[1649722463]},{"billed_charge":1430.00,"npi":[1649722463]},{"billed_charge":1512.00,"npi":[1649722463]}]},{"allowed_amount":0.00,"billing_code_modifier":[""],"providers":[{"billed_charge":204.00,"npi":[1649722463]},{"billed_charge":306.00,"npi":[1649722463]},{"billed_charge":570.00,"npi":[1649722463]},{"billed_charge":600.00,"npi":[1649722463]},{"billed_charge":780.00,"npi":[1649722463]},{"billed_charge":1050.00,"npi":[1649722463]},{"billed_charge":1055.00,"npi":[1649722463]},{"billed_charge":1430.00,"npi":[1649722463]},{"billed_charge":1512.00,"npi":[1649722463]}]}]},{"tin":{"type":"ein","value":"812098192"},"service_code":["23"],"billing_class":"institutional","payments":[{"allowed_amount":0.00,"billing_code_modifier":[""],"providers":[{"billed_charge":204.00,"npi":[1649722463]},{"billed_charge":306.00,"npi":[1649722463]},{"billed_charge":570.00,"npi":[1649722463]},{"billed_charge":600.00,"npi":[1649722463]},{"billed_charge":780.00,"npi":[1649722463]},{"billed_charge":1050.00,"npi":[1649722463]},{"billed_charge":1055.00,"npi":[1649722463]},{"billed_charge":1430.00,"npi":[1649722463]},{"billed_charge":1512.00,"npi":[1649722463]}]},{"allowed_amount":0.00,"billing_code_modifier":[""],"providers":[{"billed_charge":204.00,"npi":[1649722463]},{"billed_charge":306.00,"npi":[1649722463]},{"billed_charge":570.00,"npi":[1649722463]},{"billed_charge":600.00,"npi":[1649722463]},{"billed_charge":780.00,"npi":[1649722463]},{"billed_charge":1050.00,"npi":[1649722463]},{"billed_charge":1055.00,"npi":[1649722463]},{"billed_charge":1430.00,"npi":[1649722463]},{"billed_charge":1512.00,"npi":[1649722463]}]},{"allowed_amount":0.00,"billing_code_modifier":[""],"providers":[{"billed_charge":204.00,"npi":[1649722463]},{"billed_charge":306.00,"npi":[1649722463]},{"billed_charge":570.00,"npi":[1649722463]},{"billed_charge":600.00,"npi":[1649722463]},{"billed_charge":780.00,"npi":[1649722463]},{"billed_charge":1050.00,"npi":[1649722463]},{"billed_charge":1055.00,"npi":[1649722463]},{"billed_charge":1430.00,"npi":[1649722463]},{"billed_charge":1512.00,"npi":[1649722463]}]},{"allowed_amount":0.00,"billing_code_modifier":[""],"providers":[{"billed_charge":204.00,"npi":[1649722463]},{"billed_charge":306.00,"npi":[1649722463]},{"billed_charge":570.00,"npi":[1649722463]},{"billed_charge":600.00,"npi":[1649722463]},{"billed_charge":780.00,"npi":[1649722463]},{"billed_charge":1050.00,"npi":[1649722463]},{"billed_charge":1055.00,"npi":[1649722463]},{"billed_charge":1430.00,"npi":[1649722463]},{"billed_charge":1512.00,"npi":[1649722463]}]},{"allowed_amount":0.00,"billing_code_modifier":[""],"providers":[{"billed_charge":204.00,"npi":[1649722463]},{"billed_charge":306.00,"npi":[1649722463]},{"billed_charge":570.00,"npi":[1649722463]},{"billed_charge":600.00,"npi":[1649722463]},{"billed_charge":780.00,"npi":[1649722463]},{"billed_charge":1050.00,"npi":[1649722463]},{"billed_charge":1055.00,"npi":[1649722463]},{"billed_charge":1430.00,"npi":[1649722463]},{"billed_charge":1512.00,"npi":[1649722463]}]},{"allowed_amount":0.00,"billing_code_modifier":[""],"providers":[{"billed_charge":204.00,"npi":[1649722463]},{"billed_charge":306.00,"npi":[1649722463]},{"billed_charge":570.00,"npi":[1649722463]},{"billed_charge":600.00,"npi":[1649722463]},{"billed_charge":780.00,"npi":[1649722463]},{"billed_charge":1050.00,"npi":[1649722463]},{"billed_charge":1055.00,"npi":[1649722463]},{"billed_charge":1430.00,"npi":[1649722463]},{"billed_charge":1512.00,"npi":[1649722463]}]},{"allowed_amount":0.00,"billing_code_modifier":[""],"providers":[{"billed_charge":204.00,"npi":[1649722463]},{"billed_charge":306.00,"npi":[1649722463]},{"billed_charge":570.00,"npi":[1649722463]},{"billed_charge":600.00,"npi":[1649722463]},{"billed_charge":780.00,"npi":[1649722463]},{"billed_charge":1050.00,"npi":[1649722463]},{"billed_charge":1055.00,"npi":[1649722463]},{"billed_charge":1430.00,"npi":[1649722463]},{"billed_charge":1512.00,"npi":[1649722463]}]},{"allowed_amount":0.00,"billing_code_modifier":[""],"providers":[{"billed_charge":204.00,"npi":[1649722463]},{"billed_charge":306.00,"npi":[1649722463]},{"billed_charge":570.00,"npi":[1649722463]},{"billed_charge":600.00,"npi":[1649722463]},{"billed_charge":780.00,"npi":[1649722463]},{"billed_charge":1050.00,"npi":[1649722463]},{"billed_charge":1055.00,"npi":[1649722463]},{"billed_charge":1430.00,"npi":[1649722463]},{"billed_charge":1512.00,"npi":[1649722463]}]},{"allowed_amount":0.00,"billing_code_modifier":[""],"providers":[{"billed_charge":204.00,"npi":[1649722463]},{"billed_charge":306.00,"npi":[1649722463]},{"billed_charge":570.00,"npi":[1649722463]},{"billed_charge":600.00,"npi":[1649722463]},{"billed_charge":780.00,"npi":[1649722463]},{"billed_charge":1050.00,"npi":[1649722463]},{"billed_charge":1055.00,"npi":[1649722463]},{"billed_charge":1430.00,"npi":[1649722463]},{"billed_charge":1512.00,"npi":[1649722463]}]}]},{"tin":{"type":"ein","value":"812098192"},"service_code":["23"],"billing_class":"institutional","payments":[{"allowed_amount":0.00,"billing_code_modifier":[""],"providers":[{"billed_charge":204.00,"npi":[1649722463]},{"billed_charge":306.00,"npi":[1649722463]},{"billed_charge":570.00,"npi":[1649722463]},{"billed_charge":600.00,"npi":[1649722463]},{"billed_charge":780.00,"npi":[1649722463]},{"billed_charge":1050.00,"npi":[1649722463]},{"billed_charge":1055.00,"npi":[1649722463]},{"billed_charge":1430.00,"npi":[1649722463]},{"billed_charge":1512.00,"npi":[1649722463]}]},{"allowed_amount":0.00,"billing_code_modifier":[""],"providers":[{"billed_charge":204.00,"npi":[1649722463]},{"billed_charge":306.00,"npi":[1649722463]},{"billed_charge":570.00,"npi":[1649722463]},{"billed_charge":600.00,"npi":[1649722463]},{"billed_charge":780.00,"npi":[1649722463]},{"billed_charge":1050.00,"npi":[1649722463]},{"billed_charge":1055.00,"npi":[1649722463]},{"billed_charge":1430.00,"npi":[1649722463]},{"billed_charge":1512.00,"npi":[1649722463]}]},{"allowed_amount":0.00,"billing_code_modifier":[""],"providers":[{"billed_charge":204.00,"npi":[1649722463]},{"billed_charge":306.00,"npi":[1649722463]},{"billed_charge":570.00,"npi":[1649722463]},{"billed_charge":600.00,"npi":[1649722463]},{"billed_charge":780.00,"npi":[1649722463]},{"billed_charge":1050.00,"npi":[1649722463]},{"billed_charge":1055.00,"npi":[1649722463]},{"billed_charge":1430.00,"npi":[1649722463]},{"billed_charge":1512.00,"npi":[1649722463]}]},{"allowed_amount":0.00,"billing_code_modifier":[""],"providers":[{"billed_charge":204.00,"npi":[1649722463]},{"billed_charge":306.00,"npi":[1649722463]},{"billed_charge":570.00,"npi":[1649722463]},{"billed_charge":600.00,"npi":[1649722463]},{"billed_charge":780.00,"npi":[1649722463]},{"billed_charge":1050.00,"npi":[1649722463]},{"billed_charge":1055.00,"npi":[1649722463]},{"billed_charge":1430.00,"npi":[1649722463]},{"billed_charge":1512.00,"npi":[1649722463]}]},{"allowed_amount":0.00,"billing_code_modifier":[""],"providers":[{"billed_charge":204.00,"npi":[1649722463]},{"billed_charge":306.00,"npi":[1649722463]},{"billed_charge":570.00,"npi":[1649722463]},{"billed_charge":600.00,"npi":[1649722463]},{"billed_charge":780.00,"npi":[1649722463]},{"billed_charge":1050.00,"npi":[1649722463]},{"billed_charge":1055.00,"npi":[1649722463]},{"billed_charge":1430.00,"npi":[1649722463]},{"billed_charge":1512.00,"npi":[1649722463]}]},{"allowed_amount":0.00,"billing_code_modifier":[""],"providers":[{"billed_charge":204.00,"npi":[1649722463]},{"billed_charge":306.00,"npi":[1649722463]},{"billed_charge":570.00,"npi":[1649722463]},{"billed_charge":600.00,"npi":[1649722463]},{"billed_charge":780.00,"npi":[1649722463]},{"billed_charge":1050.00,"npi":[1649722463]},{"billed_charge":1055.00,"npi":[1649722463]},{"billed_charge":1430.00,"npi":[1649722463]},{"billed_charge":1512.00,"npi":[1649722463]}]},{"allowed_amount":0.00,"billing_code_modifier":[""],"providers":[{"billed_charge":204.00,"npi":[1649722463]},{"billed_charge":306.00,"npi":[1649722463]},{"billed_charge":570.00,"npi":[1649722463]},{"billed_charge":600.00,"npi":[1649722463]},{"billed_charge":780.00,"npi":[1649722463]},{"billed_charge":1050.00,"npi":[1649722463]},{"billed_charge":1055.00,"npi":[1649722463]},{"billed_charge":1430.00,"npi":[1649722463]},{"billed_charge":1512.00,"npi":[1649722463]}]},{"allowed_amount":0.00,"billing_code_modifier":[""],"providers":[{"billed_charge":204.00,"npi":[1649722463]},{"billed_charge":306.00,"npi":[1649722463]},{"billed_charge":570.00,"npi":[1649722463]},{"billed_charge":600.00,"npi":[1649722463]},{"billed_charge":780.00,"npi":[1649722463]},{"billed_charge":1050.00,"npi":[1649722463]},{"billed_charge":1055.00,"npi":[1649722463]},{"billed_charge":1430.00,"npi":[1649722463]},{"billed_charge":1512.00,"npi":[1649722463]}]},{"allowed_amount":0.00,"billing_code_modifier":[""],"providers":[{"billed_charge":204.00,"npi":[1649722463]},{"billed_charge":306.00,"npi":[1649722463]},{"billed_charge":570.00,"npi":[1649722463]},{"billed_charge":600.00,"npi":[1649722463]},{"billed_charge":780.00,"npi":[1649722463]},{"billed_charge":1050.00,"npi":[1649722463]},{"billed_charge":1055.00,"npi":[1649722463]},{"billed_charge":1430.00,"npi":[1649722463]},{"billed_charge":1512.00,"npi":[1649722463]}]}]},{"tin":{"type":"ein","value":"812098192"},"service_code":["23"],"billing_class":"institutional","payments":[{"allowed_amount":0.00,"billing_code_modifier":[""],"providers":[{"billed_charge":204.00,"npi":[1649722463]},{"billed_charge":306.00,"npi":[1649722463]},{"billed_charge":570.00,"npi":[1649722463]},{"billed_charge":600.00,"npi":[1649722463]},{"billed_charge":780.00,"npi":[1649722463]},{"billed_charge":1050.00,"npi":[1649722463]},{"billed_charge":1055.00,"npi":[1649722463]},{"billed_charge":1430.00,"npi":[1649722463]},{"billed_charge":1512.00,"npi":[1649722463]}]},{"allowed_amount":0.00,"billing_code_modifier":[""],"providers":[{"billed_charge":204.00,"npi":[1649722463]},{"billed_charge":306.00,"npi":[1649722463]},{"billed_charge":570.00,"npi":[1649722463]},{"billed_charge":600.00,"npi":[1649722463]},{"billed_charge":780.00,"npi":[1649722463]},{"billed_charge":1050.00,"npi":[1649722463]},{"billed_charge":1055.00,"npi":[1649722463]},{"billed_charge":1430.00,"npi":[1649722463]},{"billed_charge":1512.00,"npi":[1649722463]}]},{"allowed_amount":0.00,"billing_code_modifier":[""],"providers":[{"billed_charge":204.00,"npi":[1649722463]},{"billed_charge":306.00,"npi":[1649722463]},{"billed_charge":570.00,"npi":[1649722463]},{"billed_charge":600.00,"npi":[1649722463]},{"billed_charge":780.00,"npi":[1649722463]},{"billed_charge":1050.00,"npi":[1649722463]},{"billed_charge":1055.00,"npi":[1649722463]},{"billed_charge":1430.00,"npi":[1649722463]},{"billed_charge":1512.00,"npi":[1649722463]}]},{"allowed_amount":0.00,"billing_code_modifier":[""],"providers":[{"billed_charge":204.00,"npi":[1649722463]},{"billed_charge":306.00,"npi":[1649722463]},{"billed_charge":570.00,"npi":[1649722463]},{"billed_charge":600.00,"npi":[1649722463]},{"billed_charge":780.00,"npi":[1649722463]},{"billed_charge":1050.00,"npi":[1649722463]},{"billed_charge":1055.00,"npi":[1649722463]},{"billed_charge":1430.00,"npi":[1649722463]},{"billed_charge":1512.00,"npi":[1649722463]}]},{"allowed_amount":0.00,"billing_code_modifier":[""],"providers":[{"billed_charge":204.00,"npi":[1649722463]},{"billed_charge":306.00,"npi":[1649722463]},{"billed_charge":570.00,"npi":[1649722463]},{"billed_charge":600.00,"npi":[1649722463]},{"billed_charge":780.00,"npi":[1649722463]},{"billed_charge":1050.00,"npi":[1649722463]},{"billed_charge":1055.00,"npi":[1649722463]},{"billed_charge":1430.00,"npi":[1649722463]},{"billed_charge":1512.00,"npi":[1649722463]}]},{"allowed_amount":0.00,"billing_code_modifier":[""],"providers":[{"billed_charge":204.00,"npi":[1649722463]},{"billed_charge":306.00,"npi":[1649722463]},{"billed_charge":570.00,"npi":[1649722463]},{"billed_charge":600.00,"npi":[1649722463]},{"billed_charge":780.00,"npi":[1649722463]},{"billed_charge":1050.00,"npi":[1649722463]},{"billed_charge":1055.00,"npi":[1649722463]},{"billed_charge":1430.00,"npi":[1649722463]},{"billed_charge":1512.00,"npi":[1649722463]}]},{"allowed_amount":0.00,"billing_code_modifier":[""],"providers":[{"billed_charge":204.00,"npi":[1649722463]},{"billed_charge":306.00,"npi":[1649722463]},{"billed_charge":570.00,"npi":[1649722463]},{"billed_charge":600.00,"npi":[1649722463]},{"billed_charge":780.00,"npi":[1649722463]},{"billed_charge":1050.00,"npi":[1649722463]},{"billed_charge":1055.00,"npi":[1649722463]},{"billed_charge":1430.00,"npi":[1649722463]},{"billed_charge":1512.00,"npi":[1649722463]}]},{"allowed_amount":0.00,"billing_code_modifier":[""],"providers":[{"billed_charge":204.00,"npi":[1649722463]},{"billed_charge":306.00,"npi":[1649722463]},{"billed_charge":570.00,"npi":[1649722463]},{"billed_charge":600.00,"npi":[1649722463]},{"billed_charge":780.00,"npi":[1649722463]},{"billed_charge":1050.00,"npi":[1649722463]},{"billed_charge":1055.00,"npi":[1649722463]},{"billed_charge":1430.00,"npi":[1649722463]},{"billed_charge":1512.00,"npi":[1649722463]}]},{"allowed_amount":0.00,"billing_code_modifier":[""],"providers":[{"billed_charge":204.00,"npi":[1649722463]},{"billed_charge":306.00,"npi":[1649722463]},{"billed_charge":570.00,"npi":[1649722463]},{"billed_charge":600.00,"npi":[1649722463]},{"billed_charge":780.00,"npi":[1649722463]},{"billed_charge":1050.00,"npi":[1649722463]},{"billed_charge":1055.00,"npi":[1649722463]},{"billed_charge":1430.00,"npi":[1649722463]},{"billed_charge":1512.00,"npi":[1649722463]}]}]},{"tin":{"type":"ein","value":"812098192"},"service_code":["23"],"billing_class":"institutional","payments":[{"allowed_amount":0.00,"billing_code_modifier":[""],"providers":[{"billed_charge":204.00,"npi":[1649722463]},{"billed_charge":306.00,"npi":[1649722463]},{"billed_charge":570.00,"npi":[1649722463]},{"billed_charge":600.00,"npi":[1649722463]},{"billed_charge":780.00,"npi":[1649722463]},{"billed_charge":1050.00,"npi":[1649722463]},{"billed_charge":1055.00,"npi":[1649722463]},{"billed_charge":1430.00,"npi":[1649722463]},{"billed_charge":1512.00,"npi":[1649722463]}]},{"allowed_amount":0.00,"billing_code_modifier":[""],"providers":[{"billed_charge":204.00,"npi":[1649722463]},{"billed_charge":306.00,"npi":[1649722463]},{"billed_charge":570.00,"npi":[1649722463]},{"billed_charge":600.00,"npi":[1649722463]},{"billed_charge":780.00,"npi":[1649722463]},{"billed_charge":1050.00,"npi":[1649722463]},{"billed_charge":1055.00,"npi":[1649722463]},{"billed_charge":1430.00,"npi":[1649722463]},{"billed_charge":1512.00,"npi":[1649722463]}]},{"allowed_amount":0.00,"billing_code_modifier":[""],"providers":[{"billed_charge":204.00,"npi":[1649722463]},{"billed_charge":306.00,"npi":[1649722463]},{"billed_charge":570.00,"npi":[1649722463]},{"billed_charge":600.00,"npi":[1649722463]},{"billed_charge":780.00,"npi":[1649722463]},{"billed_charge":1050.00,"npi":[1649722463]},{"billed_charge":1055.00,"npi":[1649722463]},{"billed_charge":1430.00,"npi":[1649722463]},{"billed_charge":1512.00,"npi":[1649722463]}]},{"allowed_amount":0.00,"billing_code_modifier":[""],"providers":[{"billed_charge":204.00,"npi":[1649722463]},{"billed_charge":306.00,"npi":[1649722463]},{"billed_charge":570.00,"npi":[1649722463]},{"billed_charge":600.00,"npi":[1649722463]},{"billed_charge":780.00,"npi":[1649722463]},{"billed_charge":1050.00,"npi":[1649722463]},{"billed_charge":1055.00,"npi":[1649722463]},{"billed_charge":1430.00,"npi":[1649722463]},{"billed_charge":1512.00,"npi":[1649722463]}]},{"allowed_amount":0.00,"billing_code_modifier":[""],"providers":[{"billed_charge":204.00,"npi":[1649722463]},{"billed_charge":306.00,"npi":[1649722463]},{"billed_charge":570.00,"npi":[1649722463]},{"billed_charge":600.00,"npi":[1649722463]},{"billed_charge":780.00,"npi":[1649722463]},{"billed_charge":1050.00,"npi":[1649722463]},{"billed_charge":1055.00,"npi":[1649722463]},{"billed_charge":1430.00,"npi":[1649722463]},{"billed_charge":1512.00,"npi":[1649722463]}]},{"allowed_amount":0.00,"billing_code_modifier":[""],"providers":[{"billed_charge":204.00,"npi":[1649722463]},{"billed_charge":306.00,"npi":[1649722463]},{"billed_charge":570.00,"npi":[1649722463]},{"billed_charge":600.00,"npi":[1649722463]},{"billed_charge":780.00,"npi":[1649722463]},{"billed_charge":1050.00,"npi":[1649722463]},{"billed_charge":1055.00,"npi":[1649722463]},{"billed_charge":1430.00,"npi":[1649722463]},{"billed_charge":1512.00,"npi":[1649722463]}]},{"allowed_amount":0.00,"billing_code_modifier":[""],"providers":[{"billed_charge":204.00,"npi":[1649722463]},{"billed_charge":306.00,"npi":[1649722463]},{"billed_charge":570.00,"npi":[1649722463]},{"billed_charge":600.00,"npi":[1649722463]},{"billed_charge":780.00,"npi":[1649722463]},{"billed_charge":1050.00,"npi":[1649722463]},{"billed_charge":1055.00,"npi":[1649722463]},{"billed_charge":1430.00,"npi":[1649722463]},{"billed_charge":1512.00,"npi":[1649722463]}]},{"allowed_amount":0.00,"billing_code_modifier":[""],"providers":[{"billed_charge":204.00,"npi":[1649722463]},{"billed_charge":306.00,"npi":[1649722463]},{"billed_charge":570.00,"npi":[1649722463]},{"billed_charge":600.00,"npi":[1649722463]},{"billed_charge":780.00,"npi":[1649722463]},{"billed_charge":1050.00,"npi":[1649722463]},{"billed_charge":1055.00,"npi":[1649722463]},{"billed_charge":1430.00,"npi":[1649722463]},{"billed_charge":1512.00,"npi":[1649722463]}]},{"allowed_amount":0.00,"billing_code_modifier":[""],"providers":[{"billed_charge":204.00,"npi":[1649722463]},{"billed_charge":306.00,"npi":[1649722463]},{"billed_charge":570.00,"npi":[1649722463]},{"billed_charge":600.00,"npi":[1649722463]},{"billed_charge":780.00,"npi":[1649722463]},{"billed_charge":1050.00,"npi":[1649722463]},{"billed_charge":1055.00,"npi":[1649722463]},{"billed_charge":1430.00,"npi":[1649722463]},{"billed_charge":1512.00,"npi":[1649722463]}]}]},{"tin":{"type":"ein","value":"812098192"},"service_code":["23"],"billing_class":"institutional","payments":[{"allowed_amount":0.00,"billing_code_modifier":[""],"providers":[{"billed_charge":204.00,"npi":[1649722463]},{"billed_charge":306.00,"npi":[1649722463]},{"billed_charge":570.00,"npi":[1649722463]},{"billed_charge":600.00,"npi":[1649722463]},{"billed_charge":780.00,"npi":[1649722463]},{"billed_charge":1050.00,"npi":[1649722463]},{"billed_charge":1055.00,"npi":[1649722463]},{"billed_charge":1430.00,"npi":[1649722463]},{"billed_charge":1512.00,"npi":[1649722463]}]},{"allowed_amount":0.00,"billing_code_modifier":[""],"providers":[{"billed_charge":204.00,"npi":[1649722463]},{"billed_charge":306.00,"npi":[1649722463]},{"billed_charge":570.00,"npi":[1649722463]},{"billed_charge":600.00,"npi":[1649722463]},{"billed_charge":780.00,"npi":[1649722463]},{"billed_charge":1050.00,"npi":[1649722463]},{"billed_charge":1055.00,"npi":[1649722463]},{"billed_charge":1430.00,"npi":[1649722463]},{"billed_charge":1512.00,"npi":[1649722463]}]},{"allowed_amount":0.00,"billing_code_modifier":[""],"providers":[{"billed_charge":204.00,"npi":[1649722463]},{"billed_charge":306.00,"npi":[1649722463]},{"billed_charge":570.00,"npi":[1649722463]},{"billed_charge":600.00,"npi":[1649722463]},{"billed_charge":780.00,"npi":[1649722463]},{"billed_charge":1050.00,"npi":[1649722463]},{"billed_charge":1055.00,"npi":[1649722463]},{"billed_charge":1430.00,"npi":[1649722463]},{"billed_charge":1512.00,"npi":[1649722463]}]},{"allowed_amount":0.00,"billing_code_modifier":[""],"providers":[{"billed_charge":204.00,"npi":[1649722463]},{"billed_charge":306.00,"npi":[1649722463]},{"billed_charge":570.00,"npi":[1649722463]},{"billed_charge":600.00,"npi":[1649722463]},{"billed_charge":780.00,"npi":[1649722463]},{"billed_charge":1050.00,"npi":[1649722463]},{"billed_charge":1055.00,"npi":[1649722463]},{"billed_charge":1430.00,"npi":[1649722463]},{"billed_charge":1512.00,"npi":[1649722463]}]},{"allowed_amount":0.00,"billing_code_modifier":[""],"providers":[{"billed_charge":204.00,"npi":[1649722463]},{"billed_charge":306.00,"npi":[1649722463]},{"billed_charge":570.00,"npi":[1649722463]},{"billed_charge":600.00,"npi":[1649722463]},{"billed_charge":780.00,"npi":[1649722463]},{"billed_charge":1050.00,"npi":[1649722463]},{"billed_charge":1055.00,"npi":[1649722463]},{"billed_charge":1430.00,"npi":[1649722463]},{"billed_charge":1512.00,"npi":[1649722463]}]},{"allowed_amount":0.00,"billing_code_modifier":[""],"providers":[{"billed_charge":204.00,"npi":[1649722463]},{"billed_charge":306.00,"npi":[1649722463]},{"billed_charge":570.00,"npi":[1649722463]},{"billed_charge":600.00,"npi":[1649722463]},{"billed_charge":780.00,"npi":[1649722463]},{"billed_charge":1050.00,"npi":[1649722463]},{"billed_charge":1055.00,"npi":[1649722463]},{"billed_charge":1430.00,"npi":[1649722463]},{"billed_charge":1512.00,"npi":[1649722463]}]},{"allowed_amount":0.00,"billing_code_modifier":[""],"providers":[{"billed_charge":204.00,"npi":[1649722463]},{"billed_charge":306.00,"npi":[1649722463]},{"billed_charge":570.00,"npi":[1649722463]},{"billed_charge":600.00,"npi":[1649722463]},{"billed_charge":780.00,"npi":[1649722463]},{"billed_charge":1050.00,"npi":[1649722463]},{"billed_charge":1055.00,"npi":[1649722463]},{"billed_charge":1430.00,"npi":[1649722463]},{"billed_charge":1512.00,"npi":[1649722463]}]},{"allowed_amount":0.00,"billing_code_modifier":[""],"providers":[{"billed_charge":204.00,"npi":[1649722463]},{"billed_charge":306.00,"npi":[1649722463]},{"billed_charge":570.00,"npi":[1649722463]},{"billed_charge":600.00,"npi":[1649722463]},{"billed_charge":780.00,"npi":[1649722463]},{"billed_charge":1050.00,"npi":[1649722463]},{"billed_charge":1055.00,"npi":[1649722463]},{"billed_charge":1430.00,"npi":[1649722463]},{"billed_charge":1512.00,"npi":[1649722463]}]},{"allowed_amount":0.00,"billing_code_modifier":[""],"providers":[{"billed_charge":204.00,"npi":[1649722463]},{"billed_charge":306.00,"npi":[1649722463]},{"billed_charge":570.00,"npi":[1649722463]},{"billed_charge":600.00,"npi":[1649722463]},{"billed_charge":780.00,"npi":[1649722463]},{"billed_charge":1050.00,"npi":[1649722463]},{"billed_charge":1055.00,"npi":[1649722463]},{"billed_charge":1430.00,"npi":[1649722463]},{"billed_charge":1512.00,"npi":[1649722463]}]}]},{"tin":{"type":"ein","value":"812098192"},"service_code":["23"],"billing_class":"institutional","payments":[{"allowed_amount":0.00,"billing_code_modifier":[""],"providers":[{"billed_charge":204.00,"npi":[1649722463]},{"billed_charge":306.00,"npi":[1649722463]},{"billed_charge":570.00,"npi":[1649722463]},{"billed_charge":600.00,"npi":[1649722463]},{"billed_charge":780.00,"npi":[1649722463]},{"billed_charge":1050.00,"npi":[1649722463]},{"billed_charge":1055.00,"npi":[1649722463]},{"billed_charge":1430.00,"npi":[1649722463]},{"billed_charge":1512.00,"npi":[1649722463]}]},{"allowed_amount":0.00,"billing_code_modifier":[""],"providers":[{"billed_charge":204.00,"npi":[1649722463]},{"billed_charge":306.00,"npi":[1649722463]},{"billed_charge":570.00,"npi":[1649722463]},{"billed_charge":600.00,"npi":[1649722463]},{"billed_charge":780.00,"npi":[1649722463]},{"billed_charge":1050.00,"npi":[1649722463]},{"billed_charge":1055.00,"npi":[1649722463]},{"billed_charge":1430.00,"npi":[1649722463]},{"billed_charge":1512.00,"npi":[1649722463]}]},{"allowed_amount":0.00,"billing_code_modifier":[""],"providers":[{"billed_charge":204.00,"npi":[1649722463]},{"billed_charge":306.00,"npi":[1649722463]},{"billed_charge":570.00,"npi":[1649722463]},{"billed_charge":600.00,"npi":[1649722463]},{"billed_charge":780.00,"npi":[1649722463]},{"billed_charge":1050.00,"npi":[1649722463]},{"billed_charge":1055.00,"npi":[1649722463]},{"billed_charge":1430.00,"npi":[1649722463]},{"billed_charge":1512.00,"npi":[1649722463]}]},{"allowed_amount":0.00,"billing_code_modifier":[""],"providers":[{"billed_charge":204.00,"npi":[1649722463]},{"billed_charge":306.00,"npi":[1649722463]},{"billed_charge":570.00,"npi":[1649722463]},{"billed_charge":600.00,"npi":[1649722463]},{"billed_charge":780.00,"npi":[1649722463]},{"billed_charge":1050.00,"npi":[1649722463]},{"billed_charge":1055.00,"npi":[1649722463]},{"billed_charge":1430.00,"npi":[1649722463]},{"billed_charge":1512.00,"npi":[1649722463]}]},{"allowed_amount":0.00,"billing_code_modifier":[""],"providers":[{"billed_charge":204.00,"npi":[1649722463]},{"billed_charge":306.00,"npi":[1649722463]},{"billed_charge":570.00,"npi":[1649722463]},{"billed_charge":600.00,"npi":[1649722463]},{"billed_charge":780.00,"npi":[1649722463]},{"billed_charge":1050.00,"npi":[1649722463]},{"billed_charge":1055.00,"npi":[1649722463]},{"billed_charge":1430.00,"npi":[1649722463]},{"billed_charge":1512.00,"npi":[1649722463]}]},{"allowed_amount":0.00,"billing_code_modifier":[""],"providers":[{"billed_charge":204.00,"npi":[1649722463]},{"billed_charge":306.00,"npi":[1649722463]},{"billed_charge":570.00,"npi":[1649722463]},{"billed_charge":600.00,"npi":[1649722463]},{"billed_charge":780.00,"npi":[1649722463]},{"billed_charge":1050.00,"npi":[1649722463]},{"billed_charge":1055.00,"npi":[1649722463]},{"billed_charge":1430.00,"npi":[1649722463]},{"billed_charge":1512.00,"npi":[1649722463]}]},{"allowed_amount":0.00,"billing_code_modifier":[""],"providers":[{"billed_charge":204.00,"npi":[1649722463]},{"billed_charge":306.00,"npi":[1649722463]},{"billed_charge":570.00,"npi":[1649722463]},{"billed_charge":600.00,"npi":[1649722463]},{"billed_charge":780.00,"npi":[1649722463]},{"billed_charge":1050.00,"npi":[1649722463]},{"billed_charge":1055.00,"npi":[1649722463]},{"billed_charge":1430.00,"npi":[1649722463]},{"billed_charge":1512.00,"npi":[1649722463]}]},{"allowed_amount":0.00,"billing_code_modifier":[""],"providers":[{"billed_charge":204.00,"npi":[1649722463]},{"billed_charge":306.00,"npi":[1649722463]},{"billed_charge":570.00,"npi":[1649722463]},{"billed_charge":600.00,"npi":[1649722463]},{"billed_charge":780.00,"npi":[1649722463]},{"billed_charge":1050.00,"npi":[1649722463]},{"billed_charge":1055.00,"npi":[1649722463]},{"billed_charge":1430.00,"npi":[1649722463]},{"billed_charge":1512.00,"npi":[1649722463]}]},{"allowed_amount":0.00,"billing_code_modifier":[""],"providers":[{"billed_charge":204.00,"npi":[1649722463]},{"billed_charge":306.00,"npi":[1649722463]},{"billed_charge":570.00,"npi":[1649722463]},{"billed_charge":600.00,"npi":[1649722463]},{"billed_charge":780.00,"npi":[1649722463]},{"billed_charge":1050.00,"npi":[1649722463]},{"billed_charge":1055.00,"npi":[1649722463]},{"billed_charge":1430.00,"npi":[1649722463]},{"billed_charge":1512.00,"npi":[1649722463]}]}]}]},{"name":"PSYCHIATRIC\/PSYCHOLOGICAL TRT: INTENSIVE OUT SERV","billing_code_type":"RC","billing_code_type_version":"UB04","billing_code":"0906","description":"PSYCHIATRIC\/PSYCHOLOGICAL TRT: INTENSIVE OUT SERV","allowed_amounts":[{"tin":{"type":"ein","value":"880766580"},"service_code":["22"],"billing_class":"institutional","payments":[{"allowed_amount":427.54,"billing_code_modifier":[""],"providers":[{"billed_charge":2500.00,"npi":[1568191658]}]}]}]},{"name":"REHAB","billing_code_type":"RC","billing_code_type_version":"UB04","billing_code":"0128","description":"REHAB","allowed_amounts":[{"tin":{"type":"ein","value":"881397744"},"service_code":["21"],"billing_class":"institutional","payments":[{"allowed_amount":1265.99,"billing_code_modifier":[""],"providers":[{"billed_charge":5295.00,"npi":[1255075008,1396779054]}]}]}]}]}
