{"reporting_entity_name": "IEC Group_DBA AmeriBen",
	"reporting_entity_type": "Third Party Administrator",
	"plan_name": "KING'S HAWAIIAN MEDICAL PLAN",
	"plan_id_type": "ein",
	"plan_id": "330747313",
	"plan_market_type": "group",
	"last_updated_on": "2022-12-01","Version": "1.0.0","out_of_network":[{"name":"COVID-19 LAB TEST NON-CDC HTT","billing_code_type":"HCPCS","billing_code_type_version":"HCPCS LEVEL II 2021","billing_code":"U0004","description":"COVID-19 LAB TEST NON-CDC HTT","allowed_amounts":[{"tin":{"type":"ein","value":"831342609"},"service_code":["81"],"billing_class":"professional","payments":[{"allowed_amount":105.00,"billing_code_modifier":[""],"providers":[{"billed_charge":350.00,"npi":[1053541581,1073101028,1487815387]}]}]},{"tin":{"type":"ein","value":"842517811"},"service_code":["81"],"billing_class":"professional","payments":[{"allowed_amount":105.00,"billing_code_modifier":[""],"providers":[{"billed_charge":188.00,"npi":[1801004403,1851917405]}]}]},{"tin":{"type":"ein","value":"853664779"},"service_code":["81"],"billing_class":"professional","payments":[{"allowed_amount":105.00,"billing_code_modifier":[""],"providers":[{"billed_charge":113.00,"npi":[1366776445,1437561099,1518555069]}]}]}]},{"name":"EMERGENCY DEPT VISIT HIGH SEVERITY&THREAT FUNCJ","billing_code_type":"CPT","billing_code_type_version":"2020","billing_code":"99285","description":"EMERGENCY DEPT VISIT HIGH SEVERITY&THREAT FUNCJ","allowed_amounts":[{"tin":{"type":"ein","value":"200463713"},"service_code":["23"],"billing_class":"professional","payments":[{"allowed_amount":199.98,"billing_code_modifier":[""],"providers":[{"billed_charge":2308.00,"npi":[1184655581,1235507724,1689606790,1730250580]}]}]},{"tin":{"type":"ein","value":"451833448"},"service_code":["23"],"billing_class":"professional","payments":[{"allowed_amount":199.98,"billing_code_modifier":[""],"providers":[{"billed_charge":1430.82,"npi":[1063412005,1376834937,1922494392]}]}]},{"tin":{"type":"ein","value":"954534163"},"service_code":["23"],"billing_class":"professional","payments":[{"allowed_amount":199.98,"billing_code_modifier":[""],"providers":[{"billed_charge":734.00,"npi":[1043373087,1184048712,1184974842,1215961628,1467459776,1487882841,1922030238]}]}]}]},{"name":"IA DET DNA\/RNA; COVID-19 AMP P T","billing_code_type":"HCPCS","billing_code_type_version":"HCPCS LEVEL II 2021","billing_code":"U0003","description":"IA DET DNA\/RNA; COVID-19 AMP P T","allowed_amounts":[{"tin":{"type":"ein","value":"464163620"},"service_code":["81"],"billing_class":"professional","payments":[{"allowed_amount":105.00,"billing_code_modifier":[""],"providers":[{"billed_charge":250.00,"npi":[1265854855,1912008087]}]}]},{"tin":{"type":"ein","value":"472462178"},"service_code":["81"],"billing_class":"professional","payments":[{"allowed_amount":105.00,"billing_code_modifier":[""],"providers":[{"billed_charge":250.00,"npi":[1114183555,1144731605,1639311509]}]}]},{"tin":{"type":"ein","value":"473727159"},"service_code":["81"],"billing_class":"professional","payments":[{"allowed_amount":105.00,"billing_code_modifier":[""],"providers":[{"billed_charge":125.00,"npi":[1053821777,1205327236,1225682602,1376842005,1730792805,1740753003,1902423254,1912521568,1992314918]}]}]},{"tin":{"type":"ein","value":"820973231"},"service_code":["81"],"billing_class":"professional","payments":[{"allowed_amount":105.00,"billing_code_modifier":[""],"providers":[{"billed_charge":195.00,"npi":[1174674352,1205362522]}]}]},{"tin":{"type":"ein","value":"823258920"},"service_code":["81"],"billing_class":"professional","payments":[{"allowed_amount":105.00,"billing_code_modifier":[""],"providers":[{"billed_charge":112.50,"npi":[1457942401,1881772648]}]}]},{"tin":{"type":"ein","value":"831708962"},"service_code":["81"],"billing_class":"professional","payments":[{"allowed_amount":105.00,"billing_code_modifier":[""],"providers":[{"billed_charge":240.00,"npi":[1427610674,1992978555]}]}]},{"tin":{"type":"ein","value":"845172222"},"service_code":["81"],"billing_class":"professional","payments":[{"allowed_amount":105.00,"billing_code_modifier":[""],"providers":[{"billed_charge":225.00,"npi":[1346769593,1659588762]}]}]},{"tin":{"type":"ein","value":"852364612"},"service_code":["81"],"billing_class":"professional","payments":[{"allowed_amount":105.00,"billing_code_modifier":[""],"providers":[{"billed_charge":225.00,"npi":[1740685387,1790386746]}]}]},{"tin":{"type":"ein","value":"852421177"},"service_code":["81"],"billing_class":"professional","payments":[{"allowed_amount":105.00,"billing_code_modifier":[""],"providers":[{"billed_charge":200.00,"npi":[1043313992,1366048019]}]}]},{"tin":{"type":"ein","value":"861716987"},"service_code":["81"],"billing_class":"professional","payments":[{"allowed_amount":105.00,"billing_code_modifier":[""],"providers":[{"billed_charge":200.00,"npi":[1356917173,1427167121,1982751756]}]}]},{"tin":{"type":"ein","value":"862741576"},"service_code":["81"],"billing_class":"professional","payments":[{"allowed_amount":105.00,"billing_code_modifier":[""],"providers":[{"billed_charge":200.00,"npi":[1225224389,1790361756]}]}]},{"tin":{"type":"ein","value":"873102949"},"service_code":["81"],"billing_class":"professional","payments":[{"allowed_amount":105.00,"billing_code_modifier":[""],"providers":[{"billed_charge":249.00,"npi":[1144847351,1356005920,1740607837]}]}]}]},{"name":"IADNA NOS AMPLIFIED PROBE TQ EACH ORGANISM","billing_code_type":"CPT","billing_code_type_version":"2020","billing_code":"87798","description":"IADNA NOS AMPLIFIED PROBE TQ EACH ORGANISM","allowed_amounts":[{"tin":{"type":"ein","value":"262911443"},"service_code":["81"],"billing_class":"professional","payments":[{"allowed_amount":49.13,"billing_code_modifier":[""],"providers":[{"billed_charge":53.00,"npi":[1184861353,1447250170]}]}]}]},{"name":"INFEC AGEN DETEC AMPLI PROBE","billing_code_type":"HCPCS","billing_code_type_version":"HCPCS LEVEL II 2021","billing_code":"U0005","description":"INFEC AGEN DETEC AMPLI PROBE","allowed_amounts":[{"tin":{"type":"ein","value":"464163620"},"service_code":["81"],"billing_class":"professional","payments":[{"allowed_amount":25.00,"billing_code_modifier":[""],"providers":[{"billed_charge":25.00,"npi":[1265854855,1912008087]}]}]},{"tin":{"type":"ein","value":"472462178"},"service_code":["81"],"billing_class":"professional","payments":[{"allowed_amount":35.00,"billing_code_modifier":[""],"providers":[{"billed_charge":50.00,"npi":[1114183555,1144731605,1639311509]}]}]},{"tin":{"type":"ein","value":"473727159"},"service_code":["81"],"billing_class":"professional","payments":[{"allowed_amount":25.00,"billing_code_modifier":[""],"providers":[{"billed_charge":25.00,"npi":[1053821777,1205327236,1225682602,1376842005,1730792805,1740753003,1912521568,1992314918]}]}]},{"tin":{"type":"ein","value":"820973231"},"service_code":["81"],"billing_class":"professional","payments":[{"allowed_amount":25.00,"billing_code_modifier":[""],"providers":[{"billed_charge":25.00,"npi":[1174674352,1205362522]}]}]},{"tin":{"type":"ein","value":"823258920"},"service_code":["81"],"billing_class":"professional","payments":[{"allowed_amount":35.00,"billing_code_modifier":[""],"providers":[{"billed_charge":37.50,"npi":[1457942401,1881772648]}]}]},{"tin":{"type":"ein","value":"831342609"},"service_code":["81"],"billing_class":"professional","payments":[{"allowed_amount":35.00,"billing_code_modifier":[""],"providers":[{"billed_charge":100.00,"npi":[1053541581,1073101028,1487815387]}]}]},{"tin":{"type":"ein","value":"831708962"},"service_code":["81"],"billing_class":"professional","payments":[{"allowed_amount":35.00,"billing_code_modifier":[""],"providers":[{"billed_charge":120.00,"npi":[1427610674,1992978555]}]}]},{"tin":{"type":"ein","value":"845172222"},"service_code":["81"],"billing_class":"professional","payments":[{"allowed_amount":35.00,"billing_code_modifier":[""],"providers":[{"billed_charge":75.00,"npi":[1346769593,1659588762]}]}]},{"tin":{"type":"ein","value":"852364612"},"service_code":["81"],"billing_class":"professional","payments":[{"allowed_amount":35.00,"billing_code_modifier":[""],"providers":[{"billed_charge":75.00,"npi":[1740685387,1790386746]}]}]},{"tin":{"type":"ein","value":"852421177"},"service_code":["81"],"billing_class":"professional","payments":[{"allowed_amount":35.00,"billing_code_modifier":[""],"providers":[{"billed_charge":50.00,"npi":[1043313992,1366048019]}]}]},{"tin":{"type":"ein","value":"853664779"},"service_code":["81"],"billing_class":"professional","payments":[{"allowed_amount":35.00,"billing_code_modifier":[""],"providers":[{"billed_charge":35.00,"npi":[1366776445,1437561099,1518555069]}]}]},{"tin":{"type":"ein","value":"861716987"},"service_code":["81"],"billing_class":"professional","payments":[{"allowed_amount":35.00,"billing_code_modifier":[""],"providers":[{"billed_charge":118.00,"npi":[1356917173,1427167121,1982751756]}]}]},{"tin":{"type":"ein","value":"862741576"},"service_code":["81"],"billing_class":"professional","payments":[{"allowed_amount":35.00,"billing_code_modifier":[""],"providers":[{"billed_charge":118.00,"npi":[1225224389,1790361756]}]}]},{"tin":{"type":"ein","value":"873102949"},"service_code":["81"],"billing_class":"professional","payments":[{"allowed_amount":35.00,"billing_code_modifier":[""],"providers":[{"billed_charge":75.00,"npi":[1144847351,1356005920,1740607837]}]}]}]},{"name":"PSYCHIATRIC\/PSYCHOLOGICAL SVCS: PARTIAL HOSP - LES","billing_code_type":"RC","billing_code_type_version":"UB04","billing_code":"0912","description":"PSYCHIATRIC\/PSYCHOLOGICAL SVCS: PARTIAL HOSP - LES","allowed_amounts":[{"tin":{"type":"ein","value":"821366868"},"service_code":["22"],"billing_class":"institutional","payments":[{"allowed_amount":853.75,"billing_code_modifier":[""],"providers":[{"billed_charge":3895.00,"npi":[1386170900,1396937868]}]}]}]},{"name":"RESIDENTIAL TREATMENT-CHEMICAL DEPENDENCY","billing_code_type":"RC","billing_code_type_version":"UB04","billing_code":"1002","description":"RESIDENTIAL TREATMENT-CHEMICAL DEPENDENCY","allowed_amounts":[{"tin":{"type":"ein","value":"900852664"},"service_code":["21"],"billing_class":"institutional","payments":[{"allowed_amount":1433.32,"billing_code_modifier":[""],"providers":[{"billed_charge":4295.00,"npi":[1073016226,1396937868]}]}]}]},{"name":"SPECIMEN COLLECT COVID-19","billing_code_type":"HCPCS","billing_code_type_version":"HCPCS LEVEL II 2021","billing_code":"G2023","description":"SPECIMEN COLLECT COVID-19","allowed_amounts":[{"tin":{"type":"ein","value":"464163620"},"service_code":["81"],"billing_class":"professional","payments":[{"allowed_amount":32.84,"billing_code_modifier":[""],"providers":[{"billed_charge":50.00,"npi":[1265854855,1912008087]}]}]},{"tin":{"type":"ein","value":"820973231"},"service_code":["81"],"billing_class":"professional","payments":[{"allowed_amount":32.84,"billing_code_modifier":[""],"providers":[{"billed_charge":65.00,"npi":[1174674352,1205362522]}]}]},{"tin":{"type":"ein","value":"831342609"},"service_code":["81"],"billing_class":"professional","payments":[{"allowed_amount":32.84,"billing_code_modifier":[""],"providers":[{"billed_charge":50.00,"npi":[1053541581,1073101028,1487815387]}]}]},{"tin":{"type":"ein","value":"842517811"},"service_code":["81"],"billing_class":"professional","payments":[{"allowed_amount":32.84,"billing_code_modifier":[""],"providers":[{"billed_charge":50.00,"npi":[1801004403,1851917405]}]}]},{"tin":{"type":"ein","value":"845172222"},"service_code":["81"],"billing_class":"professional","payments":[{"allowed_amount":32.84,"billing_code_modifier":[""],"providers":[{"billed_charge":70.38,"npi":[1346769593,1659588762]}]}]},{"tin":{"type":"ein","value":"852364612"},"service_code":["81"],"billing_class":"professional","payments":[{"allowed_amount":32.84,"billing_code_modifier":[""],"providers":[{"billed_charge":70.00,"npi":[1740685387,1790386746]}]}]},{"tin":{"type":"ein","value":"852421177"},"service_code":["81"],"billing_class":"professional","payments":[{"allowed_amount":32.84,"billing_code_modifier":[""],"providers":[{"billed_charge":48.00,"npi":[1043313992,1366048019]}]}]},{"tin":{"type":"ein","value":"861287804"},"service_code":["81"],"billing_class":"professional","payments":[{"allowed_amount":32.84,"billing_code_modifier":[""],"providers":[{"billed_charge":75.00,"npi":[1336191980,1952067027]}]}]},{"tin":{"type":"ein","value":"873102949"},"service_code":["81"],"billing_class":"professional","payments":[{"allowed_amount":32.84,"billing_code_modifier":[""],"providers":[{"billed_charge":46.92,"npi":[1144847351,1356005920]}]}]}]}]}
