{"reporting_entity_name": "IEC Group_DBA AmeriBen",
	"reporting_entity_type": "Third Party Administrator",
	"plan_name": "NFI INDUSTRIES",
	"plan_id_type": "ein",
	"plan_id": "222543994",
	"plan_market_type": "group",
	"last_updated_on": "2023-10-01","Version": "1.0.0","out_of_network":[{"name":"DRUGS REQUIRE SPECIFIC ID: DRUGS REQUIRING DETAIL","billing_code_type":"RC","billing_code_type_version":"UB04","billing_code":"0636","description":"DRUGS REQUIRE SPECIFIC ID: DRUGS REQUIRING DETAIL","allowed_amounts":[{"tin":{"type":"ein","value":"472177648"},"service_code":["23"],"billing_class":"institutional","payments":[{"allowed_amount":0.00,"billing_code_modifier":[""],"providers":[{"billed_charge":17.90,"npi":[1790174860]},{"billed_charge":30.00,"npi":[1790174860]},{"billed_charge":38.10,"npi":[1790174860]}]},{"allowed_amount":0.00,"billing_code_modifier":[""],"providers":[{"billed_charge":17.90,"npi":[1790174860]},{"billed_charge":30.00,"npi":[1790174860]},{"billed_charge":38.10,"npi":[1790174860]}]},{"allowed_amount":0.00,"billing_code_modifier":[""],"providers":[{"billed_charge":17.90,"npi":[1790174860]},{"billed_charge":30.00,"npi":[1790174860]},{"billed_charge":38.10,"npi":[1790174860]}]}]},{"tin":{"type":"ein","value":"472177648"},"service_code":["23"],"billing_class":"institutional","payments":[{"allowed_amount":0.00,"billing_code_modifier":[""],"providers":[{"billed_charge":17.90,"npi":[1790174860]},{"billed_charge":30.00,"npi":[1790174860]},{"billed_charge":38.10,"npi":[1790174860]}]},{"allowed_amount":0.00,"billing_code_modifier":[""],"providers":[{"billed_charge":17.90,"npi":[1790174860]},{"billed_charge":30.00,"npi":[1790174860]},{"billed_charge":38.10,"npi":[1790174860]}]},{"allowed_amount":0.00,"billing_code_modifier":[""],"providers":[{"billed_charge":17.90,"npi":[1790174860]},{"billed_charge":30.00,"npi":[1790174860]},{"billed_charge":38.10,"npi":[1790174860]}]}]},{"tin":{"type":"ein","value":"472177648"},"service_code":["23"],"billing_class":"institutional","payments":[{"allowed_amount":0.00,"billing_code_modifier":[""],"providers":[{"billed_charge":17.90,"npi":[1790174860]},{"billed_charge":30.00,"npi":[1790174860]},{"billed_charge":38.10,"npi":[1790174860]}]},{"allowed_amount":0.00,"billing_code_modifier":[""],"providers":[{"billed_charge":17.90,"npi":[1790174860]},{"billed_charge":30.00,"npi":[1790174860]},{"billed_charge":38.10,"npi":[1790174860]}]},{"allowed_amount":0.00,"billing_code_modifier":[""],"providers":[{"billed_charge":17.90,"npi":[1790174860]},{"billed_charge":30.00,"npi":[1790174860]},{"billed_charge":38.10,"npi":[1790174860]}]}]},{"tin":{"type":"ein","value":"474017300"},"service_code":["23"],"billing_class":"institutional","payments":[{"allowed_amount":0.00,"billing_code_modifier":[""],"providers":[{"billed_charge":3.32,"npi":[1609248186]},{"billed_charge":40.32,"npi":[1609248186]}]},{"allowed_amount":0.00,"billing_code_modifier":[""],"providers":[{"billed_charge":3.32,"npi":[1609248186]},{"billed_charge":40.32,"npi":[1609248186]}]}]},{"tin":{"type":"ein","value":"474017300"},"service_code":["23"],"billing_class":"institutional","payments":[{"allowed_amount":0.00,"billing_code_modifier":[""],"providers":[{"billed_charge":3.32,"npi":[1609248186]},{"billed_charge":40.32,"npi":[1609248186]}]},{"allowed_amount":0.00,"billing_code_modifier":[""],"providers":[{"billed_charge":3.32,"npi":[1609248186]},{"billed_charge":40.32,"npi":[1609248186]}]}]},{"tin":{"type":"ein","value":"812098192"},"service_code":["23"],"billing_class":"institutional","payments":[{"allowed_amount":0.00,"billing_code_modifier":[""],"providers":[{"billed_charge":7.45,"npi":[1649722463]},{"billed_charge":9.06,"npi":[1649722463]},{"billed_charge":37.50,"npi":[1649722463]},{"billed_charge":42.00,"npi":[1649722463]}]},{"allowed_amount":0.00,"billing_code_modifier":[""],"providers":[{"billed_charge":7.45,"npi":[1649722463]},{"billed_charge":9.06,"npi":[1649722463]},{"billed_charge":37.50,"npi":[1649722463]},{"billed_charge":42.00,"npi":[1649722463]}]},{"allowed_amount":0.00,"billing_code_modifier":[""],"providers":[{"billed_charge":7.45,"npi":[1649722463]},{"billed_charge":9.06,"npi":[1649722463]},{"billed_charge":37.50,"npi":[1649722463]},{"billed_charge":42.00,"npi":[1649722463]}]},{"allowed_amount":0.00,"billing_code_modifier":[""],"providers":[{"billed_charge":7.45,"npi":[1649722463]},{"billed_charge":9.06,"npi":[1649722463]},{"billed_charge":37.50,"npi":[1649722463]},{"billed_charge":42.00,"npi":[1649722463]}]}]},{"tin":{"type":"ein","value":"812098192"},"service_code":["23"],"billing_class":"institutional","payments":[{"allowed_amount":0.00,"billing_code_modifier":[""],"providers":[{"billed_charge":7.45,"npi":[1649722463]},{"billed_charge":9.06,"npi":[1649722463]},{"billed_charge":37.50,"npi":[1649722463]},{"billed_charge":42.00,"npi":[1649722463]}]},{"allowed_amount":0.00,"billing_code_modifier":[""],"providers":[{"billed_charge":7.45,"npi":[1649722463]},{"billed_charge":9.06,"npi":[1649722463]},{"billed_charge":37.50,"npi":[1649722463]},{"billed_charge":42.00,"npi":[1649722463]}]},{"allowed_amount":0.00,"billing_code_modifier":[""],"providers":[{"billed_charge":7.45,"npi":[1649722463]},{"billed_charge":9.06,"npi":[1649722463]},{"billed_charge":37.50,"npi":[1649722463]},{"billed_charge":42.00,"npi":[1649722463]}]},{"allowed_amount":0.00,"billing_code_modifier":[""],"providers":[{"billed_charge":7.45,"npi":[1649722463]},{"billed_charge":9.06,"npi":[1649722463]},{"billed_charge":37.50,"npi":[1649722463]},{"billed_charge":42.00,"npi":[1649722463]}]}]},{"tin":{"type":"ein","value":"812098192"},"service_code":["23"],"billing_class":"institutional","payments":[{"allowed_amount":0.00,"billing_code_modifier":[""],"providers":[{"billed_charge":7.45,"npi":[1649722463]},{"billed_charge":9.06,"npi":[1649722463]},{"billed_charge":37.50,"npi":[1649722463]},{"billed_charge":42.00,"npi":[1649722463]}]},{"allowed_amount":0.00,"billing_code_modifier":[""],"providers":[{"billed_charge":7.45,"npi":[1649722463]},{"billed_charge":9.06,"npi":[1649722463]},{"billed_charge":37.50,"npi":[1649722463]},{"billed_charge":42.00,"npi":[1649722463]}]},{"allowed_amount":0.00,"billing_code_modifier":[""],"providers":[{"billed_charge":7.45,"npi":[1649722463]},{"billed_charge":9.06,"npi":[1649722463]},{"billed_charge":37.50,"npi":[1649722463]},{"billed_charge":42.00,"npi":[1649722463]}]},{"allowed_amount":0.00,"billing_code_modifier":[""],"providers":[{"billed_charge":7.45,"npi":[1649722463]},{"billed_charge":9.06,"npi":[1649722463]},{"billed_charge":37.50,"npi":[1649722463]},{"billed_charge":42.00,"npi":[1649722463]}]}]},{"tin":{"type":"ein","value":"812098192"},"service_code":["23"],"billing_class":"institutional","payments":[{"allowed_amount":0.00,"billing_code_modifier":[""],"providers":[{"billed_charge":7.45,"npi":[1649722463]},{"billed_charge":9.06,"npi":[1649722463]},{"billed_charge":37.50,"npi":[1649722463]},{"billed_charge":42.00,"npi":[1649722463]}]},{"allowed_amount":0.00,"billing_code_modifier":[""],"providers":[{"billed_charge":7.45,"npi":[1649722463]},{"billed_charge":9.06,"npi":[1649722463]},{"billed_charge":37.50,"npi":[1649722463]},{"billed_charge":42.00,"npi":[1649722463]}]},{"allowed_amount":0.00,"billing_code_modifier":[""],"providers":[{"billed_charge":7.45,"npi":[1649722463]},{"billed_charge":9.06,"npi":[1649722463]},{"billed_charge":37.50,"npi":[1649722463]},{"billed_charge":42.00,"npi":[1649722463]}]},{"allowed_amount":0.00,"billing_code_modifier":[""],"providers":[{"billed_charge":7.45,"npi":[1649722463]},{"billed_charge":9.06,"npi":[1649722463]},{"billed_charge":37.50,"npi":[1649722463]},{"billed_charge":42.00,"npi":[1649722463]}]}]},{"tin":{"type":"ein","value":"832001074"},"service_code":["23"],"billing_class":"institutional","payments":[{"allowed_amount":0.00,"billing_code_modifier":[""],"providers":[{"billed_charge":547.20,"npi":[1851949408]}]}]},{"tin":{"type":"ein","value":"851931245"},"service_code":["23"],"billing_class":"institutional","payments":[{"allowed_amount":0.00,"billing_code_modifier":[""],"providers":[{"billed_charge":31.86,"npi":[1750909974]},{"billed_charge":193.32,"npi":[1750909974]},{"billed_charge":211.68,"npi":[1750909974]},{"billed_charge":636.66,"npi":[1750909974]}]},{"allowed_amount":0.00,"billing_code_modifier":[""],"providers":[{"billed_charge":31.86,"npi":[1750909974]},{"billed_charge":193.32,"npi":[1750909974]},{"billed_charge":211.68,"npi":[1750909974]},{"billed_charge":636.66,"npi":[1750909974]}]},{"allowed_amount":0.00,"billing_code_modifier":[""],"providers":[{"billed_charge":31.86,"npi":[1750909974]},{"billed_charge":193.32,"npi":[1750909974]},{"billed_charge":211.68,"npi":[1750909974]},{"billed_charge":636.66,"npi":[1750909974]}]},{"allowed_amount":0.00,"billing_code_modifier":[""],"providers":[{"billed_charge":31.86,"npi":[1750909974]},{"billed_charge":193.32,"npi":[1750909974]},{"billed_charge":211.68,"npi":[1750909974]},{"billed_charge":636.66,"npi":[1750909974]}]}]},{"tin":{"type":"ein","value":"851931245"},"service_code":["23"],"billing_class":"institutional","payments":[{"allowed_amount":0.00,"billing_code_modifier":[""],"providers":[{"billed_charge":31.86,"npi":[1750909974]},{"billed_charge":193.32,"npi":[1750909974]},{"billed_charge":211.68,"npi":[1750909974]},{"billed_charge":636.66,"npi":[1750909974]}]},{"allowed_amount":0.00,"billing_code_modifier":[""],"providers":[{"billed_charge":31.86,"npi":[1750909974]},{"billed_charge":193.32,"npi":[1750909974]},{"billed_charge":211.68,"npi":[1750909974]},{"billed_charge":636.66,"npi":[1750909974]}]},{"allowed_amount":0.00,"billing_code_modifier":[""],"providers":[{"billed_charge":31.86,"npi":[1750909974]},{"billed_charge":193.32,"npi":[1750909974]},{"billed_charge":211.68,"npi":[1750909974]},{"billed_charge":636.66,"npi":[1750909974]}]},{"allowed_amount":0.00,"billing_code_modifier":[""],"providers":[{"billed_charge":31.86,"npi":[1750909974]},{"billed_charge":193.32,"npi":[1750909974]},{"billed_charge":211.68,"npi":[1750909974]},{"billed_charge":636.66,"npi":[1750909974]}]}]},{"tin":{"type":"ein","value":"851931245"},"service_code":["23"],"billing_class":"institutional","payments":[{"allowed_amount":0.00,"billing_code_modifier":[""],"providers":[{"billed_charge":31.86,"npi":[1750909974]},{"billed_charge":193.32,"npi":[1750909974]},{"billed_charge":211.68,"npi":[1750909974]},{"billed_charge":636.66,"npi":[1750909974]}]},{"allowed_amount":0.00,"billing_code_modifier":[""],"providers":[{"billed_charge":31.86,"npi":[1750909974]},{"billed_charge":193.32,"npi":[1750909974]},{"billed_charge":211.68,"npi":[1750909974]},{"billed_charge":636.66,"npi":[1750909974]}]},{"allowed_amount":0.00,"billing_code_modifier":[""],"providers":[{"billed_charge":31.86,"npi":[1750909974]},{"billed_charge":193.32,"npi":[1750909974]},{"billed_charge":211.68,"npi":[1750909974]},{"billed_charge":636.66,"npi":[1750909974]}]},{"allowed_amount":0.00,"billing_code_modifier":[""],"providers":[{"billed_charge":31.86,"npi":[1750909974]},{"billed_charge":193.32,"npi":[1750909974]},{"billed_charge":211.68,"npi":[1750909974]},{"billed_charge":636.66,"npi":[1750909974]}]}]},{"tin":{"type":"ein","value":"851931245"},"service_code":["23"],"billing_class":"institutional","payments":[{"allowed_amount":0.00,"billing_code_modifier":[""],"providers":[{"billed_charge":31.86,"npi":[1750909974]},{"billed_charge":193.32,"npi":[1750909974]},{"billed_charge":211.68,"npi":[1750909974]},{"billed_charge":636.66,"npi":[1750909974]}]},{"allowed_amount":0.00,"billing_code_modifier":[""],"providers":[{"billed_charge":31.86,"npi":[1750909974]},{"billed_charge":193.32,"npi":[1750909974]},{"billed_charge":211.68,"npi":[1750909974]},{"billed_charge":636.66,"npi":[1750909974]}]},{"allowed_amount":0.00,"billing_code_modifier":[""],"providers":[{"billed_charge":31.86,"npi":[1750909974]},{"billed_charge":193.32,"npi":[1750909974]},{"billed_charge":211.68,"npi":[1750909974]},{"billed_charge":636.66,"npi":[1750909974]}]},{"allowed_amount":0.00,"billing_code_modifier":[""],"providers":[{"billed_charge":31.86,"npi":[1750909974]},{"billed_charge":193.32,"npi":[1750909974]},{"billed_charge":211.68,"npi":[1750909974]},{"billed_charge":636.66,"npi":[1750909974]}]}]},{"tin":{"type":"ein","value":"852007987"},"service_code":["23"],"billing_class":"institutional","payments":[{"allowed_amount":0.00,"billing_code_modifier":[""],"providers":[{"billed_charge":1998.00,"npi":[1144838947]}]}]}]},{"name":"EMERGENCY ROOM","billing_code_type":"RC","billing_code_type_version":"UB04","billing_code":"0450","description":"EMERGENCY ROOM","allowed_amounts":[{"tin":{"type":"ein","value":"472177648"},"service_code":["23"],"billing_class":"institutional","payments":[{"allowed_amount":0.00,"billing_code_modifier":[""],"providers":[{"billed_charge":498.20,"npi":[1790174860]},{"billed_charge":735.00,"npi":[1790174860]},{"billed_charge":3962.43,"npi":[1790174860]}]},{"allowed_amount":0.00,"billing_code_modifier":[""],"providers":[{"billed_charge":498.20,"npi":[1790174860]},{"billed_charge":735.00,"npi":[1790174860]},{"billed_charge":3962.43,"npi":[1790174860]}]},{"allowed_amount":0.00,"billing_code_modifier":[""],"providers":[{"billed_charge":498.20,"npi":[1790174860]},{"billed_charge":735.00,"npi":[1790174860]},{"billed_charge":3962.43,"npi":[1790174860]}]}]},{"tin":{"type":"ein","value":"472177648"},"service_code":["23"],"billing_class":"institutional","payments":[{"allowed_amount":0.00,"billing_code_modifier":[""],"providers":[{"billed_charge":498.20,"npi":[1790174860]},{"billed_charge":735.00,"npi":[1790174860]},{"billed_charge":3962.43,"npi":[1790174860]}]},{"allowed_amount":0.00,"billing_code_modifier":[""],"providers":[{"billed_charge":498.20,"npi":[1790174860]},{"billed_charge":735.00,"npi":[1790174860]},{"billed_charge":3962.43,"npi":[1790174860]}]},{"allowed_amount":0.00,"billing_code_modifier":[""],"providers":[{"billed_charge":498.20,"npi":[1790174860]},{"billed_charge":735.00,"npi":[1790174860]},{"billed_charge":3962.43,"npi":[1790174860]}]}]},{"tin":{"type":"ein","value":"472177648"},"service_code":["23"],"billing_class":"institutional","payments":[{"allowed_amount":0.00,"billing_code_modifier":[""],"providers":[{"billed_charge":498.20,"npi":[1790174860]},{"billed_charge":735.00,"npi":[1790174860]},{"billed_charge":3962.43,"npi":[1790174860]}]},{"allowed_amount":0.00,"billing_code_modifier":[""],"providers":[{"billed_charge":498.20,"npi":[1790174860]},{"billed_charge":735.00,"npi":[1790174860]},{"billed_charge":3962.43,"npi":[1790174860]}]},{"allowed_amount":0.00,"billing_code_modifier":[""],"providers":[{"billed_charge":498.20,"npi":[1790174860]},{"billed_charge":735.00,"npi":[1790174860]},{"billed_charge":3962.43,"npi":[1790174860]}]}]},{"tin":{"type":"ein","value":"812098192"},"service_code":["23"],"billing_class":"institutional","payments":[{"allowed_amount":0.00,"billing_code_modifier":[""],"providers":[{"billed_charge":843.75,"npi":[1649722463]}]}]},{"tin":{"type":"ein","value":"832001074"},"service_code":["23"],"billing_class":"institutional","payments":[{"allowed_amount":0.00,"billing_code_modifier":[""],"providers":[{"billed_charge":1814.40,"npi":[1851949408]}]}]},{"tin":{"type":"ein","value":"851931245"},"service_code":["23"],"billing_class":"institutional","payments":[{"allowed_amount":0.00,"billing_code_modifier":[""],"providers":[{"billed_charge":675.02,"npi":[1750909974]},{"billed_charge":963.28,"npi":[1750909974]},{"billed_charge":1102.19,"npi":[1750909974]},{"billed_charge":3550.96,"npi":[1750909974]},{"billed_charge":9656.00,"npi":[1750909974]}]},{"allowed_amount":0.00,"billing_code_modifier":[""],"providers":[{"billed_charge":675.02,"npi":[1750909974]},{"billed_charge":963.28,"npi":[1750909974]},{"billed_charge":1102.19,"npi":[1750909974]},{"billed_charge":3550.96,"npi":[1750909974]},{"billed_charge":9656.00,"npi":[1750909974]}]},{"allowed_amount":0.00,"billing_code_modifier":[""],"providers":[{"billed_charge":675.02,"npi":[1750909974]},{"billed_charge":963.28,"npi":[1750909974]},{"billed_charge":1102.19,"npi":[1750909974]},{"billed_charge":3550.96,"npi":[1750909974]},{"billed_charge":9656.00,"npi":[1750909974]}]},{"allowed_amount":0.00,"billing_code_modifier":[""],"providers":[{"billed_charge":675.02,"npi":[1750909974]},{"billed_charge":963.28,"npi":[1750909974]},{"billed_charge":1102.19,"npi":[1750909974]},{"billed_charge":3550.96,"npi":[1750909974]},{"billed_charge":9656.00,"npi":[1750909974]}]},{"allowed_amount":0.00,"billing_code_modifier":[""],"providers":[{"billed_charge":675.02,"npi":[1750909974]},{"billed_charge":963.28,"npi":[1750909974]},{"billed_charge":1102.19,"npi":[1750909974]},{"billed_charge":3550.96,"npi":[1750909974]},{"billed_charge":9656.00,"npi":[1750909974]}]}]},{"tin":{"type":"ein","value":"851931245"},"service_code":["23"],"billing_class":"institutional","payments":[{"allowed_amount":0.00,"billing_code_modifier":[""],"providers":[{"billed_charge":675.02,"npi":[1750909974]},{"billed_charge":963.28,"npi":[1750909974]},{"billed_charge":1102.19,"npi":[1750909974]},{"billed_charge":3550.96,"npi":[1750909974]},{"billed_charge":9656.00,"npi":[1750909974]}]},{"allowed_amount":0.00,"billing_code_modifier":[""],"providers":[{"billed_charge":675.02,"npi":[1750909974]},{"billed_charge":963.28,"npi":[1750909974]},{"billed_charge":1102.19,"npi":[1750909974]},{"billed_charge":3550.96,"npi":[1750909974]},{"billed_charge":9656.00,"npi":[1750909974]}]},{"allowed_amount":0.00,"billing_code_modifier":[""],"providers":[{"billed_charge":675.02,"npi":[1750909974]},{"billed_charge":963.28,"npi":[1750909974]},{"billed_charge":1102.19,"npi":[1750909974]},{"billed_charge":3550.96,"npi":[1750909974]},{"billed_charge":9656.00,"npi":[1750909974]}]},{"allowed_amount":0.00,"billing_code_modifier":[""],"providers":[{"billed_charge":675.02,"npi":[1750909974]},{"billed_charge":963.28,"npi":[1750909974]},{"billed_charge":1102.19,"npi":[1750909974]},{"billed_charge":3550.96,"npi":[1750909974]},{"billed_charge":9656.00,"npi":[1750909974]}]},{"allowed_amount":0.00,"billing_code_modifier":[""],"providers":[{"billed_charge":675.02,"npi":[1750909974]},{"billed_charge":963.28,"npi":[1750909974]},{"billed_charge":1102.19,"npi":[1750909974]},{"billed_charge":3550.96,"npi":[1750909974]},{"billed_charge":9656.00,"npi":[1750909974]}]}]},{"tin":{"type":"ein","value":"851931245"},"service_code":["23"],"billing_class":"institutional","payments":[{"allowed_amount":0.00,"billing_code_modifier":[""],"providers":[{"billed_charge":675.02,"npi":[1750909974]},{"billed_charge":963.28,"npi":[1750909974]},{"billed_charge":1102.19,"npi":[1750909974]},{"billed_charge":3550.96,"npi":[1750909974]},{"billed_charge":9656.00,"npi":[1750909974]}]},{"allowed_amount":0.00,"billing_code_modifier":[""],"providers":[{"billed_charge":675.02,"npi":[1750909974]},{"billed_charge":963.28,"npi":[1750909974]},{"billed_charge":1102.19,"npi":[1750909974]},{"billed_charge":3550.96,"npi":[1750909974]},{"billed_charge":9656.00,"npi":[1750909974]}]},{"allowed_amount":0.00,"billing_code_modifier":[""],"providers":[{"billed_charge":675.02,"npi":[1750909974]},{"billed_charge":963.28,"npi":[1750909974]},{"billed_charge":1102.19,"npi":[1750909974]},{"billed_charge":3550.96,"npi":[1750909974]},{"billed_charge":9656.00,"npi":[1750909974]}]},{"allowed_amount":0.00,"billing_code_modifier":[""],"providers":[{"billed_charge":675.02,"npi":[1750909974]},{"billed_charge":963.28,"npi":[1750909974]},{"billed_charge":1102.19,"npi":[1750909974]},{"billed_charge":3550.96,"npi":[1750909974]},{"billed_charge":9656.00,"npi":[1750909974]}]},{"allowed_amount":0.00,"billing_code_modifier":[""],"providers":[{"billed_charge":675.02,"npi":[1750909974]},{"billed_charge":963.28,"npi":[1750909974]},{"billed_charge":1102.19,"npi":[1750909974]},{"billed_charge":3550.96,"npi":[1750909974]},{"billed_charge":9656.00,"npi":[1750909974]}]}]},{"tin":{"type":"ein","value":"851931245"},"service_code":["23"],"billing_class":"institutional","payments":[{"allowed_amount":0.00,"billing_code_modifier":[""],"providers":[{"billed_charge":675.02,"npi":[1750909974]},{"billed_charge":963.28,"npi":[1750909974]},{"billed_charge":1102.19,"npi":[1750909974]},{"billed_charge":3550.96,"npi":[1750909974]},{"billed_charge":9656.00,"npi":[1750909974]}]},{"allowed_amount":0.00,"billing_code_modifier":[""],"providers":[{"billed_charge":675.02,"npi":[1750909974]},{"billed_charge":963.28,"npi":[1750909974]},{"billed_charge":1102.19,"npi":[1750909974]},{"billed_charge":3550.96,"npi":[1750909974]},{"billed_charge":9656.00,"npi":[1750909974]}]},{"allowed_amount":0.00,"billing_code_modifier":[""],"providers":[{"billed_charge":675.02,"npi":[1750909974]},{"billed_charge":963.28,"npi":[1750909974]},{"billed_charge":1102.19,"npi":[1750909974]},{"billed_charge":3550.96,"npi":[1750909974]},{"billed_charge":9656.00,"npi":[1750909974]}]},{"allowed_amount":0.00,"billing_code_modifier":[""],"providers":[{"billed_charge":675.02,"npi":[1750909974]},{"billed_charge":963.28,"npi":[1750909974]},{"billed_charge":1102.19,"npi":[1750909974]},{"billed_charge":3550.96,"npi":[1750909974]},{"billed_charge":9656.00,"npi":[1750909974]}]},{"allowed_amount":0.00,"billing_code_modifier":[""],"providers":[{"billed_charge":675.02,"npi":[1750909974]},{"billed_charge":963.28,"npi":[1750909974]},{"billed_charge":1102.19,"npi":[1750909974]},{"billed_charge":3550.96,"npi":[1750909974]},{"billed_charge":9656.00,"npi":[1750909974]}]}]},{"tin":{"type":"ein","value":"851931245"},"service_code":["23"],"billing_class":"institutional","payments":[{"allowed_amount":0.00,"billing_code_modifier":[""],"providers":[{"billed_charge":675.02,"npi":[1750909974]},{"billed_charge":963.28,"npi":[1750909974]},{"billed_charge":1102.19,"npi":[1750909974]},{"billed_charge":3550.96,"npi":[1750909974]},{"billed_charge":9656.00,"npi":[1750909974]}]},{"allowed_amount":0.00,"billing_code_modifier":[""],"providers":[{"billed_charge":675.02,"npi":[1750909974]},{"billed_charge":963.28,"npi":[1750909974]},{"billed_charge":1102.19,"npi":[1750909974]},{"billed_charge":3550.96,"npi":[1750909974]},{"billed_charge":9656.00,"npi":[1750909974]}]},{"allowed_amount":0.00,"billing_code_modifier":[""],"providers":[{"billed_charge":675.02,"npi":[1750909974]},{"billed_charge":963.28,"npi":[1750909974]},{"billed_charge":1102.19,"npi":[1750909974]},{"billed_charge":3550.96,"npi":[1750909974]},{"billed_charge":9656.00,"npi":[1750909974]}]},{"allowed_amount":0.00,"billing_code_modifier":[""],"providers":[{"billed_charge":675.02,"npi":[1750909974]},{"billed_charge":963.28,"npi":[1750909974]},{"billed_charge":1102.19,"npi":[1750909974]},{"billed_charge":3550.96,"npi":[1750909974]},{"billed_charge":9656.00,"npi":[1750909974]}]},{"allowed_amount":0.00,"billing_code_modifier":[""],"providers":[{"billed_charge":675.02,"npi":[1750909974]},{"billed_charge":963.28,"npi":[1750909974]},{"billed_charge":1102.19,"npi":[1750909974]},{"billed_charge":3550.96,"npi":[1750909974]},{"billed_charge":9656.00,"npi":[1750909974]}]}]},{"tin":{"type":"ein","value":"852007987"},"service_code":["23"],"billing_class":"institutional","payments":[{"allowed_amount":0.00,"billing_code_modifier":[""],"providers":[{"billed_charge":675.02,"npi":[1144838947]},{"billed_charge":9656.00,"npi":[1144838947]}]},{"allowed_amount":0.00,"billing_code_modifier":[""],"providers":[{"billed_charge":675.02,"npi":[1144838947]},{"billed_charge":9656.00,"npi":[1144838947]}]}]},{"tin":{"type":"ein","value":"852007987"},"service_code":["23"],"billing_class":"institutional","payments":[{"allowed_amount":0.00,"billing_code_modifier":[""],"providers":[{"billed_charge":675.02,"npi":[1144838947]},{"billed_charge":9656.00,"npi":[1144838947]}]},{"allowed_amount":0.00,"billing_code_modifier":[""],"providers":[{"billed_charge":675.02,"npi":[1144838947]},{"billed_charge":9656.00,"npi":[1144838947]}]}]},{"tin":{"type":"ein","value":"862923814"},"service_code":["23"],"billing_class":"institutional","payments":[{"allowed_amount":0.00,"billing_code_modifier":[""],"providers":[{"billed_charge":1436.00,"npi":[1972273233]},{"billed_charge":1700.00,"npi":[1972273233]},{"billed_charge":6374.00,"npi":[1972273233]}]},{"allowed_amount":0.00,"billing_code_modifier":[""],"providers":[{"billed_charge":1436.00,"npi":[1972273233]},{"billed_charge":1700.00,"npi":[1972273233]},{"billed_charge":6374.00,"npi":[1972273233]}]},{"allowed_amount":0.00,"billing_code_modifier":[""],"providers":[{"billed_charge":1436.00,"npi":[1972273233]},{"billed_charge":1700.00,"npi":[1972273233]},{"billed_charge":6374.00,"npi":[1972273233]}]}]},{"tin":{"type":"ein","value":"862923814"},"service_code":["23"],"billing_class":"institutional","payments":[{"allowed_amount":0.00,"billing_code_modifier":[""],"providers":[{"billed_charge":1436.00,"npi":[1972273233]},{"billed_charge":1700.00,"npi":[1972273233]},{"billed_charge":6374.00,"npi":[1972273233]}]},{"allowed_amount":0.00,"billing_code_modifier":[""],"providers":[{"billed_charge":1436.00,"npi":[1972273233]},{"billed_charge":1700.00,"npi":[1972273233]},{"billed_charge":6374.00,"npi":[1972273233]}]},{"allowed_amount":0.00,"billing_code_modifier":[""],"providers":[{"billed_charge":1436.00,"npi":[1972273233]},{"billed_charge":1700.00,"npi":[1972273233]},{"billed_charge":6374.00,"npi":[1972273233]}]}]},{"tin":{"type":"ein","value":"862923814"},"service_code":["23"],"billing_class":"institutional","payments":[{"allowed_amount":0.00,"billing_code_modifier":[""],"providers":[{"billed_charge":1436.00,"npi":[1972273233]},{"billed_charge":1700.00,"npi":[1972273233]},{"billed_charge":6374.00,"npi":[1972273233]}]},{"allowed_amount":0.00,"billing_code_modifier":[""],"providers":[{"billed_charge":1436.00,"npi":[1972273233]},{"billed_charge":1700.00,"npi":[1972273233]},{"billed_charge":6374.00,"npi":[1972273233]}]},{"allowed_amount":0.00,"billing_code_modifier":[""],"providers":[{"billed_charge":1436.00,"npi":[1972273233]},{"billed_charge":1700.00,"npi":[1972273233]},{"billed_charge":6374.00,"npi":[1972273233]}]}]},{"tin":{"type":"ein","value":"871651640"},"service_code":["23"],"billing_class":"institutional","payments":[{"allowed_amount":0.00,"billing_code_modifier":[""],"providers":[{"billed_charge":150.00,"npi":[1043988751]},{"billed_charge":3957.82,"npi":[1043988751]}]},{"allowed_amount":0.00,"billing_code_modifier":[""],"providers":[{"billed_charge":150.00,"npi":[1043988751]},{"billed_charge":3957.82,"npi":[1043988751]}]}]},{"tin":{"type":"ein","value":"871651640"},"service_code":["23"],"billing_class":"institutional","payments":[{"allowed_amount":0.00,"billing_code_modifier":[""],"providers":[{"billed_charge":150.00,"npi":[1043988751]},{"billed_charge":3957.82,"npi":[1043988751]}]},{"allowed_amount":0.00,"billing_code_modifier":[""],"providers":[{"billed_charge":150.00,"npi":[1043988751]},{"billed_charge":3957.82,"npi":[1043988751]}]}]},{"tin":{"type":"ein","value":"943302014"},"service_code":["21"],"billing_class":"institutional","payments":[{"allowed_amount":0.00,"billing_code_modifier":[""],"providers":[{"billed_charge":4816.35,"npi":[1033486527,1083815872]}]}]}]},{"name":"GLUCOSE QUANTITATIVE BLOOD XCPT REAGENT STRIP","billing_code_type":"CPT","billing_code_type_version":"2020","billing_code":"82947","description":"GLUCOSE QUANTITATIVE BLOOD XCPT REAGENT STRIP","allowed_amounts":[{"tin":{"type":"ein","value":"462634715"},"service_code":["21"],"billing_class":"professional","payments":[{"allowed_amount":0.00,"billing_code_modifier":[""],"providers":[{"billed_charge":14.25,"npi":[1093759151,1467041442,1508939349,1932296340]}]}]}]},{"name":"INFEC AGEN DETEC AMPLI PROBE","billing_code_type":"HCPCS","billing_code_type_version":"HCPCS LEVEL II 2021","billing_code":"U0005","description":"INFEC AGEN DETEC AMPLI PROBE","allowed_amounts":[{"tin":{"type":"ein","value":"472462178"},"service_code":["81"],"billing_class":"professional","payments":[{"allowed_amount":25.00,"billing_code_modifier":[""],"providers":[{"billed_charge":50.00,"npi":[1144731605,1467854497,1639311509]}]}]},{"tin":{"type":"ein","value":"851054301"},"service_code":["81"],"billing_class":"professional","payments":[{"allowed_amount":25.00,"billing_code_modifier":[""],"providers":[{"billed_charge":75.00,"npi":[1467030536,1871630319]}]}]},{"tin":{"type":"ein","value":"851959038"},"service_code":["11"],"billing_class":"professional","payments":[{"allowed_amount":25.00,"billing_code_modifier":[""],"providers":[{"billed_charge":100.00,"npi":[1386235125]}]}]},{"tin":{"type":"ein","value":"871793632"},"service_code":["11"],"billing_class":"professional","payments":[{"allowed_amount":25.00,"billing_code_modifier":[""],"providers":[{"billed_charge":100.00,"npi":[1154994556,1740685387]}]}]},{"tin":{"type":"ein","value":"873493062"},"service_code":["81"],"billing_class":"professional","payments":[{"allowed_amount":25.00,"billing_code_modifier":[""],"providers":[{"billed_charge":100.00,"npi":[1851008296]}]}]},{"tin":{"type":"ein","value":"880241758"},"service_code":["81"],"billing_class":"professional","payments":[{"allowed_amount":25.00,"billing_code_modifier":[""],"providers":[{"billed_charge":25.00,"npi":[1124417357,1639279417]}]}]}]},{"name":"LABORATORY - CLINICAL DIAGNOSTIC","billing_code_type":"RC","billing_code_type_version":"UB04","billing_code":"0300","description":"LABORATORY - CLINICAL DIAGNOSTIC","allowed_amounts":[{"tin":{"type":"ein","value":"464901030"},"service_code":["23"],"billing_class":"institutional","payments":[{"allowed_amount":0.00,"billing_code_modifier":[""],"providers":[{"billed_charge":234.39,"npi":[1679976120]},{"billed_charge":277.44,"npi":[1679976120]}]},{"allowed_amount":0.00,"billing_code_modifier":[""],"providers":[{"billed_charge":234.39,"npi":[1679976120]},{"billed_charge":277.44,"npi":[1679976120]}]}]},{"tin":{"type":"ein","value":"464901030"},"service_code":["23"],"billing_class":"institutional","payments":[{"allowed_amount":0.00,"billing_code_modifier":[""],"providers":[{"billed_charge":234.39,"npi":[1679976120]},{"billed_charge":277.44,"npi":[1679976120]}]},{"allowed_amount":0.00,"billing_code_modifier":[""],"providers":[{"billed_charge":234.39,"npi":[1679976120]},{"billed_charge":277.44,"npi":[1679976120]}]}]},{"tin":{"type":"ein","value":"472177648"},"service_code":["23"],"billing_class":"institutional","payments":[{"allowed_amount":0.00,"billing_code_modifier":[""],"providers":[{"billed_charge":98.02,"npi":[1790174860]}]}]},{"tin":{"type":"ein","value":"474017300"},"service_code":["23"],"billing_class":"institutional","payments":[{"allowed_amount":0.00,"billing_code_modifier":[""],"providers":[{"billed_charge":77.26,"npi":[1609248186]},{"billed_charge":434.96,"npi":[1609248186]},{"billed_charge":931.72,"npi":[1609248186]},{"billed_charge":1240.50,"npi":[1609248186]}]},{"allowed_amount":0.00,"billing_code_modifier":[""],"providers":[{"billed_charge":77.26,"npi":[1609248186]},{"billed_charge":434.96,"npi":[1609248186]},{"billed_charge":931.72,"npi":[1609248186]},{"billed_charge":1240.50,"npi":[1609248186]}]},{"allowed_amount":0.00,"billing_code_modifier":[""],"providers":[{"billed_charge":77.26,"npi":[1609248186]},{"billed_charge":434.96,"npi":[1609248186]},{"billed_charge":931.72,"npi":[1609248186]},{"billed_charge":1240.50,"npi":[1609248186]}]},{"allowed_amount":0.00,"billing_code_modifier":[""],"providers":[{"billed_charge":77.26,"npi":[1609248186]},{"billed_charge":434.96,"npi":[1609248186]},{"billed_charge":931.72,"npi":[1609248186]},{"billed_charge":1240.50,"npi":[1609248186]}]}]},{"tin":{"type":"ein","value":"474017300"},"service_code":["23"],"billing_class":"institutional","payments":[{"allowed_amount":0.00,"billing_code_modifier":[""],"providers":[{"billed_charge":77.26,"npi":[1609248186]},{"billed_charge":434.96,"npi":[1609248186]},{"billed_charge":931.72,"npi":[1609248186]},{"billed_charge":1240.50,"npi":[1609248186]}]},{"allowed_amount":0.00,"billing_code_modifier":[""],"providers":[{"billed_charge":77.26,"npi":[1609248186]},{"billed_charge":434.96,"npi":[1609248186]},{"billed_charge":931.72,"npi":[1609248186]},{"billed_charge":1240.50,"npi":[1609248186]}]},{"allowed_amount":0.00,"billing_code_modifier":[""],"providers":[{"billed_charge":77.26,"npi":[1609248186]},{"billed_charge":434.96,"npi":[1609248186]},{"billed_charge":931.72,"npi":[1609248186]},{"billed_charge":1240.50,"npi":[1609248186]}]},{"allowed_amount":0.00,"billing_code_modifier":[""],"providers":[{"billed_charge":77.26,"npi":[1609248186]},{"billed_charge":434.96,"npi":[1609248186]},{"billed_charge":931.72,"npi":[1609248186]},{"billed_charge":1240.50,"npi":[1609248186]}]}]},{"tin":{"type":"ein","value":"474017300"},"service_code":["23"],"billing_class":"institutional","payments":[{"allowed_amount":0.00,"billing_code_modifier":[""],"providers":[{"billed_charge":77.26,"npi":[1609248186]},{"billed_charge":434.96,"npi":[1609248186]},{"billed_charge":931.72,"npi":[1609248186]},{"billed_charge":1240.50,"npi":[1609248186]}]},{"allowed_amount":0.00,"billing_code_modifier":[""],"providers":[{"billed_charge":77.26,"npi":[1609248186]},{"billed_charge":434.96,"npi":[1609248186]},{"billed_charge":931.72,"npi":[1609248186]},{"billed_charge":1240.50,"npi":[1609248186]}]},{"allowed_amount":0.00,"billing_code_modifier":[""],"providers":[{"billed_charge":77.26,"npi":[1609248186]},{"billed_charge":434.96,"npi":[1609248186]},{"billed_charge":931.72,"npi":[1609248186]},{"billed_charge":1240.50,"npi":[1609248186]}]},{"allowed_amount":0.00,"billing_code_modifier":[""],"providers":[{"billed_charge":77.26,"npi":[1609248186]},{"billed_charge":434.96,"npi":[1609248186]},{"billed_charge":931.72,"npi":[1609248186]},{"billed_charge":1240.50,"npi":[1609248186]}]}]},{"tin":{"type":"ein","value":"474017300"},"service_code":["23"],"billing_class":"institutional","payments":[{"allowed_amount":0.00,"billing_code_modifier":[""],"providers":[{"billed_charge":77.26,"npi":[1609248186]},{"billed_charge":434.96,"npi":[1609248186]},{"billed_charge":931.72,"npi":[1609248186]},{"billed_charge":1240.50,"npi":[1609248186]}]},{"allowed_amount":0.00,"billing_code_modifier":[""],"providers":[{"billed_charge":77.26,"npi":[1609248186]},{"billed_charge":434.96,"npi":[1609248186]},{"billed_charge":931.72,"npi":[1609248186]},{"billed_charge":1240.50,"npi":[1609248186]}]},{"allowed_amount":0.00,"billing_code_modifier":[""],"providers":[{"billed_charge":77.26,"npi":[1609248186]},{"billed_charge":434.96,"npi":[1609248186]},{"billed_charge":931.72,"npi":[1609248186]},{"billed_charge":1240.50,"npi":[1609248186]}]},{"allowed_amount":0.00,"billing_code_modifier":[""],"providers":[{"billed_charge":77.26,"npi":[1609248186]},{"billed_charge":434.96,"npi":[1609248186]},{"billed_charge":931.72,"npi":[1609248186]},{"billed_charge":1240.50,"npi":[1609248186]}]}]},{"tin":{"type":"ein","value":"812098192"},"service_code":["23"],"billing_class":"institutional","payments":[{"allowed_amount":0.00,"billing_code_modifier":[""],"providers":[{"billed_charge":150.00,"npi":[1649722463]},{"billed_charge":242.00,"npi":[1649722463]},{"billed_charge":322.00,"npi":[1649722463]},{"billed_charge":490.00,"npi":[1649722463]},{"billed_charge":647.00,"npi":[1649722463]}]},{"allowed_amount":0.00,"billing_code_modifier":[""],"providers":[{"billed_charge":150.00,"npi":[1649722463]},{"billed_charge":242.00,"npi":[1649722463]},{"billed_charge":322.00,"npi":[1649722463]},{"billed_charge":490.00,"npi":[1649722463]},{"billed_charge":647.00,"npi":[1649722463]}]},{"allowed_amount":0.00,"billing_code_modifier":[""],"providers":[{"billed_charge":150.00,"npi":[1649722463]},{"billed_charge":242.00,"npi":[1649722463]},{"billed_charge":322.00,"npi":[1649722463]},{"billed_charge":490.00,"npi":[1649722463]},{"billed_charge":647.00,"npi":[1649722463]}]},{"allowed_amount":0.00,"billing_code_modifier":[""],"providers":[{"billed_charge":150.00,"npi":[1649722463]},{"billed_charge":242.00,"npi":[1649722463]},{"billed_charge":322.00,"npi":[1649722463]},{"billed_charge":490.00,"npi":[1649722463]},{"billed_charge":647.00,"npi":[1649722463]}]},{"allowed_amount":0.00,"billing_code_modifier":[""],"providers":[{"billed_charge":150.00,"npi":[1649722463]},{"billed_charge":242.00,"npi":[1649722463]},{"billed_charge":322.00,"npi":[1649722463]},{"billed_charge":490.00,"npi":[1649722463]},{"billed_charge":647.00,"npi":[1649722463]}]}]},{"tin":{"type":"ein","value":"812098192"},"service_code":["23"],"billing_class":"institutional","payments":[{"allowed_amount":0.00,"billing_code_modifier":[""],"providers":[{"billed_charge":150.00,"npi":[1649722463]},{"billed_charge":242.00,"npi":[1649722463]},{"billed_charge":322.00,"npi":[1649722463]},{"billed_charge":490.00,"npi":[1649722463]},{"billed_charge":647.00,"npi":[1649722463]}]},{"allowed_amount":0.00,"billing_code_modifier":[""],"providers":[{"billed_charge":150.00,"npi":[1649722463]},{"billed_charge":242.00,"npi":[1649722463]},{"billed_charge":322.00,"npi":[1649722463]},{"billed_charge":490.00,"npi":[1649722463]},{"billed_charge":647.00,"npi":[1649722463]}]},{"allowed_amount":0.00,"billing_code_modifier":[""],"providers":[{"billed_charge":150.00,"npi":[1649722463]},{"billed_charge":242.00,"npi":[1649722463]},{"billed_charge":322.00,"npi":[1649722463]},{"billed_charge":490.00,"npi":[1649722463]},{"billed_charge":647.00,"npi":[1649722463]}]},{"allowed_amount":0.00,"billing_code_modifier":[""],"providers":[{"billed_charge":150.00,"npi":[1649722463]},{"billed_charge":242.00,"npi":[1649722463]},{"billed_charge":322.00,"npi":[1649722463]},{"billed_charge":490.00,"npi":[1649722463]},{"billed_charge":647.00,"npi":[1649722463]}]},{"allowed_amount":0.00,"billing_code_modifier":[""],"providers":[{"billed_charge":150.00,"npi":[1649722463]},{"billed_charge":242.00,"npi":[1649722463]},{"billed_charge":322.00,"npi":[1649722463]},{"billed_charge":490.00,"npi":[1649722463]},{"billed_charge":647.00,"npi":[1649722463]}]}]},{"tin":{"type":"ein","value":"812098192"},"service_code":["23"],"billing_class":"institutional","payments":[{"allowed_amount":0.00,"billing_code_modifier":[""],"providers":[{"billed_charge":150.00,"npi":[1649722463]},{"billed_charge":242.00,"npi":[1649722463]},{"billed_charge":322.00,"npi":[1649722463]},{"billed_charge":490.00,"npi":[1649722463]},{"billed_charge":647.00,"npi":[1649722463]}]},{"allowed_amount":0.00,"billing_code_modifier":[""],"providers":[{"billed_charge":150.00,"npi":[1649722463]},{"billed_charge":242.00,"npi":[1649722463]},{"billed_charge":322.00,"npi":[1649722463]},{"billed_charge":490.00,"npi":[1649722463]},{"billed_charge":647.00,"npi":[1649722463]}]},{"allowed_amount":0.00,"billing_code_modifier":[""],"providers":[{"billed_charge":150.00,"npi":[1649722463]},{"billed_charge":242.00,"npi":[1649722463]},{"billed_charge":322.00,"npi":[1649722463]},{"billed_charge":490.00,"npi":[1649722463]},{"billed_charge":647.00,"npi":[1649722463]}]},{"allowed_amount":0.00,"billing_code_modifier":[""],"providers":[{"billed_charge":150.00,"npi":[1649722463]},{"billed_charge":242.00,"npi":[1649722463]},{"billed_charge":322.00,"npi":[1649722463]},{"billed_charge":490.00,"npi":[1649722463]},{"billed_charge":647.00,"npi":[1649722463]}]},{"allowed_amount":0.00,"billing_code_modifier":[""],"providers":[{"billed_charge":150.00,"npi":[1649722463]},{"billed_charge":242.00,"npi":[1649722463]},{"billed_charge":322.00,"npi":[1649722463]},{"billed_charge":490.00,"npi":[1649722463]},{"billed_charge":647.00,"npi":[1649722463]}]}]},{"tin":{"type":"ein","value":"812098192"},"service_code":["23"],"billing_class":"institutional","payments":[{"allowed_amount":0.00,"billing_code_modifier":[""],"providers":[{"billed_charge":150.00,"npi":[1649722463]},{"billed_charge":242.00,"npi":[1649722463]},{"billed_charge":322.00,"npi":[1649722463]},{"billed_charge":490.00,"npi":[1649722463]},{"billed_charge":647.00,"npi":[1649722463]}]},{"allowed_amount":0.00,"billing_code_modifier":[""],"providers":[{"billed_charge":150.00,"npi":[1649722463]},{"billed_charge":242.00,"npi":[1649722463]},{"billed_charge":322.00,"npi":[1649722463]},{"billed_charge":490.00,"npi":[1649722463]},{"billed_charge":647.00,"npi":[1649722463]}]},{"allowed_amount":0.00,"billing_code_modifier":[""],"providers":[{"billed_charge":150.00,"npi":[1649722463]},{"billed_charge":242.00,"npi":[1649722463]},{"billed_charge":322.00,"npi":[1649722463]},{"billed_charge":490.00,"npi":[1649722463]},{"billed_charge":647.00,"npi":[1649722463]}]},{"allowed_amount":0.00,"billing_code_modifier":[""],"providers":[{"billed_charge":150.00,"npi":[1649722463]},{"billed_charge":242.00,"npi":[1649722463]},{"billed_charge":322.00,"npi":[1649722463]},{"billed_charge":490.00,"npi":[1649722463]},{"billed_charge":647.00,"npi":[1649722463]}]},{"allowed_amount":0.00,"billing_code_modifier":[""],"providers":[{"billed_charge":150.00,"npi":[1649722463]},{"billed_charge":242.00,"npi":[1649722463]},{"billed_charge":322.00,"npi":[1649722463]},{"billed_charge":490.00,"npi":[1649722463]},{"billed_charge":647.00,"npi":[1649722463]}]}]},{"tin":{"type":"ein","value":"812098192"},"service_code":["23"],"billing_class":"institutional","payments":[{"allowed_amount":0.00,"billing_code_modifier":[""],"providers":[{"billed_charge":150.00,"npi":[1649722463]},{"billed_charge":242.00,"npi":[1649722463]},{"billed_charge":322.00,"npi":[1649722463]},{"billed_charge":490.00,"npi":[1649722463]},{"billed_charge":647.00,"npi":[1649722463]}]},{"allowed_amount":0.00,"billing_code_modifier":[""],"providers":[{"billed_charge":150.00,"npi":[1649722463]},{"billed_charge":242.00,"npi":[1649722463]},{"billed_charge":322.00,"npi":[1649722463]},{"billed_charge":490.00,"npi":[1649722463]},{"billed_charge":647.00,"npi":[1649722463]}]},{"allowed_amount":0.00,"billing_code_modifier":[""],"providers":[{"billed_charge":150.00,"npi":[1649722463]},{"billed_charge":242.00,"npi":[1649722463]},{"billed_charge":322.00,"npi":[1649722463]},{"billed_charge":490.00,"npi":[1649722463]},{"billed_charge":647.00,"npi":[1649722463]}]},{"allowed_amount":0.00,"billing_code_modifier":[""],"providers":[{"billed_charge":150.00,"npi":[1649722463]},{"billed_charge":242.00,"npi":[1649722463]},{"billed_charge":322.00,"npi":[1649722463]},{"billed_charge":490.00,"npi":[1649722463]},{"billed_charge":647.00,"npi":[1649722463]}]},{"allowed_amount":0.00,"billing_code_modifier":[""],"providers":[{"billed_charge":150.00,"npi":[1649722463]},{"billed_charge":242.00,"npi":[1649722463]},{"billed_charge":322.00,"npi":[1649722463]},{"billed_charge":490.00,"npi":[1649722463]},{"billed_charge":647.00,"npi":[1649722463]}]}]},{"tin":{"type":"ein","value":"851931245"},"service_code":["23"],"billing_class":"institutional","payments":[{"allowed_amount":0.00,"billing_code_modifier":[""],"providers":[{"billed_charge":122.04,"npi":[1750909974]},{"billed_charge":285.93,"npi":[1750909974]},{"billed_charge":390.42,"npi":[1750909974]}]},{"allowed_amount":0.00,"billing_code_modifier":[""],"providers":[{"billed_charge":122.04,"npi":[1750909974]},{"billed_charge":285.93,"npi":[1750909974]},{"billed_charge":390.42,"npi":[1750909974]}]},{"allowed_amount":0.00,"billing_code_modifier":[""],"providers":[{"billed_charge":122.04,"npi":[1750909974]},{"billed_charge":285.93,"npi":[1750909974]},{"billed_charge":390.42,"npi":[1750909974]}]}]},{"tin":{"type":"ein","value":"851931245"},"service_code":["23"],"billing_class":"institutional","payments":[{"allowed_amount":0.00,"billing_code_modifier":[""],"providers":[{"billed_charge":122.04,"npi":[1750909974]},{"billed_charge":285.93,"npi":[1750909974]},{"billed_charge":390.42,"npi":[1750909974]}]},{"allowed_amount":0.00,"billing_code_modifier":[""],"providers":[{"billed_charge":122.04,"npi":[1750909974]},{"billed_charge":285.93,"npi":[1750909974]},{"billed_charge":390.42,"npi":[1750909974]}]},{"allowed_amount":0.00,"billing_code_modifier":[""],"providers":[{"billed_charge":122.04,"npi":[1750909974]},{"billed_charge":285.93,"npi":[1750909974]},{"billed_charge":390.42,"npi":[1750909974]}]}]},{"tin":{"type":"ein","value":"851931245"},"service_code":["23"],"billing_class":"institutional","payments":[{"allowed_amount":0.00,"billing_code_modifier":[""],"providers":[{"billed_charge":122.04,"npi":[1750909974]},{"billed_charge":285.93,"npi":[1750909974]},{"billed_charge":390.42,"npi":[1750909974]}]},{"allowed_amount":0.00,"billing_code_modifier":[""],"providers":[{"billed_charge":122.04,"npi":[1750909974]},{"billed_charge":285.93,"npi":[1750909974]},{"billed_charge":390.42,"npi":[1750909974]}]},{"allowed_amount":0.00,"billing_code_modifier":[""],"providers":[{"billed_charge":122.04,"npi":[1750909974]},{"billed_charge":285.93,"npi":[1750909974]},{"billed_charge":390.42,"npi":[1750909974]}]}]},{"tin":{"type":"ein","value":"862923814"},"service_code":["23"],"billing_class":"institutional","payments":[{"allowed_amount":0.00,"billing_code_modifier":[""],"providers":[{"billed_charge":938.00,"npi":[1972273233]},{"billed_charge":7945.00,"npi":[1972273233]}]},{"allowed_amount":0.00,"billing_code_modifier":[""],"providers":[{"billed_charge":938.00,"npi":[1972273233]},{"billed_charge":7945.00,"npi":[1972273233]}]}]},{"tin":{"type":"ein","value":"862923814"},"service_code":["23"],"billing_class":"institutional","payments":[{"allowed_amount":0.00,"billing_code_modifier":[""],"providers":[{"billed_charge":938.00,"npi":[1972273233]},{"billed_charge":7945.00,"npi":[1972273233]}]},{"allowed_amount":0.00,"billing_code_modifier":[""],"providers":[{"billed_charge":938.00,"npi":[1972273233]},{"billed_charge":7945.00,"npi":[1972273233]}]}]},{"tin":{"type":"ein","value":"871651640"},"service_code":["23"],"billing_class":"institutional","payments":[{"allowed_amount":0.00,"billing_code_modifier":[""],"providers":[{"billed_charge":90.49,"npi":[1043988751]},{"billed_charge":239.11,"npi":[1043988751]},{"billed_charge":272.05,"npi":[1043988751]},{"billed_charge":349.61,"npi":[1043988751]},{"billed_charge":384.08,"npi":[1043988751]}]},{"allowed_amount":0.00,"billing_code_modifier":[""],"providers":[{"billed_charge":90.49,"npi":[1043988751]},{"billed_charge":239.11,"npi":[1043988751]},{"billed_charge":272.05,"npi":[1043988751]},{"billed_charge":349.61,"npi":[1043988751]},{"billed_charge":384.08,"npi":[1043988751]}]},{"allowed_amount":0.00,"billing_code_modifier":[""],"providers":[{"billed_charge":90.49,"npi":[1043988751]},{"billed_charge":239.11,"npi":[1043988751]},{"billed_charge":272.05,"npi":[1043988751]},{"billed_charge":349.61,"npi":[1043988751]},{"billed_charge":384.08,"npi":[1043988751]}]},{"allowed_amount":0.00,"billing_code_modifier":[""],"providers":[{"billed_charge":90.49,"npi":[1043988751]},{"billed_charge":239.11,"npi":[1043988751]},{"billed_charge":272.05,"npi":[1043988751]},{"billed_charge":349.61,"npi":[1043988751]},{"billed_charge":384.08,"npi":[1043988751]}]},{"allowed_amount":0.00,"billing_code_modifier":[""],"providers":[{"billed_charge":90.49,"npi":[1043988751]},{"billed_charge":239.11,"npi":[1043988751]},{"billed_charge":272.05,"npi":[1043988751]},{"billed_charge":349.61,"npi":[1043988751]},{"billed_charge":384.08,"npi":[1043988751]}]}]},{"tin":{"type":"ein","value":"871651640"},"service_code":["23"],"billing_class":"institutional","payments":[{"allowed_amount":0.00,"billing_code_modifier":[""],"providers":[{"billed_charge":90.49,"npi":[1043988751]},{"billed_charge":239.11,"npi":[1043988751]},{"billed_charge":272.05,"npi":[1043988751]},{"billed_charge":349.61,"npi":[1043988751]},{"billed_charge":384.08,"npi":[1043988751]}]},{"allowed_amount":0.00,"billing_code_modifier":[""],"providers":[{"billed_charge":90.49,"npi":[1043988751]},{"billed_charge":239.11,"npi":[1043988751]},{"billed_charge":272.05,"npi":[1043988751]},{"billed_charge":349.61,"npi":[1043988751]},{"billed_charge":384.08,"npi":[1043988751]}]},{"allowed_amount":0.00,"billing_code_modifier":[""],"providers":[{"billed_charge":90.49,"npi":[1043988751]},{"billed_charge":239.11,"npi":[1043988751]},{"billed_charge":272.05,"npi":[1043988751]},{"billed_charge":349.61,"npi":[1043988751]},{"billed_charge":384.08,"npi":[1043988751]}]},{"allowed_amount":0.00,"billing_code_modifier":[""],"providers":[{"billed_charge":90.49,"npi":[1043988751]},{"billed_charge":239.11,"npi":[1043988751]},{"billed_charge":272.05,"npi":[1043988751]},{"billed_charge":349.61,"npi":[1043988751]},{"billed_charge":384.08,"npi":[1043988751]}]},{"allowed_amount":0.00,"billing_code_modifier":[""],"providers":[{"billed_charge":90.49,"npi":[1043988751]},{"billed_charge":239.11,"npi":[1043988751]},{"billed_charge":272.05,"npi":[1043988751]},{"billed_charge":349.61,"npi":[1043988751]},{"billed_charge":384.08,"npi":[1043988751]}]}]},{"tin":{"type":"ein","value":"871651640"},"service_code":["23"],"billing_class":"institutional","payments":[{"allowed_amount":0.00,"billing_code_modifier":[""],"providers":[{"billed_charge":90.49,"npi":[1043988751]},{"billed_charge":239.11,"npi":[1043988751]},{"billed_charge":272.05,"npi":[1043988751]},{"billed_charge":349.61,"npi":[1043988751]},{"billed_charge":384.08,"npi":[1043988751]}]},{"allowed_amount":0.00,"billing_code_modifier":[""],"providers":[{"billed_charge":90.49,"npi":[1043988751]},{"billed_charge":239.11,"npi":[1043988751]},{"billed_charge":272.05,"npi":[1043988751]},{"billed_charge":349.61,"npi":[1043988751]},{"billed_charge":384.08,"npi":[1043988751]}]},{"allowed_amount":0.00,"billing_code_modifier":[""],"providers":[{"billed_charge":90.49,"npi":[1043988751]},{"billed_charge":239.11,"npi":[1043988751]},{"billed_charge":272.05,"npi":[1043988751]},{"billed_charge":349.61,"npi":[1043988751]},{"billed_charge":384.08,"npi":[1043988751]}]},{"allowed_amount":0.00,"billing_code_modifier":[""],"providers":[{"billed_charge":90.49,"npi":[1043988751]},{"billed_charge":239.11,"npi":[1043988751]},{"billed_charge":272.05,"npi":[1043988751]},{"billed_charge":349.61,"npi":[1043988751]},{"billed_charge":384.08,"npi":[1043988751]}]},{"allowed_amount":0.00,"billing_code_modifier":[""],"providers":[{"billed_charge":90.49,"npi":[1043988751]},{"billed_charge":239.11,"npi":[1043988751]},{"billed_charge":272.05,"npi":[1043988751]},{"billed_charge":349.61,"npi":[1043988751]},{"billed_charge":384.08,"npi":[1043988751]}]}]},{"tin":{"type":"ein","value":"871651640"},"service_code":["23"],"billing_class":"institutional","payments":[{"allowed_amount":0.00,"billing_code_modifier":[""],"providers":[{"billed_charge":90.49,"npi":[1043988751]},{"billed_charge":239.11,"npi":[1043988751]},{"billed_charge":272.05,"npi":[1043988751]},{"billed_charge":349.61,"npi":[1043988751]},{"billed_charge":384.08,"npi":[1043988751]}]},{"allowed_amount":0.00,"billing_code_modifier":[""],"providers":[{"billed_charge":90.49,"npi":[1043988751]},{"billed_charge":239.11,"npi":[1043988751]},{"billed_charge":272.05,"npi":[1043988751]},{"billed_charge":349.61,"npi":[1043988751]},{"billed_charge":384.08,"npi":[1043988751]}]},{"allowed_amount":0.00,"billing_code_modifier":[""],"providers":[{"billed_charge":90.49,"npi":[1043988751]},{"billed_charge":239.11,"npi":[1043988751]},{"billed_charge":272.05,"npi":[1043988751]},{"billed_charge":349.61,"npi":[1043988751]},{"billed_charge":384.08,"npi":[1043988751]}]},{"allowed_amount":0.00,"billing_code_modifier":[""],"providers":[{"billed_charge":90.49,"npi":[1043988751]},{"billed_charge":239.11,"npi":[1043988751]},{"billed_charge":272.05,"npi":[1043988751]},{"billed_charge":349.61,"npi":[1043988751]},{"billed_charge":384.08,"npi":[1043988751]}]},{"allowed_amount":0.00,"billing_code_modifier":[""],"providers":[{"billed_charge":90.49,"npi":[1043988751]},{"billed_charge":239.11,"npi":[1043988751]},{"billed_charge":272.05,"npi":[1043988751]},{"billed_charge":349.61,"npi":[1043988751]},{"billed_charge":384.08,"npi":[1043988751]}]}]},{"tin":{"type":"ein","value":"871651640"},"service_code":["23"],"billing_class":"institutional","payments":[{"allowed_amount":0.00,"billing_code_modifier":[""],"providers":[{"billed_charge":90.49,"npi":[1043988751]},{"billed_charge":239.11,"npi":[1043988751]},{"billed_charge":272.05,"npi":[1043988751]},{"billed_charge":349.61,"npi":[1043988751]},{"billed_charge":384.08,"npi":[1043988751]}]},{"allowed_amount":0.00,"billing_code_modifier":[""],"providers":[{"billed_charge":90.49,"npi":[1043988751]},{"billed_charge":239.11,"npi":[1043988751]},{"billed_charge":272.05,"npi":[1043988751]},{"billed_charge":349.61,"npi":[1043988751]},{"billed_charge":384.08,"npi":[1043988751]}]},{"allowed_amount":0.00,"billing_code_modifier":[""],"providers":[{"billed_charge":90.49,"npi":[1043988751]},{"billed_charge":239.11,"npi":[1043988751]},{"billed_charge":272.05,"npi":[1043988751]},{"billed_charge":349.61,"npi":[1043988751]},{"billed_charge":384.08,"npi":[1043988751]}]},{"allowed_amount":0.00,"billing_code_modifier":[""],"providers":[{"billed_charge":90.49,"npi":[1043988751]},{"billed_charge":239.11,"npi":[1043988751]},{"billed_charge":272.05,"npi":[1043988751]},{"billed_charge":349.61,"npi":[1043988751]},{"billed_charge":384.08,"npi":[1043988751]}]},{"allowed_amount":0.00,"billing_code_modifier":[""],"providers":[{"billed_charge":90.49,"npi":[1043988751]},{"billed_charge":239.11,"npi":[1043988751]},{"billed_charge":272.05,"npi":[1043988751]},{"billed_charge":349.61,"npi":[1043988751]},{"billed_charge":384.08,"npi":[1043988751]}]}]},{"tin":{"type":"ein","value":"943302014"},"service_code":["21"],"billing_class":"institutional","payments":[{"allowed_amount":0.00,"billing_code_modifier":[""],"providers":[{"billed_charge":156.00,"npi":[1033486527,1083815872]}]}]}]},{"name":"MEDICAL\/SURGICAL SUPPLIES: STERILE SUPPLIES","billing_code_type":"RC","billing_code_type_version":"UB04","billing_code":"0272","description":"MEDICAL\/SURGICAL SUPPLIES: STERILE SUPPLIES","allowed_amounts":[{"tin":{"type":"ein","value":"472177648"},"service_code":["23"],"billing_class":"institutional","payments":[{"allowed_amount":0.00,"billing_code_modifier":[""],"providers":[{"billed_charge":406.74,"npi":[1790174860]}]}]},{"tin":{"type":"ein","value":"832001074"},"service_code":["23"],"billing_class":"institutional","payments":[{"allowed_amount":0.00,"billing_code_modifier":[""],"providers":[{"billed_charge":60.00,"npi":[1851949408]},{"billed_charge":152.40,"npi":[1851949408]},{"billed_charge":165.60,"npi":[1851949408]}]},{"allowed_amount":0.00,"billing_code_modifier":[""],"providers":[{"billed_charge":60.00,"npi":[1851949408]},{"billed_charge":152.40,"npi":[1851949408]},{"billed_charge":165.60,"npi":[1851949408]}]},{"allowed_amount":0.00,"billing_code_modifier":[""],"providers":[{"billed_charge":60.00,"npi":[1851949408]},{"billed_charge":152.40,"npi":[1851949408]},{"billed_charge":165.60,"npi":[1851949408]}]}]},{"tin":{"type":"ein","value":"832001074"},"service_code":["23"],"billing_class":"institutional","payments":[{"allowed_amount":0.00,"billing_code_modifier":[""],"providers":[{"billed_charge":60.00,"npi":[1851949408]},{"billed_charge":152.40,"npi":[1851949408]},{"billed_charge":165.60,"npi":[1851949408]}]},{"allowed_amount":0.00,"billing_code_modifier":[""],"providers":[{"billed_charge":60.00,"npi":[1851949408]},{"billed_charge":152.40,"npi":[1851949408]},{"billed_charge":165.60,"npi":[1851949408]}]},{"allowed_amount":0.00,"billing_code_modifier":[""],"providers":[{"billed_charge":60.00,"npi":[1851949408]},{"billed_charge":152.40,"npi":[1851949408]},{"billed_charge":165.60,"npi":[1851949408]}]}]},{"tin":{"type":"ein","value":"832001074"},"service_code":["23"],"billing_class":"institutional","payments":[{"allowed_amount":0.00,"billing_code_modifier":[""],"providers":[{"billed_charge":60.00,"npi":[1851949408]},{"billed_charge":152.40,"npi":[1851949408]},{"billed_charge":165.60,"npi":[1851949408]}]},{"allowed_amount":0.00,"billing_code_modifier":[""],"providers":[{"billed_charge":60.00,"npi":[1851949408]},{"billed_charge":152.40,"npi":[1851949408]},{"billed_charge":165.60,"npi":[1851949408]}]},{"allowed_amount":0.00,"billing_code_modifier":[""],"providers":[{"billed_charge":60.00,"npi":[1851949408]},{"billed_charge":152.40,"npi":[1851949408]},{"billed_charge":165.60,"npi":[1851949408]}]}]},{"tin":{"type":"ein","value":"851931245"},"service_code":["23"],"billing_class":"institutional","payments":[{"allowed_amount":0.00,"billing_code_modifier":[""],"providers":[{"billed_charge":36.45,"npi":[1750909974]},{"billed_charge":65.00,"npi":[1750909974]},{"billed_charge":107.20,"npi":[1750909974]},{"billed_charge":216.00,"npi":[1750909974]},{"billed_charge":230.58,"npi":[1750909974]},{"billed_charge":2370.60,"npi":[1750909974]},{"billed_charge":2750.60,"npi":[1750909974]}]},{"allowed_amount":0.00,"billing_code_modifier":[""],"providers":[{"billed_charge":36.45,"npi":[1750909974]},{"billed_charge":65.00,"npi":[1750909974]},{"billed_charge":107.20,"npi":[1750909974]},{"billed_charge":216.00,"npi":[1750909974]},{"billed_charge":230.58,"npi":[1750909974]},{"billed_charge":2370.60,"npi":[1750909974]},{"billed_charge":2750.60,"npi":[1750909974]}]},{"allowed_amount":0.00,"billing_code_modifier":[""],"providers":[{"billed_charge":36.45,"npi":[1750909974]},{"billed_charge":65.00,"npi":[1750909974]},{"billed_charge":107.20,"npi":[1750909974]},{"billed_charge":216.00,"npi":[1750909974]},{"billed_charge":230.58,"npi":[1750909974]},{"billed_charge":2370.60,"npi":[1750909974]},{"billed_charge":2750.60,"npi":[1750909974]}]},{"allowed_amount":0.00,"billing_code_modifier":[""],"providers":[{"billed_charge":36.45,"npi":[1750909974]},{"billed_charge":65.00,"npi":[1750909974]},{"billed_charge":107.20,"npi":[1750909974]},{"billed_charge":216.00,"npi":[1750909974]},{"billed_charge":230.58,"npi":[1750909974]},{"billed_charge":2370.60,"npi":[1750909974]},{"billed_charge":2750.60,"npi":[1750909974]}]},{"allowed_amount":0.00,"billing_code_modifier":[""],"providers":[{"billed_charge":36.45,"npi":[1750909974]},{"billed_charge":65.00,"npi":[1750909974]},{"billed_charge":107.20,"npi":[1750909974]},{"billed_charge":216.00,"npi":[1750909974]},{"billed_charge":230.58,"npi":[1750909974]},{"billed_charge":2370.60,"npi":[1750909974]},{"billed_charge":2750.60,"npi":[1750909974]}]},{"allowed_amount":0.00,"billing_code_modifier":[""],"providers":[{"billed_charge":36.45,"npi":[1750909974]},{"billed_charge":65.00,"npi":[1750909974]},{"billed_charge":107.20,"npi":[1750909974]},{"billed_charge":216.00,"npi":[1750909974]},{"billed_charge":230.58,"npi":[1750909974]},{"billed_charge":2370.60,"npi":[1750909974]},{"billed_charge":2750.60,"npi":[1750909974]}]},{"allowed_amount":0.00,"billing_code_modifier":[""],"providers":[{"billed_charge":36.45,"npi":[1750909974]},{"billed_charge":65.00,"npi":[1750909974]},{"billed_charge":107.20,"npi":[1750909974]},{"billed_charge":216.00,"npi":[1750909974]},{"billed_charge":230.58,"npi":[1750909974]},{"billed_charge":2370.60,"npi":[1750909974]},{"billed_charge":2750.60,"npi":[1750909974]}]}]},{"tin":{"type":"ein","value":"851931245"},"service_code":["23"],"billing_class":"institutional","payments":[{"allowed_amount":0.00,"billing_code_modifier":[""],"providers":[{"billed_charge":36.45,"npi":[1750909974]},{"billed_charge":65.00,"npi":[1750909974]},{"billed_charge":107.20,"npi":[1750909974]},{"billed_charge":216.00,"npi":[1750909974]},{"billed_charge":230.58,"npi":[1750909974]},{"billed_charge":2370.60,"npi":[1750909974]},{"billed_charge":2750.60,"npi":[1750909974]}]},{"allowed_amount":0.00,"billing_code_modifier":[""],"providers":[{"billed_charge":36.45,"npi":[1750909974]},{"billed_charge":65.00,"npi":[1750909974]},{"billed_charge":107.20,"npi":[1750909974]},{"billed_charge":216.00,"npi":[1750909974]},{"billed_charge":230.58,"npi":[1750909974]},{"billed_charge":2370.60,"npi":[1750909974]},{"billed_charge":2750.60,"npi":[1750909974]}]},{"allowed_amount":0.00,"billing_code_modifier":[""],"providers":[{"billed_charge":36.45,"npi":[1750909974]},{"billed_charge":65.00,"npi":[1750909974]},{"billed_charge":107.20,"npi":[1750909974]},{"billed_charge":216.00,"npi":[1750909974]},{"billed_charge":230.58,"npi":[1750909974]},{"billed_charge":2370.60,"npi":[1750909974]},{"billed_charge":2750.60,"npi":[1750909974]}]},{"allowed_amount":0.00,"billing_code_modifier":[""],"providers":[{"billed_charge":36.45,"npi":[1750909974]},{"billed_charge":65.00,"npi":[1750909974]},{"billed_charge":107.20,"npi":[1750909974]},{"billed_charge":216.00,"npi":[1750909974]},{"billed_charge":230.58,"npi":[1750909974]},{"billed_charge":2370.60,"npi":[1750909974]},{"billed_charge":2750.60,"npi":[1750909974]}]},{"allowed_amount":0.00,"billing_code_modifier":[""],"providers":[{"billed_charge":36.45,"npi":[1750909974]},{"billed_charge":65.00,"npi":[1750909974]},{"billed_charge":107.20,"npi":[1750909974]},{"billed_charge":216.00,"npi":[1750909974]},{"billed_charge":230.58,"npi":[1750909974]},{"billed_charge":2370.60,"npi":[1750909974]},{"billed_charge":2750.60,"npi":[1750909974]}]},{"allowed_amount":0.00,"billing_code_modifier":[""],"providers":[{"billed_charge":36.45,"npi":[1750909974]},{"billed_charge":65.00,"npi":[1750909974]},{"billed_charge":107.20,"npi":[1750909974]},{"billed_charge":216.00,"npi":[1750909974]},{"billed_charge":230.58,"npi":[1750909974]},{"billed_charge":2370.60,"npi":[1750909974]},{"billed_charge":2750.60,"npi":[1750909974]}]},{"allowed_amount":0.00,"billing_code_modifier":[""],"providers":[{"billed_charge":36.45,"npi":[1750909974]},{"billed_charge":65.00,"npi":[1750909974]},{"billed_charge":107.20,"npi":[1750909974]},{"billed_charge":216.00,"npi":[1750909974]},{"billed_charge":230.58,"npi":[1750909974]},{"billed_charge":2370.60,"npi":[1750909974]},{"billed_charge":2750.60,"npi":[1750909974]}]}]},{"tin":{"type":"ein","value":"851931245"},"service_code":["23"],"billing_class":"institutional","payments":[{"allowed_amount":0.00,"billing_code_modifier":[""],"providers":[{"billed_charge":36.45,"npi":[1750909974]},{"billed_charge":65.00,"npi":[1750909974]},{"billed_charge":107.20,"npi":[1750909974]},{"billed_charge":216.00,"npi":[1750909974]},{"billed_charge":230.58,"npi":[1750909974]},{"billed_charge":2370.60,"npi":[1750909974]},{"billed_charge":2750.60,"npi":[1750909974]}]},{"allowed_amount":0.00,"billing_code_modifier":[""],"providers":[{"billed_charge":36.45,"npi":[1750909974]},{"billed_charge":65.00,"npi":[1750909974]},{"billed_charge":107.20,"npi":[1750909974]},{"billed_charge":216.00,"npi":[1750909974]},{"billed_charge":230.58,"npi":[1750909974]},{"billed_charge":2370.60,"npi":[1750909974]},{"billed_charge":2750.60,"npi":[1750909974]}]},{"allowed_amount":0.00,"billing_code_modifier":[""],"providers":[{"billed_charge":36.45,"npi":[1750909974]},{"billed_charge":65.00,"npi":[1750909974]},{"billed_charge":107.20,"npi":[1750909974]},{"billed_charge":216.00,"npi":[1750909974]},{"billed_charge":230.58,"npi":[1750909974]},{"billed_charge":2370.60,"npi":[1750909974]},{"billed_charge":2750.60,"npi":[1750909974]}]},{"allowed_amount":0.00,"billing_code_modifier":[""],"providers":[{"billed_charge":36.45,"npi":[1750909974]},{"billed_charge":65.00,"npi":[1750909974]},{"billed_charge":107.20,"npi":[1750909974]},{"billed_charge":216.00,"npi":[1750909974]},{"billed_charge":230.58,"npi":[1750909974]},{"billed_charge":2370.60,"npi":[1750909974]},{"billed_charge":2750.60,"npi":[1750909974]}]},{"allowed_amount":0.00,"billing_code_modifier":[""],"providers":[{"billed_charge":36.45,"npi":[1750909974]},{"billed_charge":65.00,"npi":[1750909974]},{"billed_charge":107.20,"npi":[1750909974]},{"billed_charge":216.00,"npi":[1750909974]},{"billed_charge":230.58,"npi":[1750909974]},{"billed_charge":2370.60,"npi":[1750909974]},{"billed_charge":2750.60,"npi":[1750909974]}]},{"allowed_amount":0.00,"billing_code_modifier":[""],"providers":[{"billed_charge":36.45,"npi":[1750909974]},{"billed_charge":65.00,"npi":[1750909974]},{"billed_charge":107.20,"npi":[1750909974]},{"billed_charge":216.00,"npi":[1750909974]},{"billed_charge":230.58,"npi":[1750909974]},{"billed_charge":2370.60,"npi":[1750909974]},{"billed_charge":2750.60,"npi":[1750909974]}]},{"allowed_amount":0.00,"billing_code_modifier":[""],"providers":[{"billed_charge":36.45,"npi":[1750909974]},{"billed_charge":65.00,"npi":[1750909974]},{"billed_charge":107.20,"npi":[1750909974]},{"billed_charge":216.00,"npi":[1750909974]},{"billed_charge":230.58,"npi":[1750909974]},{"billed_charge":2370.60,"npi":[1750909974]},{"billed_charge":2750.60,"npi":[1750909974]}]}]},{"tin":{"type":"ein","value":"851931245"},"service_code":["23"],"billing_class":"institutional","payments":[{"allowed_amount":0.00,"billing_code_modifier":[""],"providers":[{"billed_charge":36.45,"npi":[1750909974]},{"billed_charge":65.00,"npi":[1750909974]},{"billed_charge":107.20,"npi":[1750909974]},{"billed_charge":216.00,"npi":[1750909974]},{"billed_charge":230.58,"npi":[1750909974]},{"billed_charge":2370.60,"npi":[1750909974]},{"billed_charge":2750.60,"npi":[1750909974]}]},{"allowed_amount":0.00,"billing_code_modifier":[""],"providers":[{"billed_charge":36.45,"npi":[1750909974]},{"billed_charge":65.00,"npi":[1750909974]},{"billed_charge":107.20,"npi":[1750909974]},{"billed_charge":216.00,"npi":[1750909974]},{"billed_charge":230.58,"npi":[1750909974]},{"billed_charge":2370.60,"npi":[1750909974]},{"billed_charge":2750.60,"npi":[1750909974]}]},{"allowed_amount":0.00,"billing_code_modifier":[""],"providers":[{"billed_charge":36.45,"npi":[1750909974]},{"billed_charge":65.00,"npi":[1750909974]},{"billed_charge":107.20,"npi":[1750909974]},{"billed_charge":216.00,"npi":[1750909974]},{"billed_charge":230.58,"npi":[1750909974]},{"billed_charge":2370.60,"npi":[1750909974]},{"billed_charge":2750.60,"npi":[1750909974]}]},{"allowed_amount":0.00,"billing_code_modifier":[""],"providers":[{"billed_charge":36.45,"npi":[1750909974]},{"billed_charge":65.00,"npi":[1750909974]},{"billed_charge":107.20,"npi":[1750909974]},{"billed_charge":216.00,"npi":[1750909974]},{"billed_charge":230.58,"npi":[1750909974]},{"billed_charge":2370.60,"npi":[1750909974]},{"billed_charge":2750.60,"npi":[1750909974]}]},{"allowed_amount":0.00,"billing_code_modifier":[""],"providers":[{"billed_charge":36.45,"npi":[1750909974]},{"billed_charge":65.00,"npi":[1750909974]},{"billed_charge":107.20,"npi":[1750909974]},{"billed_charge":216.00,"npi":[1750909974]},{"billed_charge":230.58,"npi":[1750909974]},{"billed_charge":2370.60,"npi":[1750909974]},{"billed_charge":2750.60,"npi":[1750909974]}]},{"allowed_amount":0.00,"billing_code_modifier":[""],"providers":[{"billed_charge":36.45,"npi":[1750909974]},{"billed_charge":65.00,"npi":[1750909974]},{"billed_charge":107.20,"npi":[1750909974]},{"billed_charge":216.00,"npi":[1750909974]},{"billed_charge":230.58,"npi":[1750909974]},{"billed_charge":2370.60,"npi":[1750909974]},{"billed_charge":2750.60,"npi":[1750909974]}]},{"allowed_amount":0.00,"billing_code_modifier":[""],"providers":[{"billed_charge":36.45,"npi":[1750909974]},{"billed_charge":65.00,"npi":[1750909974]},{"billed_charge":107.20,"npi":[1750909974]},{"billed_charge":216.00,"npi":[1750909974]},{"billed_charge":230.58,"npi":[1750909974]},{"billed_charge":2370.60,"npi":[1750909974]},{"billed_charge":2750.60,"npi":[1750909974]}]}]},{"tin":{"type":"ein","value":"851931245"},"service_code":["23"],"billing_class":"institutional","payments":[{"allowed_amount":0.00,"billing_code_modifier":[""],"providers":[{"billed_charge":36.45,"npi":[1750909974]},{"billed_charge":65.00,"npi":[1750909974]},{"billed_charge":107.20,"npi":[1750909974]},{"billed_charge":216.00,"npi":[1750909974]},{"billed_charge":230.58,"npi":[1750909974]},{"billed_charge":2370.60,"npi":[1750909974]},{"billed_charge":2750.60,"npi":[1750909974]}]},{"allowed_amount":0.00,"billing_code_modifier":[""],"providers":[{"billed_charge":36.45,"npi":[1750909974]},{"billed_charge":65.00,"npi":[1750909974]},{"billed_charge":107.20,"npi":[1750909974]},{"billed_charge":216.00,"npi":[1750909974]},{"billed_charge":230.58,"npi":[1750909974]},{"billed_charge":2370.60,"npi":[1750909974]},{"billed_charge":2750.60,"npi":[1750909974]}]},{"allowed_amount":0.00,"billing_code_modifier":[""],"providers":[{"billed_charge":36.45,"npi":[1750909974]},{"billed_charge":65.00,"npi":[1750909974]},{"billed_charge":107.20,"npi":[1750909974]},{"billed_charge":216.00,"npi":[1750909974]},{"billed_charge":230.58,"npi":[1750909974]},{"billed_charge":2370.60,"npi":[1750909974]},{"billed_charge":2750.60,"npi":[1750909974]}]},{"allowed_amount":0.00,"billing_code_modifier":[""],"providers":[{"billed_charge":36.45,"npi":[1750909974]},{"billed_charge":65.00,"npi":[1750909974]},{"billed_charge":107.20,"npi":[1750909974]},{"billed_charge":216.00,"npi":[1750909974]},{"billed_charge":230.58,"npi":[1750909974]},{"billed_charge":2370.60,"npi":[1750909974]},{"billed_charge":2750.60,"npi":[1750909974]}]},{"allowed_amount":0.00,"billing_code_modifier":[""],"providers":[{"billed_charge":36.45,"npi":[1750909974]},{"billed_charge":65.00,"npi":[1750909974]},{"billed_charge":107.20,"npi":[1750909974]},{"billed_charge":216.00,"npi":[1750909974]},{"billed_charge":230.58,"npi":[1750909974]},{"billed_charge":2370.60,"npi":[1750909974]},{"billed_charge":2750.60,"npi":[1750909974]}]},{"allowed_amount":0.00,"billing_code_modifier":[""],"providers":[{"billed_charge":36.45,"npi":[1750909974]},{"billed_charge":65.00,"npi":[1750909974]},{"billed_charge":107.20,"npi":[1750909974]},{"billed_charge":216.00,"npi":[1750909974]},{"billed_charge":230.58,"npi":[1750909974]},{"billed_charge":2370.60,"npi":[1750909974]},{"billed_charge":2750.60,"npi":[1750909974]}]},{"allowed_amount":0.00,"billing_code_modifier":[""],"providers":[{"billed_charge":36.45,"npi":[1750909974]},{"billed_charge":65.00,"npi":[1750909974]},{"billed_charge":107.20,"npi":[1750909974]},{"billed_charge":216.00,"npi":[1750909974]},{"billed_charge":230.58,"npi":[1750909974]},{"billed_charge":2370.60,"npi":[1750909974]},{"billed_charge":2750.60,"npi":[1750909974]}]}]},{"tin":{"type":"ein","value":"851931245"},"service_code":["23"],"billing_class":"institutional","payments":[{"allowed_amount":0.00,"billing_code_modifier":[""],"providers":[{"billed_charge":36.45,"npi":[1750909974]},{"billed_charge":65.00,"npi":[1750909974]},{"billed_charge":107.20,"npi":[1750909974]},{"billed_charge":216.00,"npi":[1750909974]},{"billed_charge":230.58,"npi":[1750909974]},{"billed_charge":2370.60,"npi":[1750909974]},{"billed_charge":2750.60,"npi":[1750909974]}]},{"allowed_amount":0.00,"billing_code_modifier":[""],"providers":[{"billed_charge":36.45,"npi":[1750909974]},{"billed_charge":65.00,"npi":[1750909974]},{"billed_charge":107.20,"npi":[1750909974]},{"billed_charge":216.00,"npi":[1750909974]},{"billed_charge":230.58,"npi":[1750909974]},{"billed_charge":2370.60,"npi":[1750909974]},{"billed_charge":2750.60,"npi":[1750909974]}]},{"allowed_amount":0.00,"billing_code_modifier":[""],"providers":[{"billed_charge":36.45,"npi":[1750909974]},{"billed_charge":65.00,"npi":[1750909974]},{"billed_charge":107.20,"npi":[1750909974]},{"billed_charge":216.00,"npi":[1750909974]},{"billed_charge":230.58,"npi":[1750909974]},{"billed_charge":2370.60,"npi":[1750909974]},{"billed_charge":2750.60,"npi":[1750909974]}]},{"allowed_amount":0.00,"billing_code_modifier":[""],"providers":[{"billed_charge":36.45,"npi":[1750909974]},{"billed_charge":65.00,"npi":[1750909974]},{"billed_charge":107.20,"npi":[1750909974]},{"billed_charge":216.00,"npi":[1750909974]},{"billed_charge":230.58,"npi":[1750909974]},{"billed_charge":2370.60,"npi":[1750909974]},{"billed_charge":2750.60,"npi":[1750909974]}]},{"allowed_amount":0.00,"billing_code_modifier":[""],"providers":[{"billed_charge":36.45,"npi":[1750909974]},{"billed_charge":65.00,"npi":[1750909974]},{"billed_charge":107.20,"npi":[1750909974]},{"billed_charge":216.00,"npi":[1750909974]},{"billed_charge":230.58,"npi":[1750909974]},{"billed_charge":2370.60,"npi":[1750909974]},{"billed_charge":2750.60,"npi":[1750909974]}]},{"allowed_amount":0.00,"billing_code_modifier":[""],"providers":[{"billed_charge":36.45,"npi":[1750909974]},{"billed_charge":65.00,"npi":[1750909974]},{"billed_charge":107.20,"npi":[1750909974]},{"billed_charge":216.00,"npi":[1750909974]},{"billed_charge":230.58,"npi":[1750909974]},{"billed_charge":2370.60,"npi":[1750909974]},{"billed_charge":2750.60,"npi":[1750909974]}]},{"allowed_amount":0.00,"billing_code_modifier":[""],"providers":[{"billed_charge":36.45,"npi":[1750909974]},{"billed_charge":65.00,"npi":[1750909974]},{"billed_charge":107.20,"npi":[1750909974]},{"billed_charge":216.00,"npi":[1750909974]},{"billed_charge":230.58,"npi":[1750909974]},{"billed_charge":2370.60,"npi":[1750909974]},{"billed_charge":2750.60,"npi":[1750909974]}]}]},{"tin":{"type":"ein","value":"851931245"},"service_code":["23"],"billing_class":"institutional","payments":[{"allowed_amount":0.00,"billing_code_modifier":[""],"providers":[{"billed_charge":36.45,"npi":[1750909974]},{"billed_charge":65.00,"npi":[1750909974]},{"billed_charge":107.20,"npi":[1750909974]},{"billed_charge":216.00,"npi":[1750909974]},{"billed_charge":230.58,"npi":[1750909974]},{"billed_charge":2370.60,"npi":[1750909974]},{"billed_charge":2750.60,"npi":[1750909974]}]},{"allowed_amount":0.00,"billing_code_modifier":[""],"providers":[{"billed_charge":36.45,"npi":[1750909974]},{"billed_charge":65.00,"npi":[1750909974]},{"billed_charge":107.20,"npi":[1750909974]},{"billed_charge":216.00,"npi":[1750909974]},{"billed_charge":230.58,"npi":[1750909974]},{"billed_charge":2370.60,"npi":[1750909974]},{"billed_charge":2750.60,"npi":[1750909974]}]},{"allowed_amount":0.00,"billing_code_modifier":[""],"providers":[{"billed_charge":36.45,"npi":[1750909974]},{"billed_charge":65.00,"npi":[1750909974]},{"billed_charge":107.20,"npi":[1750909974]},{"billed_charge":216.00,"npi":[1750909974]},{"billed_charge":230.58,"npi":[1750909974]},{"billed_charge":2370.60,"npi":[1750909974]},{"billed_charge":2750.60,"npi":[1750909974]}]},{"allowed_amount":0.00,"billing_code_modifier":[""],"providers":[{"billed_charge":36.45,"npi":[1750909974]},{"billed_charge":65.00,"npi":[1750909974]},{"billed_charge":107.20,"npi":[1750909974]},{"billed_charge":216.00,"npi":[1750909974]},{"billed_charge":230.58,"npi":[1750909974]},{"billed_charge":2370.60,"npi":[1750909974]},{"billed_charge":2750.60,"npi":[1750909974]}]},{"allowed_amount":0.00,"billing_code_modifier":[""],"providers":[{"billed_charge":36.45,"npi":[1750909974]},{"billed_charge":65.00,"npi":[1750909974]},{"billed_charge":107.20,"npi":[1750909974]},{"billed_charge":216.00,"npi":[1750909974]},{"billed_charge":230.58,"npi":[1750909974]},{"billed_charge":2370.60,"npi":[1750909974]},{"billed_charge":2750.60,"npi":[1750909974]}]},{"allowed_amount":0.00,"billing_code_modifier":[""],"providers":[{"billed_charge":36.45,"npi":[1750909974]},{"billed_charge":65.00,"npi":[1750909974]},{"billed_charge":107.20,"npi":[1750909974]},{"billed_charge":216.00,"npi":[1750909974]},{"billed_charge":230.58,"npi":[1750909974]},{"billed_charge":2370.60,"npi":[1750909974]},{"billed_charge":2750.60,"npi":[1750909974]}]},{"allowed_amount":0.00,"billing_code_modifier":[""],"providers":[{"billed_charge":36.45,"npi":[1750909974]},{"billed_charge":65.00,"npi":[1750909974]},{"billed_charge":107.20,"npi":[1750909974]},{"billed_charge":216.00,"npi":[1750909974]},{"billed_charge":230.58,"npi":[1750909974]},{"billed_charge":2370.60,"npi":[1750909974]},{"billed_charge":2750.60,"npi":[1750909974]}]}]},{"tin":{"type":"ein","value":"852007987"},"service_code":["23"],"billing_class":"institutional","payments":[{"allowed_amount":0.00,"billing_code_modifier":[""],"providers":[{"billed_charge":65.00,"npi":[1144838947]},{"billed_charge":216.00,"npi":[1144838947]},{"billed_charge":2370.60,"npi":[1144838947]},{"billed_charge":2750.60,"npi":[1144838947]}]},{"allowed_amount":0.00,"billing_code_modifier":[""],"providers":[{"billed_charge":65.00,"npi":[1144838947]},{"billed_charge":216.00,"npi":[1144838947]},{"billed_charge":2370.60,"npi":[1144838947]},{"billed_charge":2750.60,"npi":[1144838947]}]},{"allowed_amount":0.00,"billing_code_modifier":[""],"providers":[{"billed_charge":65.00,"npi":[1144838947]},{"billed_charge":216.00,"npi":[1144838947]},{"billed_charge":2370.60,"npi":[1144838947]},{"billed_charge":2750.60,"npi":[1144838947]}]},{"allowed_amount":0.00,"billing_code_modifier":[""],"providers":[{"billed_charge":65.00,"npi":[1144838947]},{"billed_charge":216.00,"npi":[1144838947]},{"billed_charge":2370.60,"npi":[1144838947]},{"billed_charge":2750.60,"npi":[1144838947]}]}]},{"tin":{"type":"ein","value":"852007987"},"service_code":["23"],"billing_class":"institutional","payments":[{"allowed_amount":0.00,"billing_code_modifier":[""],"providers":[{"billed_charge":65.00,"npi":[1144838947]},{"billed_charge":216.00,"npi":[1144838947]},{"billed_charge":2370.60,"npi":[1144838947]},{"billed_charge":2750.60,"npi":[1144838947]}]},{"allowed_amount":0.00,"billing_code_modifier":[""],"providers":[{"billed_charge":65.00,"npi":[1144838947]},{"billed_charge":216.00,"npi":[1144838947]},{"billed_charge":2370.60,"npi":[1144838947]},{"billed_charge":2750.60,"npi":[1144838947]}]},{"allowed_amount":0.00,"billing_code_modifier":[""],"providers":[{"billed_charge":65.00,"npi":[1144838947]},{"billed_charge":216.00,"npi":[1144838947]},{"billed_charge":2370.60,"npi":[1144838947]},{"billed_charge":2750.60,"npi":[1144838947]}]},{"allowed_amount":0.00,"billing_code_modifier":[""],"providers":[{"billed_charge":65.00,"npi":[1144838947]},{"billed_charge":216.00,"npi":[1144838947]},{"billed_charge":2370.60,"npi":[1144838947]},{"billed_charge":2750.60,"npi":[1144838947]}]}]},{"tin":{"type":"ein","value":"852007987"},"service_code":["23"],"billing_class":"institutional","payments":[{"allowed_amount":0.00,"billing_code_modifier":[""],"providers":[{"billed_charge":65.00,"npi":[1144838947]},{"billed_charge":216.00,"npi":[1144838947]},{"billed_charge":2370.60,"npi":[1144838947]},{"billed_charge":2750.60,"npi":[1144838947]}]},{"allowed_amount":0.00,"billing_code_modifier":[""],"providers":[{"billed_charge":65.00,"npi":[1144838947]},{"billed_charge":216.00,"npi":[1144838947]},{"billed_charge":2370.60,"npi":[1144838947]},{"billed_charge":2750.60,"npi":[1144838947]}]},{"allowed_amount":0.00,"billing_code_modifier":[""],"providers":[{"billed_charge":65.00,"npi":[1144838947]},{"billed_charge":216.00,"npi":[1144838947]},{"billed_charge":2370.60,"npi":[1144838947]},{"billed_charge":2750.60,"npi":[1144838947]}]},{"allowed_amount":0.00,"billing_code_modifier":[""],"providers":[{"billed_charge":65.00,"npi":[1144838947]},{"billed_charge":216.00,"npi":[1144838947]},{"billed_charge":2370.60,"npi":[1144838947]},{"billed_charge":2750.60,"npi":[1144838947]}]}]},{"tin":{"type":"ein","value":"852007987"},"service_code":["23"],"billing_class":"institutional","payments":[{"allowed_amount":0.00,"billing_code_modifier":[""],"providers":[{"billed_charge":65.00,"npi":[1144838947]},{"billed_charge":216.00,"npi":[1144838947]},{"billed_charge":2370.60,"npi":[1144838947]},{"billed_charge":2750.60,"npi":[1144838947]}]},{"allowed_amount":0.00,"billing_code_modifier":[""],"providers":[{"billed_charge":65.00,"npi":[1144838947]},{"billed_charge":216.00,"npi":[1144838947]},{"billed_charge":2370.60,"npi":[1144838947]},{"billed_charge":2750.60,"npi":[1144838947]}]},{"allowed_amount":0.00,"billing_code_modifier":[""],"providers":[{"billed_charge":65.00,"npi":[1144838947]},{"billed_charge":216.00,"npi":[1144838947]},{"billed_charge":2370.60,"npi":[1144838947]},{"billed_charge":2750.60,"npi":[1144838947]}]},{"allowed_amount":0.00,"billing_code_modifier":[""],"providers":[{"billed_charge":65.00,"npi":[1144838947]},{"billed_charge":216.00,"npi":[1144838947]},{"billed_charge":2370.60,"npi":[1144838947]},{"billed_charge":2750.60,"npi":[1144838947]}]}]},{"tin":{"type":"ein","value":"871651640"},"service_code":["23"],"billing_class":"institutional","payments":[{"allowed_amount":0.00,"billing_code_modifier":[""],"providers":[{"billed_charge":371.44,"npi":[1043988751]},{"billed_charge":450.00,"npi":[1043988751]}]},{"allowed_amount":0.00,"billing_code_modifier":[""],"providers":[{"billed_charge":371.44,"npi":[1043988751]},{"billed_charge":450.00,"npi":[1043988751]}]}]},{"tin":{"type":"ein","value":"871651640"},"service_code":["23"],"billing_class":"institutional","payments":[{"allowed_amount":0.00,"billing_code_modifier":[""],"providers":[{"billed_charge":371.44,"npi":[1043988751]},{"billed_charge":450.00,"npi":[1043988751]}]},{"allowed_amount":0.00,"billing_code_modifier":[""],"providers":[{"billed_charge":371.44,"npi":[1043988751]},{"billed_charge":450.00,"npi":[1043988751]}]}]}]},{"name":"OFFICE\/OUTPATIENT ESTABLISHED LOW MDM 20-29 MIN","billing_code_type":"CPT","billing_code_type_version":"2020","billing_code":"99213","description":"OFFICE\/OUTPATIENT ESTABLISHED LOW MDM 20-29 MIN","allowed_amounts":[{"tin":{"type":"ein","value":"851465967"},"service_code":["11"],"billing_class":"professional","payments":[{"allowed_amount":165.00,"billing_code_modifier":[""],"providers":[{"billed_charge":275.00,"npi":[1487271300,1801841358]}]}]}]},{"name":"SBSQ HOSPITAL IP\/OBS CARE HIGH MDM 50 MINUTES","billing_code_type":"CPT","billing_code_type_version":"2020","billing_code":"99233","description":"SBSQ HOSPITAL IP\/OBS CARE HIGH MDM 50 MINUTES","allowed_amounts":[{"tin":{"type":"ein","value":"383915212"},"service_code":["21"],"billing_class":"professional","payments":[{"allowed_amount":116.13,"billing_code_modifier":[""],"providers":[{"billed_charge":416.00,"npi":[1013343912,1174786107]}]}]}]}]}
