{"reporting_entity_name": "IEC Group_DBA AmeriBen",
	"reporting_entity_type": "Third Party Administrator",
	"plan_name": "J-U-B ENGINEERS, Inc.",
	"plan_id_type": "ein",
	"plan_id": "820290774",
	"plan_market_type": "group",
	"last_updated_on": "2023-02-01","Version": "1.0.0","out_of_network":[{"name":"IA DET NA;SEV AC RES SYND SARS-COV-2 COVID-19","billing_code_type":"HCPCS","billing_code_type_version":"HCPCS LEVEL II 2021","billing_code":"U0005","description":"IA DET NA;SEV AC RES SYND SARS-COV-2 COVID-19","allowed_amounts":[{"tin":{"type":"ein","value":"942854057"},"service_code":["81"],"billing_class":"professional","payments":[{"allowed_amount":21.68,"billing_code_modifier":[""],"providers":[{"billed_charge":25.00,"npi":[1225048648,1245537208,1467469239,1487630802,1720029960]}]}]},{"tin":{"type":"ein","value":"942854057"},"service_code":["81"],"billing_class":"professional","payments":[{"allowed_amount":25.00,"billing_code_modifier":[""],"providers":[{"billed_charge":25.00,"npi":[1497868392,1720029960]}]}]}]},{"name":"INF AGT DET DNA\/RNA;SARS-COV-2 COVID-19 AMP P T","billing_code_type":"HCPCS","billing_code_type_version":"HCPCS LEVEL II 2021","billing_code":"U0003","description":"INF AGT DET DNA\/RNA;SARS-COV-2 COVID-19 AMP P T","allowed_amounts":[{"tin":{"type":"ein","value":"942854057"},"service_code":["81"],"billing_class":"professional","payments":[{"allowed_amount":100.00,"billing_code_modifier":[""],"providers":[{"billed_charge":145.00,"npi":[1225048648,1467469239,1487630802,1497868392,1720029960]}]}]}]}]}
