{"reporting_entity_name": "IEC Group_DBA AmeriBen",
	"reporting_entity_type": "Third Party Administrator",
	"plan_name": "BASHAS' WELFARE BENEFIT PLAN",
	"plan_id_type": "ein",
	"plan_id": "860110430",
	"plan_market_type": "group",
	"last_updated_on": "2023-08-01","Version": "1.0.0","out_of_network":[{"name":"ASSAY OF MAGNESIUM","billing_code_type":"CPT","billing_code_type_version":"2020","billing_code":"83735","description":"ASSAY OF MAGNESIUM","allowed_amounts":[{"tin":{"type":"ein","value":"832380263"},"service_code":["21"],"billing_class":"professional","payments":[{"allowed_amount":2.63,"billing_code_modifier":[""],"providers":[{"billed_charge":22.32,"npi":[1083185342,1104856095,1679567366,1730167222]}]}]}]},{"name":"ASSAY OF PHOSPHORUS INORGANIC","billing_code_type":"CPT","billing_code_type_version":"2020","billing_code":"84100","description":"ASSAY OF PHOSPHORUS INORGANIC","allowed_amounts":[{"tin":{"type":"ein","value":"832380263"},"service_code":["21"],"billing_class":"professional","payments":[{"allowed_amount":0.73,"billing_code_modifier":[""],"providers":[{"billed_charge":15.81,"npi":[1083185342,1104856095,1679567366,1730167222]}]}]}]},{"name":"BLOOD COUNT COMPLETE AUTO&AUTO DIFRNTL WBC","billing_code_type":"CPT","billing_code_type_version":"2020","billing_code":"85025","description":"BLOOD COUNT COMPLETE AUTO&AUTO DIFRNTL WBC","allowed_amounts":[{"tin":{"type":"ein","value":"832380263"},"service_code":["21"],"billing_class":"professional","payments":[{"allowed_amount":3.24,"billing_code_modifier":[""],"providers":[{"billed_charge":25.89,"npi":[1083185342,1104856095,1679567366,1730167222]}]}]}]},{"name":"CASE MANAGEMENT","billing_code_type":"HCPCS","billing_code_type_version":"HCPCS LEVEL II 2021","billing_code":"T1016","description":"CASE MANAGEMENT","allowed_amounts":[{"tin":{"type":"ein","value":"860215009"},"service_code":["53"],"billing_class":"professional","payments":[{"allowed_amount":10.52,"billing_code_modifier":[""],"providers":[{"billed_charge":160.00,"npi":[1093810889]}]}]},{"tin":{"type":"ein","value":"860252067"},"service_code":["12"],"billing_class":"professional","payments":[{"allowed_amount":10.52,"billing_code_modifier":[""],"providers":[{"billed_charge":24.26,"npi":[1841498060,1972988657]}]}]},{"tin":{"type":"ein","value":"860363717"},"service_code":["12"],"billing_class":"professional","payments":[{"allowed_amount":10.52,"billing_code_modifier":[""],"providers":[{"billed_charge":157.99,"npi":[1033509070,1871901033]}]}]},{"tin":{"type":"ein","value":"237086112"},"service_code":["12"],"billing_class":"professional","payments":[{"allowed_amount":10.52,"billing_code_modifier":[""],"providers":[{"billed_charge":28.42,"npi":[1033156567,1649911157]},{"billed_charge":24.33,"npi":[1033156567,1376931493,1992224455]},{"billed_charge":18.24,"npi":[1033156567,1649911157]}]},{"allowed_amount":10.52,"billing_code_modifier":[""],"providers":[{"billed_charge":28.42,"npi":[1033156567,1649911157]},{"billed_charge":24.33,"npi":[1033156567,1376931493,1992224455]},{"billed_charge":18.24,"npi":[1033156567,1649911157]}]},{"allowed_amount":10.52,"billing_code_modifier":[""],"providers":[{"billed_charge":28.42,"npi":[1033156567,1649911157]},{"billed_charge":24.33,"npi":[1033156567,1376931493,1992224455]},{"billed_charge":18.24,"npi":[1033156567,1649911157]}]}]},{"tin":{"type":"ein","value":"237086112"},"service_code":["12","53"],"billing_class":"professional","payments":[{"allowed_amount":10.52,"billing_code_modifier":[""],"providers":[{"billed_charge":28.42,"npi":[1033156567,1649911157]},{"billed_charge":24.33,"npi":[1033156567,1376931493,1992224455]},{"billed_charge":18.24,"npi":[1033156567,1649911157]}]},{"allowed_amount":10.52,"billing_code_modifier":[""],"providers":[{"billed_charge":28.42,"npi":[1033156567,1649911157]},{"billed_charge":24.33,"npi":[1033156567,1376931493,1992224455]},{"billed_charge":18.24,"npi":[1033156567,1649911157]}]},{"allowed_amount":10.52,"billing_code_modifier":[""],"providers":[{"billed_charge":28.42,"npi":[1033156567,1649911157]},{"billed_charge":24.33,"npi":[1033156567,1376931493,1992224455]},{"billed_charge":18.24,"npi":[1033156567,1649911157]}]}]},{"tin":{"type":"ein","value":"237086112"},"service_code":["53"],"billing_class":"professional","payments":[{"allowed_amount":10.52,"billing_code_modifier":[""],"providers":[{"billed_charge":28.42,"npi":[1033156567,1649911157]},{"billed_charge":24.33,"npi":[1033156567,1376931493,1992224455]},{"billed_charge":18.24,"npi":[1033156567,1649911157]}]},{"allowed_amount":10.52,"billing_code_modifier":[""],"providers":[{"billed_charge":28.42,"npi":[1033156567,1649911157]},{"billed_charge":24.33,"npi":[1033156567,1376931493,1992224455]},{"billed_charge":18.24,"npi":[1033156567,1649911157]}]},{"allowed_amount":10.52,"billing_code_modifier":[""],"providers":[{"billed_charge":28.42,"npi":[1033156567,1649911157]},{"billed_charge":24.33,"npi":[1033156567,1376931493,1992224455]},{"billed_charge":18.24,"npi":[1033156567,1649911157]}]}]}]},{"name":"COMPREHENSIVE METABOLIC PANEL","billing_code_type":"CPT","billing_code_type_version":"2020","billing_code":"80053","description":"COMPREHENSIVE METABOLIC PANEL","allowed_amounts":[{"tin":{"type":"ein","value":"832380263"},"service_code":["21"],"billing_class":"professional","payments":[{"allowed_amount":5.20,"billing_code_modifier":[""],"providers":[{"billed_charge":35.22,"npi":[1083185342,1104856095,1679567366,1730167222]}]}]}]},{"name":"DRUGS REQUIRE SPECIFIC ID: DRUGS REQUIRING DETAIL","billing_code_type":"RC","billing_code_type_version":"UB04","billing_code":"0636","description":"DRUGS REQUIRE SPECIFIC ID: DRUGS REQUIRING DETAIL","allowed_amounts":[{"tin":{"type":"ein","value":"042977283"},"service_code":["65"],"billing_class":"institutional","payments":[{"allowed_amount":7.27,"billing_code_modifier":[""],"providers":[{"billed_charge":210.45,"npi":[1578947636,1851377139]}]}]},{"tin":{"type":"ein","value":"042977283"},"service_code":["65"],"billing_class":"institutional","payments":[{"allowed_amount":7.94,"billing_code_modifier":[""],"providers":[{"billed_charge":221.00,"npi":[1578947636,1851377139]}]}]},{"tin":{"type":"ein","value":"042977283"},"service_code":["65"],"billing_class":"institutional","payments":[{"allowed_amount":8.11,"billing_code_modifier":[""],"providers":[{"billed_charge":221.00,"npi":[1578947636,1851377139]}]}]}]},{"name":"EMERGENCY DEPARTMENT VISIT LOW MDM","billing_code_type":"CPT","billing_code_type_version":"2020","billing_code":"99283","description":"EMERGENCY DEPARTMENT VISIT LOW MDM","allowed_amounts":[{"tin":{"type":"ein","value":"814399995"},"service_code":["23"],"billing_class":"professional","payments":[{"allowed_amount":133.98,"billing_code_modifier":[""],"providers":[{"billed_charge":638.00,"npi":[1467424986]}]}]},{"tin":{"type":"ein","value":"850651672"},"service_code":["23"],"billing_class":"professional","payments":[{"allowed_amount":133.98,"billing_code_modifier":[""],"providers":[{"billed_charge":1030.49,"npi":[1043830623,1578548434]}]}]},{"tin":{"type":"ein","value":"860212139"},"service_code":["23"],"billing_class":"professional","payments":[{"allowed_amount":133.98,"billing_code_modifier":[""],"providers":[{"billed_charge":860.00,"npi":[1184738049,1639285869]}]}]},{"tin":{"type":"ein","value":"352574944"},"service_code":["23"],"billing_class":"professional","payments":[{"allowed_amount":133.98,"billing_code_modifier":[""],"providers":[{"billed_charge":630.00,"npi":[1578978029,1649355702,1700328663]}]}]},{"tin":{"type":"ein","value":"562462581"},"service_code":["23"],"billing_class":"professional","payments":[{"allowed_amount":133.98,"billing_code_modifier":[""],"providers":[{"billed_charge":500.00,"npi":[1376977298,1427335140,1679918353]},{"billed_charge":814.00,"npi":[1184994857,1376977298,1427335140,1790371094,1912395807]}]},{"allowed_amount":133.98,"billing_code_modifier":[""],"providers":[{"billed_charge":500.00,"npi":[1376977298,1427335140,1679918353]},{"billed_charge":814.00,"npi":[1184994857,1376977298,1427335140,1790371094,1912395807]}]}]},{"tin":{"type":"ein","value":"562462581"},"service_code":["23"],"billing_class":"professional","payments":[{"allowed_amount":133.98,"billing_code_modifier":[""],"providers":[{"billed_charge":500.00,"npi":[1376977298,1427335140,1679918353]},{"billed_charge":814.00,"npi":[1184994857,1376977298,1427335140,1790371094,1912395807]}]},{"allowed_amount":133.98,"billing_code_modifier":[""],"providers":[{"billed_charge":500.00,"npi":[1376977298,1427335140,1679918353]},{"billed_charge":814.00,"npi":[1184994857,1376977298,1427335140,1790371094,1912395807]}]}]}]},{"name":"HEMO OPD\/HOME: HEMODIALYSIS COMP OR OTHER RATE","billing_code_type":"RC","billing_code_type_version":"UB04","billing_code":"0821","description":"HEMO OPD\/HOME: HEMODIALYSIS COMP OR OTHER RATE","allowed_amounts":[{"tin":{"type":"ein","value":"042977283"},"service_code":["65"],"billing_class":"institutional","payments":[{"allowed_amount":276.81,"billing_code_modifier":[""],"providers":[{"billed_charge":8010.89,"npi":[1578947636,1851377139]}]}]},{"tin":{"type":"ein","value":"042977283"},"service_code":["65"],"billing_class":"institutional","payments":[{"allowed_amount":302.44,"billing_code_modifier":[""],"providers":[{"billed_charge":8411.43,"npi":[1578947636,1851377139]}]}]},{"tin":{"type":"ein","value":"042977283"},"service_code":["65"],"billing_class":"institutional","payments":[{"allowed_amount":308.76,"billing_code_modifier":[""],"providers":[{"billed_charge":8411.43,"npi":[1578947636,1851377139]}]}]}]},{"name":"IAAD IA SEVERE AQT RESPIR SYND CORONAVIRUS","billing_code_type":"CPT","billing_code_type_version":"2020","billing_code":"87426","description":"IAAD IA SEVERE AQT RESPIR SYND CORONAVIRUS","allowed_amounts":[{"tin":{"type":"ein","value":"852564108"},"service_code":["11"],"billing_class":"professional","payments":[{"allowed_amount":102.00,"billing_code_modifier":[""],"providers":[{"billed_charge":102.00,"npi":[1053901256,1639311509]}]}]}]},{"name":"MEDICAL\/SURGICAL SUPPLIES","billing_code_type":"RC","billing_code_type_version":"UB04","billing_code":"0270","description":"MEDICAL\/SURGICAL SUPPLIES","allowed_amounts":[{"tin":{"type":"ein","value":"042977283"},"service_code":["65"],"billing_class":"institutional","payments":[{"allowed_amount":4.68,"billing_code_modifier":[""],"providers":[{"billed_charge":135.24,"npi":[1578947636,1851377139]}]}]},{"tin":{"type":"ein","value":"042977283"},"service_code":["65"],"billing_class":"institutional","payments":[{"allowed_amount":5.11,"billing_code_modifier":[""],"providers":[{"billed_charge":142.00,"npi":[1134231939,1174738389,1578947636,1851377139]}]}]},{"tin":{"type":"ein","value":"042977283"},"service_code":["65"],"billing_class":"institutional","payments":[{"allowed_amount":5.21,"billing_code_modifier":[""],"providers":[{"billed_charge":142.00,"npi":[1578947636,1851377139]}]}]}]},{"name":"OFFICE\/OUTPATIENT ESTABLISHED LOW MDM 20-29 MIN","billing_code_type":"CPT","billing_code_type_version":"2020","billing_code":"99213","description":"OFFICE\/OUTPATIENT ESTABLISHED LOW MDM 20-29 MIN","allowed_amounts":[{"tin":{"type":"ein","value":"843837543"},"service_code":["11"],"billing_class":"professional","payments":[{"allowed_amount":99.54,"billing_code_modifier":[""],"providers":[{"billed_charge":220.00,"npi":[1548802333]}]}]},{"tin":{"type":"ein","value":"860212139"},"service_code":["22"],"billing_class":"professional","payments":[{"allowed_amount":99.54,"billing_code_modifier":[""],"providers":[{"billed_charge":221.00,"npi":[1154364214,1184738049,1336323005,1710372651]},{"billed_charge":230.00,"npi":[1154364214,1184738049]}]},{"allowed_amount":99.54,"billing_code_modifier":[""],"providers":[{"billed_charge":221.00,"npi":[1154364214,1184738049,1336323005,1710372651]},{"billed_charge":230.00,"npi":[1154364214,1184738049]}]}]},{"tin":{"type":"ein","value":"860212139"},"service_code":["22"],"billing_class":"professional","payments":[{"allowed_amount":99.54,"billing_code_modifier":[""],"providers":[{"billed_charge":221.00,"npi":[1154364214,1184738049,1336323005,1710372651]},{"billed_charge":230.00,"npi":[1154364214,1184738049]}]},{"allowed_amount":99.54,"billing_code_modifier":[""],"providers":[{"billed_charge":221.00,"npi":[1154364214,1184738049,1336323005,1710372651]},{"billed_charge":230.00,"npi":[1154364214,1184738049]}]}]},{"tin":{"type":"ein","value":"860212139"},"service_code":["22"],"billing_class":"professional","payments":[{"allowed_amount":102.83,"billing_code_modifier":[""],"providers":[{"billed_charge":221.00,"npi":[1184738049,1255838041,1730543968]}]}]},{"tin":{"type":"ein","value":"860214457"},"service_code":["53"],"billing_class":"professional","payments":[{"allowed_amount":99.54,"billing_code_modifier":[""],"providers":[{"billed_charge":115.75,"npi":[1316023864,1841286820,1922275692]}]}]},{"tin":{"type":"ein","value":"860719852"},"service_code":["22"],"billing_class":"professional","payments":[{"allowed_amount":99.54,"billing_code_modifier":[""],"providers":[{"billed_charge":116.80,"npi":[1477615789,1922039643]}]}]},{"tin":{"type":"ein","value":"860719854"},"service_code":["11"],"billing_class":"professional","payments":[{"allowed_amount":99.54,"billing_code_modifier":[""],"providers":[{"billed_charge":160.00,"npi":[1174692529,1558342576]}]}]},{"tin":{"type":"ein","value":"860719858"},"service_code":["22"],"billing_class":"professional","payments":[{"allowed_amount":99.54,"billing_code_modifier":[""],"providers":[{"billed_charge":116.00,"npi":[1144270554,1396761565,1831292887,1891875274]}]}]},{"tin":{"type":"ein","value":"860719858"},"service_code":["22"],"billing_class":"professional","payments":[{"allowed_amount":102.83,"billing_code_modifier":[""],"providers":[{"billed_charge":116.00,"npi":[1023022431,1134470628,1144270554,1336401538,1376955534,1396761565,1508800129,1588848543,1700264637]}]}]},{"tin":{"type":"ein","value":"203943524"},"service_code":["11"],"billing_class":"professional","payments":[{"allowed_amount":102.83,"billing_code_modifier":[""],"providers":[{"billed_charge":200.00,"npi":[1003833179,1538165477]}]}]},{"tin":{"type":"ein","value":"452402948"},"service_code":["11"],"billing_class":"professional","payments":[{"allowed_amount":102.83,"billing_code_modifier":[""],"providers":[{"billed_charge":280.00,"npi":[1326127473]}]}]},{"tin":{"type":"ein","value":"452996531"},"service_code":["11"],"billing_class":"professional","payments":[{"allowed_amount":102.83,"billing_code_modifier":[""],"providers":[{"billed_charge":220.00,"npi":[1003087891,1528421971,1841703253]}]}]},{"tin":{"type":"ein","value":"562462581"},"service_code":["22"],"billing_class":"professional","payments":[{"allowed_amount":99.54,"billing_code_modifier":[""],"providers":[{"billed_charge":185.00,"npi":[1215280805,1427335140,1699202085]}]}]},{"tin":{"type":"ein","value":"562462581"},"service_code":["22"],"billing_class":"professional","payments":[{"allowed_amount":102.83,"billing_code_modifier":[""],"providers":[{"billed_charge":185.00,"npi":[1104908474,1427335140,1669407037]}]}]},{"tin":{"type":"ein","value":"860817397"},"service_code":["22"],"billing_class":"professional","payments":[{"allowed_amount":99.54,"billing_code_modifier":[""],"providers":[{"billed_charge":183.00,"npi":[1255788832,1477876639]}]}]},{"tin":{"type":"ein","value":"860836890"},"service_code":["11"],"billing_class":"professional","payments":[{"allowed_amount":99.54,"billing_code_modifier":[""],"providers":[{"billed_charge":180.00,"npi":[1386840726,1548469273]}]}]},{"tin":{"type":"ein","value":"862280359"},"service_code":["11"],"billing_class":"professional","payments":[{"allowed_amount":99.54,"billing_code_modifier":[""],"providers":[{"billed_charge":116.00,"npi":[1161917935,1366419988,1972073013]}]}]}]},{"name":"OFFICE\/OUTPATIENT ESTABLISHED MOD MDM 30-39 MIN","billing_code_type":"CPT","billing_code_type_version":"2020","billing_code":"99214","description":"OFFICE\/OUTPATIENT ESTABLISHED MOD MDM 30-39 MIN","allowed_amounts":[{"tin":{"type":"ein","value":"825193864"},"service_code":["10"],"billing_class":"professional","payments":[{"allowed_amount":140.89,"billing_code_modifier":[""],"providers":[{"billed_charge":250.00,"npi":[1346234564,1528556495]}]}]},{"tin":{"type":"ein","value":"843342941"},"service_code":["11"],"billing_class":"professional","payments":[{"allowed_amount":140.89,"billing_code_modifier":[""],"providers":[{"billed_charge":252.56,"npi":[1093703977,1861476095]}]}]},{"tin":{"type":"ein","value":"850999541"},"service_code":["11"],"billing_class":"professional","payments":[{"allowed_amount":140.89,"billing_code_modifier":[""],"providers":[{"billed_charge":141.00,"npi":[1235687310,1730790080,1902092992]}]}]},{"tin":{"type":"ein","value":"860212139"},"service_code":["22"],"billing_class":"professional","payments":[{"allowed_amount":140.89,"billing_code_modifier":[""],"providers":[{"billed_charge":322.00,"npi":[1184738049,1457779811,1811006059]}]}]},{"tin":{"type":"ein","value":"860212139"},"service_code":["22"],"billing_class":"professional","payments":[{"allowed_amount":145.22,"billing_code_modifier":[""],"providers":[{"billed_charge":322.00,"npi":[1184738049,1255838041]}]}]},{"tin":{"type":"ein","value":"860585274"},"service_code":["11"],"billing_class":"professional","payments":[{"allowed_amount":140.89,"billing_code_modifier":[""],"providers":[{"billed_charge":391.67,"npi":[1003090739,1235271404,1841592078]}]}]},{"tin":{"type":"ein","value":"860585274"},"service_code":["11"],"billing_class":"professional","payments":[{"allowed_amount":145.22,"billing_code_modifier":[""],"providers":[{"billed_charge":391.67,"npi":[1003090739,1235271404,1841592078]}]}]},{"tin":{"type":"ein","value":"860719854"},"service_code":["11"],"billing_class":"professional","payments":[{"allowed_amount":140.89,"billing_code_modifier":[""],"providers":[{"billed_charge":221.00,"npi":[1174692529,1912423302]}]}]},{"tin":{"type":"ein","value":"860719858"},"service_code":["22"],"billing_class":"professional","payments":[{"allowed_amount":140.89,"billing_code_modifier":[""],"providers":[{"billed_charge":167.00,"npi":[1053710053,1295238061,1396761565,1588848543]}]}]},{"tin":{"type":"ein","value":"860719858"},"service_code":["22"],"billing_class":"professional","payments":[{"allowed_amount":145.22,"billing_code_modifier":[""],"providers":[{"billed_charge":167.00,"npi":[1023171824,1053710053,1396761565]}]}]},{"tin":{"type":"ein","value":"203943524"},"service_code":["11"],"billing_class":"professional","payments":[{"allowed_amount":140.89,"billing_code_modifier":[""],"providers":[{"billed_charge":296.00,"npi":[1003833179,1770043044]}]}]},{"tin":{"type":"ein","value":"264424006"},"service_code":["11"],"billing_class":"professional","payments":[{"allowed_amount":140.89,"billing_code_modifier":[""],"providers":[{"billed_charge":160.94,"npi":[1326408782]}]}]},{"tin":{"type":"ein","value":"270431100"},"service_code":["11"],"billing_class":"professional","payments":[{"allowed_amount":140.89,"billing_code_modifier":[""],"providers":[{"billed_charge":189.41,"npi":[1194957241,1487924965]}]}]},{"tin":{"type":"ein","value":"271341979"},"service_code":["11"],"billing_class":"professional","payments":[{"allowed_amount":140.89,"billing_code_modifier":[""],"providers":[{"billed_charge":216.00,"npi":[1184731523,1679701163,1780913483]}]}]},{"tin":{"type":"ein","value":"362739571"},"service_code":["11"],"billing_class":"professional","payments":[{"allowed_amount":145.22,"billing_code_modifier":[""],"providers":[{"billed_charge":158.00,"npi":[1225359946,1609392208]},{"billed_charge":230.00,"npi":[1205584992,1609392208,1821148917,1942740071]}]},{"allowed_amount":145.22,"billing_code_modifier":[""],"providers":[{"billed_charge":158.00,"npi":[1225359946,1609392208]},{"billed_charge":230.00,"npi":[1205584992,1609392208,1821148917,1942740071]}]}]},{"tin":{"type":"ein","value":"362739571"},"service_code":["11"],"billing_class":"professional","payments":[{"allowed_amount":145.22,"billing_code_modifier":[""],"providers":[{"billed_charge":158.00,"npi":[1225359946,1609392208]},{"billed_charge":230.00,"npi":[1205584992,1609392208,1821148917,1942740071]}]},{"allowed_amount":145.22,"billing_code_modifier":[""],"providers":[{"billed_charge":158.00,"npi":[1225359946,1609392208]},{"billed_charge":230.00,"npi":[1205584992,1609392208,1821148917,1942740071]}]}]},{"tin":{"type":"ein","value":"562462581"},"service_code":["22"],"billing_class":"professional","payments":[{"allowed_amount":140.89,"billing_code_modifier":[""],"providers":[{"billed_charge":270.00,"npi":[1396050944,1427335140,1699202085]}]}]},{"tin":{"type":"ein","value":"860817397"},"service_code":["22"],"billing_class":"professional","payments":[{"allowed_amount":140.89,"billing_code_modifier":[""],"providers":[{"billed_charge":269.00,"npi":[1396201562,1477876639,1487187183,1518458389]}]}]},{"tin":{"type":"ein","value":"860828589"},"service_code":["11"],"billing_class":"professional","payments":[{"allowed_amount":140.89,"billing_code_modifier":[""],"providers":[{"billed_charge":244.00,"npi":[1568647162,1851336432,1982357836]}]}]},{"tin":{"type":"ein","value":"860879817"},"service_code":["11"],"billing_class":"professional","payments":[{"allowed_amount":140.89,"billing_code_modifier":[""],"providers":[{"billed_charge":170.00,"npi":[1619209392,1669509568]}]}]},{"tin":{"type":"ein","value":"860879817"},"service_code":["11"],"billing_class":"professional","payments":[{"allowed_amount":145.22,"billing_code_modifier":[""],"providers":[{"billed_charge":170.00,"npi":[1619209392,1669509568]}]}]},{"tin":{"type":"ein","value":"870728777"},"service_code":["11"],"billing_class":"professional","payments":[{"allowed_amount":140.89,"billing_code_modifier":[""],"providers":[{"billed_charge":258.00,"npi":[1114311149,1215109673,1861575078]}]}]}]},{"name":"PHARMACY","billing_code_type":"RC","billing_code_type_version":"UB04","billing_code":"0250","description":"PHARMACY","allowed_amounts":[{"tin":{"type":"ein","value":"042977283"},"service_code":["65"],"billing_class":"institutional","payments":[{"allowed_amount":6.80,"billing_code_modifier":[""],"providers":[{"billed_charge":189.14,"npi":[1578947636,1851377139]}]}]},{"tin":{"type":"ein","value":"261443057"},"service_code":["65"],"billing_class":"institutional","payments":[{"allowed_amount":0.05,"billing_code_modifier":[""],"providers":[{"billed_charge":0.90,"npi":[1356337968,1801050604]}]}]},{"tin":{"type":"ein","value":"371119538"},"service_code":["24"],"billing_class":"institutional","payments":[{"allowed_amount":6.80,"billing_code_modifier":[""],"providers":[{"billed_charge":13.58,"npi":[1013071653]}]}]}]},{"name":"PNEUMATIC COMPRESSION DEVICE","billing_code_type":"HCPCS","billing_code_type_version":"HCPCS LEVEL II 2021","billing_code":"E0675","description":"PNEUMATIC COMPRESSION DEVICE","allowed_amounts":[{"tin":{"type":"ein","value":"352544251"},"service_code":["24"],"billing_class":"professional","payments":[{"allowed_amount":285.00,"billing_code_modifier":[""],"providers":[{"billed_charge":285.00,"npi":[1053317180,1073655171,1184827255,1245239656,1255704060,1295763613,1316280142,1386280436,1437615929,1477886406,1609163542,1649212580,1649690306,1710151048,1730175134,1750970869,1770008922,1922660109]}]}]}]},{"name":"PRESSURE PNEUM APPL HALF LEG","billing_code_type":"HCPCS","billing_code_type_version":"HCPCS LEVEL II 2021","billing_code":"E0673","description":"PRESSURE PNEUM APPL HALF LEG","allowed_amounts":[{"tin":{"type":"ein","value":"352544251"},"service_code":["24"],"billing_class":"professional","payments":[{"allowed_amount":377.29,"billing_code_modifier":[""],"providers":[{"billed_charge":472.50,"npi":[1184827255,1245239656,1255704060,1295763613,1316280142,1437615929,1477886406,1609163542,1649212580,1710151048,1750970869,1922660109]}]}]}]},{"name":"PSYCHIATRIC\/PSYCHOLOGICAL SVCS: PARTIAL HOSP - LES","billing_code_type":"RC","billing_code_type_version":"UB04","billing_code":"0912","description":"PSYCHIATRIC\/PSYCHOLOGICAL SVCS: PARTIAL HOSP - LES","allowed_amounts":[{"tin":{"type":"ein","value":"020584557"},"service_code":["53"],"billing_class":"institutional","payments":[{"allowed_amount":558.36,"billing_code_modifier":[""],"providers":[{"billed_charge":2100.00,"npi":[1356447460,1952857336]},{"billed_charge":2200.00,"npi":[1356447460,1730537754,1952857336]}]},{"allowed_amount":558.36,"billing_code_modifier":[""],"providers":[{"billed_charge":2100.00,"npi":[1356447460,1952857336]},{"billed_charge":2200.00,"npi":[1356447460,1730537754,1952857336]}]}]},{"tin":{"type":"ein","value":"020584557"},"service_code":["53"],"billing_class":"institutional","payments":[{"allowed_amount":558.36,"billing_code_modifier":[""],"providers":[{"billed_charge":2100.00,"npi":[1356447460,1952857336]},{"billed_charge":2200.00,"npi":[1356447460,1730537754,1952857336]}]},{"allowed_amount":558.36,"billing_code_modifier":[""],"providers":[{"billed_charge":2100.00,"npi":[1356447460,1952857336]},{"billed_charge":2200.00,"npi":[1356447460,1730537754,1952857336]}]}]}]},{"name":"SBSQ HOSPITAL IP\/OBS CARE HIGH MDM 50 MINUTES","billing_code_type":"CPT","billing_code_type_version":"2020","billing_code":"99233","description":"SBSQ HOSPITAL IP\/OBS CARE HIGH MDM 50 MINUTES","allowed_amounts":[{"tin":{"type":"ein","value":"452464437"},"service_code":["21"],"billing_class":"professional","payments":[{"allowed_amount":125.21,"billing_code_modifier":[""],"providers":[{"billed_charge":718.00,"npi":[1265818488,1568758266,1821085333]}]}]}]},{"name":"SBSQ HOSPITAL IP\/OBS CARE MOD MDM 35 MINUTES","billing_code_type":"CPT","billing_code_type_version":"2020","billing_code":"99232","description":"SBSQ HOSPITAL IP\/OBS CARE MOD MDM 35 MINUTES","allowed_amounts":[{"tin":{"type":"ein","value":"851201549"},"service_code":["21"],"billing_class":"professional","payments":[{"allowed_amount":69.83,"billing_code_modifier":[""],"providers":[{"billed_charge":69.83,"npi":[1063645778,1386267078,1649590050,1750040846,1851921571]}]}]}]}]}
