{"reporting_entity_name": "IEC Group_DBA AmeriBen",
	"reporting_entity_type": "Third Party Administrator",
	"plan_name": "JOANN STORES",
	"plan_id_type": "ein",
	"plan_id": "340720629",
	"plan_market_type": "group",
	"last_updated_on": "2023-12-01","Version": "1.0.0","out_of_network":[{"name":"PSYCHIATRIC\/PSYCHOLOGICAL SVCS: PARTIAL HOSP - LES","billing_code_type":"RC","billing_code_type_version":"UB04","billing_code":"0912","description":"PSYCHIATRIC\/PSYCHOLOGICAL SVCS: PARTIAL HOSP - LES","allowed_amounts":[{"tin":{"type":"ein","value":"852482442"},"service_code":["22"],"billing_class":"institutional","payments":[{"allowed_amount":551.07,"billing_code_modifier":[""],"providers":[{"billed_charge":2500.00,"npi":[1205429834]}]}]}]},{"name":"PSYCHIATRIC\/PSYCHOLOGICAL TRT: INTENSIVE OUT SERV","billing_code_type":"RC","billing_code_type_version":"UB04","billing_code":"0906","description":"PSYCHIATRIC\/PSYCHOLOGICAL TRT: INTENSIVE OUT SERV","allowed_amounts":[{"tin":{"type":"ein","value":"852482442"},"service_code":["22"],"billing_class":"institutional","payments":[{"allowed_amount":159.23,"billing_code_modifier":[""],"providers":[{"billed_charge":2000.00,"npi":[1205429834]}]}]}]}]}
