{"reporting_entity_name": "IEC Group_DBA AmeriBen",
	"reporting_entity_type": "Third Party Administrator",
	"plan_name": "ABA EMPLOYEE SERVICES",
	"issuer_name": "IEC Group_DBA AmeriBen",
	"plan_sponsor_name": "ABA EMPLOYEE SERVICES",
	"plan_id_type": "ein",
	"plan_id": "832007393",
	"plan_market_type": "group",
	"last_updated_on": "2026-02-01","reporting_period": {
		"start_date": "2025-08-05",
		"end_date": "2025-11-03"
	},"version": "2.0.0","out_of_network":[{"name":"1ST HOSPITAL IP\/OBS CARE MODERATE MDM 55 MINUTES","billing_code_type":"CPT","billing_code_type_version":"2020","billing_code":"99222","description":"1ST HOSPITAL IP\/OBS CARE MODERATE MDM 55 MINUTES","allowed_amounts":[{"tin":{"type":"ein","value":"261136137"},"service_code":["22"],"billing_class":"professional","setting":"outpatient","payments":[{"allowed_amount":164.08,"providers":[{"billed_charge":233.78,"npi":[1093973885,1477551489,1700556214]}]}]}]},{"name":"25 HYDROXY INCLUDES FRACTIONS IF PERFORMED","billing_code_type":"CPT","billing_code_type_version":"2020","billing_code":"82306","description":"25 HYDROXY INCLUDES FRACTIONS IF PERFORMED","allowed_amounts":[{"tin":{"type":"ein","value":"208473972"},"service_code":["81"],"billing_class":"professional","setting":"outpatient","payments":[{"allowed_amount":11.90,"providers":[{"billed_charge":273.95,"npi":[1215151154,1972090033]}]}]}]},{"name":"AMB SRVC ALS EMERG TRANSPORT LEVL 1","billing_code_type":"HCPCS","billing_code_type_version":"HCPCS LEVEL II 2021","billing_code":"A0427","description":"AMB SRVC ALS EMERG TRANSPORT LEVL 1","allowed_amounts":[{"tin":{"type":"ein","value":"356000972"},"service_code":["41"],"billing_class":"professional","setting":"outpatient","payments":[{"allowed_amount":405.45,"providers":[{"billed_charge":792.00,"npi":[1154325579]}]}]},{"tin":{"type":"ein","value":"383716596"},"service_code":["41"],"billing_class":"professional","setting":"outpatient","payments":[{"allowed_amount":688.49,"providers":[{"billed_charge":2900.00,"npi":[1720046188]}]}]}]},{"name":"ANESTHESIA UPPER GI ENDOSCOPIC PX NOS","billing_code_type":"CPT","billing_code_type_version":"2020","billing_code":"00731","description":"ANESTHESIA UPPER GI ENDOSCOPIC PX NOS","allowed_amounts":[{"tin":{"type":"ein","value":"471880184"},"service_code":["24"],"billing_class":"professional","setting":"outpatient","payments":[{"allowed_amount":301.65,"providers":[{"billed_charge":1494.00,"npi":[1053713743,1477715647,1780656801,1932192077]}]}]}]},{"name":"ASPA GENE ANALYSIS COMMON VARIANTS","billing_code_type":"CPT","billing_code_type_version":"2020","billing_code":"81200","description":"ASPA GENE ANALYSIS COMMON VARIANTS","allowed_amounts":[{"tin":{"type":"ein","value":"261343895"},"service_code":["81"],"billing_class":"professional","setting":"outpatient","payments":[{"allowed_amount":16.07,"providers":[{"billed_charge":148.00,"npi":[1063892396,1346450053]}]}]}]},{"name":"ASSAY OF FERRITIN","billing_code_type":"CPT","billing_code_type_version":"2020","billing_code":"82728","description":"ASSAY OF FERRITIN","allowed_amounts":[{"tin":{"type":"ein","value":"208473972"},"service_code":["81"],"billing_class":"professional","setting":"outpatient","payments":[{"allowed_amount":11.90,"providers":[{"billed_charge":263.97,"npi":[1215151154,1972090033]}]}]}]},{"name":"ASSAY OF FREE THYROXINE","billing_code_type":"CPT","billing_code_type_version":"2020","billing_code":"84439","description":"ASSAY OF FREE THYROXINE","allowed_amounts":[{"tin":{"type":"ein","value":"133757370"},"service_code":["81"],"billing_class":"professional","setting":"outpatient","payments":[{"allowed_amount":6.31,"providers":[{"billed_charge":76.77,"npi":[1538144910,1841869682]}]}]}]},{"name":"ASSAY OF GAMMAGLOBULIN IGA IGD IGG IGM EACH","billing_code_type":"CPT","billing_code_type_version":"2020","billing_code":"82784","description":"ASSAY OF GAMMAGLOBULIN IGA IGD IGG IGM EACH","allowed_amounts":[{"tin":{"type":"ein","value":"133757370"},"service_code":["81"],"billing_class":"professional","setting":"outpatient","payments":[{"allowed_amount":6.51,"providers":[{"billed_charge":73.85,"npi":[1538144910,1609106210]}]}]}]},{"name":"BLM GENE ANALYSIS 2281DEL6INS7 VARIANT","billing_code_type":"CPT","billing_code_type_version":"2020","billing_code":"81209","description":"BLM GENE ANALYSIS 2281DEL6INS7 VARIANT","allowed_amounts":[{"tin":{"type":"ein","value":"261343895"},"service_code":["81"],"billing_class":"professional","setting":"outpatient","payments":[{"allowed_amount":13.36,"providers":[{"billed_charge":148.00,"npi":[1063892396,1346450053]}]}]}]},{"name":"BLOOD COUNT COMPLETE AUTO&AUTO DIFRNTL WBC","billing_code_type":"CPT","billing_code_type_version":"2020","billing_code":"85025","description":"BLOOD COUNT COMPLETE AUTO&AUTO DIFRNTL WBC","allowed_amounts":[{"tin":{"type":"ein","value":"208473972"},"service_code":["81"],"billing_class":"professional","setting":"outpatient","payments":[{"allowed_amount":6.80,"providers":[{"billed_charge":370.44,"npi":[1215151154,1972090033]}]}]}]},{"name":"BREAST PUMP ELECTRIC ANY TYPE","billing_code_type":"HCPCS","billing_code_type_version":"HCPCS LEVEL II 2021","billing_code":"E0603","description":"BREAST PUMP ELECTRIC ANY TYPE","allowed_amounts":[{"tin":{"type":"ein","value":"464408166"},"service_code":["12"],"billing_class":"professional","setting":"outpatient","payments":[{"allowed_amount":80.75,"providers":[{"billed_charge":400.00,"npi":[1003462581]}]}]}]},{"name":"CFTR GENE ANALYSIS COMMON VARIANTS","billing_code_type":"CPT","billing_code_type_version":"2020","billing_code":"81220","description":"CFTR GENE ANALYSIS COMMON VARIANTS","allowed_amounts":[{"tin":{"type":"ein","value":"261343895"},"service_code":["81"],"billing_class":"professional","setting":"outpatient","payments":[{"allowed_amount":189.24,"providers":[{"billed_charge":960.00,"npi":[1063892396,1346450053]}]}]}]},{"name":"COLLECTION VENOUS BLOOD VENIPUNCTURE","billing_code_type":"CPT","billing_code_type_version":"2020","billing_code":"36415","description":"COLLECTION VENOUS BLOOD VENIPUNCTURE","allowed_amounts":[{"tin":{"type":"ein","value":"208473972"},"service_code":["81"],"billing_class":"professional","setting":"outpatient","payments":[{"allowed_amount":7.65,"providers":[{"billed_charge":98.71,"npi":[1215151154,1972090033]}]}]}]},{"name":"CYANOCOBALAMIN VITAMIN B-12","billing_code_type":"CPT","billing_code_type_version":"2020","billing_code":"82607","description":"CYANOCOBALAMIN VITAMIN B-12","allowed_amounts":[{"tin":{"type":"ein","value":"133757370"},"service_code":["81"],"billing_class":"professional","setting":"outpatient","payments":[{"allowed_amount":10.56,"providers":[{"billed_charge":116.55,"npi":[1538144910,1841869682]}]}]}]},{"name":"DETOXIFICATION","billing_code_type":"RC","billing_code_type_version":"UB04","billing_code":"0126","description":"DETOXIFICATION","allowed_amounts":[{"tin":{"type":"ein","value":"853525556"},"billing_class":"institutional","setting":"inpatient","payments":[{"allowed_amount":3447.00,"providers":[{"billed_charge":5745.00,"npi":[1326790262]}]}]}]},{"name":"DISP COL STO BAG BREAST MILK","billing_code_type":"HCPCS","billing_code_type_version":"HCPCS LEVEL II 2021","billing_code":"A4287","description":"DISP COL STO BAG BREAST MILK","allowed_amounts":[{"tin":{"type":"ein","value":"464408166"},"service_code":["12"],"billing_class":"professional","setting":"outpatient","payments":[{"allowed_amount":100.80,"providers":[{"billed_charge":180.00,"npi":[1003462581]}]}]}]},{"name":"DMD DUPLICATION\/DELETION ANALYSIS","billing_code_type":"CPT","billing_code_type_version":"2020","billing_code":"81161","description":"DMD DUPLICATION\/DELETION ANALYSIS","allowed_amounts":[{"tin":{"type":"ein","value":"261343895"},"service_code":["81"],"billing_class":"professional","setting":"outpatient","payments":[{"allowed_amount":94.86,"providers":[{"billed_charge":419.00,"npi":[1063892396,1346450053]}]}]}]},{"name":"EMERGENCY DEPARTMENT VISIT HIGH MDM","billing_code_type":"CPT","billing_code_type_version":"2020","billing_code":"99285","description":"EMERGENCY DEPARTMENT VISIT HIGH MDM","allowed_amounts":[{"tin":{"type":"ein","value":"200323858"},"service_code":["23"],"billing_class":"professional","setting":"outpatient","payments":[{"allowed_amount":233.75,"providers":[{"billed_charge":1388.00,"npi":[1013951219,1356419428]}]}]},{"tin":{"type":"ein","value":"200323858"},"service_code":["23"],"billing_class":"professional","setting":"outpatient","payments":[{"allowed_amount":275.01,"providers":[{"billed_charge":1126.00,"npi":[1013951219,1376596015]},{"billed_charge":1388.00,"npi":[1013951219,1164475711,1902822869]}]},{"allowed_amount":275.01,"providers":[{"billed_charge":1126.00,"npi":[1013951219,1376596015]},{"billed_charge":1388.00,"npi":[1013951219,1164475711,1902822869]}]}]},{"tin":{"type":"ein","value":"200323858"},"service_code":["23"],"billing_class":"professional","setting":"outpatient","payments":[{"allowed_amount":275.01,"providers":[{"billed_charge":1126.00,"npi":[1013951219,1376596015]},{"billed_charge":1388.00,"npi":[1013951219,1164475711,1902822869]}]},{"allowed_amount":275.01,"providers":[{"billed_charge":1126.00,"npi":[1013951219,1376596015]},{"billed_charge":1388.00,"npi":[1013951219,1164475711,1902822869]}]}]}]},{"name":"EMERGENCY DEPARTMENT VISIT MODERATE MDM","billing_code_type":"CPT","billing_code_type_version":"2020","billing_code":"99284","description":"EMERGENCY DEPARTMENT VISIT MODERATE MDM","allowed_amounts":[{"tin":{"type":"ein","value":"200323858"},"service_code":["23"],"billing_class":"professional","setting":"outpatient","payments":[{"allowed_amount":118.36,"providers":[{"billed_charge":957.00,"npi":[1013951219,1558736504]}]}]},{"tin":{"type":"ein","value":"200323858"},"service_code":["23"],"billing_class":"professional","setting":"outpatient","payments":[{"allowed_amount":142.23,"providers":[{"billed_charge":957.00,"npi":[1013951219,1184401978]}]}]},{"tin":{"type":"ein","value":"200323858"},"service_code":["23"],"billing_class":"professional","setting":"outpatient","payments":[{"allowed_amount":167.33,"providers":[{"billed_charge":957.00,"npi":[1013951219,1356419428]}]}]},{"tin":{"type":"ein","value":"200323858"},"service_code":["23"],"billing_class":"professional","setting":"outpatient","payments":[{"allowed_amount":189.53,"providers":[{"billed_charge":957.00,"npi":[1013951219,1861433138]}]}]},{"tin":{"type":"ein","value":"271369141"},"service_code":["23"],"billing_class":"professional","setting":"outpatient","payments":[{"allowed_amount":175.48,"providers":[{"billed_charge":874.00,"npi":[1295597789,1992432769]}]}]}]},{"name":"ENDOMYSIAL ANTIBODY EACH IMMUNOGLOBULIN CLASS","billing_code_type":"CPT","billing_code_type_version":"2020","billing_code":"86231","description":"ENDOMYSIAL ANTIBODY EACH IMMUNOGLOBULIN CLASS","allowed_amounts":[{"tin":{"type":"ein","value":"133757370"},"service_code":["81"],"billing_class":"professional","setting":"outpatient","payments":[{"allowed_amount":8.46,"providers":[{"billed_charge":136.85,"npi":[1538144910,1609106210]}]}]}]},{"name":"EXTERNAL ECG REC>48HR<7D SCANNING ALYS W\/REPORT","billing_code_type":"CPT","billing_code_type_version":"2020","billing_code":"93243","description":"EXTERNAL ECG REC>48HR<7D SCANNING ALYS W\/REPORT","allowed_amounts":[{"tin":{"type":"ein","value":"208149544"},"service_code":["11"],"billing_class":"professional","setting":"outpatient","payments":[{"allowed_amount":208.25,"providers":[{"billed_charge":595.00,"npi":[1578091724,1710130539]}]}]}]},{"name":"FANCC GENE ANALYSIS COMMON VARIANT","billing_code_type":"CPT","billing_code_type_version":"2020","billing_code":"81242","description":"FANCC GENE ANALYSIS COMMON VARIANT","allowed_amounts":[{"tin":{"type":"ein","value":"261343895"},"service_code":["81"],"billing_class":"professional","setting":"outpatient","payments":[{"allowed_amount":12.45,"providers":[{"billed_charge":200.00,"npi":[1063892396,1346450053]}]}]}]},{"name":"FETAL CHROMOSOMAL ANEUPLOIDY GENOMIC SEQ ANALYS","billing_code_type":"CPT","billing_code_type_version":"2020","billing_code":"81420","description":"FETAL CHROMOSOMAL ANEUPLOIDY GENOMIC SEQ ANALYS","allowed_amounts":[{"tin":{"type":"ein","value":"261343895"},"service_code":["81"],"billing_class":"professional","setting":"outpatient","payments":[{"allowed_amount":425.00,"providers":[{"billed_charge":1203.00,"npi":[1063892396,1346450053]}]}]}]},{"name":"GBA GLUCOSIDASE\/BETA\/ACID ANAL COMM VARIANTS","billing_code_type":"CPT","billing_code_type_version":"2020","billing_code":"81251","description":"GBA GLUCOSIDASE\/BETA\/ACID ANAL COMM VARIANTS","allowed_amounts":[{"tin":{"type":"ein","value":"261343895"},"service_code":["81"],"billing_class":"professional","setting":"outpatient","payments":[{"allowed_amount":16.07,"providers":[{"billed_charge":148.00,"npi":[1063892396,1346450053]}]}]}]},{"name":"GENERAL HEALTH PANEL","billing_code_type":"CPT","billing_code_type_version":"2020","billing_code":"80050","description":"GENERAL HEALTH PANEL","allowed_amounts":[{"tin":{"type":"ein","value":"133757370"},"service_code":["81"],"billing_class":"professional","setting":"outpatient","payments":[{"allowed_amount":24.87,"providers":[{"billed_charge":219.33,"npi":[1538144910,1841869682]}]}]}]},{"name":"GJB2 GENE ANALYSIS FULL GENE SEQUENCE","billing_code_type":"CPT","billing_code_type_version":"2020","billing_code":"81252","description":"GJB2 GENE ANALYSIS FULL GENE SEQUENCE","allowed_amounts":[{"tin":{"type":"ein","value":"261343895"},"service_code":["81"],"billing_class":"professional","setting":"outpatient","payments":[{"allowed_amount":34.38,"providers":[{"billed_charge":250.00,"npi":[1063892396,1346450053]}]}]}]},{"name":"GROUND MILEAGE","billing_code_type":"HCPCS","billing_code_type_version":"HCPCS LEVEL II 2021","billing_code":"A0425","description":"GROUND MILEAGE","allowed_amounts":[{"tin":{"type":"ein","value":"356000972"},"service_code":["41"],"billing_class":"professional","setting":"outpatient","payments":[{"allowed_amount":43.86,"providers":[{"billed_charge":162.36,"npi":[1154325579]}]}]},{"tin":{"type":"ein","value":"383716596"},"service_code":["41"],"billing_class":"professional","setting":"outpatient","payments":[{"allowed_amount":247.84,"providers":[{"billed_charge":624.00,"npi":[1720046188]}]}]}]},{"name":"HBA1\/HBA2 GENE ANALYSIS COMMON DELETIONS\/VARIANT","billing_code_type":"CPT","billing_code_type_version":"2020","billing_code":"81257","description":"HBA1\/HBA2 GENE ANALYSIS COMMON DELETIONS\/VARIANT","allowed_amounts":[{"tin":{"type":"ein","value":"261343895"},"service_code":["81"],"billing_class":"professional","setting":"outpatient","payments":[{"allowed_amount":34.77,"providers":[{"billed_charge":400.00,"npi":[1063892396,1346450053]}]}]}]},{"name":"HBB COMMON VARIANTS","billing_code_type":"CPT","billing_code_type_version":"2020","billing_code":"81361","description":"HBB COMMON VARIANTS","allowed_amounts":[{"tin":{"type":"ein","value":"261343895"},"service_code":["81"],"billing_class":"professional","setting":"outpatient","payments":[{"allowed_amount":59.43,"providers":[{"billed_charge":300.00,"npi":[1063892396,1346450053]}]}]}]},{"name":"HEMOGLOBIN GLYCOSYLATED A1C","billing_code_type":"CPT","billing_code_type_version":"2020","billing_code":"83036","description":"HEMOGLOBIN GLYCOSYLATED A1C","allowed_amounts":[{"tin":{"type":"ein","value":"133757370"},"service_code":["81"],"billing_class":"professional","setting":"outpatient","payments":[{"allowed_amount":6.80,"providers":[{"billed_charge":74.55,"npi":[1538144910,1841869682]}]}]}]},{"name":"HEXA GENE ANALYSIS COMMON VARIANTS","billing_code_type":"CPT","billing_code_type_version":"2020","billing_code":"81255","description":"HEXA GENE ANALYSIS COMMON VARIANTS","allowed_amounts":[{"tin":{"type":"ein","value":"261343895"},"service_code":["81"],"billing_class":"professional","setting":"outpatient","payments":[{"allowed_amount":47.44,"providers":[{"billed_charge":600.00,"npi":[1063892396,1346450053]}]}]}]},{"name":"HOSPITAL IP\/OBS DISCHARGE DAY MGMT > 30 MIN","billing_code_type":"CPT","billing_code_type_version":"2020","billing_code":"99239","description":"HOSPITAL IP\/OBS DISCHARGE DAY MGMT > 30 MIN","allowed_amounts":[{"tin":{"type":"ein","value":"261136137"},"service_code":["22"],"billing_class":"professional","setting":"outpatient","payments":[{"allowed_amount":119.33,"providers":[{"billed_charge":206.56,"npi":[1093973885,1477551489,1700556214]}]}]}]},{"name":"IAADIADOO STREPTOCOCCUS GROUP A","billing_code_type":"CPT","billing_code_type_version":"2020","billing_code":"87880","description":"IAADIADOO STREPTOCOCCUS GROUP A","allowed_amounts":[{"tin":{"type":"ein","value":"263086555"},"service_code":["20"],"billing_class":"professional","setting":"outpatient","payments":[{"allowed_amount":16.76,"providers":[{"billed_charge":80.00,"npi":[1265689111,1891442042]}]}]}]},{"name":"IADNA SARSCOV2 & INF A&B & RSV MULT AMP PROBE TQ","billing_code_type":"CPT","billing_code_type_version":"2020","billing_code":"87637","description":"IADNA SARSCOV2 & INF A&B & RSV MULT AMP PROBE TQ","allowed_amounts":[{"tin":{"type":"ein","value":"392598367"},"service_code":["81"],"billing_class":"professional","setting":"outpatient","payments":[{"allowed_amount":43.64,"providers":[{"billed_charge":320.00,"npi":[1124913256,1437504800]}]}]}]},{"name":"IADNA SARSCOV2& INF A&B MULT AMPLIFIED PROBE TQ","billing_code_type":"CPT","billing_code_type_version":"2020","billing_code":"87636","description":"IADNA SARSCOV2& INF A&B MULT AMPLIFIED PROBE TQ","allowed_amounts":[{"tin":{"type":"ein","value":"392598367"},"service_code":["81"],"billing_class":"professional","setting":"outpatient","payments":[{"allowed_amount":43.64,"providers":[{"billed_charge":300.00,"npi":[1124913256,1437504800]}]}]}]},{"name":"IKBKAP GENE ANALYSIS COMMON VARIANTS","billing_code_type":"CPT","billing_code_type_version":"2020","billing_code":"81260","description":"IKBKAP GENE ANALYSIS COMMON VARIANTS","allowed_amounts":[{"tin":{"type":"ein","value":"261343895"},"service_code":["81"],"billing_class":"professional","setting":"outpatient","payments":[{"allowed_amount":13.36,"providers":[{"billed_charge":168.00,"npi":[1063892396,1346450053]}]}]}]},{"name":"IM ADM PRQ ID SUBQ\/IM NJXS 1 VACCINE","billing_code_type":"CPT","billing_code_type_version":"2020","billing_code":"90471","description":"IM ADM PRQ ID SUBQ\/IM NJXS 1 VACCINE","allowed_amounts":[{"tin":{"type":"ein","value":"381359087"},"service_code":["11"],"billing_class":"professional","setting":"outpatient","payments":[{"allowed_amount":24.61,"providers":[{"billed_charge":32.00,"npi":[1417961137,1700367489]}]}]}]},{"name":"INITIAL PREVENTIVE MEDICINE NEW PT AGE 18-39YRS","billing_code_type":"CPT","billing_code_type_version":"2020","billing_code":"99385","description":"INITIAL PREVENTIVE MEDICINE NEW PT AGE 18-39YRS","allowed_amounts":[{"tin":{"type":"ein","value":"272039417"},"service_code":["11"],"billing_class":"professional","setting":"outpatient","payments":[{"allowed_amount":80.57,"providers":[{"billed_charge":210.00,"npi":[1144024571,1144513375]}]}]}]},{"name":"LIPID PANEL","billing_code_type":"CPT","billing_code_type_version":"2020","billing_code":"80061","description":"LIPID PANEL","allowed_amounts":[{"tin":{"type":"ein","value":"133757370"},"service_code":["81"],"billing_class":"professional","setting":"outpatient","payments":[{"allowed_amount":9.37,"providers":[{"billed_charge":108.15,"npi":[1538144910,1841869682]}]}]}]},{"name":"MCOLN1 MUCOLIPIN1 GENE ANALYSIS COMMON VARIANTS","billing_code_type":"CPT","billing_code_type_version":"2020","billing_code":"81290","description":"MCOLN1 MUCOLIPIN1 GENE ANALYSIS COMMON VARIANTS","allowed_amounts":[{"tin":{"type":"ein","value":"261343895"},"service_code":["81"],"billing_class":"professional","setting":"outpatient","payments":[{"allowed_amount":13.36,"providers":[{"billed_charge":148.00,"npi":[1063892396,1346450053]}]}]}]},{"name":"NFCT DS RNA 3 TARGETS UPPER RESPIRATORY SPECIMEN","billing_code_type":"CPT","billing_code_type_version":"2020","billing_code":"0240U","description":"NFCT DS RNA 3 TARGETS UPPER RESPIRATORY SPECIMEN","allowed_amounts":[{"tin":{"type":"ein","value":"392598367"},"service_code":["81"],"billing_class":"professional","setting":"outpatient","payments":[{"allowed_amount":43.64,"providers":[{"billed_charge":300.00,"npi":[1124913256,1437504800]}]}]}]},{"name":"OB CARE ANTEPARTUM VAG DLVR & POSTPARTUM","billing_code_type":"CPT","billing_code_type_version":"2020","billing_code":"59400","description":"OB CARE ANTEPARTUM VAG DLVR & POSTPARTUM","allowed_amounts":[{"tin":{"type":"ein","value":"861541811"},"service_code":["11"],"billing_class":"professional","setting":"outpatient","payments":[{"allowed_amount":1923.71,"providers":[{"billed_charge":3000.00,"npi":[1023487428]}]}]}]},{"name":"OFFICE\/OUTPATIENT ESTABLISHED LOW MDM 20 MIN","billing_code_type":"CPT","billing_code_type_version":"2020","billing_code":"99213","description":"OFFICE\/OUTPATIENT ESTABLISHED LOW MDM 20 MIN","allowed_amounts":[{"tin":{"type":"ein","value":"263086555"},"service_code":["20"],"billing_class":"professional","setting":"outpatient","payments":[{"allowed_amount":76.68,"providers":[{"billed_charge":256.00,"npi":[1265689111,1891442042]}]}]},{"tin":{"type":"ein","value":"272039417"},"service_code":["11"],"billing_class":"professional","setting":"outpatient","payments":[{"allowed_amount":29.29,"providers":[{"billed_charge":120.00,"npi":[1144024571,1144513375]}]}]},{"tin":{"type":"ein","value":"352113314"},"service_code":["11"],"billing_class":"professional","setting":"outpatient","payments":[{"allowed_amount":81.06,"providers":[{"billed_charge":125.00,"npi":[1134206576]}]}]},{"tin":{"type":"ein","value":"382878603"},"service_code":["11"],"billing_class":"professional","setting":"outpatient","payments":[{"allowed_amount":85.82,"providers":[{"billed_charge":99.00,"npi":[1639868961,1891778189]}]}]}]},{"name":"OFFICE\/OUTPATIENT ESTABLISHED MOD MDM 30 MIN","billing_code_type":"CPT","billing_code_type_version":"2020","billing_code":"99214","description":"OFFICE\/OUTPATIENT ESTABLISHED MOD MDM 30 MIN","allowed_amounts":[{"tin":{"type":"ein","value":"261826797"},"service_code":["11"],"billing_class":"professional","setting":"outpatient","payments":[{"allowed_amount":113.72,"providers":[{"billed_charge":150.00,"npi":[1033552310,1306835418]}]}]},{"tin":{"type":"ein","value":"461555497"},"service_code":["20"],"billing_class":"professional","setting":"outpatient","payments":[{"allowed_amount":17.72,"providers":[{"billed_charge":315.00,"npi":[1023650868,1942546890]}]}]}]},{"name":"OFFICE\/OUTPATIENT ESTABLISHED SF MDM 10 MIN","billing_code_type":"CPT","billing_code_type_version":"2020","billing_code":"99212","description":"OFFICE\/OUTPATIENT ESTABLISHED SF MDM 10 MIN","allowed_amounts":[{"tin":{"type":"ein","value":"382878603"},"service_code":["11"],"billing_class":"professional","setting":"outpatient","payments":[{"allowed_amount":54.61,"providers":[{"billed_charge":62.00,"npi":[1639868961,1891778189]}]}]}]},{"name":"PSYCHOTHERAPY W\/PATIENT 60 MINUTES","billing_code_type":"CPT","billing_code_type_version":"2020","billing_code":"90837","description":"PSYCHOTHERAPY W\/PATIENT 60 MINUTES","allowed_amounts":[{"tin":{"type":"ein","value":"861826692"},"service_code":["11"],"billing_class":"professional","setting":"outpatient","payments":[{"allowed_amount":129.95,"providers":[{"billed_charge":275.82,"npi":[1508336520,1790377489]}]}]}]},{"name":"RESIDENTIAL TREATMENT-PSYCHIATRIC","billing_code_type":"RC","billing_code_type_version":"UB04","billing_code":"1001","description":"RESIDENTIAL TREATMENT-PSYCHIATRIC","allowed_amounts":[{"tin":{"type":"ein","value":"853525556"},"billing_class":"institutional","setting":"inpatient","payments":[{"allowed_amount":725.00,"providers":[{"billed_charge":5125.00,"npi":[1326790262]}]}]},{"tin":{"type":"ein","value":"853525556"},"billing_class":"institutional","setting":"inpatient","payments":[{"allowed_amount":1793.75,"providers":[{"billed_charge":5125.00,"npi":[1326790262]}]}]}]},{"name":"RHO(D) IMMUNE GLOBULIN HUMAN FULL-DOSE IM","billing_code_type":"CPT","billing_code_type_version":"2020","billing_code":"90384","description":"RHO(D) IMMUNE GLOBULIN HUMAN FULL-DOSE IM","allowed_amounts":[{"tin":{"type":"ein","value":"861541811"},"service_code":["11"],"billing_class":"professional","setting":"outpatient","payments":[{"allowed_amount":0.00,"providers":[{"billed_charge":150.00,"npi":[1023487428]}]}]}]},{"name":"SMN1 GENE ANALYSIS DOSAGE\/DELET ALYS W\/SMN2 ALYS","billing_code_type":"CPT","billing_code_type_version":"2020","billing_code":"81329","description":"SMN1 GENE ANALYSIS DOSAGE\/DELET ALYS W\/SMN2 ALYS","allowed_amounts":[{"tin":{"type":"ein","value":"261343895"},"service_code":["81"],"billing_class":"professional","setting":"outpatient","payments":[{"allowed_amount":46.58,"providers":[{"billed_charge":400.00,"npi":[1063892396,1346450053]}]}]}]},{"name":"SMPD1 GENE ANALYSIS COMMON VARIANTS","billing_code_type":"CPT","billing_code_type_version":"2020","billing_code":"81330","description":"SMPD1 GENE ANALYSIS COMMON VARIANTS","allowed_amounts":[{"tin":{"type":"ein","value":"261343895"},"service_code":["81"],"billing_class":"professional","setting":"outpatient","payments":[{"allowed_amount":15.98,"providers":[{"billed_charge":148.00,"npi":[1063892396,1346450053]}]}]}]},{"name":"SYNCHRONOUS AUDIO-ONLY VISIT NEW SF MDM 15 MIN","billing_code_type":"CPT","billing_code_type_version":"2020","billing_code":"98008","description":"SYNCHRONOUS AUDIO-ONLY VISIT NEW SF MDM 15 MIN","allowed_amounts":[{"tin":{"type":"ein","value":"201020949"},"service_code":["10"],"billing_class":"professional","setting":"outpatient","payments":[{"allowed_amount":35.47,"providers":[{"billed_charge":65.00,"npi":[1245403567,1982683421]}]}]}]},{"name":"TDAP VACCINE 7 YRS\/> IM","billing_code_type":"CPT","billing_code_type_version":"2020","billing_code":"90715","description":"TDAP VACCINE 7 YRS\/> IM","allowed_amounts":[{"tin":{"type":"ein","value":"381359087"},"service_code":["11"],"billing_class":"professional","setting":"outpatient","payments":[{"allowed_amount":47.39,"providers":[{"billed_charge":55.00,"npi":[1417961137,1700367489]}]}]}]},{"name":"TISSUE TRANSGLUTAMINASE EA IMMUNOGLOBULIN CLASS","billing_code_type":"CPT","billing_code_type_version":"2020","billing_code":"86364","description":"TISSUE TRANSGLUTAMINASE EA IMMUNOGLOBULIN CLASS","allowed_amounts":[{"tin":{"type":"ein","value":"133757370"},"service_code":["81"],"billing_class":"professional","setting":"outpatient","payments":[{"allowed_amount":8.07,"providers":[{"billed_charge":147.35,"npi":[1538144910,1609106210]}]}]}]},{"name":"URNLS DIP STICK\/TABLET RGNT AUTO W\/O MICROSCOPY","billing_code_type":"CPT","billing_code_type_version":"2020","billing_code":"81003","description":"URNLS DIP STICK\/TABLET RGNT AUTO W\/O MICROSCOPY","allowed_amounts":[{"tin":{"type":"ein","value":"461555497"},"service_code":["20"],"billing_class":"professional","setting":"outpatient","payments":[{"allowed_amount":0.34,"providers":[{"billed_charge":10.00,"npi":[1023650868,1942546890]}]}]}]}]}
