{"reporting_entity_name": "IEC Group_DBA AmeriBen",
	"reporting_entity_type": "Third Party Administrator",
	"plan_name": "HonorHealth Health Plan",
	"plan_id_type": "ein",
	"plan_id": "860181654",
	"plan_market_type": "group",
	"last_updated_on": "2023-09-01","Version": "1.0.0","out_of_network":[{"name":"CCPD OPD\/HOME: CCPD COMP OR OTHER RATE","billing_code_type":"RC","billing_code_type_version":"UB04","billing_code":"0851","description":"CCPD OPD\/HOME: CCPD COMP OR OTHER RATE","allowed_amounts":[{"tin":{"type":"ein","value":"261443057"},"service_code":["65"],"billing_class":"institutional","payments":[{"allowed_amount":351.07,"billing_code_modifier":[""],"providers":[{"billed_charge":3374.00,"npi":[1578746277,1710919246]}]}]},{"tin":{"type":"ein","value":"261443057"},"service_code":["65"],"billing_class":"institutional","payments":[{"allowed_amount":351.08,"billing_code_modifier":[""],"providers":[{"billed_charge":3374.00,"npi":[1578746277,1710919246]}]}]}]},{"name":"CT ABDOMEN & PELVIS W\/CONTRAST MATERIAL","billing_code_type":"CPT","billing_code_type_version":"2020","billing_code":"74177","description":"CT ABDOMEN & PELVIS W\/CONTRAST MATERIAL","allowed_amounts":[{"tin":{"type":"ein","value":"845116186"},"service_code":["21","22","23"],"billing_class":"professional","payments":[{"allowed_amount":117.61,"billing_code_modifier":[""],"providers":[{"billed_charge":1337.00,"npi":[1033745708,1053822908,1164470621,1164809471,1184613168,1205033248,1235564865,1265063010,1316110356,1326481102,1437611860,1457664427,1497101489,1528169125,1528689874,1548259526,1588893374,1629416458,1639185580,1639531536,1639583974,1740250323,1750344107,1770690695,1801886932,1922050004,1922747724,1992192959]}]}]},{"tin":{"type":"ein","value":"845116186"},"service_code":["21","22","23"],"billing_class":"professional","payments":[{"allowed_amount":122.32,"billing_code_modifier":[""],"providers":[{"billed_charge":1215.00,"npi":[1033745708,1205033248,1225006109,1235330754,1265063010,1407318934,1417921677,1447505839,1497101489,1528169125,1669056933,1770690695,1790284776,1952549644]}]}]}]},{"name":"CT ABDOMEN & PELVIS W\/O CONTRAST MATERIAL","billing_code_type":"CPT","billing_code_type_version":"2020","billing_code":"74176","description":"CT ABDOMEN & PELVIS W\/O CONTRAST MATERIAL","allowed_amounts":[{"tin":{"type":"ein","value":"845116186"},"service_code":["21","22","23"],"billing_class":"professional","payments":[{"allowed_amount":112.57,"billing_code_modifier":[""],"providers":[{"billed_charge":1278.00,"npi":[1033745708,1164470621,1174715726,1184613168,1265675060,1326022765,1447505839,1528169125,1598754533,1730529306,1760996383,1770690695,1821309261,1861481806,1891080982,1932149986]}]}]}]},{"name":"CT HEAD\/BRAIN W\/O CONTRAST MATERIAL","billing_code_type":"CPT","billing_code_type_version":"2020","billing_code":"70450","description":"CT HEAD\/BRAIN W\/O CONTRAST MATERIAL","allowed_amounts":[{"tin":{"type":"ein","value":"845116186"},"service_code":["23"],"billing_class":"professional","payments":[{"allowed_amount":54.74,"billing_code_modifier":[""],"providers":[{"billed_charge":504.00,"npi":[1023143302,1033745708,1164470621,1184937021,1194714154,1245286673,1245736321,1265063010,1326091786,1376594507,1528169125,1578925566,1639117146,1639531536,1760916209,1831326552,1861481806]}]}]}]},{"name":"DRUGS REQUIRE SPECIFIC ID: DRUGS REQUIRING DETAIL","billing_code_type":"RC","billing_code_type_version":"UB04","billing_code":"0636","description":"DRUGS REQUIRE SPECIFIC ID: DRUGS REQUIRING DETAIL","allowed_amounts":[{"tin":{"type":"ein","value":"261443057"},"service_code":["65"],"billing_class":"institutional","payments":[{"allowed_amount":8.20,"billing_code_modifier":[""],"providers":[{"billed_charge":145.65,"npi":[1023002946,1932353950]}]}]},{"tin":{"type":"ein","value":"261443057"},"service_code":["65"],"billing_class":"institutional","payments":[{"allowed_amount":8.40,"billing_code_modifier":[""],"providers":[{"billed_charge":145.65,"npi":[1023002946,1932353950]}]}]}]},{"name":"DRUGS REQUIRE SPECIFIC ID: EPO UNDER 10,000 UNITS","billing_code_type":"RC","billing_code_type_version":"UB04","billing_code":"0634","description":"DRUGS REQUIRE SPECIFIC ID: EPO UNDER 10,000 UNITS","allowed_amounts":[{"tin":{"type":"ein","value":"261443057"},"service_code":["65"],"billing_class":"institutional","payments":[{"allowed_amount":11.96,"billing_code_modifier":[""],"providers":[{"billed_charge":212.70,"npi":[1023002946,1932353950]}]}]}]},{"name":"DUP-SCAN XTR VEINS COMPLETE BILATERAL STUDY","billing_code_type":"CPT","billing_code_type_version":"2020","billing_code":"93970","description":"DUP-SCAN XTR VEINS COMPLETE BILATERAL STUDY","allowed_amounts":[{"tin":{"type":"ein","value":"845116186"},"service_code":["19","21","22","23"],"billing_class":"professional","payments":[{"allowed_amount":44.58,"billing_code_modifier":[""],"providers":[{"billed_charge":607.00,"npi":[1033745708,1164470621,1215998588,1265675060,1326091786,1548259526,1558937847,1568452357,1740630474,1770690695,1790340776]}]}]}]},{"name":"EMERGENCY DEPARTMENT VISIT MODERATE MDM","billing_code_type":"CPT","billing_code_type_version":"2020","billing_code":"99284","description":"EMERGENCY DEPARTMENT VISIT MODERATE MDM","allowed_amounts":[{"tin":{"type":"ein","value":"352574944"},"service_code":["23"],"billing_class":"professional","payments":[{"allowed_amount":201.34,"billing_code_modifier":[""],"providers":[{"billed_charge":1196.00,"npi":[1144607722,1265818488,1548276991,1649355702,1700328663]}]}]},{"tin":{"type":"ein","value":"814399995"},"service_code":["23"],"billing_class":"professional","payments":[{"allowed_amount":201.34,"billing_code_modifier":[""],"providers":[{"billed_charge":895.00,"npi":[1083165849,1205378171,1245772870,1467424986,1477531549,1598086688,1821211988]}]}]},{"tin":{"type":"ein","value":"823394691"},"service_code":["23"],"billing_class":"professional","payments":[{"allowed_amount":201.34,"billing_code_modifier":[""],"providers":[{"billed_charge":1893.58,"npi":[1023090099,1154898435,1689170813]}]}]},{"tin":{"type":"ein","value":"860415065"},"service_code":["23"],"billing_class":"professional","payments":[{"allowed_amount":201.34,"billing_code_modifier":[""],"providers":[{"billed_charge":1227.00,"npi":[1619312824]}]}]},{"tin":{"type":"ein","value":"873202637"},"service_code":["23"],"billing_class":"professional","payments":[{"allowed_amount":201.34,"billing_code_modifier":[""],"providers":[{"billed_charge":786.00,"npi":[1174512792,1396714465]}]}]}]},{"name":"MEDICAL\/SURGICAL SUPPLIES","billing_code_type":"RC","billing_code_type_version":"UB04","billing_code":"0270","description":"MEDICAL\/SURGICAL SUPPLIES","allowed_amounts":[{"tin":{"type":"ein","value":"860441493"},"service_code":["65"],"billing_class":"institutional","payments":[{"allowed_amount":2.67,"billing_code_modifier":[""],"providers":[{"billed_charge":142.00,"npi":[1124130927,1912920992]}]}]},{"tin":{"type":"ein","value":"860441493"},"service_code":["65"],"billing_class":"institutional","payments":[{"allowed_amount":2.74,"billing_code_modifier":[""],"providers":[{"billed_charge":142.00,"npi":[1124130927,1912920992]}]}]},{"tin":{"type":"ein","value":"860441493"},"service_code":["65"],"billing_class":"institutional","payments":[{"allowed_amount":3.32,"billing_code_modifier":[""],"providers":[{"billed_charge":142.00,"npi":[1124130927,1912920992]}]}]},{"tin":{"type":"ein","value":"860441493"},"service_code":["65"],"billing_class":"institutional","payments":[{"allowed_amount":4.01,"billing_code_modifier":[""],"providers":[{"billed_charge":142.00,"npi":[1124130927,1912920992]}]}]},{"tin":{"type":"ein","value":"860441493"},"service_code":["65"],"billing_class":"institutional","payments":[{"allowed_amount":4.88,"billing_code_modifier":[""],"providers":[{"billed_charge":142.00,"npi":[1124130927,1912920992]}]}]}]},{"name":"PHARMACY","billing_code_type":"RC","billing_code_type_version":"UB04","billing_code":"0250","description":"PHARMACY","allowed_amounts":[{"tin":{"type":"ein","value":"261443057"},"service_code":["65"],"billing_class":"institutional","payments":[{"allowed_amount":0.05,"billing_code_modifier":[""],"providers":[{"billed_charge":0.90,"npi":[1023002946,1932353950]}]}]},{"tin":{"type":"ein","value":"261443057"},"service_code":["65"],"billing_class":"institutional","payments":[{"allowed_amount":0.07,"billing_code_modifier":[""],"providers":[{"billed_charge":1.30,"npi":[1023002946,1932353950]}]}]}]},{"name":"RADIOLOGIC EXAM CHEST 2 VIEWS","billing_code_type":"CPT","billing_code_type_version":"2020","billing_code":"71046","description":"RADIOLOGIC EXAM CHEST 2 VIEWS","allowed_amounts":[{"tin":{"type":"ein","value":"845116186"},"service_code":["19","22"],"billing_class":"professional","payments":[{"allowed_amount":14.14,"billing_code_modifier":[""],"providers":[{"billed_charge":162.00,"npi":[1023370053,1033745708,1164470621,1205033248,1316497654,1336249473,1417375197,1528169125,1548259526,1659310530,1770690695,1851393433,1881818029]}]}]}]},{"name":"RADIOLOGIC EXAM CHEST SINGLE VIEW","billing_code_type":"CPT","billing_code_type_version":"2020","billing_code":"71045","description":"RADIOLOGIC EXAM CHEST SINGLE VIEW","allowed_amounts":[{"tin":{"type":"ein","value":"845116186"},"service_code":["21"],"billing_class":"professional","payments":[{"allowed_amount":12.36,"billing_code_modifier":[""],"providers":[{"billed_charge":126.00,"npi":[1033745708,1164699765,1184937021,1194047134,1235330754,1235417551,1265400154,1376027557,1376594507,1386659795,1407318934,1457664427,1457673915,1528169125,1548259526,1760471700,1770879835,1801886932,1912351230,1982613097]}]}]},{"tin":{"type":"ein","value":"845116186"},"service_code":["21","22","23"],"billing_class":"professional","payments":[{"allowed_amount":11.84,"billing_code_modifier":[""],"providers":[{"billed_charge":139.00,"npi":[1003805052,1023143302,1033745708,1093322661,1144287327,1154963387,1164470621,1164809471,1184613168,1205033248,1235564865,1245736321,1265063010,1265675060,1285041509,1285183681,1316916331,1326022765,1326425463,1376594507,1376862888,1457664427,1457715773,1497101489,1508278235,1528169125,1528385945,1538149745,1548259526,1558350264,1568807824,1588695936,1598086365,1598754533,1598771099,1639117146,1730529306,1760916209,1770690695,1790340776,1831326552,1881818029,1891080982,1891864849,1922050004,1952457566,1952549644,1952621864]}]}]}]},{"name":"THORACENTESIS NEEDLE\/CATH PLEURA W\/IMAGING","billing_code_type":"CPT","billing_code_type_version":"2020","billing_code":"32555","description":"THORACENTESIS NEEDLE\/CATH PLEURA W\/IMAGING","allowed_amounts":[{"tin":{"type":"ein","value":"845116186"},"service_code":["21","22"],"billing_class":"professional","payments":[{"allowed_amount":425.88,"billing_code_modifier":[""],"providers":[{"billed_charge":2137.00,"npi":[1033745708,1164496030,1528169125,1609144633,1639583974,1750392528,1861529174,1902199813,1922331511]}]}]}]}]}
