{"reporting_entity_name": "IEC Group_DBA AmeriBen",
	"reporting_entity_type": "Third Party Administrator",
	"plan_name": "COAST ALUMINUM, INC.",
	"plan_id_type": "ein",
	"plan_id": "943146270",
	"plan_market_type": "group",
	"last_updated_on": "2025-06-01","Version": "1.0.0","out_of_network":[{"name":"HEMO OPD\/HOME: HEMODIALYSIS COMP OR OTHER RATE","billing_code_type":"RC","billing_code_type_version":"UB04","billing_code":"0821","description":"HEMO OPD\/HOME: HEMODIALYSIS COMP OR OTHER RATE","allowed_amounts":[{"tin":{"type":"ein","value":"330488354"},"service_code":["65"],"billing_class":"institutional","payments":[{"allowed_amount":459.14,"billing_code_modifier":[""],"providers":[{"billed_charge":800.00,"npi":[1477645786,1841201738]}]}]},{"tin":{"type":"ein","value":"330488354"},"service_code":["65"],"billing_class":"institutional","payments":[{"allowed_amount":488.14,"billing_code_modifier":[""],"providers":[{"billed_charge":800.00,"npi":[1477645786,1841201738]}]}]}]}]}
