{"reporting_entity_name": "IEC Group_DBA AmeriBen",
	"reporting_entity_type": "Third Party Administrator",
	"plan_name": "CONCORDIA PLAN SERVICES",
	"plan_id_type": "ein",
	"plan_id": "710986725",
	"plan_market_type": "group",
	"last_updated_on": "2024-07-01","Version": "1.0.0","out_of_network":[{"name":"CHIROPRACTIC MANIPULATIVE TX SPINAL 1-2 REGIONS","billing_code_type":"CPT","billing_code_type_version":"2020","billing_code":"98940","description":"CHIROPRACTIC MANIPULATIVE TX SPINAL 1-2 REGIONS","allowed_amounts":[{"tin":{"type":"ein","value":"202033073"},"service_code":["11"],"billing_class":"professional","payments":[{"allowed_amount":14.70,"billing_code_modifier":[""],"providers":[{"billed_charge":50.00,"npi":[1295032035,1649288689]}]}]}]},{"name":"PSYCHIATRIC\/PSYCHOLOGICAL TRT: INTENSIVE OUTPATIEN","billing_code_type":"RC","billing_code_type_version":"UB04","billing_code":"0905","description":"PSYCHIATRIC\/PSYCHOLOGICAL TRT: INTENSIVE OUTPATIEN","allowed_amounts":[{"tin":{"type":"ein","value":"852831756"},"service_code":["99"],"billing_class":"institutional","payments":[{"allowed_amount":114.45,"billing_code_modifier":[""],"providers":[{"billed_charge":2995.00,"npi":[1598364887,1801816764]}]}]}]},{"name":"SBSQ HOSPITAL IP\/OBS CARE HIGH MDM 50 MINUTES","billing_code_type":"CPT","billing_code_type_version":"2020","billing_code":"99233","description":"SBSQ HOSPITAL IP\/OBS CARE HIGH MDM 50 MINUTES","allowed_amounts":[{"tin":{"type":"ein","value":"271661214"},"service_code":["21"],"billing_class":"professional","payments":[{"allowed_amount":119.69,"billing_code_modifier":[""],"providers":[{"billed_charge":718.00,"npi":[1043598865,1205210887,1396935888,1578729471,1598835308]}]}]}]},{"name":"SBSQ HOSPITAL IP\/OBS CARE MOD MDM 35 MINUTES","billing_code_type":"CPT","billing_code_type_version":"2020","billing_code":"99232","description":"SBSQ HOSPITAL IP\/OBS CARE MOD MDM 35 MINUTES","allowed_amounts":[{"tin":{"type":"ein","value":"271661214"},"service_code":["21"],"billing_class":"professional","payments":[{"allowed_amount":85.84,"billing_code_modifier":[""],"providers":[{"billed_charge":500.00,"npi":[1043598865,1396935888,1528336294,1588637516,1598835308,1700174562]}]}]}]},{"name":"SELF-CARE\/HOME MGMT TRAINING EACH 15 MINUTES","billing_code_type":"CPT","billing_code_type_version":"2020","billing_code":"97535","description":"SELF-CARE\/HOME MGMT TRAINING EACH 15 MINUTES","allowed_amounts":[{"tin":{"type":"ein","value":"264518929"},"service_code":["02"],"billing_class":"professional","payments":[{"allowed_amount":50.00,"billing_code_modifier":[""],"providers":[{"billed_charge":90.00,"npi":[1417919929,1477953792,1639805682]},{"billed_charge":100.00,"npi":[1417919929,1477953792,1639805682]}]},{"allowed_amount":50.00,"billing_code_modifier":[""],"providers":[{"billed_charge":90.00,"npi":[1417919929,1477953792,1639805682]},{"billed_charge":100.00,"npi":[1417919929,1477953792,1639805682]}]}]},{"tin":{"type":"ein","value":"264518929"},"service_code":["02"],"billing_class":"professional","payments":[{"allowed_amount":50.00,"billing_code_modifier":[""],"providers":[{"billed_charge":90.00,"npi":[1417919929,1477953792,1639805682]},{"billed_charge":100.00,"npi":[1417919929,1477953792,1639805682]}]},{"allowed_amount":50.00,"billing_code_modifier":[""],"providers":[{"billed_charge":90.00,"npi":[1417919929,1477953792,1639805682]},{"billed_charge":100.00,"npi":[1417919929,1477953792,1639805682]}]}]}]},{"name":"THERAPEUTIC PX 1\/> AREAS EACH 15 MIN EXERCISES","billing_code_type":"CPT","billing_code_type_version":"2020","billing_code":"97110","description":"THERAPEUTIC PX 1\/> AREAS EACH 15 MIN EXERCISES","allowed_amounts":[{"tin":{"type":"ein","value":"202033073"},"service_code":["11"],"billing_class":"professional","payments":[{"allowed_amount":40.00,"billing_code_modifier":[""],"providers":[{"billed_charge":40.00,"npi":[1295032035,1649288689]}]}]}]},{"name":"TX SPEECH LANG VOICE COMMJ &\/AUDITORY PROC IND","billing_code_type":"CPT","billing_code_type_version":"2020","billing_code":"92507","description":"TX SPEECH LANG VOICE COMMJ &\/AUDITORY PROC IND","allowed_amounts":[{"tin":{"type":"ein","value":"264518929"},"service_code":["02"],"billing_class":"professional","payments":[{"allowed_amount":120.00,"billing_code_modifier":[""],"providers":[{"billed_charge":300.00,"npi":[1417919929,1477953792,1639805682]}]}]}]}]}
