{"reporting_entity_name": "IEC Group_DBA AmeriBen",
	"reporting_entity_type": "Third Party Administrator",
	"plan_name": "US ECOLOGY HOLDINGS, INC",
	"plan_id_type": "ein",
	"plan_id": "953889638",
	"plan_market_type": "group",
	"last_updated_on": "2022-08-01","Version": "1.0.0","out_of_network":[{"name":"IAADIADOO SEVERE AQT RESPIR SYND CORONAVIRUS","billing_code_type":"CPT","billing_code_type_version":"2020","billing_code":"87811","description":"IAADIADOO SEVERE AQT RESPIR SYND CORONAVIRUS","allowed_amounts":[{"tin":{"type":"ein","value":"844333441"},"service_code":["11"],"billing_class":"professional","payments":[{"allowed_amount":144.00,"billing_code_modifier":[""],"providers":[{"billed_charge":179.00,"npi":[1025345665,1477649168,1871106278]},{"billed_charge":380.00,"npi":[1025345665,1477649168,1871106278]}]},{"allowed_amount":144.00,"billing_code_modifier":[""],"providers":[{"billed_charge":179.00,"npi":[1025345665,1477649168,1871106278]},{"billed_charge":380.00,"npi":[1025345665,1477649168,1871106278]}]}]},{"tin":{"type":"ein","value":"844333441"},"service_code":["11"],"billing_class":"professional","payments":[{"allowed_amount":144.00,"billing_code_modifier":[""],"providers":[{"billed_charge":179.00,"npi":[1025345665,1477649168,1871106278]},{"billed_charge":380.00,"npi":[1025345665,1477649168,1871106278]}]},{"allowed_amount":144.00,"billing_code_modifier":[""],"providers":[{"billed_charge":179.00,"npi":[1025345665,1477649168,1871106278]},{"billed_charge":380.00,"npi":[1025345665,1477649168,1871106278]}]}]}]},{"name":"INFEC AGEN DETEC AMPLI PROBE","billing_code_type":"HCPCS","billing_code_type_version":"HCPCS LEVEL II 2021","billing_code":"U0005","description":"INFEC AGEN DETEC AMPLI PROBE","allowed_amounts":[{"tin":{"type":"ein","value":"113272376"},"service_code":["81"],"billing_class":"professional","payments":[{"allowed_amount":25.00,"billing_code_modifier":[""],"providers":[{"billed_charge":25.00,"npi":[1578520649]}]}]},{"tin":{"type":"ein","value":"133619259"},"service_code":["81"],"billing_class":"professional","payments":[{"allowed_amount":25.00,"billing_code_modifier":[""],"providers":[{"billed_charge":50.00,"npi":[1376645135]}]}]},{"tin":{"type":"ein","value":"133757370"},"service_code":["81"],"billing_class":"professional","payments":[{"allowed_amount":25.00,"billing_code_modifier":[""],"providers":[{"billed_charge":25.00,"npi":[1063497451]}]}]},{"tin":{"type":"ein","value":"203734391"},"service_code":["81"],"billing_class":"professional","payments":[{"allowed_amount":25.00,"billing_code_modifier":[""],"providers":[{"billed_charge":50.00,"npi":[1053584482]}]}]},{"tin":{"type":"ein","value":"455329313"},"service_code":["20"],"billing_class":"professional","payments":[{"allowed_amount":25.00,"billing_code_modifier":[""],"providers":[{"billed_charge":35.00,"npi":[1073032207]}]}]},{"tin":{"type":"ein","value":"462909664"},"service_code":["81"],"billing_class":"professional","payments":[{"allowed_amount":25.00,"billing_code_modifier":[""],"providers":[{"billed_charge":25.00,"npi":[1003244880]}]}]},{"tin":{"type":"ein","value":"464429957"},"service_code":["11"],"billing_class":"professional","payments":[{"allowed_amount":25.00,"billing_code_modifier":[""],"providers":[{"billed_charge":75.00,"npi":[1790191633]}]}]},{"tin":{"type":"ein","value":"465330784"},"service_code":["81"],"billing_class":"professional","payments":[{"allowed_amount":25.00,"billing_code_modifier":[""],"providers":[{"billed_charge":75.00,"npi":[1932586427]}]}]},{"tin":{"type":"ein","value":"472462178"},"service_code":["81"],"billing_class":"professional","payments":[{"allowed_amount":25.00,"billing_code_modifier":[""],"providers":[{"billed_charge":50.00,"npi":[1144731605,1508484569,1962018374]}]}]},{"tin":{"type":"ein","value":"473727159"},"service_code":["81"],"billing_class":"professional","payments":[{"allowed_amount":25.00,"billing_code_modifier":[""],"providers":[{"billed_charge":25.00,"npi":[1025345665,1396417473,1912521568]}]}]},{"tin":{"type":"ein","value":"811008582"},"service_code":["81"],"billing_class":"professional","payments":[{"allowed_amount":25.00,"billing_code_modifier":[""],"providers":[{"billed_charge":35.00,"npi":[1659726487]}]}]},{"tin":{"type":"ein","value":"820973231"},"service_code":["81"],"billing_class":"professional","payments":[{"allowed_amount":25.00,"billing_code_modifier":[""],"providers":[{"billed_charge":25.00,"npi":[1205362522]}]}]},{"tin":{"type":"ein","value":"831498938"},"service_code":["81"],"billing_class":"professional","payments":[{"allowed_amount":25.00,"billing_code_modifier":[""],"providers":[{"billed_charge":25.00,"npi":[1528539459]}]}]},{"tin":{"type":"ein","value":"843447582"},"service_code":["81"],"billing_class":"professional","payments":[{"allowed_amount":25.00,"billing_code_modifier":[""],"providers":[{"billed_charge":50.00,"npi":[1346696648]}]}]},{"tin":{"type":"ein","value":"852459399"},"service_code":["81"],"billing_class":"professional","payments":[{"allowed_amount":25.00,"billing_code_modifier":[""],"providers":[{"billed_charge":25.00,"npi":[1891398251]}]}]},{"tin":{"type":"ein","value":"852766187"},"service_code":["81"],"billing_class":"professional","payments":[{"allowed_amount":25.00,"billing_code_modifier":[""],"providers":[{"billed_charge":50.00,"npi":[1255946869]}]}]},{"tin":{"type":"ein","value":"853253201"},"service_code":["81"],"billing_class":"professional","payments":[{"allowed_amount":25.00,"billing_code_modifier":[""],"providers":[{"billed_charge":25.00,"npi":[1982202453]}]}]},{"tin":{"type":"ein","value":"853720606"},"service_code":["81"],"billing_class":"professional","payments":[{"allowed_amount":25.00,"billing_code_modifier":[""],"providers":[{"billed_charge":30.00,"npi":[1366045932]}]}]},{"tin":{"type":"ein","value":"862097450"},"service_code":["81"],"billing_class":"professional","payments":[{"allowed_amount":25.00,"billing_code_modifier":[""],"providers":[{"billed_charge":62.50,"npi":[1033880224]}]}]},{"tin":{"type":"ein","value":"880099333"},"service_code":["81"],"billing_class":"professional","payments":[{"allowed_amount":25.00,"billing_code_modifier":[""],"providers":[{"billed_charge":25.00,"npi":[1043256886]}]}]},{"tin":{"type":"ein","value":"880241758"},"service_code":["81"],"billing_class":"professional","payments":[{"allowed_amount":25.00,"billing_code_modifier":[""],"providers":[{"billed_charge":25.00,"npi":[1124417357]}]}]}]},{"name":"MANUAL THERAPY TQS 1\/> REGIONS EACH 15 MINUTES","billing_code_type":"CPT","billing_code_type_version":"2020","billing_code":"97140","description":"MANUAL THERAPY TQS 1\/> REGIONS EACH 15 MINUTES","allowed_amounts":[{"tin":{"type":"ein","value":"113577538"},"service_code":["11"],"billing_class":"professional","payments":[{"allowed_amount":50.00,"billing_code_modifier":[""],"providers":[{"billed_charge":50.00,"npi":[1639145964]}]}]}]},{"name":"SARS-COV-2 COVID-19 AMP PRB HTT","billing_code_type":"HCPCS","billing_code_type_version":"HCPCS LEVEL II 2021","billing_code":"U0003","description":"SARS-COV-2 COVID-19 AMP PRB HTT","allowed_amounts":[{"tin":{"type":"ein","value":"113272376"},"service_code":["81"],"billing_class":"professional","payments":[{"allowed_amount":75.00,"billing_code_modifier":[""],"providers":[{"billed_charge":100.00,"npi":[1578520649]}]}]},{"tin":{"type":"ein","value":"133619259"},"service_code":["81"],"billing_class":"professional","payments":[{"allowed_amount":75.00,"billing_code_modifier":[""],"providers":[{"billed_charge":150.00,"npi":[1376645135]}]}]},{"tin":{"type":"ein","value":"133757370"},"service_code":["81"],"billing_class":"professional","payments":[{"allowed_amount":75.00,"billing_code_modifier":[""],"providers":[{"billed_charge":100.00,"npi":[1063497451]}]}]},{"tin":{"type":"ein","value":"203734391"},"service_code":["81"],"billing_class":"professional","payments":[{"allowed_amount":75.00,"billing_code_modifier":[""],"providers":[{"billed_charge":200.00,"npi":[1053584482]}]}]},{"tin":{"type":"ein","value":"455329313"},"service_code":["20"],"billing_class":"professional","payments":[{"allowed_amount":75.00,"billing_code_modifier":[""],"providers":[{"billed_charge":150.00,"npi":[1073032207]}]}]},{"tin":{"type":"ein","value":"464429957"},"service_code":["11"],"billing_class":"professional","payments":[{"allowed_amount":75.00,"billing_code_modifier":[""],"providers":[{"billed_charge":250.00,"npi":[1790191633]}]}]},{"tin":{"type":"ein","value":"472462178"},"service_code":["81"],"billing_class":"professional","payments":[{"allowed_amount":125.00,"billing_code_modifier":[""],"providers":[{"billed_charge":250.00,"npi":[1144731605,1508484569,1962018374]}]}]},{"tin":{"type":"ein","value":"473727159"},"service_code":["81"],"billing_class":"professional","payments":[{"allowed_amount":125.00,"billing_code_modifier":[""],"providers":[{"billed_charge":125.00,"npi":[1025345665,1396417473,1912521568]}]}]},{"tin":{"type":"ein","value":"820973231"},"service_code":["81"],"billing_class":"professional","payments":[{"allowed_amount":75.00,"billing_code_modifier":[""],"providers":[{"billed_charge":195.00,"npi":[1205362522]}]}]},{"tin":{"type":"ein","value":"862097450"},"service_code":["81"],"billing_class":"professional","payments":[{"allowed_amount":75.00,"billing_code_modifier":[""],"providers":[{"billed_charge":187.50,"npi":[1033880224]}]}]},{"tin":{"type":"ein","value":"880099333"},"service_code":["81"],"billing_class":"professional","payments":[{"allowed_amount":75.00,"billing_code_modifier":[""],"providers":[{"billed_charge":100.00,"npi":[1043256886]}]}]},{"tin":{"type":"ein","value":"880241758"},"service_code":["81"],"billing_class":"professional","payments":[{"allowed_amount":75.00,"billing_code_modifier":[""],"providers":[{"billed_charge":100.00,"npi":[1124417357]}]}]}]},{"name":"SPECIMEN COLLECT COVID-19","billing_code_type":"HCPCS","billing_code_type_version":"HCPCS LEVEL II 2021","billing_code":"G2023","description":"SPECIMEN COLLECT COVID-19","allowed_amounts":[{"tin":{"type":"ein","value":"133619259"},"service_code":["81"],"billing_class":"professional","payments":[{"allowed_amount":0.00,"billing_code_modifier":[""],"providers":[{"billed_charge":46.92,"npi":[1376645135]}]}]},{"tin":{"type":"ein","value":"464429957"},"service_code":["11"],"billing_class":"professional","payments":[{"allowed_amount":0.00,"billing_code_modifier":[""],"providers":[{"billed_charge":65.00,"npi":[1790191633]}]}]},{"tin":{"type":"ein","value":"475502891"},"service_code":["81"],"billing_class":"professional","payments":[{"allowed_amount":0.00,"billing_code_modifier":[""],"providers":[{"billed_charge":50.00,"npi":[1851992127,1902840283]}]}]},{"tin":{"type":"ein","value":"811008582"},"service_code":["81"],"billing_class":"professional","payments":[{"allowed_amount":0.00,"billing_code_modifier":[""],"providers":[{"billed_charge":25.00,"npi":[1659726487]}]}]},{"tin":{"type":"ein","value":"814189529"},"service_code":["11"],"billing_class":"professional","payments":[{"allowed_amount":0.00,"billing_code_modifier":[""],"providers":[{"billed_charge":281.52,"npi":[1255879763]}]}]},{"tin":{"type":"ein","value":"820973231"},"service_code":["81"],"billing_class":"professional","payments":[{"allowed_amount":0.00,"billing_code_modifier":[""],"providers":[{"billed_charge":5.00,"npi":[1205362522]},{"billed_charge":65.00,"npi":[1205362522]}]},{"allowed_amount":0.00,"billing_code_modifier":[""],"providers":[{"billed_charge":5.00,"npi":[1205362522]},{"billed_charge":65.00,"npi":[1205362522]}]}]},{"tin":{"type":"ein","value":"820973231"},"service_code":["81"],"billing_class":"professional","payments":[{"allowed_amount":0.00,"billing_code_modifier":[""],"providers":[{"billed_charge":5.00,"npi":[1205362522]},{"billed_charge":65.00,"npi":[1205362522]}]},{"allowed_amount":0.00,"billing_code_modifier":[""],"providers":[{"billed_charge":5.00,"npi":[1205362522]},{"billed_charge":65.00,"npi":[1205362522]}]}]},{"tin":{"type":"ein","value":"831342609"},"service_code":["81"],"billing_class":"professional","payments":[{"allowed_amount":0.00,"billing_code_modifier":[""],"providers":[{"billed_charge":50.00,"npi":[1073101028,1487815387]}]}]},{"tin":{"type":"ein","value":"831498938"},"service_code":["81"],"billing_class":"professional","payments":[{"allowed_amount":0.00,"billing_code_modifier":[""],"providers":[{"billed_charge":26.00,"npi":[1528539459]}]}]},{"tin":{"type":"ein","value":"843447582"},"service_code":["81"],"billing_class":"professional","payments":[{"allowed_amount":0.00,"billing_code_modifier":[""],"providers":[{"billed_charge":100.00,"npi":[1346696648]}]}]},{"tin":{"type":"ein","value":"844333441"},"service_code":["11"],"billing_class":"professional","payments":[{"allowed_amount":0.00,"billing_code_modifier":[""],"providers":[{"billed_charge":50.00,"npi":[1025345665,1477649168,1871106278]}]}]},{"tin":{"type":"ein","value":"850758148"},"service_code":["81"],"billing_class":"professional","payments":[{"allowed_amount":0.00,"billing_code_modifier":[""],"providers":[{"billed_charge":35.00,"npi":[1538835939]}]}]},{"tin":{"type":"ein","value":"852364612"},"service_code":["81"],"billing_class":"professional","payments":[{"allowed_amount":0.00,"billing_code_modifier":[""],"providers":[{"billed_charge":70.00,"npi":[1790386746]}]}]},{"tin":{"type":"ein","value":"852766187"},"service_code":["81"],"billing_class":"professional","payments":[{"allowed_amount":0.00,"billing_code_modifier":[""],"providers":[{"billed_charge":47.00,"npi":[1255946869]}]}]},{"tin":{"type":"ein","value":"862097450"},"service_code":["81"],"billing_class":"professional","payments":[{"allowed_amount":0.00,"billing_code_modifier":[""],"providers":[{"billed_charge":58.65,"npi":[1033880224]}]}]}]}]}
