{"reporting_entity_name": "IEC Group_DBA AmeriBen",
	"reporting_entity_type": "Third Party Administrator",
	"plan_name": "GKN SINTER METALS LLC",
	"plan_id_type": "ein",
	"plan_id": "383354796",
	"plan_market_type": "group",
	"last_updated_on": "2023-04-03","Version": "1.0.0","out_of_network":[{"name":"LABORATORY - CLINICAL DIAGNOSTIC","billing_code_type":"RC","billing_code_type_version":"UB04","billing_code":"0300","description":"LABORATORY - CLINICAL DIAGNOSTIC","allowed_amounts":[{"tin":{"type":"ein","value":"834459154"},"service_code":["22"],"billing_class":"institutional","payments":[{"allowed_amount":74.57,"billing_code_modifier":[""],"providers":[{"billed_charge":1200.00,"npi":[1275964991,1497715353]}]}]}]},{"name":"PSYCHIATRIC\/PSYCHOLOGICAL TRT: INTENSIVE OUT SERV","billing_code_type":"RC","billing_code_type_version":"UB04","billing_code":"0906","description":"PSYCHIATRIC\/PSYCHOLOGICAL TRT: INTENSIVE OUT SERV","allowed_amounts":[{"tin":{"type":"ein","value":"834459154"},"service_code":["22"],"billing_class":"institutional","payments":[{"allowed_amount":98.23,"billing_code_modifier":[""],"providers":[{"billed_charge":1795.00,"npi":[1275964991,1497715353]}]}]},{"tin":{"type":"ein","value":"834459154"},"service_code":["22"],"billing_class":"institutional","payments":[{"allowed_amount":306.74,"billing_code_modifier":[""],"providers":[{"billed_charge":1795.00,"npi":[1275964991,1497715353]}]}]}]},{"name":"PSYCHOTHERAPY W\/PATIENT 45 MINUTES","billing_code_type":"CPT","billing_code_type_version":"2020","billing_code":"90834","description":"PSYCHOTHERAPY W\/PATIENT 45 MINUTES","allowed_amounts":[{"tin":{"type":"ein","value":"871911990"},"service_code":["02","11"],"billing_class":"professional","payments":[{"allowed_amount":118.68,"billing_code_modifier":[""],"providers":[{"billed_charge":150.00,"npi":[1689184921]}]}]}]}]}
