{"reporting_entity_name": "IEC Group_DBA AmeriBen",
	"reporting_entity_type": "Third Party Administrator",
	"plan_name": "WORTHINGTON STEEL, INC",
	"plan_id_type": "ein",
	"plan_id": "922632000",
	"plan_market_type": "group",
	"last_updated_on": "2024-08-01","Version": "1.0.0","out_of_network":[{"name":"DETOXIFICATION","billing_code_type":"RC","billing_code_type_version":"UB04","billing_code":"0126","description":"DETOXIFICATION","allowed_amounts":[{"tin":{"type":"ein","value":"872084062"},"service_code":["21"],"billing_class":"institutional","payments":[{"allowed_amount":3000.00,"billing_code_modifier":[""],"providers":[{"billed_charge":6000.00,"npi":[1184384786,1699906750]}]}]}]},{"name":"RESIDENTIAL TREATMENT-CHEMICAL DEPENDENCY","billing_code_type":"RC","billing_code_type_version":"UB04","billing_code":"1002","description":"RESIDENTIAL TREATMENT-CHEMICAL DEPENDENCY","allowed_amounts":[{"tin":{"type":"ein","value":"854051262"},"service_code":["21"],"billing_class":"institutional","payments":[{"allowed_amount":2000.00,"billing_code_modifier":[""],"providers":[{"billed_charge":7500.00,"npi":[1437722014,1932472883]}]}]}]},{"name":"SBSQ HOSPITAL IP\/OBS CARE SF\/LOW MDM 25 MINUTES","billing_code_type":"CPT","billing_code_type_version":"2020","billing_code":"99231","description":"SBSQ HOSPITAL IP\/OBS CARE SF\/LOW MDM 25 MINUTES","allowed_amounts":[{"tin":{"type":"ein","value":"320052079"},"service_code":["21"],"billing_class":"professional","payments":[{"allowed_amount":34.44,"billing_code_modifier":[""],"providers":[{"billed_charge":122.39,"npi":[1407995822,1710983812,1790781300]}]}]}]}]}
