{"reporting_entity_name": "IEC Group_DBA AmeriBen",
	"reporting_entity_type": "Third Party Administrator",
	"plan_name": "HUNTINGTON BANCSHARES",
	"plan_id_type": "ein",
	"plan_id": "310724920",
	"plan_market_type": "group",
	"last_updated_on": "2023-05-01","Version": "1.0.0","out_of_network":[{"name":"2019-NCOV CORONAVIRUS SARS-COV-2\/COVID-19 ANY T","billing_code_type":"HCPCS","billing_code_type_version":"HCPCS LEVEL II 2021","billing_code":"U0004","description":"2019-NCOV CORONAVIRUS SARS-COV-2\/COVID-19 ANY T","allowed_amounts":[{"tin":{"type":"ein","value":"831342609"},"service_code":["81"],"billing_class":"professional","payments":[{"allowed_amount":350.00,"billing_code_modifier":[""],"providers":[{"billed_charge":350.00,"npi":[1053541581,1073101028,1356913446,1487815387]}]}]},{"tin":{"type":"ein","value":"880906795"},"service_code":["81"],"billing_class":"professional","payments":[{"allowed_amount":75.00,"billing_code_modifier":[""],"providers":[{"billed_charge":300.00,"npi":[1265182984,1710913876]}]}]},{"tin":{"type":"ein","value":"431580575"},"service_code":["81"],"billing_class":"professional","payments":[{"allowed_amount":75.00,"billing_code_modifier":[""],"providers":[{"billed_charge":200.00,"npi":[1033239413]}]}]},{"tin":{"type":"ein","value":"463342144"},"service_code":["81"],"billing_class":"professional","payments":[{"allowed_amount":75.00,"billing_code_modifier":[""],"providers":[{"billed_charge":350.00,"npi":[1053541581,1417355678,1487815387]}]}]}]},{"name":"APPL MODALITY 1\/> AREAS ELEC STIMJ UNATTENDED","billing_code_type":"CPT","billing_code_type_version":"2020","billing_code":"97014","description":"APPL MODALITY 1\/> AREAS ELEC STIMJ UNATTENDED","allowed_amounts":[{"tin":{"type":"ein","value":"311362475"},"service_code":["11"],"billing_class":"professional","payments":[{"allowed_amount":9.41,"billing_code_modifier":[""],"providers":[{"billed_charge":35.00,"npi":[1497788319,1992001283]}]}]},{"tin":{"type":"ein","value":"341942790"},"service_code":["11"],"billing_class":"professional","payments":[{"allowed_amount":9.41,"billing_code_modifier":[""],"providers":[{"billed_charge":30.00,"npi":[1417172263,1700801198]}]}]},{"tin":{"type":"ein","value":"462062561"},"service_code":["11"],"billing_class":"professional","payments":[{"allowed_amount":9.41,"billing_code_modifier":[""],"providers":[{"billed_charge":25.00,"npi":[1235138629,1750724407]}]}]}]},{"name":"APPL MODALITY 1\/> AREAS TRACTION MECHANICAL","billing_code_type":"CPT","billing_code_type_version":"2020","billing_code":"97012","description":"APPL MODALITY 1\/> AREAS TRACTION MECHANICAL","allowed_amounts":[{"tin":{"type":"ein","value":"311362475"},"service_code":["11"],"billing_class":"professional","payments":[{"allowed_amount":5.14,"billing_code_modifier":[""],"providers":[{"billed_charge":30.00,"npi":[1497788319,1992001283]}]}]}]},{"name":"CHIROPRACTIC MANIPLTV TX EXTRASPINAL 1\/> REGION","billing_code_type":"CPT","billing_code_type_version":"2020","billing_code":"98943","description":"CHIROPRACTIC MANIPLTV TX EXTRASPINAL 1\/> REGION","allowed_amounts":[{"tin":{"type":"ein","value":"311362475"},"service_code":["11"],"billing_class":"professional","payments":[{"allowed_amount":15.79,"billing_code_modifier":[""],"providers":[{"billed_charge":49.00,"npi":[1497788319,1992001283]}]}]}]},{"name":"CHIROPRACTIC MANIPULATIVE TX SPINAL 3-4 REGIONS","billing_code_type":"CPT","billing_code_type_version":"2020","billing_code":"98941","description":"CHIROPRACTIC MANIPULATIVE TX SPINAL 3-4 REGIONS","allowed_amounts":[{"tin":{"type":"ein","value":"261140185"},"service_code":["11"],"billing_class":"professional","payments":[{"allowed_amount":23.28,"billing_code_modifier":[""],"providers":[{"billed_charge":85.00,"npi":[1033395439,1346265493]}]}]},{"tin":{"type":"ein","value":"311362475"},"service_code":["11"],"billing_class":"professional","payments":[{"allowed_amount":23.28,"billing_code_modifier":[""],"providers":[{"billed_charge":70.00,"npi":[1497788319,1992001283]}]}]},{"tin":{"type":"ein","value":"341942790"},"service_code":["11"],"billing_class":"professional","payments":[{"allowed_amount":23.28,"billing_code_modifier":[""],"providers":[{"billed_charge":55.00,"npi":[1417172263,1700801198]}]}]},{"tin":{"type":"ein","value":"462062561"},"service_code":["11"],"billing_class":"professional","payments":[{"allowed_amount":23.28,"billing_code_modifier":[""],"providers":[{"billed_charge":60.00,"npi":[1235138629,1750724407]}]}]}]},{"name":"DRUGS REQUIRE SPECIFIC ID: DRUGS REQUIRING DETAIL","billing_code_type":"RC","billing_code_type_version":"UB04","billing_code":"0636","description":"DRUGS REQUIRE SPECIFIC ID: DRUGS REQUIRING DETAIL","allowed_amounts":[{"tin":{"type":"ein","value":"830921220"},"service_code":["65"],"billing_class":"institutional","payments":[{"allowed_amount":1.98,"billing_code_modifier":[""],"providers":[{"billed_charge":70.15,"npi":[1336110592,1720574064]}]}]},{"tin":{"type":"ein","value":"830921220"},"service_code":["65"],"billing_class":"institutional","payments":[{"allowed_amount":2.30,"billing_code_modifier":[""],"providers":[{"billed_charge":70.15,"npi":[1336110592,1720574064]}]}]},{"tin":{"type":"ein","value":"830921220"},"service_code":["65"],"billing_class":"institutional","payments":[{"allowed_amount":15.28,"billing_code_modifier":[""],"providers":[{"billed_charge":540.72,"npi":[1336110592,1720574064]}]}]},{"tin":{"type":"ein","value":"830921220"},"service_code":["65"],"billing_class":"institutional","payments":[{"allowed_amount":17.75,"billing_code_modifier":[""],"providers":[{"billed_charge":540.72,"npi":[1336110592,1720574064]}]}]}]},{"name":"HEMO OPD\/HOME: HEMODIALYSIS COMP OR OTHER RATE","billing_code_type":"RC","billing_code_type_version":"UB04","billing_code":"0821","description":"HEMO OPD\/HOME: HEMODIALYSIS COMP OR OTHER RATE","allowed_amounts":[{"tin":{"type":"ein","value":"830921220"},"service_code":["65"],"billing_class":"institutional","payments":[{"allowed_amount":226.40,"billing_code_modifier":[""],"providers":[{"billed_charge":8010.89,"npi":[1336110592,1720574064]}]}]},{"tin":{"type":"ein","value":"830921220"},"service_code":["65"],"billing_class":"institutional","payments":[{"allowed_amount":262.97,"billing_code_modifier":[""],"providers":[{"billed_charge":8010.89,"npi":[1336110592,1720574064]}]}]}]},{"name":"IA DET NA;SEV AC RES SYND SARS-COV-2 COVID-19","billing_code_type":"HCPCS","billing_code_type_version":"HCPCS LEVEL II 2021","billing_code":"U0005","description":"IA DET NA;SEV AC RES SYND SARS-COV-2 COVID-19","allowed_amounts":[{"tin":{"type":"ein","value":"473727159"},"service_code":["81"],"billing_class":"professional","payments":[{"allowed_amount":25.00,"billing_code_modifier":[""],"providers":[{"billed_charge":25.00,"npi":[1447382270,1912521568]}]}]},{"tin":{"type":"ein","value":"831342609"},"service_code":["81"],"billing_class":"professional","payments":[{"allowed_amount":25.00,"billing_code_modifier":[""],"providers":[{"billed_charge":100.00,"npi":[1053541581,1073101028,1356913446,1487815387]}]}]},{"tin":{"type":"ein","value":"874135119"},"service_code":["81"],"billing_class":"professional","payments":[{"allowed_amount":25.00,"billing_code_modifier":[""],"providers":[{"billed_charge":37.50,"npi":[1275288409,1881121929]}]}]},{"tin":{"type":"ein","value":"880241758"},"service_code":["81"],"billing_class":"professional","payments":[{"allowed_amount":25.00,"billing_code_modifier":[""],"providers":[{"billed_charge":25.00,"npi":[1053316364,1124417357,1265444855,1730150848,1821068420]}]}]},{"tin":{"type":"ein","value":"880906795"},"service_code":["81"],"billing_class":"professional","payments":[{"allowed_amount":25.00,"billing_code_modifier":[""],"providers":[{"billed_charge":100.00,"npi":[1265182984,1710913876]}]}]},{"tin":{"type":"ein","value":"133934292"},"service_code":["81"],"billing_class":"professional","payments":[{"allowed_amount":25.00,"billing_code_modifier":[""],"providers":[{"billed_charge":100.00,"npi":[1134316441,1215053962,1942873484]}]}]},{"tin":{"type":"ein","value":"201236503"},"service_code":["81"],"billing_class":"professional","payments":[{"allowed_amount":25.00,"billing_code_modifier":[""],"providers":[{"billed_charge":50.00,"npi":[1174624043,1225110497]}]}]},{"tin":{"type":"ein","value":"271855523"},"service_code":["81"],"billing_class":"professional","payments":[{"allowed_amount":25.00,"billing_code_modifier":[""],"providers":[{"billed_charge":75.00,"npi":[1225541014,1336464668]}]}]},{"tin":{"type":"ein","value":"431580575"},"service_code":["81"],"billing_class":"professional","payments":[{"allowed_amount":25.00,"billing_code_modifier":[""],"providers":[{"billed_charge":25.00,"npi":[1033239413]}]}]},{"tin":{"type":"ein","value":"463342144"},"service_code":["81"],"billing_class":"professional","payments":[{"allowed_amount":25.00,"billing_code_modifier":[""],"providers":[{"billed_charge":100.00,"npi":[1053541581,1417355678,1487815387]}]}]},{"tin":{"type":"ein","value":"465135063"},"service_code":["81"],"billing_class":"professional","payments":[{"allowed_amount":25.00,"billing_code_modifier":[""],"providers":[{"billed_charge":80.00,"npi":[1366544405,1538570528]}]}]},{"tin":{"type":"ein","value":"465589889"},"service_code":["81"],"billing_class":"professional","payments":[{"allowed_amount":25.00,"billing_code_modifier":[""],"providers":[{"billed_charge":62.50,"npi":[1508275082]}]}]}]},{"name":"IAAD IA SEVERE AQT RESPIR SYND CORONAVIRUS","billing_code_type":"CPT","billing_code_type_version":"2020","billing_code":"87426","description":"IAAD IA SEVERE AQT RESPIR SYND CORONAVIRUS","allowed_amounts":[{"tin":{"type":"ein","value":"852564108"},"service_code":["11"],"billing_class":"professional","payments":[{"allowed_amount":272.00,"billing_code_modifier":[""],"providers":[{"billed_charge":272.00,"npi":[1053901256,1639311509]}]}]}]},{"name":"IADNA NOS AMPLIFIED PROBE TQ EACH ORGANISM","billing_code_type":"CPT","billing_code_type_version":"2020","billing_code":"87798","description":"IADNA NOS AMPLIFIED PROBE TQ EACH ORGANISM","allowed_amounts":[{"tin":{"type":"ein","value":"561565047"},"service_code":["81"],"billing_class":"professional","payments":[{"allowed_amount":14.73,"billing_code_modifier":[""],"providers":[{"billed_charge":60.22,"npi":[1053645531,1073591822,1548467038]}]}]},{"tin":{"type":"ein","value":"561565047"},"service_code":["81"],"billing_class":"professional","payments":[{"allowed_amount":26.32,"billing_code_modifier":[""],"providers":[{"billed_charge":60.22,"npi":[1073591822,1285673301]}]}]}]},{"name":"IADNA SARS-COV-2 COVID-19 AMPLIFIED PROBE TQ","billing_code_type":"CPT","billing_code_type_version":"2020","billing_code":"87635","description":"IADNA SARS-COV-2 COVID-19 AMPLIFIED PROBE TQ","allowed_amounts":[{"tin":{"type":"ein","value":"851144017"},"service_code":["20"],"billing_class":"professional","payments":[{"allowed_amount":51.31,"billing_code_modifier":[""],"providers":[{"billed_charge":130.00,"npi":[1033609656,1295316602,1699330811]}]}]},{"tin":{"type":"ein","value":"361924025"},"service_code":["81"],"billing_class":"professional","payments":[{"allowed_amount":51.31,"billing_code_modifier":[""],"providers":[{"billed_charge":100.00,"npi":[1053316364,1154344729,1255346391,1396939906,1427063452,1477728541,1598770547,1972518900,1982688024]}]}]}]},{"name":"INF AGT DET DNA\/RNA;SARS-COV-2 COVID-19 AMP P T","billing_code_type":"HCPCS","billing_code_type_version":"HCPCS LEVEL II 2021","billing_code":"U0003","description":"INF AGT DET DNA\/RNA;SARS-COV-2 COVID-19 AMP P T","allowed_amounts":[{"tin":{"type":"ein","value":"473727159"},"service_code":["81"],"billing_class":"professional","payments":[{"allowed_amount":75.00,"billing_code_modifier":[""],"providers":[{"billed_charge":125.00,"npi":[1447382270,1912521568]}]}]},{"tin":{"type":"ein","value":"850602662"},"service_code":["81"],"billing_class":"professional","payments":[{"allowed_amount":75.00,"billing_code_modifier":[""],"providers":[{"billed_charge":150.00,"npi":[1881215622,1982964664]}]}]},{"tin":{"type":"ein","value":"874135119"},"service_code":["81"],"billing_class":"professional","payments":[{"allowed_amount":75.00,"billing_code_modifier":[""],"providers":[{"billed_charge":112.50,"npi":[1275288409,1881121929]}]}]},{"tin":{"type":"ein","value":"880241758"},"service_code":["81"],"billing_class":"professional","payments":[{"allowed_amount":75.00,"billing_code_modifier":[""],"providers":[{"billed_charge":100.00,"npi":[1053316364,1124417357,1265444855,1730150848,1821068420]}]}]},{"tin":{"type":"ein","value":"999999999"},"service_code":["11"],"billing_class":"professional","payments":[{"allowed_amount":75.00,"billing_code_modifier":[""],"providers":[{"billed_charge":100.00,"npi":[1407019045,1467030536]}]}]},{"tin":{"type":"ein","value":"133934292"},"service_code":["81"],"billing_class":"professional","payments":[{"allowed_amount":75.00,"billing_code_modifier":[""],"providers":[{"billed_charge":300.00,"npi":[1134316441,1215053962,1942873484]}]}]},{"tin":{"type":"ein","value":"201236503"},"service_code":["81"],"billing_class":"professional","payments":[{"allowed_amount":75.00,"billing_code_modifier":[""],"providers":[{"billed_charge":100.00,"npi":[1174624043,1225110497]}]}]},{"tin":{"type":"ein","value":"271855523"},"service_code":["81"],"billing_class":"professional","payments":[{"allowed_amount":75.00,"billing_code_modifier":[""],"providers":[{"billed_charge":225.00,"npi":[1225541014,1336464668]}]}]},{"tin":{"type":"ein","value":"465135063"},"service_code":["81"],"billing_class":"professional","payments":[{"allowed_amount":75.00,"billing_code_modifier":[""],"providers":[{"billed_charge":200.00,"npi":[1366544405,1538570528]}]}]}]},{"name":"LABORATORY - CLINICAL DIAGNOSTIC: NONROUTINE DIALY","billing_code_type":"RC","billing_code_type_version":"UB04","billing_code":"0304","description":"LABORATORY - CLINICAL DIAGNOSTIC: NONROUTINE DIALY","allowed_amounts":[{"tin":{"type":"ein","value":"830921220"},"service_code":["65"],"billing_class":"institutional","payments":[{"allowed_amount":3.08,"billing_code_modifier":[""],"providers":[{"billed_charge":93.81,"npi":[1336110592,1720574064]}]}]}]},{"name":"MEDICAL\/SURGICAL SUPPLIES","billing_code_type":"RC","billing_code_type_version":"UB04","billing_code":"0270","description":"MEDICAL\/SURGICAL SUPPLIES","allowed_amounts":[{"tin":{"type":"ein","value":"830921220"},"service_code":["65"],"billing_class":"institutional","payments":[{"allowed_amount":3.82,"billing_code_modifier":[""],"providers":[{"billed_charge":135.24,"npi":[1336110592,1720574064]}]}]},{"tin":{"type":"ein","value":"830921220"},"service_code":["65"],"billing_class":"institutional","payments":[{"allowed_amount":4.44,"billing_code_modifier":[""],"providers":[{"billed_charge":135.24,"npi":[1336110592,1720574064]}]}]}]},{"name":"OFFICE\/OUTPATIENT ESTABLISHED LOW MDM 20-29 MIN","billing_code_type":"CPT","billing_code_type_version":"2020","billing_code":"99213","description":"OFFICE\/OUTPATIENT ESTABLISHED LOW MDM 20-29 MIN","allowed_amounts":[{"tin":{"type":"ein","value":"810616720"},"service_code":["11"],"billing_class":"professional","payments":[{"allowed_amount":53.89,"billing_code_modifier":[""],"providers":[{"billed_charge":134.00,"npi":[1275028490,1598776916]}]}]},{"tin":{"type":"ein","value":"851265167"},"service_code":["11"],"billing_class":"professional","payments":[{"allowed_amount":53.89,"billing_code_modifier":[""],"providers":[{"billed_charge":150.00,"npi":[1386373041,1669413241]}]}]},{"tin":{"type":"ein","value":"872941935"},"service_code":["11"],"billing_class":"professional","payments":[{"allowed_amount":53.89,"billing_code_modifier":[""],"providers":[{"billed_charge":975.00,"npi":[1013656180,1225528334]}]}]},{"tin":{"type":"ein","value":"873956544"},"service_code":["11"],"billing_class":"professional","payments":[{"allowed_amount":53.89,"billing_code_modifier":[""],"providers":[{"billed_charge":135.00,"npi":[1285616722]}]}]},{"tin":{"type":"ein","value":"311351965"},"service_code":["11"],"billing_class":"professional","payments":[{"allowed_amount":53.89,"billing_code_modifier":[""],"providers":[{"billed_charge":126.00,"npi":[1114158813,1295296978,1316365968,1376004879,1407048085,1528177714,1578545273,1700367869,1861981094,1922510130]}]}]},{"tin":{"type":"ein","value":"311382442"},"service_code":["11"],"billing_class":"professional","payments":[{"allowed_amount":53.89,"billing_code_modifier":[""],"providers":[{"billed_charge":133.00,"npi":[1215339684,1356384143]},{"billed_charge":200.00,"npi":[1215339684,1356384143,1841897089]}]},{"allowed_amount":53.89,"billing_code_modifier":[""],"providers":[{"billed_charge":133.00,"npi":[1215339684,1356384143]},{"billed_charge":200.00,"npi":[1215339684,1356384143,1841897089]}]}]},{"tin":{"type":"ein","value":"311382442"},"service_code":["11"],"billing_class":"professional","payments":[{"allowed_amount":53.89,"billing_code_modifier":[""],"providers":[{"billed_charge":133.00,"npi":[1215339684,1356384143]},{"billed_charge":200.00,"npi":[1215339684,1356384143,1841897089]}]},{"allowed_amount":53.89,"billing_code_modifier":[""],"providers":[{"billed_charge":133.00,"npi":[1215339684,1356384143]},{"billed_charge":200.00,"npi":[1215339684,1356384143,1841897089]}]}]},{"tin":{"type":"ein","value":"454983964"},"service_code":["11"],"billing_class":"professional","payments":[{"allowed_amount":53.89,"billing_code_modifier":[""],"providers":[{"billed_charge":80.00,"npi":[1063771186,1952669228]}]}]}]},{"name":"OFFICE\/OUTPATIENT ESTABLISHED MOD MDM 30-39 MIN","billing_code_type":"CPT","billing_code_type_version":"2020","billing_code":"99214","description":"OFFICE\/OUTPATIENT ESTABLISHED MOD MDM 30-39 MIN","allowed_amounts":[{"tin":{"type":"ein","value":"475025949"},"service_code":["02"],"billing_class":"professional","payments":[{"allowed_amount":68.00,"billing_code_modifier":[""],"providers":[{"billed_charge":189.00,"npi":[1477291979,1760854442]}]}]},{"tin":{"type":"ein","value":"813241137"},"service_code":["11"],"billing_class":"professional","payments":[{"allowed_amount":68.00,"billing_code_modifier":[""],"providers":[{"billed_charge":122.27,"npi":[1083146013,1891255857]}]}]},{"tin":{"type":"ein","value":"872941935"},"service_code":["11"],"billing_class":"professional","payments":[{"allowed_amount":68.00,"billing_code_modifier":[""],"providers":[{"billed_charge":900.00,"npi":[1013656180,1225528334]}]}]},{"tin":{"type":"ein","value":"201983271"},"service_code":["11"],"billing_class":"professional","payments":[{"allowed_amount":68.00,"billing_code_modifier":[""],"providers":[{"billed_charge":282.00,"npi":[1134154750,1376182253]}]}]},{"tin":{"type":"ein","value":"272041573"},"service_code":["11"],"billing_class":"professional","payments":[{"allowed_amount":68.00,"billing_code_modifier":[""],"providers":[{"billed_charge":145.00,"npi":[1417092586,1710202700]}]}]},{"tin":{"type":"ein","value":"311351965"},"service_code":["11"],"billing_class":"professional","payments":[{"allowed_amount":68.00,"billing_code_modifier":[""],"providers":[{"billed_charge":187.00,"npi":[1134461247,1164031308,1376004879,1407048085,1437618329,1578545273,1932342201]}]}]},{"tin":{"type":"ein","value":"311382442"},"service_code":["11"],"billing_class":"professional","payments":[{"allowed_amount":68.00,"billing_code_modifier":[""],"providers":[{"billed_charge":199.00,"npi":[1356384143,1841897089]},{"billed_charge":282.00,"npi":[1093005274,1205312006,1295311959,1356384143,1841247061]}]},{"allowed_amount":68.00,"billing_code_modifier":[""],"providers":[{"billed_charge":199.00,"npi":[1356384143,1841897089]},{"billed_charge":282.00,"npi":[1093005274,1205312006,1295311959,1356384143,1841247061]}]}]},{"tin":{"type":"ein","value":"311382442"},"service_code":["11"],"billing_class":"professional","payments":[{"allowed_amount":68.00,"billing_code_modifier":[""],"providers":[{"billed_charge":199.00,"npi":[1356384143,1841897089]},{"billed_charge":282.00,"npi":[1093005274,1205312006,1295311959,1356384143,1841247061]}]},{"allowed_amount":68.00,"billing_code_modifier":[""],"providers":[{"billed_charge":199.00,"npi":[1356384143,1841897089]},{"billed_charge":282.00,"npi":[1093005274,1205312006,1295311959,1356384143,1841247061]}]}]},{"tin":{"type":"ein","value":"311398575"},"service_code":["11"],"billing_class":"professional","payments":[{"allowed_amount":68.00,"billing_code_modifier":[""],"providers":[{"billed_charge":170.00,"npi":[1194705194,1487894747]}]}]},{"tin":{"type":"ein","value":"311532806"},"service_code":["02"],"billing_class":"professional","payments":[{"allowed_amount":68.00,"billing_code_modifier":[""],"providers":[{"billed_charge":175.00,"npi":[1508936204,1699845388]}]}]}]},{"name":"PSYCHIATRIC\/PSYCHOLOGICAL SVCS: PARTIAL HOSP - INT","billing_code_type":"RC","billing_code_type_version":"UB04","billing_code":"0913","description":"PSYCHIATRIC\/PSYCHOLOGICAL SVCS: PARTIAL HOSP - INT","allowed_amounts":[{"tin":{"type":"ein","value":"842796507"},"service_code":["22"],"billing_class":"institutional","payments":[{"allowed_amount":406.00,"billing_code_modifier":[""],"providers":[{"billed_charge":2400.00,"npi":[1396087698,1457902041]}]}]}]},{"name":"PSYCHIATRIC\/PSYCHOLOGICAL SVCS: PARTIAL HOSP - LES","billing_code_type":"RC","billing_code_type_version":"UB04","billing_code":"0912","description":"PSYCHIATRIC\/PSYCHOLOGICAL SVCS: PARTIAL HOSP - LES","allowed_amounts":[{"tin":{"type":"ein","value":"821366868"},"service_code":["22"],"billing_class":"institutional","payments":[{"allowed_amount":570.00,"billing_code_modifier":[""],"providers":[{"billed_charge":3895.00,"npi":[1386170900,1396937868]}]}]}]},{"name":"PSYCHOTHERAPY W\/PATIENT 45 MINUTES","billing_code_type":"CPT","billing_code_type_version":"2020","billing_code":"90834","description":"PSYCHOTHERAPY W\/PATIENT 45 MINUTES","allowed_amounts":[{"tin":{"type":"ein","value":"811032395"},"service_code":["11"],"billing_class":"professional","payments":[{"allowed_amount":67.44,"billing_code_modifier":[""],"providers":[{"billed_charge":190.00,"npi":[1205905874,1477003143]}]}]},{"tin":{"type":"ein","value":"815046708"},"service_code":["11"],"billing_class":"professional","payments":[{"allowed_amount":67.44,"billing_code_modifier":[""],"providers":[{"billed_charge":180.00,"npi":[1346705530,1679547632]}]}]},{"tin":{"type":"ein","value":"825047060"},"service_code":["02"],"billing_class":"professional","payments":[{"allowed_amount":67.44,"billing_code_modifier":[""],"providers":[{"billed_charge":180.00,"npi":[1174001879,1437439320]}]}]},{"tin":{"type":"ein","value":"018465410"},"service_code":["10","11"],"billing_class":"professional","payments":[{"allowed_amount":67.44,"billing_code_modifier":[""],"providers":[{"billed_charge":175.00,"npi":[1316035256]}]}]},{"tin":{"type":"ein","value":"201350499"},"service_code":["10","11"],"billing_class":"professional","payments":[{"allowed_amount":67.44,"billing_code_modifier":[""],"providers":[{"billed_charge":180.00,"npi":[1659598357,1821215518]}]}]},{"tin":{"type":"ein","value":"289629764"},"service_code":["02"],"billing_class":"professional","payments":[{"allowed_amount":53.95,"billing_code_modifier":[""],"providers":[{"billed_charge":175.00,"npi":[1689947954]}]}]},{"tin":{"type":"ein","value":"294422190"},"service_code":["11"],"billing_class":"professional","payments":[{"allowed_amount":53.95,"billing_code_modifier":[""],"providers":[{"billed_charge":100.00,"npi":[1588766745]}]}]},{"tin":{"type":"ein","value":"311012162"},"service_code":["11"],"billing_class":"professional","payments":[{"allowed_amount":53.95,"billing_code_modifier":[""],"providers":[{"billed_charge":107.00,"npi":[1578064523,1720349434]}]}]},{"tin":{"type":"ein","value":"341751703"},"service_code":["50"],"billing_class":"professional","payments":[{"allowed_amount":53.95,"billing_code_modifier":[""],"providers":[{"billed_charge":150.00,"npi":[1083194492,1952810640]}]}]},{"tin":{"type":"ein","value":"421601619"},"service_code":["11"],"billing_class":"professional","payments":[{"allowed_amount":67.44,"billing_code_modifier":[""],"providers":[{"billed_charge":109.00,"npi":[1225234115,1326244229]}]}]}]},{"name":"PSYCHOTHERAPY W\/PATIENT 60 MINUTES","billing_code_type":"CPT","billing_code_type_version":"2020","billing_code":"90837","description":"PSYCHOTHERAPY W\/PATIENT 60 MINUTES","allowed_amounts":[{"tin":{"type":"ein","value":"475025949"},"service_code":["02"],"billing_class":"professional","payments":[{"allowed_amount":125.84,"billing_code_modifier":[""],"providers":[{"billed_charge":206.00,"npi":[1386918902,1760854442]}]}]},{"tin":{"type":"ein","value":"813198074"},"service_code":["11"],"billing_class":"professional","payments":[{"allowed_amount":80.54,"billing_code_modifier":[""],"providers":[{"billed_charge":175.00,"npi":[1437281284]}]}]},{"tin":{"type":"ein","value":"825047060"},"service_code":["02"],"billing_class":"professional","payments":[{"allowed_amount":100.67,"billing_code_modifier":[""],"providers":[{"billed_charge":220.00,"npi":[1174001879,1437439320]}]}]},{"tin":{"type":"ein","value":"842398237"},"service_code":["11"],"billing_class":"professional","payments":[{"allowed_amount":80.54,"billing_code_modifier":[""],"providers":[{"billed_charge":120.00,"npi":[1174024491]}]}]},{"tin":{"type":"ein","value":"843323493"},"service_code":["11"],"billing_class":"professional","payments":[{"allowed_amount":80.54,"billing_code_modifier":[""],"providers":[{"billed_charge":150.00,"npi":[1790324812]}]}]},{"tin":{"type":"ein","value":"845054251"},"service_code":["10"],"billing_class":"professional","payments":[{"allowed_amount":80.54,"billing_code_modifier":[""],"providers":[{"billed_charge":125.00,"npi":[1831695105]}]}]},{"tin":{"type":"ein","value":"854267963"},"service_code":["02"],"billing_class":"professional","payments":[{"allowed_amount":125.84,"billing_code_modifier":[""],"providers":[{"billed_charge":160.00,"npi":[1053973628,1295321693]}]}]},{"tin":{"type":"ein","value":"862615154"},"service_code":["10"],"billing_class":"professional","payments":[{"allowed_amount":80.54,"billing_code_modifier":[""],"providers":[{"billed_charge":82.15,"npi":[1598199309]}]}]},{"tin":{"type":"ein","value":"245315402"},"service_code":["11"],"billing_class":"professional","payments":[{"allowed_amount":100.67,"billing_code_modifier":[""],"providers":[{"billed_charge":200.00,"npi":[1487797106]}]}]},{"tin":{"type":"ein","value":"274401267"},"service_code":["02"],"billing_class":"professional","payments":[{"allowed_amount":100.67,"billing_code_modifier":[""],"providers":[{"billed_charge":185.00,"npi":[1720257611]}]}]},{"tin":{"type":"ein","value":"286760821"},"service_code":["10"],"billing_class":"professional","payments":[{"allowed_amount":100.67,"billing_code_modifier":[""],"providers":[{"billed_charge":200.00,"npi":[1629529581,1679578561]}]}]},{"tin":{"type":"ein","value":"293529940"},"service_code":["11"],"billing_class":"professional","payments":[{"allowed_amount":80.54,"billing_code_modifier":[""],"providers":[{"billed_charge":150.00,"npi":[1104973817]}]}]},{"tin":{"type":"ein","value":"331059385"},"service_code":["10"],"billing_class":"professional","payments":[{"allowed_amount":100.67,"billing_code_modifier":[""],"providers":[{"billed_charge":155.00,"npi":[1003954330]}]}]},{"tin":{"type":"ein","value":"341753069"},"service_code":["02"],"billing_class":"professional","payments":[{"allowed_amount":80.54,"billing_code_modifier":[""],"providers":[{"billed_charge":150.00,"npi":[1164721270,1316163363]}]}]},{"tin":{"type":"ein","value":"471573854"},"service_code":["02","11"],"billing_class":"professional","payments":[{"allowed_amount":80.54,"billing_code_modifier":[""],"providers":[{"billed_charge":150.00,"npi":[1588993935]},{"billed_charge":160.00,"npi":[1588993935]}]},{"allowed_amount":80.54,"billing_code_modifier":[""],"providers":[{"billed_charge":150.00,"npi":[1588993935]},{"billed_charge":160.00,"npi":[1588993935]}]}]},{"tin":{"type":"ein","value":"471573854"},"service_code":["11"],"billing_class":"professional","payments":[{"allowed_amount":80.54,"billing_code_modifier":[""],"providers":[{"billed_charge":150.00,"npi":[1588993935]},{"billed_charge":160.00,"npi":[1588993935]}]},{"allowed_amount":80.54,"billing_code_modifier":[""],"providers":[{"billed_charge":150.00,"npi":[1588993935]},{"billed_charge":160.00,"npi":[1588993935]}]}]}]},{"name":"RESIDENTIAL TREATMENT-CHEMICAL DEPENDENCY","billing_code_type":"RC","billing_code_type_version":"UB04","billing_code":"1002","description":"RESIDENTIAL TREATMENT-CHEMICAL DEPENDENCY","allowed_amounts":[{"tin":{"type":"ein","value":"900852664"},"service_code":["21"],"billing_class":"institutional","payments":[{"allowed_amount":900.00,"billing_code_modifier":[""],"providers":[{"billed_charge":4295.00,"npi":[1073016226,1396937868]}]}]}]},{"name":"SBSQ HOSPITAL IP\/OBS CARE HIGH MDM 50 MINUTES","billing_code_type":"CPT","billing_code_type_version":"2020","billing_code":"99233","description":"SBSQ HOSPITAL IP\/OBS CARE HIGH MDM 50 MINUTES","allowed_amounts":[{"tin":{"type":"ein","value":"201983271"},"service_code":["21"],"billing_class":"professional","payments":[{"allowed_amount":88.61,"billing_code_modifier":[""],"providers":[{"billed_charge":226.00,"npi":[1134154750,1326332586,1982784534]}]}]},{"tin":{"type":"ein","value":"311351965"},"service_code":["21"],"billing_class":"professional","payments":[{"allowed_amount":88.61,"billing_code_modifier":[""],"providers":[{"billed_charge":214.00,"npi":[1467484972,1518251198,1578545273,1720583909]}]}]},{"tin":{"type":"ein","value":"311405915"},"service_code":["21"],"billing_class":"professional","payments":[{"allowed_amount":88.61,"billing_code_modifier":[""],"providers":[{"billed_charge":244.00,"npi":[1093152456,1245573591,1558355487,1801840434]}]}]}]},{"name":"SBSQ HOSPITAL IP\/OBS CARE MOD MDM 35 MINUTES","billing_code_type":"CPT","billing_code_type_version":"2020","billing_code":"99232","description":"SBSQ HOSPITAL IP\/OBS CARE MOD MDM 35 MINUTES","allowed_amounts":[{"tin":{"type":"ein","value":"311405915"},"service_code":["21"],"billing_class":"professional","payments":[{"allowed_amount":62.33,"billing_code_modifier":[""],"providers":[{"billed_charge":170.00,"npi":[1093152456,1245573591,1558355487,1801840434]}]}]}]},{"name":"SPEC CLCT FOR SARS-COV-2 COVID-19 ANY SPEC SRC","billing_code_type":"HCPCS","billing_code_type_version":"HCPCS LEVEL II 2021","billing_code":"G2023","description":"SPEC CLCT FOR SARS-COV-2 COVID-19 ANY SPEC SRC","allowed_amounts":[{"tin":{"type":"ein","value":"831342609"},"service_code":["81"],"billing_class":"professional","payments":[{"allowed_amount":23.46,"billing_code_modifier":[""],"providers":[{"billed_charge":50.00,"npi":[1053541581,1073101028,1356913446,1487815387]}]}]},{"tin":{"type":"ein","value":"850602662"},"service_code":["81"],"billing_class":"professional","payments":[{"allowed_amount":23.46,"billing_code_modifier":[""],"providers":[{"billed_charge":50.00,"npi":[1881215622,1982964664]}]}]},{"tin":{"type":"ein","value":"851365411"},"service_code":["81"],"billing_class":"professional","payments":[{"allowed_amount":23.46,"billing_code_modifier":[""],"providers":[{"billed_charge":46.92,"npi":[1033724109]}]}]},{"tin":{"type":"ein","value":"874135119"},"service_code":["81"],"billing_class":"professional","payments":[{"allowed_amount":23.46,"billing_code_modifier":[""],"providers":[{"billed_charge":35.19,"npi":[1275288409,1881121929]}]}]},{"tin":{"type":"ein","value":"133934292"},"service_code":["81"],"billing_class":"professional","payments":[{"allowed_amount":23.46,"billing_code_modifier":[""],"providers":[{"billed_charge":50.00,"npi":[1134316441,1215053962,1942873484]}]}]},{"tin":{"type":"ein","value":"361924025"},"service_code":["21","81"],"billing_class":"professional","payments":[{"allowed_amount":23.46,"billing_code_modifier":[""],"providers":[{"billed_charge":28.99,"npi":[1023139904,1053316364,1154344729,1255346391,1396939906,1427063452,1477560480,1477728541,1598770547,1972518900,1982688024]}]}]},{"tin":{"type":"ein","value":"463342144"},"service_code":["81"],"billing_class":"professional","payments":[{"allowed_amount":23.46,"billing_code_modifier":[""],"providers":[{"billed_charge":50.00,"npi":[1053541581,1417355678,1487815387]}]}]},{"tin":{"type":"ein","value":"465135063"},"service_code":["81"],"billing_class":"professional","payments":[{"allowed_amount":23.46,"billing_code_modifier":[""],"providers":[{"billed_charge":50.00,"npi":[1366544405,1538570528]}]}]}]}]}
