{"reporting_entity_name": "IEC Group_DBA AmeriBen",
	"reporting_entity_type": "Third Party Administrator",
	"plan_name": "SUNFLOWER BANK NA",
	"plan_id_type": "ein",
	"plan_id": "480216075",
	"plan_market_type": "group",
	"last_updated_on": "2025-01-01","Version": "1.0.0","out_of_network":[{"name":"GROUP PSYCHOTHERAPY","billing_code_type":"CPT","billing_code_type_version":"2020","billing_code":"90853","description":"GROUP PSYCHOTHERAPY","allowed_amounts":[{"tin":{"type":"ein","value":"814666052"},"service_code":["11"],"billing_class":"professional","payments":[{"allowed_amount":33.50,"billing_code_modifier":[""],"providers":[{"billed_charge":1087.50,"npi":[1336649698,1669911053,1730118274]}]}]}]},{"name":"PSYCHIATRIC\/PSYCHOLOGICAL SVCS: INDIVIDUAL THERAPY","billing_code_type":"RC","billing_code_type_version":"UB04","billing_code":"0914","description":"PSYCHIATRIC\/PSYCHOLOGICAL SVCS: INDIVIDUAL THERAPY","allowed_amounts":[{"tin":{"type":"ein","value":"811091031"},"service_code":["22"],"billing_class":"institutional","payments":[{"allowed_amount":206.57,"billing_code_modifier":[""],"providers":[{"billed_charge":1750.00,"npi":[1730793282,1740641612,1871944942]}]}]}]},{"name":"PSYCHIATRIC\/PSYCHOLOGICAL TRT: INTENSIVE OUTPATIEN","billing_code_type":"RC","billing_code_type_version":"UB04","billing_code":"0905","description":"PSYCHIATRIC\/PSYCHOLOGICAL TRT: INTENSIVE OUTPATIEN","allowed_amounts":[{"tin":{"type":"ein","value":"811091031"},"service_code":["22"],"billing_class":"institutional","payments":[{"allowed_amount":131.55,"billing_code_modifier":[""],"providers":[{"billed_charge":2250.00,"npi":[1184932782,1740641612]}]}]}]}]}
