{"reporting_entity_name": "IEC Group_DBA AmeriBen",
	"reporting_entity_type": "Third Party Administrator",
	"plan_name": "CONFLUENT HEALTH",
	"plan_id_type": "ein",
	"plan_id": "471584422",
	"plan_market_type": "group",
	"last_updated_on": "2023-09-01","Version": "1.0.0","out_of_network":[{"name":"MANUAL THERAPY TQS 1\/> REGIONS EACH 15 MINUTES","billing_code_type":"CPT","billing_code_type_version":"2020","billing_code":"97140","description":"MANUAL THERAPY TQS 1\/> REGIONS EACH 15 MINUTES","allowed_amounts":[{"tin":{"type":"ein","value":"131740114"},"service_code":["11"],"billing_class":"professional","payments":[{"allowed_amount":45.15,"billing_code_modifier":[""],"providers":[{"billed_charge":138.97,"npi":[1063525152,1316618416,1366164774,1386835023]}]}]},{"tin":{"type":"ein","value":"871178824"},"service_code":["11"],"billing_class":"professional","payments":[{"allowed_amount":0.00,"billing_code_modifier":[""],"providers":[{"billed_charge":48.00,"npi":[1023455763,1043565799,1134406176,1376911594,1609542109]},{"billed_charge":96.00,"npi":[1023455763,1609542109]}]},{"allowed_amount":0.00,"billing_code_modifier":[""],"providers":[{"billed_charge":48.00,"npi":[1023455763,1043565799,1134406176,1376911594,1609542109]},{"billed_charge":96.00,"npi":[1023455763,1609542109]}]}]},{"tin":{"type":"ein","value":"871178824"},"service_code":["11"],"billing_class":"professional","payments":[{"allowed_amount":0.00,"billing_code_modifier":[""],"providers":[{"billed_charge":48.00,"npi":[1023455763,1043565799,1134406176,1376911594,1609542109]},{"billed_charge":96.00,"npi":[1023455763,1609542109]}]},{"allowed_amount":0.00,"billing_code_modifier":[""],"providers":[{"billed_charge":48.00,"npi":[1023455763,1043565799,1134406176,1376911594,1609542109]},{"billed_charge":96.00,"npi":[1023455763,1609542109]}]}]}]},{"name":"PSYCHOTHERAPY W\/PATIENT 60 MINUTES","billing_code_type":"CPT","billing_code_type_version":"2020","billing_code":"90837","description":"PSYCHOTHERAPY W\/PATIENT 60 MINUTES","allowed_amounts":[{"tin":{"type":"ein","value":"842979053"},"service_code":["02"],"billing_class":"professional","payments":[{"allowed_amount":84.75,"billing_code_modifier":[""],"providers":[{"billed_charge":140.00,"npi":[1164056701]}]}]},{"tin":{"type":"ein","value":"882577293"},"service_code":["11"],"billing_class":"professional","payments":[{"allowed_amount":84.75,"billing_code_modifier":[""],"providers":[{"billed_charge":125.00,"npi":[1063135267]}]}]}]},{"name":"THER PX 1\/> AREAS EACH 15 MIN NEUROMUSC REEDUCA","billing_code_type":"CPT","billing_code_type_version":"2020","billing_code":"97112","description":"THER PX 1\/> AREAS EACH 15 MIN NEUROMUSC REEDUCA","allowed_amounts":[{"tin":{"type":"ein","value":"131740114"},"service_code":["11"],"billing_class":"professional","payments":[{"allowed_amount":56.30,"billing_code_modifier":[""],"providers":[{"billed_charge":299.95,"npi":[1063525152,1316618416,1366164774,1386835023]}]}]},{"tin":{"type":"ein","value":"871178824"},"service_code":["11"],"billing_class":"professional","payments":[{"allowed_amount":0.00,"billing_code_modifier":[""],"providers":[{"billed_charge":48.00,"npi":[1043565799,1134406176,1609542109,1609838432]}]}]}]},{"name":"THERAPEUTIC PX 1\/> AREAS EACH 15 MIN EXERCISES","billing_code_type":"CPT","billing_code_type_version":"2020","billing_code":"97110","description":"THERAPEUTIC PX 1\/> AREAS EACH 15 MIN EXERCISES","allowed_amounts":[{"tin":{"type":"ein","value":"131740114"},"service_code":["11"],"billing_class":"professional","payments":[{"allowed_amount":49.04,"billing_code_modifier":[""],"providers":[{"billed_charge":154.31,"npi":[1063525152,1316618416,1366164774,1386835023]}]}]}]}]}
