{"reporting_entity_name": "IEC Group_DBA AmeriBen",
	"reporting_entity_type": "Third Party Administrator",
	"plan_name": "WHITE CAP LTD",
	"plan_id_type": "ein",
	"plan_id": "260100647",
	"plan_market_type": "group",
	"last_updated_on": "2022-08-31","Version": "1.0.0","out_of_network":[{"name":"APPL MODALITY 1\/> AREAS TRACTION MECHANICAL","billing_code_type":"CPT","billing_code_type_version":"2020","billing_code":"97012","description":"APPL MODALITY 1\/> AREAS TRACTION MECHANICAL","allowed_amounts":[{"tin":{"type":"ein","value":"330571188"},"service_code":["11"],"billing_class":"professional","payments":[{"allowed_amount":15.00,"billing_code_modifier":[""],"providers":[{"billed_charge":15.00,"npi":[1083012793,1083971204,1114420270]}]}]}]},{"name":"CHIROPRACTIC MANIPULATIVE TX SPINAL 1-2 REGIONS","billing_code_type":"CPT","billing_code_type_version":"2020","billing_code":"98940","description":"CHIROPRACTIC MANIPULATIVE TX SPINAL 1-2 REGIONS","allowed_amounts":[{"tin":{"type":"ein","value":"330571188"},"service_code":["11"],"billing_class":"professional","payments":[{"allowed_amount":33.56,"billing_code_modifier":[""],"providers":[{"billed_charge":40.00,"npi":[1083012793,1083971204,1598324394]}]}]}]},{"name":"CHIROPRACTIC MANIPULATIVE TX SPINAL 3-4 REGIONS","billing_code_type":"CPT","billing_code_type_version":"2020","billing_code":"98941","description":"CHIROPRACTIC MANIPULATIVE TX SPINAL 3-4 REGIONS","allowed_amounts":[{"tin":{"type":"ein","value":"330571188"},"service_code":["11"],"billing_class":"professional","payments":[{"allowed_amount":48.10,"billing_code_modifier":[""],"providers":[{"billed_charge":50.00,"npi":[1083012793,1083971204,1114420270]}]}]}]},{"name":"COLLECTION VENOUS BLOOD VENIPUNCTURE","billing_code_type":"CPT","billing_code_type_version":"2020","billing_code":"36415","description":"COLLECTION VENOUS BLOOD VENIPUNCTURE","allowed_amounts":[{"tin":{"type":"ein","value":"262037695"},"service_code":["11"],"billing_class":"professional","payments":[{"allowed_amount":3.60,"billing_code_modifier":[""],"providers":[{"billed_charge":11.00,"npi":[1255697256,1366518409,1992799050]}]}]},{"tin":{"type":"ein","value":"350868085"},"service_code":["81"],"billing_class":"professional","payments":[{"allowed_amount":3.60,"billing_code_modifier":[""],"providers":[{"billed_charge":25.00,"npi":[1164650628,1366407603,1700991338]}]}]},{"tin":{"type":"ein","value":"382084239"},"service_code":["81"],"billing_class":"professional","payments":[{"allowed_amount":3.60,"billing_code_modifier":[""],"providers":[{"billed_charge":21.37,"npi":[1407849524,1609801018,1649478934,1932166386]}]}]},{"tin":{"type":"ein","value":"431039532"},"service_code":["81"],"billing_class":"professional","payments":[{"allowed_amount":3.60,"billing_code_modifier":[""],"providers":[{"billed_charge":21.37,"npi":[1508416496,1609812445]}]}]},{"tin":{"type":"ein","value":"521169362"},"service_code":["81"],"billing_class":"professional","payments":[{"allowed_amount":3.60,"billing_code_modifier":[""],"providers":[{"billed_charge":6.00,"npi":[1356885032]}]}]},{"tin":{"type":"ein","value":"591363225"},"service_code":["11"],"billing_class":"professional","payments":[{"allowed_amount":3.60,"billing_code_modifier":[""],"providers":[{"billed_charge":6.00,"npi":[1013967306,1881349975]}]}]},{"tin":{"type":"ein","value":"852304068"},"service_code":["11"],"billing_class":"professional","payments":[{"allowed_amount":3.60,"billing_code_modifier":[""],"providers":[{"billed_charge":10.00,"npi":[1184237521,1437475514]}]}]},{"tin":{"type":"ein","value":"863425163"},"service_code":["11"],"billing_class":"professional","payments":[{"allowed_amount":3.60,"billing_code_modifier":[""],"providers":[{"billed_charge":18.00,"npi":[1265007199,1942826136]}]}]}]},{"name":"COVID-19 LAB TEST NON-CDC HTT","billing_code_type":"HCPCS","billing_code_type_version":"HCPCS LEVEL II 2021","billing_code":"U0004","description":"COVID-19 LAB TEST NON-CDC HTT","allowed_amounts":[{"tin":{"type":"ein","value":"263844242"},"service_code":["81"],"billing_class":"professional","payments":[{"allowed_amount":90.00,"billing_code_modifier":[""],"providers":[{"billed_charge":513.00,"npi":[1346472859,1750890323]}]}]},{"tin":{"type":"ein","value":"273012584"},"service_code":["81"],"billing_class":"professional","payments":[{"allowed_amount":90.00,"billing_code_modifier":[""],"providers":[{"billed_charge":105.00,"npi":[1104255215,1558325365]}]}]},{"tin":{"type":"ein","value":"274653051"},"service_code":["81"],"billing_class":"professional","payments":[{"allowed_amount":90.00,"billing_code_modifier":[""],"providers":[{"billed_charge":300.00,"npi":[1689647869,1942545421]}]}]},{"tin":{"type":"ein","value":"471431584"},"service_code":["81"],"billing_class":"professional","payments":[{"allowed_amount":90.00,"billing_code_modifier":[""],"providers":[{"billed_charge":200.00,"npi":[1568839173]}]}]},{"tin":{"type":"ein","value":"811008582"},"service_code":["81"],"billing_class":"professional","payments":[{"allowed_amount":90.00,"billing_code_modifier":[""],"providers":[{"billed_charge":113.00,"npi":[1508900101,1588827513,1659726487]}]}]},{"tin":{"type":"ein","value":"813598096"},"service_code":["81"],"billing_class":"professional","payments":[{"allowed_amount":90.00,"billing_code_modifier":[""],"providers":[{"billed_charge":150.00,"npi":[1336616960]}]}]},{"tin":{"type":"ein","value":"813617178"},"service_code":["81"],"billing_class":"professional","payments":[{"allowed_amount":90.00,"billing_code_modifier":[""],"providers":[{"billed_charge":150.00,"npi":[1164962882,1841227592]}]}]},{"tin":{"type":"ein","value":"820888370"},"service_code":["81"],"billing_class":"professional","payments":[{"allowed_amount":90.00,"billing_code_modifier":[""],"providers":[{"billed_charge":250.00,"npi":[1487135448,1508842519]}]}]},{"tin":{"type":"ein","value":"822534591"},"service_code":["11"],"billing_class":"professional","payments":[{"allowed_amount":90.00,"billing_code_modifier":[""],"providers":[{"billed_charge":1215.20,"npi":[1295252815]}]}]},{"tin":{"type":"ein","value":"831342609"},"service_code":["81"],"billing_class":"professional","payments":[{"allowed_amount":90.00,"billing_code_modifier":[""],"providers":[{"billed_charge":350.00,"npi":[1073101028,1487815387]}]}]},{"tin":{"type":"ein","value":"842034373"},"service_code":["11"],"billing_class":"professional","payments":[{"allowed_amount":90.00,"billing_code_modifier":[""],"providers":[{"billed_charge":300.00,"npi":[1609410042]}]}]},{"tin":{"type":"ein","value":"851505927"},"service_code":["81"],"billing_class":"professional","payments":[{"allowed_amount":90.00,"billing_code_modifier":[""],"providers":[{"billed_charge":150.00,"npi":[1396733929,1548886922]}]}]},{"tin":{"type":"ein","value":"852766187"},"service_code":["81"],"billing_class":"professional","payments":[{"allowed_amount":90.00,"billing_code_modifier":[""],"providers":[{"billed_charge":150.00,"npi":[1255946869,1578779898,1790729911]}]}]}]},{"name":"DRUGS REQUIRE SPECIFIC ID: DRUGS REQUIRING DETAIL","billing_code_type":"RC","billing_code_type_version":"UB04","billing_code":"0636","description":"DRUGS REQUIRE SPECIFIC ID: DRUGS REQUIRING DETAIL","allowed_amounts":[{"tin":{"type":"ein","value":"823902974"},"service_code":["65"],"billing_class":"institutional","payments":[{"allowed_amount":0.65,"billing_code_modifier":[""],"providers":[{"billed_charge":88.06,"npi":[1841380284,1902313430]}]}]},{"tin":{"type":"ein","value":"823902974"},"service_code":["65"],"billing_class":"institutional","payments":[{"allowed_amount":1.22,"billing_code_modifier":[""],"providers":[{"billed_charge":88.06,"npi":[1841380284,1902313430]}]}]},{"tin":{"type":"ein","value":"823902974"},"service_code":["65"],"billing_class":"institutional","payments":[{"allowed_amount":1.31,"billing_code_modifier":[""],"providers":[{"billed_charge":176.13,"npi":[1841380284,1902313430]}]}]},{"tin":{"type":"ein","value":"823902974"},"service_code":["65"],"billing_class":"institutional","payments":[{"allowed_amount":1.37,"billing_code_modifier":[""],"providers":[{"billed_charge":88.06,"npi":[1841380284,1902313430]}]}]},{"tin":{"type":"ein","value":"823902974"},"service_code":["65"],"billing_class":"institutional","payments":[{"allowed_amount":1.44,"billing_code_modifier":[""],"providers":[{"billed_charge":44.03,"npi":[1841380284,1902313430]}]}]},{"tin":{"type":"ein","value":"823902974"},"service_code":["65"],"billing_class":"institutional","payments":[{"allowed_amount":2.43,"billing_code_modifier":[""],"providers":[{"billed_charge":176.13,"npi":[1841380284,1902313430]}]}]},{"tin":{"type":"ein","value":"823902974"},"service_code":["65"],"billing_class":"institutional","payments":[{"allowed_amount":2.75,"billing_code_modifier":[""],"providers":[{"billed_charge":176.13,"npi":[1841380284,1902313430]}]}]},{"tin":{"type":"ein","value":"823902974"},"service_code":["65"],"billing_class":"institutional","payments":[{"allowed_amount":2.87,"billing_code_modifier":[""],"providers":[{"billed_charge":88.06,"npi":[1841380284,1902313430]}]}]},{"tin":{"type":"ein","value":"823902974"},"service_code":["65"],"billing_class":"institutional","payments":[{"allowed_amount":89.76,"billing_code_modifier":[""],"providers":[{"billed_charge":6490.00,"npi":[1841380284,1902313430]}]}]}]},{"name":"GROUP PSYCHOTHERAPY","billing_code_type":"CPT","billing_code_type_version":"2020","billing_code":"90853","description":"GROUP PSYCHOTHERAPY","allowed_amounts":[{"tin":{"type":"ein","value":"112635374"},"service_code":["11"],"billing_class":"professional","payments":[{"allowed_amount":32.16,"billing_code_modifier":[""],"providers":[{"billed_charge":56.33,"npi":[1225395338,1396822839,1982878757]}]}]}]},{"name":"HEMO OPD\/HOME: HEMODIALYSIS COMP OR OTHER RATE","billing_code_type":"RC","billing_code_type_version":"UB04","billing_code":"0821","description":"HEMO OPD\/HOME: HEMODIALYSIS COMP OR OTHER RATE","allowed_amounts":[{"tin":{"type":"ein","value":"823902974"},"service_code":["65"],"billing_class":"institutional","payments":[{"allowed_amount":58.73,"billing_code_modifier":[""],"providers":[{"billed_charge":7950.00,"npi":[1841380284,1902313430]}]}]},{"tin":{"type":"ein","value":"823902974"},"service_code":["65"],"billing_class":"institutional","payments":[{"allowed_amount":109.96,"billing_code_modifier":[""],"providers":[{"billed_charge":7950.00,"npi":[1841380284,1902313430]}]}]},{"tin":{"type":"ein","value":"823902974"},"service_code":["65"],"billing_class":"institutional","payments":[{"allowed_amount":124.04,"billing_code_modifier":[""],"providers":[{"billed_charge":7950.00,"npi":[1841380284,1902313430]}]}]},{"tin":{"type":"ein","value":"823902974"},"service_code":["65"],"billing_class":"institutional","payments":[{"allowed_amount":186.44,"billing_code_modifier":[""],"providers":[{"billed_charge":5713.00,"npi":[1841380284,1902313430]}]}]}]},{"name":"IAAD IA SEVERE AQT RESPIR SYND CORONAVIRUS","billing_code_type":"CPT","billing_code_type_version":"2020","billing_code":"87426","description":"IAAD IA SEVERE AQT RESPIR SYND CORONAVIRUS","allowed_amounts":[{"tin":{"type":"ein","value":"471774422"},"service_code":["11"],"billing_class":"professional","payments":[{"allowed_amount":45.23,"billing_code_modifier":[""],"providers":[{"billed_charge":53.00,"npi":[1083626212,1972904084]}]}]},{"tin":{"type":"ein","value":"825372657"},"service_code":["11"],"billing_class":"professional","payments":[{"allowed_amount":45.23,"billing_code_modifier":[""],"providers":[{"billed_charge":100.00,"npi":[1639661937,1659789188]}]}]},{"tin":{"type":"ein","value":"845172222"},"service_code":["81"],"billing_class":"professional","payments":[{"allowed_amount":45.23,"billing_code_modifier":[""],"providers":[{"billed_charge":105.99,"npi":[1346769593,1659588762]}]}]},{"tin":{"type":"ein","value":"850572082"},"service_code":["11"],"billing_class":"professional","payments":[{"allowed_amount":45.23,"billing_code_modifier":[""],"providers":[{"billed_charge":200.00,"npi":[1255663704,1588287957]}]}]},{"tin":{"type":"ein","value":"851055537"},"service_code":["11"],"billing_class":"professional","payments":[{"allowed_amount":45.23,"billing_code_modifier":[""],"providers":[{"billed_charge":200.00,"npi":[1528658648,1568816692]}]}]},{"tin":{"type":"ein","value":"862743177"},"service_code":["81"],"billing_class":"professional","payments":[{"allowed_amount":45.23,"billing_code_modifier":[""],"providers":[{"billed_charge":135.69,"npi":[1174674352,1750960415]}]}]},{"tin":{"type":"ein","value":"871963792"},"service_code":["81"],"billing_class":"professional","payments":[{"allowed_amount":45.23,"billing_code_modifier":[""],"providers":[{"billed_charge":70.00,"npi":[1083920888,1851059588]}]}]}]},{"name":"IAADIADOO SEVERE AQT RESPIR SYND CORONAVIRUS","billing_code_type":"CPT","billing_code_type_version":"2020","billing_code":"87811","description":"IAADIADOO SEVERE AQT RESPIR SYND CORONAVIRUS","allowed_amounts":[{"tin":{"type":"ein","value":"274653051"},"service_code":["81"],"billing_class":"professional","payments":[{"allowed_amount":62.07,"billing_code_modifier":[""],"providers":[{"billed_charge":150.00,"npi":[1689647869,1942545421]}]}]},{"tin":{"type":"ein","value":"471198641"},"service_code":["20"],"billing_class":"professional","payments":[{"allowed_amount":62.07,"billing_code_modifier":[""],"providers":[{"billed_charge":82.76,"npi":[1366049991,1497159560]}]}]},{"tin":{"type":"ein","value":"472462178"},"service_code":["81"],"billing_class":"professional","payments":[{"allowed_amount":62.07,"billing_code_modifier":[""],"providers":[{"billed_charge":100.00,"npi":[1962018374]}]}]},{"tin":{"type":"ein","value":"510586004"},"service_code":["11"],"billing_class":"professional","payments":[{"allowed_amount":62.07,"billing_code_modifier":[""],"providers":[{"billed_charge":100.00,"npi":[1467643544,1942308424]}]}]},{"tin":{"type":"ein","value":"844333441"},"service_code":["11","81"],"billing_class":"professional","payments":[{"allowed_amount":62.07,"billing_code_modifier":[""],"providers":[{"billed_charge":179.00,"npi":[1477649168,1871106278]},{"billed_charge":380.00,"npi":[1477649168,1871106278]}]},{"allowed_amount":62.07,"billing_code_modifier":[""],"providers":[{"billed_charge":179.00,"npi":[1477649168,1871106278]},{"billed_charge":380.00,"npi":[1477649168,1871106278]}]}]},{"tin":{"type":"ein","value":"844333441"},"service_code":["11","81"],"billing_class":"professional","payments":[{"allowed_amount":62.07,"billing_code_modifier":[""],"providers":[{"billed_charge":179.00,"npi":[1477649168,1871106278]},{"billed_charge":380.00,"npi":[1477649168,1871106278]}]},{"allowed_amount":62.07,"billing_code_modifier":[""],"providers":[{"billed_charge":179.00,"npi":[1477649168,1871106278]},{"billed_charge":380.00,"npi":[1477649168,1871106278]}]}]},{"tin":{"type":"ein","value":"852810331"},"service_code":["81"],"billing_class":"professional","payments":[{"allowed_amount":62.07,"billing_code_modifier":[""],"providers":[{"billed_charge":400.00,"npi":[1184209827,1265783815]}]}]},{"tin":{"type":"ein","value":"862364810"},"service_code":["11"],"billing_class":"professional","payments":[{"allowed_amount":62.07,"billing_code_modifier":[""],"providers":[{"billed_charge":185.00,"npi":[1225228851,1518541325]}]}]},{"tin":{"type":"ein","value":"872223993"},"service_code":["81"],"billing_class":"professional","payments":[{"allowed_amount":62.07,"billing_code_modifier":[""],"providers":[{"billed_charge":125.00,"npi":[1316614175]}]}]}]},{"name":"IADNA NOS AMPLIFIED PROBE TQ EACH ORGANISM","billing_code_type":"CPT","billing_code_type_version":"2020","billing_code":"87798","description":"IADNA NOS AMPLIFIED PROBE TQ EACH ORGANISM","allowed_amounts":[{"tin":{"type":"ein","value":"561565047"},"service_code":["81"],"billing_class":"professional","payments":[{"allowed_amount":42.11,"billing_code_modifier":[""],"providers":[{"billed_charge":60.22,"npi":[1013217439,1073591822]}]}]}]},{"name":"INFEC AGEN DETEC AMPLI PROBE","billing_code_type":"HCPCS","billing_code_type_version":"HCPCS LEVEL II 2021","billing_code":"U0005","description":"INFEC AGEN DETEC AMPLI PROBE","allowed_amounts":[{"tin":{"type":"ein","value":"113540038"},"service_code":["11"],"billing_class":"professional","payments":[{"allowed_amount":30.00,"billing_code_modifier":[""],"providers":[{"billed_charge":75.00,"npi":[1336355759]}]}]},{"tin":{"type":"ein","value":"113630760"},"service_code":["81"],"billing_class":"professional","payments":[{"allowed_amount":30.00,"billing_code_modifier":[""],"providers":[{"billed_charge":50.00,"npi":[1255468328]}]}]},{"tin":{"type":"ein","value":"133757370"},"service_code":["81"],"billing_class":"professional","payments":[{"allowed_amount":25.00,"billing_code_modifier":[""],"providers":[{"billed_charge":25.00,"npi":[1063497451]}]}]},{"tin":{"type":"ein","value":"203734391"},"service_code":["81"],"billing_class":"professional","payments":[{"allowed_amount":30.00,"billing_code_modifier":[""],"providers":[{"billed_charge":50.00,"npi":[1053584482]}]}]},{"tin":{"type":"ein","value":"263844242"},"service_code":["81"],"billing_class":"professional","payments":[{"allowed_amount":30.00,"billing_code_modifier":[""],"providers":[{"billed_charge":37.50,"npi":[1346472859,1750890323]}]}]},{"tin":{"type":"ein","value":"273012584"},"service_code":["81"],"billing_class":"professional","payments":[{"allowed_amount":25.00,"billing_code_modifier":[""],"providers":[{"billed_charge":25.00,"npi":[1104255215,1558325365]}]}]},{"tin":{"type":"ein","value":"274653051"},"service_code":["81"],"billing_class":"professional","payments":[{"allowed_amount":30.00,"billing_code_modifier":[""],"providers":[{"billed_charge":100.00,"npi":[1689647869,1942545421]}]}]},{"tin":{"type":"ein","value":"350868085"},"service_code":["81"],"billing_class":"professional","payments":[{"allowed_amount":25.00,"billing_code_modifier":[""],"providers":[{"billed_charge":25.00,"npi":[1366407603,1992362131]}]}]},{"tin":{"type":"ein","value":"382084239"},"service_code":["81"],"billing_class":"professional","payments":[{"allowed_amount":25.00,"billing_code_modifier":[""],"providers":[{"billed_charge":25.00,"npi":[1225682602,1932166386,1992314918]}]}]},{"tin":{"type":"ein","value":"463371474"},"service_code":["81"],"billing_class":"professional","payments":[{"allowed_amount":30.00,"billing_code_modifier":[""],"providers":[{"billed_charge":30.00,"npi":[1588793848,1700212735]}]}]},{"tin":{"type":"ein","value":"471359076"},"service_code":["81"],"billing_class":"professional","payments":[{"allowed_amount":25.00,"billing_code_modifier":[""],"providers":[{"billed_charge":25.00,"npi":[1134538713,1275570715,1497846133,1518950310,1720495021,1760563845]}]}]},{"tin":{"type":"ein","value":"471431584"},"service_code":["81"],"billing_class":"professional","payments":[{"allowed_amount":30.00,"billing_code_modifier":[""],"providers":[{"billed_charge":50.00,"npi":[1568839173]}]}]},{"tin":{"type":"ein","value":"472462178"},"service_code":["81"],"billing_class":"professional","payments":[{"allowed_amount":30.00,"billing_code_modifier":[""],"providers":[{"billed_charge":50.00,"npi":[1144731605,1467854497,1508484569,1639311509,1962018374]}]}]},{"tin":{"type":"ein","value":"473170676"},"service_code":["81"],"billing_class":"professional","payments":[{"allowed_amount":30.00,"billing_code_modifier":[""],"providers":[{"billed_charge":75.00,"npi":[1003117847,1760076061]}]}]},{"tin":{"type":"ein","value":"473727159"},"service_code":["81"],"billing_class":"professional","payments":[{"allowed_amount":25.00,"billing_code_modifier":[""],"providers":[{"billed_charge":25.00,"npi":[1912521568]}]}]},{"tin":{"type":"ein","value":"473941659"},"service_code":["81"],"billing_class":"professional","payments":[{"allowed_amount":30.00,"billing_code_modifier":[""],"providers":[{"billed_charge":50.00,"npi":[1376152983]}]}]},{"tin":{"type":"ein","value":"475502891"},"service_code":["81"],"billing_class":"professional","payments":[{"allowed_amount":30.00,"billing_code_modifier":[""],"providers":[{"billed_charge":65.00,"npi":[1851992127,1902840283]}]}]},{"tin":{"type":"ein","value":"621433252"},"service_code":["81"],"billing_class":"professional","payments":[{"allowed_amount":30.00,"billing_code_modifier":[""],"providers":[{"billed_charge":31.25,"npi":[1689639544]}]}]},{"tin":{"type":"ein","value":"811008582"},"service_code":["81"],"billing_class":"professional","payments":[{"allowed_amount":30.00,"billing_code_modifier":[""],"providers":[{"billed_charge":38.00,"npi":[1508900101,1588827513,1659726487]}]}]},{"tin":{"type":"ein","value":"813598096"},"service_code":["81"],"billing_class":"professional","payments":[{"allowed_amount":30.00,"billing_code_modifier":[""],"providers":[{"billed_charge":50.00,"npi":[1336616960]}]}]},{"tin":{"type":"ein","value":"813617178"},"service_code":["81"],"billing_class":"professional","payments":[{"allowed_amount":30.00,"billing_code_modifier":[""],"providers":[{"billed_charge":37.50,"npi":[1164962882,1841227592]}]}]},{"tin":{"type":"ein","value":"820888370"},"service_code":["81"],"billing_class":"professional","payments":[{"allowed_amount":30.00,"billing_code_modifier":[""],"providers":[{"billed_charge":50.00,"npi":[1487135448,1508842519]}]}]},{"tin":{"type":"ein","value":"822534591"},"service_code":["11"],"billing_class":"professional","payments":[{"allowed_amount":30.00,"billing_code_modifier":[""],"providers":[{"billed_charge":200.00,"npi":[1295252815]}]}]},{"tin":{"type":"ein","value":"823438908"},"service_code":["11"],"billing_class":"professional","payments":[{"allowed_amount":30.00,"billing_code_modifier":[""],"providers":[{"billed_charge":75.00,"npi":[1114431087,1558772350,1881089910,1992791164]}]}]},{"tin":{"type":"ein","value":"831342609"},"service_code":["81"],"billing_class":"professional","payments":[{"allowed_amount":30.00,"billing_code_modifier":[""],"providers":[{"billed_charge":100.00,"npi":[1073101028,1487815387]}]}]},{"tin":{"type":"ein","value":"840611484"},"service_code":["81"],"billing_class":"professional","payments":[{"allowed_amount":25.00,"billing_code_modifier":[""],"providers":[{"billed_charge":25.00,"npi":[1255314704,1861465767]}]}]},{"tin":{"type":"ein","value":"842034373"},"service_code":["11"],"billing_class":"professional","payments":[{"allowed_amount":30.00,"billing_code_modifier":[""],"providers":[{"billed_charge":100.00,"npi":[1609410042]}]}]},{"tin":{"type":"ein","value":"842842319"},"service_code":["81"],"billing_class":"professional","payments":[{"allowed_amount":25.00,"billing_code_modifier":[""],"providers":[{"billed_charge":25.00,"npi":[1881226579]}]}]},{"tin":{"type":"ein","value":"843016042"},"service_code":["81"],"billing_class":"professional","payments":[{"allowed_amount":30.00,"billing_code_modifier":[""],"providers":[{"billed_charge":100.00,"npi":[1497390108,1598315574]}]}]},{"tin":{"type":"ein","value":"845172222"},"service_code":["81"],"billing_class":"professional","payments":[{"allowed_amount":25.00,"billing_code_modifier":[""],"providers":[{"billed_charge":75.00,"npi":[1346769593,1659588762]}]}]},{"tin":{"type":"ein","value":"845172222"},"service_code":["81"],"billing_class":"professional","payments":[{"allowed_amount":30.00,"billing_code_modifier":[""],"providers":[{"billed_charge":75.00,"npi":[1346769593,1659588762]}]}]},{"tin":{"type":"ein","value":"851054301"},"service_code":["81"],"billing_class":"professional","payments":[{"allowed_amount":30.00,"billing_code_modifier":[""],"providers":[{"billed_charge":75.00,"npi":[1336191980,1467030536]}]}]},{"tin":{"type":"ein","value":"851250885"},"service_code":["81"],"billing_class":"professional","payments":[{"allowed_amount":25.00,"billing_code_modifier":[""],"providers":[{"billed_charge":25.00,"npi":[1265042592]}]}]},{"tin":{"type":"ein","value":"851505927"},"service_code":["81"],"billing_class":"professional","payments":[{"allowed_amount":30.00,"billing_code_modifier":[""],"providers":[{"billed_charge":50.00,"npi":[1396733929,1548886922]}]}]},{"tin":{"type":"ein","value":"852364612"},"service_code":["81"],"billing_class":"professional","payments":[{"allowed_amount":30.00,"billing_code_modifier":[""],"providers":[{"billed_charge":75.00,"npi":[1740685387,1790386746]}]}]},{"tin":{"type":"ein","value":"852421177"},"service_code":["81"],"billing_class":"professional","payments":[{"allowed_amount":30.00,"billing_code_modifier":[""],"providers":[{"billed_charge":50.00,"npi":[1043313992,1366048019]}]}]},{"tin":{"type":"ein","value":"852766187"},"service_code":["81"],"billing_class":"professional","payments":[{"allowed_amount":30.00,"billing_code_modifier":[""],"providers":[{"billed_charge":50.00,"npi":[1255946869,1578779898,1790729911]}]}]},{"tin":{"type":"ein","value":"853312450"},"service_code":["81"],"billing_class":"professional","payments":[{"allowed_amount":30.00,"billing_code_modifier":[""],"providers":[{"billed_charge":150.00,"npi":[1033701701,1073629069,1902480296]}]}]},{"tin":{"type":"ein","value":"854285323"},"service_code":["81"],"billing_class":"professional","payments":[{"allowed_amount":30.00,"billing_code_modifier":[""],"providers":[{"billed_charge":50.00,"npi":[1053906636]}]}]},{"tin":{"type":"ein","value":"861826385"},"service_code":["81"],"billing_class":"professional","payments":[{"allowed_amount":30.00,"billing_code_modifier":[""],"providers":[{"billed_charge":100.00,"npi":[1346914843]}]}]},{"tin":{"type":"ein","value":"871963792"},"service_code":["81"],"billing_class":"professional","payments":[{"allowed_amount":30.00,"billing_code_modifier":[""],"providers":[{"billed_charge":50.00,"npi":[1083920888,1851059588]}]}]},{"tin":{"type":"ein","value":"873116471"},"service_code":["81"],"billing_class":"professional","payments":[{"allowed_amount":25.00,"billing_code_modifier":[""],"providers":[{"billed_charge":25.00,"npi":[1710641360]}]}]},{"tin":{"type":"ein","value":"880241758"},"service_code":["81"],"billing_class":"professional","payments":[{"allowed_amount":25.00,"billing_code_modifier":[""],"providers":[{"billed_charge":25.00,"npi":[1124417357,1356534994,1982688024,1992847644]}]}]}]},{"name":"LABORATORY - CLINICAL DIAGNOSTIC: HEMATOLOGY","billing_code_type":"RC","billing_code_type_version":"UB04","billing_code":"0305","description":"LABORATORY - CLINICAL DIAGNOSTIC: HEMATOLOGY","allowed_amounts":[{"tin":{"type":"ein","value":"823902974"},"service_code":["65"],"billing_class":"institutional","payments":[{"allowed_amount":0.11,"billing_code_modifier":[""],"providers":[{"billed_charge":7.33,"npi":[1841380284,1902313430]}]}]}]},{"name":"MANUAL THERAPY TQS 1\/> REGIONS EACH 15 MINUTES","billing_code_type":"CPT","billing_code_type_version":"2020","billing_code":"97140","description":"MANUAL THERAPY TQS 1\/> REGIONS EACH 15 MINUTES","allowed_amounts":[{"tin":{"type":"ein","value":"351470257"},"service_code":["11"],"billing_class":"professional","payments":[{"allowed_amount":31.32,"billing_code_modifier":[""],"providers":[{"billed_charge":94.00,"npi":[1679612006,1689696148,1720107824]}]}]}]},{"name":"MEDICAL\/SURGICAL SUPPLIES","billing_code_type":"RC","billing_code_type_version":"UB04","billing_code":"0270","description":"MEDICAL\/SURGICAL SUPPLIES","allowed_amounts":[{"tin":{"type":"ein","value":"823902974"},"service_code":["65"],"billing_class":"institutional","payments":[{"allowed_amount":0.86,"billing_code_modifier":[""],"providers":[{"billed_charge":116.34,"npi":[1841380284,1902313430]}]}]},{"tin":{"type":"ein","value":"823902974"},"service_code":["65"],"billing_class":"institutional","payments":[{"allowed_amount":1.61,"billing_code_modifier":[""],"providers":[{"billed_charge":116.34,"npi":[1841380284,1902313430]}]}]},{"tin":{"type":"ein","value":"823902974"},"service_code":["65"],"billing_class":"institutional","payments":[{"allowed_amount":1.81,"billing_code_modifier":[""],"providers":[{"billed_charge":116.34,"npi":[1841380284,1902313430]}]}]},{"tin":{"type":"ein","value":"823902974"},"service_code":["65"],"billing_class":"institutional","payments":[{"allowed_amount":1.90,"billing_code_modifier":[""],"providers":[{"billed_charge":58.17,"npi":[1841380284,1902313430]}]}]}]},{"name":"PSYCHOTHERAPY W\/PATIENT 45 MINUTES","billing_code_type":"CPT","billing_code_type_version":"2020","billing_code":"90834","description":"PSYCHOTHERAPY W\/PATIENT 45 MINUTES","allowed_amounts":[{"tin":{"type":"ein","value":"813476135"},"service_code":["22"],"billing_class":"professional","payments":[{"allowed_amount":107.57,"billing_code_modifier":[""],"providers":[{"billed_charge":400.00,"npi":[1356947428,1891046512,1902322217]}]}]}]},{"name":"SARS-COV-2 COVID-19 AMP PRB HTT","billing_code_type":"HCPCS","billing_code_type_version":"HCPCS LEVEL II 2021","billing_code":"U0003","description":"SARS-COV-2 COVID-19 AMP PRB HTT","allowed_amounts":[{"tin":{"type":"ein","value":"113540038"},"service_code":["11"],"billing_class":"professional","payments":[{"allowed_amount":90.00,"billing_code_modifier":[""],"providers":[{"billed_charge":250.00,"npi":[1336355759]}]}]},{"tin":{"type":"ein","value":"113630760"},"service_code":["81"],"billing_class":"professional","payments":[{"allowed_amount":90.00,"billing_code_modifier":[""],"providers":[{"billed_charge":355.00,"npi":[1255468328]}]}]},{"tin":{"type":"ein","value":"133757370"},"service_code":["81"],"billing_class":"professional","payments":[{"allowed_amount":90.00,"billing_code_modifier":[""],"providers":[{"billed_charge":100.00,"npi":[1063497451]}]}]},{"tin":{"type":"ein","value":"203734391"},"service_code":["81"],"billing_class":"professional","payments":[{"allowed_amount":90.00,"billing_code_modifier":[""],"providers":[{"billed_charge":200.00,"npi":[1053584482]}]}]},{"tin":{"type":"ein","value":"222405059"},"service_code":["81"],"billing_class":"professional","payments":[{"allowed_amount":90.00,"billing_code_modifier":[""],"providers":[{"billed_charge":155.00,"npi":[1134277494]}]}]},{"tin":{"type":"ein","value":"260880495"},"service_code":["81"],"billing_class":"professional","payments":[{"allowed_amount":90.00,"billing_code_modifier":[""],"providers":[{"billed_charge":150.00,"npi":[1134377781]}]}]},{"tin":{"type":"ein","value":"350868085"},"service_code":["81"],"billing_class":"professional","payments":[{"allowed_amount":90.00,"billing_code_modifier":[""],"providers":[{"billed_charge":227.01,"npi":[1366407603,1992362131]}]}]},{"tin":{"type":"ein","value":"382084239"},"service_code":["81"],"billing_class":"professional","payments":[{"allowed_amount":90.00,"billing_code_modifier":[""],"providers":[{"billed_charge":100.00,"npi":[1225682602,1932166386,1992314918]}]}]},{"tin":{"type":"ein","value":"463371474"},"service_code":["81"],"billing_class":"professional","payments":[{"allowed_amount":90.00,"billing_code_modifier":[""],"providers":[{"billed_charge":120.00,"npi":[1588793848,1700212735]}]}]},{"tin":{"type":"ein","value":"471359076"},"service_code":["81"],"billing_class":"professional","payments":[{"allowed_amount":90.00,"billing_code_modifier":[""],"providers":[{"billed_charge":125.00,"npi":[1134538713,1275570715,1497846133,1518950310,1720495021,1760563845]}]}]},{"tin":{"type":"ein","value":"472462178"},"service_code":["81"],"billing_class":"professional","payments":[{"allowed_amount":90.00,"billing_code_modifier":[""],"providers":[{"billed_charge":250.00,"npi":[1144731605,1467854497,1508484569,1639311509,1962018374]}]}]},{"tin":{"type":"ein","value":"473170676"},"service_code":["81"],"billing_class":"professional","payments":[{"allowed_amount":90.00,"billing_code_modifier":[""],"providers":[{"billed_charge":225.00,"npi":[1003117847,1760076061]}]}]},{"tin":{"type":"ein","value":"473727159"},"service_code":["81"],"billing_class":"professional","payments":[{"allowed_amount":90.00,"billing_code_modifier":[""],"providers":[{"billed_charge":100.00,"npi":[1912521568]},{"billed_charge":125.00,"npi":[1912521568]}]},{"allowed_amount":90.00,"billing_code_modifier":[""],"providers":[{"billed_charge":100.00,"npi":[1912521568]},{"billed_charge":125.00,"npi":[1912521568]}]}]},{"tin":{"type":"ein","value":"473727159"},"service_code":["81"],"billing_class":"professional","payments":[{"allowed_amount":90.00,"billing_code_modifier":[""],"providers":[{"billed_charge":100.00,"npi":[1912521568]},{"billed_charge":125.00,"npi":[1912521568]}]},{"allowed_amount":90.00,"billing_code_modifier":[""],"providers":[{"billed_charge":100.00,"npi":[1912521568]},{"billed_charge":125.00,"npi":[1912521568]}]}]},{"tin":{"type":"ein","value":"473941659"},"service_code":["81"],"billing_class":"professional","payments":[{"allowed_amount":90.00,"billing_code_modifier":[""],"providers":[{"billed_charge":200.00,"npi":[1376152983]}]}]},{"tin":{"type":"ein","value":"475502891"},"service_code":["81"],"billing_class":"professional","payments":[{"allowed_amount":90.00,"billing_code_modifier":[""],"providers":[{"billed_charge":165.00,"npi":[1851992127,1902840283]}]}]},{"tin":{"type":"ein","value":"621433252"},"service_code":["81"],"billing_class":"professional","payments":[{"allowed_amount":90.00,"billing_code_modifier":[""],"providers":[{"billed_charge":125.00,"npi":[1689639544]}]}]},{"tin":{"type":"ein","value":"823438908"},"service_code":["11"],"billing_class":"professional","payments":[{"allowed_amount":90.00,"billing_code_modifier":[""],"providers":[{"billed_charge":300.00,"npi":[1114431087,1558772350,1881089910,1992791164]}]}]},{"tin":{"type":"ein","value":"840611484"},"service_code":["81"],"billing_class":"professional","payments":[{"allowed_amount":90.00,"billing_code_modifier":[""],"providers":[{"billed_charge":100.00,"npi":[1255314704,1861465767]}]}]},{"tin":{"type":"ein","value":"842842319"},"service_code":["81"],"billing_class":"professional","payments":[{"allowed_amount":90.00,"billing_code_modifier":[""],"providers":[{"billed_charge":300.00,"npi":[1881226579]}]}]},{"tin":{"type":"ein","value":"843016042"},"service_code":["81"],"billing_class":"professional","payments":[{"allowed_amount":90.00,"billing_code_modifier":[""],"providers":[{"billed_charge":250.00,"npi":[1497390108,1598315574]}]}]},{"tin":{"type":"ein","value":"845172222"},"service_code":["81"],"billing_class":"professional","payments":[{"allowed_amount":90.00,"billing_code_modifier":[""],"providers":[{"billed_charge":225.00,"npi":[1346769593,1659588762]}]}]},{"tin":{"type":"ein","value":"851054301"},"service_code":["81"],"billing_class":"professional","payments":[{"allowed_amount":90.00,"billing_code_modifier":[""],"providers":[{"billed_charge":225.00,"npi":[1336191980,1467030536]}]}]},{"tin":{"type":"ein","value":"851250885"},"service_code":["81"],"billing_class":"professional","payments":[{"allowed_amount":90.00,"billing_code_modifier":[""],"providers":[{"billed_charge":249.00,"npi":[1265042592]}]}]},{"tin":{"type":"ein","value":"852364612"},"service_code":["81"],"billing_class":"professional","payments":[{"allowed_amount":90.00,"billing_code_modifier":[""],"providers":[{"billed_charge":225.00,"npi":[1740685387,1790386746]}]}]},{"tin":{"type":"ein","value":"852421177"},"service_code":["81"],"billing_class":"professional","payments":[{"allowed_amount":90.00,"billing_code_modifier":[""],"providers":[{"billed_charge":200.00,"npi":[1043313992,1366048019]}]}]},{"tin":{"type":"ein","value":"853312450"},"service_code":["81"],"billing_class":"professional","payments":[{"allowed_amount":90.00,"billing_code_modifier":[""],"providers":[{"billed_charge":250.00,"npi":[1033701701,1073629069,1902480296]}]}]},{"tin":{"type":"ein","value":"854285323"},"service_code":["81"],"billing_class":"professional","payments":[{"allowed_amount":90.00,"billing_code_modifier":[""],"providers":[{"billed_charge":200.00,"npi":[1053906636]}]}]},{"tin":{"type":"ein","value":"861826385"},"service_code":["81"],"billing_class":"professional","payments":[{"allowed_amount":90.00,"billing_code_modifier":[""],"providers":[{"billed_charge":300.00,"npi":[1346914843]}]}]},{"tin":{"type":"ein","value":"871963792"},"service_code":["81"],"billing_class":"professional","payments":[{"allowed_amount":90.00,"billing_code_modifier":[""],"providers":[{"billed_charge":150.00,"npi":[1083920888,1851059588]}]}]},{"tin":{"type":"ein","value":"873116471"},"service_code":["81"],"billing_class":"professional","payments":[{"allowed_amount":90.00,"billing_code_modifier":[""],"providers":[{"billed_charge":150.00,"npi":[1710641360]}]}]},{"tin":{"type":"ein","value":"873649966"},"service_code":["81"],"billing_class":"professional","payments":[{"allowed_amount":90.00,"billing_code_modifier":[""],"providers":[{"billed_charge":149.00,"npi":[1366109720,1720162167]}]}]},{"tin":{"type":"ein","value":"880241758"},"service_code":["81"],"billing_class":"professional","payments":[{"allowed_amount":90.00,"billing_code_modifier":[""],"providers":[{"billed_charge":100.00,"npi":[1114014263,1124417357,1356534994,1518257138,1639279417,1982688024,1992847644]}]}]},{"tin":{"type":"ein","value":"990370089"},"service_code":["81"],"billing_class":"professional","payments":[{"allowed_amount":90.00,"billing_code_modifier":[""],"providers":[{"billed_charge":200.00,"npi":[1124233184,1265897078,1750798682]}]}]}]},{"name":"SPECIMEN COLLECT COVID-19","billing_code_type":"HCPCS","billing_code_type_version":"HCPCS LEVEL II 2021","billing_code":"G2023","description":"SPECIMEN COLLECT COVID-19","allowed_amounts":[{"tin":{"type":"ein","value":"471431584"},"service_code":["81"],"billing_class":"professional","payments":[{"allowed_amount":28.15,"billing_code_modifier":[""],"providers":[{"billed_charge":250.00,"npi":[1568839173]}]}]},{"tin":{"type":"ein","value":"822534591"},"service_code":["81"],"billing_class":"professional","payments":[{"allowed_amount":28.15,"billing_code_modifier":[""],"providers":[{"billed_charge":100.00,"npi":[1295252815]}]}]},{"tin":{"type":"ein","value":"823438908"},"service_code":["11"],"billing_class":"professional","payments":[{"allowed_amount":28.15,"billing_code_modifier":[""],"providers":[{"billed_charge":70.38,"npi":[1114431087,1558772350,1881089910]}]}]},{"tin":{"type":"ein","value":"831342609"},"service_code":["81"],"billing_class":"professional","payments":[{"allowed_amount":28.15,"billing_code_modifier":[""],"providers":[{"billed_charge":50.00,"npi":[1073101028,1487815387]}]}]},{"tin":{"type":"ein","value":"842842319"},"service_code":["81"],"billing_class":"professional","payments":[{"allowed_amount":28.15,"billing_code_modifier":[""],"providers":[{"billed_charge":35.00,"npi":[1881226579]}]}]},{"tin":{"type":"ein","value":"844333441"},"service_code":["11","81"],"billing_class":"professional","payments":[{"allowed_amount":28.15,"billing_code_modifier":[""],"providers":[{"billed_charge":50.00,"npi":[1477649168,1871106278]}]}]},{"tin":{"type":"ein","value":"845172222"},"service_code":["81"],"billing_class":"professional","payments":[{"allowed_amount":28.15,"billing_code_modifier":[""],"providers":[{"billed_charge":70.38,"npi":[1346769593,1659588762]}]}]},{"tin":{"type":"ein","value":"851054301"},"service_code":["81"],"billing_class":"professional","payments":[{"allowed_amount":28.15,"billing_code_modifier":[""],"providers":[{"billed_charge":70.00,"npi":[1336191980,1467030536]}]}]},{"tin":{"type":"ein","value":"851729048"},"service_code":["11"],"billing_class":"professional","payments":[{"allowed_amount":28.15,"billing_code_modifier":[""],"providers":[{"billed_charge":80.00,"npi":[1750970109,1952400715]}]}]},{"tin":{"type":"ein","value":"852364612"},"service_code":["81"],"billing_class":"professional","payments":[{"allowed_amount":28.15,"billing_code_modifier":[""],"providers":[{"billed_charge":70.00,"npi":[1740685387,1790386746]}]}]},{"tin":{"type":"ein","value":"852421177"},"service_code":["81"],"billing_class":"professional","payments":[{"allowed_amount":28.15,"billing_code_modifier":[""],"providers":[{"billed_charge":48.00,"npi":[1043313992,1366048019]},{"billed_charge":60.00,"npi":[1366048019]}]},{"allowed_amount":28.15,"billing_code_modifier":[""],"providers":[{"billed_charge":48.00,"npi":[1043313992,1366048019]},{"billed_charge":60.00,"npi":[1366048019]}]}]},{"tin":{"type":"ein","value":"852421177"},"service_code":["81"],"billing_class":"professional","payments":[{"allowed_amount":28.15,"billing_code_modifier":[""],"providers":[{"billed_charge":48.00,"npi":[1043313992,1366048019]},{"billed_charge":60.00,"npi":[1366048019]}]},{"allowed_amount":28.15,"billing_code_modifier":[""],"providers":[{"billed_charge":48.00,"npi":[1043313992,1366048019]},{"billed_charge":60.00,"npi":[1366048019]}]}]},{"tin":{"type":"ein","value":"852766187"},"service_code":["81"],"billing_class":"professional","payments":[{"allowed_amount":28.15,"billing_code_modifier":[""],"providers":[{"billed_charge":47.00,"npi":[1255946869,1790729911]}]}]},{"tin":{"type":"ein","value":"854285323"},"service_code":["81"],"billing_class":"professional","payments":[{"allowed_amount":28.15,"billing_code_modifier":[""],"providers":[{"billed_charge":30.00,"npi":[1053906636]}]}]},{"tin":{"type":"ein","value":"871963792"},"service_code":["81"],"billing_class":"professional","payments":[{"allowed_amount":28.15,"billing_code_modifier":[""],"providers":[{"billed_charge":50.00,"npi":[1083920888,1851059588]}]}]},{"tin":{"type":"ein","value":"990370089"},"service_code":["81"],"billing_class":"professional","payments":[{"allowed_amount":28.15,"billing_code_modifier":[""],"providers":[{"billed_charge":46.92,"npi":[1124233184,1265897078,1750798682]}]}]}]},{"name":"THERAPEUT ACTVITY DIRECT PT CONTACT EACH 15 MIN","billing_code_type":"CPT","billing_code_type_version":"2020","billing_code":"97530","description":"THERAPEUT ACTVITY DIRECT PT CONTACT EACH 15 MIN","allowed_amounts":[{"tin":{"type":"ein","value":"330571188"},"service_code":["11"],"billing_class":"professional","payments":[{"allowed_amount":20.00,"billing_code_modifier":[""],"providers":[{"billed_charge":20.00,"npi":[1083012793,1083971204,1114420270]}]}]}]},{"name":"THERAPEUTIC PX 1\/> AREAS EACH 15 MIN EXERCISES","billing_code_type":"CPT","billing_code_type_version":"2020","billing_code":"97110","description":"THERAPEUTIC PX 1\/> AREAS EACH 15 MIN EXERCISES","allowed_amounts":[{"tin":{"type":"ein","value":"351470257"},"service_code":["11"],"billing_class":"professional","payments":[{"allowed_amount":68.04,"billing_code_modifier":[""],"providers":[{"billed_charge":202.00,"npi":[1679612006,1689696148,1720107824]}]}]}]}]}
