{"reporting_entity_name": "IEC Group_DBA AmeriBen",
	"reporting_entity_type": "Third Party Administrator",
	"plan_name": "ARIZONA PIPELINE CO",
	"plan_id_type": "ein",
	"plan_id": "953336040",
	"plan_market_type": "group",
	"last_updated_on": "2023-08-01","Version": "1.0.0","out_of_network":[{"name":"RADIOLOGIC EXAM CHEST SINGLE VIEW","billing_code_type":"CPT","billing_code_type_version":"2020","billing_code":"71045","description":"RADIOLOGIC EXAM CHEST SINGLE VIEW","allowed_amounts":[{"tin":{"type":"ein","value":"845116186"},"service_code":["21"],"billing_class":"professional","payments":[{"allowed_amount":9.55,"billing_code_modifier":[""],"providers":[{"billed_charge":126.00,"npi":[1033745708,1306275235,1386616761,1487830907,1851369706,1851650923]}]}]}]}]}
