{"reporting_entity_name": "IEC Group_DBA AmeriBen",
	"reporting_entity_type": "Third Party Administrator",
	"plan_name": "THE DOCTORS MANAGEMENT COMPANY",
	"plan_id_type": "ein",
	"plan_id": "952958888",
	"plan_market_type": "group",
	"last_updated_on": "2025-04-01","Version": "1.0.0","out_of_network":[{"name":"ADAPT BHV TX PRTCL MODIFICAJ PHYS\/QHP EA 15 MIN","billing_code_type":"CPT","billing_code_type_version":"2020","billing_code":"97155","description":"ADAPT BHV TX PRTCL MODIFICAJ PHYS\/QHP EA 15 MIN","allowed_amounts":[{"tin":{"type":"ein","value":"821415259"},"service_code":["11"],"billing_class":"professional","payments":[{"allowed_amount":88.00,"billing_code_modifier":[""],"providers":[{"billed_charge":88.00,"npi":[1104371939,1700324555]}]}]}]},{"name":"ADAPTIVE BEHAVIOR TX BY PROTOCOL TECH EA 15 MIN","billing_code_type":"CPT","billing_code_type_version":"2020","billing_code":"97153","description":"ADAPTIVE BEHAVIOR TX BY PROTOCOL TECH EA 15 MIN","allowed_amounts":[{"tin":{"type":"ein","value":"264753045"},"service_code":["11"],"billing_class":"professional","payments":[{"allowed_amount":300.01,"billing_code_modifier":[""],"providers":[{"billed_charge":595.00,"npi":[1588967236]}]}]},{"tin":{"type":"ein","value":"821415259"},"service_code":["11"],"billing_class":"professional","payments":[{"allowed_amount":180.00,"billing_code_modifier":[""],"providers":[{"billed_charge":225.96,"npi":[1104371939,1700324555]}]}]},{"tin":{"type":"ein","value":"821415259"},"service_code":["11"],"billing_class":"professional","payments":[{"allowed_amount":300.01,"billing_code_modifier":[""],"providers":[{"billed_charge":346.20,"npi":[1104371939,1700324555]}]}]}]},{"name":"APPL MODALITY 1\/> AREAS TRACTION MECHANICAL","billing_code_type":"CPT","billing_code_type_version":"2020","billing_code":"97012","description":"APPL MODALITY 1\/> AREAS TRACTION MECHANICAL","allowed_amounts":[{"tin":{"type":"ein","value":"874570715"},"service_code":["11"],"billing_class":"professional","payments":[{"allowed_amount":40.00,"billing_code_modifier":[""],"providers":[{"billed_charge":62.00,"npi":[1043411325,1245967520]}]}]}]},{"name":"CHIROPRACTIC MANIPLTV TX EXTRASPINAL 1\/> REGION","billing_code_type":"CPT","billing_code_type_version":"2020","billing_code":"98943","description":"CHIROPRACTIC MANIPLTV TX EXTRASPINAL 1\/> REGION","allowed_amounts":[{"tin":{"type":"ein","value":"874570715"},"service_code":["11"],"billing_class":"professional","payments":[{"allowed_amount":55.00,"billing_code_modifier":[""],"providers":[{"billed_charge":62.00,"npi":[1043411325,1245967520]}]}]}]},{"name":"CHIROPRACTIC MANIPULATIVE TX SPINAL 5 REGIONS","billing_code_type":"CPT","billing_code_type_version":"2020","billing_code":"98942","description":"CHIROPRACTIC MANIPULATIVE TX SPINAL 5 REGIONS","allowed_amounts":[{"tin":{"type":"ein","value":"874570715"},"service_code":["11"],"billing_class":"professional","payments":[{"allowed_amount":90.00,"billing_code_modifier":[""],"providers":[{"billed_charge":92.00,"npi":[1043411325,1245967520]}]}]}]},{"name":"EXTRACORPOREAL SHOCK WAVE MUSCSKEL SYS NOS","billing_code_type":"CPT","billing_code_type_version":"2020","billing_code":"0101T","description":"EXTRACORPOREAL SHOCK WAVE MUSCSKEL SYS NOS","allowed_amounts":[{"tin":{"type":"ein","value":"874570715"},"service_code":["11"],"billing_class":"professional","payments":[{"allowed_amount":0.00,"billing_code_modifier":[""],"providers":[{"billed_charge":175.00,"npi":[1043411325,1245967520]}]}]}]},{"name":"MANUAL THERAPY TQS 1\/> REGIONS EACH 15 MINUTES","billing_code_type":"CPT","billing_code_type_version":"2020","billing_code":"97140","description":"MANUAL THERAPY TQS 1\/> REGIONS EACH 15 MINUTES","allowed_amounts":[{"tin":{"type":"ein","value":"200041221"},"service_code":["11"],"billing_class":"professional","payments":[{"allowed_amount":39.78,"billing_code_modifier":[""],"providers":[{"billed_charge":142.00,"npi":[1841362753]}]}]},{"tin":{"type":"ein","value":"200041221"},"service_code":["11"],"billing_class":"professional","payments":[{"allowed_amount":40.44,"billing_code_modifier":[""],"providers":[{"billed_charge":142.00,"npi":[1841362753]}]}]},{"tin":{"type":"ein","value":"202974619"},"service_code":["11"],"billing_class":"professional","payments":[{"allowed_amount":39.78,"billing_code_modifier":[""],"providers":[{"billed_charge":120.00,"npi":[1316933724,1407905458,1760824080,1962614222]}]}]},{"tin":{"type":"ein","value":"202974619"},"service_code":["11"],"billing_class":"professional","payments":[{"allowed_amount":40.44,"billing_code_modifier":[""],"providers":[{"billed_charge":120.00,"npi":[1316933724,1407905458,1760824080,1962614222]}]}]},{"tin":{"type":"ein","value":"450469236"},"service_code":["11"],"billing_class":"professional","payments":[{"allowed_amount":39.78,"billing_code_modifier":[""],"providers":[{"billed_charge":60.00,"npi":[1184638231,1386835023,1548284151]}]}]},{"tin":{"type":"ein","value":"800592511"},"service_code":["11"],"billing_class":"professional","payments":[{"allowed_amount":39.78,"billing_code_modifier":[""],"providers":[{"billed_charge":200.00,"npi":[1205073897,1255924254,1790110518]}]}]},{"tin":{"type":"ein","value":"800592511"},"service_code":["11"],"billing_class":"professional","payments":[{"allowed_amount":40.44,"billing_code_modifier":[""],"providers":[{"billed_charge":200.00,"npi":[1205073897,1255924254,1790110518]}]}]},{"tin":{"type":"ein","value":"800592511"},"service_code":["11"],"billing_class":"professional","payments":[{"allowed_amount":80.88,"billing_code_modifier":[""],"providers":[{"billed_charge":400.00,"npi":[1255924254,1790110518]}]}]},{"tin":{"type":"ein","value":"874570715"},"service_code":["11"],"billing_class":"professional","payments":[{"allowed_amount":57.00,"billing_code_modifier":[""],"providers":[{"billed_charge":79.00,"npi":[1043411325,1245967520]}]}]}]},{"name":"PSYCHOTHERAPY W\/PATIENT 45 MINUTES","billing_code_type":"CPT","billing_code_type_version":"2020","billing_code":"90834","description":"PSYCHOTHERAPY W\/PATIENT 45 MINUTES","allowed_amounts":[{"tin":{"type":"ein","value":"024345235"},"service_code":["11"],"billing_class":"professional","payments":[{"allowed_amount":225.00,"billing_code_modifier":[""],"providers":[{"billed_charge":225.00,"npi":[1134425069]}]}]},{"tin":{"type":"ein","value":"128541213"},"service_code":["02"],"billing_class":"professional","payments":[{"allowed_amount":225.00,"billing_code_modifier":[""],"providers":[{"billed_charge":225.00,"npi":[1427658483]}]}]},{"tin":{"type":"ein","value":"128541213"},"service_code":["11"],"billing_class":"professional","payments":[{"allowed_amount":152.27,"billing_code_modifier":[""],"providers":[{"billed_charge":225.00,"npi":[1427658483]}]}]},{"tin":{"type":"ein","value":"128541213"},"service_code":["11"],"billing_class":"professional","payments":[{"allowed_amount":154.79,"billing_code_modifier":[""],"providers":[{"billed_charge":225.00,"npi":[1427658483]}]}]},{"tin":{"type":"ein","value":"760799290"},"service_code":["02","11"],"billing_class":"professional","payments":[{"allowed_amount":154.79,"billing_code_modifier":[""],"providers":[{"billed_charge":350.00,"npi":[1043382922]}]}]},{"tin":{"type":"ein","value":"800651348"},"service_code":["11"],"billing_class":"professional","payments":[{"allowed_amount":160.00,"billing_code_modifier":[""],"providers":[{"billed_charge":160.00,"npi":[1366097495,1881730513]}]}]}]},{"name":"THER PX 1\/> AREAS EACH 15 MIN NEUROMUSC REEDUCA","billing_code_type":"CPT","billing_code_type_version":"2020","billing_code":"97112","description":"THER PX 1\/> AREAS EACH 15 MIN NEUROMUSC REEDUCA","allowed_amounts":[{"tin":{"type":"ein","value":"200041221"},"service_code":["11"],"billing_class":"professional","payments":[{"allowed_amount":49.61,"billing_code_modifier":[""],"providers":[{"billed_charge":185.00,"npi":[1841362753]}]}]},{"tin":{"type":"ein","value":"200041221"},"service_code":["11"],"billing_class":"professional","payments":[{"allowed_amount":50.43,"billing_code_modifier":[""],"providers":[{"billed_charge":185.00,"npi":[1841362753]}]}]},{"tin":{"type":"ein","value":"202974619"},"service_code":["11"],"billing_class":"professional","payments":[{"allowed_amount":49.61,"billing_code_modifier":[""],"providers":[{"billed_charge":120.00,"npi":[1316933724,1407905458,1760824080,1962614222]}]}]},{"tin":{"type":"ein","value":"202974619"},"service_code":["11"],"billing_class":"professional","payments":[{"allowed_amount":50.43,"billing_code_modifier":[""],"providers":[{"billed_charge":120.00,"npi":[1316933724,1407905458,1760824080,1962614222]}]}]},{"tin":{"type":"ein","value":"800592511"},"service_code":["11"],"billing_class":"professional","payments":[{"allowed_amount":49.61,"billing_code_modifier":[""],"providers":[{"billed_charge":200.00,"npi":[1205073897,1255924254,1790110518]}]}]},{"tin":{"type":"ein","value":"800592511"},"service_code":["11"],"billing_class":"professional","payments":[{"allowed_amount":50.43,"billing_code_modifier":[""],"providers":[{"billed_charge":200.00,"npi":[1255924254,1790110518]}]}]},{"tin":{"type":"ein","value":"800592511"},"service_code":["11"],"billing_class":"professional","payments":[{"allowed_amount":99.22,"billing_code_modifier":[""],"providers":[{"billed_charge":400.00,"npi":[1205073897,1255924254,1790110518]}]}]},{"tin":{"type":"ein","value":"800592511"},"service_code":["11"],"billing_class":"professional","payments":[{"allowed_amount":100.86,"billing_code_modifier":[""],"providers":[{"billed_charge":400.00,"npi":[1205073897,1255924254,1790110518]}]}]},{"tin":{"type":"ein","value":"822088711"},"service_code":["11"],"billing_class":"professional","payments":[{"allowed_amount":49.61,"billing_code_modifier":[""],"providers":[{"billed_charge":65.00,"npi":[1386106128,1568817997]}]}]}]},{"name":"THERAPEUT ACTVITY DIRECT PT CONTACT EACH 15 MIN","billing_code_type":"CPT","billing_code_type_version":"2020","billing_code":"97530","description":"THERAPEUT ACTVITY DIRECT PT CONTACT EACH 15 MIN","allowed_amounts":[{"tin":{"type":"ein","value":"202974619"},"service_code":["11"],"billing_class":"professional","payments":[{"allowed_amount":108.06,"billing_code_modifier":[""],"providers":[{"billed_charge":240.00,"npi":[1316933724,1407905458,1760824080,1962614222]}]}]},{"tin":{"type":"ein","value":"202974619"},"service_code":["11"],"billing_class":"professional","payments":[{"allowed_amount":109.86,"billing_code_modifier":[""],"providers":[{"billed_charge":240.00,"npi":[1316933724,1407905458,1760824080,1962614222]}]}]},{"tin":{"type":"ein","value":"874570715"},"service_code":["11"],"billing_class":"professional","payments":[{"allowed_amount":135.00,"billing_code_modifier":[""],"providers":[{"billed_charge":135.00,"npi":[1043411325,1245967520]}]}]}]},{"name":"THERAPEUTIC PX 1\/> AREAS EACH 15 MIN EXERCISES","billing_code_type":"CPT","billing_code_type_version":"2020","billing_code":"97110","description":"THERAPEUTIC PX 1\/> AREAS EACH 15 MIN EXERCISES","allowed_amounts":[{"tin":{"type":"ein","value":"134200652"},"service_code":["11"],"billing_class":"professional","payments":[{"allowed_amount":43.22,"billing_code_modifier":[""],"providers":[{"billed_charge":51.00,"npi":[1801944657]}]}]},{"tin":{"type":"ein","value":"134200652"},"service_code":["11"],"billing_class":"professional","payments":[{"allowed_amount":43.94,"billing_code_modifier":[""],"providers":[{"billed_charge":51.00,"npi":[1801944657]}]}]},{"tin":{"type":"ein","value":"200041221"},"service_code":["11"],"billing_class":"professional","payments":[{"allowed_amount":43.22,"billing_code_modifier":[""],"providers":[{"billed_charge":175.00,"npi":[1841362753]}]}]},{"tin":{"type":"ein","value":"200041221"},"service_code":["11"],"billing_class":"professional","payments":[{"allowed_amount":43.94,"billing_code_modifier":[""],"providers":[{"billed_charge":175.00,"npi":[1841362753]}]}]},{"tin":{"type":"ein","value":"200480022"},"service_code":["11"],"billing_class":"professional","payments":[{"allowed_amount":43.22,"billing_code_modifier":[""],"providers":[{"billed_charge":180.00,"npi":[1275606642]}]}]},{"tin":{"type":"ein","value":"200480022"},"service_code":["11"],"billing_class":"professional","payments":[{"allowed_amount":43.94,"billing_code_modifier":[""],"providers":[{"billed_charge":180.00,"npi":[1275606642]}]}]},{"tin":{"type":"ein","value":"202974619"},"service_code":["11"],"billing_class":"professional","payments":[{"allowed_amount":43.22,"billing_code_modifier":[""],"providers":[{"billed_charge":120.00,"npi":[1316933724,1407905458,1760824080,1962614222]}]}]},{"tin":{"type":"ein","value":"202974619"},"service_code":["11"],"billing_class":"professional","payments":[{"allowed_amount":43.94,"billing_code_modifier":[""],"providers":[{"billed_charge":120.00,"npi":[1316933724,1407905458,1760824080,1962614222]}]}]},{"tin":{"type":"ein","value":"450469236"},"service_code":["11"],"billing_class":"professional","payments":[{"allowed_amount":43.22,"billing_code_modifier":[""],"providers":[{"billed_charge":60.00,"npi":[1184638231,1386835023,1548284151]}]}]},{"tin":{"type":"ein","value":"800592511"},"service_code":["11"],"billing_class":"professional","payments":[{"allowed_amount":43.22,"billing_code_modifier":[""],"providers":[{"billed_charge":200.00,"npi":[1205073897,1790110518]}]}]},{"tin":{"type":"ein","value":"800592511"},"service_code":["11"],"billing_class":"professional","payments":[{"allowed_amount":86.44,"billing_code_modifier":[""],"providers":[{"billed_charge":400.00,"npi":[1205073897,1255924254,1790110518]}]}]},{"tin":{"type":"ein","value":"800592511"},"service_code":["11"],"billing_class":"professional","payments":[{"allowed_amount":87.88,"billing_code_modifier":[""],"providers":[{"billed_charge":400.00,"npi":[1205073897,1255924254,1790110518]}]}]},{"tin":{"type":"ein","value":"822088711"},"service_code":["11"],"billing_class":"professional","payments":[{"allowed_amount":43.22,"billing_code_modifier":[""],"providers":[{"billed_charge":75.00,"npi":[1386106128,1568817997]}]}]},{"tin":{"type":"ein","value":"990960256"},"service_code":["11"],"billing_class":"professional","payments":[{"allowed_amount":86.44,"billing_code_modifier":[""],"providers":[{"billed_charge":300.00,"npi":[1306357074,1992705859]}]}]}]}]}
