{"reporting_entity_name": "IEC Group_DBA AmeriBen",
	"reporting_entity_type": "Third Party Administrator",
	"plan_name": "CARTER'S",
	"plan_id_type": "ein",
	"plan_id": "041156680",
	"plan_market_type": "group",
	"last_updated_on": "2025-05-01","Version": "1.0.0","out_of_network":[{"name":"ACUPUNCTURE 1\/> NDLS W\/ESTIM 1ST 15 MIN","billing_code_type":"CPT","billing_code_type_version":"2020","billing_code":"97813","description":"ACUPUNCTURE 1\/> NDLS W\/ESTIM 1ST 15 MIN","allowed_amounts":[{"tin":{"type":"ein","value":"862230952"},"service_code":["11"],"billing_class":"professional","payments":[{"allowed_amount":60.11,"billing_code_modifier":[""],"providers":[{"billed_charge":110.00,"npi":[1093300469,1386034759]}]}]}]},{"name":"ACUPUNCTURE 1\/> NDLS W\/ESTIM EACH ADDL 15 MIN","billing_code_type":"CPT","billing_code_type_version":"2020","billing_code":"97814","description":"ACUPUNCTURE 1\/> NDLS W\/ESTIM EACH ADDL 15 MIN","allowed_amounts":[{"tin":{"type":"ein","value":"862230952"},"service_code":["11"],"billing_class":"professional","payments":[{"allowed_amount":96.65,"billing_code_modifier":[""],"providers":[{"billed_charge":180.00,"npi":[1093300469,1386034759]}]}]}]},{"name":"ASSAY OF PROGESTERONE","billing_code_type":"CPT","billing_code_type_version":"2020","billing_code":"84144","description":"ASSAY OF PROGESTERONE","allowed_amounts":[{"tin":{"type":"ein","value":"113305859"},"service_code":["81"],"billing_class":"professional","payments":[{"allowed_amount":20.43,"billing_code_modifier":[""],"providers":[{"billed_charge":465.00,"npi":[1497869184,1578937496]}]}]}]},{"name":"ASSAY OF TOTAL ESTRADIOL","billing_code_type":"CPT","billing_code_type_version":"2020","billing_code":"82670","description":"ASSAY OF TOTAL ESTRADIOL","allowed_amounts":[{"tin":{"type":"ein","value":"113305859"},"service_code":["81"],"billing_class":"professional","payments":[{"allowed_amount":27.18,"billing_code_modifier":[""],"providers":[{"billed_charge":465.00,"npi":[1497869184,1578937496]}]}]}]},{"name":"CHIROPRACTIC MANIPLTV TX EXTRASPINAL 1\/> REGION","billing_code_type":"CPT","billing_code_type_version":"2020","billing_code":"98943","description":"CHIROPRACTIC MANIPLTV TX EXTRASPINAL 1\/> REGION","allowed_amounts":[{"tin":{"type":"ein","value":"991493723"},"service_code":["11"],"billing_class":"professional","payments":[{"allowed_amount":30.30,"billing_code_modifier":[""],"providers":[{"billed_charge":75.00,"npi":[1548802333,1730945171]},{"billed_charge":95.00,"npi":[1548802333,1730945171]}]},{"allowed_amount":30.30,"billing_code_modifier":[""],"providers":[{"billed_charge":75.00,"npi":[1548802333,1730945171]},{"billed_charge":95.00,"npi":[1548802333,1730945171]}]}]},{"tin":{"type":"ein","value":"991493723"},"service_code":["11"],"billing_class":"professional","payments":[{"allowed_amount":30.30,"billing_code_modifier":[""],"providers":[{"billed_charge":75.00,"npi":[1548802333,1730945171]},{"billed_charge":95.00,"npi":[1548802333,1730945171]}]},{"allowed_amount":30.30,"billing_code_modifier":[""],"providers":[{"billed_charge":75.00,"npi":[1548802333,1730945171]},{"billed_charge":95.00,"npi":[1548802333,1730945171]}]}]}]},{"name":"CHIROPRACTIC MANIPULATIVE TX SPINAL 3-4 REGIONS","billing_code_type":"CPT","billing_code_type_version":"2020","billing_code":"98941","description":"CHIROPRACTIC MANIPULATIVE TX SPINAL 3-4 REGIONS","allowed_amounts":[{"tin":{"type":"ein","value":"270298215"},"service_code":["11"],"billing_class":"professional","payments":[{"allowed_amount":47.14,"billing_code_modifier":[""],"providers":[{"billed_charge":50.00,"npi":[1477876589,1578780730]}]}]},{"tin":{"type":"ein","value":"832167435"},"service_code":["11"],"billing_class":"professional","payments":[{"allowed_amount":47.14,"billing_code_modifier":[""],"providers":[{"billed_charge":70.00,"npi":[1093892929,1841825122]}]}]},{"tin":{"type":"ein","value":"991493723"},"service_code":["11"],"billing_class":"professional","payments":[{"allowed_amount":46.62,"billing_code_modifier":[""],"providers":[{"billed_charge":125.00,"npi":[1548802333,1730945171]}]}]}]},{"name":"COLLECTION VENOUS BLOOD VENIPUNCTURE","billing_code_type":"CPT","billing_code_type_version":"2020","billing_code":"36415","description":"COLLECTION VENOUS BLOOD VENIPUNCTURE","allowed_amounts":[{"tin":{"type":"ein","value":"382084239"},"service_code":["81"],"billing_class":"professional","payments":[{"allowed_amount":10.67,"billing_code_modifier":[""],"providers":[{"billed_charge":36.40,"npi":[1033787122,1063520419,1215627005,1518029750,1548905326,1568420081,1790167799,1902841307,1932166386,1972545119]}]}]}]},{"name":"COMPREHENSIVE METABOLIC PANEL","billing_code_type":"CPT","billing_code_type_version":"2020","billing_code":"80053","description":"COMPREHENSIVE METABOLIC PANEL","allowed_amounts":[{"tin":{"type":"ein","value":"382084239"},"service_code":["81"],"billing_class":"professional","payments":[{"allowed_amount":10.57,"billing_code_modifier":[""],"providers":[{"billed_charge":71.86,"npi":[1902841307,1932166386]},{"billed_charge":100.75,"npi":[1033787122,1417393893,1518029750,1548905326,1558595066,1932166386]}]},{"allowed_amount":10.57,"billing_code_modifier":[""],"providers":[{"billed_charge":71.86,"npi":[1902841307,1932166386]},{"billed_charge":100.75,"npi":[1033787122,1417393893,1518029750,1548905326,1558595066,1932166386]}]}]},{"tin":{"type":"ein","value":"382084239"},"service_code":["81"],"billing_class":"professional","payments":[{"allowed_amount":10.57,"billing_code_modifier":[""],"providers":[{"billed_charge":71.86,"npi":[1902841307,1932166386]},{"billed_charge":100.75,"npi":[1033787122,1417393893,1518029750,1548905326,1558595066,1932166386]}]},{"allowed_amount":10.57,"billing_code_modifier":[""],"providers":[{"billed_charge":71.86,"npi":[1902841307,1932166386]},{"billed_charge":100.75,"npi":[1033787122,1417393893,1518029750,1548905326,1558595066,1932166386]}]}]},{"tin":{"type":"ein","value":"810576059"},"service_code":["81"],"billing_class":"professional","payments":[{"allowed_amount":10.57,"billing_code_modifier":[""],"providers":[{"billed_charge":21.12,"npi":[1144781980,1235186800,1356846851,1730283284,1982133633]}]}]}]},{"name":"DRUGS REQUIRE SPECIFIC ID: DRUGS REQUIRING DETAIL","billing_code_type":"RC","billing_code_type_version":"UB04","billing_code":"0636","description":"DRUGS REQUIRE SPECIFIC ID: DRUGS REQUIRING DETAIL","allowed_amounts":[{"tin":{"type":"ein","value":"620850498"},"service_code":["65"],"billing_class":"institutional","payments":[{"allowed_amount":2.61,"billing_code_modifier":[""],"providers":[{"billed_charge":29.30,"npi":[1043243421,1558547943]}]}]},{"tin":{"type":"ein","value":"620850498"},"service_code":["65"],"billing_class":"institutional","payments":[{"allowed_amount":2.65,"billing_code_modifier":[""],"providers":[{"billed_charge":29.30,"npi":[1043243421,1558547943]}]}]},{"tin":{"type":"ein","value":"620850498"},"service_code":["65"],"billing_class":"institutional","payments":[{"allowed_amount":2.68,"billing_code_modifier":[""],"providers":[{"billed_charge":29.30,"npi":[1043243421,1558547943]}]}]},{"tin":{"type":"ein","value":"620850498"},"service_code":["65"],"billing_class":"institutional","payments":[{"allowed_amount":5.22,"billing_code_modifier":[""],"providers":[{"billed_charge":58.60,"npi":[1043243421,1558547943]}]}]},{"tin":{"type":"ein","value":"620850498"},"service_code":["65"],"billing_class":"institutional","payments":[{"allowed_amount":5.37,"billing_code_modifier":[""],"providers":[{"billed_charge":58.60,"npi":[1043243421,1558547943]}]}]}]},{"name":"GONADOTROPIN FOLLICLE STIMULATING HORMONE","billing_code_type":"CPT","billing_code_type_version":"2020","billing_code":"83001","description":"GONADOTROPIN FOLLICLE STIMULATING HORMONE","allowed_amounts":[{"tin":{"type":"ein","value":"113305859"},"service_code":["81"],"billing_class":"professional","payments":[{"allowed_amount":18.61,"billing_code_modifier":[""],"providers":[{"billed_charge":395.00,"npi":[1497869184,1578937496]}]}]},{"tin":{"type":"ein","value":"810576059"},"service_code":["81"],"billing_class":"professional","payments":[{"allowed_amount":18.61,"billing_code_modifier":[""],"providers":[{"billed_charge":77.91,"npi":[1225881287,1235186800]}]}]}]},{"name":"GONADOTROPIN LUTEINIZING HORMONE","billing_code_type":"CPT","billing_code_type_version":"2020","billing_code":"83002","description":"GONADOTROPIN LUTEINIZING HORMONE","allowed_amounts":[{"tin":{"type":"ein","value":"113305859"},"service_code":["81"],"billing_class":"professional","payments":[{"allowed_amount":18.55,"billing_code_modifier":[""],"providers":[{"billed_charge":395.00,"npi":[1497869184,1578937496]}]}]}]},{"name":"HEMO OPD\/HOME: HEMODIALYSIS COMP OR OTHER RATE","billing_code_type":"RC","billing_code_type_version":"UB04","billing_code":"0821","description":"HEMO OPD\/HOME: HEMODIALYSIS COMP OR OTHER RATE","allowed_amounts":[{"tin":{"type":"ein","value":"620850498"},"service_code":["65"],"billing_class":"institutional","payments":[{"allowed_amount":255.77,"billing_code_modifier":[""],"providers":[{"billed_charge":2870.00,"npi":[1043243421,1558547943]}]}]},{"tin":{"type":"ein","value":"620850498"},"service_code":["65"],"billing_class":"institutional","payments":[{"allowed_amount":262.91,"billing_code_modifier":[""],"providers":[{"billed_charge":2870.00,"npi":[1043243421,1558547943]}]}]}]},{"name":"HEMOGLOBIN GLYCOSYLATED A1C","billing_code_type":"CPT","billing_code_type_version":"2020","billing_code":"83036","description":"HEMOGLOBIN GLYCOSYLATED A1C","allowed_amounts":[{"tin":{"type":"ein","value":"112981841"},"service_code":["81"],"billing_class":"professional","payments":[{"allowed_amount":9.72,"billing_code_modifier":[""],"providers":[{"billed_charge":85.00,"npi":[1033281126,1811575798]}]}]},{"tin":{"type":"ein","value":"133757370"},"service_code":["81"],"billing_class":"professional","payments":[{"allowed_amount":9.72,"billing_code_modifier":[""],"providers":[{"billed_charge":69.30,"npi":[1265069769,1295726032]}]}]},{"tin":{"type":"ein","value":"233079507"},"service_code":["81"],"billing_class":"professional","payments":[{"allowed_amount":9.72,"billing_code_modifier":[""],"providers":[{"billed_charge":55.00,"npi":[1043271539,1851351571]}]}]},{"tin":{"type":"ein","value":"382084239"},"service_code":["81"],"billing_class":"professional","payments":[{"allowed_amount":9.72,"billing_code_modifier":[""],"providers":[{"billed_charge":84.95,"npi":[1790167799,1932166386,1972545119]}]}]},{"tin":{"type":"ein","value":"810576059"},"service_code":["81"],"billing_class":"professional","payments":[{"allowed_amount":9.72,"billing_code_modifier":[""],"providers":[{"billed_charge":40.68,"npi":[1144781980,1225881287,1235186800,1356846851,1639354434]}]}]}]},{"name":"LIPID PANEL","billing_code_type":"CPT","billing_code_type_version":"2020","billing_code":"80061","description":"LIPID PANEL","allowed_amounts":[{"tin":{"type":"ein","value":"112981841"},"service_code":["81"],"billing_class":"professional","payments":[{"allowed_amount":13.41,"billing_code_modifier":[""],"providers":[{"billed_charge":75.00,"npi":[1033281126,1811575798]}]}]},{"tin":{"type":"ein","value":"382084239"},"service_code":["81"],"billing_class":"professional","payments":[{"allowed_amount":13.41,"billing_code_modifier":[""],"providers":[{"billed_charge":169.43,"npi":[1033787122,1215627005,1417393893,1467065433,1548905326,1568420081,1790167799,1932166386,1972545119]}]}]},{"tin":{"type":"ein","value":"742554159"},"service_code":["81"],"billing_class":"professional","payments":[{"allowed_amount":13.41,"billing_code_modifier":[""],"providers":[{"billed_charge":91.00,"npi":[1174961304,1194769497]}]}]},{"tin":{"type":"ein","value":"810576059"},"service_code":["81"],"billing_class":"professional","payments":[{"allowed_amount":13.41,"billing_code_modifier":[""],"providers":[{"billed_charge":56.16,"npi":[1144781980,1235186800,1356846851,1639354434,1689602138,1982133633]}]}]}]},{"name":"MANUAL THERAPY TQS 1\/> REGIONS EACH 15 MINUTES","billing_code_type":"CPT","billing_code_type_version":"2020","billing_code":"97140","description":"MANUAL THERAPY TQS 1\/> REGIONS EACH 15 MINUTES","allowed_amounts":[{"tin":{"type":"ein","value":"862230952"},"service_code":["11"],"billing_class":"professional","payments":[{"allowed_amount":35.82,"billing_code_modifier":[""],"providers":[{"billed_charge":75.00,"npi":[1093300469,1386034759]}]}]},{"tin":{"type":"ein","value":"921056074"},"service_code":["11"],"billing_class":"professional","payments":[{"allowed_amount":24.16,"billing_code_modifier":[""],"providers":[{"billed_charge":75.00,"npi":[1588219695,1679264659,1902993991]}]}]}]},{"name":"MEDICAL\/SURGICAL SUPPLIES","billing_code_type":"RC","billing_code_type_version":"UB04","billing_code":"0270","description":"MEDICAL\/SURGICAL SUPPLIES","allowed_amounts":[{"tin":{"type":"ein","value":"453646008"},"service_code":["65"],"billing_class":"institutional","payments":[{"allowed_amount":4.08,"billing_code_modifier":[""],"providers":[{"billed_charge":238.84,"npi":[1366477424,1629322557]}]}]},{"tin":{"type":"ein","value":"620850498"},"service_code":["65"],"billing_class":"institutional","payments":[{"allowed_amount":1.06,"billing_code_modifier":[""],"providers":[{"billed_charge":11.89,"npi":[1043243421,1558547943]}]}]},{"tin":{"type":"ein","value":"620850498"},"service_code":["65"],"billing_class":"institutional","payments":[{"allowed_amount":1.09,"billing_code_modifier":[""],"providers":[{"billed_charge":11.89,"npi":[1043243421,1558547943]}]}]},{"tin":{"type":"ein","value":"620850498"},"service_code":["65"],"billing_class":"institutional","payments":[{"allowed_amount":4.76,"billing_code_modifier":[""],"providers":[{"billed_charge":53.45,"npi":[1043243421,1558547943]}]}]},{"tin":{"type":"ein","value":"620850498"},"service_code":["65"],"billing_class":"institutional","payments":[{"allowed_amount":4.90,"billing_code_modifier":[""],"providers":[{"billed_charge":53.45,"npi":[1043243421,1558547943]}]}]},{"tin":{"type":"ein","value":"620850498"},"service_code":["65"],"billing_class":"institutional","payments":[{"allowed_amount":7.62,"billing_code_modifier":[""],"providers":[{"billed_charge":83.16,"npi":[1043243421,1558547943]}]}]}]},{"name":"PHARMACY","billing_code_type":"RC","billing_code_type_version":"UB04","billing_code":"0250","description":"PHARMACY","allowed_amounts":[{"tin":{"type":"ein","value":"620850498"},"service_code":["65"],"billing_class":"institutional","payments":[{"allowed_amount":0.58,"billing_code_modifier":[""],"providers":[{"billed_charge":6.46,"npi":[1043243421,1558547943]}]}]},{"tin":{"type":"ein","value":"620850498"},"service_code":["65"],"billing_class":"institutional","payments":[{"allowed_amount":0.59,"billing_code_modifier":[""],"providers":[{"billed_charge":6.46,"npi":[1043243421,1558547943]}]}]}]},{"name":"PSYCHOTHERAPY W\/PATIENT 45 MINUTES","billing_code_type":"CPT","billing_code_type_version":"2020","billing_code":"90834","description":"PSYCHOTHERAPY W\/PATIENT 45 MINUTES","allowed_amounts":[{"tin":{"type":"ein","value":"451642865"},"service_code":["11"],"billing_class":"professional","payments":[{"allowed_amount":136.08,"billing_code_modifier":[""],"providers":[{"billed_charge":250.00,"npi":[1881750198]}]}]},{"tin":{"type":"ein","value":"474582976"},"service_code":["11"],"billing_class":"professional","payments":[{"allowed_amount":136.08,"billing_code_modifier":[""],"providers":[{"billed_charge":325.00,"npi":[1053692772,1457722431]}]}]}]},{"name":"THER PX 1\/> AREAS EACH 15 MIN NEUROMUSC REEDUCA","billing_code_type":"CPT","billing_code_type_version":"2020","billing_code":"97112","description":"THER PX 1\/> AREAS EACH 15 MIN NEUROMUSC REEDUCA","allowed_amounts":[{"tin":{"type":"ein","value":"382617193"},"service_code":["11"],"billing_class":"professional","payments":[{"allowed_amount":30.38,"billing_code_modifier":[""],"providers":[{"billed_charge":66.00,"npi":[1104832906,1649356783,1922654128]}]}]},{"tin":{"type":"ein","value":"474077571"},"service_code":["11"],"billing_class":"professional","payments":[{"allowed_amount":30.38,"billing_code_modifier":[""],"providers":[{"billed_charge":51.25,"npi":[1083605687,1154795110,1407289903]}]}]},{"tin":{"type":"ein","value":"921056074"},"service_code":["11"],"billing_class":"professional","payments":[{"allowed_amount":58.49,"billing_code_modifier":[""],"providers":[{"billed_charge":250.00,"npi":[1588219695,1679264659,1902993991]}]}]}]},{"name":"THERAPEUT ACTVITY DIRECT PT CONTACT EACH 15 MIN","billing_code_type":"CPT","billing_code_type_version":"2020","billing_code":"97530","description":"THERAPEUT ACTVITY DIRECT PT CONTACT EACH 15 MIN","allowed_amounts":[{"tin":{"type":"ein","value":"382617193"},"service_code":["11"],"billing_class":"professional","payments":[{"allowed_amount":43.91,"billing_code_modifier":[""],"providers":[{"billed_charge":68.00,"npi":[1104832906,1649356783,1922654128]}]}]},{"tin":{"type":"ein","value":"474077571"},"service_code":["11"],"billing_class":"professional","payments":[{"allowed_amount":43.91,"billing_code_modifier":[""],"providers":[{"billed_charge":51.25,"npi":[1083605687,1154795110,1407289903]}]}]},{"tin":{"type":"ein","value":"921056074"},"service_code":["11"],"billing_class":"professional","payments":[{"allowed_amount":40.96,"billing_code_modifier":[""],"providers":[{"billed_charge":150.00,"npi":[1588219695,1679264659,1902993991]}]}]}]},{"name":"THERAPEUTIC PX 1\/> AREAS EACH 15 MIN EXERCISES","billing_code_type":"CPT","billing_code_type_version":"2020","billing_code":"97110","description":"THERAPEUTIC PX 1\/> AREAS EACH 15 MIN EXERCISES","allowed_amounts":[{"tin":{"type":"ein","value":"382617193"},"service_code":["11"],"billing_class":"professional","payments":[{"allowed_amount":26.78,"billing_code_modifier":[""],"providers":[{"billed_charge":74.00,"npi":[1104832906,1649356783,1922654128]}]}]},{"tin":{"type":"ein","value":"474077571"},"service_code":["11"],"billing_class":"professional","payments":[{"allowed_amount":26.78,"billing_code_modifier":[""],"providers":[{"billed_charge":51.25,"npi":[1083605687,1154795110,1407289903]}]}]},{"tin":{"type":"ein","value":"921056074"},"service_code":["11"],"billing_class":"professional","payments":[{"allowed_amount":25.84,"billing_code_modifier":[""],"providers":[{"billed_charge":100.00,"npi":[1588219695,1679264659,1902993991]}]}]}]},{"name":"US TRANSVAGINAL","billing_code_type":"CPT","billing_code_type_version":"2020","billing_code":"76830","description":"US TRANSVAGINAL","allowed_amounts":[{"tin":{"type":"ein","value":"157645505"},"service_code":["11"],"billing_class":"professional","payments":[{"allowed_amount":164.94,"billing_code_modifier":[""],"providers":[{"billed_charge":875.00,"npi":[1497869184]}]}]}]}]}
