{"reporting_entity_name": "IEC Group_DBA AmeriBen",
	"reporting_entity_type": "Third Party Administrator",
	"plan_name": "COCHISE COMBINED TRUST",
	"plan_id_type": "ein",
	"plan_id": "721525748",
	"plan_market_type": "group",
	"last_updated_on": "2024-09-01","Version": "1.0.0","out_of_network":[{"name":"EMERGENCY DEPARTMENT VISIT HIGH MDM","billing_code_type":"CPT","billing_code_type_version":"2020","billing_code":"99285","description":"EMERGENCY DEPARTMENT VISIT HIGH MDM","allowed_amounts":[{"tin":{"type":"ein","value":"352574944"},"service_code":["23"],"billing_class":"professional","payments":[{"allowed_amount":286.36,"billing_code_modifier":[""],"providers":[{"billed_charge":3522.00,"npi":[1063628618,1104137504,1144758442,1154352508,1194766543,1306102231,1316152598,1336445857,1437246808,1518042670,1669733580,1700328663,1922067768,1932698578]}]}]}]},{"name":"EMERGENCY DEPARTMENT VISIT MODERATE MDM","billing_code_type":"CPT","billing_code_type_version":"2020","billing_code":"99284","description":"EMERGENCY DEPARTMENT VISIT MODERATE MDM","allowed_amounts":[{"tin":{"type":"ein","value":"352574944"},"service_code":["23"],"billing_class":"professional","payments":[{"allowed_amount":197.23,"billing_code_modifier":[""],"providers":[{"billed_charge":1196.00,"npi":[1194766543,1417419771,1700328663]},{"billed_charge":2392.00,"npi":[1063628618,1194766543,1316152598,1336445857,1669733580,1700328663,1891049276,1922067768]}]},{"allowed_amount":197.23,"billing_code_modifier":[""],"providers":[{"billed_charge":1196.00,"npi":[1194766543,1417419771,1700328663]},{"billed_charge":2392.00,"npi":[1063628618,1194766543,1316152598,1336445857,1669733580,1700328663,1891049276,1922067768]}]}]},{"tin":{"type":"ein","value":"352574944"},"service_code":["23"],"billing_class":"professional","payments":[{"allowed_amount":197.23,"billing_code_modifier":[""],"providers":[{"billed_charge":1196.00,"npi":[1194766543,1417419771,1700328663]},{"billed_charge":2392.00,"npi":[1063628618,1194766543,1316152598,1336445857,1669733580,1700328663,1891049276,1922067768]}]},{"allowed_amount":197.23,"billing_code_modifier":[""],"providers":[{"billed_charge":1196.00,"npi":[1194766543,1417419771,1700328663]},{"billed_charge":2392.00,"npi":[1063628618,1194766543,1316152598,1336445857,1669733580,1700328663,1891049276,1922067768]}]}]}]}]}
