{"reporting_entity_name": "IEC Group_DBA AmeriBen",
	"reporting_entity_type": "Third Party Administrator",
	"plan_name": "COUNTY OF CHIPPEWA",
	"plan_id_type": "ein",
	"plan_id": "396005678",
	"plan_market_type": "group",
	"last_updated_on": "2023-05-01","Version": "1.0.0","out_of_network":[{"name":"CHIROPRACTIC MANIPLTV TX EXTRASPINAL 1\/> REGION","billing_code_type":"CPT","billing_code_type_version":"2020","billing_code":"98943","description":"CHIROPRACTIC MANIPLTV TX EXTRASPINAL 1\/> REGION","allowed_amounts":[{"tin":{"type":"ein","value":"833262330"},"service_code":["11"],"billing_class":"professional","payments":[{"allowed_amount":20.54,"billing_code_modifier":[""],"providers":[{"billed_charge":45.00,"npi":[1588691919,1811550817]}]}]}]},{"name":"CHIROPRACTIC MANIPULATIVE TX SPINAL 3-4 REGIONS","billing_code_type":"CPT","billing_code_type_version":"2020","billing_code":"98941","description":"CHIROPRACTIC MANIPULATIVE TX SPINAL 3-4 REGIONS","allowed_amounts":[{"tin":{"type":"ein","value":"273209075"},"service_code":["11"],"billing_class":"professional","payments":[{"allowed_amount":31.08,"billing_code_modifier":[""],"providers":[{"billed_charge":65.00,"npi":[1174636369,1346555109]}]}]},{"tin":{"type":"ein","value":"452322488"},"service_code":["11"],"billing_class":"professional","payments":[{"allowed_amount":31.08,"billing_code_modifier":[""],"providers":[{"billed_charge":60.00,"npi":[1184917825,1861786485]}]}]},{"tin":{"type":"ein","value":"461328364"},"service_code":["11"],"billing_class":"professional","payments":[{"allowed_amount":31.08,"billing_code_modifier":[""],"providers":[{"billed_charge":65.00,"npi":[1215273883,1669654364]}]}]},{"tin":{"type":"ein","value":"833262330"},"service_code":["11"],"billing_class":"professional","payments":[{"allowed_amount":31.08,"billing_code_modifier":[""],"providers":[{"billed_charge":75.00,"npi":[1588691919,1811550817]}]}]}]},{"name":"TENS DEVICE 4\/MORE LEADS MULTI NERVE STIMULATION","billing_code_type":"HCPCS","billing_code_type_version":"HCPCS LEVEL II 2021","billing_code":"E0730","description":"TENS DEVICE 4\/MORE LEADS MULTI NERVE STIMULATION","allowed_amounts":[{"tin":{"type":"ein","value":"841451963"},"service_code":["12"],"billing_class":"professional","payments":[{"allowed_amount":276.75,"billing_code_modifier":[""],"providers":[{"billed_charge":369.00,"npi":[1255653770,1770511552]}]}]}]},{"name":"THERAPEUTIC PX 1\/> AREAS EACH 15 MIN EXERCISES","billing_code_type":"CPT","billing_code_type_version":"2020","billing_code":"97110","description":"THERAPEUTIC PX 1\/> AREAS EACH 15 MIN EXERCISES","allowed_amounts":[{"tin":{"type":"ein","value":"833262330"},"service_code":["11"],"billing_class":"professional","payments":[{"allowed_amount":96.48,"billing_code_modifier":[""],"providers":[{"billed_charge":260.00,"npi":[1588691919,1811550817]}]}]}]}]}
