{"reporting_entity_name": "IEC Group_DBA AmeriBen",
	"reporting_entity_type": "Third Party Administrator",
	"plan_name": "INSIGHT ENTERPRISES INC",
	"plan_id_type": "ein",
	"plan_id": "860766246",
	"plan_market_type": "group",
	"last_updated_on": "2023-11-01","Version": "1.0.0","provider_references":[{"provider_group_id":28,"provider_groups":[{"npi":[1952745218],"tin":{"type":"ein","value":"86-0922837"}}]}],"in_network":[{"negotiation_arrangement":"ffs","name":"COLLECTION VENOUS BLOOD VENIPUNCTURE","billing_code_type":"CPT","billing_code_type_version":"2020","billing_code":"36415","description":"COLLECTION VENOUS BLOOD VENIPUNCTURE","negotiated_rates":[{"provider_references":[28],"negotiated_prices":[{"negotiated_type":"fee schedule","negotiated_rate":0.00,"expiration_date":"9999-12-31","service_code":["11"],"billing_class":"professional","billing_class_modifier":[""]}]}]},{"negotiation_arrangement":"ffs","name":"LIPID PANEL","billing_code_type":"CPT","billing_code_type_version":"2020","billing_code":"80061","description":"LIPID PANEL","negotiated_rates":[{"provider_references":[28],"negotiated_prices":[{"negotiated_type":"fee schedule","negotiated_rate":0.00,"expiration_date":"9999-12-31","service_code":["11"],"billing_class":"professional","billing_class_modifier":["QW"]}]}]},{"negotiation_arrangement":"ffs","name":"GLUCOSE QUANTITATIVE BLOOD XCPT REAGENT STRIP","billing_code_type":"CPT","billing_code_type_version":"2020","billing_code":"82947","description":"GLUCOSE QUANTITATIVE BLOOD XCPT REAGENT STRIP","negotiated_rates":[{"provider_references":[28],"negotiated_prices":[{"negotiated_type":"fee schedule","negotiated_rate":0.00,"expiration_date":"9999-12-31","service_code":["11"],"billing_class":"professional","billing_class_modifier":["QW"]}]}]},{"negotiation_arrangement":"ffs","name":"IM ADM PRQ ID SUBQIM NJXS 1 VACCINE","billing_code_type":"CPT","billing_code_type_version":"2020","billing_code":"90471","description":"IM ADM PRQ ID SUBQIM NJXS 1 VACCINE","negotiated_rates":[{"provider_references":[28],"negotiated_prices":[{"negotiated_type":"fee schedule","negotiated_rate":0.00,"expiration_date":"9999-12-31","service_code":["11"],"billing_class":"professional","billing_class_modifier":[""]}]}]},{"negotiation_arrangement":"ffs","name":"IIV4 VACC PRESRV FREE 0.5 ML DOS FOR IM USE","billing_code_type":"CPT","billing_code_type_version":"2020","billing_code":"90686","description":"IIV4 VACC PRESRV FREE 0.5 ML DOS FOR IM USE","negotiated_rates":[{"provider_references":[28],"negotiated_prices":[{"negotiated_type":"fee schedule","negotiated_rate":0.00,"expiration_date":"9999-12-31","service_code":["11"],"billing_class":"professional","billing_class_modifier":[""]}]}]},{"negotiation_arrangement":"ffs","name":"TDAP VACCINE 7 YRS IM","billing_code_type":"CPT","billing_code_type_version":"2020","billing_code":"90715","description":"TDAP VACCINE 7 YRS IM","negotiated_rates":[{"provider_references":[28],"negotiated_prices":[{"negotiated_type":"fee schedule","negotiated_rate":0.00,"expiration_date":"9999-12-31","service_code":["11"],"billing_class":"professional","billing_class_modifier":[""]}]}]},{"negotiation_arrangement":"ffs","name":"OFFICEOUTPATIENT NEW SF MDM 15-29 MINUTES","billing_code_type":"CPT","billing_code_type_version":"2020","billing_code":"99202","description":"OFFICEOUTPATIENT NEW SF MDM 15-29 MINUTES","negotiated_rates":[{"provider_references":[28],"negotiated_prices":[{"negotiated_type":"fee schedule","negotiated_rate":10.00,"expiration_date":"9999-12-31","service_code":["11"],"billing_class":"professional","billing_class_modifier":[""]}]}]},{"negotiation_arrangement":"ffs","name":"OFFICEOUTPATIENT NEW LOW MDM 30-44 MINUTES","billing_code_type":"CPT","billing_code_type_version":"2020","billing_code":"99203","description":"OFFICEOUTPATIENT NEW LOW MDM 30-44 MINUTES","negotiated_rates":[{"provider_references":[28],"negotiated_prices":[{"negotiated_type":"fee schedule","negotiated_rate":10.00,"expiration_date":"9999-12-31","service_code":["11"],"billing_class":"professional","billing_class_modifier":[""]}]}]},{"negotiation_arrangement":"ffs","name":"OFFICEOUTPATIENT ESTABLISHED SF MDM 10-19 MIN","billing_code_type":"CPT","billing_code_type_version":"2020","billing_code":"99212","description":"OFFICEOUTPATIENT ESTABLISHED SF MDM 10-19 MIN","negotiated_rates":[{"provider_references":[28],"negotiated_prices":[{"negotiated_type":"fee schedule","negotiated_rate":10.00,"expiration_date":"9999-12-31","service_code":["11"],"billing_class":"professional","billing_class_modifier":[""]}]}]},{"negotiation_arrangement":"ffs","name":"OFFICEOUTPATIENT ESTABLISHED LOW MDM 20-29 MIN","billing_code_type":"CPT","billing_code_type_version":"2020","billing_code":"99213","description":"OFFICEOUTPATIENT ESTABLISHED LOW MDM 20-29 MIN","negotiated_rates":[{"provider_references":[28],"negotiated_prices":[{"negotiated_type":"fee schedule","negotiated_rate":10.00,"expiration_date":"9999-12-31","service_code":["11"],"billing_class":"professional","billing_class_modifier":["","25"]}]}]},{"negotiation_arrangement":"ffs","name":"OFFICEOUTPATIENT ESTABLISHED MOD MDM 30-39 MIN","billing_code_type":"CPT","billing_code_type_version":"2020","billing_code":"99214","description":"OFFICEOUTPATIENT ESTABLISHED MOD MDM 30-39 MIN","negotiated_rates":[{"provider_references":[28],"negotiated_prices":[{"negotiated_type":"fee schedule","negotiated_rate":10.00,"expiration_date":"9999-12-31","service_code":["11"],"billing_class":"professional","billing_class_modifier":[""]}]}]},{"negotiation_arrangement":"ffs","name":"INITIAL PREVENTIVE MEDICINE NEW PT AGE 18-39YRS","billing_code_type":"CPT","billing_code_type_version":"2020","billing_code":"99385","description":"INITIAL PREVENTIVE MEDICINE NEW PT AGE 18-39YRS","negotiated_rates":[{"provider_references":[28],"negotiated_prices":[{"negotiated_type":"fee schedule","negotiated_rate":10.00,"expiration_date":"9999-12-31","service_code":["11"],"billing_class":"professional","billing_class_modifier":[""]}]}]},{"negotiation_arrangement":"ffs","name":"INITIAL PREVENTIVE MEDICINE NEW PATIENT 40-64YRS","billing_code_type":"CPT","billing_code_type_version":"2020","billing_code":"99386","description":"INITIAL PREVENTIVE MEDICINE NEW PATIENT 40-64YRS","negotiated_rates":[{"provider_references":[28],"negotiated_prices":[{"negotiated_type":"fee schedule","negotiated_rate":10.00,"expiration_date":"9999-12-31","service_code":["11"],"billing_class":"professional","billing_class_modifier":[""]}]}]},{"negotiation_arrangement":"ffs","name":"PERIODIC PREVENTIVE MED EST PATIENT 12-17YRS","billing_code_type":"CPT","billing_code_type_version":"2020","billing_code":"99394","description":"PERIODIC PREVENTIVE MED EST PATIENT 12-17YRS","negotiated_rates":[{"provider_references":[28],"negotiated_prices":[{"negotiated_type":"fee schedule","negotiated_rate":10.00,"expiration_date":"9999-12-31","service_code":["11"],"billing_class":"professional","billing_class_modifier":["","52"]}]}]},{"negotiation_arrangement":"ffs","name":"PERIODIC PREVENTIVE MED EST PATIENT 18-39 YRS","billing_code_type":"CPT","billing_code_type_version":"2020","billing_code":"99395","description":"PERIODIC PREVENTIVE MED EST PATIENT 18-39 YRS","negotiated_rates":[{"provider_references":[28],"negotiated_prices":[{"negotiated_type":"fee schedule","negotiated_rate":10.00,"expiration_date":"9999-12-31","service_code":["11"],"billing_class":"professional","billing_class_modifier":["","25"]}]}]},{"negotiation_arrangement":"ffs","name":"PERIODIC PREVENTIVE MED EST PATIENT 40-64YRS","billing_code_type":"CPT","billing_code_type_version":"2020","billing_code":"99396","description":"PERIODIC PREVENTIVE MED EST PATIENT 40-64YRS","negotiated_rates":[{"provider_references":[28],"negotiated_prices":[{"negotiated_type":"fee schedule","negotiated_rate":10.00,"expiration_date":"9999-12-31","service_code":["11"],"billing_class":"professional","billing_class_modifier":["","25"]}]}]}]}
