{"reporting_entity_name": "IEC Group_DBA AmeriBen",
	"reporting_entity_type": "Third Party Administrator",
	"plan_name": "AMERICAN COMMERCIAL BARGE LINE",
	"plan_id_type": "ein",
	"plan_id": "030552365",
	"plan_market_type": "group",
	"last_updated_on": "2025-02-03","Version": "1.0.0","out_of_network":[{"name":"LABORATORY - CLINICAL DIAGNOSTIC","billing_code_type":"RC","billing_code_type_version":"UB04","billing_code":"0300","description":"LABORATORY - CLINICAL DIAGNOSTIC","allowed_amounts":[{"tin":{"type":"ein","value":"464901030"},"service_code":["23"],"billing_class":"institutional","payments":[{"allowed_amount":0.00,"billing_code_modifier":[""],"providers":[{"billed_charge":146.25,"npi":[1679976120]},{"billed_charge":187.06,"npi":[1679976120]}]},{"allowed_amount":0.00,"billing_code_modifier":[""],"providers":[{"billed_charge":146.25,"npi":[1679976120]},{"billed_charge":187.06,"npi":[1679976120]}]}]},{"tin":{"type":"ein","value":"464901030"},"service_code":["23"],"billing_class":"institutional","payments":[{"allowed_amount":0.00,"billing_code_modifier":[""],"providers":[{"billed_charge":146.25,"npi":[1679976120]},{"billed_charge":187.06,"npi":[1679976120]}]},{"allowed_amount":0.00,"billing_code_modifier":[""],"providers":[{"billed_charge":146.25,"npi":[1679976120]},{"billed_charge":187.06,"npi":[1679976120]}]}]},{"tin":{"type":"ein","value":"473488271"},"service_code":["23"],"billing_class":"institutional","payments":[{"allowed_amount":0.00,"billing_code_modifier":[""],"providers":[{"billed_charge":20.00,"npi":[1104286780]},{"billed_charge":44.00,"npi":[1104286780]},{"billed_charge":50.00,"npi":[1104286780]},{"billed_charge":52.00,"npi":[1104286780]},{"billed_charge":58.00,"npi":[1104286780]},{"billed_charge":64.00,"npi":[1104286780]},{"billed_charge":69.00,"npi":[1104286780]},{"billed_charge":75.00,"npi":[1104286780]},{"billed_charge":156.00,"npi":[1104286780]},{"billed_charge":175.00,"npi":[1104286780]}]},{"allowed_amount":0.00,"billing_code_modifier":[""],"providers":[{"billed_charge":20.00,"npi":[1104286780]},{"billed_charge":44.00,"npi":[1104286780]},{"billed_charge":50.00,"npi":[1104286780]},{"billed_charge":52.00,"npi":[1104286780]},{"billed_charge":58.00,"npi":[1104286780]},{"billed_charge":64.00,"npi":[1104286780]},{"billed_charge":69.00,"npi":[1104286780]},{"billed_charge":75.00,"npi":[1104286780]},{"billed_charge":156.00,"npi":[1104286780]},{"billed_charge":175.00,"npi":[1104286780]}]},{"allowed_amount":0.00,"billing_code_modifier":[""],"providers":[{"billed_charge":20.00,"npi":[1104286780]},{"billed_charge":44.00,"npi":[1104286780]},{"billed_charge":50.00,"npi":[1104286780]},{"billed_charge":52.00,"npi":[1104286780]},{"billed_charge":58.00,"npi":[1104286780]},{"billed_charge":64.00,"npi":[1104286780]},{"billed_charge":69.00,"npi":[1104286780]},{"billed_charge":75.00,"npi":[1104286780]},{"billed_charge":156.00,"npi":[1104286780]},{"billed_charge":175.00,"npi":[1104286780]}]},{"allowed_amount":0.00,"billing_code_modifier":[""],"providers":[{"billed_charge":20.00,"npi":[1104286780]},{"billed_charge":44.00,"npi":[1104286780]},{"billed_charge":50.00,"npi":[1104286780]},{"billed_charge":52.00,"npi":[1104286780]},{"billed_charge":58.00,"npi":[1104286780]},{"billed_charge":64.00,"npi":[1104286780]},{"billed_charge":69.00,"npi":[1104286780]},{"billed_charge":75.00,"npi":[1104286780]},{"billed_charge":156.00,"npi":[1104286780]},{"billed_charge":175.00,"npi":[1104286780]}]},{"allowed_amount":0.00,"billing_code_modifier":[""],"providers":[{"billed_charge":20.00,"npi":[1104286780]},{"billed_charge":44.00,"npi":[1104286780]},{"billed_charge":50.00,"npi":[1104286780]},{"billed_charge":52.00,"npi":[1104286780]},{"billed_charge":58.00,"npi":[1104286780]},{"billed_charge":64.00,"npi":[1104286780]},{"billed_charge":69.00,"npi":[1104286780]},{"billed_charge":75.00,"npi":[1104286780]},{"billed_charge":156.00,"npi":[1104286780]},{"billed_charge":175.00,"npi":[1104286780]}]},{"allowed_amount":0.00,"billing_code_modifier":[""],"providers":[{"billed_charge":20.00,"npi":[1104286780]},{"billed_charge":44.00,"npi":[1104286780]},{"billed_charge":50.00,"npi":[1104286780]},{"billed_charge":52.00,"npi":[1104286780]},{"billed_charge":58.00,"npi":[1104286780]},{"billed_charge":64.00,"npi":[1104286780]},{"billed_charge":69.00,"npi":[1104286780]},{"billed_charge":75.00,"npi":[1104286780]},{"billed_charge":156.00,"npi":[1104286780]},{"billed_charge":175.00,"npi":[1104286780]}]},{"allowed_amount":0.00,"billing_code_modifier":[""],"providers":[{"billed_charge":20.00,"npi":[1104286780]},{"billed_charge":44.00,"npi":[1104286780]},{"billed_charge":50.00,"npi":[1104286780]},{"billed_charge":52.00,"npi":[1104286780]},{"billed_charge":58.00,"npi":[1104286780]},{"billed_charge":64.00,"npi":[1104286780]},{"billed_charge":69.00,"npi":[1104286780]},{"billed_charge":75.00,"npi":[1104286780]},{"billed_charge":156.00,"npi":[1104286780]},{"billed_charge":175.00,"npi":[1104286780]}]},{"allowed_amount":0.00,"billing_code_modifier":[""],"providers":[{"billed_charge":20.00,"npi":[1104286780]},{"billed_charge":44.00,"npi":[1104286780]},{"billed_charge":50.00,"npi":[1104286780]},{"billed_charge":52.00,"npi":[1104286780]},{"billed_charge":58.00,"npi":[1104286780]},{"billed_charge":64.00,"npi":[1104286780]},{"billed_charge":69.00,"npi":[1104286780]},{"billed_charge":75.00,"npi":[1104286780]},{"billed_charge":156.00,"npi":[1104286780]},{"billed_charge":175.00,"npi":[1104286780]}]},{"allowed_amount":0.00,"billing_code_modifier":[""],"providers":[{"billed_charge":20.00,"npi":[1104286780]},{"billed_charge":44.00,"npi":[1104286780]},{"billed_charge":50.00,"npi":[1104286780]},{"billed_charge":52.00,"npi":[1104286780]},{"billed_charge":58.00,"npi":[1104286780]},{"billed_charge":64.00,"npi":[1104286780]},{"billed_charge":69.00,"npi":[1104286780]},{"billed_charge":75.00,"npi":[1104286780]},{"billed_charge":156.00,"npi":[1104286780]},{"billed_charge":175.00,"npi":[1104286780]}]},{"allowed_amount":0.00,"billing_code_modifier":[""],"providers":[{"billed_charge":20.00,"npi":[1104286780]},{"billed_charge":44.00,"npi":[1104286780]},{"billed_charge":50.00,"npi":[1104286780]},{"billed_charge":52.00,"npi":[1104286780]},{"billed_charge":58.00,"npi":[1104286780]},{"billed_charge":64.00,"npi":[1104286780]},{"billed_charge":69.00,"npi":[1104286780]},{"billed_charge":75.00,"npi":[1104286780]},{"billed_charge":156.00,"npi":[1104286780]},{"billed_charge":175.00,"npi":[1104286780]}]}]},{"tin":{"type":"ein","value":"473488271"},"service_code":["23"],"billing_class":"institutional","payments":[{"allowed_amount":0.00,"billing_code_modifier":[""],"providers":[{"billed_charge":20.00,"npi":[1104286780]},{"billed_charge":44.00,"npi":[1104286780]},{"billed_charge":50.00,"npi":[1104286780]},{"billed_charge":52.00,"npi":[1104286780]},{"billed_charge":58.00,"npi":[1104286780]},{"billed_charge":64.00,"npi":[1104286780]},{"billed_charge":69.00,"npi":[1104286780]},{"billed_charge":75.00,"npi":[1104286780]},{"billed_charge":156.00,"npi":[1104286780]},{"billed_charge":175.00,"npi":[1104286780]}]},{"allowed_amount":0.00,"billing_code_modifier":[""],"providers":[{"billed_charge":20.00,"npi":[1104286780]},{"billed_charge":44.00,"npi":[1104286780]},{"billed_charge":50.00,"npi":[1104286780]},{"billed_charge":52.00,"npi":[1104286780]},{"billed_charge":58.00,"npi":[1104286780]},{"billed_charge":64.00,"npi":[1104286780]},{"billed_charge":69.00,"npi":[1104286780]},{"billed_charge":75.00,"npi":[1104286780]},{"billed_charge":156.00,"npi":[1104286780]},{"billed_charge":175.00,"npi":[1104286780]}]},{"allowed_amount":0.00,"billing_code_modifier":[""],"providers":[{"billed_charge":20.00,"npi":[1104286780]},{"billed_charge":44.00,"npi":[1104286780]},{"billed_charge":50.00,"npi":[1104286780]},{"billed_charge":52.00,"npi":[1104286780]},{"billed_charge":58.00,"npi":[1104286780]},{"billed_charge":64.00,"npi":[1104286780]},{"billed_charge":69.00,"npi":[1104286780]},{"billed_charge":75.00,"npi":[1104286780]},{"billed_charge":156.00,"npi":[1104286780]},{"billed_charge":175.00,"npi":[1104286780]}]},{"allowed_amount":0.00,"billing_code_modifier":[""],"providers":[{"billed_charge":20.00,"npi":[1104286780]},{"billed_charge":44.00,"npi":[1104286780]},{"billed_charge":50.00,"npi":[1104286780]},{"billed_charge":52.00,"npi":[1104286780]},{"billed_charge":58.00,"npi":[1104286780]},{"billed_charge":64.00,"npi":[1104286780]},{"billed_charge":69.00,"npi":[1104286780]},{"billed_charge":75.00,"npi":[1104286780]},{"billed_charge":156.00,"npi":[1104286780]},{"billed_charge":175.00,"npi":[1104286780]}]},{"allowed_amount":0.00,"billing_code_modifier":[""],"providers":[{"billed_charge":20.00,"npi":[1104286780]},{"billed_charge":44.00,"npi":[1104286780]},{"billed_charge":50.00,"npi":[1104286780]},{"billed_charge":52.00,"npi":[1104286780]},{"billed_charge":58.00,"npi":[1104286780]},{"billed_charge":64.00,"npi":[1104286780]},{"billed_charge":69.00,"npi":[1104286780]},{"billed_charge":75.00,"npi":[1104286780]},{"billed_charge":156.00,"npi":[1104286780]},{"billed_charge":175.00,"npi":[1104286780]}]},{"allowed_amount":0.00,"billing_code_modifier":[""],"providers":[{"billed_charge":20.00,"npi":[1104286780]},{"billed_charge":44.00,"npi":[1104286780]},{"billed_charge":50.00,"npi":[1104286780]},{"billed_charge":52.00,"npi":[1104286780]},{"billed_charge":58.00,"npi":[1104286780]},{"billed_charge":64.00,"npi":[1104286780]},{"billed_charge":69.00,"npi":[1104286780]},{"billed_charge":75.00,"npi":[1104286780]},{"billed_charge":156.00,"npi":[1104286780]},{"billed_charge":175.00,"npi":[1104286780]}]},{"allowed_amount":0.00,"billing_code_modifier":[""],"providers":[{"billed_charge":20.00,"npi":[1104286780]},{"billed_charge":44.00,"npi":[1104286780]},{"billed_charge":50.00,"npi":[1104286780]},{"billed_charge":52.00,"npi":[1104286780]},{"billed_charge":58.00,"npi":[1104286780]},{"billed_charge":64.00,"npi":[1104286780]},{"billed_charge":69.00,"npi":[1104286780]},{"billed_charge":75.00,"npi":[1104286780]},{"billed_charge":156.00,"npi":[1104286780]},{"billed_charge":175.00,"npi":[1104286780]}]},{"allowed_amount":0.00,"billing_code_modifier":[""],"providers":[{"billed_charge":20.00,"npi":[1104286780]},{"billed_charge":44.00,"npi":[1104286780]},{"billed_charge":50.00,"npi":[1104286780]},{"billed_charge":52.00,"npi":[1104286780]},{"billed_charge":58.00,"npi":[1104286780]},{"billed_charge":64.00,"npi":[1104286780]},{"billed_charge":69.00,"npi":[1104286780]},{"billed_charge":75.00,"npi":[1104286780]},{"billed_charge":156.00,"npi":[1104286780]},{"billed_charge":175.00,"npi":[1104286780]}]},{"allowed_amount":0.00,"billing_code_modifier":[""],"providers":[{"billed_charge":20.00,"npi":[1104286780]},{"billed_charge":44.00,"npi":[1104286780]},{"billed_charge":50.00,"npi":[1104286780]},{"billed_charge":52.00,"npi":[1104286780]},{"billed_charge":58.00,"npi":[1104286780]},{"billed_charge":64.00,"npi":[1104286780]},{"billed_charge":69.00,"npi":[1104286780]},{"billed_charge":75.00,"npi":[1104286780]},{"billed_charge":156.00,"npi":[1104286780]},{"billed_charge":175.00,"npi":[1104286780]}]},{"allowed_amount":0.00,"billing_code_modifier":[""],"providers":[{"billed_charge":20.00,"npi":[1104286780]},{"billed_charge":44.00,"npi":[1104286780]},{"billed_charge":50.00,"npi":[1104286780]},{"billed_charge":52.00,"npi":[1104286780]},{"billed_charge":58.00,"npi":[1104286780]},{"billed_charge":64.00,"npi":[1104286780]},{"billed_charge":69.00,"npi":[1104286780]},{"billed_charge":75.00,"npi":[1104286780]},{"billed_charge":156.00,"npi":[1104286780]},{"billed_charge":175.00,"npi":[1104286780]}]}]},{"tin":{"type":"ein","value":"473488271"},"service_code":["23"],"billing_class":"institutional","payments":[{"allowed_amount":0.00,"billing_code_modifier":[""],"providers":[{"billed_charge":20.00,"npi":[1104286780]},{"billed_charge":44.00,"npi":[1104286780]},{"billed_charge":50.00,"npi":[1104286780]},{"billed_charge":52.00,"npi":[1104286780]},{"billed_charge":58.00,"npi":[1104286780]},{"billed_charge":64.00,"npi":[1104286780]},{"billed_charge":69.00,"npi":[1104286780]},{"billed_charge":75.00,"npi":[1104286780]},{"billed_charge":156.00,"npi":[1104286780]},{"billed_charge":175.00,"npi":[1104286780]}]},{"allowed_amount":0.00,"billing_code_modifier":[""],"providers":[{"billed_charge":20.00,"npi":[1104286780]},{"billed_charge":44.00,"npi":[1104286780]},{"billed_charge":50.00,"npi":[1104286780]},{"billed_charge":52.00,"npi":[1104286780]},{"billed_charge":58.00,"npi":[1104286780]},{"billed_charge":64.00,"npi":[1104286780]},{"billed_charge":69.00,"npi":[1104286780]},{"billed_charge":75.00,"npi":[1104286780]},{"billed_charge":156.00,"npi":[1104286780]},{"billed_charge":175.00,"npi":[1104286780]}]},{"allowed_amount":0.00,"billing_code_modifier":[""],"providers":[{"billed_charge":20.00,"npi":[1104286780]},{"billed_charge":44.00,"npi":[1104286780]},{"billed_charge":50.00,"npi":[1104286780]},{"billed_charge":52.00,"npi":[1104286780]},{"billed_charge":58.00,"npi":[1104286780]},{"billed_charge":64.00,"npi":[1104286780]},{"billed_charge":69.00,"npi":[1104286780]},{"billed_charge":75.00,"npi":[1104286780]},{"billed_charge":156.00,"npi":[1104286780]},{"billed_charge":175.00,"npi":[1104286780]}]},{"allowed_amount":0.00,"billing_code_modifier":[""],"providers":[{"billed_charge":20.00,"npi":[1104286780]},{"billed_charge":44.00,"npi":[1104286780]},{"billed_charge":50.00,"npi":[1104286780]},{"billed_charge":52.00,"npi":[1104286780]},{"billed_charge":58.00,"npi":[1104286780]},{"billed_charge":64.00,"npi":[1104286780]},{"billed_charge":69.00,"npi":[1104286780]},{"billed_charge":75.00,"npi":[1104286780]},{"billed_charge":156.00,"npi":[1104286780]},{"billed_charge":175.00,"npi":[1104286780]}]},{"allowed_amount":0.00,"billing_code_modifier":[""],"providers":[{"billed_charge":20.00,"npi":[1104286780]},{"billed_charge":44.00,"npi":[1104286780]},{"billed_charge":50.00,"npi":[1104286780]},{"billed_charge":52.00,"npi":[1104286780]},{"billed_charge":58.00,"npi":[1104286780]},{"billed_charge":64.00,"npi":[1104286780]},{"billed_charge":69.00,"npi":[1104286780]},{"billed_charge":75.00,"npi":[1104286780]},{"billed_charge":156.00,"npi":[1104286780]},{"billed_charge":175.00,"npi":[1104286780]}]},{"allowed_amount":0.00,"billing_code_modifier":[""],"providers":[{"billed_charge":20.00,"npi":[1104286780]},{"billed_charge":44.00,"npi":[1104286780]},{"billed_charge":50.00,"npi":[1104286780]},{"billed_charge":52.00,"npi":[1104286780]},{"billed_charge":58.00,"npi":[1104286780]},{"billed_charge":64.00,"npi":[1104286780]},{"billed_charge":69.00,"npi":[1104286780]},{"billed_charge":75.00,"npi":[1104286780]},{"billed_charge":156.00,"npi":[1104286780]},{"billed_charge":175.00,"npi":[1104286780]}]},{"allowed_amount":0.00,"billing_code_modifier":[""],"providers":[{"billed_charge":20.00,"npi":[1104286780]},{"billed_charge":44.00,"npi":[1104286780]},{"billed_charge":50.00,"npi":[1104286780]},{"billed_charge":52.00,"npi":[1104286780]},{"billed_charge":58.00,"npi":[1104286780]},{"billed_charge":64.00,"npi":[1104286780]},{"billed_charge":69.00,"npi":[1104286780]},{"billed_charge":75.00,"npi":[1104286780]},{"billed_charge":156.00,"npi":[1104286780]},{"billed_charge":175.00,"npi":[1104286780]}]},{"allowed_amount":0.00,"billing_code_modifier":[""],"providers":[{"billed_charge":20.00,"npi":[1104286780]},{"billed_charge":44.00,"npi":[1104286780]},{"billed_charge":50.00,"npi":[1104286780]},{"billed_charge":52.00,"npi":[1104286780]},{"billed_charge":58.00,"npi":[1104286780]},{"billed_charge":64.00,"npi":[1104286780]},{"billed_charge":69.00,"npi":[1104286780]},{"billed_charge":75.00,"npi":[1104286780]},{"billed_charge":156.00,"npi":[1104286780]},{"billed_charge":175.00,"npi":[1104286780]}]},{"allowed_amount":0.00,"billing_code_modifier":[""],"providers":[{"billed_charge":20.00,"npi":[1104286780]},{"billed_charge":44.00,"npi":[1104286780]},{"billed_charge":50.00,"npi":[1104286780]},{"billed_charge":52.00,"npi":[1104286780]},{"billed_charge":58.00,"npi":[1104286780]},{"billed_charge":64.00,"npi":[1104286780]},{"billed_charge":69.00,"npi":[1104286780]},{"billed_charge":75.00,"npi":[1104286780]},{"billed_charge":156.00,"npi":[1104286780]},{"billed_charge":175.00,"npi":[1104286780]}]},{"allowed_amount":0.00,"billing_code_modifier":[""],"providers":[{"billed_charge":20.00,"npi":[1104286780]},{"billed_charge":44.00,"npi":[1104286780]},{"billed_charge":50.00,"npi":[1104286780]},{"billed_charge":52.00,"npi":[1104286780]},{"billed_charge":58.00,"npi":[1104286780]},{"billed_charge":64.00,"npi":[1104286780]},{"billed_charge":69.00,"npi":[1104286780]},{"billed_charge":75.00,"npi":[1104286780]},{"billed_charge":156.00,"npi":[1104286780]},{"billed_charge":175.00,"npi":[1104286780]}]}]},{"tin":{"type":"ein","value":"473488271"},"service_code":["23"],"billing_class":"institutional","payments":[{"allowed_amount":0.00,"billing_code_modifier":[""],"providers":[{"billed_charge":20.00,"npi":[1104286780]},{"billed_charge":44.00,"npi":[1104286780]},{"billed_charge":50.00,"npi":[1104286780]},{"billed_charge":52.00,"npi":[1104286780]},{"billed_charge":58.00,"npi":[1104286780]},{"billed_charge":64.00,"npi":[1104286780]},{"billed_charge":69.00,"npi":[1104286780]},{"billed_charge":75.00,"npi":[1104286780]},{"billed_charge":156.00,"npi":[1104286780]},{"billed_charge":175.00,"npi":[1104286780]}]},{"allowed_amount":0.00,"billing_code_modifier":[""],"providers":[{"billed_charge":20.00,"npi":[1104286780]},{"billed_charge":44.00,"npi":[1104286780]},{"billed_charge":50.00,"npi":[1104286780]},{"billed_charge":52.00,"npi":[1104286780]},{"billed_charge":58.00,"npi":[1104286780]},{"billed_charge":64.00,"npi":[1104286780]},{"billed_charge":69.00,"npi":[1104286780]},{"billed_charge":75.00,"npi":[1104286780]},{"billed_charge":156.00,"npi":[1104286780]},{"billed_charge":175.00,"npi":[1104286780]}]},{"allowed_amount":0.00,"billing_code_modifier":[""],"providers":[{"billed_charge":20.00,"npi":[1104286780]},{"billed_charge":44.00,"npi":[1104286780]},{"billed_charge":50.00,"npi":[1104286780]},{"billed_charge":52.00,"npi":[1104286780]},{"billed_charge":58.00,"npi":[1104286780]},{"billed_charge":64.00,"npi":[1104286780]},{"billed_charge":69.00,"npi":[1104286780]},{"billed_charge":75.00,"npi":[1104286780]},{"billed_charge":156.00,"npi":[1104286780]},{"billed_charge":175.00,"npi":[1104286780]}]},{"allowed_amount":0.00,"billing_code_modifier":[""],"providers":[{"billed_charge":20.00,"npi":[1104286780]},{"billed_charge":44.00,"npi":[1104286780]},{"billed_charge":50.00,"npi":[1104286780]},{"billed_charge":52.00,"npi":[1104286780]},{"billed_charge":58.00,"npi":[1104286780]},{"billed_charge":64.00,"npi":[1104286780]},{"billed_charge":69.00,"npi":[1104286780]},{"billed_charge":75.00,"npi":[1104286780]},{"billed_charge":156.00,"npi":[1104286780]},{"billed_charge":175.00,"npi":[1104286780]}]},{"allowed_amount":0.00,"billing_code_modifier":[""],"providers":[{"billed_charge":20.00,"npi":[1104286780]},{"billed_charge":44.00,"npi":[1104286780]},{"billed_charge":50.00,"npi":[1104286780]},{"billed_charge":52.00,"npi":[1104286780]},{"billed_charge":58.00,"npi":[1104286780]},{"billed_charge":64.00,"npi":[1104286780]},{"billed_charge":69.00,"npi":[1104286780]},{"billed_charge":75.00,"npi":[1104286780]},{"billed_charge":156.00,"npi":[1104286780]},{"billed_charge":175.00,"npi":[1104286780]}]},{"allowed_amount":0.00,"billing_code_modifier":[""],"providers":[{"billed_charge":20.00,"npi":[1104286780]},{"billed_charge":44.00,"npi":[1104286780]},{"billed_charge":50.00,"npi":[1104286780]},{"billed_charge":52.00,"npi":[1104286780]},{"billed_charge":58.00,"npi":[1104286780]},{"billed_charge":64.00,"npi":[1104286780]},{"billed_charge":69.00,"npi":[1104286780]},{"billed_charge":75.00,"npi":[1104286780]},{"billed_charge":156.00,"npi":[1104286780]},{"billed_charge":175.00,"npi":[1104286780]}]},{"allowed_amount":0.00,"billing_code_modifier":[""],"providers":[{"billed_charge":20.00,"npi":[1104286780]},{"billed_charge":44.00,"npi":[1104286780]},{"billed_charge":50.00,"npi":[1104286780]},{"billed_charge":52.00,"npi":[1104286780]},{"billed_charge":58.00,"npi":[1104286780]},{"billed_charge":64.00,"npi":[1104286780]},{"billed_charge":69.00,"npi":[1104286780]},{"billed_charge":75.00,"npi":[1104286780]},{"billed_charge":156.00,"npi":[1104286780]},{"billed_charge":175.00,"npi":[1104286780]}]},{"allowed_amount":0.00,"billing_code_modifier":[""],"providers":[{"billed_charge":20.00,"npi":[1104286780]},{"billed_charge":44.00,"npi":[1104286780]},{"billed_charge":50.00,"npi":[1104286780]},{"billed_charge":52.00,"npi":[1104286780]},{"billed_charge":58.00,"npi":[1104286780]},{"billed_charge":64.00,"npi":[1104286780]},{"billed_charge":69.00,"npi":[1104286780]},{"billed_charge":75.00,"npi":[1104286780]},{"billed_charge":156.00,"npi":[1104286780]},{"billed_charge":175.00,"npi":[1104286780]}]},{"allowed_amount":0.00,"billing_code_modifier":[""],"providers":[{"billed_charge":20.00,"npi":[1104286780]},{"billed_charge":44.00,"npi":[1104286780]},{"billed_charge":50.00,"npi":[1104286780]},{"billed_charge":52.00,"npi":[1104286780]},{"billed_charge":58.00,"npi":[1104286780]},{"billed_charge":64.00,"npi":[1104286780]},{"billed_charge":69.00,"npi":[1104286780]},{"billed_charge":75.00,"npi":[1104286780]},{"billed_charge":156.00,"npi":[1104286780]},{"billed_charge":175.00,"npi":[1104286780]}]},{"allowed_amount":0.00,"billing_code_modifier":[""],"providers":[{"billed_charge":20.00,"npi":[1104286780]},{"billed_charge":44.00,"npi":[1104286780]},{"billed_charge":50.00,"npi":[1104286780]},{"billed_charge":52.00,"npi":[1104286780]},{"billed_charge":58.00,"npi":[1104286780]},{"billed_charge":64.00,"npi":[1104286780]},{"billed_charge":69.00,"npi":[1104286780]},{"billed_charge":75.00,"npi":[1104286780]},{"billed_charge":156.00,"npi":[1104286780]},{"billed_charge":175.00,"npi":[1104286780]}]}]},{"tin":{"type":"ein","value":"473488271"},"service_code":["23"],"billing_class":"institutional","payments":[{"allowed_amount":0.00,"billing_code_modifier":[""],"providers":[{"billed_charge":20.00,"npi":[1104286780]},{"billed_charge":44.00,"npi":[1104286780]},{"billed_charge":50.00,"npi":[1104286780]},{"billed_charge":52.00,"npi":[1104286780]},{"billed_charge":58.00,"npi":[1104286780]},{"billed_charge":64.00,"npi":[1104286780]},{"billed_charge":69.00,"npi":[1104286780]},{"billed_charge":75.00,"npi":[1104286780]},{"billed_charge":156.00,"npi":[1104286780]},{"billed_charge":175.00,"npi":[1104286780]}]},{"allowed_amount":0.00,"billing_code_modifier":[""],"providers":[{"billed_charge":20.00,"npi":[1104286780]},{"billed_charge":44.00,"npi":[1104286780]},{"billed_charge":50.00,"npi":[1104286780]},{"billed_charge":52.00,"npi":[1104286780]},{"billed_charge":58.00,"npi":[1104286780]},{"billed_charge":64.00,"npi":[1104286780]},{"billed_charge":69.00,"npi":[1104286780]},{"billed_charge":75.00,"npi":[1104286780]},{"billed_charge":156.00,"npi":[1104286780]},{"billed_charge":175.00,"npi":[1104286780]}]},{"allowed_amount":0.00,"billing_code_modifier":[""],"providers":[{"billed_charge":20.00,"npi":[1104286780]},{"billed_charge":44.00,"npi":[1104286780]},{"billed_charge":50.00,"npi":[1104286780]},{"billed_charge":52.00,"npi":[1104286780]},{"billed_charge":58.00,"npi":[1104286780]},{"billed_charge":64.00,"npi":[1104286780]},{"billed_charge":69.00,"npi":[1104286780]},{"billed_charge":75.00,"npi":[1104286780]},{"billed_charge":156.00,"npi":[1104286780]},{"billed_charge":175.00,"npi":[1104286780]}]},{"allowed_amount":0.00,"billing_code_modifier":[""],"providers":[{"billed_charge":20.00,"npi":[1104286780]},{"billed_charge":44.00,"npi":[1104286780]},{"billed_charge":50.00,"npi":[1104286780]},{"billed_charge":52.00,"npi":[1104286780]},{"billed_charge":58.00,"npi":[1104286780]},{"billed_charge":64.00,"npi":[1104286780]},{"billed_charge":69.00,"npi":[1104286780]},{"billed_charge":75.00,"npi":[1104286780]},{"billed_charge":156.00,"npi":[1104286780]},{"billed_charge":175.00,"npi":[1104286780]}]},{"allowed_amount":0.00,"billing_code_modifier":[""],"providers":[{"billed_charge":20.00,"npi":[1104286780]},{"billed_charge":44.00,"npi":[1104286780]},{"billed_charge":50.00,"npi":[1104286780]},{"billed_charge":52.00,"npi":[1104286780]},{"billed_charge":58.00,"npi":[1104286780]},{"billed_charge":64.00,"npi":[1104286780]},{"billed_charge":69.00,"npi":[1104286780]},{"billed_charge":75.00,"npi":[1104286780]},{"billed_charge":156.00,"npi":[1104286780]},{"billed_charge":175.00,"npi":[1104286780]}]},{"allowed_amount":0.00,"billing_code_modifier":[""],"providers":[{"billed_charge":20.00,"npi":[1104286780]},{"billed_charge":44.00,"npi":[1104286780]},{"billed_charge":50.00,"npi":[1104286780]},{"billed_charge":52.00,"npi":[1104286780]},{"billed_charge":58.00,"npi":[1104286780]},{"billed_charge":64.00,"npi":[1104286780]},{"billed_charge":69.00,"npi":[1104286780]},{"billed_charge":75.00,"npi":[1104286780]},{"billed_charge":156.00,"npi":[1104286780]},{"billed_charge":175.00,"npi":[1104286780]}]},{"allowed_amount":0.00,"billing_code_modifier":[""],"providers":[{"billed_charge":20.00,"npi":[1104286780]},{"billed_charge":44.00,"npi":[1104286780]},{"billed_charge":50.00,"npi":[1104286780]},{"billed_charge":52.00,"npi":[1104286780]},{"billed_charge":58.00,"npi":[1104286780]},{"billed_charge":64.00,"npi":[1104286780]},{"billed_charge":69.00,"npi":[1104286780]},{"billed_charge":75.00,"npi":[1104286780]},{"billed_charge":156.00,"npi":[1104286780]},{"billed_charge":175.00,"npi":[1104286780]}]},{"allowed_amount":0.00,"billing_code_modifier":[""],"providers":[{"billed_charge":20.00,"npi":[1104286780]},{"billed_charge":44.00,"npi":[1104286780]},{"billed_charge":50.00,"npi":[1104286780]},{"billed_charge":52.00,"npi":[1104286780]},{"billed_charge":58.00,"npi":[1104286780]},{"billed_charge":64.00,"npi":[1104286780]},{"billed_charge":69.00,"npi":[1104286780]},{"billed_charge":75.00,"npi":[1104286780]},{"billed_charge":156.00,"npi":[1104286780]},{"billed_charge":175.00,"npi":[1104286780]}]},{"allowed_amount":0.00,"billing_code_modifier":[""],"providers":[{"billed_charge":20.00,"npi":[1104286780]},{"billed_charge":44.00,"npi":[1104286780]},{"billed_charge":50.00,"npi":[1104286780]},{"billed_charge":52.00,"npi":[1104286780]},{"billed_charge":58.00,"npi":[1104286780]},{"billed_charge":64.00,"npi":[1104286780]},{"billed_charge":69.00,"npi":[1104286780]},{"billed_charge":75.00,"npi":[1104286780]},{"billed_charge":156.00,"npi":[1104286780]},{"billed_charge":175.00,"npi":[1104286780]}]},{"allowed_amount":0.00,"billing_code_modifier":[""],"providers":[{"billed_charge":20.00,"npi":[1104286780]},{"billed_charge":44.00,"npi":[1104286780]},{"billed_charge":50.00,"npi":[1104286780]},{"billed_charge":52.00,"npi":[1104286780]},{"billed_charge":58.00,"npi":[1104286780]},{"billed_charge":64.00,"npi":[1104286780]},{"billed_charge":69.00,"npi":[1104286780]},{"billed_charge":75.00,"npi":[1104286780]},{"billed_charge":156.00,"npi":[1104286780]},{"billed_charge":175.00,"npi":[1104286780]}]}]},{"tin":{"type":"ein","value":"473488271"},"service_code":["23"],"billing_class":"institutional","payments":[{"allowed_amount":0.00,"billing_code_modifier":[""],"providers":[{"billed_charge":20.00,"npi":[1104286780]},{"billed_charge":44.00,"npi":[1104286780]},{"billed_charge":50.00,"npi":[1104286780]},{"billed_charge":52.00,"npi":[1104286780]},{"billed_charge":58.00,"npi":[1104286780]},{"billed_charge":64.00,"npi":[1104286780]},{"billed_charge":69.00,"npi":[1104286780]},{"billed_charge":75.00,"npi":[1104286780]},{"billed_charge":156.00,"npi":[1104286780]},{"billed_charge":175.00,"npi":[1104286780]}]},{"allowed_amount":0.00,"billing_code_modifier":[""],"providers":[{"billed_charge":20.00,"npi":[1104286780]},{"billed_charge":44.00,"npi":[1104286780]},{"billed_charge":50.00,"npi":[1104286780]},{"billed_charge":52.00,"npi":[1104286780]},{"billed_charge":58.00,"npi":[1104286780]},{"billed_charge":64.00,"npi":[1104286780]},{"billed_charge":69.00,"npi":[1104286780]},{"billed_charge":75.00,"npi":[1104286780]},{"billed_charge":156.00,"npi":[1104286780]},{"billed_charge":175.00,"npi":[1104286780]}]},{"allowed_amount":0.00,"billing_code_modifier":[""],"providers":[{"billed_charge":20.00,"npi":[1104286780]},{"billed_charge":44.00,"npi":[1104286780]},{"billed_charge":50.00,"npi":[1104286780]},{"billed_charge":52.00,"npi":[1104286780]},{"billed_charge":58.00,"npi":[1104286780]},{"billed_charge":64.00,"npi":[1104286780]},{"billed_charge":69.00,"npi":[1104286780]},{"billed_charge":75.00,"npi":[1104286780]},{"billed_charge":156.00,"npi":[1104286780]},{"billed_charge":175.00,"npi":[1104286780]}]},{"allowed_amount":0.00,"billing_code_modifier":[""],"providers":[{"billed_charge":20.00,"npi":[1104286780]},{"billed_charge":44.00,"npi":[1104286780]},{"billed_charge":50.00,"npi":[1104286780]},{"billed_charge":52.00,"npi":[1104286780]},{"billed_charge":58.00,"npi":[1104286780]},{"billed_charge":64.00,"npi":[1104286780]},{"billed_charge":69.00,"npi":[1104286780]},{"billed_charge":75.00,"npi":[1104286780]},{"billed_charge":156.00,"npi":[1104286780]},{"billed_charge":175.00,"npi":[1104286780]}]},{"allowed_amount":0.00,"billing_code_modifier":[""],"providers":[{"billed_charge":20.00,"npi":[1104286780]},{"billed_charge":44.00,"npi":[1104286780]},{"billed_charge":50.00,"npi":[1104286780]},{"billed_charge":52.00,"npi":[1104286780]},{"billed_charge":58.00,"npi":[1104286780]},{"billed_charge":64.00,"npi":[1104286780]},{"billed_charge":69.00,"npi":[1104286780]},{"billed_charge":75.00,"npi":[1104286780]},{"billed_charge":156.00,"npi":[1104286780]},{"billed_charge":175.00,"npi":[1104286780]}]},{"allowed_amount":0.00,"billing_code_modifier":[""],"providers":[{"billed_charge":20.00,"npi":[1104286780]},{"billed_charge":44.00,"npi":[1104286780]},{"billed_charge":50.00,"npi":[1104286780]},{"billed_charge":52.00,"npi":[1104286780]},{"billed_charge":58.00,"npi":[1104286780]},{"billed_charge":64.00,"npi":[1104286780]},{"billed_charge":69.00,"npi":[1104286780]},{"billed_charge":75.00,"npi":[1104286780]},{"billed_charge":156.00,"npi":[1104286780]},{"billed_charge":175.00,"npi":[1104286780]}]},{"allowed_amount":0.00,"billing_code_modifier":[""],"providers":[{"billed_charge":20.00,"npi":[1104286780]},{"billed_charge":44.00,"npi":[1104286780]},{"billed_charge":50.00,"npi":[1104286780]},{"billed_charge":52.00,"npi":[1104286780]},{"billed_charge":58.00,"npi":[1104286780]},{"billed_charge":64.00,"npi":[1104286780]},{"billed_charge":69.00,"npi":[1104286780]},{"billed_charge":75.00,"npi":[1104286780]},{"billed_charge":156.00,"npi":[1104286780]},{"billed_charge":175.00,"npi":[1104286780]}]},{"allowed_amount":0.00,"billing_code_modifier":[""],"providers":[{"billed_charge":20.00,"npi":[1104286780]},{"billed_charge":44.00,"npi":[1104286780]},{"billed_charge":50.00,"npi":[1104286780]},{"billed_charge":52.00,"npi":[1104286780]},{"billed_charge":58.00,"npi":[1104286780]},{"billed_charge":64.00,"npi":[1104286780]},{"billed_charge":69.00,"npi":[1104286780]},{"billed_charge":75.00,"npi":[1104286780]},{"billed_charge":156.00,"npi":[1104286780]},{"billed_charge":175.00,"npi":[1104286780]}]},{"allowed_amount":0.00,"billing_code_modifier":[""],"providers":[{"billed_charge":20.00,"npi":[1104286780]},{"billed_charge":44.00,"npi":[1104286780]},{"billed_charge":50.00,"npi":[1104286780]},{"billed_charge":52.00,"npi":[1104286780]},{"billed_charge":58.00,"npi":[1104286780]},{"billed_charge":64.00,"npi":[1104286780]},{"billed_charge":69.00,"npi":[1104286780]},{"billed_charge":75.00,"npi":[1104286780]},{"billed_charge":156.00,"npi":[1104286780]},{"billed_charge":175.00,"npi":[1104286780]}]},{"allowed_amount":0.00,"billing_code_modifier":[""],"providers":[{"billed_charge":20.00,"npi":[1104286780]},{"billed_charge":44.00,"npi":[1104286780]},{"billed_charge":50.00,"npi":[1104286780]},{"billed_charge":52.00,"npi":[1104286780]},{"billed_charge":58.00,"npi":[1104286780]},{"billed_charge":64.00,"npi":[1104286780]},{"billed_charge":69.00,"npi":[1104286780]},{"billed_charge":75.00,"npi":[1104286780]},{"billed_charge":156.00,"npi":[1104286780]},{"billed_charge":175.00,"npi":[1104286780]}]}]},{"tin":{"type":"ein","value":"473488271"},"service_code":["23"],"billing_class":"institutional","payments":[{"allowed_amount":0.00,"billing_code_modifier":[""],"providers":[{"billed_charge":20.00,"npi":[1104286780]},{"billed_charge":44.00,"npi":[1104286780]},{"billed_charge":50.00,"npi":[1104286780]},{"billed_charge":52.00,"npi":[1104286780]},{"billed_charge":58.00,"npi":[1104286780]},{"billed_charge":64.00,"npi":[1104286780]},{"billed_charge":69.00,"npi":[1104286780]},{"billed_charge":75.00,"npi":[1104286780]},{"billed_charge":156.00,"npi":[1104286780]},{"billed_charge":175.00,"npi":[1104286780]}]},{"allowed_amount":0.00,"billing_code_modifier":[""],"providers":[{"billed_charge":20.00,"npi":[1104286780]},{"billed_charge":44.00,"npi":[1104286780]},{"billed_charge":50.00,"npi":[1104286780]},{"billed_charge":52.00,"npi":[1104286780]},{"billed_charge":58.00,"npi":[1104286780]},{"billed_charge":64.00,"npi":[1104286780]},{"billed_charge":69.00,"npi":[1104286780]},{"billed_charge":75.00,"npi":[1104286780]},{"billed_charge":156.00,"npi":[1104286780]},{"billed_charge":175.00,"npi":[1104286780]}]},{"allowed_amount":0.00,"billing_code_modifier":[""],"providers":[{"billed_charge":20.00,"npi":[1104286780]},{"billed_charge":44.00,"npi":[1104286780]},{"billed_charge":50.00,"npi":[1104286780]},{"billed_charge":52.00,"npi":[1104286780]},{"billed_charge":58.00,"npi":[1104286780]},{"billed_charge":64.00,"npi":[1104286780]},{"billed_charge":69.00,"npi":[1104286780]},{"billed_charge":75.00,"npi":[1104286780]},{"billed_charge":156.00,"npi":[1104286780]},{"billed_charge":175.00,"npi":[1104286780]}]},{"allowed_amount":0.00,"billing_code_modifier":[""],"providers":[{"billed_charge":20.00,"npi":[1104286780]},{"billed_charge":44.00,"npi":[1104286780]},{"billed_charge":50.00,"npi":[1104286780]},{"billed_charge":52.00,"npi":[1104286780]},{"billed_charge":58.00,"npi":[1104286780]},{"billed_charge":64.00,"npi":[1104286780]},{"billed_charge":69.00,"npi":[1104286780]},{"billed_charge":75.00,"npi":[1104286780]},{"billed_charge":156.00,"npi":[1104286780]},{"billed_charge":175.00,"npi":[1104286780]}]},{"allowed_amount":0.00,"billing_code_modifier":[""],"providers":[{"billed_charge":20.00,"npi":[1104286780]},{"billed_charge":44.00,"npi":[1104286780]},{"billed_charge":50.00,"npi":[1104286780]},{"billed_charge":52.00,"npi":[1104286780]},{"billed_charge":58.00,"npi":[1104286780]},{"billed_charge":64.00,"npi":[1104286780]},{"billed_charge":69.00,"npi":[1104286780]},{"billed_charge":75.00,"npi":[1104286780]},{"billed_charge":156.00,"npi":[1104286780]},{"billed_charge":175.00,"npi":[1104286780]}]},{"allowed_amount":0.00,"billing_code_modifier":[""],"providers":[{"billed_charge":20.00,"npi":[1104286780]},{"billed_charge":44.00,"npi":[1104286780]},{"billed_charge":50.00,"npi":[1104286780]},{"billed_charge":52.00,"npi":[1104286780]},{"billed_charge":58.00,"npi":[1104286780]},{"billed_charge":64.00,"npi":[1104286780]},{"billed_charge":69.00,"npi":[1104286780]},{"billed_charge":75.00,"npi":[1104286780]},{"billed_charge":156.00,"npi":[1104286780]},{"billed_charge":175.00,"npi":[1104286780]}]},{"allowed_amount":0.00,"billing_code_modifier":[""],"providers":[{"billed_charge":20.00,"npi":[1104286780]},{"billed_charge":44.00,"npi":[1104286780]},{"billed_charge":50.00,"npi":[1104286780]},{"billed_charge":52.00,"npi":[1104286780]},{"billed_charge":58.00,"npi":[1104286780]},{"billed_charge":64.00,"npi":[1104286780]},{"billed_charge":69.00,"npi":[1104286780]},{"billed_charge":75.00,"npi":[1104286780]},{"billed_charge":156.00,"npi":[1104286780]},{"billed_charge":175.00,"npi":[1104286780]}]},{"allowed_amount":0.00,"billing_code_modifier":[""],"providers":[{"billed_charge":20.00,"npi":[1104286780]},{"billed_charge":44.00,"npi":[1104286780]},{"billed_charge":50.00,"npi":[1104286780]},{"billed_charge":52.00,"npi":[1104286780]},{"billed_charge":58.00,"npi":[1104286780]},{"billed_charge":64.00,"npi":[1104286780]},{"billed_charge":69.00,"npi":[1104286780]},{"billed_charge":75.00,"npi":[1104286780]},{"billed_charge":156.00,"npi":[1104286780]},{"billed_charge":175.00,"npi":[1104286780]}]},{"allowed_amount":0.00,"billing_code_modifier":[""],"providers":[{"billed_charge":20.00,"npi":[1104286780]},{"billed_charge":44.00,"npi":[1104286780]},{"billed_charge":50.00,"npi":[1104286780]},{"billed_charge":52.00,"npi":[1104286780]},{"billed_charge":58.00,"npi":[1104286780]},{"billed_charge":64.00,"npi":[1104286780]},{"billed_charge":69.00,"npi":[1104286780]},{"billed_charge":75.00,"npi":[1104286780]},{"billed_charge":156.00,"npi":[1104286780]},{"billed_charge":175.00,"npi":[1104286780]}]},{"allowed_amount":0.00,"billing_code_modifier":[""],"providers":[{"billed_charge":20.00,"npi":[1104286780]},{"billed_charge":44.00,"npi":[1104286780]},{"billed_charge":50.00,"npi":[1104286780]},{"billed_charge":52.00,"npi":[1104286780]},{"billed_charge":58.00,"npi":[1104286780]},{"billed_charge":64.00,"npi":[1104286780]},{"billed_charge":69.00,"npi":[1104286780]},{"billed_charge":75.00,"npi":[1104286780]},{"billed_charge":156.00,"npi":[1104286780]},{"billed_charge":175.00,"npi":[1104286780]}]}]},{"tin":{"type":"ein","value":"473488271"},"service_code":["23"],"billing_class":"institutional","payments":[{"allowed_amount":0.00,"billing_code_modifier":[""],"providers":[{"billed_charge":20.00,"npi":[1104286780]},{"billed_charge":44.00,"npi":[1104286780]},{"billed_charge":50.00,"npi":[1104286780]},{"billed_charge":52.00,"npi":[1104286780]},{"billed_charge":58.00,"npi":[1104286780]},{"billed_charge":64.00,"npi":[1104286780]},{"billed_charge":69.00,"npi":[1104286780]},{"billed_charge":75.00,"npi":[1104286780]},{"billed_charge":156.00,"npi":[1104286780]},{"billed_charge":175.00,"npi":[1104286780]}]},{"allowed_amount":0.00,"billing_code_modifier":[""],"providers":[{"billed_charge":20.00,"npi":[1104286780]},{"billed_charge":44.00,"npi":[1104286780]},{"billed_charge":50.00,"npi":[1104286780]},{"billed_charge":52.00,"npi":[1104286780]},{"billed_charge":58.00,"npi":[1104286780]},{"billed_charge":64.00,"npi":[1104286780]},{"billed_charge":69.00,"npi":[1104286780]},{"billed_charge":75.00,"npi":[1104286780]},{"billed_charge":156.00,"npi":[1104286780]},{"billed_charge":175.00,"npi":[1104286780]}]},{"allowed_amount":0.00,"billing_code_modifier":[""],"providers":[{"billed_charge":20.00,"npi":[1104286780]},{"billed_charge":44.00,"npi":[1104286780]},{"billed_charge":50.00,"npi":[1104286780]},{"billed_charge":52.00,"npi":[1104286780]},{"billed_charge":58.00,"npi":[1104286780]},{"billed_charge":64.00,"npi":[1104286780]},{"billed_charge":69.00,"npi":[1104286780]},{"billed_charge":75.00,"npi":[1104286780]},{"billed_charge":156.00,"npi":[1104286780]},{"billed_charge":175.00,"npi":[1104286780]}]},{"allowed_amount":0.00,"billing_code_modifier":[""],"providers":[{"billed_charge":20.00,"npi":[1104286780]},{"billed_charge":44.00,"npi":[1104286780]},{"billed_charge":50.00,"npi":[1104286780]},{"billed_charge":52.00,"npi":[1104286780]},{"billed_charge":58.00,"npi":[1104286780]},{"billed_charge":64.00,"npi":[1104286780]},{"billed_charge":69.00,"npi":[1104286780]},{"billed_charge":75.00,"npi":[1104286780]},{"billed_charge":156.00,"npi":[1104286780]},{"billed_charge":175.00,"npi":[1104286780]}]},{"allowed_amount":0.00,"billing_code_modifier":[""],"providers":[{"billed_charge":20.00,"npi":[1104286780]},{"billed_charge":44.00,"npi":[1104286780]},{"billed_charge":50.00,"npi":[1104286780]},{"billed_charge":52.00,"npi":[1104286780]},{"billed_charge":58.00,"npi":[1104286780]},{"billed_charge":64.00,"npi":[1104286780]},{"billed_charge":69.00,"npi":[1104286780]},{"billed_charge":75.00,"npi":[1104286780]},{"billed_charge":156.00,"npi":[1104286780]},{"billed_charge":175.00,"npi":[1104286780]}]},{"allowed_amount":0.00,"billing_code_modifier":[""],"providers":[{"billed_charge":20.00,"npi":[1104286780]},{"billed_charge":44.00,"npi":[1104286780]},{"billed_charge":50.00,"npi":[1104286780]},{"billed_charge":52.00,"npi":[1104286780]},{"billed_charge":58.00,"npi":[1104286780]},{"billed_charge":64.00,"npi":[1104286780]},{"billed_charge":69.00,"npi":[1104286780]},{"billed_charge":75.00,"npi":[1104286780]},{"billed_charge":156.00,"npi":[1104286780]},{"billed_charge":175.00,"npi":[1104286780]}]},{"allowed_amount":0.00,"billing_code_modifier":[""],"providers":[{"billed_charge":20.00,"npi":[1104286780]},{"billed_charge":44.00,"npi":[1104286780]},{"billed_charge":50.00,"npi":[1104286780]},{"billed_charge":52.00,"npi":[1104286780]},{"billed_charge":58.00,"npi":[1104286780]},{"billed_charge":64.00,"npi":[1104286780]},{"billed_charge":69.00,"npi":[1104286780]},{"billed_charge":75.00,"npi":[1104286780]},{"billed_charge":156.00,"npi":[1104286780]},{"billed_charge":175.00,"npi":[1104286780]}]},{"allowed_amount":0.00,"billing_code_modifier":[""],"providers":[{"billed_charge":20.00,"npi":[1104286780]},{"billed_charge":44.00,"npi":[1104286780]},{"billed_charge":50.00,"npi":[1104286780]},{"billed_charge":52.00,"npi":[1104286780]},{"billed_charge":58.00,"npi":[1104286780]},{"billed_charge":64.00,"npi":[1104286780]},{"billed_charge":69.00,"npi":[1104286780]},{"billed_charge":75.00,"npi":[1104286780]},{"billed_charge":156.00,"npi":[1104286780]},{"billed_charge":175.00,"npi":[1104286780]}]},{"allowed_amount":0.00,"billing_code_modifier":[""],"providers":[{"billed_charge":20.00,"npi":[1104286780]},{"billed_charge":44.00,"npi":[1104286780]},{"billed_charge":50.00,"npi":[1104286780]},{"billed_charge":52.00,"npi":[1104286780]},{"billed_charge":58.00,"npi":[1104286780]},{"billed_charge":64.00,"npi":[1104286780]},{"billed_charge":69.00,"npi":[1104286780]},{"billed_charge":75.00,"npi":[1104286780]},{"billed_charge":156.00,"npi":[1104286780]},{"billed_charge":175.00,"npi":[1104286780]}]},{"allowed_amount":0.00,"billing_code_modifier":[""],"providers":[{"billed_charge":20.00,"npi":[1104286780]},{"billed_charge":44.00,"npi":[1104286780]},{"billed_charge":50.00,"npi":[1104286780]},{"billed_charge":52.00,"npi":[1104286780]},{"billed_charge":58.00,"npi":[1104286780]},{"billed_charge":64.00,"npi":[1104286780]},{"billed_charge":69.00,"npi":[1104286780]},{"billed_charge":75.00,"npi":[1104286780]},{"billed_charge":156.00,"npi":[1104286780]},{"billed_charge":175.00,"npi":[1104286780]}]}]},{"tin":{"type":"ein","value":"473488271"},"service_code":["23"],"billing_class":"institutional","payments":[{"allowed_amount":0.00,"billing_code_modifier":[""],"providers":[{"billed_charge":20.00,"npi":[1104286780]},{"billed_charge":44.00,"npi":[1104286780]},{"billed_charge":50.00,"npi":[1104286780]},{"billed_charge":52.00,"npi":[1104286780]},{"billed_charge":58.00,"npi":[1104286780]},{"billed_charge":64.00,"npi":[1104286780]},{"billed_charge":69.00,"npi":[1104286780]},{"billed_charge":75.00,"npi":[1104286780]},{"billed_charge":156.00,"npi":[1104286780]},{"billed_charge":175.00,"npi":[1104286780]}]},{"allowed_amount":0.00,"billing_code_modifier":[""],"providers":[{"billed_charge":20.00,"npi":[1104286780]},{"billed_charge":44.00,"npi":[1104286780]},{"billed_charge":50.00,"npi":[1104286780]},{"billed_charge":52.00,"npi":[1104286780]},{"billed_charge":58.00,"npi":[1104286780]},{"billed_charge":64.00,"npi":[1104286780]},{"billed_charge":69.00,"npi":[1104286780]},{"billed_charge":75.00,"npi":[1104286780]},{"billed_charge":156.00,"npi":[1104286780]},{"billed_charge":175.00,"npi":[1104286780]}]},{"allowed_amount":0.00,"billing_code_modifier":[""],"providers":[{"billed_charge":20.00,"npi":[1104286780]},{"billed_charge":44.00,"npi":[1104286780]},{"billed_charge":50.00,"npi":[1104286780]},{"billed_charge":52.00,"npi":[1104286780]},{"billed_charge":58.00,"npi":[1104286780]},{"billed_charge":64.00,"npi":[1104286780]},{"billed_charge":69.00,"npi":[1104286780]},{"billed_charge":75.00,"npi":[1104286780]},{"billed_charge":156.00,"npi":[1104286780]},{"billed_charge":175.00,"npi":[1104286780]}]},{"allowed_amount":0.00,"billing_code_modifier":[""],"providers":[{"billed_charge":20.00,"npi":[1104286780]},{"billed_charge":44.00,"npi":[1104286780]},{"billed_charge":50.00,"npi":[1104286780]},{"billed_charge":52.00,"npi":[1104286780]},{"billed_charge":58.00,"npi":[1104286780]},{"billed_charge":64.00,"npi":[1104286780]},{"billed_charge":69.00,"npi":[1104286780]},{"billed_charge":75.00,"npi":[1104286780]},{"billed_charge":156.00,"npi":[1104286780]},{"billed_charge":175.00,"npi":[1104286780]}]},{"allowed_amount":0.00,"billing_code_modifier":[""],"providers":[{"billed_charge":20.00,"npi":[1104286780]},{"billed_charge":44.00,"npi":[1104286780]},{"billed_charge":50.00,"npi":[1104286780]},{"billed_charge":52.00,"npi":[1104286780]},{"billed_charge":58.00,"npi":[1104286780]},{"billed_charge":64.00,"npi":[1104286780]},{"billed_charge":69.00,"npi":[1104286780]},{"billed_charge":75.00,"npi":[1104286780]},{"billed_charge":156.00,"npi":[1104286780]},{"billed_charge":175.00,"npi":[1104286780]}]},{"allowed_amount":0.00,"billing_code_modifier":[""],"providers":[{"billed_charge":20.00,"npi":[1104286780]},{"billed_charge":44.00,"npi":[1104286780]},{"billed_charge":50.00,"npi":[1104286780]},{"billed_charge":52.00,"npi":[1104286780]},{"billed_charge":58.00,"npi":[1104286780]},{"billed_charge":64.00,"npi":[1104286780]},{"billed_charge":69.00,"npi":[1104286780]},{"billed_charge":75.00,"npi":[1104286780]},{"billed_charge":156.00,"npi":[1104286780]},{"billed_charge":175.00,"npi":[1104286780]}]},{"allowed_amount":0.00,"billing_code_modifier":[""],"providers":[{"billed_charge":20.00,"npi":[1104286780]},{"billed_charge":44.00,"npi":[1104286780]},{"billed_charge":50.00,"npi":[1104286780]},{"billed_charge":52.00,"npi":[1104286780]},{"billed_charge":58.00,"npi":[1104286780]},{"billed_charge":64.00,"npi":[1104286780]},{"billed_charge":69.00,"npi":[1104286780]},{"billed_charge":75.00,"npi":[1104286780]},{"billed_charge":156.00,"npi":[1104286780]},{"billed_charge":175.00,"npi":[1104286780]}]},{"allowed_amount":0.00,"billing_code_modifier":[""],"providers":[{"billed_charge":20.00,"npi":[1104286780]},{"billed_charge":44.00,"npi":[1104286780]},{"billed_charge":50.00,"npi":[1104286780]},{"billed_charge":52.00,"npi":[1104286780]},{"billed_charge":58.00,"npi":[1104286780]},{"billed_charge":64.00,"npi":[1104286780]},{"billed_charge":69.00,"npi":[1104286780]},{"billed_charge":75.00,"npi":[1104286780]},{"billed_charge":156.00,"npi":[1104286780]},{"billed_charge":175.00,"npi":[1104286780]}]},{"allowed_amount":0.00,"billing_code_modifier":[""],"providers":[{"billed_charge":20.00,"npi":[1104286780]},{"billed_charge":44.00,"npi":[1104286780]},{"billed_charge":50.00,"npi":[1104286780]},{"billed_charge":52.00,"npi":[1104286780]},{"billed_charge":58.00,"npi":[1104286780]},{"billed_charge":64.00,"npi":[1104286780]},{"billed_charge":69.00,"npi":[1104286780]},{"billed_charge":75.00,"npi":[1104286780]},{"billed_charge":156.00,"npi":[1104286780]},{"billed_charge":175.00,"npi":[1104286780]}]},{"allowed_amount":0.00,"billing_code_modifier":[""],"providers":[{"billed_charge":20.00,"npi":[1104286780]},{"billed_charge":44.00,"npi":[1104286780]},{"billed_charge":50.00,"npi":[1104286780]},{"billed_charge":52.00,"npi":[1104286780]},{"billed_charge":58.00,"npi":[1104286780]},{"billed_charge":64.00,"npi":[1104286780]},{"billed_charge":69.00,"npi":[1104286780]},{"billed_charge":75.00,"npi":[1104286780]},{"billed_charge":156.00,"npi":[1104286780]},{"billed_charge":175.00,"npi":[1104286780]}]}]},{"tin":{"type":"ein","value":"473488271"},"service_code":["23"],"billing_class":"institutional","payments":[{"allowed_amount":0.00,"billing_code_modifier":[""],"providers":[{"billed_charge":20.00,"npi":[1104286780]},{"billed_charge":44.00,"npi":[1104286780]},{"billed_charge":50.00,"npi":[1104286780]},{"billed_charge":52.00,"npi":[1104286780]},{"billed_charge":58.00,"npi":[1104286780]},{"billed_charge":64.00,"npi":[1104286780]},{"billed_charge":69.00,"npi":[1104286780]},{"billed_charge":75.00,"npi":[1104286780]},{"billed_charge":156.00,"npi":[1104286780]},{"billed_charge":175.00,"npi":[1104286780]}]},{"allowed_amount":0.00,"billing_code_modifier":[""],"providers":[{"billed_charge":20.00,"npi":[1104286780]},{"billed_charge":44.00,"npi":[1104286780]},{"billed_charge":50.00,"npi":[1104286780]},{"billed_charge":52.00,"npi":[1104286780]},{"billed_charge":58.00,"npi":[1104286780]},{"billed_charge":64.00,"npi":[1104286780]},{"billed_charge":69.00,"npi":[1104286780]},{"billed_charge":75.00,"npi":[1104286780]},{"billed_charge":156.00,"npi":[1104286780]},{"billed_charge":175.00,"npi":[1104286780]}]},{"allowed_amount":0.00,"billing_code_modifier":[""],"providers":[{"billed_charge":20.00,"npi":[1104286780]},{"billed_charge":44.00,"npi":[1104286780]},{"billed_charge":50.00,"npi":[1104286780]},{"billed_charge":52.00,"npi":[1104286780]},{"billed_charge":58.00,"npi":[1104286780]},{"billed_charge":64.00,"npi":[1104286780]},{"billed_charge":69.00,"npi":[1104286780]},{"billed_charge":75.00,"npi":[1104286780]},{"billed_charge":156.00,"npi":[1104286780]},{"billed_charge":175.00,"npi":[1104286780]}]},{"allowed_amount":0.00,"billing_code_modifier":[""],"providers":[{"billed_charge":20.00,"npi":[1104286780]},{"billed_charge":44.00,"npi":[1104286780]},{"billed_charge":50.00,"npi":[1104286780]},{"billed_charge":52.00,"npi":[1104286780]},{"billed_charge":58.00,"npi":[1104286780]},{"billed_charge":64.00,"npi":[1104286780]},{"billed_charge":69.00,"npi":[1104286780]},{"billed_charge":75.00,"npi":[1104286780]},{"billed_charge":156.00,"npi":[1104286780]},{"billed_charge":175.00,"npi":[1104286780]}]},{"allowed_amount":0.00,"billing_code_modifier":[""],"providers":[{"billed_charge":20.00,"npi":[1104286780]},{"billed_charge":44.00,"npi":[1104286780]},{"billed_charge":50.00,"npi":[1104286780]},{"billed_charge":52.00,"npi":[1104286780]},{"billed_charge":58.00,"npi":[1104286780]},{"billed_charge":64.00,"npi":[1104286780]},{"billed_charge":69.00,"npi":[1104286780]},{"billed_charge":75.00,"npi":[1104286780]},{"billed_charge":156.00,"npi":[1104286780]},{"billed_charge":175.00,"npi":[1104286780]}]},{"allowed_amount":0.00,"billing_code_modifier":[""],"providers":[{"billed_charge":20.00,"npi":[1104286780]},{"billed_charge":44.00,"npi":[1104286780]},{"billed_charge":50.00,"npi":[1104286780]},{"billed_charge":52.00,"npi":[1104286780]},{"billed_charge":58.00,"npi":[1104286780]},{"billed_charge":64.00,"npi":[1104286780]},{"billed_charge":69.00,"npi":[1104286780]},{"billed_charge":75.00,"npi":[1104286780]},{"billed_charge":156.00,"npi":[1104286780]},{"billed_charge":175.00,"npi":[1104286780]}]},{"allowed_amount":0.00,"billing_code_modifier":[""],"providers":[{"billed_charge":20.00,"npi":[1104286780]},{"billed_charge":44.00,"npi":[1104286780]},{"billed_charge":50.00,"npi":[1104286780]},{"billed_charge":52.00,"npi":[1104286780]},{"billed_charge":58.00,"npi":[1104286780]},{"billed_charge":64.00,"npi":[1104286780]},{"billed_charge":69.00,"npi":[1104286780]},{"billed_charge":75.00,"npi":[1104286780]},{"billed_charge":156.00,"npi":[1104286780]},{"billed_charge":175.00,"npi":[1104286780]}]},{"allowed_amount":0.00,"billing_code_modifier":[""],"providers":[{"billed_charge":20.00,"npi":[1104286780]},{"billed_charge":44.00,"npi":[1104286780]},{"billed_charge":50.00,"npi":[1104286780]},{"billed_charge":52.00,"npi":[1104286780]},{"billed_charge":58.00,"npi":[1104286780]},{"billed_charge":64.00,"npi":[1104286780]},{"billed_charge":69.00,"npi":[1104286780]},{"billed_charge":75.00,"npi":[1104286780]},{"billed_charge":156.00,"npi":[1104286780]},{"billed_charge":175.00,"npi":[1104286780]}]},{"allowed_amount":0.00,"billing_code_modifier":[""],"providers":[{"billed_charge":20.00,"npi":[1104286780]},{"billed_charge":44.00,"npi":[1104286780]},{"billed_charge":50.00,"npi":[1104286780]},{"billed_charge":52.00,"npi":[1104286780]},{"billed_charge":58.00,"npi":[1104286780]},{"billed_charge":64.00,"npi":[1104286780]},{"billed_charge":69.00,"npi":[1104286780]},{"billed_charge":75.00,"npi":[1104286780]},{"billed_charge":156.00,"npi":[1104286780]},{"billed_charge":175.00,"npi":[1104286780]}]},{"allowed_amount":0.00,"billing_code_modifier":[""],"providers":[{"billed_charge":20.00,"npi":[1104286780]},{"billed_charge":44.00,"npi":[1104286780]},{"billed_charge":50.00,"npi":[1104286780]},{"billed_charge":52.00,"npi":[1104286780]},{"billed_charge":58.00,"npi":[1104286780]},{"billed_charge":64.00,"npi":[1104286780]},{"billed_charge":69.00,"npi":[1104286780]},{"billed_charge":75.00,"npi":[1104286780]},{"billed_charge":156.00,"npi":[1104286780]},{"billed_charge":175.00,"npi":[1104286780]}]}]},{"tin":{"type":"ein","value":"824529315"},"service_code":["23"],"billing_class":"institutional","payments":[{"allowed_amount":0.00,"billing_code_modifier":[""],"providers":[{"billed_charge":90.03,"npi":[1851893531]},{"billed_charge":195.97,"npi":[1851893531]},{"billed_charge":222.58,"npi":[1851893531]},{"billed_charge":265.19,"npi":[1851893531]},{"billed_charge":275.00,"npi":[1851893531]},{"billed_charge":375.00,"npi":[1851893531]},{"billed_charge":400.00,"npi":[1851893531]},{"billed_charge":448.89,"npi":[1851893531]},{"billed_charge":487.55,"npi":[1851893531]}]},{"allowed_amount":0.00,"billing_code_modifier":[""],"providers":[{"billed_charge":90.03,"npi":[1851893531]},{"billed_charge":195.97,"npi":[1851893531]},{"billed_charge":222.58,"npi":[1851893531]},{"billed_charge":265.19,"npi":[1851893531]},{"billed_charge":275.00,"npi":[1851893531]},{"billed_charge":375.00,"npi":[1851893531]},{"billed_charge":400.00,"npi":[1851893531]},{"billed_charge":448.89,"npi":[1851893531]},{"billed_charge":487.55,"npi":[1851893531]}]},{"allowed_amount":0.00,"billing_code_modifier":[""],"providers":[{"billed_charge":90.03,"npi":[1851893531]},{"billed_charge":195.97,"npi":[1851893531]},{"billed_charge":222.58,"npi":[1851893531]},{"billed_charge":265.19,"npi":[1851893531]},{"billed_charge":275.00,"npi":[1851893531]},{"billed_charge":375.00,"npi":[1851893531]},{"billed_charge":400.00,"npi":[1851893531]},{"billed_charge":448.89,"npi":[1851893531]},{"billed_charge":487.55,"npi":[1851893531]}]},{"allowed_amount":0.00,"billing_code_modifier":[""],"providers":[{"billed_charge":90.03,"npi":[1851893531]},{"billed_charge":195.97,"npi":[1851893531]},{"billed_charge":222.58,"npi":[1851893531]},{"billed_charge":265.19,"npi":[1851893531]},{"billed_charge":275.00,"npi":[1851893531]},{"billed_charge":375.00,"npi":[1851893531]},{"billed_charge":400.00,"npi":[1851893531]},{"billed_charge":448.89,"npi":[1851893531]},{"billed_charge":487.55,"npi":[1851893531]}]},{"allowed_amount":0.00,"billing_code_modifier":[""],"providers":[{"billed_charge":90.03,"npi":[1851893531]},{"billed_charge":195.97,"npi":[1851893531]},{"billed_charge":222.58,"npi":[1851893531]},{"billed_charge":265.19,"npi":[1851893531]},{"billed_charge":275.00,"npi":[1851893531]},{"billed_charge":375.00,"npi":[1851893531]},{"billed_charge":400.00,"npi":[1851893531]},{"billed_charge":448.89,"npi":[1851893531]},{"billed_charge":487.55,"npi":[1851893531]}]},{"allowed_amount":0.00,"billing_code_modifier":[""],"providers":[{"billed_charge":90.03,"npi":[1851893531]},{"billed_charge":195.97,"npi":[1851893531]},{"billed_charge":222.58,"npi":[1851893531]},{"billed_charge":265.19,"npi":[1851893531]},{"billed_charge":275.00,"npi":[1851893531]},{"billed_charge":375.00,"npi":[1851893531]},{"billed_charge":400.00,"npi":[1851893531]},{"billed_charge":448.89,"npi":[1851893531]},{"billed_charge":487.55,"npi":[1851893531]}]},{"allowed_amount":0.00,"billing_code_modifier":[""],"providers":[{"billed_charge":90.03,"npi":[1851893531]},{"billed_charge":195.97,"npi":[1851893531]},{"billed_charge":222.58,"npi":[1851893531]},{"billed_charge":265.19,"npi":[1851893531]},{"billed_charge":275.00,"npi":[1851893531]},{"billed_charge":375.00,"npi":[1851893531]},{"billed_charge":400.00,"npi":[1851893531]},{"billed_charge":448.89,"npi":[1851893531]},{"billed_charge":487.55,"npi":[1851893531]}]},{"allowed_amount":0.00,"billing_code_modifier":[""],"providers":[{"billed_charge":90.03,"npi":[1851893531]},{"billed_charge":195.97,"npi":[1851893531]},{"billed_charge":222.58,"npi":[1851893531]},{"billed_charge":265.19,"npi":[1851893531]},{"billed_charge":275.00,"npi":[1851893531]},{"billed_charge":375.00,"npi":[1851893531]},{"billed_charge":400.00,"npi":[1851893531]},{"billed_charge":448.89,"npi":[1851893531]},{"billed_charge":487.55,"npi":[1851893531]}]},{"allowed_amount":0.00,"billing_code_modifier":[""],"providers":[{"billed_charge":90.03,"npi":[1851893531]},{"billed_charge":195.97,"npi":[1851893531]},{"billed_charge":222.58,"npi":[1851893531]},{"billed_charge":265.19,"npi":[1851893531]},{"billed_charge":275.00,"npi":[1851893531]},{"billed_charge":375.00,"npi":[1851893531]},{"billed_charge":400.00,"npi":[1851893531]},{"billed_charge":448.89,"npi":[1851893531]},{"billed_charge":487.55,"npi":[1851893531]}]}]},{"tin":{"type":"ein","value":"824529315"},"service_code":["23"],"billing_class":"institutional","payments":[{"allowed_amount":0.00,"billing_code_modifier":[""],"providers":[{"billed_charge":90.03,"npi":[1851893531]},{"billed_charge":195.97,"npi":[1851893531]},{"billed_charge":222.58,"npi":[1851893531]},{"billed_charge":265.19,"npi":[1851893531]},{"billed_charge":275.00,"npi":[1851893531]},{"billed_charge":375.00,"npi":[1851893531]},{"billed_charge":400.00,"npi":[1851893531]},{"billed_charge":448.89,"npi":[1851893531]},{"billed_charge":487.55,"npi":[1851893531]}]},{"allowed_amount":0.00,"billing_code_modifier":[""],"providers":[{"billed_charge":90.03,"npi":[1851893531]},{"billed_charge":195.97,"npi":[1851893531]},{"billed_charge":222.58,"npi":[1851893531]},{"billed_charge":265.19,"npi":[1851893531]},{"billed_charge":275.00,"npi":[1851893531]},{"billed_charge":375.00,"npi":[1851893531]},{"billed_charge":400.00,"npi":[1851893531]},{"billed_charge":448.89,"npi":[1851893531]},{"billed_charge":487.55,"npi":[1851893531]}]},{"allowed_amount":0.00,"billing_code_modifier":[""],"providers":[{"billed_charge":90.03,"npi":[1851893531]},{"billed_charge":195.97,"npi":[1851893531]},{"billed_charge":222.58,"npi":[1851893531]},{"billed_charge":265.19,"npi":[1851893531]},{"billed_charge":275.00,"npi":[1851893531]},{"billed_charge":375.00,"npi":[1851893531]},{"billed_charge":400.00,"npi":[1851893531]},{"billed_charge":448.89,"npi":[1851893531]},{"billed_charge":487.55,"npi":[1851893531]}]},{"allowed_amount":0.00,"billing_code_modifier":[""],"providers":[{"billed_charge":90.03,"npi":[1851893531]},{"billed_charge":195.97,"npi":[1851893531]},{"billed_charge":222.58,"npi":[1851893531]},{"billed_charge":265.19,"npi":[1851893531]},{"billed_charge":275.00,"npi":[1851893531]},{"billed_charge":375.00,"npi":[1851893531]},{"billed_charge":400.00,"npi":[1851893531]},{"billed_charge":448.89,"npi":[1851893531]},{"billed_charge":487.55,"npi":[1851893531]}]},{"allowed_amount":0.00,"billing_code_modifier":[""],"providers":[{"billed_charge":90.03,"npi":[1851893531]},{"billed_charge":195.97,"npi":[1851893531]},{"billed_charge":222.58,"npi":[1851893531]},{"billed_charge":265.19,"npi":[1851893531]},{"billed_charge":275.00,"npi":[1851893531]},{"billed_charge":375.00,"npi":[1851893531]},{"billed_charge":400.00,"npi":[1851893531]},{"billed_charge":448.89,"npi":[1851893531]},{"billed_charge":487.55,"npi":[1851893531]}]},{"allowed_amount":0.00,"billing_code_modifier":[""],"providers":[{"billed_charge":90.03,"npi":[1851893531]},{"billed_charge":195.97,"npi":[1851893531]},{"billed_charge":222.58,"npi":[1851893531]},{"billed_charge":265.19,"npi":[1851893531]},{"billed_charge":275.00,"npi":[1851893531]},{"billed_charge":375.00,"npi":[1851893531]},{"billed_charge":400.00,"npi":[1851893531]},{"billed_charge":448.89,"npi":[1851893531]},{"billed_charge":487.55,"npi":[1851893531]}]},{"allowed_amount":0.00,"billing_code_modifier":[""],"providers":[{"billed_charge":90.03,"npi":[1851893531]},{"billed_charge":195.97,"npi":[1851893531]},{"billed_charge":222.58,"npi":[1851893531]},{"billed_charge":265.19,"npi":[1851893531]},{"billed_charge":275.00,"npi":[1851893531]},{"billed_charge":375.00,"npi":[1851893531]},{"billed_charge":400.00,"npi":[1851893531]},{"billed_charge":448.89,"npi":[1851893531]},{"billed_charge":487.55,"npi":[1851893531]}]},{"allowed_amount":0.00,"billing_code_modifier":[""],"providers":[{"billed_charge":90.03,"npi":[1851893531]},{"billed_charge":195.97,"npi":[1851893531]},{"billed_charge":222.58,"npi":[1851893531]},{"billed_charge":265.19,"npi":[1851893531]},{"billed_charge":275.00,"npi":[1851893531]},{"billed_charge":375.00,"npi":[1851893531]},{"billed_charge":400.00,"npi":[1851893531]},{"billed_charge":448.89,"npi":[1851893531]},{"billed_charge":487.55,"npi":[1851893531]}]},{"allowed_amount":0.00,"billing_code_modifier":[""],"providers":[{"billed_charge":90.03,"npi":[1851893531]},{"billed_charge":195.97,"npi":[1851893531]},{"billed_charge":222.58,"npi":[1851893531]},{"billed_charge":265.19,"npi":[1851893531]},{"billed_charge":275.00,"npi":[1851893531]},{"billed_charge":375.00,"npi":[1851893531]},{"billed_charge":400.00,"npi":[1851893531]},{"billed_charge":448.89,"npi":[1851893531]},{"billed_charge":487.55,"npi":[1851893531]}]}]},{"tin":{"type":"ein","value":"824529315"},"service_code":["23"],"billing_class":"institutional","payments":[{"allowed_amount":0.00,"billing_code_modifier":[""],"providers":[{"billed_charge":90.03,"npi":[1851893531]},{"billed_charge":195.97,"npi":[1851893531]},{"billed_charge":222.58,"npi":[1851893531]},{"billed_charge":265.19,"npi":[1851893531]},{"billed_charge":275.00,"npi":[1851893531]},{"billed_charge":375.00,"npi":[1851893531]},{"billed_charge":400.00,"npi":[1851893531]},{"billed_charge":448.89,"npi":[1851893531]},{"billed_charge":487.55,"npi":[1851893531]}]},{"allowed_amount":0.00,"billing_code_modifier":[""],"providers":[{"billed_charge":90.03,"npi":[1851893531]},{"billed_charge":195.97,"npi":[1851893531]},{"billed_charge":222.58,"npi":[1851893531]},{"billed_charge":265.19,"npi":[1851893531]},{"billed_charge":275.00,"npi":[1851893531]},{"billed_charge":375.00,"npi":[1851893531]},{"billed_charge":400.00,"npi":[1851893531]},{"billed_charge":448.89,"npi":[1851893531]},{"billed_charge":487.55,"npi":[1851893531]}]},{"allowed_amount":0.00,"billing_code_modifier":[""],"providers":[{"billed_charge":90.03,"npi":[1851893531]},{"billed_charge":195.97,"npi":[1851893531]},{"billed_charge":222.58,"npi":[1851893531]},{"billed_charge":265.19,"npi":[1851893531]},{"billed_charge":275.00,"npi":[1851893531]},{"billed_charge":375.00,"npi":[1851893531]},{"billed_charge":400.00,"npi":[1851893531]},{"billed_charge":448.89,"npi":[1851893531]},{"billed_charge":487.55,"npi":[1851893531]}]},{"allowed_amount":0.00,"billing_code_modifier":[""],"providers":[{"billed_charge":90.03,"npi":[1851893531]},{"billed_charge":195.97,"npi":[1851893531]},{"billed_charge":222.58,"npi":[1851893531]},{"billed_charge":265.19,"npi":[1851893531]},{"billed_charge":275.00,"npi":[1851893531]},{"billed_charge":375.00,"npi":[1851893531]},{"billed_charge":400.00,"npi":[1851893531]},{"billed_charge":448.89,"npi":[1851893531]},{"billed_charge":487.55,"npi":[1851893531]}]},{"allowed_amount":0.00,"billing_code_modifier":[""],"providers":[{"billed_charge":90.03,"npi":[1851893531]},{"billed_charge":195.97,"npi":[1851893531]},{"billed_charge":222.58,"npi":[1851893531]},{"billed_charge":265.19,"npi":[1851893531]},{"billed_charge":275.00,"npi":[1851893531]},{"billed_charge":375.00,"npi":[1851893531]},{"billed_charge":400.00,"npi":[1851893531]},{"billed_charge":448.89,"npi":[1851893531]},{"billed_charge":487.55,"npi":[1851893531]}]},{"allowed_amount":0.00,"billing_code_modifier":[""],"providers":[{"billed_charge":90.03,"npi":[1851893531]},{"billed_charge":195.97,"npi":[1851893531]},{"billed_charge":222.58,"npi":[1851893531]},{"billed_charge":265.19,"npi":[1851893531]},{"billed_charge":275.00,"npi":[1851893531]},{"billed_charge":375.00,"npi":[1851893531]},{"billed_charge":400.00,"npi":[1851893531]},{"billed_charge":448.89,"npi":[1851893531]},{"billed_charge":487.55,"npi":[1851893531]}]},{"allowed_amount":0.00,"billing_code_modifier":[""],"providers":[{"billed_charge":90.03,"npi":[1851893531]},{"billed_charge":195.97,"npi":[1851893531]},{"billed_charge":222.58,"npi":[1851893531]},{"billed_charge":265.19,"npi":[1851893531]},{"billed_charge":275.00,"npi":[1851893531]},{"billed_charge":375.00,"npi":[1851893531]},{"billed_charge":400.00,"npi":[1851893531]},{"billed_charge":448.89,"npi":[1851893531]},{"billed_charge":487.55,"npi":[1851893531]}]},{"allowed_amount":0.00,"billing_code_modifier":[""],"providers":[{"billed_charge":90.03,"npi":[1851893531]},{"billed_charge":195.97,"npi":[1851893531]},{"billed_charge":222.58,"npi":[1851893531]},{"billed_charge":265.19,"npi":[1851893531]},{"billed_charge":275.00,"npi":[1851893531]},{"billed_charge":375.00,"npi":[1851893531]},{"billed_charge":400.00,"npi":[1851893531]},{"billed_charge":448.89,"npi":[1851893531]},{"billed_charge":487.55,"npi":[1851893531]}]},{"allowed_amount":0.00,"billing_code_modifier":[""],"providers":[{"billed_charge":90.03,"npi":[1851893531]},{"billed_charge":195.97,"npi":[1851893531]},{"billed_charge":222.58,"npi":[1851893531]},{"billed_charge":265.19,"npi":[1851893531]},{"billed_charge":275.00,"npi":[1851893531]},{"billed_charge":375.00,"npi":[1851893531]},{"billed_charge":400.00,"npi":[1851893531]},{"billed_charge":448.89,"npi":[1851893531]},{"billed_charge":487.55,"npi":[1851893531]}]}]},{"tin":{"type":"ein","value":"824529315"},"service_code":["23"],"billing_class":"institutional","payments":[{"allowed_amount":0.00,"billing_code_modifier":[""],"providers":[{"billed_charge":90.03,"npi":[1851893531]},{"billed_charge":195.97,"npi":[1851893531]},{"billed_charge":222.58,"npi":[1851893531]},{"billed_charge":265.19,"npi":[1851893531]},{"billed_charge":275.00,"npi":[1851893531]},{"billed_charge":375.00,"npi":[1851893531]},{"billed_charge":400.00,"npi":[1851893531]},{"billed_charge":448.89,"npi":[1851893531]},{"billed_charge":487.55,"npi":[1851893531]}]},{"allowed_amount":0.00,"billing_code_modifier":[""],"providers":[{"billed_charge":90.03,"npi":[1851893531]},{"billed_charge":195.97,"npi":[1851893531]},{"billed_charge":222.58,"npi":[1851893531]},{"billed_charge":265.19,"npi":[1851893531]},{"billed_charge":275.00,"npi":[1851893531]},{"billed_charge":375.00,"npi":[1851893531]},{"billed_charge":400.00,"npi":[1851893531]},{"billed_charge":448.89,"npi":[1851893531]},{"billed_charge":487.55,"npi":[1851893531]}]},{"allowed_amount":0.00,"billing_code_modifier":[""],"providers":[{"billed_charge":90.03,"npi":[1851893531]},{"billed_charge":195.97,"npi":[1851893531]},{"billed_charge":222.58,"npi":[1851893531]},{"billed_charge":265.19,"npi":[1851893531]},{"billed_charge":275.00,"npi":[1851893531]},{"billed_charge":375.00,"npi":[1851893531]},{"billed_charge":400.00,"npi":[1851893531]},{"billed_charge":448.89,"npi":[1851893531]},{"billed_charge":487.55,"npi":[1851893531]}]},{"allowed_amount":0.00,"billing_code_modifier":[""],"providers":[{"billed_charge":90.03,"npi":[1851893531]},{"billed_charge":195.97,"npi":[1851893531]},{"billed_charge":222.58,"npi":[1851893531]},{"billed_charge":265.19,"npi":[1851893531]},{"billed_charge":275.00,"npi":[1851893531]},{"billed_charge":375.00,"npi":[1851893531]},{"billed_charge":400.00,"npi":[1851893531]},{"billed_charge":448.89,"npi":[1851893531]},{"billed_charge":487.55,"npi":[1851893531]}]},{"allowed_amount":0.00,"billing_code_modifier":[""],"providers":[{"billed_charge":90.03,"npi":[1851893531]},{"billed_charge":195.97,"npi":[1851893531]},{"billed_charge":222.58,"npi":[1851893531]},{"billed_charge":265.19,"npi":[1851893531]},{"billed_charge":275.00,"npi":[1851893531]},{"billed_charge":375.00,"npi":[1851893531]},{"billed_charge":400.00,"npi":[1851893531]},{"billed_charge":448.89,"npi":[1851893531]},{"billed_charge":487.55,"npi":[1851893531]}]},{"allowed_amount":0.00,"billing_code_modifier":[""],"providers":[{"billed_charge":90.03,"npi":[1851893531]},{"billed_charge":195.97,"npi":[1851893531]},{"billed_charge":222.58,"npi":[1851893531]},{"billed_charge":265.19,"npi":[1851893531]},{"billed_charge":275.00,"npi":[1851893531]},{"billed_charge":375.00,"npi":[1851893531]},{"billed_charge":400.00,"npi":[1851893531]},{"billed_charge":448.89,"npi":[1851893531]},{"billed_charge":487.55,"npi":[1851893531]}]},{"allowed_amount":0.00,"billing_code_modifier":[""],"providers":[{"billed_charge":90.03,"npi":[1851893531]},{"billed_charge":195.97,"npi":[1851893531]},{"billed_charge":222.58,"npi":[1851893531]},{"billed_charge":265.19,"npi":[1851893531]},{"billed_charge":275.00,"npi":[1851893531]},{"billed_charge":375.00,"npi":[1851893531]},{"billed_charge":400.00,"npi":[1851893531]},{"billed_charge":448.89,"npi":[1851893531]},{"billed_charge":487.55,"npi":[1851893531]}]},{"allowed_amount":0.00,"billing_code_modifier":[""],"providers":[{"billed_charge":90.03,"npi":[1851893531]},{"billed_charge":195.97,"npi":[1851893531]},{"billed_charge":222.58,"npi":[1851893531]},{"billed_charge":265.19,"npi":[1851893531]},{"billed_charge":275.00,"npi":[1851893531]},{"billed_charge":375.00,"npi":[1851893531]},{"billed_charge":400.00,"npi":[1851893531]},{"billed_charge":448.89,"npi":[1851893531]},{"billed_charge":487.55,"npi":[1851893531]}]},{"allowed_amount":0.00,"billing_code_modifier":[""],"providers":[{"billed_charge":90.03,"npi":[1851893531]},{"billed_charge":195.97,"npi":[1851893531]},{"billed_charge":222.58,"npi":[1851893531]},{"billed_charge":265.19,"npi":[1851893531]},{"billed_charge":275.00,"npi":[1851893531]},{"billed_charge":375.00,"npi":[1851893531]},{"billed_charge":400.00,"npi":[1851893531]},{"billed_charge":448.89,"npi":[1851893531]},{"billed_charge":487.55,"npi":[1851893531]}]}]},{"tin":{"type":"ein","value":"824529315"},"service_code":["23"],"billing_class":"institutional","payments":[{"allowed_amount":0.00,"billing_code_modifier":[""],"providers":[{"billed_charge":90.03,"npi":[1851893531]},{"billed_charge":195.97,"npi":[1851893531]},{"billed_charge":222.58,"npi":[1851893531]},{"billed_charge":265.19,"npi":[1851893531]},{"billed_charge":275.00,"npi":[1851893531]},{"billed_charge":375.00,"npi":[1851893531]},{"billed_charge":400.00,"npi":[1851893531]},{"billed_charge":448.89,"npi":[1851893531]},{"billed_charge":487.55,"npi":[1851893531]}]},{"allowed_amount":0.00,"billing_code_modifier":[""],"providers":[{"billed_charge":90.03,"npi":[1851893531]},{"billed_charge":195.97,"npi":[1851893531]},{"billed_charge":222.58,"npi":[1851893531]},{"billed_charge":265.19,"npi":[1851893531]},{"billed_charge":275.00,"npi":[1851893531]},{"billed_charge":375.00,"npi":[1851893531]},{"billed_charge":400.00,"npi":[1851893531]},{"billed_charge":448.89,"npi":[1851893531]},{"billed_charge":487.55,"npi":[1851893531]}]},{"allowed_amount":0.00,"billing_code_modifier":[""],"providers":[{"billed_charge":90.03,"npi":[1851893531]},{"billed_charge":195.97,"npi":[1851893531]},{"billed_charge":222.58,"npi":[1851893531]},{"billed_charge":265.19,"npi":[1851893531]},{"billed_charge":275.00,"npi":[1851893531]},{"billed_charge":375.00,"npi":[1851893531]},{"billed_charge":400.00,"npi":[1851893531]},{"billed_charge":448.89,"npi":[1851893531]},{"billed_charge":487.55,"npi":[1851893531]}]},{"allowed_amount":0.00,"billing_code_modifier":[""],"providers":[{"billed_charge":90.03,"npi":[1851893531]},{"billed_charge":195.97,"npi":[1851893531]},{"billed_charge":222.58,"npi":[1851893531]},{"billed_charge":265.19,"npi":[1851893531]},{"billed_charge":275.00,"npi":[1851893531]},{"billed_charge":375.00,"npi":[1851893531]},{"billed_charge":400.00,"npi":[1851893531]},{"billed_charge":448.89,"npi":[1851893531]},{"billed_charge":487.55,"npi":[1851893531]}]},{"allowed_amount":0.00,"billing_code_modifier":[""],"providers":[{"billed_charge":90.03,"npi":[1851893531]},{"billed_charge":195.97,"npi":[1851893531]},{"billed_charge":222.58,"npi":[1851893531]},{"billed_charge":265.19,"npi":[1851893531]},{"billed_charge":275.00,"npi":[1851893531]},{"billed_charge":375.00,"npi":[1851893531]},{"billed_charge":400.00,"npi":[1851893531]},{"billed_charge":448.89,"npi":[1851893531]},{"billed_charge":487.55,"npi":[1851893531]}]},{"allowed_amount":0.00,"billing_code_modifier":[""],"providers":[{"billed_charge":90.03,"npi":[1851893531]},{"billed_charge":195.97,"npi":[1851893531]},{"billed_charge":222.58,"npi":[1851893531]},{"billed_charge":265.19,"npi":[1851893531]},{"billed_charge":275.00,"npi":[1851893531]},{"billed_charge":375.00,"npi":[1851893531]},{"billed_charge":400.00,"npi":[1851893531]},{"billed_charge":448.89,"npi":[1851893531]},{"billed_charge":487.55,"npi":[1851893531]}]},{"allowed_amount":0.00,"billing_code_modifier":[""],"providers":[{"billed_charge":90.03,"npi":[1851893531]},{"billed_charge":195.97,"npi":[1851893531]},{"billed_charge":222.58,"npi":[1851893531]},{"billed_charge":265.19,"npi":[1851893531]},{"billed_charge":275.00,"npi":[1851893531]},{"billed_charge":375.00,"npi":[1851893531]},{"billed_charge":400.00,"npi":[1851893531]},{"billed_charge":448.89,"npi":[1851893531]},{"billed_charge":487.55,"npi":[1851893531]}]},{"allowed_amount":0.00,"billing_code_modifier":[""],"providers":[{"billed_charge":90.03,"npi":[1851893531]},{"billed_charge":195.97,"npi":[1851893531]},{"billed_charge":222.58,"npi":[1851893531]},{"billed_charge":265.19,"npi":[1851893531]},{"billed_charge":275.00,"npi":[1851893531]},{"billed_charge":375.00,"npi":[1851893531]},{"billed_charge":400.00,"npi":[1851893531]},{"billed_charge":448.89,"npi":[1851893531]},{"billed_charge":487.55,"npi":[1851893531]}]},{"allowed_amount":0.00,"billing_code_modifier":[""],"providers":[{"billed_charge":90.03,"npi":[1851893531]},{"billed_charge":195.97,"npi":[1851893531]},{"billed_charge":222.58,"npi":[1851893531]},{"billed_charge":265.19,"npi":[1851893531]},{"billed_charge":275.00,"npi":[1851893531]},{"billed_charge":375.00,"npi":[1851893531]},{"billed_charge":400.00,"npi":[1851893531]},{"billed_charge":448.89,"npi":[1851893531]},{"billed_charge":487.55,"npi":[1851893531]}]}]},{"tin":{"type":"ein","value":"824529315"},"service_code":["23"],"billing_class":"institutional","payments":[{"allowed_amount":0.00,"billing_code_modifier":[""],"providers":[{"billed_charge":90.03,"npi":[1851893531]},{"billed_charge":195.97,"npi":[1851893531]},{"billed_charge":222.58,"npi":[1851893531]},{"billed_charge":265.19,"npi":[1851893531]},{"billed_charge":275.00,"npi":[1851893531]},{"billed_charge":375.00,"npi":[1851893531]},{"billed_charge":400.00,"npi":[1851893531]},{"billed_charge":448.89,"npi":[1851893531]},{"billed_charge":487.55,"npi":[1851893531]}]},{"allowed_amount":0.00,"billing_code_modifier":[""],"providers":[{"billed_charge":90.03,"npi":[1851893531]},{"billed_charge":195.97,"npi":[1851893531]},{"billed_charge":222.58,"npi":[1851893531]},{"billed_charge":265.19,"npi":[1851893531]},{"billed_charge":275.00,"npi":[1851893531]},{"billed_charge":375.00,"npi":[1851893531]},{"billed_charge":400.00,"npi":[1851893531]},{"billed_charge":448.89,"npi":[1851893531]},{"billed_charge":487.55,"npi":[1851893531]}]},{"allowed_amount":0.00,"billing_code_modifier":[""],"providers":[{"billed_charge":90.03,"npi":[1851893531]},{"billed_charge":195.97,"npi":[1851893531]},{"billed_charge":222.58,"npi":[1851893531]},{"billed_charge":265.19,"npi":[1851893531]},{"billed_charge":275.00,"npi":[1851893531]},{"billed_charge":375.00,"npi":[1851893531]},{"billed_charge":400.00,"npi":[1851893531]},{"billed_charge":448.89,"npi":[1851893531]},{"billed_charge":487.55,"npi":[1851893531]}]},{"allowed_amount":0.00,"billing_code_modifier":[""],"providers":[{"billed_charge":90.03,"npi":[1851893531]},{"billed_charge":195.97,"npi":[1851893531]},{"billed_charge":222.58,"npi":[1851893531]},{"billed_charge":265.19,"npi":[1851893531]},{"billed_charge":275.00,"npi":[1851893531]},{"billed_charge":375.00,"npi":[1851893531]},{"billed_charge":400.00,"npi":[1851893531]},{"billed_charge":448.89,"npi":[1851893531]},{"billed_charge":487.55,"npi":[1851893531]}]},{"allowed_amount":0.00,"billing_code_modifier":[""],"providers":[{"billed_charge":90.03,"npi":[1851893531]},{"billed_charge":195.97,"npi":[1851893531]},{"billed_charge":222.58,"npi":[1851893531]},{"billed_charge":265.19,"npi":[1851893531]},{"billed_charge":275.00,"npi":[1851893531]},{"billed_charge":375.00,"npi":[1851893531]},{"billed_charge":400.00,"npi":[1851893531]},{"billed_charge":448.89,"npi":[1851893531]},{"billed_charge":487.55,"npi":[1851893531]}]},{"allowed_amount":0.00,"billing_code_modifier":[""],"providers":[{"billed_charge":90.03,"npi":[1851893531]},{"billed_charge":195.97,"npi":[1851893531]},{"billed_charge":222.58,"npi":[1851893531]},{"billed_charge":265.19,"npi":[1851893531]},{"billed_charge":275.00,"npi":[1851893531]},{"billed_charge":375.00,"npi":[1851893531]},{"billed_charge":400.00,"npi":[1851893531]},{"billed_charge":448.89,"npi":[1851893531]},{"billed_charge":487.55,"npi":[1851893531]}]},{"allowed_amount":0.00,"billing_code_modifier":[""],"providers":[{"billed_charge":90.03,"npi":[1851893531]},{"billed_charge":195.97,"npi":[1851893531]},{"billed_charge":222.58,"npi":[1851893531]},{"billed_charge":265.19,"npi":[1851893531]},{"billed_charge":275.00,"npi":[1851893531]},{"billed_charge":375.00,"npi":[1851893531]},{"billed_charge":400.00,"npi":[1851893531]},{"billed_charge":448.89,"npi":[1851893531]},{"billed_charge":487.55,"npi":[1851893531]}]},{"allowed_amount":0.00,"billing_code_modifier":[""],"providers":[{"billed_charge":90.03,"npi":[1851893531]},{"billed_charge":195.97,"npi":[1851893531]},{"billed_charge":222.58,"npi":[1851893531]},{"billed_charge":265.19,"npi":[1851893531]},{"billed_charge":275.00,"npi":[1851893531]},{"billed_charge":375.00,"npi":[1851893531]},{"billed_charge":400.00,"npi":[1851893531]},{"billed_charge":448.89,"npi":[1851893531]},{"billed_charge":487.55,"npi":[1851893531]}]},{"allowed_amount":0.00,"billing_code_modifier":[""],"providers":[{"billed_charge":90.03,"npi":[1851893531]},{"billed_charge":195.97,"npi":[1851893531]},{"billed_charge":222.58,"npi":[1851893531]},{"billed_charge":265.19,"npi":[1851893531]},{"billed_charge":275.00,"npi":[1851893531]},{"billed_charge":375.00,"npi":[1851893531]},{"billed_charge":400.00,"npi":[1851893531]},{"billed_charge":448.89,"npi":[1851893531]},{"billed_charge":487.55,"npi":[1851893531]}]}]},{"tin":{"type":"ein","value":"824529315"},"service_code":["23"],"billing_class":"institutional","payments":[{"allowed_amount":0.00,"billing_code_modifier":[""],"providers":[{"billed_charge":90.03,"npi":[1851893531]},{"billed_charge":195.97,"npi":[1851893531]},{"billed_charge":222.58,"npi":[1851893531]},{"billed_charge":265.19,"npi":[1851893531]},{"billed_charge":275.00,"npi":[1851893531]},{"billed_charge":375.00,"npi":[1851893531]},{"billed_charge":400.00,"npi":[1851893531]},{"billed_charge":448.89,"npi":[1851893531]},{"billed_charge":487.55,"npi":[1851893531]}]},{"allowed_amount":0.00,"billing_code_modifier":[""],"providers":[{"billed_charge":90.03,"npi":[1851893531]},{"billed_charge":195.97,"npi":[1851893531]},{"billed_charge":222.58,"npi":[1851893531]},{"billed_charge":265.19,"npi":[1851893531]},{"billed_charge":275.00,"npi":[1851893531]},{"billed_charge":375.00,"npi":[1851893531]},{"billed_charge":400.00,"npi":[1851893531]},{"billed_charge":448.89,"npi":[1851893531]},{"billed_charge":487.55,"npi":[1851893531]}]},{"allowed_amount":0.00,"billing_code_modifier":[""],"providers":[{"billed_charge":90.03,"npi":[1851893531]},{"billed_charge":195.97,"npi":[1851893531]},{"billed_charge":222.58,"npi":[1851893531]},{"billed_charge":265.19,"npi":[1851893531]},{"billed_charge":275.00,"npi":[1851893531]},{"billed_charge":375.00,"npi":[1851893531]},{"billed_charge":400.00,"npi":[1851893531]},{"billed_charge":448.89,"npi":[1851893531]},{"billed_charge":487.55,"npi":[1851893531]}]},{"allowed_amount":0.00,"billing_code_modifier":[""],"providers":[{"billed_charge":90.03,"npi":[1851893531]},{"billed_charge":195.97,"npi":[1851893531]},{"billed_charge":222.58,"npi":[1851893531]},{"billed_charge":265.19,"npi":[1851893531]},{"billed_charge":275.00,"npi":[1851893531]},{"billed_charge":375.00,"npi":[1851893531]},{"billed_charge":400.00,"npi":[1851893531]},{"billed_charge":448.89,"npi":[1851893531]},{"billed_charge":487.55,"npi":[1851893531]}]},{"allowed_amount":0.00,"billing_code_modifier":[""],"providers":[{"billed_charge":90.03,"npi":[1851893531]},{"billed_charge":195.97,"npi":[1851893531]},{"billed_charge":222.58,"npi":[1851893531]},{"billed_charge":265.19,"npi":[1851893531]},{"billed_charge":275.00,"npi":[1851893531]},{"billed_charge":375.00,"npi":[1851893531]},{"billed_charge":400.00,"npi":[1851893531]},{"billed_charge":448.89,"npi":[1851893531]},{"billed_charge":487.55,"npi":[1851893531]}]},{"allowed_amount":0.00,"billing_code_modifier":[""],"providers":[{"billed_charge":90.03,"npi":[1851893531]},{"billed_charge":195.97,"npi":[1851893531]},{"billed_charge":222.58,"npi":[1851893531]},{"billed_charge":265.19,"npi":[1851893531]},{"billed_charge":275.00,"npi":[1851893531]},{"billed_charge":375.00,"npi":[1851893531]},{"billed_charge":400.00,"npi":[1851893531]},{"billed_charge":448.89,"npi":[1851893531]},{"billed_charge":487.55,"npi":[1851893531]}]},{"allowed_amount":0.00,"billing_code_modifier":[""],"providers":[{"billed_charge":90.03,"npi":[1851893531]},{"billed_charge":195.97,"npi":[1851893531]},{"billed_charge":222.58,"npi":[1851893531]},{"billed_charge":265.19,"npi":[1851893531]},{"billed_charge":275.00,"npi":[1851893531]},{"billed_charge":375.00,"npi":[1851893531]},{"billed_charge":400.00,"npi":[1851893531]},{"billed_charge":448.89,"npi":[1851893531]},{"billed_charge":487.55,"npi":[1851893531]}]},{"allowed_amount":0.00,"billing_code_modifier":[""],"providers":[{"billed_charge":90.03,"npi":[1851893531]},{"billed_charge":195.97,"npi":[1851893531]},{"billed_charge":222.58,"npi":[1851893531]},{"billed_charge":265.19,"npi":[1851893531]},{"billed_charge":275.00,"npi":[1851893531]},{"billed_charge":375.00,"npi":[1851893531]},{"billed_charge":400.00,"npi":[1851893531]},{"billed_charge":448.89,"npi":[1851893531]},{"billed_charge":487.55,"npi":[1851893531]}]},{"allowed_amount":0.00,"billing_code_modifier":[""],"providers":[{"billed_charge":90.03,"npi":[1851893531]},{"billed_charge":195.97,"npi":[1851893531]},{"billed_charge":222.58,"npi":[1851893531]},{"billed_charge":265.19,"npi":[1851893531]},{"billed_charge":275.00,"npi":[1851893531]},{"billed_charge":375.00,"npi":[1851893531]},{"billed_charge":400.00,"npi":[1851893531]},{"billed_charge":448.89,"npi":[1851893531]},{"billed_charge":487.55,"npi":[1851893531]}]}]},{"tin":{"type":"ein","value":"824529315"},"service_code":["23"],"billing_class":"institutional","payments":[{"allowed_amount":0.00,"billing_code_modifier":[""],"providers":[{"billed_charge":90.03,"npi":[1851893531]},{"billed_charge":195.97,"npi":[1851893531]},{"billed_charge":222.58,"npi":[1851893531]},{"billed_charge":265.19,"npi":[1851893531]},{"billed_charge":275.00,"npi":[1851893531]},{"billed_charge":375.00,"npi":[1851893531]},{"billed_charge":400.00,"npi":[1851893531]},{"billed_charge":448.89,"npi":[1851893531]},{"billed_charge":487.55,"npi":[1851893531]}]},{"allowed_amount":0.00,"billing_code_modifier":[""],"providers":[{"billed_charge":90.03,"npi":[1851893531]},{"billed_charge":195.97,"npi":[1851893531]},{"billed_charge":222.58,"npi":[1851893531]},{"billed_charge":265.19,"npi":[1851893531]},{"billed_charge":275.00,"npi":[1851893531]},{"billed_charge":375.00,"npi":[1851893531]},{"billed_charge":400.00,"npi":[1851893531]},{"billed_charge":448.89,"npi":[1851893531]},{"billed_charge":487.55,"npi":[1851893531]}]},{"allowed_amount":0.00,"billing_code_modifier":[""],"providers":[{"billed_charge":90.03,"npi":[1851893531]},{"billed_charge":195.97,"npi":[1851893531]},{"billed_charge":222.58,"npi":[1851893531]},{"billed_charge":265.19,"npi":[1851893531]},{"billed_charge":275.00,"npi":[1851893531]},{"billed_charge":375.00,"npi":[1851893531]},{"billed_charge":400.00,"npi":[1851893531]},{"billed_charge":448.89,"npi":[1851893531]},{"billed_charge":487.55,"npi":[1851893531]}]},{"allowed_amount":0.00,"billing_code_modifier":[""],"providers":[{"billed_charge":90.03,"npi":[1851893531]},{"billed_charge":195.97,"npi":[1851893531]},{"billed_charge":222.58,"npi":[1851893531]},{"billed_charge":265.19,"npi":[1851893531]},{"billed_charge":275.00,"npi":[1851893531]},{"billed_charge":375.00,"npi":[1851893531]},{"billed_charge":400.00,"npi":[1851893531]},{"billed_charge":448.89,"npi":[1851893531]},{"billed_charge":487.55,"npi":[1851893531]}]},{"allowed_amount":0.00,"billing_code_modifier":[""],"providers":[{"billed_charge":90.03,"npi":[1851893531]},{"billed_charge":195.97,"npi":[1851893531]},{"billed_charge":222.58,"npi":[1851893531]},{"billed_charge":265.19,"npi":[1851893531]},{"billed_charge":275.00,"npi":[1851893531]},{"billed_charge":375.00,"npi":[1851893531]},{"billed_charge":400.00,"npi":[1851893531]},{"billed_charge":448.89,"npi":[1851893531]},{"billed_charge":487.55,"npi":[1851893531]}]},{"allowed_amount":0.00,"billing_code_modifier":[""],"providers":[{"billed_charge":90.03,"npi":[1851893531]},{"billed_charge":195.97,"npi":[1851893531]},{"billed_charge":222.58,"npi":[1851893531]},{"billed_charge":265.19,"npi":[1851893531]},{"billed_charge":275.00,"npi":[1851893531]},{"billed_charge":375.00,"npi":[1851893531]},{"billed_charge":400.00,"npi":[1851893531]},{"billed_charge":448.89,"npi":[1851893531]},{"billed_charge":487.55,"npi":[1851893531]}]},{"allowed_amount":0.00,"billing_code_modifier":[""],"providers":[{"billed_charge":90.03,"npi":[1851893531]},{"billed_charge":195.97,"npi":[1851893531]},{"billed_charge":222.58,"npi":[1851893531]},{"billed_charge":265.19,"npi":[1851893531]},{"billed_charge":275.00,"npi":[1851893531]},{"billed_charge":375.00,"npi":[1851893531]},{"billed_charge":400.00,"npi":[1851893531]},{"billed_charge":448.89,"npi":[1851893531]},{"billed_charge":487.55,"npi":[1851893531]}]},{"allowed_amount":0.00,"billing_code_modifier":[""],"providers":[{"billed_charge":90.03,"npi":[1851893531]},{"billed_charge":195.97,"npi":[1851893531]},{"billed_charge":222.58,"npi":[1851893531]},{"billed_charge":265.19,"npi":[1851893531]},{"billed_charge":275.00,"npi":[1851893531]},{"billed_charge":375.00,"npi":[1851893531]},{"billed_charge":400.00,"npi":[1851893531]},{"billed_charge":448.89,"npi":[1851893531]},{"billed_charge":487.55,"npi":[1851893531]}]},{"allowed_amount":0.00,"billing_code_modifier":[""],"providers":[{"billed_charge":90.03,"npi":[1851893531]},{"billed_charge":195.97,"npi":[1851893531]},{"billed_charge":222.58,"npi":[1851893531]},{"billed_charge":265.19,"npi":[1851893531]},{"billed_charge":275.00,"npi":[1851893531]},{"billed_charge":375.00,"npi":[1851893531]},{"billed_charge":400.00,"npi":[1851893531]},{"billed_charge":448.89,"npi":[1851893531]},{"billed_charge":487.55,"npi":[1851893531]}]}]},{"tin":{"type":"ein","value":"824529315"},"service_code":["23"],"billing_class":"institutional","payments":[{"allowed_amount":0.00,"billing_code_modifier":[""],"providers":[{"billed_charge":90.03,"npi":[1851893531]},{"billed_charge":195.97,"npi":[1851893531]},{"billed_charge":222.58,"npi":[1851893531]},{"billed_charge":265.19,"npi":[1851893531]},{"billed_charge":275.00,"npi":[1851893531]},{"billed_charge":375.00,"npi":[1851893531]},{"billed_charge":400.00,"npi":[1851893531]},{"billed_charge":448.89,"npi":[1851893531]},{"billed_charge":487.55,"npi":[1851893531]}]},{"allowed_amount":0.00,"billing_code_modifier":[""],"providers":[{"billed_charge":90.03,"npi":[1851893531]},{"billed_charge":195.97,"npi":[1851893531]},{"billed_charge":222.58,"npi":[1851893531]},{"billed_charge":265.19,"npi":[1851893531]},{"billed_charge":275.00,"npi":[1851893531]},{"billed_charge":375.00,"npi":[1851893531]},{"billed_charge":400.00,"npi":[1851893531]},{"billed_charge":448.89,"npi":[1851893531]},{"billed_charge":487.55,"npi":[1851893531]}]},{"allowed_amount":0.00,"billing_code_modifier":[""],"providers":[{"billed_charge":90.03,"npi":[1851893531]},{"billed_charge":195.97,"npi":[1851893531]},{"billed_charge":222.58,"npi":[1851893531]},{"billed_charge":265.19,"npi":[1851893531]},{"billed_charge":275.00,"npi":[1851893531]},{"billed_charge":375.00,"npi":[1851893531]},{"billed_charge":400.00,"npi":[1851893531]},{"billed_charge":448.89,"npi":[1851893531]},{"billed_charge":487.55,"npi":[1851893531]}]},{"allowed_amount":0.00,"billing_code_modifier":[""],"providers":[{"billed_charge":90.03,"npi":[1851893531]},{"billed_charge":195.97,"npi":[1851893531]},{"billed_charge":222.58,"npi":[1851893531]},{"billed_charge":265.19,"npi":[1851893531]},{"billed_charge":275.00,"npi":[1851893531]},{"billed_charge":375.00,"npi":[1851893531]},{"billed_charge":400.00,"npi":[1851893531]},{"billed_charge":448.89,"npi":[1851893531]},{"billed_charge":487.55,"npi":[1851893531]}]},{"allowed_amount":0.00,"billing_code_modifier":[""],"providers":[{"billed_charge":90.03,"npi":[1851893531]},{"billed_charge":195.97,"npi":[1851893531]},{"billed_charge":222.58,"npi":[1851893531]},{"billed_charge":265.19,"npi":[1851893531]},{"billed_charge":275.00,"npi":[1851893531]},{"billed_charge":375.00,"npi":[1851893531]},{"billed_charge":400.00,"npi":[1851893531]},{"billed_charge":448.89,"npi":[1851893531]},{"billed_charge":487.55,"npi":[1851893531]}]},{"allowed_amount":0.00,"billing_code_modifier":[""],"providers":[{"billed_charge":90.03,"npi":[1851893531]},{"billed_charge":195.97,"npi":[1851893531]},{"billed_charge":222.58,"npi":[1851893531]},{"billed_charge":265.19,"npi":[1851893531]},{"billed_charge":275.00,"npi":[1851893531]},{"billed_charge":375.00,"npi":[1851893531]},{"billed_charge":400.00,"npi":[1851893531]},{"billed_charge":448.89,"npi":[1851893531]},{"billed_charge":487.55,"npi":[1851893531]}]},{"allowed_amount":0.00,"billing_code_modifier":[""],"providers":[{"billed_charge":90.03,"npi":[1851893531]},{"billed_charge":195.97,"npi":[1851893531]},{"billed_charge":222.58,"npi":[1851893531]},{"billed_charge":265.19,"npi":[1851893531]},{"billed_charge":275.00,"npi":[1851893531]},{"billed_charge":375.00,"npi":[1851893531]},{"billed_charge":400.00,"npi":[1851893531]},{"billed_charge":448.89,"npi":[1851893531]},{"billed_charge":487.55,"npi":[1851893531]}]},{"allowed_amount":0.00,"billing_code_modifier":[""],"providers":[{"billed_charge":90.03,"npi":[1851893531]},{"billed_charge":195.97,"npi":[1851893531]},{"billed_charge":222.58,"npi":[1851893531]},{"billed_charge":265.19,"npi":[1851893531]},{"billed_charge":275.00,"npi":[1851893531]},{"billed_charge":375.00,"npi":[1851893531]},{"billed_charge":400.00,"npi":[1851893531]},{"billed_charge":448.89,"npi":[1851893531]},{"billed_charge":487.55,"npi":[1851893531]}]},{"allowed_amount":0.00,"billing_code_modifier":[""],"providers":[{"billed_charge":90.03,"npi":[1851893531]},{"billed_charge":195.97,"npi":[1851893531]},{"billed_charge":222.58,"npi":[1851893531]},{"billed_charge":265.19,"npi":[1851893531]},{"billed_charge":275.00,"npi":[1851893531]},{"billed_charge":375.00,"npi":[1851893531]},{"billed_charge":400.00,"npi":[1851893531]},{"billed_charge":448.89,"npi":[1851893531]},{"billed_charge":487.55,"npi":[1851893531]}]}]},{"tin":{"type":"ein","value":"852489965"},"service_code":["23"],"billing_class":"institutional","payments":[{"allowed_amount":0.00,"billing_code_modifier":[""],"providers":[{"billed_charge":83.00,"npi":[1619588613]}]}]}]},{"name":"PSYCHIATRIC\/PSYCHOLOGICAL SVCS: PARTIAL HOSP - INT","billing_code_type":"RC","billing_code_type_version":"UB04","billing_code":"0913","description":"PSYCHIATRIC\/PSYCHOLOGICAL SVCS: PARTIAL HOSP - INT","allowed_amounts":[{"tin":{"type":"ein","value":"811056354"},"service_code":["22"],"billing_class":"institutional","payments":[{"allowed_amount":1000.00,"billing_code_modifier":[""],"providers":[{"billed_charge":3995.00,"npi":[1497253561,1982751756]}]}]}]},{"name":"PSYCHIATRIC\/PSYCHOLOGICAL SVCS: PARTIAL HOSP - LES","billing_code_type":"RC","billing_code_type_version":"UB04","billing_code":"0912","description":"PSYCHIATRIC\/PSYCHOLOGICAL SVCS: PARTIAL HOSP - LES","allowed_amounts":[{"tin":{"type":"ein","value":"882524085"},"service_code":["22"],"billing_class":"institutional","payments":[{"allowed_amount":584.48,"billing_code_modifier":[""],"providers":[{"billed_charge":4250.00,"npi":[1063133163,1609004837]}]}]}]},{"name":"RESIDENTIAL TREATMENT-CHEMICAL DEPENDENCY","billing_code_type":"RC","billing_code_type_version":"UB04","billing_code":"1002","description":"RESIDENTIAL TREATMENT-CHEMICAL DEPENDENCY","allowed_amounts":[{"tin":{"type":"ein","value":"811056354"},"service_code":["21"],"billing_class":"institutional","payments":[{"allowed_amount":1450.00,"billing_code_modifier":[""],"providers":[{"billed_charge":4995.00,"npi":[1366920290,1982751756]}]}]}]}]}
