{"reporting_entity_name": "IEC Group_DBA AmeriBen",
	"reporting_entity_type": "Third Party Administrator",
	"plan_name": "ARIZONA LOCAL GOVERNMENT EBT",
	"plan_id_type": "ein",
	"plan_id": "860765362",
	"plan_market_type": "group",
	"last_updated_on": "2025-09-01","Version": "1.0.0","out_of_network":[{"name":"CCPD OPD\/HOME: CCPD COMP OR OTHER RATE","billing_code_type":"RC","billing_code_type_version":"UB04","billing_code":"0851","description":"CCPD OPD\/HOME: CCPD COMP OR OTHER RATE","allowed_amounts":[{"tin":{"type":"ein","value":"263105284"},"service_code":["65"],"billing_class":"institutional","payments":[{"allowed_amount":464.55,"billing_code_modifier":[""],"providers":[{"billed_charge":6122.43,"npi":[1497733810,1780915298]}]}]}]},{"name":"DRUG TEST DEF 1-7 CLASSES","billing_code_type":"HCPCS","billing_code_type_version":"HCPCS LEVEL II 2021","billing_code":"G0480","description":"DRUG TEST DEF 1-7 CLASSES","allowed_amounts":[{"tin":{"type":"ein","value":"541882269"},"service_code":["81"],"billing_class":"professional","payments":[{"allowed_amount":156.84,"billing_code_modifier":[""],"providers":[{"billed_charge":250.00,"npi":[1184932782,1912903717]}]}]}]},{"name":"DRUG TST PRSMV INSTRMNT CHEM ANALYZERS PR DATE","billing_code_type":"CPT","billing_code_type_version":"2020","billing_code":"80307","description":"DRUG TST PRSMV INSTRMNT CHEM ANALYZERS PR DATE","allowed_amounts":[{"tin":{"type":"ein","value":"541882269"},"service_code":["81"],"billing_class":"professional","payments":[{"allowed_amount":61.72,"billing_code_modifier":[""],"providers":[{"billed_charge":345.00,"npi":[1184932782,1912903717]}]}]}]},{"name":"ECG ROUTINE ECG W\/LEAST 12 LDS W\/I&R","billing_code_type":"CPT","billing_code_type_version":"2020","billing_code":"93000","description":"ECG ROUTINE ECG W\/LEAST 12 LDS W\/I&R","allowed_amounts":[{"tin":{"type":"ein","value":"860888560"},"service_code":["11"],"billing_class":"professional","payments":[{"allowed_amount":19.07,"billing_code_modifier":[""],"providers":[{"billed_charge":49.00,"npi":[1003081803,1003090390,1023383254,1043298656,1194300426,1255971305,1437183035,1477714863,1487632659,1629051560,1679551386,1699881821,1720522774,1730137480,1790351435]}]}]}]},{"name":"EMERGENCY DEPARTMENT VISIT HIGH MDM","billing_code_type":"CPT","billing_code_type_version":"2020","billing_code":"99285","description":"EMERGENCY DEPARTMENT VISIT HIGH MDM","allowed_amounts":[{"tin":{"type":"ein","value":"204374426"},"service_code":["23"],"billing_class":"professional","payments":[{"allowed_amount":271.95,"billing_code_modifier":[""],"providers":[{"billed_charge":1286.00,"npi":[1043233505,1639555865,1841021581]}]}]},{"tin":{"type":"ein","value":"263853489"},"service_code":["23"],"billing_class":"professional","payments":[{"allowed_amount":271.95,"billing_code_modifier":[""],"providers":[{"billed_charge":1804.00,"npi":[1275855231,1295090355,1326018359,1851333660,1962493692]}]}]},{"tin":{"type":"ein","value":"333367237"},"service_code":["23"],"billing_class":"professional","payments":[{"allowed_amount":271.95,"billing_code_modifier":[""],"providers":[{"billed_charge":1418.00,"npi":[1477368710,1871566521,1982938502]}]}]},{"tin":{"type":"ein","value":"460508979"},"service_code":["23"],"billing_class":"professional","payments":[{"allowed_amount":271.95,"billing_code_modifier":[""],"providers":[{"billed_charge":1516.00,"npi":[1023579281,1104871961,1184670317,1659430981,1871910968,1992735088]}]}]},{"tin":{"type":"ein","value":"753010206"},"service_code":["23"],"billing_class":"professional","payments":[{"allowed_amount":271.95,"billing_code_modifier":[""],"providers":[{"billed_charge":1641.00,"npi":[1871700823,1891959730]}]}]},{"tin":{"type":"ein","value":"841099826"},"service_code":["23"],"billing_class":"professional","payments":[{"allowed_amount":271.95,"billing_code_modifier":[""],"providers":[{"billed_charge":1699.88,"npi":[1215349709,1427875061]}]}]},{"tin":{"type":"ein","value":"860415065"},"service_code":["23"],"billing_class":"professional","payments":[{"allowed_amount":271.95,"billing_code_modifier":[""],"providers":[{"billed_charge":1800.00,"npi":[1063751592,1124341672,1902936164]}]}]},{"tin":{"type":"ein","value":"873202637"},"service_code":["23"],"billing_class":"professional","payments":[{"allowed_amount":271.95,"billing_code_modifier":[""],"providers":[{"billed_charge":2897.00,"npi":[1164004800,1174512792,1245670900,1487670188]}]}]}]},{"name":"EMERGENCY DEPARTMENT VISIT MODERATE MDM","billing_code_type":"CPT","billing_code_type_version":"2020","billing_code":"99284","description":"EMERGENCY DEPARTMENT VISIT MODERATE MDM","allowed_amounts":[{"tin":{"type":"ein","value":"204374268"},"service_code":["23"],"billing_class":"professional","payments":[{"allowed_amount":181.68,"billing_code_modifier":[""],"providers":[{"billed_charge":832.00,"npi":[1164041034,1356021190,1720011810]}]}]},{"tin":{"type":"ein","value":"204374426"},"service_code":["23"],"billing_class":"professional","payments":[{"allowed_amount":181.68,"billing_code_modifier":[""],"providers":[{"billed_charge":874.00,"npi":[1083868392,1184114977,1265818488,1548036437,1568826923,1598349342,1639555865,1841021581]}]}]},{"tin":{"type":"ein","value":"237314364"},"service_code":["23"],"billing_class":"professional","payments":[{"allowed_amount":181.68,"billing_code_modifier":[""],"providers":[{"billed_charge":894.60,"npi":[1477735777,1518957398,1912395807]}]}]},{"tin":{"type":"ein","value":"263853489"},"service_code":["23"],"billing_class":"professional","payments":[{"allowed_amount":181.68,"billing_code_modifier":[""],"providers":[{"billed_charge":1226.00,"npi":[1073873147,1275855231,1326018359,1518408772,1629500350,1851333660,1891190062,1962493692]}]}]},{"tin":{"type":"ein","value":"274815951"},"service_code":["23"],"billing_class":"professional","payments":[{"allowed_amount":181.68,"billing_code_modifier":[""],"providers":[{"billed_charge":725.00,"npi":[1265423917,1295178978,1508489451]}]}]},{"tin":{"type":"ein","value":"333367237"},"service_code":["23"],"billing_class":"professional","payments":[{"allowed_amount":181.68,"billing_code_modifier":[""],"providers":[{"billed_charge":895.00,"npi":[1477368710,1871566521,1962493692,1992007439]}]}]},{"tin":{"type":"ein","value":"562462581"},"service_code":["23"],"billing_class":"professional","payments":[{"allowed_amount":181.68,"billing_code_modifier":[""],"providers":[{"billed_charge":1231.00,"npi":[1427335140,1689756694]}]}]},{"tin":{"type":"ein","value":"753010206"},"service_code":["23"],"billing_class":"professional","payments":[{"allowed_amount":181.68,"billing_code_modifier":[""],"providers":[{"billed_charge":1100.00,"npi":[1376577882,1972690584]}]}]},{"tin":{"type":"ein","value":"814399995"},"service_code":["23"],"billing_class":"professional","payments":[{"allowed_amount":181.68,"billing_code_modifier":[""],"providers":[{"billed_charge":895.00,"npi":[1861831695]}]}]},{"tin":{"type":"ein","value":"860415065"},"service_code":["23"],"billing_class":"professional","payments":[{"allowed_amount":181.68,"billing_code_modifier":[""],"providers":[{"billed_charge":1227.00,"npi":[1033109673,1205273406,1225055924,1275566200,1356864011,1740742626,1932543428]}]}]},{"tin":{"type":"ein","value":"860593131"},"service_code":["23"],"billing_class":"professional","payments":[{"allowed_amount":181.68,"billing_code_modifier":[""],"providers":[{"billed_charge":1223.00,"npi":[1235181249]}]}]},{"tin":{"type":"ein","value":"873825600"},"service_code":["23"],"billing_class":"professional","payments":[{"allowed_amount":181.68,"billing_code_modifier":[""],"providers":[{"billed_charge":2461.65,"npi":[1649478967,1659039618,1881352037]}]}]}]},{"name":"IADNA NOS AMPLIFIED PROBE TQ EACH ORGANISM","billing_code_type":"CPT","billing_code_type_version":"2020","billing_code":"87798","description":"IADNA NOS AMPLIFIED PROBE TQ EACH ORGANISM","allowed_amounts":[{"tin":{"type":"ein","value":"223510467"},"service_code":["81"],"billing_class":"professional","payments":[{"allowed_amount":33.58,"billing_code_modifier":[""],"providers":[{"billed_charge":130.00,"npi":[1669828232,1750373908]}]}]},{"tin":{"type":"ein","value":"851099688"},"service_code":["81"],"billing_class":"professional","payments":[{"allowed_amount":33.40,"billing_code_modifier":[""],"providers":[{"billed_charge":87.73,"npi":[1194927376,1457977209]}]}]}]},{"name":"OFFICE\/OUTPATIENT ESTABLISHED MOD MDM 30 MIN","billing_code_type":"CPT","billing_code_type_version":"2020","billing_code":"99214","description":"OFFICE\/OUTPATIENT ESTABLISHED MOD MDM 30 MIN","allowed_amounts":[{"tin":{"type":"ein","value":"860888560"},"service_code":["11"],"billing_class":"professional","payments":[{"allowed_amount":172.23,"billing_code_modifier":[""],"providers":[{"billed_charge":213.00,"npi":[1003081803,1003090390,1023383254,1194300426,1235623505,1306127808,1386622645,1477531713,1477714863,1720522774,1730137480,1790351435,1972212801]}]}]}]},{"name":"OFFICE\/OUTPATIENT ESTABLISHED SF MDM 10 MIN","billing_code_type":"CPT","billing_code_type_version":"2020","billing_code":"99212","description":"OFFICE\/OUTPATIENT ESTABLISHED SF MDM 10 MIN","allowed_amounts":[{"tin":{"type":"ein","value":"860817397"},"service_code":["22"],"billing_class":"professional","payments":[{"allowed_amount":96.00,"billing_code_modifier":[""],"providers":[{"billed_charge":120.00,"npi":[1306080668,1326560426,1356430565,1477876639,1700278322,1821253535]}]}]}]},{"name":"PROVIDE INR TEST MATER\/EQUIP","billing_code_type":"HCPCS","billing_code_type_version":"HCPCS LEVEL II 2021","billing_code":"G0249","description":"PROVIDE INR TEST MATER\/EQUIP","allowed_amounts":[{"tin":{"type":"ein","value":"953896101"},"service_code":["11"],"billing_class":"professional","payments":[{"allowed_amount":130.00,"billing_code_modifier":[""],"providers":[{"billed_charge":200.00,"npi":[1235623505,1285932145,1386622645]}]}]}]}]}
