{"reporting_entity_name": "IEC Group_DBA AmeriBen",
	"reporting_entity_type": "Third Party Administrator",
	"plan_name": "AGCO CORPORATION",
	"plan_id_type": "ein",
	"plan_id": "581960019",
	"plan_market_type": "group",
	"last_updated_on": "2024-11-01","Version": "1.0.0","out_of_network":[{"name":"25 HYDROXY INCLUDES FRACTIONS IF PERFORMED","billing_code_type":"CPT","billing_code_type_version":"2020","billing_code":"82306","description":"25 HYDROXY INCLUDES FRACTIONS IF PERFORMED","allowed_amounts":[{"tin":{"type":"ein","value":"382084239"},"service_code":["81"],"billing_class":"professional","payments":[{"allowed_amount":14.26,"billing_code_modifier":[""],"providers":[{"billed_charge":266.02,"npi":[1003855818,1669404760,1932166386]}]}]},{"tin":{"type":"ein","value":"810576059"},"service_code":["81"],"billing_class":"professional","payments":[{"allowed_amount":14.26,"billing_code_modifier":[""],"providers":[{"billed_charge":124.08,"npi":[1013479047,1023467818,1073977781,1235186800,1407528896,1417373820,1497944243,1518940915,1639354434,1952628182,1972130243,1992042402]}]}]}]},{"name":"CHIROPRACTIC MANIPULATIVE TX SPINAL 1-2 REGIONS","billing_code_type":"CPT","billing_code_type_version":"2020","billing_code":"98940","description":"CHIROPRACTIC MANIPULATIVE TX SPINAL 1-2 REGIONS","allowed_amounts":[{"tin":{"type":"ein","value":"300021917"},"service_code":["11"],"billing_class":"professional","payments":[{"allowed_amount":27.84,"billing_code_modifier":[""],"providers":[{"billed_charge":40.00,"npi":[1639265952]}]}]},{"tin":{"type":"ein","value":"411613246"},"service_code":["11"],"billing_class":"professional","payments":[{"allowed_amount":27.84,"billing_code_modifier":[""],"providers":[{"billed_charge":45.00,"npi":[1457350332,1467504407]},{"billed_charge":55.00,"npi":[1457350332,1467504407]}]},{"allowed_amount":27.84,"billing_code_modifier":[""],"providers":[{"billed_charge":45.00,"npi":[1457350332,1467504407]},{"billed_charge":55.00,"npi":[1457350332,1467504407]}]}]},{"tin":{"type":"ein","value":"411613246"},"service_code":["11"],"billing_class":"professional","payments":[{"allowed_amount":27.84,"billing_code_modifier":[""],"providers":[{"billed_charge":45.00,"npi":[1457350332,1467504407]},{"billed_charge":55.00,"npi":[1457350332,1467504407]}]},{"allowed_amount":27.84,"billing_code_modifier":[""],"providers":[{"billed_charge":45.00,"npi":[1457350332,1467504407]},{"billed_charge":55.00,"npi":[1457350332,1467504407]}]}]},{"tin":{"type":"ein","value":"582449141"},"service_code":["11"],"billing_class":"professional","payments":[{"allowed_amount":24.51,"billing_code_modifier":[""],"providers":[{"billed_charge":72.00,"npi":[1700181237,1811923626]}]}]}]},{"name":"CHIROPRACTIC MANIPULATIVE TX SPINAL 3-4 REGIONS","billing_code_type":"CPT","billing_code_type_version":"2020","billing_code":"98941","description":"CHIROPRACTIC MANIPULATIVE TX SPINAL 3-4 REGIONS","allowed_amounts":[{"tin":{"type":"ein","value":"811815655"},"service_code":["11"],"billing_class":"professional","payments":[{"allowed_amount":49.82,"billing_code_modifier":[""],"providers":[{"billed_charge":85.00,"npi":[1063875888,1578999835]}]}]},{"tin":{"type":"ein","value":"841501080"},"service_code":["11"],"billing_class":"professional","payments":[{"allowed_amount":49.82,"billing_code_modifier":[""],"providers":[{"billed_charge":80.00,"npi":[1013210202]}]}]},{"tin":{"type":"ein","value":"841589235"},"service_code":["11"],"billing_class":"professional","payments":[{"allowed_amount":49.82,"billing_code_modifier":[""],"providers":[{"billed_charge":82.00,"npi":[1538371000,1568565844]}]}]}]},{"name":"COLLECTION VENOUS BLOOD VENIPUNCTURE","billing_code_type":"CPT","billing_code_type_version":"2020","billing_code":"36415","description":"COLLECTION VENOUS BLOOD VENIPUNCTURE","allowed_amounts":[{"tin":{"type":"ein","value":"382084239"},"service_code":["81"],"billing_class":"professional","payments":[{"allowed_amount":1.02,"billing_code_modifier":[""],"providers":[{"billed_charge":35.00,"npi":[1013029826,1043517683,1063438679,1063571354,1083129753,1104036854,1114347580,1114464310,1124552070,1164561817,1316951999,1336201508,1336632918,1346216249,1386159796,1407849524,1417188103,1437340148,1447226808,1518233782,1518680099,1538161252,1578075024,1578743548,1598266355,1619131299,1629051263,1679982805,1710346895,1720233208,1720394109,1740297811,1740321108,1780795708,1831230143,1841555893,1881214336,1922028034,1932166386,1962443051]}]}]},{"tin":{"type":"ein","value":"431039532"},"service_code":["81"],"billing_class":"professional","payments":[{"allowed_amount":1.02,"billing_code_modifier":[""],"providers":[{"billed_charge":35.00,"npi":[1376992818,1609812445]}]}]}]},{"name":"COMPREHENSIVE METABOLIC PANEL","billing_code_type":"CPT","billing_code_type_version":"2020","billing_code":"80053","description":"COMPREHENSIVE METABOLIC PANEL","allowed_amounts":[{"tin":{"type":"ein","value":"382084239"},"service_code":["81"],"billing_class":"professional","payments":[{"allowed_amount":5.09,"billing_code_modifier":[""],"providers":[{"billed_charge":96.88,"npi":[1003855818,1043517683,1083129753,1205563442,1336201508,1871131086,1932166386]},{"billed_charge":117.37,"npi":[1609010800,1932166386]}]},{"allowed_amount":5.09,"billing_code_modifier":[""],"providers":[{"billed_charge":96.88,"npi":[1003855818,1043517683,1083129753,1205563442,1336201508,1871131086,1932166386]},{"billed_charge":117.37,"npi":[1609010800,1932166386]}]}]},{"tin":{"type":"ein","value":"382084239"},"service_code":["81"],"billing_class":"professional","payments":[{"allowed_amount":5.09,"billing_code_modifier":[""],"providers":[{"billed_charge":96.88,"npi":[1003855818,1043517683,1083129753,1205563442,1336201508,1871131086,1932166386]},{"billed_charge":117.37,"npi":[1609010800,1932166386]}]},{"allowed_amount":5.09,"billing_code_modifier":[""],"providers":[{"billed_charge":96.88,"npi":[1003855818,1043517683,1083129753,1205563442,1336201508,1871131086,1932166386]},{"billed_charge":117.37,"npi":[1609010800,1932166386]}]}]},{"tin":{"type":"ein","value":"810576059"},"service_code":["81"],"billing_class":"professional","payments":[{"allowed_amount":5.09,"billing_code_modifier":[""],"providers":[{"billed_charge":21.12,"npi":[1073977781,1235186800,1336186808,1376652172,1407055999,1497944243,1639354434,1992042402]}]}]}]},{"name":"CULTURE BACTERIAL QUANTTATIVE COLONY COUNT URINE","billing_code_type":"CPT","billing_code_type_version":"2020","billing_code":"87086","description":"CULTURE BACTERIAL QUANTTATIVE COLONY COUNT URINE","allowed_amounts":[{"tin":{"type":"ein","value":"382084239"},"service_code":["81"],"billing_class":"professional","payments":[{"allowed_amount":3.38,"billing_code_modifier":[""],"providers":[{"billed_charge":66.83,"npi":[1578887568,1598920357,1831242544,1932166386]}]}]},{"tin":{"type":"ein","value":"751093698"},"service_code":["81"],"billing_class":"professional","payments":[{"allowed_amount":3.38,"billing_code_modifier":[""],"providers":[{"billed_charge":22.15,"npi":[1194769497,1518093673,1962481820]}]}]},{"tin":{"type":"ein","value":"810576059"},"service_code":["81"],"billing_class":"professional","payments":[{"allowed_amount":3.38,"billing_code_modifier":[""],"providers":[{"billed_charge":33.84,"npi":[1073977781,1235186800,1417373820,1427774884,1568921286,1952716730,1972130243,1992042402]}]}]}]},{"name":"GENERAL HEALTH PANEL","billing_code_type":"CPT","billing_code_type_version":"2020","billing_code":"80050","description":"GENERAL HEALTH PANEL","allowed_amounts":[{"tin":{"type":"ein","value":"382084239"},"service_code":["81"],"billing_class":"professional","payments":[{"allowed_amount":14.76,"billing_code_modifier":[""],"providers":[{"billed_charge":290.47,"npi":[1407849524,1578075024,1669404760,1932166386]}]}]},{"tin":{"type":"ein","value":"810576059"},"service_code":["81"],"billing_class":"professional","payments":[{"allowed_amount":14.76,"billing_code_modifier":[""],"providers":[{"billed_charge":60.00,"npi":[1013479047,1023467818,1073977781,1235186800,1407528896,1417373820,1497944243,1518940915,1639354434,1952628182]}]}]}]},{"name":"HEMOGLOBIN GLYCOSYLATED A1C","billing_code_type":"CPT","billing_code_type_version":"2020","billing_code":"83036","description":"HEMOGLOBIN GLYCOSYLATED A1C","allowed_amounts":[{"tin":{"type":"ein","value":"382084239"},"service_code":["81"],"billing_class":"professional","payments":[{"allowed_amount":4.68,"billing_code_modifier":[""],"providers":[{"billed_charge":81.68,"npi":[1407849524,1578075024,1932166386]}]}]},{"tin":{"type":"ein","value":"810576059"},"service_code":["81"],"billing_class":"professional","payments":[{"allowed_amount":4.68,"billing_code_modifier":[""],"providers":[{"billed_charge":40.68,"npi":[1013479047,1023467818,1073977781,1235186800,1407528896,1417373820,1497944243,1518940915,1639354434,1952628182,1972130243,1992042402]}]}]}]},{"name":"LIPID PANEL","billing_code_type":"CPT","billing_code_type_version":"2020","billing_code":"80061","description":"LIPID PANEL","allowed_amounts":[{"tin":{"type":"ein","value":"382084239"},"service_code":["81"],"billing_class":"professional","payments":[{"allowed_amount":7.68,"billing_code_modifier":[""],"providers":[{"billed_charge":162.91,"npi":[1407849524,1578075024,1669404760,1871131086,1932166386]}]}]},{"tin":{"type":"ein","value":"431039532"},"service_code":["81"],"billing_class":"professional","payments":[{"allowed_amount":7.68,"billing_code_modifier":[""],"providers":[{"billed_charge":162.91,"npi":[1376992818,1609812445]}]}]},{"tin":{"type":"ein","value":"810576059"},"service_code":["81"],"billing_class":"professional","payments":[{"allowed_amount":7.68,"billing_code_modifier":[""],"providers":[{"billed_charge":56.16,"npi":[1013479047,1023467818,1073977781,1235186800,1336186808,1407055999,1407528896,1417373820,1497944243,1518940915,1639354434,1952628182,1992042402]}]}]}]},{"name":"PSYCHIATRIC","billing_code_type":"RC","billing_code_type_version":"UB04","billing_code":"0124","description":"PSYCHIATRIC","allowed_amounts":[{"tin":{"type":"ein","value":"611914073"},"service_code":["21"],"billing_class":"institutional","payments":[{"allowed_amount":5525.00,"billing_code_modifier":[""],"providers":[{"billed_charge":6500.00,"npi":[1508408378,1871559385]}]}]}]}]}
