{"reporting_entity_name": "IEC Group_DBA AmeriBen",
	"reporting_entity_type": "Third Party Administrator",
	"plan_name": "DOMETIC CORPORATION",
	"plan_id_type": "ein",
	"plan_id": "320145464",
	"plan_market_type": "group",
	"last_updated_on": "2025-08-01","Version": "1.0.0","out_of_network":[{"name":"PSYCHIATRIC\/PSYCHOLOGICAL SVCS: PARTIAL HOSP - INT","billing_code_type":"RC","billing_code_type_version":"UB04","billing_code":"0913","description":"PSYCHIATRIC\/PSYCHOLOGICAL SVCS: PARTIAL HOSP - INT","allowed_amounts":[{"tin":{"type":"ein","value":"824549783"},"service_code":["22"],"billing_class":"institutional","payments":[{"allowed_amount":188.86,"billing_code_modifier":[""],"providers":[{"billed_charge":4000.00,"npi":[1225743032]}]}]}]},{"name":"THERAPEUTIC PX 1\/> AREAS EACH 15 MIN EXERCISES","billing_code_type":"CPT","billing_code_type_version":"2020","billing_code":"97110","description":"THERAPEUTIC PX 1\/> AREAS EACH 15 MIN EXERCISES","allowed_amounts":[{"tin":{"type":"ein","value":"873420582"},"service_code":["11"],"billing_class":"professional","payments":[{"allowed_amount":55.84,"billing_code_modifier":[""],"providers":[{"billed_charge":240.00,"npi":[1033875505,1518949320]}]}]}]}]}
