{"reporting_entity_name": "IEC Group_DBA AmeriBen",
	"reporting_entity_type": "Third Party Administrator",
	"plan_name": "WASSERMAN",
	"plan_id_type": "ein",
	"plan_id": "721559402",
	"plan_market_type": "group",
	"last_updated_on": "2025-12-01","Version": "1.0.0","out_of_network":[{"name":"ACUPUNCTURE 1\/> NDLS W\/O ESTIM 1ST 15 MIN","billing_code_type":"CPT","billing_code_type_version":"2020","billing_code":"97810","description":"ACUPUNCTURE 1\/> NDLS W\/O ESTIM 1ST 15 MIN","allowed_amounts":[{"tin":{"type":"ein","value":"161723159"},"service_code":["11"],"billing_class":"professional","payments":[{"allowed_amount":66.96,"billing_code_modifier":[""],"providers":[{"billed_charge":150.00,"npi":[1801136049]}]}]},{"tin":{"type":"ein","value":"474034392"},"service_code":["11"],"billing_class":"professional","payments":[{"allowed_amount":66.96,"billing_code_modifier":[""],"providers":[{"billed_charge":150.00,"npi":[1578805925]}]}]},{"tin":{"type":"ein","value":"571143898"},"service_code":["11"],"billing_class":"professional","payments":[{"allowed_amount":66.96,"billing_code_modifier":[""],"providers":[{"billed_charge":75.00,"npi":[1184139966,1528130564,1700628724]}]}]},{"tin":{"type":"ein","value":"822578242"},"service_code":["11"],"billing_class":"professional","payments":[{"allowed_amount":66.96,"billing_code_modifier":[""],"providers":[{"billed_charge":300.00,"npi":[1245880343,1679508303]}]}]}]},{"name":"ACUPUNCTURE 1\/> NDLS W\/O ESTIM EACH ADDL 15 MIN","billing_code_type":"CPT","billing_code_type_version":"2020","billing_code":"97811","description":"ACUPUNCTURE 1\/> NDLS W\/O ESTIM EACH ADDL 15 MIN","allowed_amounts":[{"tin":{"type":"ein","value":"371771138"},"service_code":["11"],"billing_class":"professional","payments":[{"allowed_amount":38.33,"billing_code_modifier":[""],"providers":[{"billed_charge":150.00,"npi":[1053952325,1396297859]}]}]},{"tin":{"type":"ein","value":"571143898"},"service_code":["11"],"billing_class":"professional","payments":[{"allowed_amount":38.33,"billing_code_modifier":[""],"providers":[{"billed_charge":75.00,"npi":[1184139966,1528130564,1700628724]}]}]},{"tin":{"type":"ein","value":"873318862"},"service_code":["11"],"billing_class":"professional","payments":[{"allowed_amount":38.33,"billing_code_modifier":[""],"providers":[{"billed_charge":150.00,"npi":[1124775259,1659658367]}]}]}]},{"name":"CHIROPRACTIC MANIPLTV TX EXTRASPINAL 1\/> REGION","billing_code_type":"CPT","billing_code_type_version":"2020","billing_code":"98943","description":"CHIROPRACTIC MANIPLTV TX EXTRASPINAL 1\/> REGION","allowed_amounts":[{"tin":{"type":"ein","value":"123626395"},"service_code":["11"],"billing_class":"professional","payments":[{"allowed_amount":37.37,"billing_code_modifier":[""],"providers":[{"billed_charge":90.00,"npi":[1689737215]}]}]},{"tin":{"type":"ein","value":"264347711"},"service_code":["11"],"billing_class":"professional","payments":[{"allowed_amount":37.37,"billing_code_modifier":[""],"providers":[{"billed_charge":150.00,"npi":[1225262785,1821226135]},{"billed_charge":200.00,"npi":[1225262785,1821226135]}]},{"allowed_amount":37.37,"billing_code_modifier":[""],"providers":[{"billed_charge":150.00,"npi":[1225262785,1821226135]},{"billed_charge":200.00,"npi":[1225262785,1821226135]}]}]},{"tin":{"type":"ein","value":"264347711"},"service_code":["11"],"billing_class":"professional","payments":[{"allowed_amount":37.37,"billing_code_modifier":[""],"providers":[{"billed_charge":150.00,"npi":[1225262785,1821226135]},{"billed_charge":200.00,"npi":[1225262785,1821226135]}]},{"allowed_amount":37.37,"billing_code_modifier":[""],"providers":[{"billed_charge":150.00,"npi":[1225262785,1821226135]},{"billed_charge":200.00,"npi":[1225262785,1821226135]}]}]},{"tin":{"type":"ein","value":"822578242"},"service_code":["11"],"billing_class":"professional","payments":[{"allowed_amount":37.37,"billing_code_modifier":[""],"providers":[{"billed_charge":301.00,"npi":[1629379979,1679508303]}]}]},{"tin":{"type":"ein","value":"824654775"},"service_code":["11"],"billing_class":"professional","payments":[{"allowed_amount":37.37,"billing_code_modifier":[""],"providers":[{"billed_charge":150.00,"npi":[1265103733,1841954807]}]}]},{"tin":{"type":"ein","value":"901021784"},"service_code":["11"],"billing_class":"professional","payments":[{"allowed_amount":37.37,"billing_code_modifier":[""],"providers":[{"billed_charge":200.00,"npi":[1518375526,1558393165]}]}]}]},{"name":"CHIROPRACTIC MANIPULATIVE TX SPINAL 1-2 REGIONS","billing_code_type":"CPT","billing_code_type_version":"2020","billing_code":"98940","description":"CHIROPRACTIC MANIPULATIVE TX SPINAL 1-2 REGIONS","allowed_amounts":[{"tin":{"type":"ein","value":"113757033"},"service_code":["11"],"billing_class":"professional","payments":[{"allowed_amount":39.78,"billing_code_modifier":[""],"providers":[{"billed_charge":100.00,"npi":[1497794747]}]}]},{"tin":{"type":"ein","value":"134195673"},"service_code":["11"],"billing_class":"professional","payments":[{"allowed_amount":39.78,"billing_code_modifier":[""],"providers":[{"billed_charge":175.00,"npi":[1104049493]}]}]},{"tin":{"type":"ein","value":"264347711"},"service_code":["11"],"billing_class":"professional","payments":[{"allowed_amount":39.78,"billing_code_modifier":[""],"providers":[{"billed_charge":110.00,"npi":[1225262785,1821226135]},{"billed_charge":200.00,"npi":[1225262785,1821226135]},{"billed_charge":250.00,"npi":[1225262785,1821226135]}]},{"allowed_amount":39.78,"billing_code_modifier":[""],"providers":[{"billed_charge":110.00,"npi":[1225262785,1821226135]},{"billed_charge":200.00,"npi":[1225262785,1821226135]},{"billed_charge":250.00,"npi":[1225262785,1821226135]}]},{"allowed_amount":39.78,"billing_code_modifier":[""],"providers":[{"billed_charge":110.00,"npi":[1225262785,1821226135]},{"billed_charge":200.00,"npi":[1225262785,1821226135]},{"billed_charge":250.00,"npi":[1225262785,1821226135]}]}]},{"tin":{"type":"ein","value":"264347711"},"service_code":["11"],"billing_class":"professional","payments":[{"allowed_amount":39.78,"billing_code_modifier":[""],"providers":[{"billed_charge":110.00,"npi":[1225262785,1821226135]},{"billed_charge":200.00,"npi":[1225262785,1821226135]},{"billed_charge":250.00,"npi":[1225262785,1821226135]}]},{"allowed_amount":39.78,"billing_code_modifier":[""],"providers":[{"billed_charge":110.00,"npi":[1225262785,1821226135]},{"billed_charge":200.00,"npi":[1225262785,1821226135]},{"billed_charge":250.00,"npi":[1225262785,1821226135]}]},{"allowed_amount":39.78,"billing_code_modifier":[""],"providers":[{"billed_charge":110.00,"npi":[1225262785,1821226135]},{"billed_charge":200.00,"npi":[1225262785,1821226135]},{"billed_charge":250.00,"npi":[1225262785,1821226135]}]}]},{"tin":{"type":"ein","value":"264347711"},"service_code":["11"],"billing_class":"professional","payments":[{"allowed_amount":39.78,"billing_code_modifier":[""],"providers":[{"billed_charge":110.00,"npi":[1225262785,1821226135]},{"billed_charge":200.00,"npi":[1225262785,1821226135]},{"billed_charge":250.00,"npi":[1225262785,1821226135]}]},{"allowed_amount":39.78,"billing_code_modifier":[""],"providers":[{"billed_charge":110.00,"npi":[1225262785,1821226135]},{"billed_charge":200.00,"npi":[1225262785,1821226135]},{"billed_charge":250.00,"npi":[1225262785,1821226135]}]},{"allowed_amount":39.78,"billing_code_modifier":[""],"providers":[{"billed_charge":110.00,"npi":[1225262785,1821226135]},{"billed_charge":200.00,"npi":[1225262785,1821226135]},{"billed_charge":250.00,"npi":[1225262785,1821226135]}]}]},{"tin":{"type":"ein","value":"824654775"},"service_code":["11"],"billing_class":"professional","payments":[{"allowed_amount":39.78,"billing_code_modifier":[""],"providers":[{"billed_charge":150.00,"npi":[1265103733,1841954807]}]}]},{"tin":{"type":"ein","value":"901021784"},"service_code":["11"],"billing_class":"professional","payments":[{"allowed_amount":39.78,"billing_code_modifier":[""],"providers":[{"billed_charge":200.00,"npi":[1518375526,1558393165]}]}]}]},{"name":"CHIROPRACTIC MANIPULATIVE TX SPINAL 3-4 REGIONS","billing_code_type":"CPT","billing_code_type_version":"2020","billing_code":"98941","description":"CHIROPRACTIC MANIPULATIVE TX SPINAL 3-4 REGIONS","allowed_amounts":[{"tin":{"type":"ein","value":"123626395"},"service_code":["11"],"billing_class":"professional","payments":[{"allowed_amount":57.74,"billing_code_modifier":[""],"providers":[{"billed_charge":150.00,"npi":[1689737215]}]}]},{"tin":{"type":"ein","value":"264347711"},"service_code":["11"],"billing_class":"professional","payments":[{"allowed_amount":57.74,"billing_code_modifier":[""],"providers":[{"billed_charge":250.00,"npi":[1225262785,1821226135]}]}]},{"tin":{"type":"ein","value":"822578242"},"service_code":["11"],"billing_class":"professional","payments":[{"allowed_amount":57.74,"billing_code_modifier":[""],"providers":[{"billed_charge":301.00,"npi":[1629379979,1679508303]}]}]}]},{"name":"MANUAL THERAPY TQS 1\/> REGIONS EACH 15 MINUTES","billing_code_type":"CPT","billing_code_type_version":"2020","billing_code":"97140","description":"MANUAL THERAPY TQS 1\/> REGIONS EACH 15 MINUTES","allowed_amounts":[{"tin":{"type":"ein","value":"043505907"},"service_code":["11"],"billing_class":"professional","payments":[{"allowed_amount":40.76,"billing_code_modifier":[""],"providers":[{"billed_charge":60.00,"npi":[1477099000]}]}]},{"tin":{"type":"ein","value":"137625554"},"service_code":["11"],"billing_class":"professional","payments":[{"allowed_amount":40.76,"billing_code_modifier":[""],"providers":[{"billed_charge":45.00,"npi":[1891516910]}]}]},{"tin":{"type":"ein","value":"200845292"},"service_code":["11"],"billing_class":"professional","payments":[{"allowed_amount":40.76,"billing_code_modifier":[""],"providers":[{"billed_charge":175.00,"npi":[1679799274]}]}]},{"tin":{"type":"ein","value":"262528570"},"service_code":["11"],"billing_class":"professional","payments":[{"allowed_amount":40.76,"billing_code_modifier":[""],"providers":[{"billed_charge":150.00,"npi":[1457517559,1801835178,1831358944]}]}]},{"tin":{"type":"ein","value":"264347711"},"service_code":["11"],"billing_class":"professional","payments":[{"allowed_amount":40.76,"billing_code_modifier":[""],"providers":[{"billed_charge":200.00,"npi":[1225262785,1821226135]}]}]},{"tin":{"type":"ein","value":"474034392"},"service_code":["11"],"billing_class":"professional","payments":[{"allowed_amount":40.76,"billing_code_modifier":[""],"providers":[{"billed_charge":75.00,"npi":[1578805925]}]}]},{"tin":{"type":"ein","value":"571143898"},"service_code":["11"],"billing_class":"professional","payments":[{"allowed_amount":40.76,"billing_code_modifier":[""],"providers":[{"billed_charge":75.00,"npi":[1528130564,1700628724]}]}]},{"tin":{"type":"ein","value":"881957018"},"service_code":["11"],"billing_class":"professional","payments":[{"allowed_amount":40.76,"billing_code_modifier":[""],"providers":[{"billed_charge":180.00,"npi":[1699542639,1851660120]}]}]},{"tin":{"type":"ein","value":"933233466"},"service_code":["11"],"billing_class":"professional","payments":[{"allowed_amount":40.76,"billing_code_modifier":[""],"providers":[{"billed_charge":125.00,"npi":[1225570807,1659148807,1710532627]}]}]}]},{"name":"OFFICE\/OUTPATIENT ESTABLISHED LOW MDM 20 MIN","billing_code_type":"CPT","billing_code_type_version":"2020","billing_code":"99213","description":"OFFICE\/OUTPATIENT ESTABLISHED LOW MDM 20 MIN","allowed_amounts":[{"tin":{"type":"ein","value":"073505982"},"service_code":["11"],"billing_class":"professional","payments":[{"allowed_amount":133.43,"billing_code_modifier":[""],"providers":[{"billed_charge":485.00,"npi":[1083670103]}]}]},{"tin":{"type":"ein","value":"112830151"},"service_code":["11"],"billing_class":"professional","payments":[{"allowed_amount":133.43,"billing_code_modifier":[""],"providers":[{"billed_charge":600.00,"npi":[1568796928,1952614042]}]}]},{"tin":{"type":"ein","value":"123626395"},"service_code":["11"],"billing_class":"professional","payments":[{"allowed_amount":133.43,"billing_code_modifier":[""],"providers":[{"billed_charge":150.00,"npi":[1689737215]}]}]},{"tin":{"type":"ein","value":"134195673"},"service_code":["11"],"billing_class":"professional","payments":[{"allowed_amount":133.43,"billing_code_modifier":[""],"providers":[{"billed_charge":375.00,"npi":[1104049493]}]}]},{"tin":{"type":"ein","value":"200498404"},"service_code":["11"],"billing_class":"professional","payments":[{"allowed_amount":133.43,"billing_code_modifier":[""],"providers":[{"billed_charge":350.00,"npi":[1205852845,1689845315]}]}]},{"tin":{"type":"ein","value":"264347711"},"service_code":["11"],"billing_class":"professional","payments":[{"allowed_amount":133.43,"billing_code_modifier":[""],"providers":[{"billed_charge":250.00,"npi":[1225262785,1821226135]}]}]},{"tin":{"type":"ein","value":"326605264"},"service_code":["10"],"billing_class":"professional","payments":[{"allowed_amount":133.43,"billing_code_modifier":[""],"providers":[{"billed_charge":150.00,"npi":[1487665832]}]}]},{"tin":{"type":"ein","value":"364938076"},"service_code":["11"],"billing_class":"professional","payments":[{"allowed_amount":133.43,"billing_code_modifier":[""],"providers":[{"billed_charge":469.89,"npi":[1821331729,1841848777]}]}]},{"tin":{"type":"ein","value":"844685941"},"service_code":["11"],"billing_class":"professional","payments":[{"allowed_amount":133.43,"billing_code_modifier":[""],"providers":[{"billed_charge":375.00,"npi":[1700166642]}]}]},{"tin":{"type":"ein","value":"883303824"},"service_code":["11"],"billing_class":"professional","payments":[{"allowed_amount":133.43,"billing_code_modifier":[""],"providers":[{"billed_charge":375.00,"npi":[1902366883]}]}]},{"tin":{"type":"ein","value":"993561275"},"service_code":["11"],"billing_class":"professional","payments":[{"allowed_amount":133.43,"billing_code_modifier":[""],"providers":[{"billed_charge":337.52,"npi":[1013750975,1518307875]}]}]},{"tin":{"type":"ein","value":"994042249"},"service_code":["11"],"billing_class":"professional","payments":[{"allowed_amount":133.43,"billing_code_modifier":[""],"providers":[{"billed_charge":470.00,"npi":[1881127447,1891523908]}]}]}]},{"name":"OFFICE\/OUTPATIENT ESTABLISHED MOD MDM 30 MIN","billing_code_type":"CPT","billing_code_type_version":"2020","billing_code":"99214","description":"OFFICE\/OUTPATIENT ESTABLISHED MOD MDM 30 MIN","allowed_amounts":[{"tin":{"type":"ein","value":"133594669"},"service_code":["11"],"billing_class":"professional","payments":[{"allowed_amount":187.77,"billing_code_modifier":[""],"providers":[{"billed_charge":500.00,"npi":[1528150760]}]}]},{"tin":{"type":"ein","value":"144509036"},"service_code":["11"],"billing_class":"professional","payments":[{"allowed_amount":187.77,"billing_code_modifier":[""],"providers":[{"billed_charge":300.00,"npi":[1053599670]}]}]},{"tin":{"type":"ein","value":"201183672"},"service_code":["20"],"billing_class":"professional","payments":[{"allowed_amount":187.77,"billing_code_modifier":[""],"providers":[{"billed_charge":500.00,"npi":[1346450897,1710020417]}]}]},{"tin":{"type":"ein","value":"832877973"},"service_code":["11"],"billing_class":"professional","payments":[{"allowed_amount":187.77,"billing_code_modifier":[""],"providers":[{"billed_charge":435.00,"npi":[1568705838]}]}]},{"tin":{"type":"ein","value":"834670167"},"service_code":["10"],"billing_class":"professional","payments":[{"allowed_amount":187.77,"billing_code_modifier":[""],"providers":[{"billed_charge":450.00,"npi":[1215375969]}]}]},{"tin":{"type":"ein","value":"843398124"},"service_code":["11"],"billing_class":"professional","payments":[{"allowed_amount":187.77,"billing_code_modifier":[""],"providers":[{"billed_charge":450.00,"npi":[1619511219,1750698445]}]}]}]},{"name":"PSYCHOTHERAPY W\/PATIENT 45 MINUTES","billing_code_type":"CPT","billing_code_type_version":"2020","billing_code":"90834","description":"PSYCHOTHERAPY W\/PATIENT 45 MINUTES","allowed_amounts":[{"tin":{"type":"ein","value":"117548087"},"service_code":["10"],"billing_class":"professional","payments":[{"allowed_amount":156.24,"billing_code_modifier":[""],"providers":[{"billed_charge":200.00,"npi":[1881829471]}]}]},{"tin":{"type":"ein","value":"202158405"},"service_code":["11","22"],"billing_class":"professional","payments":[{"allowed_amount":156.24,"billing_code_modifier":[""],"providers":[{"billed_charge":375.00,"npi":[1013129535]}]}]},{"tin":{"type":"ein","value":"208587001"},"service_code":["10","11"],"billing_class":"professional","payments":[{"allowed_amount":156.24,"billing_code_modifier":[""],"providers":[{"billed_charge":225.00,"npi":[1063636124]}]}]},{"tin":{"type":"ein","value":"260488676"},"service_code":["11"],"billing_class":"professional","payments":[{"allowed_amount":156.24,"billing_code_modifier":[""],"providers":[{"billed_charge":200.00,"npi":[1306911284]},{"billed_charge":235.00,"npi":[1306911284]}]},{"allowed_amount":156.24,"billing_code_modifier":[""],"providers":[{"billed_charge":200.00,"npi":[1306911284]},{"billed_charge":235.00,"npi":[1306911284]}]}]},{"tin":{"type":"ein","value":"260488676"},"service_code":["11"],"billing_class":"professional","payments":[{"allowed_amount":156.24,"billing_code_modifier":[""],"providers":[{"billed_charge":200.00,"npi":[1306911284]},{"billed_charge":235.00,"npi":[1306911284]}]},{"allowed_amount":156.24,"billing_code_modifier":[""],"providers":[{"billed_charge":200.00,"npi":[1306911284]},{"billed_charge":235.00,"npi":[1306911284]}]}]},{"tin":{"type":"ein","value":"381843876"},"service_code":["11"],"billing_class":"professional","payments":[{"allowed_amount":156.24,"billing_code_modifier":[""],"providers":[{"billed_charge":250.00,"npi":[1982118006]}]}]},{"tin":{"type":"ein","value":"557726048"},"service_code":["11"],"billing_class":"professional","payments":[{"allowed_amount":156.24,"billing_code_modifier":[""],"providers":[{"billed_charge":225.00,"npi":[1992135677]}]}]},{"tin":{"type":"ein","value":"811355073"},"service_code":["11"],"billing_class":"professional","payments":[{"allowed_amount":156.24,"billing_code_modifier":[""],"providers":[{"billed_charge":387.50,"npi":[1760765655]}]}]},{"tin":{"type":"ein","value":"813860169"},"service_code":["02","11"],"billing_class":"professional","payments":[{"allowed_amount":156.24,"billing_code_modifier":[""],"providers":[{"billed_charge":375.00,"npi":[1528589223]}]}]},{"tin":{"type":"ein","value":"821204643"},"service_code":["11"],"billing_class":"professional","payments":[{"allowed_amount":156.24,"billing_code_modifier":[""],"providers":[{"billed_charge":275.00,"npi":[1083148001]}]}]},{"tin":{"type":"ein","value":"862405275"},"service_code":["11"],"billing_class":"professional","payments":[{"allowed_amount":156.24,"billing_code_modifier":[""],"providers":[{"billed_charge":250.00,"npi":[1053919399]}]}]},{"tin":{"type":"ein","value":"871564573"},"service_code":["11"],"billing_class":"professional","payments":[{"allowed_amount":156.24,"billing_code_modifier":[""],"providers":[{"billed_charge":180.00,"npi":[1518631274]},{"billed_charge":200.00,"npi":[1518631274]}]},{"allowed_amount":156.24,"billing_code_modifier":[""],"providers":[{"billed_charge":180.00,"npi":[1518631274]},{"billed_charge":200.00,"npi":[1518631274]}]}]},{"tin":{"type":"ein","value":"871564573"},"service_code":["11"],"billing_class":"professional","payments":[{"allowed_amount":156.24,"billing_code_modifier":[""],"providers":[{"billed_charge":180.00,"npi":[1518631274]},{"billed_charge":200.00,"npi":[1518631274]}]},{"allowed_amount":156.24,"billing_code_modifier":[""],"providers":[{"billed_charge":180.00,"npi":[1518631274]},{"billed_charge":200.00,"npi":[1518631274]}]}]},{"tin":{"type":"ein","value":"873602711"},"service_code":["02"],"billing_class":"professional","payments":[{"allowed_amount":156.24,"billing_code_modifier":[""],"providers":[{"billed_charge":250.00,"npi":[1265822548]}]}]},{"tin":{"type":"ein","value":"882523370"},"service_code":["10"],"billing_class":"professional","payments":[{"allowed_amount":156.24,"billing_code_modifier":[""],"providers":[{"billed_charge":250.00,"npi":[1316516438,1902504822]}]}]},{"tin":{"type":"ein","value":"921539594"},"service_code":["11"],"billing_class":"professional","payments":[{"allowed_amount":156.24,"billing_code_modifier":[""],"providers":[{"billed_charge":250.00,"npi":[1063802049,1083320733,1386409878,1457827974]}]}]},{"tin":{"type":"ein","value":"922466724"},"service_code":["02"],"billing_class":"professional","payments":[{"allowed_amount":156.24,"billing_code_modifier":[""],"providers":[{"billed_charge":375.00,"npi":[1124727615,1588080345]}]}]}]},{"name":"PSYCHOTHERAPY W\/PATIENT 60 MINUTES","billing_code_type":"CPT","billing_code_type_version":"2020","billing_code":"90837","description":"PSYCHOTHERAPY W\/PATIENT 60 MINUTES","allowed_amounts":[{"tin":{"type":"ein","value":"262738690"},"service_code":["22"],"billing_class":"professional","payments":[{"allowed_amount":275.04,"billing_code_modifier":[""],"providers":[{"billed_charge":450.00,"npi":[1093033565]}]}]},{"tin":{"type":"ein","value":"271023041"},"service_code":["11"],"billing_class":"professional","payments":[{"allowed_amount":229.20,"billing_code_modifier":[""],"providers":[{"billed_charge":300.00,"npi":[1679783880]}]}]},{"tin":{"type":"ein","value":"510461430"},"service_code":["11"],"billing_class":"professional","payments":[{"allowed_amount":275.04,"billing_code_modifier":[""],"providers":[{"billed_charge":350.00,"npi":[1477088193,1639420078]}]}]},{"tin":{"type":"ein","value":"559294907"},"service_code":["11"],"billing_class":"professional","payments":[{"allowed_amount":229.20,"billing_code_modifier":[""],"providers":[{"billed_charge":250.00,"npi":[1053494161]}]}]},{"tin":{"type":"ein","value":"954287715"},"service_code":["11"],"billing_class":"professional","payments":[{"allowed_amount":229.20,"billing_code_modifier":[""],"providers":[{"billed_charge":400.00,"npi":[1326439126]}]}]},{"tin":{"type":"ein","value":"990405751"},"service_code":["11"],"billing_class":"professional","payments":[{"allowed_amount":229.20,"billing_code_modifier":[""],"providers":[{"billed_charge":250.00,"npi":[1306337092]}]}]}]},{"name":"THER PX 1\/> AREAS EACH 15 MIN NEUROMUSC REEDUCA","billing_code_type":"CPT","billing_code_type_version":"2020","billing_code":"97112","description":"THER PX 1\/> AREAS EACH 15 MIN NEUROMUSC REEDUCA","allowed_amounts":[{"tin":{"type":"ein","value":"043505907"},"service_code":["11"],"billing_class":"professional","payments":[{"allowed_amount":48.03,"billing_code_modifier":[""],"providers":[{"billed_charge":60.00,"npi":[1477099000]}]}]},{"tin":{"type":"ein","value":"262528570"},"service_code":["11"],"billing_class":"professional","payments":[{"allowed_amount":48.03,"billing_code_modifier":[""],"providers":[{"billed_charge":150.00,"npi":[1457517559,1801835178,1831358944]}]}]},{"tin":{"type":"ein","value":"881957018"},"service_code":["11"],"billing_class":"professional","payments":[{"allowed_amount":48.03,"billing_code_modifier":[""],"providers":[{"billed_charge":180.00,"npi":[1699542639,1851660120]}]}]},{"tin":{"type":"ein","value":"933233466"},"service_code":["11"],"billing_class":"professional","payments":[{"allowed_amount":48.03,"billing_code_modifier":[""],"providers":[{"billed_charge":200.00,"npi":[1225570807,1659148807,1710532627]}]}]}]},{"name":"THERAPEUTIC PX 1\/> AREAS EACH 15 MIN EXERCISES","billing_code_type":"CPT","billing_code_type_version":"2020","billing_code":"97110","description":"THERAPEUTIC PX 1\/> AREAS EACH 15 MIN EXERCISES","allowed_amounts":[{"tin":{"type":"ein","value":"043505907"},"service_code":["11"],"billing_class":"professional","payments":[{"allowed_amount":43.19,"billing_code_modifier":[""],"providers":[{"billed_charge":60.00,"npi":[1477099000]}]}]},{"tin":{"type":"ein","value":"123626395"},"service_code":["11"],"billing_class":"professional","payments":[{"allowed_amount":43.19,"billing_code_modifier":[""],"providers":[{"billed_charge":75.00,"npi":[1689737215]}]}]},{"tin":{"type":"ein","value":"134195673"},"service_code":["11"],"billing_class":"professional","payments":[{"allowed_amount":43.19,"billing_code_modifier":[""],"providers":[{"billed_charge":175.00,"npi":[1104049493]}]}]},{"tin":{"type":"ein","value":"137625554"},"service_code":["11"],"billing_class":"professional","payments":[{"allowed_amount":43.19,"billing_code_modifier":[""],"providers":[{"billed_charge":45.00,"npi":[1891516910]}]}]},{"tin":{"type":"ein","value":"262528570"},"service_code":["11"],"billing_class":"professional","payments":[{"allowed_amount":43.19,"billing_code_modifier":[""],"providers":[{"billed_charge":150.00,"npi":[1457517559,1801835178,1831358944]}]}]},{"tin":{"type":"ein","value":"264347711"},"service_code":["11"],"billing_class":"professional","payments":[{"allowed_amount":43.19,"billing_code_modifier":[""],"providers":[{"billed_charge":150.00,"npi":[1225262785,1821226135]},{"billed_charge":200.00,"npi":[1225262785,1821226135]}]},{"allowed_amount":43.19,"billing_code_modifier":[""],"providers":[{"billed_charge":150.00,"npi":[1225262785,1821226135]},{"billed_charge":200.00,"npi":[1225262785,1821226135]}]}]},{"tin":{"type":"ein","value":"264347711"},"service_code":["11"],"billing_class":"professional","payments":[{"allowed_amount":43.19,"billing_code_modifier":[""],"providers":[{"billed_charge":150.00,"npi":[1225262785,1821226135]},{"billed_charge":200.00,"npi":[1225262785,1821226135]}]},{"allowed_amount":43.19,"billing_code_modifier":[""],"providers":[{"billed_charge":150.00,"npi":[1225262785,1821226135]},{"billed_charge":200.00,"npi":[1225262785,1821226135]}]}]},{"tin":{"type":"ein","value":"822578242"},"service_code":["11"],"billing_class":"professional","payments":[{"allowed_amount":86.38,"billing_code_modifier":[""],"providers":[{"billed_charge":600.00,"npi":[1629379979,1679508303]}]}]},{"tin":{"type":"ein","value":"824159533"},"service_code":["11"],"billing_class":"professional","payments":[{"allowed_amount":43.19,"billing_code_modifier":[""],"providers":[{"billed_charge":200.00,"npi":[1801459060,1952540536]}]}]},{"tin":{"type":"ein","value":"824654775"},"service_code":["11"],"billing_class":"professional","payments":[{"allowed_amount":86.38,"billing_code_modifier":[""],"providers":[{"billed_charge":300.00,"npi":[1265103733,1841954807]}]}]},{"tin":{"type":"ein","value":"843656783"},"service_code":["11"],"billing_class":"professional","payments":[{"allowed_amount":86.38,"billing_code_modifier":[""],"providers":[{"billed_charge":300.00,"npi":[1043859713,1831384429,1972267276]}]}]},{"tin":{"type":"ein","value":"881957018"},"service_code":["11"],"billing_class":"professional","payments":[{"allowed_amount":43.19,"billing_code_modifier":[""],"providers":[{"billed_charge":180.00,"npi":[1699542639,1851660120]}]}]},{"tin":{"type":"ein","value":"881957018"},"service_code":["11"],"billing_class":"professional","payments":[{"allowed_amount":86.38,"billing_code_modifier":[""],"providers":[{"billed_charge":360.00,"npi":[1699542639,1851660120]}]}]},{"tin":{"type":"ein","value":"933233466"},"service_code":["11"],"billing_class":"professional","payments":[{"allowed_amount":86.38,"billing_code_modifier":[""],"providers":[{"billed_charge":400.00,"npi":[1225570807,1659148807,1710532627]}]}]}]},{"name":"TX SPEECH LANG VOICE COMMJ&\/AUD PROC DO INDIV","billing_code_type":"CPT","billing_code_type_version":"2020","billing_code":"92507","description":"TX SPEECH LANG VOICE COMMJ&\/AUD PROC DO INDIV","allowed_amounts":[{"tin":{"type":"ein","value":"076408936"},"service_code":["11"],"billing_class":"professional","payments":[{"allowed_amount":100.00,"billing_code_modifier":[""],"providers":[{"billed_charge":100.00,"npi":[1659778694]}]}]},{"tin":{"type":"ein","value":"831560432"},"service_code":["11"],"billing_class":"professional","payments":[{"allowed_amount":112.56,"billing_code_modifier":[""],"providers":[{"billed_charge":185.00,"npi":[1386108421]}]}]},{"tin":{"type":"ein","value":"862458686"},"service_code":["11"],"billing_class":"professional","payments":[{"allowed_amount":112.56,"billing_code_modifier":[""],"providers":[{"billed_charge":200.00,"npi":[1215461744]}]}]}]}]}
