{"reporting_entity_name": "IEC Group_DBA AmeriBen",
	"reporting_entity_type": "Third Party Administrator",
	"plan_name": "NEVADA GOLD MINES LLC",
	"plan_id_type": "ein",
	"plan_id": "",
	"plan_market_type": "group",
	"last_updated_on": "2022-08-31","Version": "1.0.0","out_of_network":[{"name":"ASSAY OF THYROID STIMULATING HORMONE TSH","billing_code_type":"CPT","billing_code_type_version":"2020","billing_code":"84443","description":"ASSAY OF THYROID STIMULATING HORMONE TSH","allowed_amounts":[{"tin":{"type":"ein","value":"571207559"},"service_code":["11"],"billing_class":"professional","payments":[{"allowed_amount":18.48,"billing_code_modifier":[""],"providers":[{"billed_charge":161.00,"npi":[1285798439,1659436038,1740531466,1780961102]}]}]},{"tin":{"type":"ein","value":"840611484"},"service_code":["81"],"billing_class":"professional","payments":[{"allowed_amount":18.48,"billing_code_modifier":[""],"providers":[{"billed_charge":104.00,"npi":[1568858694,1740262880,1750324216,1801986427]},{"billed_charge":203.43,"npi":[1740262880,1851320550]}]},{"allowed_amount":18.48,"billing_code_modifier":[""],"providers":[{"billed_charge":104.00,"npi":[1568858694,1740262880,1750324216,1801986427]},{"billed_charge":203.43,"npi":[1740262880,1851320550]}]}]},{"tin":{"type":"ein","value":"840611484"},"service_code":["81"],"billing_class":"professional","payments":[{"allowed_amount":18.48,"billing_code_modifier":[""],"providers":[{"billed_charge":104.00,"npi":[1568858694,1740262880,1750324216,1801986427]},{"billed_charge":203.43,"npi":[1740262880,1851320550]}]},{"allowed_amount":18.48,"billing_code_modifier":[""],"providers":[{"billed_charge":104.00,"npi":[1568858694,1740262880,1750324216,1801986427]},{"billed_charge":203.43,"npi":[1740262880,1851320550]}]}]},{"tin":{"type":"ein","value":"853163633"},"service_code":["81"],"billing_class":"professional","payments":[{"allowed_amount":18.48,"billing_code_modifier":[""],"providers":[{"billed_charge":134.40,"npi":[1063011898,1669453262]}]}]}]},{"name":"BLOOD COUNT COMPLETE AUTO&AUTO DIFRNTL WBC","billing_code_type":"CPT","billing_code_type_version":"2020","billing_code":"85025","description":"BLOOD COUNT COMPLETE AUTO&AUTO DIFRNTL WBC","allowed_amounts":[{"tin":{"type":"ein","value":"571207559"},"service_code":["11"],"billing_class":"professional","payments":[{"allowed_amount":8.55,"billing_code_modifier":[""],"providers":[{"billed_charge":43.00,"npi":[1285798439,1659436038,1740531466,1780961102]}]}]},{"tin":{"type":"ein","value":"840611484"},"service_code":["81"],"billing_class":"professional","payments":[{"allowed_amount":8.55,"billing_code_modifier":[""],"providers":[{"billed_charge":38.00,"npi":[1114540960,1386790988,1518083195,1568042042,1629284732,1720030273,1720757065,1740262880,1750324216,1750799730,1972936326]},{"billed_charge":39.67,"npi":[1740262880,1750324216]},{"billed_charge":44.25,"npi":[1720030273,1740262880]}]},{"allowed_amount":8.55,"billing_code_modifier":[""],"providers":[{"billed_charge":38.00,"npi":[1114540960,1386790988,1518083195,1568042042,1629284732,1720030273,1720757065,1740262880,1750324216,1750799730,1972936326]},{"billed_charge":39.67,"npi":[1740262880,1750324216]},{"billed_charge":44.25,"npi":[1720030273,1740262880]}]},{"allowed_amount":8.55,"billing_code_modifier":[""],"providers":[{"billed_charge":38.00,"npi":[1114540960,1386790988,1518083195,1568042042,1629284732,1720030273,1720757065,1740262880,1750324216,1750799730,1972936326]},{"billed_charge":39.67,"npi":[1740262880,1750324216]},{"billed_charge":44.25,"npi":[1720030273,1740262880]}]}]},{"tin":{"type":"ein","value":"840611484"},"service_code":["81"],"billing_class":"professional","payments":[{"allowed_amount":8.55,"billing_code_modifier":[""],"providers":[{"billed_charge":38.00,"npi":[1114540960,1386790988,1518083195,1568042042,1629284732,1720030273,1720757065,1740262880,1750324216,1750799730,1972936326]},{"billed_charge":39.67,"npi":[1740262880,1750324216]},{"billed_charge":44.25,"npi":[1720030273,1740262880]}]},{"allowed_amount":8.55,"billing_code_modifier":[""],"providers":[{"billed_charge":38.00,"npi":[1114540960,1386790988,1518083195,1568042042,1629284732,1720030273,1720757065,1740262880,1750324216,1750799730,1972936326]},{"billed_charge":39.67,"npi":[1740262880,1750324216]},{"billed_charge":44.25,"npi":[1720030273,1740262880]}]},{"allowed_amount":8.55,"billing_code_modifier":[""],"providers":[{"billed_charge":38.00,"npi":[1114540960,1386790988,1518083195,1568042042,1629284732,1720030273,1720757065,1740262880,1750324216,1750799730,1972936326]},{"billed_charge":39.67,"npi":[1740262880,1750324216]},{"billed_charge":44.25,"npi":[1720030273,1740262880]}]}]},{"tin":{"type":"ein","value":"840611484"},"service_code":["81"],"billing_class":"professional","payments":[{"allowed_amount":8.55,"billing_code_modifier":[""],"providers":[{"billed_charge":38.00,"npi":[1114540960,1386790988,1518083195,1568042042,1629284732,1720030273,1720757065,1740262880,1750324216,1750799730,1972936326]},{"billed_charge":39.67,"npi":[1740262880,1750324216]},{"billed_charge":44.25,"npi":[1720030273,1740262880]}]},{"allowed_amount":8.55,"billing_code_modifier":[""],"providers":[{"billed_charge":38.00,"npi":[1114540960,1386790988,1518083195,1568042042,1629284732,1720030273,1720757065,1740262880,1750324216,1750799730,1972936326]},{"billed_charge":39.67,"npi":[1740262880,1750324216]},{"billed_charge":44.25,"npi":[1720030273,1740262880]}]},{"allowed_amount":8.55,"billing_code_modifier":[""],"providers":[{"billed_charge":38.00,"npi":[1114540960,1386790988,1518083195,1568042042,1629284732,1720030273,1720757065,1740262880,1750324216,1750799730,1972936326]},{"billed_charge":39.67,"npi":[1740262880,1750324216]},{"billed_charge":44.25,"npi":[1720030273,1740262880]}]}]},{"tin":{"type":"ein","value":"942854057"},"service_code":["81"],"billing_class":"professional","payments":[{"allowed_amount":8.55,"billing_code_modifier":[""],"providers":[{"billed_charge":15.83,"npi":[1346237393,1366449241,1720029960]}]}]}]},{"name":"COLLECTION VENOUS BLOOD VENIPUNCTURE","billing_code_type":"CPT","billing_code_type_version":"2020","billing_code":"36415","description":"COLLECTION VENOUS BLOOD VENIPUNCTURE","allowed_amounts":[{"tin":{"type":"ein","value":"571207559"},"service_code":["11"],"billing_class":"professional","payments":[{"allowed_amount":3.30,"billing_code_modifier":[""],"providers":[{"billed_charge":25.00,"npi":[1285798439,1659436038,1740531466,1780961102]}]}]},{"tin":{"type":"ein","value":"840611484"},"service_code":["81"],"billing_class":"professional","payments":[{"allowed_amount":3.30,"billing_code_modifier":[""],"providers":[{"billed_charge":10.00,"npi":[1740262880,1750799730]}]}]},{"tin":{"type":"ein","value":"880099333"},"service_code":["81"],"billing_class":"professional","payments":[{"allowed_amount":3.30,"billing_code_modifier":[""],"providers":[{"billed_charge":22.50,"npi":[1043256886,1366479099,1912117359]}]}]},{"tin":{"type":"ein","value":"942854057"},"service_code":["81"],"billing_class":"professional","payments":[{"allowed_amount":3.30,"billing_code_modifier":[""],"providers":[{"billed_charge":7.48,"npi":[1366449241,1720029960]}]}]}]},{"name":"COMPREHENSIVE METABOLIC PANEL","billing_code_type":"CPT","billing_code_type_version":"2020","billing_code":"80053","description":"COMPREHENSIVE METABOLIC PANEL","allowed_amounts":[{"tin":{"type":"ein","value":"571207559"},"service_code":["11"],"billing_class":"professional","payments":[{"allowed_amount":11.62,"billing_code_modifier":[""],"providers":[{"billed_charge":65.00,"npi":[1285798439,1659436038,1740531466,1780961102]}]}]},{"tin":{"type":"ein","value":"840611484"},"service_code":["81"],"billing_class":"professional","payments":[{"allowed_amount":11.62,"billing_code_modifier":[""],"providers":[{"billed_charge":51.00,"npi":[1114540960,1386790988,1518083195,1568042042,1629284732,1720030273,1740262880,1750324216,1750799730,1972936326]},{"billed_charge":52.67,"npi":[1740262880,1750324216]},{"billed_charge":55.25,"npi":[1720030273,1740262880]},{"billed_charge":85.43,"npi":[1720757065,1740262880]}]},{"allowed_amount":11.62,"billing_code_modifier":[""],"providers":[{"billed_charge":51.00,"npi":[1114540960,1386790988,1518083195,1568042042,1629284732,1720030273,1740262880,1750324216,1750799730,1972936326]},{"billed_charge":52.67,"npi":[1740262880,1750324216]},{"billed_charge":55.25,"npi":[1720030273,1740262880]},{"billed_charge":85.43,"npi":[1720757065,1740262880]}]},{"allowed_amount":11.62,"billing_code_modifier":[""],"providers":[{"billed_charge":51.00,"npi":[1114540960,1386790988,1518083195,1568042042,1629284732,1720030273,1740262880,1750324216,1750799730,1972936326]},{"billed_charge":52.67,"npi":[1740262880,1750324216]},{"billed_charge":55.25,"npi":[1720030273,1740262880]},{"billed_charge":85.43,"npi":[1720757065,1740262880]}]},{"allowed_amount":11.62,"billing_code_modifier":[""],"providers":[{"billed_charge":51.00,"npi":[1114540960,1386790988,1518083195,1568042042,1629284732,1720030273,1740262880,1750324216,1750799730,1972936326]},{"billed_charge":52.67,"npi":[1740262880,1750324216]},{"billed_charge":55.25,"npi":[1720030273,1740262880]},{"billed_charge":85.43,"npi":[1720757065,1740262880]}]}]},{"tin":{"type":"ein","value":"840611484"},"service_code":["81"],"billing_class":"professional","payments":[{"allowed_amount":11.62,"billing_code_modifier":[""],"providers":[{"billed_charge":51.00,"npi":[1114540960,1386790988,1518083195,1568042042,1629284732,1720030273,1740262880,1750324216,1750799730,1972936326]},{"billed_charge":52.67,"npi":[1740262880,1750324216]},{"billed_charge":55.25,"npi":[1720030273,1740262880]},{"billed_charge":85.43,"npi":[1720757065,1740262880]}]},{"allowed_amount":11.62,"billing_code_modifier":[""],"providers":[{"billed_charge":51.00,"npi":[1114540960,1386790988,1518083195,1568042042,1629284732,1720030273,1740262880,1750324216,1750799730,1972936326]},{"billed_charge":52.67,"npi":[1740262880,1750324216]},{"billed_charge":55.25,"npi":[1720030273,1740262880]},{"billed_charge":85.43,"npi":[1720757065,1740262880]}]},{"allowed_amount":11.62,"billing_code_modifier":[""],"providers":[{"billed_charge":51.00,"npi":[1114540960,1386790988,1518083195,1568042042,1629284732,1720030273,1740262880,1750324216,1750799730,1972936326]},{"billed_charge":52.67,"npi":[1740262880,1750324216]},{"billed_charge":55.25,"npi":[1720030273,1740262880]},{"billed_charge":85.43,"npi":[1720757065,1740262880]}]},{"allowed_amount":11.62,"billing_code_modifier":[""],"providers":[{"billed_charge":51.00,"npi":[1114540960,1386790988,1518083195,1568042042,1629284732,1720030273,1740262880,1750324216,1750799730,1972936326]},{"billed_charge":52.67,"npi":[1740262880,1750324216]},{"billed_charge":55.25,"npi":[1720030273,1740262880]},{"billed_charge":85.43,"npi":[1720757065,1740262880]}]}]},{"tin":{"type":"ein","value":"840611484"},"service_code":["81"],"billing_class":"professional","payments":[{"allowed_amount":11.62,"billing_code_modifier":[""],"providers":[{"billed_charge":51.00,"npi":[1114540960,1386790988,1518083195,1568042042,1629284732,1720030273,1740262880,1750324216,1750799730,1972936326]},{"billed_charge":52.67,"npi":[1740262880,1750324216]},{"billed_charge":55.25,"npi":[1720030273,1740262880]},{"billed_charge":85.43,"npi":[1720757065,1740262880]}]},{"allowed_amount":11.62,"billing_code_modifier":[""],"providers":[{"billed_charge":51.00,"npi":[1114540960,1386790988,1518083195,1568042042,1629284732,1720030273,1740262880,1750324216,1750799730,1972936326]},{"billed_charge":52.67,"npi":[1740262880,1750324216]},{"billed_charge":55.25,"npi":[1720030273,1740262880]},{"billed_charge":85.43,"npi":[1720757065,1740262880]}]},{"allowed_amount":11.62,"billing_code_modifier":[""],"providers":[{"billed_charge":51.00,"npi":[1114540960,1386790988,1518083195,1568042042,1629284732,1720030273,1740262880,1750324216,1750799730,1972936326]},{"billed_charge":52.67,"npi":[1740262880,1750324216]},{"billed_charge":55.25,"npi":[1720030273,1740262880]},{"billed_charge":85.43,"npi":[1720757065,1740262880]}]},{"allowed_amount":11.62,"billing_code_modifier":[""],"providers":[{"billed_charge":51.00,"npi":[1114540960,1386790988,1518083195,1568042042,1629284732,1720030273,1740262880,1750324216,1750799730,1972936326]},{"billed_charge":52.67,"npi":[1740262880,1750324216]},{"billed_charge":55.25,"npi":[1720030273,1740262880]},{"billed_charge":85.43,"npi":[1720757065,1740262880]}]}]},{"tin":{"type":"ein","value":"840611484"},"service_code":["81"],"billing_class":"professional","payments":[{"allowed_amount":11.62,"billing_code_modifier":[""],"providers":[{"billed_charge":51.00,"npi":[1114540960,1386790988,1518083195,1568042042,1629284732,1720030273,1740262880,1750324216,1750799730,1972936326]},{"billed_charge":52.67,"npi":[1740262880,1750324216]},{"billed_charge":55.25,"npi":[1720030273,1740262880]},{"billed_charge":85.43,"npi":[1720757065,1740262880]}]},{"allowed_amount":11.62,"billing_code_modifier":[""],"providers":[{"billed_charge":51.00,"npi":[1114540960,1386790988,1518083195,1568042042,1629284732,1720030273,1740262880,1750324216,1750799730,1972936326]},{"billed_charge":52.67,"npi":[1740262880,1750324216]},{"billed_charge":55.25,"npi":[1720030273,1740262880]},{"billed_charge":85.43,"npi":[1720757065,1740262880]}]},{"allowed_amount":11.62,"billing_code_modifier":[""],"providers":[{"billed_charge":51.00,"npi":[1114540960,1386790988,1518083195,1568042042,1629284732,1720030273,1740262880,1750324216,1750799730,1972936326]},{"billed_charge":52.67,"npi":[1740262880,1750324216]},{"billed_charge":55.25,"npi":[1720030273,1740262880]},{"billed_charge":85.43,"npi":[1720757065,1740262880]}]},{"allowed_amount":11.62,"billing_code_modifier":[""],"providers":[{"billed_charge":51.00,"npi":[1114540960,1386790988,1518083195,1568042042,1629284732,1720030273,1740262880,1750324216,1750799730,1972936326]},{"billed_charge":52.67,"npi":[1740262880,1750324216]},{"billed_charge":55.25,"npi":[1720030273,1740262880]},{"billed_charge":85.43,"npi":[1720757065,1740262880]}]}]},{"tin":{"type":"ein","value":"853163633"},"service_code":["81"],"billing_class":"professional","payments":[{"allowed_amount":11.62,"billing_code_modifier":[""],"providers":[{"billed_charge":84.48,"npi":[1063011898,1669453262]}]}]},{"tin":{"type":"ein","value":"942854057"},"service_code":["81"],"billing_class":"professional","payments":[{"allowed_amount":11.62,"billing_code_modifier":[""],"providers":[{"billed_charge":31.67,"npi":[1366449241,1720029960]}]}]}]},{"name":"COVID-19 LAB TEST NON-CDC","billing_code_type":"HCPCS","billing_code_type_version":"HCPCS LEVEL II 2021","billing_code":"U0002","description":"COVID-19 LAB TEST NON-CDC","allowed_amounts":[{"tin":{"type":"ein","value":"571207559"},"service_code":["11"],"billing_class":"professional","payments":[{"allowed_amount":51.31,"billing_code_modifier":[""],"providers":[{"billed_charge":51.31,"npi":[1285798439,1659436038,1740531466,1780961102]}]}]}]},{"name":"CUL BACT XCPT URINE BLOOD\/STOOL AEROBIC ISOL","billing_code_type":"CPT","billing_code_type_version":"2020","billing_code":"87070","description":"CUL BACT XCPT URINE BLOOD\/STOOL AEROBIC ISOL","allowed_amounts":[{"tin":{"type":"ein","value":"571207559"},"service_code":["11"],"billing_class":"professional","payments":[{"allowed_amount":9.48,"billing_code_modifier":[""],"providers":[{"billed_charge":101.00,"npi":[1285798439,1659436038,1780961102]},{"billed_charge":113.00,"npi":[1285798439,1659436038,1740531466,1780961102]}]},{"allowed_amount":9.48,"billing_code_modifier":[""],"providers":[{"billed_charge":101.00,"npi":[1285798439,1659436038,1780961102]},{"billed_charge":113.00,"npi":[1285798439,1659436038,1740531466,1780961102]}]}]},{"tin":{"type":"ein","value":"571207559"},"service_code":["11"],"billing_class":"professional","payments":[{"allowed_amount":9.48,"billing_code_modifier":[""],"providers":[{"billed_charge":101.00,"npi":[1285798439,1659436038,1780961102]},{"billed_charge":113.00,"npi":[1285798439,1659436038,1740531466,1780961102]}]},{"allowed_amount":9.48,"billing_code_modifier":[""],"providers":[{"billed_charge":101.00,"npi":[1285798439,1659436038,1780961102]},{"billed_charge":113.00,"npi":[1285798439,1659436038,1740531466,1780961102]}]}]},{"tin":{"type":"ein","value":"840611484"},"service_code":["81"],"billing_class":"professional","payments":[{"allowed_amount":9.48,"billing_code_modifier":[""],"providers":[{"billed_charge":82.00,"npi":[1629392469,1740262880]},{"billed_charge":114.20,"npi":[1740262880,1750324216]},{"billed_charge":114.56,"npi":[1740262880,1750324216]}]},{"allowed_amount":9.48,"billing_code_modifier":[""],"providers":[{"billed_charge":82.00,"npi":[1629392469,1740262880]},{"billed_charge":114.20,"npi":[1740262880,1750324216]},{"billed_charge":114.56,"npi":[1740262880,1750324216]}]},{"allowed_amount":9.48,"billing_code_modifier":[""],"providers":[{"billed_charge":82.00,"npi":[1629392469,1740262880]},{"billed_charge":114.20,"npi":[1740262880,1750324216]},{"billed_charge":114.56,"npi":[1740262880,1750324216]}]}]},{"tin":{"type":"ein","value":"840611484"},"service_code":["81"],"billing_class":"professional","payments":[{"allowed_amount":9.48,"billing_code_modifier":[""],"providers":[{"billed_charge":82.00,"npi":[1629392469,1740262880]},{"billed_charge":114.20,"npi":[1740262880,1750324216]},{"billed_charge":114.56,"npi":[1740262880,1750324216]}]},{"allowed_amount":9.48,"billing_code_modifier":[""],"providers":[{"billed_charge":82.00,"npi":[1629392469,1740262880]},{"billed_charge":114.20,"npi":[1740262880,1750324216]},{"billed_charge":114.56,"npi":[1740262880,1750324216]}]},{"allowed_amount":9.48,"billing_code_modifier":[""],"providers":[{"billed_charge":82.00,"npi":[1629392469,1740262880]},{"billed_charge":114.20,"npi":[1740262880,1750324216]},{"billed_charge":114.56,"npi":[1740262880,1750324216]}]}]},{"tin":{"type":"ein","value":"840611484"},"service_code":["81"],"billing_class":"professional","payments":[{"allowed_amount":9.48,"billing_code_modifier":[""],"providers":[{"billed_charge":82.00,"npi":[1629392469,1740262880]},{"billed_charge":114.20,"npi":[1740262880,1750324216]},{"billed_charge":114.56,"npi":[1740262880,1750324216]}]},{"allowed_amount":9.48,"billing_code_modifier":[""],"providers":[{"billed_charge":82.00,"npi":[1629392469,1740262880]},{"billed_charge":114.20,"npi":[1740262880,1750324216]},{"billed_charge":114.56,"npi":[1740262880,1750324216]}]},{"allowed_amount":9.48,"billing_code_modifier":[""],"providers":[{"billed_charge":82.00,"npi":[1629392469,1740262880]},{"billed_charge":114.20,"npi":[1740262880,1750324216]},{"billed_charge":114.56,"npi":[1740262880,1750324216]}]}]}]},{"name":"DRUG TEST DEF 15-21 CLASSES","billing_code_type":"HCPCS","billing_code_type_version":"HCPCS LEVEL II 2021","billing_code":"G0482","description":"DRUG TEST DEF 15-21 CLASSES","allowed_amounts":[{"tin":{"type":"ein","value":"261565558"},"service_code":["81"],"billing_class":"professional","payments":[{"allowed_amount":218.61,"billing_code_modifier":[""],"providers":[{"billed_charge":405.00,"npi":[1386970614,1497933162]}]}]},{"tin":{"type":"ein","value":"453717894"},"service_code":["81"],"billing_class":"professional","payments":[{"allowed_amount":218.61,"billing_code_modifier":[""],"providers":[{"billed_charge":304.00,"npi":[1730466590,1831742808]}]}]},{"tin":{"type":"ein","value":"463455359"},"service_code":["81"],"billing_class":"professional","payments":[{"allowed_amount":218.61,"billing_code_modifier":[""],"providers":[{"billed_charge":894.00,"npi":[1134321508,1245643758,1366523805]}]}]}]},{"name":"DRUG TEST DEF 22+ CLASSES","billing_code_type":"HCPCS","billing_code_type_version":"HCPCS LEVEL II 2021","billing_code":"G0483","description":"DRUG TEST DEF 22+ CLASSES","allowed_amounts":[{"tin":{"type":"ein","value":"261565558"},"service_code":["81"],"billing_class":"professional","payments":[{"allowed_amount":271.61,"billing_code_modifier":[""],"providers":[{"billed_charge":499.00,"npi":[1497933162,1639586266]}]}]},{"tin":{"type":"ein","value":"474815114"},"service_code":["81"],"billing_class":"professional","payments":[{"allowed_amount":271.61,"billing_code_modifier":[""],"providers":[{"billed_charge":395.00,"npi":[1043635097,1215302245,1922070093]}]}]}]},{"name":"DRUG TST PRSMV INSTRMNT CHEM ANALYZERS PR DATE","billing_code_type":"CPT","billing_code_type_version":"2020","billing_code":"80307","description":"DRUG TST PRSMV INSTRMNT CHEM ANALYZERS PR DATE","allowed_amounts":[{"tin":{"type":"ein","value":"261565558"},"service_code":["81"],"billing_class":"professional","payments":[{"allowed_amount":68.35,"billing_code_modifier":[""],"providers":[{"billed_charge":124.00,"npi":[1083781702,1386970614,1497933162]}]}]},{"tin":{"type":"ein","value":"474815114"},"service_code":["81"],"billing_class":"professional","payments":[{"allowed_amount":68.35,"billing_code_modifier":[""],"providers":[{"billed_charge":103.00,"npi":[1043635097,1215302245,1922070093]}]}]},{"tin":{"type":"ein","value":"843045583"},"service_code":["81"],"billing_class":"professional","payments":[{"allowed_amount":68.35,"billing_code_modifier":[""],"providers":[{"billed_charge":4275.28,"npi":[1487842597,1508499393]}]}]}]},{"name":"DRUGS REQUIRE SPECIFIC ID: DRUGS REQUIRING DETAIL","billing_code_type":"RC","billing_code_type_version":"UB04","billing_code":"0636","description":"DRUGS REQUIRE SPECIFIC ID: DRUGS REQUIRING DETAIL","allowed_amounts":[{"tin":{"type":"ein","value":"620850498"},"service_code":["65"],"billing_class":"institutional","payments":[{"allowed_amount":6.15,"billing_code_modifier":[""],"providers":[{"billed_charge":50.64,"npi":[1467560292,1841223237]}]}]},{"tin":{"type":"ein","value":"620850498"},"service_code":["65"],"billing_class":"institutional","payments":[{"allowed_amount":6.21,"billing_code_modifier":[""],"providers":[{"billed_charge":50.64,"npi":[1467560292,1841223237]}]}]},{"tin":{"type":"ein","value":"620850498"},"service_code":["65"],"billing_class":"institutional","payments":[{"allowed_amount":6.30,"billing_code_modifier":[""],"providers":[{"billed_charge":50.64,"npi":[1467560292,1841223237]}]}]},{"tin":{"type":"ein","value":"620850498"},"service_code":["65"],"billing_class":"institutional","payments":[{"allowed_amount":7.61,"billing_code_modifier":[""],"providers":[{"billed_charge":50.64,"npi":[1467560292,1841223237]}]}]},{"tin":{"type":"ein","value":"620850498"},"service_code":["65"],"billing_class":"institutional","payments":[{"allowed_amount":8.35,"billing_code_modifier":[""],"providers":[{"billed_charge":63.30,"npi":[1467560292,1841223237]}]}]},{"tin":{"type":"ein","value":"620850498"},"service_code":["65"],"billing_class":"institutional","payments":[{"allowed_amount":9.58,"billing_code_modifier":[""],"providers":[{"billed_charge":63.30,"npi":[1467560292,1841223237]}]}]},{"tin":{"type":"ein","value":"810747282"},"service_code":["65"],"billing_class":"institutional","payments":[{"allowed_amount":4.22,"billing_code_modifier":[""],"providers":[{"billed_charge":140.30,"npi":[1407394463,1902882806]}]}]},{"tin":{"type":"ein","value":"810747282"},"service_code":["65"],"billing_class":"institutional","payments":[{"allowed_amount":4.46,"billing_code_modifier":[""],"providers":[{"billed_charge":140.30,"npi":[1194915561,1407394463]}]}]},{"tin":{"type":"ein","value":"810747282"},"service_code":["65"],"billing_class":"institutional","payments":[{"allowed_amount":4.60,"billing_code_modifier":[""],"providers":[{"billed_charge":140.30,"npi":[1407394463,1902882806]}]}]},{"tin":{"type":"ein","value":"810747282"},"service_code":["65"],"billing_class":"institutional","payments":[{"allowed_amount":33.77,"billing_code_modifier":[""],"providers":[{"billed_charge":1122.40,"npi":[1407394463,1902882806]}]}]},{"tin":{"type":"ein","value":"810747282"},"service_code":["65"],"billing_class":"institutional","payments":[{"allowed_amount":35.67,"billing_code_modifier":[""],"providers":[{"billed_charge":1122.40,"npi":[1194915561,1407394463]}]}]},{"tin":{"type":"ein","value":"810747282"},"service_code":["65"],"billing_class":"institutional","payments":[{"allowed_amount":36.83,"billing_code_modifier":[""],"providers":[{"billed_charge":1122.40,"npi":[1407394463,1902882806]}]}]},{"tin":{"type":"ein","value":"810747282"},"service_code":["65"],"billing_class":"institutional","payments":[{"allowed_amount":40.11,"billing_code_modifier":[""],"providers":[{"billed_charge":1332.85,"npi":[1407394463,1902882806]}]}]}]},{"name":"HANDLG&\/OR CONVEY OF SPEC FOR TR OFFICE TO LAB","billing_code_type":"CPT","billing_code_type_version":"2020","billing_code":"99000","description":"HANDLG&\/OR CONVEY OF SPEC FOR TR OFFICE TO LAB","allowed_amounts":[{"tin":{"type":"ein","value":"571207559"},"service_code":["11"],"billing_class":"professional","payments":[{"allowed_amount":7.16,"billing_code_modifier":[""],"providers":[{"billed_charge":16.00,"npi":[1285798439,1659436038,1780961102]},{"billed_charge":21.00,"npi":[1285798439,1659436038,1740531466,1780961102]}]},{"allowed_amount":7.16,"billing_code_modifier":[""],"providers":[{"billed_charge":16.00,"npi":[1285798439,1659436038,1780961102]},{"billed_charge":21.00,"npi":[1285798439,1659436038,1740531466,1780961102]}]}]},{"tin":{"type":"ein","value":"571207559"},"service_code":["11"],"billing_class":"professional","payments":[{"allowed_amount":7.16,"billing_code_modifier":[""],"providers":[{"billed_charge":16.00,"npi":[1285798439,1659436038,1780961102]},{"billed_charge":21.00,"npi":[1285798439,1659436038,1740531466,1780961102]}]},{"allowed_amount":7.16,"billing_code_modifier":[""],"providers":[{"billed_charge":16.00,"npi":[1285798439,1659436038,1780961102]},{"billed_charge":21.00,"npi":[1285798439,1659436038,1740531466,1780961102]}]}]}]},{"name":"HEMO OPD\/HOME: HEMODIALYSIS COMP OR OTHER RATE","billing_code_type":"RC","billing_code_type_version":"UB04","billing_code":"0821","description":"HEMO OPD\/HOME: HEMODIALYSIS COMP OR OTHER RATE","allowed_amounts":[{"tin":{"type":"ein","value":"620850498"},"service_code":["65"],"billing_class":"institutional","payments":[{"allowed_amount":300.31,"billing_code_modifier":[""],"providers":[{"billed_charge":2470.00,"npi":[1467560292,1841223237]}]}]},{"tin":{"type":"ein","value":"620850498"},"service_code":["65"],"billing_class":"institutional","payments":[{"allowed_amount":303.26,"billing_code_modifier":[""],"providers":[{"billed_charge":2470.00,"npi":[1467560292,1841223237]}]}]},{"tin":{"type":"ein","value":"620850498"},"service_code":["65"],"billing_class":"institutional","payments":[{"allowed_amount":307.69,"billing_code_modifier":[""],"providers":[{"billed_charge":2470.00,"npi":[1467560292,1841223237]}]}]},{"tin":{"type":"ein","value":"620850498"},"service_code":["65"],"billing_class":"institutional","payments":[{"allowed_amount":325.77,"billing_code_modifier":[""],"providers":[{"billed_charge":2470.00,"npi":[1467560292,1841223237]}]}]},{"tin":{"type":"ein","value":"620850498"},"service_code":["65"],"billing_class":"institutional","payments":[{"allowed_amount":360.55,"billing_code_modifier":[""],"providers":[{"billed_charge":2470.00,"npi":[1467560292,1841223237]}]}]},{"tin":{"type":"ein","value":"620850498"},"service_code":["65"],"billing_class":"institutional","payments":[{"allowed_amount":371.39,"billing_code_modifier":[""],"providers":[{"billed_charge":2470.00,"npi":[1467560292,1841223237]}]}]},{"tin":{"type":"ein","value":"620850498"},"service_code":["65"],"billing_class":"institutional","payments":[{"allowed_amount":374.02,"billing_code_modifier":[""],"providers":[{"billed_charge":2470.00,"npi":[1467560292,1841223237]}]}]},{"tin":{"type":"ein","value":"810747282"},"service_code":["65"],"billing_class":"institutional","payments":[{"allowed_amount":241.08,"billing_code_modifier":[""],"providers":[{"billed_charge":8010.89,"npi":[1407394463,1902882806]}]}]},{"tin":{"type":"ein","value":"810747282"},"service_code":["65"],"billing_class":"institutional","payments":[{"allowed_amount":254.61,"billing_code_modifier":[""],"providers":[{"billed_charge":8010.89,"npi":[1194915561,1407394463]}]}]},{"tin":{"type":"ein","value":"810747282"},"service_code":["65"],"billing_class":"institutional","payments":[{"allowed_amount":262.94,"billing_code_modifier":[""],"providers":[{"billed_charge":8010.89,"npi":[1407394463,1902882806]}]}]}]},{"name":"IAADIADOO SEVERE AQT RESPIR SYND CORONAVIRUS","billing_code_type":"CPT","billing_code_type_version":"2020","billing_code":"87811","description":"IAADIADOO SEVERE AQT RESPIR SYND CORONAVIRUS","allowed_amounts":[{"tin":{"type":"ein","value":"571207559"},"service_code":["11"],"billing_class":"professional","payments":[{"allowed_amount":62.07,"billing_code_modifier":[""],"providers":[{"billed_charge":160.00,"npi":[1285798439,1659436038,1740531466,1780961102]}]}]},{"tin":{"type":"ein","value":"822460004"},"service_code":["11"],"billing_class":"professional","payments":[{"allowed_amount":62.07,"billing_code_modifier":[""],"providers":[{"billed_charge":150.00,"npi":[1659371920,1952076432]}]}]}]},{"name":"IADNA NOS AMPLIFIED PROBE TQ EACH ORGANISM","billing_code_type":"CPT","billing_code_type_version":"2020","billing_code":"87798","description":"IADNA NOS AMPLIFIED PROBE TQ EACH ORGANISM","allowed_amounts":[{"tin":{"type":"ein","value":"223510467"},"service_code":["81"],"billing_class":"professional","payments":[{"allowed_amount":38.60,"billing_code_modifier":[""],"providers":[{"billed_charge":130.00,"npi":[1336134030,1750373908]}]}]},{"tin":{"type":"ein","value":"473208084"},"service_code":["81"],"billing_class":"professional","payments":[{"allowed_amount":38.60,"billing_code_modifier":[""],"providers":[{"billed_charge":39.00,"npi":[1427485275,1811379001]}]}]},{"tin":{"type":"ein","value":"840611484"},"service_code":["81"],"billing_class":"professional","payments":[{"allowed_amount":38.60,"billing_code_modifier":[""],"providers":[{"billed_charge":129.86,"npi":[1740262880,1750324216]}]}]}]},{"name":"IM ADM PRQ ID SUBQ\/IM NJXS 1 VACCINE","billing_code_type":"CPT","billing_code_type_version":"2020","billing_code":"90471","description":"IM ADM PRQ ID SUBQ\/IM NJXS 1 VACCINE","allowed_amounts":[{"tin":{"type":"ein","value":"571207559"},"service_code":["11"],"billing_class":"professional","payments":[{"allowed_amount":18.82,"billing_code_modifier":[""],"providers":[{"billed_charge":77.00,"npi":[1285798439,1659436038,1669059853,1740531466,1780961102,1902198542]}]}]},{"tin":{"type":"ein","value":"575985153"},"service_code":["11"],"billing_class":"professional","payments":[{"allowed_amount":18.82,"billing_code_modifier":[""],"providers":[{"billed_charge":20.00,"npi":[1912117359]}]}]}]},{"name":"INFEC AGEN DETEC AMPLI PROBE","billing_code_type":"HCPCS","billing_code_type_version":"HCPCS LEVEL II 2021","billing_code":"U0005","description":"INFEC AGEN DETEC AMPLI PROBE","allowed_amounts":[{"tin":{"type":"ein","value":"320400050"},"service_code":["81"],"billing_class":"professional","payments":[{"allowed_amount":27.50,"billing_code_modifier":[""],"providers":[{"billed_charge":70.00,"npi":[1174964738,1740330711]}]}]},{"tin":{"type":"ein","value":"472462178"},"service_code":["81"],"billing_class":"professional","payments":[{"allowed_amount":27.50,"billing_code_modifier":[""],"providers":[{"billed_charge":50.00,"npi":[1144731605,1639311509,1962018374]}]}]},{"tin":{"type":"ein","value":"473727159"},"service_code":["81"],"billing_class":"professional","payments":[{"allowed_amount":25.00,"billing_code_modifier":[""],"providers":[{"billed_charge":25.00,"npi":[1295375822,1912521568,1982165924]}]}]},{"tin":{"type":"ein","value":"473941659"},"service_code":["81"],"billing_class":"professional","payments":[{"allowed_amount":27.50,"billing_code_modifier":[""],"providers":[{"billed_charge":50.00,"npi":[1376152983]}]}]},{"tin":{"type":"ein","value":"821914241"},"service_code":["81"],"billing_class":"professional","payments":[{"allowed_amount":27.50,"billing_code_modifier":[""],"providers":[{"billed_charge":100.00,"npi":[1598286510,1912906264]}]}]},{"tin":{"type":"ein","value":"823971792"},"service_code":["81"],"billing_class":"professional","payments":[{"allowed_amount":27.50,"billing_code_modifier":[""],"providers":[{"billed_charge":37.50,"npi":[1114435492,1679850465]}]}]},{"tin":{"type":"ein","value":"831342609"},"service_code":["81"],"billing_class":"professional","payments":[{"allowed_amount":27.50,"billing_code_modifier":[""],"providers":[{"billed_charge":100.00,"npi":[1073101028,1487815387]}]}]},{"tin":{"type":"ein","value":"840611484"},"service_code":["81"],"billing_class":"professional","payments":[{"allowed_amount":25.00,"billing_code_modifier":[""],"providers":[{"billed_charge":25.00,"npi":[1740262880,1750324216]}]}]},{"tin":{"type":"ein","value":"843172409"},"service_code":["81"],"billing_class":"professional","payments":[{"allowed_amount":27.50,"billing_code_modifier":[""],"providers":[{"billed_charge":50.00,"npi":[1003437500,1255490678]}]}]},{"tin":{"type":"ein","value":"850602662"},"service_code":["81"],"billing_class":"professional","payments":[{"allowed_amount":27.50,"billing_code_modifier":[""],"providers":[{"billed_charge":50.00,"npi":[1114014263,1881215622]}]}]},{"tin":{"type":"ein","value":"853163633"},"service_code":["81"],"billing_class":"professional","payments":[{"allowed_amount":27.50,"billing_code_modifier":[""],"providers":[{"billed_charge":100.00,"npi":[1063011898,1669453262]}]}]},{"tin":{"type":"ein","value":"872336634"},"service_code":["81"],"billing_class":"professional","payments":[{"allowed_amount":27.50,"billing_code_modifier":[""],"providers":[{"billed_charge":50.00,"npi":[1265534465,1861162455]}]}]},{"tin":{"type":"ein","value":"880099333"},"service_code":["81"],"billing_class":"professional","payments":[{"allowed_amount":25.00,"billing_code_modifier":[""],"providers":[{"billed_charge":25.00,"npi":[1043256886,1346852183,1508479593,1750921920]}]}]},{"tin":{"type":"ein","value":"930587431"},"service_code":["81"],"billing_class":"professional","payments":[{"allowed_amount":25.00,"billing_code_modifier":[""],"providers":[{"billed_charge":25.00,"npi":[1548208440,1578068383]}]}]},{"tin":{"type":"ein","value":"942854057"},"service_code":["81"],"billing_class":"professional","payments":[{"allowed_amount":25.00,"billing_code_modifier":[""],"providers":[{"billed_charge":25.00,"npi":[1467469239,1518218577,1720029960,1730403494]}]}]}]},{"name":"LIPID PANEL","billing_code_type":"CPT","billing_code_type_version":"2020","billing_code":"80061","description":"LIPID PANEL","allowed_amounts":[{"tin":{"type":"ein","value":"571207559"},"service_code":["11"],"billing_class":"professional","payments":[{"allowed_amount":14.73,"billing_code_modifier":[""],"providers":[{"billed_charge":114.00,"npi":[1285798439,1659436038,1740531466,1780961102]}]}]},{"tin":{"type":"ein","value":"840611484"},"service_code":["81"],"billing_class":"professional","payments":[{"allowed_amount":14.73,"billing_code_modifier":[""],"providers":[{"billed_charge":102.00,"npi":[1114540960,1720757065,1740262880,1750324216]}]}]},{"tin":{"type":"ein","value":"930587431"},"service_code":["81"],"billing_class":"professional","payments":[{"allowed_amount":14.73,"billing_code_modifier":[""],"providers":[{"billed_charge":39.31,"npi":[1548208440,1902150139]}]}]}]},{"name":"MEDICAL\/SURGICAL SUPPLIES","billing_code_type":"RC","billing_code_type_version":"UB04","billing_code":"0270","description":"MEDICAL\/SURGICAL SUPPLIES","allowed_amounts":[{"tin":{"type":"ein","value":"620850498"},"service_code":["65"],"billing_class":"institutional","payments":[{"allowed_amount":2.91,"billing_code_modifier":[""],"providers":[{"billed_charge":23.94,"npi":[1467560292,1841223237]}]}]},{"tin":{"type":"ein","value":"620850498"},"service_code":["65"],"billing_class":"institutional","payments":[{"allowed_amount":2.94,"billing_code_modifier":[""],"providers":[{"billed_charge":23.94,"npi":[1467560292,1841223237]}]}]},{"tin":{"type":"ein","value":"620850498"},"service_code":["65"],"billing_class":"institutional","payments":[{"allowed_amount":2.98,"billing_code_modifier":[""],"providers":[{"billed_charge":23.94,"npi":[1467560292,1841223237]}]}]},{"tin":{"type":"ein","value":"620850498"},"service_code":["65"],"billing_class":"institutional","payments":[{"allowed_amount":3.49,"billing_code_modifier":[""],"providers":[{"billed_charge":23.94,"npi":[1467560292,1841223237]}]}]},{"tin":{"type":"ein","value":"620850498"},"service_code":["65"],"billing_class":"institutional","payments":[{"allowed_amount":3.60,"billing_code_modifier":[""],"providers":[{"billed_charge":23.94,"npi":[1467560292,1841223237]}]}]},{"tin":{"type":"ein","value":"620850498"},"service_code":["65"],"billing_class":"institutional","payments":[{"allowed_amount":3.62,"billing_code_modifier":[""],"providers":[{"billed_charge":23.94,"npi":[1467560292,1841223237]}]}]},{"tin":{"type":"ein","value":"810747282"},"service_code":["65"],"billing_class":"institutional","payments":[{"allowed_amount":4.07,"billing_code_modifier":[""],"providers":[{"billed_charge":135.24,"npi":[1407394463,1902882806]}]}]},{"tin":{"type":"ein","value":"810747282"},"service_code":["65"],"billing_class":"institutional","payments":[{"allowed_amount":4.30,"billing_code_modifier":[""],"providers":[{"billed_charge":135.24,"npi":[1194915561,1407394463]}]}]},{"tin":{"type":"ein","value":"810747282"},"service_code":["65"],"billing_class":"institutional","payments":[{"allowed_amount":4.44,"billing_code_modifier":[""],"providers":[{"billed_charge":135.24,"npi":[1407394463,1902882806]}]}]},{"tin":{"type":"ein","value":"810747282"},"service_code":["65"],"billing_class":"institutional","payments":[{"allowed_amount":6.49,"billing_code_modifier":[""],"providers":[{"billed_charge":128.80,"npi":[1194915561,1407394463]}]}]},{"tin":{"type":"ein","value":"810747282"},"service_code":["65"],"billing_class":"institutional","payments":[{"allowed_amount":6.66,"billing_code_modifier":[""],"providers":[{"billed_charge":128.80,"npi":[1194915561,1407394463]}]}]}]},{"name":"MEDICAL\/SURGICAL SUPPLIES: NONSTERILE SUPPLIES","billing_code_type":"RC","billing_code_type_version":"UB04","billing_code":"0271","description":"MEDICAL\/SURGICAL SUPPLIES: NONSTERILE SUPPLIES","allowed_amounts":[{"tin":{"type":"ein","value":"810747282"},"service_code":["65"],"billing_class":"institutional","payments":[{"allowed_amount":6.66,"billing_code_modifier":[""],"providers":[{"billed_charge":221.31,"npi":[1407394463,1902882806]}]}]},{"tin":{"type":"ein","value":"810747282"},"service_code":["65"],"billing_class":"institutional","payments":[{"allowed_amount":7.04,"billing_code_modifier":[""],"providers":[{"billed_charge":221.31,"npi":[1194915561,1407394463]}]}]},{"tin":{"type":"ein","value":"810747282"},"service_code":["65"],"billing_class":"institutional","payments":[{"allowed_amount":7.26,"billing_code_modifier":[""],"providers":[{"billed_charge":221.31,"npi":[1407394463,1902882806]}]}]}]},{"name":"OFFICE\/OUTPATIENT ESTABLISHED LOW MDM 20-29 MIN","billing_code_type":"CPT","billing_code_type_version":"2020","billing_code":"99213","description":"OFFICE\/OUTPATIENT ESTABLISHED LOW MDM 20-29 MIN","allowed_amounts":[{"tin":{"type":"ein","value":"571207559"},"service_code":["11"],"billing_class":"professional","payments":[{"allowed_amount":75.81,"billing_code_modifier":[""],"providers":[{"billed_charge":192.00,"npi":[1285798439,1659436038,1780961102]}]}]},{"tin":{"type":"ein","value":"571207559"},"service_code":["11"],"billing_class":"professional","payments":[{"allowed_amount":102.84,"billing_code_modifier":[""],"providers":[{"billed_charge":192.00,"npi":[1033543772,1487624797,1659436038,1740531466,1780961102]}]}]},{"tin":{"type":"ein","value":"870372919"},"service_code":["11"],"billing_class":"professional","payments":[{"allowed_amount":102.84,"billing_code_modifier":[""],"providers":[{"billed_charge":367.28,"npi":[1295126621,1740386085]}]}]},{"tin":{"type":"ein","value":"870468377"},"service_code":["11"],"billing_class":"professional","payments":[{"allowed_amount":75.81,"billing_code_modifier":[""],"providers":[{"billed_charge":150.38,"npi":[1215181797,1922096114]}]}]},{"tin":{"type":"ein","value":"870468377"},"service_code":["11"],"billing_class":"professional","payments":[{"allowed_amount":102.84,"billing_code_modifier":[""],"providers":[{"billed_charge":150.38,"npi":[1477659746,1922096114]}]}]},{"tin":{"type":"ein","value":"880313763"},"service_code":["11"],"billing_class":"professional","payments":[{"allowed_amount":75.81,"billing_code_modifier":[""],"providers":[{"billed_charge":225.00,"npi":[1730350398,1871655092]}]}]},{"tin":{"type":"ein","value":"880514820"},"service_code":["11"],"billing_class":"professional","payments":[{"allowed_amount":75.81,"billing_code_modifier":[""],"providers":[{"billed_charge":210.00,"npi":[1124064050,1609883701,1760671887]}]}]}]},{"name":"OFFICE\/OUTPATIENT ESTABLISHED MOD MDM 30-39 MIN","billing_code_type":"CPT","billing_code_type_version":"2020","billing_code":"99214","description":"OFFICE\/OUTPATIENT ESTABLISHED MOD MDM 30-39 MIN","allowed_amounts":[{"tin":{"type":"ein","value":"571207559"},"service_code":["11"],"billing_class":"professional","payments":[{"allowed_amount":144.72,"billing_code_modifier":[""],"providers":[{"billed_charge":278.00,"npi":[1659436038,1740531466,1780961102]}]}]},{"tin":{"type":"ein","value":"870468377"},"service_code":["11"],"billing_class":"professional","payments":[{"allowed_amount":144.72,"billing_code_modifier":[""],"providers":[{"billed_charge":217.00,"npi":[1003176934,1922096114]}]}]}]},{"name":"PHARMACY","billing_code_type":"RC","billing_code_type_version":"UB04","billing_code":"0250","description":"PHARMACY","allowed_amounts":[{"tin":{"type":"ein","value":"620850498"},"service_code":["65"],"billing_class":"institutional","payments":[{"allowed_amount":0.74,"billing_code_modifier":[""],"providers":[{"billed_charge":5.58,"npi":[1467560292,1841223237]}]}]},{"tin":{"type":"ein","value":"620850498"},"service_code":["65"],"billing_class":"institutional","payments":[{"allowed_amount":0.81,"billing_code_modifier":[""],"providers":[{"billed_charge":5.58,"npi":[1467560292,1841223237]}]}]},{"tin":{"type":"ein","value":"620850498"},"service_code":["65"],"billing_class":"institutional","payments":[{"allowed_amount":0.84,"billing_code_modifier":[""],"providers":[{"billed_charge":5.58,"npi":[1467560292,1841223237]}]}]},{"tin":{"type":"ein","value":"620850498"},"service_code":["65"],"billing_class":"institutional","payments":[{"allowed_amount":1.07,"billing_code_modifier":[""],"providers":[{"billed_charge":8.78,"npi":[1467560292,1841223237]}]}]},{"tin":{"type":"ein","value":"620850498"},"service_code":["65"],"billing_class":"institutional","payments":[{"allowed_amount":1.08,"billing_code_modifier":[""],"providers":[{"billed_charge":8.78,"npi":[1467560292,1841223237]}]}]},{"tin":{"type":"ein","value":"620850498"},"service_code":["65"],"billing_class":"institutional","payments":[{"allowed_amount":1.09,"billing_code_modifier":[""],"providers":[{"billed_charge":8.78,"npi":[1467560292,1841223237]}]}]},{"tin":{"type":"ein","value":"810747282"},"service_code":["65"],"billing_class":"institutional","payments":[{"allowed_amount":1.65,"billing_code_modifier":[""],"providers":[{"billed_charge":50.38,"npi":[1407394463,1902882806]}]}]}]},{"name":"PSYCHIATRIC\/PSYCHOLOGICAL SVCS: PARTIAL HOSP - INT","billing_code_type":"RC","billing_code_type_version":"UB04","billing_code":"0913","description":"PSYCHIATRIC\/PSYCHOLOGICAL SVCS: PARTIAL HOSP - INT","allowed_amounts":[{"tin":{"type":"ein","value":"830771973"},"service_code":["22"],"billing_class":"institutional","payments":[{"allowed_amount":131.56,"billing_code_modifier":[""],"providers":[{"billed_charge":2900.00,"npi":[1083180095,1154559433]}]}]},{"tin":{"type":"ein","value":"852469391"},"service_code":["22"],"billing_class":"institutional","payments":[{"allowed_amount":131.56,"billing_code_modifier":[""],"providers":[{"billed_charge":3800.00,"npi":[1699755264,1790398170]}]}]}]},{"name":"PSYCHOTHERAPY W\/PATIENT 45 MINUTES","billing_code_type":"CPT","billing_code_type_version":"2020","billing_code":"90834","description":"PSYCHOTHERAPY W\/PATIENT 45 MINUTES","allowed_amounts":[{"tin":{"type":"ein","value":"571207559"},"service_code":["11"],"billing_class":"professional","payments":[{"allowed_amount":114.69,"billing_code_modifier":[""],"providers":[{"billed_charge":225.00,"npi":[1275792350,1780961102]}]}]},{"tin":{"type":"ein","value":"813262955"},"service_code":["11"],"billing_class":"professional","payments":[{"allowed_amount":101.36,"billing_code_modifier":[""],"providers":[{"billed_charge":150.00,"npi":[1235798547,1396306049]}]}]},{"tin":{"type":"ein","value":"813262955"},"service_code":["11"],"billing_class":"professional","payments":[{"allowed_amount":114.69,"billing_code_modifier":[""],"providers":[{"billed_charge":150.00,"npi":[1235798547,1396306049,1871154393]}]}]},{"tin":{"type":"ein","value":"851432444"},"service_code":["11"],"billing_class":"professional","payments":[{"allowed_amount":101.36,"billing_code_modifier":[""],"providers":[{"billed_charge":175.00,"npi":[1922319011,1942804190]}]}]},{"tin":{"type":"ein","value":"999999999"},"service_code":["02","11"],"billing_class":"professional","payments":[{"allowed_amount":121.13,"billing_code_modifier":[""],"providers":[{"billed_charge":125.00,"npi":[1407019045]},{"billed_charge":135.00,"npi":[1407019045]}]},{"allowed_amount":121.13,"billing_code_modifier":[""],"providers":[{"billed_charge":125.00,"npi":[1407019045]},{"billed_charge":135.00,"npi":[1407019045]}]}]},{"tin":{"type":"ein","value":"999999999"},"service_code":["11"],"billing_class":"professional","payments":[{"allowed_amount":121.13,"billing_code_modifier":[""],"providers":[{"billed_charge":125.00,"npi":[1407019045]},{"billed_charge":135.00,"npi":[1407019045]}]},{"allowed_amount":121.13,"billing_code_modifier":[""],"providers":[{"billed_charge":125.00,"npi":[1407019045]},{"billed_charge":135.00,"npi":[1407019045]}]}]}]},{"name":"SARS-COV-2 COVID-19 AMP PRB HTT","billing_code_type":"HCPCS","billing_code_type_version":"HCPCS LEVEL II 2021","billing_code":"U0003","description":"SARS-COV-2 COVID-19 AMP PRB HTT","allowed_amounts":[{"tin":{"type":"ein","value":"320400050"},"service_code":["81"],"billing_class":"professional","payments":[{"allowed_amount":82.50,"billing_code_modifier":[""],"providers":[{"billed_charge":250.00,"npi":[1174964738,1740330711]}]}]},{"tin":{"type":"ein","value":"472462178"},"service_code":["81"],"billing_class":"professional","payments":[{"allowed_amount":82.50,"billing_code_modifier":[""],"providers":[{"billed_charge":250.00,"npi":[1144731605,1639311509,1962018374]}]}]},{"tin":{"type":"ein","value":"473727159"},"service_code":["81"],"billing_class":"professional","payments":[{"allowed_amount":82.50,"billing_code_modifier":[""],"providers":[{"billed_charge":125.00,"npi":[1295375822,1912521568,1982165924]}]}]},{"tin":{"type":"ein","value":"473941659"},"service_code":["81"],"billing_class":"professional","payments":[{"allowed_amount":82.50,"billing_code_modifier":[""],"providers":[{"billed_charge":200.00,"npi":[1376152983]}]}]},{"tin":{"type":"ein","value":"821914241"},"service_code":["81"],"billing_class":"professional","payments":[{"allowed_amount":82.50,"billing_code_modifier":[""],"providers":[{"billed_charge":250.00,"npi":[1598286510,1912906264]}]}]},{"tin":{"type":"ein","value":"823971792"},"service_code":["81"],"billing_class":"professional","payments":[{"allowed_amount":82.50,"billing_code_modifier":[""],"providers":[{"billed_charge":150.00,"npi":[1114435492,1679850465]}]}]},{"tin":{"type":"ein","value":"840611484"},"service_code":["81"],"billing_class":"professional","payments":[{"allowed_amount":82.50,"billing_code_modifier":[""],"providers":[{"billed_charge":100.00,"npi":[1740262880,1750324216]}]}]},{"tin":{"type":"ein","value":"843172409"},"service_code":["81"],"billing_class":"professional","payments":[{"allowed_amount":82.50,"billing_code_modifier":[""],"providers":[{"billed_charge":200.00,"npi":[1003437500,1255490678]}]}]},{"tin":{"type":"ein","value":"850602662"},"service_code":["81"],"billing_class":"professional","payments":[{"allowed_amount":82.50,"billing_code_modifier":[""],"providers":[{"billed_charge":150.00,"npi":[1114014263,1114918349,1881215622]}]}]},{"tin":{"type":"ein","value":"852364612"},"service_code":["81"],"billing_class":"professional","payments":[{"allowed_amount":82.50,"billing_code_modifier":[""],"providers":[{"billed_charge":225.00,"npi":[1740685387,1790386746]}]}]},{"tin":{"type":"ein","value":"853163633"},"service_code":["81"],"billing_class":"professional","payments":[{"allowed_amount":82.50,"billing_code_modifier":[""],"providers":[{"billed_charge":700.00,"npi":[1063011898,1669453262]}]}]},{"tin":{"type":"ein","value":"872336634"},"service_code":["81"],"billing_class":"professional","payments":[{"allowed_amount":82.50,"billing_code_modifier":[""],"providers":[{"billed_charge":150.00,"npi":[1265534465,1861162455]}]}]},{"tin":{"type":"ein","value":"880099333"},"service_code":["81"],"billing_class":"professional","payments":[{"allowed_amount":82.50,"billing_code_modifier":[""],"providers":[{"billed_charge":100.00,"npi":[1043256886,1346852183,1508479593,1750921920]}]}]},{"tin":{"type":"ein","value":"880241758"},"service_code":["81"],"billing_class":"professional","payments":[{"allowed_amount":82.50,"billing_code_modifier":[""],"providers":[{"billed_charge":100.00,"npi":[1114918349,1124417357,1518257138]}]}]},{"tin":{"type":"ein","value":"942854057"},"service_code":["81"],"billing_class":"professional","payments":[{"allowed_amount":82.50,"billing_code_modifier":[""],"providers":[{"billed_charge":145.00,"npi":[1467469239,1518218577,1720029960,1730403494]}]}]}]},{"name":"SBSQ HOSPITAL CARE\/DAY 25 MINUTES","billing_code_type":"CPT","billing_code_type_version":"2020","billing_code":"99232","description":"SBSQ HOSPITAL CARE\/DAY 25 MINUTES","allowed_amounts":[{"tin":{"type":"ein","value":"261837240"},"service_code":["21"],"billing_class":"professional","payments":[{"allowed_amount":80.01,"billing_code_modifier":[""],"providers":[{"billed_charge":150.00,"npi":[1205005980,1598897761,1861732976,1871934877]}]}]},{"tin":{"type":"ein","value":"562462982"},"service_code":["21"],"billing_class":"professional","payments":[{"allowed_amount":80.68,"billing_code_modifier":[""],"providers":[{"billed_charge":220.00,"npi":[1639352941,1871557942]}]}]},{"tin":{"type":"ein","value":"813155563"},"service_code":["51"],"billing_class":"professional","payments":[{"allowed_amount":80.01,"billing_code_modifier":[""],"providers":[{"billed_charge":183.00,"npi":[1619488525,1831613025,1841721917]}]}]},{"tin":{"type":"ein","value":"813155563"},"service_code":["51"],"billing_class":"professional","payments":[{"allowed_amount":80.68,"billing_code_modifier":[""],"providers":[{"billed_charge":183.00,"npi":[1760922017,1801107040,1841721917]},{"billed_charge":185.00,"npi":[1619488525,1760922017,1801107040,1831613025,1841721917]}]},{"allowed_amount":80.68,"billing_code_modifier":[""],"providers":[{"billed_charge":183.00,"npi":[1760922017,1801107040,1841721917]},{"billed_charge":185.00,"npi":[1619488525,1760922017,1801107040,1831613025,1841721917]}]}]},{"tin":{"type":"ein","value":"813155563"},"service_code":["51"],"billing_class":"professional","payments":[{"allowed_amount":80.68,"billing_code_modifier":[""],"providers":[{"billed_charge":183.00,"npi":[1760922017,1801107040,1841721917]},{"billed_charge":185.00,"npi":[1619488525,1760922017,1801107040,1831613025,1841721917]}]},{"allowed_amount":80.68,"billing_code_modifier":[""],"providers":[{"billed_charge":183.00,"npi":[1760922017,1801107040,1841721917]},{"billed_charge":185.00,"npi":[1619488525,1760922017,1801107040,1831613025,1841721917]}]}]},{"tin":{"type":"ein","value":"815094291"},"service_code":["21"],"billing_class":"professional","payments":[{"allowed_amount":80.68,"billing_code_modifier":[""],"providers":[{"billed_charge":233.00,"npi":[1033576814,1467535070,1710320619,1891285078,1992244438]},{"billed_charge":252.00,"npi":[1033576814,1194133041,1467535070,1710320619,1891285078,1992244438]}]},{"allowed_amount":80.68,"billing_code_modifier":[""],"providers":[{"billed_charge":233.00,"npi":[1033576814,1467535070,1710320619,1891285078,1992244438]},{"billed_charge":252.00,"npi":[1033576814,1194133041,1467535070,1710320619,1891285078,1992244438]}]}]},{"tin":{"type":"ein","value":"815094291"},"service_code":["21"],"billing_class":"professional","payments":[{"allowed_amount":80.68,"billing_code_modifier":[""],"providers":[{"billed_charge":233.00,"npi":[1033576814,1467535070,1710320619,1891285078,1992244438]},{"billed_charge":252.00,"npi":[1033576814,1194133041,1467535070,1710320619,1891285078,1992244438]}]},{"allowed_amount":80.68,"billing_code_modifier":[""],"providers":[{"billed_charge":233.00,"npi":[1033576814,1467535070,1710320619,1891285078,1992244438]},{"billed_charge":252.00,"npi":[1033576814,1194133041,1467535070,1710320619,1891285078,1992244438]}]}]}]},{"name":"SBSQ HOSPITAL CARE\/DAY 35 MINUTES","billing_code_type":"CPT","billing_code_type_version":"2020","billing_code":"99233","description":"SBSQ HOSPITAL CARE\/DAY 35 MINUTES","allowed_amounts":[{"tin":{"type":"ein","value":"562462982"},"service_code":["21"],"billing_class":"professional","payments":[{"allowed_amount":115.88,"billing_code_modifier":[""],"providers":[{"billed_charge":225.00,"npi":[1639352941,1871557942]}]}]},{"tin":{"type":"ein","value":"813155563"},"service_code":["51"],"billing_class":"professional","payments":[{"allowed_amount":115.88,"billing_code_modifier":[""],"providers":[{"billed_charge":263.00,"npi":[1760922017,1801107040,1841721917]}]}]},{"tin":{"type":"ein","value":"815094291"},"service_code":["21"],"billing_class":"professional","payments":[{"allowed_amount":115.88,"billing_code_modifier":[""],"providers":[{"billed_charge":334.00,"npi":[1710320619,1891285078,1992244438]},{"billed_charge":361.00,"npi":[1194133041,1467535070,1710320619,1992244438]}]},{"allowed_amount":115.88,"billing_code_modifier":[""],"providers":[{"billed_charge":334.00,"npi":[1710320619,1891285078,1992244438]},{"billed_charge":361.00,"npi":[1194133041,1467535070,1710320619,1992244438]}]}]},{"tin":{"type":"ein","value":"815094291"},"service_code":["21"],"billing_class":"professional","payments":[{"allowed_amount":115.88,"billing_code_modifier":[""],"providers":[{"billed_charge":334.00,"npi":[1710320619,1891285078,1992244438]},{"billed_charge":361.00,"npi":[1194133041,1467535070,1710320619,1992244438]}]},{"allowed_amount":115.88,"billing_code_modifier":[""],"providers":[{"billed_charge":334.00,"npi":[1710320619,1891285078,1992244438]},{"billed_charge":361.00,"npi":[1194133041,1467535070,1710320619,1992244438]}]}]}]},{"name":"SBSQ NURS FACIL CARE\/DAY UNSTABL\/NEW PROB 35 MIN","billing_code_type":"CPT","billing_code_type_version":"2020","billing_code":"99310","description":"SBSQ NURS FACIL CARE\/DAY UNSTABL\/NEW PROB 35 MIN","allowed_amounts":[{"tin":{"type":"ein","value":"822179045"},"service_code":["31"],"billing_class":"professional","payments":[{"allowed_amount":151.01,"billing_code_modifier":[""],"providers":[{"billed_charge":280.00,"npi":[1073501797,1164934824,1407357247,1447201447]}]}]}]},{"name":"SPECIMEN COLLECT COVID-19","billing_code_type":"HCPCS","billing_code_type_version":"HCPCS LEVEL II 2021","billing_code":"G2023","description":"SPECIMEN COLLECT COVID-19","allowed_amounts":[{"tin":{"type":"ein","value":"821914241"},"service_code":["81"],"billing_class":"professional","payments":[{"allowed_amount":25.81,"billing_code_modifier":[""],"providers":[{"billed_charge":75.00,"npi":[1598286510,1912906264]}]}]},{"tin":{"type":"ein","value":"831342609"},"service_code":["81"],"billing_class":"professional","payments":[{"allowed_amount":25.81,"billing_code_modifier":[""],"providers":[{"billed_charge":50.00,"npi":[1073101028,1487815387]}]}]},{"tin":{"type":"ein","value":"843172409"},"service_code":["81"],"billing_class":"professional","payments":[{"allowed_amount":25.81,"billing_code_modifier":[""],"providers":[{"billed_charge":50.00,"npi":[1003437500,1255490678]}]}]},{"tin":{"type":"ein","value":"850602662"},"service_code":["81"],"billing_class":"professional","payments":[{"allowed_amount":25.81,"billing_code_modifier":[""],"providers":[{"billed_charge":50.00,"npi":[1114014263,1114918349,1881215622]}]}]},{"tin":{"type":"ein","value":"852364612"},"service_code":["81"],"billing_class":"professional","payments":[{"allowed_amount":25.81,"billing_code_modifier":[""],"providers":[{"billed_charge":70.00,"npi":[1740685387,1790386746]}]}]},{"tin":{"type":"ein","value":"872336634"},"service_code":["81"],"billing_class":"professional","payments":[{"allowed_amount":25.81,"billing_code_modifier":[""],"providers":[{"billed_charge":46.00,"npi":[1265534465,1861162455]}]}]}]},{"name":"URNLS DIP STICK\/TABLET RGNT AUTO W\/O MICROSCOPY","billing_code_type":"CPT","billing_code_type_version":"2020","billing_code":"81003","description":"URNLS DIP STICK\/TABLET RGNT AUTO W\/O MICROSCOPY","allowed_amounts":[{"tin":{"type":"ein","value":"571207559"},"service_code":["11"],"billing_class":"professional","payments":[{"allowed_amount":2.48,"billing_code_modifier":[""],"providers":[{"billed_charge":18.00,"npi":[1285798439,1740531466,1780961102]}]}]}]}]}
