{"reporting_entity_name": "IEC Group_DBA AmeriBen",
	"reporting_entity_type": "Third Party Administrator",
	"plan_name": "WASSERMAN",
	"plan_id_type": "ein",
	"plan_id": "721559402",
	"plan_market_type": "group",
	"last_updated_on": "2024-09-01","Version": "1.0.0","out_of_network":[{"name":"ACUP 1\/> NDLS W\/ELEC STIMJ EA 15 MIN W\/RE-INSJ","billing_code_type":"CPT","billing_code_type_version":"2020","billing_code":"97814","description":"ACUP 1\/> NDLS W\/ELEC STIMJ EA 15 MIN W\/RE-INSJ","allowed_amounts":[{"tin":{"type":"ein","value":"320409807"},"service_code":["11"],"billing_class":"professional","payments":[{"allowed_amount":75.00,"billing_code_modifier":[""],"providers":[{"billed_charge":75.00,"npi":[1245442797,1871925693]}]}]}]},{"name":"ACUPUNCTURE 1\/> NDLES W\/O ELEC STIMJ INIT 15 MIN","billing_code_type":"CPT","billing_code_type_version":"2020","billing_code":"97810","description":"ACUPUNCTURE 1\/> NDLES W\/O ELEC STIMJ INIT 15 MIN","allowed_amounts":[{"tin":{"type":"ein","value":"300294506"},"service_code":["11"],"billing_class":"professional","payments":[{"allowed_amount":57.95,"billing_code_modifier":[""],"providers":[{"billed_charge":135.00,"npi":[1396025433]}]}]},{"tin":{"type":"ein","value":"452396957"},"service_code":["11"],"billing_class":"professional","payments":[{"allowed_amount":57.95,"billing_code_modifier":[""],"providers":[{"billed_charge":110.00,"npi":[1427279694]}]}]},{"tin":{"type":"ein","value":"571143898"},"service_code":["11"],"billing_class":"professional","payments":[{"allowed_amount":56.49,"billing_code_modifier":[""],"providers":[{"billed_charge":75.00,"npi":[1366882979,1528130564]}]}]},{"tin":{"type":"ein","value":"571143898"},"service_code":["11"],"billing_class":"professional","payments":[{"allowed_amount":57.95,"billing_code_modifier":[""],"providers":[{"billed_charge":75.00,"npi":[1346509841,1366882979,1528130564]}]}]},{"tin":{"type":"ein","value":"822578242"},"service_code":["11"],"billing_class":"professional","payments":[{"allowed_amount":56.49,"billing_code_modifier":[""],"providers":[{"billed_charge":300.00,"npi":[1245880343,1679508303]}]}]},{"tin":{"type":"ein","value":"822578242"},"service_code":["11"],"billing_class":"professional","payments":[{"allowed_amount":57.95,"billing_code_modifier":[""],"providers":[{"billed_charge":300.00,"npi":[1245880343,1679508303]}]}]}]},{"name":"ACUPUNCTURE 1\/> NDLS W\/ELEC STIMJ 1ST 15 MIN","billing_code_type":"CPT","billing_code_type_version":"2020","billing_code":"97813","description":"ACUPUNCTURE 1\/> NDLS W\/ELEC STIMJ 1ST 15 MIN","allowed_amounts":[{"tin":{"type":"ein","value":"320409807"},"service_code":["11"],"billing_class":"professional","payments":[{"allowed_amount":90.00,"billing_code_modifier":[""],"providers":[{"billed_charge":95.00,"npi":[1245442797,1871925693]}]}]}]},{"name":"ACUPUNCTURE 1\/> NDLS W\/O ELEC STIMJ EA 15 MIN","billing_code_type":"CPT","billing_code_type_version":"2020","billing_code":"97811","description":"ACUPUNCTURE 1\/> NDLS W\/O ELEC STIMJ EA 15 MIN","allowed_amounts":[{"tin":{"type":"ein","value":"320409807"},"service_code":["11"],"billing_class":"professional","payments":[{"allowed_amount":40.00,"billing_code_modifier":[""],"providers":[{"billed_charge":65.00,"npi":[1245442797,1871925693]}]}]},{"tin":{"type":"ein","value":"320409807"},"service_code":["11"],"billing_class":"professional","payments":[{"allowed_amount":65.00,"billing_code_modifier":[""],"providers":[{"billed_charge":65.00,"npi":[1245442797,1871925693]}]}]}]},{"name":"APPL MODALITY 1\/> AREAS TRACTION MECHANICAL","billing_code_type":"CPT","billing_code_type_version":"2020","billing_code":"97012","description":"APPL MODALITY 1\/> AREAS TRACTION MECHANICAL","allowed_amounts":[{"tin":{"type":"ein","value":"824002313"},"service_code":["11"],"billing_class":"professional","payments":[{"allowed_amount":14.50,"billing_code_modifier":[""],"providers":[{"billed_charge":35.00,"npi":[1083194195,1235619354,1396389060]}]}]}]},{"name":"CHIROPRACTIC MANIPLTV TX EXTRASPINAL 1\/> REGION","billing_code_type":"CPT","billing_code_type_version":"2020","billing_code":"98943","description":"CHIROPRACTIC MANIPLTV TX EXTRASPINAL 1\/> REGION","allowed_amounts":[{"tin":{"type":"ein","value":"264347711"},"service_code":["11"],"billing_class":"professional","payments":[{"allowed_amount":37.82,"billing_code_modifier":[""],"providers":[{"billed_charge":150.00,"npi":[1225262785,1821226135]}]}]},{"tin":{"type":"ein","value":"264347711"},"service_code":["11"],"billing_class":"professional","payments":[{"allowed_amount":45.00,"billing_code_modifier":[""],"providers":[{"billed_charge":150.00,"npi":[1225262785,1821226135]}]}]},{"tin":{"type":"ein","value":"811147791"},"service_code":["11"],"billing_class":"professional","payments":[{"allowed_amount":37.82,"billing_code_modifier":[""],"providers":[{"billed_charge":300.00,"npi":[1508451220,1942900683]}]}]},{"tin":{"type":"ein","value":"811147791"},"service_code":["11"],"billing_class":"professional","payments":[{"allowed_amount":45.00,"billing_code_modifier":[""],"providers":[{"billed_charge":300.00,"npi":[1508451220,1841745148,1942900683]}]}]},{"tin":{"type":"ein","value":"822578242"},"service_code":["11"],"billing_class":"professional","payments":[{"allowed_amount":37.82,"billing_code_modifier":[""],"providers":[{"billed_charge":301.00,"npi":[1629379979,1679508303]}]}]},{"tin":{"type":"ein","value":"822578242"},"service_code":["11"],"billing_class":"professional","payments":[{"allowed_amount":45.00,"billing_code_modifier":[""],"providers":[{"billed_charge":301.00,"npi":[1629379979,1679508303]}]}]},{"tin":{"type":"ein","value":"824654775"},"service_code":["11"],"billing_class":"professional","payments":[{"allowed_amount":37.82,"billing_code_modifier":[""],"providers":[{"billed_charge":150.00,"npi":[1265103733,1841954807]}]}]},{"tin":{"type":"ein","value":"824654775"},"service_code":["11"],"billing_class":"professional","payments":[{"allowed_amount":45.00,"billing_code_modifier":[""],"providers":[{"billed_charge":150.00,"npi":[1265103733,1841954807]}]}]}]},{"name":"CHIROPRACTIC MANIPULATIVE TX SPINAL 1-2 REGIONS","billing_code_type":"CPT","billing_code_type_version":"2020","billing_code":"98940","description":"CHIROPRACTIC MANIPULATIVE TX SPINAL 1-2 REGIONS","allowed_amounts":[{"tin":{"type":"ein","value":"824002313"},"service_code":["11"],"billing_class":"professional","payments":[{"allowed_amount":19.00,"billing_code_modifier":[""],"providers":[{"billed_charge":50.00,"npi":[1083194195,1235619354,1396389060]}]}]}]},{"name":"CHIROPRACTIC MANIPULATIVE TX SPINAL 3-4 REGIONS","billing_code_type":"CPT","billing_code_type_version":"2020","billing_code":"98941","description":"CHIROPRACTIC MANIPULATIVE TX SPINAL 3-4 REGIONS","allowed_amounts":[{"tin":{"type":"ein","value":"113637094"},"service_code":["11"],"billing_class":"professional","payments":[{"allowed_amount":57.96,"billing_code_modifier":[""],"providers":[{"billed_charge":95.00,"npi":[1376063115,1528197506]}]}]},{"tin":{"type":"ein","value":"113637094"},"service_code":["11"],"billing_class":"professional","payments":[{"allowed_amount":59.99,"billing_code_modifier":[""],"providers":[{"billed_charge":95.00,"npi":[1376063115,1528197506]}]}]},{"tin":{"type":"ein","value":"264347711"},"service_code":["11"],"billing_class":"professional","payments":[{"allowed_amount":57.96,"billing_code_modifier":[""],"providers":[{"billed_charge":250.00,"npi":[1225262785,1821226135]}]}]},{"tin":{"type":"ein","value":"264347711"},"service_code":["11"],"billing_class":"professional","payments":[{"allowed_amount":59.99,"billing_code_modifier":[""],"providers":[{"billed_charge":250.00,"npi":[1225262785,1821226135]}]}]},{"tin":{"type":"ein","value":"582648051"},"service_code":["11"],"billing_class":"professional","payments":[{"allowed_amount":33.80,"billing_code_modifier":[""],"providers":[{"billed_charge":50.00,"npi":[1801084058,1801816178]}]}]},{"tin":{"type":"ein","value":"822578242"},"service_code":["11"],"billing_class":"professional","payments":[{"allowed_amount":57.96,"billing_code_modifier":[""],"providers":[{"billed_charge":301.00,"npi":[1629379979,1679508303]}]}]},{"tin":{"type":"ein","value":"822578242"},"service_code":["11"],"billing_class":"professional","payments":[{"allowed_amount":59.99,"billing_code_modifier":[""],"providers":[{"billed_charge":301.00,"npi":[1629379979,1679508303]}]}]}]},{"name":"FAMILY PSYCHOTHERAPY W\/PATIENT PRESENT 50 MINS","billing_code_type":"CPT","billing_code_type_version":"2020","billing_code":"90847","description":"FAMILY PSYCHOTHERAPY W\/PATIENT PRESENT 50 MINS","allowed_amounts":[{"tin":{"type":"ein","value":"464477467"},"service_code":["11"],"billing_class":"professional","payments":[{"allowed_amount":300.00,"billing_code_modifier":[""],"providers":[{"billed_charge":300.00,"npi":[1689881005]}]}]}]},{"name":"MANUAL THERAPY TQS 1\/> REGIONS EACH 15 MINUTES","billing_code_type":"CPT","billing_code_type_version":"2020","billing_code":"97140","description":"MANUAL THERAPY TQS 1\/> REGIONS EACH 15 MINUTES","allowed_amounts":[{"tin":{"type":"ein","value":"043505907"},"service_code":["11"],"billing_class":"professional","payments":[{"allowed_amount":39.78,"billing_code_modifier":[""],"providers":[{"billed_charge":80.00,"npi":[1477099000]}]}]},{"tin":{"type":"ein","value":"043505907"},"service_code":["11"],"billing_class":"professional","payments":[{"allowed_amount":41.18,"billing_code_modifier":[""],"providers":[{"billed_charge":80.00,"npi":[1477099000]}]}]},{"tin":{"type":"ein","value":"264347711"},"service_code":["11"],"billing_class":"professional","payments":[{"allowed_amount":39.78,"billing_code_modifier":[""],"providers":[{"billed_charge":150.00,"npi":[1225262785,1821226135]}]}]},{"tin":{"type":"ein","value":"264347711"},"service_code":["11"],"billing_class":"professional","payments":[{"allowed_amount":41.18,"billing_code_modifier":[""],"providers":[{"billed_charge":150.00,"npi":[1225262785,1821226135]}]}]},{"tin":{"type":"ein","value":"271313898"},"service_code":["11"],"billing_class":"professional","payments":[{"allowed_amount":39.78,"billing_code_modifier":[""],"providers":[{"billed_charge":90.00,"npi":[1124344650,1396347811,1588667133]}]}]},{"tin":{"type":"ein","value":"271313898"},"service_code":["11"],"billing_class":"professional","payments":[{"allowed_amount":41.18,"billing_code_modifier":[""],"providers":[{"billed_charge":90.00,"npi":[1124344650,1437872967,1588667133]}]}]},{"tin":{"type":"ein","value":"571143898"},"service_code":["11"],"billing_class":"professional","payments":[{"allowed_amount":39.78,"billing_code_modifier":[""],"providers":[{"billed_charge":75.00,"npi":[1366882979,1528130564]}]}]},{"tin":{"type":"ein","value":"571143898"},"service_code":["11"],"billing_class":"professional","payments":[{"allowed_amount":41.18,"billing_code_modifier":[""],"providers":[{"billed_charge":75.00,"npi":[1366882979,1528130564]}]}]},{"tin":{"type":"ein","value":"811147791"},"service_code":["11"],"billing_class":"professional","payments":[{"allowed_amount":41.18,"billing_code_modifier":[""],"providers":[{"billed_charge":200.00,"npi":[1508451220,1942900683]}]}]}]},{"name":"OFFICE\/OUTPATIENT ESTABLISHED LOW MDM 20 MIN","billing_code_type":"CPT","billing_code_type_version":"2020","billing_code":"99213","description":"OFFICE\/OUTPATIENT ESTABLISHED LOW MDM 20 MIN","allowed_amounts":[{"tin":{"type":"ein","value":"320409807"},"service_code":["11"],"billing_class":"professional","payments":[{"allowed_amount":150.00,"billing_code_modifier":[""],"providers":[{"billed_charge":195.00,"npi":[1245442797,1871925693]}]}]}]},{"name":"PSYCHOTHERAPY W\/PATIENT 45 MINUTES","billing_code_type":"CPT","billing_code_type_version":"2020","billing_code":"90834","description":"PSYCHOTHERAPY W\/PATIENT 45 MINUTES","allowed_amounts":[{"tin":{"type":"ein","value":"103525633"},"service_code":["11"],"billing_class":"professional","payments":[{"allowed_amount":149.96,"billing_code_modifier":[""],"providers":[{"billed_charge":200.00,"npi":[1467520510]}]}]},{"tin":{"type":"ein","value":"117548087"},"service_code":["11"],"billing_class":"professional","payments":[{"allowed_amount":149.96,"billing_code_modifier":[""],"providers":[{"billed_charge":200.00,"npi":[1881829471]}]}]},{"tin":{"type":"ein","value":"200102762"},"service_code":["02"],"billing_class":"professional","payments":[{"allowed_amount":219.84,"billing_code_modifier":[""],"providers":[{"billed_charge":265.00,"npi":[1437495942]},{"billed_charge":315.00,"npi":[1437495942]}]},{"allowed_amount":219.84,"billing_code_modifier":[""],"providers":[{"billed_charge":265.00,"npi":[1437495942]},{"billed_charge":315.00,"npi":[1437495942]}]}]},{"tin":{"type":"ein","value":"200102762"},"service_code":["02","11"],"billing_class":"professional","payments":[{"allowed_amount":219.84,"billing_code_modifier":[""],"providers":[{"billed_charge":265.00,"npi":[1437495942]},{"billed_charge":315.00,"npi":[1437495942]}]},{"allowed_amount":219.84,"billing_code_modifier":[""],"providers":[{"billed_charge":265.00,"npi":[1437495942]},{"billed_charge":315.00,"npi":[1437495942]}]}]},{"tin":{"type":"ein","value":"201104895"},"service_code":["02"],"billing_class":"professional","payments":[{"allowed_amount":149.96,"billing_code_modifier":[""],"providers":[{"billed_charge":250.00,"npi":[1528211513]}]}]},{"tin":{"type":"ein","value":"260377198"},"service_code":["02"],"billing_class":"professional","payments":[{"allowed_amount":152.27,"billing_code_modifier":[""],"providers":[{"billed_charge":325.00,"npi":[1245533470]}]}]},{"tin":{"type":"ein","value":"260377198"},"service_code":["02","11"],"billing_class":"professional","payments":[{"allowed_amount":149.96,"billing_code_modifier":[""],"providers":[{"billed_charge":325.00,"npi":[1245455278,1245533470]}]}]},{"tin":{"type":"ein","value":"461408774"},"service_code":["02"],"billing_class":"professional","payments":[{"allowed_amount":149.96,"billing_code_modifier":[""],"providers":[{"billed_charge":230.00,"npi":[1316064694]}]}]},{"tin":{"type":"ein","value":"474525654"},"service_code":["11"],"billing_class":"professional","payments":[{"allowed_amount":149.96,"billing_code_modifier":[""],"providers":[{"billed_charge":231.00,"npi":[1003477589,1730563503]},{"billed_charge":257.00,"npi":[1003477589,1730563503]}]},{"allowed_amount":149.96,"billing_code_modifier":[""],"providers":[{"billed_charge":231.00,"npi":[1003477589,1730563503]},{"billed_charge":257.00,"npi":[1003477589,1730563503]}]}]},{"tin":{"type":"ein","value":"474525654"},"service_code":["11"],"billing_class":"professional","payments":[{"allowed_amount":149.96,"billing_code_modifier":[""],"providers":[{"billed_charge":231.00,"npi":[1003477589,1730563503]},{"billed_charge":257.00,"npi":[1003477589,1730563503]}]},{"allowed_amount":149.96,"billing_code_modifier":[""],"providers":[{"billed_charge":231.00,"npi":[1003477589,1730563503]},{"billed_charge":257.00,"npi":[1003477589,1730563503]}]}]},{"tin":{"type":"ein","value":"553775480"},"service_code":["10"],"billing_class":"professional","payments":[{"allowed_amount":219.84,"billing_code_modifier":[""],"providers":[{"billed_charge":300.00,"npi":[1598313132]}]}]},{"tin":{"type":"ein","value":"557726048"},"service_code":["10"],"billing_class":"professional","payments":[{"allowed_amount":152.27,"billing_code_modifier":[""],"providers":[{"billed_charge":225.00,"npi":[1992135677]}]}]},{"tin":{"type":"ein","value":"557726048"},"service_code":["11"],"billing_class":"professional","payments":[{"allowed_amount":149.96,"billing_code_modifier":[""],"providers":[{"billed_charge":225.00,"npi":[1992135677]}]}]},{"tin":{"type":"ein","value":"821204643"},"service_code":["11"],"billing_class":"professional","payments":[{"allowed_amount":149.96,"billing_code_modifier":[""],"providers":[{"billed_charge":275.00,"npi":[1083148001]}]}]},{"tin":{"type":"ein","value":"821204643"},"service_code":["11"],"billing_class":"professional","payments":[{"allowed_amount":152.27,"billing_code_modifier":[""],"providers":[{"billed_charge":275.00,"npi":[1083148001]}]}]},{"tin":{"type":"ein","value":"832953911"},"service_code":["02"],"billing_class":"professional","payments":[{"allowed_amount":152.27,"billing_code_modifier":[""],"providers":[{"billed_charge":200.00,"npi":[1306386842]}]}]},{"tin":{"type":"ein","value":"832953911"},"service_code":["11"],"billing_class":"professional","payments":[{"allowed_amount":149.96,"billing_code_modifier":[""],"providers":[{"billed_charge":200.00,"npi":[1306386842]}]}]},{"tin":{"type":"ein","value":"834302956"},"service_code":["02"],"billing_class":"professional","payments":[{"allowed_amount":152.27,"billing_code_modifier":[""],"providers":[{"billed_charge":275.00,"npi":[1487215364,1679631626]}]}]},{"tin":{"type":"ein","value":"854292302"},"service_code":["10"],"billing_class":"professional","payments":[{"allowed_amount":152.27,"billing_code_modifier":[""],"providers":[{"billed_charge":400.00,"npi":[1861769267]}]}]},{"tin":{"type":"ein","value":"854292302"},"service_code":["11"],"billing_class":"professional","payments":[{"allowed_amount":149.96,"billing_code_modifier":[""],"providers":[{"billed_charge":400.00,"npi":[1861769267]}]}]},{"tin":{"type":"ein","value":"861452295"},"service_code":["02"],"billing_class":"professional","payments":[{"allowed_amount":149.96,"billing_code_modifier":[""],"providers":[{"billed_charge":275.00,"npi":[1316557176]}]}]},{"tin":{"type":"ein","value":"861452295"},"service_code":["02"],"billing_class":"professional","payments":[{"allowed_amount":152.27,"billing_code_modifier":[""],"providers":[{"billed_charge":275.00,"npi":[1316557176]}]}]},{"tin":{"type":"ein","value":"871564573"},"service_code":["11"],"billing_class":"professional","payments":[{"allowed_amount":149.96,"billing_code_modifier":[""],"providers":[{"billed_charge":180.00,"npi":[1518631274]}]}]},{"tin":{"type":"ein","value":"874669053"},"service_code":["02"],"billing_class":"professional","payments":[{"allowed_amount":149.96,"billing_code_modifier":[""],"providers":[{"billed_charge":200.00,"npi":[1093366874]}]}]},{"tin":{"type":"ein","value":"874669053"},"service_code":["02"],"billing_class":"professional","payments":[{"allowed_amount":152.27,"billing_code_modifier":[""],"providers":[{"billed_charge":200.00,"npi":[1093366874]}]}]},{"tin":{"type":"ein","value":"922466724"},"service_code":["02"],"billing_class":"professional","payments":[{"allowed_amount":149.96,"billing_code_modifier":[""],"providers":[{"billed_charge":375.00,"npi":[1124727615,1588080345]}]}]},{"tin":{"type":"ein","value":"999999999"},"service_code":["11"],"billing_class":"professional","payments":[{"allowed_amount":152.27,"billing_code_modifier":[""],"providers":[{"billed_charge":200.00,"npi":[1770147985]}]}]},{"tin":{"type":"ein","value":"999999999"},"service_code":["11"],"billing_class":"professional","payments":[{"allowed_amount":219.84,"billing_code_modifier":[""],"providers":[{"billed_charge":225.00,"npi":[1669461257]}]}]}]},{"name":"THER PX 1\/> AREAS EACH 15 MIN NEUROMUSC REEDUCA","billing_code_type":"CPT","billing_code_type_version":"2020","billing_code":"97112","description":"THER PX 1\/> AREAS EACH 15 MIN NEUROMUSC REEDUCA","allowed_amounts":[{"tin":{"type":"ein","value":"043505907"},"service_code":["11"],"billing_class":"professional","payments":[{"allowed_amount":49.61,"billing_code_modifier":[""],"providers":[{"billed_charge":80.00,"npi":[1477099000]}]}]},{"tin":{"type":"ein","value":"271313898"},"service_code":["11"],"billing_class":"professional","payments":[{"allowed_amount":49.61,"billing_code_modifier":[""],"providers":[{"billed_charge":90.00,"npi":[1124344650,1396347811,1588667133]}]}]},{"tin":{"type":"ein","value":"811147791"},"service_code":["11"],"billing_class":"professional","payments":[{"allowed_amount":49.61,"billing_code_modifier":[""],"providers":[{"billed_charge":275.00,"npi":[1508451220,1942900683]}]}]}]},{"name":"THERAPEUT ACTVITY DIRECT PT CONTACT EACH 15 MIN","billing_code_type":"CPT","billing_code_type_version":"2020","billing_code":"97530","description":"THERAPEUT ACTVITY DIRECT PT CONTACT EACH 15 MIN","allowed_amounts":[{"tin":{"type":"ein","value":"271313898"},"service_code":["11"],"billing_class":"professional","payments":[{"allowed_amount":54.03,"billing_code_modifier":[""],"providers":[{"billed_charge":90.00,"npi":[1124344650,1396347811,1588667133]}]}]},{"tin":{"type":"ein","value":"271313898"},"service_code":["11"],"billing_class":"professional","payments":[{"allowed_amount":162.09,"billing_code_modifier":[""],"providers":[{"billed_charge":270.00,"npi":[1124344650,1396347811,1588667133]}]}]}]},{"name":"THERAPEUTIC PX 1\/> AREAS EACH 15 MIN EXERCISES","billing_code_type":"CPT","billing_code_type_version":"2020","billing_code":"97110","description":"THERAPEUTIC PX 1\/> AREAS EACH 15 MIN EXERCISES","allowed_amounts":[{"tin":{"type":"ein","value":"043505907"},"service_code":["11"],"billing_class":"professional","payments":[{"allowed_amount":43.22,"billing_code_modifier":[""],"providers":[{"billed_charge":80.00,"npi":[1477099000]}]}]},{"tin":{"type":"ein","value":"043505907"},"service_code":["11"],"billing_class":"professional","payments":[{"allowed_amount":44.73,"billing_code_modifier":[""],"providers":[{"billed_charge":80.00,"npi":[1477099000]}]}]},{"tin":{"type":"ein","value":"113637094"},"service_code":["11"],"billing_class":"professional","payments":[{"allowed_amount":43.22,"billing_code_modifier":[""],"providers":[{"billed_charge":90.00,"npi":[1376063115,1528197506]}]}]},{"tin":{"type":"ein","value":"113637094"},"service_code":["11"],"billing_class":"professional","payments":[{"allowed_amount":44.73,"billing_code_modifier":[""],"providers":[{"billed_charge":90.00,"npi":[1376063115,1528197506]}]}]},{"tin":{"type":"ein","value":"264347711"},"service_code":["11"],"billing_class":"professional","payments":[{"allowed_amount":44.73,"billing_code_modifier":[""],"providers":[{"billed_charge":150.00,"npi":[1225262785,1821226135]}]}]},{"tin":{"type":"ein","value":"271313898"},"service_code":["11"],"billing_class":"professional","payments":[{"allowed_amount":43.22,"billing_code_modifier":[""],"providers":[{"billed_charge":90.00,"npi":[1124344650,1396347811,1588667133]}]}]},{"tin":{"type":"ein","value":"271313898"},"service_code":["11"],"billing_class":"professional","payments":[{"allowed_amount":44.73,"billing_code_modifier":[""],"providers":[{"billed_charge":90.00,"npi":[1124344650,1437872967,1588667133]}]}]},{"tin":{"type":"ein","value":"811147791"},"service_code":["11"],"billing_class":"professional","payments":[{"allowed_amount":43.22,"billing_code_modifier":[""],"providers":[{"billed_charge":275.00,"npi":[1508451220,1942900683]}]}]},{"tin":{"type":"ein","value":"811147791"},"service_code":["11"],"billing_class":"professional","payments":[{"allowed_amount":44.73,"billing_code_modifier":[""],"providers":[{"billed_charge":275.00,"npi":[1508451220,1841745148,1942900683]}]}]},{"tin":{"type":"ein","value":"822578242"},"service_code":["11"],"billing_class":"professional","payments":[{"allowed_amount":86.44,"billing_code_modifier":[""],"providers":[{"billed_charge":600.00,"npi":[1629379979,1679508303]}]}]},{"tin":{"type":"ein","value":"824159533"},"service_code":["11"],"billing_class":"professional","payments":[{"allowed_amount":43.22,"billing_code_modifier":[""],"providers":[{"billed_charge":200.00,"npi":[1801459060,1952540536]}]}]},{"tin":{"type":"ein","value":"824159533"},"service_code":["11"],"billing_class":"professional","payments":[{"allowed_amount":44.73,"billing_code_modifier":[""],"providers":[{"billed_charge":200.00,"npi":[1801459060,1952540536]}]}]},{"tin":{"type":"ein","value":"824654775"},"service_code":["11"],"billing_class":"professional","payments":[{"allowed_amount":86.44,"billing_code_modifier":[""],"providers":[{"billed_charge":300.00,"npi":[1265103733,1841954807]}]}]},{"tin":{"type":"ein","value":"882657205"},"service_code":["11"],"billing_class":"professional","payments":[{"allowed_amount":43.22,"billing_code_modifier":[""],"providers":[{"billed_charge":200.00,"npi":[1275268484,1316211329]}]}]},{"tin":{"type":"ein","value":"882657205"},"service_code":["11"],"billing_class":"professional","payments":[{"allowed_amount":44.73,"billing_code_modifier":[""],"providers":[{"billed_charge":200.00,"npi":[1275268484,1316211329]}]}]}]},{"name":"TX SPEECH LANG VOICE COMMJ &\/AUDITORY PROC IND","billing_code_type":"CPT","billing_code_type_version":"2020","billing_code":"92507","description":"TX SPEECH LANG VOICE COMMJ &\/AUDITORY PROC IND","allowed_amounts":[{"tin":{"type":"ein","value":"076408936"},"service_code":["11"],"billing_class":"professional","payments":[{"allowed_amount":100.00,"billing_code_modifier":[""],"providers":[{"billed_charge":100.00,"npi":[1396149050,1659778694]}]}]},{"tin":{"type":"ein","value":"800835936"},"service_code":["11"],"billing_class":"professional","payments":[{"allowed_amount":145.00,"billing_code_modifier":[""],"providers":[{"billed_charge":170.00,"npi":[1598100422]}]}]},{"tin":{"type":"ein","value":"999999999"},"service_code":["11"],"billing_class":"professional","payments":[{"allowed_amount":145.00,"billing_code_modifier":[""],"providers":[{"billed_charge":170.00,"npi":[1598100422]}]}]}]}]}
