{"reporting_entity_name": "IEC Group_DBA AmeriBen",
	"reporting_entity_type": "Third Party Administrator",
	"plan_name": "SMILE BRANDS INC",
	"plan_id_type": "ein",
	"plan_id": "911643507",
	"plan_market_type": "group",
	"last_updated_on": "2023-09-01","Version": "1.0.0","out_of_network":[{"name":"CHIROPRACTIC MANIPULATIVE TX SPINAL 1-2 REGIONS","billing_code_type":"CPT","billing_code_type_version":"2020","billing_code":"98940","description":"CHIROPRACTIC MANIPULATIVE TX SPINAL 1-2 REGIONS","allowed_amounts":[{"tin":{"type":"ein","value":"391483961"},"service_code":["11"],"billing_class":"professional","payments":[{"allowed_amount":32.88,"billing_code_modifier":[""],"providers":[{"billed_charge":60.00,"npi":[1982693727]}]}]},{"tin":{"type":"ein","value":"391775649"},"service_code":["11"],"billing_class":"professional","payments":[{"allowed_amount":32.88,"billing_code_modifier":[""],"providers":[{"billed_charge":61.50,"npi":[1740637784,1902981244]}]}]},{"tin":{"type":"ein","value":"474460565"},"service_code":["11"],"billing_class":"professional","payments":[{"allowed_amount":32.88,"billing_code_modifier":[""],"providers":[{"billed_charge":60.00,"npi":[1003156985,1861878928]}]}]}]},{"name":"CHIROPRACTIC MANIPULATIVE TX SPINAL 3-4 REGIONS","billing_code_type":"CPT","billing_code_type_version":"2020","billing_code":"98941","description":"CHIROPRACTIC MANIPULATIVE TX SPINAL 3-4 REGIONS","allowed_amounts":[{"tin":{"type":"ein","value":"261804541"},"service_code":["11"],"billing_class":"professional","payments":[{"allowed_amount":40.00,"billing_code_modifier":[""],"providers":[{"billed_charge":40.00,"npi":[1104002823]}]}]},{"tin":{"type":"ein","value":"753097451"},"service_code":["11"],"billing_class":"professional","payments":[{"allowed_amount":40.00,"billing_code_modifier":[""],"providers":[{"billed_charge":40.00,"npi":[1053878223,1124586706,1295838670,1912604976]}]}]},{"tin":{"type":"ein","value":"770205769"},"service_code":["11"],"billing_class":"professional","payments":[{"allowed_amount":52.82,"billing_code_modifier":[""],"providers":[{"billed_charge":62.00,"npi":[1164562872]}]}]},{"tin":{"type":"ein","value":"834101992"},"service_code":["11"],"billing_class":"professional","payments":[{"allowed_amount":52.82,"billing_code_modifier":[""],"providers":[{"billed_charge":65.00,"npi":[1053872713,1598232134]}]}]}]},{"name":"INFEC AGEN DETEC AMPLI PROBE","billing_code_type":"HCPCS","billing_code_type_version":"HCPCS LEVEL II 2021","billing_code":"U0005","description":"INFEC AGEN DETEC AMPLI PROBE","allowed_amounts":[{"tin":{"type":"ein","value":"472462178"},"service_code":["81"],"billing_class":"professional","payments":[{"allowed_amount":31.25,"billing_code_modifier":[""],"providers":[{"billed_charge":50.00,"npi":[1144731605,1639311509]}]}]},{"tin":{"type":"ein","value":"473442554"},"service_code":["81"],"billing_class":"professional","payments":[{"allowed_amount":31.25,"billing_code_modifier":[""],"providers":[{"billed_charge":100.00,"npi":[1740664184,1912383183]}]}]},{"tin":{"type":"ein","value":"800589803"},"service_code":["81"],"billing_class":"professional","payments":[{"allowed_amount":31.25,"billing_code_modifier":[""],"providers":[{"billed_charge":75.00,"npi":[1851416739,1932445681]}]}]},{"tin":{"type":"ein","value":"814427066"},"service_code":["81"],"billing_class":"professional","payments":[{"allowed_amount":31.25,"billing_code_modifier":[""],"providers":[{"billed_charge":100.00,"npi":[1487191573,1740664184]}]}]},{"tin":{"type":"ein","value":"841905194"},"service_code":["81"],"billing_class":"professional","payments":[{"allowed_amount":31.25,"billing_code_modifier":[""],"providers":[{"billed_charge":40.00,"npi":[1386240786,1891733374]}]}]},{"tin":{"type":"ein","value":"852364612"},"service_code":["81"],"billing_class":"professional","payments":[{"allowed_amount":31.25,"billing_code_modifier":[""],"providers":[{"billed_charge":75.00,"npi":[1740685387,1790386746]}]}]},{"tin":{"type":"ein","value":"871793632"},"service_code":["11"],"billing_class":"professional","payments":[{"allowed_amount":31.25,"billing_code_modifier":[""],"providers":[{"billed_charge":100.00,"npi":[1154994556,1740685387]}]}]},{"tin":{"type":"ein","value":"873102949"},"service_code":["81"],"billing_class":"professional","payments":[{"allowed_amount":31.25,"billing_code_modifier":[""],"providers":[{"billed_charge":75.00,"npi":[1043790397,1083982995,1215508957,1285172072,1356005920,1396311205,1548910219,1740607837,1841825965,1891254884,1972099521,1972710440]}]}]},{"tin":{"type":"ein","value":"873493062"},"service_code":["81"],"billing_class":"professional","payments":[{"allowed_amount":31.25,"billing_code_modifier":[""],"providers":[{"billed_charge":100.00,"npi":[1851008296]}]}]},{"tin":{"type":"ein","value":"953926170"},"service_code":["81"],"billing_class":"professional","payments":[{"allowed_amount":31.25,"billing_code_modifier":[""],"providers":[{"billed_charge":50.00,"npi":[1003950585,1033373899]}]}]}]},{"name":"PHARMACY","billing_code_type":"RC","billing_code_type_version":"UB04","billing_code":"0250","description":"PHARMACY","allowed_amounts":[{"tin":{"type":"ein","value":"203176826"},"service_code":["65"],"billing_class":"institutional","payments":[{"allowed_amount":0.05,"billing_code_modifier":[""],"providers":[{"billed_charge":0.90,"npi":[1639132772,1811350473]}]}]}]},{"name":"SARS-COV-2 COVID-19 AMP PRB HTT","billing_code_type":"HCPCS","billing_code_type_version":"HCPCS LEVEL II 2021","billing_code":"U0003","description":"SARS-COV-2 COVID-19 AMP PRB HTT","allowed_amounts":[{"tin":{"type":"ein","value":"133757370"},"service_code":["81"],"billing_class":"professional","payments":[{"allowed_amount":93.75,"billing_code_modifier":[""],"providers":[{"billed_charge":100.00,"npi":[1356534994,1750368700]}]}]},{"tin":{"type":"ein","value":"472462178"},"service_code":["81"],"billing_class":"professional","payments":[{"allowed_amount":93.75,"billing_code_modifier":[""],"providers":[{"billed_charge":250.00,"npi":[1144731605,1639311509]}]}]},{"tin":{"type":"ein","value":"473442554"},"service_code":["81"],"billing_class":"professional","payments":[{"allowed_amount":93.75,"billing_code_modifier":[""],"providers":[{"billed_charge":200.00,"npi":[1740664184,1912383183]}]}]},{"tin":{"type":"ein","value":"473727159"},"service_code":["81"],"billing_class":"professional","payments":[{"allowed_amount":93.75,"billing_code_modifier":[""],"providers":[{"billed_charge":125.00,"npi":[1063055838,1356869267,1912521568]}]}]},{"tin":{"type":"ein","value":"814427066"},"service_code":["81"],"billing_class":"professional","payments":[{"allowed_amount":93.75,"billing_code_modifier":[""],"providers":[{"billed_charge":200.00,"npi":[1487191573,1740664184]}]}]},{"tin":{"type":"ein","value":"852364612"},"service_code":["81"],"billing_class":"professional","payments":[{"allowed_amount":93.75,"billing_code_modifier":[""],"providers":[{"billed_charge":225.00,"npi":[1740685387,1790386746]}]}]},{"tin":{"type":"ein","value":"873102949"},"service_code":["81"],"billing_class":"professional","payments":[{"allowed_amount":93.75,"billing_code_modifier":[""],"providers":[{"billed_charge":249.00,"npi":[1043790397,1083982995,1215508957,1285172072,1356005920,1396311205,1548910219,1740607837,1841825965,1891254884,1972099521,1972710440]}]}]},{"tin":{"type":"ein","value":"873116471"},"service_code":["81"],"billing_class":"professional","payments":[{"allowed_amount":93.75,"billing_code_modifier":[""],"providers":[{"billed_charge":150.00,"npi":[1710641360]}]}]},{"tin":{"type":"ein","value":"873493062"},"service_code":["81"],"billing_class":"professional","payments":[{"allowed_amount":93.75,"billing_code_modifier":[""],"providers":[{"billed_charge":200.00,"npi":[1851008296]}]}]},{"tin":{"type":"ein","value":"880099333"},"service_code":["81"],"billing_class":"professional","payments":[{"allowed_amount":93.75,"billing_code_modifier":[""],"providers":[{"billed_charge":100.00,"npi":[1043256886,1437408416,1669484473]}]}]},{"tin":{"type":"ein","value":"880241758"},"service_code":["81"],"billing_class":"professional","payments":[{"allowed_amount":93.75,"billing_code_modifier":[""],"providers":[{"billed_charge":100.00,"npi":[1124417357,1265444855,1356534994,1598714016]}]}]}]}]}
