{"reporting_entity_name": "IEC Group_DBA AmeriBen",
	"reporting_entity_type": "Third Party Administrator",
	"plan_name": "SPECTRIS",
	"plan_id_type": "ein",
	"plan_id": "510363173",
	"plan_market_type": "group",
	"last_updated_on": "2023-06-01","Version": "1.0.0","out_of_network":[{"name":"ADAPTIVE BEHAVIOR TX BY PROTOCOL TECH EA 15 MIN","billing_code_type":"CPT","billing_code_type_version":"2020","billing_code":"97153","description":"ADAPTIVE BEHAVIOR TX BY PROTOCOL TECH EA 15 MIN","allowed_amounts":[{"tin":{"type":"ein","value":"470986503"},"service_code":["10","12"],"billing_class":"professional","payments":[{"allowed_amount":0.00,"billing_code_modifier":[""],"providers":[{"billed_charge":1260.00,"npi":[1295148146,1871855627]},{"billed_charge":315.00,"npi":[1295148146,1871855627]},{"billed_charge":630.00,"npi":[1295148146,1871855627]}]},{"allowed_amount":0.00,"billing_code_modifier":[""],"providers":[{"billed_charge":1260.00,"npi":[1295148146,1871855627]},{"billed_charge":315.00,"npi":[1295148146,1871855627]},{"billed_charge":630.00,"npi":[1295148146,1871855627]}]},{"allowed_amount":0.00,"billing_code_modifier":[""],"providers":[{"billed_charge":1260.00,"npi":[1295148146,1871855627]},{"billed_charge":315.00,"npi":[1295148146,1871855627]},{"billed_charge":630.00,"npi":[1295148146,1871855627]}]}]},{"tin":{"type":"ein","value":"470986503"},"service_code":["12"],"billing_class":"professional","payments":[{"allowed_amount":0.00,"billing_code_modifier":[""],"providers":[{"billed_charge":1260.00,"npi":[1295148146,1871855627]},{"billed_charge":315.00,"npi":[1295148146,1871855627]},{"billed_charge":630.00,"npi":[1295148146,1871855627]}]},{"allowed_amount":0.00,"billing_code_modifier":[""],"providers":[{"billed_charge":1260.00,"npi":[1295148146,1871855627]},{"billed_charge":315.00,"npi":[1295148146,1871855627]},{"billed_charge":630.00,"npi":[1295148146,1871855627]}]},{"allowed_amount":0.00,"billing_code_modifier":[""],"providers":[{"billed_charge":1260.00,"npi":[1295148146,1871855627]},{"billed_charge":315.00,"npi":[1295148146,1871855627]},{"billed_charge":630.00,"npi":[1295148146,1871855627]}]}]},{"tin":{"type":"ein","value":"470986503"},"service_code":["12"],"billing_class":"professional","payments":[{"allowed_amount":0.00,"billing_code_modifier":[""],"providers":[{"billed_charge":1260.00,"npi":[1295148146,1871855627]},{"billed_charge":315.00,"npi":[1295148146,1871855627]},{"billed_charge":630.00,"npi":[1295148146,1871855627]}]},{"allowed_amount":0.00,"billing_code_modifier":[""],"providers":[{"billed_charge":1260.00,"npi":[1295148146,1871855627]},{"billed_charge":315.00,"npi":[1295148146,1871855627]},{"billed_charge":630.00,"npi":[1295148146,1871855627]}]},{"allowed_amount":0.00,"billing_code_modifier":[""],"providers":[{"billed_charge":1260.00,"npi":[1295148146,1871855627]},{"billed_charge":315.00,"npi":[1295148146,1871855627]},{"billed_charge":630.00,"npi":[1295148146,1871855627]}]}]}]},{"name":"IA DET NA;SEV AC RES SYND SARS-COV-2 COVID-19","billing_code_type":"HCPCS","billing_code_type_version":"HCPCS LEVEL II 2021","billing_code":"U0005","description":"IA DET NA;SEV AC RES SYND SARS-COV-2 COVID-19","allowed_amounts":[{"tin":{"type":"ein","value":"463342144"},"service_code":["81"],"billing_class":"professional","payments":[{"allowed_amount":25.00,"billing_code_modifier":[""],"providers":[{"billed_charge":100.00,"npi":[1053541581,1417355678,1487815387]}]}]},{"tin":{"type":"ein","value":"473727159"},"service_code":["81"],"billing_class":"professional","payments":[{"allowed_amount":25.00,"billing_code_modifier":[""],"providers":[{"billed_charge":25.00,"npi":[1053913756,1770727729,1912521568]}]}]},{"tin":{"type":"ein","value":"830814475"},"service_code":["81"],"billing_class":"professional","payments":[{"allowed_amount":25.00,"billing_code_modifier":[""],"providers":[{"billed_charge":30.00,"npi":[1174009245,1689652620]}]}]},{"tin":{"type":"ein","value":"843172409"},"service_code":["81"],"billing_class":"professional","payments":[{"allowed_amount":25.00,"billing_code_modifier":[""],"providers":[{"billed_charge":50.00,"npi":[1003437500,1699755264]}]}]},{"tin":{"type":"ein","value":"845172222"},"service_code":["81"],"billing_class":"professional","payments":[{"allowed_amount":25.00,"billing_code_modifier":[""],"providers":[{"billed_charge":75.00,"npi":[1346769593,1659588762]}]}]},{"tin":{"type":"ein","value":"851262029"},"service_code":["81"],"billing_class":"professional","payments":[{"allowed_amount":25.00,"billing_code_modifier":[""],"providers":[{"billed_charge":100.00,"npi":[1255904207,1609953124]}]}]},{"tin":{"type":"ein","value":"863165150"},"service_code":["81"],"billing_class":"professional","payments":[{"allowed_amount":25.00,"billing_code_modifier":[""],"providers":[{"billed_charge":25.00,"npi":[1467023499,1760986467]}]}]}]},{"name":"PSYCHOTHERAPY W\/PATIENT 45 MINUTES","billing_code_type":"CPT","billing_code_type_version":"2020","billing_code":"90834","description":"PSYCHOTHERAPY W\/PATIENT 45 MINUTES","allowed_amounts":[{"tin":{"type":"ein","value":"275088978"},"service_code":["11"],"billing_class":"professional","payments":[{"allowed_amount":66.00,"billing_code_modifier":[""],"providers":[{"billed_charge":175.00,"npi":[1861812166]}]}]},{"tin":{"type":"ein","value":"853386371"},"service_code":["11"],"billing_class":"professional","payments":[{"allowed_amount":66.00,"billing_code_modifier":[""],"providers":[{"billed_charge":100.00,"npi":[1063029510]}]}]}]},{"name":"SPEC CLCT FOR SARS-COV-2 COVID-19 ANY SPEC SRC","billing_code_type":"HCPCS","billing_code_type_version":"HCPCS LEVEL II 2021","billing_code":"G2023","description":"SPEC CLCT FOR SARS-COV-2 COVID-19 ANY SPEC SRC","allowed_amounts":[{"tin":{"type":"ein","value":"361924025"},"service_code":["21","81"],"billing_class":"professional","payments":[{"allowed_amount":23.46,"billing_code_modifier":[""],"providers":[{"billed_charge":28.99,"npi":[1104831445,1770808909,1962523555]}]}]},{"tin":{"type":"ein","value":"463342144"},"service_code":["81"],"billing_class":"professional","payments":[{"allowed_amount":23.46,"billing_code_modifier":[""],"providers":[{"billed_charge":50.00,"npi":[1053541581,1417355678,1487815387]}]}]},{"tin":{"type":"ein","value":"843172409"},"service_code":["81"],"billing_class":"professional","payments":[{"allowed_amount":23.46,"billing_code_modifier":[""],"providers":[{"billed_charge":50.00,"npi":[1003437500,1699755264]}]}]},{"tin":{"type":"ein","value":"845172222"},"service_code":["81"],"billing_class":"professional","payments":[{"allowed_amount":23.46,"billing_code_modifier":[""],"providers":[{"billed_charge":70.38,"npi":[1346769593,1659588762]}]}]},{"tin":{"type":"ein","value":"851262029"},"service_code":["81"],"billing_class":"professional","payments":[{"allowed_amount":23.46,"billing_code_modifier":[""],"providers":[{"billed_charge":50.00,"npi":[1255904207,1609953124]}]}]},{"tin":{"type":"ein","value":"872263109"},"service_code":["81"],"billing_class":"professional","payments":[{"allowed_amount":23.46,"billing_code_modifier":[""],"providers":[{"billed_charge":118.00,"npi":[1225447030,1265184584]}]}]}]}]}
