{"reporting_entity_name": "IEC Group_DBA AmeriBen",
	"reporting_entity_type": "Third Party Administrator",
	"plan_name": "ARIZONA METROPOLITAN TRUST",
	"plan_id_type": "ein",
	"plan_id": "306316739",
	"plan_market_type": "group",
	"last_updated_on": "2024-06-01","Version": "1.0.0","out_of_network":[{"name":"APPL MODALITY 1+ AREAS ESTIM EA 15 MIN","billing_code_type":"CPT","billing_code_type_version":"2020","billing_code":"97032","description":"APPL MODALITY 1+ AREAS ESTIM EA 15 MIN","allowed_amounts":[{"tin":{"type":"ein","value":"812778770"},"service_code":["11"],"billing_class":"professional","payments":[{"allowed_amount":14.72,"billing_code_modifier":[""],"providers":[{"billed_charge":440.00,"npi":[1154774305,1275119547]}]}]}]},{"name":"APPL MODALITY 1\/> AREAS ELEC STIMJ UNATTENDED","billing_code_type":"CPT","billing_code_type_version":"2020","billing_code":"97014","description":"APPL MODALITY 1\/> AREAS ELEC STIMJ UNATTENDED","allowed_amounts":[{"tin":{"type":"ein","value":"861040114"},"service_code":["11"],"billing_class":"professional","payments":[{"allowed_amount":18.39,"billing_code_modifier":[""],"providers":[{"billed_charge":35.00,"npi":[1194844522]}]}]}]},{"name":"APPL MODALITY 1\/> AREAS TRACTION MECHANICAL","billing_code_type":"CPT","billing_code_type_version":"2020","billing_code":"97012","description":"APPL MODALITY 1\/> AREAS TRACTION MECHANICAL","allowed_amounts":[{"tin":{"type":"ein","value":"812778770"},"service_code":["11"],"billing_class":"professional","payments":[{"allowed_amount":18.24,"billing_code_modifier":[""],"providers":[{"billed_charge":440.00,"npi":[1154774305,1275119547]}]}]},{"tin":{"type":"ein","value":"832619393"},"service_code":["11"],"billing_class":"professional","payments":[{"allowed_amount":17.31,"billing_code_modifier":[""],"providers":[{"billed_charge":43.71,"npi":[1114497864,1245718931]}]}]},{"tin":{"type":"ein","value":"845044322"},"service_code":["11"],"billing_class":"professional","payments":[{"allowed_amount":17.31,"billing_code_modifier":[""],"providers":[{"billed_charge":75.00,"npi":[1316919822]}]}]},{"tin":{"type":"ein","value":"861040114"},"service_code":["11"],"billing_class":"professional","payments":[{"allowed_amount":17.31,"billing_code_modifier":[""],"providers":[{"billed_charge":35.00,"npi":[1194844522]}]}]}]},{"name":"CHIROPRACTIC MANIPLTV TX EXTRASPINAL 1\/> REGION","billing_code_type":"CPT","billing_code_type_version":"2020","billing_code":"98943","description":"CHIROPRACTIC MANIPLTV TX EXTRASPINAL 1\/> REGION","allowed_amounts":[{"tin":{"type":"ein","value":"061643653"},"service_code":["11"],"billing_class":"professional","payments":[{"allowed_amount":37.26,"billing_code_modifier":[""],"providers":[{"billed_charge":70.00,"npi":[1467535286]}]}]},{"tin":{"type":"ein","value":"300393112"},"service_code":["11"],"billing_class":"professional","payments":[{"allowed_amount":38.82,"billing_code_modifier":[""],"providers":[{"billed_charge":50.00,"npi":[1518092360]}]}]},{"tin":{"type":"ein","value":"760797987"},"service_code":["11"],"billing_class":"professional","payments":[{"allowed_amount":38.82,"billing_code_modifier":[""],"providers":[{"billed_charge":40.00,"npi":[1376785055,1841373701]}]}]},{"tin":{"type":"ein","value":"832619393"},"service_code":["11"],"billing_class":"professional","payments":[{"allowed_amount":37.26,"billing_code_modifier":[""],"providers":[{"billed_charge":65.00,"npi":[1114497864,1245718931]}]}]},{"tin":{"type":"ein","value":"832619393"},"service_code":["11"],"billing_class":"professional","payments":[{"allowed_amount":38.82,"billing_code_modifier":[""],"providers":[{"billed_charge":65.00,"npi":[1114497864,1245718931]}]}]},{"tin":{"type":"ein","value":"843837543"},"service_code":["11"],"billing_class":"professional","payments":[{"allowed_amount":38.82,"billing_code_modifier":[""],"providers":[{"billed_charge":75.00,"npi":[1194351379,1548802333]}]}]},{"tin":{"type":"ein","value":"922398520"},"service_code":["11"],"billing_class":"professional","payments":[{"allowed_amount":37.26,"billing_code_modifier":[""],"providers":[{"billed_charge":83.00,"npi":[1043923501,1346933942]}]}]},{"tin":{"type":"ein","value":"922726999"},"service_code":["11"],"billing_class":"professional","payments":[{"allowed_amount":38.82,"billing_code_modifier":[""],"providers":[{"billed_charge":58.21,"npi":[1821260423,1972675262]}]}]},{"tin":{"type":"ein","value":"990438610"},"service_code":["11"],"billing_class":"professional","payments":[{"allowed_amount":37.26,"billing_code_modifier":[""],"providers":[{"billed_charge":75.00,"npi":[1184247256,1194351379]}]}]},{"tin":{"type":"ein","value":"990438610"},"service_code":["11"],"billing_class":"professional","payments":[{"allowed_amount":38.82,"billing_code_modifier":[""],"providers":[{"billed_charge":75.00,"npi":[1184247256,1194351379]}]}]}]},{"name":"CHIROPRACTIC MANIPULATIVE TX SPINAL 3-4 REGIONS","billing_code_type":"CPT","billing_code_type_version":"2020","billing_code":"98941","description":"CHIROPRACTIC MANIPULATIVE TX SPINAL 3-4 REGIONS","allowed_amounts":[{"tin":{"type":"ein","value":"061643653"},"service_code":["11"],"billing_class":"professional","payments":[{"allowed_amount":57.32,"billing_code_modifier":[""],"providers":[{"billed_charge":80.00,"npi":[1467535286]}]}]},{"tin":{"type":"ein","value":"205581984"},"service_code":["11"],"billing_class":"professional","payments":[{"allowed_amount":59.04,"billing_code_modifier":[""],"providers":[{"billed_charge":75.00,"npi":[1750418240,1750575205]}]}]},{"tin":{"type":"ein","value":"300393112"},"service_code":["11"],"billing_class":"professional","payments":[{"allowed_amount":57.32,"billing_code_modifier":[""],"providers":[{"billed_charge":70.00,"npi":[1518092360]}]}]},{"tin":{"type":"ein","value":"300393112"},"service_code":["11"],"billing_class":"professional","payments":[{"allowed_amount":59.04,"billing_code_modifier":[""],"providers":[{"billed_charge":70.00,"npi":[1518092360]}]}]},{"tin":{"type":"ein","value":"454524971"},"service_code":["11"],"billing_class":"professional","payments":[{"allowed_amount":57.32,"billing_code_modifier":[""],"providers":[{"billed_charge":1190.00,"npi":[1023381340,1275119547,1912331158]}]}]},{"tin":{"type":"ein","value":"812778770"},"service_code":["11"],"billing_class":"professional","payments":[{"allowed_amount":50.19,"billing_code_modifier":[""],"providers":[{"billed_charge":1190.00,"npi":[1154774305,1275119547]}]}]},{"tin":{"type":"ein","value":"812778770"},"service_code":["11"],"billing_class":"professional","payments":[{"allowed_amount":59.04,"billing_code_modifier":[""],"providers":[{"billed_charge":1190.00,"npi":[1275119547]}]}]},{"tin":{"type":"ein","value":"832619393"},"service_code":["11"],"billing_class":"professional","payments":[{"allowed_amount":57.32,"billing_code_modifier":[""],"providers":[{"billed_charge":120.00,"npi":[1114497864,1245718931]}]}]},{"tin":{"type":"ein","value":"832619393"},"service_code":["11"],"billing_class":"professional","payments":[{"allowed_amount":59.04,"billing_code_modifier":[""],"providers":[{"billed_charge":120.00,"npi":[1114497864,1245718931]}]}]},{"tin":{"type":"ein","value":"843837543"},"service_code":["11"],"billing_class":"professional","payments":[{"allowed_amount":59.04,"billing_code_modifier":[""],"providers":[{"billed_charge":120.00,"npi":[1194351379,1548802333]}]}]},{"tin":{"type":"ein","value":"845044322"},"service_code":["11"],"billing_class":"professional","payments":[{"allowed_amount":57.32,"billing_code_modifier":[""],"providers":[{"billed_charge":100.00,"npi":[1316919822,1952922668]}]}]},{"tin":{"type":"ein","value":"845044322"},"service_code":["11"],"billing_class":"professional","payments":[{"allowed_amount":59.04,"billing_code_modifier":[""],"providers":[{"billed_charge":100.00,"npi":[1316919822,1952922668]}]}]},{"tin":{"type":"ein","value":"861040114"},"service_code":["11"],"billing_class":"professional","payments":[{"allowed_amount":59.04,"billing_code_modifier":[""],"providers":[{"billed_charge":66.00,"npi":[1194844522]}]}]},{"tin":{"type":"ein","value":"922398520"},"service_code":["11"],"billing_class":"professional","payments":[{"allowed_amount":57.32,"billing_code_modifier":[""],"providers":[{"billed_charge":89.00,"npi":[1043923501,1346933942]}]}]},{"tin":{"type":"ein","value":"922726999"},"service_code":["11"],"billing_class":"professional","payments":[{"allowed_amount":59.04,"billing_code_modifier":[""],"providers":[{"billed_charge":86.18,"npi":[1821260423,1972675262]}]}]},{"tin":{"type":"ein","value":"990438610"},"service_code":["11"],"billing_class":"professional","payments":[{"allowed_amount":57.32,"billing_code_modifier":[""],"providers":[{"billed_charge":120.00,"npi":[1184247256,1194351379]}]}]},{"tin":{"type":"ein","value":"990438610"},"service_code":["11"],"billing_class":"professional","payments":[{"allowed_amount":59.04,"billing_code_modifier":[""],"providers":[{"billed_charge":120.00,"npi":[1184247256,1194351379]}]}]}]},{"name":"PSYCHIATRIC\/PSYCHOLOGICAL SVCS: PARTIAL HOSP - INT","billing_code_type":"RC","billing_code_type_version":"UB04","billing_code":"0913","description":"PSYCHIATRIC\/PSYCHOLOGICAL SVCS: PARTIAL HOSP - INT","allowed_amounts":[{"tin":{"type":"ein","value":"812457339"},"service_code":["22"],"billing_class":"institutional","payments":[{"allowed_amount":2500.00,"billing_code_modifier":[""],"providers":[{"billed_charge":2500.00,"npi":[1861538886,1871949388]}]}]}]},{"name":"THERAPEUT ACTVITY DIRECT PT CONTACT EACH 15 MIN","billing_code_type":"CPT","billing_code_type_version":"2020","billing_code":"97530","description":"THERAPEUT ACTVITY DIRECT PT CONTACT EACH 15 MIN","allowed_amounts":[{"tin":{"type":"ein","value":"861040114"},"service_code":["11"],"billing_class":"professional","payments":[{"allowed_amount":35.00,"billing_code_modifier":[""],"providers":[{"billed_charge":35.00,"npi":[1194844522]}]}]},{"tin":{"type":"ein","value":"922398520"},"service_code":["11"],"billing_class":"professional","payments":[{"allowed_amount":37.59,"billing_code_modifier":[""],"providers":[{"billed_charge":89.00,"npi":[1043923501,1346933942]}]}]},{"tin":{"type":"ein","value":"922398520"},"service_code":["11"],"billing_class":"professional","payments":[{"allowed_amount":53.16,"billing_code_modifier":[""],"providers":[{"billed_charge":89.00,"npi":[1043923501,1346933942]}]}]}]},{"name":"THERAPEUTIC PX 1\/> AREAS EACH 15 MIN EXERCISES","billing_code_type":"CPT","billing_code_type_version":"2020","billing_code":"97110","description":"THERAPEUTIC PX 1\/> AREAS EACH 15 MIN EXERCISES","allowed_amounts":[{"tin":{"type":"ein","value":"300393112"},"service_code":["11"],"billing_class":"professional","payments":[{"allowed_amount":144.62,"billing_code_modifier":[""],"providers":[{"billed_charge":236.00,"npi":[1518092360]}]}]},{"tin":{"type":"ein","value":"843837543"},"service_code":["11"],"billing_class":"professional","payments":[{"allowed_amount":144.62,"billing_code_modifier":[""],"providers":[{"billed_charge":392.00,"npi":[1194351379,1548802333]}]}]},{"tin":{"type":"ein","value":"861040114"},"service_code":["11"],"billing_class":"professional","payments":[{"allowed_amount":33.58,"billing_code_modifier":[""],"providers":[{"billed_charge":35.00,"npi":[1194844522]}]}]},{"tin":{"type":"ein","value":"990438610"},"service_code":["11"],"billing_class":"professional","payments":[{"allowed_amount":144.62,"billing_code_modifier":[""],"providers":[{"billed_charge":392.00,"npi":[1184247256,1194351379]}]}]}]}]}
