{"reporting_entity_name": "IEC Group_DBA AmeriBen",
	"reporting_entity_type": "Third Party Administrator",
	"plan_name": "AJINOMOTO H&N N.A. INC.",
	"plan_id_type": "ein",
	"plan_id": "",
	"plan_market_type": "group",
	"last_updated_on": "2022-08-01","Version": "1.0.0","out_of_network":[{"name":"INFEC AGEN DETEC AMPLI PROBE","billing_code_type":"HCPCS","billing_code_type_version":"HCPCS LEVEL II 2021","billing_code":"U0005","description":"INFEC AGEN DETEC AMPLI PROBE","allowed_amounts":[{"tin":{"type":"ein","value":"320400050"},"service_code":["81"],"billing_class":"professional","payments":[{"allowed_amount":35.00,"billing_code_modifier":[""],"providers":[{"billed_charge":70.00,"npi":[1174964738,1679892871]}]}]},{"tin":{"type":"ein","value":"475458148"},"service_code":["81"],"billing_class":"professional","payments":[{"allowed_amount":35.00,"billing_code_modifier":[""],"providers":[{"billed_charge":100.00,"npi":[1942666367]}]}]},{"tin":{"type":"ein","value":"830546250"},"service_code":["81"],"billing_class":"professional","payments":[{"allowed_amount":35.00,"billing_code_modifier":[""],"providers":[{"billed_charge":150.00,"npi":[1073006144]}]}]},{"tin":{"type":"ein","value":"854370985"},"service_code":["81"],"billing_class":"professional","payments":[{"allowed_amount":35.00,"billing_code_modifier":[""],"providers":[{"billed_charge":50.00,"npi":[1528257045,1811585912]}]}]},{"tin":{"type":"ein","value":"871781622"},"service_code":["81"],"billing_class":"professional","payments":[{"allowed_amount":35.00,"billing_code_modifier":[""],"providers":[{"billed_charge":50.00,"npi":[1093222895,1346813797]}]}]}]},{"name":"PSYCHOTHERAPY W\/PATIENT 60 MINUTES","billing_code_type":"CPT","billing_code_type_version":"2020","billing_code":"90837","description":"PSYCHOTHERAPY W\/PATIENT 60 MINUTES","allowed_amounts":[{"tin":{"type":"ein","value":"862611725"},"service_code":["11"],"billing_class":"professional","payments":[{"allowed_amount":227.64,"billing_code_modifier":[""],"providers":[{"billed_charge":250.00,"npi":[1174807044]}]}]}]},{"name":"SARS-COV-2 COVID-19 AMP PRB HTT","billing_code_type":"HCPCS","billing_code_type_version":"HCPCS LEVEL II 2021","billing_code":"U0003","description":"SARS-COV-2 COVID-19 AMP PRB HTT","allowed_amounts":[{"tin":{"type":"ein","value":"271861731"},"service_code":["81"],"billing_class":"professional","payments":[{"allowed_amount":105.00,"billing_code_modifier":[""],"providers":[{"billed_charge":160.00,"npi":[1225347099,1972515781]}]}]},{"tin":{"type":"ein","value":"320400050"},"service_code":["81"],"billing_class":"professional","payments":[{"allowed_amount":105.00,"billing_code_modifier":[""],"providers":[{"billed_charge":250.00,"npi":[1174964738,1679892871]}]}]},{"tin":{"type":"ein","value":"453194060"},"service_code":["81"],"billing_class":"professional","payments":[{"allowed_amount":105.00,"billing_code_modifier":[""],"providers":[{"billed_charge":225.00,"npi":[1659655124]}]}]},{"tin":{"type":"ein","value":"473727159"},"service_code":["81"],"billing_class":"professional","payments":[{"allowed_amount":105.00,"billing_code_modifier":[""],"providers":[{"billed_charge":125.00,"npi":[1275087124,1710592712,1720606361,1831665231,1912521568]}]}]},{"tin":{"type":"ein","value":"830546250"},"service_code":["81"],"billing_class":"professional","payments":[{"allowed_amount":105.00,"billing_code_modifier":[""],"providers":[{"billed_charge":150.00,"npi":[1073006144]}]}]},{"tin":{"type":"ein","value":"852421177"},"service_code":["81"],"billing_class":"professional","payments":[{"allowed_amount":105.00,"billing_code_modifier":[""],"providers":[{"billed_charge":200.00,"npi":[1043313992,1366048019]}]}]},{"tin":{"type":"ein","value":"871781622"},"service_code":["81"],"billing_class":"professional","payments":[{"allowed_amount":105.00,"billing_code_modifier":[""],"providers":[{"billed_charge":250.00,"npi":[1093222895,1346813797]}]}]}]},{"name":"SPECIMEN COLLECT COVID-19","billing_code_type":"HCPCS","billing_code_type_version":"HCPCS LEVEL II 2021","billing_code":"G2023","description":"SPECIMEN COLLECT COVID-19","allowed_amounts":[{"tin":{"type":"ein","value":"830546250"},"service_code":["81"],"billing_class":"professional","payments":[{"allowed_amount":32.84,"billing_code_modifier":[""],"providers":[{"billed_charge":100.00,"npi":[1073006144]}]}]},{"tin":{"type":"ein","value":"852421177"},"service_code":["81"],"billing_class":"professional","payments":[{"allowed_amount":32.84,"billing_code_modifier":[""],"providers":[{"billed_charge":48.00,"npi":[1043313992,1366048019]}]}]}]}]}
