{"reporting_entity_name": "IEC Group_DBA AmeriBen",
	"reporting_entity_type": "Third Party Administrator",
	"plan_name": "TOLMAR",
	"plan_id_type": "ein",
	"plan_id": "205990340",
	"plan_market_type": "group",
	"last_updated_on": "2023-04-26","Version": "1.0.0","out_of_network":[{"name":"PSYCHOTHERAPY W\/PATIENT 60 MINUTES","billing_code_type":"CPT","billing_code_type_version":"2020","billing_code":"90837","description":"PSYCHOTHERAPY W\/PATIENT 60 MINUTES","allowed_amounts":[{"tin":{"type":"ein","value":"999999999"},"service_code":["11"],"billing_class":"professional","payments":[{"allowed_amount":90.00,"billing_code_modifier":[""],"providers":[{"billed_charge":90.00,"npi":[1013383561,1568921120]}]}]}]}]}
