{"reporting_entity_name": "IEC Group_DBA AmeriBen",
	"reporting_entity_type": "Third Party Administrator",
	"plan_name": "JOSTENS, INC.",
	"plan_id_type": "ein",
	"plan_id": "410343440",
	"plan_market_type": "group",
	"last_updated_on": "2025-01-01","Version": "1.0.0","out_of_network":[{"name":"ASSAY OF IRON","billing_code_type":"CPT","billing_code_type_version":"2020","billing_code":"83540","description":"ASSAY OF IRON","allowed_amounts":[{"tin":{"type":"ein","value":"943357013"},"service_code":["81"],"billing_class":"professional","payments":[{"allowed_amount":7.76,"billing_code_modifier":[""],"providers":[{"billed_charge":78.00,"npi":[1427275239,1982606992]}]}]}]},{"name":"ASSAY OF L7383TRANSFERRIN","billing_code_type":"CPT","billing_code_type_version":"2020","billing_code":"84466","description":"ASSAY OF L7383TRANSFERRIN","allowed_amounts":[{"tin":{"type":"ein","value":"943357013"},"service_code":["81"],"billing_class":"professional","payments":[{"allowed_amount":15.31,"billing_code_modifier":[""],"providers":[{"billed_charge":154.00,"npi":[1427275239,1982606992]}]}]}]},{"name":"ASSAY OF MAGNESIUM","billing_code_type":"CPT","billing_code_type_version":"2020","billing_code":"83735","description":"ASSAY OF MAGNESIUM","allowed_amounts":[{"tin":{"type":"ein","value":"823146637"},"service_code":["81"],"billing_class":"professional","payments":[{"allowed_amount":8.04,"billing_code_modifier":[""],"providers":[{"billed_charge":57.89,"npi":[1124746318,1861994600]}]}]},{"tin":{"type":"ein","value":"853121369"},"service_code":["81"],"billing_class":"professional","payments":[{"allowed_amount":8.04,"billing_code_modifier":[""],"providers":[{"billed_charge":46.90,"npi":[1396779054,1891301073]}]}]},{"tin":{"type":"ein","value":"943357013"},"service_code":["81"],"billing_class":"professional","payments":[{"allowed_amount":8.04,"billing_code_modifier":[""],"providers":[{"billed_charge":81.00,"npi":[1427275239,1982606992]}]}]}]},{"name":"ASSAY OF PARATHORMONE","billing_code_type":"CPT","billing_code_type_version":"2020","billing_code":"83970","description":"ASSAY OF PARATHORMONE","allowed_amounts":[{"tin":{"type":"ein","value":"943357013"},"service_code":["81"],"billing_class":"professional","payments":[{"allowed_amount":49.54,"billing_code_modifier":[""],"providers":[{"billed_charge":496.00,"npi":[1427275239,1982606992]}]}]}]},{"name":"ASSAY OF PHOSPHORUS INORGANIC","billing_code_type":"CPT","billing_code_type_version":"2020","billing_code":"84100","description":"ASSAY OF PHOSPHORUS INORGANIC","allowed_amounts":[{"tin":{"type":"ein","value":"823146637"},"service_code":["81"],"billing_class":"professional","payments":[{"allowed_amount":5.69,"billing_code_modifier":[""],"providers":[{"billed_charge":15.81,"npi":[1124746318,1861994600]}]}]},{"tin":{"type":"ein","value":"943357013"},"service_code":["81"],"billing_class":"professional","payments":[{"allowed_amount":5.69,"billing_code_modifier":[""],"providers":[{"billed_charge":57.00,"npi":[1427275239,1982606992]}]}]}]},{"name":"BLOOD COUNT COMPLETE AUTO&AUTO DIFRNTL WBC","billing_code_type":"CPT","billing_code_type_version":"2020","billing_code":"85025","description":"BLOOD COUNT COMPLETE AUTO&AUTO DIFRNTL WBC","allowed_amounts":[{"tin":{"type":"ein","value":"273385100"},"service_code":["11"],"billing_class":"professional","payments":[{"allowed_amount":9.32,"billing_code_modifier":[""],"providers":[{"billed_charge":12.00,"npi":[1649033036]}]}]},{"tin":{"type":"ein","value":"823146637"},"service_code":["81"],"billing_class":"professional","payments":[{"allowed_amount":9.32,"billing_code_modifier":[""],"providers":[{"billed_charge":25.89,"npi":[1124746318,1285882506,1861994600]}]}]},{"tin":{"type":"ein","value":"853121369"},"service_code":["81"],"billing_class":"professional","payments":[{"allowed_amount":9.32,"billing_code_modifier":[""],"providers":[{"billed_charge":54.39,"npi":[1396779054,1891301073]}]}]},{"tin":{"type":"ein","value":"943357013"},"service_code":["81"],"billing_class":"professional","payments":[{"allowed_amount":9.32,"billing_code_modifier":[""],"providers":[{"billed_charge":94.00,"npi":[1427275239,1982606992]}]}]}]},{"name":"CCPD OPD\/HOME: CCPD COMP OR OTHER RATE","billing_code_type":"RC","billing_code_type_version":"UB04","billing_code":"0851","description":"CCPD OPD\/HOME: CCPD COMP OR OTHER RATE","allowed_amounts":[{"tin":{"type":"ein","value":"464509781"},"service_code":["65"],"billing_class":"institutional","payments":[{"allowed_amount":417.02,"billing_code_modifier":[""],"providers":[{"billed_charge":3388.73,"npi":[1174929434,1679544597]}]}]},{"tin":{"type":"ein","value":"464509781"},"service_code":["65"],"billing_class":"institutional","payments":[{"allowed_amount":417.03,"billing_code_modifier":[""],"providers":[{"billed_charge":3388.73,"npi":[1174929434,1679544597]}]}]},{"tin":{"type":"ein","value":"464509781"},"service_code":["65"],"billing_class":"institutional","payments":[{"allowed_amount":417.41,"billing_code_modifier":[""],"providers":[{"billed_charge":3388.73,"npi":[1174929434,1427275239]}]}]}]},{"name":"COMPREHENSIVE METABOLIC PANEL","billing_code_type":"CPT","billing_code_type_version":"2020","billing_code":"80053","description":"COMPREHENSIVE METABOLIC PANEL","allowed_amounts":[{"tin":{"type":"ein","value":"273385100"},"service_code":["11"],"billing_class":"professional","payments":[{"allowed_amount":12.67,"billing_code_modifier":[""],"providers":[{"billed_charge":16.00,"npi":[1649033036]}]}]},{"tin":{"type":"ein","value":"752613493"},"service_code":["11"],"billing_class":"professional","payments":[{"allowed_amount":12.67,"billing_code_modifier":[""],"providers":[{"billed_charge":47.00,"npi":[1174573596]}]}]},{"tin":{"type":"ein","value":"853121369"},"service_code":["81"],"billing_class":"professional","payments":[{"allowed_amount":12.67,"billing_code_modifier":[""],"providers":[{"billed_charge":73.92,"npi":[1396779054,1891301073]}]}]},{"tin":{"type":"ein","value":"943357013"},"service_code":["81"],"billing_class":"professional","payments":[{"allowed_amount":12.67,"billing_code_modifier":[""],"providers":[{"billed_charge":127.00,"npi":[1427275239,1982606992]}]}]}]},{"name":"CREATININE OTHER SOURCE","billing_code_type":"CPT","billing_code_type_version":"2020","billing_code":"82570","description":"CREATININE OTHER SOURCE","allowed_amounts":[{"tin":{"type":"ein","value":"943357013"},"service_code":["81"],"billing_class":"professional","payments":[{"allowed_amount":6.22,"billing_code_modifier":[""],"providers":[{"billed_charge":63.00,"npi":[1427275239,1982606992]}]}]}]},{"name":"DRUG TEST DEF 1-7 CLASSES","billing_code_type":"HCPCS","billing_code_type_version":"HCPCS LEVEL II 2021","billing_code":"G0480","description":"DRUG TEST DEF 1-7 CLASSES","allowed_amounts":[{"tin":{"type":"ein","value":"823146637"},"service_code":["81"],"billing_class":"professional","payments":[{"allowed_amount":137.32,"billing_code_modifier":[""],"providers":[{"billed_charge":779.86,"npi":[1124746318,1861994600]}]}]},{"tin":{"type":"ein","value":"853121369"},"service_code":["81"],"billing_class":"professional","payments":[{"allowed_amount":137.32,"billing_code_modifier":[""],"providers":[{"billed_charge":2500.00,"npi":[1396779054,1891301073]}]}]}]},{"name":"DRUG TST PRSMV INSTRMNT CHEM ANALYZERS PR DATE","billing_code_type":"CPT","billing_code_type_version":"2020","billing_code":"80307","description":"DRUG TST PRSMV INSTRMNT CHEM ANALYZERS PR DATE","allowed_amounts":[{"tin":{"type":"ein","value":"463888502"},"service_code":["11"],"billing_class":"professional","payments":[{"allowed_amount":74.57,"billing_code_modifier":[""],"providers":[{"billed_charge":497.12,"npi":[1003246299,1225006752]}]}]},{"tin":{"type":"ein","value":"474815114"},"service_code":["11"],"billing_class":"professional","payments":[{"allowed_amount":74.57,"billing_code_modifier":[""],"providers":[{"billed_charge":99.42,"npi":[1215302245,1801816764]}]}]},{"tin":{"type":"ein","value":"823146637"},"service_code":["81"],"billing_class":"professional","payments":[{"allowed_amount":74.57,"billing_code_modifier":[""],"providers":[{"billed_charge":2277.20,"npi":[1124746318,1861994600,1932454709]}]}]},{"tin":{"type":"ein","value":"853121369"},"service_code":["81"],"billing_class":"professional","payments":[{"allowed_amount":74.57,"billing_code_modifier":[""],"providers":[{"billed_charge":2300.00,"npi":[1396779054,1891301073]}]}]}]},{"name":"IAAD IA HEPATITIS B SURFACE ANTIGEN","billing_code_type":"CPT","billing_code_type_version":"2020","billing_code":"87340","description":"IAAD IA HEPATITIS B SURFACE ANTIGEN","allowed_amounts":[{"tin":{"type":"ein","value":"943357013"},"service_code":["81"],"billing_class":"professional","payments":[{"allowed_amount":12.40,"billing_code_modifier":[""],"providers":[{"billed_charge":124.00,"npi":[1427275239,1982606992]}]}]}]},{"name":"LACTATE DEHYDROGENASE LDH","billing_code_type":"CPT","billing_code_type_version":"2020","billing_code":"83615","description":"LACTATE DEHYDROGENASE LDH","allowed_amounts":[{"tin":{"type":"ein","value":"943357013"},"service_code":["81"],"billing_class":"professional","payments":[{"allowed_amount":7.25,"billing_code_modifier":[""],"providers":[{"billed_charge":73.00,"npi":[1427275239,1982606992]}]}]}]},{"name":"PSYCHIATRIC\/PSYCHOLOGICAL SVCS: PARTIAL HOSP - LES","billing_code_type":"RC","billing_code_type_version":"UB04","billing_code":"0912","description":"PSYCHIATRIC\/PSYCHOLOGICAL SVCS: PARTIAL HOSP - LES","allowed_amounts":[{"tin":{"type":"ein","value":"883884559"},"service_code":["22"],"billing_class":"institutional","payments":[{"allowed_amount":817.16,"billing_code_modifier":[""],"providers":[{"billed_charge":3350.00,"npi":[1801816764,1922794023]}]}]},{"tin":{"type":"ein","value":"883884559"},"service_code":["22"],"billing_class":"institutional","payments":[{"allowed_amount":3350.00,"billing_code_modifier":[""],"providers":[{"billed_charge":3350.00,"npi":[1801816764,1922794023]}]}]}]},{"name":"PSYCHIATRIC\/PSYCHOLOGICAL TRT: INTENSIVE OUTPATIEN","billing_code_type":"RC","billing_code_type_version":"UB04","billing_code":"0905","description":"PSYCHIATRIC\/PSYCHOLOGICAL TRT: INTENSIVE OUTPATIEN","allowed_amounts":[{"tin":{"type":"ein","value":"883884559"},"service_code":["22"],"billing_class":"institutional","payments":[{"allowed_amount":2825.00,"billing_code_modifier":[""],"providers":[{"billed_charge":2825.00,"npi":[1801816764,1922794023]}]}]}]},{"name":"RESIDENTIAL TREATMENT-CHEMICAL DEPENDENCY","billing_code_type":"RC","billing_code_type_version":"UB04","billing_code":"1002","description":"RESIDENTIAL TREATMENT-CHEMICAL DEPENDENCY","allowed_amounts":[{"tin":{"type":"ein","value":"821326541"},"service_code":["21"],"billing_class":"institutional","payments":[{"allowed_amount":1590.94,"billing_code_modifier":[""],"providers":[{"billed_charge":5095.00,"npi":[1790286425,1922250554]}]}]}]},{"name":"RESIDENTIAL TREATMENT-PSYCHIATRIC","billing_code_type":"RC","billing_code_type_version":"UB04","billing_code":"1001","description":"RESIDENTIAL TREATMENT-PSYCHIATRIC","allowed_amounts":[{"tin":{"type":"ein","value":"852276924"},"service_code":["21"],"billing_class":"institutional","payments":[{"allowed_amount":1558.12,"billing_code_modifier":[""],"providers":[{"billed_charge":4950.00,"npi":[1285882506,1619650926]}]}]},{"tin":{"type":"ein","value":"852831756"},"service_code":["21"],"billing_class":"institutional","payments":[{"allowed_amount":1625.96,"billing_code_modifier":[""],"providers":[{"billed_charge":5175.00,"npi":[1770350118,1801816764]}]}]}]}]}
