{"reporting_entity_name": "IEC Group_DBA AmeriBen",
	"reporting_entity_type": "Third Party Administrator",
	"plan_name": "ARIZONA LOCAL GOVERNMENT EBT",
	"plan_id_type": "ein",
	"plan_id": "860765362",
	"plan_market_type": "group",
	"last_updated_on": "2023-04-26","Version": "1.0.0","out_of_network":[{"name":"CT ABDOMEN & PELVIS W\/CONTRAST MATERIAL","billing_code_type":"CPT","billing_code_type_version":"2020","billing_code":"74177","description":"CT ABDOMEN & PELVIS W\/CONTRAST MATERIAL","allowed_amounts":[{"tin":{"type":"ein","value":"845116186"},"service_code":["21","22","23"],"billing_class":"professional","payments":[{"allowed_amount":850.50,"billing_code_modifier":[""],"providers":[{"billed_charge":1215.00,"npi":[1033745708,1134569957,1154556348,1164470621,1164877148,1184687451,1235371725,1245284983,1326336843,1356503478,1487607784,1750332854,1851927669,1871566521,1891190062,1912082637]}]}]}]},{"name":"IAAD IA SEVERE AQT RESPIR SYND CORONAVIRUS","billing_code_type":"CPT","billing_code_type_version":"2020","billing_code":"87426","description":"IAAD IA SEVERE AQT RESPIR SYND CORONAVIRUS","allowed_amounts":[{"tin":{"type":"ein","value":"852564108"},"service_code":["11"],"billing_class":"professional","payments":[{"allowed_amount":44.20,"billing_code_modifier":[""],"providers":[{"billed_charge":68.00,"npi":[1053901256,1639311509]}]}]},{"tin":{"type":"ein","value":"852564108"},"service_code":["11"],"billing_class":"professional","payments":[{"allowed_amount":66.30,"billing_code_modifier":[""],"providers":[{"billed_charge":102.00,"npi":[1053901256,1639311509]}]}]}]},{"name":"LABORATORY - CLINICAL DIAGNOSTIC","billing_code_type":"RC","billing_code_type_version":"UB04","billing_code":"0300","description":"LABORATORY - CLINICAL DIAGNOSTIC","allowed_amounts":[{"tin":{"type":"ein","value":"860817397"},"service_code":["22"],"billing_class":"institutional","payments":[{"allowed_amount":56.00,"billing_code_modifier":[""],"providers":[{"billed_charge":70.00,"npi":[1043744121,1255745113,1477876639,1518458389,1639602733]}]}]}]},{"name":"RADIOLOGIC EXAM CHEST SINGLE VIEW","billing_code_type":"CPT","billing_code_type_version":"2020","billing_code":"71045","description":"RADIOLOGIC EXAM CHEST SINGLE VIEW","allowed_amounts":[{"tin":{"type":"ein","value":"845116186"},"service_code":["21","22","23"],"billing_class":"professional","payments":[{"allowed_amount":88.20,"billing_code_modifier":[""],"providers":[{"billed_charge":126.00,"npi":[1033745708,1194713263,1194766543,1205197829,1205895505,1326018359,1366978876,1467504027,1487916086,1578851374,1588601371,1659457281,1831143247,1871566521,1881909356,1891012696,1891190062,1962517656]}]}]}]},{"name":"THERAPEUTIC PX 1\/> AREAS EACH 15 MIN EXERCISES","billing_code_type":"CPT","billing_code_type_version":"2020","billing_code":"97110","description":"THERAPEUTIC PX 1\/> AREAS EACH 15 MIN EXERCISES","allowed_amounts":[{"tin":{"type":"ein","value":"200453020"},"service_code":["11"],"billing_class":"professional","payments":[{"allowed_amount":73.60,"billing_code_modifier":[""],"providers":[{"billed_charge":92.00,"npi":[1083878615,1457690752,1497740187,1760685226,1861458077]}]}]}]}]}
