{"reporting_entity_name": "IEC Group_DBA AmeriBen",
	"reporting_entity_type": "Third Party Administrator",
	"plan_name": "ISEC INC",
	"plan_id_type": "ein",
	"plan_id": "840577348",
	"plan_market_type": "group",
	"last_updated_on": "2023-06-01","Version": "1.0.0","out_of_network":[{"name":"CHIROPRACTIC MANIPULATIVE TX SPINAL 3-4 REGIONS","billing_code_type":"CPT","billing_code_type_version":"2020","billing_code":"98941","description":"CHIROPRACTIC MANIPULATIVE TX SPINAL 3-4 REGIONS","allowed_amounts":[{"tin":{"type":"ein","value":"330701250"},"service_code":["11"],"billing_class":"professional","payments":[{"allowed_amount":41.00,"billing_code_modifier":[""],"providers":[{"billed_charge":70.00,"npi":[1033274311,1689863714]}]}]},{"tin":{"type":"ein","value":"900763590"},"service_code":["11"],"billing_class":"professional","payments":[{"allowed_amount":41.00,"billing_code_modifier":[""],"providers":[{"billed_charge":41.00,"npi":[1245514421,1376610709]}]}]}]}]}
