{"reporting_entity_name": "IEC Group_DBA AmeriBen",
	"reporting_entity_type": "Third Party Administrator",
	"plan_name": "LIPPERT",
	"plan_id_type": "ein",
	"plan_id": "133966839",
	"plan_market_type": "group",
	"last_updated_on": "2023-07-01","Version": "1.0.0","out_of_network":[{"name":"CCPD OPD\/HOME: CCPD COMP OR OTHER RATE","billing_code_type":"RC","billing_code_type_version":"UB04","billing_code":"0851","description":"CCPD OPD\/HOME: CCPD COMP OR OTHER RATE","allowed_amounts":[{"tin":{"type":"ein","value":"471450383"},"service_code":["65"],"billing_class":"institutional","payments":[{"allowed_amount":306.29,"billing_code_modifier":[""],"providers":[{"billed_charge":4134.43,"npi":[1154524338,1497128946]}]}]}]},{"name":"CHIROPRACTIC MANIPULATIVE TX SPINAL 3-4 REGIONS","billing_code_type":"CPT","billing_code_type_version":"2020","billing_code":"98941","description":"CHIROPRACTIC MANIPULATIVE TX SPINAL 3-4 REGIONS","allowed_amounts":[{"tin":{"type":"ein","value":"270051122"},"service_code":["11"],"billing_class":"professional","payments":[{"allowed_amount":45.00,"billing_code_modifier":[""],"providers":[{"billed_charge":45.00,"npi":[1992753230]}]}]},{"tin":{"type":"ein","value":"351860150"},"service_code":["11"],"billing_class":"professional","payments":[{"allowed_amount":45.00,"billing_code_modifier":[""],"providers":[{"billed_charge":45.00,"npi":[1497899454,1861763633]}]}]},{"tin":{"type":"ein","value":"352192086"},"service_code":["11"],"billing_class":"professional","payments":[{"allowed_amount":45.00,"billing_code_modifier":[""],"providers":[{"billed_charge":45.00,"npi":[1700188059,1811206733]}]}]}]}]}
