{"reporting_entity_name": "IEC Group_DBA AmeriBen",
	"reporting_entity_type": "Third Party Administrator",
	"plan_name": "ZAXBYS FRANCHISING LLC",
	"issuer_name": "IEC Group_DBA AmeriBen",
	"plan_sponsor_name": "ZAXBYS FRANCHISING LLC",
	"plan_id_type": "ein",
	"plan_id": "582129090",
	"plan_market_type": "group",
	"last_updated_on": "2026-02-01","reporting_period": {
		"start_date": "2025-08-05",
		"end_date": "2025-11-03"
	},"version": "2.0.0","out_of_network":[{"name":"25 HYDROXY INCLUDES FRACTIONS IF PERFORMED","billing_code_type":"CPT","billing_code_type_version":"2020","billing_code":"82306","description":"25 HYDROXY INCLUDES FRACTIONS IF PERFORMED","allowed_amounts":[{"tin":{"type":"ein","value":"471359076"},"service_code":["81"],"billing_class":"professional","setting":"outpatient","payments":[{"allowed_amount":14.26,"providers":[{"billed_charge":88.80,"npi":[1134538713,1417751868,1427401298]}]}]},{"tin":{"type":"ein","value":"823971792"},"service_code":["81"],"billing_class":"professional","setting":"outpatient","payments":[{"allowed_amount":12.84,"providers":[{"billed_charge":44.40,"npi":[1114435492,1891292249]}]}]}]},{"name":"AMB SERVICE BLS EMERGENCY TRANSPORT","billing_code_type":"HCPCS","billing_code_type_version":"HCPCS LEVEL II 2021","billing_code":"A0429","description":"AMB SERVICE BLS EMERGENCY TRANSPORT","allowed_amounts":[{"tin":{"type":"ein","value":"566000309"},"service_code":["41"],"billing_class":"professional","setting":"outpatient","payments":[{"allowed_amount":647.58,"providers":[{"billed_charge":647.58,"npi":[1952349847]}]}]},{"tin":{"type":"ein","value":"576000356"},"service_code":["41"],"billing_class":"professional","setting":"outpatient","payments":[{"allowed_amount":331.00,"providers":[{"billed_charge":782.89,"npi":[1871530667]}]}]},{"tin":{"type":"ein","value":"581036407"},"service_code":["41"],"billing_class":"professional","setting":"outpatient","payments":[{"allowed_amount":453.73,"providers":[{"billed_charge":2018.01,"npi":[1962452870]}]}]}]},{"name":"AMB SERVICE BLS NONEMERG TRANSPORT","billing_code_type":"HCPCS","billing_code_type_version":"HCPCS LEVEL II 2021","billing_code":"A0428","description":"AMB SERVICE BLS NONEMERG TRANSPORT","allowed_amounts":[{"tin":{"type":"ein","value":"474231144"},"service_code":["41"],"billing_class":"professional","setting":"outpatient","payments":[{"allowed_amount":283.57,"providers":[{"billed_charge":795.00,"npi":[1710353636]}]}]}]},{"name":"ASSAY OF FREE THYROXINE","billing_code_type":"CPT","billing_code_type_version":"2020","billing_code":"84439","description":"ASSAY OF FREE THYROXINE","allowed_amounts":[{"tin":{"type":"ein","value":"471359076"},"service_code":["81"],"billing_class":"professional","setting":"outpatient","payments":[{"allowed_amount":4.34,"providers":[{"billed_charge":27.06,"npi":[1134538713,1427401298]}]}]}]},{"name":"ASSAY OF PROSTATE SPECIFIC ANTIGEN TOTAL","billing_code_type":"CPT","billing_code_type_version":"2020","billing_code":"84153","description":"ASSAY OF PROSTATE SPECIFIC ANTIGEN TOTAL","allowed_amounts":[{"tin":{"type":"ein","value":"810576059"},"service_code":["81"],"billing_class":"professional","setting":"outpatient","payments":[{"allowed_amount":8.86,"providers":[{"billed_charge":77.10,"npi":[1164726329,1235186800]}]}]}]},{"name":"ASSAY OF THYROID STIMULATING HORMONE TSH","billing_code_type":"CPT","billing_code_type_version":"2020","billing_code":"84443","description":"ASSAY OF THYROID STIMULATING HORMONE TSH","allowed_amounts":[{"tin":{"type":"ein","value":"823971792"},"service_code":["81"],"billing_class":"professional","setting":"outpatient","payments":[{"allowed_amount":7.28,"providers":[{"billed_charge":25.20,"npi":[1114435492,1891292249]}]}]}]},{"name":"ASSAY OF THYROXINE TOTAL","billing_code_type":"CPT","billing_code_type_version":"2020","billing_code":"84436","description":"ASSAY OF THYROXINE TOTAL","allowed_amounts":[{"tin":{"type":"ein","value":"823971792"},"service_code":["81"],"billing_class":"professional","setting":"outpatient","payments":[{"allowed_amount":2.59,"providers":[{"billed_charge":10.31,"npi":[1114435492,1891292249]}]}]}]},{"name":"ASSAY OF TRIIODOTHYRONINE T3 FREE","billing_code_type":"CPT","billing_code_type_version":"2020","billing_code":"84481","description":"ASSAY OF TRIIODOTHYRONINE T3 FREE","allowed_amounts":[{"tin":{"type":"ein","value":"823971792"},"service_code":["81"],"billing_class":"professional","setting":"outpatient","payments":[{"allowed_amount":6.40,"providers":[{"billed_charge":25.41,"npi":[1114435492,1891292249]}]}]}]},{"name":"ASSAY OF TRIIODOTHYRONINE T3 TOTAL TT3","billing_code_type":"CPT","billing_code_type_version":"2020","billing_code":"84480","description":"ASSAY OF TRIIODOTHYRONINE T3 TOTAL TT3","allowed_amounts":[{"tin":{"type":"ein","value":"823971792"},"service_code":["81"],"billing_class":"professional","setting":"outpatient","payments":[{"allowed_amount":0.00,"providers":[{"billed_charge":21.27,"npi":[1114435492,1891292249]}]}]}]},{"name":"BASIC METABOLIC PANEL CALCIUM TOTAL","billing_code_type":"CPT","billing_code_type_version":"2020","billing_code":"80048","description":"BASIC METABOLIC PANEL CALCIUM TOTAL","allowed_amounts":[{"tin":{"type":"ein","value":"201236503"},"service_code":["81"],"billing_class":"professional","setting":"outpatient","payments":[{"allowed_amount":3.55,"providers":[{"billed_charge":33.84,"npi":[1225110497,1780024596]}]}]}]},{"name":"COLLECTION VENOUS BLOOD VENIPUNCTURE","billing_code_type":"CPT","billing_code_type_version":"2020","billing_code":"36415","description":"COLLECTION VENOUS BLOOD VENIPUNCTURE","allowed_amounts":[{"tin":{"type":"ein","value":"201236503"},"service_code":["81"],"billing_class":"professional","setting":"outpatient","payments":[{"allowed_amount":1.02,"providers":[{"billed_charge":34.28,"npi":[1225110497,1780024596]}]}]},{"tin":{"type":"ein","value":"471359076"},"service_code":["81"],"billing_class":"professional","setting":"outpatient","payments":[{"allowed_amount":1.02,"providers":[{"billed_charge":27.27,"npi":[1134538713,1417751868,1427401298]}]}]}]},{"name":"CREATININE OTHER SOURCE","billing_code_type":"CPT","billing_code_type_version":"2020","billing_code":"82570","description":"CREATININE OTHER SOURCE","allowed_amounts":[{"tin":{"type":"ein","value":"471359076"},"service_code":["81"],"billing_class":"professional","setting":"outpatient","payments":[{"allowed_amount":2.18,"providers":[{"billed_charge":15.54,"npi":[1134538713,1417751868]}]}]}]},{"name":"CRITICAL CARE ILL\/INJURED PATIENT INIT 30-74 MIN","billing_code_type":"CPT","billing_code_type_version":"2020","billing_code":"99291","description":"CRITICAL CARE ILL\/INJURED PATIENT INIT 30-74 MIN","allowed_amounts":[{"tin":{"type":"ein","value":"650691102"},"service_code":["23"],"billing_class":"professional","setting":"outpatient","payments":[{"allowed_amount":328.32,"providers":[{"billed_charge":2101.00,"npi":[1023219342,1861430555,1912951963]}]}]}]},{"name":"CT ABDOMEN & PELVIS W\/CONTRAST MATERIAL","billing_code_type":"CPT","billing_code_type_version":"2020","billing_code":"74177","description":"CT ABDOMEN & PELVIS W\/CONTRAST MATERIAL","allowed_amounts":[{"tin":{"type":"ein","value":"332036791"},"service_code":["23"],"billing_class":"professional","setting":"outpatient","payments":[{"allowed_amount":245.76,"providers":[{"billed_charge":371.00,"npi":[1245206887,1841015245,1891333258]}]}]}]},{"name":"CULTURE BACTERIAL QUANTTATIVE COLONY COUNT URINE","billing_code_type":"CPT","billing_code_type_version":"2020","billing_code":"87086","description":"CULTURE BACTERIAL QUANTTATIVE COLONY COUNT URINE","allowed_amounts":[{"tin":{"type":"ein","value":"810576059"},"service_code":["81"],"billing_class":"professional","setting":"outpatient","payments":[{"allowed_amount":3.38,"providers":[{"billed_charge":33.84,"npi":[1164726329,1235186800]}]}]}]},{"name":"CULTYP NUC ACID AMP PRB CULT\/ISOLATE EA ORGNISM","billing_code_type":"CPT","billing_code_type_version":"2020","billing_code":"87150","description":"CULTYP NUC ACID AMP PRB CULT\/ISOLATE EA ORGNISM","allowed_amounts":[{"tin":{"type":"ein","value":"883965242"},"service_code":["81"],"billing_class":"professional","setting":"outpatient","payments":[{"allowed_amount":151.72,"providers":[{"billed_charge":840.00,"npi":[1194448407,1760420202]}]}]}]},{"name":"CYANOCOBALAMIN VITAMIN B-12","billing_code_type":"CPT","billing_code_type_version":"2020","billing_code":"82607","description":"CYANOCOBALAMIN VITAMIN B-12","allowed_amounts":[{"tin":{"type":"ein","value":"823971792"},"service_code":["81"],"billing_class":"professional","setting":"outpatient","payments":[{"allowed_amount":6.53,"providers":[{"billed_charge":22.62,"npi":[1114435492,1891292249]}]}]}]},{"name":"CYTP C\/V AUTO THIN LYR PREPJ SCR MNL RESCR PHYS","billing_code_type":"CPT","billing_code_type_version":"2020","billing_code":"88175","description":"CYTP C\/V AUTO THIN LYR PREPJ SCR MNL RESCR PHYS","allowed_amounts":[{"tin":{"type":"ein","value":"352037910"},"service_code":["81"],"billing_class":"professional","setting":"outpatient","payments":[{"allowed_amount":18.54,"providers":[{"billed_charge":45.00,"npi":[1023098928,1801959267]}]}]}]},{"name":"DR TST DEFIN DR ID M P D 1-7 DR CL","billing_code_type":"HCPCS","billing_code_type_version":"HCPCS LEVEL II 2021","billing_code":"G0480","description":"DR TST DEFIN DR ID M P D 1-7 DR CL","allowed_amounts":[{"tin":{"type":"ein","value":"273012584"},"service_code":["81"],"billing_class":"professional","setting":"outpatient","payments":[{"allowed_amount":24.15,"providers":[{"billed_charge":115.00,"npi":[1104255215,1376076224]}]}]},{"tin":{"type":"ein","value":"365093619"},"service_code":["81"],"billing_class":"professional","setting":"outpatient","payments":[{"allowed_amount":266.23,"providers":[{"billed_charge":344.00,"npi":[1043385123,1962266890]}]}]},{"tin":{"type":"ein","value":"465081856"},"service_code":["81"],"billing_class":"professional","setting":"outpatient","payments":[{"allowed_amount":38.90,"providers":[{"billed_charge":572.15,"npi":[1053329268,1336556745]}]}]}]},{"name":"DRAINAGE FINGER ABSCESS SIMPLE","billing_code_type":"CPT","billing_code_type_version":"2020","billing_code":"26010","description":"DRAINAGE FINGER ABSCESS SIMPLE","allowed_amounts":[{"tin":{"type":"ein","value":"991799354"},"service_code":["23"],"billing_class":"professional","setting":"outpatient","payments":[{"allowed_amount":352.59,"providers":[{"billed_charge":1810.00,"npi":[1427817881,1508205212,1801857941]}]}]}]},{"name":"DRUG TST PRSMV INSTRMNT CHEM ANALYZERS PR DATE","billing_code_type":"CPT","billing_code_type_version":"2020","billing_code":"80307","description":"DRUG TST PRSMV INSTRMNT CHEM ANALYZERS PR DATE","allowed_amounts":[{"tin":{"type":"ein","value":"273012584"},"service_code":["81"],"billing_class":"professional","setting":"outpatient","payments":[{"allowed_amount":16.84,"providers":[{"billed_charge":65.00,"npi":[1104255215,1376076224]}]}]},{"tin":{"type":"ein","value":"365093619"},"service_code":["81"],"billing_class":"professional","setting":"outpatient","payments":[{"allowed_amount":187.00,"providers":[{"billed_charge":187.00,"npi":[1043385123,1962266890]}]}]},{"tin":{"type":"ein","value":"465081856"},"service_code":["81"],"billing_class":"professional","setting":"outpatient","payments":[{"allowed_amount":27.13,"providers":[{"billed_charge":310.70,"npi":[1053329268,1336556745]}]}]}]},{"name":"EMERGENCY DEPARTMENT VISIT HIGH MDM","billing_code_type":"CPT","billing_code_type_version":"2020","billing_code":"99285","description":"EMERGENCY DEPARTMENT VISIT HIGH MDM","allowed_amounts":[{"tin":{"type":"ein","value":"384082858"},"service_code":["23"],"billing_class":"professional","setting":"outpatient","payments":[{"allowed_amount":315.95,"providers":[{"billed_charge":2194.00,"npi":[1013409721]}]}]},{"tin":{"type":"ein","value":"621130266"},"service_code":["23"],"billing_class":"professional","setting":"outpatient","payments":[{"allowed_amount":367.20,"providers":[{"billed_charge":1800.00,"npi":[1265647812,1427005008,1609443027]}]}]},{"tin":{"type":"ein","value":"650691102"},"service_code":["23"],"billing_class":"professional","setting":"outpatient","payments":[{"allowed_amount":211.51,"providers":[{"billed_charge":1650.00,"npi":[1184005910,1861430555]}]}]},{"tin":{"type":"ein","value":"650691102"},"service_code":["23"],"billing_class":"professional","setting":"outpatient","payments":[{"allowed_amount":214.29,"providers":[{"billed_charge":1650.00,"npi":[1629607809,1861430555]}]}]},{"tin":{"type":"ein","value":"650691102"},"service_code":["23"],"billing_class":"professional","setting":"outpatient","payments":[{"allowed_amount":256.58,"providers":[{"billed_charge":1791.00,"npi":[1023114774,1861430555]}]}]},{"tin":{"type":"ein","value":"650691102"},"service_code":["23"],"billing_class":"professional","setting":"outpatient","payments":[{"allowed_amount":296.52,"providers":[{"billed_charge":1791.00,"npi":[1861430555,1912134180]}]}]},{"tin":{"type":"ein","value":"991799354"},"service_code":["23"],"billing_class":"professional","setting":"outpatient","payments":[{"allowed_amount":256.58,"providers":[{"billed_charge":2263.00,"npi":[1073633657,1427817881,1508205212]}]}]}]},{"name":"EMERGENCY DEPARTMENT VISIT LOW MDM","billing_code_type":"CPT","billing_code_type_version":"2020","billing_code":"99283","description":"EMERGENCY DEPARTMENT VISIT LOW MDM","allowed_amounts":[{"tin":{"type":"ein","value":"863438956"},"service_code":["23"],"billing_class":"professional","setting":"outpatient","payments":[{"allowed_amount":90.09,"providers":[{"billed_charge":1500.00,"npi":[1649326216,1780268748]}]}]}]},{"name":"EMERGENCY DEPARTMENT VISIT MODERATE MDM","billing_code_type":"CPT","billing_code_type_version":"2020","billing_code":"99284","description":"EMERGENCY DEPARTMENT VISIT MODERATE MDM","allowed_amounts":[{"tin":{"type":"ein","value":"611720892"},"service_code":["23"],"billing_class":"professional","setting":"outpatient","payments":[{"allowed_amount":567.00,"providers":[{"billed_charge":1487.00,"npi":[1669808143,1760613319]}]}]},{"tin":{"type":"ein","value":"621130266"},"service_code":["23"],"billing_class":"professional","setting":"outpatient","payments":[{"allowed_amount":206.69,"providers":[{"billed_charge":1206.00,"npi":[1265647812,1427005008,1902425473]}]}]},{"tin":{"type":"ein","value":"650691102"},"service_code":["23"],"billing_class":"professional","setting":"outpatient","payments":[{"allowed_amount":145.15,"providers":[{"billed_charge":1120.00,"npi":[1790363638,1861430555]}]}]},{"tin":{"type":"ein","value":"824361822"},"service_code":["23"],"billing_class":"professional","setting":"outpatient","payments":[{"allowed_amount":139.23,"providers":[{"billed_charge":1024.00,"npi":[1053990788,1174024376]}]}]},{"tin":{"type":"ein","value":"824361822"},"service_code":["23"],"billing_class":"professional","setting":"outpatient","payments":[{"allowed_amount":145.15,"providers":[{"billed_charge":1024.00,"npi":[1174024376,1285131839]}]}]},{"tin":{"type":"ein","value":"824426629"},"service_code":["23"],"billing_class":"professional","setting":"outpatient","payments":[{"allowed_amount":139.23,"providers":[{"billed_charge":1534.00,"npi":[1295895423,1346318011,1790285815]}]}]},{"tin":{"type":"ein","value":"824486211"},"service_code":["23"],"billing_class":"professional","setting":"outpatient","payments":[{"allowed_amount":145.55,"providers":[{"billed_charge":2392.00,"npi":[1194231860,1306325840,1811962756]}]}]},{"tin":{"type":"ein","value":"991100562"},"service_code":["23"],"billing_class":"professional","setting":"outpatient","payments":[{"allowed_amount":132.02,"providers":[{"billed_charge":1024.00,"npi":[1053170605,1275988289,1982600540]}]}]},{"tin":{"type":"ein","value":"991100562"},"service_code":["23"],"billing_class":"professional","setting":"outpatient","payments":[{"allowed_amount":145.15,"providers":[{"billed_charge":1024.00,"npi":[1053170605,1356345136,1982600540]}]}]},{"tin":{"type":"ein","value":"991799354"},"service_code":["23"],"billing_class":"professional","setting":"outpatient","payments":[{"allowed_amount":156.20,"providers":[{"billed_charge":1534.00,"npi":[1427817881,1508205212,1801857941]}]}]},{"tin":{"type":"ein","value":"991799354"},"service_code":["23"],"billing_class":"professional","setting":"outpatient","payments":[{"allowed_amount":175.67,"providers":[{"billed_charge":1534.00,"npi":[1427817881,1669460861]}]}]},{"tin":{"type":"ein","value":"991799354"},"service_code":["23"],"billing_class":"professional","setting":"outpatient","payments":[{"allowed_amount":287.51,"providers":[{"billed_charge":1534.00,"npi":[1336912138,1427817881,1679079842]}]}]}]},{"name":"EMERGENCY ROOM","billing_code_type":"RC","billing_code_type_version":"UB04","billing_code":"0450","description":"EMERGENCY ROOM","allowed_amounts":[{"tin":{"type":"ein","value":"473344271"},"billing_class":"institutional","setting":"inpatient","payments":[{"allowed_amount":0.00,"providers":[{"billed_charge":397.57,"npi":[1003280629]}]}]},{"tin":{"type":"ein","value":"473344271"},"billing_class":"institutional","setting":"inpatient","payments":[{"allowed_amount":1586.91,"providers":[{"billed_charge":4680.50,"npi":[1003280629]}]}]}]},{"name":"FETAL CHROMOSOMAL ANEUPLOIDY GENOMIC SEQ ANALYS","billing_code_type":"CPT","billing_code_type_version":"2020","billing_code":"81420","description":"FETAL CHROMOSOMAL ANEUPLOIDY GENOMIC SEQ ANALYS","allowed_amounts":[{"tin":{"type":"ein","value":"010894487"},"service_code":["81"],"billing_class":"professional","setting":"outpatient","payments":[{"allowed_amount":548.25,"providers":[{"billed_charge":3900.00,"npi":[1235528225,1558672279,1942293154]}]}]}]},{"name":"GENERAL HEALTH PANEL","billing_code_type":"CPT","billing_code_type_version":"2020","billing_code":"80050","description":"GENERAL HEALTH PANEL","allowed_amounts":[{"tin":{"type":"ein","value":"471359076"},"service_code":["81"],"billing_class":"professional","setting":"outpatient","payments":[{"allowed_amount":14.76,"providers":[{"billed_charge":105.39,"npi":[1134538713,1417751868,1427401298]}]}]},{"tin":{"type":"ein","value":"823971792"},"service_code":["81"],"billing_class":"professional","setting":"outpatient","payments":[{"allowed_amount":13.29,"providers":[{"billed_charge":52.70,"npi":[1114435492,1891292249]}]}]}]},{"name":"GONADOTROPIN CHORIONIC QUANTITATIVE","billing_code_type":"CPT","billing_code_type_version":"2020","billing_code":"84702","description":"GONADOTROPIN CHORIONIC QUANTITATIVE","allowed_amounts":[{"tin":{"type":"ein","value":"810576059"},"service_code":["81"],"billing_class":"professional","setting":"outpatient","payments":[{"allowed_amount":6.32,"providers":[{"billed_charge":50.19,"npi":[1235186800,1346703576]}]}]}]},{"name":"GROUND MILEAGE","billing_code_type":"HCPCS","billing_code_type_version":"HCPCS LEVEL II 2021","billing_code":"A0425","description":"GROUND MILEAGE","allowed_amounts":[{"tin":{"type":"ein","value":"474231144"},"service_code":["41"],"billing_class":"professional","setting":"outpatient","payments":[{"allowed_amount":82.26,"providers":[{"billed_charge":117.00,"npi":[1710353636]}]}]},{"tin":{"type":"ein","value":"566000309"},"service_code":["41"],"billing_class":"professional","setting":"outpatient","payments":[{"allowed_amount":46.68,"providers":[{"billed_charge":46.68,"npi":[1952349847]}]}]},{"tin":{"type":"ein","value":"566000309"},"service_code":["41"],"billing_class":"professional","setting":"outpatient","payments":[{"allowed_amount":60.41,"providers":[{"billed_charge":60.41,"npi":[1952349847]}]}]},{"tin":{"type":"ein","value":"576000356"},"service_code":["41"],"billing_class":"professional","setting":"outpatient","payments":[{"allowed_amount":42.60,"providers":[{"billed_charge":100.56,"npi":[1871530667]}]}]},{"tin":{"type":"ein","value":"581036407"},"service_code":["41"],"billing_class":"professional","setting":"outpatient","payments":[{"allowed_amount":82.26,"providers":[{"billed_charge":310.86,"npi":[1962452870]}]}]}]},{"name":"HEMOGLOBIN GLYCOSYLATED A1C","billing_code_type":"CPT","billing_code_type_version":"2020","billing_code":"83036","description":"HEMOGLOBIN GLYCOSYLATED A1C","allowed_amounts":[{"tin":{"type":"ein","value":"471359076"},"service_code":["81"],"billing_class":"professional","setting":"outpatient","payments":[{"allowed_amount":4.68,"providers":[{"billed_charge":29.13,"npi":[1134538713,1427401298]}]}]},{"tin":{"type":"ein","value":"823971792"},"service_code":["81"],"billing_class":"professional","setting":"outpatient","payments":[{"allowed_amount":4.21,"providers":[{"billed_charge":14.57,"npi":[1114435492,1891292249]}]}]}]},{"name":"IADNA CANDIDA SPECIES AMPLIFIED PROBE TQ","billing_code_type":"CPT","billing_code_type_version":"2020","billing_code":"87481","description":"IADNA CANDIDA SPECIES AMPLIFIED PROBE TQ","allowed_amounts":[{"tin":{"type":"ein","value":"852939150"},"service_code":["81"],"billing_class":"professional","setting":"outpatient","payments":[{"allowed_amount":53.75,"providers":[{"billed_charge":275.00,"npi":[1407075880,1841807849]}]}]},{"tin":{"type":"ein","value":"883965242"},"service_code":["81"],"billing_class":"professional","setting":"outpatient","payments":[{"allowed_amount":72.53,"providers":[{"billed_charge":350.00,"npi":[1194448407,1760420202]}]}]}]},{"name":"IADNA NOS AMPLIFIED PROBE TQ EACH ORGANISM","billing_code_type":"CPT","billing_code_type_version":"2020","billing_code":"87798","description":"IADNA NOS AMPLIFIED PROBE TQ EACH ORGANISM","allowed_amounts":[{"tin":{"type":"ein","value":"852939150"},"service_code":["81"],"billing_class":"professional","setting":"outpatient","payments":[{"allowed_amount":139.75,"providers":[{"billed_charge":715.00,"npi":[1407075880,1841807849]}]}]},{"tin":{"type":"ein","value":"883965242"},"service_code":["81"],"billing_class":"professional","setting":"outpatient","payments":[{"allowed_amount":188.57,"providers":[{"billed_charge":910.00,"npi":[1194448407,1760420202]}]}]}]},{"name":"IADNA RESPIRATRY PROBE & REV TRNSCR 3-5 TARGETS","billing_code_type":"CPT","billing_code_type_version":"2020","billing_code":"87631","description":"IADNA RESPIRATRY PROBE & REV TRNSCR 3-5 TARGETS","allowed_amounts":[{"tin":{"type":"ein","value":"934122454"},"service_code":["81"],"billing_class":"professional","setting":"outpatient","payments":[{"allowed_amount":53.85,"providers":[{"billed_charge":142.63,"npi":[1265206155,1912988288]}]}]}]},{"name":"IADNA S AUREUS AMPLIFIED PROBE TQ","billing_code_type":"CPT","billing_code_type_version":"2020","billing_code":"87640","description":"IADNA S AUREUS AMPLIFIED PROBE TQ","allowed_amounts":[{"tin":{"type":"ein","value":"852939150"},"service_code":["81"],"billing_class":"professional","setting":"outpatient","payments":[{"allowed_amount":9.37,"providers":[{"billed_charge":55.00,"npi":[1407075880,1841807849]}]}]},{"tin":{"type":"ein","value":"883965242"},"service_code":["81"],"billing_class":"professional","setting":"outpatient","payments":[{"allowed_amount":12.64,"providers":[{"billed_charge":70.00,"npi":[1194448407,1760420202]}]}]}]},{"name":"IADNA S AUREUS METHICILLIN RESIST AMP PROBE TQ","billing_code_type":"CPT","billing_code_type_version":"2020","billing_code":"87641","description":"IADNA S AUREUS METHICILLIN RESIST AMP PROBE TQ","allowed_amounts":[{"tin":{"type":"ein","value":"852939150"},"service_code":["81"],"billing_class":"professional","setting":"outpatient","payments":[{"allowed_amount":9.37,"providers":[{"billed_charge":55.00,"npi":[1407075880,1841807849]}]}]},{"tin":{"type":"ein","value":"883965242"},"service_code":["81"],"billing_class":"professional","setting":"outpatient","payments":[{"allowed_amount":12.64,"providers":[{"billed_charge":70.00,"npi":[1194448407,1760420202]}]}]}]},{"name":"IADNA STREPTOCOCCUS GROUP A AMPLIFIED PROBE TQ","billing_code_type":"CPT","billing_code_type_version":"2020","billing_code":"87651","description":"IADNA STREPTOCOCCUS GROUP A AMPLIFIED PROBE TQ","allowed_amounts":[{"tin":{"type":"ein","value":"852939150"},"service_code":["81"],"billing_class":"professional","setting":"outpatient","payments":[{"allowed_amount":9.37,"providers":[{"billed_charge":55.00,"npi":[1407075880,1841807849]}]}]}]},{"name":"IADNA STREPTOCOCCUS GROUP B AMPLIFIED PROBE TQ","billing_code_type":"CPT","billing_code_type_version":"2020","billing_code":"87653","description":"IADNA STREPTOCOCCUS GROUP B AMPLIFIED PROBE TQ","allowed_amounts":[{"tin":{"type":"ein","value":"852939150"},"service_code":["81"],"billing_class":"professional","setting":"outpatient","payments":[{"allowed_amount":9.37,"providers":[{"billed_charge":55.00,"npi":[1407075880,1841807849]}]}]},{"tin":{"type":"ein","value":"883965242"},"service_code":["81"],"billing_class":"professional","setting":"outpatient","payments":[{"allowed_amount":12.64,"providers":[{"billed_charge":70.00,"npi":[1194448407,1760420202]}]}]}]},{"name":"IMHCHEM\/IMCYTCHM 1ST SINGLE ANTB STAIN PROCEDURE","billing_code_type":"CPT","billing_code_type_version":"2020","billing_code":"88342","description":"IMHCHEM\/IMCYTCHM 1ST SINGLE ANTB STAIN PROCEDURE","allowed_amounts":[{"tin":{"type":"ein","value":"352037910"},"service_code":["81"],"billing_class":"professional","setting":"outpatient","payments":[{"allowed_amount":51.82,"providers":[{"billed_charge":250.00,"npi":[1023098928,1891973087]}]}]}]},{"name":"INFECTIOUS AGENT DNA\/RNA VANCOMYCIN RESISTANCE","billing_code_type":"CPT","billing_code_type_version":"2020","billing_code":"87500","description":"INFECTIOUS AGENT DNA\/RNA VANCOMYCIN RESISTANCE","allowed_amounts":[{"tin":{"type":"ein","value":"852939150"},"service_code":["81"],"billing_class":"professional","setting":"outpatient","payments":[{"allowed_amount":9.37,"providers":[{"billed_charge":55.00,"npi":[1407075880,1841807849]}]}]},{"tin":{"type":"ein","value":"883965242"},"service_code":["81"],"billing_class":"professional","setting":"outpatient","payments":[{"allowed_amount":12.64,"providers":[{"billed_charge":70.00,"npi":[1194448407,1760420202]}]}]}]},{"name":"LEVEL IV SURG PATHOLOGY GROSS&MICROSCOPIC EXAM","billing_code_type":"CPT","billing_code_type_version":"2020","billing_code":"88305","description":"LEVEL IV SURG PATHOLOGY GROSS&MICROSCOPIC EXAM","allowed_amounts":[{"tin":{"type":"ein","value":"352037910"},"service_code":["81"],"billing_class":"professional","setting":"outpatient","payments":[{"allowed_amount":33.77,"providers":[{"billed_charge":122.00,"npi":[1396141974,1962466565]}]}]},{"tin":{"type":"ein","value":"352037910"},"service_code":["81"],"billing_class":"professional","setting":"outpatient","payments":[{"allowed_amount":67.55,"providers":[{"billed_charge":556.00,"npi":[1023098928,1891973087]}]}]}]},{"name":"LIPID PANEL","billing_code_type":"CPT","billing_code_type_version":"2020","billing_code":"80061","description":"LIPID PANEL","allowed_amounts":[{"tin":{"type":"ein","value":"471359076"},"service_code":["81"],"billing_class":"professional","setting":"outpatient","payments":[{"allowed_amount":7.68,"providers":[{"billed_charge":40.17,"npi":[1134538713,1417751868,1427401298]}]}]},{"tin":{"type":"ein","value":"823971792"},"service_code":["81"],"billing_class":"professional","setting":"outpatient","payments":[{"allowed_amount":6.91,"providers":[{"billed_charge":20.09,"npi":[1114435492,1891292249]}]}]}]},{"name":"MEDICAL\/SURGICAL SUPPLIES","billing_code_type":"RC","billing_code_type_version":"UB04","billing_code":"0270","description":"MEDICAL\/SURGICAL SUPPLIES","allowed_amounts":[{"tin":{"type":"ein","value":"473344271"},"billing_class":"institutional","setting":"inpatient","payments":[{"allowed_amount":0.00,"providers":[{"billed_charge":1.86,"npi":[1003280629]}]}]}]},{"name":"MEDICAL\/SURGICAL SUPPLIES: OTHER SUPPLIES\/DEVICES","billing_code_type":"RC","billing_code_type_version":"UB04","billing_code":"0279","description":"MEDICAL\/SURGICAL SUPPLIES: OTHER SUPPLIES\/DEVICES","allowed_amounts":[{"tin":{"type":"ein","value":"473344271"},"billing_class":"institutional","setting":"inpatient","payments":[{"allowed_amount":0.00,"providers":[{"billed_charge":63.00,"npi":[1003280629]}]}]}]},{"name":"MEDICAL\/SURGICAL SUPPLIES: STERILE SUPPLIES","billing_code_type":"RC","billing_code_type_version":"UB04","billing_code":"0272","description":"MEDICAL\/SURGICAL SUPPLIES: STERILE SUPPLIES","allowed_amounts":[{"tin":{"type":"ein","value":"473344271"},"billing_class":"institutional","setting":"inpatient","payments":[{"allowed_amount":0.00,"providers":[{"billed_charge":18.00,"npi":[1003280629]}]}]}]},{"name":"MENTAL HEALTH ASSESS NON-PHYSICIAN","billing_code_type":"HCPCS","billing_code_type_version":"HCPCS LEVEL II 2021","billing_code":"H0031","description":"MENTAL HEALTH ASSESS NON-PHYSICIAN","allowed_amounts":[{"tin":{"type":"ein","value":"582103295"},"service_code":["53"],"billing_class":"professional","setting":"outpatient","payments":[{"allowed_amount":129.12,"providers":[{"billed_charge":264.00,"npi":[1063464212]}]}]}]},{"name":"MENTL HLTH SRVC PLAN DVLP NON-PHYS","billing_code_type":"HCPCS","billing_code_type_version":"HCPCS LEVEL II 2021","billing_code":"H0032","description":"MENTL HLTH SRVC PLAN DVLP NON-PHYS","allowed_amounts":[{"tin":{"type":"ein","value":"582103295"},"service_code":["53"],"billing_class":"professional","setting":"outpatient","payments":[{"allowed_amount":55.75,"providers":[{"billed_charge":198.00,"npi":[1063464212]}]}]}]},{"name":"MICRODISSECTION PREP IDENTIFIED TARGET MANUAL","billing_code_type":"CPT","billing_code_type_version":"2020","billing_code":"88381","description":"MICRODISSECTION PREP IDENTIFIED TARGET MANUAL","allowed_amounts":[{"tin":{"type":"ein","value":"870514323"},"service_code":["81"],"billing_class":"professional","setting":"outpatient","payments":[{"allowed_amount":54.86,"providers":[{"billed_charge":205.00,"npi":[1295140747,1669484473]}]}]}]},{"name":"MICROSOMAL ANTIBODIES EACH","billing_code_type":"CPT","billing_code_type_version":"2020","billing_code":"86376","description":"MICROSOMAL ANTIBODIES EACH","allowed_amounts":[{"tin":{"type":"ein","value":"823971792"},"service_code":["81"],"billing_class":"professional","setting":"outpatient","payments":[{"allowed_amount":5.49,"providers":[{"billed_charge":21.83,"npi":[1114435492,1891292249]}]}]}]},{"name":"OFFICE\/OUTPATIENT ESTABLISHED LOW MDM 20 MIN","billing_code_type":"CPT","billing_code_type_version":"2020","billing_code":"99213","description":"OFFICE\/OUTPATIENT ESTABLISHED LOW MDM 20 MIN","allowed_amounts":[{"tin":{"type":"ein","value":"582103295"},"service_code":["53"],"billing_class":"professional","setting":"outpatient","payments":[{"allowed_amount":52.50,"providers":[{"billed_charge":150.00,"npi":[1063464212]}]}]}]},{"name":"OFFICE\/OUTPATIENT ESTABLISHED MOD MDM 30 MIN","billing_code_type":"CPT","billing_code_type_version":"2020","billing_code":"99214","description":"OFFICE\/OUTPATIENT ESTABLISHED MOD MDM 30 MIN","allowed_amounts":[{"tin":{"type":"ein","value":"263447487"},"service_code":["10"],"billing_class":"professional","setting":"outpatient","payments":[{"allowed_amount":112.51,"providers":[{"billed_charge":185.00,"npi":[1093291296,1215181300]}]}]}]},{"name":"OFFICE\/OUTPATIENT NEW LOW MDM 30 MINUTES","billing_code_type":"CPT","billing_code_type_version":"2020","billing_code":"99203","description":"OFFICE\/OUTPATIENT NEW LOW MDM 30 MINUTES","allowed_amounts":[{"tin":{"type":"ein","value":"273818647"},"service_code":["11"],"billing_class":"professional","setting":"outpatient","payments":[{"allowed_amount":114.21,"providers":[{"billed_charge":351.00,"npi":[1013487065,1043341043,1275992240]}]}]}]},{"name":"ONCOLOGY COLORECTAL SCREENING QUAN 10 DNA MARKRS","billing_code_type":"CPT","billing_code_type_version":"2020","billing_code":"81528","description":"ONCOLOGY COLORECTAL SCREENING QUAN 10 DNA MARKRS","allowed_amounts":[{"tin":{"type":"ein","value":"463095174"},"service_code":["81"],"billing_class":"professional","setting":"outpatient","payments":[{"allowed_amount":173.02,"providers":[{"billed_charge":681.00,"npi":[1629407069,1851492672]}]}]}]},{"name":"OPHTHALMIC US DX B-SCAN W\/WO NON-QUAN A-SCAN","billing_code_type":"CPT","billing_code_type_version":"2020","billing_code":"76512","description":"OPHTHALMIC US DX B-SCAN W\/WO NON-QUAN A-SCAN","allowed_amounts":[{"tin":{"type":"ein","value":"991799354"},"service_code":["23"],"billing_class":"professional","setting":"outpatient","payments":[{"allowed_amount":43.58,"providers":[{"billed_charge":695.00,"npi":[1427817881,1508205212]}]}]}]},{"name":"OTHER DIAGNOSTIC SERVICES: PREGNANCY TEST","billing_code_type":"RC","billing_code_type_version":"UB04","billing_code":"0925","description":"OTHER DIAGNOSTIC SERVICES: PREGNANCY TEST","allowed_amounts":[{"tin":{"type":"ein","value":"473344271"},"billing_class":"institutional","setting":"inpatient","payments":[{"allowed_amount":0.00,"providers":[{"billed_charge":133.43,"npi":[1003280629]}]}]}]},{"name":"PERIODIC PREVENTIVE MED EST PATIENT 18-39 YRS","billing_code_type":"CPT","billing_code_type_version":"2020","billing_code":"99395","description":"PERIODIC PREVENTIVE MED EST PATIENT 18-39 YRS","allowed_amounts":[{"tin":{"type":"ein","value":"626001445"},"service_code":["71"],"billing_class":"professional","setting":"outpatient","payments":[{"allowed_amount":46.02,"providers":[{"billed_charge":184.09,"npi":[1417119728,1962540880]}]}]}]},{"name":"PHARMACY: NONGENERIC","billing_code_type":"RC","billing_code_type_version":"UB04","billing_code":"0252","description":"PHARMACY: NONGENERIC","allowed_amounts":[{"tin":{"type":"ein","value":"473344271"},"billing_class":"institutional","setting":"inpatient","payments":[{"allowed_amount":0.00,"providers":[{"billed_charge":164.16,"npi":[1003280629]}]}]}]},{"name":"PREV MED CNSL&\/RSK FCTR RDCTJ INDV APPROX 15 MIN","billing_code_type":"CPT","billing_code_type_version":"2020","billing_code":"99401","description":"PREV MED CNSL&\/RSK FCTR RDCTJ INDV APPROX 15 MIN","allowed_amounts":[{"tin":{"type":"ein","value":"863438956"},"service_code":["23"],"billing_class":"professional","setting":"outpatient","payments":[{"allowed_amount":0.00,"providers":[{"billed_charge":896.34,"npi":[1649326216,1780268748]}]}]}]},{"name":"PSYCHOTHERAPY W\/PATIENT 45 MINUTES","billing_code_type":"CPT","billing_code_type_version":"2020","billing_code":"90834","description":"PSYCHOTHERAPY W\/PATIENT 45 MINUTES","allowed_amounts":[{"tin":{"type":"ein","value":"461937884"},"service_code":["10"],"billing_class":"professional","setting":"outpatient","payments":[{"allowed_amount":113.40,"providers":[{"billed_charge":175.00,"npi":[1639454887]}]}]},{"tin":{"type":"ein","value":"461937884"},"service_code":["22"],"billing_class":"professional","setting":"outpatient","payments":[{"allowed_amount":102.17,"providers":[{"billed_charge":175.00,"npi":[1639454887]}]}]}]},{"name":"PSYCHOTHERAPY W\/PATIENT 60 MINUTES","billing_code_type":"CPT","billing_code_type_version":"2020","billing_code":"90837","description":"PSYCHOTHERAPY W\/PATIENT 60 MINUTES","allowed_amounts":[{"tin":{"type":"ein","value":"721523987"},"service_code":["11"],"billing_class":"professional","setting":"outpatient","payments":[{"allowed_amount":0.00,"providers":[{"billed_charge":240.00,"npi":[1326255969]}]}]}]},{"name":"PSYCHOTHERAPY W\/PATIENT W\/E&M SRVCS 30 MIN","billing_code_type":"CPT","billing_code_type_version":"2020","billing_code":"90833","description":"PSYCHOTHERAPY W\/PATIENT W\/E&M SRVCS 30 MIN","allowed_amounts":[{"tin":{"type":"ein","value":"263447487"},"service_code":["10"],"billing_class":"professional","setting":"outpatient","payments":[{"allowed_amount":87.43,"providers":[{"billed_charge":155.00,"npi":[1093291296,1215181300]}]}]}]},{"name":"PULMONARY FUNCTION","billing_code_type":"RC","billing_code_type_version":"UB04","billing_code":"0460","description":"PULMONARY FUNCTION","allowed_amounts":[{"tin":{"type":"ein","value":"473344271"},"billing_class":"institutional","setting":"inpatient","payments":[{"allowed_amount":0.00,"providers":[{"billed_charge":101.21,"npi":[1003280629]}]}]}]},{"name":"RADEX ANKLE COMPLETE MINIMUM 3 VIEWS","billing_code_type":"CPT","billing_code_type_version":"2020","billing_code":"73610","description":"RADEX ANKLE COMPLETE MINIMUM 3 VIEWS","allowed_amounts":[{"tin":{"type":"ein","value":"332036791"},"service_code":["23"],"billing_class":"professional","setting":"outpatient","payments":[{"allowed_amount":20.70,"providers":[{"billed_charge":37.00,"npi":[1174986517,1841015245,1841852894]}]}]}]},{"name":"RADEX HAND MINIMUM 3 VIEWS","billing_code_type":"CPT","billing_code_type_version":"2020","billing_code":"73130","description":"RADEX HAND MINIMUM 3 VIEWS","allowed_amounts":[{"tin":{"type":"ein","value":"332036791"},"service_code":["23"],"billing_class":"professional","setting":"outpatient","payments":[{"allowed_amount":20.70,"providers":[{"billed_charge":37.00,"npi":[1053415364,1548581119,1841015245]}]}]}]},{"name":"RADIOLOGY - DIAGNOSTIC","billing_code_type":"RC","billing_code_type_version":"UB04","billing_code":"0320","description":"RADIOLOGY - DIAGNOSTIC","allowed_amounts":[{"tin":{"type":"ein","value":"473344271"},"billing_class":"institutional","setting":"inpatient","payments":[{"allowed_amount":0.00,"providers":[{"billed_charge":1270.44,"npi":[1003280629]}]}]}]},{"name":"REMV IMP CERUMN SAME DATE FUNCT TST","billing_code_type":"HCPCS","billing_code_type_version":"HCPCS LEVEL II 2021","billing_code":"G0268","description":"REMV IMP CERUMN SAME DATE FUNCT TST","allowed_amounts":[{"tin":{"type":"ein","value":"273818647"},"service_code":["11"],"billing_class":"professional","setting":"outpatient","payments":[{"allowed_amount":62.02,"providers":[{"billed_charge":172.00,"npi":[1013487065,1043341043,1275992240]}]}]}]},{"name":"SYNCHRONOUS AUDIO-ONLY VISIT NEW SF MDM 15 MIN","billing_code_type":"CPT","billing_code_type_version":"2020","billing_code":"98008","description":"SYNCHRONOUS AUDIO-ONLY VISIT NEW SF MDM 15 MIN","allowed_amounts":[{"tin":{"type":"ein","value":"201020949"},"service_code":["10"],"billing_class":"professional","setting":"outpatient","payments":[{"allowed_amount":40.24,"providers":[{"billed_charge":65.00,"npi":[1245403567,1922442755]}]}]}]},{"name":"THYROID HORM UPTK\/THYROID HORMONE BINDING RATIO","billing_code_type":"CPT","billing_code_type_version":"2020","billing_code":"84479","description":"THYROID HORM UPTK\/THYROID HORMONE BINDING RATIO","allowed_amounts":[{"tin":{"type":"ein","value":"823971792"},"service_code":["81"],"billing_class":"professional","setting":"outpatient","payments":[{"allowed_amount":2.44,"providers":[{"billed_charge":9.71,"npi":[1114435492,1891292249]}]}]}]},{"name":"TRANSFUSION BLOOD\/BLOOD COMPONENTS","billing_code_type":"CPT","billing_code_type_version":"2020","billing_code":"36430","description":"TRANSFUSION BLOOD\/BLOOD COMPONENTS","allowed_amounts":[{"tin":{"type":"ein","value":"650691102"},"service_code":["23"],"billing_class":"professional","setting":"outpatient","payments":[{"allowed_amount":73.71,"providers":[{"billed_charge":311.00,"npi":[1023219342,1861430555,1912951963]}]}]}]},{"name":"URINE ALBUMIN QUANTITATIVE","billing_code_type":"CPT","billing_code_type_version":"2020","billing_code":"82043","description":"URINE ALBUMIN QUANTITATIVE","allowed_amounts":[{"tin":{"type":"ein","value":"471359076"},"service_code":["81"],"billing_class":"professional","setting":"outpatient","payments":[{"allowed_amount":2.43,"providers":[{"billed_charge":17.34,"npi":[1134538713,1417751868]}]}]}]},{"name":"URINE PREGNANCY TEST VISUAL COLOR CMPRSN METHS","billing_code_type":"CPT","billing_code_type_version":"2020","billing_code":"81025","description":"URINE PREGNANCY TEST VISUAL COLOR CMPRSN METHS","allowed_amounts":[{"tin":{"type":"ein","value":"626001445"},"service_code":["71"],"billing_class":"professional","setting":"outpatient","payments":[{"allowed_amount":5.55,"providers":[{"billed_charge":11.10,"npi":[1417119728,1962540880]}]}]}]},{"name":"URNLS DIP STICK\/TABLET REAGENT AUTO MICROSCOPY","billing_code_type":"CPT","billing_code_type_version":"2020","billing_code":"81001","description":"URNLS DIP STICK\/TABLET REAGENT AUTO MICROSCOPY","allowed_amounts":[{"tin":{"type":"ein","value":"471359076"},"service_code":["81"],"billing_class":"professional","setting":"outpatient","payments":[{"allowed_amount":1.33,"providers":[{"billed_charge":9.51,"npi":[1134538713,1427401298]}]}]}]}]}
