{"reporting_entity_name": "IEC Group_DBA AmeriBen",
	"reporting_entity_type": "Third Party Administrator",
	"plan_name": "SISC",
	"plan_id_type": "ein",
	"plan_id": "770162263",
	"plan_market_type": "group",
	"last_updated_on": "2023-07-01","Version": "1.0.0","out_of_network":[{"name":"IA DET NA;SEV AC RES SYND SARS-COV-2 COVID-19","billing_code_type":"HCPCS","billing_code_type_version":"HCPCS LEVEL II 2021","billing_code":"U0005","description":"IA DET NA;SEV AC RES SYND SARS-COV-2 COVID-19","allowed_amounts":[{"tin":{"type":"ein","value":"030511037"},"service_code":["81"],"billing_class":"professional","payments":[{"allowed_amount":25.00,"billing_code_modifier":[""],"providers":[{"billed_charge":125.00,"npi":[1790234839,1821110453]}]}]},{"tin":{"type":"ein","value":"133934292"},"service_code":["81"],"billing_class":"professional","payments":[{"allowed_amount":25.00,"billing_code_modifier":[""],"providers":[{"billed_charge":100.00,"npi":[1134316441,1215053962,1942873484]}]}]},{"tin":{"type":"ein","value":"463371474"},"service_code":["81"],"billing_class":"professional","payments":[{"allowed_amount":25.00,"billing_code_modifier":[""],"providers":[{"billed_charge":30.00,"npi":[1558904847,1700212735]}]}]},{"tin":{"type":"ein","value":"831342609"},"service_code":["81"],"billing_class":"professional","payments":[{"allowed_amount":25.00,"billing_code_modifier":[""],"providers":[{"billed_charge":100.00,"npi":[1053541581,1073101028,1487815387]}]}]},{"tin":{"type":"ein","value":"852364612"},"service_code":["81"],"billing_class":"professional","payments":[{"allowed_amount":25.00,"billing_code_modifier":[""],"providers":[{"billed_charge":75.00,"npi":[1740685387,1790386746]}]}]},{"tin":{"type":"ein","value":"853331033"},"service_code":["81"],"billing_class":"professional","payments":[{"allowed_amount":25.00,"billing_code_modifier":[""],"providers":[{"billed_charge":63.00,"npi":[1295814408,1417554098,1982186508]}]}]},{"tin":{"type":"ein","value":"861826385"},"service_code":["81"],"billing_class":"professional","payments":[{"allowed_amount":25.00,"billing_code_modifier":[""],"providers":[{"billed_charge":100.00,"npi":[1346914843]}]}]}]},{"name":"IAADIADOO SEVERE AQT RESPIR SYND CORONAVIRUS","billing_code_type":"CPT","billing_code_type_version":"2020","billing_code":"87811","description":"IAADIADOO SEVERE AQT RESPIR SYND CORONAVIRUS","allowed_amounts":[{"tin":{"type":"ein","value":"874298364"},"service_code":["81"],"billing_class":"professional","payments":[{"allowed_amount":41.38,"billing_code_modifier":[""],"providers":[{"billed_charge":105.99,"npi":[1801523212]},{"billed_charge":124.98,"npi":[1801523212]}]},{"allowed_amount":41.38,"billing_code_modifier":[""],"providers":[{"billed_charge":105.99,"npi":[1801523212]},{"billed_charge":124.98,"npi":[1801523212]}]}]},{"tin":{"type":"ein","value":"874298364"},"service_code":["81"],"billing_class":"professional","payments":[{"allowed_amount":41.38,"billing_code_modifier":[""],"providers":[{"billed_charge":105.99,"npi":[1801523212]},{"billed_charge":124.98,"npi":[1801523212]}]},{"allowed_amount":41.38,"billing_code_modifier":[""],"providers":[{"billed_charge":105.99,"npi":[1801523212]},{"billed_charge":124.98,"npi":[1801523212]}]}]}]},{"name":"IADNA SARS-COV-2 COVID-19 AMPLIFIED PROBE TQ","billing_code_type":"CPT","billing_code_type_version":"2020","billing_code":"87635","description":"IADNA SARS-COV-2 COVID-19 AMPLIFIED PROBE TQ","allowed_amounts":[{"tin":{"type":"ein","value":"874298364"},"service_code":["81"],"billing_class":"professional","payments":[{"allowed_amount":51.31,"billing_code_modifier":[""],"providers":[{"billed_charge":153.93,"npi":[1801523212]}]}]},{"tin":{"type":"ein","value":"941747220"},"service_code":["11"],"billing_class":"professional","payments":[{"allowed_amount":51.31,"billing_code_modifier":[""],"providers":[{"billed_charge":120.00,"npi":[1295752384,1811505092]}]}]}]},{"name":"INF AGT DET DNA\/RNA;SARS-COV-2 COVID-19 AMP P T","billing_code_type":"HCPCS","billing_code_type_version":"HCPCS LEVEL II 2021","billing_code":"U0003","description":"INF AGT DET DNA\/RNA;SARS-COV-2 COVID-19 AMP P T","allowed_amounts":[{"tin":{"type":"ein","value":"030511037"},"service_code":["81"],"billing_class":"professional","payments":[{"allowed_amount":75.00,"billing_code_modifier":[""],"providers":[{"billed_charge":375.00,"npi":[1790234839,1821110453]}]}]},{"tin":{"type":"ein","value":"133934292"},"service_code":["81"],"billing_class":"professional","payments":[{"allowed_amount":75.00,"billing_code_modifier":[""],"providers":[{"billed_charge":300.00,"npi":[1134316441,1215053962,1942873484]}]}]},{"tin":{"type":"ein","value":"852364612"},"service_code":["81"],"billing_class":"professional","payments":[{"allowed_amount":75.00,"billing_code_modifier":[""],"providers":[{"billed_charge":225.00,"npi":[1740685387,1790386746]}]}]},{"tin":{"type":"ein","value":"853331033"},"service_code":["81"],"billing_class":"professional","payments":[{"allowed_amount":75.00,"billing_code_modifier":[""],"providers":[{"billed_charge":187.00,"npi":[1295814408,1417554098,1982186508]}]}]},{"tin":{"type":"ein","value":"861826385"},"service_code":["81"],"billing_class":"professional","payments":[{"allowed_amount":75.00,"billing_code_modifier":[""],"providers":[{"billed_charge":300.00,"npi":[1346914843]}]}]},{"tin":{"type":"ein","value":"880241758"},"service_code":["81"],"billing_class":"professional","payments":[{"allowed_amount":75.00,"billing_code_modifier":[""],"providers":[{"billed_charge":100.00,"npi":[1124417357,1639279417]}]}]}]},{"name":"OFFICE\/OUTPATIENT ESTABLISHED LOW MDM 20-29 MIN","billing_code_type":"CPT","billing_code_type_version":"2020","billing_code":"99213","description":"OFFICE\/OUTPATIENT ESTABLISHED LOW MDM 20-29 MIN","allowed_amounts":[{"tin":{"type":"ein","value":"941747220"},"service_code":["11"],"billing_class":"professional","payments":[{"allowed_amount":120.00,"billing_code_modifier":[""],"providers":[{"billed_charge":120.00,"npi":[1023006715,1104853597,1295752384,1477511228,1629142971,1679864912,1811505092]}]}]}]},{"name":"PSYCHIATRIC\/PSYCHOLOGICAL SVCS: GROUP THERAPY","billing_code_type":"RC","billing_code_type_version":"UB04","billing_code":"0915","description":"PSYCHIATRIC\/PSYCHOLOGICAL SVCS: GROUP THERAPY","allowed_amounts":[{"tin":{"type":"ein","value":"273511307"},"service_code":["22"],"billing_class":"institutional","payments":[{"allowed_amount":192.50,"billing_code_modifier":[""],"providers":[{"billed_charge":550.00,"npi":[1861431595,1962750505]}]}]}]},{"name":"PSYCHIATRIC\/PSYCHOLOGICAL SVCS: PARTIAL HOSP - INT","billing_code_type":"RC","billing_code_type_version":"UB04","billing_code":"0913","description":"PSYCHIATRIC\/PSYCHOLOGICAL SVCS: PARTIAL HOSP - INT","allowed_amounts":[{"tin":{"type":"ein","value":"200617525"},"service_code":["22"],"billing_class":"institutional","payments":[{"allowed_amount":0.00,"billing_code_modifier":[""],"providers":[{"billed_charge":1050.00,"npi":[1467622142,1841516747]}]}]}]},{"name":"PSYCHIATRIC\/PSYCHOLOGICAL TRT: INTENSIVE OUTPATIEN","billing_code_type":"RC","billing_code_type_version":"UB04","billing_code":"0905","description":"PSYCHIATRIC\/PSYCHOLOGICAL TRT: INTENSIVE OUTPATIEN","allowed_amounts":[{"tin":{"type":"ein","value":"830599870"},"service_code":["99"],"billing_class":"institutional","payments":[{"allowed_amount":350.00,"billing_code_modifier":[""],"providers":[{"billed_charge":1000.00,"npi":[1154815033,1962611947]}]}]},{"tin":{"type":"ein","value":"830599870"},"service_code":["99"],"billing_class":"institutional","payments":[{"allowed_amount":620.00,"billing_code_modifier":[""],"providers":[{"billed_charge":1000.00,"npi":[1154815033,1962611947]}]}]}]},{"name":"PSYCHOTHERAPY W\/PATIENT 45 MINUTES","billing_code_type":"CPT","billing_code_type_version":"2020","billing_code":"90834","description":"PSYCHOTHERAPY W\/PATIENT 45 MINUTES","allowed_amounts":[{"tin":{"type":"ein","value":"264279034"},"service_code":["11"],"billing_class":"professional","payments":[{"allowed_amount":150.00,"billing_code_modifier":[""],"providers":[{"billed_charge":150.00,"npi":[1275803983]}]}]},{"tin":{"type":"ein","value":"548333773"},"service_code":["11"],"billing_class":"professional","payments":[{"allowed_amount":140.00,"billing_code_modifier":[""],"providers":[{"billed_charge":140.00,"npi":[1386018026]}]}]},{"tin":{"type":"ein","value":"843049542"},"service_code":["02"],"billing_class":"professional","payments":[{"allowed_amount":150.00,"billing_code_modifier":[""],"providers":[{"billed_charge":150.00,"npi":[1699328476]}]}]},{"tin":{"type":"ein","value":"871026403"},"service_code":["10"],"billing_class":"professional","payments":[{"allowed_amount":150.00,"billing_code_modifier":[""],"providers":[{"billed_charge":150.00,"npi":[1497891634,1669049581]}]}]},{"tin":{"type":"ein","value":"872751585"},"service_code":["02"],"billing_class":"professional","payments":[{"allowed_amount":140.00,"billing_code_modifier":[""],"providers":[{"billed_charge":140.00,"npi":[1700330222]}]}]}]},{"name":"PSYCHOTHERAPY W\/PATIENT 60 MINUTES","billing_code_type":"CPT","billing_code_type_version":"2020","billing_code":"90837","description":"PSYCHOTHERAPY W\/PATIENT 60 MINUTES","allowed_amounts":[{"tin":{"type":"ein","value":"050521872"},"service_code":["02"],"billing_class":"professional","payments":[{"allowed_amount":150.00,"billing_code_modifier":[""],"providers":[{"billed_charge":150.00,"npi":[1992856363]}]}]},{"tin":{"type":"ein","value":"054386865"},"service_code":["02"],"billing_class":"professional","payments":[{"allowed_amount":150.00,"billing_code_modifier":[""],"providers":[{"billed_charge":150.00,"npi":[1174655625]}]}]},{"tin":{"type":"ein","value":"156484690"},"service_code":["11"],"billing_class":"professional","payments":[{"allowed_amount":130.00,"billing_code_modifier":[""],"providers":[{"billed_charge":130.00,"npi":[1134596505]}]}]},{"tin":{"type":"ein","value":"228647902"},"service_code":["11"],"billing_class":"professional","payments":[{"allowed_amount":79.20,"billing_code_modifier":[""],"providers":[{"billed_charge":140.00,"npi":[1073051348]}]}]},{"tin":{"type":"ein","value":"228647902"},"service_code":["11"],"billing_class":"professional","payments":[{"allowed_amount":140.00,"billing_code_modifier":[""],"providers":[{"billed_charge":140.00,"npi":[1073051348]}]}]},{"tin":{"type":"ein","value":"236683144"},"service_code":["11"],"billing_class":"professional","payments":[{"allowed_amount":140.00,"billing_code_modifier":[""],"providers":[{"billed_charge":140.00,"npi":[1902026602]}]}]},{"tin":{"type":"ein","value":"273380441"},"service_code":["11"],"billing_class":"professional","payments":[{"allowed_amount":79.20,"billing_code_modifier":[""],"providers":[{"billed_charge":105.00,"npi":[1265752984]}]}]},{"tin":{"type":"ein","value":"275550457"},"service_code":["11"],"billing_class":"professional","payments":[{"allowed_amount":79.20,"billing_code_modifier":[""],"providers":[{"billed_charge":120.00,"npi":[1770645186]}]}]},{"tin":{"type":"ein","value":"275550457"},"service_code":["11"],"billing_class":"professional","payments":[{"allowed_amount":120.00,"billing_code_modifier":[""],"providers":[{"billed_charge":120.00,"npi":[1770645186]}]}]},{"tin":{"type":"ein","value":"371947960"},"service_code":["11"],"billing_class":"professional","payments":[{"allowed_amount":120.00,"billing_code_modifier":[""],"providers":[{"billed_charge":120.00,"npi":[1790849511]}]}]},{"tin":{"type":"ein","value":"401805087"},"service_code":["02"],"billing_class":"professional","payments":[{"allowed_amount":120.00,"billing_code_modifier":[""],"providers":[{"billed_charge":120.00,"npi":[1295936136]}]}]},{"tin":{"type":"ein","value":"452572636"},"service_code":["11"],"billing_class":"professional","payments":[{"allowed_amount":79.20,"billing_code_modifier":[""],"providers":[{"billed_charge":140.00,"npi":[1073887022,1598291148,1952849622,1972013100]}]}]},{"tin":{"type":"ein","value":"452572636"},"service_code":["11"],"billing_class":"professional","payments":[{"allowed_amount":140.00,"billing_code_modifier":[""],"providers":[{"billed_charge":140.00,"npi":[1043974512,1073887022,1598291148,1952849622,1972013100]}]}]},{"tin":{"type":"ein","value":"455280720"},"service_code":["02"],"billing_class":"professional","payments":[{"allowed_amount":79.20,"billing_code_modifier":[""],"providers":[{"billed_charge":150.00,"npi":[1144313040]}]}]},{"tin":{"type":"ein","value":"455280720"},"service_code":["02"],"billing_class":"professional","payments":[{"allowed_amount":130.00,"billing_code_modifier":[""],"providers":[{"billed_charge":130.00,"npi":[1144313040]}]}]},{"tin":{"type":"ein","value":"462090696"},"service_code":["11"],"billing_class":"professional","payments":[{"allowed_amount":140.00,"billing_code_modifier":[""],"providers":[{"billed_charge":140.00,"npi":[1568650109]}]}]},{"tin":{"type":"ein","value":"472817156"},"service_code":["11"],"billing_class":"professional","payments":[{"allowed_amount":140.00,"billing_code_modifier":[""],"providers":[{"billed_charge":140.00,"npi":[1366881856]}]}]},{"tin":{"type":"ein","value":"522233574"},"service_code":["11"],"billing_class":"professional","payments":[{"allowed_amount":150.00,"billing_code_modifier":[""],"providers":[{"billed_charge":150.00,"npi":[1558565556]}]}]},{"tin":{"type":"ein","value":"522233574"},"service_code":["11"],"billing_class":"professional","payments":[{"allowed_amount":175.00,"billing_code_modifier":[""],"providers":[{"billed_charge":175.00,"npi":[1558565556]}]}]},{"tin":{"type":"ein","value":"522401066"},"service_code":["11"],"billing_class":"professional","payments":[{"allowed_amount":150.00,"billing_code_modifier":[""],"providers":[{"billed_charge":150.00,"npi":[1205056694]}]}]},{"tin":{"type":"ein","value":"546290720"},"service_code":["11"],"billing_class":"professional","payments":[{"allowed_amount":79.20,"billing_code_modifier":[""],"providers":[{"billed_charge":140.00,"npi":[1790924033]}]}]},{"tin":{"type":"ein","value":"546290720"},"service_code":["11"],"billing_class":"professional","payments":[{"allowed_amount":140.00,"billing_code_modifier":[""],"providers":[{"billed_charge":140.00,"npi":[1790924033]}]}]},{"tin":{"type":"ein","value":"546632884"},"service_code":["02"],"billing_class":"professional","payments":[{"allowed_amount":79.20,"billing_code_modifier":[""],"providers":[{"billed_charge":125.00,"npi":[1316337017]}]}]},{"tin":{"type":"ein","value":"546632884"},"service_code":["02","11"],"billing_class":"professional","payments":[{"allowed_amount":125.00,"billing_code_modifier":[""],"providers":[{"billed_charge":125.00,"npi":[1316337017]}]}]},{"tin":{"type":"ein","value":"545436136"},"service_code":["11"],"billing_class":"professional","payments":[{"allowed_amount":132.00,"billing_code_modifier":[""],"providers":[{"billed_charge":132.00,"npi":[1154669927,1467124248]}]}]},{"tin":{"type":"ein","value":"546085962"},"service_code":["11"],"billing_class":"professional","payments":[{"allowed_amount":79.20,"billing_code_modifier":[""],"providers":[{"billed_charge":120.00,"npi":[1407996077]}]}]},{"tin":{"type":"ein","value":"546085962"},"service_code":["11"],"billing_class":"professional","payments":[{"allowed_amount":120.00,"billing_code_modifier":[""],"providers":[{"billed_charge":120.00,"npi":[1407996077]}]}]},{"tin":{"type":"ein","value":"551946993"},"service_code":["11"],"billing_class":"professional","payments":[{"allowed_amount":130.00,"billing_code_modifier":[""],"providers":[{"billed_charge":130.00,"npi":[1760604367]}]}]},{"tin":{"type":"ein","value":"551352254"},"service_code":["11"],"billing_class":"professional","payments":[{"allowed_amount":79.20,"billing_code_modifier":[""],"providers":[{"billed_charge":110.00,"npi":[1770644122]}]}]},{"tin":{"type":"ein","value":"552110619"},"service_code":["11"],"billing_class":"professional","payments":[{"allowed_amount":79.20,"billing_code_modifier":[""],"providers":[{"billed_charge":140.00,"npi":[1518029800]}]}]},{"tin":{"type":"ein","value":"552110619"},"service_code":["11"],"billing_class":"professional","payments":[{"allowed_amount":140.00,"billing_code_modifier":[""],"providers":[{"billed_charge":140.00,"npi":[1518029800]}]}]},{"tin":{"type":"ein","value":"553878400"},"service_code":["11"],"billing_class":"professional","payments":[{"allowed_amount":79.20,"billing_code_modifier":[""],"providers":[{"billed_charge":140.00,"npi":[1417225616]}]}]},{"tin":{"type":"ein","value":"553878400"},"service_code":["11"],"billing_class":"professional","payments":[{"allowed_amount":140.00,"billing_code_modifier":[""],"providers":[{"billed_charge":140.00,"npi":[1417225616]}]}]},{"tin":{"type":"ein","value":"555783423"},"service_code":["02"],"billing_class":"professional","payments":[{"allowed_amount":79.20,"billing_code_modifier":[""],"providers":[{"billed_charge":120.00,"npi":[1548374630]}]}]},{"tin":{"type":"ein","value":"555783423"},"service_code":["02"],"billing_class":"professional","payments":[{"allowed_amount":120.00,"billing_code_modifier":[""],"providers":[{"billed_charge":120.00,"npi":[1548374630]}]}]},{"tin":{"type":"ein","value":"556765880"},"service_code":["11"],"billing_class":"professional","payments":[{"allowed_amount":130.00,"billing_code_modifier":[""],"providers":[{"billed_charge":130.00,"npi":[1760696330]}]}]},{"tin":{"type":"ein","value":"556765880"},"service_code":["11"],"billing_class":"professional","payments":[{"allowed_amount":140.00,"billing_code_modifier":[""],"providers":[{"billed_charge":140.00,"npi":[1760696330]}]}]},{"tin":{"type":"ein","value":"558559780"},"service_code":["11"],"billing_class":"professional","payments":[{"allowed_amount":175.00,"billing_code_modifier":[""],"providers":[{"billed_charge":175.00,"npi":[1174612667]}]}]},{"tin":{"type":"ein","value":"558864839"},"service_code":["11"],"billing_class":"professional","payments":[{"allowed_amount":79.20,"billing_code_modifier":[""],"providers":[{"billed_charge":125.00,"npi":[1942352133]}]}]},{"tin":{"type":"ein","value":"558864839"},"service_code":["11"],"billing_class":"professional","payments":[{"allowed_amount":115.00,"billing_code_modifier":[""],"providers":[{"billed_charge":115.00,"npi":[1942352133]}]}]},{"tin":{"type":"ein","value":"558864839"},"service_code":["11"],"billing_class":"professional","payments":[{"allowed_amount":125.00,"billing_code_modifier":[""],"providers":[{"billed_charge":125.00,"npi":[1942352133]}]}]},{"tin":{"type":"ein","value":"564532005"},"service_code":["02","11"],"billing_class":"professional","payments":[{"allowed_amount":120.00,"billing_code_modifier":[""],"providers":[{"billed_charge":120.00,"npi":[1366800740]}]}]},{"tin":{"type":"ein","value":"560779755"},"service_code":["02","11"],"billing_class":"professional","payments":[{"allowed_amount":79.20,"billing_code_modifier":[""],"providers":[{"billed_charge":150.00,"npi":[1164141685,1437489820]},{"billed_charge":115.00,"npi":[1437489820]}]},{"allowed_amount":79.20,"billing_code_modifier":[""],"providers":[{"billed_charge":150.00,"npi":[1164141685,1437489820]},{"billed_charge":115.00,"npi":[1437489820]}]}]},{"tin":{"type":"ein","value":"560779755"},"service_code":["02","11"],"billing_class":"professional","payments":[{"allowed_amount":115.00,"billing_code_modifier":[""],"providers":[{"billed_charge":115.00,"npi":[1437489820]}]}]},{"tin":{"type":"ein","value":"560779755"},"service_code":["02","11"],"billing_class":"professional","payments":[{"allowed_amount":150.00,"billing_code_modifier":[""],"providers":[{"billed_charge":150.00,"npi":[1164141685,1437489820,1477600435,1487316782]}]}]},{"tin":{"type":"ein","value":"560779755"},"service_code":["11"],"billing_class":"professional","payments":[{"allowed_amount":79.20,"billing_code_modifier":[""],"providers":[{"billed_charge":150.00,"npi":[1164141685,1437489820]},{"billed_charge":115.00,"npi":[1437489820]}]},{"allowed_amount":79.20,"billing_code_modifier":[""],"providers":[{"billed_charge":150.00,"npi":[1164141685,1437489820]},{"billed_charge":115.00,"npi":[1437489820]}]}]},{"tin":{"type":"ein","value":"568233959"},"service_code":["11"],"billing_class":"professional","payments":[{"allowed_amount":79.20,"billing_code_modifier":[""],"providers":[{"billed_charge":130.00,"npi":[1568675973]}]}]},{"tin":{"type":"ein","value":"568233959"},"service_code":["11"],"billing_class":"professional","payments":[{"allowed_amount":130.00,"billing_code_modifier":[""],"providers":[{"billed_charge":130.00,"npi":[1568675973]}]}]},{"tin":{"type":"ein","value":"573472434"},"service_code":["02"],"billing_class":"professional","payments":[{"allowed_amount":79.20,"billing_code_modifier":[""],"providers":[{"billed_charge":120.00,"npi":[1770834822]}]}]},{"tin":{"type":"ein","value":"573472434"},"service_code":["02"],"billing_class":"professional","payments":[{"allowed_amount":120.00,"billing_code_modifier":[""],"providers":[{"billed_charge":120.00,"npi":[1770834822]}]}]},{"tin":{"type":"ein","value":"611843778"},"service_code":["10","11"],"billing_class":"professional","payments":[{"allowed_amount":79.20,"billing_code_modifier":[""],"providers":[{"billed_charge":100.00,"npi":[1437704376,1952837247]}]}]},{"tin":{"type":"ein","value":"811192469"},"service_code":["11"],"billing_class":"professional","payments":[{"allowed_amount":79.20,"billing_code_modifier":[""],"providers":[{"billed_charge":150.00,"npi":[1871778506]}]}]},{"tin":{"type":"ein","value":"811192469"},"service_code":["11"],"billing_class":"professional","payments":[{"allowed_amount":150.00,"billing_code_modifier":[""],"providers":[{"billed_charge":150.00,"npi":[1871778506]}]}]},{"tin":{"type":"ein","value":"815379241"},"service_code":["02"],"billing_class":"professional","payments":[{"allowed_amount":79.20,"billing_code_modifier":[""],"providers":[{"billed_charge":165.00,"npi":[1760808323]}]}]},{"tin":{"type":"ein","value":"815379241"},"service_code":["02"],"billing_class":"professional","payments":[{"allowed_amount":165.00,"billing_code_modifier":[""],"providers":[{"billed_charge":165.00,"npi":[1760808323]}]}]},{"tin":{"type":"ein","value":"821014256"},"service_code":["02","11"],"billing_class":"professional","payments":[{"allowed_amount":79.20,"billing_code_modifier":[""],"providers":[{"billed_charge":160.00,"npi":[1992025993]}]}]},{"tin":{"type":"ein","value":"821014256"},"service_code":["11"],"billing_class":"professional","payments":[{"allowed_amount":150.00,"billing_code_modifier":[""],"providers":[{"billed_charge":150.00,"npi":[1992025993]}]}]},{"tin":{"type":"ein","value":"824485935"},"service_code":["02","11"],"billing_class":"professional","payments":[{"allowed_amount":150.00,"billing_code_modifier":[""],"providers":[{"billed_charge":150.00,"npi":[1528384369]}]}]},{"tin":{"type":"ein","value":"825481200"},"service_code":["02"],"billing_class":"professional","payments":[{"allowed_amount":150.00,"billing_code_modifier":[""],"providers":[{"billed_charge":150.00,"npi":[1053925057,1275980609,1316307747,1700986908]}]}]},{"tin":{"type":"ein","value":"825481200"},"service_code":["02","11","12"],"billing_class":"professional","payments":[{"allowed_amount":79.20,"billing_code_modifier":[""],"providers":[{"billed_charge":150.00,"npi":[1275980609,1316307747]}]}]},{"tin":{"type":"ein","value":"830884049"},"service_code":["02","11"],"billing_class":"professional","payments":[{"allowed_amount":140.00,"billing_code_modifier":[""],"providers":[{"billed_charge":140.00,"npi":[1720360902]}]}]},{"tin":{"type":"ein","value":"832106083"},"service_code":["11"],"billing_class":"professional","payments":[{"allowed_amount":79.20,"billing_code_modifier":[""],"providers":[{"billed_charge":150.00,"npi":[1184067720]}]}]},{"tin":{"type":"ein","value":"832106083"},"service_code":["11"],"billing_class":"professional","payments":[{"allowed_amount":150.00,"billing_code_modifier":[""],"providers":[{"billed_charge":150.00,"npi":[1184067720]}]}]},{"tin":{"type":"ein","value":"834640958"},"service_code":["02","10","11"],"billing_class":"professional","payments":[{"allowed_amount":150.00,"billing_code_modifier":[""],"providers":[{"billed_charge":150.00,"npi":[1043846488,1790232395]}]}]},{"tin":{"type":"ein","value":"841994517"},"service_code":["02"],"billing_class":"professional","payments":[{"allowed_amount":79.20,"billing_code_modifier":[""],"providers":[{"billed_charge":175.00,"npi":[1023676079]}]}]},{"tin":{"type":"ein","value":"841994517"},"service_code":["02"],"billing_class":"professional","payments":[{"allowed_amount":175.00,"billing_code_modifier":[""],"providers":[{"billed_charge":175.00,"npi":[1023676079]}]}]},{"tin":{"type":"ein","value":"842260557"},"service_code":["11"],"billing_class":"professional","payments":[{"allowed_amount":140.00,"billing_code_modifier":[""],"providers":[{"billed_charge":140.00,"npi":[1639443955]}]}]},{"tin":{"type":"ein","value":"843169848"},"service_code":["11"],"billing_class":"professional","payments":[{"allowed_amount":79.20,"billing_code_modifier":[""],"providers":[{"billed_charge":120.00,"npi":[1063579613]}]}]},{"tin":{"type":"ein","value":"843169848"},"service_code":["11"],"billing_class":"professional","payments":[{"allowed_amount":120.00,"billing_code_modifier":[""],"providers":[{"billed_charge":120.00,"npi":[1063579613]}]}]},{"tin":{"type":"ein","value":"843397735"},"service_code":["11"],"billing_class":"professional","payments":[{"allowed_amount":79.20,"billing_code_modifier":[""],"providers":[{"billed_charge":150.00,"npi":[1881845386]}]}]},{"tin":{"type":"ein","value":"843397735"},"service_code":["11"],"billing_class":"professional","payments":[{"allowed_amount":150.00,"billing_code_modifier":[""],"providers":[{"billed_charge":150.00,"npi":[1881845386]}]}]},{"tin":{"type":"ein","value":"843864602"},"service_code":["11"],"billing_class":"professional","payments":[{"allowed_amount":79.20,"billing_code_modifier":[""],"providers":[{"billed_charge":165.00,"npi":[1437624921,1912221458]},{"billed_charge":185.00,"npi":[1336798842,1437624921]}]},{"allowed_amount":79.20,"billing_code_modifier":[""],"providers":[{"billed_charge":165.00,"npi":[1437624921,1912221458]},{"billed_charge":185.00,"npi":[1336798842,1437624921]}]}]},{"tin":{"type":"ein","value":"843864602"},"service_code":["11"],"billing_class":"professional","payments":[{"allowed_amount":79.20,"billing_code_modifier":[""],"providers":[{"billed_charge":165.00,"npi":[1437624921,1912221458]},{"billed_charge":185.00,"npi":[1336798842,1437624921]}]},{"allowed_amount":79.20,"billing_code_modifier":[""],"providers":[{"billed_charge":165.00,"npi":[1437624921,1912221458]},{"billed_charge":185.00,"npi":[1336798842,1437624921]}]}]},{"tin":{"type":"ein","value":"843864602"},"service_code":["11"],"billing_class":"professional","payments":[{"allowed_amount":165.00,"billing_code_modifier":[""],"providers":[{"billed_charge":165.00,"npi":[1437624921,1912221458]}]}]},{"tin":{"type":"ein","value":"844154952"},"service_code":["11"],"billing_class":"professional","payments":[{"allowed_amount":130.00,"billing_code_modifier":[""],"providers":[{"billed_charge":130.00,"npi":[1598831042]}]}]},{"tin":{"type":"ein","value":"851246373"},"service_code":["11"],"billing_class":"professional","payments":[{"allowed_amount":79.20,"billing_code_modifier":[""],"providers":[{"billed_charge":140.00,"npi":[1487926275]}]}]},{"tin":{"type":"ein","value":"851246373"},"service_code":["11"],"billing_class":"professional","payments":[{"allowed_amount":140.00,"billing_code_modifier":[""],"providers":[{"billed_charge":140.00,"npi":[1487926275]}]}]},{"tin":{"type":"ein","value":"851662894"},"service_code":["11"],"billing_class":"professional","payments":[{"allowed_amount":150.00,"billing_code_modifier":[""],"providers":[{"billed_charge":150.00,"npi":[1053796722]}]}]},{"tin":{"type":"ein","value":"853982653"},"service_code":["10"],"billing_class":"professional","payments":[{"allowed_amount":79.20,"billing_code_modifier":[""],"providers":[{"billed_charge":130.00,"npi":[1912326224,1992431340]}]}]},{"tin":{"type":"ein","value":"853982653"},"service_code":["10"],"billing_class":"professional","payments":[{"allowed_amount":130.00,"billing_code_modifier":[""],"providers":[{"billed_charge":130.00,"npi":[1912326224,1992431340]}]}]},{"tin":{"type":"ein","value":"854198964"},"service_code":["11"],"billing_class":"professional","payments":[{"allowed_amount":79.20,"billing_code_modifier":[""],"providers":[{"billed_charge":175.00,"npi":[1932256427]}]}]},{"tin":{"type":"ein","value":"854198964"},"service_code":["11"],"billing_class":"professional","payments":[{"allowed_amount":150.00,"billing_code_modifier":[""],"providers":[{"billed_charge":150.00,"npi":[1932256427]}]}]},{"tin":{"type":"ein","value":"854198964"},"service_code":["11"],"billing_class":"professional","payments":[{"allowed_amount":175.00,"billing_code_modifier":[""],"providers":[{"billed_charge":175.00,"npi":[1932256427]}]}]},{"tin":{"type":"ein","value":"861712117"},"service_code":["02"],"billing_class":"professional","payments":[{"allowed_amount":79.20,"billing_code_modifier":[""],"providers":[{"billed_charge":140.00,"npi":[1124493861]}]}]},{"tin":{"type":"ein","value":"861712117"},"service_code":["02"],"billing_class":"professional","payments":[{"allowed_amount":140.00,"billing_code_modifier":[""],"providers":[{"billed_charge":140.00,"npi":[1124493861]}]}]},{"tin":{"type":"ein","value":"861857894"},"service_code":["11"],"billing_class":"professional","payments":[{"allowed_amount":125.00,"billing_code_modifier":[""],"providers":[{"billed_charge":125.00,"npi":[1104265727]},{"billed_charge":325.00,"npi":[1104265727]}]},{"allowed_amount":125.00,"billing_code_modifier":[""],"providers":[{"billed_charge":125.00,"npi":[1104265727]},{"billed_charge":325.00,"npi":[1104265727]}]}]},{"tin":{"type":"ein","value":"861857894"},"service_code":["11"],"billing_class":"professional","payments":[{"allowed_amount":125.00,"billing_code_modifier":[""],"providers":[{"billed_charge":125.00,"npi":[1104265727]},{"billed_charge":325.00,"npi":[1104265727]}]},{"allowed_amount":125.00,"billing_code_modifier":[""],"providers":[{"billed_charge":125.00,"npi":[1104265727]},{"billed_charge":325.00,"npi":[1104265727]}]}]},{"tin":{"type":"ein","value":"871026403"},"service_code":["02","10"],"billing_class":"professional","payments":[{"allowed_amount":150.00,"billing_code_modifier":[""],"providers":[{"billed_charge":150.00,"npi":[1497891634,1669049581]}]}]},{"tin":{"type":"ein","value":"871026403"},"service_code":["10"],"billing_class":"professional","payments":[{"allowed_amount":79.20,"billing_code_modifier":[""],"providers":[{"billed_charge":150.00,"npi":[1497891634,1669049581]}]}]},{"tin":{"type":"ein","value":"872764959"},"service_code":["11"],"billing_class":"professional","payments":[{"allowed_amount":130.00,"billing_code_modifier":[""],"providers":[{"billed_charge":130.00,"npi":[1043776966]}]}]},{"tin":{"type":"ein","value":"872982410"},"service_code":["02"],"billing_class":"professional","payments":[{"allowed_amount":79.20,"billing_code_modifier":[""],"providers":[{"billed_charge":150.00,"npi":[1164141685,1487316782]},{"billed_charge":115.00,"npi":[1437489820,1487316782]}]},{"allowed_amount":79.20,"billing_code_modifier":[""],"providers":[{"billed_charge":150.00,"npi":[1164141685,1487316782]},{"billed_charge":115.00,"npi":[1437489820,1487316782]}]}]},{"tin":{"type":"ein","value":"872982410"},"service_code":["02","11"],"billing_class":"professional","payments":[{"allowed_amount":115.00,"billing_code_modifier":[""],"providers":[{"billed_charge":115.00,"npi":[1437489820,1487316782]}]}]},{"tin":{"type":"ein","value":"872982410"},"service_code":["02","11"],"billing_class":"professional","payments":[{"allowed_amount":150.00,"billing_code_modifier":[""],"providers":[{"billed_charge":150.00,"npi":[1437489820,1477600435,1487316782]}]}]},{"tin":{"type":"ein","value":"872982410"},"service_code":["11"],"billing_class":"professional","payments":[{"allowed_amount":79.20,"billing_code_modifier":[""],"providers":[{"billed_charge":150.00,"npi":[1164141685,1487316782]},{"billed_charge":115.00,"npi":[1437489820,1487316782]}]},{"allowed_amount":79.20,"billing_code_modifier":[""],"providers":[{"billed_charge":150.00,"npi":[1164141685,1487316782]},{"billed_charge":115.00,"npi":[1437489820,1487316782]}]}]},{"tin":{"type":"ein","value":"873725345"},"service_code":["02"],"billing_class":"professional","payments":[{"allowed_amount":79.20,"billing_code_modifier":[""],"providers":[{"billed_charge":125.00,"npi":[1205389095]}]}]},{"tin":{"type":"ein","value":"873725345"},"service_code":["02"],"billing_class":"professional","payments":[{"allowed_amount":125.00,"billing_code_modifier":[""],"providers":[{"billed_charge":125.00,"npi":[1205389095]}]}]},{"tin":{"type":"ein","value":"880641042"},"service_code":["02"],"billing_class":"professional","payments":[{"allowed_amount":140.00,"billing_code_modifier":[""],"providers":[{"billed_charge":140.00,"npi":[1457985244]}]}]},{"tin":{"type":"ein","value":"881031476"},"service_code":["11"],"billing_class":"professional","payments":[{"allowed_amount":120.00,"billing_code_modifier":[""],"providers":[{"billed_charge":120.00,"npi":[1255705638]}]}]},{"tin":{"type":"ein","value":"881585661"},"service_code":["11"],"billing_class":"professional","payments":[{"allowed_amount":150.00,"billing_code_modifier":[""],"providers":[{"billed_charge":150.00,"npi":[1689717159]}]}]},{"tin":{"type":"ein","value":"882680252"},"service_code":["11"],"billing_class":"professional","payments":[{"allowed_amount":120.00,"billing_code_modifier":[""],"providers":[{"billed_charge":120.00,"npi":[1558407783]}]}]},{"tin":{"type":"ein","value":"882834536"},"service_code":["02"],"billing_class":"professional","payments":[{"allowed_amount":132.00,"billing_code_modifier":[""],"providers":[{"billed_charge":165.00,"npi":[1144419482,1376274639]}]}]},{"tin":{"type":"ein","value":"882834536"},"service_code":["02"],"billing_class":"professional","payments":[{"allowed_amount":150.00,"billing_code_modifier":[""],"providers":[{"billed_charge":150.00,"npi":[1033411020,1376274639]}]}]},{"tin":{"type":"ein","value":"882834536"},"service_code":["02","11"],"billing_class":"professional","payments":[{"allowed_amount":79.20,"billing_code_modifier":[""],"providers":[{"billed_charge":145.00,"npi":[1164464442,1336304013,1376274639]},{"billed_charge":165.00,"npi":[1144419482,1164464442,1376274639]},{"billed_charge":140.00,"npi":[1336304013,1376274639]},{"billed_charge":155.00,"npi":[1144419482,1376274639]},{"billed_charge":160.00,"npi":[1033411020,1376274639]}]},{"allowed_amount":79.20,"billing_code_modifier":[""],"providers":[{"billed_charge":145.00,"npi":[1164464442,1336304013,1376274639]},{"billed_charge":165.00,"npi":[1144419482,1164464442,1376274639]},{"billed_charge":140.00,"npi":[1336304013,1376274639]},{"billed_charge":155.00,"npi":[1144419482,1376274639]},{"billed_charge":160.00,"npi":[1033411020,1376274639]}]},{"allowed_amount":79.20,"billing_code_modifier":[""],"providers":[{"billed_charge":145.00,"npi":[1164464442,1336304013,1376274639]},{"billed_charge":165.00,"npi":[1144419482,1164464442,1376274639]},{"billed_charge":140.00,"npi":[1336304013,1376274639]},{"billed_charge":155.00,"npi":[1144419482,1376274639]},{"billed_charge":160.00,"npi":[1033411020,1376274639]}]},{"allowed_amount":79.20,"billing_code_modifier":[""],"providers":[{"billed_charge":145.00,"npi":[1164464442,1336304013,1376274639]},{"billed_charge":165.00,"npi":[1144419482,1164464442,1376274639]},{"billed_charge":140.00,"npi":[1336304013,1376274639]},{"billed_charge":155.00,"npi":[1144419482,1376274639]},{"billed_charge":160.00,"npi":[1033411020,1376274639]}]},{"allowed_amount":79.20,"billing_code_modifier":[""],"providers":[{"billed_charge":145.00,"npi":[1164464442,1336304013,1376274639]},{"billed_charge":165.00,"npi":[1144419482,1164464442,1376274639]},{"billed_charge":140.00,"npi":[1336304013,1376274639]},{"billed_charge":155.00,"npi":[1144419482,1376274639]},{"billed_charge":160.00,"npi":[1033411020,1376274639]}]}]},{"tin":{"type":"ein","value":"882834536"},"service_code":["02","11"],"billing_class":"professional","payments":[{"allowed_amount":79.20,"billing_code_modifier":[""],"providers":[{"billed_charge":145.00,"npi":[1164464442,1336304013,1376274639]},{"billed_charge":165.00,"npi":[1144419482,1164464442,1376274639]},{"billed_charge":140.00,"npi":[1336304013,1376274639]},{"billed_charge":155.00,"npi":[1144419482,1376274639]},{"billed_charge":160.00,"npi":[1033411020,1376274639]}]},{"allowed_amount":79.20,"billing_code_modifier":[""],"providers":[{"billed_charge":145.00,"npi":[1164464442,1336304013,1376274639]},{"billed_charge":165.00,"npi":[1144419482,1164464442,1376274639]},{"billed_charge":140.00,"npi":[1336304013,1376274639]},{"billed_charge":155.00,"npi":[1144419482,1376274639]},{"billed_charge":160.00,"npi":[1033411020,1376274639]}]},{"allowed_amount":79.20,"billing_code_modifier":[""],"providers":[{"billed_charge":145.00,"npi":[1164464442,1336304013,1376274639]},{"billed_charge":165.00,"npi":[1144419482,1164464442,1376274639]},{"billed_charge":140.00,"npi":[1336304013,1376274639]},{"billed_charge":155.00,"npi":[1144419482,1376274639]},{"billed_charge":160.00,"npi":[1033411020,1376274639]}]},{"allowed_amount":79.20,"billing_code_modifier":[""],"providers":[{"billed_charge":145.00,"npi":[1164464442,1336304013,1376274639]},{"billed_charge":165.00,"npi":[1144419482,1164464442,1376274639]},{"billed_charge":140.00,"npi":[1336304013,1376274639]},{"billed_charge":155.00,"npi":[1144419482,1376274639]},{"billed_charge":160.00,"npi":[1033411020,1376274639]}]},{"allowed_amount":79.20,"billing_code_modifier":[""],"providers":[{"billed_charge":145.00,"npi":[1164464442,1336304013,1376274639]},{"billed_charge":165.00,"npi":[1144419482,1164464442,1376274639]},{"billed_charge":140.00,"npi":[1336304013,1376274639]},{"billed_charge":155.00,"npi":[1144419482,1376274639]},{"billed_charge":160.00,"npi":[1033411020,1376274639]}]}]},{"tin":{"type":"ein","value":"882834536"},"service_code":["02","11"],"billing_class":"professional","payments":[{"allowed_amount":140.00,"billing_code_modifier":[""],"providers":[{"billed_charge":140.00,"npi":[1144419482,1336304013,1376274639]}]}]},{"tin":{"type":"ein","value":"882834536"},"service_code":["02","11"],"billing_class":"professional","payments":[{"allowed_amount":155.00,"billing_code_modifier":[""],"providers":[{"billed_charge":155.00,"npi":[1144419482,1376274639]}]}]},{"tin":{"type":"ein","value":"882834536"},"service_code":["02","11"],"billing_class":"professional","payments":[{"allowed_amount":165.00,"billing_code_modifier":[""],"providers":[{"billed_charge":165.00,"npi":[1144419482,1164464442,1376274639]}]}]},{"tin":{"type":"ein","value":"882834536"},"service_code":["11"],"billing_class":"professional","payments":[{"allowed_amount":79.20,"billing_code_modifier":[""],"providers":[{"billed_charge":145.00,"npi":[1164464442,1336304013,1376274639]},{"billed_charge":165.00,"npi":[1144419482,1164464442,1376274639]},{"billed_charge":140.00,"npi":[1336304013,1376274639]},{"billed_charge":155.00,"npi":[1144419482,1376274639]},{"billed_charge":160.00,"npi":[1033411020,1376274639]}]},{"allowed_amount":79.20,"billing_code_modifier":[""],"providers":[{"billed_charge":145.00,"npi":[1164464442,1336304013,1376274639]},{"billed_charge":165.00,"npi":[1144419482,1164464442,1376274639]},{"billed_charge":140.00,"npi":[1336304013,1376274639]},{"billed_charge":155.00,"npi":[1144419482,1376274639]},{"billed_charge":160.00,"npi":[1033411020,1376274639]}]},{"allowed_amount":79.20,"billing_code_modifier":[""],"providers":[{"billed_charge":145.00,"npi":[1164464442,1336304013,1376274639]},{"billed_charge":165.00,"npi":[1144419482,1164464442,1376274639]},{"billed_charge":140.00,"npi":[1336304013,1376274639]},{"billed_charge":155.00,"npi":[1144419482,1376274639]},{"billed_charge":160.00,"npi":[1033411020,1376274639]}]},{"allowed_amount":79.20,"billing_code_modifier":[""],"providers":[{"billed_charge":145.00,"npi":[1164464442,1336304013,1376274639]},{"billed_charge":165.00,"npi":[1144419482,1164464442,1376274639]},{"billed_charge":140.00,"npi":[1336304013,1376274639]},{"billed_charge":155.00,"npi":[1144419482,1376274639]},{"billed_charge":160.00,"npi":[1033411020,1376274639]}]},{"allowed_amount":79.20,"billing_code_modifier":[""],"providers":[{"billed_charge":145.00,"npi":[1164464442,1336304013,1376274639]},{"billed_charge":165.00,"npi":[1144419482,1164464442,1376274639]},{"billed_charge":140.00,"npi":[1336304013,1376274639]},{"billed_charge":155.00,"npi":[1144419482,1376274639]},{"billed_charge":160.00,"npi":[1033411020,1376274639]}]}]},{"tin":{"type":"ein","value":"882834536"},"service_code":["11"],"billing_class":"professional","payments":[{"allowed_amount":79.20,"billing_code_modifier":[""],"providers":[{"billed_charge":145.00,"npi":[1164464442,1336304013,1376274639]},{"billed_charge":165.00,"npi":[1144419482,1164464442,1376274639]},{"billed_charge":140.00,"npi":[1336304013,1376274639]},{"billed_charge":155.00,"npi":[1144419482,1376274639]},{"billed_charge":160.00,"npi":[1033411020,1376274639]}]},{"allowed_amount":79.20,"billing_code_modifier":[""],"providers":[{"billed_charge":145.00,"npi":[1164464442,1336304013,1376274639]},{"billed_charge":165.00,"npi":[1144419482,1164464442,1376274639]},{"billed_charge":140.00,"npi":[1336304013,1376274639]},{"billed_charge":155.00,"npi":[1144419482,1376274639]},{"billed_charge":160.00,"npi":[1033411020,1376274639]}]},{"allowed_amount":79.20,"billing_code_modifier":[""],"providers":[{"billed_charge":145.00,"npi":[1164464442,1336304013,1376274639]},{"billed_charge":165.00,"npi":[1144419482,1164464442,1376274639]},{"billed_charge":140.00,"npi":[1336304013,1376274639]},{"billed_charge":155.00,"npi":[1144419482,1376274639]},{"billed_charge":160.00,"npi":[1033411020,1376274639]}]},{"allowed_amount":79.20,"billing_code_modifier":[""],"providers":[{"billed_charge":145.00,"npi":[1164464442,1336304013,1376274639]},{"billed_charge":165.00,"npi":[1144419482,1164464442,1376274639]},{"billed_charge":140.00,"npi":[1336304013,1376274639]},{"billed_charge":155.00,"npi":[1144419482,1376274639]},{"billed_charge":160.00,"npi":[1033411020,1376274639]}]},{"allowed_amount":79.20,"billing_code_modifier":[""],"providers":[{"billed_charge":145.00,"npi":[1164464442,1336304013,1376274639]},{"billed_charge":165.00,"npi":[1144419482,1164464442,1376274639]},{"billed_charge":140.00,"npi":[1336304013,1376274639]},{"billed_charge":155.00,"npi":[1144419482,1376274639]},{"billed_charge":160.00,"npi":[1033411020,1376274639]}]}]},{"tin":{"type":"ein","value":"882834536"},"service_code":["11"],"billing_class":"professional","payments":[{"allowed_amount":79.20,"billing_code_modifier":[""],"providers":[{"billed_charge":145.00,"npi":[1164464442,1336304013,1376274639]},{"billed_charge":165.00,"npi":[1144419482,1164464442,1376274639]},{"billed_charge":140.00,"npi":[1336304013,1376274639]},{"billed_charge":155.00,"npi":[1144419482,1376274639]},{"billed_charge":160.00,"npi":[1033411020,1376274639]}]},{"allowed_amount":79.20,"billing_code_modifier":[""],"providers":[{"billed_charge":145.00,"npi":[1164464442,1336304013,1376274639]},{"billed_charge":165.00,"npi":[1144419482,1164464442,1376274639]},{"billed_charge":140.00,"npi":[1336304013,1376274639]},{"billed_charge":155.00,"npi":[1144419482,1376274639]},{"billed_charge":160.00,"npi":[1033411020,1376274639]}]},{"allowed_amount":79.20,"billing_code_modifier":[""],"providers":[{"billed_charge":145.00,"npi":[1164464442,1336304013,1376274639]},{"billed_charge":165.00,"npi":[1144419482,1164464442,1376274639]},{"billed_charge":140.00,"npi":[1336304013,1376274639]},{"billed_charge":155.00,"npi":[1144419482,1376274639]},{"billed_charge":160.00,"npi":[1033411020,1376274639]}]},{"allowed_amount":79.20,"billing_code_modifier":[""],"providers":[{"billed_charge":145.00,"npi":[1164464442,1336304013,1376274639]},{"billed_charge":165.00,"npi":[1144419482,1164464442,1376274639]},{"billed_charge":140.00,"npi":[1336304013,1376274639]},{"billed_charge":155.00,"npi":[1144419482,1376274639]},{"billed_charge":160.00,"npi":[1033411020,1376274639]}]},{"allowed_amount":79.20,"billing_code_modifier":[""],"providers":[{"billed_charge":145.00,"npi":[1164464442,1336304013,1376274639]},{"billed_charge":165.00,"npi":[1144419482,1164464442,1376274639]},{"billed_charge":140.00,"npi":[1336304013,1376274639]},{"billed_charge":155.00,"npi":[1144419482,1376274639]},{"billed_charge":160.00,"npi":[1033411020,1376274639]}]}]},{"tin":{"type":"ein","value":"884192577"},"service_code":["11"],"billing_class":"professional","payments":[{"allowed_amount":150.00,"billing_code_modifier":[""],"providers":[{"billed_charge":150.00,"npi":[1528381696]}]}]},{"tin":{"type":"ein","value":"920334335"},"service_code":["11"],"billing_class":"professional","payments":[{"allowed_amount":125.00,"billing_code_modifier":[""],"providers":[{"billed_charge":125.00,"npi":[1043461239]}]}]},{"tin":{"type":"ein","value":"921639042"},"service_code":["11"],"billing_class":"professional","payments":[{"allowed_amount":79.20,"billing_code_modifier":[""],"providers":[{"billed_charge":175.00,"npi":[1588360267]}]}]},{"tin":{"type":"ein","value":"921639042"},"service_code":["11"],"billing_class":"professional","payments":[{"allowed_amount":175.00,"billing_code_modifier":[""],"providers":[{"billed_charge":175.00,"npi":[1588360267]}]}]}]},{"name":"RESIDENTIAL TREATMENT-PSYCHIATRIC","billing_code_type":"RC","billing_code_type_version":"UB04","billing_code":"1001","description":"RESIDENTIAL TREATMENT-PSYCHIATRIC","allowed_amounts":[{"tin":{"type":"ein","value":"200617525"},"service_code":["21"],"billing_class":"institutional","payments":[{"allowed_amount":0.00,"billing_code_modifier":[""],"providers":[{"billed_charge":1500.00,"npi":[1467622142,1841516747]}]}]}]},{"name":"SPEC CLCT FOR SARS-COV-2 COVID-19 ANY SPEC SRC","billing_code_type":"HCPCS","billing_code_type_version":"HCPCS LEVEL II 2021","billing_code":"G2023","description":"SPEC CLCT FOR SARS-COV-2 COVID-19 ANY SPEC SRC","allowed_amounts":[{"tin":{"type":"ein","value":"133934292"},"service_code":["81"],"billing_class":"professional","payments":[{"allowed_amount":23.46,"billing_code_modifier":[""],"providers":[{"billed_charge":50.00,"npi":[1134316441,1215053962,1942873484]}]}]},{"tin":{"type":"ein","value":"361924025"},"service_code":["21"],"billing_class":"professional","payments":[{"allowed_amount":23.46,"billing_code_modifier":[""],"providers":[{"billed_charge":28.99,"npi":[1083629091,1114933512,1639279417,1689689770,1710992094,1790790079]}]}]},{"tin":{"type":"ein","value":"831342609"},"service_code":["81"],"billing_class":"professional","payments":[{"allowed_amount":23.46,"billing_code_modifier":[""],"providers":[{"billed_charge":50.00,"npi":[1053541581,1073101028,1487815387]}]}]},{"tin":{"type":"ein","value":"851729048"},"service_code":["11"],"billing_class":"professional","payments":[{"allowed_amount":23.46,"billing_code_modifier":[""],"providers":[{"billed_charge":80.00,"npi":[1750970109,1952400715]}]}]},{"tin":{"type":"ein","value":"852364612"},"service_code":["81"],"billing_class":"professional","payments":[{"allowed_amount":23.46,"billing_code_modifier":[""],"providers":[{"billed_charge":70.00,"npi":[1740685387,1790386746]}]}]},{"tin":{"type":"ein","value":"874298364"},"service_code":["12"],"billing_class":"professional","payments":[{"allowed_amount":23.46,"billing_code_modifier":[""],"providers":[{"billed_charge":25.00,"npi":[1801523212]},{"billed_charge":70.38,"npi":[1801523212]}]},{"allowed_amount":23.46,"billing_code_modifier":[""],"providers":[{"billed_charge":25.00,"npi":[1801523212]},{"billed_charge":70.38,"npi":[1801523212]}]}]},{"tin":{"type":"ein","value":"874298364"},"service_code":["12"],"billing_class":"professional","payments":[{"allowed_amount":23.46,"billing_code_modifier":[""],"providers":[{"billed_charge":25.00,"npi":[1801523212]},{"billed_charge":70.38,"npi":[1801523212]}]},{"allowed_amount":23.46,"billing_code_modifier":[""],"providers":[{"billed_charge":25.00,"npi":[1801523212]},{"billed_charge":70.38,"npi":[1801523212]}]}]},{"tin":{"type":"ein","value":"990370089"},"service_code":["81"],"billing_class":"professional","payments":[{"allowed_amount":23.46,"billing_code_modifier":[""],"providers":[{"billed_charge":46.92,"npi":[1114034055,1265897078,1306051362]}]}]}]},{"name":"TRAVEL 1 WAY MED NEC LAB SPEC; PRORAT ACTL MILE","billing_code_type":"HCPCS","billing_code_type_version":"HCPCS LEVEL II 2021","billing_code":"P9603","description":"TRAVEL 1 WAY MED NEC LAB SPEC; PRORAT ACTL MILE","allowed_amounts":[{"tin":{"type":"ein","value":"874298364"},"service_code":["12"],"billing_class":"professional","payments":[{"allowed_amount":0.00,"billing_code_modifier":[""],"providers":[{"billed_charge":50.00,"npi":[1801523212]},{"billed_charge":62.50,"npi":[1801523212]},{"billed_charge":125.00,"npi":[1801523212]},{"billed_charge":187.50,"npi":[1801523212]}]},{"allowed_amount":0.00,"billing_code_modifier":[""],"providers":[{"billed_charge":50.00,"npi":[1801523212]},{"billed_charge":62.50,"npi":[1801523212]},{"billed_charge":125.00,"npi":[1801523212]},{"billed_charge":187.50,"npi":[1801523212]}]},{"allowed_amount":0.00,"billing_code_modifier":[""],"providers":[{"billed_charge":50.00,"npi":[1801523212]},{"billed_charge":62.50,"npi":[1801523212]},{"billed_charge":125.00,"npi":[1801523212]},{"billed_charge":187.50,"npi":[1801523212]}]},{"allowed_amount":0.00,"billing_code_modifier":[""],"providers":[{"billed_charge":50.00,"npi":[1801523212]},{"billed_charge":62.50,"npi":[1801523212]},{"billed_charge":125.00,"npi":[1801523212]},{"billed_charge":187.50,"npi":[1801523212]}]}]},{"tin":{"type":"ein","value":"874298364"},"service_code":["12"],"billing_class":"professional","payments":[{"allowed_amount":0.00,"billing_code_modifier":[""],"providers":[{"billed_charge":50.00,"npi":[1801523212]},{"billed_charge":62.50,"npi":[1801523212]},{"billed_charge":125.00,"npi":[1801523212]},{"billed_charge":187.50,"npi":[1801523212]}]},{"allowed_amount":0.00,"billing_code_modifier":[""],"providers":[{"billed_charge":50.00,"npi":[1801523212]},{"billed_charge":62.50,"npi":[1801523212]},{"billed_charge":125.00,"npi":[1801523212]},{"billed_charge":187.50,"npi":[1801523212]}]},{"allowed_amount":0.00,"billing_code_modifier":[""],"providers":[{"billed_charge":50.00,"npi":[1801523212]},{"billed_charge":62.50,"npi":[1801523212]},{"billed_charge":125.00,"npi":[1801523212]},{"billed_charge":187.50,"npi":[1801523212]}]},{"allowed_amount":0.00,"billing_code_modifier":[""],"providers":[{"billed_charge":50.00,"npi":[1801523212]},{"billed_charge":62.50,"npi":[1801523212]},{"billed_charge":125.00,"npi":[1801523212]},{"billed_charge":187.50,"npi":[1801523212]}]}]},{"tin":{"type":"ein","value":"874298364"},"service_code":["12"],"billing_class":"professional","payments":[{"allowed_amount":0.00,"billing_code_modifier":[""],"providers":[{"billed_charge":50.00,"npi":[1801523212]},{"billed_charge":62.50,"npi":[1801523212]},{"billed_charge":125.00,"npi":[1801523212]},{"billed_charge":187.50,"npi":[1801523212]}]},{"allowed_amount":0.00,"billing_code_modifier":[""],"providers":[{"billed_charge":50.00,"npi":[1801523212]},{"billed_charge":62.50,"npi":[1801523212]},{"billed_charge":125.00,"npi":[1801523212]},{"billed_charge":187.50,"npi":[1801523212]}]},{"allowed_amount":0.00,"billing_code_modifier":[""],"providers":[{"billed_charge":50.00,"npi":[1801523212]},{"billed_charge":62.50,"npi":[1801523212]},{"billed_charge":125.00,"npi":[1801523212]},{"billed_charge":187.50,"npi":[1801523212]}]},{"allowed_amount":0.00,"billing_code_modifier":[""],"providers":[{"billed_charge":50.00,"npi":[1801523212]},{"billed_charge":62.50,"npi":[1801523212]},{"billed_charge":125.00,"npi":[1801523212]},{"billed_charge":187.50,"npi":[1801523212]}]}]},{"tin":{"type":"ein","value":"874298364"},"service_code":["12"],"billing_class":"professional","payments":[{"allowed_amount":0.00,"billing_code_modifier":[""],"providers":[{"billed_charge":50.00,"npi":[1801523212]},{"billed_charge":62.50,"npi":[1801523212]},{"billed_charge":125.00,"npi":[1801523212]},{"billed_charge":187.50,"npi":[1801523212]}]},{"allowed_amount":0.00,"billing_code_modifier":[""],"providers":[{"billed_charge":50.00,"npi":[1801523212]},{"billed_charge":62.50,"npi":[1801523212]},{"billed_charge":125.00,"npi":[1801523212]},{"billed_charge":187.50,"npi":[1801523212]}]},{"allowed_amount":0.00,"billing_code_modifier":[""],"providers":[{"billed_charge":50.00,"npi":[1801523212]},{"billed_charge":62.50,"npi":[1801523212]},{"billed_charge":125.00,"npi":[1801523212]},{"billed_charge":187.50,"npi":[1801523212]}]},{"allowed_amount":0.00,"billing_code_modifier":[""],"providers":[{"billed_charge":50.00,"npi":[1801523212]},{"billed_charge":62.50,"npi":[1801523212]},{"billed_charge":125.00,"npi":[1801523212]},{"billed_charge":187.50,"npi":[1801523212]}]}]}]}]}
