{"reporting_entity_name": "IEC Group_DBA AmeriBen",
	"reporting_entity_type": "Third Party Administrator",
	"plan_name": "NEW BELGIUM BREWING",
	"plan_id_type": "ein",
	"plan_id": "841225570",
	"plan_market_type": "group",
	"last_updated_on": "2023-07-01","Version": "1.0.0","out_of_network":[{"name":"ACUP 1\/> NDLS W\/ELEC STIMJ EA 15 MIN W\/RE-INSJ","billing_code_type":"CPT","billing_code_type_version":"2020","billing_code":"97814","description":"ACUP 1\/> NDLS W\/ELEC STIMJ EA 15 MIN W\/RE-INSJ","allowed_amounts":[{"tin":{"type":"ein","value":"271057309"},"service_code":["11"],"billing_class":"professional","payments":[{"allowed_amount":34.86,"billing_code_modifier":[""],"providers":[{"billed_charge":250.00,"npi":[1710203039,1861651663]}]}]}]},{"name":"ACUPUNCTURE 1\/> NDLS W\/ELEC STIMJ 1ST 15 MIN","billing_code_type":"CPT","billing_code_type_version":"2020","billing_code":"97813","description":"ACUPUNCTURE 1\/> NDLS W\/ELEC STIMJ 1ST 15 MIN","allowed_amounts":[{"tin":{"type":"ein","value":"271057309"},"service_code":["11"],"billing_class":"professional","payments":[{"allowed_amount":21.70,"billing_code_modifier":[""],"providers":[{"billed_charge":125.00,"npi":[1710203039,1861651663]}]}]}]},{"name":"BLOOD COUNT COMPLETE AUTOMATED","billing_code_type":"CPT","billing_code_type_version":"2020","billing_code":"85027","description":"BLOOD COUNT COMPLETE AUTOMATED","allowed_amounts":[{"tin":{"type":"ein","value":"863641751"},"service_code":["21","22"],"billing_class":"professional","payments":[{"allowed_amount":0.00,"billing_code_modifier":[""],"providers":[{"billed_charge":6.00,"npi":[1083665863,1205571007,1215511043,1275699365,1477293660,1538587696,1710419833]}]}]}]},{"name":"COMPREHENSIVE METABOLIC PANEL","billing_code_type":"CPT","billing_code_type_version":"2020","billing_code":"80053","description":"COMPREHENSIVE METABOLIC PANEL","allowed_amounts":[{"tin":{"type":"ein","value":"863641751"},"service_code":["21","22","23"],"billing_class":"professional","payments":[{"allowed_amount":0.00,"billing_code_modifier":[""],"providers":[{"billed_charge":10.00,"npi":[1083665863,1205571007,1215511043,1477293660,1538587696,1619358405]}]}]}]}]}
