{"reporting_entity_name": "IEC Group_DBA AmeriBen",
	"reporting_entity_type": "Third Party Administrator",
	"plan_name": "TD SYNNEX",
	"plan_id_type": "ein",
	"plan_id": "942703333",
	"plan_market_type": "group",
	"last_updated_on": "2025-09-01","Version": "1.0.0","out_of_network":[{"name":"APPLICATION MODALITY 1\/> AREAS DIATHERMY","billing_code_type":"CPT","billing_code_type_version":"2020","billing_code":"97024","description":"APPLICATION MODALITY 1\/> AREAS DIATHERMY","allowed_amounts":[{"tin":{"type":"ein","value":"832164173"},"service_code":["11"],"billing_class":"professional","payments":[{"allowed_amount":0.00,"billing_code_modifier":[""],"providers":[{"billed_charge":25.00,"npi":[1215143078,1851953848]}]}]}]},{"name":"CHIROPRACTIC MANIPULATIVE TX SPINAL 3-4 REGIONS","billing_code_type":"CPT","billing_code_type_version":"2020","billing_code":"98941","description":"CHIROPRACTIC MANIPULATIVE TX SPINAL 3-4 REGIONS","allowed_amounts":[{"tin":{"type":"ein","value":"332482218"},"service_code":["11"],"billing_class":"professional","payments":[{"allowed_amount":47.00,"billing_code_modifier":[""],"providers":[{"billed_charge":60.00,"npi":[1497501704,1902615040]}]}]}]},{"name":"MANUAL THERAPY TQS 1\/> REGIONS EACH 15 MINUTES","billing_code_type":"CPT","billing_code_type_version":"2020","billing_code":"97140","description":"MANUAL THERAPY TQS 1\/> REGIONS EACH 15 MINUTES","allowed_amounts":[{"tin":{"type":"ein","value":"331162859"},"service_code":["11"],"billing_class":"professional","payments":[{"allowed_amount":40.44,"billing_code_modifier":[""],"providers":[{"billed_charge":150.00,"npi":[1003344540,1104385947,1740892421]}]}]},{"tin":{"type":"ein","value":"547551773"},"service_code":["11"],"billing_class":"professional","payments":[{"allowed_amount":0.00,"billing_code_modifier":[""],"providers":[{"billed_charge":60.00,"npi":[1104568443,1508192527]}]}]},{"tin":{"type":"ein","value":"611513960"},"service_code":["11"],"billing_class":"professional","payments":[{"allowed_amount":63.75,"billing_code_modifier":[""],"providers":[{"billed_charge":120.00,"npi":[1740509132]}]}]},{"tin":{"type":"ein","value":"770495071"},"service_code":["11"],"billing_class":"professional","payments":[{"allowed_amount":63.75,"billing_code_modifier":[""],"providers":[{"billed_charge":120.00,"npi":[1588767008]}]}]},{"tin":{"type":"ein","value":"813822319"},"service_code":["11"],"billing_class":"professional","payments":[{"allowed_amount":0.00,"billing_code_modifier":[""],"providers":[{"billed_charge":45.00,"npi":[1679021299]}]}]},{"tin":{"type":"ein","value":"832164173"},"service_code":["11"],"billing_class":"professional","payments":[{"allowed_amount":0.00,"billing_code_modifier":[""],"providers":[{"billed_charge":72.00,"npi":[1215143078,1851953848]}]}]},{"tin":{"type":"ein","value":"832164173"},"service_code":["11"],"billing_class":"professional","payments":[{"allowed_amount":63.75,"billing_code_modifier":[""],"providers":[{"billed_charge":72.00,"npi":[1215143078,1851953848]}]}]},{"tin":{"type":"ein","value":"842552011"},"service_code":["11"],"billing_class":"professional","payments":[{"allowed_amount":0.00,"billing_code_modifier":[""],"providers":[{"billed_charge":65.00,"npi":[1164960043,1609409796,1912557190]}]}]}]},{"name":"OFFICE\/OUTPATIENT ESTABLISHED LOW MDM 20 MIN","billing_code_type":"CPT","billing_code_type_version":"2020","billing_code":"99213","description":"OFFICE\/OUTPATIENT ESTABLISHED LOW MDM 20 MIN","allowed_amounts":[{"tin":{"type":"ein","value":"832164173"},"service_code":["11"],"billing_class":"professional","payments":[{"allowed_amount":71.68,"billing_code_modifier":[""],"providers":[{"billed_charge":299.00,"npi":[1215143078,1851953848]}]}]}]},{"name":"OFFICE\/OUTPATIENT ESTABLISHED MOD MDM 30 MIN","billing_code_type":"CPT","billing_code_type_version":"2020","billing_code":"99214","description":"OFFICE\/OUTPATIENT ESTABLISHED MOD MDM 30 MIN","allowed_amounts":[{"tin":{"type":"ein","value":"472294513"},"service_code":["11"],"billing_class":"professional","payments":[{"allowed_amount":136.35,"billing_code_modifier":[""],"providers":[{"billed_charge":976.24,"npi":[1376994608,1942358353]},{"billed_charge":997.52,"npi":[1376994608,1659507507]}]},{"allowed_amount":136.35,"billing_code_modifier":[""],"providers":[{"billed_charge":976.24,"npi":[1376994608,1942358353]},{"billed_charge":997.52,"npi":[1376994608,1659507507]}]}]},{"tin":{"type":"ein","value":"472294513"},"service_code":["11"],"billing_class":"professional","payments":[{"allowed_amount":136.35,"billing_code_modifier":[""],"providers":[{"billed_charge":976.24,"npi":[1376994608,1942358353]},{"billed_charge":997.52,"npi":[1376994608,1659507507]}]},{"allowed_amount":136.35,"billing_code_modifier":[""],"providers":[{"billed_charge":976.24,"npi":[1376994608,1942358353]},{"billed_charge":997.52,"npi":[1376994608,1659507507]}]}]},{"tin":{"type":"ein","value":"593322200"},"service_code":["11"],"billing_class":"professional","payments":[{"allowed_amount":136.35,"billing_code_modifier":[""],"providers":[{"billed_charge":250.00,"npi":[1306153606,1902810963]}]}]},{"tin":{"type":"ein","value":"821785872"},"service_code":["11"],"billing_class":"professional","payments":[{"allowed_amount":136.35,"billing_code_modifier":[""],"providers":[{"billed_charge":200.00,"npi":[1033316815,1376830562,1447758586]}]}]},{"tin":{"type":"ein","value":"824015028"},"service_code":["11"],"billing_class":"professional","payments":[{"allowed_amount":136.35,"billing_code_modifier":[""],"providers":[{"billed_charge":300.00,"npi":[1669973384,1881983500]},{"billed_charge":350.00,"npi":[1669973384,1881983500]},{"billed_charge":1268.00,"npi":[1669973384,1881983500]}]},{"allowed_amount":136.35,"billing_code_modifier":[""],"providers":[{"billed_charge":300.00,"npi":[1669973384,1881983500]},{"billed_charge":350.00,"npi":[1669973384,1881983500]},{"billed_charge":1268.00,"npi":[1669973384,1881983500]}]},{"allowed_amount":136.35,"billing_code_modifier":[""],"providers":[{"billed_charge":300.00,"npi":[1669973384,1881983500]},{"billed_charge":350.00,"npi":[1669973384,1881983500]},{"billed_charge":1268.00,"npi":[1669973384,1881983500]}]}]},{"tin":{"type":"ein","value":"824015028"},"service_code":["11"],"billing_class":"professional","payments":[{"allowed_amount":136.35,"billing_code_modifier":[""],"providers":[{"billed_charge":300.00,"npi":[1669973384,1881983500]},{"billed_charge":350.00,"npi":[1669973384,1881983500]},{"billed_charge":1268.00,"npi":[1669973384,1881983500]}]},{"allowed_amount":136.35,"billing_code_modifier":[""],"providers":[{"billed_charge":300.00,"npi":[1669973384,1881983500]},{"billed_charge":350.00,"npi":[1669973384,1881983500]},{"billed_charge":1268.00,"npi":[1669973384,1881983500]}]},{"allowed_amount":136.35,"billing_code_modifier":[""],"providers":[{"billed_charge":300.00,"npi":[1669973384,1881983500]},{"billed_charge":350.00,"npi":[1669973384,1881983500]},{"billed_charge":1268.00,"npi":[1669973384,1881983500]}]}]},{"tin":{"type":"ein","value":"824015028"},"service_code":["11"],"billing_class":"professional","payments":[{"allowed_amount":136.35,"billing_code_modifier":[""],"providers":[{"billed_charge":300.00,"npi":[1669973384,1881983500]},{"billed_charge":350.00,"npi":[1669973384,1881983500]},{"billed_charge":1268.00,"npi":[1669973384,1881983500]}]},{"allowed_amount":136.35,"billing_code_modifier":[""],"providers":[{"billed_charge":300.00,"npi":[1669973384,1881983500]},{"billed_charge":350.00,"npi":[1669973384,1881983500]},{"billed_charge":1268.00,"npi":[1669973384,1881983500]}]},{"allowed_amount":136.35,"billing_code_modifier":[""],"providers":[{"billed_charge":300.00,"npi":[1669973384,1881983500]},{"billed_charge":350.00,"npi":[1669973384,1881983500]},{"billed_charge":1268.00,"npi":[1669973384,1881983500]}]}]}]},{"name":"PSYCHIATRIC\/PSYCHOLOGICAL SVCS: PARTIAL HOSP - LES","billing_code_type":"RC","billing_code_type_version":"UB04","billing_code":"0912","description":"PSYCHIATRIC\/PSYCHOLOGICAL SVCS: PARTIAL HOSP - LES","allowed_amounts":[{"tin":{"type":"ein","value":"320532792"},"service_code":["22"],"billing_class":"institutional","payments":[{"allowed_amount":182.19,"billing_code_modifier":[""],"providers":[{"billed_charge":2750.00,"npi":[1598272098]}]}]}]},{"name":"PSYCHOTHERAPY W\/PATIENT 45 MINUTES","billing_code_type":"CPT","billing_code_type_version":"2020","billing_code":"90834","description":"PSYCHOTHERAPY W\/PATIENT 45 MINUTES","allowed_amounts":[{"tin":{"type":"ein","value":"320532792"},"service_code":["11"],"billing_class":"professional","payments":[{"allowed_amount":73.75,"billing_code_modifier":[""],"providers":[{"billed_charge":1000.00,"npi":[1386703577,1598272098,1952921249]}]}]}]},{"name":"STRAPPING KNEE","billing_code_type":"CPT","billing_code_type_version":"2020","billing_code":"29530","description":"STRAPPING KNEE","allowed_amounts":[{"tin":{"type":"ein","value":"331162859"},"service_code":["11"],"billing_class":"professional","payments":[{"allowed_amount":43.94,"billing_code_modifier":[""],"providers":[{"billed_charge":190.00,"npi":[1003344540,1104385947,1740892421]}]}]}]},{"name":"THERAPEUT ACTVITY DIRECT PT CONTACT EACH 15 MIN","billing_code_type":"CPT","billing_code_type_version":"2020","billing_code":"97530","description":"THERAPEUT ACTVITY DIRECT PT CONTACT EACH 15 MIN","allowed_amounts":[{"tin":{"type":"ein","value":"331162859"},"service_code":["11"],"billing_class":"professional","payments":[{"allowed_amount":54.93,"billing_code_modifier":[""],"providers":[{"billed_charge":150.00,"npi":[1003344540,1104385947,1740892421]}]}]}]},{"name":"THERAPEUTIC PX 1\/> AREAS EACH 15 MIN EXERCISES","billing_code_type":"CPT","billing_code_type_version":"2020","billing_code":"97110","description":"THERAPEUTIC PX 1\/> AREAS EACH 15 MIN EXERCISES","allowed_amounts":[{"tin":{"type":"ein","value":"331162859"},"service_code":["11"],"billing_class":"professional","payments":[{"allowed_amount":43.94,"billing_code_modifier":[""],"providers":[{"billed_charge":150.00,"npi":[1003344540,1104385947,1740892421]}]}]},{"tin":{"type":"ein","value":"611513960"},"service_code":["11"],"billing_class":"professional","payments":[{"allowed_amount":0.00,"billing_code_modifier":[""],"providers":[{"billed_charge":120.00,"npi":[1740509132]}]}]},{"tin":{"type":"ein","value":"832164173"},"service_code":["11"],"billing_class":"professional","payments":[{"allowed_amount":0.00,"billing_code_modifier":[""],"providers":[{"billed_charge":103.00,"npi":[1215143078,1851953848]}]}]},{"tin":{"type":"ein","value":"842552011"},"service_code":["11"],"billing_class":"professional","payments":[{"allowed_amount":0.00,"billing_code_modifier":[""],"providers":[{"billed_charge":65.00,"npi":[1164960043,1609409796,1912557190]}]}]}]},{"name":"TX SPEECH LANG VOICE COMMJ&\/AUD PROC DO INDIV","billing_code_type":"CPT","billing_code_type_version":"2020","billing_code":"92507","description":"TX SPEECH LANG VOICE COMMJ&\/AUD PROC DO INDIV","allowed_amounts":[{"tin":{"type":"ein","value":"262488795"},"service_code":["11"],"billing_class":"professional","payments":[{"allowed_amount":91.86,"billing_code_modifier":[""],"providers":[{"billed_charge":155.00,"npi":[1063176279,1245592021]},{"billed_charge":206.00,"npi":[1063176279,1245592021]}]},{"allowed_amount":91.86,"billing_code_modifier":[""],"providers":[{"billed_charge":155.00,"npi":[1063176279,1245592021]},{"billed_charge":206.00,"npi":[1063176279,1245592021]}]}]},{"tin":{"type":"ein","value":"262488795"},"service_code":["11"],"billing_class":"professional","payments":[{"allowed_amount":91.86,"billing_code_modifier":[""],"providers":[{"billed_charge":155.00,"npi":[1063176279,1245592021]},{"billed_charge":206.00,"npi":[1063176279,1245592021]}]},{"allowed_amount":91.86,"billing_code_modifier":[""],"providers":[{"billed_charge":155.00,"npi":[1063176279,1245592021]},{"billed_charge":206.00,"npi":[1063176279,1245592021]}]}]},{"tin":{"type":"ein","value":"471704312"},"service_code":["12"],"billing_class":"professional","payments":[{"allowed_amount":55.18,"billing_code_modifier":[""],"providers":[{"billed_charge":128.00,"npi":[1689063216]}]}]}]}]}
