{"reporting_entity_name": "IEC Group_DBA AmeriBen",
	"reporting_entity_type": "Third Party Administrator",
	"plan_name": "WHITE CAP LTD",
	"plan_id_type": "ein",
	"plan_id": "260100647",
	"plan_market_type": "group",
	"last_updated_on": "2025-09-01","Version": "1.0.0","out_of_network":[{"name":"ADAPTIVE BEHAVIOR TX BY PROTOCOL TECH EA 15 MIN","billing_code_type":"CPT","billing_code_type_version":"2020","billing_code":"97153","description":"ADAPTIVE BEHAVIOR TX BY PROTOCOL TECH EA 15 MIN","allowed_amounts":[{"tin":{"type":"ein","value":"931946119"},"service_code":["12"],"billing_class":"professional","payments":[{"allowed_amount":577.26,"billing_code_modifier":[""],"providers":[{"billed_charge":5940.00,"npi":[1003412891,1538740824,1538848288]}]}]},{"tin":{"type":"ein","value":"931946119"},"service_code":["12"],"billing_class":"professional","payments":[{"allowed_amount":629.15,"billing_code_modifier":[""],"providers":[{"billed_charge":5940.00,"npi":[1003412891,1538848288,1679170310]}]}]},{"tin":{"type":"ein","value":"931946119"},"service_code":["12"],"billing_class":"professional","payments":[{"allowed_amount":649.31,"billing_code_modifier":[""],"providers":[{"billed_charge":5940.00,"npi":[1538740824,1538848288,1679170310]}]}]},{"tin":{"type":"ein","value":"352632246"},"service_code":["11"],"billing_class":"professional","payments":[{"allowed_amount":400.00,"billing_code_modifier":[""],"providers":[{"billed_charge":400.00,"npi":[1427839448,1558841163]}]}]}]},{"name":"CCPD OPD\/HOME: CCPD COMP OR OTHER RATE","billing_code_type":"RC","billing_code_type_version":"UB04","billing_code":"0851","description":"CCPD OPD\/HOME: CCPD COMP OR OTHER RATE","allowed_amounts":[{"tin":{"type":"ein","value":"201796650"},"service_code":["65"],"billing_class":"institutional","payments":[{"allowed_amount":261.63,"billing_code_modifier":[""],"providers":[{"billed_charge":4582.36,"npi":[1619114014,1760584411]}]}]},{"tin":{"type":"ein","value":"201796650"},"service_code":["65"],"billing_class":"institutional","payments":[{"allowed_amount":325.16,"billing_code_modifier":[""],"providers":[{"billed_charge":4582.36,"npi":[1619114014,1760584411]}]}]},{"tin":{"type":"ein","value":"472449322"},"service_code":["65"],"billing_class":"institutional","payments":[{"allowed_amount":345.34,"billing_code_modifier":[""],"providers":[{"billed_charge":3671.00,"npi":[1083677579,1548652167]}]}]},{"tin":{"type":"ein","value":"472449322"},"service_code":["65"],"billing_class":"institutional","payments":[{"allowed_amount":364.32,"billing_code_modifier":[""],"providers":[{"billed_charge":3671.00,"npi":[1083677579,1548652167]}]}]}]},{"name":"CHIROPRACTIC MANIPULATIVE TX SPINAL 5 REGIONS","billing_code_type":"CPT","billing_code_type_version":"2020","billing_code":"98942","description":"CHIROPRACTIC MANIPULATIVE TX SPINAL 5 REGIONS","allowed_amounts":[{"tin":{"type":"ein","value":"770335180"},"service_code":["11"],"billing_class":"professional","payments":[{"allowed_amount":65.51,"billing_code_modifier":[""],"providers":[{"billed_charge":90.00,"npi":[1245446400,1477584902]}]}]}]},{"name":"COMPREHENSIVE METABOLIC PANEL","billing_code_type":"CPT","billing_code_type_version":"2020","billing_code":"80053","description":"COMPREHENSIVE METABOLIC PANEL","allowed_amounts":[{"tin":{"type":"ein","value":"810576059"},"service_code":["81"],"billing_class":"professional","payments":[{"allowed_amount":12.67,"billing_code_modifier":[""],"providers":[{"billed_charge":21.12,"npi":[1235186800,1811199946]}]}]},{"tin":{"type":"ein","value":"821623492"},"service_code":["81"],"billing_class":"professional","payments":[{"allowed_amount":12.67,"billing_code_modifier":[""],"providers":[{"billed_charge":101.40,"npi":[1275635070,1669990701]}]}]},{"tin":{"type":"ein","value":"823146637"},"service_code":["81"],"billing_class":"professional","payments":[{"allowed_amount":12.67,"billing_code_modifier":[""],"providers":[{"billed_charge":35.22,"npi":[1659790848,1861994600]}]}]},{"tin":{"type":"ein","value":"831005259"},"service_code":["81"],"billing_class":"professional","payments":[{"allowed_amount":12.67,"billing_code_modifier":[""],"providers":[{"billed_charge":31.68,"npi":[1174092548,1417236845]}]}]},{"tin":{"type":"ein","value":"840611484"},"service_code":["81"],"billing_class":"professional","payments":[{"allowed_amount":12.67,"billing_code_modifier":[""],"providers":[{"billed_charge":51.50,"npi":[1255314704,1710514591]},{"billed_charge":61.43,"npi":[1023003100,1255314704]}]},{"allowed_amount":12.67,"billing_code_modifier":[""],"providers":[{"billed_charge":51.50,"npi":[1255314704,1710514591]},{"billed_charge":61.43,"npi":[1023003100,1255314704]}]}]},{"tin":{"type":"ein","value":"840611484"},"service_code":["81"],"billing_class":"professional","payments":[{"allowed_amount":12.67,"billing_code_modifier":[""],"providers":[{"billed_charge":51.50,"npi":[1255314704,1710514591]},{"billed_charge":61.43,"npi":[1023003100,1255314704]}]},{"allowed_amount":12.67,"billing_code_modifier":[""],"providers":[{"billed_charge":51.50,"npi":[1255314704,1710514591]},{"billed_charge":61.43,"npi":[1023003100,1255314704]}]}]},{"tin":{"type":"ein","value":"860872873"},"service_code":["81"],"billing_class":"professional","payments":[{"allowed_amount":12.67,"billing_code_modifier":[""],"providers":[{"billed_charge":34.94,"npi":[1134236516,1538105366]}]}]},{"tin":{"type":"ein","value":"030473376"},"service_code":["81"],"billing_class":"professional","payments":[{"allowed_amount":12.67,"billing_code_modifier":[""],"providers":[{"billed_charge":36.00,"npi":[1043209950,1417062076]}]}]},{"tin":{"type":"ein","value":"201236503"},"service_code":["81"],"billing_class":"professional","payments":[{"allowed_amount":12.67,"billing_code_modifier":[""],"providers":[{"billed_charge":42.24,"npi":[1194880583,1225110497]}]}]},{"tin":{"type":"ein","value":"382084239"},"service_code":["81"],"billing_class":"professional","payments":[{"allowed_amount":12.67,"billing_code_modifier":[""],"providers":[{"billed_charge":71.85,"npi":[1720506975,1891731626]}]}]}]},{"name":"DRUG TEST DEF 1-7 CLASSES","billing_code_type":"HCPCS","billing_code_type_version":"HCPCS LEVEL II 2021","billing_code":"G0480","description":"DRUG TEST DEF 1-7 CLASSES","allowed_amounts":[{"tin":{"type":"ein","value":"832278458"},"service_code":["11"],"billing_class":"professional","payments":[{"allowed_amount":137.32,"billing_code_modifier":[""],"providers":[{"billed_charge":245.00,"npi":[1194294587,1710970801]}]}]},{"tin":{"type":"ein","value":"843045583"},"service_code":["81"],"billing_class":"professional","payments":[{"allowed_amount":137.32,"billing_code_modifier":[""],"providers":[{"billed_charge":1797.31,"npi":[1225258965,1508499393]}]}]},{"tin":{"type":"ein","value":"475605297"},"service_code":["81"],"billing_class":"professional","payments":[{"allowed_amount":137.32,"billing_code_modifier":[""],"providers":[{"billed_charge":228.86,"npi":[1134588817,1336175256]},{"billed_charge":457.72,"npi":[1134588817,1336175256]}]},{"allowed_amount":137.32,"billing_code_modifier":[""],"providers":[{"billed_charge":228.86,"npi":[1134588817,1336175256]},{"billed_charge":457.72,"npi":[1134588817,1336175256]}]}]},{"tin":{"type":"ein","value":"475605297"},"service_code":["81"],"billing_class":"professional","payments":[{"allowed_amount":137.32,"billing_code_modifier":[""],"providers":[{"billed_charge":228.86,"npi":[1134588817,1336175256]},{"billed_charge":457.72,"npi":[1134588817,1336175256]}]},{"allowed_amount":137.32,"billing_code_modifier":[""],"providers":[{"billed_charge":228.86,"npi":[1134588817,1336175256]},{"billed_charge":457.72,"npi":[1134588817,1336175256]}]}]}]},{"name":"DRUG TEST DEF 22+ CLASSES","billing_code_type":"HCPCS","billing_code_type_version":"HCPCS LEVEL II 2021","billing_code":"G0483","description":"DRUG TEST DEF 22+ CLASSES","allowed_amounts":[{"tin":{"type":"ein","value":"880241758"},"service_code":["81"],"billing_class":"professional","payments":[{"allowed_amount":296.30,"billing_code_modifier":[""],"providers":[{"billed_charge":926.00,"npi":[1629573936,1699782722,1760616858]}]}]},{"tin":{"type":"ein","value":"261565558"},"service_code":["81"],"billing_class":"professional","payments":[{"allowed_amount":296.30,"billing_code_modifier":[""],"providers":[{"billed_charge":499.00,"npi":[1497933162,1558510453]}]}]},{"tin":{"type":"ein","value":"450454268"},"service_code":["81"],"billing_class":"professional","payments":[{"allowed_amount":296.30,"billing_code_modifier":[""],"providers":[{"billed_charge":617.30,"npi":[1588004410,1922133206,1962102087]}]}]}]},{"name":"DRUG TST PRSMV INSTRMNT CHEM ANALYZERS PR DATE","billing_code_type":"CPT","billing_code_type_version":"2020","billing_code":"80307","description":"DRUG TST PRSMV INSTRMNT CHEM ANALYZERS PR DATE","allowed_amounts":[{"tin":{"type":"ein","value":"830604071"},"service_code":["81"],"billing_class":"professional","payments":[{"allowed_amount":74.57,"billing_code_modifier":[""],"providers":[{"billed_charge":309.00,"npi":[1578826723,1972094423]}]}]},{"tin":{"type":"ein","value":"832278458"},"service_code":["11"],"billing_class":"professional","payments":[{"allowed_amount":74.57,"billing_code_modifier":[""],"providers":[{"billed_charge":166.38,"npi":[1194294587,1710970801]}]}]},{"tin":{"type":"ein","value":"833897135"},"service_code":["11"],"billing_class":"professional","payments":[{"allowed_amount":74.57,"billing_code_modifier":[""],"providers":[{"billed_charge":100.00,"npi":[1831651876,1841519006]}]}]},{"tin":{"type":"ein","value":"843045583"},"service_code":["81"],"billing_class":"professional","payments":[{"allowed_amount":74.57,"billing_code_modifier":[""],"providers":[{"billed_charge":4275.28,"npi":[1225258965,1508499393]}]}]},{"tin":{"type":"ein","value":"883286578"},"service_code":["81"],"billing_class":"professional","payments":[{"allowed_amount":74.57,"billing_code_modifier":[""],"providers":[{"billed_charge":2300.00,"npi":[1285842989,1366150773]}]}]},{"tin":{"type":"ein","value":"932666543"},"service_code":["81"],"billing_class":"professional","payments":[{"allowed_amount":74.57,"billing_code_modifier":[""],"providers":[{"billed_charge":190.00,"npi":[1073398723,1225765019]}]}]},{"tin":{"type":"ein","value":"261565558"},"service_code":["81"],"billing_class":"professional","payments":[{"allowed_amount":74.57,"billing_code_modifier":[""],"providers":[{"billed_charge":124.00,"npi":[1497933162,1558510453]}]}]},{"tin":{"type":"ein","value":"450454268"},"service_code":["81"],"billing_class":"professional","payments":[{"allowed_amount":74.57,"billing_code_modifier":[""],"providers":[{"billed_charge":155.35,"npi":[1588004410,1922133206,1962102087]}]}]},{"tin":{"type":"ein","value":"463888502"},"service_code":["11"],"billing_class":"professional","payments":[{"allowed_amount":74.57,"billing_code_modifier":[""],"providers":[{"billed_charge":497.12,"npi":[1003246299,1225006752]}]}]},{"tin":{"type":"ein","value":"475605297"},"service_code":["81"],"billing_class":"professional","payments":[{"allowed_amount":74.57,"billing_code_modifier":[""],"providers":[{"billed_charge":124.28,"npi":[1134588817,1336175256]},{"billed_charge":248.56,"npi":[1134588817,1336175256]}]},{"allowed_amount":74.57,"billing_code_modifier":[""],"providers":[{"billed_charge":124.28,"npi":[1134588817,1336175256]},{"billed_charge":248.56,"npi":[1134588817,1336175256]}]}]},{"tin":{"type":"ein","value":"475605297"},"service_code":["81"],"billing_class":"professional","payments":[{"allowed_amount":74.57,"billing_code_modifier":[""],"providers":[{"billed_charge":124.28,"npi":[1134588817,1336175256]},{"billed_charge":248.56,"npi":[1134588817,1336175256]}]},{"allowed_amount":74.57,"billing_code_modifier":[""],"providers":[{"billed_charge":124.28,"npi":[1134588817,1336175256]},{"billed_charge":248.56,"npi":[1134588817,1336175256]}]}]}]},{"name":"IADNA NOS AMPLIFIED PROBE TQ EACH ORGANISM","billing_code_type":"CPT","billing_code_type_version":"2020","billing_code":"87798","description":"IADNA NOS AMPLIFIED PROBE TQ EACH ORGANISM","allowed_amounts":[{"tin":{"type":"ein","value":"223510467"},"service_code":["81"],"billing_class":"professional","payments":[{"allowed_amount":42.11,"billing_code_modifier":[""],"providers":[{"billed_charge":130.00,"npi":[1275927634,1750373908]}]}]}]},{"name":"LABORATORY - CLINICAL DIAGNOSTIC: NONROUTINE DIALY","billing_code_type":"RC","billing_code_type_version":"UB04","billing_code":"0304","description":"LABORATORY - CLINICAL DIAGNOSTIC: NONROUTINE DIALY","allowed_amounts":[{"tin":{"type":"ein","value":"364291598"},"service_code":["65"],"billing_class":"institutional","payments":[{"allowed_amount":103.43,"billing_code_modifier":[""],"providers":[{"billed_charge":103.43,"npi":[1033131925,1184945552,1548329840]}]}]}]},{"name":"LIPID PANEL","billing_code_type":"CPT","billing_code_type_version":"2020","billing_code":"80061","description":"LIPID PANEL","allowed_amounts":[{"tin":{"type":"ein","value":"810576059"},"service_code":["81"],"billing_class":"professional","payments":[{"allowed_amount":16.07,"billing_code_modifier":[""],"providers":[{"billed_charge":56.16,"npi":[1164699435,1235186800,1811199946,1992042402]}]}]},{"tin":{"type":"ein","value":"821623492"},"service_code":["81"],"billing_class":"professional","payments":[{"allowed_amount":16.07,"billing_code_modifier":[""],"providers":[{"billed_charge":128.52,"npi":[1275635070,1669990701]}]}]},{"tin":{"type":"ein","value":"823146637"},"service_code":["81"],"billing_class":"professional","payments":[{"allowed_amount":16.07,"billing_code_modifier":[""],"providers":[{"billed_charge":44.64,"npi":[1659790848,1861994600]}]}]},{"tin":{"type":"ein","value":"831005259"},"service_code":["81"],"billing_class":"professional","payments":[{"allowed_amount":16.07,"billing_code_modifier":[""],"providers":[{"billed_charge":40.17,"npi":[1174092548,1417236845]}]}]},{"tin":{"type":"ein","value":"840611484"},"service_code":["81"],"billing_class":"professional","payments":[{"allowed_amount":16.07,"billing_code_modifier":[""],"providers":[{"billed_charge":111.65,"npi":[1184664583,1255314704]},{"billed_charge":116.02,"npi":[1023003100,1255314704]}]},{"allowed_amount":16.07,"billing_code_modifier":[""],"providers":[{"billed_charge":111.65,"npi":[1184664583,1255314704]},{"billed_charge":116.02,"npi":[1023003100,1255314704]}]}]},{"tin":{"type":"ein","value":"840611484"},"service_code":["81"],"billing_class":"professional","payments":[{"allowed_amount":16.07,"billing_code_modifier":[""],"providers":[{"billed_charge":111.65,"npi":[1184664583,1255314704]},{"billed_charge":116.02,"npi":[1023003100,1255314704]}]},{"allowed_amount":16.07,"billing_code_modifier":[""],"providers":[{"billed_charge":111.65,"npi":[1184664583,1255314704]},{"billed_charge":116.02,"npi":[1023003100,1255314704]}]}]},{"tin":{"type":"ein","value":"880241758"},"service_code":["81"],"billing_class":"professional","payments":[{"allowed_amount":16.07,"billing_code_modifier":[""],"providers":[{"billed_charge":50.21,"npi":[1629573936,1699782722]}]}]},{"tin":{"type":"ein","value":"201236503"},"service_code":["81"],"billing_class":"professional","payments":[{"allowed_amount":16.07,"billing_code_modifier":[""],"providers":[{"billed_charge":53.56,"npi":[1194880583,1225110497]}]}]}]},{"name":"OFFICE\/OUTPATIENT ESTABLISHED LOW MDM 20 MIN","billing_code_type":"CPT","billing_code_type_version":"2020","billing_code":"99213","description":"OFFICE\/OUTPATIENT ESTABLISHED LOW MDM 20 MIN","allowed_amounts":[{"tin":{"type":"ein","value":"931752856"},"service_code":["11"],"billing_class":"professional","payments":[{"allowed_amount":107.09,"billing_code_modifier":[""],"providers":[{"billed_charge":595.00,"npi":[1235107772,1528801594,1619740719]}]}]},{"tin":{"type":"ein","value":"582092768"},"service_code":["11"],"billing_class":"professional","payments":[{"allowed_amount":107.09,"billing_code_modifier":[""],"providers":[{"billed_charge":253.00,"npi":[1780247353,1912956046]}]}]}]},{"name":"OTHER THERAPEUTIC SERV: ALCOHOL REHAB","billing_code_type":"RC","billing_code_type_version":"UB04","billing_code":"0945","description":"OTHER THERAPEUTIC SERV: ALCOHOL REHAB","allowed_amounts":[{"tin":{"type":"ein","value":"931752856"},"service_code":["22"],"billing_class":"institutional","payments":[{"allowed_amount":319.75,"billing_code_modifier":[""],"providers":[{"billed_charge":4250.00,"npi":[1235107772,1528801594]}]}]}]},{"name":"PSYCHIATRIC\/PSYCHOLOGICAL SVCS: PARTIAL HOSP - LES","billing_code_type":"RC","billing_code_type_version":"UB04","billing_code":"0912","description":"PSYCHIATRIC\/PSYCHOLOGICAL SVCS: PARTIAL HOSP - LES","allowed_amounts":[{"tin":{"type":"ein","value":"874670929"},"service_code":["22","52","99"],"billing_class":"institutional","payments":[{"allowed_amount":303.82,"billing_code_modifier":[""],"providers":[{"billed_charge":4650.00,"npi":[1629793393]}]}]},{"tin":{"type":"ein","value":"883528378"},"service_code":["22"],"billing_class":"institutional","payments":[{"allowed_amount":353.03,"billing_code_modifier":[""],"providers":[{"billed_charge":4000.00,"npi":[1720797574,1992758007]}]}]}]},{"name":"PSYCHIATRIC\/PSYCHOLOGICAL TRT: INTENSIVE OUT SERV","billing_code_type":"RC","billing_code_type_version":"UB04","billing_code":"0906","description":"PSYCHIATRIC\/PSYCHOLOGICAL TRT: INTENSIVE OUT SERV","allowed_amounts":[{"tin":{"type":"ein","value":"863008699"},"service_code":["22"],"billing_class":"institutional","payments":[{"allowed_amount":319.75,"billing_code_modifier":[""],"providers":[{"billed_charge":2750.00,"npi":[1063092294]}]}]},{"tin":{"type":"ein","value":"872848652"},"service_code":["22","99"],"billing_class":"institutional","payments":[{"allowed_amount":319.75,"billing_code_modifier":[""],"providers":[{"billed_charge":2500.00,"npi":[1083379101,1558510453]}]}]}]},{"name":"SBSQ HOSPITAL IP\/OBS CARE MOD MDM 35 MINUTES","billing_code_type":"CPT","billing_code_type_version":"2020","billing_code":"99232","description":"SBSQ HOSPITAL IP\/OBS CARE MOD MDM 35 MINUTES","allowed_amounts":[{"tin":{"type":"ein","value":"471730351"},"service_code":["21"],"billing_class":"professional","payments":[{"allowed_amount":72.13,"billing_code_modifier":[""],"providers":[{"billed_charge":108.00,"npi":[1174926299,1720156722,1790158848,1891421749]}]}]}]}]}
