{"reporting_entity_name": "IEC Group_DBA AmeriBen",
	"reporting_entity_type": "Third Party Administrator",
	"plan_name": "THE FRIEDKIN GROUP INC",
	"plan_id_type": "ein",
	"plan_id": "275549425",
	"plan_market_type": "group",
	"last_updated_on": "2025-03-03","Version": "1.0.0","out_of_network":[{"name":"CCPD OPD\/HOME: CCPD COMP OR OTHER RATE","billing_code_type":"RC","billing_code_type_version":"UB04","billing_code":"0851","description":"CCPD OPD\/HOME: CCPD COMP OR OTHER RATE","allowed_amounts":[{"tin":{"type":"ein","value":"471728215"},"service_code":["65"],"billing_class":"institutional","payments":[{"allowed_amount":185.06,"billing_code_modifier":[""],"providers":[{"billed_charge":3543.00,"npi":[1326440595,1679552897]}]}]},{"tin":{"type":"ein","value":"471728215"},"service_code":["65"],"billing_class":"institutional","payments":[{"allowed_amount":419.35,"billing_code_modifier":[""],"providers":[{"billed_charge":3543.00,"npi":[1326440595,1679552897]}]}]},{"tin":{"type":"ein","value":"471728215"},"service_code":["65"],"billing_class":"institutional","payments":[{"allowed_amount":426.26,"billing_code_modifier":[""],"providers":[{"billed_charge":3543.00,"npi":[1326440595,1679552897]}]}]}]},{"name":"EMERGENCY DEPARTMENT VISIT HIGH MDM","billing_code_type":"CPT","billing_code_type_version":"2020","billing_code":"99285","description":"EMERGENCY DEPARTMENT VISIT HIGH MDM","allowed_amounts":[{"tin":{"type":"ein","value":"463902289"},"service_code":["23"],"billing_class":"professional","payments":[{"allowed_amount":324.22,"billing_code_modifier":[""],"providers":[{"billed_charge":1356.00,"npi":[1023439114,1366488298,1467478313,1477561199]}]}]},{"tin":{"type":"ein","value":"464198668"},"service_code":["23"],"billing_class":"professional","payments":[{"allowed_amount":324.22,"billing_code_modifier":[""],"providers":[{"billed_charge":2519.19,"npi":[1245385079,1679994941]}]}]},{"tin":{"type":"ein","value":"474866295"},"service_code":["23"],"billing_class":"professional","payments":[{"allowed_amount":324.22,"billing_code_modifier":[""],"providers":[{"billed_charge":37800.00,"npi":[1942305941,1992172019]}]}]},{"tin":{"type":"ein","value":"814581950"},"service_code":["23"],"billing_class":"professional","payments":[{"allowed_amount":324.22,"billing_code_modifier":[""],"providers":[{"billed_charge":4245.12,"npi":[1487186649,1750330932]}]}]},{"tin":{"type":"ein","value":"920750962"},"service_code":["23"],"billing_class":"professional","payments":[{"allowed_amount":324.22,"billing_code_modifier":[""],"providers":[{"billed_charge":1104.74,"npi":[1033444245,1871210138]}]}]},{"tin":{"type":"ein","value":"931575907"},"service_code":["23"],"billing_class":"professional","payments":[{"allowed_amount":324.22,"billing_code_modifier":[""],"providers":[{"billed_charge":4245.12,"npi":[1760795454,1841270006,1922792308]}]}]},{"tin":{"type":"ein","value":"993991604"},"service_code":["23"],"billing_class":"professional","payments":[{"allowed_amount":324.22,"billing_code_modifier":[""],"providers":[{"billed_charge":2849.70,"npi":[1003654369,1437405347]}]}]}]},{"name":"EMERGENCY DEPARTMENT VISIT MODERATE MDM","billing_code_type":"CPT","billing_code_type_version":"2020","billing_code":"99284","description":"EMERGENCY DEPARTMENT VISIT MODERATE MDM","allowed_amounts":[{"tin":{"type":"ein","value":"463902289"},"service_code":["23"],"billing_class":"professional","payments":[{"allowed_amount":231.19,"billing_code_modifier":[""],"providers":[{"billed_charge":921.00,"npi":[1023439114,1366488298,1629381538]}]}]},{"tin":{"type":"ein","value":"464198668"},"service_code":["23"],"billing_class":"professional","payments":[{"allowed_amount":231.19,"billing_code_modifier":[""],"providers":[{"billed_charge":1845.04,"npi":[1679994941,1851370027]}]}]},{"tin":{"type":"ein","value":"472003367"},"service_code":["23"],"billing_class":"professional","payments":[{"allowed_amount":231.19,"billing_code_modifier":[""],"providers":[{"billed_charge":940.50,"npi":[1033444245,1174989404]}]}]},{"tin":{"type":"ein","value":"814581950"},"service_code":["23"],"billing_class":"professional","payments":[{"allowed_amount":231.19,"billing_code_modifier":[""],"providers":[{"billed_charge":3612.33,"npi":[1225368319,1487186649]}]}]},{"tin":{"type":"ein","value":"822011338"},"service_code":["23"],"billing_class":"professional","payments":[{"allowed_amount":231.19,"billing_code_modifier":[""],"providers":[{"billed_charge":2750.00,"npi":[1336470426,1528583366]}]}]},{"tin":{"type":"ein","value":"862559925"},"service_code":["23"],"billing_class":"professional","payments":[{"allowed_amount":231.19,"billing_code_modifier":[""],"providers":[{"billed_charge":2750.00,"npi":[1033539861,1912586637]}]}]},{"tin":{"type":"ein","value":"863438956"},"service_code":["23"],"billing_class":"professional","payments":[{"allowed_amount":231.19,"billing_code_modifier":[""],"providers":[{"billed_charge":1429.77,"npi":[1407089154,1649326216,1780268748]}]}]},{"tin":{"type":"ein","value":"883136684"},"service_code":["23"],"billing_class":"professional","payments":[{"allowed_amount":231.19,"billing_code_modifier":[""],"providers":[{"billed_charge":5049.58,"npi":[1063134534,1639335417]}]}]},{"tin":{"type":"ein","value":"931575907"},"service_code":["23"],"billing_class":"professional","payments":[{"allowed_amount":231.19,"billing_code_modifier":[""],"providers":[{"billed_charge":3612.33,"npi":[1508112509,1922792308]}]}]}]},{"name":"PSYCHOTHERAPY W\/PATIENT 45 MINUTES","billing_code_type":"CPT","billing_code_type_version":"2020","billing_code":"90834","description":"PSYCHOTHERAPY W\/PATIENT 45 MINUTES","allowed_amounts":[{"tin":{"type":"ein","value":"842220955"},"service_code":["11"],"billing_class":"professional","payments":[{"allowed_amount":111.98,"billing_code_modifier":[""],"providers":[{"billed_charge":195.00,"npi":[1760640361]}]}]},{"tin":{"type":"ein","value":"931774872"},"service_code":["11"],"billing_class":"professional","payments":[{"allowed_amount":111.98,"billing_code_modifier":[""],"providers":[{"billed_charge":120.00,"npi":[1710724182,1891948428]},{"billed_charge":125.00,"npi":[1710724182]}]},{"allowed_amount":111.98,"billing_code_modifier":[""],"providers":[{"billed_charge":120.00,"npi":[1710724182,1891948428]},{"billed_charge":125.00,"npi":[1710724182]}]}]},{"tin":{"type":"ein","value":"931774872"},"service_code":["11"],"billing_class":"professional","payments":[{"allowed_amount":111.98,"billing_code_modifier":[""],"providers":[{"billed_charge":120.00,"npi":[1710724182,1891948428]},{"billed_charge":125.00,"npi":[1710724182]}]},{"allowed_amount":111.98,"billing_code_modifier":[""],"providers":[{"billed_charge":120.00,"npi":[1710724182,1891948428]},{"billed_charge":125.00,"npi":[1710724182]}]}]}]},{"name":"SERVICES PROVIDED BTW 10 PM&8 AM AT 24-HR FACI","billing_code_type":"CPT","billing_code_type_version":"2020","billing_code":"99053","description":"SERVICES PROVIDED BTW 10 PM&8 AM AT 24-HR FACI","allowed_amounts":[{"tin":{"type":"ein","value":"463902289"},"service_code":["23"],"billing_class":"professional","payments":[{"allowed_amount":0.00,"billing_code_modifier":[""],"providers":[{"billed_charge":200.00,"npi":[1023439114,1366488298,1558393520]}]}]},{"tin":{"type":"ein","value":"464198668"},"service_code":["23"],"billing_class":"professional","payments":[{"allowed_amount":0.00,"billing_code_modifier":[""],"providers":[{"billed_charge":63.20,"npi":[1245385079,1679994941,1851370027]}]}]},{"tin":{"type":"ein","value":"873102441"},"service_code":["23"],"billing_class":"professional","payments":[{"allowed_amount":0.00,"billing_code_modifier":[""],"providers":[{"billed_charge":50.00,"npi":[1538492970,1750044871]},{"billed_charge":409.63,"npi":[1649326216,1750044871]}]},{"allowed_amount":0.00,"billing_code_modifier":[""],"providers":[{"billed_charge":50.00,"npi":[1538492970,1750044871]},{"billed_charge":409.63,"npi":[1649326216,1750044871]}]}]},{"tin":{"type":"ein","value":"873102441"},"service_code":["23"],"billing_class":"professional","payments":[{"allowed_amount":0.00,"billing_code_modifier":[""],"providers":[{"billed_charge":50.00,"npi":[1538492970,1750044871]},{"billed_charge":409.63,"npi":[1649326216,1750044871]}]},{"allowed_amount":0.00,"billing_code_modifier":[""],"providers":[{"billed_charge":50.00,"npi":[1538492970,1750044871]},{"billed_charge":409.63,"npi":[1649326216,1750044871]}]}]},{"tin":{"type":"ein","value":"880262438"},"service_code":["23"],"billing_class":"professional","payments":[{"allowed_amount":0.00,"billing_code_modifier":[""],"providers":[{"billed_charge":44.00,"npi":[1679550149]},{"billed_charge":46.00,"npi":[1366429821]}]},{"allowed_amount":0.00,"billing_code_modifier":[""],"providers":[{"billed_charge":44.00,"npi":[1679550149]},{"billed_charge":46.00,"npi":[1366429821]}]}]},{"tin":{"type":"ein","value":"880262438"},"service_code":["23"],"billing_class":"professional","payments":[{"allowed_amount":0.00,"billing_code_modifier":[""],"providers":[{"billed_charge":44.00,"npi":[1679550149]},{"billed_charge":46.00,"npi":[1366429821]}]},{"allowed_amount":0.00,"billing_code_modifier":[""],"providers":[{"billed_charge":44.00,"npi":[1679550149]},{"billed_charge":46.00,"npi":[1366429821]}]}]},{"tin":{"type":"ein","value":"933910567"},"service_code":["23"],"billing_class":"professional","payments":[{"allowed_amount":0.00,"billing_code_modifier":[""],"providers":[{"billed_charge":55.00,"npi":[1386038750,1548034994]}]}]},{"tin":{"type":"ein","value":"992248967"},"service_code":["23"],"billing_class":"professional","payments":[{"allowed_amount":0.00,"billing_code_modifier":[""],"providers":[{"billed_charge":166.00,"npi":[1124281456,1265284426]}]}]}]},{"name":"THERAPEUT ACTVITY DIRECT PT CONTACT EACH 15 MIN","billing_code_type":"CPT","billing_code_type_version":"2020","billing_code":"97530","description":"THERAPEUT ACTVITY DIRECT PT CONTACT EACH 15 MIN","allowed_amounts":[{"tin":{"type":"ein","value":"473010314"},"service_code":["11"],"billing_class":"professional","payments":[{"allowed_amount":86.66,"billing_code_modifier":[""],"providers":[{"billed_charge":200.00,"npi":[1093035230,1538531041]}]}]},{"tin":{"type":"ein","value":"824634504"},"service_code":["11"],"billing_class":"professional","payments":[{"allowed_amount":86.66,"billing_code_modifier":[""],"providers":[{"billed_charge":155.00,"npi":[1447815964,1548757826]}]}]}]},{"name":"THERAPEUTIC INJECTION IV PUSH EACH NEW DRUG","billing_code_type":"CPT","billing_code_type_version":"2020","billing_code":"96375","description":"THERAPEUTIC INJECTION IV PUSH EACH NEW DRUG","allowed_amounts":[{"tin":{"type":"ein","value":"853315628"},"service_code":["11"],"billing_class":"professional","payments":[{"allowed_amount":11.18,"billing_code_modifier":[""],"providers":[{"billed_charge":2679.05,"npi":[1194320325,1942402979]}]}]}]}]}
