{"reporting_entity_name": "IEC Group_DBA AmeriBen",
	"reporting_entity_type": "Third Party Administrator",
	"plan_name": "ROGERS",
	"plan_id_type": "ein",
	"plan_id": "581539550",
	"plan_market_type": "group",
	"last_updated_on": "2024-08-01","Version": "1.0.0","out_of_network":[{"name":"CCPD OPD\/HOME: CCPD COMP OR OTHER RATE","billing_code_type":"RC","billing_code_type_version":"UB04","billing_code":"0851","description":"CCPD OPD\/HOME: CCPD COMP OR OTHER RATE","allowed_amounts":[{"tin":{"type":"ein","value":"953372911"},"service_code":["65"],"billing_class":"institutional","payments":[{"allowed_amount":319.04,"billing_code_modifier":[""],"providers":[{"billed_charge":3543.00,"npi":[1174558753,1720538556]}]}]},{"tin":{"type":"ein","value":"953372911"},"service_code":["65"],"billing_class":"institutional","payments":[{"allowed_amount":357.97,"billing_code_modifier":[""],"providers":[{"billed_charge":3374.00,"npi":[1174558753,1720538556]}]}]},{"tin":{"type":"ein","value":"953372911"},"service_code":["65"],"billing_class":"institutional","payments":[{"allowed_amount":365.32,"billing_code_modifier":[""],"providers":[{"billed_charge":3543.00,"npi":[1174558753,1720538556]}]}]}]},{"name":"RESIDENTIAL TREATMENT-PSYCHIATRIC","billing_code_type":"RC","billing_code_type_version":"UB04","billing_code":"1001","description":"RESIDENTIAL TREATMENT-PSYCHIATRIC","allowed_amounts":[{"tin":{"type":"ein","value":"871427350"},"service_code":["21"],"billing_class":"institutional","payments":[{"allowed_amount":3480.00,"billing_code_modifier":[""],"providers":[{"billed_charge":5800.00,"npi":[1801816764,1952047128]}]}]}]}]}
