{"reporting_entity_name": "IEC Group_DBA AmeriBen",
	"reporting_entity_type": "Third Party Administrator",
	"plan_name": "AMERICAN COMMERCIAL BARGE LINE",
	"plan_id_type": "ein",
	"plan_id": "030552365",
	"plan_market_type": "group",
	"last_updated_on": "2024-12-01","Version": "1.0.0","out_of_network":[{"name":"LABORATORY - CLINICAL DIAGNOSTIC","billing_code_type":"RC","billing_code_type_version":"UB04","billing_code":"0300","description":"LABORATORY - CLINICAL DIAGNOSTIC","allowed_amounts":[{"tin":{"type":"ein","value":"813447150"},"service_code":["23"],"billing_class":"institutional","payments":[{"allowed_amount":0.00,"billing_code_modifier":[""],"providers":[{"billed_charge":34.00,"npi":[1033648852]},{"billed_charge":61.00,"npi":[1033648852]},{"billed_charge":89.00,"npi":[1033648852]},{"billed_charge":90.00,"npi":[1033648852]},{"billed_charge":96.00,"npi":[1033648852]},{"billed_charge":106.00,"npi":[1033648852]},{"billed_charge":130.00,"npi":[1033648852]},{"billed_charge":132.00,"npi":[1033648852]},{"billed_charge":152.00,"npi":[1033648852]},{"billed_charge":391.00,"npi":[1033648852]}]},{"allowed_amount":0.00,"billing_code_modifier":[""],"providers":[{"billed_charge":34.00,"npi":[1033648852]},{"billed_charge":61.00,"npi":[1033648852]},{"billed_charge":89.00,"npi":[1033648852]},{"billed_charge":90.00,"npi":[1033648852]},{"billed_charge":96.00,"npi":[1033648852]},{"billed_charge":106.00,"npi":[1033648852]},{"billed_charge":130.00,"npi":[1033648852]},{"billed_charge":132.00,"npi":[1033648852]},{"billed_charge":152.00,"npi":[1033648852]},{"billed_charge":391.00,"npi":[1033648852]}]},{"allowed_amount":0.00,"billing_code_modifier":[""],"providers":[{"billed_charge":34.00,"npi":[1033648852]},{"billed_charge":61.00,"npi":[1033648852]},{"billed_charge":89.00,"npi":[1033648852]},{"billed_charge":90.00,"npi":[1033648852]},{"billed_charge":96.00,"npi":[1033648852]},{"billed_charge":106.00,"npi":[1033648852]},{"billed_charge":130.00,"npi":[1033648852]},{"billed_charge":132.00,"npi":[1033648852]},{"billed_charge":152.00,"npi":[1033648852]},{"billed_charge":391.00,"npi":[1033648852]}]},{"allowed_amount":0.00,"billing_code_modifier":[""],"providers":[{"billed_charge":34.00,"npi":[1033648852]},{"billed_charge":61.00,"npi":[1033648852]},{"billed_charge":89.00,"npi":[1033648852]},{"billed_charge":90.00,"npi":[1033648852]},{"billed_charge":96.00,"npi":[1033648852]},{"billed_charge":106.00,"npi":[1033648852]},{"billed_charge":130.00,"npi":[1033648852]},{"billed_charge":132.00,"npi":[1033648852]},{"billed_charge":152.00,"npi":[1033648852]},{"billed_charge":391.00,"npi":[1033648852]}]},{"allowed_amount":0.00,"billing_code_modifier":[""],"providers":[{"billed_charge":34.00,"npi":[1033648852]},{"billed_charge":61.00,"npi":[1033648852]},{"billed_charge":89.00,"npi":[1033648852]},{"billed_charge":90.00,"npi":[1033648852]},{"billed_charge":96.00,"npi":[1033648852]},{"billed_charge":106.00,"npi":[1033648852]},{"billed_charge":130.00,"npi":[1033648852]},{"billed_charge":132.00,"npi":[1033648852]},{"billed_charge":152.00,"npi":[1033648852]},{"billed_charge":391.00,"npi":[1033648852]}]},{"allowed_amount":0.00,"billing_code_modifier":[""],"providers":[{"billed_charge":34.00,"npi":[1033648852]},{"billed_charge":61.00,"npi":[1033648852]},{"billed_charge":89.00,"npi":[1033648852]},{"billed_charge":90.00,"npi":[1033648852]},{"billed_charge":96.00,"npi":[1033648852]},{"billed_charge":106.00,"npi":[1033648852]},{"billed_charge":130.00,"npi":[1033648852]},{"billed_charge":132.00,"npi":[1033648852]},{"billed_charge":152.00,"npi":[1033648852]},{"billed_charge":391.00,"npi":[1033648852]}]},{"allowed_amount":0.00,"billing_code_modifier":[""],"providers":[{"billed_charge":34.00,"npi":[1033648852]},{"billed_charge":61.00,"npi":[1033648852]},{"billed_charge":89.00,"npi":[1033648852]},{"billed_charge":90.00,"npi":[1033648852]},{"billed_charge":96.00,"npi":[1033648852]},{"billed_charge":106.00,"npi":[1033648852]},{"billed_charge":130.00,"npi":[1033648852]},{"billed_charge":132.00,"npi":[1033648852]},{"billed_charge":152.00,"npi":[1033648852]},{"billed_charge":391.00,"npi":[1033648852]}]},{"allowed_amount":0.00,"billing_code_modifier":[""],"providers":[{"billed_charge":34.00,"npi":[1033648852]},{"billed_charge":61.00,"npi":[1033648852]},{"billed_charge":89.00,"npi":[1033648852]},{"billed_charge":90.00,"npi":[1033648852]},{"billed_charge":96.00,"npi":[1033648852]},{"billed_charge":106.00,"npi":[1033648852]},{"billed_charge":130.00,"npi":[1033648852]},{"billed_charge":132.00,"npi":[1033648852]},{"billed_charge":152.00,"npi":[1033648852]},{"billed_charge":391.00,"npi":[1033648852]}]},{"allowed_amount":0.00,"billing_code_modifier":[""],"providers":[{"billed_charge":34.00,"npi":[1033648852]},{"billed_charge":61.00,"npi":[1033648852]},{"billed_charge":89.00,"npi":[1033648852]},{"billed_charge":90.00,"npi":[1033648852]},{"billed_charge":96.00,"npi":[1033648852]},{"billed_charge":106.00,"npi":[1033648852]},{"billed_charge":130.00,"npi":[1033648852]},{"billed_charge":132.00,"npi":[1033648852]},{"billed_charge":152.00,"npi":[1033648852]},{"billed_charge":391.00,"npi":[1033648852]}]},{"allowed_amount":0.00,"billing_code_modifier":[""],"providers":[{"billed_charge":34.00,"npi":[1033648852]},{"billed_charge":61.00,"npi":[1033648852]},{"billed_charge":89.00,"npi":[1033648852]},{"billed_charge":90.00,"npi":[1033648852]},{"billed_charge":96.00,"npi":[1033648852]},{"billed_charge":106.00,"npi":[1033648852]},{"billed_charge":130.00,"npi":[1033648852]},{"billed_charge":132.00,"npi":[1033648852]},{"billed_charge":152.00,"npi":[1033648852]},{"billed_charge":391.00,"npi":[1033648852]}]}]},{"tin":{"type":"ein","value":"813447150"},"service_code":["23"],"billing_class":"institutional","payments":[{"allowed_amount":0.00,"billing_code_modifier":[""],"providers":[{"billed_charge":34.00,"npi":[1033648852]},{"billed_charge":61.00,"npi":[1033648852]},{"billed_charge":89.00,"npi":[1033648852]},{"billed_charge":90.00,"npi":[1033648852]},{"billed_charge":96.00,"npi":[1033648852]},{"billed_charge":106.00,"npi":[1033648852]},{"billed_charge":130.00,"npi":[1033648852]},{"billed_charge":132.00,"npi":[1033648852]},{"billed_charge":152.00,"npi":[1033648852]},{"billed_charge":391.00,"npi":[1033648852]}]},{"allowed_amount":0.00,"billing_code_modifier":[""],"providers":[{"billed_charge":34.00,"npi":[1033648852]},{"billed_charge":61.00,"npi":[1033648852]},{"billed_charge":89.00,"npi":[1033648852]},{"billed_charge":90.00,"npi":[1033648852]},{"billed_charge":96.00,"npi":[1033648852]},{"billed_charge":106.00,"npi":[1033648852]},{"billed_charge":130.00,"npi":[1033648852]},{"billed_charge":132.00,"npi":[1033648852]},{"billed_charge":152.00,"npi":[1033648852]},{"billed_charge":391.00,"npi":[1033648852]}]},{"allowed_amount":0.00,"billing_code_modifier":[""],"providers":[{"billed_charge":34.00,"npi":[1033648852]},{"billed_charge":61.00,"npi":[1033648852]},{"billed_charge":89.00,"npi":[1033648852]},{"billed_charge":90.00,"npi":[1033648852]},{"billed_charge":96.00,"npi":[1033648852]},{"billed_charge":106.00,"npi":[1033648852]},{"billed_charge":130.00,"npi":[1033648852]},{"billed_charge":132.00,"npi":[1033648852]},{"billed_charge":152.00,"npi":[1033648852]},{"billed_charge":391.00,"npi":[1033648852]}]},{"allowed_amount":0.00,"billing_code_modifier":[""],"providers":[{"billed_charge":34.00,"npi":[1033648852]},{"billed_charge":61.00,"npi":[1033648852]},{"billed_charge":89.00,"npi":[1033648852]},{"billed_charge":90.00,"npi":[1033648852]},{"billed_charge":96.00,"npi":[1033648852]},{"billed_charge":106.00,"npi":[1033648852]},{"billed_charge":130.00,"npi":[1033648852]},{"billed_charge":132.00,"npi":[1033648852]},{"billed_charge":152.00,"npi":[1033648852]},{"billed_charge":391.00,"npi":[1033648852]}]},{"allowed_amount":0.00,"billing_code_modifier":[""],"providers":[{"billed_charge":34.00,"npi":[1033648852]},{"billed_charge":61.00,"npi":[1033648852]},{"billed_charge":89.00,"npi":[1033648852]},{"billed_charge":90.00,"npi":[1033648852]},{"billed_charge":96.00,"npi":[1033648852]},{"billed_charge":106.00,"npi":[1033648852]},{"billed_charge":130.00,"npi":[1033648852]},{"billed_charge":132.00,"npi":[1033648852]},{"billed_charge":152.00,"npi":[1033648852]},{"billed_charge":391.00,"npi":[1033648852]}]},{"allowed_amount":0.00,"billing_code_modifier":[""],"providers":[{"billed_charge":34.00,"npi":[1033648852]},{"billed_charge":61.00,"npi":[1033648852]},{"billed_charge":89.00,"npi":[1033648852]},{"billed_charge":90.00,"npi":[1033648852]},{"billed_charge":96.00,"npi":[1033648852]},{"billed_charge":106.00,"npi":[1033648852]},{"billed_charge":130.00,"npi":[1033648852]},{"billed_charge":132.00,"npi":[1033648852]},{"billed_charge":152.00,"npi":[1033648852]},{"billed_charge":391.00,"npi":[1033648852]}]},{"allowed_amount":0.00,"billing_code_modifier":[""],"providers":[{"billed_charge":34.00,"npi":[1033648852]},{"billed_charge":61.00,"npi":[1033648852]},{"billed_charge":89.00,"npi":[1033648852]},{"billed_charge":90.00,"npi":[1033648852]},{"billed_charge":96.00,"npi":[1033648852]},{"billed_charge":106.00,"npi":[1033648852]},{"billed_charge":130.00,"npi":[1033648852]},{"billed_charge":132.00,"npi":[1033648852]},{"billed_charge":152.00,"npi":[1033648852]},{"billed_charge":391.00,"npi":[1033648852]}]},{"allowed_amount":0.00,"billing_code_modifier":[""],"providers":[{"billed_charge":34.00,"npi":[1033648852]},{"billed_charge":61.00,"npi":[1033648852]},{"billed_charge":89.00,"npi":[1033648852]},{"billed_charge":90.00,"npi":[1033648852]},{"billed_charge":96.00,"npi":[1033648852]},{"billed_charge":106.00,"npi":[1033648852]},{"billed_charge":130.00,"npi":[1033648852]},{"billed_charge":132.00,"npi":[1033648852]},{"billed_charge":152.00,"npi":[1033648852]},{"billed_charge":391.00,"npi":[1033648852]}]},{"allowed_amount":0.00,"billing_code_modifier":[""],"providers":[{"billed_charge":34.00,"npi":[1033648852]},{"billed_charge":61.00,"npi":[1033648852]},{"billed_charge":89.00,"npi":[1033648852]},{"billed_charge":90.00,"npi":[1033648852]},{"billed_charge":96.00,"npi":[1033648852]},{"billed_charge":106.00,"npi":[1033648852]},{"billed_charge":130.00,"npi":[1033648852]},{"billed_charge":132.00,"npi":[1033648852]},{"billed_charge":152.00,"npi":[1033648852]},{"billed_charge":391.00,"npi":[1033648852]}]},{"allowed_amount":0.00,"billing_code_modifier":[""],"providers":[{"billed_charge":34.00,"npi":[1033648852]},{"billed_charge":61.00,"npi":[1033648852]},{"billed_charge":89.00,"npi":[1033648852]},{"billed_charge":90.00,"npi":[1033648852]},{"billed_charge":96.00,"npi":[1033648852]},{"billed_charge":106.00,"npi":[1033648852]},{"billed_charge":130.00,"npi":[1033648852]},{"billed_charge":132.00,"npi":[1033648852]},{"billed_charge":152.00,"npi":[1033648852]},{"billed_charge":391.00,"npi":[1033648852]}]}]},{"tin":{"type":"ein","value":"813447150"},"service_code":["23"],"billing_class":"institutional","payments":[{"allowed_amount":0.00,"billing_code_modifier":[""],"providers":[{"billed_charge":34.00,"npi":[1033648852]},{"billed_charge":61.00,"npi":[1033648852]},{"billed_charge":89.00,"npi":[1033648852]},{"billed_charge":90.00,"npi":[1033648852]},{"billed_charge":96.00,"npi":[1033648852]},{"billed_charge":106.00,"npi":[1033648852]},{"billed_charge":130.00,"npi":[1033648852]},{"billed_charge":132.00,"npi":[1033648852]},{"billed_charge":152.00,"npi":[1033648852]},{"billed_charge":391.00,"npi":[1033648852]}]},{"allowed_amount":0.00,"billing_code_modifier":[""],"providers":[{"billed_charge":34.00,"npi":[1033648852]},{"billed_charge":61.00,"npi":[1033648852]},{"billed_charge":89.00,"npi":[1033648852]},{"billed_charge":90.00,"npi":[1033648852]},{"billed_charge":96.00,"npi":[1033648852]},{"billed_charge":106.00,"npi":[1033648852]},{"billed_charge":130.00,"npi":[1033648852]},{"billed_charge":132.00,"npi":[1033648852]},{"billed_charge":152.00,"npi":[1033648852]},{"billed_charge":391.00,"npi":[1033648852]}]},{"allowed_amount":0.00,"billing_code_modifier":[""],"providers":[{"billed_charge":34.00,"npi":[1033648852]},{"billed_charge":61.00,"npi":[1033648852]},{"billed_charge":89.00,"npi":[1033648852]},{"billed_charge":90.00,"npi":[1033648852]},{"billed_charge":96.00,"npi":[1033648852]},{"billed_charge":106.00,"npi":[1033648852]},{"billed_charge":130.00,"npi":[1033648852]},{"billed_charge":132.00,"npi":[1033648852]},{"billed_charge":152.00,"npi":[1033648852]},{"billed_charge":391.00,"npi":[1033648852]}]},{"allowed_amount":0.00,"billing_code_modifier":[""],"providers":[{"billed_charge":34.00,"npi":[1033648852]},{"billed_charge":61.00,"npi":[1033648852]},{"billed_charge":89.00,"npi":[1033648852]},{"billed_charge":90.00,"npi":[1033648852]},{"billed_charge":96.00,"npi":[1033648852]},{"billed_charge":106.00,"npi":[1033648852]},{"billed_charge":130.00,"npi":[1033648852]},{"billed_charge":132.00,"npi":[1033648852]},{"billed_charge":152.00,"npi":[1033648852]},{"billed_charge":391.00,"npi":[1033648852]}]},{"allowed_amount":0.00,"billing_code_modifier":[""],"providers":[{"billed_charge":34.00,"npi":[1033648852]},{"billed_charge":61.00,"npi":[1033648852]},{"billed_charge":89.00,"npi":[1033648852]},{"billed_charge":90.00,"npi":[1033648852]},{"billed_charge":96.00,"npi":[1033648852]},{"billed_charge":106.00,"npi":[1033648852]},{"billed_charge":130.00,"npi":[1033648852]},{"billed_charge":132.00,"npi":[1033648852]},{"billed_charge":152.00,"npi":[1033648852]},{"billed_charge":391.00,"npi":[1033648852]}]},{"allowed_amount":0.00,"billing_code_modifier":[""],"providers":[{"billed_charge":34.00,"npi":[1033648852]},{"billed_charge":61.00,"npi":[1033648852]},{"billed_charge":89.00,"npi":[1033648852]},{"billed_charge":90.00,"npi":[1033648852]},{"billed_charge":96.00,"npi":[1033648852]},{"billed_charge":106.00,"npi":[1033648852]},{"billed_charge":130.00,"npi":[1033648852]},{"billed_charge":132.00,"npi":[1033648852]},{"billed_charge":152.00,"npi":[1033648852]},{"billed_charge":391.00,"npi":[1033648852]}]},{"allowed_amount":0.00,"billing_code_modifier":[""],"providers":[{"billed_charge":34.00,"npi":[1033648852]},{"billed_charge":61.00,"npi":[1033648852]},{"billed_charge":89.00,"npi":[1033648852]},{"billed_charge":90.00,"npi":[1033648852]},{"billed_charge":96.00,"npi":[1033648852]},{"billed_charge":106.00,"npi":[1033648852]},{"billed_charge":130.00,"npi":[1033648852]},{"billed_charge":132.00,"npi":[1033648852]},{"billed_charge":152.00,"npi":[1033648852]},{"billed_charge":391.00,"npi":[1033648852]}]},{"allowed_amount":0.00,"billing_code_modifier":[""],"providers":[{"billed_charge":34.00,"npi":[1033648852]},{"billed_charge":61.00,"npi":[1033648852]},{"billed_charge":89.00,"npi":[1033648852]},{"billed_charge":90.00,"npi":[1033648852]},{"billed_charge":96.00,"npi":[1033648852]},{"billed_charge":106.00,"npi":[1033648852]},{"billed_charge":130.00,"npi":[1033648852]},{"billed_charge":132.00,"npi":[1033648852]},{"billed_charge":152.00,"npi":[1033648852]},{"billed_charge":391.00,"npi":[1033648852]}]},{"allowed_amount":0.00,"billing_code_modifier":[""],"providers":[{"billed_charge":34.00,"npi":[1033648852]},{"billed_charge":61.00,"npi":[1033648852]},{"billed_charge":89.00,"npi":[1033648852]},{"billed_charge":90.00,"npi":[1033648852]},{"billed_charge":96.00,"npi":[1033648852]},{"billed_charge":106.00,"npi":[1033648852]},{"billed_charge":130.00,"npi":[1033648852]},{"billed_charge":132.00,"npi":[1033648852]},{"billed_charge":152.00,"npi":[1033648852]},{"billed_charge":391.00,"npi":[1033648852]}]},{"allowed_amount":0.00,"billing_code_modifier":[""],"providers":[{"billed_charge":34.00,"npi":[1033648852]},{"billed_charge":61.00,"npi":[1033648852]},{"billed_charge":89.00,"npi":[1033648852]},{"billed_charge":90.00,"npi":[1033648852]},{"billed_charge":96.00,"npi":[1033648852]},{"billed_charge":106.00,"npi":[1033648852]},{"billed_charge":130.00,"npi":[1033648852]},{"billed_charge":132.00,"npi":[1033648852]},{"billed_charge":152.00,"npi":[1033648852]},{"billed_charge":391.00,"npi":[1033648852]}]}]},{"tin":{"type":"ein","value":"813447150"},"service_code":["23"],"billing_class":"institutional","payments":[{"allowed_amount":0.00,"billing_code_modifier":[""],"providers":[{"billed_charge":34.00,"npi":[1033648852]},{"billed_charge":61.00,"npi":[1033648852]},{"billed_charge":89.00,"npi":[1033648852]},{"billed_charge":90.00,"npi":[1033648852]},{"billed_charge":96.00,"npi":[1033648852]},{"billed_charge":106.00,"npi":[1033648852]},{"billed_charge":130.00,"npi":[1033648852]},{"billed_charge":132.00,"npi":[1033648852]},{"billed_charge":152.00,"npi":[1033648852]},{"billed_charge":391.00,"npi":[1033648852]}]},{"allowed_amount":0.00,"billing_code_modifier":[""],"providers":[{"billed_charge":34.00,"npi":[1033648852]},{"billed_charge":61.00,"npi":[1033648852]},{"billed_charge":89.00,"npi":[1033648852]},{"billed_charge":90.00,"npi":[1033648852]},{"billed_charge":96.00,"npi":[1033648852]},{"billed_charge":106.00,"npi":[1033648852]},{"billed_charge":130.00,"npi":[1033648852]},{"billed_charge":132.00,"npi":[1033648852]},{"billed_charge":152.00,"npi":[1033648852]},{"billed_charge":391.00,"npi":[1033648852]}]},{"allowed_amount":0.00,"billing_code_modifier":[""],"providers":[{"billed_charge":34.00,"npi":[1033648852]},{"billed_charge":61.00,"npi":[1033648852]},{"billed_charge":89.00,"npi":[1033648852]},{"billed_charge":90.00,"npi":[1033648852]},{"billed_charge":96.00,"npi":[1033648852]},{"billed_charge":106.00,"npi":[1033648852]},{"billed_charge":130.00,"npi":[1033648852]},{"billed_charge":132.00,"npi":[1033648852]},{"billed_charge":152.00,"npi":[1033648852]},{"billed_charge":391.00,"npi":[1033648852]}]},{"allowed_amount":0.00,"billing_code_modifier":[""],"providers":[{"billed_charge":34.00,"npi":[1033648852]},{"billed_charge":61.00,"npi":[1033648852]},{"billed_charge":89.00,"npi":[1033648852]},{"billed_charge":90.00,"npi":[1033648852]},{"billed_charge":96.00,"npi":[1033648852]},{"billed_charge":106.00,"npi":[1033648852]},{"billed_charge":130.00,"npi":[1033648852]},{"billed_charge":132.00,"npi":[1033648852]},{"billed_charge":152.00,"npi":[1033648852]},{"billed_charge":391.00,"npi":[1033648852]}]},{"allowed_amount":0.00,"billing_code_modifier":[""],"providers":[{"billed_charge":34.00,"npi":[1033648852]},{"billed_charge":61.00,"npi":[1033648852]},{"billed_charge":89.00,"npi":[1033648852]},{"billed_charge":90.00,"npi":[1033648852]},{"billed_charge":96.00,"npi":[1033648852]},{"billed_charge":106.00,"npi":[1033648852]},{"billed_charge":130.00,"npi":[1033648852]},{"billed_charge":132.00,"npi":[1033648852]},{"billed_charge":152.00,"npi":[1033648852]},{"billed_charge":391.00,"npi":[1033648852]}]},{"allowed_amount":0.00,"billing_code_modifier":[""],"providers":[{"billed_charge":34.00,"npi":[1033648852]},{"billed_charge":61.00,"npi":[1033648852]},{"billed_charge":89.00,"npi":[1033648852]},{"billed_charge":90.00,"npi":[1033648852]},{"billed_charge":96.00,"npi":[1033648852]},{"billed_charge":106.00,"npi":[1033648852]},{"billed_charge":130.00,"npi":[1033648852]},{"billed_charge":132.00,"npi":[1033648852]},{"billed_charge":152.00,"npi":[1033648852]},{"billed_charge":391.00,"npi":[1033648852]}]},{"allowed_amount":0.00,"billing_code_modifier":[""],"providers":[{"billed_charge":34.00,"npi":[1033648852]},{"billed_charge":61.00,"npi":[1033648852]},{"billed_charge":89.00,"npi":[1033648852]},{"billed_charge":90.00,"npi":[1033648852]},{"billed_charge":96.00,"npi":[1033648852]},{"billed_charge":106.00,"npi":[1033648852]},{"billed_charge":130.00,"npi":[1033648852]},{"billed_charge":132.00,"npi":[1033648852]},{"billed_charge":152.00,"npi":[1033648852]},{"billed_charge":391.00,"npi":[1033648852]}]},{"allowed_amount":0.00,"billing_code_modifier":[""],"providers":[{"billed_charge":34.00,"npi":[1033648852]},{"billed_charge":61.00,"npi":[1033648852]},{"billed_charge":89.00,"npi":[1033648852]},{"billed_charge":90.00,"npi":[1033648852]},{"billed_charge":96.00,"npi":[1033648852]},{"billed_charge":106.00,"npi":[1033648852]},{"billed_charge":130.00,"npi":[1033648852]},{"billed_charge":132.00,"npi":[1033648852]},{"billed_charge":152.00,"npi":[1033648852]},{"billed_charge":391.00,"npi":[1033648852]}]},{"allowed_amount":0.00,"billing_code_modifier":[""],"providers":[{"billed_charge":34.00,"npi":[1033648852]},{"billed_charge":61.00,"npi":[1033648852]},{"billed_charge":89.00,"npi":[1033648852]},{"billed_charge":90.00,"npi":[1033648852]},{"billed_charge":96.00,"npi":[1033648852]},{"billed_charge":106.00,"npi":[1033648852]},{"billed_charge":130.00,"npi":[1033648852]},{"billed_charge":132.00,"npi":[1033648852]},{"billed_charge":152.00,"npi":[1033648852]},{"billed_charge":391.00,"npi":[1033648852]}]},{"allowed_amount":0.00,"billing_code_modifier":[""],"providers":[{"billed_charge":34.00,"npi":[1033648852]},{"billed_charge":61.00,"npi":[1033648852]},{"billed_charge":89.00,"npi":[1033648852]},{"billed_charge":90.00,"npi":[1033648852]},{"billed_charge":96.00,"npi":[1033648852]},{"billed_charge":106.00,"npi":[1033648852]},{"billed_charge":130.00,"npi":[1033648852]},{"billed_charge":132.00,"npi":[1033648852]},{"billed_charge":152.00,"npi":[1033648852]},{"billed_charge":391.00,"npi":[1033648852]}]}]},{"tin":{"type":"ein","value":"813447150"},"service_code":["23"],"billing_class":"institutional","payments":[{"allowed_amount":0.00,"billing_code_modifier":[""],"providers":[{"billed_charge":34.00,"npi":[1033648852]},{"billed_charge":61.00,"npi":[1033648852]},{"billed_charge":89.00,"npi":[1033648852]},{"billed_charge":90.00,"npi":[1033648852]},{"billed_charge":96.00,"npi":[1033648852]},{"billed_charge":106.00,"npi":[1033648852]},{"billed_charge":130.00,"npi":[1033648852]},{"billed_charge":132.00,"npi":[1033648852]},{"billed_charge":152.00,"npi":[1033648852]},{"billed_charge":391.00,"npi":[1033648852]}]},{"allowed_amount":0.00,"billing_code_modifier":[""],"providers":[{"billed_charge":34.00,"npi":[1033648852]},{"billed_charge":61.00,"npi":[1033648852]},{"billed_charge":89.00,"npi":[1033648852]},{"billed_charge":90.00,"npi":[1033648852]},{"billed_charge":96.00,"npi":[1033648852]},{"billed_charge":106.00,"npi":[1033648852]},{"billed_charge":130.00,"npi":[1033648852]},{"billed_charge":132.00,"npi":[1033648852]},{"billed_charge":152.00,"npi":[1033648852]},{"billed_charge":391.00,"npi":[1033648852]}]},{"allowed_amount":0.00,"billing_code_modifier":[""],"providers":[{"billed_charge":34.00,"npi":[1033648852]},{"billed_charge":61.00,"npi":[1033648852]},{"billed_charge":89.00,"npi":[1033648852]},{"billed_charge":90.00,"npi":[1033648852]},{"billed_charge":96.00,"npi":[1033648852]},{"billed_charge":106.00,"npi":[1033648852]},{"billed_charge":130.00,"npi":[1033648852]},{"billed_charge":132.00,"npi":[1033648852]},{"billed_charge":152.00,"npi":[1033648852]},{"billed_charge":391.00,"npi":[1033648852]}]},{"allowed_amount":0.00,"billing_code_modifier":[""],"providers":[{"billed_charge":34.00,"npi":[1033648852]},{"billed_charge":61.00,"npi":[1033648852]},{"billed_charge":89.00,"npi":[1033648852]},{"billed_charge":90.00,"npi":[1033648852]},{"billed_charge":96.00,"npi":[1033648852]},{"billed_charge":106.00,"npi":[1033648852]},{"billed_charge":130.00,"npi":[1033648852]},{"billed_charge":132.00,"npi":[1033648852]},{"billed_charge":152.00,"npi":[1033648852]},{"billed_charge":391.00,"npi":[1033648852]}]},{"allowed_amount":0.00,"billing_code_modifier":[""],"providers":[{"billed_charge":34.00,"npi":[1033648852]},{"billed_charge":61.00,"npi":[1033648852]},{"billed_charge":89.00,"npi":[1033648852]},{"billed_charge":90.00,"npi":[1033648852]},{"billed_charge":96.00,"npi":[1033648852]},{"billed_charge":106.00,"npi":[1033648852]},{"billed_charge":130.00,"npi":[1033648852]},{"billed_charge":132.00,"npi":[1033648852]},{"billed_charge":152.00,"npi":[1033648852]},{"billed_charge":391.00,"npi":[1033648852]}]},{"allowed_amount":0.00,"billing_code_modifier":[""],"providers":[{"billed_charge":34.00,"npi":[1033648852]},{"billed_charge":61.00,"npi":[1033648852]},{"billed_charge":89.00,"npi":[1033648852]},{"billed_charge":90.00,"npi":[1033648852]},{"billed_charge":96.00,"npi":[1033648852]},{"billed_charge":106.00,"npi":[1033648852]},{"billed_charge":130.00,"npi":[1033648852]},{"billed_charge":132.00,"npi":[1033648852]},{"billed_charge":152.00,"npi":[1033648852]},{"billed_charge":391.00,"npi":[1033648852]}]},{"allowed_amount":0.00,"billing_code_modifier":[""],"providers":[{"billed_charge":34.00,"npi":[1033648852]},{"billed_charge":61.00,"npi":[1033648852]},{"billed_charge":89.00,"npi":[1033648852]},{"billed_charge":90.00,"npi":[1033648852]},{"billed_charge":96.00,"npi":[1033648852]},{"billed_charge":106.00,"npi":[1033648852]},{"billed_charge":130.00,"npi":[1033648852]},{"billed_charge":132.00,"npi":[1033648852]},{"billed_charge":152.00,"npi":[1033648852]},{"billed_charge":391.00,"npi":[1033648852]}]},{"allowed_amount":0.00,"billing_code_modifier":[""],"providers":[{"billed_charge":34.00,"npi":[1033648852]},{"billed_charge":61.00,"npi":[1033648852]},{"billed_charge":89.00,"npi":[1033648852]},{"billed_charge":90.00,"npi":[1033648852]},{"billed_charge":96.00,"npi":[1033648852]},{"billed_charge":106.00,"npi":[1033648852]},{"billed_charge":130.00,"npi":[1033648852]},{"billed_charge":132.00,"npi":[1033648852]},{"billed_charge":152.00,"npi":[1033648852]},{"billed_charge":391.00,"npi":[1033648852]}]},{"allowed_amount":0.00,"billing_code_modifier":[""],"providers":[{"billed_charge":34.00,"npi":[1033648852]},{"billed_charge":61.00,"npi":[1033648852]},{"billed_charge":89.00,"npi":[1033648852]},{"billed_charge":90.00,"npi":[1033648852]},{"billed_charge":96.00,"npi":[1033648852]},{"billed_charge":106.00,"npi":[1033648852]},{"billed_charge":130.00,"npi":[1033648852]},{"billed_charge":132.00,"npi":[1033648852]},{"billed_charge":152.00,"npi":[1033648852]},{"billed_charge":391.00,"npi":[1033648852]}]},{"allowed_amount":0.00,"billing_code_modifier":[""],"providers":[{"billed_charge":34.00,"npi":[1033648852]},{"billed_charge":61.00,"npi":[1033648852]},{"billed_charge":89.00,"npi":[1033648852]},{"billed_charge":90.00,"npi":[1033648852]},{"billed_charge":96.00,"npi":[1033648852]},{"billed_charge":106.00,"npi":[1033648852]},{"billed_charge":130.00,"npi":[1033648852]},{"billed_charge":132.00,"npi":[1033648852]},{"billed_charge":152.00,"npi":[1033648852]},{"billed_charge":391.00,"npi":[1033648852]}]}]},{"tin":{"type":"ein","value":"813447150"},"service_code":["23"],"billing_class":"institutional","payments":[{"allowed_amount":0.00,"billing_code_modifier":[""],"providers":[{"billed_charge":34.00,"npi":[1033648852]},{"billed_charge":61.00,"npi":[1033648852]},{"billed_charge":89.00,"npi":[1033648852]},{"billed_charge":90.00,"npi":[1033648852]},{"billed_charge":96.00,"npi":[1033648852]},{"billed_charge":106.00,"npi":[1033648852]},{"billed_charge":130.00,"npi":[1033648852]},{"billed_charge":132.00,"npi":[1033648852]},{"billed_charge":152.00,"npi":[1033648852]},{"billed_charge":391.00,"npi":[1033648852]}]},{"allowed_amount":0.00,"billing_code_modifier":[""],"providers":[{"billed_charge":34.00,"npi":[1033648852]},{"billed_charge":61.00,"npi":[1033648852]},{"billed_charge":89.00,"npi":[1033648852]},{"billed_charge":90.00,"npi":[1033648852]},{"billed_charge":96.00,"npi":[1033648852]},{"billed_charge":106.00,"npi":[1033648852]},{"billed_charge":130.00,"npi":[1033648852]},{"billed_charge":132.00,"npi":[1033648852]},{"billed_charge":152.00,"npi":[1033648852]},{"billed_charge":391.00,"npi":[1033648852]}]},{"allowed_amount":0.00,"billing_code_modifier":[""],"providers":[{"billed_charge":34.00,"npi":[1033648852]},{"billed_charge":61.00,"npi":[1033648852]},{"billed_charge":89.00,"npi":[1033648852]},{"billed_charge":90.00,"npi":[1033648852]},{"billed_charge":96.00,"npi":[1033648852]},{"billed_charge":106.00,"npi":[1033648852]},{"billed_charge":130.00,"npi":[1033648852]},{"billed_charge":132.00,"npi":[1033648852]},{"billed_charge":152.00,"npi":[1033648852]},{"billed_charge":391.00,"npi":[1033648852]}]},{"allowed_amount":0.00,"billing_code_modifier":[""],"providers":[{"billed_charge":34.00,"npi":[1033648852]},{"billed_charge":61.00,"npi":[1033648852]},{"billed_charge":89.00,"npi":[1033648852]},{"billed_charge":90.00,"npi":[1033648852]},{"billed_charge":96.00,"npi":[1033648852]},{"billed_charge":106.00,"npi":[1033648852]},{"billed_charge":130.00,"npi":[1033648852]},{"billed_charge":132.00,"npi":[1033648852]},{"billed_charge":152.00,"npi":[1033648852]},{"billed_charge":391.00,"npi":[1033648852]}]},{"allowed_amount":0.00,"billing_code_modifier":[""],"providers":[{"billed_charge":34.00,"npi":[1033648852]},{"billed_charge":61.00,"npi":[1033648852]},{"billed_charge":89.00,"npi":[1033648852]},{"billed_charge":90.00,"npi":[1033648852]},{"billed_charge":96.00,"npi":[1033648852]},{"billed_charge":106.00,"npi":[1033648852]},{"billed_charge":130.00,"npi":[1033648852]},{"billed_charge":132.00,"npi":[1033648852]},{"billed_charge":152.00,"npi":[1033648852]},{"billed_charge":391.00,"npi":[1033648852]}]},{"allowed_amount":0.00,"billing_code_modifier":[""],"providers":[{"billed_charge":34.00,"npi":[1033648852]},{"billed_charge":61.00,"npi":[1033648852]},{"billed_charge":89.00,"npi":[1033648852]},{"billed_charge":90.00,"npi":[1033648852]},{"billed_charge":96.00,"npi":[1033648852]},{"billed_charge":106.00,"npi":[1033648852]},{"billed_charge":130.00,"npi":[1033648852]},{"billed_charge":132.00,"npi":[1033648852]},{"billed_charge":152.00,"npi":[1033648852]},{"billed_charge":391.00,"npi":[1033648852]}]},{"allowed_amount":0.00,"billing_code_modifier":[""],"providers":[{"billed_charge":34.00,"npi":[1033648852]},{"billed_charge":61.00,"npi":[1033648852]},{"billed_charge":89.00,"npi":[1033648852]},{"billed_charge":90.00,"npi":[1033648852]},{"billed_charge":96.00,"npi":[1033648852]},{"billed_charge":106.00,"npi":[1033648852]},{"billed_charge":130.00,"npi":[1033648852]},{"billed_charge":132.00,"npi":[1033648852]},{"billed_charge":152.00,"npi":[1033648852]},{"billed_charge":391.00,"npi":[1033648852]}]},{"allowed_amount":0.00,"billing_code_modifier":[""],"providers":[{"billed_charge":34.00,"npi":[1033648852]},{"billed_charge":61.00,"npi":[1033648852]},{"billed_charge":89.00,"npi":[1033648852]},{"billed_charge":90.00,"npi":[1033648852]},{"billed_charge":96.00,"npi":[1033648852]},{"billed_charge":106.00,"npi":[1033648852]},{"billed_charge":130.00,"npi":[1033648852]},{"billed_charge":132.00,"npi":[1033648852]},{"billed_charge":152.00,"npi":[1033648852]},{"billed_charge":391.00,"npi":[1033648852]}]},{"allowed_amount":0.00,"billing_code_modifier":[""],"providers":[{"billed_charge":34.00,"npi":[1033648852]},{"billed_charge":61.00,"npi":[1033648852]},{"billed_charge":89.00,"npi":[1033648852]},{"billed_charge":90.00,"npi":[1033648852]},{"billed_charge":96.00,"npi":[1033648852]},{"billed_charge":106.00,"npi":[1033648852]},{"billed_charge":130.00,"npi":[1033648852]},{"billed_charge":132.00,"npi":[1033648852]},{"billed_charge":152.00,"npi":[1033648852]},{"billed_charge":391.00,"npi":[1033648852]}]},{"allowed_amount":0.00,"billing_code_modifier":[""],"providers":[{"billed_charge":34.00,"npi":[1033648852]},{"billed_charge":61.00,"npi":[1033648852]},{"billed_charge":89.00,"npi":[1033648852]},{"billed_charge":90.00,"npi":[1033648852]},{"billed_charge":96.00,"npi":[1033648852]},{"billed_charge":106.00,"npi":[1033648852]},{"billed_charge":130.00,"npi":[1033648852]},{"billed_charge":132.00,"npi":[1033648852]},{"billed_charge":152.00,"npi":[1033648852]},{"billed_charge":391.00,"npi":[1033648852]}]}]},{"tin":{"type":"ein","value":"813447150"},"service_code":["23"],"billing_class":"institutional","payments":[{"allowed_amount":0.00,"billing_code_modifier":[""],"providers":[{"billed_charge":34.00,"npi":[1033648852]},{"billed_charge":61.00,"npi":[1033648852]},{"billed_charge":89.00,"npi":[1033648852]},{"billed_charge":90.00,"npi":[1033648852]},{"billed_charge":96.00,"npi":[1033648852]},{"billed_charge":106.00,"npi":[1033648852]},{"billed_charge":130.00,"npi":[1033648852]},{"billed_charge":132.00,"npi":[1033648852]},{"billed_charge":152.00,"npi":[1033648852]},{"billed_charge":391.00,"npi":[1033648852]}]},{"allowed_amount":0.00,"billing_code_modifier":[""],"providers":[{"billed_charge":34.00,"npi":[1033648852]},{"billed_charge":61.00,"npi":[1033648852]},{"billed_charge":89.00,"npi":[1033648852]},{"billed_charge":90.00,"npi":[1033648852]},{"billed_charge":96.00,"npi":[1033648852]},{"billed_charge":106.00,"npi":[1033648852]},{"billed_charge":130.00,"npi":[1033648852]},{"billed_charge":132.00,"npi":[1033648852]},{"billed_charge":152.00,"npi":[1033648852]},{"billed_charge":391.00,"npi":[1033648852]}]},{"allowed_amount":0.00,"billing_code_modifier":[""],"providers":[{"billed_charge":34.00,"npi":[1033648852]},{"billed_charge":61.00,"npi":[1033648852]},{"billed_charge":89.00,"npi":[1033648852]},{"billed_charge":90.00,"npi":[1033648852]},{"billed_charge":96.00,"npi":[1033648852]},{"billed_charge":106.00,"npi":[1033648852]},{"billed_charge":130.00,"npi":[1033648852]},{"billed_charge":132.00,"npi":[1033648852]},{"billed_charge":152.00,"npi":[1033648852]},{"billed_charge":391.00,"npi":[1033648852]}]},{"allowed_amount":0.00,"billing_code_modifier":[""],"providers":[{"billed_charge":34.00,"npi":[1033648852]},{"billed_charge":61.00,"npi":[1033648852]},{"billed_charge":89.00,"npi":[1033648852]},{"billed_charge":90.00,"npi":[1033648852]},{"billed_charge":96.00,"npi":[1033648852]},{"billed_charge":106.00,"npi":[1033648852]},{"billed_charge":130.00,"npi":[1033648852]},{"billed_charge":132.00,"npi":[1033648852]},{"billed_charge":152.00,"npi":[1033648852]},{"billed_charge":391.00,"npi":[1033648852]}]},{"allowed_amount":0.00,"billing_code_modifier":[""],"providers":[{"billed_charge":34.00,"npi":[1033648852]},{"billed_charge":61.00,"npi":[1033648852]},{"billed_charge":89.00,"npi":[1033648852]},{"billed_charge":90.00,"npi":[1033648852]},{"billed_charge":96.00,"npi":[1033648852]},{"billed_charge":106.00,"npi":[1033648852]},{"billed_charge":130.00,"npi":[1033648852]},{"billed_charge":132.00,"npi":[1033648852]},{"billed_charge":152.00,"npi":[1033648852]},{"billed_charge":391.00,"npi":[1033648852]}]},{"allowed_amount":0.00,"billing_code_modifier":[""],"providers":[{"billed_charge":34.00,"npi":[1033648852]},{"billed_charge":61.00,"npi":[1033648852]},{"billed_charge":89.00,"npi":[1033648852]},{"billed_charge":90.00,"npi":[1033648852]},{"billed_charge":96.00,"npi":[1033648852]},{"billed_charge":106.00,"npi":[1033648852]},{"billed_charge":130.00,"npi":[1033648852]},{"billed_charge":132.00,"npi":[1033648852]},{"billed_charge":152.00,"npi":[1033648852]},{"billed_charge":391.00,"npi":[1033648852]}]},{"allowed_amount":0.00,"billing_code_modifier":[""],"providers":[{"billed_charge":34.00,"npi":[1033648852]},{"billed_charge":61.00,"npi":[1033648852]},{"billed_charge":89.00,"npi":[1033648852]},{"billed_charge":90.00,"npi":[1033648852]},{"billed_charge":96.00,"npi":[1033648852]},{"billed_charge":106.00,"npi":[1033648852]},{"billed_charge":130.00,"npi":[1033648852]},{"billed_charge":132.00,"npi":[1033648852]},{"billed_charge":152.00,"npi":[1033648852]},{"billed_charge":391.00,"npi":[1033648852]}]},{"allowed_amount":0.00,"billing_code_modifier":[""],"providers":[{"billed_charge":34.00,"npi":[1033648852]},{"billed_charge":61.00,"npi":[1033648852]},{"billed_charge":89.00,"npi":[1033648852]},{"billed_charge":90.00,"npi":[1033648852]},{"billed_charge":96.00,"npi":[1033648852]},{"billed_charge":106.00,"npi":[1033648852]},{"billed_charge":130.00,"npi":[1033648852]},{"billed_charge":132.00,"npi":[1033648852]},{"billed_charge":152.00,"npi":[1033648852]},{"billed_charge":391.00,"npi":[1033648852]}]},{"allowed_amount":0.00,"billing_code_modifier":[""],"providers":[{"billed_charge":34.00,"npi":[1033648852]},{"billed_charge":61.00,"npi":[1033648852]},{"billed_charge":89.00,"npi":[1033648852]},{"billed_charge":90.00,"npi":[1033648852]},{"billed_charge":96.00,"npi":[1033648852]},{"billed_charge":106.00,"npi":[1033648852]},{"billed_charge":130.00,"npi":[1033648852]},{"billed_charge":132.00,"npi":[1033648852]},{"billed_charge":152.00,"npi":[1033648852]},{"billed_charge":391.00,"npi":[1033648852]}]},{"allowed_amount":0.00,"billing_code_modifier":[""],"providers":[{"billed_charge":34.00,"npi":[1033648852]},{"billed_charge":61.00,"npi":[1033648852]},{"billed_charge":89.00,"npi":[1033648852]},{"billed_charge":90.00,"npi":[1033648852]},{"billed_charge":96.00,"npi":[1033648852]},{"billed_charge":106.00,"npi":[1033648852]},{"billed_charge":130.00,"npi":[1033648852]},{"billed_charge":132.00,"npi":[1033648852]},{"billed_charge":152.00,"npi":[1033648852]},{"billed_charge":391.00,"npi":[1033648852]}]}]},{"tin":{"type":"ein","value":"813447150"},"service_code":["23"],"billing_class":"institutional","payments":[{"allowed_amount":0.00,"billing_code_modifier":[""],"providers":[{"billed_charge":34.00,"npi":[1033648852]},{"billed_charge":61.00,"npi":[1033648852]},{"billed_charge":89.00,"npi":[1033648852]},{"billed_charge":90.00,"npi":[1033648852]},{"billed_charge":96.00,"npi":[1033648852]},{"billed_charge":106.00,"npi":[1033648852]},{"billed_charge":130.00,"npi":[1033648852]},{"billed_charge":132.00,"npi":[1033648852]},{"billed_charge":152.00,"npi":[1033648852]},{"billed_charge":391.00,"npi":[1033648852]}]},{"allowed_amount":0.00,"billing_code_modifier":[""],"providers":[{"billed_charge":34.00,"npi":[1033648852]},{"billed_charge":61.00,"npi":[1033648852]},{"billed_charge":89.00,"npi":[1033648852]},{"billed_charge":90.00,"npi":[1033648852]},{"billed_charge":96.00,"npi":[1033648852]},{"billed_charge":106.00,"npi":[1033648852]},{"billed_charge":130.00,"npi":[1033648852]},{"billed_charge":132.00,"npi":[1033648852]},{"billed_charge":152.00,"npi":[1033648852]},{"billed_charge":391.00,"npi":[1033648852]}]},{"allowed_amount":0.00,"billing_code_modifier":[""],"providers":[{"billed_charge":34.00,"npi":[1033648852]},{"billed_charge":61.00,"npi":[1033648852]},{"billed_charge":89.00,"npi":[1033648852]},{"billed_charge":90.00,"npi":[1033648852]},{"billed_charge":96.00,"npi":[1033648852]},{"billed_charge":106.00,"npi":[1033648852]},{"billed_charge":130.00,"npi":[1033648852]},{"billed_charge":132.00,"npi":[1033648852]},{"billed_charge":152.00,"npi":[1033648852]},{"billed_charge":391.00,"npi":[1033648852]}]},{"allowed_amount":0.00,"billing_code_modifier":[""],"providers":[{"billed_charge":34.00,"npi":[1033648852]},{"billed_charge":61.00,"npi":[1033648852]},{"billed_charge":89.00,"npi":[1033648852]},{"billed_charge":90.00,"npi":[1033648852]},{"billed_charge":96.00,"npi":[1033648852]},{"billed_charge":106.00,"npi":[1033648852]},{"billed_charge":130.00,"npi":[1033648852]},{"billed_charge":132.00,"npi":[1033648852]},{"billed_charge":152.00,"npi":[1033648852]},{"billed_charge":391.00,"npi":[1033648852]}]},{"allowed_amount":0.00,"billing_code_modifier":[""],"providers":[{"billed_charge":34.00,"npi":[1033648852]},{"billed_charge":61.00,"npi":[1033648852]},{"billed_charge":89.00,"npi":[1033648852]},{"billed_charge":90.00,"npi":[1033648852]},{"billed_charge":96.00,"npi":[1033648852]},{"billed_charge":106.00,"npi":[1033648852]},{"billed_charge":130.00,"npi":[1033648852]},{"billed_charge":132.00,"npi":[1033648852]},{"billed_charge":152.00,"npi":[1033648852]},{"billed_charge":391.00,"npi":[1033648852]}]},{"allowed_amount":0.00,"billing_code_modifier":[""],"providers":[{"billed_charge":34.00,"npi":[1033648852]},{"billed_charge":61.00,"npi":[1033648852]},{"billed_charge":89.00,"npi":[1033648852]},{"billed_charge":90.00,"npi":[1033648852]},{"billed_charge":96.00,"npi":[1033648852]},{"billed_charge":106.00,"npi":[1033648852]},{"billed_charge":130.00,"npi":[1033648852]},{"billed_charge":132.00,"npi":[1033648852]},{"billed_charge":152.00,"npi":[1033648852]},{"billed_charge":391.00,"npi":[1033648852]}]},{"allowed_amount":0.00,"billing_code_modifier":[""],"providers":[{"billed_charge":34.00,"npi":[1033648852]},{"billed_charge":61.00,"npi":[1033648852]},{"billed_charge":89.00,"npi":[1033648852]},{"billed_charge":90.00,"npi":[1033648852]},{"billed_charge":96.00,"npi":[1033648852]},{"billed_charge":106.00,"npi":[1033648852]},{"billed_charge":130.00,"npi":[1033648852]},{"billed_charge":132.00,"npi":[1033648852]},{"billed_charge":152.00,"npi":[1033648852]},{"billed_charge":391.00,"npi":[1033648852]}]},{"allowed_amount":0.00,"billing_code_modifier":[""],"providers":[{"billed_charge":34.00,"npi":[1033648852]},{"billed_charge":61.00,"npi":[1033648852]},{"billed_charge":89.00,"npi":[1033648852]},{"billed_charge":90.00,"npi":[1033648852]},{"billed_charge":96.00,"npi":[1033648852]},{"billed_charge":106.00,"npi":[1033648852]},{"billed_charge":130.00,"npi":[1033648852]},{"billed_charge":132.00,"npi":[1033648852]},{"billed_charge":152.00,"npi":[1033648852]},{"billed_charge":391.00,"npi":[1033648852]}]},{"allowed_amount":0.00,"billing_code_modifier":[""],"providers":[{"billed_charge":34.00,"npi":[1033648852]},{"billed_charge":61.00,"npi":[1033648852]},{"billed_charge":89.00,"npi":[1033648852]},{"billed_charge":90.00,"npi":[1033648852]},{"billed_charge":96.00,"npi":[1033648852]},{"billed_charge":106.00,"npi":[1033648852]},{"billed_charge":130.00,"npi":[1033648852]},{"billed_charge":132.00,"npi":[1033648852]},{"billed_charge":152.00,"npi":[1033648852]},{"billed_charge":391.00,"npi":[1033648852]}]},{"allowed_amount":0.00,"billing_code_modifier":[""],"providers":[{"billed_charge":34.00,"npi":[1033648852]},{"billed_charge":61.00,"npi":[1033648852]},{"billed_charge":89.00,"npi":[1033648852]},{"billed_charge":90.00,"npi":[1033648852]},{"billed_charge":96.00,"npi":[1033648852]},{"billed_charge":106.00,"npi":[1033648852]},{"billed_charge":130.00,"npi":[1033648852]},{"billed_charge":132.00,"npi":[1033648852]},{"billed_charge":152.00,"npi":[1033648852]},{"billed_charge":391.00,"npi":[1033648852]}]}]},{"tin":{"type":"ein","value":"813447150"},"service_code":["23"],"billing_class":"institutional","payments":[{"allowed_amount":0.00,"billing_code_modifier":[""],"providers":[{"billed_charge":34.00,"npi":[1033648852]},{"billed_charge":61.00,"npi":[1033648852]},{"billed_charge":89.00,"npi":[1033648852]},{"billed_charge":90.00,"npi":[1033648852]},{"billed_charge":96.00,"npi":[1033648852]},{"billed_charge":106.00,"npi":[1033648852]},{"billed_charge":130.00,"npi":[1033648852]},{"billed_charge":132.00,"npi":[1033648852]},{"billed_charge":152.00,"npi":[1033648852]},{"billed_charge":391.00,"npi":[1033648852]}]},{"allowed_amount":0.00,"billing_code_modifier":[""],"providers":[{"billed_charge":34.00,"npi":[1033648852]},{"billed_charge":61.00,"npi":[1033648852]},{"billed_charge":89.00,"npi":[1033648852]},{"billed_charge":90.00,"npi":[1033648852]},{"billed_charge":96.00,"npi":[1033648852]},{"billed_charge":106.00,"npi":[1033648852]},{"billed_charge":130.00,"npi":[1033648852]},{"billed_charge":132.00,"npi":[1033648852]},{"billed_charge":152.00,"npi":[1033648852]},{"billed_charge":391.00,"npi":[1033648852]}]},{"allowed_amount":0.00,"billing_code_modifier":[""],"providers":[{"billed_charge":34.00,"npi":[1033648852]},{"billed_charge":61.00,"npi":[1033648852]},{"billed_charge":89.00,"npi":[1033648852]},{"billed_charge":90.00,"npi":[1033648852]},{"billed_charge":96.00,"npi":[1033648852]},{"billed_charge":106.00,"npi":[1033648852]},{"billed_charge":130.00,"npi":[1033648852]},{"billed_charge":132.00,"npi":[1033648852]},{"billed_charge":152.00,"npi":[1033648852]},{"billed_charge":391.00,"npi":[1033648852]}]},{"allowed_amount":0.00,"billing_code_modifier":[""],"providers":[{"billed_charge":34.00,"npi":[1033648852]},{"billed_charge":61.00,"npi":[1033648852]},{"billed_charge":89.00,"npi":[1033648852]},{"billed_charge":90.00,"npi":[1033648852]},{"billed_charge":96.00,"npi":[1033648852]},{"billed_charge":106.00,"npi":[1033648852]},{"billed_charge":130.00,"npi":[1033648852]},{"billed_charge":132.00,"npi":[1033648852]},{"billed_charge":152.00,"npi":[1033648852]},{"billed_charge":391.00,"npi":[1033648852]}]},{"allowed_amount":0.00,"billing_code_modifier":[""],"providers":[{"billed_charge":34.00,"npi":[1033648852]},{"billed_charge":61.00,"npi":[1033648852]},{"billed_charge":89.00,"npi":[1033648852]},{"billed_charge":90.00,"npi":[1033648852]},{"billed_charge":96.00,"npi":[1033648852]},{"billed_charge":106.00,"npi":[1033648852]},{"billed_charge":130.00,"npi":[1033648852]},{"billed_charge":132.00,"npi":[1033648852]},{"billed_charge":152.00,"npi":[1033648852]},{"billed_charge":391.00,"npi":[1033648852]}]},{"allowed_amount":0.00,"billing_code_modifier":[""],"providers":[{"billed_charge":34.00,"npi":[1033648852]},{"billed_charge":61.00,"npi":[1033648852]},{"billed_charge":89.00,"npi":[1033648852]},{"billed_charge":90.00,"npi":[1033648852]},{"billed_charge":96.00,"npi":[1033648852]},{"billed_charge":106.00,"npi":[1033648852]},{"billed_charge":130.00,"npi":[1033648852]},{"billed_charge":132.00,"npi":[1033648852]},{"billed_charge":152.00,"npi":[1033648852]},{"billed_charge":391.00,"npi":[1033648852]}]},{"allowed_amount":0.00,"billing_code_modifier":[""],"providers":[{"billed_charge":34.00,"npi":[1033648852]},{"billed_charge":61.00,"npi":[1033648852]},{"billed_charge":89.00,"npi":[1033648852]},{"billed_charge":90.00,"npi":[1033648852]},{"billed_charge":96.00,"npi":[1033648852]},{"billed_charge":106.00,"npi":[1033648852]},{"billed_charge":130.00,"npi":[1033648852]},{"billed_charge":132.00,"npi":[1033648852]},{"billed_charge":152.00,"npi":[1033648852]},{"billed_charge":391.00,"npi":[1033648852]}]},{"allowed_amount":0.00,"billing_code_modifier":[""],"providers":[{"billed_charge":34.00,"npi":[1033648852]},{"billed_charge":61.00,"npi":[1033648852]},{"billed_charge":89.00,"npi":[1033648852]},{"billed_charge":90.00,"npi":[1033648852]},{"billed_charge":96.00,"npi":[1033648852]},{"billed_charge":106.00,"npi":[1033648852]},{"billed_charge":130.00,"npi":[1033648852]},{"billed_charge":132.00,"npi":[1033648852]},{"billed_charge":152.00,"npi":[1033648852]},{"billed_charge":391.00,"npi":[1033648852]}]},{"allowed_amount":0.00,"billing_code_modifier":[""],"providers":[{"billed_charge":34.00,"npi":[1033648852]},{"billed_charge":61.00,"npi":[1033648852]},{"billed_charge":89.00,"npi":[1033648852]},{"billed_charge":90.00,"npi":[1033648852]},{"billed_charge":96.00,"npi":[1033648852]},{"billed_charge":106.00,"npi":[1033648852]},{"billed_charge":130.00,"npi":[1033648852]},{"billed_charge":132.00,"npi":[1033648852]},{"billed_charge":152.00,"npi":[1033648852]},{"billed_charge":391.00,"npi":[1033648852]}]},{"allowed_amount":0.00,"billing_code_modifier":[""],"providers":[{"billed_charge":34.00,"npi":[1033648852]},{"billed_charge":61.00,"npi":[1033648852]},{"billed_charge":89.00,"npi":[1033648852]},{"billed_charge":90.00,"npi":[1033648852]},{"billed_charge":96.00,"npi":[1033648852]},{"billed_charge":106.00,"npi":[1033648852]},{"billed_charge":130.00,"npi":[1033648852]},{"billed_charge":132.00,"npi":[1033648852]},{"billed_charge":152.00,"npi":[1033648852]},{"billed_charge":391.00,"npi":[1033648852]}]}]},{"tin":{"type":"ein","value":"813447150"},"service_code":["23"],"billing_class":"institutional","payments":[{"allowed_amount":0.00,"billing_code_modifier":[""],"providers":[{"billed_charge":34.00,"npi":[1033648852]},{"billed_charge":61.00,"npi":[1033648852]},{"billed_charge":89.00,"npi":[1033648852]},{"billed_charge":90.00,"npi":[1033648852]},{"billed_charge":96.00,"npi":[1033648852]},{"billed_charge":106.00,"npi":[1033648852]},{"billed_charge":130.00,"npi":[1033648852]},{"billed_charge":132.00,"npi":[1033648852]},{"billed_charge":152.00,"npi":[1033648852]},{"billed_charge":391.00,"npi":[1033648852]}]},{"allowed_amount":0.00,"billing_code_modifier":[""],"providers":[{"billed_charge":34.00,"npi":[1033648852]},{"billed_charge":61.00,"npi":[1033648852]},{"billed_charge":89.00,"npi":[1033648852]},{"billed_charge":90.00,"npi":[1033648852]},{"billed_charge":96.00,"npi":[1033648852]},{"billed_charge":106.00,"npi":[1033648852]},{"billed_charge":130.00,"npi":[1033648852]},{"billed_charge":132.00,"npi":[1033648852]},{"billed_charge":152.00,"npi":[1033648852]},{"billed_charge":391.00,"npi":[1033648852]}]},{"allowed_amount":0.00,"billing_code_modifier":[""],"providers":[{"billed_charge":34.00,"npi":[1033648852]},{"billed_charge":61.00,"npi":[1033648852]},{"billed_charge":89.00,"npi":[1033648852]},{"billed_charge":90.00,"npi":[1033648852]},{"billed_charge":96.00,"npi":[1033648852]},{"billed_charge":106.00,"npi":[1033648852]},{"billed_charge":130.00,"npi":[1033648852]},{"billed_charge":132.00,"npi":[1033648852]},{"billed_charge":152.00,"npi":[1033648852]},{"billed_charge":391.00,"npi":[1033648852]}]},{"allowed_amount":0.00,"billing_code_modifier":[""],"providers":[{"billed_charge":34.00,"npi":[1033648852]},{"billed_charge":61.00,"npi":[1033648852]},{"billed_charge":89.00,"npi":[1033648852]},{"billed_charge":90.00,"npi":[1033648852]},{"billed_charge":96.00,"npi":[1033648852]},{"billed_charge":106.00,"npi":[1033648852]},{"billed_charge":130.00,"npi":[1033648852]},{"billed_charge":132.00,"npi":[1033648852]},{"billed_charge":152.00,"npi":[1033648852]},{"billed_charge":391.00,"npi":[1033648852]}]},{"allowed_amount":0.00,"billing_code_modifier":[""],"providers":[{"billed_charge":34.00,"npi":[1033648852]},{"billed_charge":61.00,"npi":[1033648852]},{"billed_charge":89.00,"npi":[1033648852]},{"billed_charge":90.00,"npi":[1033648852]},{"billed_charge":96.00,"npi":[1033648852]},{"billed_charge":106.00,"npi":[1033648852]},{"billed_charge":130.00,"npi":[1033648852]},{"billed_charge":132.00,"npi":[1033648852]},{"billed_charge":152.00,"npi":[1033648852]},{"billed_charge":391.00,"npi":[1033648852]}]},{"allowed_amount":0.00,"billing_code_modifier":[""],"providers":[{"billed_charge":34.00,"npi":[1033648852]},{"billed_charge":61.00,"npi":[1033648852]},{"billed_charge":89.00,"npi":[1033648852]},{"billed_charge":90.00,"npi":[1033648852]},{"billed_charge":96.00,"npi":[1033648852]},{"billed_charge":106.00,"npi":[1033648852]},{"billed_charge":130.00,"npi":[1033648852]},{"billed_charge":132.00,"npi":[1033648852]},{"billed_charge":152.00,"npi":[1033648852]},{"billed_charge":391.00,"npi":[1033648852]}]},{"allowed_amount":0.00,"billing_code_modifier":[""],"providers":[{"billed_charge":34.00,"npi":[1033648852]},{"billed_charge":61.00,"npi":[1033648852]},{"billed_charge":89.00,"npi":[1033648852]},{"billed_charge":90.00,"npi":[1033648852]},{"billed_charge":96.00,"npi":[1033648852]},{"billed_charge":106.00,"npi":[1033648852]},{"billed_charge":130.00,"npi":[1033648852]},{"billed_charge":132.00,"npi":[1033648852]},{"billed_charge":152.00,"npi":[1033648852]},{"billed_charge":391.00,"npi":[1033648852]}]},{"allowed_amount":0.00,"billing_code_modifier":[""],"providers":[{"billed_charge":34.00,"npi":[1033648852]},{"billed_charge":61.00,"npi":[1033648852]},{"billed_charge":89.00,"npi":[1033648852]},{"billed_charge":90.00,"npi":[1033648852]},{"billed_charge":96.00,"npi":[1033648852]},{"billed_charge":106.00,"npi":[1033648852]},{"billed_charge":130.00,"npi":[1033648852]},{"billed_charge":132.00,"npi":[1033648852]},{"billed_charge":152.00,"npi":[1033648852]},{"billed_charge":391.00,"npi":[1033648852]}]},{"allowed_amount":0.00,"billing_code_modifier":[""],"providers":[{"billed_charge":34.00,"npi":[1033648852]},{"billed_charge":61.00,"npi":[1033648852]},{"billed_charge":89.00,"npi":[1033648852]},{"billed_charge":90.00,"npi":[1033648852]},{"billed_charge":96.00,"npi":[1033648852]},{"billed_charge":106.00,"npi":[1033648852]},{"billed_charge":130.00,"npi":[1033648852]},{"billed_charge":132.00,"npi":[1033648852]},{"billed_charge":152.00,"npi":[1033648852]},{"billed_charge":391.00,"npi":[1033648852]}]},{"allowed_amount":0.00,"billing_code_modifier":[""],"providers":[{"billed_charge":34.00,"npi":[1033648852]},{"billed_charge":61.00,"npi":[1033648852]},{"billed_charge":89.00,"npi":[1033648852]},{"billed_charge":90.00,"npi":[1033648852]},{"billed_charge":96.00,"npi":[1033648852]},{"billed_charge":106.00,"npi":[1033648852]},{"billed_charge":130.00,"npi":[1033648852]},{"billed_charge":132.00,"npi":[1033648852]},{"billed_charge":152.00,"npi":[1033648852]},{"billed_charge":391.00,"npi":[1033648852]}]}]}]},{"name":"RESIDENTIAL TREATMENT-CHEMICAL DEPENDENCY","billing_code_type":"RC","billing_code_type_version":"UB04","billing_code":"1002","description":"RESIDENTIAL TREATMENT-CHEMICAL DEPENDENCY","allowed_amounts":[{"tin":{"type":"ein","value":"811056354"},"service_code":["21"],"billing_class":"institutional","payments":[{"allowed_amount":1450.00,"billing_code_modifier":[""],"providers":[{"billed_charge":4995.00,"npi":[1366920290,1982751756]}]}]}]}]}
