{"reporting_entity_name": "IEC Group_DBA AmeriBen",
	"reporting_entity_type": "Third Party Administrator",
	"plan_name": "GKN DRIVELINE N AMERICA INC",
	"plan_id_type": "ein",
	"plan_id": "132886932",
	"plan_market_type": "group",
	"last_updated_on": "2025-02-03","Version": "1.0.0","out_of_network":[{"name":"CCPD OPD\/HOME: CCPD COMP OR OTHER RATE","billing_code_type":"RC","billing_code_type_version":"UB04","billing_code":"0851","description":"CCPD OPD\/HOME: CCPD COMP OR OTHER RATE","allowed_amounts":[{"tin":{"type":"ein","value":"232536597"},"service_code":["65"],"billing_class":"institutional","payments":[{"allowed_amount":192.89,"billing_code_modifier":[""],"providers":[{"billed_charge":3543.00,"npi":[1215393616,1306866967]}]}]},{"tin":{"type":"ein","value":"232536597"},"service_code":["65"],"billing_class":"institutional","payments":[{"allowed_amount":230.12,"billing_code_modifier":[""],"providers":[{"billed_charge":3543.00,"npi":[1215393616,1306866967]}]}]},{"tin":{"type":"ein","value":"232536597"},"service_code":["65"],"billing_class":"institutional","payments":[{"allowed_amount":376.24,"billing_code_modifier":[""],"providers":[{"billed_charge":3543.00,"npi":[1215393616,1306866967]}]}]},{"tin":{"type":"ein","value":"232536597"},"service_code":["65"],"billing_class":"institutional","payments":[{"allowed_amount":376.62,"billing_code_modifier":[""],"providers":[{"billed_charge":3543.00,"npi":[1215393616,1306866967]}]}]}]},{"name":"ESRD RELATED SVC MONTHLY 20&\/> YR OLD 4\/> VISITS","billing_code_type":"CPT","billing_code_type_version":"2020","billing_code":"90960","description":"ESRD RELATED SVC MONTHLY 20&\/> YR OLD 4\/> VISITS","allowed_amounts":[{"tin":{"type":"ein","value":"264116711"},"service_code":["65"],"billing_class":"professional","payments":[{"allowed_amount":404.12,"billing_code_modifier":[""],"providers":[{"billed_charge":906.35,"npi":[1073716742,1356582506,1689633224]}]}]},{"tin":{"type":"ein","value":"561274347"},"service_code":["65"],"billing_class":"professional","payments":[{"allowed_amount":404.12,"billing_code_modifier":[""],"providers":[{"billed_charge":842.00,"npi":[1013034727,1104938935,1700831799]}]}]},{"tin":{"type":"ein","value":"561378901"},"service_code":["65"],"billing_class":"professional","payments":[{"allowed_amount":404.12,"billing_code_modifier":[""],"providers":[{"billed_charge":1035.00,"npi":[1083664189,1568753721,1821500661]}]}]},{"tin":{"type":"ein","value":"561680959"},"service_code":["65"],"billing_class":"professional","payments":[{"allowed_amount":404.12,"billing_code_modifier":[""],"providers":[{"billed_charge":1200.00,"npi":[1457444853,1487655452,1689673279,1992817720]}]}]}]},{"name":"HEMODIALYSIS PROCEDURE W\/ PHYS\/QHP EVALUATION","billing_code_type":"CPT","billing_code_type_version":"2020","billing_code":"90935","description":"HEMODIALYSIS PROCEDURE W\/ PHYS\/QHP EVALUATION","allowed_amounts":[{"tin":{"type":"ein","value":"561378901"},"service_code":["65"],"billing_class":"professional","payments":[{"allowed_amount":81.11,"billing_code_modifier":[""],"providers":[{"billed_charge":390.00,"npi":[1023738333,1083664189,1205873049,1518913276,1568753721,1821500661]}]}]}]},{"name":"MEDICAL\/SURGICAL SUPPLIES","billing_code_type":"RC","billing_code_type_version":"UB04","billing_code":"0270","description":"MEDICAL\/SURGICAL SUPPLIES","allowed_amounts":[{"tin":{"type":"ein","value":"680594301"},"service_code":["65"],"billing_class":"institutional","payments":[{"allowed_amount":3.72,"billing_code_modifier":[""],"providers":[{"billed_charge":149.10,"npi":[1164678744,1215097332]}]}]}]},{"name":"PHARMACY","billing_code_type":"RC","billing_code_type_version":"UB04","billing_code":"0250","description":"PHARMACY","allowed_amounts":[{"tin":{"type":"ein","value":"232536597"},"service_code":["65"],"billing_class":"institutional","payments":[{"allowed_amount":0.03,"billing_code_modifier":[""],"providers":[{"billed_charge":0.68,"npi":[1073716742,1255534004,1689633224]}]}]},{"tin":{"type":"ein","value":"232536597"},"service_code":["65"],"billing_class":"institutional","payments":[{"allowed_amount":0.04,"billing_code_modifier":[""],"providers":[{"billed_charge":0.94,"npi":[1073716742,1689633224]}]}]},{"tin":{"type":"ein","value":"232536597"},"service_code":["65"],"billing_class":"institutional","payments":[{"allowed_amount":0.05,"billing_code_modifier":[""],"providers":[{"billed_charge":0.94,"npi":[1073716742,1255534004,1689633224]}]}]},{"tin":{"type":"ein","value":"232536597"},"service_code":["65"],"billing_class":"institutional","payments":[{"allowed_amount":0.09,"billing_code_modifier":[""],"providers":[{"billed_charge":1.88,"npi":[1073716742,1689633224]}]}]},{"tin":{"type":"ein","value":"952977916"},"service_code":["65"],"billing_class":"institutional","payments":[{"allowed_amount":0.03,"billing_code_modifier":[""],"providers":[{"billed_charge":0.68,"npi":[1568753721,1821500661]},{"billed_charge":0.94,"npi":[1568753721,1821500661]}]},{"allowed_amount":0.03,"billing_code_modifier":[""],"providers":[{"billed_charge":0.68,"npi":[1568753721,1821500661]},{"billed_charge":0.94,"npi":[1568753721,1821500661]}]}]},{"tin":{"type":"ein","value":"952977916"},"service_code":["65"],"billing_class":"institutional","payments":[{"allowed_amount":0.03,"billing_code_modifier":[""],"providers":[{"billed_charge":0.68,"npi":[1568753721,1821500661]},{"billed_charge":0.94,"npi":[1568753721,1821500661]}]},{"allowed_amount":0.03,"billing_code_modifier":[""],"providers":[{"billed_charge":0.68,"npi":[1568753721,1821500661]},{"billed_charge":0.94,"npi":[1568753721,1821500661]}]}]},{"tin":{"type":"ein","value":"952977916"},"service_code":["65"],"billing_class":"institutional","payments":[{"allowed_amount":0.04,"billing_code_modifier":[""],"providers":[{"billed_charge":0.94,"npi":[1568753721,1821500661]}]}]},{"tin":{"type":"ein","value":"952977916"},"service_code":["65"],"billing_class":"institutional","payments":[{"allowed_amount":0.05,"billing_code_modifier":[""],"providers":[{"billed_charge":0.94,"npi":[1568753721,1821500661]}]}]}]},{"name":"PSYCHIATRIC\/PSYCHOLOGICAL SVCS: PARTIAL HOSP - LES","billing_code_type":"RC","billing_code_type_version":"UB04","billing_code":"0912","description":"PSYCHIATRIC\/PSYCHOLOGICAL SVCS: PARTIAL HOSP - LES","allowed_amounts":[{"tin":{"type":"ein","value":"873581824"},"service_code":["22"],"billing_class":"institutional","payments":[{"allowed_amount":2135.34,"billing_code_modifier":[""],"providers":[{"billed_charge":4600.02,"npi":[1295466266,1750724886]}]}]}]}]}
