{"reporting_entity_name": "IEC Group_DBA AmeriBen",
	"reporting_entity_type": "Third Party Administrator",
	"plan_name": "NEVADA GOLD MINES LLC",
	"plan_id_type": "ein",
	"plan_id": "834447381",
	"plan_market_type": "group",
	"last_updated_on": "2023-07-01","Version": "1.0.0","out_of_network":[{"name":"2019-NCOV CORONAVIRUS SARS-COV-2\/2019-NCOV","billing_code_type":"HCPCS","billing_code_type_version":"HCPCS LEVEL II 2021","billing_code":"U0002","description":"2019-NCOV CORONAVIRUS SARS-COV-2\/2019-NCOV","allowed_amounts":[{"tin":{"type":"ein","value":"571207559"},"service_code":["11"],"billing_class":"professional","payments":[{"allowed_amount":51.31,"billing_code_modifier":[""],"providers":[{"billed_charge":51.31,"npi":[1083128730,1659436038,1740531466,1770981839,1780961102]}]}]}]},{"name":"APPL MODALITY 1\/> AREAS ELEC STIMJ EA 15 MIN","billing_code_type":"CPT","billing_code_type_version":"2020","billing_code":"97032","description":"APPL MODALITY 1\/> AREAS ELEC STIMJ EA 15 MIN","allowed_amounts":[{"tin":{"type":"ein","value":"873852958"},"service_code":["11"],"billing_class":"professional","payments":[{"allowed_amount":15.68,"billing_code_modifier":[""],"providers":[{"billed_charge":22.00,"npi":[1023074796,1598050072,1700544764,1881762409,1962409581]}]}]},{"tin":{"type":"ein","value":"873852958"},"service_code":["11"],"billing_class":"professional","payments":[{"allowed_amount":16.56,"billing_code_modifier":[""],"providers":[{"billed_charge":22.00,"npi":[1619080371,1700544764,1881762409,1962409581]}]}]}]},{"name":"APPLICATION MODALITY 1\/> AREAS HOT\/COLD PACKS","billing_code_type":"CPT","billing_code_type_version":"2020","billing_code":"97010","description":"APPLICATION MODALITY 1\/> AREAS HOT\/COLD PACKS","allowed_amounts":[{"tin":{"type":"ein","value":"873852958"},"service_code":["11"],"billing_class":"professional","payments":[{"allowed_amount":10.00,"billing_code_modifier":[""],"providers":[{"billed_charge":10.00,"npi":[1023074796,1598050072,1700544764,1881762409,1962409581]}]}]}]},{"name":"ASSAY OF THYROID STIMULATING HORMONE TSH","billing_code_type":"CPT","billing_code_type_version":"2020","billing_code":"84443","description":"ASSAY OF THYROID STIMULATING HORMONE TSH","allowed_amounts":[{"tin":{"type":"ein","value":"571207559"},"service_code":["11"],"billing_class":"professional","payments":[{"allowed_amount":18.48,"billing_code_modifier":[""],"providers":[{"billed_charge":161.00,"npi":[1659436038,1740531466,1770981839,1780961102]}]}]},{"tin":{"type":"ein","value":"840611484"},"service_code":["81"],"billing_class":"professional","payments":[{"allowed_amount":18.48,"billing_code_modifier":[""],"providers":[{"billed_charge":104.00,"npi":[1558611061,1740262880]},{"billed_charge":144.40,"npi":[1740262880,1770018277]}]},{"allowed_amount":18.48,"billing_code_modifier":[""],"providers":[{"billed_charge":104.00,"npi":[1558611061,1740262880]},{"billed_charge":144.40,"npi":[1740262880,1770018277]}]}]},{"tin":{"type":"ein","value":"840611484"},"service_code":["81"],"billing_class":"professional","payments":[{"allowed_amount":18.48,"billing_code_modifier":[""],"providers":[{"billed_charge":104.00,"npi":[1558611061,1740262880]},{"billed_charge":144.40,"npi":[1740262880,1770018277]}]},{"allowed_amount":18.48,"billing_code_modifier":[""],"providers":[{"billed_charge":104.00,"npi":[1558611061,1740262880]},{"billed_charge":144.40,"npi":[1740262880,1770018277]}]}]}]},{"name":"BLOOD COUNT COMPLETE AUTO&AUTO DIFRNTL WBC","billing_code_type":"CPT","billing_code_type_version":"2020","billing_code":"85025","description":"BLOOD COUNT COMPLETE AUTO&AUTO DIFRNTL WBC","allowed_amounts":[{"tin":{"type":"ein","value":"133757370"},"service_code":["81"],"billing_class":"professional","payments":[{"allowed_amount":8.55,"billing_code_modifier":[""],"providers":[{"billed_charge":39.90,"npi":[1538144910,1568961514]}]}]},{"tin":{"type":"ein","value":"571207559"},"service_code":["11"],"billing_class":"professional","payments":[{"allowed_amount":8.55,"billing_code_modifier":[""],"providers":[{"billed_charge":43.00,"npi":[1083128730,1659436038,1740531466,1770981839,1780961102]}]}]},{"tin":{"type":"ein","value":"742554159"},"service_code":["81"],"billing_class":"professional","payments":[{"allowed_amount":8.55,"billing_code_modifier":[""],"providers":[{"billed_charge":41.50,"npi":[1194769497,1457389074]}]}]},{"tin":{"type":"ein","value":"840611484"},"service_code":["81"],"billing_class":"professional","payments":[{"allowed_amount":8.55,"billing_code_modifier":[""],"providers":[{"billed_charge":38.00,"npi":[1245526789,1336553676,1568042042,1740262880,1861767048,1972742245]},{"billed_charge":39.90,"npi":[1629023692,1740262880]}]},{"allowed_amount":8.55,"billing_code_modifier":[""],"providers":[{"billed_charge":38.00,"npi":[1245526789,1336553676,1568042042,1740262880,1861767048,1972742245]},{"billed_charge":39.90,"npi":[1629023692,1740262880]}]}]},{"tin":{"type":"ein","value":"840611484"},"service_code":["81"],"billing_class":"professional","payments":[{"allowed_amount":8.55,"billing_code_modifier":[""],"providers":[{"billed_charge":38.00,"npi":[1245526789,1336553676,1568042042,1740262880,1861767048,1972742245]},{"billed_charge":39.90,"npi":[1629023692,1740262880]}]},{"allowed_amount":8.55,"billing_code_modifier":[""],"providers":[{"billed_charge":38.00,"npi":[1245526789,1336553676,1568042042,1740262880,1861767048,1972742245]},{"billed_charge":39.90,"npi":[1629023692,1740262880]}]}]}]},{"name":"CCPD OPD\/HOME: CCPD COMP OR OTHER RATE","billing_code_type":"RC","billing_code_type_version":"UB04","billing_code":"0851","description":"CCPD OPD\/HOME: CCPD COMP OR OTHER RATE","allowed_amounts":[{"tin":{"type":"ein","value":"620850498"},"service_code":["65"],"billing_class":"institutional","payments":[{"allowed_amount":279.89,"billing_code_modifier":[""],"providers":[{"billed_charge":1140.00,"npi":[1467560292,1841223237]}]}]},{"tin":{"type":"ein","value":"620850498"},"service_code":["65"],"billing_class":"institutional","payments":[{"allowed_amount":295.06,"billing_code_modifier":[""],"providers":[{"billed_charge":1140.00,"npi":[1467560292,1841223237]}]}]},{"tin":{"type":"ein","value":"620850498"},"service_code":["65"],"billing_class":"institutional","payments":[{"allowed_amount":305.57,"billing_code_modifier":[""],"providers":[{"billed_charge":1140.00,"npi":[1467560292,1841223237]}]}]},{"tin":{"type":"ein","value":"831522514"},"service_code":["65"],"billing_class":"institutional","payments":[{"allowed_amount":307.15,"billing_code_modifier":[""],"providers":[{"billed_charge":1140.00,"npi":[1902986987,1992284814]}]}]}]},{"name":"COLLECTION VENOUS BLOOD VENIPUNCTURE","billing_code_type":"CPT","billing_code_type_version":"2020","billing_code":"36415","description":"COLLECTION VENOUS BLOOD VENIPUNCTURE","allowed_amounts":[{"tin":{"type":"ein","value":"571207559"},"service_code":["11"],"billing_class":"professional","payments":[{"allowed_amount":3.30,"billing_code_modifier":[""],"providers":[{"billed_charge":25.00,"npi":[1083128730,1659436038,1740531466,1770981839,1780961102]}]}]},{"tin":{"type":"ein","value":"844948708"},"service_code":["11"],"billing_class":"professional","payments":[{"allowed_amount":3.30,"billing_code_modifier":[""],"providers":[{"billed_charge":85.00,"npi":[1629695432,1669453262]}]}]}]},{"name":"COMPREHENSIVE METABOLIC PANEL","billing_code_type":"CPT","billing_code_type_version":"2020","billing_code":"80053","description":"COMPREHENSIVE METABOLIC PANEL","allowed_amounts":[{"tin":{"type":"ein","value":"133757370"},"service_code":["81"],"billing_class":"professional","payments":[{"allowed_amount":11.62,"billing_code_modifier":[""],"providers":[{"billed_charge":51.45,"npi":[1538144910,1568961514]}]}]},{"tin":{"type":"ein","value":"571207559"},"service_code":["11"],"billing_class":"professional","payments":[{"allowed_amount":11.62,"billing_code_modifier":[""],"providers":[{"billed_charge":65.00,"npi":[1659436038,1740531466,1770981839,1780961102]}]}]},{"tin":{"type":"ein","value":"742554159"},"service_code":["81"],"billing_class":"professional","payments":[{"allowed_amount":11.62,"billing_code_modifier":[""],"providers":[{"billed_charge":78.25,"npi":[1194769497,1457389074]}]}]},{"tin":{"type":"ein","value":"840611484"},"service_code":["81"],"billing_class":"professional","payments":[{"allowed_amount":11.62,"billing_code_modifier":[""],"providers":[{"billed_charge":51.00,"npi":[1417078221,1568042042,1740262880]},{"billed_charge":51.45,"npi":[1629023692,1740262880]}]},{"allowed_amount":11.62,"billing_code_modifier":[""],"providers":[{"billed_charge":51.00,"npi":[1417078221,1568042042,1740262880]},{"billed_charge":51.45,"npi":[1629023692,1740262880]}]}]},{"tin":{"type":"ein","value":"840611484"},"service_code":["81"],"billing_class":"professional","payments":[{"allowed_amount":11.62,"billing_code_modifier":[""],"providers":[{"billed_charge":51.00,"npi":[1417078221,1568042042,1740262880]},{"billed_charge":51.45,"npi":[1629023692,1740262880]}]},{"allowed_amount":11.62,"billing_code_modifier":[""],"providers":[{"billed_charge":51.00,"npi":[1417078221,1568042042,1740262880]},{"billed_charge":51.45,"npi":[1629023692,1740262880]}]}]}]},{"name":"CREATININE OTHER SOURCE","billing_code_type":"CPT","billing_code_type_version":"2020","billing_code":"82570","description":"CREATININE OTHER SOURCE","allowed_amounts":[{"tin":{"type":"ein","value":"571207559"},"service_code":["11"],"billing_class":"professional","payments":[{"allowed_amount":5.70,"billing_code_modifier":[""],"providers":[{"billed_charge":67.00,"npi":[1659436038,1740531466,1770981839,1780961102]}]}]},{"tin":{"type":"ein","value":"742554159"},"service_code":["81"],"billing_class":"professional","payments":[{"allowed_amount":5.70,"billing_code_modifier":[""],"providers":[{"billed_charge":44.03,"npi":[1194769497,1457389074]}]}]},{"tin":{"type":"ein","value":"840611484"},"service_code":["81"],"billing_class":"professional","payments":[{"allowed_amount":5.70,"billing_code_modifier":[""],"providers":[{"billed_charge":63.94,"npi":[1033423249,1740262880]}]}]}]},{"name":"CUL BACT XCPT URINE BLOOD\/STOOL AEROBIC ISOL","billing_code_type":"CPT","billing_code_type_version":"2020","billing_code":"87070","description":"CUL BACT XCPT URINE BLOOD\/STOOL AEROBIC ISOL","allowed_amounts":[{"tin":{"type":"ein","value":"571207559"},"service_code":["11"],"billing_class":"professional","payments":[{"allowed_amount":9.48,"billing_code_modifier":[""],"providers":[{"billed_charge":113.00,"npi":[1083128730,1659436038,1740531466,1780961102]}]}]},{"tin":{"type":"ein","value":"840611484"},"service_code":["81"],"billing_class":"professional","payments":[{"allowed_amount":9.48,"billing_code_modifier":[""],"providers":[{"billed_charge":86.10,"npi":[1568961514,1740262880]}]}]}]},{"name":"DRUG TEST DEFINITV DR ID METH P DAY 8-14 DRUG CL","billing_code_type":"HCPCS","billing_code_type_version":"HCPCS LEVEL II 2021","billing_code":"G0481","description":"DRUG TEST DEFINITV DR ID METH P DAY 8-14 DRUG CL","allowed_amounts":[{"tin":{"type":"ein","value":"383907970"},"service_code":["81"],"billing_class":"professional","payments":[{"allowed_amount":172.25,"billing_code_modifier":[""],"providers":[{"billed_charge":313.10,"npi":[1174034672,1467890137]}]}]},{"tin":{"type":"ein","value":"953926170"},"service_code":["81"],"billing_class":"professional","payments":[{"allowed_amount":172.25,"billing_code_modifier":[""],"providers":[{"billed_charge":322.00,"npi":[1003950585,1922157320]}]}]}]},{"name":"DRUG TEST PRSMV READ DIRECT OPTICAL OBS PR DATE","billing_code_type":"CPT","billing_code_type_version":"2020","billing_code":"80305","description":"DRUG TEST PRSMV READ DIRECT OPTICAL OBS PR DATE","allowed_amounts":[{"tin":{"type":"ein","value":"833632917"},"service_code":["11"],"billing_class":"professional","payments":[{"allowed_amount":13.86,"billing_code_modifier":[""],"providers":[{"billed_charge":1815.00,"npi":[1245883883,1922157320]}]}]}]},{"name":"DRUG TST DEFINITV DR ID METH P DAY 22\/MORE DR CL","billing_code_type":"HCPCS","billing_code_type_version":"HCPCS LEVEL II 2021","billing_code":"G0483","description":"DRUG TST DEFINITV DR ID METH P DAY 22\/MORE DR CL","allowed_amounts":[{"tin":{"type":"ein","value":"261565558"},"service_code":["81"],"billing_class":"professional","payments":[{"allowed_amount":271.61,"billing_code_modifier":[""],"providers":[{"billed_charge":499.00,"npi":[1386970614,1497933162,1821232067]}]}]},{"tin":{"type":"ein","value":"474125399"},"service_code":["81"],"billing_class":"professional","payments":[{"allowed_amount":271.61,"billing_code_modifier":[""],"providers":[{"billed_charge":1100.00,"npi":[1245606078,1548363583,1659431443]}]}]},{"tin":{"type":"ein","value":"474815114"},"service_code":["81"],"billing_class":"professional","payments":[{"allowed_amount":271.61,"billing_code_modifier":[""],"providers":[{"billed_charge":395.00,"npi":[1215302245,1457705279,1922070093]}]}]}]},{"name":"DRUG TST PRSMV INSTRMNT CHEM ANALYZERS PR DATE","billing_code_type":"CPT","billing_code_type_version":"2020","billing_code":"80307","description":"DRUG TST PRSMV INSTRMNT CHEM ANALYZERS PR DATE","allowed_amounts":[{"tin":{"type":"ein","value":"133757370"},"service_code":["81"],"billing_class":"professional","payments":[{"allowed_amount":68.35,"billing_code_modifier":[""],"providers":[{"billed_charge":214.20,"npi":[1538144910,1982880241]}]}]},{"tin":{"type":"ein","value":"261565558"},"service_code":["81"],"billing_class":"professional","payments":[{"allowed_amount":68.35,"billing_code_modifier":[""],"providers":[{"billed_charge":124.00,"npi":[1386970614,1497933162,1821232067]}]}]},{"tin":{"type":"ein","value":"474815114"},"service_code":["81"],"billing_class":"professional","payments":[{"allowed_amount":68.35,"billing_code_modifier":[""],"providers":[{"billed_charge":103.00,"npi":[1215302245,1457705279,1922070093]}]}]},{"tin":{"type":"ein","value":"571207559"},"service_code":["11"],"billing_class":"professional","payments":[{"allowed_amount":68.35,"billing_code_modifier":[""],"providers":[{"billed_charge":2300.00,"npi":[1659436038,1780961102]}]}]},{"tin":{"type":"ein","value":"824323767"},"service_code":["81"],"billing_class":"professional","payments":[{"allowed_amount":68.35,"billing_code_modifier":[""],"providers":[{"billed_charge":3450.00,"npi":[1194201558,1598432320]}]}]}]},{"name":"DRUGS REQUIRE SPECIFIC ID: DRUGS REQUIRING DETAIL","billing_code_type":"RC","billing_code_type_version":"UB04","billing_code":"0636","description":"DRUGS REQUIRE SPECIFIC ID: DRUGS REQUIRING DETAIL","allowed_amounts":[{"tin":{"type":"ein","value":"810747282"},"service_code":["65"],"billing_class":"institutional","payments":[{"allowed_amount":5.91,"billing_code_modifier":[""],"providers":[{"billed_charge":140.30,"npi":[1407394463,1902882806]}]}]},{"tin":{"type":"ein","value":"810747282"},"service_code":["65"],"billing_class":"institutional","payments":[{"allowed_amount":6.00,"billing_code_modifier":[""],"providers":[{"billed_charge":140.30,"npi":[1407394463,1861490211]}]}]}]},{"name":"HEMO OPD\/HOME: HEMODIALYSIS COMP OR OTHER RATE","billing_code_type":"RC","billing_code_type_version":"UB04","billing_code":"0821","description":"HEMO OPD\/HOME: HEMODIALYSIS COMP OR OTHER RATE","allowed_amounts":[{"tin":{"type":"ein","value":"810747282"},"service_code":["65"],"billing_class":"institutional","payments":[{"allowed_amount":337.52,"billing_code_modifier":[""],"providers":[{"billed_charge":8010.89,"npi":[1407394463,1902882806]}]}]},{"tin":{"type":"ein","value":"810747282"},"service_code":["65"],"billing_class":"institutional","payments":[{"allowed_amount":342.76,"billing_code_modifier":[""],"providers":[{"billed_charge":8010.89,"npi":[1407394463,1861490211]}]}]}]},{"name":"HEMOGLOBIN GLYCOSYLATED A1C","billing_code_type":"CPT","billing_code_type_version":"2020","billing_code":"83036","description":"HEMOGLOBIN GLYCOSYLATED A1C","allowed_amounts":[{"tin":{"type":"ein","value":"571207559"},"service_code":["11"],"billing_class":"professional","payments":[{"allowed_amount":10.68,"billing_code_modifier":[""],"providers":[{"billed_charge":79.00,"npi":[1659436038,1740531466,1770981839,1780961102]}]}]},{"tin":{"type":"ein","value":"742554159"},"service_code":["81"],"billing_class":"professional","payments":[{"allowed_amount":10.68,"billing_code_modifier":[""],"providers":[{"billed_charge":82.00,"npi":[1194769497,1457389074]}]}]},{"tin":{"type":"ein","value":"840611484"},"service_code":["81"],"billing_class":"professional","payments":[{"allowed_amount":10.68,"billing_code_modifier":[""],"providers":[{"billed_charge":78.00,"npi":[1033423249,1568961514,1740262880]}]}]}]},{"name":"IA DET NA;SEV AC RES SYND SARS-COV-2 COVID-19","billing_code_type":"HCPCS","billing_code_type_version":"HCPCS LEVEL II 2021","billing_code":"U0005","description":"IA DET NA;SEV AC RES SYND SARS-COV-2 COVID-19","allowed_amounts":[{"tin":{"type":"ein","value":"880099333"},"service_code":["81"],"billing_class":"professional","payments":[{"allowed_amount":25.00,"billing_code_modifier":[""],"providers":[{"billed_charge":25.00,"npi":[1043256886,1053785345,1205444510,1346852183,1508479593,1629571161,1932732633]}]}]}]},{"name":"IAAD IA STREPTOCOCCUS GROUP A","billing_code_type":"CPT","billing_code_type_version":"2020","billing_code":"87430","description":"IAAD IA STREPTOCOCCUS GROUP A","allowed_amounts":[{"tin":{"type":"ein","value":"571207559"},"service_code":["11"],"billing_class":"professional","payments":[{"allowed_amount":18.49,"billing_code_modifier":[""],"providers":[{"billed_charge":30.00,"npi":[1083128730,1659436038,1740531466,1770981839,1780961102]}]}]}]},{"name":"IAADIADOO INFLUENZA","billing_code_type":"CPT","billing_code_type_version":"2020","billing_code":"87804","description":"IAADIADOO INFLUENZA","allowed_amounts":[{"tin":{"type":"ein","value":"571207559"},"service_code":["11"],"billing_class":"professional","payments":[{"allowed_amount":18.20,"billing_code_modifier":[""],"providers":[{"billed_charge":39.00,"npi":[1083128730,1659436038,1740531466,1770981839,1780961102]}]}]}]},{"name":"IAADIADOO SEVERE AQT RESPIR SYND CORONAVIRUS","billing_code_type":"CPT","billing_code_type_version":"2020","billing_code":"87811","description":"IAADIADOO SEVERE AQT RESPIR SYND CORONAVIRUS","allowed_amounts":[{"tin":{"type":"ein","value":"571207559"},"service_code":["11"],"billing_class":"professional","payments":[{"allowed_amount":80.12,"billing_code_modifier":[""],"providers":[{"billed_charge":160.00,"npi":[1083128730,1659436038,1740531466,1770981839,1780961102]}]}]}]},{"name":"IM ADM PRQ ID SUBQ\/IM NJXS 1 VACCINE","billing_code_type":"CPT","billing_code_type_version":"2020","billing_code":"90471","description":"IM ADM PRQ ID SUBQ\/IM NJXS 1 VACCINE","allowed_amounts":[{"tin":{"type":"ein","value":"571207559"},"service_code":["11"],"billing_class":"professional","payments":[{"allowed_amount":18.82,"billing_code_modifier":[""],"providers":[{"billed_charge":77.00,"npi":[1174035711,1659436038,1740531466,1770981839,1780961102,1902198542]}]}]}]},{"name":"INF AGT DET DNA\/RNA;SARS-COV-2 COVID-19 AMP P T","billing_code_type":"HCPCS","billing_code_type_version":"HCPCS LEVEL II 2021","billing_code":"U0003","description":"INF AGT DET DNA\/RNA;SARS-COV-2 COVID-19 AMP P T","allowed_amounts":[{"tin":{"type":"ein","value":"621433252"},"service_code":["81"],"billing_class":"professional","payments":[{"allowed_amount":82.50,"billing_code_modifier":[""],"providers":[{"billed_charge":125.00,"npi":[1255755450,1427064799,1689639544]}]}]},{"tin":{"type":"ein","value":"850602662"},"service_code":["81"],"billing_class":"professional","payments":[{"allowed_amount":82.50,"billing_code_modifier":[""],"providers":[{"billed_charge":150.00,"npi":[1114918349,1881215622]}]}]},{"tin":{"type":"ein","value":"852364612"},"service_code":["81"],"billing_class":"professional","payments":[{"allowed_amount":82.50,"billing_code_modifier":[""],"providers":[{"billed_charge":225.00,"npi":[1740685387,1790386746]}]}]},{"tin":{"type":"ein","value":"853331033"},"service_code":["81"],"billing_class":"professional","payments":[{"allowed_amount":82.50,"billing_code_modifier":[""],"providers":[{"billed_charge":187.00,"npi":[1417554098,1801039649]}]}]},{"tin":{"type":"ein","value":"862940625"},"service_code":["81"],"billing_class":"professional","payments":[{"allowed_amount":82.50,"billing_code_modifier":[""],"providers":[{"billed_charge":187.50,"npi":[1023786233,1972619997]}]}]},{"tin":{"type":"ein","value":"880099333"},"service_code":["81"],"billing_class":"professional","payments":[{"allowed_amount":82.50,"billing_code_modifier":[""],"providers":[{"billed_charge":100.00,"npi":[1043256886,1053785345,1124130653,1205444510,1346852183,1508479593,1629571161,1649586058,1669484473,1811997711,1932732633]}]}]}]},{"name":"LIPID PANEL","billing_code_type":"CPT","billing_code_type_version":"2020","billing_code":"80061","description":"LIPID PANEL","allowed_amounts":[{"tin":{"type":"ein","value":"571207559"},"service_code":["11"],"billing_class":"professional","payments":[{"allowed_amount":14.73,"billing_code_modifier":[""],"providers":[{"billed_charge":114.00,"npi":[1659436038,1740531466,1770981839,1780961102]}]}]},{"tin":{"type":"ein","value":"742554159"},"service_code":["81"],"billing_class":"professional","payments":[{"allowed_amount":14.73,"billing_code_modifier":[""],"providers":[{"billed_charge":90.75,"npi":[1194769497,1457389074]}]}]},{"tin":{"type":"ein","value":"840611484"},"service_code":["81"],"billing_class":"professional","payments":[{"allowed_amount":14.73,"billing_code_modifier":[""],"providers":[{"billed_charge":102.00,"npi":[1033423249,1740262880]}]}]}]},{"name":"MANUAL THERAPY TQS 1\/> REGIONS EACH 15 MINUTES","billing_code_type":"CPT","billing_code_type_version":"2020","billing_code":"97140","description":"MANUAL THERAPY TQS 1\/> REGIONS EACH 15 MINUTES","allowed_amounts":[{"tin":{"type":"ein","value":"873852958"},"service_code":["11"],"billing_class":"professional","payments":[{"allowed_amount":29.49,"billing_code_modifier":[""],"providers":[{"billed_charge":41.00,"npi":[1023074796,1598050072,1700544764,1881762409,1962409581]}]}]},{"tin":{"type":"ein","value":"873852958"},"service_code":["11"],"billing_class":"professional","payments":[{"allowed_amount":30.80,"billing_code_modifier":[""],"providers":[{"billed_charge":41.00,"npi":[1619080371,1700544764,1881762409,1962409581]}]}]}]},{"name":"MEDICAL\/SURGICAL SUPPLIES","billing_code_type":"RC","billing_code_type_version":"UB04","billing_code":"0270","description":"MEDICAL\/SURGICAL SUPPLIES","allowed_amounts":[{"tin":{"type":"ein","value":"810747282"},"service_code":["65"],"billing_class":"institutional","payments":[{"allowed_amount":5.69,"billing_code_modifier":[""],"providers":[{"billed_charge":135.24,"npi":[1407394463,1902882806]}]}]},{"tin":{"type":"ein","value":"810747282"},"service_code":["65"],"billing_class":"institutional","payments":[{"allowed_amount":5.78,"billing_code_modifier":[""],"providers":[{"billed_charge":135.24,"npi":[1407394463,1861490211]}]}]}]},{"name":"OFFICE\/OUTPATIENT ESTABLISHED LOW MDM 20-29 MIN","billing_code_type":"CPT","billing_code_type_version":"2020","billing_code":"99213","description":"OFFICE\/OUTPATIENT ESTABLISHED LOW MDM 20-29 MIN","allowed_amounts":[{"tin":{"type":"ein","value":"571207559"},"service_code":["11"],"billing_class":"professional","payments":[{"allowed_amount":102.84,"billing_code_modifier":[""],"providers":[{"billed_charge":192.00,"npi":[1083128730,1659436038,1740531466,1770981839,1780961102]}]}]},{"tin":{"type":"ein","value":"680403753"},"service_code":["11"],"billing_class":"professional","payments":[{"allowed_amount":102.84,"billing_code_modifier":[""],"providers":[{"billed_charge":225.00,"npi":[1043214935]}]}]},{"tin":{"type":"ein","value":"870468377"},"service_code":["11"],"billing_class":"professional","payments":[{"allowed_amount":102.84,"billing_code_modifier":[""],"providers":[{"billed_charge":156.46,"npi":[1740346071,1922096114]}]}]}]},{"name":"OFFICE\/OUTPATIENT ESTABLISHED MOD MDM 30-39 MIN","billing_code_type":"CPT","billing_code_type_version":"2020","billing_code":"99214","description":"OFFICE\/OUTPATIENT ESTABLISHED MOD MDM 30-39 MIN","allowed_amounts":[{"tin":{"type":"ein","value":"571207559"},"service_code":["11"],"billing_class":"professional","payments":[{"allowed_amount":144.72,"billing_code_modifier":[""],"providers":[{"billed_charge":278.00,"npi":[1083128730,1659436038,1740531466,1770981839,1780961102,1942612650]}]}]},{"tin":{"type":"ein","value":"680403753"},"service_code":["11"],"billing_class":"professional","payments":[{"allowed_amount":144.72,"billing_code_modifier":[""],"providers":[{"billed_charge":330.00,"npi":[1043214935]}]}]},{"tin":{"type":"ein","value":"812219401"},"service_code":["11"],"billing_class":"professional","payments":[{"allowed_amount":144.72,"billing_code_modifier":[""],"providers":[{"billed_charge":394.68,"npi":[1215471859,1275988107]}]}]}]},{"name":"OFFICE\/OUTPATIENT ESTABLISHED SF MDM 10-19 MIN","billing_code_type":"CPT","billing_code_type_version":"2020","billing_code":"99212","description":"OFFICE\/OUTPATIENT ESTABLISHED SF MDM 10-19 MIN","allowed_amounts":[{"tin":{"type":"ein","value":"571207559"},"service_code":["11"],"billing_class":"professional","payments":[{"allowed_amount":64.26,"billing_code_modifier":[""],"providers":[{"billed_charge":126.00,"npi":[1659436038,1740531466,1770981839,1780961102]}]}]},{"tin":{"type":"ein","value":"680403753"},"service_code":["11"],"billing_class":"professional","payments":[{"allowed_amount":64.26,"billing_code_modifier":[""],"providers":[{"billed_charge":135.00,"npi":[1043214935]}]}]},{"tin":{"type":"ein","value":"860857176"},"service_code":["10"],"billing_class":"professional","payments":[{"allowed_amount":64.26,"billing_code_modifier":[""],"providers":[{"billed_charge":167.00,"npi":[1417424243,1790329407]},{"billed_charge":175.00,"npi":[1134542343,1326292624,1790329407]}]},{"allowed_amount":64.26,"billing_code_modifier":[""],"providers":[{"billed_charge":167.00,"npi":[1417424243,1790329407]},{"billed_charge":175.00,"npi":[1134542343,1326292624,1790329407]}]}]},{"tin":{"type":"ein","value":"860857176"},"service_code":["10"],"billing_class":"professional","payments":[{"allowed_amount":64.26,"billing_code_modifier":[""],"providers":[{"billed_charge":167.00,"npi":[1417424243,1790329407]},{"billed_charge":175.00,"npi":[1134542343,1326292624,1790329407]}]},{"allowed_amount":64.26,"billing_code_modifier":[""],"providers":[{"billed_charge":167.00,"npi":[1417424243,1790329407]},{"billed_charge":175.00,"npi":[1134542343,1326292624,1790329407]}]}]}]},{"name":"PSYCHIATRIC\/PSYCHOLOGICAL SVCS: PARTIAL HOSP - INT","billing_code_type":"RC","billing_code_type_version":"UB04","billing_code":"0913","description":"PSYCHIATRIC\/PSYCHOLOGICAL SVCS: PARTIAL HOSP - INT","allowed_amounts":[{"tin":{"type":"ein","value":"204772878"},"service_code":["22"],"billing_class":"institutional","payments":[{"allowed_amount":449.10,"billing_code_modifier":[""],"providers":[{"billed_charge":1000.00,"npi":[1215123567,1578662508]}]}]},{"tin":{"type":"ein","value":"204772878"},"service_code":["22"],"billing_class":"institutional","payments":[{"allowed_amount":1000.00,"billing_code_modifier":[""],"providers":[{"billed_charge":1000.00,"npi":[1215123567,1578662508]}]}]}]},{"name":"PSYCHIATRIC\/PSYCHOLOGICAL TRT: INTENSIVE OUTPATIEN","billing_code_type":"RC","billing_code_type_version":"UB04","billing_code":"0905","description":"PSYCHIATRIC\/PSYCHOLOGICAL TRT: INTENSIVE OUTPATIEN","allowed_amounts":[{"tin":{"type":"ein","value":"204772878"},"service_code":["22"],"billing_class":"institutional","payments":[{"allowed_amount":1000.00,"billing_code_modifier":[""],"providers":[{"billed_charge":1000.00,"npi":[1215123567,1578662508]}]}]}]},{"name":"RESIDENTIAL TREATMENT-CHEMICAL DEPENDENCY","billing_code_type":"RC","billing_code_type_version":"UB04","billing_code":"1002","description":"RESIDENTIAL TREATMENT-CHEMICAL DEPENDENCY","allowed_amounts":[{"tin":{"type":"ein","value":"833632917"},"service_code":["21"],"billing_class":"institutional","payments":[{"allowed_amount":1116.60,"billing_code_modifier":[""],"providers":[{"billed_charge":8470.00,"npi":[1245883883,1922157320]}]}]}]},{"name":"ROUTINE HOME CARE","billing_code_type":"RC","billing_code_type_version":"UB04","billing_code":"0651","description":"ROUTINE HOME CARE","allowed_amounts":[{"tin":{"type":"ein","value":"475231755"},"service_code":["34"],"billing_class":"institutional","payments":[{"allowed_amount":160.00,"billing_code_modifier":[""],"providers":[{"billed_charge":160.00,"npi":[1124226535,1992177125]}]}]}]},{"name":"THERAPEUTIC PX 1\/> AREAS EACH 15 MIN EXERCISES","billing_code_type":"CPT","billing_code_type_version":"2020","billing_code":"97110","description":"THERAPEUTIC PX 1\/> AREAS EACH 15 MIN EXERCISES","allowed_amounts":[{"tin":{"type":"ein","value":"873852958"},"service_code":["11"],"billing_class":"professional","payments":[{"allowed_amount":64.09,"billing_code_modifier":[""],"providers":[{"billed_charge":88.00,"npi":[1023074796,1023194347,1700544764,1881762409,1962409581]}]}]},{"tin":{"type":"ein","value":"873852958"},"service_code":["11"],"billing_class":"professional","payments":[{"allowed_amount":66.95,"billing_code_modifier":[""],"providers":[{"billed_charge":88.00,"npi":[1619080371,1700544764,1881762409,1962409581]}]}]},{"tin":{"type":"ein","value":"873852958"},"service_code":["11"],"billing_class":"professional","payments":[{"allowed_amount":96.13,"billing_code_modifier":[""],"providers":[{"billed_charge":132.00,"npi":[1023074796,1023194347,1700544764,1962409581]}]}]}]},{"name":"URINE ALBUMIN QUANTITATIVE","billing_code_type":"CPT","billing_code_type_version":"2020","billing_code":"82043","description":"URINE ALBUMIN QUANTITATIVE","allowed_amounts":[{"tin":{"type":"ein","value":"571207559"},"service_code":["11"],"billing_class":"professional","payments":[{"allowed_amount":6.36,"billing_code_modifier":[""],"providers":[{"billed_charge":86.00,"npi":[1659436038,1740531466,1770981839,1780961102]}]}]},{"tin":{"type":"ein","value":"742554159"},"service_code":["81"],"billing_class":"professional","payments":[{"allowed_amount":6.36,"billing_code_modifier":[""],"providers":[{"billed_charge":123.22,"npi":[1194769497,1457389074]}]}]},{"tin":{"type":"ein","value":"840611484"},"service_code":["81"],"billing_class":"professional","payments":[{"allowed_amount":6.36,"billing_code_modifier":[""],"providers":[{"billed_charge":70.06,"npi":[1033423249,1740262880]}]}]}]},{"name":"URNLS DIP STICK\/TABLET RGNT AUTO W\/O MICROSCOPY","billing_code_type":"CPT","billing_code_type_version":"2020","billing_code":"81003","description":"URNLS DIP STICK\/TABLET RGNT AUTO W\/O MICROSCOPY","allowed_amounts":[{"tin":{"type":"ein","value":"474125399"},"service_code":["81"],"billing_class":"professional","payments":[{"allowed_amount":2.48,"billing_code_modifier":[""],"providers":[{"billed_charge":15.00,"npi":[1245606078,1548363583,1659431443]}]}]},{"tin":{"type":"ein","value":"571207559"},"service_code":["11"],"billing_class":"professional","payments":[{"allowed_amount":2.48,"billing_code_modifier":[""],"providers":[{"billed_charge":18.00,"npi":[1659436038,1740531466,1770981839,1780961102]}]}]}]}]}
