{"reporting_entity_name": "IEC Group_DBA AmeriBen",
	"reporting_entity_type": "Third Party Administrator",
	"plan_name": "MSD WA TOWNSHIP SCHOOLS",
	"plan_id_type": "ein",
	"plan_id": "356005690",
	"plan_market_type": "group",
	"last_updated_on": "2025-12-01","Version": "1.0.0","out_of_network":[{"name":"MANUAL THERAPY TQS 1\/> REGIONS EACH 15 MINUTES","billing_code_type":"CPT","billing_code_type_version":"2020","billing_code":"97140","description":"MANUAL THERAPY TQS 1\/> REGIONS EACH 15 MINUTES","allowed_amounts":[{"tin":{"type":"ein","value":"460813202"},"service_code":["12"],"billing_class":"professional","payments":[{"allowed_amount":20.45,"billing_code_modifier":[""],"providers":[{"billed_charge":47.15,"npi":[1043568942,1326257866,1740610617,1871292482]}]}]}]},{"name":"THER IVNTJ COG FUNCJ CNTCT 1ST 15 MINUTES","billing_code_type":"CPT","billing_code_type_version":"2020","billing_code":"97129","description":"THER IVNTJ COG FUNCJ CNTCT 1ST 15 MINUTES","allowed_amounts":[{"tin":{"type":"ein","value":"460813202"},"service_code":["12"],"billing_class":"professional","payments":[{"allowed_amount":0.00,"billing_code_modifier":[""],"providers":[{"billed_charge":45.16,"npi":[1043568942,1578243663,1871292482]}]}]}]},{"name":"THER IVNTJ COG FUNCJ CNTCT EA ADDL 15 MINUTES","billing_code_type":"CPT","billing_code_type_version":"2020","billing_code":"97130","description":"THER IVNTJ COG FUNCJ CNTCT EA ADDL 15 MINUTES","allowed_amounts":[{"tin":{"type":"ein","value":"460813202"},"service_code":["12"],"billing_class":"professional","payments":[{"allowed_amount":37.02,"billing_code_modifier":[""],"providers":[{"billed_charge":86.32,"npi":[1043568942,1578243663,1871292482]}]}]}]},{"name":"THER PX 1\/> AREAS EA 15 MIN GAIT TRAING W\/STAIR","billing_code_type":"CPT","billing_code_type_version":"2020","billing_code":"97116","description":"THER PX 1\/> AREAS EA 15 MIN GAIT TRAING W\/STAIR","allowed_amounts":[{"tin":{"type":"ein","value":"460813202"},"service_code":["12"],"billing_class":"professional","payments":[{"allowed_amount":38.54,"billing_code_modifier":[""],"providers":[{"billed_charge":112.70,"npi":[1043568942,1740610617,1871292482]}]}]}]},{"name":"THER PX 1\/> AREAS EACH 15 MIN NEUROMUSC REEDUCA","billing_code_type":"CPT","billing_code_type_version":"2020","billing_code":"97112","description":"THER PX 1\/> AREAS EACH 15 MIN NEUROMUSC REEDUCA","allowed_amounts":[{"tin":{"type":"ein","value":"460813202"},"service_code":["12"],"billing_class":"professional","payments":[{"allowed_amount":22.72,"billing_code_modifier":[""],"providers":[{"billed_charge":56.35,"npi":[1043568942,1326257866,1740610617,1871292482]}]}]}]},{"name":"THERAPEUT ACTVITY DIRECT PT CONTACT EACH 15 MIN","billing_code_type":"CPT","billing_code_type_version":"2020","billing_code":"97530","description":"THERAPEUT ACTVITY DIRECT PT CONTACT EACH 15 MIN","allowed_amounts":[{"tin":{"type":"ein","value":"460813202"},"service_code":["12"],"billing_class":"professional","payments":[{"allowed_amount":22.95,"billing_code_modifier":[""],"providers":[{"billed_charge":62.10,"npi":[1043568942,1326257866,1740610617,1871292482]}]}]},{"tin":{"type":"ein","value":"460813202"},"service_code":["12"],"billing_class":"professional","payments":[{"allowed_amount":45.90,"billing_code_modifier":[""],"providers":[{"billed_charge":124.20,"npi":[1043568942,1326257866,1346874153,1740610617,1871292482,1891076485]}]}]}]},{"name":"THERAPEUTIC PX 1\/> AREAS EACH 15 MIN EXERCISES","billing_code_type":"CPT","billing_code_type_version":"2020","billing_code":"97110","description":"THERAPEUTIC PX 1\/> AREAS EACH 15 MIN EXERCISES","allowed_amounts":[{"tin":{"type":"ein","value":"460813202"},"service_code":["12"],"billing_class":"professional","payments":[{"allowed_amount":21.03,"billing_code_modifier":[""],"providers":[{"billed_charge":56.35,"npi":[1043568942,1326257866,1740610617,1871292482]}]}]},{"tin":{"type":"ein","value":"460813202"},"service_code":["12"],"billing_class":"professional","payments":[{"allowed_amount":42.06,"billing_code_modifier":[""],"providers":[{"billed_charge":112.70,"npi":[1043568942,1326257866,1740610617,1871292482]}]}]}]},{"name":"TX SPEECH LANG VOICE COMMJ&\/AUD PROC DO INDIV","billing_code_type":"CPT","billing_code_type_version":"2020","billing_code":"92507","description":"TX SPEECH LANG VOICE COMMJ&\/AUD PROC DO INDIV","allowed_amounts":[{"tin":{"type":"ein","value":"460813202"},"service_code":["12"],"billing_class":"professional","payments":[{"allowed_amount":57.61,"billing_code_modifier":[""],"providers":[{"billed_charge":138.00,"npi":[1043568942,1578243663,1871292482]}]}]}]},{"name":"TX SWALLOWING DYSFUNCTION&\/ORAL FUNCJ FEEDING","billing_code_type":"CPT","billing_code_type_version":"2020","billing_code":"92526","description":"TX SWALLOWING DYSFUNCTION&\/ORAL FUNCJ FEEDING","allowed_amounts":[{"tin":{"type":"ein","value":"460813202"},"service_code":["12"],"billing_class":"professional","payments":[{"allowed_amount":54.66,"billing_code_modifier":[""],"providers":[{"billed_charge":178.25,"npi":[1043568942,1578243663,1871292482]}]}]}]}]}
