{"reporting_entity_name": "IEC Group_DBA AmeriBen",
	"reporting_entity_type": "Third Party Administrator",
	"plan_name": "CONFLUENT HEALTH",
	"plan_id_type": "ein",
	"plan_id": "471584422",
	"plan_market_type": "group",
	"last_updated_on": "2024-07-01","Version": "1.0.0","out_of_network":[{"name":"CHIROPRACTIC MANIPULATIVE TX SPINAL 3-4 REGIONS","billing_code_type":"CPT","billing_code_type_version":"2020","billing_code":"98941","description":"CHIROPRACTIC MANIPULATIVE TX SPINAL 3-4 REGIONS","allowed_amounts":[{"tin":{"type":"ein","value":"030551689"},"service_code":["11"],"billing_class":"professional","payments":[{"allowed_amount":29.90,"billing_code_modifier":[""],"providers":[{"billed_charge":65.00,"npi":[1700547536,1891988382]}]}]}]},{"name":"DRUG TEST PRSMV READ DIRECT OPTICAL OBS PR DATE","billing_code_type":"CPT","billing_code_type_version":"2020","billing_code":"80305","description":"DRUG TEST PRSMV READ DIRECT OPTICAL OBS PR DATE","allowed_amounts":[{"tin":{"type":"ein","value":"611632145"},"service_code":["11"],"billing_class":"professional","payments":[{"allowed_amount":8.82,"billing_code_modifier":[""],"providers":[{"billed_charge":75.00,"npi":[1174863757,1679567812]}]}]},{"tin":{"type":"ein","value":"823082007"},"service_code":["57"],"billing_class":"professional","payments":[{"allowed_amount":8.82,"billing_code_modifier":[""],"providers":[{"billed_charge":1200.00,"npi":[1528567740,1689836660]}]}]}]},{"name":"MANUAL THERAPY TQS 1\/> REGIONS EACH 15 MINUTES","billing_code_type":"CPT","billing_code_type_version":"2020","billing_code":"97140","description":"MANUAL THERAPY TQS 1\/> REGIONS EACH 15 MINUTES","allowed_amounts":[{"tin":{"type":"ein","value":"831585934"},"service_code":["11"],"billing_class":"professional","payments":[{"allowed_amount":36.12,"billing_code_modifier":[""],"providers":[{"billed_charge":150.00,"npi":[1295219616,1790265940]}]}]}]},{"name":"PSYCHIATRIC\/PSYCHOLOGICAL SVCS: PARTIAL HOSP - LES","billing_code_type":"RC","billing_code_type_version":"UB04","billing_code":"0912","description":"PSYCHIATRIC\/PSYCHOLOGICAL SVCS: PARTIAL HOSP - LES","allowed_amounts":[{"tin":{"type":"ein","value":"823082007"},"service_code":["22"],"billing_class":"institutional","payments":[{"allowed_amount":121.15,"billing_code_modifier":[""],"providers":[{"billed_charge":2750.00,"npi":[1528567740]}]}]}]},{"name":"PSYCHOTHERAPY W\/PATIENT 60 MINUTES","billing_code_type":"CPT","billing_code_type_version":"2020","billing_code":"90837","description":"PSYCHOTHERAPY W\/PATIENT 60 MINUTES","allowed_amounts":[{"tin":{"type":"ein","value":"102408888"},"service_code":["11"],"billing_class":"professional","payments":[{"allowed_amount":220.61,"billing_code_modifier":[""],"providers":[{"billed_charge":250.00,"npi":[1629114988]}]}]},{"tin":{"type":"ein","value":"825256765"},"service_code":["02"],"billing_class":"professional","payments":[{"allowed_amount":220.61,"billing_code_modifier":[""],"providers":[{"billed_charge":300.00,"npi":[1235530437,1891259727]},{"billed_charge":340.00,"npi":[1235530437,1891259727]}]},{"allowed_amount":220.61,"billing_code_modifier":[""],"providers":[{"billed_charge":300.00,"npi":[1235530437,1891259727]},{"billed_charge":340.00,"npi":[1235530437,1891259727]}]}]},{"tin":{"type":"ein","value":"825256765"},"service_code":["02"],"billing_class":"professional","payments":[{"allowed_amount":220.61,"billing_code_modifier":[""],"providers":[{"billed_charge":300.00,"npi":[1235530437,1891259727]},{"billed_charge":340.00,"npi":[1235530437,1891259727]}]},{"allowed_amount":220.61,"billing_code_modifier":[""],"providers":[{"billed_charge":300.00,"npi":[1235530437,1891259727]},{"billed_charge":340.00,"npi":[1235530437,1891259727]}]}]}]},{"name":"THER PX 1\/> AREAS EACH 15 MIN NEUROMUSC REEDUCA","billing_code_type":"CPT","billing_code_type_version":"2020","billing_code":"97112","description":"THER PX 1\/> AREAS EACH 15 MIN NEUROMUSC REEDUCA","allowed_amounts":[{"tin":{"type":"ein","value":"871178824"},"service_code":["11"],"billing_class":"professional","payments":[{"allowed_amount":0.00,"billing_code_modifier":[""],"providers":[{"billed_charge":48.00,"npi":[1023455763,1376911594,1609542109,1609838432,1629751052,1770693509,1962184168]},{"billed_charge":70.00,"npi":[1609542109,1609838432]}]},{"allowed_amount":0.00,"billing_code_modifier":[""],"providers":[{"billed_charge":48.00,"npi":[1023455763,1376911594,1609542109,1609838432,1629751052,1770693509,1962184168]},{"billed_charge":70.00,"npi":[1609542109,1609838432]}]}]},{"tin":{"type":"ein","value":"871178824"},"service_code":["11"],"billing_class":"professional","payments":[{"allowed_amount":0.00,"billing_code_modifier":[""],"providers":[{"billed_charge":48.00,"npi":[1023455763,1376911594,1609542109,1609838432,1629751052,1770693509,1962184168]},{"billed_charge":70.00,"npi":[1609542109,1609838432]}]},{"allowed_amount":0.00,"billing_code_modifier":[""],"providers":[{"billed_charge":48.00,"npi":[1023455763,1376911594,1609542109,1609838432,1629751052,1770693509,1962184168]},{"billed_charge":70.00,"npi":[1609542109,1609838432]}]}]},{"tin":{"type":"ein","value":"871178824"},"service_code":["11"],"billing_class":"professional","payments":[{"allowed_amount":59.50,"billing_code_modifier":[""],"providers":[{"billed_charge":96.00,"npi":[1023455763,1134406176,1376911594,1609542109,1609838432,1629751052,1770693509,1922734912,1962184168]}]}]}]},{"name":"THERAPEUT ACTVITY DIRECT PT CONTACT EACH 15 MIN","billing_code_type":"CPT","billing_code_type_version":"2020","billing_code":"97530","description":"THERAPEUT ACTVITY DIRECT PT CONTACT EACH 15 MIN","allowed_amounts":[{"tin":{"type":"ein","value":"831585934"},"service_code":["11"],"billing_class":"professional","payments":[{"allowed_amount":49.02,"billing_code_modifier":[""],"providers":[{"billed_charge":150.00,"npi":[1295219616,1790265940]}]}]},{"tin":{"type":"ein","value":"871178824"},"service_code":["11"],"billing_class":"professional","payments":[{"allowed_amount":0.00,"billing_code_modifier":[""],"providers":[{"billed_charge":48.00,"npi":[1376911594,1609542109,1609838432,1629751052]},{"billed_charge":96.00,"npi":[1023455763,1134406176,1376911594,1609542109,1629751052,1770693509,1922734912,1962184168]}]},{"allowed_amount":0.00,"billing_code_modifier":[""],"providers":[{"billed_charge":48.00,"npi":[1376911594,1609542109,1609838432,1629751052]},{"billed_charge":96.00,"npi":[1023455763,1134406176,1376911594,1609542109,1629751052,1770693509,1922734912,1962184168]}]}]},{"tin":{"type":"ein","value":"871178824"},"service_code":["11"],"billing_class":"professional","payments":[{"allowed_amount":0.00,"billing_code_modifier":[""],"providers":[{"billed_charge":48.00,"npi":[1376911594,1609542109,1609838432,1629751052]},{"billed_charge":96.00,"npi":[1023455763,1134406176,1376911594,1609542109,1629751052,1770693509,1922734912,1962184168]}]},{"allowed_amount":0.00,"billing_code_modifier":[""],"providers":[{"billed_charge":48.00,"npi":[1376911594,1609542109,1609838432,1629751052]},{"billed_charge":96.00,"npi":[1023455763,1134406176,1376911594,1609542109,1629751052,1770693509,1922734912,1962184168]}]}]},{"tin":{"type":"ein","value":"871178824"},"service_code":["11"],"billing_class":"professional","payments":[{"allowed_amount":59.50,"billing_code_modifier":[""],"providers":[{"billed_charge":96.00,"npi":[1023455763,1609542109,1629751052,1770693509]},{"billed_charge":144.00,"npi":[1023455763,1376911594,1609542109,1609838432,1629751052,1770693509,1962184168]},{"billed_charge":225.00,"npi":[1609542109,1609838432]}]},{"allowed_amount":59.50,"billing_code_modifier":[""],"providers":[{"billed_charge":96.00,"npi":[1023455763,1609542109,1629751052,1770693509]},{"billed_charge":144.00,"npi":[1023455763,1376911594,1609542109,1609838432,1629751052,1770693509,1962184168]},{"billed_charge":225.00,"npi":[1609542109,1609838432]}]},{"allowed_amount":59.50,"billing_code_modifier":[""],"providers":[{"billed_charge":96.00,"npi":[1023455763,1609542109,1629751052,1770693509]},{"billed_charge":144.00,"npi":[1023455763,1376911594,1609542109,1609838432,1629751052,1770693509,1962184168]},{"billed_charge":225.00,"npi":[1609542109,1609838432]}]}]},{"tin":{"type":"ein","value":"871178824"},"service_code":["11"],"billing_class":"professional","payments":[{"allowed_amount":59.50,"billing_code_modifier":[""],"providers":[{"billed_charge":96.00,"npi":[1023455763,1609542109,1629751052,1770693509]},{"billed_charge":144.00,"npi":[1023455763,1376911594,1609542109,1609838432,1629751052,1770693509,1962184168]},{"billed_charge":225.00,"npi":[1609542109,1609838432]}]},{"allowed_amount":59.50,"billing_code_modifier":[""],"providers":[{"billed_charge":96.00,"npi":[1023455763,1609542109,1629751052,1770693509]},{"billed_charge":144.00,"npi":[1023455763,1376911594,1609542109,1609838432,1629751052,1770693509,1962184168]},{"billed_charge":225.00,"npi":[1609542109,1609838432]}]},{"allowed_amount":59.50,"billing_code_modifier":[""],"providers":[{"billed_charge":96.00,"npi":[1023455763,1609542109,1629751052,1770693509]},{"billed_charge":144.00,"npi":[1023455763,1376911594,1609542109,1609838432,1629751052,1770693509,1962184168]},{"billed_charge":225.00,"npi":[1609542109,1609838432]}]}]},{"tin":{"type":"ein","value":"871178824"},"service_code":["11"],"billing_class":"professional","payments":[{"allowed_amount":59.50,"billing_code_modifier":[""],"providers":[{"billed_charge":96.00,"npi":[1023455763,1609542109,1629751052,1770693509]},{"billed_charge":144.00,"npi":[1023455763,1376911594,1609542109,1609838432,1629751052,1770693509,1962184168]},{"billed_charge":225.00,"npi":[1609542109,1609838432]}]},{"allowed_amount":59.50,"billing_code_modifier":[""],"providers":[{"billed_charge":96.00,"npi":[1023455763,1609542109,1629751052,1770693509]},{"billed_charge":144.00,"npi":[1023455763,1376911594,1609542109,1609838432,1629751052,1770693509,1962184168]},{"billed_charge":225.00,"npi":[1609542109,1609838432]}]},{"allowed_amount":59.50,"billing_code_modifier":[""],"providers":[{"billed_charge":96.00,"npi":[1023455763,1609542109,1629751052,1770693509]},{"billed_charge":144.00,"npi":[1023455763,1376911594,1609542109,1609838432,1629751052,1770693509,1962184168]},{"billed_charge":225.00,"npi":[1609542109,1609838432]}]}]}]}]}
