{"reporting_entity_name": "IEC Group_DBA AmeriBen",
	"reporting_entity_type": "Third Party Administrator",
	"plan_name": "GKN AEROSPACE INC",
	"plan_id_type": "ein",
	"plan_id": "541566763",
	"plan_market_type": "group",
	"last_updated_on": "2025-02-03","Version": "1.0.0","out_of_network":[{"name":"APPL MODALITY 1\/> AREAS ELEC STIMJ UNATTENDED","billing_code_type":"CPT","billing_code_type_version":"2020","billing_code":"97014","description":"APPL MODALITY 1\/> AREAS ELEC STIMJ UNATTENDED","allowed_amounts":[{"tin":{"type":"ein","value":"263897743"},"service_code":["11"],"billing_class":"professional","payments":[{"allowed_amount":17.05,"billing_code_modifier":[""],"providers":[{"billed_charge":75.00,"npi":[1386823581,1467082958,1659518157]}]}]}]},{"name":"APPL MODALITY 1\/> AREAS VASOPNEUMATIC DEVICES","billing_code_type":"CPT","billing_code_type_version":"2020","billing_code":"97016","description":"APPL MODALITY 1\/> AREAS VASOPNEUMATIC DEVICES","allowed_amounts":[{"tin":{"type":"ein","value":"263897743"},"service_code":["11"],"billing_class":"professional","payments":[{"allowed_amount":12.25,"billing_code_modifier":[""],"providers":[{"billed_charge":75.00,"npi":[1386823581,1467082958,1659518157]}]}]}]},{"name":"APPLICATION MODALITY 1\/> AREAS HOT\/COLD PACKS","billing_code_type":"CPT","billing_code_type_version":"2020","billing_code":"97010","description":"APPLICATION MODALITY 1\/> AREAS HOT\/COLD PACKS","allowed_amounts":[{"tin":{"type":"ein","value":"263897743"},"service_code":["11"],"billing_class":"professional","payments":[{"allowed_amount":9.07,"billing_code_modifier":[""],"providers":[{"billed_charge":60.00,"npi":[1386823581,1467082958,1659518157]}]}]}]},{"name":"BLOOD COUNT COMPLETE AUTO&AUTO DIFRNTL WBC","billing_code_type":"CPT","billing_code_type_version":"2020","billing_code":"85025","description":"BLOOD COUNT COMPLETE AUTO&AUTO DIFRNTL WBC","allowed_amounts":[{"tin":{"type":"ein","value":"952645519"},"service_code":["21"],"billing_class":"professional","payments":[{"allowed_amount":3.61,"billing_code_modifier":[""],"providers":[{"billed_charge":30.36,"npi":[1285693424,1447448493,1568431088]}]}]}]},{"name":"COMPREHENSIVE METABOLIC PANEL","billing_code_type":"CPT","billing_code_type_version":"2020","billing_code":"80053","description":"COMPREHENSIVE METABOLIC PANEL","allowed_amounts":[{"tin":{"type":"ein","value":"952645519"},"service_code":["21"],"billing_class":"professional","payments":[{"allowed_amount":3.99,"billing_code_modifier":[""],"providers":[{"billed_charge":93.61,"npi":[1285693424,1447448493,1568431088]}]}]}]},{"name":"CRITICAL CARE ILL\/INJURED PATIENT INIT 30-74 MIN","billing_code_type":"CPT","billing_code_type_version":"2020","billing_code":"99291","description":"CRITICAL CARE ILL\/INJURED PATIENT INIT 30-74 MIN","allowed_amounts":[{"tin":{"type":"ein","value":"330830630"},"service_code":["21"],"billing_class":"professional","payments":[{"allowed_amount":316.76,"billing_code_modifier":[""],"providers":[{"billed_charge":375.00,"npi":[1528041811,1609915990,1730546029]}]}]}]},{"name":"DRUG TEST DEF 1-7 CLASSES","billing_code_type":"HCPCS","billing_code_type_version":"HCPCS LEVEL II 2021","billing_code":"G0480","description":"DRUG TEST DEF 1-7 CLASSES","allowed_amounts":[{"tin":{"type":"ein","value":"113387538"},"service_code":["81"],"billing_class":"professional","payments":[{"allowed_amount":137.32,"billing_code_modifier":[""],"providers":[{"billed_charge":286.07,"npi":[1093135154,1336361575]}]}]},{"tin":{"type":"ein","value":"822808179"},"service_code":["81"],"billing_class":"professional","payments":[{"allowed_amount":137.32,"billing_code_modifier":[""],"providers":[{"billed_charge":2150.00,"npi":[1700392180,1710970553]}]}]},{"tin":{"type":"ein","value":"853121369"},"service_code":["81"],"billing_class":"professional","payments":[{"allowed_amount":137.32,"billing_code_modifier":[""],"providers":[{"billed_charge":2500.00,"npi":[1396779054,1891301073]}]}]}]},{"name":"DRUG TEST DEF 22+ CLASSES","billing_code_type":"HCPCS","billing_code_type_version":"HCPCS LEVEL II 2021","billing_code":"G0483","description":"DRUG TEST DEF 22+ CLASSES","allowed_amounts":[{"tin":{"type":"ein","value":"384090520"},"service_code":["81"],"billing_class":"professional","payments":[{"allowed_amount":296.30,"billing_code_modifier":[""],"providers":[{"billed_charge":2599.00,"npi":[1518458165,1780153668]}]}]},{"tin":{"type":"ein","value":"450454268"},"service_code":["81"],"billing_class":"professional","payments":[{"allowed_amount":296.30,"billing_code_modifier":[""],"providers":[{"billed_charge":617.30,"npi":[1588004410,1659301174]}]}]},{"tin":{"type":"ein","value":"822808179"},"service_code":["81"],"billing_class":"professional","payments":[{"allowed_amount":296.30,"billing_code_modifier":[""],"providers":[{"billed_charge":4200.00,"npi":[1700392180,1710970553]}]}]},{"tin":{"type":"ein","value":"880241758"},"service_code":["81"],"billing_class":"professional","payments":[{"allowed_amount":296.30,"billing_code_modifier":[""],"providers":[{"billed_charge":926.00,"npi":[1699782722,1750437695]}]}]}]},{"name":"DRUG TST PRSMV INSTRMNT CHEM ANALYZERS PR DATE","billing_code_type":"CPT","billing_code_type_version":"2020","billing_code":"80307","description":"DRUG TST PRSMV INSTRMNT CHEM ANALYZERS PR DATE","allowed_amounts":[{"tin":{"type":"ein","value":"113387538"},"service_code":["81"],"billing_class":"professional","payments":[{"allowed_amount":74.57,"billing_code_modifier":[""],"providers":[{"billed_charge":155.35,"npi":[1093135154,1336361575]}]}]},{"tin":{"type":"ein","value":"384090520"},"service_code":["81"],"billing_class":"professional","payments":[{"allowed_amount":74.57,"billing_code_modifier":[""],"providers":[{"billed_charge":999.00,"npi":[1518458165,1780153668]}]}]},{"tin":{"type":"ein","value":"450454268"},"service_code":["81"],"billing_class":"professional","payments":[{"allowed_amount":74.57,"billing_code_modifier":[""],"providers":[{"billed_charge":155.35,"npi":[1588004410,1659301174]}]}]},{"tin":{"type":"ein","value":"822808179"},"service_code":["81"],"billing_class":"professional","payments":[{"allowed_amount":74.57,"billing_code_modifier":[""],"providers":[{"billed_charge":1900.00,"npi":[1700392180,1710970553]}]}]},{"tin":{"type":"ein","value":"853121369"},"service_code":["81"],"billing_class":"professional","payments":[{"allowed_amount":74.57,"billing_code_modifier":[""],"providers":[{"billed_charge":2300.00,"npi":[1396779054,1891301073]}]}]}]},{"name":"FAMILY PSYCHOTHERAPY W\/PATIENT PRESENT 50 MINS","billing_code_type":"CPT","billing_code_type_version":"2020","billing_code":"90847","description":"FAMILY PSYCHOTHERAPY W\/PATIENT PRESENT 50 MINS","allowed_amounts":[{"tin":{"type":"ein","value":"330871806"},"service_code":["11"],"billing_class":"professional","payments":[{"allowed_amount":95.45,"billing_code_modifier":[""],"providers":[{"billed_charge":120.00,"npi":[1598776288,1891022059]}]}]}]},{"name":"HEMO OPD\/HOME: HEMODIALYSIS COMP OR OTHER RATE","billing_code_type":"RC","billing_code_type_version":"UB04","billing_code":"0821","description":"HEMO OPD\/HOME: HEMODIALYSIS COMP OR OTHER RATE","allowed_amounts":[{"tin":{"type":"ein","value":"824214731"},"service_code":["65"],"billing_class":"institutional","payments":[{"allowed_amount":299.70,"billing_code_modifier":[""],"providers":[{"billed_charge":7821.03,"npi":[1194817932,1407494362]}]}]},{"tin":{"type":"ein","value":"824214731"},"service_code":["65"],"billing_class":"institutional","payments":[{"allowed_amount":300.02,"billing_code_modifier":[""],"providers":[{"billed_charge":7821.03,"npi":[1194817932,1407494362]}]}]}]},{"name":"MANUAL THERAPY TQS 1\/> REGIONS EACH 15 MINUTES","billing_code_type":"CPT","billing_code_type_version":"2020","billing_code":"97140","description":"MANUAL THERAPY TQS 1\/> REGIONS EACH 15 MINUTES","allowed_amounts":[{"tin":{"type":"ein","value":"263897743"},"service_code":["11"],"billing_class":"professional","payments":[{"allowed_amount":27.92,"billing_code_modifier":[""],"providers":[{"billed_charge":100.00,"npi":[1386823581,1467082958,1659518157]}]}]},{"tin":{"type":"ein","value":"999999999"},"service_code":["11"],"billing_class":"professional","payments":[{"allowed_amount":25.00,"billing_code_modifier":[""],"providers":[{"billed_charge":25.00,"npi":[1750701728]}]}]}]},{"name":"PSYCHIATRIC\/PSYCHOLOGICAL SVCS: PARTIAL HOSP - LES","billing_code_type":"RC","billing_code_type_version":"UB04","billing_code":"0912","description":"PSYCHIATRIC\/PSYCHOLOGICAL SVCS: PARTIAL HOSP - LES","allowed_amounts":[{"tin":{"type":"ein","value":"874362887"},"service_code":["22"],"billing_class":"institutional","payments":[{"allowed_amount":612.99,"billing_code_modifier":[""],"providers":[{"billed_charge":4600.00,"npi":[1255037487,1710970553]}]}]}]},{"name":"RESIDENTIAL TREATMENT-CHEMICAL DEPENDENCY","billing_code_type":"RC","billing_code_type_version":"UB04","billing_code":"1002","description":"RESIDENTIAL TREATMENT-CHEMICAL DEPENDENCY","allowed_amounts":[{"tin":{"type":"ein","value":"822991971"},"service_code":["21"],"billing_class":"institutional","payments":[{"allowed_amount":1590.94,"billing_code_modifier":[""],"providers":[{"billed_charge":5600.00,"npi":[1801385620,1811159221]}]}]}]},{"name":"SBSQ HOSPITAL IP\/OBS CARE HIGH MDM 50 MINUTES","billing_code_type":"CPT","billing_code_type_version":"2020","billing_code":"99233","description":"SBSQ HOSPITAL IP\/OBS CARE HIGH MDM 50 MINUTES","allowed_amounts":[{"tin":{"type":"ein","value":"330830630"},"service_code":["21"],"billing_class":"professional","payments":[{"allowed_amount":121.55,"billing_code_modifier":[""],"providers":[{"billed_charge":215.00,"npi":[1528041811,1609915990,1730546029]}]}]}]},{"name":"THER PX 1\/> AREAS EACH 15 MIN NEUROMUSC REEDUCA","billing_code_type":"CPT","billing_code_type_version":"2020","billing_code":"97112","description":"THER PX 1\/> AREAS EACH 15 MIN NEUROMUSC REEDUCA","allowed_amounts":[{"tin":{"type":"ein","value":"263897743"},"service_code":["11"],"billing_class":"professional","payments":[{"allowed_amount":34.02,"billing_code_modifier":[""],"providers":[{"billed_charge":100.00,"npi":[1386823581,1467082958,1659518157]}]}]}]},{"name":"THERAPEUT ACTVITY DIRECT PT CONTACT EACH 15 MIN","billing_code_type":"CPT","billing_code_type_version":"2020","billing_code":"97530","description":"THERAPEUT ACTVITY DIRECT PT CONTACT EACH 15 MIN","allowed_amounts":[{"tin":{"type":"ein","value":"263897743"},"service_code":["11"],"billing_class":"professional","payments":[{"allowed_amount":50.64,"billing_code_modifier":[""],"providers":[{"billed_charge":100.00,"npi":[1386823581,1467082958,1659518157]}]}]}]},{"name":"THERAPEUTIC PX 1\/> AREAS EACH 15 MIN EXERCISES","billing_code_type":"CPT","billing_code_type_version":"2020","billing_code":"97110","description":"THERAPEUTIC PX 1\/> AREAS EACH 15 MIN EXERCISES","allowed_amounts":[{"tin":{"type":"ein","value":"263897743"},"service_code":["11"],"billing_class":"professional","payments":[{"allowed_amount":29.98,"billing_code_modifier":[""],"providers":[{"billed_charge":100.00,"npi":[1386823581,1467082958,1659518157]}]}]}]}]}
