{"reporting_entity_name": "IEC Group_DBA AmeriBen",
	"reporting_entity_type": "Third Party Administrator",
	"plan_name": "GKN DRIVELINE N AMERICA INC",
	"plan_id_type": "ein",
	"plan_id": "132886932",
	"plan_market_type": "group",
	"last_updated_on": "2024-05-02","Version": "1.0.0","out_of_network":[{"name":"CCPD OPD\/HOME: CCPD COMP OR OTHER RATE","billing_code_type":"RC","billing_code_type_version":"UB04","billing_code":"0851","description":"CCPD OPD\/HOME: CCPD COMP OR OTHER RATE","allowed_amounts":[{"tin":{"type":"ein","value":"232536597"},"service_code":["65"],"billing_class":"institutional","payments":[{"allowed_amount":257.07,"billing_code_modifier":[""],"providers":[{"billed_charge":3374.00,"npi":[1215393616,1306866967]}]}]},{"tin":{"type":"ein","value":"232536597"},"service_code":["65"],"billing_class":"institutional","payments":[{"allowed_amount":361.82,"billing_code_modifier":[""],"providers":[{"billed_charge":3374.00,"npi":[1215393616,1306866967]},{"billed_charge":8007.00,"npi":[1215393616,1306866967]}]},{"allowed_amount":361.82,"billing_code_modifier":[""],"providers":[{"billed_charge":3374.00,"npi":[1215393616,1306866967]},{"billed_charge":8007.00,"npi":[1215393616,1306866967]}]}]},{"tin":{"type":"ein","value":"232536597"},"service_code":["65"],"billing_class":"institutional","payments":[{"allowed_amount":361.82,"billing_code_modifier":[""],"providers":[{"billed_charge":3374.00,"npi":[1215393616,1306866967]},{"billed_charge":8007.00,"npi":[1215393616,1306866967]}]},{"allowed_amount":361.82,"billing_code_modifier":[""],"providers":[{"billed_charge":3374.00,"npi":[1215393616,1306866967]},{"billed_charge":8007.00,"npi":[1215393616,1306866967]}]}]},{"tin":{"type":"ein","value":"232536597"},"service_code":["65"],"billing_class":"institutional","payments":[{"allowed_amount":374.29,"billing_code_modifier":[""],"providers":[{"billed_charge":3374.00,"npi":[1215393616,1306866967]}]}]},{"tin":{"type":"ein","value":"232536597"},"service_code":["65"],"billing_class":"institutional","payments":[{"allowed_amount":381.97,"billing_code_modifier":[""],"providers":[{"billed_charge":3543.00,"npi":[1215393616,1306866967]}]}]}]},{"name":"DRUGS REQUIRE SPECIFIC ID: DRUGS REQUIRING DETAIL","billing_code_type":"RC","billing_code_type_version":"UB04","billing_code":"0636","description":"DRUGS REQUIRE SPECIFIC ID: DRUGS REQUIRING DETAIL","allowed_amounts":[{"tin":{"type":"ein","value":"680594301"},"service_code":["65"],"billing_class":"institutional","payments":[{"allowed_amount":5.87,"billing_code_modifier":[""],"providers":[{"billed_charge":235.73,"npi":[1164678744,1215097332]}]}]}]},{"name":"ESRD RELATED SVC MONTHLY 20&\/> YR OLD 4\/> VISITS","billing_code_type":"CPT","billing_code_type_version":"2020","billing_code":"90960","description":"ESRD RELATED SVC MONTHLY 20&\/> YR OLD 4\/> VISITS","allowed_amounts":[{"tin":{"type":"ein","value":"201828119"},"service_code":["65"],"billing_class":"professional","payments":[{"allowed_amount":409.50,"billing_code_modifier":[""],"providers":[{"billed_charge":882.75,"npi":[1134173123,1164678744,1215097332,1619927100]}]}]},{"tin":{"type":"ein","value":"264116711"},"service_code":["65"],"billing_class":"professional","payments":[{"allowed_amount":409.50,"billing_code_modifier":[""],"providers":[{"billed_charge":906.35,"npi":[1073716742,1356582506,1689633224,1821591967]}]}]},{"tin":{"type":"ein","value":"561274347"},"service_code":["65"],"billing_class":"professional","payments":[{"allowed_amount":409.50,"billing_code_modifier":[""],"providers":[{"billed_charge":430.00,"npi":[1013034727,1104938935,1700831799,1841562774,1861504672,1871887182]}]}]},{"tin":{"type":"ein","value":"561680959"},"service_code":["65"],"billing_class":"professional","payments":[{"allowed_amount":409.50,"billing_code_modifier":[""],"providers":[{"billed_charge":1200.00,"npi":[1457444853,1689673279,1992817720]}]}]}]},{"name":"MEDICAL\/SURGICAL SUPPLIES","billing_code_type":"RC","billing_code_type_version":"UB04","billing_code":"0270","description":"MEDICAL\/SURGICAL SUPPLIES","allowed_amounts":[{"tin":{"type":"ein","value":"043085674"},"service_code":["65"],"billing_class":"institutional","payments":[{"allowed_amount":4.73,"billing_code_modifier":[""],"providers":[{"billed_charge":142.00,"npi":[1457444853,1992817720]}]}]},{"tin":{"type":"ein","value":"680594301"},"service_code":["65"],"billing_class":"institutional","payments":[{"allowed_amount":2.81,"billing_code_modifier":[""],"providers":[{"billed_charge":142.00,"npi":[1164678744,1215097332]}]}]},{"tin":{"type":"ein","value":"680594301"},"service_code":["65"],"billing_class":"institutional","payments":[{"allowed_amount":2.86,"billing_code_modifier":[""],"providers":[{"billed_charge":142.00,"npi":[1164678744,1215097332]}]}]},{"tin":{"type":"ein","value":"680594301"},"service_code":["65"],"billing_class":"institutional","payments":[{"allowed_amount":2.99,"billing_code_modifier":[""],"providers":[{"billed_charge":149.10,"npi":[1164678744,1215097332]}]}]},{"tin":{"type":"ein","value":"680594301"},"service_code":["65"],"billing_class":"institutional","payments":[{"allowed_amount":3.14,"billing_code_modifier":[""],"providers":[{"billed_charge":142.00,"npi":[1164678744,1215097332]}]}]},{"tin":{"type":"ein","value":"680594301"},"service_code":["65"],"billing_class":"institutional","payments":[{"allowed_amount":3.15,"billing_code_modifier":[""],"providers":[{"billed_charge":142.00,"npi":[1164678744,1215097332]}]}]},{"tin":{"type":"ein","value":"680594301"},"service_code":["65"],"billing_class":"institutional","payments":[{"allowed_amount":3.16,"billing_code_modifier":[""],"providers":[{"billed_charge":142.00,"npi":[1164678744,1215097332]}]}]},{"tin":{"type":"ein","value":"680594301"},"service_code":["65"],"billing_class":"institutional","payments":[{"allowed_amount":3.18,"billing_code_modifier":[""],"providers":[{"billed_charge":142.00,"npi":[1164678744,1215097332]}]}]},{"tin":{"type":"ein","value":"680594301"},"service_code":["65"],"billing_class":"institutional","payments":[{"allowed_amount":3.19,"billing_code_modifier":[""],"providers":[{"billed_charge":142.00,"npi":[1164678744,1215097332]}]}]},{"tin":{"type":"ein","value":"680594301"},"service_code":["65"],"billing_class":"institutional","payments":[{"allowed_amount":3.48,"billing_code_modifier":[""],"providers":[{"billed_charge":142.00,"npi":[1164678744,1215097332]}]}]},{"tin":{"type":"ein","value":"680594301"},"service_code":["65"],"billing_class":"institutional","payments":[{"allowed_amount":3.53,"billing_code_modifier":[""],"providers":[{"billed_charge":142.00,"npi":[1164678744,1215097332]}]}]},{"tin":{"type":"ein","value":"680594301"},"service_code":["65"],"billing_class":"institutional","payments":[{"allowed_amount":3.88,"billing_code_modifier":[""],"providers":[{"billed_charge":142.00,"npi":[1164678744,1215097332]}]}]},{"tin":{"type":"ein","value":"680594301"},"service_code":["65"],"billing_class":"institutional","payments":[{"allowed_amount":4.54,"billing_code_modifier":[""],"providers":[{"billed_charge":142.00,"npi":[1164678744,1215097332]}]}]}]},{"name":"PHARMACY","billing_code_type":"RC","billing_code_type_version":"UB04","billing_code":"0250","description":"PHARMACY","allowed_amounts":[{"tin":{"type":"ein","value":"043085674"},"service_code":["65"],"billing_class":"institutional","payments":[{"allowed_amount":1.76,"billing_code_modifier":[""],"providers":[{"billed_charge":52.90,"npi":[1457444853,1992817720]}]}]}]}]}
