{"reporting_entity_name": "IEC Group_DBA AmeriBen",
	"reporting_entity_type": "Third Party Administrator",
	"plan_name": "GKN DRIVELINE N AMERICA INC",
	"plan_id_type": "ein",
	"plan_id": "132886932",
	"plan_market_type": "group",
	"last_updated_on": "2025-06-01","Version": "1.0.0","out_of_network":[{"name":"HEMOGLOBIN GLYCOSYLATED A1C","billing_code_type":"CPT","billing_code_type_version":"2020","billing_code":"83036","description":"HEMOGLOBIN GLYCOSYLATED A1C","allowed_amounts":[{"tin":{"type":"ein","value":"560552787"},"service_code":["81"],"billing_class":"professional","payments":[{"allowed_amount":11.65,"billing_code_modifier":[""],"providers":[{"billed_charge":47.00,"npi":[1609162098,1780165217,1851356315,1871012682]},{"billed_charge":78.35,"npi":[1083162937,1598767006,1609162098,1811420086]}]},{"allowed_amount":11.65,"billing_code_modifier":[""],"providers":[{"billed_charge":47.00,"npi":[1609162098,1780165217,1851356315,1871012682]},{"billed_charge":78.35,"npi":[1083162937,1598767006,1609162098,1811420086]}]}]},{"tin":{"type":"ein","value":"560552787"},"service_code":["81"],"billing_class":"professional","payments":[{"allowed_amount":11.65,"billing_code_modifier":[""],"providers":[{"billed_charge":47.00,"npi":[1609162098,1780165217,1851356315,1871012682]},{"billed_charge":78.35,"npi":[1083162937,1598767006,1609162098,1811420086]}]},{"allowed_amount":11.65,"billing_code_modifier":[""],"providers":[{"billed_charge":47.00,"npi":[1609162098,1780165217,1851356315,1871012682]},{"billed_charge":78.35,"npi":[1083162937,1598767006,1609162098,1811420086]}]}]},{"tin":{"type":"ein","value":"591509260"},"service_code":["81"],"billing_class":"professional","payments":[{"allowed_amount":11.65,"billing_code_modifier":[""],"providers":[{"billed_charge":35.00,"npi":[1497797088,1669773610]},{"billed_charge":49.00,"npi":[1497797088,1760535967]}]},{"allowed_amount":11.65,"billing_code_modifier":[""],"providers":[{"billed_charge":35.00,"npi":[1497797088,1669773610]},{"billed_charge":49.00,"npi":[1497797088,1760535967]}]}]},{"tin":{"type":"ein","value":"591509260"},"service_code":["81"],"billing_class":"professional","payments":[{"allowed_amount":11.65,"billing_code_modifier":[""],"providers":[{"billed_charge":35.00,"npi":[1497797088,1669773610]},{"billed_charge":49.00,"npi":[1497797088,1760535967]}]},{"allowed_amount":11.65,"billing_code_modifier":[""],"providers":[{"billed_charge":35.00,"npi":[1497797088,1669773610]},{"billed_charge":49.00,"npi":[1497797088,1760535967]}]}]}]},{"name":"LIPID PANEL","billing_code_type":"CPT","billing_code_type_version":"2020","billing_code":"80061","description":"LIPID PANEL","allowed_amounts":[{"tin":{"type":"ein","value":"560552787"},"service_code":["81"],"billing_class":"professional","payments":[{"allowed_amount":16.07,"billing_code_modifier":[""],"providers":[{"billed_charge":64.00,"npi":[1598767006,1609162098]},{"billed_charge":85.40,"npi":[1083162937,1598767006,1609162098,1811420086,1871012682,1932541265]}]},{"allowed_amount":16.07,"billing_code_modifier":[""],"providers":[{"billed_charge":64.00,"npi":[1598767006,1609162098]},{"billed_charge":85.40,"npi":[1083162937,1598767006,1609162098,1811420086,1871012682,1932541265]}]}]},{"tin":{"type":"ein","value":"560552787"},"service_code":["81"],"billing_class":"professional","payments":[{"allowed_amount":16.07,"billing_code_modifier":[""],"providers":[{"billed_charge":64.00,"npi":[1598767006,1609162098]},{"billed_charge":85.40,"npi":[1083162937,1598767006,1609162098,1811420086,1871012682,1932541265]}]},{"allowed_amount":16.07,"billing_code_modifier":[""],"providers":[{"billed_charge":64.00,"npi":[1598767006,1609162098]},{"billed_charge":85.40,"npi":[1083162937,1598767006,1609162098,1811420086,1871012682,1932541265]}]}]},{"tin":{"type":"ein","value":"591509260"},"service_code":["81"],"billing_class":"professional","payments":[{"allowed_amount":16.07,"billing_code_modifier":[""],"providers":[{"billed_charge":49.00,"npi":[1497797088,1669773610]},{"billed_charge":64.00,"npi":[1497797088,1760535967]}]},{"allowed_amount":16.07,"billing_code_modifier":[""],"providers":[{"billed_charge":49.00,"npi":[1497797088,1669773610]},{"billed_charge":64.00,"npi":[1497797088,1760535967]}]}]},{"tin":{"type":"ein","value":"591509260"},"service_code":["81"],"billing_class":"professional","payments":[{"allowed_amount":16.07,"billing_code_modifier":[""],"providers":[{"billed_charge":49.00,"npi":[1497797088,1669773610]},{"billed_charge":64.00,"npi":[1497797088,1760535967]}]},{"allowed_amount":16.07,"billing_code_modifier":[""],"providers":[{"billed_charge":49.00,"npi":[1497797088,1669773610]},{"billed_charge":64.00,"npi":[1497797088,1760535967]}]}]}]},{"name":"OFFICE\/OUTPATIENT ESTABLISHED SF MDM 10 MIN","billing_code_type":"CPT","billing_code_type_version":"2020","billing_code":"99212","description":"OFFICE\/OUTPATIENT ESTABLISHED SF MDM 10 MIN","allowed_amounts":[{"tin":{"type":"ein","value":"260875148"},"service_code":["11"],"billing_class":"professional","payments":[{"allowed_amount":60.00,"billing_code_modifier":[""],"providers":[{"billed_charge":60.00,"npi":[1366638223,1700077567]}]}]}]},{"name":"PHARMACY","billing_code_type":"RC","billing_code_type_version":"UB04","billing_code":"0250","description":"PHARMACY","allowed_amounts":[{"tin":{"type":"ein","value":"952977916"},"service_code":["65"],"billing_class":"institutional","payments":[{"allowed_amount":0.03,"billing_code_modifier":[""],"providers":[{"billed_charge":0.68,"npi":[1568753721,1821500661]}]}]},{"tin":{"type":"ein","value":"952977916"},"service_code":["65"],"billing_class":"institutional","payments":[{"allowed_amount":0.04,"billing_code_modifier":[""],"providers":[{"billed_charge":0.68,"npi":[1568753721,1821500661]},{"billed_charge":0.94,"npi":[1568753721,1821500661]}]},{"allowed_amount":0.04,"billing_code_modifier":[""],"providers":[{"billed_charge":0.68,"npi":[1568753721,1821500661]},{"billed_charge":0.94,"npi":[1568753721,1821500661]}]}]},{"tin":{"type":"ein","value":"952977916"},"service_code":["65"],"billing_class":"institutional","payments":[{"allowed_amount":0.04,"billing_code_modifier":[""],"providers":[{"billed_charge":0.68,"npi":[1568753721,1821500661]},{"billed_charge":0.94,"npi":[1568753721,1821500661]}]},{"allowed_amount":0.04,"billing_code_modifier":[""],"providers":[{"billed_charge":0.68,"npi":[1568753721,1821500661]},{"billed_charge":0.94,"npi":[1568753721,1821500661]}]}]},{"tin":{"type":"ein","value":"952977916"},"service_code":["65"],"billing_class":"institutional","payments":[{"allowed_amount":0.05,"billing_code_modifier":[""],"providers":[{"billed_charge":0.94,"npi":[1568753721,1821500661]}]}]}]}]}
