{"reporting_entity_name": "IEC Group_DBA AmeriBen",
	"reporting_entity_type": "Third Party Administrator",
	"plan_name": "HonorHealth Health Plan",
	"plan_id_type": "ein",
	"plan_id": "860181654",
	"plan_market_type": "group",
	"last_updated_on": "2024-04-01","Version": "1.0.0","out_of_network":[{"name":"1ST HOSPITAL IP\/OBS CARE HIGH MDM 75 MINUTES","billing_code_type":"CPT","billing_code_type_version":"2020","billing_code":"99223","description":"1ST HOSPITAL IP\/OBS CARE HIGH MDM 75 MINUTES","allowed_amounts":[{"tin":{"type":"ein","value":"844284477"},"service_code":["21","22"],"billing_class":"professional","payments":[{"allowed_amount":251.97,"billing_code_modifier":[""],"providers":[{"billed_charge":1138.00,"npi":[1003045709,1063478188,1063876647,1205194438,1225457674,1235370933,1265063010,1275574105,1477612117,1487041935,1508211673,1528169125,1568835692,1659803518,1679723084,1770109704,1780046342,1841710324,1912629916]}]}]}]},{"name":"DRUGS REQUIRE SPECIFIC ID: DRUGS REQUIRING DETAIL","billing_code_type":"RC","billing_code_type_version":"UB04","billing_code":"0636","description":"DRUGS REQUIRE SPECIFIC ID: DRUGS REQUIRING DETAIL","allowed_amounts":[{"tin":{"type":"ein","value":"261443057"},"service_code":["65"],"billing_class":"institutional","payments":[{"allowed_amount":8.50,"billing_code_modifier":[""],"providers":[{"billed_charge":145.65,"npi":[1023002946,1932353950]}]}]}]},{"name":"EMERGENCY DEPARTMENT VISIT MODERATE MDM","billing_code_type":"CPT","billing_code_type_version":"2020","billing_code":"99284","description":"EMERGENCY DEPARTMENT VISIT MODERATE MDM","allowed_amounts":[{"tin":{"type":"ein","value":"205048404"},"service_code":["23"],"billing_class":"professional","payments":[{"allowed_amount":201.34,"billing_code_modifier":[""],"providers":[{"billed_charge":1227.00,"npi":[1104306026,1376573378,1528169125]}]}]},{"tin":{"type":"ein","value":"814399995"},"service_code":["23"],"billing_class":"professional","payments":[{"allowed_amount":201.34,"billing_code_modifier":[""],"providers":[{"billed_charge":895.00,"npi":[1053671677,1063556355,1083165849,1154768406,1245772870,1528525227,1659356806,1871556746,1902998727]}]}]},{"tin":{"type":"ein","value":"823394691"},"service_code":["23"],"billing_class":"professional","payments":[{"allowed_amount":201.34,"billing_code_modifier":[""],"providers":[{"billed_charge":1893.58,"npi":[1154898435,1578875811,1689170813]}]}]},{"tin":{"type":"ein","value":"852477642"},"service_code":["23"],"billing_class":"professional","payments":[{"allowed_amount":201.34,"billing_code_modifier":[""],"providers":[{"billed_charge":4500.00,"npi":[1770584054,1871883355,1932713088]}]}]},{"tin":{"type":"ein","value":"860212139"},"service_code":["23"],"billing_class":"professional","payments":[{"allowed_amount":201.34,"billing_code_modifier":[""],"providers":[{"billed_charge":1273.00,"npi":[1023542958,1083643738,1184738049,1609047091,1952513723]}]}]},{"tin":{"type":"ein","value":"873825600"},"service_code":["23"],"billing_class":"professional","payments":[{"allowed_amount":201.34,"billing_code_modifier":[""],"providers":[{"billed_charge":1893.58,"npi":[1649478967,1659039618,1881352037]}]}]}]},{"name":"HEMO OPD\/HOME: HEMODIALYSIS COMP OR OTHER RATE","billing_code_type":"RC","billing_code_type_version":"UB04","billing_code":"0821","description":"HEMO OPD\/HOME: HEMODIALYSIS COMP OR OTHER RATE","allowed_amounts":[{"tin":{"type":"ein","value":"261443057"},"service_code":["65"],"billing_class":"institutional","payments":[{"allowed_amount":320.43,"billing_code_modifier":[""],"providers":[{"billed_charge":5487.00,"npi":[1023002946,1932353950]}]}]}]},{"name":"HOSPITAL IP\/OBS DISCHARGE DAY MGMT > 30 MIN","billing_code_type":"CPT","billing_code_type_version":"2020","billing_code":"99239","description":"HOSPITAL IP\/OBS DISCHARGE DAY MGMT > 30 MIN","allowed_amounts":[{"tin":{"type":"ein","value":"844284477"},"service_code":["21","22"],"billing_class":"professional","payments":[{"allowed_amount":157.64,"billing_code_modifier":[""],"providers":[{"billed_charge":618.00,"npi":[1023304797,1063876647,1114508140,1124430004,1205194438,1215221940,1265063010,1528169125,1578192506,1659803518,1770109704,1770879835,1841710324,1912629916]}]}]}]},{"name":"MEDICAL\/SURGICAL SUPPLIES","billing_code_type":"RC","billing_code_type_version":"UB04","billing_code":"0270","description":"MEDICAL\/SURGICAL SUPPLIES","allowed_amounts":[{"tin":{"type":"ein","value":"261443057"},"service_code":["65"],"billing_class":"institutional","payments":[{"allowed_amount":7.56,"billing_code_modifier":[""],"providers":[{"billed_charge":129.55,"npi":[1023002946,1932353950]}]}]},{"tin":{"type":"ein","value":"860441493"},"service_code":["65"],"billing_class":"institutional","payments":[{"allowed_amount":2.58,"billing_code_modifier":[""],"providers":[{"billed_charge":142.00,"npi":[1124130927,1912920992]}]}]},{"tin":{"type":"ein","value":"860441493"},"service_code":["65"],"billing_class":"institutional","payments":[{"allowed_amount":2.98,"billing_code_modifier":[""],"providers":[{"billed_charge":142.00,"npi":[1124130927,1912920992]}]}]},{"tin":{"type":"ein","value":"860441493"},"service_code":["65"],"billing_class":"institutional","payments":[{"allowed_amount":3.73,"billing_code_modifier":[""],"providers":[{"billed_charge":142.00,"npi":[1124130927,1912920992]}]}]},{"tin":{"type":"ein","value":"860441493"},"service_code":["65"],"billing_class":"institutional","payments":[{"allowed_amount":3.76,"billing_code_modifier":[""],"providers":[{"billed_charge":142.00,"npi":[1124130927,1912920992]}]}]},{"tin":{"type":"ein","value":"860441493"},"service_code":["65"],"billing_class":"institutional","payments":[{"allowed_amount":4.10,"billing_code_modifier":[""],"providers":[{"billed_charge":142.00,"npi":[1124130927,1912920992]}]}]},{"tin":{"type":"ein","value":"860441493"},"service_code":["65"],"billing_class":"institutional","payments":[{"allowed_amount":4.51,"billing_code_modifier":[""],"providers":[{"billed_charge":142.00,"npi":[1124130927,1912920992]}]}]}]},{"name":"SBSQ HOSPITAL IP\/OBS CARE HIGH MDM 50 MINUTES","billing_code_type":"CPT","billing_code_type_version":"2020","billing_code":"99233","description":"SBSQ HOSPITAL IP\/OBS CARE HIGH MDM 50 MINUTES","allowed_amounts":[{"tin":{"type":"ein","value":"844284477"},"service_code":["21","22"],"billing_class":"professional","payments":[{"allowed_amount":134.83,"billing_code_modifier":[""],"providers":[{"billed_charge":586.00,"npi":[1114508140,1124430004,1265063010,1528169125,1659803518,1770109704,1912629916]}]}]},{"tin":{"type":"ein","value":"844284477"},"service_code":["21","22"],"billing_class":"professional","payments":[{"allowed_amount":139.68,"billing_code_modifier":[""],"providers":[{"billed_charge":586.00,"npi":[1023304797,1063482842,1063876647,1114508140,1215221940,1225457674,1265063010,1457317448,1528169125,1659803518,1770109704,1770879835,1841710324,1912629916,1982109468]}]}]},{"tin":{"type":"ein","value":"860927994"},"service_code":["21"],"billing_class":"professional","payments":[{"allowed_amount":134.83,"billing_code_modifier":[""],"providers":[{"billed_charge":215.00,"npi":[1144310863,1992735088]}]}]}]}]}
