{"reporting_entity_name": "IEC Group_DBA AmeriBen",
	"reporting_entity_type": "Third Party Administrator",
	"plan_name": "PRO MACH, INC.",
	"plan_id_type": "ein",
	"plan_id": "582402604",
	"plan_market_type": "group",
	"last_updated_on": "2023-05-01","Version": "1.0.0","out_of_network":[{"name":"CHIROPRACTIC MANIPULATIVE TX SPINAL 1-2 REGIONS","billing_code_type":"CPT","billing_code_type_version":"2020","billing_code":"98940","description":"CHIROPRACTIC MANIPULATIVE TX SPINAL 1-2 REGIONS","allowed_amounts":[{"tin":{"type":"ein","value":"411824263"},"service_code":["11"],"billing_class":"professional","payments":[{"allowed_amount":28.46,"billing_code_modifier":[""],"providers":[{"billed_charge":40.00,"npi":[1447348453,1558459545]}]}]},{"tin":{"type":"ein","value":"412023338"},"service_code":["11"],"billing_class":"professional","payments":[{"allowed_amount":28.46,"billing_code_modifier":[""],"providers":[{"billed_charge":60.00,"npi":[1780703678,1972641363]}]}]}]},{"name":"CHIROPRACTIC MANIPULATIVE TX SPINAL 3-4 REGIONS","billing_code_type":"CPT","billing_code_type_version":"2020","billing_code":"98941","description":"CHIROPRACTIC MANIPULATIVE TX SPINAL 3-4 REGIONS","allowed_amounts":[{"tin":{"type":"ein","value":"223566132"},"service_code":["11"],"billing_class":"professional","payments":[{"allowed_amount":66.54,"billing_code_modifier":[""],"providers":[{"billed_charge":150.00,"npi":[1356409304,1366578213]}]}]}]},{"name":"IA DET NA;SEV AC RES SYND SARS-COV-2 COVID-19","billing_code_type":"HCPCS","billing_code_type_version":"HCPCS LEVEL II 2021","billing_code":"U0005","description":"IA DET NA;SEV AC RES SYND SARS-COV-2 COVID-19","allowed_amounts":[{"tin":{"type":"ein","value":"133757370"},"service_code":["81"],"billing_class":"professional","payments":[{"allowed_amount":25.00,"billing_code_modifier":[""],"providers":[{"billed_charge":25.00,"npi":[1356534994,1538144910]}]}]},{"tin":{"type":"ein","value":"201117882"},"service_code":["81"],"billing_class":"professional","payments":[{"allowed_amount":25.00,"billing_code_modifier":[""],"providers":[{"billed_charge":100.00,"npi":[1073629069,1205447992,1215038310]}]}]},{"tin":{"type":"ein","value":"463371474"},"service_code":["81"],"billing_class":"professional","payments":[{"allowed_amount":25.00,"billing_code_modifier":[""],"providers":[{"billed_charge":30.00,"npi":[1154849842,1700212735]}]}]},{"tin":{"type":"ein","value":"465330784"},"service_code":["81"],"billing_class":"professional","payments":[{"allowed_amount":25.00,"billing_code_modifier":[""],"providers":[{"billed_charge":75.00,"npi":[1275827115,1932586427]}]}]},{"tin":{"type":"ein","value":"473727159"},"service_code":["81"],"billing_class":"professional","payments":[{"allowed_amount":25.00,"billing_code_modifier":[""],"providers":[{"billed_charge":25.00,"npi":[1033642160,1306951413,1841821501,1912521568]}]}]},{"tin":{"type":"ein","value":"845066720"},"service_code":["81"],"billing_class":"professional","payments":[{"allowed_amount":25.00,"billing_code_modifier":[""],"providers":[{"billed_charge":50.00,"npi":[1265482830,1316573827]}]}]},{"tin":{"type":"ein","value":"853253201"},"service_code":["81"],"billing_class":"professional","payments":[{"allowed_amount":25.00,"billing_code_modifier":[""],"providers":[{"billed_charge":25.00,"npi":[1477841336,1932867371,1982202453]}]}]},{"tin":{"type":"ein","value":"853312450"},"service_code":["81"],"billing_class":"professional","payments":[{"allowed_amount":25.00,"billing_code_modifier":[""],"providers":[{"billed_charge":100.00,"npi":[1033701701,1073629069,1902480296]}]}]}]},{"name":"MANUAL THERAPY TQS 1\/> REGIONS EACH 15 MINUTES","billing_code_type":"CPT","billing_code_type_version":"2020","billing_code":"97140","description":"MANUAL THERAPY TQS 1\/> REGIONS EACH 15 MINUTES","allowed_amounts":[{"tin":{"type":"ein","value":"204154737"},"service_code":["11"],"billing_class":"professional","payments":[{"allowed_amount":72.16,"billing_code_modifier":[""],"providers":[{"billed_charge":275.62,"npi":[1245349638,1407589062,1629311733,1821728320,1831327741,1851484380,1881341832]}]}]}]},{"name":"SBSQ HOSPITAL IP\/OBS CARE MOD MDM 35 MINUTES","billing_code_type":"CPT","billing_code_type_version":"2020","billing_code":"99232","description":"SBSQ HOSPITAL IP\/OBS CARE MOD MDM 35 MINUTES","allowed_amounts":[{"tin":{"type":"ein","value":"134236446"},"service_code":["21"],"billing_class":"professional","payments":[{"allowed_amount":79.52,"billing_code_modifier":[""],"providers":[{"billed_charge":250.00,"npi":[1043396211,1366626517]}]}]}]},{"name":"THERAPEUT ACTVITY DIRECT PT CONTACT EACH 15 MIN","billing_code_type":"CPT","billing_code_type_version":"2020","billing_code":"97530","description":"THERAPEUT ACTVITY DIRECT PT CONTACT EACH 15 MIN","allowed_amounts":[{"tin":{"type":"ein","value":"204154737"},"service_code":["11"],"billing_class":"professional","payments":[{"allowed_amount":64.79,"billing_code_modifier":[""],"providers":[{"billed_charge":118.65,"npi":[1245349638,1821728320,1851484380,1881341832]}]}]}]},{"name":"THERAPEUTIC PX 1\/> AREAS EACH 15 MIN EXERCISES","billing_code_type":"CPT","billing_code_type_version":"2020","billing_code":"97110","description":"THERAPEUTIC PX 1\/> AREAS EACH 15 MIN EXERCISES","allowed_amounts":[{"tin":{"type":"ein","value":"204154737"},"service_code":["11"],"billing_class":"professional","payments":[{"allowed_amount":77.62,"billing_code_modifier":[""],"providers":[{"billed_charge":352.80,"npi":[1245349638,1821728320,1851484380,1881341832]}]}]},{"tin":{"type":"ein","value":"204154737"},"service_code":["11"],"billing_class":"professional","payments":[{"allowed_amount":89.21,"billing_code_modifier":[""],"providers":[{"billed_charge":352.80,"npi":[1245349638,1407589062,1629311733,1821728320,1851484380]}]}]},{"tin":{"type":"ein","value":"820914475"},"service_code":["11"],"billing_class":"professional","payments":[{"allowed_amount":89.21,"billing_code_modifier":[""],"providers":[{"billed_charge":196.00,"npi":[1396277299,1457474256]}]}]}]}]}
