{"reporting_entity_name": "IEC Group_DBA AmeriBen",
	"reporting_entity_type": "Third Party Administrator",
	"plan_name": "JADEX INC.",
	"plan_id_type": "ein",
	"plan_id": "834045964",
	"plan_market_type": "group",
	"last_updated_on": "2023-02-01","Version": "1.0.0","out_of_network":[{"name":"ADAPTIVE BEHAVIOR TX BY PROTOCOL TECH EA 15 MIN","billing_code_type":"CPT","billing_code_type_version":"2020","billing_code":"97153","description":"ADAPTIVE BEHAVIOR TX BY PROTOCOL TECH EA 15 MIN","allowed_amounts":[{"tin":{"type":"ein","value":"472407414"},"service_code":["12"],"billing_class":"professional","payments":[{"allowed_amount":100.00,"billing_code_modifier":[""],"providers":[{"billed_charge":600.00,"npi":[1023524253,1518443183,1699172239]}]}]}]},{"name":"CCPD OPD\/HOME: CCPD COMP OR OTHER RATE","billing_code_type":"RC","billing_code_type_version":"UB04","billing_code":"0851","description":"CCPD OPD\/HOME: CCPD COMP OR OTHER RATE","allowed_amounts":[{"tin":{"type":"ein","value":"273696590"},"service_code":["65"],"billing_class":"institutional","payments":[{"allowed_amount":407.04,"billing_code_modifier":[""],"providers":[{"billed_charge":3937.55,"npi":[1689977423,1821278474]}]}]},{"tin":{"type":"ein","value":"273696590"},"service_code":["65"],"billing_class":"institutional","payments":[{"allowed_amount":439.72,"billing_code_modifier":[""],"providers":[{"billed_charge":3937.55,"npi":[1689977423,1821278474]}]}]},{"tin":{"type":"ein","value":"273696590"},"service_code":["65"],"billing_class":"institutional","payments":[{"allowed_amount":459.33,"billing_code_modifier":[""],"providers":[{"billed_charge":3937.55,"npi":[1689977423,1821278474]}]}]},{"tin":{"type":"ein","value":"452744287"},"service_code":["65"],"billing_class":"institutional","payments":[{"allowed_amount":324.31,"billing_code_modifier":[""],"providers":[{"billed_charge":3227.36,"npi":[1164584660,1326314295]}]}]}]}]}
