{"reporting_entity_name": "IEC Group_DBA AmeriBen",
	"reporting_entity_type": "Third Party Administrator",
	"plan_name": "SWAGELOK",
	"plan_id_type": "ein",
	"plan_id": "340688825",
	"plan_market_type": "group",
	"last_updated_on": "2024-10-01","Version": "1.0.0","out_of_network":[{"name":"CHIROPRACTIC MANIPULATIVE TX SPINAL 1-2 REGIONS","billing_code_type":"CPT","billing_code_type_version":"2020","billing_code":"98940","description":"CHIROPRACTIC MANIPULATIVE TX SPINAL 1-2 REGIONS","allowed_amounts":[{"tin":{"type":"ein","value":"263474404"},"service_code":["11"],"billing_class":"professional","payments":[{"allowed_amount":14.30,"billing_code_modifier":[""],"providers":[{"billed_charge":54.00,"npi":[1386880342,1811460298]}]}]},{"tin":{"type":"ein","value":"311633330"},"service_code":["11"],"billing_class":"professional","payments":[{"allowed_amount":14.30,"billing_code_modifier":[""],"providers":[{"billed_charge":70.00,"npi":[1700037280]}]}]},{"tin":{"type":"ein","value":"352168253"},"service_code":["11"],"billing_class":"professional","payments":[{"allowed_amount":14.30,"billing_code_modifier":[""],"providers":[{"billed_charge":45.00,"npi":[1154507010,1497715320]}]}]},{"tin":{"type":"ein","value":"460613717"},"service_code":["11"],"billing_class":"professional","payments":[{"allowed_amount":14.30,"billing_code_modifier":[""],"providers":[{"billed_charge":60.00,"npi":[1376798124,1861737926]}]}]},{"tin":{"type":"ein","value":"753193190"},"service_code":["11"],"billing_class":"professional","payments":[{"allowed_amount":14.30,"billing_code_modifier":[""],"providers":[{"billed_charge":83.00,"npi":[1073667416,1366975427,1730233180]}]}]}]},{"name":"CHIROPRACTIC MANIPULATIVE TX SPINAL 3-4 REGIONS","billing_code_type":"CPT","billing_code_type_version":"2020","billing_code":"98941","description":"CHIROPRACTIC MANIPULATIVE TX SPINAL 3-4 REGIONS","allowed_amounts":[{"tin":{"type":"ein","value":"311557753"},"service_code":["11"],"billing_class":"professional","payments":[{"allowed_amount":19.79,"billing_code_modifier":[""],"providers":[{"billed_charge":79.00,"npi":[1225130503,1619947694]}]}]},{"tin":{"type":"ein","value":"341292394"},"service_code":["11"],"billing_class":"professional","payments":[{"allowed_amount":19.79,"billing_code_modifier":[""],"providers":[{"billed_charge":40.00,"npi":[1194084582,1962454678]}]}]},{"tin":{"type":"ein","value":"341737573"},"service_code":["11"],"billing_class":"professional","payments":[{"allowed_amount":19.79,"billing_code_modifier":[""],"providers":[{"billed_charge":44.00,"npi":[1063767697,1851335541]},{"billed_charge":46.00,"npi":[1063767697,1851335541]},{"billed_charge":50.00,"npi":[1063767697,1851335541]},{"billed_charge":55.00,"npi":[1063767697,1851335541]}]},{"allowed_amount":19.79,"billing_code_modifier":[""],"providers":[{"billed_charge":44.00,"npi":[1063767697,1851335541]},{"billed_charge":46.00,"npi":[1063767697,1851335541]},{"billed_charge":50.00,"npi":[1063767697,1851335541]},{"billed_charge":55.00,"npi":[1063767697,1851335541]}]},{"allowed_amount":19.79,"billing_code_modifier":[""],"providers":[{"billed_charge":44.00,"npi":[1063767697,1851335541]},{"billed_charge":46.00,"npi":[1063767697,1851335541]},{"billed_charge":50.00,"npi":[1063767697,1851335541]},{"billed_charge":55.00,"npi":[1063767697,1851335541]}]},{"allowed_amount":19.79,"billing_code_modifier":[""],"providers":[{"billed_charge":44.00,"npi":[1063767697,1851335541]},{"billed_charge":46.00,"npi":[1063767697,1851335541]},{"billed_charge":50.00,"npi":[1063767697,1851335541]},{"billed_charge":55.00,"npi":[1063767697,1851335541]}]}]},{"tin":{"type":"ein","value":"341737573"},"service_code":["11"],"billing_class":"professional","payments":[{"allowed_amount":19.79,"billing_code_modifier":[""],"providers":[{"billed_charge":44.00,"npi":[1063767697,1851335541]},{"billed_charge":46.00,"npi":[1063767697,1851335541]},{"billed_charge":50.00,"npi":[1063767697,1851335541]},{"billed_charge":55.00,"npi":[1063767697,1851335541]}]},{"allowed_amount":19.79,"billing_code_modifier":[""],"providers":[{"billed_charge":44.00,"npi":[1063767697,1851335541]},{"billed_charge":46.00,"npi":[1063767697,1851335541]},{"billed_charge":50.00,"npi":[1063767697,1851335541]},{"billed_charge":55.00,"npi":[1063767697,1851335541]}]},{"allowed_amount":19.79,"billing_code_modifier":[""],"providers":[{"billed_charge":44.00,"npi":[1063767697,1851335541]},{"billed_charge":46.00,"npi":[1063767697,1851335541]},{"billed_charge":50.00,"npi":[1063767697,1851335541]},{"billed_charge":55.00,"npi":[1063767697,1851335541]}]},{"allowed_amount":19.79,"billing_code_modifier":[""],"providers":[{"billed_charge":44.00,"npi":[1063767697,1851335541]},{"billed_charge":46.00,"npi":[1063767697,1851335541]},{"billed_charge":50.00,"npi":[1063767697,1851335541]},{"billed_charge":55.00,"npi":[1063767697,1851335541]}]}]},{"tin":{"type":"ein","value":"341737573"},"service_code":["11"],"billing_class":"professional","payments":[{"allowed_amount":19.79,"billing_code_modifier":[""],"providers":[{"billed_charge":44.00,"npi":[1063767697,1851335541]},{"billed_charge":46.00,"npi":[1063767697,1851335541]},{"billed_charge":50.00,"npi":[1063767697,1851335541]},{"billed_charge":55.00,"npi":[1063767697,1851335541]}]},{"allowed_amount":19.79,"billing_code_modifier":[""],"providers":[{"billed_charge":44.00,"npi":[1063767697,1851335541]},{"billed_charge":46.00,"npi":[1063767697,1851335541]},{"billed_charge":50.00,"npi":[1063767697,1851335541]},{"billed_charge":55.00,"npi":[1063767697,1851335541]}]},{"allowed_amount":19.79,"billing_code_modifier":[""],"providers":[{"billed_charge":44.00,"npi":[1063767697,1851335541]},{"billed_charge":46.00,"npi":[1063767697,1851335541]},{"billed_charge":50.00,"npi":[1063767697,1851335541]},{"billed_charge":55.00,"npi":[1063767697,1851335541]}]},{"allowed_amount":19.79,"billing_code_modifier":[""],"providers":[{"billed_charge":44.00,"npi":[1063767697,1851335541]},{"billed_charge":46.00,"npi":[1063767697,1851335541]},{"billed_charge":50.00,"npi":[1063767697,1851335541]},{"billed_charge":55.00,"npi":[1063767697,1851335541]}]}]},{"tin":{"type":"ein","value":"341737573"},"service_code":["11"],"billing_class":"professional","payments":[{"allowed_amount":19.79,"billing_code_modifier":[""],"providers":[{"billed_charge":44.00,"npi":[1063767697,1851335541]},{"billed_charge":46.00,"npi":[1063767697,1851335541]},{"billed_charge":50.00,"npi":[1063767697,1851335541]},{"billed_charge":55.00,"npi":[1063767697,1851335541]}]},{"allowed_amount":19.79,"billing_code_modifier":[""],"providers":[{"billed_charge":44.00,"npi":[1063767697,1851335541]},{"billed_charge":46.00,"npi":[1063767697,1851335541]},{"billed_charge":50.00,"npi":[1063767697,1851335541]},{"billed_charge":55.00,"npi":[1063767697,1851335541]}]},{"allowed_amount":19.79,"billing_code_modifier":[""],"providers":[{"billed_charge":44.00,"npi":[1063767697,1851335541]},{"billed_charge":46.00,"npi":[1063767697,1851335541]},{"billed_charge":50.00,"npi":[1063767697,1851335541]},{"billed_charge":55.00,"npi":[1063767697,1851335541]}]},{"allowed_amount":19.79,"billing_code_modifier":[""],"providers":[{"billed_charge":44.00,"npi":[1063767697,1851335541]},{"billed_charge":46.00,"npi":[1063767697,1851335541]},{"billed_charge":50.00,"npi":[1063767697,1851335541]},{"billed_charge":55.00,"npi":[1063767697,1851335541]}]}]},{"tin":{"type":"ein","value":"341883685"},"service_code":["11"],"billing_class":"professional","payments":[{"allowed_amount":19.79,"billing_code_modifier":[""],"providers":[{"billed_charge":60.00,"npi":[1902941313,1982728077]}]}]},{"tin":{"type":"ein","value":"931853666"},"service_code":["11"],"billing_class":"professional","payments":[{"allowed_amount":19.79,"billing_code_modifier":[""],"providers":[{"billed_charge":211.00,"npi":[1659355352,1790460350]}]}]}]},{"name":"PSYCHIATRIC\/PSYCHOLOGICAL SVCS: PARTIAL HOSP - INT","billing_code_type":"RC","billing_code_type_version":"UB04","billing_code":"0913","description":"PSYCHIATRIC\/PSYCHOLOGICAL SVCS: PARTIAL HOSP - INT","allowed_amounts":[{"tin":{"type":"ein","value":"852620793"},"service_code":["22"],"billing_class":"institutional","payments":[{"allowed_amount":2325.00,"billing_code_modifier":[""],"providers":[{"billed_charge":3894.96,"npi":[1588270128]}]}]}]},{"name":"PSYCHIATRIC\/PSYCHOLOGICAL SVCS: PARTIAL HOSP - LES","billing_code_type":"RC","billing_code_type_version":"UB04","billing_code":"0912","description":"PSYCHIATRIC\/PSYCHOLOGICAL SVCS: PARTIAL HOSP - LES","allowed_amounts":[{"tin":{"type":"ein","value":"873581824"},"service_code":["22"],"billing_class":"institutional","payments":[{"allowed_amount":4017.00,"billing_code_modifier":[""],"providers":[{"billed_charge":4600.02,"npi":[1295466266,1750724886]}]}]}]},{"name":"PSYCHOTHERAPY W\/PATIENT 60 MINUTES","billing_code_type":"CPT","billing_code_type_version":"2020","billing_code":"90837","description":"PSYCHOTHERAPY W\/PATIENT 60 MINUTES","allowed_amounts":[{"tin":{"type":"ein","value":"297660688"},"service_code":["10","11"],"billing_class":"professional","payments":[{"allowed_amount":80.54,"billing_code_modifier":[""],"providers":[{"billed_charge":125.00,"npi":[1194791830]},{"billed_charge":150.00,"npi":[1194791830]}]},{"allowed_amount":80.54,"billing_code_modifier":[""],"providers":[{"billed_charge":125.00,"npi":[1194791830]},{"billed_charge":150.00,"npi":[1194791830]}]}]},{"tin":{"type":"ein","value":"297660688"},"service_code":["11"],"billing_class":"professional","payments":[{"allowed_amount":80.54,"billing_code_modifier":[""],"providers":[{"billed_charge":125.00,"npi":[1194791830]},{"billed_charge":150.00,"npi":[1194791830]}]},{"allowed_amount":80.54,"billing_code_modifier":[""],"providers":[{"billed_charge":125.00,"npi":[1194791830]},{"billed_charge":150.00,"npi":[1194791830]}]}]},{"tin":{"type":"ein","value":"463925775"},"service_code":["11"],"billing_class":"professional","payments":[{"allowed_amount":80.54,"billing_code_modifier":[""],"providers":[{"billed_charge":150.00,"npi":[1730536723,1871531129]}]}]},{"tin":{"type":"ein","value":"863987937"},"service_code":["11"],"billing_class":"professional","payments":[{"allowed_amount":80.54,"billing_code_modifier":[""],"providers":[{"billed_charge":145.00,"npi":[1720337082,1780308734]}]}]}]},{"name":"THER PX 1\/> AREAS EACH 15 MIN NEUROMUSC REEDUCA","billing_code_type":"CPT","billing_code_type_version":"2020","billing_code":"97112","description":"THER PX 1\/> AREAS EACH 15 MIN NEUROMUSC REEDUCA","allowed_amounts":[{"tin":{"type":"ein","value":"271245265"},"service_code":["11"],"billing_class":"professional","payments":[{"allowed_amount":50.94,"billing_code_modifier":[""],"providers":[{"billed_charge":165.00,"npi":[1043956766,1609005727,1790014165]}]}]}]}]}
