{"reporting_entity_name": "IEC Group_DBA AmeriBen",
	"reporting_entity_type": "Third Party Administrator",
	"plan_name": "AMERICAN TRAILER WORLD CORP.",
	"plan_id_type": "ein",
	"plan_id": "475665675",
	"plan_market_type": "group",
	"last_updated_on": "2024-07-01","Version": "1.0.0","out_of_network":[{"name":"CAPD OPD\/HOME: CAPD COMP OR OTHER RATE","billing_code_type":"RC","billing_code_type_version":"UB04","billing_code":"0841","description":"CAPD OPD\/HOME: CAPD COMP OR OTHER RATE","allowed_amounts":[{"tin":{"type":"ein","value":"352606963"},"service_code":["65"],"billing_class":"institutional","payments":[{"allowed_amount":830.25,"billing_code_modifier":[""],"providers":[{"billed_charge":1869.00,"npi":[1114969110,1619473352]}]}]},{"tin":{"type":"ein","value":"352606963"},"service_code":["65"],"billing_class":"institutional","payments":[{"allowed_amount":832.28,"billing_code_modifier":[""],"providers":[{"billed_charge":1869.00,"npi":[1114969110,1619473352]}]}]}]},{"name":"CCPD OPD\/HOME: CCPD COMP OR OTHER RATE","billing_code_type":"RC","billing_code_type_version":"UB04","billing_code":"0851","description":"CCPD OPD\/HOME: CCPD COMP OR OTHER RATE","allowed_amounts":[{"tin":{"type":"ein","value":"453734445"},"service_code":["65"],"billing_class":"institutional","payments":[{"allowed_amount":404.69,"billing_code_modifier":[""],"providers":[{"billed_charge":3374.00,"npi":[1104833698,1174888630]}]}]},{"tin":{"type":"ein","value":"453734445"},"service_code":["65"],"billing_class":"institutional","payments":[{"allowed_amount":500.22,"billing_code_modifier":[""],"providers":[{"billed_charge":3374.00,"npi":[1104833698,1174888630]}]}]}]}]}
