{"reporting_entity_name": "IEC Group_DBA AmeriBen",
	"reporting_entity_type": "Third Party Administrator",
	"plan_name": "CITY OF SIERRA VISTA",
	"plan_id_type": "ein",
	"plan_id": "866005496",
	"plan_market_type": "group",
	"last_updated_on": "2024-08-01","Version": "1.0.0","out_of_network":[{"name":"EMERGENCY DEPARTMENT VISIT HIGH MDM","billing_code_type":"CPT","billing_code_type_version":"2020","billing_code":"99285","description":"EMERGENCY DEPARTMENT VISIT HIGH MDM","allowed_amounts":[{"tin":{"type":"ein","value":"352574944"},"service_code":["23"],"billing_class":"professional","payments":[{"allowed_amount":697.37,"billing_code_modifier":[""],"providers":[{"billed_charge":1761.00,"npi":[1013917954,1194766543,1518042670,1669733580,1700328663,1811072051]},{"billed_charge":3522.00,"npi":[1194766543,1205940756,1669733580,1700328663,1922067768]}]},{"allowed_amount":697.37,"billing_code_modifier":[""],"providers":[{"billed_charge":1761.00,"npi":[1013917954,1194766543,1518042670,1669733580,1700328663,1811072051]},{"billed_charge":3522.00,"npi":[1194766543,1205940756,1669733580,1700328663,1922067768]}]}]},{"tin":{"type":"ein","value":"352574944"},"service_code":["23"],"billing_class":"professional","payments":[{"allowed_amount":697.37,"billing_code_modifier":[""],"providers":[{"billed_charge":1761.00,"npi":[1013917954,1194766543,1518042670,1669733580,1700328663,1811072051]},{"billed_charge":3522.00,"npi":[1194766543,1205940756,1669733580,1700328663,1922067768]}]},{"allowed_amount":697.37,"billing_code_modifier":[""],"providers":[{"billed_charge":1761.00,"npi":[1013917954,1194766543,1518042670,1669733580,1700328663,1811072051]},{"billed_charge":3522.00,"npi":[1194766543,1205940756,1669733580,1700328663,1922067768]}]}]}]}]}
