{"reporting_entity_name": "IEC Group_DBA AmeriBen",
	"reporting_entity_type": "Third Party Administrator",
	"plan_name": "TOLMAR",
	"plan_id_type": "ein",
	"plan_id": "205990340",
	"plan_market_type": "group",
	"last_updated_on": "2023-11-01","Version": "1.0.0","out_of_network":[{"name":"PSYCHOTHERAPY W\/PATIENT 45 MINUTES","billing_code_type":"CPT","billing_code_type_version":"2020","billing_code":"90834","description":"PSYCHOTHERAPY W\/PATIENT 45 MINUTES","allowed_amounts":[{"tin":{"type":"ein","value":"042525536"},"service_code":["02"],"billing_class":"professional","payments":[{"allowed_amount":81.40,"billing_code_modifier":[""],"providers":[{"billed_charge":225.00,"npi":[1629141684]}]}]},{"tin":{"type":"ein","value":"355546059"},"service_code":["02"],"billing_class":"professional","payments":[{"allowed_amount":89.56,"billing_code_modifier":[""],"providers":[{"billed_charge":125.00,"npi":[1861454902]}]}]}]},{"name":"PSYCHOTHERAPY W\/PATIENT 60 MINUTES","billing_code_type":"CPT","billing_code_type_version":"2020","billing_code":"90837","description":"PSYCHOTHERAPY W\/PATIENT 60 MINUTES","allowed_amounts":[{"tin":{"type":"ein","value":"363967396"},"service_code":["11"],"billing_class":"professional","payments":[{"allowed_amount":151.70,"billing_code_modifier":[""],"providers":[{"billed_charge":175.00,"npi":[1578951497,1740565126]}]}]}]},{"name":"THERAPEUTIC PX 1\/> AREAS EACH 15 MIN EXERCISES","billing_code_type":"CPT","billing_code_type_version":"2020","billing_code":"97110","description":"THERAPEUTIC PX 1\/> AREAS EACH 15 MIN EXERCISES","allowed_amounts":[{"tin":{"type":"ein","value":"260073487"},"service_code":["11"],"billing_class":"professional","payments":[{"allowed_amount":0.00,"billing_code_modifier":[""],"providers":[{"billed_charge":50.00,"npi":[1194704429]}]}]},{"tin":{"type":"ein","value":"841473553"},"service_code":["11"],"billing_class":"professional","payments":[{"allowed_amount":0.00,"billing_code_modifier":[""],"providers":[{"billed_charge":70.00,"npi":[1588992903,1881836716]}]}]}]}]}
