{"reporting_entity_name": "IEC Group_DBA AmeriBen",
	"reporting_entity_type": "Third Party Administrator",
	"plan_name": "SYNOVUS FINANCIAL",
	"plan_id_type": "ein",
	"plan_id": "581134883",
	"plan_market_type": "group",
	"last_updated_on": "2024-07-01","Version": "1.0.0","out_of_network":[{"name":"25 HYDROXY INCLUDES FRACTIONS IF PERFORMED","billing_code_type":"CPT","billing_code_type_version":"2020","billing_code":"82306","description":"25 HYDROXY INCLUDES FRACTIONS IF PERFORMED","allowed_amounts":[{"tin":{"type":"ein","value":"382084239"},"service_code":["81"],"billing_class":"professional","payments":[{"allowed_amount":14.26,"billing_code_modifier":[""],"providers":[{"billed_charge":266.02,"npi":[1194784181,1245798057,1457317307,1477903961,1497853873,1497926430,1508851908,1710370465,1831876440,1891972428,1932166386]},{"billed_charge":335.50,"npi":[1447250170,1447296272,1720306566,1932166386,1982336533]}]},{"allowed_amount":14.26,"billing_code_modifier":[""],"providers":[{"billed_charge":266.02,"npi":[1194784181,1245798057,1457317307,1477903961,1497853873,1497926430,1508851908,1710370465,1831876440,1891972428,1932166386]},{"billed_charge":335.50,"npi":[1447250170,1447296272,1720306566,1932166386,1982336533]}]}]},{"tin":{"type":"ein","value":"382084239"},"service_code":["81"],"billing_class":"professional","payments":[{"allowed_amount":14.26,"billing_code_modifier":[""],"providers":[{"billed_charge":266.02,"npi":[1194784181,1245798057,1457317307,1477903961,1497853873,1497926430,1508851908,1710370465,1831876440,1891972428,1932166386]},{"billed_charge":335.50,"npi":[1447250170,1447296272,1720306566,1932166386,1982336533]}]},{"allowed_amount":14.26,"billing_code_modifier":[""],"providers":[{"billed_charge":266.02,"npi":[1194784181,1245798057,1457317307,1477903961,1497853873,1497926430,1508851908,1710370465,1831876440,1891972428,1932166386]},{"billed_charge":335.50,"npi":[1447250170,1447296272,1720306566,1932166386,1982336533]}]}]}]},{"name":"ASSAY OF PROSTATE SPECIFIC ANTIGEN TOTAL","billing_code_type":"CPT","billing_code_type_version":"2020","billing_code":"84153","description":"ASSAY OF PROSTATE SPECIFIC ANTIGEN TOTAL","allowed_amounts":[{"tin":{"type":"ein","value":"133757370"},"service_code":["81"],"billing_class":"professional","payments":[{"allowed_amount":8.86,"billing_code_modifier":[""],"providers":[{"billed_charge":112.35,"npi":[1215042510,1295726032]}]}]},{"tin":{"type":"ein","value":"382084239"},"service_code":["81"],"billing_class":"professional","payments":[{"allowed_amount":8.86,"billing_code_modifier":[""],"providers":[{"billed_charge":163.33,"npi":[1043270135,1194784181,1447250170,1932166386,1962426015]}]}]},{"tin":{"type":"ein","value":"810576059"},"service_code":["81"],"billing_class":"professional","payments":[{"allowed_amount":8.86,"billing_code_modifier":[""],"providers":[{"billed_charge":77.10,"npi":[1063723401,1073977781,1174645329,1235186800,1407849706,1982614459]}]}]}]},{"name":"ASSAY OF TESTOSTERONE TOTAL","billing_code_type":"CPT","billing_code_type_version":"2020","billing_code":"84403","description":"ASSAY OF TESTOSTERONE TOTAL","allowed_amounts":[{"tin":{"type":"ein","value":"133757370"},"service_code":["81"],"billing_class":"professional","payments":[{"allowed_amount":10.84,"billing_code_modifier":[""],"providers":[{"billed_charge":162.75,"npi":[1215042510,1295726032,1497749733]}]}]},{"tin":{"type":"ein","value":"382084239"},"service_code":["81"],"billing_class":"professional","payments":[{"allowed_amount":10.84,"billing_code_modifier":[""],"providers":[{"billed_charge":157.00,"npi":[1043270135,1720306566,1932166386]},{"billed_charge":217.77,"npi":[1932166386,1962426015]},{"billed_charge":242.52,"npi":[1023035094,1720306566,1831876440,1891184636,1932166386,1982336533]}]},{"allowed_amount":10.84,"billing_code_modifier":[""],"providers":[{"billed_charge":157.00,"npi":[1043270135,1720306566,1932166386]},{"billed_charge":217.77,"npi":[1932166386,1962426015]},{"billed_charge":242.52,"npi":[1023035094,1720306566,1831876440,1891184636,1932166386,1982336533]}]},{"allowed_amount":10.84,"billing_code_modifier":[""],"providers":[{"billed_charge":157.00,"npi":[1043270135,1720306566,1932166386]},{"billed_charge":217.77,"npi":[1932166386,1962426015]},{"billed_charge":242.52,"npi":[1023035094,1720306566,1831876440,1891184636,1932166386,1982336533]}]}]},{"tin":{"type":"ein","value":"382084239"},"service_code":["81"],"billing_class":"professional","payments":[{"allowed_amount":10.84,"billing_code_modifier":[""],"providers":[{"billed_charge":157.00,"npi":[1043270135,1720306566,1932166386]},{"billed_charge":217.77,"npi":[1932166386,1962426015]},{"billed_charge":242.52,"npi":[1023035094,1720306566,1831876440,1891184636,1932166386,1982336533]}]},{"allowed_amount":10.84,"billing_code_modifier":[""],"providers":[{"billed_charge":157.00,"npi":[1043270135,1720306566,1932166386]},{"billed_charge":217.77,"npi":[1932166386,1962426015]},{"billed_charge":242.52,"npi":[1023035094,1720306566,1831876440,1891184636,1932166386,1982336533]}]},{"allowed_amount":10.84,"billing_code_modifier":[""],"providers":[{"billed_charge":157.00,"npi":[1043270135,1720306566,1932166386]},{"billed_charge":217.77,"npi":[1932166386,1962426015]},{"billed_charge":242.52,"npi":[1023035094,1720306566,1831876440,1891184636,1932166386,1982336533]}]}]},{"tin":{"type":"ein","value":"382084239"},"service_code":["81"],"billing_class":"professional","payments":[{"allowed_amount":10.84,"billing_code_modifier":[""],"providers":[{"billed_charge":157.00,"npi":[1043270135,1720306566,1932166386]},{"billed_charge":217.77,"npi":[1932166386,1962426015]},{"billed_charge":242.52,"npi":[1023035094,1720306566,1831876440,1891184636,1932166386,1982336533]}]},{"allowed_amount":10.84,"billing_code_modifier":[""],"providers":[{"billed_charge":157.00,"npi":[1043270135,1720306566,1932166386]},{"billed_charge":217.77,"npi":[1932166386,1962426015]},{"billed_charge":242.52,"npi":[1023035094,1720306566,1831876440,1891184636,1932166386,1982336533]}]},{"allowed_amount":10.84,"billing_code_modifier":[""],"providers":[{"billed_charge":157.00,"npi":[1043270135,1720306566,1932166386]},{"billed_charge":217.77,"npi":[1932166386,1962426015]},{"billed_charge":242.52,"npi":[1023035094,1720306566,1831876440,1891184636,1932166386,1982336533]}]}]}]},{"name":"BLOOD COUNT COMPLETE AUTO&AUTO DIFRNTL WBC","billing_code_type":"CPT","billing_code_type_version":"2020","billing_code":"85025","description":"BLOOD COUNT COMPLETE AUTO&AUTO DIFRNTL WBC","allowed_amounts":[{"tin":{"type":"ein","value":"133757370"},"service_code":["81"],"billing_class":"professional","payments":[{"allowed_amount":3.75,"billing_code_modifier":[""],"providers":[{"billed_charge":32.55,"npi":[1295726032,1467449272]}]}]},{"tin":{"type":"ein","value":"382084239"},"service_code":["81"],"billing_class":"professional","payments":[{"allowed_amount":3.75,"billing_code_modifier":[""],"providers":[{"billed_charge":50.05,"npi":[1124085972,1245798057,1275784373,1346420494,1508851908,1528370426,1710370465,1730316902,1932166386]}]}]},{"tin":{"type":"ein","value":"810576059"},"service_code":["81"],"billing_class":"professional","payments":[{"allowed_amount":3.75,"billing_code_modifier":[""],"providers":[{"billed_charge":15.54,"npi":[1235186800,1285418392]}]}]}]},{"name":"CCPD OPD\/HOME: CCPD COMP OR OTHER RATE","billing_code_type":"RC","billing_code_type_version":"UB04","billing_code":"0851","description":"CCPD OPD\/HOME: CCPD COMP OR OTHER RATE","allowed_amounts":[{"tin":{"type":"ein","value":"852145923"},"service_code":["65"],"billing_class":"institutional","payments":[{"allowed_amount":124.35,"billing_code_modifier":[""],"providers":[{"billed_charge":5448.94,"npi":[1255528949,1871190207]}]}]},{"tin":{"type":"ein","value":"852145923"},"service_code":["65"],"billing_class":"institutional","payments":[{"allowed_amount":132.66,"billing_code_modifier":[""],"providers":[{"billed_charge":5448.94,"npi":[1255528949,1871190207]}]}]},{"tin":{"type":"ein","value":"852145923"},"service_code":["65"],"billing_class":"institutional","payments":[{"allowed_amount":139.17,"billing_code_modifier":[""],"providers":[{"billed_charge":5448.94,"npi":[1255528949,1871190207]}]}]},{"tin":{"type":"ein","value":"852145923"},"service_code":["65"],"billing_class":"institutional","payments":[{"allowed_amount":148.09,"billing_code_modifier":[""],"providers":[{"billed_charge":5448.94,"npi":[1255528949,1871190207]}]}]},{"tin":{"type":"ein","value":"852145923"},"service_code":["65"],"billing_class":"institutional","payments":[{"allowed_amount":159.86,"billing_code_modifier":[""],"providers":[{"billed_charge":5448.94,"npi":[1255528949,1871190207]}]}]},{"tin":{"type":"ein","value":"852145923"},"service_code":["65"],"billing_class":"institutional","payments":[{"allowed_amount":170.81,"billing_code_modifier":[""],"providers":[{"billed_charge":5448.94,"npi":[1255528949,1871190207]}]}]},{"tin":{"type":"ein","value":"852145923"},"service_code":["65"],"billing_class":"institutional","payments":[{"allowed_amount":204.24,"billing_code_modifier":[""],"providers":[{"billed_charge":4999.03,"npi":[1255528949,1871190207]}]}]},{"tin":{"type":"ein","value":"852145923"},"service_code":["65"],"billing_class":"institutional","payments":[{"allowed_amount":206.88,"billing_code_modifier":[""],"providers":[{"billed_charge":4999.03,"npi":[1255528949,1871190207]}]}]},{"tin":{"type":"ein","value":"852145923"},"service_code":["65"],"billing_class":"institutional","payments":[{"allowed_amount":239.66,"billing_code_modifier":[""],"providers":[{"billed_charge":5448.94,"npi":[1255528949,1871190207]}]}]},{"tin":{"type":"ein","value":"852145923"},"service_code":["65"],"billing_class":"institutional","payments":[{"allowed_amount":310.73,"billing_code_modifier":[""],"providers":[{"billed_charge":5448.94,"npi":[1255528949,1871190207]}]}]}]},{"name":"CHIROPRACTIC MANIPULATIVE TX SPINAL 3-4 REGIONS","billing_code_type":"CPT","billing_code_type_version":"2020","billing_code":"98941","description":"CHIROPRACTIC MANIPULATIVE TX SPINAL 3-4 REGIONS","allowed_amounts":[{"tin":{"type":"ein","value":"452126847"},"service_code":["11"],"billing_class":"professional","payments":[{"allowed_amount":35.25,"billing_code_modifier":[""],"providers":[{"billed_charge":65.00,"npi":[1962848267]}]}]},{"tin":{"type":"ein","value":"582418695"},"service_code":["11"],"billing_class":"professional","payments":[{"allowed_amount":35.25,"billing_code_modifier":[""],"providers":[{"billed_charge":60.00,"npi":[1124115381,1124377734]}]}]},{"tin":{"type":"ein","value":"582449299"},"service_code":["11"],"billing_class":"professional","payments":[{"allowed_amount":35.25,"billing_code_modifier":[""],"providers":[{"billed_charge":65.00,"npi":[1104959683]}]}]},{"tin":{"type":"ein","value":"582654357"},"service_code":["11"],"billing_class":"professional","payments":[{"allowed_amount":35.25,"billing_code_modifier":[""],"providers":[{"billed_charge":65.00,"npi":[1669691846,1841417631]},{"billed_charge":70.00,"npi":[1669691846,1841417631]}]},{"allowed_amount":35.25,"billing_code_modifier":[""],"providers":[{"billed_charge":65.00,"npi":[1669691846,1841417631]},{"billed_charge":70.00,"npi":[1669691846,1841417631]}]}]},{"tin":{"type":"ein","value":"582654357"},"service_code":["11"],"billing_class":"professional","payments":[{"allowed_amount":35.25,"billing_code_modifier":[""],"providers":[{"billed_charge":65.00,"npi":[1669691846,1841417631]},{"billed_charge":70.00,"npi":[1669691846,1841417631]}]},{"allowed_amount":35.25,"billing_code_modifier":[""],"providers":[{"billed_charge":65.00,"npi":[1669691846,1841417631]},{"billed_charge":70.00,"npi":[1669691846,1841417631]}]}]},{"tin":{"type":"ein","value":"832167435"},"service_code":["11"],"billing_class":"professional","payments":[{"allowed_amount":35.25,"billing_code_modifier":[""],"providers":[{"billed_charge":69.00,"npi":[1093892929,1841825122]}]}]}]},{"name":"COLLECTION VENOUS BLOOD VENIPUNCTURE","billing_code_type":"CPT","billing_code_type_version":"2020","billing_code":"36415","description":"COLLECTION VENOUS BLOOD VENIPUNCTURE","allowed_amounts":[{"tin":{"type":"ein","value":"382084239"},"service_code":["81"],"billing_class":"professional","payments":[{"allowed_amount":1.02,"billing_code_modifier":[""],"providers":[{"billed_charge":35.00,"npi":[1063800548,1104036854,1124062534,1134439581,1184615759,1184719122,1194784181,1245323468,1245798057,1275784373,1346420494,1417188103,1447770532,1457317307,1457758823,1467403303,1477903961,1487212551,1528370426,1558093484,1558432211,1629048756,1649536145,1659627248,1659758175,1720306566,1730316902,1760470124,1831876440,1891184636,1891918108,1902841307,1932166386,1962426015,1982336533]}]}]},{"tin":{"type":"ein","value":"751093698"},"service_code":["81"],"billing_class":"professional","payments":[{"allowed_amount":1.02,"billing_code_modifier":[""],"providers":[{"billed_charge":12.00,"npi":[1962481820,1982833117]}]}]}]},{"name":"COMPREHENSIVE METABOLIC PANEL","billing_code_type":"CPT","billing_code_type_version":"2020","billing_code":"80053","description":"COMPREHENSIVE METABOLIC PANEL","allowed_amounts":[{"tin":{"type":"ein","value":"133757370"},"service_code":["81"],"billing_class":"professional","payments":[{"allowed_amount":5.09,"billing_code_modifier":[""],"providers":[{"billed_charge":48.30,"npi":[1295726032,1467449272]}]}]},{"tin":{"type":"ein","value":"382084239"},"service_code":["81"],"billing_class":"professional","payments":[{"allowed_amount":5.09,"billing_code_modifier":[""],"providers":[{"billed_charge":65.37,"npi":[1902841307,1932166386]},{"billed_charge":66.66,"npi":[1457317307,1932166386]},{"billed_charge":96.88,"npi":[1124085972,1134439581,1194784181,1245798057,1497082499,1508851908,1710370465,1851627624,1891972428,1932166386]}]},{"allowed_amount":5.09,"billing_code_modifier":[""],"providers":[{"billed_charge":65.37,"npi":[1902841307,1932166386]},{"billed_charge":66.66,"npi":[1457317307,1932166386]},{"billed_charge":96.88,"npi":[1124085972,1134439581,1194784181,1245798057,1497082499,1508851908,1710370465,1851627624,1891972428,1932166386]}]},{"allowed_amount":5.09,"billing_code_modifier":[""],"providers":[{"billed_charge":65.37,"npi":[1902841307,1932166386]},{"billed_charge":66.66,"npi":[1457317307,1932166386]},{"billed_charge":96.88,"npi":[1124085972,1134439581,1194784181,1245798057,1497082499,1508851908,1710370465,1851627624,1891972428,1932166386]}]}]},{"tin":{"type":"ein","value":"382084239"},"service_code":["81"],"billing_class":"professional","payments":[{"allowed_amount":5.09,"billing_code_modifier":[""],"providers":[{"billed_charge":65.37,"npi":[1902841307,1932166386]},{"billed_charge":66.66,"npi":[1457317307,1932166386]},{"billed_charge":96.88,"npi":[1124085972,1134439581,1194784181,1245798057,1497082499,1508851908,1710370465,1851627624,1891972428,1932166386]}]},{"allowed_amount":5.09,"billing_code_modifier":[""],"providers":[{"billed_charge":65.37,"npi":[1902841307,1932166386]},{"billed_charge":66.66,"npi":[1457317307,1932166386]},{"billed_charge":96.88,"npi":[1124085972,1134439581,1194784181,1245798057,1497082499,1508851908,1710370465,1851627624,1891972428,1932166386]}]},{"allowed_amount":5.09,"billing_code_modifier":[""],"providers":[{"billed_charge":65.37,"npi":[1902841307,1932166386]},{"billed_charge":66.66,"npi":[1457317307,1932166386]},{"billed_charge":96.88,"npi":[1124085972,1134439581,1194784181,1245798057,1497082499,1508851908,1710370465,1851627624,1891972428,1932166386]}]}]},{"tin":{"type":"ein","value":"382084239"},"service_code":["81"],"billing_class":"professional","payments":[{"allowed_amount":5.09,"billing_code_modifier":[""],"providers":[{"billed_charge":65.37,"npi":[1902841307,1932166386]},{"billed_charge":66.66,"npi":[1457317307,1932166386]},{"billed_charge":96.88,"npi":[1124085972,1134439581,1194784181,1245798057,1497082499,1508851908,1710370465,1851627624,1891972428,1932166386]}]},{"allowed_amount":5.09,"billing_code_modifier":[""],"providers":[{"billed_charge":65.37,"npi":[1902841307,1932166386]},{"billed_charge":66.66,"npi":[1457317307,1932166386]},{"billed_charge":96.88,"npi":[1124085972,1134439581,1194784181,1245798057,1497082499,1508851908,1710370465,1851627624,1891972428,1932166386]}]},{"allowed_amount":5.09,"billing_code_modifier":[""],"providers":[{"billed_charge":65.37,"npi":[1902841307,1932166386]},{"billed_charge":66.66,"npi":[1457317307,1932166386]},{"billed_charge":96.88,"npi":[1124085972,1134439581,1194784181,1245798057,1497082499,1508851908,1710370465,1851627624,1891972428,1932166386]}]}]},{"tin":{"type":"ein","value":"382084239"},"service_code":["81"],"billing_class":"professional","payments":[{"allowed_amount":7.39,"billing_code_modifier":[""],"providers":[{"billed_charge":69.13,"npi":[1386678878,1538470646,1932166386]}]}]},{"tin":{"type":"ein","value":"593156212"},"service_code":["81"],"billing_class":"professional","payments":[{"allowed_amount":7.39,"billing_code_modifier":[""],"providers":[{"billed_charge":29.00,"npi":[1548244338,1568425809,1821055690]}]}]},{"tin":{"type":"ein","value":"751093698"},"service_code":["81"],"billing_class":"professional","payments":[{"allowed_amount":5.09,"billing_code_modifier":[""],"providers":[{"billed_charge":29.00,"npi":[1962481820,1982833117]}]}]},{"tin":{"type":"ein","value":"810576059"},"service_code":["81"],"billing_class":"professional","payments":[{"allowed_amount":5.09,"billing_code_modifier":[""],"providers":[{"billed_charge":21.12,"npi":[1235186800,1285418392,1861422743]}]}]},{"tin":{"type":"ein","value":"840611484"},"service_code":["81"],"billing_class":"professional","payments":[{"allowed_amount":7.39,"billing_code_modifier":[""],"providers":[{"billed_charge":48.30,"npi":[1053388090,1255314704]},{"billed_charge":49.12,"npi":[1255314704,1871591180]},{"billed_charge":52.53,"npi":[1184356537,1255314704]},{"billed_charge":53.55,"npi":[1255314704,1801880836]},{"billed_charge":57.05,"npi":[1023007028,1255314704]}]},{"allowed_amount":7.39,"billing_code_modifier":[""],"providers":[{"billed_charge":48.30,"npi":[1053388090,1255314704]},{"billed_charge":49.12,"npi":[1255314704,1871591180]},{"billed_charge":52.53,"npi":[1184356537,1255314704]},{"billed_charge":53.55,"npi":[1255314704,1801880836]},{"billed_charge":57.05,"npi":[1023007028,1255314704]}]},{"allowed_amount":7.39,"billing_code_modifier":[""],"providers":[{"billed_charge":48.30,"npi":[1053388090,1255314704]},{"billed_charge":49.12,"npi":[1255314704,1871591180]},{"billed_charge":52.53,"npi":[1184356537,1255314704]},{"billed_charge":53.55,"npi":[1255314704,1801880836]},{"billed_charge":57.05,"npi":[1023007028,1255314704]}]},{"allowed_amount":7.39,"billing_code_modifier":[""],"providers":[{"billed_charge":48.30,"npi":[1053388090,1255314704]},{"billed_charge":49.12,"npi":[1255314704,1871591180]},{"billed_charge":52.53,"npi":[1184356537,1255314704]},{"billed_charge":53.55,"npi":[1255314704,1801880836]},{"billed_charge":57.05,"npi":[1023007028,1255314704]}]},{"allowed_amount":7.39,"billing_code_modifier":[""],"providers":[{"billed_charge":48.30,"npi":[1053388090,1255314704]},{"billed_charge":49.12,"npi":[1255314704,1871591180]},{"billed_charge":52.53,"npi":[1184356537,1255314704]},{"billed_charge":53.55,"npi":[1255314704,1801880836]},{"billed_charge":57.05,"npi":[1023007028,1255314704]}]}]},{"tin":{"type":"ein","value":"840611484"},"service_code":["81"],"billing_class":"professional","payments":[{"allowed_amount":7.39,"billing_code_modifier":[""],"providers":[{"billed_charge":48.30,"npi":[1053388090,1255314704]},{"billed_charge":49.12,"npi":[1255314704,1871591180]},{"billed_charge":52.53,"npi":[1184356537,1255314704]},{"billed_charge":53.55,"npi":[1255314704,1801880836]},{"billed_charge":57.05,"npi":[1023007028,1255314704]}]},{"allowed_amount":7.39,"billing_code_modifier":[""],"providers":[{"billed_charge":48.30,"npi":[1053388090,1255314704]},{"billed_charge":49.12,"npi":[1255314704,1871591180]},{"billed_charge":52.53,"npi":[1184356537,1255314704]},{"billed_charge":53.55,"npi":[1255314704,1801880836]},{"billed_charge":57.05,"npi":[1023007028,1255314704]}]},{"allowed_amount":7.39,"billing_code_modifier":[""],"providers":[{"billed_charge":48.30,"npi":[1053388090,1255314704]},{"billed_charge":49.12,"npi":[1255314704,1871591180]},{"billed_charge":52.53,"npi":[1184356537,1255314704]},{"billed_charge":53.55,"npi":[1255314704,1801880836]},{"billed_charge":57.05,"npi":[1023007028,1255314704]}]},{"allowed_amount":7.39,"billing_code_modifier":[""],"providers":[{"billed_charge":48.30,"npi":[1053388090,1255314704]},{"billed_charge":49.12,"npi":[1255314704,1871591180]},{"billed_charge":52.53,"npi":[1184356537,1255314704]},{"billed_charge":53.55,"npi":[1255314704,1801880836]},{"billed_charge":57.05,"npi":[1023007028,1255314704]}]},{"allowed_amount":7.39,"billing_code_modifier":[""],"providers":[{"billed_charge":48.30,"npi":[1053388090,1255314704]},{"billed_charge":49.12,"npi":[1255314704,1871591180]},{"billed_charge":52.53,"npi":[1184356537,1255314704]},{"billed_charge":53.55,"npi":[1255314704,1801880836]},{"billed_charge":57.05,"npi":[1023007028,1255314704]}]}]},{"tin":{"type":"ein","value":"840611484"},"service_code":["81"],"billing_class":"professional","payments":[{"allowed_amount":7.39,"billing_code_modifier":[""],"providers":[{"billed_charge":48.30,"npi":[1053388090,1255314704]},{"billed_charge":49.12,"npi":[1255314704,1871591180]},{"billed_charge":52.53,"npi":[1184356537,1255314704]},{"billed_charge":53.55,"npi":[1255314704,1801880836]},{"billed_charge":57.05,"npi":[1023007028,1255314704]}]},{"allowed_amount":7.39,"billing_code_modifier":[""],"providers":[{"billed_charge":48.30,"npi":[1053388090,1255314704]},{"billed_charge":49.12,"npi":[1255314704,1871591180]},{"billed_charge":52.53,"npi":[1184356537,1255314704]},{"billed_charge":53.55,"npi":[1255314704,1801880836]},{"billed_charge":57.05,"npi":[1023007028,1255314704]}]},{"allowed_amount":7.39,"billing_code_modifier":[""],"providers":[{"billed_charge":48.30,"npi":[1053388090,1255314704]},{"billed_charge":49.12,"npi":[1255314704,1871591180]},{"billed_charge":52.53,"npi":[1184356537,1255314704]},{"billed_charge":53.55,"npi":[1255314704,1801880836]},{"billed_charge":57.05,"npi":[1023007028,1255314704]}]},{"allowed_amount":7.39,"billing_code_modifier":[""],"providers":[{"billed_charge":48.30,"npi":[1053388090,1255314704]},{"billed_charge":49.12,"npi":[1255314704,1871591180]},{"billed_charge":52.53,"npi":[1184356537,1255314704]},{"billed_charge":53.55,"npi":[1255314704,1801880836]},{"billed_charge":57.05,"npi":[1023007028,1255314704]}]},{"allowed_amount":7.39,"billing_code_modifier":[""],"providers":[{"billed_charge":48.30,"npi":[1053388090,1255314704]},{"billed_charge":49.12,"npi":[1255314704,1871591180]},{"billed_charge":52.53,"npi":[1184356537,1255314704]},{"billed_charge":53.55,"npi":[1255314704,1801880836]},{"billed_charge":57.05,"npi":[1023007028,1255314704]}]}]},{"tin":{"type":"ein","value":"840611484"},"service_code":["81"],"billing_class":"professional","payments":[{"allowed_amount":7.39,"billing_code_modifier":[""],"providers":[{"billed_charge":48.30,"npi":[1053388090,1255314704]},{"billed_charge":49.12,"npi":[1255314704,1871591180]},{"billed_charge":52.53,"npi":[1184356537,1255314704]},{"billed_charge":53.55,"npi":[1255314704,1801880836]},{"billed_charge":57.05,"npi":[1023007028,1255314704]}]},{"allowed_amount":7.39,"billing_code_modifier":[""],"providers":[{"billed_charge":48.30,"npi":[1053388090,1255314704]},{"billed_charge":49.12,"npi":[1255314704,1871591180]},{"billed_charge":52.53,"npi":[1184356537,1255314704]},{"billed_charge":53.55,"npi":[1255314704,1801880836]},{"billed_charge":57.05,"npi":[1023007028,1255314704]}]},{"allowed_amount":7.39,"billing_code_modifier":[""],"providers":[{"billed_charge":48.30,"npi":[1053388090,1255314704]},{"billed_charge":49.12,"npi":[1255314704,1871591180]},{"billed_charge":52.53,"npi":[1184356537,1255314704]},{"billed_charge":53.55,"npi":[1255314704,1801880836]},{"billed_charge":57.05,"npi":[1023007028,1255314704]}]},{"allowed_amount":7.39,"billing_code_modifier":[""],"providers":[{"billed_charge":48.30,"npi":[1053388090,1255314704]},{"billed_charge":49.12,"npi":[1255314704,1871591180]},{"billed_charge":52.53,"npi":[1184356537,1255314704]},{"billed_charge":53.55,"npi":[1255314704,1801880836]},{"billed_charge":57.05,"npi":[1023007028,1255314704]}]},{"allowed_amount":7.39,"billing_code_modifier":[""],"providers":[{"billed_charge":48.30,"npi":[1053388090,1255314704]},{"billed_charge":49.12,"npi":[1255314704,1871591180]},{"billed_charge":52.53,"npi":[1184356537,1255314704]},{"billed_charge":53.55,"npi":[1255314704,1801880836]},{"billed_charge":57.05,"npi":[1023007028,1255314704]}]}]},{"tin":{"type":"ein","value":"840611484"},"service_code":["81"],"billing_class":"professional","payments":[{"allowed_amount":7.39,"billing_code_modifier":[""],"providers":[{"billed_charge":48.30,"npi":[1053388090,1255314704]},{"billed_charge":49.12,"npi":[1255314704,1871591180]},{"billed_charge":52.53,"npi":[1184356537,1255314704]},{"billed_charge":53.55,"npi":[1255314704,1801880836]},{"billed_charge":57.05,"npi":[1023007028,1255314704]}]},{"allowed_amount":7.39,"billing_code_modifier":[""],"providers":[{"billed_charge":48.30,"npi":[1053388090,1255314704]},{"billed_charge":49.12,"npi":[1255314704,1871591180]},{"billed_charge":52.53,"npi":[1184356537,1255314704]},{"billed_charge":53.55,"npi":[1255314704,1801880836]},{"billed_charge":57.05,"npi":[1023007028,1255314704]}]},{"allowed_amount":7.39,"billing_code_modifier":[""],"providers":[{"billed_charge":48.30,"npi":[1053388090,1255314704]},{"billed_charge":49.12,"npi":[1255314704,1871591180]},{"billed_charge":52.53,"npi":[1184356537,1255314704]},{"billed_charge":53.55,"npi":[1255314704,1801880836]},{"billed_charge":57.05,"npi":[1023007028,1255314704]}]},{"allowed_amount":7.39,"billing_code_modifier":[""],"providers":[{"billed_charge":48.30,"npi":[1053388090,1255314704]},{"billed_charge":49.12,"npi":[1255314704,1871591180]},{"billed_charge":52.53,"npi":[1184356537,1255314704]},{"billed_charge":53.55,"npi":[1255314704,1801880836]},{"billed_charge":57.05,"npi":[1023007028,1255314704]}]},{"allowed_amount":7.39,"billing_code_modifier":[""],"providers":[{"billed_charge":48.30,"npi":[1053388090,1255314704]},{"billed_charge":49.12,"npi":[1255314704,1871591180]},{"billed_charge":52.53,"npi":[1184356537,1255314704]},{"billed_charge":53.55,"npi":[1255314704,1801880836]},{"billed_charge":57.05,"npi":[1023007028,1255314704]}]}]}]},{"name":"DRUG TST PRSMV INSTRMNT CHEM ANALYZERS PR DATE","billing_code_type":"CPT","billing_code_type_version":"2020","billing_code":"80307","description":"DRUG TST PRSMV INSTRMNT CHEM ANALYZERS PR DATE","allowed_amounts":[{"tin":{"type":"ein","value":"382084239"},"service_code":["81"],"billing_class":"professional","payments":[{"allowed_amount":27.13,"billing_code_modifier":[""],"providers":[{"billed_charge":109.18,"npi":[1285672329,1932166386]},{"billed_charge":110.00,"npi":[1205078730,1932166386]}]},{"allowed_amount":27.13,"billing_code_modifier":[""],"providers":[{"billed_charge":109.18,"npi":[1285672329,1932166386]},{"billed_charge":110.00,"npi":[1205078730,1932166386]}]}]},{"tin":{"type":"ein","value":"382084239"},"service_code":["81"],"billing_class":"professional","payments":[{"allowed_amount":27.13,"billing_code_modifier":[""],"providers":[{"billed_charge":109.18,"npi":[1285672329,1932166386]},{"billed_charge":110.00,"npi":[1205078730,1932166386]}]},{"allowed_amount":27.13,"billing_code_modifier":[""],"providers":[{"billed_charge":109.18,"npi":[1285672329,1932166386]},{"billed_charge":110.00,"npi":[1205078730,1932166386]}]}]},{"tin":{"type":"ein","value":"541882269"},"service_code":["81"],"billing_class":"professional","payments":[{"allowed_amount":27.13,"billing_code_modifier":[""],"providers":[{"billed_charge":345.00,"npi":[1063517522,1285698738,1376855999,1912903717,1972720928]}]}]}]},{"name":"GENERAL HEALTH PANEL","billing_code_type":"CPT","billing_code_type_version":"2020","billing_code":"80050","description":"GENERAL HEALTH PANEL","allowed_amounts":[{"tin":{"type":"ein","value":"133757370"},"service_code":["81"],"billing_class":"professional","payments":[{"allowed_amount":14.76,"billing_code_modifier":[""],"providers":[{"billed_charge":179.55,"npi":[1295726032,1497749733]}]}]},{"tin":{"type":"ein","value":"382084239"},"service_code":["81"],"billing_class":"professional","payments":[{"allowed_amount":14.76,"billing_code_modifier":[""],"providers":[{"billed_charge":290.47,"npi":[1023035094,1043270135,1245323468,1447250170,1477903961,1497926430,1629048756,1831876440,1932166386,1962426015,1982336533,1982712915]}]}]},{"tin":{"type":"ein","value":"810576059"},"service_code":["81"],"billing_class":"professional","payments":[{"allowed_amount":14.76,"billing_code_modifier":[""],"providers":[{"billed_charge":60.00,"npi":[1073977781,1235186800,1285418392,1437557287,1679912877,1700820198,1780687954]}]}]}]},{"name":"HEMOGLOBIN GLYCOSYLATED A1C","billing_code_type":"CPT","billing_code_type_version":"2020","billing_code":"83036","description":"HEMOGLOBIN GLYCOSYLATED A1C","allowed_amounts":[{"tin":{"type":"ein","value":"133757370"},"service_code":["81"],"billing_class":"professional","payments":[{"allowed_amount":4.68,"billing_code_modifier":[""],"providers":[{"billed_charge":69.30,"npi":[1295726032,1467449272]}]}]},{"tin":{"type":"ein","value":"382084239"},"service_code":["81"],"billing_class":"professional","payments":[{"allowed_amount":4.68,"billing_code_modifier":[""],"providers":[{"billed_charge":81.68,"npi":[1023035094,1043270135,1194784181,1245323468,1447250170,1477903961,1497926430,1508851908,1831876440,1932166386,1962426015]}]}]},{"tin":{"type":"ein","value":"751093698"},"service_code":["81"],"billing_class":"professional","payments":[{"allowed_amount":4.68,"billing_code_modifier":[""],"providers":[{"billed_charge":26.65,"npi":[1962481820,1982833117]}]}]},{"tin":{"type":"ein","value":"810576059"},"service_code":["81"],"billing_class":"professional","payments":[{"allowed_amount":4.68,"billing_code_modifier":[""],"providers":[{"billed_charge":40.68,"npi":[1235186800,1285418392,1437557287]}]}]}]},{"name":"IADNA RESPIRATRY PROBE & REV TRNSCR 3-5 TARGETS","billing_code_type":"CPT","billing_code_type_version":"2020","billing_code":"87631","description":"IADNA RESPIRATRY PROBE & REV TRNSCR 3-5 TARGETS","allowed_amounts":[{"tin":{"type":"ein","value":"260880495"},"service_code":["81"],"billing_class":"professional","payments":[{"allowed_amount":53.85,"billing_code_modifier":[""],"providers":[{"billed_charge":90.00,"npi":[1134377781,1609800705]}]}]},{"tin":{"type":"ein","value":"830814475"},"service_code":["81"],"billing_class":"professional","payments":[{"allowed_amount":53.85,"billing_code_modifier":[""],"providers":[{"billed_charge":171.16,"npi":[1174009245,1629048756]}]}]},{"tin":{"type":"ein","value":"873826903"},"service_code":["81"],"billing_class":"professional","payments":[{"allowed_amount":53.85,"billing_code_modifier":[""],"providers":[{"billed_charge":178.29,"npi":[1073547600,1093765067,1255441994,1508851908,1639136997,1679950729,1881352979,1952453615]}]}]}]},{"name":"IADNA SARS-COV-2 COVID-19 AMPLIFIED PROBE TQ","billing_code_type":"CPT","billing_code_type_version":"2020","billing_code":"87635","description":"IADNA SARS-COV-2 COVID-19 AMPLIFIED PROBE TQ","allowed_amounts":[{"tin":{"type":"ein","value":"260880495"},"service_code":["81"],"billing_class":"professional","payments":[{"allowed_amount":17.44,"billing_code_modifier":[""],"providers":[{"billed_charge":60.00,"npi":[1134377781,1609800705]}]}]},{"tin":{"type":"ein","value":"621433252"},"service_code":["81"],"billing_class":"professional","payments":[{"allowed_amount":17.44,"billing_code_modifier":[""],"providers":[{"billed_charge":125.00,"npi":[1124645957,1689639544,1881352979]}]}]},{"tin":{"type":"ein","value":"830814475"},"service_code":["81"],"billing_class":"professional","payments":[{"allowed_amount":17.44,"billing_code_modifier":[""],"providers":[{"billed_charge":61.57,"npi":[1174009245,1629048756]}]}]},{"tin":{"type":"ein","value":"831005259"},"service_code":["81"],"billing_class":"professional","payments":[{"allowed_amount":17.44,"billing_code_modifier":[""],"providers":[{"billed_charge":135.84,"npi":[1174092548,1447250170]}]}]},{"tin":{"type":"ein","value":"873826903"},"service_code":["81"],"billing_class":"professional","payments":[{"allowed_amount":17.44,"billing_code_modifier":[""],"providers":[{"billed_charge":125.00,"npi":[1073547600,1093765067,1255441994,1508851908,1639136997,1679950729,1881352979,1952453615]}]}]}]},{"name":"LIPID PANEL","billing_code_type":"CPT","billing_code_type_version":"2020","billing_code":"80061","description":"LIPID PANEL","allowed_amounts":[{"tin":{"type":"ein","value":"133757370"},"service_code":["81"],"billing_class":"professional","payments":[{"allowed_amount":7.68,"billing_code_modifier":[""],"providers":[{"billed_charge":102.90,"npi":[1295726032,1467449272,1497749733,1679557375]}]}]},{"tin":{"type":"ein","value":"382084239"},"service_code":["81"],"billing_class":"professional","payments":[{"allowed_amount":7.68,"billing_code_modifier":[""],"providers":[{"billed_charge":162.91,"npi":[1023035094,1043270135,1063734739,1134439581,1194784181,1245323468,1447250170,1477903961,1497853873,1497926430,1508851908,1710370465,1831876440,1851627624,1932166386,1962426015]}]}]},{"tin":{"type":"ein","value":"751093698"},"service_code":["81"],"billing_class":"professional","payments":[{"allowed_amount":7.68,"billing_code_modifier":[""],"providers":[{"billed_charge":36.75,"npi":[1962481820,1982833117]}]}]},{"tin":{"type":"ein","value":"810576059"},"service_code":["81"],"billing_class":"professional","payments":[{"allowed_amount":7.68,"billing_code_modifier":[""],"providers":[{"billed_charge":56.16,"npi":[1235186800,1285418392,1437557287,1679912877]}]}]},{"tin":{"type":"ein","value":"810576059"},"service_code":["81"],"billing_class":"professional","payments":[{"allowed_amount":42.12,"billing_code_modifier":[""],"providers":[{"billed_charge":56.16,"npi":[1063435428,1073977781,1235186800,1285418392,1700820198,1780687954,1801837455,1841202868,1861422743]}]}]}]},{"name":"ONCOLOGY COLORECTAL SCREENING QUAN 10 DNA MARKRS","billing_code_type":"CPT","billing_code_type_version":"2020","billing_code":"81528","description":"ONCOLOGY COLORECTAL SCREENING QUAN 10 DNA MARKRS","allowed_amounts":[{"tin":{"type":"ein","value":"463095174"},"service_code":["81"],"billing_class":"professional","payments":[{"allowed_amount":173.02,"billing_code_modifier":[""],"providers":[{"billed_charge":681.00,"npi":[1043977986,1053587949,1053662874,1225088941,1376573147,1437174570,1477613990,1629407069,1669728697,1699853937,1821351651,1851392575]}]}]}]},{"name":"PSYCHIATRIC\/PSYCHOLOGICAL SVCS: PARTIAL HOSP - LES","billing_code_type":"RC","billing_code_type_version":"UB04","billing_code":"0912","description":"PSYCHIATRIC\/PSYCHOLOGICAL SVCS: PARTIAL HOSP - LES","allowed_amounts":[{"tin":{"type":"ein","value":"871049374"},"service_code":["99"],"billing_class":"institutional","payments":[{"allowed_amount":178.27,"billing_code_modifier":[""],"providers":[{"billed_charge":2200.00,"npi":[1922678689]}]}]}]},{"name":"PSYCHIATRIC\/PSYCHOLOGICAL TRT: INTENSIVE OUT SERV","billing_code_type":"RC","billing_code_type_version":"UB04","billing_code":"0906","description":"PSYCHIATRIC\/PSYCHOLOGICAL TRT: INTENSIVE OUT SERV","allowed_amounts":[{"tin":{"type":"ein","value":"475627606"},"service_code":["22"],"billing_class":"institutional","payments":[{"allowed_amount":229.15,"billing_code_modifier":[""],"providers":[{"billed_charge":3195.00,"npi":[1174173702,1366417677]}]}]}]},{"name":"PSYCHOTHERAPY W\/PATIENT 45 MINUTES","billing_code_type":"CPT","billing_code_type_version":"2020","billing_code":"90834","description":"PSYCHOTHERAPY W\/PATIENT 45 MINUTES","allowed_amounts":[{"tin":{"type":"ein","value":"813373903"},"service_code":["11"],"billing_class":"professional","payments":[{"allowed_amount":115.50,"billing_code_modifier":[""],"providers":[{"billed_charge":425.00,"npi":[1649423567]}]}]},{"tin":{"type":"ein","value":"999999999"},"service_code":["02","10"],"billing_class":"professional","payments":[{"allowed_amount":115.50,"billing_code_modifier":[""],"providers":[{"billed_charge":250.00,"npi":[1982248431]}]}]}]},{"name":"PSYCHOTHERAPY W\/PATIENT 60 MINUTES","billing_code_type":"CPT","billing_code_type_version":"2020","billing_code":"90837","description":"PSYCHOTHERAPY W\/PATIENT 60 MINUTES","allowed_amounts":[{"tin":{"type":"ein","value":"999999999"},"service_code":["02"],"billing_class":"professional","payments":[{"allowed_amount":165.00,"billing_code_modifier":[""],"providers":[{"billed_charge":165.00,"npi":[1053078378,1124776588]}]}]}]},{"name":"RADIOLOGIC EXAM CHEST 2 VIEWS","billing_code_type":"CPT","billing_code_type_version":"2020","billing_code":"71046","description":"RADIOLOGIC EXAM CHEST 2 VIEWS","allowed_amounts":[{"tin":{"type":"ein","value":"853256127"},"service_code":["22"],"billing_class":"professional","payments":[{"allowed_amount":18.47,"billing_code_modifier":[""],"providers":[{"billed_charge":36.00,"npi":[1013917301,1033228168,1215508114,1215565551,1437180676,1497702542,1578284923,1598752560,1821040866,1932194545,1952902116]}]}]}]},{"name":"RADIOLOGIC EXAM CHEST SINGLE VIEW","billing_code_type":"CPT","billing_code_type_version":"2020","billing_code":"71045","description":"RADIOLOGIC EXAM CHEST SINGLE VIEW","allowed_amounts":[{"tin":{"type":"ein","value":"853256127"},"service_code":["22"],"billing_class":"professional","payments":[{"allowed_amount":15.48,"billing_code_modifier":[""],"providers":[{"billed_charge":26.00,"npi":[1033228168,1093707457,1215565551,1649411422,1851828479,1881154375,1932194545,1952902116]},{"billed_charge":30.00,"npi":[1033228168,1144974270,1598091951,1649411422,1932194545,1952902116]}]},{"allowed_amount":15.48,"billing_code_modifier":[""],"providers":[{"billed_charge":26.00,"npi":[1033228168,1093707457,1215565551,1649411422,1851828479,1881154375,1932194545,1952902116]},{"billed_charge":30.00,"npi":[1033228168,1144974270,1598091951,1649411422,1932194545,1952902116]}]}]},{"tin":{"type":"ein","value":"853256127"},"service_code":["22"],"billing_class":"professional","payments":[{"allowed_amount":15.48,"billing_code_modifier":[""],"providers":[{"billed_charge":26.00,"npi":[1033228168,1093707457,1215565551,1649411422,1851828479,1881154375,1932194545,1952902116]},{"billed_charge":30.00,"npi":[1033228168,1144974270,1598091951,1649411422,1932194545,1952902116]}]},{"allowed_amount":15.48,"billing_code_modifier":[""],"providers":[{"billed_charge":26.00,"npi":[1033228168,1093707457,1215565551,1649411422,1851828479,1881154375,1932194545,1952902116]},{"billed_charge":30.00,"npi":[1033228168,1144974270,1598091951,1649411422,1932194545,1952902116]}]}]}]},{"name":"SBSQ HOSPITAL IP\/OBS CARE HIGH MDM 50 MINUTES","billing_code_type":"CPT","billing_code_type_version":"2020","billing_code":"99233","description":"SBSQ HOSPITAL IP\/OBS CARE HIGH MDM 50 MINUTES","allowed_amounts":[{"tin":{"type":"ein","value":"883492530"},"service_code":["21"],"billing_class":"professional","payments":[{"allowed_amount":130.88,"billing_code_modifier":[""],"providers":[{"billed_charge":650.00,"npi":[1013536549,1063943801,1497482350,1528233723,1538168968,1588003479,1598992208,1720043276,1780638833,1851508964,1891282596]}]}]}]}]}
