{"reporting_entity_name": "IEC Group_DBA AmeriBen",
	"reporting_entity_type": "Third Party Administrator",
	"plan_name": "BATTELLE MEMORIAL INSTITUTE",
	"plan_id_type": "ein",
	"plan_id": "314379427",
	"plan_market_type": "group",
	"last_updated_on": "2023-08-01","Version": "1.0.0","out_of_network":[{"name":"ACUPUNCTURE 1\/> NDLES W\/O ELEC STIMJ INIT 15 MIN","billing_code_type":"CPT","billing_code_type_version":"2020","billing_code":"97810","description":"ACUPUNCTURE 1\/> NDLES W\/O ELEC STIMJ INIT 15 MIN","allowed_amounts":[{"tin":{"type":"ein","value":"113713020"},"service_code":["11"],"billing_class":"professional","payments":[{"allowed_amount":95.00,"billing_code_modifier":[""],"providers":[{"billed_charge":95.00,"npi":[1689890774]}]}]}]},{"name":"ASSAY OF ALCOHOL (ETHANOL) SPEC XCP UR&BREATH IA","billing_code_type":"CPT","billing_code_type_version":"2020","billing_code":"82077","description":"ASSAY OF ALCOHOL (ETHANOL) SPEC XCP UR&BREATH IA","allowed_amounts":[{"tin":{"type":"ein","value":"454772236"},"service_code":["23"],"billing_class":"professional","payments":[{"allowed_amount":0.00,"billing_code_modifier":[""],"providers":[{"billed_charge":20.00,"npi":[1144615857,1336317015,1336340603,1427261882,1568877215,1619229168,1639149966,1649567157,1659351344,1770849309,1821436080,1871533018]}]}]}]},{"name":"ASSAY OF LIPASE","billing_code_type":"CPT","billing_code_type_version":"2020","billing_code":"83690","description":"ASSAY OF LIPASE","allowed_amounts":[{"tin":{"type":"ein","value":"454772236"},"service_code":["22","23"],"billing_class":"professional","payments":[{"allowed_amount":0.00,"billing_code_modifier":[""],"providers":[{"billed_charge":10.00,"npi":[1083092621,1568493997,1568877215,1619229168,1639149966,1649567157,1659351344,1750634473,1750724308,1760412373,1821436080,1871533018,1952970162]}]}]}]},{"name":"ASSAY OF MAGNESIUM","billing_code_type":"CPT","billing_code_type_version":"2020","billing_code":"83735","description":"ASSAY OF MAGNESIUM","allowed_amounts":[{"tin":{"type":"ein","value":"205819700"},"service_code":["81"],"billing_class":"professional","payments":[{"allowed_amount":0.00,"billing_code_modifier":[""],"providers":[{"billed_charge":9.36,"npi":[1528090032,1699849786]}]}]},{"tin":{"type":"ein","value":"454772236"},"service_code":["21","22","23"],"billing_class":"professional","payments":[{"allowed_amount":0.00,"billing_code_modifier":[""],"providers":[{"billed_charge":10.00,"npi":[1316472707,1467713867,1568877215,1609306083,1619229168,1639149966,1659351344,1679094239,1750399275,1750724308,1770849309,1801072137,1801419965,1841446366,1881004521,1912285172,1932237286,1962456368]}]}]}]},{"name":"ASSAY OF PHOSPHORUS INORGANIC","billing_code_type":"CPT","billing_code_type_version":"2020","billing_code":"84100","description":"ASSAY OF PHOSPHORUS INORGANIC","allowed_amounts":[{"tin":{"type":"ein","value":"454772236"},"service_code":["21","23"],"billing_class":"professional","payments":[{"allowed_amount":0.00,"billing_code_modifier":[""],"providers":[{"billed_charge":10.00,"npi":[1316472707,1467713867,1619229168,1639149966,1659351344,1750399275,1750724308,1801072137,1881004521,1932237286]}]}]}]},{"name":"ASSAY OF THYROID STIMULATING HORMONE TSH","billing_code_type":"CPT","billing_code_type_version":"2020","billing_code":"84443","description":"ASSAY OF THYROID STIMULATING HORMONE TSH","allowed_amounts":[{"tin":{"type":"ein","value":"454772236"},"service_code":["22","23"],"billing_class":"professional","payments":[{"allowed_amount":0.00,"billing_code_modifier":[""],"providers":[{"billed_charge":20.00,"npi":[1114378684,1144615857,1336317015,1336340603,1376832964,1427261882,1568877215,1619229168,1639149966,1649567157,1659351344,1750724308,1801419965,1821436080,1861532756]}]}]}]},{"name":"ASSAY OF TROPONIN QUANTITATIVE","billing_code_type":"CPT","billing_code_type_version":"2020","billing_code":"84484","description":"ASSAY OF TROPONIN QUANTITATIVE","allowed_amounts":[{"tin":{"type":"ein","value":"454772236"},"service_code":["23"],"billing_class":"professional","payments":[{"allowed_amount":0.00,"billing_code_modifier":[""],"providers":[{"billed_charge":20.00,"npi":[1083092621,1134414378,1336317015,1376832964,1568877215,1619229168,1639149966,1649567157,1659351344,1750634473,1750724308,1760412373,1801419965,1861532756]}]}]}]},{"name":"BASIC METABOLIC PANEL CALCIUM TOTAL","billing_code_type":"CPT","billing_code_type_version":"2020","billing_code":"80048","description":"BASIC METABOLIC PANEL CALCIUM TOTAL","allowed_amounts":[{"tin":{"type":"ein","value":"454772236"},"service_code":["21","22"],"billing_class":"professional","payments":[{"allowed_amount":0.00,"billing_code_modifier":[""],"providers":[{"billed_charge":10.00,"npi":[1144256181,1255302972,1316472707,1467713867,1487942124,1487946489,1508966581,1578950093,1609306083,1619229168,1659309797,1659351344,1679094239,1679587372,1689857310,1710954375,1750399275,1801072137,1841446366,1871029496,1881004521,1912285172,1932237286,1952797763,1962456368]}]}]}]},{"name":"BILIRUBIN DIRECT","billing_code_type":"CPT","billing_code_type_version":"2020","billing_code":"82248","description":"BILIRUBIN DIRECT","allowed_amounts":[{"tin":{"type":"ein","value":"454772236"},"service_code":["21","22"],"billing_class":"professional","payments":[{"allowed_amount":0.00,"billing_code_modifier":[""],"providers":[{"billed_charge":10.00,"npi":[1346561172,1356658959,1497312979,1619229168,1659351344,1699114553,1922027168]}]}]}]},{"name":"BILIRUBIN TOTAL","billing_code_type":"CPT","billing_code_type_version":"2020","billing_code":"82247","description":"BILIRUBIN TOTAL","allowed_amounts":[{"tin":{"type":"ein","value":"454772236"},"service_code":["21","22"],"billing_class":"professional","payments":[{"allowed_amount":0.00,"billing_code_modifier":[""],"providers":[{"billed_charge":10.00,"npi":[1346561172,1356658959,1497312979,1619229168,1659351344,1699114553,1922027168]}]}]},{"tin":{"type":"ein","value":"471814607"},"service_code":["81"],"billing_class":"professional","payments":[{"allowed_amount":0.00,"billing_code_modifier":[""],"providers":[{"billed_charge":46.20,"npi":[1003809450,1558745422]}]}]}]},{"name":"BLOOD COUNT COMPLETE AUTO&AUTO DIFRNTL WBC","billing_code_type":"CPT","billing_code_type_version":"2020","billing_code":"85025","description":"BLOOD COUNT COMPLETE AUTO&AUTO DIFRNTL WBC","allowed_amounts":[{"tin":{"type":"ein","value":"454772236"},"service_code":["21","22","23"],"billing_class":"professional","payments":[{"allowed_amount":0.00,"billing_code_modifier":[""],"providers":[{"billed_charge":10.00,"npi":[1073752085,1073821740,1083092621,1114378684,1144615857,1336317015,1336340603,1376832964,1427261882,1447223904,1467713867,1487946489,1528327988,1568877215,1578950093,1619229168,1629336169,1639149966,1649567157,1659309797,1659351344,1710954375,1730202664,1750724308,1801419965,1821436080,1831530799,1841446366,1871533018,1871540435,1881004521,1932237286,1962456368,1962603829]}]}]},{"tin":{"type":"ein","value":"471814607"},"service_code":["81"],"billing_class":"professional","payments":[{"allowed_amount":0.00,"billing_code_modifier":[""],"providers":[{"billed_charge":57.20,"npi":[1003809450,1558745422]}]}]}]},{"name":"BLOOD COUNT COMPLETE AUTOMATED","billing_code_type":"CPT","billing_code_type_version":"2020","billing_code":"85027","description":"BLOOD COUNT COMPLETE AUTOMATED","allowed_amounts":[{"tin":{"type":"ein","value":"454772236"},"service_code":["21","22"],"billing_class":"professional","payments":[{"allowed_amount":0.00,"billing_code_modifier":[""],"providers":[{"billed_charge":10.00,"npi":[1073752085,1073821740,1144256181,1225244379,1255302972,1487946489,1508966581,1619229168,1659351344,1710954375,1730202664,1871029496,1952797763]}]}]}]},{"name":"C-REACTIVE PROTEIN","billing_code_type":"CPT","billing_code_type_version":"2020","billing_code":"86140","description":"C-REACTIVE PROTEIN","allowed_amounts":[{"tin":{"type":"ein","value":"454772236"},"service_code":["21","22","23"],"billing_class":"professional","payments":[{"allowed_amount":0.00,"billing_code_modifier":[""],"providers":[{"billed_charge":10.00,"npi":[1033470042,1114378684,1144615857,1255724274,1336317015,1427261882,1609306083,1619229168,1629336169,1659351344,1760412373]}]}]}]},{"name":"COLLECTION VENOUS BLOOD VENIPUNCTURE","billing_code_type":"CPT","billing_code_type_version":"2020","billing_code":"36415","description":"COLLECTION VENOUS BLOOD VENIPUNCTURE","allowed_amounts":[{"tin":{"type":"ein","value":"454772236"},"service_code":["21","22","23"],"billing_class":"professional","payments":[{"allowed_amount":0.00,"billing_code_modifier":[""],"providers":[{"billed_charge":10.00,"npi":[1073752085,1073821740,1134414378,1144615857,1225244379,1255302972,1316472707,1336317015,1346561172,1356658959,1376556928,1376832964,1407934896,1427224575,1447223904,1467713867,1487946489,1568877215,1578950093,1609306083,1619229168,1629336169,1639149966,1659309797,1659351344,1679094239,1679587372,1699114553,1710954375,1730202664,1750399275,1750634473,1750724308,1801051917,1801072137,1831530799,1841261492,1841446366,1861532756,1871029496,1871533018,1881004521,1912285172,1932237286,1952797763,1962456368]}]}]},{"tin":{"type":"ein","value":"521232621"},"service_code":["11"],"billing_class":"professional","payments":[{"allowed_amount":0.00,"billing_code_modifier":[""],"providers":[{"billed_charge":16.00,"npi":[1487675872]}]}]},{"tin":{"type":"ein","value":"872090147"},"service_code":["12"],"billing_class":"professional","payments":[{"allowed_amount":0.00,"billing_code_modifier":[""],"providers":[{"billed_charge":15.00,"npi":[1477532406,1750523361]}]}]}]},{"name":"COMPREHENSIVE METABOLIC PANEL","billing_code_type":"CPT","billing_code_type_version":"2020","billing_code":"80053","description":"COMPREHENSIVE METABOLIC PANEL","allowed_amounts":[{"tin":{"type":"ein","value":"454772236"},"service_code":["21","22","23"],"billing_class":"professional","payments":[{"allowed_amount":0.00,"billing_code_modifier":[""],"providers":[{"billed_charge":20.00,"npi":[1033470042,1073752085,1073821740,1083092621,1114378684,1134414378,1144615857,1225244379,1255302972,1316472707,1336317015,1336340603,1376832964,1427261882,1447223904,1487946489,1568877215,1619229168,1639149966,1649567157,1659351344,1679094239,1750399275,1750634473,1750724308,1760412373,1770849309,1801072137,1801419965,1821436080,1841261492,1841446366,1861532756,1871533018,1871540435,1881004521,1912285172,1952970162,1962603829]}]}]},{"tin":{"type":"ein","value":"471814607"},"service_code":["81"],"billing_class":"professional","payments":[{"allowed_amount":0.00,"billing_code_modifier":[""],"providers":[{"billed_charge":74.25,"npi":[1003809450,1558745422]}]}]}]},{"name":"CUL BACT XCPT URINE BLOOD\/STOOL AEROBIC ISOL","billing_code_type":"CPT","billing_code_type_version":"2020","billing_code":"87070","description":"CUL BACT XCPT URINE BLOOD\/STOOL AEROBIC ISOL","allowed_amounts":[{"tin":{"type":"ein","value":"454772236"},"service_code":["21","22","23"],"billing_class":"professional","payments":[{"allowed_amount":0.00,"billing_code_modifier":[""],"providers":[{"billed_charge":10.00,"npi":[1366882326,1538368360,1619229168,1659351344,1841446366,1851602056,1881004521,1932237286]}]}]}]},{"name":"DRUG ASSAY SALICYLATE","billing_code_type":"CPT","billing_code_type_version":"2020","billing_code":"80179","description":"DRUG ASSAY SALICYLATE","allowed_amounts":[{"tin":{"type":"ein","value":"454772236"},"service_code":["23"],"billing_class":"professional","payments":[{"allowed_amount":0.00,"billing_code_modifier":[""],"providers":[{"billed_charge":20.00,"npi":[1144615857,1336317015,1336340603,1427261882,1619229168,1639149966,1649567157,1659351344,1821436080,1871533018]}]}]}]},{"name":"DRUG TEST DEF 15-21 CLASSES","billing_code_type":"HCPCS","billing_code_type_version":"HCPCS LEVEL II 2021","billing_code":"G0482","description":"DRUG TEST DEF 15-21 CLASSES","allowed_amounts":[{"tin":{"type":"ein","value":"880241758"},"service_code":["81"],"billing_class":"professional","payments":[{"allowed_amount":212.65,"billing_code_modifier":[""],"providers":[{"billed_charge":745.00,"npi":[1043292956,1699782722]}]}]}]},{"name":"DRUG TST PRSMV INSTRMNT CHEM ANALYZERS PR DATE","billing_code_type":"CPT","billing_code_type_version":"2020","billing_code":"80307","description":"DRUG TST PRSMV INSTRMNT CHEM ANALYZERS PR DATE","allowed_amounts":[{"tin":{"type":"ein","value":"454772236"},"service_code":["21","23"],"billing_class":"professional","payments":[{"allowed_amount":0.00,"billing_code_modifier":[""],"providers":[{"billed_charge":20.00,"npi":[1144615857,1336317015,1467713867,1619229168,1639149966,1649567157,1659351344,1821436080,1871533018]},{"billed_charge":180.00,"npi":[1336340603,1619229168,1659351344]}]},{"allowed_amount":0.00,"billing_code_modifier":[""],"providers":[{"billed_charge":20.00,"npi":[1144615857,1336317015,1467713867,1619229168,1639149966,1649567157,1659351344,1821436080,1871533018]},{"billed_charge":180.00,"npi":[1336340603,1619229168,1659351344]}]}]},{"tin":{"type":"ein","value":"454772236"},"service_code":["23"],"billing_class":"professional","payments":[{"allowed_amount":0.00,"billing_code_modifier":[""],"providers":[{"billed_charge":20.00,"npi":[1144615857,1336317015,1467713867,1619229168,1639149966,1649567157,1659351344,1821436080,1871533018]},{"billed_charge":180.00,"npi":[1336340603,1619229168,1659351344]}]},{"allowed_amount":0.00,"billing_code_modifier":[""],"providers":[{"billed_charge":20.00,"npi":[1144615857,1336317015,1467713867,1619229168,1639149966,1649567157,1659351344,1821436080,1871533018]},{"billed_charge":180.00,"npi":[1336340603,1619229168,1659351344]}]}]},{"tin":{"type":"ein","value":"465330784"},"service_code":["81"],"billing_class":"professional","payments":[{"allowed_amount":24.42,"billing_code_modifier":[""],"providers":[{"billed_charge":155.00,"npi":[1043211683,1932586427]}]}]},{"tin":{"type":"ein","value":"831005259"},"service_code":["81"],"billing_class":"professional","payments":[{"allowed_amount":24.42,"billing_code_modifier":[""],"providers":[{"billed_charge":186.42,"npi":[1174092548,1871968271]}]}]}]},{"name":"FIBRIN DGRADJ PRODUCTS D-DIMER QUANTITATIVE","billing_code_type":"CPT","billing_code_type_version":"2020","billing_code":"85379","description":"FIBRIN DGRADJ PRODUCTS D-DIMER QUANTITATIVE","allowed_amounts":[{"tin":{"type":"ein","value":"454772236"},"service_code":["23"],"billing_class":"professional","payments":[{"allowed_amount":0.00,"billing_code_modifier":[""],"providers":[{"billed_charge":20.00,"npi":[1336317015,1376832964,1568877215,1619229168,1639149966,1659351344,1750634473,1801419965,1861532756]}]}]}]},{"name":"GLUC BLD GLUC MNTR DEV CLEARED FDA SPEC HOME USE","billing_code_type":"CPT","billing_code_type_version":"2020","billing_code":"82962","description":"GLUC BLD GLUC MNTR DEV CLEARED FDA SPEC HOME USE","allowed_amounts":[{"tin":{"type":"ein","value":"454772236"},"service_code":["21","22","23"],"billing_class":"professional","payments":[{"allowed_amount":0.00,"billing_code_modifier":[""],"providers":[{"billed_charge":10.00,"npi":[1043491293,1073821740,1336340603,1356658959,1366797037,1427224575,1427261882,1467713867,1487946489,1619229168,1659351344,1679094239,1750399275,1801072137,1861620627,1881004521,1932237286]}]}]}]},{"name":"GONADOTROPIN CHORIONIC QUALITATIVE","billing_code_type":"CPT","billing_code_type_version":"2020","billing_code":"84703","description":"GONADOTROPIN CHORIONIC QUALITATIVE","allowed_amounts":[{"tin":{"type":"ein","value":"454772236"},"service_code":["21","22","23"],"billing_class":"professional","payments":[{"allowed_amount":0.00,"billing_code_modifier":[""],"providers":[{"billed_charge":10.00,"npi":[1114378684,1134485154,1144615857,1255302972,1336317015,1336340603,1376556928,1487946489,1619229168,1659351344,1710954375,1760412373,1821436080,1841261492,1871533018]}]}]}]},{"name":"IADNA NOS AMPLIFIED PROBE TQ EACH ORGANISM","billing_code_type":"CPT","billing_code_type_version":"2020","billing_code":"87798","description":"IADNA NOS AMPLIFIED PROBE TQ EACH ORGANISM","allowed_amounts":[{"tin":{"type":"ein","value":"561565047"},"service_code":["81"],"billing_class":"professional","payments":[{"allowed_amount":14.73,"billing_code_modifier":[""],"providers":[{"billed_charge":60.22,"npi":[1073591822,1922177682]}]}]}]},{"name":"INFEC AGEN DETEC AMPLI PROBE","billing_code_type":"HCPCS","billing_code_type_version":"HCPCS LEVEL II 2021","billing_code":"U0005","description":"INFEC AGEN DETEC AMPLI PROBE","allowed_amounts":[{"tin":{"type":"ein","value":"030511037"},"service_code":["81"],"billing_class":"professional","payments":[{"allowed_amount":0.00,"billing_code_modifier":[""],"providers":[{"billed_charge":125.00,"npi":[1790234839,1821110453]}]}]},{"tin":{"type":"ein","value":"263844242"},"service_code":["81"],"billing_class":"professional","payments":[{"allowed_amount":25.00,"billing_code_modifier":[""],"providers":[{"billed_charge":37.50,"npi":[1346472859,1992876023]}]}]},{"tin":{"type":"ein","value":"454772236"},"service_code":["21","22","23"],"billing_class":"professional","payments":[{"allowed_amount":0.00,"billing_code_modifier":[""],"providers":[{"billed_charge":20.00,"npi":[1073752085,1073821740,1487946489,1619229168,1649567157,1659351344,1710954375,1730202664,1871533018,1881004521,1952797763,1962456368]}]}]},{"tin":{"type":"ein","value":"472462178"},"service_code":["81"],"billing_class":"professional","payments":[{"allowed_amount":0.00,"billing_code_modifier":[""],"providers":[{"billed_charge":50.00,"npi":[1144731605,1639311509]}]}]},{"tin":{"type":"ein","value":"473727159"},"service_code":["81"],"billing_class":"professional","payments":[{"allowed_amount":25.00,"billing_code_modifier":[""],"providers":[{"billed_charge":25.00,"npi":[1023645835,1447382270,1912521568]}]}]},{"tin":{"type":"ein","value":"831342609"},"service_code":["81"],"billing_class":"professional","payments":[{"allowed_amount":25.00,"billing_code_modifier":[""],"providers":[{"billed_charge":100.00,"npi":[1053541581,1356913446]}]}]},{"tin":{"type":"ein","value":"842377669"},"service_code":["81"],"billing_class":"professional","payments":[{"allowed_amount":25.00,"billing_code_modifier":[""],"providers":[{"billed_charge":25.00,"npi":[1649829987,1780811893]}]}]},{"tin":{"type":"ein","value":"852459399"},"service_code":["81"],"billing_class":"professional","payments":[{"allowed_amount":25.00,"billing_code_modifier":[""],"providers":[{"billed_charge":25.00,"npi":[1891398251]}]}]},{"tin":{"type":"ein","value":"862741576"},"service_code":["81"],"billing_class":"professional","payments":[{"allowed_amount":25.00,"billing_code_modifier":[""],"providers":[{"billed_charge":118.00,"npi":[1225224389,1790361756]}]}]}]},{"name":"LABORATORY - CLINICAL DIAGNOSTIC","billing_code_type":"RC","billing_code_type_version":"UB04","billing_code":"0300","description":"LABORATORY - CLINICAL DIAGNOSTIC","allowed_amounts":[{"tin":{"type":"ein","value":"371851415"},"service_code":["22"],"billing_class":"institutional","payments":[{"allowed_amount":151.20,"billing_code_modifier":[""],"providers":[{"billed_charge":1129.00,"npi":[1235417494,1669998100]}]}]}]},{"name":"OFFICE\/OUTPATIENT ESTABLISHED LOW MDM 20-29 MIN","billing_code_type":"CPT","billing_code_type_version":"2020","billing_code":"99213","description":"OFFICE\/OUTPATIENT ESTABLISHED LOW MDM 20-29 MIN","allowed_amounts":[{"tin":{"type":"ein","value":"202966127"},"service_code":["11"],"billing_class":"professional","payments":[{"allowed_amount":114.73,"billing_code_modifier":[""],"providers":[{"billed_charge":230.00,"npi":[1598867673]}]}]},{"tin":{"type":"ein","value":"205515456"},"service_code":["11"],"billing_class":"professional","payments":[{"allowed_amount":114.73,"billing_code_modifier":[""],"providers":[{"billed_charge":169.00,"npi":[1952358954]},{"billed_charge":195.00,"npi":[1952358954]}]},{"allowed_amount":114.73,"billing_code_modifier":[""],"providers":[{"billed_charge":169.00,"npi":[1952358954]},{"billed_charge":195.00,"npi":[1952358954]}]}]},{"tin":{"type":"ein","value":"205515456"},"service_code":["11"],"billing_class":"professional","payments":[{"allowed_amount":114.73,"billing_code_modifier":[""],"providers":[{"billed_charge":169.00,"npi":[1952358954]},{"billed_charge":195.00,"npi":[1952358954]}]},{"allowed_amount":114.73,"billing_code_modifier":[""],"providers":[{"billed_charge":169.00,"npi":[1952358954]},{"billed_charge":195.00,"npi":[1952358954]}]}]},{"tin":{"type":"ein","value":"260798186"},"service_code":["11"],"billing_class":"professional","payments":[{"allowed_amount":114.73,"billing_code_modifier":[""],"providers":[{"billed_charge":165.00,"npi":[1306919725]}]}]},{"tin":{"type":"ein","value":"862753855"},"service_code":["11"],"billing_class":"professional","payments":[{"allowed_amount":114.73,"billing_code_modifier":[""],"providers":[{"billed_charge":267.36,"npi":[1184787491]}]}]},{"tin":{"type":"ein","value":"872090147"},"service_code":["11"],"billing_class":"professional","payments":[{"allowed_amount":114.73,"billing_code_modifier":[""],"providers":[{"billed_charge":190.00,"npi":[1477532406,1962825877]}]}]},{"tin":{"type":"ein","value":"911145132"},"service_code":["11"],"billing_class":"professional","payments":[{"allowed_amount":114.73,"billing_code_modifier":[""],"providers":[{"billed_charge":195.00,"npi":[1003895533,1114129418,1447243381,1477582195,1558473744,1588689392,1962631796]}]}]}]},{"name":"PROTHROMBIN TIME","billing_code_type":"CPT","billing_code_type_version":"2020","billing_code":"85610","description":"PROTHROMBIN TIME","allowed_amounts":[{"tin":{"type":"ein","value":"454772236"},"service_code":["22","23"],"billing_class":"professional","payments":[{"allowed_amount":0.00,"billing_code_modifier":[""],"providers":[{"billed_charge":10.00,"npi":[1487942124,1528327988,1619229168,1639149966,1659351344,1750399275,1962603829]}]}]}]},{"name":"PSYCHIATRIC\/PSYCHOLOGICAL SVCS: PARTIAL HOSP - INT","billing_code_type":"RC","billing_code_type_version":"UB04","billing_code":"0913","description":"PSYCHIATRIC\/PSYCHOLOGICAL SVCS: PARTIAL HOSP - INT","allowed_amounts":[{"tin":{"type":"ein","value":"844081188"},"service_code":["22"],"billing_class":"institutional","payments":[{"allowed_amount":880.00,"billing_code_modifier":[""],"providers":[{"billed_charge":2200.00,"npi":[1043211683,1679183503]}]}]}]},{"name":"PSYCHIATRIC\/PSYCHOLOGICAL SVCS: PARTIAL HOSP - LES","billing_code_type":"RC","billing_code_type_version":"UB04","billing_code":"0912","description":"PSYCHIATRIC\/PSYCHOLOGICAL SVCS: PARTIAL HOSP - LES","allowed_amounts":[{"tin":{"type":"ein","value":"371851415"},"service_code":["22"],"billing_class":"institutional","payments":[{"allowed_amount":1400.00,"billing_code_modifier":[""],"providers":[{"billed_charge":3250.00,"npi":[1235417494,1669998100]}]}]},{"tin":{"type":"ein","value":"861655892"},"service_code":["22"],"billing_class":"institutional","payments":[{"allowed_amount":559.69,"billing_code_modifier":[""],"providers":[{"billed_charge":3495.00,"npi":[1033796982]}]}]}]},{"name":"PSYCHIATRIC\/PSYCHOLOGICAL TRT: INTENSIVE OUT SERV","billing_code_type":"RC","billing_code_type_version":"UB04","billing_code":"0906","description":"PSYCHIATRIC\/PSYCHOLOGICAL TRT: INTENSIVE OUT SERV","allowed_amounts":[{"tin":{"type":"ein","value":"371851415"},"service_code":["22"],"billing_class":"institutional","payments":[{"allowed_amount":480.00,"billing_code_modifier":[""],"providers":[{"billed_charge":2700.00,"npi":[1235417494,1669998100]}]}]}]},{"name":"PSYCHOTHERAPY W\/PATIENT 45 MINUTES","billing_code_type":"CPT","billing_code_type_version":"2020","billing_code":"90834","description":"PSYCHOTHERAPY W\/PATIENT 45 MINUTES","allowed_amounts":[{"tin":{"type":"ein","value":"452889505"},"service_code":["02"],"billing_class":"professional","payments":[{"allowed_amount":235.00,"billing_code_modifier":[""],"providers":[{"billed_charge":235.00,"npi":[1821621871]}]}]},{"tin":{"type":"ein","value":"461299471"},"service_code":["02","11"],"billing_class":"professional","payments":[{"allowed_amount":66.00,"billing_code_modifier":[""],"providers":[{"billed_charge":210.00,"npi":[1619443314]}]}]},{"tin":{"type":"ein","value":"473831429"},"service_code":["11"],"billing_class":"professional","payments":[{"allowed_amount":350.00,"billing_code_modifier":[""],"providers":[{"billed_charge":350.00,"npi":[1669463956]}]}]},{"tin":{"type":"ein","value":"841856258"},"service_code":["02","11"],"billing_class":"professional","payments":[{"allowed_amount":235.00,"billing_code_modifier":[""],"providers":[{"billed_charge":235.00,"npi":[1578874558]}]}]},{"tin":{"type":"ein","value":"842900620"},"service_code":["02"],"billing_class":"professional","payments":[{"allowed_amount":66.00,"billing_code_modifier":[""],"providers":[{"billed_charge":150.00,"npi":[1235337718]},{"billed_charge":140.00,"npi":[1235337718]}]},{"allowed_amount":66.00,"billing_code_modifier":[""],"providers":[{"billed_charge":150.00,"npi":[1235337718]},{"billed_charge":140.00,"npi":[1235337718]}]}]},{"tin":{"type":"ein","value":"842900620"},"service_code":["11"],"billing_class":"professional","payments":[{"allowed_amount":66.00,"billing_code_modifier":[""],"providers":[{"billed_charge":150.00,"npi":[1235337718]},{"billed_charge":140.00,"npi":[1235337718]}]},{"allowed_amount":66.00,"billing_code_modifier":[""],"providers":[{"billed_charge":150.00,"npi":[1235337718]},{"billed_charge":140.00,"npi":[1235337718]}]}]},{"tin":{"type":"ein","value":"870896693"},"service_code":["11"],"billing_class":"professional","payments":[{"allowed_amount":66.00,"billing_code_modifier":[""],"providers":[{"billed_charge":135.00,"npi":[1184372807]}]}]},{"tin":{"type":"ein","value":"999999999"},"service_code":["02"],"billing_class":"professional","payments":[{"allowed_amount":235.00,"billing_code_modifier":[""],"providers":[{"billed_charge":235.00,"npi":[1578874558]}]}]}]},{"name":"PSYCHOTHERAPY W\/PATIENT 60 MINUTES","billing_code_type":"CPT","billing_code_type_version":"2020","billing_code":"90837","description":"PSYCHOTHERAPY W\/PATIENT 60 MINUTES","allowed_amounts":[{"tin":{"type":"ein","value":"118502287"},"service_code":["11"],"billing_class":"professional","payments":[{"allowed_amount":77.00,"billing_code_modifier":[""],"providers":[{"billed_charge":150.00,"npi":[1073701413]}]}]},{"tin":{"type":"ein","value":"204518617"},"service_code":["11"],"billing_class":"professional","payments":[{"allowed_amount":140.96,"billing_code_modifier":[""],"providers":[{"billed_charge":155.00,"npi":[1477654309]}]}]},{"tin":{"type":"ein","value":"272048432"},"service_code":["11"],"billing_class":"professional","payments":[{"allowed_amount":140.96,"billing_code_modifier":[""],"providers":[{"billed_charge":180.00,"npi":[1265530372,1922106038]}]}]},{"tin":{"type":"ein","value":"822248333"},"service_code":["11"],"billing_class":"professional","payments":[{"allowed_amount":140.96,"billing_code_modifier":[""],"providers":[{"billed_charge":150.00,"npi":[1306360052]}]}]},{"tin":{"type":"ein","value":"840802479"},"service_code":["55"],"billing_class":"professional","payments":[{"allowed_amount":77.00,"billing_code_modifier":[""],"providers":[{"billed_charge":400.00,"npi":[1467876169,1760470843,1821552480]}]}]},{"tin":{"type":"ein","value":"920831785"},"service_code":["02"],"billing_class":"professional","payments":[{"allowed_amount":77.00,"billing_code_modifier":[""],"providers":[{"billed_charge":129.81,"npi":[1730748294]}]}]},{"tin":{"type":"ein","value":"921602844"},"service_code":["11"],"billing_class":"professional","payments":[{"allowed_amount":140.96,"billing_code_modifier":[""],"providers":[{"billed_charge":180.00,"npi":[1629380423]}]}]}]},{"name":"RESIDENTIAL TREATMENT-CHEMICAL DEPENDENCY","billing_code_type":"RC","billing_code_type_version":"UB04","billing_code":"1002","description":"RESIDENTIAL TREATMENT-CHEMICAL DEPENDENCY","allowed_amounts":[{"tin":{"type":"ein","value":"840802479"},"service_code":["21"],"billing_class":"institutional","payments":[{"allowed_amount":1680.00,"billing_code_modifier":[""],"providers":[{"billed_charge":2800.00,"npi":[1760470843,1821552480]}]}]},{"tin":{"type":"ein","value":"871363791"},"service_code":["21"],"billing_class":"institutional","payments":[{"allowed_amount":2200.00,"billing_code_modifier":[""],"providers":[{"billed_charge":4750.00,"npi":[1003809450,1336890854]}]}]},{"tin":{"type":"ein","value":"871389231"},"service_code":["21"],"billing_class":"institutional","payments":[{"allowed_amount":2375.00,"billing_code_modifier":[""],"providers":[{"billed_charge":4750.00,"npi":[1003809450,1477204683]},{"billed_charge":5160.00,"npi":[1003809450,1477204683]}]},{"allowed_amount":2375.00,"billing_code_modifier":[""],"providers":[{"billed_charge":4750.00,"npi":[1003809450,1477204683]},{"billed_charge":5160.00,"npi":[1003809450,1477204683]}]}]},{"tin":{"type":"ein","value":"871389231"},"service_code":["21"],"billing_class":"institutional","payments":[{"allowed_amount":2375.00,"billing_code_modifier":[""],"providers":[{"billed_charge":4750.00,"npi":[1003809450,1477204683]},{"billed_charge":5160.00,"npi":[1003809450,1477204683]}]},{"allowed_amount":2375.00,"billing_code_modifier":[""],"providers":[{"billed_charge":4750.00,"npi":[1003809450,1477204683]},{"billed_charge":5160.00,"npi":[1003809450,1477204683]}]}]}]},{"name":"SARS-COV-2 COVID-19 AMP PRB HTT","billing_code_type":"HCPCS","billing_code_type_version":"HCPCS LEVEL II 2021","billing_code":"U0003","description":"SARS-COV-2 COVID-19 AMP PRB HTT","allowed_amounts":[{"tin":{"type":"ein","value":"454772236"},"service_code":["21","22","23"],"billing_class":"professional","payments":[{"allowed_amount":0.00,"billing_code_modifier":[""],"providers":[{"billed_charge":20.00,"npi":[1073752085,1073821740,1114186459,1487946489,1619229168,1649567157,1659351344,1710954375,1730202664,1821436080,1871533018,1881004521,1952797763,1962456368]}]}]}]},{"name":"SMR PRIM SRC GRAM\/GIEMSA STAIN BCT FUNGI\/CELL","billing_code_type":"CPT","billing_code_type_version":"2020","billing_code":"87205","description":"SMR PRIM SRC GRAM\/GIEMSA STAIN BCT FUNGI\/CELL","allowed_amounts":[{"tin":{"type":"ein","value":"454772236"},"service_code":["21","22","23"],"billing_class":"professional","payments":[{"allowed_amount":0.00,"billing_code_modifier":[""],"providers":[{"billed_charge":10.00,"npi":[1366882326,1427261882,1538368360,1619229168,1659351344,1841446366,1851602056,1881004521,1932237286]}]}]}]},{"name":"SPECIMEN COLLECT COVID-19","billing_code_type":"HCPCS","billing_code_type_version":"HCPCS LEVEL II 2021","billing_code":"G2023","description":"SPECIMEN COLLECT COVID-19","allowed_amounts":[{"tin":{"type":"ein","value":"361924025"},"service_code":["21","81"],"billing_class":"professional","payments":[{"allowed_amount":23.46,"billing_code_modifier":[""],"providers":[{"billed_charge":28.99,"npi":[1023023389,1053316364,1083853261,1124033485,1154613768,1194730481,1235386541,1336154673,1609881663,1639220668,1639279417,1962523555]}]}]},{"tin":{"type":"ein","value":"831342609"},"service_code":["81"],"billing_class":"professional","payments":[{"allowed_amount":23.46,"billing_code_modifier":[""],"providers":[{"billed_charge":50.00,"npi":[1053541581,1356913446]}]}]},{"tin":{"type":"ein","value":"852364612"},"service_code":["81"],"billing_class":"professional","payments":[{"allowed_amount":23.46,"billing_code_modifier":[""],"providers":[{"billed_charge":70.00,"npi":[1740685387,1790386746]}]}]}]},{"name":"THROMBOPLASTIN TIME PARTIAL PLASMA\/WHOLE BLOOD","billing_code_type":"CPT","billing_code_type_version":"2020","billing_code":"85730","description":"THROMBOPLASTIN TIME PARTIAL PLASMA\/WHOLE BLOOD","allowed_amounts":[{"tin":{"type":"ein","value":"454772236"},"service_code":["22","23"],"billing_class":"professional","payments":[{"allowed_amount":0.00,"billing_code_modifier":[""],"providers":[{"billed_charge":10.00,"npi":[1619229168,1639149966,1659351344,1750399275,1861532756]}]}]}]},{"name":"URNLS DIP STICK\/TABLET REAGENT AUTO MICROSCOPY","billing_code_type":"CPT","billing_code_type_version":"2020","billing_code":"81001","description":"URNLS DIP STICK\/TABLET REAGENT AUTO MICROSCOPY","allowed_amounts":[{"tin":{"type":"ein","value":"454772236"},"service_code":["22","23"],"billing_class":"professional","payments":[{"allowed_amount":0.00,"billing_code_modifier":[""],"providers":[{"billed_charge":10.00,"npi":[1083092621,1134414378,1144615857,1336317015,1376556928,1376832964,1619229168,1639149966,1649567157,1659351344,1760412373,1770849309,1871533018,1952970162,1962603829]}]}]}]}]}
