{"reporting_entity_name": "IEC Group_DBA AmeriBen",
	"reporting_entity_type": "Third Party Administrator",
	"plan_name": "WASSERMAN",
	"plan_id_type": "ein",
	"plan_id": "721559402",
	"plan_market_type": "group",
	"last_updated_on": "2025-02-01","Version": "1.0.0","out_of_network":[{"name":"ACUPUNCTURE 1\/> NDLS W\/O ESTIM 1ST 15 MIN","billing_code_type":"CPT","billing_code_type_version":"2020","billing_code":"97810","description":"ACUPUNCTURE 1\/> NDLS W\/O ESTIM 1ST 15 MIN","allowed_amounts":[{"tin":{"type":"ein","value":"571143898"},"service_code":["11"],"billing_class":"professional","payments":[{"allowed_amount":56.49,"billing_code_modifier":[""],"providers":[{"billed_charge":75.00,"npi":[1063767275,1194987446,1316275423,1528130564]}]}]},{"tin":{"type":"ein","value":"822578242"},"service_code":["11"],"billing_class":"professional","payments":[{"allowed_amount":56.49,"billing_code_modifier":[""],"providers":[{"billed_charge":300.00,"npi":[1245880343,1679508303]}]}]},{"tin":{"type":"ein","value":"843399612"},"service_code":["11"],"billing_class":"professional","payments":[{"allowed_amount":56.49,"billing_code_modifier":[""],"providers":[{"billed_charge":250.00,"npi":[1215411301]}]}]}]},{"name":"ACUPUNCTURE 1\/> NDLS W\/O ESTIM EACH ADDL 15 MIN","billing_code_type":"CPT","billing_code_type_version":"2020","billing_code":"97811","description":"ACUPUNCTURE 1\/> NDLS W\/O ESTIM EACH ADDL 15 MIN","allowed_amounts":[{"tin":{"type":"ein","value":"571143898"},"service_code":["11"],"billing_class":"professional","payments":[{"allowed_amount":41.75,"billing_code_modifier":[""],"providers":[{"billed_charge":75.00,"npi":[1063767275,1194987446,1316275423,1528130564]}]}]},{"tin":{"type":"ein","value":"843399612"},"service_code":["11"],"billing_class":"professional","payments":[{"allowed_amount":41.75,"billing_code_modifier":[""],"providers":[{"billed_charge":250.00,"npi":[1215411301]}]}]}]},{"name":"CHIROPRACTIC MANIPLTV TX EXTRASPINAL 1\/> REGION","billing_code_type":"CPT","billing_code_type_version":"2020","billing_code":"98943","description":"CHIROPRACTIC MANIPLTV TX EXTRASPINAL 1\/> REGION","allowed_amounts":[{"tin":{"type":"ein","value":"142907766"},"service_code":["11"],"billing_class":"professional","payments":[{"allowed_amount":37.82,"billing_code_modifier":[""],"providers":[{"billed_charge":80.00,"npi":[1407243900]}]}]},{"tin":{"type":"ein","value":"264347711"},"service_code":["11"],"billing_class":"professional","payments":[{"allowed_amount":37.82,"billing_code_modifier":[""],"providers":[{"billed_charge":150.00,"npi":[1225262785,1821226135]}]}]},{"tin":{"type":"ein","value":"822578242"},"service_code":["11"],"billing_class":"professional","payments":[{"allowed_amount":37.82,"billing_code_modifier":[""],"providers":[{"billed_charge":301.00,"npi":[1629379979,1679508303]}]}]},{"tin":{"type":"ein","value":"824654775"},"service_code":["11"],"billing_class":"professional","payments":[{"allowed_amount":37.82,"billing_code_modifier":[""],"providers":[{"billed_charge":150.00,"npi":[1265103733,1841954807]}]}]},{"tin":{"type":"ein","value":"901021784"},"service_code":["11"],"billing_class":"professional","payments":[{"allowed_amount":37.82,"billing_code_modifier":[""],"providers":[{"billed_charge":200.00,"npi":[1518375526,1558393165]}]}]}]},{"name":"MANUAL THERAPY TQS 1\/> REGIONS EACH 15 MINUTES","billing_code_type":"CPT","billing_code_type_version":"2020","billing_code":"97140","description":"MANUAL THERAPY TQS 1\/> REGIONS EACH 15 MINUTES","allowed_amounts":[{"tin":{"type":"ein","value":"465475066"},"service_code":["11"],"billing_class":"professional","payments":[{"allowed_amount":55.00,"billing_code_modifier":[""],"providers":[{"billed_charge":75.00,"npi":[1699403667,1972916609,1982900015]}]}]},{"tin":{"type":"ein","value":"881354202"},"service_code":["11"],"billing_class":"professional","payments":[{"allowed_amount":55.00,"billing_code_modifier":[""],"providers":[{"billed_charge":75.00,"npi":[1285332387,1518616960,1740218155]}]}]}]},{"name":"OFFICE\/OUTPATIENT ESTABLISHED LOW MDM 20 MIN","billing_code_type":"CPT","billing_code_type_version":"2020","billing_code":"99213","description":"OFFICE\/OUTPATIENT ESTABLISHED LOW MDM 20 MIN","allowed_amounts":[{"tin":{"type":"ein","value":"112830151"},"service_code":["11"],"billing_class":"professional","payments":[{"allowed_amount":134.09,"billing_code_modifier":[""],"providers":[{"billed_charge":600.00,"npi":[1568796928,1952614042]}]}]},{"tin":{"type":"ein","value":"133039913"},"service_code":["11"],"billing_class":"professional","payments":[{"allowed_amount":134.09,"billing_code_modifier":[""],"providers":[{"billed_charge":625.00,"npi":[1407993462]}]}]},{"tin":{"type":"ein","value":"200498404"},"service_code":["11"],"billing_class":"professional","payments":[{"allowed_amount":134.09,"billing_code_modifier":[""],"providers":[{"billed_charge":350.00,"npi":[1205852845,1689845315]}]}]},{"tin":{"type":"ein","value":"204954713"},"service_code":["02"],"billing_class":"professional","payments":[{"allowed_amount":134.09,"billing_code_modifier":[""],"providers":[{"billed_charge":225.00,"npi":[1710189501]}]}]},{"tin":{"type":"ein","value":"264347711"},"service_code":["11"],"billing_class":"professional","payments":[{"allowed_amount":134.09,"billing_code_modifier":[""],"providers":[{"billed_charge":250.00,"npi":[1225262785,1821226135]}]}]},{"tin":{"type":"ein","value":"331032321"},"service_code":["11"],"billing_class":"professional","payments":[{"allowed_amount":134.09,"billing_code_modifier":[""],"providers":[{"billed_charge":274.35,"npi":[1386835023,1427533959,1720028384]}]}]},{"tin":{"type":"ein","value":"814362459"},"service_code":["02"],"billing_class":"professional","payments":[{"allowed_amount":134.09,"billing_code_modifier":[""],"providers":[{"billed_charge":300.00,"npi":[1871033860]}]}]},{"tin":{"type":"ein","value":"921444882"},"service_code":["11"],"billing_class":"professional","payments":[{"allowed_amount":134.09,"billing_code_modifier":[""],"providers":[{"billed_charge":600.00,"npi":[1679910392]}]}]}]},{"name":"PSYCHIATRIC\/PSYCHOLOGICAL TRT: INTENSIVE OUT SERV","billing_code_type":"RC","billing_code_type_version":"UB04","billing_code":"0906","description":"PSYCHIATRIC\/PSYCHOLOGICAL TRT: INTENSIVE OUT SERV","allowed_amounts":[{"tin":{"type":"ein","value":"824541168"},"service_code":["99"],"billing_class":"institutional","payments":[{"allowed_amount":0.00,"billing_code_modifier":[""],"providers":[{"billed_charge":3500.00,"npi":[1447755301,1932472883]},{"billed_charge":4250.00,"npi":[1447755301,1932472883]}]},{"allowed_amount":0.00,"billing_code_modifier":[""],"providers":[{"billed_charge":3500.00,"npi":[1447755301,1932472883]},{"billed_charge":4250.00,"npi":[1447755301,1932472883]}]}]},{"tin":{"type":"ein","value":"824541168"},"service_code":["99"],"billing_class":"institutional","payments":[{"allowed_amount":0.00,"billing_code_modifier":[""],"providers":[{"billed_charge":3500.00,"npi":[1447755301,1932472883]},{"billed_charge":4250.00,"npi":[1447755301,1932472883]}]},{"allowed_amount":0.00,"billing_code_modifier":[""],"providers":[{"billed_charge":3500.00,"npi":[1447755301,1932472883]},{"billed_charge":4250.00,"npi":[1447755301,1932472883]}]}]},{"tin":{"type":"ein","value":"824541168"},"service_code":["99"],"billing_class":"institutional","payments":[{"allowed_amount":267.49,"billing_code_modifier":[""],"providers":[{"billed_charge":3500.00,"npi":[1447755301,1932472883]},{"billed_charge":4250.00,"npi":[1447755301,1932472883]}]},{"allowed_amount":267.49,"billing_code_modifier":[""],"providers":[{"billed_charge":3500.00,"npi":[1447755301,1932472883]},{"billed_charge":4250.00,"npi":[1447755301,1932472883]}]}]},{"tin":{"type":"ein","value":"824541168"},"service_code":["99"],"billing_class":"institutional","payments":[{"allowed_amount":267.49,"billing_code_modifier":[""],"providers":[{"billed_charge":3500.00,"npi":[1447755301,1932472883]},{"billed_charge":4250.00,"npi":[1447755301,1932472883]}]},{"allowed_amount":267.49,"billing_code_modifier":[""],"providers":[{"billed_charge":3500.00,"npi":[1447755301,1932472883]},{"billed_charge":4250.00,"npi":[1447755301,1932472883]}]}]}]},{"name":"PSYCHOTHERAPY W\/PATIENT 45 MINUTES","billing_code_type":"CPT","billing_code_type_version":"2020","billing_code":"90834","description":"PSYCHOTHERAPY W\/PATIENT 45 MINUTES","allowed_amounts":[{"tin":{"type":"ein","value":"103525633"},"service_code":["11"],"billing_class":"professional","payments":[{"allowed_amount":152.27,"billing_code_modifier":[""],"providers":[{"billed_charge":200.00,"npi":[1467520510]}]}]},{"tin":{"type":"ein","value":"107505336"},"service_code":["11","99"],"billing_class":"professional","payments":[{"allowed_amount":152.27,"billing_code_modifier":[""],"providers":[{"billed_charge":325.00,"npi":[1457566697]}]}]},{"tin":{"type":"ein","value":"117548087"},"service_code":["10"],"billing_class":"professional","payments":[{"allowed_amount":152.27,"billing_code_modifier":[""],"providers":[{"billed_charge":200.00,"npi":[1881829471]},{"billed_charge":400.00,"npi":[1881829471]}]},{"allowed_amount":152.27,"billing_code_modifier":[""],"providers":[{"billed_charge":200.00,"npi":[1881829471]},{"billed_charge":400.00,"npi":[1881829471]}]}]},{"tin":{"type":"ein","value":"117548087"},"service_code":["10"],"billing_class":"professional","payments":[{"allowed_amount":152.27,"billing_code_modifier":[""],"providers":[{"billed_charge":200.00,"npi":[1881829471]},{"billed_charge":400.00,"npi":[1881829471]}]},{"allowed_amount":152.27,"billing_code_modifier":[""],"providers":[{"billed_charge":200.00,"npi":[1881829471]},{"billed_charge":400.00,"npi":[1881829471]}]}]},{"tin":{"type":"ein","value":"173468616"},"service_code":["11"],"billing_class":"professional","payments":[{"allowed_amount":0.00,"billing_code_modifier":[""],"providers":[{"billed_charge":675.00,"npi":[1225235138]}]}]},{"tin":{"type":"ein","value":"200102762"},"service_code":["11"],"billing_class":"professional","payments":[{"allowed_amount":0.00,"billing_code_modifier":[""],"providers":[{"billed_charge":315.00,"npi":[1437495942]}]}]},{"tin":{"type":"ein","value":"201104895"},"service_code":["11"],"billing_class":"professional","payments":[{"allowed_amount":152.27,"billing_code_modifier":[""],"providers":[{"billed_charge":250.00,"npi":[1528211513]}]}]},{"tin":{"type":"ein","value":"262738690"},"service_code":["11"],"billing_class":"professional","payments":[{"allowed_amount":0.00,"billing_code_modifier":[""],"providers":[{"billed_charge":450.00,"npi":[1093033565]}]}]},{"tin":{"type":"ein","value":"262738690"},"service_code":["11"],"billing_class":"professional","payments":[{"allowed_amount":251.24,"billing_code_modifier":[""],"providers":[{"billed_charge":450.00,"npi":[1093033565]}]}]},{"tin":{"type":"ein","value":"460846634"},"service_code":["11"],"billing_class":"professional","payments":[{"allowed_amount":0.00,"billing_code_modifier":[""],"providers":[{"billed_charge":225.00,"npi":[1346551611]}]}]},{"tin":{"type":"ein","value":"460846634"},"service_code":["11"],"billing_class":"professional","payments":[{"allowed_amount":152.27,"billing_code_modifier":[""],"providers":[{"billed_charge":225.00,"npi":[1346551611]}]}]},{"tin":{"type":"ein","value":"465251962"},"service_code":["11"],"billing_class":"professional","payments":[{"allowed_amount":0.00,"billing_code_modifier":[""],"providers":[{"billed_charge":50.00,"npi":[1811210446]}]}]},{"tin":{"type":"ein","value":"474383444"},"service_code":["02"],"billing_class":"professional","payments":[{"allowed_amount":251.24,"billing_code_modifier":[""],"providers":[{"billed_charge":275.00,"npi":[1063540748]}]}]},{"tin":{"type":"ein","value":"557726048"},"service_code":["10"],"billing_class":"professional","payments":[{"allowed_amount":152.27,"billing_code_modifier":[""],"providers":[{"billed_charge":225.00,"npi":[1992135677]}]}]},{"tin":{"type":"ein","value":"821204643"},"service_code":["11"],"billing_class":"professional","payments":[{"allowed_amount":152.27,"billing_code_modifier":[""],"providers":[{"billed_charge":275.00,"npi":[1083148001]}]}]},{"tin":{"type":"ein","value":"831097684"},"service_code":["10"],"billing_class":"professional","payments":[{"allowed_amount":250.00,"billing_code_modifier":[""],"providers":[{"billed_charge":250.00,"npi":[1134714124]}]}]},{"tin":{"type":"ein","value":"831129484"},"service_code":["11"],"billing_class":"professional","payments":[{"allowed_amount":251.24,"billing_code_modifier":[""],"providers":[{"billed_charge":275.00,"npi":[1346624244]}]}]},{"tin":{"type":"ein","value":"832953911"},"service_code":["02"],"billing_class":"professional","payments":[{"allowed_amount":152.27,"billing_code_modifier":[""],"providers":[{"billed_charge":200.00,"npi":[1306386842]}]}]},{"tin":{"type":"ein","value":"834302956"},"service_code":["10"],"billing_class":"professional","payments":[{"allowed_amount":152.27,"billing_code_modifier":[""],"providers":[{"billed_charge":275.00,"npi":[1487215364,1679631626]}]}]},{"tin":{"type":"ein","value":"853293376"},"service_code":["11"],"billing_class":"professional","payments":[{"allowed_amount":152.27,"billing_code_modifier":[""],"providers":[{"billed_charge":200.00,"npi":[1639420797]}]}]},{"tin":{"type":"ein","value":"854292302"},"service_code":["10"],"billing_class":"professional","payments":[{"allowed_amount":152.27,"billing_code_modifier":[""],"providers":[{"billed_charge":400.00,"npi":[1861769267]}]}]},{"tin":{"type":"ein","value":"861514634"},"service_code":["02","11"],"billing_class":"professional","payments":[{"allowed_amount":250.00,"billing_code_modifier":[""],"providers":[{"billed_charge":250.00,"npi":[1598136392]}]}]},{"tin":{"type":"ein","value":"871564573"},"service_code":["11"],"billing_class":"professional","payments":[{"allowed_amount":152.27,"billing_code_modifier":[""],"providers":[{"billed_charge":180.00,"npi":[1518631274]}]}]},{"tin":{"type":"ein","value":"921539594"},"service_code":["02","11"],"billing_class":"professional","payments":[{"allowed_amount":152.27,"billing_code_modifier":[""],"providers":[{"billed_charge":250.00,"npi":[1083320733,1184233793,1386409878]}]}]},{"tin":{"type":"ein","value":"922466724"},"service_code":["02"],"billing_class":"professional","payments":[{"allowed_amount":152.27,"billing_code_modifier":[""],"providers":[{"billed_charge":375.00,"npi":[1588080345]}]}]},{"tin":{"type":"ein","value":"954298005"},"service_code":["11"],"billing_class":"professional","payments":[{"allowed_amount":251.24,"billing_code_modifier":[""],"providers":[{"billed_charge":280.00,"npi":[1770518672]}]}]},{"tin":{"type":"ein","value":"999999999"},"service_code":["11"],"billing_class":"professional","payments":[{"allowed_amount":152.27,"billing_code_modifier":[""],"providers":[{"billed_charge":200.00,"npi":[1235904533]}]}]}]},{"name":"SELF-CARE\/HOME MGMT TRAINING EACH 15 MINUTES","billing_code_type":"CPT","billing_code_type_version":"2020","billing_code":"97535","description":"SELF-CARE\/HOME MGMT TRAINING EACH 15 MINUTES","allowed_amounts":[{"tin":{"type":"ein","value":"465475066"},"service_code":["11"],"billing_class":"professional","payments":[{"allowed_amount":75.00,"billing_code_modifier":[""],"providers":[{"billed_charge":75.00,"npi":[1699403667,1972916609,1982900015]}]}]},{"tin":{"type":"ein","value":"881354202"},"service_code":["11"],"billing_class":"professional","payments":[{"allowed_amount":75.00,"billing_code_modifier":[""],"providers":[{"billed_charge":75.00,"npi":[1285332387,1518616960,1740218155]}]}]},{"tin":{"type":"ein","value":"932533287"},"service_code":["11"],"billing_class":"professional","payments":[{"allowed_amount":18.47,"billing_code_modifier":[""],"providers":[{"billed_charge":90.00,"npi":[1629758594]}]}]}]},{"name":"THER PX 1\/> AREAS EACH 15 MIN NEUROMUSC REEDUCA","billing_code_type":"CPT","billing_code_type_version":"2020","billing_code":"97112","description":"THER PX 1\/> AREAS EACH 15 MIN NEUROMUSC REEDUCA","allowed_amounts":[{"tin":{"type":"ein","value":"465475066"},"service_code":["11"],"billing_class":"professional","payments":[{"allowed_amount":51.79,"billing_code_modifier":[""],"providers":[{"billed_charge":75.00,"npi":[1699403667,1972916609,1982900015]}]}]},{"tin":{"type":"ein","value":"932533287"},"service_code":["11"],"billing_class":"professional","payments":[{"allowed_amount":19.04,"billing_code_modifier":[""],"providers":[{"billed_charge":80.00,"npi":[1629758594]}]}]}]},{"name":"THERAPEUT ACTVITY DIRECT PT CONTACT EACH 15 MIN","billing_code_type":"CPT","billing_code_type_version":"2020","billing_code":"97530","description":"THERAPEUT ACTVITY DIRECT PT CONTACT EACH 15 MIN","allowed_amounts":[{"tin":{"type":"ein","value":"932533287"},"service_code":["11"],"billing_class":"professional","payments":[{"allowed_amount":48.34,"billing_code_modifier":[""],"providers":[{"billed_charge":300.00,"npi":[1629758594]}]}]}]},{"name":"THERAPEUTIC PX 1\/> AREAS EACH 15 MIN EXERCISES","billing_code_type":"CPT","billing_code_type_version":"2020","billing_code":"97110","description":"THERAPEUTIC PX 1\/> AREAS EACH 15 MIN EXERCISES","allowed_amounts":[{"tin":{"type":"ein","value":"461312948"},"service_code":["11"],"billing_class":"professional","payments":[{"allowed_amount":43.22,"billing_code_modifier":[""],"providers":[{"billed_charge":150.00,"npi":[1215281985,1316683162]}]}]},{"tin":{"type":"ein","value":"465475066"},"service_code":["11"],"billing_class":"professional","payments":[{"allowed_amount":60.00,"billing_code_modifier":[""],"providers":[{"billed_charge":75.00,"npi":[1699403667,1972916609,1982900015]}]}]},{"tin":{"type":"ein","value":"824159533"},"service_code":["11"],"billing_class":"professional","payments":[{"allowed_amount":43.22,"billing_code_modifier":[""],"providers":[{"billed_charge":200.00,"npi":[1801459060,1952540536]}]}]},{"tin":{"type":"ein","value":"881957018"},"service_code":["11"],"billing_class":"professional","payments":[{"allowed_amount":43.22,"billing_code_modifier":[""],"providers":[{"billed_charge":180.00,"npi":[1699542639,1851660120]}]}]},{"tin":{"type":"ein","value":"882657205"},"service_code":["11"],"billing_class":"professional","payments":[{"allowed_amount":43.22,"billing_code_modifier":[""],"providers":[{"billed_charge":200.00,"npi":[1275268484,1316211329]}]}]},{"tin":{"type":"ein","value":"932533287"},"service_code":["11"],"billing_class":"professional","payments":[{"allowed_amount":16.61,"billing_code_modifier":[""],"providers":[{"billed_charge":87.50,"npi":[1629758594]}]}]}]},{"name":"TX SPEECH LANG VOICE COMMJ&\/AUD PROC DO INDIV","billing_code_type":"CPT","billing_code_type_version":"2020","billing_code":"92507","description":"TX SPEECH LANG VOICE COMMJ&\/AUD PROC DO INDIV","allowed_amounts":[{"tin":{"type":"ein","value":"076408936"},"service_code":["11"],"billing_class":"professional","payments":[{"allowed_amount":100.00,"billing_code_modifier":[""],"providers":[{"billed_charge":100.00,"npi":[1396149050]}]}]},{"tin":{"type":"ein","value":"800835936"},"service_code":["11"],"billing_class":"professional","payments":[{"allowed_amount":145.00,"billing_code_modifier":[""],"providers":[{"billed_charge":170.00,"npi":[1598100422]}]}]}]}]}
