{"reporting_entity_name": "IEC Group_DBA AmeriBen",
	"reporting_entity_type": "Third Party Administrator",
	"plan_name": "MARY KAY INC.",
	"plan_id_type": "ein",
	"plan_id": "751151701",
	"plan_market_type": "group",
	"last_updated_on": "2022-08-31","Version": "1.0.0","out_of_network":[{"name":"COVID-19 LAB TEST NON-CDC HTT","billing_code_type":"HCPCS","billing_code_type_version":"HCPCS LEVEL II 2021","billing_code":"U0004","description":"COVID-19 LAB TEST NON-CDC HTT","allowed_amounts":[{"tin":{"type":"ein","value":"201963178"},"service_code":["81"],"billing_class":"professional","payments":[{"allowed_amount":75.00,"billing_code_modifier":[""],"providers":[{"billed_charge":110.00,"npi":[1316245558,1851347942]}]}]},{"tin":{"type":"ein","value":"853720606"},"service_code":["81"],"billing_class":"professional","payments":[{"allowed_amount":75.00,"billing_code_modifier":[""],"providers":[{"billed_charge":150.00,"npi":[1366045932,1689004996,1841339025,1912417858]}]}]},{"tin":{"type":"ein","value":"863825846"},"service_code":["81"],"billing_class":"professional","payments":[{"allowed_amount":75.00,"billing_code_modifier":[""],"providers":[{"billed_charge":500.00,"npi":[1447671292,1801460464]}]}]},{"tin":{"type":"ein","value":"871908536"},"service_code":["81"],"billing_class":"professional","payments":[{"allowed_amount":75.00,"billing_code_modifier":[""],"providers":[{"billed_charge":200.00,"npi":[1104216605,1447552039]}]}]}]},{"name":"EMERGENCY DEPARTMENT VISIT MODERATE SEVERITY","billing_code_type":"CPT","billing_code_type_version":"2020","billing_code":"99283","description":"EMERGENCY DEPARTMENT VISIT MODERATE SEVERITY","allowed_amounts":[{"tin":{"type":"ein","value":"834114783"},"service_code":["23"],"billing_class":"professional","payments":[{"allowed_amount":123.57,"billing_code_modifier":[""],"providers":[{"billed_charge":1395.26,"npi":[1023065562,1114489390,1154301588,1205811254,1588643621,1598706384,1679916068]}]}]},{"tin":{"type":"ein","value":"853330746"},"service_code":["23"],"billing_class":"professional","payments":[{"allowed_amount":123.57,"billing_code_modifier":[""],"providers":[{"billed_charge":1624.25,"npi":[1013516384,1578908679,1851496228]}]}]},{"tin":{"type":"ein","value":"861801306"},"service_code":["23"],"billing_class":"professional","payments":[{"allowed_amount":123.57,"billing_code_modifier":[""],"providers":[{"billed_charge":1395.26,"npi":[1255536850,1518535830]}]}]}]},{"name":"FETAL NONSTRESS TEST","billing_code_type":"CPT","billing_code_type_version":"2020","billing_code":"59025","description":"FETAL NONSTRESS TEST","allowed_amounts":[{"tin":{"type":"ein","value":"853008350"},"service_code":["21"],"billing_class":"professional","payments":[{"allowed_amount":26.26,"billing_code_modifier":[""],"providers":[{"billed_charge":120.00,"npi":[1093395709,1508908468]}]}]},{"tin":{"type":"ein","value":"853008350"},"service_code":["21","23"],"billing_class":"professional","payments":[{"allowed_amount":27.17,"billing_code_modifier":[""],"providers":[{"billed_charge":120.00,"npi":[1093395709,1508908468]}]}]}]},{"name":"INFEC AGEN DETEC AMPLI PROBE","billing_code_type":"HCPCS","billing_code_type_version":"HCPCS LEVEL II 2021","billing_code":"U0005","description":"INFEC AGEN DETEC AMPLI PROBE","allowed_amounts":[{"tin":{"type":"ein","value":"201963178"},"service_code":["81"],"billing_class":"professional","payments":[{"allowed_amount":25.00,"billing_code_modifier":[""],"providers":[{"billed_charge":87.50,"npi":[1316245558,1851347942]}]}]},{"tin":{"type":"ein","value":"450669342"},"service_code":["81"],"billing_class":"professional","payments":[{"allowed_amount":25.00,"billing_code_modifier":[""],"providers":[{"billed_charge":25.00,"npi":[1093099558,1609000249]}]}]},{"tin":{"type":"ein","value":"464067873"},"service_code":["81"],"billing_class":"professional","payments":[{"allowed_amount":25.00,"billing_code_modifier":[""],"providers":[{"billed_charge":50.00,"npi":[1275960866]}]}]},{"tin":{"type":"ein","value":"472462178"},"service_code":["81"],"billing_class":"professional","payments":[{"allowed_amount":25.00,"billing_code_modifier":[""],"providers":[{"billed_charge":50.00,"npi":[1639311509,1962018374]}]}]},{"tin":{"type":"ein","value":"473727159"},"service_code":["81"],"billing_class":"professional","payments":[{"allowed_amount":25.00,"billing_code_modifier":[""],"providers":[{"billed_charge":25.00,"npi":[1164971453,1215337605,1528692290,1548871031,1740479153,1780249821,1851831861,1912521568]}]}]},{"tin":{"type":"ein","value":"820797685"},"service_code":["20"],"billing_class":"professional","payments":[{"allowed_amount":25.00,"billing_code_modifier":[""],"providers":[{"billed_charge":25.00,"npi":[1588810428,1730682766]}]}]},{"tin":{"type":"ein","value":"853720606"},"service_code":["81"],"billing_class":"professional","payments":[{"allowed_amount":25.00,"billing_code_modifier":[""],"providers":[{"billed_charge":30.00,"npi":[1366045932,1689004996,1841339025,1912417858]}]}]},{"tin":{"type":"ein","value":"862537746"},"service_code":["81"],"billing_class":"professional","payments":[{"allowed_amount":25.00,"billing_code_modifier":[""],"providers":[{"billed_charge":37.50,"npi":[1043257645,1073278552]}]}]}]},{"name":"RESIDENTIAL TREATMENT-CHEMICAL DEPENDENCY","billing_code_type":"RC","billing_code_type_version":"UB04","billing_code":"1002","description":"RESIDENTIAL TREATMENT-CHEMICAL DEPENDENCY","allowed_amounts":[{"tin":{"type":"ein","value":"842651042"},"service_code":["21"],"billing_class":"institutional","payments":[{"allowed_amount":900.00,"billing_code_modifier":[""],"providers":[{"billed_charge":6200.00,"npi":[1053952952]}]}]},{"tin":{"type":"ein","value":"852181717"},"service_code":["21"],"billing_class":"institutional","payments":[{"allowed_amount":900.00,"billing_code_modifier":[""],"providers":[{"billed_charge":4900.00,"npi":[1326637265]}]}]}]},{"name":"SARS-COV-2 COVID-19 AMP PRB HTT","billing_code_type":"HCPCS","billing_code_type_version":"HCPCS LEVEL II 2021","billing_code":"U0003","description":"SARS-COV-2 COVID-19 AMP PRB HTT","allowed_amounts":[{"tin":{"type":"ein","value":"450669342"},"service_code":["81"],"billing_class":"professional","payments":[{"allowed_amount":75.00,"billing_code_modifier":[""],"providers":[{"billed_charge":100.00,"npi":[1093099558,1609000249]}]}]},{"tin":{"type":"ein","value":"464067873"},"service_code":["81"],"billing_class":"professional","payments":[{"allowed_amount":75.00,"billing_code_modifier":[""],"providers":[{"billed_charge":250.00,"npi":[1275960866]}]}]},{"tin":{"type":"ein","value":"472462178"},"service_code":["81"],"billing_class":"professional","payments":[{"allowed_amount":125.00,"billing_code_modifier":[""],"providers":[{"billed_charge":250.00,"npi":[1639311509,1962018374]}]}]},{"tin":{"type":"ein","value":"473727159"},"service_code":["81"],"billing_class":"professional","payments":[{"allowed_amount":125.00,"billing_code_modifier":[""],"providers":[{"billed_charge":125.00,"npi":[1164971453,1215337605,1528692290,1548871031,1740479153,1780249821,1851831861,1912521568]}]}]},{"tin":{"type":"ein","value":"823971792"},"service_code":["81"],"billing_class":"professional","payments":[{"allowed_amount":75.00,"billing_code_modifier":[""],"providers":[{"billed_charge":150.00,"npi":[1114435492,1407849052]}]}]},{"tin":{"type":"ein","value":"862537746"},"service_code":["81"],"billing_class":"professional","payments":[{"allowed_amount":75.00,"billing_code_modifier":[""],"providers":[{"billed_charge":112.50,"npi":[1043257645,1073278552]}]}]},{"tin":{"type":"ein","value":"863825846"},"service_code":["81"],"billing_class":"professional","payments":[{"allowed_amount":75.00,"billing_code_modifier":[""],"providers":[{"billed_charge":500.00,"npi":[1447671292,1801460464]}]}]},{"tin":{"type":"ein","value":"870957296"},"service_code":["81"],"billing_class":"professional","payments":[{"allowed_amount":75.00,"billing_code_modifier":[""],"providers":[{"billed_charge":150.00,"npi":[1750047049,1750355103]}]}]},{"tin":{"type":"ein","value":"871908536"},"service_code":["81"],"billing_class":"professional","payments":[{"allowed_amount":75.00,"billing_code_modifier":[""],"providers":[{"billed_charge":200.00,"npi":[1104216605,1447552039]}]}]}]},{"name":"SBSQ HOSPITAL CARE\/DAY 25 MINUTES","billing_code_type":"CPT","billing_code_type_version":"2020","billing_code":"99232","description":"SBSQ HOSPITAL CARE\/DAY 25 MINUTES","allowed_amounts":[{"tin":{"type":"ein","value":"261475093"},"service_code":["21"],"billing_class":"professional","payments":[{"allowed_amount":66.00,"billing_code_modifier":[""],"providers":[{"billed_charge":372.00,"npi":[1386817823,1922016013]}]}]},{"tin":{"type":"ein","value":"853008350"},"service_code":["21"],"billing_class":"professional","payments":[{"allowed_amount":66.00,"billing_code_modifier":[""],"providers":[{"billed_charge":280.00,"npi":[1093395709,1508908468]},{"billed_charge":450.00,"npi":[1093395709,1508908468]}]},{"allowed_amount":66.00,"billing_code_modifier":[""],"providers":[{"billed_charge":280.00,"npi":[1093395709,1508908468]},{"billed_charge":450.00,"npi":[1093395709,1508908468]}]}]},{"tin":{"type":"ein","value":"853008350"},"service_code":["21"],"billing_class":"professional","payments":[{"allowed_amount":66.00,"billing_code_modifier":[""],"providers":[{"billed_charge":280.00,"npi":[1093395709,1508908468]},{"billed_charge":450.00,"npi":[1093395709,1508908468]}]},{"allowed_amount":66.00,"billing_code_modifier":[""],"providers":[{"billed_charge":280.00,"npi":[1093395709,1508908468]},{"billed_charge":450.00,"npi":[1093395709,1508908468]}]}]}]},{"name":"SPECIMEN COLLECT COVID-19","billing_code_type":"HCPCS","billing_code_type_version":"HCPCS LEVEL II 2021","billing_code":"G2023","description":"SPECIMEN COLLECT COVID-19","allowed_amounts":[{"tin":{"type":"ein","value":"450669342"},"service_code":["81"],"billing_class":"professional","payments":[{"allowed_amount":23.46,"billing_code_modifier":[""],"providers":[{"billed_charge":25.00,"npi":[1093099558,1609000249]}]}]},{"tin":{"type":"ein","value":"464067873"},"service_code":["81"],"billing_class":"professional","payments":[{"allowed_amount":23.46,"billing_code_modifier":[""],"providers":[{"billed_charge":50.00,"npi":[1275960866]}]}]},{"tin":{"type":"ein","value":"465451033"},"service_code":["11"],"billing_class":"professional","payments":[{"allowed_amount":23.46,"billing_code_modifier":[""],"providers":[{"billed_charge":75.00,"npi":[1336593888]}]}]},{"tin":{"type":"ein","value":"810766596"},"service_code":["81"],"billing_class":"professional","payments":[{"allowed_amount":23.46,"billing_code_modifier":[""],"providers":[{"billed_charge":140.76,"npi":[1740623032,1902267164]}]}]},{"tin":{"type":"ein","value":"821445590"},"service_code":["81"],"billing_class":"professional","payments":[{"allowed_amount":23.46,"billing_code_modifier":[""],"providers":[{"billed_charge":50.00,"npi":[1518502889,1962921445]}]}]},{"tin":{"type":"ein","value":"853720606"},"service_code":["81"],"billing_class":"professional","payments":[{"allowed_amount":23.46,"billing_code_modifier":[""],"providers":[{"billed_charge":30.00,"npi":[1366045932,1689004996,1841339025,1912417858]}]}]}]}]}
