{"reporting_entity_name": "IEC Group_DBA AmeriBen",
	"reporting_entity_type": "Third Party Administrator",
	"plan_name": "ROBINSON HELICOPTER COMPANY",
	"plan_id_type": "ein",
	"plan_id": "952834107",
	"plan_market_type": "group",
	"last_updated_on": "2025-03-03","Version": "1.0.0","out_of_network":[{"name":"EMERGENCY DEPARTMENT VISIT HIGH MDM","billing_code_type":"CPT","billing_code_type_version":"2020","billing_code":"99285","description":"EMERGENCY DEPARTMENT VISIT HIGH MDM","allowed_amounts":[{"tin":{"type":"ein","value":"454130305"},"service_code":["23"],"billing_class":"professional","payments":[{"allowed_amount":235.18,"billing_code_modifier":[""],"providers":[{"billed_charge":1547.44,"npi":[1336328244,1528333101,1851596381]}]}]},{"tin":{"type":"ein","value":"850806620"},"service_code":["23"],"billing_class":"professional","payments":[{"allowed_amount":235.18,"billing_code_modifier":[""],"providers":[{"billed_charge":915.00,"npi":[1316989791,1518588433,1588026546,1932736527]}]}]},{"tin":{"type":"ein","value":"954534163"},"service_code":["23"],"billing_class":"professional","payments":[{"allowed_amount":235.18,"billing_code_modifier":[""],"providers":[{"billed_charge":746.00,"npi":[1013334168,1043773930,1184048712,1194212357,1285925271,1316502016,1467459776,1588612477,1598127284,1740721679,1952863474]}]}]}]},{"name":"EMERGENCY DEPARTMENT VISIT MODERATE MDM","billing_code_type":"CPT","billing_code_type_version":"2020","billing_code":"99284","description":"EMERGENCY DEPARTMENT VISIT MODERATE MDM","allowed_amounts":[{"tin":{"type":"ein","value":"271561941"},"service_code":["23"],"billing_class":"professional","payments":[{"allowed_amount":167.71,"billing_code_modifier":[""],"providers":[{"billed_charge":950.47,"npi":[1114081056,1538246939,1770886558]}]}]},{"tin":{"type":"ein","value":"472319983"},"service_code":["23"],"billing_class":"professional","payments":[{"allowed_amount":167.71,"billing_code_modifier":[""],"providers":[{"billed_charge":1118.21,"npi":[1114367497,1568574937,1841679289]}]}]},{"tin":{"type":"ein","value":"954534163"},"service_code":["23"],"billing_class":"professional","payments":[{"allowed_amount":167.71,"billing_code_modifier":[""],"providers":[{"billed_charge":515.00,"npi":[1013334168,1043444615,1043773930,1184048712,1184974842,1225148042,1467459776,1598127284,1669542841]}]}]}]}]}
