{"reporting_entity_name": "IEC Group_DBA AmeriBen",
	"reporting_entity_type": "Third Party Administrator",
	"plan_name": "CU BOULDER",
	"plan_id_type": "ein",
	"plan_id": "",
	"plan_market_type": "group",
	"last_updated_on": "2023-02-01","Version": "1.0.0","out_of_network":[{"name":"CHIROPRACTIC MANIPULATIVE TX SPINAL 3-4 REGIONS","billing_code_type":"CPT","billing_code_type_version":"2020","billing_code":"98941","description":"CHIROPRACTIC MANIPULATIVE TX SPINAL 3-4 REGIONS","allowed_amounts":[{"tin":{"type":"ein","value":"813160460"},"service_code":["11"],"billing_class":"professional","payments":[{"allowed_amount":41.00,"billing_code_modifier":[""],"providers":[{"billed_charge":95.00,"npi":[1063543213]}]}]},{"tin":{"type":"ein","value":"822693480"},"service_code":["11"],"billing_class":"professional","payments":[{"allowed_amount":41.00,"billing_code_modifier":[""],"providers":[{"billed_charge":60.00,"npi":[1396255568,1548626088]}]}]}]},{"name":"MANUAL THERAPY TQS 1\/> REGIONS EACH 15 MINUTES","billing_code_type":"CPT","billing_code_type_version":"2020","billing_code":"97140","description":"MANUAL THERAPY TQS 1\/> REGIONS EACH 15 MINUTES","allowed_amounts":[{"tin":{"type":"ein","value":"364794715"},"service_code":["11"],"billing_class":"professional","payments":[{"allowed_amount":0.00,"billing_code_modifier":[""],"providers":[{"billed_charge":51.00,"npi":[1073118675,1336542125,1336664234]},{"billed_charge":102.00,"npi":[1073118675,1336542125]}]},{"allowed_amount":0.00,"billing_code_modifier":[""],"providers":[{"billed_charge":51.00,"npi":[1073118675,1336542125,1336664234]},{"billed_charge":102.00,"npi":[1073118675,1336542125]}]}]},{"tin":{"type":"ein","value":"364794715"},"service_code":["11"],"billing_class":"professional","payments":[{"allowed_amount":0.00,"billing_code_modifier":[""],"providers":[{"billed_charge":51.00,"npi":[1073118675,1336542125,1336664234]},{"billed_charge":102.00,"npi":[1073118675,1336542125]}]},{"allowed_amount":0.00,"billing_code_modifier":[""],"providers":[{"billed_charge":51.00,"npi":[1073118675,1336542125,1336664234]},{"billed_charge":102.00,"npi":[1073118675,1336542125]}]}]},{"tin":{"type":"ein","value":"473815184"},"service_code":["11"],"billing_class":"professional","payments":[{"allowed_amount":0.00,"billing_code_modifier":[""],"providers":[{"billed_charge":35.00,"npi":[1598142663]}]}]},{"tin":{"type":"ein","value":"822693480"},"service_code":["11"],"billing_class":"professional","payments":[{"allowed_amount":0.00,"billing_code_modifier":[""],"providers":[{"billed_charge":30.00,"npi":[1396255568,1548626088]}]}]},{"tin":{"type":"ein","value":"840832336"},"service_code":["11"],"billing_class":"professional","payments":[{"allowed_amount":0.00,"billing_code_modifier":[""],"providers":[{"billed_charge":75.60,"npi":[1366491755,1376657551,1760599724]}]}]}]},{"name":"PSYCHIATRIC\/PSYCHOLOGICAL TRT: INTENSIVE OUT SERV","billing_code_type":"RC","billing_code_type_version":"UB04","billing_code":"0906","description":"PSYCHIATRIC\/PSYCHOLOGICAL TRT: INTENSIVE OUT SERV","allowed_amounts":[{"tin":{"type":"ein","value":"814666052"},"service_code":["22"],"billing_class":"institutional","payments":[{"allowed_amount":265.00,"billing_code_modifier":[""],"providers":[{"billed_charge":2175.00,"npi":[1669911053,1902943277]}]}]}]},{"name":"PSYCHIATRIC\/PSYCHOLOGICAL TRT: INTENSIVE OUTPATIEN","billing_code_type":"RC","billing_code_type_version":"UB04","billing_code":"0905","description":"PSYCHIATRIC\/PSYCHOLOGICAL TRT: INTENSIVE OUTPATIEN","allowed_amounts":[{"tin":{"type":"ein","value":"822495318"},"service_code":["22"],"billing_class":"institutional","payments":[{"allowed_amount":132.60,"billing_code_modifier":[""],"providers":[{"billed_charge":1200.00,"npi":[1710406699,1891912622]}]}]}]},{"name":"PSYCHOTHERAPY W\/PATIENT 45 MINUTES","billing_code_type":"CPT","billing_code_type_version":"2020","billing_code":"90834","description":"PSYCHOTHERAPY W\/PATIENT 45 MINUTES","allowed_amounts":[{"tin":{"type":"ein","value":"132918924"},"service_code":["02"],"billing_class":"professional","payments":[{"allowed_amount":112.96,"billing_code_modifier":[""],"providers":[{"billed_charge":600.00,"npi":[1962628412]},{"billed_charge":800.00,"npi":[1962628412]},{"billed_charge":1000.00,"npi":[1962628412]}]},{"allowed_amount":112.96,"billing_code_modifier":[""],"providers":[{"billed_charge":600.00,"npi":[1962628412]},{"billed_charge":800.00,"npi":[1962628412]},{"billed_charge":1000.00,"npi":[1962628412]}]},{"allowed_amount":112.96,"billing_code_modifier":[""],"providers":[{"billed_charge":600.00,"npi":[1962628412]},{"billed_charge":800.00,"npi":[1962628412]},{"billed_charge":1000.00,"npi":[1962628412]}]}]},{"tin":{"type":"ein","value":"132918924"},"service_code":["02","11"],"billing_class":"professional","payments":[{"allowed_amount":112.96,"billing_code_modifier":[""],"providers":[{"billed_charge":600.00,"npi":[1962628412]},{"billed_charge":800.00,"npi":[1962628412]},{"billed_charge":1000.00,"npi":[1962628412]}]},{"allowed_amount":112.96,"billing_code_modifier":[""],"providers":[{"billed_charge":600.00,"npi":[1962628412]},{"billed_charge":800.00,"npi":[1962628412]},{"billed_charge":1000.00,"npi":[1962628412]}]},{"allowed_amount":112.96,"billing_code_modifier":[""],"providers":[{"billed_charge":600.00,"npi":[1962628412]},{"billed_charge":800.00,"npi":[1962628412]},{"billed_charge":1000.00,"npi":[1962628412]}]}]},{"tin":{"type":"ein","value":"132918924"},"service_code":["11"],"billing_class":"professional","payments":[{"allowed_amount":112.96,"billing_code_modifier":[""],"providers":[{"billed_charge":600.00,"npi":[1962628412]},{"billed_charge":800.00,"npi":[1962628412]},{"billed_charge":1000.00,"npi":[1962628412]}]},{"allowed_amount":112.96,"billing_code_modifier":[""],"providers":[{"billed_charge":600.00,"npi":[1962628412]},{"billed_charge":800.00,"npi":[1962628412]},{"billed_charge":1000.00,"npi":[1962628412]}]},{"allowed_amount":112.96,"billing_code_modifier":[""],"providers":[{"billed_charge":600.00,"npi":[1962628412]},{"billed_charge":800.00,"npi":[1962628412]},{"billed_charge":1000.00,"npi":[1962628412]}]}]},{"tin":{"type":"ein","value":"208077951"},"service_code":["02"],"billing_class":"professional","payments":[{"allowed_amount":112.96,"billing_code_modifier":[""],"providers":[{"billed_charge":135.00,"npi":[1730501172,1841583648]}]}]},{"tin":{"type":"ein","value":"261965472"},"service_code":["11"],"billing_class":"professional","payments":[{"allowed_amount":112.96,"billing_code_modifier":[""],"providers":[{"billed_charge":140.00,"npi":[1780809996]},{"billed_charge":165.00,"npi":[1780809996]}]},{"allowed_amount":112.96,"billing_code_modifier":[""],"providers":[{"billed_charge":140.00,"npi":[1780809996]},{"billed_charge":165.00,"npi":[1780809996]}]}]},{"tin":{"type":"ein","value":"261965472"},"service_code":["11"],"billing_class":"professional","payments":[{"allowed_amount":112.96,"billing_code_modifier":[""],"providers":[{"billed_charge":140.00,"npi":[1780809996]},{"billed_charge":165.00,"npi":[1780809996]}]},{"allowed_amount":112.96,"billing_code_modifier":[""],"providers":[{"billed_charge":140.00,"npi":[1780809996]},{"billed_charge":165.00,"npi":[1780809996]}]}]},{"tin":{"type":"ein","value":"273687808"},"service_code":["11"],"billing_class":"professional","payments":[{"allowed_amount":112.96,"billing_code_modifier":[""],"providers":[{"billed_charge":200.00,"npi":[1053615146]}]}]},{"tin":{"type":"ein","value":"341487949"},"service_code":["11"],"billing_class":"professional","payments":[{"allowed_amount":112.96,"billing_code_modifier":[""],"providers":[{"billed_charge":130.00,"npi":[1568855369]}]}]},{"tin":{"type":"ein","value":"474273731"},"service_code":["11"],"billing_class":"professional","payments":[{"allowed_amount":112.96,"billing_code_modifier":[""],"providers":[{"billed_charge":195.00,"npi":[1639234545]}]}]},{"tin":{"type":"ein","value":"813695367"},"service_code":["11"],"billing_class":"professional","payments":[{"allowed_amount":112.96,"billing_code_modifier":[""],"providers":[{"billed_charge":150.00,"npi":[1295252682]}]}]},{"tin":{"type":"ein","value":"834112261"},"service_code":["11"],"billing_class":"professional","payments":[{"allowed_amount":112.96,"billing_code_modifier":[""],"providers":[{"billed_charge":135.00,"npi":[1023406865]}]}]},{"tin":{"type":"ein","value":"841326693"},"service_code":["11"],"billing_class":"professional","payments":[{"allowed_amount":112.96,"billing_code_modifier":[""],"providers":[{"billed_charge":135.00,"npi":[1083795686,1699098194]}]}]},{"tin":{"type":"ein","value":"842925557"},"service_code":["02"],"billing_class":"professional","payments":[{"allowed_amount":112.96,"billing_code_modifier":[""],"providers":[{"billed_charge":160.00,"npi":[1184267338,1558751669]}]}]},{"tin":{"type":"ein","value":"850726928"},"service_code":["10","11"],"billing_class":"professional","payments":[{"allowed_amount":112.96,"billing_code_modifier":[""],"providers":[{"billed_charge":160.00,"npi":[1578095360,1891316519]}]}]},{"tin":{"type":"ein","value":"861747274"},"service_code":["02"],"billing_class":"professional","payments":[{"allowed_amount":112.96,"billing_code_modifier":[""],"providers":[{"billed_charge":158.00,"npi":[1164014874,1386082717,1639624554]}]}]},{"tin":{"type":"ein","value":"874108778"},"service_code":["02"],"billing_class":"professional","payments":[{"allowed_amount":112.96,"billing_code_modifier":[""],"providers":[{"billed_charge":150.00,"npi":[1215522669]}]}]}]},{"name":"PSYCHOTHERAPY W\/PATIENT 60 MINUTES","billing_code_type":"CPT","billing_code_type_version":"2020","billing_code":"90837","description":"PSYCHOTHERAPY W\/PATIENT 60 MINUTES","allowed_amounts":[{"tin":{"type":"ein","value":"272882653"},"service_code":["11"],"billing_class":"professional","payments":[{"allowed_amount":169.22,"billing_code_modifier":[""],"providers":[{"billed_charge":180.00,"npi":[1932481504]}]}]},{"tin":{"type":"ein","value":"475025949"},"service_code":["02"],"billing_class":"professional","payments":[{"allowed_amount":169.22,"billing_code_modifier":[""],"providers":[{"billed_charge":206.00,"npi":[1760854442,1790181972,1891377941]}]}]},{"tin":{"type":"ein","value":"475655340"},"service_code":["02"],"billing_class":"professional","payments":[{"allowed_amount":169.22,"billing_code_modifier":[""],"providers":[{"billed_charge":175.00,"npi":[1225583354,1811233323]}]}]},{"tin":{"type":"ein","value":"824941697"},"service_code":["02","11"],"billing_class":"professional","payments":[{"allowed_amount":169.22,"billing_code_modifier":[""],"providers":[{"billed_charge":200.00,"npi":[1154714699]}]}]},{"tin":{"type":"ein","value":"861747274"},"service_code":["02"],"billing_class":"professional","payments":[{"allowed_amount":169.22,"billing_code_modifier":[""],"providers":[{"billed_charge":186.00,"npi":[1053630889,1073252409,1164014874,1386082717,1437772837,1457008443,1639624554]},{"billed_charge":192.00,"npi":[1003571548,1164014874]}]},{"allowed_amount":169.22,"billing_code_modifier":[""],"providers":[{"billed_charge":186.00,"npi":[1053630889,1073252409,1164014874,1386082717,1437772837,1457008443,1639624554]},{"billed_charge":192.00,"npi":[1003571548,1164014874]}]}]},{"tin":{"type":"ein","value":"861747274"},"service_code":["02"],"billing_class":"professional","payments":[{"allowed_amount":169.22,"billing_code_modifier":[""],"providers":[{"billed_charge":186.00,"npi":[1053630889,1073252409,1164014874,1386082717,1437772837,1457008443,1639624554]},{"billed_charge":192.00,"npi":[1003571548,1164014874]}]},{"allowed_amount":169.22,"billing_code_modifier":[""],"providers":[{"billed_charge":186.00,"npi":[1053630889,1073252409,1164014874,1386082717,1437772837,1457008443,1639624554]},{"billed_charge":192.00,"npi":[1003571548,1164014874]}]}]}]},{"name":"THERAPEUTIC PX 1\/> AREAS EACH 15 MIN EXERCISES","billing_code_type":"CPT","billing_code_type_version":"2020","billing_code":"97110","description":"THERAPEUTIC PX 1\/> AREAS EACH 15 MIN EXERCISES","allowed_amounts":[{"tin":{"type":"ein","value":"364794715"},"service_code":["11"],"billing_class":"professional","payments":[{"allowed_amount":0.00,"billing_code_modifier":[""],"providers":[{"billed_charge":51.00,"npi":[1073118675,1336542125]}]}]},{"tin":{"type":"ein","value":"822693480"},"service_code":["11"],"billing_class":"professional","payments":[{"allowed_amount":0.00,"billing_code_modifier":[""],"providers":[{"billed_charge":45.00,"npi":[1396255568,1548626088]}]}]}]}]}
