{"reporting_entity_name": "IEC Group_DBA AmeriBen",
	"reporting_entity_type": "Third Party Administrator",
	"plan_name": "GOJO INDUSTRIES, INC.",
	"plan_id_type": "ein",
	"plan_id": "340659953",
	"plan_market_type": "group",
	"last_updated_on": "2023-12-01","Version": "1.0.0","out_of_network":[{"name":"APPL MODALITY 1\/> AREAS ELEC STIMJ EA 15 MIN","billing_code_type":"CPT","billing_code_type_version":"2020","billing_code":"97032","description":"APPL MODALITY 1\/> AREAS ELEC STIMJ EA 15 MIN","allowed_amounts":[{"tin":{"type":"ein","value":"299743715"},"service_code":["11"],"billing_class":"professional","payments":[{"allowed_amount":9.58,"billing_code_modifier":[""],"providers":[{"billed_charge":25.00,"npi":[1194836866]}]}]}]},{"name":"APPL MODALITY 1\/> AREAS TRACTION MECHANICAL","billing_code_type":"CPT","billing_code_type_version":"2020","billing_code":"97012","description":"APPL MODALITY 1\/> AREAS TRACTION MECHANICAL","allowed_amounts":[{"tin":{"type":"ein","value":"299743715"},"service_code":["11"],"billing_class":"professional","payments":[{"allowed_amount":8.57,"billing_code_modifier":[""],"providers":[{"billed_charge":35.00,"npi":[1194836866]}]}]}]},{"name":"CHIROPRACTIC MANIPULATIVE TX SPINAL 1-2 REGIONS","billing_code_type":"CPT","billing_code_type_version":"2020","billing_code":"98940","description":"CHIROPRACTIC MANIPULATIVE TX SPINAL 1-2 REGIONS","allowed_amounts":[{"tin":{"type":"ein","value":"263474404"},"service_code":["11"],"billing_class":"professional","payments":[{"allowed_amount":14.30,"billing_code_modifier":[""],"providers":[{"billed_charge":49.00,"npi":[1366027930,1386880342,1811460298]},{"billed_charge":54.00,"npi":[1366027930,1386880342,1548805757,1811460298]}]},{"allowed_amount":14.30,"billing_code_modifier":[""],"providers":[{"billed_charge":49.00,"npi":[1366027930,1386880342,1811460298]},{"billed_charge":54.00,"npi":[1366027930,1386880342,1548805757,1811460298]}]}]},{"tin":{"type":"ein","value":"263474404"},"service_code":["11"],"billing_class":"professional","payments":[{"allowed_amount":14.30,"billing_code_modifier":[""],"providers":[{"billed_charge":49.00,"npi":[1366027930,1386880342,1811460298]},{"billed_charge":54.00,"npi":[1366027930,1386880342,1548805757,1811460298]}]},{"allowed_amount":14.30,"billing_code_modifier":[""],"providers":[{"billed_charge":49.00,"npi":[1366027930,1386880342,1811460298]},{"billed_charge":54.00,"npi":[1366027930,1386880342,1548805757,1811460298]}]}]},{"tin":{"type":"ein","value":"341883685"},"service_code":["11"],"billing_class":"professional","payments":[{"allowed_amount":14.30,"billing_code_modifier":[""],"providers":[{"billed_charge":60.00,"npi":[1902941313,1982728077]}]}]}]},{"name":"CHIROPRACTIC MANIPULATIVE TX SPINAL 3-4 REGIONS","billing_code_type":"CPT","billing_code_type_version":"2020","billing_code":"98941","description":"CHIROPRACTIC MANIPULATIVE TX SPINAL 3-4 REGIONS","allowed_amounts":[{"tin":{"type":"ein","value":"299743715"},"service_code":["11"],"billing_class":"professional","payments":[{"allowed_amount":19.79,"billing_code_modifier":[""],"providers":[{"billed_charge":40.00,"npi":[1194836866]}]}]},{"tin":{"type":"ein","value":"341883685"},"service_code":["11"],"billing_class":"professional","payments":[{"allowed_amount":19.79,"billing_code_modifier":[""],"providers":[{"billed_charge":60.00,"npi":[1902941313,1982728077]}]}]}]},{"name":"EMERGENCY DEPARTMENT VISIT HIGH MDM","billing_code_type":"CPT","billing_code_type_version":"2020","billing_code":"99285","description":"EMERGENCY DEPARTMENT VISIT HIGH MDM","allowed_amounts":[{"tin":{"type":"ein","value":"753002004"},"service_code":["23"],"billing_class":"professional","payments":[{"allowed_amount":193.88,"billing_code_modifier":[""],"providers":[{"billed_charge":1602.30,"npi":[1265471148,1396765681]}]}]}]},{"name":"EMERGENCY DEPARTMENT VISIT MODERATE MDM","billing_code_type":"CPT","billing_code_type_version":"2020","billing_code":"99284","description":"EMERGENCY DEPARTMENT VISIT MODERATE MDM","allowed_amounts":[{"tin":{"type":"ein","value":"753002004"},"service_code":["23"],"billing_class":"professional","payments":[{"allowed_amount":123.77,"billing_code_modifier":[""],"providers":[{"billed_charge":985.00,"npi":[1265471148,1396765681]},{"billed_charge":1085.64,"npi":[1265471148,1396765681]}]},{"allowed_amount":123.77,"billing_code_modifier":[""],"providers":[{"billed_charge":985.00,"npi":[1265471148,1396765681]},{"billed_charge":1085.64,"npi":[1265471148,1396765681]}]}]},{"tin":{"type":"ein","value":"753002004"},"service_code":["23"],"billing_class":"professional","payments":[{"allowed_amount":123.77,"billing_code_modifier":[""],"providers":[{"billed_charge":985.00,"npi":[1265471148,1396765681]},{"billed_charge":1085.64,"npi":[1265471148,1396765681]}]},{"allowed_amount":123.77,"billing_code_modifier":[""],"providers":[{"billed_charge":985.00,"npi":[1265471148,1396765681]},{"billed_charge":1085.64,"npi":[1265471148,1396765681]}]}]}]},{"name":"OFFICE\/OUTPATIENT ESTABLISHED LOW MDM 20-29 MIN","billing_code_type":"CPT","billing_code_type_version":"2020","billing_code":"99213","description":"OFFICE\/OUTPATIENT ESTABLISHED LOW MDM 20-29 MIN","allowed_amounts":[{"tin":{"type":"ein","value":"453038442"},"service_code":["11"],"billing_class":"professional","payments":[{"allowed_amount":136.23,"billing_code_modifier":[""],"providers":[{"billed_charge":200.00,"npi":[1215179478]},{"billed_charge":400.00,"npi":[1215179478]},{"billed_charge":450.00,"npi":[1215179478]}]},{"allowed_amount":136.23,"billing_code_modifier":[""],"providers":[{"billed_charge":200.00,"npi":[1215179478]},{"billed_charge":400.00,"npi":[1215179478]},{"billed_charge":450.00,"npi":[1215179478]}]},{"allowed_amount":136.23,"billing_code_modifier":[""],"providers":[{"billed_charge":200.00,"npi":[1215179478]},{"billed_charge":400.00,"npi":[1215179478]},{"billed_charge":450.00,"npi":[1215179478]}]}]},{"tin":{"type":"ein","value":"453038442"},"service_code":["11"],"billing_class":"professional","payments":[{"allowed_amount":136.23,"billing_code_modifier":[""],"providers":[{"billed_charge":200.00,"npi":[1215179478]},{"billed_charge":400.00,"npi":[1215179478]},{"billed_charge":450.00,"npi":[1215179478]}]},{"allowed_amount":136.23,"billing_code_modifier":[""],"providers":[{"billed_charge":200.00,"npi":[1215179478]},{"billed_charge":400.00,"npi":[1215179478]},{"billed_charge":450.00,"npi":[1215179478]}]},{"allowed_amount":136.23,"billing_code_modifier":[""],"providers":[{"billed_charge":200.00,"npi":[1215179478]},{"billed_charge":400.00,"npi":[1215179478]},{"billed_charge":450.00,"npi":[1215179478]}]}]},{"tin":{"type":"ein","value":"453038442"},"service_code":["11"],"billing_class":"professional","payments":[{"allowed_amount":136.23,"billing_code_modifier":[""],"providers":[{"billed_charge":200.00,"npi":[1215179478]},{"billed_charge":400.00,"npi":[1215179478]},{"billed_charge":450.00,"npi":[1215179478]}]},{"allowed_amount":136.23,"billing_code_modifier":[""],"providers":[{"billed_charge":200.00,"npi":[1215179478]},{"billed_charge":400.00,"npi":[1215179478]},{"billed_charge":450.00,"npi":[1215179478]}]},{"allowed_amount":136.23,"billing_code_modifier":[""],"providers":[{"billed_charge":200.00,"npi":[1215179478]},{"billed_charge":400.00,"npi":[1215179478]},{"billed_charge":450.00,"npi":[1215179478]}]}]},{"tin":{"type":"ein","value":"814679593"},"service_code":["11"],"billing_class":"professional","payments":[{"allowed_amount":136.23,"billing_code_modifier":[""],"providers":[{"billed_charge":250.00,"npi":[1386936052]}]}]}]}]}
