{"reporting_entity_name": "IEC Group_DBA AmeriBen",
	"reporting_entity_type": "Third Party Administrator",
	"plan_name": "SPECTRIS",
	"plan_id_type": "ein",
	"plan_id": "510363173",
	"plan_market_type": "group",
	"last_updated_on": "2025-02-03","Version": "1.0.0","out_of_network":[{"name":"CRITICAL CARE ILL\/INJURED PATIENT INIT 30-74 MIN","billing_code_type":"CPT","billing_code_type_version":"2020","billing_code":"99291","description":"CRITICAL CARE ILL\/INJURED PATIENT INIT 30-74 MIN","allowed_amounts":[{"tin":{"type":"ein","value":"812467584"},"service_code":["21"],"billing_class":"professional","payments":[{"allowed_amount":320.80,"billing_code_modifier":[""],"providers":[{"billed_charge":450.00,"npi":[1023065729,1285800359,1558795799,1972045615]}]}]},{"tin":{"type":"ein","value":"821186341"},"service_code":["21"],"billing_class":"professional","payments":[{"allowed_amount":316.02,"billing_code_modifier":[""],"providers":[{"billed_charge":450.00,"npi":[1023065729,1265699185,1558795799,1790491850]}]}]}]},{"name":"PSYCHOTHERAPY W\/PATIENT 45 MINUTES","billing_code_type":"CPT","billing_code_type_version":"2020","billing_code":"90834","description":"PSYCHOTHERAPY W\/PATIENT 45 MINUTES","allowed_amounts":[{"tin":{"type":"ein","value":"853386371"},"service_code":["11"],"billing_class":"professional","payments":[{"allowed_amount":110.00,"billing_code_modifier":[""],"providers":[{"billed_charge":110.00,"npi":[1063029510]}]}]}]},{"name":"SBSQ HOSPITAL IP\/OBS CARE HIGH MDM 50 MINUTES","billing_code_type":"CPT","billing_code_type_version":"2020","billing_code":"99233","description":"SBSQ HOSPITAL IP\/OBS CARE HIGH MDM 50 MINUTES","allowed_amounts":[{"tin":{"type":"ein","value":"474339822"},"service_code":["21"],"billing_class":"professional","payments":[{"allowed_amount":105.77,"billing_code_modifier":[""],"providers":[{"billed_charge":450.00,"npi":[1568845055,1962896910]}]}]},{"tin":{"type":"ein","value":"812467584"},"service_code":["21"],"billing_class":"professional","payments":[{"allowed_amount":105.63,"billing_code_modifier":[""],"providers":[{"billed_charge":250.00,"npi":[1023065729,1285800359,1558795799,1972045615]}]}]}]}]}
