{"reporting_entity_name": "IEC Group_DBA AmeriBen",
	"reporting_entity_type": "Third Party Administrator",
	"plan_name": "ARIZONA METROPOLITAN TRUST",
	"plan_id_type": "ein",
	"plan_id": "306316739",
	"plan_market_type": "group",
	"last_updated_on": "2022-11-01","Version": "1.0.0","out_of_network":[{"name":"APPL MODALITY 1\/> AREAS TRACTION MECHANICAL","billing_code_type":"CPT","billing_code_type_version":"2020","billing_code":"97012","description":"APPL MODALITY 1\/> AREAS TRACTION MECHANICAL","allowed_amounts":[{"tin":{"type":"ein","value":"262489544"},"service_code":["11"],"billing_class":"professional","payments":[{"allowed_amount":21.32,"billing_code_modifier":[""],"providers":[{"billed_charge":47.00,"npi":[1043474646,1902813074]}]}]},{"tin":{"type":"ein","value":"845044322"},"service_code":["11"],"billing_class":"professional","payments":[{"allowed_amount":21.32,"billing_code_modifier":[""],"providers":[{"billed_charge":75.00,"npi":[1316919822,1952922668]}]}]}]},{"name":"CHIROPRACTIC MANIPULATIVE TX SPINAL 3-4 REGIONS","billing_code_type":"CPT","billing_code_type_version":"2020","billing_code":"98941","description":"CHIROPRACTIC MANIPULATIVE TX SPINAL 3-4 REGIONS","allowed_amounts":[{"tin":{"type":"ein","value":"061643653"},"service_code":["11"],"billing_class":"professional","payments":[{"allowed_amount":59.02,"billing_code_modifier":[""],"providers":[{"billed_charge":80.00,"npi":[1467535286]}]}]},{"tin":{"type":"ein","value":"261197236"},"service_code":["11"],"billing_class":"professional","payments":[{"allowed_amount":59.02,"billing_code_modifier":[""],"providers":[{"billed_charge":76.34,"npi":[1285902585,1689861551]}]}]},{"tin":{"type":"ein","value":"262489544"},"service_code":["11"],"billing_class":"professional","payments":[{"allowed_amount":59.02,"billing_code_modifier":[""],"providers":[{"billed_charge":72.00,"npi":[1043474646,1902813074]}]}]},{"tin":{"type":"ein","value":"300393112"},"service_code":["11"],"billing_class":"professional","payments":[{"allowed_amount":59.02,"billing_code_modifier":[""],"providers":[{"billed_charge":70.00,"npi":[1518092360]}]}]},{"tin":{"type":"ein","value":"481269732"},"service_code":["11"],"billing_class":"professional","payments":[{"allowed_amount":50.00,"billing_code_modifier":[""],"providers":[{"billed_charge":50.00,"npi":[1801890512,1891799516]}]}]},{"tin":{"type":"ein","value":"845044322"},"service_code":["11"],"billing_class":"professional","payments":[{"allowed_amount":59.02,"billing_code_modifier":[""],"providers":[{"billed_charge":100.00,"npi":[1316919822,1952922668]}]}]}]},{"name":"CHIROPRACTIC MANIPULATIVE TX SPINAL 5 REGIONS","billing_code_type":"CPT","billing_code_type_version":"2020","billing_code":"98942","description":"CHIROPRACTIC MANIPULATIVE TX SPINAL 5 REGIONS","allowed_amounts":[{"tin":{"type":"ein","value":"832619393"},"service_code":["11"],"billing_class":"professional","payments":[{"allowed_amount":77.38,"billing_code_modifier":[""],"providers":[{"billed_charge":160.00,"npi":[1023602406,1114497864,1700045960]}]}]}]},{"name":"CT ABDOMEN & PELVIS W\/O CONTRAST MATERIAL","billing_code_type":"CPT","billing_code_type_version":"2020","billing_code":"74176","description":"CT ABDOMEN & PELVIS W\/O CONTRAST MATERIAL","allowed_amounts":[{"tin":{"type":"ein","value":"845116186"},"service_code":["23"],"billing_class":"professional","payments":[{"allowed_amount":124.94,"billing_code_modifier":[""],"providers":[{"billed_charge":1162.00,"npi":[1033745708,1053376293,1073803417,1093791170,1134643182,1265063010,1336330869,1336344308,1356503478,1528169125,1588647861,1619103306,1639117146,1700875515,1760916209,1801886932,1841417755,1861831695]}]}]}]},{"name":"INFEC AGEN DETEC AMPLI PROBE","billing_code_type":"HCPCS","billing_code_type_version":"HCPCS LEVEL II 2021","billing_code":"U0005","description":"INFEC AGEN DETEC AMPLI PROBE","allowed_amounts":[{"tin":{"type":"ein","value":"854289083"},"service_code":["81"],"billing_class":"professional","payments":[{"allowed_amount":37.50,"billing_code_modifier":[""],"providers":[{"billed_charge":50.00,"npi":[1336757780,1699309104]}]}]},{"tin":{"type":"ein","value":"861213775"},"service_code":["81"],"billing_class":"professional","payments":[{"allowed_amount":37.50,"billing_code_modifier":[""],"providers":[{"billed_charge":60.00,"npi":[1083703045,1831780402,1942278676]}]}]}]},{"name":"OFFICE\/OUTPATIENT EST PT MAY NOT REQ PHYS\/QHP","billing_code_type":"CPT","billing_code_type_version":"2020","billing_code":"99211","description":"OFFICE\/OUTPATIENT EST PT MAY NOT REQ PHYS\/QHP","allowed_amounts":[{"tin":{"type":"ein","value":"411939629"},"service_code":["11"],"billing_class":"professional","payments":[{"allowed_amount":33.98,"billing_code_modifier":[""],"providers":[{"billed_charge":39.00,"npi":[1134191836,1629245311,1871177790]}]}]},{"tin":{"type":"ein","value":"871979881"},"service_code":["11"],"billing_class":"professional","payments":[{"allowed_amount":33.98,"billing_code_modifier":[""],"providers":[{"billed_charge":60.00,"npi":[1083703045,1942278676,1962177022]}]}]}]},{"name":"OFFICE\/OUTPATIENT ESTABLISHED LOW MDM 20-29 MIN","billing_code_type":"CPT","billing_code_type_version":"2020","billing_code":"99213","description":"OFFICE\/OUTPATIENT ESTABLISHED LOW MDM 20-29 MIN","allowed_amounts":[{"tin":{"type":"ein","value":"205198811"},"service_code":["11"],"billing_class":"professional","payments":[{"allowed_amount":134.13,"billing_code_modifier":[""],"providers":[{"billed_charge":147.00,"npi":[1144989310]}]}]},{"tin":{"type":"ein","value":"273188239"},"service_code":["10","11"],"billing_class":"professional","payments":[{"allowed_amount":134.13,"billing_code_modifier":[""],"providers":[{"billed_charge":167.00,"npi":[1467030486]}]}]},{"tin":{"type":"ein","value":"300393112"},"service_code":["11"],"billing_class":"professional","payments":[{"allowed_amount":134.13,"billing_code_modifier":[""],"providers":[{"billed_charge":150.00,"npi":[1518092360]}]}]},{"tin":{"type":"ein","value":"461978352"},"service_code":["11"],"billing_class":"professional","payments":[{"allowed_amount":134.13,"billing_code_modifier":[""],"providers":[{"billed_charge":150.00,"npi":[1114364049]}]}]},{"tin":{"type":"ein","value":"832619393"},"service_code":["11"],"billing_class":"professional","payments":[{"allowed_amount":134.13,"billing_code_modifier":[""],"providers":[{"billed_charge":210.00,"npi":[1114497864,1750859575]}]}]},{"tin":{"type":"ein","value":"860485904"},"service_code":["02"],"billing_class":"professional","payments":[{"allowed_amount":134.13,"billing_code_modifier":[""],"providers":[{"billed_charge":184.53,"npi":[1609300854,1871915827,1962172148]}]}]}]},{"name":"RADIOLOGIC EXAM CHEST SINGLE VIEW","billing_code_type":"CPT","billing_code_type_version":"2020","billing_code":"71045","description":"RADIOLOGIC EXAM CHEST SINGLE VIEW","allowed_amounts":[{"tin":{"type":"ein","value":"845116186"},"service_code":["23"],"billing_class":"professional","payments":[{"allowed_amount":13.24,"billing_code_modifier":[""],"providers":[{"billed_charge":126.00,"npi":[1033745708,1073803417,1093797649,1114331402,1164699765,1164809471,1265063010,1316197775,1386010668,1437163813,1528169125,1629067244,1639117146,1700082260,1740231364,1801886932,1972139004,1982693693]}]}]}]},{"name":"SARS-COV-2 COVID-19 AMP PRB HTT","billing_code_type":"HCPCS","billing_code_type_version":"HCPCS LEVEL II 2021","billing_code":"U0003","description":"SARS-COV-2 COVID-19 AMP PRB HTT","allowed_amounts":[{"tin":{"type":"ein","value":"473727159"},"service_code":["81"],"billing_class":"professional","payments":[{"allowed_amount":112.50,"billing_code_modifier":[""],"providers":[{"billed_charge":125.00,"npi":[1023620457,1205940293,1235691494,1295375822,1477739142,1912521568]}]}]},{"tin":{"type":"ein","value":"621433252"},"service_code":["81"],"billing_class":"professional","payments":[{"allowed_amount":112.50,"billing_code_modifier":[""],"providers":[{"billed_charge":125.00,"npi":[1083703045,1689639544]}]}]},{"tin":{"type":"ein","value":"812838296"},"service_code":["20"],"billing_class":"professional","payments":[{"allowed_amount":112.50,"billing_code_modifier":[""],"providers":[{"billed_charge":150.00,"npi":[1366409906,1992380547]}]}]},{"tin":{"type":"ein","value":"814460406"},"service_code":["81"],"billing_class":"professional","payments":[{"allowed_amount":112.50,"billing_code_modifier":[""],"providers":[{"billed_charge":200.00,"npi":[1477739142,1538507819]}]}]},{"tin":{"type":"ein","value":"854289083"},"service_code":["81"],"billing_class":"professional","payments":[{"allowed_amount":112.50,"billing_code_modifier":[""],"providers":[{"billed_charge":225.00,"npi":[1336757780,1699309104]}]}]},{"tin":{"type":"ein","value":"861213775"},"service_code":["81"],"billing_class":"professional","payments":[{"allowed_amount":112.50,"billing_code_modifier":[""],"providers":[{"billed_charge":190.00,"npi":[1083703045,1831780402,1942278676]}]}]}]}]}
