{"reporting_entity_name": "IEC Group_DBA AmeriBen",
	"reporting_entity_type": "Third Party Administrator",
	"plan_name": "TECK AMERICAN INCORPORATED",
	"plan_id_type": "ein",
	"plan_id": "261974324",
	"plan_market_type": "group",
	"last_updated_on": "2025-12-01","Version": "1.0.0","out_of_network":[{"name":"LABORATORY - CLINICAL DIAGNOSTIC","billing_code_type":"RC","billing_code_type_version":"UB04","billing_code":"0300","description":"LABORATORY - CLINICAL DIAGNOSTIC","allowed_amounts":[{"tin":{"type":"ein","value":"820581675"},"service_code":["22"],"billing_class":"institutional","payments":[{"allowed_amount":0.00,"billing_code_modifier":[""],"providers":[{"billed_charge":65.00,"npi":[1386725604]},{"billed_charge":81.00,"npi":[1386725604]},{"billed_charge":130.00,"npi":[1386725604]},{"billed_charge":133.00,"npi":[1386725604]},{"billed_charge":163.00,"npi":[1386725604]},{"billed_charge":268.00,"npi":[1386725604]}]},{"allowed_amount":0.00,"billing_code_modifier":[""],"providers":[{"billed_charge":65.00,"npi":[1386725604]},{"billed_charge":81.00,"npi":[1386725604]},{"billed_charge":130.00,"npi":[1386725604]},{"billed_charge":133.00,"npi":[1386725604]},{"billed_charge":163.00,"npi":[1386725604]},{"billed_charge":268.00,"npi":[1386725604]}]},{"allowed_amount":0.00,"billing_code_modifier":[""],"providers":[{"billed_charge":65.00,"npi":[1386725604]},{"billed_charge":81.00,"npi":[1386725604]},{"billed_charge":130.00,"npi":[1386725604]},{"billed_charge":133.00,"npi":[1386725604]},{"billed_charge":163.00,"npi":[1386725604]},{"billed_charge":268.00,"npi":[1386725604]}]},{"allowed_amount":0.00,"billing_code_modifier":[""],"providers":[{"billed_charge":65.00,"npi":[1386725604]},{"billed_charge":81.00,"npi":[1386725604]},{"billed_charge":130.00,"npi":[1386725604]},{"billed_charge":133.00,"npi":[1386725604]},{"billed_charge":163.00,"npi":[1386725604]},{"billed_charge":268.00,"npi":[1386725604]}]},{"allowed_amount":0.00,"billing_code_modifier":[""],"providers":[{"billed_charge":65.00,"npi":[1386725604]},{"billed_charge":81.00,"npi":[1386725604]},{"billed_charge":130.00,"npi":[1386725604]},{"billed_charge":133.00,"npi":[1386725604]},{"billed_charge":163.00,"npi":[1386725604]},{"billed_charge":268.00,"npi":[1386725604]}]},{"allowed_amount":0.00,"billing_code_modifier":[""],"providers":[{"billed_charge":65.00,"npi":[1386725604]},{"billed_charge":81.00,"npi":[1386725604]},{"billed_charge":130.00,"npi":[1386725604]},{"billed_charge":133.00,"npi":[1386725604]},{"billed_charge":163.00,"npi":[1386725604]},{"billed_charge":268.00,"npi":[1386725604]}]}]},{"tin":{"type":"ein","value":"820581675"},"service_code":["22"],"billing_class":"institutional","payments":[{"allowed_amount":0.00,"billing_code_modifier":[""],"providers":[{"billed_charge":65.00,"npi":[1386725604]},{"billed_charge":81.00,"npi":[1386725604]},{"billed_charge":130.00,"npi":[1386725604]},{"billed_charge":133.00,"npi":[1386725604]},{"billed_charge":163.00,"npi":[1386725604]},{"billed_charge":268.00,"npi":[1386725604]}]},{"allowed_amount":0.00,"billing_code_modifier":[""],"providers":[{"billed_charge":65.00,"npi":[1386725604]},{"billed_charge":81.00,"npi":[1386725604]},{"billed_charge":130.00,"npi":[1386725604]},{"billed_charge":133.00,"npi":[1386725604]},{"billed_charge":163.00,"npi":[1386725604]},{"billed_charge":268.00,"npi":[1386725604]}]},{"allowed_amount":0.00,"billing_code_modifier":[""],"providers":[{"billed_charge":65.00,"npi":[1386725604]},{"billed_charge":81.00,"npi":[1386725604]},{"billed_charge":130.00,"npi":[1386725604]},{"billed_charge":133.00,"npi":[1386725604]},{"billed_charge":163.00,"npi":[1386725604]},{"billed_charge":268.00,"npi":[1386725604]}]},{"allowed_amount":0.00,"billing_code_modifier":[""],"providers":[{"billed_charge":65.00,"npi":[1386725604]},{"billed_charge":81.00,"npi":[1386725604]},{"billed_charge":130.00,"npi":[1386725604]},{"billed_charge":133.00,"npi":[1386725604]},{"billed_charge":163.00,"npi":[1386725604]},{"billed_charge":268.00,"npi":[1386725604]}]},{"allowed_amount":0.00,"billing_code_modifier":[""],"providers":[{"billed_charge":65.00,"npi":[1386725604]},{"billed_charge":81.00,"npi":[1386725604]},{"billed_charge":130.00,"npi":[1386725604]},{"billed_charge":133.00,"npi":[1386725604]},{"billed_charge":163.00,"npi":[1386725604]},{"billed_charge":268.00,"npi":[1386725604]}]},{"allowed_amount":0.00,"billing_code_modifier":[""],"providers":[{"billed_charge":65.00,"npi":[1386725604]},{"billed_charge":81.00,"npi":[1386725604]},{"billed_charge":130.00,"npi":[1386725604]},{"billed_charge":133.00,"npi":[1386725604]},{"billed_charge":163.00,"npi":[1386725604]},{"billed_charge":268.00,"npi":[1386725604]}]}]},{"tin":{"type":"ein","value":"820581675"},"service_code":["22"],"billing_class":"institutional","payments":[{"allowed_amount":0.00,"billing_code_modifier":[""],"providers":[{"billed_charge":65.00,"npi":[1386725604]},{"billed_charge":81.00,"npi":[1386725604]},{"billed_charge":130.00,"npi":[1386725604]},{"billed_charge":133.00,"npi":[1386725604]},{"billed_charge":163.00,"npi":[1386725604]},{"billed_charge":268.00,"npi":[1386725604]}]},{"allowed_amount":0.00,"billing_code_modifier":[""],"providers":[{"billed_charge":65.00,"npi":[1386725604]},{"billed_charge":81.00,"npi":[1386725604]},{"billed_charge":130.00,"npi":[1386725604]},{"billed_charge":133.00,"npi":[1386725604]},{"billed_charge":163.00,"npi":[1386725604]},{"billed_charge":268.00,"npi":[1386725604]}]},{"allowed_amount":0.00,"billing_code_modifier":[""],"providers":[{"billed_charge":65.00,"npi":[1386725604]},{"billed_charge":81.00,"npi":[1386725604]},{"billed_charge":130.00,"npi":[1386725604]},{"billed_charge":133.00,"npi":[1386725604]},{"billed_charge":163.00,"npi":[1386725604]},{"billed_charge":268.00,"npi":[1386725604]}]},{"allowed_amount":0.00,"billing_code_modifier":[""],"providers":[{"billed_charge":65.00,"npi":[1386725604]},{"billed_charge":81.00,"npi":[1386725604]},{"billed_charge":130.00,"npi":[1386725604]},{"billed_charge":133.00,"npi":[1386725604]},{"billed_charge":163.00,"npi":[1386725604]},{"billed_charge":268.00,"npi":[1386725604]}]},{"allowed_amount":0.00,"billing_code_modifier":[""],"providers":[{"billed_charge":65.00,"npi":[1386725604]},{"billed_charge":81.00,"npi":[1386725604]},{"billed_charge":130.00,"npi":[1386725604]},{"billed_charge":133.00,"npi":[1386725604]},{"billed_charge":163.00,"npi":[1386725604]},{"billed_charge":268.00,"npi":[1386725604]}]},{"allowed_amount":0.00,"billing_code_modifier":[""],"providers":[{"billed_charge":65.00,"npi":[1386725604]},{"billed_charge":81.00,"npi":[1386725604]},{"billed_charge":130.00,"npi":[1386725604]},{"billed_charge":133.00,"npi":[1386725604]},{"billed_charge":163.00,"npi":[1386725604]},{"billed_charge":268.00,"npi":[1386725604]}]}]},{"tin":{"type":"ein","value":"820581675"},"service_code":["22"],"billing_class":"institutional","payments":[{"allowed_amount":0.00,"billing_code_modifier":[""],"providers":[{"billed_charge":65.00,"npi":[1386725604]},{"billed_charge":81.00,"npi":[1386725604]},{"billed_charge":130.00,"npi":[1386725604]},{"billed_charge":133.00,"npi":[1386725604]},{"billed_charge":163.00,"npi":[1386725604]},{"billed_charge":268.00,"npi":[1386725604]}]},{"allowed_amount":0.00,"billing_code_modifier":[""],"providers":[{"billed_charge":65.00,"npi":[1386725604]},{"billed_charge":81.00,"npi":[1386725604]},{"billed_charge":130.00,"npi":[1386725604]},{"billed_charge":133.00,"npi":[1386725604]},{"billed_charge":163.00,"npi":[1386725604]},{"billed_charge":268.00,"npi":[1386725604]}]},{"allowed_amount":0.00,"billing_code_modifier":[""],"providers":[{"billed_charge":65.00,"npi":[1386725604]},{"billed_charge":81.00,"npi":[1386725604]},{"billed_charge":130.00,"npi":[1386725604]},{"billed_charge":133.00,"npi":[1386725604]},{"billed_charge":163.00,"npi":[1386725604]},{"billed_charge":268.00,"npi":[1386725604]}]},{"allowed_amount":0.00,"billing_code_modifier":[""],"providers":[{"billed_charge":65.00,"npi":[1386725604]},{"billed_charge":81.00,"npi":[1386725604]},{"billed_charge":130.00,"npi":[1386725604]},{"billed_charge":133.00,"npi":[1386725604]},{"billed_charge":163.00,"npi":[1386725604]},{"billed_charge":268.00,"npi":[1386725604]}]},{"allowed_amount":0.00,"billing_code_modifier":[""],"providers":[{"billed_charge":65.00,"npi":[1386725604]},{"billed_charge":81.00,"npi":[1386725604]},{"billed_charge":130.00,"npi":[1386725604]},{"billed_charge":133.00,"npi":[1386725604]},{"billed_charge":163.00,"npi":[1386725604]},{"billed_charge":268.00,"npi":[1386725604]}]},{"allowed_amount":0.00,"billing_code_modifier":[""],"providers":[{"billed_charge":65.00,"npi":[1386725604]},{"billed_charge":81.00,"npi":[1386725604]},{"billed_charge":130.00,"npi":[1386725604]},{"billed_charge":133.00,"npi":[1386725604]},{"billed_charge":163.00,"npi":[1386725604]},{"billed_charge":268.00,"npi":[1386725604]}]}]},{"tin":{"type":"ein","value":"820581675"},"service_code":["22"],"billing_class":"institutional","payments":[{"allowed_amount":0.00,"billing_code_modifier":[""],"providers":[{"billed_charge":65.00,"npi":[1386725604]},{"billed_charge":81.00,"npi":[1386725604]},{"billed_charge":130.00,"npi":[1386725604]},{"billed_charge":133.00,"npi":[1386725604]},{"billed_charge":163.00,"npi":[1386725604]},{"billed_charge":268.00,"npi":[1386725604]}]},{"allowed_amount":0.00,"billing_code_modifier":[""],"providers":[{"billed_charge":65.00,"npi":[1386725604]},{"billed_charge":81.00,"npi":[1386725604]},{"billed_charge":130.00,"npi":[1386725604]},{"billed_charge":133.00,"npi":[1386725604]},{"billed_charge":163.00,"npi":[1386725604]},{"billed_charge":268.00,"npi":[1386725604]}]},{"allowed_amount":0.00,"billing_code_modifier":[""],"providers":[{"billed_charge":65.00,"npi":[1386725604]},{"billed_charge":81.00,"npi":[1386725604]},{"billed_charge":130.00,"npi":[1386725604]},{"billed_charge":133.00,"npi":[1386725604]},{"billed_charge":163.00,"npi":[1386725604]},{"billed_charge":268.00,"npi":[1386725604]}]},{"allowed_amount":0.00,"billing_code_modifier":[""],"providers":[{"billed_charge":65.00,"npi":[1386725604]},{"billed_charge":81.00,"npi":[1386725604]},{"billed_charge":130.00,"npi":[1386725604]},{"billed_charge":133.00,"npi":[1386725604]},{"billed_charge":163.00,"npi":[1386725604]},{"billed_charge":268.00,"npi":[1386725604]}]},{"allowed_amount":0.00,"billing_code_modifier":[""],"providers":[{"billed_charge":65.00,"npi":[1386725604]},{"billed_charge":81.00,"npi":[1386725604]},{"billed_charge":130.00,"npi":[1386725604]},{"billed_charge":133.00,"npi":[1386725604]},{"billed_charge":163.00,"npi":[1386725604]},{"billed_charge":268.00,"npi":[1386725604]}]},{"allowed_amount":0.00,"billing_code_modifier":[""],"providers":[{"billed_charge":65.00,"npi":[1386725604]},{"billed_charge":81.00,"npi":[1386725604]},{"billed_charge":130.00,"npi":[1386725604]},{"billed_charge":133.00,"npi":[1386725604]},{"billed_charge":163.00,"npi":[1386725604]},{"billed_charge":268.00,"npi":[1386725604]}]}]},{"tin":{"type":"ein","value":"820581675"},"service_code":["22"],"billing_class":"institutional","payments":[{"allowed_amount":0.00,"billing_code_modifier":[""],"providers":[{"billed_charge":65.00,"npi":[1386725604]},{"billed_charge":81.00,"npi":[1386725604]},{"billed_charge":130.00,"npi":[1386725604]},{"billed_charge":133.00,"npi":[1386725604]},{"billed_charge":163.00,"npi":[1386725604]},{"billed_charge":268.00,"npi":[1386725604]}]},{"allowed_amount":0.00,"billing_code_modifier":[""],"providers":[{"billed_charge":65.00,"npi":[1386725604]},{"billed_charge":81.00,"npi":[1386725604]},{"billed_charge":130.00,"npi":[1386725604]},{"billed_charge":133.00,"npi":[1386725604]},{"billed_charge":163.00,"npi":[1386725604]},{"billed_charge":268.00,"npi":[1386725604]}]},{"allowed_amount":0.00,"billing_code_modifier":[""],"providers":[{"billed_charge":65.00,"npi":[1386725604]},{"billed_charge":81.00,"npi":[1386725604]},{"billed_charge":130.00,"npi":[1386725604]},{"billed_charge":133.00,"npi":[1386725604]},{"billed_charge":163.00,"npi":[1386725604]},{"billed_charge":268.00,"npi":[1386725604]}]},{"allowed_amount":0.00,"billing_code_modifier":[""],"providers":[{"billed_charge":65.00,"npi":[1386725604]},{"billed_charge":81.00,"npi":[1386725604]},{"billed_charge":130.00,"npi":[1386725604]},{"billed_charge":133.00,"npi":[1386725604]},{"billed_charge":163.00,"npi":[1386725604]},{"billed_charge":268.00,"npi":[1386725604]}]},{"allowed_amount":0.00,"billing_code_modifier":[""],"providers":[{"billed_charge":65.00,"npi":[1386725604]},{"billed_charge":81.00,"npi":[1386725604]},{"billed_charge":130.00,"npi":[1386725604]},{"billed_charge":133.00,"npi":[1386725604]},{"billed_charge":163.00,"npi":[1386725604]},{"billed_charge":268.00,"npi":[1386725604]}]},{"allowed_amount":0.00,"billing_code_modifier":[""],"providers":[{"billed_charge":65.00,"npi":[1386725604]},{"billed_charge":81.00,"npi":[1386725604]},{"billed_charge":130.00,"npi":[1386725604]},{"billed_charge":133.00,"npi":[1386725604]},{"billed_charge":163.00,"npi":[1386725604]},{"billed_charge":268.00,"npi":[1386725604]}]}]},{"tin":{"type":"ein","value":"843475920"},"service_code":["23"],"billing_class":"institutional","payments":[{"allowed_amount":0.00,"billing_code_modifier":[""],"providers":[{"billed_charge":60.00,"npi":[1063051159]},{"billed_charge":100.00,"npi":[1063051159]},{"billed_charge":132.00,"npi":[1063051159]},{"billed_charge":165.00,"npi":[1063051159]},{"billed_charge":200.00,"npi":[1063051159]},{"billed_charge":250.00,"npi":[1063051159]},{"billed_charge":260.00,"npi":[1063051159]},{"billed_charge":487.00,"npi":[1063051159]}]},{"allowed_amount":0.00,"billing_code_modifier":[""],"providers":[{"billed_charge":60.00,"npi":[1063051159]},{"billed_charge":100.00,"npi":[1063051159]},{"billed_charge":132.00,"npi":[1063051159]},{"billed_charge":165.00,"npi":[1063051159]},{"billed_charge":200.00,"npi":[1063051159]},{"billed_charge":250.00,"npi":[1063051159]},{"billed_charge":260.00,"npi":[1063051159]},{"billed_charge":487.00,"npi":[1063051159]}]},{"allowed_amount":0.00,"billing_code_modifier":[""],"providers":[{"billed_charge":60.00,"npi":[1063051159]},{"billed_charge":100.00,"npi":[1063051159]},{"billed_charge":132.00,"npi":[1063051159]},{"billed_charge":165.00,"npi":[1063051159]},{"billed_charge":200.00,"npi":[1063051159]},{"billed_charge":250.00,"npi":[1063051159]},{"billed_charge":260.00,"npi":[1063051159]},{"billed_charge":487.00,"npi":[1063051159]}]},{"allowed_amount":0.00,"billing_code_modifier":[""],"providers":[{"billed_charge":60.00,"npi":[1063051159]},{"billed_charge":100.00,"npi":[1063051159]},{"billed_charge":132.00,"npi":[1063051159]},{"billed_charge":165.00,"npi":[1063051159]},{"billed_charge":200.00,"npi":[1063051159]},{"billed_charge":250.00,"npi":[1063051159]},{"billed_charge":260.00,"npi":[1063051159]},{"billed_charge":487.00,"npi":[1063051159]}]},{"allowed_amount":0.00,"billing_code_modifier":[""],"providers":[{"billed_charge":60.00,"npi":[1063051159]},{"billed_charge":100.00,"npi":[1063051159]},{"billed_charge":132.00,"npi":[1063051159]},{"billed_charge":165.00,"npi":[1063051159]},{"billed_charge":200.00,"npi":[1063051159]},{"billed_charge":250.00,"npi":[1063051159]},{"billed_charge":260.00,"npi":[1063051159]},{"billed_charge":487.00,"npi":[1063051159]}]},{"allowed_amount":0.00,"billing_code_modifier":[""],"providers":[{"billed_charge":60.00,"npi":[1063051159]},{"billed_charge":100.00,"npi":[1063051159]},{"billed_charge":132.00,"npi":[1063051159]},{"billed_charge":165.00,"npi":[1063051159]},{"billed_charge":200.00,"npi":[1063051159]},{"billed_charge":250.00,"npi":[1063051159]},{"billed_charge":260.00,"npi":[1063051159]},{"billed_charge":487.00,"npi":[1063051159]}]},{"allowed_amount":0.00,"billing_code_modifier":[""],"providers":[{"billed_charge":60.00,"npi":[1063051159]},{"billed_charge":100.00,"npi":[1063051159]},{"billed_charge":132.00,"npi":[1063051159]},{"billed_charge":165.00,"npi":[1063051159]},{"billed_charge":200.00,"npi":[1063051159]},{"billed_charge":250.00,"npi":[1063051159]},{"billed_charge":260.00,"npi":[1063051159]},{"billed_charge":487.00,"npi":[1063051159]}]},{"allowed_amount":0.00,"billing_code_modifier":[""],"providers":[{"billed_charge":60.00,"npi":[1063051159]},{"billed_charge":100.00,"npi":[1063051159]},{"billed_charge":132.00,"npi":[1063051159]},{"billed_charge":165.00,"npi":[1063051159]},{"billed_charge":200.00,"npi":[1063051159]},{"billed_charge":250.00,"npi":[1063051159]},{"billed_charge":260.00,"npi":[1063051159]},{"billed_charge":487.00,"npi":[1063051159]}]}]},{"tin":{"type":"ein","value":"843475920"},"service_code":["23"],"billing_class":"institutional","payments":[{"allowed_amount":0.00,"billing_code_modifier":[""],"providers":[{"billed_charge":60.00,"npi":[1063051159]},{"billed_charge":100.00,"npi":[1063051159]},{"billed_charge":132.00,"npi":[1063051159]},{"billed_charge":165.00,"npi":[1063051159]},{"billed_charge":200.00,"npi":[1063051159]},{"billed_charge":250.00,"npi":[1063051159]},{"billed_charge":260.00,"npi":[1063051159]},{"billed_charge":487.00,"npi":[1063051159]}]},{"allowed_amount":0.00,"billing_code_modifier":[""],"providers":[{"billed_charge":60.00,"npi":[1063051159]},{"billed_charge":100.00,"npi":[1063051159]},{"billed_charge":132.00,"npi":[1063051159]},{"billed_charge":165.00,"npi":[1063051159]},{"billed_charge":200.00,"npi":[1063051159]},{"billed_charge":250.00,"npi":[1063051159]},{"billed_charge":260.00,"npi":[1063051159]},{"billed_charge":487.00,"npi":[1063051159]}]},{"allowed_amount":0.00,"billing_code_modifier":[""],"providers":[{"billed_charge":60.00,"npi":[1063051159]},{"billed_charge":100.00,"npi":[1063051159]},{"billed_charge":132.00,"npi":[1063051159]},{"billed_charge":165.00,"npi":[1063051159]},{"billed_charge":200.00,"npi":[1063051159]},{"billed_charge":250.00,"npi":[1063051159]},{"billed_charge":260.00,"npi":[1063051159]},{"billed_charge":487.00,"npi":[1063051159]}]},{"allowed_amount":0.00,"billing_code_modifier":[""],"providers":[{"billed_charge":60.00,"npi":[1063051159]},{"billed_charge":100.00,"npi":[1063051159]},{"billed_charge":132.00,"npi":[1063051159]},{"billed_charge":165.00,"npi":[1063051159]},{"billed_charge":200.00,"npi":[1063051159]},{"billed_charge":250.00,"npi":[1063051159]},{"billed_charge":260.00,"npi":[1063051159]},{"billed_charge":487.00,"npi":[1063051159]}]},{"allowed_amount":0.00,"billing_code_modifier":[""],"providers":[{"billed_charge":60.00,"npi":[1063051159]},{"billed_charge":100.00,"npi":[1063051159]},{"billed_charge":132.00,"npi":[1063051159]},{"billed_charge":165.00,"npi":[1063051159]},{"billed_charge":200.00,"npi":[1063051159]},{"billed_charge":250.00,"npi":[1063051159]},{"billed_charge":260.00,"npi":[1063051159]},{"billed_charge":487.00,"npi":[1063051159]}]},{"allowed_amount":0.00,"billing_code_modifier":[""],"providers":[{"billed_charge":60.00,"npi":[1063051159]},{"billed_charge":100.00,"npi":[1063051159]},{"billed_charge":132.00,"npi":[1063051159]},{"billed_charge":165.00,"npi":[1063051159]},{"billed_charge":200.00,"npi":[1063051159]},{"billed_charge":250.00,"npi":[1063051159]},{"billed_charge":260.00,"npi":[1063051159]},{"billed_charge":487.00,"npi":[1063051159]}]},{"allowed_amount":0.00,"billing_code_modifier":[""],"providers":[{"billed_charge":60.00,"npi":[1063051159]},{"billed_charge":100.00,"npi":[1063051159]},{"billed_charge":132.00,"npi":[1063051159]},{"billed_charge":165.00,"npi":[1063051159]},{"billed_charge":200.00,"npi":[1063051159]},{"billed_charge":250.00,"npi":[1063051159]},{"billed_charge":260.00,"npi":[1063051159]},{"billed_charge":487.00,"npi":[1063051159]}]},{"allowed_amount":0.00,"billing_code_modifier":[""],"providers":[{"billed_charge":60.00,"npi":[1063051159]},{"billed_charge":100.00,"npi":[1063051159]},{"billed_charge":132.00,"npi":[1063051159]},{"billed_charge":165.00,"npi":[1063051159]},{"billed_charge":200.00,"npi":[1063051159]},{"billed_charge":250.00,"npi":[1063051159]},{"billed_charge":260.00,"npi":[1063051159]},{"billed_charge":487.00,"npi":[1063051159]}]}]},{"tin":{"type":"ein","value":"843475920"},"service_code":["23"],"billing_class":"institutional","payments":[{"allowed_amount":0.00,"billing_code_modifier":[""],"providers":[{"billed_charge":60.00,"npi":[1063051159]},{"billed_charge":100.00,"npi":[1063051159]},{"billed_charge":132.00,"npi":[1063051159]},{"billed_charge":165.00,"npi":[1063051159]},{"billed_charge":200.00,"npi":[1063051159]},{"billed_charge":250.00,"npi":[1063051159]},{"billed_charge":260.00,"npi":[1063051159]},{"billed_charge":487.00,"npi":[1063051159]}]},{"allowed_amount":0.00,"billing_code_modifier":[""],"providers":[{"billed_charge":60.00,"npi":[1063051159]},{"billed_charge":100.00,"npi":[1063051159]},{"billed_charge":132.00,"npi":[1063051159]},{"billed_charge":165.00,"npi":[1063051159]},{"billed_charge":200.00,"npi":[1063051159]},{"billed_charge":250.00,"npi":[1063051159]},{"billed_charge":260.00,"npi":[1063051159]},{"billed_charge":487.00,"npi":[1063051159]}]},{"allowed_amount":0.00,"billing_code_modifier":[""],"providers":[{"billed_charge":60.00,"npi":[1063051159]},{"billed_charge":100.00,"npi":[1063051159]},{"billed_charge":132.00,"npi":[1063051159]},{"billed_charge":165.00,"npi":[1063051159]},{"billed_charge":200.00,"npi":[1063051159]},{"billed_charge":250.00,"npi":[1063051159]},{"billed_charge":260.00,"npi":[1063051159]},{"billed_charge":487.00,"npi":[1063051159]}]},{"allowed_amount":0.00,"billing_code_modifier":[""],"providers":[{"billed_charge":60.00,"npi":[1063051159]},{"billed_charge":100.00,"npi":[1063051159]},{"billed_charge":132.00,"npi":[1063051159]},{"billed_charge":165.00,"npi":[1063051159]},{"billed_charge":200.00,"npi":[1063051159]},{"billed_charge":250.00,"npi":[1063051159]},{"billed_charge":260.00,"npi":[1063051159]},{"billed_charge":487.00,"npi":[1063051159]}]},{"allowed_amount":0.00,"billing_code_modifier":[""],"providers":[{"billed_charge":60.00,"npi":[1063051159]},{"billed_charge":100.00,"npi":[1063051159]},{"billed_charge":132.00,"npi":[1063051159]},{"billed_charge":165.00,"npi":[1063051159]},{"billed_charge":200.00,"npi":[1063051159]},{"billed_charge":250.00,"npi":[1063051159]},{"billed_charge":260.00,"npi":[1063051159]},{"billed_charge":487.00,"npi":[1063051159]}]},{"allowed_amount":0.00,"billing_code_modifier":[""],"providers":[{"billed_charge":60.00,"npi":[1063051159]},{"billed_charge":100.00,"npi":[1063051159]},{"billed_charge":132.00,"npi":[1063051159]},{"billed_charge":165.00,"npi":[1063051159]},{"billed_charge":200.00,"npi":[1063051159]},{"billed_charge":250.00,"npi":[1063051159]},{"billed_charge":260.00,"npi":[1063051159]},{"billed_charge":487.00,"npi":[1063051159]}]},{"allowed_amount":0.00,"billing_code_modifier":[""],"providers":[{"billed_charge":60.00,"npi":[1063051159]},{"billed_charge":100.00,"npi":[1063051159]},{"billed_charge":132.00,"npi":[1063051159]},{"billed_charge":165.00,"npi":[1063051159]},{"billed_charge":200.00,"npi":[1063051159]},{"billed_charge":250.00,"npi":[1063051159]},{"billed_charge":260.00,"npi":[1063051159]},{"billed_charge":487.00,"npi":[1063051159]}]},{"allowed_amount":0.00,"billing_code_modifier":[""],"providers":[{"billed_charge":60.00,"npi":[1063051159]},{"billed_charge":100.00,"npi":[1063051159]},{"billed_charge":132.00,"npi":[1063051159]},{"billed_charge":165.00,"npi":[1063051159]},{"billed_charge":200.00,"npi":[1063051159]},{"billed_charge":250.00,"npi":[1063051159]},{"billed_charge":260.00,"npi":[1063051159]},{"billed_charge":487.00,"npi":[1063051159]}]}]},{"tin":{"type":"ein","value":"843475920"},"service_code":["23"],"billing_class":"institutional","payments":[{"allowed_amount":0.00,"billing_code_modifier":[""],"providers":[{"billed_charge":60.00,"npi":[1063051159]},{"billed_charge":100.00,"npi":[1063051159]},{"billed_charge":132.00,"npi":[1063051159]},{"billed_charge":165.00,"npi":[1063051159]},{"billed_charge":200.00,"npi":[1063051159]},{"billed_charge":250.00,"npi":[1063051159]},{"billed_charge":260.00,"npi":[1063051159]},{"billed_charge":487.00,"npi":[1063051159]}]},{"allowed_amount":0.00,"billing_code_modifier":[""],"providers":[{"billed_charge":60.00,"npi":[1063051159]},{"billed_charge":100.00,"npi":[1063051159]},{"billed_charge":132.00,"npi":[1063051159]},{"billed_charge":165.00,"npi":[1063051159]},{"billed_charge":200.00,"npi":[1063051159]},{"billed_charge":250.00,"npi":[1063051159]},{"billed_charge":260.00,"npi":[1063051159]},{"billed_charge":487.00,"npi":[1063051159]}]},{"allowed_amount":0.00,"billing_code_modifier":[""],"providers":[{"billed_charge":60.00,"npi":[1063051159]},{"billed_charge":100.00,"npi":[1063051159]},{"billed_charge":132.00,"npi":[1063051159]},{"billed_charge":165.00,"npi":[1063051159]},{"billed_charge":200.00,"npi":[1063051159]},{"billed_charge":250.00,"npi":[1063051159]},{"billed_charge":260.00,"npi":[1063051159]},{"billed_charge":487.00,"npi":[1063051159]}]},{"allowed_amount":0.00,"billing_code_modifier":[""],"providers":[{"billed_charge":60.00,"npi":[1063051159]},{"billed_charge":100.00,"npi":[1063051159]},{"billed_charge":132.00,"npi":[1063051159]},{"billed_charge":165.00,"npi":[1063051159]},{"billed_charge":200.00,"npi":[1063051159]},{"billed_charge":250.00,"npi":[1063051159]},{"billed_charge":260.00,"npi":[1063051159]},{"billed_charge":487.00,"npi":[1063051159]}]},{"allowed_amount":0.00,"billing_code_modifier":[""],"providers":[{"billed_charge":60.00,"npi":[1063051159]},{"billed_charge":100.00,"npi":[1063051159]},{"billed_charge":132.00,"npi":[1063051159]},{"billed_charge":165.00,"npi":[1063051159]},{"billed_charge":200.00,"npi":[1063051159]},{"billed_charge":250.00,"npi":[1063051159]},{"billed_charge":260.00,"npi":[1063051159]},{"billed_charge":487.00,"npi":[1063051159]}]},{"allowed_amount":0.00,"billing_code_modifier":[""],"providers":[{"billed_charge":60.00,"npi":[1063051159]},{"billed_charge":100.00,"npi":[1063051159]},{"billed_charge":132.00,"npi":[1063051159]},{"billed_charge":165.00,"npi":[1063051159]},{"billed_charge":200.00,"npi":[1063051159]},{"billed_charge":250.00,"npi":[1063051159]},{"billed_charge":260.00,"npi":[1063051159]},{"billed_charge":487.00,"npi":[1063051159]}]},{"allowed_amount":0.00,"billing_code_modifier":[""],"providers":[{"billed_charge":60.00,"npi":[1063051159]},{"billed_charge":100.00,"npi":[1063051159]},{"billed_charge":132.00,"npi":[1063051159]},{"billed_charge":165.00,"npi":[1063051159]},{"billed_charge":200.00,"npi":[1063051159]},{"billed_charge":250.00,"npi":[1063051159]},{"billed_charge":260.00,"npi":[1063051159]},{"billed_charge":487.00,"npi":[1063051159]}]},{"allowed_amount":0.00,"billing_code_modifier":[""],"providers":[{"billed_charge":60.00,"npi":[1063051159]},{"billed_charge":100.00,"npi":[1063051159]},{"billed_charge":132.00,"npi":[1063051159]},{"billed_charge":165.00,"npi":[1063051159]},{"billed_charge":200.00,"npi":[1063051159]},{"billed_charge":250.00,"npi":[1063051159]},{"billed_charge":260.00,"npi":[1063051159]},{"billed_charge":487.00,"npi":[1063051159]}]}]},{"tin":{"type":"ein","value":"843475920"},"service_code":["23"],"billing_class":"institutional","payments":[{"allowed_amount":0.00,"billing_code_modifier":[""],"providers":[{"billed_charge":60.00,"npi":[1063051159]},{"billed_charge":100.00,"npi":[1063051159]},{"billed_charge":132.00,"npi":[1063051159]},{"billed_charge":165.00,"npi":[1063051159]},{"billed_charge":200.00,"npi":[1063051159]},{"billed_charge":250.00,"npi":[1063051159]},{"billed_charge":260.00,"npi":[1063051159]},{"billed_charge":487.00,"npi":[1063051159]}]},{"allowed_amount":0.00,"billing_code_modifier":[""],"providers":[{"billed_charge":60.00,"npi":[1063051159]},{"billed_charge":100.00,"npi":[1063051159]},{"billed_charge":132.00,"npi":[1063051159]},{"billed_charge":165.00,"npi":[1063051159]},{"billed_charge":200.00,"npi":[1063051159]},{"billed_charge":250.00,"npi":[1063051159]},{"billed_charge":260.00,"npi":[1063051159]},{"billed_charge":487.00,"npi":[1063051159]}]},{"allowed_amount":0.00,"billing_code_modifier":[""],"providers":[{"billed_charge":60.00,"npi":[1063051159]},{"billed_charge":100.00,"npi":[1063051159]},{"billed_charge":132.00,"npi":[1063051159]},{"billed_charge":165.00,"npi":[1063051159]},{"billed_charge":200.00,"npi":[1063051159]},{"billed_charge":250.00,"npi":[1063051159]},{"billed_charge":260.00,"npi":[1063051159]},{"billed_charge":487.00,"npi":[1063051159]}]},{"allowed_amount":0.00,"billing_code_modifier":[""],"providers":[{"billed_charge":60.00,"npi":[1063051159]},{"billed_charge":100.00,"npi":[1063051159]},{"billed_charge":132.00,"npi":[1063051159]},{"billed_charge":165.00,"npi":[1063051159]},{"billed_charge":200.00,"npi":[1063051159]},{"billed_charge":250.00,"npi":[1063051159]},{"billed_charge":260.00,"npi":[1063051159]},{"billed_charge":487.00,"npi":[1063051159]}]},{"allowed_amount":0.00,"billing_code_modifier":[""],"providers":[{"billed_charge":60.00,"npi":[1063051159]},{"billed_charge":100.00,"npi":[1063051159]},{"billed_charge":132.00,"npi":[1063051159]},{"billed_charge":165.00,"npi":[1063051159]},{"billed_charge":200.00,"npi":[1063051159]},{"billed_charge":250.00,"npi":[1063051159]},{"billed_charge":260.00,"npi":[1063051159]},{"billed_charge":487.00,"npi":[1063051159]}]},{"allowed_amount":0.00,"billing_code_modifier":[""],"providers":[{"billed_charge":60.00,"npi":[1063051159]},{"billed_charge":100.00,"npi":[1063051159]},{"billed_charge":132.00,"npi":[1063051159]},{"billed_charge":165.00,"npi":[1063051159]},{"billed_charge":200.00,"npi":[1063051159]},{"billed_charge":250.00,"npi":[1063051159]},{"billed_charge":260.00,"npi":[1063051159]},{"billed_charge":487.00,"npi":[1063051159]}]},{"allowed_amount":0.00,"billing_code_modifier":[""],"providers":[{"billed_charge":60.00,"npi":[1063051159]},{"billed_charge":100.00,"npi":[1063051159]},{"billed_charge":132.00,"npi":[1063051159]},{"billed_charge":165.00,"npi":[1063051159]},{"billed_charge":200.00,"npi":[1063051159]},{"billed_charge":250.00,"npi":[1063051159]},{"billed_charge":260.00,"npi":[1063051159]},{"billed_charge":487.00,"npi":[1063051159]}]},{"allowed_amount":0.00,"billing_code_modifier":[""],"providers":[{"billed_charge":60.00,"npi":[1063051159]},{"billed_charge":100.00,"npi":[1063051159]},{"billed_charge":132.00,"npi":[1063051159]},{"billed_charge":165.00,"npi":[1063051159]},{"billed_charge":200.00,"npi":[1063051159]},{"billed_charge":250.00,"npi":[1063051159]},{"billed_charge":260.00,"npi":[1063051159]},{"billed_charge":487.00,"npi":[1063051159]}]}]},{"tin":{"type":"ein","value":"843475920"},"service_code":["23"],"billing_class":"institutional","payments":[{"allowed_amount":0.00,"billing_code_modifier":[""],"providers":[{"billed_charge":60.00,"npi":[1063051159]},{"billed_charge":100.00,"npi":[1063051159]},{"billed_charge":132.00,"npi":[1063051159]},{"billed_charge":165.00,"npi":[1063051159]},{"billed_charge":200.00,"npi":[1063051159]},{"billed_charge":250.00,"npi":[1063051159]},{"billed_charge":260.00,"npi":[1063051159]},{"billed_charge":487.00,"npi":[1063051159]}]},{"allowed_amount":0.00,"billing_code_modifier":[""],"providers":[{"billed_charge":60.00,"npi":[1063051159]},{"billed_charge":100.00,"npi":[1063051159]},{"billed_charge":132.00,"npi":[1063051159]},{"billed_charge":165.00,"npi":[1063051159]},{"billed_charge":200.00,"npi":[1063051159]},{"billed_charge":250.00,"npi":[1063051159]},{"billed_charge":260.00,"npi":[1063051159]},{"billed_charge":487.00,"npi":[1063051159]}]},{"allowed_amount":0.00,"billing_code_modifier":[""],"providers":[{"billed_charge":60.00,"npi":[1063051159]},{"billed_charge":100.00,"npi":[1063051159]},{"billed_charge":132.00,"npi":[1063051159]},{"billed_charge":165.00,"npi":[1063051159]},{"billed_charge":200.00,"npi":[1063051159]},{"billed_charge":250.00,"npi":[1063051159]},{"billed_charge":260.00,"npi":[1063051159]},{"billed_charge":487.00,"npi":[1063051159]}]},{"allowed_amount":0.00,"billing_code_modifier":[""],"providers":[{"billed_charge":60.00,"npi":[1063051159]},{"billed_charge":100.00,"npi":[1063051159]},{"billed_charge":132.00,"npi":[1063051159]},{"billed_charge":165.00,"npi":[1063051159]},{"billed_charge":200.00,"npi":[1063051159]},{"billed_charge":250.00,"npi":[1063051159]},{"billed_charge":260.00,"npi":[1063051159]},{"billed_charge":487.00,"npi":[1063051159]}]},{"allowed_amount":0.00,"billing_code_modifier":[""],"providers":[{"billed_charge":60.00,"npi":[1063051159]},{"billed_charge":100.00,"npi":[1063051159]},{"billed_charge":132.00,"npi":[1063051159]},{"billed_charge":165.00,"npi":[1063051159]},{"billed_charge":200.00,"npi":[1063051159]},{"billed_charge":250.00,"npi":[1063051159]},{"billed_charge":260.00,"npi":[1063051159]},{"billed_charge":487.00,"npi":[1063051159]}]},{"allowed_amount":0.00,"billing_code_modifier":[""],"providers":[{"billed_charge":60.00,"npi":[1063051159]},{"billed_charge":100.00,"npi":[1063051159]},{"billed_charge":132.00,"npi":[1063051159]},{"billed_charge":165.00,"npi":[1063051159]},{"billed_charge":200.00,"npi":[1063051159]},{"billed_charge":250.00,"npi":[1063051159]},{"billed_charge":260.00,"npi":[1063051159]},{"billed_charge":487.00,"npi":[1063051159]}]},{"allowed_amount":0.00,"billing_code_modifier":[""],"providers":[{"billed_charge":60.00,"npi":[1063051159]},{"billed_charge":100.00,"npi":[1063051159]},{"billed_charge":132.00,"npi":[1063051159]},{"billed_charge":165.00,"npi":[1063051159]},{"billed_charge":200.00,"npi":[1063051159]},{"billed_charge":250.00,"npi":[1063051159]},{"billed_charge":260.00,"npi":[1063051159]},{"billed_charge":487.00,"npi":[1063051159]}]},{"allowed_amount":0.00,"billing_code_modifier":[""],"providers":[{"billed_charge":60.00,"npi":[1063051159]},{"billed_charge":100.00,"npi":[1063051159]},{"billed_charge":132.00,"npi":[1063051159]},{"billed_charge":165.00,"npi":[1063051159]},{"billed_charge":200.00,"npi":[1063051159]},{"billed_charge":250.00,"npi":[1063051159]},{"billed_charge":260.00,"npi":[1063051159]},{"billed_charge":487.00,"npi":[1063051159]}]}]},{"tin":{"type":"ein","value":"843475920"},"service_code":["23"],"billing_class":"institutional","payments":[{"allowed_amount":0.00,"billing_code_modifier":[""],"providers":[{"billed_charge":60.00,"npi":[1063051159]},{"billed_charge":100.00,"npi":[1063051159]},{"billed_charge":132.00,"npi":[1063051159]},{"billed_charge":165.00,"npi":[1063051159]},{"billed_charge":200.00,"npi":[1063051159]},{"billed_charge":250.00,"npi":[1063051159]},{"billed_charge":260.00,"npi":[1063051159]},{"billed_charge":487.00,"npi":[1063051159]}]},{"allowed_amount":0.00,"billing_code_modifier":[""],"providers":[{"billed_charge":60.00,"npi":[1063051159]},{"billed_charge":100.00,"npi":[1063051159]},{"billed_charge":132.00,"npi":[1063051159]},{"billed_charge":165.00,"npi":[1063051159]},{"billed_charge":200.00,"npi":[1063051159]},{"billed_charge":250.00,"npi":[1063051159]},{"billed_charge":260.00,"npi":[1063051159]},{"billed_charge":487.00,"npi":[1063051159]}]},{"allowed_amount":0.00,"billing_code_modifier":[""],"providers":[{"billed_charge":60.00,"npi":[1063051159]},{"billed_charge":100.00,"npi":[1063051159]},{"billed_charge":132.00,"npi":[1063051159]},{"billed_charge":165.00,"npi":[1063051159]},{"billed_charge":200.00,"npi":[1063051159]},{"billed_charge":250.00,"npi":[1063051159]},{"billed_charge":260.00,"npi":[1063051159]},{"billed_charge":487.00,"npi":[1063051159]}]},{"allowed_amount":0.00,"billing_code_modifier":[""],"providers":[{"billed_charge":60.00,"npi":[1063051159]},{"billed_charge":100.00,"npi":[1063051159]},{"billed_charge":132.00,"npi":[1063051159]},{"billed_charge":165.00,"npi":[1063051159]},{"billed_charge":200.00,"npi":[1063051159]},{"billed_charge":250.00,"npi":[1063051159]},{"billed_charge":260.00,"npi":[1063051159]},{"billed_charge":487.00,"npi":[1063051159]}]},{"allowed_amount":0.00,"billing_code_modifier":[""],"providers":[{"billed_charge":60.00,"npi":[1063051159]},{"billed_charge":100.00,"npi":[1063051159]},{"billed_charge":132.00,"npi":[1063051159]},{"billed_charge":165.00,"npi":[1063051159]},{"billed_charge":200.00,"npi":[1063051159]},{"billed_charge":250.00,"npi":[1063051159]},{"billed_charge":260.00,"npi":[1063051159]},{"billed_charge":487.00,"npi":[1063051159]}]},{"allowed_amount":0.00,"billing_code_modifier":[""],"providers":[{"billed_charge":60.00,"npi":[1063051159]},{"billed_charge":100.00,"npi":[1063051159]},{"billed_charge":132.00,"npi":[1063051159]},{"billed_charge":165.00,"npi":[1063051159]},{"billed_charge":200.00,"npi":[1063051159]},{"billed_charge":250.00,"npi":[1063051159]},{"billed_charge":260.00,"npi":[1063051159]},{"billed_charge":487.00,"npi":[1063051159]}]},{"allowed_amount":0.00,"billing_code_modifier":[""],"providers":[{"billed_charge":60.00,"npi":[1063051159]},{"billed_charge":100.00,"npi":[1063051159]},{"billed_charge":132.00,"npi":[1063051159]},{"billed_charge":165.00,"npi":[1063051159]},{"billed_charge":200.00,"npi":[1063051159]},{"billed_charge":250.00,"npi":[1063051159]},{"billed_charge":260.00,"npi":[1063051159]},{"billed_charge":487.00,"npi":[1063051159]}]},{"allowed_amount":0.00,"billing_code_modifier":[""],"providers":[{"billed_charge":60.00,"npi":[1063051159]},{"billed_charge":100.00,"npi":[1063051159]},{"billed_charge":132.00,"npi":[1063051159]},{"billed_charge":165.00,"npi":[1063051159]},{"billed_charge":200.00,"npi":[1063051159]},{"billed_charge":250.00,"npi":[1063051159]},{"billed_charge":260.00,"npi":[1063051159]},{"billed_charge":487.00,"npi":[1063051159]}]}]},{"tin":{"type":"ein","value":"843475920"},"service_code":["23"],"billing_class":"institutional","payments":[{"allowed_amount":0.00,"billing_code_modifier":[""],"providers":[{"billed_charge":60.00,"npi":[1063051159]},{"billed_charge":100.00,"npi":[1063051159]},{"billed_charge":132.00,"npi":[1063051159]},{"billed_charge":165.00,"npi":[1063051159]},{"billed_charge":200.00,"npi":[1063051159]},{"billed_charge":250.00,"npi":[1063051159]},{"billed_charge":260.00,"npi":[1063051159]},{"billed_charge":487.00,"npi":[1063051159]}]},{"allowed_amount":0.00,"billing_code_modifier":[""],"providers":[{"billed_charge":60.00,"npi":[1063051159]},{"billed_charge":100.00,"npi":[1063051159]},{"billed_charge":132.00,"npi":[1063051159]},{"billed_charge":165.00,"npi":[1063051159]},{"billed_charge":200.00,"npi":[1063051159]},{"billed_charge":250.00,"npi":[1063051159]},{"billed_charge":260.00,"npi":[1063051159]},{"billed_charge":487.00,"npi":[1063051159]}]},{"allowed_amount":0.00,"billing_code_modifier":[""],"providers":[{"billed_charge":60.00,"npi":[1063051159]},{"billed_charge":100.00,"npi":[1063051159]},{"billed_charge":132.00,"npi":[1063051159]},{"billed_charge":165.00,"npi":[1063051159]},{"billed_charge":200.00,"npi":[1063051159]},{"billed_charge":250.00,"npi":[1063051159]},{"billed_charge":260.00,"npi":[1063051159]},{"billed_charge":487.00,"npi":[1063051159]}]},{"allowed_amount":0.00,"billing_code_modifier":[""],"providers":[{"billed_charge":60.00,"npi":[1063051159]},{"billed_charge":100.00,"npi":[1063051159]},{"billed_charge":132.00,"npi":[1063051159]},{"billed_charge":165.00,"npi":[1063051159]},{"billed_charge":200.00,"npi":[1063051159]},{"billed_charge":250.00,"npi":[1063051159]},{"billed_charge":260.00,"npi":[1063051159]},{"billed_charge":487.00,"npi":[1063051159]}]},{"allowed_amount":0.00,"billing_code_modifier":[""],"providers":[{"billed_charge":60.00,"npi":[1063051159]},{"billed_charge":100.00,"npi":[1063051159]},{"billed_charge":132.00,"npi":[1063051159]},{"billed_charge":165.00,"npi":[1063051159]},{"billed_charge":200.00,"npi":[1063051159]},{"billed_charge":250.00,"npi":[1063051159]},{"billed_charge":260.00,"npi":[1063051159]},{"billed_charge":487.00,"npi":[1063051159]}]},{"allowed_amount":0.00,"billing_code_modifier":[""],"providers":[{"billed_charge":60.00,"npi":[1063051159]},{"billed_charge":100.00,"npi":[1063051159]},{"billed_charge":132.00,"npi":[1063051159]},{"billed_charge":165.00,"npi":[1063051159]},{"billed_charge":200.00,"npi":[1063051159]},{"billed_charge":250.00,"npi":[1063051159]},{"billed_charge":260.00,"npi":[1063051159]},{"billed_charge":487.00,"npi":[1063051159]}]},{"allowed_amount":0.00,"billing_code_modifier":[""],"providers":[{"billed_charge":60.00,"npi":[1063051159]},{"billed_charge":100.00,"npi":[1063051159]},{"billed_charge":132.00,"npi":[1063051159]},{"billed_charge":165.00,"npi":[1063051159]},{"billed_charge":200.00,"npi":[1063051159]},{"billed_charge":250.00,"npi":[1063051159]},{"billed_charge":260.00,"npi":[1063051159]},{"billed_charge":487.00,"npi":[1063051159]}]},{"allowed_amount":0.00,"billing_code_modifier":[""],"providers":[{"billed_charge":60.00,"npi":[1063051159]},{"billed_charge":100.00,"npi":[1063051159]},{"billed_charge":132.00,"npi":[1063051159]},{"billed_charge":165.00,"npi":[1063051159]},{"billed_charge":200.00,"npi":[1063051159]},{"billed_charge":250.00,"npi":[1063051159]},{"billed_charge":260.00,"npi":[1063051159]},{"billed_charge":487.00,"npi":[1063051159]}]}]},{"tin":{"type":"ein","value":"931585055"},"service_code":["23"],"billing_class":"institutional","payments":[{"allowed_amount":0.00,"billing_code_modifier":[""],"providers":[{"billed_charge":450.00,"npi":[1073297875]},{"billed_charge":1029.35,"npi":[1073297875]},{"billed_charge":2802.05,"npi":[1073297875]},{"billed_charge":3088.05,"npi":[1073297875]}]},{"allowed_amount":0.00,"billing_code_modifier":[""],"providers":[{"billed_charge":450.00,"npi":[1073297875]},{"billed_charge":1029.35,"npi":[1073297875]},{"billed_charge":2802.05,"npi":[1073297875]},{"billed_charge":3088.05,"npi":[1073297875]}]},{"allowed_amount":0.00,"billing_code_modifier":[""],"providers":[{"billed_charge":450.00,"npi":[1073297875]},{"billed_charge":1029.35,"npi":[1073297875]},{"billed_charge":2802.05,"npi":[1073297875]},{"billed_charge":3088.05,"npi":[1073297875]}]},{"allowed_amount":0.00,"billing_code_modifier":[""],"providers":[{"billed_charge":450.00,"npi":[1073297875]},{"billed_charge":1029.35,"npi":[1073297875]},{"billed_charge":2802.05,"npi":[1073297875]},{"billed_charge":3088.05,"npi":[1073297875]}]}]},{"tin":{"type":"ein","value":"931585055"},"service_code":["23"],"billing_class":"institutional","payments":[{"allowed_amount":0.00,"billing_code_modifier":[""],"providers":[{"billed_charge":450.00,"npi":[1073297875]},{"billed_charge":1029.35,"npi":[1073297875]},{"billed_charge":2802.05,"npi":[1073297875]},{"billed_charge":3088.05,"npi":[1073297875]}]},{"allowed_amount":0.00,"billing_code_modifier":[""],"providers":[{"billed_charge":450.00,"npi":[1073297875]},{"billed_charge":1029.35,"npi":[1073297875]},{"billed_charge":2802.05,"npi":[1073297875]},{"billed_charge":3088.05,"npi":[1073297875]}]},{"allowed_amount":0.00,"billing_code_modifier":[""],"providers":[{"billed_charge":450.00,"npi":[1073297875]},{"billed_charge":1029.35,"npi":[1073297875]},{"billed_charge":2802.05,"npi":[1073297875]},{"billed_charge":3088.05,"npi":[1073297875]}]},{"allowed_amount":0.00,"billing_code_modifier":[""],"providers":[{"billed_charge":450.00,"npi":[1073297875]},{"billed_charge":1029.35,"npi":[1073297875]},{"billed_charge":2802.05,"npi":[1073297875]},{"billed_charge":3088.05,"npi":[1073297875]}]}]},{"tin":{"type":"ein","value":"931585055"},"service_code":["23"],"billing_class":"institutional","payments":[{"allowed_amount":0.00,"billing_code_modifier":[""],"providers":[{"billed_charge":450.00,"npi":[1073297875]},{"billed_charge":1029.35,"npi":[1073297875]},{"billed_charge":2802.05,"npi":[1073297875]},{"billed_charge":3088.05,"npi":[1073297875]}]},{"allowed_amount":0.00,"billing_code_modifier":[""],"providers":[{"billed_charge":450.00,"npi":[1073297875]},{"billed_charge":1029.35,"npi":[1073297875]},{"billed_charge":2802.05,"npi":[1073297875]},{"billed_charge":3088.05,"npi":[1073297875]}]},{"allowed_amount":0.00,"billing_code_modifier":[""],"providers":[{"billed_charge":450.00,"npi":[1073297875]},{"billed_charge":1029.35,"npi":[1073297875]},{"billed_charge":2802.05,"npi":[1073297875]},{"billed_charge":3088.05,"npi":[1073297875]}]},{"allowed_amount":0.00,"billing_code_modifier":[""],"providers":[{"billed_charge":450.00,"npi":[1073297875]},{"billed_charge":1029.35,"npi":[1073297875]},{"billed_charge":2802.05,"npi":[1073297875]},{"billed_charge":3088.05,"npi":[1073297875]}]}]},{"tin":{"type":"ein","value":"931585055"},"service_code":["23"],"billing_class":"institutional","payments":[{"allowed_amount":0.00,"billing_code_modifier":[""],"providers":[{"billed_charge":450.00,"npi":[1073297875]},{"billed_charge":1029.35,"npi":[1073297875]},{"billed_charge":2802.05,"npi":[1073297875]},{"billed_charge":3088.05,"npi":[1073297875]}]},{"allowed_amount":0.00,"billing_code_modifier":[""],"providers":[{"billed_charge":450.00,"npi":[1073297875]},{"billed_charge":1029.35,"npi":[1073297875]},{"billed_charge":2802.05,"npi":[1073297875]},{"billed_charge":3088.05,"npi":[1073297875]}]},{"allowed_amount":0.00,"billing_code_modifier":[""],"providers":[{"billed_charge":450.00,"npi":[1073297875]},{"billed_charge":1029.35,"npi":[1073297875]},{"billed_charge":2802.05,"npi":[1073297875]},{"billed_charge":3088.05,"npi":[1073297875]}]},{"allowed_amount":0.00,"billing_code_modifier":[""],"providers":[{"billed_charge":450.00,"npi":[1073297875]},{"billed_charge":1029.35,"npi":[1073297875]},{"billed_charge":2802.05,"npi":[1073297875]},{"billed_charge":3088.05,"npi":[1073297875]}]}]}]}]}
