{"reporting_entity_name": "IEC Group_DBA AmeriBen",
	"reporting_entity_type": "Third Party Administrator",
	"plan_name": "THE MORNING STAR INSTITUTE",
	"plan_id_type": "ein",
	"plan_id": "510350573",
	"plan_market_type": "group",
	"last_updated_on": "2024-12-01","Version": "1.0.0","out_of_network":[{"name":"RESIDENTIAL TREATMENT-CHEMICAL DEPENDENCY","billing_code_type":"RC","billing_code_type_version":"UB04","billing_code":"1002","description":"RESIDENTIAL TREATMENT-CHEMICAL DEPENDENCY","allowed_amounts":[{"tin":{"type":"ein","value":"861840569"},"service_code":["21"],"billing_class":"institutional","payments":[{"allowed_amount":2199.61,"billing_code_modifier":[""],"providers":[{"billed_charge":4995.00,"npi":[1477214500,1801816764]}]}]}]},{"name":"THER PX 1\/> AREAS EACH 15 MIN NEUROMUSC REEDUCA","billing_code_type":"CPT","billing_code_type_version":"2020","billing_code":"97112","description":"THER PX 1\/> AREAS EACH 15 MIN NEUROMUSC REEDUCA","allowed_amounts":[{"tin":{"type":"ein","value":"450946475"},"service_code":["11"],"billing_class":"professional","payments":[{"allowed_amount":186.90,"billing_code_modifier":[""],"providers":[{"billed_charge":241.00,"npi":[1154613495,1366119117]}]}]}]}]}
