{"reporting_entity_name": "IEC Group_DBA AmeriBen",
	"reporting_entity_type": "Third Party Administrator",
	"plan_name": "CIRCA HOSPITALITY GROUP LLC",
	"plan_id_type": "ein",
	"plan_id": "830872449",
	"plan_market_type": "group",
	"last_updated_on": "2024-08-01","Version": "1.0.0","out_of_network":[{"name":"EMERGENCY DEPARTMENT VISIT HIGH MDM","billing_code_type":"CPT","billing_code_type_version":"2020","billing_code":"99285","description":"EMERGENCY DEPARTMENT VISIT HIGH MDM","allowed_amounts":[{"tin":{"type":"ein","value":"833597814"},"service_code":["23"],"billing_class":"professional","payments":[{"allowed_amount":268.71,"billing_code_modifier":[""],"providers":[{"billed_charge":1761.00,"npi":[1275673162,1548393127,1881151231]},{"billed_charge":3522.00,"npi":[1265504021,1265695209,1275673162,1487669263,1548393127,1881151231]}]},{"allowed_amount":268.71,"billing_code_modifier":[""],"providers":[{"billed_charge":1761.00,"npi":[1275673162,1548393127,1881151231]},{"billed_charge":3522.00,"npi":[1265504021,1265695209,1275673162,1487669263,1548393127,1881151231]}]}]},{"tin":{"type":"ein","value":"833597814"},"service_code":["23"],"billing_class":"professional","payments":[{"allowed_amount":268.71,"billing_code_modifier":[""],"providers":[{"billed_charge":1761.00,"npi":[1275673162,1548393127,1881151231]},{"billed_charge":3522.00,"npi":[1265504021,1265695209,1275673162,1487669263,1548393127,1881151231]}]},{"allowed_amount":268.71,"billing_code_modifier":[""],"providers":[{"billed_charge":1761.00,"npi":[1275673162,1548393127,1881151231]},{"billed_charge":3522.00,"npi":[1265504021,1265695209,1275673162,1487669263,1548393127,1881151231]}]}]},{"tin":{"type":"ein","value":"880262438"},"service_code":["23"],"billing_class":"professional","payments":[{"allowed_amount":268.71,"billing_code_modifier":[""],"providers":[{"billed_charge":1544.00,"npi":[1457306359,1679550149,1801209705]},{"billed_charge":1590.00,"npi":[1457306359,1518120971,1679550149,1861439952,1881155497,1902367469]}]},{"allowed_amount":268.71,"billing_code_modifier":[""],"providers":[{"billed_charge":1544.00,"npi":[1457306359,1679550149,1801209705]},{"billed_charge":1590.00,"npi":[1457306359,1518120971,1679550149,1861439952,1881155497,1902367469]}]}]},{"tin":{"type":"ein","value":"880262438"},"service_code":["23"],"billing_class":"professional","payments":[{"allowed_amount":268.71,"billing_code_modifier":[""],"providers":[{"billed_charge":1544.00,"npi":[1457306359,1679550149,1801209705]},{"billed_charge":1590.00,"npi":[1457306359,1518120971,1679550149,1861439952,1881155497,1902367469]}]},{"allowed_amount":268.71,"billing_code_modifier":[""],"providers":[{"billed_charge":1544.00,"npi":[1457306359,1679550149,1801209705]},{"billed_charge":1590.00,"npi":[1457306359,1518120971,1679550149,1861439952,1881155497,1902367469]}]}]}]},{"name":"OFFICE\/OUTPATIENT ESTABLISHED LOW MDM 20 MIN","billing_code_type":"CPT","billing_code_type_version":"2020","billing_code":"99213","description":"OFFICE\/OUTPATIENT ESTABLISHED LOW MDM 20 MIN","allowed_amounts":[{"tin":{"type":"ein","value":"010954094"},"service_code":["11"],"billing_class":"professional","payments":[{"allowed_amount":30.73,"billing_code_modifier":[""],"providers":[{"billed_charge":124.34,"npi":[1750606703,1982885513]}]}]},{"tin":{"type":"ein","value":"202378045"},"service_code":["11"],"billing_class":"professional","payments":[{"allowed_amount":30.73,"billing_code_modifier":[""],"providers":[{"billed_charge":310.00,"npi":[1073619359,1154427375,1306388251]}]}]},{"tin":{"type":"ein","value":"262964031"},"service_code":["11"],"billing_class":"professional","payments":[{"allowed_amount":30.73,"billing_code_modifier":[""],"providers":[{"billed_charge":213.00,"npi":[1083864177,1093205510,1144675414]}]}]},{"tin":{"type":"ein","value":"263148812"},"service_code":["11"],"billing_class":"professional","payments":[{"allowed_amount":30.73,"billing_code_modifier":[""],"providers":[{"billed_charge":140.00,"npi":[1326079096,1386205052,1740455229,1912155110]}]}]},{"tin":{"type":"ein","value":"412211089"},"service_code":["11"],"billing_class":"professional","payments":[{"allowed_amount":30.73,"billing_code_modifier":[""],"providers":[{"billed_charge":222.00,"npi":[1275511263,1861539652]}]}]},{"tin":{"type":"ein","value":"562656085"},"service_code":["11"],"billing_class":"professional","payments":[{"allowed_amount":30.73,"billing_code_modifier":[""],"providers":[{"billed_charge":199.65,"npi":[1710980743,1720294259]}]}]},{"tin":{"type":"ein","value":"710953164"},"service_code":["11"],"billing_class":"professional","payments":[{"allowed_amount":30.73,"billing_code_modifier":[""],"providers":[{"billed_charge":155.00,"npi":[1093366957,1942364054]}]}]},{"tin":{"type":"ein","value":"814011797"},"service_code":["11"],"billing_class":"professional","payments":[{"allowed_amount":30.73,"billing_code_modifier":[""],"providers":[{"billed_charge":156.00,"npi":[1558872986,1609327931]}]}]},{"tin":{"type":"ein","value":"880343249"},"service_code":["11"],"billing_class":"professional","payments":[{"allowed_amount":30.73,"billing_code_modifier":[""],"providers":[{"billed_charge":270.00,"npi":[1154610137,1235143264,1285829119]}]}]},{"tin":{"type":"ein","value":"880488270"},"service_code":["11"],"billing_class":"professional","payments":[{"allowed_amount":30.73,"billing_code_modifier":[""],"providers":[{"billed_charge":143.00,"npi":[1093230138,1508949462]}]}]},{"tin":{"type":"ein","value":"880496422"},"service_code":["11"],"billing_class":"professional","payments":[{"allowed_amount":30.73,"billing_code_modifier":[""],"providers":[{"billed_charge":200.00,"npi":[1578694022,1841536901]}]}]}]},{"name":"OFFICE\/OUTPATIENT ESTABLISHED MOD MDM 30 MIN","billing_code_type":"CPT","billing_code_type_version":"2020","billing_code":"99214","description":"OFFICE\/OUTPATIENT ESTABLISHED MOD MDM 30 MIN","allowed_amounts":[{"tin":{"type":"ein","value":"203203968"},"service_code":["11"],"billing_class":"professional","payments":[{"allowed_amount":47.37,"billing_code_modifier":[""],"providers":[{"billed_charge":165.00,"npi":[1164647244,1184615098]}]}]},{"tin":{"type":"ein","value":"204453113"},"service_code":["11"],"billing_class":"professional","payments":[{"allowed_amount":47.37,"billing_code_modifier":[""],"providers":[{"billed_charge":165.00,"npi":[1164954400,1790745065]}]}]},{"tin":{"type":"ein","value":"205869527"},"service_code":["11"],"billing_class":"professional","payments":[{"allowed_amount":47.37,"billing_code_modifier":[""],"providers":[{"billed_charge":169.00,"npi":[1427169986,1942366646]}]}]},{"tin":{"type":"ein","value":"260855946"},"service_code":["11"],"billing_class":"professional","payments":[{"allowed_amount":47.37,"billing_code_modifier":[""],"providers":[{"billed_charge":166.00,"npi":[1134108038,1679585400,1740475664]}]}]},{"tin":{"type":"ein","value":"262321457"},"service_code":["11"],"billing_class":"professional","payments":[{"allowed_amount":47.37,"billing_code_modifier":[""],"providers":[{"billed_charge":287.00,"npi":[1568122000,1629242698]}]}]},{"tin":{"type":"ein","value":"263148812"},"service_code":["11"],"billing_class":"professional","payments":[{"allowed_amount":47.37,"billing_code_modifier":[""],"providers":[{"billed_charge":150.00,"npi":[1326079096,1912155110]}]}]},{"tin":{"type":"ein","value":"461211666"},"service_code":["11"],"billing_class":"professional","payments":[{"allowed_amount":47.37,"billing_code_modifier":[""],"providers":[{"billed_charge":280.00,"npi":[1033328323,1205180767]}]}]},{"tin":{"type":"ein","value":"760776986"},"service_code":["11"],"billing_class":"professional","payments":[{"allowed_amount":47.37,"billing_code_modifier":[""],"providers":[{"billed_charge":150.00,"npi":[1548579022,1861564783]},{"billed_charge":250.00,"npi":[1548579022,1861564783]}]},{"allowed_amount":47.37,"billing_code_modifier":[""],"providers":[{"billed_charge":150.00,"npi":[1548579022,1861564783]},{"billed_charge":250.00,"npi":[1548579022,1861564783]}]}]},{"tin":{"type":"ein","value":"760776986"},"service_code":["11"],"billing_class":"professional","payments":[{"allowed_amount":47.37,"billing_code_modifier":[""],"providers":[{"billed_charge":150.00,"npi":[1548579022,1861564783]},{"billed_charge":250.00,"npi":[1548579022,1861564783]}]},{"allowed_amount":47.37,"billing_code_modifier":[""],"providers":[{"billed_charge":150.00,"npi":[1548579022,1861564783]},{"billed_charge":250.00,"npi":[1548579022,1861564783]}]}]},{"tin":{"type":"ein","value":"822164388"},"service_code":["10"],"billing_class":"professional","payments":[{"allowed_amount":47.37,"billing_code_modifier":[""],"providers":[{"billed_charge":332.00,"npi":[1316460850,1396498218]}]}]},{"tin":{"type":"ein","value":"833048030"},"service_code":["10"],"billing_class":"professional","payments":[{"allowed_amount":47.37,"billing_code_modifier":[""],"providers":[{"billed_charge":700.00,"npi":[1174907125,1790248284]}]}]},{"tin":{"type":"ein","value":"852369338"},"service_code":["11"],"billing_class":"professional","payments":[{"allowed_amount":47.37,"billing_code_modifier":[""],"providers":[{"billed_charge":526.24,"npi":[1467912386,1578176889]}]}]},{"tin":{"type":"ein","value":"880236758"},"service_code":["20"],"billing_class":"professional","payments":[{"allowed_amount":47.37,"billing_code_modifier":[""],"providers":[{"billed_charge":299.00,"npi":[1205203585,1841761277]}]}]},{"tin":{"type":"ein","value":"880240783"},"service_code":["11"],"billing_class":"professional","payments":[{"allowed_amount":47.37,"billing_code_modifier":[""],"providers":[{"billed_charge":500.00,"npi":[1114274057,1215991997,1376925016]}]}]},{"tin":{"type":"ein","value":"880332635"},"service_code":["11"],"billing_class":"professional","payments":[{"allowed_amount":47.37,"billing_code_modifier":[""],"providers":[{"billed_charge":335.50,"npi":[1629078100,1699776856]}]}]},{"tin":{"type":"ein","value":"880359170"},"service_code":["11"],"billing_class":"professional","payments":[{"allowed_amount":47.37,"billing_code_modifier":[""],"providers":[{"billed_charge":200.00,"npi":[1629362959,1932218096]}]}]},{"tin":{"type":"ein","value":"880390911"},"service_code":["11"],"billing_class":"professional","payments":[{"allowed_amount":47.37,"billing_code_modifier":[""],"providers":[{"billed_charge":150.00,"npi":[1144270349]}]}]},{"tin":{"type":"ein","value":"880404982"},"service_code":["11"],"billing_class":"professional","payments":[{"allowed_amount":47.37,"billing_code_modifier":[""],"providers":[{"billed_charge":1252.00,"npi":[1023465986,1659431443,1740954452]}]}]},{"tin":{"type":"ein","value":"880468323"},"service_code":["11"],"billing_class":"professional","payments":[{"allowed_amount":47.37,"billing_code_modifier":[""],"providers":[{"billed_charge":250.00,"npi":[1134538259,1205929320]}]}]},{"tin":{"type":"ein","value":"880510658"},"service_code":["11"],"billing_class":"professional","payments":[{"allowed_amount":47.37,"billing_code_modifier":[""],"providers":[{"billed_charge":740.59,"npi":[1144298928,1598741068,1942253075]}]}]},{"tin":{"type":"ein","value":"882181196"},"service_code":["11"],"billing_class":"professional","payments":[{"allowed_amount":47.37,"billing_code_modifier":[""],"providers":[{"billed_charge":397.29,"npi":[1003547340,1689788234]}]}]},{"tin":{"type":"ein","value":"921102765"},"service_code":["11"],"billing_class":"professional","payments":[{"allowed_amount":47.37,"billing_code_modifier":[""],"providers":[{"billed_charge":150.00,"npi":[1396454070,1801042528]}]}]}]},{"name":"SBSQ HOSPITAL IP\/OBS CARE MOD MDM 35 MINUTES","billing_code_type":"CPT","billing_code_type_version":"2020","billing_code":"99232","description":"SBSQ HOSPITAL IP\/OBS CARE MOD MDM 35 MINUTES","allowed_amounts":[{"tin":{"type":"ein","value":"943405629"},"service_code":["61"],"billing_class":"professional","payments":[{"allowed_amount":76.49,"billing_code_modifier":[""],"providers":[{"billed_charge":85.00,"npi":[1114991874,1518102060,1538164793,1568404119]}]}]}]}]}
