{"reporting_entity_name": "IEC Group_DBA AmeriBen",
	"reporting_entity_type": "Third Party Administrator",
	"plan_name": "GOJO INDUSTRIES, INC.",
	"plan_id_type": "ein",
	"plan_id": "340659953",
	"plan_market_type": "group",
	"last_updated_on": "2023-08-01","Version": "1.0.0","out_of_network":[{"name":"EMERGENCY DEPARTMENT VISIT HIGH MDM","billing_code_type":"CPT","billing_code_type_version":"2020","billing_code":"99285","description":"EMERGENCY DEPARTMENT VISIT HIGH MDM","allowed_amounts":[{"tin":{"type":"ein","value":"753002004"},"service_code":["23"],"billing_class":"professional","payments":[{"allowed_amount":193.88,"billing_code_modifier":[""],"providers":[{"billed_charge":1602.30,"npi":[1265471148,1396765681]}]}]}]},{"name":"PSYCHOTHERAPY W\/PATIENT 60 MINUTES","billing_code_type":"CPT","billing_code_type_version":"2020","billing_code":"90837","description":"PSYCHOTHERAPY W\/PATIENT 60 MINUTES","allowed_amounts":[{"tin":{"type":"ein","value":"262361922"},"service_code":["02","11"],"billing_class":"professional","payments":[{"allowed_amount":80.54,"billing_code_modifier":[""],"providers":[{"billed_charge":120.00,"npi":[1225355753,1972684702]}]}]},{"tin":{"type":"ein","value":"474264859"},"service_code":["02"],"billing_class":"professional","payments":[{"allowed_amount":80.54,"billing_code_modifier":[""],"providers":[{"billed_charge":150.00,"npi":[1851773360,1922746452]}]}]},{"tin":{"type":"ein","value":"861511947"},"service_code":["02"],"billing_class":"professional","payments":[{"allowed_amount":80.54,"billing_code_modifier":[""],"providers":[{"billed_charge":135.00,"npi":[1972060119]}]}]}]}]}
