{"reporting_entity_name": "IEC Group_DBA AmeriBen",
	"reporting_entity_type": "Third Party Administrator",
	"plan_name": "NEWELL BRANDS",
	"plan_id_type": "ein",
	"plan_id": "361953130",
	"plan_market_type": "group",
	"last_updated_on": "2023-12-01","Version": "1.0.0","out_of_network":[{"name":"2019-NCOV CRONAVIRUS\/COVID-19 ANY T","billing_code_type":"HCPCS","billing_code_type_version":"HCPCS LEVEL II 2021","billing_code":"U0004","description":"2019-NCOV CRONAVIRUS\/COVID-19 ANY T","allowed_amounts":[{"tin":{"type":"ein","value":"465330784"},"service_code":["81"],"billing_class":"professional","payments":[{"allowed_amount":90.00,"billing_code_modifier":[""],"providers":[{"billed_charge":125.00,"npi":[1336646686,1881868511,1932586427]}]}]},{"tin":{"type":"ein","value":"473588569"},"service_code":["81"],"billing_class":"professional","payments":[{"allowed_amount":90.00,"billing_code_modifier":[""],"providers":[{"billed_charge":225.00,"npi":[1164412771,1982091617]}]}]},{"tin":{"type":"ein","value":"820888370"},"service_code":["81"],"billing_class":"professional","payments":[{"allowed_amount":90.00,"billing_code_modifier":[""],"providers":[{"billed_charge":250.00,"npi":[1487135448]}]}]},{"tin":{"type":"ein","value":"831342609"},"service_code":["81"],"billing_class":"professional","payments":[{"allowed_amount":90.00,"billing_code_modifier":[""],"providers":[{"billed_charge":350.00,"npi":[1053541581,1073101028,1487815387]}]}]},{"tin":{"type":"ein","value":"841905194"},"service_code":["81"],"billing_class":"professional","payments":[{"allowed_amount":90.00,"billing_code_modifier":[""],"providers":[{"billed_charge":120.00,"npi":[1386240786,1891733374]}]}]}]},{"name":"APPL MODALITY 1\/> AREAS ELEC STIMJ UNATTENDED","billing_code_type":"CPT","billing_code_type_version":"2020","billing_code":"97014","description":"APPL MODALITY 1\/> AREAS ELEC STIMJ UNATTENDED","allowed_amounts":[{"tin":{"type":"ein","value":"010945706"},"service_code":["11"],"billing_class":"professional","payments":[{"allowed_amount":12.97,"billing_code_modifier":[""],"providers":[{"billed_charge":50.00,"npi":[1134853146,1720310352]}]}]},{"tin":{"type":"ein","value":"461010992"},"service_code":["11"],"billing_class":"professional","payments":[{"allowed_amount":15.49,"billing_code_modifier":[""],"providers":[{"billed_charge":25.00,"npi":[1689923690]}]}]},{"tin":{"type":"ein","value":"592943633"},"service_code":["11"],"billing_class":"professional","payments":[{"allowed_amount":12.97,"billing_code_modifier":[""],"providers":[{"billed_charge":48.00,"npi":[1851609721]}]}]},{"tin":{"type":"ein","value":"832176065"},"service_code":["11"],"billing_class":"professional","payments":[{"allowed_amount":15.49,"billing_code_modifier":[""],"providers":[{"billed_charge":90.00,"npi":[1669913323,1902424120]}]}]}]},{"name":"BLOOD COUNT COMPLETE AUTO&AUTO DIFRNTL WBC","billing_code_type":"CPT","billing_code_type_version":"2020","billing_code":"85025","description":"BLOOD COUNT COMPLETE AUTO&AUTO DIFRNTL WBC","allowed_amounts":[{"tin":{"type":"ein","value":"161387862"},"service_code":["81"],"billing_class":"professional","payments":[{"allowed_amount":9.32,"billing_code_modifier":[""],"providers":[{"billed_charge":45.50,"npi":[1558595066,1932145778]}]}]},{"tin":{"type":"ein","value":"232933949"},"service_code":["81"],"billing_class":"professional","payments":[{"allowed_amount":9.32,"billing_code_modifier":[""],"providers":[{"billed_charge":45.50,"npi":[1619040284,1992111421]}]}]},{"tin":{"type":"ein","value":"382084239"},"service_code":["81"],"billing_class":"professional","payments":[{"allowed_amount":9.32,"billing_code_modifier":[""],"providers":[{"billed_charge":45.50,"npi":[1336121557,1851597397,1932166386]}]}]},{"tin":{"type":"ein","value":"621585063"},"service_code":["11"],"billing_class":"professional","payments":[{"allowed_amount":9.32,"billing_code_modifier":[""],"providers":[{"billed_charge":19.00,"npi":[1750932778]}]}]},{"tin":{"type":"ein","value":"810576059"},"service_code":["81"],"billing_class":"professional","payments":[{"allowed_amount":9.32,"billing_code_modifier":[""],"providers":[{"billed_charge":15.54,"npi":[1033131610,1235186800]}]}]},{"tin":{"type":"ein","value":"811153052"},"service_code":["81"],"billing_class":"professional","payments":[{"allowed_amount":9.32,"billing_code_modifier":[""],"providers":[{"billed_charge":19.00,"npi":[1033652169,1700492642]}]}]},{"tin":{"type":"ein","value":"832205567"},"service_code":["81"],"billing_class":"professional","payments":[{"allowed_amount":9.32,"billing_code_modifier":[""],"providers":[{"billed_charge":19.43,"npi":[1386110153,1437481462]}]}]},{"tin":{"type":"ein","value":"840611484"},"service_code":["81"],"billing_class":"professional","payments":[{"allowed_amount":9.32,"billing_code_modifier":[""],"providers":[{"billed_charge":39.25,"npi":[1255314704,1902808678]},{"billed_charge":39.90,"npi":[1427336759,1659352276]},{"billed_charge":41.33,"npi":[1255314704,1902808678,1962499319]},{"billed_charge":58.00,"npi":[1255314704,1902808678]}]},{"allowed_amount":9.32,"billing_code_modifier":[""],"providers":[{"billed_charge":39.25,"npi":[1255314704,1902808678]},{"billed_charge":39.90,"npi":[1427336759,1659352276]},{"billed_charge":41.33,"npi":[1255314704,1902808678,1962499319]},{"billed_charge":58.00,"npi":[1255314704,1902808678]}]},{"allowed_amount":9.32,"billing_code_modifier":[""],"providers":[{"billed_charge":39.25,"npi":[1255314704,1902808678]},{"billed_charge":39.90,"npi":[1427336759,1659352276]},{"billed_charge":41.33,"npi":[1255314704,1902808678,1962499319]},{"billed_charge":58.00,"npi":[1255314704,1902808678]}]},{"allowed_amount":9.32,"billing_code_modifier":[""],"providers":[{"billed_charge":39.25,"npi":[1255314704,1902808678]},{"billed_charge":39.90,"npi":[1427336759,1659352276]},{"billed_charge":41.33,"npi":[1255314704,1902808678,1962499319]},{"billed_charge":58.00,"npi":[1255314704,1902808678]}]}]},{"tin":{"type":"ein","value":"840611484"},"service_code":["81"],"billing_class":"professional","payments":[{"allowed_amount":9.32,"billing_code_modifier":[""],"providers":[{"billed_charge":39.25,"npi":[1255314704,1902808678]},{"billed_charge":39.90,"npi":[1427336759,1659352276]},{"billed_charge":41.33,"npi":[1255314704,1902808678,1962499319]},{"billed_charge":58.00,"npi":[1255314704,1902808678]}]},{"allowed_amount":9.32,"billing_code_modifier":[""],"providers":[{"billed_charge":39.25,"npi":[1255314704,1902808678]},{"billed_charge":39.90,"npi":[1427336759,1659352276]},{"billed_charge":41.33,"npi":[1255314704,1902808678,1962499319]},{"billed_charge":58.00,"npi":[1255314704,1902808678]}]},{"allowed_amount":9.32,"billing_code_modifier":[""],"providers":[{"billed_charge":39.25,"npi":[1255314704,1902808678]},{"billed_charge":39.90,"npi":[1427336759,1659352276]},{"billed_charge":41.33,"npi":[1255314704,1902808678,1962499319]},{"billed_charge":58.00,"npi":[1255314704,1902808678]}]},{"allowed_amount":9.32,"billing_code_modifier":[""],"providers":[{"billed_charge":39.25,"npi":[1255314704,1902808678]},{"billed_charge":39.90,"npi":[1427336759,1659352276]},{"billed_charge":41.33,"npi":[1255314704,1902808678,1962499319]},{"billed_charge":58.00,"npi":[1255314704,1902808678]}]}]},{"tin":{"type":"ein","value":"840611484"},"service_code":["81"],"billing_class":"professional","payments":[{"allowed_amount":9.32,"billing_code_modifier":[""],"providers":[{"billed_charge":39.25,"npi":[1255314704,1902808678]},{"billed_charge":39.90,"npi":[1427336759,1659352276]},{"billed_charge":41.33,"npi":[1255314704,1902808678,1962499319]},{"billed_charge":58.00,"npi":[1255314704,1902808678]}]},{"allowed_amount":9.32,"billing_code_modifier":[""],"providers":[{"billed_charge":39.25,"npi":[1255314704,1902808678]},{"billed_charge":39.90,"npi":[1427336759,1659352276]},{"billed_charge":41.33,"npi":[1255314704,1902808678,1962499319]},{"billed_charge":58.00,"npi":[1255314704,1902808678]}]},{"allowed_amount":9.32,"billing_code_modifier":[""],"providers":[{"billed_charge":39.25,"npi":[1255314704,1902808678]},{"billed_charge":39.90,"npi":[1427336759,1659352276]},{"billed_charge":41.33,"npi":[1255314704,1902808678,1962499319]},{"billed_charge":58.00,"npi":[1255314704,1902808678]}]},{"allowed_amount":9.32,"billing_code_modifier":[""],"providers":[{"billed_charge":39.25,"npi":[1255314704,1902808678]},{"billed_charge":39.90,"npi":[1427336759,1659352276]},{"billed_charge":41.33,"npi":[1255314704,1902808678,1962499319]},{"billed_charge":58.00,"npi":[1255314704,1902808678]}]}]},{"tin":{"type":"ein","value":"840611484"},"service_code":["81"],"billing_class":"professional","payments":[{"allowed_amount":9.32,"billing_code_modifier":[""],"providers":[{"billed_charge":39.25,"npi":[1255314704,1902808678]},{"billed_charge":39.90,"npi":[1427336759,1659352276]},{"billed_charge":41.33,"npi":[1255314704,1902808678,1962499319]},{"billed_charge":58.00,"npi":[1255314704,1902808678]}]},{"allowed_amount":9.32,"billing_code_modifier":[""],"providers":[{"billed_charge":39.25,"npi":[1255314704,1902808678]},{"billed_charge":39.90,"npi":[1427336759,1659352276]},{"billed_charge":41.33,"npi":[1255314704,1902808678,1962499319]},{"billed_charge":58.00,"npi":[1255314704,1902808678]}]},{"allowed_amount":9.32,"billing_code_modifier":[""],"providers":[{"billed_charge":39.25,"npi":[1255314704,1902808678]},{"billed_charge":39.90,"npi":[1427336759,1659352276]},{"billed_charge":41.33,"npi":[1255314704,1902808678,1962499319]},{"billed_charge":58.00,"npi":[1255314704,1902808678]}]},{"allowed_amount":9.32,"billing_code_modifier":[""],"providers":[{"billed_charge":39.25,"npi":[1255314704,1902808678]},{"billed_charge":39.90,"npi":[1427336759,1659352276]},{"billed_charge":41.33,"npi":[1255314704,1902808678,1962499319]},{"billed_charge":58.00,"npi":[1255314704,1902808678]}]}]}]},{"name":"CCPD OPD\/HOME: CCPD COMP OR OTHER RATE","billing_code_type":"RC","billing_code_type_version":"UB04","billing_code":"0851","description":"CCPD OPD\/HOME: CCPD COMP OR OTHER RATE","allowed_amounts":[{"tin":{"type":"ein","value":"452722878"},"service_code":["65"],"billing_class":"institutional","payments":[{"allowed_amount":265.70,"billing_code_modifier":[""],"providers":[{"billed_charge":3374.00,"npi":[1225300056,1760593693]}]}]},{"tin":{"type":"ein","value":"452722878"},"service_code":["65"],"billing_class":"institutional","payments":[{"allowed_amount":316.07,"billing_code_modifier":[""],"providers":[{"billed_charge":3374.00,"npi":[1225300056,1760593693]}]}]},{"tin":{"type":"ein","value":"461501694"},"service_code":["65"],"billing_class":"institutional","payments":[{"allowed_amount":333.71,"billing_code_modifier":[""],"providers":[{"billed_charge":3374.00,"npi":[1275870503,1417919796]}]}]},{"tin":{"type":"ein","value":"461501694"},"service_code":["65"],"billing_class":"institutional","payments":[{"allowed_amount":333.73,"billing_code_modifier":[""],"providers":[{"billed_charge":3374.00,"npi":[1275870503,1417919796]}]}]}]},{"name":"CHIROPRACTIC MANIPULATIVE TX SPINAL 1-2 REGIONS","billing_code_type":"CPT","billing_code_type_version":"2020","billing_code":"98940","description":"CHIROPRACTIC MANIPULATIVE TX SPINAL 1-2 REGIONS","allowed_amounts":[{"tin":{"type":"ein","value":"813127110"},"service_code":["11"],"billing_class":"professional","payments":[{"allowed_amount":30.48,"billing_code_modifier":[""],"providers":[{"billed_charge":38.00,"npi":[1104278399,1205297074]},{"billed_charge":45.00,"npi":[1104278399,1205297074]}]},{"allowed_amount":30.48,"billing_code_modifier":[""],"providers":[{"billed_charge":38.00,"npi":[1104278399,1205297074]},{"billed_charge":45.00,"npi":[1104278399,1205297074]}]}]},{"tin":{"type":"ein","value":"813127110"},"service_code":["11"],"billing_class":"professional","payments":[{"allowed_amount":30.48,"billing_code_modifier":[""],"providers":[{"billed_charge":38.00,"npi":[1104278399,1205297074]},{"billed_charge":45.00,"npi":[1104278399,1205297074]}]},{"allowed_amount":30.48,"billing_code_modifier":[""],"providers":[{"billed_charge":38.00,"npi":[1104278399,1205297074]},{"billed_charge":45.00,"npi":[1104278399,1205297074]}]}]}]},{"name":"CHIROPRACTIC MANIPULATIVE TX SPINAL 3-4 REGIONS","billing_code_type":"CPT","billing_code_type_version":"2020","billing_code":"98941","description":"CHIROPRACTIC MANIPULATIVE TX SPINAL 3-4 REGIONS","allowed_amounts":[{"tin":{"type":"ein","value":"010945706"},"service_code":["11"],"billing_class":"professional","payments":[{"allowed_amount":47.12,"billing_code_modifier":[""],"providers":[{"billed_charge":85.00,"npi":[1134853146,1720310352]}]}]}]},{"name":"COMPREHENSIVE METABOLIC PANEL","billing_code_type":"CPT","billing_code_type_version":"2020","billing_code":"80053","description":"COMPREHENSIVE METABOLIC PANEL","allowed_amounts":[{"tin":{"type":"ein","value":"112981029"},"service_code":["81"],"billing_class":"professional","payments":[{"allowed_amount":12.67,"billing_code_modifier":[""],"providers":[{"billed_charge":36.30,"npi":[1013136464,1376587113]}]}]},{"tin":{"type":"ein","value":"161387862"},"service_code":["81"],"billing_class":"professional","payments":[{"allowed_amount":12.67,"billing_code_modifier":[""],"providers":[{"billed_charge":88.07,"npi":[1558595066,1932145778]}]}]},{"tin":{"type":"ein","value":"273012584"},"service_code":["81"],"billing_class":"professional","payments":[{"allowed_amount":12.67,"billing_code_modifier":[""],"providers":[{"billed_charge":15.00,"npi":[1104255215,1699401869]}]}]},{"tin":{"type":"ein","value":"382084239"},"service_code":["81"],"billing_class":"professional","payments":[{"allowed_amount":12.67,"billing_code_modifier":[""],"providers":[{"billed_charge":88.07,"npi":[1134336332,1336121557,1437199965,1851597397,1932166386]}]}]},{"tin":{"type":"ein","value":"621585063"},"service_code":["11"],"billing_class":"professional","payments":[{"allowed_amount":12.67,"billing_code_modifier":[""],"providers":[{"billed_charge":21.00,"npi":[1750932778]}]}]},{"tin":{"type":"ein","value":"810576059"},"service_code":["81"],"billing_class":"professional","payments":[{"allowed_amount":12.67,"billing_code_modifier":[""],"providers":[{"billed_charge":21.12,"npi":[1033131610,1235186800,1801837455]}]}]},{"tin":{"type":"ein","value":"811153052"},"service_code":["81"],"billing_class":"professional","payments":[{"allowed_amount":12.67,"billing_code_modifier":[""],"providers":[{"billed_charge":26.00,"npi":[1033652169,1700492642]}]}]},{"tin":{"type":"ein","value":"832205567"},"service_code":["81"],"billing_class":"professional","payments":[{"allowed_amount":12.67,"billing_code_modifier":[""],"providers":[{"billed_charge":26.40,"npi":[1386110153,1437481462]}]}]},{"tin":{"type":"ein","value":"840611484"},"service_code":["81"],"billing_class":"professional","payments":[{"allowed_amount":12.67,"billing_code_modifier":[""],"providers":[{"billed_charge":51.25,"npi":[1255314704,1902808678]},{"billed_charge":51.45,"npi":[1427336759,1659352276]},{"billed_charge":53.33,"npi":[1255314704,1902808678]}]},{"allowed_amount":12.67,"billing_code_modifier":[""],"providers":[{"billed_charge":51.25,"npi":[1255314704,1902808678]},{"billed_charge":51.45,"npi":[1427336759,1659352276]},{"billed_charge":53.33,"npi":[1255314704,1902808678]}]},{"allowed_amount":12.67,"billing_code_modifier":[""],"providers":[{"billed_charge":51.25,"npi":[1255314704,1902808678]},{"billed_charge":51.45,"npi":[1427336759,1659352276]},{"billed_charge":53.33,"npi":[1255314704,1902808678]}]}]},{"tin":{"type":"ein","value":"840611484"},"service_code":["81"],"billing_class":"professional","payments":[{"allowed_amount":12.67,"billing_code_modifier":[""],"providers":[{"billed_charge":51.25,"npi":[1255314704,1902808678]},{"billed_charge":51.45,"npi":[1427336759,1659352276]},{"billed_charge":53.33,"npi":[1255314704,1902808678]}]},{"allowed_amount":12.67,"billing_code_modifier":[""],"providers":[{"billed_charge":51.25,"npi":[1255314704,1902808678]},{"billed_charge":51.45,"npi":[1427336759,1659352276]},{"billed_charge":53.33,"npi":[1255314704,1902808678]}]},{"allowed_amount":12.67,"billing_code_modifier":[""],"providers":[{"billed_charge":51.25,"npi":[1255314704,1902808678]},{"billed_charge":51.45,"npi":[1427336759,1659352276]},{"billed_charge":53.33,"npi":[1255314704,1902808678]}]}]},{"tin":{"type":"ein","value":"840611484"},"service_code":["81"],"billing_class":"professional","payments":[{"allowed_amount":12.67,"billing_code_modifier":[""],"providers":[{"billed_charge":51.25,"npi":[1255314704,1902808678]},{"billed_charge":51.45,"npi":[1427336759,1659352276]},{"billed_charge":53.33,"npi":[1255314704,1902808678]}]},{"allowed_amount":12.67,"billing_code_modifier":[""],"providers":[{"billed_charge":51.25,"npi":[1255314704,1902808678]},{"billed_charge":51.45,"npi":[1427336759,1659352276]},{"billed_charge":53.33,"npi":[1255314704,1902808678]}]},{"allowed_amount":12.67,"billing_code_modifier":[""],"providers":[{"billed_charge":51.25,"npi":[1255314704,1902808678]},{"billed_charge":51.45,"npi":[1427336759,1659352276]},{"billed_charge":53.33,"npi":[1255314704,1902808678]}]}]}]},{"name":"DRUGS REQUIRE SPECIFIC ID: DRUGS REQUIRING DETAIL","billing_code_type":"RC","billing_code_type_version":"UB04","billing_code":"0636","description":"DRUGS REQUIRE SPECIFIC ID: DRUGS REQUIRING DETAIL","allowed_amounts":[{"tin":{"type":"ein","value":"043085674"},"service_code":["65"],"billing_class":"institutional","payments":[{"allowed_amount":23.90,"billing_code_modifier":[""],"providers":[{"billed_charge":736.65,"npi":[1508341363,1871887182]}]}]},{"tin":{"type":"ein","value":"043110360"},"service_code":["65"],"billing_class":"institutional","payments":[{"allowed_amount":6.19,"billing_code_modifier":[""],"providers":[{"billed_charge":189.25,"npi":[1356459275,1669587523]}]}]}]},{"name":"HEMO OPD\/HOME: HEMODIALYSIS COMP OR OTHER RATE","billing_code_type":"RC","billing_code_type_version":"UB04","billing_code":"0821","description":"HEMO OPD\/HOME: HEMODIALYSIS COMP OR OTHER RATE","allowed_amounts":[{"tin":{"type":"ein","value":"043085674"},"service_code":["65"],"billing_class":"institutional","payments":[{"allowed_amount":272.93,"billing_code_modifier":[""],"providers":[{"billed_charge":8411.43,"npi":[1508341363,1871887182]}]}]},{"tin":{"type":"ein","value":"043110360"},"service_code":["65"],"billing_class":"institutional","payments":[{"allowed_amount":274.89,"billing_code_modifier":[""],"providers":[{"billed_charge":8411.43,"npi":[1356459275,1669587523]}]}]},{"tin":{"type":"ein","value":"621727146"},"service_code":["65"],"billing_class":"institutional","payments":[{"allowed_amount":291.37,"billing_code_modifier":[""],"providers":[{"billed_charge":8411.43,"npi":[1275645095,1407848104]}]}]},{"tin":{"type":"ein","value":"621727146"},"service_code":["65"],"billing_class":"institutional","payments":[{"allowed_amount":292.35,"billing_code_modifier":[""],"providers":[{"billed_charge":8411.43,"npi":[1275645095,1407848104]}]}]},{"tin":{"type":"ein","value":"621851694"},"service_code":["65"],"billing_class":"institutional","payments":[{"allowed_amount":246.36,"billing_code_modifier":[""],"providers":[{"billed_charge":8010.89,"npi":[1194834903,1205801644]}]}]},{"tin":{"type":"ein","value":"621851694"},"service_code":["65"],"billing_class":"institutional","payments":[{"allowed_amount":265.79,"billing_code_modifier":[""],"providers":[{"billed_charge":8411.43,"npi":[1194834903,1205801644]}]}]},{"tin":{"type":"ein","value":"621851694"},"service_code":["65"],"billing_class":"institutional","payments":[{"allowed_amount":304.85,"billing_code_modifier":[""],"providers":[{"billed_charge":8411.43,"npi":[1194834903,1205801644]}]}]}]},{"name":"HEMOGLOBIN GLYCOSYLATED A1C","billing_code_type":"CPT","billing_code_type_version":"2020","billing_code":"83036","description":"HEMOGLOBIN GLYCOSYLATED A1C","allowed_amounts":[{"tin":{"type":"ein","value":"112981029"},"service_code":["81"],"billing_class":"professional","payments":[{"allowed_amount":11.65,"billing_code_modifier":[""],"providers":[{"billed_charge":23.50,"npi":[1013136464,1376587113,1720322209]}]}]},{"tin":{"type":"ein","value":"382084239"},"service_code":["81"],"billing_class":"professional","payments":[{"allowed_amount":11.65,"billing_code_modifier":[""],"providers":[{"billed_charge":74.25,"npi":[1023272283,1760477202,1851597397,1932166386]}]}]},{"tin":{"type":"ein","value":"810576059"},"service_code":["81"],"billing_class":"professional","payments":[{"allowed_amount":11.65,"billing_code_modifier":[""],"providers":[{"billed_charge":40.68,"npi":[1144781980,1144814310,1235186800,1326400995,1528474988]}]}]},{"tin":{"type":"ein","value":"832205567"},"service_code":["81"],"billing_class":"professional","payments":[{"allowed_amount":11.65,"billing_code_modifier":[""],"providers":[{"billed_charge":24.28,"npi":[1386110153,1437481462]}]}]},{"tin":{"type":"ein","value":"840611484"},"service_code":["81"],"billing_class":"professional","payments":[{"allowed_amount":11.65,"billing_code_modifier":[""],"providers":[{"billed_charge":66.25,"npi":[1255314704,1902808678]}]}]}]},{"name":"IA DET DNA\/RNA; COVID-19 AMP P T","billing_code_type":"HCPCS","billing_code_type_version":"HCPCS LEVEL II 2021","billing_code":"U0003","description":"IA DET DNA\/RNA; COVID-19 AMP P T","allowed_amounts":[{"tin":{"type":"ein","value":"201236503"},"service_code":["81"],"billing_class":"professional","payments":[{"allowed_amount":90.00,"billing_code_modifier":[""],"providers":[{"billed_charge":150.00,"npi":[1114903465,1225110497]}]}]},{"tin":{"type":"ein","value":"473727159"},"service_code":["81"],"billing_class":"professional","payments":[{"allowed_amount":90.00,"billing_code_modifier":[""],"providers":[{"billed_charge":125.00,"npi":[1568760924,1841821501,1912521568]}]}]},{"tin":{"type":"ein","value":"611954684"},"service_code":["81"],"billing_class":"professional","payments":[{"allowed_amount":90.00,"billing_code_modifier":[""],"providers":[{"billed_charge":249.00,"npi":[1659975647]}]}]},{"tin":{"type":"ein","value":"621433252"},"service_code":["81"],"billing_class":"professional","payments":[{"allowed_amount":90.00,"billing_code_modifier":[""],"providers":[{"billed_charge":125.00,"npi":[1255755450,1417238007,1689639544]}]}]},{"tin":{"type":"ein","value":"830814475"},"service_code":["81"],"billing_class":"professional","payments":[{"allowed_amount":90.00,"billing_code_modifier":[""],"providers":[{"billed_charge":90.00,"npi":[1053806117,1174009245]}]}]},{"tin":{"type":"ein","value":"872642408"},"service_code":["81"],"billing_class":"professional","payments":[{"allowed_amount":90.00,"billing_code_modifier":[""],"providers":[{"billed_charge":325.00,"npi":[1154089241,1326062597]}]}]}]},{"name":"IADNA NOS AMPLIFIED PROBE TQ EACH ORGANISM","billing_code_type":"CPT","billing_code_type_version":"2020","billing_code":"87798","description":"IADNA NOS AMPLIFIED PROBE TQ EACH ORGANISM","allowed_amounts":[{"tin":{"type":"ein","value":"223510467"},"service_code":["81"],"billing_class":"professional","payments":[{"allowed_amount":42.11,"billing_code_modifier":[""],"providers":[{"billed_charge":130.00,"npi":[1073893475,1750373908]}]}]},{"tin":{"type":"ein","value":"621433252"},"service_code":["81"],"billing_class":"professional","payments":[{"allowed_amount":42.11,"billing_code_modifier":[""],"providers":[{"billed_charge":43.86,"npi":[1003114257,1689639544]}]}]}]},{"name":"INFEC AGEN DETEC AMPLI PROBE","billing_code_type":"HCPCS","billing_code_type_version":"HCPCS LEVEL II 2021","billing_code":"U0005","description":"INFEC AGEN DETEC AMPLI PROBE","allowed_amounts":[{"tin":{"type":"ein","value":"201236503"},"service_code":["81"],"billing_class":"professional","payments":[{"allowed_amount":30.00,"billing_code_modifier":[""],"providers":[{"billed_charge":50.00,"npi":[1114903465,1225110497]}]}]},{"tin":{"type":"ein","value":"465330784"},"service_code":["81"],"billing_class":"professional","payments":[{"allowed_amount":30.00,"billing_code_modifier":[""],"providers":[{"billed_charge":75.00,"npi":[1881868511,1932586427]}]}]},{"tin":{"type":"ein","value":"473588569"},"service_code":["81"],"billing_class":"professional","payments":[{"allowed_amount":30.00,"billing_code_modifier":[""],"providers":[{"billed_charge":75.00,"npi":[1164412771,1982091617]}]}]},{"tin":{"type":"ein","value":"611954684"},"service_code":["81"],"billing_class":"professional","payments":[{"allowed_amount":30.00,"billing_code_modifier":[""],"providers":[{"billed_charge":75.00,"npi":[1659975647]}]}]},{"tin":{"type":"ein","value":"621433252"},"service_code":["81"],"billing_class":"professional","payments":[{"allowed_amount":30.00,"billing_code_modifier":[""],"providers":[{"billed_charge":31.25,"npi":[1255755450,1417238007,1689639544]}]}]},{"tin":{"type":"ein","value":"820888370"},"service_code":["81"],"billing_class":"professional","payments":[{"allowed_amount":30.00,"billing_code_modifier":[""],"providers":[{"billed_charge":50.00,"npi":[1487135448]}]}]},{"tin":{"type":"ein","value":"830814475"},"service_code":["81"],"billing_class":"professional","payments":[{"allowed_amount":30.00,"billing_code_modifier":[""],"providers":[{"billed_charge":30.00,"npi":[1053806117,1174009245]}]}]},{"tin":{"type":"ein","value":"831342609"},"service_code":["81"],"billing_class":"professional","payments":[{"allowed_amount":30.00,"billing_code_modifier":[""],"providers":[{"billed_charge":100.00,"npi":[1053541581,1073101028,1487815387]}]}]},{"tin":{"type":"ein","value":"841905194"},"service_code":["81"],"billing_class":"professional","payments":[{"allowed_amount":30.00,"billing_code_modifier":[""],"providers":[{"billed_charge":40.00,"npi":[1386240786,1891733374]}]}]},{"tin":{"type":"ein","value":"872642408"},"service_code":["81"],"billing_class":"professional","payments":[{"allowed_amount":30.00,"billing_code_modifier":[""],"providers":[{"billed_charge":75.00,"npi":[1154089241,1326062597]}]}]}]},{"name":"LACTATION CLASS NON-PHYS PROV-SESS","billing_code_type":"HCPCS","billing_code_type_version":"HCPCS LEVEL II 2021","billing_code":"S9443","description":"LACTATION CLASS NON-PHYS PROV-SESS","allowed_amounts":[{"tin":{"type":"ein","value":"822736113"},"service_code":["11","12"],"billing_class":"professional","payments":[{"allowed_amount":95.12,"billing_code_modifier":[""],"providers":[{"billed_charge":900.00,"npi":[1144749391]},{"billed_charge":500.00,"npi":[1144749391]}]},{"allowed_amount":95.12,"billing_code_modifier":[""],"providers":[{"billed_charge":900.00,"npi":[1144749391]},{"billed_charge":500.00,"npi":[1144749391]}]}]},{"tin":{"type":"ein","value":"822736113"},"service_code":["12"],"billing_class":"professional","payments":[{"allowed_amount":95.12,"billing_code_modifier":[""],"providers":[{"billed_charge":900.00,"npi":[1144749391]},{"billed_charge":500.00,"npi":[1144749391]}]},{"allowed_amount":95.12,"billing_code_modifier":[""],"providers":[{"billed_charge":900.00,"npi":[1144749391]},{"billed_charge":500.00,"npi":[1144749391]}]}]}]},{"name":"LIPID PANEL","billing_code_type":"CPT","billing_code_type_version":"2020","billing_code":"80061","description":"LIPID PANEL","allowed_amounts":[{"tin":{"type":"ein","value":"043248020"},"service_code":["81"],"billing_class":"professional","payments":[{"allowed_amount":16.07,"billing_code_modifier":[""],"providers":[{"billed_charge":148.10,"npi":[1376607168,1952347791]}]}]},{"tin":{"type":"ein","value":"112981029"},"service_code":["81"],"billing_class":"professional","payments":[{"allowed_amount":16.07,"billing_code_modifier":[""],"providers":[{"billed_charge":37.50,"npi":[1013136464,1376587113,1720322209]}]}]},{"tin":{"type":"ein","value":"133757370"},"service_code":["81"],"billing_class":"professional","payments":[{"allowed_amount":16.07,"billing_code_modifier":[""],"providers":[{"billed_charge":102.90,"npi":[1295726032,1982756235]}]}]},{"tin":{"type":"ein","value":"382084239"},"service_code":["81"],"billing_class":"professional","payments":[{"allowed_amount":16.07,"billing_code_modifier":[""],"providers":[{"billed_charge":148.10,"npi":[1023272283,1336121557,1518959964,1760477202,1851597397,1932166386]}]}]},{"tin":{"type":"ein","value":"810576059"},"service_code":["81"],"billing_class":"professional","payments":[{"allowed_amount":16.07,"billing_code_modifier":[""],"providers":[{"billed_charge":56.16,"npi":[1144781980,1144814310,1164699435,1235186800,1528474988]}]}]},{"tin":{"type":"ein","value":"811153052"},"service_code":["81"],"billing_class":"professional","payments":[{"allowed_amount":16.07,"billing_code_modifier":[""],"providers":[{"billed_charge":33.00,"npi":[1033652169,1700492642]}]}]},{"tin":{"type":"ein","value":"832205567"},"service_code":["81"],"billing_class":"professional","payments":[{"allowed_amount":16.07,"billing_code_modifier":[""],"providers":[{"billed_charge":33.48,"npi":[1386110153,1437481462]}]}]},{"tin":{"type":"ein","value":"840611484"},"service_code":["81"],"billing_class":"professional","payments":[{"allowed_amount":16.07,"billing_code_modifier":[""],"providers":[{"billed_charge":61.25,"npi":[1255314704,1902808678]},{"billed_charge":63.34,"npi":[1255314704,1902808678]}]},{"allowed_amount":16.07,"billing_code_modifier":[""],"providers":[{"billed_charge":61.25,"npi":[1255314704,1902808678]},{"billed_charge":63.34,"npi":[1255314704,1902808678]}]}]},{"tin":{"type":"ein","value":"840611484"},"service_code":["81"],"billing_class":"professional","payments":[{"allowed_amount":16.07,"billing_code_modifier":[""],"providers":[{"billed_charge":61.25,"npi":[1255314704,1902808678]},{"billed_charge":63.34,"npi":[1255314704,1902808678]}]},{"allowed_amount":16.07,"billing_code_modifier":[""],"providers":[{"billed_charge":61.25,"npi":[1255314704,1902808678]},{"billed_charge":63.34,"npi":[1255314704,1902808678]}]}]}]},{"name":"MANUAL THERAPY TQS 1\/> REGIONS EACH 15 MINUTES","billing_code_type":"CPT","billing_code_type_version":"2020","billing_code":"97140","description":"MANUAL THERAPY TQS 1\/> REGIONS EACH 15 MINUTES","allowed_amounts":[{"tin":{"type":"ein","value":"010945706"},"service_code":["11"],"billing_class":"professional","payments":[{"allowed_amount":32.45,"billing_code_modifier":[""],"providers":[{"billed_charge":80.00,"npi":[1134853146,1720310352]}]}]},{"tin":{"type":"ein","value":"592943633"},"service_code":["11"],"billing_class":"professional","payments":[{"allowed_amount":32.45,"billing_code_modifier":[""],"providers":[{"billed_charge":65.00,"npi":[1851609721]}]}]},{"tin":{"type":"ein","value":"832176065"},"service_code":["11"],"billing_class":"professional","payments":[{"allowed_amount":36.72,"billing_code_modifier":[""],"providers":[{"billed_charge":165.00,"npi":[1669913323,1902424120]}]}]}]},{"name":"MEDICAL\/SURGICAL SUPPLIES","billing_code_type":"RC","billing_code_type_version":"UB04","billing_code":"0270","description":"MEDICAL\/SURGICAL SUPPLIES","allowed_amounts":[{"tin":{"type":"ein","value":"043085674"},"service_code":["65"],"billing_class":"institutional","payments":[{"allowed_amount":4.61,"billing_code_modifier":[""],"providers":[{"billed_charge":142.00,"npi":[1508341363,1871887182]}]}]},{"tin":{"type":"ein","value":"043085674"},"service_code":["65"],"billing_class":"institutional","payments":[{"allowed_amount":4.80,"billing_code_modifier":[""],"providers":[{"billed_charge":142.00,"npi":[1508341363,1871887182]}]}]},{"tin":{"type":"ein","value":"621851694"},"service_code":["65"],"billing_class":"institutional","payments":[{"allowed_amount":4.16,"billing_code_modifier":[""],"providers":[{"billed_charge":135.24,"npi":[1194834903,1205801644]}]}]},{"tin":{"type":"ein","value":"621851694"},"service_code":["65"],"billing_class":"institutional","payments":[{"allowed_amount":4.48,"billing_code_modifier":[""],"providers":[{"billed_charge":142.00,"npi":[1194834903,1205801644]}]}]}]},{"name":"PHARMACY","billing_code_type":"RC","billing_code_type_version":"UB04","billing_code":"0250","description":"PHARMACY","allowed_amounts":[{"tin":{"type":"ein","value":"043085674"},"service_code":["65"],"billing_class":"institutional","payments":[{"allowed_amount":1.71,"billing_code_modifier":[""],"providers":[{"billed_charge":52.90,"npi":[1508341363,1871887182]}]}]},{"tin":{"type":"ein","value":"043085674"},"service_code":["65"],"billing_class":"institutional","payments":[{"allowed_amount":1.78,"billing_code_modifier":[""],"providers":[{"billed_charge":52.90,"npi":[1508341363,1871887182]}]}]},{"tin":{"type":"ein","value":"043085674"},"service_code":["65"],"billing_class":"institutional","payments":[{"allowed_amount":9.20,"billing_code_modifier":[""],"providers":[{"billed_charge":283.70,"npi":[1508341363,1871887182]}]}]},{"tin":{"type":"ein","value":"043085674"},"service_code":["65"],"billing_class":"institutional","payments":[{"allowed_amount":9.58,"billing_code_modifier":[""],"providers":[{"billed_charge":283.70,"npi":[1508341363,1871887182]}]}]},{"tin":{"type":"ein","value":"621851694"},"service_code":["65"],"billing_class":"institutional","payments":[{"allowed_amount":1.55,"billing_code_modifier":[""],"providers":[{"billed_charge":50.38,"npi":[1194834903,1205801644]}]}]},{"tin":{"type":"ein","value":"621851694"},"service_code":["65"],"billing_class":"institutional","payments":[{"allowed_amount":2.99,"billing_code_modifier":[""],"providers":[{"billed_charge":94.57,"npi":[1194834903,1205801644]}]}]}]},{"name":"PSYCHIATRIC\/PSYCHOLOGICAL TRT: INTENSIVE OUTPATIEN","billing_code_type":"RC","billing_code_type_version":"UB04","billing_code":"0905","description":"PSYCHIATRIC\/PSYCHOLOGICAL TRT: INTENSIVE OUTPATIEN","allowed_amounts":[{"tin":{"type":"ein","value":"821881756"},"service_code":["22"],"billing_class":"institutional","payments":[{"allowed_amount":2189.44,"billing_code_modifier":[""],"providers":[{"billed_charge":2925.00,"npi":[1669453262,1891216511]}]}]}]},{"name":"PSYCHOTHERAPY W\/PATIENT 45 MINUTES","billing_code_type":"CPT","billing_code_type_version":"2020","billing_code":"90834","description":"PSYCHOTHERAPY W\/PATIENT 45 MINUTES","allowed_amounts":[{"tin":{"type":"ein","value":"142389366"},"service_code":["11"],"billing_class":"professional","payments":[{"allowed_amount":129.20,"billing_code_modifier":[""],"providers":[{"billed_charge":350.00,"npi":[1437268349]}]}]},{"tin":{"type":"ein","value":"203141953"},"service_code":["11"],"billing_class":"professional","payments":[{"allowed_amount":117.02,"billing_code_modifier":[""],"providers":[{"billed_charge":250.00,"npi":[1154674349,1770678344]}]}]},{"tin":{"type":"ein","value":"463707169"},"service_code":["11"],"billing_class":"professional","payments":[{"allowed_amount":129.20,"billing_code_modifier":[""],"providers":[{"billed_charge":250.00,"npi":[1134561970]}]}]},{"tin":{"type":"ein","value":"812153966"},"service_code":["02"],"billing_class":"professional","payments":[{"allowed_amount":129.20,"billing_code_modifier":[""],"providers":[{"billed_charge":315.00,"npi":[1114307055]}]}]},{"tin":{"type":"ein","value":"999999999"},"service_code":["11"],"billing_class":"professional","payments":[{"allowed_amount":117.02,"billing_code_modifier":[""],"providers":[{"billed_charge":160.00,"npi":[1639439201]},{"billed_charge":250.00,"npi":[1770678344]}]},{"allowed_amount":117.02,"billing_code_modifier":[""],"providers":[{"billed_charge":160.00,"npi":[1639439201]},{"billed_charge":250.00,"npi":[1770678344]}]}]},{"tin":{"type":"ein","value":"999999999"},"service_code":["11"],"billing_class":"professional","payments":[{"allowed_amount":117.02,"billing_code_modifier":[""],"providers":[{"billed_charge":160.00,"npi":[1639439201]},{"billed_charge":250.00,"npi":[1770678344]}]},{"allowed_amount":117.02,"billing_code_modifier":[""],"providers":[{"billed_charge":160.00,"npi":[1639439201]},{"billed_charge":250.00,"npi":[1770678344]}]}]}]},{"name":"PSYCHOTHERAPY W\/PATIENT 60 MINUTES","billing_code_type":"CPT","billing_code_type_version":"2020","billing_code":"90837","description":"PSYCHOTHERAPY W\/PATIENT 60 MINUTES","allowed_amounts":[{"tin":{"type":"ein","value":"559510961"},"service_code":["11"],"billing_class":"professional","payments":[{"allowed_amount":135.00,"billing_code_modifier":[""],"providers":[{"billed_charge":135.00,"npi":[1285837070]}]}]},{"tin":{"type":"ein","value":"813184390"},"service_code":["02","11"],"billing_class":"professional","payments":[{"allowed_amount":184.51,"billing_code_modifier":[""],"providers":[{"billed_charge":275.00,"npi":[1528766839,1629512066,1912447368]}]}]},{"tin":{"type":"ein","value":"853535294"},"service_code":["02","11"],"billing_class":"professional","payments":[{"allowed_amount":175.00,"billing_code_modifier":[""],"providers":[{"billed_charge":175.00,"npi":[1467503227]}]}]}]},{"name":"SBSQ HOSPITAL IP\/OBS CARE HIGH MDM 50 MINUTES","billing_code_type":"CPT","billing_code_type_version":"2020","billing_code":"99233","description":"SBSQ HOSPITAL IP\/OBS CARE HIGH MDM 50 MINUTES","allowed_amounts":[{"tin":{"type":"ein","value":"813225897"},"service_code":["21"],"billing_class":"professional","payments":[{"allowed_amount":129.77,"billing_code_modifier":[""],"providers":[{"billed_charge":550.00,"npi":[1295288124,1316930118,1427440999,1629246038]}]}]}]},{"name":"SP CLCT SARS-COV2 COVID19 SNF\/L ANY","billing_code_type":"HCPCS","billing_code_type_version":"HCPCS LEVEL II 2021","billing_code":"G2024","description":"SP CLCT SARS-COV2 COVID19 SNF\/L ANY","allowed_amounts":[{"tin":{"type":"ein","value":"473588569"},"service_code":["81"],"billing_class":"professional","payments":[{"allowed_amount":30.55,"billing_code_modifier":[""],"providers":[{"billed_charge":76.38,"npi":[1164412771,1982091617]}]}]}]},{"name":"SPEC CLCT SARS-COV2 COVID19 ANY SRC","billing_code_type":"HCPCS","billing_code_type_version":"HCPCS LEVEL II 2021","billing_code":"G2023","description":"SPEC CLCT SARS-COV2 COVID19 ANY SRC","allowed_amounts":[{"tin":{"type":"ein","value":"831342609"},"service_code":["81"],"billing_class":"professional","payments":[{"allowed_amount":28.15,"billing_code_modifier":[""],"providers":[{"billed_charge":50.00,"npi":[1053541581,1073101028,1487815387]}]}]},{"tin":{"type":"ein","value":"841905194"},"service_code":["81"],"billing_class":"professional","payments":[{"allowed_amount":28.15,"billing_code_modifier":[""],"providers":[{"billed_charge":40.00,"npi":[1386240786,1891733374]}]}]},{"tin":{"type":"ein","value":"872642408"},"service_code":["81"],"billing_class":"professional","payments":[{"allowed_amount":28.15,"billing_code_modifier":[""],"providers":[{"billed_charge":75.00,"npi":[1154089241,1326062597]}]}]}]},{"name":"THER PX 1\/> AREAS EACH 15 MIN NEUROMUSC REEDUCA","billing_code_type":"CPT","billing_code_type_version":"2020","billing_code":"97112","description":"THER PX 1\/> AREAS EACH 15 MIN NEUROMUSC REEDUCA","allowed_amounts":[{"tin":{"type":"ein","value":"010945706"},"service_code":["11"],"billing_class":"professional","payments":[{"allowed_amount":40.37,"billing_code_modifier":[""],"providers":[{"billed_charge":60.00,"npi":[1134853146,1720310352]}]}]},{"tin":{"type":"ein","value":"832176065"},"service_code":["11"],"billing_class":"professional","payments":[{"allowed_amount":45.90,"billing_code_modifier":[""],"providers":[{"billed_charge":195.00,"npi":[1669913323,1902424120]}]}]}]},{"name":"THERAPEUT ACTVITY DIRECT PT CONTACT EACH 15 MIN","billing_code_type":"CPT","billing_code_type_version":"2020","billing_code":"97530","description":"THERAPEUT ACTVITY DIRECT PT CONTACT EACH 15 MIN","allowed_amounts":[{"tin":{"type":"ein","value":"010945706"},"service_code":["11"],"billing_class":"professional","payments":[{"allowed_amount":44.34,"billing_code_modifier":[""],"providers":[{"billed_charge":70.00,"npi":[1134853146,1720310352]}]}]},{"tin":{"type":"ein","value":"832176065"},"service_code":["11"],"billing_class":"professional","payments":[{"allowed_amount":51.08,"billing_code_modifier":[""],"providers":[{"billed_charge":190.00,"npi":[1669913323,1902424120]}]}]}]},{"name":"THERAPEUTIC PX 1\/> AREAS EACH 15 MIN EXERCISES","billing_code_type":"CPT","billing_code_type_version":"2020","billing_code":"97110","description":"THERAPEUTIC PX 1\/> AREAS EACH 15 MIN EXERCISES","allowed_amounts":[{"tin":{"type":"ein","value":"461010992"},"service_code":["11"],"billing_class":"professional","payments":[{"allowed_amount":39.96,"billing_code_modifier":[""],"providers":[{"billed_charge":55.00,"npi":[1689923690]}]}]},{"tin":{"type":"ein","value":"832176065"},"service_code":["11"],"billing_class":"professional","payments":[{"allowed_amount":39.96,"billing_code_modifier":[""],"providers":[{"billed_charge":193.00,"npi":[1669913323,1902424120]}]}]}]}]}
