{"reporting_entity_name": "IEC Group_DBA AmeriBen",
	"reporting_entity_type": "Third Party Administrator",
	"plan_name": "CHEDRAUI USA, INC.",
	"plan_id_type": "ein",
	"plan_id": "954517472",
	"plan_market_type": "group",
	"last_updated_on": "2026-01-01","Version": "1.0.0","out_of_network":[{"name":"ASSAY OF LIPASE","billing_code_type":"CPT","billing_code_type_version":"2020","billing_code":"83690","description":"ASSAY OF LIPASE","allowed_amounts":[{"tin":{"type":"ein","value":"741720245"},"service_code":["21","22"],"billing_class":"professional","payments":[{"allowed_amount":6.86,"billing_code_modifier":[""],"providers":[{"billed_charge":13.00,"npi":[1023074929,1255394615,1568425916,1699734053,1841293206]}]}]},{"tin":{"type":"ein","value":"752773490"},"service_code":["22"],"billing_class":"professional","payments":[{"allowed_amount":6.86,"billing_code_modifier":[""],"providers":[{"billed_charge":10.00,"npi":[1508863838,1700860434,1790765816,1962508267]}]}]},{"tin":{"type":"ein","value":"760182525"},"service_code":["22"],"billing_class":"professional","payments":[{"allowed_amount":6.86,"billing_code_modifier":[""],"providers":[{"billed_charge":8.60,"npi":[1437181799,1881670271]}]}]},{"tin":{"type":"ein","value":"863024305"},"service_code":["22"],"billing_class":"professional","payments":[{"allowed_amount":6.86,"billing_code_modifier":[""],"providers":[{"billed_charge":25.00,"npi":[1629643069,1679981658]}]}]}]},{"name":"ASSAY OF MAGNESIUM","billing_code_type":"CPT","billing_code_type_version":"2020","billing_code":"83735","description":"ASSAY OF MAGNESIUM","allowed_amounts":[{"tin":{"type":"ein","value":"371520288"},"service_code":["23"],"billing_class":"professional","payments":[{"allowed_amount":6.86,"billing_code_modifier":[""],"providers":[{"billed_charge":15.05,"npi":[1215995584,1730398652]}]}]},{"tin":{"type":"ein","value":"741209207"},"service_code":["21"],"billing_class":"professional","payments":[{"allowed_amount":6.86,"billing_code_modifier":[""],"providers":[{"billed_charge":10.50,"npi":[1467665620,1912981747]}]}]},{"tin":{"type":"ein","value":"741720245"},"service_code":["21","22"],"billing_class":"professional","payments":[{"allowed_amount":6.86,"billing_code_modifier":[""],"providers":[{"billed_charge":12.00,"npi":[1023074929,1255394615,1568425916,1699734053,1841293206]}]}]},{"tin":{"type":"ein","value":"751788181"},"service_code":["22"],"billing_class":"professional","payments":[{"allowed_amount":6.86,"billing_code_modifier":[""],"providers":[{"billed_charge":10.00,"npi":[1457381352,1457383705]}]}]},{"tin":{"type":"ein","value":"752773490"},"service_code":["22"],"billing_class":"professional","payments":[{"allowed_amount":6.86,"billing_code_modifier":[""],"providers":[{"billed_charge":10.00,"npi":[1508863838,1700860434]}]}]},{"tin":{"type":"ein","value":"760182525"},"service_code":["21"],"billing_class":"professional","payments":[{"allowed_amount":6.86,"billing_code_modifier":[""],"providers":[{"billed_charge":12.85,"npi":[1437181799,1881670271]}]}]}]},{"name":"ASSAY OF PHOSPHORUS INORGANIC","billing_code_type":"CPT","billing_code_type_version":"2020","billing_code":"84100","description":"ASSAY OF PHOSPHORUS INORGANIC","allowed_amounts":[{"tin":{"type":"ein","value":"741720245"},"service_code":["21","22"],"billing_class":"professional","payments":[{"allowed_amount":6.86,"billing_code_modifier":[""],"providers":[{"billed_charge":12.00,"npi":[1023074929,1255394615,1568425916,1699734053,1841293206]}]}]},{"tin":{"type":"ein","value":"760182525"},"service_code":["21"],"billing_class":"professional","payments":[{"allowed_amount":6.86,"billing_code_modifier":[""],"providers":[{"billed_charge":6.80,"npi":[1437181799,1881670271]}]}]}]},{"name":"ASSAY OF TROPONIN QUANTITATIVE","billing_code_type":"CPT","billing_code_type_version":"2020","billing_code":"84484","description":"ASSAY OF TROPONIN QUANTITATIVE","allowed_amounts":[{"tin":{"type":"ein","value":"371520288"},"service_code":["23"],"billing_class":"professional","payments":[{"allowed_amount":6.86,"billing_code_modifier":[""],"providers":[{"billed_charge":16.30,"npi":[1215995584,1730398652]}]}]},{"tin":{"type":"ein","value":"741209207"},"service_code":["21","22"],"billing_class":"professional","payments":[{"allowed_amount":6.86,"billing_code_modifier":[""],"providers":[{"billed_charge":19.50,"npi":[1245238708,1467665620,1912981747]}]}]},{"tin":{"type":"ein","value":"741720245"},"service_code":["21","22"],"billing_class":"professional","payments":[{"allowed_amount":6.86,"billing_code_modifier":[""],"providers":[{"billed_charge":19.00,"npi":[1023074929,1699734053,1780882381]},{"billed_charge":18.00,"npi":[1023074929,1568425916]}]},{"allowed_amount":6.86,"billing_code_modifier":[""],"providers":[{"billed_charge":19.00,"npi":[1023074929,1699734053,1780882381]},{"billed_charge":18.00,"npi":[1023074929,1568425916]}]}]},{"tin":{"type":"ein","value":"741720245"},"service_code":["22"],"billing_class":"professional","payments":[{"allowed_amount":6.86,"billing_code_modifier":[""],"providers":[{"billed_charge":19.00,"npi":[1023074929,1699734053,1780882381]},{"billed_charge":18.00,"npi":[1023074929,1568425916]}]},{"allowed_amount":6.86,"billing_code_modifier":[""],"providers":[{"billed_charge":19.00,"npi":[1023074929,1699734053,1780882381]},{"billed_charge":18.00,"npi":[1023074929,1568425916]}]}]},{"tin":{"type":"ein","value":"751049190"},"service_code":["23"],"billing_class":"professional","payments":[{"allowed_amount":6.86,"billing_code_modifier":[""],"providers":[{"billed_charge":16.70,"npi":[1265477707,1619903226]}]}]},{"tin":{"type":"ein","value":"752773490"},"service_code":["22"],"billing_class":"professional","payments":[{"allowed_amount":6.86,"billing_code_modifier":[""],"providers":[{"billed_charge":10.00,"npi":[1508863838,1700860434,1790765816,1962508267]}]}]},{"tin":{"type":"ein","value":"863024305"},"service_code":["23"],"billing_class":"professional","payments":[{"allowed_amount":6.86,"billing_code_modifier":[""],"providers":[{"billed_charge":36.00,"npi":[1245234616,1629643069,1679981658]}]}]},{"tin":{"type":"ein","value":"882459039"},"service_code":["23"],"billing_class":"professional","payments":[{"allowed_amount":6.86,"billing_code_modifier":[""],"providers":[{"billed_charge":635.00,"npi":[1043224892,1639808538]}]}]}]},{"name":"BASIC METABOLIC PANEL CALCIUM TOTAL","billing_code_type":"CPT","billing_code_type_version":"2020","billing_code":"80048","description":"BASIC METABOLIC PANEL CALCIUM TOTAL","allowed_amounts":[{"tin":{"type":"ein","value":"741720245"},"service_code":["21","22"],"billing_class":"professional","payments":[{"allowed_amount":6.86,"billing_code_modifier":[""],"providers":[{"billed_charge":25.00,"npi":[1023074929,1255394615,1568425916,1699734053,1841293206]},{"billed_charge":24.00,"npi":[1023074929,1568425916,1780882381]}]},{"allowed_amount":6.86,"billing_code_modifier":[""],"providers":[{"billed_charge":25.00,"npi":[1023074929,1255394615,1568425916,1699734053,1841293206]},{"billed_charge":24.00,"npi":[1023074929,1568425916,1780882381]}]}]},{"tin":{"type":"ein","value":"741720245"},"service_code":["22"],"billing_class":"professional","payments":[{"allowed_amount":6.86,"billing_code_modifier":[""],"providers":[{"billed_charge":25.00,"npi":[1023074929,1255394615,1568425916,1699734053,1841293206]},{"billed_charge":24.00,"npi":[1023074929,1568425916,1780882381]}]},{"allowed_amount":6.86,"billing_code_modifier":[""],"providers":[{"billed_charge":25.00,"npi":[1023074929,1255394615,1568425916,1699734053,1841293206]},{"billed_charge":24.00,"npi":[1023074929,1568425916,1780882381]}]}]},{"tin":{"type":"ein","value":"752773490"},"service_code":["22"],"billing_class":"professional","payments":[{"allowed_amount":6.86,"billing_code_modifier":[""],"providers":[{"billed_charge":10.00,"npi":[1508863838,1700860434]}]}]},{"tin":{"type":"ein","value":"756002868"},"service_code":["21","22"],"billing_class":"professional","payments":[{"allowed_amount":4.93,"billing_code_modifier":[""],"providers":[{"billed_charge":16.00,"npi":[1104891050,1326017872]}]}]},{"tin":{"type":"ein","value":"756002868"},"service_code":["22"],"billing_class":"professional","payments":[{"allowed_amount":6.86,"billing_code_modifier":[""],"providers":[{"billed_charge":16.00,"npi":[1023027554,1104891050]}]}]},{"tin":{"type":"ein","value":"760182525"},"service_code":["21","22"],"billing_class":"professional","payments":[{"allowed_amount":6.86,"billing_code_modifier":[""],"providers":[{"billed_charge":32.00,"npi":[1437181799,1881670271]}]}]},{"tin":{"type":"ein","value":"863024305"},"service_code":["22","23"],"billing_class":"professional","payments":[{"allowed_amount":6.86,"billing_code_modifier":[""],"providers":[{"billed_charge":41.00,"npi":[1245234616,1629643069,1679981658]}]}]}]},{"name":"BLOOD COUNT COMPLETE AUTO&AUTO DIFRNTL WBC","billing_code_type":"CPT","billing_code_type_version":"2020","billing_code":"85025","description":"BLOOD COUNT COMPLETE AUTO&AUTO DIFRNTL WBC","allowed_amounts":[{"tin":{"type":"ein","value":"371520288"},"service_code":["23"],"billing_class":"professional","payments":[{"allowed_amount":6.86,"billing_code_modifier":[""],"providers":[{"billed_charge":20.55,"npi":[1215995584,1730398652]}]}]},{"tin":{"type":"ein","value":"741209207"},"service_code":["21"],"billing_class":"professional","payments":[{"allowed_amount":6.86,"billing_code_modifier":[""],"providers":[{"billed_charge":17.70,"npi":[1467665620,1912981747]}]}]},{"tin":{"type":"ein","value":"741720245"},"service_code":["21","22"],"billing_class":"professional","payments":[{"allowed_amount":6.86,"billing_code_modifier":[""],"providers":[{"billed_charge":13.00,"npi":[1023074929,1255394615,1518254309,1568425916,1699734053,1780882381,1841293206,1992709356]},{"billed_charge":12.00,"npi":[1023074929,1255394615,1518254309,1568425916,1780882381]}]},{"allowed_amount":6.86,"billing_code_modifier":[""],"providers":[{"billed_charge":13.00,"npi":[1023074929,1255394615,1518254309,1568425916,1699734053,1780882381,1841293206,1992709356]},{"billed_charge":12.00,"npi":[1023074929,1255394615,1518254309,1568425916,1780882381]}]}]},{"tin":{"type":"ein","value":"741720245"},"service_code":["22"],"billing_class":"professional","payments":[{"allowed_amount":6.86,"billing_code_modifier":[""],"providers":[{"billed_charge":13.00,"npi":[1023074929,1255394615,1518254309,1568425916,1699734053,1780882381,1841293206,1992709356]},{"billed_charge":12.00,"npi":[1023074929,1255394615,1518254309,1568425916,1780882381]}]},{"allowed_amount":6.86,"billing_code_modifier":[""],"providers":[{"billed_charge":13.00,"npi":[1023074929,1255394615,1518254309,1568425916,1699734053,1780882381,1841293206,1992709356]},{"billed_charge":12.00,"npi":[1023074929,1255394615,1518254309,1568425916,1780882381]}]}]},{"tin":{"type":"ein","value":"751049190"},"service_code":["23"],"billing_class":"professional","payments":[{"allowed_amount":6.86,"billing_code_modifier":[""],"providers":[{"billed_charge":12.30,"npi":[1265477707,1619903226]}]}]},{"tin":{"type":"ein","value":"751788181"},"service_code":["22"],"billing_class":"professional","payments":[{"allowed_amount":6.86,"billing_code_modifier":[""],"providers":[{"billed_charge":10.00,"npi":[1225211162,1457381352,1457383705]}]}]},{"tin":{"type":"ein","value":"752141895"},"service_code":["23"],"billing_class":"professional","payments":[{"allowed_amount":6.86,"billing_code_modifier":[""],"providers":[{"billed_charge":11.00,"npi":[1073587564,1952375495]}]}]},{"tin":{"type":"ein","value":"752773490"},"service_code":["22"],"billing_class":"professional","payments":[{"allowed_amount":6.86,"billing_code_modifier":[""],"providers":[{"billed_charge":10.00,"npi":[1508863838,1700860434,1790765816,1962508267]}]}]},{"tin":{"type":"ein","value":"756002868"},"service_code":["22","23"],"billing_class":"professional","payments":[{"allowed_amount":6.86,"billing_code_modifier":[""],"providers":[{"billed_charge":15.00,"npi":[1023027554,1104891050,1265493688]}]}]},{"tin":{"type":"ein","value":"760182525"},"service_code":["21","22"],"billing_class":"professional","payments":[{"allowed_amount":6.86,"billing_code_modifier":[""],"providers":[{"billed_charge":8.75,"npi":[1437181799,1881670271]}]}]},{"tin":{"type":"ein","value":"882459039"},"service_code":["23"],"billing_class":"professional","payments":[{"allowed_amount":6.86,"billing_code_modifier":[""],"providers":[{"billed_charge":277.00,"npi":[1043224892,1639808538]}]}]}]},{"name":"BLOOD COUNT COMPLETE AUTOMATED","billing_code_type":"CPT","billing_code_type_version":"2020","billing_code":"85027","description":"BLOOD COUNT COMPLETE AUTOMATED","allowed_amounts":[{"tin":{"type":"ein","value":"741720245"},"service_code":["21"],"billing_class":"professional","payments":[{"allowed_amount":6.86,"billing_code_modifier":[""],"providers":[{"billed_charge":13.00,"npi":[1023074929,1255394615]}]}]},{"tin":{"type":"ein","value":"760182525"},"service_code":["21"],"billing_class":"professional","payments":[{"allowed_amount":6.86,"billing_code_modifier":[""],"providers":[{"billed_charge":15.00,"npi":[1437181799,1881670271]}]}]},{"tin":{"type":"ein","value":"863024305"},"service_code":["22","23"],"billing_class":"professional","payments":[{"allowed_amount":6.86,"billing_code_modifier":[""],"providers":[{"billed_charge":27.00,"npi":[1245234616,1629643069,1679981658]}]}]}]},{"name":"CCPD OPD\/HOME: CCPD COMP OR OTHER RATE","billing_code_type":"RC","billing_code_type_version":"UB04","billing_code":"0851","description":"CCPD OPD\/HOME: CCPD COMP OR OTHER RATE","allowed_amounts":[{"tin":{"type":"ein","value":"464440245"},"service_code":["65"],"billing_class":"institutional","payments":[{"allowed_amount":381.67,"billing_code_modifier":[""],"providers":[{"billed_charge":3558.17,"npi":[1003227075,1376796656]}]}]}]},{"name":"COMPREHENSIVE METABOLIC PANEL","billing_code_type":"CPT","billing_code_type_version":"2020","billing_code":"80053","description":"COMPREHENSIVE METABOLIC PANEL","allowed_amounts":[{"tin":{"type":"ein","value":"371520288"},"service_code":["23"],"billing_class":"professional","payments":[{"allowed_amount":6.86,"billing_code_modifier":[""],"providers":[{"billed_charge":121.45,"npi":[1215995584,1730398652]}]}]},{"tin":{"type":"ein","value":"741209207"},"service_code":["21"],"billing_class":"professional","payments":[{"allowed_amount":6.86,"billing_code_modifier":[""],"providers":[{"billed_charge":28.80,"npi":[1467665620,1912981747]}]}]},{"tin":{"type":"ein","value":"741720245"},"service_code":["21","22"],"billing_class":"professional","payments":[{"allowed_amount":6.86,"billing_code_modifier":[""],"providers":[{"billed_charge":29.00,"npi":[1023074929,1255394615,1518254309,1568425916,1699734053,1780882381,1841293206,1992709356]},{"billed_charge":28.00,"npi":[1023074929,1518254309]}]},{"allowed_amount":6.86,"billing_code_modifier":[""],"providers":[{"billed_charge":29.00,"npi":[1023074929,1255394615,1518254309,1568425916,1699734053,1780882381,1841293206,1992709356]},{"billed_charge":28.00,"npi":[1023074929,1518254309]}]}]},{"tin":{"type":"ein","value":"741720245"},"service_code":["22"],"billing_class":"professional","payments":[{"allowed_amount":6.86,"billing_code_modifier":[""],"providers":[{"billed_charge":29.00,"npi":[1023074929,1255394615,1518254309,1568425916,1699734053,1780882381,1841293206,1992709356]},{"billed_charge":28.00,"npi":[1023074929,1518254309]}]},{"allowed_amount":6.86,"billing_code_modifier":[""],"providers":[{"billed_charge":29.00,"npi":[1023074929,1255394615,1518254309,1568425916,1699734053,1780882381,1841293206,1992709356]},{"billed_charge":28.00,"npi":[1023074929,1518254309]}]}]},{"tin":{"type":"ein","value":"751049190"},"service_code":["23"],"billing_class":"professional","payments":[{"allowed_amount":6.86,"billing_code_modifier":[""],"providers":[{"billed_charge":29.30,"npi":[1265477707,1619903226]}]}]},{"tin":{"type":"ein","value":"751788181"},"service_code":["22"],"billing_class":"professional","payments":[{"allowed_amount":6.86,"billing_code_modifier":[""],"providers":[{"billed_charge":22.00,"npi":[1225211162,1457381352,1457383705]}]}]},{"tin":{"type":"ein","value":"752141895"},"service_code":["23"],"billing_class":"professional","payments":[{"allowed_amount":6.86,"billing_code_modifier":[""],"providers":[{"billed_charge":40.00,"npi":[1073587564,1952375495]}]}]},{"tin":{"type":"ein","value":"752773490"},"service_code":["22"],"billing_class":"professional","payments":[{"allowed_amount":6.86,"billing_code_modifier":[""],"providers":[{"billed_charge":10.00,"npi":[1790765816,1962508267]}]}]},{"tin":{"type":"ein","value":"756002868"},"service_code":["23"],"billing_class":"professional","payments":[{"allowed_amount":6.86,"billing_code_modifier":[""],"providers":[{"billed_charge":20.00,"npi":[1104891050,1265493688]}]}]},{"tin":{"type":"ein","value":"760182525"},"service_code":["21","22"],"billing_class":"professional","payments":[{"allowed_amount":6.86,"billing_code_modifier":[""],"providers":[{"billed_charge":32.00,"npi":[1437181799,1881670271]}]}]},{"tin":{"type":"ein","value":"863024305"},"service_code":["23"],"billing_class":"professional","payments":[{"allowed_amount":6.86,"billing_code_modifier":[""],"providers":[{"billed_charge":37.00,"npi":[1245234616,1629643069]}]}]},{"tin":{"type":"ein","value":"882459039"},"service_code":["23"],"billing_class":"professional","payments":[{"allowed_amount":6.86,"billing_code_modifier":[""],"providers":[{"billed_charge":759.00,"npi":[1043224892,1639808538]}]}]}]},{"name":"GLUCOSE QUANTITATIVE BLOOD XCPT REAGENT STRIP","billing_code_type":"CPT","billing_code_type_version":"2020","billing_code":"82947","description":"GLUCOSE QUANTITATIVE BLOOD XCPT REAGENT STRIP","allowed_amounts":[{"tin":{"type":"ein","value":"741720245"},"service_code":["21"],"billing_class":"professional","payments":[{"allowed_amount":0.00,"billing_code_modifier":[""],"providers":[{"billed_charge":14.00,"npi":[1023074929,1255394615,1699734053]},{"billed_charge":28.00,"npi":[1023074929,1255394615]},{"billed_charge":42.00,"npi":[1023074929,1255394615,1699734053]},{"billed_charge":56.00,"npi":[1023074929,1255394615]},{"billed_charge":70.00,"npi":[1023074929,1255394615]},{"billed_charge":84.00,"npi":[1023074929,1255394615]},{"billed_charge":210.00,"npi":[1023074929,1255394615]},{"billed_charge":280.00,"npi":[1023074929,1255394615]}]},{"allowed_amount":0.00,"billing_code_modifier":[""],"providers":[{"billed_charge":14.00,"npi":[1023074929,1255394615,1699734053]},{"billed_charge":28.00,"npi":[1023074929,1255394615]},{"billed_charge":42.00,"npi":[1023074929,1255394615,1699734053]},{"billed_charge":56.00,"npi":[1023074929,1255394615]},{"billed_charge":70.00,"npi":[1023074929,1255394615]},{"billed_charge":84.00,"npi":[1023074929,1255394615]},{"billed_charge":210.00,"npi":[1023074929,1255394615]},{"billed_charge":280.00,"npi":[1023074929,1255394615]}]},{"allowed_amount":0.00,"billing_code_modifier":[""],"providers":[{"billed_charge":14.00,"npi":[1023074929,1255394615,1699734053]},{"billed_charge":28.00,"npi":[1023074929,1255394615]},{"billed_charge":42.00,"npi":[1023074929,1255394615,1699734053]},{"billed_charge":56.00,"npi":[1023074929,1255394615]},{"billed_charge":70.00,"npi":[1023074929,1255394615]},{"billed_charge":84.00,"npi":[1023074929,1255394615]},{"billed_charge":210.00,"npi":[1023074929,1255394615]},{"billed_charge":280.00,"npi":[1023074929,1255394615]}]},{"allowed_amount":0.00,"billing_code_modifier":[""],"providers":[{"billed_charge":14.00,"npi":[1023074929,1255394615,1699734053]},{"billed_charge":28.00,"npi":[1023074929,1255394615]},{"billed_charge":42.00,"npi":[1023074929,1255394615,1699734053]},{"billed_charge":56.00,"npi":[1023074929,1255394615]},{"billed_charge":70.00,"npi":[1023074929,1255394615]},{"billed_charge":84.00,"npi":[1023074929,1255394615]},{"billed_charge":210.00,"npi":[1023074929,1255394615]},{"billed_charge":280.00,"npi":[1023074929,1255394615]}]},{"allowed_amount":0.00,"billing_code_modifier":[""],"providers":[{"billed_charge":14.00,"npi":[1023074929,1255394615,1699734053]},{"billed_charge":28.00,"npi":[1023074929,1255394615]},{"billed_charge":42.00,"npi":[1023074929,1255394615,1699734053]},{"billed_charge":56.00,"npi":[1023074929,1255394615]},{"billed_charge":70.00,"npi":[1023074929,1255394615]},{"billed_charge":84.00,"npi":[1023074929,1255394615]},{"billed_charge":210.00,"npi":[1023074929,1255394615]},{"billed_charge":280.00,"npi":[1023074929,1255394615]}]},{"allowed_amount":0.00,"billing_code_modifier":[""],"providers":[{"billed_charge":14.00,"npi":[1023074929,1255394615,1699734053]},{"billed_charge":28.00,"npi":[1023074929,1255394615]},{"billed_charge":42.00,"npi":[1023074929,1255394615,1699734053]},{"billed_charge":56.00,"npi":[1023074929,1255394615]},{"billed_charge":70.00,"npi":[1023074929,1255394615]},{"billed_charge":84.00,"npi":[1023074929,1255394615]},{"billed_charge":210.00,"npi":[1023074929,1255394615]},{"billed_charge":280.00,"npi":[1023074929,1255394615]}]},{"allowed_amount":0.00,"billing_code_modifier":[""],"providers":[{"billed_charge":14.00,"npi":[1023074929,1255394615,1699734053]},{"billed_charge":28.00,"npi":[1023074929,1255394615]},{"billed_charge":42.00,"npi":[1023074929,1255394615,1699734053]},{"billed_charge":56.00,"npi":[1023074929,1255394615]},{"billed_charge":70.00,"npi":[1023074929,1255394615]},{"billed_charge":84.00,"npi":[1023074929,1255394615]},{"billed_charge":210.00,"npi":[1023074929,1255394615]},{"billed_charge":280.00,"npi":[1023074929,1255394615]}]},{"allowed_amount":0.00,"billing_code_modifier":[""],"providers":[{"billed_charge":14.00,"npi":[1023074929,1255394615,1699734053]},{"billed_charge":28.00,"npi":[1023074929,1255394615]},{"billed_charge":42.00,"npi":[1023074929,1255394615,1699734053]},{"billed_charge":56.00,"npi":[1023074929,1255394615]},{"billed_charge":70.00,"npi":[1023074929,1255394615]},{"billed_charge":84.00,"npi":[1023074929,1255394615]},{"billed_charge":210.00,"npi":[1023074929,1255394615]},{"billed_charge":280.00,"npi":[1023074929,1255394615]}]}]},{"tin":{"type":"ein","value":"741720245"},"service_code":["21"],"billing_class":"professional","payments":[{"allowed_amount":0.00,"billing_code_modifier":[""],"providers":[{"billed_charge":14.00,"npi":[1023074929,1255394615,1699734053]},{"billed_charge":28.00,"npi":[1023074929,1255394615]},{"billed_charge":42.00,"npi":[1023074929,1255394615,1699734053]},{"billed_charge":56.00,"npi":[1023074929,1255394615]},{"billed_charge":70.00,"npi":[1023074929,1255394615]},{"billed_charge":84.00,"npi":[1023074929,1255394615]},{"billed_charge":210.00,"npi":[1023074929,1255394615]},{"billed_charge":280.00,"npi":[1023074929,1255394615]}]},{"allowed_amount":0.00,"billing_code_modifier":[""],"providers":[{"billed_charge":14.00,"npi":[1023074929,1255394615,1699734053]},{"billed_charge":28.00,"npi":[1023074929,1255394615]},{"billed_charge":42.00,"npi":[1023074929,1255394615,1699734053]},{"billed_charge":56.00,"npi":[1023074929,1255394615]},{"billed_charge":70.00,"npi":[1023074929,1255394615]},{"billed_charge":84.00,"npi":[1023074929,1255394615]},{"billed_charge":210.00,"npi":[1023074929,1255394615]},{"billed_charge":280.00,"npi":[1023074929,1255394615]}]},{"allowed_amount":0.00,"billing_code_modifier":[""],"providers":[{"billed_charge":14.00,"npi":[1023074929,1255394615,1699734053]},{"billed_charge":28.00,"npi":[1023074929,1255394615]},{"billed_charge":42.00,"npi":[1023074929,1255394615,1699734053]},{"billed_charge":56.00,"npi":[1023074929,1255394615]},{"billed_charge":70.00,"npi":[1023074929,1255394615]},{"billed_charge":84.00,"npi":[1023074929,1255394615]},{"billed_charge":210.00,"npi":[1023074929,1255394615]},{"billed_charge":280.00,"npi":[1023074929,1255394615]}]},{"allowed_amount":0.00,"billing_code_modifier":[""],"providers":[{"billed_charge":14.00,"npi":[1023074929,1255394615,1699734053]},{"billed_charge":28.00,"npi":[1023074929,1255394615]},{"billed_charge":42.00,"npi":[1023074929,1255394615,1699734053]},{"billed_charge":56.00,"npi":[1023074929,1255394615]},{"billed_charge":70.00,"npi":[1023074929,1255394615]},{"billed_charge":84.00,"npi":[1023074929,1255394615]},{"billed_charge":210.00,"npi":[1023074929,1255394615]},{"billed_charge":280.00,"npi":[1023074929,1255394615]}]},{"allowed_amount":0.00,"billing_code_modifier":[""],"providers":[{"billed_charge":14.00,"npi":[1023074929,1255394615,1699734053]},{"billed_charge":28.00,"npi":[1023074929,1255394615]},{"billed_charge":42.00,"npi":[1023074929,1255394615,1699734053]},{"billed_charge":56.00,"npi":[1023074929,1255394615]},{"billed_charge":70.00,"npi":[1023074929,1255394615]},{"billed_charge":84.00,"npi":[1023074929,1255394615]},{"billed_charge":210.00,"npi":[1023074929,1255394615]},{"billed_charge":280.00,"npi":[1023074929,1255394615]}]},{"allowed_amount":0.00,"billing_code_modifier":[""],"providers":[{"billed_charge":14.00,"npi":[1023074929,1255394615,1699734053]},{"billed_charge":28.00,"npi":[1023074929,1255394615]},{"billed_charge":42.00,"npi":[1023074929,1255394615,1699734053]},{"billed_charge":56.00,"npi":[1023074929,1255394615]},{"billed_charge":70.00,"npi":[1023074929,1255394615]},{"billed_charge":84.00,"npi":[1023074929,1255394615]},{"billed_charge":210.00,"npi":[1023074929,1255394615]},{"billed_charge":280.00,"npi":[1023074929,1255394615]}]},{"allowed_amount":0.00,"billing_code_modifier":[""],"providers":[{"billed_charge":14.00,"npi":[1023074929,1255394615,1699734053]},{"billed_charge":28.00,"npi":[1023074929,1255394615]},{"billed_charge":42.00,"npi":[1023074929,1255394615,1699734053]},{"billed_charge":56.00,"npi":[1023074929,1255394615]},{"billed_charge":70.00,"npi":[1023074929,1255394615]},{"billed_charge":84.00,"npi":[1023074929,1255394615]},{"billed_charge":210.00,"npi":[1023074929,1255394615]},{"billed_charge":280.00,"npi":[1023074929,1255394615]}]},{"allowed_amount":0.00,"billing_code_modifier":[""],"providers":[{"billed_charge":14.00,"npi":[1023074929,1255394615,1699734053]},{"billed_charge":28.00,"npi":[1023074929,1255394615]},{"billed_charge":42.00,"npi":[1023074929,1255394615,1699734053]},{"billed_charge":56.00,"npi":[1023074929,1255394615]},{"billed_charge":70.00,"npi":[1023074929,1255394615]},{"billed_charge":84.00,"npi":[1023074929,1255394615]},{"billed_charge":210.00,"npi":[1023074929,1255394615]},{"billed_charge":280.00,"npi":[1023074929,1255394615]}]}]},{"tin":{"type":"ein","value":"741720245"},"service_code":["21"],"billing_class":"professional","payments":[{"allowed_amount":0.00,"billing_code_modifier":[""],"providers":[{"billed_charge":14.00,"npi":[1023074929,1255394615,1699734053]},{"billed_charge":28.00,"npi":[1023074929,1255394615]},{"billed_charge":42.00,"npi":[1023074929,1255394615,1699734053]},{"billed_charge":56.00,"npi":[1023074929,1255394615]},{"billed_charge":70.00,"npi":[1023074929,1255394615]},{"billed_charge":84.00,"npi":[1023074929,1255394615]},{"billed_charge":210.00,"npi":[1023074929,1255394615]},{"billed_charge":280.00,"npi":[1023074929,1255394615]}]},{"allowed_amount":0.00,"billing_code_modifier":[""],"providers":[{"billed_charge":14.00,"npi":[1023074929,1255394615,1699734053]},{"billed_charge":28.00,"npi":[1023074929,1255394615]},{"billed_charge":42.00,"npi":[1023074929,1255394615,1699734053]},{"billed_charge":56.00,"npi":[1023074929,1255394615]},{"billed_charge":70.00,"npi":[1023074929,1255394615]},{"billed_charge":84.00,"npi":[1023074929,1255394615]},{"billed_charge":210.00,"npi":[1023074929,1255394615]},{"billed_charge":280.00,"npi":[1023074929,1255394615]}]},{"allowed_amount":0.00,"billing_code_modifier":[""],"providers":[{"billed_charge":14.00,"npi":[1023074929,1255394615,1699734053]},{"billed_charge":28.00,"npi":[1023074929,1255394615]},{"billed_charge":42.00,"npi":[1023074929,1255394615,1699734053]},{"billed_charge":56.00,"npi":[1023074929,1255394615]},{"billed_charge":70.00,"npi":[1023074929,1255394615]},{"billed_charge":84.00,"npi":[1023074929,1255394615]},{"billed_charge":210.00,"npi":[1023074929,1255394615]},{"billed_charge":280.00,"npi":[1023074929,1255394615]}]},{"allowed_amount":0.00,"billing_code_modifier":[""],"providers":[{"billed_charge":14.00,"npi":[1023074929,1255394615,1699734053]},{"billed_charge":28.00,"npi":[1023074929,1255394615]},{"billed_charge":42.00,"npi":[1023074929,1255394615,1699734053]},{"billed_charge":56.00,"npi":[1023074929,1255394615]},{"billed_charge":70.00,"npi":[1023074929,1255394615]},{"billed_charge":84.00,"npi":[1023074929,1255394615]},{"billed_charge":210.00,"npi":[1023074929,1255394615]},{"billed_charge":280.00,"npi":[1023074929,1255394615]}]},{"allowed_amount":0.00,"billing_code_modifier":[""],"providers":[{"billed_charge":14.00,"npi":[1023074929,1255394615,1699734053]},{"billed_charge":28.00,"npi":[1023074929,1255394615]},{"billed_charge":42.00,"npi":[1023074929,1255394615,1699734053]},{"billed_charge":56.00,"npi":[1023074929,1255394615]},{"billed_charge":70.00,"npi":[1023074929,1255394615]},{"billed_charge":84.00,"npi":[1023074929,1255394615]},{"billed_charge":210.00,"npi":[1023074929,1255394615]},{"billed_charge":280.00,"npi":[1023074929,1255394615]}]},{"allowed_amount":0.00,"billing_code_modifier":[""],"providers":[{"billed_charge":14.00,"npi":[1023074929,1255394615,1699734053]},{"billed_charge":28.00,"npi":[1023074929,1255394615]},{"billed_charge":42.00,"npi":[1023074929,1255394615,1699734053]},{"billed_charge":56.00,"npi":[1023074929,1255394615]},{"billed_charge":70.00,"npi":[1023074929,1255394615]},{"billed_charge":84.00,"npi":[1023074929,1255394615]},{"billed_charge":210.00,"npi":[1023074929,1255394615]},{"billed_charge":280.00,"npi":[1023074929,1255394615]}]},{"allowed_amount":0.00,"billing_code_modifier":[""],"providers":[{"billed_charge":14.00,"npi":[1023074929,1255394615,1699734053]},{"billed_charge":28.00,"npi":[1023074929,1255394615]},{"billed_charge":42.00,"npi":[1023074929,1255394615,1699734053]},{"billed_charge":56.00,"npi":[1023074929,1255394615]},{"billed_charge":70.00,"npi":[1023074929,1255394615]},{"billed_charge":84.00,"npi":[1023074929,1255394615]},{"billed_charge":210.00,"npi":[1023074929,1255394615]},{"billed_charge":280.00,"npi":[1023074929,1255394615]}]},{"allowed_amount":0.00,"billing_code_modifier":[""],"providers":[{"billed_charge":14.00,"npi":[1023074929,1255394615,1699734053]},{"billed_charge":28.00,"npi":[1023074929,1255394615]},{"billed_charge":42.00,"npi":[1023074929,1255394615,1699734053]},{"billed_charge":56.00,"npi":[1023074929,1255394615]},{"billed_charge":70.00,"npi":[1023074929,1255394615]},{"billed_charge":84.00,"npi":[1023074929,1255394615]},{"billed_charge":210.00,"npi":[1023074929,1255394615]},{"billed_charge":280.00,"npi":[1023074929,1255394615]}]}]},{"tin":{"type":"ein","value":"741720245"},"service_code":["21"],"billing_class":"professional","payments":[{"allowed_amount":0.00,"billing_code_modifier":[""],"providers":[{"billed_charge":14.00,"npi":[1023074929,1255394615,1699734053]},{"billed_charge":28.00,"npi":[1023074929,1255394615]},{"billed_charge":42.00,"npi":[1023074929,1255394615,1699734053]},{"billed_charge":56.00,"npi":[1023074929,1255394615]},{"billed_charge":70.00,"npi":[1023074929,1255394615]},{"billed_charge":84.00,"npi":[1023074929,1255394615]},{"billed_charge":210.00,"npi":[1023074929,1255394615]},{"billed_charge":280.00,"npi":[1023074929,1255394615]}]},{"allowed_amount":0.00,"billing_code_modifier":[""],"providers":[{"billed_charge":14.00,"npi":[1023074929,1255394615,1699734053]},{"billed_charge":28.00,"npi":[1023074929,1255394615]},{"billed_charge":42.00,"npi":[1023074929,1255394615,1699734053]},{"billed_charge":56.00,"npi":[1023074929,1255394615]},{"billed_charge":70.00,"npi":[1023074929,1255394615]},{"billed_charge":84.00,"npi":[1023074929,1255394615]},{"billed_charge":210.00,"npi":[1023074929,1255394615]},{"billed_charge":280.00,"npi":[1023074929,1255394615]}]},{"allowed_amount":0.00,"billing_code_modifier":[""],"providers":[{"billed_charge":14.00,"npi":[1023074929,1255394615,1699734053]},{"billed_charge":28.00,"npi":[1023074929,1255394615]},{"billed_charge":42.00,"npi":[1023074929,1255394615,1699734053]},{"billed_charge":56.00,"npi":[1023074929,1255394615]},{"billed_charge":70.00,"npi":[1023074929,1255394615]},{"billed_charge":84.00,"npi":[1023074929,1255394615]},{"billed_charge":210.00,"npi":[1023074929,1255394615]},{"billed_charge":280.00,"npi":[1023074929,1255394615]}]},{"allowed_amount":0.00,"billing_code_modifier":[""],"providers":[{"billed_charge":14.00,"npi":[1023074929,1255394615,1699734053]},{"billed_charge":28.00,"npi":[1023074929,1255394615]},{"billed_charge":42.00,"npi":[1023074929,1255394615,1699734053]},{"billed_charge":56.00,"npi":[1023074929,1255394615]},{"billed_charge":70.00,"npi":[1023074929,1255394615]},{"billed_charge":84.00,"npi":[1023074929,1255394615]},{"billed_charge":210.00,"npi":[1023074929,1255394615]},{"billed_charge":280.00,"npi":[1023074929,1255394615]}]},{"allowed_amount":0.00,"billing_code_modifier":[""],"providers":[{"billed_charge":14.00,"npi":[1023074929,1255394615,1699734053]},{"billed_charge":28.00,"npi":[1023074929,1255394615]},{"billed_charge":42.00,"npi":[1023074929,1255394615,1699734053]},{"billed_charge":56.00,"npi":[1023074929,1255394615]},{"billed_charge":70.00,"npi":[1023074929,1255394615]},{"billed_charge":84.00,"npi":[1023074929,1255394615]},{"billed_charge":210.00,"npi":[1023074929,1255394615]},{"billed_charge":280.00,"npi":[1023074929,1255394615]}]},{"allowed_amount":0.00,"billing_code_modifier":[""],"providers":[{"billed_charge":14.00,"npi":[1023074929,1255394615,1699734053]},{"billed_charge":28.00,"npi":[1023074929,1255394615]},{"billed_charge":42.00,"npi":[1023074929,1255394615,1699734053]},{"billed_charge":56.00,"npi":[1023074929,1255394615]},{"billed_charge":70.00,"npi":[1023074929,1255394615]},{"billed_charge":84.00,"npi":[1023074929,1255394615]},{"billed_charge":210.00,"npi":[1023074929,1255394615]},{"billed_charge":280.00,"npi":[1023074929,1255394615]}]},{"allowed_amount":0.00,"billing_code_modifier":[""],"providers":[{"billed_charge":14.00,"npi":[1023074929,1255394615,1699734053]},{"billed_charge":28.00,"npi":[1023074929,1255394615]},{"billed_charge":42.00,"npi":[1023074929,1255394615,1699734053]},{"billed_charge":56.00,"npi":[1023074929,1255394615]},{"billed_charge":70.00,"npi":[1023074929,1255394615]},{"billed_charge":84.00,"npi":[1023074929,1255394615]},{"billed_charge":210.00,"npi":[1023074929,1255394615]},{"billed_charge":280.00,"npi":[1023074929,1255394615]}]},{"allowed_amount":0.00,"billing_code_modifier":[""],"providers":[{"billed_charge":14.00,"npi":[1023074929,1255394615,1699734053]},{"billed_charge":28.00,"npi":[1023074929,1255394615]},{"billed_charge":42.00,"npi":[1023074929,1255394615,1699734053]},{"billed_charge":56.00,"npi":[1023074929,1255394615]},{"billed_charge":70.00,"npi":[1023074929,1255394615]},{"billed_charge":84.00,"npi":[1023074929,1255394615]},{"billed_charge":210.00,"npi":[1023074929,1255394615]},{"billed_charge":280.00,"npi":[1023074929,1255394615]}]}]},{"tin":{"type":"ein","value":"741720245"},"service_code":["21"],"billing_class":"professional","payments":[{"allowed_amount":0.00,"billing_code_modifier":[""],"providers":[{"billed_charge":14.00,"npi":[1023074929,1255394615,1699734053]},{"billed_charge":28.00,"npi":[1023074929,1255394615]},{"billed_charge":42.00,"npi":[1023074929,1255394615,1699734053]},{"billed_charge":56.00,"npi":[1023074929,1255394615]},{"billed_charge":70.00,"npi":[1023074929,1255394615]},{"billed_charge":84.00,"npi":[1023074929,1255394615]},{"billed_charge":210.00,"npi":[1023074929,1255394615]},{"billed_charge":280.00,"npi":[1023074929,1255394615]}]},{"allowed_amount":0.00,"billing_code_modifier":[""],"providers":[{"billed_charge":14.00,"npi":[1023074929,1255394615,1699734053]},{"billed_charge":28.00,"npi":[1023074929,1255394615]},{"billed_charge":42.00,"npi":[1023074929,1255394615,1699734053]},{"billed_charge":56.00,"npi":[1023074929,1255394615]},{"billed_charge":70.00,"npi":[1023074929,1255394615]},{"billed_charge":84.00,"npi":[1023074929,1255394615]},{"billed_charge":210.00,"npi":[1023074929,1255394615]},{"billed_charge":280.00,"npi":[1023074929,1255394615]}]},{"allowed_amount":0.00,"billing_code_modifier":[""],"providers":[{"billed_charge":14.00,"npi":[1023074929,1255394615,1699734053]},{"billed_charge":28.00,"npi":[1023074929,1255394615]},{"billed_charge":42.00,"npi":[1023074929,1255394615,1699734053]},{"billed_charge":56.00,"npi":[1023074929,1255394615]},{"billed_charge":70.00,"npi":[1023074929,1255394615]},{"billed_charge":84.00,"npi":[1023074929,1255394615]},{"billed_charge":210.00,"npi":[1023074929,1255394615]},{"billed_charge":280.00,"npi":[1023074929,1255394615]}]},{"allowed_amount":0.00,"billing_code_modifier":[""],"providers":[{"billed_charge":14.00,"npi":[1023074929,1255394615,1699734053]},{"billed_charge":28.00,"npi":[1023074929,1255394615]},{"billed_charge":42.00,"npi":[1023074929,1255394615,1699734053]},{"billed_charge":56.00,"npi":[1023074929,1255394615]},{"billed_charge":70.00,"npi":[1023074929,1255394615]},{"billed_charge":84.00,"npi":[1023074929,1255394615]},{"billed_charge":210.00,"npi":[1023074929,1255394615]},{"billed_charge":280.00,"npi":[1023074929,1255394615]}]},{"allowed_amount":0.00,"billing_code_modifier":[""],"providers":[{"billed_charge":14.00,"npi":[1023074929,1255394615,1699734053]},{"billed_charge":28.00,"npi":[1023074929,1255394615]},{"billed_charge":42.00,"npi":[1023074929,1255394615,1699734053]},{"billed_charge":56.00,"npi":[1023074929,1255394615]},{"billed_charge":70.00,"npi":[1023074929,1255394615]},{"billed_charge":84.00,"npi":[1023074929,1255394615]},{"billed_charge":210.00,"npi":[1023074929,1255394615]},{"billed_charge":280.00,"npi":[1023074929,1255394615]}]},{"allowed_amount":0.00,"billing_code_modifier":[""],"providers":[{"billed_charge":14.00,"npi":[1023074929,1255394615,1699734053]},{"billed_charge":28.00,"npi":[1023074929,1255394615]},{"billed_charge":42.00,"npi":[1023074929,1255394615,1699734053]},{"billed_charge":56.00,"npi":[1023074929,1255394615]},{"billed_charge":70.00,"npi":[1023074929,1255394615]},{"billed_charge":84.00,"npi":[1023074929,1255394615]},{"billed_charge":210.00,"npi":[1023074929,1255394615]},{"billed_charge":280.00,"npi":[1023074929,1255394615]}]},{"allowed_amount":0.00,"billing_code_modifier":[""],"providers":[{"billed_charge":14.00,"npi":[1023074929,1255394615,1699734053]},{"billed_charge":28.00,"npi":[1023074929,1255394615]},{"billed_charge":42.00,"npi":[1023074929,1255394615,1699734053]},{"billed_charge":56.00,"npi":[1023074929,1255394615]},{"billed_charge":70.00,"npi":[1023074929,1255394615]},{"billed_charge":84.00,"npi":[1023074929,1255394615]},{"billed_charge":210.00,"npi":[1023074929,1255394615]},{"billed_charge":280.00,"npi":[1023074929,1255394615]}]},{"allowed_amount":0.00,"billing_code_modifier":[""],"providers":[{"billed_charge":14.00,"npi":[1023074929,1255394615,1699734053]},{"billed_charge":28.00,"npi":[1023074929,1255394615]},{"billed_charge":42.00,"npi":[1023074929,1255394615,1699734053]},{"billed_charge":56.00,"npi":[1023074929,1255394615]},{"billed_charge":70.00,"npi":[1023074929,1255394615]},{"billed_charge":84.00,"npi":[1023074929,1255394615]},{"billed_charge":210.00,"npi":[1023074929,1255394615]},{"billed_charge":280.00,"npi":[1023074929,1255394615]}]}]},{"tin":{"type":"ein","value":"741720245"},"service_code":["21"],"billing_class":"professional","payments":[{"allowed_amount":0.00,"billing_code_modifier":[""],"providers":[{"billed_charge":14.00,"npi":[1023074929,1255394615,1699734053]},{"billed_charge":28.00,"npi":[1023074929,1255394615]},{"billed_charge":42.00,"npi":[1023074929,1255394615,1699734053]},{"billed_charge":56.00,"npi":[1023074929,1255394615]},{"billed_charge":70.00,"npi":[1023074929,1255394615]},{"billed_charge":84.00,"npi":[1023074929,1255394615]},{"billed_charge":210.00,"npi":[1023074929,1255394615]},{"billed_charge":280.00,"npi":[1023074929,1255394615]}]},{"allowed_amount":0.00,"billing_code_modifier":[""],"providers":[{"billed_charge":14.00,"npi":[1023074929,1255394615,1699734053]},{"billed_charge":28.00,"npi":[1023074929,1255394615]},{"billed_charge":42.00,"npi":[1023074929,1255394615,1699734053]},{"billed_charge":56.00,"npi":[1023074929,1255394615]},{"billed_charge":70.00,"npi":[1023074929,1255394615]},{"billed_charge":84.00,"npi":[1023074929,1255394615]},{"billed_charge":210.00,"npi":[1023074929,1255394615]},{"billed_charge":280.00,"npi":[1023074929,1255394615]}]},{"allowed_amount":0.00,"billing_code_modifier":[""],"providers":[{"billed_charge":14.00,"npi":[1023074929,1255394615,1699734053]},{"billed_charge":28.00,"npi":[1023074929,1255394615]},{"billed_charge":42.00,"npi":[1023074929,1255394615,1699734053]},{"billed_charge":56.00,"npi":[1023074929,1255394615]},{"billed_charge":70.00,"npi":[1023074929,1255394615]},{"billed_charge":84.00,"npi":[1023074929,1255394615]},{"billed_charge":210.00,"npi":[1023074929,1255394615]},{"billed_charge":280.00,"npi":[1023074929,1255394615]}]},{"allowed_amount":0.00,"billing_code_modifier":[""],"providers":[{"billed_charge":14.00,"npi":[1023074929,1255394615,1699734053]},{"billed_charge":28.00,"npi":[1023074929,1255394615]},{"billed_charge":42.00,"npi":[1023074929,1255394615,1699734053]},{"billed_charge":56.00,"npi":[1023074929,1255394615]},{"billed_charge":70.00,"npi":[1023074929,1255394615]},{"billed_charge":84.00,"npi":[1023074929,1255394615]},{"billed_charge":210.00,"npi":[1023074929,1255394615]},{"billed_charge":280.00,"npi":[1023074929,1255394615]}]},{"allowed_amount":0.00,"billing_code_modifier":[""],"providers":[{"billed_charge":14.00,"npi":[1023074929,1255394615,1699734053]},{"billed_charge":28.00,"npi":[1023074929,1255394615]},{"billed_charge":42.00,"npi":[1023074929,1255394615,1699734053]},{"billed_charge":56.00,"npi":[1023074929,1255394615]},{"billed_charge":70.00,"npi":[1023074929,1255394615]},{"billed_charge":84.00,"npi":[1023074929,1255394615]},{"billed_charge":210.00,"npi":[1023074929,1255394615]},{"billed_charge":280.00,"npi":[1023074929,1255394615]}]},{"allowed_amount":0.00,"billing_code_modifier":[""],"providers":[{"billed_charge":14.00,"npi":[1023074929,1255394615,1699734053]},{"billed_charge":28.00,"npi":[1023074929,1255394615]},{"billed_charge":42.00,"npi":[1023074929,1255394615,1699734053]},{"billed_charge":56.00,"npi":[1023074929,1255394615]},{"billed_charge":70.00,"npi":[1023074929,1255394615]},{"billed_charge":84.00,"npi":[1023074929,1255394615]},{"billed_charge":210.00,"npi":[1023074929,1255394615]},{"billed_charge":280.00,"npi":[1023074929,1255394615]}]},{"allowed_amount":0.00,"billing_code_modifier":[""],"providers":[{"billed_charge":14.00,"npi":[1023074929,1255394615,1699734053]},{"billed_charge":28.00,"npi":[1023074929,1255394615]},{"billed_charge":42.00,"npi":[1023074929,1255394615,1699734053]},{"billed_charge":56.00,"npi":[1023074929,1255394615]},{"billed_charge":70.00,"npi":[1023074929,1255394615]},{"billed_charge":84.00,"npi":[1023074929,1255394615]},{"billed_charge":210.00,"npi":[1023074929,1255394615]},{"billed_charge":280.00,"npi":[1023074929,1255394615]}]},{"allowed_amount":0.00,"billing_code_modifier":[""],"providers":[{"billed_charge":14.00,"npi":[1023074929,1255394615,1699734053]},{"billed_charge":28.00,"npi":[1023074929,1255394615]},{"billed_charge":42.00,"npi":[1023074929,1255394615,1699734053]},{"billed_charge":56.00,"npi":[1023074929,1255394615]},{"billed_charge":70.00,"npi":[1023074929,1255394615]},{"billed_charge":84.00,"npi":[1023074929,1255394615]},{"billed_charge":210.00,"npi":[1023074929,1255394615]},{"billed_charge":280.00,"npi":[1023074929,1255394615]}]}]},{"tin":{"type":"ein","value":"741720245"},"service_code":["21"],"billing_class":"professional","payments":[{"allowed_amount":0.00,"billing_code_modifier":[""],"providers":[{"billed_charge":14.00,"npi":[1023074929,1255394615,1699734053]},{"billed_charge":28.00,"npi":[1023074929,1255394615]},{"billed_charge":42.00,"npi":[1023074929,1255394615,1699734053]},{"billed_charge":56.00,"npi":[1023074929,1255394615]},{"billed_charge":70.00,"npi":[1023074929,1255394615]},{"billed_charge":84.00,"npi":[1023074929,1255394615]},{"billed_charge":210.00,"npi":[1023074929,1255394615]},{"billed_charge":280.00,"npi":[1023074929,1255394615]}]},{"allowed_amount":0.00,"billing_code_modifier":[""],"providers":[{"billed_charge":14.00,"npi":[1023074929,1255394615,1699734053]},{"billed_charge":28.00,"npi":[1023074929,1255394615]},{"billed_charge":42.00,"npi":[1023074929,1255394615,1699734053]},{"billed_charge":56.00,"npi":[1023074929,1255394615]},{"billed_charge":70.00,"npi":[1023074929,1255394615]},{"billed_charge":84.00,"npi":[1023074929,1255394615]},{"billed_charge":210.00,"npi":[1023074929,1255394615]},{"billed_charge":280.00,"npi":[1023074929,1255394615]}]},{"allowed_amount":0.00,"billing_code_modifier":[""],"providers":[{"billed_charge":14.00,"npi":[1023074929,1255394615,1699734053]},{"billed_charge":28.00,"npi":[1023074929,1255394615]},{"billed_charge":42.00,"npi":[1023074929,1255394615,1699734053]},{"billed_charge":56.00,"npi":[1023074929,1255394615]},{"billed_charge":70.00,"npi":[1023074929,1255394615]},{"billed_charge":84.00,"npi":[1023074929,1255394615]},{"billed_charge":210.00,"npi":[1023074929,1255394615]},{"billed_charge":280.00,"npi":[1023074929,1255394615]}]},{"allowed_amount":0.00,"billing_code_modifier":[""],"providers":[{"billed_charge":14.00,"npi":[1023074929,1255394615,1699734053]},{"billed_charge":28.00,"npi":[1023074929,1255394615]},{"billed_charge":42.00,"npi":[1023074929,1255394615,1699734053]},{"billed_charge":56.00,"npi":[1023074929,1255394615]},{"billed_charge":70.00,"npi":[1023074929,1255394615]},{"billed_charge":84.00,"npi":[1023074929,1255394615]},{"billed_charge":210.00,"npi":[1023074929,1255394615]},{"billed_charge":280.00,"npi":[1023074929,1255394615]}]},{"allowed_amount":0.00,"billing_code_modifier":[""],"providers":[{"billed_charge":14.00,"npi":[1023074929,1255394615,1699734053]},{"billed_charge":28.00,"npi":[1023074929,1255394615]},{"billed_charge":42.00,"npi":[1023074929,1255394615,1699734053]},{"billed_charge":56.00,"npi":[1023074929,1255394615]},{"billed_charge":70.00,"npi":[1023074929,1255394615]},{"billed_charge":84.00,"npi":[1023074929,1255394615]},{"billed_charge":210.00,"npi":[1023074929,1255394615]},{"billed_charge":280.00,"npi":[1023074929,1255394615]}]},{"allowed_amount":0.00,"billing_code_modifier":[""],"providers":[{"billed_charge":14.00,"npi":[1023074929,1255394615,1699734053]},{"billed_charge":28.00,"npi":[1023074929,1255394615]},{"billed_charge":42.00,"npi":[1023074929,1255394615,1699734053]},{"billed_charge":56.00,"npi":[1023074929,1255394615]},{"billed_charge":70.00,"npi":[1023074929,1255394615]},{"billed_charge":84.00,"npi":[1023074929,1255394615]},{"billed_charge":210.00,"npi":[1023074929,1255394615]},{"billed_charge":280.00,"npi":[1023074929,1255394615]}]},{"allowed_amount":0.00,"billing_code_modifier":[""],"providers":[{"billed_charge":14.00,"npi":[1023074929,1255394615,1699734053]},{"billed_charge":28.00,"npi":[1023074929,1255394615]},{"billed_charge":42.00,"npi":[1023074929,1255394615,1699734053]},{"billed_charge":56.00,"npi":[1023074929,1255394615]},{"billed_charge":70.00,"npi":[1023074929,1255394615]},{"billed_charge":84.00,"npi":[1023074929,1255394615]},{"billed_charge":210.00,"npi":[1023074929,1255394615]},{"billed_charge":280.00,"npi":[1023074929,1255394615]}]},{"allowed_amount":0.00,"billing_code_modifier":[""],"providers":[{"billed_charge":14.00,"npi":[1023074929,1255394615,1699734053]},{"billed_charge":28.00,"npi":[1023074929,1255394615]},{"billed_charge":42.00,"npi":[1023074929,1255394615,1699734053]},{"billed_charge":56.00,"npi":[1023074929,1255394615]},{"billed_charge":70.00,"npi":[1023074929,1255394615]},{"billed_charge":84.00,"npi":[1023074929,1255394615]},{"billed_charge":210.00,"npi":[1023074929,1255394615]},{"billed_charge":280.00,"npi":[1023074929,1255394615]}]}]},{"tin":{"type":"ein","value":"741720245"},"service_code":["21"],"billing_class":"professional","payments":[{"allowed_amount":0.00,"billing_code_modifier":[""],"providers":[{"billed_charge":14.00,"npi":[1023074929,1255394615,1699734053]},{"billed_charge":28.00,"npi":[1023074929,1255394615]},{"billed_charge":42.00,"npi":[1023074929,1255394615,1699734053]},{"billed_charge":56.00,"npi":[1023074929,1255394615]},{"billed_charge":70.00,"npi":[1023074929,1255394615]},{"billed_charge":84.00,"npi":[1023074929,1255394615]},{"billed_charge":210.00,"npi":[1023074929,1255394615]},{"billed_charge":280.00,"npi":[1023074929,1255394615]}]},{"allowed_amount":0.00,"billing_code_modifier":[""],"providers":[{"billed_charge":14.00,"npi":[1023074929,1255394615,1699734053]},{"billed_charge":28.00,"npi":[1023074929,1255394615]},{"billed_charge":42.00,"npi":[1023074929,1255394615,1699734053]},{"billed_charge":56.00,"npi":[1023074929,1255394615]},{"billed_charge":70.00,"npi":[1023074929,1255394615]},{"billed_charge":84.00,"npi":[1023074929,1255394615]},{"billed_charge":210.00,"npi":[1023074929,1255394615]},{"billed_charge":280.00,"npi":[1023074929,1255394615]}]},{"allowed_amount":0.00,"billing_code_modifier":[""],"providers":[{"billed_charge":14.00,"npi":[1023074929,1255394615,1699734053]},{"billed_charge":28.00,"npi":[1023074929,1255394615]},{"billed_charge":42.00,"npi":[1023074929,1255394615,1699734053]},{"billed_charge":56.00,"npi":[1023074929,1255394615]},{"billed_charge":70.00,"npi":[1023074929,1255394615]},{"billed_charge":84.00,"npi":[1023074929,1255394615]},{"billed_charge":210.00,"npi":[1023074929,1255394615]},{"billed_charge":280.00,"npi":[1023074929,1255394615]}]},{"allowed_amount":0.00,"billing_code_modifier":[""],"providers":[{"billed_charge":14.00,"npi":[1023074929,1255394615,1699734053]},{"billed_charge":28.00,"npi":[1023074929,1255394615]},{"billed_charge":42.00,"npi":[1023074929,1255394615,1699734053]},{"billed_charge":56.00,"npi":[1023074929,1255394615]},{"billed_charge":70.00,"npi":[1023074929,1255394615]},{"billed_charge":84.00,"npi":[1023074929,1255394615]},{"billed_charge":210.00,"npi":[1023074929,1255394615]},{"billed_charge":280.00,"npi":[1023074929,1255394615]}]},{"allowed_amount":0.00,"billing_code_modifier":[""],"providers":[{"billed_charge":14.00,"npi":[1023074929,1255394615,1699734053]},{"billed_charge":28.00,"npi":[1023074929,1255394615]},{"billed_charge":42.00,"npi":[1023074929,1255394615,1699734053]},{"billed_charge":56.00,"npi":[1023074929,1255394615]},{"billed_charge":70.00,"npi":[1023074929,1255394615]},{"billed_charge":84.00,"npi":[1023074929,1255394615]},{"billed_charge":210.00,"npi":[1023074929,1255394615]},{"billed_charge":280.00,"npi":[1023074929,1255394615]}]},{"allowed_amount":0.00,"billing_code_modifier":[""],"providers":[{"billed_charge":14.00,"npi":[1023074929,1255394615,1699734053]},{"billed_charge":28.00,"npi":[1023074929,1255394615]},{"billed_charge":42.00,"npi":[1023074929,1255394615,1699734053]},{"billed_charge":56.00,"npi":[1023074929,1255394615]},{"billed_charge":70.00,"npi":[1023074929,1255394615]},{"billed_charge":84.00,"npi":[1023074929,1255394615]},{"billed_charge":210.00,"npi":[1023074929,1255394615]},{"billed_charge":280.00,"npi":[1023074929,1255394615]}]},{"allowed_amount":0.00,"billing_code_modifier":[""],"providers":[{"billed_charge":14.00,"npi":[1023074929,1255394615,1699734053]},{"billed_charge":28.00,"npi":[1023074929,1255394615]},{"billed_charge":42.00,"npi":[1023074929,1255394615,1699734053]},{"billed_charge":56.00,"npi":[1023074929,1255394615]},{"billed_charge":70.00,"npi":[1023074929,1255394615]},{"billed_charge":84.00,"npi":[1023074929,1255394615]},{"billed_charge":210.00,"npi":[1023074929,1255394615]},{"billed_charge":280.00,"npi":[1023074929,1255394615]}]},{"allowed_amount":0.00,"billing_code_modifier":[""],"providers":[{"billed_charge":14.00,"npi":[1023074929,1255394615,1699734053]},{"billed_charge":28.00,"npi":[1023074929,1255394615]},{"billed_charge":42.00,"npi":[1023074929,1255394615,1699734053]},{"billed_charge":56.00,"npi":[1023074929,1255394615]},{"billed_charge":70.00,"npi":[1023074929,1255394615]},{"billed_charge":84.00,"npi":[1023074929,1255394615]},{"billed_charge":210.00,"npi":[1023074929,1255394615]},{"billed_charge":280.00,"npi":[1023074929,1255394615]}]}]},{"tin":{"type":"ein","value":"760182525"},"service_code":["21"],"billing_class":"professional","payments":[{"allowed_amount":0.00,"billing_code_modifier":[""],"providers":[{"billed_charge":13.40,"npi":[1437181799,1881670271]}]}]}]},{"name":"PROTHROMBIN TIME","billing_code_type":"CPT","billing_code_type_version":"2020","billing_code":"85610","description":"PROTHROMBIN TIME","allowed_amounts":[{"tin":{"type":"ein","value":"741209207"},"service_code":["21","22"],"billing_class":"professional","payments":[{"allowed_amount":6.86,"billing_code_modifier":[""],"providers":[{"billed_charge":9.60,"npi":[1245238708,1467665620,1912981747]}]}]},{"tin":{"type":"ein","value":"741720245"},"service_code":["21","22"],"billing_class":"professional","payments":[{"allowed_amount":6.86,"billing_code_modifier":[""],"providers":[{"billed_charge":12.00,"npi":[1023074929,1255394615,1518254309,1568425916,1699734053,1780882381,1841293206]}]}]},{"tin":{"type":"ein","value":"751788181"},"service_code":["22"],"billing_class":"professional","payments":[{"allowed_amount":6.86,"billing_code_modifier":[""],"providers":[{"billed_charge":9.00,"npi":[1225211162,1457381352,1457383705]}]}]},{"tin":{"type":"ein","value":"752773490"},"service_code":["22"],"billing_class":"professional","payments":[{"allowed_amount":6.86,"billing_code_modifier":[""],"providers":[{"billed_charge":10.00,"npi":[1790765816,1962508267]}]}]},{"tin":{"type":"ein","value":"760182525"},"service_code":["21"],"billing_class":"professional","payments":[{"allowed_amount":6.86,"billing_code_modifier":[""],"providers":[{"billed_charge":6.65,"npi":[1437181799,1881670271]}]}]},{"tin":{"type":"ein","value":"863024305"},"service_code":["23"],"billing_class":"professional","payments":[{"allowed_amount":6.86,"billing_code_modifier":[""],"providers":[{"billed_charge":22.00,"npi":[1629643069,1679981658]}]}]}]},{"name":"RADIOLOGIC EXAM CHEST SINGLE VIEW","billing_code_type":"CPT","billing_code_type_version":"2020","billing_code":"71045","description":"RADIOLOGIC EXAM CHEST SINGLE VIEW","allowed_amounts":[{"tin":{"type":"ein","value":"741680498"},"service_code":["21","22","23"],"billing_class":"professional","payments":[{"allowed_amount":16.99,"billing_code_modifier":[""],"providers":[{"billed_charge":176.00,"npi":[1003101130,1003343492,1043716632,1073723144,1346237401,1457398877,1467440941,1518937077,1538107875,1720064652,1740232396,1811109895,1912972258,1982694170]}]}]},{"tin":{"type":"ein","value":"746223317"},"service_code":["23"],"billing_class":"professional","payments":[{"allowed_amount":16.99,"billing_code_modifier":[""],"providers":[{"billed_charge":49.00,"npi":[1023051851,1336431352]}]}]}]},{"name":"SBSQ HOSPITAL IP\/OBS CARE HIGH MDM 50 MINUTES","billing_code_type":"CPT","billing_code_type_version":"2020","billing_code":"99233","description":"SBSQ HOSPITAL IP\/OBS CARE HIGH MDM 50 MINUTES","allowed_amounts":[{"tin":{"type":"ein","value":"842292991"},"service_code":["21"],"billing_class":"professional","payments":[{"allowed_amount":127.62,"billing_code_modifier":[""],"providers":[{"billed_charge":200.00,"npi":[1013521137,1124467519,1225202542]},{"billed_charge":300.00,"npi":[1013521137,1124467519,1225202542]}]},{"allowed_amount":127.62,"billing_code_modifier":[""],"providers":[{"billed_charge":200.00,"npi":[1013521137,1124467519,1225202542]},{"billed_charge":300.00,"npi":[1013521137,1124467519,1225202542]}]}]},{"tin":{"type":"ein","value":"842292991"},"service_code":["21"],"billing_class":"professional","payments":[{"allowed_amount":127.62,"billing_code_modifier":[""],"providers":[{"billed_charge":200.00,"npi":[1013521137,1124467519,1225202542]},{"billed_charge":300.00,"npi":[1013521137,1124467519,1225202542]}]},{"allowed_amount":127.62,"billing_code_modifier":[""],"providers":[{"billed_charge":200.00,"npi":[1013521137,1124467519,1225202542]},{"billed_charge":300.00,"npi":[1013521137,1124467519,1225202542]}]}]}]},{"name":"SBSQ HOSPITAL IP\/OBS CARE MOD MDM 35 MINUTES","billing_code_type":"CPT","billing_code_type_version":"2020","billing_code":"99232","description":"SBSQ HOSPITAL IP\/OBS CARE MOD MDM 35 MINUTES","allowed_amounts":[{"tin":{"type":"ein","value":"842292991"},"service_code":["21"],"billing_class":"professional","payments":[{"allowed_amount":88.90,"billing_code_modifier":[""],"providers":[{"billed_charge":200.00,"npi":[1013521137,1124467519,1225202542]},{"billed_charge":300.00,"npi":[1013521137,1124467519,1225202542]}]},{"allowed_amount":88.90,"billing_code_modifier":[""],"providers":[{"billed_charge":200.00,"npi":[1013521137,1124467519,1225202542]},{"billed_charge":300.00,"npi":[1013521137,1124467519,1225202542]}]}]},{"tin":{"type":"ein","value":"842292991"},"service_code":["21"],"billing_class":"professional","payments":[{"allowed_amount":88.90,"billing_code_modifier":[""],"providers":[{"billed_charge":200.00,"npi":[1013521137,1124467519,1225202542]},{"billed_charge":300.00,"npi":[1013521137,1124467519,1225202542]}]},{"allowed_amount":88.90,"billing_code_modifier":[""],"providers":[{"billed_charge":200.00,"npi":[1013521137,1124467519,1225202542]},{"billed_charge":300.00,"npi":[1013521137,1124467519,1225202542]}]}]}]},{"name":"SCREENING DIGITAL BREAST TOMOSYNTHESIS BI","billing_code_type":"CPT","billing_code_type_version":"2020","billing_code":"77063","description":"SCREENING DIGITAL BREAST TOMOSYNTHESIS BI","allowed_amounts":[{"tin":{"type":"ein","value":"383768845"},"service_code":["22"],"billing_class":"professional","payments":[{"allowed_amount":56.21,"billing_code_modifier":[""],"providers":[{"billed_charge":150.00,"npi":[1417311887,1427235704]}]}]},{"tin":{"type":"ein","value":"741680498"},"service_code":["19","22"],"billing_class":"professional","payments":[{"allowed_amount":56.21,"billing_code_modifier":[""],"providers":[{"billed_charge":199.00,"npi":[1083683015,1295780948,1407109770,1477998607,1508181330,1538107875,1548671456,1598294738,1700206166,1700877826,1821138587,1821225566,1932527231]}]}]}]},{"name":"SCREENING MAMMOGRAPHY BI 2-VIEW BREAST INC CAD","billing_code_type":"CPT","billing_code_type_version":"2020","billing_code":"77067","description":"SCREENING MAMMOGRAPHY BI 2-VIEW BREAST INC CAD","allowed_amounts":[{"tin":{"type":"ein","value":"383768845"},"service_code":["22"],"billing_class":"professional","payments":[{"allowed_amount":68.63,"billing_code_modifier":[""],"providers":[{"billed_charge":200.00,"npi":[1417311887,1427235704]}]}]},{"tin":{"type":"ein","value":"741680498"},"service_code":["19","22"],"billing_class":"professional","payments":[{"allowed_amount":68.63,"billing_code_modifier":[""],"providers":[{"billed_charge":295.00,"npi":[1083683015,1295780948,1407109770,1477998607,1508181330,1538107875,1548671456,1598294738,1700206166,1700877826,1821138587,1821225566,1932527231]}]}]}]},{"name":"THROMBOPLASTIN TIME PARTIAL PLASMA\/WHOLE BLOOD","billing_code_type":"CPT","billing_code_type_version":"2020","billing_code":"85730","description":"THROMBOPLASTIN TIME PARTIAL PLASMA\/WHOLE BLOOD","allowed_amounts":[{"tin":{"type":"ein","value":"741209207"},"service_code":["21"],"billing_class":"professional","payments":[{"allowed_amount":6.86,"billing_code_modifier":[""],"providers":[{"billed_charge":11.40,"npi":[1467665620,1912981747]}]}]},{"tin":{"type":"ein","value":"741720245"},"service_code":["21","22"],"billing_class":"professional","payments":[{"allowed_amount":6.86,"billing_code_modifier":[""],"providers":[{"billed_charge":13.00,"npi":[1023074929,1255394615,1568425916,1699734053,1841293206]}]}]},{"tin":{"type":"ein","value":"751788181"},"service_code":["22"],"billing_class":"professional","payments":[{"allowed_amount":6.86,"billing_code_modifier":[""],"providers":[{"billed_charge":15.00,"npi":[1225211162,1457381352]}]}]},{"tin":{"type":"ein","value":"752773490"},"service_code":["22"],"billing_class":"professional","payments":[{"allowed_amount":6.86,"billing_code_modifier":[""],"providers":[{"billed_charge":10.00,"npi":[1790765816,1962508267]}]}]},{"tin":{"type":"ein","value":"760182525"},"service_code":["21"],"billing_class":"professional","payments":[{"allowed_amount":6.86,"billing_code_modifier":[""],"providers":[{"billed_charge":7.00,"npi":[1437181799,1881670271]}]}]},{"tin":{"type":"ein","value":"863024305"},"service_code":["23"],"billing_class":"professional","payments":[{"allowed_amount":6.86,"billing_code_modifier":[""],"providers":[{"billed_charge":23.00,"npi":[1629643069,1679981658]}]}]}]},{"name":"URNLS DIP STICK\/TABLET REAGENT AUTO MICROSCOPY","billing_code_type":"CPT","billing_code_type_version":"2020","billing_code":"81001","description":"URNLS DIP STICK\/TABLET REAGENT AUTO MICROSCOPY","allowed_amounts":[{"tin":{"type":"ein","value":"371520288"},"service_code":["23"],"billing_class":"professional","payments":[{"allowed_amount":6.86,"billing_code_modifier":[""],"providers":[{"billed_charge":8.20,"npi":[1215995584,1730398652]}]}]},{"tin":{"type":"ein","value":"741720245"},"service_code":["21","22"],"billing_class":"professional","payments":[{"allowed_amount":6.86,"billing_code_modifier":[""],"providers":[{"billed_charge":15.00,"npi":[1023074929,1255394615,1568425916,1699734053,1841293206]}]}]},{"tin":{"type":"ein","value":"751788181"},"service_code":["22"],"billing_class":"professional","payments":[{"allowed_amount":6.86,"billing_code_modifier":[""],"providers":[{"billed_charge":7.00,"npi":[1457381352,1457383705]}]}]},{"tin":{"type":"ein","value":"752141895"},"service_code":["23"],"billing_class":"professional","payments":[{"allowed_amount":6.86,"billing_code_modifier":[""],"providers":[{"billed_charge":8.00,"npi":[1073587564,1952375495]}]}]},{"tin":{"type":"ein","value":"752773490"},"service_code":["22"],"billing_class":"professional","payments":[{"allowed_amount":6.86,"billing_code_modifier":[""],"providers":[{"billed_charge":10.00,"npi":[1508863838,1700860434,1790765816,1962508267]}]}]},{"tin":{"type":"ein","value":"760182525"},"service_code":["21","22"],"billing_class":"professional","payments":[{"allowed_amount":6.86,"billing_code_modifier":[""],"providers":[{"billed_charge":5.25,"npi":[1437181799,1881670271]}]}]},{"tin":{"type":"ein","value":"863024305"},"service_code":["22","23"],"billing_class":"professional","payments":[{"allowed_amount":6.86,"billing_code_modifier":[""],"providers":[{"billed_charge":22.00,"npi":[1629643069,1679981658]}]}]}]}]}
