{"reporting_entity_name": "IEC Group_DBA AmeriBen",
	"reporting_entity_type": "Third Party Administrator",
	"plan_name": "ROBINSON HELICOPTER COMPANY",
	"plan_id_type": "ein",
	"plan_id": "952834107",
	"plan_market_type": "group",
	"last_updated_on": "2023-09-01","Version": "1.0.0","out_of_network":[{"name":"CRITICAL CARE ILL\/INJURED PATIENT INIT 30-74 MIN","billing_code_type":"CPT","billing_code_type_version":"2020","billing_code":"99291","description":"CRITICAL CARE ILL\/INJURED PATIENT INIT 30-74 MIN","allowed_amounts":[{"tin":{"type":"ein","value":"450603895"},"service_code":["21"],"billing_class":"professional","payments":[{"allowed_amount":305.34,"billing_code_modifier":[""],"providers":[{"billed_charge":2066.64,"npi":[1114367497,1164689972,1780047712]}]}]},{"tin":{"type":"ein","value":"472319983"},"service_code":["23"],"billing_class":"professional","payments":[{"allowed_amount":305.34,"billing_code_modifier":[""],"providers":[{"billed_charge":2066.64,"npi":[1114367497,1710299060,1841679289]}]}]},{"tin":{"type":"ein","value":"813457498"},"service_code":["21"],"billing_class":"professional","payments":[{"allowed_amount":305.34,"billing_code_modifier":[""],"providers":[{"billed_charge":975.00,"npi":[1356897573,1477587632,1851634356]}]}]},{"tin":{"type":"ein","value":"954534163"},"service_code":["23"],"billing_class":"professional","payments":[{"allowed_amount":305.34,"billing_code_modifier":[""],"providers":[{"billed_charge":1158.00,"npi":[1043373087,1184048712,1467459776,1801183173]}]}]}]},{"name":"EMERGENCY DEPARTMENT VISIT HIGH MDM","billing_code_type":"CPT","billing_code_type_version":"2020","billing_code":"99285","description":"EMERGENCY DEPARTMENT VISIT HIGH MDM","allowed_amounts":[{"tin":{"type":"ein","value":"200463713"},"service_code":["23"],"billing_class":"professional","payments":[{"allowed_amount":215.34,"billing_code_modifier":[""],"providers":[{"billed_charge":2308.00,"npi":[1144256355,1184655581,1730250580]}]}]},{"tin":{"type":"ein","value":"954481360"},"service_code":["23"],"billing_class":"professional","payments":[{"allowed_amount":215.34,"billing_code_modifier":[""],"providers":[{"billed_charge":796.00,"npi":[1487947495,1518917913,1902844988]}]}]},{"tin":{"type":"ein","value":"954534163"},"service_code":["23"],"billing_class":"professional","payments":[{"allowed_amount":215.34,"billing_code_modifier":[""],"providers":[{"billed_charge":746.00,"npi":[1124211248,1184048712,1194773424,1285925271,1467459776,1467815936,1508391681]}]}]}]},{"name":"EMERGENCY DEPARTMENT VISIT MODERATE MDM","billing_code_type":"CPT","billing_code_type_version":"2020","billing_code":"99284","description":"EMERGENCY DEPARTMENT VISIT MODERATE MDM","allowed_amounts":[{"tin":{"type":"ein","value":"200463713"},"service_code":["23"],"billing_class":"professional","payments":[{"allowed_amount":157.21,"billing_code_modifier":[""],"providers":[{"billed_charge":1550.00,"npi":[1124470141,1184655581,1326227232,1730250580]}]}]},{"tin":{"type":"ein","value":"451833448"},"service_code":["23"],"billing_class":"professional","payments":[{"allowed_amount":157.21,"billing_code_modifier":[""],"providers":[{"billed_charge":942.53,"npi":[1063412005,1376834937,1700091378]}]}]},{"tin":{"type":"ein","value":"951750445"},"service_code":["23"],"billing_class":"professional","payments":[{"allowed_amount":157.21,"billing_code_modifier":[""],"providers":[{"billed_charge":640.00,"npi":[1073781506,1336294040,1598797011]}]}]},{"tin":{"type":"ein","value":"953192932"},"service_code":["23"],"billing_class":"professional","payments":[{"allowed_amount":157.21,"billing_code_modifier":[""],"providers":[{"billed_charge":563.00,"npi":[1194767814,1265433551,1871535286]}]}]},{"tin":{"type":"ein","value":"954481360"},"service_code":["23"],"billing_class":"professional","payments":[{"allowed_amount":157.21,"billing_code_modifier":[""],"providers":[{"billed_charge":551.00,"npi":[1164467320,1518917913,1598866642,1902844988]}]}]},{"tin":{"type":"ein","value":"954534163"},"service_code":["23"],"billing_class":"professional","payments":[{"allowed_amount":157.21,"billing_code_modifier":[""],"providers":[{"billed_charge":515.00,"npi":[1013334168,1124123054,1124211248,1184018145,1184048712,1215961628,1285925271,1467459776,1467815936,1487882841,1588612477,1598127284,1699791517,1801183173]}]}]}]},{"name":"SERVICES PROVIDED BTW 10 PM&8 AM AT 24-HR FACI","billing_code_type":"CPT","billing_code_type_version":"2020","billing_code":"99053","description":"SERVICES PROVIDED BTW 10 PM&8 AM AT 24-HR FACI","allowed_amounts":[{"tin":{"type":"ein","value":"273216910"},"service_code":["23"],"billing_class":"professional","payments":[{"allowed_amount":0.00,"billing_code_modifier":[""],"providers":[{"billed_charge":107.00,"npi":[1457318164,1851396576,1932640935]}]}]},{"tin":{"type":"ein","value":"451833448"},"service_code":["23"],"billing_class":"professional","payments":[{"allowed_amount":0.00,"billing_code_modifier":[""],"providers":[{"billed_charge":74.95,"npi":[1063412005,1376834937,1700091378]}]}]},{"tin":{"type":"ein","value":"954534163"},"service_code":["23"],"billing_class":"professional","payments":[{"allowed_amount":0.00,"billing_code_modifier":[""],"providers":[{"billed_charge":100.00,"npi":[1013334168,1043373087,1124211248,1184048712,1215961628,1467459776,1467815936,1699791517,1801183173]}]}]}]},{"name":"SPECIMEN COLLECT COVID-19","billing_code_type":"HCPCS","billing_code_type_version":"HCPCS LEVEL II 2021","billing_code":"G2023","description":"SPECIMEN COLLECT COVID-19","allowed_amounts":[{"tin":{"type":"ein","value":"361924025"},"service_code":["21"],"billing_class":"professional","payments":[{"allowed_amount":23.46,"billing_code_modifier":[""],"providers":[{"billed_charge":28.99,"npi":[1174717045,1306851696,1639279417]}]}]},{"tin":{"type":"ein","value":"464163620"},"service_code":["81"],"billing_class":"professional","payments":[{"allowed_amount":23.46,"billing_code_modifier":[""],"providers":[{"billed_charge":50.00,"npi":[1265854855,1912008087]}]}]},{"tin":{"type":"ein","value":"852364612"},"service_code":["81"],"billing_class":"professional","payments":[{"allowed_amount":23.46,"billing_code_modifier":[""],"providers":[{"billed_charge":70.00,"npi":[1740685387,1790386746]}]}]},{"tin":{"type":"ein","value":"861287804"},"service_code":["11"],"billing_class":"professional","payments":[{"allowed_amount":23.46,"billing_code_modifier":[""],"providers":[{"billed_charge":100.00,"npi":[1336191980,1952067027]}]}]}]}]}
