{"reporting_entity_name": "IEC Group_DBA AmeriBen",
	"reporting_entity_type": "Third Party Administrator",
	"plan_name": "PRECINMAC",
	"plan_id_type": "ein",
	"plan_id": "844667289",
	"plan_market_type": "group",
	"last_updated_on": "2025-08-01","Version": "1.0.0","out_of_network":[{"name":"DRUG TST PRSMV INSTRMNT CHEM ANALYZERS PR DATE","billing_code_type":"CPT","billing_code_type_version":"2020","billing_code":"80307","description":"DRUG TST PRSMV INSTRMNT CHEM ANALYZERS PR DATE","allowed_amounts":[{"tin":{"type":"ein","value":"474815114"},"service_code":["81"],"billing_class":"professional","payments":[{"allowed_amount":36.97,"billing_code_modifier":[""],"providers":[{"billed_charge":99.42,"npi":[1215302245,1346585346]}]}]}]},{"name":"DRUGS REQUIRE SPECIFIC ID: DRUGS REQUIRING DETAIL","billing_code_type":"RC","billing_code_type_version":"UB04","billing_code":"0636","description":"DRUGS REQUIRE SPECIFIC ID: DRUGS REQUIRING DETAIL","allowed_amounts":[{"tin":{"type":"ein","value":"621650578"},"service_code":["23"],"billing_class":"institutional","payments":[{"allowed_amount":0.00,"billing_code_modifier":[""],"providers":[{"billed_charge":66.83,"npi":[1114414257,1720031636]},{"billed_charge":97.26,"npi":[1114414257,1720031636]},{"billed_charge":178.95,"npi":[1114414257,1275594368,1720031636]},{"billed_charge":198.26,"npi":[1114414257,1275594368,1720031636]},{"billed_charge":213.43,"npi":[1114414257,1720031636]},{"billed_charge":262.43,"npi":[1275594368,1720031636]},{"billed_charge":382.59,"npi":[1275594368,1720031636]},{"billed_charge":765.18,"npi":[1114414257,1720031636]}]},{"allowed_amount":0.00,"billing_code_modifier":[""],"providers":[{"billed_charge":66.83,"npi":[1114414257,1720031636]},{"billed_charge":97.26,"npi":[1114414257,1720031636]},{"billed_charge":178.95,"npi":[1114414257,1275594368,1720031636]},{"billed_charge":198.26,"npi":[1114414257,1275594368,1720031636]},{"billed_charge":213.43,"npi":[1114414257,1720031636]},{"billed_charge":262.43,"npi":[1275594368,1720031636]},{"billed_charge":382.59,"npi":[1275594368,1720031636]},{"billed_charge":765.18,"npi":[1114414257,1720031636]}]},{"allowed_amount":0.00,"billing_code_modifier":[""],"providers":[{"billed_charge":66.83,"npi":[1114414257,1720031636]},{"billed_charge":97.26,"npi":[1114414257,1720031636]},{"billed_charge":178.95,"npi":[1114414257,1275594368,1720031636]},{"billed_charge":198.26,"npi":[1114414257,1275594368,1720031636]},{"billed_charge":213.43,"npi":[1114414257,1720031636]},{"billed_charge":262.43,"npi":[1275594368,1720031636]},{"billed_charge":382.59,"npi":[1275594368,1720031636]},{"billed_charge":765.18,"npi":[1114414257,1720031636]}]},{"allowed_amount":0.00,"billing_code_modifier":[""],"providers":[{"billed_charge":66.83,"npi":[1114414257,1720031636]},{"billed_charge":97.26,"npi":[1114414257,1720031636]},{"billed_charge":178.95,"npi":[1114414257,1275594368,1720031636]},{"billed_charge":198.26,"npi":[1114414257,1275594368,1720031636]},{"billed_charge":213.43,"npi":[1114414257,1720031636]},{"billed_charge":262.43,"npi":[1275594368,1720031636]},{"billed_charge":382.59,"npi":[1275594368,1720031636]},{"billed_charge":765.18,"npi":[1114414257,1720031636]}]},{"allowed_amount":0.00,"billing_code_modifier":[""],"providers":[{"billed_charge":66.83,"npi":[1114414257,1720031636]},{"billed_charge":97.26,"npi":[1114414257,1720031636]},{"billed_charge":178.95,"npi":[1114414257,1275594368,1720031636]},{"billed_charge":198.26,"npi":[1114414257,1275594368,1720031636]},{"billed_charge":213.43,"npi":[1114414257,1720031636]},{"billed_charge":262.43,"npi":[1275594368,1720031636]},{"billed_charge":382.59,"npi":[1275594368,1720031636]},{"billed_charge":765.18,"npi":[1114414257,1720031636]}]},{"allowed_amount":0.00,"billing_code_modifier":[""],"providers":[{"billed_charge":66.83,"npi":[1114414257,1720031636]},{"billed_charge":97.26,"npi":[1114414257,1720031636]},{"billed_charge":178.95,"npi":[1114414257,1275594368,1720031636]},{"billed_charge":198.26,"npi":[1114414257,1275594368,1720031636]},{"billed_charge":213.43,"npi":[1114414257,1720031636]},{"billed_charge":262.43,"npi":[1275594368,1720031636]},{"billed_charge":382.59,"npi":[1275594368,1720031636]},{"billed_charge":765.18,"npi":[1114414257,1720031636]}]},{"allowed_amount":0.00,"billing_code_modifier":[""],"providers":[{"billed_charge":66.83,"npi":[1114414257,1720031636]},{"billed_charge":97.26,"npi":[1114414257,1720031636]},{"billed_charge":178.95,"npi":[1114414257,1275594368,1720031636]},{"billed_charge":198.26,"npi":[1114414257,1275594368,1720031636]},{"billed_charge":213.43,"npi":[1114414257,1720031636]},{"billed_charge":262.43,"npi":[1275594368,1720031636]},{"billed_charge":382.59,"npi":[1275594368,1720031636]},{"billed_charge":765.18,"npi":[1114414257,1720031636]}]},{"allowed_amount":0.00,"billing_code_modifier":[""],"providers":[{"billed_charge":66.83,"npi":[1114414257,1720031636]},{"billed_charge":97.26,"npi":[1114414257,1720031636]},{"billed_charge":178.95,"npi":[1114414257,1275594368,1720031636]},{"billed_charge":198.26,"npi":[1114414257,1275594368,1720031636]},{"billed_charge":213.43,"npi":[1114414257,1720031636]},{"billed_charge":262.43,"npi":[1275594368,1720031636]},{"billed_charge":382.59,"npi":[1275594368,1720031636]},{"billed_charge":765.18,"npi":[1114414257,1720031636]}]}]},{"tin":{"type":"ein","value":"621650578"},"service_code":["23"],"billing_class":"institutional","payments":[{"allowed_amount":0.00,"billing_code_modifier":[""],"providers":[{"billed_charge":66.83,"npi":[1114414257,1720031636]},{"billed_charge":97.26,"npi":[1114414257,1720031636]},{"billed_charge":178.95,"npi":[1114414257,1275594368,1720031636]},{"billed_charge":198.26,"npi":[1114414257,1275594368,1720031636]},{"billed_charge":213.43,"npi":[1114414257,1720031636]},{"billed_charge":262.43,"npi":[1275594368,1720031636]},{"billed_charge":382.59,"npi":[1275594368,1720031636]},{"billed_charge":765.18,"npi":[1114414257,1720031636]}]},{"allowed_amount":0.00,"billing_code_modifier":[""],"providers":[{"billed_charge":66.83,"npi":[1114414257,1720031636]},{"billed_charge":97.26,"npi":[1114414257,1720031636]},{"billed_charge":178.95,"npi":[1114414257,1275594368,1720031636]},{"billed_charge":198.26,"npi":[1114414257,1275594368,1720031636]},{"billed_charge":213.43,"npi":[1114414257,1720031636]},{"billed_charge":262.43,"npi":[1275594368,1720031636]},{"billed_charge":382.59,"npi":[1275594368,1720031636]},{"billed_charge":765.18,"npi":[1114414257,1720031636]}]},{"allowed_amount":0.00,"billing_code_modifier":[""],"providers":[{"billed_charge":66.83,"npi":[1114414257,1720031636]},{"billed_charge":97.26,"npi":[1114414257,1720031636]},{"billed_charge":178.95,"npi":[1114414257,1275594368,1720031636]},{"billed_charge":198.26,"npi":[1114414257,1275594368,1720031636]},{"billed_charge":213.43,"npi":[1114414257,1720031636]},{"billed_charge":262.43,"npi":[1275594368,1720031636]},{"billed_charge":382.59,"npi":[1275594368,1720031636]},{"billed_charge":765.18,"npi":[1114414257,1720031636]}]},{"allowed_amount":0.00,"billing_code_modifier":[""],"providers":[{"billed_charge":66.83,"npi":[1114414257,1720031636]},{"billed_charge":97.26,"npi":[1114414257,1720031636]},{"billed_charge":178.95,"npi":[1114414257,1275594368,1720031636]},{"billed_charge":198.26,"npi":[1114414257,1275594368,1720031636]},{"billed_charge":213.43,"npi":[1114414257,1720031636]},{"billed_charge":262.43,"npi":[1275594368,1720031636]},{"billed_charge":382.59,"npi":[1275594368,1720031636]},{"billed_charge":765.18,"npi":[1114414257,1720031636]}]},{"allowed_amount":0.00,"billing_code_modifier":[""],"providers":[{"billed_charge":66.83,"npi":[1114414257,1720031636]},{"billed_charge":97.26,"npi":[1114414257,1720031636]},{"billed_charge":178.95,"npi":[1114414257,1275594368,1720031636]},{"billed_charge":198.26,"npi":[1114414257,1275594368,1720031636]},{"billed_charge":213.43,"npi":[1114414257,1720031636]},{"billed_charge":262.43,"npi":[1275594368,1720031636]},{"billed_charge":382.59,"npi":[1275594368,1720031636]},{"billed_charge":765.18,"npi":[1114414257,1720031636]}]},{"allowed_amount":0.00,"billing_code_modifier":[""],"providers":[{"billed_charge":66.83,"npi":[1114414257,1720031636]},{"billed_charge":97.26,"npi":[1114414257,1720031636]},{"billed_charge":178.95,"npi":[1114414257,1275594368,1720031636]},{"billed_charge":198.26,"npi":[1114414257,1275594368,1720031636]},{"billed_charge":213.43,"npi":[1114414257,1720031636]},{"billed_charge":262.43,"npi":[1275594368,1720031636]},{"billed_charge":382.59,"npi":[1275594368,1720031636]},{"billed_charge":765.18,"npi":[1114414257,1720031636]}]},{"allowed_amount":0.00,"billing_code_modifier":[""],"providers":[{"billed_charge":66.83,"npi":[1114414257,1720031636]},{"billed_charge":97.26,"npi":[1114414257,1720031636]},{"billed_charge":178.95,"npi":[1114414257,1275594368,1720031636]},{"billed_charge":198.26,"npi":[1114414257,1275594368,1720031636]},{"billed_charge":213.43,"npi":[1114414257,1720031636]},{"billed_charge":262.43,"npi":[1275594368,1720031636]},{"billed_charge":382.59,"npi":[1275594368,1720031636]},{"billed_charge":765.18,"npi":[1114414257,1720031636]}]},{"allowed_amount":0.00,"billing_code_modifier":[""],"providers":[{"billed_charge":66.83,"npi":[1114414257,1720031636]},{"billed_charge":97.26,"npi":[1114414257,1720031636]},{"billed_charge":178.95,"npi":[1114414257,1275594368,1720031636]},{"billed_charge":198.26,"npi":[1114414257,1275594368,1720031636]},{"billed_charge":213.43,"npi":[1114414257,1720031636]},{"billed_charge":262.43,"npi":[1275594368,1720031636]},{"billed_charge":382.59,"npi":[1275594368,1720031636]},{"billed_charge":765.18,"npi":[1114414257,1720031636]}]}]},{"tin":{"type":"ein","value":"621650578"},"service_code":["23"],"billing_class":"institutional","payments":[{"allowed_amount":0.00,"billing_code_modifier":[""],"providers":[{"billed_charge":66.83,"npi":[1114414257,1720031636]},{"billed_charge":97.26,"npi":[1114414257,1720031636]},{"billed_charge":178.95,"npi":[1114414257,1275594368,1720031636]},{"billed_charge":198.26,"npi":[1114414257,1275594368,1720031636]},{"billed_charge":213.43,"npi":[1114414257,1720031636]},{"billed_charge":262.43,"npi":[1275594368,1720031636]},{"billed_charge":382.59,"npi":[1275594368,1720031636]},{"billed_charge":765.18,"npi":[1114414257,1720031636]}]},{"allowed_amount":0.00,"billing_code_modifier":[""],"providers":[{"billed_charge":66.83,"npi":[1114414257,1720031636]},{"billed_charge":97.26,"npi":[1114414257,1720031636]},{"billed_charge":178.95,"npi":[1114414257,1275594368,1720031636]},{"billed_charge":198.26,"npi":[1114414257,1275594368,1720031636]},{"billed_charge":213.43,"npi":[1114414257,1720031636]},{"billed_charge":262.43,"npi":[1275594368,1720031636]},{"billed_charge":382.59,"npi":[1275594368,1720031636]},{"billed_charge":765.18,"npi":[1114414257,1720031636]}]},{"allowed_amount":0.00,"billing_code_modifier":[""],"providers":[{"billed_charge":66.83,"npi":[1114414257,1720031636]},{"billed_charge":97.26,"npi":[1114414257,1720031636]},{"billed_charge":178.95,"npi":[1114414257,1275594368,1720031636]},{"billed_charge":198.26,"npi":[1114414257,1275594368,1720031636]},{"billed_charge":213.43,"npi":[1114414257,1720031636]},{"billed_charge":262.43,"npi":[1275594368,1720031636]},{"billed_charge":382.59,"npi":[1275594368,1720031636]},{"billed_charge":765.18,"npi":[1114414257,1720031636]}]},{"allowed_amount":0.00,"billing_code_modifier":[""],"providers":[{"billed_charge":66.83,"npi":[1114414257,1720031636]},{"billed_charge":97.26,"npi":[1114414257,1720031636]},{"billed_charge":178.95,"npi":[1114414257,1275594368,1720031636]},{"billed_charge":198.26,"npi":[1114414257,1275594368,1720031636]},{"billed_charge":213.43,"npi":[1114414257,1720031636]},{"billed_charge":262.43,"npi":[1275594368,1720031636]},{"billed_charge":382.59,"npi":[1275594368,1720031636]},{"billed_charge":765.18,"npi":[1114414257,1720031636]}]},{"allowed_amount":0.00,"billing_code_modifier":[""],"providers":[{"billed_charge":66.83,"npi":[1114414257,1720031636]},{"billed_charge":97.26,"npi":[1114414257,1720031636]},{"billed_charge":178.95,"npi":[1114414257,1275594368,1720031636]},{"billed_charge":198.26,"npi":[1114414257,1275594368,1720031636]},{"billed_charge":213.43,"npi":[1114414257,1720031636]},{"billed_charge":262.43,"npi":[1275594368,1720031636]},{"billed_charge":382.59,"npi":[1275594368,1720031636]},{"billed_charge":765.18,"npi":[1114414257,1720031636]}]},{"allowed_amount":0.00,"billing_code_modifier":[""],"providers":[{"billed_charge":66.83,"npi":[1114414257,1720031636]},{"billed_charge":97.26,"npi":[1114414257,1720031636]},{"billed_charge":178.95,"npi":[1114414257,1275594368,1720031636]},{"billed_charge":198.26,"npi":[1114414257,1275594368,1720031636]},{"billed_charge":213.43,"npi":[1114414257,1720031636]},{"billed_charge":262.43,"npi":[1275594368,1720031636]},{"billed_charge":382.59,"npi":[1275594368,1720031636]},{"billed_charge":765.18,"npi":[1114414257,1720031636]}]},{"allowed_amount":0.00,"billing_code_modifier":[""],"providers":[{"billed_charge":66.83,"npi":[1114414257,1720031636]},{"billed_charge":97.26,"npi":[1114414257,1720031636]},{"billed_charge":178.95,"npi":[1114414257,1275594368,1720031636]},{"billed_charge":198.26,"npi":[1114414257,1275594368,1720031636]},{"billed_charge":213.43,"npi":[1114414257,1720031636]},{"billed_charge":262.43,"npi":[1275594368,1720031636]},{"billed_charge":382.59,"npi":[1275594368,1720031636]},{"billed_charge":765.18,"npi":[1114414257,1720031636]}]},{"allowed_amount":0.00,"billing_code_modifier":[""],"providers":[{"billed_charge":66.83,"npi":[1114414257,1720031636]},{"billed_charge":97.26,"npi":[1114414257,1720031636]},{"billed_charge":178.95,"npi":[1114414257,1275594368,1720031636]},{"billed_charge":198.26,"npi":[1114414257,1275594368,1720031636]},{"billed_charge":213.43,"npi":[1114414257,1720031636]},{"billed_charge":262.43,"npi":[1275594368,1720031636]},{"billed_charge":382.59,"npi":[1275594368,1720031636]},{"billed_charge":765.18,"npi":[1114414257,1720031636]}]}]},{"tin":{"type":"ein","value":"621650578"},"service_code":["23"],"billing_class":"institutional","payments":[{"allowed_amount":0.00,"billing_code_modifier":[""],"providers":[{"billed_charge":66.83,"npi":[1114414257,1720031636]},{"billed_charge":97.26,"npi":[1114414257,1720031636]},{"billed_charge":178.95,"npi":[1114414257,1275594368,1720031636]},{"billed_charge":198.26,"npi":[1114414257,1275594368,1720031636]},{"billed_charge":213.43,"npi":[1114414257,1720031636]},{"billed_charge":262.43,"npi":[1275594368,1720031636]},{"billed_charge":382.59,"npi":[1275594368,1720031636]},{"billed_charge":765.18,"npi":[1114414257,1720031636]}]},{"allowed_amount":0.00,"billing_code_modifier":[""],"providers":[{"billed_charge":66.83,"npi":[1114414257,1720031636]},{"billed_charge":97.26,"npi":[1114414257,1720031636]},{"billed_charge":178.95,"npi":[1114414257,1275594368,1720031636]},{"billed_charge":198.26,"npi":[1114414257,1275594368,1720031636]},{"billed_charge":213.43,"npi":[1114414257,1720031636]},{"billed_charge":262.43,"npi":[1275594368,1720031636]},{"billed_charge":382.59,"npi":[1275594368,1720031636]},{"billed_charge":765.18,"npi":[1114414257,1720031636]}]},{"allowed_amount":0.00,"billing_code_modifier":[""],"providers":[{"billed_charge":66.83,"npi":[1114414257,1720031636]},{"billed_charge":97.26,"npi":[1114414257,1720031636]},{"billed_charge":178.95,"npi":[1114414257,1275594368,1720031636]},{"billed_charge":198.26,"npi":[1114414257,1275594368,1720031636]},{"billed_charge":213.43,"npi":[1114414257,1720031636]},{"billed_charge":262.43,"npi":[1275594368,1720031636]},{"billed_charge":382.59,"npi":[1275594368,1720031636]},{"billed_charge":765.18,"npi":[1114414257,1720031636]}]},{"allowed_amount":0.00,"billing_code_modifier":[""],"providers":[{"billed_charge":66.83,"npi":[1114414257,1720031636]},{"billed_charge":97.26,"npi":[1114414257,1720031636]},{"billed_charge":178.95,"npi":[1114414257,1275594368,1720031636]},{"billed_charge":198.26,"npi":[1114414257,1275594368,1720031636]},{"billed_charge":213.43,"npi":[1114414257,1720031636]},{"billed_charge":262.43,"npi":[1275594368,1720031636]},{"billed_charge":382.59,"npi":[1275594368,1720031636]},{"billed_charge":765.18,"npi":[1114414257,1720031636]}]},{"allowed_amount":0.00,"billing_code_modifier":[""],"providers":[{"billed_charge":66.83,"npi":[1114414257,1720031636]},{"billed_charge":97.26,"npi":[1114414257,1720031636]},{"billed_charge":178.95,"npi":[1114414257,1275594368,1720031636]},{"billed_charge":198.26,"npi":[1114414257,1275594368,1720031636]},{"billed_charge":213.43,"npi":[1114414257,1720031636]},{"billed_charge":262.43,"npi":[1275594368,1720031636]},{"billed_charge":382.59,"npi":[1275594368,1720031636]},{"billed_charge":765.18,"npi":[1114414257,1720031636]}]},{"allowed_amount":0.00,"billing_code_modifier":[""],"providers":[{"billed_charge":66.83,"npi":[1114414257,1720031636]},{"billed_charge":97.26,"npi":[1114414257,1720031636]},{"billed_charge":178.95,"npi":[1114414257,1275594368,1720031636]},{"billed_charge":198.26,"npi":[1114414257,1275594368,1720031636]},{"billed_charge":213.43,"npi":[1114414257,1720031636]},{"billed_charge":262.43,"npi":[1275594368,1720031636]},{"billed_charge":382.59,"npi":[1275594368,1720031636]},{"billed_charge":765.18,"npi":[1114414257,1720031636]}]},{"allowed_amount":0.00,"billing_code_modifier":[""],"providers":[{"billed_charge":66.83,"npi":[1114414257,1720031636]},{"billed_charge":97.26,"npi":[1114414257,1720031636]},{"billed_charge":178.95,"npi":[1114414257,1275594368,1720031636]},{"billed_charge":198.26,"npi":[1114414257,1275594368,1720031636]},{"billed_charge":213.43,"npi":[1114414257,1720031636]},{"billed_charge":262.43,"npi":[1275594368,1720031636]},{"billed_charge":382.59,"npi":[1275594368,1720031636]},{"billed_charge":765.18,"npi":[1114414257,1720031636]}]},{"allowed_amount":0.00,"billing_code_modifier":[""],"providers":[{"billed_charge":66.83,"npi":[1114414257,1720031636]},{"billed_charge":97.26,"npi":[1114414257,1720031636]},{"billed_charge":178.95,"npi":[1114414257,1275594368,1720031636]},{"billed_charge":198.26,"npi":[1114414257,1275594368,1720031636]},{"billed_charge":213.43,"npi":[1114414257,1720031636]},{"billed_charge":262.43,"npi":[1275594368,1720031636]},{"billed_charge":382.59,"npi":[1275594368,1720031636]},{"billed_charge":765.18,"npi":[1114414257,1720031636]}]}]},{"tin":{"type":"ein","value":"621650578"},"service_code":["23"],"billing_class":"institutional","payments":[{"allowed_amount":0.00,"billing_code_modifier":[""],"providers":[{"billed_charge":66.83,"npi":[1114414257,1720031636]},{"billed_charge":97.26,"npi":[1114414257,1720031636]},{"billed_charge":178.95,"npi":[1114414257,1275594368,1720031636]},{"billed_charge":198.26,"npi":[1114414257,1275594368,1720031636]},{"billed_charge":213.43,"npi":[1114414257,1720031636]},{"billed_charge":262.43,"npi":[1275594368,1720031636]},{"billed_charge":382.59,"npi":[1275594368,1720031636]},{"billed_charge":765.18,"npi":[1114414257,1720031636]}]},{"allowed_amount":0.00,"billing_code_modifier":[""],"providers":[{"billed_charge":66.83,"npi":[1114414257,1720031636]},{"billed_charge":97.26,"npi":[1114414257,1720031636]},{"billed_charge":178.95,"npi":[1114414257,1275594368,1720031636]},{"billed_charge":198.26,"npi":[1114414257,1275594368,1720031636]},{"billed_charge":213.43,"npi":[1114414257,1720031636]},{"billed_charge":262.43,"npi":[1275594368,1720031636]},{"billed_charge":382.59,"npi":[1275594368,1720031636]},{"billed_charge":765.18,"npi":[1114414257,1720031636]}]},{"allowed_amount":0.00,"billing_code_modifier":[""],"providers":[{"billed_charge":66.83,"npi":[1114414257,1720031636]},{"billed_charge":97.26,"npi":[1114414257,1720031636]},{"billed_charge":178.95,"npi":[1114414257,1275594368,1720031636]},{"billed_charge":198.26,"npi":[1114414257,1275594368,1720031636]},{"billed_charge":213.43,"npi":[1114414257,1720031636]},{"billed_charge":262.43,"npi":[1275594368,1720031636]},{"billed_charge":382.59,"npi":[1275594368,1720031636]},{"billed_charge":765.18,"npi":[1114414257,1720031636]}]},{"allowed_amount":0.00,"billing_code_modifier":[""],"providers":[{"billed_charge":66.83,"npi":[1114414257,1720031636]},{"billed_charge":97.26,"npi":[1114414257,1720031636]},{"billed_charge":178.95,"npi":[1114414257,1275594368,1720031636]},{"billed_charge":198.26,"npi":[1114414257,1275594368,1720031636]},{"billed_charge":213.43,"npi":[1114414257,1720031636]},{"billed_charge":262.43,"npi":[1275594368,1720031636]},{"billed_charge":382.59,"npi":[1275594368,1720031636]},{"billed_charge":765.18,"npi":[1114414257,1720031636]}]},{"allowed_amount":0.00,"billing_code_modifier":[""],"providers":[{"billed_charge":66.83,"npi":[1114414257,1720031636]},{"billed_charge":97.26,"npi":[1114414257,1720031636]},{"billed_charge":178.95,"npi":[1114414257,1275594368,1720031636]},{"billed_charge":198.26,"npi":[1114414257,1275594368,1720031636]},{"billed_charge":213.43,"npi":[1114414257,1720031636]},{"billed_charge":262.43,"npi":[1275594368,1720031636]},{"billed_charge":382.59,"npi":[1275594368,1720031636]},{"billed_charge":765.18,"npi":[1114414257,1720031636]}]},{"allowed_amount":0.00,"billing_code_modifier":[""],"providers":[{"billed_charge":66.83,"npi":[1114414257,1720031636]},{"billed_charge":97.26,"npi":[1114414257,1720031636]},{"billed_charge":178.95,"npi":[1114414257,1275594368,1720031636]},{"billed_charge":198.26,"npi":[1114414257,1275594368,1720031636]},{"billed_charge":213.43,"npi":[1114414257,1720031636]},{"billed_charge":262.43,"npi":[1275594368,1720031636]},{"billed_charge":382.59,"npi":[1275594368,1720031636]},{"billed_charge":765.18,"npi":[1114414257,1720031636]}]},{"allowed_amount":0.00,"billing_code_modifier":[""],"providers":[{"billed_charge":66.83,"npi":[1114414257,1720031636]},{"billed_charge":97.26,"npi":[1114414257,1720031636]},{"billed_charge":178.95,"npi":[1114414257,1275594368,1720031636]},{"billed_charge":198.26,"npi":[1114414257,1275594368,1720031636]},{"billed_charge":213.43,"npi":[1114414257,1720031636]},{"billed_charge":262.43,"npi":[1275594368,1720031636]},{"billed_charge":382.59,"npi":[1275594368,1720031636]},{"billed_charge":765.18,"npi":[1114414257,1720031636]}]},{"allowed_amount":0.00,"billing_code_modifier":[""],"providers":[{"billed_charge":66.83,"npi":[1114414257,1720031636]},{"billed_charge":97.26,"npi":[1114414257,1720031636]},{"billed_charge":178.95,"npi":[1114414257,1275594368,1720031636]},{"billed_charge":198.26,"npi":[1114414257,1275594368,1720031636]},{"billed_charge":213.43,"npi":[1114414257,1720031636]},{"billed_charge":262.43,"npi":[1275594368,1720031636]},{"billed_charge":382.59,"npi":[1275594368,1720031636]},{"billed_charge":765.18,"npi":[1114414257,1720031636]}]}]},{"tin":{"type":"ein","value":"621650578"},"service_code":["23"],"billing_class":"institutional","payments":[{"allowed_amount":0.00,"billing_code_modifier":[""],"providers":[{"billed_charge":66.83,"npi":[1114414257,1720031636]},{"billed_charge":97.26,"npi":[1114414257,1720031636]},{"billed_charge":178.95,"npi":[1114414257,1275594368,1720031636]},{"billed_charge":198.26,"npi":[1114414257,1275594368,1720031636]},{"billed_charge":213.43,"npi":[1114414257,1720031636]},{"billed_charge":262.43,"npi":[1275594368,1720031636]},{"billed_charge":382.59,"npi":[1275594368,1720031636]},{"billed_charge":765.18,"npi":[1114414257,1720031636]}]},{"allowed_amount":0.00,"billing_code_modifier":[""],"providers":[{"billed_charge":66.83,"npi":[1114414257,1720031636]},{"billed_charge":97.26,"npi":[1114414257,1720031636]},{"billed_charge":178.95,"npi":[1114414257,1275594368,1720031636]},{"billed_charge":198.26,"npi":[1114414257,1275594368,1720031636]},{"billed_charge":213.43,"npi":[1114414257,1720031636]},{"billed_charge":262.43,"npi":[1275594368,1720031636]},{"billed_charge":382.59,"npi":[1275594368,1720031636]},{"billed_charge":765.18,"npi":[1114414257,1720031636]}]},{"allowed_amount":0.00,"billing_code_modifier":[""],"providers":[{"billed_charge":66.83,"npi":[1114414257,1720031636]},{"billed_charge":97.26,"npi":[1114414257,1720031636]},{"billed_charge":178.95,"npi":[1114414257,1275594368,1720031636]},{"billed_charge":198.26,"npi":[1114414257,1275594368,1720031636]},{"billed_charge":213.43,"npi":[1114414257,1720031636]},{"billed_charge":262.43,"npi":[1275594368,1720031636]},{"billed_charge":382.59,"npi":[1275594368,1720031636]},{"billed_charge":765.18,"npi":[1114414257,1720031636]}]},{"allowed_amount":0.00,"billing_code_modifier":[""],"providers":[{"billed_charge":66.83,"npi":[1114414257,1720031636]},{"billed_charge":97.26,"npi":[1114414257,1720031636]},{"billed_charge":178.95,"npi":[1114414257,1275594368,1720031636]},{"billed_charge":198.26,"npi":[1114414257,1275594368,1720031636]},{"billed_charge":213.43,"npi":[1114414257,1720031636]},{"billed_charge":262.43,"npi":[1275594368,1720031636]},{"billed_charge":382.59,"npi":[1275594368,1720031636]},{"billed_charge":765.18,"npi":[1114414257,1720031636]}]},{"allowed_amount":0.00,"billing_code_modifier":[""],"providers":[{"billed_charge":66.83,"npi":[1114414257,1720031636]},{"billed_charge":97.26,"npi":[1114414257,1720031636]},{"billed_charge":178.95,"npi":[1114414257,1275594368,1720031636]},{"billed_charge":198.26,"npi":[1114414257,1275594368,1720031636]},{"billed_charge":213.43,"npi":[1114414257,1720031636]},{"billed_charge":262.43,"npi":[1275594368,1720031636]},{"billed_charge":382.59,"npi":[1275594368,1720031636]},{"billed_charge":765.18,"npi":[1114414257,1720031636]}]},{"allowed_amount":0.00,"billing_code_modifier":[""],"providers":[{"billed_charge":66.83,"npi":[1114414257,1720031636]},{"billed_charge":97.26,"npi":[1114414257,1720031636]},{"billed_charge":178.95,"npi":[1114414257,1275594368,1720031636]},{"billed_charge":198.26,"npi":[1114414257,1275594368,1720031636]},{"billed_charge":213.43,"npi":[1114414257,1720031636]},{"billed_charge":262.43,"npi":[1275594368,1720031636]},{"billed_charge":382.59,"npi":[1275594368,1720031636]},{"billed_charge":765.18,"npi":[1114414257,1720031636]}]},{"allowed_amount":0.00,"billing_code_modifier":[""],"providers":[{"billed_charge":66.83,"npi":[1114414257,1720031636]},{"billed_charge":97.26,"npi":[1114414257,1720031636]},{"billed_charge":178.95,"npi":[1114414257,1275594368,1720031636]},{"billed_charge":198.26,"npi":[1114414257,1275594368,1720031636]},{"billed_charge":213.43,"npi":[1114414257,1720031636]},{"billed_charge":262.43,"npi":[1275594368,1720031636]},{"billed_charge":382.59,"npi":[1275594368,1720031636]},{"billed_charge":765.18,"npi":[1114414257,1720031636]}]},{"allowed_amount":0.00,"billing_code_modifier":[""],"providers":[{"billed_charge":66.83,"npi":[1114414257,1720031636]},{"billed_charge":97.26,"npi":[1114414257,1720031636]},{"billed_charge":178.95,"npi":[1114414257,1275594368,1720031636]},{"billed_charge":198.26,"npi":[1114414257,1275594368,1720031636]},{"billed_charge":213.43,"npi":[1114414257,1720031636]},{"billed_charge":262.43,"npi":[1275594368,1720031636]},{"billed_charge":382.59,"npi":[1275594368,1720031636]},{"billed_charge":765.18,"npi":[1114414257,1720031636]}]}]},{"tin":{"type":"ein","value":"621650578"},"service_code":["23"],"billing_class":"institutional","payments":[{"allowed_amount":0.00,"billing_code_modifier":[""],"providers":[{"billed_charge":66.83,"npi":[1114414257,1720031636]},{"billed_charge":97.26,"npi":[1114414257,1720031636]},{"billed_charge":178.95,"npi":[1114414257,1275594368,1720031636]},{"billed_charge":198.26,"npi":[1114414257,1275594368,1720031636]},{"billed_charge":213.43,"npi":[1114414257,1720031636]},{"billed_charge":262.43,"npi":[1275594368,1720031636]},{"billed_charge":382.59,"npi":[1275594368,1720031636]},{"billed_charge":765.18,"npi":[1114414257,1720031636]}]},{"allowed_amount":0.00,"billing_code_modifier":[""],"providers":[{"billed_charge":66.83,"npi":[1114414257,1720031636]},{"billed_charge":97.26,"npi":[1114414257,1720031636]},{"billed_charge":178.95,"npi":[1114414257,1275594368,1720031636]},{"billed_charge":198.26,"npi":[1114414257,1275594368,1720031636]},{"billed_charge":213.43,"npi":[1114414257,1720031636]},{"billed_charge":262.43,"npi":[1275594368,1720031636]},{"billed_charge":382.59,"npi":[1275594368,1720031636]},{"billed_charge":765.18,"npi":[1114414257,1720031636]}]},{"allowed_amount":0.00,"billing_code_modifier":[""],"providers":[{"billed_charge":66.83,"npi":[1114414257,1720031636]},{"billed_charge":97.26,"npi":[1114414257,1720031636]},{"billed_charge":178.95,"npi":[1114414257,1275594368,1720031636]},{"billed_charge":198.26,"npi":[1114414257,1275594368,1720031636]},{"billed_charge":213.43,"npi":[1114414257,1720031636]},{"billed_charge":262.43,"npi":[1275594368,1720031636]},{"billed_charge":382.59,"npi":[1275594368,1720031636]},{"billed_charge":765.18,"npi":[1114414257,1720031636]}]},{"allowed_amount":0.00,"billing_code_modifier":[""],"providers":[{"billed_charge":66.83,"npi":[1114414257,1720031636]},{"billed_charge":97.26,"npi":[1114414257,1720031636]},{"billed_charge":178.95,"npi":[1114414257,1275594368,1720031636]},{"billed_charge":198.26,"npi":[1114414257,1275594368,1720031636]},{"billed_charge":213.43,"npi":[1114414257,1720031636]},{"billed_charge":262.43,"npi":[1275594368,1720031636]},{"billed_charge":382.59,"npi":[1275594368,1720031636]},{"billed_charge":765.18,"npi":[1114414257,1720031636]}]},{"allowed_amount":0.00,"billing_code_modifier":[""],"providers":[{"billed_charge":66.83,"npi":[1114414257,1720031636]},{"billed_charge":97.26,"npi":[1114414257,1720031636]},{"billed_charge":178.95,"npi":[1114414257,1275594368,1720031636]},{"billed_charge":198.26,"npi":[1114414257,1275594368,1720031636]},{"billed_charge":213.43,"npi":[1114414257,1720031636]},{"billed_charge":262.43,"npi":[1275594368,1720031636]},{"billed_charge":382.59,"npi":[1275594368,1720031636]},{"billed_charge":765.18,"npi":[1114414257,1720031636]}]},{"allowed_amount":0.00,"billing_code_modifier":[""],"providers":[{"billed_charge":66.83,"npi":[1114414257,1720031636]},{"billed_charge":97.26,"npi":[1114414257,1720031636]},{"billed_charge":178.95,"npi":[1114414257,1275594368,1720031636]},{"billed_charge":198.26,"npi":[1114414257,1275594368,1720031636]},{"billed_charge":213.43,"npi":[1114414257,1720031636]},{"billed_charge":262.43,"npi":[1275594368,1720031636]},{"billed_charge":382.59,"npi":[1275594368,1720031636]},{"billed_charge":765.18,"npi":[1114414257,1720031636]}]},{"allowed_amount":0.00,"billing_code_modifier":[""],"providers":[{"billed_charge":66.83,"npi":[1114414257,1720031636]},{"billed_charge":97.26,"npi":[1114414257,1720031636]},{"billed_charge":178.95,"npi":[1114414257,1275594368,1720031636]},{"billed_charge":198.26,"npi":[1114414257,1275594368,1720031636]},{"billed_charge":213.43,"npi":[1114414257,1720031636]},{"billed_charge":262.43,"npi":[1275594368,1720031636]},{"billed_charge":382.59,"npi":[1275594368,1720031636]},{"billed_charge":765.18,"npi":[1114414257,1720031636]}]},{"allowed_amount":0.00,"billing_code_modifier":[""],"providers":[{"billed_charge":66.83,"npi":[1114414257,1720031636]},{"billed_charge":97.26,"npi":[1114414257,1720031636]},{"billed_charge":178.95,"npi":[1114414257,1275594368,1720031636]},{"billed_charge":198.26,"npi":[1114414257,1275594368,1720031636]},{"billed_charge":213.43,"npi":[1114414257,1720031636]},{"billed_charge":262.43,"npi":[1275594368,1720031636]},{"billed_charge":382.59,"npi":[1275594368,1720031636]},{"billed_charge":765.18,"npi":[1114414257,1720031636]}]}]},{"tin":{"type":"ein","value":"621650578"},"service_code":["23"],"billing_class":"institutional","payments":[{"allowed_amount":0.00,"billing_code_modifier":[""],"providers":[{"billed_charge":66.83,"npi":[1114414257,1720031636]},{"billed_charge":97.26,"npi":[1114414257,1720031636]},{"billed_charge":178.95,"npi":[1114414257,1275594368,1720031636]},{"billed_charge":198.26,"npi":[1114414257,1275594368,1720031636]},{"billed_charge":213.43,"npi":[1114414257,1720031636]},{"billed_charge":262.43,"npi":[1275594368,1720031636]},{"billed_charge":382.59,"npi":[1275594368,1720031636]},{"billed_charge":765.18,"npi":[1114414257,1720031636]}]},{"allowed_amount":0.00,"billing_code_modifier":[""],"providers":[{"billed_charge":66.83,"npi":[1114414257,1720031636]},{"billed_charge":97.26,"npi":[1114414257,1720031636]},{"billed_charge":178.95,"npi":[1114414257,1275594368,1720031636]},{"billed_charge":198.26,"npi":[1114414257,1275594368,1720031636]},{"billed_charge":213.43,"npi":[1114414257,1720031636]},{"billed_charge":262.43,"npi":[1275594368,1720031636]},{"billed_charge":382.59,"npi":[1275594368,1720031636]},{"billed_charge":765.18,"npi":[1114414257,1720031636]}]},{"allowed_amount":0.00,"billing_code_modifier":[""],"providers":[{"billed_charge":66.83,"npi":[1114414257,1720031636]},{"billed_charge":97.26,"npi":[1114414257,1720031636]},{"billed_charge":178.95,"npi":[1114414257,1275594368,1720031636]},{"billed_charge":198.26,"npi":[1114414257,1275594368,1720031636]},{"billed_charge":213.43,"npi":[1114414257,1720031636]},{"billed_charge":262.43,"npi":[1275594368,1720031636]},{"billed_charge":382.59,"npi":[1275594368,1720031636]},{"billed_charge":765.18,"npi":[1114414257,1720031636]}]},{"allowed_amount":0.00,"billing_code_modifier":[""],"providers":[{"billed_charge":66.83,"npi":[1114414257,1720031636]},{"billed_charge":97.26,"npi":[1114414257,1720031636]},{"billed_charge":178.95,"npi":[1114414257,1275594368,1720031636]},{"billed_charge":198.26,"npi":[1114414257,1275594368,1720031636]},{"billed_charge":213.43,"npi":[1114414257,1720031636]},{"billed_charge":262.43,"npi":[1275594368,1720031636]},{"billed_charge":382.59,"npi":[1275594368,1720031636]},{"billed_charge":765.18,"npi":[1114414257,1720031636]}]},{"allowed_amount":0.00,"billing_code_modifier":[""],"providers":[{"billed_charge":66.83,"npi":[1114414257,1720031636]},{"billed_charge":97.26,"npi":[1114414257,1720031636]},{"billed_charge":178.95,"npi":[1114414257,1275594368,1720031636]},{"billed_charge":198.26,"npi":[1114414257,1275594368,1720031636]},{"billed_charge":213.43,"npi":[1114414257,1720031636]},{"billed_charge":262.43,"npi":[1275594368,1720031636]},{"billed_charge":382.59,"npi":[1275594368,1720031636]},{"billed_charge":765.18,"npi":[1114414257,1720031636]}]},{"allowed_amount":0.00,"billing_code_modifier":[""],"providers":[{"billed_charge":66.83,"npi":[1114414257,1720031636]},{"billed_charge":97.26,"npi":[1114414257,1720031636]},{"billed_charge":178.95,"npi":[1114414257,1275594368,1720031636]},{"billed_charge":198.26,"npi":[1114414257,1275594368,1720031636]},{"billed_charge":213.43,"npi":[1114414257,1720031636]},{"billed_charge":262.43,"npi":[1275594368,1720031636]},{"billed_charge":382.59,"npi":[1275594368,1720031636]},{"billed_charge":765.18,"npi":[1114414257,1720031636]}]},{"allowed_amount":0.00,"billing_code_modifier":[""],"providers":[{"billed_charge":66.83,"npi":[1114414257,1720031636]},{"billed_charge":97.26,"npi":[1114414257,1720031636]},{"billed_charge":178.95,"npi":[1114414257,1275594368,1720031636]},{"billed_charge":198.26,"npi":[1114414257,1275594368,1720031636]},{"billed_charge":213.43,"npi":[1114414257,1720031636]},{"billed_charge":262.43,"npi":[1275594368,1720031636]},{"billed_charge":382.59,"npi":[1275594368,1720031636]},{"billed_charge":765.18,"npi":[1114414257,1720031636]}]},{"allowed_amount":0.00,"billing_code_modifier":[""],"providers":[{"billed_charge":66.83,"npi":[1114414257,1720031636]},{"billed_charge":97.26,"npi":[1114414257,1720031636]},{"billed_charge":178.95,"npi":[1114414257,1275594368,1720031636]},{"billed_charge":198.26,"npi":[1114414257,1275594368,1720031636]},{"billed_charge":213.43,"npi":[1114414257,1720031636]},{"billed_charge":262.43,"npi":[1275594368,1720031636]},{"billed_charge":382.59,"npi":[1275594368,1720031636]},{"billed_charge":765.18,"npi":[1114414257,1720031636]}]}]}]}]}
