{"reporting_entity_name": "IEC Group_DBA AmeriBen",
	"reporting_entity_type": "Third Party Administrator",
	"plan_name": "WORTHINGTON ENTERPRISES",
	"plan_id_type": "ein",
	"plan_id": "311189815",
	"plan_market_type": "group",
	"last_updated_on": "2024-05-02","Version": "1.0.0","out_of_network":[{"name":"ADAPTIVE BEHAVIOR TX BY PROTOCOL TECH EA 15 MIN","billing_code_type":"CPT","billing_code_type_version":"2020","billing_code":"97153","description":"ADAPTIVE BEHAVIOR TX BY PROTOCOL TECH EA 15 MIN","allowed_amounts":[{"tin":{"type":"ein","value":"832232525"},"service_code":["12"],"billing_class":"professional","payments":[{"allowed_amount":803.25,"billing_code_modifier":[""],"providers":[{"billed_charge":945.00,"npi":[1043780695,1295148146,1376023531,1578840682,1629526108,1689446783]}]}]}]},{"name":"CCPD OPD\/HOME: CCPD COMP OR OTHER RATE","billing_code_type":"RC","billing_code_type_version":"UB04","billing_code":"0851","description":"CCPD OPD\/HOME: CCPD COMP OR OTHER RATE","allowed_amounts":[{"tin":{"type":"ein","value":"450985042"},"service_code":["65"],"billing_class":"institutional","payments":[{"allowed_amount":204.78,"billing_code_modifier":[""],"providers":[{"billed_charge":3374.00,"npi":[1053689216,1396959755]}]}]},{"tin":{"type":"ein","value":"450985042"},"service_code":["65"],"billing_class":"institutional","payments":[{"allowed_amount":331.36,"billing_code_modifier":[""],"providers":[{"billed_charge":3374.00,"npi":[1053689216,1396959755]}]}]},{"tin":{"type":"ein","value":"450985042"},"service_code":["65"],"billing_class":"institutional","payments":[{"allowed_amount":345.45,"billing_code_modifier":[""],"providers":[{"billed_charge":3374.00,"npi":[1053689216,1396959755]}]}]}]},{"name":"DRUG TST DEFINITV DR ID METH P DAY 22\/MORE DR CL","billing_code_type":"HCPCS","billing_code_type_version":"HCPCS LEVEL II 2021","billing_code":"G0483","description":"DRUG TST DEFINITV DR ID METH P DAY 22\/MORE DR CL","allowed_amounts":[{"tin":{"type":"ein","value":"821623492"},"service_code":["81"],"billing_class":"professional","payments":[{"allowed_amount":0.00,"billing_code_modifier":[""],"providers":[{"billed_charge":1521.00,"npi":[1245228717,1669990701]}]}]},{"tin":{"type":"ein","value":"880241758"},"service_code":["81"],"billing_class":"professional","payments":[{"allowed_amount":0.00,"billing_code_modifier":[""],"providers":[{"billed_charge":926.00,"npi":[1164964870,1699782722]}]}]}]},{"name":"DRUG TST PRSMV INSTRMNT CHEM ANALYZERS PR DATE","billing_code_type":"CPT","billing_code_type_version":"2020","billing_code":"80307","description":"DRUG TST PRSMV INSTRMNT CHEM ANALYZERS PR DATE","allowed_amounts":[{"tin":{"type":"ein","value":"821623492"},"service_code":["81"],"billing_class":"professional","payments":[{"allowed_amount":26.95,"billing_code_modifier":[""],"providers":[{"billed_charge":385.00,"npi":[1245228717,1669990701]}]}]}]},{"name":"LABORATORY - CLINICAL DIAGNOSTIC","billing_code_type":"RC","billing_code_type_version":"UB04","billing_code":"0300","description":"LABORATORY - CLINICAL DIAGNOSTIC","allowed_amounts":[{"tin":{"type":"ein","value":"833735225"},"service_code":["22"],"billing_class":"institutional","payments":[{"allowed_amount":27.83,"billing_code_modifier":[""],"providers":[{"billed_charge":1129.00,"npi":[1245228717,1780243394]}]}]}]},{"name":"PSYCHIATRIC\/PSYCHOLOGICAL SVCS: PARTIAL HOSP - LES","billing_code_type":"RC","billing_code_type_version":"UB04","billing_code":"0912","description":"PSYCHIATRIC\/PSYCHOLOGICAL SVCS: PARTIAL HOSP - LES","allowed_amounts":[{"tin":{"type":"ein","value":"821451591"},"service_code":["22"],"billing_class":"institutional","payments":[{"allowed_amount":900.00,"billing_code_modifier":[""],"providers":[{"billed_charge":3495.00,"npi":[1437785490]}]}]},{"tin":{"type":"ein","value":"833735225"},"service_code":["22"],"billing_class":"institutional","payments":[{"allowed_amount":1024.23,"billing_code_modifier":[""],"providers":[{"billed_charge":3250.00,"npi":[1245228717,1780243394]}]}]}]},{"name":"PSYCHOTHERAPY W\/PATIENT 60 MINUTES","billing_code_type":"CPT","billing_code_type_version":"2020","billing_code":"90837","description":"PSYCHOTHERAPY W\/PATIENT 60 MINUTES","allowed_amounts":[{"tin":{"type":"ein","value":"340878412"},"service_code":["11"],"billing_class":"professional","payments":[{"allowed_amount":92.74,"billing_code_modifier":[""],"providers":[{"billed_charge":130.00,"npi":[1033189642,1366607285,1639525611]}]}]},{"tin":{"type":"ein","value":"341536574"},"service_code":["11"],"billing_class":"professional","payments":[{"allowed_amount":80.54,"billing_code_modifier":[""],"providers":[{"billed_charge":180.00,"npi":[1033288501,1568056281,1639816929]}]}]},{"tin":{"type":"ein","value":"341751703"},"service_code":["50"],"billing_class":"professional","payments":[{"allowed_amount":80.54,"billing_code_modifier":[""],"providers":[{"billed_charge":168.00,"npi":[1336687482,1881983344]}]}]},{"tin":{"type":"ein","value":"843953489"},"service_code":["02","11"],"billing_class":"professional","payments":[{"allowed_amount":92.74,"billing_code_modifier":[""],"providers":[{"billed_charge":165.00,"npi":[1003309576,1023686573]}]}]}]},{"name":"TRAVEL 1 WAY MED NEC LAB SPEC; PRORATD TRIP CHRG","billing_code_type":"HCPCS","billing_code_type_version":"HCPCS LEVEL II 2021","billing_code":"P9604","description":"TRAVEL 1 WAY MED NEC LAB SPEC; PRORATD TRIP CHRG","allowed_amounts":[{"tin":{"type":"ein","value":"821623492"},"service_code":["81"],"billing_class":"professional","payments":[{"allowed_amount":0.00,"billing_code_modifier":[""],"providers":[{"billed_charge":50.00,"npi":[1245228717,1669990701]}]}]}]}]}
