{"reporting_entity_name": "IEC Group_DBA AmeriBen",
	"reporting_entity_type": "Third Party Administrator",
	"plan_name": "AVALON HEALTH CARE GROUP",
	"plan_id_type": "ein",
	"plan_id": "200020934",
	"plan_market_type": "group",
	"last_updated_on": "2024-02-01","Version": "1.0.0","out_of_network":[{"name":"MEDICAL\/SURGICAL SUPPLIES","billing_code_type":"RC","billing_code_type_version":"UB04","billing_code":"0270","description":"MEDICAL\/SURGICAL SUPPLIES","allowed_amounts":[{"tin":{"type":"ein","value":"261845298"},"service_code":["65"],"billing_class":"institutional","payments":[{"allowed_amount":3.31,"billing_code_modifier":[""],"providers":[{"billed_charge":135.24,"npi":[1538306428,1750414447]}]}]},{"tin":{"type":"ein","value":"261845298"},"service_code":["65"],"billing_class":"institutional","payments":[{"allowed_amount":4.19,"billing_code_modifier":[""],"providers":[{"billed_charge":135.24,"npi":[1538306428,1750414447]}]}]}]}]}
