{"reporting_entity_name": "IEC Group_DBA AmeriBen",
	"reporting_entity_type": "Third Party Administrator",
	"plan_name": "MONTEREY MUSHROOMS LLC",
	"plan_id_type": "ein",
	"plan_id": "770185497",
	"plan_market_type": "group",
	"last_updated_on": "2025-01-01","Version": "1.0.0","out_of_network":[{"name":"DRUGS REQUIRE SPECIFIC ID: SELF ADMIN DRUGS (INSUL","billing_code_type":"RC","billing_code_type_version":"UB04","billing_code":"0637","description":"DRUGS REQUIRE SPECIFIC ID: SELF ADMIN DRUGS (INSUL","allowed_amounts":[{"tin":{"type":"ein","value":"741282696"},"service_code":["21"],"billing_class":"institutional","payments":[{"allowed_amount":0.00,"billing_code_modifier":[""],"providers":[{"billed_charge":149.51,"npi":[1881619203,1942294939]},{"billed_charge":289.17,"npi":[1518938695,1942294939]},{"billed_charge":2148.35,"npi":[1730508615,1942294939]},{"billed_charge":6.12,"npi":[1750345351,1942294939]},{"billed_charge":41.36,"npi":[1437411733,1942294939]}]},{"allowed_amount":0.00,"billing_code_modifier":[""],"providers":[{"billed_charge":149.51,"npi":[1881619203,1942294939]},{"billed_charge":289.17,"npi":[1518938695,1942294939]},{"billed_charge":2148.35,"npi":[1730508615,1942294939]},{"billed_charge":6.12,"npi":[1750345351,1942294939]},{"billed_charge":41.36,"npi":[1437411733,1942294939]}]},{"allowed_amount":0.00,"billing_code_modifier":[""],"providers":[{"billed_charge":149.51,"npi":[1881619203,1942294939]},{"billed_charge":289.17,"npi":[1518938695,1942294939]},{"billed_charge":2148.35,"npi":[1730508615,1942294939]},{"billed_charge":6.12,"npi":[1750345351,1942294939]},{"billed_charge":41.36,"npi":[1437411733,1942294939]}]},{"allowed_amount":0.00,"billing_code_modifier":[""],"providers":[{"billed_charge":149.51,"npi":[1881619203,1942294939]},{"billed_charge":289.17,"npi":[1518938695,1942294939]},{"billed_charge":2148.35,"npi":[1730508615,1942294939]},{"billed_charge":6.12,"npi":[1750345351,1942294939]},{"billed_charge":41.36,"npi":[1437411733,1942294939]}]},{"allowed_amount":0.00,"billing_code_modifier":[""],"providers":[{"billed_charge":149.51,"npi":[1881619203,1942294939]},{"billed_charge":289.17,"npi":[1518938695,1942294939]},{"billed_charge":2148.35,"npi":[1730508615,1942294939]},{"billed_charge":6.12,"npi":[1750345351,1942294939]},{"billed_charge":41.36,"npi":[1437411733,1942294939]}]}]},{"tin":{"type":"ein","value":"741282696"},"service_code":["21"],"billing_class":"institutional","payments":[{"allowed_amount":0.00,"billing_code_modifier":[""],"providers":[{"billed_charge":149.51,"npi":[1881619203,1942294939]},{"billed_charge":289.17,"npi":[1518938695,1942294939]},{"billed_charge":2148.35,"npi":[1730508615,1942294939]},{"billed_charge":6.12,"npi":[1750345351,1942294939]},{"billed_charge":41.36,"npi":[1437411733,1942294939]}]},{"allowed_amount":0.00,"billing_code_modifier":[""],"providers":[{"billed_charge":149.51,"npi":[1881619203,1942294939]},{"billed_charge":289.17,"npi":[1518938695,1942294939]},{"billed_charge":2148.35,"npi":[1730508615,1942294939]},{"billed_charge":6.12,"npi":[1750345351,1942294939]},{"billed_charge":41.36,"npi":[1437411733,1942294939]}]},{"allowed_amount":0.00,"billing_code_modifier":[""],"providers":[{"billed_charge":149.51,"npi":[1881619203,1942294939]},{"billed_charge":289.17,"npi":[1518938695,1942294939]},{"billed_charge":2148.35,"npi":[1730508615,1942294939]},{"billed_charge":6.12,"npi":[1750345351,1942294939]},{"billed_charge":41.36,"npi":[1437411733,1942294939]}]},{"allowed_amount":0.00,"billing_code_modifier":[""],"providers":[{"billed_charge":149.51,"npi":[1881619203,1942294939]},{"billed_charge":289.17,"npi":[1518938695,1942294939]},{"billed_charge":2148.35,"npi":[1730508615,1942294939]},{"billed_charge":6.12,"npi":[1750345351,1942294939]},{"billed_charge":41.36,"npi":[1437411733,1942294939]}]},{"allowed_amount":0.00,"billing_code_modifier":[""],"providers":[{"billed_charge":149.51,"npi":[1881619203,1942294939]},{"billed_charge":289.17,"npi":[1518938695,1942294939]},{"billed_charge":2148.35,"npi":[1730508615,1942294939]},{"billed_charge":6.12,"npi":[1750345351,1942294939]},{"billed_charge":41.36,"npi":[1437411733,1942294939]}]}]},{"tin":{"type":"ein","value":"741282696"},"service_code":["21"],"billing_class":"institutional","payments":[{"allowed_amount":0.00,"billing_code_modifier":[""],"providers":[{"billed_charge":149.51,"npi":[1881619203,1942294939]},{"billed_charge":289.17,"npi":[1518938695,1942294939]},{"billed_charge":2148.35,"npi":[1730508615,1942294939]},{"billed_charge":6.12,"npi":[1750345351,1942294939]},{"billed_charge":41.36,"npi":[1437411733,1942294939]}]},{"allowed_amount":0.00,"billing_code_modifier":[""],"providers":[{"billed_charge":149.51,"npi":[1881619203,1942294939]},{"billed_charge":289.17,"npi":[1518938695,1942294939]},{"billed_charge":2148.35,"npi":[1730508615,1942294939]},{"billed_charge":6.12,"npi":[1750345351,1942294939]},{"billed_charge":41.36,"npi":[1437411733,1942294939]}]},{"allowed_amount":0.00,"billing_code_modifier":[""],"providers":[{"billed_charge":149.51,"npi":[1881619203,1942294939]},{"billed_charge":289.17,"npi":[1518938695,1942294939]},{"billed_charge":2148.35,"npi":[1730508615,1942294939]},{"billed_charge":6.12,"npi":[1750345351,1942294939]},{"billed_charge":41.36,"npi":[1437411733,1942294939]}]},{"allowed_amount":0.00,"billing_code_modifier":[""],"providers":[{"billed_charge":149.51,"npi":[1881619203,1942294939]},{"billed_charge":289.17,"npi":[1518938695,1942294939]},{"billed_charge":2148.35,"npi":[1730508615,1942294939]},{"billed_charge":6.12,"npi":[1750345351,1942294939]},{"billed_charge":41.36,"npi":[1437411733,1942294939]}]},{"allowed_amount":0.00,"billing_code_modifier":[""],"providers":[{"billed_charge":149.51,"npi":[1881619203,1942294939]},{"billed_charge":289.17,"npi":[1518938695,1942294939]},{"billed_charge":2148.35,"npi":[1730508615,1942294939]},{"billed_charge":6.12,"npi":[1750345351,1942294939]},{"billed_charge":41.36,"npi":[1437411733,1942294939]}]}]},{"tin":{"type":"ein","value":"741282696"},"service_code":["23"],"billing_class":"institutional","payments":[{"allowed_amount":0.00,"billing_code_modifier":[""],"providers":[{"billed_charge":149.51,"npi":[1881619203,1942294939]},{"billed_charge":289.17,"npi":[1518938695,1942294939]},{"billed_charge":2148.35,"npi":[1730508615,1942294939]},{"billed_charge":6.12,"npi":[1750345351,1942294939]},{"billed_charge":41.36,"npi":[1437411733,1942294939]}]},{"allowed_amount":0.00,"billing_code_modifier":[""],"providers":[{"billed_charge":149.51,"npi":[1881619203,1942294939]},{"billed_charge":289.17,"npi":[1518938695,1942294939]},{"billed_charge":2148.35,"npi":[1730508615,1942294939]},{"billed_charge":6.12,"npi":[1750345351,1942294939]},{"billed_charge":41.36,"npi":[1437411733,1942294939]}]},{"allowed_amount":0.00,"billing_code_modifier":[""],"providers":[{"billed_charge":149.51,"npi":[1881619203,1942294939]},{"billed_charge":289.17,"npi":[1518938695,1942294939]},{"billed_charge":2148.35,"npi":[1730508615,1942294939]},{"billed_charge":6.12,"npi":[1750345351,1942294939]},{"billed_charge":41.36,"npi":[1437411733,1942294939]}]},{"allowed_amount":0.00,"billing_code_modifier":[""],"providers":[{"billed_charge":149.51,"npi":[1881619203,1942294939]},{"billed_charge":289.17,"npi":[1518938695,1942294939]},{"billed_charge":2148.35,"npi":[1730508615,1942294939]},{"billed_charge":6.12,"npi":[1750345351,1942294939]},{"billed_charge":41.36,"npi":[1437411733,1942294939]}]},{"allowed_amount":0.00,"billing_code_modifier":[""],"providers":[{"billed_charge":149.51,"npi":[1881619203,1942294939]},{"billed_charge":289.17,"npi":[1518938695,1942294939]},{"billed_charge":2148.35,"npi":[1730508615,1942294939]},{"billed_charge":6.12,"npi":[1750345351,1942294939]},{"billed_charge":41.36,"npi":[1437411733,1942294939]}]}]},{"tin":{"type":"ein","value":"741282696"},"service_code":["23"],"billing_class":"institutional","payments":[{"allowed_amount":0.00,"billing_code_modifier":[""],"providers":[{"billed_charge":149.51,"npi":[1881619203,1942294939]},{"billed_charge":289.17,"npi":[1518938695,1942294939]},{"billed_charge":2148.35,"npi":[1730508615,1942294939]},{"billed_charge":6.12,"npi":[1750345351,1942294939]},{"billed_charge":41.36,"npi":[1437411733,1942294939]}]},{"allowed_amount":0.00,"billing_code_modifier":[""],"providers":[{"billed_charge":149.51,"npi":[1881619203,1942294939]},{"billed_charge":289.17,"npi":[1518938695,1942294939]},{"billed_charge":2148.35,"npi":[1730508615,1942294939]},{"billed_charge":6.12,"npi":[1750345351,1942294939]},{"billed_charge":41.36,"npi":[1437411733,1942294939]}]},{"allowed_amount":0.00,"billing_code_modifier":[""],"providers":[{"billed_charge":149.51,"npi":[1881619203,1942294939]},{"billed_charge":289.17,"npi":[1518938695,1942294939]},{"billed_charge":2148.35,"npi":[1730508615,1942294939]},{"billed_charge":6.12,"npi":[1750345351,1942294939]},{"billed_charge":41.36,"npi":[1437411733,1942294939]}]},{"allowed_amount":0.00,"billing_code_modifier":[""],"providers":[{"billed_charge":149.51,"npi":[1881619203,1942294939]},{"billed_charge":289.17,"npi":[1518938695,1942294939]},{"billed_charge":2148.35,"npi":[1730508615,1942294939]},{"billed_charge":6.12,"npi":[1750345351,1942294939]},{"billed_charge":41.36,"npi":[1437411733,1942294939]}]},{"allowed_amount":0.00,"billing_code_modifier":[""],"providers":[{"billed_charge":149.51,"npi":[1881619203,1942294939]},{"billed_charge":289.17,"npi":[1518938695,1942294939]},{"billed_charge":2148.35,"npi":[1730508615,1942294939]},{"billed_charge":6.12,"npi":[1750345351,1942294939]},{"billed_charge":41.36,"npi":[1437411733,1942294939]}]}]},{"tin":{"type":"ein","value":"742761145"},"service_code":["23"],"billing_class":"institutional","payments":[{"allowed_amount":0.00,"billing_code_modifier":[""],"providers":[{"billed_charge":4.94,"npi":[1083108963,1780731737]},{"billed_charge":5.83,"npi":[1487015608,1780731737]},{"billed_charge":6.92,"npi":[1467956995,1780731737]},{"billed_charge":12.24,"npi":[1467956995,1780731737,1972943231]},{"billed_charge":12.84,"npi":[1780731737,1932177474]},{"billed_charge":24.57,"npi":[1780731737,1932724630]},{"billed_charge":240.66,"npi":[1487015608,1780731737]}]},{"allowed_amount":0.00,"billing_code_modifier":[""],"providers":[{"billed_charge":4.94,"npi":[1083108963,1780731737]},{"billed_charge":5.83,"npi":[1487015608,1780731737]},{"billed_charge":6.92,"npi":[1467956995,1780731737]},{"billed_charge":12.24,"npi":[1467956995,1780731737,1972943231]},{"billed_charge":12.84,"npi":[1780731737,1932177474]},{"billed_charge":24.57,"npi":[1780731737,1932724630]},{"billed_charge":240.66,"npi":[1487015608,1780731737]}]},{"allowed_amount":0.00,"billing_code_modifier":[""],"providers":[{"billed_charge":4.94,"npi":[1083108963,1780731737]},{"billed_charge":5.83,"npi":[1487015608,1780731737]},{"billed_charge":6.92,"npi":[1467956995,1780731737]},{"billed_charge":12.24,"npi":[1467956995,1780731737,1972943231]},{"billed_charge":12.84,"npi":[1780731737,1932177474]},{"billed_charge":24.57,"npi":[1780731737,1932724630]},{"billed_charge":240.66,"npi":[1487015608,1780731737]}]},{"allowed_amount":0.00,"billing_code_modifier":[""],"providers":[{"billed_charge":4.94,"npi":[1083108963,1780731737]},{"billed_charge":5.83,"npi":[1487015608,1780731737]},{"billed_charge":6.92,"npi":[1467956995,1780731737]},{"billed_charge":12.24,"npi":[1467956995,1780731737,1972943231]},{"billed_charge":12.84,"npi":[1780731737,1932177474]},{"billed_charge":24.57,"npi":[1780731737,1932724630]},{"billed_charge":240.66,"npi":[1487015608,1780731737]}]},{"allowed_amount":0.00,"billing_code_modifier":[""],"providers":[{"billed_charge":4.94,"npi":[1083108963,1780731737]},{"billed_charge":5.83,"npi":[1487015608,1780731737]},{"billed_charge":6.92,"npi":[1467956995,1780731737]},{"billed_charge":12.24,"npi":[1467956995,1780731737,1972943231]},{"billed_charge":12.84,"npi":[1780731737,1932177474]},{"billed_charge":24.57,"npi":[1780731737,1932724630]},{"billed_charge":240.66,"npi":[1487015608,1780731737]}]},{"allowed_amount":0.00,"billing_code_modifier":[""],"providers":[{"billed_charge":4.94,"npi":[1083108963,1780731737]},{"billed_charge":5.83,"npi":[1487015608,1780731737]},{"billed_charge":6.92,"npi":[1467956995,1780731737]},{"billed_charge":12.24,"npi":[1467956995,1780731737,1972943231]},{"billed_charge":12.84,"npi":[1780731737,1932177474]},{"billed_charge":24.57,"npi":[1780731737,1932724630]},{"billed_charge":240.66,"npi":[1487015608,1780731737]}]},{"allowed_amount":0.00,"billing_code_modifier":[""],"providers":[{"billed_charge":4.94,"npi":[1083108963,1780731737]},{"billed_charge":5.83,"npi":[1487015608,1780731737]},{"billed_charge":6.92,"npi":[1467956995,1780731737]},{"billed_charge":12.24,"npi":[1467956995,1780731737,1972943231]},{"billed_charge":12.84,"npi":[1780731737,1932177474]},{"billed_charge":24.57,"npi":[1780731737,1932724630]},{"billed_charge":240.66,"npi":[1487015608,1780731737]}]}]},{"tin":{"type":"ein","value":"742761145"},"service_code":["23"],"billing_class":"institutional","payments":[{"allowed_amount":0.00,"billing_code_modifier":[""],"providers":[{"billed_charge":4.94,"npi":[1083108963,1780731737]},{"billed_charge":5.83,"npi":[1487015608,1780731737]},{"billed_charge":6.92,"npi":[1467956995,1780731737]},{"billed_charge":12.24,"npi":[1467956995,1780731737,1972943231]},{"billed_charge":12.84,"npi":[1780731737,1932177474]},{"billed_charge":24.57,"npi":[1780731737,1932724630]},{"billed_charge":240.66,"npi":[1487015608,1780731737]}]},{"allowed_amount":0.00,"billing_code_modifier":[""],"providers":[{"billed_charge":4.94,"npi":[1083108963,1780731737]},{"billed_charge":5.83,"npi":[1487015608,1780731737]},{"billed_charge":6.92,"npi":[1467956995,1780731737]},{"billed_charge":12.24,"npi":[1467956995,1780731737,1972943231]},{"billed_charge":12.84,"npi":[1780731737,1932177474]},{"billed_charge":24.57,"npi":[1780731737,1932724630]},{"billed_charge":240.66,"npi":[1487015608,1780731737]}]},{"allowed_amount":0.00,"billing_code_modifier":[""],"providers":[{"billed_charge":4.94,"npi":[1083108963,1780731737]},{"billed_charge":5.83,"npi":[1487015608,1780731737]},{"billed_charge":6.92,"npi":[1467956995,1780731737]},{"billed_charge":12.24,"npi":[1467956995,1780731737,1972943231]},{"billed_charge":12.84,"npi":[1780731737,1932177474]},{"billed_charge":24.57,"npi":[1780731737,1932724630]},{"billed_charge":240.66,"npi":[1487015608,1780731737]}]},{"allowed_amount":0.00,"billing_code_modifier":[""],"providers":[{"billed_charge":4.94,"npi":[1083108963,1780731737]},{"billed_charge":5.83,"npi":[1487015608,1780731737]},{"billed_charge":6.92,"npi":[1467956995,1780731737]},{"billed_charge":12.24,"npi":[1467956995,1780731737,1972943231]},{"billed_charge":12.84,"npi":[1780731737,1932177474]},{"billed_charge":24.57,"npi":[1780731737,1932724630]},{"billed_charge":240.66,"npi":[1487015608,1780731737]}]},{"allowed_amount":0.00,"billing_code_modifier":[""],"providers":[{"billed_charge":4.94,"npi":[1083108963,1780731737]},{"billed_charge":5.83,"npi":[1487015608,1780731737]},{"billed_charge":6.92,"npi":[1467956995,1780731737]},{"billed_charge":12.24,"npi":[1467956995,1780731737,1972943231]},{"billed_charge":12.84,"npi":[1780731737,1932177474]},{"billed_charge":24.57,"npi":[1780731737,1932724630]},{"billed_charge":240.66,"npi":[1487015608,1780731737]}]},{"allowed_amount":0.00,"billing_code_modifier":[""],"providers":[{"billed_charge":4.94,"npi":[1083108963,1780731737]},{"billed_charge":5.83,"npi":[1487015608,1780731737]},{"billed_charge":6.92,"npi":[1467956995,1780731737]},{"billed_charge":12.24,"npi":[1467956995,1780731737,1972943231]},{"billed_charge":12.84,"npi":[1780731737,1932177474]},{"billed_charge":24.57,"npi":[1780731737,1932724630]},{"billed_charge":240.66,"npi":[1487015608,1780731737]}]},{"allowed_amount":0.00,"billing_code_modifier":[""],"providers":[{"billed_charge":4.94,"npi":[1083108963,1780731737]},{"billed_charge":5.83,"npi":[1487015608,1780731737]},{"billed_charge":6.92,"npi":[1467956995,1780731737]},{"billed_charge":12.24,"npi":[1467956995,1780731737,1972943231]},{"billed_charge":12.84,"npi":[1780731737,1932177474]},{"billed_charge":24.57,"npi":[1780731737,1932724630]},{"billed_charge":240.66,"npi":[1487015608,1780731737]}]}]},{"tin":{"type":"ein","value":"742761145"},"service_code":["23"],"billing_class":"institutional","payments":[{"allowed_amount":0.00,"billing_code_modifier":[""],"providers":[{"billed_charge":4.94,"npi":[1083108963,1780731737]},{"billed_charge":5.83,"npi":[1487015608,1780731737]},{"billed_charge":6.92,"npi":[1467956995,1780731737]},{"billed_charge":12.24,"npi":[1467956995,1780731737,1972943231]},{"billed_charge":12.84,"npi":[1780731737,1932177474]},{"billed_charge":24.57,"npi":[1780731737,1932724630]},{"billed_charge":240.66,"npi":[1487015608,1780731737]}]},{"allowed_amount":0.00,"billing_code_modifier":[""],"providers":[{"billed_charge":4.94,"npi":[1083108963,1780731737]},{"billed_charge":5.83,"npi":[1487015608,1780731737]},{"billed_charge":6.92,"npi":[1467956995,1780731737]},{"billed_charge":12.24,"npi":[1467956995,1780731737,1972943231]},{"billed_charge":12.84,"npi":[1780731737,1932177474]},{"billed_charge":24.57,"npi":[1780731737,1932724630]},{"billed_charge":240.66,"npi":[1487015608,1780731737]}]},{"allowed_amount":0.00,"billing_code_modifier":[""],"providers":[{"billed_charge":4.94,"npi":[1083108963,1780731737]},{"billed_charge":5.83,"npi":[1487015608,1780731737]},{"billed_charge":6.92,"npi":[1467956995,1780731737]},{"billed_charge":12.24,"npi":[1467956995,1780731737,1972943231]},{"billed_charge":12.84,"npi":[1780731737,1932177474]},{"billed_charge":24.57,"npi":[1780731737,1932724630]},{"billed_charge":240.66,"npi":[1487015608,1780731737]}]},{"allowed_amount":0.00,"billing_code_modifier":[""],"providers":[{"billed_charge":4.94,"npi":[1083108963,1780731737]},{"billed_charge":5.83,"npi":[1487015608,1780731737]},{"billed_charge":6.92,"npi":[1467956995,1780731737]},{"billed_charge":12.24,"npi":[1467956995,1780731737,1972943231]},{"billed_charge":12.84,"npi":[1780731737,1932177474]},{"billed_charge":24.57,"npi":[1780731737,1932724630]},{"billed_charge":240.66,"npi":[1487015608,1780731737]}]},{"allowed_amount":0.00,"billing_code_modifier":[""],"providers":[{"billed_charge":4.94,"npi":[1083108963,1780731737]},{"billed_charge":5.83,"npi":[1487015608,1780731737]},{"billed_charge":6.92,"npi":[1467956995,1780731737]},{"billed_charge":12.24,"npi":[1467956995,1780731737,1972943231]},{"billed_charge":12.84,"npi":[1780731737,1932177474]},{"billed_charge":24.57,"npi":[1780731737,1932724630]},{"billed_charge":240.66,"npi":[1487015608,1780731737]}]},{"allowed_amount":0.00,"billing_code_modifier":[""],"providers":[{"billed_charge":4.94,"npi":[1083108963,1780731737]},{"billed_charge":5.83,"npi":[1487015608,1780731737]},{"billed_charge":6.92,"npi":[1467956995,1780731737]},{"billed_charge":12.24,"npi":[1467956995,1780731737,1972943231]},{"billed_charge":12.84,"npi":[1780731737,1932177474]},{"billed_charge":24.57,"npi":[1780731737,1932724630]},{"billed_charge":240.66,"npi":[1487015608,1780731737]}]},{"allowed_amount":0.00,"billing_code_modifier":[""],"providers":[{"billed_charge":4.94,"npi":[1083108963,1780731737]},{"billed_charge":5.83,"npi":[1487015608,1780731737]},{"billed_charge":6.92,"npi":[1467956995,1780731737]},{"billed_charge":12.24,"npi":[1467956995,1780731737,1972943231]},{"billed_charge":12.84,"npi":[1780731737,1932177474]},{"billed_charge":24.57,"npi":[1780731737,1932724630]},{"billed_charge":240.66,"npi":[1487015608,1780731737]}]}]},{"tin":{"type":"ein","value":"742761145"},"service_code":["23"],"billing_class":"institutional","payments":[{"allowed_amount":0.00,"billing_code_modifier":[""],"providers":[{"billed_charge":4.94,"npi":[1083108963,1780731737]},{"billed_charge":5.83,"npi":[1487015608,1780731737]},{"billed_charge":6.92,"npi":[1467956995,1780731737]},{"billed_charge":12.24,"npi":[1467956995,1780731737,1972943231]},{"billed_charge":12.84,"npi":[1780731737,1932177474]},{"billed_charge":24.57,"npi":[1780731737,1932724630]},{"billed_charge":240.66,"npi":[1487015608,1780731737]}]},{"allowed_amount":0.00,"billing_code_modifier":[""],"providers":[{"billed_charge":4.94,"npi":[1083108963,1780731737]},{"billed_charge":5.83,"npi":[1487015608,1780731737]},{"billed_charge":6.92,"npi":[1467956995,1780731737]},{"billed_charge":12.24,"npi":[1467956995,1780731737,1972943231]},{"billed_charge":12.84,"npi":[1780731737,1932177474]},{"billed_charge":24.57,"npi":[1780731737,1932724630]},{"billed_charge":240.66,"npi":[1487015608,1780731737]}]},{"allowed_amount":0.00,"billing_code_modifier":[""],"providers":[{"billed_charge":4.94,"npi":[1083108963,1780731737]},{"billed_charge":5.83,"npi":[1487015608,1780731737]},{"billed_charge":6.92,"npi":[1467956995,1780731737]},{"billed_charge":12.24,"npi":[1467956995,1780731737,1972943231]},{"billed_charge":12.84,"npi":[1780731737,1932177474]},{"billed_charge":24.57,"npi":[1780731737,1932724630]},{"billed_charge":240.66,"npi":[1487015608,1780731737]}]},{"allowed_amount":0.00,"billing_code_modifier":[""],"providers":[{"billed_charge":4.94,"npi":[1083108963,1780731737]},{"billed_charge":5.83,"npi":[1487015608,1780731737]},{"billed_charge":6.92,"npi":[1467956995,1780731737]},{"billed_charge":12.24,"npi":[1467956995,1780731737,1972943231]},{"billed_charge":12.84,"npi":[1780731737,1932177474]},{"billed_charge":24.57,"npi":[1780731737,1932724630]},{"billed_charge":240.66,"npi":[1487015608,1780731737]}]},{"allowed_amount":0.00,"billing_code_modifier":[""],"providers":[{"billed_charge":4.94,"npi":[1083108963,1780731737]},{"billed_charge":5.83,"npi":[1487015608,1780731737]},{"billed_charge":6.92,"npi":[1467956995,1780731737]},{"billed_charge":12.24,"npi":[1467956995,1780731737,1972943231]},{"billed_charge":12.84,"npi":[1780731737,1932177474]},{"billed_charge":24.57,"npi":[1780731737,1932724630]},{"billed_charge":240.66,"npi":[1487015608,1780731737]}]},{"allowed_amount":0.00,"billing_code_modifier":[""],"providers":[{"billed_charge":4.94,"npi":[1083108963,1780731737]},{"billed_charge":5.83,"npi":[1487015608,1780731737]},{"billed_charge":6.92,"npi":[1467956995,1780731737]},{"billed_charge":12.24,"npi":[1467956995,1780731737,1972943231]},{"billed_charge":12.84,"npi":[1780731737,1932177474]},{"billed_charge":24.57,"npi":[1780731737,1932724630]},{"billed_charge":240.66,"npi":[1487015608,1780731737]}]},{"allowed_amount":0.00,"billing_code_modifier":[""],"providers":[{"billed_charge":4.94,"npi":[1083108963,1780731737]},{"billed_charge":5.83,"npi":[1487015608,1780731737]},{"billed_charge":6.92,"npi":[1467956995,1780731737]},{"billed_charge":12.24,"npi":[1467956995,1780731737,1972943231]},{"billed_charge":12.84,"npi":[1780731737,1932177474]},{"billed_charge":24.57,"npi":[1780731737,1932724630]},{"billed_charge":240.66,"npi":[1487015608,1780731737]}]}]},{"tin":{"type":"ein","value":"742761145"},"service_code":["23"],"billing_class":"institutional","payments":[{"allowed_amount":0.00,"billing_code_modifier":[""],"providers":[{"billed_charge":4.94,"npi":[1083108963,1780731737]},{"billed_charge":5.83,"npi":[1487015608,1780731737]},{"billed_charge":6.92,"npi":[1467956995,1780731737]},{"billed_charge":12.24,"npi":[1467956995,1780731737,1972943231]},{"billed_charge":12.84,"npi":[1780731737,1932177474]},{"billed_charge":24.57,"npi":[1780731737,1932724630]},{"billed_charge":240.66,"npi":[1487015608,1780731737]}]},{"allowed_amount":0.00,"billing_code_modifier":[""],"providers":[{"billed_charge":4.94,"npi":[1083108963,1780731737]},{"billed_charge":5.83,"npi":[1487015608,1780731737]},{"billed_charge":6.92,"npi":[1467956995,1780731737]},{"billed_charge":12.24,"npi":[1467956995,1780731737,1972943231]},{"billed_charge":12.84,"npi":[1780731737,1932177474]},{"billed_charge":24.57,"npi":[1780731737,1932724630]},{"billed_charge":240.66,"npi":[1487015608,1780731737]}]},{"allowed_amount":0.00,"billing_code_modifier":[""],"providers":[{"billed_charge":4.94,"npi":[1083108963,1780731737]},{"billed_charge":5.83,"npi":[1487015608,1780731737]},{"billed_charge":6.92,"npi":[1467956995,1780731737]},{"billed_charge":12.24,"npi":[1467956995,1780731737,1972943231]},{"billed_charge":12.84,"npi":[1780731737,1932177474]},{"billed_charge":24.57,"npi":[1780731737,1932724630]},{"billed_charge":240.66,"npi":[1487015608,1780731737]}]},{"allowed_amount":0.00,"billing_code_modifier":[""],"providers":[{"billed_charge":4.94,"npi":[1083108963,1780731737]},{"billed_charge":5.83,"npi":[1487015608,1780731737]},{"billed_charge":6.92,"npi":[1467956995,1780731737]},{"billed_charge":12.24,"npi":[1467956995,1780731737,1972943231]},{"billed_charge":12.84,"npi":[1780731737,1932177474]},{"billed_charge":24.57,"npi":[1780731737,1932724630]},{"billed_charge":240.66,"npi":[1487015608,1780731737]}]},{"allowed_amount":0.00,"billing_code_modifier":[""],"providers":[{"billed_charge":4.94,"npi":[1083108963,1780731737]},{"billed_charge":5.83,"npi":[1487015608,1780731737]},{"billed_charge":6.92,"npi":[1467956995,1780731737]},{"billed_charge":12.24,"npi":[1467956995,1780731737,1972943231]},{"billed_charge":12.84,"npi":[1780731737,1932177474]},{"billed_charge":24.57,"npi":[1780731737,1932724630]},{"billed_charge":240.66,"npi":[1487015608,1780731737]}]},{"allowed_amount":0.00,"billing_code_modifier":[""],"providers":[{"billed_charge":4.94,"npi":[1083108963,1780731737]},{"billed_charge":5.83,"npi":[1487015608,1780731737]},{"billed_charge":6.92,"npi":[1467956995,1780731737]},{"billed_charge":12.24,"npi":[1467956995,1780731737,1972943231]},{"billed_charge":12.84,"npi":[1780731737,1932177474]},{"billed_charge":24.57,"npi":[1780731737,1932724630]},{"billed_charge":240.66,"npi":[1487015608,1780731737]}]},{"allowed_amount":0.00,"billing_code_modifier":[""],"providers":[{"billed_charge":4.94,"npi":[1083108963,1780731737]},{"billed_charge":5.83,"npi":[1487015608,1780731737]},{"billed_charge":6.92,"npi":[1467956995,1780731737]},{"billed_charge":12.24,"npi":[1467956995,1780731737,1972943231]},{"billed_charge":12.84,"npi":[1780731737,1932177474]},{"billed_charge":24.57,"npi":[1780731737,1932724630]},{"billed_charge":240.66,"npi":[1487015608,1780731737]}]}]},{"tin":{"type":"ein","value":"742761145"},"service_code":["23"],"billing_class":"institutional","payments":[{"allowed_amount":0.00,"billing_code_modifier":[""],"providers":[{"billed_charge":4.94,"npi":[1083108963,1780731737]},{"billed_charge":5.83,"npi":[1487015608,1780731737]},{"billed_charge":6.92,"npi":[1467956995,1780731737]},{"billed_charge":12.24,"npi":[1467956995,1780731737,1972943231]},{"billed_charge":12.84,"npi":[1780731737,1932177474]},{"billed_charge":24.57,"npi":[1780731737,1932724630]},{"billed_charge":240.66,"npi":[1487015608,1780731737]}]},{"allowed_amount":0.00,"billing_code_modifier":[""],"providers":[{"billed_charge":4.94,"npi":[1083108963,1780731737]},{"billed_charge":5.83,"npi":[1487015608,1780731737]},{"billed_charge":6.92,"npi":[1467956995,1780731737]},{"billed_charge":12.24,"npi":[1467956995,1780731737,1972943231]},{"billed_charge":12.84,"npi":[1780731737,1932177474]},{"billed_charge":24.57,"npi":[1780731737,1932724630]},{"billed_charge":240.66,"npi":[1487015608,1780731737]}]},{"allowed_amount":0.00,"billing_code_modifier":[""],"providers":[{"billed_charge":4.94,"npi":[1083108963,1780731737]},{"billed_charge":5.83,"npi":[1487015608,1780731737]},{"billed_charge":6.92,"npi":[1467956995,1780731737]},{"billed_charge":12.24,"npi":[1467956995,1780731737,1972943231]},{"billed_charge":12.84,"npi":[1780731737,1932177474]},{"billed_charge":24.57,"npi":[1780731737,1932724630]},{"billed_charge":240.66,"npi":[1487015608,1780731737]}]},{"allowed_amount":0.00,"billing_code_modifier":[""],"providers":[{"billed_charge":4.94,"npi":[1083108963,1780731737]},{"billed_charge":5.83,"npi":[1487015608,1780731737]},{"billed_charge":6.92,"npi":[1467956995,1780731737]},{"billed_charge":12.24,"npi":[1467956995,1780731737,1972943231]},{"billed_charge":12.84,"npi":[1780731737,1932177474]},{"billed_charge":24.57,"npi":[1780731737,1932724630]},{"billed_charge":240.66,"npi":[1487015608,1780731737]}]},{"allowed_amount":0.00,"billing_code_modifier":[""],"providers":[{"billed_charge":4.94,"npi":[1083108963,1780731737]},{"billed_charge":5.83,"npi":[1487015608,1780731737]},{"billed_charge":6.92,"npi":[1467956995,1780731737]},{"billed_charge":12.24,"npi":[1467956995,1780731737,1972943231]},{"billed_charge":12.84,"npi":[1780731737,1932177474]},{"billed_charge":24.57,"npi":[1780731737,1932724630]},{"billed_charge":240.66,"npi":[1487015608,1780731737]}]},{"allowed_amount":0.00,"billing_code_modifier":[""],"providers":[{"billed_charge":4.94,"npi":[1083108963,1780731737]},{"billed_charge":5.83,"npi":[1487015608,1780731737]},{"billed_charge":6.92,"npi":[1467956995,1780731737]},{"billed_charge":12.24,"npi":[1467956995,1780731737,1972943231]},{"billed_charge":12.84,"npi":[1780731737,1932177474]},{"billed_charge":24.57,"npi":[1780731737,1932724630]},{"billed_charge":240.66,"npi":[1487015608,1780731737]}]},{"allowed_amount":0.00,"billing_code_modifier":[""],"providers":[{"billed_charge":4.94,"npi":[1083108963,1780731737]},{"billed_charge":5.83,"npi":[1487015608,1780731737]},{"billed_charge":6.92,"npi":[1467956995,1780731737]},{"billed_charge":12.24,"npi":[1467956995,1780731737,1972943231]},{"billed_charge":12.84,"npi":[1780731737,1932177474]},{"billed_charge":24.57,"npi":[1780731737,1932724630]},{"billed_charge":240.66,"npi":[1487015608,1780731737]}]}]},{"tin":{"type":"ein","value":"742761145"},"service_code":["23"],"billing_class":"institutional","payments":[{"allowed_amount":0.00,"billing_code_modifier":[""],"providers":[{"billed_charge":4.94,"npi":[1083108963,1780731737]},{"billed_charge":5.83,"npi":[1487015608,1780731737]},{"billed_charge":6.92,"npi":[1467956995,1780731737]},{"billed_charge":12.24,"npi":[1467956995,1780731737,1972943231]},{"billed_charge":12.84,"npi":[1780731737,1932177474]},{"billed_charge":24.57,"npi":[1780731737,1932724630]},{"billed_charge":240.66,"npi":[1487015608,1780731737]}]},{"allowed_amount":0.00,"billing_code_modifier":[""],"providers":[{"billed_charge":4.94,"npi":[1083108963,1780731737]},{"billed_charge":5.83,"npi":[1487015608,1780731737]},{"billed_charge":6.92,"npi":[1467956995,1780731737]},{"billed_charge":12.24,"npi":[1467956995,1780731737,1972943231]},{"billed_charge":12.84,"npi":[1780731737,1932177474]},{"billed_charge":24.57,"npi":[1780731737,1932724630]},{"billed_charge":240.66,"npi":[1487015608,1780731737]}]},{"allowed_amount":0.00,"billing_code_modifier":[""],"providers":[{"billed_charge":4.94,"npi":[1083108963,1780731737]},{"billed_charge":5.83,"npi":[1487015608,1780731737]},{"billed_charge":6.92,"npi":[1467956995,1780731737]},{"billed_charge":12.24,"npi":[1467956995,1780731737,1972943231]},{"billed_charge":12.84,"npi":[1780731737,1932177474]},{"billed_charge":24.57,"npi":[1780731737,1932724630]},{"billed_charge":240.66,"npi":[1487015608,1780731737]}]},{"allowed_amount":0.00,"billing_code_modifier":[""],"providers":[{"billed_charge":4.94,"npi":[1083108963,1780731737]},{"billed_charge":5.83,"npi":[1487015608,1780731737]},{"billed_charge":6.92,"npi":[1467956995,1780731737]},{"billed_charge":12.24,"npi":[1467956995,1780731737,1972943231]},{"billed_charge":12.84,"npi":[1780731737,1932177474]},{"billed_charge":24.57,"npi":[1780731737,1932724630]},{"billed_charge":240.66,"npi":[1487015608,1780731737]}]},{"allowed_amount":0.00,"billing_code_modifier":[""],"providers":[{"billed_charge":4.94,"npi":[1083108963,1780731737]},{"billed_charge":5.83,"npi":[1487015608,1780731737]},{"billed_charge":6.92,"npi":[1467956995,1780731737]},{"billed_charge":12.24,"npi":[1467956995,1780731737,1972943231]},{"billed_charge":12.84,"npi":[1780731737,1932177474]},{"billed_charge":24.57,"npi":[1780731737,1932724630]},{"billed_charge":240.66,"npi":[1487015608,1780731737]}]},{"allowed_amount":0.00,"billing_code_modifier":[""],"providers":[{"billed_charge":4.94,"npi":[1083108963,1780731737]},{"billed_charge":5.83,"npi":[1487015608,1780731737]},{"billed_charge":6.92,"npi":[1467956995,1780731737]},{"billed_charge":12.24,"npi":[1467956995,1780731737,1972943231]},{"billed_charge":12.84,"npi":[1780731737,1932177474]},{"billed_charge":24.57,"npi":[1780731737,1932724630]},{"billed_charge":240.66,"npi":[1487015608,1780731737]}]},{"allowed_amount":0.00,"billing_code_modifier":[""],"providers":[{"billed_charge":4.94,"npi":[1083108963,1780731737]},{"billed_charge":5.83,"npi":[1487015608,1780731737]},{"billed_charge":6.92,"npi":[1467956995,1780731737]},{"billed_charge":12.24,"npi":[1467956995,1780731737,1972943231]},{"billed_charge":12.84,"npi":[1780731737,1932177474]},{"billed_charge":24.57,"npi":[1780731737,1932724630]},{"billed_charge":240.66,"npi":[1487015608,1780731737]}]}]}]},{"name":"EMERGENCY ROOM","billing_code_type":"RC","billing_code_type_version":"UB04","billing_code":"0450","description":"EMERGENCY ROOM","allowed_amounts":[{"tin":{"type":"ein","value":"742761145"},"service_code":["23"],"billing_class":"institutional","payments":[{"allowed_amount":823.35,"billing_code_modifier":[""],"providers":[{"billed_charge":1675.44,"npi":[1487015608,1780731737,1851953657]},{"billed_charge":1742.00,"npi":[1083108963,1467956995,1487015608,1780731737,1932177474,1972943231]}]},{"allowed_amount":823.35,"billing_code_modifier":[""],"providers":[{"billed_charge":1675.44,"npi":[1487015608,1780731737,1851953657]},{"billed_charge":1742.00,"npi":[1083108963,1467956995,1487015608,1780731737,1932177474,1972943231]}]}]},{"tin":{"type":"ein","value":"742761145"},"service_code":["23"],"billing_class":"institutional","payments":[{"allowed_amount":823.35,"billing_code_modifier":[""],"providers":[{"billed_charge":1675.44,"npi":[1487015608,1780731737,1851953657]},{"billed_charge":1742.00,"npi":[1083108963,1467956995,1487015608,1780731737,1932177474,1972943231]}]},{"allowed_amount":823.35,"billing_code_modifier":[""],"providers":[{"billed_charge":1675.44,"npi":[1487015608,1780731737,1851953657]},{"billed_charge":1742.00,"npi":[1083108963,1467956995,1487015608,1780731737,1932177474,1972943231]}]}]},{"tin":{"type":"ein","value":"843654542"},"service_code":["23"],"billing_class":"institutional","payments":[{"allowed_amount":823.35,"billing_code_modifier":[""],"providers":[{"billed_charge":1385.89,"npi":[1245878990,1609254119]}]}]},{"tin":{"type":"ein","value":"920865672"},"service_code":["23"],"billing_class":"institutional","payments":[{"allowed_amount":823.35,"billing_code_modifier":[""],"providers":[{"billed_charge":883.00,"npi":[1154333771,1295442713]}]}]}]},{"name":"OFFICE\/OUTPATIENT ESTABLISHED LOW MDM 20 MIN","billing_code_type":"CPT","billing_code_type_version":"2020","billing_code":"99213","description":"OFFICE\/OUTPATIENT ESTABLISHED LOW MDM 20 MIN","allowed_amounts":[{"tin":{"type":"ein","value":"620544855"},"service_code":["11"],"billing_class":"professional","payments":[{"allowed_amount":101.70,"billing_code_modifier":[""],"providers":[{"billed_charge":265.25,"npi":[1013916691,1366441370,1558995399,1568460525,1598134322,1609954569,1649654385,1730641614,1881951994]}]}]},{"tin":{"type":"ein","value":"621137268"},"service_code":["11"],"billing_class":"professional","payments":[{"allowed_amount":101.70,"billing_code_modifier":[""],"providers":[{"billed_charge":115.00,"npi":[1144361619,1447546544]}]}]},{"tin":{"type":"ein","value":"621864574"},"service_code":["11"],"billing_class":"professional","payments":[{"allowed_amount":101.70,"billing_code_modifier":[""],"providers":[{"billed_charge":120.00,"npi":[1659403590,1922004159]}]}]},{"tin":{"type":"ein","value":"237428303"},"service_code":["02"],"billing_class":"professional","payments":[{"allowed_amount":119.28,"billing_code_modifier":[""],"providers":[{"billed_charge":163.00,"npi":[1740743905,1861704298,1952749541]}]}]},{"tin":{"type":"ein","value":"261960445"},"service_code":["11"],"billing_class":"professional","payments":[{"allowed_amount":119.28,"billing_code_modifier":[""],"providers":[{"billed_charge":150.00,"npi":[1427067768,1619263712]}]}]},{"tin":{"type":"ein","value":"264826604"},"service_code":["10"],"billing_class":"professional","payments":[{"allowed_amount":117.88,"billing_code_modifier":[""],"providers":[{"billed_charge":150.00,"npi":[1285194183,1427463140,1770710709]}]}]},{"tin":{"type":"ein","value":"352401992"},"service_code":["11"],"billing_class":"professional","payments":[{"allowed_amount":117.88,"billing_code_modifier":[""],"providers":[{"billed_charge":166.88,"npi":[1093158347,1972541258]}]}]},{"tin":{"type":"ein","value":"770360380"},"service_code":["10","11"],"billing_class":"professional","payments":[{"allowed_amount":117.88,"billing_code_modifier":[""],"providers":[{"billed_charge":135.00,"npi":[1043947880,1164425757,1538264080,1588754634,1649451550,1932335775]}]}]},{"tin":{"type":"ein","value":"770439213"},"service_code":["11"],"billing_class":"professional","payments":[{"allowed_amount":117.88,"billing_code_modifier":[""],"providers":[{"billed_charge":147.00,"npi":[1376546036,1568465466]}]}]},{"tin":{"type":"ein","value":"770439213"},"service_code":["11"],"billing_class":"professional","payments":[{"allowed_amount":119.28,"billing_code_modifier":[""],"providers":[{"billed_charge":147.00,"npi":[1134122922,1568465466]}]}]},{"tin":{"type":"ein","value":"770555467"},"service_code":["11"],"billing_class":"professional","payments":[{"allowed_amount":119.28,"billing_code_modifier":[""],"providers":[{"billed_charge":165.00,"npi":[1073726246,1730295395]}]}]},{"tin":{"type":"ein","value":"770587038"},"service_code":["11"],"billing_class":"professional","payments":[{"allowed_amount":119.28,"billing_code_modifier":[""],"providers":[{"billed_charge":120.00,"npi":[1871715938,1932309770]}]}]},{"tin":{"type":"ein","value":"941156581"},"service_code":["11","20"],"billing_class":"professional","payments":[{"allowed_amount":119.28,"billing_code_modifier":[""],"providers":[{"billed_charge":257.00,"npi":[1013950807,1356847149,1407836737,1639505175]}]}]},{"tin":{"type":"ein","value":"942705747"},"service_code":["02"],"billing_class":"professional","payments":[{"allowed_amount":119.28,"billing_code_modifier":[""],"providers":[{"billed_charge":193.95,"npi":[1275858409,1629269618]}]}]},{"tin":{"type":"ein","value":"942720020"},"service_code":["11"],"billing_class":"professional","payments":[{"allowed_amount":117.88,"billing_code_modifier":[""],"providers":[{"billed_charge":190.00,"npi":[1427443738,1588765903]}]}]}]},{"name":"OFFICE\/OUTPATIENT ESTABLISHED MOD MDM 30 MIN","billing_code_type":"CPT","billing_code_type_version":"2020","billing_code":"99214","description":"OFFICE\/OUTPATIENT ESTABLISHED MOD MDM 30 MIN","allowed_amounts":[{"tin":{"type":"ein","value":"620544855"},"service_code":["11"],"billing_class":"professional","payments":[{"allowed_amount":143.81,"billing_code_modifier":[""],"providers":[{"billed_charge":323.75,"npi":[1013916691,1366441370,1376192286,1558995399,1568460525,1598134322,1649654385]}]}]},{"tin":{"type":"ein","value":"621137268"},"service_code":["11"],"billing_class":"professional","payments":[{"allowed_amount":143.81,"billing_code_modifier":[""],"providers":[{"billed_charge":180.00,"npi":[1144361619,1356393516,1447546544]}]}]},{"tin":{"type":"ein","value":"621766083"},"service_code":["11"],"billing_class":"professional","payments":[{"allowed_amount":143.81,"billing_code_modifier":[""],"providers":[{"billed_charge":175.00,"npi":[1477594521]}]}]},{"tin":{"type":"ein","value":"621867833"},"service_code":["11"],"billing_class":"professional","payments":[{"allowed_amount":143.81,"billing_code_modifier":[""],"providers":[{"billed_charge":235.76,"npi":[1164415576,1629097738,1689055774]}]}]},{"tin":{"type":"ein","value":"202990692"},"service_code":["11"],"billing_class":"professional","payments":[{"allowed_amount":167.58,"billing_code_modifier":[""],"providers":[{"billed_charge":225.00,"npi":[1538227897,1629150511]}]}]},{"tin":{"type":"ein","value":"263663285"},"service_code":["11"],"billing_class":"professional","payments":[{"allowed_amount":165.80,"billing_code_modifier":[""],"providers":[{"billed_charge":169.79,"npi":[1376546044,1710131370]}]}]},{"tin":{"type":"ein","value":"264826604"},"service_code":["11"],"billing_class":"professional","payments":[{"allowed_amount":165.80,"billing_code_modifier":[""],"providers":[{"billed_charge":238.00,"npi":[1427463140,1770710709]}]}]},{"tin":{"type":"ein","value":"273401099"},"service_code":["20"],"billing_class":"professional","payments":[{"allowed_amount":143.81,"billing_code_modifier":[""],"providers":[{"billed_charge":203.00,"npi":[1114234382,1285307900,1891400404]}]}]},{"tin":{"type":"ein","value":"352401992"},"service_code":["11"],"billing_class":"professional","payments":[{"allowed_amount":165.80,"billing_code_modifier":[""],"providers":[{"billed_charge":249.85,"npi":[1093158347,1174768816,1700855269]}]}]},{"tin":{"type":"ein","value":"770360380"},"service_code":["11"],"billing_class":"professional","payments":[{"allowed_amount":165.80,"billing_code_modifier":[""],"providers":[{"billed_charge":170.00,"npi":[1164425757,1205370160,1275695678,1447563705,1538264080,1649451550]}]}]},{"tin":{"type":"ein","value":"831791110"},"service_code":["11"],"billing_class":"professional","payments":[{"allowed_amount":167.58,"billing_code_modifier":[""],"providers":[{"billed_charge":175.00,"npi":[1225505878,1528297900]}]}]},{"tin":{"type":"ein","value":"901118189"},"service_code":["02"],"billing_class":"professional","payments":[{"allowed_amount":165.80,"billing_code_modifier":[""],"providers":[{"billed_charge":200.00,"npi":[1528448909,1578799193]}]}]},{"tin":{"type":"ein","value":"941156581"},"service_code":["11","20"],"billing_class":"professional","payments":[{"allowed_amount":167.58,"billing_code_modifier":[""],"providers":[{"billed_charge":379.00,"npi":[1013176122,1013950807,1134109671,1285167270,1306816277,1356847149,1407836737,1417936568,1679553556]}]}]},{"tin":{"type":"ein","value":"942652757"},"service_code":["11"],"billing_class":"professional","payments":[{"allowed_amount":165.80,"billing_code_modifier":[""],"providers":[{"billed_charge":220.00,"npi":[1013058106,1508874017]}]}]}]},{"name":"RESIDENTIAL TREATMENT-CHEMICAL DEPENDENCY","billing_code_type":"RC","billing_code_type_version":"UB04","billing_code":"1002","description":"RESIDENTIAL TREATMENT-CHEMICAL DEPENDENCY","allowed_amounts":[{"tin":{"type":"ein","value":"460921214"},"service_code":["21"],"billing_class":"institutional","payments":[{"allowed_amount":1439.56,"billing_code_modifier":[""],"providers":[{"billed_charge":4720.00,"npi":[1093059784,1346441482]}]}]}]}]}
