{"reporting_entity_name": "IEC Group_DBA AmeriBen",
	"reporting_entity_type": "Third Party Administrator",
	"plan_name": "RUSSELL SIGLER INC",
	"plan_id_type": "ein",
	"plan_id": "860223222",
	"plan_market_type": "group",
	"last_updated_on": "2024-01-01","Version": "1.0.0","out_of_network":[{"name":"IAAD IA SEVERE AQT RESPIR SYND CORONAVIRUS","billing_code_type":"CPT","billing_code_type_version":"2020","billing_code":"87426","description":"IAAD IA SEVERE AQT RESPIR SYND CORONAVIRUS","allowed_amounts":[{"tin":{"type":"ein","value":"471705113"},"service_code":["20"],"billing_class":"professional","payments":[{"allowed_amount":33.56,"billing_code_modifier":[""],"providers":[{"billed_charge":100.00,"npi":[1215525902,1790185577]}]}]},{"tin":{"type":"ein","value":"853107000"},"service_code":["11"],"billing_class":"professional","payments":[{"allowed_amount":33.56,"billing_code_modifier":[""],"providers":[{"billed_charge":95.00,"npi":[1053541581,1245233717,1265011464,1487815387]}]}]},{"tin":{"type":"ein","value":"871793632"},"service_code":["11"],"billing_class":"professional","payments":[{"allowed_amount":33.56,"billing_code_modifier":[""],"providers":[{"billed_charge":275.00,"npi":[1154994556,1740685387]}]}]}]},{"name":"RADIOLOGIC EXAM CHEST SINGLE VIEW","billing_code_type":"CPT","billing_code_type_version":"2020","billing_code":"71045","description":"RADIOLOGIC EXAM CHEST SINGLE VIEW","allowed_amounts":[{"tin":{"type":"ein","value":"941700729"},"service_code":["21"],"billing_class":"professional","payments":[{"allowed_amount":13.41,"billing_code_modifier":[""],"providers":[{"billed_charge":26.00,"npi":[1124550108,1578848636,1609898345,1619389319,1639156326,1740348929,1881646909,1972558922]}]}]}]}]}
