{"reporting_entity_name": "IEC Group_DBA AmeriBen",
	"reporting_entity_type": "Third Party Administrator",
	"plan_name": "TOLMAR",
	"plan_id_type": "ein",
	"plan_id": "",
	"plan_market_type": "group",
	"last_updated_on": "2022-06-28","Version": "1.0.0","out_of_network":[{"name":"IA DET NA;SEV AC RES SYND SARS-COV-2 COVID-19","billing_code_type":"HCPCS","billing_code_type_version":"HCPCS LEVEL II 2021","billing_code":"U0005","description":"IA DET NA;SEV AC RES SYND SARS-COV-2 COVID-19","allowed_amounts":[{"tin":{"type":"ein","value":"431039532"},"service_code":["81"],"billing_class":"professional","payments":[{"allowed_amount":21.25,"billing_code_modifier":[""],"providers":[{"billed_charge":25.00,"npi":[1225088842,1407211337,1508208307,1528297439,1609812445]}]}]},{"tin":{"type":"ein","value":"850602662"},"service_code":["81"],"billing_class":"professional","payments":[{"allowed_amount":21.25,"billing_code_modifier":[""],"providers":[{"billed_charge":25.00,"npi":[1114918349,1881215622]}]}]},{"tin":{"type":"ein","value":"863165150"},"service_code":["81"],"billing_class":"professional","payments":[{"allowed_amount":21.25,"billing_code_modifier":[""],"providers":[{"billed_charge":25.00,"npi":[1467023499,1700404878,1730648221]}]}]},{"tin":{"type":"ein","value":"880241758"},"service_code":["81"],"billing_class":"professional","payments":[{"allowed_amount":21.25,"billing_code_modifier":[""],"providers":[{"billed_charge":25.00,"npi":[1114918349,1124417357]}]}]},{"tin":{"type":"ein","value":"880241758"},"service_code":["81"],"billing_class":"professional","payments":[{"allowed_amount":23.00,"billing_code_modifier":[""],"providers":[{"billed_charge":25.00,"npi":[1114918349,1124417357,1962523555]}]}]}]},{"name":"INF AGT DET DNA\/RNA;SARS-COV-2 COVID-19 AMP P T","billing_code_type":"HCPCS","billing_code_type_version":"HCPCS LEVEL II 2021","billing_code":"U0003","description":"INF AGT DET DNA\/RNA;SARS-COV-2 COVID-19 AMP P T","allowed_amounts":[{"tin":{"type":"ein","value":"431039532"},"service_code":["81"],"billing_class":"professional","payments":[{"allowed_amount":63.75,"billing_code_modifier":[""],"providers":[{"billed_charge":100.00,"npi":[1225088842,1407211337,1508208307,1528297439,1609812445]}]}]},{"tin":{"type":"ein","value":"850602662"},"service_code":["81"],"billing_class":"professional","payments":[{"allowed_amount":63.75,"billing_code_modifier":[""],"providers":[{"billed_charge":75.00,"npi":[1114918349,1881215622]}]}]},{"tin":{"type":"ein","value":"863165150"},"service_code":["81"],"billing_class":"professional","payments":[{"allowed_amount":63.75,"billing_code_modifier":[""],"providers":[{"billed_charge":249.00,"npi":[1467023499,1700404878,1730648221]}]}]},{"tin":{"type":"ein","value":"880241758"},"service_code":["81"],"billing_class":"professional","payments":[{"allowed_amount":63.75,"billing_code_modifier":[""],"providers":[{"billed_charge":100.00,"npi":[1114918349,1124417357]}]}]},{"tin":{"type":"ein","value":"880241758"},"service_code":["81"],"billing_class":"professional","payments":[{"allowed_amount":92.00,"billing_code_modifier":[""],"providers":[{"billed_charge":100.00,"npi":[1114918349,1124417357,1962523555]}]}]}]}]}
