{"reporting_entity_name": "IEC Group_DBA AmeriBen",
	"reporting_entity_type": "Third Party Administrator",
	"plan_name": "BELGIOIOSO CHEESE INC",
	"plan_id_type": "ein",
	"plan_id": "391324847",
	"plan_market_type": "group",
	"last_updated_on": "2023-01-03","Version": "1.0.0","out_of_network":[{"name":"CHIROPRACTIC MANIPULATIVE TX SPINAL 3-4 REGIONS","billing_code_type":"CPT","billing_code_type_version":"2020","billing_code":"98941","description":"CHIROPRACTIC MANIPULATIVE TX SPINAL 3-4 REGIONS","allowed_amounts":[{"tin":{"type":"ein","value":"262362987"},"service_code":["11"],"billing_class":"professional","payments":[{"allowed_amount":31.08,"billing_code_modifier":[""],"providers":[{"billed_charge":48.00,"npi":[1578728499,1588820419]},{"billed_charge":55.00,"npi":[1578728499,1588820419]}]},{"allowed_amount":31.08,"billing_code_modifier":[""],"providers":[{"billed_charge":48.00,"npi":[1578728499,1588820419]},{"billed_charge":55.00,"npi":[1578728499,1588820419]}]}]},{"tin":{"type":"ein","value":"262362987"},"service_code":["11"],"billing_class":"professional","payments":[{"allowed_amount":31.08,"billing_code_modifier":[""],"providers":[{"billed_charge":48.00,"npi":[1578728499,1588820419]},{"billed_charge":55.00,"npi":[1578728499,1588820419]}]},{"allowed_amount":31.08,"billing_code_modifier":[""],"providers":[{"billed_charge":48.00,"npi":[1578728499,1588820419]},{"billed_charge":55.00,"npi":[1578728499,1588820419]}]}]},{"tin":{"type":"ein","value":"262362987"},"service_code":["11"],"billing_class":"professional","payments":[{"allowed_amount":32.13,"billing_code_modifier":[""],"providers":[{"billed_charge":48.00,"npi":[1578728499,1588820419]}]}]},{"tin":{"type":"ein","value":"262949947"},"service_code":["11"],"billing_class":"professional","payments":[{"allowed_amount":31.08,"billing_code_modifier":[""],"providers":[{"billed_charge":70.00,"npi":[1508990680,1740439108]}]}]},{"tin":{"type":"ein","value":"272117230"},"service_code":["11"],"billing_class":"professional","payments":[{"allowed_amount":31.08,"billing_code_modifier":[""],"providers":[{"billed_charge":70.00,"npi":[1194815241,1730409111]}]}]},{"tin":{"type":"ein","value":"464811745"},"service_code":["11"],"billing_class":"professional","payments":[{"allowed_amount":31.08,"billing_code_modifier":[""],"providers":[{"billed_charge":65.00,"npi":[1275767451,1326465022]}]}]},{"tin":{"type":"ein","value":"562308132"},"service_code":["11"],"billing_class":"professional","payments":[{"allowed_amount":31.08,"billing_code_modifier":[""],"providers":[{"billed_charge":55.00,"npi":[1023182433,1760556161]}]}]},{"tin":{"type":"ein","value":"831272495"},"service_code":["11"],"billing_class":"professional","payments":[{"allowed_amount":31.08,"billing_code_modifier":[""],"providers":[{"billed_charge":40.50,"npi":[1457904609]}]}]},{"tin":{"type":"ein","value":"833383288"},"service_code":["11"],"billing_class":"professional","payments":[{"allowed_amount":31.08,"billing_code_modifier":[""],"providers":[{"billed_charge":75.00,"npi":[1013081470,1942867791]}]}]}]},{"name":"THERAPEUTIC PX 1\/> AREAS EACH 15 MIN EXERCISES","billing_code_type":"CPT","billing_code_type_version":"2020","billing_code":"97110","description":"THERAPEUTIC PX 1\/> AREAS EACH 15 MIN EXERCISES","allowed_amounts":[{"tin":{"type":"ein","value":"272117230"},"service_code":["11"],"billing_class":"professional","payments":[{"allowed_amount":24.12,"billing_code_modifier":[""],"providers":[{"billed_charge":55.00,"npi":[1194815241,1730409111]}]}]},{"tin":{"type":"ein","value":"455129026"},"service_code":["11"],"billing_class":"professional","payments":[{"allowed_amount":24.12,"billing_code_modifier":[""],"providers":[{"billed_charge":75.00,"npi":[1083865174,1104184613]}]}]}]}]}
