{"reporting_entity_name": "IEC Group_DBA AmeriBen",
	"reporting_entity_type": "Third Party Administrator",
	"plan_name": "TYLER TECHNOLOGIES INC",
	"plan_id_type": "ein",
	"plan_id": "752303920",
	"plan_market_type": "group",
	"last_updated_on": "2022-08-31","Version": "1.0.0","out_of_network":[{"name":"CHIROPRACTIC MANIPLTV TX EXTRASPINAL 1\/> REGION","billing_code_type":"CPT","billing_code_type_version":"2020","billing_code":"98943","description":"CHIROPRACTIC MANIPLTV TX EXTRASPINAL 1\/> REGION","allowed_amounts":[{"tin":{"type":"ein","value":"812911206"},"service_code":["11"],"billing_class":"professional","payments":[{"allowed_amount":45.47,"billing_code_modifier":[""],"providers":[{"billed_charge":115.00,"npi":[1073978649,1457686032,1518166644,1942755103]}]}]}]},{"name":"CHIROPRACTIC MANIPULATIVE TX SPINAL 3-4 REGIONS","billing_code_type":"CPT","billing_code_type_version":"2020","billing_code":"98941","description":"CHIROPRACTIC MANIPULATIVE TX SPINAL 3-4 REGIONS","allowed_amounts":[{"tin":{"type":"ein","value":"352559770"},"service_code":["11"],"billing_class":"professional","payments":[{"allowed_amount":41.00,"billing_code_modifier":[""],"providers":[{"billed_charge":50.00,"npi":[1710425384,1740726694]}]}]},{"tin":{"type":"ein","value":"812911206"},"service_code":["11"],"billing_class":"professional","payments":[{"allowed_amount":67.10,"billing_code_modifier":[""],"providers":[{"billed_charge":140.00,"npi":[1073978649,1457686032,1518166644,1942755103]}]}]}]},{"name":"IADNA NOS AMPLIFIED PROBE TQ EACH ORGANISM","billing_code_type":"CPT","billing_code_type_version":"2020","billing_code":"87798","description":"IADNA NOS AMPLIFIED PROBE TQ EACH ORGANISM","allowed_amounts":[{"tin":{"type":"ein","value":"261454419"},"service_code":["81"],"billing_class":"professional","payments":[{"allowed_amount":24.56,"billing_code_modifier":[""],"providers":[{"billed_charge":50.00,"npi":[1073776860,1861417859]}]}]},{"tin":{"type":"ein","value":"331168930"},"service_code":["81"],"billing_class":"professional","payments":[{"allowed_amount":24.56,"billing_code_modifier":[""],"providers":[{"billed_charge":44.99,"npi":[1184814014,1619979457]},{"billed_charge":45.00,"npi":[1184814014,1619979457]},{"billed_charge":45.01,"npi":[1184814014,1619979457]},{"billed_charge":45.02,"npi":[1184814014,1619979457]}]},{"allowed_amount":24.56,"billing_code_modifier":[""],"providers":[{"billed_charge":44.99,"npi":[1184814014,1619979457]},{"billed_charge":45.00,"npi":[1184814014,1619979457]},{"billed_charge":45.01,"npi":[1184814014,1619979457]},{"billed_charge":45.02,"npi":[1184814014,1619979457]}]},{"allowed_amount":24.56,"billing_code_modifier":[""],"providers":[{"billed_charge":44.99,"npi":[1184814014,1619979457]},{"billed_charge":45.00,"npi":[1184814014,1619979457]},{"billed_charge":45.01,"npi":[1184814014,1619979457]},{"billed_charge":45.02,"npi":[1184814014,1619979457]}]},{"allowed_amount":24.56,"billing_code_modifier":[""],"providers":[{"billed_charge":44.99,"npi":[1184814014,1619979457]},{"billed_charge":45.00,"npi":[1184814014,1619979457]},{"billed_charge":45.01,"npi":[1184814014,1619979457]},{"billed_charge":45.02,"npi":[1184814014,1619979457]}]}]},{"tin":{"type":"ein","value":"331168930"},"service_code":["81"],"billing_class":"professional","payments":[{"allowed_amount":24.56,"billing_code_modifier":[""],"providers":[{"billed_charge":44.99,"npi":[1184814014,1619979457]},{"billed_charge":45.00,"npi":[1184814014,1619979457]},{"billed_charge":45.01,"npi":[1184814014,1619979457]},{"billed_charge":45.02,"npi":[1184814014,1619979457]}]},{"allowed_amount":24.56,"billing_code_modifier":[""],"providers":[{"billed_charge":44.99,"npi":[1184814014,1619979457]},{"billed_charge":45.00,"npi":[1184814014,1619979457]},{"billed_charge":45.01,"npi":[1184814014,1619979457]},{"billed_charge":45.02,"npi":[1184814014,1619979457]}]},{"allowed_amount":24.56,"billing_code_modifier":[""],"providers":[{"billed_charge":44.99,"npi":[1184814014,1619979457]},{"billed_charge":45.00,"npi":[1184814014,1619979457]},{"billed_charge":45.01,"npi":[1184814014,1619979457]},{"billed_charge":45.02,"npi":[1184814014,1619979457]}]},{"allowed_amount":24.56,"billing_code_modifier":[""],"providers":[{"billed_charge":44.99,"npi":[1184814014,1619979457]},{"billed_charge":45.00,"npi":[1184814014,1619979457]},{"billed_charge":45.01,"npi":[1184814014,1619979457]},{"billed_charge":45.02,"npi":[1184814014,1619979457]}]}]},{"tin":{"type":"ein","value":"331168930"},"service_code":["81"],"billing_class":"professional","payments":[{"allowed_amount":24.56,"billing_code_modifier":[""],"providers":[{"billed_charge":44.99,"npi":[1184814014,1619979457]},{"billed_charge":45.00,"npi":[1184814014,1619979457]},{"billed_charge":45.01,"npi":[1184814014,1619979457]},{"billed_charge":45.02,"npi":[1184814014,1619979457]}]},{"allowed_amount":24.56,"billing_code_modifier":[""],"providers":[{"billed_charge":44.99,"npi":[1184814014,1619979457]},{"billed_charge":45.00,"npi":[1184814014,1619979457]},{"billed_charge":45.01,"npi":[1184814014,1619979457]},{"billed_charge":45.02,"npi":[1184814014,1619979457]}]},{"allowed_amount":24.56,"billing_code_modifier":[""],"providers":[{"billed_charge":44.99,"npi":[1184814014,1619979457]},{"billed_charge":45.00,"npi":[1184814014,1619979457]},{"billed_charge":45.01,"npi":[1184814014,1619979457]},{"billed_charge":45.02,"npi":[1184814014,1619979457]}]},{"allowed_amount":24.56,"billing_code_modifier":[""],"providers":[{"billed_charge":44.99,"npi":[1184814014,1619979457]},{"billed_charge":45.00,"npi":[1184814014,1619979457]},{"billed_charge":45.01,"npi":[1184814014,1619979457]},{"billed_charge":45.02,"npi":[1184814014,1619979457]}]}]},{"tin":{"type":"ein","value":"331168930"},"service_code":["81"],"billing_class":"professional","payments":[{"allowed_amount":24.56,"billing_code_modifier":[""],"providers":[{"billed_charge":44.99,"npi":[1184814014,1619979457]},{"billed_charge":45.00,"npi":[1184814014,1619979457]},{"billed_charge":45.01,"npi":[1184814014,1619979457]},{"billed_charge":45.02,"npi":[1184814014,1619979457]}]},{"allowed_amount":24.56,"billing_code_modifier":[""],"providers":[{"billed_charge":44.99,"npi":[1184814014,1619979457]},{"billed_charge":45.00,"npi":[1184814014,1619979457]},{"billed_charge":45.01,"npi":[1184814014,1619979457]},{"billed_charge":45.02,"npi":[1184814014,1619979457]}]},{"allowed_amount":24.56,"billing_code_modifier":[""],"providers":[{"billed_charge":44.99,"npi":[1184814014,1619979457]},{"billed_charge":45.00,"npi":[1184814014,1619979457]},{"billed_charge":45.01,"npi":[1184814014,1619979457]},{"billed_charge":45.02,"npi":[1184814014,1619979457]}]},{"allowed_amount":24.56,"billing_code_modifier":[""],"providers":[{"billed_charge":44.99,"npi":[1184814014,1619979457]},{"billed_charge":45.00,"npi":[1184814014,1619979457]},{"billed_charge":45.01,"npi":[1184814014,1619979457]},{"billed_charge":45.02,"npi":[1184814014,1619979457]}]}]},{"tin":{"type":"ein","value":"561565047"},"service_code":["81"],"billing_class":"professional","payments":[{"allowed_amount":0.00,"billing_code_modifier":[""],"providers":[{"billed_charge":60.22,"npi":[1073591822,1336542687]}]}]}]},{"name":"INFEC AGEN DETEC AMPLI PROBE","billing_code_type":"HCPCS","billing_code_type_version":"HCPCS LEVEL II 2021","billing_code":"U0005","description":"INFEC AGEN DETEC AMPLI PROBE","allowed_amounts":[{"tin":{"type":"ein","value":"061460613"},"service_code":["81"],"billing_class":"professional","payments":[{"allowed_amount":25.00,"billing_code_modifier":[""],"providers":[{"billed_charge":25.00,"npi":[1174569909,1629594882,1992920599]}]}]},{"tin":{"type":"ein","value":"133757370"},"service_code":["81"],"billing_class":"professional","payments":[{"allowed_amount":25.00,"billing_code_modifier":[""],"providers":[{"billed_charge":25.00,"npi":[1477544450,1750368700]}]}]},{"tin":{"type":"ein","value":"201236503"},"service_code":["81"],"billing_class":"professional","payments":[{"allowed_amount":25.00,"billing_code_modifier":[""],"providers":[{"billed_charge":50.00,"npi":[1225110497,1619966959]}]}]},{"tin":{"type":"ein","value":"208927080"},"service_code":["81"],"billing_class":"professional","payments":[{"allowed_amount":25.00,"billing_code_modifier":[""],"providers":[{"billed_charge":100.00,"npi":[1033290242,1194971085]}]}]},{"tin":{"type":"ein","value":"300709677"},"service_code":["11"],"billing_class":"professional","payments":[{"allowed_amount":25.00,"billing_code_modifier":[""],"providers":[{"billed_charge":25.00,"npi":[1467048348]}]}]},{"tin":{"type":"ein","value":"450669342"},"service_code":["81"],"billing_class":"professional","payments":[{"allowed_amount":25.00,"billing_code_modifier":[""],"providers":[{"billed_charge":25.00,"npi":[1093099558,1609000249]}]}]},{"tin":{"type":"ein","value":"452172398"},"service_code":["81"],"billing_class":"professional","payments":[{"allowed_amount":25.00,"billing_code_modifier":[""],"providers":[{"billed_charge":50.00,"npi":[1235499724,1316378789]}]}]},{"tin":{"type":"ein","value":"464067873"},"service_code":["81"],"billing_class":"professional","payments":[{"allowed_amount":25.00,"billing_code_modifier":[""],"providers":[{"billed_charge":50.00,"npi":[1275960866,1821281734]}]}]},{"tin":{"type":"ein","value":"472231080"},"service_code":["81"],"billing_class":"professional","payments":[{"allowed_amount":25.00,"billing_code_modifier":[""],"providers":[{"billed_charge":25.00,"npi":[1285868984,1619580891]}]}]},{"tin":{"type":"ein","value":"472462178"},"service_code":["81"],"billing_class":"professional","payments":[{"allowed_amount":0.00,"billing_code_modifier":[""],"providers":[{"billed_charge":50.00,"npi":[1508484569,1639311509,1962018374]}]}]},{"tin":{"type":"ein","value":"472462178"},"service_code":["81"],"billing_class":"professional","payments":[{"allowed_amount":25.00,"billing_code_modifier":[""],"providers":[{"billed_charge":50.00,"npi":[1144731605,1508484569,1639311509,1962018374]}]}]},{"tin":{"type":"ein","value":"472462178"},"service_code":["81"],"billing_class":"professional","payments":[{"allowed_amount":50.00,"billing_code_modifier":[""],"providers":[{"billed_charge":50.00,"npi":[1508484569,1639311509,1962018374]}]}]},{"tin":{"type":"ein","value":"473727159"},"service_code":["81"],"billing_class":"professional","payments":[{"allowed_amount":0.00,"billing_code_modifier":[""],"providers":[{"billed_charge":25.00,"npi":[1740753003,1912521568]}]}]},{"tin":{"type":"ein","value":"473727159"},"service_code":["81"],"billing_class":"professional","payments":[{"allowed_amount":25.00,"billing_code_modifier":[""],"providers":[{"billed_charge":25.00,"npi":[1386236909,1710592712,1912521568]}]}]},{"tin":{"type":"ein","value":"814634900"},"service_code":["81"],"billing_class":"professional","payments":[{"allowed_amount":25.00,"billing_code_modifier":[""],"providers":[{"billed_charge":30.00,"npi":[1144757212,1316926439]}]}]},{"tin":{"type":"ein","value":"821646358"},"service_code":["81"],"billing_class":"professional","payments":[{"allowed_amount":25.00,"billing_code_modifier":[""],"providers":[{"billed_charge":75.00,"npi":[1346769593,1659588762]}]}]},{"tin":{"type":"ein","value":"824406944"},"service_code":["81"],"billing_class":"professional","payments":[{"allowed_amount":50.00,"billing_code_modifier":[""],"providers":[{"billed_charge":50.00,"npi":[1467946848,1982928487]}]}]},{"tin":{"type":"ein","value":"830546250"},"service_code":["81"],"billing_class":"professional","payments":[{"allowed_amount":25.00,"billing_code_modifier":[""],"providers":[{"billed_charge":150.00,"npi":[1073006144]}]}]},{"tin":{"type":"ein","value":"831454255"},"service_code":["81"],"billing_class":"professional","payments":[{"allowed_amount":0.00,"billing_code_modifier":[""],"providers":[{"billed_charge":37.50,"npi":[1043858996,1932511151]}]}]},{"tin":{"type":"ein","value":"832522386"},"service_code":["81"],"billing_class":"professional","payments":[{"allowed_amount":50.00,"billing_code_modifier":[""],"providers":[{"billed_charge":50.00,"npi":[1184253650,1316245558,1336336205]}]}]},{"tin":{"type":"ein","value":"833210967"},"service_code":["81"],"billing_class":"professional","payments":[{"allowed_amount":25.00,"billing_code_modifier":[""],"providers":[{"billed_charge":25.00,"npi":[1417574666,1861623951]}]}]},{"tin":{"type":"ein","value":"844799737"},"service_code":["81"],"billing_class":"professional","payments":[{"allowed_amount":25.00,"billing_code_modifier":[""],"providers":[{"billed_charge":37.50,"npi":[1023631579,1265400634]}]}]},{"tin":{"type":"ein","value":"845172222"},"service_code":["81"],"billing_class":"professional","payments":[{"allowed_amount":25.00,"billing_code_modifier":[""],"providers":[{"billed_charge":75.00,"npi":[1346769593,1659588762]}]}]},{"tin":{"type":"ein","value":"852766187"},"service_code":["81"],"billing_class":"professional","payments":[{"allowed_amount":25.00,"billing_code_modifier":[""],"providers":[{"billed_charge":50.00,"npi":[1255946869,1992110555]}]}]},{"tin":{"type":"ein","value":"853164216"},"service_code":["81"],"billing_class":"professional","payments":[{"allowed_amount":25.00,"billing_code_modifier":[""],"providers":[{"billed_charge":50.00,"npi":[1225632029,1881664605]}]}]},{"tin":{"type":"ein","value":"853253201"},"service_code":["81"],"billing_class":"professional","payments":[{"allowed_amount":25.00,"billing_code_modifier":[""],"providers":[{"billed_charge":25.00,"npi":[1457413072,1982202453]}]}]},{"tin":{"type":"ein","value":"854322824"},"service_code":["81"],"billing_class":"professional","payments":[{"allowed_amount":25.00,"billing_code_modifier":[""],"providers":[{"billed_charge":50.00,"npi":[1245825686]}]}]},{"tin":{"type":"ein","value":"861213775"},"service_code":["81"],"billing_class":"professional","payments":[{"allowed_amount":25.00,"billing_code_modifier":[""],"providers":[{"billed_charge":60.00,"npi":[1083703045,1831780402]}]}]},{"tin":{"type":"ein","value":"873685400"},"service_code":["81"],"billing_class":"professional","payments":[{"allowed_amount":25.00,"billing_code_modifier":[""],"providers":[{"billed_charge":50.00,"npi":[1093222895,1518624691]}]}]},{"tin":{"type":"ein","value":"880241758"},"service_code":["81"],"billing_class":"professional","payments":[{"allowed_amount":0.00,"billing_code_modifier":[""],"providers":[{"billed_charge":25.00,"npi":[1003840778,1124417357,1578561015]}]}]},{"tin":{"type":"ein","value":"880241758"},"service_code":["81"],"billing_class":"professional","payments":[{"allowed_amount":25.00,"billing_code_modifier":[""],"providers":[{"billed_charge":25.00,"npi":[1053316364,1124417357,1184063067,1376633586,1467427740,1598714016,1598746240,1629057542,1982688024]}]}]},{"tin":{"type":"ein","value":"900863464"},"service_code":["81"],"billing_class":"professional","payments":[{"allowed_amount":25.00,"billing_code_modifier":[""],"providers":[{"billed_charge":25.00,"npi":[1215272406,1841875697]}]}]},{"tin":{"type":"ein","value":"911385504"},"service_code":["81"],"billing_class":"professional","payments":[{"allowed_amount":50.00,"billing_code_modifier":[""],"providers":[{"billed_charge":50.00,"npi":[1134721756,1356361588]}]}]},{"tin":{"type":"ein","value":"942854057"},"service_code":["81"],"billing_class":"professional","payments":[{"allowed_amount":25.00,"billing_code_modifier":[""],"providers":[{"billed_charge":25.00,"npi":[1467469239,1720029960,1750389805]}]}]}]},{"name":"MANUAL THERAPY TQS 1\/> REGIONS EACH 15 MINUTES","billing_code_type":"CPT","billing_code_type_version":"2020","billing_code":"97140","description":"MANUAL THERAPY TQS 1\/> REGIONS EACH 15 MINUTES","allowed_amounts":[{"tin":{"type":"ein","value":"834259014"},"service_code":["11"],"billing_class":"professional","payments":[{"allowed_amount":40.34,"billing_code_modifier":[""],"providers":[{"billed_charge":150.00,"npi":[1275978876,1447875497]}]}]}]},{"name":"OFFICE\/OUTPATIENT EST PT MAY NOT REQ PHYS\/QHP","billing_code_type":"CPT","billing_code_type_version":"2020","billing_code":"99211","description":"OFFICE\/OUTPATIENT EST PT MAY NOT REQ PHYS\/QHP","allowed_amounts":[{"tin":{"type":"ein","value":"834259014"},"service_code":["11"],"billing_class":"professional","payments":[{"allowed_amount":22.06,"billing_code_modifier":[""],"providers":[{"billed_charge":50.00,"npi":[1275978876,1447875497]}]}]}]},{"name":"PREVENT MED COUNSEL&\/RISK FACTOR REDJ SPX 60 MIN","billing_code_type":"CPT","billing_code_type_version":"2020","billing_code":"99404","description":"PREVENT MED COUNSEL&\/RISK FACTOR REDJ SPX 60 MIN","allowed_amounts":[{"tin":{"type":"ein","value":"270879723"},"service_code":["11"],"billing_class":"professional","payments":[{"allowed_amount":360.00,"billing_code_modifier":[""],"providers":[{"billed_charge":360.00,"npi":[1013394055,1710426259,1790250900]}]}]}]},{"name":"PSYCHIATRIC\/PSYCHOLOGICAL SVCS: PARTIAL HOSP - INT","billing_code_type":"RC","billing_code_type_version":"UB04","billing_code":"0913","description":"PSYCHIATRIC\/PSYCHOLOGICAL SVCS: PARTIAL HOSP - INT","allowed_amounts":[{"tin":{"type":"ein","value":"841788491"},"service_code":["21","22"],"billing_class":"institutional","payments":[{"allowed_amount":406.00,"billing_code_modifier":[""],"providers":[{"billed_charge":3200.00,"npi":[1164043956]}]}]}]},{"name":"PSYCHIATRIC\/PSYCHOLOGICAL SVCS: PARTIAL HOSP - LES","billing_code_type":"RC","billing_code_type_version":"UB04","billing_code":"0912","description":"PSYCHIATRIC\/PSYCHOLOGICAL SVCS: PARTIAL HOSP - LES","allowed_amounts":[{"tin":{"type":"ein","value":"710551941"},"service_code":["21"],"billing_class":"institutional","payments":[{"allowed_amount":266.21,"billing_code_modifier":[""],"providers":[{"billed_charge":2995.00,"npi":[1508259169]}]}]}]},{"name":"SARS-COV-2 COVID-19 AMP PRB HTT","billing_code_type":"HCPCS","billing_code_type_version":"HCPCS LEVEL II 2021","billing_code":"U0003","description":"SARS-COV-2 COVID-19 AMP PRB HTT","allowed_amounts":[{"tin":{"type":"ein","value":"061460613"},"service_code":["81"],"billing_class":"professional","payments":[{"allowed_amount":75.00,"billing_code_modifier":[""],"providers":[{"billed_charge":100.00,"npi":[1174569909,1629594882,1992920599]}]}]},{"tin":{"type":"ein","value":"133757370"},"service_code":["81"],"billing_class":"professional","payments":[{"allowed_amount":100.00,"billing_code_modifier":[""],"providers":[{"billed_charge":100.00,"npi":[1477544450,1750368700]}]}]},{"tin":{"type":"ein","value":"201236503"},"service_code":["81"],"billing_class":"professional","payments":[{"allowed_amount":75.00,"billing_code_modifier":[""],"providers":[{"billed_charge":100.00,"npi":[1225110497,1619966959]}]}]},{"tin":{"type":"ein","value":"203734391"},"service_code":["81"],"billing_class":"professional","payments":[{"allowed_amount":75.00,"billing_code_modifier":[""],"providers":[{"billed_charge":200.00,"npi":[1053584482,1346450897]}]}]},{"tin":{"type":"ein","value":"208927080"},"service_code":["81"],"billing_class":"professional","payments":[{"allowed_amount":75.00,"billing_code_modifier":[""],"providers":[{"billed_charge":350.00,"npi":[1033290242,1194971085]}]}]},{"tin":{"type":"ein","value":"300709677"},"service_code":["11"],"billing_class":"professional","payments":[{"allowed_amount":75.00,"billing_code_modifier":[""],"providers":[{"billed_charge":100.00,"npi":[1467048348]}]}]},{"tin":{"type":"ein","value":"450669342"},"service_code":["81"],"billing_class":"professional","payments":[{"allowed_amount":75.00,"billing_code_modifier":[""],"providers":[{"billed_charge":100.00,"npi":[1093099558,1609000249]}]}]},{"tin":{"type":"ein","value":"453194060"},"service_code":["81"],"billing_class":"professional","payments":[{"allowed_amount":100.00,"billing_code_modifier":[""],"providers":[{"billed_charge":225.00,"npi":[1659655124,1982106167]}]}]},{"tin":{"type":"ein","value":"464067873"},"service_code":["81"],"billing_class":"professional","payments":[{"allowed_amount":75.00,"billing_code_modifier":[""],"providers":[{"billed_charge":250.00,"npi":[1275960866,1821281734]}]}]},{"tin":{"type":"ein","value":"472231080"},"service_code":["81"],"billing_class":"professional","payments":[{"allowed_amount":100.00,"billing_code_modifier":[""],"providers":[{"billed_charge":100.00,"npi":[1285868984,1619580891]}]}]},{"tin":{"type":"ein","value":"472462178"},"service_code":["81"],"billing_class":"professional","payments":[{"allowed_amount":125.00,"billing_code_modifier":[""],"providers":[{"billed_charge":250.00,"npi":[1144731605,1508484569,1639311509,1962018374]}]}]},{"tin":{"type":"ein","value":"472462178"},"service_code":["81"],"billing_class":"professional","payments":[{"allowed_amount":250.00,"billing_code_modifier":[""],"providers":[{"billed_charge":250.00,"npi":[1508484569,1639311509,1962018374]}]}]},{"tin":{"type":"ein","value":"473727159"},"service_code":["81"],"billing_class":"professional","payments":[{"allowed_amount":75.00,"billing_code_modifier":[""],"providers":[{"billed_charge":125.00,"npi":[1740753003,1912521568]}]}]},{"tin":{"type":"ein","value":"473727159"},"service_code":["81"],"billing_class":"professional","payments":[{"allowed_amount":125.00,"billing_code_modifier":[""],"providers":[{"billed_charge":125.00,"npi":[1386236909,1710592712,1912521568]}]}]},{"tin":{"type":"ein","value":"814460406"},"service_code":["81"],"billing_class":"professional","payments":[{"allowed_amount":75.00,"billing_code_modifier":[""],"providers":[{"billed_charge":200.00,"npi":[1306045521,1538507819]}]}]},{"tin":{"type":"ein","value":"821646358"},"service_code":["81"],"billing_class":"professional","payments":[{"allowed_amount":75.00,"billing_code_modifier":[""],"providers":[{"billed_charge":225.00,"npi":[1346769593,1659588762]}]}]},{"tin":{"type":"ein","value":"830546250"},"service_code":["81"],"billing_class":"professional","payments":[{"allowed_amount":75.00,"billing_code_modifier":[""],"providers":[{"billed_charge":150.00,"npi":[1073006144]}]}]},{"tin":{"type":"ein","value":"833210967"},"service_code":["81"],"billing_class":"professional","payments":[{"allowed_amount":100.00,"billing_code_modifier":[""],"providers":[{"billed_charge":100.00,"npi":[1417574666,1861623951]}]}]},{"tin":{"type":"ein","value":"844799737"},"service_code":["81"],"billing_class":"professional","payments":[{"allowed_amount":75.00,"billing_code_modifier":[""],"providers":[{"billed_charge":125.00,"npi":[1023631579,1265400634]}]}]},{"tin":{"type":"ein","value":"845172222"},"service_code":["81"],"billing_class":"professional","payments":[{"allowed_amount":75.00,"billing_code_modifier":[""],"providers":[{"billed_charge":225.00,"npi":[1346769593,1659588762]}]}]},{"tin":{"type":"ein","value":"853164216"},"service_code":["81"],"billing_class":"professional","payments":[{"allowed_amount":75.00,"billing_code_modifier":[""],"providers":[{"billed_charge":150.00,"npi":[1225632029,1881664605]}]}]},{"tin":{"type":"ein","value":"854322824"},"service_code":["81"],"billing_class":"professional","payments":[{"allowed_amount":75.00,"billing_code_modifier":[""],"providers":[{"billed_charge":150.00,"npi":[1245825686]}]}]},{"tin":{"type":"ein","value":"861213775"},"service_code":["81"],"billing_class":"professional","payments":[{"allowed_amount":75.00,"billing_code_modifier":[""],"providers":[{"billed_charge":190.00,"npi":[1083703045,1831780402]}]}]},{"tin":{"type":"ein","value":"871908536"},"service_code":["81"],"billing_class":"professional","payments":[{"allowed_amount":75.00,"billing_code_modifier":[""],"providers":[{"billed_charge":200.00,"npi":[1104216605,1447552039]}]}]},{"tin":{"type":"ein","value":"873685400"},"service_code":["81"],"billing_class":"professional","payments":[{"allowed_amount":75.00,"billing_code_modifier":[""],"providers":[{"billed_charge":250.00,"npi":[1093222895,1518624691]}]}]},{"tin":{"type":"ein","value":"880241758"},"service_code":["81"],"billing_class":"professional","payments":[{"allowed_amount":75.00,"billing_code_modifier":[""],"providers":[{"billed_charge":100.00,"npi":[1053316364,1124417357,1184063067,1376633586,1598714016,1598746240,1639279417,1982688024]}]}]},{"tin":{"type":"ein","value":"880241758"},"service_code":["81"],"billing_class":"professional","payments":[{"allowed_amount":100.00,"billing_code_modifier":[""],"providers":[{"billed_charge":100.00,"npi":[1124417357,1184063067,1467427740,1629057542,1639279417]}]}]},{"tin":{"type":"ein","value":"900863464"},"service_code":["81"],"billing_class":"professional","payments":[{"allowed_amount":75.00,"billing_code_modifier":[""],"providers":[{"billed_charge":130.00,"npi":[1215272406,1841875697]}]}]},{"tin":{"type":"ein","value":"942854057"},"service_code":["81"],"billing_class":"professional","payments":[{"allowed_amount":100.00,"billing_code_modifier":[""],"providers":[{"billed_charge":145.00,"npi":[1467469239,1720029960,1750389805]}]}]}]},{"name":"SBSQ HOSPITAL CARE\/DAY 35 MINUTES","billing_code_type":"CPT","billing_code_type_version":"2020","billing_code":"99233","description":"SBSQ HOSPITAL CARE\/DAY 35 MINUTES","allowed_amounts":[{"tin":{"type":"ein","value":"271072321"},"service_code":["21"],"billing_class":"professional","payments":[{"allowed_amount":90.96,"billing_code_modifier":[""],"providers":[{"billed_charge":460.00,"npi":[1164653804,1164758074]}]}]},{"tin":{"type":"ein","value":"352635512"},"service_code":["21"],"billing_class":"professional","payments":[{"allowed_amount":90.96,"billing_code_modifier":[""],"providers":[{"billed_charge":421.00,"npi":[1164653804,1588858914,1629553375,1881661593]}]}]}]},{"name":"SPECIMEN COLLECT COVID-19","billing_code_type":"HCPCS","billing_code_type_version":"HCPCS LEVEL II 2021","billing_code":"G2023","description":"SPECIMEN COLLECT COVID-19","allowed_amounts":[{"tin":{"type":"ein","value":"263086555"},"service_code":["81"],"billing_class":"professional","payments":[{"allowed_amount":23.46,"billing_code_modifier":[""],"providers":[{"billed_charge":56.00,"npi":[1083206841,1821093758]}]}]},{"tin":{"type":"ein","value":"292825067"},"service_code":["11"],"billing_class":"professional","payments":[{"allowed_amount":23.46,"billing_code_modifier":[""],"providers":[{"billed_charge":100.00,"npi":[1316197296]}]}]},{"tin":{"type":"ein","value":"450669342"},"service_code":["81"],"billing_class":"professional","payments":[{"allowed_amount":23.46,"billing_code_modifier":[""],"providers":[{"billed_charge":25.00,"npi":[1093099558,1609000249]}]}]},{"tin":{"type":"ein","value":"464067873"},"service_code":["81"],"billing_class":"professional","payments":[{"allowed_amount":23.46,"billing_code_modifier":[""],"providers":[{"billed_charge":50.00,"npi":[1275960866,1821281734]}]}]},{"tin":{"type":"ein","value":"813604202"},"service_code":["81"],"billing_class":"professional","payments":[{"allowed_amount":23.46,"billing_code_modifier":[""],"providers":[{"billed_charge":70.38,"npi":[1275070971,1851431035]}]}]},{"tin":{"type":"ein","value":"824406944"},"service_code":["81"],"billing_class":"professional","payments":[{"allowed_amount":23.46,"billing_code_modifier":[""],"providers":[{"billed_charge":36.00,"npi":[1467946848,1982928487]}]}]},{"tin":{"type":"ein","value":"832522386"},"service_code":["81"],"billing_class":"professional","payments":[{"allowed_amount":23.46,"billing_code_modifier":[""],"providers":[{"billed_charge":46.92,"npi":[1184253650,1316245558]}]}]},{"tin":{"type":"ein","value":"852421177"},"service_code":["81"],"billing_class":"professional","payments":[{"allowed_amount":23.46,"billing_code_modifier":[""],"providers":[{"billed_charge":48.00,"npi":[1043313992,1366048019]}]}]},{"tin":{"type":"ein","value":"854322824"},"service_code":["81"],"billing_class":"professional","payments":[{"allowed_amount":23.46,"billing_code_modifier":[""],"providers":[{"billed_charge":46.92,"npi":[1245825686]}]}]}]},{"name":"THERAPEUT ACTVITY DIRECT PT CONTACT EACH 15 MIN","billing_code_type":"CPT","billing_code_type_version":"2020","billing_code":"97530","description":"THERAPEUT ACTVITY DIRECT PT CONTACT EACH 15 MIN","allowed_amounts":[{"tin":{"type":"ein","value":"834259014"},"service_code":["11"],"billing_class":"professional","payments":[{"allowed_amount":56.34,"billing_code_modifier":[""],"providers":[{"billed_charge":160.00,"npi":[1275978876,1447875497]}]}]}]},{"name":"THERAPEUTIC PX 1\/> AREAS EACH 15 MIN EXERCISES","billing_code_type":"CPT","billing_code_type_version":"2020","billing_code":"97110","description":"THERAPEUTIC PX 1\/> AREAS EACH 15 MIN EXERCISES","allowed_amounts":[{"tin":{"type":"ein","value":"834259014"},"service_code":["11"],"billing_class":"professional","payments":[{"allowed_amount":19.67,"billing_code_modifier":[""],"providers":[{"billed_charge":75.00,"npi":[1275978876,1447875497]}]}]}]},{"name":"TX SPEECH LANG VOICE COMMJ &\/AUDITORY PROC IND","billing_code_type":"CPT","billing_code_type_version":"2020","billing_code":"92507","description":"TX SPEECH LANG VOICE COMMJ &\/AUDITORY PROC IND","allowed_amounts":[{"tin":{"type":"ein","value":"464053647"},"service_code":["11"],"billing_class":"professional","payments":[{"allowed_amount":115.00,"billing_code_modifier":[""],"providers":[{"billed_charge":115.00,"npi":[1043598691,1104937481,1952732448]}]}]}]},{"name":"UNLISTED MOLECULAR PATHOLOGY PROCEDURE","billing_code_type":"CPT","billing_code_type_version":"2020","billing_code":"81479","description":"UNLISTED MOLECULAR PATHOLOGY PROCEDURE","allowed_amounts":[{"tin":{"type":"ein","value":"465193717"},"service_code":["81"],"billing_class":"professional","payments":[{"allowed_amount":0.00,"billing_code_modifier":[""],"providers":[{"billed_charge":50.00,"npi":[1326215047,1467850859]}]}]}]}]}
