{"reporting_entity_name": "IEC Group_DBA AmeriBen",
	"reporting_entity_type": "Third Party Administrator",
	"plan_name": "WORTHINGTON STEEL, INC",
	"plan_id_type": "ein",
	"plan_id": "922632000",
	"plan_market_type": "group",
	"last_updated_on": "2025-01-01","Version": "1.0.0","out_of_network":[{"name":"PSYCHIATRIC\/PSYCHOLOGICAL SVCS: PARTIAL HOSP - LES","billing_code_type":"RC","billing_code_type_version":"UB04","billing_code":"0912","description":"PSYCHIATRIC\/PSYCHOLOGICAL SVCS: PARTIAL HOSP - LES","allowed_amounts":[{"tin":{"type":"ein","value":"823100798"},"service_code":["99"],"billing_class":"institutional","payments":[{"allowed_amount":655.21,"billing_code_modifier":[""],"providers":[{"billed_charge":3995.00,"npi":[1689186769,1972678894]}]}]}]},{"name":"PSYCHIATRIC\/PSYCHOLOGICAL TRT: INTENSIVE OUT SERV","billing_code_type":"RC","billing_code_type_version":"UB04","billing_code":"0906","description":"PSYCHIATRIC\/PSYCHOLOGICAL TRT: INTENSIVE OUT SERV","allowed_amounts":[{"tin":{"type":"ein","value":"821881756"},"service_code":["99"],"billing_class":"institutional","payments":[{"allowed_amount":0.00,"billing_code_modifier":[""],"providers":[{"billed_charge":3350.00,"npi":[1164696993,1891216511]}]}]},{"tin":{"type":"ein","value":"821881756"},"service_code":["99"],"billing_class":"institutional","payments":[{"allowed_amount":1675.00,"billing_code_modifier":[""],"providers":[{"billed_charge":3350.00,"npi":[1164696993,1891216511]}]}]},{"tin":{"type":"ein","value":"921267042"},"service_code":["99"],"billing_class":"institutional","payments":[{"allowed_amount":0.00,"billing_code_modifier":[""],"providers":[{"billed_charge":2500.00,"npi":[1891409892]}]}]}]},{"name":"RESIDENTIAL TREATMENT-CHEMICAL DEPENDENCY","billing_code_type":"RC","billing_code_type_version":"UB04","billing_code":"1002","description":"RESIDENTIAL TREATMENT-CHEMICAL DEPENDENCY","allowed_amounts":[{"tin":{"type":"ein","value":"823100798"},"service_code":["21"],"billing_class":"institutional","payments":[{"allowed_amount":2400.00,"billing_code_modifier":[""],"providers":[{"billed_charge":4495.00,"npi":[1689186769,1972678894]}]}]}]}]}
