{"reporting_entity_name": "IEC Group_DBA AmeriBen",
	"reporting_entity_type": "Third Party Administrator",
	"plan_name": "WESTMORELAND MINING, LLC",
	"plan_id_type": "ein",
	"plan_id": "833555130",
	"plan_market_type": "group",
	"last_updated_on": "2023-12-01","Version": "1.0.0","out_of_network":[{"name":"CHIROPRACTIC MANIPULATIVE TX SPINAL 3-4 REGIONS","billing_code_type":"CPT","billing_code_type_version":"2020","billing_code":"98941","description":"CHIROPRACTIC MANIPULATIVE TX SPINAL 3-4 REGIONS","allowed_amounts":[{"tin":{"type":"ein","value":"810494987"},"service_code":["11"],"billing_class":"professional","payments":[{"allowed_amount":39.98,"billing_code_modifier":[""],"providers":[{"billed_charge":40.00,"npi":[1073690244,1437427903]}]}]}]},{"name":"LABORATORY - CLINICAL DIAGNOSTIC: CHEMISTRY","billing_code_type":"RC","billing_code_type_version":"UB04","billing_code":"0301","description":"LABORATORY - CLINICAL DIAGNOSTIC: CHEMISTRY","allowed_amounts":[{"tin":{"type":"ein","value":"860719852"},"service_code":["22"],"billing_class":"institutional","payments":[{"allowed_amount":0.00,"billing_code_modifier":[""],"providers":[{"billed_charge":17.78,"npi":[1780639971]},{"billed_charge":19.88,"npi":[1780639971]},{"billed_charge":22.25,"npi":[1780639971]},{"billed_charge":29.08,"npi":[1780639971]},{"billed_charge":30.05,"npi":[1780639971]},{"billed_charge":33.35,"npi":[1780639971]},{"billed_charge":46.05,"npi":[1780639971]},{"billed_charge":57.75,"npi":[1780639971]},{"billed_charge":63.23,"npi":[1780639971]}]},{"allowed_amount":0.00,"billing_code_modifier":[""],"providers":[{"billed_charge":17.78,"npi":[1780639971]},{"billed_charge":19.88,"npi":[1780639971]},{"billed_charge":22.25,"npi":[1780639971]},{"billed_charge":29.08,"npi":[1780639971]},{"billed_charge":30.05,"npi":[1780639971]},{"billed_charge":33.35,"npi":[1780639971]},{"billed_charge":46.05,"npi":[1780639971]},{"billed_charge":57.75,"npi":[1780639971]},{"billed_charge":63.23,"npi":[1780639971]}]},{"allowed_amount":0.00,"billing_code_modifier":[""],"providers":[{"billed_charge":17.78,"npi":[1780639971]},{"billed_charge":19.88,"npi":[1780639971]},{"billed_charge":22.25,"npi":[1780639971]},{"billed_charge":29.08,"npi":[1780639971]},{"billed_charge":30.05,"npi":[1780639971]},{"billed_charge":33.35,"npi":[1780639971]},{"billed_charge":46.05,"npi":[1780639971]},{"billed_charge":57.75,"npi":[1780639971]},{"billed_charge":63.23,"npi":[1780639971]}]},{"allowed_amount":0.00,"billing_code_modifier":[""],"providers":[{"billed_charge":17.78,"npi":[1780639971]},{"billed_charge":19.88,"npi":[1780639971]},{"billed_charge":22.25,"npi":[1780639971]},{"billed_charge":29.08,"npi":[1780639971]},{"billed_charge":30.05,"npi":[1780639971]},{"billed_charge":33.35,"npi":[1780639971]},{"billed_charge":46.05,"npi":[1780639971]},{"billed_charge":57.75,"npi":[1780639971]},{"billed_charge":63.23,"npi":[1780639971]}]},{"allowed_amount":0.00,"billing_code_modifier":[""],"providers":[{"billed_charge":17.78,"npi":[1780639971]},{"billed_charge":19.88,"npi":[1780639971]},{"billed_charge":22.25,"npi":[1780639971]},{"billed_charge":29.08,"npi":[1780639971]},{"billed_charge":30.05,"npi":[1780639971]},{"billed_charge":33.35,"npi":[1780639971]},{"billed_charge":46.05,"npi":[1780639971]},{"billed_charge":57.75,"npi":[1780639971]},{"billed_charge":63.23,"npi":[1780639971]}]},{"allowed_amount":0.00,"billing_code_modifier":[""],"providers":[{"billed_charge":17.78,"npi":[1780639971]},{"billed_charge":19.88,"npi":[1780639971]},{"billed_charge":22.25,"npi":[1780639971]},{"billed_charge":29.08,"npi":[1780639971]},{"billed_charge":30.05,"npi":[1780639971]},{"billed_charge":33.35,"npi":[1780639971]},{"billed_charge":46.05,"npi":[1780639971]},{"billed_charge":57.75,"npi":[1780639971]},{"billed_charge":63.23,"npi":[1780639971]}]},{"allowed_amount":0.00,"billing_code_modifier":[""],"providers":[{"billed_charge":17.78,"npi":[1780639971]},{"billed_charge":19.88,"npi":[1780639971]},{"billed_charge":22.25,"npi":[1780639971]},{"billed_charge":29.08,"npi":[1780639971]},{"billed_charge":30.05,"npi":[1780639971]},{"billed_charge":33.35,"npi":[1780639971]},{"billed_charge":46.05,"npi":[1780639971]},{"billed_charge":57.75,"npi":[1780639971]},{"billed_charge":63.23,"npi":[1780639971]}]},{"allowed_amount":0.00,"billing_code_modifier":[""],"providers":[{"billed_charge":17.78,"npi":[1780639971]},{"billed_charge":19.88,"npi":[1780639971]},{"billed_charge":22.25,"npi":[1780639971]},{"billed_charge":29.08,"npi":[1780639971]},{"billed_charge":30.05,"npi":[1780639971]},{"billed_charge":33.35,"npi":[1780639971]},{"billed_charge":46.05,"npi":[1780639971]},{"billed_charge":57.75,"npi":[1780639971]},{"billed_charge":63.23,"npi":[1780639971]}]},{"allowed_amount":0.00,"billing_code_modifier":[""],"providers":[{"billed_charge":17.78,"npi":[1780639971]},{"billed_charge":19.88,"npi":[1780639971]},{"billed_charge":22.25,"npi":[1780639971]},{"billed_charge":29.08,"npi":[1780639971]},{"billed_charge":30.05,"npi":[1780639971]},{"billed_charge":33.35,"npi":[1780639971]},{"billed_charge":46.05,"npi":[1780639971]},{"billed_charge":57.75,"npi":[1780639971]},{"billed_charge":63.23,"npi":[1780639971]}]}]},{"tin":{"type":"ein","value":"860719852"},"service_code":["22"],"billing_class":"institutional","payments":[{"allowed_amount":0.00,"billing_code_modifier":[""],"providers":[{"billed_charge":17.78,"npi":[1780639971]},{"billed_charge":19.88,"npi":[1780639971]},{"billed_charge":22.25,"npi":[1780639971]},{"billed_charge":29.08,"npi":[1780639971]},{"billed_charge":30.05,"npi":[1780639971]},{"billed_charge":33.35,"npi":[1780639971]},{"billed_charge":46.05,"npi":[1780639971]},{"billed_charge":57.75,"npi":[1780639971]},{"billed_charge":63.23,"npi":[1780639971]}]},{"allowed_amount":0.00,"billing_code_modifier":[""],"providers":[{"billed_charge":17.78,"npi":[1780639971]},{"billed_charge":19.88,"npi":[1780639971]},{"billed_charge":22.25,"npi":[1780639971]},{"billed_charge":29.08,"npi":[1780639971]},{"billed_charge":30.05,"npi":[1780639971]},{"billed_charge":33.35,"npi":[1780639971]},{"billed_charge":46.05,"npi":[1780639971]},{"billed_charge":57.75,"npi":[1780639971]},{"billed_charge":63.23,"npi":[1780639971]}]},{"allowed_amount":0.00,"billing_code_modifier":[""],"providers":[{"billed_charge":17.78,"npi":[1780639971]},{"billed_charge":19.88,"npi":[1780639971]},{"billed_charge":22.25,"npi":[1780639971]},{"billed_charge":29.08,"npi":[1780639971]},{"billed_charge":30.05,"npi":[1780639971]},{"billed_charge":33.35,"npi":[1780639971]},{"billed_charge":46.05,"npi":[1780639971]},{"billed_charge":57.75,"npi":[1780639971]},{"billed_charge":63.23,"npi":[1780639971]}]},{"allowed_amount":0.00,"billing_code_modifier":[""],"providers":[{"billed_charge":17.78,"npi":[1780639971]},{"billed_charge":19.88,"npi":[1780639971]},{"billed_charge":22.25,"npi":[1780639971]},{"billed_charge":29.08,"npi":[1780639971]},{"billed_charge":30.05,"npi":[1780639971]},{"billed_charge":33.35,"npi":[1780639971]},{"billed_charge":46.05,"npi":[1780639971]},{"billed_charge":57.75,"npi":[1780639971]},{"billed_charge":63.23,"npi":[1780639971]}]},{"allowed_amount":0.00,"billing_code_modifier":[""],"providers":[{"billed_charge":17.78,"npi":[1780639971]},{"billed_charge":19.88,"npi":[1780639971]},{"billed_charge":22.25,"npi":[1780639971]},{"billed_charge":29.08,"npi":[1780639971]},{"billed_charge":30.05,"npi":[1780639971]},{"billed_charge":33.35,"npi":[1780639971]},{"billed_charge":46.05,"npi":[1780639971]},{"billed_charge":57.75,"npi":[1780639971]},{"billed_charge":63.23,"npi":[1780639971]}]},{"allowed_amount":0.00,"billing_code_modifier":[""],"providers":[{"billed_charge":17.78,"npi":[1780639971]},{"billed_charge":19.88,"npi":[1780639971]},{"billed_charge":22.25,"npi":[1780639971]},{"billed_charge":29.08,"npi":[1780639971]},{"billed_charge":30.05,"npi":[1780639971]},{"billed_charge":33.35,"npi":[1780639971]},{"billed_charge":46.05,"npi":[1780639971]},{"billed_charge":57.75,"npi":[1780639971]},{"billed_charge":63.23,"npi":[1780639971]}]},{"allowed_amount":0.00,"billing_code_modifier":[""],"providers":[{"billed_charge":17.78,"npi":[1780639971]},{"billed_charge":19.88,"npi":[1780639971]},{"billed_charge":22.25,"npi":[1780639971]},{"billed_charge":29.08,"npi":[1780639971]},{"billed_charge":30.05,"npi":[1780639971]},{"billed_charge":33.35,"npi":[1780639971]},{"billed_charge":46.05,"npi":[1780639971]},{"billed_charge":57.75,"npi":[1780639971]},{"billed_charge":63.23,"npi":[1780639971]}]},{"allowed_amount":0.00,"billing_code_modifier":[""],"providers":[{"billed_charge":17.78,"npi":[1780639971]},{"billed_charge":19.88,"npi":[1780639971]},{"billed_charge":22.25,"npi":[1780639971]},{"billed_charge":29.08,"npi":[1780639971]},{"billed_charge":30.05,"npi":[1780639971]},{"billed_charge":33.35,"npi":[1780639971]},{"billed_charge":46.05,"npi":[1780639971]},{"billed_charge":57.75,"npi":[1780639971]},{"billed_charge":63.23,"npi":[1780639971]}]},{"allowed_amount":0.00,"billing_code_modifier":[""],"providers":[{"billed_charge":17.78,"npi":[1780639971]},{"billed_charge":19.88,"npi":[1780639971]},{"billed_charge":22.25,"npi":[1780639971]},{"billed_charge":29.08,"npi":[1780639971]},{"billed_charge":30.05,"npi":[1780639971]},{"billed_charge":33.35,"npi":[1780639971]},{"billed_charge":46.05,"npi":[1780639971]},{"billed_charge":57.75,"npi":[1780639971]},{"billed_charge":63.23,"npi":[1780639971]}]}]},{"tin":{"type":"ein","value":"860719852"},"service_code":["22"],"billing_class":"institutional","payments":[{"allowed_amount":0.00,"billing_code_modifier":[""],"providers":[{"billed_charge":17.78,"npi":[1780639971]},{"billed_charge":19.88,"npi":[1780639971]},{"billed_charge":22.25,"npi":[1780639971]},{"billed_charge":29.08,"npi":[1780639971]},{"billed_charge":30.05,"npi":[1780639971]},{"billed_charge":33.35,"npi":[1780639971]},{"billed_charge":46.05,"npi":[1780639971]},{"billed_charge":57.75,"npi":[1780639971]},{"billed_charge":63.23,"npi":[1780639971]}]},{"allowed_amount":0.00,"billing_code_modifier":[""],"providers":[{"billed_charge":17.78,"npi":[1780639971]},{"billed_charge":19.88,"npi":[1780639971]},{"billed_charge":22.25,"npi":[1780639971]},{"billed_charge":29.08,"npi":[1780639971]},{"billed_charge":30.05,"npi":[1780639971]},{"billed_charge":33.35,"npi":[1780639971]},{"billed_charge":46.05,"npi":[1780639971]},{"billed_charge":57.75,"npi":[1780639971]},{"billed_charge":63.23,"npi":[1780639971]}]},{"allowed_amount":0.00,"billing_code_modifier":[""],"providers":[{"billed_charge":17.78,"npi":[1780639971]},{"billed_charge":19.88,"npi":[1780639971]},{"billed_charge":22.25,"npi":[1780639971]},{"billed_charge":29.08,"npi":[1780639971]},{"billed_charge":30.05,"npi":[1780639971]},{"billed_charge":33.35,"npi":[1780639971]},{"billed_charge":46.05,"npi":[1780639971]},{"billed_charge":57.75,"npi":[1780639971]},{"billed_charge":63.23,"npi":[1780639971]}]},{"allowed_amount":0.00,"billing_code_modifier":[""],"providers":[{"billed_charge":17.78,"npi":[1780639971]},{"billed_charge":19.88,"npi":[1780639971]},{"billed_charge":22.25,"npi":[1780639971]},{"billed_charge":29.08,"npi":[1780639971]},{"billed_charge":30.05,"npi":[1780639971]},{"billed_charge":33.35,"npi":[1780639971]},{"billed_charge":46.05,"npi":[1780639971]},{"billed_charge":57.75,"npi":[1780639971]},{"billed_charge":63.23,"npi":[1780639971]}]},{"allowed_amount":0.00,"billing_code_modifier":[""],"providers":[{"billed_charge":17.78,"npi":[1780639971]},{"billed_charge":19.88,"npi":[1780639971]},{"billed_charge":22.25,"npi":[1780639971]},{"billed_charge":29.08,"npi":[1780639971]},{"billed_charge":30.05,"npi":[1780639971]},{"billed_charge":33.35,"npi":[1780639971]},{"billed_charge":46.05,"npi":[1780639971]},{"billed_charge":57.75,"npi":[1780639971]},{"billed_charge":63.23,"npi":[1780639971]}]},{"allowed_amount":0.00,"billing_code_modifier":[""],"providers":[{"billed_charge":17.78,"npi":[1780639971]},{"billed_charge":19.88,"npi":[1780639971]},{"billed_charge":22.25,"npi":[1780639971]},{"billed_charge":29.08,"npi":[1780639971]},{"billed_charge":30.05,"npi":[1780639971]},{"billed_charge":33.35,"npi":[1780639971]},{"billed_charge":46.05,"npi":[1780639971]},{"billed_charge":57.75,"npi":[1780639971]},{"billed_charge":63.23,"npi":[1780639971]}]},{"allowed_amount":0.00,"billing_code_modifier":[""],"providers":[{"billed_charge":17.78,"npi":[1780639971]},{"billed_charge":19.88,"npi":[1780639971]},{"billed_charge":22.25,"npi":[1780639971]},{"billed_charge":29.08,"npi":[1780639971]},{"billed_charge":30.05,"npi":[1780639971]},{"billed_charge":33.35,"npi":[1780639971]},{"billed_charge":46.05,"npi":[1780639971]},{"billed_charge":57.75,"npi":[1780639971]},{"billed_charge":63.23,"npi":[1780639971]}]},{"allowed_amount":0.00,"billing_code_modifier":[""],"providers":[{"billed_charge":17.78,"npi":[1780639971]},{"billed_charge":19.88,"npi":[1780639971]},{"billed_charge":22.25,"npi":[1780639971]},{"billed_charge":29.08,"npi":[1780639971]},{"billed_charge":30.05,"npi":[1780639971]},{"billed_charge":33.35,"npi":[1780639971]},{"billed_charge":46.05,"npi":[1780639971]},{"billed_charge":57.75,"npi":[1780639971]},{"billed_charge":63.23,"npi":[1780639971]}]},{"allowed_amount":0.00,"billing_code_modifier":[""],"providers":[{"billed_charge":17.78,"npi":[1780639971]},{"billed_charge":19.88,"npi":[1780639971]},{"billed_charge":22.25,"npi":[1780639971]},{"billed_charge":29.08,"npi":[1780639971]},{"billed_charge":30.05,"npi":[1780639971]},{"billed_charge":33.35,"npi":[1780639971]},{"billed_charge":46.05,"npi":[1780639971]},{"billed_charge":57.75,"npi":[1780639971]},{"billed_charge":63.23,"npi":[1780639971]}]}]},{"tin":{"type":"ein","value":"860719852"},"service_code":["22"],"billing_class":"institutional","payments":[{"allowed_amount":0.00,"billing_code_modifier":[""],"providers":[{"billed_charge":17.78,"npi":[1780639971]},{"billed_charge":19.88,"npi":[1780639971]},{"billed_charge":22.25,"npi":[1780639971]},{"billed_charge":29.08,"npi":[1780639971]},{"billed_charge":30.05,"npi":[1780639971]},{"billed_charge":33.35,"npi":[1780639971]},{"billed_charge":46.05,"npi":[1780639971]},{"billed_charge":57.75,"npi":[1780639971]},{"billed_charge":63.23,"npi":[1780639971]}]},{"allowed_amount":0.00,"billing_code_modifier":[""],"providers":[{"billed_charge":17.78,"npi":[1780639971]},{"billed_charge":19.88,"npi":[1780639971]},{"billed_charge":22.25,"npi":[1780639971]},{"billed_charge":29.08,"npi":[1780639971]},{"billed_charge":30.05,"npi":[1780639971]},{"billed_charge":33.35,"npi":[1780639971]},{"billed_charge":46.05,"npi":[1780639971]},{"billed_charge":57.75,"npi":[1780639971]},{"billed_charge":63.23,"npi":[1780639971]}]},{"allowed_amount":0.00,"billing_code_modifier":[""],"providers":[{"billed_charge":17.78,"npi":[1780639971]},{"billed_charge":19.88,"npi":[1780639971]},{"billed_charge":22.25,"npi":[1780639971]},{"billed_charge":29.08,"npi":[1780639971]},{"billed_charge":30.05,"npi":[1780639971]},{"billed_charge":33.35,"npi":[1780639971]},{"billed_charge":46.05,"npi":[1780639971]},{"billed_charge":57.75,"npi":[1780639971]},{"billed_charge":63.23,"npi":[1780639971]}]},{"allowed_amount":0.00,"billing_code_modifier":[""],"providers":[{"billed_charge":17.78,"npi":[1780639971]},{"billed_charge":19.88,"npi":[1780639971]},{"billed_charge":22.25,"npi":[1780639971]},{"billed_charge":29.08,"npi":[1780639971]},{"billed_charge":30.05,"npi":[1780639971]},{"billed_charge":33.35,"npi":[1780639971]},{"billed_charge":46.05,"npi":[1780639971]},{"billed_charge":57.75,"npi":[1780639971]},{"billed_charge":63.23,"npi":[1780639971]}]},{"allowed_amount":0.00,"billing_code_modifier":[""],"providers":[{"billed_charge":17.78,"npi":[1780639971]},{"billed_charge":19.88,"npi":[1780639971]},{"billed_charge":22.25,"npi":[1780639971]},{"billed_charge":29.08,"npi":[1780639971]},{"billed_charge":30.05,"npi":[1780639971]},{"billed_charge":33.35,"npi":[1780639971]},{"billed_charge":46.05,"npi":[1780639971]},{"billed_charge":57.75,"npi":[1780639971]},{"billed_charge":63.23,"npi":[1780639971]}]},{"allowed_amount":0.00,"billing_code_modifier":[""],"providers":[{"billed_charge":17.78,"npi":[1780639971]},{"billed_charge":19.88,"npi":[1780639971]},{"billed_charge":22.25,"npi":[1780639971]},{"billed_charge":29.08,"npi":[1780639971]},{"billed_charge":30.05,"npi":[1780639971]},{"billed_charge":33.35,"npi":[1780639971]},{"billed_charge":46.05,"npi":[1780639971]},{"billed_charge":57.75,"npi":[1780639971]},{"billed_charge":63.23,"npi":[1780639971]}]},{"allowed_amount":0.00,"billing_code_modifier":[""],"providers":[{"billed_charge":17.78,"npi":[1780639971]},{"billed_charge":19.88,"npi":[1780639971]},{"billed_charge":22.25,"npi":[1780639971]},{"billed_charge":29.08,"npi":[1780639971]},{"billed_charge":30.05,"npi":[1780639971]},{"billed_charge":33.35,"npi":[1780639971]},{"billed_charge":46.05,"npi":[1780639971]},{"billed_charge":57.75,"npi":[1780639971]},{"billed_charge":63.23,"npi":[1780639971]}]},{"allowed_amount":0.00,"billing_code_modifier":[""],"providers":[{"billed_charge":17.78,"npi":[1780639971]},{"billed_charge":19.88,"npi":[1780639971]},{"billed_charge":22.25,"npi":[1780639971]},{"billed_charge":29.08,"npi":[1780639971]},{"billed_charge":30.05,"npi":[1780639971]},{"billed_charge":33.35,"npi":[1780639971]},{"billed_charge":46.05,"npi":[1780639971]},{"billed_charge":57.75,"npi":[1780639971]},{"billed_charge":63.23,"npi":[1780639971]}]},{"allowed_amount":0.00,"billing_code_modifier":[""],"providers":[{"billed_charge":17.78,"npi":[1780639971]},{"billed_charge":19.88,"npi":[1780639971]},{"billed_charge":22.25,"npi":[1780639971]},{"billed_charge":29.08,"npi":[1780639971]},{"billed_charge":30.05,"npi":[1780639971]},{"billed_charge":33.35,"npi":[1780639971]},{"billed_charge":46.05,"npi":[1780639971]},{"billed_charge":57.75,"npi":[1780639971]},{"billed_charge":63.23,"npi":[1780639971]}]}]},{"tin":{"type":"ein","value":"860719852"},"service_code":["22"],"billing_class":"institutional","payments":[{"allowed_amount":0.00,"billing_code_modifier":[""],"providers":[{"billed_charge":17.78,"npi":[1780639971]},{"billed_charge":19.88,"npi":[1780639971]},{"billed_charge":22.25,"npi":[1780639971]},{"billed_charge":29.08,"npi":[1780639971]},{"billed_charge":30.05,"npi":[1780639971]},{"billed_charge":33.35,"npi":[1780639971]},{"billed_charge":46.05,"npi":[1780639971]},{"billed_charge":57.75,"npi":[1780639971]},{"billed_charge":63.23,"npi":[1780639971]}]},{"allowed_amount":0.00,"billing_code_modifier":[""],"providers":[{"billed_charge":17.78,"npi":[1780639971]},{"billed_charge":19.88,"npi":[1780639971]},{"billed_charge":22.25,"npi":[1780639971]},{"billed_charge":29.08,"npi":[1780639971]},{"billed_charge":30.05,"npi":[1780639971]},{"billed_charge":33.35,"npi":[1780639971]},{"billed_charge":46.05,"npi":[1780639971]},{"billed_charge":57.75,"npi":[1780639971]},{"billed_charge":63.23,"npi":[1780639971]}]},{"allowed_amount":0.00,"billing_code_modifier":[""],"providers":[{"billed_charge":17.78,"npi":[1780639971]},{"billed_charge":19.88,"npi":[1780639971]},{"billed_charge":22.25,"npi":[1780639971]},{"billed_charge":29.08,"npi":[1780639971]},{"billed_charge":30.05,"npi":[1780639971]},{"billed_charge":33.35,"npi":[1780639971]},{"billed_charge":46.05,"npi":[1780639971]},{"billed_charge":57.75,"npi":[1780639971]},{"billed_charge":63.23,"npi":[1780639971]}]},{"allowed_amount":0.00,"billing_code_modifier":[""],"providers":[{"billed_charge":17.78,"npi":[1780639971]},{"billed_charge":19.88,"npi":[1780639971]},{"billed_charge":22.25,"npi":[1780639971]},{"billed_charge":29.08,"npi":[1780639971]},{"billed_charge":30.05,"npi":[1780639971]},{"billed_charge":33.35,"npi":[1780639971]},{"billed_charge":46.05,"npi":[1780639971]},{"billed_charge":57.75,"npi":[1780639971]},{"billed_charge":63.23,"npi":[1780639971]}]},{"allowed_amount":0.00,"billing_code_modifier":[""],"providers":[{"billed_charge":17.78,"npi":[1780639971]},{"billed_charge":19.88,"npi":[1780639971]},{"billed_charge":22.25,"npi":[1780639971]},{"billed_charge":29.08,"npi":[1780639971]},{"billed_charge":30.05,"npi":[1780639971]},{"billed_charge":33.35,"npi":[1780639971]},{"billed_charge":46.05,"npi":[1780639971]},{"billed_charge":57.75,"npi":[1780639971]},{"billed_charge":63.23,"npi":[1780639971]}]},{"allowed_amount":0.00,"billing_code_modifier":[""],"providers":[{"billed_charge":17.78,"npi":[1780639971]},{"billed_charge":19.88,"npi":[1780639971]},{"billed_charge":22.25,"npi":[1780639971]},{"billed_charge":29.08,"npi":[1780639971]},{"billed_charge":30.05,"npi":[1780639971]},{"billed_charge":33.35,"npi":[1780639971]},{"billed_charge":46.05,"npi":[1780639971]},{"billed_charge":57.75,"npi":[1780639971]},{"billed_charge":63.23,"npi":[1780639971]}]},{"allowed_amount":0.00,"billing_code_modifier":[""],"providers":[{"billed_charge":17.78,"npi":[1780639971]},{"billed_charge":19.88,"npi":[1780639971]},{"billed_charge":22.25,"npi":[1780639971]},{"billed_charge":29.08,"npi":[1780639971]},{"billed_charge":30.05,"npi":[1780639971]},{"billed_charge":33.35,"npi":[1780639971]},{"billed_charge":46.05,"npi":[1780639971]},{"billed_charge":57.75,"npi":[1780639971]},{"billed_charge":63.23,"npi":[1780639971]}]},{"allowed_amount":0.00,"billing_code_modifier":[""],"providers":[{"billed_charge":17.78,"npi":[1780639971]},{"billed_charge":19.88,"npi":[1780639971]},{"billed_charge":22.25,"npi":[1780639971]},{"billed_charge":29.08,"npi":[1780639971]},{"billed_charge":30.05,"npi":[1780639971]},{"billed_charge":33.35,"npi":[1780639971]},{"billed_charge":46.05,"npi":[1780639971]},{"billed_charge":57.75,"npi":[1780639971]},{"billed_charge":63.23,"npi":[1780639971]}]},{"allowed_amount":0.00,"billing_code_modifier":[""],"providers":[{"billed_charge":17.78,"npi":[1780639971]},{"billed_charge":19.88,"npi":[1780639971]},{"billed_charge":22.25,"npi":[1780639971]},{"billed_charge":29.08,"npi":[1780639971]},{"billed_charge":30.05,"npi":[1780639971]},{"billed_charge":33.35,"npi":[1780639971]},{"billed_charge":46.05,"npi":[1780639971]},{"billed_charge":57.75,"npi":[1780639971]},{"billed_charge":63.23,"npi":[1780639971]}]}]},{"tin":{"type":"ein","value":"860719852"},"service_code":["22"],"billing_class":"institutional","payments":[{"allowed_amount":0.00,"billing_code_modifier":[""],"providers":[{"billed_charge":17.78,"npi":[1780639971]},{"billed_charge":19.88,"npi":[1780639971]},{"billed_charge":22.25,"npi":[1780639971]},{"billed_charge":29.08,"npi":[1780639971]},{"billed_charge":30.05,"npi":[1780639971]},{"billed_charge":33.35,"npi":[1780639971]},{"billed_charge":46.05,"npi":[1780639971]},{"billed_charge":57.75,"npi":[1780639971]},{"billed_charge":63.23,"npi":[1780639971]}]},{"allowed_amount":0.00,"billing_code_modifier":[""],"providers":[{"billed_charge":17.78,"npi":[1780639971]},{"billed_charge":19.88,"npi":[1780639971]},{"billed_charge":22.25,"npi":[1780639971]},{"billed_charge":29.08,"npi":[1780639971]},{"billed_charge":30.05,"npi":[1780639971]},{"billed_charge":33.35,"npi":[1780639971]},{"billed_charge":46.05,"npi":[1780639971]},{"billed_charge":57.75,"npi":[1780639971]},{"billed_charge":63.23,"npi":[1780639971]}]},{"allowed_amount":0.00,"billing_code_modifier":[""],"providers":[{"billed_charge":17.78,"npi":[1780639971]},{"billed_charge":19.88,"npi":[1780639971]},{"billed_charge":22.25,"npi":[1780639971]},{"billed_charge":29.08,"npi":[1780639971]},{"billed_charge":30.05,"npi":[1780639971]},{"billed_charge":33.35,"npi":[1780639971]},{"billed_charge":46.05,"npi":[1780639971]},{"billed_charge":57.75,"npi":[1780639971]},{"billed_charge":63.23,"npi":[1780639971]}]},{"allowed_amount":0.00,"billing_code_modifier":[""],"providers":[{"billed_charge":17.78,"npi":[1780639971]},{"billed_charge":19.88,"npi":[1780639971]},{"billed_charge":22.25,"npi":[1780639971]},{"billed_charge":29.08,"npi":[1780639971]},{"billed_charge":30.05,"npi":[1780639971]},{"billed_charge":33.35,"npi":[1780639971]},{"billed_charge":46.05,"npi":[1780639971]},{"billed_charge":57.75,"npi":[1780639971]},{"billed_charge":63.23,"npi":[1780639971]}]},{"allowed_amount":0.00,"billing_code_modifier":[""],"providers":[{"billed_charge":17.78,"npi":[1780639971]},{"billed_charge":19.88,"npi":[1780639971]},{"billed_charge":22.25,"npi":[1780639971]},{"billed_charge":29.08,"npi":[1780639971]},{"billed_charge":30.05,"npi":[1780639971]},{"billed_charge":33.35,"npi":[1780639971]},{"billed_charge":46.05,"npi":[1780639971]},{"billed_charge":57.75,"npi":[1780639971]},{"billed_charge":63.23,"npi":[1780639971]}]},{"allowed_amount":0.00,"billing_code_modifier":[""],"providers":[{"billed_charge":17.78,"npi":[1780639971]},{"billed_charge":19.88,"npi":[1780639971]},{"billed_charge":22.25,"npi":[1780639971]},{"billed_charge":29.08,"npi":[1780639971]},{"billed_charge":30.05,"npi":[1780639971]},{"billed_charge":33.35,"npi":[1780639971]},{"billed_charge":46.05,"npi":[1780639971]},{"billed_charge":57.75,"npi":[1780639971]},{"billed_charge":63.23,"npi":[1780639971]}]},{"allowed_amount":0.00,"billing_code_modifier":[""],"providers":[{"billed_charge":17.78,"npi":[1780639971]},{"billed_charge":19.88,"npi":[1780639971]},{"billed_charge":22.25,"npi":[1780639971]},{"billed_charge":29.08,"npi":[1780639971]},{"billed_charge":30.05,"npi":[1780639971]},{"billed_charge":33.35,"npi":[1780639971]},{"billed_charge":46.05,"npi":[1780639971]},{"billed_charge":57.75,"npi":[1780639971]},{"billed_charge":63.23,"npi":[1780639971]}]},{"allowed_amount":0.00,"billing_code_modifier":[""],"providers":[{"billed_charge":17.78,"npi":[1780639971]},{"billed_charge":19.88,"npi":[1780639971]},{"billed_charge":22.25,"npi":[1780639971]},{"billed_charge":29.08,"npi":[1780639971]},{"billed_charge":30.05,"npi":[1780639971]},{"billed_charge":33.35,"npi":[1780639971]},{"billed_charge":46.05,"npi":[1780639971]},{"billed_charge":57.75,"npi":[1780639971]},{"billed_charge":63.23,"npi":[1780639971]}]},{"allowed_amount":0.00,"billing_code_modifier":[""],"providers":[{"billed_charge":17.78,"npi":[1780639971]},{"billed_charge":19.88,"npi":[1780639971]},{"billed_charge":22.25,"npi":[1780639971]},{"billed_charge":29.08,"npi":[1780639971]},{"billed_charge":30.05,"npi":[1780639971]},{"billed_charge":33.35,"npi":[1780639971]},{"billed_charge":46.05,"npi":[1780639971]},{"billed_charge":57.75,"npi":[1780639971]},{"billed_charge":63.23,"npi":[1780639971]}]}]},{"tin":{"type":"ein","value":"860719852"},"service_code":["22"],"billing_class":"institutional","payments":[{"allowed_amount":0.00,"billing_code_modifier":[""],"providers":[{"billed_charge":17.78,"npi":[1780639971]},{"billed_charge":19.88,"npi":[1780639971]},{"billed_charge":22.25,"npi":[1780639971]},{"billed_charge":29.08,"npi":[1780639971]},{"billed_charge":30.05,"npi":[1780639971]},{"billed_charge":33.35,"npi":[1780639971]},{"billed_charge":46.05,"npi":[1780639971]},{"billed_charge":57.75,"npi":[1780639971]},{"billed_charge":63.23,"npi":[1780639971]}]},{"allowed_amount":0.00,"billing_code_modifier":[""],"providers":[{"billed_charge":17.78,"npi":[1780639971]},{"billed_charge":19.88,"npi":[1780639971]},{"billed_charge":22.25,"npi":[1780639971]},{"billed_charge":29.08,"npi":[1780639971]},{"billed_charge":30.05,"npi":[1780639971]},{"billed_charge":33.35,"npi":[1780639971]},{"billed_charge":46.05,"npi":[1780639971]},{"billed_charge":57.75,"npi":[1780639971]},{"billed_charge":63.23,"npi":[1780639971]}]},{"allowed_amount":0.00,"billing_code_modifier":[""],"providers":[{"billed_charge":17.78,"npi":[1780639971]},{"billed_charge":19.88,"npi":[1780639971]},{"billed_charge":22.25,"npi":[1780639971]},{"billed_charge":29.08,"npi":[1780639971]},{"billed_charge":30.05,"npi":[1780639971]},{"billed_charge":33.35,"npi":[1780639971]},{"billed_charge":46.05,"npi":[1780639971]},{"billed_charge":57.75,"npi":[1780639971]},{"billed_charge":63.23,"npi":[1780639971]}]},{"allowed_amount":0.00,"billing_code_modifier":[""],"providers":[{"billed_charge":17.78,"npi":[1780639971]},{"billed_charge":19.88,"npi":[1780639971]},{"billed_charge":22.25,"npi":[1780639971]},{"billed_charge":29.08,"npi":[1780639971]},{"billed_charge":30.05,"npi":[1780639971]},{"billed_charge":33.35,"npi":[1780639971]},{"billed_charge":46.05,"npi":[1780639971]},{"billed_charge":57.75,"npi":[1780639971]},{"billed_charge":63.23,"npi":[1780639971]}]},{"allowed_amount":0.00,"billing_code_modifier":[""],"providers":[{"billed_charge":17.78,"npi":[1780639971]},{"billed_charge":19.88,"npi":[1780639971]},{"billed_charge":22.25,"npi":[1780639971]},{"billed_charge":29.08,"npi":[1780639971]},{"billed_charge":30.05,"npi":[1780639971]},{"billed_charge":33.35,"npi":[1780639971]},{"billed_charge":46.05,"npi":[1780639971]},{"billed_charge":57.75,"npi":[1780639971]},{"billed_charge":63.23,"npi":[1780639971]}]},{"allowed_amount":0.00,"billing_code_modifier":[""],"providers":[{"billed_charge":17.78,"npi":[1780639971]},{"billed_charge":19.88,"npi":[1780639971]},{"billed_charge":22.25,"npi":[1780639971]},{"billed_charge":29.08,"npi":[1780639971]},{"billed_charge":30.05,"npi":[1780639971]},{"billed_charge":33.35,"npi":[1780639971]},{"billed_charge":46.05,"npi":[1780639971]},{"billed_charge":57.75,"npi":[1780639971]},{"billed_charge":63.23,"npi":[1780639971]}]},{"allowed_amount":0.00,"billing_code_modifier":[""],"providers":[{"billed_charge":17.78,"npi":[1780639971]},{"billed_charge":19.88,"npi":[1780639971]},{"billed_charge":22.25,"npi":[1780639971]},{"billed_charge":29.08,"npi":[1780639971]},{"billed_charge":30.05,"npi":[1780639971]},{"billed_charge":33.35,"npi":[1780639971]},{"billed_charge":46.05,"npi":[1780639971]},{"billed_charge":57.75,"npi":[1780639971]},{"billed_charge":63.23,"npi":[1780639971]}]},{"allowed_amount":0.00,"billing_code_modifier":[""],"providers":[{"billed_charge":17.78,"npi":[1780639971]},{"billed_charge":19.88,"npi":[1780639971]},{"billed_charge":22.25,"npi":[1780639971]},{"billed_charge":29.08,"npi":[1780639971]},{"billed_charge":30.05,"npi":[1780639971]},{"billed_charge":33.35,"npi":[1780639971]},{"billed_charge":46.05,"npi":[1780639971]},{"billed_charge":57.75,"npi":[1780639971]},{"billed_charge":63.23,"npi":[1780639971]}]},{"allowed_amount":0.00,"billing_code_modifier":[""],"providers":[{"billed_charge":17.78,"npi":[1780639971]},{"billed_charge":19.88,"npi":[1780639971]},{"billed_charge":22.25,"npi":[1780639971]},{"billed_charge":29.08,"npi":[1780639971]},{"billed_charge":30.05,"npi":[1780639971]},{"billed_charge":33.35,"npi":[1780639971]},{"billed_charge":46.05,"npi":[1780639971]},{"billed_charge":57.75,"npi":[1780639971]},{"billed_charge":63.23,"npi":[1780639971]}]}]},{"tin":{"type":"ein","value":"860719852"},"service_code":["22"],"billing_class":"institutional","payments":[{"allowed_amount":0.00,"billing_code_modifier":[""],"providers":[{"billed_charge":17.78,"npi":[1780639971]},{"billed_charge":19.88,"npi":[1780639971]},{"billed_charge":22.25,"npi":[1780639971]},{"billed_charge":29.08,"npi":[1780639971]},{"billed_charge":30.05,"npi":[1780639971]},{"billed_charge":33.35,"npi":[1780639971]},{"billed_charge":46.05,"npi":[1780639971]},{"billed_charge":57.75,"npi":[1780639971]},{"billed_charge":63.23,"npi":[1780639971]}]},{"allowed_amount":0.00,"billing_code_modifier":[""],"providers":[{"billed_charge":17.78,"npi":[1780639971]},{"billed_charge":19.88,"npi":[1780639971]},{"billed_charge":22.25,"npi":[1780639971]},{"billed_charge":29.08,"npi":[1780639971]},{"billed_charge":30.05,"npi":[1780639971]},{"billed_charge":33.35,"npi":[1780639971]},{"billed_charge":46.05,"npi":[1780639971]},{"billed_charge":57.75,"npi":[1780639971]},{"billed_charge":63.23,"npi":[1780639971]}]},{"allowed_amount":0.00,"billing_code_modifier":[""],"providers":[{"billed_charge":17.78,"npi":[1780639971]},{"billed_charge":19.88,"npi":[1780639971]},{"billed_charge":22.25,"npi":[1780639971]},{"billed_charge":29.08,"npi":[1780639971]},{"billed_charge":30.05,"npi":[1780639971]},{"billed_charge":33.35,"npi":[1780639971]},{"billed_charge":46.05,"npi":[1780639971]},{"billed_charge":57.75,"npi":[1780639971]},{"billed_charge":63.23,"npi":[1780639971]}]},{"allowed_amount":0.00,"billing_code_modifier":[""],"providers":[{"billed_charge":17.78,"npi":[1780639971]},{"billed_charge":19.88,"npi":[1780639971]},{"billed_charge":22.25,"npi":[1780639971]},{"billed_charge":29.08,"npi":[1780639971]},{"billed_charge":30.05,"npi":[1780639971]},{"billed_charge":33.35,"npi":[1780639971]},{"billed_charge":46.05,"npi":[1780639971]},{"billed_charge":57.75,"npi":[1780639971]},{"billed_charge":63.23,"npi":[1780639971]}]},{"allowed_amount":0.00,"billing_code_modifier":[""],"providers":[{"billed_charge":17.78,"npi":[1780639971]},{"billed_charge":19.88,"npi":[1780639971]},{"billed_charge":22.25,"npi":[1780639971]},{"billed_charge":29.08,"npi":[1780639971]},{"billed_charge":30.05,"npi":[1780639971]},{"billed_charge":33.35,"npi":[1780639971]},{"billed_charge":46.05,"npi":[1780639971]},{"billed_charge":57.75,"npi":[1780639971]},{"billed_charge":63.23,"npi":[1780639971]}]},{"allowed_amount":0.00,"billing_code_modifier":[""],"providers":[{"billed_charge":17.78,"npi":[1780639971]},{"billed_charge":19.88,"npi":[1780639971]},{"billed_charge":22.25,"npi":[1780639971]},{"billed_charge":29.08,"npi":[1780639971]},{"billed_charge":30.05,"npi":[1780639971]},{"billed_charge":33.35,"npi":[1780639971]},{"billed_charge":46.05,"npi":[1780639971]},{"billed_charge":57.75,"npi":[1780639971]},{"billed_charge":63.23,"npi":[1780639971]}]},{"allowed_amount":0.00,"billing_code_modifier":[""],"providers":[{"billed_charge":17.78,"npi":[1780639971]},{"billed_charge":19.88,"npi":[1780639971]},{"billed_charge":22.25,"npi":[1780639971]},{"billed_charge":29.08,"npi":[1780639971]},{"billed_charge":30.05,"npi":[1780639971]},{"billed_charge":33.35,"npi":[1780639971]},{"billed_charge":46.05,"npi":[1780639971]},{"billed_charge":57.75,"npi":[1780639971]},{"billed_charge":63.23,"npi":[1780639971]}]},{"allowed_amount":0.00,"billing_code_modifier":[""],"providers":[{"billed_charge":17.78,"npi":[1780639971]},{"billed_charge":19.88,"npi":[1780639971]},{"billed_charge":22.25,"npi":[1780639971]},{"billed_charge":29.08,"npi":[1780639971]},{"billed_charge":30.05,"npi":[1780639971]},{"billed_charge":33.35,"npi":[1780639971]},{"billed_charge":46.05,"npi":[1780639971]},{"billed_charge":57.75,"npi":[1780639971]},{"billed_charge":63.23,"npi":[1780639971]}]},{"allowed_amount":0.00,"billing_code_modifier":[""],"providers":[{"billed_charge":17.78,"npi":[1780639971]},{"billed_charge":19.88,"npi":[1780639971]},{"billed_charge":22.25,"npi":[1780639971]},{"billed_charge":29.08,"npi":[1780639971]},{"billed_charge":30.05,"npi":[1780639971]},{"billed_charge":33.35,"npi":[1780639971]},{"billed_charge":46.05,"npi":[1780639971]},{"billed_charge":57.75,"npi":[1780639971]},{"billed_charge":63.23,"npi":[1780639971]}]}]},{"tin":{"type":"ein","value":"860719852"},"service_code":["22"],"billing_class":"institutional","payments":[{"allowed_amount":0.00,"billing_code_modifier":[""],"providers":[{"billed_charge":17.78,"npi":[1780639971]},{"billed_charge":19.88,"npi":[1780639971]},{"billed_charge":22.25,"npi":[1780639971]},{"billed_charge":29.08,"npi":[1780639971]},{"billed_charge":30.05,"npi":[1780639971]},{"billed_charge":33.35,"npi":[1780639971]},{"billed_charge":46.05,"npi":[1780639971]},{"billed_charge":57.75,"npi":[1780639971]},{"billed_charge":63.23,"npi":[1780639971]}]},{"allowed_amount":0.00,"billing_code_modifier":[""],"providers":[{"billed_charge":17.78,"npi":[1780639971]},{"billed_charge":19.88,"npi":[1780639971]},{"billed_charge":22.25,"npi":[1780639971]},{"billed_charge":29.08,"npi":[1780639971]},{"billed_charge":30.05,"npi":[1780639971]},{"billed_charge":33.35,"npi":[1780639971]},{"billed_charge":46.05,"npi":[1780639971]},{"billed_charge":57.75,"npi":[1780639971]},{"billed_charge":63.23,"npi":[1780639971]}]},{"allowed_amount":0.00,"billing_code_modifier":[""],"providers":[{"billed_charge":17.78,"npi":[1780639971]},{"billed_charge":19.88,"npi":[1780639971]},{"billed_charge":22.25,"npi":[1780639971]},{"billed_charge":29.08,"npi":[1780639971]},{"billed_charge":30.05,"npi":[1780639971]},{"billed_charge":33.35,"npi":[1780639971]},{"billed_charge":46.05,"npi":[1780639971]},{"billed_charge":57.75,"npi":[1780639971]},{"billed_charge":63.23,"npi":[1780639971]}]},{"allowed_amount":0.00,"billing_code_modifier":[""],"providers":[{"billed_charge":17.78,"npi":[1780639971]},{"billed_charge":19.88,"npi":[1780639971]},{"billed_charge":22.25,"npi":[1780639971]},{"billed_charge":29.08,"npi":[1780639971]},{"billed_charge":30.05,"npi":[1780639971]},{"billed_charge":33.35,"npi":[1780639971]},{"billed_charge":46.05,"npi":[1780639971]},{"billed_charge":57.75,"npi":[1780639971]},{"billed_charge":63.23,"npi":[1780639971]}]},{"allowed_amount":0.00,"billing_code_modifier":[""],"providers":[{"billed_charge":17.78,"npi":[1780639971]},{"billed_charge":19.88,"npi":[1780639971]},{"billed_charge":22.25,"npi":[1780639971]},{"billed_charge":29.08,"npi":[1780639971]},{"billed_charge":30.05,"npi":[1780639971]},{"billed_charge":33.35,"npi":[1780639971]},{"billed_charge":46.05,"npi":[1780639971]},{"billed_charge":57.75,"npi":[1780639971]},{"billed_charge":63.23,"npi":[1780639971]}]},{"allowed_amount":0.00,"billing_code_modifier":[""],"providers":[{"billed_charge":17.78,"npi":[1780639971]},{"billed_charge":19.88,"npi":[1780639971]},{"billed_charge":22.25,"npi":[1780639971]},{"billed_charge":29.08,"npi":[1780639971]},{"billed_charge":30.05,"npi":[1780639971]},{"billed_charge":33.35,"npi":[1780639971]},{"billed_charge":46.05,"npi":[1780639971]},{"billed_charge":57.75,"npi":[1780639971]},{"billed_charge":63.23,"npi":[1780639971]}]},{"allowed_amount":0.00,"billing_code_modifier":[""],"providers":[{"billed_charge":17.78,"npi":[1780639971]},{"billed_charge":19.88,"npi":[1780639971]},{"billed_charge":22.25,"npi":[1780639971]},{"billed_charge":29.08,"npi":[1780639971]},{"billed_charge":30.05,"npi":[1780639971]},{"billed_charge":33.35,"npi":[1780639971]},{"billed_charge":46.05,"npi":[1780639971]},{"billed_charge":57.75,"npi":[1780639971]},{"billed_charge":63.23,"npi":[1780639971]}]},{"allowed_amount":0.00,"billing_code_modifier":[""],"providers":[{"billed_charge":17.78,"npi":[1780639971]},{"billed_charge":19.88,"npi":[1780639971]},{"billed_charge":22.25,"npi":[1780639971]},{"billed_charge":29.08,"npi":[1780639971]},{"billed_charge":30.05,"npi":[1780639971]},{"billed_charge":33.35,"npi":[1780639971]},{"billed_charge":46.05,"npi":[1780639971]},{"billed_charge":57.75,"npi":[1780639971]},{"billed_charge":63.23,"npi":[1780639971]}]},{"allowed_amount":0.00,"billing_code_modifier":[""],"providers":[{"billed_charge":17.78,"npi":[1780639971]},{"billed_charge":19.88,"npi":[1780639971]},{"billed_charge":22.25,"npi":[1780639971]},{"billed_charge":29.08,"npi":[1780639971]},{"billed_charge":30.05,"npi":[1780639971]},{"billed_charge":33.35,"npi":[1780639971]},{"billed_charge":46.05,"npi":[1780639971]},{"billed_charge":57.75,"npi":[1780639971]},{"billed_charge":63.23,"npi":[1780639971]}]}]}]},{"name":"OUTPATIENT SERVICES","billing_code_type":"RC","billing_code_type_version":"UB04","billing_code":"0500","description":"OUTPATIENT SERVICES","allowed_amounts":[{"tin":{"type":"ein","value":"860719852"},"service_code":["22"],"billing_class":"institutional","payments":[{"allowed_amount":266.40,"billing_code_modifier":[""],"providers":[{"billed_charge":266.40,"npi":[1780639971]}]}]}]},{"name":"PREVENTIVE CARE SERVICES: ADMIN. OF VACCINE","billing_code_type":"RC","billing_code_type_version":"UB04","billing_code":"0771","description":"PREVENTIVE CARE SERVICES: ADMIN. OF VACCINE","allowed_amounts":[{"tin":{"type":"ein","value":"860719852"},"service_code":["22"],"billing_class":"institutional","payments":[{"allowed_amount":0.00,"billing_code_modifier":[""],"providers":[{"billed_charge":65.88,"npi":[1780639971]}]}]}]},{"name":"PSYCHIATRIC\/PSYCHOLOGICAL TRT: INTENSIVE OUT SERV","billing_code_type":"RC","billing_code_type_version":"UB04","billing_code":"0906","description":"PSYCHIATRIC\/PSYCHOLOGICAL TRT: INTENSIVE OUT SERV","allowed_amounts":[{"tin":{"type":"ein","value":"814666052"},"service_code":["22"],"billing_class":"institutional","payments":[{"allowed_amount":95.32,"billing_code_modifier":[""],"providers":[{"billed_charge":2175.00,"npi":[1669911053,1902943277]}]}]}]},{"name":"RESIDENTIAL TREATMENT-PSYCHIATRIC","billing_code_type":"RC","billing_code_type_version":"UB04","billing_code":"1001","description":"RESIDENTIAL TREATMENT-PSYCHIATRIC","allowed_amounts":[{"tin":{"type":"ein","value":"813805174"},"service_code":["21"],"billing_class":"institutional","payments":[{"allowed_amount":2274.14,"billing_code_modifier":[""],"providers":[{"billed_charge":5600.00,"npi":[1033140744,1104455534]}]}]}]}]}
