{"reporting_entity_name": "IEC Group_DBA AmeriBen",
	"reporting_entity_type": "Third Party Administrator",
	"plan_name": "URSCHEL LABORATORIES INC",
	"plan_id_type": "ein",
	"plan_id": "350726105",
	"plan_market_type": "group",
	"last_updated_on": "2024-05-02","Version": "1.0.0","out_of_network":[{"name":"HIT TPN; >1 L BUT NOT > 2 L-DA-DIEM","billing_code_type":"HCPCS","billing_code_type_version":"HCPCS LEVEL II 2021","billing_code":"S9366","description":"HIT TPN; >1 L BUT NOT > 2 L-DA-DIEM","allowed_amounts":[{"tin":{"type":"ein","value":"562554975"},"service_code":["12"],"billing_class":"professional","payments":[{"allowed_amount":0.00,"billing_code_modifier":[""],"providers":[{"billed_charge":844.80,"npi":[1821060286,1841372638]},{"billed_charge":5913.60,"npi":[1821060286,1841372638]}]},{"allowed_amount":0.00,"billing_code_modifier":[""],"providers":[{"billed_charge":844.80,"npi":[1821060286,1841372638]},{"billed_charge":5913.60,"npi":[1821060286,1841372638]}]}]},{"tin":{"type":"ein","value":"562554975"},"service_code":["12"],"billing_class":"professional","payments":[{"allowed_amount":0.00,"billing_code_modifier":[""],"providers":[{"billed_charge":844.80,"npi":[1821060286,1841372638]},{"billed_charge":5913.60,"npi":[1821060286,1841372638]}]},{"allowed_amount":0.00,"billing_code_modifier":[""],"providers":[{"billed_charge":844.80,"npi":[1821060286,1841372638]},{"billed_charge":5913.60,"npi":[1821060286,1841372638]}]}]}]}]}
