{"reporting_entity_name": "IEC Group_DBA AmeriBen",
	"reporting_entity_type": "Third Party Administrator",
	"plan_name": "SISC",
	"plan_id_type": "ein",
	"plan_id": "770162263",
	"plan_market_type": "group",
	"last_updated_on": "2022-08-01","Version": "1.0.0","out_of_network":[{"name":"INFEC AGEN DETEC AMPLI PROBE","billing_code_type":"HCPCS","billing_code_type_version":"HCPCS LEVEL II 2021","billing_code":"U0005","description":"INFEC AGEN DETEC AMPLI PROBE","allowed_amounts":[{"tin":{"type":"ein","value":"453263292"},"service_code":["81"],"billing_class":"professional","payments":[{"allowed_amount":25.00,"billing_code_modifier":[""],"providers":[{"billed_charge":25.00,"npi":[1922615756,1952592743,1972763621]}]}]},{"tin":{"type":"ein","value":"472462178"},"service_code":["81"],"billing_class":"professional","payments":[{"allowed_amount":25.00,"billing_code_modifier":[""],"providers":[{"billed_charge":50.00,"npi":[1144731605,1508484569,1639311509]}]}]},{"tin":{"type":"ein","value":"824433119"},"service_code":["81"],"billing_class":"professional","payments":[{"allowed_amount":25.00,"billing_code_modifier":[""],"providers":[{"billed_charge":50.00,"npi":[1598260986,1841361334]}]}]},{"tin":{"type":"ein","value":"845176341"},"service_code":["81"],"billing_class":"professional","payments":[{"allowed_amount":25.00,"billing_code_modifier":[""],"providers":[{"billed_charge":25.00,"npi":[1083237374]}]}]},{"tin":{"type":"ein","value":"852364612"},"service_code":["81"],"billing_class":"professional","payments":[{"allowed_amount":25.00,"billing_code_modifier":[""],"providers":[{"billed_charge":75.00,"npi":[1740685387,1790386746]}]}]},{"tin":{"type":"ein","value":"861826385"},"service_code":["81"],"billing_class":"professional","payments":[{"allowed_amount":25.00,"billing_code_modifier":[""],"providers":[{"billed_charge":100.00,"npi":[1346914843]}]}]}]},{"name":"PSYCHIATRIC\/PSYCHOLOGICAL TRT: INTENSIVE OUTPATIEN","billing_code_type":"RC","billing_code_type_version":"UB04","billing_code":"0905","description":"PSYCHIATRIC\/PSYCHOLOGICAL TRT: INTENSIVE OUTPATIEN","allowed_amounts":[{"tin":{"type":"ein","value":"830599870"},"service_code":["99"],"billing_class":"institutional","payments":[{"allowed_amount":0.00,"billing_code_modifier":[""],"providers":[{"billed_charge":1000.00,"npi":[1154815033,1962611947]}]}]},{"tin":{"type":"ein","value":"830599870"},"service_code":["99"],"billing_class":"institutional","payments":[{"allowed_amount":362.00,"billing_code_modifier":[""],"providers":[{"billed_charge":1000.00,"npi":[1154815033,1962611947]}]}]},{"tin":{"type":"ein","value":"830599870"},"service_code":["99"],"billing_class":"institutional","payments":[{"allowed_amount":620.00,"billing_code_modifier":[""],"providers":[{"billed_charge":1000.00,"npi":[1154815033,1962611947]}]}]}]},{"name":"PSYCHOTHERAPY W\/PATIENT 45 MINUTES","billing_code_type":"CPT","billing_code_type_version":"2020","billing_code":"90834","description":"PSYCHOTHERAPY W\/PATIENT 45 MINUTES","allowed_amounts":[{"tin":{"type":"ein","value":"452572636"},"service_code":["11"],"billing_class":"professional","payments":[{"allowed_amount":110.00,"billing_code_modifier":[""],"providers":[{"billed_charge":110.00,"npi":[1598291148,1952849622]}]}]},{"tin":{"type":"ein","value":"548333773"},"service_code":["11"],"billing_class":"professional","payments":[{"allowed_amount":140.00,"billing_code_modifier":[""],"providers":[{"billed_charge":140.00,"npi":[1386018026]}]}]},{"tin":{"type":"ein","value":"550359562"},"service_code":["02"],"billing_class":"professional","payments":[{"allowed_amount":110.00,"billing_code_modifier":[""],"providers":[{"billed_charge":110.00,"npi":[1528294360]}]}]},{"tin":{"type":"ein","value":"815287159"},"service_code":["11"],"billing_class":"professional","payments":[{"allowed_amount":140.00,"billing_code_modifier":[""],"providers":[{"billed_charge":140.00,"npi":[1336304013,1780088047]}]}]}]},{"name":"PSYCHOTHERAPY W\/PATIENT 60 MINUTES","billing_code_type":"CPT","billing_code_type_version":"2020","billing_code":"90837","description":"PSYCHOTHERAPY W\/PATIENT 60 MINUTES","allowed_amounts":[{"tin":{"type":"ein","value":"050521872"},"service_code":["02"],"billing_class":"professional","payments":[{"allowed_amount":150.00,"billing_code_modifier":[""],"providers":[{"billed_charge":150.00,"npi":[1992856363]}]}]},{"tin":{"type":"ein","value":"087564934"},"service_code":["02","10"],"billing_class":"professional","payments":[{"allowed_amount":150.00,"billing_code_modifier":[""],"providers":[{"billed_charge":150.00,"npi":[1497891634]}]}]},{"tin":{"type":"ein","value":"228647902"},"service_code":["11"],"billing_class":"professional","payments":[{"allowed_amount":140.00,"billing_code_modifier":[""],"providers":[{"billed_charge":140.00,"npi":[1073051348]}]}]},{"tin":{"type":"ein","value":"275550457"},"service_code":["11"],"billing_class":"professional","payments":[{"allowed_amount":120.00,"billing_code_modifier":[""],"providers":[{"billed_charge":120.00,"npi":[1770645186]}]}]},{"tin":{"type":"ein","value":"330108448"},"service_code":["11"],"billing_class":"professional","payments":[{"allowed_amount":150.00,"billing_code_modifier":[""],"providers":[{"billed_charge":150.00,"npi":[1740424456]}]}]},{"tin":{"type":"ein","value":"371947960"},"service_code":["11"],"billing_class":"professional","payments":[{"allowed_amount":100.00,"billing_code_modifier":[""],"providers":[{"billed_charge":100.00,"npi":[1790849511]}]}]},{"tin":{"type":"ein","value":"452572636"},"service_code":["11"],"billing_class":"professional","payments":[{"allowed_amount":130.00,"billing_code_modifier":[""],"providers":[{"billed_charge":130.00,"npi":[1528381696,1598291148,1881731206,1952849622]}]}]},{"tin":{"type":"ein","value":"522233574"},"service_code":["11"],"billing_class":"professional","payments":[{"allowed_amount":150.00,"billing_code_modifier":[""],"providers":[{"billed_charge":150.00,"npi":[1558565556]}]}]},{"tin":{"type":"ein","value":"522401066"},"service_code":["11"],"billing_class":"professional","payments":[{"allowed_amount":130.00,"billing_code_modifier":[""],"providers":[{"billed_charge":130.00,"npi":[1205056694]}]}]},{"tin":{"type":"ein","value":"545436136"},"service_code":["11"],"billing_class":"professional","payments":[{"allowed_amount":132.00,"billing_code_modifier":[""],"providers":[{"billed_charge":132.00,"npi":[1154669927,1467124248]}]}]},{"tin":{"type":"ein","value":"546085962"},"service_code":["11"],"billing_class":"professional","payments":[{"allowed_amount":120.00,"billing_code_modifier":[""],"providers":[{"billed_charge":120.00,"npi":[1407996077]}]}]},{"tin":{"type":"ein","value":"546290720"},"service_code":["11"],"billing_class":"professional","payments":[{"allowed_amount":140.00,"billing_code_modifier":[""],"providers":[{"billed_charge":140.00,"npi":[1790924033]}]}]},{"tin":{"type":"ein","value":"546632884"},"service_code":["02"],"billing_class":"professional","payments":[{"allowed_amount":100.00,"billing_code_modifier":[""],"providers":[{"billed_charge":100.00,"npi":[1316337017]}]}]},{"tin":{"type":"ein","value":"551946993"},"service_code":["11"],"billing_class":"professional","payments":[{"allowed_amount":130.00,"billing_code_modifier":[""],"providers":[{"billed_charge":130.00,"npi":[1760604367]}]}]},{"tin":{"type":"ein","value":"552110619"},"service_code":["11"],"billing_class":"professional","payments":[{"allowed_amount":140.00,"billing_code_modifier":[""],"providers":[{"billed_charge":140.00,"npi":[1518029800]}]}]},{"tin":{"type":"ein","value":"553878400"},"service_code":["11"],"billing_class":"professional","payments":[{"allowed_amount":140.00,"billing_code_modifier":[""],"providers":[{"billed_charge":140.00,"npi":[1417225616]}]}]},{"tin":{"type":"ein","value":"554453945"},"service_code":["11"],"billing_class":"professional","payments":[{"allowed_amount":140.00,"billing_code_modifier":[""],"providers":[{"billed_charge":140.00,"npi":[1497779524]}]}]},{"tin":{"type":"ein","value":"555783423"},"service_code":["11"],"billing_class":"professional","payments":[{"allowed_amount":120.00,"billing_code_modifier":[""],"providers":[{"billed_charge":120.00,"npi":[1548374630]}]}]},{"tin":{"type":"ein","value":"558864839"},"service_code":["02","11"],"billing_class":"professional","payments":[{"allowed_amount":115.00,"billing_code_modifier":[""],"providers":[{"billed_charge":115.00,"npi":[1942352133]}]}]},{"tin":{"type":"ein","value":"560779755"},"service_code":["02"],"billing_class":"professional","payments":[{"allowed_amount":100.00,"billing_code_modifier":[""],"providers":[{"billed_charge":100.00,"npi":[1437489820]}]}]},{"tin":{"type":"ein","value":"564768177"},"service_code":["11"],"billing_class":"professional","payments":[{"allowed_amount":125.00,"billing_code_modifier":[""],"providers":[{"billed_charge":125.00,"npi":[1396811840]}]}]},{"tin":{"type":"ein","value":"568233959"},"service_code":["11"],"billing_class":"professional","payments":[{"allowed_amount":130.00,"billing_code_modifier":[""],"providers":[{"billed_charge":130.00,"npi":[1568675973]}]}]},{"tin":{"type":"ein","value":"602071672"},"service_code":["02"],"billing_class":"professional","payments":[{"allowed_amount":125.00,"billing_code_modifier":[""],"providers":[{"billed_charge":125.00,"npi":[1700330222]}]}]},{"tin":{"type":"ein","value":"611843778"},"service_code":["10"],"billing_class":"professional","payments":[{"allowed_amount":100.00,"billing_code_modifier":[""],"providers":[{"billed_charge":100.00,"npi":[1437704376,1952837247]}]}]},{"tin":{"type":"ein","value":"612648730"},"service_code":["02"],"billing_class":"professional","payments":[{"allowed_amount":120.00,"billing_code_modifier":[""],"providers":[{"billed_charge":120.00,"npi":[1255705638]}]}]},{"tin":{"type":"ein","value":"625626359"},"service_code":["02"],"billing_class":"professional","payments":[{"allowed_amount":125.00,"billing_code_modifier":[""],"providers":[{"billed_charge":125.00,"npi":[1083013841]}]}]},{"tin":{"type":"ein","value":"815287159"},"service_code":["02","11"],"billing_class":"professional","payments":[{"allowed_amount":140.00,"billing_code_modifier":[""],"providers":[{"billed_charge":140.00,"npi":[1144419482,1336304013,1780088047,1790924033,1932402732]}]}]},{"tin":{"type":"ein","value":"815287159"},"service_code":["11"],"billing_class":"professional","payments":[{"allowed_amount":100.00,"billing_code_modifier":[""],"providers":[{"billed_charge":100.00,"npi":[1053925800,1144419482,1780088047]}]}]},{"tin":{"type":"ein","value":"815379241"},"service_code":["02"],"billing_class":"professional","payments":[{"allowed_amount":140.00,"billing_code_modifier":[""],"providers":[{"billed_charge":140.00,"npi":[1760808323]}]}]},{"tin":{"type":"ein","value":"821302962"},"service_code":["02"],"billing_class":"professional","payments":[{"allowed_amount":150.00,"billing_code_modifier":[""],"providers":[{"billed_charge":150.00,"npi":[1275863193]}]}]},{"tin":{"type":"ein","value":"824485935"},"service_code":["11"],"billing_class":"professional","payments":[{"allowed_amount":125.00,"billing_code_modifier":[""],"providers":[{"billed_charge":125.00,"npi":[1528384369]}]}]},{"tin":{"type":"ein","value":"825481200"},"service_code":["02","11"],"billing_class":"professional","payments":[{"allowed_amount":150.00,"billing_code_modifier":[""],"providers":[{"billed_charge":150.00,"npi":[1053925057,1275980609,1316307747,1700986908,1861154189]}]}]},{"tin":{"type":"ein","value":"831089169"},"service_code":["02"],"billing_class":"professional","payments":[{"allowed_amount":120.00,"billing_code_modifier":[""],"providers":[{"billed_charge":120.00,"npi":[1639445059]}]}]},{"tin":{"type":"ein","value":"833166523"},"service_code":["02","11"],"billing_class":"professional","payments":[{"allowed_amount":140.00,"billing_code_modifier":[""],"providers":[{"billed_charge":140.00,"npi":[1033411020,1144419482,1336304013,1699139865]}]}]},{"tin":{"type":"ein","value":"833166523"},"service_code":["02","11"],"billing_class":"professional","payments":[{"allowed_amount":150.00,"billing_code_modifier":[""],"providers":[{"billed_charge":150.00,"npi":[1033411020]}]}]},{"tin":{"type":"ein","value":"833166523"},"service_code":["11"],"billing_class":"professional","payments":[{"allowed_amount":125.00,"billing_code_modifier":[""],"providers":[{"billed_charge":125.00,"npi":[1033411020]}]}]},{"tin":{"type":"ein","value":"833166523"},"service_code":["11"],"billing_class":"professional","payments":[{"allowed_amount":145.00,"billing_code_modifier":[""],"providers":[{"billed_charge":145.00,"npi":[1033411020,1639625221]}]}]},{"tin":{"type":"ein","value":"841994517"},"service_code":["02","11"],"billing_class":"professional","payments":[{"allowed_amount":175.00,"billing_code_modifier":[""],"providers":[{"billed_charge":175.00,"npi":[1023676079]}]}]},{"tin":{"type":"ein","value":"842260557"},"service_code":["11"],"billing_class":"professional","payments":[{"allowed_amount":130.00,"billing_code_modifier":[""],"providers":[{"billed_charge":130.00,"npi":[1639443955]}]}]},{"tin":{"type":"ein","value":"842260557"},"service_code":["11"],"billing_class":"professional","payments":[{"allowed_amount":140.00,"billing_code_modifier":[""],"providers":[{"billed_charge":140.00,"npi":[1639443955]}]}]},{"tin":{"type":"ein","value":"843169848"},"service_code":["11"],"billing_class":"professional","payments":[{"allowed_amount":120.00,"billing_code_modifier":[""],"providers":[{"billed_charge":120.00,"npi":[1063579613]}]}]},{"tin":{"type":"ein","value":"843797873"},"service_code":["11"],"billing_class":"professional","payments":[{"allowed_amount":100.00,"billing_code_modifier":[""],"providers":[{"billed_charge":100.00,"npi":[1285172296]}]}]},{"tin":{"type":"ein","value":"843864602"},"service_code":["11"],"billing_class":"professional","payments":[{"allowed_amount":175.00,"billing_code_modifier":[""],"providers":[{"billed_charge":175.00,"npi":[1437624921,1861535981]}]}]},{"tin":{"type":"ein","value":"851246373"},"service_code":["11"],"billing_class":"professional","payments":[{"allowed_amount":100.00,"billing_code_modifier":[""],"providers":[{"billed_charge":100.00,"npi":[1487926275]}]}]},{"tin":{"type":"ein","value":"851246373"},"service_code":["11"],"billing_class":"professional","payments":[{"allowed_amount":125.00,"billing_code_modifier":[""],"providers":[{"billed_charge":125.00,"npi":[1487926275]}]}]},{"tin":{"type":"ein","value":"851599285"},"service_code":["11"],"billing_class":"professional","payments":[{"allowed_amount":130.00,"billing_code_modifier":[""],"providers":[{"billed_charge":130.00,"npi":[1023544681]}]}]},{"tin":{"type":"ein","value":"851662894"},"service_code":["11","99"],"billing_class":"professional","payments":[{"allowed_amount":130.00,"billing_code_modifier":[""],"providers":[{"billed_charge":130.00,"npi":[1053796722]}]}]},{"tin":{"type":"ein","value":"851938916"},"service_code":["11"],"billing_class":"professional","payments":[{"allowed_amount":130.00,"billing_code_modifier":[""],"providers":[{"billed_charge":130.00,"npi":[1972013100]}]}]},{"tin":{"type":"ein","value":"861712117"},"service_code":["11"],"billing_class":"professional","payments":[{"allowed_amount":140.00,"billing_code_modifier":[""],"providers":[{"billed_charge":140.00,"npi":[1124493861]}]}]},{"tin":{"type":"ein","value":"862169249"},"service_code":["02"],"billing_class":"professional","payments":[{"allowed_amount":120.00,"billing_code_modifier":[""],"providers":[{"billed_charge":120.00,"npi":[1306957576]}]}]},{"tin":{"type":"ein","value":"871026403"},"service_code":["10"],"billing_class":"professional","payments":[{"allowed_amount":150.00,"billing_code_modifier":[""],"providers":[{"billed_charge":150.00,"npi":[1497891634,1669049581]}]}]},{"tin":{"type":"ein","value":"872751585"},"service_code":["02"],"billing_class":"professional","payments":[{"allowed_amount":125.00,"billing_code_modifier":[""],"providers":[{"billed_charge":125.00,"npi":[1700330222]}]}]},{"tin":{"type":"ein","value":"873725345"},"service_code":["11"],"billing_class":"professional","payments":[{"allowed_amount":125.00,"billing_code_modifier":[""],"providers":[{"billed_charge":125.00,"npi":[1205389095]}]}]},{"tin":{"type":"ein","value":"999999999"},"service_code":["11"],"billing_class":"professional","payments":[{"allowed_amount":120.00,"billing_code_modifier":[""],"providers":[{"billed_charge":120.00,"npi":[1427371681]}]}]}]},{"name":"SARS-COV-2 COVID-19 AMP PRB HTT","billing_code_type":"HCPCS","billing_code_type_version":"HCPCS LEVEL II 2021","billing_code":"U0003","description":"SARS-COV-2 COVID-19 AMP PRB HTT","allowed_amounts":[{"tin":{"type":"ein","value":"453263292"},"service_code":["81"],"billing_class":"professional","payments":[{"allowed_amount":75.00,"billing_code_modifier":[""],"providers":[{"billed_charge":142.50,"npi":[1922615756,1952592743,1972763621]}]}]},{"tin":{"type":"ein","value":"743204993"},"service_code":["81"],"billing_class":"professional","payments":[{"allowed_amount":55.00,"billing_code_modifier":[""],"providers":[{"billed_charge":55.00,"npi":[1689281784,1972697324]}]}]},{"tin":{"type":"ein","value":"824433119"},"service_code":["81"],"billing_class":"professional","payments":[{"allowed_amount":75.00,"billing_code_modifier":[""],"providers":[{"billed_charge":200.00,"npi":[1598260986,1841361334]}]}]},{"tin":{"type":"ein","value":"845176341"},"service_code":["81"],"billing_class":"professional","payments":[{"allowed_amount":75.00,"billing_code_modifier":[""],"providers":[{"billed_charge":200.00,"npi":[1083237374]}]}]},{"tin":{"type":"ein","value":"852364612"},"service_code":["81"],"billing_class":"professional","payments":[{"allowed_amount":75.00,"billing_code_modifier":[""],"providers":[{"billed_charge":225.00,"npi":[1740685387,1790386746]}]}]},{"tin":{"type":"ein","value":"861826385"},"service_code":["81"],"billing_class":"professional","payments":[{"allowed_amount":75.00,"billing_code_modifier":[""],"providers":[{"billed_charge":300.00,"npi":[1346914843]}]}]},{"tin":{"type":"ein","value":"880241758"},"service_code":["81"],"billing_class":"professional","payments":[{"allowed_amount":75.00,"billing_code_modifier":[""],"providers":[{"billed_charge":100.00,"npi":[1114014263,1124417357,1639279417]}]}]}]},{"name":"SBSQ HOSPITAL CARE\/DAY 35 MINUTES","billing_code_type":"CPT","billing_code_type_version":"2020","billing_code":"99233","description":"SBSQ HOSPITAL CARE\/DAY 35 MINUTES","allowed_amounts":[{"tin":{"type":"ein","value":"811903406"},"service_code":["51"],"billing_class":"professional","payments":[{"allowed_amount":320.00,"billing_code_modifier":[""],"providers":[{"billed_charge":390.00,"npi":[1326464462,1386154342,1922378215]}]}]}]},{"name":"SPECIMEN COLLECT COVID-19","billing_code_type":"HCPCS","billing_code_type_version":"HCPCS LEVEL II 2021","billing_code":"G2023","description":"SPECIMEN COLLECT COVID-19","allowed_amounts":[{"tin":{"type":"ein","value":"453263292"},"service_code":["81"],"billing_class":"professional","payments":[{"allowed_amount":0.00,"billing_code_modifier":[""],"providers":[{"billed_charge":25.00,"npi":[1922615756,1952592743,1972763621]}]}]},{"tin":{"type":"ein","value":"824433119"},"service_code":["81"],"billing_class":"professional","payments":[{"allowed_amount":0.00,"billing_code_modifier":[""],"providers":[{"billed_charge":50.00,"npi":[1598260986,1841361334]}]}]},{"tin":{"type":"ein","value":"845176341"},"service_code":["81"],"billing_class":"professional","payments":[{"allowed_amount":0.00,"billing_code_modifier":[""],"providers":[{"billed_charge":46.92,"npi":[1083237374]}]}]},{"tin":{"type":"ein","value":"852364612"},"service_code":["81"],"billing_class":"professional","payments":[{"allowed_amount":0.00,"billing_code_modifier":[""],"providers":[{"billed_charge":70.00,"npi":[1740685387,1790386746]}]}]},{"tin":{"type":"ein","value":"990370089"},"service_code":["81"],"billing_class":"professional","payments":[{"allowed_amount":0.00,"billing_code_modifier":[""],"providers":[{"billed_charge":46.92,"npi":[1124233184,1265897078,1750798682]}]}]}]}]}
