{"reporting_entity_name": "IEC Group_DBA AmeriBen",
	"reporting_entity_type": "Third Party Administrator",
	"plan_name": "ARIZONA METROPOLITAN TRUST",
	"plan_id_type": "ein",
	"plan_id": "306316739",
	"plan_market_type": "group",
	"last_updated_on": "2025-06-02","Version": "1.0.0","out_of_network":[{"name":"APPL MODALITY 1\/> AREAS TRACTION MECHANICAL","billing_code_type":"CPT","billing_code_type_version":"2020","billing_code":"97012","description":"APPL MODALITY 1\/> AREAS TRACTION MECHANICAL","allowed_amounts":[{"tin":{"type":"ein","value":"861040114"},"service_code":["11"],"billing_class":"professional","payments":[{"allowed_amount":28.00,"billing_code_modifier":[""],"providers":[{"billed_charge":35.00,"npi":[1194844522]}]}]},{"tin":{"type":"ein","value":"923343571"},"service_code":["11"],"billing_class":"professional","payments":[{"allowed_amount":28.00,"billing_code_modifier":[""],"providers":[{"billed_charge":45.00,"npi":[1346937026,1588365480]}]}]}]},{"name":"CHIROPRACTIC MANIPULATIVE TX SPINAL 3-4 REGIONS","billing_code_type":"CPT","billing_code_type_version":"2020","billing_code":"98941","description":"CHIROPRACTIC MANIPULATIVE TX SPINAL 3-4 REGIONS","allowed_amounts":[{"tin":{"type":"ein","value":"861040114"},"service_code":["11"],"billing_class":"professional","payments":[{"allowed_amount":66.00,"billing_code_modifier":[""],"providers":[{"billed_charge":66.00,"npi":[1194844522]}]}]}]},{"name":"EMERGENCY DEPARTMENT VISIT MODERATE MDM","billing_code_type":"CPT","billing_code_type_version":"2020","billing_code":"99284","description":"EMERGENCY DEPARTMENT VISIT MODERATE MDM","allowed_amounts":[{"tin":{"type":"ein","value":"201291415"},"service_code":["23"],"billing_class":"professional","payments":[{"allowed_amount":181.68,"billing_code_modifier":[""],"providers":[{"billed_charge":365.00,"npi":[1437134681,1760480503]}]}]},{"tin":{"type":"ein","value":"205048404"},"service_code":["23"],"billing_class":"professional","payments":[{"allowed_amount":181.68,"billing_code_modifier":[""],"providers":[{"billed_charge":1227.00,"npi":[1104306026,1376573378,1528169125]}]}]},{"tin":{"type":"ein","value":"464102898"},"service_code":["23"],"billing_class":"professional","payments":[{"allowed_amount":181.68,"billing_code_modifier":[""],"providers":[{"billed_charge":1172.00,"npi":[1518398585,1528169125,1881143410]}]}]},{"tin":{"type":"ein","value":"814399995"},"service_code":["23"],"billing_class":"professional","payments":[{"allowed_amount":181.68,"billing_code_modifier":[""],"providers":[{"billed_charge":895.00,"npi":[1427085141,1538126545,1588065502]}]}]},{"tin":{"type":"ein","value":"850651672"},"service_code":["23"],"billing_class":"professional","payments":[{"allowed_amount":181.68,"billing_code_modifier":[""],"providers":[{"billed_charge":1429.77,"npi":[1043830623,1386696656,1497872402,1578548434]}]}]},{"tin":{"type":"ein","value":"860415065"},"service_code":["23"],"billing_class":"professional","payments":[{"allowed_amount":181.68,"billing_code_modifier":[""],"providers":[{"billed_charge":1227.00,"npi":[1083032361,1205273406,1316524010,1336344308,1932543428]}]}]},{"tin":{"type":"ein","value":"860593131"},"service_code":["23"],"billing_class":"professional","payments":[{"allowed_amount":181.68,"billing_code_modifier":[""],"providers":[{"billed_charge":1223.00,"npi":[1679967855]}]}]}]},{"name":"THER PX 1\/> AREAS EACH 15 MIN NEUROMUSC REEDUCA","billing_code_type":"CPT","billing_code_type_version":"2020","billing_code":"97112","description":"THER PX 1\/> AREAS EACH 15 MIN NEUROMUSC REEDUCA","allowed_amounts":[{"tin":{"type":"ein","value":"861040114"},"service_code":["11"],"billing_class":"professional","payments":[{"allowed_amount":35.00,"billing_code_modifier":[""],"providers":[{"billed_charge":35.00,"npi":[1194844522]}]}]}]},{"name":"THERAPEUT ACTVITY DIRECT PT CONTACT EACH 15 MIN","billing_code_type":"CPT","billing_code_type_version":"2020","billing_code":"97530","description":"THERAPEUT ACTVITY DIRECT PT CONTACT EACH 15 MIN","allowed_amounts":[{"tin":{"type":"ein","value":"861040114"},"service_code":["11"],"billing_class":"professional","payments":[{"allowed_amount":35.00,"billing_code_modifier":[""],"providers":[{"billed_charge":35.00,"npi":[1194844522]}]}]}]},{"name":"THERAPEUTIC PX 1\/> AREAS EACH 15 MIN EXERCISES","billing_code_type":"CPT","billing_code_type_version":"2020","billing_code":"97110","description":"THERAPEUTIC PX 1\/> AREAS EACH 15 MIN EXERCISES","allowed_amounts":[{"tin":{"type":"ein","value":"861040114"},"service_code":["11"],"billing_class":"professional","payments":[{"allowed_amount":35.00,"billing_code_modifier":[""],"providers":[{"billed_charge":35.00,"npi":[1194844522]}]}]}]}]}
