{"reporting_entity_name": "IEC Group_DBA AmeriBen",
	"reporting_entity_type": "Third Party Administrator",
	"plan_name": "CITY OF HANNIBAL/PUBLIC WORKS",
	"plan_id_type": "ein",
	"plan_id": "436001552",
	"plan_market_type": "group",
	"last_updated_on": "2023-09-01","Version": "1.0.0","out_of_network":[{"name":"PHYSICAL THERAPY","billing_code_type":"RC","billing_code_type_version":"UB04","billing_code":"0420","description":"PHYSICAL THERAPY","allowed_amounts":[{"tin":{"type":"ein","value":"470376487"},"service_code":["22"],"billing_class":"institutional","payments":[{"allowed_amount":77.87,"billing_code_modifier":[""],"providers":[{"billed_charge":77.87,"npi":[1235171463,1568716975,1629016845]}]}]},{"tin":{"type":"ein","value":"470376487"},"service_code":["22"],"billing_class":"institutional","payments":[{"allowed_amount":86.58,"billing_code_modifier":[""],"providers":[{"billed_charge":86.58,"npi":[1235171463,1568716975,1629016845]}]}]}]}]}
