{"reporting_entity_name": "IEC Group_DBA AmeriBen",
	"reporting_entity_type": "Third Party Administrator",
	"plan_name": "BORDERLAND CONSTRUCTION",
	"plan_id_type": "ein",
	"plan_id": "860323497",
	"plan_market_type": "group",
	"last_updated_on": "2023-12-01","Version": "1.0.0","out_of_network":[{"name":"DOPPLER VELOCIMETRY FETAL MIDDLE CEREBRAL ART","billing_code_type":"CPT","billing_code_type_version":"2020","billing_code":"76821","description":"DOPPLER VELOCIMETRY FETAL MIDDLE CEREBRAL ART","allowed_amounts":[{"tin":{"type":"ein","value":"261120011"},"service_code":["11"],"billing_class":"professional","payments":[{"allowed_amount":194.26,"billing_code_modifier":[""],"providers":[{"billed_charge":468.00,"npi":[1417026188,1457500787,1740356393,1811008253,1992994214]}]}]}]},{"name":"DOPPLER VELOCIMETRY FETAL UMBILICAL ARTERY","billing_code_type":"CPT","billing_code_type_version":"2020","billing_code":"76820","description":"DOPPLER VELOCIMETRY FETAL UMBILICAL ARTERY","allowed_amounts":[{"tin":{"type":"ein","value":"261120011"},"service_code":["11"],"billing_class":"professional","payments":[{"allowed_amount":99.40,"billing_code_modifier":[""],"providers":[{"billed_charge":242.00,"npi":[1417026188,1457500787,1740356393,1811008253,1992994214]}]}]}]},{"name":"FETAL BIOPHYSICAL PROFILE NON-STRESS TESTING","billing_code_type":"CPT","billing_code_type_version":"2020","billing_code":"76818","description":"FETAL BIOPHYSICAL PROFILE NON-STRESS TESTING","allowed_amounts":[{"tin":{"type":"ein","value":"261120011"},"service_code":["11"],"billing_class":"professional","payments":[{"allowed_amount":251.10,"billing_code_modifier":[""],"providers":[{"billed_charge":618.00,"npi":[1417026188,1457500787,1740356393,1811008253,1992994214]}]}]}]},{"name":"FETAL NONSTRESS TEST","billing_code_type":"CPT","billing_code_type_version":"2020","billing_code":"59025","description":"FETAL NONSTRESS TEST","allowed_amounts":[{"tin":{"type":"ein","value":"261120011"},"service_code":["11"],"billing_class":"professional","payments":[{"allowed_amount":51.96,"billing_code_modifier":[""],"providers":[{"billed_charge":121.00,"npi":[1417026188,1740356393,1811008253,1992994214]}]}]}]}]}
