{"reporting_entity_name": "IEC Group_DBA AmeriBen",
	"reporting_entity_type": "Third Party Administrator",
	"plan_name": "RINNAI AMERICA CORPORATION",
	"plan_id_type": "ein",
	"plan_id": "952915596",
	"plan_market_type": "group",
	"last_updated_on": "2023-11-01","Version": "1.0.0","out_of_network":[{"name":"COLLECTION VENOUS BLOOD VENIPUNCTURE","billing_code_type":"CPT","billing_code_type_version":"2020","billing_code":"36415","description":"COLLECTION VENOUS BLOOD VENIPUNCTURE","allowed_amounts":[{"tin":{"type":"ein","value":"382084239"},"service_code":["81"],"billing_class":"professional","payments":[{"allowed_amount":1.02,"billing_code_modifier":[""],"providers":[{"billed_charge":6.50,"npi":[1073676813,1467511709,1932166386]},{"billed_charge":21.37,"npi":[1154400547,1174556542,1215321971,1235225822,1386650828,1639191828,1740258896,1871059097,1922249267,1932166386,1942301759]}]},{"allowed_amount":1.02,"billing_code_modifier":[""],"providers":[{"billed_charge":6.50,"npi":[1073676813,1467511709,1932166386]},{"billed_charge":21.37,"npi":[1154400547,1174556542,1215321971,1235225822,1386650828,1639191828,1740258896,1871059097,1922249267,1932166386,1942301759]}]}]},{"tin":{"type":"ein","value":"382084239"},"service_code":["81"],"billing_class":"professional","payments":[{"allowed_amount":1.02,"billing_code_modifier":[""],"providers":[{"billed_charge":6.50,"npi":[1073676813,1467511709,1932166386]},{"billed_charge":21.37,"npi":[1154400547,1174556542,1215321971,1235225822,1386650828,1639191828,1740258896,1871059097,1922249267,1932166386,1942301759]}]},{"allowed_amount":1.02,"billing_code_modifier":[""],"providers":[{"billed_charge":6.50,"npi":[1073676813,1467511709,1932166386]},{"billed_charge":21.37,"npi":[1154400547,1174556542,1215321971,1235225822,1386650828,1639191828,1740258896,1871059097,1922249267,1932166386,1942301759]}]}]},{"tin":{"type":"ein","value":"751093698"},"service_code":["81"],"billing_class":"professional","payments":[{"allowed_amount":1.02,"billing_code_modifier":[""],"providers":[{"billed_charge":12.00,"npi":[1104892256,1497835094,1699855288,1962481820]}]}]}]},{"name":"CYTP C\/V AUTO THIN LYR PREPJ SCR MNL RESCR PHYS","billing_code_type":"CPT","billing_code_type_version":"2020","billing_code":"88175","description":"CYTP C\/V AUTO THIN LYR PREPJ SCR MNL RESCR PHYS","allowed_amounts":[{"tin":{"type":"ein","value":"382084239"},"service_code":["81"],"billing_class":"professional","payments":[{"allowed_amount":12.76,"billing_code_modifier":[""],"providers":[{"billed_charge":116.70,"npi":[1366029381,1932166386]}]}]},{"tin":{"type":"ein","value":"751093698"},"service_code":["81"],"billing_class":"professional","payments":[{"allowed_amount":12.76,"billing_code_modifier":[""],"providers":[{"billed_charge":85.00,"npi":[1073693669,1487734075,1497835094,1649468844,1699855288,1962481820]}]}]}]},{"name":"IADNA HUMAN PAPILLOMAVIRUS HIGH-RISK TYPES","billing_code_type":"CPT","billing_code_type_version":"2020","billing_code":"87624","description":"IADNA HUMAN PAPILLOMAVIRUS HIGH-RISK TYPES","allowed_amounts":[{"tin":{"type":"ein","value":"382084239"},"service_code":["81"],"billing_class":"professional","payments":[{"allowed_amount":16.24,"billing_code_modifier":[""],"providers":[{"billed_charge":130.87,"npi":[1366029381,1932166386]}]}]},{"tin":{"type":"ein","value":"751093698"},"service_code":["81"],"billing_class":"professional","payments":[{"allowed_amount":16.24,"billing_code_modifier":[""],"providers":[{"billed_charge":150.00,"npi":[1073693669,1487734075,1497835094,1649468844,1699855288,1962481820]}]}]}]}]}
