{"reporting_entity_name": "IEC Group_DBA AmeriBen",
	"reporting_entity_type": "Third Party Administrator",
	"plan_name": "RINNAI AMERICA CORPORATION",
	"plan_id_type": "ein",
	"plan_id": "952915596",
	"plan_market_type": "group",
	"last_updated_on": "2023-12-01","Version": "1.0.0","out_of_network":[{"name":"COLLECTION VENOUS BLOOD VENIPUNCTURE","billing_code_type":"CPT","billing_code_type_version":"2020","billing_code":"36415","description":"COLLECTION VENOUS BLOOD VENIPUNCTURE","allowed_amounts":[{"tin":{"type":"ein","value":"382084239"},"service_code":["81"],"billing_class":"professional","payments":[{"allowed_amount":1.02,"billing_code_modifier":[""],"providers":[{"billed_charge":6.50,"npi":[1073676813,1932166386]},{"billed_charge":21.37,"npi":[1154400547,1215321971,1225321599,1346547569,1386650828,1437684412,1457776189,1619922960,1639191828,1639292931,1659558823,1730250077,1770641953,1841291895,1871059097,1932166386,1942301759]}]},{"allowed_amount":1.02,"billing_code_modifier":[""],"providers":[{"billed_charge":6.50,"npi":[1073676813,1932166386]},{"billed_charge":21.37,"npi":[1154400547,1215321971,1225321599,1346547569,1386650828,1437684412,1457776189,1619922960,1639191828,1639292931,1659558823,1730250077,1770641953,1841291895,1871059097,1932166386,1942301759]}]}]},{"tin":{"type":"ein","value":"382084239"},"service_code":["81"],"billing_class":"professional","payments":[{"allowed_amount":1.02,"billing_code_modifier":[""],"providers":[{"billed_charge":6.50,"npi":[1073676813,1932166386]},{"billed_charge":21.37,"npi":[1154400547,1215321971,1225321599,1346547569,1386650828,1437684412,1457776189,1619922960,1639191828,1639292931,1659558823,1730250077,1770641953,1841291895,1871059097,1932166386,1942301759]}]},{"allowed_amount":1.02,"billing_code_modifier":[""],"providers":[{"billed_charge":6.50,"npi":[1073676813,1932166386]},{"billed_charge":21.37,"npi":[1154400547,1215321971,1225321599,1346547569,1386650828,1437684412,1457776189,1619922960,1639191828,1639292931,1659558823,1730250077,1770641953,1841291895,1871059097,1932166386,1942301759]}]}]},{"tin":{"type":"ein","value":"751093698"},"service_code":["81"],"billing_class":"professional","payments":[{"allowed_amount":1.02,"billing_code_modifier":[""],"providers":[{"billed_charge":12.00,"npi":[1073693669,1487734075,1497835094,1699855288,1962481820]}]}]}]},{"name":"DRUGS REQUIRE SPECIFIC ID: DRUGS REQUIRING DETAIL","billing_code_type":"RC","billing_code_type_version":"UB04","billing_code":"0636","description":"DRUGS REQUIRE SPECIFIC ID: DRUGS REQUIRING DETAIL","allowed_amounts":[{"tin":{"type":"ein","value":"953372911"},"service_code":["65"],"billing_class":"institutional","payments":[{"allowed_amount":22.27,"billing_code_modifier":[""],"providers":[{"billed_charge":388.40,"npi":[1376786871,1386737112]}]}]}]},{"name":"HEMO OPD\/HOME: HEMODIALYSIS COMP OR OTHER RATE","billing_code_type":"RC","billing_code_type_version":"UB04","billing_code":"0821","description":"HEMO OPD\/HOME: HEMODIALYSIS COMP OR OTHER RATE","allowed_amounts":[{"tin":{"type":"ein","value":"953372911"},"service_code":["65"],"billing_class":"institutional","payments":[{"allowed_amount":314.58,"billing_code_modifier":[""],"providers":[{"billed_charge":5487.00,"npi":[1376786871,1386737112]}]}]}]},{"name":"MEDICAL\/SURGICAL SUPPLIES","billing_code_type":"RC","billing_code_type_version":"UB04","billing_code":"0270","description":"MEDICAL\/SURGICAL SUPPLIES","allowed_amounts":[{"tin":{"type":"ein","value":"953372911"},"service_code":["65"],"billing_class":"institutional","payments":[{"allowed_amount":7.42,"billing_code_modifier":[""],"providers":[{"billed_charge":129.55,"npi":[1376786871,1386737112]}]}]}]},{"name":"PSYCHOTHERAPY W\/PATIENT 60 MINUTES","billing_code_type":"CPT","billing_code_type_version":"2020","billing_code":"90837","description":"PSYCHOTHERAPY W\/PATIENT 60 MINUTES","allowed_amounts":[{"tin":{"type":"ein","value":"271620688"},"service_code":["10"],"billing_class":"professional","payments":[{"allowed_amount":220.61,"billing_code_modifier":[""],"providers":[{"billed_charge":350.00,"npi":[1154967701,1972884153]}]}]}]}]}
