{"reporting_entity_name": "IEC Group_DBA AmeriBen",
	"reporting_entity_type": "Third Party Administrator",
	"plan_name": "AHLSTROM",
	"plan_id_type": "ein",
	"plan_id": "133509370",
	"plan_market_type": "group",
	"last_updated_on": "2025-03-01","Version": "1.0.0","out_of_network":[{"name":"EXTRACTION ERU TOOTH RQR REMV BONE &\/SECTN TOOTH","billing_code_type":"HCPCS","billing_code_type_version":"HCPCS LEVEL II 2021","billing_code":"D7210","description":"EXTRACTION ERU TOOTH RQR REMV BONE &\/SECTN TOOTH","allowed_amounts":[{"tin":{"type":"ein","value":"391193991"},"service_code":["11"],"billing_class":"professional","payments":[{"allowed_amount":107.11,"billing_code_modifier":[""],"providers":[{"billed_charge":419.00,"npi":[1043804552,1063722643,1083805501,1184019762,1215970520,1376548404,1861525289,1992895031]}]}]},{"tin":{"type":"ein","value":"391252499"},"service_code":["11"],"billing_class":"professional","payments":[{"allowed_amount":107.11,"billing_code_modifier":[""],"providers":[{"billed_charge":368.00,"npi":[1356355424,1427270776,1467533224]}]}]}]},{"name":"PSYCHIATRIC","billing_code_type":"RC","billing_code_type_version":"UB04","billing_code":"0114","description":"PSYCHIATRIC","allowed_amounts":[{"tin":{"type":"ein","value":"853525556"},"service_code":["21"],"billing_class":"institutional","payments":[{"allowed_amount":5100.00,"billing_code_modifier":[""],"providers":[{"billed_charge":8500.00,"npi":[1326790262,1841516119]}]}]}]},{"name":"RESIDENTIAL TREATMENT-CHEMICAL DEPENDENCY","billing_code_type":"RC","billing_code_type_version":"UB04","billing_code":"1002","description":"RESIDENTIAL TREATMENT-CHEMICAL DEPENDENCY","allowed_amounts":[{"tin":{"type":"ein","value":"823670689"},"service_code":["21"],"billing_class":"institutional","payments":[{"allowed_amount":1895.00,"billing_code_modifier":[""],"providers":[{"billed_charge":4495.00,"npi":[1033694864,1598032682]}]}]}]},{"name":"RESIDENTIAL TREATMENT-PSYCHIATRIC","billing_code_type":"RC","billing_code_type_version":"UB04","billing_code":"1001","description":"RESIDENTIAL TREATMENT-PSYCHIATRIC","allowed_amounts":[{"tin":{"type":"ein","value":"853525556"},"service_code":["21"],"billing_class":"institutional","payments":[{"allowed_amount":1652.00,"billing_code_modifier":[""],"providers":[{"billed_charge":4720.00,"npi":[1326790262]}]}]}]},{"name":"SBSQ HOSPITAL IP\/OBS CARE MOD MDM 35 MINUTES","billing_code_type":"CPT","billing_code_type_version":"2020","billing_code":"99232","description":"SBSQ HOSPITAL IP\/OBS CARE MOD MDM 35 MINUTES","allowed_amounts":[{"tin":{"type":"ein","value":"853525556"},"service_code":["51"],"billing_class":"professional","payments":[{"allowed_amount":60.71,"billing_code_modifier":[""],"providers":[{"billed_charge":376.30,"npi":[1326790262,1841516119]}]}]}]}]}
