{"reporting_entity_name": "IEC Group_DBA AmeriBen",
	"reporting_entity_type": "Third Party Administrator",
	"plan_name": "ANALEX CORP DBA ARCFIELD",
	"plan_id_type": "ein",
	"plan_id": "710869563",
	"plan_market_type": "group",
	"last_updated_on": "2023-02-01","Version": "1.0.0","out_of_network":[{"name":"MANUAL THERAPY TQS 1\/> REGIONS EACH 15 MINUTES","billing_code_type":"CPT","billing_code_type_version":"2020","billing_code":"97140","description":"MANUAL THERAPY TQS 1\/> REGIONS EACH 15 MINUTES","allowed_amounts":[{"tin":{"type":"ein","value":"842552011"},"service_code":["11"],"billing_class":"professional","payments":[{"allowed_amount":67.46,"billing_code_modifier":[""],"providers":[{"billed_charge":102.00,"npi":[1013992999,1033174446,1356998660,1609409796]}]}]}]},{"name":"PSYCHIATRIC\/PSYCHOLOGICAL TRT: INTENSIVE OUTPATIEN","billing_code_type":"RC","billing_code_type_version":"UB04","billing_code":"0905","description":"PSYCHIATRIC\/PSYCHOLOGICAL TRT: INTENSIVE OUTPATIEN","allowed_amounts":[{"tin":{"type":"ein","value":"954628972"},"service_code":["22"],"billing_class":"institutional","payments":[{"allowed_amount":197.65,"billing_code_modifier":[""],"providers":[{"billed_charge":776.00,"npi":[1306890538,1548700016]}]}]}]},{"name":"THER PX 1\/> AREAS EACH 15 MIN NEUROMUSC REEDUCA","billing_code_type":"CPT","billing_code_type_version":"2020","billing_code":"97112","description":"THER PX 1\/> AREAS EACH 15 MIN NEUROMUSC REEDUCA","allowed_amounts":[{"tin":{"type":"ein","value":"842552011"},"service_code":["11"],"billing_class":"professional","payments":[{"allowed_amount":42.73,"billing_code_modifier":[""],"providers":[{"billed_charge":51.00,"npi":[1013992999,1033174446,1356998660,1609409796]}]}]}]},{"name":"THERAPEUT ACTVITY DIRECT PT CONTACT EACH 15 MIN","billing_code_type":"CPT","billing_code_type_version":"2020","billing_code":"97530","description":"THERAPEUT ACTVITY DIRECT PT CONTACT EACH 15 MIN","allowed_amounts":[{"tin":{"type":"ein","value":"862967507"},"service_code":["11"],"billing_class":"professional","payments":[{"allowed_amount":140.26,"billing_code_modifier":[""],"providers":[{"billed_charge":225.00,"npi":[1295051811,1568197101,1588243653,1891434874,1992450076]}]}]}]},{"name":"THERAPEUTIC PX 1\/> AREAS EACH 15 MIN EXERCISES","billing_code_type":"CPT","billing_code_type_version":"2020","billing_code":"97110","description":"THERAPEUTIC PX 1\/> AREAS EACH 15 MIN EXERCISES","allowed_amounts":[{"tin":{"type":"ein","value":"842552011"},"service_code":["11"],"billing_class":"professional","payments":[{"allowed_amount":36.73,"billing_code_modifier":[""],"providers":[{"billed_charge":51.00,"npi":[1013992999,1033174446,1356998660,1609409796]}]}]}]},{"name":"TX SPEECH LANG VOICE COMMJ &\/AUDITORY PROC IND","billing_code_type":"CPT","billing_code_type_version":"2020","billing_code":"92507","description":"TX SPEECH LANG VOICE COMMJ &\/AUDITORY PROC IND","allowed_amounts":[{"tin":{"type":"ein","value":"862967507"},"service_code":["11"],"billing_class":"professional","payments":[{"allowed_amount":85.00,"billing_code_modifier":[""],"providers":[{"billed_charge":85.00,"npi":[1295051811,1558845404,1588243653,1992450076]}]}]}]}]}
