{"reporting_entity_name": "IEC Group_DBA AmeriBen",
	"reporting_entity_type": "Third Party Administrator",
	"plan_name": "PALACE ENTERTAINMENT",
	"plan_id_type": "ein",
	"plan_id": "980549669",
	"plan_market_type": "group",
	"last_updated_on": "2022-11-01","Version": "1.0.0","out_of_network":[{"name":"INFEC AGEN DETEC AMPLI PROBE","billing_code_type":"HCPCS","billing_code_type_version":"HCPCS LEVEL II 2021","billing_code":"U0005","description":"INFEC AGEN DETEC AMPLI PROBE","allowed_amounts":[{"tin":{"type":"ein","value":"472462178"},"service_code":["81"],"billing_class":"professional","payments":[{"allowed_amount":33.75,"billing_code_modifier":[""],"providers":[{"billed_charge":50.00,"npi":[1508484569,1639311509]}]}]},{"tin":{"type":"ein","value":"475072584"},"service_code":["81"],"billing_class":"professional","payments":[{"allowed_amount":33.75,"billing_code_modifier":[""],"providers":[{"billed_charge":50.00,"npi":[1073962288,1912971268]}]}]},{"tin":{"type":"ein","value":"841905194"},"service_code":["81"],"billing_class":"professional","payments":[{"allowed_amount":33.75,"billing_code_modifier":[""],"providers":[{"billed_charge":40.00,"npi":[1386240786,1891733374]}]}]},{"tin":{"type":"ein","value":"873102949"},"service_code":["81"],"billing_class":"professional","payments":[{"allowed_amount":33.75,"billing_code_modifier":[""],"providers":[{"billed_charge":75.00,"npi":[1356005920,1760604979]}]}]},{"tin":{"type":"ein","value":"873871103"},"service_code":["81"],"billing_class":"professional","payments":[{"allowed_amount":33.75,"billing_code_modifier":[""],"providers":[{"billed_charge":50.00,"npi":[1285892364,1619621497]}]}]}]},{"name":"ROUTINE HOME CARE","billing_code_type":"RC","billing_code_type_version":"UB04","billing_code":"0651","description":"ROUTINE HOME CARE","allowed_amounts":[{"tin":{"type":"ein","value":"753238731"},"service_code":["34"],"billing_class":"institutional","payments":[{"allowed_amount":133.29,"billing_code_modifier":[""],"providers":[{"billed_charge":133.29,"npi":[1114159902]}]}]}]},{"name":"SARS-COV-2 COVID-19 AMP PRB HTT","billing_code_type":"HCPCS","billing_code_type_version":"HCPCS LEVEL II 2021","billing_code":"U0003","description":"SARS-COV-2 COVID-19 AMP PRB HTT","allowed_amounts":[{"tin":{"type":"ein","value":"472462178"},"service_code":["81"],"billing_class":"professional","payments":[{"allowed_amount":101.25,"billing_code_modifier":[""],"providers":[{"billed_charge":250.00,"npi":[1508484569,1639311509]}]}]},{"tin":{"type":"ein","value":"473727159"},"service_code":["81"],"billing_class":"professional","payments":[{"allowed_amount":101.25,"billing_code_modifier":[""],"providers":[{"billed_charge":125.00,"npi":[1013561539,1912521568]}]}]},{"tin":{"type":"ein","value":"475072584"},"service_code":["81"],"billing_class":"professional","payments":[{"allowed_amount":101.25,"billing_code_modifier":[""],"providers":[{"billed_charge":200.00,"npi":[1073962288,1912971268]}]}]},{"tin":{"type":"ein","value":"814460406"},"service_code":["81"],"billing_class":"professional","payments":[{"allowed_amount":101.25,"billing_code_modifier":[""],"providers":[{"billed_charge":200.00,"npi":[1194099283,1538507819]}]}]},{"tin":{"type":"ein","value":"841905194"},"service_code":["81"],"billing_class":"professional","payments":[{"allowed_amount":101.25,"billing_code_modifier":[""],"providers":[{"billed_charge":140.00,"npi":[1386240786,1891733374]}]}]},{"tin":{"type":"ein","value":"873102949"},"service_code":["81"],"billing_class":"professional","payments":[{"allowed_amount":101.25,"billing_code_modifier":[""],"providers":[{"billed_charge":249.00,"npi":[1356005920,1760604979]}]}]},{"tin":{"type":"ein","value":"873871103"},"service_code":["81"],"billing_class":"professional","payments":[{"allowed_amount":101.25,"billing_code_modifier":[""],"providers":[{"billed_charge":200.00,"npi":[1285892364,1619621497]}]}]}]},{"name":"SPECIMEN COLLECT COVID-19","billing_code_type":"HCPCS","billing_code_type_version":"HCPCS LEVEL II 2021","billing_code":"G2023","description":"SPECIMEN COLLECT COVID-19","allowed_amounts":[{"tin":{"type":"ein","value":"475072584"},"service_code":["81"],"billing_class":"professional","payments":[{"allowed_amount":31.67,"billing_code_modifier":[""],"providers":[{"billed_charge":50.00,"npi":[1073962288,1912971268]}]}]},{"tin":{"type":"ein","value":"841905194"},"service_code":["81"],"billing_class":"professional","payments":[{"allowed_amount":31.67,"billing_code_modifier":[""],"providers":[{"billed_charge":40.00,"npi":[1386240786,1891733374]}]}]},{"tin":{"type":"ein","value":"873102949"},"service_code":["81"],"billing_class":"professional","payments":[{"allowed_amount":31.67,"billing_code_modifier":[""],"providers":[{"billed_charge":46.92,"npi":[1356005920,1760604979]}]}]}]}]}
