{"reporting_entity_name": "IEC Group_DBA AmeriBen",
	"reporting_entity_type": "Third Party Administrator",
	"plan_name": "COUNTY OF CHIPPEWA",
	"plan_id_type": "ein",
	"plan_id": "396005678",
	"plan_market_type": "group",
	"last_updated_on": "2023-01-03","Version": "1.0.0","out_of_network":[{"name":"ADAPTIVE BEHAVIOR TX BY PROTOCOL TECH EA 15 MIN","billing_code_type":"CPT","billing_code_type_version":"2020","billing_code":"97153","description":"ADAPTIVE BEHAVIOR TX BY PROTOCOL TECH EA 15 MIN","allowed_amounts":[{"tin":{"type":"ein","value":"274024617"},"service_code":["11"],"billing_class":"professional","payments":[{"allowed_amount":375.00,"billing_code_modifier":[""],"providers":[{"billed_charge":500.00,"npi":[1619125093,1952423337,1962965129]}]}]}]},{"name":"CHIROPRACTIC MANIPULATIVE TX SPINAL 1-2 REGIONS","billing_code_type":"CPT","billing_code_type_version":"2020","billing_code":"98940","description":"CHIROPRACTIC MANIPULATIVE TX SPINAL 1-2 REGIONS","allowed_amounts":[{"tin":{"type":"ein","value":"271280983"},"service_code":["11"],"billing_class":"professional","payments":[{"allowed_amount":21.59,"billing_code_modifier":[""],"providers":[{"billed_charge":48.00,"npi":[1043549991,1316277502,1720694540,1801374855]}]}]},{"tin":{"type":"ein","value":"273209075"},"service_code":["11"],"billing_class":"professional","payments":[{"allowed_amount":21.59,"billing_code_modifier":[""],"providers":[{"billed_charge":55.00,"npi":[1174636369,1346555109]}]}]},{"tin":{"type":"ein","value":"481291951"},"service_code":["11"],"billing_class":"professional","payments":[{"allowed_amount":21.59,"billing_code_modifier":[""],"providers":[{"billed_charge":65.00,"npi":[1063592848,1982773867]}]}]}]},{"name":"CHIROPRACTIC MANIPULATIVE TX SPINAL 3-4 REGIONS","billing_code_type":"CPT","billing_code_type_version":"2020","billing_code":"98941","description":"CHIROPRACTIC MANIPULATIVE TX SPINAL 3-4 REGIONS","allowed_amounts":[{"tin":{"type":"ein","value":"452322488"},"service_code":["11"],"billing_class":"professional","payments":[{"allowed_amount":31.08,"billing_code_modifier":[""],"providers":[{"billed_charge":60.00,"npi":[1184917825,1861786485]}]}]},{"tin":{"type":"ein","value":"461328364"},"service_code":["11"],"billing_class":"professional","payments":[{"allowed_amount":31.08,"billing_code_modifier":[""],"providers":[{"billed_charge":65.00,"npi":[1215273883,1669654364]}]}]},{"tin":{"type":"ein","value":"833592877"},"service_code":["11"],"billing_class":"professional","payments":[{"allowed_amount":31.08,"billing_code_modifier":[""],"providers":[{"billed_charge":70.00,"npi":[1083278303,1982180212]}]}]}]},{"name":"FAMILY ADAPT BHV TX GDN PHYS\/QHP EA 15 MIN","billing_code_type":"CPT","billing_code_type_version":"2020","billing_code":"97156","description":"FAMILY ADAPT BHV TX GDN PHYS\/QHP EA 15 MIN","allowed_amounts":[{"tin":{"type":"ein","value":"274024617"},"service_code":["11"],"billing_class":"professional","payments":[{"allowed_amount":150.00,"billing_code_modifier":[""],"providers":[{"billed_charge":200.00,"npi":[1619125093,1952423337,1962965129]}]}]}]}]}
