{"reporting_entity_name": "IEC Group_DBA AmeriBen",
	"reporting_entity_type": "Third Party Administrator",
	"plan_name": "CORE & MAIN LP",
	"plan_id_type": "ein",
	"plan_id": "030550887",
	"plan_market_type": "group",
	"last_updated_on": "2023-12-01","Version": "1.0.0","out_of_network":[{"name":"CCPD OPD\/HOME: CCPD COMP OR OTHER RATE","billing_code_type":"RC","billing_code_type_version":"UB04","billing_code":"0851","description":"CCPD OPD\/HOME: CCPD COMP OR OTHER RATE","allowed_amounts":[{"tin":{"type":"ein","value":"843873620"},"service_code":["65"],"billing_class":"institutional","payments":[{"allowed_amount":276.86,"billing_code_modifier":[""],"providers":[{"billed_charge":3937.55,"npi":[1619957917,1902415284]}]}]}]},{"name":"DRUGS REQUIRE SPECIFIC ID: DRUGS REQUIRING DETAIL","billing_code_type":"RC","billing_code_type_version":"UB04","billing_code":"0636","description":"DRUGS REQUIRE SPECIFIC ID: DRUGS REQUIRING DETAIL","allowed_amounts":[{"tin":{"type":"ein","value":"042944524"},"service_code":["65"],"billing_class":"institutional","payments":[{"allowed_amount":3.96,"billing_code_modifier":[""],"providers":[{"billed_charge":133.63,"npi":[1245239136,1750493581]}]}]},{"tin":{"type":"ein","value":"042944524"},"service_code":["65"],"billing_class":"institutional","payments":[{"allowed_amount":4.34,"billing_code_modifier":[""],"providers":[{"billed_charge":133.63,"npi":[1245239136,1750493581]}]}]},{"tin":{"type":"ein","value":"042944524"},"service_code":["65"],"billing_class":"institutional","payments":[{"allowed_amount":4.56,"billing_code_modifier":[""],"providers":[{"billed_charge":133.63,"npi":[1245239136,1750493581]}]}]},{"tin":{"type":"ein","value":"042944524"},"service_code":["65"],"billing_class":"institutional","payments":[{"allowed_amount":4.89,"billing_code_modifier":[""],"providers":[{"billed_charge":133.63,"npi":[1245239136,1750493581]}]}]},{"tin":{"type":"ein","value":"042944524"},"service_code":["65"],"billing_class":"institutional","payments":[{"allowed_amount":5.75,"billing_code_modifier":[""],"providers":[{"billed_charge":133.63,"npi":[1245239136,1750493581]}]}]},{"tin":{"type":"ein","value":"042944524"},"service_code":["65"],"billing_class":"institutional","payments":[{"allowed_amount":8.69,"billing_code_modifier":[""],"providers":[{"billed_charge":267.26,"npi":[1245239136,1750493581]}]}]},{"tin":{"type":"ein","value":"042944524"},"service_code":["65"],"billing_class":"institutional","payments":[{"allowed_amount":8.81,"billing_code_modifier":[""],"providers":[{"billed_charge":240.53,"npi":[1245239136,1750493581]}]}]},{"tin":{"type":"ein","value":"042944524"},"service_code":["65"],"billing_class":"institutional","payments":[{"allowed_amount":9.11,"billing_code_modifier":[""],"providers":[{"billed_charge":267.26,"npi":[1245239136,1750493581]}]}]},{"tin":{"type":"ein","value":"042944524"},"service_code":["65"],"billing_class":"institutional","payments":[{"allowed_amount":10.01,"billing_code_modifier":[""],"providers":[{"billed_charge":240.53,"npi":[1245239136,1750493581]}]}]},{"tin":{"type":"ein","value":"042944524"},"service_code":["65"],"billing_class":"institutional","payments":[{"allowed_amount":12.03,"billing_code_modifier":[""],"providers":[{"billed_charge":400.89,"npi":[1245239136,1750493581]}]}]},{"tin":{"type":"ein","value":"042944524"},"service_code":["65"],"billing_class":"institutional","payments":[{"allowed_amount":12.95,"billing_code_modifier":[""],"providers":[{"billed_charge":133.63,"npi":[1245239136,1750493581]}]}]},{"tin":{"type":"ein","value":"042944524"},"service_code":["65"],"billing_class":"institutional","payments":[{"allowed_amount":14.31,"billing_code_modifier":[""],"providers":[{"billed_charge":133.63,"npi":[1245239136,1750493581]}]}]},{"tin":{"type":"ein","value":"042944524"},"service_code":["65"],"billing_class":"institutional","payments":[{"allowed_amount":15.14,"billing_code_modifier":[""],"providers":[{"billed_charge":240.53,"npi":[1245239136,1750493581]}]}]},{"tin":{"type":"ein","value":"042944524"},"service_code":["65"],"billing_class":"institutional","payments":[{"allowed_amount":15.31,"billing_code_modifier":[""],"providers":[{"billed_charge":133.63,"npi":[1245239136,1750493581]}]}]},{"tin":{"type":"ein","value":"710728066"},"service_code":["65"],"billing_class":"institutional","payments":[{"allowed_amount":8.57,"billing_code_modifier":[""],"providers":[{"billed_charge":309.39,"npi":[1467564369,1689789984]}]}]},{"tin":{"type":"ein","value":"710728066"},"service_code":["65"],"billing_class":"institutional","payments":[{"allowed_amount":9.69,"billing_code_modifier":[""],"providers":[{"billed_charge":309.39,"npi":[1467564369,1689789984]}]}]},{"tin":{"type":"ein","value":"710728066"},"service_code":["65"],"billing_class":"institutional","payments":[{"allowed_amount":9.91,"billing_code_modifier":[""],"providers":[{"billed_charge":309.39,"npi":[1467564369,1689789984]}]}]},{"tin":{"type":"ein","value":"710728066"},"service_code":["65"],"billing_class":"institutional","payments":[{"allowed_amount":10.32,"billing_code_modifier":[""],"providers":[{"billed_charge":294.63,"npi":[1467564369,1689789984]}]}]},{"tin":{"type":"ein","value":"710728066"},"service_code":["65"],"billing_class":"institutional","payments":[{"allowed_amount":10.38,"billing_code_modifier":[""],"providers":[{"billed_charge":324.13,"npi":[1467564369,1689789984]}]}]},{"tin":{"type":"ein","value":"710728066"},"service_code":["65"],"billing_class":"institutional","payments":[{"allowed_amount":10.81,"billing_code_modifier":[""],"providers":[{"billed_charge":308.66,"npi":[1467564369,1689789984]}]}]}]},{"name":"HEMO OPD\/HOME: HEMODIALYSIS COMP OR OTHER RATE","billing_code_type":"RC","billing_code_type_version":"UB04","billing_code":"0821","description":"HEMO OPD\/HOME: HEMODIALYSIS COMP OR OTHER RATE","allowed_amounts":[{"tin":{"type":"ein","value":"042944524"},"service_code":["65"],"billing_class":"institutional","payments":[{"allowed_amount":151.59,"billing_code_modifier":[""],"providers":[{"billed_charge":7629.42,"npi":[1245239136,1750493581]}]}]},{"tin":{"type":"ein","value":"042944524"},"service_code":["65"],"billing_class":"institutional","payments":[{"allowed_amount":151.92,"billing_code_modifier":[""],"providers":[{"billed_charge":7629.42,"npi":[1245239136,1750493581]}]}]},{"tin":{"type":"ein","value":"042944524"},"service_code":["65"],"billing_class":"institutional","payments":[{"allowed_amount":162.81,"billing_code_modifier":[""],"providers":[{"billed_charge":7629.42,"npi":[1245239136,1750493581]}]}]},{"tin":{"type":"ein","value":"042944524"},"service_code":["65"],"billing_class":"institutional","payments":[{"allowed_amount":166.26,"billing_code_modifier":[""],"providers":[{"billed_charge":7629.42,"npi":[1245239136,1750493581]}]}]},{"tin":{"type":"ein","value":"042944524"},"service_code":["65"],"billing_class":"institutional","payments":[{"allowed_amount":169.47,"billing_code_modifier":[""],"providers":[{"billed_charge":7629.42,"npi":[1245239136,1750493581]}]}]},{"tin":{"type":"ein","value":"042944524"},"service_code":["65"],"billing_class":"institutional","payments":[{"allowed_amount":187.40,"billing_code_modifier":[""],"providers":[{"billed_charge":7629.42,"npi":[1245239136,1750493581]}]}]},{"tin":{"type":"ein","value":"042944524"},"service_code":["65"],"billing_class":"institutional","payments":[{"allowed_amount":188.53,"billing_code_modifier":[""],"providers":[{"billed_charge":7629.42,"npi":[1245239136,1750493581]}]}]},{"tin":{"type":"ein","value":"042944524"},"service_code":["65"],"billing_class":"institutional","payments":[{"allowed_amount":247.95,"billing_code_modifier":[""],"providers":[{"billed_charge":7629.42,"npi":[1245239136,1750493581]}]}]},{"tin":{"type":"ein","value":"042944524"},"service_code":["65"],"billing_class":"institutional","payments":[{"allowed_amount":260.19,"billing_code_modifier":[""],"providers":[{"billed_charge":7629.42,"npi":[1245239136,1750493581]}]}]},{"tin":{"type":"ein","value":"710728066"},"service_code":["65"],"billing_class":"institutional","payments":[{"allowed_amount":269.31,"billing_code_modifier":[""],"providers":[{"billed_charge":8411.43,"npi":[1467564369,1689789984]}]}]},{"tin":{"type":"ein","value":"710728066"},"service_code":["65"],"billing_class":"institutional","payments":[{"allowed_amount":280.61,"billing_code_modifier":[""],"providers":[{"billed_charge":8010.89,"npi":[1467564369,1689789984]}]}]},{"tin":{"type":"ein","value":"710728066"},"service_code":["65"],"billing_class":"institutional","payments":[{"allowed_amount":318.12,"billing_code_modifier":[""],"providers":[{"billed_charge":8411.43,"npi":[1467564369,1689789984]}]}]}]},{"name":"LABORATORY - CLINICAL DIAGNOSTIC","billing_code_type":"RC","billing_code_type_version":"UB04","billing_code":"0300","description":"LABORATORY - CLINICAL DIAGNOSTIC","allowed_amounts":[{"tin":{"type":"ein","value":"371844725"},"service_code":["23"],"billing_class":"institutional","payments":[{"allowed_amount":0.00,"billing_code_modifier":[""],"providers":[{"billed_charge":376.00,"npi":[1962938191]},{"billed_charge":489.25,"npi":[1962938191]}]},{"allowed_amount":0.00,"billing_code_modifier":[""],"providers":[{"billed_charge":376.00,"npi":[1962938191]},{"billed_charge":489.25,"npi":[1962938191]}]}]},{"tin":{"type":"ein","value":"371844725"},"service_code":["23"],"billing_class":"institutional","payments":[{"allowed_amount":0.00,"billing_code_modifier":[""],"providers":[{"billed_charge":376.00,"npi":[1962938191]},{"billed_charge":489.25,"npi":[1962938191]}]},{"allowed_amount":0.00,"billing_code_modifier":[""],"providers":[{"billed_charge":376.00,"npi":[1962938191]},{"billed_charge":489.25,"npi":[1962938191]}]}]},{"tin":{"type":"ein","value":"471669781"},"service_code":["21"],"billing_class":"institutional","payments":[{"allowed_amount":0.00,"billing_code_modifier":[""],"providers":[{"billed_charge":82.20,"npi":[1528463080]}]}]},{"tin":{"type":"ein","value":"472078805"},"service_code":["23"],"billing_class":"institutional","payments":[{"allowed_amount":0.00,"billing_code_modifier":[""],"providers":[{"billed_charge":68.43,"npi":[1245690940]},{"billed_charge":216.82,"npi":[1245690940]},{"billed_charge":519.79,"npi":[1245690940]},{"billed_charge":668.32,"npi":[1245690940]},{"billed_charge":1384.15,"npi":[1245690940]}]},{"allowed_amount":0.00,"billing_code_modifier":[""],"providers":[{"billed_charge":68.43,"npi":[1245690940]},{"billed_charge":216.82,"npi":[1245690940]},{"billed_charge":519.79,"npi":[1245690940]},{"billed_charge":668.32,"npi":[1245690940]},{"billed_charge":1384.15,"npi":[1245690940]}]},{"allowed_amount":0.00,"billing_code_modifier":[""],"providers":[{"billed_charge":68.43,"npi":[1245690940]},{"billed_charge":216.82,"npi":[1245690940]},{"billed_charge":519.79,"npi":[1245690940]},{"billed_charge":668.32,"npi":[1245690940]},{"billed_charge":1384.15,"npi":[1245690940]}]},{"allowed_amount":0.00,"billing_code_modifier":[""],"providers":[{"billed_charge":68.43,"npi":[1245690940]},{"billed_charge":216.82,"npi":[1245690940]},{"billed_charge":519.79,"npi":[1245690940]},{"billed_charge":668.32,"npi":[1245690940]},{"billed_charge":1384.15,"npi":[1245690940]}]},{"allowed_amount":0.00,"billing_code_modifier":[""],"providers":[{"billed_charge":68.43,"npi":[1245690940]},{"billed_charge":216.82,"npi":[1245690940]},{"billed_charge":519.79,"npi":[1245690940]},{"billed_charge":668.32,"npi":[1245690940]},{"billed_charge":1384.15,"npi":[1245690940]}]}]},{"tin":{"type":"ein","value":"472078805"},"service_code":["23"],"billing_class":"institutional","payments":[{"allowed_amount":0.00,"billing_code_modifier":[""],"providers":[{"billed_charge":68.43,"npi":[1245690940]},{"billed_charge":216.82,"npi":[1245690940]},{"billed_charge":519.79,"npi":[1245690940]},{"billed_charge":668.32,"npi":[1245690940]},{"billed_charge":1384.15,"npi":[1245690940]}]},{"allowed_amount":0.00,"billing_code_modifier":[""],"providers":[{"billed_charge":68.43,"npi":[1245690940]},{"billed_charge":216.82,"npi":[1245690940]},{"billed_charge":519.79,"npi":[1245690940]},{"billed_charge":668.32,"npi":[1245690940]},{"billed_charge":1384.15,"npi":[1245690940]}]},{"allowed_amount":0.00,"billing_code_modifier":[""],"providers":[{"billed_charge":68.43,"npi":[1245690940]},{"billed_charge":216.82,"npi":[1245690940]},{"billed_charge":519.79,"npi":[1245690940]},{"billed_charge":668.32,"npi":[1245690940]},{"billed_charge":1384.15,"npi":[1245690940]}]},{"allowed_amount":0.00,"billing_code_modifier":[""],"providers":[{"billed_charge":68.43,"npi":[1245690940]},{"billed_charge":216.82,"npi":[1245690940]},{"billed_charge":519.79,"npi":[1245690940]},{"billed_charge":668.32,"npi":[1245690940]},{"billed_charge":1384.15,"npi":[1245690940]}]},{"allowed_amount":0.00,"billing_code_modifier":[""],"providers":[{"billed_charge":68.43,"npi":[1245690940]},{"billed_charge":216.82,"npi":[1245690940]},{"billed_charge":519.79,"npi":[1245690940]},{"billed_charge":668.32,"npi":[1245690940]},{"billed_charge":1384.15,"npi":[1245690940]}]}]},{"tin":{"type":"ein","value":"472078805"},"service_code":["23"],"billing_class":"institutional","payments":[{"allowed_amount":0.00,"billing_code_modifier":[""],"providers":[{"billed_charge":68.43,"npi":[1245690940]},{"billed_charge":216.82,"npi":[1245690940]},{"billed_charge":519.79,"npi":[1245690940]},{"billed_charge":668.32,"npi":[1245690940]},{"billed_charge":1384.15,"npi":[1245690940]}]},{"allowed_amount":0.00,"billing_code_modifier":[""],"providers":[{"billed_charge":68.43,"npi":[1245690940]},{"billed_charge":216.82,"npi":[1245690940]},{"billed_charge":519.79,"npi":[1245690940]},{"billed_charge":668.32,"npi":[1245690940]},{"billed_charge":1384.15,"npi":[1245690940]}]},{"allowed_amount":0.00,"billing_code_modifier":[""],"providers":[{"billed_charge":68.43,"npi":[1245690940]},{"billed_charge":216.82,"npi":[1245690940]},{"billed_charge":519.79,"npi":[1245690940]},{"billed_charge":668.32,"npi":[1245690940]},{"billed_charge":1384.15,"npi":[1245690940]}]},{"allowed_amount":0.00,"billing_code_modifier":[""],"providers":[{"billed_charge":68.43,"npi":[1245690940]},{"billed_charge":216.82,"npi":[1245690940]},{"billed_charge":519.79,"npi":[1245690940]},{"billed_charge":668.32,"npi":[1245690940]},{"billed_charge":1384.15,"npi":[1245690940]}]},{"allowed_amount":0.00,"billing_code_modifier":[""],"providers":[{"billed_charge":68.43,"npi":[1245690940]},{"billed_charge":216.82,"npi":[1245690940]},{"billed_charge":519.79,"npi":[1245690940]},{"billed_charge":668.32,"npi":[1245690940]},{"billed_charge":1384.15,"npi":[1245690940]}]}]},{"tin":{"type":"ein","value":"472078805"},"service_code":["23"],"billing_class":"institutional","payments":[{"allowed_amount":0.00,"billing_code_modifier":[""],"providers":[{"billed_charge":68.43,"npi":[1245690940]},{"billed_charge":216.82,"npi":[1245690940]},{"billed_charge":519.79,"npi":[1245690940]},{"billed_charge":668.32,"npi":[1245690940]},{"billed_charge":1384.15,"npi":[1245690940]}]},{"allowed_amount":0.00,"billing_code_modifier":[""],"providers":[{"billed_charge":68.43,"npi":[1245690940]},{"billed_charge":216.82,"npi":[1245690940]},{"billed_charge":519.79,"npi":[1245690940]},{"billed_charge":668.32,"npi":[1245690940]},{"billed_charge":1384.15,"npi":[1245690940]}]},{"allowed_amount":0.00,"billing_code_modifier":[""],"providers":[{"billed_charge":68.43,"npi":[1245690940]},{"billed_charge":216.82,"npi":[1245690940]},{"billed_charge":519.79,"npi":[1245690940]},{"billed_charge":668.32,"npi":[1245690940]},{"billed_charge":1384.15,"npi":[1245690940]}]},{"allowed_amount":0.00,"billing_code_modifier":[""],"providers":[{"billed_charge":68.43,"npi":[1245690940]},{"billed_charge":216.82,"npi":[1245690940]},{"billed_charge":519.79,"npi":[1245690940]},{"billed_charge":668.32,"npi":[1245690940]},{"billed_charge":1384.15,"npi":[1245690940]}]},{"allowed_amount":0.00,"billing_code_modifier":[""],"providers":[{"billed_charge":68.43,"npi":[1245690940]},{"billed_charge":216.82,"npi":[1245690940]},{"billed_charge":519.79,"npi":[1245690940]},{"billed_charge":668.32,"npi":[1245690940]},{"billed_charge":1384.15,"npi":[1245690940]}]}]},{"tin":{"type":"ein","value":"472078805"},"service_code":["23"],"billing_class":"institutional","payments":[{"allowed_amount":0.00,"billing_code_modifier":[""],"providers":[{"billed_charge":68.43,"npi":[1245690940]},{"billed_charge":216.82,"npi":[1245690940]},{"billed_charge":519.79,"npi":[1245690940]},{"billed_charge":668.32,"npi":[1245690940]},{"billed_charge":1384.15,"npi":[1245690940]}]},{"allowed_amount":0.00,"billing_code_modifier":[""],"providers":[{"billed_charge":68.43,"npi":[1245690940]},{"billed_charge":216.82,"npi":[1245690940]},{"billed_charge":519.79,"npi":[1245690940]},{"billed_charge":668.32,"npi":[1245690940]},{"billed_charge":1384.15,"npi":[1245690940]}]},{"allowed_amount":0.00,"billing_code_modifier":[""],"providers":[{"billed_charge":68.43,"npi":[1245690940]},{"billed_charge":216.82,"npi":[1245690940]},{"billed_charge":519.79,"npi":[1245690940]},{"billed_charge":668.32,"npi":[1245690940]},{"billed_charge":1384.15,"npi":[1245690940]}]},{"allowed_amount":0.00,"billing_code_modifier":[""],"providers":[{"billed_charge":68.43,"npi":[1245690940]},{"billed_charge":216.82,"npi":[1245690940]},{"billed_charge":519.79,"npi":[1245690940]},{"billed_charge":668.32,"npi":[1245690940]},{"billed_charge":1384.15,"npi":[1245690940]}]},{"allowed_amount":0.00,"billing_code_modifier":[""],"providers":[{"billed_charge":68.43,"npi":[1245690940]},{"billed_charge":216.82,"npi":[1245690940]},{"billed_charge":519.79,"npi":[1245690940]},{"billed_charge":668.32,"npi":[1245690940]},{"billed_charge":1384.15,"npi":[1245690940]}]}]},{"tin":{"type":"ein","value":"473923087"},"service_code":["23"],"billing_class":"institutional","payments":[{"allowed_amount":0.00,"billing_code_modifier":[""],"providers":[{"billed_charge":187.51,"npi":[1366815144]},{"billed_charge":221.95,"npi":[1366815144]},{"billed_charge":265.25,"npi":[1366815144]}]},{"allowed_amount":0.00,"billing_code_modifier":[""],"providers":[{"billed_charge":187.51,"npi":[1366815144]},{"billed_charge":221.95,"npi":[1366815144]},{"billed_charge":265.25,"npi":[1366815144]}]},{"allowed_amount":0.00,"billing_code_modifier":[""],"providers":[{"billed_charge":187.51,"npi":[1366815144]},{"billed_charge":221.95,"npi":[1366815144]},{"billed_charge":265.25,"npi":[1366815144]}]}]},{"tin":{"type":"ein","value":"473923087"},"service_code":["23"],"billing_class":"institutional","payments":[{"allowed_amount":0.00,"billing_code_modifier":[""],"providers":[{"billed_charge":187.51,"npi":[1366815144]},{"billed_charge":221.95,"npi":[1366815144]},{"billed_charge":265.25,"npi":[1366815144]}]},{"allowed_amount":0.00,"billing_code_modifier":[""],"providers":[{"billed_charge":187.51,"npi":[1366815144]},{"billed_charge":221.95,"npi":[1366815144]},{"billed_charge":265.25,"npi":[1366815144]}]},{"allowed_amount":0.00,"billing_code_modifier":[""],"providers":[{"billed_charge":187.51,"npi":[1366815144]},{"billed_charge":221.95,"npi":[1366815144]},{"billed_charge":265.25,"npi":[1366815144]}]}]},{"tin":{"type":"ein","value":"473923087"},"service_code":["23"],"billing_class":"institutional","payments":[{"allowed_amount":0.00,"billing_code_modifier":[""],"providers":[{"billed_charge":187.51,"npi":[1366815144]},{"billed_charge":221.95,"npi":[1366815144]},{"billed_charge":265.25,"npi":[1366815144]}]},{"allowed_amount":0.00,"billing_code_modifier":[""],"providers":[{"billed_charge":187.51,"npi":[1366815144]},{"billed_charge":221.95,"npi":[1366815144]},{"billed_charge":265.25,"npi":[1366815144]}]},{"allowed_amount":0.00,"billing_code_modifier":[""],"providers":[{"billed_charge":187.51,"npi":[1366815144]},{"billed_charge":221.95,"npi":[1366815144]},{"billed_charge":265.25,"npi":[1366815144]}]}]},{"tin":{"type":"ein","value":"560552787"},"service_code":["21"],"billing_class":"institutional","payments":[{"allowed_amount":0.00,"billing_code_modifier":[""],"providers":[{"billed_charge":2256.00,"npi":[1144211301]}]}]},{"tin":{"type":"ein","value":"344428256"},"service_code":["21"],"billing_class":"institutional","payments":[{"allowed_amount":0.00,"billing_code_modifier":[""],"providers":[{"billed_charge":3555.00,"npi":[1407854771]}]}]},{"tin":{"type":"ein","value":"566017737"},"service_code":["21"],"billing_class":"institutional","payments":[{"allowed_amount":0.00,"billing_code_modifier":[""],"providers":[{"billed_charge":72.00,"npi":[1972579837]}]}]},{"tin":{"type":"ein","value":"590774199"},"service_code":["21"],"billing_class":"institutional","payments":[{"allowed_amount":0.00,"billing_code_modifier":[""],"providers":[{"billed_charge":954.00,"npi":[1881632818]}]}]},{"tin":{"type":"ein","value":"591223933"},"service_code":["21"],"billing_class":"institutional","payments":[{"allowed_amount":0.00,"billing_code_modifier":[""],"providers":[{"billed_charge":7813.00,"npi":[1144251216,1629148382]}]}]},{"tin":{"type":"ein","value":"650844880"},"service_code":["21"],"billing_class":"institutional","payments":[{"allowed_amount":0.00,"billing_code_modifier":[""],"providers":[{"billed_charge":350.00,"npi":[1083644033]}]}]},{"tin":{"type":"ein","value":"752051646"},"service_code":["21"],"billing_class":"institutional","payments":[{"allowed_amount":0.00,"billing_code_modifier":[""],"providers":[{"billed_charge":423.13,"npi":[1891765178]}]}]}]},{"name":"MEDICAL\/SURGICAL SUPPLIES","billing_code_type":"RC","billing_code_type_version":"UB04","billing_code":"0270","description":"MEDICAL\/SURGICAL SUPPLIES","allowed_amounts":[{"tin":{"type":"ein","value":"364801138"},"service_code":["65"],"billing_class":"institutional","payments":[{"allowed_amount":3.28,"billing_code_modifier":[""],"providers":[{"billed_charge":212.56,"npi":[1104200757,1881806206]}]}]},{"tin":{"type":"ein","value":"042944524"},"service_code":["65"],"billing_class":"institutional","payments":[{"allowed_amount":4.19,"billing_code_modifier":[""],"providers":[{"billed_charge":128.80,"npi":[1245239136,1750493581]}]}]},{"tin":{"type":"ein","value":"042944524"},"service_code":["65"],"billing_class":"institutional","payments":[{"allowed_amount":4.39,"billing_code_modifier":[""],"providers":[{"billed_charge":128.80,"npi":[1245239136,1750493581]}]}]},{"tin":{"type":"ein","value":"042944524"},"service_code":["65"],"billing_class":"institutional","payments":[{"allowed_amount":8.12,"billing_code_modifier":[""],"providers":[{"billed_charge":128.80,"npi":[1245239136,1750493581]}]}]},{"tin":{"type":"ein","value":"042944524"},"service_code":["65"],"billing_class":"institutional","payments":[{"allowed_amount":9.48,"billing_code_modifier":[""],"providers":[{"billed_charge":128.80,"npi":[1245239136,1750493581]}]}]},{"tin":{"type":"ein","value":"042944524"},"service_code":["65"],"billing_class":"institutional","payments":[{"allowed_amount":10.48,"billing_code_modifier":[""],"providers":[{"billed_charge":128.80,"npi":[1245239136,1750493581]}]}]},{"tin":{"type":"ein","value":"042944524"},"service_code":["65"],"billing_class":"institutional","payments":[{"allowed_amount":12.94,"billing_code_modifier":[""],"providers":[{"billed_charge":128.80,"npi":[1245239136,1750493581]}]}]},{"tin":{"type":"ein","value":"042944524"},"service_code":["65"],"billing_class":"institutional","payments":[{"allowed_amount":13.54,"billing_code_modifier":[""],"providers":[{"billed_charge":128.80,"npi":[1245239136,1750493581]}]}]},{"tin":{"type":"ein","value":"042944524"},"service_code":["65"],"billing_class":"institutional","payments":[{"allowed_amount":15.12,"billing_code_modifier":[""],"providers":[{"billed_charge":128.80,"npi":[1245239136,1750493581]}]}]},{"tin":{"type":"ein","value":"710728066"},"service_code":["65"],"billing_class":"institutional","payments":[{"allowed_amount":3.93,"billing_code_modifier":[""],"providers":[{"billed_charge":142.00,"npi":[1467564369,1689789984]}]}]},{"tin":{"type":"ein","value":"710728066"},"service_code":["65"],"billing_class":"institutional","payments":[{"allowed_amount":4.06,"billing_code_modifier":[""],"providers":[{"billed_charge":142.00,"npi":[1467564369,1689789984]}]}]},{"tin":{"type":"ein","value":"710728066"},"service_code":["65"],"billing_class":"institutional","payments":[{"allowed_amount":4.44,"billing_code_modifier":[""],"providers":[{"billed_charge":142.00,"npi":[1467564369,1689789984]}]}]},{"tin":{"type":"ein","value":"710728066"},"service_code":["65"],"billing_class":"institutional","payments":[{"allowed_amount":4.54,"billing_code_modifier":[""],"providers":[{"billed_charge":142.00,"npi":[1467564369,1689789984]}]}]},{"tin":{"type":"ein","value":"710728066"},"service_code":["65"],"billing_class":"institutional","payments":[{"allowed_amount":4.73,"billing_code_modifier":[""],"providers":[{"billed_charge":135.24,"npi":[1467564369,1689789984]}]}]},{"tin":{"type":"ein","value":"710728066"},"service_code":["65"],"billing_class":"institutional","payments":[{"allowed_amount":11.06,"billing_code_modifier":[""],"providers":[{"billed_charge":142.00,"npi":[1467564369,1689789984]}]}]}]},{"name":"MEDICAL\/SURGICAL SUPPLIES: NONSTERILE SUPPLIES","billing_code_type":"RC","billing_code_type_version":"UB04","billing_code":"0271","description":"MEDICAL\/SURGICAL SUPPLIES: NONSTERILE SUPPLIES","allowed_amounts":[{"tin":{"type":"ein","value":"042944524"},"service_code":["65"],"billing_class":"institutional","payments":[{"allowed_amount":4.80,"billing_code_modifier":[""],"providers":[{"billed_charge":210.77,"npi":[1245239136,1750493581]}]}]},{"tin":{"type":"ein","value":"042944524"},"service_code":["65"],"billing_class":"institutional","payments":[{"allowed_amount":9.06,"billing_code_modifier":[""],"providers":[{"billed_charge":210.77,"npi":[1245239136,1750493581]}]}]},{"tin":{"type":"ein","value":"042944524"},"service_code":["65"],"billing_class":"institutional","payments":[{"allowed_amount":11.89,"billing_code_modifier":[""],"providers":[{"billed_charge":210.77,"npi":[1245239136,1750493581]}]}]}]},{"name":"PHARMACY","billing_code_type":"RC","billing_code_type_version":"UB04","billing_code":"0250","description":"PHARMACY","allowed_amounts":[{"tin":{"type":"ein","value":"371844725"},"service_code":["23"],"billing_class":"institutional","payments":[{"allowed_amount":0.00,"billing_code_modifier":[""],"providers":[{"billed_charge":300.00,"npi":[1962938191]}]}]},{"tin":{"type":"ein","value":"471669781"},"service_code":["21"],"billing_class":"institutional","payments":[{"allowed_amount":0.00,"billing_code_modifier":[""],"providers":[{"billed_charge":2105.81,"npi":[1528463080]}]}]},{"tin":{"type":"ein","value":"472078805"},"service_code":["23"],"billing_class":"institutional","payments":[{"allowed_amount":0.00,"billing_code_modifier":[""],"providers":[{"billed_charge":60.14,"npi":[1245690940]},{"billed_charge":243.57,"npi":[1245690940]},{"billed_charge":303.06,"npi":[1245690940]},{"billed_charge":339.58,"npi":[1245690940]}]},{"allowed_amount":0.00,"billing_code_modifier":[""],"providers":[{"billed_charge":60.14,"npi":[1245690940]},{"billed_charge":243.57,"npi":[1245690940]},{"billed_charge":303.06,"npi":[1245690940]},{"billed_charge":339.58,"npi":[1245690940]}]},{"allowed_amount":0.00,"billing_code_modifier":[""],"providers":[{"billed_charge":60.14,"npi":[1245690940]},{"billed_charge":243.57,"npi":[1245690940]},{"billed_charge":303.06,"npi":[1245690940]},{"billed_charge":339.58,"npi":[1245690940]}]},{"allowed_amount":0.00,"billing_code_modifier":[""],"providers":[{"billed_charge":60.14,"npi":[1245690940]},{"billed_charge":243.57,"npi":[1245690940]},{"billed_charge":303.06,"npi":[1245690940]},{"billed_charge":339.58,"npi":[1245690940]}]}]},{"tin":{"type":"ein","value":"472078805"},"service_code":["23"],"billing_class":"institutional","payments":[{"allowed_amount":0.00,"billing_code_modifier":[""],"providers":[{"billed_charge":60.14,"npi":[1245690940]},{"billed_charge":243.57,"npi":[1245690940]},{"billed_charge":303.06,"npi":[1245690940]},{"billed_charge":339.58,"npi":[1245690940]}]},{"allowed_amount":0.00,"billing_code_modifier":[""],"providers":[{"billed_charge":60.14,"npi":[1245690940]},{"billed_charge":243.57,"npi":[1245690940]},{"billed_charge":303.06,"npi":[1245690940]},{"billed_charge":339.58,"npi":[1245690940]}]},{"allowed_amount":0.00,"billing_code_modifier":[""],"providers":[{"billed_charge":60.14,"npi":[1245690940]},{"billed_charge":243.57,"npi":[1245690940]},{"billed_charge":303.06,"npi":[1245690940]},{"billed_charge":339.58,"npi":[1245690940]}]},{"allowed_amount":0.00,"billing_code_modifier":[""],"providers":[{"billed_charge":60.14,"npi":[1245690940]},{"billed_charge":243.57,"npi":[1245690940]},{"billed_charge":303.06,"npi":[1245690940]},{"billed_charge":339.58,"npi":[1245690940]}]}]},{"tin":{"type":"ein","value":"472078805"},"service_code":["23"],"billing_class":"institutional","payments":[{"allowed_amount":0.00,"billing_code_modifier":[""],"providers":[{"billed_charge":60.14,"npi":[1245690940]},{"billed_charge":243.57,"npi":[1245690940]},{"billed_charge":303.06,"npi":[1245690940]},{"billed_charge":339.58,"npi":[1245690940]}]},{"allowed_amount":0.00,"billing_code_modifier":[""],"providers":[{"billed_charge":60.14,"npi":[1245690940]},{"billed_charge":243.57,"npi":[1245690940]},{"billed_charge":303.06,"npi":[1245690940]},{"billed_charge":339.58,"npi":[1245690940]}]},{"allowed_amount":0.00,"billing_code_modifier":[""],"providers":[{"billed_charge":60.14,"npi":[1245690940]},{"billed_charge":243.57,"npi":[1245690940]},{"billed_charge":303.06,"npi":[1245690940]},{"billed_charge":339.58,"npi":[1245690940]}]},{"allowed_amount":0.00,"billing_code_modifier":[""],"providers":[{"billed_charge":60.14,"npi":[1245690940]},{"billed_charge":243.57,"npi":[1245690940]},{"billed_charge":303.06,"npi":[1245690940]},{"billed_charge":339.58,"npi":[1245690940]}]}]},{"tin":{"type":"ein","value":"472078805"},"service_code":["23"],"billing_class":"institutional","payments":[{"allowed_amount":0.00,"billing_code_modifier":[""],"providers":[{"billed_charge":60.14,"npi":[1245690940]},{"billed_charge":243.57,"npi":[1245690940]},{"billed_charge":303.06,"npi":[1245690940]},{"billed_charge":339.58,"npi":[1245690940]}]},{"allowed_amount":0.00,"billing_code_modifier":[""],"providers":[{"billed_charge":60.14,"npi":[1245690940]},{"billed_charge":243.57,"npi":[1245690940]},{"billed_charge":303.06,"npi":[1245690940]},{"billed_charge":339.58,"npi":[1245690940]}]},{"allowed_amount":0.00,"billing_code_modifier":[""],"providers":[{"billed_charge":60.14,"npi":[1245690940]},{"billed_charge":243.57,"npi":[1245690940]},{"billed_charge":303.06,"npi":[1245690940]},{"billed_charge":339.58,"npi":[1245690940]}]},{"allowed_amount":0.00,"billing_code_modifier":[""],"providers":[{"billed_charge":60.14,"npi":[1245690940]},{"billed_charge":243.57,"npi":[1245690940]},{"billed_charge":303.06,"npi":[1245690940]},{"billed_charge":339.58,"npi":[1245690940]}]}]},{"tin":{"type":"ein","value":"473923087"},"service_code":["23"],"billing_class":"institutional","payments":[{"allowed_amount":0.00,"billing_code_modifier":[""],"providers":[{"billed_charge":3.45,"npi":[1366815144]},{"billed_charge":13.80,"npi":[1366815144]},{"billed_charge":18.52,"npi":[1366815144]},{"billed_charge":19.46,"npi":[1366815144]},{"billed_charge":211.23,"npi":[1366815144]}]},{"allowed_amount":0.00,"billing_code_modifier":[""],"providers":[{"billed_charge":3.45,"npi":[1366815144]},{"billed_charge":13.80,"npi":[1366815144]},{"billed_charge":18.52,"npi":[1366815144]},{"billed_charge":19.46,"npi":[1366815144]},{"billed_charge":211.23,"npi":[1366815144]}]},{"allowed_amount":0.00,"billing_code_modifier":[""],"providers":[{"billed_charge":3.45,"npi":[1366815144]},{"billed_charge":13.80,"npi":[1366815144]},{"billed_charge":18.52,"npi":[1366815144]},{"billed_charge":19.46,"npi":[1366815144]},{"billed_charge":211.23,"npi":[1366815144]}]},{"allowed_amount":0.00,"billing_code_modifier":[""],"providers":[{"billed_charge":3.45,"npi":[1366815144]},{"billed_charge":13.80,"npi":[1366815144]},{"billed_charge":18.52,"npi":[1366815144]},{"billed_charge":19.46,"npi":[1366815144]},{"billed_charge":211.23,"npi":[1366815144]}]},{"allowed_amount":0.00,"billing_code_modifier":[""],"providers":[{"billed_charge":3.45,"npi":[1366815144]},{"billed_charge":13.80,"npi":[1366815144]},{"billed_charge":18.52,"npi":[1366815144]},{"billed_charge":19.46,"npi":[1366815144]},{"billed_charge":211.23,"npi":[1366815144]}]}]},{"tin":{"type":"ein","value":"473923087"},"service_code":["23"],"billing_class":"institutional","payments":[{"allowed_amount":0.00,"billing_code_modifier":[""],"providers":[{"billed_charge":3.45,"npi":[1366815144]},{"billed_charge":13.80,"npi":[1366815144]},{"billed_charge":18.52,"npi":[1366815144]},{"billed_charge":19.46,"npi":[1366815144]},{"billed_charge":211.23,"npi":[1366815144]}]},{"allowed_amount":0.00,"billing_code_modifier":[""],"providers":[{"billed_charge":3.45,"npi":[1366815144]},{"billed_charge":13.80,"npi":[1366815144]},{"billed_charge":18.52,"npi":[1366815144]},{"billed_charge":19.46,"npi":[1366815144]},{"billed_charge":211.23,"npi":[1366815144]}]},{"allowed_amount":0.00,"billing_code_modifier":[""],"providers":[{"billed_charge":3.45,"npi":[1366815144]},{"billed_charge":13.80,"npi":[1366815144]},{"billed_charge":18.52,"npi":[1366815144]},{"billed_charge":19.46,"npi":[1366815144]},{"billed_charge":211.23,"npi":[1366815144]}]},{"allowed_amount":0.00,"billing_code_modifier":[""],"providers":[{"billed_charge":3.45,"npi":[1366815144]},{"billed_charge":13.80,"npi":[1366815144]},{"billed_charge":18.52,"npi":[1366815144]},{"billed_charge":19.46,"npi":[1366815144]},{"billed_charge":211.23,"npi":[1366815144]}]},{"allowed_amount":0.00,"billing_code_modifier":[""],"providers":[{"billed_charge":3.45,"npi":[1366815144]},{"billed_charge":13.80,"npi":[1366815144]},{"billed_charge":18.52,"npi":[1366815144]},{"billed_charge":19.46,"npi":[1366815144]},{"billed_charge":211.23,"npi":[1366815144]}]}]},{"tin":{"type":"ein","value":"473923087"},"service_code":["23"],"billing_class":"institutional","payments":[{"allowed_amount":0.00,"billing_code_modifier":[""],"providers":[{"billed_charge":3.45,"npi":[1366815144]},{"billed_charge":13.80,"npi":[1366815144]},{"billed_charge":18.52,"npi":[1366815144]},{"billed_charge":19.46,"npi":[1366815144]},{"billed_charge":211.23,"npi":[1366815144]}]},{"allowed_amount":0.00,"billing_code_modifier":[""],"providers":[{"billed_charge":3.45,"npi":[1366815144]},{"billed_charge":13.80,"npi":[1366815144]},{"billed_charge":18.52,"npi":[1366815144]},{"billed_charge":19.46,"npi":[1366815144]},{"billed_charge":211.23,"npi":[1366815144]}]},{"allowed_amount":0.00,"billing_code_modifier":[""],"providers":[{"billed_charge":3.45,"npi":[1366815144]},{"billed_charge":13.80,"npi":[1366815144]},{"billed_charge":18.52,"npi":[1366815144]},{"billed_charge":19.46,"npi":[1366815144]},{"billed_charge":211.23,"npi":[1366815144]}]},{"allowed_amount":0.00,"billing_code_modifier":[""],"providers":[{"billed_charge":3.45,"npi":[1366815144]},{"billed_charge":13.80,"npi":[1366815144]},{"billed_charge":18.52,"npi":[1366815144]},{"billed_charge":19.46,"npi":[1366815144]},{"billed_charge":211.23,"npi":[1366815144]}]},{"allowed_amount":0.00,"billing_code_modifier":[""],"providers":[{"billed_charge":3.45,"npi":[1366815144]},{"billed_charge":13.80,"npi":[1366815144]},{"billed_charge":18.52,"npi":[1366815144]},{"billed_charge":19.46,"npi":[1366815144]},{"billed_charge":211.23,"npi":[1366815144]}]}]},{"tin":{"type":"ein","value":"473923087"},"service_code":["23"],"billing_class":"institutional","payments":[{"allowed_amount":0.00,"billing_code_modifier":[""],"providers":[{"billed_charge":3.45,"npi":[1366815144]},{"billed_charge":13.80,"npi":[1366815144]},{"billed_charge":18.52,"npi":[1366815144]},{"billed_charge":19.46,"npi":[1366815144]},{"billed_charge":211.23,"npi":[1366815144]}]},{"allowed_amount":0.00,"billing_code_modifier":[""],"providers":[{"billed_charge":3.45,"npi":[1366815144]},{"billed_charge":13.80,"npi":[1366815144]},{"billed_charge":18.52,"npi":[1366815144]},{"billed_charge":19.46,"npi":[1366815144]},{"billed_charge":211.23,"npi":[1366815144]}]},{"allowed_amount":0.00,"billing_code_modifier":[""],"providers":[{"billed_charge":3.45,"npi":[1366815144]},{"billed_charge":13.80,"npi":[1366815144]},{"billed_charge":18.52,"npi":[1366815144]},{"billed_charge":19.46,"npi":[1366815144]},{"billed_charge":211.23,"npi":[1366815144]}]},{"allowed_amount":0.00,"billing_code_modifier":[""],"providers":[{"billed_charge":3.45,"npi":[1366815144]},{"billed_charge":13.80,"npi":[1366815144]},{"billed_charge":18.52,"npi":[1366815144]},{"billed_charge":19.46,"npi":[1366815144]},{"billed_charge":211.23,"npi":[1366815144]}]},{"allowed_amount":0.00,"billing_code_modifier":[""],"providers":[{"billed_charge":3.45,"npi":[1366815144]},{"billed_charge":13.80,"npi":[1366815144]},{"billed_charge":18.52,"npi":[1366815144]},{"billed_charge":19.46,"npi":[1366815144]},{"billed_charge":211.23,"npi":[1366815144]}]}]},{"tin":{"type":"ein","value":"473923087"},"service_code":["23"],"billing_class":"institutional","payments":[{"allowed_amount":0.00,"billing_code_modifier":[""],"providers":[{"billed_charge":3.45,"npi":[1366815144]},{"billed_charge":13.80,"npi":[1366815144]},{"billed_charge":18.52,"npi":[1366815144]},{"billed_charge":19.46,"npi":[1366815144]},{"billed_charge":211.23,"npi":[1366815144]}]},{"allowed_amount":0.00,"billing_code_modifier":[""],"providers":[{"billed_charge":3.45,"npi":[1366815144]},{"billed_charge":13.80,"npi":[1366815144]},{"billed_charge":18.52,"npi":[1366815144]},{"billed_charge":19.46,"npi":[1366815144]},{"billed_charge":211.23,"npi":[1366815144]}]},{"allowed_amount":0.00,"billing_code_modifier":[""],"providers":[{"billed_charge":3.45,"npi":[1366815144]},{"billed_charge":13.80,"npi":[1366815144]},{"billed_charge":18.52,"npi":[1366815144]},{"billed_charge":19.46,"npi":[1366815144]},{"billed_charge":211.23,"npi":[1366815144]}]},{"allowed_amount":0.00,"billing_code_modifier":[""],"providers":[{"billed_charge":3.45,"npi":[1366815144]},{"billed_charge":13.80,"npi":[1366815144]},{"billed_charge":18.52,"npi":[1366815144]},{"billed_charge":19.46,"npi":[1366815144]},{"billed_charge":211.23,"npi":[1366815144]}]},{"allowed_amount":0.00,"billing_code_modifier":[""],"providers":[{"billed_charge":3.45,"npi":[1366815144]},{"billed_charge":13.80,"npi":[1366815144]},{"billed_charge":18.52,"npi":[1366815144]},{"billed_charge":19.46,"npi":[1366815144]},{"billed_charge":211.23,"npi":[1366815144]}]}]},{"tin":{"type":"ein","value":"560552787"},"service_code":["21"],"billing_class":"institutional","payments":[{"allowed_amount":0.00,"billing_code_modifier":[""],"providers":[{"billed_charge":7915.60,"npi":[1144211301]}]}]},{"tin":{"type":"ein","value":"042944524"},"service_code":["65"],"billing_class":"institutional","payments":[{"allowed_amount":1.56,"billing_code_modifier":[""],"providers":[{"billed_charge":47.98,"npi":[1245239136,1750493581]}]}]},{"tin":{"type":"ein","value":"042944524"},"service_code":["65"],"billing_class":"institutional","payments":[{"allowed_amount":1.64,"billing_code_modifier":[""],"providers":[{"billed_charge":47.98,"npi":[1245239136,1750493581]}]}]},{"tin":{"type":"ein","value":"042944524"},"service_code":["65"],"billing_class":"institutional","payments":[{"allowed_amount":2.79,"billing_code_modifier":[""],"providers":[{"billed_charge":85.78,"npi":[1245239136,1750493581]}]}]},{"tin":{"type":"ein","value":"042944524"},"service_code":["65"],"billing_class":"institutional","payments":[{"allowed_amount":2.93,"billing_code_modifier":[""],"providers":[{"billed_charge":85.78,"npi":[1245239136,1750493581]}]}]},{"tin":{"type":"ein","value":"042944524"},"service_code":["65"],"billing_class":"institutional","payments":[{"allowed_amount":5.35,"billing_code_modifier":[""],"providers":[{"billed_charge":47.98,"npi":[1245239136,1750493581]}]}]},{"tin":{"type":"ein","value":"042944524"},"service_code":["65"],"billing_class":"institutional","payments":[{"allowed_amount":7.76,"billing_code_modifier":[""],"providers":[{"billed_charge":47.98,"npi":[1245239136,1750493581]}]}]},{"tin":{"type":"ein","value":"042944524"},"service_code":["65"],"billing_class":"institutional","payments":[{"allowed_amount":8.21,"billing_code_modifier":[""],"providers":[{"billed_charge":47.98,"npi":[1245239136,1750493581]}]}]},{"tin":{"type":"ein","value":"042944524"},"service_code":["65"],"billing_class":"institutional","payments":[{"allowed_amount":10.64,"billing_code_modifier":[""],"providers":[{"billed_charge":171.55,"npi":[1245239136,1750493581]}]}]},{"tin":{"type":"ein","value":"042944524"},"service_code":["65"],"billing_class":"institutional","payments":[{"allowed_amount":12.44,"billing_code_modifier":[""],"providers":[{"billed_charge":171.55,"npi":[1245239136,1750493581]}]}]},{"tin":{"type":"ein","value":"042944524"},"service_code":["65"],"billing_class":"institutional","payments":[{"allowed_amount":12.74,"billing_code_modifier":[""],"providers":[{"billed_charge":257.33,"npi":[1245239136,1750493581]}]}]},{"tin":{"type":"ein","value":"042944524"},"service_code":["65"],"billing_class":"institutional","payments":[{"allowed_amount":15.25,"billing_code_modifier":[""],"providers":[{"billed_charge":171.55,"npi":[1245239136,1750493581]}]}]},{"tin":{"type":"ein","value":"344428256"},"service_code":["21"],"billing_class":"institutional","payments":[{"allowed_amount":0.00,"billing_code_modifier":[""],"providers":[{"billed_charge":2497.00,"npi":[1407854771]}]}]},{"tin":{"type":"ein","value":"566017737"},"service_code":["21"],"billing_class":"institutional","payments":[{"allowed_amount":0.00,"billing_code_modifier":[""],"providers":[{"billed_charge":2708.71,"npi":[1972579837]}]}]},{"tin":{"type":"ein","value":"590774199"},"service_code":["21"],"billing_class":"institutional","payments":[{"allowed_amount":0.00,"billing_code_modifier":[""],"providers":[{"billed_charge":688.91,"npi":[1881632818]}]}]},{"tin":{"type":"ein","value":"591223933"},"service_code":["21"],"billing_class":"institutional","payments":[{"allowed_amount":0.00,"billing_code_modifier":[""],"providers":[{"billed_charge":565.00,"npi":[1144251216,1629148382]}]}]},{"tin":{"type":"ein","value":"650844880"},"service_code":["21"],"billing_class":"institutional","payments":[{"allowed_amount":0.00,"billing_code_modifier":[""],"providers":[{"billed_charge":106.85,"npi":[1083644033]}]}]},{"tin":{"type":"ein","value":"710578871"},"service_code":["23"],"billing_class":"institutional","payments":[{"allowed_amount":10.64,"billing_code_modifier":[""],"providers":[{"billed_charge":14.00,"npi":[1417155078,1609403690]}]}]},{"tin":{"type":"ein","value":"742730328"},"service_code":["21"],"billing_class":"institutional","payments":[{"allowed_amount":0.00,"billing_code_modifier":[""],"providers":[{"billed_charge":1153.71,"npi":[1124074273,1144454406]}]}]},{"tin":{"type":"ein","value":"752051646"},"service_code":["21"],"billing_class":"institutional","payments":[{"allowed_amount":0.00,"billing_code_modifier":[""],"providers":[{"billed_charge":1075.50,"npi":[1891765178]}]}]}]},{"name":"THERAPEUT ACTVITY DIRECT PT CONTACT EACH 15 MIN","billing_code_type":"CPT","billing_code_type_version":"2020","billing_code":"97530","description":"THERAPEUT ACTVITY DIRECT PT CONTACT EACH 15 MIN","allowed_amounts":[{"tin":{"type":"ein","value":"260875355"},"service_code":["11"],"billing_class":"professional","payments":[{"allowed_amount":110.09,"billing_code_modifier":[""],"providers":[{"billed_charge":150.00,"npi":[1669606182,1821223819,1831148725]},{"billed_charge":175.00,"npi":[1669606182,1821223819,1831148725]}]},{"allowed_amount":110.09,"billing_code_modifier":[""],"providers":[{"billed_charge":150.00,"npi":[1669606182,1821223819,1831148725]},{"billed_charge":175.00,"npi":[1669606182,1821223819,1831148725]}]}]},{"tin":{"type":"ein","value":"260875355"},"service_code":["11"],"billing_class":"professional","payments":[{"allowed_amount":110.09,"billing_code_modifier":[""],"providers":[{"billed_charge":150.00,"npi":[1669606182,1821223819,1831148725]},{"billed_charge":175.00,"npi":[1669606182,1821223819,1831148725]}]},{"allowed_amount":110.09,"billing_code_modifier":[""],"providers":[{"billed_charge":150.00,"npi":[1669606182,1821223819,1831148725]},{"billed_charge":175.00,"npi":[1669606182,1821223819,1831148725]}]}]},{"tin":{"type":"ein","value":"260875355"},"service_code":["11"],"billing_class":"professional","payments":[{"allowed_amount":220.18,"billing_code_modifier":[""],"providers":[{"billed_charge":300.00,"npi":[1538745039,1669606182,1790008696,1821223819,1831148725]}]}]}]},{"name":"TX SPEECH LANG VOICE COMMJ &\/AUDITORY PROC IND","billing_code_type":"CPT","billing_code_type_version":"2020","billing_code":"92507","description":"TX SPEECH LANG VOICE COMMJ &\/AUDITORY PROC IND","allowed_amounts":[{"tin":{"type":"ein","value":"260875355"},"service_code":["11"],"billing_class":"professional","payments":[{"allowed_amount":107.76,"billing_code_modifier":[""],"providers":[{"billed_charge":175.00,"npi":[1568879310,1669606182,1831148725]},{"billed_charge":200.00,"npi":[1568879310,1669606182,1831148725]}]},{"allowed_amount":107.76,"billing_code_modifier":[""],"providers":[{"billed_charge":175.00,"npi":[1568879310,1669606182,1831148725]},{"billed_charge":200.00,"npi":[1568879310,1669606182,1831148725]}]}]},{"tin":{"type":"ein","value":"260875355"},"service_code":["11"],"billing_class":"professional","payments":[{"allowed_amount":107.76,"billing_code_modifier":[""],"providers":[{"billed_charge":175.00,"npi":[1568879310,1669606182,1831148725]},{"billed_charge":200.00,"npi":[1568879310,1669606182,1831148725]}]},{"allowed_amount":107.76,"billing_code_modifier":[""],"providers":[{"billed_charge":175.00,"npi":[1568879310,1669606182,1831148725]},{"billed_charge":200.00,"npi":[1568879310,1669606182,1831148725]}]}]}]}]}
