{"reporting_entity_name": "IEC Group_DBA AmeriBen",
	"reporting_entity_type": "Third Party Administrator",
	"plan_name": "CONNOISSEUR MEDIA",
	"issuer_name": "IEC Group_DBA AmeriBen",
	"plan_sponsor_name": "CONNOISSEUR MEDIA",
	"plan_id_type": "ein",
	"plan_id": "461145950",
	"plan_market_type": "group",
	"last_updated_on": "2026-02-01","reporting_period": {
		"start_date": "2025-08-05",
		"end_date": "2025-11-03"
	},"version": "2.0.0","out_of_network":[{"name":"ALS ROUTINE DISPOSABLE SUPPLIES","billing_code_type":"HCPCS","billing_code_type_version":"HCPCS LEVEL II 2021","billing_code":"A0398","description":"ALS ROUTINE DISPOSABLE SUPPLIES","allowed_amounts":[{"tin":{"type":"ein","value":"746002070"},"service_code":["41"],"billing_class":"professional","setting":"outpatient","payments":[{"allowed_amount":35.00,"providers":[{"billed_charge":35.00,"npi":[1053377713]}]}]}]},{"name":"AMB SRVC ALS EMERG TRANSPORT LEVL 1","billing_code_type":"HCPCS","billing_code_type_version":"HCPCS LEVEL II 2021","billing_code":"A0427","description":"AMB SRVC ALS EMERG TRANSPORT LEVL 1","allowed_amounts":[{"tin":{"type":"ein","value":"746002070"},"service_code":["41"],"billing_class":"professional","setting":"outpatient","payments":[{"allowed_amount":1500.00,"providers":[{"billed_charge":1500.00,"npi":[1053377713]}]}]},{"tin":{"type":"ein","value":"930567420"},"service_code":["41"],"billing_class":"professional","setting":"outpatient","payments":[{"allowed_amount":1724.71,"providers":[{"billed_charge":1724.71,"npi":[1972609923]}]}]}]},{"name":"ANES PERMANENT TRANSVENOUS PACEMAKER INSERTION","billing_code_type":"CPT","billing_code_type_version":"2020","billing_code":"00530","description":"ANES PERMANENT TRANSVENOUS PACEMAKER INSERTION","allowed_amounts":[{"tin":{"type":"ein","value":"992150983"},"service_code":["21"],"billing_class":"professional","setting":"inpatient","payments":[{"allowed_amount":1262.16,"providers":[{"billed_charge":2448.00,"npi":[1821831975]}]}]}]},{"name":"ANESTHESIA EXTERNAL MIDDLE & INNER EAR W\/BX NOS","billing_code_type":"CPT","billing_code_type_version":"2020","billing_code":"00120","description":"ANESTHESIA EXTERNAL MIDDLE & INNER EAR W\/BX NOS","allowed_amounts":[{"tin":{"type":"ein","value":"874205777"},"service_code":["24"],"billing_class":"professional","setting":"outpatient","payments":[{"allowed_amount":472.17,"providers":[{"billed_charge":640.00,"npi":[1134732548]}]}]}]},{"name":"ANESTHESIA EXTREME AGE PATIENT<1 YR&>70","billing_code_type":"CPT","billing_code_type_version":"2020","billing_code":"99100","description":"ANESTHESIA EXTREME AGE PATIENT<1 YR&>70","allowed_amounts":[{"tin":{"type":"ein","value":"992150983"},"service_code":["21"],"billing_class":"professional","setting":"inpatient","payments":[{"allowed_amount":60.43,"providers":[{"billed_charge":204.00,"npi":[1821831975]}]}]}]},{"name":"BASIC METABOLIC PANEL CALCIUM TOTAL","billing_code_type":"CPT","billing_code_type_version":"2020","billing_code":"80048","description":"BASIC METABOLIC PANEL CALCIUM TOTAL","allowed_amounts":[{"tin":{"type":"ein","value":"464073964"},"service_code":["22"],"billing_class":"professional","setting":"outpatient","payments":[{"allowed_amount":0.00,"providers":[{"billed_charge":14.90,"npi":[1780014191]}]}]}]},{"name":"CT HEAD\/BRAIN W\/O CONTRAST MATERIAL","billing_code_type":"CPT","billing_code_type_version":"2020","billing_code":"70450","description":"CT HEAD\/BRAIN W\/O CONTRAST MATERIAL","allowed_amounts":[{"tin":{"type":"ein","value":"751286819"},"service_code":["19"],"billing_class":"professional","setting":"outpatient","payments":[{"allowed_amount":42.18,"providers":[{"billed_charge":168.00,"npi":[1053439935]}]}]}]},{"name":"CT SOFT TISSUE NECK W\/CONTRAST MATERIAL","billing_code_type":"CPT","billing_code_type_version":"2020","billing_code":"70491","description":"CT SOFT TISSUE NECK W\/CONTRAST MATERIAL","allowed_amounts":[{"tin":{"type":"ein","value":"751286819"},"service_code":["19"],"billing_class":"professional","setting":"outpatient","payments":[{"allowed_amount":71.80,"providers":[{"billed_charge":275.00,"npi":[1053439935]}]}]}]},{"name":"DIAGNOSTIC COMPUTED TOMOGRAPHY THORAX W\/O CNTRST","billing_code_type":"CPT","billing_code_type_version":"2020","billing_code":"71250","description":"DIAGNOSTIC COMPUTED TOMOGRAPHY THORAX W\/O CNTRST","allowed_amounts":[{"tin":{"type":"ein","value":"751286819"},"service_code":["19"],"billing_class":"professional","setting":"outpatient","payments":[{"allowed_amount":56.25,"providers":[{"billed_charge":203.00,"npi":[1043297260]}]}]}]},{"name":"DIAGNOSTIC MAMMOGRAPHY COMPUTER-AIDED DETCJ BI","billing_code_type":"CPT","billing_code_type_version":"2020","billing_code":"77066","description":"DIAGNOSTIC MAMMOGRAPHY COMPUTER-AIDED DETCJ BI","allowed_amounts":[{"tin":{"type":"ein","value":"921281848"},"service_code":["22"],"billing_class":"professional","setting":"outpatient","payments":[{"allowed_amount":104.49,"providers":[{"billed_charge":206.00,"npi":[1285830513,1376076828]}]}]}]},{"name":"DIGITAL BREAST TOMOSYNTHESIS BILATERAL","billing_code_type":"CPT","billing_code_type_version":"2020","billing_code":"77062","description":"DIGITAL BREAST TOMOSYNTHESIS BILATERAL","allowed_amounts":[{"tin":{"type":"ein","value":"921281848"},"service_code":["22"],"billing_class":"professional","setting":"outpatient","payments":[{"allowed_amount":104.49,"providers":[{"billed_charge":124.00,"npi":[1285830513,1376076828]}]}]}]},{"name":"DR TST DEFIN DR ID M P D 22\/M DR CL","billing_code_type":"HCPCS","billing_code_type_version":"HCPCS LEVEL II 2021","billing_code":"G0483","description":"DR TST DEFIN DR ID M P D 22\/M DR CL","allowed_amounts":[{"tin":{"type":"ein","value":"261565558"},"service_code":["81"],"billing_class":"professional","setting":"outpatient","payments":[{"allowed_amount":0.00,"providers":[{"billed_charge":499.00,"npi":[1497933162]}]}]}]},{"name":"DRUGS REQUIRE SPECIFIC ID: DRUGS REQUIRING DETAIL","billing_code_type":"RC","billing_code_type_version":"UB04","billing_code":"0636","description":"DRUGS REQUIRE SPECIFIC ID: DRUGS REQUIRING DETAIL","allowed_amounts":[{"tin":{"type":"ein","value":"474187773"},"billing_class":"institutional","setting":"inpatient","payments":[{"allowed_amount":5.68,"providers":[{"billed_charge":28.16,"npi":[1115456786,1619321742]}]}]},{"tin":{"type":"ein","value":"474187773"},"billing_class":"institutional","setting":"inpatient","payments":[{"allowed_amount":10.09,"providers":[{"billed_charge":50.00,"npi":[1115456786,1619321742]}]}]},{"tin":{"type":"ein","value":"474187773"},"billing_class":"institutional","setting":"inpatient","payments":[{"allowed_amount":22.74,"providers":[{"billed_charge":112.64,"npi":[1115456786,1619321742]}]}]}]},{"name":"DUP-SCAN XTR VEINS UNILATERAL\/LIMITED STUDY","billing_code_type":"CPT","billing_code_type_version":"2020","billing_code":"93971","description":"DUP-SCAN XTR VEINS UNILATERAL\/LIMITED STUDY","allowed_amounts":[{"tin":{"type":"ein","value":"921281848"},"service_code":["23"],"billing_class":"professional","setting":"outpatient","payments":[{"allowed_amount":48.37,"providers":[{"billed_charge":91.00,"npi":[1144485954,1659639557]}]}]}]},{"name":"ECG ROUTINE ECG W\/LEAST 12 LDS I&R ONLY","billing_code_type":"CPT","billing_code_type_version":"2020","billing_code":"93010","description":"ECG ROUTINE ECG W\/LEAST 12 LDS I&R ONLY","allowed_amounts":[{"tin":{"type":"ein","value":"882958926"},"service_code":["23"],"billing_class":"professional","setting":"outpatient","payments":[{"allowed_amount":0.00,"providers":[{"billed_charge":59.00,"npi":[1902828247]}]}]}]},{"name":"EMERGENCY DEPARTMENT VISIT HIGH MDM","billing_code_type":"CPT","billing_code_type_version":"2020","billing_code":"99285","description":"EMERGENCY DEPARTMENT VISIT HIGH MDM","allowed_amounts":[{"tin":{"type":"ein","value":"364323723"},"service_code":["23"],"billing_class":"professional","setting":"outpatient","payments":[{"allowed_amount":0.00,"providers":[{"billed_charge":1129.00,"npi":[1902335789]}]}]},{"tin":{"type":"ein","value":"364323723"},"service_code":["23"],"billing_class":"professional","setting":"outpatient","payments":[{"allowed_amount":171.90,"providers":[{"billed_charge":1129.00,"npi":[1902335789]}]}]},{"tin":{"type":"ein","value":"882958926"},"service_code":["23"],"billing_class":"professional","setting":"outpatient","payments":[{"allowed_amount":366.32,"providers":[{"billed_charge":1281.00,"npi":[1902828247]}]}]}]},{"name":"EMERGENCY DEPARTMENT VISIT LOW MDM","billing_code_type":"CPT","billing_code_type_version":"2020","billing_code":"99283","description":"EMERGENCY DEPARTMENT VISIT LOW MDM","allowed_amounts":[{"tin":{"type":"ein","value":"364323723"},"service_code":["23"],"billing_class":"professional","setting":"outpatient","payments":[{"allowed_amount":69.23,"providers":[{"billed_charge":483.00,"npi":[1922047653]}]}]},{"tin":{"type":"ein","value":"813257382"},"service_code":["23"],"billing_class":"professional","setting":"outpatient","payments":[{"allowed_amount":108.12,"providers":[{"billed_charge":850.00,"npi":[1760724439]}]}]}]},{"name":"EMERGENCY DEPARTMENT VISIT MODERATE MDM","billing_code_type":"CPT","billing_code_type_version":"2020","billing_code":"99284","description":"EMERGENCY DEPARTMENT VISIT MODERATE MDM","allowed_amounts":[{"tin":{"type":"ein","value":"473239141"},"service_code":["23"],"billing_class":"professional","setting":"outpatient","payments":[{"allowed_amount":121.91,"providers":[{"billed_charge":1475.00,"npi":[1952717050]}]}]},{"tin":{"type":"ein","value":"474649080"},"service_code":["23"],"billing_class":"professional","setting":"outpatient","payments":[{"allowed_amount":170.92,"providers":[{"billed_charge":1413.09,"npi":[1093927709]}]}]},{"tin":{"type":"ein","value":"474649080"},"service_code":["23"],"billing_class":"professional","setting":"outpatient","payments":[{"allowed_amount":215.28,"providers":[{"billed_charge":1413.09,"npi":[1588849475]}]}]}]},{"name":"EMERGENCY ROOM","billing_code_type":"RC","billing_code_type_version":"UB04","billing_code":"0450","description":"EMERGENCY ROOM","allowed_amounts":[{"tin":{"type":"ein","value":"334253489"},"billing_class":"institutional","setting":"inpatient","payments":[{"allowed_amount":0.00,"providers":[{"billed_charge":329.00,"npi":[1115456786,1518752302]}]}]},{"tin":{"type":"ein","value":"334253489"},"billing_class":"institutional","setting":"inpatient","payments":[{"allowed_amount":1436.24,"providers":[{"billed_charge":3532.00,"npi":[1115456786,1518752302]}]}]},{"tin":{"type":"ein","value":"473923087"},"billing_class":"institutional","setting":"inpatient","payments":[{"allowed_amount":0.00,"providers":[{"billed_charge":1669.80,"npi":[1115456786,1366815144]}]}]},{"tin":{"type":"ein","value":"474187773"},"billing_class":"institutional","setting":"inpatient","payments":[{"allowed_amount":596.76,"providers":[{"billed_charge":2956.00,"npi":[1115456786,1619321742]}]}]},{"tin":{"type":"ein","value":"923094590"},"billing_class":"institutional","setting":"inpatient","payments":[{"allowed_amount":684.79,"providers":[{"billed_charge":5040.00,"npi":[1115456786,1477234995]}]}]}]},{"name":"GROUND MILEAGE","billing_code_type":"HCPCS","billing_code_type_version":"HCPCS LEVEL II 2021","billing_code":"A0425","description":"GROUND MILEAGE","allowed_amounts":[{"tin":{"type":"ein","value":"746002070"},"service_code":["41"],"billing_class":"professional","setting":"outpatient","payments":[{"allowed_amount":45.60,"providers":[{"billed_charge":45.60,"npi":[1053377713]}]}]},{"tin":{"type":"ein","value":"930567420"},"service_code":["41"],"billing_class":"professional","setting":"outpatient","payments":[{"allowed_amount":193.13,"providers":[{"billed_charge":193.13,"npi":[1972609923]}]}]}]},{"name":"IADNA CANDIDA SPECIES AMPLIFIED PROBE TQ","billing_code_type":"CPT","billing_code_type_version":"2020","billing_code":"87481","description":"IADNA CANDIDA SPECIES AMPLIFIED PROBE TQ","allowed_amounts":[{"tin":{"type":"ein","value":"621433252"},"service_code":["81"],"billing_class":"professional","setting":"outpatient","payments":[{"allowed_amount":73.68,"providers":[{"billed_charge":105.27,"npi":[1689639544]}]}]}]},{"name":"IADNA NOS AMPLIFIED PROBE TQ EACH ORGANISM","billing_code_type":"CPT","billing_code_type_version":"2020","billing_code":"87798","description":"IADNA NOS AMPLIFIED PROBE TQ EACH ORGANISM","allowed_amounts":[{"tin":{"type":"ein","value":"621433252"},"service_code":["81"],"billing_class":"professional","setting":"outpatient","payments":[{"allowed_amount":24.56,"providers":[{"billed_charge":35.09,"npi":[1689639544]}]}]},{"tin":{"type":"ein","value":"621433252"},"service_code":["81"],"billing_class":"professional","setting":"outpatient","payments":[{"allowed_amount":270.16,"providers":[{"billed_charge":385.99,"npi":[1689639544]}]}]}]},{"name":"IADNA S AUREUS AMPLIFIED PROBE TQ","billing_code_type":"CPT","billing_code_type_version":"2020","billing_code":"87640","description":"IADNA S AUREUS AMPLIFIED PROBE TQ","allowed_amounts":[{"tin":{"type":"ein","value":"621433252"},"service_code":["81"],"billing_class":"professional","setting":"outpatient","payments":[{"allowed_amount":24.56,"providers":[{"billed_charge":35.09,"npi":[1689639544]}]}]}]},{"name":"IADNA STREPTOCOCCUS GROUP A AMPLIFIED PROBE TQ","billing_code_type":"CPT","billing_code_type_version":"2020","billing_code":"87651","description":"IADNA STREPTOCOCCUS GROUP A AMPLIFIED PROBE TQ","allowed_amounts":[{"tin":{"type":"ein","value":"621433252"},"service_code":["81"],"billing_class":"professional","setting":"outpatient","payments":[{"allowed_amount":24.56,"providers":[{"billed_charge":35.09,"npi":[1689639544]}]}]}]},{"name":"IADNA STREPTOCOCCUS GROUP B AMPLIFIED PROBE TQ","billing_code_type":"CPT","billing_code_type_version":"2020","billing_code":"87653","description":"IADNA STREPTOCOCCUS GROUP B AMPLIFIED PROBE TQ","allowed_amounts":[{"tin":{"type":"ein","value":"621433252"},"service_code":["81"],"billing_class":"professional","setting":"outpatient","payments":[{"allowed_amount":24.56,"providers":[{"billed_charge":35.09,"npi":[1689639544]}]}]}]},{"name":"IV THERAPY","billing_code_type":"RC","billing_code_type_version":"UB04","billing_code":"0260","description":"IV THERAPY","allowed_amounts":[{"tin":{"type":"ein","value":"474187773"},"billing_class":"institutional","setting":"inpatient","payments":[{"allowed_amount":96.10,"providers":[{"billed_charge":476.03,"npi":[1115456786,1619321742]}]}]},{"tin":{"type":"ein","value":"474187773"},"billing_class":"institutional","setting":"inpatient","payments":[{"allowed_amount":161.30,"providers":[{"billed_charge":798.99,"npi":[1115456786,1619321742]}]}]}]},{"name":"LABORATORY - CLINICAL DIAGNOSTIC","billing_code_type":"RC","billing_code_type_version":"UB04","billing_code":"0300","description":"LABORATORY - CLINICAL DIAGNOSTIC","allowed_amounts":[{"tin":{"type":"ein","value":"474187773"},"billing_class":"institutional","setting":"inpatient","payments":[{"allowed_amount":36.34,"providers":[{"billed_charge":180.00,"npi":[1115456786,1619321742]}]}]},{"tin":{"type":"ein","value":"474187773"},"billing_class":"institutional","setting":"inpatient","payments":[{"allowed_amount":54.08,"providers":[{"billed_charge":267.87,"npi":[1115456786,1619321742]}]}]}]},{"name":"LIPID PANEL","billing_code_type":"CPT","billing_code_type_version":"2020","billing_code":"80061","description":"LIPID PANEL","allowed_amounts":[{"tin":{"type":"ein","value":"464073964"},"service_code":["22"],"billing_class":"professional","setting":"outpatient","payments":[{"allowed_amount":0.00,"providers":[{"billed_charge":47.90,"npi":[1780014191]}]}]}]},{"name":"MAGNETIC RESONANCE TECH. (MRT)","billing_code_type":"RC","billing_code_type_version":"UB04","billing_code":"0610","description":"MAGNETIC RESONANCE TECH. (MRT)","allowed_amounts":[{"tin":{"type":"ein","value":"473923087"},"billing_class":"institutional","setting":"inpatient","payments":[{"allowed_amount":2753.73,"providers":[{"billed_charge":3635.10,"npi":[1115456786,1366815144]}]}]}]},{"name":"MEDICAL\/SURGICAL SUPPLIES","billing_code_type":"RC","billing_code_type_version":"UB04","billing_code":"0270","description":"MEDICAL\/SURGICAL SUPPLIES","allowed_amounts":[{"tin":{"type":"ein","value":"473923087"},"billing_class":"institutional","setting":"inpatient","payments":[{"allowed_amount":0.00,"providers":[{"billed_charge":76.53,"npi":[1115456786,1366815144]}]}]}]},{"name":"OFFICE\/OUTPATIENT ESTABLISHED LOW MDM 20 MIN","billing_code_type":"CPT","billing_code_type_version":"2020","billing_code":"99213","description":"OFFICE\/OUTPATIENT ESTABLISHED LOW MDM 20 MIN","allowed_amounts":[{"tin":{"type":"ein","value":"999999999"},"service_code":["11"],"billing_class":"professional","setting":"outpatient","payments":[{"allowed_amount":138.33,"providers":[{"billed_charge":200.00,"npi":[1115456786]}]}]}]},{"name":"OFFICE\/OUTPATIENT ESTABLISHED MOD MDM 30 MIN","billing_code_type":"CPT","billing_code_type_version":"2020","billing_code":"99214","description":"OFFICE\/OUTPATIENT ESTABLISHED MOD MDM 30 MIN","allowed_amounts":[{"tin":{"type":"ein","value":"999999999"},"service_code":["11"],"billing_class":"professional","setting":"outpatient","payments":[{"allowed_amount":196.27,"providers":[{"billed_charge":215.00,"npi":[1115456786]}]}]}]},{"name":"OFFICE\/OUTPATIENT NEW HIGH MDM 60 MINUTES","billing_code_type":"CPT","billing_code_type_version":"2020","billing_code":"99205","description":"OFFICE\/OUTPATIENT NEW HIGH MDM 60 MINUTES","allowed_amounts":[{"tin":{"type":"ein","value":"999999999"},"service_code":["11"],"billing_class":"professional","setting":"outpatient","payments":[{"allowed_amount":335.65,"providers":[{"billed_charge":550.00,"npi":[1115456786]}]}]}]},{"name":"OFFICE\/OUTPATIENT NEW MODERATE MDM 45 MINUTES","billing_code_type":"CPT","billing_code_type_version":"2020","billing_code":"99204","description":"OFFICE\/OUTPATIENT NEW MODERATE MDM 45 MINUTES","allowed_amounts":[{"tin":{"type":"ein","value":"061590641"},"service_code":["11"],"billing_class":"professional","setting":"outpatient","payments":[{"allowed_amount":408.38,"providers":[{"billed_charge":450.00,"npi":[1386912053]}]}]}]},{"name":"PHARMACY","billing_code_type":"RC","billing_code_type_version":"UB04","billing_code":"0250","description":"PHARMACY","allowed_amounts":[{"tin":{"type":"ein","value":"334253489"},"billing_class":"institutional","setting":"inpatient","payments":[{"allowed_amount":0.00,"providers":[{"billed_charge":20.00,"npi":[1115456786,1518752302]},{"billed_charge":100.00,"npi":[1115456786,1518752302]}]},{"allowed_amount":0.00,"providers":[{"billed_charge":20.00,"npi":[1115456786,1518752302]},{"billed_charge":100.00,"npi":[1115456786,1518752302]}]}]},{"tin":{"type":"ein","value":"334253489"},"billing_class":"institutional","setting":"inpatient","payments":[{"allowed_amount":0.00,"providers":[{"billed_charge":20.00,"npi":[1115456786,1518752302]},{"billed_charge":100.00,"npi":[1115456786,1518752302]}]},{"allowed_amount":0.00,"providers":[{"billed_charge":20.00,"npi":[1115456786,1518752302]},{"billed_charge":100.00,"npi":[1115456786,1518752302]}]}]},{"tin":{"type":"ein","value":"473923087"},"billing_class":"institutional","setting":"inpatient","payments":[{"allowed_amount":0.00,"providers":[{"billed_charge":3.45,"npi":[1115456786,1366815144]}]}]},{"tin":{"type":"ein","value":"474187773"},"billing_class":"institutional","setting":"inpatient","payments":[{"allowed_amount":1.97,"providers":[{"billed_charge":9.73,"npi":[1115456786,1619321742]}]}]},{"tin":{"type":"ein","value":"474187773"},"billing_class":"institutional","setting":"inpatient","payments":[{"allowed_amount":56.85,"providers":[{"billed_charge":281.60,"npi":[1115456786,1619321742]}]}]}]},{"name":"PHARMACY: IV SOLUTIONS","billing_code_type":"RC","billing_code_type_version":"UB04","billing_code":"0258","description":"PHARMACY: IV SOLUTIONS","allowed_amounts":[{"tin":{"type":"ein","value":"474187773"},"billing_class":"institutional","setting":"inpatient","payments":[{"allowed_amount":14.09,"providers":[{"billed_charge":69.80,"npi":[1115456786,1619321742]}]}]}]},{"name":"PROLONGED OUTPATIENT E\/M SERVICE EACH 15 MINUTES","billing_code_type":"CPT","billing_code_type_version":"2020","billing_code":"99417","description":"PROLONGED OUTPATIENT E\/M SERVICE EACH 15 MINUTES","allowed_amounts":[{"tin":{"type":"ein","value":"999999999"},"service_code":["11"],"billing_class":"professional","setting":"outpatient","payments":[{"allowed_amount":45.00,"providers":[{"billed_charge":45.00,"npi":[1115456786]}]}]}]},{"name":"PSYC GENOMIC ALYS PANEL VARIANT ALYS 15 GENES","billing_code_type":"CPT","billing_code_type_version":"2020","billing_code":"0345U","description":"PSYC GENOMIC ALYS PANEL VARIANT ALYS 15 GENES","allowed_amounts":[{"tin":{"type":"ein","value":"271453375"},"service_code":["81"],"billing_class":"professional","setting":"outpatient","payments":[{"allowed_amount":0.00,"providers":[{"billed_charge":5500.00,"npi":[1235363052,1760197990]}]}]}]},{"name":"PSYCHOTHERAPY W\/PATIENT 60 MINUTES","billing_code_type":"CPT","billing_code_type_version":"2020","billing_code":"90837","description":"PSYCHOTHERAPY W\/PATIENT 60 MINUTES","allowed_amounts":[{"tin":{"type":"ein","value":"721517480"},"service_code":["11"],"billing_class":"professional","setting":"outpatient","payments":[{"allowed_amount":104.69,"providers":[{"billed_charge":150.00,"npi":[1639115348]}]}]},{"tin":{"type":"ein","value":"872349624"},"service_code":["11"],"billing_class":"professional","setting":"outpatient","payments":[{"allowed_amount":66.00,"providers":[{"billed_charge":125.00,"npi":[1518488154]}]}]}]},{"name":"PSYCHOTHERAPY W\/PATIENT W\/E&M SRVCS 30 MIN","billing_code_type":"CPT","billing_code_type_version":"2020","billing_code":"90833","description":"PSYCHOTHERAPY W\/PATIENT W\/E&M SRVCS 30 MIN","allowed_amounts":[{"tin":{"type":"ein","value":"999999999"},"service_code":["11"],"billing_class":"professional","setting":"outpatient","payments":[{"allowed_amount":110.00,"providers":[{"billed_charge":110.00,"npi":[1115456786]}]}]}]},{"name":"PSYCHOTHERAPY W\/PATIENT W\/E&M SRVCS 45 MIN","billing_code_type":"CPT","billing_code_type_version":"2020","billing_code":"90836","description":"PSYCHOTHERAPY W\/PATIENT W\/E&M SRVCS 45 MIN","allowed_amounts":[{"tin":{"type":"ein","value":"999999999"},"service_code":["11"],"billing_class":"professional","setting":"outpatient","payments":[{"allowed_amount":135.00,"providers":[{"billed_charge":135.00,"npi":[1115456786]}]}]},{"tin":{"type":"ein","value":"999999999"},"service_code":["11"],"billing_class":"professional","setting":"outpatient","payments":[{"allowed_amount":145.00,"providers":[{"billed_charge":145.00,"npi":[1115456786]}]}]}]},{"name":"RADEX FOOT COMPLETE MINIMUM 3 VIEWS","billing_code_type":"CPT","billing_code_type_version":"2020","billing_code":"73630","description":"RADEX FOOT COMPLETE MINIMUM 3 VIEWS","allowed_amounts":[{"tin":{"type":"ein","value":"921281848"},"service_code":["22"],"billing_class":"professional","setting":"outpatient","payments":[{"allowed_amount":10.58,"providers":[{"billed_charge":35.00,"npi":[1548347768,1972814358]}]}]}]},{"name":"RADIOLOG EXAM MANDIBLE COMPL MINIMUM 4 VIEWS","billing_code_type":"CPT","billing_code_type_version":"2020","billing_code":"70110","description":"RADIOLOG EXAM MANDIBLE COMPL MINIMUM 4 VIEWS","allowed_amounts":[{"tin":{"type":"ein","value":"751286819"},"service_code":["11"],"billing_class":"professional","setting":"outpatient","payments":[{"allowed_amount":13.33,"providers":[{"billed_charge":50.00,"npi":[1912386970]}]}]}]},{"name":"RADIOLOGIC EXAM CHEST 2 VIEWS","billing_code_type":"CPT","billing_code_type_version":"2020","billing_code":"71046","description":"RADIOLOGIC EXAM CHEST 2 VIEWS","allowed_amounts":[{"tin":{"type":"ein","value":"751286819"},"service_code":["11"],"billing_class":"professional","setting":"outpatient","payments":[{"allowed_amount":11.47,"providers":[{"billed_charge":43.00,"npi":[1013998111]}]}]}]},{"name":"RADIOLOGIC EXAM CHEST SINGLE VIEW","billing_code_type":"CPT","billing_code_type_version":"2020","billing_code":"71045","description":"RADIOLOGIC EXAM CHEST SINGLE VIEW","allowed_amounts":[{"tin":{"type":"ein","value":"333984600"},"service_code":["23"],"billing_class":"professional","setting":"outpatient","payments":[{"allowed_amount":8.26,"providers":[{"billed_charge":25.08,"npi":[1588467948]}]}]}]},{"name":"RADIOLOGIC EXAMINATION TIBIA & FIBULA 2 VIEWS","billing_code_type":"CPT","billing_code_type_version":"2020","billing_code":"73590","description":"RADIOLOGIC EXAMINATION TIBIA & FIBULA 2 VIEWS","allowed_amounts":[{"tin":{"type":"ein","value":"921281848"},"service_code":["23"],"billing_class":"professional","setting":"outpatient","payments":[{"allowed_amount":18.17,"providers":[{"billed_charge":34.00,"npi":[1144485954,1659639557]}]}]}]},{"name":"RADIOLOGY - DIAGNOSTIC","billing_code_type":"RC","billing_code_type_version":"UB04","billing_code":"0320","description":"RADIOLOGY - DIAGNOSTIC","allowed_amounts":[{"tin":{"type":"ein","value":"334253489"},"billing_class":"institutional","setting":"inpatient","payments":[{"allowed_amount":0.00,"providers":[{"billed_charge":440.00,"npi":[1115456786,1518752302]}]}]}]},{"name":"REM INTERROG ICPMS <30 D PHYS\/QHP","billing_code_type":"CPT","billing_code_type_version":"2020","billing_code":"93297","description":"REM INTERROG ICPMS <30 D PHYS\/QHP","allowed_amounts":[{"tin":{"type":"ein","value":"460391067"},"service_code":["11"],"billing_class":"professional","setting":"outpatient","payments":[{"allowed_amount":55.40,"providers":[{"billed_charge":127.00,"npi":[1003203456]}]}]}]},{"name":"RESIDENTIAL TREATMENT-CHEMICAL DEPENDENCY","billing_code_type":"RC","billing_code_type_version":"UB04","billing_code":"1002","description":"RESIDENTIAL TREATMENT-CHEMICAL DEPENDENCY","allowed_amounts":[{"tin":{"type":"ein","value":"934649575"},"billing_class":"institutional","setting":"inpatient","payments":[{"allowed_amount":669.00,"providers":[{"billed_charge":2500.00,"npi":[1115456786,1124869144]}]}]}]},{"name":"RESPIRATORY SERVICES: INHALATION SERVICES","billing_code_type":"RC","billing_code_type_version":"UB04","billing_code":"0412","description":"RESPIRATORY SERVICES: INHALATION SERVICES","allowed_amounts":[{"tin":{"type":"ein","value":"334253489"},"billing_class":"institutional","setting":"inpatient","payments":[{"allowed_amount":0.00,"providers":[{"billed_charge":185.00,"npi":[1115456786,1518752302]}]}]}]},{"name":"UNLISTED PROCEDURE BREAST","billing_code_type":"CPT","billing_code_type_version":"2020","billing_code":"19499","description":"UNLISTED PROCEDURE BREAST","allowed_amounts":[{"tin":{"type":"ein","value":"921281848"},"service_code":["22"],"billing_class":"professional","setting":"outpatient","payments":[{"allowed_amount":299.38,"providers":[{"billed_charge":480.00,"npi":[1025345665,1922108489,1962598789]}]}]}]},{"name":"US LMTD JT\/FCL EVAL NONVASC XTR STRUX R-T W\/IMG","billing_code_type":"CPT","billing_code_type_version":"2020","billing_code":"76882","description":"US LMTD JT\/FCL EVAL NONVASC XTR STRUX R-T W\/IMG","allowed_amounts":[{"tin":{"type":"ein","value":"921281848"},"service_code":["22"],"billing_class":"professional","setting":"outpatient","payments":[{"allowed_amount":53.00,"providers":[{"billed_charge":143.00,"npi":[1093071045,1427278399]}]}]}]}]}
