{"reporting_entity_name": "IEC Group_DBA AmeriBen",
	"reporting_entity_type": "Third Party Administrator",
	"plan_name": "SPECTRIS",
	"plan_id_type": "ein",
	"plan_id": "510363173",
	"plan_market_type": "group",
	"last_updated_on": "2022-12-01","Version": "1.0.0","out_of_network":[{"name":"ADAPTIVE BEHAVIOR TX BY PROTOCOL TECH EA 15 MIN","billing_code_type":"CPT","billing_code_type_version":"2020","billing_code":"97153","description":"ADAPTIVE BEHAVIOR TX BY PROTOCOL TECH EA 15 MIN","allowed_amounts":[{"tin":{"type":"ein","value":"470986503"},"service_code":["12"],"billing_class":"professional","payments":[{"allowed_amount":1071.00,"billing_code_modifier":[""],"providers":[{"billed_charge":1260.00,"npi":[1295148146,1871855627]}]}]}]},{"name":"PSYCHOTHERAPY W\/PATIENT 45 MINUTES","billing_code_type":"CPT","billing_code_type_version":"2020","billing_code":"90834","description":"PSYCHOTHERAPY W\/PATIENT 45 MINUTES","allowed_amounts":[{"tin":{"type":"ein","value":"208346815"},"service_code":["11"],"billing_class":"professional","payments":[{"allowed_amount":81.40,"billing_code_modifier":[""],"providers":[{"billed_charge":100.00,"npi":[1003907403]}]}]},{"tin":{"type":"ein","value":"853386371"},"service_code":["11"],"billing_class":"professional","payments":[{"allowed_amount":66.00,"billing_code_modifier":[""],"providers":[{"billed_charge":90.00,"npi":[1063029510]},{"billed_charge":140.00,"npi":[1063029510]}]},{"allowed_amount":66.00,"billing_code_modifier":[""],"providers":[{"billed_charge":90.00,"npi":[1063029510]},{"billed_charge":140.00,"npi":[1063029510]}]}]},{"tin":{"type":"ein","value":"853386371"},"service_code":["11"],"billing_class":"professional","payments":[{"allowed_amount":66.00,"billing_code_modifier":[""],"providers":[{"billed_charge":90.00,"npi":[1063029510]},{"billed_charge":140.00,"npi":[1063029510]}]},{"allowed_amount":66.00,"billing_code_modifier":[""],"providers":[{"billed_charge":90.00,"npi":[1063029510]},{"billed_charge":140.00,"npi":[1063029510]}]}]},{"tin":{"type":"ein","value":"861747274"},"service_code":["11"],"billing_class":"professional","payments":[{"allowed_amount":66.00,"billing_code_modifier":[""],"providers":[{"billed_charge":158.00,"npi":[1164014874,1326581323]}]}]}]}]}
