{"reporting_entity_name": "IEC Group_DBA AmeriBen",
	"reporting_entity_type": "Third Party Administrator",
	"plan_name": "PRO MACH, INC.",
	"plan_id_type": "ein",
	"plan_id": "582402604",
	"plan_market_type": "group",
	"last_updated_on": "2025-10-01","Version": "1.0.0","out_of_network":[{"name":"ADAPTIVE BEHAVIOR TX BY PROTOCOL TECH EA 15 MIN","billing_code_type":"CPT","billing_code_type_version":"2020","billing_code":"97153","description":"ADAPTIVE BEHAVIOR TX BY PROTOCOL TECH EA 15 MIN","allowed_amounts":[{"tin":{"type":"ein","value":"842053778"},"service_code":["11","12"],"billing_class":"professional","payments":[{"allowed_amount":0.00,"billing_code_modifier":[""],"providers":[{"billed_charge":1440.00,"npi":[1003507336,1740849793]},{"billed_charge":720.00,"npi":[1003507336,1740849793]}]},{"allowed_amount":0.00,"billing_code_modifier":[""],"providers":[{"billed_charge":1440.00,"npi":[1003507336,1740849793]},{"billed_charge":720.00,"npi":[1003507336,1740849793]}]}]},{"tin":{"type":"ein","value":"842053778"},"service_code":["12"],"billing_class":"professional","payments":[{"allowed_amount":0.00,"billing_code_modifier":[""],"providers":[{"billed_charge":1440.00,"npi":[1003507336,1740849793]},{"billed_charge":720.00,"npi":[1003507336,1740849793]}]},{"allowed_amount":0.00,"billing_code_modifier":[""],"providers":[{"billed_charge":1440.00,"npi":[1003507336,1740849793]},{"billed_charge":720.00,"npi":[1003507336,1740849793]}]}]},{"tin":{"type":"ein","value":"842053778"},"service_code":["12"],"billing_class":"professional","payments":[{"allowed_amount":344.00,"billing_code_modifier":[""],"providers":[{"billed_charge":720.00,"npi":[1437802865,1740849793]}]}]}]},{"name":"CAPD OPD\/HOME: CAPD COMP OR OTHER RATE","billing_code_type":"RC","billing_code_type_version":"UB04","billing_code":"0841","description":"CAPD OPD\/HOME: CAPD COMP OR OTHER RATE","allowed_amounts":[{"tin":{"type":"ein","value":"952977916"},"service_code":["65"],"billing_class":"institutional","payments":[{"allowed_amount":328.75,"billing_code_modifier":[""],"providers":[{"billed_charge":3671.00,"npi":[1659544716,1962431650]}]}]},{"tin":{"type":"ein","value":"952977916"},"service_code":["65"],"billing_class":"institutional","payments":[{"allowed_amount":343.75,"billing_code_modifier":[""],"providers":[{"billed_charge":3671.00,"npi":[1659544716,1962431650]}]}]}]},{"name":"DEBRIDEMENT MUSCLE &\/FASCIA 1ST 20 SQ CM\/<","billing_code_type":"CPT","billing_code_type_version":"2020","billing_code":"11043","description":"DEBRIDEMENT MUSCLE &\/FASCIA 1ST 20 SQ CM\/<","allowed_amounts":[{"tin":{"type":"ein","value":"475510475"},"service_code":["21"],"billing_class":"professional","payments":[{"allowed_amount":252.97,"billing_code_modifier":[""],"providers":[{"billed_charge":478.00,"npi":[1013308360,1518514207,1962856161]}]}]}]},{"name":"HEMODIALYSIS PROCEDURE W\/ PHYS\/QHP EVALUATION","billing_code_type":"CPT","billing_code_type_version":"2020","billing_code":"90935","description":"HEMODIALYSIS PROCEDURE W\/ PHYS\/QHP EVALUATION","allowed_amounts":[{"tin":{"type":"ein","value":"430653611"},"service_code":["65"],"billing_class":"professional","payments":[{"allowed_amount":96.15,"billing_code_modifier":[""],"providers":[{"billed_charge":472.00,"npi":[1174640114,1285650507,1427074749,1588625032,1629336599,1841221116]}]}]}]},{"name":"INJ TESTOSTERONE CYPIONATE","billing_code_type":"HCPCS","billing_code_type_version":"HCPCS LEVEL II 2021","billing_code":"J1071","description":"INJ TESTOSTERONE CYPIONATE","allowed_amounts":[{"tin":{"type":"ein","value":"471101339"},"service_code":["11"],"billing_class":"professional","payments":[{"allowed_amount":6.00,"billing_code_modifier":[""],"providers":[{"billed_charge":20.00,"npi":[1326440884,1467568550]}]}]}]},{"name":"OSTEOPATHIC MANIPULATIVE TX 1-2 BODY REGIONS","billing_code_type":"CPT","billing_code_type_version":"2020","billing_code":"98925","description":"OSTEOPATHIC MANIPULATIVE TX 1-2 BODY REGIONS","allowed_amounts":[{"tin":{"type":"ein","value":"994786959"},"service_code":["11"],"billing_class":"professional","payments":[{"allowed_amount":135.00,"billing_code_modifier":[""],"providers":[{"billed_charge":1200.00,"npi":[1790510766,1831241264]}]}]}]},{"name":"PHARMACY","billing_code_type":"RC","billing_code_type_version":"UB04","billing_code":"0250","description":"PHARMACY","allowed_amounts":[{"tin":{"type":"ein","value":"431868988"},"service_code":["65"],"billing_class":"institutional","payments":[{"allowed_amount":0.10,"billing_code_modifier":[""],"providers":[{"billed_charge":1.84,"npi":[1285650507,1588625032]}]}]}]},{"name":"THERAPEUTIC PROPHYLACTIC\/DX INJECTION SUBQ\/IM","billing_code_type":"CPT","billing_code_type_version":"2020","billing_code":"96372","description":"THERAPEUTIC PROPHYLACTIC\/DX INJECTION SUBQ\/IM","allowed_amounts":[{"tin":{"type":"ein","value":"471101339"},"service_code":["11"],"billing_class":"professional","payments":[{"allowed_amount":20.93,"billing_code_modifier":[""],"providers":[{"billed_charge":30.00,"npi":[1326440884,1467568550]}]}]}]}]}
