{"reporting_entity_name": "IEC Group_DBA AmeriBen",
	"reporting_entity_type": "Third Party Administrator",
	"plan_name": "KNIGHTED SERVICES INC",
	"plan_id_type": "ein",
	"plan_id": "812018363",
	"plan_market_type": "group",
	"last_updated_on": "2023-07-01","Version": "1.0.0","out_of_network":[{"name":"IA DET NA;SEV AC RES SYND SARS-COV-2 COVID-19","billing_code_type":"HCPCS","billing_code_type_version":"HCPCS LEVEL II 2021","billing_code":"U0005","description":"IA DET NA;SEV AC RES SYND SARS-COV-2 COVID-19","allowed_amounts":[{"tin":{"type":"ein","value":"030438683"},"service_code":["81"],"billing_class":"professional","payments":[{"allowed_amount":25.00,"billing_code_modifier":[""],"providers":[{"billed_charge":50.00,"npi":[1144774613,1699742601]}]}]},{"tin":{"type":"ein","value":"133934292"},"service_code":["81"],"billing_class":"professional","payments":[{"allowed_amount":25.00,"billing_code_modifier":[""],"providers":[{"billed_charge":100.00,"npi":[1134316441,1215053962,1942873484]}]}]},{"tin":{"type":"ein","value":"452989041"},"service_code":["81"],"billing_class":"professional","payments":[{"allowed_amount":25.00,"billing_code_modifier":[""],"providers":[{"billed_charge":25.00,"npi":[1790063030,1841715471,1922426451]}]}]},{"tin":{"type":"ein","value":"840611484"},"service_code":["81"],"billing_class":"professional","payments":[{"allowed_amount":25.00,"billing_code_modifier":[""],"providers":[{"billed_charge":25.00,"npi":[1073796108,1750368700]}]}]},{"tin":{"type":"ein","value":"842666225"},"service_code":["11"],"billing_class":"professional","payments":[{"allowed_amount":25.00,"billing_code_modifier":[""],"providers":[{"billed_charge":50.00,"npi":[1427078781,1528619970]}]}]},{"tin":{"type":"ein","value":"851054301"},"service_code":["81"],"billing_class":"professional","payments":[{"allowed_amount":25.00,"billing_code_modifier":[""],"providers":[{"billed_charge":75.00,"npi":[1467030536,1871630319]}]}]},{"tin":{"type":"ein","value":"852364612"},"service_code":["81"],"billing_class":"professional","payments":[{"allowed_amount":25.00,"billing_code_modifier":[""],"providers":[{"billed_charge":75.00,"npi":[1740685387,1790386746]}]}]},{"tin":{"type":"ein","value":"852421177"},"service_code":["81"],"billing_class":"professional","payments":[{"allowed_amount":25.00,"billing_code_modifier":[""],"providers":[{"billed_charge":63.00,"npi":[1043313992,1366048019]}]}]},{"tin":{"type":"ein","value":"872720757"},"service_code":["81"],"billing_class":"professional","payments":[{"allowed_amount":25.00,"billing_code_modifier":[""],"providers":[{"billed_charge":37.50,"npi":[1306418934,1306593595,1548287543]}]}]},{"tin":{"type":"ein","value":"873102949"},"service_code":["81"],"billing_class":"professional","payments":[{"allowed_amount":25.00,"billing_code_modifier":[""],"providers":[{"billed_charge":75.00,"npi":[1083982995,1144847351,1285172072,1356005920,1396311205,1760604979]}]}]}]},{"name":"IAAD IA SEVERE AQT RESPIR SYND CORONAVIRUS","billing_code_type":"CPT","billing_code_type_version":"2020","billing_code":"87426","description":"IAAD IA SEVERE AQT RESPIR SYND CORONAVIRUS","allowed_amounts":[{"tin":{"type":"ein","value":"452989041"},"service_code":["81"],"billing_class":"professional","payments":[{"allowed_amount":25.30,"billing_code_modifier":[""],"providers":[{"billed_charge":105.99,"npi":[1790063030,1841715471,1922426451]}]}]},{"tin":{"type":"ein","value":"455125571"},"service_code":["11"],"billing_class":"professional","payments":[{"allowed_amount":25.30,"billing_code_modifier":[""],"providers":[{"billed_charge":125.00,"npi":[1144821224,1831296185]}]}]},{"tin":{"type":"ein","value":"853107000"},"service_code":["11"],"billing_class":"professional","payments":[{"allowed_amount":25.30,"billing_code_modifier":[""],"providers":[{"billed_charge":95.00,"npi":[1265011464,1487815387,1942706676]}]}]}]},{"name":"INF AGT DET DNA\/RNA;SARS-COV-2 COVID-19 AMP P T","billing_code_type":"HCPCS","billing_code_type_version":"HCPCS LEVEL II 2021","billing_code":"U0003","description":"INF AGT DET DNA\/RNA;SARS-COV-2 COVID-19 AMP P T","allowed_amounts":[{"tin":{"type":"ein","value":"030438683"},"service_code":["81"],"billing_class":"professional","payments":[{"allowed_amount":75.00,"billing_code_modifier":[""],"providers":[{"billed_charge":300.00,"npi":[1144774613,1699742601]}]}]},{"tin":{"type":"ein","value":"133934292"},"service_code":["81"],"billing_class":"professional","payments":[{"allowed_amount":75.00,"billing_code_modifier":[""],"providers":[{"billed_charge":300.00,"npi":[1134316441,1215053962,1942873484]}]}]},{"tin":{"type":"ein","value":"452989041"},"service_code":["81"],"billing_class":"professional","payments":[{"allowed_amount":75.00,"billing_code_modifier":[""],"providers":[{"billed_charge":100.00,"npi":[1790063030,1841715471,1922426451]}]}]},{"tin":{"type":"ein","value":"840611484"},"service_code":["81"],"billing_class":"professional","payments":[{"allowed_amount":75.00,"billing_code_modifier":[""],"providers":[{"billed_charge":100.00,"npi":[1073796108,1750368700]}]}]},{"tin":{"type":"ein","value":"842666225"},"service_code":["11"],"billing_class":"professional","payments":[{"allowed_amount":75.00,"billing_code_modifier":[""],"providers":[{"billed_charge":200.00,"npi":[1427078781,1528619970]}]}]},{"tin":{"type":"ein","value":"851054301"},"service_code":["81"],"billing_class":"professional","payments":[{"allowed_amount":75.00,"billing_code_modifier":[""],"providers":[{"billed_charge":225.00,"npi":[1467030536,1871630319]}]}]},{"tin":{"type":"ein","value":"852364612"},"service_code":["81"],"billing_class":"professional","payments":[{"allowed_amount":75.00,"billing_code_modifier":[""],"providers":[{"billed_charge":225.00,"npi":[1740685387,1790386746]}]}]},{"tin":{"type":"ein","value":"852421177"},"service_code":["81"],"billing_class":"professional","payments":[{"allowed_amount":75.00,"billing_code_modifier":[""],"providers":[{"billed_charge":250.00,"npi":[1043313992,1366048019]}]}]},{"tin":{"type":"ein","value":"872720757"},"service_code":["81"],"billing_class":"professional","payments":[{"allowed_amount":75.00,"billing_code_modifier":[""],"providers":[{"billed_charge":112.50,"npi":[1306418934,1306593595,1548287543]}]}]},{"tin":{"type":"ein","value":"873102949"},"service_code":["81"],"billing_class":"professional","payments":[{"allowed_amount":75.00,"billing_code_modifier":[""],"providers":[{"billed_charge":249.00,"npi":[1083982995,1144847351,1285172072,1356005920,1396311205,1760604979]}]}]},{"tin":{"type":"ein","value":"951750445"},"service_code":["81"],"billing_class":"professional","payments":[{"allowed_amount":75.00,"billing_code_modifier":[""],"providers":[{"billed_charge":299.00,"npi":[1053470625,1396287082]}]}]}]},{"name":"SPEC CLCT FOR SARS-COV-2 COVID-19 ANY SPEC SRC","billing_code_type":"HCPCS","billing_code_type_version":"HCPCS LEVEL II 2021","billing_code":"G2023","description":"SPEC CLCT FOR SARS-COV-2 COVID-19 ANY SPEC SRC","allowed_amounts":[{"tin":{"type":"ein","value":"030438683"},"service_code":["81"],"billing_class":"professional","payments":[{"allowed_amount":23.46,"billing_code_modifier":[""],"providers":[{"billed_charge":50.00,"npi":[1144774613,1699742601]}]}]},{"tin":{"type":"ein","value":"133934292"},"service_code":["81"],"billing_class":"professional","payments":[{"allowed_amount":23.46,"billing_code_modifier":[""],"providers":[{"billed_charge":50.00,"npi":[1134316441,1215053962,1942873484]}]}]},{"tin":{"type":"ein","value":"361924025"},"service_code":["21","81"],"billing_class":"professional","payments":[{"allowed_amount":23.46,"billing_code_modifier":[""],"providers":[{"billed_charge":28.99,"npi":[1104831296,1316952641,1346687456,1356356646,1396928347,1427065424,1598771156,1639279417,1649285925,1770816795,1821003104,1831147370,1831325943,1851307250,1942216692,1942434527]}]}]},{"tin":{"type":"ein","value":"452989041"},"service_code":["81"],"billing_class":"professional","payments":[{"allowed_amount":23.46,"billing_code_modifier":[""],"providers":[{"billed_charge":23.46,"npi":[1790063030,1841715471,1922426451]}]}]},{"tin":{"type":"ein","value":"851054301"},"service_code":["81"],"billing_class":"professional","payments":[{"allowed_amount":23.46,"billing_code_modifier":[""],"providers":[{"billed_charge":70.00,"npi":[1467030536,1871630319]}]}]},{"tin":{"type":"ein","value":"852364612"},"service_code":["81"],"billing_class":"professional","payments":[{"allowed_amount":23.46,"billing_code_modifier":[""],"providers":[{"billed_charge":70.00,"npi":[1740685387,1790386746]}]}]},{"tin":{"type":"ein","value":"852421177"},"service_code":["81"],"billing_class":"professional","payments":[{"allowed_amount":23.46,"billing_code_modifier":[""],"providers":[{"billed_charge":60.00,"npi":[1043313992,1366048019]}]}]}]}]}
