{"reporting_entity_name": "IEC Group_DBA AmeriBen",
	"reporting_entity_type": "Third Party Administrator",
	"plan_name": "BASHAS' WELFARE BENEFIT PLAN",
	"plan_id_type": "ein",
	"plan_id": "860110430",
	"plan_market_type": "group",
	"last_updated_on": "2024-02-01","Version": "1.0.0","out_of_network":[{"name":"CCPD OPD\/HOME: CCPD COMP OR OTHER RATE","billing_code_type":"RC","billing_code_type_version":"UB04","billing_code":"0851","description":"CCPD OPD\/HOME: CCPD COMP OR OTHER RATE","allowed_amounts":[{"tin":{"type":"ein","value":"042977283"},"service_code":["65"],"billing_class":"institutional","payments":[{"allowed_amount":287.61,"billing_code_modifier":[""],"providers":[{"billed_charge":3750.05,"npi":[1538661483,1780713032]}]}]}]},{"name":"DRUGS REQUIRE SPECIFIC ID: DRUGS REQUIRING DETAIL","billing_code_type":"RC","billing_code_type_version":"UB04","billing_code":"0636","description":"DRUGS REQUIRE SPECIFIC ID: DRUGS REQUIRING DETAIL","allowed_amounts":[{"tin":{"type":"ein","value":"042977283"},"service_code":["65"],"billing_class":"institutional","payments":[{"allowed_amount":7.51,"billing_code_modifier":[""],"providers":[{"billed_charge":221.00,"npi":[1578947636,1851377139]},{"billed_charge":266.57,"npi":[1083008247,1134192909]}]},{"allowed_amount":7.51,"billing_code_modifier":[""],"providers":[{"billed_charge":221.00,"npi":[1578947636,1851377139]},{"billed_charge":266.57,"npi":[1083008247,1134192909]}]}]},{"tin":{"type":"ein","value":"042977283"},"service_code":["65"],"billing_class":"institutional","payments":[{"allowed_amount":7.51,"billing_code_modifier":[""],"providers":[{"billed_charge":221.00,"npi":[1578947636,1851377139]},{"billed_charge":266.57,"npi":[1083008247,1134192909]}]},{"allowed_amount":7.51,"billing_code_modifier":[""],"providers":[{"billed_charge":221.00,"npi":[1578947636,1851377139]},{"billed_charge":266.57,"npi":[1083008247,1134192909]}]}]},{"tin":{"type":"ein","value":"042977283"},"service_code":["65"],"billing_class":"institutional","payments":[{"allowed_amount":7.90,"billing_code_modifier":[""],"providers":[{"billed_charge":221.00,"npi":[1578947636,1851377139]}]}]}]},{"name":"EMERGENCY DEPARTMENT VISIT MODERATE MDM","billing_code_type":"CPT","billing_code_type_version":"2020","billing_code":"99284","description":"EMERGENCY DEPARTMENT VISIT MODERATE MDM","allowed_amounts":[{"tin":{"type":"ein","value":"873202637"},"service_code":["23"],"billing_class":"professional","payments":[{"allowed_amount":201.34,"billing_code_modifier":[""],"providers":[{"billed_charge":786.00,"npi":[1174512792,1275581811]}]}]},{"tin":{"type":"ein","value":"873768007"},"service_code":["23"],"billing_class":"professional","payments":[{"allowed_amount":201.34,"billing_code_modifier":[""],"providers":[{"billed_charge":2300.00,"npi":[1447910229,1588669402,1922259001]}]}]},{"tin":{"type":"ein","value":"043651340"},"service_code":["23"],"billing_class":"professional","payments":[{"allowed_amount":201.34,"billing_code_modifier":[""],"providers":[{"billed_charge":230.00,"npi":[1154717072,1548294424]}]}]},{"tin":{"type":"ein","value":"203136368"},"service_code":["23"],"billing_class":"professional","payments":[{"allowed_amount":201.34,"billing_code_modifier":[""],"providers":[{"billed_charge":906.00,"npi":[1134439706,1215130562,1497318380,1780761866]}]}]},{"tin":{"type":"ein","value":"352574944"},"service_code":["23"],"billing_class":"professional","payments":[{"allowed_amount":201.34,"billing_code_modifier":[""],"providers":[{"billed_charge":1196.00,"npi":[1366442907,1700328663,1811598121]}]}]},{"tin":{"type":"ein","value":"562462581"},"service_code":["23"],"billing_class":"professional","payments":[{"allowed_amount":201.34,"billing_code_modifier":[""],"providers":[{"billed_charge":1123.00,"npi":[1033784095,1427335140,1467509612]}]}]},{"tin":{"type":"ein","value":"814399995"},"service_code":["23"],"billing_class":"professional","payments":[{"allowed_amount":201.34,"billing_code_modifier":[""],"providers":[{"billed_charge":895.00,"npi":[1023074317,1144211855,1154872950,1245772870,1457896672,1972506616]}]}]}]},{"name":"HEMO OPD\/HOME: HEMODIALYSIS COMP OR OTHER RATE","billing_code_type":"RC","billing_code_type_version":"UB04","billing_code":"0821","description":"HEMO OPD\/HOME: HEMODIALYSIS COMP OR OTHER RATE","allowed_amounts":[{"tin":{"type":"ein","value":"042977283"},"service_code":["65"],"billing_class":"institutional","payments":[{"allowed_amount":300.84,"billing_code_modifier":[""],"providers":[{"billed_charge":8411.43,"npi":[1578947636,1851377139]}]}]},{"tin":{"type":"ein","value":"042977283"},"service_code":["65"],"billing_class":"institutional","payments":[{"allowed_amount":322.99,"billing_code_modifier":[""],"providers":[{"billed_charge":8411.43,"npi":[1083008247,1134192909]}]}]}]},{"name":"MEDICAL\/SURGICAL SUPPLIES","billing_code_type":"RC","billing_code_type_version":"UB04","billing_code":"0270","description":"MEDICAL\/SURGICAL SUPPLIES","allowed_amounts":[{"tin":{"type":"ein","value":"042977283"},"service_code":["65"],"billing_class":"institutional","payments":[{"allowed_amount":3.50,"billing_code_modifier":[""],"providers":[{"billed_charge":135.24,"npi":[1083008247,1134192909]}]}]},{"tin":{"type":"ein","value":"042977283"},"service_code":["65"],"billing_class":"institutional","payments":[{"allowed_amount":3.81,"billing_code_modifier":[""],"providers":[{"billed_charge":135.24,"npi":[1083008247,1134192909]}]}]},{"tin":{"type":"ein","value":"042977283"},"service_code":["65"],"billing_class":"institutional","payments":[{"allowed_amount":3.99,"billing_code_modifier":[""],"providers":[{"billed_charge":135.24,"npi":[1083008247,1134192909]}]}]},{"tin":{"type":"ein","value":"042977283"},"service_code":["65"],"billing_class":"institutional","payments":[{"allowed_amount":4.84,"billing_code_modifier":[""],"providers":[{"billed_charge":142.00,"npi":[1578947636,1851377139]}]}]},{"tin":{"type":"ein","value":"042977283"},"service_code":["65"],"billing_class":"institutional","payments":[{"allowed_amount":5.08,"billing_code_modifier":[""],"providers":[{"billed_charge":142.00,"npi":[1578947636,1851377139]}]}]}]},{"name":"OFFICE\/OUTPATIENT ESTABLISHED LOW MDM 20 MIN","billing_code_type":"CPT","billing_code_type_version":"2020","billing_code":"99213","description":"OFFICE\/OUTPATIENT ESTABLISHED LOW MDM 20 MIN","allowed_amounts":[{"tin":{"type":"ein","value":"860251255"},"service_code":["02"],"billing_class":"professional","payments":[{"allowed_amount":99.54,"billing_code_modifier":[""],"providers":[{"billed_charge":125.00,"npi":[1225317944,1245452119,1255614079]}]}]},{"tin":{"type":"ein","value":"860260959"},"service_code":["72"],"billing_class":"professional","payments":[{"allowed_amount":99.54,"billing_code_modifier":[""],"providers":[{"billed_charge":147.00,"npi":[1275981110,1629093539]}]}]},{"tin":{"type":"ein","value":"860498020"},"service_code":["11"],"billing_class":"professional","payments":[{"allowed_amount":99.54,"billing_code_modifier":[""],"providers":[{"billed_charge":217.05,"npi":[1558308825,1689399446]}]}]},{"tin":{"type":"ein","value":"860719852"},"service_code":["22"],"billing_class":"professional","payments":[{"allowed_amount":99.54,"billing_code_modifier":[""],"providers":[{"billed_charge":116.80,"npi":[1477615789,1922039643]}]}]},{"tin":{"type":"ein","value":"860719858"},"service_code":["22"],"billing_class":"professional","payments":[{"allowed_amount":99.54,"billing_code_modifier":[""],"providers":[{"billed_charge":116.00,"npi":[1144270554,1346397981,1396761565,1598909103,1639174915,1699709030,1780980698,1851502009,1861505000,1972252898]}]}]},{"tin":{"type":"ein","value":"860817397"},"service_code":["22"],"billing_class":"professional","payments":[{"allowed_amount":99.54,"billing_code_modifier":[""],"providers":[{"billed_charge":183.00,"npi":[1043531197,1477876639,1891864526]}]}]},{"tin":{"type":"ein","value":"860828589"},"service_code":["11"],"billing_class":"professional","payments":[{"allowed_amount":99.54,"billing_code_modifier":[""],"providers":[{"billed_charge":172.00,"npi":[1588667042,1851336432,1891929733,1912181751,1982357836]}]}]},{"tin":{"type":"ein","value":"900730397"},"service_code":["11"],"billing_class":"professional","payments":[{"allowed_amount":99.54,"billing_code_modifier":[""],"providers":[{"billed_charge":171.00,"npi":[1700151271,1942543749]}]}]},{"tin":{"type":"ein","value":"260889239"},"service_code":["11"],"billing_class":"professional","payments":[{"allowed_amount":99.54,"billing_code_modifier":[""],"providers":[{"billed_charge":266.00,"npi":[1184753717,1326201385,1427230788]}]}]},{"tin":{"type":"ein","value":"452402948"},"service_code":["11"],"billing_class":"professional","payments":[{"allowed_amount":99.54,"billing_code_modifier":[""],"providers":[{"billed_charge":267.00,"npi":[1083359962,1588850929]}]}]},{"tin":{"type":"ein","value":"473255211"},"service_code":["22"],"billing_class":"professional","payments":[{"allowed_amount":99.54,"billing_code_modifier":[""],"providers":[{"billed_charge":225.00,"npi":[1265813075,1801505425]}]}]},{"tin":{"type":"ein","value":"562462581"},"service_code":["22"],"billing_class":"professional","payments":[{"allowed_amount":99.54,"billing_code_modifier":[""],"providers":[{"billed_charge":185.00,"npi":[1396050944,1427335140]}]}]},{"tin":{"type":"ein","value":"562622500"},"service_code":["17"],"billing_class":"professional","payments":[{"allowed_amount":99.54,"billing_code_modifier":[""],"providers":[{"billed_charge":115.00,"npi":[1023216249,1265900591]}]}]},{"tin":{"type":"ein","value":"743195418"},"service_code":["11"],"billing_class":"professional","payments":[{"allowed_amount":99.54,"billing_code_modifier":[""],"providers":[{"billed_charge":100.00,"npi":[1194893610]}]}]},{"tin":{"type":"ein","value":"860212139"},"service_code":["22"],"billing_class":"professional","payments":[{"allowed_amount":99.54,"billing_code_modifier":[""],"providers":[{"billed_charge":230.00,"npi":[1023192333,1073839155,1154785251,1184738049,1326139924,1467418756,1467615971]}]}]}]},{"name":"OFFICE\/OUTPATIENT ESTABLISHED MOD MDM 30 MIN","billing_code_type":"CPT","billing_code_type_version":"2020","billing_code":"99214","description":"OFFICE\/OUTPATIENT ESTABLISHED MOD MDM 30 MIN","allowed_amounts":[{"tin":{"type":"ein","value":"860214457"},"service_code":["53"],"billing_class":"professional","payments":[{"allowed_amount":140.89,"billing_code_modifier":[""],"providers":[{"billed_charge":163.76,"npi":[1316023864,1841286820,1922275692]}]}]},{"tin":{"type":"ein","value":"860251255"},"service_code":["02"],"billing_class":"professional","payments":[{"allowed_amount":140.89,"billing_code_modifier":[""],"providers":[{"billed_charge":158.00,"npi":[1225317944,1245452119,1255614079]}]}]},{"tin":{"type":"ein","value":"860719852"},"service_code":["22"],"billing_class":"professional","payments":[{"allowed_amount":140.89,"billing_code_modifier":[""],"providers":[{"billed_charge":180.00,"npi":[1477615789,1568532562]}]}]},{"tin":{"type":"ein","value":"860719858"},"service_code":["22"],"billing_class":"professional","payments":[{"allowed_amount":140.89,"billing_code_modifier":[""],"providers":[{"billed_charge":167.00,"npi":[1396761565,1861505000]}]}]},{"tin":{"type":"ein","value":"860817397"},"service_code":["22"],"billing_class":"professional","payments":[{"allowed_amount":140.89,"billing_code_modifier":[""],"providers":[{"billed_charge":269.00,"npi":[1518458389]}]}]},{"tin":{"type":"ein","value":"860828589"},"service_code":["11"],"billing_class":"professional","payments":[{"allowed_amount":140.89,"billing_code_modifier":[""],"providers":[{"billed_charge":244.00,"npi":[1063415529,1851336432,1982357836]}]}]},{"tin":{"type":"ein","value":"860879817"},"service_code":["11"],"billing_class":"professional","payments":[{"allowed_amount":140.89,"billing_code_modifier":[""],"providers":[{"billed_charge":170.00,"npi":[1619209392,1669509568]}]}]},{"tin":{"type":"ein","value":"884367112"},"service_code":["11"],"billing_class":"professional","payments":[{"allowed_amount":140.89,"billing_code_modifier":[""],"providers":[{"billed_charge":313.95,"npi":[1104921048,1619682374]}]}]},{"tin":{"type":"ein","value":"731678746"},"service_code":["11"],"billing_class":"professional","payments":[{"allowed_amount":140.89,"billing_code_modifier":[""],"providers":[{"billed_charge":155.00,"npi":[1174952741,1396715611]}]}]},{"tin":{"type":"ein","value":"842970718"},"service_code":["11"],"billing_class":"professional","payments":[{"allowed_amount":140.89,"billing_code_modifier":[""],"providers":[{"billed_charge":3315.00,"npi":[1043852171,1144439555]}]}]},{"tin":{"type":"ein","value":"860212139"},"service_code":["22"],"billing_class":"professional","payments":[{"allowed_amount":140.89,"billing_code_modifier":[""],"providers":[{"billed_charge":322.00,"npi":[1184738049,1811006059,1922176601]}]}]}]},{"name":"PHARMACY","billing_code_type":"RC","billing_code_type_version":"UB04","billing_code":"0250","description":"PHARMACY","allowed_amounts":[{"tin":{"type":"ein","value":"042977283"},"service_code":["65"],"billing_class":"institutional","payments":[{"allowed_amount":1.80,"billing_code_modifier":[""],"providers":[{"billed_charge":52.90,"npi":[1578947636,1851377139]}]}]},{"tin":{"type":"ein","value":"042977283"},"service_code":["65"],"billing_class":"institutional","payments":[{"allowed_amount":1.89,"billing_code_modifier":[""],"providers":[{"billed_charge":52.90,"npi":[1578947636,1851377139]}]}]},{"tin":{"type":"ein","value":"042977283"},"service_code":["65"],"billing_class":"institutional","payments":[{"allowed_amount":6.76,"billing_code_modifier":[""],"providers":[{"billed_charge":189.14,"npi":[1578947636,1851377139]}]}]},{"tin":{"type":"ein","value":"261443057"},"service_code":["65"],"billing_class":"institutional","payments":[{"allowed_amount":0.06,"billing_code_modifier":[""],"providers":[{"billed_charge":1.30,"npi":[1356337968,1801050604]}]}]}]},{"name":"REHAB","billing_code_type":"RC","billing_code_type_version":"UB04","billing_code":"0158","description":"REHAB","allowed_amounts":[{"tin":{"type":"ein","value":"843524074"},"service_code":["21"],"billing_class":"institutional","payments":[{"allowed_amount":800.00,"billing_code_modifier":[""],"providers":[{"billed_charge":800.00,"npi":[1053467720,1629689138]}]}]}]}]}
