{"reporting_entity_name": "IEC Group_DBA AmeriBen",
	"reporting_entity_type": "Third Party Administrator",
	"plan_name": "DRAPER INC",
	"issuer_name": "IEC Group_DBA AmeriBen",
	"plan_sponsor_name": "DRAPER INC",
	"plan_id_type": "ein",
	"plan_id": "351508822",
	"plan_market_type": "group",
	"last_updated_on": "2026-02-01","reporting_period": {
		"start_date": "2025-08-05",
		"end_date": "2025-11-03"
	},"version": "2.0.0","out_of_network":[{"name":"AMB SERVICE BLS NONEMERG TRANSPORT","billing_code_type":"HCPCS","billing_code_type_version":"HCPCS LEVEL II 2021","billing_code":"A0428","description":"AMB SERVICE BLS NONEMERG TRANSPORT","allowed_amounts":[{"tin":{"type":"ein","value":"822627648"},"service_code":["41"],"billing_class":"professional","setting":"outpatient","payments":[{"allowed_amount":1312.00,"providers":[{"billed_charge":1312.00,"npi":[1548825862]}]}]}]},{"name":"ASSAY OF AMMONIA","billing_code_type":"CPT","billing_code_type_version":"2020","billing_code":"82140","description":"ASSAY OF AMMONIA","allowed_amounts":[{"tin":{"type":"ein","value":"840611484"},"service_code":["81"],"billing_class":"professional","setting":"outpatient","payments":[{"allowed_amount":6.12,"providers":[{"billed_charge":84.70,"npi":[1083698534,1558573709]}]}]}]},{"name":"ASSAY OF CITRATE","billing_code_type":"CPT","billing_code_type_version":"2020","billing_code":"82507","description":"ASSAY OF CITRATE","allowed_amounts":[{"tin":{"type":"ein","value":"840611484"},"service_code":["81"],"billing_class":"professional","setting":"outpatient","payments":[{"allowed_amount":11.67,"providers":[{"billed_charge":161.72,"npi":[1083698534,1558573709]}]}]}]},{"name":"ASSAY OF MAGNESIUM","billing_code_type":"CPT","billing_code_type_version":"2020","billing_code":"83735","description":"ASSAY OF MAGNESIUM","allowed_amounts":[{"tin":{"type":"ein","value":"840611484"},"service_code":["81"],"billing_class":"professional","setting":"outpatient","payments":[{"allowed_amount":2.81,"providers":[{"billed_charge":38.97,"npi":[1083698534,1558573709]}]}]}]},{"name":"ASSAY OF OXALATE","billing_code_type":"CPT","billing_code_type_version":"2020","billing_code":"83945","description":"ASSAY OF OXALATE","allowed_amounts":[{"tin":{"type":"ein","value":"840611484"},"service_code":["81"],"billing_class":"professional","setting":"outpatient","payments":[{"allowed_amount":5.41,"providers":[{"billed_charge":84.03,"npi":[1083698534,1558573709]}]}]}]},{"name":"ASSAY OF PHOSPHORUS INORGANIC URINE","billing_code_type":"CPT","billing_code_type_version":"2020","billing_code":"84105","description":"ASSAY OF PHOSPHORUS INORGANIC URINE","allowed_amounts":[{"tin":{"type":"ein","value":"840611484"},"service_code":["81"],"billing_class":"professional","setting":"outpatient","payments":[{"allowed_amount":2.18,"providers":[{"billed_charge":33.65,"npi":[1083698534,1558573709]}]}]}]},{"name":"ASSAY OF SULFATE URINE","billing_code_type":"CPT","billing_code_type_version":"2020","billing_code":"84392","description":"ASSAY OF SULFATE URINE","allowed_amounts":[{"tin":{"type":"ein","value":"840611484"},"service_code":["81"],"billing_class":"professional","setting":"outpatient","payments":[{"allowed_amount":1.99,"providers":[{"billed_charge":31.95,"npi":[1083698534,1558573709]}]}]}]},{"name":"ASSAY OF UREA NITROGEN URINE","billing_code_type":"CPT","billing_code_type_version":"2020","billing_code":"84540","description":"ASSAY OF UREA NITROGEN URINE","allowed_amounts":[{"tin":{"type":"ein","value":"840611484"},"service_code":["81"],"billing_class":"professional","setting":"outpatient","payments":[{"allowed_amount":1.99,"providers":[{"billed_charge":32.38,"npi":[1083698534,1558573709]}]}]}]},{"name":"ASSAY OF URIC ACID OTHER SOURCE","billing_code_type":"CPT","billing_code_type_version":"2020","billing_code":"84560","description":"ASSAY OF URIC ACID OTHER SOURCE","allowed_amounts":[{"tin":{"type":"ein","value":"840611484"},"service_code":["81"],"billing_class":"professional","setting":"outpatient","payments":[{"allowed_amount":1.99,"providers":[{"billed_charge":29.59,"npi":[1083698534,1558573709]}]}]}]},{"name":"ASSAY OF URINE SODIUM","billing_code_type":"CPT","billing_code_type_version":"2020","billing_code":"84300","description":"ASSAY OF URINE SODIUM","allowed_amounts":[{"tin":{"type":"ein","value":"840611484"},"service_code":["81"],"billing_class":"professional","setting":"outpatient","payments":[{"allowed_amount":2.04,"providers":[{"billed_charge":29.42,"npi":[1083698534,1558573709]}]}]}]},{"name":"CALCIUM URINE QUANTITATIVE TIMED SPECIMEN","billing_code_type":"CPT","billing_code_type_version":"2020","billing_code":"82340","description":"CALCIUM URINE QUANTITATIVE TIMED SPECIMEN","allowed_amounts":[{"tin":{"type":"ein","value":"840611484"},"service_code":["81"],"billing_class":"professional","setting":"outpatient","payments":[{"allowed_amount":2.53,"providers":[{"billed_charge":35.08,"npi":[1083698534,1558573709]}]}]}]},{"name":"CHLORIDE URINE","billing_code_type":"CPT","billing_code_type_version":"2020","billing_code":"82436","description":"CHLORIDE URINE","allowed_amounts":[{"tin":{"type":"ein","value":"840611484"},"service_code":["81"],"billing_class":"professional","setting":"outpatient","payments":[{"allowed_amount":2.11,"providers":[{"billed_charge":33.48,"npi":[1083698534,1558573709]}]}]}]},{"name":"CREATININE OTHER SOURCE","billing_code_type":"CPT","billing_code_type_version":"2020","billing_code":"82570","description":"CREATININE OTHER SOURCE","allowed_amounts":[{"tin":{"type":"ein","value":"840611484"},"service_code":["81"],"billing_class":"professional","setting":"outpatient","payments":[{"allowed_amount":2.18,"providers":[{"billed_charge":30.09,"npi":[1083698534,1558573709]}]}]}]},{"name":"CSTINE&HOMOCSTINE URINE QUALITATIVE","billing_code_type":"CPT","billing_code_type_version":"2020","billing_code":"82615","description":"CSTINE&HOMOCSTINE URINE QUALITATIVE","allowed_amounts":[{"tin":{"type":"ein","value":"840611484"},"service_code":["81"],"billing_class":"professional","setting":"outpatient","payments":[{"allowed_amount":3.43,"providers":[{"billed_charge":55.55,"npi":[1083698534,1558573709]}]}]}]},{"name":"EMERGENCY DEPARTMENT VISIT HIGH MDM","billing_code_type":"CPT","billing_code_type_version":"2020","billing_code":"99285","description":"EMERGENCY DEPARTMENT VISIT HIGH MDM","allowed_amounts":[{"tin":{"type":"ein","value":"351811206"},"service_code":["23"],"billing_class":"professional","setting":"outpatient","payments":[{"allowed_amount":275.01,"providers":[{"billed_charge":1525.00,"npi":[1225589245,1437291606,1770538340,1982812582]}]}]}]},{"name":"EMERGENCY DEPARTMENT VISIT MODERATE MDM","billing_code_type":"CPT","billing_code_type_version":"2020","billing_code":"99284","description":"EMERGENCY DEPARTMENT VISIT MODERATE MDM","allowed_amounts":[{"tin":{"type":"ein","value":"351811206"},"service_code":["23"],"billing_class":"professional","setting":"outpatient","payments":[{"allowed_amount":189.53,"providers":[{"billed_charge":975.00,"npi":[1225589245,1770538340,1902818677]}]}]}]},{"name":"GROUND MILEAGE","billing_code_type":"HCPCS","billing_code_type_version":"HCPCS LEVEL II 2021","billing_code":"A0425","description":"GROUND MILEAGE","allowed_amounts":[{"tin":{"type":"ein","value":"822627648"},"service_code":["41"],"billing_class":"professional","setting":"outpatient","payments":[{"allowed_amount":418.00,"providers":[{"billed_charge":418.00,"npi":[1548825862]}]}]}]},{"name":"IADNA CANDIDA SPECIES AMPLIFIED PROBE TQ","billing_code_type":"CPT","billing_code_type_version":"2020","billing_code":"87481","description":"IADNA CANDIDA SPECIES AMPLIFIED PROBE TQ","allowed_amounts":[{"tin":{"type":"ein","value":"830814475"},"service_code":["81"],"billing_class":"professional","setting":"outpatient","payments":[{"allowed_amount":0.00,"providers":[{"billed_charge":84.22,"npi":[1174009245,1285157461]}]}]}]},{"name":"IADNA NOS AMPLIFIED PROBE TQ EACH ORGANISM","billing_code_type":"CPT","billing_code_type_version":"2020","billing_code":"87798","description":"IADNA NOS AMPLIFIED PROBE TQ EACH ORGANISM","allowed_amounts":[{"tin":{"type":"ein","value":"830814475"},"service_code":["81"],"billing_class":"professional","setting":"outpatient","payments":[{"allowed_amount":410.58,"providers":[{"billed_charge":547.43,"npi":[1174009245,1285157461]}]}]}]},{"name":"IADNA S AUREUS METHICILLIN RESIST AMP PROBE TQ","billing_code_type":"CPT","billing_code_type_version":"2020","billing_code":"87641","description":"IADNA S AUREUS METHICILLIN RESIST AMP PROBE TQ","allowed_amounts":[{"tin":{"type":"ein","value":"830814475"},"service_code":["81"],"billing_class":"professional","setting":"outpatient","payments":[{"allowed_amount":31.58,"providers":[{"billed_charge":42.11,"npi":[1174009245,1285157461]}]}]}]},{"name":"IADNA STREPTOCOCCUS GROUP B AMPLIFIED PROBE TQ","billing_code_type":"CPT","billing_code_type_version":"2020","billing_code":"87653","description":"IADNA STREPTOCOCCUS GROUP B AMPLIFIED PROBE TQ","allowed_amounts":[{"tin":{"type":"ein","value":"830814475"},"service_code":["81"],"billing_class":"professional","setting":"outpatient","payments":[{"allowed_amount":31.58,"providers":[{"billed_charge":42.11,"npi":[1174009245,1285157461]}]}]}]},{"name":"INFECTIOUS AGENT DNA\/RNA VANCOMYCIN RESISTANCE","billing_code_type":"CPT","billing_code_type_version":"2020","billing_code":"87500","description":"INFECTIOUS AGENT DNA\/RNA VANCOMYCIN RESISTANCE","allowed_amounts":[{"tin":{"type":"ein","value":"830814475"},"service_code":["81"],"billing_class":"professional","setting":"outpatient","payments":[{"allowed_amount":31.58,"providers":[{"billed_charge":42.11,"npi":[1174009245,1285157461]}]}]}]},{"name":"INJECTION ESTROGEN CONJUGATED 25 MG","billing_code_type":"HCPCS","billing_code_type_version":"HCPCS LEVEL II 2021","billing_code":"J1410","description":"INJECTION ESTROGEN CONJUGATED 25 MG","allowed_amounts":[{"tin":{"type":"ein","value":"992460874"},"service_code":["11"],"billing_class":"professional","setting":"outpatient","payments":[{"allowed_amount":0.00,"providers":[{"billed_charge":60.00,"npi":[1790530665,1801921192]},{"billed_charge":240.00,"npi":[1740766138,1790530665]}]},{"allowed_amount":0.00,"providers":[{"billed_charge":60.00,"npi":[1790530665,1801921192]},{"billed_charge":240.00,"npi":[1740766138,1790530665]}]}]},{"tin":{"type":"ein","value":"992460874"},"service_code":["11"],"billing_class":"professional","setting":"outpatient","payments":[{"allowed_amount":0.00,"providers":[{"billed_charge":60.00,"npi":[1790530665,1801921192]},{"billed_charge":240.00,"npi":[1740766138,1790530665]}]},{"allowed_amount":0.00,"providers":[{"billed_charge":60.00,"npi":[1790530665,1801921192]},{"billed_charge":240.00,"npi":[1740766138,1790530665]}]}]}]},{"name":"OFFICE\/OUTPATIENT ESTABLISHED HIGH MDM 40 MIN","billing_code_type":"CPT","billing_code_type_version":"2020","billing_code":"99215","description":"OFFICE\/OUTPATIENT ESTABLISHED HIGH MDM 40 MIN","allowed_amounts":[{"tin":{"type":"ein","value":"200130985"},"service_code":["11"],"billing_class":"professional","setting":"outpatient","payments":[{"allowed_amount":549.00,"providers":[{"billed_charge":549.00,"npi":[1679037881]}]}]}]},{"name":"OFFICE\/OUTPATIENT ESTABLISHED LOW MDM 20 MIN","billing_code_type":"CPT","billing_code_type_version":"2020","billing_code":"99213","description":"OFFICE\/OUTPATIENT ESTABLISHED LOW MDM 20 MIN","allowed_amounts":[{"tin":{"type":"ein","value":"263086555"},"service_code":["11"],"billing_class":"professional","setting":"outpatient","payments":[{"allowed_amount":75.61,"providers":[{"billed_charge":256.00,"npi":[1265689111,1578153094,1811708258]}]}]},{"tin":{"type":"ein","value":"680437840"},"service_code":["10"],"billing_class":"professional","setting":"outpatient","payments":[{"allowed_amount":101.63,"providers":[{"billed_charge":261.88,"npi":[1053420844,1275155905]}]}]},{"tin":{"type":"ein","value":"863893981"},"service_code":["11"],"billing_class":"professional","setting":"outpatient","payments":[{"allowed_amount":81.06,"providers":[{"billed_charge":500.00,"npi":[1497891840,1730753294]}]}]}]},{"name":"OFFICE\/OUTPATIENT ESTABLISHED MOD MDM 30 MIN","billing_code_type":"CPT","billing_code_type_version":"2020","billing_code":"99214","description":"OFFICE\/OUTPATIENT ESTABLISHED MOD MDM 30 MIN","allowed_amounts":[{"tin":{"type":"ein","value":"200130985"},"service_code":["02"],"billing_class":"professional","setting":"outpatient","payments":[{"allowed_amount":91.25,"providers":[{"billed_charge":406.00,"npi":[1144365487]}]}]}]},{"name":"OFFICE\/OUTPATIENT NEW SF MDM 15 MINUTES","billing_code_type":"CPT","billing_code_type_version":"2020","billing_code":"99202","description":"OFFICE\/OUTPATIENT NEW SF MDM 15 MINUTES","allowed_amounts":[{"tin":{"type":"ein","value":"863893981"},"service_code":["11"],"billing_class":"professional","setting":"outpatient","payments":[{"allowed_amount":65.10,"providers":[{"billed_charge":425.00,"npi":[1497891840,1730753294]}]}]}]},{"name":"PH BODY FLUID NOT ELSEWHERE SPECIFIED","billing_code_type":"CPT","billing_code_type_version":"2020","billing_code":"83986","description":"PH BODY FLUID NOT ELSEWHERE SPECIFIED","allowed_amounts":[{"tin":{"type":"ein","value":"840611484"},"service_code":["81"],"billing_class":"professional","setting":"outpatient","payments":[{"allowed_amount":1.50,"providers":[{"billed_charge":20.80,"npi":[1083698534,1558573709]}]}]}]},{"name":"POTASSIUM URINE","billing_code_type":"CPT","billing_code_type_version":"2020","billing_code":"84133","description":"POTASSIUM URINE","allowed_amounts":[{"tin":{"type":"ein","value":"840611484"},"service_code":["81"],"billing_class":"professional","setting":"outpatient","payments":[{"allowed_amount":1.81,"providers":[{"billed_charge":27.47,"npi":[1083698534,1558573709]}]}]}]},{"name":"PREV MED CNSL&\/RSK FCTR RDCTJ INDV APPROX 30 MIN","billing_code_type":"CPT","billing_code_type_version":"2020","billing_code":"99402","description":"PREV MED CNSL&\/RSK FCTR RDCTJ INDV APPROX 30 MIN","allowed_amounts":[{"tin":{"type":"ein","value":"992460874"},"service_code":["11"],"billing_class":"professional","setting":"outpatient","payments":[{"allowed_amount":0.00,"providers":[{"billed_charge":145.00,"npi":[1790530665,1801921192]}]}]}]},{"name":"PSYCHIATRIC\/PSYCHOLOGICAL SVCS: PARTIAL HOSP - LES","billing_code_type":"RC","billing_code_type_version":"UB04","billing_code":"0912","description":"PSYCHIATRIC\/PSYCHOLOGICAL SVCS: PARTIAL HOSP - LES","allowed_amounts":[{"tin":{"type":"ein","value":"812782346"},"billing_class":"institutional","setting":"inpatient","payments":[{"allowed_amount":830.00,"providers":[{"billed_charge":3580.00,"npi":[1295276160]}]}]}]},{"name":"PSYCHOTHERAPY W\/PATIENT 60 MINUTES","billing_code_type":"CPT","billing_code_type_version":"2020","billing_code":"90837","description":"PSYCHOTHERAPY W\/PATIENT 60 MINUTES","allowed_amounts":[{"tin":{"type":"ein","value":"812670678"},"service_code":["11"],"billing_class":"professional","setting":"outpatient","payments":[{"allowed_amount":80.54,"providers":[{"billed_charge":187.50,"npi":[1326599705,1780136267]}]}]}]},{"name":"ROTARY WING AIR MILEAGE-STATUT MILE","billing_code_type":"HCPCS","billing_code_type_version":"HCPCS LEVEL II 2021","billing_code":"A0436","description":"ROTARY WING AIR MILEAGE-STATUT MILE","allowed_amounts":[{"tin":{"type":"ein","value":"721404705"},"service_code":["42"],"billing_class":"professional","setting":"outpatient","payments":[{"allowed_amount":6349.72,"providers":[{"billed_charge":26520.00,"npi":[1033459524]}]}]}]},{"name":"ROTARY WING AIR TRANSPORT","billing_code_type":"HCPCS","billing_code_type_version":"HCPCS LEVEL II 2021","billing_code":"A0431","description":"ROTARY WING AIR TRANSPORT","allowed_amounts":[{"tin":{"type":"ein","value":"721404705"},"service_code":["42"],"billing_class":"professional","setting":"outpatient","payments":[{"allowed_amount":12090.00,"providers":[{"billed_charge":51085.00,"npi":[1033459524]}]}]}]},{"name":"SYNCHRONOUS AUDIO-ONLY VISIT EST SF MDM 10 MIN","billing_code_type":"CPT","billing_code_type_version":"2020","billing_code":"98012","description":"SYNCHRONOUS AUDIO-ONLY VISIT EST SF MDM 10 MIN","allowed_amounts":[{"tin":{"type":"ein","value":"992460874"},"service_code":["11"],"billing_class":"professional","setting":"outpatient","payments":[{"allowed_amount":26.12,"providers":[{"billed_charge":95.00,"npi":[1790530665,1801921192]}]}]}]},{"name":"UNCLASSIFIED BIOLOGICS","billing_code_type":"HCPCS","billing_code_type_version":"HCPCS LEVEL II 2021","billing_code":"J3590","description":"UNCLASSIFIED BIOLOGICS","allowed_amounts":[{"tin":{"type":"ein","value":"992460874"},"service_code":["11"],"billing_class":"professional","setting":"outpatient","payments":[{"allowed_amount":0.00,"providers":[{"billed_charge":140.00,"npi":[1740766138,1790530665,1801921192]}]}]}]},{"name":"VOLUME MEASUREMENT TIMED COLLECTION EACH","billing_code_type":"CPT","billing_code_type_version":"2020","billing_code":"81050","description":"VOLUME MEASUREMENT TIMED COLLECTION EACH","allowed_amounts":[{"tin":{"type":"ein","value":"840611484"},"service_code":["81"],"billing_class":"professional","setting":"outpatient","payments":[{"allowed_amount":1.26,"providers":[{"billed_charge":21.12,"npi":[1083698534,1558573709]}]}]}]}]}
