{"reporting_entity_name": "IEC Group_DBA AmeriBen",
	"reporting_entity_type": "Third Party Administrator",
	"plan_name": "CIRCA HOSPITALITY GROUP LLC",
	"plan_id_type": "ein",
	"plan_id": "830872449",
	"plan_market_type": "group",
	"last_updated_on": "2026-01-01","Version": "1.0.0","out_of_network":[{"name":"EMERGENCY DEPARTMENT VISIT HIGH MDM","billing_code_type":"CPT","billing_code_type_version":"2020","billing_code":"99285","description":"EMERGENCY DEPARTMENT VISIT HIGH MDM","allowed_amounts":[{"tin":{"type":"ein","value":"880262438"},"service_code":["23"],"billing_class":"professional","payments":[{"allowed_amount":316.90,"billing_code_modifier":[""],"providers":[{"billed_charge":1687.00,"npi":[1104060169,1144519422,1194228908,1205412756,1366429821,1447985569,1457306359,1508582479,1518120971,1679550149,1700233301,1821554106,1861439952]}]}]},{"tin":{"type":"ein","value":"993809305"},"service_code":["23"],"billing_class":"professional","payments":[{"allowed_amount":316.90,"billing_code_modifier":[""],"providers":[{"billed_charge":1609.33,"npi":[1477969269,1902642994,1962181172]}]}]}]}]}
