{"reporting_entity_name": "IEC Group_DBA AmeriBen",
	"reporting_entity_type": "Third Party Administrator",
	"plan_name": "SALT RIVER PIMA - MARICOPA",
	"plan_id_type": "ein",
	"plan_id": "860143787",
	"plan_market_type": "group",
	"last_updated_on": "2025-03-01","Version": "1.0.0","out_of_network":[{"name":"APPL MODALITY 1\/> AREAS TRACTION MECHANICAL","billing_code_type":"CPT","billing_code_type_version":"2020","billing_code":"97012","description":"APPL MODALITY 1\/> AREAS TRACTION MECHANICAL","allowed_amounts":[{"tin":{"type":"ein","value":"301326427"},"service_code":["11"],"billing_class":"professional","payments":[{"allowed_amount":20.70,"billing_code_modifier":[""],"providers":[{"billed_charge":65.00,"npi":[1255117941,1295452423,1962108365]}]}]},{"tin":{"type":"ein","value":"454524971"},"service_code":["11"],"billing_class":"professional","payments":[{"allowed_amount":20.70,"billing_code_modifier":[""],"providers":[{"billed_charge":440.00,"npi":[1023381340,1740858976]}]}]},{"tin":{"type":"ein","value":"470982688"},"service_code":["11"],"billing_class":"professional","payments":[{"allowed_amount":20.70,"billing_code_modifier":[""],"providers":[{"billed_charge":35.00,"npi":[1447407119,1821402363]}]}]},{"tin":{"type":"ein","value":"845044322"},"service_code":["11"],"billing_class":"professional","payments":[{"allowed_amount":20.70,"billing_code_modifier":[""],"providers":[{"billed_charge":75.00,"npi":[1316919822,1952922668]}]}]}]},{"name":"CHIROPRACTIC MANIPLTV TX EXTRASPINAL 1\/> REGION","billing_code_type":"CPT","billing_code_type_version":"2020","billing_code":"98943","description":"CHIROPRACTIC MANIPLTV TX EXTRASPINAL 1\/> REGION","allowed_amounts":[{"tin":{"type":"ein","value":"020808023"},"service_code":["11"],"billing_class":"professional","payments":[{"allowed_amount":41.10,"billing_code_modifier":[""],"providers":[{"billed_charge":75.00,"npi":[1457514317,1962434548]}]}]},{"tin":{"type":"ein","value":"260904640"},"service_code":["11"],"billing_class":"professional","payments":[{"allowed_amount":41.10,"billing_code_modifier":[""],"providers":[{"billed_charge":123.45,"npi":[1316291966,1700030939]}]}]},{"tin":{"type":"ein","value":"300228088"},"service_code":["11"],"billing_class":"professional","payments":[{"allowed_amount":41.10,"billing_code_modifier":[""],"providers":[{"billed_charge":60.00,"npi":[1255485785,1356756936,1710369335]}]}]},{"tin":{"type":"ein","value":"301326427"},"service_code":["11"],"billing_class":"professional","payments":[{"allowed_amount":41.10,"billing_code_modifier":[""],"providers":[{"billed_charge":75.00,"npi":[1255117941,1295452423,1962108365]}]}]},{"tin":{"type":"ein","value":"334729654"},"service_code":["11"],"billing_class":"professional","payments":[{"allowed_amount":41.10,"billing_code_modifier":[""],"providers":[{"billed_charge":71.00,"npi":[1154331502]}]}]},{"tin":{"type":"ein","value":"611849065"},"service_code":["11"],"billing_class":"professional","payments":[{"allowed_amount":41.10,"billing_code_modifier":[""],"providers":[{"billed_charge":59.00,"npi":[1760865026,1831615103]}]}]},{"tin":{"type":"ein","value":"743195418"},"service_code":["11"],"billing_class":"professional","payments":[{"allowed_amount":41.10,"billing_code_modifier":[""],"providers":[{"billed_charge":50.00,"npi":[1194893610]}]}]},{"tin":{"type":"ein","value":"753202440"},"service_code":["11"],"billing_class":"professional","payments":[{"allowed_amount":41.10,"billing_code_modifier":[""],"providers":[{"billed_charge":75.16,"npi":[1003807967]}]}]},{"tin":{"type":"ein","value":"776235397"},"service_code":["11"],"billing_class":"professional","payments":[{"allowed_amount":41.10,"billing_code_modifier":[""],"providers":[{"billed_charge":70.00,"npi":[1649464637,1659473643]}]}]},{"tin":{"type":"ein","value":"832619393"},"service_code":["11"],"billing_class":"professional","payments":[{"allowed_amount":41.10,"billing_code_modifier":[""],"providers":[{"billed_charge":65.00,"npi":[1114497864,1114568045,1851499057]}]}]},{"tin":{"type":"ein","value":"873368349"},"service_code":["11"],"billing_class":"professional","payments":[{"allowed_amount":41.10,"billing_code_modifier":[""],"providers":[{"billed_charge":100.00,"npi":[1255485785]}]}]},{"tin":{"type":"ein","value":"922398520"},"service_code":["11"],"billing_class":"professional","payments":[{"allowed_amount":41.10,"billing_code_modifier":[""],"providers":[{"billed_charge":83.00,"npi":[1245718931,1346933942]}]}]},{"tin":{"type":"ein","value":"934908008"},"service_code":["11"],"billing_class":"professional","payments":[{"allowed_amount":41.10,"billing_code_modifier":[""],"providers":[{"billed_charge":120.00,"npi":[1154199263,1427474022]}]}]},{"tin":{"type":"ein","value":"990438610"},"service_code":["11"],"billing_class":"professional","payments":[{"allowed_amount":41.10,"billing_code_modifier":[""],"providers":[{"billed_charge":75.00,"npi":[1184247256,1326818360]}]}]}]},{"name":"CHIROPRACTIC MANIPULATIVE TX SPINAL 3-4 REGIONS","billing_code_type":"CPT","billing_code_type_version":"2020","billing_code":"98941","description":"CHIROPRACTIC MANIPULATIVE TX SPINAL 3-4 REGIONS","allowed_amounts":[{"tin":{"type":"ein","value":"260904640"},"service_code":["11"],"billing_class":"professional","payments":[{"allowed_amount":58.28,"billing_code_modifier":[""],"providers":[{"billed_charge":191.05,"npi":[1316291966,1700030939]}]}]},{"tin":{"type":"ein","value":"300228088"},"service_code":["11"],"billing_class":"professional","payments":[{"allowed_amount":58.28,"billing_code_modifier":[""],"providers":[{"billed_charge":72.00,"npi":[1255485785,1356756936,1710369335]}]}]},{"tin":{"type":"ein","value":"300266181"},"service_code":["11"],"billing_class":"professional","payments":[{"allowed_amount":58.28,"billing_code_modifier":[""],"providers":[{"billed_charge":110.00,"npi":[1437482213]}]}]},{"tin":{"type":"ein","value":"301326427"},"service_code":["11"],"billing_class":"professional","payments":[{"allowed_amount":58.28,"billing_code_modifier":[""],"providers":[{"billed_charge":86.00,"npi":[1255117941,1295452423,1962108365]}]}]},{"tin":{"type":"ein","value":"334729654"},"service_code":["11"],"billing_class":"professional","payments":[{"allowed_amount":58.28,"billing_code_modifier":[""],"providers":[{"billed_charge":77.00,"npi":[1154331502]}]}]},{"tin":{"type":"ein","value":"454524971"},"service_code":["11"],"billing_class":"professional","payments":[{"allowed_amount":58.28,"billing_code_modifier":[""],"providers":[{"billed_charge":1190.00,"npi":[1023381340,1740858976]}]}]},{"tin":{"type":"ein","value":"611849065"},"service_code":["11"],"billing_class":"professional","payments":[{"allowed_amount":58.28,"billing_code_modifier":[""],"providers":[{"billed_charge":177.12,"npi":[1760865026,1831615103]}]}]},{"tin":{"type":"ein","value":"743195418"},"service_code":["11"],"billing_class":"professional","payments":[{"allowed_amount":58.28,"billing_code_modifier":[""],"providers":[{"billed_charge":60.00,"npi":[1194893610]}]}]},{"tin":{"type":"ein","value":"753202440"},"service_code":["11"],"billing_class":"professional","payments":[{"allowed_amount":58.28,"billing_code_modifier":[""],"providers":[{"billed_charge":123.72,"npi":[1003807967]}]}]},{"tin":{"type":"ein","value":"776235397"},"service_code":["11"],"billing_class":"professional","payments":[{"allowed_amount":58.28,"billing_code_modifier":[""],"providers":[{"billed_charge":85.00,"npi":[1649464637,1659473643]}]}]},{"tin":{"type":"ein","value":"814052538"},"service_code":["11"],"billing_class":"professional","payments":[{"allowed_amount":58.28,"billing_code_modifier":[""],"providers":[{"billed_charge":90.00,"npi":[1033652813,1538754353]}]}]},{"tin":{"type":"ein","value":"832619393"},"service_code":["11"],"billing_class":"professional","payments":[{"allowed_amount":58.28,"billing_code_modifier":[""],"providers":[{"billed_charge":120.00,"npi":[1114497864,1114568045,1851499057]}]}]},{"tin":{"type":"ein","value":"845044322"},"service_code":["11"],"billing_class":"professional","payments":[{"allowed_amount":58.28,"billing_code_modifier":[""],"providers":[{"billed_charge":100.00,"npi":[1316919822,1952922668]}]}]},{"tin":{"type":"ein","value":"873368349"},"service_code":["11"],"billing_class":"professional","payments":[{"allowed_amount":58.28,"billing_code_modifier":[""],"providers":[{"billed_charge":150.00,"npi":[1255485785]}]}]},{"tin":{"type":"ein","value":"922398520"},"service_code":["11"],"billing_class":"professional","payments":[{"allowed_amount":58.28,"billing_code_modifier":[""],"providers":[{"billed_charge":89.00,"npi":[1245718931,1346933942]}]}]},{"tin":{"type":"ein","value":"934908008"},"service_code":["11"],"billing_class":"professional","payments":[{"allowed_amount":58.28,"billing_code_modifier":[""],"providers":[{"billed_charge":198.35,"npi":[1154199263,1427474022]}]}]},{"tin":{"type":"ein","value":"990438610"},"service_code":["11"],"billing_class":"professional","payments":[{"allowed_amount":58.28,"billing_code_modifier":[""],"providers":[{"billed_charge":120.00,"npi":[1184247256,1326818360]}]}]}]},{"name":"CRITICAL CARE ILL\/INJURED PATIENT INIT 30-74 MIN","billing_code_type":"CPT","billing_code_type_version":"2020","billing_code":"99291","description":"CRITICAL CARE ILL\/INJURED PATIENT INIT 30-74 MIN","allowed_amounts":[{"tin":{"type":"ein","value":"205048404"},"service_code":["23"],"billing_class":"professional","payments":[{"allowed_amount":262.70,"billing_code_modifier":[""],"providers":[{"billed_charge":2025.00,"npi":[1083062111]}]}]},{"tin":{"type":"ein","value":"460508979"},"service_code":["23"],"billing_class":"professional","payments":[{"allowed_amount":262.70,"billing_code_modifier":[""],"providers":[{"billed_charge":1754.00,"npi":[1225562457,1437898608,1629176433]}]}]},{"tin":{"type":"ein","value":"860593131"},"service_code":["23"],"billing_class":"professional","payments":[{"allowed_amount":262.70,"billing_code_modifier":[""],"providers":[{"billed_charge":2019.00,"npi":[1093769119,1235181249,1316110356,1528385945,1528527900,1568411098,1598261208,1629416458,1780264549,1851689384,1952715963,1962868596]}]}]}]},{"name":"DRUG TST PRSMV INSTRMNT CHEM ANALYZERS PR DATE","billing_code_type":"CPT","billing_code_type_version":"2020","billing_code":"80307","description":"DRUG TST PRSMV INSTRMNT CHEM ANALYZERS PR DATE","allowed_amounts":[{"tin":{"type":"ein","value":"205507145"},"service_code":["11"],"billing_class":"professional","payments":[{"allowed_amount":93.21,"billing_code_modifier":[""],"providers":[{"billed_charge":310.70,"npi":[1518012004,1629063904]}]}]},{"tin":{"type":"ein","value":"813281365"},"service_code":["81"],"billing_class":"professional","payments":[{"allowed_amount":93.21,"billing_code_modifier":[""],"providers":[{"billed_charge":160.00,"npi":[1134216146,1538612965,1922327030,1952340762]}]}]},{"tin":{"type":"ein","value":"932666543"},"service_code":["81"],"billing_class":"professional","payments":[{"allowed_amount":93.21,"billing_code_modifier":[""],"providers":[{"billed_charge":190.00,"npi":[1073398723,1225765019]}]}]}]},{"name":"DRUGS REQUIRE SPECIFIC ID: DRUGS REQUIRING DETAIL","billing_code_type":"RC","billing_code_type_version":"UB04","billing_code":"0636","description":"DRUGS REQUIRE SPECIFIC ID: DRUGS REQUIRING DETAIL","allowed_amounts":[{"tin":{"type":"ein","value":"371852985"},"service_code":["65"],"billing_class":"institutional","payments":[{"allowed_amount":1.32,"billing_code_modifier":[""],"providers":[{"billed_charge":837.72,"npi":[1073786794,1700506847]}]}]},{"tin":{"type":"ein","value":"453040157"},"service_code":["65"],"billing_class":"institutional","payments":[{"allowed_amount":1.32,"billing_code_modifier":[""],"providers":[{"billed_charge":837.72,"npi":[1073786794,1093098550]}]}]},{"tin":{"type":"ein","value":"453040157"},"service_code":["65"],"billing_class":"institutional","payments":[{"allowed_amount":1.38,"billing_code_modifier":[""],"providers":[{"billed_charge":837.72,"npi":[1073786794,1093098550]}]}]},{"tin":{"type":"ein","value":"833547294"},"service_code":["23"],"billing_class":"institutional","payments":[{"allowed_amount":0.00,"billing_code_modifier":[""],"providers":[{"billed_charge":13.00,"npi":[1114908696,1609496397]}]}]},{"tin":{"type":"ein","value":"851516898"},"service_code":["23"],"billing_class":"institutional","payments":[{"allowed_amount":0.00,"billing_code_modifier":[""],"providers":[{"billed_charge":80.00,"npi":[1437289311,1518539048]},{"billed_charge":160.00,"npi":[1518539048,1902848450]},{"billed_charge":171.68,"npi":[1518539048,1902848450]},{"billed_charge":190.00,"npi":[1437289311,1518539048]},{"billed_charge":231.85,"npi":[1518539048,1902848450]},{"billed_charge":3000.00,"npi":[1518539048,1902848450]}]},{"allowed_amount":0.00,"billing_code_modifier":[""],"providers":[{"billed_charge":80.00,"npi":[1437289311,1518539048]},{"billed_charge":160.00,"npi":[1518539048,1902848450]},{"billed_charge":171.68,"npi":[1518539048,1902848450]},{"billed_charge":190.00,"npi":[1437289311,1518539048]},{"billed_charge":231.85,"npi":[1518539048,1902848450]},{"billed_charge":3000.00,"npi":[1518539048,1902848450]}]},{"allowed_amount":0.00,"billing_code_modifier":[""],"providers":[{"billed_charge":80.00,"npi":[1437289311,1518539048]},{"billed_charge":160.00,"npi":[1518539048,1902848450]},{"billed_charge":171.68,"npi":[1518539048,1902848450]},{"billed_charge":190.00,"npi":[1437289311,1518539048]},{"billed_charge":231.85,"npi":[1518539048,1902848450]},{"billed_charge":3000.00,"npi":[1518539048,1902848450]}]},{"allowed_amount":0.00,"billing_code_modifier":[""],"providers":[{"billed_charge":80.00,"npi":[1437289311,1518539048]},{"billed_charge":160.00,"npi":[1518539048,1902848450]},{"billed_charge":171.68,"npi":[1518539048,1902848450]},{"billed_charge":190.00,"npi":[1437289311,1518539048]},{"billed_charge":231.85,"npi":[1518539048,1902848450]},{"billed_charge":3000.00,"npi":[1518539048,1902848450]}]},{"allowed_amount":0.00,"billing_code_modifier":[""],"providers":[{"billed_charge":80.00,"npi":[1437289311,1518539048]},{"billed_charge":160.00,"npi":[1518539048,1902848450]},{"billed_charge":171.68,"npi":[1518539048,1902848450]},{"billed_charge":190.00,"npi":[1437289311,1518539048]},{"billed_charge":231.85,"npi":[1518539048,1902848450]},{"billed_charge":3000.00,"npi":[1518539048,1902848450]}]},{"allowed_amount":0.00,"billing_code_modifier":[""],"providers":[{"billed_charge":80.00,"npi":[1437289311,1518539048]},{"billed_charge":160.00,"npi":[1518539048,1902848450]},{"billed_charge":171.68,"npi":[1518539048,1902848450]},{"billed_charge":190.00,"npi":[1437289311,1518539048]},{"billed_charge":231.85,"npi":[1518539048,1902848450]},{"billed_charge":3000.00,"npi":[1518539048,1902848450]}]}]},{"tin":{"type":"ein","value":"851516898"},"service_code":["23"],"billing_class":"institutional","payments":[{"allowed_amount":0.00,"billing_code_modifier":[""],"providers":[{"billed_charge":80.00,"npi":[1437289311,1518539048]},{"billed_charge":160.00,"npi":[1518539048,1902848450]},{"billed_charge":171.68,"npi":[1518539048,1902848450]},{"billed_charge":190.00,"npi":[1437289311,1518539048]},{"billed_charge":231.85,"npi":[1518539048,1902848450]},{"billed_charge":3000.00,"npi":[1518539048,1902848450]}]},{"allowed_amount":0.00,"billing_code_modifier":[""],"providers":[{"billed_charge":80.00,"npi":[1437289311,1518539048]},{"billed_charge":160.00,"npi":[1518539048,1902848450]},{"billed_charge":171.68,"npi":[1518539048,1902848450]},{"billed_charge":190.00,"npi":[1437289311,1518539048]},{"billed_charge":231.85,"npi":[1518539048,1902848450]},{"billed_charge":3000.00,"npi":[1518539048,1902848450]}]},{"allowed_amount":0.00,"billing_code_modifier":[""],"providers":[{"billed_charge":80.00,"npi":[1437289311,1518539048]},{"billed_charge":160.00,"npi":[1518539048,1902848450]},{"billed_charge":171.68,"npi":[1518539048,1902848450]},{"billed_charge":190.00,"npi":[1437289311,1518539048]},{"billed_charge":231.85,"npi":[1518539048,1902848450]},{"billed_charge":3000.00,"npi":[1518539048,1902848450]}]},{"allowed_amount":0.00,"billing_code_modifier":[""],"providers":[{"billed_charge":80.00,"npi":[1437289311,1518539048]},{"billed_charge":160.00,"npi":[1518539048,1902848450]},{"billed_charge":171.68,"npi":[1518539048,1902848450]},{"billed_charge":190.00,"npi":[1437289311,1518539048]},{"billed_charge":231.85,"npi":[1518539048,1902848450]},{"billed_charge":3000.00,"npi":[1518539048,1902848450]}]},{"allowed_amount":0.00,"billing_code_modifier":[""],"providers":[{"billed_charge":80.00,"npi":[1437289311,1518539048]},{"billed_charge":160.00,"npi":[1518539048,1902848450]},{"billed_charge":171.68,"npi":[1518539048,1902848450]},{"billed_charge":190.00,"npi":[1437289311,1518539048]},{"billed_charge":231.85,"npi":[1518539048,1902848450]},{"billed_charge":3000.00,"npi":[1518539048,1902848450]}]},{"allowed_amount":0.00,"billing_code_modifier":[""],"providers":[{"billed_charge":80.00,"npi":[1437289311,1518539048]},{"billed_charge":160.00,"npi":[1518539048,1902848450]},{"billed_charge":171.68,"npi":[1518539048,1902848450]},{"billed_charge":190.00,"npi":[1437289311,1518539048]},{"billed_charge":231.85,"npi":[1518539048,1902848450]},{"billed_charge":3000.00,"npi":[1518539048,1902848450]}]}]},{"tin":{"type":"ein","value":"851516898"},"service_code":["23"],"billing_class":"institutional","payments":[{"allowed_amount":0.00,"billing_code_modifier":[""],"providers":[{"billed_charge":80.00,"npi":[1437289311,1518539048]},{"billed_charge":160.00,"npi":[1518539048,1902848450]},{"billed_charge":171.68,"npi":[1518539048,1902848450]},{"billed_charge":190.00,"npi":[1437289311,1518539048]},{"billed_charge":231.85,"npi":[1518539048,1902848450]},{"billed_charge":3000.00,"npi":[1518539048,1902848450]}]},{"allowed_amount":0.00,"billing_code_modifier":[""],"providers":[{"billed_charge":80.00,"npi":[1437289311,1518539048]},{"billed_charge":160.00,"npi":[1518539048,1902848450]},{"billed_charge":171.68,"npi":[1518539048,1902848450]},{"billed_charge":190.00,"npi":[1437289311,1518539048]},{"billed_charge":231.85,"npi":[1518539048,1902848450]},{"billed_charge":3000.00,"npi":[1518539048,1902848450]}]},{"allowed_amount":0.00,"billing_code_modifier":[""],"providers":[{"billed_charge":80.00,"npi":[1437289311,1518539048]},{"billed_charge":160.00,"npi":[1518539048,1902848450]},{"billed_charge":171.68,"npi":[1518539048,1902848450]},{"billed_charge":190.00,"npi":[1437289311,1518539048]},{"billed_charge":231.85,"npi":[1518539048,1902848450]},{"billed_charge":3000.00,"npi":[1518539048,1902848450]}]},{"allowed_amount":0.00,"billing_code_modifier":[""],"providers":[{"billed_charge":80.00,"npi":[1437289311,1518539048]},{"billed_charge":160.00,"npi":[1518539048,1902848450]},{"billed_charge":171.68,"npi":[1518539048,1902848450]},{"billed_charge":190.00,"npi":[1437289311,1518539048]},{"billed_charge":231.85,"npi":[1518539048,1902848450]},{"billed_charge":3000.00,"npi":[1518539048,1902848450]}]},{"allowed_amount":0.00,"billing_code_modifier":[""],"providers":[{"billed_charge":80.00,"npi":[1437289311,1518539048]},{"billed_charge":160.00,"npi":[1518539048,1902848450]},{"billed_charge":171.68,"npi":[1518539048,1902848450]},{"billed_charge":190.00,"npi":[1437289311,1518539048]},{"billed_charge":231.85,"npi":[1518539048,1902848450]},{"billed_charge":3000.00,"npi":[1518539048,1902848450]}]},{"allowed_amount":0.00,"billing_code_modifier":[""],"providers":[{"billed_charge":80.00,"npi":[1437289311,1518539048]},{"billed_charge":160.00,"npi":[1518539048,1902848450]},{"billed_charge":171.68,"npi":[1518539048,1902848450]},{"billed_charge":190.00,"npi":[1437289311,1518539048]},{"billed_charge":231.85,"npi":[1518539048,1902848450]},{"billed_charge":3000.00,"npi":[1518539048,1902848450]}]}]},{"tin":{"type":"ein","value":"851516898"},"service_code":["23"],"billing_class":"institutional","payments":[{"allowed_amount":0.00,"billing_code_modifier":[""],"providers":[{"billed_charge":80.00,"npi":[1437289311,1518539048]},{"billed_charge":160.00,"npi":[1518539048,1902848450]},{"billed_charge":171.68,"npi":[1518539048,1902848450]},{"billed_charge":190.00,"npi":[1437289311,1518539048]},{"billed_charge":231.85,"npi":[1518539048,1902848450]},{"billed_charge":3000.00,"npi":[1518539048,1902848450]}]},{"allowed_amount":0.00,"billing_code_modifier":[""],"providers":[{"billed_charge":80.00,"npi":[1437289311,1518539048]},{"billed_charge":160.00,"npi":[1518539048,1902848450]},{"billed_charge":171.68,"npi":[1518539048,1902848450]},{"billed_charge":190.00,"npi":[1437289311,1518539048]},{"billed_charge":231.85,"npi":[1518539048,1902848450]},{"billed_charge":3000.00,"npi":[1518539048,1902848450]}]},{"allowed_amount":0.00,"billing_code_modifier":[""],"providers":[{"billed_charge":80.00,"npi":[1437289311,1518539048]},{"billed_charge":160.00,"npi":[1518539048,1902848450]},{"billed_charge":171.68,"npi":[1518539048,1902848450]},{"billed_charge":190.00,"npi":[1437289311,1518539048]},{"billed_charge":231.85,"npi":[1518539048,1902848450]},{"billed_charge":3000.00,"npi":[1518539048,1902848450]}]},{"allowed_amount":0.00,"billing_code_modifier":[""],"providers":[{"billed_charge":80.00,"npi":[1437289311,1518539048]},{"billed_charge":160.00,"npi":[1518539048,1902848450]},{"billed_charge":171.68,"npi":[1518539048,1902848450]},{"billed_charge":190.00,"npi":[1437289311,1518539048]},{"billed_charge":231.85,"npi":[1518539048,1902848450]},{"billed_charge":3000.00,"npi":[1518539048,1902848450]}]},{"allowed_amount":0.00,"billing_code_modifier":[""],"providers":[{"billed_charge":80.00,"npi":[1437289311,1518539048]},{"billed_charge":160.00,"npi":[1518539048,1902848450]},{"billed_charge":171.68,"npi":[1518539048,1902848450]},{"billed_charge":190.00,"npi":[1437289311,1518539048]},{"billed_charge":231.85,"npi":[1518539048,1902848450]},{"billed_charge":3000.00,"npi":[1518539048,1902848450]}]},{"allowed_amount":0.00,"billing_code_modifier":[""],"providers":[{"billed_charge":80.00,"npi":[1437289311,1518539048]},{"billed_charge":160.00,"npi":[1518539048,1902848450]},{"billed_charge":171.68,"npi":[1518539048,1902848450]},{"billed_charge":190.00,"npi":[1437289311,1518539048]},{"billed_charge":231.85,"npi":[1518539048,1902848450]},{"billed_charge":3000.00,"npi":[1518539048,1902848450]}]}]},{"tin":{"type":"ein","value":"851516898"},"service_code":["23"],"billing_class":"institutional","payments":[{"allowed_amount":0.00,"billing_code_modifier":[""],"providers":[{"billed_charge":80.00,"npi":[1437289311,1518539048]},{"billed_charge":160.00,"npi":[1518539048,1902848450]},{"billed_charge":171.68,"npi":[1518539048,1902848450]},{"billed_charge":190.00,"npi":[1437289311,1518539048]},{"billed_charge":231.85,"npi":[1518539048,1902848450]},{"billed_charge":3000.00,"npi":[1518539048,1902848450]}]},{"allowed_amount":0.00,"billing_code_modifier":[""],"providers":[{"billed_charge":80.00,"npi":[1437289311,1518539048]},{"billed_charge":160.00,"npi":[1518539048,1902848450]},{"billed_charge":171.68,"npi":[1518539048,1902848450]},{"billed_charge":190.00,"npi":[1437289311,1518539048]},{"billed_charge":231.85,"npi":[1518539048,1902848450]},{"billed_charge":3000.00,"npi":[1518539048,1902848450]}]},{"allowed_amount":0.00,"billing_code_modifier":[""],"providers":[{"billed_charge":80.00,"npi":[1437289311,1518539048]},{"billed_charge":160.00,"npi":[1518539048,1902848450]},{"billed_charge":171.68,"npi":[1518539048,1902848450]},{"billed_charge":190.00,"npi":[1437289311,1518539048]},{"billed_charge":231.85,"npi":[1518539048,1902848450]},{"billed_charge":3000.00,"npi":[1518539048,1902848450]}]},{"allowed_amount":0.00,"billing_code_modifier":[""],"providers":[{"billed_charge":80.00,"npi":[1437289311,1518539048]},{"billed_charge":160.00,"npi":[1518539048,1902848450]},{"billed_charge":171.68,"npi":[1518539048,1902848450]},{"billed_charge":190.00,"npi":[1437289311,1518539048]},{"billed_charge":231.85,"npi":[1518539048,1902848450]},{"billed_charge":3000.00,"npi":[1518539048,1902848450]}]},{"allowed_amount":0.00,"billing_code_modifier":[""],"providers":[{"billed_charge":80.00,"npi":[1437289311,1518539048]},{"billed_charge":160.00,"npi":[1518539048,1902848450]},{"billed_charge":171.68,"npi":[1518539048,1902848450]},{"billed_charge":190.00,"npi":[1437289311,1518539048]},{"billed_charge":231.85,"npi":[1518539048,1902848450]},{"billed_charge":3000.00,"npi":[1518539048,1902848450]}]},{"allowed_amount":0.00,"billing_code_modifier":[""],"providers":[{"billed_charge":80.00,"npi":[1437289311,1518539048]},{"billed_charge":160.00,"npi":[1518539048,1902848450]},{"billed_charge":171.68,"npi":[1518539048,1902848450]},{"billed_charge":190.00,"npi":[1437289311,1518539048]},{"billed_charge":231.85,"npi":[1518539048,1902848450]},{"billed_charge":3000.00,"npi":[1518539048,1902848450]}]}]},{"tin":{"type":"ein","value":"851516898"},"service_code":["23"],"billing_class":"institutional","payments":[{"allowed_amount":0.00,"billing_code_modifier":[""],"providers":[{"billed_charge":80.00,"npi":[1437289311,1518539048]},{"billed_charge":160.00,"npi":[1518539048,1902848450]},{"billed_charge":171.68,"npi":[1518539048,1902848450]},{"billed_charge":190.00,"npi":[1437289311,1518539048]},{"billed_charge":231.85,"npi":[1518539048,1902848450]},{"billed_charge":3000.00,"npi":[1518539048,1902848450]}]},{"allowed_amount":0.00,"billing_code_modifier":[""],"providers":[{"billed_charge":80.00,"npi":[1437289311,1518539048]},{"billed_charge":160.00,"npi":[1518539048,1902848450]},{"billed_charge":171.68,"npi":[1518539048,1902848450]},{"billed_charge":190.00,"npi":[1437289311,1518539048]},{"billed_charge":231.85,"npi":[1518539048,1902848450]},{"billed_charge":3000.00,"npi":[1518539048,1902848450]}]},{"allowed_amount":0.00,"billing_code_modifier":[""],"providers":[{"billed_charge":80.00,"npi":[1437289311,1518539048]},{"billed_charge":160.00,"npi":[1518539048,1902848450]},{"billed_charge":171.68,"npi":[1518539048,1902848450]},{"billed_charge":190.00,"npi":[1437289311,1518539048]},{"billed_charge":231.85,"npi":[1518539048,1902848450]},{"billed_charge":3000.00,"npi":[1518539048,1902848450]}]},{"allowed_amount":0.00,"billing_code_modifier":[""],"providers":[{"billed_charge":80.00,"npi":[1437289311,1518539048]},{"billed_charge":160.00,"npi":[1518539048,1902848450]},{"billed_charge":171.68,"npi":[1518539048,1902848450]},{"billed_charge":190.00,"npi":[1437289311,1518539048]},{"billed_charge":231.85,"npi":[1518539048,1902848450]},{"billed_charge":3000.00,"npi":[1518539048,1902848450]}]},{"allowed_amount":0.00,"billing_code_modifier":[""],"providers":[{"billed_charge":80.00,"npi":[1437289311,1518539048]},{"billed_charge":160.00,"npi":[1518539048,1902848450]},{"billed_charge":171.68,"npi":[1518539048,1902848450]},{"billed_charge":190.00,"npi":[1437289311,1518539048]},{"billed_charge":231.85,"npi":[1518539048,1902848450]},{"billed_charge":3000.00,"npi":[1518539048,1902848450]}]},{"allowed_amount":0.00,"billing_code_modifier":[""],"providers":[{"billed_charge":80.00,"npi":[1437289311,1518539048]},{"billed_charge":160.00,"npi":[1518539048,1902848450]},{"billed_charge":171.68,"npi":[1518539048,1902848450]},{"billed_charge":190.00,"npi":[1437289311,1518539048]},{"billed_charge":231.85,"npi":[1518539048,1902848450]},{"billed_charge":3000.00,"npi":[1518539048,1902848450]}]}]},{"tin":{"type":"ein","value":"862195601"},"service_code":["23"],"billing_class":"institutional","payments":[{"allowed_amount":0.00,"billing_code_modifier":[""],"providers":[{"billed_charge":130.12,"npi":[1205216561,1881352037]},{"billed_charge":679.83,"npi":[1205216561,1881352037]}]},{"allowed_amount":0.00,"billing_code_modifier":[""],"providers":[{"billed_charge":130.12,"npi":[1205216561,1881352037]},{"billed_charge":679.83,"npi":[1205216561,1881352037]}]}]},{"tin":{"type":"ein","value":"862195601"},"service_code":["23"],"billing_class":"institutional","payments":[{"allowed_amount":0.00,"billing_code_modifier":[""],"providers":[{"billed_charge":130.12,"npi":[1205216561,1881352037]},{"billed_charge":679.83,"npi":[1205216561,1881352037]}]},{"allowed_amount":0.00,"billing_code_modifier":[""],"providers":[{"billed_charge":130.12,"npi":[1205216561,1881352037]},{"billed_charge":679.83,"npi":[1205216561,1881352037]}]}]}]},{"name":"DRUGS REQUIRE SPECIFIC ID: EPO UNDER 10,000 UNITS","billing_code_type":"RC","billing_code_type_version":"UB04","billing_code":"0634","description":"DRUGS REQUIRE SPECIFIC ID: EPO UNDER 10,000 UNITS","allowed_amounts":[{"tin":{"type":"ein","value":"371852985"},"service_code":["65"],"billing_class":"institutional","payments":[{"allowed_amount":14.63,"billing_code_modifier":[""],"providers":[{"billed_charge":1497.73,"npi":[1073786794,1700506847]},{"billed_charge":1843.36,"npi":[1073786794,1700506847]}]},{"allowed_amount":14.63,"billing_code_modifier":[""],"providers":[{"billed_charge":1497.73,"npi":[1073786794,1700506847]},{"billed_charge":1843.36,"npi":[1073786794,1700506847]}]}]},{"tin":{"type":"ein","value":"371852985"},"service_code":["65"],"billing_class":"institutional","payments":[{"allowed_amount":14.63,"billing_code_modifier":[""],"providers":[{"billed_charge":1497.73,"npi":[1073786794,1700506847]},{"billed_charge":1843.36,"npi":[1073786794,1700506847]}]},{"allowed_amount":14.63,"billing_code_modifier":[""],"providers":[{"billed_charge":1497.73,"npi":[1073786794,1700506847]},{"billed_charge":1843.36,"npi":[1073786794,1700506847]}]}]},{"tin":{"type":"ein","value":"453040157"},"service_code":["65"],"billing_class":"institutional","payments":[{"allowed_amount":14.63,"billing_code_modifier":[""],"providers":[{"billed_charge":1497.73,"npi":[1073786794,1093098550]}]}]},{"tin":{"type":"ein","value":"453040157"},"service_code":["65"],"billing_class":"institutional","payments":[{"allowed_amount":15.79,"billing_code_modifier":[""],"providers":[{"billed_charge":1497.73,"npi":[1073786794,1093098550]}]}]}]},{"name":"E-STIM 1\/>NOT WND CARE PART TX PLAN","billing_code_type":"HCPCS","billing_code_type_version":"HCPCS LEVEL II 2021","billing_code":"G0283","description":"E-STIM 1\/>NOT WND CARE PART TX PLAN","allowed_amounts":[{"tin":{"type":"ein","value":"264288508"},"service_code":["11"],"billing_class":"professional","payments":[{"allowed_amount":17.21,"billing_code_modifier":[""],"providers":[{"billed_charge":50.00,"npi":[1073200051,1134708183]}]}]},{"tin":{"type":"ein","value":"845044322"},"service_code":["11"],"billing_class":"professional","payments":[{"allowed_amount":17.21,"billing_code_modifier":[""],"providers":[{"billed_charge":50.00,"npi":[1316919822,1952922668]}]}]}]},{"name":"ECG ROUTINE ECG W\/LEAST 12 LDS I&R ONLY","billing_code_type":"CPT","billing_code_type_version":"2020","billing_code":"93010","description":"ECG ROUTINE ECG W\/LEAST 12 LDS I&R ONLY","allowed_amounts":[{"tin":{"type":"ein","value":"205048404"},"service_code":["23"],"billing_class":"professional","payments":[{"allowed_amount":10.02,"billing_code_modifier":[""],"providers":[{"billed_charge":92.00,"npi":[1083062111,1265973465]}]}]},{"tin":{"type":"ein","value":"460508979"},"service_code":["23"],"billing_class":"professional","payments":[{"allowed_amount":10.02,"billing_code_modifier":[""],"providers":[{"billed_charge":34.00,"npi":[1073897393,1255786455,1295711208,1417534249,1790715522,1902366370]}]}]},{"tin":{"type":"ein","value":"752632235"},"service_code":["23"],"billing_class":"professional","payments":[{"allowed_amount":10.02,"billing_code_modifier":[""],"providers":[{"billed_charge":97.00,"npi":[1255913836]}]}]},{"tin":{"type":"ein","value":"814399995"},"service_code":["23"],"billing_class":"professional","payments":[{"allowed_amount":10.02,"billing_code_modifier":[""],"providers":[{"billed_charge":51.00,"npi":[1619083896,1760863161,1811992209]}]}]},{"tin":{"type":"ein","value":"860415065"},"service_code":["23"],"billing_class":"professional","payments":[{"allowed_amount":10.02,"billing_code_modifier":[""],"providers":[{"billed_charge":92.00,"npi":[1104420249,1215986096,1225430739,1417410143]}]}]},{"tin":{"type":"ein","value":"860593131"},"service_code":["23"],"billing_class":"professional","payments":[{"allowed_amount":10.02,"billing_code_modifier":[""],"providers":[{"billed_charge":86.00,"npi":[1093769119,1225271299,1235181249,1235564865,1316110356,1376862888,1487627634,1528527900,1568411098,1639531536,1639630064,1700082260,1780264549,1841261468,1851689384,1952715963,1962868596]}]}]},{"tin":{"type":"ein","value":"873768007"},"service_code":["23"],"billing_class":"professional","payments":[{"allowed_amount":10.02,"billing_code_modifier":[""],"providers":[{"billed_charge":250.00,"npi":[1972765253]}]}]}]},{"name":"EMERGENCY DEPARTMENT VISIT HIGH MDM","billing_code_type":"CPT","billing_code_type_version":"2020","billing_code":"99285","description":"EMERGENCY DEPARTMENT VISIT HIGH MDM","allowed_amounts":[{"tin":{"type":"ein","value":"205048404"},"service_code":["23"],"billing_class":"professional","payments":[{"allowed_amount":216.41,"billing_code_modifier":[""],"providers":[{"billed_charge":1800.00,"npi":[1265973465,1649643081]}]}]},{"tin":{"type":"ein","value":"460508979"},"service_code":["23"],"billing_class":"professional","payments":[{"allowed_amount":216.41,"billing_code_modifier":[""],"providers":[{"billed_charge":1516.00,"npi":[1003317215,1073897393,1093818940,1114945789,1255786455,1295711208,1417534249,1689645467,1790715522,1801200720,1821304775,1902117013,1902366370]}]}]},{"tin":{"type":"ein","value":"464102898"},"service_code":["23"],"billing_class":"professional","payments":[{"allowed_amount":216.41,"billing_code_modifier":[""],"providers":[{"billed_charge":1723.00,"npi":[1386123305,1407318934,1619952587,1740939743]}]}]},{"tin":{"type":"ein","value":"752632235"},"service_code":["23"],"billing_class":"professional","payments":[{"allowed_amount":216.41,"billing_code_modifier":[""],"providers":[{"billed_charge":1980.00,"npi":[1669056933]}]}]},{"tin":{"type":"ein","value":"814399995"},"service_code":["23"],"billing_class":"professional","payments":[{"allowed_amount":216.41,"billing_code_modifier":[""],"providers":[{"billed_charge":1418.00,"npi":[1063556355,1295961613,1518948892,1619083896,1760863161,1811992209,1861730541]}]}]},{"tin":{"type":"ein","value":"814399995"},"service_code":["23"],"billing_class":"professional","payments":[{"allowed_amount":378.02,"billing_code_modifier":[""],"providers":[{"billed_charge":1418.00,"npi":[1033360995,1053853978,1245772870,1285708172,1750831145,1861831695]}]}]},{"tin":{"type":"ein","value":"860415065"},"service_code":["23"],"billing_class":"professional","payments":[{"allowed_amount":216.41,"billing_code_modifier":[""],"providers":[{"billed_charge":1800.00,"npi":[1104420249,1215986096,1225430739,1417410143,1720334592]}]}]},{"tin":{"type":"ein","value":"860415065"},"service_code":["23"],"billing_class":"professional","payments":[{"allowed_amount":378.02,"billing_code_modifier":[""],"providers":[{"billed_charge":1800.00,"npi":[1073133211,1124341672,1518984210,1790003143,1841224870,1902936164]}]}]},{"tin":{"type":"ein","value":"860593131"},"service_code":["23"],"billing_class":"professional","payments":[{"allowed_amount":216.41,"billing_code_modifier":[""],"providers":[{"billed_charge":1796.00,"npi":[1063484517,1093769119,1124582523,1144801317,1225271299,1235564865,1275794992,1316414360,1326481102,1346812252,1356849871,1376862888,1396129920,1427025923,1487619631,1487627634,1497384887,1528385945,1528527900,1538885850,1568082378,1588865802,1598261208,1629416458,1639531536,1639630064,1679967855,1700082260,1760916209,1770945545,1780264549,1841261468,1881112159,1922050004,1952715963,1962965913]}]}]},{"tin":{"type":"ein","value":"860593131"},"service_code":["23"],"billing_class":"professional","payments":[{"allowed_amount":378.02,"billing_code_modifier":[""],"providers":[{"billed_charge":1796.00,"npi":[1083671432,1811951429,1992236467]}]}]},{"tin":{"type":"ein","value":"873768007"},"service_code":["23"],"billing_class":"professional","payments":[{"allowed_amount":216.41,"billing_code_modifier":[""],"providers":[{"billed_charge":3500.00,"npi":[1972765253]}]}]},{"tin":{"type":"ein","value":"873825600"},"service_code":["23"],"billing_class":"professional","payments":[{"allowed_amount":378.02,"billing_code_modifier":[""],"providers":[{"billed_charge":3368.55,"npi":[1659039618,1881352037,1982925749]}]}]}]},{"name":"EMERGENCY DEPARTMENT VISIT MODERATE MDM","billing_code_type":"CPT","billing_code_type_version":"2020","billing_code":"99284","description":"EMERGENCY DEPARTMENT VISIT MODERATE MDM","allowed_amounts":[{"tin":{"type":"ein","value":"204374268"},"service_code":["23"],"billing_class":"professional","payments":[{"allowed_amount":149.39,"billing_code_modifier":[""],"providers":[{"billed_charge":832.00,"npi":[1669056933,1720011810]}]}]},{"tin":{"type":"ein","value":"205048404"},"service_code":["23"],"billing_class":"professional","payments":[{"allowed_amount":149.39,"billing_code_modifier":[""],"providers":[{"billed_charge":1227.00,"npi":[1508073925]}]}]},{"tin":{"type":"ein","value":"460508979"},"service_code":["23"],"billing_class":"professional","payments":[{"allowed_amount":149.39,"billing_code_modifier":[""],"providers":[{"billed_charge":1026.00,"npi":[1073897393,1215375530,1336107218,1427652098,1558981373,1629176433,1659759595,1750875233,1790715522]}]}]},{"tin":{"type":"ein","value":"460508979"},"service_code":["23"],"billing_class":"professional","payments":[{"allowed_amount":241.10,"billing_code_modifier":[""],"providers":[{"billed_charge":1026.00,"npi":[1104871961,1801200720,1992735088]}]}]},{"tin":{"type":"ein","value":"464102898"},"service_code":["23"],"billing_class":"professional","payments":[{"allowed_amount":149.39,"billing_code_modifier":[""],"providers":[{"billed_charge":1172.00,"npi":[1528671948,1588695936]}]}]},{"tin":{"type":"ein","value":"752632235"},"service_code":["23"],"billing_class":"professional","payments":[{"allowed_amount":149.39,"billing_code_modifier":[""],"providers":[{"billed_charge":1350.00,"npi":[1255913836,1386123305]}]}]},{"tin":{"type":"ein","value":"814399995"},"service_code":["23"],"billing_class":"professional","payments":[{"allowed_amount":149.39,"billing_code_modifier":[""],"providers":[{"billed_charge":895.00,"npi":[1215974258,1285708172,1295961613,1437712890,1508021502,1528072287,1588065502,1760825566,1760863161,1871556746,1881185486,1891886479,1972966828,1982633855]}]}]},{"tin":{"type":"ein","value":"814399995"},"service_code":["23"],"billing_class":"professional","payments":[{"allowed_amount":241.10,"billing_code_modifier":[""],"providers":[{"billed_charge":895.00,"npi":[1053853978,1245772870,1285708172]}]}]},{"tin":{"type":"ein","value":"822218927"},"service_code":["23"],"billing_class":"professional","payments":[{"allowed_amount":241.10,"billing_code_modifier":[""],"providers":[{"billed_charge":1280.00,"npi":[1164707725,1508389628,1538264957]}]}]},{"tin":{"type":"ein","value":"850651672"},"service_code":["23"],"billing_class":"professional","payments":[{"allowed_amount":149.39,"billing_code_modifier":[""],"providers":[{"billed_charge":1429.77,"npi":[1578548434]}]}]},{"tin":{"type":"ein","value":"850651672"},"service_code":["23"],"billing_class":"professional","payments":[{"allowed_amount":241.10,"billing_code_modifier":[""],"providers":[{"billed_charge":1429.77,"npi":[1043830623,1114908696]}]}]},{"tin":{"type":"ein","value":"860415065"},"service_code":["23"],"billing_class":"professional","payments":[{"allowed_amount":149.39,"billing_code_modifier":[""],"providers":[{"billed_charge":1227.00,"npi":[1275561565,1548647324,1609455369,1699026435,1760738124]}]}]},{"tin":{"type":"ein","value":"860415065"},"service_code":["23"],"billing_class":"professional","payments":[{"allowed_amount":241.10,"billing_code_modifier":[""],"providers":[{"billed_charge":1227.00,"npi":[1518984210,1841224870,1942837703]}]}]},{"tin":{"type":"ein","value":"860593131"},"service_code":["23"],"billing_class":"professional","payments":[{"allowed_amount":149.39,"billing_code_modifier":[""],"providers":[{"billed_charge":1223.00,"npi":[1144801317,1174173181,1285156117,1316110356,1316414360,1326481102,1346812252,1356849871,1437376159,1487627634,1528385945,1528527900,1538885850,1568082378,1568411098,1588865802,1588893374,1598261208,1598349532,1629633797,1639630064,1669704003,1679967855,1760916209,1770142861,1770945545,1780264549,1841261468,1851920789,1881112159,1891864849,1922050004,1942775275,1952715963,1962601856,1962868596,1962965913]}]}]},{"tin":{"type":"ein","value":"873825600"},"service_code":["23"],"billing_class":"professional","payments":[{"allowed_amount":241.10,"billing_code_modifier":[""],"providers":[{"billed_charge":2461.65,"npi":[1588649545,1659039618,1881352037]}]}]},{"tin":{"type":"ein","value":"922110411"},"service_code":["23"],"billing_class":"professional","payments":[{"allowed_amount":241.10,"billing_code_modifier":[""],"providers":[{"billed_charge":678.00,"npi":[1023715182,1063470763,1912135047]}]}]}]},{"name":"HEMO OPD\/HOME: HEMODIALYSIS COMP OR OTHER RATE","billing_code_type":"RC","billing_code_type_version":"UB04","billing_code":"0821","description":"HEMO OPD\/HOME: HEMODIALYSIS COMP OR OTHER RATE","allowed_amounts":[{"tin":{"type":"ein","value":"371852985"},"service_code":["65"],"billing_class":"institutional","payments":[{"allowed_amount":493.53,"billing_code_modifier":[""],"providers":[{"billed_charge":11388.21,"npi":[1073786794,1700506847]}]}]},{"tin":{"type":"ein","value":"453040157"},"service_code":["65"],"billing_class":"institutional","payments":[{"allowed_amount":493.53,"billing_code_modifier":[""],"providers":[{"billed_charge":11388.21,"npi":[1073786794,1093098550]}]}]}]},{"name":"INJECTION SINGLE TENDON ORIGIN\/INSERTION","billing_code_type":"CPT","billing_code_type_version":"2020","billing_code":"20551","description":"INJECTION SINGLE TENDON ORIGIN\/INSERTION","allowed_amounts":[{"tin":{"type":"ein","value":"832619393"},"service_code":["11"],"billing_class":"professional","payments":[{"allowed_amount":84.62,"billing_code_modifier":[""],"providers":[{"billed_charge":184.58,"npi":[1114497864,1750859575]}]}]}]},{"name":"INJECTION SINGLE\/MLT TRIGGER POINT 3\/> MUSCLES","billing_code_type":"CPT","billing_code_type_version":"2020","billing_code":"20553","description":"INJECTION SINGLE\/MLT TRIGGER POINT 3\/> MUSCLES","allowed_amounts":[{"tin":{"type":"ein","value":"274376654"},"service_code":["11"],"billing_class":"professional","payments":[{"allowed_amount":89.00,"billing_code_modifier":[""],"providers":[{"billed_charge":275.00,"npi":[1598702086]}]}]},{"tin":{"type":"ein","value":"832619393"},"service_code":["11"],"billing_class":"professional","payments":[{"allowed_amount":89.00,"billing_code_modifier":[""],"providers":[{"billed_charge":205.00,"npi":[1114497864,1750859575]},{"billed_charge":208.44,"npi":[1114497864,1750859575]}]},{"allowed_amount":89.00,"billing_code_modifier":[""],"providers":[{"billed_charge":205.00,"npi":[1114497864,1750859575]},{"billed_charge":208.44,"npi":[1114497864,1750859575]}]}]},{"tin":{"type":"ein","value":"832619393"},"service_code":["11"],"billing_class":"professional","payments":[{"allowed_amount":89.00,"billing_code_modifier":[""],"providers":[{"billed_charge":205.00,"npi":[1114497864,1750859575]},{"billed_charge":208.44,"npi":[1114497864,1750859575]}]},{"allowed_amount":89.00,"billing_code_modifier":[""],"providers":[{"billed_charge":205.00,"npi":[1114497864,1750859575]},{"billed_charge":208.44,"npi":[1114497864,1750859575]}]}]},{"tin":{"type":"ein","value":"871554600"},"service_code":["11"],"billing_class":"professional","payments":[{"allowed_amount":89.00,"billing_code_modifier":[""],"providers":[{"billed_charge":391.00,"npi":[1619290046,1841861283]}]}]},{"tin":{"type":"ein","value":"871922287"},"service_code":["11"],"billing_class":"professional","payments":[{"allowed_amount":89.00,"billing_code_modifier":[""],"providers":[{"billed_charge":201.18,"npi":[1861815250,1982370839]}]}]}]},{"name":"MANUAL THERAPY TQS 1\/> REGIONS EACH 15 MINUTES","billing_code_type":"CPT","billing_code_type_version":"2020","billing_code":"97140","description":"MANUAL THERAPY TQS 1\/> REGIONS EACH 15 MINUTES","allowed_amounts":[{"tin":{"type":"ein","value":"300266181"},"service_code":["11"],"billing_class":"professional","payments":[{"allowed_amount":39.92,"billing_code_modifier":[""],"providers":[{"billed_charge":90.00,"npi":[1437482213]}]}]},{"tin":{"type":"ein","value":"475433333"},"service_code":["11"],"billing_class":"professional","payments":[{"allowed_amount":39.92,"billing_code_modifier":[""],"providers":[{"billed_charge":64.19,"npi":[1295188217,1871570309]}]}]},{"tin":{"type":"ein","value":"475433333"},"service_code":["11"],"billing_class":"professional","payments":[{"allowed_amount":70.82,"billing_code_modifier":[""],"providers":[{"billed_charge":128.38,"npi":[1295188217,1871570309]}]}]},{"tin":{"type":"ein","value":"776235397"},"service_code":["11"],"billing_class":"professional","payments":[{"allowed_amount":70.82,"billing_code_modifier":[""],"providers":[{"billed_charge":140.00,"npi":[1649464637,1659473643]}]}]},{"tin":{"type":"ein","value":"776235397"},"service_code":["11"],"billing_class":"professional","payments":[{"allowed_amount":101.72,"billing_code_modifier":[""],"providers":[{"billed_charge":210.00,"npi":[1649464637,1659473643]}]}]},{"tin":{"type":"ein","value":"814052538"},"service_code":["11"],"billing_class":"professional","payments":[{"allowed_amount":39.92,"billing_code_modifier":[""],"providers":[{"billed_charge":70.00,"npi":[1033652813,1538754353]}]}]},{"tin":{"type":"ein","value":"860929640"},"service_code":["11"],"billing_class":"professional","payments":[{"allowed_amount":39.92,"billing_code_modifier":[""],"providers":[{"billed_charge":56.00,"npi":[1023116332,1962559120,1982614319]}]}]},{"tin":{"type":"ein","value":"861003167"},"service_code":["11"],"billing_class":"professional","payments":[{"allowed_amount":39.92,"billing_code_modifier":[""],"providers":[{"billed_charge":70.00,"npi":[1225453194,1558318170,1831588847]}]}]}]},{"name":"MEDICAL\/SURGICAL SUPPLIES","billing_code_type":"RC","billing_code_type_version":"UB04","billing_code":"0270","description":"MEDICAL\/SURGICAL SUPPLIES","allowed_amounts":[{"tin":{"type":"ein","value":"371852985"},"service_code":["65"],"billing_class":"institutional","payments":[{"allowed_amount":0.00,"billing_code_modifier":[""],"providers":[{"billed_charge":119.42,"npi":[1073786794,1700506847]}]}]},{"tin":{"type":"ein","value":"453040157"},"service_code":["65"],"billing_class":"institutional","payments":[{"allowed_amount":0.00,"billing_code_modifier":[""],"providers":[{"billed_charge":119.42,"npi":[1073786794,1093098550]},{"billed_charge":238.84,"npi":[1073786794,1093098550]}]},{"allowed_amount":0.00,"billing_code_modifier":[""],"providers":[{"billed_charge":119.42,"npi":[1073786794,1093098550]},{"billed_charge":238.84,"npi":[1073786794,1093098550]}]}]},{"tin":{"type":"ein","value":"453040157"},"service_code":["65"],"billing_class":"institutional","payments":[{"allowed_amount":0.00,"billing_code_modifier":[""],"providers":[{"billed_charge":119.42,"npi":[1073786794,1093098550]},{"billed_charge":238.84,"npi":[1073786794,1093098550]}]},{"allowed_amount":0.00,"billing_code_modifier":[""],"providers":[{"billed_charge":119.42,"npi":[1073786794,1093098550]},{"billed_charge":238.84,"npi":[1073786794,1093098550]}]}]},{"tin":{"type":"ein","value":"833547294"},"service_code":["23"],"billing_class":"institutional","payments":[{"allowed_amount":0.00,"billing_code_modifier":[""],"providers":[{"billed_charge":255.00,"npi":[1508021502,1609496397]}]}]},{"tin":{"type":"ein","value":"852698525"},"service_code":["24"],"billing_class":"institutional","payments":[{"allowed_amount":0.00,"billing_code_modifier":[""],"providers":[{"billed_charge":3.48,"npi":[1275978876,1316533870]},{"billed_charge":51.25,"npi":[1275978876,1316533870]},{"billed_charge":90.00,"npi":[1275978876,1316533870]}]},{"allowed_amount":0.00,"billing_code_modifier":[""],"providers":[{"billed_charge":3.48,"npi":[1275978876,1316533870]},{"billed_charge":51.25,"npi":[1275978876,1316533870]},{"billed_charge":90.00,"npi":[1275978876,1316533870]}]},{"allowed_amount":0.00,"billing_code_modifier":[""],"providers":[{"billed_charge":3.48,"npi":[1275978876,1316533870]},{"billed_charge":51.25,"npi":[1275978876,1316533870]},{"billed_charge":90.00,"npi":[1275978876,1316533870]}]}]},{"tin":{"type":"ein","value":"852698525"},"service_code":["24"],"billing_class":"institutional","payments":[{"allowed_amount":0.00,"billing_code_modifier":[""],"providers":[{"billed_charge":3.48,"npi":[1275978876,1316533870]},{"billed_charge":51.25,"npi":[1275978876,1316533870]},{"billed_charge":90.00,"npi":[1275978876,1316533870]}]},{"allowed_amount":0.00,"billing_code_modifier":[""],"providers":[{"billed_charge":3.48,"npi":[1275978876,1316533870]},{"billed_charge":51.25,"npi":[1275978876,1316533870]},{"billed_charge":90.00,"npi":[1275978876,1316533870]}]},{"allowed_amount":0.00,"billing_code_modifier":[""],"providers":[{"billed_charge":3.48,"npi":[1275978876,1316533870]},{"billed_charge":51.25,"npi":[1275978876,1316533870]},{"billed_charge":90.00,"npi":[1275978876,1316533870]}]}]},{"tin":{"type":"ein","value":"852698525"},"service_code":["24"],"billing_class":"institutional","payments":[{"allowed_amount":0.00,"billing_code_modifier":[""],"providers":[{"billed_charge":3.48,"npi":[1275978876,1316533870]},{"billed_charge":51.25,"npi":[1275978876,1316533870]},{"billed_charge":90.00,"npi":[1275978876,1316533870]}]},{"allowed_amount":0.00,"billing_code_modifier":[""],"providers":[{"billed_charge":3.48,"npi":[1275978876,1316533870]},{"billed_charge":51.25,"npi":[1275978876,1316533870]},{"billed_charge":90.00,"npi":[1275978876,1316533870]}]},{"allowed_amount":0.00,"billing_code_modifier":[""],"providers":[{"billed_charge":3.48,"npi":[1275978876,1316533870]},{"billed_charge":51.25,"npi":[1275978876,1316533870]},{"billed_charge":90.00,"npi":[1275978876,1316533870]}]}]}]},{"name":"OFFICE\/OUTPATIENT ESTABLISHED LOW MDM 20 MIN","billing_code_type":"CPT","billing_code_type_version":"2020","billing_code":"99213","description":"OFFICE\/OUTPATIENT ESTABLISHED LOW MDM 20 MIN","allowed_amounts":[{"tin":{"type":"ein","value":"201778316"},"service_code":["11"],"billing_class":"professional","payments":[{"allowed_amount":133.92,"billing_code_modifier":[""],"providers":[{"billed_charge":224.58,"npi":[1013790856,1427095801]}]}]},{"tin":{"type":"ein","value":"205824138"},"service_code":["20"],"billing_class":"professional","payments":[{"allowed_amount":133.92,"billing_code_modifier":[""],"providers":[{"billed_charge":330.00,"npi":[1043371826,1205283561]}]}]},{"tin":{"type":"ein","value":"274376654"},"service_code":["11"],"billing_class":"professional","payments":[{"allowed_amount":133.92,"billing_code_modifier":[""],"providers":[{"billed_charge":190.00,"npi":[1598702086]}]}]},{"tin":{"type":"ein","value":"365075642"},"service_code":["11"],"billing_class":"professional","payments":[{"allowed_amount":133.92,"billing_code_modifier":[""],"providers":[{"billed_charge":1845.00,"npi":[1275978876,1427304963]}]}]},{"tin":{"type":"ein","value":"474850055"},"service_code":["11"],"billing_class":"professional","payments":[{"allowed_amount":133.92,"billing_code_modifier":[""],"providers":[{"billed_charge":377.64,"npi":[1619123528,1629561154]}]}]},{"tin":{"type":"ein","value":"832619393"},"service_code":["11"],"billing_class":"professional","payments":[{"allowed_amount":133.92,"billing_code_modifier":[""],"providers":[{"billed_charge":210.00,"npi":[1114497864,1114568045,1750859575,1851499057]}]}]},{"tin":{"type":"ein","value":"861025809"},"service_code":["11"],"billing_class":"professional","payments":[{"allowed_amount":133.92,"billing_code_modifier":[""],"providers":[{"billed_charge":179.00,"npi":[1376512129,1407890353]}]}]},{"tin":{"type":"ein","value":"871554600"},"service_code":["11"],"billing_class":"professional","payments":[{"allowed_amount":133.92,"billing_code_modifier":[""],"providers":[{"billed_charge":449.15,"npi":[1457629982,1619290046,1841861283]}]}]},{"tin":{"type":"ein","value":"873827578"},"service_code":["11"],"billing_class":"professional","payments":[{"allowed_amount":133.92,"billing_code_modifier":[""],"providers":[{"billed_charge":223.00,"npi":[1043214877,1568116291]}]}]},{"tin":{"type":"ein","value":"934895258"},"service_code":["20"],"billing_class":"professional","payments":[{"allowed_amount":133.92,"billing_code_modifier":[""],"providers":[{"billed_charge":330.00,"npi":[1114798071,1598885170]}]}]},{"tin":{"type":"ein","value":"990438610"},"service_code":["11"],"billing_class":"professional","payments":[{"allowed_amount":133.92,"billing_code_modifier":[""],"providers":[{"billed_charge":220.00,"npi":[1184247256,1326818360]}]}]}]},{"name":"OFFICE\/OUTPATIENT ESTABLISHED MOD MDM 30 MIN","billing_code_type":"CPT","billing_code_type_version":"2020","billing_code":"99214","description":"OFFICE\/OUTPATIENT ESTABLISHED MOD MDM 30 MIN","allowed_amounts":[{"tin":{"type":"ein","value":"201291415"},"service_code":["11"],"billing_class":"professional","payments":[{"allowed_amount":188.99,"billing_code_modifier":[""],"providers":[{"billed_charge":235.00,"npi":[1003888751]}]}]},{"tin":{"type":"ein","value":"201778316"},"service_code":["11"],"billing_class":"professional","payments":[{"allowed_amount":188.99,"billing_code_modifier":[""],"providers":[{"billed_charge":318.98,"npi":[1427095801,1508511015,1699891614]}]}]},{"tin":{"type":"ein","value":"832619393"},"service_code":["11"],"billing_class":"professional","payments":[{"allowed_amount":188.99,"billing_code_modifier":[""],"providers":[{"billed_charge":320.00,"npi":[1114497864,1750859575]}]}]},{"tin":{"type":"ein","value":"850999541"},"service_code":["11"],"billing_class":"professional","payments":[{"allowed_amount":188.99,"billing_code_modifier":[""],"providers":[{"billed_charge":206.00,"npi":[1730790080,1841691755]}]}]},{"tin":{"type":"ein","value":"880250024"},"service_code":["11"],"billing_class":"professional","payments":[{"allowed_amount":188.99,"billing_code_modifier":[""],"providers":[{"billed_charge":381.25,"npi":[1063579803,1497723506,1659337459]}]}]},{"tin":{"type":"ein","value":"934895258"},"service_code":["20"],"billing_class":"professional","payments":[{"allowed_amount":188.99,"billing_code_modifier":[""],"providers":[{"billed_charge":350.00,"npi":[1053179176,1114798071,1598885170]}]}]}]},{"name":"OFFICE\/OUTPATIENT ESTABLISHED SF MDM 10 MIN","billing_code_type":"CPT","billing_code_type_version":"2020","billing_code":"99212","description":"OFFICE\/OUTPATIENT ESTABLISHED SF MDM 10 MIN","allowed_amounts":[{"tin":{"type":"ein","value":"753202440"},"service_code":["11"],"billing_class":"professional","payments":[{"allowed_amount":83.27,"billing_code_modifier":[""],"providers":[{"billed_charge":221.00,"npi":[1003807967]}]}]},{"tin":{"type":"ein","value":"832619393"},"service_code":["11"],"billing_class":"professional","payments":[{"allowed_amount":83.27,"billing_code_modifier":[""],"providers":[{"billed_charge":130.00,"npi":[1114497864,1750859575]}]}]},{"tin":{"type":"ein","value":"871554600"},"service_code":["11"],"billing_class":"professional","payments":[{"allowed_amount":83.27,"billing_code_modifier":[""],"providers":[{"billed_charge":275.60,"npi":[1457629982,1619290046,1841861283]}]}]}]},{"name":"OFFICE\/OUTPATIENT NEW LOW MDM 30 MINUTES","billing_code_type":"CPT","billing_code_type_version":"2020","billing_code":"99203","description":"OFFICE\/OUTPATIENT NEW LOW MDM 30 MINUTES","allowed_amounts":[{"tin":{"type":"ein","value":"201778316"},"service_code":["11"],"billing_class":"professional","payments":[{"allowed_amount":164.12,"billing_code_modifier":[""],"providers":[{"billed_charge":276.05,"npi":[1013790856,1427095801]}]}]},{"tin":{"type":"ein","value":"743195418"},"service_code":["11"],"billing_class":"professional","payments":[{"allowed_amount":164.12,"billing_code_modifier":[""],"providers":[{"billed_charge":200.00,"npi":[1194893610]}]}]},{"tin":{"type":"ein","value":"776235397"},"service_code":["11"],"billing_class":"professional","payments":[{"allowed_amount":164.12,"billing_code_modifier":[""],"providers":[{"billed_charge":255.00,"npi":[1649464637,1659473643]}]}]},{"tin":{"type":"ein","value":"811039174"},"service_code":["11"],"billing_class":"professional","payments":[{"allowed_amount":164.12,"billing_code_modifier":[""],"providers":[{"billed_charge":225.00,"npi":[1083488308,1821454505]}]}]},{"tin":{"type":"ein","value":"861025809"},"service_code":["11"],"billing_class":"professional","payments":[{"allowed_amount":164.12,"billing_code_modifier":[""],"providers":[{"billed_charge":219.00,"npi":[1376512129,1407890353]}]}]},{"tin":{"type":"ein","value":"871554600"},"service_code":["11"],"billing_class":"professional","payments":[{"allowed_amount":164.12,"billing_code_modifier":[""],"providers":[{"billed_charge":782.32,"npi":[1457629982,1841861283]}]}]},{"tin":{"type":"ein","value":"922398520"},"service_code":["11"],"billing_class":"professional","payments":[{"allowed_amount":164.12,"billing_code_modifier":[""],"providers":[{"billed_charge":225.00,"npi":[1245718931,1346933942]}]}]},{"tin":{"type":"ein","value":"934895258"},"service_code":["20"],"billing_class":"professional","payments":[{"allowed_amount":164.12,"billing_code_modifier":[""],"providers":[{"billed_charge":335.00,"npi":[1114798071,1346903069]}]}]},{"tin":{"type":"ein","value":"934908008"},"service_code":["11"],"billing_class":"professional","payments":[{"allowed_amount":164.12,"billing_code_modifier":[""],"providers":[{"billed_charge":782.32,"npi":[1154199263,1427474022]}]}]},{"tin":{"type":"ein","value":"990438610"},"service_code":["11"],"billing_class":"professional","payments":[{"allowed_amount":164.12,"billing_code_modifier":[""],"providers":[{"billed_charge":325.00,"npi":[1184247256,1326818360]}]}]}]},{"name":"PSYCHOTHERAPY W\/PATIENT 60 MINUTES","billing_code_type":"CPT","billing_code_type_version":"2020","billing_code":"90837","description":"PSYCHOTHERAPY W\/PATIENT 60 MINUTES","allowed_amounts":[{"tin":{"type":"ein","value":"991554467"},"service_code":["02"],"billing_class":"professional","payments":[{"allowed_amount":200.00,"billing_code_modifier":[""],"providers":[{"billed_charge":200.00,"npi":[1144088022,1699372805]}]}]}]},{"name":"SBSQ HOSPITAL IP\/OBS CARE MOD MDM 35 MINUTES","billing_code_type":"CPT","billing_code_type_version":"2020","billing_code":"99232","description":"SBSQ HOSPITAL IP\/OBS CARE MOD MDM 35 MINUTES","allowed_amounts":[{"tin":{"type":"ein","value":"860392561"},"service_code":["21"],"billing_class":"professional","payments":[{"allowed_amount":89.02,"billing_code_modifier":[""],"providers":[{"billed_charge":234.00,"npi":[1407978091,1568414878,1588657910,1659574069]}]}]}]},{"name":"THER PX 1\/> AREAS EACH 15 MIN NEUROMUSC REEDUCA","billing_code_type":"CPT","billing_code_type_version":"2020","billing_code":"97112","description":"THER PX 1\/> AREAS EACH 15 MIN NEUROMUSC REEDUCA","allowed_amounts":[{"tin":{"type":"ein","value":"475433333"},"service_code":["11"],"billing_class":"professional","payments":[{"allowed_amount":87.30,"billing_code_modifier":[""],"providers":[{"billed_charge":164.04,"npi":[1295188217,1871570309]}]}]},{"tin":{"type":"ein","value":"776235397"},"service_code":["11"],"billing_class":"professional","payments":[{"allowed_amount":87.30,"billing_code_modifier":[""],"providers":[{"billed_charge":160.00,"npi":[1649464637,1659473643]}]}]}]},{"name":"THERAPEUT ACTVITY DIRECT PT CONTACT EACH 15 MIN","billing_code_type":"CPT","billing_code_type_version":"2020","billing_code":"97530","description":"THERAPEUT ACTVITY DIRECT PT CONTACT EACH 15 MIN","allowed_amounts":[{"tin":{"type":"ein","value":"460758517"},"service_code":["11"],"billing_class":"professional","payments":[{"allowed_amount":168.71,"billing_code_modifier":[""],"providers":[{"billed_charge":350.00,"npi":[1023081783,1477326213,1962869503]}]}]},{"tin":{"type":"ein","value":"611849065"},"service_code":["11"],"billing_class":"professional","payments":[{"allowed_amount":92.27,"billing_code_modifier":[""],"providers":[{"billed_charge":330.66,"npi":[1760865026,1831615103]}]}]},{"tin":{"type":"ein","value":"842635041"},"service_code":["99"],"billing_class":"professional","payments":[{"allowed_amount":168.71,"billing_code_modifier":[""],"providers":[{"billed_charge":200.00,"npi":[1134770654,1740922269]}]}]},{"tin":{"type":"ein","value":"860929640"},"service_code":["11"],"billing_class":"professional","payments":[{"allowed_amount":168.71,"billing_code_modifier":[""],"providers":[{"billed_charge":304.00,"npi":[1023116332,1962559120,1982614319]}]}]},{"tin":{"type":"ein","value":"934908008"},"service_code":["11"],"billing_class":"professional","payments":[{"allowed_amount":92.27,"billing_code_modifier":[""],"providers":[{"billed_charge":381.80,"npi":[1154199263,1427474022]}]}]}]},{"name":"THERAPEUTIC PX 1\/> AREAS EACH 15 MIN EXERCISES","billing_code_type":"CPT","billing_code_type_version":"2020","billing_code":"97110","description":"THERAPEUTIC PX 1\/> AREAS EACH 15 MIN EXERCISES","allowed_amounts":[{"tin":{"type":"ein","value":"020808023"},"service_code":["11"],"billing_class":"professional","payments":[{"allowed_amount":43.34,"billing_code_modifier":[""],"providers":[{"billed_charge":100.00,"npi":[1457514317,1962434548]}]}]},{"tin":{"type":"ein","value":"274376654"},"service_code":["11"],"billing_class":"professional","payments":[{"allowed_amount":142.70,"billing_code_modifier":[""],"providers":[{"billed_charge":400.00,"npi":[1598702086]}]}]},{"tin":{"type":"ein","value":"300266181"},"service_code":["11"],"billing_class":"professional","payments":[{"allowed_amount":76.46,"billing_code_modifier":[""],"providers":[{"billed_charge":200.00,"npi":[1437482213]}]}]},{"tin":{"type":"ein","value":"300266181"},"service_code":["11"],"billing_class":"professional","payments":[{"allowed_amount":142.70,"billing_code_modifier":[""],"providers":[{"billed_charge":400.00,"npi":[1437482213]}]}]},{"tin":{"type":"ein","value":"301326427"},"service_code":["11"],"billing_class":"professional","payments":[{"allowed_amount":43.34,"billing_code_modifier":[""],"providers":[{"billed_charge":115.00,"npi":[1255117941,1295452423,1962108365]}]}]},{"tin":{"type":"ein","value":"470982688"},"service_code":["11"],"billing_class":"professional","payments":[{"allowed_amount":43.34,"billing_code_modifier":[""],"providers":[{"billed_charge":55.00,"npi":[1447407119,1821402363]}]}]},{"tin":{"type":"ein","value":"475433333"},"service_code":["11"],"billing_class":"professional","payments":[{"allowed_amount":43.34,"billing_code_modifier":[""],"providers":[{"billed_charge":83.80,"npi":[1295188217,1871570309]}]}]},{"tin":{"type":"ein","value":"611849065"},"service_code":["11"],"billing_class":"professional","payments":[{"allowed_amount":76.46,"billing_code_modifier":[""],"providers":[{"billed_charge":263.16,"npi":[1760865026,1831615103]}]}]},{"tin":{"type":"ein","value":"710939842"},"service_code":["11"],"billing_class":"professional","payments":[{"allowed_amount":76.46,"billing_code_modifier":[""],"providers":[{"billed_charge":100.00,"npi":[1285829606,1821260738]}]}]},{"tin":{"type":"ein","value":"743195418"},"service_code":["11"],"billing_class":"professional","payments":[{"allowed_amount":109.58,"billing_code_modifier":[""],"providers":[{"billed_charge":195.00,"npi":[1194893610]}]}]},{"tin":{"type":"ein","value":"743195418"},"service_code":["11"],"billing_class":"professional","payments":[{"allowed_amount":142.70,"billing_code_modifier":[""],"providers":[{"billed_charge":260.00,"npi":[1194893610]}]}]},{"tin":{"type":"ein","value":"753202440"},"service_code":["11"],"billing_class":"professional","payments":[{"allowed_amount":142.70,"billing_code_modifier":[""],"providers":[{"billed_charge":391.40,"npi":[1003807967]}]}]},{"tin":{"type":"ein","value":"776235397"},"service_code":["11"],"billing_class":"professional","payments":[{"allowed_amount":76.46,"billing_code_modifier":[""],"providers":[{"billed_charge":170.00,"npi":[1649464637,1659473643]}]}]},{"tin":{"type":"ein","value":"776235397"},"service_code":["11"],"billing_class":"professional","payments":[{"allowed_amount":109.58,"billing_code_modifier":[""],"providers":[{"billed_charge":255.00,"npi":[1649464637,1659473643]}]}]},{"tin":{"type":"ein","value":"814052538"},"service_code":["11"],"billing_class":"professional","payments":[{"allowed_amount":76.46,"billing_code_modifier":[""],"providers":[{"billed_charge":150.00,"npi":[1033652813,1538754353]}]}]},{"tin":{"type":"ein","value":"814052538"},"service_code":["11"],"billing_class":"professional","payments":[{"allowed_amount":109.58,"billing_code_modifier":[""],"providers":[{"billed_charge":225.00,"npi":[1033652813,1538754353]}]}]},{"tin":{"type":"ein","value":"832619393"},"service_code":["11"],"billing_class":"professional","payments":[{"allowed_amount":76.46,"billing_code_modifier":[""],"providers":[{"billed_charge":160.00,"npi":[1114497864,1750859575]}]}]},{"tin":{"type":"ein","value":"832619393"},"service_code":["11"],"billing_class":"professional","payments":[{"allowed_amount":109.58,"billing_code_modifier":[""],"providers":[{"billed_charge":240.00,"npi":[1114497864,1114568045,1750859575]}]}]},{"tin":{"type":"ein","value":"860929640"},"service_code":["11"],"billing_class":"professional","payments":[{"allowed_amount":43.34,"billing_code_modifier":[""],"providers":[{"billed_charge":60.00,"npi":[1023116332,1962559120,1982614319]}]}]},{"tin":{"type":"ein","value":"861003167"},"service_code":["11"],"billing_class":"professional","payments":[{"allowed_amount":43.34,"billing_code_modifier":[""],"providers":[{"billed_charge":80.00,"npi":[1225453194,1558318170,1831588847]}]}]},{"tin":{"type":"ein","value":"871922287"},"service_code":["11"],"billing_class":"professional","payments":[{"allowed_amount":142.70,"billing_code_modifier":[""],"providers":[{"billed_charge":341.04,"npi":[1861815250,1982370839]}]}]},{"tin":{"type":"ein","value":"881657583"},"service_code":["11"],"billing_class":"professional","payments":[{"allowed_amount":43.34,"billing_code_modifier":[""],"providers":[{"billed_charge":52.54,"npi":[1588307037,1619508157]}]}]},{"tin":{"type":"ein","value":"922398520"},"service_code":["11"],"billing_class":"professional","payments":[{"allowed_amount":43.34,"billing_code_modifier":[""],"providers":[{"billed_charge":89.00,"npi":[1245718931,1346933942]}]}]},{"tin":{"type":"ein","value":"934908008"},"service_code":["11"],"billing_class":"professional","payments":[{"allowed_amount":76.46,"billing_code_modifier":[""],"providers":[{"billed_charge":295.70,"npi":[1154199263,1427474022]}]}]},{"tin":{"type":"ein","value":"990438610"},"service_code":["11"],"billing_class":"professional","payments":[{"allowed_amount":43.34,"billing_code_modifier":[""],"providers":[{"billed_charge":98.00,"npi":[1184247256,1326818360]}]}]},{"tin":{"type":"ein","value":"990438610"},"service_code":["11"],"billing_class":"professional","payments":[{"allowed_amount":142.70,"billing_code_modifier":[""],"providers":[{"billed_charge":392.00,"npi":[1184247256,1326818360]}]}]}]},{"name":"TX SPEECH LANG VOICE COMMJ&\/AUD PROC DO INDIV","billing_code_type":"CPT","billing_code_type_version":"2020","billing_code":"92507","description":"TX SPEECH LANG VOICE COMMJ&\/AUD PROC DO INDIV","allowed_amounts":[{"tin":{"type":"ein","value":"460758517"},"service_code":["11"],"billing_class":"professional","payments":[{"allowed_amount":112.92,"billing_code_modifier":[""],"providers":[{"billed_charge":350.00,"npi":[1023081783,1326710948,1750698254]}]}]},{"tin":{"type":"ein","value":"680632276"},"service_code":["12"],"billing_class":"professional","payments":[{"allowed_amount":112.92,"billing_code_modifier":[""],"providers":[{"billed_charge":140.00,"npi":[1154461762]}]}]}]}]}
