{"reporting_entity_name": "IEC Group_DBA AmeriBen",
	"reporting_entity_type": "Third Party Administrator",
	"plan_name": "S NEW HAMPSHIRE HEALTH SYSTEM",
	"plan_id_type": "ein",
	"plan_id": "020483054",
	"plan_market_type": "group",
	"last_updated_on": "2024-10-01","Version": "1.0.0","out_of_network":[{"name":"ADAPTIVE BEHAVIOR TX BY PROTOCOL TECH EA 15 MIN","billing_code_type":"CPT","billing_code_type_version":"2020","billing_code":"97153","description":"ADAPTIVE BEHAVIOR TX BY PROTOCOL TECH EA 15 MIN","allowed_amounts":[{"tin":{"type":"ein","value":"863661185"},"service_code":["03","12","99"],"billing_class":"professional","payments":[{"allowed_amount":112.50,"billing_code_modifier":[""],"providers":[{"billed_charge":2970.00,"npi":[1124722707,1326687542,1972187250]}]}]},{"tin":{"type":"ein","value":"863661185"},"service_code":["11"],"billing_class":"professional","payments":[{"allowed_amount":150.00,"billing_code_modifier":[""],"providers":[{"billed_charge":3960.00,"npi":[1730808320,1972187250]}]}]},{"tin":{"type":"ein","value":"863661185"},"service_code":["12","99"],"billing_class":"professional","payments":[{"allowed_amount":157.23,"billing_code_modifier":[""],"providers":[{"billed_charge":2970.00,"npi":[1124722707,1972187250]}]}]}]},{"name":"FAMILY ADAPT BHV TX GDN PHYS\/QHP EA 15 MIN","billing_code_type":"CPT","billing_code_type_version":"2020","billing_code":"97156","description":"FAMILY ADAPT BHV TX GDN PHYS\/QHP EA 15 MIN","allowed_amounts":[{"tin":{"type":"ein","value":"863661185"},"service_code":["03","10","11","12"],"billing_class":"professional","payments":[{"allowed_amount":44.54,"billing_code_modifier":[""],"providers":[{"billed_charge":900.00,"npi":[1124722707,1730808320,1972187250]}]}]}]},{"name":"LEVEL IV SURG PATHOLOGY GROSS&MICROSCOPIC EXAM","billing_code_type":"CPT","billing_code_type_version":"2020","billing_code":"88305","description":"LEVEL IV SURG PATHOLOGY GROSS&MICROSCOPIC EXAM","allowed_amounts":[{"tin":{"type":"ein","value":"020354192"},"service_code":["22"],"billing_class":"professional","payments":[{"allowed_amount":85.79,"billing_code_modifier":[""],"providers":[{"billed_charge":175.00,"npi":[1386697282,1568464378,1598700940,1629333182,1639185846,1780945261,1982784823]}]}]}]},{"name":"PSYCHOTHERAPY W\/PATIENT 45 MINUTES","billing_code_type":"CPT","billing_code_type_version":"2020","billing_code":"90834","description":"PSYCHOTHERAPY W\/PATIENT 45 MINUTES","allowed_amounts":[{"tin":{"type":"ein","value":"020442645"},"service_code":["11"],"billing_class":"professional","payments":[{"allowed_amount":109.67,"billing_code_modifier":[""],"providers":[{"billed_charge":230.00,"npi":[1144275389,1396264818,1518256163,1629244066]}]}]}]}]}
