{"reporting_entity_name": "IEC Group_DBA AmeriBen",
	"reporting_entity_type": "Third Party Administrator",
	"plan_name": "NEW BELGIUM BREWING",
	"plan_id_type": "ein",
	"plan_id": "841225570",
	"plan_market_type": "group",
	"last_updated_on": "2023-09-01","Version": "1.0.0","out_of_network":[{"name":"ASSAY OF MAGNESIUM","billing_code_type":"CPT","billing_code_type_version":"2020","billing_code":"83735","description":"ASSAY OF MAGNESIUM","allowed_amounts":[{"tin":{"type":"ein","value":"863641751"},"service_code":["22","23"],"billing_class":"professional","payments":[{"allowed_amount":0.00,"billing_code_modifier":[""],"providers":[{"billed_charge":6.00,"npi":[1083665863,1205571007,1215511043,1255975389,1336652247,1376523480,1538587696,1619358405]}]}]}]},{"name":"BLOOD COUNT COMPLETE AUTOMATED","billing_code_type":"CPT","billing_code_type_version":"2020","billing_code":"85027","description":"BLOOD COUNT COMPLETE AUTOMATED","allowed_amounts":[{"tin":{"type":"ein","value":"863641751"},"service_code":["21","22"],"billing_class":"professional","payments":[{"allowed_amount":0.00,"billing_code_modifier":[""],"providers":[{"billed_charge":6.00,"npi":[1083665863,1205571007,1215511043,1255975389,1275699365,1376523480,1538587696,1548496813]}]}]}]},{"name":"COLLECTION VENOUS BLOOD VENIPUNCTURE","billing_code_type":"CPT","billing_code_type_version":"2020","billing_code":"36415","description":"COLLECTION VENOUS BLOOD VENIPUNCTURE","allowed_amounts":[{"tin":{"type":"ein","value":"863641751"},"service_code":["21","22","23"],"billing_class":"professional","payments":[{"allowed_amount":0.00,"billing_code_modifier":[""],"providers":[{"billed_charge":3.00,"npi":[1033114186,1083665863,1215511043,1447806294,1457574840,1518463991,1548496813,1699403931,1790198687,1831559434]}]}]}]},{"name":"COMPREHENSIVE METABOLIC PANEL","billing_code_type":"CPT","billing_code_type_version":"2020","billing_code":"80053","description":"COMPREHENSIVE METABOLIC PANEL","allowed_amounts":[{"tin":{"type":"ein","value":"863641751"},"service_code":["21","22","23"],"billing_class":"professional","payments":[{"allowed_amount":0.00,"billing_code_modifier":[""],"providers":[{"billed_charge":10.00,"npi":[1083665863,1205571007,1215511043,1255975389,1336652247,1376523480,1386222545,1518463991,1538587696,1548496813,1619358405,1831559434]}]}]}]}]}
