{"reporting_entity_name": "IEC Group_DBA AmeriBen",
	"reporting_entity_type": "Third Party Administrator",
	"plan_name": "TUBA CITY REGIONAL HEALTH CARE",
	"plan_id_type": "ein",
	"plan_id": "043651340",
	"plan_market_type": "group",
	"last_updated_on": "2025-02-01","Version": "1.0.0","out_of_network":[{"name":"APPL MODALITY 1\/> AREAS ELEC STIMJ UNATTENDED","billing_code_type":"CPT","billing_code_type_version":"2020","billing_code":"97014","description":"APPL MODALITY 1\/> AREAS ELEC STIMJ UNATTENDED","allowed_amounts":[{"tin":{"type":"ein","value":"870560763"},"service_code":["11"],"billing_class":"professional","payments":[{"allowed_amount":12.84,"billing_code_modifier":[""],"providers":[{"billed_charge":26.00,"npi":[1699803635,1770073785,1811991151,1891103081]}]}]}]},{"name":"CCPD OPD\/HOME: CCPD COMP OR OTHER RATE","billing_code_type":"RC","billing_code_type_version":"UB04","billing_code":"0851","description":"CCPD OPD\/HOME: CCPD COMP OR OTHER RATE","allowed_amounts":[{"tin":{"type":"ein","value":"275444742"},"service_code":["65"],"billing_class":"institutional","payments":[{"allowed_amount":243.54,"billing_code_modifier":[""],"providers":[{"billed_charge":6122.43,"npi":[1326145392,1790074516]}]}]}]},{"name":"EMERGENCY DEPARTMENT VISIT LOW MDM","billing_code_type":"CPT","billing_code_type_version":"2020","billing_code":"99283","description":"EMERGENCY DEPARTMENT VISIT LOW MDM","allowed_amounts":[{"tin":{"type":"ein","value":"043651340"},"service_code":["23"],"billing_class":"professional","payments":[{"allowed_amount":92.38,"billing_code_modifier":[""],"providers":[{"billed_charge":155.00,"npi":[1336596600,1548294424,1649412321]},{"billed_charge":180.00,"npi":[1336596600,1417359605,1548294424,1649412321]}]},{"allowed_amount":92.38,"billing_code_modifier":[""],"providers":[{"billed_charge":155.00,"npi":[1336596600,1548294424,1649412321]},{"billed_charge":180.00,"npi":[1336596600,1417359605,1548294424,1649412321]}]}]},{"tin":{"type":"ein","value":"043651340"},"service_code":["23"],"billing_class":"professional","payments":[{"allowed_amount":92.38,"billing_code_modifier":[""],"providers":[{"billed_charge":155.00,"npi":[1336596600,1548294424,1649412321]},{"billed_charge":180.00,"npi":[1336596600,1417359605,1548294424,1649412321]}]},{"allowed_amount":92.38,"billing_code_modifier":[""],"providers":[{"billed_charge":155.00,"npi":[1336596600,1548294424,1649412321]},{"billed_charge":180.00,"npi":[1336596600,1417359605,1548294424,1649412321]}]}]}]},{"name":"MANUAL THERAPY TQS 1\/> REGIONS EACH 15 MINUTES","billing_code_type":"CPT","billing_code_type_version":"2020","billing_code":"97140","description":"MANUAL THERAPY TQS 1\/> REGIONS EACH 15 MINUTES","allowed_amounts":[{"tin":{"type":"ein","value":"870560763"},"service_code":["11"],"billing_class":"professional","payments":[{"allowed_amount":22.56,"billing_code_modifier":[""],"providers":[{"billed_charge":32.00,"npi":[1699803635,1770073785,1811991151,1891103081]}]}]}]}]}
