{"reporting_entity_name": "IEC Group_DBA AmeriBen",
	"reporting_entity_type": "Third Party Administrator",
	"plan_name": "ABBOTT LABORATORIES",
	"plan_id_type": "ein",
	"plan_id": "360698440",
	"plan_market_type": "group",
	"last_updated_on": "2022-12-01","Version": "1.0.0","out_of_network":[{"name":"ACUP 1\/> NDLS W\/ELEC STIMJ EA 15 MIN W\/RE-INSJ","billing_code_type":"CPT","billing_code_type_version":"2020","billing_code":"97814","description":"ACUP 1\/> NDLS W\/ELEC STIMJ EA 15 MIN W\/RE-INSJ","allowed_amounts":[{"tin":{"type":"ein","value":"455391327"},"service_code":["11"],"billing_class":"professional","payments":[{"allowed_amount":113.94,"billing_code_modifier":[""],"providers":[{"billed_charge":200.00,"npi":[1194009696,1831535657]}]}]},{"tin":{"type":"ein","value":"800867175"},"service_code":["11"],"billing_class":"professional","payments":[{"allowed_amount":42.37,"billing_code_modifier":[""],"providers":[{"billed_charge":60.00,"npi":[1881799120]}]}]}]},{"name":"ACUPUNCTURE 1\/> NDLES W\/O ELEC STIMJ INIT 15 MIN","billing_code_type":"CPT","billing_code_type_version":"2020","billing_code":"97810","description":"ACUPUNCTURE 1\/> NDLES W\/O ELEC STIMJ INIT 15 MIN","allowed_amounts":[{"tin":{"type":"ein","value":"853528127"},"service_code":["11"],"billing_class":"professional","payments":[{"allowed_amount":65.23,"billing_code_modifier":[""],"providers":[{"billed_charge":165.00,"npi":[1346311842,1952906976]}]}]},{"tin":{"type":"ein","value":"874649841"},"service_code":["11"],"billing_class":"professional","payments":[{"allowed_amount":65.23,"billing_code_modifier":[""],"providers":[{"billed_charge":200.00,"npi":[1598336778]}]}]}]},{"name":"ACUPUNCTURE 1\/> NDLS W\/ELEC STIMJ 1ST 15 MIN","billing_code_type":"CPT","billing_code_type_version":"2020","billing_code":"97813","description":"ACUPUNCTURE 1\/> NDLS W\/ELEC STIMJ 1ST 15 MIN","allowed_amounts":[{"tin":{"type":"ein","value":"010508791"},"service_code":["11"],"billing_class":"professional","payments":[{"allowed_amount":59.09,"billing_code_modifier":[""],"providers":[{"billed_charge":80.00,"npi":[1750412755]}]}]},{"tin":{"type":"ein","value":"341975130"},"service_code":["11"],"billing_class":"professional","payments":[{"allowed_amount":59.09,"billing_code_modifier":[""],"providers":[{"billed_charge":100.00,"npi":[1538261771]}]}]},{"tin":{"type":"ein","value":"455391327"},"service_code":["11"],"billing_class":"professional","payments":[{"allowed_amount":71.57,"billing_code_modifier":[""],"providers":[{"billed_charge":100.00,"npi":[1194009696,1831535657]}]}]},{"tin":{"type":"ein","value":"800867175"},"service_code":["11"],"billing_class":"professional","payments":[{"allowed_amount":52.52,"billing_code_modifier":[""],"providers":[{"billed_charge":80.00,"npi":[1881799120]}]}]}]},{"name":"ACUPUNCTURE 1\/> NDLS W\/O ELEC STIMJ EA 15 MIN","billing_code_type":"CPT","billing_code_type_version":"2020","billing_code":"97811","description":"ACUPUNCTURE 1\/> NDLS W\/O ELEC STIMJ EA 15 MIN","allowed_amounts":[{"tin":{"type":"ein","value":"853528127"},"service_code":["11"],"billing_class":"professional","payments":[{"allowed_amount":91.06,"billing_code_modifier":[""],"providers":[{"billed_charge":130.00,"npi":[1346311842,1952906976]}]}]},{"tin":{"type":"ein","value":"861775724"},"service_code":["11"],"billing_class":"professional","payments":[{"allowed_amount":60.21,"billing_code_modifier":[""],"providers":[{"billed_charge":150.00,"npi":[1376117853,1609531573]}]}]},{"tin":{"type":"ein","value":"273903940"},"service_code":["11"],"billing_class":"professional","payments":[{"allowed_amount":60.21,"billing_code_modifier":[""],"providers":[{"billed_charge":80.00,"npi":[1225332828,1710300389]}]}]}]},{"name":"ALLERGEN SPEC IGE CRUDE ALLERGEN EXTRACT EACH","billing_code_type":"CPT","billing_code_type_version":"2020","billing_code":"86003","description":"ALLERGEN SPEC IGE CRUDE ALLERGEN EXTRACT EACH","allowed_amounts":[{"tin":{"type":"ein","value":"999999999"},"service_code":["81","99"],"billing_class":"professional","payments":[{"allowed_amount":19.25,"billing_code_modifier":[""],"providers":[{"billed_charge":19.25,"npi":[1234567893]}]}]}]},{"name":"ALLERGEN SPEC IGE RECOMBINANT\/PURIFIED COMPNT EA","billing_code_type":"CPT","billing_code_type_version":"2020","billing_code":"86008","description":"ALLERGEN SPEC IGE RECOMBINANT\/PURIFIED COMPNT EA","allowed_amounts":[{"tin":{"type":"ein","value":"999999999"},"service_code":["81","99"],"billing_class":"professional","payments":[{"allowed_amount":53.79,"billing_code_modifier":[""],"providers":[{"billed_charge":67.30,"npi":[1234567893]}]}]}]},{"name":"APPL MODALITY 1\/> AREAS ELEC STIMJ UNATTENDED","billing_code_type":"CPT","billing_code_type_version":"2020","billing_code":"97014","description":"APPL MODALITY 1\/> AREAS ELEC STIMJ UNATTENDED","allowed_amounts":[{"tin":{"type":"ein","value":"208762887"},"service_code":["11"],"billing_class":"professional","payments":[{"allowed_amount":24.19,"billing_code_modifier":[""],"providers":[{"billed_charge":45.00,"npi":[1255401089,1760505036]}]}]}]},{"name":"APPL MODALITY 1\/> AREAS IONTOPHORESIS EA 15 MIN","billing_code_type":"CPT","billing_code_type_version":"2020","billing_code":"97033","description":"APPL MODALITY 1\/> AREAS IONTOPHORESIS EA 15 MIN","allowed_amounts":[{"tin":{"type":"ein","value":"820533425"},"service_code":["11"],"billing_class":"professional","payments":[{"allowed_amount":16.20,"billing_code_modifier":[""],"providers":[{"billed_charge":18.00,"npi":[1689684813,1841357100]}]}]}]},{"name":"APPL MODALITY 1\/> AREAS TRACTION MECHANICAL","billing_code_type":"CPT","billing_code_type_version":"2020","billing_code":"97012","description":"APPL MODALITY 1\/> AREAS TRACTION MECHANICAL","allowed_amounts":[{"tin":{"type":"ein","value":"129642759"},"service_code":["11"],"billing_class":"professional","payments":[{"allowed_amount":22.95,"billing_code_modifier":[""],"providers":[{"billed_charge":50.00,"npi":[1740359124]}]}]},{"tin":{"type":"ein","value":"273859030"},"service_code":["11"],"billing_class":"professional","payments":[{"allowed_amount":4.40,"billing_code_modifier":[""],"providers":[{"billed_charge":45.00,"npi":[1427352608]}]}]},{"tin":{"type":"ein","value":"554974641"},"service_code":["11"],"billing_class":"professional","payments":[{"allowed_amount":4.40,"billing_code_modifier":[""],"providers":[{"billed_charge":45.00,"npi":[1508186529]}]}]}]},{"name":"APPL MODALITY 1\/> AREAS ULTRASOUND EA 15 MIN","billing_code_type":"CPT","billing_code_type_version":"2020","billing_code":"97035","description":"APPL MODALITY 1\/> AREAS ULTRASOUND EA 15 MIN","allowed_amounts":[{"tin":{"type":"ein","value":"202858762"},"service_code":["11"],"billing_class":"professional","payments":[{"allowed_amount":29.85,"billing_code_modifier":[""],"providers":[{"billed_charge":42.00,"npi":[1124157698,1235202789]}]}]}]},{"name":"APPL MODALITY 1\/> AREAS VASOPNEUMATIC DEVICES","billing_code_type":"CPT","billing_code_type_version":"2020","billing_code":"97016","description":"APPL MODALITY 1\/> AREAS VASOPNEUMATIC DEVICES","allowed_amounts":[{"tin":{"type":"ein","value":"202952256"},"service_code":["11"],"billing_class":"professional","payments":[{"allowed_amount":17.21,"billing_code_modifier":[""],"providers":[{"billed_charge":65.00,"npi":[1356405583,1770802647,1891834982]}]}]}]},{"name":"APPLICATION MODALITY 1\/> AREAS HOT\/COLD PACKS","billing_code_type":"CPT","billing_code_type_version":"2020","billing_code":"97010","description":"APPLICATION MODALITY 1\/> AREAS HOT\/COLD PACKS","allowed_amounts":[{"tin":{"type":"ein","value":"208762887"},"service_code":["11"],"billing_class":"professional","payments":[{"allowed_amount":23.96,"billing_code_modifier":[""],"providers":[{"billed_charge":70.00,"npi":[1255401089,1760505036]}]}]}]},{"name":"APPLICATION MODALITY 1\/> AREAS INFRARED","billing_code_type":"CPT","billing_code_type_version":"2020","billing_code":"97026","description":"APPLICATION MODALITY 1\/> AREAS INFRARED","allowed_amounts":[{"tin":{"type":"ein","value":"455391327"},"service_code":["11"],"billing_class":"professional","payments":[{"allowed_amount":5.00,"billing_code_modifier":[""],"providers":[{"billed_charge":5.00,"npi":[1194009696,1831535657]}]}]}]},{"name":"CHIROPRACTIC MANIPLTV TX EXTRASPINAL 1\/> REGION","billing_code_type":"CPT","billing_code_type_version":"2020","billing_code":"98943","description":"CHIROPRACTIC MANIPLTV TX EXTRASPINAL 1\/> REGION","allowed_amounts":[{"tin":{"type":"ein","value":"043747644"},"service_code":["11"],"billing_class":"professional","payments":[{"allowed_amount":41.78,"billing_code_modifier":[""],"providers":[{"billed_charge":79.00,"npi":[1295780328]}]}]},{"tin":{"type":"ein","value":"129642759"},"service_code":["11"],"billing_class":"professional","payments":[{"allowed_amount":42.22,"billing_code_modifier":[""],"providers":[{"billed_charge":55.00,"npi":[1740359124]}]}]}]},{"name":"CHIROPRACTIC MANIPULATIVE TX SPINAL 1-2 REGIONS","billing_code_type":"CPT","billing_code_type_version":"2020","billing_code":"98940","description":"CHIROPRACTIC MANIPULATIVE TX SPINAL 1-2 REGIONS","allowed_amounts":[{"tin":{"type":"ein","value":"273859030"},"service_code":["11"],"billing_class":"professional","payments":[{"allowed_amount":33.00,"billing_code_modifier":[""],"providers":[{"billed_charge":70.00,"npi":[1427352608]}]}]},{"tin":{"type":"ein","value":"471444260"},"service_code":["11"],"billing_class":"professional","payments":[{"allowed_amount":33.00,"billing_code_modifier":[""],"providers":[{"billed_charge":42.03,"npi":[1083018089,1225374960]}]}]}]},{"name":"CHIROPRACTIC MANIPULATIVE TX SPINAL 3-4 REGIONS","billing_code_type":"CPT","billing_code_type_version":"2020","billing_code":"98941","description":"CHIROPRACTIC MANIPULATIVE TX SPINAL 3-4 REGIONS","allowed_amounts":[{"tin":{"type":"ein","value":"853354914"},"service_code":["11"],"billing_class":"professional","payments":[{"allowed_amount":36.30,"billing_code_modifier":[""],"providers":[{"billed_charge":60.00,"npi":[1265030589,1881230688]}]}]},{"tin":{"type":"ein","value":"129642759"},"service_code":["11"],"billing_class":"professional","payments":[{"allowed_amount":63.66,"billing_code_modifier":[""],"providers":[{"billed_charge":75.00,"npi":[1740359124]}]}]},{"tin":{"type":"ein","value":"261440722"},"service_code":["11"],"billing_class":"professional","payments":[{"allowed_amount":36.30,"billing_code_modifier":[""],"providers":[{"billed_charge":60.00,"npi":[1396922043,1407884414]}]}]},{"tin":{"type":"ein","value":"273859030"},"service_code":["11"],"billing_class":"professional","payments":[{"allowed_amount":36.30,"billing_code_modifier":[""],"providers":[{"billed_charge":75.00,"npi":[1427352608]}]}]},{"tin":{"type":"ein","value":"330977004"},"service_code":["11"],"billing_class":"professional","payments":[{"allowed_amount":36.30,"billing_code_modifier":[""],"providers":[{"billed_charge":65.00,"npi":[1144213729]}]}]},{"tin":{"type":"ein","value":"554974641"},"service_code":["11"],"billing_class":"professional","payments":[{"allowed_amount":36.30,"billing_code_modifier":[""],"providers":[{"billed_charge":85.00,"npi":[1508186529]}]}]},{"tin":{"type":"ein","value":"820533425"},"service_code":["11"],"billing_class":"professional","payments":[{"allowed_amount":36.00,"billing_code_modifier":[""],"providers":[{"billed_charge":40.00,"npi":[1689684813,1841357100]}]}]}]},{"name":"CHIROPRACTIC MANIPULATIVE TX SPINAL 5 REGIONS","billing_code_type":"CPT","billing_code_type_version":"2020","billing_code":"98942","description":"CHIROPRACTIC MANIPULATIVE TX SPINAL 5 REGIONS","allowed_amounts":[{"tin":{"type":"ein","value":"043747644"},"service_code":["11"],"billing_class":"professional","payments":[{"allowed_amount":71.51,"billing_code_modifier":[""],"providers":[{"billed_charge":102.00,"npi":[1295780328]}]}]}]},{"name":"ELEC STIM OTHER THAN WOUND","billing_code_type":"HCPCS","billing_code_type_version":"HCPCS LEVEL II 2021","billing_code":"G0283","description":"ELEC STIM OTHER THAN WOUND","allowed_amounts":[{"tin":{"type":"ein","value":"202858762"},"service_code":["11"],"billing_class":"professional","payments":[{"allowed_amount":25.14,"billing_code_modifier":[""],"providers":[{"billed_charge":38.00,"npi":[1124157698,1235202789]}]}]}]},{"name":"ELECTRIC BREAST PUMP","billing_code_type":"HCPCS","billing_code_type_version":"HCPCS LEVEL II 2021","billing_code":"E0603","description":"ELECTRIC BREAST PUMP","allowed_amounts":[{"tin":{"type":"ein","value":"562222382"},"service_code":["12"],"billing_class":"professional","payments":[{"allowed_amount":99.60,"billing_code_modifier":[""],"providers":[{"billed_charge":249.00,"npi":[1174111413,1245447606,1427468966,1497722714,1548339021,1588089536,1609317817,1750572566,1750578613,1770568925,1801108709,1811085715,1851421606,1891728697,1952714222]}]}]}]},{"name":"IA DET DNA\/RNA; COVID-19 AMP P T","billing_code_type":"HCPCS","billing_code_type_version":"HCPCS LEVEL II 2021","billing_code":"U0003","description":"IA DET DNA\/RNA; COVID-19 AMP P T","allowed_amounts":[{"tin":{"type":"ein","value":"831208676"},"service_code":["81"],"billing_class":"professional","payments":[{"allowed_amount":75.00,"billing_code_modifier":[""],"providers":[{"billed_charge":110.00,"npi":[1063008886,1346417086,1396403242]}]}]},{"tin":{"type":"ein","value":"850602662"},"service_code":["81"],"billing_class":"professional","payments":[{"allowed_amount":75.00,"billing_code_modifier":[""],"providers":[{"billed_charge":150.00,"npi":[1184625600,1336775428,1619228624,1881215622]}]}]},{"tin":{"type":"ein","value":"113540038"},"service_code":["11"],"billing_class":"professional","payments":[{"allowed_amount":175.00,"billing_code_modifier":[""],"providers":[{"billed_charge":250.00,"npi":[1235295213,1235742941,1811939465]}]}]},{"tin":{"type":"ein","value":"472462178"},"service_code":["81"],"billing_class":"professional","payments":[{"allowed_amount":75.00,"billing_code_modifier":[""],"providers":[{"billed_charge":250.00,"npi":[1114183555,1144731605,1174824726,1467854497,1508484569,1639311509,1962018374]}]}]},{"tin":{"type":"ein","value":"472462178"},"service_code":["81"],"billing_class":"professional","payments":[{"allowed_amount":175.00,"billing_code_modifier":[""],"providers":[{"billed_charge":250.00,"npi":[1114183555,1144731605,1174824726,1467854497,1508484569,1639311509,1962018374]}]}]},{"tin":{"type":"ein","value":"473727159"},"service_code":["81"],"billing_class":"professional","payments":[{"allowed_amount":75.00,"billing_code_modifier":[""],"providers":[{"billed_charge":125.00,"npi":[1861042913,1912521568]}]}]},{"tin":{"type":"ein","value":"621433252"},"service_code":["81"],"billing_class":"professional","payments":[{"allowed_amount":75.00,"billing_code_modifier":[""],"providers":[{"billed_charge":125.00,"npi":[1467950501,1689639544]}]}]},{"tin":{"type":"ein","value":"823146637"},"service_code":["81"],"billing_class":"professional","payments":[{"allowed_amount":140.00,"billing_code_modifier":[""],"providers":[{"billed_charge":200.00,"npi":[1629305479,1861994600]}]}]}]},{"name":"IAAD IA SEVERE AQT RESPIR SYND CORONAVIRUS","billing_code_type":"CPT","billing_code_type_version":"2020","billing_code":"87426","description":"IAAD IA SEVERE AQT RESPIR SYND CORONAVIRUS","allowed_amounts":[{"tin":{"type":"ein","value":"832303473"},"service_code":["55"],"billing_class":"professional","payments":[{"allowed_amount":45.23,"billing_code_modifier":[""],"providers":[{"billed_charge":79.00,"npi":[1215404819,1578556973]}]}]},{"tin":{"type":"ein","value":"850922641"},"service_code":["81"],"billing_class":"professional","payments":[{"allowed_amount":45.23,"billing_code_modifier":[""],"providers":[{"billed_charge":75.00,"npi":[1346417086,1649895871]}]}]},{"tin":{"type":"ein","value":"852329590"},"service_code":["81"],"billing_class":"professional","payments":[{"allowed_amount":45.23,"billing_code_modifier":[""],"providers":[{"billed_charge":154.00,"npi":[1437209178,1760079404]}]}]},{"tin":{"type":"ein","value":"862743177"},"service_code":["81"],"billing_class":"professional","payments":[{"allowed_amount":45.23,"billing_code_modifier":[""],"providers":[{"billed_charge":135.69,"npi":[1174674352,1700958667,1750960415]}]}]}]},{"name":"INFEC AGEN DETEC AMPLI PROBE","billing_code_type":"HCPCS","billing_code_type_version":"HCPCS LEVEL II 2021","billing_code":"U0005","description":"INFEC AGEN DETEC AMPLI PROBE","allowed_amounts":[{"tin":{"type":"ein","value":"831208676"},"service_code":["81"],"billing_class":"professional","payments":[{"allowed_amount":25.00,"billing_code_modifier":[""],"providers":[{"billed_charge":35.00,"npi":[1063008886,1346417086,1396403242]}]}]},{"tin":{"type":"ein","value":"850602662"},"service_code":["81"],"billing_class":"professional","payments":[{"allowed_amount":25.00,"billing_code_modifier":[""],"providers":[{"billed_charge":50.00,"npi":[1184625600,1336775428,1881215622]}]}]},{"tin":{"type":"ein","value":"853720606"},"service_code":["81"],"billing_class":"professional","payments":[{"allowed_amount":25.00,"billing_code_modifier":[""],"providers":[{"billed_charge":30.00,"npi":[1366045932,1689004996,1841339025]}]}]},{"tin":{"type":"ein","value":"854285323"},"service_code":["81"],"billing_class":"professional","payments":[{"allowed_amount":25.00,"billing_code_modifier":[""],"providers":[{"billed_charge":50.00,"npi":[1053906636,1073833745]}]}]},{"tin":{"type":"ein","value":"472462178"},"service_code":["81"],"billing_class":"professional","payments":[{"allowed_amount":25.00,"billing_code_modifier":[""],"providers":[{"billed_charge":50.00,"npi":[1114183555,1144731605,1174824726,1467854497,1508484569,1639311509,1962018374]}]}]},{"tin":{"type":"ein","value":"472462178"},"service_code":["81"],"billing_class":"professional","payments":[{"allowed_amount":35.00,"billing_code_modifier":[""],"providers":[{"billed_charge":50.00,"npi":[1114183555,1144731605,1174824726,1467854497,1508484569,1639311509,1962018374]}]}]},{"tin":{"type":"ein","value":"823146637"},"service_code":["81"],"billing_class":"professional","payments":[{"allowed_amount":35.00,"billing_code_modifier":[""],"providers":[{"billed_charge":50.00,"npi":[1629305479,1861994600]}]}]}]},{"name":"MANUAL THERAPY TQS 1\/> REGIONS EACH 15 MINUTES","billing_code_type":"CPT","billing_code_type_version":"2020","billing_code":"97140","description":"MANUAL THERAPY TQS 1\/> REGIONS EACH 15 MINUTES","allowed_amounts":[{"tin":{"type":"ein","value":"853528127"},"service_code":["11"],"billing_class":"professional","payments":[{"allowed_amount":50.90,"billing_code_modifier":[""],"providers":[{"billed_charge":75.00,"npi":[1346311842,1952906976]}]}]},{"tin":{"type":"ein","value":"861775724"},"service_code":["11"],"billing_class":"professional","payments":[{"allowed_amount":49.21,"billing_code_modifier":[""],"providers":[{"billed_charge":150.00,"npi":[1376117853,1609531573]}]}]},{"tin":{"type":"ein","value":"874649841"},"service_code":["11"],"billing_class":"professional","payments":[{"allowed_amount":50.90,"billing_code_modifier":[""],"providers":[{"billed_charge":120.00,"npi":[1598336778]}]}]},{"tin":{"type":"ein","value":"129642759"},"service_code":["11"],"billing_class":"professional","payments":[{"allowed_amount":88.02,"billing_code_modifier":[""],"providers":[{"billed_charge":110.00,"npi":[1740359124]}]}]},{"tin":{"type":"ein","value":"201363898"},"service_code":["11"],"billing_class":"professional","payments":[{"allowed_amount":48.10,"billing_code_modifier":[""],"providers":[{"billed_charge":68.00,"npi":[1215967971]}]}]},{"tin":{"type":"ein","value":"202858762"},"service_code":["11"],"billing_class":"professional","payments":[{"allowed_amount":50.90,"billing_code_modifier":[""],"providers":[{"billed_charge":53.00,"npi":[1124157698,1235202789]}]}]},{"tin":{"type":"ein","value":"202952256"},"service_code":["11"],"billing_class":"professional","payments":[{"allowed_amount":39.25,"billing_code_modifier":[""],"providers":[{"billed_charge":118.00,"npi":[1356405583,1770802647,1891834982]}]}]},{"tin":{"type":"ein","value":"208762887"},"service_code":["11"],"billing_class":"professional","payments":[{"allowed_amount":49.21,"billing_code_modifier":[""],"providers":[{"billed_charge":90.00,"npi":[1255401089,1760505036]}]}]},{"tin":{"type":"ein","value":"330798219"},"service_code":["11"],"billing_class":"professional","payments":[{"allowed_amount":48.10,"billing_code_modifier":[""],"providers":[{"billed_charge":75.00,"npi":[1477704740]},{"billed_charge":85.00,"npi":[1477704740]}]},{"allowed_amount":48.10,"billing_code_modifier":[""],"providers":[{"billed_charge":75.00,"npi":[1477704740]},{"billed_charge":85.00,"npi":[1477704740]}]}]},{"tin":{"type":"ein","value":"330798219"},"service_code":["11"],"billing_class":"professional","payments":[{"allowed_amount":48.10,"billing_code_modifier":[""],"providers":[{"billed_charge":75.00,"npi":[1477704740]},{"billed_charge":85.00,"npi":[1477704740]}]},{"allowed_amount":48.10,"billing_code_modifier":[""],"providers":[{"billed_charge":75.00,"npi":[1477704740]},{"billed_charge":85.00,"npi":[1477704740]}]}]},{"tin":{"type":"ein","value":"455391327"},"service_code":["11"],"billing_class":"professional","payments":[{"allowed_amount":41.18,"billing_code_modifier":[""],"providers":[{"billed_charge":75.00,"npi":[1194009696,1831535657]}]}]}]},{"name":"OFFICE\/OUTPATIENT ESTABLISHED SF MDM 10-19 MIN","billing_code_type":"CPT","billing_code_type_version":"2020","billing_code":"99212","description":"OFFICE\/OUTPATIENT ESTABLISHED SF MDM 10-19 MIN","allowed_amounts":[{"tin":{"type":"ein","value":"853528127"},"service_code":["11"],"billing_class":"professional","payments":[{"allowed_amount":80.00,"billing_code_modifier":[""],"providers":[{"billed_charge":80.00,"npi":[1346311842,1952906976]}]}]},{"tin":{"type":"ein","value":"821597874"},"service_code":["11"],"billing_class":"professional","payments":[{"allowed_amount":252.00,"billing_code_modifier":[""],"providers":[{"billed_charge":300.00,"npi":[1104346600,1528163532]}]}]}]},{"name":"ORTHOTICS MGMT & TRAING INITIAL ENCTR EA 15 MINS","billing_code_type":"CPT","billing_code_type_version":"2020","billing_code":"97760","description":"ORTHOTICS MGMT & TRAING INITIAL ENCTR EA 15 MINS","allowed_amounts":[{"tin":{"type":"ein","value":"820533425"},"service_code":["11"],"billing_class":"professional","payments":[{"allowed_amount":18.00,"billing_code_modifier":[""],"providers":[{"billed_charge":20.00,"npi":[1689684813,1841357100]}]}]}]},{"name":"PSYCHIATRIC\/PSYCHOLOGICAL SVCS: PARTIAL HOSP - LES","billing_code_type":"RC","billing_code_type_version":"UB04","billing_code":"0912","description":"PSYCHIATRIC\/PSYCHOLOGICAL SVCS: PARTIAL HOSP - LES","allowed_amounts":[{"tin":{"type":"ein","value":"843769065"},"service_code":["22"],"billing_class":"institutional","payments":[{"allowed_amount":2646.00,"billing_code_modifier":[""],"providers":[{"billed_charge":2940.00,"npi":[1699302356,1740264720]}]}]},{"tin":{"type":"ein","value":"845145619"},"service_code":["22"],"billing_class":"institutional","payments":[{"allowed_amount":1746.50,"billing_code_modifier":[""],"providers":[{"billed_charge":2495.00,"npi":[1245254937,1669008736]}]}]},{"tin":{"type":"ein","value":"263441447"},"service_code":["22"],"billing_class":"institutional","payments":[{"allowed_amount":1746.50,"billing_code_modifier":[""],"providers":[{"billed_charge":2495.00,"npi":[1861646291]}]}]},{"tin":{"type":"ein","value":"582670224"},"service_code":["22"],"billing_class":"institutional","payments":[{"allowed_amount":2583.90,"billing_code_modifier":[""],"providers":[{"billed_charge":2970.00,"npi":[1598828881,1649500182]}]}]},{"tin":{"type":"ein","value":"811056354"},"service_code":["22"],"billing_class":"institutional","payments":[{"allowed_amount":2596.75,"billing_code_modifier":[""],"providers":[{"billed_charge":3995.00,"npi":[1447328109,1497253561]}]}]},{"tin":{"type":"ein","value":"823622229"},"service_code":["22"],"billing_class":"institutional","payments":[{"allowed_amount":900.00,"billing_code_modifier":[""],"providers":[{"billed_charge":3900.00,"npi":[1639677768,1659382588]}]}]}]},{"name":"PSYCHIATRIC\/PSYCHOLOGICAL TRT: INTENSIVE OUT SERV","billing_code_type":"RC","billing_code_type_version":"UB04","billing_code":"0906","description":"PSYCHIATRIC\/PSYCHOLOGICAL TRT: INTENSIVE OUT SERV","allowed_amounts":[{"tin":{"type":"ein","value":"475118962"},"service_code":["22"],"billing_class":"institutional","payments":[{"allowed_amount":2160.00,"billing_code_modifier":[""],"providers":[{"billed_charge":2400.00,"npi":[1225496052,1689622938]}]}]},{"tin":{"type":"ein","value":"823622229"},"service_code":["22"],"billing_class":"institutional","payments":[{"allowed_amount":600.00,"billing_code_modifier":[""],"providers":[{"billed_charge":2800.00,"npi":[1639677768,1659382588]}]}]}]},{"name":"PSYCHOTHERAPY W\/PATIENT 45 MINUTES","billing_code_type":"CPT","billing_code_type_version":"2020","billing_code":"90834","description":"PSYCHOTHERAPY W\/PATIENT 45 MINUTES","allowed_amounts":[{"tin":{"type":"ein","value":"831545172"},"service_code":["02"],"billing_class":"professional","payments":[{"allowed_amount":105.27,"billing_code_modifier":[""],"providers":[{"billed_charge":200.00,"npi":[1871762419]}]}]},{"tin":{"type":"ein","value":"472552769"},"service_code":["02","10","11"],"billing_class":"professional","payments":[{"allowed_amount":103.15,"billing_code_modifier":[""],"providers":[{"billed_charge":150.00,"npi":[1083728042]}]}]}]},{"name":"RADIOLOGIC EXAM CHEST SINGLE VIEW","billing_code_type":"CPT","billing_code_type_version":"2020","billing_code":"71045","description":"RADIOLOGIC EXAM CHEST SINGLE VIEW","allowed_amounts":[{"tin":{"type":"ein","value":"845116186"},"service_code":["21","22"],"billing_class":"professional","payments":[{"allowed_amount":10.11,"billing_code_modifier":[""],"providers":[{"billed_charge":126.00,"npi":[1003213166,1003805805,1033745708,1336182799,1356738801,1457673915,1487935748,1528057569,1528169125,1548224447,1740250323,1760434419,1801886932]}]}]}]},{"name":"RESIDENTIAL TREATMENT-CHEMICAL DEPENDENCY","billing_code_type":"RC","billing_code_type_version":"UB04","billing_code":"1002","description":"RESIDENTIAL TREATMENT-CHEMICAL DEPENDENCY","allowed_amounts":[{"tin":{"type":"ein","value":"850868526"},"service_code":["21"],"billing_class":"institutional","payments":[{"allowed_amount":1614.03,"billing_code_modifier":[""],"providers":[{"billed_charge":5450.00,"npi":[1144831355,1881742047]}]}]},{"tin":{"type":"ein","value":"862335407"},"service_code":["21"],"billing_class":"institutional","payments":[{"allowed_amount":1496.16,"billing_code_modifier":[""],"providers":[{"billed_charge":4944.00,"npi":[1740546209,1891464467]}]}]},{"tin":{"type":"ein","value":"863705984"},"service_code":["21"],"billing_class":"institutional","payments":[{"allowed_amount":1339.78,"billing_code_modifier":[""],"providers":[{"billed_charge":3995.00,"npi":[1508082447,1558027482]}]}]},{"tin":{"type":"ein","value":"221656055"},"service_code":["21"],"billing_class":"institutional","payments":[{"allowed_amount":2475.00,"billing_code_modifier":[""],"providers":[{"billed_charge":2750.00,"npi":[1235306903,1912938671]}]}]},{"tin":{"type":"ein","value":"352449513"},"service_code":["21"],"billing_class":"institutional","payments":[{"allowed_amount":2397.00,"billing_code_modifier":[""],"providers":[{"billed_charge":3995.00,"npi":[1386812451,1558616375]}]}]},{"tin":{"type":"ein","value":"475118962"},"service_code":["21"],"billing_class":"institutional","payments":[{"allowed_amount":4275.00,"billing_code_modifier":[""],"providers":[{"billed_charge":4750.00,"npi":[1225496052,1689622938]}]}]},{"tin":{"type":"ein","value":"811056354"},"service_code":["21"],"billing_class":"institutional","payments":[{"allowed_amount":3246.75,"billing_code_modifier":[""],"providers":[{"billed_charge":4995.00,"npi":[1447328109,1881269967]}]}]}]},{"name":"RESIDENTIAL TREATMENT-PSYCHIATRIC","billing_code_type":"RC","billing_code_type_version":"UB04","billing_code":"1001","description":"RESIDENTIAL TREATMENT-PSYCHIATRIC","allowed_amounts":[{"tin":{"type":"ein","value":"134343743"},"service_code":["21"],"billing_class":"institutional","payments":[{"allowed_amount":386.51,"billing_code_modifier":[""],"providers":[{"billed_charge":1496.36,"npi":[1902487507]}]}]},{"tin":{"type":"ein","value":"582670224"},"service_code":["21"],"billing_class":"institutional","payments":[{"allowed_amount":2958.00,"billing_code_modifier":[""],"providers":[{"billed_charge":3400.00,"npi":[1598828881,1649500182]}]}]}]},{"name":"SBSQ HOSPITAL CARE\/DAY 25 MINUTES","billing_code_type":"CPT","billing_code_type_version":"2020","billing_code":"99232","description":"SBSQ HOSPITAL CARE\/DAY 25 MINUTES","allowed_amounts":[{"tin":{"type":"ein","value":"953744447"},"service_code":["21"],"billing_class":"professional","payments":[{"allowed_amount":84.54,"billing_code_modifier":[""],"providers":[{"billed_charge":310.00,"npi":[1063664258,1124182662,1639172372,1881990760]}]}]}]},{"name":"SELF-CARE\/HOME MGMT TRAINING EACH 15 MINUTES","billing_code_type":"CPT","billing_code_type_version":"2020","billing_code":"97535","description":"SELF-CARE\/HOME MGMT TRAINING EACH 15 MINUTES","allowed_amounts":[{"tin":{"type":"ein","value":"860937113"},"service_code":["12"],"billing_class":"professional","payments":[{"allowed_amount":123.20,"billing_code_modifier":[""],"providers":[{"billed_charge":176.00,"npi":[1134119365,1356556492]}]}]}]},{"name":"SPECIMEN COLLECT COVID-19","billing_code_type":"HCPCS","billing_code_type_version":"HCPCS LEVEL II 2021","billing_code":"G2023","description":"SPECIMEN COLLECT COVID-19","allowed_amounts":[{"tin":{"type":"ein","value":"831208676"},"service_code":["81"],"billing_class":"professional","payments":[{"allowed_amount":23.46,"billing_code_modifier":[""],"providers":[{"billed_charge":50.00,"npi":[1063008886,1346417086,1396403242]}]}]},{"tin":{"type":"ein","value":"853720606"},"service_code":["81"],"billing_class":"professional","payments":[{"allowed_amount":23.46,"billing_code_modifier":[""],"providers":[{"billed_charge":30.00,"npi":[1366045932,1689004996,1841339025]}]}]},{"tin":{"type":"ein","value":"862743177"},"service_code":["81"],"billing_class":"professional","payments":[{"allowed_amount":23.46,"billing_code_modifier":[""],"providers":[{"billed_charge":70.38,"npi":[1174674352,1700958667,1750960415]}]}]}]},{"name":"THER PX 1\/> AREAS EACH 15 MIN NEUROMUSC REEDUCA","billing_code_type":"CPT","billing_code_type_version":"2020","billing_code":"97112","description":"THER PX 1\/> AREAS EACH 15 MIN NEUROMUSC REEDUCA","allowed_amounts":[{"tin":{"type":"ein","value":"202952256"},"service_code":["11"],"billing_class":"professional","payments":[{"allowed_amount":50.20,"billing_code_modifier":[""],"providers":[{"billed_charge":119.00,"npi":[1356405583,1770802647,1891834982]}]}]},{"tin":{"type":"ein","value":"455391327"},"service_code":["11"],"billing_class":"professional","payments":[{"allowed_amount":45.00,"billing_code_modifier":[""],"providers":[{"billed_charge":45.00,"npi":[1194009696,1831535657]}]}]},{"tin":{"type":"ein","value":"822314391"},"service_code":["11"],"billing_class":"professional","payments":[{"allowed_amount":58.34,"billing_code_modifier":[""],"providers":[{"billed_charge":80.00,"npi":[1619318953,1891202925,1952698896]}]}]}]},{"name":"THERAPEUT ACTVITY DIRECT PT CONTACT EACH 15 MIN","billing_code_type":"CPT","billing_code_type_version":"2020","billing_code":"97530","description":"THERAPEUT ACTVITY DIRECT PT CONTACT EACH 15 MIN","allowed_amounts":[{"tin":{"type":"ein","value":"043747644"},"service_code":["11"],"billing_class":"professional","payments":[{"allowed_amount":64.18,"billing_code_modifier":[""],"providers":[{"billed_charge":79.00,"npi":[1295780328]}]}]}]},{"name":"THERAPEUTIC PROCEDURES GROUP 2\/> INDIVIDUALS","billing_code_type":"CPT","billing_code_type_version":"2020","billing_code":"97150","description":"THERAPEUTIC PROCEDURES GROUP 2\/> INDIVIDUALS","allowed_amounts":[{"tin":{"type":"ein","value":"471444260"},"service_code":["11"],"billing_class":"professional","payments":[{"allowed_amount":16.50,"billing_code_modifier":[""],"providers":[{"billed_charge":27.18,"npi":[1083018089,1225374960]}]}]}]},{"name":"THERAPEUTIC PROPHYLACTIC\/DX INJECTION SUBQ\/IM","billing_code_type":"CPT","billing_code_type_version":"2020","billing_code":"96372","description":"THERAPEUTIC PROPHYLACTIC\/DX INJECTION SUBQ\/IM","allowed_amounts":[{"tin":{"type":"ein","value":"821597874"},"service_code":["11"],"billing_class":"professional","payments":[{"allowed_amount":252.00,"billing_code_modifier":[""],"providers":[{"billed_charge":300.00,"npi":[1104346600,1528163532]}]}]}]},{"name":"THERAPEUTIC PX 1\/> AREAS EACH 15 MIN EXERCISES","billing_code_type":"CPT","billing_code_type_version":"2020","billing_code":"97110","description":"THERAPEUTIC PX 1\/> AREAS EACH 15 MIN EXERCISES","allowed_amounts":[{"tin":{"type":"ein","value":"843304272"},"service_code":["11"],"billing_class":"professional","payments":[{"allowed_amount":101.26,"billing_code_modifier":[""],"providers":[{"billed_charge":300.00,"npi":[1073064937]}]}]},{"tin":{"type":"ein","value":"043747644"},"service_code":["11"],"billing_class":"professional","payments":[{"allowed_amount":99.22,"billing_code_modifier":[""],"providers":[{"billed_charge":148.00,"npi":[1295780328]}]}]},{"tin":{"type":"ein","value":"202952256"},"service_code":["11"],"billing_class":"professional","payments":[{"allowed_amount":42.94,"billing_code_modifier":[""],"providers":[{"billed_charge":120.00,"npi":[1356405583,1770802647,1891834982]}]}]},{"tin":{"type":"ein","value":"202952256"},"service_code":["11"],"billing_class":"professional","payments":[{"allowed_amount":85.87,"billing_code_modifier":[""],"providers":[{"billed_charge":240.00,"npi":[1356405583,1770802647,1891834982]}]}]},{"tin":{"type":"ein","value":"208762887"},"service_code":["11"],"billing_class":"professional","payments":[{"allowed_amount":153.63,"billing_code_modifier":[""],"providers":[{"billed_charge":300.00,"npi":[1255401089,1760505036]}]}]},{"tin":{"type":"ein","value":"273859030"},"service_code":["11"],"billing_class":"professional","payments":[{"allowed_amount":39.60,"billing_code_modifier":[""],"providers":[{"billed_charge":130.00,"npi":[1427352608]}]}]},{"tin":{"type":"ein","value":"330977004"},"service_code":["11"],"billing_class":"professional","payments":[{"allowed_amount":39.60,"billing_code_modifier":[""],"providers":[{"billed_charge":70.00,"npi":[1144213729]}]}]},{"tin":{"type":"ein","value":"455612442"},"service_code":["11"],"billing_class":"professional","payments":[{"allowed_amount":39.60,"billing_code_modifier":[""],"providers":[{"billed_charge":120.00,"npi":[1033129481,1093058497]}]}]},{"tin":{"type":"ein","value":"462093687"},"service_code":["11"],"billing_class":"professional","payments":[{"allowed_amount":101.26,"billing_code_modifier":[""],"providers":[{"billed_charge":300.00,"npi":[1316395957]}]}]},{"tin":{"type":"ein","value":"611405246"},"service_code":["11"],"billing_class":"professional","payments":[{"allowed_amount":99.22,"billing_code_modifier":[""],"providers":[{"billed_charge":220.00,"npi":[1710490370,1902012578]}]}]},{"tin":{"type":"ein","value":"822314391"},"service_code":["11"],"billing_class":"professional","payments":[{"allowed_amount":153.63,"billing_code_modifier":[""],"providers":[{"billed_charge":240.00,"npi":[1619318953,1891202925,1952698896]}]}]}]}]}
