{"reporting_entity_name": "IEC Group_DBA AmeriBen",
	"reporting_entity_type": "Third Party Administrator",
	"plan_name": "ELKO COUNTY SCHOOL DISTRICT",
	"plan_id_type": "ein",
	"plan_id": "886000985",
	"plan_market_type": "group",
	"last_updated_on": "2025-09-01","Version": "1.0.0","out_of_network":[{"name":"CCPD OPD\/HOME: CCPD COMP OR OTHER RATE","billing_code_type":"RC","billing_code_type_version":"UB04","billing_code":"0851","description":"CCPD OPD\/HOME: CCPD COMP OR OTHER RATE","allowed_amounts":[{"tin":{"type":"ein","value":"463091346"},"service_code":["65"],"billing_class":"institutional","payments":[{"allowed_amount":319.35,"billing_code_modifier":[""],"providers":[{"billed_charge":4341.00,"npi":[1427472141,1952543118]}]}]},{"tin":{"type":"ein","value":"463091346"},"service_code":["65"],"billing_class":"institutional","payments":[{"allowed_amount":323.06,"billing_code_modifier":[""],"providers":[{"billed_charge":4341.00,"npi":[1427472141,1952543118]}]}]},{"tin":{"type":"ein","value":"463091346"},"service_code":["65"],"billing_class":"institutional","payments":[{"allowed_amount":370.26,"billing_code_modifier":[""],"providers":[{"billed_charge":4341.00,"npi":[1427472141,1952543118]}]}]},{"tin":{"type":"ein","value":"463091346"},"service_code":["65"],"billing_class":"institutional","payments":[{"allowed_amount":385.94,"billing_code_modifier":[""],"providers":[{"billed_charge":4341.00,"npi":[1427472141,1952543118]}]}]},{"tin":{"type":"ein","value":"620850498"},"service_code":["65"],"billing_class":"institutional","payments":[{"allowed_amount":398.12,"billing_code_modifier":[""],"providers":[{"billed_charge":1260.00,"npi":[1467560292,1841223237]}]}]},{"tin":{"type":"ein","value":"620850498"},"service_code":["65"],"billing_class":"institutional","payments":[{"allowed_amount":399.31,"billing_code_modifier":[""],"providers":[{"billed_charge":1260.00,"npi":[1467560292,1841223237]}]}]},{"tin":{"type":"ein","value":"953372911"},"service_code":["65"],"billing_class":"institutional","payments":[{"allowed_amount":377.55,"billing_code_modifier":[""],"providers":[{"billed_charge":3671.00,"npi":[1750046686,1942260229]}]}]},{"tin":{"type":"ein","value":"953372911"},"service_code":["65"],"billing_class":"institutional","payments":[{"allowed_amount":377.90,"billing_code_modifier":[""],"providers":[{"billed_charge":3671.00,"npi":[1750046686,1942260229]}]}]}]},{"name":"DRUGS REQUIRE SPECIFIC ID: DRUGS REQUIRING DETAIL","billing_code_type":"RC","billing_code_type_version":"UB04","billing_code":"0636","description":"DRUGS REQUIRE SPECIFIC ID: DRUGS REQUIRING DETAIL","allowed_amounts":[{"tin":{"type":"ein","value":"463091346"},"service_code":["65"],"billing_class":"institutional","payments":[{"allowed_amount":9.07,"billing_code_modifier":[""],"providers":[{"billed_charge":247.52,"npi":[1427472141,1952543118]}]}]},{"tin":{"type":"ein","value":"463091346"},"service_code":["65"],"billing_class":"institutional","payments":[{"allowed_amount":9.08,"billing_code_modifier":[""],"providers":[{"billed_charge":247.52,"npi":[1427472141,1952543118]}]}]}]},{"name":"MEDICAL\/SURGICAL SUPPLIES","billing_code_type":"RC","billing_code_type_version":"UB04","billing_code":"0270","description":"MEDICAL\/SURGICAL SUPPLIES","allowed_amounts":[{"tin":{"type":"ein","value":"463091346"},"service_code":["65"],"billing_class":"institutional","payments":[{"allowed_amount":2.96,"billing_code_modifier":[""],"providers":[{"billed_charge":142.00,"npi":[1427472141,1952543118]},{"billed_charge":149.10,"npi":[1427472141,1952543118]}]},{"allowed_amount":2.96,"billing_code_modifier":[""],"providers":[{"billed_charge":142.00,"npi":[1427472141,1952543118]},{"billed_charge":149.10,"npi":[1427472141,1952543118]}]}]},{"tin":{"type":"ein","value":"463091346"},"service_code":["65"],"billing_class":"institutional","payments":[{"allowed_amount":2.96,"billing_code_modifier":[""],"providers":[{"billed_charge":142.00,"npi":[1427472141,1952543118]},{"billed_charge":149.10,"npi":[1427472141,1952543118]}]},{"allowed_amount":2.96,"billing_code_modifier":[""],"providers":[{"billed_charge":142.00,"npi":[1427472141,1952543118]},{"billed_charge":149.10,"npi":[1427472141,1952543118]}]}]},{"tin":{"type":"ein","value":"463091346"},"service_code":["65"],"billing_class":"institutional","payments":[{"allowed_amount":3.53,"billing_code_modifier":[""],"providers":[{"billed_charge":149.10,"npi":[1427472141,1952543118]}]}]},{"tin":{"type":"ein","value":"463091346"},"service_code":["65"],"billing_class":"institutional","payments":[{"allowed_amount":3.75,"billing_code_modifier":[""],"providers":[{"billed_charge":149.10,"npi":[1427472141,1952543118]}]}]},{"tin":{"type":"ein","value":"463091346"},"service_code":["65"],"billing_class":"institutional","payments":[{"allowed_amount":3.98,"billing_code_modifier":[""],"providers":[{"billed_charge":149.10,"npi":[1427472141,1952543118]}]}]},{"tin":{"type":"ein","value":"463091346"},"service_code":["65"],"billing_class":"institutional","payments":[{"allowed_amount":4.04,"billing_code_modifier":[""],"providers":[{"billed_charge":149.10,"npi":[1427472141,1952543118]}]}]},{"tin":{"type":"ein","value":"463091346"},"service_code":["65"],"billing_class":"institutional","payments":[{"allowed_amount":4.33,"billing_code_modifier":[""],"providers":[{"billed_charge":142.00,"npi":[1427472141,1952543118]}]}]},{"tin":{"type":"ein","value":"463091346"},"service_code":["65"],"billing_class":"institutional","payments":[{"allowed_amount":4.54,"billing_code_modifier":[""],"providers":[{"billed_charge":149.10,"npi":[1427472141,1952543118]}]}]},{"tin":{"type":"ein","value":"463091346"},"service_code":["65"],"billing_class":"institutional","payments":[{"allowed_amount":5.47,"billing_code_modifier":[""],"providers":[{"billed_charge":149.10,"npi":[1427472141,1952543118]}]}]}]},{"name":"OFFICE\/OUTPATIENT ESTABLISHED LOW MDM 20 MIN","billing_code_type":"CPT","billing_code_type_version":"2020","billing_code":"99213","description":"OFFICE\/OUTPATIENT ESTABLISHED LOW MDM 20 MIN","allowed_amounts":[{"tin":{"type":"ein","value":"571207559"},"service_code":["11"],"billing_class":"professional","payments":[{"allowed_amount":30.73,"billing_code_modifier":[""],"providers":[{"billed_charge":275.00,"npi":[1659436038,1740531466,1770981839,1780961102]},{"billed_charge":276.00,"npi":[1770981839,1780961102]}]},{"allowed_amount":30.73,"billing_code_modifier":[""],"providers":[{"billed_charge":275.00,"npi":[1659436038,1740531466,1770981839,1780961102]},{"billed_charge":276.00,"npi":[1770981839,1780961102]}]}]},{"tin":{"type":"ein","value":"571207559"},"service_code":["11"],"billing_class":"professional","payments":[{"allowed_amount":30.73,"billing_code_modifier":[""],"providers":[{"billed_charge":275.00,"npi":[1659436038,1740531466,1770981839,1780961102]},{"billed_charge":276.00,"npi":[1770981839,1780961102]}]},{"allowed_amount":30.73,"billing_code_modifier":[""],"providers":[{"billed_charge":275.00,"npi":[1659436038,1740531466,1770981839,1780961102]},{"billed_charge":276.00,"npi":[1770981839,1780961102]}]}]},{"tin":{"type":"ein","value":"870468377"},"service_code":["11"],"billing_class":"professional","payments":[{"allowed_amount":30.73,"billing_code_modifier":[""],"providers":[{"billed_charge":180.25,"npi":[1740346071,1922096114]}]}]},{"tin":{"type":"ein","value":"992038447"},"service_code":["11"],"billing_class":"professional","payments":[{"allowed_amount":30.73,"billing_code_modifier":[""],"providers":[{"billed_charge":190.00,"npi":[1295582757,1326542770]}]}]}]}]}
