{"reporting_entity_name": "IEC Group_DBA AmeriBen",
	"reporting_entity_type": "Third Party Administrator",
	"plan_name": "WAYNE FARMS LLC",
	"plan_id_type": "ein",
	"plan_id": "582530930",
	"plan_market_type": "group",
	"last_updated_on": "2022-08-01","Version": "1.0.0","out_of_network":[{"name":"COLLECTION VENOUS BLOOD VENIPUNCTURE","billing_code_type":"CPT","billing_code_type_version":"2020","billing_code":"36415","description":"COLLECTION VENOUS BLOOD VENIPUNCTURE","allowed_amounts":[{"tin":{"type":"ein","value":"821473357"},"service_code":["11"],"billing_class":"professional","payments":[{"allowed_amount":3.75,"billing_code_modifier":[""],"providers":[{"billed_charge":8.40,"npi":[1639379746,1841710415]}]}]},{"tin":{"type":"ein","value":"201842623"},"service_code":["11"],"billing_class":"professional","payments":[{"allowed_amount":3.75,"billing_code_modifier":[""],"providers":[{"billed_charge":11.43,"npi":[1346343761,1740669928]}]}]},{"tin":{"type":"ein","value":"205412243"},"service_code":["81"],"billing_class":"professional","payments":[{"allowed_amount":3.75,"billing_code_modifier":[""],"providers":[{"billed_charge":5.00,"npi":[1528122678,1790767382]}]}]},{"tin":{"type":"ein","value":"263995821"},"service_code":["11"],"billing_class":"professional","payments":[{"allowed_amount":3.75,"billing_code_modifier":[""],"providers":[{"billed_charge":10.00,"npi":[1659518553,1679163323]}]}]},{"tin":{"type":"ein","value":"382084239"},"service_code":["81"],"billing_class":"professional","payments":[{"allowed_amount":3.75,"billing_code_modifier":[""],"providers":[{"billed_charge":21.37,"npi":[1043658180,1104272194,1932166386]}]}]},{"tin":{"type":"ein","value":"576001153"},"service_code":["11"],"billing_class":"professional","payments":[{"allowed_amount":3.75,"billing_code_modifier":[""],"providers":[{"billed_charge":15.00,"npi":[1740293422,1912952920]}]}]}]},{"name":"COVID-19 LAB TEST NON-CDC HTT","billing_code_type":"HCPCS","billing_code_type_version":"HCPCS LEVEL II 2021","billing_code":"U0004","description":"COVID-19 LAB TEST NON-CDC HTT","allowed_amounts":[{"tin":{"type":"ein","value":"811008582"},"service_code":["81"],"billing_class":"professional","payments":[{"allowed_amount":93.75,"billing_code_modifier":[""],"providers":[{"billed_charge":110.00,"npi":[1306032198,1508900101,1659726487,1841710415,1932123015]},{"billed_charge":113.00,"npi":[1326381625,1588827513,1659726487,1841710415]}]},{"allowed_amount":93.75,"billing_code_modifier":[""],"providers":[{"billed_charge":110.00,"npi":[1306032198,1508900101,1659726487,1841710415,1932123015]},{"billed_charge":113.00,"npi":[1326381625,1588827513,1659726487,1841710415]}]}]},{"tin":{"type":"ein","value":"811008582"},"service_code":["81"],"billing_class":"professional","payments":[{"allowed_amount":93.75,"billing_code_modifier":[""],"providers":[{"billed_charge":110.00,"npi":[1306032198,1508900101,1659726487,1841710415,1932123015]},{"billed_charge":113.00,"npi":[1326381625,1588827513,1659726487,1841710415]}]},{"allowed_amount":93.75,"billing_code_modifier":[""],"providers":[{"billed_charge":110.00,"npi":[1306032198,1508900101,1659726487,1841710415,1932123015]},{"billed_charge":113.00,"npi":[1326381625,1588827513,1659726487,1841710415]}]}]},{"tin":{"type":"ein","value":"811060894"},"service_code":["81"],"billing_class":"professional","payments":[{"allowed_amount":93.75,"billing_code_modifier":[""],"providers":[{"billed_charge":125.00,"npi":[1154397313,1467043877]}]}]},{"tin":{"type":"ein","value":"813617178"},"service_code":["81"],"billing_class":"professional","payments":[{"allowed_amount":93.75,"billing_code_modifier":[""],"providers":[{"billed_charge":150.00,"npi":[1164962882,1841227592]}]}]},{"tin":{"type":"ein","value":"824451411"},"service_code":["81"],"billing_class":"professional","payments":[{"allowed_amount":93.75,"billing_code_modifier":[""],"providers":[{"billed_charge":150.00,"npi":[1033420344,1275723462,1598266421]}]}]},{"tin":{"type":"ein","value":"852766187"},"service_code":["81"],"billing_class":"professional","payments":[{"allowed_amount":93.75,"billing_code_modifier":[""],"providers":[{"billed_charge":150.00,"npi":[1205360476,1255946869,1841227592]}]}]},{"tin":{"type":"ein","value":"853664779"},"service_code":["81"],"billing_class":"professional","payments":[{"allowed_amount":93.75,"billing_code_modifier":[""],"providers":[{"billed_charge":113.00,"npi":[1144319575,1518555069]}]}]},{"tin":{"type":"ein","value":"861328448"},"service_code":["11"],"billing_class":"professional","payments":[{"allowed_amount":93.75,"billing_code_modifier":[""],"providers":[{"billed_charge":750.00,"npi":[1003418583,1376128090,1841671476]}]}]},{"tin":{"type":"ein","value":"261594502"},"service_code":["81"],"billing_class":"professional","payments":[{"allowed_amount":93.75,"billing_code_modifier":[""],"providers":[{"billed_charge":150.00,"npi":[1487797361,1689971822]}]}]},{"tin":{"type":"ein","value":"473588569"},"service_code":["81"],"billing_class":"professional","payments":[{"allowed_amount":93.75,"billing_code_modifier":[""],"providers":[{"billed_charge":225.00,"npi":[1265853790,1982091617]}]}]}]},{"name":"DRUGS REQUIRE SPECIFIC ID: DRUGS REQUIRING DETAIL","billing_code_type":"RC","billing_code_type_version":"UB04","billing_code":"0636","description":"DRUGS REQUIRE SPECIFIC ID: DRUGS REQUIRING DETAIL","allowed_amounts":[{"tin":{"type":"ein","value":"814226407"},"service_code":["65"],"billing_class":"institutional","payments":[{"allowed_amount":4.85,"billing_code_modifier":[""],"providers":[{"billed_charge":140.30,"npi":[1093236762,1205916590]}]}]},{"tin":{"type":"ein","value":"814226407"},"service_code":["65"],"billing_class":"institutional","payments":[{"allowed_amount":4.86,"billing_code_modifier":[""],"providers":[{"billed_charge":133.63,"npi":[1093236762,1205916590]}]}]},{"tin":{"type":"ein","value":"814226407"},"service_code":["65"],"billing_class":"institutional","payments":[{"allowed_amount":4.87,"billing_code_modifier":[""],"providers":[{"billed_charge":140.30,"npi":[1093236762,1205916590]}]}]},{"tin":{"type":"ein","value":"814226407"},"service_code":["65"],"billing_class":"institutional","payments":[{"allowed_amount":24.27,"billing_code_modifier":[""],"providers":[{"billed_charge":701.50,"npi":[1093236762,1205916590]}]}]},{"tin":{"type":"ein","value":"814226407"},"service_code":["65"],"billing_class":"institutional","payments":[{"allowed_amount":24.30,"billing_code_modifier":[""],"providers":[{"billed_charge":668.15,"npi":[1093236762,1205916590]}]}]},{"tin":{"type":"ein","value":"814226407"},"service_code":["65"],"billing_class":"institutional","payments":[{"allowed_amount":24.36,"billing_code_modifier":[""],"providers":[{"billed_charge":701.50,"npi":[1093236762,1205916590]}]}]},{"tin":{"type":"ein","value":"043108559"},"service_code":["65"],"billing_class":"institutional","payments":[{"allowed_amount":24.68,"billing_code_modifier":[""],"providers":[{"billed_charge":801.78,"npi":[1205948049,1396716866]}]}]},{"tin":{"type":"ein","value":"043108559"},"service_code":["65"],"billing_class":"institutional","payments":[{"allowed_amount":25.28,"billing_code_modifier":[""],"providers":[{"billed_charge":841.80,"npi":[1205948049,1396716866]}]}]},{"tin":{"type":"ein","value":"270117599"},"service_code":["65"],"billing_class":"institutional","payments":[{"allowed_amount":44.11,"billing_code_modifier":[""],"providers":[{"billed_charge":1122.40,"npi":[1386756104,1861495830]}]}]},{"tin":{"type":"ein","value":"270117599"},"service_code":["65"],"billing_class":"institutional","payments":[{"allowed_amount":45.32,"billing_code_modifier":[""],"providers":[{"billed_charge":1122.40,"npi":[1386756104,1861495830]}]}]},{"tin":{"type":"ein","value":"270117599"},"service_code":["65"],"billing_class":"institutional","payments":[{"allowed_amount":45.44,"billing_code_modifier":[""],"providers":[{"billed_charge":1122.40,"npi":[1386756104,1861495830]}]}]},{"tin":{"type":"ein","value":"582597636"},"service_code":["65"],"billing_class":"institutional","payments":[{"allowed_amount":0.62,"billing_code_modifier":[""],"providers":[{"billed_charge":4.02,"npi":[1144205584,1477530525]}]}]},{"tin":{"type":"ein","value":"620850498"},"service_code":["65"],"billing_class":"institutional","payments":[{"allowed_amount":1.89,"billing_code_modifier":[""],"providers":[{"billed_charge":25.32,"npi":[1053361576,1669405049]}]}]},{"tin":{"type":"ein","value":"620850498"},"service_code":["65"],"billing_class":"institutional","payments":[{"allowed_amount":2.32,"billing_code_modifier":[""],"providers":[{"billed_charge":25.32,"npi":[1053361576,1669405049]}]}]},{"tin":{"type":"ein","value":"620850498"},"service_code":["65"],"billing_class":"institutional","payments":[{"allowed_amount":2.88,"billing_code_modifier":[""],"providers":[{"billed_charge":37.98,"npi":[1831167287,1982637369]}]}]},{"tin":{"type":"ein","value":"620850498"},"service_code":["65"],"billing_class":"institutional","payments":[{"allowed_amount":2.97,"billing_code_modifier":[""],"providers":[{"billed_charge":37.98,"npi":[1831167287,1982637369]}]}]},{"tin":{"type":"ein","value":"620850498"},"service_code":["65"],"billing_class":"institutional","payments":[{"allowed_amount":3.27,"billing_code_modifier":[""],"providers":[{"billed_charge":37.98,"npi":[1831167287,1982637369]}]}]},{"tin":{"type":"ein","value":"620850498"},"service_code":["65"],"billing_class":"institutional","payments":[{"allowed_amount":3.49,"billing_code_modifier":[""],"providers":[{"billed_charge":37.98,"npi":[1831167287,1982637369]}]}]},{"tin":{"type":"ein","value":"620850498"},"service_code":["65"],"billing_class":"institutional","payments":[{"allowed_amount":3.52,"billing_code_modifier":[""],"providers":[{"billed_charge":37.98,"npi":[1831167287,1982637369]}]}]},{"tin":{"type":"ein","value":"620850498"},"service_code":["65"],"billing_class":"institutional","payments":[{"allowed_amount":3.56,"billing_code_modifier":[""],"providers":[{"billed_charge":37.98,"npi":[1831167287,1982637369]}]}]},{"tin":{"type":"ein","value":"620850498"},"service_code":["65"],"billing_class":"institutional","payments":[{"allowed_amount":47.87,"billing_code_modifier":[""],"providers":[{"billed_charge":632.00,"npi":[1831167287,1982637369]}]}]},{"tin":{"type":"ein","value":"620850498"},"service_code":["65"],"billing_class":"institutional","payments":[{"allowed_amount":83.55,"billing_code_modifier":[""],"providers":[{"billed_charge":1118.30,"npi":[1053361576,1669405049]}]}]}]},{"name":"HEMO OPD\/HOME: HEMODIALYSIS COMP OR OTHER RATE","billing_code_type":"RC","billing_code_type_version":"UB04","billing_code":"0821","description":"HEMO OPD\/HOME: HEMODIALYSIS COMP OR OTHER RATE","allowed_amounts":[{"tin":{"type":"ein","value":"814226407"},"service_code":["65"],"billing_class":"institutional","payments":[{"allowed_amount":277.17,"billing_code_modifier":[""],"providers":[{"billed_charge":8010.89,"npi":[1093236762,1205916590]}]}]},{"tin":{"type":"ein","value":"814226407"},"service_code":["65"],"billing_class":"institutional","payments":[{"allowed_amount":277.58,"billing_code_modifier":[""],"providers":[{"billed_charge":7629.42,"npi":[1093236762,1205916590]}]}]},{"tin":{"type":"ein","value":"814226407"},"service_code":["65"],"billing_class":"institutional","payments":[{"allowed_amount":278.19,"billing_code_modifier":[""],"providers":[{"billed_charge":8010.89,"npi":[1093236762,1205916590]}]}]},{"tin":{"type":"ein","value":"043108559"},"service_code":["65"],"billing_class":"institutional","payments":[{"allowed_amount":234.92,"billing_code_modifier":[""],"providers":[{"billed_charge":7629.42,"npi":[1205948049,1396716866]}]}]},{"tin":{"type":"ein","value":"043108559"},"service_code":["65"],"billing_class":"institutional","payments":[{"allowed_amount":240.66,"billing_code_modifier":[""],"providers":[{"billed_charge":8010.89,"npi":[1205948049,1396716866]}]}]},{"tin":{"type":"ein","value":"270117599"},"service_code":["65"],"billing_class":"institutional","payments":[{"allowed_amount":314.81,"billing_code_modifier":[""],"providers":[{"billed_charge":8010.89,"npi":[1386756104,1861495830]}]}]},{"tin":{"type":"ein","value":"270117599"},"service_code":["65"],"billing_class":"institutional","payments":[{"allowed_amount":323.48,"billing_code_modifier":[""],"providers":[{"billed_charge":8010.89,"npi":[1386756104,1861495830]}]}]},{"tin":{"type":"ein","value":"270117599"},"service_code":["65"],"billing_class":"institutional","payments":[{"allowed_amount":324.33,"billing_code_modifier":[""],"providers":[{"billed_charge":8010.89,"npi":[1386756104,1861495830]}]}]},{"tin":{"type":"ein","value":"620850498"},"service_code":["65"],"billing_class":"institutional","payments":[{"allowed_amount":187.10,"billing_code_modifier":[""],"providers":[{"billed_charge":2470.00,"npi":[1831167287,1982637369]}]}]},{"tin":{"type":"ein","value":"620850498"},"service_code":["65"],"billing_class":"institutional","payments":[{"allowed_amount":193.53,"billing_code_modifier":[""],"providers":[{"billed_charge":2470.00,"npi":[1831167287,1982637369]}]}]},{"tin":{"type":"ein","value":"620850498"},"service_code":["65"],"billing_class":"institutional","payments":[{"allowed_amount":205.46,"billing_code_modifier":[""],"providers":[{"billed_charge":2750.00,"npi":[1053361576,1669405049]}]}]},{"tin":{"type":"ein","value":"620850498"},"service_code":["65"],"billing_class":"institutional","payments":[{"allowed_amount":212.60,"billing_code_modifier":[""],"providers":[{"billed_charge":2470.00,"npi":[1831167287,1982637369]}]}]},{"tin":{"type":"ein","value":"620850498"},"service_code":["65"],"billing_class":"institutional","payments":[{"allowed_amount":226.79,"billing_code_modifier":[""],"providers":[{"billed_charge":2470.00,"npi":[1831167287,1982637369]}]}]},{"tin":{"type":"ein","value":"620850498"},"service_code":["65"],"billing_class":"institutional","payments":[{"allowed_amount":228.98,"billing_code_modifier":[""],"providers":[{"billed_charge":2470.00,"npi":[1831167287,1982637369]}]}]},{"tin":{"type":"ein","value":"620850498"},"service_code":["65"],"billing_class":"institutional","payments":[{"allowed_amount":231.53,"billing_code_modifier":[""],"providers":[{"billed_charge":2470.00,"npi":[1831167287,1982637369]}]}]},{"tin":{"type":"ein","value":"620850498"},"service_code":["65"],"billing_class":"institutional","payments":[{"allowed_amount":252.37,"billing_code_modifier":[""],"providers":[{"billed_charge":2750.00,"npi":[1053361576,1669405049]}]}]}]},{"name":"IAAD IA SEVERE AQT RESPIR SYND CORONAVIRUS","billing_code_type":"CPT","billing_code_type_version":"2020","billing_code":"87426","description":"IAAD IA SEVERE AQT RESPIR SYND CORONAVIRUS","allowed_amounts":[{"tin":{"type":"ein","value":"263995821"},"service_code":["11"],"billing_class":"professional","payments":[{"allowed_amount":45.23,"billing_code_modifier":[""],"providers":[{"billed_charge":50.00,"npi":[1659518553,1679163323]}]}]},{"tin":{"type":"ein","value":"270123687"},"service_code":["11"],"billing_class":"professional","payments":[{"allowed_amount":45.23,"billing_code_modifier":[""],"providers":[{"billed_charge":100.00,"npi":[1437194156,1750760914]}]}]},{"tin":{"type":"ein","value":"610700826"},"service_code":["11"],"billing_class":"professional","payments":[{"allowed_amount":45.23,"billing_code_modifier":[""],"providers":[{"billed_charge":65.00,"npi":[1114948288,1922600402]}]}]}]},{"name":"INFEC AGEN DETEC AMPLI PROBE","billing_code_type":"HCPCS","billing_code_type_version":"HCPCS LEVEL II 2021","billing_code":"U0005","description":"INFEC AGEN DETEC AMPLI PROBE","allowed_amounts":[{"tin":{"type":"ein","value":"811008582"},"service_code":["81"],"billing_class":"professional","payments":[{"allowed_amount":31.25,"billing_code_modifier":[""],"providers":[{"billed_charge":35.00,"npi":[1306032198,1508900101,1659726487,1841710415,1932123015]},{"billed_charge":38.00,"npi":[1326381625,1588827513,1659726487,1841710415]}]},{"allowed_amount":31.25,"billing_code_modifier":[""],"providers":[{"billed_charge":35.00,"npi":[1306032198,1508900101,1659726487,1841710415,1932123015]},{"billed_charge":38.00,"npi":[1326381625,1588827513,1659726487,1841710415]}]}]},{"tin":{"type":"ein","value":"811008582"},"service_code":["81"],"billing_class":"professional","payments":[{"allowed_amount":31.25,"billing_code_modifier":[""],"providers":[{"billed_charge":35.00,"npi":[1306032198,1508900101,1659726487,1841710415,1932123015]},{"billed_charge":38.00,"npi":[1326381625,1588827513,1659726487,1841710415]}]},{"allowed_amount":31.25,"billing_code_modifier":[""],"providers":[{"billed_charge":35.00,"npi":[1306032198,1508900101,1659726487,1841710415,1932123015]},{"billed_charge":38.00,"npi":[1326381625,1588827513,1659726487,1841710415]}]}]},{"tin":{"type":"ein","value":"811060894"},"service_code":["81"],"billing_class":"professional","payments":[{"allowed_amount":25.00,"billing_code_modifier":[""],"providers":[{"billed_charge":25.00,"npi":[1154397313,1467043877]}]}]},{"tin":{"type":"ein","value":"813617178"},"service_code":["81"],"billing_class":"professional","payments":[{"allowed_amount":31.25,"billing_code_modifier":[""],"providers":[{"billed_charge":37.50,"npi":[1164962882,1841227592]}]}]},{"tin":{"type":"ein","value":"824451411"},"service_code":["81"],"billing_class":"professional","payments":[{"allowed_amount":31.25,"billing_code_modifier":[""],"providers":[{"billed_charge":50.00,"npi":[1033420344,1275723462,1598266421,1760882690]}]}]},{"tin":{"type":"ein","value":"831708962"},"service_code":["81"],"billing_class":"professional","payments":[{"allowed_amount":31.25,"billing_code_modifier":[""],"providers":[{"billed_charge":75.00,"npi":[1083615611,1427610674]}]}]},{"tin":{"type":"ein","value":"833648025"},"service_code":["81"],"billing_class":"professional","payments":[{"allowed_amount":31.25,"billing_code_modifier":[""],"providers":[{"billed_charge":62.50,"npi":[1194708636,1528525045]}]}]},{"tin":{"type":"ein","value":"843874958"},"service_code":["81"],"billing_class":"professional","payments":[{"allowed_amount":31.25,"billing_code_modifier":[""],"providers":[{"billed_charge":100.00,"npi":[1164885778,1467092700]}]}]},{"tin":{"type":"ein","value":"844089548"},"service_code":["81"],"billing_class":"professional","payments":[{"allowed_amount":25.00,"billing_code_modifier":[""],"providers":[{"billed_charge":25.00,"npi":[1093128670,1831770130]}]}]},{"tin":{"type":"ein","value":"850602662"},"service_code":["81"],"billing_class":"professional","payments":[{"allowed_amount":31.25,"billing_code_modifier":[""],"providers":[{"billed_charge":50.00,"npi":[1306293618,1881215622]}]}]},{"tin":{"type":"ein","value":"852766187"},"service_code":["81"],"billing_class":"professional","payments":[{"allowed_amount":31.25,"billing_code_modifier":[""],"providers":[{"billed_charge":50.00,"npi":[1205360476,1255946869,1841227592]}]}]},{"tin":{"type":"ein","value":"853664779"},"service_code":["81"],"billing_class":"professional","payments":[{"allowed_amount":25.00,"billing_code_modifier":[""],"providers":[{"billed_charge":25.00,"npi":[1144319575,1518555069]}]}]},{"tin":{"type":"ein","value":"861328448"},"service_code":["11"],"billing_class":"professional","payments":[{"allowed_amount":31.25,"billing_code_modifier":[""],"providers":[{"billed_charge":600.00,"npi":[1003418583,1376128090,1841671476]}]}]},{"tin":{"type":"ein","value":"880241758"},"service_code":["81"],"billing_class":"professional","payments":[{"allowed_amount":25.00,"billing_code_modifier":[""],"providers":[{"billed_charge":25.00,"npi":[1124417357,1477544450,1841253705]}]}]},{"tin":{"type":"ein","value":"261594502"},"service_code":["81"],"billing_class":"professional","payments":[{"allowed_amount":31.25,"billing_code_modifier":[""],"providers":[{"billed_charge":75.00,"npi":[1487797361,1689971822]}]}]},{"tin":{"type":"ein","value":"382084239"},"service_code":["81"],"billing_class":"professional","payments":[{"allowed_amount":25.00,"billing_code_modifier":[""],"providers":[{"billed_charge":25.00,"npi":[1225682602,1457870974,1588014807,1700226131,1710593389,1851902951,1932166386]}]}]},{"tin":{"type":"ein","value":"471359076"},"service_code":["81"],"billing_class":"professional","payments":[{"allowed_amount":25.00,"billing_code_modifier":[""],"providers":[{"billed_charge":25.00,"npi":[1134538713,1134597057,1497846133,1730180191,1952411399]}]}]},{"tin":{"type":"ein","value":"472088639"},"service_code":["81"],"billing_class":"professional","payments":[{"allowed_amount":31.25,"billing_code_modifier":[""],"providers":[{"billed_charge":75.00,"npi":[1245688613,1609273317]}]}]},{"tin":{"type":"ein","value":"472462178"},"service_code":["81"],"billing_class":"professional","payments":[{"allowed_amount":31.25,"billing_code_modifier":[""],"providers":[{"billed_charge":50.00,"npi":[1639311509,1962018374]}]}]},{"tin":{"type":"ein","value":"473588569"},"service_code":["81"],"billing_class":"professional","payments":[{"allowed_amount":31.25,"billing_code_modifier":[""],"providers":[{"billed_charge":75.00,"npi":[1265853790,1982091617]}]}]},{"tin":{"type":"ein","value":"473727159"},"service_code":["81"],"billing_class":"professional","payments":[{"allowed_amount":25.00,"billing_code_modifier":[""],"providers":[{"billed_charge":25.00,"npi":[1053821777,1245679711,1295328664,1447869482,1740753003,1831584218,1902423254,1912521568,1992314918]}]}]},{"tin":{"type":"ein","value":"593764882"},"service_code":["81"],"billing_class":"professional","payments":[{"allowed_amount":31.25,"billing_code_modifier":[""],"providers":[{"billed_charge":50.00,"npi":[1508893678,1841408283]}]}]},{"tin":{"type":"ein","value":"621433252"},"service_code":["81"],"billing_class":"professional","payments":[{"allowed_amount":31.25,"billing_code_modifier":[""],"providers":[{"billed_charge":31.25,"npi":[1023599404,1679765523,1689639544,1821060732,1881352979]}]}]}]},{"name":"MEDICAL\/SURGICAL SUPPLIES","billing_code_type":"RC","billing_code_type_version":"UB04","billing_code":"0270","description":"MEDICAL\/SURGICAL SUPPLIES","allowed_amounts":[{"tin":{"type":"ein","value":"814226407"},"service_code":["65"],"billing_class":"institutional","payments":[{"allowed_amount":4.68,"billing_code_modifier":[""],"providers":[{"billed_charge":135.24,"npi":[1093236762,1205916590]}]}]},{"tin":{"type":"ein","value":"814226407"},"service_code":["65"],"billing_class":"institutional","payments":[{"allowed_amount":4.69,"billing_code_modifier":[""],"providers":[{"billed_charge":128.80,"npi":[1093236762,1205916590]},{"billed_charge":135.24,"npi":[1093236762,1205916590]}]},{"allowed_amount":4.69,"billing_code_modifier":[""],"providers":[{"billed_charge":128.80,"npi":[1093236762,1205916590]},{"billed_charge":135.24,"npi":[1093236762,1205916590]}]}]},{"tin":{"type":"ein","value":"814226407"},"service_code":["65"],"billing_class":"institutional","payments":[{"allowed_amount":4.69,"billing_code_modifier":[""],"providers":[{"billed_charge":128.80,"npi":[1093236762,1205916590]},{"billed_charge":135.24,"npi":[1093236762,1205916590]}]},{"allowed_amount":4.69,"billing_code_modifier":[""],"providers":[{"billed_charge":128.80,"npi":[1093236762,1205916590]},{"billed_charge":135.24,"npi":[1093236762,1205916590]}]}]},{"tin":{"type":"ein","value":"043108559"},"service_code":["65"],"billing_class":"institutional","payments":[{"allowed_amount":3.96,"billing_code_modifier":[""],"providers":[{"billed_charge":128.80,"npi":[1205948049,1396716866]}]}]},{"tin":{"type":"ein","value":"043108559"},"service_code":["65"],"billing_class":"institutional","payments":[{"allowed_amount":4.07,"billing_code_modifier":[""],"providers":[{"billed_charge":135.24,"npi":[1205948049,1396716866]}]}]},{"tin":{"type":"ein","value":"270117599"},"service_code":["65"],"billing_class":"institutional","payments":[{"allowed_amount":5.31,"billing_code_modifier":[""],"providers":[{"billed_charge":135.24,"npi":[1386756104,1861495830]}]}]},{"tin":{"type":"ein","value":"270117599"},"service_code":["65"],"billing_class":"institutional","payments":[{"allowed_amount":5.46,"billing_code_modifier":[""],"providers":[{"billed_charge":135.24,"npi":[1386756104,1861495830]}]}]},{"tin":{"type":"ein","value":"270117599"},"service_code":["65"],"billing_class":"institutional","payments":[{"allowed_amount":5.47,"billing_code_modifier":[""],"providers":[{"billed_charge":135.24,"npi":[1386756104,1861495830]}]}]},{"tin":{"type":"ein","value":"582597636"},"service_code":["65"],"billing_class":"institutional","payments":[{"allowed_amount":0.61,"billing_code_modifier":[""],"providers":[{"billed_charge":4.01,"npi":[1144205584,1477530525]}]}]},{"tin":{"type":"ein","value":"582597636"},"service_code":["65"],"billing_class":"institutional","payments":[{"allowed_amount":0.62,"billing_code_modifier":[""],"providers":[{"billed_charge":4.01,"npi":[1144205584,1477530525]}]}]},{"tin":{"type":"ein","value":"582597636"},"service_code":["65"],"billing_class":"institutional","payments":[{"allowed_amount":1.87,"billing_code_modifier":[""],"providers":[{"billed_charge":12.03,"npi":[1144205584,1477530525]}]}]},{"tin":{"type":"ein","value":"620850498"},"service_code":["65"],"billing_class":"institutional","payments":[{"allowed_amount":0.95,"billing_code_modifier":[""],"providers":[{"billed_charge":10.27,"npi":[1831167287,1982637369]}]}]},{"tin":{"type":"ein","value":"620850498"},"service_code":["65"],"billing_class":"institutional","payments":[{"allowed_amount":1.87,"billing_code_modifier":[""],"providers":[{"billed_charge":23.94,"npi":[1831167287,1982637369]}]}]},{"tin":{"type":"ein","value":"620850498"},"service_code":["65"],"billing_class":"institutional","payments":[{"allowed_amount":2.06,"billing_code_modifier":[""],"providers":[{"billed_charge":23.94,"npi":[1831167287,1982637369]}]}]},{"tin":{"type":"ein","value":"620850498"},"service_code":["65"],"billing_class":"institutional","payments":[{"allowed_amount":2.20,"billing_code_modifier":[""],"providers":[{"billed_charge":23.94,"npi":[1053361576,1669405049,1831167287,1982637369]}]}]},{"tin":{"type":"ein","value":"620850498"},"service_code":["65"],"billing_class":"institutional","payments":[{"allowed_amount":2.22,"billing_code_modifier":[""],"providers":[{"billed_charge":23.94,"npi":[1831167287,1982637369]}]}]},{"tin":{"type":"ein","value":"620850498"},"service_code":["65"],"billing_class":"institutional","payments":[{"allowed_amount":3.62,"billing_code_modifier":[""],"providers":[{"billed_charge":46.17,"npi":[1831167287,1982637369]},{"billed_charge":47.88,"npi":[1831167287,1982637369]}]},{"allowed_amount":3.62,"billing_code_modifier":[""],"providers":[{"billed_charge":46.17,"npi":[1831167287,1982637369]},{"billed_charge":47.88,"npi":[1831167287,1982637369]}]}]},{"tin":{"type":"ein","value":"620850498"},"service_code":["65"],"billing_class":"institutional","payments":[{"allowed_amount":3.62,"billing_code_modifier":[""],"providers":[{"billed_charge":46.17,"npi":[1831167287,1982637369]},{"billed_charge":47.88,"npi":[1831167287,1982637369]}]},{"allowed_amount":3.62,"billing_code_modifier":[""],"providers":[{"billed_charge":46.17,"npi":[1831167287,1982637369]},{"billed_charge":47.88,"npi":[1831167287,1982637369]}]}]},{"tin":{"type":"ein","value":"620850498"},"service_code":["65"],"billing_class":"institutional","payments":[{"allowed_amount":4.28,"billing_code_modifier":[""],"providers":[{"billed_charge":46.17,"npi":[1831167287,1982637369]}]}]}]},{"name":"PHARMACY","billing_code_type":"RC","billing_code_type_version":"UB04","billing_code":"0250","description":"PHARMACY","allowed_amounts":[{"tin":{"type":"ein","value":"814226407"},"service_code":["65"],"billing_class":"institutional","payments":[{"allowed_amount":1.74,"billing_code_modifier":[""],"providers":[{"billed_charge":47.98,"npi":[1093236762,1205916590]},{"billed_charge":50.38,"npi":[1093236762,1205916590]}]},{"allowed_amount":1.74,"billing_code_modifier":[""],"providers":[{"billed_charge":47.98,"npi":[1093236762,1205916590]},{"billed_charge":50.38,"npi":[1093236762,1205916590]}]}]},{"tin":{"type":"ein","value":"814226407"},"service_code":["65"],"billing_class":"institutional","payments":[{"allowed_amount":1.74,"billing_code_modifier":[""],"providers":[{"billed_charge":47.98,"npi":[1093236762,1205916590]},{"billed_charge":50.38,"npi":[1093236762,1205916590]}]},{"allowed_amount":1.74,"billing_code_modifier":[""],"providers":[{"billed_charge":47.98,"npi":[1093236762,1205916590]},{"billed_charge":50.38,"npi":[1093236762,1205916590]}]}]},{"tin":{"type":"ein","value":"814226407"},"service_code":["65"],"billing_class":"institutional","payments":[{"allowed_amount":6.23,"billing_code_modifier":[""],"providers":[{"billed_charge":180.13,"npi":[1093236762,1205916590]}]}]},{"tin":{"type":"ein","value":"814226407"},"service_code":["65"],"billing_class":"institutional","payments":[{"allowed_amount":6.24,"billing_code_modifier":[""],"providers":[{"billed_charge":171.55,"npi":[1093236762,1205916590]}]}]},{"tin":{"type":"ein","value":"043108559"},"service_code":["65"],"billing_class":"institutional","payments":[{"allowed_amount":7.92,"billing_code_modifier":[""],"providers":[{"billed_charge":257.33,"npi":[1205948049,1396716866]}]}]},{"tin":{"type":"ein","value":"270117599"},"service_code":["65"],"billing_class":"institutional","payments":[{"allowed_amount":1.97,"billing_code_modifier":[""],"providers":[{"billed_charge":50.38,"npi":[1386756104,1861495830]}]}]},{"tin":{"type":"ein","value":"270117599"},"service_code":["65"],"billing_class":"institutional","payments":[{"allowed_amount":2.03,"billing_code_modifier":[""],"providers":[{"billed_charge":50.38,"npi":[1386756104,1861495830]}]}]},{"tin":{"type":"ein","value":"270117599"},"service_code":["65"],"billing_class":"institutional","payments":[{"allowed_amount":2.04,"billing_code_modifier":[""],"providers":[{"billed_charge":50.38,"npi":[1386756104,1861495830]}]}]}]},{"name":"SARS-COV-2 COVID-19 AMP PRB HTT","billing_code_type":"HCPCS","billing_code_type_version":"HCPCS LEVEL II 2021","billing_code":"U0003","description":"SARS-COV-2 COVID-19 AMP PRB HTT","allowed_amounts":[{"tin":{"type":"ein","value":"831708962"},"service_code":["81"],"billing_class":"professional","payments":[{"allowed_amount":93.75,"billing_code_modifier":[""],"providers":[{"billed_charge":199.00,"npi":[1083615611,1427610674]}]}]},{"tin":{"type":"ein","value":"833648025"},"service_code":["81"],"billing_class":"professional","payments":[{"allowed_amount":93.75,"billing_code_modifier":[""],"providers":[{"billed_charge":250.00,"npi":[1194708636,1528525045]}]}]},{"tin":{"type":"ein","value":"843874958"},"service_code":["81"],"billing_class":"professional","payments":[{"allowed_amount":93.75,"billing_code_modifier":[""],"providers":[{"billed_charge":300.00,"npi":[1164885778,1467092700]}]}]},{"tin":{"type":"ein","value":"844089548"},"service_code":["81"],"billing_class":"professional","payments":[{"allowed_amount":93.75,"billing_code_modifier":[""],"providers":[{"billed_charge":150.00,"npi":[1093128670,1831770130]}]}]},{"tin":{"type":"ein","value":"850602662"},"service_code":["81"],"billing_class":"professional","payments":[{"allowed_amount":93.75,"billing_code_modifier":[""],"providers":[{"billed_charge":150.00,"npi":[1306293618,1881215622]}]}]},{"tin":{"type":"ein","value":"880241758"},"service_code":["81"],"billing_class":"professional","payments":[{"allowed_amount":93.75,"billing_code_modifier":[""],"providers":[{"billed_charge":100.00,"npi":[1043416696,1124417357,1477544450,1659758175,1841253705]}]}]},{"tin":{"type":"ein","value":"260880495"},"service_code":["81"],"billing_class":"professional","payments":[{"allowed_amount":93.75,"billing_code_modifier":[""],"providers":[{"billed_charge":150.00,"npi":[1134377781,1912945882]}]}]},{"tin":{"type":"ein","value":"331168930"},"service_code":["81"],"billing_class":"professional","payments":[{"allowed_amount":93.75,"billing_code_modifier":[""],"providers":[{"billed_charge":125.00,"npi":[1063680882,1184814014]}]}]},{"tin":{"type":"ein","value":"382084239"},"service_code":["81"],"billing_class":"professional","payments":[{"allowed_amount":93.75,"billing_code_modifier":[""],"providers":[{"billed_charge":100.00,"npi":[1225682602,1437710852,1457870974,1518156033,1588014807,1700226131,1710593389,1851902951,1932166386]}]}]},{"tin":{"type":"ein","value":"471359076"},"service_code":["81"],"billing_class":"professional","payments":[{"allowed_amount":93.75,"billing_code_modifier":[""],"providers":[{"billed_charge":125.00,"npi":[1134538713,1134597057,1497846133,1730180191,1952411399]}]}]},{"tin":{"type":"ein","value":"472088639"},"service_code":["81"],"billing_class":"professional","payments":[{"allowed_amount":93.75,"billing_code_modifier":[""],"providers":[{"billed_charge":225.00,"npi":[1245688613,1609273317]}]}]},{"tin":{"type":"ein","value":"472462178"},"service_code":["81"],"billing_class":"professional","payments":[{"allowed_amount":93.75,"billing_code_modifier":[""],"providers":[{"billed_charge":250.00,"npi":[1174824726,1508484569,1639311509,1962018374]}]}]},{"tin":{"type":"ein","value":"473727159"},"service_code":["81"],"billing_class":"professional","payments":[{"allowed_amount":93.75,"billing_code_modifier":[""],"providers":[{"billed_charge":125.00,"npi":[1053821777,1245679711,1295328664,1447869482,1528685039,1740753003,1831584218,1902423254,1912521568,1992314918]}]}]},{"tin":{"type":"ein","value":"593764882"},"service_code":["81"],"billing_class":"professional","payments":[{"allowed_amount":93.75,"billing_code_modifier":[""],"providers":[{"billed_charge":149.00,"npi":[1508893678,1841408283]}]}]},{"tin":{"type":"ein","value":"621433252"},"service_code":["81"],"billing_class":"professional","payments":[{"allowed_amount":93.75,"billing_code_modifier":[""],"providers":[{"billed_charge":125.00,"npi":[1023599404,1679765523,1689639544,1821060732,1881352979]}]}]}]}]}
