{"reporting_entity_name": "IEC Group_DBA AmeriBen",
	"reporting_entity_type": "Third Party Administrator",
	"plan_name": "PURSUIT AEROSPACE",
	"plan_id_type": "ein",
	"plan_id": "921351892",
	"plan_market_type": "group",
	"last_updated_on": "2025-08-01","Version": "1.0.0","out_of_network":[{"name":"PSYCHIATRIC\/PSYCHOLOGICAL SVCS: PARTIAL HOSP - LES","billing_code_type":"RC","billing_code_type_version":"UB04","billing_code":"0912","description":"PSYCHIATRIC\/PSYCHOLOGICAL SVCS: PARTIAL HOSP - LES","allowed_amounts":[{"tin":{"type":"ein","value":"883886148"},"service_code":["22"],"billing_class":"institutional","payments":[{"allowed_amount":2520.00,"billing_code_modifier":[""],"providers":[{"billed_charge":4000.00,"npi":[1700906823,1871202622]}]}]}]},{"name":"RESIDENTIAL TREATMENT-CHEMICAL DEPENDENCY","billing_code_type":"RC","billing_code_type_version":"UB04","billing_code":"1002","description":"RESIDENTIAL TREATMENT-CHEMICAL DEPENDENCY","allowed_amounts":[{"tin":{"type":"ein","value":"863271015"},"service_code":["21"],"billing_class":"institutional","payments":[{"allowed_amount":900.00,"billing_code_modifier":[""],"providers":[{"billed_charge":8300.00,"npi":[1366472045,1548833734]}]}]}]}]}
