{"reporting_entity_name": "IEC Group_DBA AmeriBen",
	"reporting_entity_type": "Third Party Administrator",
	"plan_name": "THE DOCTORS MANAGEMENT COMPANY",
	"plan_id_type": "ein",
	"plan_id": "952958888",
	"plan_market_type": "group",
	"last_updated_on": "2024-03-01","Version": "1.0.0","out_of_network":[{"name":"ADAPT BHV TX PRTCL MODIFICAJ PHYS\/QHP EA 15 MIN","billing_code_type":"CPT","billing_code_type_version":"2020","billing_code":"97155","description":"ADAPT BHV TX PRTCL MODIFICAJ PHYS\/QHP EA 15 MIN","allowed_amounts":[{"tin":{"type":"ein","value":"821415259"},"service_code":["11"],"billing_class":"professional","payments":[{"allowed_amount":88.00,"billing_code_modifier":[""],"providers":[{"billed_charge":88.00,"npi":[1104371939,1700324555]}]}]}]},{"name":"ADAPTIVE BEHAVIOR TX BY PROTOCOL TECH EA 15 MIN","billing_code_type":"CPT","billing_code_type_version":"2020","billing_code":"97153","description":"ADAPTIVE BEHAVIOR TX BY PROTOCOL TECH EA 15 MIN","allowed_amounts":[{"tin":{"type":"ein","value":"821415259"},"service_code":["11"],"billing_class":"professional","payments":[{"allowed_amount":300.01,"billing_code_modifier":[""],"providers":[{"billed_charge":346.20,"npi":[1104371939,1700324555]}]}]}]},{"name":"APPL MODALITY 1\/> AREAS TRACTION MECHANICAL","billing_code_type":"CPT","billing_code_type_version":"2020","billing_code":"97012","description":"APPL MODALITY 1\/> AREAS TRACTION MECHANICAL","allowed_amounts":[{"tin":{"type":"ein","value":"834026013"},"service_code":["11"],"billing_class":"professional","payments":[{"allowed_amount":14.68,"billing_code_modifier":[""],"providers":[{"billed_charge":30.00,"npi":[1639235161]}]}]}]},{"name":"CHIROPRACTIC MANIPLTV TX EXTRASPINAL 1\/> REGION","billing_code_type":"CPT","billing_code_type_version":"2020","billing_code":"98943","description":"CHIROPRACTIC MANIPLTV TX EXTRASPINAL 1\/> REGION","allowed_amounts":[{"tin":{"type":"ein","value":"834026013"},"service_code":["11"],"billing_class":"professional","payments":[{"allowed_amount":26.11,"billing_code_modifier":[""],"providers":[{"billed_charge":60.00,"npi":[1639235161]}]}]}]},{"name":"CHIROPRACTIC MANIPULATIVE TX SPINAL 3-4 REGIONS","billing_code_type":"CPT","billing_code_type_version":"2020","billing_code":"98941","description":"CHIROPRACTIC MANIPULATIVE TX SPINAL 3-4 REGIONS","allowed_amounts":[{"tin":{"type":"ein","value":"834026013"},"service_code":["11"],"billing_class":"professional","payments":[{"allowed_amount":40.69,"billing_code_modifier":[""],"providers":[{"billed_charge":60.00,"npi":[1639235161]}]}]}]},{"name":"OFFICE\/OUTPATIENT ESTABLISHED LOW MDM 20 MIN","billing_code_type":"CPT","billing_code_type_version":"2020","billing_code":"99213","description":"OFFICE\/OUTPATIENT ESTABLISHED LOW MDM 20 MIN","allowed_amounts":[{"tin":{"type":"ein","value":"834026013"},"service_code":["11"],"billing_class":"professional","payments":[{"allowed_amount":72.63,"billing_code_modifier":[""],"providers":[{"billed_charge":150.00,"npi":[1639235161]}]}]}]},{"name":"PSYCHOTHERAPY W\/PATIENT 45 MINUTES","billing_code_type":"CPT","billing_code_type_version":"2020","billing_code":"90834","description":"PSYCHOTHERAPY W\/PATIENT 45 MINUTES","allowed_amounts":[{"tin":{"type":"ein","value":"024345235"},"service_code":["11"],"billing_class":"professional","payments":[{"allowed_amount":225.00,"billing_code_modifier":[""],"providers":[{"billed_charge":225.00,"npi":[1134425069]}]}]},{"tin":{"type":"ein","value":"128541213"},"service_code":["11","99"],"billing_class":"professional","payments":[{"allowed_amount":149.96,"billing_code_modifier":[""],"providers":[{"billed_charge":225.00,"npi":[1427658483]}]}]},{"tin":{"type":"ein","value":"800651348"},"service_code":["11"],"billing_class":"professional","payments":[{"allowed_amount":160.00,"billing_code_modifier":[""],"providers":[{"billed_charge":160.00,"npi":[1366097495,1881730513]}]}]},{"tin":{"type":"ein","value":"811741439"},"service_code":["02"],"billing_class":"professional","payments":[{"allowed_amount":251.24,"billing_code_modifier":[""],"providers":[{"billed_charge":300.00,"npi":[1255699054]}]}]}]},{"name":"PSYCHOTHERAPY W\/PATIENT 60 MINUTES","billing_code_type":"CPT","billing_code_type_version":"2020","billing_code":"90837","description":"PSYCHOTHERAPY W\/PATIENT 60 MINUTES","allowed_amounts":[{"tin":{"type":"ein","value":"363967396"},"service_code":["11"],"billing_class":"professional","payments":[{"allowed_amount":151.70,"billing_code_modifier":[""],"providers":[{"billed_charge":175.00,"npi":[1578951497,1740565126]}]}]},{"tin":{"type":"ein","value":"460689654"},"service_code":["02"],"billing_class":"professional","payments":[{"allowed_amount":150.00,"billing_code_modifier":[""],"providers":[{"billed_charge":150.00,"npi":[1649427477]}]}]},{"tin":{"type":"ein","value":"462634111"},"service_code":["02"],"billing_class":"professional","payments":[{"allowed_amount":150.00,"billing_code_modifier":[""],"providers":[{"billed_charge":150.00,"npi":[1346755717,1629410022]}]}]},{"tin":{"type":"ein","value":"462634111"},"service_code":["02"],"billing_class":"professional","payments":[{"allowed_amount":180.00,"billing_code_modifier":[""],"providers":[{"billed_charge":180.00,"npi":[1346755717,1629410022]}]}]},{"tin":{"type":"ein","value":"800651348"},"service_code":["11"],"billing_class":"professional","payments":[{"allowed_amount":180.00,"billing_code_modifier":[""],"providers":[{"billed_charge":180.00,"npi":[1366097495,1881730513]}]}]},{"tin":{"type":"ein","value":"862245504"},"service_code":["02"],"billing_class":"professional","payments":[{"allowed_amount":200.00,"billing_code_modifier":[""],"providers":[{"billed_charge":200.00,"npi":[1124607015,1912353749]}]}]},{"tin":{"type":"ein","value":"999999999"},"service_code":["02"],"billing_class":"professional","payments":[{"allowed_amount":200.00,"billing_code_modifier":[""],"providers":[{"billed_charge":200.00,"npi":[1144434200]}]}]}]},{"name":"RESIDENTIAL TREATMENT-CHEMICAL DEPENDENCY","billing_code_type":"RC","billing_code_type_version":"UB04","billing_code":"1002","description":"RESIDENTIAL TREATMENT-CHEMICAL DEPENDENCY","allowed_amounts":[{"tin":{"type":"ein","value":"832518128"},"service_code":["21"],"billing_class":"institutional","payments":[{"allowed_amount":4000.00,"billing_code_modifier":[""],"providers":[{"billed_charge":4000.00,"npi":[1861551236,1891332193]}]}]}]},{"name":"THERAPEUTIC PX 1\/> AREAS EACH 15 MIN EXERCISES","billing_code_type":"CPT","billing_code_type_version":"2020","billing_code":"97110","description":"THERAPEUTIC PX 1\/> AREAS EACH 15 MIN EXERCISES","allowed_amounts":[{"tin":{"type":"ein","value":"834026013"},"service_code":["11"],"billing_class":"professional","payments":[{"allowed_amount":60.68,"billing_code_modifier":[""],"providers":[{"billed_charge":70.00,"npi":[1639235161]}]}]}]}]}
