{"reporting_entity_name": "IEC Group_DBA AmeriBen",
	"reporting_entity_type": "Third Party Administrator",
	"plan_name": "SUNFLOWER BANK NA",
	"plan_id_type": "ein",
	"plan_id": "480216075",
	"plan_market_type": "group",
	"last_updated_on": "2025-05-01","Version": "1.0.0","out_of_network":[{"name":"PSYCHIATRIC\/PSYCHOLOGICAL TRT: INTENSIVE OUTPATIEN","billing_code_type":"RC","billing_code_type_version":"UB04","billing_code":"0905","description":"PSYCHIATRIC\/PSYCHOLOGICAL TRT: INTENSIVE OUTPATIEN","allowed_amounts":[{"tin":{"type":"ein","value":"811091031"},"service_code":["22"],"billing_class":"institutional","payments":[{"allowed_amount":131.55,"billing_code_modifier":[""],"providers":[{"billed_charge":2250.00,"npi":[1184932782,1740641612]}]}]}]}]}
