{"reporting_entity_name": "IEC Group_DBA AmeriBen",
	"reporting_entity_type": "Third Party Administrator",
	"plan_name": "IPR",
	"plan_id_type": "ein",
	"plan_id": "522287138",
	"plan_market_type": "group",
	"last_updated_on": "2024-05-02","Version": "1.0.0","out_of_network":[{"name":"COLLECTION VENOUS BLOOD VENIPUNCTURE","billing_code_type":"CPT","billing_code_type_version":"2020","billing_code":"36415","description":"COLLECTION VENOUS BLOOD VENIPUNCTURE","allowed_amounts":[{"tin":{"type":"ein","value":"382084239"},"service_code":["81"],"billing_class":"professional","payments":[{"allowed_amount":1.02,"billing_code_modifier":[""],"providers":[{"billed_charge":35.00,"npi":[1023103744,1083034045,1114945250,1306450390,1376537084,1376703975,1417188103,1447296272,1518395854,1538459466,1578823464,1598348674,1609801018,1881675700,1932166386]}]}]},{"tin":{"type":"ein","value":"751093698"},"service_code":["81"],"billing_class":"professional","payments":[{"allowed_amount":1.02,"billing_code_modifier":[""],"providers":[{"billed_charge":12.00,"npi":[1659339711,1962481820]}]}]}]},{"name":"GROUP PSYCHOTHERAPY","billing_code_type":"CPT","billing_code_type_version":"2020","billing_code":"90853","description":"GROUP PSYCHOTHERAPY","allowed_amounts":[{"tin":{"type":"ein","value":"464135300"},"service_code":["11"],"billing_class":"professional","payments":[{"allowed_amount":262.50,"billing_code_modifier":[""],"providers":[{"billed_charge":375.00,"npi":[1497258057,1649499757,1649969643,1750657482,1972901080]}]}]}]},{"name":"PSYCHOTHERAPY W\/PATIENT 60 MINUTES","billing_code_type":"CPT","billing_code_type_version":"2020","billing_code":"90837","description":"PSYCHOTHERAPY W\/PATIENT 60 MINUTES","allowed_amounts":[{"tin":{"type":"ein","value":"464135300"},"service_code":["11"],"billing_class":"professional","payments":[{"allowed_amount":280.00,"billing_code_modifier":[""],"providers":[{"billed_charge":400.00,"npi":[1396099941,1649499757,1649969643,1750657482,1972901080]}]}]}]},{"name":"THERAPEUTIC PX 1\/> AREAS EACH 15 MIN EXERCISES","billing_code_type":"CPT","billing_code_type_version":"2020","billing_code":"97110","description":"THERAPEUTIC PX 1\/> AREAS EACH 15 MIN EXERCISES","allowed_amounts":[{"tin":{"type":"ein","value":"462608418"},"service_code":["11"],"billing_class":"professional","payments":[{"allowed_amount":55.98,"billing_code_modifier":[""],"providers":[{"billed_charge":180.00,"npi":[1114461852,1922664846]}]}]}]}]}
