{"reporting_entity_name": "IEC Group_DBA AmeriBen",
	"reporting_entity_type": "Third Party Administrator",
	"plan_name": "SWAGELOK",
	"plan_id_type": "ein",
	"plan_id": "340688825",
	"plan_market_type": "group",
	"last_updated_on": "2024-04-01","Version": "1.0.0","out_of_network":[{"name":"CHIROPRACTIC MANIPULATIVE TX SPINAL 1-2 REGIONS","billing_code_type":"CPT","billing_code_type_version":"2020","billing_code":"98940","description":"CHIROPRACTIC MANIPULATIVE TX SPINAL 1-2 REGIONS","allowed_amounts":[{"tin":{"type":"ein","value":"263474404"},"service_code":["11"],"billing_class":"professional","payments":[{"allowed_amount":14.30,"billing_code_modifier":[""],"providers":[{"billed_charge":54.00,"npi":[1386880342,1811460298]}]}]},{"tin":{"type":"ein","value":"311557753"},"service_code":["11"],"billing_class":"professional","payments":[{"allowed_amount":14.30,"billing_code_modifier":[""],"providers":[{"billed_charge":79.00,"npi":[1225130503,1619947694]}]}]},{"tin":{"type":"ein","value":"352168253"},"service_code":["11"],"billing_class":"professional","payments":[{"allowed_amount":14.30,"billing_code_modifier":[""],"providers":[{"billed_charge":45.00,"npi":[1154507010,1497715320]}]}]},{"tin":{"type":"ein","value":"753193190"},"service_code":["11"],"billing_class":"professional","payments":[{"allowed_amount":14.30,"billing_code_modifier":[""],"providers":[{"billed_charge":80.00,"npi":[1073667416,1730233180]}]}]}]},{"name":"CHIROPRACTIC MANIPULATIVE TX SPINAL 3-4 REGIONS","billing_code_type":"CPT","billing_code_type_version":"2020","billing_code":"98941","description":"CHIROPRACTIC MANIPULATIVE TX SPINAL 3-4 REGIONS","allowed_amounts":[{"tin":{"type":"ein","value":"311557753"},"service_code":["11"],"billing_class":"professional","payments":[{"allowed_amount":19.79,"billing_code_modifier":[""],"providers":[{"billed_charge":79.00,"npi":[1225130503,1619947694]}]}]},{"tin":{"type":"ein","value":"341292394"},"service_code":["11"],"billing_class":"professional","payments":[{"allowed_amount":19.79,"billing_code_modifier":[""],"providers":[{"billed_charge":35.00,"npi":[1194084582,1962454678]}]}]},{"tin":{"type":"ein","value":"341737573"},"service_code":["11"],"billing_class":"professional","payments":[{"allowed_amount":19.79,"billing_code_modifier":[""],"providers":[{"billed_charge":46.00,"npi":[1063767697,1851335541]}]}]},{"tin":{"type":"ein","value":"341883685"},"service_code":["11"],"billing_class":"professional","payments":[{"allowed_amount":19.79,"billing_code_modifier":[""],"providers":[{"billed_charge":60.00,"npi":[1902941313,1982728077]}]}]}]},{"name":"RESIDENTIAL TREATMENT-PSYCHIATRIC","billing_code_type":"RC","billing_code_type_version":"UB04","billing_code":"1001","description":"RESIDENTIAL TREATMENT-PSYCHIATRIC","allowed_amounts":[{"tin":{"type":"ein","value":"922593646"},"service_code":["21"],"billing_class":"institutional","payments":[{"allowed_amount":1501.00,"billing_code_modifier":[""],"providers":[{"billed_charge":5000.00,"npi":[1679272686]}]}]}]}]}
