{"reporting_entity_name": "IEC Group_DBA AmeriBen",
	"reporting_entity_type": "Third Party Administrator",
	"plan_name": "WORTHINGTON ENTERPRISES",
	"plan_id_type": "ein",
	"plan_id": "311189815",
	"plan_market_type": "group",
	"last_updated_on": "2024-06-01","Version": "1.0.0","out_of_network":[{"name":"ADAPT BHV TX PRTCL MODIFICAJ PHYS\/QHP EA 15 MIN","billing_code_type":"CPT","billing_code_type_version":"2020","billing_code":"97155","description":"ADAPT BHV TX PRTCL MODIFICAJ PHYS\/QHP EA 15 MIN","allowed_amounts":[{"tin":{"type":"ein","value":"832232525"},"service_code":["02","10","12"],"billing_class":"professional","payments":[{"allowed_amount":1035.91,"billing_code_modifier":[""],"providers":[{"billed_charge":1218.72,"npi":[1043780695,1295148146,1629526108,1689446783]}]}]}]},{"name":"ADAPTIVE BEHAVIOR TX BY PROTOCOL TECH EA 15 MIN","billing_code_type":"CPT","billing_code_type_version":"2020","billing_code":"97153","description":"ADAPTIVE BEHAVIOR TX BY PROTOCOL TECH EA 15 MIN","allowed_amounts":[{"tin":{"type":"ein","value":"832232525"},"service_code":["12"],"billing_class":"professional","payments":[{"allowed_amount":803.25,"billing_code_modifier":[""],"providers":[{"billed_charge":945.00,"npi":[1043780695,1295148146,1578840682,1629526108,1689446783]}]}]}]},{"name":"CCPD OPD\/HOME: CCPD COMP OR OTHER RATE","billing_code_type":"RC","billing_code_type_version":"UB04","billing_code":"0851","description":"CCPD OPD\/HOME: CCPD COMP OR OTHER RATE","allowed_amounts":[{"tin":{"type":"ein","value":"450985042"},"service_code":["65"],"billing_class":"institutional","payments":[{"allowed_amount":308.61,"billing_code_modifier":[""],"providers":[{"billed_charge":3374.00,"npi":[1053689216,1396959755]}]}]},{"tin":{"type":"ein","value":"450985042"},"service_code":["65"],"billing_class":"institutional","payments":[{"allowed_amount":345.45,"billing_code_modifier":[""],"providers":[{"billed_charge":3374.00,"npi":[1053689216,1396959755]},{"billed_charge":3543.00,"npi":[1053689216,1982662078]}]},{"allowed_amount":345.45,"billing_code_modifier":[""],"providers":[{"billed_charge":3374.00,"npi":[1053689216,1396959755]},{"billed_charge":3543.00,"npi":[1053689216,1982662078]}]}]},{"tin":{"type":"ein","value":"450985042"},"service_code":["65"],"billing_class":"institutional","payments":[{"allowed_amount":345.45,"billing_code_modifier":[""],"providers":[{"billed_charge":3374.00,"npi":[1053689216,1396959755]},{"billed_charge":3543.00,"npi":[1053689216,1982662078]}]},{"allowed_amount":345.45,"billing_code_modifier":[""],"providers":[{"billed_charge":3374.00,"npi":[1053689216,1396959755]},{"billed_charge":3543.00,"npi":[1053689216,1982662078]}]}]}]},{"name":"ELECTRICAL STIMULATOR SUPPLIES 2 LEAD PER MONTH","billing_code_type":"HCPCS","billing_code_type_version":"HCPCS LEVEL II 2021","billing_code":"A4595","description":"ELECTRICAL STIMULATOR SUPPLIES 2 LEAD PER MONTH","allowed_amounts":[{"tin":{"type":"ein","value":"841451963"},"service_code":["12"],"billing_class":"professional","payments":[{"allowed_amount":163.49,"billing_code_modifier":[""],"providers":[{"billed_charge":217.98,"npi":[1215249529,1568451847,1598390148,1770511552,1922529080]}]}]}]},{"name":"LABORATORY - CLINICAL DIAGNOSTIC","billing_code_type":"RC","billing_code_type_version":"UB04","billing_code":"0300","description":"LABORATORY - CLINICAL DIAGNOSTIC","allowed_amounts":[{"tin":{"type":"ein","value":"833735225"},"service_code":["22"],"billing_class":"institutional","payments":[{"allowed_amount":27.83,"billing_code_modifier":[""],"providers":[{"billed_charge":1129.00,"npi":[1245228717,1780243394]}]}]}]},{"name":"PSYCHIATRIC\/PSYCHOLOGICAL SVCS: PARTIAL HOSP - LES","billing_code_type":"RC","billing_code_type_version":"UB04","billing_code":"0912","description":"PSYCHIATRIC\/PSYCHOLOGICAL SVCS: PARTIAL HOSP - LES","allowed_amounts":[{"tin":{"type":"ein","value":"821451591"},"service_code":["22"],"billing_class":"institutional","payments":[{"allowed_amount":900.00,"billing_code_modifier":[""],"providers":[{"billed_charge":3495.00,"npi":[1437785490]}]}]}]},{"name":"PSYCHIATRIC\/PSYCHOLOGICAL TRT: INTENSIVE OUT SERV","billing_code_type":"RC","billing_code_type_version":"UB04","billing_code":"0906","description":"PSYCHIATRIC\/PSYCHOLOGICAL TRT: INTENSIVE OUT SERV","allowed_amounts":[{"tin":{"type":"ein","value":"821451591"},"service_code":["22"],"billing_class":"institutional","payments":[{"allowed_amount":290.00,"billing_code_modifier":[""],"providers":[{"billed_charge":2495.00,"npi":[1437785490]}]}]}]},{"name":"PSYCHOTHERAPY W\/PATIENT 60 MINUTES","billing_code_type":"CPT","billing_code_type_version":"2020","billing_code":"90837","description":"PSYCHOTHERAPY W\/PATIENT 60 MINUTES","allowed_amounts":[{"tin":{"type":"ein","value":"341536574"},"service_code":["11"],"billing_class":"professional","payments":[{"allowed_amount":80.54,"billing_code_modifier":[""],"providers":[{"billed_charge":180.00,"npi":[1033288501,1568056281,1639816929]}]}]},{"tin":{"type":"ein","value":"341751703"},"service_code":["50"],"billing_class":"professional","payments":[{"allowed_amount":80.54,"billing_code_modifier":[""],"providers":[{"billed_charge":168.00,"npi":[1336687482,1881983344]}]}]},{"tin":{"type":"ein","value":"862736466"},"service_code":["11"],"billing_class":"professional","payments":[{"allowed_amount":80.54,"billing_code_modifier":[""],"providers":[{"billed_charge":120.00,"npi":[1457898546]}]}]}]}]}
