{"reporting_entity_name": "IEC Group_DBA AmeriBen",
	"reporting_entity_type": "Third Party Administrator",
	"plan_name": "NEWELL BRANDS",
	"plan_id_type": "ein",
	"plan_id": "361953130",
	"plan_market_type": "group",
	"last_updated_on": "2023-10-01","Version": "1.0.0","out_of_network":[{"name":"ASSAY OF TOTAL ESTRADIOL","billing_code_type":"CPT","billing_code_type_version":"2020","billing_code":"82670","description":"ASSAY OF TOTAL ESTRADIOL","allowed_amounts":[{"tin":{"type":"ein","value":"650036850"},"service_code":["81"],"billing_class":"professional","payments":[{"allowed_amount":33.53,"billing_code_modifier":[""],"providers":[{"billed_charge":185.00,"npi":[1013354042,1154486405,1205000676,1922007947]}]}]},{"tin":{"type":"ein","value":"810576059"},"service_code":["81"],"billing_class":"professional","payments":[{"allowed_amount":33.53,"billing_code_modifier":[""],"providers":[{"billed_charge":117.12,"npi":[1205273091,1235186800]}]}]}]},{"name":"BLOOD COUNT COMPLETE AUTO&AUTO DIFRNTL WBC","billing_code_type":"CPT","billing_code_type_version":"2020","billing_code":"85025","description":"BLOOD COUNT COMPLETE AUTO&AUTO DIFRNTL WBC","allowed_amounts":[{"tin":{"type":"ein","value":"161387862"},"service_code":["81"],"billing_class":"professional","payments":[{"allowed_amount":9.32,"billing_code_modifier":[""],"providers":[{"billed_charge":45.50,"npi":[1558595066,1932145778]}]}]},{"tin":{"type":"ein","value":"232933949"},"service_code":["81"],"billing_class":"professional","payments":[{"allowed_amount":9.32,"billing_code_modifier":[""],"providers":[{"billed_charge":45.50,"npi":[1619040284,1992111421]}]}]},{"tin":{"type":"ein","value":"382084239"},"service_code":["81"],"billing_class":"professional","payments":[{"allowed_amount":9.32,"billing_code_modifier":[""],"providers":[{"billed_charge":35.00,"npi":[1124154323,1699434241]},{"billed_charge":45.50,"npi":[1326081647,1437146552,1497751366,1518903350,1851597397,1891731626,1932166386]}]},{"allowed_amount":9.32,"billing_code_modifier":[""],"providers":[{"billed_charge":35.00,"npi":[1124154323,1699434241]},{"billed_charge":45.50,"npi":[1326081647,1437146552,1497751366,1518903350,1851597397,1891731626,1932166386]}]}]},{"tin":{"type":"ein","value":"382084239"},"service_code":["81"],"billing_class":"professional","payments":[{"allowed_amount":9.32,"billing_code_modifier":[""],"providers":[{"billed_charge":35.00,"npi":[1124154323,1699434241]},{"billed_charge":45.50,"npi":[1326081647,1437146552,1497751366,1518903350,1851597397,1891731626,1932166386]}]},{"allowed_amount":9.32,"billing_code_modifier":[""],"providers":[{"billed_charge":35.00,"npi":[1124154323,1699434241]},{"billed_charge":45.50,"npi":[1326081647,1437146552,1497751366,1518903350,1851597397,1891731626,1932166386]}]}]},{"tin":{"type":"ein","value":"621585063"},"service_code":["11"],"billing_class":"professional","payments":[{"allowed_amount":9.32,"billing_code_modifier":[""],"providers":[{"billed_charge":19.00,"npi":[1750932778]}]}]},{"tin":{"type":"ein","value":"810576059"},"service_code":["81"],"billing_class":"professional","payments":[{"allowed_amount":9.32,"billing_code_modifier":[""],"providers":[{"billed_charge":15.54,"npi":[1144814310,1235186800,1467658393,1528013943]}]}]},{"tin":{"type":"ein","value":"821623492"},"service_code":["81"],"billing_class":"professional","payments":[{"allowed_amount":9.32,"billing_code_modifier":[""],"providers":[{"billed_charge":75.00,"npi":[1669990701]}]}]},{"tin":{"type":"ein","value":"840611484"},"service_code":["81"],"billing_class":"professional","payments":[{"allowed_amount":9.32,"billing_code_modifier":[""],"providers":[{"billed_charge":39.25,"npi":[1255314704,1902808678]},{"billed_charge":39.90,"npi":[1427336759,1659352276]},{"billed_charge":41.33,"npi":[1255314704,1962499319]}]},{"allowed_amount":9.32,"billing_code_modifier":[""],"providers":[{"billed_charge":39.25,"npi":[1255314704,1902808678]},{"billed_charge":39.90,"npi":[1427336759,1659352276]},{"billed_charge":41.33,"npi":[1255314704,1962499319]}]},{"allowed_amount":9.32,"billing_code_modifier":[""],"providers":[{"billed_charge":39.25,"npi":[1255314704,1902808678]},{"billed_charge":39.90,"npi":[1427336759,1659352276]},{"billed_charge":41.33,"npi":[1255314704,1962499319]}]}]},{"tin":{"type":"ein","value":"840611484"},"service_code":["81"],"billing_class":"professional","payments":[{"allowed_amount":9.32,"billing_code_modifier":[""],"providers":[{"billed_charge":39.25,"npi":[1255314704,1902808678]},{"billed_charge":39.90,"npi":[1427336759,1659352276]},{"billed_charge":41.33,"npi":[1255314704,1962499319]}]},{"allowed_amount":9.32,"billing_code_modifier":[""],"providers":[{"billed_charge":39.25,"npi":[1255314704,1902808678]},{"billed_charge":39.90,"npi":[1427336759,1659352276]},{"billed_charge":41.33,"npi":[1255314704,1962499319]}]},{"allowed_amount":9.32,"billing_code_modifier":[""],"providers":[{"billed_charge":39.25,"npi":[1255314704,1902808678]},{"billed_charge":39.90,"npi":[1427336759,1659352276]},{"billed_charge":41.33,"npi":[1255314704,1962499319]}]}]},{"tin":{"type":"ein","value":"840611484"},"service_code":["81"],"billing_class":"professional","payments":[{"allowed_amount":9.32,"billing_code_modifier":[""],"providers":[{"billed_charge":39.25,"npi":[1255314704,1902808678]},{"billed_charge":39.90,"npi":[1427336759,1659352276]},{"billed_charge":41.33,"npi":[1255314704,1962499319]}]},{"allowed_amount":9.32,"billing_code_modifier":[""],"providers":[{"billed_charge":39.25,"npi":[1255314704,1902808678]},{"billed_charge":39.90,"npi":[1427336759,1659352276]},{"billed_charge":41.33,"npi":[1255314704,1962499319]}]},{"allowed_amount":9.32,"billing_code_modifier":[""],"providers":[{"billed_charge":39.25,"npi":[1255314704,1902808678]},{"billed_charge":39.90,"npi":[1427336759,1659352276]},{"billed_charge":41.33,"npi":[1255314704,1962499319]}]}]}]},{"name":"CCPD OPD\/HOME: CCPD COMP OR OTHER RATE","billing_code_type":"RC","billing_code_type_version":"UB04","billing_code":"0851","description":"CCPD OPD\/HOME: CCPD COMP OR OTHER RATE","allowed_amounts":[{"tin":{"type":"ein","value":"452722878"},"service_code":["65"],"billing_class":"institutional","payments":[{"allowed_amount":265.70,"billing_code_modifier":[""],"providers":[{"billed_charge":3374.00,"npi":[1225300056,1760593693]}]}]},{"tin":{"type":"ein","value":"452722878"},"service_code":["65"],"billing_class":"institutional","payments":[{"allowed_amount":272.68,"billing_code_modifier":[""],"providers":[{"billed_charge":3374.00,"npi":[1225300056,1760593693]}]}]},{"tin":{"type":"ein","value":"452722878"},"service_code":["65"],"billing_class":"institutional","payments":[{"allowed_amount":316.07,"billing_code_modifier":[""],"providers":[{"billed_charge":3374.00,"npi":[1225300056,1760593693]}]}]},{"tin":{"type":"ein","value":"461501694"},"service_code":["65"],"billing_class":"institutional","payments":[{"allowed_amount":333.71,"billing_code_modifier":[""],"providers":[{"billed_charge":3374.00,"npi":[1275870503,1417919796]}]}]}]},{"name":"COMPREHENSIVE METABOLIC PANEL","billing_code_type":"CPT","billing_code_type_version":"2020","billing_code":"80053","description":"COMPREHENSIVE METABOLIC PANEL","allowed_amounts":[{"tin":{"type":"ein","value":"161387862"},"service_code":["81"],"billing_class":"professional","payments":[{"allowed_amount":12.67,"billing_code_modifier":[""],"providers":[{"billed_charge":88.07,"npi":[1558595066,1932145778]}]}]},{"tin":{"type":"ein","value":"208833340"},"service_code":["81"],"billing_class":"professional","payments":[{"allowed_amount":12.67,"billing_code_modifier":[""],"providers":[{"billed_charge":17.00,"npi":[1326003849,1922259753]}]}]},{"tin":{"type":"ein","value":"382084239"},"service_code":["81"],"billing_class":"professional","payments":[{"allowed_amount":12.67,"billing_code_modifier":[""],"providers":[{"billed_charge":35.00,"npi":[1124154323,1699434241]},{"billed_charge":81.36,"npi":[1124154323,1699434241]},{"billed_charge":88.07,"npi":[1134336332,1437199965,1497751366,1851597397,1932166386]}]},{"allowed_amount":12.67,"billing_code_modifier":[""],"providers":[{"billed_charge":35.00,"npi":[1124154323,1699434241]},{"billed_charge":81.36,"npi":[1124154323,1699434241]},{"billed_charge":88.07,"npi":[1134336332,1437199965,1497751366,1851597397,1932166386]}]},{"allowed_amount":12.67,"billing_code_modifier":[""],"providers":[{"billed_charge":35.00,"npi":[1124154323,1699434241]},{"billed_charge":81.36,"npi":[1124154323,1699434241]},{"billed_charge":88.07,"npi":[1134336332,1437199965,1497751366,1851597397,1932166386]}]}]},{"tin":{"type":"ein","value":"382084239"},"service_code":["81"],"billing_class":"professional","payments":[{"allowed_amount":12.67,"billing_code_modifier":[""],"providers":[{"billed_charge":35.00,"npi":[1124154323,1699434241]},{"billed_charge":81.36,"npi":[1124154323,1699434241]},{"billed_charge":88.07,"npi":[1134336332,1437199965,1497751366,1851597397,1932166386]}]},{"allowed_amount":12.67,"billing_code_modifier":[""],"providers":[{"billed_charge":35.00,"npi":[1124154323,1699434241]},{"billed_charge":81.36,"npi":[1124154323,1699434241]},{"billed_charge":88.07,"npi":[1134336332,1437199965,1497751366,1851597397,1932166386]}]},{"allowed_amount":12.67,"billing_code_modifier":[""],"providers":[{"billed_charge":35.00,"npi":[1124154323,1699434241]},{"billed_charge":81.36,"npi":[1124154323,1699434241]},{"billed_charge":88.07,"npi":[1134336332,1437199965,1497751366,1851597397,1932166386]}]}]},{"tin":{"type":"ein","value":"382084239"},"service_code":["81"],"billing_class":"professional","payments":[{"allowed_amount":12.67,"billing_code_modifier":[""],"providers":[{"billed_charge":35.00,"npi":[1124154323,1699434241]},{"billed_charge":81.36,"npi":[1124154323,1699434241]},{"billed_charge":88.07,"npi":[1134336332,1437199965,1497751366,1851597397,1932166386]}]},{"allowed_amount":12.67,"billing_code_modifier":[""],"providers":[{"billed_charge":35.00,"npi":[1124154323,1699434241]},{"billed_charge":81.36,"npi":[1124154323,1699434241]},{"billed_charge":88.07,"npi":[1134336332,1437199965,1497751366,1851597397,1932166386]}]},{"allowed_amount":12.67,"billing_code_modifier":[""],"providers":[{"billed_charge":35.00,"npi":[1124154323,1699434241]},{"billed_charge":81.36,"npi":[1124154323,1699434241]},{"billed_charge":88.07,"npi":[1134336332,1437199965,1497751366,1851597397,1932166386]}]}]},{"tin":{"type":"ein","value":"621585063"},"service_code":["11"],"billing_class":"professional","payments":[{"allowed_amount":12.67,"billing_code_modifier":[""],"providers":[{"billed_charge":21.00,"npi":[1750932778]}]}]},{"tin":{"type":"ein","value":"810576059"},"service_code":["81"],"billing_class":"professional","payments":[{"allowed_amount":12.67,"billing_code_modifier":[""],"providers":[{"billed_charge":21.12,"npi":[1144814310,1235186800,1467658393,1528013943]}]}]},{"tin":{"type":"ein","value":"821623492"},"service_code":["81"],"billing_class":"professional","payments":[{"allowed_amount":12.67,"billing_code_modifier":[""],"providers":[{"billed_charge":80.00,"npi":[1669990701]}]}]},{"tin":{"type":"ein","value":"840611484"},"service_code":["81"],"billing_class":"professional","payments":[{"allowed_amount":12.67,"billing_code_modifier":[""],"providers":[{"billed_charge":51.25,"npi":[1255314704,1902808678]},{"billed_charge":51.45,"npi":[1427336759,1659352276]}]},{"allowed_amount":12.67,"billing_code_modifier":[""],"providers":[{"billed_charge":51.25,"npi":[1255314704,1902808678]},{"billed_charge":51.45,"npi":[1427336759,1659352276]}]}]},{"tin":{"type":"ein","value":"840611484"},"service_code":["81"],"billing_class":"professional","payments":[{"allowed_amount":12.67,"billing_code_modifier":[""],"providers":[{"billed_charge":51.25,"npi":[1255314704,1902808678]},{"billed_charge":51.45,"npi":[1427336759,1659352276]}]},{"allowed_amount":12.67,"billing_code_modifier":[""],"providers":[{"billed_charge":51.25,"npi":[1255314704,1902808678]},{"billed_charge":51.45,"npi":[1427336759,1659352276]}]}]}]},{"name":"COVID-19 LAB TEST NON-CDC HTT","billing_code_type":"HCPCS","billing_code_type_version":"HCPCS LEVEL II 2021","billing_code":"U0004","description":"COVID-19 LAB TEST NON-CDC HTT","allowed_amounts":[{"tin":{"type":"ein","value":"465330784"},"service_code":["81"],"billing_class":"professional","payments":[{"allowed_amount":90.00,"billing_code_modifier":[""],"providers":[{"billed_charge":125.00,"npi":[1336646686,1881868511,1932586427]}]}]},{"tin":{"type":"ein","value":"473588569"},"service_code":["81"],"billing_class":"professional","payments":[{"allowed_amount":90.00,"billing_code_modifier":[""],"providers":[{"billed_charge":225.00,"npi":[1164412771,1982091617]}]}]},{"tin":{"type":"ein","value":"813546703"},"service_code":["81"],"billing_class":"professional","payments":[{"allowed_amount":90.00,"billing_code_modifier":[""],"providers":[{"billed_charge":150.00,"npi":[1033655303,1467559435]}]}]},{"tin":{"type":"ein","value":"820888370"},"service_code":["81"],"billing_class":"professional","payments":[{"allowed_amount":90.00,"billing_code_modifier":[""],"providers":[{"billed_charge":250.00,"npi":[1487135448]}]}]},{"tin":{"type":"ein","value":"831342609"},"service_code":["81"],"billing_class":"professional","payments":[{"allowed_amount":90.00,"billing_code_modifier":[""],"providers":[{"billed_charge":350.00,"npi":[1053541581,1073101028,1487815387]}]}]},{"tin":{"type":"ein","value":"841905194"},"service_code":["81"],"billing_class":"professional","payments":[{"allowed_amount":90.00,"billing_code_modifier":[""],"providers":[{"billed_charge":120.00,"npi":[1386240786,1891733374]}]}]},{"tin":{"type":"ein","value":"845066720"},"service_code":["81"],"billing_class":"professional","payments":[{"allowed_amount":90.00,"billing_code_modifier":[""],"providers":[{"billed_charge":220.00,"npi":[1316573827]}]}]}]},{"name":"CRITICAL CARE ILL\/INJURED PATIENT INIT 30-74 MIN","billing_code_type":"CPT","billing_code_type_version":"2020","billing_code":"99291","description":"CRITICAL CARE ILL\/INJURED PATIENT INIT 30-74 MIN","allowed_amounts":[{"tin":{"type":"ein","value":"260355424"},"service_code":["02"],"billing_class":"professional","payments":[{"allowed_amount":302.42,"billing_code_modifier":[""],"providers":[{"billed_charge":546.00,"npi":[1417914474,1972633410,1972732378]}]}]}]},{"name":"DRUG TST PRSMV INSTRMNT CHEM ANALYZERS PR DATE","billing_code_type":"CPT","billing_code_type_version":"2020","billing_code":"80307","description":"DRUG TST PRSMV INSTRMNT CHEM ANALYZERS PR DATE","allowed_amounts":[{"tin":{"type":"ein","value":"161387862"},"service_code":["81"],"billing_class":"professional","payments":[{"allowed_amount":74.57,"billing_code_modifier":[""],"providers":[{"billed_charge":103.00,"npi":[1558595066,1811997711,1932145778]}]}]},{"tin":{"type":"ein","value":"201236503"},"service_code":["81"],"billing_class":"professional","payments":[{"allowed_amount":74.57,"billing_code_modifier":[""],"providers":[{"billed_charge":2110.80,"npi":[1225110497,1659694404]}]}]},{"tin":{"type":"ein","value":"465405739"},"service_code":["81"],"billing_class":"professional","payments":[{"allowed_amount":74.57,"billing_code_modifier":[""],"providers":[{"billed_charge":75.00,"npi":[1083018295,1720138696]}]}]},{"tin":{"type":"ein","value":"822704194"},"service_code":["81"],"billing_class":"professional","payments":[{"allowed_amount":74.57,"billing_code_modifier":[""],"providers":[{"billed_charge":93.00,"npi":[1568822401,1841798667]}]}]},{"tin":{"type":"ein","value":"823146637"},"service_code":["57","81"],"billing_class":"professional","payments":[{"allowed_amount":74.57,"billing_code_modifier":[""],"providers":[{"billed_charge":186.42,"npi":[1669453262,1861994600]}]}]}]},{"name":"DRUGS REQUIRE SPECIFIC ID: DRUGS REQUIRING DETAIL","billing_code_type":"RC","billing_code_type_version":"UB04","billing_code":"0636","description":"DRUGS REQUIRE SPECIFIC ID: DRUGS REQUIRING DETAIL","allowed_amounts":[{"tin":{"type":"ein","value":"043085674"},"service_code":["65"],"billing_class":"institutional","payments":[{"allowed_amount":23.90,"billing_code_modifier":[""],"providers":[{"billed_charge":736.65,"npi":[1508341363,1871887182]}]}]},{"tin":{"type":"ein","value":"043085674"},"service_code":["65"],"billing_class":"institutional","payments":[{"allowed_amount":24.06,"billing_code_modifier":[""],"providers":[{"billed_charge":736.65,"npi":[1508341363,1871887182]}]}]},{"tin":{"type":"ein","value":"043110360"},"service_code":["65"],"billing_class":"institutional","payments":[{"allowed_amount":6.19,"billing_code_modifier":[""],"providers":[{"billed_charge":189.25,"npi":[1356459275,1669587523]}]}]}]},{"name":"EMERGENCY DEPARTMENT VISIT MODERATE MDM","billing_code_type":"CPT","billing_code_type_version":"2020","billing_code":"99284","description":"EMERGENCY DEPARTMENT VISIT MODERATE MDM","allowed_amounts":[{"tin":{"type":"ein","value":"753002004"},"service_code":["23"],"billing_class":"professional","payments":[{"allowed_amount":123.77,"billing_code_modifier":[""],"providers":[{"billed_charge":1085.64,"npi":[1265471148,1396765681]}]}]}]},{"name":"HEMO OPD\/HOME: HEMODIALYSIS COMP OR OTHER RATE","billing_code_type":"RC","billing_code_type_version":"UB04","billing_code":"0821","description":"HEMO OPD\/HOME: HEMODIALYSIS COMP OR OTHER RATE","allowed_amounts":[{"tin":{"type":"ein","value":"043085674"},"service_code":["65"],"billing_class":"institutional","payments":[{"allowed_amount":272.93,"billing_code_modifier":[""],"providers":[{"billed_charge":8411.43,"npi":[1508341363,1871887182]}]}]},{"tin":{"type":"ein","value":"043085674"},"service_code":["65"],"billing_class":"institutional","payments":[{"allowed_amount":274.74,"billing_code_modifier":[""],"providers":[{"billed_charge":8411.43,"npi":[1508341363,1871887182]}]}]},{"tin":{"type":"ein","value":"043110360"},"service_code":["65"],"billing_class":"institutional","payments":[{"allowed_amount":249.98,"billing_code_modifier":[""],"providers":[{"billed_charge":8411.43,"npi":[1356459275,1669587523]}]}]},{"tin":{"type":"ein","value":"043110360"},"service_code":["65"],"billing_class":"institutional","payments":[{"allowed_amount":262.89,"billing_code_modifier":[""],"providers":[{"billed_charge":8411.43,"npi":[1356459275,1669587523]}]}]},{"tin":{"type":"ein","value":"043110360"},"service_code":["65"],"billing_class":"institutional","payments":[{"allowed_amount":274.89,"billing_code_modifier":[""],"providers":[{"billed_charge":8411.43,"npi":[1356459275,1669587523]}]}]},{"tin":{"type":"ein","value":"452958889"},"service_code":["65"],"billing_class":"institutional","payments":[{"allowed_amount":220.58,"billing_code_modifier":[""],"providers":[{"billed_charge":8010.89,"npi":[1053697144,1134126436]}]}]},{"tin":{"type":"ein","value":"621727146"},"service_code":["65"],"billing_class":"institutional","payments":[{"allowed_amount":266.33,"billing_code_modifier":[""],"providers":[{"billed_charge":8411.43,"npi":[1275645095,1407848104]}]}]},{"tin":{"type":"ein","value":"621727146"},"service_code":["65"],"billing_class":"institutional","payments":[{"allowed_amount":292.35,"billing_code_modifier":[""],"providers":[{"billed_charge":8411.43,"npi":[1275645095,1407848104]}]}]},{"tin":{"type":"ein","value":"621851694"},"service_code":["65"],"billing_class":"institutional","payments":[{"allowed_amount":265.79,"billing_code_modifier":[""],"providers":[{"billed_charge":8411.43,"npi":[1194834903,1205801644]}]}]},{"tin":{"type":"ein","value":"621851694"},"service_code":["65"],"billing_class":"institutional","payments":[{"allowed_amount":277.39,"billing_code_modifier":[""],"providers":[{"billed_charge":8411.43,"npi":[1194834903,1205801644]}]}]}]},{"name":"HEMOGLOBIN GLYCOSYLATED A1C","billing_code_type":"CPT","billing_code_type_version":"2020","billing_code":"83036","description":"HEMOGLOBIN GLYCOSYLATED A1C","allowed_amounts":[{"tin":{"type":"ein","value":"112981029"},"service_code":["81"],"billing_class":"professional","payments":[{"allowed_amount":11.65,"billing_code_modifier":[""],"providers":[{"billed_charge":23.50,"npi":[1376587113,1720322209]}]}]},{"tin":{"type":"ein","value":"208833340"},"service_code":["81"],"billing_class":"professional","payments":[{"allowed_amount":11.65,"billing_code_modifier":[""],"providers":[{"billed_charge":16.00,"npi":[1326003849,1922259753]}]}]},{"tin":{"type":"ein","value":"382084239"},"service_code":["81"],"billing_class":"professional","payments":[{"allowed_amount":11.65,"billing_code_modifier":[""],"providers":[{"billed_charge":25.00,"npi":[1699434241,1760477202]},{"billed_charge":74.25,"npi":[1760477202,1932166386]}]},{"allowed_amount":11.65,"billing_code_modifier":[""],"providers":[{"billed_charge":25.00,"npi":[1699434241,1760477202]},{"billed_charge":74.25,"npi":[1760477202,1932166386]}]}]},{"tin":{"type":"ein","value":"382084239"},"service_code":["81"],"billing_class":"professional","payments":[{"allowed_amount":11.65,"billing_code_modifier":[""],"providers":[{"billed_charge":25.00,"npi":[1699434241,1760477202]},{"billed_charge":74.25,"npi":[1760477202,1932166386]}]},{"allowed_amount":11.65,"billing_code_modifier":[""],"providers":[{"billed_charge":25.00,"npi":[1699434241,1760477202]},{"billed_charge":74.25,"npi":[1760477202,1932166386]}]}]},{"tin":{"type":"ein","value":"810576059"},"service_code":["81"],"billing_class":"professional","payments":[{"allowed_amount":11.65,"billing_code_modifier":[""],"providers":[{"billed_charge":40.68,"npi":[1144781980,1144814310,1235186800,1326400995,1528013943,1528474988,1720077225]}]}]},{"tin":{"type":"ein","value":"840611484"},"service_code":["81"],"billing_class":"professional","payments":[{"allowed_amount":11.65,"billing_code_modifier":[""],"providers":[{"billed_charge":66.25,"npi":[1255314704,1902808678]}]}]}]},{"name":"IADNA NOS AMPLIFIED PROBE TQ EACH ORGANISM","billing_code_type":"CPT","billing_code_type_version":"2020","billing_code":"87798","description":"IADNA NOS AMPLIFIED PROBE TQ EACH ORGANISM","allowed_amounts":[{"tin":{"type":"ein","value":"223510467"},"service_code":["81"],"billing_class":"professional","payments":[{"allowed_amount":42.11,"billing_code_modifier":[""],"providers":[{"billed_charge":130.00,"npi":[1750373908,1982883807]}]}]},{"tin":{"type":"ein","value":"561565047"},"service_code":["81"],"billing_class":"professional","payments":[{"allowed_amount":42.11,"billing_code_modifier":[""],"providers":[{"billed_charge":60.22,"npi":[1073591822,1114091345,1144380148]}]}]},{"tin":{"type":"ein","value":"621433252"},"service_code":["81"],"billing_class":"professional","payments":[{"allowed_amount":42.11,"billing_code_modifier":[""],"providers":[{"billed_charge":43.86,"npi":[1003114257,1689639544]}]}]}]},{"name":"INFEC AGEN DETEC AMPLI PROBE","billing_code_type":"HCPCS","billing_code_type_version":"HCPCS LEVEL II 2021","billing_code":"U0005","description":"INFEC AGEN DETEC AMPLI PROBE","allowed_amounts":[{"tin":{"type":"ein","value":"030511037"},"service_code":["81"],"billing_class":"professional","payments":[{"allowed_amount":30.00,"billing_code_modifier":[""],"providers":[{"billed_charge":125.00,"npi":[1790234839,1821110453]}]}]},{"tin":{"type":"ein","value":"133934292"},"service_code":["81"],"billing_class":"professional","payments":[{"allowed_amount":30.00,"billing_code_modifier":[""],"providers":[{"billed_charge":100.00,"npi":[1134316441,1215053962,1942873484]}]}]},{"tin":{"type":"ein","value":"201236503"},"service_code":["81"],"billing_class":"professional","payments":[{"allowed_amount":30.00,"billing_code_modifier":[""],"providers":[{"billed_charge":50.00,"npi":[1114903465,1225110497]}]}]},{"tin":{"type":"ein","value":"264001006"},"service_code":["11"],"billing_class":"professional","payments":[{"allowed_amount":30.00,"billing_code_modifier":[""],"providers":[{"billed_charge":65.00,"npi":[1134452329,1659461101]}]}]},{"tin":{"type":"ein","value":"454333998"},"service_code":["81"],"billing_class":"professional","payments":[{"allowed_amount":30.00,"billing_code_modifier":[""],"providers":[{"billed_charge":75.00,"npi":[1851726731]}]}]},{"tin":{"type":"ein","value":"463663879"},"service_code":["81"],"billing_class":"professional","payments":[{"allowed_amount":30.00,"billing_code_modifier":[""],"providers":[{"billed_charge":50.00,"npi":[1386206068,1760897755]}]}]},{"tin":{"type":"ein","value":"465330784"},"service_code":["81"],"billing_class":"professional","payments":[{"allowed_amount":30.00,"billing_code_modifier":[""],"providers":[{"billed_charge":75.00,"npi":[1881868511,1932586427]}]}]},{"tin":{"type":"ein","value":"472462178"},"service_code":["81"],"billing_class":"professional","payments":[{"allowed_amount":30.00,"billing_code_modifier":[""],"providers":[{"billed_charge":50.00,"npi":[1144731605,1639311509,1962018374]}]}]},{"tin":{"type":"ein","value":"473588569"},"service_code":["81"],"billing_class":"professional","payments":[{"allowed_amount":30.00,"billing_code_modifier":[""],"providers":[{"billed_charge":75.00,"npi":[1164412771,1982091617]}]}]},{"tin":{"type":"ein","value":"621433252"},"service_code":["81"],"billing_class":"professional","payments":[{"allowed_amount":30.00,"billing_code_modifier":[""],"providers":[{"billed_charge":31.25,"npi":[1255755450,1417238007,1689639544]}]}]},{"tin":{"type":"ein","value":"813546703"},"service_code":["81"],"billing_class":"professional","payments":[{"allowed_amount":30.00,"billing_code_modifier":[""],"providers":[{"billed_charge":50.00,"npi":[1033655303,1467559435]}]}]},{"tin":{"type":"ein","value":"820888370"},"service_code":["81"],"billing_class":"professional","payments":[{"allowed_amount":30.00,"billing_code_modifier":[""],"providers":[{"billed_charge":50.00,"npi":[1487135448]}]}]},{"tin":{"type":"ein","value":"831342609"},"service_code":["81"],"billing_class":"professional","payments":[{"allowed_amount":30.00,"billing_code_modifier":[""],"providers":[{"billed_charge":100.00,"npi":[1053541581,1073101028,1487815387]}]}]},{"tin":{"type":"ein","value":"841905194"},"service_code":["81"],"billing_class":"professional","payments":[{"allowed_amount":30.00,"billing_code_modifier":[""],"providers":[{"billed_charge":40.00,"npi":[1386240786,1891733374]}]}]},{"tin":{"type":"ein","value":"845066720"},"service_code":["81"],"billing_class":"professional","payments":[{"allowed_amount":30.00,"billing_code_modifier":[""],"providers":[{"billed_charge":50.00,"npi":[1316573827]}]}]},{"tin":{"type":"ein","value":"852364612"},"service_code":["81"],"billing_class":"professional","payments":[{"allowed_amount":30.00,"billing_code_modifier":[""],"providers":[{"billed_charge":75.00,"npi":[1740685387,1790386746]}]}]},{"tin":{"type":"ein","value":"852981413"},"service_code":["81"],"billing_class":"professional","payments":[{"allowed_amount":30.00,"billing_code_modifier":[""],"providers":[{"billed_charge":35.00,"npi":[1114455367,1295323053]}]}]},{"tin":{"type":"ein","value":"872642408"},"service_code":["81"],"billing_class":"professional","payments":[{"allowed_amount":30.00,"billing_code_modifier":[""],"providers":[{"billed_charge":75.00,"npi":[1154089241,1326062597]}]}]}]},{"name":"LIPID PANEL","billing_code_type":"CPT","billing_code_type_version":"2020","billing_code":"80061","description":"LIPID PANEL","allowed_amounts":[{"tin":{"type":"ein","value":"112981029"},"service_code":["81"],"billing_class":"professional","payments":[{"allowed_amount":16.07,"billing_code_modifier":[""],"providers":[{"billed_charge":37.50,"npi":[1376587113,1720322209]}]}]},{"tin":{"type":"ein","value":"133757370"},"service_code":["81"],"billing_class":"professional","payments":[{"allowed_amount":16.07,"billing_code_modifier":[""],"providers":[{"billed_charge":98.00,"npi":[1295726032,1689001315]},{"billed_charge":102.90,"npi":[1295726032,1982756235]}]},{"allowed_amount":16.07,"billing_code_modifier":[""],"providers":[{"billed_charge":98.00,"npi":[1295726032,1689001315]},{"billed_charge":102.90,"npi":[1295726032,1982756235]}]}]},{"tin":{"type":"ein","value":"133757370"},"service_code":["81"],"billing_class":"professional","payments":[{"allowed_amount":16.07,"billing_code_modifier":[""],"providers":[{"billed_charge":98.00,"npi":[1295726032,1689001315]},{"billed_charge":102.90,"npi":[1295726032,1982756235]}]},{"allowed_amount":16.07,"billing_code_modifier":[""],"providers":[{"billed_charge":98.00,"npi":[1295726032,1689001315]},{"billed_charge":102.90,"npi":[1295726032,1982756235]}]}]},{"tin":{"type":"ein","value":"208833340"},"service_code":["81"],"billing_class":"professional","payments":[{"allowed_amount":16.07,"billing_code_modifier":[""],"providers":[{"billed_charge":31.00,"npi":[1326003849,1922259753]}]}]},{"tin":{"type":"ein","value":"223137283"},"service_code":["81"],"billing_class":"professional","payments":[{"allowed_amount":16.07,"billing_code_modifier":[""],"providers":[{"billed_charge":148.10,"npi":[1083909238,1841236684]}]}]},{"tin":{"type":"ein","value":"382084239"},"service_code":["81"],"billing_class":"professional","payments":[{"allowed_amount":16.07,"billing_code_modifier":[""],"providers":[{"billed_charge":30.00,"npi":[1699434241,1760477202]},{"billed_charge":148.10,"npi":[1497712939,1760477202,1932166386]}]},{"allowed_amount":16.07,"billing_code_modifier":[""],"providers":[{"billed_charge":30.00,"npi":[1699434241,1760477202]},{"billed_charge":148.10,"npi":[1497712939,1760477202,1932166386]}]}]},{"tin":{"type":"ein","value":"382084239"},"service_code":["81"],"billing_class":"professional","payments":[{"allowed_amount":16.07,"billing_code_modifier":[""],"providers":[{"billed_charge":30.00,"npi":[1699434241,1760477202]},{"billed_charge":148.10,"npi":[1497712939,1760477202,1932166386]}]},{"allowed_amount":16.07,"billing_code_modifier":[""],"providers":[{"billed_charge":30.00,"npi":[1699434241,1760477202]},{"billed_charge":148.10,"npi":[1497712939,1760477202,1932166386]}]}]},{"tin":{"type":"ein","value":"810576059"},"service_code":["81"],"billing_class":"professional","payments":[{"allowed_amount":16.07,"billing_code_modifier":[""],"providers":[{"billed_charge":56.16,"npi":[1144781980,1144814310,1164699435,1235186800,1467658393,1528013943,1528474988,1720077225]}]}]},{"tin":{"type":"ein","value":"840611484"},"service_code":["81"],"billing_class":"professional","payments":[{"allowed_amount":16.07,"billing_code_modifier":[""],"providers":[{"billed_charge":61.25,"npi":[1255314704,1902808678]}]}]}]},{"name":"MANUAL THERAPY TQS 1\/> REGIONS EACH 15 MINUTES","billing_code_type":"CPT","billing_code_type_version":"2020","billing_code":"97140","description":"MANUAL THERAPY TQS 1\/> REGIONS EACH 15 MINUTES","allowed_amounts":[{"tin":{"type":"ein","value":"832176065"},"service_code":["11"],"billing_class":"professional","payments":[{"allowed_amount":36.72,"billing_code_modifier":[""],"providers":[{"billed_charge":165.00,"npi":[1669913323,1902424120]}]}]}]},{"name":"MEDICAL\/SURGICAL SUPPLIES","billing_code_type":"RC","billing_code_type_version":"UB04","billing_code":"0270","description":"MEDICAL\/SURGICAL SUPPLIES","allowed_amounts":[{"tin":{"type":"ein","value":"043085674"},"service_code":["65"],"billing_class":"institutional","payments":[{"allowed_amount":4.61,"billing_code_modifier":[""],"providers":[{"billed_charge":142.00,"npi":[1508341363,1871887182]}]}]},{"tin":{"type":"ein","value":"043085674"},"service_code":["65"],"billing_class":"institutional","payments":[{"allowed_amount":4.64,"billing_code_modifier":[""],"providers":[{"billed_charge":142.00,"npi":[1508341363,1871887182]}]}]},{"tin":{"type":"ein","value":"043110360"},"service_code":["65"],"billing_class":"institutional","payments":[{"allowed_amount":4.64,"billing_code_modifier":[""],"providers":[{"billed_charge":142.00,"npi":[1356459275,1669587523]}]}]},{"tin":{"type":"ein","value":"621851694"},"service_code":["65"],"billing_class":"institutional","payments":[{"allowed_amount":4.48,"billing_code_modifier":[""],"providers":[{"billed_charge":142.00,"npi":[1194834903,1205801644]}]}]},{"tin":{"type":"ein","value":"621851694"},"service_code":["65"],"billing_class":"institutional","payments":[{"allowed_amount":4.68,"billing_code_modifier":[""],"providers":[{"billed_charge":142.00,"npi":[1194834903,1205801644]}]}]}]},{"name":"PHARMACY","billing_code_type":"RC","billing_code_type_version":"UB04","billing_code":"0250","description":"PHARMACY","allowed_amounts":[{"tin":{"type":"ein","value":"043085674"},"service_code":["65"],"billing_class":"institutional","payments":[{"allowed_amount":1.71,"billing_code_modifier":[""],"providers":[{"billed_charge":52.90,"npi":[1508341363,1871887182]}]}]},{"tin":{"type":"ein","value":"043085674"},"service_code":["65"],"billing_class":"institutional","payments":[{"allowed_amount":1.72,"billing_code_modifier":[""],"providers":[{"billed_charge":52.90,"npi":[1508341363,1871887182]}]}]},{"tin":{"type":"ein","value":"043085674"},"service_code":["65"],"billing_class":"institutional","payments":[{"allowed_amount":9.20,"billing_code_modifier":[""],"providers":[{"billed_charge":283.70,"npi":[1508341363,1871887182]}]}]},{"tin":{"type":"ein","value":"043085674"},"service_code":["65"],"billing_class":"institutional","payments":[{"allowed_amount":9.27,"billing_code_modifier":[""],"providers":[{"billed_charge":283.70,"npi":[1508341363,1871887182]}]}]},{"tin":{"type":"ein","value":"452958889"},"service_code":["65"],"billing_class":"institutional","payments":[{"allowed_amount":1.63,"billing_code_modifier":[""],"providers":[{"billed_charge":59.16,"npi":[1053697144,1134126436]}]}]},{"tin":{"type":"ein","value":"621851694"},"service_code":["65"],"billing_class":"institutional","payments":[{"allowed_amount":2.99,"billing_code_modifier":[""],"providers":[{"billed_charge":94.57,"npi":[1194834903,1205801644]}]}]}]},{"name":"PNEUMA COMPRESOR NON-SEGMENT","billing_code_type":"HCPCS","billing_code_type_version":"HCPCS LEVEL II 2021","billing_code":"E0650","description":"PNEUMA COMPRESOR NON-SEGMENT","allowed_amounts":[{"tin":{"type":"ein","value":"851366859"},"service_code":["12"],"billing_class":"professional","payments":[{"allowed_amount":127.45,"billing_code_modifier":[""],"providers":[{"billed_charge":241.00,"npi":[1184232613]}]}]}]},{"name":"PNEUMATIC COMPRESSION DEVICE","billing_code_type":"HCPCS","billing_code_type_version":"HCPCS LEVEL II 2021","billing_code":"E0675","description":"PNEUMATIC COMPRESSION DEVICE","allowed_amounts":[{"tin":{"type":"ein","value":"851366859"},"service_code":["12"],"billing_class":"professional","payments":[{"allowed_amount":250.00,"billing_code_modifier":[""],"providers":[{"billed_charge":250.00,"npi":[1184232613]}]}]}]},{"name":"PSYCHIATRIC\/PSYCHOLOGICAL SVCS: PARTIAL HOSP - LES","billing_code_type":"RC","billing_code_type_version":"UB04","billing_code":"0912","description":"PSYCHIATRIC\/PSYCHOLOGICAL SVCS: PARTIAL HOSP - LES","allowed_amounts":[{"tin":{"type":"ein","value":"843769065"},"service_code":["22"],"billing_class":"institutional","payments":[{"allowed_amount":650.49,"billing_code_modifier":[""],"providers":[{"billed_charge":3450.00,"npi":[1699302356]}]}]}]},{"name":"PSYCHIATRIC\/PSYCHOLOGICAL TRT: INTENSIVE OUTPATIEN","billing_code_type":"RC","billing_code_type_version":"UB04","billing_code":"0905","description":"PSYCHIATRIC\/PSYCHOLOGICAL TRT: INTENSIVE OUTPATIEN","allowed_amounts":[{"tin":{"type":"ein","value":"821881756"},"service_code":["22"],"billing_class":"institutional","payments":[{"allowed_amount":2189.44,"billing_code_modifier":[""],"providers":[{"billed_charge":2925.00,"npi":[1669453262,1891216511]}]}]}]},{"name":"PSYCHOTHERAPY W\/PATIENT 45 MINUTES","billing_code_type":"CPT","billing_code_type_version":"2020","billing_code":"90834","description":"PSYCHOTHERAPY W\/PATIENT 45 MINUTES","allowed_amounts":[{"tin":{"type":"ein","value":"142389366"},"service_code":["11"],"billing_class":"professional","payments":[{"allowed_amount":129.20,"billing_code_modifier":[""],"providers":[{"billed_charge":350.00,"npi":[1437268349]}]}]},{"tin":{"type":"ein","value":"463707169"},"service_code":["11"],"billing_class":"professional","payments":[{"allowed_amount":129.20,"billing_code_modifier":[""],"providers":[{"billed_charge":250.00,"npi":[1134561970]}]}]}]},{"name":"PSYCHOTHERAPY W\/PATIENT 60 MINUTES","billing_code_type":"CPT","billing_code_type_version":"2020","billing_code":"90837","description":"PSYCHOTHERAPY W\/PATIENT 60 MINUTES","allowed_amounts":[{"tin":{"type":"ein","value":"853535294"},"service_code":["02","11"],"billing_class":"professional","payments":[{"allowed_amount":175.00,"billing_code_modifier":[""],"providers":[{"billed_charge":175.00,"npi":[1467503227]}]}]}]},{"name":"RESIDENTIAL TREATMENT-CHEMICAL DEPENDENCY","billing_code_type":"RC","billing_code_type_version":"UB04","billing_code":"1002","description":"RESIDENTIAL TREATMENT-CHEMICAL DEPENDENCY","allowed_amounts":[{"tin":{"type":"ein","value":"831606392"},"service_code":["21"],"billing_class":"institutional","payments":[{"allowed_amount":781.99,"billing_code_modifier":[""],"providers":[{"billed_charge":4015.00,"npi":[1750996971,1801825500]}]}]}]},{"name":"SARS-COV-2 COVID-19 AMP PRB HTT","billing_code_type":"HCPCS","billing_code_type_version":"HCPCS LEVEL II 2021","billing_code":"U0003","description":"SARS-COV-2 COVID-19 AMP PRB HTT","allowed_amounts":[{"tin":{"type":"ein","value":"030511037"},"service_code":["81"],"billing_class":"professional","payments":[{"allowed_amount":90.00,"billing_code_modifier":[""],"providers":[{"billed_charge":375.00,"npi":[1790234839,1821110453]}]}]},{"tin":{"type":"ein","value":"133934292"},"service_code":["81"],"billing_class":"professional","payments":[{"allowed_amount":90.00,"billing_code_modifier":[""],"providers":[{"billed_charge":300.00,"npi":[1134316441,1215053962,1942873484]}]}]},{"tin":{"type":"ein","value":"201236503"},"service_code":["81"],"billing_class":"professional","payments":[{"allowed_amount":90.00,"billing_code_modifier":[""],"providers":[{"billed_charge":150.00,"npi":[1114903465,1225110497]}]}]},{"tin":{"type":"ein","value":"264001006"},"service_code":["11"],"billing_class":"professional","payments":[{"allowed_amount":90.00,"billing_code_modifier":[""],"providers":[{"billed_charge":195.00,"npi":[1134452329,1659461101]}]}]},{"tin":{"type":"ein","value":"452989041"},"service_code":["81"],"billing_class":"professional","payments":[{"allowed_amount":90.00,"billing_code_modifier":[""],"providers":[{"billed_charge":100.00,"npi":[1790063030,1841715471,1922426451]}]}]},{"tin":{"type":"ein","value":"454333998"},"service_code":["81"],"billing_class":"professional","payments":[{"allowed_amount":90.00,"billing_code_modifier":[""],"providers":[{"billed_charge":300.00,"npi":[1851726731]}]}]},{"tin":{"type":"ein","value":"463663879"},"service_code":["81"],"billing_class":"professional","payments":[{"allowed_amount":90.00,"billing_code_modifier":[""],"providers":[{"billed_charge":150.00,"npi":[1386206068,1760897755]}]}]},{"tin":{"type":"ein","value":"472462178"},"service_code":["81"],"billing_class":"professional","payments":[{"allowed_amount":90.00,"billing_code_modifier":[""],"providers":[{"billed_charge":250.00,"npi":[1144731605,1639311509,1962018374]}]}]},{"tin":{"type":"ein","value":"473727159"},"service_code":["81"],"billing_class":"professional","payments":[{"allowed_amount":90.00,"billing_code_modifier":[""],"providers":[{"billed_charge":25.00,"npi":[1912521568]},{"billed_charge":125.00,"npi":[1255762365,1326605726,1528546652,1912521568]}]},{"allowed_amount":90.00,"billing_code_modifier":[""],"providers":[{"billed_charge":25.00,"npi":[1912521568]},{"billed_charge":125.00,"npi":[1255762365,1326605726,1528546652,1912521568]}]}]},{"tin":{"type":"ein","value":"473727159"},"service_code":["81"],"billing_class":"professional","payments":[{"allowed_amount":90.00,"billing_code_modifier":[""],"providers":[{"billed_charge":25.00,"npi":[1912521568]},{"billed_charge":125.00,"npi":[1255762365,1326605726,1528546652,1912521568]}]},{"allowed_amount":90.00,"billing_code_modifier":[""],"providers":[{"billed_charge":25.00,"npi":[1912521568]},{"billed_charge":125.00,"npi":[1255762365,1326605726,1528546652,1912521568]}]}]},{"tin":{"type":"ein","value":"621433252"},"service_code":["81"],"billing_class":"professional","payments":[{"allowed_amount":90.00,"billing_code_modifier":[""],"providers":[{"billed_charge":125.00,"npi":[1255755450,1417238007,1689639544]}]}]},{"tin":{"type":"ein","value":"841905194"},"service_code":["81"],"billing_class":"professional","payments":[{"allowed_amount":90.00,"billing_code_modifier":[""],"providers":[{"billed_charge":140.00,"npi":[1386240786,1891733374]}]}]},{"tin":{"type":"ein","value":"844089548"},"service_code":["81"],"billing_class":"professional","payments":[{"allowed_amount":90.00,"billing_code_modifier":[""],"providers":[{"billed_charge":150.00,"npi":[1831770130,1922043850]}]}]},{"tin":{"type":"ein","value":"852364612"},"service_code":["81"],"billing_class":"professional","payments":[{"allowed_amount":90.00,"billing_code_modifier":[""],"providers":[{"billed_charge":225.00,"npi":[1740685387,1790386746]}]}]},{"tin":{"type":"ein","value":"852981413"},"service_code":["81"],"billing_class":"professional","payments":[{"allowed_amount":90.00,"billing_code_modifier":[""],"providers":[{"billed_charge":115.00,"npi":[1114455367,1295323053]}]}]},{"tin":{"type":"ein","value":"872642408"},"service_code":["81"],"billing_class":"professional","payments":[{"allowed_amount":90.00,"billing_code_modifier":[""],"providers":[{"billed_charge":325.00,"npi":[1154089241,1326062597]}]}]}]},{"name":"SBSQ HOSPITAL IP\/OBS CARE HIGH MDM 50 MINUTES","billing_code_type":"CPT","billing_code_type_version":"2020","billing_code":"99233","description":"SBSQ HOSPITAL IP\/OBS CARE HIGH MDM 50 MINUTES","allowed_amounts":[{"tin":{"type":"ein","value":"813225897"},"service_code":["21"],"billing_class":"professional","payments":[{"allowed_amount":129.77,"billing_code_modifier":[""],"providers":[{"billed_charge":550.00,"npi":[1295288124,1316930118,1427440999,1629246038]}]}]}]},{"name":"SPEC COLL SNF\/LAB COVID-19","billing_code_type":"HCPCS","billing_code_type_version":"HCPCS LEVEL II 2021","billing_code":"G2024","description":"SPEC COLL SNF\/LAB COVID-19","allowed_amounts":[{"tin":{"type":"ein","value":"473588569"},"service_code":["81"],"billing_class":"professional","payments":[{"allowed_amount":30.55,"billing_code_modifier":[""],"providers":[{"billed_charge":76.38,"npi":[1164412771,1982091617]}]}]}]},{"name":"SPECIMEN COLLECT COVID-19","billing_code_type":"HCPCS","billing_code_type_version":"HCPCS LEVEL II 2021","billing_code":"G2023","description":"SPECIMEN COLLECT COVID-19","allowed_amounts":[{"tin":{"type":"ein","value":"030511037"},"service_code":["81"],"billing_class":"professional","payments":[{"allowed_amount":28.15,"billing_code_modifier":[""],"providers":[{"billed_charge":117.00,"npi":[1790234839,1821110453]}]}]},{"tin":{"type":"ein","value":"133934292"},"service_code":["81"],"billing_class":"professional","payments":[{"allowed_amount":28.15,"billing_code_modifier":[""],"providers":[{"billed_charge":50.00,"npi":[1134316441,1215053962,1942873484]}]}]},{"tin":{"type":"ein","value":"361924025"},"service_code":["81"],"billing_class":"professional","payments":[{"allowed_amount":28.15,"billing_code_modifier":[""],"providers":[{"billed_charge":28.99,"npi":[1376558270,1598714016]}]}]},{"tin":{"type":"ein","value":"454333998"},"service_code":["81"],"billing_class":"professional","payments":[{"allowed_amount":28.15,"billing_code_modifier":[""],"providers":[{"billed_charge":70.38,"npi":[1851726731]}]}]},{"tin":{"type":"ein","value":"831342609"},"service_code":["81"],"billing_class":"professional","payments":[{"allowed_amount":28.15,"billing_code_modifier":[""],"providers":[{"billed_charge":50.00,"npi":[1053541581,1073101028,1487815387]}]}]},{"tin":{"type":"ein","value":"841905194"},"service_code":["81"],"billing_class":"professional","payments":[{"allowed_amount":28.15,"billing_code_modifier":[""],"providers":[{"billed_charge":40.00,"npi":[1386240786,1891733374]}]}]},{"tin":{"type":"ein","value":"845066720"},"service_code":["81"],"billing_class":"professional","payments":[{"allowed_amount":28.15,"billing_code_modifier":[""],"providers":[{"billed_charge":100.00,"npi":[1316573827]}]}]},{"tin":{"type":"ein","value":"872642408"},"service_code":["81"],"billing_class":"professional","payments":[{"allowed_amount":28.15,"billing_code_modifier":[""],"providers":[{"billed_charge":75.00,"npi":[1154089241,1326062597]}]}]}]},{"name":"THER PX 1\/> AREAS EACH 15 MIN NEUROMUSC REEDUCA","billing_code_type":"CPT","billing_code_type_version":"2020","billing_code":"97112","description":"THER PX 1\/> AREAS EACH 15 MIN NEUROMUSC REEDUCA","allowed_amounts":[{"tin":{"type":"ein","value":"832176065"},"service_code":["11"],"billing_class":"professional","payments":[{"allowed_amount":45.90,"billing_code_modifier":[""],"providers":[{"billed_charge":195.00,"npi":[1669913323,1902424120]}]}]}]},{"name":"THERAPEUT ACTVITY DIRECT PT CONTACT EACH 15 MIN","billing_code_type":"CPT","billing_code_type_version":"2020","billing_code":"97530","description":"THERAPEUT ACTVITY DIRECT PT CONTACT EACH 15 MIN","allowed_amounts":[{"tin":{"type":"ein","value":"832176065"},"service_code":["11"],"billing_class":"professional","payments":[{"allowed_amount":51.08,"billing_code_modifier":[""],"providers":[{"billed_charge":190.00,"npi":[1669913323,1902424120]}]}]}]},{"name":"THERAPEUTIC PX 1\/> AREAS EACH 15 MIN EXERCISES","billing_code_type":"CPT","billing_code_type_version":"2020","billing_code":"97110","description":"THERAPEUTIC PX 1\/> AREAS EACH 15 MIN EXERCISES","allowed_amounts":[{"tin":{"type":"ein","value":"832176065"},"service_code":["11"],"billing_class":"professional","payments":[{"allowed_amount":39.96,"billing_code_modifier":[""],"providers":[{"billed_charge":193.00,"npi":[1669913323,1902424120]}]}]}]}]}
