{"reporting_entity_name": "IEC Group_DBA AmeriBen",
	"reporting_entity_type": "Third Party Administrator",
	"plan_name": "ED VOYLES AUTOMOTIVE GROUP",
	"plan_id_type": "ein",
	"plan_id": "550811815",
	"plan_market_type": "group",
	"last_updated_on": "2023-01-03","Version": "1.0.0","out_of_network":[{"name":"PHYSICAL THERAPY","billing_code_type":"RC","billing_code_type_version":"UB04","billing_code":"0420","description":"PHYSICAL THERAPY","allowed_amounts":[{"tin":{"type":"ein","value":"582032904"},"service_code":["22"],"billing_class":"institutional","payments":[{"allowed_amount":48.96,"billing_code_modifier":[""],"providers":[{"billed_charge":215.00,"npi":[1700853041]},{"billed_charge":226.00,"npi":[1700853041]}]},{"allowed_amount":48.96,"billing_code_modifier":[""],"providers":[{"billed_charge":215.00,"npi":[1700853041]},{"billed_charge":226.00,"npi":[1700853041]}]}]},{"tin":{"type":"ein","value":"582032904"},"service_code":["22"],"billing_class":"institutional","payments":[{"allowed_amount":48.96,"billing_code_modifier":[""],"providers":[{"billed_charge":215.00,"npi":[1700853041]},{"billed_charge":226.00,"npi":[1700853041]}]},{"allowed_amount":48.96,"billing_code_modifier":[""],"providers":[{"billed_charge":215.00,"npi":[1700853041]},{"billed_charge":226.00,"npi":[1700853041]}]}]}]},{"name":"PSYCHIATRIC\/PSYCHOLOGICAL SVCS: PARTIAL HOSP - INT","billing_code_type":"RC","billing_code_type_version":"UB04","billing_code":"0913","description":"PSYCHIATRIC\/PSYCHOLOGICAL SVCS: PARTIAL HOSP - INT","allowed_amounts":[{"tin":{"type":"ein","value":"472284401"},"service_code":["22"],"billing_class":"institutional","payments":[{"allowed_amount":463.28,"billing_code_modifier":[""],"providers":[{"billed_charge":3900.00,"npi":[1144626375,1982653135]}]}]}]}]}
