{"reporting_entity_name": "IEC Group_DBA AmeriBen",
	"reporting_entity_type": "Third Party Administrator",
	"plan_name": "ZELIS HEALTHCARE",
	"plan_id_type": "ein",
	"plan_id": "582167964",
	"plan_market_type": "group",
	"last_updated_on": "2025-06-02","Version": "1.0.0","out_of_network":[{"name":"ADAPTIVE BEHAVIOR TX BY PROTOCOL TECH EA 15 MIN","billing_code_type":"CPT","billing_code_type_version":"2020","billing_code":"97153","description":"ADAPTIVE BEHAVIOR TX BY PROTOCOL TECH EA 15 MIN","allowed_amounts":[{"tin":{"type":"ein","value":"262488659"},"service_code":["12","22","99"],"billing_class":"professional","payments":[{"allowed_amount":277.50,"billing_code_modifier":[""],"providers":[{"billed_charge":400.00,"npi":[1063993269,1093125429]}]}]}]},{"name":"DRUG TEST DEF 22+ CLASSES","billing_code_type":"HCPCS","billing_code_type_version":"HCPCS LEVEL II 2021","billing_code":"G0483","description":"DRUG TEST DEF 22+ CLASSES","allowed_amounts":[{"tin":{"type":"ein","value":"880241758"},"service_code":["81"],"billing_class":"professional","payments":[{"allowed_amount":0.00,"billing_code_modifier":[""],"providers":[{"billed_charge":926.00,"npi":[1386060507,1699782722]}]}]}]},{"name":"IADNA NOS AMPLIFIED PROBE TQ EACH ORGANISM","billing_code_type":"CPT","billing_code_type_version":"2020","billing_code":"87798","description":"IADNA NOS AMPLIFIED PROBE TQ EACH ORGANISM","allowed_amounts":[{"tin":{"type":"ein","value":"043740411"},"service_code":["81"],"billing_class":"professional","payments":[{"allowed_amount":24.56,"billing_code_modifier":[""],"providers":[{"billed_charge":87.73,"npi":[1063611598,1396858791]}]}]}]},{"name":"MANUAL THERAPY TQS 1\/> REGIONS EACH 15 MINUTES","billing_code_type":"CPT","billing_code_type_version":"2020","billing_code":"97140","description":"MANUAL THERAPY TQS 1\/> REGIONS EACH 15 MINUTES","allowed_amounts":[{"tin":{"type":"ein","value":"933829354"},"service_code":["11"],"billing_class":"professional","payments":[{"allowed_amount":15.41,"billing_code_modifier":[""],"providers":[{"billed_charge":150.00,"npi":[1245007665]}]}]}]},{"name":"PSYCHIATRIC\/PSYCHOLOGICAL TRT: INTENSIVE OUT SERV","billing_code_type":"RC","billing_code_type_version":"UB04","billing_code":"0906","description":"PSYCHIATRIC\/PSYCHOLOGICAL TRT: INTENSIVE OUT SERV","allowed_amounts":[{"tin":{"type":"ein","value":"823727468"},"service_code":["22"],"billing_class":"institutional","payments":[{"allowed_amount":2418.00,"billing_code_modifier":[""],"providers":[{"billed_charge":3400.00,"npi":[1306443650,1386060507]}]}]}]},{"name":"PSYCHOTHERAPY W\/PATIENT 60 MINUTES","billing_code_type":"CPT","billing_code_type_version":"2020","billing_code":"90837","description":"PSYCHOTHERAPY W\/PATIENT 60 MINUTES","allowed_amounts":[{"tin":{"type":"ein","value":"223711152"},"service_code":["11"],"billing_class":"professional","payments":[{"allowed_amount":200.00,"billing_code_modifier":[""],"providers":[{"billed_charge":350.00,"npi":[1134136344,1558344739]}]}]},{"tin":{"type":"ein","value":"834084306"},"service_code":["02"],"billing_class":"professional","payments":[{"allowed_amount":200.00,"billing_code_modifier":[""],"providers":[{"billed_charge":325.00,"npi":[1043783293,1912468844]},{"billed_charge":350.00,"npi":[1043783293,1912468844]}]},{"allowed_amount":200.00,"billing_code_modifier":[""],"providers":[{"billed_charge":325.00,"npi":[1043783293,1912468844]},{"billed_charge":350.00,"npi":[1043783293,1912468844]}]}]},{"tin":{"type":"ein","value":"834084306"},"service_code":["02"],"billing_class":"professional","payments":[{"allowed_amount":200.00,"billing_code_modifier":[""],"providers":[{"billed_charge":325.00,"npi":[1043783293,1912468844]},{"billed_charge":350.00,"npi":[1043783293,1912468844]}]},{"allowed_amount":200.00,"billing_code_modifier":[""],"providers":[{"billed_charge":325.00,"npi":[1043783293,1912468844]},{"billed_charge":350.00,"npi":[1043783293,1912468844]}]}]}]},{"name":"THER PX 1\/> AREAS EACH 15 MIN NEUROMUSC REEDUCA","billing_code_type":"CPT","billing_code_type_version":"2020","billing_code":"97112","description":"THER PX 1\/> AREAS EACH 15 MIN NEUROMUSC REEDUCA","allowed_amounts":[{"tin":{"type":"ein","value":"933829354"},"service_code":["11"],"billing_class":"professional","payments":[{"allowed_amount":36.27,"billing_code_modifier":[""],"providers":[{"billed_charge":400.00,"npi":[1245007665]}]}]}]},{"name":"THERAPEUT ACTVITY DIRECT PT CONTACT EACH 15 MIN","billing_code_type":"CPT","billing_code_type_version":"2020","billing_code":"97530","description":"THERAPEUT ACTVITY DIRECT PT CONTACT EACH 15 MIN","allowed_amounts":[{"tin":{"type":"ein","value":"870627188"},"service_code":["11"],"billing_class":"professional","payments":[{"allowed_amount":23.78,"billing_code_modifier":[""],"providers":[{"billed_charge":25.00,"npi":[1427262195,1558391169]}]}]},{"tin":{"type":"ein","value":"933829354"},"service_code":["11"],"billing_class":"professional","payments":[{"allowed_amount":45.69,"billing_code_modifier":[""],"providers":[{"billed_charge":400.00,"npi":[1245007665]}]}]}]},{"name":"THERAPEUTIC PX 1\/> AREAS EACH 15 MIN EXERCISES","billing_code_type":"CPT","billing_code_type_version":"2020","billing_code":"97110","description":"THERAPEUTIC PX 1\/> AREAS EACH 15 MIN EXERCISES","allowed_amounts":[{"tin":{"type":"ein","value":"933829354"},"service_code":["11"],"billing_class":"professional","payments":[{"allowed_amount":16.32,"billing_code_modifier":[""],"providers":[{"billed_charge":200.00,"npi":[1245007665]}]}]}]}]}
