{"reporting_entity_name": "IEC Group_DBA AmeriBen",
	"reporting_entity_type": "Third Party Administrator",
	"plan_name": "CASELLA WASTE SYSTEMS, INC.",
	"plan_id_type": "ein",
	"plan_id": "030338873",
	"plan_market_type": "group",
	"last_updated_on": "2025-06-01","Version": "1.0.0","out_of_network":[{"name":"DRUGS REQUIRE SPECIFIC ID: DRUGS REQUIRING DETAIL","billing_code_type":"RC","billing_code_type_version":"UB04","billing_code":"0636","description":"DRUGS REQUIRE SPECIFIC ID: DRUGS REQUIRING DETAIL","allowed_amounts":[{"tin":{"type":"ein","value":"822830112"},"service_code":["65"],"billing_class":"institutional","payments":[{"allowed_amount":7.97,"billing_code_modifier":[""],"providers":[{"billed_charge":153.00,"npi":[1578083648,1962744268]}]}]}]},{"name":"EMERGENCY DEPARTMENT VISIT MODERATE MDM","billing_code_type":"CPT","billing_code_type_version":"2020","billing_code":"99284","description":"EMERGENCY DEPARTMENT VISIT MODERATE MDM","allowed_amounts":[{"tin":{"type":"ein","value":"261569466"},"service_code":["23"],"billing_class":"professional","payments":[{"allowed_amount":0.00,"billing_code_modifier":[""],"providers":[{"billed_charge":1098.00,"npi":[1023240512,1205846235,1225770845,1265456503,1316394638,1477888055,1689763252,1699235879,1730287350,1730375403,1770540262,1831148030,1962557470,1982858999,1982889598]}]}]}]},{"name":"OTHER THERAPEUTIC SERV: DRUG REHAB","billing_code_type":"RC","billing_code_type_version":"UB04","billing_code":"0944","description":"OTHER THERAPEUTIC SERV: DRUG REHAB","allowed_amounts":[{"tin":{"type":"ein","value":"510278050"},"service_code":["22"],"billing_class":"institutional","payments":[{"allowed_amount":12.00,"billing_code_modifier":[""],"providers":[{"billed_charge":12.00,"npi":[1346320983,1790063378]}]}]}]},{"name":"PHARMACY","billing_code_type":"RC","billing_code_type_version":"UB04","billing_code":"0250","description":"PHARMACY","allowed_amounts":[{"tin":{"type":"ein","value":"232536597"},"service_code":["65"],"billing_class":"institutional","payments":[{"allowed_amount":0.03,"billing_code_modifier":[""],"providers":[{"billed_charge":0.68,"npi":[1326008756,1811160518]},{"billed_charge":0.70,"npi":[1326008756,1811160518]}]},{"allowed_amount":0.03,"billing_code_modifier":[""],"providers":[{"billed_charge":0.68,"npi":[1326008756,1811160518]},{"billed_charge":0.70,"npi":[1326008756,1811160518]}]}]},{"tin":{"type":"ein","value":"232536597"},"service_code":["65"],"billing_class":"institutional","payments":[{"allowed_amount":0.03,"billing_code_modifier":[""],"providers":[{"billed_charge":0.68,"npi":[1326008756,1811160518]},{"billed_charge":0.70,"npi":[1326008756,1811160518]}]},{"allowed_amount":0.03,"billing_code_modifier":[""],"providers":[{"billed_charge":0.68,"npi":[1326008756,1811160518]},{"billed_charge":0.70,"npi":[1326008756,1811160518]}]}]},{"tin":{"type":"ein","value":"232536597"},"service_code":["65"],"billing_class":"institutional","payments":[{"allowed_amount":0.04,"billing_code_modifier":[""],"providers":[{"billed_charge":0.68,"npi":[1326008756,1811160518]},{"billed_charge":0.70,"npi":[1326008756,1811160518]}]},{"allowed_amount":0.04,"billing_code_modifier":[""],"providers":[{"billed_charge":0.68,"npi":[1326008756,1811160518]},{"billed_charge":0.70,"npi":[1326008756,1811160518]}]}]},{"tin":{"type":"ein","value":"232536597"},"service_code":["65"],"billing_class":"institutional","payments":[{"allowed_amount":0.04,"billing_code_modifier":[""],"providers":[{"billed_charge":0.68,"npi":[1326008756,1811160518]},{"billed_charge":0.70,"npi":[1326008756,1811160518]}]},{"allowed_amount":0.04,"billing_code_modifier":[""],"providers":[{"billed_charge":0.68,"npi":[1326008756,1811160518]},{"billed_charge":0.70,"npi":[1326008756,1811160518]}]}]},{"tin":{"type":"ein","value":"232536597"},"service_code":["65"],"billing_class":"institutional","payments":[{"allowed_amount":0.05,"billing_code_modifier":[""],"providers":[{"billed_charge":0.70,"npi":[1326008756,1811160518]}]}]},{"tin":{"type":"ein","value":"232536597"},"service_code":["65"],"billing_class":"institutional","payments":[{"allowed_amount":0.09,"billing_code_modifier":[""],"providers":[{"billed_charge":1.84,"npi":[1326008756,1811160518]},{"billed_charge":1.88,"npi":[1326008756,1811160518]}]},{"allowed_amount":0.09,"billing_code_modifier":[""],"providers":[{"billed_charge":1.84,"npi":[1326008756,1811160518]},{"billed_charge":1.88,"npi":[1326008756,1811160518]}]}]},{"tin":{"type":"ein","value":"232536597"},"service_code":["65"],"billing_class":"institutional","payments":[{"allowed_amount":0.09,"billing_code_modifier":[""],"providers":[{"billed_charge":1.84,"npi":[1326008756,1811160518]},{"billed_charge":1.88,"npi":[1326008756,1811160518]}]},{"allowed_amount":0.09,"billing_code_modifier":[""],"providers":[{"billed_charge":1.84,"npi":[1326008756,1811160518]},{"billed_charge":1.88,"npi":[1326008756,1811160518]}]}]},{"tin":{"type":"ein","value":"232536597"},"service_code":["65"],"billing_class":"institutional","payments":[{"allowed_amount":0.10,"billing_code_modifier":[""],"providers":[{"billed_charge":1.84,"npi":[1326008756,1811160518]},{"billed_charge":1.88,"npi":[1326008756,1811160518]}]},{"allowed_amount":0.10,"billing_code_modifier":[""],"providers":[{"billed_charge":1.84,"npi":[1326008756,1811160518]},{"billed_charge":1.88,"npi":[1326008756,1811160518]}]}]},{"tin":{"type":"ein","value":"232536597"},"service_code":["65"],"billing_class":"institutional","payments":[{"allowed_amount":0.10,"billing_code_modifier":[""],"providers":[{"billed_charge":1.84,"npi":[1326008756,1811160518]},{"billed_charge":1.88,"npi":[1326008756,1811160518]}]},{"allowed_amount":0.10,"billing_code_modifier":[""],"providers":[{"billed_charge":1.84,"npi":[1326008756,1811160518]},{"billed_charge":1.88,"npi":[1326008756,1811160518]}]}]},{"tin":{"type":"ein","value":"232536597"},"service_code":["65"],"billing_class":"institutional","payments":[{"allowed_amount":0.11,"billing_code_modifier":[""],"providers":[{"billed_charge":1.84,"npi":[1326008756,1811160518]},{"billed_charge":1.88,"npi":[1326008756,1811160518]}]},{"allowed_amount":0.11,"billing_code_modifier":[""],"providers":[{"billed_charge":1.84,"npi":[1326008756,1811160518]},{"billed_charge":1.88,"npi":[1326008756,1811160518]}]}]},{"tin":{"type":"ein","value":"232536597"},"service_code":["65"],"billing_class":"institutional","payments":[{"allowed_amount":0.11,"billing_code_modifier":[""],"providers":[{"billed_charge":1.84,"npi":[1326008756,1811160518]},{"billed_charge":1.88,"npi":[1326008756,1811160518]}]},{"allowed_amount":0.11,"billing_code_modifier":[""],"providers":[{"billed_charge":1.84,"npi":[1326008756,1811160518]},{"billed_charge":1.88,"npi":[1326008756,1811160518]}]}]},{"tin":{"type":"ein","value":"822830112"},"service_code":["65"],"billing_class":"institutional","payments":[{"allowed_amount":0.03,"billing_code_modifier":[""],"providers":[{"billed_charge":0.68,"npi":[1578083648,1962744268]},{"billed_charge":0.70,"npi":[1578083648,1962744268]},{"billed_charge":0.94,"npi":[1578083648,1962744268]}]},{"allowed_amount":0.03,"billing_code_modifier":[""],"providers":[{"billed_charge":0.68,"npi":[1578083648,1962744268]},{"billed_charge":0.70,"npi":[1578083648,1962744268]},{"billed_charge":0.94,"npi":[1578083648,1962744268]}]},{"allowed_amount":0.03,"billing_code_modifier":[""],"providers":[{"billed_charge":0.68,"npi":[1578083648,1962744268]},{"billed_charge":0.70,"npi":[1578083648,1962744268]},{"billed_charge":0.94,"npi":[1578083648,1962744268]}]}]},{"tin":{"type":"ein","value":"822830112"},"service_code":["65"],"billing_class":"institutional","payments":[{"allowed_amount":0.03,"billing_code_modifier":[""],"providers":[{"billed_charge":0.68,"npi":[1578083648,1962744268]},{"billed_charge":0.70,"npi":[1578083648,1962744268]},{"billed_charge":0.94,"npi":[1578083648,1962744268]}]},{"allowed_amount":0.03,"billing_code_modifier":[""],"providers":[{"billed_charge":0.68,"npi":[1578083648,1962744268]},{"billed_charge":0.70,"npi":[1578083648,1962744268]},{"billed_charge":0.94,"npi":[1578083648,1962744268]}]},{"allowed_amount":0.03,"billing_code_modifier":[""],"providers":[{"billed_charge":0.68,"npi":[1578083648,1962744268]},{"billed_charge":0.70,"npi":[1578083648,1962744268]},{"billed_charge":0.94,"npi":[1578083648,1962744268]}]}]},{"tin":{"type":"ein","value":"822830112"},"service_code":["65"],"billing_class":"institutional","payments":[{"allowed_amount":0.03,"billing_code_modifier":[""],"providers":[{"billed_charge":0.68,"npi":[1578083648,1962744268]},{"billed_charge":0.70,"npi":[1578083648,1962744268]},{"billed_charge":0.94,"npi":[1578083648,1962744268]}]},{"allowed_amount":0.03,"billing_code_modifier":[""],"providers":[{"billed_charge":0.68,"npi":[1578083648,1962744268]},{"billed_charge":0.70,"npi":[1578083648,1962744268]},{"billed_charge":0.94,"npi":[1578083648,1962744268]}]},{"allowed_amount":0.03,"billing_code_modifier":[""],"providers":[{"billed_charge":0.68,"npi":[1578083648,1962744268]},{"billed_charge":0.70,"npi":[1578083648,1962744268]},{"billed_charge":0.94,"npi":[1578083648,1962744268]}]}]},{"tin":{"type":"ein","value":"822830112"},"service_code":["65"],"billing_class":"institutional","payments":[{"allowed_amount":0.04,"billing_code_modifier":[""],"providers":[{"billed_charge":0.68,"npi":[1578083648,1962744268]},{"billed_charge":0.70,"npi":[1578083648,1962744268]},{"billed_charge":0.92,"npi":[1578083648,1962744268]},{"billed_charge":0.94,"npi":[1578083648,1962744268]}]},{"allowed_amount":0.04,"billing_code_modifier":[""],"providers":[{"billed_charge":0.68,"npi":[1578083648,1962744268]},{"billed_charge":0.70,"npi":[1578083648,1962744268]},{"billed_charge":0.92,"npi":[1578083648,1962744268]},{"billed_charge":0.94,"npi":[1578083648,1962744268]}]},{"allowed_amount":0.04,"billing_code_modifier":[""],"providers":[{"billed_charge":0.68,"npi":[1578083648,1962744268]},{"billed_charge":0.70,"npi":[1578083648,1962744268]},{"billed_charge":0.92,"npi":[1578083648,1962744268]},{"billed_charge":0.94,"npi":[1578083648,1962744268]}]},{"allowed_amount":0.04,"billing_code_modifier":[""],"providers":[{"billed_charge":0.68,"npi":[1578083648,1962744268]},{"billed_charge":0.70,"npi":[1578083648,1962744268]},{"billed_charge":0.92,"npi":[1578083648,1962744268]},{"billed_charge":0.94,"npi":[1578083648,1962744268]}]}]},{"tin":{"type":"ein","value":"822830112"},"service_code":["65"],"billing_class":"institutional","payments":[{"allowed_amount":0.04,"billing_code_modifier":[""],"providers":[{"billed_charge":0.68,"npi":[1578083648,1962744268]},{"billed_charge":0.70,"npi":[1578083648,1962744268]},{"billed_charge":0.92,"npi":[1578083648,1962744268]},{"billed_charge":0.94,"npi":[1578083648,1962744268]}]},{"allowed_amount":0.04,"billing_code_modifier":[""],"providers":[{"billed_charge":0.68,"npi":[1578083648,1962744268]},{"billed_charge":0.70,"npi":[1578083648,1962744268]},{"billed_charge":0.92,"npi":[1578083648,1962744268]},{"billed_charge":0.94,"npi":[1578083648,1962744268]}]},{"allowed_amount":0.04,"billing_code_modifier":[""],"providers":[{"billed_charge":0.68,"npi":[1578083648,1962744268]},{"billed_charge":0.70,"npi":[1578083648,1962744268]},{"billed_charge":0.92,"npi":[1578083648,1962744268]},{"billed_charge":0.94,"npi":[1578083648,1962744268]}]},{"allowed_amount":0.04,"billing_code_modifier":[""],"providers":[{"billed_charge":0.68,"npi":[1578083648,1962744268]},{"billed_charge":0.70,"npi":[1578083648,1962744268]},{"billed_charge":0.92,"npi":[1578083648,1962744268]},{"billed_charge":0.94,"npi":[1578083648,1962744268]}]}]},{"tin":{"type":"ein","value":"822830112"},"service_code":["65"],"billing_class":"institutional","payments":[{"allowed_amount":0.04,"billing_code_modifier":[""],"providers":[{"billed_charge":0.68,"npi":[1578083648,1962744268]},{"billed_charge":0.70,"npi":[1578083648,1962744268]},{"billed_charge":0.92,"npi":[1578083648,1962744268]},{"billed_charge":0.94,"npi":[1578083648,1962744268]}]},{"allowed_amount":0.04,"billing_code_modifier":[""],"providers":[{"billed_charge":0.68,"npi":[1578083648,1962744268]},{"billed_charge":0.70,"npi":[1578083648,1962744268]},{"billed_charge":0.92,"npi":[1578083648,1962744268]},{"billed_charge":0.94,"npi":[1578083648,1962744268]}]},{"allowed_amount":0.04,"billing_code_modifier":[""],"providers":[{"billed_charge":0.68,"npi":[1578083648,1962744268]},{"billed_charge":0.70,"npi":[1578083648,1962744268]},{"billed_charge":0.92,"npi":[1578083648,1962744268]},{"billed_charge":0.94,"npi":[1578083648,1962744268]}]},{"allowed_amount":0.04,"billing_code_modifier":[""],"providers":[{"billed_charge":0.68,"npi":[1578083648,1962744268]},{"billed_charge":0.70,"npi":[1578083648,1962744268]},{"billed_charge":0.92,"npi":[1578083648,1962744268]},{"billed_charge":0.94,"npi":[1578083648,1962744268]}]}]},{"tin":{"type":"ein","value":"822830112"},"service_code":["65"],"billing_class":"institutional","payments":[{"allowed_amount":0.04,"billing_code_modifier":[""],"providers":[{"billed_charge":0.68,"npi":[1578083648,1962744268]},{"billed_charge":0.70,"npi":[1578083648,1962744268]},{"billed_charge":0.92,"npi":[1578083648,1962744268]},{"billed_charge":0.94,"npi":[1578083648,1962744268]}]},{"allowed_amount":0.04,"billing_code_modifier":[""],"providers":[{"billed_charge":0.68,"npi":[1578083648,1962744268]},{"billed_charge":0.70,"npi":[1578083648,1962744268]},{"billed_charge":0.92,"npi":[1578083648,1962744268]},{"billed_charge":0.94,"npi":[1578083648,1962744268]}]},{"allowed_amount":0.04,"billing_code_modifier":[""],"providers":[{"billed_charge":0.68,"npi":[1578083648,1962744268]},{"billed_charge":0.70,"npi":[1578083648,1962744268]},{"billed_charge":0.92,"npi":[1578083648,1962744268]},{"billed_charge":0.94,"npi":[1578083648,1962744268]}]},{"allowed_amount":0.04,"billing_code_modifier":[""],"providers":[{"billed_charge":0.68,"npi":[1578083648,1962744268]},{"billed_charge":0.70,"npi":[1578083648,1962744268]},{"billed_charge":0.92,"npi":[1578083648,1962744268]},{"billed_charge":0.94,"npi":[1578083648,1962744268]}]}]},{"tin":{"type":"ein","value":"822830112"},"service_code":["65"],"billing_class":"institutional","payments":[{"allowed_amount":0.05,"billing_code_modifier":[""],"providers":[{"billed_charge":0.92,"npi":[1578083648,1962744268]},{"billed_charge":0.94,"npi":[1578083648,1962744268]}]},{"allowed_amount":0.05,"billing_code_modifier":[""],"providers":[{"billed_charge":0.92,"npi":[1578083648,1962744268]},{"billed_charge":0.94,"npi":[1578083648,1962744268]}]}]},{"tin":{"type":"ein","value":"822830112"},"service_code":["65"],"billing_class":"institutional","payments":[{"allowed_amount":0.05,"billing_code_modifier":[""],"providers":[{"billed_charge":0.92,"npi":[1578083648,1962744268]},{"billed_charge":0.94,"npi":[1578083648,1962744268]}]},{"allowed_amount":0.05,"billing_code_modifier":[""],"providers":[{"billed_charge":0.92,"npi":[1578083648,1962744268]},{"billed_charge":0.94,"npi":[1578083648,1962744268]}]}]},{"tin":{"type":"ein","value":"822830112"},"service_code":["65"],"billing_class":"institutional","payments":[{"allowed_amount":0.09,"billing_code_modifier":[""],"providers":[{"billed_charge":1.84,"npi":[1578083648,1962744268]}]}]},{"tin":{"type":"ein","value":"822830112"},"service_code":["65"],"billing_class":"institutional","payments":[{"allowed_amount":0.10,"billing_code_modifier":[""],"providers":[{"billed_charge":1.84,"npi":[1578083648,1962744268]}]}]}]}]}
