{"reporting_entity_name": "IEC Group_DBA AmeriBen",
	"reporting_entity_type": "Third Party Administrator",
	"plan_name": "DELTA DENTAL OF WISCONSIN INC",
	"issuer_name": "IEC Group_DBA AmeriBen",
	"plan_sponsor_name": "DELTA DENTAL OF WISCONSIN INC",
	"plan_id_type": "ein",
	"plan_id": "396094742",
	"plan_market_type": "group",
	"last_updated_on": "2026-02-01","reporting_period": {
		"start_date": "2025-08-05",
		"end_date": "2025-11-03"
	},"version": "2.0.0","out_of_network":[{"name":"AMB SRVC ALS EMERG TRANSPORT LEVL 1","billing_code_type":"HCPCS","billing_code_type_version":"HCPCS LEVEL II 2021","billing_code":"A0427","description":"AMB SRVC ALS EMERG TRANSPORT LEVL 1","allowed_amounts":[{"tin":{"type":"ein","value":"237394803"},"service_code":["41"],"billing_class":"professional","setting":"outpatient","payments":[{"allowed_amount":550.00,"providers":[{"billed_charge":1700.00,"npi":[1073567848]}]}]},{"tin":{"type":"ein","value":"546001572"},"service_code":["41"],"billing_class":"professional","setting":"outpatient","payments":[{"allowed_amount":476.40,"providers":[{"billed_charge":548.00,"npi":[1255337697]}]}]},{"tin":{"type":"ein","value":"841478374"},"service_code":["41"],"billing_class":"professional","setting":"outpatient","payments":[{"allowed_amount":457.17,"providers":[{"billed_charge":1075.00,"npi":[1902886971]}]}]}]},{"name":"ANTINEUTROPHIL CYTOPLASMIC ANTB SCREEN EA ANTB","billing_code_type":"CPT","billing_code_type_version":"2020","billing_code":"86036","description":"ANTINEUTROPHIL CYTOPLASMIC ANTB SCREEN EA ANTB","allowed_amounts":[{"tin":{"type":"ein","value":"200434866"},"service_code":["81"],"billing_class":"professional","setting":"outpatient","payments":[{"allowed_amount":4.82,"providers":[{"billed_charge":60.25,"npi":[1245494517,1477500312]}]}]}]},{"name":"BETA 2 GLYCOPROTEIN I ANTIBODY EACH","billing_code_type":"CPT","billing_code_type_version":"2020","billing_code":"86146","description":"BETA 2 GLYCOPROTEIN I ANTIBODY EACH","allowed_amounts":[{"tin":{"type":"ein","value":"200434866"},"service_code":["81"],"billing_class":"professional","setting":"outpatient","payments":[{"allowed_amount":12.57,"providers":[{"billed_charge":127.25,"npi":[1245494517,1477500312]}]}]}]},{"name":"CARDIOLIPIN ANTIBODY EACH IG CLASS","billing_code_type":"CPT","billing_code_type_version":"2020","billing_code":"86147","description":"CARDIOLIPIN ANTIBODY EACH IG CLASS","allowed_amounts":[{"tin":{"type":"ein","value":"200434866"},"service_code":["81"],"billing_class":"professional","setting":"outpatient","payments":[{"allowed_amount":12.57,"providers":[{"billed_charge":127.25,"npi":[1245494517,1477500312]}]}]}]},{"name":"CHIROPRACTIC MANIPULATIVE TX SPINAL 1-2 REGIONS","billing_code_type":"CPT","billing_code_type_version":"2020","billing_code":"98940","description":"CHIROPRACTIC MANIPULATIVE TX SPINAL 1-2 REGIONS","allowed_amounts":[{"tin":{"type":"ein","value":"264082310"},"service_code":["11"],"billing_class":"professional","setting":"outpatient","payments":[{"allowed_amount":22.38,"providers":[{"billed_charge":55.00,"npi":[1154300010,1295012110]}]}]},{"tin":{"type":"ein","value":"391501106"},"service_code":["11"],"billing_class":"professional","setting":"outpatient","payments":[{"allowed_amount":22.38,"providers":[{"billed_charge":40.00,"npi":[1306903810]}]}]}]},{"name":"CHIROPRACTIC MANIPULATIVE TX SPINAL 3-4 REGIONS","billing_code_type":"CPT","billing_code_type_version":"2020","billing_code":"98941","description":"CHIROPRACTIC MANIPULATIVE TX SPINAL 3-4 REGIONS","allowed_amounts":[{"tin":{"type":"ein","value":"994044966"},"service_code":["11"],"billing_class":"professional","setting":"outpatient","payments":[{"allowed_amount":32.35,"providers":[{"billed_charge":71.00,"npi":[1689988495,1750815031]}]}]}]},{"name":"COLLECTION VENOUS BLOOD VENIPUNCTURE","billing_code_type":"CPT","billing_code_type_version":"2020","billing_code":"36415","description":"COLLECTION VENOUS BLOOD VENIPUNCTURE","allowed_amounts":[{"tin":{"type":"ein","value":"411861038"},"service_code":["11"],"billing_class":"professional","setting":"outpatient","payments":[{"allowed_amount":5.41,"providers":[{"billed_charge":31.50,"npi":[1124103932]}]}]}]},{"name":"CRITICAL CARE ILL\/INJURED PATIENT INIT 30-74 MIN","billing_code_type":"CPT","billing_code_type_version":"2020","billing_code":"99291","description":"CRITICAL CARE ILL\/INJURED PATIENT INIT 30-74 MIN","allowed_amounts":[{"tin":{"type":"ein","value":"384083619"},"service_code":["23"],"billing_class":"professional","setting":"outpatient","payments":[{"allowed_amount":308.97,"providers":[{"billed_charge":2913.00,"npi":[1215429600]}]}]}]},{"name":"EMERGENCY DEPARTMENT VISIT HIGH MDM","billing_code_type":"CPT","billing_code_type_version":"2020","billing_code":"99285","description":"EMERGENCY DEPARTMENT VISIT HIGH MDM","allowed_amounts":[{"tin":{"type":"ein","value":"352629268"},"service_code":["23"],"billing_class":"professional","setting":"outpatient","payments":[{"allowed_amount":273.28,"providers":[{"billed_charge":2263.00,"npi":[1205882396,1336631480]}]}]},{"tin":{"type":"ein","value":"384083619"},"service_code":["23"],"billing_class":"professional","setting":"outpatient","payments":[{"allowed_amount":203.68,"providers":[{"billed_charge":2194.00,"npi":[1215429600]}]}]},{"tin":{"type":"ein","value":"384083619"},"service_code":["23"],"billing_class":"professional","setting":"outpatient","payments":[{"allowed_amount":228.21,"providers":[{"billed_charge":2263.00,"npi":[1215429600,1619914785]}]}]},{"tin":{"type":"ein","value":"473207494"},"service_code":["23"],"billing_class":"professional","setting":"outpatient","payments":[{"allowed_amount":306.09,"providers":[{"billed_charge":1022.00,"npi":[1366835415,1497103238]}]}]}]},{"name":"EMERGENCY DEPARTMENT VISIT MODERATE MDM","billing_code_type":"CPT","billing_code_type_version":"2020","billing_code":"99284","description":"EMERGENCY DEPARTMENT VISIT MODERATE MDM","allowed_amounts":[{"tin":{"type":"ein","value":"384083619"},"service_code":["23"],"billing_class":"professional","setting":"outpatient","payments":[{"allowed_amount":0.00,"providers":[{"billed_charge":1487.00,"npi":[1215429600]}]}]},{"tin":{"type":"ein","value":"384083619"},"service_code":["23"],"billing_class":"professional","setting":"outpatient","payments":[{"allowed_amount":148.69,"providers":[{"billed_charge":1534.00,"npi":[1215429600,1962921239]}]}]}]},{"name":"EXTRACTABLE NUCLEAR ANTIGEN ANTIBODY ANY METHOD","billing_code_type":"CPT","billing_code_type_version":"2020","billing_code":"86235","description":"EXTRACTABLE NUCLEAR ANTIGEN ANTIBODY ANY METHOD","allowed_amounts":[{"tin":{"type":"ein","value":"200434866"},"service_code":["81"],"billing_class":"professional","setting":"outpatient","payments":[{"allowed_amount":62.02,"providers":[{"billed_charge":627.55,"npi":[1245494517,1477500312]}]}]}]},{"name":"EXTRACTION ERUPTED TOOTH OR EXPOSED ROOT","billing_code_type":"HCPCS","billing_code_type_version":"HCPCS LEVEL II 2021","billing_code":"D7140","description":"EXTRACTION ERUPTED TOOTH OR EXPOSED ROOT","allowed_amounts":[{"tin":{"type":"ein","value":"990732882"},"service_code":["11"],"billing_class":"professional","setting":"outpatient","payments":[{"allowed_amount":59.22,"providers":[{"billed_charge":210.00,"npi":[1396001483,1609634351]}]}]}]},{"name":"FLOW CYTOMETRY CELL SURF MARKER TECHL ONLY 1ST","billing_code_type":"CPT","billing_code_type_version":"2020","billing_code":"88184","description":"FLOW CYTOMETRY CELL SURF MARKER TECHL ONLY 1ST","allowed_amounts":[{"tin":{"type":"ein","value":"200434866"},"service_code":["81"],"billing_class":"professional","setting":"outpatient","payments":[{"allowed_amount":27.22,"providers":[{"billed_charge":440.40,"npi":[1245494517,1477500312]}]}]}]},{"name":"FLOW CYTOMETRY CELL SURF MARKER TECHL ONLY EA","billing_code_type":"CPT","billing_code_type_version":"2020","billing_code":"88185","description":"FLOW CYTOMETRY CELL SURF MARKER TECHL ONLY EA","allowed_amounts":[{"tin":{"type":"ein","value":"200434866"},"service_code":["81"],"billing_class":"professional","setting":"outpatient","payments":[{"allowed_amount":24.48,"providers":[{"billed_charge":282.90,"npi":[1245494517,1477500312]}]}]}]},{"name":"FLOW CYTOMETRY INTERPJ 2-8 MARKERS","billing_code_type":"CPT","billing_code_type_version":"2020","billing_code":"88187","description":"FLOW CYTOMETRY INTERPJ 2-8 MARKERS","allowed_amounts":[{"tin":{"type":"ein","value":"200434866"},"service_code":["81"],"billing_class":"professional","setting":"outpatient","payments":[{"allowed_amount":19.30,"providers":[{"billed_charge":200.00,"npi":[1245494517,1477500312]}]}]}]},{"name":"GONADOTROPIN CHORIONIC QUANTITATIVE","billing_code_type":"CPT","billing_code_type_version":"2020","billing_code":"84702","description":"GONADOTROPIN CHORIONIC QUANTITATIVE","allowed_amounts":[{"tin":{"type":"ein","value":"841433257"},"service_code":["22"],"billing_class":"professional","setting":"outpatient","payments":[{"allowed_amount":0.00,"providers":[{"billed_charge":21.00,"npi":[1225349525,1841749215]}]}]}]},{"name":"GRAFT BONE MANDIBLE","billing_code_type":"CPT","billing_code_type_version":"2020","billing_code":"21215","description":"GRAFT BONE MANDIBLE","allowed_amounts":[{"tin":{"type":"ein","value":"391193991"},"service_code":["11"],"billing_class":"professional","setting":"outpatient","payments":[{"allowed_amount":343.00,"providers":[{"billed_charge":343.00,"npi":[1073654992,1861525289,1992895031]}]}]}]},{"name":"GROUND MILEAGE","billing_code_type":"HCPCS","billing_code_type_version":"HCPCS LEVEL II 2021","billing_code":"A0425","description":"GROUND MILEAGE","allowed_amounts":[{"tin":{"type":"ein","value":"237394803"},"service_code":["41"],"billing_class":"professional","setting":"outpatient","payments":[{"allowed_amount":249.60,"providers":[{"billed_charge":702.00,"npi":[1073567848]}]}]},{"tin":{"type":"ein","value":"546001572"},"service_code":["41"],"billing_class":"professional","setting":"outpatient","payments":[{"allowed_amount":48.60,"providers":[{"billed_charge":69.30,"npi":[1255337697]}]}]},{"tin":{"type":"ein","value":"841478374"},"service_code":["41"],"billing_class":"professional","setting":"outpatient","payments":[{"allowed_amount":74.80,"providers":[{"billed_charge":130.00,"npi":[1902886971]}]}]}]},{"name":"IADNA CANDIDA SPECIES AMPLIFIED PROBE TQ","billing_code_type":"CPT","billing_code_type_version":"2020","billing_code":"87481","description":"IADNA CANDIDA SPECIES AMPLIFIED PROBE TQ","allowed_amounts":[{"tin":{"type":"ein","value":"334777680"},"service_code":["81"],"billing_class":"professional","setting":"outpatient","payments":[{"allowed_amount":75.48,"providers":[{"billed_charge":210.55,"npi":[1558150078,1982066239]}]}]}]},{"name":"IADNA HERPES SOMPLX VIRUS AMPLIFIED PROBE TQ","billing_code_type":"CPT","billing_code_type_version":"2020","billing_code":"87529","description":"IADNA HERPES SOMPLX VIRUS AMPLIFIED PROBE TQ","allowed_amounts":[{"tin":{"type":"ein","value":"334777680"},"service_code":["81"],"billing_class":"professional","setting":"outpatient","payments":[{"allowed_amount":30.19,"providers":[{"billed_charge":84.22,"npi":[1558150078,1982066239]}]}]}]},{"name":"IADNA HUMAN PAPILLOMAVIRUS TYPES 16 & 18 ONLY","billing_code_type":"CPT","billing_code_type_version":"2020","billing_code":"87625","description":"IADNA HUMAN PAPILLOMAVIRUS TYPES 16 & 18 ONLY","allowed_amounts":[{"tin":{"type":"ein","value":"334777680"},"service_code":["81"],"billing_class":"professional","setting":"outpatient","payments":[{"allowed_amount":17.44,"providers":[{"billed_charge":48.66,"npi":[1558150078,1982066239]}]}]}]},{"name":"IADNA MYCOBACTERIA TUBERCULOSIS AMP PRB","billing_code_type":"CPT","billing_code_type_version":"2020","billing_code":"87556","description":"IADNA MYCOBACTERIA TUBERCULOSIS AMP PRB","allowed_amounts":[{"tin":{"type":"ein","value":"334777680"},"service_code":["81"],"billing_class":"professional","setting":"outpatient","payments":[{"allowed_amount":15.09,"providers":[{"billed_charge":42.11,"npi":[1558150078,1982066239]}]}]}]},{"name":"IADNA MYCOPLASMA GENITALIUM AMPLIFIED PROBE TECH","billing_code_type":"CPT","billing_code_type_version":"2020","billing_code":"87563","description":"IADNA MYCOPLASMA GENITALIUM AMPLIFIED PROBE TECH","allowed_amounts":[{"tin":{"type":"ein","value":"334777680"},"service_code":["81"],"billing_class":"professional","setting":"outpatient","payments":[{"allowed_amount":15.09,"providers":[{"billed_charge":42.11,"npi":[1558150078,1982066239]}]}]}]},{"name":"IADNA NEISSERIA GONORRHOEAE AMPLIFIED PROBE TQ","billing_code_type":"CPT","billing_code_type_version":"2020","billing_code":"87591","description":"IADNA NEISSERIA GONORRHOEAE AMPLIFIED PROBE TQ","allowed_amounts":[{"tin":{"type":"ein","value":"334777680"},"service_code":["81"],"billing_class":"professional","setting":"outpatient","payments":[{"allowed_amount":15.09,"providers":[{"billed_charge":42.11,"npi":[1558150078,1982066239]}]}]}]},{"name":"IADNA S AUREUS METHICILLIN RESIST AMP PROBE TQ","billing_code_type":"CPT","billing_code_type_version":"2020","billing_code":"87641","description":"IADNA S AUREUS METHICILLIN RESIST AMP PROBE TQ","allowed_amounts":[{"tin":{"type":"ein","value":"334777680"},"service_code":["81"],"billing_class":"professional","setting":"outpatient","payments":[{"allowed_amount":15.09,"providers":[{"billed_charge":42.11,"npi":[1558150078,1982066239]}]}]}]},{"name":"IADNA STREPTOCOCCUS GROUP A AMPLIFIED PROBE TQ","billing_code_type":"CPT","billing_code_type_version":"2020","billing_code":"87651","description":"IADNA STREPTOCOCCUS GROUP A AMPLIFIED PROBE TQ","allowed_amounts":[{"tin":{"type":"ein","value":"334777680"},"service_code":["81"],"billing_class":"professional","setting":"outpatient","payments":[{"allowed_amount":15.09,"providers":[{"billed_charge":42.11,"npi":[1558150078,1982066239]}]}]}]},{"name":"IADNA STREPTOCOCCUS GROUP B AMPLIFIED PROBE TQ","billing_code_type":"CPT","billing_code_type_version":"2020","billing_code":"87653","description":"IADNA STREPTOCOCCUS GROUP B AMPLIFIED PROBE TQ","allowed_amounts":[{"tin":{"type":"ein","value":"334777680"},"service_code":["81"],"billing_class":"professional","setting":"outpatient","payments":[{"allowed_amount":15.09,"providers":[{"billed_charge":42.11,"npi":[1558150078,1982066239]}]}]}]},{"name":"IMMUNOASSAY ANALYTE QUAL\/SEMIQUAN MULTIPLE STEP","billing_code_type":"CPT","billing_code_type_version":"2020","billing_code":"83516","description":"IMMUNOASSAY ANALYTE QUAL\/SEMIQUAN MULTIPLE STEP","allowed_amounts":[{"tin":{"type":"ein","value":"200434866"},"service_code":["81"],"billing_class":"professional","setting":"outpatient","payments":[{"allowed_amount":11.40,"providers":[{"billed_charge":298.00,"npi":[1245494517,1477500312]}]}]}]},{"name":"INF AGENT DET NUCLEIC ACID CLOSTRIDIUM AMP PROBE","billing_code_type":"CPT","billing_code_type_version":"2020","billing_code":"87493","description":"INF AGENT DET NUCLEIC ACID CLOSTRIDIUM AMP PROBE","allowed_amounts":[{"tin":{"type":"ein","value":"334777680"},"service_code":["81"],"billing_class":"professional","setting":"outpatient","payments":[{"allowed_amount":15.09,"providers":[{"billed_charge":42.11,"npi":[1558150078,1982066239]}]}]}]},{"name":"INFECTIOUS AGENT DNA\/RNA VANCOMYCIN RESISTANCE","billing_code_type":"CPT","billing_code_type_version":"2020","billing_code":"87500","description":"INFECTIOUS AGENT DNA\/RNA VANCOMYCIN RESISTANCE","allowed_amounts":[{"tin":{"type":"ein","value":"334777680"},"service_code":["81"],"billing_class":"professional","setting":"outpatient","payments":[{"allowed_amount":15.09,"providers":[{"billed_charge":42.11,"npi":[1558150078,1982066239]}]}]}]},{"name":"IONM REMOTE\/NEARBY\/>1 PATIENT IN OR PER HOUR","billing_code_type":"CPT","billing_code_type_version":"2020","billing_code":"95941","description":"IONM REMOTE\/NEARBY\/>1 PATIENT IN OR PER HOUR","allowed_amounts":[{"tin":{"type":"ein","value":"421648473"},"service_code":["21"],"billing_class":"professional","setting":"inpatient","payments":[{"allowed_amount":457.05,"providers":[{"billed_charge":6240.00,"npi":[1619998317,1740391283,1780881011]}]}]}]},{"name":"LEVEL IV SURG PATHOLOGY GROSS&MICROSCOPIC EXAM","billing_code_type":"CPT","billing_code_type_version":"2020","billing_code":"88305","description":"LEVEL IV SURG PATHOLOGY GROSS&MICROSCOPIC EXAM","allowed_amounts":[{"tin":{"type":"ein","value":"391145163"},"service_code":["22"],"billing_class":"professional","setting":"outpatient","payments":[{"allowed_amount":101.36,"providers":[{"billed_charge":406.00,"npi":[1386688240,1396782231,1417263799,1548648280]}]}]},{"tin":{"type":"ein","value":"391145163"},"service_code":["22"],"billing_class":"professional","setting":"outpatient","payments":[{"allowed_amount":196.46,"providers":[{"billed_charge":812.00,"npi":[1386688240,1396782231,1710026430,1912945601]}]}]}]},{"name":"MANUAL THERAPY TQS 1\/> REGIONS EACH 15 MINUTES","billing_code_type":"CPT","billing_code_type_version":"2020","billing_code":"97140","description":"MANUAL THERAPY TQS 1\/> REGIONS EACH 15 MINUTES","allowed_amounts":[{"tin":{"type":"ein","value":"202131675"},"service_code":["11"],"billing_class":"professional","setting":"outpatient","payments":[{"allowed_amount":57.91,"providers":[{"billed_charge":150.00,"npi":[1043468895,1841079183]}]}]}]},{"name":"MICROSOMAL ANTIBODIES EACH","billing_code_type":"CPT","billing_code_type_version":"2020","billing_code":"86376","description":"MICROSOMAL ANTIBODIES EACH","allowed_amounts":[{"tin":{"type":"ein","value":"200434866"},"service_code":["81"],"billing_class":"professional","setting":"outpatient","payments":[{"allowed_amount":7.18,"providers":[{"billed_charge":72.75,"npi":[1245494517,1477500312]}]}]}]},{"name":"MRI PELVIS W\/O CONTRAST MATERIAL","billing_code_type":"CPT","billing_code_type_version":"2020","billing_code":"72195","description":"MRI PELVIS W\/O CONTRAST MATERIAL","allowed_amounts":[{"tin":{"type":"ein","value":"620817096"},"service_code":["22"],"billing_class":"professional","setting":"outpatient","payments":[{"allowed_amount":102.34,"providers":[{"billed_charge":201.00,"npi":[1619983962,1710247465,1881687689,1891973939]}]}]}]},{"name":"NDL EMG 2 XTR W\/WO RELATED PARASPINAL AREAS","billing_code_type":"CPT","billing_code_type_version":"2020","billing_code":"95861","description":"NDL EMG 2 XTR W\/WO RELATED PARASPINAL AREAS","allowed_amounts":[{"tin":{"type":"ein","value":"421648473"},"service_code":["21"],"billing_class":"professional","setting":"inpatient","payments":[{"allowed_amount":300.50,"providers":[{"billed_charge":1144.00,"npi":[1619998317,1740391283,1780881011]}]}]}]},{"name":"OFFICE\/OUTPATIENT ESTABLISHED LOW MDM 20 MIN","billing_code_type":"CPT","billing_code_type_version":"2020","billing_code":"99213","description":"OFFICE\/OUTPATIENT ESTABLISHED LOW MDM 20 MIN","allowed_amounts":[{"tin":{"type":"ein","value":"335023807"},"service_code":["11"],"billing_class":"professional","setting":"outpatient","payments":[{"allowed_amount":30.73,"providers":[{"billed_charge":300.00,"npi":[1083251250,1326291675,1811882186]}]}]}]},{"name":"OFFICE\/OUTPATIENT ESTABLISHED MOD MDM 30 MIN","billing_code_type":"CPT","billing_code_type_version":"2020","billing_code":"99214","description":"OFFICE\/OUTPATIENT ESTABLISHED MOD MDM 30 MIN","allowed_amounts":[{"tin":{"type":"ein","value":"411861038"},"service_code":["02"],"billing_class":"professional","setting":"outpatient","payments":[{"allowed_amount":120.23,"providers":[{"billed_charge":218.00,"npi":[1124103932]}]}]}]},{"name":"OFFICE\/OUTPATIENT ESTABLISHED SF MDM 10 MIN","billing_code_type":"CPT","billing_code_type_version":"2020","billing_code":"99212","description":"OFFICE\/OUTPATIENT ESTABLISHED SF MDM 10 MIN","allowed_amounts":[{"tin":{"type":"ein","value":"264082310"},"service_code":["11"],"billing_class":"professional","setting":"outpatient","payments":[{"allowed_amount":53.98,"providers":[{"billed_charge":55.00,"npi":[1154300010,1295012110]}]}]},{"tin":{"type":"ein","value":"464955988"},"service_code":["11"],"billing_class":"professional","setting":"outpatient","payments":[{"allowed_amount":53.98,"providers":[{"billed_charge":87.00,"npi":[1003818857,1114342847,1194212639]}]}]}]},{"name":"OFFICE\/OUTPATIENT NEW MODERATE MDM 45 MINUTES","billing_code_type":"CPT","billing_code_type_version":"2020","billing_code":"99204","description":"OFFICE\/OUTPATIENT NEW MODERATE MDM 45 MINUTES","allowed_amounts":[{"tin":{"type":"ein","value":"391446631"},"service_code":["19"],"billing_class":"professional","setting":"outpatient","payments":[{"allowed_amount":225.53,"providers":[{"billed_charge":576.00,"npi":[1184621211,1588646095,1811018468]}]}]}]},{"name":"OFFICE\/OUTPATIENT NEW SF MDM 15 MINUTES","billing_code_type":"CPT","billing_code_type_version":"2020","billing_code":"99202","description":"OFFICE\/OUTPATIENT NEW SF MDM 15 MINUTES","allowed_amounts":[{"tin":{"type":"ein","value":"391193991"},"service_code":["11"],"billing_class":"professional","setting":"outpatient","payments":[{"allowed_amount":0.00,"providers":[{"billed_charge":137.00,"npi":[1073654992,1861525289,1992895031]}]}]},{"tin":{"type":"ein","value":"391193991"},"service_code":["11"],"billing_class":"professional","setting":"outpatient","payments":[{"allowed_amount":69.07,"providers":[{"billed_charge":137.00,"npi":[1083805501,1093833071,1184019762,1285301804,1417905381,1821477530,1861525289]}]}]}]},{"name":"ORTHOPANTOGRAM","billing_code_type":"CPT","billing_code_type_version":"2020","billing_code":"70355","description":"ORTHOPANTOGRAM","allowed_amounts":[{"tin":{"type":"ein","value":"391193991"},"service_code":["11"],"billing_class":"professional","setting":"outpatient","payments":[{"allowed_amount":17.29,"providers":[{"billed_charge":183.00,"npi":[1093833071,1417905381,1861525289]}]}]}]},{"name":"PHYSICAL THERAPY EVALUATION MOD COMPLEX 30 MINS","billing_code_type":"CPT","billing_code_type_version":"2020","billing_code":"97162","description":"PHYSICAL THERAPY EVALUATION MOD COMPLEX 30 MINS","allowed_amounts":[{"tin":{"type":"ein","value":"202131675"},"service_code":["11"],"billing_class":"professional","setting":"outpatient","payments":[{"allowed_amount":221.00,"providers":[{"billed_charge":420.00,"npi":[1043468895,1841079183]}]}]}]},{"name":"POLISHING\/RESURFACING OCULR PROSTH","billing_code_type":"HCPCS","billing_code_type_version":"HCPCS LEVEL II 2021","billing_code":"V2624","description":"POLISHING\/RESURFACING OCULR PROSTH","allowed_amounts":[{"tin":{"type":"ein","value":"391556641"},"service_code":["12"],"billing_class":"professional","setting":"outpatient","payments":[{"allowed_amount":60.36,"providers":[{"billed_charge":100.00,"npi":[1386861367,1528642758,1841417169]}]}]}]},{"name":"RADEX FACIAL BONES < 3 VIEWS","billing_code_type":"CPT","billing_code_type_version":"2020","billing_code":"70140","description":"RADEX FACIAL BONES < 3 VIEWS","allowed_amounts":[{"tin":{"type":"ein","value":"620817096"},"service_code":["22"],"billing_class":"professional","setting":"outpatient","payments":[{"allowed_amount":14.69,"providers":[{"billed_charge":28.00,"npi":[1073519377,1124486626,1538144563,1881687689]}]}]}]},{"name":"REMOVAL OF IMPACTED TOOTH - SOFT TISSUE","billing_code_type":"HCPCS","billing_code_type_version":"HCPCS LEVEL II 2021","billing_code":"D7220","description":"REMOVAL OF IMPACTED TOOTH - SOFT TISSUE","allowed_amounts":[{"tin":{"type":"ein","value":"990732882"},"service_code":["11"],"billing_class":"professional","setting":"outpatient","payments":[{"allowed_amount":125.27,"providers":[{"billed_charge":420.00,"npi":[1396001483,1609634351]}]}]}]},{"name":"RHEUMATOID FACTOR QUANTITATIVE","billing_code_type":"CPT","billing_code_type_version":"2020","billing_code":"86431","description":"RHEUMATOID FACTOR QUANTITATIVE","allowed_amounts":[{"tin":{"type":"ein","value":"200434866"},"service_code":["81"],"billing_class":"professional","setting":"outpatient","payments":[{"allowed_amount":2.80,"providers":[{"billed_charge":30.00,"npi":[1245494517,1477500312]}]}]}]},{"name":"SELF-CARE\/HOME MGMT TRAINING EACH 15 MINUTES","billing_code_type":"CPT","billing_code_type_version":"2020","billing_code":"97535","description":"SELF-CARE\/HOME MGMT TRAINING EACH 15 MINUTES","allowed_amounts":[{"tin":{"type":"ein","value":"202131675"},"service_code":["11"],"billing_class":"professional","setting":"outpatient","payments":[{"allowed_amount":55.63,"providers":[{"billed_charge":125.00,"npi":[1043468895,1841079183]}]}]}]},{"name":"SHORT-LATENCY SOMATOSENS EP STD UPR & LOW LIMB","billing_code_type":"CPT","billing_code_type_version":"2020","billing_code":"95938","description":"SHORT-LATENCY SOMATOSENS EP STD UPR & LOW LIMB","allowed_amounts":[{"tin":{"type":"ein","value":"421648473"},"service_code":["21"],"billing_class":"professional","setting":"inpatient","payments":[{"allowed_amount":133.70,"providers":[{"billed_charge":4160.00,"npi":[1619998317,1740391283,1780881011]}]}]}]},{"name":"SIMPLE REPAIR F\/E\/E\/N\/L\/M 2.5CM\/<","billing_code_type":"CPT","billing_code_type_version":"2020","billing_code":"12011","description":"SIMPLE REPAIR F\/E\/E\/N\/L\/M 2.5CM\/<","allowed_amounts":[{"tin":{"type":"ein","value":"384083619"},"service_code":["23"],"billing_class":"professional","setting":"outpatient","payments":[{"allowed_amount":145.90,"providers":[{"billed_charge":731.00,"npi":[1215429600,1962921239]}]}]}]},{"name":"TELEHEALTH CONSULT ED\/IP 70 MIN\/>PT","billing_code_type":"HCPCS","billing_code_type_version":"HCPCS LEVEL II 2021","billing_code":"G0427","description":"TELEHEALTH CONSULT ED\/IP 70 MIN\/>PT","allowed_amounts":[{"tin":{"type":"ein","value":"462718719"},"service_code":["02"],"billing_class":"professional","setting":"outpatient","payments":[{"allowed_amount":0.00,"providers":[{"billed_charge":513.95,"npi":[1013303080,1467452490,1538112230,1912118308]}]}]}]},{"name":"THORACENTESIS NEEDLE\/CATH PLEURA W\/IMAGING","billing_code_type":"CPT","billing_code_type_version":"2020","billing_code":"32555","description":"THORACENTESIS NEEDLE\/CATH PLEURA W\/IMAGING","allowed_amounts":[{"tin":{"type":"ein","value":"384083619"},"service_code":["23"],"billing_class":"professional","setting":"outpatient","payments":[{"allowed_amount":384.72,"providers":[{"billed_charge":1457.00,"npi":[1215429600]}]}]}]},{"name":"THYROGLOBULIN ANTIBODY","billing_code_type":"CPT","billing_code_type_version":"2020","billing_code":"86800","description":"THYROGLOBULIN ANTIBODY","allowed_amounts":[{"tin":{"type":"ein","value":"200434866"},"service_code":["81"],"billing_class":"professional","setting":"outpatient","payments":[{"allowed_amount":7.86,"providers":[{"billed_charge":79.55,"npi":[1245494517,1477500312]}]}]}]},{"name":"XTRNL PT ACTIVATED ECG REC DWNLD 30 DAYS","billing_code_type":"CPT","billing_code_type_version":"2020","billing_code":"93271","description":"XTRNL PT ACTIVATED ECG REC DWNLD 30 DAYS","allowed_amounts":[{"tin":{"type":"ein","value":"330604557"},"service_code":["11"],"billing_class":"professional","setting":"outpatient","payments":[{"allowed_amount":0.00,"providers":[{"billed_charge":2900.00,"npi":[1437890001,1790869402]}]}]}]}]}
