{"reporting_entity_name": "IEC Group_DBA AmeriBen",
	"reporting_entity_type": "Third Party Administrator",
	"plan_name": "SISC",
	"plan_id_type": "ein",
	"plan_id": "770162263",
	"plan_market_type": "group",
	"last_updated_on": "2025-01-01","Version": "1.0.0","out_of_network":[{"name":"OFFICE\/OUTPATIENT ESTABLISHED LOW MDM 20 MIN","billing_code_type":"CPT","billing_code_type_version":"2020","billing_code":"99213","description":"OFFICE\/OUTPATIENT ESTABLISHED LOW MDM 20 MIN","allowed_amounts":[{"tin":{"type":"ein","value":"464130448"},"service_code":["11"],"billing_class":"professional","payments":[{"allowed_amount":64.57,"billing_code_modifier":[""],"providers":[{"billed_charge":175.00,"npi":[1053742106,1174634513]}]}]},{"tin":{"type":"ein","value":"731630244"},"service_code":["10","11"],"billing_class":"professional","payments":[{"allowed_amount":64.57,"billing_code_modifier":[""],"providers":[{"billed_charge":95.00,"npi":[1013970342,1184813339]}]}]},{"tin":{"type":"ein","value":"814864120"},"service_code":["11"],"billing_class":"professional","payments":[{"allowed_amount":64.57,"billing_code_modifier":[""],"providers":[{"billed_charge":150.00,"npi":[1124338801]}]}]},{"tin":{"type":"ein","value":"921102415"},"service_code":["11"],"billing_class":"professional","payments":[{"allowed_amount":64.57,"billing_code_modifier":[""],"providers":[{"billed_charge":140.00,"npi":[1316657729,1538237235,1962903427]}]}]},{"tin":{"type":"ein","value":"930919260"},"service_code":["11"],"billing_class":"professional","payments":[{"allowed_amount":64.57,"billing_code_modifier":[""],"providers":[{"billed_charge":120.00,"npi":[1144288523]}]}]},{"tin":{"type":"ein","value":"942994776"},"service_code":["72"],"billing_class":"professional","payments":[{"allowed_amount":64.57,"billing_code_modifier":[""],"providers":[{"billed_charge":154.00,"npi":[1043262454,1568010775,1871697102]}]}]}]},{"name":"OFFICE\/OUTPATIENT ESTABLISHED MOD MDM 30 MIN","billing_code_type":"CPT","billing_code_type_version":"2020","billing_code":"99214","description":"OFFICE\/OUTPATIENT ESTABLISHED MOD MDM 30 MIN","allowed_amounts":[{"tin":{"type":"ein","value":"200374669"},"service_code":["10"],"billing_class":"professional","payments":[{"allowed_amount":86.04,"billing_code_modifier":[""],"providers":[{"billed_charge":546.00,"npi":[1053626549,1154697944,1598130361,1659465417]}]}]},{"tin":{"type":"ein","value":"573044350"},"service_code":["11"],"billing_class":"professional","payments":[{"allowed_amount":86.04,"billing_code_modifier":[""],"providers":[{"billed_charge":226.00,"npi":[1558438044]}]}]},{"tin":{"type":"ein","value":"573044350"},"service_code":["11"],"billing_class":"professional","payments":[{"allowed_amount":86.04,"billing_code_modifier":[""],"providers":[{"billed_charge":226.00,"npi":[1558438044]}]}]},{"tin":{"type":"ein","value":"872196640"},"service_code":["11"],"billing_class":"professional","payments":[{"allowed_amount":86.04,"billing_code_modifier":[""],"providers":[{"billed_charge":200.00,"npi":[1225787682]}]}]},{"tin":{"type":"ein","value":"882518116"},"service_code":["11"],"billing_class":"professional","payments":[{"allowed_amount":86.04,"billing_code_modifier":[""],"providers":[{"billed_charge":226.00,"npi":[1558438044,1669197265]}]}]},{"tin":{"type":"ein","value":"921102415"},"service_code":["11"],"billing_class":"professional","payments":[{"allowed_amount":86.04,"billing_code_modifier":[""],"providers":[{"billed_charge":165.00,"npi":[1316657729,1538237235,1962903427]}]}]},{"tin":{"type":"ein","value":"946000542"},"service_code":["11"],"billing_class":"professional","payments":[{"allowed_amount":86.04,"billing_code_modifier":[""],"providers":[{"billed_charge":223.71,"npi":[1215320486,1639397417]},{"billed_charge":487.57,"npi":[1003801820,1639397417]}]},{"allowed_amount":86.04,"billing_code_modifier":[""],"providers":[{"billed_charge":223.71,"npi":[1215320486,1639397417]},{"billed_charge":487.57,"npi":[1003801820,1639397417]}]}]},{"tin":{"type":"ein","value":"946000542"},"service_code":["11"],"billing_class":"professional","payments":[{"allowed_amount":86.04,"billing_code_modifier":[""],"providers":[{"billed_charge":223.71,"npi":[1215320486,1639397417]},{"billed_charge":487.57,"npi":[1003801820,1639397417]}]},{"allowed_amount":86.04,"billing_code_modifier":[""],"providers":[{"billed_charge":223.71,"npi":[1215320486,1639397417]},{"billed_charge":487.57,"npi":[1003801820,1639397417]}]}]},{"tin":{"type":"ein","value":"953991694"},"service_code":["11"],"billing_class":"professional","payments":[{"allowed_amount":86.04,"billing_code_modifier":[""],"providers":[{"billed_charge":150.00,"npi":[1518046754]}]}]}]},{"name":"PSYCHIATRIC\/PSYCHOLOGICAL SVCS: PARTIAL HOSP - LES","billing_code_type":"RC","billing_code_type_version":"UB04","billing_code":"0912","description":"PSYCHIATRIC\/PSYCHOLOGICAL SVCS: PARTIAL HOSP - LES","allowed_amounts":[{"tin":{"type":"ein","value":"821366868"},"service_code":["22"],"billing_class":"institutional","payments":[{"allowed_amount":580.00,"billing_code_modifier":[""],"providers":[{"billed_charge":4695.00,"npi":[1386170900,1922250554]}]}]}]},{"name":"PSYCHOTHERAPY W\/PATIENT 45 MINUTES","billing_code_type":"CPT","billing_code_type_version":"2020","billing_code":"90834","description":"PSYCHOTHERAPY W\/PATIENT 45 MINUTES","allowed_amounts":[{"tin":{"type":"ein","value":"273809744"},"service_code":["11"],"billing_class":"professional","payments":[{"allowed_amount":60.60,"billing_code_modifier":[""],"providers":[{"billed_charge":95.00,"npi":[1164722674]},{"billed_charge":135.00,"npi":[1164722674]}]},{"allowed_amount":60.60,"billing_code_modifier":[""],"providers":[{"billed_charge":95.00,"npi":[1164722674]},{"billed_charge":135.00,"npi":[1164722674]}]}]},{"tin":{"type":"ein","value":"273809744"},"service_code":["11"],"billing_class":"professional","payments":[{"allowed_amount":60.60,"billing_code_modifier":[""],"providers":[{"billed_charge":95.00,"npi":[1164722674]},{"billed_charge":135.00,"npi":[1164722674]}]},{"allowed_amount":60.60,"billing_code_modifier":[""],"providers":[{"billed_charge":95.00,"npi":[1164722674]},{"billed_charge":135.00,"npi":[1164722674]}]}]},{"tin":{"type":"ein","value":"365462299"},"service_code":["11"],"billing_class":"professional","payments":[{"allowed_amount":80.80,"billing_code_modifier":[""],"providers":[{"billed_charge":140.00,"npi":[1376670471]}]}]},{"tin":{"type":"ein","value":"474473541"},"service_code":["11"],"billing_class":"professional","payments":[{"allowed_amount":60.60,"billing_code_modifier":[""],"providers":[{"billed_charge":120.00,"npi":[1124401153]}]}]},{"tin":{"type":"ein","value":"545999026"},"service_code":["11"],"billing_class":"professional","payments":[{"allowed_amount":60.60,"billing_code_modifier":[""],"providers":[{"billed_charge":120.00,"npi":[1346398898]}]}]},{"tin":{"type":"ein","value":"548333673"},"service_code":["11"],"billing_class":"professional","payments":[{"allowed_amount":60.60,"billing_code_modifier":[""],"providers":[{"billed_charge":150.00,"npi":[1386018026]}]}]},{"tin":{"type":"ein","value":"842260557"},"service_code":["11"],"billing_class":"professional","payments":[{"allowed_amount":60.60,"billing_code_modifier":[""],"providers":[{"billed_charge":150.00,"npi":[1639443955]}]}]},{"tin":{"type":"ein","value":"853546460"},"service_code":["11"],"billing_class":"professional","payments":[{"allowed_amount":80.80,"billing_code_modifier":[""],"providers":[{"billed_charge":155.00,"npi":[1073067633]}]}]},{"tin":{"type":"ein","value":"861269165"},"service_code":["02"],"billing_class":"professional","payments":[{"allowed_amount":60.60,"billing_code_modifier":[""],"providers":[{"billed_charge":160.00,"npi":[1366825663]}]}]},{"tin":{"type":"ein","value":"872751585"},"service_code":["02"],"billing_class":"professional","payments":[{"allowed_amount":60.60,"billing_code_modifier":[""],"providers":[{"billed_charge":140.00,"npi":[1700330222]}]}]},{"tin":{"type":"ein","value":"882834536"},"service_code":["11"],"billing_class":"professional","payments":[{"allowed_amount":60.60,"billing_code_modifier":[""],"providers":[{"billed_charge":155.00,"npi":[1144419482,1376274639]}]}]},{"tin":{"type":"ein","value":"999999999"},"service_code":["11"],"billing_class":"professional","payments":[{"allowed_amount":60.60,"billing_code_modifier":[""],"providers":[{"billed_charge":150.00,"npi":[1497979488]}]}]}]},{"name":"PSYCHOTHERAPY W\/PATIENT 60 MINUTES","billing_code_type":"CPT","billing_code_type_version":"2020","billing_code":"90837","description":"PSYCHOTHERAPY W\/PATIENT 60 MINUTES","allowed_amounts":[{"tin":{"type":"ein","value":"050521872"},"service_code":["02"],"billing_class":"professional","payments":[{"allowed_amount":105.60,"billing_code_modifier":[""],"providers":[{"billed_charge":150.00,"npi":[1992856363]}]}]},{"tin":{"type":"ein","value":"156484690"},"service_code":["11"],"billing_class":"professional","payments":[{"allowed_amount":79.20,"billing_code_modifier":[""],"providers":[{"billed_charge":150.00,"npi":[1134596505]}]}]},{"tin":{"type":"ein","value":"205915490"},"service_code":["11"],"billing_class":"professional","payments":[{"allowed_amount":79.20,"billing_code_modifier":[""],"providers":[{"billed_charge":169.00,"npi":[1457411878]}]}]},{"tin":{"type":"ein","value":"262984341"},"service_code":["11"],"billing_class":"professional","payments":[{"allowed_amount":79.20,"billing_code_modifier":[""],"providers":[{"billed_charge":140.00,"npi":[1841421518]}]}]},{"tin":{"type":"ein","value":"273380441"},"service_code":["11"],"billing_class":"professional","payments":[{"allowed_amount":79.20,"billing_code_modifier":[""],"providers":[{"billed_charge":125.00,"npi":[1265752984]}]}]},{"tin":{"type":"ein","value":"275550457"},"service_code":["11"],"billing_class":"professional","payments":[{"allowed_amount":79.20,"billing_code_modifier":[""],"providers":[{"billed_charge":135.00,"npi":[1770645186]}]}]},{"tin":{"type":"ein","value":"371947960"},"service_code":["11"],"billing_class":"professional","payments":[{"allowed_amount":79.20,"billing_code_modifier":[""],"providers":[{"billed_charge":80.00,"npi":[1790849511]},{"billed_charge":120.00,"npi":[1790849511]}]},{"allowed_amount":79.20,"billing_code_modifier":[""],"providers":[{"billed_charge":80.00,"npi":[1790849511]},{"billed_charge":120.00,"npi":[1790849511]}]}]},{"tin":{"type":"ein","value":"371947960"},"service_code":["11"],"billing_class":"professional","payments":[{"allowed_amount":79.20,"billing_code_modifier":[""],"providers":[{"billed_charge":80.00,"npi":[1790849511]},{"billed_charge":120.00,"npi":[1790849511]}]},{"allowed_amount":79.20,"billing_code_modifier":[""],"providers":[{"billed_charge":80.00,"npi":[1790849511]},{"billed_charge":120.00,"npi":[1790849511]}]}]},{"tin":{"type":"ein","value":"452572636"},"service_code":["11"],"billing_class":"professional","payments":[{"allowed_amount":79.20,"billing_code_modifier":[""],"providers":[{"billed_charge":140.00,"npi":[1598291148,1790449338,1952849622,1972013100]}]}]},{"tin":{"type":"ein","value":"455280720"},"service_code":["02"],"billing_class":"professional","payments":[{"allowed_amount":79.20,"billing_code_modifier":[""],"providers":[{"billed_charge":150.00,"npi":[1144313040]}]}]},{"tin":{"type":"ein","value":"461091270"},"service_code":["11"],"billing_class":"professional","payments":[{"allowed_amount":79.20,"billing_code_modifier":[""],"providers":[{"billed_charge":145.00,"npi":[1245991264]}]}]},{"tin":{"type":"ein","value":"462090696"},"service_code":["11"],"billing_class":"professional","payments":[{"allowed_amount":105.60,"billing_code_modifier":[""],"providers":[{"billed_charge":140.00,"npi":[1568650109]}]}]},{"tin":{"type":"ein","value":"462737832"},"service_code":["02","11"],"billing_class":"professional","payments":[{"allowed_amount":79.20,"billing_code_modifier":[""],"providers":[{"billed_charge":120.00,"npi":[1700121597]},{"billed_charge":131.00,"npi":[1700121597]},{"billed_charge":135.00,"npi":[1700121597]}]},{"allowed_amount":79.20,"billing_code_modifier":[""],"providers":[{"billed_charge":120.00,"npi":[1700121597]},{"billed_charge":131.00,"npi":[1700121597]},{"billed_charge":135.00,"npi":[1700121597]}]},{"allowed_amount":79.20,"billing_code_modifier":[""],"providers":[{"billed_charge":120.00,"npi":[1700121597]},{"billed_charge":131.00,"npi":[1700121597]},{"billed_charge":135.00,"npi":[1700121597]}]}]},{"tin":{"type":"ein","value":"462737832"},"service_code":["11"],"billing_class":"professional","payments":[{"allowed_amount":79.20,"billing_code_modifier":[""],"providers":[{"billed_charge":120.00,"npi":[1700121597]},{"billed_charge":131.00,"npi":[1700121597]},{"billed_charge":135.00,"npi":[1700121597]}]},{"allowed_amount":79.20,"billing_code_modifier":[""],"providers":[{"billed_charge":120.00,"npi":[1700121597]},{"billed_charge":131.00,"npi":[1700121597]},{"billed_charge":135.00,"npi":[1700121597]}]},{"allowed_amount":79.20,"billing_code_modifier":[""],"providers":[{"billed_charge":120.00,"npi":[1700121597]},{"billed_charge":131.00,"npi":[1700121597]},{"billed_charge":135.00,"npi":[1700121597]}]}]},{"tin":{"type":"ein","value":"462737832"},"service_code":["11"],"billing_class":"professional","payments":[{"allowed_amount":79.20,"billing_code_modifier":[""],"providers":[{"billed_charge":120.00,"npi":[1700121597]},{"billed_charge":131.00,"npi":[1700121597]},{"billed_charge":135.00,"npi":[1700121597]}]},{"allowed_amount":79.20,"billing_code_modifier":[""],"providers":[{"billed_charge":120.00,"npi":[1700121597]},{"billed_charge":131.00,"npi":[1700121597]},{"billed_charge":135.00,"npi":[1700121597]}]},{"allowed_amount":79.20,"billing_code_modifier":[""],"providers":[{"billed_charge":120.00,"npi":[1700121597]},{"billed_charge":131.00,"npi":[1700121597]},{"billed_charge":135.00,"npi":[1700121597]}]}]},{"tin":{"type":"ein","value":"471037452"},"service_code":["11"],"billing_class":"professional","payments":[{"allowed_amount":79.20,"billing_code_modifier":[""],"providers":[{"billed_charge":175.00,"npi":[1255520284]},{"billed_charge":180.00,"npi":[1255520284]}]},{"allowed_amount":79.20,"billing_code_modifier":[""],"providers":[{"billed_charge":175.00,"npi":[1255520284]},{"billed_charge":180.00,"npi":[1255520284]}]}]},{"tin":{"type":"ein","value":"471037452"},"service_code":["11"],"billing_class":"professional","payments":[{"allowed_amount":79.20,"billing_code_modifier":[""],"providers":[{"billed_charge":175.00,"npi":[1255520284]},{"billed_charge":180.00,"npi":[1255520284]}]},{"allowed_amount":79.20,"billing_code_modifier":[""],"providers":[{"billed_charge":175.00,"npi":[1255520284]},{"billed_charge":180.00,"npi":[1255520284]}]}]},{"tin":{"type":"ein","value":"546290720"},"service_code":["11"],"billing_class":"professional","payments":[{"allowed_amount":79.20,"billing_code_modifier":[""],"providers":[{"billed_charge":155.00,"npi":[1790924033]}]}]},{"tin":{"type":"ein","value":"546632884"},"service_code":["02"],"billing_class":"professional","payments":[{"allowed_amount":79.20,"billing_code_modifier":[""],"providers":[{"billed_charge":125.00,"npi":[1316337017]}]}]},{"tin":{"type":"ein","value":"548333673"},"service_code":["11"],"billing_class":"professional","payments":[{"allowed_amount":79.20,"billing_code_modifier":[""],"providers":[{"billed_charge":150.00,"npi":[1386018026]}]}]},{"tin":{"type":"ein","value":"551946993"},"service_code":["11"],"billing_class":"professional","payments":[{"allowed_amount":79.20,"billing_code_modifier":[""],"providers":[{"billed_charge":130.00,"npi":[1760604367]}]}]},{"tin":{"type":"ein","value":"551352254"},"service_code":["11"],"billing_class":"professional","payments":[{"allowed_amount":79.20,"billing_code_modifier":[""],"providers":[{"billed_charge":150.00,"npi":[1770644122]}]}]},{"tin":{"type":"ein","value":"552110619"},"service_code":["11"],"billing_class":"professional","payments":[{"allowed_amount":79.20,"billing_code_modifier":[""],"providers":[{"billed_charge":140.00,"npi":[1518029800]}]}]},{"tin":{"type":"ein","value":"554453945"},"service_code":["11"],"billing_class":"professional","payments":[{"allowed_amount":79.20,"billing_code_modifier":[""],"providers":[{"billed_charge":160.00,"npi":[1497779524]}]}]},{"tin":{"type":"ein","value":"555783423"},"service_code":["11"],"billing_class":"professional","payments":[{"allowed_amount":79.20,"billing_code_modifier":[""],"providers":[{"billed_charge":120.00,"npi":[1548374630]}]}]},{"tin":{"type":"ein","value":"558864839"},"service_code":["11"],"billing_class":"professional","payments":[{"allowed_amount":79.20,"billing_code_modifier":[""],"providers":[{"billed_charge":125.00,"npi":[1942352133]}]}]},{"tin":{"type":"ein","value":"568233959"},"service_code":["11"],"billing_class":"professional","payments":[{"allowed_amount":79.20,"billing_code_modifier":[""],"providers":[{"billed_charge":145.00,"npi":[1568675973]},{"billed_charge":150.00,"npi":[1568675973]}]},{"allowed_amount":79.20,"billing_code_modifier":[""],"providers":[{"billed_charge":145.00,"npi":[1568675973]},{"billed_charge":150.00,"npi":[1568675973]}]}]},{"tin":{"type":"ein","value":"568233959"},"service_code":["11"],"billing_class":"professional","payments":[{"allowed_amount":79.20,"billing_code_modifier":[""],"providers":[{"billed_charge":145.00,"npi":[1568675973]},{"billed_charge":150.00,"npi":[1568675973]}]},{"allowed_amount":79.20,"billing_code_modifier":[""],"providers":[{"billed_charge":145.00,"npi":[1568675973]},{"billed_charge":150.00,"npi":[1568675973]}]}]},{"tin":{"type":"ein","value":"573472434"},"service_code":["10"],"billing_class":"professional","payments":[{"allowed_amount":79.20,"billing_code_modifier":[""],"providers":[{"billed_charge":150.00,"npi":[1770834822]}]}]},{"tin":{"type":"ein","value":"611843778"},"service_code":["10"],"billing_class":"professional","payments":[{"allowed_amount":79.20,"billing_code_modifier":[""],"providers":[{"billed_charge":175.00,"npi":[1053579706,1417346297,1952837247]}]}]},{"tin":{"type":"ein","value":"811192469"},"service_code":["11"],"billing_class":"professional","payments":[{"allowed_amount":79.20,"billing_code_modifier":[""],"providers":[{"billed_charge":150.00,"npi":[1871778506]}]}]},{"tin":{"type":"ein","value":"815379241"},"service_code":["02"],"billing_class":"professional","payments":[{"allowed_amount":79.20,"billing_code_modifier":[""],"providers":[{"billed_charge":250.00,"npi":[1760808323]},{"billed_charge":325.00,"npi":[1760808323]},{"billed_charge":350.00,"npi":[1760808323]}]},{"allowed_amount":79.20,"billing_code_modifier":[""],"providers":[{"billed_charge":250.00,"npi":[1760808323]},{"billed_charge":325.00,"npi":[1760808323]},{"billed_charge":350.00,"npi":[1760808323]}]},{"allowed_amount":79.20,"billing_code_modifier":[""],"providers":[{"billed_charge":250.00,"npi":[1760808323]},{"billed_charge":325.00,"npi":[1760808323]},{"billed_charge":350.00,"npi":[1760808323]}]}]},{"tin":{"type":"ein","value":"815379241"},"service_code":["11"],"billing_class":"professional","payments":[{"allowed_amount":79.20,"billing_code_modifier":[""],"providers":[{"billed_charge":250.00,"npi":[1760808323]},{"billed_charge":325.00,"npi":[1760808323]},{"billed_charge":350.00,"npi":[1760808323]}]},{"allowed_amount":79.20,"billing_code_modifier":[""],"providers":[{"billed_charge":250.00,"npi":[1760808323]},{"billed_charge":325.00,"npi":[1760808323]},{"billed_charge":350.00,"npi":[1760808323]}]},{"allowed_amount":79.20,"billing_code_modifier":[""],"providers":[{"billed_charge":250.00,"npi":[1760808323]},{"billed_charge":325.00,"npi":[1760808323]},{"billed_charge":350.00,"npi":[1760808323]}]}]},{"tin":{"type":"ein","value":"815379241"},"service_code":["11"],"billing_class":"professional","payments":[{"allowed_amount":79.20,"billing_code_modifier":[""],"providers":[{"billed_charge":250.00,"npi":[1760808323]},{"billed_charge":325.00,"npi":[1760808323]},{"billed_charge":350.00,"npi":[1760808323]}]},{"allowed_amount":79.20,"billing_code_modifier":[""],"providers":[{"billed_charge":250.00,"npi":[1760808323]},{"billed_charge":325.00,"npi":[1760808323]},{"billed_charge":350.00,"npi":[1760808323]}]},{"allowed_amount":79.20,"billing_code_modifier":[""],"providers":[{"billed_charge":250.00,"npi":[1760808323]},{"billed_charge":325.00,"npi":[1760808323]},{"billed_charge":350.00,"npi":[1760808323]}]}]},{"tin":{"type":"ein","value":"821014256"},"service_code":["11"],"billing_class":"professional","payments":[{"allowed_amount":79.20,"billing_code_modifier":[""],"providers":[{"billed_charge":160.00,"npi":[1992025993]}]}]},{"tin":{"type":"ein","value":"821905121"},"service_code":["11"],"billing_class":"professional","payments":[{"allowed_amount":79.20,"billing_code_modifier":[""],"providers":[{"billed_charge":175.00,"npi":[1710303722]}]}]},{"tin":{"type":"ein","value":"822419635"},"service_code":["02"],"billing_class":"professional","payments":[{"allowed_amount":79.20,"billing_code_modifier":[""],"providers":[{"billed_charge":135.00,"npi":[1417023961]},{"billed_charge":140.00,"npi":[1417023961]}]},{"allowed_amount":79.20,"billing_code_modifier":[""],"providers":[{"billed_charge":135.00,"npi":[1417023961]},{"billed_charge":140.00,"npi":[1417023961]}]}]},{"tin":{"type":"ein","value":"822419635"},"service_code":["11"],"billing_class":"professional","payments":[{"allowed_amount":79.20,"billing_code_modifier":[""],"providers":[{"billed_charge":135.00,"npi":[1417023961]},{"billed_charge":140.00,"npi":[1417023961]}]},{"allowed_amount":79.20,"billing_code_modifier":[""],"providers":[{"billed_charge":135.00,"npi":[1417023961]},{"billed_charge":140.00,"npi":[1417023961]}]}]},{"tin":{"type":"ein","value":"822724495"},"service_code":["11"],"billing_class":"professional","payments":[{"allowed_amount":79.20,"billing_code_modifier":[""],"providers":[{"billed_charge":125.00,"npi":[1699064378]}]}]},{"tin":{"type":"ein","value":"822889496"},"service_code":["11"],"billing_class":"professional","payments":[{"allowed_amount":79.20,"billing_code_modifier":[""],"providers":[{"billed_charge":125.00,"npi":[1730418971]}]}]},{"tin":{"type":"ein","value":"824485935"},"service_code":["11"],"billing_class":"professional","payments":[{"allowed_amount":79.20,"billing_code_modifier":[""],"providers":[{"billed_charge":160.00,"npi":[1528384369]}]}]},{"tin":{"type":"ein","value":"825481200"},"service_code":["10","11"],"billing_class":"professional","payments":[{"allowed_amount":79.20,"billing_code_modifier":[""],"providers":[{"billed_charge":150.00,"npi":[1275980609,1316307747]}]}]},{"tin":{"type":"ein","value":"825481200"},"service_code":["10","11"],"billing_class":"professional","payments":[{"allowed_amount":105.60,"billing_code_modifier":[""],"providers":[{"billed_charge":150.00,"npi":[1316307747,1700986908]}]}]},{"tin":{"type":"ein","value":"832106083"},"service_code":["11"],"billing_class":"professional","payments":[{"allowed_amount":79.20,"billing_code_modifier":[""],"providers":[{"billed_charge":150.00,"npi":[1184067720]}]}]},{"tin":{"type":"ein","value":"833514350"},"service_code":["11"],"billing_class":"professional","payments":[{"allowed_amount":79.20,"billing_code_modifier":[""],"providers":[{"billed_charge":120.00,"npi":[1295348407,1417414285]},{"billed_charge":130.00,"npi":[1417414285]},{"billed_charge":150.00,"npi":[1255587788,1417414285]}]},{"allowed_amount":79.20,"billing_code_modifier":[""],"providers":[{"billed_charge":120.00,"npi":[1295348407,1417414285]},{"billed_charge":130.00,"npi":[1417414285]},{"billed_charge":150.00,"npi":[1255587788,1417414285]}]},{"allowed_amount":79.20,"billing_code_modifier":[""],"providers":[{"billed_charge":120.00,"npi":[1295348407,1417414285]},{"billed_charge":130.00,"npi":[1417414285]},{"billed_charge":150.00,"npi":[1255587788,1417414285]}]}]},{"tin":{"type":"ein","value":"833514350"},"service_code":["11"],"billing_class":"professional","payments":[{"allowed_amount":79.20,"billing_code_modifier":[""],"providers":[{"billed_charge":120.00,"npi":[1295348407,1417414285]},{"billed_charge":130.00,"npi":[1417414285]},{"billed_charge":150.00,"npi":[1255587788,1417414285]}]},{"allowed_amount":79.20,"billing_code_modifier":[""],"providers":[{"billed_charge":120.00,"npi":[1295348407,1417414285]},{"billed_charge":130.00,"npi":[1417414285]},{"billed_charge":150.00,"npi":[1255587788,1417414285]}]},{"allowed_amount":79.20,"billing_code_modifier":[""],"providers":[{"billed_charge":120.00,"npi":[1295348407,1417414285]},{"billed_charge":130.00,"npi":[1417414285]},{"billed_charge":150.00,"npi":[1255587788,1417414285]}]}]},{"tin":{"type":"ein","value":"833514350"},"service_code":["11"],"billing_class":"professional","payments":[{"allowed_amount":79.20,"billing_code_modifier":[""],"providers":[{"billed_charge":120.00,"npi":[1295348407,1417414285]},{"billed_charge":130.00,"npi":[1417414285]},{"billed_charge":150.00,"npi":[1255587788,1417414285]}]},{"allowed_amount":79.20,"billing_code_modifier":[""],"providers":[{"billed_charge":120.00,"npi":[1295348407,1417414285]},{"billed_charge":130.00,"npi":[1417414285]},{"billed_charge":150.00,"npi":[1255587788,1417414285]}]},{"allowed_amount":79.20,"billing_code_modifier":[""],"providers":[{"billed_charge":120.00,"npi":[1295348407,1417414285]},{"billed_charge":130.00,"npi":[1417414285]},{"billed_charge":150.00,"npi":[1255587788,1417414285]}]}]},{"tin":{"type":"ein","value":"842260557"},"service_code":["11"],"billing_class":"professional","payments":[{"allowed_amount":79.20,"billing_code_modifier":[""],"providers":[{"billed_charge":150.00,"npi":[1639443955]}]}]},{"tin":{"type":"ein","value":"843169848"},"service_code":["02","11"],"billing_class":"professional","payments":[{"allowed_amount":79.20,"billing_code_modifier":[""],"providers":[{"billed_charge":120.00,"npi":[1063579613]}]}]},{"tin":{"type":"ein","value":"843864602"},"service_code":["02","10","11"],"billing_class":"professional","payments":[{"allowed_amount":79.20,"billing_code_modifier":[""],"providers":[{"billed_charge":175.00,"npi":[1013540582,1437624921,1629613542,1790331460,1861535981,1912221458,1932641214,1992984561]}]}]},{"tin":{"type":"ein","value":"844375916"},"service_code":["11"],"billing_class":"professional","payments":[{"allowed_amount":79.20,"billing_code_modifier":[""],"providers":[{"billed_charge":150.00,"npi":[1306362397]}]}]},{"tin":{"type":"ein","value":"851246373"},"service_code":["02"],"billing_class":"professional","payments":[{"allowed_amount":79.20,"billing_code_modifier":[""],"providers":[{"billed_charge":140.00,"npi":[1487926275]}]}]},{"tin":{"type":"ein","value":"851662894"},"service_code":["11"],"billing_class":"professional","payments":[{"allowed_amount":79.20,"billing_code_modifier":[""],"providers":[{"billed_charge":150.00,"npi":[1053796722]}]}]},{"tin":{"type":"ein","value":"871814484"},"service_code":["11"],"billing_class":"professional","payments":[{"allowed_amount":79.20,"billing_code_modifier":[""],"providers":[{"billed_charge":140.00,"npi":[1184256869]}]}]},{"tin":{"type":"ein","value":"872764959"},"service_code":["11"],"billing_class":"professional","payments":[{"allowed_amount":79.20,"billing_code_modifier":[""],"providers":[{"billed_charge":100.00,"npi":[1043776966]},{"billed_charge":130.00,"npi":[1043776966]},{"billed_charge":150.00,"npi":[1043776966]}]},{"allowed_amount":79.20,"billing_code_modifier":[""],"providers":[{"billed_charge":100.00,"npi":[1043776966]},{"billed_charge":130.00,"npi":[1043776966]},{"billed_charge":150.00,"npi":[1043776966]}]},{"allowed_amount":79.20,"billing_code_modifier":[""],"providers":[{"billed_charge":100.00,"npi":[1043776966]},{"billed_charge":130.00,"npi":[1043776966]},{"billed_charge":150.00,"npi":[1043776966]}]}]},{"tin":{"type":"ein","value":"872764959"},"service_code":["11"],"billing_class":"professional","payments":[{"allowed_amount":79.20,"billing_code_modifier":[""],"providers":[{"billed_charge":100.00,"npi":[1043776966]},{"billed_charge":130.00,"npi":[1043776966]},{"billed_charge":150.00,"npi":[1043776966]}]},{"allowed_amount":79.20,"billing_code_modifier":[""],"providers":[{"billed_charge":100.00,"npi":[1043776966]},{"billed_charge":130.00,"npi":[1043776966]},{"billed_charge":150.00,"npi":[1043776966]}]},{"allowed_amount":79.20,"billing_code_modifier":[""],"providers":[{"billed_charge":100.00,"npi":[1043776966]},{"billed_charge":130.00,"npi":[1043776966]},{"billed_charge":150.00,"npi":[1043776966]}]}]},{"tin":{"type":"ein","value":"872764959"},"service_code":["11"],"billing_class":"professional","payments":[{"allowed_amount":79.20,"billing_code_modifier":[""],"providers":[{"billed_charge":100.00,"npi":[1043776966]},{"billed_charge":130.00,"npi":[1043776966]},{"billed_charge":150.00,"npi":[1043776966]}]},{"allowed_amount":79.20,"billing_code_modifier":[""],"providers":[{"billed_charge":100.00,"npi":[1043776966]},{"billed_charge":130.00,"npi":[1043776966]},{"billed_charge":150.00,"npi":[1043776966]}]},{"allowed_amount":79.20,"billing_code_modifier":[""],"providers":[{"billed_charge":100.00,"npi":[1043776966]},{"billed_charge":130.00,"npi":[1043776966]},{"billed_charge":150.00,"npi":[1043776966]}]}]},{"tin":{"type":"ein","value":"880671545"},"service_code":["11"],"billing_class":"professional","payments":[{"allowed_amount":79.20,"billing_code_modifier":[""],"providers":[{"billed_charge":160.00,"npi":[1740769025]}]}]},{"tin":{"type":"ein","value":"882680252"},"service_code":["11"],"billing_class":"professional","payments":[{"allowed_amount":79.20,"billing_code_modifier":[""],"providers":[{"billed_charge":120.00,"npi":[1558407783]}]}]},{"tin":{"type":"ein","value":"882834536"},"service_code":["02"],"billing_class":"professional","payments":[{"allowed_amount":79.20,"billing_code_modifier":[""],"providers":[{"billed_charge":160.00,"npi":[1033411020,1376274639]},{"billed_charge":110.00,"npi":[1376274639,1609166750]},{"billed_charge":165.00,"npi":[1144419482,1376274639]}]},{"allowed_amount":79.20,"billing_code_modifier":[""],"providers":[{"billed_charge":160.00,"npi":[1033411020,1376274639]},{"billed_charge":110.00,"npi":[1376274639,1609166750]},{"billed_charge":165.00,"npi":[1144419482,1376274639]}]},{"allowed_amount":79.20,"billing_code_modifier":[""],"providers":[{"billed_charge":160.00,"npi":[1033411020,1376274639]},{"billed_charge":110.00,"npi":[1376274639,1609166750]},{"billed_charge":165.00,"npi":[1144419482,1376274639]}]}]},{"tin":{"type":"ein","value":"882834536"},"service_code":["11"],"billing_class":"professional","payments":[{"allowed_amount":79.20,"billing_code_modifier":[""],"providers":[{"billed_charge":160.00,"npi":[1033411020,1376274639]},{"billed_charge":110.00,"npi":[1376274639,1609166750]},{"billed_charge":165.00,"npi":[1144419482,1376274639]}]},{"allowed_amount":79.20,"billing_code_modifier":[""],"providers":[{"billed_charge":160.00,"npi":[1033411020,1376274639]},{"billed_charge":110.00,"npi":[1376274639,1609166750]},{"billed_charge":165.00,"npi":[1144419482,1376274639]}]},{"allowed_amount":79.20,"billing_code_modifier":[""],"providers":[{"billed_charge":160.00,"npi":[1033411020,1376274639]},{"billed_charge":110.00,"npi":[1376274639,1609166750]},{"billed_charge":165.00,"npi":[1144419482,1376274639]}]}]},{"tin":{"type":"ein","value":"882834536"},"service_code":["11"],"billing_class":"professional","payments":[{"allowed_amount":79.20,"billing_code_modifier":[""],"providers":[{"billed_charge":160.00,"npi":[1033411020,1376274639]},{"billed_charge":110.00,"npi":[1376274639,1609166750]},{"billed_charge":165.00,"npi":[1144419482,1376274639]}]},{"allowed_amount":79.20,"billing_code_modifier":[""],"providers":[{"billed_charge":160.00,"npi":[1033411020,1376274639]},{"billed_charge":110.00,"npi":[1376274639,1609166750]},{"billed_charge":165.00,"npi":[1144419482,1376274639]}]},{"allowed_amount":79.20,"billing_code_modifier":[""],"providers":[{"billed_charge":160.00,"npi":[1033411020,1376274639]},{"billed_charge":110.00,"npi":[1376274639,1609166750]},{"billed_charge":165.00,"npi":[1144419482,1376274639]}]}]},{"tin":{"type":"ein","value":"884192577"},"service_code":["11"],"billing_class":"professional","payments":[{"allowed_amount":79.20,"billing_code_modifier":[""],"providers":[{"billed_charge":150.00,"npi":[1528381696]}]}]},{"tin":{"type":"ein","value":"921639042"},"service_code":["11"],"billing_class":"professional","payments":[{"allowed_amount":79.20,"billing_code_modifier":[""],"providers":[{"billed_charge":175.00,"npi":[1588360267]}]}]},{"tin":{"type":"ein","value":"922330249"},"service_code":["11"],"billing_class":"professional","payments":[{"allowed_amount":79.20,"billing_code_modifier":[""],"providers":[{"billed_charge":130.00,"npi":[1336304013]}]}]},{"tin":{"type":"ein","value":"932402732"},"service_code":["11"],"billing_class":"professional","payments":[{"allowed_amount":79.20,"billing_code_modifier":[""],"providers":[{"billed_charge":135.00,"npi":[1932402732]}]}]},{"tin":{"type":"ein","value":"932885762"},"service_code":["02"],"billing_class":"professional","payments":[{"allowed_amount":79.20,"billing_code_modifier":[""],"providers":[{"billed_charge":150.00,"npi":[1275155236]}]}]}]},{"name":"RESIDENTIAL TREATMENT-CHEMICAL DEPENDENCY","billing_code_type":"RC","billing_code_type_version":"UB04","billing_code":"1002","description":"RESIDENTIAL TREATMENT-CHEMICAL DEPENDENCY","allowed_amounts":[{"tin":{"type":"ein","value":"900852664"},"service_code":["21"],"billing_class":"institutional","payments":[{"allowed_amount":2547.50,"billing_code_modifier":[""],"providers":[{"billed_charge":5095.00,"npi":[1073016226,1922250554]}]}]}]}]}
