{"reporting_entity_name": "IEC Group_DBA AmeriBen",
	"reporting_entity_type": "Third Party Administrator",
	"plan_name": "CENTRAL ARIZONA PROJECT",
	"plan_id_type": "ein",
	"plan_id": "860349262",
	"plan_market_type": "group",
	"last_updated_on": "2025-06-01","Version": "1.0.0","out_of_network":[{"name":"PSYCHOTHERAPY W\/PATIENT 60 MINUTES","billing_code_type":"CPT","billing_code_type_version":"2020","billing_code":"90837","description":"PSYCHOTHERAPY W\/PATIENT 60 MINUTES","allowed_amounts":[{"tin":{"type":"ein","value":"205996177"},"service_code":["10"],"billing_class":"professional","payments":[{"allowed_amount":211.11,"billing_code_modifier":[""],"providers":[{"billed_charge":506.00,"npi":[1093402273,1487307765,1659509552,1841428745]}]}]}]}]}
