{"reporting_entity_name": "IEC Group_DBA AmeriBen",
	"reporting_entity_type": "Third Party Administrator",
	"plan_name": "GKN AEROSPACE INC",
	"plan_id_type": "ein",
	"plan_id": "541566763",
	"plan_market_type": "group",
	"last_updated_on": "2024-08-01","Version": "1.0.0","out_of_network":[{"name":"ASSAY OF QUININE","billing_code_type":"CPT","billing_code_type_version":"2020","billing_code":"84228","description":"ASSAY OF QUININE","allowed_amounts":[{"tin":{"type":"ein","value":"880241758"},"service_code":["81"],"billing_class":"professional","payments":[{"allowed_amount":13.96,"billing_code_modifier":[""],"providers":[{"billed_charge":48.00,"npi":[1699782722,1750437695]}]}]}]},{"name":"BLOOD COUNT HEMOGLOBIN","billing_code_type":"CPT","billing_code_type_version":"2020","billing_code":"85018","description":"BLOOD COUNT HEMOGLOBIN","allowed_amounts":[{"tin":{"type":"ein","value":"208845872"},"service_code":["11"],"billing_class":"professional","payments":[{"allowed_amount":2.84,"billing_code_modifier":[""],"providers":[{"billed_charge":16.00,"npi":[1053388678,1477761161]}]}]},{"tin":{"type":"ein","value":"751093698"},"service_code":["81"],"billing_class":"professional","payments":[{"allowed_amount":2.84,"billing_code_modifier":[""],"providers":[{"billed_charge":6.50,"npi":[1659339711,1962481820]}]}]},{"tin":{"type":"ein","value":"943357013"},"service_code":["81"],"billing_class":"professional","payments":[{"allowed_amount":2.84,"billing_code_modifier":[""],"providers":[{"billed_charge":29.00,"npi":[1194072405,1982606992]}]}]}]},{"name":"CHIROPRACTIC MANIPULATIVE TX SPINAL 3-4 REGIONS","billing_code_type":"CPT","billing_code_type_version":"2020","billing_code":"98941","description":"CHIROPRACTIC MANIPULATIVE TX SPINAL 3-4 REGIONS","allowed_amounts":[{"tin":{"type":"ein","value":"202490579"},"service_code":["11"],"billing_class":"professional","payments":[{"allowed_amount":40.00,"billing_code_modifier":[""],"providers":[{"billed_charge":40.00,"npi":[1356402713,1770652802]}]}]},{"tin":{"type":"ein","value":"204968588"},"service_code":["11"],"billing_class":"professional","payments":[{"allowed_amount":46.25,"billing_code_modifier":[""],"providers":[{"billed_charge":60.00,"npi":[1376510974,1518187616]}]}]},{"tin":{"type":"ein","value":"743122808"},"service_code":["11"],"billing_class":"professional","payments":[{"allowed_amount":45.49,"billing_code_modifier":[""],"providers":[{"billed_charge":65.00,"npi":[1124146832,1548273725,1699788810]}]}]},{"tin":{"type":"ein","value":"743122808"},"service_code":["11"],"billing_class":"professional","payments":[{"allowed_amount":46.25,"billing_code_modifier":[""],"providers":[{"billed_charge":65.00,"npi":[1124146832,1548273725,1699788810]}]}]},{"tin":{"type":"ein","value":"845163103"},"service_code":["11"],"billing_class":"professional","payments":[{"allowed_amount":40.00,"billing_code_modifier":[""],"providers":[{"billed_charge":40.00,"npi":[1699397687,1851919203]}]}]}]},{"name":"COL-CHR\/MS NONDRUG ANALYTE NES QUAL\/QUAN EA SPEC","billing_code_type":"CPT","billing_code_type_version":"2020","billing_code":"82542","description":"COL-CHR\/MS NONDRUG ANALYTE NES QUAL\/QUAN EA SPEC","allowed_amounts":[{"tin":{"type":"ein","value":"880241758"},"service_code":["81"],"billing_class":"professional","payments":[{"allowed_amount":28.91,"billing_code_modifier":[""],"providers":[{"billed_charge":90.00,"npi":[1699782722,1750437695]}]}]}]},{"name":"CRITICAL CARE ILL\/INJURED PATIENT INIT 30-74 MIN","billing_code_type":"CPT","billing_code_type_version":"2020","billing_code":"99291","description":"CRITICAL CARE ILL\/INJURED PATIENT INIT 30-74 MIN","allowed_amounts":[{"tin":{"type":"ein","value":"330830630"},"service_code":["21"],"billing_class":"professional","payments":[{"allowed_amount":316.76,"billing_code_modifier":[""],"providers":[{"billed_charge":375.00,"npi":[1528041811,1609915990,1730546029]}]}]}]},{"name":"DRUG TEST DEF 22+ CLASSES","billing_code_type":"HCPCS","billing_code_type_version":"HCPCS LEVEL II 2021","billing_code":"G0483","description":"DRUG TEST DEF 22+ CLASSES","allowed_amounts":[{"tin":{"type":"ein","value":"811890117"},"service_code":["81"],"billing_class":"professional","payments":[{"allowed_amount":296.30,"billing_code_modifier":[""],"providers":[{"billed_charge":2100.00,"npi":[1073961108,1093135154]}]}]},{"tin":{"type":"ein","value":"822808179"},"service_code":["81"],"billing_class":"professional","payments":[{"allowed_amount":296.30,"billing_code_modifier":[""],"providers":[{"billed_charge":4200.00,"npi":[1700392180,1710970553]}]}]},{"tin":{"type":"ein","value":"880241758"},"service_code":["81"],"billing_class":"professional","payments":[{"allowed_amount":296.30,"billing_code_modifier":[""],"providers":[{"billed_charge":926.00,"npi":[1699782722,1750437695]}]}]}]},{"name":"DRUG TST PRSMV INSTRMNT CHEM ANALYZERS PR DATE","billing_code_type":"CPT","billing_code_type_version":"2020","billing_code":"80307","description":"DRUG TST PRSMV INSTRMNT CHEM ANALYZERS PR DATE","allowed_amounts":[{"tin":{"type":"ein","value":"113387538"},"service_code":["81"],"billing_class":"professional","payments":[{"allowed_amount":74.57,"billing_code_modifier":[""],"providers":[{"billed_charge":155.35,"npi":[1093135154,1336361575]}]}]},{"tin":{"type":"ein","value":"453350742"},"service_code":["81"],"billing_class":"professional","payments":[{"allowed_amount":74.57,"billing_code_modifier":[""],"providers":[{"billed_charge":400.00,"npi":[1346342920,1982975421]}]}]},{"tin":{"type":"ein","value":"475605297"},"service_code":["81"],"billing_class":"professional","payments":[{"allowed_amount":74.57,"billing_code_modifier":[""],"providers":[{"billed_charge":500.00,"npi":[1134588817,1235402967]}]}]},{"tin":{"type":"ein","value":"811890117"},"service_code":["81"],"billing_class":"professional","payments":[{"allowed_amount":74.57,"billing_code_modifier":[""],"providers":[{"billed_charge":750.00,"npi":[1073961108,1093135154]}]}]},{"tin":{"type":"ein","value":"822808179"},"service_code":["81"],"billing_class":"professional","payments":[{"allowed_amount":74.57,"billing_code_modifier":[""],"providers":[{"billed_charge":1900.00,"npi":[1700392180,1710970553]}]}]},{"tin":{"type":"ein","value":"880241758"},"service_code":["81"],"billing_class":"professional","payments":[{"allowed_amount":74.57,"billing_code_modifier":[""],"providers":[{"billed_charge":242.00,"npi":[1699782722,1750437695]}]}]}]},{"name":"EMERGENCY DEPARTMENT VISIT HIGH MDM","billing_code_type":"CPT","billing_code_type_version":"2020","billing_code":"99285","description":"EMERGENCY DEPARTMENT VISIT HIGH MDM","allowed_amounts":[{"tin":{"type":"ein","value":"464467849"},"service_code":["23"],"billing_class":"professional","payments":[{"allowed_amount":301.22,"billing_code_modifier":[""],"providers":[{"billed_charge":1213.00,"npi":[1043552185,1326479213,1528041811,1649692716]}]}]},{"tin":{"type":"ein","value":"921846432"},"service_code":["23"],"billing_class":"professional","payments":[{"allowed_amount":301.22,"billing_code_modifier":[""],"providers":[{"billed_charge":1237.00,"npi":[1023463734,1194429233,1407839921,1700265139,1831620913,1881055853,1932392057]}]}]}]},{"name":"HEMO OPD\/HOME: HEMODIALYSIS COMP OR OTHER RATE","billing_code_type":"RC","billing_code_type_version":"UB04","billing_code":"0821","description":"HEMO OPD\/HOME: HEMODIALYSIS COMP OR OTHER RATE","allowed_amounts":[{"tin":{"type":"ein","value":"824214731"},"service_code":["65"],"billing_class":"institutional","payments":[{"allowed_amount":292.37,"billing_code_modifier":[""],"providers":[{"billed_charge":7821.03,"npi":[1194072405,1407494362]}]}]}]},{"name":"PSYCHIATRIC\/PSYCHOLOGICAL SVCS: PARTIAL HOSP - LES","billing_code_type":"RC","billing_code_type_version":"UB04","billing_code":"0912","description":"PSYCHIATRIC\/PSYCHOLOGICAL SVCS: PARTIAL HOSP - LES","allowed_amounts":[{"tin":{"type":"ein","value":"874362887"},"service_code":["22"],"billing_class":"institutional","payments":[{"allowed_amount":616.59,"billing_code_modifier":[""],"providers":[{"billed_charge":4600.00,"npi":[1255037487,1710970553]}]}]}]},{"name":"SBSQ HOSPITAL IP\/OBS CARE HIGH MDM 50 MINUTES","billing_code_type":"CPT","billing_code_type_version":"2020","billing_code":"99233","description":"SBSQ HOSPITAL IP\/OBS CARE HIGH MDM 50 MINUTES","allowed_amounts":[{"tin":{"type":"ein","value":"271661214"},"service_code":["21"],"billing_class":"professional","payments":[{"allowed_amount":119.69,"billing_code_modifier":[""],"providers":[{"billed_charge":718.00,"npi":[1043598865,1093975419,1427121227,1528563269,1598835308,1700174562,1871665380,1942760731]}]}]}]},{"name":"SBSQ HOSPITAL IP\/OBS CARE MOD MDM 35 MINUTES","billing_code_type":"CPT","billing_code_type_version":"2020","billing_code":"99232","description":"SBSQ HOSPITAL IP\/OBS CARE MOD MDM 35 MINUTES","allowed_amounts":[{"tin":{"type":"ein","value":"271661214"},"service_code":["21"],"billing_class":"professional","payments":[{"allowed_amount":85.84,"billing_code_modifier":[""],"providers":[{"billed_charge":500.00,"npi":[1043598865,1093975419,1124361746,1366682239,1427121227,1528563269,1598835308,1871665380]}]}]},{"tin":{"type":"ein","value":"844907368"},"service_code":["21"],"billing_class":"professional","payments":[{"allowed_amount":78.80,"billing_code_modifier":[""],"providers":[{"billed_charge":322.00,"npi":[1053555961,1467087627,1902865355]}]}]}]}]}
