{"reporting_entity_name": "IEC Group_DBA AmeriBen",
	"reporting_entity_type": "Third Party Administrator",
	"plan_name": "KEMIRA WATER SOLUTIONS, INC",
	"plan_id_type": "ein",
	"plan_id": "593657872",
	"plan_market_type": "group",
	"last_updated_on": "2024-04-01","Version": "1.0.0","out_of_network":[{"name":"APPL MODALITY 1\/> AREAS ELEC STIMJ UNATTENDED","billing_code_type":"CPT","billing_code_type_version":"2020","billing_code":"97014","description":"APPL MODALITY 1\/> AREAS ELEC STIMJ UNATTENDED","allowed_amounts":[{"tin":{"type":"ein","value":"862762833"},"service_code":["11"],"billing_class":"professional","payments":[{"allowed_amount":40.00,"billing_code_modifier":[""],"providers":[{"billed_charge":40.00,"npi":[1396123857,1447409990,1528634995]}]}]}]},{"name":"CHIROPRACTIC MANIPULATIVE TX SPINAL 3-4 REGIONS","billing_code_type":"CPT","billing_code_type_version":"2020","billing_code":"98941","description":"CHIROPRACTIC MANIPULATIVE TX SPINAL 3-4 REGIONS","allowed_amounts":[{"tin":{"type":"ein","value":"112696287"},"service_code":["11"],"billing_class":"professional","payments":[{"allowed_amount":35.25,"billing_code_modifier":[""],"providers":[{"billed_charge":80.00,"npi":[1013986678,1194994194]}]}]}]},{"name":"RADIOLOGY - THERAPEUTIC: RADIATION THERAPY","billing_code_type":"RC","billing_code_type_version":"UB04","billing_code":"0333","description":"RADIOLOGY - THERAPEUTIC: RADIATION THERAPY","allowed_amounts":[{"tin":{"type":"ein","value":"951683875"},"service_code":["22"],"billing_class":"institutional","payments":[{"allowed_amount":2132.80,"billing_code_modifier":[""],"providers":[{"billed_charge":8000.00,"npi":[1477294411,1750358297,1821342775]}]}]}]},{"name":"THER PX 1\/> AREAS EACH 15 MIN NEUROMUSC REEDUCA","billing_code_type":"CPT","billing_code_type_version":"2020","billing_code":"97112","description":"THER PX 1\/> AREAS EACH 15 MIN NEUROMUSC REEDUCA","allowed_amounts":[{"tin":{"type":"ein","value":"862762833"},"service_code":["11"],"billing_class":"professional","payments":[{"allowed_amount":0.00,"billing_code_modifier":[""],"providers":[{"billed_charge":70.00,"npi":[1396123857,1447409990,1528634995]},{"billed_charge":140.00,"npi":[1396123857,1447409990,1528634995]}]},{"allowed_amount":0.00,"billing_code_modifier":[""],"providers":[{"billed_charge":70.00,"npi":[1396123857,1447409990,1528634995]},{"billed_charge":140.00,"npi":[1396123857,1447409990,1528634995]}]}]},{"tin":{"type":"ein","value":"862762833"},"service_code":["11"],"billing_class":"professional","payments":[{"allowed_amount":0.00,"billing_code_modifier":[""],"providers":[{"billed_charge":70.00,"npi":[1396123857,1447409990,1528634995]},{"billed_charge":140.00,"npi":[1396123857,1447409990,1528634995]}]},{"allowed_amount":0.00,"billing_code_modifier":[""],"providers":[{"billed_charge":70.00,"npi":[1396123857,1447409990,1528634995]},{"billed_charge":140.00,"npi":[1396123857,1447409990,1528634995]}]}]}]},{"name":"THERAPEUT ACTVITY DIRECT PT CONTACT EACH 15 MIN","billing_code_type":"CPT","billing_code_type_version":"2020","billing_code":"97530","description":"THERAPEUT ACTVITY DIRECT PT CONTACT EACH 15 MIN","allowed_amounts":[{"tin":{"type":"ein","value":"640612964"},"service_code":["11"],"billing_class":"professional","payments":[{"allowed_amount":40.00,"billing_code_modifier":[""],"providers":[{"billed_charge":65.00,"npi":[1639657604,1659405793,1740287374]}]}]}]},{"name":"THERAPEUTIC PX 1\/> AREAS EACH 15 MIN EXERCISES","billing_code_type":"CPT","billing_code_type_version":"2020","billing_code":"97110","description":"THERAPEUTIC PX 1\/> AREAS EACH 15 MIN EXERCISES","allowed_amounts":[{"tin":{"type":"ein","value":"640612964"},"service_code":["11"],"billing_class":"professional","payments":[{"allowed_amount":80.00,"billing_code_modifier":[""],"providers":[{"billed_charge":130.00,"npi":[1639657604,1659405793,1740287374]}]}]},{"tin":{"type":"ein","value":"862762833"},"service_code":["11"],"billing_class":"professional","payments":[{"allowed_amount":23.75,"billing_code_modifier":[""],"providers":[{"billed_charge":70.00,"npi":[1396123857,1447409990,1528634995]},{"billed_charge":160.00,"npi":[1396123857,1447409990,1528634995]},{"billed_charge":170.00,"npi":[1396123857,1447409990,1528634995]},{"billed_charge":190.00,"npi":[1396123857,1447409990,1528634995]}]},{"allowed_amount":23.75,"billing_code_modifier":[""],"providers":[{"billed_charge":70.00,"npi":[1396123857,1447409990,1528634995]},{"billed_charge":160.00,"npi":[1396123857,1447409990,1528634995]},{"billed_charge":170.00,"npi":[1396123857,1447409990,1528634995]},{"billed_charge":190.00,"npi":[1396123857,1447409990,1528634995]}]},{"allowed_amount":23.75,"billing_code_modifier":[""],"providers":[{"billed_charge":70.00,"npi":[1396123857,1447409990,1528634995]},{"billed_charge":160.00,"npi":[1396123857,1447409990,1528634995]},{"billed_charge":170.00,"npi":[1396123857,1447409990,1528634995]},{"billed_charge":190.00,"npi":[1396123857,1447409990,1528634995]}]},{"allowed_amount":23.75,"billing_code_modifier":[""],"providers":[{"billed_charge":70.00,"npi":[1396123857,1447409990,1528634995]},{"billed_charge":160.00,"npi":[1396123857,1447409990,1528634995]},{"billed_charge":170.00,"npi":[1396123857,1447409990,1528634995]},{"billed_charge":190.00,"npi":[1396123857,1447409990,1528634995]}]}]},{"tin":{"type":"ein","value":"862762833"},"service_code":["11"],"billing_class":"professional","payments":[{"allowed_amount":23.75,"billing_code_modifier":[""],"providers":[{"billed_charge":70.00,"npi":[1396123857,1447409990,1528634995]},{"billed_charge":160.00,"npi":[1396123857,1447409990,1528634995]},{"billed_charge":170.00,"npi":[1396123857,1447409990,1528634995]},{"billed_charge":190.00,"npi":[1396123857,1447409990,1528634995]}]},{"allowed_amount":23.75,"billing_code_modifier":[""],"providers":[{"billed_charge":70.00,"npi":[1396123857,1447409990,1528634995]},{"billed_charge":160.00,"npi":[1396123857,1447409990,1528634995]},{"billed_charge":170.00,"npi":[1396123857,1447409990,1528634995]},{"billed_charge":190.00,"npi":[1396123857,1447409990,1528634995]}]},{"allowed_amount":23.75,"billing_code_modifier":[""],"providers":[{"billed_charge":70.00,"npi":[1396123857,1447409990,1528634995]},{"billed_charge":160.00,"npi":[1396123857,1447409990,1528634995]},{"billed_charge":170.00,"npi":[1396123857,1447409990,1528634995]},{"billed_charge":190.00,"npi":[1396123857,1447409990,1528634995]}]},{"allowed_amount":23.75,"billing_code_modifier":[""],"providers":[{"billed_charge":70.00,"npi":[1396123857,1447409990,1528634995]},{"billed_charge":160.00,"npi":[1396123857,1447409990,1528634995]},{"billed_charge":170.00,"npi":[1396123857,1447409990,1528634995]},{"billed_charge":190.00,"npi":[1396123857,1447409990,1528634995]}]}]},{"tin":{"type":"ein","value":"862762833"},"service_code":["11"],"billing_class":"professional","payments":[{"allowed_amount":23.75,"billing_code_modifier":[""],"providers":[{"billed_charge":70.00,"npi":[1396123857,1447409990,1528634995]},{"billed_charge":160.00,"npi":[1396123857,1447409990,1528634995]},{"billed_charge":170.00,"npi":[1396123857,1447409990,1528634995]},{"billed_charge":190.00,"npi":[1396123857,1447409990,1528634995]}]},{"allowed_amount":23.75,"billing_code_modifier":[""],"providers":[{"billed_charge":70.00,"npi":[1396123857,1447409990,1528634995]},{"billed_charge":160.00,"npi":[1396123857,1447409990,1528634995]},{"billed_charge":170.00,"npi":[1396123857,1447409990,1528634995]},{"billed_charge":190.00,"npi":[1396123857,1447409990,1528634995]}]},{"allowed_amount":23.75,"billing_code_modifier":[""],"providers":[{"billed_charge":70.00,"npi":[1396123857,1447409990,1528634995]},{"billed_charge":160.00,"npi":[1396123857,1447409990,1528634995]},{"billed_charge":170.00,"npi":[1396123857,1447409990,1528634995]},{"billed_charge":190.00,"npi":[1396123857,1447409990,1528634995]}]},{"allowed_amount":23.75,"billing_code_modifier":[""],"providers":[{"billed_charge":70.00,"npi":[1396123857,1447409990,1528634995]},{"billed_charge":160.00,"npi":[1396123857,1447409990,1528634995]},{"billed_charge":170.00,"npi":[1396123857,1447409990,1528634995]},{"billed_charge":190.00,"npi":[1396123857,1447409990,1528634995]}]}]},{"tin":{"type":"ein","value":"862762833"},"service_code":["11"],"billing_class":"professional","payments":[{"allowed_amount":23.75,"billing_code_modifier":[""],"providers":[{"billed_charge":70.00,"npi":[1396123857,1447409990,1528634995]},{"billed_charge":160.00,"npi":[1396123857,1447409990,1528634995]},{"billed_charge":170.00,"npi":[1396123857,1447409990,1528634995]},{"billed_charge":190.00,"npi":[1396123857,1447409990,1528634995]}]},{"allowed_amount":23.75,"billing_code_modifier":[""],"providers":[{"billed_charge":70.00,"npi":[1396123857,1447409990,1528634995]},{"billed_charge":160.00,"npi":[1396123857,1447409990,1528634995]},{"billed_charge":170.00,"npi":[1396123857,1447409990,1528634995]},{"billed_charge":190.00,"npi":[1396123857,1447409990,1528634995]}]},{"allowed_amount":23.75,"billing_code_modifier":[""],"providers":[{"billed_charge":70.00,"npi":[1396123857,1447409990,1528634995]},{"billed_charge":160.00,"npi":[1396123857,1447409990,1528634995]},{"billed_charge":170.00,"npi":[1396123857,1447409990,1528634995]},{"billed_charge":190.00,"npi":[1396123857,1447409990,1528634995]}]},{"allowed_amount":23.75,"billing_code_modifier":[""],"providers":[{"billed_charge":70.00,"npi":[1396123857,1447409990,1528634995]},{"billed_charge":160.00,"npi":[1396123857,1447409990,1528634995]},{"billed_charge":170.00,"npi":[1396123857,1447409990,1528634995]},{"billed_charge":190.00,"npi":[1396123857,1447409990,1528634995]}]}]}]}]}
