{"reporting_entity_name": "IEC Group_DBA AmeriBen",
	"reporting_entity_type": "Third Party Administrator",
	"plan_name": "SHEPHERD CENTER",
	"plan_id_type": "ein",
	"plan_id": "510141601",
	"plan_market_type": "group",
	"last_updated_on": "2025-06-01","Version": "1.0.0","out_of_network":[{"name":"HEMOGLOBIN GLYCOSYLATED A1C","billing_code_type":"CPT","billing_code_type_version":"2020","billing_code":"83036","description":"HEMOGLOBIN GLYCOSYLATED A1C","allowed_amounts":[{"tin":{"type":"ein","value":"382084239"},"service_code":["81"],"billing_class":"professional","payments":[{"allowed_amount":4.68,"billing_code_modifier":[""],"providers":[{"billed_charge":81.68,"npi":[1720267263,1932166386]},{"billed_charge":84.95,"npi":[1336419829,1669404760,1932166386]}]},{"allowed_amount":4.68,"billing_code_modifier":[""],"providers":[{"billed_charge":81.68,"npi":[1720267263,1932166386]},{"billed_charge":84.95,"npi":[1336419829,1669404760,1932166386]}]}]},{"tin":{"type":"ein","value":"382084239"},"service_code":["81"],"billing_class":"professional","payments":[{"allowed_amount":4.68,"billing_code_modifier":[""],"providers":[{"billed_charge":81.68,"npi":[1720267263,1932166386]},{"billed_charge":84.95,"npi":[1336419829,1669404760,1932166386]}]},{"allowed_amount":4.68,"billing_code_modifier":[""],"providers":[{"billed_charge":81.68,"npi":[1720267263,1932166386]},{"billed_charge":84.95,"npi":[1336419829,1669404760,1932166386]}]}]},{"tin":{"type":"ein","value":"471359076"},"service_code":["81"],"billing_class":"professional","payments":[{"allowed_amount":4.68,"billing_code_modifier":[""],"providers":[{"billed_charge":29.13,"npi":[1134538713,1598716995]}]}]},{"tin":{"type":"ein","value":"742554159"},"service_code":["81"],"billing_class":"professional","payments":[{"allowed_amount":4.68,"billing_code_modifier":[""],"providers":[{"billed_charge":82.00,"npi":[1194769497,1205541471,1982163754]}]}]},{"tin":{"type":"ein","value":"810576059"},"service_code":["81"],"billing_class":"professional","payments":[{"allowed_amount":4.68,"billing_code_modifier":[""],"providers":[{"billed_charge":40.68,"npi":[1215357629,1235186800,1639354434,1841317138,1912127861,1922096882]}]}]},{"tin":{"type":"ein","value":"872633751"},"service_code":["81"],"billing_class":"professional","payments":[{"allowed_amount":4.68,"billing_code_modifier":[""],"providers":[{"billed_charge":19.42,"npi":[1295967404,1821749896]}]}]}]},{"name":"LIPID PANEL","billing_code_type":"CPT","billing_code_type_version":"2020","billing_code":"80061","description":"LIPID PANEL","allowed_amounts":[{"tin":{"type":"ein","value":"382084239"},"service_code":["81"],"billing_class":"professional","payments":[{"allowed_amount":7.68,"billing_code_modifier":[""],"providers":[{"billed_charge":169.43,"npi":[1225152044,1336419829,1669404760,1932166386]}]}]},{"tin":{"type":"ein","value":"471359076"},"service_code":["81"],"billing_class":"professional","payments":[{"allowed_amount":7.68,"billing_code_modifier":[""],"providers":[{"billed_charge":40.17,"npi":[1134538713,1710974696]}]}]},{"tin":{"type":"ein","value":"742554159"},"service_code":["81"],"billing_class":"professional","payments":[{"allowed_amount":7.68,"billing_code_modifier":[""],"providers":[{"billed_charge":90.75,"npi":[1194769497,1205541471,1982163754]}]}]},{"tin":{"type":"ein","value":"810576059"},"service_code":["81"],"billing_class":"professional","payments":[{"allowed_amount":7.68,"billing_code_modifier":[""],"providers":[{"billed_charge":56.16,"npi":[1215357629,1235186800,1639354434,1841317138,1922096882]}]}]},{"tin":{"type":"ein","value":"872633751"},"service_code":["81"],"billing_class":"professional","payments":[{"allowed_amount":7.68,"billing_code_modifier":[""],"providers":[{"billed_charge":27.98,"npi":[1295967404,1821749896]}]}]}]},{"name":"MEDICAL\/SURGICAL SUPPLIES","billing_code_type":"RC","billing_code_type_version":"UB04","billing_code":"0270","description":"MEDICAL\/SURGICAL SUPPLIES","allowed_amounts":[{"tin":{"type":"ein","value":"582415318"},"service_code":["65"],"billing_class":"institutional","payments":[{"allowed_amount":2.62,"billing_code_modifier":[""],"providers":[{"billed_charge":149.10,"npi":[1336215037,1821100645]}]}]},{"tin":{"type":"ein","value":"582415318"},"service_code":["65"],"billing_class":"institutional","payments":[{"allowed_amount":2.74,"billing_code_modifier":[""],"providers":[{"billed_charge":149.10,"npi":[1336215037,1821100645]}]}]},{"tin":{"type":"ein","value":"582415318"},"service_code":["65"],"billing_class":"institutional","payments":[{"allowed_amount":3.07,"billing_code_modifier":[""],"providers":[{"billed_charge":149.10,"npi":[1336215037,1821100645]}]}]},{"tin":{"type":"ein","value":"582415318"},"service_code":["65"],"billing_class":"institutional","payments":[{"allowed_amount":3.56,"billing_code_modifier":[""],"providers":[{"billed_charge":149.10,"npi":[1336215037,1821100645]}]}]},{"tin":{"type":"ein","value":"582415318"},"service_code":["65"],"billing_class":"institutional","payments":[{"allowed_amount":3.76,"billing_code_modifier":[""],"providers":[{"billed_charge":149.10,"npi":[1336215037,1821100645]}]}]}]},{"name":"THER PX 1\/> AREAS EACH 15 MIN NEUROMUSC REEDUCA","billing_code_type":"CPT","billing_code_type_version":"2020","billing_code":"97112","description":"THER PX 1\/> AREAS EACH 15 MIN NEUROMUSC REEDUCA","allowed_amounts":[{"tin":{"type":"ein","value":"271178999"},"service_code":["11"],"billing_class":"professional","payments":[{"allowed_amount":32.17,"billing_code_modifier":[""],"providers":[{"billed_charge":37.00,"npi":[1326564097,1962727719]}]}]},{"tin":{"type":"ein","value":"450469764"},"service_code":["11"],"billing_class":"professional","payments":[{"allowed_amount":32.17,"billing_code_modifier":[""],"providers":[{"billed_charge":62.00,"npi":[1477961118,1902390057]},{"billed_charge":64.00,"npi":[1477961118,1902390057]}]},{"allowed_amount":32.17,"billing_code_modifier":[""],"providers":[{"billed_charge":62.00,"npi":[1477961118,1902390057]},{"billed_charge":64.00,"npi":[1477961118,1902390057]}]}]},{"tin":{"type":"ein","value":"450469764"},"service_code":["11"],"billing_class":"professional","payments":[{"allowed_amount":32.17,"billing_code_modifier":[""],"providers":[{"billed_charge":62.00,"npi":[1477961118,1902390057]},{"billed_charge":64.00,"npi":[1477961118,1902390057]}]},{"allowed_amount":32.17,"billing_code_modifier":[""],"providers":[{"billed_charge":62.00,"npi":[1477961118,1902390057]},{"billed_charge":64.00,"npi":[1477961118,1902390057]}]}]},{"tin":{"type":"ein","value":"850861230"},"service_code":["11"],"billing_class":"professional","payments":[{"allowed_amount":32.17,"billing_code_modifier":[""],"providers":[{"billed_charge":50.00,"npi":[1902321763]}]}]},{"tin":{"type":"ein","value":"872278955"},"service_code":["11"],"billing_class":"professional","payments":[{"allowed_amount":32.17,"billing_code_modifier":[""],"providers":[{"billed_charge":80.00,"npi":[1477220861,1528517026]}]}]}]},{"name":"THERAPEUT ACTVITY DIRECT PT CONTACT EACH 15 MIN","billing_code_type":"CPT","billing_code_type_version":"2020","billing_code":"97530","description":"THERAPEUT ACTVITY DIRECT PT CONTACT EACH 15 MIN","allowed_amounts":[{"tin":{"type":"ein","value":"061753491"},"service_code":["11"],"billing_class":"professional","payments":[{"allowed_amount":36.02,"billing_code_modifier":[""],"providers":[{"billed_charge":100.00,"npi":[1578574455,1689625774]}]}]},{"tin":{"type":"ein","value":"271178999"},"service_code":["11"],"billing_class":"professional","payments":[{"allowed_amount":36.02,"billing_code_modifier":[""],"providers":[{"billed_charge":37.00,"npi":[1326564097,1962727719]}]}]},{"tin":{"type":"ein","value":"450469764"},"service_code":["11"],"billing_class":"professional","payments":[{"allowed_amount":36.02,"billing_code_modifier":[""],"providers":[{"billed_charge":62.00,"npi":[1477961118,1902390057]},{"billed_charge":64.00,"npi":[1477961118,1902390057]}]},{"allowed_amount":36.02,"billing_code_modifier":[""],"providers":[{"billed_charge":62.00,"npi":[1477961118,1902390057]},{"billed_charge":64.00,"npi":[1477961118,1902390057]}]}]},{"tin":{"type":"ein","value":"450469764"},"service_code":["11"],"billing_class":"professional","payments":[{"allowed_amount":36.02,"billing_code_modifier":[""],"providers":[{"billed_charge":62.00,"npi":[1477961118,1902390057]},{"billed_charge":64.00,"npi":[1477961118,1902390057]}]},{"allowed_amount":36.02,"billing_code_modifier":[""],"providers":[{"billed_charge":62.00,"npi":[1477961118,1902390057]},{"billed_charge":64.00,"npi":[1477961118,1902390057]}]}]},{"tin":{"type":"ein","value":"850861230"},"service_code":["11"],"billing_class":"professional","payments":[{"allowed_amount":36.02,"billing_code_modifier":[""],"providers":[{"billed_charge":50.00,"npi":[1902321763]}]}]}]},{"name":"THERAPEUTIC PX 1\/> AREAS EACH 15 MIN EXERCISES","billing_code_type":"CPT","billing_code_type_version":"2020","billing_code":"97110","description":"THERAPEUTIC PX 1\/> AREAS EACH 15 MIN EXERCISES","allowed_amounts":[{"tin":{"type":"ein","value":"061753491"},"service_code":["11"],"billing_class":"professional","payments":[{"allowed_amount":27.99,"billing_code_modifier":[""],"providers":[{"billed_charge":70.00,"npi":[1578574455,1689625774]}]}]},{"tin":{"type":"ein","value":"271178999"},"service_code":["11"],"billing_class":"professional","payments":[{"allowed_amount":27.99,"billing_code_modifier":[""],"providers":[{"billed_charge":37.00,"npi":[1326564097,1962727719]}]}]},{"tin":{"type":"ein","value":"450469764"},"service_code":["11"],"billing_class":"professional","payments":[{"allowed_amount":27.99,"billing_code_modifier":[""],"providers":[{"billed_charge":62.00,"npi":[1477961118,1902390057]},{"billed_charge":64.00,"npi":[1477961118,1902390057]}]},{"allowed_amount":27.99,"billing_code_modifier":[""],"providers":[{"billed_charge":62.00,"npi":[1477961118,1902390057]},{"billed_charge":64.00,"npi":[1477961118,1902390057]}]}]},{"tin":{"type":"ein","value":"450469764"},"service_code":["11"],"billing_class":"professional","payments":[{"allowed_amount":27.99,"billing_code_modifier":[""],"providers":[{"billed_charge":62.00,"npi":[1477961118,1902390057]},{"billed_charge":64.00,"npi":[1477961118,1902390057]}]},{"allowed_amount":27.99,"billing_code_modifier":[""],"providers":[{"billed_charge":62.00,"npi":[1477961118,1902390057]},{"billed_charge":64.00,"npi":[1477961118,1902390057]}]}]},{"tin":{"type":"ein","value":"850861230"},"service_code":["11"],"billing_class":"professional","payments":[{"allowed_amount":27.99,"billing_code_modifier":[""],"providers":[{"billed_charge":112.50,"npi":[1902321763]}]}]},{"tin":{"type":"ein","value":"872278955"},"service_code":["11"],"billing_class":"professional","payments":[{"allowed_amount":27.99,"billing_code_modifier":[""],"providers":[{"billed_charge":80.00,"npi":[1477220861,1528517026]}]}]}]}]}
