{"reporting_entity_name": "IEC Group_DBA AmeriBen",
	"reporting_entity_type": "Third Party Administrator",
	"plan_name": "URSCHEL LABORATORIES INC",
	"issuer_name": "IEC Group_DBA AmeriBen",
	"plan_sponsor_name": "URSCHEL LABORATORIES INC",
	"plan_id_type": "ein",
	"plan_id": "350726105",
	"plan_market_type": "group",
	"last_updated_on": "2026-02-01","reporting_period": {
		"start_date": "2025-08-05",
		"end_date": "2025-11-03"
	},"version": "2.0.0","out_of_network":[{"name":"ACUTE HEPATITIS PANEL","billing_code_type":"CPT","billing_code_type_version":"2020","billing_code":"80074","description":"ACUTE HEPATITIS PANEL","allowed_amounts":[{"tin":{"type":"ein","value":"883286578"},"service_code":["81"],"billing_class":"professional","setting":"outpatient","payments":[{"allowed_amount":19.99,"providers":[{"billed_charge":438.45,"npi":[1366150773,1497891840]}]}]}]},{"name":"ALS IV DRUG THERAPY SUPPLIES","billing_code_type":"HCPCS","billing_code_type_version":"HCPCS LEVEL II 2021","billing_code":"A0394","description":"ALS IV DRUG THERAPY SUPPLIES","allowed_amounts":[{"tin":{"type":"ein","value":"271130459"},"service_code":["41"],"billing_class":"professional","setting":"outpatient","payments":[{"allowed_amount":0.00,"providers":[{"billed_charge":250.00,"npi":[1952683229]}]}]}]},{"name":"AMB SERVICE BLS EMERGENCY TRANSPORT","billing_code_type":"HCPCS","billing_code_type_version":"HCPCS LEVEL II 2021","billing_code":"A0429","description":"AMB SERVICE BLS EMERGENCY TRANSPORT","allowed_amounts":[{"tin":{"type":"ein","value":"873690973"},"service_code":["41"],"billing_class":"professional","setting":"outpatient","payments":[{"allowed_amount":1000.00,"providers":[{"billed_charge":1000.00,"npi":[1780339051]}]}]}]},{"name":"ANESTHESIA INTRAORAL WITH BIOPSY NOS","billing_code_type":"CPT","billing_code_type_version":"2020","billing_code":"00170","description":"ANESTHESIA INTRAORAL WITH BIOPSY NOS","allowed_amounts":[{"tin":{"type":"ein","value":"874210118"},"service_code":["11"],"billing_class":"professional","setting":"outpatient","payments":[{"allowed_amount":185.64,"providers":[{"billed_charge":950.00,"npi":[1811194160]}]}]}]},{"name":"ASSAY OF MAGNESIUM","billing_code_type":"CPT","billing_code_type_version":"2020","billing_code":"83735","description":"ASSAY OF MAGNESIUM","allowed_amounts":[{"tin":{"type":"ein","value":"333691586"},"service_code":["23"],"billing_class":"professional","setting":"outpatient","payments":[{"allowed_amount":0.00,"providers":[{"billed_charge":22.00,"npi":[1417742685,1851748552,1992071294]}]}]}]},{"name":"BETA 2 GLYCOPROTEIN I ANTIBODY EACH","billing_code_type":"CPT","billing_code_type_version":"2020","billing_code":"86146","description":"BETA 2 GLYCOPROTEIN I ANTIBODY EACH","allowed_amounts":[{"tin":{"type":"ein","value":"200434866"},"service_code":["81"],"billing_class":"professional","setting":"outpatient","payments":[{"allowed_amount":10.68,"providers":[{"billed_charge":127.25,"npi":[1245494517,1285909481]}]}]}]},{"name":"BLOOD COUNT COMPLETE AUTO&AUTO DIFRNTL WBC","billing_code_type":"CPT","billing_code_type_version":"2020","billing_code":"85025","description":"BLOOD COUNT COMPLETE AUTO&AUTO DIFRNTL WBC","allowed_amounts":[{"tin":{"type":"ein","value":"333691586"},"service_code":["23"],"billing_class":"professional","setting":"outpatient","payments":[{"allowed_amount":0.00,"providers":[{"billed_charge":27.00,"npi":[1417742685,1851748552,1992071294]}]}]}]},{"name":"CARDIOLIPIN ANTIBODY EACH IG CLASS","billing_code_type":"CPT","billing_code_type_version":"2020","billing_code":"86147","description":"CARDIOLIPIN ANTIBODY EACH IG CLASS","allowed_amounts":[{"tin":{"type":"ein","value":"200434866"},"service_code":["81"],"billing_class":"professional","setting":"outpatient","payments":[{"allowed_amount":10.68,"providers":[{"billed_charge":127.25,"npi":[1245494517,1285909481]}]}]}]},{"name":"COMPREHENSIVE METABOLIC PANEL","billing_code_type":"CPT","billing_code_type_version":"2020","billing_code":"80053","description":"COMPREHENSIVE METABOLIC PANEL","allowed_amounts":[{"tin":{"type":"ein","value":"333691586"},"service_code":["23"],"billing_class":"professional","setting":"outpatient","payments":[{"allowed_amount":0.00,"providers":[{"billed_charge":37.00,"npi":[1417742685,1851748552,1992071294]}]}]},{"tin":{"type":"ein","value":"883286578"},"service_code":["81"],"billing_class":"professional","setting":"outpatient","payments":[{"allowed_amount":0.00,"providers":[{"billed_charge":74.25,"npi":[1366150773,1497891840]}]}]}]},{"name":"CONTINUOUS POS AIRWAY PRESSURE DEVC","billing_code_type":"HCPCS","billing_code_type_version":"HCPCS LEVEL II 2021","billing_code":"E0601","description":"CONTINUOUS POS AIRWAY PRESSURE DEVC","allowed_amounts":[{"tin":{"type":"ein","value":"452683127"},"service_code":["12"],"billing_class":"professional","setting":"outpatient","payments":[{"allowed_amount":34.09,"providers":[{"billed_charge":98.00,"npi":[1023353174,1144767542]}]}]}]},{"name":"CUL BACT AEROBIC ADDL METHS DEFINITIVE EA ISOL","billing_code_type":"CPT","billing_code_type_version":"2020","billing_code":"87077","description":"CUL BACT AEROBIC ADDL METHS DEFINITIVE EA ISOL","allowed_amounts":[{"tin":{"type":"ein","value":"208473972"},"service_code":["81"],"billing_class":"professional","setting":"outpatient","payments":[{"allowed_amount":3.25,"providers":[{"billed_charge":231.81,"npi":[1174573281,1215151154]}]}]}]},{"name":"CUL PRSMPTV PTHGNC ORGANISM SCRN W\/COLONY ESTIMJ","billing_code_type":"CPT","billing_code_type_version":"2020","billing_code":"87081","description":"CUL PRSMPTV PTHGNC ORGANISM SCRN W\/COLONY ESTIMJ","allowed_amounts":[{"tin":{"type":"ein","value":"208473972"},"service_code":["81"],"billing_class":"professional","setting":"outpatient","payments":[{"allowed_amount":2.78,"providers":[{"billed_charge":278.39,"npi":[1215151154,1780899898]}]}]}]},{"name":"CULTURE BACTERIAL QUANTTATIVE COLONY COUNT URINE","billing_code_type":"CPT","billing_code_type_version":"2020","billing_code":"87086","description":"CULTURE BACTERIAL QUANTTATIVE COLONY COUNT URINE","allowed_amounts":[{"tin":{"type":"ein","value":"208473972"},"service_code":["81"],"billing_class":"professional","setting":"outpatient","payments":[{"allowed_amount":3.38,"providers":[{"billed_charge":74.31,"npi":[1174573281,1215151154]}]}]},{"tin":{"type":"ein","value":"300711211"},"service_code":["81"],"billing_class":"professional","setting":"outpatient","payments":[{"allowed_amount":12.64,"providers":[{"billed_charge":50.00,"npi":[1154313765,1861763658]}]}]}]},{"name":"DR TST DEFN DR ID M P D 15-21 DR CL","billing_code_type":"HCPCS","billing_code_type_version":"HCPCS LEVEL II 2021","billing_code":"G0482","description":"DR TST DEFN DR ID M P D 15-21 DR CL","allowed_amounts":[{"tin":{"type":"ein","value":"880241758"},"service_code":["81"],"billing_class":"professional","setting":"outpatient","payments":[{"allowed_amount":27.18,"providers":[{"billed_charge":745.00,"npi":[1003956301,1699782722]}]}]}]},{"name":"DRUGS REQUIRE SPECIFIC ID: DRUGS REQUIRING DETAIL","billing_code_type":"RC","billing_code_type_version":"UB04","billing_code":"0636","description":"DRUGS REQUIRE SPECIFIC ID: DRUGS REQUIRING DETAIL","allowed_amounts":[{"tin":{"type":"ein","value":"472407123"},"billing_class":"institutional","setting":"inpatient","payments":[{"allowed_amount":0.00,"providers":[{"billed_charge":6.09,"npi":[1326580960]},{"billed_charge":123.13,"npi":[1326580960]},{"billed_charge":176.40,"npi":[1326580960]},{"billed_charge":304.32,"npi":[1326580960]},{"billed_charge":379.28,"npi":[1326580960]},{"billed_charge":418.72,"npi":[1326580960]}]},{"allowed_amount":0.00,"providers":[{"billed_charge":6.09,"npi":[1326580960]},{"billed_charge":123.13,"npi":[1326580960]},{"billed_charge":176.40,"npi":[1326580960]},{"billed_charge":304.32,"npi":[1326580960]},{"billed_charge":379.28,"npi":[1326580960]},{"billed_charge":418.72,"npi":[1326580960]}]},{"allowed_amount":0.00,"providers":[{"billed_charge":6.09,"npi":[1326580960]},{"billed_charge":123.13,"npi":[1326580960]},{"billed_charge":176.40,"npi":[1326580960]},{"billed_charge":304.32,"npi":[1326580960]},{"billed_charge":379.28,"npi":[1326580960]},{"billed_charge":418.72,"npi":[1326580960]}]},{"allowed_amount":0.00,"providers":[{"billed_charge":6.09,"npi":[1326580960]},{"billed_charge":123.13,"npi":[1326580960]},{"billed_charge":176.40,"npi":[1326580960]},{"billed_charge":304.32,"npi":[1326580960]},{"billed_charge":379.28,"npi":[1326580960]},{"billed_charge":418.72,"npi":[1326580960]}]},{"allowed_amount":0.00,"providers":[{"billed_charge":6.09,"npi":[1326580960]},{"billed_charge":123.13,"npi":[1326580960]},{"billed_charge":176.40,"npi":[1326580960]},{"billed_charge":304.32,"npi":[1326580960]},{"billed_charge":379.28,"npi":[1326580960]},{"billed_charge":418.72,"npi":[1326580960]}]},{"allowed_amount":0.00,"providers":[{"billed_charge":6.09,"npi":[1326580960]},{"billed_charge":123.13,"npi":[1326580960]},{"billed_charge":176.40,"npi":[1326580960]},{"billed_charge":304.32,"npi":[1326580960]},{"billed_charge":379.28,"npi":[1326580960]},{"billed_charge":418.72,"npi":[1326580960]}]}]},{"tin":{"type":"ein","value":"472407123"},"billing_class":"institutional","setting":"inpatient","payments":[{"allowed_amount":0.00,"providers":[{"billed_charge":6.09,"npi":[1326580960]},{"billed_charge":123.13,"npi":[1326580960]},{"billed_charge":176.40,"npi":[1326580960]},{"billed_charge":304.32,"npi":[1326580960]},{"billed_charge":379.28,"npi":[1326580960]},{"billed_charge":418.72,"npi":[1326580960]}]},{"allowed_amount":0.00,"providers":[{"billed_charge":6.09,"npi":[1326580960]},{"billed_charge":123.13,"npi":[1326580960]},{"billed_charge":176.40,"npi":[1326580960]},{"billed_charge":304.32,"npi":[1326580960]},{"billed_charge":379.28,"npi":[1326580960]},{"billed_charge":418.72,"npi":[1326580960]}]},{"allowed_amount":0.00,"providers":[{"billed_charge":6.09,"npi":[1326580960]},{"billed_charge":123.13,"npi":[1326580960]},{"billed_charge":176.40,"npi":[1326580960]},{"billed_charge":304.32,"npi":[1326580960]},{"billed_charge":379.28,"npi":[1326580960]},{"billed_charge":418.72,"npi":[1326580960]}]},{"allowed_amount":0.00,"providers":[{"billed_charge":6.09,"npi":[1326580960]},{"billed_charge":123.13,"npi":[1326580960]},{"billed_charge":176.40,"npi":[1326580960]},{"billed_charge":304.32,"npi":[1326580960]},{"billed_charge":379.28,"npi":[1326580960]},{"billed_charge":418.72,"npi":[1326580960]}]},{"allowed_amount":0.00,"providers":[{"billed_charge":6.09,"npi":[1326580960]},{"billed_charge":123.13,"npi":[1326580960]},{"billed_charge":176.40,"npi":[1326580960]},{"billed_charge":304.32,"npi":[1326580960]},{"billed_charge":379.28,"npi":[1326580960]},{"billed_charge":418.72,"npi":[1326580960]}]},{"allowed_amount":0.00,"providers":[{"billed_charge":6.09,"npi":[1326580960]},{"billed_charge":123.13,"npi":[1326580960]},{"billed_charge":176.40,"npi":[1326580960]},{"billed_charge":304.32,"npi":[1326580960]},{"billed_charge":379.28,"npi":[1326580960]},{"billed_charge":418.72,"npi":[1326580960]}]}]},{"tin":{"type":"ein","value":"472407123"},"billing_class":"institutional","setting":"inpatient","payments":[{"allowed_amount":0.00,"providers":[{"billed_charge":6.09,"npi":[1326580960]},{"billed_charge":123.13,"npi":[1326580960]},{"billed_charge":176.40,"npi":[1326580960]},{"billed_charge":304.32,"npi":[1326580960]},{"billed_charge":379.28,"npi":[1326580960]},{"billed_charge":418.72,"npi":[1326580960]}]},{"allowed_amount":0.00,"providers":[{"billed_charge":6.09,"npi":[1326580960]},{"billed_charge":123.13,"npi":[1326580960]},{"billed_charge":176.40,"npi":[1326580960]},{"billed_charge":304.32,"npi":[1326580960]},{"billed_charge":379.28,"npi":[1326580960]},{"billed_charge":418.72,"npi":[1326580960]}]},{"allowed_amount":0.00,"providers":[{"billed_charge":6.09,"npi":[1326580960]},{"billed_charge":123.13,"npi":[1326580960]},{"billed_charge":176.40,"npi":[1326580960]},{"billed_charge":304.32,"npi":[1326580960]},{"billed_charge":379.28,"npi":[1326580960]},{"billed_charge":418.72,"npi":[1326580960]}]},{"allowed_amount":0.00,"providers":[{"billed_charge":6.09,"npi":[1326580960]},{"billed_charge":123.13,"npi":[1326580960]},{"billed_charge":176.40,"npi":[1326580960]},{"billed_charge":304.32,"npi":[1326580960]},{"billed_charge":379.28,"npi":[1326580960]},{"billed_charge":418.72,"npi":[1326580960]}]},{"allowed_amount":0.00,"providers":[{"billed_charge":6.09,"npi":[1326580960]},{"billed_charge":123.13,"npi":[1326580960]},{"billed_charge":176.40,"npi":[1326580960]},{"billed_charge":304.32,"npi":[1326580960]},{"billed_charge":379.28,"npi":[1326580960]},{"billed_charge":418.72,"npi":[1326580960]}]},{"allowed_amount":0.00,"providers":[{"billed_charge":6.09,"npi":[1326580960]},{"billed_charge":123.13,"npi":[1326580960]},{"billed_charge":176.40,"npi":[1326580960]},{"billed_charge":304.32,"npi":[1326580960]},{"billed_charge":379.28,"npi":[1326580960]},{"billed_charge":418.72,"npi":[1326580960]}]}]},{"tin":{"type":"ein","value":"472407123"},"billing_class":"institutional","setting":"inpatient","payments":[{"allowed_amount":0.00,"providers":[{"billed_charge":6.09,"npi":[1326580960]},{"billed_charge":123.13,"npi":[1326580960]},{"billed_charge":176.40,"npi":[1326580960]},{"billed_charge":304.32,"npi":[1326580960]},{"billed_charge":379.28,"npi":[1326580960]},{"billed_charge":418.72,"npi":[1326580960]}]},{"allowed_amount":0.00,"providers":[{"billed_charge":6.09,"npi":[1326580960]},{"billed_charge":123.13,"npi":[1326580960]},{"billed_charge":176.40,"npi":[1326580960]},{"billed_charge":304.32,"npi":[1326580960]},{"billed_charge":379.28,"npi":[1326580960]},{"billed_charge":418.72,"npi":[1326580960]}]},{"allowed_amount":0.00,"providers":[{"billed_charge":6.09,"npi":[1326580960]},{"billed_charge":123.13,"npi":[1326580960]},{"billed_charge":176.40,"npi":[1326580960]},{"billed_charge":304.32,"npi":[1326580960]},{"billed_charge":379.28,"npi":[1326580960]},{"billed_charge":418.72,"npi":[1326580960]}]},{"allowed_amount":0.00,"providers":[{"billed_charge":6.09,"npi":[1326580960]},{"billed_charge":123.13,"npi":[1326580960]},{"billed_charge":176.40,"npi":[1326580960]},{"billed_charge":304.32,"npi":[1326580960]},{"billed_charge":379.28,"npi":[1326580960]},{"billed_charge":418.72,"npi":[1326580960]}]},{"allowed_amount":0.00,"providers":[{"billed_charge":6.09,"npi":[1326580960]},{"billed_charge":123.13,"npi":[1326580960]},{"billed_charge":176.40,"npi":[1326580960]},{"billed_charge":304.32,"npi":[1326580960]},{"billed_charge":379.28,"npi":[1326580960]},{"billed_charge":418.72,"npi":[1326580960]}]},{"allowed_amount":0.00,"providers":[{"billed_charge":6.09,"npi":[1326580960]},{"billed_charge":123.13,"npi":[1326580960]},{"billed_charge":176.40,"npi":[1326580960]},{"billed_charge":304.32,"npi":[1326580960]},{"billed_charge":379.28,"npi":[1326580960]},{"billed_charge":418.72,"npi":[1326580960]}]}]},{"tin":{"type":"ein","value":"472407123"},"billing_class":"institutional","setting":"inpatient","payments":[{"allowed_amount":0.00,"providers":[{"billed_charge":6.09,"npi":[1326580960]},{"billed_charge":123.13,"npi":[1326580960]},{"billed_charge":176.40,"npi":[1326580960]},{"billed_charge":304.32,"npi":[1326580960]},{"billed_charge":379.28,"npi":[1326580960]},{"billed_charge":418.72,"npi":[1326580960]}]},{"allowed_amount":0.00,"providers":[{"billed_charge":6.09,"npi":[1326580960]},{"billed_charge":123.13,"npi":[1326580960]},{"billed_charge":176.40,"npi":[1326580960]},{"billed_charge":304.32,"npi":[1326580960]},{"billed_charge":379.28,"npi":[1326580960]},{"billed_charge":418.72,"npi":[1326580960]}]},{"allowed_amount":0.00,"providers":[{"billed_charge":6.09,"npi":[1326580960]},{"billed_charge":123.13,"npi":[1326580960]},{"billed_charge":176.40,"npi":[1326580960]},{"billed_charge":304.32,"npi":[1326580960]},{"billed_charge":379.28,"npi":[1326580960]},{"billed_charge":418.72,"npi":[1326580960]}]},{"allowed_amount":0.00,"providers":[{"billed_charge":6.09,"npi":[1326580960]},{"billed_charge":123.13,"npi":[1326580960]},{"billed_charge":176.40,"npi":[1326580960]},{"billed_charge":304.32,"npi":[1326580960]},{"billed_charge":379.28,"npi":[1326580960]},{"billed_charge":418.72,"npi":[1326580960]}]},{"allowed_amount":0.00,"providers":[{"billed_charge":6.09,"npi":[1326580960]},{"billed_charge":123.13,"npi":[1326580960]},{"billed_charge":176.40,"npi":[1326580960]},{"billed_charge":304.32,"npi":[1326580960]},{"billed_charge":379.28,"npi":[1326580960]},{"billed_charge":418.72,"npi":[1326580960]}]},{"allowed_amount":0.00,"providers":[{"billed_charge":6.09,"npi":[1326580960]},{"billed_charge":123.13,"npi":[1326580960]},{"billed_charge":176.40,"npi":[1326580960]},{"billed_charge":304.32,"npi":[1326580960]},{"billed_charge":379.28,"npi":[1326580960]},{"billed_charge":418.72,"npi":[1326580960]}]}]},{"tin":{"type":"ein","value":"472407123"},"billing_class":"institutional","setting":"inpatient","payments":[{"allowed_amount":0.00,"providers":[{"billed_charge":6.09,"npi":[1326580960]},{"billed_charge":123.13,"npi":[1326580960]},{"billed_charge":176.40,"npi":[1326580960]},{"billed_charge":304.32,"npi":[1326580960]},{"billed_charge":379.28,"npi":[1326580960]},{"billed_charge":418.72,"npi":[1326580960]}]},{"allowed_amount":0.00,"providers":[{"billed_charge":6.09,"npi":[1326580960]},{"billed_charge":123.13,"npi":[1326580960]},{"billed_charge":176.40,"npi":[1326580960]},{"billed_charge":304.32,"npi":[1326580960]},{"billed_charge":379.28,"npi":[1326580960]},{"billed_charge":418.72,"npi":[1326580960]}]},{"allowed_amount":0.00,"providers":[{"billed_charge":6.09,"npi":[1326580960]},{"billed_charge":123.13,"npi":[1326580960]},{"billed_charge":176.40,"npi":[1326580960]},{"billed_charge":304.32,"npi":[1326580960]},{"billed_charge":379.28,"npi":[1326580960]},{"billed_charge":418.72,"npi":[1326580960]}]},{"allowed_amount":0.00,"providers":[{"billed_charge":6.09,"npi":[1326580960]},{"billed_charge":123.13,"npi":[1326580960]},{"billed_charge":176.40,"npi":[1326580960]},{"billed_charge":304.32,"npi":[1326580960]},{"billed_charge":379.28,"npi":[1326580960]},{"billed_charge":418.72,"npi":[1326580960]}]},{"allowed_amount":0.00,"providers":[{"billed_charge":6.09,"npi":[1326580960]},{"billed_charge":123.13,"npi":[1326580960]},{"billed_charge":176.40,"npi":[1326580960]},{"billed_charge":304.32,"npi":[1326580960]},{"billed_charge":379.28,"npi":[1326580960]},{"billed_charge":418.72,"npi":[1326580960]}]},{"allowed_amount":0.00,"providers":[{"billed_charge":6.09,"npi":[1326580960]},{"billed_charge":123.13,"npi":[1326580960]},{"billed_charge":176.40,"npi":[1326580960]},{"billed_charge":304.32,"npi":[1326580960]},{"billed_charge":379.28,"npi":[1326580960]},{"billed_charge":418.72,"npi":[1326580960]}]}]}]},{"name":"ECG ROUTINE ECG W\/LEAST 12 LDS W\/I&R","billing_code_type":"CPT","billing_code_type_version":"2020","billing_code":"93000","description":"ECG ROUTINE ECG W\/LEAST 12 LDS W\/I&R","allowed_amounts":[{"tin":{"type":"ein","value":"271130459"},"service_code":["41"],"billing_class":"professional","setting":"outpatient","payments":[{"allowed_amount":20.78,"providers":[{"billed_charge":400.00,"npi":[1952683229]}]}]}]},{"name":"EEG NONINTRACRANIAL SURGERY","billing_code_type":"CPT","billing_code_type_version":"2020","billing_code":"95955","description":"EEG NONINTRACRANIAL SURGERY","allowed_amounts":[{"tin":{"type":"ein","value":"853229794"},"service_code":["15"],"billing_class":"professional","setting":"outpatient","payments":[{"allowed_amount":93.33,"providers":[{"billed_charge":1755.00,"npi":[1336746122,1578083572]}]}]}]},{"name":"ELECTRODES  PER PAIR","billing_code_type":"HCPCS","billing_code_type_version":"HCPCS LEVEL II 2021","billing_code":"A4556","description":"ELECTRODES  PER PAIR","allowed_amounts":[{"tin":{"type":"ein","value":"853229794"},"service_code":["15"],"billing_class":"professional","setting":"outpatient","payments":[{"allowed_amount":0.00,"providers":[{"billed_charge":48.00,"npi":[1336746122,1578083572]}]}]}]},{"name":"EMERGENCY DEPARTMENT VISIT HIGH MDM","billing_code_type":"CPT","billing_code_type_version":"2020","billing_code":"99285","description":"EMERGENCY DEPARTMENT VISIT HIGH MDM","allowed_amounts":[{"tin":{"type":"ein","value":"200323858"},"service_code":["23"],"billing_class":"professional","setting":"outpatient","payments":[{"allowed_amount":275.01,"providers":[{"billed_charge":1126.00,"npi":[1013951219,1033527874,1215151154,1508895434,1598027245,1679557656,1689838815,1760407001,1760423461]}]}]}]},{"name":"EMERGENCY DEPARTMENT VISIT LOW MDM","billing_code_type":"CPT","billing_code_type_version":"2020","billing_code":"99283","description":"EMERGENCY DEPARTMENT VISIT LOW MDM","allowed_amounts":[{"tin":{"type":"ein","value":"200323858"},"service_code":["23"],"billing_class":"professional","setting":"outpatient","payments":[{"allowed_amount":98.05,"providers":[{"billed_charge":456.00,"npi":[1013951219,1518955327]}]}]},{"tin":{"type":"ein","value":"200323858"},"service_code":["23"],"billing_class":"professional","setting":"outpatient","payments":[{"allowed_amount":111.84,"providers":[{"billed_charge":456.00,"npi":[1013951219,1144503152,1215151154,1487049466,1760423461]}]}]}]},{"name":"EMERGENCY DEPARTMENT VISIT MODERATE MDM","billing_code_type":"CPT","billing_code_type_version":"2020","billing_code":"99284","description":"EMERGENCY DEPARTMENT VISIT MODERATE MDM","allowed_amounts":[{"tin":{"type":"ein","value":"200323858"},"service_code":["23"],"billing_class":"professional","setting":"outpatient","payments":[{"allowed_amount":164.58,"providers":[{"billed_charge":774.00,"npi":[1013951219,1114566379,1215151154,1285002378]}]}]},{"tin":{"type":"ein","value":"200323858"},"service_code":["23"],"billing_class":"professional","setting":"outpatient","payments":[{"allowed_amount":168.07,"providers":[{"billed_charge":774.00,"npi":[1013951219,1265157192]}]}]},{"tin":{"type":"ein","value":"200323858"},"service_code":["23"],"billing_class":"professional","setting":"outpatient","payments":[{"allowed_amount":189.53,"providers":[{"billed_charge":774.00,"npi":[1013951219,1144503152,1164555884,1376596015,1457921827,1487049466,1508895434,1710252929,1710272976,1750746285,1760423461,1760793434,1801886593]}]}]},{"tin":{"type":"ein","value":"474619023"},"service_code":["23"],"billing_class":"professional","setting":"outpatient","payments":[{"allowed_amount":200.45,"providers":[{"billed_charge":1327.31,"npi":[1184009482,1730149592]}]}]}]},{"name":"EMERGENCY DEPARTMENT VISIT STRAIGHTFORWARD MDM","billing_code_type":"CPT","billing_code_type_version":"2020","billing_code":"99282","description":"EMERGENCY DEPARTMENT VISIT STRAIGHTFORWARD MDM","allowed_amounts":[{"tin":{"type":"ein","value":"200323858"},"service_code":["23"],"billing_class":"professional","setting":"outpatient","payments":[{"allowed_amount":65.81,"providers":[{"billed_charge":269.00,"npi":[1013951219,1215151154,1689838815]}]}]}]},{"name":"EMERGENCY ROOM","billing_code_type":"RC","billing_code_type_version":"UB04","billing_code":"0450","description":"EMERGENCY ROOM","allowed_amounts":[{"tin":{"type":"ein","value":"472407123"},"billing_class":"institutional","setting":"inpatient","payments":[{"allowed_amount":1405.61,"providers":[{"billed_charge":2945.69,"npi":[1326580960]}]}]}]},{"name":"EXPOSURE OF AN UNERUPTED TOOTH","billing_code_type":"HCPCS","billing_code_type_version":"HCPCS LEVEL II 2021","billing_code":"D7280","description":"EXPOSURE OF AN UNERUPTED TOOTH","allowed_amounts":[{"tin":{"type":"ein","value":"874210118"},"service_code":["11"],"billing_class":"professional","setting":"outpatient","payments":[{"allowed_amount":260.10,"providers":[{"billed_charge":950.00,"npi":[1811194160]}]}]}]},{"name":"EXTRACTABLE NUCLEAR ANTIGEN ANTIBODY ANY METHOD","billing_code_type":"CPT","billing_code_type_version":"2020","billing_code":"86235","description":"EXTRACTABLE NUCLEAR ANTIGEN ANTIBODY ANY METHOD","allowed_amounts":[{"tin":{"type":"ein","value":"200434866"},"service_code":["81"],"billing_class":"professional","setting":"outpatient","payments":[{"allowed_amount":52.71,"providers":[{"billed_charge":627.55,"npi":[1245494517,1285909481]}]}]}]},{"name":"FLOW CYTOMETRY CELL SURF MARKER TECHL ONLY 1ST","billing_code_type":"CPT","billing_code_type_version":"2020","billing_code":"88184","description":"FLOW CYTOMETRY CELL SURF MARKER TECHL ONLY 1ST","allowed_amounts":[{"tin":{"type":"ein","value":"200434866"},"service_code":["81"],"billing_class":"professional","setting":"outpatient","payments":[{"allowed_amount":23.14,"providers":[{"billed_charge":440.40,"npi":[1245494517,1285909481]}]}]}]},{"name":"FLOW CYTOMETRY CELL SURF MARKER TECHL ONLY EA","billing_code_type":"CPT","billing_code_type_version":"2020","billing_code":"88185","description":"FLOW CYTOMETRY CELL SURF MARKER TECHL ONLY EA","allowed_amounts":[{"tin":{"type":"ein","value":"200434866"},"service_code":["81"],"billing_class":"professional","setting":"outpatient","payments":[{"allowed_amount":20.80,"providers":[{"billed_charge":282.90,"npi":[1245494517,1285909481]}]}]}]},{"name":"FLOW CYTOMETRY INTERPJ 2-8 MARKERS","billing_code_type":"CPT","billing_code_type_version":"2020","billing_code":"88187","description":"FLOW CYTOMETRY INTERPJ 2-8 MARKERS","allowed_amounts":[{"tin":{"type":"ein","value":"200434866"},"service_code":["81"],"billing_class":"professional","setting":"outpatient","payments":[{"allowed_amount":16.41,"providers":[{"billed_charge":200.00,"npi":[1245494517,1285909481]}]}]}]},{"name":"GENERAL HEALTH PANEL","billing_code_type":"CPT","billing_code_type_version":"2020","billing_code":"80050","description":"GENERAL HEALTH PANEL","allowed_amounts":[{"tin":{"type":"ein","value":"883286578"},"service_code":["81"],"billing_class":"professional","setting":"outpatient","payments":[{"allowed_amount":14.76,"providers":[{"billed_charge":286.10,"npi":[1366150773,1497891840]}]}]}]},{"name":"GLUCOSE QUANTITATIVE BLOOD XCPT REAGENT STRIP","billing_code_type":"CPT","billing_code_type_version":"2020","billing_code":"82947","description":"GLUCOSE QUANTITATIVE BLOOD XCPT REAGENT STRIP","allowed_amounts":[{"tin":{"type":"ein","value":"883286578"},"service_code":["81"],"billing_class":"professional","setting":"outpatient","payments":[{"allowed_amount":0.00,"providers":[{"billed_charge":36.15,"npi":[1366150773,1497891840]}]}]}]},{"name":"GONADOTROPIN CHORIONIC QUALITATIVE","billing_code_type":"CPT","billing_code_type_version":"2020","billing_code":"84703","description":"GONADOTROPIN CHORIONIC QUALITATIVE","allowed_amounts":[{"tin":{"type":"ein","value":"333691586"},"service_code":["23"],"billing_class":"professional","setting":"outpatient","payments":[{"allowed_amount":0.00,"providers":[{"billed_charge":32.00,"npi":[1417742685,1851748552,1992071294]}]}]}]},{"name":"GROUND MILEAGE","billing_code_type":"HCPCS","billing_code_type_version":"HCPCS LEVEL II 2021","billing_code":"A0425","description":"GROUND MILEAGE","allowed_amounts":[{"tin":{"type":"ein","value":"271130459"},"service_code":["41"],"billing_class":"professional","setting":"outpatient","payments":[{"allowed_amount":102.34,"providers":[{"billed_charge":840.00,"npi":[1952683229]}]}]},{"tin":{"type":"ein","value":"271130459"},"service_code":["41"],"billing_class":"professional","setting":"outpatient","payments":[{"allowed_amount":299.71,"providers":[{"billed_charge":2460.00,"npi":[1952683229]}]}]},{"tin":{"type":"ein","value":"873690973"},"service_code":["41"],"billing_class":"professional","setting":"outpatient","payments":[{"allowed_amount":62.50,"providers":[{"billed_charge":62.50,"npi":[1780339051]}]}]}]},{"name":"IADNA-DNA\/RNA GI PTHGN MULTIPLEX PROBE TQ 12-25","billing_code_type":"CPT","billing_code_type_version":"2020","billing_code":"87507","description":"IADNA-DNA\/RNA GI PTHGN MULTIPLEX PROBE TQ 12-25","allowed_amounts":[{"tin":{"type":"ein","value":"333691586"},"service_code":["23"],"billing_class":"professional","setting":"outpatient","payments":[{"allowed_amount":0.00,"providers":[{"billed_charge":540.00,"npi":[1417742685,1851748552,1992071294]}]}]}]},{"name":"IMMUNOASSAY ANALYTE QUAL\/SEMIQUAN MULTIPLE STEP","billing_code_type":"CPT","billing_code_type_version":"2020","billing_code":"83516","description":"IMMUNOASSAY ANALYTE QUAL\/SEMIQUAN MULTIPLE STEP","allowed_amounts":[{"tin":{"type":"ein","value":"200434866"},"service_code":["81"],"billing_class":"professional","setting":"outpatient","payments":[{"allowed_amount":0.00,"providers":[{"billed_charge":149.00,"npi":[1245494517,1285909481]}]}]},{"tin":{"type":"ein","value":"200434866"},"service_code":["81"],"billing_class":"professional","setting":"outpatient","payments":[{"allowed_amount":4.85,"providers":[{"billed_charge":149.00,"npi":[1245494517,1285909481]}]}]}]},{"name":"INCISION & REMOVAL FOREIGN BODY SUBQ TISS SIMPLE","billing_code_type":"CPT","billing_code_type_version":"2020","billing_code":"10120","description":"INCISION & REMOVAL FOREIGN BODY SUBQ TISS SIMPLE","allowed_amounts":[{"tin":{"type":"ein","value":"200323858"},"service_code":["23"],"billing_class":"professional","setting":"outpatient","payments":[{"allowed_amount":86.19,"providers":[{"billed_charge":646.00,"npi":[1013951219,1518955327]}]}]}]},{"name":"IONM 1 ON 1 IN OR W\/ATTENDANCE EACH 15 MINUTES","billing_code_type":"CPT","billing_code_type_version":"2020","billing_code":"95940","description":"IONM 1 ON 1 IN OR W\/ATTENDANCE EACH 15 MINUTES","allowed_amounts":[{"tin":{"type":"ein","value":"853229794"},"service_code":["15"],"billing_class":"professional","setting":"outpatient","payments":[{"allowed_amount":0.00,"providers":[{"billed_charge":7590.00,"npi":[1336746122,1578083572]}]}]}]},{"name":"IONM REMOTE\/NEARBY\/>1 PATIENT IN OR PER HOUR","billing_code_type":"CPT","billing_code_type_version":"2020","billing_code":"95941","description":"IONM REMOTE\/NEARBY\/>1 PATIENT IN OR PER HOUR","allowed_amounts":[{"tin":{"type":"ein","value":"421648473"},"service_code":["22"],"billing_class":"professional","setting":"outpatient","payments":[{"allowed_amount":155.05,"providers":[{"billed_charge":1600.00,"npi":[1679582803,1740391283,1780768085]}]}]}]},{"name":"IV THERAPY","billing_code_type":"RC","billing_code_type_version":"UB04","billing_code":"0260","description":"IV THERAPY","allowed_amounts":[{"tin":{"type":"ein","value":"472407123"},"billing_class":"institutional","setting":"inpatient","payments":[{"allowed_amount":0.00,"providers":[{"billed_charge":839.77,"npi":[1326580960]}]}]}]},{"name":"IV THERAPY: SUPPLIES","billing_code_type":"RC","billing_code_type_version":"UB04","billing_code":"0264","description":"IV THERAPY: SUPPLIES","allowed_amounts":[{"tin":{"type":"ein","value":"472407123"},"billing_class":"institutional","setting":"inpatient","payments":[{"allowed_amount":0.00,"providers":[{"billed_charge":1879.32,"npi":[1326580960]}]}]}]},{"name":"LABORATORY - CLINICAL DIAGNOSTIC","billing_code_type":"RC","billing_code_type_version":"UB04","billing_code":"0300","description":"LABORATORY - CLINICAL DIAGNOSTIC","allowed_amounts":[{"tin":{"type":"ein","value":"472407123"},"billing_class":"institutional","setting":"inpatient","payments":[{"allowed_amount":0.00,"providers":[{"billed_charge":62.21,"npi":[1326580960]},{"billed_charge":270.04,"npi":[1326580960]},{"billed_charge":391.55,"npi":[1326580960]},{"billed_charge":472.54,"npi":[1326580960]},{"billed_charge":496.84,"npi":[1326580960]},{"billed_charge":1258.32,"npi":[1326580960]}]},{"allowed_amount":0.00,"providers":[{"billed_charge":62.21,"npi":[1326580960]},{"billed_charge":270.04,"npi":[1326580960]},{"billed_charge":391.55,"npi":[1326580960]},{"billed_charge":472.54,"npi":[1326580960]},{"billed_charge":496.84,"npi":[1326580960]},{"billed_charge":1258.32,"npi":[1326580960]}]},{"allowed_amount":0.00,"providers":[{"billed_charge":62.21,"npi":[1326580960]},{"billed_charge":270.04,"npi":[1326580960]},{"billed_charge":391.55,"npi":[1326580960]},{"billed_charge":472.54,"npi":[1326580960]},{"billed_charge":496.84,"npi":[1326580960]},{"billed_charge":1258.32,"npi":[1326580960]}]},{"allowed_amount":0.00,"providers":[{"billed_charge":62.21,"npi":[1326580960]},{"billed_charge":270.04,"npi":[1326580960]},{"billed_charge":391.55,"npi":[1326580960]},{"billed_charge":472.54,"npi":[1326580960]},{"billed_charge":496.84,"npi":[1326580960]},{"billed_charge":1258.32,"npi":[1326580960]}]},{"allowed_amount":0.00,"providers":[{"billed_charge":62.21,"npi":[1326580960]},{"billed_charge":270.04,"npi":[1326580960]},{"billed_charge":391.55,"npi":[1326580960]},{"billed_charge":472.54,"npi":[1326580960]},{"billed_charge":496.84,"npi":[1326580960]},{"billed_charge":1258.32,"npi":[1326580960]}]},{"allowed_amount":0.00,"providers":[{"billed_charge":62.21,"npi":[1326580960]},{"billed_charge":270.04,"npi":[1326580960]},{"billed_charge":391.55,"npi":[1326580960]},{"billed_charge":472.54,"npi":[1326580960]},{"billed_charge":496.84,"npi":[1326580960]},{"billed_charge":1258.32,"npi":[1326580960]}]}]},{"tin":{"type":"ein","value":"472407123"},"billing_class":"institutional","setting":"inpatient","payments":[{"allowed_amount":0.00,"providers":[{"billed_charge":62.21,"npi":[1326580960]},{"billed_charge":270.04,"npi":[1326580960]},{"billed_charge":391.55,"npi":[1326580960]},{"billed_charge":472.54,"npi":[1326580960]},{"billed_charge":496.84,"npi":[1326580960]},{"billed_charge":1258.32,"npi":[1326580960]}]},{"allowed_amount":0.00,"providers":[{"billed_charge":62.21,"npi":[1326580960]},{"billed_charge":270.04,"npi":[1326580960]},{"billed_charge":391.55,"npi":[1326580960]},{"billed_charge":472.54,"npi":[1326580960]},{"billed_charge":496.84,"npi":[1326580960]},{"billed_charge":1258.32,"npi":[1326580960]}]},{"allowed_amount":0.00,"providers":[{"billed_charge":62.21,"npi":[1326580960]},{"billed_charge":270.04,"npi":[1326580960]},{"billed_charge":391.55,"npi":[1326580960]},{"billed_charge":472.54,"npi":[1326580960]},{"billed_charge":496.84,"npi":[1326580960]},{"billed_charge":1258.32,"npi":[1326580960]}]},{"allowed_amount":0.00,"providers":[{"billed_charge":62.21,"npi":[1326580960]},{"billed_charge":270.04,"npi":[1326580960]},{"billed_charge":391.55,"npi":[1326580960]},{"billed_charge":472.54,"npi":[1326580960]},{"billed_charge":496.84,"npi":[1326580960]},{"billed_charge":1258.32,"npi":[1326580960]}]},{"allowed_amount":0.00,"providers":[{"billed_charge":62.21,"npi":[1326580960]},{"billed_charge":270.04,"npi":[1326580960]},{"billed_charge":391.55,"npi":[1326580960]},{"billed_charge":472.54,"npi":[1326580960]},{"billed_charge":496.84,"npi":[1326580960]},{"billed_charge":1258.32,"npi":[1326580960]}]},{"allowed_amount":0.00,"providers":[{"billed_charge":62.21,"npi":[1326580960]},{"billed_charge":270.04,"npi":[1326580960]},{"billed_charge":391.55,"npi":[1326580960]},{"billed_charge":472.54,"npi":[1326580960]},{"billed_charge":496.84,"npi":[1326580960]},{"billed_charge":1258.32,"npi":[1326580960]}]}]},{"tin":{"type":"ein","value":"472407123"},"billing_class":"institutional","setting":"inpatient","payments":[{"allowed_amount":0.00,"providers":[{"billed_charge":62.21,"npi":[1326580960]},{"billed_charge":270.04,"npi":[1326580960]},{"billed_charge":391.55,"npi":[1326580960]},{"billed_charge":472.54,"npi":[1326580960]},{"billed_charge":496.84,"npi":[1326580960]},{"billed_charge":1258.32,"npi":[1326580960]}]},{"allowed_amount":0.00,"providers":[{"billed_charge":62.21,"npi":[1326580960]},{"billed_charge":270.04,"npi":[1326580960]},{"billed_charge":391.55,"npi":[1326580960]},{"billed_charge":472.54,"npi":[1326580960]},{"billed_charge":496.84,"npi":[1326580960]},{"billed_charge":1258.32,"npi":[1326580960]}]},{"allowed_amount":0.00,"providers":[{"billed_charge":62.21,"npi":[1326580960]},{"billed_charge":270.04,"npi":[1326580960]},{"billed_charge":391.55,"npi":[1326580960]},{"billed_charge":472.54,"npi":[1326580960]},{"billed_charge":496.84,"npi":[1326580960]},{"billed_charge":1258.32,"npi":[1326580960]}]},{"allowed_amount":0.00,"providers":[{"billed_charge":62.21,"npi":[1326580960]},{"billed_charge":270.04,"npi":[1326580960]},{"billed_charge":391.55,"npi":[1326580960]},{"billed_charge":472.54,"npi":[1326580960]},{"billed_charge":496.84,"npi":[1326580960]},{"billed_charge":1258.32,"npi":[1326580960]}]},{"allowed_amount":0.00,"providers":[{"billed_charge":62.21,"npi":[1326580960]},{"billed_charge":270.04,"npi":[1326580960]},{"billed_charge":391.55,"npi":[1326580960]},{"billed_charge":472.54,"npi":[1326580960]},{"billed_charge":496.84,"npi":[1326580960]},{"billed_charge":1258.32,"npi":[1326580960]}]},{"allowed_amount":0.00,"providers":[{"billed_charge":62.21,"npi":[1326580960]},{"billed_charge":270.04,"npi":[1326580960]},{"billed_charge":391.55,"npi":[1326580960]},{"billed_charge":472.54,"npi":[1326580960]},{"billed_charge":496.84,"npi":[1326580960]},{"billed_charge":1258.32,"npi":[1326580960]}]}]},{"tin":{"type":"ein","value":"472407123"},"billing_class":"institutional","setting":"inpatient","payments":[{"allowed_amount":0.00,"providers":[{"billed_charge":62.21,"npi":[1326580960]},{"billed_charge":270.04,"npi":[1326580960]},{"billed_charge":391.55,"npi":[1326580960]},{"billed_charge":472.54,"npi":[1326580960]},{"billed_charge":496.84,"npi":[1326580960]},{"billed_charge":1258.32,"npi":[1326580960]}]},{"allowed_amount":0.00,"providers":[{"billed_charge":62.21,"npi":[1326580960]},{"billed_charge":270.04,"npi":[1326580960]},{"billed_charge":391.55,"npi":[1326580960]},{"billed_charge":472.54,"npi":[1326580960]},{"billed_charge":496.84,"npi":[1326580960]},{"billed_charge":1258.32,"npi":[1326580960]}]},{"allowed_amount":0.00,"providers":[{"billed_charge":62.21,"npi":[1326580960]},{"billed_charge":270.04,"npi":[1326580960]},{"billed_charge":391.55,"npi":[1326580960]},{"billed_charge":472.54,"npi":[1326580960]},{"billed_charge":496.84,"npi":[1326580960]},{"billed_charge":1258.32,"npi":[1326580960]}]},{"allowed_amount":0.00,"providers":[{"billed_charge":62.21,"npi":[1326580960]},{"billed_charge":270.04,"npi":[1326580960]},{"billed_charge":391.55,"npi":[1326580960]},{"billed_charge":472.54,"npi":[1326580960]},{"billed_charge":496.84,"npi":[1326580960]},{"billed_charge":1258.32,"npi":[1326580960]}]},{"allowed_amount":0.00,"providers":[{"billed_charge":62.21,"npi":[1326580960]},{"billed_charge":270.04,"npi":[1326580960]},{"billed_charge":391.55,"npi":[1326580960]},{"billed_charge":472.54,"npi":[1326580960]},{"billed_charge":496.84,"npi":[1326580960]},{"billed_charge":1258.32,"npi":[1326580960]}]},{"allowed_amount":0.00,"providers":[{"billed_charge":62.21,"npi":[1326580960]},{"billed_charge":270.04,"npi":[1326580960]},{"billed_charge":391.55,"npi":[1326580960]},{"billed_charge":472.54,"npi":[1326580960]},{"billed_charge":496.84,"npi":[1326580960]},{"billed_charge":1258.32,"npi":[1326580960]}]}]},{"tin":{"type":"ein","value":"472407123"},"billing_class":"institutional","setting":"inpatient","payments":[{"allowed_amount":0.00,"providers":[{"billed_charge":62.21,"npi":[1326580960]},{"billed_charge":270.04,"npi":[1326580960]},{"billed_charge":391.55,"npi":[1326580960]},{"billed_charge":472.54,"npi":[1326580960]},{"billed_charge":496.84,"npi":[1326580960]},{"billed_charge":1258.32,"npi":[1326580960]}]},{"allowed_amount":0.00,"providers":[{"billed_charge":62.21,"npi":[1326580960]},{"billed_charge":270.04,"npi":[1326580960]},{"billed_charge":391.55,"npi":[1326580960]},{"billed_charge":472.54,"npi":[1326580960]},{"billed_charge":496.84,"npi":[1326580960]},{"billed_charge":1258.32,"npi":[1326580960]}]},{"allowed_amount":0.00,"providers":[{"billed_charge":62.21,"npi":[1326580960]},{"billed_charge":270.04,"npi":[1326580960]},{"billed_charge":391.55,"npi":[1326580960]},{"billed_charge":472.54,"npi":[1326580960]},{"billed_charge":496.84,"npi":[1326580960]},{"billed_charge":1258.32,"npi":[1326580960]}]},{"allowed_amount":0.00,"providers":[{"billed_charge":62.21,"npi":[1326580960]},{"billed_charge":270.04,"npi":[1326580960]},{"billed_charge":391.55,"npi":[1326580960]},{"billed_charge":472.54,"npi":[1326580960]},{"billed_charge":496.84,"npi":[1326580960]},{"billed_charge":1258.32,"npi":[1326580960]}]},{"allowed_amount":0.00,"providers":[{"billed_charge":62.21,"npi":[1326580960]},{"billed_charge":270.04,"npi":[1326580960]},{"billed_charge":391.55,"npi":[1326580960]},{"billed_charge":472.54,"npi":[1326580960]},{"billed_charge":496.84,"npi":[1326580960]},{"billed_charge":1258.32,"npi":[1326580960]}]},{"allowed_amount":0.00,"providers":[{"billed_charge":62.21,"npi":[1326580960]},{"billed_charge":270.04,"npi":[1326580960]},{"billed_charge":391.55,"npi":[1326580960]},{"billed_charge":472.54,"npi":[1326580960]},{"billed_charge":496.84,"npi":[1326580960]},{"billed_charge":1258.32,"npi":[1326580960]}]}]},{"tin":{"type":"ein","value":"472407123"},"billing_class":"institutional","setting":"inpatient","payments":[{"allowed_amount":0.00,"providers":[{"billed_charge":62.21,"npi":[1326580960]},{"billed_charge":270.04,"npi":[1326580960]},{"billed_charge":391.55,"npi":[1326580960]},{"billed_charge":472.54,"npi":[1326580960]},{"billed_charge":496.84,"npi":[1326580960]},{"billed_charge":1258.32,"npi":[1326580960]}]},{"allowed_amount":0.00,"providers":[{"billed_charge":62.21,"npi":[1326580960]},{"billed_charge":270.04,"npi":[1326580960]},{"billed_charge":391.55,"npi":[1326580960]},{"billed_charge":472.54,"npi":[1326580960]},{"billed_charge":496.84,"npi":[1326580960]},{"billed_charge":1258.32,"npi":[1326580960]}]},{"allowed_amount":0.00,"providers":[{"billed_charge":62.21,"npi":[1326580960]},{"billed_charge":270.04,"npi":[1326580960]},{"billed_charge":391.55,"npi":[1326580960]},{"billed_charge":472.54,"npi":[1326580960]},{"billed_charge":496.84,"npi":[1326580960]},{"billed_charge":1258.32,"npi":[1326580960]}]},{"allowed_amount":0.00,"providers":[{"billed_charge":62.21,"npi":[1326580960]},{"billed_charge":270.04,"npi":[1326580960]},{"billed_charge":391.55,"npi":[1326580960]},{"billed_charge":472.54,"npi":[1326580960]},{"billed_charge":496.84,"npi":[1326580960]},{"billed_charge":1258.32,"npi":[1326580960]}]},{"allowed_amount":0.00,"providers":[{"billed_charge":62.21,"npi":[1326580960]},{"billed_charge":270.04,"npi":[1326580960]},{"billed_charge":391.55,"npi":[1326580960]},{"billed_charge":472.54,"npi":[1326580960]},{"billed_charge":496.84,"npi":[1326580960]},{"billed_charge":1258.32,"npi":[1326580960]}]},{"allowed_amount":0.00,"providers":[{"billed_charge":62.21,"npi":[1326580960]},{"billed_charge":270.04,"npi":[1326580960]},{"billed_charge":391.55,"npi":[1326580960]},{"billed_charge":472.54,"npi":[1326580960]},{"billed_charge":496.84,"npi":[1326580960]},{"billed_charge":1258.32,"npi":[1326580960]}]}]}]},{"name":"LABORATORY - CLINICAL DIAGNOSTIC: BACTERIOLOGY\/MIC","billing_code_type":"RC","billing_code_type_version":"UB04","billing_code":"0306","description":"LABORATORY - CLINICAL DIAGNOSTIC: BACTERIOLOGY\/MIC","allowed_amounts":[{"tin":{"type":"ein","value":"472407123"},"billing_class":"institutional","setting":"inpatient","payments":[{"allowed_amount":0.00,"providers":[{"billed_charge":97.22,"npi":[1326580960]}]}]}]},{"name":"LEAD WIRES  PER PAIR","billing_code_type":"HCPCS","billing_code_type_version":"HCPCS LEVEL II 2021","billing_code":"A4557","description":"LEAD WIRES  PER PAIR","allowed_amounts":[{"tin":{"type":"ein","value":"853229794"},"service_code":["15"],"billing_class":"professional","setting":"outpatient","payments":[{"allowed_amount":0.00,"providers":[{"billed_charge":150.00,"npi":[1336746122,1578083572]}]}]}]},{"name":"LIPID PANEL","billing_code_type":"CPT","billing_code_type_version":"2020","billing_code":"80061","description":"LIPID PANEL","allowed_amounts":[{"tin":{"type":"ein","value":"883286578"},"service_code":["81"],"billing_class":"professional","setting":"outpatient","payments":[{"allowed_amount":7.68,"providers":[{"billed_charge":194.76,"npi":[1366150773,1497891840]}]}]}]},{"name":"MEDICAL\/SURGICAL SUPPLIES","billing_code_type":"RC","billing_code_type_version":"UB04","billing_code":"0270","description":"MEDICAL\/SURGICAL SUPPLIES","allowed_amounts":[{"tin":{"type":"ein","value":"472407123"},"billing_class":"institutional","setting":"inpatient","payments":[{"allowed_amount":0.00,"providers":[{"billed_charge":20.27,"npi":[1326580960]},{"billed_charge":0.88,"npi":[1326580960]}]},{"allowed_amount":0.00,"providers":[{"billed_charge":20.27,"npi":[1326580960]},{"billed_charge":0.88,"npi":[1326580960]}]}]},{"tin":{"type":"ein","value":"472407123"},"billing_class":"institutional","setting":"inpatient","payments":[{"allowed_amount":0.00,"providers":[{"billed_charge":20.27,"npi":[1326580960]},{"billed_charge":0.88,"npi":[1326580960]}]},{"allowed_amount":0.00,"providers":[{"billed_charge":20.27,"npi":[1326580960]},{"billed_charge":0.88,"npi":[1326580960]}]}]}]},{"name":"MEDICAL\/SURGICAL SUPPLIES: STERILE SUPPLIES","billing_code_type":"RC","billing_code_type_version":"UB04","billing_code":"0272","description":"MEDICAL\/SURGICAL SUPPLIES: STERILE SUPPLIES","allowed_amounts":[{"tin":{"type":"ein","value":"472407123"},"billing_class":"institutional","setting":"inpatient","payments":[{"allowed_amount":0.00,"providers":[{"billed_charge":8.11,"npi":[1326580960]},{"billed_charge":16.14,"npi":[1326580960]},{"billed_charge":29.04,"npi":[1326580960]}]},{"allowed_amount":0.00,"providers":[{"billed_charge":8.11,"npi":[1326580960]},{"billed_charge":16.14,"npi":[1326580960]},{"billed_charge":29.04,"npi":[1326580960]}]},{"allowed_amount":0.00,"providers":[{"billed_charge":8.11,"npi":[1326580960]},{"billed_charge":16.14,"npi":[1326580960]},{"billed_charge":29.04,"npi":[1326580960]}]}]},{"tin":{"type":"ein","value":"472407123"},"billing_class":"institutional","setting":"inpatient","payments":[{"allowed_amount":0.00,"providers":[{"billed_charge":8.11,"npi":[1326580960]},{"billed_charge":16.14,"npi":[1326580960]},{"billed_charge":29.04,"npi":[1326580960]}]},{"allowed_amount":0.00,"providers":[{"billed_charge":8.11,"npi":[1326580960]},{"billed_charge":16.14,"npi":[1326580960]},{"billed_charge":29.04,"npi":[1326580960]}]},{"allowed_amount":0.00,"providers":[{"billed_charge":8.11,"npi":[1326580960]},{"billed_charge":16.14,"npi":[1326580960]},{"billed_charge":29.04,"npi":[1326580960]}]}]},{"tin":{"type":"ein","value":"472407123"},"billing_class":"institutional","setting":"inpatient","payments":[{"allowed_amount":0.00,"providers":[{"billed_charge":8.11,"npi":[1326580960]},{"billed_charge":16.14,"npi":[1326580960]},{"billed_charge":29.04,"npi":[1326580960]}]},{"allowed_amount":0.00,"providers":[{"billed_charge":8.11,"npi":[1326580960]},{"billed_charge":16.14,"npi":[1326580960]},{"billed_charge":29.04,"npi":[1326580960]}]},{"allowed_amount":0.00,"providers":[{"billed_charge":8.11,"npi":[1326580960]},{"billed_charge":16.14,"npi":[1326580960]},{"billed_charge":29.04,"npi":[1326580960]}]}]}]},{"name":"MICROSOMAL ANTIBODIES EACH","billing_code_type":"CPT","billing_code_type_version":"2020","billing_code":"86376","description":"MICROSOMAL ANTIBODIES EACH","allowed_amounts":[{"tin":{"type":"ein","value":"200434866"},"service_code":["81"],"billing_class":"professional","setting":"outpatient","payments":[{"allowed_amount":6.10,"providers":[{"billed_charge":72.75,"npi":[1245494517,1285909481]}]}]}]},{"name":"NDL EMG 2 XTR W\/WO RELATED PARASPINAL AREAS","billing_code_type":"CPT","billing_code_type_version":"2020","billing_code":"95861","description":"NDL EMG 2 XTR W\/WO RELATED PARASPINAL AREAS","allowed_amounts":[{"tin":{"type":"ein","value":"853229794"},"service_code":["15"],"billing_class":"professional","setting":"outpatient","payments":[{"allowed_amount":0.00,"providers":[{"billed_charge":3139.00,"npi":[1336746122,1578083572]}]}]}]},{"name":"NONINVASIVE EAR\/PULSE OXIMETRY SINGLE DETER","billing_code_type":"CPT","billing_code_type_version":"2020","billing_code":"94760","description":"NONINVASIVE EAR\/PULSE OXIMETRY SINGLE DETER","allowed_amounts":[{"tin":{"type":"ein","value":"271130459"},"service_code":["41"],"billing_class":"professional","setting":"outpatient","payments":[{"allowed_amount":0.00,"providers":[{"billed_charge":60.00,"npi":[1952683229]}]}]}]},{"name":"OFFICE\/OP CONSLTJ NEW\/EST PT LOW MDM 30 MINUTES","billing_code_type":"CPT","billing_code_type_version":"2020","billing_code":"99243","description":"OFFICE\/OP CONSLTJ NEW\/EST PT LOW MDM 30 MINUTES","allowed_amounts":[{"tin":{"type":"ein","value":"352093505"},"service_code":["11"],"billing_class":"professional","setting":"outpatient","payments":[{"allowed_amount":0.00,"providers":[{"billed_charge":242.00,"npi":[1336287184]}]}]}]},{"name":"OFFICE\/OUTPATIENT ESTABLISHED HIGH MDM 40 MIN","billing_code_type":"CPT","billing_code_type_version":"2020","billing_code":"99215","description":"OFFICE\/OUTPATIENT ESTABLISHED HIGH MDM 40 MIN","allowed_amounts":[{"tin":{"type":"ein","value":"363488183"},"service_code":["22"],"billing_class":"professional","setting":"outpatient","payments":[{"allowed_amount":582.00,"providers":[{"billed_charge":582.00,"npi":[1033218128,1942277322,1942442736]}]}]}]},{"name":"OFFICE\/OUTPATIENT ESTABLISHED MOD MDM 30 MIN","billing_code_type":"CPT","billing_code_type_version":"2020","billing_code":"99214","description":"OFFICE\/OUTPATIENT ESTABLISHED MOD MDM 30 MIN","allowed_amounts":[{"tin":{"type":"ein","value":"363488183"},"service_code":["22"],"billing_class":"professional","setting":"outpatient","payments":[{"allowed_amount":365.00,"providers":[{"billed_charge":365.00,"npi":[1033218128,1508029703,1629647201,1942442736]}]}]}]},{"name":"OFFICE\/OUTPATIENT ESTABLISHED SF MDM 10 MIN","billing_code_type":"CPT","billing_code_type_version":"2020","billing_code":"99212","description":"OFFICE\/OUTPATIENT ESTABLISHED SF MDM 10 MIN","allowed_amounts":[{"tin":{"type":"ein","value":"363488183"},"service_code":["22"],"billing_class":"professional","setting":"outpatient","payments":[{"allowed_amount":340.00,"providers":[{"billed_charge":340.00,"npi":[1033218128,1184633091]}]}]}]},{"name":"PLCMT DEVICE FACILITATE ERUPTION IMPACTED TOOTH","billing_code_type":"HCPCS","billing_code_type_version":"HCPCS LEVEL II 2021","billing_code":"D7283","description":"PLCMT DEVICE FACILITATE ERUPTION IMPACTED TOOTH","allowed_amounts":[{"tin":{"type":"ein","value":"874210118"},"service_code":["11"],"billing_class":"professional","setting":"outpatient","payments":[{"allowed_amount":227.80,"providers":[{"billed_charge":400.00,"npi":[1811194160]}]}]}]},{"name":"PNEUMAT COMPRS DEVC HI PRESS RAPID","billing_code_type":"HCPCS","billing_code_type_version":"HCPCS LEVEL II 2021","billing_code":"E0675","description":"PNEUMAT COMPRS DEVC HI PRESS RAPID","allowed_amounts":[{"tin":{"type":"ein","value":"811841451"},"service_code":["12"],"billing_class":"professional","setting":"outpatient","payments":[{"allowed_amount":2491.52,"providers":[{"billed_charge":5400.00,"npi":[1104824796,1215449467,1386671345]}]}]}]},{"name":"PRESSURE PNEUM APPL HALF LEG","billing_code_type":"HCPCS","billing_code_type_version":"HCPCS LEVEL II 2021","billing_code":"E0673","description":"PRESSURE PNEUM APPL HALF LEG","allowed_amounts":[{"tin":{"type":"ein","value":"272164437"},"service_code":["24"],"billing_class":"professional","setting":"outpatient","payments":[{"allowed_amount":246.67,"providers":[{"billed_charge":497.50,"npi":[1427081405,1629392592,1871838003]}]}]},{"tin":{"type":"ein","value":"811841451"},"service_code":["12"],"billing_class":"professional","setting":"outpatient","payments":[{"allowed_amount":172.99,"providers":[{"billed_charge":750.00,"npi":[1104824796,1215449467,1386671345]}]}]}]},{"name":"PSYCHOTHERAPY W\/PATIENT 30 MINUTES","billing_code_type":"CPT","billing_code_type_version":"2020","billing_code":"90832","description":"PSYCHOTHERAPY W\/PATIENT 30 MINUTES","allowed_amounts":[{"tin":{"type":"ein","value":"463583651"},"service_code":["11"],"billing_class":"professional","setting":"outpatient","payments":[{"allowed_amount":46.00,"providers":[{"billed_charge":46.00,"npi":[1144640582,1902139827]}]}]}]},{"name":"PSYCHOTHERAPY W\/PATIENT 60 MINUTES","billing_code_type":"CPT","billing_code_type_version":"2020","billing_code":"90837","description":"PSYCHOTHERAPY W\/PATIENT 60 MINUTES","allowed_amounts":[{"tin":{"type":"ein","value":"463583651"},"service_code":["11"],"billing_class":"professional","setting":"outpatient","payments":[{"allowed_amount":129.95,"providers":[{"billed_charge":185.00,"npi":[1144640582,1902139827]}]}]},{"tin":{"type":"ein","value":"934291264"},"service_code":["02"],"billing_class":"professional","setting":"outpatient","payments":[{"allowed_amount":210.00,"providers":[{"billed_charge":210.00,"npi":[1063231827]}]}]}]},{"name":"REPAIR INTERMEDIATE S\/A\/T\/E 2.6-7.5 CM","billing_code_type":"CPT","billing_code_type_version":"2020","billing_code":"12032","description":"REPAIR INTERMEDIATE S\/A\/T\/E 2.6-7.5 CM","allowed_amounts":[{"tin":{"type":"ein","value":"200323858"},"service_code":["23"],"billing_class":"professional","setting":"outpatient","payments":[{"allowed_amount":165.74,"providers":[{"billed_charge":1117.00,"npi":[1013951219,1760423461]}]}]}]},{"name":"RHEUMATOID FACTOR QUANTITATIVE","billing_code_type":"CPT","billing_code_type_version":"2020","billing_code":"86431","description":"RHEUMATOID FACTOR QUANTITATIVE","allowed_amounts":[{"tin":{"type":"ein","value":"200434866"},"service_code":["81"],"billing_class":"professional","setting":"outpatient","payments":[{"allowed_amount":2.38,"providers":[{"billed_charge":30.00,"npi":[1245494517,1285909481]}]}]}]},{"name":"SERVICES PROVIDED BTW 10 PM&8 AM AT 24-HR FACI","billing_code_type":"CPT","billing_code_type_version":"2020","billing_code":"99053","description":"SERVICES PROVIDED BTW 10 PM&8 AM AT 24-HR FACI","allowed_amounts":[{"tin":{"type":"ein","value":"474619023"},"service_code":["23"],"billing_class":"professional","setting":"outpatient","payments":[{"allowed_amount":8.15,"providers":[{"billed_charge":279.44,"npi":[1184009482,1730149592]}]}]}]},{"name":"SHORT-LATENCY SOMATOSENS EP STD UPR & LOW LIMB","billing_code_type":"CPT","billing_code_type_version":"2020","billing_code":"95938","description":"SHORT-LATENCY SOMATOSENS EP STD UPR & LOW LIMB","allowed_amounts":[{"tin":{"type":"ein","value":"421648473"},"service_code":["22"],"billing_class":"professional","setting":"outpatient","payments":[{"allowed_amount":66.34,"providers":[{"billed_charge":3200.00,"npi":[1679582803,1740391283,1780768085]}]}]},{"tin":{"type":"ein","value":"853229794"},"service_code":["15"],"billing_class":"professional","setting":"outpatient","payments":[{"allowed_amount":0.00,"providers":[{"billed_charge":4163.00,"npi":[1336746122,1578083572]}]}]}]},{"name":"SIMPLE REPAIR F\/E\/E\/N\/L\/M 2.5CM\/<","billing_code_type":"CPT","billing_code_type_version":"2020","billing_code":"12011","description":"SIMPLE REPAIR F\/E\/E\/N\/L\/M 2.5CM\/<","allowed_amounts":[{"tin":{"type":"ein","value":"200323858"},"service_code":["23"],"billing_class":"professional","setting":"outpatient","payments":[{"allowed_amount":168.33,"providers":[{"billed_charge":343.00,"npi":[1013951219,1215151154,1760423461]}]}]}]},{"name":"SPECIALTY CARE TRANSPORT","billing_code_type":"HCPCS","billing_code_type_version":"HCPCS LEVEL II 2021","billing_code":"A0434","description":"SPECIALTY CARE TRANSPORT","allowed_amounts":[{"tin":{"type":"ein","value":"271130459"},"service_code":["41"],"billing_class":"professional","setting":"outpatient","payments":[{"allowed_amount":693.60,"providers":[{"billed_charge":6600.00,"npi":[1952683229]}]}]}]},{"name":"SUSCEPTIBLTY STDY ANTIMICRBIAL MICRO\/AGAR DILUTJ","billing_code_type":"CPT","billing_code_type_version":"2020","billing_code":"87186","description":"SUSCEPTIBLTY STDY ANTIMICRBIAL MICRO\/AGAR DILUTJ","allowed_amounts":[{"tin":{"type":"ein","value":"208473972"},"service_code":["81"],"billing_class":"professional","setting":"outpatient","payments":[{"allowed_amount":3.10,"providers":[{"billed_charge":249.55,"npi":[1174573281,1215151154]}]}]}]},{"name":"THYROGLOBULIN ANTIBODY","billing_code_type":"CPT","billing_code_type_version":"2020","billing_code":"86800","description":"THYROGLOBULIN ANTIBODY","allowed_amounts":[{"tin":{"type":"ein","value":"200434866"},"service_code":["81"],"billing_class":"professional","setting":"outpatient","payments":[{"allowed_amount":6.68,"providers":[{"billed_charge":79.55,"npi":[1245494517,1285909481]}]}]}]},{"name":"UNLISTED MULTIANALYTE ASSAY ALGORITHMIC ANALYSIS","billing_code_type":"CPT","billing_code_type_version":"2020","billing_code":"81599","description":"UNLISTED MULTIANALYTE ASSAY ALGORITHMIC ANALYSIS","allowed_amounts":[{"tin":{"type":"ein","value":"472289700"},"service_code":["81"],"billing_class":"professional","setting":"outpatient","payments":[{"allowed_amount":0.00,"providers":[{"billed_charge":2700.00,"npi":[1467794271,1871220764]}]}]}]},{"name":"UNLISTED NEUROLOGICAL\/NEUROMUSCULAR DX PX","billing_code_type":"CPT","billing_code_type_version":"2020","billing_code":"95999","description":"UNLISTED NEUROLOGICAL\/NEUROMUSCULAR DX PX","allowed_amounts":[{"tin":{"type":"ein","value":"853229794"},"service_code":["15"],"billing_class":"professional","setting":"outpatient","payments":[{"allowed_amount":0.00,"providers":[{"billed_charge":5400.00,"npi":[1336746122,1578083572]}]}]}]},{"name":"URNLS DIP STICK\/TABLET REAGENT AUTO MICROSCOPY","billing_code_type":"CPT","billing_code_type_version":"2020","billing_code":"81001","description":"URNLS DIP STICK\/TABLET REAGENT AUTO MICROSCOPY","allowed_amounts":[{"tin":{"type":"ein","value":"883286578"},"service_code":["81"],"billing_class":"professional","setting":"outpatient","payments":[{"allowed_amount":1.33,"providers":[{"billed_charge":30.00,"npi":[1366150773,1497891840]}]}]}]},{"name":"URNLS DIP STICK\/TABLET RGNT AUTO W\/O MICROSCOPY","billing_code_type":"CPT","billing_code_type_version":"2020","billing_code":"81003","description":"URNLS DIP STICK\/TABLET RGNT AUTO W\/O MICROSCOPY","allowed_amounts":[{"tin":{"type":"ein","value":"300711211"},"service_code":["81"],"billing_class":"professional","setting":"outpatient","payments":[{"allowed_amount":3.53,"providers":[{"billed_charge":14.00,"npi":[1154313765,1861763658]}]}]}]},{"name":"VISIT CPLX INHERENT E&M ASSOC MCS","billing_code_type":"HCPCS","billing_code_type_version":"HCPCS LEVEL II 2021","billing_code":"G2211","description":"VISIT CPLX INHERENT E&M ASSOC MCS","allowed_amounts":[{"tin":{"type":"ein","value":"363488183"},"service_code":["22"],"billing_class":"professional","setting":"outpatient","payments":[{"allowed_amount":0.00,"providers":[{"billed_charge":103.00,"npi":[1033218128,1508029703,1629647201,1942277322,1942442736]}]}]}]},{"name":"VISIT ESKETAMINE, > 56M","billing_code_type":"HCPCS","billing_code_type_version":"HCPCS LEVEL II 2021","billing_code":"G2083","description":"VISIT ESKETAMINE, > 56M","allowed_amounts":[{"tin":{"type":"ein","value":"863893981"},"service_code":["11"],"billing_class":"professional","setting":"outpatient","payments":[{"allowed_amount":1236.27,"providers":[{"billed_charge":8730.00,"npi":[1467936070,1730753294]}]}]}]}]}
