{"reporting_entity_name": "IEC Group_DBA AmeriBen",
	"reporting_entity_type": "Third Party Administrator",
	"plan_name": "ENSEMBLE HEALTH PARTNERS",
	"plan_id_type": "ein",
	"plan_id": "842528019",
	"plan_market_type": "group",
	"last_updated_on": "2025-06-01","Version": "1.0.0","out_of_network":[{"name":"ASSAY OF MAGNESIUM","billing_code_type":"CPT","billing_code_type_version":"2020","billing_code":"83735","description":"ASSAY OF MAGNESIUM","allowed_amounts":[{"tin":{"type":"ein","value":"311314331"},"service_code":["21"],"billing_class":"professional","payments":[{"allowed_amount":4.88,"billing_code_modifier":[""],"providers":[{"billed_charge":12.10,"npi":[1407844657,1750370128]}]}]},{"tin":{"type":"ein","value":"311389035"},"service_code":["21","22","23"],"billing_class":"professional","payments":[{"allowed_amount":4.88,"billing_code_modifier":[""],"providers":[{"billed_charge":16.00,"npi":[1093794018,1235239211,1245594530,1336769702,1356651780,1467552471,1659505535,1831173202,1851532816,1912007931,1962885061,1972885937]}]}]}]},{"name":"ASSAY OF THYROID STIMULATING HORMONE TSH","billing_code_type":"CPT","billing_code_type_version":"2020","billing_code":"84443","description":"ASSAY OF THYROID STIMULATING HORMONE TSH","allowed_amounts":[{"tin":{"type":"ein","value":"311314331"},"service_code":["21"],"billing_class":"professional","payments":[{"allowed_amount":7.61,"billing_code_modifier":[""],"providers":[{"billed_charge":14.30,"npi":[1407844657,1750370128]}]}]},{"tin":{"type":"ein","value":"311389035"},"service_code":["22"],"billing_class":"professional","payments":[{"allowed_amount":7.61,"billing_code_modifier":[""],"providers":[{"billed_charge":40.00,"npi":[1083241608,1083686075,1215993779,1295814911,1336769702,1417906454,1467552471,1568562551,1831173202,1851532816,1891750287,1912007931,1932337649,1972885937]}]}]}]},{"name":"BASIC METABOLIC PANEL CALCIUM TOTAL","billing_code_type":"CPT","billing_code_type_version":"2020","billing_code":"80048","description":"BASIC METABOLIC PANEL CALCIUM TOTAL","allowed_amounts":[{"tin":{"type":"ein","value":"311314331"},"service_code":["21"],"billing_class":"professional","payments":[{"allowed_amount":4.64,"billing_code_modifier":[""],"providers":[{"billed_charge":22.00,"npi":[1407844657,1750370128]}]}]},{"tin":{"type":"ein","value":"311389035"},"service_code":["21","22","23"],"billing_class":"professional","payments":[{"allowed_amount":4.64,"billing_code_modifier":[""],"providers":[{"billed_charge":21.00,"npi":[1093794018,1235239211,1336769702,1356651780,1467552471,1831173202,1851532816,1912007931,1962885061,1972885937]}]}]}]},{"name":"BLOOD COUNT COMPLETE AUTO&AUTO DIFRNTL WBC","billing_code_type":"CPT","billing_code_type_version":"2020","billing_code":"85025","description":"BLOOD COUNT COMPLETE AUTO&AUTO DIFRNTL WBC","allowed_amounts":[{"tin":{"type":"ein","value":"311314331"},"service_code":["21"],"billing_class":"professional","payments":[{"allowed_amount":4.24,"billing_code_modifier":[""],"providers":[{"billed_charge":12.10,"npi":[1407844657,1750370128]}]}]},{"tin":{"type":"ein","value":"311389035"},"service_code":["21","22","23"],"billing_class":"professional","payments":[{"allowed_amount":4.24,"billing_code_modifier":[""],"providers":[{"billed_charge":20.00,"npi":[1013247204,1083686075,1093794018,1215993779,1235239211,1245594530,1285020875,1295814911,1336144567,1336769702,1356651780,1396714663,1467552471,1508835828,1508845355,1568562551,1811937071,1831173202,1851532816,1902067853,1912007931,1962885061,1972885937,1982756565]}]}]}]},{"name":"COMPREHENSIVE METABOLIC PANEL","billing_code_type":"CPT","billing_code_type_version":"2020","billing_code":"80053","description":"COMPREHENSIVE METABOLIC PANEL","allowed_amounts":[{"tin":{"type":"ein","value":"311389035"},"service_code":["21","22"],"billing_class":"professional","payments":[{"allowed_amount":4.94,"billing_code_modifier":[""],"providers":[{"billed_charge":26.00,"npi":[1013247204,1083686075,1093794018,1215993779,1235239211,1245594530,1295814911,1396714663,1417906454,1467552471,1508835828,1508845355,1568562551,1659505535,1811937071,1831173202,1851532816,1902067853,1912007931,1932337649,1972885937,1982756565]}]}]}]},{"name":"HEMOGLOBIN GLYCOSYLATED A1C","billing_code_type":"CPT","billing_code_type_version":"2020","billing_code":"83036","description":"HEMOGLOBIN GLYCOSYLATED A1C","allowed_amounts":[{"tin":{"type":"ein","value":"311389035"},"service_code":["22"],"billing_class":"professional","payments":[{"allowed_amount":6.18,"billing_code_modifier":[""],"providers":[{"billed_charge":24.00,"npi":[1083686075,1215993779,1295814911,1336769702,1417906454,1467552471,1568562551,1831173202,1851532816,1912007931,1932337649,1972885937]}]}]}]},{"name":"LABORATORY - CLINICAL DIAGNOSTIC","billing_code_type":"RC","billing_code_type_version":"UB04","billing_code":"0300","description":"LABORATORY - CLINICAL DIAGNOSTIC","allowed_amounts":[{"tin":{"type":"ein","value":"352644167"},"service_code":["23"],"billing_class":"institutional","payments":[{"allowed_amount":0.00,"billing_code_modifier":[""],"providers":[{"billed_charge":122.04,"npi":[1801364450]},{"billed_charge":128.52,"npi":[1801364450]},{"billed_charge":184.95,"npi":[1801364450]},{"billed_charge":191.97,"npi":[1801364450]},{"billed_charge":243.00,"npi":[1801364450]},{"billed_charge":250.29,"npi":[1801364450]},{"billed_charge":285.93,"npi":[1801364450]},{"billed_charge":299.43,"npi":[1801364450]},{"billed_charge":308.88,"npi":[1801364450]},{"billed_charge":422.55,"npi":[1801364450]},{"billed_charge":425.60,"npi":[1801364450]}]},{"allowed_amount":0.00,"billing_code_modifier":[""],"providers":[{"billed_charge":122.04,"npi":[1801364450]},{"billed_charge":128.52,"npi":[1801364450]},{"billed_charge":184.95,"npi":[1801364450]},{"billed_charge":191.97,"npi":[1801364450]},{"billed_charge":243.00,"npi":[1801364450]},{"billed_charge":250.29,"npi":[1801364450]},{"billed_charge":285.93,"npi":[1801364450]},{"billed_charge":299.43,"npi":[1801364450]},{"billed_charge":308.88,"npi":[1801364450]},{"billed_charge":422.55,"npi":[1801364450]},{"billed_charge":425.60,"npi":[1801364450]}]},{"allowed_amount":0.00,"billing_code_modifier":[""],"providers":[{"billed_charge":122.04,"npi":[1801364450]},{"billed_charge":128.52,"npi":[1801364450]},{"billed_charge":184.95,"npi":[1801364450]},{"billed_charge":191.97,"npi":[1801364450]},{"billed_charge":243.00,"npi":[1801364450]},{"billed_charge":250.29,"npi":[1801364450]},{"billed_charge":285.93,"npi":[1801364450]},{"billed_charge":299.43,"npi":[1801364450]},{"billed_charge":308.88,"npi":[1801364450]},{"billed_charge":422.55,"npi":[1801364450]},{"billed_charge":425.60,"npi":[1801364450]}]},{"allowed_amount":0.00,"billing_code_modifier":[""],"providers":[{"billed_charge":122.04,"npi":[1801364450]},{"billed_charge":128.52,"npi":[1801364450]},{"billed_charge":184.95,"npi":[1801364450]},{"billed_charge":191.97,"npi":[1801364450]},{"billed_charge":243.00,"npi":[1801364450]},{"billed_charge":250.29,"npi":[1801364450]},{"billed_charge":285.93,"npi":[1801364450]},{"billed_charge":299.43,"npi":[1801364450]},{"billed_charge":308.88,"npi":[1801364450]},{"billed_charge":422.55,"npi":[1801364450]},{"billed_charge":425.60,"npi":[1801364450]}]},{"allowed_amount":0.00,"billing_code_modifier":[""],"providers":[{"billed_charge":122.04,"npi":[1801364450]},{"billed_charge":128.52,"npi":[1801364450]},{"billed_charge":184.95,"npi":[1801364450]},{"billed_charge":191.97,"npi":[1801364450]},{"billed_charge":243.00,"npi":[1801364450]},{"billed_charge":250.29,"npi":[1801364450]},{"billed_charge":285.93,"npi":[1801364450]},{"billed_charge":299.43,"npi":[1801364450]},{"billed_charge":308.88,"npi":[1801364450]},{"billed_charge":422.55,"npi":[1801364450]},{"billed_charge":425.60,"npi":[1801364450]}]},{"allowed_amount":0.00,"billing_code_modifier":[""],"providers":[{"billed_charge":122.04,"npi":[1801364450]},{"billed_charge":128.52,"npi":[1801364450]},{"billed_charge":184.95,"npi":[1801364450]},{"billed_charge":191.97,"npi":[1801364450]},{"billed_charge":243.00,"npi":[1801364450]},{"billed_charge":250.29,"npi":[1801364450]},{"billed_charge":285.93,"npi":[1801364450]},{"billed_charge":299.43,"npi":[1801364450]},{"billed_charge":308.88,"npi":[1801364450]},{"billed_charge":422.55,"npi":[1801364450]},{"billed_charge":425.60,"npi":[1801364450]}]},{"allowed_amount":0.00,"billing_code_modifier":[""],"providers":[{"billed_charge":122.04,"npi":[1801364450]},{"billed_charge":128.52,"npi":[1801364450]},{"billed_charge":184.95,"npi":[1801364450]},{"billed_charge":191.97,"npi":[1801364450]},{"billed_charge":243.00,"npi":[1801364450]},{"billed_charge":250.29,"npi":[1801364450]},{"billed_charge":285.93,"npi":[1801364450]},{"billed_charge":299.43,"npi":[1801364450]},{"billed_charge":308.88,"npi":[1801364450]},{"billed_charge":422.55,"npi":[1801364450]},{"billed_charge":425.60,"npi":[1801364450]}]},{"allowed_amount":0.00,"billing_code_modifier":[""],"providers":[{"billed_charge":122.04,"npi":[1801364450]},{"billed_charge":128.52,"npi":[1801364450]},{"billed_charge":184.95,"npi":[1801364450]},{"billed_charge":191.97,"npi":[1801364450]},{"billed_charge":243.00,"npi":[1801364450]},{"billed_charge":250.29,"npi":[1801364450]},{"billed_charge":285.93,"npi":[1801364450]},{"billed_charge":299.43,"npi":[1801364450]},{"billed_charge":308.88,"npi":[1801364450]},{"billed_charge":422.55,"npi":[1801364450]},{"billed_charge":425.60,"npi":[1801364450]}]},{"allowed_amount":0.00,"billing_code_modifier":[""],"providers":[{"billed_charge":122.04,"npi":[1801364450]},{"billed_charge":128.52,"npi":[1801364450]},{"billed_charge":184.95,"npi":[1801364450]},{"billed_charge":191.97,"npi":[1801364450]},{"billed_charge":243.00,"npi":[1801364450]},{"billed_charge":250.29,"npi":[1801364450]},{"billed_charge":285.93,"npi":[1801364450]},{"billed_charge":299.43,"npi":[1801364450]},{"billed_charge":308.88,"npi":[1801364450]},{"billed_charge":422.55,"npi":[1801364450]},{"billed_charge":425.60,"npi":[1801364450]}]},{"allowed_amount":0.00,"billing_code_modifier":[""],"providers":[{"billed_charge":122.04,"npi":[1801364450]},{"billed_charge":128.52,"npi":[1801364450]},{"billed_charge":184.95,"npi":[1801364450]},{"billed_charge":191.97,"npi":[1801364450]},{"billed_charge":243.00,"npi":[1801364450]},{"billed_charge":250.29,"npi":[1801364450]},{"billed_charge":285.93,"npi":[1801364450]},{"billed_charge":299.43,"npi":[1801364450]},{"billed_charge":308.88,"npi":[1801364450]},{"billed_charge":422.55,"npi":[1801364450]},{"billed_charge":425.60,"npi":[1801364450]}]},{"allowed_amount":0.00,"billing_code_modifier":[""],"providers":[{"billed_charge":122.04,"npi":[1801364450]},{"billed_charge":128.52,"npi":[1801364450]},{"billed_charge":184.95,"npi":[1801364450]},{"billed_charge":191.97,"npi":[1801364450]},{"billed_charge":243.00,"npi":[1801364450]},{"billed_charge":250.29,"npi":[1801364450]},{"billed_charge":285.93,"npi":[1801364450]},{"billed_charge":299.43,"npi":[1801364450]},{"billed_charge":308.88,"npi":[1801364450]},{"billed_charge":422.55,"npi":[1801364450]},{"billed_charge":425.60,"npi":[1801364450]}]}]},{"tin":{"type":"ein","value":"352644167"},"service_code":["23"],"billing_class":"institutional","payments":[{"allowed_amount":0.00,"billing_code_modifier":[""],"providers":[{"billed_charge":122.04,"npi":[1801364450]},{"billed_charge":128.52,"npi":[1801364450]},{"billed_charge":184.95,"npi":[1801364450]},{"billed_charge":191.97,"npi":[1801364450]},{"billed_charge":243.00,"npi":[1801364450]},{"billed_charge":250.29,"npi":[1801364450]},{"billed_charge":285.93,"npi":[1801364450]},{"billed_charge":299.43,"npi":[1801364450]},{"billed_charge":308.88,"npi":[1801364450]},{"billed_charge":422.55,"npi":[1801364450]},{"billed_charge":425.60,"npi":[1801364450]}]},{"allowed_amount":0.00,"billing_code_modifier":[""],"providers":[{"billed_charge":122.04,"npi":[1801364450]},{"billed_charge":128.52,"npi":[1801364450]},{"billed_charge":184.95,"npi":[1801364450]},{"billed_charge":191.97,"npi":[1801364450]},{"billed_charge":243.00,"npi":[1801364450]},{"billed_charge":250.29,"npi":[1801364450]},{"billed_charge":285.93,"npi":[1801364450]},{"billed_charge":299.43,"npi":[1801364450]},{"billed_charge":308.88,"npi":[1801364450]},{"billed_charge":422.55,"npi":[1801364450]},{"billed_charge":425.60,"npi":[1801364450]}]},{"allowed_amount":0.00,"billing_code_modifier":[""],"providers":[{"billed_charge":122.04,"npi":[1801364450]},{"billed_charge":128.52,"npi":[1801364450]},{"billed_charge":184.95,"npi":[1801364450]},{"billed_charge":191.97,"npi":[1801364450]},{"billed_charge":243.00,"npi":[1801364450]},{"billed_charge":250.29,"npi":[1801364450]},{"billed_charge":285.93,"npi":[1801364450]},{"billed_charge":299.43,"npi":[1801364450]},{"billed_charge":308.88,"npi":[1801364450]},{"billed_charge":422.55,"npi":[1801364450]},{"billed_charge":425.60,"npi":[1801364450]}]},{"allowed_amount":0.00,"billing_code_modifier":[""],"providers":[{"billed_charge":122.04,"npi":[1801364450]},{"billed_charge":128.52,"npi":[1801364450]},{"billed_charge":184.95,"npi":[1801364450]},{"billed_charge":191.97,"npi":[1801364450]},{"billed_charge":243.00,"npi":[1801364450]},{"billed_charge":250.29,"npi":[1801364450]},{"billed_charge":285.93,"npi":[1801364450]},{"billed_charge":299.43,"npi":[1801364450]},{"billed_charge":308.88,"npi":[1801364450]},{"billed_charge":422.55,"npi":[1801364450]},{"billed_charge":425.60,"npi":[1801364450]}]},{"allowed_amount":0.00,"billing_code_modifier":[""],"providers":[{"billed_charge":122.04,"npi":[1801364450]},{"billed_charge":128.52,"npi":[1801364450]},{"billed_charge":184.95,"npi":[1801364450]},{"billed_charge":191.97,"npi":[1801364450]},{"billed_charge":243.00,"npi":[1801364450]},{"billed_charge":250.29,"npi":[1801364450]},{"billed_charge":285.93,"npi":[1801364450]},{"billed_charge":299.43,"npi":[1801364450]},{"billed_charge":308.88,"npi":[1801364450]},{"billed_charge":422.55,"npi":[1801364450]},{"billed_charge":425.60,"npi":[1801364450]}]},{"allowed_amount":0.00,"billing_code_modifier":[""],"providers":[{"billed_charge":122.04,"npi":[1801364450]},{"billed_charge":128.52,"npi":[1801364450]},{"billed_charge":184.95,"npi":[1801364450]},{"billed_charge":191.97,"npi":[1801364450]},{"billed_charge":243.00,"npi":[1801364450]},{"billed_charge":250.29,"npi":[1801364450]},{"billed_charge":285.93,"npi":[1801364450]},{"billed_charge":299.43,"npi":[1801364450]},{"billed_charge":308.88,"npi":[1801364450]},{"billed_charge":422.55,"npi":[1801364450]},{"billed_charge":425.60,"npi":[1801364450]}]},{"allowed_amount":0.00,"billing_code_modifier":[""],"providers":[{"billed_charge":122.04,"npi":[1801364450]},{"billed_charge":128.52,"npi":[1801364450]},{"billed_charge":184.95,"npi":[1801364450]},{"billed_charge":191.97,"npi":[1801364450]},{"billed_charge":243.00,"npi":[1801364450]},{"billed_charge":250.29,"npi":[1801364450]},{"billed_charge":285.93,"npi":[1801364450]},{"billed_charge":299.43,"npi":[1801364450]},{"billed_charge":308.88,"npi":[1801364450]},{"billed_charge":422.55,"npi":[1801364450]},{"billed_charge":425.60,"npi":[1801364450]}]},{"allowed_amount":0.00,"billing_code_modifier":[""],"providers":[{"billed_charge":122.04,"npi":[1801364450]},{"billed_charge":128.52,"npi":[1801364450]},{"billed_charge":184.95,"npi":[1801364450]},{"billed_charge":191.97,"npi":[1801364450]},{"billed_charge":243.00,"npi":[1801364450]},{"billed_charge":250.29,"npi":[1801364450]},{"billed_charge":285.93,"npi":[1801364450]},{"billed_charge":299.43,"npi":[1801364450]},{"billed_charge":308.88,"npi":[1801364450]},{"billed_charge":422.55,"npi":[1801364450]},{"billed_charge":425.60,"npi":[1801364450]}]},{"allowed_amount":0.00,"billing_code_modifier":[""],"providers":[{"billed_charge":122.04,"npi":[1801364450]},{"billed_charge":128.52,"npi":[1801364450]},{"billed_charge":184.95,"npi":[1801364450]},{"billed_charge":191.97,"npi":[1801364450]},{"billed_charge":243.00,"npi":[1801364450]},{"billed_charge":250.29,"npi":[1801364450]},{"billed_charge":285.93,"npi":[1801364450]},{"billed_charge":299.43,"npi":[1801364450]},{"billed_charge":308.88,"npi":[1801364450]},{"billed_charge":422.55,"npi":[1801364450]},{"billed_charge":425.60,"npi":[1801364450]}]},{"allowed_amount":0.00,"billing_code_modifier":[""],"providers":[{"billed_charge":122.04,"npi":[1801364450]},{"billed_charge":128.52,"npi":[1801364450]},{"billed_charge":184.95,"npi":[1801364450]},{"billed_charge":191.97,"npi":[1801364450]},{"billed_charge":243.00,"npi":[1801364450]},{"billed_charge":250.29,"npi":[1801364450]},{"billed_charge":285.93,"npi":[1801364450]},{"billed_charge":299.43,"npi":[1801364450]},{"billed_charge":308.88,"npi":[1801364450]},{"billed_charge":422.55,"npi":[1801364450]},{"billed_charge":425.60,"npi":[1801364450]}]},{"allowed_amount":0.00,"billing_code_modifier":[""],"providers":[{"billed_charge":122.04,"npi":[1801364450]},{"billed_charge":128.52,"npi":[1801364450]},{"billed_charge":184.95,"npi":[1801364450]},{"billed_charge":191.97,"npi":[1801364450]},{"billed_charge":243.00,"npi":[1801364450]},{"billed_charge":250.29,"npi":[1801364450]},{"billed_charge":285.93,"npi":[1801364450]},{"billed_charge":299.43,"npi":[1801364450]},{"billed_charge":308.88,"npi":[1801364450]},{"billed_charge":422.55,"npi":[1801364450]},{"billed_charge":425.60,"npi":[1801364450]}]}]},{"tin":{"type":"ein","value":"352644167"},"service_code":["23"],"billing_class":"institutional","payments":[{"allowed_amount":0.00,"billing_code_modifier":[""],"providers":[{"billed_charge":122.04,"npi":[1801364450]},{"billed_charge":128.52,"npi":[1801364450]},{"billed_charge":184.95,"npi":[1801364450]},{"billed_charge":191.97,"npi":[1801364450]},{"billed_charge":243.00,"npi":[1801364450]},{"billed_charge":250.29,"npi":[1801364450]},{"billed_charge":285.93,"npi":[1801364450]},{"billed_charge":299.43,"npi":[1801364450]},{"billed_charge":308.88,"npi":[1801364450]},{"billed_charge":422.55,"npi":[1801364450]},{"billed_charge":425.60,"npi":[1801364450]}]},{"allowed_amount":0.00,"billing_code_modifier":[""],"providers":[{"billed_charge":122.04,"npi":[1801364450]},{"billed_charge":128.52,"npi":[1801364450]},{"billed_charge":184.95,"npi":[1801364450]},{"billed_charge":191.97,"npi":[1801364450]},{"billed_charge":243.00,"npi":[1801364450]},{"billed_charge":250.29,"npi":[1801364450]},{"billed_charge":285.93,"npi":[1801364450]},{"billed_charge":299.43,"npi":[1801364450]},{"billed_charge":308.88,"npi":[1801364450]},{"billed_charge":422.55,"npi":[1801364450]},{"billed_charge":425.60,"npi":[1801364450]}]},{"allowed_amount":0.00,"billing_code_modifier":[""],"providers":[{"billed_charge":122.04,"npi":[1801364450]},{"billed_charge":128.52,"npi":[1801364450]},{"billed_charge":184.95,"npi":[1801364450]},{"billed_charge":191.97,"npi":[1801364450]},{"billed_charge":243.00,"npi":[1801364450]},{"billed_charge":250.29,"npi":[1801364450]},{"billed_charge":285.93,"npi":[1801364450]},{"billed_charge":299.43,"npi":[1801364450]},{"billed_charge":308.88,"npi":[1801364450]},{"billed_charge":422.55,"npi":[1801364450]},{"billed_charge":425.60,"npi":[1801364450]}]},{"allowed_amount":0.00,"billing_code_modifier":[""],"providers":[{"billed_charge":122.04,"npi":[1801364450]},{"billed_charge":128.52,"npi":[1801364450]},{"billed_charge":184.95,"npi":[1801364450]},{"billed_charge":191.97,"npi":[1801364450]},{"billed_charge":243.00,"npi":[1801364450]},{"billed_charge":250.29,"npi":[1801364450]},{"billed_charge":285.93,"npi":[1801364450]},{"billed_charge":299.43,"npi":[1801364450]},{"billed_charge":308.88,"npi":[1801364450]},{"billed_charge":422.55,"npi":[1801364450]},{"billed_charge":425.60,"npi":[1801364450]}]},{"allowed_amount":0.00,"billing_code_modifier":[""],"providers":[{"billed_charge":122.04,"npi":[1801364450]},{"billed_charge":128.52,"npi":[1801364450]},{"billed_charge":184.95,"npi":[1801364450]},{"billed_charge":191.97,"npi":[1801364450]},{"billed_charge":243.00,"npi":[1801364450]},{"billed_charge":250.29,"npi":[1801364450]},{"billed_charge":285.93,"npi":[1801364450]},{"billed_charge":299.43,"npi":[1801364450]},{"billed_charge":308.88,"npi":[1801364450]},{"billed_charge":422.55,"npi":[1801364450]},{"billed_charge":425.60,"npi":[1801364450]}]},{"allowed_amount":0.00,"billing_code_modifier":[""],"providers":[{"billed_charge":122.04,"npi":[1801364450]},{"billed_charge":128.52,"npi":[1801364450]},{"billed_charge":184.95,"npi":[1801364450]},{"billed_charge":191.97,"npi":[1801364450]},{"billed_charge":243.00,"npi":[1801364450]},{"billed_charge":250.29,"npi":[1801364450]},{"billed_charge":285.93,"npi":[1801364450]},{"billed_charge":299.43,"npi":[1801364450]},{"billed_charge":308.88,"npi":[1801364450]},{"billed_charge":422.55,"npi":[1801364450]},{"billed_charge":425.60,"npi":[1801364450]}]},{"allowed_amount":0.00,"billing_code_modifier":[""],"providers":[{"billed_charge":122.04,"npi":[1801364450]},{"billed_charge":128.52,"npi":[1801364450]},{"billed_charge":184.95,"npi":[1801364450]},{"billed_charge":191.97,"npi":[1801364450]},{"billed_charge":243.00,"npi":[1801364450]},{"billed_charge":250.29,"npi":[1801364450]},{"billed_charge":285.93,"npi":[1801364450]},{"billed_charge":299.43,"npi":[1801364450]},{"billed_charge":308.88,"npi":[1801364450]},{"billed_charge":422.55,"npi":[1801364450]},{"billed_charge":425.60,"npi":[1801364450]}]},{"allowed_amount":0.00,"billing_code_modifier":[""],"providers":[{"billed_charge":122.04,"npi":[1801364450]},{"billed_charge":128.52,"npi":[1801364450]},{"billed_charge":184.95,"npi":[1801364450]},{"billed_charge":191.97,"npi":[1801364450]},{"billed_charge":243.00,"npi":[1801364450]},{"billed_charge":250.29,"npi":[1801364450]},{"billed_charge":285.93,"npi":[1801364450]},{"billed_charge":299.43,"npi":[1801364450]},{"billed_charge":308.88,"npi":[1801364450]},{"billed_charge":422.55,"npi":[1801364450]},{"billed_charge":425.60,"npi":[1801364450]}]},{"allowed_amount":0.00,"billing_code_modifier":[""],"providers":[{"billed_charge":122.04,"npi":[1801364450]},{"billed_charge":128.52,"npi":[1801364450]},{"billed_charge":184.95,"npi":[1801364450]},{"billed_charge":191.97,"npi":[1801364450]},{"billed_charge":243.00,"npi":[1801364450]},{"billed_charge":250.29,"npi":[1801364450]},{"billed_charge":285.93,"npi":[1801364450]},{"billed_charge":299.43,"npi":[1801364450]},{"billed_charge":308.88,"npi":[1801364450]},{"billed_charge":422.55,"npi":[1801364450]},{"billed_charge":425.60,"npi":[1801364450]}]},{"allowed_amount":0.00,"billing_code_modifier":[""],"providers":[{"billed_charge":122.04,"npi":[1801364450]},{"billed_charge":128.52,"npi":[1801364450]},{"billed_charge":184.95,"npi":[1801364450]},{"billed_charge":191.97,"npi":[1801364450]},{"billed_charge":243.00,"npi":[1801364450]},{"billed_charge":250.29,"npi":[1801364450]},{"billed_charge":285.93,"npi":[1801364450]},{"billed_charge":299.43,"npi":[1801364450]},{"billed_charge":308.88,"npi":[1801364450]},{"billed_charge":422.55,"npi":[1801364450]},{"billed_charge":425.60,"npi":[1801364450]}]},{"allowed_amount":0.00,"billing_code_modifier":[""],"providers":[{"billed_charge":122.04,"npi":[1801364450]},{"billed_charge":128.52,"npi":[1801364450]},{"billed_charge":184.95,"npi":[1801364450]},{"billed_charge":191.97,"npi":[1801364450]},{"billed_charge":243.00,"npi":[1801364450]},{"billed_charge":250.29,"npi":[1801364450]},{"billed_charge":285.93,"npi":[1801364450]},{"billed_charge":299.43,"npi":[1801364450]},{"billed_charge":308.88,"npi":[1801364450]},{"billed_charge":422.55,"npi":[1801364450]},{"billed_charge":425.60,"npi":[1801364450]}]}]},{"tin":{"type":"ein","value":"352644167"},"service_code":["23"],"billing_class":"institutional","payments":[{"allowed_amount":0.00,"billing_code_modifier":[""],"providers":[{"billed_charge":122.04,"npi":[1801364450]},{"billed_charge":128.52,"npi":[1801364450]},{"billed_charge":184.95,"npi":[1801364450]},{"billed_charge":191.97,"npi":[1801364450]},{"billed_charge":243.00,"npi":[1801364450]},{"billed_charge":250.29,"npi":[1801364450]},{"billed_charge":285.93,"npi":[1801364450]},{"billed_charge":299.43,"npi":[1801364450]},{"billed_charge":308.88,"npi":[1801364450]},{"billed_charge":422.55,"npi":[1801364450]},{"billed_charge":425.60,"npi":[1801364450]}]},{"allowed_amount":0.00,"billing_code_modifier":[""],"providers":[{"billed_charge":122.04,"npi":[1801364450]},{"billed_charge":128.52,"npi":[1801364450]},{"billed_charge":184.95,"npi":[1801364450]},{"billed_charge":191.97,"npi":[1801364450]},{"billed_charge":243.00,"npi":[1801364450]},{"billed_charge":250.29,"npi":[1801364450]},{"billed_charge":285.93,"npi":[1801364450]},{"billed_charge":299.43,"npi":[1801364450]},{"billed_charge":308.88,"npi":[1801364450]},{"billed_charge":422.55,"npi":[1801364450]},{"billed_charge":425.60,"npi":[1801364450]}]},{"allowed_amount":0.00,"billing_code_modifier":[""],"providers":[{"billed_charge":122.04,"npi":[1801364450]},{"billed_charge":128.52,"npi":[1801364450]},{"billed_charge":184.95,"npi":[1801364450]},{"billed_charge":191.97,"npi":[1801364450]},{"billed_charge":243.00,"npi":[1801364450]},{"billed_charge":250.29,"npi":[1801364450]},{"billed_charge":285.93,"npi":[1801364450]},{"billed_charge":299.43,"npi":[1801364450]},{"billed_charge":308.88,"npi":[1801364450]},{"billed_charge":422.55,"npi":[1801364450]},{"billed_charge":425.60,"npi":[1801364450]}]},{"allowed_amount":0.00,"billing_code_modifier":[""],"providers":[{"billed_charge":122.04,"npi":[1801364450]},{"billed_charge":128.52,"npi":[1801364450]},{"billed_charge":184.95,"npi":[1801364450]},{"billed_charge":191.97,"npi":[1801364450]},{"billed_charge":243.00,"npi":[1801364450]},{"billed_charge":250.29,"npi":[1801364450]},{"billed_charge":285.93,"npi":[1801364450]},{"billed_charge":299.43,"npi":[1801364450]},{"billed_charge":308.88,"npi":[1801364450]},{"billed_charge":422.55,"npi":[1801364450]},{"billed_charge":425.60,"npi":[1801364450]}]},{"allowed_amount":0.00,"billing_code_modifier":[""],"providers":[{"billed_charge":122.04,"npi":[1801364450]},{"billed_charge":128.52,"npi":[1801364450]},{"billed_charge":184.95,"npi":[1801364450]},{"billed_charge":191.97,"npi":[1801364450]},{"billed_charge":243.00,"npi":[1801364450]},{"billed_charge":250.29,"npi":[1801364450]},{"billed_charge":285.93,"npi":[1801364450]},{"billed_charge":299.43,"npi":[1801364450]},{"billed_charge":308.88,"npi":[1801364450]},{"billed_charge":422.55,"npi":[1801364450]},{"billed_charge":425.60,"npi":[1801364450]}]},{"allowed_amount":0.00,"billing_code_modifier":[""],"providers":[{"billed_charge":122.04,"npi":[1801364450]},{"billed_charge":128.52,"npi":[1801364450]},{"billed_charge":184.95,"npi":[1801364450]},{"billed_charge":191.97,"npi":[1801364450]},{"billed_charge":243.00,"npi":[1801364450]},{"billed_charge":250.29,"npi":[1801364450]},{"billed_charge":285.93,"npi":[1801364450]},{"billed_charge":299.43,"npi":[1801364450]},{"billed_charge":308.88,"npi":[1801364450]},{"billed_charge":422.55,"npi":[1801364450]},{"billed_charge":425.60,"npi":[1801364450]}]},{"allowed_amount":0.00,"billing_code_modifier":[""],"providers":[{"billed_charge":122.04,"npi":[1801364450]},{"billed_charge":128.52,"npi":[1801364450]},{"billed_charge":184.95,"npi":[1801364450]},{"billed_charge":191.97,"npi":[1801364450]},{"billed_charge":243.00,"npi":[1801364450]},{"billed_charge":250.29,"npi":[1801364450]},{"billed_charge":285.93,"npi":[1801364450]},{"billed_charge":299.43,"npi":[1801364450]},{"billed_charge":308.88,"npi":[1801364450]},{"billed_charge":422.55,"npi":[1801364450]},{"billed_charge":425.60,"npi":[1801364450]}]},{"allowed_amount":0.00,"billing_code_modifier":[""],"providers":[{"billed_charge":122.04,"npi":[1801364450]},{"billed_charge":128.52,"npi":[1801364450]},{"billed_charge":184.95,"npi":[1801364450]},{"billed_charge":191.97,"npi":[1801364450]},{"billed_charge":243.00,"npi":[1801364450]},{"billed_charge":250.29,"npi":[1801364450]},{"billed_charge":285.93,"npi":[1801364450]},{"billed_charge":299.43,"npi":[1801364450]},{"billed_charge":308.88,"npi":[1801364450]},{"billed_charge":422.55,"npi":[1801364450]},{"billed_charge":425.60,"npi":[1801364450]}]},{"allowed_amount":0.00,"billing_code_modifier":[""],"providers":[{"billed_charge":122.04,"npi":[1801364450]},{"billed_charge":128.52,"npi":[1801364450]},{"billed_charge":184.95,"npi":[1801364450]},{"billed_charge":191.97,"npi":[1801364450]},{"billed_charge":243.00,"npi":[1801364450]},{"billed_charge":250.29,"npi":[1801364450]},{"billed_charge":285.93,"npi":[1801364450]},{"billed_charge":299.43,"npi":[1801364450]},{"billed_charge":308.88,"npi":[1801364450]},{"billed_charge":422.55,"npi":[1801364450]},{"billed_charge":425.60,"npi":[1801364450]}]},{"allowed_amount":0.00,"billing_code_modifier":[""],"providers":[{"billed_charge":122.04,"npi":[1801364450]},{"billed_charge":128.52,"npi":[1801364450]},{"billed_charge":184.95,"npi":[1801364450]},{"billed_charge":191.97,"npi":[1801364450]},{"billed_charge":243.00,"npi":[1801364450]},{"billed_charge":250.29,"npi":[1801364450]},{"billed_charge":285.93,"npi":[1801364450]},{"billed_charge":299.43,"npi":[1801364450]},{"billed_charge":308.88,"npi":[1801364450]},{"billed_charge":422.55,"npi":[1801364450]},{"billed_charge":425.60,"npi":[1801364450]}]},{"allowed_amount":0.00,"billing_code_modifier":[""],"providers":[{"billed_charge":122.04,"npi":[1801364450]},{"billed_charge":128.52,"npi":[1801364450]},{"billed_charge":184.95,"npi":[1801364450]},{"billed_charge":191.97,"npi":[1801364450]},{"billed_charge":243.00,"npi":[1801364450]},{"billed_charge":250.29,"npi":[1801364450]},{"billed_charge":285.93,"npi":[1801364450]},{"billed_charge":299.43,"npi":[1801364450]},{"billed_charge":308.88,"npi":[1801364450]},{"billed_charge":422.55,"npi":[1801364450]},{"billed_charge":425.60,"npi":[1801364450]}]}]},{"tin":{"type":"ein","value":"352644167"},"service_code":["23"],"billing_class":"institutional","payments":[{"allowed_amount":0.00,"billing_code_modifier":[""],"providers":[{"billed_charge":122.04,"npi":[1801364450]},{"billed_charge":128.52,"npi":[1801364450]},{"billed_charge":184.95,"npi":[1801364450]},{"billed_charge":191.97,"npi":[1801364450]},{"billed_charge":243.00,"npi":[1801364450]},{"billed_charge":250.29,"npi":[1801364450]},{"billed_charge":285.93,"npi":[1801364450]},{"billed_charge":299.43,"npi":[1801364450]},{"billed_charge":308.88,"npi":[1801364450]},{"billed_charge":422.55,"npi":[1801364450]},{"billed_charge":425.60,"npi":[1801364450]}]},{"allowed_amount":0.00,"billing_code_modifier":[""],"providers":[{"billed_charge":122.04,"npi":[1801364450]},{"billed_charge":128.52,"npi":[1801364450]},{"billed_charge":184.95,"npi":[1801364450]},{"billed_charge":191.97,"npi":[1801364450]},{"billed_charge":243.00,"npi":[1801364450]},{"billed_charge":250.29,"npi":[1801364450]},{"billed_charge":285.93,"npi":[1801364450]},{"billed_charge":299.43,"npi":[1801364450]},{"billed_charge":308.88,"npi":[1801364450]},{"billed_charge":422.55,"npi":[1801364450]},{"billed_charge":425.60,"npi":[1801364450]}]},{"allowed_amount":0.00,"billing_code_modifier":[""],"providers":[{"billed_charge":122.04,"npi":[1801364450]},{"billed_charge":128.52,"npi":[1801364450]},{"billed_charge":184.95,"npi":[1801364450]},{"billed_charge":191.97,"npi":[1801364450]},{"billed_charge":243.00,"npi":[1801364450]},{"billed_charge":250.29,"npi":[1801364450]},{"billed_charge":285.93,"npi":[1801364450]},{"billed_charge":299.43,"npi":[1801364450]},{"billed_charge":308.88,"npi":[1801364450]},{"billed_charge":422.55,"npi":[1801364450]},{"billed_charge":425.60,"npi":[1801364450]}]},{"allowed_amount":0.00,"billing_code_modifier":[""],"providers":[{"billed_charge":122.04,"npi":[1801364450]},{"billed_charge":128.52,"npi":[1801364450]},{"billed_charge":184.95,"npi":[1801364450]},{"billed_charge":191.97,"npi":[1801364450]},{"billed_charge":243.00,"npi":[1801364450]},{"billed_charge":250.29,"npi":[1801364450]},{"billed_charge":285.93,"npi":[1801364450]},{"billed_charge":299.43,"npi":[1801364450]},{"billed_charge":308.88,"npi":[1801364450]},{"billed_charge":422.55,"npi":[1801364450]},{"billed_charge":425.60,"npi":[1801364450]}]},{"allowed_amount":0.00,"billing_code_modifier":[""],"providers":[{"billed_charge":122.04,"npi":[1801364450]},{"billed_charge":128.52,"npi":[1801364450]},{"billed_charge":184.95,"npi":[1801364450]},{"billed_charge":191.97,"npi":[1801364450]},{"billed_charge":243.00,"npi":[1801364450]},{"billed_charge":250.29,"npi":[1801364450]},{"billed_charge":285.93,"npi":[1801364450]},{"billed_charge":299.43,"npi":[1801364450]},{"billed_charge":308.88,"npi":[1801364450]},{"billed_charge":422.55,"npi":[1801364450]},{"billed_charge":425.60,"npi":[1801364450]}]},{"allowed_amount":0.00,"billing_code_modifier":[""],"providers":[{"billed_charge":122.04,"npi":[1801364450]},{"billed_charge":128.52,"npi":[1801364450]},{"billed_charge":184.95,"npi":[1801364450]},{"billed_charge":191.97,"npi":[1801364450]},{"billed_charge":243.00,"npi":[1801364450]},{"billed_charge":250.29,"npi":[1801364450]},{"billed_charge":285.93,"npi":[1801364450]},{"billed_charge":299.43,"npi":[1801364450]},{"billed_charge":308.88,"npi":[1801364450]},{"billed_charge":422.55,"npi":[1801364450]},{"billed_charge":425.60,"npi":[1801364450]}]},{"allowed_amount":0.00,"billing_code_modifier":[""],"providers":[{"billed_charge":122.04,"npi":[1801364450]},{"billed_charge":128.52,"npi":[1801364450]},{"billed_charge":184.95,"npi":[1801364450]},{"billed_charge":191.97,"npi":[1801364450]},{"billed_charge":243.00,"npi":[1801364450]},{"billed_charge":250.29,"npi":[1801364450]},{"billed_charge":285.93,"npi":[1801364450]},{"billed_charge":299.43,"npi":[1801364450]},{"billed_charge":308.88,"npi":[1801364450]},{"billed_charge":422.55,"npi":[1801364450]},{"billed_charge":425.60,"npi":[1801364450]}]},{"allowed_amount":0.00,"billing_code_modifier":[""],"providers":[{"billed_charge":122.04,"npi":[1801364450]},{"billed_charge":128.52,"npi":[1801364450]},{"billed_charge":184.95,"npi":[1801364450]},{"billed_charge":191.97,"npi":[1801364450]},{"billed_charge":243.00,"npi":[1801364450]},{"billed_charge":250.29,"npi":[1801364450]},{"billed_charge":285.93,"npi":[1801364450]},{"billed_charge":299.43,"npi":[1801364450]},{"billed_charge":308.88,"npi":[1801364450]},{"billed_charge":422.55,"npi":[1801364450]},{"billed_charge":425.60,"npi":[1801364450]}]},{"allowed_amount":0.00,"billing_code_modifier":[""],"providers":[{"billed_charge":122.04,"npi":[1801364450]},{"billed_charge":128.52,"npi":[1801364450]},{"billed_charge":184.95,"npi":[1801364450]},{"billed_charge":191.97,"npi":[1801364450]},{"billed_charge":243.00,"npi":[1801364450]},{"billed_charge":250.29,"npi":[1801364450]},{"billed_charge":285.93,"npi":[1801364450]},{"billed_charge":299.43,"npi":[1801364450]},{"billed_charge":308.88,"npi":[1801364450]},{"billed_charge":422.55,"npi":[1801364450]},{"billed_charge":425.60,"npi":[1801364450]}]},{"allowed_amount":0.00,"billing_code_modifier":[""],"providers":[{"billed_charge":122.04,"npi":[1801364450]},{"billed_charge":128.52,"npi":[1801364450]},{"billed_charge":184.95,"npi":[1801364450]},{"billed_charge":191.97,"npi":[1801364450]},{"billed_charge":243.00,"npi":[1801364450]},{"billed_charge":250.29,"npi":[1801364450]},{"billed_charge":285.93,"npi":[1801364450]},{"billed_charge":299.43,"npi":[1801364450]},{"billed_charge":308.88,"npi":[1801364450]},{"billed_charge":422.55,"npi":[1801364450]},{"billed_charge":425.60,"npi":[1801364450]}]},{"allowed_amount":0.00,"billing_code_modifier":[""],"providers":[{"billed_charge":122.04,"npi":[1801364450]},{"billed_charge":128.52,"npi":[1801364450]},{"billed_charge":184.95,"npi":[1801364450]},{"billed_charge":191.97,"npi":[1801364450]},{"billed_charge":243.00,"npi":[1801364450]},{"billed_charge":250.29,"npi":[1801364450]},{"billed_charge":285.93,"npi":[1801364450]},{"billed_charge":299.43,"npi":[1801364450]},{"billed_charge":308.88,"npi":[1801364450]},{"billed_charge":422.55,"npi":[1801364450]},{"billed_charge":425.60,"npi":[1801364450]}]}]},{"tin":{"type":"ein","value":"352644167"},"service_code":["23"],"billing_class":"institutional","payments":[{"allowed_amount":0.00,"billing_code_modifier":[""],"providers":[{"billed_charge":122.04,"npi":[1801364450]},{"billed_charge":128.52,"npi":[1801364450]},{"billed_charge":184.95,"npi":[1801364450]},{"billed_charge":191.97,"npi":[1801364450]},{"billed_charge":243.00,"npi":[1801364450]},{"billed_charge":250.29,"npi":[1801364450]},{"billed_charge":285.93,"npi":[1801364450]},{"billed_charge":299.43,"npi":[1801364450]},{"billed_charge":308.88,"npi":[1801364450]},{"billed_charge":422.55,"npi":[1801364450]},{"billed_charge":425.60,"npi":[1801364450]}]},{"allowed_amount":0.00,"billing_code_modifier":[""],"providers":[{"billed_charge":122.04,"npi":[1801364450]},{"billed_charge":128.52,"npi":[1801364450]},{"billed_charge":184.95,"npi":[1801364450]},{"billed_charge":191.97,"npi":[1801364450]},{"billed_charge":243.00,"npi":[1801364450]},{"billed_charge":250.29,"npi":[1801364450]},{"billed_charge":285.93,"npi":[1801364450]},{"billed_charge":299.43,"npi":[1801364450]},{"billed_charge":308.88,"npi":[1801364450]},{"billed_charge":422.55,"npi":[1801364450]},{"billed_charge":425.60,"npi":[1801364450]}]},{"allowed_amount":0.00,"billing_code_modifier":[""],"providers":[{"billed_charge":122.04,"npi":[1801364450]},{"billed_charge":128.52,"npi":[1801364450]},{"billed_charge":184.95,"npi":[1801364450]},{"billed_charge":191.97,"npi":[1801364450]},{"billed_charge":243.00,"npi":[1801364450]},{"billed_charge":250.29,"npi":[1801364450]},{"billed_charge":285.93,"npi":[1801364450]},{"billed_charge":299.43,"npi":[1801364450]},{"billed_charge":308.88,"npi":[1801364450]},{"billed_charge":422.55,"npi":[1801364450]},{"billed_charge":425.60,"npi":[1801364450]}]},{"allowed_amount":0.00,"billing_code_modifier":[""],"providers":[{"billed_charge":122.04,"npi":[1801364450]},{"billed_charge":128.52,"npi":[1801364450]},{"billed_charge":184.95,"npi":[1801364450]},{"billed_charge":191.97,"npi":[1801364450]},{"billed_charge":243.00,"npi":[1801364450]},{"billed_charge":250.29,"npi":[1801364450]},{"billed_charge":285.93,"npi":[1801364450]},{"billed_charge":299.43,"npi":[1801364450]},{"billed_charge":308.88,"npi":[1801364450]},{"billed_charge":422.55,"npi":[1801364450]},{"billed_charge":425.60,"npi":[1801364450]}]},{"allowed_amount":0.00,"billing_code_modifier":[""],"providers":[{"billed_charge":122.04,"npi":[1801364450]},{"billed_charge":128.52,"npi":[1801364450]},{"billed_charge":184.95,"npi":[1801364450]},{"billed_charge":191.97,"npi":[1801364450]},{"billed_charge":243.00,"npi":[1801364450]},{"billed_charge":250.29,"npi":[1801364450]},{"billed_charge":285.93,"npi":[1801364450]},{"billed_charge":299.43,"npi":[1801364450]},{"billed_charge":308.88,"npi":[1801364450]},{"billed_charge":422.55,"npi":[1801364450]},{"billed_charge":425.60,"npi":[1801364450]}]},{"allowed_amount":0.00,"billing_code_modifier":[""],"providers":[{"billed_charge":122.04,"npi":[1801364450]},{"billed_charge":128.52,"npi":[1801364450]},{"billed_charge":184.95,"npi":[1801364450]},{"billed_charge":191.97,"npi":[1801364450]},{"billed_charge":243.00,"npi":[1801364450]},{"billed_charge":250.29,"npi":[1801364450]},{"billed_charge":285.93,"npi":[1801364450]},{"billed_charge":299.43,"npi":[1801364450]},{"billed_charge":308.88,"npi":[1801364450]},{"billed_charge":422.55,"npi":[1801364450]},{"billed_charge":425.60,"npi":[1801364450]}]},{"allowed_amount":0.00,"billing_code_modifier":[""],"providers":[{"billed_charge":122.04,"npi":[1801364450]},{"billed_charge":128.52,"npi":[1801364450]},{"billed_charge":184.95,"npi":[1801364450]},{"billed_charge":191.97,"npi":[1801364450]},{"billed_charge":243.00,"npi":[1801364450]},{"billed_charge":250.29,"npi":[1801364450]},{"billed_charge":285.93,"npi":[1801364450]},{"billed_charge":299.43,"npi":[1801364450]},{"billed_charge":308.88,"npi":[1801364450]},{"billed_charge":422.55,"npi":[1801364450]},{"billed_charge":425.60,"npi":[1801364450]}]},{"allowed_amount":0.00,"billing_code_modifier":[""],"providers":[{"billed_charge":122.04,"npi":[1801364450]},{"billed_charge":128.52,"npi":[1801364450]},{"billed_charge":184.95,"npi":[1801364450]},{"billed_charge":191.97,"npi":[1801364450]},{"billed_charge":243.00,"npi":[1801364450]},{"billed_charge":250.29,"npi":[1801364450]},{"billed_charge":285.93,"npi":[1801364450]},{"billed_charge":299.43,"npi":[1801364450]},{"billed_charge":308.88,"npi":[1801364450]},{"billed_charge":422.55,"npi":[1801364450]},{"billed_charge":425.60,"npi":[1801364450]}]},{"allowed_amount":0.00,"billing_code_modifier":[""],"providers":[{"billed_charge":122.04,"npi":[1801364450]},{"billed_charge":128.52,"npi":[1801364450]},{"billed_charge":184.95,"npi":[1801364450]},{"billed_charge":191.97,"npi":[1801364450]},{"billed_charge":243.00,"npi":[1801364450]},{"billed_charge":250.29,"npi":[1801364450]},{"billed_charge":285.93,"npi":[1801364450]},{"billed_charge":299.43,"npi":[1801364450]},{"billed_charge":308.88,"npi":[1801364450]},{"billed_charge":422.55,"npi":[1801364450]},{"billed_charge":425.60,"npi":[1801364450]}]},{"allowed_amount":0.00,"billing_code_modifier":[""],"providers":[{"billed_charge":122.04,"npi":[1801364450]},{"billed_charge":128.52,"npi":[1801364450]},{"billed_charge":184.95,"npi":[1801364450]},{"billed_charge":191.97,"npi":[1801364450]},{"billed_charge":243.00,"npi":[1801364450]},{"billed_charge":250.29,"npi":[1801364450]},{"billed_charge":285.93,"npi":[1801364450]},{"billed_charge":299.43,"npi":[1801364450]},{"billed_charge":308.88,"npi":[1801364450]},{"billed_charge":422.55,"npi":[1801364450]},{"billed_charge":425.60,"npi":[1801364450]}]},{"allowed_amount":0.00,"billing_code_modifier":[""],"providers":[{"billed_charge":122.04,"npi":[1801364450]},{"billed_charge":128.52,"npi":[1801364450]},{"billed_charge":184.95,"npi":[1801364450]},{"billed_charge":191.97,"npi":[1801364450]},{"billed_charge":243.00,"npi":[1801364450]},{"billed_charge":250.29,"npi":[1801364450]},{"billed_charge":285.93,"npi":[1801364450]},{"billed_charge":299.43,"npi":[1801364450]},{"billed_charge":308.88,"npi":[1801364450]},{"billed_charge":422.55,"npi":[1801364450]},{"billed_charge":425.60,"npi":[1801364450]}]}]},{"tin":{"type":"ein","value":"352644167"},"service_code":["23"],"billing_class":"institutional","payments":[{"allowed_amount":0.00,"billing_code_modifier":[""],"providers":[{"billed_charge":122.04,"npi":[1801364450]},{"billed_charge":128.52,"npi":[1801364450]},{"billed_charge":184.95,"npi":[1801364450]},{"billed_charge":191.97,"npi":[1801364450]},{"billed_charge":243.00,"npi":[1801364450]},{"billed_charge":250.29,"npi":[1801364450]},{"billed_charge":285.93,"npi":[1801364450]},{"billed_charge":299.43,"npi":[1801364450]},{"billed_charge":308.88,"npi":[1801364450]},{"billed_charge":422.55,"npi":[1801364450]},{"billed_charge":425.60,"npi":[1801364450]}]},{"allowed_amount":0.00,"billing_code_modifier":[""],"providers":[{"billed_charge":122.04,"npi":[1801364450]},{"billed_charge":128.52,"npi":[1801364450]},{"billed_charge":184.95,"npi":[1801364450]},{"billed_charge":191.97,"npi":[1801364450]},{"billed_charge":243.00,"npi":[1801364450]},{"billed_charge":250.29,"npi":[1801364450]},{"billed_charge":285.93,"npi":[1801364450]},{"billed_charge":299.43,"npi":[1801364450]},{"billed_charge":308.88,"npi":[1801364450]},{"billed_charge":422.55,"npi":[1801364450]},{"billed_charge":425.60,"npi":[1801364450]}]},{"allowed_amount":0.00,"billing_code_modifier":[""],"providers":[{"billed_charge":122.04,"npi":[1801364450]},{"billed_charge":128.52,"npi":[1801364450]},{"billed_charge":184.95,"npi":[1801364450]},{"billed_charge":191.97,"npi":[1801364450]},{"billed_charge":243.00,"npi":[1801364450]},{"billed_charge":250.29,"npi":[1801364450]},{"billed_charge":285.93,"npi":[1801364450]},{"billed_charge":299.43,"npi":[1801364450]},{"billed_charge":308.88,"npi":[1801364450]},{"billed_charge":422.55,"npi":[1801364450]},{"billed_charge":425.60,"npi":[1801364450]}]},{"allowed_amount":0.00,"billing_code_modifier":[""],"providers":[{"billed_charge":122.04,"npi":[1801364450]},{"billed_charge":128.52,"npi":[1801364450]},{"billed_charge":184.95,"npi":[1801364450]},{"billed_charge":191.97,"npi":[1801364450]},{"billed_charge":243.00,"npi":[1801364450]},{"billed_charge":250.29,"npi":[1801364450]},{"billed_charge":285.93,"npi":[1801364450]},{"billed_charge":299.43,"npi":[1801364450]},{"billed_charge":308.88,"npi":[1801364450]},{"billed_charge":422.55,"npi":[1801364450]},{"billed_charge":425.60,"npi":[1801364450]}]},{"allowed_amount":0.00,"billing_code_modifier":[""],"providers":[{"billed_charge":122.04,"npi":[1801364450]},{"billed_charge":128.52,"npi":[1801364450]},{"billed_charge":184.95,"npi":[1801364450]},{"billed_charge":191.97,"npi":[1801364450]},{"billed_charge":243.00,"npi":[1801364450]},{"billed_charge":250.29,"npi":[1801364450]},{"billed_charge":285.93,"npi":[1801364450]},{"billed_charge":299.43,"npi":[1801364450]},{"billed_charge":308.88,"npi":[1801364450]},{"billed_charge":422.55,"npi":[1801364450]},{"billed_charge":425.60,"npi":[1801364450]}]},{"allowed_amount":0.00,"billing_code_modifier":[""],"providers":[{"billed_charge":122.04,"npi":[1801364450]},{"billed_charge":128.52,"npi":[1801364450]},{"billed_charge":184.95,"npi":[1801364450]},{"billed_charge":191.97,"npi":[1801364450]},{"billed_charge":243.00,"npi":[1801364450]},{"billed_charge":250.29,"npi":[1801364450]},{"billed_charge":285.93,"npi":[1801364450]},{"billed_charge":299.43,"npi":[1801364450]},{"billed_charge":308.88,"npi":[1801364450]},{"billed_charge":422.55,"npi":[1801364450]},{"billed_charge":425.60,"npi":[1801364450]}]},{"allowed_amount":0.00,"billing_code_modifier":[""],"providers":[{"billed_charge":122.04,"npi":[1801364450]},{"billed_charge":128.52,"npi":[1801364450]},{"billed_charge":184.95,"npi":[1801364450]},{"billed_charge":191.97,"npi":[1801364450]},{"billed_charge":243.00,"npi":[1801364450]},{"billed_charge":250.29,"npi":[1801364450]},{"billed_charge":285.93,"npi":[1801364450]},{"billed_charge":299.43,"npi":[1801364450]},{"billed_charge":308.88,"npi":[1801364450]},{"billed_charge":422.55,"npi":[1801364450]},{"billed_charge":425.60,"npi":[1801364450]}]},{"allowed_amount":0.00,"billing_code_modifier":[""],"providers":[{"billed_charge":122.04,"npi":[1801364450]},{"billed_charge":128.52,"npi":[1801364450]},{"billed_charge":184.95,"npi":[1801364450]},{"billed_charge":191.97,"npi":[1801364450]},{"billed_charge":243.00,"npi":[1801364450]},{"billed_charge":250.29,"npi":[1801364450]},{"billed_charge":285.93,"npi":[1801364450]},{"billed_charge":299.43,"npi":[1801364450]},{"billed_charge":308.88,"npi":[1801364450]},{"billed_charge":422.55,"npi":[1801364450]},{"billed_charge":425.60,"npi":[1801364450]}]},{"allowed_amount":0.00,"billing_code_modifier":[""],"providers":[{"billed_charge":122.04,"npi":[1801364450]},{"billed_charge":128.52,"npi":[1801364450]},{"billed_charge":184.95,"npi":[1801364450]},{"billed_charge":191.97,"npi":[1801364450]},{"billed_charge":243.00,"npi":[1801364450]},{"billed_charge":250.29,"npi":[1801364450]},{"billed_charge":285.93,"npi":[1801364450]},{"billed_charge":299.43,"npi":[1801364450]},{"billed_charge":308.88,"npi":[1801364450]},{"billed_charge":422.55,"npi":[1801364450]},{"billed_charge":425.60,"npi":[1801364450]}]},{"allowed_amount":0.00,"billing_code_modifier":[""],"providers":[{"billed_charge":122.04,"npi":[1801364450]},{"billed_charge":128.52,"npi":[1801364450]},{"billed_charge":184.95,"npi":[1801364450]},{"billed_charge":191.97,"npi":[1801364450]},{"billed_charge":243.00,"npi":[1801364450]},{"billed_charge":250.29,"npi":[1801364450]},{"billed_charge":285.93,"npi":[1801364450]},{"billed_charge":299.43,"npi":[1801364450]},{"billed_charge":308.88,"npi":[1801364450]},{"billed_charge":422.55,"npi":[1801364450]},{"billed_charge":425.60,"npi":[1801364450]}]},{"allowed_amount":0.00,"billing_code_modifier":[""],"providers":[{"billed_charge":122.04,"npi":[1801364450]},{"billed_charge":128.52,"npi":[1801364450]},{"billed_charge":184.95,"npi":[1801364450]},{"billed_charge":191.97,"npi":[1801364450]},{"billed_charge":243.00,"npi":[1801364450]},{"billed_charge":250.29,"npi":[1801364450]},{"billed_charge":285.93,"npi":[1801364450]},{"billed_charge":299.43,"npi":[1801364450]},{"billed_charge":308.88,"npi":[1801364450]},{"billed_charge":422.55,"npi":[1801364450]},{"billed_charge":425.60,"npi":[1801364450]}]}]},{"tin":{"type":"ein","value":"352644167"},"service_code":["23"],"billing_class":"institutional","payments":[{"allowed_amount":0.00,"billing_code_modifier":[""],"providers":[{"billed_charge":122.04,"npi":[1801364450]},{"billed_charge":128.52,"npi":[1801364450]},{"billed_charge":184.95,"npi":[1801364450]},{"billed_charge":191.97,"npi":[1801364450]},{"billed_charge":243.00,"npi":[1801364450]},{"billed_charge":250.29,"npi":[1801364450]},{"billed_charge":285.93,"npi":[1801364450]},{"billed_charge":299.43,"npi":[1801364450]},{"billed_charge":308.88,"npi":[1801364450]},{"billed_charge":422.55,"npi":[1801364450]},{"billed_charge":425.60,"npi":[1801364450]}]},{"allowed_amount":0.00,"billing_code_modifier":[""],"providers":[{"billed_charge":122.04,"npi":[1801364450]},{"billed_charge":128.52,"npi":[1801364450]},{"billed_charge":184.95,"npi":[1801364450]},{"billed_charge":191.97,"npi":[1801364450]},{"billed_charge":243.00,"npi":[1801364450]},{"billed_charge":250.29,"npi":[1801364450]},{"billed_charge":285.93,"npi":[1801364450]},{"billed_charge":299.43,"npi":[1801364450]},{"billed_charge":308.88,"npi":[1801364450]},{"billed_charge":422.55,"npi":[1801364450]},{"billed_charge":425.60,"npi":[1801364450]}]},{"allowed_amount":0.00,"billing_code_modifier":[""],"providers":[{"billed_charge":122.04,"npi":[1801364450]},{"billed_charge":128.52,"npi":[1801364450]},{"billed_charge":184.95,"npi":[1801364450]},{"billed_charge":191.97,"npi":[1801364450]},{"billed_charge":243.00,"npi":[1801364450]},{"billed_charge":250.29,"npi":[1801364450]},{"billed_charge":285.93,"npi":[1801364450]},{"billed_charge":299.43,"npi":[1801364450]},{"billed_charge":308.88,"npi":[1801364450]},{"billed_charge":422.55,"npi":[1801364450]},{"billed_charge":425.60,"npi":[1801364450]}]},{"allowed_amount":0.00,"billing_code_modifier":[""],"providers":[{"billed_charge":122.04,"npi":[1801364450]},{"billed_charge":128.52,"npi":[1801364450]},{"billed_charge":184.95,"npi":[1801364450]},{"billed_charge":191.97,"npi":[1801364450]},{"billed_charge":243.00,"npi":[1801364450]},{"billed_charge":250.29,"npi":[1801364450]},{"billed_charge":285.93,"npi":[1801364450]},{"billed_charge":299.43,"npi":[1801364450]},{"billed_charge":308.88,"npi":[1801364450]},{"billed_charge":422.55,"npi":[1801364450]},{"billed_charge":425.60,"npi":[1801364450]}]},{"allowed_amount":0.00,"billing_code_modifier":[""],"providers":[{"billed_charge":122.04,"npi":[1801364450]},{"billed_charge":128.52,"npi":[1801364450]},{"billed_charge":184.95,"npi":[1801364450]},{"billed_charge":191.97,"npi":[1801364450]},{"billed_charge":243.00,"npi":[1801364450]},{"billed_charge":250.29,"npi":[1801364450]},{"billed_charge":285.93,"npi":[1801364450]},{"billed_charge":299.43,"npi":[1801364450]},{"billed_charge":308.88,"npi":[1801364450]},{"billed_charge":422.55,"npi":[1801364450]},{"billed_charge":425.60,"npi":[1801364450]}]},{"allowed_amount":0.00,"billing_code_modifier":[""],"providers":[{"billed_charge":122.04,"npi":[1801364450]},{"billed_charge":128.52,"npi":[1801364450]},{"billed_charge":184.95,"npi":[1801364450]},{"billed_charge":191.97,"npi":[1801364450]},{"billed_charge":243.00,"npi":[1801364450]},{"billed_charge":250.29,"npi":[1801364450]},{"billed_charge":285.93,"npi":[1801364450]},{"billed_charge":299.43,"npi":[1801364450]},{"billed_charge":308.88,"npi":[1801364450]},{"billed_charge":422.55,"npi":[1801364450]},{"billed_charge":425.60,"npi":[1801364450]}]},{"allowed_amount":0.00,"billing_code_modifier":[""],"providers":[{"billed_charge":122.04,"npi":[1801364450]},{"billed_charge":128.52,"npi":[1801364450]},{"billed_charge":184.95,"npi":[1801364450]},{"billed_charge":191.97,"npi":[1801364450]},{"billed_charge":243.00,"npi":[1801364450]},{"billed_charge":250.29,"npi":[1801364450]},{"billed_charge":285.93,"npi":[1801364450]},{"billed_charge":299.43,"npi":[1801364450]},{"billed_charge":308.88,"npi":[1801364450]},{"billed_charge":422.55,"npi":[1801364450]},{"billed_charge":425.60,"npi":[1801364450]}]},{"allowed_amount":0.00,"billing_code_modifier":[""],"providers":[{"billed_charge":122.04,"npi":[1801364450]},{"billed_charge":128.52,"npi":[1801364450]},{"billed_charge":184.95,"npi":[1801364450]},{"billed_charge":191.97,"npi":[1801364450]},{"billed_charge":243.00,"npi":[1801364450]},{"billed_charge":250.29,"npi":[1801364450]},{"billed_charge":285.93,"npi":[1801364450]},{"billed_charge":299.43,"npi":[1801364450]},{"billed_charge":308.88,"npi":[1801364450]},{"billed_charge":422.55,"npi":[1801364450]},{"billed_charge":425.60,"npi":[1801364450]}]},{"allowed_amount":0.00,"billing_code_modifier":[""],"providers":[{"billed_charge":122.04,"npi":[1801364450]},{"billed_charge":128.52,"npi":[1801364450]},{"billed_charge":184.95,"npi":[1801364450]},{"billed_charge":191.97,"npi":[1801364450]},{"billed_charge":243.00,"npi":[1801364450]},{"billed_charge":250.29,"npi":[1801364450]},{"billed_charge":285.93,"npi":[1801364450]},{"billed_charge":299.43,"npi":[1801364450]},{"billed_charge":308.88,"npi":[1801364450]},{"billed_charge":422.55,"npi":[1801364450]},{"billed_charge":425.60,"npi":[1801364450]}]},{"allowed_amount":0.00,"billing_code_modifier":[""],"providers":[{"billed_charge":122.04,"npi":[1801364450]},{"billed_charge":128.52,"npi":[1801364450]},{"billed_charge":184.95,"npi":[1801364450]},{"billed_charge":191.97,"npi":[1801364450]},{"billed_charge":243.00,"npi":[1801364450]},{"billed_charge":250.29,"npi":[1801364450]},{"billed_charge":285.93,"npi":[1801364450]},{"billed_charge":299.43,"npi":[1801364450]},{"billed_charge":308.88,"npi":[1801364450]},{"billed_charge":422.55,"npi":[1801364450]},{"billed_charge":425.60,"npi":[1801364450]}]},{"allowed_amount":0.00,"billing_code_modifier":[""],"providers":[{"billed_charge":122.04,"npi":[1801364450]},{"billed_charge":128.52,"npi":[1801364450]},{"billed_charge":184.95,"npi":[1801364450]},{"billed_charge":191.97,"npi":[1801364450]},{"billed_charge":243.00,"npi":[1801364450]},{"billed_charge":250.29,"npi":[1801364450]},{"billed_charge":285.93,"npi":[1801364450]},{"billed_charge":299.43,"npi":[1801364450]},{"billed_charge":308.88,"npi":[1801364450]},{"billed_charge":422.55,"npi":[1801364450]},{"billed_charge":425.60,"npi":[1801364450]}]}]},{"tin":{"type":"ein","value":"352644167"},"service_code":["23"],"billing_class":"institutional","payments":[{"allowed_amount":0.00,"billing_code_modifier":[""],"providers":[{"billed_charge":122.04,"npi":[1801364450]},{"billed_charge":128.52,"npi":[1801364450]},{"billed_charge":184.95,"npi":[1801364450]},{"billed_charge":191.97,"npi":[1801364450]},{"billed_charge":243.00,"npi":[1801364450]},{"billed_charge":250.29,"npi":[1801364450]},{"billed_charge":285.93,"npi":[1801364450]},{"billed_charge":299.43,"npi":[1801364450]},{"billed_charge":308.88,"npi":[1801364450]},{"billed_charge":422.55,"npi":[1801364450]},{"billed_charge":425.60,"npi":[1801364450]}]},{"allowed_amount":0.00,"billing_code_modifier":[""],"providers":[{"billed_charge":122.04,"npi":[1801364450]},{"billed_charge":128.52,"npi":[1801364450]},{"billed_charge":184.95,"npi":[1801364450]},{"billed_charge":191.97,"npi":[1801364450]},{"billed_charge":243.00,"npi":[1801364450]},{"billed_charge":250.29,"npi":[1801364450]},{"billed_charge":285.93,"npi":[1801364450]},{"billed_charge":299.43,"npi":[1801364450]},{"billed_charge":308.88,"npi":[1801364450]},{"billed_charge":422.55,"npi":[1801364450]},{"billed_charge":425.60,"npi":[1801364450]}]},{"allowed_amount":0.00,"billing_code_modifier":[""],"providers":[{"billed_charge":122.04,"npi":[1801364450]},{"billed_charge":128.52,"npi":[1801364450]},{"billed_charge":184.95,"npi":[1801364450]},{"billed_charge":191.97,"npi":[1801364450]},{"billed_charge":243.00,"npi":[1801364450]},{"billed_charge":250.29,"npi":[1801364450]},{"billed_charge":285.93,"npi":[1801364450]},{"billed_charge":299.43,"npi":[1801364450]},{"billed_charge":308.88,"npi":[1801364450]},{"billed_charge":422.55,"npi":[1801364450]},{"billed_charge":425.60,"npi":[1801364450]}]},{"allowed_amount":0.00,"billing_code_modifier":[""],"providers":[{"billed_charge":122.04,"npi":[1801364450]},{"billed_charge":128.52,"npi":[1801364450]},{"billed_charge":184.95,"npi":[1801364450]},{"billed_charge":191.97,"npi":[1801364450]},{"billed_charge":243.00,"npi":[1801364450]},{"billed_charge":250.29,"npi":[1801364450]},{"billed_charge":285.93,"npi":[1801364450]},{"billed_charge":299.43,"npi":[1801364450]},{"billed_charge":308.88,"npi":[1801364450]},{"billed_charge":422.55,"npi":[1801364450]},{"billed_charge":425.60,"npi":[1801364450]}]},{"allowed_amount":0.00,"billing_code_modifier":[""],"providers":[{"billed_charge":122.04,"npi":[1801364450]},{"billed_charge":128.52,"npi":[1801364450]},{"billed_charge":184.95,"npi":[1801364450]},{"billed_charge":191.97,"npi":[1801364450]},{"billed_charge":243.00,"npi":[1801364450]},{"billed_charge":250.29,"npi":[1801364450]},{"billed_charge":285.93,"npi":[1801364450]},{"billed_charge":299.43,"npi":[1801364450]},{"billed_charge":308.88,"npi":[1801364450]},{"billed_charge":422.55,"npi":[1801364450]},{"billed_charge":425.60,"npi":[1801364450]}]},{"allowed_amount":0.00,"billing_code_modifier":[""],"providers":[{"billed_charge":122.04,"npi":[1801364450]},{"billed_charge":128.52,"npi":[1801364450]},{"billed_charge":184.95,"npi":[1801364450]},{"billed_charge":191.97,"npi":[1801364450]},{"billed_charge":243.00,"npi":[1801364450]},{"billed_charge":250.29,"npi":[1801364450]},{"billed_charge":285.93,"npi":[1801364450]},{"billed_charge":299.43,"npi":[1801364450]},{"billed_charge":308.88,"npi":[1801364450]},{"billed_charge":422.55,"npi":[1801364450]},{"billed_charge":425.60,"npi":[1801364450]}]},{"allowed_amount":0.00,"billing_code_modifier":[""],"providers":[{"billed_charge":122.04,"npi":[1801364450]},{"billed_charge":128.52,"npi":[1801364450]},{"billed_charge":184.95,"npi":[1801364450]},{"billed_charge":191.97,"npi":[1801364450]},{"billed_charge":243.00,"npi":[1801364450]},{"billed_charge":250.29,"npi":[1801364450]},{"billed_charge":285.93,"npi":[1801364450]},{"billed_charge":299.43,"npi":[1801364450]},{"billed_charge":308.88,"npi":[1801364450]},{"billed_charge":422.55,"npi":[1801364450]},{"billed_charge":425.60,"npi":[1801364450]}]},{"allowed_amount":0.00,"billing_code_modifier":[""],"providers":[{"billed_charge":122.04,"npi":[1801364450]},{"billed_charge":128.52,"npi":[1801364450]},{"billed_charge":184.95,"npi":[1801364450]},{"billed_charge":191.97,"npi":[1801364450]},{"billed_charge":243.00,"npi":[1801364450]},{"billed_charge":250.29,"npi":[1801364450]},{"billed_charge":285.93,"npi":[1801364450]},{"billed_charge":299.43,"npi":[1801364450]},{"billed_charge":308.88,"npi":[1801364450]},{"billed_charge":422.55,"npi":[1801364450]},{"billed_charge":425.60,"npi":[1801364450]}]},{"allowed_amount":0.00,"billing_code_modifier":[""],"providers":[{"billed_charge":122.04,"npi":[1801364450]},{"billed_charge":128.52,"npi":[1801364450]},{"billed_charge":184.95,"npi":[1801364450]},{"billed_charge":191.97,"npi":[1801364450]},{"billed_charge":243.00,"npi":[1801364450]},{"billed_charge":250.29,"npi":[1801364450]},{"billed_charge":285.93,"npi":[1801364450]},{"billed_charge":299.43,"npi":[1801364450]},{"billed_charge":308.88,"npi":[1801364450]},{"billed_charge":422.55,"npi":[1801364450]},{"billed_charge":425.60,"npi":[1801364450]}]},{"allowed_amount":0.00,"billing_code_modifier":[""],"providers":[{"billed_charge":122.04,"npi":[1801364450]},{"billed_charge":128.52,"npi":[1801364450]},{"billed_charge":184.95,"npi":[1801364450]},{"billed_charge":191.97,"npi":[1801364450]},{"billed_charge":243.00,"npi":[1801364450]},{"billed_charge":250.29,"npi":[1801364450]},{"billed_charge":285.93,"npi":[1801364450]},{"billed_charge":299.43,"npi":[1801364450]},{"billed_charge":308.88,"npi":[1801364450]},{"billed_charge":422.55,"npi":[1801364450]},{"billed_charge":425.60,"npi":[1801364450]}]},{"allowed_amount":0.00,"billing_code_modifier":[""],"providers":[{"billed_charge":122.04,"npi":[1801364450]},{"billed_charge":128.52,"npi":[1801364450]},{"billed_charge":184.95,"npi":[1801364450]},{"billed_charge":191.97,"npi":[1801364450]},{"billed_charge":243.00,"npi":[1801364450]},{"billed_charge":250.29,"npi":[1801364450]},{"billed_charge":285.93,"npi":[1801364450]},{"billed_charge":299.43,"npi":[1801364450]},{"billed_charge":308.88,"npi":[1801364450]},{"billed_charge":422.55,"npi":[1801364450]},{"billed_charge":425.60,"npi":[1801364450]}]}]},{"tin":{"type":"ein","value":"352644167"},"service_code":["23"],"billing_class":"institutional","payments":[{"allowed_amount":0.00,"billing_code_modifier":[""],"providers":[{"billed_charge":122.04,"npi":[1801364450]},{"billed_charge":128.52,"npi":[1801364450]},{"billed_charge":184.95,"npi":[1801364450]},{"billed_charge":191.97,"npi":[1801364450]},{"billed_charge":243.00,"npi":[1801364450]},{"billed_charge":250.29,"npi":[1801364450]},{"billed_charge":285.93,"npi":[1801364450]},{"billed_charge":299.43,"npi":[1801364450]},{"billed_charge":308.88,"npi":[1801364450]},{"billed_charge":422.55,"npi":[1801364450]},{"billed_charge":425.60,"npi":[1801364450]}]},{"allowed_amount":0.00,"billing_code_modifier":[""],"providers":[{"billed_charge":122.04,"npi":[1801364450]},{"billed_charge":128.52,"npi":[1801364450]},{"billed_charge":184.95,"npi":[1801364450]},{"billed_charge":191.97,"npi":[1801364450]},{"billed_charge":243.00,"npi":[1801364450]},{"billed_charge":250.29,"npi":[1801364450]},{"billed_charge":285.93,"npi":[1801364450]},{"billed_charge":299.43,"npi":[1801364450]},{"billed_charge":308.88,"npi":[1801364450]},{"billed_charge":422.55,"npi":[1801364450]},{"billed_charge":425.60,"npi":[1801364450]}]},{"allowed_amount":0.00,"billing_code_modifier":[""],"providers":[{"billed_charge":122.04,"npi":[1801364450]},{"billed_charge":128.52,"npi":[1801364450]},{"billed_charge":184.95,"npi":[1801364450]},{"billed_charge":191.97,"npi":[1801364450]},{"billed_charge":243.00,"npi":[1801364450]},{"billed_charge":250.29,"npi":[1801364450]},{"billed_charge":285.93,"npi":[1801364450]},{"billed_charge":299.43,"npi":[1801364450]},{"billed_charge":308.88,"npi":[1801364450]},{"billed_charge":422.55,"npi":[1801364450]},{"billed_charge":425.60,"npi":[1801364450]}]},{"allowed_amount":0.00,"billing_code_modifier":[""],"providers":[{"billed_charge":122.04,"npi":[1801364450]},{"billed_charge":128.52,"npi":[1801364450]},{"billed_charge":184.95,"npi":[1801364450]},{"billed_charge":191.97,"npi":[1801364450]},{"billed_charge":243.00,"npi":[1801364450]},{"billed_charge":250.29,"npi":[1801364450]},{"billed_charge":285.93,"npi":[1801364450]},{"billed_charge":299.43,"npi":[1801364450]},{"billed_charge":308.88,"npi":[1801364450]},{"billed_charge":422.55,"npi":[1801364450]},{"billed_charge":425.60,"npi":[1801364450]}]},{"allowed_amount":0.00,"billing_code_modifier":[""],"providers":[{"billed_charge":122.04,"npi":[1801364450]},{"billed_charge":128.52,"npi":[1801364450]},{"billed_charge":184.95,"npi":[1801364450]},{"billed_charge":191.97,"npi":[1801364450]},{"billed_charge":243.00,"npi":[1801364450]},{"billed_charge":250.29,"npi":[1801364450]},{"billed_charge":285.93,"npi":[1801364450]},{"billed_charge":299.43,"npi":[1801364450]},{"billed_charge":308.88,"npi":[1801364450]},{"billed_charge":422.55,"npi":[1801364450]},{"billed_charge":425.60,"npi":[1801364450]}]},{"allowed_amount":0.00,"billing_code_modifier":[""],"providers":[{"billed_charge":122.04,"npi":[1801364450]},{"billed_charge":128.52,"npi":[1801364450]},{"billed_charge":184.95,"npi":[1801364450]},{"billed_charge":191.97,"npi":[1801364450]},{"billed_charge":243.00,"npi":[1801364450]},{"billed_charge":250.29,"npi":[1801364450]},{"billed_charge":285.93,"npi":[1801364450]},{"billed_charge":299.43,"npi":[1801364450]},{"billed_charge":308.88,"npi":[1801364450]},{"billed_charge":422.55,"npi":[1801364450]},{"billed_charge":425.60,"npi":[1801364450]}]},{"allowed_amount":0.00,"billing_code_modifier":[""],"providers":[{"billed_charge":122.04,"npi":[1801364450]},{"billed_charge":128.52,"npi":[1801364450]},{"billed_charge":184.95,"npi":[1801364450]},{"billed_charge":191.97,"npi":[1801364450]},{"billed_charge":243.00,"npi":[1801364450]},{"billed_charge":250.29,"npi":[1801364450]},{"billed_charge":285.93,"npi":[1801364450]},{"billed_charge":299.43,"npi":[1801364450]},{"billed_charge":308.88,"npi":[1801364450]},{"billed_charge":422.55,"npi":[1801364450]},{"billed_charge":425.60,"npi":[1801364450]}]},{"allowed_amount":0.00,"billing_code_modifier":[""],"providers":[{"billed_charge":122.04,"npi":[1801364450]},{"billed_charge":128.52,"npi":[1801364450]},{"billed_charge":184.95,"npi":[1801364450]},{"billed_charge":191.97,"npi":[1801364450]},{"billed_charge":243.00,"npi":[1801364450]},{"billed_charge":250.29,"npi":[1801364450]},{"billed_charge":285.93,"npi":[1801364450]},{"billed_charge":299.43,"npi":[1801364450]},{"billed_charge":308.88,"npi":[1801364450]},{"billed_charge":422.55,"npi":[1801364450]},{"billed_charge":425.60,"npi":[1801364450]}]},{"allowed_amount":0.00,"billing_code_modifier":[""],"providers":[{"billed_charge":122.04,"npi":[1801364450]},{"billed_charge":128.52,"npi":[1801364450]},{"billed_charge":184.95,"npi":[1801364450]},{"billed_charge":191.97,"npi":[1801364450]},{"billed_charge":243.00,"npi":[1801364450]},{"billed_charge":250.29,"npi":[1801364450]},{"billed_charge":285.93,"npi":[1801364450]},{"billed_charge":299.43,"npi":[1801364450]},{"billed_charge":308.88,"npi":[1801364450]},{"billed_charge":422.55,"npi":[1801364450]},{"billed_charge":425.60,"npi":[1801364450]}]},{"allowed_amount":0.00,"billing_code_modifier":[""],"providers":[{"billed_charge":122.04,"npi":[1801364450]},{"billed_charge":128.52,"npi":[1801364450]},{"billed_charge":184.95,"npi":[1801364450]},{"billed_charge":191.97,"npi":[1801364450]},{"billed_charge":243.00,"npi":[1801364450]},{"billed_charge":250.29,"npi":[1801364450]},{"billed_charge":285.93,"npi":[1801364450]},{"billed_charge":299.43,"npi":[1801364450]},{"billed_charge":308.88,"npi":[1801364450]},{"billed_charge":422.55,"npi":[1801364450]},{"billed_charge":425.60,"npi":[1801364450]}]},{"allowed_amount":0.00,"billing_code_modifier":[""],"providers":[{"billed_charge":122.04,"npi":[1801364450]},{"billed_charge":128.52,"npi":[1801364450]},{"billed_charge":184.95,"npi":[1801364450]},{"billed_charge":191.97,"npi":[1801364450]},{"billed_charge":243.00,"npi":[1801364450]},{"billed_charge":250.29,"npi":[1801364450]},{"billed_charge":285.93,"npi":[1801364450]},{"billed_charge":299.43,"npi":[1801364450]},{"billed_charge":308.88,"npi":[1801364450]},{"billed_charge":422.55,"npi":[1801364450]},{"billed_charge":425.60,"npi":[1801364450]}]}]},{"tin":{"type":"ein","value":"352644167"},"service_code":["23"],"billing_class":"institutional","payments":[{"allowed_amount":0.00,"billing_code_modifier":[""],"providers":[{"billed_charge":122.04,"npi":[1801364450]},{"billed_charge":128.52,"npi":[1801364450]},{"billed_charge":184.95,"npi":[1801364450]},{"billed_charge":191.97,"npi":[1801364450]},{"billed_charge":243.00,"npi":[1801364450]},{"billed_charge":250.29,"npi":[1801364450]},{"billed_charge":285.93,"npi":[1801364450]},{"billed_charge":299.43,"npi":[1801364450]},{"billed_charge":308.88,"npi":[1801364450]},{"billed_charge":422.55,"npi":[1801364450]},{"billed_charge":425.60,"npi":[1801364450]}]},{"allowed_amount":0.00,"billing_code_modifier":[""],"providers":[{"billed_charge":122.04,"npi":[1801364450]},{"billed_charge":128.52,"npi":[1801364450]},{"billed_charge":184.95,"npi":[1801364450]},{"billed_charge":191.97,"npi":[1801364450]},{"billed_charge":243.00,"npi":[1801364450]},{"billed_charge":250.29,"npi":[1801364450]},{"billed_charge":285.93,"npi":[1801364450]},{"billed_charge":299.43,"npi":[1801364450]},{"billed_charge":308.88,"npi":[1801364450]},{"billed_charge":422.55,"npi":[1801364450]},{"billed_charge":425.60,"npi":[1801364450]}]},{"allowed_amount":0.00,"billing_code_modifier":[""],"providers":[{"billed_charge":122.04,"npi":[1801364450]},{"billed_charge":128.52,"npi":[1801364450]},{"billed_charge":184.95,"npi":[1801364450]},{"billed_charge":191.97,"npi":[1801364450]},{"billed_charge":243.00,"npi":[1801364450]},{"billed_charge":250.29,"npi":[1801364450]},{"billed_charge":285.93,"npi":[1801364450]},{"billed_charge":299.43,"npi":[1801364450]},{"billed_charge":308.88,"npi":[1801364450]},{"billed_charge":422.55,"npi":[1801364450]},{"billed_charge":425.60,"npi":[1801364450]}]},{"allowed_amount":0.00,"billing_code_modifier":[""],"providers":[{"billed_charge":122.04,"npi":[1801364450]},{"billed_charge":128.52,"npi":[1801364450]},{"billed_charge":184.95,"npi":[1801364450]},{"billed_charge":191.97,"npi":[1801364450]},{"billed_charge":243.00,"npi":[1801364450]},{"billed_charge":250.29,"npi":[1801364450]},{"billed_charge":285.93,"npi":[1801364450]},{"billed_charge":299.43,"npi":[1801364450]},{"billed_charge":308.88,"npi":[1801364450]},{"billed_charge":422.55,"npi":[1801364450]},{"billed_charge":425.60,"npi":[1801364450]}]},{"allowed_amount":0.00,"billing_code_modifier":[""],"providers":[{"billed_charge":122.04,"npi":[1801364450]},{"billed_charge":128.52,"npi":[1801364450]},{"billed_charge":184.95,"npi":[1801364450]},{"billed_charge":191.97,"npi":[1801364450]},{"billed_charge":243.00,"npi":[1801364450]},{"billed_charge":250.29,"npi":[1801364450]},{"billed_charge":285.93,"npi":[1801364450]},{"billed_charge":299.43,"npi":[1801364450]},{"billed_charge":308.88,"npi":[1801364450]},{"billed_charge":422.55,"npi":[1801364450]},{"billed_charge":425.60,"npi":[1801364450]}]},{"allowed_amount":0.00,"billing_code_modifier":[""],"providers":[{"billed_charge":122.04,"npi":[1801364450]},{"billed_charge":128.52,"npi":[1801364450]},{"billed_charge":184.95,"npi":[1801364450]},{"billed_charge":191.97,"npi":[1801364450]},{"billed_charge":243.00,"npi":[1801364450]},{"billed_charge":250.29,"npi":[1801364450]},{"billed_charge":285.93,"npi":[1801364450]},{"billed_charge":299.43,"npi":[1801364450]},{"billed_charge":308.88,"npi":[1801364450]},{"billed_charge":422.55,"npi":[1801364450]},{"billed_charge":425.60,"npi":[1801364450]}]},{"allowed_amount":0.00,"billing_code_modifier":[""],"providers":[{"billed_charge":122.04,"npi":[1801364450]},{"billed_charge":128.52,"npi":[1801364450]},{"billed_charge":184.95,"npi":[1801364450]},{"billed_charge":191.97,"npi":[1801364450]},{"billed_charge":243.00,"npi":[1801364450]},{"billed_charge":250.29,"npi":[1801364450]},{"billed_charge":285.93,"npi":[1801364450]},{"billed_charge":299.43,"npi":[1801364450]},{"billed_charge":308.88,"npi":[1801364450]},{"billed_charge":422.55,"npi":[1801364450]},{"billed_charge":425.60,"npi":[1801364450]}]},{"allowed_amount":0.00,"billing_code_modifier":[""],"providers":[{"billed_charge":122.04,"npi":[1801364450]},{"billed_charge":128.52,"npi":[1801364450]},{"billed_charge":184.95,"npi":[1801364450]},{"billed_charge":191.97,"npi":[1801364450]},{"billed_charge":243.00,"npi":[1801364450]},{"billed_charge":250.29,"npi":[1801364450]},{"billed_charge":285.93,"npi":[1801364450]},{"billed_charge":299.43,"npi":[1801364450]},{"billed_charge":308.88,"npi":[1801364450]},{"billed_charge":422.55,"npi":[1801364450]},{"billed_charge":425.60,"npi":[1801364450]}]},{"allowed_amount":0.00,"billing_code_modifier":[""],"providers":[{"billed_charge":122.04,"npi":[1801364450]},{"billed_charge":128.52,"npi":[1801364450]},{"billed_charge":184.95,"npi":[1801364450]},{"billed_charge":191.97,"npi":[1801364450]},{"billed_charge":243.00,"npi":[1801364450]},{"billed_charge":250.29,"npi":[1801364450]},{"billed_charge":285.93,"npi":[1801364450]},{"billed_charge":299.43,"npi":[1801364450]},{"billed_charge":308.88,"npi":[1801364450]},{"billed_charge":422.55,"npi":[1801364450]},{"billed_charge":425.60,"npi":[1801364450]}]},{"allowed_amount":0.00,"billing_code_modifier":[""],"providers":[{"billed_charge":122.04,"npi":[1801364450]},{"billed_charge":128.52,"npi":[1801364450]},{"billed_charge":184.95,"npi":[1801364450]},{"billed_charge":191.97,"npi":[1801364450]},{"billed_charge":243.00,"npi":[1801364450]},{"billed_charge":250.29,"npi":[1801364450]},{"billed_charge":285.93,"npi":[1801364450]},{"billed_charge":299.43,"npi":[1801364450]},{"billed_charge":308.88,"npi":[1801364450]},{"billed_charge":422.55,"npi":[1801364450]},{"billed_charge":425.60,"npi":[1801364450]}]},{"allowed_amount":0.00,"billing_code_modifier":[""],"providers":[{"billed_charge":122.04,"npi":[1801364450]},{"billed_charge":128.52,"npi":[1801364450]},{"billed_charge":184.95,"npi":[1801364450]},{"billed_charge":191.97,"npi":[1801364450]},{"billed_charge":243.00,"npi":[1801364450]},{"billed_charge":250.29,"npi":[1801364450]},{"billed_charge":285.93,"npi":[1801364450]},{"billed_charge":299.43,"npi":[1801364450]},{"billed_charge":308.88,"npi":[1801364450]},{"billed_charge":422.55,"npi":[1801364450]},{"billed_charge":425.60,"npi":[1801364450]}]}]},{"tin":{"type":"ein","value":"862211233"},"service_code":["23"],"billing_class":"institutional","payments":[{"allowed_amount":0.00,"billing_code_modifier":[""],"providers":[{"billed_charge":50.73,"npi":[1104551134]},{"billed_charge":750.00,"npi":[1104551134]}]},{"allowed_amount":0.00,"billing_code_modifier":[""],"providers":[{"billed_charge":50.73,"npi":[1104551134]},{"billed_charge":750.00,"npi":[1104551134]}]}]},{"tin":{"type":"ein","value":"862211233"},"service_code":["23"],"billing_class":"institutional","payments":[{"allowed_amount":0.00,"billing_code_modifier":[""],"providers":[{"billed_charge":50.73,"npi":[1104551134]},{"billed_charge":750.00,"npi":[1104551134]}]},{"allowed_amount":0.00,"billing_code_modifier":[""],"providers":[{"billed_charge":50.73,"npi":[1104551134]},{"billed_charge":750.00,"npi":[1104551134]}]}]}]},{"name":"LIPID PANEL","billing_code_type":"CPT","billing_code_type_version":"2020","billing_code":"80061","description":"LIPID PANEL","allowed_amounts":[{"tin":{"type":"ein","value":"311389035"},"service_code":["22"],"billing_class":"professional","payments":[{"allowed_amount":7.30,"billing_code_modifier":[""],"providers":[{"billed_charge":39.00,"npi":[1083686075,1215993779,1295814911,1336769702,1417906454,1467552471,1568562551,1831173202,1851532816,1912007931,1932337649,1972885937]}]}]}]},{"name":"OFFICE\/OUTPATIENT ESTABLISHED MOD MDM 30 MIN","billing_code_type":"CPT","billing_code_type_version":"2020","billing_code":"99214","description":"OFFICE\/OUTPATIENT ESTABLISHED MOD MDM 30 MIN","allowed_amounts":[{"tin":{"type":"ein","value":"202305158"},"service_code":["11"],"billing_class":"professional","payments":[{"allowed_amount":144.19,"billing_code_modifier":[""],"providers":[{"billed_charge":193.00,"npi":[1003965385,1295862944]}]}]},{"tin":{"type":"ein","value":"272413974"},"service_code":["11"],"billing_class":"professional","payments":[{"allowed_amount":144.19,"billing_code_modifier":[""],"providers":[{"billed_charge":317.00,"npi":[1013247204,1093781841,1811215742]}]}]},{"tin":{"type":"ein","value":"275349332"},"service_code":["20"],"billing_class":"professional","payments":[{"allowed_amount":144.19,"billing_code_modifier":[""],"providers":[{"billed_charge":212.00,"npi":[1063967727,1174347967,1235981408,1265132773,1366139842,1871685792,1982903951]}]}]},{"tin":{"type":"ein","value":"310588183"},"service_code":["11"],"billing_class":"professional","payments":[{"allowed_amount":144.19,"billing_code_modifier":[""],"providers":[{"billed_charge":365.00,"npi":[1013942101,1356630818,1780022764]}]}]},{"tin":{"type":"ein","value":"611274265"},"service_code":["11"],"billing_class":"professional","payments":[{"allowed_amount":144.19,"billing_code_modifier":[""],"providers":[{"billed_charge":185.00,"npi":[1114515764,1598714560,1679863526]}]}]}]},{"name":"SBSQ HOSPITAL IP\/OBS CARE HIGH MDM 50 MINUTES","billing_code_type":"CPT","billing_code_type_version":"2020","billing_code":"99233","description":"SBSQ HOSPITAL IP\/OBS CARE HIGH MDM 50 MINUTES","allowed_amounts":[{"tin":{"type":"ein","value":"611300608"},"service_code":["21"],"billing_class":"professional","payments":[{"allowed_amount":131.52,"billing_code_modifier":[""],"providers":[{"billed_charge":293.00,"npi":[1003251026,1154365062,1295239754,1467492421,1750343216]}]}]}]}]}
