{"reporting_entity_name": "IEC Group_DBA AmeriBen",
	"reporting_entity_type": "Third Party Administrator",
	"plan_name": "WASSERMAN",
	"plan_id_type": "ein",
	"plan_id": "721559402",
	"plan_market_type": "group",
	"last_updated_on": "2025-06-01","Version": "1.0.0","out_of_network":[{"name":"APPL MODALITY 1\/> AREAS TRACTION MECHANICAL","billing_code_type":"CPT","billing_code_type_version":"2020","billing_code":"97012","description":"APPL MODALITY 1\/> AREAS TRACTION MECHANICAL","allowed_amounts":[{"tin":{"type":"ein","value":"113637094"},"service_code":["11"],"billing_class":"professional","payments":[{"allowed_amount":20.97,"billing_code_modifier":[""],"providers":[{"billed_charge":80.00,"npi":[1376063115,1528197506]}]}]},{"tin":{"type":"ein","value":"823997158"},"service_code":["11"],"billing_class":"professional","payments":[{"allowed_amount":20.97,"billing_code_modifier":[""],"providers":[{"billed_charge":200.00,"npi":[1316151426]}]}]},{"tin":{"type":"ein","value":"901021784"},"service_code":["11"],"billing_class":"professional","payments":[{"allowed_amount":20.97,"billing_code_modifier":[""],"providers":[{"billed_charge":200.00,"npi":[1518375526,1558393165]}]}]}]},{"name":"CHIROPRACTIC MANIPLTV TX EXTRASPINAL 1\/> REGION","billing_code_type":"CPT","billing_code_type_version":"2020","billing_code":"98943","description":"CHIROPRACTIC MANIPLTV TX EXTRASPINAL 1\/> REGION","allowed_amounts":[{"tin":{"type":"ein","value":"110726570"},"service_code":["11"],"billing_class":"professional","payments":[{"allowed_amount":38.45,"billing_code_modifier":[""],"providers":[{"billed_charge":100.00,"npi":[1629208426,1659308013]}]}]},{"tin":{"type":"ein","value":"822578242"},"service_code":["11"],"billing_class":"professional","payments":[{"allowed_amount":38.45,"billing_code_modifier":[""],"providers":[{"billed_charge":301.00,"npi":[1629379979,1679508303]}]}]},{"tin":{"type":"ein","value":"823997158"},"service_code":["11"],"billing_class":"professional","payments":[{"allowed_amount":38.45,"billing_code_modifier":[""],"providers":[{"billed_charge":200.00,"npi":[1316151426]}]}]},{"tin":{"type":"ein","value":"824654775"},"service_code":["11"],"billing_class":"professional","payments":[{"allowed_amount":38.45,"billing_code_modifier":[""],"providers":[{"billed_charge":150.00,"npi":[1265103733,1841954807]}]}]},{"tin":{"type":"ein","value":"901021784"},"service_code":["11"],"billing_class":"professional","payments":[{"allowed_amount":38.45,"billing_code_modifier":[""],"providers":[{"billed_charge":200.00,"npi":[1518375526,1558393165]}]}]}]},{"name":"CHIROPRACTIC MANIPULATIVE TX SPINAL 3-4 REGIONS","billing_code_type":"CPT","billing_code_type_version":"2020","billing_code":"98941","description":"CHIROPRACTIC MANIPULATIVE TX SPINAL 3-4 REGIONS","allowed_amounts":[{"tin":{"type":"ein","value":"113637094"},"service_code":["11"],"billing_class":"professional","payments":[{"allowed_amount":58.92,"billing_code_modifier":[""],"providers":[{"billed_charge":95.00,"npi":[1376063115,1528197506]}]}]},{"tin":{"type":"ein","value":"822578242"},"service_code":["11"],"billing_class":"professional","payments":[{"allowed_amount":58.92,"billing_code_modifier":[""],"providers":[{"billed_charge":301.00,"npi":[1629379979,1679508303]}]}]}]},{"name":"ELEC STIM OTHER THAN WOUND","billing_code_type":"HCPCS","billing_code_type_version":"HCPCS LEVEL II 2021","billing_code":"G0283","description":"ELEC STIM OTHER THAN WOUND","allowed_amounts":[{"tin":{"type":"ein","value":"113637094"},"service_code":["11"],"billing_class":"professional","payments":[{"allowed_amount":17.48,"billing_code_modifier":[""],"providers":[{"billed_charge":60.00,"npi":[1376063115,1528197506]}]}]},{"tin":{"type":"ein","value":"823997158"},"service_code":["11"],"billing_class":"professional","payments":[{"allowed_amount":17.48,"billing_code_modifier":[""],"providers":[{"billed_charge":150.00,"npi":[1316151426]}]}]}]},{"name":"MANUAL THERAPY TQS 1\/> REGIONS EACH 15 MINUTES","billing_code_type":"CPT","billing_code_type_version":"2020","billing_code":"97140","description":"MANUAL THERAPY TQS 1\/> REGIONS EACH 15 MINUTES","allowed_amounts":[{"tin":{"type":"ein","value":"465475066"},"service_code":["11"],"billing_class":"professional","payments":[{"allowed_amount":55.00,"billing_code_modifier":[""],"providers":[{"billed_charge":75.00,"npi":[1043801897,1699403667,1770761983,1972916609,1982900015]}]}]},{"tin":{"type":"ein","value":"833755762"},"service_code":["11"],"billing_class":"professional","payments":[{"allowed_amount":55.00,"billing_code_modifier":[""],"providers":[{"billed_charge":55.00,"npi":[1053945188,1801970611]}]}]},{"tin":{"type":"ein","value":"881354202"},"service_code":["11"],"billing_class":"professional","payments":[{"allowed_amount":55.00,"billing_code_modifier":[""],"providers":[{"billed_charge":75.00,"npi":[1518616960,1538254784,1740218155]}]}]},{"tin":{"type":"ein","value":"882180716"},"service_code":["11"],"billing_class":"professional","payments":[{"allowed_amount":55.00,"billing_code_modifier":[""],"providers":[{"billed_charge":58.75,"npi":[1891431458]}]}]}]},{"name":"OFFICE\/OUTPATIENT ESTABLISHED LOW MDM 20 MIN","billing_code_type":"CPT","billing_code_type_version":"2020","billing_code":"99213","description":"OFFICE\/OUTPATIENT ESTABLISHED LOW MDM 20 MIN","allowed_amounts":[{"tin":{"type":"ein","value":"112830151"},"service_code":["11"],"billing_class":"professional","payments":[{"allowed_amount":136.31,"billing_code_modifier":[""],"providers":[{"billed_charge":600.00,"npi":[1568796928,1952614042]}]}]},{"tin":{"type":"ein","value":"133184198"},"service_code":["11"],"billing_class":"professional","payments":[{"allowed_amount":136.31,"billing_code_modifier":[""],"providers":[{"billed_charge":521.70,"npi":[1225253834,1821045170]}]}]},{"tin":{"type":"ein","value":"200498404"},"service_code":["11"],"billing_class":"professional","payments":[{"allowed_amount":136.31,"billing_code_modifier":[""],"providers":[{"billed_charge":350.00,"npi":[1205852845,1689845315]}]}]},{"tin":{"type":"ein","value":"204954713"},"service_code":["02"],"billing_class":"professional","payments":[{"allowed_amount":136.31,"billing_code_modifier":[""],"providers":[{"billed_charge":225.00,"npi":[1710189501]}]}]},{"tin":{"type":"ein","value":"462377905"},"service_code":["02"],"billing_class":"professional","payments":[{"allowed_amount":136.31,"billing_code_modifier":[""],"providers":[{"billed_charge":200.00,"npi":[1083121651,1669813408]}]}]},{"tin":{"type":"ein","value":"814362459"},"service_code":["02"],"billing_class":"professional","payments":[{"allowed_amount":136.31,"billing_code_modifier":[""],"providers":[{"billed_charge":300.00,"npi":[1871033860]}]}]},{"tin":{"type":"ein","value":"822578242"},"service_code":["11"],"billing_class":"professional","payments":[{"allowed_amount":136.31,"billing_code_modifier":[""],"providers":[{"billed_charge":500.00,"npi":[1245880343,1679508303,1841716545]}]}]},{"tin":{"type":"ein","value":"883750668"},"service_code":["11"],"billing_class":"professional","payments":[{"allowed_amount":136.31,"billing_code_modifier":[""],"providers":[{"billed_charge":250.00,"npi":[1811617434]}]}]}]},{"name":"PSYCHIATRIC\/PSYCHOLOGICAL SVCS: PARTIAL HOSP - LES","billing_code_type":"RC","billing_code_type_version":"UB04","billing_code":"0912","description":"PSYCHIATRIC\/PSYCHOLOGICAL SVCS: PARTIAL HOSP - LES","allowed_amounts":[{"tin":{"type":"ein","value":"882524085"},"service_code":["22"],"billing_class":"institutional","payments":[{"allowed_amount":1160.00,"billing_code_modifier":[""],"providers":[{"billed_charge":4250.00,"npi":[1063133163,1609004837]}]}]}]},{"name":"PSYCHOTHERAPY W\/PATIENT 45 MINUTES","billing_code_type":"CPT","billing_code_type_version":"2020","billing_code":"90834","description":"PSYCHOTHERAPY W\/PATIENT 45 MINUTES","allowed_amounts":[{"tin":{"type":"ein","value":"061740360"},"service_code":["11"],"billing_class":"professional","payments":[{"allowed_amount":251.24,"billing_code_modifier":[""],"providers":[{"billed_charge":325.00,"npi":[1629381561]}]}]},{"tin":{"type":"ein","value":"103525633"},"service_code":["11"],"billing_class":"professional","payments":[{"allowed_amount":154.79,"billing_code_modifier":[""],"providers":[{"billed_charge":200.00,"npi":[1467520510]}]}]},{"tin":{"type":"ein","value":"107505336"},"service_code":["02","10"],"billing_class":"professional","payments":[{"allowed_amount":154.79,"billing_code_modifier":[""],"providers":[{"billed_charge":1300.00,"npi":[1457566697]}]}]},{"tin":{"type":"ein","value":"117548087"},"service_code":["10"],"billing_class":"professional","payments":[{"allowed_amount":154.79,"billing_code_modifier":[""],"providers":[{"billed_charge":200.00,"npi":[1881829471]}]}]},{"tin":{"type":"ein","value":"260377198"},"service_code":["02","10"],"billing_class":"professional","payments":[{"allowed_amount":154.79,"billing_code_modifier":[""],"providers":[{"billed_charge":325.00,"npi":[1245533470]}]}]},{"tin":{"type":"ein","value":"262738690"},"service_code":["11"],"billing_class":"professional","payments":[{"allowed_amount":251.24,"billing_code_modifier":[""],"providers":[{"billed_charge":450.00,"npi":[1093033565]}]}]},{"tin":{"type":"ein","value":"264195219"},"service_code":["02"],"billing_class":"professional","payments":[{"allowed_amount":251.24,"billing_code_modifier":[""],"providers":[{"billed_charge":310.00,"npi":[1750749644]}]}]},{"tin":{"type":"ein","value":"381843876"},"service_code":["11"],"billing_class":"professional","payments":[{"allowed_amount":154.79,"billing_code_modifier":[""],"providers":[{"billed_charge":250.00,"npi":[1982118006]}]}]},{"tin":{"type":"ein","value":"465251962"},"service_code":["11"],"billing_class":"professional","payments":[{"allowed_amount":154.79,"billing_code_modifier":[""],"providers":[{"billed_charge":175.00,"npi":[1811210446]}]}]},{"tin":{"type":"ein","value":"473293647"},"service_code":["02"],"billing_class":"professional","payments":[{"allowed_amount":154.79,"billing_code_modifier":[""],"providers":[{"billed_charge":275.00,"npi":[1902199573]}]}]},{"tin":{"type":"ein","value":"557726048"},"service_code":["11"],"billing_class":"professional","payments":[{"allowed_amount":154.79,"billing_code_modifier":[""],"providers":[{"billed_charge":225.00,"npi":[1992135677]}]}]},{"tin":{"type":"ein","value":"571172143"},"service_code":["02"],"billing_class":"professional","payments":[{"allowed_amount":250.00,"billing_code_modifier":[""],"providers":[{"billed_charge":250.00,"npi":[1366599573,1679594071]}]}]},{"tin":{"type":"ein","value":"821204643"},"service_code":["11"],"billing_class":"professional","payments":[{"allowed_amount":154.79,"billing_code_modifier":[""],"providers":[{"billed_charge":275.00,"npi":[1083148001]}]}]},{"tin":{"type":"ein","value":"831097684"},"service_code":["10"],"billing_class":"professional","payments":[{"allowed_amount":250.00,"billing_code_modifier":[""],"providers":[{"billed_charge":250.00,"npi":[1134714124]}]}]},{"tin":{"type":"ein","value":"832953911"},"service_code":["02","11"],"billing_class":"professional","payments":[{"allowed_amount":154.79,"billing_code_modifier":[""],"providers":[{"billed_charge":200.00,"npi":[1306386842]}]}]},{"tin":{"type":"ein","value":"833738969"},"service_code":["11"],"billing_class":"professional","payments":[{"allowed_amount":251.24,"billing_code_modifier":[""],"providers":[{"billed_charge":325.00,"npi":[1275957094]}]}]},{"tin":{"type":"ein","value":"834302956"},"service_code":["10"],"billing_class":"professional","payments":[{"allowed_amount":154.79,"billing_code_modifier":[""],"providers":[{"billed_charge":175.00,"npi":[1982326328]}]}]},{"tin":{"type":"ein","value":"871564573"},"service_code":["11"],"billing_class":"professional","payments":[{"allowed_amount":154.79,"billing_code_modifier":[""],"providers":[{"billed_charge":180.00,"npi":[1518631274]}]}]},{"tin":{"type":"ein","value":"921539594"},"service_code":["11"],"billing_class":"professional","payments":[{"allowed_amount":154.79,"billing_code_modifier":[""],"providers":[{"billed_charge":250.00,"npi":[1083320733,1184233793,1215646575,1386409878]}]}]},{"tin":{"type":"ein","value":"922466724"},"service_code":["02"],"billing_class":"professional","payments":[{"allowed_amount":154.79,"billing_code_modifier":[""],"providers":[{"billed_charge":375.00,"npi":[1124727615,1588080345]}]}]}]},{"name":"RESIDENTIAL TREATMENT-CHEMICAL DEPENDENCY","billing_code_type":"RC","billing_code_type_version":"UB04","billing_code":"1002","description":"RESIDENTIAL TREATMENT-CHEMICAL DEPENDENCY","allowed_amounts":[{"tin":{"type":"ein","value":"882556242"},"service_code":["21"],"billing_class":"institutional","payments":[{"allowed_amount":2500.00,"billing_code_modifier":[""],"providers":[{"billed_charge":5000.00,"npi":[1609004837,1891403275]}]}]}]},{"name":"SELF-CARE\/HOME MGMT TRAINING EACH 15 MINUTES","billing_code_type":"CPT","billing_code_type_version":"2020","billing_code":"97535","description":"SELF-CARE\/HOME MGMT TRAINING EACH 15 MINUTES","allowed_amounts":[{"tin":{"type":"ein","value":"465475066"},"service_code":["11"],"billing_class":"professional","payments":[{"allowed_amount":75.00,"billing_code_modifier":[""],"providers":[{"billed_charge":75.00,"npi":[1043801897,1699403667,1770761983,1972916609,1982900015]}]}]},{"tin":{"type":"ein","value":"881354202"},"service_code":["11"],"billing_class":"professional","payments":[{"allowed_amount":75.00,"billing_code_modifier":[""],"providers":[{"billed_charge":75.00,"npi":[1518616960,1538254784,1740218155]}]}]}]},{"name":"THER PX 1\/> AREAS EACH 15 MIN NEUROMUSC REEDUCA","billing_code_type":"CPT","billing_code_type_version":"2020","billing_code":"97112","description":"THER PX 1\/> AREAS EACH 15 MIN NEUROMUSC REEDUCA","allowed_amounts":[{"tin":{"type":"ein","value":"465475066"},"service_code":["11"],"billing_class":"professional","payments":[{"allowed_amount":51.79,"billing_code_modifier":[""],"providers":[{"billed_charge":75.00,"npi":[1043801897,1699403667,1770761983,1972916609,1982900015]}]}]}]},{"name":"THERAPEUTIC PX 1\/> AREAS EACH 15 MIN EXERCISES","billing_code_type":"CPT","billing_code_type_version":"2020","billing_code":"97110","description":"THERAPEUTIC PX 1\/> AREAS EACH 15 MIN EXERCISES","allowed_amounts":[{"tin":{"type":"ein","value":"113637094"},"service_code":["11"],"billing_class":"professional","payments":[{"allowed_amount":43.94,"billing_code_modifier":[""],"providers":[{"billed_charge":90.00,"npi":[1376063115,1528197506]}]}]},{"tin":{"type":"ein","value":"133415222"},"service_code":["11"],"billing_class":"professional","payments":[{"allowed_amount":43.94,"billing_code_modifier":[""],"providers":[{"billed_charge":58.75,"npi":[1063684629,1427151976]}]}]},{"tin":{"type":"ein","value":"465475066"},"service_code":["11"],"billing_class":"professional","payments":[{"allowed_amount":60.00,"billing_code_modifier":[""],"providers":[{"billed_charge":75.00,"npi":[1043801897,1699403667,1770761983,1972916609,1982900015]}]}]},{"tin":{"type":"ein","value":"881957018"},"service_code":["11"],"billing_class":"professional","payments":[{"allowed_amount":43.94,"billing_code_modifier":[""],"providers":[{"billed_charge":180.00,"npi":[1699542639,1851660120]}]}]}]},{"name":"TX SPEECH LANG VOICE COMMJ&\/AUD PROC DO INDIV","billing_code_type":"CPT","billing_code_type_version":"2020","billing_code":"92507","description":"TX SPEECH LANG VOICE COMMJ&\/AUD PROC DO INDIV","allowed_amounts":[{"tin":{"type":"ein","value":"076408936"},"service_code":["11"],"billing_class":"professional","payments":[{"allowed_amount":100.00,"billing_code_modifier":[""],"providers":[{"billed_charge":100.00,"npi":[1396149050]}]}]},{"tin":{"type":"ein","value":"862458686"},"service_code":["11"],"billing_class":"professional","payments":[{"allowed_amount":114.35,"billing_code_modifier":[""],"providers":[{"billed_charge":200.00,"npi":[1215461744]}]}]}]}]}
