{"reporting_entity_name": "IEC Group_DBA AmeriBen",
	"reporting_entity_type": "Third Party Administrator",
	"plan_name": "GRAVES GILBERT CLINIC",
	"plan_id_type": "ein",
	"plan_id": "610700826",
	"plan_market_type": "group",
	"last_updated_on": "2024-11-01","Version": "1.0.0","out_of_network":[{"name":"EMERGENCY DEPARTMENT VISIT HIGH MDM","billing_code_type":"CPT","billing_code_type_version":"2020","billing_code":"99285","description":"EMERGENCY DEPARTMENT VISIT HIGH MDM","allowed_amounts":[{"tin":{"type":"ein","value":"922098941"},"service_code":["23"],"billing_class":"professional","payments":[{"allowed_amount":193.80,"billing_code_modifier":[""],"providers":[{"billed_charge":984.00,"npi":[1033473970,1033816194,1275155681,1427161561,1871724427,1922056464,1952833311]}]}]}]},{"name":"EMERGENCY DEPARTMENT VISIT MODERATE MDM","billing_code_type":"CPT","billing_code_type_version":"2020","billing_code":"99284","description":"EMERGENCY DEPARTMENT VISIT MODERATE MDM","allowed_amounts":[{"tin":{"type":"ein","value":"922098941"},"service_code":["23"],"billing_class":"professional","payments":[{"allowed_amount":117.65,"billing_code_modifier":[""],"providers":[{"billed_charge":678.00,"npi":[1033816194,1174044598,1174579908,1194097105,1275155681,1639425978,1669473815,1851521744,1871724427,1922056464]}]}]}]},{"name":"XTRNL PT ACTIVATED ECG REC DWNLD 30 DAYS","billing_code_type":"CPT","billing_code_type_version":"2020","billing_code":"93271","description":"XTRNL PT ACTIVATED ECG REC DWNLD 30 DAYS","allowed_amounts":[{"tin":{"type":"ein","value":"274533011"},"service_code":["11"],"billing_class":"professional","payments":[{"allowed_amount":223.64,"billing_code_modifier":[""],"providers":[{"billed_charge":925.00,"npi":[1205887858,1407471550,1487826814,1578569984,1649526716,1851864797]}]}]}]}]}
