{"reporting_entity_name": "IEC Group_DBA AmeriBen",
	"reporting_entity_type": "Third Party Administrator",
	"plan_name": "ZENDESK, INC.",
	"plan_id_type": "ein",
	"plan_id": "264411091",
	"plan_market_type": "group",
	"last_updated_on": "2024-09-01","Version": "1.0.0","out_of_network":[{"name":"ASSAY OF PROGESTERONE","billing_code_type":"CPT","billing_code_type_version":"2020","billing_code":"84144","description":"ASSAY OF PROGESTERONE","allowed_amounts":[{"tin":{"type":"ein","value":"112019482"},"service_code":["81"],"billing_class":"professional","payments":[{"allowed_amount":31.29,"billing_code_modifier":[""],"providers":[{"billed_charge":83.44,"npi":[1063554392,1598820235]}]}]},{"tin":{"type":"ein","value":"113305859"},"service_code":["81"],"billing_class":"professional","payments":[{"allowed_amount":31.29,"billing_code_modifier":[""],"providers":[{"billed_charge":465.00,"npi":[1578937496,1902030422]}]}]}]},{"name":"ASSAY OF TOTAL ESTRADIOL","billing_code_type":"CPT","billing_code_type_version":"2020","billing_code":"82670","description":"ASSAY OF TOTAL ESTRADIOL","allowed_amounts":[{"tin":{"type":"ein","value":"112019482"},"service_code":["81"],"billing_class":"professional","payments":[{"allowed_amount":41.91,"billing_code_modifier":[""],"providers":[{"billed_charge":111.76,"npi":[1063554392,1598820235]}]}]},{"tin":{"type":"ein","value":"113305859"},"service_code":["81"],"billing_class":"professional","payments":[{"allowed_amount":41.91,"billing_code_modifier":[""],"providers":[{"billed_charge":465.00,"npi":[1578937496,1902030422]}]}]}]},{"name":"GONADOTROPIN CHORIONIC QUANTITATIVE","billing_code_type":"CPT","billing_code_type_version":"2020","billing_code":"84702","description":"GONADOTROPIN CHORIONIC QUANTITATIVE","allowed_amounts":[{"tin":{"type":"ein","value":"112019482"},"service_code":["81"],"billing_class":"professional","payments":[{"allowed_amount":22.58,"billing_code_modifier":[""],"providers":[{"billed_charge":60.20,"npi":[1063554392,1598820235]}]}]},{"tin":{"type":"ein","value":"113305859"},"service_code":["81"],"billing_class":"professional","payments":[{"allowed_amount":22.58,"billing_code_modifier":[""],"providers":[{"billed_charge":410.00,"npi":[1578937496,1902030422]}]}]}]},{"name":"MANUAL THERAPY TQS 1\/> REGIONS EACH 15 MINUTES","billing_code_type":"CPT","billing_code_type_version":"2020","billing_code":"97140","description":"MANUAL THERAPY TQS 1\/> REGIONS EACH 15 MINUTES","allowed_amounts":[{"tin":{"type":"ein","value":"201079999"},"service_code":["11"],"billing_class":"professional","payments":[{"allowed_amount":60.00,"billing_code_modifier":[""],"providers":[{"billed_charge":80.00,"npi":[1427059989]}]}]},{"tin":{"type":"ein","value":"820978311"},"service_code":["11"],"billing_class":"professional","payments":[{"allowed_amount":60.00,"billing_code_modifier":[""],"providers":[{"billed_charge":70.00,"npi":[1083274203,1487125779]}]}]},{"tin":{"type":"ein","value":"820978311"},"service_code":["11"],"billing_class":"professional","payments":[{"allowed_amount":120.00,"billing_code_modifier":[""],"providers":[{"billed_charge":140.00,"npi":[1083274203,1083962237,1487125779]}]}]},{"tin":{"type":"ein","value":"824010974"},"service_code":["11"],"billing_class":"professional","payments":[{"allowed_amount":60.00,"billing_code_modifier":[""],"providers":[{"billed_charge":60.00,"npi":[1326459694,1891265732]}]}]},{"tin":{"type":"ein","value":"932537764"},"service_code":["11"],"billing_class":"professional","payments":[{"allowed_amount":60.00,"billing_code_modifier":[""],"providers":[{"billed_charge":60.00,"npi":[1184401002,1518449370]}]}]},{"tin":{"type":"ein","value":"943063018"},"service_code":["11"],"billing_class":"professional","payments":[{"allowed_amount":60.00,"billing_code_modifier":[""],"providers":[{"billed_charge":60.00,"npi":[1336152131,1467465286,1821142340]}]}]},{"tin":{"type":"ein","value":"943324545"},"service_code":["11"],"billing_class":"professional","payments":[{"allowed_amount":120.00,"billing_code_modifier":[""],"providers":[{"billed_charge":148.00,"npi":[1124736517,1447325865,1598044844]}]}]}]},{"name":"PSYCHIATRIC\/PSYCHOLOGICAL SVCS: INDIVIDUAL THERAPY","billing_code_type":"RC","billing_code_type_version":"UB04","billing_code":"0914","description":"PSYCHIATRIC\/PSYCHOLOGICAL SVCS: INDIVIDUAL THERAPY","allowed_amounts":[{"tin":{"type":"ein","value":"854180311"},"service_code":["22"],"billing_class":"institutional","payments":[{"allowed_amount":133.64,"billing_code_modifier":[""],"providers":[{"billed_charge":650.00,"npi":[1548939473,1619585148]}]}]}]},{"name":"PSYCHIATRIC\/PSYCHOLOGICAL TRT: INTENSIVE OUTPATIEN","billing_code_type":"RC","billing_code_type_version":"UB04","billing_code":"0905","description":"PSYCHIATRIC\/PSYCHOLOGICAL TRT: INTENSIVE OUTPATIEN","allowed_amounts":[{"tin":{"type":"ein","value":"854180311"},"service_code":["22"],"billing_class":"institutional","payments":[{"allowed_amount":270.00,"billing_code_modifier":[""],"providers":[{"billed_charge":2700.00,"npi":[1548939473,1619585148]}]}]}]},{"name":"PSYCHOTHERAPY W\/PATIENT 45 MINUTES","billing_code_type":"CPT","billing_code_type_version":"2020","billing_code":"90834","description":"PSYCHOTHERAPY W\/PATIENT 45 MINUTES","allowed_amounts":[{"tin":{"type":"ein","value":"454560253"},"service_code":["02"],"billing_class":"professional","payments":[{"allowed_amount":150.00,"billing_code_modifier":[""],"providers":[{"billed_charge":150.00,"npi":[1306912902]}]}]},{"tin":{"type":"ein","value":"565889571"},"service_code":["10"],"billing_class":"professional","payments":[{"allowed_amount":251.24,"billing_code_modifier":[""],"providers":[{"billed_charge":295.00,"npi":[1528360492]}]}]},{"tin":{"type":"ein","value":"814918932"},"service_code":["11"],"billing_class":"professional","payments":[{"allowed_amount":251.24,"billing_code_modifier":[""],"providers":[{"billed_charge":260.00,"npi":[1538696232]}]}]},{"tin":{"type":"ein","value":"832776994"},"service_code":["02"],"billing_class":"professional","payments":[{"allowed_amount":251.24,"billing_code_modifier":[""],"providers":[{"billed_charge":255.00,"npi":[1881843688]}]}]},{"tin":{"type":"ein","value":"861287596"},"service_code":["02","11"],"billing_class":"professional","payments":[{"allowed_amount":251.24,"billing_code_modifier":[""],"providers":[{"billed_charge":275.00,"npi":[1528462876]}]}]},{"tin":{"type":"ein","value":"872599151"},"service_code":["11"],"billing_class":"professional","payments":[{"allowed_amount":251.24,"billing_code_modifier":[""],"providers":[{"billed_charge":275.00,"npi":[1700081981]}]}]},{"tin":{"type":"ein","value":"960000001"},"service_code":["11"],"billing_class":"professional","payments":[{"allowed_amount":150.00,"billing_code_modifier":[""],"providers":[{"billed_charge":150.00,"npi":[1093148116]}]}]},{"tin":{"type":"ein","value":"999999999"},"service_code":["11"],"billing_class":"professional","payments":[{"allowed_amount":150.00,"billing_code_modifier":[""],"providers":[{"billed_charge":150.00,"npi":[1093148116,1396893772]}]}]}]},{"name":"PSYCHOTHERAPY W\/PATIENT 60 MINUTES","billing_code_type":"CPT","billing_code_type_version":"2020","billing_code":"90837","description":"PSYCHOTHERAPY W\/PATIENT 60 MINUTES","allowed_amounts":[{"tin":{"type":"ein","value":"264177549"},"service_code":["10"],"billing_class":"professional","payments":[{"allowed_amount":252.12,"billing_code_modifier":[""],"providers":[{"billed_charge":260.00,"npi":[1902139413]},{"billed_charge":300.00,"npi":[1902139413]}]},{"allowed_amount":252.12,"billing_code_modifier":[""],"providers":[{"billed_charge":260.00,"npi":[1902139413]},{"billed_charge":300.00,"npi":[1902139413]}]}]},{"tin":{"type":"ein","value":"264177549"},"service_code":["10"],"billing_class":"professional","payments":[{"allowed_amount":252.12,"billing_code_modifier":[""],"providers":[{"billed_charge":260.00,"npi":[1902139413]},{"billed_charge":300.00,"npi":[1902139413]}]},{"allowed_amount":252.12,"billing_code_modifier":[""],"providers":[{"billed_charge":260.00,"npi":[1902139413]},{"billed_charge":300.00,"npi":[1902139413]}]}]},{"tin":{"type":"ein","value":"814637290"},"service_code":["02"],"billing_class":"professional","payments":[{"allowed_amount":250.00,"billing_code_modifier":[""],"providers":[{"billed_charge":250.00,"npi":[1073700738]}]}]},{"tin":{"type":"ein","value":"830788534"},"service_code":["02"],"billing_class":"professional","payments":[{"allowed_amount":250.00,"billing_code_modifier":[""],"providers":[{"billed_charge":250.00,"npi":[1225438708,1336771070]}]}]},{"tin":{"type":"ein","value":"862388382"},"service_code":["10"],"billing_class":"professional","payments":[{"allowed_amount":250.00,"billing_code_modifier":[""],"providers":[{"billed_charge":250.00,"npi":[1285864918,1801481395]}]}]},{"tin":{"type":"ein","value":"999999999"},"service_code":["11"],"billing_class":"professional","payments":[{"allowed_amount":250.00,"billing_code_modifier":[""],"providers":[{"billed_charge":250.00,"npi":[1083901318]}]}]}]},{"name":"RESIDENTIAL TREATMENT-CHEMICAL DEPENDENCY","billing_code_type":"RC","billing_code_type_version":"UB04","billing_code":"1002","description":"RESIDENTIAL TREATMENT-CHEMICAL DEPENDENCY","allowed_amounts":[{"tin":{"type":"ein","value":"474937581"},"service_code":["21"],"billing_class":"institutional","payments":[{"allowed_amount":0.00,"billing_code_modifier":[""],"providers":[{"billed_charge":4200.00,"npi":[1760850945,1801816764]}]}]},{"tin":{"type":"ein","value":"474937581"},"service_code":["21"],"billing_class":"institutional","payments":[{"allowed_amount":1788.00,"billing_code_modifier":[""],"providers":[{"billed_charge":4200.00,"npi":[1760850945,1801816764]}]}]},{"tin":{"type":"ein","value":"861840569"},"service_code":["21"],"billing_class":"institutional","payments":[{"allowed_amount":0.00,"billing_code_modifier":[""],"providers":[{"billed_charge":4623.00,"npi":[1477214500,1801816764]}]}]},{"tin":{"type":"ein","value":"861840569"},"service_code":["21"],"billing_class":"institutional","payments":[{"allowed_amount":1788.00,"billing_code_modifier":[""],"providers":[{"billed_charge":4623.00,"npi":[1477214500,1801816764]}]}]}]},{"name":"THER PX 1\/> AREAS EACH 15 MIN NEUROMUSC REEDUCA","billing_code_type":"CPT","billing_code_type_version":"2020","billing_code":"97112","description":"THER PX 1\/> AREAS EACH 15 MIN NEUROMUSC REEDUCA","allowed_amounts":[{"tin":{"type":"ein","value":"010900559"},"service_code":["11"],"billing_class":"professional","payments":[{"allowed_amount":51.79,"billing_code_modifier":[""],"providers":[{"billed_charge":60.00,"npi":[1417071788,1508068651,1578785218,1801072319]}]}]},{"tin":{"type":"ein","value":"271664832"},"service_code":["11"],"billing_class":"professional","payments":[{"allowed_amount":120.00,"billing_code_modifier":[""],"providers":[{"billed_charge":140.00,"npi":[1316225345,1639313653,1932404712]}]}]},{"tin":{"type":"ein","value":"943324545"},"service_code":["11"],"billing_class":"professional","payments":[{"allowed_amount":120.00,"billing_code_modifier":[""],"providers":[{"billed_charge":166.00,"npi":[1124736517,1447325865,1598044844]}]}]}]},{"name":"THERAPEUT ACTVITY DIRECT PT CONTACT EACH 15 MIN","billing_code_type":"CPT","billing_code_type_version":"2020","billing_code":"97530","description":"THERAPEUT ACTVITY DIRECT PT CONTACT EACH 15 MIN","allowed_amounts":[{"tin":{"type":"ein","value":"010900559"},"service_code":["11"],"billing_class":"professional","payments":[{"allowed_amount":228.21,"billing_code_modifier":[""],"providers":[{"billed_charge":240.00,"npi":[1417071788,1508068651,1578785218,1801072319]}]}]},{"tin":{"type":"ein","value":"270384951"},"service_code":["11"],"billing_class":"professional","payments":[{"allowed_amount":220.00,"billing_code_modifier":[""],"providers":[{"billed_charge":220.00,"npi":[1184852766,1659507358,1760990931,1821776139,1942081849]}]}]}]},{"name":"THERAPEUTIC PX 1\/> AREAS EACH 15 MIN EXERCISES","billing_code_type":"CPT","billing_code_type_version":"2020","billing_code":"97110","description":"THERAPEUTIC PX 1\/> AREAS EACH 15 MIN EXERCISES","allowed_amounts":[{"tin":{"type":"ein","value":"271926815"},"service_code":["11"],"billing_class":"professional","payments":[{"allowed_amount":110.00,"billing_code_modifier":[""],"providers":[{"billed_charge":112.00,"npi":[1396044194,1861151078]}]}]},{"tin":{"type":"ein","value":"275500208"},"service_code":["11"],"billing_class":"professional","payments":[{"allowed_amount":110.00,"billing_code_modifier":[""],"providers":[{"billed_charge":170.00,"npi":[1477822435]}]}]},{"tin":{"type":"ein","value":"812793274"},"service_code":["11"],"billing_class":"professional","payments":[{"allowed_amount":110.00,"billing_code_modifier":[""],"providers":[{"billed_charge":110.00,"npi":[1003221102,1174067995,1740947134,1821147257,1972951903]}]}]},{"tin":{"type":"ein","value":"943063018"},"service_code":["11"],"billing_class":"professional","payments":[{"allowed_amount":110.00,"billing_code_modifier":[""],"providers":[{"billed_charge":120.00,"npi":[1336152131,1467465286,1821142340]}]}]}]}]}
