{"reporting_entity_name": "IEC Group_DBA AmeriBen",
	"reporting_entity_type": "Third Party Administrator",
	"plan_name": "LANDRY'S AND GOLDEN NUGGET",
	"plan_id_type": "ein",
	"plan_id": "760410650",
	"plan_market_type": "group",
	"last_updated_on": "2024-10-01","Version": "1.0.0","out_of_network":[{"name":"DRUGS REQUIRE SPECIFIC ID: DRUGS REQUIRING DETAIL","billing_code_type":"RC","billing_code_type_version":"UB04","billing_code":"0636","description":"DRUGS REQUIRE SPECIFIC ID: DRUGS REQUIRING DETAIL","allowed_amounts":[{"tin":{"type":"ein","value":"842556579"},"service_code":["65"],"billing_class":"institutional","payments":[{"allowed_amount":58.79,"billing_code_modifier":[""],"providers":[{"billed_charge":927.50,"npi":[1285213850,1760652119]}]}]}]},{"name":"HEMO OPD\/HOME: HEMODIALYSIS COMP OR OTHER RATE","billing_code_type":"RC","billing_code_type_version":"UB04","billing_code":"0821","description":"HEMO OPD\/HOME: HEMODIALYSIS COMP OR OTHER RATE","allowed_amounts":[{"tin":{"type":"ein","value":"842556579"},"service_code":["65"],"billing_class":"institutional","payments":[{"allowed_amount":730.53,"billing_code_modifier":[""],"providers":[{"billed_charge":11524.00,"npi":[1285213850,1760652119]}]}]}]},{"name":"LACTATION CLASS","billing_code_type":"HCPCS","billing_code_type_version":"HCPCS LEVEL II 2021","billing_code":"S9443","description":"LACTATION CLASS","allowed_amounts":[{"tin":{"type":"ein","value":"850867370"},"service_code":["02"],"billing_class":"professional","payments":[{"allowed_amount":300.00,"billing_code_modifier":[""],"providers":[{"billed_charge":300.00,"npi":[1023355401,1174808695,1699369124,1790159291,1790306819,1831662253,1861040461,1972198216]}]}]}]},{"name":"MEDICAL\/SURGICAL SUPPLIES","billing_code_type":"RC","billing_code_type_version":"UB04","billing_code":"0270","description":"MEDICAL\/SURGICAL SUPPLIES","allowed_amounts":[{"tin":{"type":"ein","value":"475372431"},"service_code":["65"],"billing_class":"institutional","payments":[{"allowed_amount":4.07,"billing_code_modifier":[""],"providers":[{"billed_charge":149.10,"npi":[1164685731,1730544065]}]}]},{"tin":{"type":"ein","value":"475372431"},"service_code":["65"],"billing_class":"institutional","payments":[{"allowed_amount":4.89,"billing_code_modifier":[""],"providers":[{"billed_charge":149.10,"npi":[1164685731,1730544065]}]}]},{"tin":{"type":"ein","value":"842556579"},"service_code":["65"],"billing_class":"institutional","payments":[{"allowed_amount":8.62,"billing_code_modifier":[""],"providers":[{"billed_charge":136.05,"npi":[1285213850,1760652119]}]}]}]}]}
