{"reporting_entity_name": "IEC Group_DBA AmeriBen",
	"reporting_entity_type": "Third Party Administrator",
	"plan_name": "TYLER TECHNOLOGIES INC",
	"plan_id_type": "ein",
	"plan_id": "752303920",
	"plan_market_type": "group",
	"last_updated_on": "2025-06-02","Version": "1.0.0","out_of_network":[{"name":"ANES DX\/THER NRV BLK\/NJX OTH\/THN PRONE POS","billing_code_type":"CPT","billing_code_type_version":"2020","billing_code":"01991","description":"ANES DX\/THER NRV BLK\/NJX OTH\/THN PRONE POS","allowed_amounts":[{"tin":{"type":"ein","value":"933927040"},"service_code":["11"],"billing_class":"professional","payments":[{"allowed_amount":244.14,"billing_code_modifier":[""],"providers":[{"billed_charge":17485.00,"npi":[1558134346,1609101906,1841228640,1851447890]},{"billed_charge":18830.00,"npi":[1033121686,1144381856,1558134346,1609101906,1841228640,1851447890]},{"billed_charge":20175.00,"npi":[1558134346,1609101906,1841228640]}]},{"allowed_amount":244.14,"billing_code_modifier":[""],"providers":[{"billed_charge":17485.00,"npi":[1558134346,1609101906,1841228640,1851447890]},{"billed_charge":18830.00,"npi":[1033121686,1144381856,1558134346,1609101906,1841228640,1851447890]},{"billed_charge":20175.00,"npi":[1558134346,1609101906,1841228640]}]},{"allowed_amount":244.14,"billing_code_modifier":[""],"providers":[{"billed_charge":17485.00,"npi":[1558134346,1609101906,1841228640,1851447890]},{"billed_charge":18830.00,"npi":[1033121686,1144381856,1558134346,1609101906,1841228640,1851447890]},{"billed_charge":20175.00,"npi":[1558134346,1609101906,1841228640]}]}]},{"tin":{"type":"ein","value":"933927040"},"service_code":["11"],"billing_class":"professional","payments":[{"allowed_amount":244.14,"billing_code_modifier":[""],"providers":[{"billed_charge":17485.00,"npi":[1558134346,1609101906,1841228640,1851447890]},{"billed_charge":18830.00,"npi":[1033121686,1144381856,1558134346,1609101906,1841228640,1851447890]},{"billed_charge":20175.00,"npi":[1558134346,1609101906,1841228640]}]},{"allowed_amount":244.14,"billing_code_modifier":[""],"providers":[{"billed_charge":17485.00,"npi":[1558134346,1609101906,1841228640,1851447890]},{"billed_charge":18830.00,"npi":[1033121686,1144381856,1558134346,1609101906,1841228640,1851447890]},{"billed_charge":20175.00,"npi":[1558134346,1609101906,1841228640]}]},{"allowed_amount":244.14,"billing_code_modifier":[""],"providers":[{"billed_charge":17485.00,"npi":[1558134346,1609101906,1841228640,1851447890]},{"billed_charge":18830.00,"npi":[1033121686,1144381856,1558134346,1609101906,1841228640,1851447890]},{"billed_charge":20175.00,"npi":[1558134346,1609101906,1841228640]}]}]},{"tin":{"type":"ein","value":"933927040"},"service_code":["11"],"billing_class":"professional","payments":[{"allowed_amount":244.14,"billing_code_modifier":[""],"providers":[{"billed_charge":17485.00,"npi":[1558134346,1609101906,1841228640,1851447890]},{"billed_charge":18830.00,"npi":[1033121686,1144381856,1558134346,1609101906,1841228640,1851447890]},{"billed_charge":20175.00,"npi":[1558134346,1609101906,1841228640]}]},{"allowed_amount":244.14,"billing_code_modifier":[""],"providers":[{"billed_charge":17485.00,"npi":[1558134346,1609101906,1841228640,1851447890]},{"billed_charge":18830.00,"npi":[1033121686,1144381856,1558134346,1609101906,1841228640,1851447890]},{"billed_charge":20175.00,"npi":[1558134346,1609101906,1841228640]}]},{"allowed_amount":244.14,"billing_code_modifier":[""],"providers":[{"billed_charge":17485.00,"npi":[1558134346,1609101906,1841228640,1851447890]},{"billed_charge":18830.00,"npi":[1033121686,1144381856,1558134346,1609101906,1841228640,1851447890]},{"billed_charge":20175.00,"npi":[1558134346,1609101906,1841228640]}]}]}]},{"name":"APPL MODALITY 1\/> AREAS TRACTION MECHANICAL","billing_code_type":"CPT","billing_code_type_version":"2020","billing_code":"97012","description":"APPL MODALITY 1\/> AREAS TRACTION MECHANICAL","allowed_amounts":[{"tin":{"type":"ein","value":"320087207"},"service_code":["11"],"billing_class":"professional","payments":[{"allowed_amount":8.86,"billing_code_modifier":[""],"providers":[{"billed_charge":40.00,"npi":[1861452625]}]}]}]},{"name":"CCPD OPD\/HOME: CCPD COMP OR OTHER RATE","billing_code_type":"RC","billing_code_type_version":"UB04","billing_code":"0851","description":"CCPD OPD\/HOME: CCPD COMP OR OTHER RATE","allowed_amounts":[{"tin":{"type":"ein","value":"454079774"},"service_code":["65"],"billing_class":"institutional","payments":[{"allowed_amount":525.71,"billing_code_modifier":[""],"providers":[{"billed_charge":3543.00,"npi":[1639448467,1912975236]},{"billed_charge":3671.00,"npi":[1639448467,1912975236]}]},{"allowed_amount":525.71,"billing_code_modifier":[""],"providers":[{"billed_charge":3543.00,"npi":[1639448467,1912975236]},{"billed_charge":3671.00,"npi":[1639448467,1912975236]}]}]},{"tin":{"type":"ein","value":"454079774"},"service_code":["65"],"billing_class":"institutional","payments":[{"allowed_amount":525.71,"billing_code_modifier":[""],"providers":[{"billed_charge":3543.00,"npi":[1639448467,1912975236]},{"billed_charge":3671.00,"npi":[1639448467,1912975236]}]},{"allowed_amount":525.71,"billing_code_modifier":[""],"providers":[{"billed_charge":3543.00,"npi":[1639448467,1912975236]},{"billed_charge":3671.00,"npi":[1639448467,1912975236]}]}]}]},{"name":"CHIROPRACTIC MANIPLTV TX EXTRASPINAL 1\/> REGION","billing_code_type":"CPT","billing_code_type_version":"2020","billing_code":"98943","description":"CHIROPRACTIC MANIPLTV TX EXTRASPINAL 1\/> REGION","allowed_amounts":[{"tin":{"type":"ein","value":"320087207"},"service_code":["11"],"billing_class":"professional","payments":[{"allowed_amount":13.30,"billing_code_modifier":[""],"providers":[{"billed_charge":60.00,"npi":[1861452625]}]}]}]},{"name":"CHIROPRACTIC MANIPULATIVE TX SPINAL 3-4 REGIONS","billing_code_type":"CPT","billing_code_type_version":"2020","billing_code":"98941","description":"CHIROPRACTIC MANIPULATIVE TX SPINAL 3-4 REGIONS","allowed_amounts":[{"tin":{"type":"ein","value":"320087207"},"service_code":["11"],"billing_class":"professional","payments":[{"allowed_amount":18.84,"billing_code_modifier":[""],"providers":[{"billed_charge":85.00,"npi":[1861452625]}]}]},{"tin":{"type":"ein","value":"471419598"},"service_code":["11"],"billing_class":"professional","payments":[{"allowed_amount":39.28,"billing_code_modifier":[""],"providers":[{"billed_charge":60.00,"npi":[1234567893,1811389430]}]}]}]},{"name":"MANUAL THERAPY TQS 1\/> REGIONS EACH 15 MINUTES","billing_code_type":"CPT","billing_code_type_version":"2020","billing_code":"97140","description":"MANUAL THERAPY TQS 1\/> REGIONS EACH 15 MINUTES","allowed_amounts":[{"tin":{"type":"ein","value":"861248541"},"service_code":["11"],"billing_class":"professional","payments":[{"allowed_amount":57.90,"billing_code_modifier":[""],"providers":[{"billed_charge":120.00,"npi":[1366172827,1538220033,1588234009,1881477040]}]}]}]},{"name":"MEDICAL\/SURGICAL SUPPLIES","billing_code_type":"RC","billing_code_type_version":"UB04","billing_code":"0270","description":"MEDICAL\/SURGICAL SUPPLIES","allowed_amounts":[{"tin":{"type":"ein","value":"810747649"},"service_code":["65"],"billing_class":"institutional","payments":[{"allowed_amount":7.02,"billing_code_modifier":[""],"providers":[{"billed_charge":149.10,"npi":[1588023683,1730175332]}]}]}]},{"name":"OFFICE\/OUTPATIENT NEW LOW MDM 30 MINUTES","billing_code_type":"CPT","billing_code_type_version":"2020","billing_code":"99203","description":"OFFICE\/OUTPATIENT NEW LOW MDM 30 MINUTES","allowed_amounts":[{"tin":{"type":"ein","value":"923443345"},"service_code":["11"],"billing_class":"professional","payments":[{"allowed_amount":65.00,"billing_code_modifier":[""],"providers":[{"billed_charge":65.00,"npi":[1548876980]}]}]}]},{"name":"PHYS\/MANIP TX MAINT NOT RESTORATION","billing_code_type":"HCPCS","billing_code_type_version":"HCPCS LEVEL II 2021","billing_code":"S8990","description":"PHYS\/MANIP TX MAINT NOT RESTORATION","allowed_amounts":[{"tin":{"type":"ein","value":"471419598"},"service_code":["11"],"billing_class":"professional","payments":[{"allowed_amount":35.00,"billing_code_modifier":[""],"providers":[{"billed_charge":60.00,"npi":[1234567893,1811389430]}]}]}]},{"name":"PSYCHOTHERAPY W\/PATIENT 60 MINUTES","billing_code_type":"CPT","billing_code_type_version":"2020","billing_code":"90837","description":"PSYCHOTHERAPY W\/PATIENT 60 MINUTES","allowed_amounts":[{"tin":{"type":"ein","value":"030547314"},"service_code":["11"],"billing_class":"professional","payments":[{"allowed_amount":180.00,"billing_code_modifier":[""],"providers":[{"billed_charge":180.00,"npi":[1316093677]}]}]},{"tin":{"type":"ein","value":"473736898"},"service_code":["02","11"],"billing_class":"professional","payments":[{"allowed_amount":123.04,"billing_code_modifier":[""],"providers":[{"billed_charge":140.00,"npi":[1073900437,1174911176]},{"billed_charge":145.00,"npi":[1073900437,1174911176]}]},{"allowed_amount":123.04,"billing_code_modifier":[""],"providers":[{"billed_charge":140.00,"npi":[1073900437,1174911176]},{"billed_charge":145.00,"npi":[1073900437,1174911176]}]}]},{"tin":{"type":"ein","value":"473736898"},"service_code":["11"],"billing_class":"professional","payments":[{"allowed_amount":123.04,"billing_code_modifier":[""],"providers":[{"billed_charge":140.00,"npi":[1073900437,1174911176]},{"billed_charge":145.00,"npi":[1073900437,1174911176]}]},{"allowed_amount":123.04,"billing_code_modifier":[""],"providers":[{"billed_charge":140.00,"npi":[1073900437,1174911176]},{"billed_charge":145.00,"npi":[1073900437,1174911176]}]}]},{"tin":{"type":"ein","value":"815046708"},"service_code":["10"],"billing_class":"professional","payments":[{"allowed_amount":100.68,"billing_code_modifier":[""],"providers":[{"billed_charge":250.00,"npi":[1205479631,1679547632]}]}]},{"tin":{"type":"ein","value":"834161600"},"service_code":["11"],"billing_class":"professional","payments":[{"allowed_amount":123.04,"billing_code_modifier":[""],"providers":[{"billed_charge":165.00,"npi":[1336675081]}]}]}]},{"name":"SBSQ HOSPITAL IP\/OBS CARE MOD MDM 35 MINUTES","billing_code_type":"CPT","billing_code_type_version":"2020","billing_code":"99232","description":"SBSQ HOSPITAL IP\/OBS CARE MOD MDM 35 MINUTES","allowed_amounts":[{"tin":{"type":"ein","value":"922396444"},"service_code":["21"],"billing_class":"professional","payments":[{"allowed_amount":0.00,"billing_code_modifier":[""],"providers":[{"billed_charge":527.36,"npi":[1023404340,1033313820,1093570319,1164793386,1235473646,1255519583,1306098439,1366072373,1447754916,1457675316,1689951550,1730944158,1821318429,1841683497]}]}]},{"tin":{"type":"ein","value":"922396444"},"service_code":["21"],"billing_class":"professional","payments":[{"allowed_amount":124.53,"billing_code_modifier":[""],"providers":[{"billed_charge":527.36,"npi":[1003191065,1023404340,1033313820,1093570319,1164793386,1164940003,1235473646,1255519583,1306098439,1306407713,1366072373,1447754916,1457675316,1477916294,1528263860,1568662161,1689951550,1821318429,1841683497]}]}]}]},{"name":"THER PX 1\/> AREAS EACH 15 MIN NEUROMUSC REEDUCA","billing_code_type":"CPT","billing_code_type_version":"2020","billing_code":"97112","description":"THER PX 1\/> AREAS EACH 15 MIN NEUROMUSC REEDUCA","allowed_amounts":[{"tin":{"type":"ein","value":"861248541"},"service_code":["11"],"billing_class":"professional","payments":[{"allowed_amount":84.00,"billing_code_modifier":[""],"providers":[{"billed_charge":125.00,"npi":[1366172827,1538220033,1588234009,1881477040]}]}]}]},{"name":"THERAPEUT ACTVITY DIRECT PT CONTACT EACH 15 MIN","billing_code_type":"CPT","billing_code_type_version":"2020","billing_code":"97530","description":"THERAPEUT ACTVITY DIRECT PT CONTACT EACH 15 MIN","allowed_amounts":[{"tin":{"type":"ein","value":"320087207"},"service_code":["11"],"billing_class":"professional","payments":[{"allowed_amount":0.00,"billing_code_modifier":[""],"providers":[{"billed_charge":60.00,"npi":[1861452625]}]}]},{"tin":{"type":"ein","value":"854245125"},"service_code":["11"],"billing_class":"professional","payments":[{"allowed_amount":19.77,"billing_code_modifier":[""],"providers":[{"billed_charge":65.00,"npi":[1013513233,1356640775]},{"billed_charge":80.00,"npi":[1013513233,1356640775]}]},{"allowed_amount":19.77,"billing_code_modifier":[""],"providers":[{"billed_charge":65.00,"npi":[1013513233,1356640775]},{"billed_charge":80.00,"npi":[1013513233,1356640775]}]}]},{"tin":{"type":"ein","value":"854245125"},"service_code":["11"],"billing_class":"professional","payments":[{"allowed_amount":19.77,"billing_code_modifier":[""],"providers":[{"billed_charge":65.00,"npi":[1013513233,1356640775]},{"billed_charge":80.00,"npi":[1013513233,1356640775]}]},{"allowed_amount":19.77,"billing_code_modifier":[""],"providers":[{"billed_charge":65.00,"npi":[1013513233,1356640775]},{"billed_charge":80.00,"npi":[1013513233,1356640775]}]}]}]},{"name":"THERAPEUTIC PX 1\/> AREAS EACH 15 MIN EXERCISES","billing_code_type":"CPT","billing_code_type_version":"2020","billing_code":"97110","description":"THERAPEUTIC PX 1\/> AREAS EACH 15 MIN EXERCISES","allowed_amounts":[{"tin":{"type":"ein","value":"854245125"},"service_code":["11"],"billing_class":"professional","payments":[{"allowed_amount":11.66,"billing_code_modifier":[""],"providers":[{"billed_charge":75.00,"npi":[1013513233,1356640775]}]}]},{"tin":{"type":"ein","value":"861248541"},"service_code":["11"],"billing_class":"professional","payments":[{"allowed_amount":121.76,"billing_code_modifier":[""],"providers":[{"billed_charge":300.00,"npi":[1366172827,1538220033,1588234009,1881477040]}]}]}]}]}
