{"reporting_entity_name": "IEC Group_DBA AmeriBen",
	"reporting_entity_type": "Third Party Administrator",
	"plan_name": "ARIZONA LOCAL GOVERNMENT EBT",
	"plan_id_type": "ein",
	"plan_id": "",
	"plan_market_type": "group",
	"last_updated_on": "2022-06-28","Version": "1.0.0","out_of_network":[{"name":"CHIROPRACTIC MANIPULATIVE TX SPINAL 3-4 REGIONS","billing_code_type":"CPT","billing_code_type_version":"2020","billing_code":"98941","description":"CHIROPRACTIC MANIPULATIVE TX SPINAL 3-4 REGIONS","allowed_amounts":[{"tin":{"type":"ein","value":"861864733"},"service_code":["11"],"billing_class":"professional","payments":[{"allowed_amount":163.36,"billing_code_modifier":[""],"providers":[{"billed_charge":204.20,"npi":[1295404978,1396326898,1649949322,1962896571]}]}]}]},{"name":"COMPREHENSIVE METABOLIC PANEL","billing_code_type":"CPT","billing_code_type_version":"2020","billing_code":"80053","description":"COMPREHENSIVE METABOLIC PANEL","allowed_amounts":[{"tin":{"type":"ein","value":"942958258"},"service_code":["22","23"],"billing_class":"professional","payments":[{"allowed_amount":15.00,"billing_code_modifier":[""],"providers":[{"billed_charge":25.00,"npi":[1043658800,1164878799,1265820179,1508809427,1689879967,1700985009,1821197112]}]}]}]},{"name":"CRITICAL CARE ILL\/INJURED PATIENT INIT 30-74 MIN","billing_code_type":"CPT","billing_code_type_version":"2020","billing_code":"99291","description":"CRITICAL CARE ILL\/INJURED PATIENT INIT 30-74 MIN","allowed_amounts":[{"tin":{"type":"ein","value":"352574944"},"service_code":["23"],"billing_class":"professional","payments":[{"allowed_amount":305.80,"billing_code_modifier":[""],"providers":[{"billed_charge":2261.00,"npi":[1518042670,1639240336,1700328663,1891143376,1942200696]}]}]},{"tin":{"type":"ein","value":"371839681"},"service_code":["21"],"billing_class":"professional","payments":[{"allowed_amount":305.80,"billing_code_modifier":[""],"providers":[{"billed_charge":1587.72,"npi":[1619349024,1669834537,1962944702]}]}]}]},{"name":"IA DET NA;SEV AC RES SYND SARS-COV-2 COVID-19","billing_code_type":"HCPCS","billing_code_type_version":"HCPCS LEVEL II 2021","billing_code":"U0005","description":"IA DET NA;SEV AC RES SYND SARS-COV-2 COVID-19","allowed_amounts":[{"tin":{"type":"ein","value":"472462178"},"service_code":["81"],"billing_class":"professional","payments":[{"allowed_amount":35.00,"billing_code_modifier":[""],"providers":[{"billed_charge":50.00,"npi":[1144731605,1467854497,1639311509]}]}]}]},{"name":"INF AGT DET DNA\/RNA;SARS-COV-2 COVID-19 AMP P T","billing_code_type":"HCPCS","billing_code_type_version":"HCPCS LEVEL II 2021","billing_code":"U0003","description":"INF AGT DET DNA\/RNA;SARS-COV-2 COVID-19 AMP P T","allowed_amounts":[{"tin":{"type":"ein","value":"472462178"},"service_code":["81"],"billing_class":"professional","payments":[{"allowed_amount":175.00,"billing_code_modifier":[""],"providers":[{"billed_charge":250.00,"npi":[1144731605,1467854497,1639311509]}]}]}]},{"name":"INJECTION SINGLE\/MLT TRIGGER POINT 3\/> MUSCLES","billing_code_type":"CPT","billing_code_type_version":"2020","billing_code":"20553","description":"INJECTION SINGLE\/MLT TRIGGER POINT 3\/> MUSCLES","allowed_amounts":[{"tin":{"type":"ein","value":"861864733"},"service_code":["11"],"billing_class":"professional","payments":[{"allowed_amount":679.52,"billing_code_modifier":[""],"providers":[{"billed_charge":849.40,"npi":[1295404978,1346866886,1396326898,1649949322]}]}]}]},{"name":"THERAPEUTIC PX 1\/> AREAS EACH 15 MIN EXERCISES","billing_code_type":"CPT","billing_code_type_version":"2020","billing_code":"97110","description":"THERAPEUTIC PX 1\/> AREAS EACH 15 MIN EXERCISES","allowed_amounts":[{"tin":{"type":"ein","value":"861864733"},"service_code":["11"],"billing_class":"professional","payments":[{"allowed_amount":491.52,"billing_code_modifier":[""],"providers":[{"billed_charge":614.40,"npi":[1023222551,1295404978,1346866886,1396326898,1649949322,1962896571]}]}]}]},{"name":"US GUIDANCE NEEDLE PLACEMENT IMG S&I","billing_code_type":"CPT","billing_code_type_version":"2020","billing_code":"76942","description":"US GUIDANCE NEEDLE PLACEMENT IMG S&I","allowed_amounts":[{"tin":{"type":"ein","value":"861864733"},"service_code":["11"],"billing_class":"professional","payments":[{"allowed_amount":494.08,"billing_code_modifier":[""],"providers":[{"billed_charge":617.60,"npi":[1295404978,1346866886,1396326898,1649949322]}]}]}]}]}
