{"reporting_entity_name": "IEC Group_DBA AmeriBen",
	"reporting_entity_type": "Third Party Administrator",
	"plan_name": "ASTEMO",
	"plan_id_type": "ein",
	"plan_id": "611065272",
	"plan_market_type": "group",
	"last_updated_on": "2024-10-01","Version": "1.0.0","out_of_network":[{"name":"25 HYDROXY INCLUDES FRACTIONS IF PERFORMED","billing_code_type":"CPT","billing_code_type_version":"2020","billing_code":"82306","description":"25 HYDROXY INCLUDES FRACTIONS IF PERFORMED","allowed_amounts":[{"tin":{"type":"ein","value":"382084239"},"service_code":["81"],"billing_class":"professional","payments":[{"allowed_amount":14.26,"billing_code_modifier":[""],"providers":[{"billed_charge":266.02,"npi":[1629671342,1740728690,1821109463,1932166386,1932202983]}]}]},{"tin":{"type":"ein","value":"471359076"},"service_code":["81"],"billing_class":"professional","payments":[{"allowed_amount":14.26,"billing_code_modifier":[""],"providers":[{"billed_charge":88.80,"npi":[1134538713,1710974696]}]}]},{"tin":{"type":"ein","value":"810576059"},"service_code":["81"],"billing_class":"professional","payments":[{"allowed_amount":14.26,"billing_code_modifier":[""],"providers":[{"billed_charge":124.08,"npi":[1053730325,1225644974,1235186800,1265640486,1437131596,1700820198,1952398406]}]}]}]},{"name":"COLLECTION VENOUS BLOOD VENIPUNCTURE","billing_code_type":"CPT","billing_code_type_version":"2020","billing_code":"36415","description":"COLLECTION VENOUS BLOOD VENIPUNCTURE","allowed_amounts":[{"tin":{"type":"ein","value":"030417049"},"service_code":["11"],"billing_class":"professional","payments":[{"allowed_amount":1.02,"billing_code_modifier":[""],"providers":[{"billed_charge":16.00,"npi":[1922053545,1962867655]}]}]},{"tin":{"type":"ein","value":"201842623"},"service_code":["11"],"billing_class":"professional","payments":[{"allowed_amount":1.02,"billing_code_modifier":[""],"providers":[{"billed_charge":10.50,"npi":[1346343761,1952397564]}]}]},{"tin":{"type":"ein","value":"271773152"},"service_code":["81"],"billing_class":"professional","payments":[{"allowed_amount":1.02,"billing_code_modifier":[""],"providers":[{"billed_charge":30.00,"npi":[1700881612,1790016921]}]}]},{"tin":{"type":"ein","value":"364871943"},"service_code":["11"],"billing_class":"professional","payments":[{"allowed_amount":1.02,"billing_code_modifier":[""],"providers":[{"billed_charge":12.00,"npi":[1215436043,1588923254,1689801532,1932607868]}]}]},{"tin":{"type":"ein","value":"382084239"},"service_code":["81"],"billing_class":"professional","payments":[{"allowed_amount":1.02,"billing_code_modifier":[""],"providers":[{"billed_charge":6.66,"npi":[1619935624,1932166386]},{"billed_charge":35.00,"npi":[1003282120,1043741754,1073762720,1215039029,1245427178,1285291286,1336681782,1366095127,1407351117,1487153839,1568897767,1578240974,1770532723,1780646083,1831175132,1841287612,1861445793,1871560847,1932166386,1932202983,1962496893,1992800742]}]},{"allowed_amount":1.02,"billing_code_modifier":[""],"providers":[{"billed_charge":6.66,"npi":[1619935624,1932166386]},{"billed_charge":35.00,"npi":[1003282120,1043741754,1073762720,1215039029,1245427178,1285291286,1336681782,1366095127,1407351117,1487153839,1568897767,1578240974,1770532723,1780646083,1831175132,1841287612,1861445793,1871560847,1932166386,1932202983,1962496893,1992800742]}]}]},{"tin":{"type":"ein","value":"382084239"},"service_code":["81"],"billing_class":"professional","payments":[{"allowed_amount":1.02,"billing_code_modifier":[""],"providers":[{"billed_charge":6.66,"npi":[1619935624,1932166386]},{"billed_charge":35.00,"npi":[1003282120,1043741754,1073762720,1215039029,1245427178,1285291286,1336681782,1366095127,1407351117,1487153839,1568897767,1578240974,1770532723,1780646083,1831175132,1841287612,1861445793,1871560847,1932166386,1932202983,1962496893,1992800742]}]},{"allowed_amount":1.02,"billing_code_modifier":[""],"providers":[{"billed_charge":6.66,"npi":[1619935624,1932166386]},{"billed_charge":35.00,"npi":[1003282120,1043741754,1073762720,1215039029,1245427178,1285291286,1336681782,1366095127,1407351117,1487153839,1568897767,1578240974,1770532723,1780646083,1831175132,1841287612,1861445793,1871560847,1932166386,1932202983,1962496893,1992800742]}]}]},{"tin":{"type":"ein","value":"751093698"},"service_code":["81"],"billing_class":"professional","payments":[{"allowed_amount":1.02,"billing_code_modifier":[""],"providers":[{"billed_charge":12.00,"npi":[1104819689,1962481820]}]}]}]},{"name":"DRUG TST PRSMV INSTRMNT CHEM ANALYZERS PR DATE","billing_code_type":"CPT","billing_code_type_version":"2020","billing_code":"80307","description":"DRUG TST PRSMV INSTRMNT CHEM ANALYZERS PR DATE","allowed_amounts":[{"tin":{"type":"ein","value":"471871738"},"service_code":["11"],"billing_class":"professional","payments":[{"allowed_amount":43.50,"billing_code_modifier":[""],"providers":[{"billed_charge":1700.00,"npi":[1326163775,1336533918]}]}]},{"tin":{"type":"ein","value":"821256541"},"service_code":["81"],"billing_class":"professional","payments":[{"allowed_amount":43.50,"billing_code_modifier":[""],"providers":[{"billed_charge":850.00,"npi":[1255310108,1952876203]}]}]},{"tin":{"type":"ein","value":"880241758"},"service_code":["81"],"billing_class":"professional","payments":[{"allowed_amount":43.50,"billing_code_modifier":[""],"providers":[{"billed_charge":242.00,"npi":[1699782722,1811045230]}]}]}]},{"name":"EMERGENCY DEPARTMENT VISIT HIGH MDM","billing_code_type":"CPT","billing_code_type_version":"2020","billing_code":"99285","description":"EMERGENCY DEPARTMENT VISIT HIGH MDM","allowed_amounts":[{"tin":{"type":"ein","value":"931845364"},"service_code":["23"],"billing_class":"professional","payments":[{"allowed_amount":238.22,"billing_code_modifier":[""],"providers":[{"billed_charge":1400.00,"npi":[1093729485,1154377166,1184302473,1568789303,1588229595,1639183965]}]}]}]},{"name":"EMERGENCY DEPARTMENT VISIT MODERATE MDM","billing_code_type":"CPT","billing_code_type_version":"2020","billing_code":"99284","description":"EMERGENCY DEPARTMENT VISIT MODERATE MDM","allowed_amounts":[{"tin":{"type":"ein","value":"831132382"},"service_code":["23"],"billing_class":"professional","payments":[{"allowed_amount":161.32,"billing_code_modifier":[""],"providers":[{"billed_charge":1487.00,"npi":[1306355680,1437629342,1710242276,1801963368]}]}]},{"tin":{"type":"ein","value":"931845364"},"service_code":["23"],"billing_class":"professional","payments":[{"allowed_amount":161.32,"billing_code_modifier":[""],"providers":[{"billed_charge":935.00,"npi":[1093729485,1154377166,1184302473,1356481261,1568789303,1588229595,1780625830]}]}]}]},{"name":"GENERAL HEALTH PANEL","billing_code_type":"CPT","billing_code_type_version":"2020","billing_code":"80050","description":"GENERAL HEALTH PANEL","allowed_amounts":[{"tin":{"type":"ein","value":"382084239"},"service_code":["81"],"billing_class":"professional","payments":[{"allowed_amount":14.76,"billing_code_modifier":[""],"providers":[{"billed_charge":290.47,"npi":[1336681782,1619935624,1629671342,1780646083,1861445793,1932166386,1932202983,1942948369,1962496893]}]}]},{"tin":{"type":"ein","value":"471359076"},"service_code":["81"],"billing_class":"professional","payments":[{"allowed_amount":14.76,"billing_code_modifier":[""],"providers":[{"billed_charge":105.39,"npi":[1134538713,1710974696]}]}]},{"tin":{"type":"ein","value":"810576059"},"service_code":["81"],"billing_class":"professional","payments":[{"allowed_amount":14.76,"billing_code_modifier":[""],"providers":[{"billed_charge":60.00,"npi":[1053730325,1225644974,1235186800,1437131596,1548461643,1700820198,1952398406]}]}]}]},{"name":"HEMOGLOBIN GLYCOSYLATED A1C","billing_code_type":"CPT","billing_code_type_version":"2020","billing_code":"83036","description":"HEMOGLOBIN GLYCOSYLATED A1C","allowed_amounts":[{"tin":{"type":"ein","value":"382084239"},"service_code":["81"],"billing_class":"professional","payments":[{"allowed_amount":4.68,"billing_code_modifier":[""],"providers":[{"billed_charge":81.68,"npi":[1073675641,1215039029,1336681782,1336887595,1740728690,1861445793,1871560847,1932166386,1932202983,1962496893]}]}]},{"tin":{"type":"ein","value":"471359076"},"service_code":["81"],"billing_class":"professional","payments":[{"allowed_amount":4.68,"billing_code_modifier":[""],"providers":[{"billed_charge":114.43,"npi":[1134538713,1710974696]}]}]},{"tin":{"type":"ein","value":"810576059"},"service_code":["81"],"billing_class":"professional","payments":[{"allowed_amount":4.68,"billing_code_modifier":[""],"providers":[{"billed_charge":40.68,"npi":[1053730325,1225644974,1235186800,1437131596,1548461643,1700820198,1952398406]}]}]}]},{"name":"IADNA CHLAMYDIA TRACHOMATIS AMPLIFIED PROBE TQ","billing_code_type":"CPT","billing_code_type_version":"2020","billing_code":"87491","description":"IADNA CHLAMYDIA TRACHOMATIS AMPLIFIED PROBE TQ","allowed_amounts":[{"tin":{"type":"ein","value":"364871943"},"service_code":["11"],"billing_class":"professional","payments":[{"allowed_amount":16.90,"billing_code_modifier":[""],"providers":[{"billed_charge":120.00,"npi":[1689801532,1932607868]}]}]},{"tin":{"type":"ein","value":"382084239"},"service_code":["81"],"billing_class":"professional","payments":[{"allowed_amount":16.90,"billing_code_modifier":[""],"providers":[{"billed_charge":113.84,"npi":[1336887595,1477658136,1902921711,1932166386,1932202983,1942948369,1962496893,1992800742]}]}]},{"tin":{"type":"ein","value":"751093698"},"service_code":["81"],"billing_class":"professional","payments":[{"allowed_amount":16.90,"billing_code_modifier":[""],"providers":[{"billed_charge":75.00,"npi":[1104819689,1962481820]}]}]},{"tin":{"type":"ein","value":"873826903"},"service_code":["81"],"billing_class":"professional","payments":[{"allowed_amount":16.90,"billing_code_modifier":[""],"providers":[{"billed_charge":43.86,"npi":[1871560847,1881352979]}]}]}]},{"name":"IADNA NEISSERIA GONORRHOEAE AMPLIFIED PROBE TQ","billing_code_type":"CPT","billing_code_type_version":"2020","billing_code":"87591","description":"IADNA NEISSERIA GONORRHOEAE AMPLIFIED PROBE TQ","allowed_amounts":[{"tin":{"type":"ein","value":"364871943"},"service_code":["11"],"billing_class":"professional","payments":[{"allowed_amount":16.90,"billing_code_modifier":[""],"providers":[{"billed_charge":120.00,"npi":[1689801532,1932607868]}]}]},{"tin":{"type":"ein","value":"382084239"},"service_code":["81"],"billing_class":"professional","payments":[{"allowed_amount":16.90,"billing_code_modifier":[""],"providers":[{"billed_charge":113.83,"npi":[1336887595,1477658136,1902921711,1932166386,1932202983,1942948369,1962496893,1992800742]}]}]},{"tin":{"type":"ein","value":"751093698"},"service_code":["81"],"billing_class":"professional","payments":[{"allowed_amount":16.90,"billing_code_modifier":[""],"providers":[{"billed_charge":75.00,"npi":[1104819689,1962481820]}]}]},{"tin":{"type":"ein","value":"873826903"},"service_code":["81"],"billing_class":"professional","payments":[{"allowed_amount":16.90,"billing_code_modifier":[""],"providers":[{"billed_charge":43.86,"npi":[1871560847,1881352979]}]}]}]},{"name":"LIPID PANEL","billing_code_type":"CPT","billing_code_type_version":"2020","billing_code":"80061","description":"LIPID PANEL","allowed_amounts":[{"tin":{"type":"ein","value":"382084239"},"service_code":["81"],"billing_class":"professional","payments":[{"allowed_amount":7.68,"billing_code_modifier":[""],"providers":[{"billed_charge":162.91,"npi":[1073675641,1215039029,1336681782,1336887595,1740728690,1780646083,1861445793,1932166386,1932202983,1962496893]}]}]},{"tin":{"type":"ein","value":"471359076"},"service_code":["81"],"billing_class":"professional","payments":[{"allowed_amount":7.68,"billing_code_modifier":[""],"providers":[{"billed_charge":40.17,"npi":[1134538713,1710974696]}]}]},{"tin":{"type":"ein","value":"810576059"},"service_code":["81"],"billing_class":"professional","payments":[{"allowed_amount":7.68,"billing_code_modifier":[""],"providers":[{"billed_charge":56.16,"npi":[1053730325,1235186800,1437131596,1548461643,1700820198,1952398406]}]}]}]},{"name":"PSYCHIATRIC\/PSYCHOLOGICAL SVCS: PARTIAL HOSP - LES","billing_code_type":"RC","billing_code_type_version":"UB04","billing_code":"0912","description":"PSYCHIATRIC\/PSYCHOLOGICAL SVCS: PARTIAL HOSP - LES","allowed_amounts":[{"tin":{"type":"ein","value":"874362887"},"service_code":["22"],"billing_class":"institutional","payments":[{"allowed_amount":860.00,"billing_code_modifier":[""],"providers":[{"billed_charge":4600.00,"npi":[1255037487,1710970553]}]}]}]},{"name":"PSYCHOTHERAPY W\/PATIENT 45 MINUTES","billing_code_type":"CPT","billing_code_type_version":"2020","billing_code":"90834","description":"PSYCHOTHERAPY W\/PATIENT 45 MINUTES","allowed_amounts":[{"tin":{"type":"ein","value":"475537366"},"service_code":["02"],"billing_class":"professional","payments":[{"allowed_amount":90.00,"billing_code_modifier":[""],"providers":[{"billed_charge":90.00,"npi":[1194894485,1518323120,1891941928,1992178115]}]}]}]},{"name":"PSYCHOTHERAPY W\/PATIENT 60 MINUTES","billing_code_type":"CPT","billing_code_type_version":"2020","billing_code":"90837","description":"PSYCHOTHERAPY W\/PATIENT 60 MINUTES","allowed_amounts":[{"tin":{"type":"ein","value":"341475943"},"service_code":["11"],"billing_class":"professional","payments":[{"allowed_amount":100.67,"billing_code_modifier":[""],"providers":[{"billed_charge":163.00,"npi":[1710930953,1811314321,1972912665]}]}]}]},{"name":"RESIDENTIAL TREATMENT-CHEMICAL DEPENDENCY","billing_code_type":"RC","billing_code_type_version":"UB04","billing_code":"1002","description":"RESIDENTIAL TREATMENT-CHEMICAL DEPENDENCY","allowed_amounts":[{"tin":{"type":"ein","value":"820648972"},"service_code":["22"],"billing_class":"institutional","payments":[{"allowed_amount":600.00,"billing_code_modifier":[""],"providers":[{"billed_charge":2000.00,"npi":[1699213306]}]}]},{"tin":{"type":"ein","value":"831529261"},"service_code":["21"],"billing_class":"institutional","payments":[{"allowed_amount":2696.75,"billing_code_modifier":[""],"providers":[{"billed_charge":4025.00,"npi":[1043795834]}]}]}]},{"name":"TX SPEECH LANG VOICE COMMJ &\/AUDITORY PROC IND","billing_code_type":"CPT","billing_code_type_version":"2020","billing_code":"92507","description":"TX SPEECH LANG VOICE COMMJ &\/AUDITORY PROC IND","allowed_amounts":[{"tin":{"type":"ein","value":"932537503"},"service_code":["99"],"billing_class":"professional","payments":[{"allowed_amount":51.56,"billing_code_modifier":[""],"providers":[{"billed_charge":110.00,"npi":[1295416428,1972273290]}]}]}]}]}
