{"reporting_entity_name": "IEC Group_DBA AmeriBen",
	"reporting_entity_type": "Third Party Administrator",
	"plan_name": "ROGERS",
	"plan_id_type": "ein",
	"plan_id": "581539550",
	"plan_market_type": "group",
	"last_updated_on": "2024-04-01","Version": "1.0.0","out_of_network":[{"name":"CCPD OPD\/HOME: CCPD COMP OR OTHER RATE","billing_code_type":"RC","billing_code_type_version":"UB04","billing_code":"0851","description":"CCPD OPD\/HOME: CCPD COMP OR OTHER RATE","allowed_amounts":[{"tin":{"type":"ein","value":"953372911"},"service_code":["65"],"billing_class":"institutional","payments":[{"allowed_amount":275.43,"billing_code_modifier":[""],"providers":[{"billed_charge":3374.00,"npi":[1174558753,1720538556]}]}]}]}]}
