{"reporting_entity_name": "IEC Group_DBA AmeriBen",
	"reporting_entity_type": "Third Party Administrator",
	"plan_name": "ZELIS HEALTHCARE",
	"plan_id_type": "ein",
	"plan_id": "582167964",
	"plan_market_type": "group",
	"last_updated_on": "2025-07-01","Version": "1.0.0","out_of_network":[{"name":"ADAPTIVE BEHAVIOR TX BY PROTOCOL TECH EA 15 MIN","billing_code_type":"CPT","billing_code_type_version":"2020","billing_code":"97153","description":"ADAPTIVE BEHAVIOR TX BY PROTOCOL TECH EA 15 MIN","allowed_amounts":[{"tin":{"type":"ein","value":"262488659"},"service_code":["11"],"billing_class":"professional","payments":[{"allowed_amount":277.50,"billing_code_modifier":[""],"providers":[{"billed_charge":480.00,"npi":[1063993269,1093125429]},{"billed_charge":400.00,"npi":[1063993269,1093125429]}]},{"allowed_amount":277.50,"billing_code_modifier":[""],"providers":[{"billed_charge":480.00,"npi":[1063993269,1093125429]},{"billed_charge":400.00,"npi":[1063993269,1093125429]}]}]},{"tin":{"type":"ein","value":"262488659"},"service_code":["11","12","99"],"billing_class":"professional","payments":[{"allowed_amount":277.50,"billing_code_modifier":[""],"providers":[{"billed_charge":480.00,"npi":[1063993269,1093125429]},{"billed_charge":400.00,"npi":[1063993269,1093125429]}]},{"allowed_amount":277.50,"billing_code_modifier":[""],"providers":[{"billed_charge":480.00,"npi":[1063993269,1093125429]},{"billed_charge":400.00,"npi":[1063993269,1093125429]}]}]}]},{"name":"APPL MODALITY 1\/> AREAS ELEC STIMJ UNATTENDED","billing_code_type":"CPT","billing_code_type_version":"2020","billing_code":"97014","description":"APPL MODALITY 1\/> AREAS ELEC STIMJ UNATTENDED","allowed_amounts":[{"tin":{"type":"ein","value":"933039993"},"service_code":["11"],"billing_class":"professional","payments":[{"allowed_amount":18.48,"billing_code_modifier":[""],"providers":[{"billed_charge":150.00,"npi":[1144069501,1679355309,1972627339]}]}]}]},{"name":"CHIROPRACTIC MANIPLTV TX EXTRASPINAL 1\/> REGION","billing_code_type":"CPT","billing_code_type_version":"2020","billing_code":"98943","description":"CHIROPRACTIC MANIPLTV TX EXTRASPINAL 1\/> REGION","allowed_amounts":[{"tin":{"type":"ein","value":"933039993"},"service_code":["11"],"billing_class":"professional","payments":[{"allowed_amount":38.45,"billing_code_modifier":[""],"providers":[{"billed_charge":180.00,"npi":[1144069501,1679355309,1972627339]}]}]}]},{"name":"CHIROPRACTIC MANIPULATIVE TX SPINAL 1-2 REGIONS","billing_code_type":"CPT","billing_code_type_version":"2020","billing_code":"98940","description":"CHIROPRACTIC MANIPULATIVE TX SPINAL 1-2 REGIONS","allowed_amounts":[{"tin":{"type":"ein","value":"933039993"},"service_code":["11"],"billing_class":"professional","payments":[{"allowed_amount":40.95,"billing_code_modifier":[""],"providers":[{"billed_charge":170.00,"npi":[1144069501,1679355309,1972627339]}]}]}]},{"name":"IADNA NOS AMPLIFIED PROBE TQ EACH ORGANISM","billing_code_type":"CPT","billing_code_type_version":"2020","billing_code":"87798","description":"IADNA NOS AMPLIFIED PROBE TQ EACH ORGANISM","allowed_amounts":[{"tin":{"type":"ein","value":"043740411"},"service_code":["81"],"billing_class":"professional","payments":[{"allowed_amount":24.56,"billing_code_modifier":[""],"providers":[{"billed_charge":87.73,"npi":[1063611598,1396858791]}]}]}]},{"name":"MANUAL THERAPY TQS 1\/> REGIONS EACH 15 MINUTES","billing_code_type":"CPT","billing_code_type_version":"2020","billing_code":"97140","description":"MANUAL THERAPY TQS 1\/> REGIONS EACH 15 MINUTES","allowed_amounts":[{"tin":{"type":"ein","value":"933829354"},"service_code":["11"],"billing_class":"professional","payments":[{"allowed_amount":15.41,"billing_code_modifier":[""],"providers":[{"billed_charge":150.00,"npi":[1245007665]}]}]}]},{"name":"PSYCHOTHERAPY W\/PATIENT 60 MINUTES","billing_code_type":"CPT","billing_code_type_version":"2020","billing_code":"90837","description":"PSYCHOTHERAPY W\/PATIENT 60 MINUTES","allowed_amounts":[{"tin":{"type":"ein","value":"223711152"},"service_code":["11"],"billing_class":"professional","payments":[{"allowed_amount":201.00,"billing_code_modifier":[""],"providers":[{"billed_charge":350.00,"npi":[1134136344,1558344739]}]}]},{"tin":{"type":"ein","value":"834084306"},"service_code":["02"],"billing_class":"professional","payments":[{"allowed_amount":201.00,"billing_code_modifier":[""],"providers":[{"billed_charge":350.00,"npi":[1043783293,1912468844]}]}]}]},{"name":"THER PX 1\/> AREAS EACH 15 MIN NEUROMUSC REEDUCA","billing_code_type":"CPT","billing_code_type_version":"2020","billing_code":"97112","description":"THER PX 1\/> AREAS EACH 15 MIN NEUROMUSC REEDUCA","allowed_amounts":[{"tin":{"type":"ein","value":"933829354"},"service_code":["11"],"billing_class":"professional","payments":[{"allowed_amount":36.27,"billing_code_modifier":[""],"providers":[{"billed_charge":400.00,"npi":[1245007665]}]}]}]},{"name":"THERAPEUT ACTVITY DIRECT PT CONTACT EACH 15 MIN","billing_code_type":"CPT","billing_code_type_version":"2020","billing_code":"97530","description":"THERAPEUT ACTVITY DIRECT PT CONTACT EACH 15 MIN","allowed_amounts":[{"tin":{"type":"ein","value":"870627188"},"service_code":["11"],"billing_class":"professional","payments":[{"allowed_amount":23.78,"billing_code_modifier":[""],"providers":[{"billed_charge":25.00,"npi":[1427262195,1558391169]}]}]},{"tin":{"type":"ein","value":"933829354"},"service_code":["11"],"billing_class":"professional","payments":[{"allowed_amount":45.69,"billing_code_modifier":[""],"providers":[{"billed_charge":400.00,"npi":[1245007665]}]}]}]},{"name":"THERAPEUTIC PX 1\/> AREAS EACH 15 MIN EXERCISES","billing_code_type":"CPT","billing_code_type_version":"2020","billing_code":"97110","description":"THERAPEUTIC PX 1\/> AREAS EACH 15 MIN EXERCISES","allowed_amounts":[{"tin":{"type":"ein","value":"933039993"},"service_code":["11"],"billing_class":"professional","payments":[{"allowed_amount":43.94,"billing_code_modifier":[""],"providers":[{"billed_charge":150.00,"npi":[1144069501,1679355309,1972627339]}]}]},{"tin":{"type":"ein","value":"933829354"},"service_code":["11"],"billing_class":"professional","payments":[{"allowed_amount":16.32,"billing_code_modifier":[""],"providers":[{"billed_charge":200.00,"npi":[1245007665]}]}]}]}]}
