{"reporting_entity_name": "IEC Group_DBA AmeriBen",
	"reporting_entity_type": "Third Party Administrator",
	"plan_name": "NEVADA GOLD MINES LLC",
	"plan_id_type": "ein",
	"plan_id": "834447381",
	"plan_market_type": "group",
	"last_updated_on": "2024-03-01","Version": "1.0.0","out_of_network":[{"name":"2019-NCOV CORONAVIRUS SARS-COV-2\/2019-NCOV","billing_code_type":"HCPCS","billing_code_type_version":"HCPCS LEVEL II 2021","billing_code":"U0002","description":"2019-NCOV CORONAVIRUS SARS-COV-2\/2019-NCOV","allowed_amounts":[{"tin":{"type":"ein","value":"571207559"},"service_code":["11"],"billing_class":"professional","payments":[{"allowed_amount":51.31,"billing_code_modifier":[""],"providers":[{"billed_charge":51.31,"npi":[1659436038,1740531466,1780961102]}]}]}]},{"name":"ASSAY OF THYROID STIMULATING HORMONE TSH","billing_code_type":"CPT","billing_code_type_version":"2020","billing_code":"84443","description":"ASSAY OF THYROID STIMULATING HORMONE TSH","allowed_amounts":[{"tin":{"type":"ein","value":"571207559"},"service_code":["11"],"billing_class":"professional","payments":[{"allowed_amount":0.00,"billing_code_modifier":[""],"providers":[{"billed_charge":161.00,"npi":[1659436038,1740531466,1770981839,1780961102]},{"billed_charge":164.00,"npi":[1659436038,1740531466,1770981839,1780961102,1962512012]}]},{"allowed_amount":0.00,"billing_code_modifier":[""],"providers":[{"billed_charge":161.00,"npi":[1659436038,1740531466,1770981839,1780961102]},{"billed_charge":164.00,"npi":[1659436038,1740531466,1770981839,1780961102,1962512012]}]}]},{"tin":{"type":"ein","value":"571207559"},"service_code":["11"],"billing_class":"professional","payments":[{"allowed_amount":0.00,"billing_code_modifier":[""],"providers":[{"billed_charge":161.00,"npi":[1659436038,1740531466,1770981839,1780961102]},{"billed_charge":164.00,"npi":[1659436038,1740531466,1770981839,1780961102,1962512012]}]},{"allowed_amount":0.00,"billing_code_modifier":[""],"providers":[{"billed_charge":161.00,"npi":[1659436038,1740531466,1770981839,1780961102]},{"billed_charge":164.00,"npi":[1659436038,1740531466,1770981839,1780961102,1962512012]}]}]}]},{"name":"BLOOD COUNT COMPLETE AUTO&AUTO DIFRNTL WBC","billing_code_type":"CPT","billing_code_type_version":"2020","billing_code":"85025","description":"BLOOD COUNT COMPLETE AUTO&AUTO DIFRNTL WBC","allowed_amounts":[{"tin":{"type":"ein","value":"571207559"},"service_code":["11"],"billing_class":"professional","payments":[{"allowed_amount":0.00,"billing_code_modifier":[""],"providers":[{"billed_charge":43.00,"npi":[1659436038,1740531466,1770981839,1780961102]},{"billed_charge":44.00,"npi":[1659436038,1740531466,1770981839,1780961102,1962512012]}]},{"allowed_amount":0.00,"billing_code_modifier":[""],"providers":[{"billed_charge":43.00,"npi":[1659436038,1740531466,1770981839,1780961102]},{"billed_charge":44.00,"npi":[1659436038,1740531466,1770981839,1780961102,1962512012]}]}]},{"tin":{"type":"ein","value":"571207559"},"service_code":["11"],"billing_class":"professional","payments":[{"allowed_amount":0.00,"billing_code_modifier":[""],"providers":[{"billed_charge":43.00,"npi":[1659436038,1740531466,1770981839,1780961102]},{"billed_charge":44.00,"npi":[1659436038,1740531466,1770981839,1780961102,1962512012]}]},{"allowed_amount":0.00,"billing_code_modifier":[""],"providers":[{"billed_charge":43.00,"npi":[1659436038,1740531466,1770981839,1780961102]},{"billed_charge":44.00,"npi":[1659436038,1740531466,1770981839,1780961102,1962512012]}]}]},{"tin":{"type":"ein","value":"840611484"},"service_code":["81"],"billing_class":"professional","payments":[{"allowed_amount":0.00,"billing_code_modifier":[""],"providers":[{"billed_charge":39.90,"npi":[1568961514,1740262880,1972742245]}]}]},{"tin":{"type":"ein","value":"841688728"},"service_code":["11"],"billing_class":"professional","payments":[{"allowed_amount":0.00,"billing_code_modifier":[""],"providers":[{"billed_charge":35.00,"npi":[1962416701]}]}]}]},{"name":"CAPD OPD\/HOME: CAPD COMP OR OTHER RATE","billing_code_type":"RC","billing_code_type_version":"UB04","billing_code":"0841","description":"CAPD OPD\/HOME: CAPD COMP OR OTHER RATE","allowed_amounts":[{"tin":{"type":"ein","value":"620850498"},"service_code":["65"],"billing_class":"institutional","payments":[{"allowed_amount":418.16,"billing_code_modifier":[""],"providers":[{"billed_charge":1140.00,"npi":[1467560292,1841223237]}]}]}]},{"name":"CCPD OPD\/HOME: CCPD COMP OR OTHER RATE","billing_code_type":"RC","billing_code_type_version":"UB04","billing_code":"0851","description":"CCPD OPD\/HOME: CCPD COMP OR OTHER RATE","allowed_amounts":[{"tin":{"type":"ein","value":"620850498"},"service_code":["65"],"billing_class":"institutional","payments":[{"allowed_amount":331.09,"billing_code_modifier":[""],"providers":[{"billed_charge":1140.00,"npi":[1467560292,1841223237]}]}]},{"tin":{"type":"ein","value":"620850498"},"service_code":["65"],"billing_class":"institutional","payments":[{"allowed_amount":398.64,"billing_code_modifier":[""],"providers":[{"billed_charge":1140.00,"npi":[1467560292,1841223237]}]}]},{"tin":{"type":"ein","value":"831522514"},"service_code":["65"],"billing_class":"institutional","payments":[{"allowed_amount":306.22,"billing_code_modifier":[""],"providers":[{"billed_charge":1140.00,"npi":[1902986987,1992284814]}]}]},{"tin":{"type":"ein","value":"831522514"},"service_code":["65"],"billing_class":"institutional","payments":[{"allowed_amount":307.15,"billing_code_modifier":[""],"providers":[{"billed_charge":1140.00,"npi":[1902986987,1992284814]}]}]}]},{"name":"COLLECTION VENOUS BLOOD VENIPUNCTURE","billing_code_type":"CPT","billing_code_type_version":"2020","billing_code":"36415","description":"COLLECTION VENOUS BLOOD VENIPUNCTURE","allowed_amounts":[{"tin":{"type":"ein","value":"571207559"},"service_code":["11"],"billing_class":"professional","payments":[{"allowed_amount":0.00,"billing_code_modifier":[""],"providers":[{"billed_charge":25.00,"npi":[1659436038,1740531466,1770981839,1780961102]}]}]},{"tin":{"type":"ein","value":"571207559"},"service_code":["11"],"billing_class":"professional","payments":[{"allowed_amount":9.43,"billing_code_modifier":[""],"providers":[{"billed_charge":25.00,"npi":[1659436038,1740531466,1770981839,1780961102]}]}]},{"tin":{"type":"ein","value":"840611484"},"service_code":["81"],"billing_class":"professional","payments":[{"allowed_amount":0.00,"billing_code_modifier":[""],"providers":[{"billed_charge":26.25,"npi":[1073599478,1164834073]}]}]},{"tin":{"type":"ein","value":"841688728"},"service_code":["11"],"billing_class":"professional","payments":[{"allowed_amount":0.00,"billing_code_modifier":[""],"providers":[{"billed_charge":17.00,"npi":[1962416701]}]}]},{"tin":{"type":"ein","value":"880135111"},"service_code":["12"],"billing_class":"professional","payments":[{"allowed_amount":9.43,"billing_code_modifier":[""],"providers":[{"billed_charge":36.00,"npi":[1457389074,1861511271]}]}]}]},{"name":"COMPREHENSIVE METABOLIC PANEL","billing_code_type":"CPT","billing_code_type_version":"2020","billing_code":"80053","description":"COMPREHENSIVE METABOLIC PANEL","allowed_amounts":[{"tin":{"type":"ein","value":"571207559"},"service_code":["11"],"billing_class":"professional","payments":[{"allowed_amount":0.00,"billing_code_modifier":[""],"providers":[{"billed_charge":63.00,"npi":[1659436038,1740531466,1770981839,1780961102]},{"billed_charge":65.00,"npi":[1659436038,1740531466,1770981839,1780961102]}]},{"allowed_amount":0.00,"billing_code_modifier":[""],"providers":[{"billed_charge":63.00,"npi":[1659436038,1740531466,1770981839,1780961102]},{"billed_charge":65.00,"npi":[1659436038,1740531466,1770981839,1780961102]}]}]},{"tin":{"type":"ein","value":"571207559"},"service_code":["11"],"billing_class":"professional","payments":[{"allowed_amount":0.00,"billing_code_modifier":[""],"providers":[{"billed_charge":63.00,"npi":[1659436038,1740531466,1770981839,1780961102]},{"billed_charge":65.00,"npi":[1659436038,1740531466,1770981839,1780961102]}]},{"allowed_amount":0.00,"billing_code_modifier":[""],"providers":[{"billed_charge":63.00,"npi":[1659436038,1740531466,1770981839,1780961102]},{"billed_charge":65.00,"npi":[1659436038,1740531466,1770981839,1780961102]}]}]},{"tin":{"type":"ein","value":"840611484"},"service_code":["81"],"billing_class":"professional","payments":[{"allowed_amount":0.00,"billing_code_modifier":[""],"providers":[{"billed_charge":51.45,"npi":[1073599478,1164834073,1568961514,1740262880]}]}]},{"tin":{"type":"ein","value":"841688728"},"service_code":["11"],"billing_class":"professional","payments":[{"allowed_amount":0.00,"billing_code_modifier":[""],"providers":[{"billed_charge":53.00,"npi":[1962416701]}]}]}]},{"name":"DRUG TST DEFINITV DR ID METH P DAY 22\/MORE DR CL","billing_code_type":"HCPCS","billing_code_type_version":"HCPCS LEVEL II 2021","billing_code":"G0483","description":"DRUG TST DEFINITV DR ID METH P DAY 22\/MORE DR CL","allowed_amounts":[{"tin":{"type":"ein","value":"261565558"},"service_code":["81"],"billing_class":"professional","payments":[{"allowed_amount":0.00,"billing_code_modifier":[""],"providers":[{"billed_charge":499.00,"npi":[1497933162,1821232067]}]}]},{"tin":{"type":"ein","value":"473200733"},"service_code":["81"],"billing_class":"professional","payments":[{"allowed_amount":0.00,"billing_code_modifier":[""],"providers":[{"billed_charge":1375.92,"npi":[1730570987,1891023529]}]}]},{"tin":{"type":"ein","value":"474815114"},"service_code":["81"],"billing_class":"professional","payments":[{"allowed_amount":0.00,"billing_code_modifier":[""],"providers":[{"billed_charge":395.00,"npi":[1033373865,1215302245]}]}]}]},{"name":"GROUP PSYCHOTHERAPY","billing_code_type":"CPT","billing_code_type_version":"2020","billing_code":"90853","description":"GROUP PSYCHOTHERAPY","allowed_amounts":[{"tin":{"type":"ein","value":"263072065"},"service_code":["57"],"billing_class":"professional","payments":[{"allowed_amount":21.18,"billing_code_modifier":[""],"providers":[{"billed_charge":350.00,"npi":[1033373865]}]}]}]},{"name":"HANDLG&\/OR CONVEY OF SPEC FOR TR OFFICE TO LAB","billing_code_type":"CPT","billing_code_type_version":"2020","billing_code":"99000","description":"HANDLG&\/OR CONVEY OF SPEC FOR TR OFFICE TO LAB","allowed_amounts":[{"tin":{"type":"ein","value":"571207559"},"service_code":["11"],"billing_class":"professional","payments":[{"allowed_amount":0.00,"billing_code_modifier":[""],"providers":[{"billed_charge":21.00,"npi":[1659436038,1740531466,1770981839,1780961102]}]}]}]},{"name":"HEMOGLOBIN GLYCOSYLATED A1C","billing_code_type":"CPT","billing_code_type_version":"2020","billing_code":"83036","description":"HEMOGLOBIN GLYCOSYLATED A1C","allowed_amounts":[{"tin":{"type":"ein","value":"571207559"},"service_code":["11"],"billing_class":"professional","payments":[{"allowed_amount":0.00,"billing_code_modifier":[""],"providers":[{"billed_charge":79.00,"npi":[1659436038,1740531466,1770981839,1780961102]},{"billed_charge":82.00,"npi":[1659436038,1740531466,1770981839,1780961102]}]},{"allowed_amount":0.00,"billing_code_modifier":[""],"providers":[{"billed_charge":79.00,"npi":[1659436038,1740531466,1770981839,1780961102]},{"billed_charge":82.00,"npi":[1659436038,1740531466,1770981839,1780961102]}]}]},{"tin":{"type":"ein","value":"571207559"},"service_code":["11"],"billing_class":"professional","payments":[{"allowed_amount":0.00,"billing_code_modifier":[""],"providers":[{"billed_charge":79.00,"npi":[1659436038,1740531466,1770981839,1780961102]},{"billed_charge":82.00,"npi":[1659436038,1740531466,1770981839,1780961102]}]},{"allowed_amount":0.00,"billing_code_modifier":[""],"providers":[{"billed_charge":79.00,"npi":[1659436038,1740531466,1770981839,1780961102]},{"billed_charge":82.00,"npi":[1659436038,1740531466,1770981839,1780961102]}]}]},{"tin":{"type":"ein","value":"840611484"},"service_code":["81"],"billing_class":"professional","payments":[{"allowed_amount":0.00,"billing_code_modifier":[""],"providers":[{"billed_charge":81.90,"npi":[1568961514,1740262880]}]}]}]},{"name":"OFFICE\/OUTPATIENT EST PT MAY NOT REQ PHYS\/QHP","billing_code_type":"CPT","billing_code_type_version":"2020","billing_code":"99211","description":"OFFICE\/OUTPATIENT EST PT MAY NOT REQ PHYS\/QHP","allowed_amounts":[{"tin":{"type":"ein","value":"571207559"},"service_code":["11"],"billing_class":"professional","payments":[{"allowed_amount":0.00,"billing_code_modifier":[""],"providers":[{"billed_charge":64.00,"npi":[1659436038,1740531466,1770981839,1780961102]},{"billed_charge":66.00,"npi":[1740531466,1770981839,1780961102]}]},{"allowed_amount":0.00,"billing_code_modifier":[""],"providers":[{"billed_charge":64.00,"npi":[1659436038,1740531466,1770981839,1780961102]},{"billed_charge":66.00,"npi":[1740531466,1770981839,1780961102]}]}]},{"tin":{"type":"ein","value":"571207559"},"service_code":["11"],"billing_class":"professional","payments":[{"allowed_amount":0.00,"billing_code_modifier":[""],"providers":[{"billed_charge":64.00,"npi":[1659436038,1740531466,1770981839,1780961102]},{"billed_charge":66.00,"npi":[1740531466,1770981839,1780961102]}]},{"allowed_amount":0.00,"billing_code_modifier":[""],"providers":[{"billed_charge":64.00,"npi":[1659436038,1740531466,1770981839,1780961102]},{"billed_charge":66.00,"npi":[1740531466,1770981839,1780961102]}]}]}]},{"name":"OFFICE\/OUTPATIENT ESTABLISHED LOW MDM 20 MIN","billing_code_type":"CPT","billing_code_type_version":"2020","billing_code":"99213","description":"OFFICE\/OUTPATIENT ESTABLISHED LOW MDM 20 MIN","allowed_amounts":[{"tin":{"type":"ein","value":"203325000"},"service_code":["11"],"billing_class":"professional","payments":[{"allowed_amount":30.73,"billing_code_modifier":[""],"providers":[{"billed_charge":241.00,"npi":[1306982855,1881338341]}]}]},{"tin":{"type":"ein","value":"571207559"},"service_code":["11"],"billing_class":"professional","payments":[{"allowed_amount":30.73,"billing_code_modifier":[""],"providers":[{"billed_charge":192.00,"npi":[1033543772,1780961102]},{"billed_charge":216.00,"npi":[1033543772,1770981839,1780961102,1962512012]}]},{"allowed_amount":30.73,"billing_code_modifier":[""],"providers":[{"billed_charge":192.00,"npi":[1033543772,1780961102]},{"billed_charge":216.00,"npi":[1033543772,1770981839,1780961102,1962512012]}]}]},{"tin":{"type":"ein","value":"571207559"},"service_code":["11"],"billing_class":"professional","payments":[{"allowed_amount":30.73,"billing_code_modifier":[""],"providers":[{"billed_charge":192.00,"npi":[1033543772,1780961102]},{"billed_charge":216.00,"npi":[1033543772,1770981839,1780961102,1962512012]}]},{"allowed_amount":30.73,"billing_code_modifier":[""],"providers":[{"billed_charge":192.00,"npi":[1033543772,1780961102]},{"billed_charge":216.00,"npi":[1033543772,1770981839,1780961102,1962512012]}]}]},{"tin":{"type":"ein","value":"571207559"},"service_code":["11"],"billing_class":"professional","payments":[{"allowed_amount":97.82,"billing_code_modifier":[""],"providers":[{"billed_charge":192.00,"npi":[1659436038,1770981839,1780961102]},{"billed_charge":216.00,"npi":[1659436038,1740531466,1770981839,1780961102]}]},{"allowed_amount":97.82,"billing_code_modifier":[""],"providers":[{"billed_charge":192.00,"npi":[1659436038,1770981839,1780961102]},{"billed_charge":216.00,"npi":[1659436038,1740531466,1770981839,1780961102]}]}]},{"tin":{"type":"ein","value":"571207559"},"service_code":["11"],"billing_class":"professional","payments":[{"allowed_amount":97.82,"billing_code_modifier":[""],"providers":[{"billed_charge":192.00,"npi":[1659436038,1770981839,1780961102]},{"billed_charge":216.00,"npi":[1659436038,1740531466,1770981839,1780961102]}]},{"allowed_amount":97.82,"billing_code_modifier":[""],"providers":[{"billed_charge":192.00,"npi":[1659436038,1770981839,1780961102]},{"billed_charge":216.00,"npi":[1659436038,1740531466,1770981839,1780961102]}]}]},{"tin":{"type":"ein","value":"820468716"},"service_code":["11"],"billing_class":"professional","payments":[{"allowed_amount":30.73,"billing_code_modifier":[""],"providers":[{"billed_charge":165.00,"npi":[1114540960,1427138734,1972578672]}]}]},{"tin":{"type":"ein","value":"880313763"},"service_code":["11"],"billing_class":"professional","payments":[{"allowed_amount":97.82,"billing_code_modifier":[""],"providers":[{"billed_charge":225.00,"npi":[1730350398,1871655092]}]}]}]},{"name":"OFFICE\/OUTPATIENT ESTABLISHED MOD MDM 30 MIN","billing_code_type":"CPT","billing_code_type_version":"2020","billing_code":"99214","description":"OFFICE\/OUTPATIENT ESTABLISHED MOD MDM 30 MIN","allowed_amounts":[{"tin":{"type":"ein","value":"272752875"},"service_code":["11"],"billing_class":"professional","payments":[{"allowed_amount":0.00,"billing_code_modifier":[""],"providers":[{"billed_charge":236.00,"npi":[1215248612,1801986401,1831566249]}]}]},{"tin":{"type":"ein","value":"452716222"},"service_code":["22"],"billing_class":"professional","payments":[{"allowed_amount":0.00,"billing_code_modifier":[""],"providers":[{"billed_charge":207.00,"npi":[1326336058,1871737973]}]}]},{"tin":{"type":"ein","value":"465201405"},"service_code":["11"],"billing_class":"professional","payments":[{"allowed_amount":0.00,"billing_code_modifier":[""],"providers":[{"billed_charge":193.35,"npi":[1750709085,1851848956]}]}]},{"tin":{"type":"ein","value":"571207559"},"service_code":["11"],"billing_class":"professional","payments":[{"allowed_amount":0.00,"billing_code_modifier":[""],"providers":[{"billed_charge":329.00,"npi":[1659436038,1740531466,1780961102,1942612650]}]}]},{"tin":{"type":"ein","value":"870468377"},"service_code":["11"],"billing_class":"professional","payments":[{"allowed_amount":0.00,"billing_code_modifier":[""],"providers":[{"billed_charge":242.61,"npi":[1215181797,1265903496,1922096114]}]}]}]},{"name":"PSYCHIATRIC\/PSYCHOLOGICAL TRT: INTENSIVE OUTPATIEN","billing_code_type":"RC","billing_code_type_version":"UB04","billing_code":"0905","description":"PSYCHIATRIC\/PSYCHOLOGICAL TRT: INTENSIVE OUTPATIEN","allowed_amounts":[{"tin":{"type":"ein","value":"204772878"},"service_code":["22"],"billing_class":"institutional","payments":[{"allowed_amount":1000.00,"billing_code_modifier":[""],"providers":[{"billed_charge":1000.00,"npi":[1215123567,1578662508]}]}]}]}]}
