{"reporting_entity_name": "IEC Group_DBA AmeriBen",
	"reporting_entity_type": "Third Party Administrator",
	"plan_name": "AMERICAN TRAILER WORLD CORP.",
	"plan_id_type": "ein",
	"plan_id": "475665675",
	"plan_market_type": "group",
	"last_updated_on": "2022-06-28","Version": "1.0.0","out_of_network":[{"name":"EMERGENCY DEPARTMENT VISIT MODERATE SEVERITY","billing_code_type":"CPT","billing_code_type_version":"2020","billing_code":"99283","description":"EMERGENCY DEPARTMENT VISIT MODERATE SEVERITY","allowed_amounts":[{"tin":{"type":"ein","value":"463902289"},"service_code":["23"],"billing_class":"professional","payments":[{"allowed_amount":72.78,"billing_code_modifier":[""],"providers":[{"billed_charge":486.00,"npi":[1023439114,1548203987]}]}]},{"tin":{"type":"ein","value":"811390203"},"service_code":["23"],"billing_class":"professional","payments":[{"allowed_amount":72.78,"billing_code_modifier":[""],"providers":[{"billed_charge":850.00,"npi":[1013375740,1760425326]}]}]},{"tin":{"type":"ein","value":"813464924"},"service_code":["23"],"billing_class":"professional","payments":[{"allowed_amount":72.78,"billing_code_modifier":[""],"providers":[{"billed_charge":557.00,"npi":[1073552691,1285755264,1447249503,1609372234,1639118367,1740475516,1962458224]}]}]}]}]}
