{"reporting_entity_name": "IEC Group_DBA AmeriBen",
	"reporting_entity_type": "Third Party Administrator",
	"plan_name": "THE DOCTORS MANAGEMENT COMPANY",
	"plan_id_type": "ein",
	"plan_id": "952958888",
	"plan_market_type": "group",
	"last_updated_on": "2024-02-01","Version": "1.0.0","out_of_network":[{"name":"ADAPT BHV TX PRTCL MODIFICAJ PHYS\/QHP EA 15 MIN","billing_code_type":"CPT","billing_code_type_version":"2020","billing_code":"97155","description":"ADAPT BHV TX PRTCL MODIFICAJ PHYS\/QHP EA 15 MIN","allowed_amounts":[{"tin":{"type":"ein","value":"821415259"},"service_code":["11"],"billing_class":"professional","payments":[{"allowed_amount":88.00,"billing_code_modifier":[""],"providers":[{"billed_charge":88.00,"npi":[1104371939,1700324555]}]}]}]},{"name":"ADAPTIVE BEHAVIOR TX BY PROTOCOL TECH EA 15 MIN","billing_code_type":"CPT","billing_code_type_version":"2020","billing_code":"97153","description":"ADAPTIVE BEHAVIOR TX BY PROTOCOL TECH EA 15 MIN","allowed_amounts":[{"tin":{"type":"ein","value":"821415259"},"service_code":["11"],"billing_class":"professional","payments":[{"allowed_amount":300.01,"billing_code_modifier":[""],"providers":[{"billed_charge":346.20,"npi":[1104371939,1700324555]}]}]}]},{"name":"APPL MODALITY 1\/> AREAS TRACTION MECHANICAL","billing_code_type":"CPT","billing_code_type_version":"2020","billing_code":"97012","description":"APPL MODALITY 1\/> AREAS TRACTION MECHANICAL","allowed_amounts":[{"tin":{"type":"ein","value":"834026013"},"service_code":["11"],"billing_class":"professional","payments":[{"allowed_amount":14.68,"billing_code_modifier":[""],"providers":[{"billed_charge":30.00,"npi":[1639235161]}]}]}]},{"name":"CHIROPRACTIC MANIPLTV TX EXTRASPINAL 1\/> REGION","billing_code_type":"CPT","billing_code_type_version":"2020","billing_code":"98943","description":"CHIROPRACTIC MANIPLTV TX EXTRASPINAL 1\/> REGION","allowed_amounts":[{"tin":{"type":"ein","value":"834026013"},"service_code":["11"],"billing_class":"professional","payments":[{"allowed_amount":26.11,"billing_code_modifier":[""],"providers":[{"billed_charge":60.00,"npi":[1639235161]}]}]}]},{"name":"CHIROPRACTIC MANIPULATIVE TX SPINAL 3-4 REGIONS","billing_code_type":"CPT","billing_code_type_version":"2020","billing_code":"98941","description":"CHIROPRACTIC MANIPULATIVE TX SPINAL 3-4 REGIONS","allowed_amounts":[{"tin":{"type":"ein","value":"834026013"},"service_code":["11"],"billing_class":"professional","payments":[{"allowed_amount":40.69,"billing_code_modifier":[""],"providers":[{"billed_charge":60.00,"npi":[1639235161]}]}]}]},{"name":"FAMILY PSYCHOTHERAPY W\/PATIENT PRESENT 50 MINS","billing_code_type":"CPT","billing_code_type_version":"2020","billing_code":"90847","description":"FAMILY PSYCHOTHERAPY W\/PATIENT PRESENT 50 MINS","allowed_amounts":[{"tin":{"type":"ein","value":"128541213"},"service_code":["11"],"billing_class":"professional","payments":[{"allowed_amount":149.45,"billing_code_modifier":[""],"providers":[{"billed_charge":225.00,"npi":[1427658483]}]}]},{"tin":{"type":"ein","value":"204463772"},"service_code":["02"],"billing_class":"professional","payments":[{"allowed_amount":149.45,"billing_code_modifier":[""],"providers":[{"billed_charge":300.00,"npi":[1033366471,1841430428]}]}]}]},{"name":"PSYCHOTHERAPY W\/PATIENT 45 MINUTES","billing_code_type":"CPT","billing_code_type_version":"2020","billing_code":"90834","description":"PSYCHOTHERAPY W\/PATIENT 45 MINUTES","allowed_amounts":[{"tin":{"type":"ein","value":"128541213"},"service_code":["11","99"],"billing_class":"professional","payments":[{"allowed_amount":149.96,"billing_code_modifier":[""],"providers":[{"billed_charge":225.00,"npi":[1427658483]}]}]},{"tin":{"type":"ein","value":"800651348"},"service_code":["11"],"billing_class":"professional","payments":[{"allowed_amount":160.00,"billing_code_modifier":[""],"providers":[{"billed_charge":160.00,"npi":[1366097495,1881730513]}]}]},{"tin":{"type":"ein","value":"811741439"},"service_code":["02"],"billing_class":"professional","payments":[{"allowed_amount":251.24,"billing_code_modifier":[""],"providers":[{"billed_charge":300.00,"npi":[1255699054]}]}]}]},{"name":"THERAPEUTIC PX 1\/> AREAS EACH 15 MIN EXERCISES","billing_code_type":"CPT","billing_code_type_version":"2020","billing_code":"97110","description":"THERAPEUTIC PX 1\/> AREAS EACH 15 MIN EXERCISES","allowed_amounts":[{"tin":{"type":"ein","value":"834026013"},"service_code":["11"],"billing_class":"professional","payments":[{"allowed_amount":60.68,"billing_code_modifier":[""],"providers":[{"billed_charge":70.00,"npi":[1639235161]}]}]}]}]}
