{"reporting_entity_name": "IEC Group_DBA AmeriBen",
	"reporting_entity_type": "Third Party Administrator",
	"plan_name": "ASTEMO",
	"plan_id_type": "ein",
	"plan_id": "611065272",
	"plan_market_type": "group",
	"last_updated_on": "2025-12-01","Version": "1.0.0","out_of_network":[{"name":"ADAPTIVE BEHAVIOR TX BY PROTOCOL TECH EA 15 MIN","billing_code_type":"CPT","billing_code_type_version":"2020","billing_code":"97153","description":"ADAPTIVE BEHAVIOR TX BY PROTOCOL TECH EA 15 MIN","allowed_amounts":[{"tin":{"type":"ein","value":"931946119"},"service_code":["11"],"billing_class":"professional","payments":[{"allowed_amount":640.00,"billing_code_modifier":[""],"providers":[{"billed_charge":10560.00,"npi":[1508404633,1538848288]}]}]}]},{"name":"ASSAY OF FREE THYROXINE","billing_code_type":"CPT","billing_code_type_version":"2020","billing_code":"84439","description":"ASSAY OF FREE THYROXINE","allowed_amounts":[{"tin":{"type":"ein","value":"201236503"},"service_code":["81"],"billing_class":"professional","payments":[{"allowed_amount":4.34,"billing_code_modifier":[""],"providers":[{"billed_charge":36.08,"npi":[1225110497,1902677529]}]}]},{"tin":{"type":"ein","value":"471359076"},"service_code":["81"],"billing_class":"professional","payments":[{"allowed_amount":4.34,"billing_code_modifier":[""],"providers":[{"billed_charge":27.06,"npi":[1134538713,1427401298]}]}]},{"tin":{"type":"ein","value":"810576059"},"service_code":["81"],"billing_class":"professional","payments":[{"allowed_amount":4.34,"billing_code_modifier":[""],"providers":[{"billed_charge":37.80,"npi":[1003281171,1003915158,1194712083,1215376140,1235186800,1588396329,1700820198,1861483877]}]}]}]},{"name":"BLOOD COUNT COMPLETE AUTO&AUTO DIFRNTL WBC","billing_code_type":"CPT","billing_code_type_version":"2020","billing_code":"85025","description":"BLOOD COUNT COMPLETE AUTO&AUTO DIFRNTL WBC","allowed_amounts":[{"tin":{"type":"ein","value":"382084239"},"service_code":["81"],"billing_class":"professional","payments":[{"allowed_amount":3.75,"billing_code_modifier":[""],"providers":[{"billed_charge":52.05,"npi":[1629671342,1932166386]}]}]},{"tin":{"type":"ein","value":"810576059"},"service_code":["81"],"billing_class":"professional","payments":[{"allowed_amount":3.75,"billing_code_modifier":[""],"providers":[{"billed_charge":15.54,"npi":[1194712083,1235186800,1235885666,1457938797,1588396329,1588607493,1649339508,1710627948,1952398406]}]}]}]},{"name":"COLLECTION VENOUS BLOOD VENIPUNCTURE","billing_code_type":"CPT","billing_code_type_version":"2020","billing_code":"36415","description":"COLLECTION VENOUS BLOOD VENIPUNCTURE","allowed_amounts":[{"tin":{"type":"ein","value":"201236503"},"service_code":["81"],"billing_class":"professional","payments":[{"allowed_amount":1.02,"billing_code_modifier":[""],"providers":[{"billed_charge":34.28,"npi":[1225110497,1558704999,1588186191,1780074039,1902677529]}]}]},{"tin":{"type":"ein","value":"471359076"},"service_code":["81"],"billing_class":"professional","payments":[{"allowed_amount":1.02,"billing_code_modifier":[""],"providers":[{"billed_charge":27.27,"npi":[1134538713,1427401298,1710974696]}]}]}]},{"name":"COMPREHENSIVE METABOLIC PANEL","billing_code_type":"CPT","billing_code_type_version":"2020","billing_code":"80053","description":"COMPREHENSIVE METABOLIC PANEL","allowed_amounts":[{"tin":{"type":"ein","value":"201236503"},"service_code":["81"],"billing_class":"professional","payments":[{"allowed_amount":5.09,"billing_code_modifier":[""],"providers":[{"billed_charge":42.24,"npi":[1225110497,1558704999,1902677529]}]}]},{"tin":{"type":"ein","value":"382084239"},"service_code":["81"],"billing_class":"professional","payments":[{"allowed_amount":5.09,"billing_code_modifier":[""],"providers":[{"billed_charge":100.75,"npi":[1629671342,1932166386]}]}]},{"tin":{"type":"ein","value":"810576059"},"service_code":["81"],"billing_class":"professional","payments":[{"allowed_amount":5.09,"billing_code_modifier":[""],"providers":[{"billed_charge":21.12,"npi":[1003281171,1134305204,1194712083,1235186800,1235885666,1457938797,1588396329,1588607493,1649339508,1710627948,1730917741,1952398406]}]}]}]},{"name":"DRUG TST PRSMV INSTRMNT CHEM ANALYZERS PR DATE","billing_code_type":"CPT","billing_code_type_version":"2020","billing_code":"80307","description":"DRUG TST PRSMV INSTRMNT CHEM ANALYZERS PR DATE","allowed_amounts":[{"tin":{"type":"ein","value":"541882269"},"service_code":["81"],"billing_class":"professional","payments":[{"allowed_amount":27.13,"billing_code_modifier":[""],"providers":[{"billed_charge":345.00,"npi":[1144601121,1336887595,1912903717]}]}]}]},{"name":"DRUGS REQUIRE SPECIFIC ID: DRUGS REQUIRING DETAIL","billing_code_type":"RC","billing_code_type_version":"UB04","billing_code":"0636","description":"DRUGS REQUIRE SPECIFIC ID: DRUGS REQUIRING DETAIL","allowed_amounts":[{"tin":{"type":"ein","value":"471764839"},"service_code":["65"],"billing_class":"institutional","payments":[{"allowed_amount":10.86,"billing_code_modifier":[""],"providers":[{"billed_charge":386.75,"npi":[1518138759,1861896060]}]}]}]},{"name":"ELEC STIM SUPPLIES 2 LEAD PER MONTH","billing_code_type":"HCPCS","billing_code_type_version":"HCPCS LEVEL II 2021","billing_code":"A4595","description":"ELEC STIM SUPPLIES 2 LEAD PER MONTH","allowed_amounts":[{"tin":{"type":"ein","value":"841451963"},"service_code":["12"],"billing_class":"professional","payments":[{"allowed_amount":17.74,"billing_code_modifier":[""],"providers":[{"billed_charge":217.98,"npi":[1306338942,1669493839,1679835243,1770511552,1811958291,1851786420,1962592972]}]}]}]},{"name":"GENERAL HEALTH PANEL","billing_code_type":"CPT","billing_code_type_version":"2020","billing_code":"80050","description":"GENERAL HEALTH PANEL","allowed_amounts":[{"tin":{"type":"ein","value":"201236503"},"service_code":["81"],"billing_class":"professional","payments":[{"allowed_amount":14.76,"billing_code_modifier":[""],"providers":[{"billed_charge":140.52,"npi":[1225110497,1902677529]}]}]},{"tin":{"type":"ein","value":"471359076"},"service_code":["81"],"billing_class":"professional","payments":[{"allowed_amount":14.76,"billing_code_modifier":[""],"providers":[{"billed_charge":105.39,"npi":[1134538713,1710974696]}]}]},{"tin":{"type":"ein","value":"810576059"},"service_code":["81"],"billing_class":"professional","payments":[{"allowed_amount":14.76,"billing_code_modifier":[""],"providers":[{"billed_charge":60.00,"npi":[1073047528,1235186800]},{"billed_charge":107.07,"npi":[1003915158,1194712083,1235186800,1588396329,1649339508,1861483877]}]},{"allowed_amount":14.76,"billing_code_modifier":[""],"providers":[{"billed_charge":60.00,"npi":[1073047528,1235186800]},{"billed_charge":107.07,"npi":[1003915158,1194712083,1235186800,1588396329,1649339508,1861483877]}]}]},{"tin":{"type":"ein","value":"810576059"},"service_code":["81"],"billing_class":"professional","payments":[{"allowed_amount":14.76,"billing_code_modifier":[""],"providers":[{"billed_charge":60.00,"npi":[1073047528,1235186800]},{"billed_charge":107.07,"npi":[1003915158,1194712083,1235186800,1588396329,1649339508,1861483877]}]},{"allowed_amount":14.76,"billing_code_modifier":[""],"providers":[{"billed_charge":60.00,"npi":[1073047528,1235186800]},{"billed_charge":107.07,"npi":[1003915158,1194712083,1235186800,1588396329,1649339508,1861483877]}]}]},{"tin":{"type":"ein","value":"862874977"},"service_code":["81"],"billing_class":"professional","payments":[{"allowed_amount":14.76,"billing_code_modifier":[""],"providers":[{"billed_charge":106.00,"npi":[1831733088,1831851039]}]}]}]},{"name":"HEMOGLOBIN GLYCOSYLATED A1C","billing_code_type":"CPT","billing_code_type_version":"2020","billing_code":"83036","description":"HEMOGLOBIN GLYCOSYLATED A1C","allowed_amounts":[{"tin":{"type":"ein","value":"201236503"},"service_code":["81"],"billing_class":"professional","payments":[{"allowed_amount":4.68,"billing_code_modifier":[""],"providers":[{"billed_charge":38.84,"npi":[1225110497,1558704999,1902677529]}]}]},{"tin":{"type":"ein","value":"382084239"},"service_code":["81"],"billing_class":"professional","payments":[{"allowed_amount":4.68,"billing_code_modifier":[""],"providers":[{"billed_charge":84.95,"npi":[1629671342,1932166386]}]}]},{"tin":{"type":"ein","value":"471359076"},"service_code":["81"],"billing_class":"professional","payments":[{"allowed_amount":4.68,"billing_code_modifier":[""],"providers":[{"billed_charge":29.13,"npi":[1134538713,1710974696]}]}]},{"tin":{"type":"ein","value":"810576059"},"service_code":["81"],"billing_class":"professional","payments":[{"allowed_amount":4.68,"billing_code_modifier":[""],"providers":[{"billed_charge":40.68,"npi":[1003915158,1194712083,1235186800,1457938797,1588396329,1649339508,1710627948,1861483877,1952398406]}]}]},{"tin":{"type":"ein","value":"862874977"},"service_code":["81"],"billing_class":"professional","payments":[{"allowed_amount":4.68,"billing_code_modifier":[""],"providers":[{"billed_charge":29.00,"npi":[1831733088,1831851039]}]}]}]},{"name":"IADNA NOS AMPLIFIED PROBE TQ EACH ORGANISM","billing_code_type":"CPT","billing_code_type_version":"2020","billing_code":"87798","description":"IADNA NOS AMPLIFIED PROBE TQ EACH ORGANISM","allowed_amounts":[{"tin":{"type":"ein","value":"473588569"},"service_code":["81"],"billing_class":"professional","payments":[{"allowed_amount":0.00,"billing_code_modifier":[""],"providers":[{"billed_charge":2624.60,"npi":[1861620981,1982091617]}]}]},{"tin":{"type":"ein","value":"873826903"},"service_code":["81"],"billing_class":"professional","payments":[{"allowed_amount":0.00,"billing_code_modifier":[""],"providers":[{"billed_charge":35.09,"npi":[1588123889,1881352979]}]}]}]},{"name":"LIPID PANEL","billing_code_type":"CPT","billing_code_type_version":"2020","billing_code":"80061","description":"LIPID PANEL","allowed_amounts":[{"tin":{"type":"ein","value":"201236503"},"service_code":["81"],"billing_class":"professional","payments":[{"allowed_amount":7.68,"billing_code_modifier":[""],"providers":[{"billed_charge":53.56,"npi":[1225110497,1902677529]}]}]},{"tin":{"type":"ein","value":"382084239"},"service_code":["81"],"billing_class":"professional","payments":[{"allowed_amount":7.68,"billing_code_modifier":[""],"providers":[{"billed_charge":169.43,"npi":[1629671342,1932166386]}]}]},{"tin":{"type":"ein","value":"471359076"},"service_code":["81"],"billing_class":"professional","payments":[{"allowed_amount":7.68,"billing_code_modifier":[""],"providers":[{"billed_charge":40.17,"npi":[1134538713,1710974696]}]}]},{"tin":{"type":"ein","value":"810576059"},"service_code":["81"],"billing_class":"professional","payments":[{"allowed_amount":7.68,"billing_code_modifier":[""],"providers":[{"billed_charge":56.16,"npi":[1003281171,1003915158,1194712083,1235186800,1457938797,1588396329,1649339508,1710627948,1861483877,1952398406]}]}]},{"tin":{"type":"ein","value":"862874977"},"service_code":["81"],"billing_class":"professional","payments":[{"allowed_amount":7.68,"billing_code_modifier":[""],"providers":[{"billed_charge":40.00,"npi":[1831733088,1831851039]}]}]}]},{"name":"MEDICAL\/SURGICAL SUPPLIES","billing_code_type":"RC","billing_code_type_version":"UB04","billing_code":"0270","description":"MEDICAL\/SURGICAL SUPPLIES","allowed_amounts":[{"tin":{"type":"ein","value":"471764839"},"service_code":["65"],"billing_class":"institutional","payments":[{"allowed_amount":3.86,"billing_code_modifier":[""],"providers":[{"billed_charge":149.10,"npi":[1518138759,1861896060]}]}]},{"tin":{"type":"ein","value":"471764839"},"service_code":["65"],"billing_class":"institutional","payments":[{"allowed_amount":4.18,"billing_code_modifier":[""],"providers":[{"billed_charge":149.10,"npi":[1518138759,1861896060]}]}]}]},{"name":"NEUROMUSC STIM ELEC SHOCK UNIT","billing_code_type":"HCPCS","billing_code_type_version":"HCPCS LEVEL II 2021","billing_code":"E0745","description":"NEUROMUSC STIM ELEC SHOCK UNIT","allowed_amounts":[{"tin":{"type":"ein","value":"841451963"},"service_code":["12"],"billing_class":"professional","payments":[{"allowed_amount":45.41,"billing_code_modifier":[""],"providers":[{"billed_charge":449.00,"npi":[1467070623,1669493839,1770511552,1811958291]}]}]}]},{"name":"PSYCHIATRIC\/PSYCHOLOGICAL SVCS: PARTIAL HOSP - INT","billing_code_type":"RC","billing_code_type_version":"UB04","billing_code":"0913","description":"PSYCHIATRIC\/PSYCHOLOGICAL SVCS: PARTIAL HOSP - INT","allowed_amounts":[{"tin":{"type":"ein","value":"853839130"},"service_code":["22"],"billing_class":"institutional","payments":[{"allowed_amount":325.00,"billing_code_modifier":[""],"providers":[{"billed_charge":2990.00,"npi":[1174112569]}]}]}]},{"name":"PSYCHIATRIC\/PSYCHOLOGICAL SVCS: PARTIAL HOSP - LES","billing_code_type":"RC","billing_code_type_version":"UB04","billing_code":"0912","description":"PSYCHIATRIC\/PSYCHOLOGICAL SVCS: PARTIAL HOSP - LES","allowed_amounts":[{"tin":{"type":"ein","value":"873581824"},"service_code":["22"],"billing_class":"institutional","payments":[{"allowed_amount":4137.54,"billing_code_modifier":[""],"providers":[{"billed_charge":5290.02,"npi":[1295466266,1750724886]}]}]}]},{"name":"PSYCHIATRIC\/PSYCHOLOGICAL TRT: INTENSIVE OUT SERV","billing_code_type":"RC","billing_code_type_version":"UB04","billing_code":"0906","description":"PSYCHIATRIC\/PSYCHOLOGICAL TRT: INTENSIVE OUT SERV","allowed_amounts":[{"tin":{"type":"ein","value":"873581824"},"service_code":["22"],"billing_class":"institutional","payments":[{"allowed_amount":1089.54,"billing_code_modifier":[""],"providers":[{"billed_charge":4298.00,"npi":[1295466266,1750724886]}]}]}]},{"name":"RESIDENTIAL TREATMENT-CHEMICAL DEPENDENCY","billing_code_type":"RC","billing_code_type_version":"UB04","billing_code":"1002","description":"RESIDENTIAL TREATMENT-CHEMICAL DEPENDENCY","allowed_amounts":[{"tin":{"type":"ein","value":"352449513"},"service_code":["21"],"billing_class":"institutional","payments":[{"allowed_amount":1400.00,"billing_code_modifier":[""],"providers":[{"billed_charge":5245.00,"npi":[1285742841,1558616375]}]}]}]},{"name":"TX SPEECH LANG VOICE COMMJ&\/AUD PROC DO INDIV","billing_code_type":"CPT","billing_code_type_version":"2020","billing_code":"92507","description":"TX SPEECH LANG VOICE COMMJ&\/AUD PROC DO INDIV","allowed_amounts":[{"tin":{"type":"ein","value":"332934399"},"service_code":["12"],"billing_class":"professional","payments":[{"allowed_amount":59.50,"billing_code_modifier":[""],"providers":[{"billed_charge":102.00,"npi":[1346053030,1629249248]}]}]},{"tin":{"type":"ein","value":"465591754"},"service_code":["10"],"billing_class":"professional","payments":[{"allowed_amount":59.50,"billing_code_modifier":[""],"providers":[{"billed_charge":89.00,"npi":[1033886445,1508277864]}]}]}]},{"name":"VISIT CPLX INHERENT E&M ASSOC MCS","billing_code_type":"HCPCS","billing_code_type_version":"HCPCS LEVEL II 2021","billing_code":"G2211","description":"VISIT CPLX INHERENT E&M ASSOC MCS","allowed_amounts":[{"tin":{"type":"ein","value":"611141697"},"service_code":["11"],"billing_class":"professional","payments":[{"allowed_amount":0.00,"billing_code_modifier":[""],"providers":[{"billed_charge":39.00,"npi":[1649571076,1730161753]}]}]},{"tin":{"type":"ein","value":"884116297"},"service_code":["72"],"billing_class":"professional","payments":[{"allowed_amount":0.00,"billing_code_modifier":[""],"providers":[{"billed_charge":32.00,"npi":[1366207938,1467175513]}]}]}]}]}
