{"reporting_entity_name": "IEC Group_DBA AmeriBen",
	"reporting_entity_type": "Third Party Administrator",
	"plan_name": "ZENDESK, INC.",
	"plan_id_type": "ein",
	"plan_id": "264411091",
	"plan_market_type": "group",
	"last_updated_on": "2025-06-02","Version": "1.0.0","out_of_network":[{"name":"ASSAY OF PROGESTERONE","billing_code_type":"CPT","billing_code_type_version":"2020","billing_code":"84144","description":"ASSAY OF PROGESTERONE","allowed_amounts":[{"tin":{"type":"ein","value":"113305859"},"service_code":["81"],"billing_class":"professional","payments":[{"allowed_amount":31.29,"billing_code_modifier":[""],"providers":[{"billed_charge":465.00,"npi":[1497869184,1578937496,1902030422]}]}]}]},{"name":"ASSAY OF TOTAL ESTRADIOL","billing_code_type":"CPT","billing_code_type_version":"2020","billing_code":"82670","description":"ASSAY OF TOTAL ESTRADIOL","allowed_amounts":[{"tin":{"type":"ein","value":"113305859"},"service_code":["81"],"billing_class":"professional","payments":[{"allowed_amount":41.91,"billing_code_modifier":[""],"providers":[{"billed_charge":465.00,"npi":[1497869184,1578937496,1902030422]}]}]}]},{"name":"CHIROPRACTIC MANIPULATIVE TX SPINAL 1-2 REGIONS","billing_code_type":"CPT","billing_code_type_version":"2020","billing_code":"98940","description":"CHIROPRACTIC MANIPULATIVE TX SPINAL 1-2 REGIONS","allowed_amounts":[{"tin":{"type":"ein","value":"731663992"},"service_code":["11"],"billing_class":"professional","payments":[{"allowed_amount":60.00,"billing_code_modifier":[""],"providers":[{"billed_charge":140.00,"npi":[1629299391]}]}]},{"tin":{"type":"ein","value":"845043988"},"service_code":["11"],"billing_class":"professional","payments":[{"allowed_amount":60.00,"billing_code_modifier":[""],"providers":[{"billed_charge":80.00,"npi":[1023643129,1609587351]}]}]}]},{"name":"FAMILY PSYCHOTHERAPY W\/PATIENT PRESENT 50 MINS","billing_code_type":"CPT","billing_code_type_version":"2020","billing_code":"90847","description":"FAMILY PSYCHOTHERAPY W\/PATIENT PRESENT 50 MINS","allowed_amounts":[{"tin":{"type":"ein","value":"364524410"},"service_code":["10"],"billing_class":"professional","payments":[{"allowed_amount":240.00,"billing_code_modifier":[""],"providers":[{"billed_charge":240.00,"npi":[1912210642]}]}]}]},{"name":"GONADOTROPIN FOLLICLE STIMULATING HORMONE","billing_code_type":"CPT","billing_code_type_version":"2020","billing_code":"83001","description":"GONADOTROPIN FOLLICLE STIMULATING HORMONE","allowed_amounts":[{"tin":{"type":"ein","value":"113305859"},"service_code":["81"],"billing_class":"professional","payments":[{"allowed_amount":27.87,"billing_code_modifier":[""],"providers":[{"billed_charge":395.00,"npi":[1497869184,1578937496,1902030422]}]}]}]},{"name":"GONADOTROPIN LUTEINIZING HORMONE","billing_code_type":"CPT","billing_code_type_version":"2020","billing_code":"83002","description":"GONADOTROPIN LUTEINIZING HORMONE","allowed_amounts":[{"tin":{"type":"ein","value":"113305859"},"service_code":["81"],"billing_class":"professional","payments":[{"allowed_amount":27.78,"billing_code_modifier":[""],"providers":[{"billed_charge":395.00,"npi":[1497869184,1578937496,1902030422]}]}]}]},{"name":"LACTATION CLASS NON-PHYS PROV-SESS","billing_code_type":"HCPCS","billing_code_type_version":"HCPCS LEVEL II 2021","billing_code":"S9443","description":"LACTATION CLASS NON-PHYS PROV-SESS","allowed_amounts":[{"tin":{"type":"ein","value":"822736113"},"service_code":["10","11","12"],"billing_class":"professional","payments":[{"allowed_amount":330.00,"billing_code_modifier":[""],"providers":[{"billed_charge":900.00,"npi":[1144749391]}]}]}]},{"name":"MANUAL THERAPY TQS 1\/> REGIONS EACH 15 MINUTES","billing_code_type":"CPT","billing_code_type_version":"2020","billing_code":"97140","description":"MANUAL THERAPY TQS 1\/> REGIONS EACH 15 MINUTES","allowed_amounts":[{"tin":{"type":"ein","value":"452443192"},"service_code":["11"],"billing_class":"professional","payments":[{"allowed_amount":61.46,"billing_code_modifier":[""],"providers":[{"billed_charge":330.00,"npi":[1003101262,1093702961,1679607915]}]}]}]},{"name":"PSYCHIATRIC\/PSYCHOLOGICAL SVCS: GROUP THERAPY","billing_code_type":"RC","billing_code_type_version":"UB04","billing_code":"0915","description":"PSYCHIATRIC\/PSYCHOLOGICAL SVCS: GROUP THERAPY","allowed_amounts":[{"tin":{"type":"ein","value":"854180311"},"service_code":["22"],"billing_class":"institutional","payments":[{"allowed_amount":37.55,"billing_code_modifier":[""],"providers":[{"billed_charge":650.00,"npi":[1548939473,1619585148]}]}]}]},{"name":"PSYCHOTHERAPY W\/PATIENT 45 MINUTES","billing_code_type":"CPT","billing_code_type_version":"2020","billing_code":"90834","description":"PSYCHOTHERAPY W\/PATIENT 45 MINUTES","allowed_amounts":[{"tin":{"type":"ein","value":"379504172"},"service_code":["11"],"billing_class":"professional","payments":[{"allowed_amount":232.39,"billing_code_modifier":[""],"providers":[{"billed_charge":235.00,"npi":[1760503296]}]}]},{"tin":{"type":"ein","value":"465722530"},"service_code":["02"],"billing_class":"professional","payments":[{"allowed_amount":232.39,"billing_code_modifier":[""],"providers":[{"billed_charge":550.00,"npi":[1831325216]}]}]},{"tin":{"type":"ein","value":"474820407"},"service_code":["02"],"billing_class":"professional","payments":[{"allowed_amount":232.39,"billing_code_modifier":[""],"providers":[{"billed_charge":285.00,"npi":[1801263595]}]}]},{"tin":{"type":"ein","value":"549179727"},"service_code":["02"],"billing_class":"professional","payments":[{"allowed_amount":232.39,"billing_code_modifier":[""],"providers":[{"billed_charge":250.00,"npi":[1821285461]},{"billed_charge":270.00,"npi":[1821285461]}]},{"allowed_amount":232.39,"billing_code_modifier":[""],"providers":[{"billed_charge":250.00,"npi":[1821285461]},{"billed_charge":270.00,"npi":[1821285461]}]}]},{"tin":{"type":"ein","value":"549179727"},"service_code":["02","11"],"billing_class":"professional","payments":[{"allowed_amount":232.39,"billing_code_modifier":[""],"providers":[{"billed_charge":250.00,"npi":[1821285461]},{"billed_charge":270.00,"npi":[1821285461]}]},{"allowed_amount":232.39,"billing_code_modifier":[""],"providers":[{"billed_charge":250.00,"npi":[1821285461]},{"billed_charge":270.00,"npi":[1821285461]}]}]},{"tin":{"type":"ein","value":"943386600"},"service_code":["02"],"billing_class":"professional","payments":[{"allowed_amount":215.00,"billing_code_modifier":[""],"providers":[{"billed_charge":215.00,"npi":[1225060874,1902908643]}]}]}]},{"name":"PSYCHOTHERAPY W\/PATIENT 60 MINUTES","billing_code_type":"CPT","billing_code_type_version":"2020","billing_code":"90837","description":"PSYCHOTHERAPY W\/PATIENT 60 MINUTES","allowed_amounts":[{"tin":{"type":"ein","value":"215463897"},"service_code":["11"],"billing_class":"professional","payments":[{"allowed_amount":170.00,"billing_code_modifier":[""],"providers":[{"billed_charge":170.00,"npi":[1760649149]}]}]},{"tin":{"type":"ein","value":"264177549"},"service_code":["10"],"billing_class":"professional","payments":[{"allowed_amount":275.04,"billing_code_modifier":[""],"providers":[{"billed_charge":300.00,"npi":[1902139413]},{"billed_charge":350.00,"npi":[1902139413]}]},{"allowed_amount":275.04,"billing_code_modifier":[""],"providers":[{"billed_charge":300.00,"npi":[1902139413]},{"billed_charge":350.00,"npi":[1902139413]}]}]},{"tin":{"type":"ein","value":"264177549"},"service_code":["10"],"billing_class":"professional","payments":[{"allowed_amount":275.04,"billing_code_modifier":[""],"providers":[{"billed_charge":300.00,"npi":[1902139413]},{"billed_charge":350.00,"npi":[1902139413]}]},{"allowed_amount":275.04,"billing_code_modifier":[""],"providers":[{"billed_charge":300.00,"npi":[1902139413]},{"billed_charge":350.00,"npi":[1902139413]}]}]},{"tin":{"type":"ein","value":"814637290"},"service_code":["02"],"billing_class":"professional","payments":[{"allowed_amount":250.00,"billing_code_modifier":[""],"providers":[{"billed_charge":250.00,"npi":[1073700738]}]}]},{"tin":{"type":"ein","value":"823651629"},"service_code":["02"],"billing_class":"professional","payments":[{"allowed_amount":250.00,"billing_code_modifier":[""],"providers":[{"billed_charge":250.00,"npi":[1649521394]}]}]},{"tin":{"type":"ein","value":"824590569"},"service_code":["11"],"billing_class":"professional","payments":[{"allowed_amount":250.00,"billing_code_modifier":[""],"providers":[{"billed_charge":250.00,"npi":[1346748126]}]}]},{"tin":{"type":"ein","value":"830788534"},"service_code":["02"],"billing_class":"professional","payments":[{"allowed_amount":250.00,"billing_code_modifier":[""],"providers":[{"billed_charge":250.00,"npi":[1225438708,1336771070]}]}]},{"tin":{"type":"ein","value":"830788534"},"service_code":["11"],"billing_class":"professional","payments":[{"allowed_amount":275.04,"billing_code_modifier":[""],"providers":[{"billed_charge":1000.00,"npi":[1225438708,1336771070]}]}]},{"tin":{"type":"ein","value":"843585679"},"service_code":["02"],"billing_class":"professional","payments":[{"allowed_amount":250.00,"billing_code_modifier":[""],"providers":[{"billed_charge":250.00,"npi":[1518411552]}]}]},{"tin":{"type":"ein","value":"861566802"},"service_code":["02"],"billing_class":"professional","payments":[{"allowed_amount":200.00,"billing_code_modifier":[""],"providers":[{"billed_charge":200.00,"npi":[1780133850,1952992315]}]}]}]},{"name":"THER PX 1\/> AREAS EACH 15 MIN NEUROMUSC REEDUCA","billing_code_type":"CPT","billing_code_type_version":"2020","billing_code":"97112","description":"THER PX 1\/> AREAS EACH 15 MIN NEUROMUSC REEDUCA","allowed_amounts":[{"tin":{"type":"ein","value":"262732203"},"service_code":["11"],"billing_class":"professional","payments":[{"allowed_amount":185.00,"billing_code_modifier":[""],"providers":[{"billed_charge":185.00,"npi":[1194961433,1265937254,1902006364,1982369948]}]}]},{"tin":{"type":"ein","value":"271664832"},"service_code":["11"],"billing_class":"professional","payments":[{"allowed_amount":120.00,"billing_code_modifier":[""],"providers":[{"billed_charge":140.00,"npi":[1316225345,1932404712]}]}]},{"tin":{"type":"ein","value":"452443192"},"service_code":["11"],"billing_class":"professional","payments":[{"allowed_amount":142.17,"billing_code_modifier":[""],"providers":[{"billed_charge":300.00,"npi":[1003101262,1093702961,1679607915]},{"billed_charge":320.00,"npi":[1003101262,1093702961,1679607915]}]},{"allowed_amount":142.17,"billing_code_modifier":[""],"providers":[{"billed_charge":300.00,"npi":[1003101262,1093702961,1679607915]},{"billed_charge":320.00,"npi":[1003101262,1093702961,1679607915]}]}]},{"tin":{"type":"ein","value":"452443192"},"service_code":["11"],"billing_class":"professional","payments":[{"allowed_amount":142.17,"billing_code_modifier":[""],"providers":[{"billed_charge":300.00,"npi":[1003101262,1093702961,1679607915]},{"billed_charge":320.00,"npi":[1003101262,1093702961,1679607915]}]},{"allowed_amount":142.17,"billing_code_modifier":[""],"providers":[{"billed_charge":300.00,"npi":[1003101262,1093702961,1679607915]},{"billed_charge":320.00,"npi":[1003101262,1093702961,1679607915]}]}]},{"tin":{"type":"ein","value":"832391478"},"service_code":["11"],"billing_class":"professional","payments":[{"allowed_amount":120.00,"billing_code_modifier":[""],"providers":[{"billed_charge":156.00,"npi":[1124587480,1275026668]}]}]}]},{"name":"THERAPEUT ACTVITY DIRECT PT CONTACT EACH 15 MIN","billing_code_type":"CPT","billing_code_type_version":"2020","billing_code":"97530","description":"THERAPEUT ACTVITY DIRECT PT CONTACT EACH 15 MIN","allowed_amounts":[{"tin":{"type":"ein","value":"262732203"},"service_code":["11"],"billing_class":"professional","payments":[{"allowed_amount":185.00,"billing_code_modifier":[""],"providers":[{"billed_charge":185.00,"npi":[1194961433,1285124149,1598448581,1902006364,1982369948]}]}]}]},{"name":"TX SPEECH LANG VOICE COMMJ&\/AUD PROC DO INDIV","billing_code_type":"CPT","billing_code_type_version":"2020","billing_code":"92507","description":"TX SPEECH LANG VOICE COMMJ&\/AUD PROC DO INDIV","allowed_amounts":[{"tin":{"type":"ein","value":"205222679"},"service_code":["11"],"billing_class":"professional","payments":[{"allowed_amount":74.74,"billing_code_modifier":[""],"providers":[{"billed_charge":200.00,"npi":[1194014316,1285208884,1508033564]}]}]}]},{"name":"TX SWALLOWING DYSFUNCTION&\/ORAL FUNCJ FEEDING","billing_code_type":"CPT","billing_code_type_version":"2020","billing_code":"92526","description":"TX SWALLOWING DYSFUNCTION&\/ORAL FUNCJ FEEDING","allowed_amounts":[{"tin":{"type":"ein","value":"262732203"},"service_code":["11"],"billing_class":"professional","payments":[{"allowed_amount":175.00,"billing_code_modifier":[""],"providers":[{"billed_charge":185.00,"npi":[1194961433,1821439381,1902006364]}]}]}]}]}
