{"reporting_entity_name": "IEC Group_DBA AmeriBen",
	"reporting_entity_type": "Third Party Administrator",
	"plan_name": "NEVADA GOLD MINES LLC",
	"plan_id_type": "ein",
	"plan_id": "834447381",
	"plan_market_type": "group",
	"last_updated_on": "2024-05-02","Version": "1.0.0","out_of_network":[{"name":"25 HYDROXY INCLUDES FRACTIONS IF PERFORMED","billing_code_type":"CPT","billing_code_type_version":"2020","billing_code":"82306","description":"25 HYDROXY INCLUDES FRACTIONS IF PERFORMED","allowed_amounts":[{"tin":{"type":"ein","value":"571207559"},"service_code":["11"],"billing_class":"professional","payments":[{"allowed_amount":0.00,"billing_code_modifier":[""],"providers":[{"billed_charge":298.00,"npi":[1740531466,1770981839,1780961102,1962512012]},{"billed_charge":300.00,"npi":[1740531466,1780961102]}]},{"allowed_amount":0.00,"billing_code_modifier":[""],"providers":[{"billed_charge":298.00,"npi":[1740531466,1770981839,1780961102,1962512012]},{"billed_charge":300.00,"npi":[1740531466,1780961102]}]}]},{"tin":{"type":"ein","value":"571207559"},"service_code":["11"],"billing_class":"professional","payments":[{"allowed_amount":0.00,"billing_code_modifier":[""],"providers":[{"billed_charge":298.00,"npi":[1740531466,1770981839,1780961102,1962512012]},{"billed_charge":300.00,"npi":[1740531466,1780961102]}]},{"allowed_amount":0.00,"billing_code_modifier":[""],"providers":[{"billed_charge":298.00,"npi":[1740531466,1770981839,1780961102,1962512012]},{"billed_charge":300.00,"npi":[1740531466,1780961102]}]}]},{"tin":{"type":"ein","value":"840611484"},"service_code":["81"],"billing_class":"professional","payments":[{"allowed_amount":0.00,"billing_code_modifier":[""],"providers":[{"billed_charge":306.60,"npi":[1740262880,1932156692]}]}]},{"tin":{"type":"ein","value":"930587431"},"service_code":["81"],"billing_class":"professional","payments":[{"allowed_amount":0.00,"billing_code_modifier":[""],"providers":[{"billed_charge":70.41,"npi":[1548208440,1932156692]}]}]}]},{"name":"BLOOD COUNT COMPLETE AUTO&AUTO DIFRNTL WBC","billing_code_type":"CPT","billing_code_type_version":"2020","billing_code":"85025","description":"BLOOD COUNT COMPLETE AUTO&AUTO DIFRNTL WBC","allowed_amounts":[{"tin":{"type":"ein","value":"571207559"},"service_code":["11"],"billing_class":"professional","payments":[{"allowed_amount":0.00,"billing_code_modifier":[""],"providers":[{"billed_charge":43.00,"npi":[1740531466,1780961102]},{"billed_charge":44.00,"npi":[1659436038,1740531466,1770981839,1780961102,1962512012]}]},{"allowed_amount":0.00,"billing_code_modifier":[""],"providers":[{"billed_charge":43.00,"npi":[1740531466,1780961102]},{"billed_charge":44.00,"npi":[1659436038,1740531466,1770981839,1780961102,1962512012]}]}]},{"tin":{"type":"ein","value":"571207559"},"service_code":["11"],"billing_class":"professional","payments":[{"allowed_amount":0.00,"billing_code_modifier":[""],"providers":[{"billed_charge":43.00,"npi":[1740531466,1780961102]},{"billed_charge":44.00,"npi":[1659436038,1740531466,1770981839,1780961102,1962512012]}]},{"allowed_amount":0.00,"billing_code_modifier":[""],"providers":[{"billed_charge":43.00,"npi":[1740531466,1780961102]},{"billed_charge":44.00,"npi":[1659436038,1740531466,1770981839,1780961102,1962512012]}]}]},{"tin":{"type":"ein","value":"840611484"},"service_code":["81"],"billing_class":"professional","payments":[{"allowed_amount":0.00,"billing_code_modifier":[""],"providers":[{"billed_charge":39.90,"npi":[1740262880,1932156692,1972742245]}]}]},{"tin":{"type":"ein","value":"841688728"},"service_code":["11"],"billing_class":"professional","payments":[{"allowed_amount":0.00,"billing_code_modifier":[""],"providers":[{"billed_charge":35.00,"npi":[1962416701]}]}]},{"tin":{"type":"ein","value":"883286578"},"service_code":["81"],"billing_class":"professional","payments":[{"allowed_amount":0.00,"billing_code_modifier":[""],"providers":[{"billed_charge":57.20,"npi":[1366150773,1710970553]}]}]}]},{"name":"CAPD OPD\/HOME: CAPD COMP OR OTHER RATE","billing_code_type":"RC","billing_code_type_version":"UB04","billing_code":"0841","description":"CAPD OPD\/HOME: CAPD COMP OR OTHER RATE","allowed_amounts":[{"tin":{"type":"ein","value":"620850498"},"service_code":["65"],"billing_class":"institutional","payments":[{"allowed_amount":357.19,"billing_code_modifier":[""],"providers":[{"billed_charge":1200.00,"npi":[1467560292,1841223237]}]}]},{"tin":{"type":"ein","value":"620850498"},"service_code":["65"],"billing_class":"institutional","payments":[{"allowed_amount":418.16,"billing_code_modifier":[""],"providers":[{"billed_charge":1140.00,"npi":[1467560292,1841223237]}]}]}]},{"name":"CCPD OPD\/HOME: CCPD COMP OR OTHER RATE","billing_code_type":"RC","billing_code_type_version":"UB04","billing_code":"0851","description":"CCPD OPD\/HOME: CCPD COMP OR OTHER RATE","allowed_amounts":[{"tin":{"type":"ein","value":"620850498"},"service_code":["65"],"billing_class":"institutional","payments":[{"allowed_amount":330.60,"billing_code_modifier":[""],"providers":[{"billed_charge":1140.00,"npi":[1467560292,1841223237]}]}]},{"tin":{"type":"ein","value":"620850498"},"service_code":["65"],"billing_class":"institutional","payments":[{"allowed_amount":336.09,"billing_code_modifier":[""],"providers":[{"billed_charge":1200.00,"npi":[1467560292,1841223237]}]}]},{"tin":{"type":"ein","value":"620850498"},"service_code":["65"],"billing_class":"institutional","payments":[{"allowed_amount":351.09,"billing_code_modifier":[""],"providers":[{"billed_charge":1200.00,"npi":[1467560292,1841223237]}]}]},{"tin":{"type":"ein","value":"620850498"},"service_code":["65"],"billing_class":"institutional","payments":[{"allowed_amount":375.50,"billing_code_modifier":[""],"providers":[{"billed_charge":1140.00,"npi":[1467560292,1841223237]}]}]},{"tin":{"type":"ein","value":"620850498"},"service_code":["65"],"billing_class":"institutional","payments":[{"allowed_amount":398.64,"billing_code_modifier":[""],"providers":[{"billed_charge":1140.00,"npi":[1467560292,1841223237]}]}]},{"tin":{"type":"ein","value":"831522514"},"service_code":["65"],"billing_class":"institutional","payments":[{"allowed_amount":307.15,"billing_code_modifier":[""],"providers":[{"billed_charge":1140.00,"npi":[1902986987,1992284814]},{"billed_charge":1200.00,"npi":[1902986987,1992284814]}]},{"allowed_amount":307.15,"billing_code_modifier":[""],"providers":[{"billed_charge":1140.00,"npi":[1902986987,1992284814]},{"billed_charge":1200.00,"npi":[1902986987,1992284814]}]}]},{"tin":{"type":"ein","value":"831522514"},"service_code":["65"],"billing_class":"institutional","payments":[{"allowed_amount":307.15,"billing_code_modifier":[""],"providers":[{"billed_charge":1140.00,"npi":[1902986987,1992284814]},{"billed_charge":1200.00,"npi":[1902986987,1992284814]}]},{"allowed_amount":307.15,"billing_code_modifier":[""],"providers":[{"billed_charge":1140.00,"npi":[1902986987,1992284814]},{"billed_charge":1200.00,"npi":[1902986987,1992284814]}]}]}]},{"name":"CHIROPRACTIC MANIPULATIVE TX SPINAL 3-4 REGIONS","billing_code_type":"CPT","billing_code_type_version":"2020","billing_code":"98941","description":"CHIROPRACTIC MANIPULATIVE TX SPINAL 3-4 REGIONS","allowed_amounts":[{"tin":{"type":"ein","value":"451840710"},"service_code":["11"],"billing_class":"professional","payments":[{"allowed_amount":30.41,"billing_code_modifier":[""],"providers":[{"billed_charge":80.00,"npi":[1578650867]}]}]},{"tin":{"type":"ein","value":"850586162"},"service_code":["11"],"billing_class":"professional","payments":[{"allowed_amount":30.41,"billing_code_modifier":[""],"providers":[{"billed_charge":70.00,"npi":[1083779458]}]}]},{"tin":{"type":"ein","value":"880362013"},"service_code":["11"],"billing_class":"professional","payments":[{"allowed_amount":30.41,"billing_code_modifier":[""],"providers":[{"billed_charge":60.00,"npi":[1164867818,1508357807]}]}]}]},{"name":"COMPREHENSIVE METABOLIC PANEL","billing_code_type":"CPT","billing_code_type_version":"2020","billing_code":"80053","description":"COMPREHENSIVE METABOLIC PANEL","allowed_amounts":[{"tin":{"type":"ein","value":"571207559"},"service_code":["11"],"billing_class":"professional","payments":[{"allowed_amount":0.00,"billing_code_modifier":[""],"providers":[{"billed_charge":63.00,"npi":[1659436038,1740531466,1770981839,1780961102]},{"billed_charge":65.00,"npi":[1740531466,1780961102]}]},{"allowed_amount":0.00,"billing_code_modifier":[""],"providers":[{"billed_charge":63.00,"npi":[1659436038,1740531466,1770981839,1780961102]},{"billed_charge":65.00,"npi":[1740531466,1780961102]}]}]},{"tin":{"type":"ein","value":"571207559"},"service_code":["11"],"billing_class":"professional","payments":[{"allowed_amount":0.00,"billing_code_modifier":[""],"providers":[{"billed_charge":63.00,"npi":[1659436038,1740531466,1770981839,1780961102]},{"billed_charge":65.00,"npi":[1740531466,1780961102]}]},{"allowed_amount":0.00,"billing_code_modifier":[""],"providers":[{"billed_charge":63.00,"npi":[1659436038,1740531466,1770981839,1780961102]},{"billed_charge":65.00,"npi":[1740531466,1780961102]}]}]},{"tin":{"type":"ein","value":"840611484"},"service_code":["81"],"billing_class":"professional","payments":[{"allowed_amount":0.00,"billing_code_modifier":[""],"providers":[{"billed_charge":58.01,"npi":[1417261926,1740262880]}]}]},{"tin":{"type":"ein","value":"841688728"},"service_code":["11"],"billing_class":"professional","payments":[{"allowed_amount":0.00,"billing_code_modifier":[""],"providers":[{"billed_charge":53.00,"npi":[1962416701]}]}]},{"tin":{"type":"ein","value":"883286578"},"service_code":["81"],"billing_class":"professional","payments":[{"allowed_amount":0.00,"billing_code_modifier":[""],"providers":[{"billed_charge":74.25,"npi":[1366150773,1710970553]}]}]}]},{"name":"NDL EMG 2 XTR W\/WO RELATED PARASPINAL AREAS","billing_code_type":"CPT","billing_code_type_version":"2020","billing_code":"95861","description":"NDL EMG 2 XTR W\/WO RELATED PARASPINAL AREAS","allowed_amounts":[{"tin":{"type":"ein","value":"832225256"},"service_code":["22"],"billing_class":"professional","payments":[{"allowed_amount":0.00,"billing_code_modifier":[""],"providers":[{"billed_charge":1614.00,"npi":[1124067491,1235391418,1255360160,1447728720,1821388562]}]}]},{"tin":{"type":"ein","value":"850542512"},"service_code":["22"],"billing_class":"professional","payments":[{"allowed_amount":0.00,"billing_code_modifier":[""],"providers":[{"billed_charge":1614.00,"npi":[1770111452,1821388562]}]}]}]},{"name":"OFFICE\/OUTPATIENT ESTABLISHED LOW MDM 20 MIN","billing_code_type":"CPT","billing_code_type_version":"2020","billing_code":"99213","description":"OFFICE\/OUTPATIENT ESTABLISHED LOW MDM 20 MIN","allowed_amounts":[{"tin":{"type":"ein","value":"203325000"},"service_code":["11"],"billing_class":"professional","payments":[{"allowed_amount":30.73,"billing_code_modifier":[""],"providers":[{"billed_charge":241.00,"npi":[1306982855,1881338341]}]}]},{"tin":{"type":"ein","value":"571207559"},"service_code":["11"],"billing_class":"professional","payments":[{"allowed_amount":30.73,"billing_code_modifier":[""],"providers":[{"billed_charge":192.00,"npi":[1033543772,1780961102]},{"billed_charge":216.00,"npi":[1033543772,1659436038,1770981839,1780961102,1962512012]}]},{"allowed_amount":30.73,"billing_code_modifier":[""],"providers":[{"billed_charge":192.00,"npi":[1033543772,1780961102]},{"billed_charge":216.00,"npi":[1033543772,1659436038,1770981839,1780961102,1962512012]}]}]},{"tin":{"type":"ein","value":"571207559"},"service_code":["11"],"billing_class":"professional","payments":[{"allowed_amount":30.73,"billing_code_modifier":[""],"providers":[{"billed_charge":192.00,"npi":[1033543772,1780961102]},{"billed_charge":216.00,"npi":[1033543772,1659436038,1770981839,1780961102,1962512012]}]},{"allowed_amount":30.73,"billing_code_modifier":[""],"providers":[{"billed_charge":192.00,"npi":[1033543772,1780961102]},{"billed_charge":216.00,"npi":[1033543772,1659436038,1770981839,1780961102,1962512012]}]}]},{"tin":{"type":"ein","value":"820468716"},"service_code":["11"],"billing_class":"professional","payments":[{"allowed_amount":30.73,"billing_code_modifier":[""],"providers":[{"billed_charge":165.00,"npi":[1215448246,1427138734]}]}]},{"tin":{"type":"ein","value":"880313763"},"service_code":["11"],"billing_class":"professional","payments":[{"allowed_amount":30.73,"billing_code_modifier":[""],"providers":[{"billed_charge":225.00,"npi":[1730350398,1871655092]}]}]}]},{"name":"PSYCHIATRIC\/PSYCHOLOGICAL SVCS: PARTIAL HOSP - INT","billing_code_type":"RC","billing_code_type_version":"UB04","billing_code":"0913","description":"PSYCHIATRIC\/PSYCHOLOGICAL SVCS: PARTIAL HOSP - INT","allowed_amounts":[{"tin":{"type":"ein","value":"263072065"},"service_code":["52"],"billing_class":"institutional","payments":[{"allowed_amount":0.00,"billing_code_modifier":[""],"providers":[{"billed_charge":2500.00,"npi":[1033373865,1497319214]}]}]}]},{"name":"PSYCHIATRIC\/PSYCHOLOGICAL TRT: INTENSIVE OUTPATIEN","billing_code_type":"RC","billing_code_type_version":"UB04","billing_code":"0905","description":"PSYCHIATRIC\/PSYCHOLOGICAL TRT: INTENSIVE OUTPATIEN","allowed_amounts":[{"tin":{"type":"ein","value":"204772878"},"service_code":["22"],"billing_class":"institutional","payments":[{"allowed_amount":1000.00,"billing_code_modifier":[""],"providers":[{"billed_charge":1000.00,"npi":[1215123567,1578662508]}]}]}]}]}
