{"reporting_entity_name": "IEC Group_DBA AmeriBen",
	"reporting_entity_type": "Third Party Administrator",
	"plan_name": "SWAGELOK",
	"plan_id_type": "ein",
	"plan_id": "340688825",
	"plan_market_type": "group",
	"last_updated_on": "2025-11-01","Version": "1.0.0","out_of_network":[{"name":"ALS1-EMERGENCY","billing_code_type":"HCPCS","billing_code_type_version":"HCPCS LEVEL II 2021","billing_code":"A0427","description":"ALS1-EMERGENCY","allowed_amounts":[{"tin":{"type":"ein","value":"340859642"},"service_code":["41"],"billing_class":"professional","payments":[{"allowed_amount":343.64,"billing_code_modifier":[""],"providers":[{"billed_charge":1760.31,"npi":[1700819695]}]}]},{"tin":{"type":"ein","value":"346000219"},"service_code":["41"],"billing_class":"professional","payments":[{"allowed_amount":343.64,"billing_code_modifier":[""],"providers":[{"billed_charge":700.00,"npi":[1588685747]}]}]},{"tin":{"type":"ein","value":"346000344"},"service_code":["41"],"billing_class":"professional","payments":[{"allowed_amount":343.64,"billing_code_modifier":[""],"providers":[{"billed_charge":700.00,"npi":[1659399509]}]}]},{"tin":{"type":"ein","value":"346001377"},"service_code":["41"],"billing_class":"professional","payments":[{"allowed_amount":343.64,"billing_code_modifier":[""],"providers":[{"billed_charge":700.00,"npi":[1144241217]}]}]},{"tin":{"type":"ein","value":"346002162"},"service_code":["41"],"billing_class":"professional","payments":[{"allowed_amount":343.64,"billing_code_modifier":[""],"providers":[{"billed_charge":800.00,"npi":[1841367539]}]}]},{"tin":{"type":"ein","value":"346002305"},"service_code":["41"],"billing_class":"professional","payments":[{"allowed_amount":343.64,"billing_code_modifier":[""],"providers":[{"billed_charge":750.00,"npi":[1396884896]}]}]},{"tin":{"type":"ein","value":"346002686"},"service_code":["41"],"billing_class":"professional","payments":[{"allowed_amount":343.64,"billing_code_modifier":[""],"providers":[{"billed_charge":750.00,"npi":[1114948296]}]}]},{"tin":{"type":"ein","value":"346003691"},"service_code":["41"],"billing_class":"professional","payments":[{"allowed_amount":343.64,"billing_code_modifier":[""],"providers":[{"billed_charge":800.00,"npi":[1093768152]}]}]}]},{"name":"CHIROPRACTIC MANIPLTV TX EXTRASPINAL 1\/> REGION","billing_code_type":"CPT","billing_code_type_version":"2020","billing_code":"98943","description":"CHIROPRACTIC MANIPLTV TX EXTRASPINAL 1\/> REGION","allowed_amounts":[{"tin":{"type":"ein","value":"311557753"},"service_code":["11"],"billing_class":"professional","payments":[{"allowed_amount":13.42,"billing_code_modifier":[""],"providers":[{"billed_charge":47.00,"npi":[1225130503,1619947694]}]}]}]},{"name":"CHIROPRACTIC MANIPULATIVE TX SPINAL 1-2 REGIONS","billing_code_type":"CPT","billing_code_type_version":"2020","billing_code":"98940","description":"CHIROPRACTIC MANIPULATIVE TX SPINAL 1-2 REGIONS","allowed_amounts":[{"tin":{"type":"ein","value":"311633330"},"service_code":["11"],"billing_class":"professional","payments":[{"allowed_amount":14.30,"billing_code_modifier":[""],"providers":[{"billed_charge":70.00,"npi":[1700037280]}]}]},{"tin":{"type":"ein","value":"352168253"},"service_code":["11"],"billing_class":"professional","payments":[{"allowed_amount":14.30,"billing_code_modifier":[""],"providers":[{"billed_charge":45.00,"npi":[1154507010,1497715320]}]}]},{"tin":{"type":"ein","value":"753193190"},"service_code":["11"],"billing_class":"professional","payments":[{"allowed_amount":14.30,"billing_code_modifier":[""],"providers":[{"billed_charge":83.00,"npi":[1073667416,1366175427,1366975427,1730233180]}]}]}]},{"name":"CHIROPRACTIC MANIPULATIVE TX SPINAL 3-4 REGIONS","billing_code_type":"CPT","billing_code_type_version":"2020","billing_code":"98941","description":"CHIROPRACTIC MANIPULATIVE TX SPINAL 3-4 REGIONS","allowed_amounts":[{"tin":{"type":"ein","value":"311557753"},"service_code":["11"],"billing_class":"professional","payments":[{"allowed_amount":19.79,"billing_code_modifier":[""],"providers":[{"billed_charge":79.00,"npi":[1225130503,1619947694]}]}]},{"tin":{"type":"ein","value":"341737573"},"service_code":["11"],"billing_class":"professional","payments":[{"allowed_amount":19.79,"billing_code_modifier":[""],"providers":[{"billed_charge":50.00,"npi":[1063767697,1730893280,1851335541]},{"billed_charge":55.00,"npi":[1063767697,1730893280]}]},{"allowed_amount":19.79,"billing_code_modifier":[""],"providers":[{"billed_charge":50.00,"npi":[1063767697,1730893280,1851335541]},{"billed_charge":55.00,"npi":[1063767697,1730893280]}]}]},{"tin":{"type":"ein","value":"341737573"},"service_code":["11"],"billing_class":"professional","payments":[{"allowed_amount":19.79,"billing_code_modifier":[""],"providers":[{"billed_charge":50.00,"npi":[1063767697,1730893280,1851335541]},{"billed_charge":55.00,"npi":[1063767697,1730893280]}]},{"allowed_amount":19.79,"billing_code_modifier":[""],"providers":[{"billed_charge":50.00,"npi":[1063767697,1730893280,1851335541]},{"billed_charge":55.00,"npi":[1063767697,1730893280]}]}]},{"tin":{"type":"ein","value":"341883685"},"service_code":["11"],"billing_class":"professional","payments":[{"allowed_amount":19.79,"billing_code_modifier":[""],"providers":[{"billed_charge":60.00,"npi":[1013509249,1902941313,1982728077]}]}]},{"tin":{"type":"ein","value":"472868974"},"service_code":["11"],"billing_class":"professional","payments":[{"allowed_amount":19.79,"billing_code_modifier":[""],"providers":[{"billed_charge":69.00,"npi":[1386764637,1518359488]}]}]}]},{"name":"DRUG TEST DEF 8-14 CLASSES","billing_code_type":"HCPCS","billing_code_type_version":"HCPCS LEVEL II 2021","billing_code":"G0481","description":"DRUG TEST DEF 8-14 CLASSES","allowed_amounts":[{"tin":{"type":"ein","value":"201236503"},"service_code":["81"],"billing_class":"professional","payments":[{"allowed_amount":27.18,"billing_code_modifier":[""],"providers":[{"billed_charge":469.77,"npi":[1225110497,1639165145]}]}]},{"tin":{"type":"ein","value":"862583311"},"service_code":["81"],"billing_class":"professional","payments":[{"allowed_amount":27.18,"billing_code_modifier":[""],"providers":[{"billed_charge":320.00,"npi":[1053984807,1194509257]}]}]}]},{"name":"OFFICE\/OUTPATIENT ESTABLISHED LOW MDM 20 MIN","billing_code_type":"CPT","billing_code_type_version":"2020","billing_code":"99213","description":"OFFICE\/OUTPATIENT ESTABLISHED LOW MDM 20 MIN","allowed_amounts":[{"tin":{"type":"ein","value":"882778150"},"service_code":["22"],"billing_class":"professional","payments":[{"allowed_amount":54.26,"billing_code_modifier":[""],"providers":[{"billed_charge":83.00,"npi":[1821728478,1972563997,1972689172]}]}]}]}]}
