{"reporting_entity_name": "IEC Group_DBA AmeriBen",
	"reporting_entity_type": "Third Party Administrator",
	"plan_name": "ARIZONA PIPELINE CO",
	"plan_id_type": "ein",
	"plan_id": "953336040",
	"plan_market_type": "group",
	"last_updated_on": "2024-07-01","Version": "1.0.0","out_of_network":[{"name":"MEDICAL\/SURGICAL SUPPLIES","billing_code_type":"RC","billing_code_type_version":"UB04","billing_code":"0270","description":"MEDICAL\/SURGICAL SUPPLIES","allowed_amounts":[{"tin":{"type":"ein","value":"042977283"},"service_code":["65"],"billing_class":"institutional","payments":[{"allowed_amount":4.48,"billing_code_modifier":[""],"providers":[{"billed_charge":142.00,"npi":[1437349677,1467649038]}]}]},{"tin":{"type":"ein","value":"042977283"},"service_code":["65"],"billing_class":"institutional","payments":[{"allowed_amount":4.62,"billing_code_modifier":[""],"providers":[{"billed_charge":149.10,"npi":[1437349677,1467649038]}]}]},{"tin":{"type":"ein","value":"042977283"},"service_code":["65"],"billing_class":"institutional","payments":[{"allowed_amount":4.98,"billing_code_modifier":[""],"providers":[{"billed_charge":142.00,"npi":[1437349677,1467649038]}]}]},{"tin":{"type":"ein","value":"042977283"},"service_code":["65"],"billing_class":"institutional","payments":[{"allowed_amount":5.11,"billing_code_modifier":[""],"providers":[{"billed_charge":149.10,"npi":[1437349677,1467649038]}]}]},{"tin":{"type":"ein","value":"042977283"},"service_code":["65"],"billing_class":"institutional","payments":[{"allowed_amount":6.29,"billing_code_modifier":[""],"providers":[{"billed_charge":142.00,"npi":[1437349677,1467649038]}]}]},{"tin":{"type":"ein","value":"042977283"},"service_code":["65"],"billing_class":"institutional","payments":[{"allowed_amount":6.30,"billing_code_modifier":[""],"providers":[{"billed_charge":142.00,"npi":[1437349677,1467649038]}]}]},{"tin":{"type":"ein","value":"042977283"},"service_code":["65"],"billing_class":"institutional","payments":[{"allowed_amount":6.31,"billing_code_modifier":[""],"providers":[{"billed_charge":142.00,"npi":[1437349677,1467649038]}]}]},{"tin":{"type":"ein","value":"042977283"},"service_code":["65"],"billing_class":"institutional","payments":[{"allowed_amount":6.99,"billing_code_modifier":[""],"providers":[{"billed_charge":142.00,"npi":[1437349677,1467649038]}]}]},{"tin":{"type":"ein","value":"042977283"},"service_code":["65"],"billing_class":"institutional","payments":[{"allowed_amount":7.01,"billing_code_modifier":[""],"providers":[{"billed_charge":142.00,"npi":[1437349677,1467649038]}]}]},{"tin":{"type":"ein","value":"042977283"},"service_code":["65"],"billing_class":"institutional","payments":[{"allowed_amount":7.05,"billing_code_modifier":[""],"providers":[{"billed_charge":142.00,"npi":[1437349677,1467649038]}]}]}]}]}
