{"reporting_entity_name": "IEC Group_DBA AmeriBen",
	"reporting_entity_type": "Third Party Administrator",
	"plan_name": "DRAPER INC",
	"plan_id_type": "ein",
	"plan_id": "351508822",
	"plan_market_type": "group",
	"last_updated_on": "2024-05-02","Version": "1.0.0","out_of_network":[{"name":"TENS DEVICE 4\/> LEADS MX NERVE STIM","billing_code_type":"HCPCS","billing_code_type_version":"HCPCS LEVEL II 2021","billing_code":"E0730","description":"TENS DEVICE 4\/> LEADS MX NERVE STIM","allowed_amounts":[{"tin":{"type":"ein","value":"841451963"},"service_code":["12"],"billing_class":"professional","payments":[{"allowed_amount":276.75,"billing_code_modifier":[""],"providers":[{"billed_charge":369.00,"npi":[1770511552,1821376427,1871539148]}]}]}]}]}
