{"reporting_entity_name": "IEC Group_DBA AmeriBen",
	"reporting_entity_type": "Third Party Administrator",
	"plan_name": "LIBERTY STEEL USA",
	"plan_id_type": "ein",
	"plan_id": "824819790",
	"plan_market_type": "group",
	"last_updated_on": "2023-12-01","Version": "1.0.0","out_of_network":[{"name":"MANUAL THERAPY TQS 1\/> REGIONS EACH 15 MINUTES","billing_code_type":"CPT","billing_code_type_version":"2020","billing_code":"97140","description":"MANUAL THERAPY TQS 1\/> REGIONS EACH 15 MINUTES","allowed_amounts":[{"tin":{"type":"ein","value":"202775993"},"service_code":["11"],"billing_class":"professional","payments":[{"allowed_amount":39.23,"billing_code_modifier":[""],"providers":[{"billed_charge":95.00,"npi":[1063454577,1194888297,1881198091]}]}]}]},{"name":"THER PX 1\/> AREAS EACH 15 MIN NEUROMUSC REEDUCA","billing_code_type":"CPT","billing_code_type_version":"2020","billing_code":"97112","description":"THER PX 1\/> AREAS EACH 15 MIN NEUROMUSC REEDUCA","allowed_amounts":[{"tin":{"type":"ein","value":"202775993"},"service_code":["11"],"billing_class":"professional","payments":[{"allowed_amount":98.07,"billing_code_modifier":[""],"providers":[{"billed_charge":194.00,"npi":[1063454577,1194888297,1881198091]}]}]}]},{"name":"THERAPEUTIC PX 1\/> AREAS EACH 15 MIN EXERCISES","billing_code_type":"CPT","billing_code_type_version":"2020","billing_code":"97110","description":"THERAPEUTIC PX 1\/> AREAS EACH 15 MIN EXERCISES","allowed_amounts":[{"tin":{"type":"ein","value":"202775993"},"service_code":["11"],"billing_class":"professional","payments":[{"allowed_amount":85.36,"billing_code_modifier":[""],"providers":[{"billed_charge":194.00,"npi":[1063454577,1194888297,1881198091]}]}]}]}]}
