{"reporting_entity_name": "IEC Group_DBA AmeriBen",
	"reporting_entity_type": "Third Party Administrator",
	"plan_name": "ZELIS HEALTHCARE",
	"plan_id_type": "ein",
	"plan_id": "582167964",
	"plan_market_type": "group",
	"last_updated_on": "2022-08-31","Version": "1.0.0","out_of_network":[{"name":"CHIROPRACTIC MANIPULATIVE TX SPINAL 3-4 REGIONS","billing_code_type":"CPT","billing_code_type_version":"2020","billing_code":"98941","description":"CHIROPRACTIC MANIPULATIVE TX SPINAL 3-4 REGIONS","allowed_amounts":[{"tin":{"type":"ein","value":"200584729"},"service_code":["11"],"billing_class":"professional","payments":[{"allowed_amount":46.89,"billing_code_modifier":[""],"providers":[{"billed_charge":105.00,"npi":[1538316716,1740327063]}]}]},{"tin":{"type":"ein","value":"222333105"},"service_code":["11"],"billing_class":"professional","payments":[{"allowed_amount":46.89,"billing_code_modifier":[""],"providers":[{"billed_charge":70.00,"npi":[1790869659]}]}]},{"tin":{"type":"ein","value":"264225326"},"service_code":["11"],"billing_class":"professional","payments":[{"allowed_amount":46.89,"billing_code_modifier":[""],"providers":[{"billed_charge":90.00,"npi":[1083854566,1700078102]}]}]},{"tin":{"type":"ein","value":"455494868"},"service_code":["11"],"billing_class":"professional","payments":[{"allowed_amount":46.89,"billing_code_modifier":[""],"providers":[{"billed_charge":65.00,"npi":[1184959306,1306075387]}]}]}]},{"name":"IAADIADOO SEVERE AQT RESPIR SYND CORONAVIRUS","billing_code_type":"CPT","billing_code_type_version":"2020","billing_code":"87811","description":"IAADIADOO SEVERE AQT RESPIR SYND CORONAVIRUS","allowed_amounts":[{"tin":{"type":"ein","value":"844333441"},"service_code":["11"],"billing_class":"professional","payments":[{"allowed_amount":62.07,"billing_code_modifier":[""],"providers":[{"billed_charge":380.00,"npi":[1477649168,1871106278]}]}]},{"tin":{"type":"ein","value":"861859995"},"service_code":["12"],"billing_class":"professional","payments":[{"allowed_amount":62.07,"billing_code_modifier":[""],"providers":[{"billed_charge":150.00,"npi":[1003117847,1225623168,1316081854,1598997488,1871921676,1982122362]}]}]}]},{"name":"INFEC AGEN DETEC AMPLI PROBE","billing_code_type":"HCPCS","billing_code_type_version":"HCPCS LEVEL II 2021","billing_code":"U0005","description":"INFEC AGEN DETEC AMPLI PROBE","allowed_amounts":[{"tin":{"type":"ein","value":"472088639"},"service_code":["81"],"billing_class":"professional","payments":[{"allowed_amount":25.00,"billing_code_modifier":[""],"providers":[{"billed_charge":75.00,"npi":[1023245388,1609273317]}]}]},{"tin":{"type":"ein","value":"472423798"},"service_code":["20"],"billing_class":"professional","payments":[{"allowed_amount":25.00,"billing_code_modifier":[""],"providers":[{"billed_charge":30.00,"npi":[1124402466,1487810594]}]}]},{"tin":{"type":"ein","value":"472462178"},"service_code":["81"],"billing_class":"professional","payments":[{"allowed_amount":25.00,"billing_code_modifier":[""],"providers":[{"billed_charge":50.00,"npi":[1639311509,1962018374]}]}]},{"tin":{"type":"ein","value":"473170676"},"service_code":["81"],"billing_class":"professional","payments":[{"allowed_amount":25.00,"billing_code_modifier":[""],"providers":[{"billed_charge":75.00,"npi":[1003117847,1760076061]}]}]},{"tin":{"type":"ein","value":"473551073"},"service_code":["81"],"billing_class":"professional","payments":[{"allowed_amount":25.00,"billing_code_modifier":[""],"providers":[{"billed_charge":50.00,"npi":[1255728333,1568801777]}]}]},{"tin":{"type":"ein","value":"851939170"},"service_code":["11"],"billing_class":"professional","payments":[{"allowed_amount":25.00,"billing_code_modifier":[""],"providers":[{"billed_charge":25.00,"npi":[1275141467,1366769903,1497335905]}]}]},{"tin":{"type":"ein","value":"852421177"},"service_code":["81"],"billing_class":"professional","payments":[{"allowed_amount":25.00,"billing_code_modifier":[""],"providers":[{"billed_charge":50.00,"npi":[1043313992,1366048019]}]}]}]},{"name":"SARS-COV-2 COVID-19 AMP PRB HTT","billing_code_type":"HCPCS","billing_code_type_version":"HCPCS LEVEL II 2021","billing_code":"U0003","description":"SARS-COV-2 COVID-19 AMP PRB HTT","allowed_amounts":[{"tin":{"type":"ein","value":"472088639"},"service_code":["81"],"billing_class":"professional","payments":[{"allowed_amount":75.00,"billing_code_modifier":[""],"providers":[{"billed_charge":225.00,"npi":[1023245388,1609273317]}]}]},{"tin":{"type":"ein","value":"472462178"},"service_code":["81"],"billing_class":"professional","payments":[{"allowed_amount":75.00,"billing_code_modifier":[""],"providers":[{"billed_charge":250.00,"npi":[1639311509,1962018374]}]}]},{"tin":{"type":"ein","value":"473170676"},"service_code":["81"],"billing_class":"professional","payments":[{"allowed_amount":75.00,"billing_code_modifier":[""],"providers":[{"billed_charge":225.00,"npi":[1003117847,1760076061]}]}]},{"tin":{"type":"ein","value":"473551073"},"service_code":["81"],"billing_class":"professional","payments":[{"allowed_amount":75.00,"billing_code_modifier":[""],"providers":[{"billed_charge":200.00,"npi":[1255728333,1568801777]}]}]},{"tin":{"type":"ein","value":"851939170"},"service_code":["11"],"billing_class":"professional","payments":[{"allowed_amount":75.00,"billing_code_modifier":[""],"providers":[{"billed_charge":75.00,"npi":[1275141467,1366769903,1497335905]}]}]},{"tin":{"type":"ein","value":"852421177"},"service_code":["81"],"billing_class":"professional","payments":[{"allowed_amount":75.00,"billing_code_modifier":[""],"providers":[{"billed_charge":200.00,"npi":[1043313992,1366048019]}]}]}]},{"name":"SPECIMEN COLLECT COVID-19","billing_code_type":"HCPCS","billing_code_type_version":"HCPCS LEVEL II 2021","billing_code":"G2023","description":"SPECIMEN COLLECT COVID-19","allowed_amounts":[{"tin":{"type":"ein","value":"270322238"},"service_code":["81"],"billing_class":"professional","payments":[{"allowed_amount":23.46,"billing_code_modifier":[""],"providers":[{"billed_charge":50.00,"npi":[1891130639,1952408460]}]}]},{"tin":{"type":"ein","value":"473170676"},"service_code":["81"],"billing_class":"professional","payments":[{"allowed_amount":23.46,"billing_code_modifier":[""],"providers":[{"billed_charge":70.00,"npi":[1003117847,1760076061]}]}]},{"tin":{"type":"ein","value":"844333441"},"service_code":["11"],"billing_class":"professional","payments":[{"allowed_amount":23.46,"billing_code_modifier":[""],"providers":[{"billed_charge":50.00,"npi":[1477649168,1871106278]}]}]}]}]}
