{"reporting_entity_name": "IEC Group_DBA AmeriBen",
	"reporting_entity_type": "Third Party Administrator",
	"plan_name": "SHEPHERD CENTER",
	"plan_id_type": "ein",
	"plan_id": "510141601",
	"plan_market_type": "group",
	"last_updated_on": "2025-08-01","Version": "1.0.0","out_of_network":[{"name":"IADNA NOS AMPLIFIED PROBE TQ EACH ORGANISM","billing_code_type":"CPT","billing_code_type_version":"2020","billing_code":"87798","description":"IADNA NOS AMPLIFIED PROBE TQ EACH ORGANISM","allowed_amounts":[{"tin":{"type":"ein","value":"873826903"},"service_code":["81"],"billing_class":"professional","payments":[{"allowed_amount":0.00,"billing_code_modifier":[""],"providers":[{"billed_charge":35.09,"npi":[1538980743,1881352979]}]}]}]},{"name":"THER PX 1\/> AREAS EACH 15 MIN NEUROMUSC REEDUCA","billing_code_type":"CPT","billing_code_type_version":"2020","billing_code":"97112","description":"THER PX 1\/> AREAS EACH 15 MIN NEUROMUSC REEDUCA","allowed_amounts":[{"tin":{"type":"ein","value":"450469764"},"service_code":["11"],"billing_class":"professional","payments":[{"allowed_amount":32.17,"billing_code_modifier":[""],"providers":[{"billed_charge":64.00,"npi":[1104927045,1477961118,1902390057]}]}]},{"tin":{"type":"ein","value":"753207739"},"service_code":["11"],"billing_class":"professional","payments":[{"allowed_amount":32.17,"billing_code_modifier":[""],"providers":[{"billed_charge":62.50,"npi":[1174760896,1447214689,1902979032]}]}]}]},{"name":"THERAPEUT ACTVITY DIRECT PT CONTACT EACH 15 MIN","billing_code_type":"CPT","billing_code_type_version":"2020","billing_code":"97530","description":"THERAPEUT ACTVITY DIRECT PT CONTACT EACH 15 MIN","allowed_amounts":[{"tin":{"type":"ein","value":"061753491"},"service_code":["11"],"billing_class":"professional","payments":[{"allowed_amount":36.02,"billing_code_modifier":[""],"providers":[{"billed_charge":100.00,"npi":[1578574455,1689625774]}]}]},{"tin":{"type":"ein","value":"450469764"},"service_code":["11"],"billing_class":"professional","payments":[{"allowed_amount":36.02,"billing_code_modifier":[""],"providers":[{"billed_charge":64.00,"npi":[1104927045,1477961118,1902390057]}]}]}]},{"name":"THERAPEUTIC PX 1\/> AREAS EACH 15 MIN EXERCISES","billing_code_type":"CPT","billing_code_type_version":"2020","billing_code":"97110","description":"THERAPEUTIC PX 1\/> AREAS EACH 15 MIN EXERCISES","allowed_amounts":[{"tin":{"type":"ein","value":"061753491"},"service_code":["11"],"billing_class":"professional","payments":[{"allowed_amount":27.99,"billing_code_modifier":[""],"providers":[{"billed_charge":70.00,"npi":[1578574455,1689625774]}]}]},{"tin":{"type":"ein","value":"450469764"},"service_code":["11"],"billing_class":"professional","payments":[{"allowed_amount":27.99,"billing_code_modifier":[""],"providers":[{"billed_charge":64.00,"npi":[1104927045,1477961118,1902390057]}]}]}]}]}
