{"reporting_entity_name": "IEC Group_DBA AmeriBen",
	"reporting_entity_type": "Third Party Administrator",
	"plan_name": "RINNAI AMERICA CORPORATION",
	"plan_id_type": "ein",
	"plan_id": "952915596",
	"plan_market_type": "group",
	"last_updated_on": "2024-07-01","Version": "1.0.0","out_of_network":[{"name":"COLLECTION VENOUS BLOOD VENIPUNCTURE","billing_code_type":"CPT","billing_code_type_version":"2020","billing_code":"36415","description":"COLLECTION VENOUS BLOOD VENIPUNCTURE","allowed_amounts":[{"tin":{"type":"ein","value":"382084239"},"service_code":["81"],"billing_class":"professional","payments":[{"allowed_amount":1.02,"billing_code_modifier":[""],"providers":[{"billed_charge":35.00,"npi":[1124550736,1215321971,1225321599,1245826593,1316567928,1528153723,1558780403,1568512549,1598205270,1598850703,1619922960,1639292931,1740860527,1740897644,1770641953,1780795708,1841273422,1922249267,1932166386,1942301759,1962443051,1962552257]}]}]}]},{"name":"PSYCHOTHERAPY W\/PATIENT 45 MINUTES","billing_code_type":"CPT","billing_code_type_version":"2020","billing_code":"90834","description":"PSYCHOTHERAPY W\/PATIENT 45 MINUTES","allowed_amounts":[{"tin":{"type":"ein","value":"078386339"},"service_code":["11"],"billing_class":"professional","payments":[{"allowed_amount":162.47,"billing_code_modifier":[""],"providers":[{"billed_charge":100.00,"npi":[1669762589]},{"billed_charge":300.00,"npi":[1669762589]}]},{"allowed_amount":162.47,"billing_code_modifier":[""],"providers":[{"billed_charge":100.00,"npi":[1669762589]},{"billed_charge":300.00,"npi":[1669762589]}]}]},{"tin":{"type":"ein","value":"078386339"},"service_code":["11"],"billing_class":"professional","payments":[{"allowed_amount":162.47,"billing_code_modifier":[""],"providers":[{"billed_charge":100.00,"npi":[1669762589]},{"billed_charge":300.00,"npi":[1669762589]}]},{"allowed_amount":162.47,"billing_code_modifier":[""],"providers":[{"billed_charge":100.00,"npi":[1669762589]},{"billed_charge":300.00,"npi":[1669762589]}]}]},{"tin":{"type":"ein","value":"078386339"},"service_code":["11"],"billing_class":"professional","payments":[{"allowed_amount":200.00,"billing_code_modifier":[""],"providers":[{"billed_charge":300.00,"npi":[1669762589]}]}]}]},{"name":"RESIDENTIAL TREATMENT-CHEMICAL DEPENDENCY","billing_code_type":"RC","billing_code_type_version":"UB04","billing_code":"1002","description":"RESIDENTIAL TREATMENT-CHEMICAL DEPENDENCY","allowed_amounts":[{"tin":{"type":"ein","value":"823670689"},"service_code":["21"],"billing_class":"institutional","payments":[{"allowed_amount":2000.00,"billing_code_modifier":[""],"providers":[{"billed_charge":4495.00,"npi":[1033694864,1598032682]}]}]}]}]}
