{"reporting_entity_name": "IEC Group_DBA AmeriBen",
	"reporting_entity_type": "Third Party Administrator",
	"plan_name": "AHLSTROM",
	"plan_id_type": "ein",
	"plan_id": "133509370",
	"plan_market_type": "group",
	"last_updated_on": "2024-11-01","Version": "1.0.0","out_of_network":[{"name":"REMOVAL OF IMPACTED TOOTH - COMPLETELY BONY","billing_code_type":"HCPCS","billing_code_type_version":"HCPCS LEVEL II 2021","billing_code":"D7240","description":"REMOVAL OF IMPACTED TOOTH - COMPLETELY BONY","allowed_amounts":[{"tin":{"type":"ein","value":"270339735"},"service_code":["11"],"billing_class":"professional","payments":[{"allowed_amount":196.15,"billing_code_modifier":[""],"providers":[{"billed_charge":723.00,"npi":[1275569196,1518266998]}]}]},{"tin":{"type":"ein","value":"391193991"},"service_code":["11"],"billing_class":"professional","payments":[{"allowed_amount":196.15,"billing_code_modifier":[""],"providers":[{"billed_charge":797.00,"npi":[1215374376,1861525289,1992895031]}]}]},{"tin":{"type":"ein","value":"391252499"},"service_code":["11"],"billing_class":"professional","payments":[{"allowed_amount":196.15,"billing_code_modifier":[""],"providers":[{"billed_charge":652.00,"npi":[1427270776,1447274071,1881715308]}]}]}]}]}
