{"reporting_entity_name": "IEC Group_DBA AmeriBen",
	"reporting_entity_type": "Third Party Administrator",
	"plan_name": "MSD WA TOWNSHIP SCHOOLS",
	"plan_id_type": "ein",
	"plan_id": "356005690",
	"plan_market_type": "group",
	"last_updated_on": "2023-11-01","Version": "1.0.0","out_of_network":[{"name":"APPLICATION MODALITY 1\/> AREAS HOT\/COLD PACKS","billing_code_type":"CPT","billing_code_type_version":"2020","billing_code":"97010","description":"APPLICATION MODALITY 1\/> AREAS HOT\/COLD PACKS","allowed_amounts":[{"tin":{"type":"ein","value":"351955872"},"service_code":["11"],"billing_class":"professional","payments":[{"allowed_amount":0.00,"billing_code_modifier":[""],"providers":[{"billed_charge":33.00,"npi":[1144266024,1831585157]}]}]}]},{"name":"MANUAL THERAPY TQS 1\/> REGIONS EACH 15 MINUTES","billing_code_type":"CPT","billing_code_type_version":"2020","billing_code":"97140","description":"MANUAL THERAPY TQS 1\/> REGIONS EACH 15 MINUTES","allowed_amounts":[{"tin":{"type":"ein","value":"351955872"},"service_code":["11"],"billing_class":"professional","payments":[{"allowed_amount":52.30,"billing_code_modifier":[""],"providers":[{"billed_charge":114.00,"npi":[1144266024,1831585157]}]}]}]},{"name":"THERAPEUTIC PX 1\/> AREAS EACH 15 MIN EXERCISES","billing_code_type":"CPT","billing_code_type_version":"2020","billing_code":"97110","description":"THERAPEUTIC PX 1\/> AREAS EACH 15 MIN EXERCISES","allowed_amounts":[{"tin":{"type":"ein","value":"351955872"},"service_code":["11"],"billing_class":"professional","payments":[{"allowed_amount":56.76,"billing_code_modifier":[""],"providers":[{"billed_charge":115.00,"npi":[1144266024,1831585157]}]}]}]}]}
