{"reporting_entity_name": "IEC Group_DBA AmeriBen",
	"reporting_entity_type": "Third Party Administrator",
	"plan_name": "KNIGHTED SERVICES INC",
	"plan_id_type": "ein",
	"plan_id": "812018363",
	"plan_market_type": "group",
	"last_updated_on": "2022-06-28","Version": "1.0.0","out_of_network":[{"name":"IA DET NA;SEV AC RES SYND SARS-COV-2 COVID-19","billing_code_type":"HCPCS","billing_code_type_version":"HCPCS LEVEL II 2021","billing_code":"U0005","description":"IA DET NA;SEV AC RES SYND SARS-COV-2 COVID-19","allowed_amounts":[{"tin":{"type":"ein","value":"463371474"},"service_code":["81"],"billing_class":"professional","payments":[{"allowed_amount":25.00,"billing_code_modifier":[""],"providers":[{"billed_charge":30.00,"npi":[1497212252,1700212735]}]}]},{"tin":{"type":"ein","value":"472462178"},"service_code":["81"],"billing_class":"professional","payments":[{"allowed_amount":25.00,"billing_code_modifier":[""],"providers":[{"billed_charge":50.00,"npi":[1114183555,1144731605,1174824726,1467854497,1639311509]}]}]},{"tin":{"type":"ein","value":"474477428"},"service_code":["81"],"billing_class":"professional","payments":[{"allowed_amount":25.00,"billing_code_modifier":[""],"providers":[{"billed_charge":100.00,"npi":[1518406636,1801841358]}]}]},{"tin":{"type":"ein","value":"474777175"},"service_code":["81"],"billing_class":"professional","payments":[{"allowed_amount":25.00,"billing_code_modifier":[""],"providers":[{"billed_charge":95.00,"npi":[1205410933,1508881574]}]}]},{"tin":{"type":"ein","value":"475502891"},"service_code":["81"],"billing_class":"professional","payments":[{"allowed_amount":25.00,"billing_code_modifier":[""],"providers":[{"billed_charge":65.00,"npi":[1851992127,1902840283]}]}]},{"tin":{"type":"ein","value":"820973231"},"service_code":["81"],"billing_class":"professional","payments":[{"allowed_amount":25.00,"billing_code_modifier":[""],"providers":[{"billed_charge":25.00,"npi":[1174674352,1205362522,1700958667]}]}]},{"tin":{"type":"ein","value":"821646358"},"service_code":["81"],"billing_class":"professional","payments":[{"allowed_amount":25.00,"billing_code_modifier":[""],"providers":[{"billed_charge":75.00,"npi":[1346769593,1801841358]}]}]},{"tin":{"type":"ein","value":"823438908"},"service_code":["11"],"billing_class":"professional","payments":[{"allowed_amount":25.00,"billing_code_modifier":[""],"providers":[{"billed_charge":75.00,"npi":[1114431087,1568813244,1881089910,1992791164]}]}]},{"tin":{"type":"ein","value":"845176341"},"service_code":["81"],"billing_class":"professional","payments":[{"allowed_amount":25.00,"billing_code_modifier":[""],"providers":[{"billed_charge":25.00,"npi":[1083237374]}]}]},{"tin":{"type":"ein","value":"852364612"},"service_code":["81"],"billing_class":"professional","payments":[{"allowed_amount":25.00,"billing_code_modifier":[""],"providers":[{"billed_charge":75.00,"npi":[1740685387,1790386746]}]}]},{"tin":{"type":"ein","value":"852421177"},"service_code":["81"],"billing_class":"professional","payments":[{"allowed_amount":25.00,"billing_code_modifier":[""],"providers":[{"billed_charge":63.00,"npi":[1043313992,1366048019]}]}]},{"tin":{"type":"ein","value":"861826385"},"service_code":["81"],"billing_class":"professional","payments":[{"allowed_amount":25.00,"billing_code_modifier":[""],"providers":[{"billed_charge":100.00,"npi":[1346914843]}]}]},{"tin":{"type":"ein","value":"873685400"},"service_code":["81"],"billing_class":"professional","payments":[{"allowed_amount":25.00,"billing_code_modifier":[""],"providers":[{"billed_charge":50.00,"npi":[1093222895,1518624691]}]}]},{"tin":{"type":"ein","value":"880241758"},"service_code":["81"],"billing_class":"professional","payments":[{"allowed_amount":25.00,"billing_code_modifier":[""],"providers":[{"billed_charge":25.00,"npi":[1043416696,1124417357,1447451323]}]}]},{"tin":{"type":"ein","value":"953926170"},"service_code":["81"],"billing_class":"professional","payments":[{"allowed_amount":25.00,"billing_code_modifier":[""],"providers":[{"billed_charge":50.00,"npi":[1003950585,1033373899]}]}]}]},{"name":"INF AGT DET DNA\/RNA;SARS-COV-2 COVID-19 AMP P T","billing_code_type":"HCPCS","billing_code_type_version":"HCPCS LEVEL II 2021","billing_code":"U0003","description":"INF AGT DET DNA\/RNA;SARS-COV-2 COVID-19 AMP P T","allowed_amounts":[{"tin":{"type":"ein","value":"133757370"},"service_code":["81"],"billing_class":"professional","payments":[{"allowed_amount":75.00,"billing_code_modifier":[""],"providers":[{"billed_charge":100.00,"npi":[1306895164,1730120122,1750368700]}]}]},{"tin":{"type":"ein","value":"260880495"},"service_code":["81"],"billing_class":"professional","payments":[{"allowed_amount":75.00,"billing_code_modifier":[""],"providers":[{"billed_charge":150.00,"npi":[1134377781,1265621866]}]}]},{"tin":{"type":"ein","value":"463371474"},"service_code":["81"],"billing_class":"professional","payments":[{"allowed_amount":120.00,"billing_code_modifier":[""],"providers":[{"billed_charge":120.00,"npi":[1497212252,1700212735]}]}]},{"tin":{"type":"ein","value":"472462178"},"service_code":["81"],"billing_class":"professional","payments":[{"allowed_amount":125.00,"billing_code_modifier":[""],"providers":[{"billed_charge":250.00,"npi":[1114183555,1144731605,1174824726,1467854497,1639311509]}]}]},{"tin":{"type":"ein","value":"473727159"},"service_code":["81"],"billing_class":"professional","payments":[{"allowed_amount":75.00,"billing_code_modifier":[""],"providers":[{"billed_charge":125.00,"npi":[1063995447,1154962629,1467036954,1508413063,1669914941,1770727729,1912521568]}]}]},{"tin":{"type":"ein","value":"473727159"},"service_code":["81"],"billing_class":"professional","payments":[{"allowed_amount":125.00,"billing_code_modifier":[""],"providers":[{"billed_charge":125.00,"npi":[1285241497,1295349405,1356869267,1912521568]}]}]},{"tin":{"type":"ein","value":"474777175"},"service_code":["81"],"billing_class":"professional","payments":[{"allowed_amount":75.00,"billing_code_modifier":[""],"providers":[{"billed_charge":295.00,"npi":[1205410933,1508881574]}]}]},{"tin":{"type":"ein","value":"475375456"},"service_code":["81"],"billing_class":"professional","payments":[{"allowed_amount":75.00,"billing_code_modifier":[""],"providers":[{"billed_charge":105.00,"npi":[1265437925,1598138562]}]}]},{"tin":{"type":"ein","value":"475502891"},"service_code":["81"],"billing_class":"professional","payments":[{"allowed_amount":75.00,"billing_code_modifier":[""],"providers":[{"billed_charge":165.00,"npi":[1851992127,1902840283]},{"billed_charge":285.00,"npi":[1851992127,1902840283]}]},{"allowed_amount":75.00,"billing_code_modifier":[""],"providers":[{"billed_charge":165.00,"npi":[1851992127,1902840283]},{"billed_charge":285.00,"npi":[1851992127,1902840283]}]}]},{"tin":{"type":"ein","value":"475502891"},"service_code":["81"],"billing_class":"professional","payments":[{"allowed_amount":75.00,"billing_code_modifier":[""],"providers":[{"billed_charge":165.00,"npi":[1851992127,1902840283]},{"billed_charge":285.00,"npi":[1851992127,1902840283]}]},{"allowed_amount":75.00,"billing_code_modifier":[""],"providers":[{"billed_charge":165.00,"npi":[1851992127,1902840283]},{"billed_charge":285.00,"npi":[1851992127,1902840283]}]}]},{"tin":{"type":"ein","value":"743204993"},"service_code":["81"],"billing_class":"professional","payments":[{"allowed_amount":55.00,"billing_code_modifier":[""],"providers":[{"billed_charge":55.00,"npi":[1689281784,1972697324]}]}]},{"tin":{"type":"ein","value":"820973231"},"service_code":["81"],"billing_class":"professional","payments":[{"allowed_amount":75.00,"billing_code_modifier":[""],"providers":[{"billed_charge":195.00,"npi":[1174674352,1205362522,1700958667]}]}]},{"tin":{"type":"ein","value":"821646358"},"service_code":["81"],"billing_class":"professional","payments":[{"allowed_amount":75.00,"billing_code_modifier":[""],"providers":[{"billed_charge":225.00,"npi":[1346769593,1801841358]}]}]},{"tin":{"type":"ein","value":"823438908"},"service_code":["11"],"billing_class":"professional","payments":[{"allowed_amount":299.00,"billing_code_modifier":[""],"providers":[{"billed_charge":300.00,"npi":[1114431087,1568813244,1881089910,1992791164]}]}]},{"tin":{"type":"ein","value":"845176341"},"service_code":["81"],"billing_class":"professional","payments":[{"allowed_amount":75.00,"billing_code_modifier":[""],"providers":[{"billed_charge":200.00,"npi":[1083237374]}]}]},{"tin":{"type":"ein","value":"852364612"},"service_code":["81"],"billing_class":"professional","payments":[{"allowed_amount":75.00,"billing_code_modifier":[""],"providers":[{"billed_charge":225.00,"npi":[1740685387,1790386746]}]}]},{"tin":{"type":"ein","value":"852421177"},"service_code":["81"],"billing_class":"professional","payments":[{"allowed_amount":75.00,"billing_code_modifier":[""],"providers":[{"billed_charge":250.00,"npi":[1043313992,1366048019]}]}]},{"tin":{"type":"ein","value":"861826385"},"service_code":["81"],"billing_class":"professional","payments":[{"allowed_amount":75.00,"billing_code_modifier":[""],"providers":[{"billed_charge":300.00,"npi":[1346914843]}]}]},{"tin":{"type":"ein","value":"873685400"},"service_code":["81"],"billing_class":"professional","payments":[{"allowed_amount":75.00,"billing_code_modifier":[""],"providers":[{"billed_charge":250.00,"npi":[1093222895,1518624691]}]}]},{"tin":{"type":"ein","value":"880241758"},"service_code":["81"],"billing_class":"professional","payments":[{"allowed_amount":75.00,"billing_code_modifier":[""],"providers":[{"billed_charge":100.00,"npi":[1043416696,1114014263,1124417357,1154612604,1639279417]}]}]},{"tin":{"type":"ein","value":"942728480"},"service_code":["81"],"billing_class":"professional","payments":[{"allowed_amount":75.00,"billing_code_modifier":[""],"providers":[{"billed_charge":181.00,"npi":[1083777163,1205914389]},{"billed_charge":199.00,"npi":[1083777163,1700225968]}]},{"allowed_amount":75.00,"billing_code_modifier":[""],"providers":[{"billed_charge":181.00,"npi":[1083777163,1205914389]},{"billed_charge":199.00,"npi":[1083777163,1700225968]}]}]},{"tin":{"type":"ein","value":"942728480"},"service_code":["81"],"billing_class":"professional","payments":[{"allowed_amount":75.00,"billing_code_modifier":[""],"providers":[{"billed_charge":181.00,"npi":[1083777163,1205914389]},{"billed_charge":199.00,"npi":[1083777163,1700225968]}]},{"allowed_amount":75.00,"billing_code_modifier":[""],"providers":[{"billed_charge":181.00,"npi":[1083777163,1205914389]},{"billed_charge":199.00,"npi":[1083777163,1700225968]}]}]},{"tin":{"type":"ein","value":"990370089"},"service_code":["81"],"billing_class":"professional","payments":[{"allowed_amount":120.00,"billing_code_modifier":[""],"providers":[{"billed_charge":200.00,"npi":[1114034055,1124233184,1255493086,1265897078,1750798682]}]}]},{"tin":{"type":"ein","value":"990370089"},"service_code":["81"],"billing_class":"professional","payments":[{"allowed_amount":200.00,"billing_code_modifier":[""],"providers":[{"billed_charge":200.00,"npi":[1124233184,1265897078,1750798682]}]}]}]},{"name":"LABORATORY - CLINICAL DIAGNOSTIC: CHEMISTRY","billing_code_type":"RC","billing_code_type_version":"UB04","billing_code":"0301","description":"LABORATORY - CLINICAL DIAGNOSTIC: CHEMISTRY","allowed_amounts":[{"tin":{"type":"ein","value":"941105628"},"service_code":["23"],"billing_class":"institutional","payments":[{"allowed_amount":0.00,"billing_code_modifier":[""],"providers":[{"billed_charge":20.00,"npi":[1174734024,1366513509]},{"billed_charge":30.00,"npi":[1174734024,1326119967,1366513509,1700051729]},{"billed_charge":50.00,"npi":[1174734024,1326119967,1366513509,1700051729]},{"billed_charge":60.00,"npi":[1174734024,1326119967,1366513509,1700051729]},{"billed_charge":84.00,"npi":[1174734024,1326119967,1366513509,1700051729]},{"billed_charge":129.00,"npi":[1528138088,1841610136]},{"billed_charge":193.00,"npi":[1528138088,1841610136]},{"billed_charge":263.00,"npi":[1326119967,1700051729]},{"billed_charge":314.00,"npi":[1528138088,1841610136]},{"billed_charge":507.00,"npi":[1174734024,1366513509]}]},{"allowed_amount":0.00,"billing_code_modifier":[""],"providers":[{"billed_charge":20.00,"npi":[1174734024,1366513509]},{"billed_charge":30.00,"npi":[1174734024,1326119967,1366513509,1700051729]},{"billed_charge":50.00,"npi":[1174734024,1326119967,1366513509,1700051729]},{"billed_charge":60.00,"npi":[1174734024,1326119967,1366513509,1700051729]},{"billed_charge":84.00,"npi":[1174734024,1326119967,1366513509,1700051729]},{"billed_charge":129.00,"npi":[1528138088,1841610136]},{"billed_charge":193.00,"npi":[1528138088,1841610136]},{"billed_charge":263.00,"npi":[1326119967,1700051729]},{"billed_charge":314.00,"npi":[1528138088,1841610136]},{"billed_charge":507.00,"npi":[1174734024,1366513509]}]},{"allowed_amount":0.00,"billing_code_modifier":[""],"providers":[{"billed_charge":20.00,"npi":[1174734024,1366513509]},{"billed_charge":30.00,"npi":[1174734024,1326119967,1366513509,1700051729]},{"billed_charge":50.00,"npi":[1174734024,1326119967,1366513509,1700051729]},{"billed_charge":60.00,"npi":[1174734024,1326119967,1366513509,1700051729]},{"billed_charge":84.00,"npi":[1174734024,1326119967,1366513509,1700051729]},{"billed_charge":129.00,"npi":[1528138088,1841610136]},{"billed_charge":193.00,"npi":[1528138088,1841610136]},{"billed_charge":263.00,"npi":[1326119967,1700051729]},{"billed_charge":314.00,"npi":[1528138088,1841610136]},{"billed_charge":507.00,"npi":[1174734024,1366513509]}]},{"allowed_amount":0.00,"billing_code_modifier":[""],"providers":[{"billed_charge":20.00,"npi":[1174734024,1366513509]},{"billed_charge":30.00,"npi":[1174734024,1326119967,1366513509,1700051729]},{"billed_charge":50.00,"npi":[1174734024,1326119967,1366513509,1700051729]},{"billed_charge":60.00,"npi":[1174734024,1326119967,1366513509,1700051729]},{"billed_charge":84.00,"npi":[1174734024,1326119967,1366513509,1700051729]},{"billed_charge":129.00,"npi":[1528138088,1841610136]},{"billed_charge":193.00,"npi":[1528138088,1841610136]},{"billed_charge":263.00,"npi":[1326119967,1700051729]},{"billed_charge":314.00,"npi":[1528138088,1841610136]},{"billed_charge":507.00,"npi":[1174734024,1366513509]}]},{"allowed_amount":0.00,"billing_code_modifier":[""],"providers":[{"billed_charge":20.00,"npi":[1174734024,1366513509]},{"billed_charge":30.00,"npi":[1174734024,1326119967,1366513509,1700051729]},{"billed_charge":50.00,"npi":[1174734024,1326119967,1366513509,1700051729]},{"billed_charge":60.00,"npi":[1174734024,1326119967,1366513509,1700051729]},{"billed_charge":84.00,"npi":[1174734024,1326119967,1366513509,1700051729]},{"billed_charge":129.00,"npi":[1528138088,1841610136]},{"billed_charge":193.00,"npi":[1528138088,1841610136]},{"billed_charge":263.00,"npi":[1326119967,1700051729]},{"billed_charge":314.00,"npi":[1528138088,1841610136]},{"billed_charge":507.00,"npi":[1174734024,1366513509]}]},{"allowed_amount":0.00,"billing_code_modifier":[""],"providers":[{"billed_charge":20.00,"npi":[1174734024,1366513509]},{"billed_charge":30.00,"npi":[1174734024,1326119967,1366513509,1700051729]},{"billed_charge":50.00,"npi":[1174734024,1326119967,1366513509,1700051729]},{"billed_charge":60.00,"npi":[1174734024,1326119967,1366513509,1700051729]},{"billed_charge":84.00,"npi":[1174734024,1326119967,1366513509,1700051729]},{"billed_charge":129.00,"npi":[1528138088,1841610136]},{"billed_charge":193.00,"npi":[1528138088,1841610136]},{"billed_charge":263.00,"npi":[1326119967,1700051729]},{"billed_charge":314.00,"npi":[1528138088,1841610136]},{"billed_charge":507.00,"npi":[1174734024,1366513509]}]},{"allowed_amount":0.00,"billing_code_modifier":[""],"providers":[{"billed_charge":20.00,"npi":[1174734024,1366513509]},{"billed_charge":30.00,"npi":[1174734024,1326119967,1366513509,1700051729]},{"billed_charge":50.00,"npi":[1174734024,1326119967,1366513509,1700051729]},{"billed_charge":60.00,"npi":[1174734024,1326119967,1366513509,1700051729]},{"billed_charge":84.00,"npi":[1174734024,1326119967,1366513509,1700051729]},{"billed_charge":129.00,"npi":[1528138088,1841610136]},{"billed_charge":193.00,"npi":[1528138088,1841610136]},{"billed_charge":263.00,"npi":[1326119967,1700051729]},{"billed_charge":314.00,"npi":[1528138088,1841610136]},{"billed_charge":507.00,"npi":[1174734024,1366513509]}]},{"allowed_amount":0.00,"billing_code_modifier":[""],"providers":[{"billed_charge":20.00,"npi":[1174734024,1366513509]},{"billed_charge":30.00,"npi":[1174734024,1326119967,1366513509,1700051729]},{"billed_charge":50.00,"npi":[1174734024,1326119967,1366513509,1700051729]},{"billed_charge":60.00,"npi":[1174734024,1326119967,1366513509,1700051729]},{"billed_charge":84.00,"npi":[1174734024,1326119967,1366513509,1700051729]},{"billed_charge":129.00,"npi":[1528138088,1841610136]},{"billed_charge":193.00,"npi":[1528138088,1841610136]},{"billed_charge":263.00,"npi":[1326119967,1700051729]},{"billed_charge":314.00,"npi":[1528138088,1841610136]},{"billed_charge":507.00,"npi":[1174734024,1366513509]}]},{"allowed_amount":0.00,"billing_code_modifier":[""],"providers":[{"billed_charge":20.00,"npi":[1174734024,1366513509]},{"billed_charge":30.00,"npi":[1174734024,1326119967,1366513509,1700051729]},{"billed_charge":50.00,"npi":[1174734024,1326119967,1366513509,1700051729]},{"billed_charge":60.00,"npi":[1174734024,1326119967,1366513509,1700051729]},{"billed_charge":84.00,"npi":[1174734024,1326119967,1366513509,1700051729]},{"billed_charge":129.00,"npi":[1528138088,1841610136]},{"billed_charge":193.00,"npi":[1528138088,1841610136]},{"billed_charge":263.00,"npi":[1326119967,1700051729]},{"billed_charge":314.00,"npi":[1528138088,1841610136]},{"billed_charge":507.00,"npi":[1174734024,1366513509]}]},{"allowed_amount":0.00,"billing_code_modifier":[""],"providers":[{"billed_charge":20.00,"npi":[1174734024,1366513509]},{"billed_charge":30.00,"npi":[1174734024,1326119967,1366513509,1700051729]},{"billed_charge":50.00,"npi":[1174734024,1326119967,1366513509,1700051729]},{"billed_charge":60.00,"npi":[1174734024,1326119967,1366513509,1700051729]},{"billed_charge":84.00,"npi":[1174734024,1326119967,1366513509,1700051729]},{"billed_charge":129.00,"npi":[1528138088,1841610136]},{"billed_charge":193.00,"npi":[1528138088,1841610136]},{"billed_charge":263.00,"npi":[1326119967,1700051729]},{"billed_charge":314.00,"npi":[1528138088,1841610136]},{"billed_charge":507.00,"npi":[1174734024,1366513509]}]}]},{"tin":{"type":"ein","value":"941105628"},"service_code":["23"],"billing_class":"institutional","payments":[{"allowed_amount":0.00,"billing_code_modifier":[""],"providers":[{"billed_charge":20.00,"npi":[1174734024,1366513509]},{"billed_charge":30.00,"npi":[1174734024,1326119967,1366513509,1700051729]},{"billed_charge":50.00,"npi":[1174734024,1326119967,1366513509,1700051729]},{"billed_charge":60.00,"npi":[1174734024,1326119967,1366513509,1700051729]},{"billed_charge":84.00,"npi":[1174734024,1326119967,1366513509,1700051729]},{"billed_charge":129.00,"npi":[1528138088,1841610136]},{"billed_charge":193.00,"npi":[1528138088,1841610136]},{"billed_charge":263.00,"npi":[1326119967,1700051729]},{"billed_charge":314.00,"npi":[1528138088,1841610136]},{"billed_charge":507.00,"npi":[1174734024,1366513509]}]},{"allowed_amount":0.00,"billing_code_modifier":[""],"providers":[{"billed_charge":20.00,"npi":[1174734024,1366513509]},{"billed_charge":30.00,"npi":[1174734024,1326119967,1366513509,1700051729]},{"billed_charge":50.00,"npi":[1174734024,1326119967,1366513509,1700051729]},{"billed_charge":60.00,"npi":[1174734024,1326119967,1366513509,1700051729]},{"billed_charge":84.00,"npi":[1174734024,1326119967,1366513509,1700051729]},{"billed_charge":129.00,"npi":[1528138088,1841610136]},{"billed_charge":193.00,"npi":[1528138088,1841610136]},{"billed_charge":263.00,"npi":[1326119967,1700051729]},{"billed_charge":314.00,"npi":[1528138088,1841610136]},{"billed_charge":507.00,"npi":[1174734024,1366513509]}]},{"allowed_amount":0.00,"billing_code_modifier":[""],"providers":[{"billed_charge":20.00,"npi":[1174734024,1366513509]},{"billed_charge":30.00,"npi":[1174734024,1326119967,1366513509,1700051729]},{"billed_charge":50.00,"npi":[1174734024,1326119967,1366513509,1700051729]},{"billed_charge":60.00,"npi":[1174734024,1326119967,1366513509,1700051729]},{"billed_charge":84.00,"npi":[1174734024,1326119967,1366513509,1700051729]},{"billed_charge":129.00,"npi":[1528138088,1841610136]},{"billed_charge":193.00,"npi":[1528138088,1841610136]},{"billed_charge":263.00,"npi":[1326119967,1700051729]},{"billed_charge":314.00,"npi":[1528138088,1841610136]},{"billed_charge":507.00,"npi":[1174734024,1366513509]}]},{"allowed_amount":0.00,"billing_code_modifier":[""],"providers":[{"billed_charge":20.00,"npi":[1174734024,1366513509]},{"billed_charge":30.00,"npi":[1174734024,1326119967,1366513509,1700051729]},{"billed_charge":50.00,"npi":[1174734024,1326119967,1366513509,1700051729]},{"billed_charge":60.00,"npi":[1174734024,1326119967,1366513509,1700051729]},{"billed_charge":84.00,"npi":[1174734024,1326119967,1366513509,1700051729]},{"billed_charge":129.00,"npi":[1528138088,1841610136]},{"billed_charge":193.00,"npi":[1528138088,1841610136]},{"billed_charge":263.00,"npi":[1326119967,1700051729]},{"billed_charge":314.00,"npi":[1528138088,1841610136]},{"billed_charge":507.00,"npi":[1174734024,1366513509]}]},{"allowed_amount":0.00,"billing_code_modifier":[""],"providers":[{"billed_charge":20.00,"npi":[1174734024,1366513509]},{"billed_charge":30.00,"npi":[1174734024,1326119967,1366513509,1700051729]},{"billed_charge":50.00,"npi":[1174734024,1326119967,1366513509,1700051729]},{"billed_charge":60.00,"npi":[1174734024,1326119967,1366513509,1700051729]},{"billed_charge":84.00,"npi":[1174734024,1326119967,1366513509,1700051729]},{"billed_charge":129.00,"npi":[1528138088,1841610136]},{"billed_charge":193.00,"npi":[1528138088,1841610136]},{"billed_charge":263.00,"npi":[1326119967,1700051729]},{"billed_charge":314.00,"npi":[1528138088,1841610136]},{"billed_charge":507.00,"npi":[1174734024,1366513509]}]},{"allowed_amount":0.00,"billing_code_modifier":[""],"providers":[{"billed_charge":20.00,"npi":[1174734024,1366513509]},{"billed_charge":30.00,"npi":[1174734024,1326119967,1366513509,1700051729]},{"billed_charge":50.00,"npi":[1174734024,1326119967,1366513509,1700051729]},{"billed_charge":60.00,"npi":[1174734024,1326119967,1366513509,1700051729]},{"billed_charge":84.00,"npi":[1174734024,1326119967,1366513509,1700051729]},{"billed_charge":129.00,"npi":[1528138088,1841610136]},{"billed_charge":193.00,"npi":[1528138088,1841610136]},{"billed_charge":263.00,"npi":[1326119967,1700051729]},{"billed_charge":314.00,"npi":[1528138088,1841610136]},{"billed_charge":507.00,"npi":[1174734024,1366513509]}]},{"allowed_amount":0.00,"billing_code_modifier":[""],"providers":[{"billed_charge":20.00,"npi":[1174734024,1366513509]},{"billed_charge":30.00,"npi":[1174734024,1326119967,1366513509,1700051729]},{"billed_charge":50.00,"npi":[1174734024,1326119967,1366513509,1700051729]},{"billed_charge":60.00,"npi":[1174734024,1326119967,1366513509,1700051729]},{"billed_charge":84.00,"npi":[1174734024,1326119967,1366513509,1700051729]},{"billed_charge":129.00,"npi":[1528138088,1841610136]},{"billed_charge":193.00,"npi":[1528138088,1841610136]},{"billed_charge":263.00,"npi":[1326119967,1700051729]},{"billed_charge":314.00,"npi":[1528138088,1841610136]},{"billed_charge":507.00,"npi":[1174734024,1366513509]}]},{"allowed_amount":0.00,"billing_code_modifier":[""],"providers":[{"billed_charge":20.00,"npi":[1174734024,1366513509]},{"billed_charge":30.00,"npi":[1174734024,1326119967,1366513509,1700051729]},{"billed_charge":50.00,"npi":[1174734024,1326119967,1366513509,1700051729]},{"billed_charge":60.00,"npi":[1174734024,1326119967,1366513509,1700051729]},{"billed_charge":84.00,"npi":[1174734024,1326119967,1366513509,1700051729]},{"billed_charge":129.00,"npi":[1528138088,1841610136]},{"billed_charge":193.00,"npi":[1528138088,1841610136]},{"billed_charge":263.00,"npi":[1326119967,1700051729]},{"billed_charge":314.00,"npi":[1528138088,1841610136]},{"billed_charge":507.00,"npi":[1174734024,1366513509]}]},{"allowed_amount":0.00,"billing_code_modifier":[""],"providers":[{"billed_charge":20.00,"npi":[1174734024,1366513509]},{"billed_charge":30.00,"npi":[1174734024,1326119967,1366513509,1700051729]},{"billed_charge":50.00,"npi":[1174734024,1326119967,1366513509,1700051729]},{"billed_charge":60.00,"npi":[1174734024,1326119967,1366513509,1700051729]},{"billed_charge":84.00,"npi":[1174734024,1326119967,1366513509,1700051729]},{"billed_charge":129.00,"npi":[1528138088,1841610136]},{"billed_charge":193.00,"npi":[1528138088,1841610136]},{"billed_charge":263.00,"npi":[1326119967,1700051729]},{"billed_charge":314.00,"npi":[1528138088,1841610136]},{"billed_charge":507.00,"npi":[1174734024,1366513509]}]},{"allowed_amount":0.00,"billing_code_modifier":[""],"providers":[{"billed_charge":20.00,"npi":[1174734024,1366513509]},{"billed_charge":30.00,"npi":[1174734024,1326119967,1366513509,1700051729]},{"billed_charge":50.00,"npi":[1174734024,1326119967,1366513509,1700051729]},{"billed_charge":60.00,"npi":[1174734024,1326119967,1366513509,1700051729]},{"billed_charge":84.00,"npi":[1174734024,1326119967,1366513509,1700051729]},{"billed_charge":129.00,"npi":[1528138088,1841610136]},{"billed_charge":193.00,"npi":[1528138088,1841610136]},{"billed_charge":263.00,"npi":[1326119967,1700051729]},{"billed_charge":314.00,"npi":[1528138088,1841610136]},{"billed_charge":507.00,"npi":[1174734024,1366513509]}]}]},{"tin":{"type":"ein","value":"941105628"},"service_code":["23"],"billing_class":"institutional","payments":[{"allowed_amount":0.00,"billing_code_modifier":[""],"providers":[{"billed_charge":20.00,"npi":[1174734024,1366513509]},{"billed_charge":30.00,"npi":[1174734024,1326119967,1366513509,1700051729]},{"billed_charge":50.00,"npi":[1174734024,1326119967,1366513509,1700051729]},{"billed_charge":60.00,"npi":[1174734024,1326119967,1366513509,1700051729]},{"billed_charge":84.00,"npi":[1174734024,1326119967,1366513509,1700051729]},{"billed_charge":129.00,"npi":[1528138088,1841610136]},{"billed_charge":193.00,"npi":[1528138088,1841610136]},{"billed_charge":263.00,"npi":[1326119967,1700051729]},{"billed_charge":314.00,"npi":[1528138088,1841610136]},{"billed_charge":507.00,"npi":[1174734024,1366513509]}]},{"allowed_amount":0.00,"billing_code_modifier":[""],"providers":[{"billed_charge":20.00,"npi":[1174734024,1366513509]},{"billed_charge":30.00,"npi":[1174734024,1326119967,1366513509,1700051729]},{"billed_charge":50.00,"npi":[1174734024,1326119967,1366513509,1700051729]},{"billed_charge":60.00,"npi":[1174734024,1326119967,1366513509,1700051729]},{"billed_charge":84.00,"npi":[1174734024,1326119967,1366513509,1700051729]},{"billed_charge":129.00,"npi":[1528138088,1841610136]},{"billed_charge":193.00,"npi":[1528138088,1841610136]},{"billed_charge":263.00,"npi":[1326119967,1700051729]},{"billed_charge":314.00,"npi":[1528138088,1841610136]},{"billed_charge":507.00,"npi":[1174734024,1366513509]}]},{"allowed_amount":0.00,"billing_code_modifier":[""],"providers":[{"billed_charge":20.00,"npi":[1174734024,1366513509]},{"billed_charge":30.00,"npi":[1174734024,1326119967,1366513509,1700051729]},{"billed_charge":50.00,"npi":[1174734024,1326119967,1366513509,1700051729]},{"billed_charge":60.00,"npi":[1174734024,1326119967,1366513509,1700051729]},{"billed_charge":84.00,"npi":[1174734024,1326119967,1366513509,1700051729]},{"billed_charge":129.00,"npi":[1528138088,1841610136]},{"billed_charge":193.00,"npi":[1528138088,1841610136]},{"billed_charge":263.00,"npi":[1326119967,1700051729]},{"billed_charge":314.00,"npi":[1528138088,1841610136]},{"billed_charge":507.00,"npi":[1174734024,1366513509]}]},{"allowed_amount":0.00,"billing_code_modifier":[""],"providers":[{"billed_charge":20.00,"npi":[1174734024,1366513509]},{"billed_charge":30.00,"npi":[1174734024,1326119967,1366513509,1700051729]},{"billed_charge":50.00,"npi":[1174734024,1326119967,1366513509,1700051729]},{"billed_charge":60.00,"npi":[1174734024,1326119967,1366513509,1700051729]},{"billed_charge":84.00,"npi":[1174734024,1326119967,1366513509,1700051729]},{"billed_charge":129.00,"npi":[1528138088,1841610136]},{"billed_charge":193.00,"npi":[1528138088,1841610136]},{"billed_charge":263.00,"npi":[1326119967,1700051729]},{"billed_charge":314.00,"npi":[1528138088,1841610136]},{"billed_charge":507.00,"npi":[1174734024,1366513509]}]},{"allowed_amount":0.00,"billing_code_modifier":[""],"providers":[{"billed_charge":20.00,"npi":[1174734024,1366513509]},{"billed_charge":30.00,"npi":[1174734024,1326119967,1366513509,1700051729]},{"billed_charge":50.00,"npi":[1174734024,1326119967,1366513509,1700051729]},{"billed_charge":60.00,"npi":[1174734024,1326119967,1366513509,1700051729]},{"billed_charge":84.00,"npi":[1174734024,1326119967,1366513509,1700051729]},{"billed_charge":129.00,"npi":[1528138088,1841610136]},{"billed_charge":193.00,"npi":[1528138088,1841610136]},{"billed_charge":263.00,"npi":[1326119967,1700051729]},{"billed_charge":314.00,"npi":[1528138088,1841610136]},{"billed_charge":507.00,"npi":[1174734024,1366513509]}]},{"allowed_amount":0.00,"billing_code_modifier":[""],"providers":[{"billed_charge":20.00,"npi":[1174734024,1366513509]},{"billed_charge":30.00,"npi":[1174734024,1326119967,1366513509,1700051729]},{"billed_charge":50.00,"npi":[1174734024,1326119967,1366513509,1700051729]},{"billed_charge":60.00,"npi":[1174734024,1326119967,1366513509,1700051729]},{"billed_charge":84.00,"npi":[1174734024,1326119967,1366513509,1700051729]},{"billed_charge":129.00,"npi":[1528138088,1841610136]},{"billed_charge":193.00,"npi":[1528138088,1841610136]},{"billed_charge":263.00,"npi":[1326119967,1700051729]},{"billed_charge":314.00,"npi":[1528138088,1841610136]},{"billed_charge":507.00,"npi":[1174734024,1366513509]}]},{"allowed_amount":0.00,"billing_code_modifier":[""],"providers":[{"billed_charge":20.00,"npi":[1174734024,1366513509]},{"billed_charge":30.00,"npi":[1174734024,1326119967,1366513509,1700051729]},{"billed_charge":50.00,"npi":[1174734024,1326119967,1366513509,1700051729]},{"billed_charge":60.00,"npi":[1174734024,1326119967,1366513509,1700051729]},{"billed_charge":84.00,"npi":[1174734024,1326119967,1366513509,1700051729]},{"billed_charge":129.00,"npi":[1528138088,1841610136]},{"billed_charge":193.00,"npi":[1528138088,1841610136]},{"billed_charge":263.00,"npi":[1326119967,1700051729]},{"billed_charge":314.00,"npi":[1528138088,1841610136]},{"billed_charge":507.00,"npi":[1174734024,1366513509]}]},{"allowed_amount":0.00,"billing_code_modifier":[""],"providers":[{"billed_charge":20.00,"npi":[1174734024,1366513509]},{"billed_charge":30.00,"npi":[1174734024,1326119967,1366513509,1700051729]},{"billed_charge":50.00,"npi":[1174734024,1326119967,1366513509,1700051729]},{"billed_charge":60.00,"npi":[1174734024,1326119967,1366513509,1700051729]},{"billed_charge":84.00,"npi":[1174734024,1326119967,1366513509,1700051729]},{"billed_charge":129.00,"npi":[1528138088,1841610136]},{"billed_charge":193.00,"npi":[1528138088,1841610136]},{"billed_charge":263.00,"npi":[1326119967,1700051729]},{"billed_charge":314.00,"npi":[1528138088,1841610136]},{"billed_charge":507.00,"npi":[1174734024,1366513509]}]},{"allowed_amount":0.00,"billing_code_modifier":[""],"providers":[{"billed_charge":20.00,"npi":[1174734024,1366513509]},{"billed_charge":30.00,"npi":[1174734024,1326119967,1366513509,1700051729]},{"billed_charge":50.00,"npi":[1174734024,1326119967,1366513509,1700051729]},{"billed_charge":60.00,"npi":[1174734024,1326119967,1366513509,1700051729]},{"billed_charge":84.00,"npi":[1174734024,1326119967,1366513509,1700051729]},{"billed_charge":129.00,"npi":[1528138088,1841610136]},{"billed_charge":193.00,"npi":[1528138088,1841610136]},{"billed_charge":263.00,"npi":[1326119967,1700051729]},{"billed_charge":314.00,"npi":[1528138088,1841610136]},{"billed_charge":507.00,"npi":[1174734024,1366513509]}]},{"allowed_amount":0.00,"billing_code_modifier":[""],"providers":[{"billed_charge":20.00,"npi":[1174734024,1366513509]},{"billed_charge":30.00,"npi":[1174734024,1326119967,1366513509,1700051729]},{"billed_charge":50.00,"npi":[1174734024,1326119967,1366513509,1700051729]},{"billed_charge":60.00,"npi":[1174734024,1326119967,1366513509,1700051729]},{"billed_charge":84.00,"npi":[1174734024,1326119967,1366513509,1700051729]},{"billed_charge":129.00,"npi":[1528138088,1841610136]},{"billed_charge":193.00,"npi":[1528138088,1841610136]},{"billed_charge":263.00,"npi":[1326119967,1700051729]},{"billed_charge":314.00,"npi":[1528138088,1841610136]},{"billed_charge":507.00,"npi":[1174734024,1366513509]}]}]},{"tin":{"type":"ein","value":"941105628"},"service_code":["23"],"billing_class":"institutional","payments":[{"allowed_amount":0.00,"billing_code_modifier":[""],"providers":[{"billed_charge":20.00,"npi":[1174734024,1366513509]},{"billed_charge":30.00,"npi":[1174734024,1326119967,1366513509,1700051729]},{"billed_charge":50.00,"npi":[1174734024,1326119967,1366513509,1700051729]},{"billed_charge":60.00,"npi":[1174734024,1326119967,1366513509,1700051729]},{"billed_charge":84.00,"npi":[1174734024,1326119967,1366513509,1700051729]},{"billed_charge":129.00,"npi":[1528138088,1841610136]},{"billed_charge":193.00,"npi":[1528138088,1841610136]},{"billed_charge":263.00,"npi":[1326119967,1700051729]},{"billed_charge":314.00,"npi":[1528138088,1841610136]},{"billed_charge":507.00,"npi":[1174734024,1366513509]}]},{"allowed_amount":0.00,"billing_code_modifier":[""],"providers":[{"billed_charge":20.00,"npi":[1174734024,1366513509]},{"billed_charge":30.00,"npi":[1174734024,1326119967,1366513509,1700051729]},{"billed_charge":50.00,"npi":[1174734024,1326119967,1366513509,1700051729]},{"billed_charge":60.00,"npi":[1174734024,1326119967,1366513509,1700051729]},{"billed_charge":84.00,"npi":[1174734024,1326119967,1366513509,1700051729]},{"billed_charge":129.00,"npi":[1528138088,1841610136]},{"billed_charge":193.00,"npi":[1528138088,1841610136]},{"billed_charge":263.00,"npi":[1326119967,1700051729]},{"billed_charge":314.00,"npi":[1528138088,1841610136]},{"billed_charge":507.00,"npi":[1174734024,1366513509]}]},{"allowed_amount":0.00,"billing_code_modifier":[""],"providers":[{"billed_charge":20.00,"npi":[1174734024,1366513509]},{"billed_charge":30.00,"npi":[1174734024,1326119967,1366513509,1700051729]},{"billed_charge":50.00,"npi":[1174734024,1326119967,1366513509,1700051729]},{"billed_charge":60.00,"npi":[1174734024,1326119967,1366513509,1700051729]},{"billed_charge":84.00,"npi":[1174734024,1326119967,1366513509,1700051729]},{"billed_charge":129.00,"npi":[1528138088,1841610136]},{"billed_charge":193.00,"npi":[1528138088,1841610136]},{"billed_charge":263.00,"npi":[1326119967,1700051729]},{"billed_charge":314.00,"npi":[1528138088,1841610136]},{"billed_charge":507.00,"npi":[1174734024,1366513509]}]},{"allowed_amount":0.00,"billing_code_modifier":[""],"providers":[{"billed_charge":20.00,"npi":[1174734024,1366513509]},{"billed_charge":30.00,"npi":[1174734024,1326119967,1366513509,1700051729]},{"billed_charge":50.00,"npi":[1174734024,1326119967,1366513509,1700051729]},{"billed_charge":60.00,"npi":[1174734024,1326119967,1366513509,1700051729]},{"billed_charge":84.00,"npi":[1174734024,1326119967,1366513509,1700051729]},{"billed_charge":129.00,"npi":[1528138088,1841610136]},{"billed_charge":193.00,"npi":[1528138088,1841610136]},{"billed_charge":263.00,"npi":[1326119967,1700051729]},{"billed_charge":314.00,"npi":[1528138088,1841610136]},{"billed_charge":507.00,"npi":[1174734024,1366513509]}]},{"allowed_amount":0.00,"billing_code_modifier":[""],"providers":[{"billed_charge":20.00,"npi":[1174734024,1366513509]},{"billed_charge":30.00,"npi":[1174734024,1326119967,1366513509,1700051729]},{"billed_charge":50.00,"npi":[1174734024,1326119967,1366513509,1700051729]},{"billed_charge":60.00,"npi":[1174734024,1326119967,1366513509,1700051729]},{"billed_charge":84.00,"npi":[1174734024,1326119967,1366513509,1700051729]},{"billed_charge":129.00,"npi":[1528138088,1841610136]},{"billed_charge":193.00,"npi":[1528138088,1841610136]},{"billed_charge":263.00,"npi":[1326119967,1700051729]},{"billed_charge":314.00,"npi":[1528138088,1841610136]},{"billed_charge":507.00,"npi":[1174734024,1366513509]}]},{"allowed_amount":0.00,"billing_code_modifier":[""],"providers":[{"billed_charge":20.00,"npi":[1174734024,1366513509]},{"billed_charge":30.00,"npi":[1174734024,1326119967,1366513509,1700051729]},{"billed_charge":50.00,"npi":[1174734024,1326119967,1366513509,1700051729]},{"billed_charge":60.00,"npi":[1174734024,1326119967,1366513509,1700051729]},{"billed_charge":84.00,"npi":[1174734024,1326119967,1366513509,1700051729]},{"billed_charge":129.00,"npi":[1528138088,1841610136]},{"billed_charge":193.00,"npi":[1528138088,1841610136]},{"billed_charge":263.00,"npi":[1326119967,1700051729]},{"billed_charge":314.00,"npi":[1528138088,1841610136]},{"billed_charge":507.00,"npi":[1174734024,1366513509]}]},{"allowed_amount":0.00,"billing_code_modifier":[""],"providers":[{"billed_charge":20.00,"npi":[1174734024,1366513509]},{"billed_charge":30.00,"npi":[1174734024,1326119967,1366513509,1700051729]},{"billed_charge":50.00,"npi":[1174734024,1326119967,1366513509,1700051729]},{"billed_charge":60.00,"npi":[1174734024,1326119967,1366513509,1700051729]},{"billed_charge":84.00,"npi":[1174734024,1326119967,1366513509,1700051729]},{"billed_charge":129.00,"npi":[1528138088,1841610136]},{"billed_charge":193.00,"npi":[1528138088,1841610136]},{"billed_charge":263.00,"npi":[1326119967,1700051729]},{"billed_charge":314.00,"npi":[1528138088,1841610136]},{"billed_charge":507.00,"npi":[1174734024,1366513509]}]},{"allowed_amount":0.00,"billing_code_modifier":[""],"providers":[{"billed_charge":20.00,"npi":[1174734024,1366513509]},{"billed_charge":30.00,"npi":[1174734024,1326119967,1366513509,1700051729]},{"billed_charge":50.00,"npi":[1174734024,1326119967,1366513509,1700051729]},{"billed_charge":60.00,"npi":[1174734024,1326119967,1366513509,1700051729]},{"billed_charge":84.00,"npi":[1174734024,1326119967,1366513509,1700051729]},{"billed_charge":129.00,"npi":[1528138088,1841610136]},{"billed_charge":193.00,"npi":[1528138088,1841610136]},{"billed_charge":263.00,"npi":[1326119967,1700051729]},{"billed_charge":314.00,"npi":[1528138088,1841610136]},{"billed_charge":507.00,"npi":[1174734024,1366513509]}]},{"allowed_amount":0.00,"billing_code_modifier":[""],"providers":[{"billed_charge":20.00,"npi":[1174734024,1366513509]},{"billed_charge":30.00,"npi":[1174734024,1326119967,1366513509,1700051729]},{"billed_charge":50.00,"npi":[1174734024,1326119967,1366513509,1700051729]},{"billed_charge":60.00,"npi":[1174734024,1326119967,1366513509,1700051729]},{"billed_charge":84.00,"npi":[1174734024,1326119967,1366513509,1700051729]},{"billed_charge":129.00,"npi":[1528138088,1841610136]},{"billed_charge":193.00,"npi":[1528138088,1841610136]},{"billed_charge":263.00,"npi":[1326119967,1700051729]},{"billed_charge":314.00,"npi":[1528138088,1841610136]},{"billed_charge":507.00,"npi":[1174734024,1366513509]}]},{"allowed_amount":0.00,"billing_code_modifier":[""],"providers":[{"billed_charge":20.00,"npi":[1174734024,1366513509]},{"billed_charge":30.00,"npi":[1174734024,1326119967,1366513509,1700051729]},{"billed_charge":50.00,"npi":[1174734024,1326119967,1366513509,1700051729]},{"billed_charge":60.00,"npi":[1174734024,1326119967,1366513509,1700051729]},{"billed_charge":84.00,"npi":[1174734024,1326119967,1366513509,1700051729]},{"billed_charge":129.00,"npi":[1528138088,1841610136]},{"billed_charge":193.00,"npi":[1528138088,1841610136]},{"billed_charge":263.00,"npi":[1326119967,1700051729]},{"billed_charge":314.00,"npi":[1528138088,1841610136]},{"billed_charge":507.00,"npi":[1174734024,1366513509]}]}]},{"tin":{"type":"ein","value":"941105628"},"service_code":["23"],"billing_class":"institutional","payments":[{"allowed_amount":0.00,"billing_code_modifier":[""],"providers":[{"billed_charge":20.00,"npi":[1174734024,1366513509]},{"billed_charge":30.00,"npi":[1174734024,1326119967,1366513509,1700051729]},{"billed_charge":50.00,"npi":[1174734024,1326119967,1366513509,1700051729]},{"billed_charge":60.00,"npi":[1174734024,1326119967,1366513509,1700051729]},{"billed_charge":84.00,"npi":[1174734024,1326119967,1366513509,1700051729]},{"billed_charge":129.00,"npi":[1528138088,1841610136]},{"billed_charge":193.00,"npi":[1528138088,1841610136]},{"billed_charge":263.00,"npi":[1326119967,1700051729]},{"billed_charge":314.00,"npi":[1528138088,1841610136]},{"billed_charge":507.00,"npi":[1174734024,1366513509]}]},{"allowed_amount":0.00,"billing_code_modifier":[""],"providers":[{"billed_charge":20.00,"npi":[1174734024,1366513509]},{"billed_charge":30.00,"npi":[1174734024,1326119967,1366513509,1700051729]},{"billed_charge":50.00,"npi":[1174734024,1326119967,1366513509,1700051729]},{"billed_charge":60.00,"npi":[1174734024,1326119967,1366513509,1700051729]},{"billed_charge":84.00,"npi":[1174734024,1326119967,1366513509,1700051729]},{"billed_charge":129.00,"npi":[1528138088,1841610136]},{"billed_charge":193.00,"npi":[1528138088,1841610136]},{"billed_charge":263.00,"npi":[1326119967,1700051729]},{"billed_charge":314.00,"npi":[1528138088,1841610136]},{"billed_charge":507.00,"npi":[1174734024,1366513509]}]},{"allowed_amount":0.00,"billing_code_modifier":[""],"providers":[{"billed_charge":20.00,"npi":[1174734024,1366513509]},{"billed_charge":30.00,"npi":[1174734024,1326119967,1366513509,1700051729]},{"billed_charge":50.00,"npi":[1174734024,1326119967,1366513509,1700051729]},{"billed_charge":60.00,"npi":[1174734024,1326119967,1366513509,1700051729]},{"billed_charge":84.00,"npi":[1174734024,1326119967,1366513509,1700051729]},{"billed_charge":129.00,"npi":[1528138088,1841610136]},{"billed_charge":193.00,"npi":[1528138088,1841610136]},{"billed_charge":263.00,"npi":[1326119967,1700051729]},{"billed_charge":314.00,"npi":[1528138088,1841610136]},{"billed_charge":507.00,"npi":[1174734024,1366513509]}]},{"allowed_amount":0.00,"billing_code_modifier":[""],"providers":[{"billed_charge":20.00,"npi":[1174734024,1366513509]},{"billed_charge":30.00,"npi":[1174734024,1326119967,1366513509,1700051729]},{"billed_charge":50.00,"npi":[1174734024,1326119967,1366513509,1700051729]},{"billed_charge":60.00,"npi":[1174734024,1326119967,1366513509,1700051729]},{"billed_charge":84.00,"npi":[1174734024,1326119967,1366513509,1700051729]},{"billed_charge":129.00,"npi":[1528138088,1841610136]},{"billed_charge":193.00,"npi":[1528138088,1841610136]},{"billed_charge":263.00,"npi":[1326119967,1700051729]},{"billed_charge":314.00,"npi":[1528138088,1841610136]},{"billed_charge":507.00,"npi":[1174734024,1366513509]}]},{"allowed_amount":0.00,"billing_code_modifier":[""],"providers":[{"billed_charge":20.00,"npi":[1174734024,1366513509]},{"billed_charge":30.00,"npi":[1174734024,1326119967,1366513509,1700051729]},{"billed_charge":50.00,"npi":[1174734024,1326119967,1366513509,1700051729]},{"billed_charge":60.00,"npi":[1174734024,1326119967,1366513509,1700051729]},{"billed_charge":84.00,"npi":[1174734024,1326119967,1366513509,1700051729]},{"billed_charge":129.00,"npi":[1528138088,1841610136]},{"billed_charge":193.00,"npi":[1528138088,1841610136]},{"billed_charge":263.00,"npi":[1326119967,1700051729]},{"billed_charge":314.00,"npi":[1528138088,1841610136]},{"billed_charge":507.00,"npi":[1174734024,1366513509]}]},{"allowed_amount":0.00,"billing_code_modifier":[""],"providers":[{"billed_charge":20.00,"npi":[1174734024,1366513509]},{"billed_charge":30.00,"npi":[1174734024,1326119967,1366513509,1700051729]},{"billed_charge":50.00,"npi":[1174734024,1326119967,1366513509,1700051729]},{"billed_charge":60.00,"npi":[1174734024,1326119967,1366513509,1700051729]},{"billed_charge":84.00,"npi":[1174734024,1326119967,1366513509,1700051729]},{"billed_charge":129.00,"npi":[1528138088,1841610136]},{"billed_charge":193.00,"npi":[1528138088,1841610136]},{"billed_charge":263.00,"npi":[1326119967,1700051729]},{"billed_charge":314.00,"npi":[1528138088,1841610136]},{"billed_charge":507.00,"npi":[1174734024,1366513509]}]},{"allowed_amount":0.00,"billing_code_modifier":[""],"providers":[{"billed_charge":20.00,"npi":[1174734024,1366513509]},{"billed_charge":30.00,"npi":[1174734024,1326119967,1366513509,1700051729]},{"billed_charge":50.00,"npi":[1174734024,1326119967,1366513509,1700051729]},{"billed_charge":60.00,"npi":[1174734024,1326119967,1366513509,1700051729]},{"billed_charge":84.00,"npi":[1174734024,1326119967,1366513509,1700051729]},{"billed_charge":129.00,"npi":[1528138088,1841610136]},{"billed_charge":193.00,"npi":[1528138088,1841610136]},{"billed_charge":263.00,"npi":[1326119967,1700051729]},{"billed_charge":314.00,"npi":[1528138088,1841610136]},{"billed_charge":507.00,"npi":[1174734024,1366513509]}]},{"allowed_amount":0.00,"billing_code_modifier":[""],"providers":[{"billed_charge":20.00,"npi":[1174734024,1366513509]},{"billed_charge":30.00,"npi":[1174734024,1326119967,1366513509,1700051729]},{"billed_charge":50.00,"npi":[1174734024,1326119967,1366513509,1700051729]},{"billed_charge":60.00,"npi":[1174734024,1326119967,1366513509,1700051729]},{"billed_charge":84.00,"npi":[1174734024,1326119967,1366513509,1700051729]},{"billed_charge":129.00,"npi":[1528138088,1841610136]},{"billed_charge":193.00,"npi":[1528138088,1841610136]},{"billed_charge":263.00,"npi":[1326119967,1700051729]},{"billed_charge":314.00,"npi":[1528138088,1841610136]},{"billed_charge":507.00,"npi":[1174734024,1366513509]}]},{"allowed_amount":0.00,"billing_code_modifier":[""],"providers":[{"billed_charge":20.00,"npi":[1174734024,1366513509]},{"billed_charge":30.00,"npi":[1174734024,1326119967,1366513509,1700051729]},{"billed_charge":50.00,"npi":[1174734024,1326119967,1366513509,1700051729]},{"billed_charge":60.00,"npi":[1174734024,1326119967,1366513509,1700051729]},{"billed_charge":84.00,"npi":[1174734024,1326119967,1366513509,1700051729]},{"billed_charge":129.00,"npi":[1528138088,1841610136]},{"billed_charge":193.00,"npi":[1528138088,1841610136]},{"billed_charge":263.00,"npi":[1326119967,1700051729]},{"billed_charge":314.00,"npi":[1528138088,1841610136]},{"billed_charge":507.00,"npi":[1174734024,1366513509]}]},{"allowed_amount":0.00,"billing_code_modifier":[""],"providers":[{"billed_charge":20.00,"npi":[1174734024,1366513509]},{"billed_charge":30.00,"npi":[1174734024,1326119967,1366513509,1700051729]},{"billed_charge":50.00,"npi":[1174734024,1326119967,1366513509,1700051729]},{"billed_charge":60.00,"npi":[1174734024,1326119967,1366513509,1700051729]},{"billed_charge":84.00,"npi":[1174734024,1326119967,1366513509,1700051729]},{"billed_charge":129.00,"npi":[1528138088,1841610136]},{"billed_charge":193.00,"npi":[1528138088,1841610136]},{"billed_charge":263.00,"npi":[1326119967,1700051729]},{"billed_charge":314.00,"npi":[1528138088,1841610136]},{"billed_charge":507.00,"npi":[1174734024,1366513509]}]}]},{"tin":{"type":"ein","value":"941105628"},"service_code":["23"],"billing_class":"institutional","payments":[{"allowed_amount":0.00,"billing_code_modifier":[""],"providers":[{"billed_charge":20.00,"npi":[1174734024,1366513509]},{"billed_charge":30.00,"npi":[1174734024,1326119967,1366513509,1700051729]},{"billed_charge":50.00,"npi":[1174734024,1326119967,1366513509,1700051729]},{"billed_charge":60.00,"npi":[1174734024,1326119967,1366513509,1700051729]},{"billed_charge":84.00,"npi":[1174734024,1326119967,1366513509,1700051729]},{"billed_charge":129.00,"npi":[1528138088,1841610136]},{"billed_charge":193.00,"npi":[1528138088,1841610136]},{"billed_charge":263.00,"npi":[1326119967,1700051729]},{"billed_charge":314.00,"npi":[1528138088,1841610136]},{"billed_charge":507.00,"npi":[1174734024,1366513509]}]},{"allowed_amount":0.00,"billing_code_modifier":[""],"providers":[{"billed_charge":20.00,"npi":[1174734024,1366513509]},{"billed_charge":30.00,"npi":[1174734024,1326119967,1366513509,1700051729]},{"billed_charge":50.00,"npi":[1174734024,1326119967,1366513509,1700051729]},{"billed_charge":60.00,"npi":[1174734024,1326119967,1366513509,1700051729]},{"billed_charge":84.00,"npi":[1174734024,1326119967,1366513509,1700051729]},{"billed_charge":129.00,"npi":[1528138088,1841610136]},{"billed_charge":193.00,"npi":[1528138088,1841610136]},{"billed_charge":263.00,"npi":[1326119967,1700051729]},{"billed_charge":314.00,"npi":[1528138088,1841610136]},{"billed_charge":507.00,"npi":[1174734024,1366513509]}]},{"allowed_amount":0.00,"billing_code_modifier":[""],"providers":[{"billed_charge":20.00,"npi":[1174734024,1366513509]},{"billed_charge":30.00,"npi":[1174734024,1326119967,1366513509,1700051729]},{"billed_charge":50.00,"npi":[1174734024,1326119967,1366513509,1700051729]},{"billed_charge":60.00,"npi":[1174734024,1326119967,1366513509,1700051729]},{"billed_charge":84.00,"npi":[1174734024,1326119967,1366513509,1700051729]},{"billed_charge":129.00,"npi":[1528138088,1841610136]},{"billed_charge":193.00,"npi":[1528138088,1841610136]},{"billed_charge":263.00,"npi":[1326119967,1700051729]},{"billed_charge":314.00,"npi":[1528138088,1841610136]},{"billed_charge":507.00,"npi":[1174734024,1366513509]}]},{"allowed_amount":0.00,"billing_code_modifier":[""],"providers":[{"billed_charge":20.00,"npi":[1174734024,1366513509]},{"billed_charge":30.00,"npi":[1174734024,1326119967,1366513509,1700051729]},{"billed_charge":50.00,"npi":[1174734024,1326119967,1366513509,1700051729]},{"billed_charge":60.00,"npi":[1174734024,1326119967,1366513509,1700051729]},{"billed_charge":84.00,"npi":[1174734024,1326119967,1366513509,1700051729]},{"billed_charge":129.00,"npi":[1528138088,1841610136]},{"billed_charge":193.00,"npi":[1528138088,1841610136]},{"billed_charge":263.00,"npi":[1326119967,1700051729]},{"billed_charge":314.00,"npi":[1528138088,1841610136]},{"billed_charge":507.00,"npi":[1174734024,1366513509]}]},{"allowed_amount":0.00,"billing_code_modifier":[""],"providers":[{"billed_charge":20.00,"npi":[1174734024,1366513509]},{"billed_charge":30.00,"npi":[1174734024,1326119967,1366513509,1700051729]},{"billed_charge":50.00,"npi":[1174734024,1326119967,1366513509,1700051729]},{"billed_charge":60.00,"npi":[1174734024,1326119967,1366513509,1700051729]},{"billed_charge":84.00,"npi":[1174734024,1326119967,1366513509,1700051729]},{"billed_charge":129.00,"npi":[1528138088,1841610136]},{"billed_charge":193.00,"npi":[1528138088,1841610136]},{"billed_charge":263.00,"npi":[1326119967,1700051729]},{"billed_charge":314.00,"npi":[1528138088,1841610136]},{"billed_charge":507.00,"npi":[1174734024,1366513509]}]},{"allowed_amount":0.00,"billing_code_modifier":[""],"providers":[{"billed_charge":20.00,"npi":[1174734024,1366513509]},{"billed_charge":30.00,"npi":[1174734024,1326119967,1366513509,1700051729]},{"billed_charge":50.00,"npi":[1174734024,1326119967,1366513509,1700051729]},{"billed_charge":60.00,"npi":[1174734024,1326119967,1366513509,1700051729]},{"billed_charge":84.00,"npi":[1174734024,1326119967,1366513509,1700051729]},{"billed_charge":129.00,"npi":[1528138088,1841610136]},{"billed_charge":193.00,"npi":[1528138088,1841610136]},{"billed_charge":263.00,"npi":[1326119967,1700051729]},{"billed_charge":314.00,"npi":[1528138088,1841610136]},{"billed_charge":507.00,"npi":[1174734024,1366513509]}]},{"allowed_amount":0.00,"billing_code_modifier":[""],"providers":[{"billed_charge":20.00,"npi":[1174734024,1366513509]},{"billed_charge":30.00,"npi":[1174734024,1326119967,1366513509,1700051729]},{"billed_charge":50.00,"npi":[1174734024,1326119967,1366513509,1700051729]},{"billed_charge":60.00,"npi":[1174734024,1326119967,1366513509,1700051729]},{"billed_charge":84.00,"npi":[1174734024,1326119967,1366513509,1700051729]},{"billed_charge":129.00,"npi":[1528138088,1841610136]},{"billed_charge":193.00,"npi":[1528138088,1841610136]},{"billed_charge":263.00,"npi":[1326119967,1700051729]},{"billed_charge":314.00,"npi":[1528138088,1841610136]},{"billed_charge":507.00,"npi":[1174734024,1366513509]}]},{"allowed_amount":0.00,"billing_code_modifier":[""],"providers":[{"billed_charge":20.00,"npi":[1174734024,1366513509]},{"billed_charge":30.00,"npi":[1174734024,1326119967,1366513509,1700051729]},{"billed_charge":50.00,"npi":[1174734024,1326119967,1366513509,1700051729]},{"billed_charge":60.00,"npi":[1174734024,1326119967,1366513509,1700051729]},{"billed_charge":84.00,"npi":[1174734024,1326119967,1366513509,1700051729]},{"billed_charge":129.00,"npi":[1528138088,1841610136]},{"billed_charge":193.00,"npi":[1528138088,1841610136]},{"billed_charge":263.00,"npi":[1326119967,1700051729]},{"billed_charge":314.00,"npi":[1528138088,1841610136]},{"billed_charge":507.00,"npi":[1174734024,1366513509]}]},{"allowed_amount":0.00,"billing_code_modifier":[""],"providers":[{"billed_charge":20.00,"npi":[1174734024,1366513509]},{"billed_charge":30.00,"npi":[1174734024,1326119967,1366513509,1700051729]},{"billed_charge":50.00,"npi":[1174734024,1326119967,1366513509,1700051729]},{"billed_charge":60.00,"npi":[1174734024,1326119967,1366513509,1700051729]},{"billed_charge":84.00,"npi":[1174734024,1326119967,1366513509,1700051729]},{"billed_charge":129.00,"npi":[1528138088,1841610136]},{"billed_charge":193.00,"npi":[1528138088,1841610136]},{"billed_charge":263.00,"npi":[1326119967,1700051729]},{"billed_charge":314.00,"npi":[1528138088,1841610136]},{"billed_charge":507.00,"npi":[1174734024,1366513509]}]},{"allowed_amount":0.00,"billing_code_modifier":[""],"providers":[{"billed_charge":20.00,"npi":[1174734024,1366513509]},{"billed_charge":30.00,"npi":[1174734024,1326119967,1366513509,1700051729]},{"billed_charge":50.00,"npi":[1174734024,1326119967,1366513509,1700051729]},{"billed_charge":60.00,"npi":[1174734024,1326119967,1366513509,1700051729]},{"billed_charge":84.00,"npi":[1174734024,1326119967,1366513509,1700051729]},{"billed_charge":129.00,"npi":[1528138088,1841610136]},{"billed_charge":193.00,"npi":[1528138088,1841610136]},{"billed_charge":263.00,"npi":[1326119967,1700051729]},{"billed_charge":314.00,"npi":[1528138088,1841610136]},{"billed_charge":507.00,"npi":[1174734024,1366513509]}]}]},{"tin":{"type":"ein","value":"941105628"},"service_code":["23"],"billing_class":"institutional","payments":[{"allowed_amount":0.00,"billing_code_modifier":[""],"providers":[{"billed_charge":20.00,"npi":[1174734024,1366513509]},{"billed_charge":30.00,"npi":[1174734024,1326119967,1366513509,1700051729]},{"billed_charge":50.00,"npi":[1174734024,1326119967,1366513509,1700051729]},{"billed_charge":60.00,"npi":[1174734024,1326119967,1366513509,1700051729]},{"billed_charge":84.00,"npi":[1174734024,1326119967,1366513509,1700051729]},{"billed_charge":129.00,"npi":[1528138088,1841610136]},{"billed_charge":193.00,"npi":[1528138088,1841610136]},{"billed_charge":263.00,"npi":[1326119967,1700051729]},{"billed_charge":314.00,"npi":[1528138088,1841610136]},{"billed_charge":507.00,"npi":[1174734024,1366513509]}]},{"allowed_amount":0.00,"billing_code_modifier":[""],"providers":[{"billed_charge":20.00,"npi":[1174734024,1366513509]},{"billed_charge":30.00,"npi":[1174734024,1326119967,1366513509,1700051729]},{"billed_charge":50.00,"npi":[1174734024,1326119967,1366513509,1700051729]},{"billed_charge":60.00,"npi":[1174734024,1326119967,1366513509,1700051729]},{"billed_charge":84.00,"npi":[1174734024,1326119967,1366513509,1700051729]},{"billed_charge":129.00,"npi":[1528138088,1841610136]},{"billed_charge":193.00,"npi":[1528138088,1841610136]},{"billed_charge":263.00,"npi":[1326119967,1700051729]},{"billed_charge":314.00,"npi":[1528138088,1841610136]},{"billed_charge":507.00,"npi":[1174734024,1366513509]}]},{"allowed_amount":0.00,"billing_code_modifier":[""],"providers":[{"billed_charge":20.00,"npi":[1174734024,1366513509]},{"billed_charge":30.00,"npi":[1174734024,1326119967,1366513509,1700051729]},{"billed_charge":50.00,"npi":[1174734024,1326119967,1366513509,1700051729]},{"billed_charge":60.00,"npi":[1174734024,1326119967,1366513509,1700051729]},{"billed_charge":84.00,"npi":[1174734024,1326119967,1366513509,1700051729]},{"billed_charge":129.00,"npi":[1528138088,1841610136]},{"billed_charge":193.00,"npi":[1528138088,1841610136]},{"billed_charge":263.00,"npi":[1326119967,1700051729]},{"billed_charge":314.00,"npi":[1528138088,1841610136]},{"billed_charge":507.00,"npi":[1174734024,1366513509]}]},{"allowed_amount":0.00,"billing_code_modifier":[""],"providers":[{"billed_charge":20.00,"npi":[1174734024,1366513509]},{"billed_charge":30.00,"npi":[1174734024,1326119967,1366513509,1700051729]},{"billed_charge":50.00,"npi":[1174734024,1326119967,1366513509,1700051729]},{"billed_charge":60.00,"npi":[1174734024,1326119967,1366513509,1700051729]},{"billed_charge":84.00,"npi":[1174734024,1326119967,1366513509,1700051729]},{"billed_charge":129.00,"npi":[1528138088,1841610136]},{"billed_charge":193.00,"npi":[1528138088,1841610136]},{"billed_charge":263.00,"npi":[1326119967,1700051729]},{"billed_charge":314.00,"npi":[1528138088,1841610136]},{"billed_charge":507.00,"npi":[1174734024,1366513509]}]},{"allowed_amount":0.00,"billing_code_modifier":[""],"providers":[{"billed_charge":20.00,"npi":[1174734024,1366513509]},{"billed_charge":30.00,"npi":[1174734024,1326119967,1366513509,1700051729]},{"billed_charge":50.00,"npi":[1174734024,1326119967,1366513509,1700051729]},{"billed_charge":60.00,"npi":[1174734024,1326119967,1366513509,1700051729]},{"billed_charge":84.00,"npi":[1174734024,1326119967,1366513509,1700051729]},{"billed_charge":129.00,"npi":[1528138088,1841610136]},{"billed_charge":193.00,"npi":[1528138088,1841610136]},{"billed_charge":263.00,"npi":[1326119967,1700051729]},{"billed_charge":314.00,"npi":[1528138088,1841610136]},{"billed_charge":507.00,"npi":[1174734024,1366513509]}]},{"allowed_amount":0.00,"billing_code_modifier":[""],"providers":[{"billed_charge":20.00,"npi":[1174734024,1366513509]},{"billed_charge":30.00,"npi":[1174734024,1326119967,1366513509,1700051729]},{"billed_charge":50.00,"npi":[1174734024,1326119967,1366513509,1700051729]},{"billed_charge":60.00,"npi":[1174734024,1326119967,1366513509,1700051729]},{"billed_charge":84.00,"npi":[1174734024,1326119967,1366513509,1700051729]},{"billed_charge":129.00,"npi":[1528138088,1841610136]},{"billed_charge":193.00,"npi":[1528138088,1841610136]},{"billed_charge":263.00,"npi":[1326119967,1700051729]},{"billed_charge":314.00,"npi":[1528138088,1841610136]},{"billed_charge":507.00,"npi":[1174734024,1366513509]}]},{"allowed_amount":0.00,"billing_code_modifier":[""],"providers":[{"billed_charge":20.00,"npi":[1174734024,1366513509]},{"billed_charge":30.00,"npi":[1174734024,1326119967,1366513509,1700051729]},{"billed_charge":50.00,"npi":[1174734024,1326119967,1366513509,1700051729]},{"billed_charge":60.00,"npi":[1174734024,1326119967,1366513509,1700051729]},{"billed_charge":84.00,"npi":[1174734024,1326119967,1366513509,1700051729]},{"billed_charge":129.00,"npi":[1528138088,1841610136]},{"billed_charge":193.00,"npi":[1528138088,1841610136]},{"billed_charge":263.00,"npi":[1326119967,1700051729]},{"billed_charge":314.00,"npi":[1528138088,1841610136]},{"billed_charge":507.00,"npi":[1174734024,1366513509]}]},{"allowed_amount":0.00,"billing_code_modifier":[""],"providers":[{"billed_charge":20.00,"npi":[1174734024,1366513509]},{"billed_charge":30.00,"npi":[1174734024,1326119967,1366513509,1700051729]},{"billed_charge":50.00,"npi":[1174734024,1326119967,1366513509,1700051729]},{"billed_charge":60.00,"npi":[1174734024,1326119967,1366513509,1700051729]},{"billed_charge":84.00,"npi":[1174734024,1326119967,1366513509,1700051729]},{"billed_charge":129.00,"npi":[1528138088,1841610136]},{"billed_charge":193.00,"npi":[1528138088,1841610136]},{"billed_charge":263.00,"npi":[1326119967,1700051729]},{"billed_charge":314.00,"npi":[1528138088,1841610136]},{"billed_charge":507.00,"npi":[1174734024,1366513509]}]},{"allowed_amount":0.00,"billing_code_modifier":[""],"providers":[{"billed_charge":20.00,"npi":[1174734024,1366513509]},{"billed_charge":30.00,"npi":[1174734024,1326119967,1366513509,1700051729]},{"billed_charge":50.00,"npi":[1174734024,1326119967,1366513509,1700051729]},{"billed_charge":60.00,"npi":[1174734024,1326119967,1366513509,1700051729]},{"billed_charge":84.00,"npi":[1174734024,1326119967,1366513509,1700051729]},{"billed_charge":129.00,"npi":[1528138088,1841610136]},{"billed_charge":193.00,"npi":[1528138088,1841610136]},{"billed_charge":263.00,"npi":[1326119967,1700051729]},{"billed_charge":314.00,"npi":[1528138088,1841610136]},{"billed_charge":507.00,"npi":[1174734024,1366513509]}]},{"allowed_amount":0.00,"billing_code_modifier":[""],"providers":[{"billed_charge":20.00,"npi":[1174734024,1366513509]},{"billed_charge":30.00,"npi":[1174734024,1326119967,1366513509,1700051729]},{"billed_charge":50.00,"npi":[1174734024,1326119967,1366513509,1700051729]},{"billed_charge":60.00,"npi":[1174734024,1326119967,1366513509,1700051729]},{"billed_charge":84.00,"npi":[1174734024,1326119967,1366513509,1700051729]},{"billed_charge":129.00,"npi":[1528138088,1841610136]},{"billed_charge":193.00,"npi":[1528138088,1841610136]},{"billed_charge":263.00,"npi":[1326119967,1700051729]},{"billed_charge":314.00,"npi":[1528138088,1841610136]},{"billed_charge":507.00,"npi":[1174734024,1366513509]}]}]},{"tin":{"type":"ein","value":"941105628"},"service_code":["23"],"billing_class":"institutional","payments":[{"allowed_amount":0.00,"billing_code_modifier":[""],"providers":[{"billed_charge":20.00,"npi":[1174734024,1366513509]},{"billed_charge":30.00,"npi":[1174734024,1326119967,1366513509,1700051729]},{"billed_charge":50.00,"npi":[1174734024,1326119967,1366513509,1700051729]},{"billed_charge":60.00,"npi":[1174734024,1326119967,1366513509,1700051729]},{"billed_charge":84.00,"npi":[1174734024,1326119967,1366513509,1700051729]},{"billed_charge":129.00,"npi":[1528138088,1841610136]},{"billed_charge":193.00,"npi":[1528138088,1841610136]},{"billed_charge":263.00,"npi":[1326119967,1700051729]},{"billed_charge":314.00,"npi":[1528138088,1841610136]},{"billed_charge":507.00,"npi":[1174734024,1366513509]}]},{"allowed_amount":0.00,"billing_code_modifier":[""],"providers":[{"billed_charge":20.00,"npi":[1174734024,1366513509]},{"billed_charge":30.00,"npi":[1174734024,1326119967,1366513509,1700051729]},{"billed_charge":50.00,"npi":[1174734024,1326119967,1366513509,1700051729]},{"billed_charge":60.00,"npi":[1174734024,1326119967,1366513509,1700051729]},{"billed_charge":84.00,"npi":[1174734024,1326119967,1366513509,1700051729]},{"billed_charge":129.00,"npi":[1528138088,1841610136]},{"billed_charge":193.00,"npi":[1528138088,1841610136]},{"billed_charge":263.00,"npi":[1326119967,1700051729]},{"billed_charge":314.00,"npi":[1528138088,1841610136]},{"billed_charge":507.00,"npi":[1174734024,1366513509]}]},{"allowed_amount":0.00,"billing_code_modifier":[""],"providers":[{"billed_charge":20.00,"npi":[1174734024,1366513509]},{"billed_charge":30.00,"npi":[1174734024,1326119967,1366513509,1700051729]},{"billed_charge":50.00,"npi":[1174734024,1326119967,1366513509,1700051729]},{"billed_charge":60.00,"npi":[1174734024,1326119967,1366513509,1700051729]},{"billed_charge":84.00,"npi":[1174734024,1326119967,1366513509,1700051729]},{"billed_charge":129.00,"npi":[1528138088,1841610136]},{"billed_charge":193.00,"npi":[1528138088,1841610136]},{"billed_charge":263.00,"npi":[1326119967,1700051729]},{"billed_charge":314.00,"npi":[1528138088,1841610136]},{"billed_charge":507.00,"npi":[1174734024,1366513509]}]},{"allowed_amount":0.00,"billing_code_modifier":[""],"providers":[{"billed_charge":20.00,"npi":[1174734024,1366513509]},{"billed_charge":30.00,"npi":[1174734024,1326119967,1366513509,1700051729]},{"billed_charge":50.00,"npi":[1174734024,1326119967,1366513509,1700051729]},{"billed_charge":60.00,"npi":[1174734024,1326119967,1366513509,1700051729]},{"billed_charge":84.00,"npi":[1174734024,1326119967,1366513509,1700051729]},{"billed_charge":129.00,"npi":[1528138088,1841610136]},{"billed_charge":193.00,"npi":[1528138088,1841610136]},{"billed_charge":263.00,"npi":[1326119967,1700051729]},{"billed_charge":314.00,"npi":[1528138088,1841610136]},{"billed_charge":507.00,"npi":[1174734024,1366513509]}]},{"allowed_amount":0.00,"billing_code_modifier":[""],"providers":[{"billed_charge":20.00,"npi":[1174734024,1366513509]},{"billed_charge":30.00,"npi":[1174734024,1326119967,1366513509,1700051729]},{"billed_charge":50.00,"npi":[1174734024,1326119967,1366513509,1700051729]},{"billed_charge":60.00,"npi":[1174734024,1326119967,1366513509,1700051729]},{"billed_charge":84.00,"npi":[1174734024,1326119967,1366513509,1700051729]},{"billed_charge":129.00,"npi":[1528138088,1841610136]},{"billed_charge":193.00,"npi":[1528138088,1841610136]},{"billed_charge":263.00,"npi":[1326119967,1700051729]},{"billed_charge":314.00,"npi":[1528138088,1841610136]},{"billed_charge":507.00,"npi":[1174734024,1366513509]}]},{"allowed_amount":0.00,"billing_code_modifier":[""],"providers":[{"billed_charge":20.00,"npi":[1174734024,1366513509]},{"billed_charge":30.00,"npi":[1174734024,1326119967,1366513509,1700051729]},{"billed_charge":50.00,"npi":[1174734024,1326119967,1366513509,1700051729]},{"billed_charge":60.00,"npi":[1174734024,1326119967,1366513509,1700051729]},{"billed_charge":84.00,"npi":[1174734024,1326119967,1366513509,1700051729]},{"billed_charge":129.00,"npi":[1528138088,1841610136]},{"billed_charge":193.00,"npi":[1528138088,1841610136]},{"billed_charge":263.00,"npi":[1326119967,1700051729]},{"billed_charge":314.00,"npi":[1528138088,1841610136]},{"billed_charge":507.00,"npi":[1174734024,1366513509]}]},{"allowed_amount":0.00,"billing_code_modifier":[""],"providers":[{"billed_charge":20.00,"npi":[1174734024,1366513509]},{"billed_charge":30.00,"npi":[1174734024,1326119967,1366513509,1700051729]},{"billed_charge":50.00,"npi":[1174734024,1326119967,1366513509,1700051729]},{"billed_charge":60.00,"npi":[1174734024,1326119967,1366513509,1700051729]},{"billed_charge":84.00,"npi":[1174734024,1326119967,1366513509,1700051729]},{"billed_charge":129.00,"npi":[1528138088,1841610136]},{"billed_charge":193.00,"npi":[1528138088,1841610136]},{"billed_charge":263.00,"npi":[1326119967,1700051729]},{"billed_charge":314.00,"npi":[1528138088,1841610136]},{"billed_charge":507.00,"npi":[1174734024,1366513509]}]},{"allowed_amount":0.00,"billing_code_modifier":[""],"providers":[{"billed_charge":20.00,"npi":[1174734024,1366513509]},{"billed_charge":30.00,"npi":[1174734024,1326119967,1366513509,1700051729]},{"billed_charge":50.00,"npi":[1174734024,1326119967,1366513509,1700051729]},{"billed_charge":60.00,"npi":[1174734024,1326119967,1366513509,1700051729]},{"billed_charge":84.00,"npi":[1174734024,1326119967,1366513509,1700051729]},{"billed_charge":129.00,"npi":[1528138088,1841610136]},{"billed_charge":193.00,"npi":[1528138088,1841610136]},{"billed_charge":263.00,"npi":[1326119967,1700051729]},{"billed_charge":314.00,"npi":[1528138088,1841610136]},{"billed_charge":507.00,"npi":[1174734024,1366513509]}]},{"allowed_amount":0.00,"billing_code_modifier":[""],"providers":[{"billed_charge":20.00,"npi":[1174734024,1366513509]},{"billed_charge":30.00,"npi":[1174734024,1326119967,1366513509,1700051729]},{"billed_charge":50.00,"npi":[1174734024,1326119967,1366513509,1700051729]},{"billed_charge":60.00,"npi":[1174734024,1326119967,1366513509,1700051729]},{"billed_charge":84.00,"npi":[1174734024,1326119967,1366513509,1700051729]},{"billed_charge":129.00,"npi":[1528138088,1841610136]},{"billed_charge":193.00,"npi":[1528138088,1841610136]},{"billed_charge":263.00,"npi":[1326119967,1700051729]},{"billed_charge":314.00,"npi":[1528138088,1841610136]},{"billed_charge":507.00,"npi":[1174734024,1366513509]}]},{"allowed_amount":0.00,"billing_code_modifier":[""],"providers":[{"billed_charge":20.00,"npi":[1174734024,1366513509]},{"billed_charge":30.00,"npi":[1174734024,1326119967,1366513509,1700051729]},{"billed_charge":50.00,"npi":[1174734024,1326119967,1366513509,1700051729]},{"billed_charge":60.00,"npi":[1174734024,1326119967,1366513509,1700051729]},{"billed_charge":84.00,"npi":[1174734024,1326119967,1366513509,1700051729]},{"billed_charge":129.00,"npi":[1528138088,1841610136]},{"billed_charge":193.00,"npi":[1528138088,1841610136]},{"billed_charge":263.00,"npi":[1326119967,1700051729]},{"billed_charge":314.00,"npi":[1528138088,1841610136]},{"billed_charge":507.00,"npi":[1174734024,1366513509]}]}]},{"tin":{"type":"ein","value":"941105628"},"service_code":["23"],"billing_class":"institutional","payments":[{"allowed_amount":0.00,"billing_code_modifier":[""],"providers":[{"billed_charge":20.00,"npi":[1174734024,1366513509]},{"billed_charge":30.00,"npi":[1174734024,1326119967,1366513509,1700051729]},{"billed_charge":50.00,"npi":[1174734024,1326119967,1366513509,1700051729]},{"billed_charge":60.00,"npi":[1174734024,1326119967,1366513509,1700051729]},{"billed_charge":84.00,"npi":[1174734024,1326119967,1366513509,1700051729]},{"billed_charge":129.00,"npi":[1528138088,1841610136]},{"billed_charge":193.00,"npi":[1528138088,1841610136]},{"billed_charge":263.00,"npi":[1326119967,1700051729]},{"billed_charge":314.00,"npi":[1528138088,1841610136]},{"billed_charge":507.00,"npi":[1174734024,1366513509]}]},{"allowed_amount":0.00,"billing_code_modifier":[""],"providers":[{"billed_charge":20.00,"npi":[1174734024,1366513509]},{"billed_charge":30.00,"npi":[1174734024,1326119967,1366513509,1700051729]},{"billed_charge":50.00,"npi":[1174734024,1326119967,1366513509,1700051729]},{"billed_charge":60.00,"npi":[1174734024,1326119967,1366513509,1700051729]},{"billed_charge":84.00,"npi":[1174734024,1326119967,1366513509,1700051729]},{"billed_charge":129.00,"npi":[1528138088,1841610136]},{"billed_charge":193.00,"npi":[1528138088,1841610136]},{"billed_charge":263.00,"npi":[1326119967,1700051729]},{"billed_charge":314.00,"npi":[1528138088,1841610136]},{"billed_charge":507.00,"npi":[1174734024,1366513509]}]},{"allowed_amount":0.00,"billing_code_modifier":[""],"providers":[{"billed_charge":20.00,"npi":[1174734024,1366513509]},{"billed_charge":30.00,"npi":[1174734024,1326119967,1366513509,1700051729]},{"billed_charge":50.00,"npi":[1174734024,1326119967,1366513509,1700051729]},{"billed_charge":60.00,"npi":[1174734024,1326119967,1366513509,1700051729]},{"billed_charge":84.00,"npi":[1174734024,1326119967,1366513509,1700051729]},{"billed_charge":129.00,"npi":[1528138088,1841610136]},{"billed_charge":193.00,"npi":[1528138088,1841610136]},{"billed_charge":263.00,"npi":[1326119967,1700051729]},{"billed_charge":314.00,"npi":[1528138088,1841610136]},{"billed_charge":507.00,"npi":[1174734024,1366513509]}]},{"allowed_amount":0.00,"billing_code_modifier":[""],"providers":[{"billed_charge":20.00,"npi":[1174734024,1366513509]},{"billed_charge":30.00,"npi":[1174734024,1326119967,1366513509,1700051729]},{"billed_charge":50.00,"npi":[1174734024,1326119967,1366513509,1700051729]},{"billed_charge":60.00,"npi":[1174734024,1326119967,1366513509,1700051729]},{"billed_charge":84.00,"npi":[1174734024,1326119967,1366513509,1700051729]},{"billed_charge":129.00,"npi":[1528138088,1841610136]},{"billed_charge":193.00,"npi":[1528138088,1841610136]},{"billed_charge":263.00,"npi":[1326119967,1700051729]},{"billed_charge":314.00,"npi":[1528138088,1841610136]},{"billed_charge":507.00,"npi":[1174734024,1366513509]}]},{"allowed_amount":0.00,"billing_code_modifier":[""],"providers":[{"billed_charge":20.00,"npi":[1174734024,1366513509]},{"billed_charge":30.00,"npi":[1174734024,1326119967,1366513509,1700051729]},{"billed_charge":50.00,"npi":[1174734024,1326119967,1366513509,1700051729]},{"billed_charge":60.00,"npi":[1174734024,1326119967,1366513509,1700051729]},{"billed_charge":84.00,"npi":[1174734024,1326119967,1366513509,1700051729]},{"billed_charge":129.00,"npi":[1528138088,1841610136]},{"billed_charge":193.00,"npi":[1528138088,1841610136]},{"billed_charge":263.00,"npi":[1326119967,1700051729]},{"billed_charge":314.00,"npi":[1528138088,1841610136]},{"billed_charge":507.00,"npi":[1174734024,1366513509]}]},{"allowed_amount":0.00,"billing_code_modifier":[""],"providers":[{"billed_charge":20.00,"npi":[1174734024,1366513509]},{"billed_charge":30.00,"npi":[1174734024,1326119967,1366513509,1700051729]},{"billed_charge":50.00,"npi":[1174734024,1326119967,1366513509,1700051729]},{"billed_charge":60.00,"npi":[1174734024,1326119967,1366513509,1700051729]},{"billed_charge":84.00,"npi":[1174734024,1326119967,1366513509,1700051729]},{"billed_charge":129.00,"npi":[1528138088,1841610136]},{"billed_charge":193.00,"npi":[1528138088,1841610136]},{"billed_charge":263.00,"npi":[1326119967,1700051729]},{"billed_charge":314.00,"npi":[1528138088,1841610136]},{"billed_charge":507.00,"npi":[1174734024,1366513509]}]},{"allowed_amount":0.00,"billing_code_modifier":[""],"providers":[{"billed_charge":20.00,"npi":[1174734024,1366513509]},{"billed_charge":30.00,"npi":[1174734024,1326119967,1366513509,1700051729]},{"billed_charge":50.00,"npi":[1174734024,1326119967,1366513509,1700051729]},{"billed_charge":60.00,"npi":[1174734024,1326119967,1366513509,1700051729]},{"billed_charge":84.00,"npi":[1174734024,1326119967,1366513509,1700051729]},{"billed_charge":129.00,"npi":[1528138088,1841610136]},{"billed_charge":193.00,"npi":[1528138088,1841610136]},{"billed_charge":263.00,"npi":[1326119967,1700051729]},{"billed_charge":314.00,"npi":[1528138088,1841610136]},{"billed_charge":507.00,"npi":[1174734024,1366513509]}]},{"allowed_amount":0.00,"billing_code_modifier":[""],"providers":[{"billed_charge":20.00,"npi":[1174734024,1366513509]},{"billed_charge":30.00,"npi":[1174734024,1326119967,1366513509,1700051729]},{"billed_charge":50.00,"npi":[1174734024,1326119967,1366513509,1700051729]},{"billed_charge":60.00,"npi":[1174734024,1326119967,1366513509,1700051729]},{"billed_charge":84.00,"npi":[1174734024,1326119967,1366513509,1700051729]},{"billed_charge":129.00,"npi":[1528138088,1841610136]},{"billed_charge":193.00,"npi":[1528138088,1841610136]},{"billed_charge":263.00,"npi":[1326119967,1700051729]},{"billed_charge":314.00,"npi":[1528138088,1841610136]},{"billed_charge":507.00,"npi":[1174734024,1366513509]}]},{"allowed_amount":0.00,"billing_code_modifier":[""],"providers":[{"billed_charge":20.00,"npi":[1174734024,1366513509]},{"billed_charge":30.00,"npi":[1174734024,1326119967,1366513509,1700051729]},{"billed_charge":50.00,"npi":[1174734024,1326119967,1366513509,1700051729]},{"billed_charge":60.00,"npi":[1174734024,1326119967,1366513509,1700051729]},{"billed_charge":84.00,"npi":[1174734024,1326119967,1366513509,1700051729]},{"billed_charge":129.00,"npi":[1528138088,1841610136]},{"billed_charge":193.00,"npi":[1528138088,1841610136]},{"billed_charge":263.00,"npi":[1326119967,1700051729]},{"billed_charge":314.00,"npi":[1528138088,1841610136]},{"billed_charge":507.00,"npi":[1174734024,1366513509]}]},{"allowed_amount":0.00,"billing_code_modifier":[""],"providers":[{"billed_charge":20.00,"npi":[1174734024,1366513509]},{"billed_charge":30.00,"npi":[1174734024,1326119967,1366513509,1700051729]},{"billed_charge":50.00,"npi":[1174734024,1326119967,1366513509,1700051729]},{"billed_charge":60.00,"npi":[1174734024,1326119967,1366513509,1700051729]},{"billed_charge":84.00,"npi":[1174734024,1326119967,1366513509,1700051729]},{"billed_charge":129.00,"npi":[1528138088,1841610136]},{"billed_charge":193.00,"npi":[1528138088,1841610136]},{"billed_charge":263.00,"npi":[1326119967,1700051729]},{"billed_charge":314.00,"npi":[1528138088,1841610136]},{"billed_charge":507.00,"npi":[1174734024,1366513509]}]}]},{"tin":{"type":"ein","value":"941105628"},"service_code":["23"],"billing_class":"institutional","payments":[{"allowed_amount":0.00,"billing_code_modifier":[""],"providers":[{"billed_charge":20.00,"npi":[1174734024,1366513509]},{"billed_charge":30.00,"npi":[1174734024,1326119967,1366513509,1700051729]},{"billed_charge":50.00,"npi":[1174734024,1326119967,1366513509,1700051729]},{"billed_charge":60.00,"npi":[1174734024,1326119967,1366513509,1700051729]},{"billed_charge":84.00,"npi":[1174734024,1326119967,1366513509,1700051729]},{"billed_charge":129.00,"npi":[1528138088,1841610136]},{"billed_charge":193.00,"npi":[1528138088,1841610136]},{"billed_charge":263.00,"npi":[1326119967,1700051729]},{"billed_charge":314.00,"npi":[1528138088,1841610136]},{"billed_charge":507.00,"npi":[1174734024,1366513509]}]},{"allowed_amount":0.00,"billing_code_modifier":[""],"providers":[{"billed_charge":20.00,"npi":[1174734024,1366513509]},{"billed_charge":30.00,"npi":[1174734024,1326119967,1366513509,1700051729]},{"billed_charge":50.00,"npi":[1174734024,1326119967,1366513509,1700051729]},{"billed_charge":60.00,"npi":[1174734024,1326119967,1366513509,1700051729]},{"billed_charge":84.00,"npi":[1174734024,1326119967,1366513509,1700051729]},{"billed_charge":129.00,"npi":[1528138088,1841610136]},{"billed_charge":193.00,"npi":[1528138088,1841610136]},{"billed_charge":263.00,"npi":[1326119967,1700051729]},{"billed_charge":314.00,"npi":[1528138088,1841610136]},{"billed_charge":507.00,"npi":[1174734024,1366513509]}]},{"allowed_amount":0.00,"billing_code_modifier":[""],"providers":[{"billed_charge":20.00,"npi":[1174734024,1366513509]},{"billed_charge":30.00,"npi":[1174734024,1326119967,1366513509,1700051729]},{"billed_charge":50.00,"npi":[1174734024,1326119967,1366513509,1700051729]},{"billed_charge":60.00,"npi":[1174734024,1326119967,1366513509,1700051729]},{"billed_charge":84.00,"npi":[1174734024,1326119967,1366513509,1700051729]},{"billed_charge":129.00,"npi":[1528138088,1841610136]},{"billed_charge":193.00,"npi":[1528138088,1841610136]},{"billed_charge":263.00,"npi":[1326119967,1700051729]},{"billed_charge":314.00,"npi":[1528138088,1841610136]},{"billed_charge":507.00,"npi":[1174734024,1366513509]}]},{"allowed_amount":0.00,"billing_code_modifier":[""],"providers":[{"billed_charge":20.00,"npi":[1174734024,1366513509]},{"billed_charge":30.00,"npi":[1174734024,1326119967,1366513509,1700051729]},{"billed_charge":50.00,"npi":[1174734024,1326119967,1366513509,1700051729]},{"billed_charge":60.00,"npi":[1174734024,1326119967,1366513509,1700051729]},{"billed_charge":84.00,"npi":[1174734024,1326119967,1366513509,1700051729]},{"billed_charge":129.00,"npi":[1528138088,1841610136]},{"billed_charge":193.00,"npi":[1528138088,1841610136]},{"billed_charge":263.00,"npi":[1326119967,1700051729]},{"billed_charge":314.00,"npi":[1528138088,1841610136]},{"billed_charge":507.00,"npi":[1174734024,1366513509]}]},{"allowed_amount":0.00,"billing_code_modifier":[""],"providers":[{"billed_charge":20.00,"npi":[1174734024,1366513509]},{"billed_charge":30.00,"npi":[1174734024,1326119967,1366513509,1700051729]},{"billed_charge":50.00,"npi":[1174734024,1326119967,1366513509,1700051729]},{"billed_charge":60.00,"npi":[1174734024,1326119967,1366513509,1700051729]},{"billed_charge":84.00,"npi":[1174734024,1326119967,1366513509,1700051729]},{"billed_charge":129.00,"npi":[1528138088,1841610136]},{"billed_charge":193.00,"npi":[1528138088,1841610136]},{"billed_charge":263.00,"npi":[1326119967,1700051729]},{"billed_charge":314.00,"npi":[1528138088,1841610136]},{"billed_charge":507.00,"npi":[1174734024,1366513509]}]},{"allowed_amount":0.00,"billing_code_modifier":[""],"providers":[{"billed_charge":20.00,"npi":[1174734024,1366513509]},{"billed_charge":30.00,"npi":[1174734024,1326119967,1366513509,1700051729]},{"billed_charge":50.00,"npi":[1174734024,1326119967,1366513509,1700051729]},{"billed_charge":60.00,"npi":[1174734024,1326119967,1366513509,1700051729]},{"billed_charge":84.00,"npi":[1174734024,1326119967,1366513509,1700051729]},{"billed_charge":129.00,"npi":[1528138088,1841610136]},{"billed_charge":193.00,"npi":[1528138088,1841610136]},{"billed_charge":263.00,"npi":[1326119967,1700051729]},{"billed_charge":314.00,"npi":[1528138088,1841610136]},{"billed_charge":507.00,"npi":[1174734024,1366513509]}]},{"allowed_amount":0.00,"billing_code_modifier":[""],"providers":[{"billed_charge":20.00,"npi":[1174734024,1366513509]},{"billed_charge":30.00,"npi":[1174734024,1326119967,1366513509,1700051729]},{"billed_charge":50.00,"npi":[1174734024,1326119967,1366513509,1700051729]},{"billed_charge":60.00,"npi":[1174734024,1326119967,1366513509,1700051729]},{"billed_charge":84.00,"npi":[1174734024,1326119967,1366513509,1700051729]},{"billed_charge":129.00,"npi":[1528138088,1841610136]},{"billed_charge":193.00,"npi":[1528138088,1841610136]},{"billed_charge":263.00,"npi":[1326119967,1700051729]},{"billed_charge":314.00,"npi":[1528138088,1841610136]},{"billed_charge":507.00,"npi":[1174734024,1366513509]}]},{"allowed_amount":0.00,"billing_code_modifier":[""],"providers":[{"billed_charge":20.00,"npi":[1174734024,1366513509]},{"billed_charge":30.00,"npi":[1174734024,1326119967,1366513509,1700051729]},{"billed_charge":50.00,"npi":[1174734024,1326119967,1366513509,1700051729]},{"billed_charge":60.00,"npi":[1174734024,1326119967,1366513509,1700051729]},{"billed_charge":84.00,"npi":[1174734024,1326119967,1366513509,1700051729]},{"billed_charge":129.00,"npi":[1528138088,1841610136]},{"billed_charge":193.00,"npi":[1528138088,1841610136]},{"billed_charge":263.00,"npi":[1326119967,1700051729]},{"billed_charge":314.00,"npi":[1528138088,1841610136]},{"billed_charge":507.00,"npi":[1174734024,1366513509]}]},{"allowed_amount":0.00,"billing_code_modifier":[""],"providers":[{"billed_charge":20.00,"npi":[1174734024,1366513509]},{"billed_charge":30.00,"npi":[1174734024,1326119967,1366513509,1700051729]},{"billed_charge":50.00,"npi":[1174734024,1326119967,1366513509,1700051729]},{"billed_charge":60.00,"npi":[1174734024,1326119967,1366513509,1700051729]},{"billed_charge":84.00,"npi":[1174734024,1326119967,1366513509,1700051729]},{"billed_charge":129.00,"npi":[1528138088,1841610136]},{"billed_charge":193.00,"npi":[1528138088,1841610136]},{"billed_charge":263.00,"npi":[1326119967,1700051729]},{"billed_charge":314.00,"npi":[1528138088,1841610136]},{"billed_charge":507.00,"npi":[1174734024,1366513509]}]},{"allowed_amount":0.00,"billing_code_modifier":[""],"providers":[{"billed_charge":20.00,"npi":[1174734024,1366513509]},{"billed_charge":30.00,"npi":[1174734024,1326119967,1366513509,1700051729]},{"billed_charge":50.00,"npi":[1174734024,1326119967,1366513509,1700051729]},{"billed_charge":60.00,"npi":[1174734024,1326119967,1366513509,1700051729]},{"billed_charge":84.00,"npi":[1174734024,1326119967,1366513509,1700051729]},{"billed_charge":129.00,"npi":[1528138088,1841610136]},{"billed_charge":193.00,"npi":[1528138088,1841610136]},{"billed_charge":263.00,"npi":[1326119967,1700051729]},{"billed_charge":314.00,"npi":[1528138088,1841610136]},{"billed_charge":507.00,"npi":[1174734024,1366513509]}]}]}]},{"name":"SPEC CLCT FOR SARS-COV-2 COVID-19 ANY SPEC SRC","billing_code_type":"HCPCS","billing_code_type_version":"HCPCS LEVEL II 2021","billing_code":"G2023","description":"SPEC CLCT FOR SARS-COV-2 COVID-19 ANY SPEC SRC","allowed_amounts":[{"tin":{"type":"ein","value":"474777175"},"service_code":["81"],"billing_class":"professional","payments":[{"allowed_amount":0.00,"billing_code_modifier":[""],"providers":[{"billed_charge":150.00,"npi":[1205410933,1508881574]}]}]},{"tin":{"type":"ein","value":"475375456"},"service_code":["81"],"billing_class":"professional","payments":[{"allowed_amount":0.00,"billing_code_modifier":[""],"providers":[{"billed_charge":25.00,"npi":[1265437925,1598138562]}]}]},{"tin":{"type":"ein","value":"475502891"},"service_code":["81"],"billing_class":"professional","payments":[{"allowed_amount":0.00,"billing_code_modifier":[""],"providers":[{"billed_charge":50.00,"npi":[1851992127,1902840283]}]}]},{"tin":{"type":"ein","value":"510586004"},"service_code":["03"],"billing_class":"professional","payments":[{"allowed_amount":0.00,"billing_code_modifier":[""],"providers":[{"billed_charge":30.00,"npi":[1467643544,1912008087]}]}]},{"tin":{"type":"ein","value":"812681107"},"service_code":["81"],"billing_class":"professional","payments":[{"allowed_amount":0.00,"billing_code_modifier":[""],"providers":[{"billed_charge":58.60,"npi":[1386863199,1760930697]}]}]},{"tin":{"type":"ein","value":"820973231"},"service_code":["81"],"billing_class":"professional","payments":[{"allowed_amount":0.00,"billing_code_modifier":[""],"providers":[{"billed_charge":65.00,"npi":[1174674352,1205362522,1700958667]}]}]},{"tin":{"type":"ein","value":"821646358"},"service_code":["81"],"billing_class":"professional","payments":[{"allowed_amount":0.00,"billing_code_modifier":[""],"providers":[{"billed_charge":70.38,"npi":[1346769593,1801841358]}]}]},{"tin":{"type":"ein","value":"823438908"},"service_code":["11"],"billing_class":"professional","payments":[{"allowed_amount":0.00,"billing_code_modifier":[""],"providers":[{"billed_charge":70.38,"npi":[1114431087,1881089910]}]}]},{"tin":{"type":"ein","value":"842515383"},"service_code":["81"],"billing_class":"professional","payments":[{"allowed_amount":0.00,"billing_code_modifier":[""],"providers":[{"billed_charge":76.00,"npi":[1770137754]}]}]},{"tin":{"type":"ein","value":"845176341"},"service_code":["81"],"billing_class":"professional","payments":[{"allowed_amount":0.00,"billing_code_modifier":[""],"providers":[{"billed_charge":46.92,"npi":[1083237374]}]}]},{"tin":{"type":"ein","value":"852364612"},"service_code":["81"],"billing_class":"professional","payments":[{"allowed_amount":0.00,"billing_code_modifier":[""],"providers":[{"billed_charge":70.00,"npi":[1740685387,1790386746]}]}]},{"tin":{"type":"ein","value":"852421177"},"service_code":["81"],"billing_class":"professional","payments":[{"allowed_amount":0.00,"billing_code_modifier":[""],"providers":[{"billed_charge":48.00,"npi":[1043313992,1366048019]}]}]},{"tin":{"type":"ein","value":"872072799"},"service_code":["81"],"billing_class":"professional","payments":[{"allowed_amount":0.00,"billing_code_modifier":[""],"providers":[{"billed_charge":50.00,"npi":[1063181774,1184640302]}]}]},{"tin":{"type":"ein","value":"990370089"},"service_code":["81"],"billing_class":"professional","payments":[{"allowed_amount":0.00,"billing_code_modifier":[""],"providers":[{"billed_charge":46.92,"npi":[1124233184,1265897078,1750798682]}]}]}]}]}
