{"reporting_entity_name": "IEC Group_DBA AmeriBen",
	"reporting_entity_type": "Third Party Administrator",
	"plan_name": "KYRENE ELEM SCHOOL DISTRICT",
	"plan_id_type": "ein",
	"plan_id": "866000494",
	"plan_market_type": "group",
	"last_updated_on": "2024-12-01","Version": "1.0.0","out_of_network":[{"name":"EMERGENCY DEPARTMENT VISIT MODERATE MDM","billing_code_type":"CPT","billing_code_type_version":"2020","billing_code":"99284","description":"EMERGENCY DEPARTMENT VISIT MODERATE MDM","allowed_amounts":[{"tin":{"type":"ein","value":"460508979"},"service_code":["23"],"billing_class":"professional","payments":[{"allowed_amount":181.68,"billing_code_modifier":[""],"providers":[{"billed_charge":1026.00,"npi":[1073897393,1104871961,1629176433,1720588239,1871910968]}]}]},{"tin":{"type":"ein","value":"814399995"},"service_code":["23"],"billing_class":"professional","payments":[{"allowed_amount":181.68,"billing_code_modifier":[""],"providers":[{"billed_charge":895.00,"npi":[1154768406,1205323342,1467590174,1518948892,1528148335,1689637019,1851397624,1932231487]}]}]},{"tin":{"type":"ein","value":"823537014"},"service_code":["23"],"billing_class":"professional","payments":[{"allowed_amount":181.68,"billing_code_modifier":[""],"providers":[{"billed_charge":2461.65,"npi":[1356818496,1750895686,1962841353]}]}]},{"tin":{"type":"ein","value":"860415065"},"service_code":["23"],"billing_class":"professional","payments":[{"allowed_amount":181.68,"billing_code_modifier":[""],"providers":[{"billed_charge":1227.00,"npi":[1104835610]}]}]},{"tin":{"type":"ein","value":"860593131"},"service_code":["23"],"billing_class":"professional","payments":[{"allowed_amount":181.68,"billing_code_modifier":[""],"providers":[{"billed_charge":1223.00,"npi":[1356849871,1376862888]}]}]}]}]}
