{"reporting_entity_name": "IEC Group_DBA AmeriBen",
	"reporting_entity_type": "Third Party Administrator",
	"plan_name": "COCHISE COMBINED TRUST",
	"plan_id_type": "ein",
	"plan_id": "721525748",
	"plan_market_type": "group",
	"last_updated_on": "2024-05-02","Version": "1.0.0","out_of_network":[{"name":"EMERGENCY DEPARTMENT VISIT HIGH MDM","billing_code_type":"CPT","billing_code_type_version":"2020","billing_code":"99285","description":"EMERGENCY DEPARTMENT VISIT HIGH MDM","allowed_amounts":[{"tin":{"type":"ein","value":"352574944"},"service_code":["23"],"billing_class":"professional","payments":[{"allowed_amount":288.52,"billing_code_modifier":[""],"providers":[{"billed_charge":1761.00,"npi":[1154352508,1194766543,1316152598,1659640977,1669733580,1700328663,1922067768]}]}]}]},{"name":"EMERGENCY DEPARTMENT VISIT MODERATE MDM","billing_code_type":"CPT","billing_code_type_version":"2020","billing_code":"99284","description":"EMERGENCY DEPARTMENT VISIT MODERATE MDM","allowed_amounts":[{"tin":{"type":"ein","value":"204374268"},"service_code":["23"],"billing_class":"professional","payments":[{"allowed_amount":201.34,"billing_code_modifier":[""],"providers":[{"billed_charge":792.00,"npi":[1356021190,1538726104,1720011810]}]}]},{"tin":{"type":"ein","value":"352574944"},"service_code":["23"],"billing_class":"professional","payments":[{"allowed_amount":201.34,"billing_code_modifier":[""],"providers":[{"billed_charge":1196.00,"npi":[1184669749,1194221259,1194766543,1659640977,1669733580,1700328663]}]}]},{"tin":{"type":"ein","value":"814399995"},"service_code":["23"],"billing_class":"professional","payments":[{"allowed_amount":201.34,"billing_code_modifier":[""],"providers":[{"billed_charge":895.00,"npi":[1174924039,1184603557]}]}]},{"tin":{"type":"ein","value":"873202637"},"service_code":["23"],"billing_class":"professional","payments":[{"allowed_amount":201.34,"billing_code_modifier":[""],"providers":[{"billed_charge":786.00,"npi":[1174512792,1255373494]}]}]}]},{"name":"PSYCHOTHERAPY W\/PATIENT 60 MINUTES","billing_code_type":"CPT","billing_code_type_version":"2020","billing_code":"90837","description":"PSYCHOTHERAPY W\/PATIENT 60 MINUTES","allowed_amounts":[{"tin":{"type":"ein","value":"263247569"},"service_code":["02"],"billing_class":"professional","payments":[{"allowed_amount":96.00,"billing_code_modifier":[""],"providers":[{"billed_charge":160.00,"npi":[1427136431,1730325432]}]}]},{"tin":{"type":"ein","value":"450553806"},"service_code":["02"],"billing_class":"professional","payments":[{"allowed_amount":75.00,"billing_code_modifier":[""],"providers":[{"billed_charge":125.00,"npi":[1215024781,1750586103]}]}]}]},{"name":"SBSQ HOSPITAL IP\/OBS CARE HIGH MDM 50 MINUTES","billing_code_type":"CPT","billing_code_type_version":"2020","billing_code":"99233","description":"SBSQ HOSPITAL IP\/OBS CARE HIGH MDM 50 MINUTES","allowed_amounts":[{"tin":{"type":"ein","value":"452464437"},"service_code":["21","22"],"billing_class":"professional","payments":[{"allowed_amount":134.83,"billing_code_modifier":[""],"providers":[{"billed_charge":718.00,"npi":[1003341835,1194766543,1568758266,1750510327,1891043386]}]}]},{"tin":{"type":"ein","value":"861045280"},"service_code":["21"],"billing_class":"professional","payments":[{"allowed_amount":134.83,"billing_code_modifier":[""],"providers":[{"billed_charge":140.00,"npi":[1831155001]}]}]}]},{"name":"THERAPEUTIC PX 1\/> AREAS EACH 15 MIN EXERCISES","billing_code_type":"CPT","billing_code_type_version":"2020","billing_code":"97110","description":"THERAPEUTIC PX 1\/> AREAS EACH 15 MIN EXERCISES","allowed_amounts":[{"tin":{"type":"ein","value":"475433333"},"service_code":["11"],"billing_class":"professional","payments":[{"allowed_amount":33.46,"billing_code_modifier":[""],"providers":[{"billed_charge":83.80,"npi":[1093995052,1205945482,1669768305,1841898681,1871570309]}]}]}]}]}
