{"reporting_entity_name": "IEC Group_DBA AmeriBen",
	"reporting_entity_type": "Third Party Administrator",
	"plan_name": "JACOBS ENTERTAINMENT INC.",
	"plan_id_type": "ein",
	"plan_id": "341959351",
	"plan_market_type": "group",
	"last_updated_on": "2023-08-01","Version": "1.0.0","out_of_network":[{"name":"CCPD OPD\/HOME: CCPD COMP OR OTHER RATE","billing_code_type":"RC","billing_code_type_version":"UB04","billing_code":"0851","description":"CCPD OPD\/HOME: CCPD COMP OR OTHER RATE","allowed_amounts":[{"tin":{"type":"ein","value":"953372911"},"service_code":["65"],"billing_class":"institutional","payments":[{"allowed_amount":341.36,"billing_code_modifier":[""],"providers":[{"billed_charge":3374.00,"npi":[1730156944,1891950234]}]}]}]},{"name":"OFFICE\/OUTPATIENT ESTABLISHED LOW MDM 20-29 MIN","billing_code_type":"CPT","billing_code_type_version":"2020","billing_code":"99213","description":"OFFICE\/OUTPATIENT ESTABLISHED LOW MDM 20-29 MIN","allowed_amounts":[{"tin":{"type":"ein","value":"261531455"},"service_code":["22"],"billing_class":"professional","payments":[{"allowed_amount":83.83,"billing_code_modifier":[""],"providers":[{"billed_charge":197.00,"npi":[1639518087,1922269281,1992975775]}]}]},{"tin":{"type":"ein","value":"452716351"},"service_code":["20"],"billing_class":"professional","payments":[{"allowed_amount":83.83,"billing_code_modifier":[""],"providers":[{"billed_charge":200.00,"npi":[1467921973,1831334887]}]}]},{"tin":{"type":"ein","value":"455203604"},"service_code":["20"],"billing_class":"professional","payments":[{"allowed_amount":83.83,"billing_code_modifier":[""],"providers":[{"billed_charge":215.00,"npi":[1467715490,1669990800]}]}]},{"tin":{"type":"ein","value":"455492119"},"service_code":["11"],"billing_class":"professional","payments":[{"allowed_amount":83.83,"billing_code_modifier":[""],"providers":[{"billed_charge":140.00,"npi":[1437405883,1851615876]}]}]},{"tin":{"type":"ein","value":"462605366"},"service_code":["22"],"billing_class":"professional","payments":[{"allowed_amount":83.83,"billing_code_modifier":[""],"providers":[{"billed_charge":89.00,"npi":[1306281126,1639518087,1770952798]}]}]},{"tin":{"type":"ein","value":"721471028"},"service_code":["10","11"],"billing_class":"professional","payments":[{"allowed_amount":83.83,"billing_code_modifier":[""],"providers":[{"billed_charge":100.00,"npi":[1093904708,1326699612,1538263728]}]}]},{"tin":{"type":"ein","value":"726012041"},"service_code":["72"],"billing_class":"professional","payments":[{"allowed_amount":83.83,"billing_code_modifier":[""],"providers":[{"billed_charge":90.00,"npi":[1073977054,1902846603,1932256542,1952729840]}]}]}]},{"name":"OFFICE\/OUTPATIENT ESTABLISHED MOD MDM 30-39 MIN","billing_code_type":"CPT","billing_code_type_version":"2020","billing_code":"99214","description":"OFFICE\/OUTPATIENT ESTABLISHED MOD MDM 30-39 MIN","allowed_amounts":[{"tin":{"type":"ein","value":"261531455"},"service_code":["22"],"billing_class":"professional","payments":[{"allowed_amount":118.87,"billing_code_modifier":[""],"providers":[{"billed_charge":278.00,"npi":[1245624188,1639518087,1992975775]}]}]},{"tin":{"type":"ein","value":"271618580"},"service_code":["20"],"billing_class":"professional","payments":[{"allowed_amount":118.87,"billing_code_modifier":[""],"providers":[{"billed_charge":180.00,"npi":[1730434432,1760871602]}]}]},{"tin":{"type":"ein","value":"455203604"},"service_code":["20"],"billing_class":"professional","payments":[{"allowed_amount":118.87,"billing_code_modifier":[""],"providers":[{"billed_charge":306.00,"npi":[1467715490,1477201002,1740890367]}]}]},{"tin":{"type":"ein","value":"455492119"},"service_code":["11"],"billing_class":"professional","payments":[{"allowed_amount":118.87,"billing_code_modifier":[""],"providers":[{"billed_charge":206.00,"npi":[1437405883,1629310412]}]}]},{"tin":{"type":"ein","value":"462605366"},"service_code":["11","22"],"billing_class":"professional","payments":[{"allowed_amount":118.87,"billing_code_modifier":[""],"providers":[{"billed_charge":138.00,"npi":[1306281126,1437639242,1639518087]}]}]},{"tin":{"type":"ein","value":"463767619"},"service_code":["11"],"billing_class":"professional","payments":[{"allowed_amount":118.87,"billing_code_modifier":[""],"providers":[{"billed_charge":210.00,"npi":[1124403001,1326598434]}]}]},{"tin":{"type":"ein","value":"582164455"},"service_code":["11"],"billing_class":"professional","payments":[{"allowed_amount":118.87,"billing_code_modifier":[""],"providers":[{"billed_charge":130.00,"npi":[1780230474,1922046549]}]}]},{"tin":{"type":"ein","value":"720839724"},"service_code":["11"],"billing_class":"professional","payments":[{"allowed_amount":118.87,"billing_code_modifier":[""],"providers":[{"billed_charge":210.00,"npi":[1427086248,1710944012,1730120809,1851855639,1942301379]}]}]},{"tin":{"type":"ein","value":"824676679"},"service_code":["11"],"billing_class":"professional","payments":[{"allowed_amount":118.87,"billing_code_modifier":[""],"providers":[{"billed_charge":200.00,"npi":[1659762839,1689224321]}]}]},{"tin":{"type":"ein","value":"843425820"},"service_code":["11"],"billing_class":"professional","payments":[{"allowed_amount":118.87,"billing_code_modifier":[""],"providers":[{"billed_charge":331.00,"npi":[1538703335,1912560541,1982656450]}]}]}]},{"name":"OFFICE\/OUTPATIENT NEW MODERATE MDM 45-59 MINUTES","billing_code_type":"CPT","billing_code_type_version":"2020","billing_code":"99204","description":"OFFICE\/OUTPATIENT NEW MODERATE MDM 45-59 MINUTES","allowed_amounts":[{"tin":{"type":"ein","value":"364774713"},"service_code":["22"],"billing_class":"professional","payments":[{"allowed_amount":155.76,"billing_code_modifier":[""],"providers":[{"billed_charge":225.00,"npi":[1013374222,1427536325,1508118258]}]}]},{"tin":{"type":"ein","value":"720276883"},"service_code":["11"],"billing_class":"professional","payments":[{"allowed_amount":155.76,"billing_code_modifier":[""],"providers":[{"billed_charge":455.00,"npi":[1538151428,1578707188,1881954717]},{"billed_charge":511.00,"npi":[1215390273,1326664962,1407848443]}]},{"allowed_amount":155.76,"billing_code_modifier":[""],"providers":[{"billed_charge":455.00,"npi":[1538151428,1578707188,1881954717]},{"billed_charge":511.00,"npi":[1215390273,1326664962,1407848443]}]}]},{"tin":{"type":"ein","value":"720276883"},"service_code":["11"],"billing_class":"professional","payments":[{"allowed_amount":155.76,"billing_code_modifier":[""],"providers":[{"billed_charge":455.00,"npi":[1538151428,1578707188,1881954717]},{"billed_charge":511.00,"npi":[1215390273,1326664962,1407848443]}]},{"allowed_amount":155.76,"billing_code_modifier":[""],"providers":[{"billed_charge":455.00,"npi":[1538151428,1578707188,1881954717]},{"billed_charge":511.00,"npi":[1215390273,1326664962,1407848443]}]}]},{"tin":{"type":"ein","value":"720839724"},"service_code":["11"],"billing_class":"professional","payments":[{"allowed_amount":155.76,"billing_code_modifier":[""],"providers":[{"billed_charge":321.00,"npi":[1326498585,1427176957,1538389200,1730120809,1942301379]}]}]},{"tin":{"type":"ein","value":"752005254"},"service_code":["11"],"billing_class":"professional","payments":[{"allowed_amount":155.76,"billing_code_modifier":[""],"providers":[{"billed_charge":332.00,"npi":[1154837391,1780877431,1952729840]}]}]}]}]}
