{"reporting_entity_name": "IEC Group_DBA AmeriBen",
	"reporting_entity_type": "Third Party Administrator",
	"plan_name": "VAIL HEALTH",
	"plan_id_type": "ein",
	"plan_id": "840563230",
	"plan_market_type": "group",
	"last_updated_on": "2024-09-01","Version": "1.0.0","out_of_network":[{"name":"HBOT, FULL BODY CHAMBER, 30M","billing_code_type":"HCPCS","billing_code_type_version":"HCPCS LEVEL II 2021","billing_code":"G0277","description":"HBOT, FULL BODY CHAMBER, 30M","allowed_amounts":[{"tin":{"type":"ein","value":"854090385"},"service_code":["11"],"billing_class":"professional","payments":[{"allowed_amount":7.06,"billing_code_modifier":[""],"providers":[{"billed_charge":6614.55,"npi":[1568781698,1619573904,1821103904]}]}]}]},{"name":"PHYS\/QHP ATTN&SUPVJ HYPRBARIC OXYGEN TX\/SESSION","billing_code_type":"CPT","billing_code_type_version":"2020","billing_code":"99183","description":"PHYS\/QHP ATTN&SUPVJ HYPRBARIC OXYGEN TX\/SESSION","allowed_amounts":[{"tin":{"type":"ein","value":"854090385"},"service_code":["62"],"billing_class":"professional","payments":[{"allowed_amount":115.54,"billing_code_modifier":[""],"providers":[{"billed_charge":350.00,"npi":[1568781698,1619573904,1821103904]}]}]}]},{"name":"PSYCHIATRIC\/PSYCHOLOGICAL TRT: INTENSIVE OUT SERV","billing_code_type":"RC","billing_code_type_version":"UB04","billing_code":"0906","description":"PSYCHIATRIC\/PSYCHOLOGICAL TRT: INTENSIVE OUT SERV","allowed_amounts":[{"tin":{"type":"ein","value":"834326957"},"service_code":["22"],"billing_class":"institutional","payments":[{"allowed_amount":295.63,"billing_code_modifier":[""],"providers":[{"billed_charge":2175.00,"npi":[1114584232,1902943277]}]}]}]}]}
