{"reporting_entity_name": "IEC Group_DBA AmeriBen",
	"reporting_entity_type": "Third Party Administrator",
	"plan_name": "Solution Health  Elliot Health",
	"plan_id_type": "ein",
	"plan_id": "020509911",
	"plan_market_type": "group",
	"last_updated_on": "2025-01-01","Version": "1.0.0","out_of_network":[{"name":"ADAPTIVE BEHAVIOR TX BY PROTOCOL TECH EA 15 MIN","billing_code_type":"CPT","billing_code_type_version":"2020","billing_code":"97153","description":"ADAPTIVE BEHAVIOR TX BY PROTOCOL TECH EA 15 MIN","allowed_amounts":[{"tin":{"type":"ein","value":"863661185"},"service_code":["12"],"billing_class":"professional","payments":[{"allowed_amount":294.24,"billing_code_modifier":[""],"providers":[{"billed_charge":5280.00,"npi":[1144814658,1326687542,1972187250]}]}]}]},{"name":"CHIROPRACTIC MANIPULATIVE TX SPINAL 3-4 REGIONS","billing_code_type":"CPT","billing_code_type_version":"2020","billing_code":"98941","description":"CHIROPRACTIC MANIPULATIVE TX SPINAL 3-4 REGIONS","allowed_amounts":[{"tin":{"type":"ein","value":"134316093"},"service_code":["11"],"billing_class":"professional","payments":[{"allowed_amount":32.77,"billing_code_modifier":[""],"providers":[{"billed_charge":50.00,"npi":[1023010501]}]}]},{"tin":{"type":"ein","value":"475662672"},"service_code":["11"],"billing_class":"professional","payments":[{"allowed_amount":32.77,"billing_code_modifier":[""],"providers":[{"billed_charge":72.00,"npi":[1033570239,1639449846]}]}]}]},{"name":"PSYCHOTHERAPY W\/PATIENT 45 MINUTES","billing_code_type":"CPT","billing_code_type_version":"2020","billing_code":"90834","description":"PSYCHOTHERAPY W\/PATIENT 45 MINUTES","allowed_amounts":[{"tin":{"type":"ein","value":"811334222"},"service_code":["11"],"billing_class":"professional","payments":[{"allowed_amount":78.44,"billing_code_modifier":[""],"providers":[{"billed_charge":185.00,"npi":[1336505957]}]}]},{"tin":{"type":"ein","value":"880715950"},"service_code":["10"],"billing_class":"professional","payments":[{"allowed_amount":78.44,"billing_code_modifier":[""],"providers":[{"billed_charge":120.00,"npi":[1316192560]},{"billed_charge":160.00,"npi":[1316192560]}]},{"allowed_amount":78.44,"billing_code_modifier":[""],"providers":[{"billed_charge":120.00,"npi":[1316192560]},{"billed_charge":160.00,"npi":[1316192560]}]}]},{"tin":{"type":"ein","value":"880715950"},"service_code":["10"],"billing_class":"professional","payments":[{"allowed_amount":78.44,"billing_code_modifier":[""],"providers":[{"billed_charge":120.00,"npi":[1316192560]},{"billed_charge":160.00,"npi":[1316192560]}]},{"allowed_amount":78.44,"billing_code_modifier":[""],"providers":[{"billed_charge":120.00,"npi":[1316192560]},{"billed_charge":160.00,"npi":[1316192560]}]}]}]},{"name":"REMOVAL OF IMPACTED TOOTH - COMPLETELY BONY","billing_code_type":"HCPCS","billing_code_type_version":"HCPCS LEVEL II 2021","billing_code":"D7240","description":"REMOVAL OF IMPACTED TOOTH - COMPLETELY BONY","allowed_amounts":[{"tin":{"type":"ein","value":"020471953"},"service_code":["11"],"billing_class":"professional","payments":[{"allowed_amount":216.27,"billing_code_modifier":[""],"providers":[{"billed_charge":711.00,"npi":[1164470530,1215304407,1225478753,1831539246,1871565218]}]}]}]}]}
