{"reporting_entity_name": "IEC Group_DBA AmeriBen",
	"reporting_entity_type": "Third Party Administrator",
	"plan_name": "INGRAM MICRO, INC",
	"plan_id_type": "ein",
	"plan_id": "621644402",
	"plan_market_type": "group",
	"last_updated_on": "2025-10-01","Version": "1.0.0","out_of_network":[{"name":"CHIROPRACTIC MANIPULATIVE TX SPINAL 3-4 REGIONS","billing_code_type":"CPT","billing_code_type_version":"2020","billing_code":"98941","description":"CHIROPRACTIC MANIPULATIVE TX SPINAL 3-4 REGIONS","allowed_amounts":[{"tin":{"type":"ein","value":"452705259"},"service_code":["11"],"billing_class":"professional","payments":[{"allowed_amount":75.00,"billing_code_modifier":[""],"providers":[{"billed_charge":80.00,"npi":[1528346285,1801055876,5152836285]}]}]},{"tin":{"type":"ein","value":"770606510"},"service_code":["11"],"billing_class":"professional","payments":[{"allowed_amount":75.00,"billing_code_modifier":[""],"providers":[{"billed_charge":75.00,"npi":[1235128810,1881080562]}]}]}]},{"name":"PSYCHOTHERAPY W\/PATIENT 45 MINUTES","billing_code_type":"CPT","billing_code_type_version":"2020","billing_code":"90834","description":"PSYCHOTHERAPY W\/PATIENT 45 MINUTES","allowed_amounts":[{"tin":{"type":"ein","value":"863015188"},"service_code":["11"],"billing_class":"professional","payments":[{"allowed_amount":206.00,"billing_code_modifier":[""],"providers":[{"billed_charge":250.00,"npi":[1144885351,1144999327]}]}]}]},{"name":"RESIDENTIAL TREATMENT-CHEMICAL DEPENDENCY","billing_code_type":"RC","billing_code_type_version":"UB04","billing_code":"1002","description":"RESIDENTIAL TREATMENT-CHEMICAL DEPENDENCY","allowed_amounts":[{"tin":{"type":"ein","value":"883055439"},"service_code":["21"],"billing_class":"institutional","payments":[{"allowed_amount":2400.00,"billing_code_modifier":[""],"providers":[{"billed_charge":8300.00,"npi":[1023360542,1609597616]}]}]}]},{"name":"TX SPEECH LANG VOICE COMMJ&\/AUD PROC DO INDIV","billing_code_type":"CPT","billing_code_type_version":"2020","billing_code":"92507","description":"TX SPEECH LANG VOICE COMMJ&\/AUD PROC DO INDIV","allowed_amounts":[{"tin":{"type":"ein","value":"465591754"},"service_code":["12"],"billing_class":"professional","payments":[{"allowed_amount":15.30,"billing_code_modifier":[""],"providers":[{"billed_charge":102.00,"npi":[1508277864,1831946474]}]}]}]}]}
