{"reporting_entity_name": "IEC Group_DBA AmeriBen",
	"reporting_entity_type": "Third Party Administrator",
	"plan_name": "DARTMOUTH HEALTH",
	"plan_id_type": "ein",
	"plan_id": "222519596",
	"plan_market_type": "group",
	"last_updated_on": "2025-12-01","Version": "1.0.0","out_of_network":[{"name":"ADAPTIVE BEHAVIOR TX BY PROTOCOL TECH EA 15 MIN","billing_code_type":"CPT","billing_code_type_version":"2020","billing_code":"97153","description":"ADAPTIVE BEHAVIOR TX BY PROTOCOL TECH EA 15 MIN","allowed_amounts":[{"tin":{"type":"ein","value":"863661185"},"service_code":["12"],"billing_class":"professional","payments":[{"allowed_amount":262.50,"billing_code_modifier":[""],"providers":[{"billed_charge":5985.00,"npi":[1144814658,1972187250]},{"billed_charge":6930.00,"npi":[1144814658,1972187250]}]},{"allowed_amount":262.50,"billing_code_modifier":[""],"providers":[{"billed_charge":5985.00,"npi":[1144814658,1972187250]},{"billed_charge":6930.00,"npi":[1144814658,1972187250]}]}]},{"tin":{"type":"ein","value":"863661185"},"service_code":["12"],"billing_class":"professional","payments":[{"allowed_amount":262.50,"billing_code_modifier":[""],"providers":[{"billed_charge":5985.00,"npi":[1144814658,1972187250]},{"billed_charge":6930.00,"npi":[1144814658,1972187250]}]},{"allowed_amount":262.50,"billing_code_modifier":[""],"providers":[{"billed_charge":5985.00,"npi":[1144814658,1972187250]},{"billed_charge":6930.00,"npi":[1144814658,1972187250]}]}]}]},{"name":"ALS1-EMERGENCY","billing_code_type":"HCPCS","billing_code_type_version":"HCPCS LEVEL II 2021","billing_code":"A0427","description":"ALS1-EMERGENCY","allowed_amounts":[{"tin":{"type":"ein","value":"020460399"},"service_code":["41"],"billing_class":"professional","payments":[{"allowed_amount":480.25,"billing_code_modifier":[""],"providers":[{"billed_charge":1797.00,"npi":[1558350363]}]}]},{"tin":{"type":"ein","value":"026000112"},"service_code":["41"],"billing_class":"professional","payments":[{"allowed_amount":480.25,"billing_code_modifier":[""],"providers":[{"billed_charge":1375.00,"npi":[1942767017]}]}]},{"tin":{"type":"ein","value":"026000141"},"service_code":["41"],"billing_class":"professional","payments":[{"allowed_amount":480.25,"billing_code_modifier":[""],"providers":[{"billed_charge":2000.00,"npi":[1417614827]}]}]},{"tin":{"type":"ein","value":"026000177"},"service_code":["41"],"billing_class":"professional","payments":[{"allowed_amount":480.25,"billing_code_modifier":[""],"providers":[{"billed_charge":1600.00,"npi":[1740298660]}]}]},{"tin":{"type":"ein","value":"026000371"},"service_code":["41"],"billing_class":"professional","payments":[{"allowed_amount":480.25,"billing_code_modifier":[""],"providers":[{"billed_charge":990.00,"npi":[1497852487]}]}]},{"tin":{"type":"ein","value":"026000383"},"service_code":["41"],"billing_class":"professional","payments":[{"allowed_amount":480.25,"billing_code_modifier":[""],"providers":[{"billed_charge":1900.00,"npi":[1134269426]}]}]},{"tin":{"type":"ein","value":"026000415"},"service_code":["41"],"billing_class":"professional","payments":[{"allowed_amount":480.25,"billing_code_modifier":[""],"providers":[{"billed_charge":1400.00,"npi":[1164692406]}]}]},{"tin":{"type":"ein","value":"026000441"},"service_code":["41"],"billing_class":"professional","payments":[{"allowed_amount":480.25,"billing_code_modifier":[""],"providers":[{"billed_charge":1879.92,"npi":[1861475949]}]}]},{"tin":{"type":"ein","value":"026000473"},"service_code":["41"],"billing_class":"professional","payments":[{"allowed_amount":480.25,"billing_code_modifier":[""],"providers":[{"billed_charge":1317.90,"npi":[1174681712]},{"billed_charge":1415.46,"npi":[1174681712]}]},{"allowed_amount":480.25,"billing_code_modifier":[""],"providers":[{"billed_charge":1317.90,"npi":[1174681712]},{"billed_charge":1415.46,"npi":[1174681712]}]}]},{"tin":{"type":"ein","value":"026000473"},"service_code":["41"],"billing_class":"professional","payments":[{"allowed_amount":480.25,"billing_code_modifier":[""],"providers":[{"billed_charge":1317.90,"npi":[1174681712]},{"billed_charge":1415.46,"npi":[1174681712]}]},{"allowed_amount":480.25,"billing_code_modifier":[""],"providers":[{"billed_charge":1317.90,"npi":[1174681712]},{"billed_charge":1415.46,"npi":[1174681712]}]}]},{"tin":{"type":"ein","value":"026000548"},"service_code":["41"],"billing_class":"professional","payments":[{"allowed_amount":480.25,"billing_code_modifier":[""],"providers":[{"billed_charge":1159.91,"npi":[1144204520]}]}]},{"tin":{"type":"ein","value":"026000647"},"service_code":["41"],"billing_class":"professional","payments":[{"allowed_amount":480.25,"billing_code_modifier":[""],"providers":[{"billed_charge":1200.00,"npi":[1215930680]}]}]},{"tin":{"type":"ein","value":"026000956"},"service_code":["41"],"billing_class":"professional","payments":[{"allowed_amount":480.25,"billing_code_modifier":[""],"providers":[{"billed_charge":1200.00,"npi":[1689641268]}]}]},{"tin":{"type":"ein","value":"030322710"},"service_code":["41"],"billing_class":"professional","payments":[{"allowed_amount":480.25,"billing_code_modifier":[""],"providers":[{"billed_charge":725.00,"npi":[1497864904]}]}]}]},{"name":"CHIROPRACTIC MANIPULATIVE TX SPINAL 3-4 REGIONS","billing_code_type":"CPT","billing_code_type_version":"2020","billing_code":"98941","description":"CHIROPRACTIC MANIPULATIVE TX SPINAL 3-4 REGIONS","allowed_amounts":[{"tin":{"type":"ein","value":"134316093"},"service_code":["11"],"billing_class":"professional","payments":[{"allowed_amount":32.77,"billing_code_modifier":[""],"providers":[{"billed_charge":55.00,"npi":[1023010501]}]}]},{"tin":{"type":"ein","value":"464177650"},"service_code":["11"],"billing_class":"professional","payments":[{"allowed_amount":32.77,"billing_code_modifier":[""],"providers":[{"billed_charge":85.00,"npi":[1003826595,1710389663]}]}]}]},{"name":"DEEP SEDAT\/GEN ANESTHESIA-EA SUBSQT 15 MIN INCR","billing_code_type":"HCPCS","billing_code_type_version":"HCPCS LEVEL II 2021","billing_code":"D9223","description":"DEEP SEDAT\/GEN ANESTHESIA-EA SUBSQT 15 MIN INCR","allowed_amounts":[{"tin":{"type":"ein","value":"020334854"},"service_code":["11"],"billing_class":"professional","payments":[{"allowed_amount":100.00,"billing_code_modifier":[""],"providers":[{"billed_charge":315.00,"npi":[1073600706,1164109922,1922214469]}]}]},{"tin":{"type":"ein","value":"042572209"},"service_code":["11"],"billing_class":"professional","payments":[{"allowed_amount":100.00,"billing_code_modifier":[""],"providers":[{"billed_charge":288.00,"npi":[1013587278,1417328162,1548277262,1679602577,1699796318,1710964028,1932242112]},{"billed_charge":302.00,"npi":[1417328162,1710964028,1790918837]}]},{"allowed_amount":100.00,"billing_code_modifier":[""],"providers":[{"billed_charge":288.00,"npi":[1013587278,1417328162,1548277262,1679602577,1699796318,1710964028,1932242112]},{"billed_charge":302.00,"npi":[1417328162,1710964028,1790918837]}]}]},{"tin":{"type":"ein","value":"042572209"},"service_code":["11"],"billing_class":"professional","payments":[{"allowed_amount":100.00,"billing_code_modifier":[""],"providers":[{"billed_charge":288.00,"npi":[1013587278,1417328162,1548277262,1679602577,1699796318,1710964028,1932242112]},{"billed_charge":302.00,"npi":[1417328162,1710964028,1790918837]}]},{"allowed_amount":100.00,"billing_code_modifier":[""],"providers":[{"billed_charge":288.00,"npi":[1013587278,1417328162,1548277262,1679602577,1699796318,1710964028,1932242112]},{"billed_charge":302.00,"npi":[1417328162,1710964028,1790918837]}]}]},{"tin":{"type":"ein","value":"203948453"},"service_code":["11"],"billing_class":"professional","payments":[{"allowed_amount":100.00,"billing_code_modifier":[""],"providers":[{"billed_charge":300.00,"npi":[1023452240,1831459577]}]}]}]},{"name":"DEEP SEDATION\/GENERAL ANESTHESIA-1ST 15 MINUTES","billing_code_type":"HCPCS","billing_code_type_version":"HCPCS LEVEL II 2021","billing_code":"D9222","description":"DEEP SEDATION\/GENERAL ANESTHESIA-1ST 15 MINUTES","allowed_amounts":[{"tin":{"type":"ein","value":"020334854"},"service_code":["11"],"billing_class":"professional","payments":[{"allowed_amount":100.00,"billing_code_modifier":[""],"providers":[{"billed_charge":450.00,"npi":[1073600706,1164109922,1922214469]}]}]},{"tin":{"type":"ein","value":"042572209"},"service_code":["11"],"billing_class":"professional","payments":[{"allowed_amount":100.00,"billing_code_modifier":[""],"providers":[{"billed_charge":288.00,"npi":[1013587278,1417328162,1548277262,1679602577,1699796318,1710964028]},{"billed_charge":302.00,"npi":[1417328162,1710964028,1790918837]}]},{"allowed_amount":100.00,"billing_code_modifier":[""],"providers":[{"billed_charge":288.00,"npi":[1013587278,1417328162,1548277262,1679602577,1699796318,1710964028]},{"billed_charge":302.00,"npi":[1417328162,1710964028,1790918837]}]}]},{"tin":{"type":"ein","value":"042572209"},"service_code":["11"],"billing_class":"professional","payments":[{"allowed_amount":100.00,"billing_code_modifier":[""],"providers":[{"billed_charge":288.00,"npi":[1013587278,1417328162,1548277262,1679602577,1699796318,1710964028]},{"billed_charge":302.00,"npi":[1417328162,1710964028,1790918837]}]},{"allowed_amount":100.00,"billing_code_modifier":[""],"providers":[{"billed_charge":288.00,"npi":[1013587278,1417328162,1548277262,1679602577,1699796318,1710964028]},{"billed_charge":302.00,"npi":[1417328162,1710964028,1790918837]}]}]},{"tin":{"type":"ein","value":"203948453"},"service_code":["11"],"billing_class":"professional","payments":[{"allowed_amount":100.00,"billing_code_modifier":[""],"providers":[{"billed_charge":350.00,"npi":[1023452240,1831459577]}]}]}]},{"name":"EMERGENCY DEPARTMENT VISIT MODERATE MDM","billing_code_type":"CPT","billing_code_type_version":"2020","billing_code":"99284","description":"EMERGENCY DEPARTMENT VISIT MODERATE MDM","allowed_amounts":[{"tin":{"type":"ein","value":"020495159"},"service_code":["23"],"billing_class":"professional","payments":[{"allowed_amount":170.35,"billing_code_modifier":[""],"providers":[{"billed_charge":300.00,"npi":[1033118104,1043236011,1134155872,1508326612]}]}]},{"tin":{"type":"ein","value":"922099126"},"service_code":["23"],"billing_class":"professional","payments":[{"allowed_amount":170.35,"billing_code_modifier":[""],"providers":[{"billed_charge":678.00,"npi":[1174570683,1386341444,1477270106,1588977193,1659356384,1730409632,1871986422,1932448081,1972038677,1972910503]}]}]}]},{"name":"EXTRACTION ERU TOOTH RQR REMV BONE &\/SECTN TOOTH","billing_code_type":"HCPCS","billing_code_type_version":"HCPCS LEVEL II 2021","billing_code":"D7210","description":"EXTRACTION ERU TOOTH RQR REMV BONE &\/SECTN TOOTH","allowed_amounts":[{"tin":{"type":"ein","value":"020334854"},"service_code":["11"],"billing_class":"professional","payments":[{"allowed_amount":111.04,"billing_code_modifier":[""],"providers":[{"billed_charge":657.00,"npi":[1073600706,1083685374,1154609535,1245442276,1568949253,1922214469,1962196949]}]}]},{"tin":{"type":"ein","value":"042572209"},"service_code":["11"],"billing_class":"professional","payments":[{"allowed_amount":111.04,"billing_code_modifier":[""],"providers":[{"billed_charge":393.00,"npi":[1013587278,1417328162,1710964028]}]}]}]},{"name":"OFFICE\/OUTPATIENT ESTABLISHED LOW MDM 20 MIN","billing_code_type":"CPT","billing_code_type_version":"2020","billing_code":"99213","description":"OFFICE\/OUTPATIENT ESTABLISHED LOW MDM 20 MIN","allowed_amounts":[{"tin":{"type":"ein","value":"260425666"},"service_code":["02","11"],"billing_class":"professional","payments":[{"allowed_amount":104.10,"billing_code_modifier":[""],"providers":[{"billed_charge":200.00,"npi":[1184700122]}]}]},{"tin":{"type":"ein","value":"264145255"},"service_code":["02"],"billing_class":"professional","payments":[{"allowed_amount":104.10,"billing_code_modifier":[""],"providers":[{"billed_charge":150.00,"npi":[1336278043]}]}]}]},{"name":"OFFICE\/OUTPATIENT NEW LOW MDM 30 MINUTES","billing_code_type":"CPT","billing_code_type_version":"2020","billing_code":"99203","description":"OFFICE\/OUTPATIENT NEW LOW MDM 30 MINUTES","allowed_amounts":[{"tin":{"type":"ein","value":"020334854"},"service_code":["11"],"billing_class":"professional","payments":[{"allowed_amount":140.31,"billing_code_modifier":[""],"providers":[{"billed_charge":186.00,"npi":[1073600706,1922214469,1962196949]},{"billed_charge":192.00,"npi":[1073600706,1083685374,1093725194,1114235785,1134807308,1386663334,1407926934,1477679280,1619710365,1811021819,1922214469]}]},{"allowed_amount":140.31,"billing_code_modifier":[""],"providers":[{"billed_charge":186.00,"npi":[1073600706,1922214469,1962196949]},{"billed_charge":192.00,"npi":[1073600706,1083685374,1093725194,1114235785,1134807308,1386663334,1407926934,1477679280,1619710365,1811021819,1922214469]}]}]},{"tin":{"type":"ein","value":"020334854"},"service_code":["11"],"billing_class":"professional","payments":[{"allowed_amount":140.31,"billing_code_modifier":[""],"providers":[{"billed_charge":186.00,"npi":[1073600706,1922214469,1962196949]},{"billed_charge":192.00,"npi":[1073600706,1083685374,1093725194,1114235785,1134807308,1386663334,1407926934,1477679280,1619710365,1811021819,1922214469]}]},{"allowed_amount":140.31,"billing_code_modifier":[""],"providers":[{"billed_charge":186.00,"npi":[1073600706,1922214469,1962196949]},{"billed_charge":192.00,"npi":[1073600706,1083685374,1093725194,1114235785,1134807308,1386663334,1407926934,1477679280,1619710365,1811021819,1922214469]}]}]}]},{"name":"PSYCHIATRIC\/PSYCHOLOGICAL SVCS: PARTIAL HOSP - INT","billing_code_type":"RC","billing_code_type_version":"UB04","billing_code":"0913","description":"PSYCHIATRIC\/PSYCHOLOGICAL SVCS: PARTIAL HOSP - INT","allowed_amounts":[{"tin":{"type":"ein","value":"200484722"},"service_code":["22"],"billing_class":"institutional","payments":[{"allowed_amount":671.00,"billing_code_modifier":[""],"providers":[{"billed_charge":3200.00,"npi":[1114686060,1255154621]}]}]},{"tin":{"type":"ein","value":"832273950"},"service_code":["22"],"billing_class":"institutional","payments":[{"allowed_amount":469.32,"billing_code_modifier":[""],"providers":[{"billed_charge":3000.00,"npi":[1184190738,1962416982]}]}]}]},{"name":"PSYCHIATRIC\/PSYCHOLOGICAL SVCS: PARTIAL HOSP - LES","billing_code_type":"RC","billing_code_type_version":"UB04","billing_code":"0912","description":"PSYCHIATRIC\/PSYCHOLOGICAL SVCS: PARTIAL HOSP - LES","allowed_amounts":[{"tin":{"type":"ein","value":"202072437"},"service_code":["99"],"billing_class":"institutional","payments":[{"allowed_amount":179.94,"billing_code_modifier":[""],"providers":[{"billed_charge":1300.00,"npi":[1518099126,1730220971]}]}]},{"tin":{"type":"ein","value":"202072437"},"service_code":["99"],"billing_class":"institutional","payments":[{"allowed_amount":185.13,"billing_code_modifier":[""],"providers":[{"billed_charge":1300.00,"npi":[1518099126,1730220971]}]}]},{"tin":{"type":"ein","value":"472526675"},"service_code":["22"],"billing_class":"institutional","payments":[{"allowed_amount":217.72,"billing_code_modifier":[""],"providers":[{"billed_charge":3900.00,"npi":[1942684238]}]}]}]},{"name":"PSYCHIATRIC\/PSYCHOLOGICAL TRT: INTENSIVE OUT SERV","billing_code_type":"RC","billing_code_type_version":"UB04","billing_code":"0906","description":"PSYCHIATRIC\/PSYCHOLOGICAL TRT: INTENSIVE OUT SERV","allowed_amounts":[{"tin":{"type":"ein","value":"921659445"},"service_code":["22"],"billing_class":"institutional","payments":[{"allowed_amount":244.46,"billing_code_modifier":[""],"providers":[{"billed_charge":2950.00,"npi":[1285405753]}]}]}]},{"name":"PSYCHOTHERAPY W\/PATIENT 45 MINUTES","billing_code_type":"CPT","billing_code_type_version":"2020","billing_code":"90834","description":"PSYCHOTHERAPY W\/PATIENT 45 MINUTES","allowed_amounts":[{"tin":{"type":"ein","value":"831663931"},"service_code":["02"],"billing_class":"professional","payments":[{"allowed_amount":206.00,"billing_code_modifier":[""],"providers":[{"billed_charge":375.00,"npi":[1083950471,1770064289]}]}]}]},{"name":"PSYCHOTHERAPY W\/PATIENT W\/E&M SRVCS 45 MIN","billing_code_type":"CPT","billing_code_type_version":"2020","billing_code":"90836","description":"PSYCHOTHERAPY W\/PATIENT W\/E&M SRVCS 45 MIN","allowed_amounts":[{"tin":{"type":"ein","value":"260425666"},"service_code":["02","11"],"billing_class":"professional","payments":[{"allowed_amount":93.33,"billing_code_modifier":[""],"providers":[{"billed_charge":200.00,"npi":[1184700122]}]}]},{"tin":{"type":"ein","value":"264145255"},"service_code":["02"],"billing_class":"professional","payments":[{"allowed_amount":93.33,"billing_code_modifier":[""],"providers":[{"billed_charge":150.00,"npi":[1336278043]}]}]}]},{"name":"REM INTERROG SCRMS <30 D PHYS\/QHP","billing_code_type":"CPT","billing_code_type_version":"2020","billing_code":"93298","description":"REM INTERROG SCRMS <30 D PHYS\/QHP","allowed_amounts":[{"tin":{"type":"ein","value":"330604557"},"service_code":["11"],"billing_class":"professional","payments":[{"allowed_amount":0.00,"billing_code_modifier":[""],"providers":[{"billed_charge":1000.00,"npi":[1144546771,1689263147]}]}]}]},{"name":"REMOVAL OF IMPACTED TOOTH - COMPLETELY BONY","billing_code_type":"HCPCS","billing_code_type_version":"HCPCS LEVEL II 2021","billing_code":"D7240","description":"REMOVAL OF IMPACTED TOOTH - COMPLETELY BONY","allowed_amounts":[{"tin":{"type":"ein","value":"020334854"},"service_code":["11"],"billing_class":"professional","payments":[{"allowed_amount":216.27,"billing_code_modifier":[""],"providers":[{"billed_charge":866.00,"npi":[1073600706,1922214469,1962196949]}]}]},{"tin":{"type":"ein","value":"042572209"},"service_code":["11"],"billing_class":"professional","payments":[{"allowed_amount":216.27,"billing_code_modifier":[""],"providers":[{"billed_charge":840.00,"npi":[1013587278,1417328162,1548277262,1679602577,1699796318,1710964028]},{"billed_charge":882.00,"npi":[1417328162,1710964028,1790918837]}]},{"allowed_amount":216.27,"billing_code_modifier":[""],"providers":[{"billed_charge":840.00,"npi":[1013587278,1417328162,1548277262,1679602577,1699796318,1710964028]},{"billed_charge":882.00,"npi":[1417328162,1710964028,1790918837]}]}]},{"tin":{"type":"ein","value":"042572209"},"service_code":["11"],"billing_class":"professional","payments":[{"allowed_amount":216.27,"billing_code_modifier":[""],"providers":[{"billed_charge":840.00,"npi":[1013587278,1417328162,1548277262,1679602577,1699796318,1710964028]},{"billed_charge":882.00,"npi":[1417328162,1710964028,1790918837]}]},{"allowed_amount":216.27,"billing_code_modifier":[""],"providers":[{"billed_charge":840.00,"npi":[1013587278,1417328162,1548277262,1679602577,1699796318,1710964028]},{"billed_charge":882.00,"npi":[1417328162,1710964028,1790918837]}]}]},{"tin":{"type":"ein","value":"203948453"},"service_code":["11"],"billing_class":"professional","payments":[{"allowed_amount":216.27,"billing_code_modifier":[""],"providers":[{"billed_charge":750.00,"npi":[1023452240,1831459577]}]}]}]},{"name":"RESIDENTIAL TREATMENT-PSYCHIATRIC","billing_code_type":"RC","billing_code_type_version":"UB04","billing_code":"1001","description":"RESIDENTIAL TREATMENT-PSYCHIATRIC","allowed_amounts":[{"tin":{"type":"ein","value":"850942534"},"service_code":["21"],"billing_class":"institutional","payments":[{"allowed_amount":1777.18,"billing_code_modifier":[""],"providers":[{"billed_charge":5125.00,"npi":[1770159105,1962813295]}]}]}]}]}
