{"reporting_entity_name": "IEC Group_DBA AmeriBen",
	"reporting_entity_type": "Third Party Administrator",
	"plan_name": "COLORADO COLLEGE",
	"plan_id_type": "ein",
	"plan_id": "",
	"plan_market_type": "group",
	"last_updated_on": "2022-08-31","Version": "1.0.0","out_of_network":[{"name":"UNLISTED MOLECULAR PATHOLOGY PROCEDURE","billing_code_type":"CPT","billing_code_type_version":"2020","billing_code":"81479","description":"UNLISTED MOLECULAR PATHOLOGY PROCEDURE","allowed_amounts":[{"tin":{"type":"ein","value":"271453375"},"service_code":["81"],"billing_class":"professional","payments":[{"allowed_amount":0.00,"billing_code_modifier":[""],"providers":[{"billed_charge":1180.00,"npi":[1235363052]}]}]},{"tin":{"type":"ein","value":"330685754"},"service_code":["81"],"billing_class":"professional","payments":[{"allowed_amount":0.00,"billing_code_modifier":[""],"providers":[{"billed_charge":18.00,"npi":[1073642641]},{"billed_charge":54.00,"npi":[1073642641]}]},{"allowed_amount":0.00,"billing_code_modifier":[""],"providers":[{"billed_charge":18.00,"npi":[1073642641]},{"billed_charge":54.00,"npi":[1073642641]}]}]},{"tin":{"type":"ein","value":"330685754"},"service_code":["81"],"billing_class":"professional","payments":[{"allowed_amount":0.00,"billing_code_modifier":[""],"providers":[{"billed_charge":18.00,"npi":[1073642641]},{"billed_charge":54.00,"npi":[1073642641]}]},{"allowed_amount":0.00,"billing_code_modifier":[""],"providers":[{"billed_charge":18.00,"npi":[1073642641]},{"billed_charge":54.00,"npi":[1073642641]}]}]},{"tin":{"type":"ein","value":"465193717"},"service_code":["81"],"billing_class":"professional","payments":[{"allowed_amount":0.00,"billing_code_modifier":[""],"providers":[{"billed_charge":50.00,"npi":[1467850859]}]}]}]}]}
