{"reporting_entity_name": "IEC Group_DBA AmeriBen",
	"reporting_entity_type": "Third Party Administrator",
	"plan_name": "KING'S HAWAIIAN MEDICAL PLAN",
	"plan_id_type": "ein",
	"plan_id": "330747313",
	"plan_market_type": "group",
	"last_updated_on": "2025-07-01","Version": "1.0.0","out_of_network":[{"name":"CRITICAL CARE ILL\/INJURED PATIENT INIT 30-74 MIN","billing_code_type":"CPT","billing_code_type_version":"2020","billing_code":"99291","description":"CRITICAL CARE ILL\/INJURED PATIENT INIT 30-74 MIN","allowed_amounts":[{"tin":{"type":"ein","value":"270929943"},"service_code":["21"],"billing_class":"professional","payments":[{"allowed_amount":316.02,"billing_code_modifier":[""],"providers":[{"billed_charge":1534.00,"npi":[1043510183,1346869955,1639172372]}]}]}]},{"name":"SBSQ HOSPITAL IP\/OBS CARE HIGH MDM 50 MINUTES","billing_code_type":"CPT","billing_code_type_version":"2020","billing_code":"99233","description":"SBSQ HOSPITAL IP\/OBS CARE HIGH MDM 50 MINUTES","allowed_amounts":[{"tin":{"type":"ein","value":"270929943"},"service_code":["21"],"billing_class":"professional","payments":[{"allowed_amount":113.93,"billing_code_modifier":[""],"providers":[{"billed_charge":718.00,"npi":[1043510183,1346869955,1457980500,1639172372,1881829661]}]}]},{"tin":{"type":"ein","value":"270929943"},"service_code":["21"],"billing_class":"professional","payments":[{"allowed_amount":115.19,"billing_code_modifier":[""],"providers":[{"billed_charge":718.00,"npi":[1043510183,1205221355,1619235074,1639172372]}]}]}]}]}
