{"reporting_entity_name": "IEC Group_DBA AmeriBen",
	"reporting_entity_type": "Third Party Administrator",
	"plan_name": "GKN DRIVELINE N AMERICA INC",
	"plan_id_type": "ein",
	"plan_id": "132886932",
	"plan_market_type": "group",
	"last_updated_on": "2025-12-01","Version": "1.0.0","out_of_network":[{"name":"DRUGS REQUIRE SPECIFIC ID: DRUGS REQUIRING DETAIL","billing_code_type":"RC","billing_code_type_version":"UB04","billing_code":"0636","description":"DRUGS REQUIRE SPECIFIC ID: DRUGS REQUIRING DETAIL","allowed_amounts":[{"tin":{"type":"ein","value":"232536597"},"service_code":["65"],"billing_class":"institutional","payments":[{"allowed_amount":15.17,"billing_code_modifier":[""],"providers":[{"billed_charge":317.10,"npi":[1073716742,1689633224]}]}]}]},{"name":"ESRD RELATED SVC MONTHLY 20&\/> YR OLD 4\/> VISITS","billing_code_type":"CPT","billing_code_type_version":"2020","billing_code":"90960","description":"ESRD RELATED SVC MONTHLY 20&\/> YR OLD 4\/> VISITS","allowed_amounts":[{"tin":{"type":"ein","value":"264116711"},"service_code":["65"],"billing_class":"professional","payments":[{"allowed_amount":396.19,"billing_code_modifier":[""],"providers":[{"billed_charge":906.35,"npi":[1073716742,1356582506,1689633224]}]}]},{"tin":{"type":"ein","value":"561680959"},"service_code":["65"],"billing_class":"professional","payments":[{"allowed_amount":396.19,"billing_code_modifier":[""],"providers":[{"billed_charge":865.00,"npi":[1487655452,1689673279,1992817720]},{"billed_charge":965.00,"npi":[1487655452,1689673279,1992817720]}]},{"allowed_amount":396.19,"billing_code_modifier":[""],"providers":[{"billed_charge":865.00,"npi":[1487655452,1689673279,1992817720]},{"billed_charge":965.00,"npi":[1487655452,1689673279,1992817720]}]}]},{"tin":{"type":"ein","value":"561680959"},"service_code":["65"],"billing_class":"professional","payments":[{"allowed_amount":396.19,"billing_code_modifier":[""],"providers":[{"billed_charge":865.00,"npi":[1487655452,1689673279,1992817720]},{"billed_charge":965.00,"npi":[1487655452,1689673279,1992817720]}]},{"allowed_amount":396.19,"billing_code_modifier":[""],"providers":[{"billed_charge":865.00,"npi":[1487655452,1689673279,1992817720]},{"billed_charge":965.00,"npi":[1487655452,1689673279,1992817720]}]}]}]},{"name":"MEDICAL\/SURGICAL SUPPLIES","billing_code_type":"RC","billing_code_type_version":"UB04","billing_code":"0270","description":"MEDICAL\/SURGICAL SUPPLIES","allowed_amounts":[{"tin":{"type":"ein","value":"043085674"},"service_code":["65"],"billing_class":"institutional","payments":[{"allowed_amount":4.86,"billing_code_modifier":[""],"providers":[{"billed_charge":149.10,"npi":[1457444853,1992817720]}]}]},{"tin":{"type":"ein","value":"232536597"},"service_code":["65"],"billing_class":"institutional","payments":[{"allowed_amount":6.75,"billing_code_modifier":[""],"providers":[{"billed_charge":140.95,"npi":[1073716742,1689633224]}]}]}]},{"name":"PHARMACY","billing_code_type":"RC","billing_code_type_version":"UB04","billing_code":"0250","description":"PHARMACY","allowed_amounts":[{"tin":{"type":"ein","value":"232536597"},"service_code":["65"],"billing_class":"institutional","payments":[{"allowed_amount":0.03,"billing_code_modifier":[""],"providers":[{"billed_charge":0.70,"npi":[1073716742,1689633224]}]}]}]}]}
