{"reporting_entity_name": "IEC Group_DBA AmeriBen",
	"reporting_entity_type": "Third Party Administrator",
	"plan_name": "HUNTINGTON BANCSHARES",
	"plan_id_type": "ein",
	"plan_id": "310724920",
	"plan_market_type": "group",
	"last_updated_on": "2023-04-03","Version": "1.0.0","out_of_network":[{"name":"2019-NCOV CORONAVIRUS SARS-COV-2\/COVID-19 ANY T","billing_code_type":"HCPCS","billing_code_type_version":"HCPCS LEVEL II 2021","billing_code":"U0004","description":"2019-NCOV CORONAVIRUS SARS-COV-2\/COVID-19 ANY T","allowed_amounts":[{"tin":{"type":"ein","value":"431580575"},"service_code":["81"],"billing_class":"professional","payments":[{"allowed_amount":75.00,"billing_code_modifier":[""],"providers":[{"billed_charge":200.00,"npi":[1033239413]}]}]},{"tin":{"type":"ein","value":"463342144"},"service_code":["81"],"billing_class":"professional","payments":[{"allowed_amount":75.00,"billing_code_modifier":[""],"providers":[{"billed_charge":350.00,"npi":[1053541581,1417355678,1487815387]}]}]},{"tin":{"type":"ein","value":"831342609"},"service_code":["81"],"billing_class":"professional","payments":[{"allowed_amount":350.00,"billing_code_modifier":[""],"providers":[{"billed_charge":350.00,"npi":[1053541581,1073101028,1356913446,1487815387]}]}]},{"tin":{"type":"ein","value":"832712256"},"service_code":["81"],"billing_class":"professional","payments":[{"allowed_amount":75.00,"billing_code_modifier":[""],"providers":[{"billed_charge":300.00,"npi":[1801368998]}]}]}]},{"name":"APPL MODALITY 1\/> AREAS ELEC STIMJ UNATTENDED","billing_code_type":"CPT","billing_code_type_version":"2020","billing_code":"97014","description":"APPL MODALITY 1\/> AREAS ELEC STIMJ UNATTENDED","allowed_amounts":[{"tin":{"type":"ein","value":"311362475"},"service_code":["11"],"billing_class":"professional","payments":[{"allowed_amount":9.41,"billing_code_modifier":[""],"providers":[{"billed_charge":35.00,"npi":[1497788319,1992001283]}]}]},{"tin":{"type":"ein","value":"341942790"},"service_code":["11"],"billing_class":"professional","payments":[{"allowed_amount":9.41,"billing_code_modifier":[""],"providers":[{"billed_charge":30.00,"npi":[1417172263,1700801198]}]}]},{"tin":{"type":"ein","value":"462062561"},"service_code":["11"],"billing_class":"professional","payments":[{"allowed_amount":9.41,"billing_code_modifier":[""],"providers":[{"billed_charge":25.00,"npi":[1235138629,1750724407]}]}]}]},{"name":"APPL MODALITY 1\/> AREAS TRACTION MECHANICAL","billing_code_type":"CPT","billing_code_type_version":"2020","billing_code":"97012","description":"APPL MODALITY 1\/> AREAS TRACTION MECHANICAL","allowed_amounts":[{"tin":{"type":"ein","value":"311362475"},"service_code":["11"],"billing_class":"professional","payments":[{"allowed_amount":5.14,"billing_code_modifier":[""],"providers":[{"billed_charge":30.00,"npi":[1497788319,1992001283]}]}]},{"tin":{"type":"ein","value":"454983964"},"service_code":["11"],"billing_class":"professional","payments":[{"allowed_amount":8.57,"billing_code_modifier":[""],"providers":[{"billed_charge":20.00,"npi":[1063771186,1952669228]}]}]}]},{"name":"CHIROPRACTIC MANIPLTV TX EXTRASPINAL 1\/> REGION","billing_code_type":"CPT","billing_code_type_version":"2020","billing_code":"98943","description":"CHIROPRACTIC MANIPLTV TX EXTRASPINAL 1\/> REGION","allowed_amounts":[{"tin":{"type":"ein","value":"311362475"},"service_code":["11"],"billing_class":"professional","payments":[{"allowed_amount":15.79,"billing_code_modifier":[""],"providers":[{"billed_charge":49.00,"npi":[1497788319,1992001283]}]}]}]},{"name":"CHIROPRACTIC MANIPULATIVE TX SPINAL 3-4 REGIONS","billing_code_type":"CPT","billing_code_type_version":"2020","billing_code":"98941","description":"CHIROPRACTIC MANIPULATIVE TX SPINAL 3-4 REGIONS","allowed_amounts":[{"tin":{"type":"ein","value":"204566310"},"service_code":["11"],"billing_class":"professional","payments":[{"allowed_amount":23.28,"billing_code_modifier":[""],"providers":[{"billed_charge":75.00,"npi":[1235161845,1407878499]}]}]},{"tin":{"type":"ein","value":"208523855"},"service_code":["11"],"billing_class":"professional","payments":[{"allowed_amount":23.28,"billing_code_modifier":[""],"providers":[{"billed_charge":60.00,"npi":[1396861548,1598895674]}]}]},{"tin":{"type":"ein","value":"261140185"},"service_code":["11"],"billing_class":"professional","payments":[{"allowed_amount":23.28,"billing_code_modifier":[""],"providers":[{"billed_charge":85.00,"npi":[1033395439,1346265493]}]}]},{"tin":{"type":"ein","value":"311362475"},"service_code":["11"],"billing_class":"professional","payments":[{"allowed_amount":23.28,"billing_code_modifier":[""],"providers":[{"billed_charge":70.00,"npi":[1497788319,1992001283]}]}]},{"tin":{"type":"ein","value":"341942790"},"service_code":["11"],"billing_class":"professional","payments":[{"allowed_amount":23.28,"billing_code_modifier":[""],"providers":[{"billed_charge":55.00,"npi":[1417172263,1700801198]}]}]},{"tin":{"type":"ein","value":"454983964"},"service_code":["11"],"billing_class":"professional","payments":[{"allowed_amount":19.79,"billing_code_modifier":[""],"providers":[{"billed_charge":60.00,"npi":[1063771186,1952669228]}]}]},{"tin":{"type":"ein","value":"460548014"},"service_code":["11"],"billing_class":"professional","payments":[{"allowed_amount":19.79,"billing_code_modifier":[""],"providers":[{"billed_charge":50.00,"npi":[1134399769]}]}]},{"tin":{"type":"ein","value":"462062561"},"service_code":["11"],"billing_class":"professional","payments":[{"allowed_amount":23.28,"billing_code_modifier":[""],"providers":[{"billed_charge":60.00,"npi":[1235138629,1750724407]}]}]}]},{"name":"DRUG TEST DEFINITV DR ID METH P DAY 8-14 DRUG CL","billing_code_type":"HCPCS","billing_code_type_version":"HCPCS LEVEL II 2021","billing_code":"G0481","description":"DRUG TEST DEFINITV DR ID METH P DAY 8-14 DRUG CL","allowed_amounts":[{"tin":{"type":"ein","value":"825371441"},"service_code":["81"],"billing_class":"professional","payments":[{"allowed_amount":109.61,"billing_code_modifier":[""],"providers":[{"billed_charge":2850.00,"npi":[1396087698,1902397110]}]}]},{"tin":{"type":"ein","value":"853369665"},"service_code":["11"],"billing_class":"professional","payments":[{"allowed_amount":109.61,"billing_code_modifier":[""],"providers":[{"billed_charge":2500.00,"npi":[1023605581,1396087698]}]}]},{"tin":{"type":"ein","value":"873897731"},"service_code":["81"],"billing_class":"professional","payments":[{"allowed_amount":109.61,"billing_code_modifier":[""],"providers":[{"billed_charge":2400.00,"npi":[1730835232,1861729824]}]}]}]},{"name":"DRUG TST DEFINITV DR ID METH P DAY 22\/MORE DR CL","billing_code_type":"HCPCS","billing_code_type_version":"HCPCS LEVEL II 2021","billing_code":"G0483","description":"DRUG TST DEFINITV DR ID METH P DAY 22\/MORE DR CL","allowed_amounts":[{"tin":{"type":"ein","value":"822685329"},"service_code":["55","57"],"billing_class":"professional","payments":[{"allowed_amount":31.98,"billing_code_modifier":[""],"providers":[{"billed_charge":5500.00,"npi":[1386133650,1396937868,1922250554]}]}]}]},{"name":"DRUGS REQUIRE SPECIFIC ID: DRUGS REQUIRING DETAIL","billing_code_type":"RC","billing_code_type_version":"UB04","billing_code":"0636","description":"DRUGS REQUIRE SPECIFIC ID: DRUGS REQUIRING DETAIL","allowed_amounts":[{"tin":{"type":"ein","value":"830921220"},"service_code":["65"],"billing_class":"institutional","payments":[{"allowed_amount":1.97,"billing_code_modifier":[""],"providers":[{"billed_charge":70.15,"npi":[1336110592,1720574064]}]}]},{"tin":{"type":"ein","value":"830921220"},"service_code":["65"],"billing_class":"institutional","payments":[{"allowed_amount":15.22,"billing_code_modifier":[""],"providers":[{"billed_charge":540.72,"npi":[1336110592,1720574064]}]}]},{"tin":{"type":"ein","value":"830921220"},"service_code":["65"],"billing_class":"institutional","payments":[{"allowed_amount":89.77,"billing_code_modifier":[""],"providers":[{"billed_charge":3188.00,"npi":[1336110592,1720574064]}]}]}]},{"name":"HEMO OPD\/HOME: HEMODIALYSIS COMP OR OTHER RATE","billing_code_type":"RC","billing_code_type_version":"UB04","billing_code":"0821","description":"HEMO OPD\/HOME: HEMODIALYSIS COMP OR OTHER RATE","allowed_amounts":[{"tin":{"type":"ein","value":"830921220"},"service_code":["65"],"billing_class":"institutional","payments":[{"allowed_amount":225.60,"billing_code_modifier":[""],"providers":[{"billed_charge":8010.89,"npi":[1336110592,1720574064]}]}]}]},{"name":"IA DET NA;SEV AC RES SYND SARS-COV-2 COVID-19","billing_code_type":"HCPCS","billing_code_type_version":"HCPCS LEVEL II 2021","billing_code":"U0005","description":"IA DET NA;SEV AC RES SYND SARS-COV-2 COVID-19","allowed_amounts":[{"tin":{"type":"ein","value":"201236503"},"service_code":["81"],"billing_class":"professional","payments":[{"allowed_amount":25.00,"billing_code_modifier":[""],"providers":[{"billed_charge":50.00,"npi":[1174624043,1225110497]}]}]},{"tin":{"type":"ein","value":"271855523"},"service_code":["81"],"billing_class":"professional","payments":[{"allowed_amount":25.00,"billing_code_modifier":[""],"providers":[{"billed_charge":75.00,"npi":[1225541014,1336464668]}]}]},{"tin":{"type":"ein","value":"320662982"},"service_code":["81"],"billing_class":"professional","payments":[{"allowed_amount":25.00,"billing_code_modifier":[""],"providers":[{"billed_charge":50.00,"npi":[1346417086,1588324958]}]}]},{"tin":{"type":"ein","value":"431580575"},"service_code":["81"],"billing_class":"professional","payments":[{"allowed_amount":25.00,"billing_code_modifier":[""],"providers":[{"billed_charge":25.00,"npi":[1033239413]}]}]},{"tin":{"type":"ein","value":"463342144"},"service_code":["81"],"billing_class":"professional","payments":[{"allowed_amount":25.00,"billing_code_modifier":[""],"providers":[{"billed_charge":100.00,"npi":[1053541581,1417355678,1487815387]}]}]},{"tin":{"type":"ein","value":"465135063"},"service_code":["81"],"billing_class":"professional","payments":[{"allowed_amount":25.00,"billing_code_modifier":[""],"providers":[{"billed_charge":80.00,"npi":[1366544405,1538570528]}]}]},{"tin":{"type":"ein","value":"473727159"},"service_code":["81"],"billing_class":"professional","payments":[{"allowed_amount":25.00,"billing_code_modifier":[""],"providers":[{"billed_charge":25.00,"npi":[1447382270,1548870769,1912521568]}]}]},{"tin":{"type":"ein","value":"831342609"},"service_code":["81"],"billing_class":"professional","payments":[{"allowed_amount":25.00,"billing_code_modifier":[""],"providers":[{"billed_charge":100.00,"npi":[1053541581,1073101028,1356913446,1487815387]}]}]},{"tin":{"type":"ein","value":"832712256"},"service_code":["81"],"billing_class":"professional","payments":[{"allowed_amount":25.00,"billing_code_modifier":[""],"providers":[{"billed_charge":50.00,"npi":[1801368998]}]}]},{"tin":{"type":"ein","value":"843016042"},"service_code":["81"],"billing_class":"professional","payments":[{"allowed_amount":25.00,"billing_code_modifier":[""],"providers":[{"billed_charge":100.00,"npi":[1598315574,1952553489]}]}]},{"tin":{"type":"ein","value":"874135119"},"service_code":["81"],"billing_class":"professional","payments":[{"allowed_amount":25.00,"billing_code_modifier":[""],"providers":[{"billed_charge":37.50,"npi":[1275288409,1881121929]}]}]},{"tin":{"type":"ein","value":"880241758"},"service_code":["81"],"billing_class":"professional","payments":[{"allowed_amount":25.00,"billing_code_modifier":[""],"providers":[{"billed_charge":25.00,"npi":[1124417357,1356534994,1730150848,1821068420]}]}]}]},{"name":"IADNA NOS AMPLIFIED PROBE TQ EACH ORGANISM","billing_code_type":"CPT","billing_code_type_version":"2020","billing_code":"87798","description":"IADNA NOS AMPLIFIED PROBE TQ EACH ORGANISM","allowed_amounts":[{"tin":{"type":"ein","value":"561565047"},"service_code":["81"],"billing_class":"professional","payments":[{"allowed_amount":14.73,"billing_code_modifier":[""],"providers":[{"billed_charge":60.22,"npi":[1053645531,1073591822,1417104209,1548467038]}]}]}]},{"name":"IADNA SARS-COV-2 COVID-19 AMPLIFIED PROBE TQ","billing_code_type":"CPT","billing_code_type_version":"2020","billing_code":"87635","description":"IADNA SARS-COV-2 COVID-19 AMPLIFIED PROBE TQ","allowed_amounts":[{"tin":{"type":"ein","value":"361924025"},"service_code":["81"],"billing_class":"professional","payments":[{"allowed_amount":51.31,"billing_code_modifier":[""],"providers":[{"billed_charge":100.00,"npi":[1023139904,1053316364,1053326009,1154344729,1235146259,1396939906,1427063452,1457591513,1477728541,1598770547,1609881655,1790018752,1972518900]}]}]},{"tin":{"type":"ein","value":"453191160"},"service_code":["20"],"billing_class":"professional","payments":[{"allowed_amount":51.31,"billing_code_modifier":[""],"providers":[{"billed_charge":120.00,"npi":[1235411547,1962884411]}]}]}]},{"name":"INF AGT DET DNA\/RNA;SARS-COV-2 COVID-19 AMP P T","billing_code_type":"HCPCS","billing_code_type_version":"HCPCS LEVEL II 2021","billing_code":"U0003","description":"INF AGT DET DNA\/RNA;SARS-COV-2 COVID-19 AMP P T","allowed_amounts":[{"tin":{"type":"ein","value":"201236503"},"service_code":["81"],"billing_class":"professional","payments":[{"allowed_amount":75.00,"billing_code_modifier":[""],"providers":[{"billed_charge":100.00,"npi":[1174624043,1225110497]}]}]},{"tin":{"type":"ein","value":"271855523"},"service_code":["81"],"billing_class":"professional","payments":[{"allowed_amount":75.00,"billing_code_modifier":[""],"providers":[{"billed_charge":225.00,"npi":[1225541014,1336464668]}]}]},{"tin":{"type":"ein","value":"320662982"},"service_code":["81"],"billing_class":"professional","payments":[{"allowed_amount":75.00,"billing_code_modifier":[""],"providers":[{"billed_charge":200.00,"npi":[1346417086,1588324958]}]}]},{"tin":{"type":"ein","value":"465135063"},"service_code":["81"],"billing_class":"professional","payments":[{"allowed_amount":75.00,"billing_code_modifier":[""],"providers":[{"billed_charge":200.00,"npi":[1366544405,1538570528]}]}]},{"tin":{"type":"ein","value":"473727159"},"service_code":["81"],"billing_class":"professional","payments":[{"allowed_amount":75.00,"billing_code_modifier":[""],"providers":[{"billed_charge":125.00,"npi":[1447382270,1548870769,1912521568]}]}]},{"tin":{"type":"ein","value":"843016042"},"service_code":["81"],"billing_class":"professional","payments":[{"allowed_amount":75.00,"billing_code_modifier":[""],"providers":[{"billed_charge":250.00,"npi":[1598315574,1952553489]}]}]},{"tin":{"type":"ein","value":"850602662"},"service_code":["81"],"billing_class":"professional","payments":[{"allowed_amount":75.00,"billing_code_modifier":[""],"providers":[{"billed_charge":150.00,"npi":[1881215622,1982964664]}]}]},{"tin":{"type":"ein","value":"874135119"},"service_code":["81"],"billing_class":"professional","payments":[{"allowed_amount":75.00,"billing_code_modifier":[""],"providers":[{"billed_charge":112.50,"npi":[1275288409,1881121929]}]}]},{"tin":{"type":"ein","value":"880241758"},"service_code":["81"],"billing_class":"professional","payments":[{"allowed_amount":75.00,"billing_code_modifier":[""],"providers":[{"billed_charge":100.00,"npi":[1124417357,1730150848,1821068420]}]}]}]},{"name":"LABORATORY - CLINICAL DIAGNOSTIC: HEMATOLOGY","billing_code_type":"RC","billing_code_type_version":"UB04","billing_code":"0305","description":"LABORATORY - CLINICAL DIAGNOSTIC: HEMATOLOGY","allowed_amounts":[{"tin":{"type":"ein","value":"316014208"},"service_code":["22"],"billing_class":"institutional","payments":[{"allowed_amount":57.00,"billing_code_modifier":[""],"providers":[{"billed_charge":89.06,"npi":[1013908672,1548261761,1568411395]}]}]}]},{"name":"LABORATORY - CLINICAL DIAGNOSTIC: NONROUTINE DIALY","billing_code_type":"RC","billing_code_type_version":"UB04","billing_code":"0304","description":"LABORATORY - CLINICAL DIAGNOSTIC: NONROUTINE DIALY","allowed_amounts":[{"tin":{"type":"ein","value":"830921220"},"service_code":["65"],"billing_class":"institutional","payments":[{"allowed_amount":2.64,"billing_code_modifier":[""],"providers":[{"billed_charge":93.81,"npi":[1336110592,1720574064]}]}]}]},{"name":"MEDICAL\/SURGICAL SUPPLIES","billing_code_type":"RC","billing_code_type_version":"UB04","billing_code":"0270","description":"MEDICAL\/SURGICAL SUPPLIES","allowed_amounts":[{"tin":{"type":"ein","value":"830921220"},"service_code":["65"],"billing_class":"institutional","payments":[{"allowed_amount":3.81,"billing_code_modifier":[""],"providers":[{"billed_charge":135.24,"npi":[1336110592,1720574064]}]}]}]},{"name":"OFFICE\/OUTPATIENT ESTABLISHED LOW MDM 20-29 MIN","billing_code_type":"CPT","billing_code_type_version":"2020","billing_code":"99213","description":"OFFICE\/OUTPATIENT ESTABLISHED LOW MDM 20-29 MIN","allowed_amounts":[{"tin":{"type":"ein","value":"311024554"},"service_code":["11"],"billing_class":"professional","payments":[{"allowed_amount":53.89,"billing_code_modifier":[""],"providers":[{"billed_charge":135.00,"npi":[1356400378,1750408985]}]}]},{"tin":{"type":"ein","value":"311351965"},"service_code":["11"],"billing_class":"professional","payments":[{"allowed_amount":53.89,"billing_code_modifier":[""],"providers":[{"billed_charge":126.00,"npi":[1316365968,1407048085,1528177714,1578545273,1700367869,1881668218,1922510130]}]}]},{"tin":{"type":"ein","value":"311382442"},"service_code":["11"],"billing_class":"professional","payments":[{"allowed_amount":53.89,"billing_code_modifier":[""],"providers":[{"billed_charge":133.00,"npi":[1215339684,1356384143]},{"billed_charge":200.00,"npi":[1215339684,1356384143,1841897089]}]},{"allowed_amount":53.89,"billing_code_modifier":[""],"providers":[{"billed_charge":133.00,"npi":[1215339684,1356384143]},{"billed_charge":200.00,"npi":[1215339684,1356384143,1841897089]}]}]},{"tin":{"type":"ein","value":"311382442"},"service_code":["11"],"billing_class":"professional","payments":[{"allowed_amount":53.89,"billing_code_modifier":[""],"providers":[{"billed_charge":133.00,"npi":[1215339684,1356384143]},{"billed_charge":200.00,"npi":[1215339684,1356384143,1841897089]}]},{"allowed_amount":53.89,"billing_code_modifier":[""],"providers":[{"billed_charge":133.00,"npi":[1215339684,1356384143]},{"billed_charge":200.00,"npi":[1215339684,1356384143,1841897089]}]}]},{"tin":{"type":"ein","value":"454983964"},"service_code":["11"],"billing_class":"professional","payments":[{"allowed_amount":53.89,"billing_code_modifier":[""],"providers":[{"billed_charge":80.00,"npi":[1063771186,1952669228]}]}]},{"tin":{"type":"ein","value":"810616720"},"service_code":["11"],"billing_class":"professional","payments":[{"allowed_amount":53.89,"billing_code_modifier":[""],"providers":[{"billed_charge":134.00,"npi":[1275028490,1598776916]}]}]},{"tin":{"type":"ein","value":"851265167"},"service_code":["11"],"billing_class":"professional","payments":[{"allowed_amount":53.89,"billing_code_modifier":[""],"providers":[{"billed_charge":150.00,"npi":[1386373041,1669413241]}]}]}]},{"name":"OFFICE\/OUTPATIENT ESTABLISHED MOD MDM 30-39 MIN","billing_code_type":"CPT","billing_code_type_version":"2020","billing_code":"99214","description":"OFFICE\/OUTPATIENT ESTABLISHED MOD MDM 30-39 MIN","allowed_amounts":[{"tin":{"type":"ein","value":"201983271"},"service_code":["11"],"billing_class":"professional","payments":[{"allowed_amount":68.00,"billing_code_modifier":[""],"providers":[{"billed_charge":282.00,"npi":[1134154750,1376182253]}]}]},{"tin":{"type":"ein","value":"272041573"},"service_code":["11"],"billing_class":"professional","payments":[{"allowed_amount":68.00,"billing_code_modifier":[""],"providers":[{"billed_charge":145.00,"npi":[1417092586,1710202700]}]}]},{"tin":{"type":"ein","value":"311351965"},"service_code":["11"],"billing_class":"professional","payments":[{"allowed_amount":68.00,"billing_code_modifier":[""],"providers":[{"billed_charge":187.00,"npi":[1134461247,1164031308,1407048085,1437618329,1578545273,1922510130,1932342201]}]}]},{"tin":{"type":"ein","value":"311382442"},"service_code":["11"],"billing_class":"professional","payments":[{"allowed_amount":68.00,"billing_code_modifier":[""],"providers":[{"billed_charge":199.00,"npi":[1356384143,1841897089]},{"billed_charge":282.00,"npi":[1093005274,1205312006,1295311959,1356384143,1841247061]}]},{"allowed_amount":68.00,"billing_code_modifier":[""],"providers":[{"billed_charge":199.00,"npi":[1356384143,1841897089]},{"billed_charge":282.00,"npi":[1093005274,1205312006,1295311959,1356384143,1841247061]}]}]},{"tin":{"type":"ein","value":"311382442"},"service_code":["11"],"billing_class":"professional","payments":[{"allowed_amount":68.00,"billing_code_modifier":[""],"providers":[{"billed_charge":199.00,"npi":[1356384143,1841897089]},{"billed_charge":282.00,"npi":[1093005274,1205312006,1295311959,1356384143,1841247061]}]},{"allowed_amount":68.00,"billing_code_modifier":[""],"providers":[{"billed_charge":199.00,"npi":[1356384143,1841897089]},{"billed_charge":282.00,"npi":[1093005274,1205312006,1295311959,1356384143,1841247061]}]}]},{"tin":{"type":"ein","value":"311532806"},"service_code":["02"],"billing_class":"professional","payments":[{"allowed_amount":68.00,"billing_code_modifier":[""],"providers":[{"billed_charge":175.00,"npi":[1508936204,1699845388]}]}]},{"tin":{"type":"ein","value":"475025949"},"service_code":["02"],"billing_class":"professional","payments":[{"allowed_amount":68.00,"billing_code_modifier":[""],"providers":[{"billed_charge":189.00,"npi":[1477291979,1760854442]}]}]},{"tin":{"type":"ein","value":"813241137"},"service_code":["11"],"billing_class":"professional","payments":[{"allowed_amount":68.00,"billing_code_modifier":[""],"providers":[{"billed_charge":122.27,"npi":[1083146013,1891255857]}]}]}]},{"name":"OFFICE\/OUTPATIENT ESTABLISHED SF MDM 10-19 MIN","billing_code_type":"CPT","billing_code_type_version":"2020","billing_code":"99212","description":"OFFICE\/OUTPATIENT ESTABLISHED SF MDM 10-19 MIN","allowed_amounts":[{"tin":{"type":"ein","value":"311326096"},"service_code":["11"],"billing_class":"professional","payments":[{"allowed_amount":39.76,"billing_code_modifier":[""],"providers":[{"billed_charge":80.00,"npi":[1457317794]}]}]},{"tin":{"type":"ein","value":"311362475"},"service_code":["11"],"billing_class":"professional","payments":[{"allowed_amount":39.76,"billing_code_modifier":[""],"providers":[{"billed_charge":55.00,"npi":[1497788319,1992001283]},{"billed_charge":85.00,"npi":[1497788319,1992001283]}]},{"allowed_amount":39.76,"billing_code_modifier":[""],"providers":[{"billed_charge":55.00,"npi":[1497788319,1992001283]},{"billed_charge":85.00,"npi":[1497788319,1992001283]}]}]},{"tin":{"type":"ein","value":"311362475"},"service_code":["11"],"billing_class":"professional","payments":[{"allowed_amount":39.76,"billing_code_modifier":[""],"providers":[{"billed_charge":55.00,"npi":[1497788319,1992001283]},{"billed_charge":85.00,"npi":[1497788319,1992001283]}]},{"allowed_amount":39.76,"billing_code_modifier":[""],"providers":[{"billed_charge":55.00,"npi":[1497788319,1992001283]},{"billed_charge":85.00,"npi":[1497788319,1992001283]}]}]},{"tin":{"type":"ein","value":"311370371"},"service_code":["11"],"billing_class":"professional","payments":[{"allowed_amount":39.76,"billing_code_modifier":[""],"providers":[{"billed_charge":80.00,"npi":[1528496015,1952430993]}]}]},{"tin":{"type":"ein","value":"341696226"},"service_code":["11"],"billing_class":"professional","payments":[{"allowed_amount":39.76,"billing_code_modifier":[""],"providers":[{"billed_charge":55.00,"npi":[1881752095,1952487514]}]}]},{"tin":{"type":"ein","value":"462062561"},"service_code":["11"],"billing_class":"professional","payments":[{"allowed_amount":39.76,"billing_code_modifier":[""],"providers":[{"billed_charge":70.00,"npi":[1235138629,1750724407]}]}]},{"tin":{"type":"ein","value":"472337501"},"service_code":["11"],"billing_class":"professional","payments":[{"allowed_amount":39.76,"billing_code_modifier":[""],"providers":[{"billed_charge":80.00,"npi":[1578950879,1831194869]}]}]}]},{"name":"PSYCHIATRIC\/PSYCHOLOGICAL SVCS: PARTIAL HOSP - INT","billing_code_type":"RC","billing_code_type_version":"UB04","billing_code":"0913","description":"PSYCHIATRIC\/PSYCHOLOGICAL SVCS: PARTIAL HOSP - INT","allowed_amounts":[{"tin":{"type":"ein","value":"842796507"},"service_code":["22"],"billing_class":"institutional","payments":[{"allowed_amount":406.00,"billing_code_modifier":[""],"providers":[{"billed_charge":2400.00,"npi":[1396087698,1457902041]}]}]}]},{"name":"PSYCHIATRIC\/PSYCHOLOGICAL SVCS: PARTIAL HOSP - LES","billing_code_type":"RC","billing_code_type_version":"UB04","billing_code":"0912","description":"PSYCHIATRIC\/PSYCHOLOGICAL SVCS: PARTIAL HOSP - LES","allowed_amounts":[{"tin":{"type":"ein","value":"821366868"},"service_code":["22"],"billing_class":"institutional","payments":[{"allowed_amount":570.00,"billing_code_modifier":[""],"providers":[{"billed_charge":3895.00,"npi":[1386170900,1396937868]}]}]}]},{"name":"PSYCHIATRIC\/PSYCHOLOGICAL TRT: INTENSIVE OUT SERV","billing_code_type":"RC","billing_code_type_version":"UB04","billing_code":"0906","description":"PSYCHIATRIC\/PSYCHOLOGICAL TRT: INTENSIVE OUT SERV","allowed_amounts":[{"tin":{"type":"ein","value":"822867366"},"service_code":["22"],"billing_class":"institutional","payments":[{"allowed_amount":150.00,"billing_code_modifier":[""],"providers":[{"billed_charge":1625.00,"npi":[1215917885,1730673088]}]}]}]},{"name":"PSYCHOTHERAPY W\/PATIENT 30 MINUTES","billing_code_type":"CPT","billing_code_type_version":"2020","billing_code":"90832","description":"PSYCHOTHERAPY W\/PATIENT 30 MINUTES","allowed_amounts":[{"tin":{"type":"ein","value":"850720685"},"service_code":["02"],"billing_class":"professional","payments":[{"allowed_amount":77.70,"billing_code_modifier":[""],"providers":[{"billed_charge":97.33,"npi":[1215425368,1487310140]}]}]}]},{"name":"PSYCHOTHERAPY W\/PATIENT 45 MINUTES","billing_code_type":"CPT","billing_code_type_version":"2020","billing_code":"90834","description":"PSYCHOTHERAPY W\/PATIENT 45 MINUTES","allowed_amounts":[{"tin":{"type":"ein","value":"018465410"},"service_code":["10","11"],"billing_class":"professional","payments":[{"allowed_amount":67.44,"billing_code_modifier":[""],"providers":[{"billed_charge":175.00,"npi":[1316035256]}]}]},{"tin":{"type":"ein","value":"201350499"},"service_code":["10"],"billing_class":"professional","payments":[{"allowed_amount":67.44,"billing_code_modifier":[""],"providers":[{"billed_charge":180.00,"npi":[1659598357,1821215518]}]}]},{"tin":{"type":"ein","value":"289629764"},"service_code":["02"],"billing_class":"professional","payments":[{"allowed_amount":53.95,"billing_code_modifier":[""],"providers":[{"billed_charge":175.00,"npi":[1689947954]}]}]},{"tin":{"type":"ein","value":"294422190"},"service_code":["11"],"billing_class":"professional","payments":[{"allowed_amount":53.95,"billing_code_modifier":[""],"providers":[{"billed_charge":100.00,"npi":[1588766745]}]}]},{"tin":{"type":"ein","value":"311012162"},"service_code":["11"],"billing_class":"professional","payments":[{"allowed_amount":53.95,"billing_code_modifier":[""],"providers":[{"billed_charge":107.00,"npi":[1578064523,1720349434]}]}]},{"tin":{"type":"ein","value":"341751703"},"service_code":["50"],"billing_class":"professional","payments":[{"allowed_amount":53.95,"billing_code_modifier":[""],"providers":[{"billed_charge":150.00,"npi":[1083194492,1952810640]}]}]},{"tin":{"type":"ein","value":"421601619"},"service_code":["11"],"billing_class":"professional","payments":[{"allowed_amount":67.44,"billing_code_modifier":[""],"providers":[{"billed_charge":109.00,"npi":[1225234115,1326244229]}]}]},{"tin":{"type":"ein","value":"811032395"},"service_code":["02","11"],"billing_class":"professional","payments":[{"allowed_amount":67.44,"billing_code_modifier":[""],"providers":[{"billed_charge":190.00,"npi":[1205905874,1477003143]}]}]},{"tin":{"type":"ein","value":"815046708"},"service_code":["11"],"billing_class":"professional","payments":[{"allowed_amount":67.44,"billing_code_modifier":[""],"providers":[{"billed_charge":180.00,"npi":[1346705530,1679547632]}]}]},{"tin":{"type":"ein","value":"825047060"},"service_code":["02"],"billing_class":"professional","payments":[{"allowed_amount":67.44,"billing_code_modifier":[""],"providers":[{"billed_charge":180.00,"npi":[1174001879,1437439320]}]}]}]},{"name":"PSYCHOTHERAPY W\/PATIENT 60 MINUTES","billing_code_type":"CPT","billing_code_type_version":"2020","billing_code":"90837","description":"PSYCHOTHERAPY W\/PATIENT 60 MINUTES","allowed_amounts":[{"tin":{"type":"ein","value":"245315402"},"service_code":["11"],"billing_class":"professional","payments":[{"allowed_amount":100.67,"billing_code_modifier":[""],"providers":[{"billed_charge":200.00,"npi":[1487797106]}]}]},{"tin":{"type":"ein","value":"274401267"},"service_code":["02"],"billing_class":"professional","payments":[{"allowed_amount":100.67,"billing_code_modifier":[""],"providers":[{"billed_charge":185.00,"npi":[1720257611]}]}]},{"tin":{"type":"ein","value":"286760821"},"service_code":["10"],"billing_class":"professional","payments":[{"allowed_amount":100.67,"billing_code_modifier":[""],"providers":[{"billed_charge":200.00,"npi":[1629529581,1679578561]}]}]},{"tin":{"type":"ein","value":"293529940"},"service_code":["11"],"billing_class":"professional","payments":[{"allowed_amount":80.54,"billing_code_modifier":[""],"providers":[{"billed_charge":150.00,"npi":[1104973817]}]}]},{"tin":{"type":"ein","value":"331059385"},"service_code":["10"],"billing_class":"professional","payments":[{"allowed_amount":100.67,"billing_code_modifier":[""],"providers":[{"billed_charge":155.00,"npi":[1003954330]}]}]},{"tin":{"type":"ein","value":"341753069"},"service_code":["02"],"billing_class":"professional","payments":[{"allowed_amount":80.54,"billing_code_modifier":[""],"providers":[{"billed_charge":150.00,"npi":[1164721270,1316163363]}]}]},{"tin":{"type":"ein","value":"471573854"},"service_code":["02","11"],"billing_class":"professional","payments":[{"allowed_amount":80.54,"billing_code_modifier":[""],"providers":[{"billed_charge":150.00,"npi":[1588993935]},{"billed_charge":160.00,"npi":[1588993935]}]},{"allowed_amount":80.54,"billing_code_modifier":[""],"providers":[{"billed_charge":150.00,"npi":[1588993935]},{"billed_charge":160.00,"npi":[1588993935]}]}]},{"tin":{"type":"ein","value":"471573854"},"service_code":["11"],"billing_class":"professional","payments":[{"allowed_amount":80.54,"billing_code_modifier":[""],"providers":[{"billed_charge":150.00,"npi":[1588993935]},{"billed_charge":160.00,"npi":[1588993935]}]},{"allowed_amount":80.54,"billing_code_modifier":[""],"providers":[{"billed_charge":150.00,"npi":[1588993935]},{"billed_charge":160.00,"npi":[1588993935]}]}]},{"tin":{"type":"ein","value":"475025949"},"service_code":["02"],"billing_class":"professional","payments":[{"allowed_amount":125.84,"billing_code_modifier":[""],"providers":[{"billed_charge":206.00,"npi":[1386918902,1760854442]}]}]},{"tin":{"type":"ein","value":"825047060"},"service_code":["02"],"billing_class":"professional","payments":[{"allowed_amount":100.67,"billing_code_modifier":[""],"providers":[{"billed_charge":220.00,"npi":[1174001879,1437439320]},{"billed_charge":275.00,"npi":[1437439320]}]},{"allowed_amount":100.67,"billing_code_modifier":[""],"providers":[{"billed_charge":220.00,"npi":[1174001879,1437439320]},{"billed_charge":275.00,"npi":[1437439320]}]}]},{"tin":{"type":"ein","value":"825047060"},"service_code":["02"],"billing_class":"professional","payments":[{"allowed_amount":100.67,"billing_code_modifier":[""],"providers":[{"billed_charge":220.00,"npi":[1174001879,1437439320]},{"billed_charge":275.00,"npi":[1437439320]}]},{"allowed_amount":100.67,"billing_code_modifier":[""],"providers":[{"billed_charge":220.00,"npi":[1174001879,1437439320]},{"billed_charge":275.00,"npi":[1437439320]}]}]},{"tin":{"type":"ein","value":"842398237"},"service_code":["11"],"billing_class":"professional","payments":[{"allowed_amount":80.54,"billing_code_modifier":[""],"providers":[{"billed_charge":120.00,"npi":[1174024491]}]}]},{"tin":{"type":"ein","value":"843323493"},"service_code":["11"],"billing_class":"professional","payments":[{"allowed_amount":80.54,"billing_code_modifier":[""],"providers":[{"billed_charge":150.00,"npi":[1790324812]}]}]},{"tin":{"type":"ein","value":"845054251"},"service_code":["10"],"billing_class":"professional","payments":[{"allowed_amount":80.54,"billing_code_modifier":[""],"providers":[{"billed_charge":125.00,"npi":[1831695105]}]}]},{"tin":{"type":"ein","value":"854267963"},"service_code":["02"],"billing_class":"professional","payments":[{"allowed_amount":125.84,"billing_code_modifier":[""],"providers":[{"billed_charge":160.00,"npi":[1053973628,1295321693]}]}]},{"tin":{"type":"ein","value":"862615154"},"service_code":["10"],"billing_class":"professional","payments":[{"allowed_amount":80.54,"billing_code_modifier":[""],"providers":[{"billed_charge":82.15,"npi":[1598199309]}]}]}]},{"name":"RESIDENTIAL TREATMENT-CHEMICAL DEPENDENCY","billing_code_type":"RC","billing_code_type_version":"UB04","billing_code":"1002","description":"RESIDENTIAL TREATMENT-CHEMICAL DEPENDENCY","allowed_amounts":[{"tin":{"type":"ein","value":"900852664"},"service_code":["21"],"billing_class":"institutional","payments":[{"allowed_amount":900.00,"billing_code_modifier":[""],"providers":[{"billed_charge":4295.00,"npi":[1073016226,1396937868]}]}]}]},{"name":"SBSQ HOSPITAL IP\/OBS CARE HIGH MDM 50 MINUTES","billing_code_type":"CPT","billing_code_type_version":"2020","billing_code":"99233","description":"SBSQ HOSPITAL IP\/OBS CARE HIGH MDM 50 MINUTES","allowed_amounts":[{"tin":{"type":"ein","value":"201983271"},"service_code":["21"],"billing_class":"professional","payments":[{"allowed_amount":88.61,"billing_code_modifier":[""],"providers":[{"billed_charge":226.00,"npi":[1134154750,1326332586,1982784534]}]}]},{"tin":{"type":"ein","value":"311405915"},"service_code":["21"],"billing_class":"professional","payments":[{"allowed_amount":88.61,"billing_code_modifier":[""],"providers":[{"billed_charge":244.00,"npi":[1093152456,1245573591,1558355487,1801840434]}]}]}]},{"name":"SPEC CLCT FOR SARS-COV-2 COVID-19 ANY SPEC SRC","billing_code_type":"HCPCS","billing_code_type_version":"HCPCS LEVEL II 2021","billing_code":"G2023","description":"SPEC CLCT FOR SARS-COV-2 COVID-19 ANY SPEC SRC","allowed_amounts":[{"tin":{"type":"ein","value":"292825067"},"service_code":["11"],"billing_class":"professional","payments":[{"allowed_amount":23.46,"billing_code_modifier":[""],"providers":[{"billed_charge":100.00,"npi":[1316197296]}]}]},{"tin":{"type":"ein","value":"320662982"},"service_code":["81"],"billing_class":"professional","payments":[{"allowed_amount":23.46,"billing_code_modifier":[""],"providers":[{"billed_charge":59.00,"npi":[1346417086,1588324958]}]}]},{"tin":{"type":"ein","value":"361924025"},"service_code":["21","81"],"billing_class":"professional","payments":[{"allowed_amount":23.46,"billing_code_modifier":[""],"providers":[{"billed_charge":28.99,"npi":[1023139904,1053316364,1053326009,1154344729,1235146259,1396939906,1427063452,1457591513,1477560480,1477728541,1598770547,1609881655,1790018752,1972518900]}]}]},{"tin":{"type":"ein","value":"463342144"},"service_code":["81"],"billing_class":"professional","payments":[{"allowed_amount":23.46,"billing_code_modifier":[""],"providers":[{"billed_charge":50.00,"npi":[1053541581,1417355678,1487815387]}]}]},{"tin":{"type":"ein","value":"465135063"},"service_code":["81"],"billing_class":"professional","payments":[{"allowed_amount":23.46,"billing_code_modifier":[""],"providers":[{"billed_charge":50.00,"npi":[1366544405,1538570528]}]}]},{"tin":{"type":"ein","value":"831342609"},"service_code":["81"],"billing_class":"professional","payments":[{"allowed_amount":23.46,"billing_code_modifier":[""],"providers":[{"billed_charge":50.00,"npi":[1053541581,1073101028,1356913446,1487815387]}]}]},{"tin":{"type":"ein","value":"832724704"},"service_code":["81"],"billing_class":"professional","payments":[{"allowed_amount":23.46,"billing_code_modifier":[""],"providers":[{"billed_charge":50.00,"npi":[1326694670,1528096781]}]}]},{"tin":{"type":"ein","value":"850602662"},"service_code":["81"],"billing_class":"professional","payments":[{"allowed_amount":23.46,"billing_code_modifier":[""],"providers":[{"billed_charge":50.00,"npi":[1881215622,1982964664]}]}]},{"tin":{"type":"ein","value":"871389817"},"service_code":["11"],"billing_class":"professional","payments":[{"allowed_amount":23.46,"billing_code_modifier":[""],"providers":[{"billed_charge":100.00,"npi":[1770246613]}]}]},{"tin":{"type":"ein","value":"872846040"},"service_code":["81"],"billing_class":"professional","payments":[{"allowed_amount":23.46,"billing_code_modifier":[""],"providers":[{"billed_charge":100.00,"npi":[1689322117]}]}]},{"tin":{"type":"ein","value":"874135119"},"service_code":["81"],"billing_class":"professional","payments":[{"allowed_amount":23.46,"billing_code_modifier":[""],"providers":[{"billed_charge":35.19,"npi":[1275288409,1881121929]}]}]}]},{"name":"THERAPEUT ACTVITY DIRECT PT CONTACT EACH 15 MIN","billing_code_type":"CPT","billing_code_type_version":"2020","billing_code":"97530","description":"THERAPEUT ACTVITY DIRECT PT CONTACT EACH 15 MIN","allowed_amounts":[{"tin":{"type":"ein","value":"204566310"},"service_code":["11"],"billing_class":"professional","payments":[{"allowed_amount":20.85,"billing_code_modifier":[""],"providers":[{"billed_charge":60.00,"npi":[1235161845,1407878499]}]}]},{"tin":{"type":"ein","value":"341942790"},"service_code":["11"],"billing_class":"professional","payments":[{"allowed_amount":20.85,"billing_code_modifier":[""],"providers":[{"billed_charge":45.00,"npi":[1417172263,1700801198]}]}]}]},{"name":"THERAPEUTIC PROCEDURES GROUP 2\/> INDIVIDUALS","billing_code_type":"CPT","billing_code_type_version":"2020","billing_code":"97150","description":"THERAPEUTIC PROCEDURES GROUP 2\/> INDIVIDUALS","allowed_amounts":[{"tin":{"type":"ein","value":"454983964"},"service_code":["11"],"billing_class":"professional","payments":[{"allowed_amount":10.42,"billing_code_modifier":[""],"providers":[{"billed_charge":20.00,"npi":[1063771186,1952669228]}]}]}]},{"name":"TX SPEECH LANG VOICE COMMJ &\/AUDITORY PROC IND","billing_code_type":"CPT","billing_code_type_version":"2020","billing_code":"92507","description":"TX SPEECH LANG VOICE COMMJ &\/AUDITORY PROC IND","allowed_amounts":[{"tin":{"type":"ein","value":"341835951"},"service_code":["11"],"billing_class":"professional","payments":[{"allowed_amount":60.66,"billing_code_modifier":[""],"providers":[{"billed_charge":180.00,"npi":[1538238274,1609279397,1679567358]}]}]}]}]}
