{"reporting_entity_name": "IEC Group_DBA AmeriBen",
	"reporting_entity_type": "Third Party Administrator",
	"plan_name": "KEMIRA WATER SOLUTIONS, INC",
	"plan_id_type": "ein",
	"plan_id": "593657872",
	"plan_market_type": "group",
	"last_updated_on": "2024-01-01","Version": "1.0.0","out_of_network":[{"name":"DR TST DEFIN DR ID M P D 22\/M DR CL","billing_code_type":"HCPCS","billing_code_type_version":"HCPCS LEVEL II 2021","billing_code":"G0483","description":"DR TST DEFIN DR ID M P D 22\/M DR CL","allowed_amounts":[{"tin":{"type":"ein","value":"474815114"},"service_code":["81"],"billing_class":"professional","payments":[{"allowed_amount":0.00,"billing_code_modifier":[""],"providers":[{"billed_charge":395.00,"npi":[1114438132,1215302245]}]}]}]},{"name":"DRUG TST PRSMV INSTRMNT CHEM ANALYZERS PR DATE","billing_code_type":"CPT","billing_code_type_version":"2020","billing_code":"80307","description":"DRUG TST PRSMV INSTRMNT CHEM ANALYZERS PR DATE","allowed_amounts":[{"tin":{"type":"ein","value":"464450977"},"service_code":["81"],"billing_class":"professional","payments":[{"allowed_amount":27.13,"billing_code_modifier":[""],"providers":[{"billed_charge":124.28,"npi":[1184041949,1952596850]}]}]},{"tin":{"type":"ein","value":"474815114"},"service_code":["81"],"billing_class":"professional","payments":[{"allowed_amount":27.13,"billing_code_modifier":[""],"providers":[{"billed_charge":103.00,"npi":[1114438132,1215302245]}]}]}]},{"name":"PNEUMA COMPRESOR NON-SEGMENT","billing_code_type":"HCPCS","billing_code_type_version":"HCPCS LEVEL II 2021","billing_code":"E0650","description":"PNEUMA COMPRESOR NON-SEGMENT","allowed_amounts":[{"tin":{"type":"ein","value":"851488140"},"service_code":["12"],"billing_class":"professional","payments":[{"allowed_amount":0.00,"billing_code_modifier":[""],"providers":[{"billed_charge":241.00,"npi":[1740897206]}]}]}]},{"name":"PSYCHIATRIC\/PSYCHOLOGICAL SVCS: PARTIAL HOSP - INT","billing_code_type":"RC","billing_code_type_version":"UB04","billing_code":"0913","description":"PSYCHIATRIC\/PSYCHOLOGICAL SVCS: PARTIAL HOSP - INT","allowed_amounts":[{"tin":{"type":"ein","value":"920714946"},"service_code":["22"],"billing_class":"institutional","payments":[{"allowed_amount":402.00,"billing_code_modifier":[""],"providers":[{"billed_charge":3750.00,"npi":[1265144216]}]}]}]},{"name":"RESIDENTIAL TREATMENT-CHEMICAL DEPENDENCY","billing_code_type":"RC","billing_code_type_version":"UB04","billing_code":"1002","description":"RESIDENTIAL TREATMENT-CHEMICAL DEPENDENCY","allowed_amounts":[{"tin":{"type":"ein","value":"300871502"},"service_code":["21"],"billing_class":"institutional","payments":[{"allowed_amount":606.00,"billing_code_modifier":[""],"providers":[{"billed_charge":4225.00,"npi":[1063925683,1740546209]}]}]}]}]}
