{"reporting_entity_name": "IEC Group_DBA AmeriBen",
	"reporting_entity_type": "Third Party Administrator",
	"plan_name": "KENTUCKY RURAL ELECTRIC CO-OP",
	"plan_id_type": "ein",
	"plan_id": "610461919",
	"plan_market_type": "group",
	"last_updated_on": "2025-01-01","Version": "1.0.0","out_of_network":[{"name":"CHIROPRACTIC MANIPULATIVE TX SPINAL 3-4 REGIONS","billing_code_type":"CPT","billing_code_type_version":"2020","billing_code":"98941","description":"CHIROPRACTIC MANIPULATIVE TX SPINAL 3-4 REGIONS","allowed_amounts":[{"tin":{"type":"ein","value":"934236895"},"service_code":["11"],"billing_class":"professional","payments":[{"allowed_amount":29.90,"billing_code_modifier":[""],"providers":[{"billed_charge":75.00,"npi":[1255894135,1891538351]}]}]}]},{"name":"PSYCHOTHERAPY W\/PATIENT 45 MINUTES","billing_code_type":"CPT","billing_code_type_version":"2020","billing_code":"90834","description":"PSYCHOTHERAPY W\/PATIENT 45 MINUTES","allowed_amounts":[{"tin":{"type":"ein","value":"352161070"},"service_code":["11"],"billing_class":"professional","payments":[{"allowed_amount":58.80,"billing_code_modifier":[""],"providers":[{"billed_charge":130.00,"npi":[1174569032,1225345168]},{"billed_charge":150.00,"npi":[1174569032,1225345168]}]},{"allowed_amount":58.80,"billing_code_modifier":[""],"providers":[{"billed_charge":130.00,"npi":[1174569032,1225345168]},{"billed_charge":150.00,"npi":[1174569032,1225345168]}]}]},{"tin":{"type":"ein","value":"352161070"},"service_code":["11"],"billing_class":"professional","payments":[{"allowed_amount":58.80,"billing_code_modifier":[""],"providers":[{"billed_charge":130.00,"npi":[1174569032,1225345168]},{"billed_charge":150.00,"npi":[1174569032,1225345168]}]},{"allowed_amount":58.80,"billing_code_modifier":[""],"providers":[{"billed_charge":130.00,"npi":[1174569032,1225345168]},{"billed_charge":150.00,"npi":[1174569032,1225345168]}]}]}]}]}
