{"reporting_entity_name": "IEC Group_DBA AmeriBen",
	"reporting_entity_type": "Third Party Administrator",
	"plan_name": "PURSUIT AEROSPACE",
	"plan_id_type": "ein",
	"plan_id": "921351892",
	"plan_market_type": "group",
	"last_updated_on": "2024-08-01","Version": "1.0.0","out_of_network":[{"name":"APPL MODALITY 1+ AREAS ULTRASOUND EA 15 MIN","billing_code_type":"CPT","billing_code_type_version":"2020","billing_code":"97035","description":"APPL MODALITY 1+ AREAS ULTRASOUND EA 15 MIN","allowed_amounts":[{"tin":{"type":"ein","value":"631133454"},"service_code":["11"],"billing_class":"professional","payments":[{"allowed_amount":8.45,"billing_code_modifier":[""],"providers":[{"billed_charge":38.00,"npi":[1043236151,1558330019,1558769935]}]}]}]},{"name":"APPL MODALITY 1\/> AREAS ELEC STIMJ UNATTENDED","billing_code_type":"CPT","billing_code_type_version":"2020","billing_code":"97014","description":"APPL MODALITY 1\/> AREAS ELEC STIMJ UNATTENDED","allowed_amounts":[{"tin":{"type":"ein","value":"631133454"},"service_code":["11"],"billing_class":"professional","payments":[{"allowed_amount":10.68,"billing_code_modifier":[""],"providers":[{"billed_charge":35.00,"npi":[1043236151,1558330019,1558769935]}]}]}]},{"name":"MANUAL THERAPY TQS 1\/> REGIONS EACH 15 MINUTES","billing_code_type":"CPT","billing_code_type_version":"2020","billing_code":"97140","description":"MANUAL THERAPY TQS 1\/> REGIONS EACH 15 MINUTES","allowed_amounts":[{"tin":{"type":"ein","value":"631133454"},"service_code":["11"],"billing_class":"professional","payments":[{"allowed_amount":20.02,"billing_code_modifier":[""],"providers":[{"billed_charge":55.00,"npi":[1043236151,1558330019,1558769935]}]}]}]},{"name":"THERAPEUTIC PX 1\/> AREAS EACH 15 MIN EXERCISES","billing_code_type":"CPT","billing_code_type_version":"2020","billing_code":"97110","description":"THERAPEUTIC PX 1\/> AREAS EACH 15 MIN EXERCISES","allowed_amounts":[{"tin":{"type":"ein","value":"631133454"},"service_code":["11"],"billing_class":"professional","payments":[{"allowed_amount":42.26,"billing_code_modifier":[""],"providers":[{"billed_charge":110.00,"npi":[1043236151,1558330019,1558769935]}]}]}]}]}
