{"reporting_entity_name": "IEC Group_DBA AmeriBen",
	"reporting_entity_type": "Third Party Administrator",
	"plan_name": "COCHISE COMBINED TRUST",
	"plan_id_type": "ein",
	"plan_id": "721525748",
	"plan_market_type": "group",
	"last_updated_on": "2023-02-01","Version": "1.0.0","out_of_network":[{"name":"CT ABDOMEN & PELVIS W\/CONTRAST MATERIAL","billing_code_type":"CPT","billing_code_type_version":"2020","billing_code":"74177","description":"CT ABDOMEN & PELVIS W\/CONTRAST MATERIAL","allowed_amounts":[{"tin":{"type":"ein","value":"845116186"},"service_code":["11","21","23"],"billing_class":"professional","payments":[{"allowed_amount":850.50,"billing_code_modifier":[""],"providers":[{"billed_charge":1215.00,"npi":[1033557269,1033745708,1184885758,1194766543,1205313798,1225641053,1235263401,1255397378,1336112119,1376854521,1487675120,1487871786,1609304633,1710195276,1770023020,1831464395,1881909356,1982693693]}]}]}]},{"name":"IADNA NOS AMPLIFIED PROBE TQ EACH ORGANISM","billing_code_type":"CPT","billing_code_type_version":"2020","billing_code":"87798","description":"IADNA NOS AMPLIFIED PROBE TQ EACH ORGANISM","allowed_amounts":[{"tin":{"type":"ein","value":"261454419"},"service_code":["81"],"billing_class":"professional","payments":[{"allowed_amount":36.42,"billing_code_modifier":[""],"providers":[{"billed_charge":40.00,"npi":[1073776860,1235249251]},{"billed_charge":50.00,"npi":[1073776860,1730539800]}]},{"allowed_amount":36.42,"billing_code_modifier":[""],"providers":[{"billed_charge":40.00,"npi":[1073776860,1235249251]},{"billed_charge":50.00,"npi":[1073776860,1730539800]}]}]},{"tin":{"type":"ein","value":"261454419"},"service_code":["81"],"billing_class":"professional","payments":[{"allowed_amount":36.42,"billing_code_modifier":[""],"providers":[{"billed_charge":40.00,"npi":[1073776860,1235249251]},{"billed_charge":50.00,"npi":[1073776860,1730539800]}]},{"allowed_amount":36.42,"billing_code_modifier":[""],"providers":[{"billed_charge":40.00,"npi":[1073776860,1235249251]},{"billed_charge":50.00,"npi":[1073776860,1730539800]}]}]}]},{"name":"OFFICE\/OUTPATIENT EST PT MAY NOT REQ PHYS\/QHP","billing_code_type":"CPT","billing_code_type_version":"2020","billing_code":"99211","description":"OFFICE\/OUTPATIENT EST PT MAY NOT REQ PHYS\/QHP","allowed_amounts":[{"tin":{"type":"ein","value":"871979881"},"service_code":["11"],"billing_class":"professional","payments":[{"allowed_amount":30.00,"billing_code_modifier":[""],"providers":[{"billed_charge":60.00,"npi":[1942278676,1962177022]}]}]}]},{"name":"RADEX ANKLE COMPLETE MINIMUM 3 VIEWS","billing_code_type":"CPT","billing_code_type_version":"2020","billing_code":"73610","description":"RADEX ANKLE COMPLETE MINIMUM 3 VIEWS","allowed_amounts":[{"tin":{"type":"ein","value":"845116186"},"service_code":["11","22","23"],"billing_class":"professional","payments":[{"allowed_amount":73.50,"billing_code_modifier":[""],"providers":[{"billed_charge":105.00,"npi":[1033745708,1043575483,1154332807,1194766543,1255381000,1306001383,1316419641,1346506904,1588911259,1639305378,1881663615,1962517656]}]}]}]},{"name":"RADIOLOGIC EXAM CHEST SINGLE VIEW","billing_code_type":"CPT","billing_code_type_version":"2020","billing_code":"71045","description":"RADIOLOGIC EXAM CHEST SINGLE VIEW","allowed_amounts":[{"tin":{"type":"ein","value":"845116186"},"service_code":["21","22","23"],"billing_class":"professional","payments":[{"allowed_amount":88.20,"billing_code_modifier":[""],"providers":[{"billed_charge":126.00,"npi":[1033745708,1073042297,1093797649,1164470621,1184669749,1194161505,1194766543,1205985561,1235235458,1245418839,1255397378,1265852552,1336605567,1376854521,1447246129,1467504027,1558350264,1609842517,1639305378,1659571412,1720536915,1730143561,1952457566,1962517656]}]}]}]}]}
