{"reporting_entity_name": "IEC Group_DBA AmeriBen",
	"reporting_entity_type": "Third Party Administrator",
	"plan_name": "CASELLA WASTE SYSTEMS, INC.",
	"plan_id_type": "ein",
	"plan_id": "030338873",
	"plan_market_type": "group",
	"last_updated_on": "2024-10-01","Version": "1.0.0","out_of_network":[{"name":"HEMO OPD\/HOME: HEMODIALYSIS COMP OR OTHER RATE","billing_code_type":"RC","billing_code_type_version":"UB04","billing_code":"0821","description":"HEMO OPD\/HOME: HEMODIALYSIS COMP OR OTHER RATE","allowed_amounts":[{"tin":{"type":"ein","value":"232536597"},"service_code":["65"],"billing_class":"institutional","payments":[{"allowed_amount":321.20,"billing_code_modifier":[""],"providers":[{"billed_charge":5762.00,"npi":[1326008756,1811160518]}]}]}]},{"name":"PHARMACY","billing_code_type":"RC","billing_code_type_version":"UB04","billing_code":"0250","description":"PHARMACY","allowed_amounts":[{"tin":{"type":"ein","value":"232536597"},"service_code":["65"],"billing_class":"institutional","payments":[{"allowed_amount":0.04,"billing_code_modifier":[""],"providers":[{"billed_charge":0.68,"npi":[1326008756,1811160518]},{"billed_charge":0.94,"npi":[1326008756,1811160518]}]},{"allowed_amount":0.04,"billing_code_modifier":[""],"providers":[{"billed_charge":0.68,"npi":[1326008756,1811160518]},{"billed_charge":0.94,"npi":[1326008756,1811160518]}]}]},{"tin":{"type":"ein","value":"232536597"},"service_code":["65"],"billing_class":"institutional","payments":[{"allowed_amount":0.04,"billing_code_modifier":[""],"providers":[{"billed_charge":0.68,"npi":[1326008756,1811160518]},{"billed_charge":0.94,"npi":[1326008756,1811160518]}]},{"allowed_amount":0.04,"billing_code_modifier":[""],"providers":[{"billed_charge":0.68,"npi":[1326008756,1811160518]},{"billed_charge":0.94,"npi":[1326008756,1811160518]}]}]},{"tin":{"type":"ein","value":"232536597"},"service_code":["65"],"billing_class":"institutional","payments":[{"allowed_amount":0.05,"billing_code_modifier":[""],"providers":[{"billed_charge":0.94,"npi":[1326008756,1811160518]}]}]}]},{"name":"PSYCHIATRIC\/PSYCHOLOGICAL TRT: INTENSIVE OUTPATIEN","billing_code_type":"RC","billing_code_type_version":"UB04","billing_code":"0905","description":"PSYCHIATRIC\/PSYCHOLOGICAL TRT: INTENSIVE OUTPATIEN","allowed_amounts":[{"tin":{"type":"ein","value":"853697257"},"service_code":["22"],"billing_class":"institutional","payments":[{"allowed_amount":350.00,"billing_code_modifier":[""],"providers":[{"billed_charge":2500.00,"npi":[1194472498]}]}]}]},{"name":"RESIDENTIAL TREATMENT-PSYCHIATRIC","billing_code_type":"RC","billing_code_type_version":"UB04","billing_code":"1001","description":"RESIDENTIAL TREATMENT-PSYCHIATRIC","allowed_amounts":[{"tin":{"type":"ein","value":"850942534"},"service_code":["21"],"billing_class":"institutional","payments":[{"allowed_amount":1723.65,"billing_code_modifier":[""],"providers":[{"billed_charge":4720.00,"npi":[1770159105,1962813295]}]}]}]}]}
