{"reporting_entity_name": "IEC Group_DBA AmeriBen",
	"reporting_entity_type": "Third Party Administrator",
	"plan_name": "THE DOCTORS MANAGEMENT COMPANY",
	"plan_id_type": "ein",
	"plan_id": "952958888",
	"plan_market_type": "group",
	"last_updated_on": "2024-11-01","Version": "1.0.0","out_of_network":[{"name":"ACUP 1\/> NDLS W\/ELEC STIMJ EA 15 MIN W\/RE-INSJ","billing_code_type":"CPT","billing_code_type_version":"2020","billing_code":"97814","description":"ACUP 1\/> NDLS W\/ELEC STIMJ EA 15 MIN W\/RE-INSJ","allowed_amounts":[{"tin":{"type":"ein","value":"202954053"},"service_code":["11"],"billing_class":"professional","payments":[{"allowed_amount":108.06,"billing_code_modifier":[""],"providers":[{"billed_charge":200.00,"npi":[1659417665]},{"billed_charge":250.00,"npi":[1659417665]}]},{"allowed_amount":108.06,"billing_code_modifier":[""],"providers":[{"billed_charge":200.00,"npi":[1659417665]},{"billed_charge":250.00,"npi":[1659417665]}]}]},{"tin":{"type":"ein","value":"202954053"},"service_code":["11"],"billing_class":"professional","payments":[{"allowed_amount":108.06,"billing_code_modifier":[""],"providers":[{"billed_charge":200.00,"npi":[1659417665]},{"billed_charge":250.00,"npi":[1659417665]}]},{"allowed_amount":108.06,"billing_code_modifier":[""],"providers":[{"billed_charge":200.00,"npi":[1659417665]},{"billed_charge":250.00,"npi":[1659417665]}]}]}]},{"name":"ACUPUNCTURE 1\/> NDLS W\/ELEC STIMJ 1ST 15 MIN","billing_code_type":"CPT","billing_code_type_version":"2020","billing_code":"97813","description":"ACUPUNCTURE 1\/> NDLS W\/ELEC STIMJ 1ST 15 MIN","allowed_amounts":[{"tin":{"type":"ein","value":"202954053"},"service_code":["11"],"billing_class":"professional","payments":[{"allowed_amount":66.80,"billing_code_modifier":[""],"providers":[{"billed_charge":160.00,"npi":[1659417665]}]}]}]},{"name":"ADAPT BHV TX PRTCL MODIFICAJ PHYS\/QHP EA 15 MIN","billing_code_type":"CPT","billing_code_type_version":"2020","billing_code":"97155","description":"ADAPT BHV TX PRTCL MODIFICAJ PHYS\/QHP EA 15 MIN","allowed_amounts":[{"tin":{"type":"ein","value":"821415259"},"service_code":["11"],"billing_class":"professional","payments":[{"allowed_amount":88.00,"billing_code_modifier":[""],"providers":[{"billed_charge":88.00,"npi":[1104371939,1700324555]}]}]}]},{"name":"ADAPTIVE BEHAVIOR TX BY PROTOCOL TECH EA 15 MIN","billing_code_type":"CPT","billing_code_type_version":"2020","billing_code":"97153","description":"ADAPTIVE BEHAVIOR TX BY PROTOCOL TECH EA 15 MIN","allowed_amounts":[{"tin":{"type":"ein","value":"821415259"},"service_code":["11"],"billing_class":"professional","payments":[{"allowed_amount":300.01,"billing_code_modifier":[""],"providers":[{"billed_charge":346.20,"npi":[1104371939,1700324555]}]}]}]},{"name":"APPLICATION MODALITY 1\/> AREAS INFRARED","billing_code_type":"CPT","billing_code_type_version":"2020","billing_code":"97026","description":"APPLICATION MODALITY 1\/> AREAS INFRARED","allowed_amounts":[{"tin":{"type":"ein","value":"202954053"},"service_code":["11"],"billing_class":"professional","payments":[{"allowed_amount":9.83,"billing_code_modifier":[""],"providers":[{"billed_charge":45.00,"npi":[1659417665]}]}]}]},{"name":"FAMILY ADAPT BHV TX GDN PHYS\/QHP EA 15 MIN","billing_code_type":"CPT","billing_code_type_version":"2020","billing_code":"97156","description":"FAMILY ADAPT BHV TX GDN PHYS\/QHP EA 15 MIN","allowed_amounts":[{"tin":{"type":"ein","value":"821415259"},"service_code":["11"],"billing_class":"professional","payments":[{"allowed_amount":94.16,"billing_code_modifier":[""],"providers":[{"billed_charge":94.16,"npi":[1104371939,1700324555]}]}]}]},{"name":"MANUAL THERAPY TQS 1\/> REGIONS EACH 15 MINUTES","billing_code_type":"CPT","billing_code_type_version":"2020","billing_code":"97140","description":"MANUAL THERAPY TQS 1\/> REGIONS EACH 15 MINUTES","allowed_amounts":[{"tin":{"type":"ein","value":"202974619"},"service_code":["11"],"billing_class":"professional","payments":[{"allowed_amount":39.78,"billing_code_modifier":[""],"providers":[{"billed_charge":120.00,"npi":[1316933724,1407905458,1962614222]}]}]},{"tin":{"type":"ein","value":"822088711"},"service_code":["11"],"billing_class":"professional","payments":[{"allowed_amount":39.78,"billing_code_modifier":[""],"providers":[{"billed_charge":75.00,"npi":[1386106128,1568817997]}]}]}]},{"name":"PSYCHOTHERAPY W\/PATIENT 45 MINUTES","billing_code_type":"CPT","billing_code_type_version":"2020","billing_code":"90834","description":"PSYCHOTHERAPY W\/PATIENT 45 MINUTES","allowed_amounts":[{"tin":{"type":"ein","value":"128541213"},"service_code":["11","99"],"billing_class":"professional","payments":[{"allowed_amount":152.27,"billing_code_modifier":[""],"providers":[{"billed_charge":225.00,"npi":[1427658483]}]}]},{"tin":{"type":"ein","value":"464113304"},"service_code":["10"],"billing_class":"professional","payments":[{"allowed_amount":152.27,"billing_code_modifier":[""],"providers":[{"billed_charge":250.00,"npi":[1013041342,1699376475]}]}]},{"tin":{"type":"ein","value":"760799290"},"service_code":["02"],"billing_class":"professional","payments":[{"allowed_amount":152.27,"billing_code_modifier":[""],"providers":[{"billed_charge":250.00,"npi":[1043382922]}]}]},{"tin":{"type":"ein","value":"800651348"},"service_code":["11"],"billing_class":"professional","payments":[{"allowed_amount":160.00,"billing_code_modifier":[""],"providers":[{"billed_charge":160.00,"npi":[1366097495,1881730513]}]}]}]},{"name":"PSYCHOTHERAPY W\/PATIENT 60 MINUTES","billing_code_type":"CPT","billing_code_type_version":"2020","billing_code":"90837","description":"PSYCHOTHERAPY W\/PATIENT 60 MINUTES","allowed_amounts":[{"tin":{"type":"ein","value":"461214770"},"service_code":["11"],"billing_class":"professional","payments":[{"allowed_amount":97.90,"billing_code_modifier":[""],"providers":[{"billed_charge":250.00,"npi":[1407426919,1770151748]}]}]},{"tin":{"type":"ein","value":"462634111"},"service_code":["11"],"billing_class":"professional","payments":[{"allowed_amount":150.00,"billing_code_modifier":[""],"providers":[{"billed_charge":150.00,"npi":[1346755717,1629410022]}]}]},{"tin":{"type":"ein","value":"462634111"},"service_code":["11"],"billing_class":"professional","payments":[{"allowed_amount":180.00,"billing_code_modifier":[""],"providers":[{"billed_charge":180.00,"npi":[1487828620,1629410022]}]}]},{"tin":{"type":"ein","value":"862245504"},"service_code":["02"],"billing_class":"professional","payments":[{"allowed_amount":220.00,"billing_code_modifier":[""],"providers":[{"billed_charge":220.00,"npi":[1124607015,1912353749]}]}]}]},{"name":"THER PX 1\/> AREAS EACH 15 MIN NEUROMUSC REEDUCA","billing_code_type":"CPT","billing_code_type_version":"2020","billing_code":"97112","description":"THER PX 1\/> AREAS EACH 15 MIN NEUROMUSC REEDUCA","allowed_amounts":[{"tin":{"type":"ein","value":"202974619"},"service_code":["11"],"billing_class":"professional","payments":[{"allowed_amount":49.61,"billing_code_modifier":[""],"providers":[{"billed_charge":120.00,"npi":[1316933724,1407905458,1962614222]}]}]},{"tin":{"type":"ein","value":"822088711"},"service_code":["11"],"billing_class":"professional","payments":[{"allowed_amount":49.61,"billing_code_modifier":[""],"providers":[{"billed_charge":65.00,"npi":[1386106128,1568817997]}]}]}]},{"name":"THERAPEUT ACTVITY DIRECT PT CONTACT EACH 15 MIN","billing_code_type":"CPT","billing_code_type_version":"2020","billing_code":"97530","description":"THERAPEUT ACTVITY DIRECT PT CONTACT EACH 15 MIN","allowed_amounts":[{"tin":{"type":"ein","value":"822088711"},"service_code":["11"],"billing_class":"professional","payments":[{"allowed_amount":54.03,"billing_code_modifier":[""],"providers":[{"billed_charge":65.00,"npi":[1386106128,1568817997]}]}]}]},{"name":"THERAPEUTIC PX 1\/> AREAS EACH 15 MIN EXERCISES","billing_code_type":"CPT","billing_code_type_version":"2020","billing_code":"97110","description":"THERAPEUTIC PX 1\/> AREAS EACH 15 MIN EXERCISES","allowed_amounts":[{"tin":{"type":"ein","value":"202974619"},"service_code":["11"],"billing_class":"professional","payments":[{"allowed_amount":43.22,"billing_code_modifier":[""],"providers":[{"billed_charge":120.00,"npi":[1316933724,1407905458,1962614222]}]}]},{"tin":{"type":"ein","value":"822088711"},"service_code":["11"],"billing_class":"professional","payments":[{"allowed_amount":43.22,"billing_code_modifier":[""],"providers":[{"billed_charge":75.00,"npi":[1386106128,1568817997]}]}]}]}]}
