{"reporting_entity_name": "IEC Group_DBA AmeriBen",
	"reporting_entity_type": "Third Party Administrator",
	"plan_name": "KYRENE ELEM SCHOOL DISTRICT",
	"plan_id_type": "ein",
	"plan_id": "866000494",
	"plan_market_type": "group",
	"last_updated_on": "2025-02-01","Version": "1.0.0","out_of_network":[{"name":"EMERGENCY DEPARTMENT VISIT HIGH MDM","billing_code_type":"CPT","billing_code_type_version":"2020","billing_code":"99285","description":"EMERGENCY DEPARTMENT VISIT HIGH MDM","allowed_amounts":[{"tin":{"type":"ein","value":"460508979"},"service_code":["23"],"billing_class":"professional","payments":[{"allowed_amount":271.95,"billing_code_modifier":[""],"providers":[{"billed_charge":1516.00,"npi":[1003317215,1134137458,1194753095,1215375530,1275111213,1295711208,1770023020,1790344331,1831622430,1861428633,1962842708]}]}]},{"tin":{"type":"ein","value":"814399995"},"service_code":["23"],"billing_class":"professional","payments":[{"allowed_amount":271.95,"billing_code_modifier":[""],"providers":[{"billed_charge":1418.00,"npi":[1154768406,1245772870,1437712890,1508317306,1528148335,1700862133]}]}]},{"tin":{"type":"ein","value":"860415065"},"service_code":["23"],"billing_class":"professional","payments":[{"allowed_amount":271.95,"billing_code_modifier":[""],"providers":[{"billed_charge":1800.00,"npi":[1215986096,1942837703]}]}]}]},{"name":"EMERGENCY DEPARTMENT VISIT MODERATE MDM","billing_code_type":"CPT","billing_code_type_version":"2020","billing_code":"99284","description":"EMERGENCY DEPARTMENT VISIT MODERATE MDM","allowed_amounts":[{"tin":{"type":"ein","value":"460508979"},"service_code":["23"],"billing_class":"professional","payments":[{"allowed_amount":181.68,"billing_code_modifier":[""],"providers":[{"billed_charge":1026.00,"npi":[1073897393,1093026171,1104871961,1316472350,1720588239,1821304775,1871910968]}]}]},{"tin":{"type":"ein","value":"814399995"},"service_code":["23"],"billing_class":"professional","payments":[{"allowed_amount":181.68,"billing_code_modifier":[""],"providers":[{"billed_charge":895.00,"npi":[1174759807,1245772870,1417483538,1427383447,1437712890,1447700968,1598086688,1689637019,1760825566,1932231487]}]}]},{"tin":{"type":"ein","value":"823394691"},"service_code":["23"],"billing_class":"professional","payments":[{"allowed_amount":181.68,"billing_code_modifier":[""],"providers":[{"billed_charge":2461.65,"npi":[1154898435,1609357946,1689170813]}]}]},{"tin":{"type":"ein","value":"823537014"},"service_code":["23"],"billing_class":"professional","payments":[{"allowed_amount":181.68,"billing_code_modifier":[""],"providers":[{"billed_charge":2461.65,"npi":[1356818496,1750895686,1962841353]}]}]},{"tin":{"type":"ein","value":"860415065"},"service_code":["23"],"billing_class":"professional","payments":[{"allowed_amount":181.68,"billing_code_modifier":[""],"providers":[{"billed_charge":1227.00,"npi":[1104835610]}]}]},{"tin":{"type":"ein","value":"860593131"},"service_code":["23"],"billing_class":"professional","payments":[{"allowed_amount":181.68,"billing_code_modifier":[""],"providers":[{"billed_charge":1223.00,"npi":[1356849871]}]}]}]}]}
