{"reporting_entity_name": "IEC Group_DBA AmeriBen",
	"reporting_entity_type": "Third Party Administrator",
	"plan_name": "ZELIS HEALTHCARE",
	"plan_id_type": "ein",
	"plan_id": "582167964",
	"plan_market_type": "group",
	"last_updated_on": "2024-05-02","Version": "1.0.0","out_of_network":[{"name":"CHIROPRACTIC MANIPLTV TX EXTRASPINAL 1\/> REGION","billing_code_type":"CPT","billing_code_type_version":"2020","billing_code":"98943","description":"CHIROPRACTIC MANIPLTV TX EXTRASPINAL 1\/> REGION","allowed_amounts":[{"tin":{"type":"ein","value":"862671747"},"service_code":["11"],"billing_class":"professional","payments":[{"allowed_amount":43.59,"billing_code_modifier":[""],"providers":[{"billed_charge":100.00,"npi":[1932328150]}]}]}]},{"name":"CHIROPRACTIC MANIPULATIVE TX SPINAL 3-4 REGIONS","billing_code_type":"CPT","billing_code_type_version":"2020","billing_code":"98941","description":"CHIROPRACTIC MANIPULATIVE TX SPINAL 3-4 REGIONS","allowed_amounts":[{"tin":{"type":"ein","value":"862671747"},"service_code":["11"],"billing_class":"professional","payments":[{"allowed_amount":66.35,"billing_code_modifier":[""],"providers":[{"billed_charge":125.00,"npi":[1932328150]}]}]}]},{"name":"DETOXIFICATION","billing_code_type":"RC","billing_code_type_version":"UB04","billing_code":"0126","description":"DETOXIFICATION","allowed_amounts":[{"tin":{"type":"ein","value":"472119460"},"service_code":["21"],"billing_class":"institutional","payments":[{"allowed_amount":1053.00,"billing_code_modifier":[""],"providers":[{"billed_charge":6759.38,"npi":[1033502091,1073175279]}]}]},{"tin":{"type":"ein","value":"881354320"},"service_code":["21"],"billing_class":"institutional","payments":[{"allowed_amount":1053.00,"billing_code_modifier":[""],"providers":[{"billed_charge":8500.00,"npi":[1023360542,1760171698]}]}]},{"tin":{"type":"ein","value":"922019341"},"service_code":["21"],"billing_class":"institutional","payments":[{"allowed_amount":1053.00,"billing_code_modifier":[""],"providers":[{"billed_charge":6700.00,"npi":[1003699752,1225267750]}]}]}]},{"name":"IADNA CANDIDA SPECIES AMPLIFIED PROBE TQ","billing_code_type":"CPT","billing_code_type_version":"2020","billing_code":"87481","description":"IADNA CANDIDA SPECIES AMPLIFIED PROBE TQ","allowed_amounts":[{"tin":{"type":"ein","value":"264614161"},"service_code":["81"],"billing_class":"professional","payments":[{"allowed_amount":14.73,"billing_code_modifier":[""],"providers":[{"billed_charge":61.41,"npi":[1033449640,1619367679,1699705293]}]}]},{"tin":{"type":"ein","value":"852533341"},"service_code":["81"],"billing_class":"professional","payments":[{"allowed_amount":14.73,"billing_code_modifier":[""],"providers":[{"billed_charge":87.73,"npi":[1174137368,1457977209,1699705293]}]}]}]},{"name":"IADNA NOS AMPLIFIED PROBE TQ EACH ORGANISM","billing_code_type":"CPT","billing_code_type_version":"2020","billing_code":"87798","description":"IADNA NOS AMPLIFIED PROBE TQ EACH ORGANISM","allowed_amounts":[{"tin":{"type":"ein","value":"852533341"},"service_code":["81"],"billing_class":"professional","payments":[{"allowed_amount":14.73,"billing_code_modifier":[""],"providers":[{"billed_charge":87.73,"npi":[1174137368,1457977209,1699705293]}]}]}]},{"name":"PSYCHOTHERAPY W\/PATIENT 45 MINUTES","billing_code_type":"CPT","billing_code_type_version":"2020","billing_code":"90834","description":"PSYCHOTHERAPY W\/PATIENT 45 MINUTES","allowed_amounts":[{"tin":{"type":"ein","value":"220603741"},"service_code":["02"],"billing_class":"professional","payments":[{"allowed_amount":149.96,"billing_code_modifier":[""],"providers":[{"billed_charge":250.00,"npi":[1932601804]}]}]}]},{"name":"PSYCHOTHERAPY W\/PATIENT 60 MINUTES","billing_code_type":"CPT","billing_code_type_version":"2020","billing_code":"90837","description":"PSYCHOTHERAPY W\/PATIENT 60 MINUTES","allowed_amounts":[{"tin":{"type":"ein","value":"874585391"},"service_code":["11"],"billing_class":"professional","payments":[{"allowed_amount":134.89,"billing_code_modifier":[""],"providers":[{"billed_charge":190.00,"npi":[1114235793,1114673654]}]}]}]},{"name":"THERAPEUTIC PX 1\/> AREAS EACH 15 MIN EXERCISES","billing_code_type":"CPT","billing_code_type_version":"2020","billing_code":"97110","description":"THERAPEUTIC PX 1\/> AREAS EACH 15 MIN EXERCISES","allowed_amounts":[{"tin":{"type":"ein","value":"862671747"},"service_code":["11"],"billing_class":"professional","payments":[{"allowed_amount":49.98,"billing_code_modifier":[""],"providers":[{"billed_charge":95.00,"npi":[1932328150]}]}]}]}]}
