{"reporting_entity_name": "IEC Group_DBA AmeriBen",
	"reporting_entity_type": "Third Party Administrator",
	"plan_name": "LIPPERT",
	"plan_id_type": "ein",
	"plan_id": "133966839",
	"plan_market_type": "group",
	"last_updated_on": "2026-01-01","Version": "1.0.0","out_of_network":[{"name":"CCPD OPD\/HOME: CCPD COMP OR OTHER RATE","billing_code_type":"RC","billing_code_type_version":"UB04","billing_code":"0851","description":"CCPD OPD\/HOME: CCPD COMP OR OTHER RATE","allowed_amounts":[{"tin":{"type":"ein","value":"271126684"},"service_code":["65"],"billing_class":"institutional","payments":[{"allowed_amount":363.08,"billing_code_modifier":[""],"providers":[{"billed_charge":4341.00,"npi":[1205163276,1467683904]}]}]}]},{"name":"CHIROPRACTIC MANIPULATIVE TX SPINAL 3-4 REGIONS","billing_code_type":"CPT","billing_code_type_version":"2020","billing_code":"98941","description":"CHIROPRACTIC MANIPULATIVE TX SPINAL 3-4 REGIONS","allowed_amounts":[{"tin":{"type":"ein","value":"202033073"},"service_code":["11"],"billing_class":"professional","payments":[{"allowed_amount":50.00,"billing_code_modifier":[""],"providers":[{"billed_charge":50.00,"npi":[1174726970,1649288689]}]}]},{"tin":{"type":"ein","value":"351860150"},"service_code":["11"],"billing_class":"professional","payments":[{"allowed_amount":50.00,"billing_code_modifier":[""],"providers":[{"billed_charge":50.00,"npi":[1497899454,1861763633]}]}]},{"tin":{"type":"ein","value":"352192086"},"service_code":["11"],"billing_class":"professional","payments":[{"allowed_amount":50.00,"billing_code_modifier":[""],"providers":[{"billed_charge":50.00,"npi":[1700188059,1811206733]}]}]},{"tin":{"type":"ein","value":"461328364"},"service_code":["11"],"billing_class":"professional","payments":[{"allowed_amount":32.35,"billing_code_modifier":[""],"providers":[{"billed_charge":65.00,"npi":[1215273883,1669654364]}]}]},{"tin":{"type":"ein","value":"851059164"},"service_code":["11"],"billing_class":"professional","payments":[{"allowed_amount":32.35,"billing_code_modifier":[""],"providers":[{"billed_charge":75.00,"npi":[1225656119,1790585115]}]}]}]},{"name":"DRUGS REQUIRE SPECIFIC ID: DRUGS REQUIRING DETAIL","billing_code_type":"RC","billing_code_type_version":"UB04","billing_code":"0636","description":"DRUGS REQUIRE SPECIFIC ID: DRUGS REQUIRING DETAIL","allowed_amounts":[{"tin":{"type":"ein","value":"208521308"},"service_code":["65"],"billing_class":"institutional","payments":[{"allowed_amount":9.07,"billing_code_modifier":[""],"providers":[{"billed_charge":158.55,"npi":[1003868597,1205017811]}]}]}]},{"name":"EMERGENCY DEPARTMENT VISIT MODERATE MDM","billing_code_type":"CPT","billing_code_type_version":"2020","billing_code":"99284","description":"EMERGENCY DEPARTMENT VISIT MODERATE MDM","allowed_amounts":[{"tin":{"type":"ein","value":"271112877"},"service_code":["23"],"billing_class":"professional","payments":[{"allowed_amount":170.92,"billing_code_modifier":[""],"providers":[{"billed_charge":1141.00,"npi":[1013327782,1144516600,1174546808,1184626871,1245257872,1457709040]}]}]},{"tin":{"type":"ein","value":"822977026"},"service_code":["23"],"billing_class":"professional","payments":[{"allowed_amount":170.92,"billing_code_modifier":[""],"providers":[{"billed_charge":892.00,"npi":[1669452504,1699288811]}]}]},{"tin":{"type":"ein","value":"931447847"},"service_code":["23"],"billing_class":"professional","payments":[{"allowed_amount":170.92,"billing_code_modifier":[""],"providers":[{"billed_charge":1164.00,"npi":[1114422623,1568967909,1831875822]}]}]}]},{"name":"PHARMACY","billing_code_type":"RC","billing_code_type_version":"UB04","billing_code":"0250","description":"PHARMACY","allowed_amounts":[{"tin":{"type":"ein","value":"208521308"},"service_code":["65"],"billing_class":"institutional","payments":[{"allowed_amount":0.03,"billing_code_modifier":[""],"providers":[{"billed_charge":0.70,"npi":[1003868597,1205017811]}]}]},{"tin":{"type":"ein","value":"208521308"},"service_code":["65"],"billing_class":"institutional","payments":[{"allowed_amount":0.04,"billing_code_modifier":[""],"providers":[{"billed_charge":0.70,"npi":[1003868597,1205017811]}]}]},{"tin":{"type":"ein","value":"953372911"},"service_code":["65"],"billing_class":"institutional","payments":[{"allowed_amount":0.03,"billing_code_modifier":[""],"providers":[{"billed_charge":0.70,"npi":[1255656138,1437561693,1891795670]}]}]},{"tin":{"type":"ein","value":"953372911"},"service_code":["65"],"billing_class":"institutional","payments":[{"allowed_amount":0.04,"billing_code_modifier":[""],"providers":[{"billed_charge":0.70,"npi":[1255656138,1437561693,1891795670]}]}]}]},{"name":"PSYCHIATRIC\/PSYCHOLOGICAL SVCS: PARTIAL HOSP - INT","billing_code_type":"RC","billing_code_type_version":"UB04","billing_code":"0913","description":"PSYCHIATRIC\/PSYCHOLOGICAL SVCS: PARTIAL HOSP - INT","allowed_amounts":[{"tin":{"type":"ein","value":"822806827"},"service_code":["52"],"billing_class":"institutional","payments":[{"allowed_amount":603.58,"billing_code_modifier":[""],"providers":[{"billed_charge":2600.00,"npi":[1205923224,1851898811]}]}]}]},{"name":"PSYCHIATRIC\/PSYCHOLOGICAL TRT: INTENSIVE OUT SERV","billing_code_type":"RC","billing_code_type_version":"UB04","billing_code":"0906","description":"PSYCHIATRIC\/PSYCHOLOGICAL TRT: INTENSIVE OUT SERV","allowed_amounts":[{"tin":{"type":"ein","value":"873581824"},"service_code":["22"],"billing_class":"institutional","payments":[{"allowed_amount":1495.67,"billing_code_modifier":[""],"providers":[{"billed_charge":4298.01,"npi":[1295466266,1750724886]}]}]}]},{"name":"PSYCHOTHERAPY W\/PATIENT 60 MINUTES","billing_code_type":"CPT","billing_code_type_version":"2020","billing_code":"90837","description":"PSYCHOTHERAPY W\/PATIENT 60 MINUTES","allowed_amounts":[{"tin":{"type":"ein","value":"273098115"},"service_code":["10"],"billing_class":"professional","payments":[{"allowed_amount":125.00,"billing_code_modifier":[""],"providers":[{"billed_charge":125.00,"npi":[1366923690,1831491125]}]}]}]},{"name":"RESIDENTIAL TREATMENT-CHEMICAL DEPENDENCY","billing_code_type":"RC","billing_code_type_version":"UB04","billing_code":"1002","description":"RESIDENTIAL TREATMENT-CHEMICAL DEPENDENCY","allowed_amounts":[{"tin":{"type":"ein","value":"922019341"},"service_code":["21"],"billing_class":"institutional","payments":[{"allowed_amount":3895.00,"billing_code_modifier":[""],"providers":[{"billed_charge":7790.00,"npi":[1003699752,1932472883]}]}]}]}]}
