{"reporting_entity_name": "IEC Group_DBA AmeriBen",
	"reporting_entity_type": "Third Party Administrator",
	"plan_name": "CATHOLIC DIOCESE OF RICHMOND",
	"plan_id_type": "ein",
	"plan_id": "540505947",
	"plan_market_type": "group",
	"last_updated_on": "2025-10-01","Version": "1.0.0","out_of_network":[{"name":"25 HYDROXY INCLUDES FRACTIONS IF PERFORMED","billing_code_type":"CPT","billing_code_type_version":"2020","billing_code":"82306","description":"25 HYDROXY INCLUDES FRACTIONS IF PERFORMED","allowed_amounts":[{"tin":{"type":"ein","value":"541840230"},"service_code":["22"],"billing_class":"professional","payments":[{"allowed_amount":0.00,"billing_code_modifier":[""],"providers":[{"billed_charge":25.00,"npi":[1134339393,1134534167,1366499733,1366514747,1437119310,1649245002,1811072820,1952405680]}]}]},{"tin":{"type":"ein","value":"541840230"},"service_code":["22"],"billing_class":"professional","payments":[{"allowed_amount":25.00,"billing_code_modifier":[""],"providers":[{"billed_charge":25.00,"npi":[1134339393,1235790734,1326260951,1366499733,1437119310,1477281210,1487618450,1598722803,1649590746,1679765085,1952720096]}]}]}]},{"name":"APPL MODALITY 1\/> AREAS TRACTION MECHANICAL","billing_code_type":"CPT","billing_code_type_version":"2020","billing_code":"97012","description":"APPL MODALITY 1\/> AREAS TRACTION MECHANICAL","allowed_amounts":[{"tin":{"type":"ein","value":"455027727"},"service_code":["11"],"billing_class":"professional","payments":[{"allowed_amount":0.00,"billing_code_modifier":[""],"providers":[{"billed_charge":14.00,"npi":[1598900573,1699023135]}]}]},{"tin":{"type":"ein","value":"541447045"},"service_code":["11"],"billing_class":"professional","payments":[{"allowed_amount":0.00,"billing_code_modifier":[""],"providers":[{"billed_charge":20.00,"npi":[1770776544,1902809395]}]}]},{"tin":{"type":"ein","value":"843255077"},"service_code":["11"],"billing_class":"professional","payments":[{"allowed_amount":0.00,"billing_code_modifier":[""],"providers":[{"billed_charge":11.50,"npi":[1275175705,1427307719,1992184998]},{"billed_charge":31.00,"npi":[1275175705,1427307719,1992184998]}]},{"allowed_amount":0.00,"billing_code_modifier":[""],"providers":[{"billed_charge":11.50,"npi":[1275175705,1427307719,1992184998]},{"billed_charge":31.00,"npi":[1275175705,1427307719,1992184998]}]}]},{"tin":{"type":"ein","value":"843255077"},"service_code":["11"],"billing_class":"professional","payments":[{"allowed_amount":0.00,"billing_code_modifier":[""],"providers":[{"billed_charge":11.50,"npi":[1275175705,1427307719,1992184998]},{"billed_charge":31.00,"npi":[1275175705,1427307719,1992184998]}]},{"allowed_amount":0.00,"billing_code_modifier":[""],"providers":[{"billed_charge":11.50,"npi":[1275175705,1427307719,1992184998]},{"billed_charge":31.00,"npi":[1275175705,1427307719,1992184998]}]}]}]},{"name":"ASSAY OF FREE THYROXINE","billing_code_type":"CPT","billing_code_type_version":"2020","billing_code":"84439","description":"ASSAY OF FREE THYROXINE","allowed_amounts":[{"tin":{"type":"ein","value":"541840230"},"service_code":["22"],"billing_class":"professional","payments":[{"allowed_amount":10.80,"billing_code_modifier":[""],"providers":[{"billed_charge":16.00,"npi":[1134339393,1164495800,1366499733,1437119310,1477281210,1679765085,1760583066]}]}]}]},{"name":"ASSAY OF THYROID STIMULATING HORMONE TSH","billing_code_type":"CPT","billing_code_type_version":"2020","billing_code":"84443","description":"ASSAY OF THYROID STIMULATING HORMONE TSH","allowed_amounts":[{"tin":{"type":"ein","value":"541840230"},"service_code":["22"],"billing_class":"professional","payments":[{"allowed_amount":0.00,"billing_code_modifier":[""],"providers":[{"billed_charge":28.00,"npi":[1134339393,1134534167,1255594271,1366499733,1366514747,1437119310,1508249178,1518096577,1649245002,1669466520,1932695517,1992773865]}]}]},{"tin":{"type":"ein","value":"541840230"},"service_code":["22"],"billing_class":"professional","payments":[{"allowed_amount":20.38,"billing_code_modifier":[""],"providers":[{"billed_charge":28.00,"npi":[1134339393,1164495800,1366499733,1417248436,1437119310,1477281210,1487618450,1528028396,1558305383,1598722803,1609841907,1619909058,1649761313,1679765085,1750539268,1760448229,1760583066,1811957681,1841372828,1881088839,1952720096,1962466524]}]}]}]},{"name":"BASIC METABOLIC PANEL CALCIUM TOTAL","billing_code_type":"CPT","billing_code_type_version":"2020","billing_code":"80048","description":"BASIC METABOLIC PANEL CALCIUM TOTAL","allowed_amounts":[{"tin":{"type":"ein","value":"541840230"},"service_code":["22"],"billing_class":"professional","payments":[{"allowed_amount":0.00,"billing_code_modifier":[""],"providers":[{"billed_charge":25.00,"npi":[1134339393,1366499733,1427434844,1437119310,1508414814,1558305383,1649349226,1811957681,1881739456]}]}]},{"tin":{"type":"ein","value":"541840230"},"service_code":["22"],"billing_class":"professional","payments":[{"allowed_amount":10.19,"billing_code_modifier":[""],"providers":[{"billed_charge":25.00,"npi":[1134339393,1275160665,1336664689,1346202827,1346253093,1366499733,1417026907,1427586155,1437119310,1528028396,1558305383,1619909058,1649590746,1750731998,1760448229,1811957681,1841372828,1891728721]}]}]}]},{"name":"BLOOD COUNT COMPLETE AUTO&AUTO DIFRNTL WBC","billing_code_type":"CPT","billing_code_type_version":"2020","billing_code":"85025","description":"BLOOD COUNT COMPLETE AUTO&AUTO DIFRNTL WBC","allowed_amounts":[{"tin":{"type":"ein","value":"541840230"},"service_code":["22"],"billing_class":"professional","payments":[{"allowed_amount":0.00,"billing_code_modifier":[""],"providers":[{"billed_charge":14.00,"npi":[1134339393,1205367125,1255594271,1366499733,1437119310,1508249178,1508414814,1518096577,1558305383,1629031489,1649245002,1649349226,1669466520,1811957681,1831130509,1881739456,1932695517,1952720096,1992773865]}]}]},{"tin":{"type":"ein","value":"541840230"},"service_code":["22"],"billing_class":"professional","payments":[{"allowed_amount":9.30,"billing_code_modifier":[""],"providers":[{"billed_charge":14.00,"npi":[1134339393,1164495800,1235790734,1275160665,1366499733,1376501403,1437119310,1477281210,1487618450,1528028396,1558305383,1568044618,1609841907,1619909058,1619938149,1629056700,1679765085,1760583066,1811957681,1841372828,1891728721,1952720096]}]}]}]},{"name":"BLOOD COUNT COMPLETE AUTOMATED","billing_code_type":"CPT","billing_code_type_version":"2020","billing_code":"85027","description":"BLOOD COUNT COMPLETE AUTOMATED","allowed_amounts":[{"tin":{"type":"ein","value":"541840230"},"service_code":["22"],"billing_class":"professional","payments":[{"allowed_amount":7.89,"billing_code_modifier":[""],"providers":[{"billed_charge":15.00,"npi":[1003084708,1063942522,1114900552,1134339393,1134903602,1366499733,1417026907,1417248436,1437119310,1457553570,1528028396,1558305383,1649761313,1679765085,1750731998,1760448229,1811957681,1841372828,1881088839,1962466524]}]}]}]},{"name":"CHIROPRACTIC MANIPLTV TX EXTRASPINAL 1\/> REGION","billing_code_type":"CPT","billing_code_type_version":"2020","billing_code":"98943","description":"CHIROPRACTIC MANIPLTV TX EXTRASPINAL 1\/> REGION","allowed_amounts":[{"tin":{"type":"ein","value":"843255077"},"service_code":["11"],"billing_class":"professional","payments":[{"allowed_amount":0.00,"billing_code_modifier":[""],"providers":[{"billed_charge":33.00,"npi":[1275175705,1427307719,1992184998]},{"billed_charge":45.00,"npi":[1275175705,1427307719,1992184998]}]},{"allowed_amount":0.00,"billing_code_modifier":[""],"providers":[{"billed_charge":33.00,"npi":[1275175705,1427307719,1992184998]},{"billed_charge":45.00,"npi":[1275175705,1427307719,1992184998]}]}]},{"tin":{"type":"ein","value":"843255077"},"service_code":["11"],"billing_class":"professional","payments":[{"allowed_amount":0.00,"billing_code_modifier":[""],"providers":[{"billed_charge":33.00,"npi":[1275175705,1427307719,1992184998]},{"billed_charge":45.00,"npi":[1275175705,1427307719,1992184998]}]},{"allowed_amount":0.00,"billing_code_modifier":[""],"providers":[{"billed_charge":33.00,"npi":[1275175705,1427307719,1992184998]},{"billed_charge":45.00,"npi":[1275175705,1427307719,1992184998]}]}]}]},{"name":"CHIROPRACTIC MANIPULATIVE TX SPINAL 3-4 REGIONS","billing_code_type":"CPT","billing_code_type_version":"2020","billing_code":"98941","description":"CHIROPRACTIC MANIPULATIVE TX SPINAL 3-4 REGIONS","allowed_amounts":[{"tin":{"type":"ein","value":"454696316"},"service_code":["11"],"billing_class":"professional","payments":[{"allowed_amount":0.00,"billing_code_modifier":[""],"providers":[{"billed_charge":45.00,"npi":[1720176464]}]}]},{"tin":{"type":"ein","value":"455027727"},"service_code":["11"],"billing_class":"professional","payments":[{"allowed_amount":0.00,"billing_code_modifier":[""],"providers":[{"billed_charge":59.00,"npi":[1598900573,1699023135]}]}]},{"tin":{"type":"ein","value":"541447045"},"service_code":["11"],"billing_class":"professional","payments":[{"allowed_amount":0.00,"billing_code_modifier":[""],"providers":[{"billed_charge":60.00,"npi":[1770776544,1902809395]}]}]},{"tin":{"type":"ein","value":"843255077"},"service_code":["11"],"billing_class":"professional","payments":[{"allowed_amount":0.00,"billing_code_modifier":[""],"providers":[{"billed_charge":45.00,"npi":[1275175705,1427307719,1992184998]},{"billed_charge":56.00,"npi":[1275175705,1427307719,1992184998]}]},{"allowed_amount":0.00,"billing_code_modifier":[""],"providers":[{"billed_charge":45.00,"npi":[1275175705,1427307719,1992184998]},{"billed_charge":56.00,"npi":[1275175705,1427307719,1992184998]}]}]},{"tin":{"type":"ein","value":"843255077"},"service_code":["11"],"billing_class":"professional","payments":[{"allowed_amount":0.00,"billing_code_modifier":[""],"providers":[{"billed_charge":45.00,"npi":[1275175705,1427307719,1992184998]},{"billed_charge":56.00,"npi":[1275175705,1427307719,1992184998]}]},{"allowed_amount":0.00,"billing_code_modifier":[""],"providers":[{"billed_charge":45.00,"npi":[1275175705,1427307719,1992184998]},{"billed_charge":56.00,"npi":[1275175705,1427307719,1992184998]}]}]},{"tin":{"type":"ein","value":"993322616"},"service_code":["11"],"billing_class":"professional","payments":[{"allowed_amount":0.00,"billing_code_modifier":[""],"providers":[{"billed_charge":75.00,"npi":[1194797977,1659119527]}]}]}]},{"name":"COMPREHENSIVE METABOLIC PANEL","billing_code_type":"CPT","billing_code_type_version":"2020","billing_code":"80053","description":"COMPREHENSIVE METABOLIC PANEL","allowed_amounts":[{"tin":{"type":"ein","value":"541840230"},"service_code":["22"],"billing_class":"professional","payments":[{"allowed_amount":0.00,"billing_code_modifier":[""],"providers":[{"billed_charge":36.00,"npi":[1023164522,1134339393,1134534167,1255594271,1316453467,1366499733,1437119310,1508093428,1518096577,1528028396,1558305383,1629031489,1649245002,1669466520,1760448229,1811072820,1811957681,1831130509,1841372828,1922001064,1932695517,1992773865]}]}]},{"tin":{"type":"ein","value":"541840230"},"service_code":["22"],"billing_class":"professional","payments":[{"allowed_amount":12.65,"billing_code_modifier":[""],"providers":[{"billed_charge":36.00,"npi":[1013308931,1063942522,1134339393,1235790734,1366499733,1376501403,1417248436,1437119310,1477281210,1487618450,1528028396,1568044618,1609841907,1619938149,1629056700,1649761313,1679765085,1760448229,1760583066,1841372828,1881088839,1952720096,1962466524]}]}]}]},{"name":"CYANOCOBALAMIN VITAMIN B-12","billing_code_type":"CPT","billing_code_type_version":"2020","billing_code":"82607","description":"CYANOCOBALAMIN VITAMIN B-12","allowed_amounts":[{"tin":{"type":"ein","value":"541840230"},"service_code":["22"],"billing_class":"professional","payments":[{"allowed_amount":18.12,"billing_code_modifier":[""],"providers":[{"billed_charge":21.50,"npi":[1134339393,1164495800,1366499733,1437119310,1457466351,1477281210,1679765085,1760448229]}]}]}]},{"name":"HEMOGLOBIN GLYCOSYLATED A1C","billing_code_type":"CPT","billing_code_type_version":"2020","billing_code":"83036","description":"HEMOGLOBIN GLYCOSYLATED A1C","allowed_amounts":[{"tin":{"type":"ein","value":"541840230"},"service_code":["22"],"billing_class":"professional","payments":[{"allowed_amount":0.00,"billing_code_modifier":[""],"providers":[{"billed_charge":16.00,"npi":[1134339393,1134534167,1255594271,1366499733,1437119310,1508093428,1518096577,1629031489,1649245002,1669466520,1760448229,1811072820,1871568915,1932695517]}]}]},{"tin":{"type":"ein","value":"541840230"},"service_code":["22"],"billing_class":"professional","payments":[{"allowed_amount":11.40,"billing_code_modifier":[""],"providers":[{"billed_charge":16.00,"npi":[1134339393,1134903602,1346253093,1366499733,1417248436,1437119310,1477281210,1487618450,1629056700,1649761313,1679765085,1760448229,1881088839,1952720096,1962466524,1962477885]}]}]}]},{"name":"LIPID PANEL","billing_code_type":"CPT","billing_code_type_version":"2020","billing_code":"80061","description":"LIPID PANEL","allowed_amounts":[{"tin":{"type":"ein","value":"541840230"},"service_code":["22"],"billing_class":"professional","payments":[{"allowed_amount":0.00,"billing_code_modifier":[""],"providers":[{"billed_charge":20.50,"npi":[1134339393,1134534167,1255594271,1316453467,1366499733,1437119310,1508093428,1629031489,1649245002,1669466520,1760448229,1932695517,1952405680,1992773865]}]}]},{"tin":{"type":"ein","value":"541840230"},"service_code":["22"],"billing_class":"professional","payments":[{"allowed_amount":15.73,"billing_code_modifier":[""],"providers":[{"billed_charge":20.50,"npi":[1013308931,1134339393,1134903602,1215280359,1235790734,1326260951,1366499733,1417248436,1427586155,1437119310,1487618450,1609841907,1629056700,1649761313,1679765085,1760448229,1760583066,1831130509,1881088839,1952720096,1962466524,1962477885]}]}]}]},{"name":"MANUAL THERAPY TQS 1\/> REGIONS EACH 15 MINUTES","billing_code_type":"CPT","billing_code_type_version":"2020","billing_code":"97140","description":"MANUAL THERAPY TQS 1\/> REGIONS EACH 15 MINUTES","allowed_amounts":[{"tin":{"type":"ein","value":"843255077"},"service_code":["11"],"billing_class":"professional","payments":[{"allowed_amount":0.00,"billing_code_modifier":[""],"providers":[{"billed_charge":21.00,"npi":[1275175705,1427307719,1992184998]},{"billed_charge":53.00,"npi":[1275175705,1427307719,1992184998]}]},{"allowed_amount":0.00,"billing_code_modifier":[""],"providers":[{"billed_charge":21.00,"npi":[1275175705,1427307719,1992184998]},{"billed_charge":53.00,"npi":[1275175705,1427307719,1992184998]}]}]},{"tin":{"type":"ein","value":"843255077"},"service_code":["11"],"billing_class":"professional","payments":[{"allowed_amount":0.00,"billing_code_modifier":[""],"providers":[{"billed_charge":21.00,"npi":[1275175705,1427307719,1992184998]},{"billed_charge":53.00,"npi":[1275175705,1427307719,1992184998]}]},{"allowed_amount":0.00,"billing_code_modifier":[""],"providers":[{"billed_charge":21.00,"npi":[1275175705,1427307719,1992184998]},{"billed_charge":53.00,"npi":[1275175705,1427307719,1992184998]}]}]}]},{"name":"PSYCHOTHERAPY W\/PATIENT 60 MINUTES","billing_code_type":"CPT","billing_code_type_version":"2020","billing_code":"90837","description":"PSYCHOTHERAPY W\/PATIENT 60 MINUTES","allowed_amounts":[{"tin":{"type":"ein","value":"921922695"},"service_code":["11"],"billing_class":"professional","payments":[{"allowed_amount":134.89,"billing_code_modifier":[""],"providers":[{"billed_charge":185.00,"npi":[1285756767,1720785207]}]}]}]},{"name":"THERAPEUTIC PROCEDURES GROUP 2\/> INDIVIDUALS","billing_code_type":"CPT","billing_code_type_version":"2020","billing_code":"97150","description":"THERAPEUTIC PROCEDURES GROUP 2\/> INDIVIDUALS","allowed_amounts":[{"tin":{"type":"ein","value":"843255077"},"service_code":["11"],"billing_class":"professional","payments":[{"allowed_amount":0.00,"billing_code_modifier":[""],"providers":[{"billed_charge":13.00,"npi":[1275175705,1427307719,1992184998]},{"billed_charge":50.00,"npi":[1275175705,1427307719,1992184998]}]},{"allowed_amount":0.00,"billing_code_modifier":[""],"providers":[{"billed_charge":13.00,"npi":[1275175705,1427307719,1992184998]},{"billed_charge":50.00,"npi":[1275175705,1427307719,1992184998]}]}]},{"tin":{"type":"ein","value":"843255077"},"service_code":["11"],"billing_class":"professional","payments":[{"allowed_amount":0.00,"billing_code_modifier":[""],"providers":[{"billed_charge":13.00,"npi":[1275175705,1427307719,1992184998]},{"billed_charge":50.00,"npi":[1275175705,1427307719,1992184998]}]},{"allowed_amount":0.00,"billing_code_modifier":[""],"providers":[{"billed_charge":13.00,"npi":[1275175705,1427307719,1992184998]},{"billed_charge":50.00,"npi":[1275175705,1427307719,1992184998]}]}]}]},{"name":"THERAPEUTIC PX 1\/> AREAS EACH 15 MIN EXERCISES","billing_code_type":"CPT","billing_code_type_version":"2020","billing_code":"97110","description":"THERAPEUTIC PX 1\/> AREAS EACH 15 MIN EXERCISES","allowed_amounts":[{"tin":{"type":"ein","value":"843255077"},"service_code":["11"],"billing_class":"professional","payments":[{"allowed_amount":0.00,"billing_code_modifier":[""],"providers":[{"billed_charge":87.00,"npi":[1275175705,1427307719,1992184998]},{"billed_charge":110.00,"npi":[1275175705,1427307719,1992184998]},{"billed_charge":165.00,"npi":[1275175705,1427307719,1992184998]},{"billed_charge":275.00,"npi":[1275175705,1427307719,1992184998]}]},{"allowed_amount":0.00,"billing_code_modifier":[""],"providers":[{"billed_charge":87.00,"npi":[1275175705,1427307719,1992184998]},{"billed_charge":110.00,"npi":[1275175705,1427307719,1992184998]},{"billed_charge":165.00,"npi":[1275175705,1427307719,1992184998]},{"billed_charge":275.00,"npi":[1275175705,1427307719,1992184998]}]},{"allowed_amount":0.00,"billing_code_modifier":[""],"providers":[{"billed_charge":87.00,"npi":[1275175705,1427307719,1992184998]},{"billed_charge":110.00,"npi":[1275175705,1427307719,1992184998]},{"billed_charge":165.00,"npi":[1275175705,1427307719,1992184998]},{"billed_charge":275.00,"npi":[1275175705,1427307719,1992184998]}]},{"allowed_amount":0.00,"billing_code_modifier":[""],"providers":[{"billed_charge":87.00,"npi":[1275175705,1427307719,1992184998]},{"billed_charge":110.00,"npi":[1275175705,1427307719,1992184998]},{"billed_charge":165.00,"npi":[1275175705,1427307719,1992184998]},{"billed_charge":275.00,"npi":[1275175705,1427307719,1992184998]}]}]},{"tin":{"type":"ein","value":"843255077"},"service_code":["11"],"billing_class":"professional","payments":[{"allowed_amount":0.00,"billing_code_modifier":[""],"providers":[{"billed_charge":87.00,"npi":[1275175705,1427307719,1992184998]},{"billed_charge":110.00,"npi":[1275175705,1427307719,1992184998]},{"billed_charge":165.00,"npi":[1275175705,1427307719,1992184998]},{"billed_charge":275.00,"npi":[1275175705,1427307719,1992184998]}]},{"allowed_amount":0.00,"billing_code_modifier":[""],"providers":[{"billed_charge":87.00,"npi":[1275175705,1427307719,1992184998]},{"billed_charge":110.00,"npi":[1275175705,1427307719,1992184998]},{"billed_charge":165.00,"npi":[1275175705,1427307719,1992184998]},{"billed_charge":275.00,"npi":[1275175705,1427307719,1992184998]}]},{"allowed_amount":0.00,"billing_code_modifier":[""],"providers":[{"billed_charge":87.00,"npi":[1275175705,1427307719,1992184998]},{"billed_charge":110.00,"npi":[1275175705,1427307719,1992184998]},{"billed_charge":165.00,"npi":[1275175705,1427307719,1992184998]},{"billed_charge":275.00,"npi":[1275175705,1427307719,1992184998]}]},{"allowed_amount":0.00,"billing_code_modifier":[""],"providers":[{"billed_charge":87.00,"npi":[1275175705,1427307719,1992184998]},{"billed_charge":110.00,"npi":[1275175705,1427307719,1992184998]},{"billed_charge":165.00,"npi":[1275175705,1427307719,1992184998]},{"billed_charge":275.00,"npi":[1275175705,1427307719,1992184998]}]}]},{"tin":{"type":"ein","value":"843255077"},"service_code":["11"],"billing_class":"professional","payments":[{"allowed_amount":0.00,"billing_code_modifier":[""],"providers":[{"billed_charge":87.00,"npi":[1275175705,1427307719,1992184998]},{"billed_charge":110.00,"npi":[1275175705,1427307719,1992184998]},{"billed_charge":165.00,"npi":[1275175705,1427307719,1992184998]},{"billed_charge":275.00,"npi":[1275175705,1427307719,1992184998]}]},{"allowed_amount":0.00,"billing_code_modifier":[""],"providers":[{"billed_charge":87.00,"npi":[1275175705,1427307719,1992184998]},{"billed_charge":110.00,"npi":[1275175705,1427307719,1992184998]},{"billed_charge":165.00,"npi":[1275175705,1427307719,1992184998]},{"billed_charge":275.00,"npi":[1275175705,1427307719,1992184998]}]},{"allowed_amount":0.00,"billing_code_modifier":[""],"providers":[{"billed_charge":87.00,"npi":[1275175705,1427307719,1992184998]},{"billed_charge":110.00,"npi":[1275175705,1427307719,1992184998]},{"billed_charge":165.00,"npi":[1275175705,1427307719,1992184998]},{"billed_charge":275.00,"npi":[1275175705,1427307719,1992184998]}]},{"allowed_amount":0.00,"billing_code_modifier":[""],"providers":[{"billed_charge":87.00,"npi":[1275175705,1427307719,1992184998]},{"billed_charge":110.00,"npi":[1275175705,1427307719,1992184998]},{"billed_charge":165.00,"npi":[1275175705,1427307719,1992184998]},{"billed_charge":275.00,"npi":[1275175705,1427307719,1992184998]}]}]},{"tin":{"type":"ein","value":"843255077"},"service_code":["11"],"billing_class":"professional","payments":[{"allowed_amount":0.00,"billing_code_modifier":[""],"providers":[{"billed_charge":87.00,"npi":[1275175705,1427307719,1992184998]},{"billed_charge":110.00,"npi":[1275175705,1427307719,1992184998]},{"billed_charge":165.00,"npi":[1275175705,1427307719,1992184998]},{"billed_charge":275.00,"npi":[1275175705,1427307719,1992184998]}]},{"allowed_amount":0.00,"billing_code_modifier":[""],"providers":[{"billed_charge":87.00,"npi":[1275175705,1427307719,1992184998]},{"billed_charge":110.00,"npi":[1275175705,1427307719,1992184998]},{"billed_charge":165.00,"npi":[1275175705,1427307719,1992184998]},{"billed_charge":275.00,"npi":[1275175705,1427307719,1992184998]}]},{"allowed_amount":0.00,"billing_code_modifier":[""],"providers":[{"billed_charge":87.00,"npi":[1275175705,1427307719,1992184998]},{"billed_charge":110.00,"npi":[1275175705,1427307719,1992184998]},{"billed_charge":165.00,"npi":[1275175705,1427307719,1992184998]},{"billed_charge":275.00,"npi":[1275175705,1427307719,1992184998]}]},{"allowed_amount":0.00,"billing_code_modifier":[""],"providers":[{"billed_charge":87.00,"npi":[1275175705,1427307719,1992184998]},{"billed_charge":110.00,"npi":[1275175705,1427307719,1992184998]},{"billed_charge":165.00,"npi":[1275175705,1427307719,1992184998]},{"billed_charge":275.00,"npi":[1275175705,1427307719,1992184998]}]}]}]}]}
