{"reporting_entity_name": "IEC Group_DBA AmeriBen",
	"reporting_entity_type": "Third Party Administrator",
	"plan_name": "THE SCOTTS COMPANY",
	"plan_id_type": "ein",
	"plan_id": "311414921",
	"plan_market_type": "group",
	"last_updated_on": "2025-04-01","Version": "1.0.0","out_of_network":[{"name":"APPL MODALITY 1\/> AREAS TRACTION MECHANICAL","billing_code_type":"CPT","billing_code_type_version":"2020","billing_code":"97012","description":"APPL MODALITY 1\/> AREAS TRACTION MECHANICAL","allowed_amounts":[{"tin":{"type":"ein","value":"473507090"},"service_code":["11"],"billing_class":"professional","payments":[{"allowed_amount":32.40,"billing_code_modifier":[""],"providers":[{"billed_charge":85.00,"npi":[1013332055,1306231527,1932109170]}]}]}]},{"name":"CHIROPRACTIC MANIPLTV TX EXTRASPINAL 1\/> REGION","billing_code_type":"CPT","billing_code_type_version":"2020","billing_code":"98943","description":"CHIROPRACTIC MANIPLTV TX EXTRASPINAL 1\/> REGION","allowed_amounts":[{"tin":{"type":"ein","value":"473507090"},"service_code":["11"],"billing_class":"professional","payments":[{"allowed_amount":55.00,"billing_code_modifier":[""],"providers":[{"billed_charge":100.00,"npi":[1013332055,1306231527,1932109170]}]}]}]},{"name":"CHIROPRACTIC MANIPULATIVE TX SPINAL 3-4 REGIONS","billing_code_type":"CPT","billing_code_type_version":"2020","billing_code":"98941","description":"CHIROPRACTIC MANIPULATIVE TX SPINAL 3-4 REGIONS","allowed_amounts":[{"tin":{"type":"ein","value":"473507090"},"service_code":["11"],"billing_class":"professional","payments":[{"allowed_amount":70.00,"billing_code_modifier":[""],"providers":[{"billed_charge":125.00,"npi":[1013332055,1306231527,1932109170]}]}]}]},{"name":"E-STIM 1\/>NOT WND CARE PART TX PLAN","billing_code_type":"HCPCS","billing_code_type_version":"HCPCS LEVEL II 2021","billing_code":"G0283","description":"E-STIM 1\/>NOT WND CARE PART TX PLAN","allowed_amounts":[{"tin":{"type":"ein","value":"473507090"},"service_code":["11"],"billing_class":"professional","payments":[{"allowed_amount":42.00,"billing_code_modifier":[""],"providers":[{"billed_charge":80.00,"npi":[1235406794,1306231527,1932109170]}]}]}]},{"name":"LABORATORY - CLINICAL DIAGNOSTIC","billing_code_type":"RC","billing_code_type_version":"UB04","billing_code":"0300","description":"LABORATORY - CLINICAL DIAGNOSTIC","allowed_amounts":[{"tin":{"type":"ein","value":"311278085"},"service_code":["22"],"billing_class":"institutional","payments":[{"allowed_amount":0.00,"billing_code_modifier":[""],"providers":[{"billed_charge":36.52,"npi":[1295761310,1790187607,1881648558]}]}]},{"tin":{"type":"ein","value":"474187773"},"service_code":["23"],"billing_class":"institutional","payments":[{"allowed_amount":0.00,"billing_code_modifier":[""],"providers":[{"billed_charge":180.00,"npi":[1619321742]},{"billed_charge":187.51,"npi":[1619321742]},{"billed_charge":221.95,"npi":[1619321742]},{"billed_charge":226.54,"npi":[1619321742]},{"billed_charge":265.25,"npi":[1619321742]},{"billed_charge":267.87,"npi":[1619321742]},{"billed_charge":344.40,"npi":[1619321742]}]},{"allowed_amount":0.00,"billing_code_modifier":[""],"providers":[{"billed_charge":180.00,"npi":[1619321742]},{"billed_charge":187.51,"npi":[1619321742]},{"billed_charge":221.95,"npi":[1619321742]},{"billed_charge":226.54,"npi":[1619321742]},{"billed_charge":265.25,"npi":[1619321742]},{"billed_charge":267.87,"npi":[1619321742]},{"billed_charge":344.40,"npi":[1619321742]}]},{"allowed_amount":0.00,"billing_code_modifier":[""],"providers":[{"billed_charge":180.00,"npi":[1619321742]},{"billed_charge":187.51,"npi":[1619321742]},{"billed_charge":221.95,"npi":[1619321742]},{"billed_charge":226.54,"npi":[1619321742]},{"billed_charge":265.25,"npi":[1619321742]},{"billed_charge":267.87,"npi":[1619321742]},{"billed_charge":344.40,"npi":[1619321742]}]},{"allowed_amount":0.00,"billing_code_modifier":[""],"providers":[{"billed_charge":180.00,"npi":[1619321742]},{"billed_charge":187.51,"npi":[1619321742]},{"billed_charge":221.95,"npi":[1619321742]},{"billed_charge":226.54,"npi":[1619321742]},{"billed_charge":265.25,"npi":[1619321742]},{"billed_charge":267.87,"npi":[1619321742]},{"billed_charge":344.40,"npi":[1619321742]}]},{"allowed_amount":0.00,"billing_code_modifier":[""],"providers":[{"billed_charge":180.00,"npi":[1619321742]},{"billed_charge":187.51,"npi":[1619321742]},{"billed_charge":221.95,"npi":[1619321742]},{"billed_charge":226.54,"npi":[1619321742]},{"billed_charge":265.25,"npi":[1619321742]},{"billed_charge":267.87,"npi":[1619321742]},{"billed_charge":344.40,"npi":[1619321742]}]},{"allowed_amount":0.00,"billing_code_modifier":[""],"providers":[{"billed_charge":180.00,"npi":[1619321742]},{"billed_charge":187.51,"npi":[1619321742]},{"billed_charge":221.95,"npi":[1619321742]},{"billed_charge":226.54,"npi":[1619321742]},{"billed_charge":265.25,"npi":[1619321742]},{"billed_charge":267.87,"npi":[1619321742]},{"billed_charge":344.40,"npi":[1619321742]}]},{"allowed_amount":0.00,"billing_code_modifier":[""],"providers":[{"billed_charge":180.00,"npi":[1619321742]},{"billed_charge":187.51,"npi":[1619321742]},{"billed_charge":221.95,"npi":[1619321742]},{"billed_charge":226.54,"npi":[1619321742]},{"billed_charge":265.25,"npi":[1619321742]},{"billed_charge":267.87,"npi":[1619321742]},{"billed_charge":344.40,"npi":[1619321742]}]}]},{"tin":{"type":"ein","value":"474187773"},"service_code":["23"],"billing_class":"institutional","payments":[{"allowed_amount":0.00,"billing_code_modifier":[""],"providers":[{"billed_charge":180.00,"npi":[1619321742]},{"billed_charge":187.51,"npi":[1619321742]},{"billed_charge":221.95,"npi":[1619321742]},{"billed_charge":226.54,"npi":[1619321742]},{"billed_charge":265.25,"npi":[1619321742]},{"billed_charge":267.87,"npi":[1619321742]},{"billed_charge":344.40,"npi":[1619321742]}]},{"allowed_amount":0.00,"billing_code_modifier":[""],"providers":[{"billed_charge":180.00,"npi":[1619321742]},{"billed_charge":187.51,"npi":[1619321742]},{"billed_charge":221.95,"npi":[1619321742]},{"billed_charge":226.54,"npi":[1619321742]},{"billed_charge":265.25,"npi":[1619321742]},{"billed_charge":267.87,"npi":[1619321742]},{"billed_charge":344.40,"npi":[1619321742]}]},{"allowed_amount":0.00,"billing_code_modifier":[""],"providers":[{"billed_charge":180.00,"npi":[1619321742]},{"billed_charge":187.51,"npi":[1619321742]},{"billed_charge":221.95,"npi":[1619321742]},{"billed_charge":226.54,"npi":[1619321742]},{"billed_charge":265.25,"npi":[1619321742]},{"billed_charge":267.87,"npi":[1619321742]},{"billed_charge":344.40,"npi":[1619321742]}]},{"allowed_amount":0.00,"billing_code_modifier":[""],"providers":[{"billed_charge":180.00,"npi":[1619321742]},{"billed_charge":187.51,"npi":[1619321742]},{"billed_charge":221.95,"npi":[1619321742]},{"billed_charge":226.54,"npi":[1619321742]},{"billed_charge":265.25,"npi":[1619321742]},{"billed_charge":267.87,"npi":[1619321742]},{"billed_charge":344.40,"npi":[1619321742]}]},{"allowed_amount":0.00,"billing_code_modifier":[""],"providers":[{"billed_charge":180.00,"npi":[1619321742]},{"billed_charge":187.51,"npi":[1619321742]},{"billed_charge":221.95,"npi":[1619321742]},{"billed_charge":226.54,"npi":[1619321742]},{"billed_charge":265.25,"npi":[1619321742]},{"billed_charge":267.87,"npi":[1619321742]},{"billed_charge":344.40,"npi":[1619321742]}]},{"allowed_amount":0.00,"billing_code_modifier":[""],"providers":[{"billed_charge":180.00,"npi":[1619321742]},{"billed_charge":187.51,"npi":[1619321742]},{"billed_charge":221.95,"npi":[1619321742]},{"billed_charge":226.54,"npi":[1619321742]},{"billed_charge":265.25,"npi":[1619321742]},{"billed_charge":267.87,"npi":[1619321742]},{"billed_charge":344.40,"npi":[1619321742]}]},{"allowed_amount":0.00,"billing_code_modifier":[""],"providers":[{"billed_charge":180.00,"npi":[1619321742]},{"billed_charge":187.51,"npi":[1619321742]},{"billed_charge":221.95,"npi":[1619321742]},{"billed_charge":226.54,"npi":[1619321742]},{"billed_charge":265.25,"npi":[1619321742]},{"billed_charge":267.87,"npi":[1619321742]},{"billed_charge":344.40,"npi":[1619321742]}]}]},{"tin":{"type":"ein","value":"474187773"},"service_code":["23"],"billing_class":"institutional","payments":[{"allowed_amount":0.00,"billing_code_modifier":[""],"providers":[{"billed_charge":180.00,"npi":[1619321742]},{"billed_charge":187.51,"npi":[1619321742]},{"billed_charge":221.95,"npi":[1619321742]},{"billed_charge":226.54,"npi":[1619321742]},{"billed_charge":265.25,"npi":[1619321742]},{"billed_charge":267.87,"npi":[1619321742]},{"billed_charge":344.40,"npi":[1619321742]}]},{"allowed_amount":0.00,"billing_code_modifier":[""],"providers":[{"billed_charge":180.00,"npi":[1619321742]},{"billed_charge":187.51,"npi":[1619321742]},{"billed_charge":221.95,"npi":[1619321742]},{"billed_charge":226.54,"npi":[1619321742]},{"billed_charge":265.25,"npi":[1619321742]},{"billed_charge":267.87,"npi":[1619321742]},{"billed_charge":344.40,"npi":[1619321742]}]},{"allowed_amount":0.00,"billing_code_modifier":[""],"providers":[{"billed_charge":180.00,"npi":[1619321742]},{"billed_charge":187.51,"npi":[1619321742]},{"billed_charge":221.95,"npi":[1619321742]},{"billed_charge":226.54,"npi":[1619321742]},{"billed_charge":265.25,"npi":[1619321742]},{"billed_charge":267.87,"npi":[1619321742]},{"billed_charge":344.40,"npi":[1619321742]}]},{"allowed_amount":0.00,"billing_code_modifier":[""],"providers":[{"billed_charge":180.00,"npi":[1619321742]},{"billed_charge":187.51,"npi":[1619321742]},{"billed_charge":221.95,"npi":[1619321742]},{"billed_charge":226.54,"npi":[1619321742]},{"billed_charge":265.25,"npi":[1619321742]},{"billed_charge":267.87,"npi":[1619321742]},{"billed_charge":344.40,"npi":[1619321742]}]},{"allowed_amount":0.00,"billing_code_modifier":[""],"providers":[{"billed_charge":180.00,"npi":[1619321742]},{"billed_charge":187.51,"npi":[1619321742]},{"billed_charge":221.95,"npi":[1619321742]},{"billed_charge":226.54,"npi":[1619321742]},{"billed_charge":265.25,"npi":[1619321742]},{"billed_charge":267.87,"npi":[1619321742]},{"billed_charge":344.40,"npi":[1619321742]}]},{"allowed_amount":0.00,"billing_code_modifier":[""],"providers":[{"billed_charge":180.00,"npi":[1619321742]},{"billed_charge":187.51,"npi":[1619321742]},{"billed_charge":221.95,"npi":[1619321742]},{"billed_charge":226.54,"npi":[1619321742]},{"billed_charge":265.25,"npi":[1619321742]},{"billed_charge":267.87,"npi":[1619321742]},{"billed_charge":344.40,"npi":[1619321742]}]},{"allowed_amount":0.00,"billing_code_modifier":[""],"providers":[{"billed_charge":180.00,"npi":[1619321742]},{"billed_charge":187.51,"npi":[1619321742]},{"billed_charge":221.95,"npi":[1619321742]},{"billed_charge":226.54,"npi":[1619321742]},{"billed_charge":265.25,"npi":[1619321742]},{"billed_charge":267.87,"npi":[1619321742]},{"billed_charge":344.40,"npi":[1619321742]}]}]},{"tin":{"type":"ein","value":"474187773"},"service_code":["23"],"billing_class":"institutional","payments":[{"allowed_amount":0.00,"billing_code_modifier":[""],"providers":[{"billed_charge":180.00,"npi":[1619321742]},{"billed_charge":187.51,"npi":[1619321742]},{"billed_charge":221.95,"npi":[1619321742]},{"billed_charge":226.54,"npi":[1619321742]},{"billed_charge":265.25,"npi":[1619321742]},{"billed_charge":267.87,"npi":[1619321742]},{"billed_charge":344.40,"npi":[1619321742]}]},{"allowed_amount":0.00,"billing_code_modifier":[""],"providers":[{"billed_charge":180.00,"npi":[1619321742]},{"billed_charge":187.51,"npi":[1619321742]},{"billed_charge":221.95,"npi":[1619321742]},{"billed_charge":226.54,"npi":[1619321742]},{"billed_charge":265.25,"npi":[1619321742]},{"billed_charge":267.87,"npi":[1619321742]},{"billed_charge":344.40,"npi":[1619321742]}]},{"allowed_amount":0.00,"billing_code_modifier":[""],"providers":[{"billed_charge":180.00,"npi":[1619321742]},{"billed_charge":187.51,"npi":[1619321742]},{"billed_charge":221.95,"npi":[1619321742]},{"billed_charge":226.54,"npi":[1619321742]},{"billed_charge":265.25,"npi":[1619321742]},{"billed_charge":267.87,"npi":[1619321742]},{"billed_charge":344.40,"npi":[1619321742]}]},{"allowed_amount":0.00,"billing_code_modifier":[""],"providers":[{"billed_charge":180.00,"npi":[1619321742]},{"billed_charge":187.51,"npi":[1619321742]},{"billed_charge":221.95,"npi":[1619321742]},{"billed_charge":226.54,"npi":[1619321742]},{"billed_charge":265.25,"npi":[1619321742]},{"billed_charge":267.87,"npi":[1619321742]},{"billed_charge":344.40,"npi":[1619321742]}]},{"allowed_amount":0.00,"billing_code_modifier":[""],"providers":[{"billed_charge":180.00,"npi":[1619321742]},{"billed_charge":187.51,"npi":[1619321742]},{"billed_charge":221.95,"npi":[1619321742]},{"billed_charge":226.54,"npi":[1619321742]},{"billed_charge":265.25,"npi":[1619321742]},{"billed_charge":267.87,"npi":[1619321742]},{"billed_charge":344.40,"npi":[1619321742]}]},{"allowed_amount":0.00,"billing_code_modifier":[""],"providers":[{"billed_charge":180.00,"npi":[1619321742]},{"billed_charge":187.51,"npi":[1619321742]},{"billed_charge":221.95,"npi":[1619321742]},{"billed_charge":226.54,"npi":[1619321742]},{"billed_charge":265.25,"npi":[1619321742]},{"billed_charge":267.87,"npi":[1619321742]},{"billed_charge":344.40,"npi":[1619321742]}]},{"allowed_amount":0.00,"billing_code_modifier":[""],"providers":[{"billed_charge":180.00,"npi":[1619321742]},{"billed_charge":187.51,"npi":[1619321742]},{"billed_charge":221.95,"npi":[1619321742]},{"billed_charge":226.54,"npi":[1619321742]},{"billed_charge":265.25,"npi":[1619321742]},{"billed_charge":267.87,"npi":[1619321742]},{"billed_charge":344.40,"npi":[1619321742]}]}]},{"tin":{"type":"ein","value":"474187773"},"service_code":["23"],"billing_class":"institutional","payments":[{"allowed_amount":0.00,"billing_code_modifier":[""],"providers":[{"billed_charge":180.00,"npi":[1619321742]},{"billed_charge":187.51,"npi":[1619321742]},{"billed_charge":221.95,"npi":[1619321742]},{"billed_charge":226.54,"npi":[1619321742]},{"billed_charge":265.25,"npi":[1619321742]},{"billed_charge":267.87,"npi":[1619321742]},{"billed_charge":344.40,"npi":[1619321742]}]},{"allowed_amount":0.00,"billing_code_modifier":[""],"providers":[{"billed_charge":180.00,"npi":[1619321742]},{"billed_charge":187.51,"npi":[1619321742]},{"billed_charge":221.95,"npi":[1619321742]},{"billed_charge":226.54,"npi":[1619321742]},{"billed_charge":265.25,"npi":[1619321742]},{"billed_charge":267.87,"npi":[1619321742]},{"billed_charge":344.40,"npi":[1619321742]}]},{"allowed_amount":0.00,"billing_code_modifier":[""],"providers":[{"billed_charge":180.00,"npi":[1619321742]},{"billed_charge":187.51,"npi":[1619321742]},{"billed_charge":221.95,"npi":[1619321742]},{"billed_charge":226.54,"npi":[1619321742]},{"billed_charge":265.25,"npi":[1619321742]},{"billed_charge":267.87,"npi":[1619321742]},{"billed_charge":344.40,"npi":[1619321742]}]},{"allowed_amount":0.00,"billing_code_modifier":[""],"providers":[{"billed_charge":180.00,"npi":[1619321742]},{"billed_charge":187.51,"npi":[1619321742]},{"billed_charge":221.95,"npi":[1619321742]},{"billed_charge":226.54,"npi":[1619321742]},{"billed_charge":265.25,"npi":[1619321742]},{"billed_charge":267.87,"npi":[1619321742]},{"billed_charge":344.40,"npi":[1619321742]}]},{"allowed_amount":0.00,"billing_code_modifier":[""],"providers":[{"billed_charge":180.00,"npi":[1619321742]},{"billed_charge":187.51,"npi":[1619321742]},{"billed_charge":221.95,"npi":[1619321742]},{"billed_charge":226.54,"npi":[1619321742]},{"billed_charge":265.25,"npi":[1619321742]},{"billed_charge":267.87,"npi":[1619321742]},{"billed_charge":344.40,"npi":[1619321742]}]},{"allowed_amount":0.00,"billing_code_modifier":[""],"providers":[{"billed_charge":180.00,"npi":[1619321742]},{"billed_charge":187.51,"npi":[1619321742]},{"billed_charge":221.95,"npi":[1619321742]},{"billed_charge":226.54,"npi":[1619321742]},{"billed_charge":265.25,"npi":[1619321742]},{"billed_charge":267.87,"npi":[1619321742]},{"billed_charge":344.40,"npi":[1619321742]}]},{"allowed_amount":0.00,"billing_code_modifier":[""],"providers":[{"billed_charge":180.00,"npi":[1619321742]},{"billed_charge":187.51,"npi":[1619321742]},{"billed_charge":221.95,"npi":[1619321742]},{"billed_charge":226.54,"npi":[1619321742]},{"billed_charge":265.25,"npi":[1619321742]},{"billed_charge":267.87,"npi":[1619321742]},{"billed_charge":344.40,"npi":[1619321742]}]}]},{"tin":{"type":"ein","value":"474187773"},"service_code":["23"],"billing_class":"institutional","payments":[{"allowed_amount":0.00,"billing_code_modifier":[""],"providers":[{"billed_charge":180.00,"npi":[1619321742]},{"billed_charge":187.51,"npi":[1619321742]},{"billed_charge":221.95,"npi":[1619321742]},{"billed_charge":226.54,"npi":[1619321742]},{"billed_charge":265.25,"npi":[1619321742]},{"billed_charge":267.87,"npi":[1619321742]},{"billed_charge":344.40,"npi":[1619321742]}]},{"allowed_amount":0.00,"billing_code_modifier":[""],"providers":[{"billed_charge":180.00,"npi":[1619321742]},{"billed_charge":187.51,"npi":[1619321742]},{"billed_charge":221.95,"npi":[1619321742]},{"billed_charge":226.54,"npi":[1619321742]},{"billed_charge":265.25,"npi":[1619321742]},{"billed_charge":267.87,"npi":[1619321742]},{"billed_charge":344.40,"npi":[1619321742]}]},{"allowed_amount":0.00,"billing_code_modifier":[""],"providers":[{"billed_charge":180.00,"npi":[1619321742]},{"billed_charge":187.51,"npi":[1619321742]},{"billed_charge":221.95,"npi":[1619321742]},{"billed_charge":226.54,"npi":[1619321742]},{"billed_charge":265.25,"npi":[1619321742]},{"billed_charge":267.87,"npi":[1619321742]},{"billed_charge":344.40,"npi":[1619321742]}]},{"allowed_amount":0.00,"billing_code_modifier":[""],"providers":[{"billed_charge":180.00,"npi":[1619321742]},{"billed_charge":187.51,"npi":[1619321742]},{"billed_charge":221.95,"npi":[1619321742]},{"billed_charge":226.54,"npi":[1619321742]},{"billed_charge":265.25,"npi":[1619321742]},{"billed_charge":267.87,"npi":[1619321742]},{"billed_charge":344.40,"npi":[1619321742]}]},{"allowed_amount":0.00,"billing_code_modifier":[""],"providers":[{"billed_charge":180.00,"npi":[1619321742]},{"billed_charge":187.51,"npi":[1619321742]},{"billed_charge":221.95,"npi":[1619321742]},{"billed_charge":226.54,"npi":[1619321742]},{"billed_charge":265.25,"npi":[1619321742]},{"billed_charge":267.87,"npi":[1619321742]},{"billed_charge":344.40,"npi":[1619321742]}]},{"allowed_amount":0.00,"billing_code_modifier":[""],"providers":[{"billed_charge":180.00,"npi":[1619321742]},{"billed_charge":187.51,"npi":[1619321742]},{"billed_charge":221.95,"npi":[1619321742]},{"billed_charge":226.54,"npi":[1619321742]},{"billed_charge":265.25,"npi":[1619321742]},{"billed_charge":267.87,"npi":[1619321742]},{"billed_charge":344.40,"npi":[1619321742]}]},{"allowed_amount":0.00,"billing_code_modifier":[""],"providers":[{"billed_charge":180.00,"npi":[1619321742]},{"billed_charge":187.51,"npi":[1619321742]},{"billed_charge":221.95,"npi":[1619321742]},{"billed_charge":226.54,"npi":[1619321742]},{"billed_charge":265.25,"npi":[1619321742]},{"billed_charge":267.87,"npi":[1619321742]},{"billed_charge":344.40,"npi":[1619321742]}]}]},{"tin":{"type":"ein","value":"474187773"},"service_code":["23"],"billing_class":"institutional","payments":[{"allowed_amount":0.00,"billing_code_modifier":[""],"providers":[{"billed_charge":180.00,"npi":[1619321742]},{"billed_charge":187.51,"npi":[1619321742]},{"billed_charge":221.95,"npi":[1619321742]},{"billed_charge":226.54,"npi":[1619321742]},{"billed_charge":265.25,"npi":[1619321742]},{"billed_charge":267.87,"npi":[1619321742]},{"billed_charge":344.40,"npi":[1619321742]}]},{"allowed_amount":0.00,"billing_code_modifier":[""],"providers":[{"billed_charge":180.00,"npi":[1619321742]},{"billed_charge":187.51,"npi":[1619321742]},{"billed_charge":221.95,"npi":[1619321742]},{"billed_charge":226.54,"npi":[1619321742]},{"billed_charge":265.25,"npi":[1619321742]},{"billed_charge":267.87,"npi":[1619321742]},{"billed_charge":344.40,"npi":[1619321742]}]},{"allowed_amount":0.00,"billing_code_modifier":[""],"providers":[{"billed_charge":180.00,"npi":[1619321742]},{"billed_charge":187.51,"npi":[1619321742]},{"billed_charge":221.95,"npi":[1619321742]},{"billed_charge":226.54,"npi":[1619321742]},{"billed_charge":265.25,"npi":[1619321742]},{"billed_charge":267.87,"npi":[1619321742]},{"billed_charge":344.40,"npi":[1619321742]}]},{"allowed_amount":0.00,"billing_code_modifier":[""],"providers":[{"billed_charge":180.00,"npi":[1619321742]},{"billed_charge":187.51,"npi":[1619321742]},{"billed_charge":221.95,"npi":[1619321742]},{"billed_charge":226.54,"npi":[1619321742]},{"billed_charge":265.25,"npi":[1619321742]},{"billed_charge":267.87,"npi":[1619321742]},{"billed_charge":344.40,"npi":[1619321742]}]},{"allowed_amount":0.00,"billing_code_modifier":[""],"providers":[{"billed_charge":180.00,"npi":[1619321742]},{"billed_charge":187.51,"npi":[1619321742]},{"billed_charge":221.95,"npi":[1619321742]},{"billed_charge":226.54,"npi":[1619321742]},{"billed_charge":265.25,"npi":[1619321742]},{"billed_charge":267.87,"npi":[1619321742]},{"billed_charge":344.40,"npi":[1619321742]}]},{"allowed_amount":0.00,"billing_code_modifier":[""],"providers":[{"billed_charge":180.00,"npi":[1619321742]},{"billed_charge":187.51,"npi":[1619321742]},{"billed_charge":221.95,"npi":[1619321742]},{"billed_charge":226.54,"npi":[1619321742]},{"billed_charge":265.25,"npi":[1619321742]},{"billed_charge":267.87,"npi":[1619321742]},{"billed_charge":344.40,"npi":[1619321742]}]},{"allowed_amount":0.00,"billing_code_modifier":[""],"providers":[{"billed_charge":180.00,"npi":[1619321742]},{"billed_charge":187.51,"npi":[1619321742]},{"billed_charge":221.95,"npi":[1619321742]},{"billed_charge":226.54,"npi":[1619321742]},{"billed_charge":265.25,"npi":[1619321742]},{"billed_charge":267.87,"npi":[1619321742]},{"billed_charge":344.40,"npi":[1619321742]}]}]},{"tin":{"type":"ein","value":"814623955"},"service_code":["23"],"billing_class":"institutional","payments":[{"allowed_amount":0.00,"billing_code_modifier":[""],"providers":[{"billed_charge":60.46,"npi":[1114655750]},{"billed_charge":131.71,"npi":[1114655750]},{"billed_charge":143.36,"npi":[1114655750]},{"billed_charge":263.42,"npi":[1114655750]},{"billed_charge":350.00,"npi":[1114655750]},{"billed_charge":823.85,"npi":[1114655750]}]},{"allowed_amount":0.00,"billing_code_modifier":[""],"providers":[{"billed_charge":60.46,"npi":[1114655750]},{"billed_charge":131.71,"npi":[1114655750]},{"billed_charge":143.36,"npi":[1114655750]},{"billed_charge":263.42,"npi":[1114655750]},{"billed_charge":350.00,"npi":[1114655750]},{"billed_charge":823.85,"npi":[1114655750]}]},{"allowed_amount":0.00,"billing_code_modifier":[""],"providers":[{"billed_charge":60.46,"npi":[1114655750]},{"billed_charge":131.71,"npi":[1114655750]},{"billed_charge":143.36,"npi":[1114655750]},{"billed_charge":263.42,"npi":[1114655750]},{"billed_charge":350.00,"npi":[1114655750]},{"billed_charge":823.85,"npi":[1114655750]}]},{"allowed_amount":0.00,"billing_code_modifier":[""],"providers":[{"billed_charge":60.46,"npi":[1114655750]},{"billed_charge":131.71,"npi":[1114655750]},{"billed_charge":143.36,"npi":[1114655750]},{"billed_charge":263.42,"npi":[1114655750]},{"billed_charge":350.00,"npi":[1114655750]},{"billed_charge":823.85,"npi":[1114655750]}]},{"allowed_amount":0.00,"billing_code_modifier":[""],"providers":[{"billed_charge":60.46,"npi":[1114655750]},{"billed_charge":131.71,"npi":[1114655750]},{"billed_charge":143.36,"npi":[1114655750]},{"billed_charge":263.42,"npi":[1114655750]},{"billed_charge":350.00,"npi":[1114655750]},{"billed_charge":823.85,"npi":[1114655750]}]},{"allowed_amount":0.00,"billing_code_modifier":[""],"providers":[{"billed_charge":60.46,"npi":[1114655750]},{"billed_charge":131.71,"npi":[1114655750]},{"billed_charge":143.36,"npi":[1114655750]},{"billed_charge":263.42,"npi":[1114655750]},{"billed_charge":350.00,"npi":[1114655750]},{"billed_charge":823.85,"npi":[1114655750]}]}]},{"tin":{"type":"ein","value":"814623955"},"service_code":["23"],"billing_class":"institutional","payments":[{"allowed_amount":0.00,"billing_code_modifier":[""],"providers":[{"billed_charge":60.46,"npi":[1114655750]},{"billed_charge":131.71,"npi":[1114655750]},{"billed_charge":143.36,"npi":[1114655750]},{"billed_charge":263.42,"npi":[1114655750]},{"billed_charge":350.00,"npi":[1114655750]},{"billed_charge":823.85,"npi":[1114655750]}]},{"allowed_amount":0.00,"billing_code_modifier":[""],"providers":[{"billed_charge":60.46,"npi":[1114655750]},{"billed_charge":131.71,"npi":[1114655750]},{"billed_charge":143.36,"npi":[1114655750]},{"billed_charge":263.42,"npi":[1114655750]},{"billed_charge":350.00,"npi":[1114655750]},{"billed_charge":823.85,"npi":[1114655750]}]},{"allowed_amount":0.00,"billing_code_modifier":[""],"providers":[{"billed_charge":60.46,"npi":[1114655750]},{"billed_charge":131.71,"npi":[1114655750]},{"billed_charge":143.36,"npi":[1114655750]},{"billed_charge":263.42,"npi":[1114655750]},{"billed_charge":350.00,"npi":[1114655750]},{"billed_charge":823.85,"npi":[1114655750]}]},{"allowed_amount":0.00,"billing_code_modifier":[""],"providers":[{"billed_charge":60.46,"npi":[1114655750]},{"billed_charge":131.71,"npi":[1114655750]},{"billed_charge":143.36,"npi":[1114655750]},{"billed_charge":263.42,"npi":[1114655750]},{"billed_charge":350.00,"npi":[1114655750]},{"billed_charge":823.85,"npi":[1114655750]}]},{"allowed_amount":0.00,"billing_code_modifier":[""],"providers":[{"billed_charge":60.46,"npi":[1114655750]},{"billed_charge":131.71,"npi":[1114655750]},{"billed_charge":143.36,"npi":[1114655750]},{"billed_charge":263.42,"npi":[1114655750]},{"billed_charge":350.00,"npi":[1114655750]},{"billed_charge":823.85,"npi":[1114655750]}]},{"allowed_amount":0.00,"billing_code_modifier":[""],"providers":[{"billed_charge":60.46,"npi":[1114655750]},{"billed_charge":131.71,"npi":[1114655750]},{"billed_charge":143.36,"npi":[1114655750]},{"billed_charge":263.42,"npi":[1114655750]},{"billed_charge":350.00,"npi":[1114655750]},{"billed_charge":823.85,"npi":[1114655750]}]}]},{"tin":{"type":"ein","value":"814623955"},"service_code":["23"],"billing_class":"institutional","payments":[{"allowed_amount":0.00,"billing_code_modifier":[""],"providers":[{"billed_charge":60.46,"npi":[1114655750]},{"billed_charge":131.71,"npi":[1114655750]},{"billed_charge":143.36,"npi":[1114655750]},{"billed_charge":263.42,"npi":[1114655750]},{"billed_charge":350.00,"npi":[1114655750]},{"billed_charge":823.85,"npi":[1114655750]}]},{"allowed_amount":0.00,"billing_code_modifier":[""],"providers":[{"billed_charge":60.46,"npi":[1114655750]},{"billed_charge":131.71,"npi":[1114655750]},{"billed_charge":143.36,"npi":[1114655750]},{"billed_charge":263.42,"npi":[1114655750]},{"billed_charge":350.00,"npi":[1114655750]},{"billed_charge":823.85,"npi":[1114655750]}]},{"allowed_amount":0.00,"billing_code_modifier":[""],"providers":[{"billed_charge":60.46,"npi":[1114655750]},{"billed_charge":131.71,"npi":[1114655750]},{"billed_charge":143.36,"npi":[1114655750]},{"billed_charge":263.42,"npi":[1114655750]},{"billed_charge":350.00,"npi":[1114655750]},{"billed_charge":823.85,"npi":[1114655750]}]},{"allowed_amount":0.00,"billing_code_modifier":[""],"providers":[{"billed_charge":60.46,"npi":[1114655750]},{"billed_charge":131.71,"npi":[1114655750]},{"billed_charge":143.36,"npi":[1114655750]},{"billed_charge":263.42,"npi":[1114655750]},{"billed_charge":350.00,"npi":[1114655750]},{"billed_charge":823.85,"npi":[1114655750]}]},{"allowed_amount":0.00,"billing_code_modifier":[""],"providers":[{"billed_charge":60.46,"npi":[1114655750]},{"billed_charge":131.71,"npi":[1114655750]},{"billed_charge":143.36,"npi":[1114655750]},{"billed_charge":263.42,"npi":[1114655750]},{"billed_charge":350.00,"npi":[1114655750]},{"billed_charge":823.85,"npi":[1114655750]}]},{"allowed_amount":0.00,"billing_code_modifier":[""],"providers":[{"billed_charge":60.46,"npi":[1114655750]},{"billed_charge":131.71,"npi":[1114655750]},{"billed_charge":143.36,"npi":[1114655750]},{"billed_charge":263.42,"npi":[1114655750]},{"billed_charge":350.00,"npi":[1114655750]},{"billed_charge":823.85,"npi":[1114655750]}]}]},{"tin":{"type":"ein","value":"814623955"},"service_code":["23"],"billing_class":"institutional","payments":[{"allowed_amount":0.00,"billing_code_modifier":[""],"providers":[{"billed_charge":60.46,"npi":[1114655750]},{"billed_charge":131.71,"npi":[1114655750]},{"billed_charge":143.36,"npi":[1114655750]},{"billed_charge":263.42,"npi":[1114655750]},{"billed_charge":350.00,"npi":[1114655750]},{"billed_charge":823.85,"npi":[1114655750]}]},{"allowed_amount":0.00,"billing_code_modifier":[""],"providers":[{"billed_charge":60.46,"npi":[1114655750]},{"billed_charge":131.71,"npi":[1114655750]},{"billed_charge":143.36,"npi":[1114655750]},{"billed_charge":263.42,"npi":[1114655750]},{"billed_charge":350.00,"npi":[1114655750]},{"billed_charge":823.85,"npi":[1114655750]}]},{"allowed_amount":0.00,"billing_code_modifier":[""],"providers":[{"billed_charge":60.46,"npi":[1114655750]},{"billed_charge":131.71,"npi":[1114655750]},{"billed_charge":143.36,"npi":[1114655750]},{"billed_charge":263.42,"npi":[1114655750]},{"billed_charge":350.00,"npi":[1114655750]},{"billed_charge":823.85,"npi":[1114655750]}]},{"allowed_amount":0.00,"billing_code_modifier":[""],"providers":[{"billed_charge":60.46,"npi":[1114655750]},{"billed_charge":131.71,"npi":[1114655750]},{"billed_charge":143.36,"npi":[1114655750]},{"billed_charge":263.42,"npi":[1114655750]},{"billed_charge":350.00,"npi":[1114655750]},{"billed_charge":823.85,"npi":[1114655750]}]},{"allowed_amount":0.00,"billing_code_modifier":[""],"providers":[{"billed_charge":60.46,"npi":[1114655750]},{"billed_charge":131.71,"npi":[1114655750]},{"billed_charge":143.36,"npi":[1114655750]},{"billed_charge":263.42,"npi":[1114655750]},{"billed_charge":350.00,"npi":[1114655750]},{"billed_charge":823.85,"npi":[1114655750]}]},{"allowed_amount":0.00,"billing_code_modifier":[""],"providers":[{"billed_charge":60.46,"npi":[1114655750]},{"billed_charge":131.71,"npi":[1114655750]},{"billed_charge":143.36,"npi":[1114655750]},{"billed_charge":263.42,"npi":[1114655750]},{"billed_charge":350.00,"npi":[1114655750]},{"billed_charge":823.85,"npi":[1114655750]}]}]},{"tin":{"type":"ein","value":"814623955"},"service_code":["23"],"billing_class":"institutional","payments":[{"allowed_amount":0.00,"billing_code_modifier":[""],"providers":[{"billed_charge":60.46,"npi":[1114655750]},{"billed_charge":131.71,"npi":[1114655750]},{"billed_charge":143.36,"npi":[1114655750]},{"billed_charge":263.42,"npi":[1114655750]},{"billed_charge":350.00,"npi":[1114655750]},{"billed_charge":823.85,"npi":[1114655750]}]},{"allowed_amount":0.00,"billing_code_modifier":[""],"providers":[{"billed_charge":60.46,"npi":[1114655750]},{"billed_charge":131.71,"npi":[1114655750]},{"billed_charge":143.36,"npi":[1114655750]},{"billed_charge":263.42,"npi":[1114655750]},{"billed_charge":350.00,"npi":[1114655750]},{"billed_charge":823.85,"npi":[1114655750]}]},{"allowed_amount":0.00,"billing_code_modifier":[""],"providers":[{"billed_charge":60.46,"npi":[1114655750]},{"billed_charge":131.71,"npi":[1114655750]},{"billed_charge":143.36,"npi":[1114655750]},{"billed_charge":263.42,"npi":[1114655750]},{"billed_charge":350.00,"npi":[1114655750]},{"billed_charge":823.85,"npi":[1114655750]}]},{"allowed_amount":0.00,"billing_code_modifier":[""],"providers":[{"billed_charge":60.46,"npi":[1114655750]},{"billed_charge":131.71,"npi":[1114655750]},{"billed_charge":143.36,"npi":[1114655750]},{"billed_charge":263.42,"npi":[1114655750]},{"billed_charge":350.00,"npi":[1114655750]},{"billed_charge":823.85,"npi":[1114655750]}]},{"allowed_amount":0.00,"billing_code_modifier":[""],"providers":[{"billed_charge":60.46,"npi":[1114655750]},{"billed_charge":131.71,"npi":[1114655750]},{"billed_charge":143.36,"npi":[1114655750]},{"billed_charge":263.42,"npi":[1114655750]},{"billed_charge":350.00,"npi":[1114655750]},{"billed_charge":823.85,"npi":[1114655750]}]},{"allowed_amount":0.00,"billing_code_modifier":[""],"providers":[{"billed_charge":60.46,"npi":[1114655750]},{"billed_charge":131.71,"npi":[1114655750]},{"billed_charge":143.36,"npi":[1114655750]},{"billed_charge":263.42,"npi":[1114655750]},{"billed_charge":350.00,"npi":[1114655750]},{"billed_charge":823.85,"npi":[1114655750]}]}]},{"tin":{"type":"ein","value":"814623955"},"service_code":["23"],"billing_class":"institutional","payments":[{"allowed_amount":0.00,"billing_code_modifier":[""],"providers":[{"billed_charge":60.46,"npi":[1114655750]},{"billed_charge":131.71,"npi":[1114655750]},{"billed_charge":143.36,"npi":[1114655750]},{"billed_charge":263.42,"npi":[1114655750]},{"billed_charge":350.00,"npi":[1114655750]},{"billed_charge":823.85,"npi":[1114655750]}]},{"allowed_amount":0.00,"billing_code_modifier":[""],"providers":[{"billed_charge":60.46,"npi":[1114655750]},{"billed_charge":131.71,"npi":[1114655750]},{"billed_charge":143.36,"npi":[1114655750]},{"billed_charge":263.42,"npi":[1114655750]},{"billed_charge":350.00,"npi":[1114655750]},{"billed_charge":823.85,"npi":[1114655750]}]},{"allowed_amount":0.00,"billing_code_modifier":[""],"providers":[{"billed_charge":60.46,"npi":[1114655750]},{"billed_charge":131.71,"npi":[1114655750]},{"billed_charge":143.36,"npi":[1114655750]},{"billed_charge":263.42,"npi":[1114655750]},{"billed_charge":350.00,"npi":[1114655750]},{"billed_charge":823.85,"npi":[1114655750]}]},{"allowed_amount":0.00,"billing_code_modifier":[""],"providers":[{"billed_charge":60.46,"npi":[1114655750]},{"billed_charge":131.71,"npi":[1114655750]},{"billed_charge":143.36,"npi":[1114655750]},{"billed_charge":263.42,"npi":[1114655750]},{"billed_charge":350.00,"npi":[1114655750]},{"billed_charge":823.85,"npi":[1114655750]}]},{"allowed_amount":0.00,"billing_code_modifier":[""],"providers":[{"billed_charge":60.46,"npi":[1114655750]},{"billed_charge":131.71,"npi":[1114655750]},{"billed_charge":143.36,"npi":[1114655750]},{"billed_charge":263.42,"npi":[1114655750]},{"billed_charge":350.00,"npi":[1114655750]},{"billed_charge":823.85,"npi":[1114655750]}]},{"allowed_amount":0.00,"billing_code_modifier":[""],"providers":[{"billed_charge":60.46,"npi":[1114655750]},{"billed_charge":131.71,"npi":[1114655750]},{"billed_charge":143.36,"npi":[1114655750]},{"billed_charge":263.42,"npi":[1114655750]},{"billed_charge":350.00,"npi":[1114655750]},{"billed_charge":823.85,"npi":[1114655750]}]}]}]},{"name":"MANUAL THERAPY TQS 1\/> REGIONS EACH 15 MINUTES","billing_code_type":"CPT","billing_code_type_version":"2020","billing_code":"97140","description":"MANUAL THERAPY TQS 1\/> REGIONS EACH 15 MINUTES","allowed_amounts":[{"tin":{"type":"ein","value":"473507090"},"service_code":["11"],"billing_class":"professional","payments":[{"allowed_amount":57.90,"billing_code_modifier":[""],"providers":[{"billed_charge":120.00,"npi":[1235406794,1306231527,1932109170]}]}]}]},{"name":"THERAPEUT ACTVITY DIRECT PT CONTACT EACH 15 MIN","billing_code_type":"CPT","billing_code_type_version":"2020","billing_code":"97530","description":"THERAPEUT ACTVITY DIRECT PT CONTACT EACH 15 MIN","allowed_amounts":[{"tin":{"type":"ein","value":"473507090"},"service_code":["11"],"billing_class":"professional","payments":[{"allowed_amount":81.00,"billing_code_modifier":[""],"providers":[{"billed_charge":120.00,"npi":[1013332055,1306231527,1932109170]}]}]}]}]}
