{"reporting_entity_name": "IEC Group_DBA AmeriBen",
	"reporting_entity_type": "Third Party Administrator",
	"plan_name": "PRO MACH, INC.",
	"plan_id_type": "ein",
	"plan_id": "582402604",
	"plan_market_type": "group",
	"last_updated_on": "2024-06-01","Version": "1.0.0","out_of_network":[{"name":"ADAPTIVE BEHAVIOR TX BY PROTOCOL TECH EA 15 MIN","billing_code_type":"CPT","billing_code_type_version":"2020","billing_code":"97153","description":"ADAPTIVE BEHAVIOR TX BY PROTOCOL TECH EA 15 MIN","allowed_amounts":[{"tin":{"type":"ein","value":"842053778"},"service_code":["11"],"billing_class":"professional","payments":[{"allowed_amount":683.10,"billing_code_modifier":[""],"providers":[{"billed_charge":1980.00,"npi":[1437802865,1740849793]}]}]},{"tin":{"type":"ein","value":"842053778"},"service_code":["12"],"billing_class":"professional","payments":[{"allowed_amount":248.40,"billing_code_modifier":[""],"providers":[{"billed_charge":720.00,"npi":[1437802865,1740849793]}]}]},{"tin":{"type":"ein","value":"842053778"},"service_code":["12"],"billing_class":"professional","payments":[{"allowed_amount":296.00,"billing_code_modifier":[""],"providers":[{"billed_charge":720.00,"npi":[1437802865,1740849793]}]}]}]},{"name":"DRUG TEST DEFINITV DR ID METH P DAY 1-7 DRUG CL","billing_code_type":"HCPCS","billing_code_type_version":"HCPCS LEVEL II 2021","billing_code":"G0480","description":"DRUG TEST DEFINITV DR ID METH P DAY 1-7 DRUG CL","allowed_amounts":[{"tin":{"type":"ein","value":"463908799"},"service_code":["81"],"billing_class":"professional","payments":[{"allowed_amount":119.01,"billing_code_modifier":[""],"providers":[{"billed_charge":165.00,"npi":[1093136418,1851377030]}]}]},{"tin":{"type":"ein","value":"474815114"},"service_code":["11"],"billing_class":"professional","payments":[{"allowed_amount":119.01,"billing_code_modifier":[""],"providers":[{"billed_charge":183.09,"npi":[1114438132,1215302245,1770566341]}]}]}]},{"name":"DRUG TST PRSMV INSTRMNT CHEM ANALYZERS PR DATE","billing_code_type":"CPT","billing_code_type_version":"2020","billing_code":"80307","description":"DRUG TST PRSMV INSTRMNT CHEM ANALYZERS PR DATE","allowed_amounts":[{"tin":{"type":"ein","value":"474815114"},"service_code":["11"],"billing_class":"professional","payments":[{"allowed_amount":64.62,"billing_code_modifier":[""],"providers":[{"billed_charge":99.42,"npi":[1114438132,1215302245,1770566341]}]}]}]},{"name":"HEMO OPD\/HOME: HEMODIALYSIS COMP OR OTHER RATE","billing_code_type":"RC","billing_code_type_version":"UB04","billing_code":"0821","description":"HEMO OPD\/HOME: HEMODIALYSIS COMP OR OTHER RATE","allowed_amounts":[{"tin":{"type":"ein","value":"621323090"},"service_code":["65"],"billing_class":"institutional","payments":[{"allowed_amount":241.21,"billing_code_modifier":[""],"providers":[{"billed_charge":6045.00,"npi":[1346270782,1659544716]},{"billed_charge":6348.00,"npi":[1346270782,1659544716]}]},{"allowed_amount":241.21,"billing_code_modifier":[""],"providers":[{"billed_charge":6045.00,"npi":[1346270782,1659544716]},{"billed_charge":6348.00,"npi":[1346270782,1659544716]}]}]},{"tin":{"type":"ein","value":"621323090"},"service_code":["65"],"billing_class":"institutional","payments":[{"allowed_amount":241.21,"billing_code_modifier":[""],"providers":[{"billed_charge":6045.00,"npi":[1346270782,1659544716]},{"billed_charge":6348.00,"npi":[1346270782,1659544716]}]},{"allowed_amount":241.21,"billing_code_modifier":[""],"providers":[{"billed_charge":6045.00,"npi":[1346270782,1659544716]},{"billed_charge":6348.00,"npi":[1346270782,1659544716]}]}]},{"tin":{"type":"ein","value":"621323090"},"service_code":["65"],"billing_class":"institutional","payments":[{"allowed_amount":321.51,"billing_code_modifier":[""],"providers":[{"billed_charge":6045.00,"npi":[1346270782,1659544716]}]}]},{"tin":{"type":"ein","value":"621323090"},"service_code":["65"],"billing_class":"institutional","payments":[{"allowed_amount":361.81,"billing_code_modifier":[""],"providers":[{"billed_charge":5487.00,"npi":[1285683532,1346270782,1659544716]},{"billed_charge":6045.00,"npi":[1346270782,1659544716]},{"billed_charge":7677.00,"npi":[1346270782,1659544716]}]},{"allowed_amount":361.81,"billing_code_modifier":[""],"providers":[{"billed_charge":5487.00,"npi":[1285683532,1346270782,1659544716]},{"billed_charge":6045.00,"npi":[1346270782,1659544716]},{"billed_charge":7677.00,"npi":[1346270782,1659544716]}]},{"allowed_amount":361.81,"billing_code_modifier":[""],"providers":[{"billed_charge":5487.00,"npi":[1285683532,1346270782,1659544716]},{"billed_charge":6045.00,"npi":[1346270782,1659544716]},{"billed_charge":7677.00,"npi":[1346270782,1659544716]}]}]},{"tin":{"type":"ein","value":"621323090"},"service_code":["65"],"billing_class":"institutional","payments":[{"allowed_amount":361.81,"billing_code_modifier":[""],"providers":[{"billed_charge":5487.00,"npi":[1285683532,1346270782,1659544716]},{"billed_charge":6045.00,"npi":[1346270782,1659544716]},{"billed_charge":7677.00,"npi":[1346270782,1659544716]}]},{"allowed_amount":361.81,"billing_code_modifier":[""],"providers":[{"billed_charge":5487.00,"npi":[1285683532,1346270782,1659544716]},{"billed_charge":6045.00,"npi":[1346270782,1659544716]},{"billed_charge":7677.00,"npi":[1346270782,1659544716]}]},{"allowed_amount":361.81,"billing_code_modifier":[""],"providers":[{"billed_charge":5487.00,"npi":[1285683532,1346270782,1659544716]},{"billed_charge":6045.00,"npi":[1346270782,1659544716]},{"billed_charge":7677.00,"npi":[1346270782,1659544716]}]}]},{"tin":{"type":"ein","value":"621323090"},"service_code":["65"],"billing_class":"institutional","payments":[{"allowed_amount":361.81,"billing_code_modifier":[""],"providers":[{"billed_charge":5487.00,"npi":[1285683532,1346270782,1659544716]},{"billed_charge":6045.00,"npi":[1346270782,1659544716]},{"billed_charge":7677.00,"npi":[1346270782,1659544716]}]},{"allowed_amount":361.81,"billing_code_modifier":[""],"providers":[{"billed_charge":5487.00,"npi":[1285683532,1346270782,1659544716]},{"billed_charge":6045.00,"npi":[1346270782,1659544716]},{"billed_charge":7677.00,"npi":[1346270782,1659544716]}]},{"allowed_amount":361.81,"billing_code_modifier":[""],"providers":[{"billed_charge":5487.00,"npi":[1285683532,1346270782,1659544716]},{"billed_charge":6045.00,"npi":[1346270782,1659544716]},{"billed_charge":7677.00,"npi":[1346270782,1659544716]}]}]}]},{"name":"MANUAL THERAPY TQS 1\/> REGIONS EACH 15 MINUTES","billing_code_type":"CPT","billing_code_type_version":"2020","billing_code":"97140","description":"MANUAL THERAPY TQS 1\/> REGIONS EACH 15 MINUTES","allowed_amounts":[{"tin":{"type":"ein","value":"830498731"},"service_code":["11"],"billing_class":"professional","payments":[{"allowed_amount":14.60,"billing_code_modifier":[""],"providers":[{"billed_charge":45.00,"npi":[1285813295,1407887029]}]}]}]},{"name":"PSYCHIATRIC\/PSYCHOLOGICAL SVCS: PARTIAL HOSP - INT","billing_code_type":"RC","billing_code_type_version":"UB04","billing_code":"0913","description":"PSYCHIATRIC\/PSYCHOLOGICAL SVCS: PARTIAL HOSP - INT","allowed_amounts":[{"tin":{"type":"ein","value":"920714946"},"service_code":["22"],"billing_class":"institutional","payments":[{"allowed_amount":181.34,"billing_code_modifier":[""],"providers":[{"billed_charge":3750.00,"npi":[1265144216]}]}]}]},{"name":"THERAPEUTIC PX 1\/> AREAS EACH 15 MIN EXERCISES","billing_code_type":"CPT","billing_code_type_version":"2020","billing_code":"97110","description":"THERAPEUTIC PX 1\/> AREAS EACH 15 MIN EXERCISES","allowed_amounts":[{"tin":{"type":"ein","value":"830498731"},"service_code":["11"],"billing_class":"professional","payments":[{"allowed_amount":52.77,"billing_code_modifier":[""],"providers":[{"billed_charge":147.00,"npi":[1285813295,1407887029]}]}]}]}]}
