{"reporting_entity_name": "IEC Group_DBA AmeriBen",
	"reporting_entity_type": "Third Party Administrator",
	"plan_name": "PRO MACH, INC.",
	"plan_id_type": "ein",
	"plan_id": "582402604",
	"plan_market_type": "group",
	"last_updated_on": "2025-05-01","Version": "1.0.0","out_of_network":[{"name":"ADAPTIVE BEHAVIOR TX BY PROTOCOL TECH EA 15 MIN","billing_code_type":"CPT","billing_code_type_version":"2020","billing_code":"97153","description":"ADAPTIVE BEHAVIOR TX BY PROTOCOL TECH EA 15 MIN","allowed_amounts":[{"tin":{"type":"ein","value":"842053778"},"service_code":["11","12"],"billing_class":"professional","payments":[{"allowed_amount":688.00,"billing_code_modifier":[""],"providers":[{"billed_charge":1440.00,"npi":[1437802865,1740849793]}]}]},{"tin":{"type":"ein","value":"842053778"},"service_code":["12"],"billing_class":"professional","payments":[{"allowed_amount":344.00,"billing_code_modifier":[""],"providers":[{"billed_charge":720.00,"npi":[1437802865,1740849793]}]}]}]},{"name":"CAPD OPD\/HOME: CAPD COMP OR OTHER RATE","billing_code_type":"RC","billing_code_type_version":"UB04","billing_code":"0841","description":"CAPD OPD\/HOME: CAPD COMP OR OTHER RATE","allowed_amounts":[{"tin":{"type":"ein","value":"952977916"},"service_code":["65"],"billing_class":"institutional","payments":[{"allowed_amount":284.88,"billing_code_modifier":[""],"providers":[{"billed_charge":3543.00,"npi":[1659544716,1962431650]}]}]},{"tin":{"type":"ein","value":"952977916"},"service_code":["65"],"billing_class":"institutional","payments":[{"allowed_amount":329.06,"billing_code_modifier":[""],"providers":[{"billed_charge":3543.00,"npi":[1659544716,1962431650]}]}]},{"tin":{"type":"ein","value":"952977916"},"service_code":["65"],"billing_class":"institutional","payments":[{"allowed_amount":370.20,"billing_code_modifier":[""],"providers":[{"billed_charge":3543.00,"npi":[1659544716,1962431650]},{"billed_charge":3671.00,"npi":[1659544716,1962431650]}]},{"allowed_amount":370.20,"billing_code_modifier":[""],"providers":[{"billed_charge":3543.00,"npi":[1659544716,1962431650]},{"billed_charge":3671.00,"npi":[1659544716,1962431650]}]}]},{"tin":{"type":"ein","value":"952977916"},"service_code":["65"],"billing_class":"institutional","payments":[{"allowed_amount":370.20,"billing_code_modifier":[""],"providers":[{"billed_charge":3543.00,"npi":[1659544716,1962431650]},{"billed_charge":3671.00,"npi":[1659544716,1962431650]}]},{"allowed_amount":370.20,"billing_code_modifier":[""],"providers":[{"billed_charge":3543.00,"npi":[1659544716,1962431650]},{"billed_charge":3671.00,"npi":[1659544716,1962431650]}]}]}]},{"name":"CCPD OPD\/HOME: CCPD COMP OR OTHER RATE","billing_code_type":"RC","billing_code_type_version":"UB04","billing_code":"0851","description":"CCPD OPD\/HOME: CCPD COMP OR OTHER RATE","allowed_amounts":[{"tin":{"type":"ein","value":"871709701"},"service_code":["65"],"billing_class":"institutional","payments":[{"allowed_amount":332.89,"billing_code_modifier":[""],"providers":[{"billed_charge":4341.00,"npi":[1639169394,1710652672]}]}]}]},{"name":"PSYCHIATRIC\/PSYCHOLOGICAL SVCS: PARTIAL HOSP - LES","billing_code_type":"RC","billing_code_type_version":"UB04","billing_code":"0912","description":"PSYCHIATRIC\/PSYCHOLOGICAL SVCS: PARTIAL HOSP - LES","allowed_amounts":[{"tin":{"type":"ein","value":"823825590"},"service_code":["22"],"billing_class":"institutional","payments":[{"allowed_amount":196.74,"billing_code_modifier":[""],"providers":[{"billed_charge":2300.00,"npi":[1003010653,1407363195]}]}]}]},{"name":"SBSQ HOSPITAL IP\/OBS CARE MOD MDM 35 MINUTES","billing_code_type":"CPT","billing_code_type_version":"2020","billing_code":"99232","description":"SBSQ HOSPITAL IP\/OBS CARE MOD MDM 35 MINUTES","allowed_amounts":[{"tin":{"type":"ein","value":"680287629"},"service_code":["21"],"billing_class":"professional","payments":[{"allowed_amount":84.67,"billing_code_modifier":[""],"providers":[{"billed_charge":218.00,"npi":[1225063761,1275605180,1407957509,1790162600,1952747628]}]}]}]}]}
