{"reporting_entity_name": "IEC Group_DBA AmeriBen",
	"reporting_entity_type": "Third Party Administrator",
	"plan_name": "PURSUIT AEROSPACE",
	"plan_id_type": "ein",
	"plan_id": "921351892",
	"plan_market_type": "group",
	"last_updated_on": "2025-04-01","Version": "1.0.0","out_of_network":[{"name":"COLLECTION VENOUS BLOOD VENIPUNCTURE","billing_code_type":"CPT","billing_code_type_version":"2020","billing_code":"36415","description":"COLLECTION VENOUS BLOOD VENIPUNCTURE","allowed_amounts":[{"tin":{"type":"ein","value":"651108312"},"service_code":["81"],"billing_class":"professional","payments":[{"allowed_amount":0.00,"billing_code_modifier":[""],"providers":[{"billed_charge":8.57,"npi":[1043823644,1487821641,1578538690,1831228709]}]}]}]},{"name":"HOME NFS\/SPECIALTY DRUG ADMN PER VISIT <2 HR","billing_code_type":"CPT","billing_code_type_version":"2020","billing_code":"99601","description":"HOME NFS\/SPECIALTY DRUG ADMN PER VISIT <2 HR","allowed_amounts":[{"tin":{"type":"ein","value":"010808529"},"service_code":["12"],"billing_class":"professional","payments":[{"allowed_amount":400.00,"billing_code_modifier":[""],"providers":[{"billed_charge":400.00,"npi":[1073569760,1851337778]}]}]}]}]}
