{"reporting_entity_name": "IEC Group_DBA AmeriBen",
	"reporting_entity_type": "Third Party Administrator",
	"plan_name": "CONFLUENT HEALTH",
	"plan_id_type": "ein",
	"plan_id": "471584422",
	"plan_market_type": "group",
	"last_updated_on": "2024-03-01","Version": "1.0.0","out_of_network":[{"name":"LACTATION CLASSES NON-PHYSICIAN PROVIDER-SESSION","billing_code_type":"HCPCS","billing_code_type_version":"HCPCS LEVEL II 2021","billing_code":"S9443","description":"LACTATION CLASSES NON-PHYSICIAN PROVIDER-SESSION","allowed_amounts":[{"tin":{"type":"ein","value":"822736113"},"service_code":["11","12"],"billing_class":"professional","payments":[{"allowed_amount":225.00,"billing_code_modifier":[""],"providers":[{"billed_charge":900.00,"npi":[1144749391]}]}]},{"tin":{"type":"ein","value":"850867370"},"service_code":["02"],"billing_class":"professional","payments":[{"allowed_amount":44.16,"billing_code_modifier":[""],"providers":[{"billed_charge":300.00,"npi":[1023355401,1699369124,1720630270,1790159291,1790306819,1831662253,1861040461,1912589516,1972198216]}]}]}]},{"name":"PSYCHOTHERAPY W\/PATIENT 45 MINUTES","billing_code_type":"CPT","billing_code_type_version":"2020","billing_code":"90834","description":"PSYCHOTHERAPY W\/PATIENT 45 MINUTES","allowed_amounts":[{"tin":{"type":"ein","value":"144425472"},"service_code":["02","11"],"billing_class":"professional","payments":[{"allowed_amount":149.96,"billing_code_modifier":[""],"providers":[{"billed_charge":200.00,"npi":[1790856821]}]}]},{"tin":{"type":"ein","value":"463992986"},"service_code":["02","11"],"billing_class":"professional","payments":[{"allowed_amount":149.96,"billing_code_modifier":[""],"providers":[{"billed_charge":150.00,"npi":[1447685169]}]}]}]},{"name":"PSYCHOTHERAPY W\/PATIENT 60 MINUTES","billing_code_type":"CPT","billing_code_type_version":"2020","billing_code":"90837","description":"PSYCHOTHERAPY W\/PATIENT 60 MINUTES","allowed_amounts":[{"tin":{"type":"ein","value":"102408888"},"service_code":["11"],"billing_class":"professional","payments":[{"allowed_amount":220.61,"billing_code_modifier":[""],"providers":[{"billed_charge":250.00,"npi":[1629114988]}]}]},{"tin":{"type":"ein","value":"825256765"},"service_code":["02"],"billing_class":"professional","payments":[{"allowed_amount":220.61,"billing_code_modifier":[""],"providers":[{"billed_charge":300.00,"npi":[1235530437,1891259727]}]}]}]},{"name":"THER PX 1\/> AREAS EACH 15 MIN NEUROMUSC REEDUCA","billing_code_type":"CPT","billing_code_type_version":"2020","billing_code":"97112","description":"THER PX 1\/> AREAS EACH 15 MIN NEUROMUSC REEDUCA","allowed_amounts":[{"tin":{"type":"ein","value":"871178824"},"service_code":["11"],"billing_class":"professional","payments":[{"allowed_amount":0.00,"billing_code_modifier":[""],"providers":[{"billed_charge":48.00,"npi":[1376911594,1609542109,1609838432,1629751052,1770693509,1962184168]}]}]},{"tin":{"type":"ein","value":"871178824"},"service_code":["11"],"billing_class":"professional","payments":[{"allowed_amount":59.50,"billing_code_modifier":[""],"providers":[{"billed_charge":96.00,"npi":[1134406176,1376911594,1609542109,1609838432,1629751052,1922734912,1962184168]}]}]}]},{"name":"THERAPEUT ACTVITY DIRECT PT CONTACT EACH 15 MIN","billing_code_type":"CPT","billing_code_type_version":"2020","billing_code":"97530","description":"THERAPEUT ACTVITY DIRECT PT CONTACT EACH 15 MIN","allowed_amounts":[{"tin":{"type":"ein","value":"871178824"},"service_code":["11"],"billing_class":"professional","payments":[{"allowed_amount":0.00,"billing_code_modifier":[""],"providers":[{"billed_charge":48.00,"npi":[1609542109,1609838432,1629751052]},{"billed_charge":96.00,"npi":[1376911594,1609542109,1629751052,1922734912,1962184168]}]},{"allowed_amount":0.00,"billing_code_modifier":[""],"providers":[{"billed_charge":48.00,"npi":[1609542109,1609838432,1629751052]},{"billed_charge":96.00,"npi":[1376911594,1609542109,1629751052,1922734912,1962184168]}]}]},{"tin":{"type":"ein","value":"871178824"},"service_code":["11"],"billing_class":"professional","payments":[{"allowed_amount":0.00,"billing_code_modifier":[""],"providers":[{"billed_charge":48.00,"npi":[1609542109,1609838432,1629751052]},{"billed_charge":96.00,"npi":[1376911594,1609542109,1629751052,1922734912,1962184168]}]},{"allowed_amount":0.00,"billing_code_modifier":[""],"providers":[{"billed_charge":48.00,"npi":[1609542109,1609838432,1629751052]},{"billed_charge":96.00,"npi":[1376911594,1609542109,1629751052,1922734912,1962184168]}]}]},{"tin":{"type":"ein","value":"871178824"},"service_code":["11"],"billing_class":"professional","payments":[{"allowed_amount":59.50,"billing_code_modifier":[""],"providers":[{"billed_charge":96.00,"npi":[1609542109,1770693509]},{"billed_charge":144.00,"npi":[1376911594,1609542109,1609838432,1629751052,1770693509,1962184168]}]},{"allowed_amount":59.50,"billing_code_modifier":[""],"providers":[{"billed_charge":96.00,"npi":[1609542109,1770693509]},{"billed_charge":144.00,"npi":[1376911594,1609542109,1609838432,1629751052,1770693509,1962184168]}]}]},{"tin":{"type":"ein","value":"871178824"},"service_code":["11"],"billing_class":"professional","payments":[{"allowed_amount":59.50,"billing_code_modifier":[""],"providers":[{"billed_charge":96.00,"npi":[1609542109,1770693509]},{"billed_charge":144.00,"npi":[1376911594,1609542109,1609838432,1629751052,1770693509,1962184168]}]},{"allowed_amount":59.50,"billing_code_modifier":[""],"providers":[{"billed_charge":96.00,"npi":[1609542109,1770693509]},{"billed_charge":144.00,"npi":[1376911594,1609542109,1609838432,1629751052,1770693509,1962184168]}]}]}]}]}
