{"reporting_entity_name": "IEC Group_DBA AmeriBen",
	"reporting_entity_type": "Third Party Administrator",
	"plan_name": "URSCHEL LABORATORIES INC",
	"plan_id_type": "ein",
	"plan_id": "350726105",
	"plan_market_type": "group",
	"last_updated_on": "2023-11-01","Version": "1.0.0","out_of_network":[{"name":"HIT TPN 2 LITER DIEM","billing_code_type":"HCPCS","billing_code_type_version":"HCPCS LEVEL II 2021","billing_code":"S9366","description":"HIT TPN 2 LITER DIEM","allowed_amounts":[{"tin":{"type":"ein","value":"562554975"},"service_code":["12"],"billing_class":"professional","payments":[{"allowed_amount":0.00,"billing_code_modifier":[""],"providers":[{"billed_charge":844.80,"npi":[1821060286,1841372638]}]}]},{"tin":{"type":"ein","value":"562554975"},"service_code":["12"],"billing_class":"professional","payments":[{"allowed_amount":189.15,"billing_code_modifier":[""],"providers":[{"billed_charge":844.80,"npi":[1821060286,1841372638]}]}]},{"tin":{"type":"ein","value":"562554975"},"service_code":["12"],"billing_class":"professional","payments":[{"allowed_amount":633.60,"billing_code_modifier":[""],"providers":[{"billed_charge":844.80,"npi":[1821060286,1841372638]}]}]}]},{"name":"PN SOLN NOS 10 GRAMS LIPIDS","billing_code_type":"HCPCS","billing_code_type_version":"HCPCS LEVEL II 2021","billing_code":"B4185","description":"PN SOLN NOS 10 GRAMS LIPIDS","allowed_amounts":[{"tin":{"type":"ein","value":"562554975"},"service_code":["12"],"billing_class":"professional","payments":[{"allowed_amount":0.00,"billing_code_modifier":[""],"providers":[{"billed_charge":174.05,"npi":[1821060286,1841372638]},{"billed_charge":301.24,"npi":[1821060286,1841372638]},{"billed_charge":332.12,"npi":[1821060286,1841372638]},{"billed_charge":351.45,"npi":[1821060286,1841372638]},{"billed_charge":351.48,"npi":[1821060286,1841372638]},{"billed_charge":527.18,"npi":[1821060286,1841372638]},{"billed_charge":527.20,"npi":[1821060286,1841372638]},{"billed_charge":602.49,"npi":[1821060286,1841372638]},{"billed_charge":602.52,"npi":[1821060286,1841372638]},{"billed_charge":870.27,"npi":[1821060286,1841372638]}]},{"allowed_amount":0.00,"billing_code_modifier":[""],"providers":[{"billed_charge":174.05,"npi":[1821060286,1841372638]},{"billed_charge":301.24,"npi":[1821060286,1841372638]},{"billed_charge":332.12,"npi":[1821060286,1841372638]},{"billed_charge":351.45,"npi":[1821060286,1841372638]},{"billed_charge":351.48,"npi":[1821060286,1841372638]},{"billed_charge":527.18,"npi":[1821060286,1841372638]},{"billed_charge":527.20,"npi":[1821060286,1841372638]},{"billed_charge":602.49,"npi":[1821060286,1841372638]},{"billed_charge":602.52,"npi":[1821060286,1841372638]},{"billed_charge":870.27,"npi":[1821060286,1841372638]}]},{"allowed_amount":0.00,"billing_code_modifier":[""],"providers":[{"billed_charge":174.05,"npi":[1821060286,1841372638]},{"billed_charge":301.24,"npi":[1821060286,1841372638]},{"billed_charge":332.12,"npi":[1821060286,1841372638]},{"billed_charge":351.45,"npi":[1821060286,1841372638]},{"billed_charge":351.48,"npi":[1821060286,1841372638]},{"billed_charge":527.18,"npi":[1821060286,1841372638]},{"billed_charge":527.20,"npi":[1821060286,1841372638]},{"billed_charge":602.49,"npi":[1821060286,1841372638]},{"billed_charge":602.52,"npi":[1821060286,1841372638]},{"billed_charge":870.27,"npi":[1821060286,1841372638]}]},{"allowed_amount":0.00,"billing_code_modifier":[""],"providers":[{"billed_charge":174.05,"npi":[1821060286,1841372638]},{"billed_charge":301.24,"npi":[1821060286,1841372638]},{"billed_charge":332.12,"npi":[1821060286,1841372638]},{"billed_charge":351.45,"npi":[1821060286,1841372638]},{"billed_charge":351.48,"npi":[1821060286,1841372638]},{"billed_charge":527.18,"npi":[1821060286,1841372638]},{"billed_charge":527.20,"npi":[1821060286,1841372638]},{"billed_charge":602.49,"npi":[1821060286,1841372638]},{"billed_charge":602.52,"npi":[1821060286,1841372638]},{"billed_charge":870.27,"npi":[1821060286,1841372638]}]},{"allowed_amount":0.00,"billing_code_modifier":[""],"providers":[{"billed_charge":174.05,"npi":[1821060286,1841372638]},{"billed_charge":301.24,"npi":[1821060286,1841372638]},{"billed_charge":332.12,"npi":[1821060286,1841372638]},{"billed_charge":351.45,"npi":[1821060286,1841372638]},{"billed_charge":351.48,"npi":[1821060286,1841372638]},{"billed_charge":527.18,"npi":[1821060286,1841372638]},{"billed_charge":527.20,"npi":[1821060286,1841372638]},{"billed_charge":602.49,"npi":[1821060286,1841372638]},{"billed_charge":602.52,"npi":[1821060286,1841372638]},{"billed_charge":870.27,"npi":[1821060286,1841372638]}]},{"allowed_amount":0.00,"billing_code_modifier":[""],"providers":[{"billed_charge":174.05,"npi":[1821060286,1841372638]},{"billed_charge":301.24,"npi":[1821060286,1841372638]},{"billed_charge":332.12,"npi":[1821060286,1841372638]},{"billed_charge":351.45,"npi":[1821060286,1841372638]},{"billed_charge":351.48,"npi":[1821060286,1841372638]},{"billed_charge":527.18,"npi":[1821060286,1841372638]},{"billed_charge":527.20,"npi":[1821060286,1841372638]},{"billed_charge":602.49,"npi":[1821060286,1841372638]},{"billed_charge":602.52,"npi":[1821060286,1841372638]},{"billed_charge":870.27,"npi":[1821060286,1841372638]}]},{"allowed_amount":0.00,"billing_code_modifier":[""],"providers":[{"billed_charge":174.05,"npi":[1821060286,1841372638]},{"billed_charge":301.24,"npi":[1821060286,1841372638]},{"billed_charge":332.12,"npi":[1821060286,1841372638]},{"billed_charge":351.45,"npi":[1821060286,1841372638]},{"billed_charge":351.48,"npi":[1821060286,1841372638]},{"billed_charge":527.18,"npi":[1821060286,1841372638]},{"billed_charge":527.20,"npi":[1821060286,1841372638]},{"billed_charge":602.49,"npi":[1821060286,1841372638]},{"billed_charge":602.52,"npi":[1821060286,1841372638]},{"billed_charge":870.27,"npi":[1821060286,1841372638]}]},{"allowed_amount":0.00,"billing_code_modifier":[""],"providers":[{"billed_charge":174.05,"npi":[1821060286,1841372638]},{"billed_charge":301.24,"npi":[1821060286,1841372638]},{"billed_charge":332.12,"npi":[1821060286,1841372638]},{"billed_charge":351.45,"npi":[1821060286,1841372638]},{"billed_charge":351.48,"npi":[1821060286,1841372638]},{"billed_charge":527.18,"npi":[1821060286,1841372638]},{"billed_charge":527.20,"npi":[1821060286,1841372638]},{"billed_charge":602.49,"npi":[1821060286,1841372638]},{"billed_charge":602.52,"npi":[1821060286,1841372638]},{"billed_charge":870.27,"npi":[1821060286,1841372638]}]},{"allowed_amount":0.00,"billing_code_modifier":[""],"providers":[{"billed_charge":174.05,"npi":[1821060286,1841372638]},{"billed_charge":301.24,"npi":[1821060286,1841372638]},{"billed_charge":332.12,"npi":[1821060286,1841372638]},{"billed_charge":351.45,"npi":[1821060286,1841372638]},{"billed_charge":351.48,"npi":[1821060286,1841372638]},{"billed_charge":527.18,"npi":[1821060286,1841372638]},{"billed_charge":527.20,"npi":[1821060286,1841372638]},{"billed_charge":602.49,"npi":[1821060286,1841372638]},{"billed_charge":602.52,"npi":[1821060286,1841372638]},{"billed_charge":870.27,"npi":[1821060286,1841372638]}]},{"allowed_amount":0.00,"billing_code_modifier":[""],"providers":[{"billed_charge":174.05,"npi":[1821060286,1841372638]},{"billed_charge":301.24,"npi":[1821060286,1841372638]},{"billed_charge":332.12,"npi":[1821060286,1841372638]},{"billed_charge":351.45,"npi":[1821060286,1841372638]},{"billed_charge":351.48,"npi":[1821060286,1841372638]},{"billed_charge":527.18,"npi":[1821060286,1841372638]},{"billed_charge":527.20,"npi":[1821060286,1841372638]},{"billed_charge":602.49,"npi":[1821060286,1841372638]},{"billed_charge":602.52,"npi":[1821060286,1841372638]},{"billed_charge":870.27,"npi":[1821060286,1841372638]}]}]},{"tin":{"type":"ein","value":"562554975"},"service_code":["12"],"billing_class":"professional","payments":[{"allowed_amount":0.00,"billing_code_modifier":[""],"providers":[{"billed_charge":174.05,"npi":[1821060286,1841372638]},{"billed_charge":301.24,"npi":[1821060286,1841372638]},{"billed_charge":332.12,"npi":[1821060286,1841372638]},{"billed_charge":351.45,"npi":[1821060286,1841372638]},{"billed_charge":351.48,"npi":[1821060286,1841372638]},{"billed_charge":527.18,"npi":[1821060286,1841372638]},{"billed_charge":527.20,"npi":[1821060286,1841372638]},{"billed_charge":602.49,"npi":[1821060286,1841372638]},{"billed_charge":602.52,"npi":[1821060286,1841372638]},{"billed_charge":870.27,"npi":[1821060286,1841372638]}]},{"allowed_amount":0.00,"billing_code_modifier":[""],"providers":[{"billed_charge":174.05,"npi":[1821060286,1841372638]},{"billed_charge":301.24,"npi":[1821060286,1841372638]},{"billed_charge":332.12,"npi":[1821060286,1841372638]},{"billed_charge":351.45,"npi":[1821060286,1841372638]},{"billed_charge":351.48,"npi":[1821060286,1841372638]},{"billed_charge":527.18,"npi":[1821060286,1841372638]},{"billed_charge":527.20,"npi":[1821060286,1841372638]},{"billed_charge":602.49,"npi":[1821060286,1841372638]},{"billed_charge":602.52,"npi":[1821060286,1841372638]},{"billed_charge":870.27,"npi":[1821060286,1841372638]}]},{"allowed_amount":0.00,"billing_code_modifier":[""],"providers":[{"billed_charge":174.05,"npi":[1821060286,1841372638]},{"billed_charge":301.24,"npi":[1821060286,1841372638]},{"billed_charge":332.12,"npi":[1821060286,1841372638]},{"billed_charge":351.45,"npi":[1821060286,1841372638]},{"billed_charge":351.48,"npi":[1821060286,1841372638]},{"billed_charge":527.18,"npi":[1821060286,1841372638]},{"billed_charge":527.20,"npi":[1821060286,1841372638]},{"billed_charge":602.49,"npi":[1821060286,1841372638]},{"billed_charge":602.52,"npi":[1821060286,1841372638]},{"billed_charge":870.27,"npi":[1821060286,1841372638]}]},{"allowed_amount":0.00,"billing_code_modifier":[""],"providers":[{"billed_charge":174.05,"npi":[1821060286,1841372638]},{"billed_charge":301.24,"npi":[1821060286,1841372638]},{"billed_charge":332.12,"npi":[1821060286,1841372638]},{"billed_charge":351.45,"npi":[1821060286,1841372638]},{"billed_charge":351.48,"npi":[1821060286,1841372638]},{"billed_charge":527.18,"npi":[1821060286,1841372638]},{"billed_charge":527.20,"npi":[1821060286,1841372638]},{"billed_charge":602.49,"npi":[1821060286,1841372638]},{"billed_charge":602.52,"npi":[1821060286,1841372638]},{"billed_charge":870.27,"npi":[1821060286,1841372638]}]},{"allowed_amount":0.00,"billing_code_modifier":[""],"providers":[{"billed_charge":174.05,"npi":[1821060286,1841372638]},{"billed_charge":301.24,"npi":[1821060286,1841372638]},{"billed_charge":332.12,"npi":[1821060286,1841372638]},{"billed_charge":351.45,"npi":[1821060286,1841372638]},{"billed_charge":351.48,"npi":[1821060286,1841372638]},{"billed_charge":527.18,"npi":[1821060286,1841372638]},{"billed_charge":527.20,"npi":[1821060286,1841372638]},{"billed_charge":602.49,"npi":[1821060286,1841372638]},{"billed_charge":602.52,"npi":[1821060286,1841372638]},{"billed_charge":870.27,"npi":[1821060286,1841372638]}]},{"allowed_amount":0.00,"billing_code_modifier":[""],"providers":[{"billed_charge":174.05,"npi":[1821060286,1841372638]},{"billed_charge":301.24,"npi":[1821060286,1841372638]},{"billed_charge":332.12,"npi":[1821060286,1841372638]},{"billed_charge":351.45,"npi":[1821060286,1841372638]},{"billed_charge":351.48,"npi":[1821060286,1841372638]},{"billed_charge":527.18,"npi":[1821060286,1841372638]},{"billed_charge":527.20,"npi":[1821060286,1841372638]},{"billed_charge":602.49,"npi":[1821060286,1841372638]},{"billed_charge":602.52,"npi":[1821060286,1841372638]},{"billed_charge":870.27,"npi":[1821060286,1841372638]}]},{"allowed_amount":0.00,"billing_code_modifier":[""],"providers":[{"billed_charge":174.05,"npi":[1821060286,1841372638]},{"billed_charge":301.24,"npi":[1821060286,1841372638]},{"billed_charge":332.12,"npi":[1821060286,1841372638]},{"billed_charge":351.45,"npi":[1821060286,1841372638]},{"billed_charge":351.48,"npi":[1821060286,1841372638]},{"billed_charge":527.18,"npi":[1821060286,1841372638]},{"billed_charge":527.20,"npi":[1821060286,1841372638]},{"billed_charge":602.49,"npi":[1821060286,1841372638]},{"billed_charge":602.52,"npi":[1821060286,1841372638]},{"billed_charge":870.27,"npi":[1821060286,1841372638]}]},{"allowed_amount":0.00,"billing_code_modifier":[""],"providers":[{"billed_charge":174.05,"npi":[1821060286,1841372638]},{"billed_charge":301.24,"npi":[1821060286,1841372638]},{"billed_charge":332.12,"npi":[1821060286,1841372638]},{"billed_charge":351.45,"npi":[1821060286,1841372638]},{"billed_charge":351.48,"npi":[1821060286,1841372638]},{"billed_charge":527.18,"npi":[1821060286,1841372638]},{"billed_charge":527.20,"npi":[1821060286,1841372638]},{"billed_charge":602.49,"npi":[1821060286,1841372638]},{"billed_charge":602.52,"npi":[1821060286,1841372638]},{"billed_charge":870.27,"npi":[1821060286,1841372638]}]},{"allowed_amount":0.00,"billing_code_modifier":[""],"providers":[{"billed_charge":174.05,"npi":[1821060286,1841372638]},{"billed_charge":301.24,"npi":[1821060286,1841372638]},{"billed_charge":332.12,"npi":[1821060286,1841372638]},{"billed_charge":351.45,"npi":[1821060286,1841372638]},{"billed_charge":351.48,"npi":[1821060286,1841372638]},{"billed_charge":527.18,"npi":[1821060286,1841372638]},{"billed_charge":527.20,"npi":[1821060286,1841372638]},{"billed_charge":602.49,"npi":[1821060286,1841372638]},{"billed_charge":602.52,"npi":[1821060286,1841372638]},{"billed_charge":870.27,"npi":[1821060286,1841372638]}]},{"allowed_amount":0.00,"billing_code_modifier":[""],"providers":[{"billed_charge":174.05,"npi":[1821060286,1841372638]},{"billed_charge":301.24,"npi":[1821060286,1841372638]},{"billed_charge":332.12,"npi":[1821060286,1841372638]},{"billed_charge":351.45,"npi":[1821060286,1841372638]},{"billed_charge":351.48,"npi":[1821060286,1841372638]},{"billed_charge":527.18,"npi":[1821060286,1841372638]},{"billed_charge":527.20,"npi":[1821060286,1841372638]},{"billed_charge":602.49,"npi":[1821060286,1841372638]},{"billed_charge":602.52,"npi":[1821060286,1841372638]},{"billed_charge":870.27,"npi":[1821060286,1841372638]}]}]},{"tin":{"type":"ein","value":"562554975"},"service_code":["12"],"billing_class":"professional","payments":[{"allowed_amount":0.00,"billing_code_modifier":[""],"providers":[{"billed_charge":174.05,"npi":[1821060286,1841372638]},{"billed_charge":301.24,"npi":[1821060286,1841372638]},{"billed_charge":332.12,"npi":[1821060286,1841372638]},{"billed_charge":351.45,"npi":[1821060286,1841372638]},{"billed_charge":351.48,"npi":[1821060286,1841372638]},{"billed_charge":527.18,"npi":[1821060286,1841372638]},{"billed_charge":527.20,"npi":[1821060286,1841372638]},{"billed_charge":602.49,"npi":[1821060286,1841372638]},{"billed_charge":602.52,"npi":[1821060286,1841372638]},{"billed_charge":870.27,"npi":[1821060286,1841372638]}]},{"allowed_amount":0.00,"billing_code_modifier":[""],"providers":[{"billed_charge":174.05,"npi":[1821060286,1841372638]},{"billed_charge":301.24,"npi":[1821060286,1841372638]},{"billed_charge":332.12,"npi":[1821060286,1841372638]},{"billed_charge":351.45,"npi":[1821060286,1841372638]},{"billed_charge":351.48,"npi":[1821060286,1841372638]},{"billed_charge":527.18,"npi":[1821060286,1841372638]},{"billed_charge":527.20,"npi":[1821060286,1841372638]},{"billed_charge":602.49,"npi":[1821060286,1841372638]},{"billed_charge":602.52,"npi":[1821060286,1841372638]},{"billed_charge":870.27,"npi":[1821060286,1841372638]}]},{"allowed_amount":0.00,"billing_code_modifier":[""],"providers":[{"billed_charge":174.05,"npi":[1821060286,1841372638]},{"billed_charge":301.24,"npi":[1821060286,1841372638]},{"billed_charge":332.12,"npi":[1821060286,1841372638]},{"billed_charge":351.45,"npi":[1821060286,1841372638]},{"billed_charge":351.48,"npi":[1821060286,1841372638]},{"billed_charge":527.18,"npi":[1821060286,1841372638]},{"billed_charge":527.20,"npi":[1821060286,1841372638]},{"billed_charge":602.49,"npi":[1821060286,1841372638]},{"billed_charge":602.52,"npi":[1821060286,1841372638]},{"billed_charge":870.27,"npi":[1821060286,1841372638]}]},{"allowed_amount":0.00,"billing_code_modifier":[""],"providers":[{"billed_charge":174.05,"npi":[1821060286,1841372638]},{"billed_charge":301.24,"npi":[1821060286,1841372638]},{"billed_charge":332.12,"npi":[1821060286,1841372638]},{"billed_charge":351.45,"npi":[1821060286,1841372638]},{"billed_charge":351.48,"npi":[1821060286,1841372638]},{"billed_charge":527.18,"npi":[1821060286,1841372638]},{"billed_charge":527.20,"npi":[1821060286,1841372638]},{"billed_charge":602.49,"npi":[1821060286,1841372638]},{"billed_charge":602.52,"npi":[1821060286,1841372638]},{"billed_charge":870.27,"npi":[1821060286,1841372638]}]},{"allowed_amount":0.00,"billing_code_modifier":[""],"providers":[{"billed_charge":174.05,"npi":[1821060286,1841372638]},{"billed_charge":301.24,"npi":[1821060286,1841372638]},{"billed_charge":332.12,"npi":[1821060286,1841372638]},{"billed_charge":351.45,"npi":[1821060286,1841372638]},{"billed_charge":351.48,"npi":[1821060286,1841372638]},{"billed_charge":527.18,"npi":[1821060286,1841372638]},{"billed_charge":527.20,"npi":[1821060286,1841372638]},{"billed_charge":602.49,"npi":[1821060286,1841372638]},{"billed_charge":602.52,"npi":[1821060286,1841372638]},{"billed_charge":870.27,"npi":[1821060286,1841372638]}]},{"allowed_amount":0.00,"billing_code_modifier":[""],"providers":[{"billed_charge":174.05,"npi":[1821060286,1841372638]},{"billed_charge":301.24,"npi":[1821060286,1841372638]},{"billed_charge":332.12,"npi":[1821060286,1841372638]},{"billed_charge":351.45,"npi":[1821060286,1841372638]},{"billed_charge":351.48,"npi":[1821060286,1841372638]},{"billed_charge":527.18,"npi":[1821060286,1841372638]},{"billed_charge":527.20,"npi":[1821060286,1841372638]},{"billed_charge":602.49,"npi":[1821060286,1841372638]},{"billed_charge":602.52,"npi":[1821060286,1841372638]},{"billed_charge":870.27,"npi":[1821060286,1841372638]}]},{"allowed_amount":0.00,"billing_code_modifier":[""],"providers":[{"billed_charge":174.05,"npi":[1821060286,1841372638]},{"billed_charge":301.24,"npi":[1821060286,1841372638]},{"billed_charge":332.12,"npi":[1821060286,1841372638]},{"billed_charge":351.45,"npi":[1821060286,1841372638]},{"billed_charge":351.48,"npi":[1821060286,1841372638]},{"billed_charge":527.18,"npi":[1821060286,1841372638]},{"billed_charge":527.20,"npi":[1821060286,1841372638]},{"billed_charge":602.49,"npi":[1821060286,1841372638]},{"billed_charge":602.52,"npi":[1821060286,1841372638]},{"billed_charge":870.27,"npi":[1821060286,1841372638]}]},{"allowed_amount":0.00,"billing_code_modifier":[""],"providers":[{"billed_charge":174.05,"npi":[1821060286,1841372638]},{"billed_charge":301.24,"npi":[1821060286,1841372638]},{"billed_charge":332.12,"npi":[1821060286,1841372638]},{"billed_charge":351.45,"npi":[1821060286,1841372638]},{"billed_charge":351.48,"npi":[1821060286,1841372638]},{"billed_charge":527.18,"npi":[1821060286,1841372638]},{"billed_charge":527.20,"npi":[1821060286,1841372638]},{"billed_charge":602.49,"npi":[1821060286,1841372638]},{"billed_charge":602.52,"npi":[1821060286,1841372638]},{"billed_charge":870.27,"npi":[1821060286,1841372638]}]},{"allowed_amount":0.00,"billing_code_modifier":[""],"providers":[{"billed_charge":174.05,"npi":[1821060286,1841372638]},{"billed_charge":301.24,"npi":[1821060286,1841372638]},{"billed_charge":332.12,"npi":[1821060286,1841372638]},{"billed_charge":351.45,"npi":[1821060286,1841372638]},{"billed_charge":351.48,"npi":[1821060286,1841372638]},{"billed_charge":527.18,"npi":[1821060286,1841372638]},{"billed_charge":527.20,"npi":[1821060286,1841372638]},{"billed_charge":602.49,"npi":[1821060286,1841372638]},{"billed_charge":602.52,"npi":[1821060286,1841372638]},{"billed_charge":870.27,"npi":[1821060286,1841372638]}]},{"allowed_amount":0.00,"billing_code_modifier":[""],"providers":[{"billed_charge":174.05,"npi":[1821060286,1841372638]},{"billed_charge":301.24,"npi":[1821060286,1841372638]},{"billed_charge":332.12,"npi":[1821060286,1841372638]},{"billed_charge":351.45,"npi":[1821060286,1841372638]},{"billed_charge":351.48,"npi":[1821060286,1841372638]},{"billed_charge":527.18,"npi":[1821060286,1841372638]},{"billed_charge":527.20,"npi":[1821060286,1841372638]},{"billed_charge":602.49,"npi":[1821060286,1841372638]},{"billed_charge":602.52,"npi":[1821060286,1841372638]},{"billed_charge":870.27,"npi":[1821060286,1841372638]}]}]},{"tin":{"type":"ein","value":"562554975"},"service_code":["12"],"billing_class":"professional","payments":[{"allowed_amount":0.00,"billing_code_modifier":[""],"providers":[{"billed_charge":174.05,"npi":[1821060286,1841372638]},{"billed_charge":301.24,"npi":[1821060286,1841372638]},{"billed_charge":332.12,"npi":[1821060286,1841372638]},{"billed_charge":351.45,"npi":[1821060286,1841372638]},{"billed_charge":351.48,"npi":[1821060286,1841372638]},{"billed_charge":527.18,"npi":[1821060286,1841372638]},{"billed_charge":527.20,"npi":[1821060286,1841372638]},{"billed_charge":602.49,"npi":[1821060286,1841372638]},{"billed_charge":602.52,"npi":[1821060286,1841372638]},{"billed_charge":870.27,"npi":[1821060286,1841372638]}]},{"allowed_amount":0.00,"billing_code_modifier":[""],"providers":[{"billed_charge":174.05,"npi":[1821060286,1841372638]},{"billed_charge":301.24,"npi":[1821060286,1841372638]},{"billed_charge":332.12,"npi":[1821060286,1841372638]},{"billed_charge":351.45,"npi":[1821060286,1841372638]},{"billed_charge":351.48,"npi":[1821060286,1841372638]},{"billed_charge":527.18,"npi":[1821060286,1841372638]},{"billed_charge":527.20,"npi":[1821060286,1841372638]},{"billed_charge":602.49,"npi":[1821060286,1841372638]},{"billed_charge":602.52,"npi":[1821060286,1841372638]},{"billed_charge":870.27,"npi":[1821060286,1841372638]}]},{"allowed_amount":0.00,"billing_code_modifier":[""],"providers":[{"billed_charge":174.05,"npi":[1821060286,1841372638]},{"billed_charge":301.24,"npi":[1821060286,1841372638]},{"billed_charge":332.12,"npi":[1821060286,1841372638]},{"billed_charge":351.45,"npi":[1821060286,1841372638]},{"billed_charge":351.48,"npi":[1821060286,1841372638]},{"billed_charge":527.18,"npi":[1821060286,1841372638]},{"billed_charge":527.20,"npi":[1821060286,1841372638]},{"billed_charge":602.49,"npi":[1821060286,1841372638]},{"billed_charge":602.52,"npi":[1821060286,1841372638]},{"billed_charge":870.27,"npi":[1821060286,1841372638]}]},{"allowed_amount":0.00,"billing_code_modifier":[""],"providers":[{"billed_charge":174.05,"npi":[1821060286,1841372638]},{"billed_charge":301.24,"npi":[1821060286,1841372638]},{"billed_charge":332.12,"npi":[1821060286,1841372638]},{"billed_charge":351.45,"npi":[1821060286,1841372638]},{"billed_charge":351.48,"npi":[1821060286,1841372638]},{"billed_charge":527.18,"npi":[1821060286,1841372638]},{"billed_charge":527.20,"npi":[1821060286,1841372638]},{"billed_charge":602.49,"npi":[1821060286,1841372638]},{"billed_charge":602.52,"npi":[1821060286,1841372638]},{"billed_charge":870.27,"npi":[1821060286,1841372638]}]},{"allowed_amount":0.00,"billing_code_modifier":[""],"providers":[{"billed_charge":174.05,"npi":[1821060286,1841372638]},{"billed_charge":301.24,"npi":[1821060286,1841372638]},{"billed_charge":332.12,"npi":[1821060286,1841372638]},{"billed_charge":351.45,"npi":[1821060286,1841372638]},{"billed_charge":351.48,"npi":[1821060286,1841372638]},{"billed_charge":527.18,"npi":[1821060286,1841372638]},{"billed_charge":527.20,"npi":[1821060286,1841372638]},{"billed_charge":602.49,"npi":[1821060286,1841372638]},{"billed_charge":602.52,"npi":[1821060286,1841372638]},{"billed_charge":870.27,"npi":[1821060286,1841372638]}]},{"allowed_amount":0.00,"billing_code_modifier":[""],"providers":[{"billed_charge":174.05,"npi":[1821060286,1841372638]},{"billed_charge":301.24,"npi":[1821060286,1841372638]},{"billed_charge":332.12,"npi":[1821060286,1841372638]},{"billed_charge":351.45,"npi":[1821060286,1841372638]},{"billed_charge":351.48,"npi":[1821060286,1841372638]},{"billed_charge":527.18,"npi":[1821060286,1841372638]},{"billed_charge":527.20,"npi":[1821060286,1841372638]},{"billed_charge":602.49,"npi":[1821060286,1841372638]},{"billed_charge":602.52,"npi":[1821060286,1841372638]},{"billed_charge":870.27,"npi":[1821060286,1841372638]}]},{"allowed_amount":0.00,"billing_code_modifier":[""],"providers":[{"billed_charge":174.05,"npi":[1821060286,1841372638]},{"billed_charge":301.24,"npi":[1821060286,1841372638]},{"billed_charge":332.12,"npi":[1821060286,1841372638]},{"billed_charge":351.45,"npi":[1821060286,1841372638]},{"billed_charge":351.48,"npi":[1821060286,1841372638]},{"billed_charge":527.18,"npi":[1821060286,1841372638]},{"billed_charge":527.20,"npi":[1821060286,1841372638]},{"billed_charge":602.49,"npi":[1821060286,1841372638]},{"billed_charge":602.52,"npi":[1821060286,1841372638]},{"billed_charge":870.27,"npi":[1821060286,1841372638]}]},{"allowed_amount":0.00,"billing_code_modifier":[""],"providers":[{"billed_charge":174.05,"npi":[1821060286,1841372638]},{"billed_charge":301.24,"npi":[1821060286,1841372638]},{"billed_charge":332.12,"npi":[1821060286,1841372638]},{"billed_charge":351.45,"npi":[1821060286,1841372638]},{"billed_charge":351.48,"npi":[1821060286,1841372638]},{"billed_charge":527.18,"npi":[1821060286,1841372638]},{"billed_charge":527.20,"npi":[1821060286,1841372638]},{"billed_charge":602.49,"npi":[1821060286,1841372638]},{"billed_charge":602.52,"npi":[1821060286,1841372638]},{"billed_charge":870.27,"npi":[1821060286,1841372638]}]},{"allowed_amount":0.00,"billing_code_modifier":[""],"providers":[{"billed_charge":174.05,"npi":[1821060286,1841372638]},{"billed_charge":301.24,"npi":[1821060286,1841372638]},{"billed_charge":332.12,"npi":[1821060286,1841372638]},{"billed_charge":351.45,"npi":[1821060286,1841372638]},{"billed_charge":351.48,"npi":[1821060286,1841372638]},{"billed_charge":527.18,"npi":[1821060286,1841372638]},{"billed_charge":527.20,"npi":[1821060286,1841372638]},{"billed_charge":602.49,"npi":[1821060286,1841372638]},{"billed_charge":602.52,"npi":[1821060286,1841372638]},{"billed_charge":870.27,"npi":[1821060286,1841372638]}]},{"allowed_amount":0.00,"billing_code_modifier":[""],"providers":[{"billed_charge":174.05,"npi":[1821060286,1841372638]},{"billed_charge":301.24,"npi":[1821060286,1841372638]},{"billed_charge":332.12,"npi":[1821060286,1841372638]},{"billed_charge":351.45,"npi":[1821060286,1841372638]},{"billed_charge":351.48,"npi":[1821060286,1841372638]},{"billed_charge":527.18,"npi":[1821060286,1841372638]},{"billed_charge":527.20,"npi":[1821060286,1841372638]},{"billed_charge":602.49,"npi":[1821060286,1841372638]},{"billed_charge":602.52,"npi":[1821060286,1841372638]},{"billed_charge":870.27,"npi":[1821060286,1841372638]}]}]},{"tin":{"type":"ein","value":"562554975"},"service_code":["12"],"billing_class":"professional","payments":[{"allowed_amount":0.00,"billing_code_modifier":[""],"providers":[{"billed_charge":174.05,"npi":[1821060286,1841372638]},{"billed_charge":301.24,"npi":[1821060286,1841372638]},{"billed_charge":332.12,"npi":[1821060286,1841372638]},{"billed_charge":351.45,"npi":[1821060286,1841372638]},{"billed_charge":351.48,"npi":[1821060286,1841372638]},{"billed_charge":527.18,"npi":[1821060286,1841372638]},{"billed_charge":527.20,"npi":[1821060286,1841372638]},{"billed_charge":602.49,"npi":[1821060286,1841372638]},{"billed_charge":602.52,"npi":[1821060286,1841372638]},{"billed_charge":870.27,"npi":[1821060286,1841372638]}]},{"allowed_amount":0.00,"billing_code_modifier":[""],"providers":[{"billed_charge":174.05,"npi":[1821060286,1841372638]},{"billed_charge":301.24,"npi":[1821060286,1841372638]},{"billed_charge":332.12,"npi":[1821060286,1841372638]},{"billed_charge":351.45,"npi":[1821060286,1841372638]},{"billed_charge":351.48,"npi":[1821060286,1841372638]},{"billed_charge":527.18,"npi":[1821060286,1841372638]},{"billed_charge":527.20,"npi":[1821060286,1841372638]},{"billed_charge":602.49,"npi":[1821060286,1841372638]},{"billed_charge":602.52,"npi":[1821060286,1841372638]},{"billed_charge":870.27,"npi":[1821060286,1841372638]}]},{"allowed_amount":0.00,"billing_code_modifier":[""],"providers":[{"billed_charge":174.05,"npi":[1821060286,1841372638]},{"billed_charge":301.24,"npi":[1821060286,1841372638]},{"billed_charge":332.12,"npi":[1821060286,1841372638]},{"billed_charge":351.45,"npi":[1821060286,1841372638]},{"billed_charge":351.48,"npi":[1821060286,1841372638]},{"billed_charge":527.18,"npi":[1821060286,1841372638]},{"billed_charge":527.20,"npi":[1821060286,1841372638]},{"billed_charge":602.49,"npi":[1821060286,1841372638]},{"billed_charge":602.52,"npi":[1821060286,1841372638]},{"billed_charge":870.27,"npi":[1821060286,1841372638]}]},{"allowed_amount":0.00,"billing_code_modifier":[""],"providers":[{"billed_charge":174.05,"npi":[1821060286,1841372638]},{"billed_charge":301.24,"npi":[1821060286,1841372638]},{"billed_charge":332.12,"npi":[1821060286,1841372638]},{"billed_charge":351.45,"npi":[1821060286,1841372638]},{"billed_charge":351.48,"npi":[1821060286,1841372638]},{"billed_charge":527.18,"npi":[1821060286,1841372638]},{"billed_charge":527.20,"npi":[1821060286,1841372638]},{"billed_charge":602.49,"npi":[1821060286,1841372638]},{"billed_charge":602.52,"npi":[1821060286,1841372638]},{"billed_charge":870.27,"npi":[1821060286,1841372638]}]},{"allowed_amount":0.00,"billing_code_modifier":[""],"providers":[{"billed_charge":174.05,"npi":[1821060286,1841372638]},{"billed_charge":301.24,"npi":[1821060286,1841372638]},{"billed_charge":332.12,"npi":[1821060286,1841372638]},{"billed_charge":351.45,"npi":[1821060286,1841372638]},{"billed_charge":351.48,"npi":[1821060286,1841372638]},{"billed_charge":527.18,"npi":[1821060286,1841372638]},{"billed_charge":527.20,"npi":[1821060286,1841372638]},{"billed_charge":602.49,"npi":[1821060286,1841372638]},{"billed_charge":602.52,"npi":[1821060286,1841372638]},{"billed_charge":870.27,"npi":[1821060286,1841372638]}]},{"allowed_amount":0.00,"billing_code_modifier":[""],"providers":[{"billed_charge":174.05,"npi":[1821060286,1841372638]},{"billed_charge":301.24,"npi":[1821060286,1841372638]},{"billed_charge":332.12,"npi":[1821060286,1841372638]},{"billed_charge":351.45,"npi":[1821060286,1841372638]},{"billed_charge":351.48,"npi":[1821060286,1841372638]},{"billed_charge":527.18,"npi":[1821060286,1841372638]},{"billed_charge":527.20,"npi":[1821060286,1841372638]},{"billed_charge":602.49,"npi":[1821060286,1841372638]},{"billed_charge":602.52,"npi":[1821060286,1841372638]},{"billed_charge":870.27,"npi":[1821060286,1841372638]}]},{"allowed_amount":0.00,"billing_code_modifier":[""],"providers":[{"billed_charge":174.05,"npi":[1821060286,1841372638]},{"billed_charge":301.24,"npi":[1821060286,1841372638]},{"billed_charge":332.12,"npi":[1821060286,1841372638]},{"billed_charge":351.45,"npi":[1821060286,1841372638]},{"billed_charge":351.48,"npi":[1821060286,1841372638]},{"billed_charge":527.18,"npi":[1821060286,1841372638]},{"billed_charge":527.20,"npi":[1821060286,1841372638]},{"billed_charge":602.49,"npi":[1821060286,1841372638]},{"billed_charge":602.52,"npi":[1821060286,1841372638]},{"billed_charge":870.27,"npi":[1821060286,1841372638]}]},{"allowed_amount":0.00,"billing_code_modifier":[""],"providers":[{"billed_charge":174.05,"npi":[1821060286,1841372638]},{"billed_charge":301.24,"npi":[1821060286,1841372638]},{"billed_charge":332.12,"npi":[1821060286,1841372638]},{"billed_charge":351.45,"npi":[1821060286,1841372638]},{"billed_charge":351.48,"npi":[1821060286,1841372638]},{"billed_charge":527.18,"npi":[1821060286,1841372638]},{"billed_charge":527.20,"npi":[1821060286,1841372638]},{"billed_charge":602.49,"npi":[1821060286,1841372638]},{"billed_charge":602.52,"npi":[1821060286,1841372638]},{"billed_charge":870.27,"npi":[1821060286,1841372638]}]},{"allowed_amount":0.00,"billing_code_modifier":[""],"providers":[{"billed_charge":174.05,"npi":[1821060286,1841372638]},{"billed_charge":301.24,"npi":[1821060286,1841372638]},{"billed_charge":332.12,"npi":[1821060286,1841372638]},{"billed_charge":351.45,"npi":[1821060286,1841372638]},{"billed_charge":351.48,"npi":[1821060286,1841372638]},{"billed_charge":527.18,"npi":[1821060286,1841372638]},{"billed_charge":527.20,"npi":[1821060286,1841372638]},{"billed_charge":602.49,"npi":[1821060286,1841372638]},{"billed_charge":602.52,"npi":[1821060286,1841372638]},{"billed_charge":870.27,"npi":[1821060286,1841372638]}]},{"allowed_amount":0.00,"billing_code_modifier":[""],"providers":[{"billed_charge":174.05,"npi":[1821060286,1841372638]},{"billed_charge":301.24,"npi":[1821060286,1841372638]},{"billed_charge":332.12,"npi":[1821060286,1841372638]},{"billed_charge":351.45,"npi":[1821060286,1841372638]},{"billed_charge":351.48,"npi":[1821060286,1841372638]},{"billed_charge":527.18,"npi":[1821060286,1841372638]},{"billed_charge":527.20,"npi":[1821060286,1841372638]},{"billed_charge":602.49,"npi":[1821060286,1841372638]},{"billed_charge":602.52,"npi":[1821060286,1841372638]},{"billed_charge":870.27,"npi":[1821060286,1841372638]}]}]},{"tin":{"type":"ein","value":"562554975"},"service_code":["12"],"billing_class":"professional","payments":[{"allowed_amount":0.00,"billing_code_modifier":[""],"providers":[{"billed_charge":174.05,"npi":[1821060286,1841372638]},{"billed_charge":301.24,"npi":[1821060286,1841372638]},{"billed_charge":332.12,"npi":[1821060286,1841372638]},{"billed_charge":351.45,"npi":[1821060286,1841372638]},{"billed_charge":351.48,"npi":[1821060286,1841372638]},{"billed_charge":527.18,"npi":[1821060286,1841372638]},{"billed_charge":527.20,"npi":[1821060286,1841372638]},{"billed_charge":602.49,"npi":[1821060286,1841372638]},{"billed_charge":602.52,"npi":[1821060286,1841372638]},{"billed_charge":870.27,"npi":[1821060286,1841372638]}]},{"allowed_amount":0.00,"billing_code_modifier":[""],"providers":[{"billed_charge":174.05,"npi":[1821060286,1841372638]},{"billed_charge":301.24,"npi":[1821060286,1841372638]},{"billed_charge":332.12,"npi":[1821060286,1841372638]},{"billed_charge":351.45,"npi":[1821060286,1841372638]},{"billed_charge":351.48,"npi":[1821060286,1841372638]},{"billed_charge":527.18,"npi":[1821060286,1841372638]},{"billed_charge":527.20,"npi":[1821060286,1841372638]},{"billed_charge":602.49,"npi":[1821060286,1841372638]},{"billed_charge":602.52,"npi":[1821060286,1841372638]},{"billed_charge":870.27,"npi":[1821060286,1841372638]}]},{"allowed_amount":0.00,"billing_code_modifier":[""],"providers":[{"billed_charge":174.05,"npi":[1821060286,1841372638]},{"billed_charge":301.24,"npi":[1821060286,1841372638]},{"billed_charge":332.12,"npi":[1821060286,1841372638]},{"billed_charge":351.45,"npi":[1821060286,1841372638]},{"billed_charge":351.48,"npi":[1821060286,1841372638]},{"billed_charge":527.18,"npi":[1821060286,1841372638]},{"billed_charge":527.20,"npi":[1821060286,1841372638]},{"billed_charge":602.49,"npi":[1821060286,1841372638]},{"billed_charge":602.52,"npi":[1821060286,1841372638]},{"billed_charge":870.27,"npi":[1821060286,1841372638]}]},{"allowed_amount":0.00,"billing_code_modifier":[""],"providers":[{"billed_charge":174.05,"npi":[1821060286,1841372638]},{"billed_charge":301.24,"npi":[1821060286,1841372638]},{"billed_charge":332.12,"npi":[1821060286,1841372638]},{"billed_charge":351.45,"npi":[1821060286,1841372638]},{"billed_charge":351.48,"npi":[1821060286,1841372638]},{"billed_charge":527.18,"npi":[1821060286,1841372638]},{"billed_charge":527.20,"npi":[1821060286,1841372638]},{"billed_charge":602.49,"npi":[1821060286,1841372638]},{"billed_charge":602.52,"npi":[1821060286,1841372638]},{"billed_charge":870.27,"npi":[1821060286,1841372638]}]},{"allowed_amount":0.00,"billing_code_modifier":[""],"providers":[{"billed_charge":174.05,"npi":[1821060286,1841372638]},{"billed_charge":301.24,"npi":[1821060286,1841372638]},{"billed_charge":332.12,"npi":[1821060286,1841372638]},{"billed_charge":351.45,"npi":[1821060286,1841372638]},{"billed_charge":351.48,"npi":[1821060286,1841372638]},{"billed_charge":527.18,"npi":[1821060286,1841372638]},{"billed_charge":527.20,"npi":[1821060286,1841372638]},{"billed_charge":602.49,"npi":[1821060286,1841372638]},{"billed_charge":602.52,"npi":[1821060286,1841372638]},{"billed_charge":870.27,"npi":[1821060286,1841372638]}]},{"allowed_amount":0.00,"billing_code_modifier":[""],"providers":[{"billed_charge":174.05,"npi":[1821060286,1841372638]},{"billed_charge":301.24,"npi":[1821060286,1841372638]},{"billed_charge":332.12,"npi":[1821060286,1841372638]},{"billed_charge":351.45,"npi":[1821060286,1841372638]},{"billed_charge":351.48,"npi":[1821060286,1841372638]},{"billed_charge":527.18,"npi":[1821060286,1841372638]},{"billed_charge":527.20,"npi":[1821060286,1841372638]},{"billed_charge":602.49,"npi":[1821060286,1841372638]},{"billed_charge":602.52,"npi":[1821060286,1841372638]},{"billed_charge":870.27,"npi":[1821060286,1841372638]}]},{"allowed_amount":0.00,"billing_code_modifier":[""],"providers":[{"billed_charge":174.05,"npi":[1821060286,1841372638]},{"billed_charge":301.24,"npi":[1821060286,1841372638]},{"billed_charge":332.12,"npi":[1821060286,1841372638]},{"billed_charge":351.45,"npi":[1821060286,1841372638]},{"billed_charge":351.48,"npi":[1821060286,1841372638]},{"billed_charge":527.18,"npi":[1821060286,1841372638]},{"billed_charge":527.20,"npi":[1821060286,1841372638]},{"billed_charge":602.49,"npi":[1821060286,1841372638]},{"billed_charge":602.52,"npi":[1821060286,1841372638]},{"billed_charge":870.27,"npi":[1821060286,1841372638]}]},{"allowed_amount":0.00,"billing_code_modifier":[""],"providers":[{"billed_charge":174.05,"npi":[1821060286,1841372638]},{"billed_charge":301.24,"npi":[1821060286,1841372638]},{"billed_charge":332.12,"npi":[1821060286,1841372638]},{"billed_charge":351.45,"npi":[1821060286,1841372638]},{"billed_charge":351.48,"npi":[1821060286,1841372638]},{"billed_charge":527.18,"npi":[1821060286,1841372638]},{"billed_charge":527.20,"npi":[1821060286,1841372638]},{"billed_charge":602.49,"npi":[1821060286,1841372638]},{"billed_charge":602.52,"npi":[1821060286,1841372638]},{"billed_charge":870.27,"npi":[1821060286,1841372638]}]},{"allowed_amount":0.00,"billing_code_modifier":[""],"providers":[{"billed_charge":174.05,"npi":[1821060286,1841372638]},{"billed_charge":301.24,"npi":[1821060286,1841372638]},{"billed_charge":332.12,"npi":[1821060286,1841372638]},{"billed_charge":351.45,"npi":[1821060286,1841372638]},{"billed_charge":351.48,"npi":[1821060286,1841372638]},{"billed_charge":527.18,"npi":[1821060286,1841372638]},{"billed_charge":527.20,"npi":[1821060286,1841372638]},{"billed_charge":602.49,"npi":[1821060286,1841372638]},{"billed_charge":602.52,"npi":[1821060286,1841372638]},{"billed_charge":870.27,"npi":[1821060286,1841372638]}]},{"allowed_amount":0.00,"billing_code_modifier":[""],"providers":[{"billed_charge":174.05,"npi":[1821060286,1841372638]},{"billed_charge":301.24,"npi":[1821060286,1841372638]},{"billed_charge":332.12,"npi":[1821060286,1841372638]},{"billed_charge":351.45,"npi":[1821060286,1841372638]},{"billed_charge":351.48,"npi":[1821060286,1841372638]},{"billed_charge":527.18,"npi":[1821060286,1841372638]},{"billed_charge":527.20,"npi":[1821060286,1841372638]},{"billed_charge":602.49,"npi":[1821060286,1841372638]},{"billed_charge":602.52,"npi":[1821060286,1841372638]},{"billed_charge":870.27,"npi":[1821060286,1841372638]}]}]},{"tin":{"type":"ein","value":"562554975"},"service_code":["12"],"billing_class":"professional","payments":[{"allowed_amount":0.00,"billing_code_modifier":[""],"providers":[{"billed_charge":174.05,"npi":[1821060286,1841372638]},{"billed_charge":301.24,"npi":[1821060286,1841372638]},{"billed_charge":332.12,"npi":[1821060286,1841372638]},{"billed_charge":351.45,"npi":[1821060286,1841372638]},{"billed_charge":351.48,"npi":[1821060286,1841372638]},{"billed_charge":527.18,"npi":[1821060286,1841372638]},{"billed_charge":527.20,"npi":[1821060286,1841372638]},{"billed_charge":602.49,"npi":[1821060286,1841372638]},{"billed_charge":602.52,"npi":[1821060286,1841372638]},{"billed_charge":870.27,"npi":[1821060286,1841372638]}]},{"allowed_amount":0.00,"billing_code_modifier":[""],"providers":[{"billed_charge":174.05,"npi":[1821060286,1841372638]},{"billed_charge":301.24,"npi":[1821060286,1841372638]},{"billed_charge":332.12,"npi":[1821060286,1841372638]},{"billed_charge":351.45,"npi":[1821060286,1841372638]},{"billed_charge":351.48,"npi":[1821060286,1841372638]},{"billed_charge":527.18,"npi":[1821060286,1841372638]},{"billed_charge":527.20,"npi":[1821060286,1841372638]},{"billed_charge":602.49,"npi":[1821060286,1841372638]},{"billed_charge":602.52,"npi":[1821060286,1841372638]},{"billed_charge":870.27,"npi":[1821060286,1841372638]}]},{"allowed_amount":0.00,"billing_code_modifier":[""],"providers":[{"billed_charge":174.05,"npi":[1821060286,1841372638]},{"billed_charge":301.24,"npi":[1821060286,1841372638]},{"billed_charge":332.12,"npi":[1821060286,1841372638]},{"billed_charge":351.45,"npi":[1821060286,1841372638]},{"billed_charge":351.48,"npi":[1821060286,1841372638]},{"billed_charge":527.18,"npi":[1821060286,1841372638]},{"billed_charge":527.20,"npi":[1821060286,1841372638]},{"billed_charge":602.49,"npi":[1821060286,1841372638]},{"billed_charge":602.52,"npi":[1821060286,1841372638]},{"billed_charge":870.27,"npi":[1821060286,1841372638]}]},{"allowed_amount":0.00,"billing_code_modifier":[""],"providers":[{"billed_charge":174.05,"npi":[1821060286,1841372638]},{"billed_charge":301.24,"npi":[1821060286,1841372638]},{"billed_charge":332.12,"npi":[1821060286,1841372638]},{"billed_charge":351.45,"npi":[1821060286,1841372638]},{"billed_charge":351.48,"npi":[1821060286,1841372638]},{"billed_charge":527.18,"npi":[1821060286,1841372638]},{"billed_charge":527.20,"npi":[1821060286,1841372638]},{"billed_charge":602.49,"npi":[1821060286,1841372638]},{"billed_charge":602.52,"npi":[1821060286,1841372638]},{"billed_charge":870.27,"npi":[1821060286,1841372638]}]},{"allowed_amount":0.00,"billing_code_modifier":[""],"providers":[{"billed_charge":174.05,"npi":[1821060286,1841372638]},{"billed_charge":301.24,"npi":[1821060286,1841372638]},{"billed_charge":332.12,"npi":[1821060286,1841372638]},{"billed_charge":351.45,"npi":[1821060286,1841372638]},{"billed_charge":351.48,"npi":[1821060286,1841372638]},{"billed_charge":527.18,"npi":[1821060286,1841372638]},{"billed_charge":527.20,"npi":[1821060286,1841372638]},{"billed_charge":602.49,"npi":[1821060286,1841372638]},{"billed_charge":602.52,"npi":[1821060286,1841372638]},{"billed_charge":870.27,"npi":[1821060286,1841372638]}]},{"allowed_amount":0.00,"billing_code_modifier":[""],"providers":[{"billed_charge":174.05,"npi":[1821060286,1841372638]},{"billed_charge":301.24,"npi":[1821060286,1841372638]},{"billed_charge":332.12,"npi":[1821060286,1841372638]},{"billed_charge":351.45,"npi":[1821060286,1841372638]},{"billed_charge":351.48,"npi":[1821060286,1841372638]},{"billed_charge":527.18,"npi":[1821060286,1841372638]},{"billed_charge":527.20,"npi":[1821060286,1841372638]},{"billed_charge":602.49,"npi":[1821060286,1841372638]},{"billed_charge":602.52,"npi":[1821060286,1841372638]},{"billed_charge":870.27,"npi":[1821060286,1841372638]}]},{"allowed_amount":0.00,"billing_code_modifier":[""],"providers":[{"billed_charge":174.05,"npi":[1821060286,1841372638]},{"billed_charge":301.24,"npi":[1821060286,1841372638]},{"billed_charge":332.12,"npi":[1821060286,1841372638]},{"billed_charge":351.45,"npi":[1821060286,1841372638]},{"billed_charge":351.48,"npi":[1821060286,1841372638]},{"billed_charge":527.18,"npi":[1821060286,1841372638]},{"billed_charge":527.20,"npi":[1821060286,1841372638]},{"billed_charge":602.49,"npi":[1821060286,1841372638]},{"billed_charge":602.52,"npi":[1821060286,1841372638]},{"billed_charge":870.27,"npi":[1821060286,1841372638]}]},{"allowed_amount":0.00,"billing_code_modifier":[""],"providers":[{"billed_charge":174.05,"npi":[1821060286,1841372638]},{"billed_charge":301.24,"npi":[1821060286,1841372638]},{"billed_charge":332.12,"npi":[1821060286,1841372638]},{"billed_charge":351.45,"npi":[1821060286,1841372638]},{"billed_charge":351.48,"npi":[1821060286,1841372638]},{"billed_charge":527.18,"npi":[1821060286,1841372638]},{"billed_charge":527.20,"npi":[1821060286,1841372638]},{"billed_charge":602.49,"npi":[1821060286,1841372638]},{"billed_charge":602.52,"npi":[1821060286,1841372638]},{"billed_charge":870.27,"npi":[1821060286,1841372638]}]},{"allowed_amount":0.00,"billing_code_modifier":[""],"providers":[{"billed_charge":174.05,"npi":[1821060286,1841372638]},{"billed_charge":301.24,"npi":[1821060286,1841372638]},{"billed_charge":332.12,"npi":[1821060286,1841372638]},{"billed_charge":351.45,"npi":[1821060286,1841372638]},{"billed_charge":351.48,"npi":[1821060286,1841372638]},{"billed_charge":527.18,"npi":[1821060286,1841372638]},{"billed_charge":527.20,"npi":[1821060286,1841372638]},{"billed_charge":602.49,"npi":[1821060286,1841372638]},{"billed_charge":602.52,"npi":[1821060286,1841372638]},{"billed_charge":870.27,"npi":[1821060286,1841372638]}]},{"allowed_amount":0.00,"billing_code_modifier":[""],"providers":[{"billed_charge":174.05,"npi":[1821060286,1841372638]},{"billed_charge":301.24,"npi":[1821060286,1841372638]},{"billed_charge":332.12,"npi":[1821060286,1841372638]},{"billed_charge":351.45,"npi":[1821060286,1841372638]},{"billed_charge":351.48,"npi":[1821060286,1841372638]},{"billed_charge":527.18,"npi":[1821060286,1841372638]},{"billed_charge":527.20,"npi":[1821060286,1841372638]},{"billed_charge":602.49,"npi":[1821060286,1841372638]},{"billed_charge":602.52,"npi":[1821060286,1841372638]},{"billed_charge":870.27,"npi":[1821060286,1841372638]}]}]},{"tin":{"type":"ein","value":"562554975"},"service_code":["12"],"billing_class":"professional","payments":[{"allowed_amount":0.00,"billing_code_modifier":[""],"providers":[{"billed_charge":174.05,"npi":[1821060286,1841372638]},{"billed_charge":301.24,"npi":[1821060286,1841372638]},{"billed_charge":332.12,"npi":[1821060286,1841372638]},{"billed_charge":351.45,"npi":[1821060286,1841372638]},{"billed_charge":351.48,"npi":[1821060286,1841372638]},{"billed_charge":527.18,"npi":[1821060286,1841372638]},{"billed_charge":527.20,"npi":[1821060286,1841372638]},{"billed_charge":602.49,"npi":[1821060286,1841372638]},{"billed_charge":602.52,"npi":[1821060286,1841372638]},{"billed_charge":870.27,"npi":[1821060286,1841372638]}]},{"allowed_amount":0.00,"billing_code_modifier":[""],"providers":[{"billed_charge":174.05,"npi":[1821060286,1841372638]},{"billed_charge":301.24,"npi":[1821060286,1841372638]},{"billed_charge":332.12,"npi":[1821060286,1841372638]},{"billed_charge":351.45,"npi":[1821060286,1841372638]},{"billed_charge":351.48,"npi":[1821060286,1841372638]},{"billed_charge":527.18,"npi":[1821060286,1841372638]},{"billed_charge":527.20,"npi":[1821060286,1841372638]},{"billed_charge":602.49,"npi":[1821060286,1841372638]},{"billed_charge":602.52,"npi":[1821060286,1841372638]},{"billed_charge":870.27,"npi":[1821060286,1841372638]}]},{"allowed_amount":0.00,"billing_code_modifier":[""],"providers":[{"billed_charge":174.05,"npi":[1821060286,1841372638]},{"billed_charge":301.24,"npi":[1821060286,1841372638]},{"billed_charge":332.12,"npi":[1821060286,1841372638]},{"billed_charge":351.45,"npi":[1821060286,1841372638]},{"billed_charge":351.48,"npi":[1821060286,1841372638]},{"billed_charge":527.18,"npi":[1821060286,1841372638]},{"billed_charge":527.20,"npi":[1821060286,1841372638]},{"billed_charge":602.49,"npi":[1821060286,1841372638]},{"billed_charge":602.52,"npi":[1821060286,1841372638]},{"billed_charge":870.27,"npi":[1821060286,1841372638]}]},{"allowed_amount":0.00,"billing_code_modifier":[""],"providers":[{"billed_charge":174.05,"npi":[1821060286,1841372638]},{"billed_charge":301.24,"npi":[1821060286,1841372638]},{"billed_charge":332.12,"npi":[1821060286,1841372638]},{"billed_charge":351.45,"npi":[1821060286,1841372638]},{"billed_charge":351.48,"npi":[1821060286,1841372638]},{"billed_charge":527.18,"npi":[1821060286,1841372638]},{"billed_charge":527.20,"npi":[1821060286,1841372638]},{"billed_charge":602.49,"npi":[1821060286,1841372638]},{"billed_charge":602.52,"npi":[1821060286,1841372638]},{"billed_charge":870.27,"npi":[1821060286,1841372638]}]},{"allowed_amount":0.00,"billing_code_modifier":[""],"providers":[{"billed_charge":174.05,"npi":[1821060286,1841372638]},{"billed_charge":301.24,"npi":[1821060286,1841372638]},{"billed_charge":332.12,"npi":[1821060286,1841372638]},{"billed_charge":351.45,"npi":[1821060286,1841372638]},{"billed_charge":351.48,"npi":[1821060286,1841372638]},{"billed_charge":527.18,"npi":[1821060286,1841372638]},{"billed_charge":527.20,"npi":[1821060286,1841372638]},{"billed_charge":602.49,"npi":[1821060286,1841372638]},{"billed_charge":602.52,"npi":[1821060286,1841372638]},{"billed_charge":870.27,"npi":[1821060286,1841372638]}]},{"allowed_amount":0.00,"billing_code_modifier":[""],"providers":[{"billed_charge":174.05,"npi":[1821060286,1841372638]},{"billed_charge":301.24,"npi":[1821060286,1841372638]},{"billed_charge":332.12,"npi":[1821060286,1841372638]},{"billed_charge":351.45,"npi":[1821060286,1841372638]},{"billed_charge":351.48,"npi":[1821060286,1841372638]},{"billed_charge":527.18,"npi":[1821060286,1841372638]},{"billed_charge":527.20,"npi":[1821060286,1841372638]},{"billed_charge":602.49,"npi":[1821060286,1841372638]},{"billed_charge":602.52,"npi":[1821060286,1841372638]},{"billed_charge":870.27,"npi":[1821060286,1841372638]}]},{"allowed_amount":0.00,"billing_code_modifier":[""],"providers":[{"billed_charge":174.05,"npi":[1821060286,1841372638]},{"billed_charge":301.24,"npi":[1821060286,1841372638]},{"billed_charge":332.12,"npi":[1821060286,1841372638]},{"billed_charge":351.45,"npi":[1821060286,1841372638]},{"billed_charge":351.48,"npi":[1821060286,1841372638]},{"billed_charge":527.18,"npi":[1821060286,1841372638]},{"billed_charge":527.20,"npi":[1821060286,1841372638]},{"billed_charge":602.49,"npi":[1821060286,1841372638]},{"billed_charge":602.52,"npi":[1821060286,1841372638]},{"billed_charge":870.27,"npi":[1821060286,1841372638]}]},{"allowed_amount":0.00,"billing_code_modifier":[""],"providers":[{"billed_charge":174.05,"npi":[1821060286,1841372638]},{"billed_charge":301.24,"npi":[1821060286,1841372638]},{"billed_charge":332.12,"npi":[1821060286,1841372638]},{"billed_charge":351.45,"npi":[1821060286,1841372638]},{"billed_charge":351.48,"npi":[1821060286,1841372638]},{"billed_charge":527.18,"npi":[1821060286,1841372638]},{"billed_charge":527.20,"npi":[1821060286,1841372638]},{"billed_charge":602.49,"npi":[1821060286,1841372638]},{"billed_charge":602.52,"npi":[1821060286,1841372638]},{"billed_charge":870.27,"npi":[1821060286,1841372638]}]},{"allowed_amount":0.00,"billing_code_modifier":[""],"providers":[{"billed_charge":174.05,"npi":[1821060286,1841372638]},{"billed_charge":301.24,"npi":[1821060286,1841372638]},{"billed_charge":332.12,"npi":[1821060286,1841372638]},{"billed_charge":351.45,"npi":[1821060286,1841372638]},{"billed_charge":351.48,"npi":[1821060286,1841372638]},{"billed_charge":527.18,"npi":[1821060286,1841372638]},{"billed_charge":527.20,"npi":[1821060286,1841372638]},{"billed_charge":602.49,"npi":[1821060286,1841372638]},{"billed_charge":602.52,"npi":[1821060286,1841372638]},{"billed_charge":870.27,"npi":[1821060286,1841372638]}]},{"allowed_amount":0.00,"billing_code_modifier":[""],"providers":[{"billed_charge":174.05,"npi":[1821060286,1841372638]},{"billed_charge":301.24,"npi":[1821060286,1841372638]},{"billed_charge":332.12,"npi":[1821060286,1841372638]},{"billed_charge":351.45,"npi":[1821060286,1841372638]},{"billed_charge":351.48,"npi":[1821060286,1841372638]},{"billed_charge":527.18,"npi":[1821060286,1841372638]},{"billed_charge":527.20,"npi":[1821060286,1841372638]},{"billed_charge":602.49,"npi":[1821060286,1841372638]},{"billed_charge":602.52,"npi":[1821060286,1841372638]},{"billed_charge":870.27,"npi":[1821060286,1841372638]}]}]},{"tin":{"type":"ein","value":"562554975"},"service_code":["12"],"billing_class":"professional","payments":[{"allowed_amount":0.00,"billing_code_modifier":[""],"providers":[{"billed_charge":174.05,"npi":[1821060286,1841372638]},{"billed_charge":301.24,"npi":[1821060286,1841372638]},{"billed_charge":332.12,"npi":[1821060286,1841372638]},{"billed_charge":351.45,"npi":[1821060286,1841372638]},{"billed_charge":351.48,"npi":[1821060286,1841372638]},{"billed_charge":527.18,"npi":[1821060286,1841372638]},{"billed_charge":527.20,"npi":[1821060286,1841372638]},{"billed_charge":602.49,"npi":[1821060286,1841372638]},{"billed_charge":602.52,"npi":[1821060286,1841372638]},{"billed_charge":870.27,"npi":[1821060286,1841372638]}]},{"allowed_amount":0.00,"billing_code_modifier":[""],"providers":[{"billed_charge":174.05,"npi":[1821060286,1841372638]},{"billed_charge":301.24,"npi":[1821060286,1841372638]},{"billed_charge":332.12,"npi":[1821060286,1841372638]},{"billed_charge":351.45,"npi":[1821060286,1841372638]},{"billed_charge":351.48,"npi":[1821060286,1841372638]},{"billed_charge":527.18,"npi":[1821060286,1841372638]},{"billed_charge":527.20,"npi":[1821060286,1841372638]},{"billed_charge":602.49,"npi":[1821060286,1841372638]},{"billed_charge":602.52,"npi":[1821060286,1841372638]},{"billed_charge":870.27,"npi":[1821060286,1841372638]}]},{"allowed_amount":0.00,"billing_code_modifier":[""],"providers":[{"billed_charge":174.05,"npi":[1821060286,1841372638]},{"billed_charge":301.24,"npi":[1821060286,1841372638]},{"billed_charge":332.12,"npi":[1821060286,1841372638]},{"billed_charge":351.45,"npi":[1821060286,1841372638]},{"billed_charge":351.48,"npi":[1821060286,1841372638]},{"billed_charge":527.18,"npi":[1821060286,1841372638]},{"billed_charge":527.20,"npi":[1821060286,1841372638]},{"billed_charge":602.49,"npi":[1821060286,1841372638]},{"billed_charge":602.52,"npi":[1821060286,1841372638]},{"billed_charge":870.27,"npi":[1821060286,1841372638]}]},{"allowed_amount":0.00,"billing_code_modifier":[""],"providers":[{"billed_charge":174.05,"npi":[1821060286,1841372638]},{"billed_charge":301.24,"npi":[1821060286,1841372638]},{"billed_charge":332.12,"npi":[1821060286,1841372638]},{"billed_charge":351.45,"npi":[1821060286,1841372638]},{"billed_charge":351.48,"npi":[1821060286,1841372638]},{"billed_charge":527.18,"npi":[1821060286,1841372638]},{"billed_charge":527.20,"npi":[1821060286,1841372638]},{"billed_charge":602.49,"npi":[1821060286,1841372638]},{"billed_charge":602.52,"npi":[1821060286,1841372638]},{"billed_charge":870.27,"npi":[1821060286,1841372638]}]},{"allowed_amount":0.00,"billing_code_modifier":[""],"providers":[{"billed_charge":174.05,"npi":[1821060286,1841372638]},{"billed_charge":301.24,"npi":[1821060286,1841372638]},{"billed_charge":332.12,"npi":[1821060286,1841372638]},{"billed_charge":351.45,"npi":[1821060286,1841372638]},{"billed_charge":351.48,"npi":[1821060286,1841372638]},{"billed_charge":527.18,"npi":[1821060286,1841372638]},{"billed_charge":527.20,"npi":[1821060286,1841372638]},{"billed_charge":602.49,"npi":[1821060286,1841372638]},{"billed_charge":602.52,"npi":[1821060286,1841372638]},{"billed_charge":870.27,"npi":[1821060286,1841372638]}]},{"allowed_amount":0.00,"billing_code_modifier":[""],"providers":[{"billed_charge":174.05,"npi":[1821060286,1841372638]},{"billed_charge":301.24,"npi":[1821060286,1841372638]},{"billed_charge":332.12,"npi":[1821060286,1841372638]},{"billed_charge":351.45,"npi":[1821060286,1841372638]},{"billed_charge":351.48,"npi":[1821060286,1841372638]},{"billed_charge":527.18,"npi":[1821060286,1841372638]},{"billed_charge":527.20,"npi":[1821060286,1841372638]},{"billed_charge":602.49,"npi":[1821060286,1841372638]},{"billed_charge":602.52,"npi":[1821060286,1841372638]},{"billed_charge":870.27,"npi":[1821060286,1841372638]}]},{"allowed_amount":0.00,"billing_code_modifier":[""],"providers":[{"billed_charge":174.05,"npi":[1821060286,1841372638]},{"billed_charge":301.24,"npi":[1821060286,1841372638]},{"billed_charge":332.12,"npi":[1821060286,1841372638]},{"billed_charge":351.45,"npi":[1821060286,1841372638]},{"billed_charge":351.48,"npi":[1821060286,1841372638]},{"billed_charge":527.18,"npi":[1821060286,1841372638]},{"billed_charge":527.20,"npi":[1821060286,1841372638]},{"billed_charge":602.49,"npi":[1821060286,1841372638]},{"billed_charge":602.52,"npi":[1821060286,1841372638]},{"billed_charge":870.27,"npi":[1821060286,1841372638]}]},{"allowed_amount":0.00,"billing_code_modifier":[""],"providers":[{"billed_charge":174.05,"npi":[1821060286,1841372638]},{"billed_charge":301.24,"npi":[1821060286,1841372638]},{"billed_charge":332.12,"npi":[1821060286,1841372638]},{"billed_charge":351.45,"npi":[1821060286,1841372638]},{"billed_charge":351.48,"npi":[1821060286,1841372638]},{"billed_charge":527.18,"npi":[1821060286,1841372638]},{"billed_charge":527.20,"npi":[1821060286,1841372638]},{"billed_charge":602.49,"npi":[1821060286,1841372638]},{"billed_charge":602.52,"npi":[1821060286,1841372638]},{"billed_charge":870.27,"npi":[1821060286,1841372638]}]},{"allowed_amount":0.00,"billing_code_modifier":[""],"providers":[{"billed_charge":174.05,"npi":[1821060286,1841372638]},{"billed_charge":301.24,"npi":[1821060286,1841372638]},{"billed_charge":332.12,"npi":[1821060286,1841372638]},{"billed_charge":351.45,"npi":[1821060286,1841372638]},{"billed_charge":351.48,"npi":[1821060286,1841372638]},{"billed_charge":527.18,"npi":[1821060286,1841372638]},{"billed_charge":527.20,"npi":[1821060286,1841372638]},{"billed_charge":602.49,"npi":[1821060286,1841372638]},{"billed_charge":602.52,"npi":[1821060286,1841372638]},{"billed_charge":870.27,"npi":[1821060286,1841372638]}]},{"allowed_amount":0.00,"billing_code_modifier":[""],"providers":[{"billed_charge":174.05,"npi":[1821060286,1841372638]},{"billed_charge":301.24,"npi":[1821060286,1841372638]},{"billed_charge":332.12,"npi":[1821060286,1841372638]},{"billed_charge":351.45,"npi":[1821060286,1841372638]},{"billed_charge":351.48,"npi":[1821060286,1841372638]},{"billed_charge":527.18,"npi":[1821060286,1841372638]},{"billed_charge":527.20,"npi":[1821060286,1841372638]},{"billed_charge":602.49,"npi":[1821060286,1841372638]},{"billed_charge":602.52,"npi":[1821060286,1841372638]},{"billed_charge":870.27,"npi":[1821060286,1841372638]}]}]},{"tin":{"type":"ein","value":"562554975"},"service_code":["12"],"billing_class":"professional","payments":[{"allowed_amount":0.00,"billing_code_modifier":[""],"providers":[{"billed_charge":174.05,"npi":[1821060286,1841372638]},{"billed_charge":301.24,"npi":[1821060286,1841372638]},{"billed_charge":332.12,"npi":[1821060286,1841372638]},{"billed_charge":351.45,"npi":[1821060286,1841372638]},{"billed_charge":351.48,"npi":[1821060286,1841372638]},{"billed_charge":527.18,"npi":[1821060286,1841372638]},{"billed_charge":527.20,"npi":[1821060286,1841372638]},{"billed_charge":602.49,"npi":[1821060286,1841372638]},{"billed_charge":602.52,"npi":[1821060286,1841372638]},{"billed_charge":870.27,"npi":[1821060286,1841372638]}]},{"allowed_amount":0.00,"billing_code_modifier":[""],"providers":[{"billed_charge":174.05,"npi":[1821060286,1841372638]},{"billed_charge":301.24,"npi":[1821060286,1841372638]},{"billed_charge":332.12,"npi":[1821060286,1841372638]},{"billed_charge":351.45,"npi":[1821060286,1841372638]},{"billed_charge":351.48,"npi":[1821060286,1841372638]},{"billed_charge":527.18,"npi":[1821060286,1841372638]},{"billed_charge":527.20,"npi":[1821060286,1841372638]},{"billed_charge":602.49,"npi":[1821060286,1841372638]},{"billed_charge":602.52,"npi":[1821060286,1841372638]},{"billed_charge":870.27,"npi":[1821060286,1841372638]}]},{"allowed_amount":0.00,"billing_code_modifier":[""],"providers":[{"billed_charge":174.05,"npi":[1821060286,1841372638]},{"billed_charge":301.24,"npi":[1821060286,1841372638]},{"billed_charge":332.12,"npi":[1821060286,1841372638]},{"billed_charge":351.45,"npi":[1821060286,1841372638]},{"billed_charge":351.48,"npi":[1821060286,1841372638]},{"billed_charge":527.18,"npi":[1821060286,1841372638]},{"billed_charge":527.20,"npi":[1821060286,1841372638]},{"billed_charge":602.49,"npi":[1821060286,1841372638]},{"billed_charge":602.52,"npi":[1821060286,1841372638]},{"billed_charge":870.27,"npi":[1821060286,1841372638]}]},{"allowed_amount":0.00,"billing_code_modifier":[""],"providers":[{"billed_charge":174.05,"npi":[1821060286,1841372638]},{"billed_charge":301.24,"npi":[1821060286,1841372638]},{"billed_charge":332.12,"npi":[1821060286,1841372638]},{"billed_charge":351.45,"npi":[1821060286,1841372638]},{"billed_charge":351.48,"npi":[1821060286,1841372638]},{"billed_charge":527.18,"npi":[1821060286,1841372638]},{"billed_charge":527.20,"npi":[1821060286,1841372638]},{"billed_charge":602.49,"npi":[1821060286,1841372638]},{"billed_charge":602.52,"npi":[1821060286,1841372638]},{"billed_charge":870.27,"npi":[1821060286,1841372638]}]},{"allowed_amount":0.00,"billing_code_modifier":[""],"providers":[{"billed_charge":174.05,"npi":[1821060286,1841372638]},{"billed_charge":301.24,"npi":[1821060286,1841372638]},{"billed_charge":332.12,"npi":[1821060286,1841372638]},{"billed_charge":351.45,"npi":[1821060286,1841372638]},{"billed_charge":351.48,"npi":[1821060286,1841372638]},{"billed_charge":527.18,"npi":[1821060286,1841372638]},{"billed_charge":527.20,"npi":[1821060286,1841372638]},{"billed_charge":602.49,"npi":[1821060286,1841372638]},{"billed_charge":602.52,"npi":[1821060286,1841372638]},{"billed_charge":870.27,"npi":[1821060286,1841372638]}]},{"allowed_amount":0.00,"billing_code_modifier":[""],"providers":[{"billed_charge":174.05,"npi":[1821060286,1841372638]},{"billed_charge":301.24,"npi":[1821060286,1841372638]},{"billed_charge":332.12,"npi":[1821060286,1841372638]},{"billed_charge":351.45,"npi":[1821060286,1841372638]},{"billed_charge":351.48,"npi":[1821060286,1841372638]},{"billed_charge":527.18,"npi":[1821060286,1841372638]},{"billed_charge":527.20,"npi":[1821060286,1841372638]},{"billed_charge":602.49,"npi":[1821060286,1841372638]},{"billed_charge":602.52,"npi":[1821060286,1841372638]},{"billed_charge":870.27,"npi":[1821060286,1841372638]}]},{"allowed_amount":0.00,"billing_code_modifier":[""],"providers":[{"billed_charge":174.05,"npi":[1821060286,1841372638]},{"billed_charge":301.24,"npi":[1821060286,1841372638]},{"billed_charge":332.12,"npi":[1821060286,1841372638]},{"billed_charge":351.45,"npi":[1821060286,1841372638]},{"billed_charge":351.48,"npi":[1821060286,1841372638]},{"billed_charge":527.18,"npi":[1821060286,1841372638]},{"billed_charge":527.20,"npi":[1821060286,1841372638]},{"billed_charge":602.49,"npi":[1821060286,1841372638]},{"billed_charge":602.52,"npi":[1821060286,1841372638]},{"billed_charge":870.27,"npi":[1821060286,1841372638]}]},{"allowed_amount":0.00,"billing_code_modifier":[""],"providers":[{"billed_charge":174.05,"npi":[1821060286,1841372638]},{"billed_charge":301.24,"npi":[1821060286,1841372638]},{"billed_charge":332.12,"npi":[1821060286,1841372638]},{"billed_charge":351.45,"npi":[1821060286,1841372638]},{"billed_charge":351.48,"npi":[1821060286,1841372638]},{"billed_charge":527.18,"npi":[1821060286,1841372638]},{"billed_charge":527.20,"npi":[1821060286,1841372638]},{"billed_charge":602.49,"npi":[1821060286,1841372638]},{"billed_charge":602.52,"npi":[1821060286,1841372638]},{"billed_charge":870.27,"npi":[1821060286,1841372638]}]},{"allowed_amount":0.00,"billing_code_modifier":[""],"providers":[{"billed_charge":174.05,"npi":[1821060286,1841372638]},{"billed_charge":301.24,"npi":[1821060286,1841372638]},{"billed_charge":332.12,"npi":[1821060286,1841372638]},{"billed_charge":351.45,"npi":[1821060286,1841372638]},{"billed_charge":351.48,"npi":[1821060286,1841372638]},{"billed_charge":527.18,"npi":[1821060286,1841372638]},{"billed_charge":527.20,"npi":[1821060286,1841372638]},{"billed_charge":602.49,"npi":[1821060286,1841372638]},{"billed_charge":602.52,"npi":[1821060286,1841372638]},{"billed_charge":870.27,"npi":[1821060286,1841372638]}]},{"allowed_amount":0.00,"billing_code_modifier":[""],"providers":[{"billed_charge":174.05,"npi":[1821060286,1841372638]},{"billed_charge":301.24,"npi":[1821060286,1841372638]},{"billed_charge":332.12,"npi":[1821060286,1841372638]},{"billed_charge":351.45,"npi":[1821060286,1841372638]},{"billed_charge":351.48,"npi":[1821060286,1841372638]},{"billed_charge":527.18,"npi":[1821060286,1841372638]},{"billed_charge":527.20,"npi":[1821060286,1841372638]},{"billed_charge":602.49,"npi":[1821060286,1841372638]},{"billed_charge":602.52,"npi":[1821060286,1841372638]},{"billed_charge":870.27,"npi":[1821060286,1841372638]}]}]},{"tin":{"type":"ein","value":"562554975"},"service_code":["12"],"billing_class":"professional","payments":[{"allowed_amount":6.09,"billing_code_modifier":[""],"providers":[{"billed_charge":174.05,"npi":[1821060286,1841372638]},{"billed_charge":174.07,"npi":[1821060286,1841372638]}]},{"allowed_amount":6.09,"billing_code_modifier":[""],"providers":[{"billed_charge":174.05,"npi":[1821060286,1841372638]},{"billed_charge":174.07,"npi":[1821060286,1841372638]}]}]},{"tin":{"type":"ein","value":"562554975"},"service_code":["12"],"billing_class":"professional","payments":[{"allowed_amount":6.09,"billing_code_modifier":[""],"providers":[{"billed_charge":174.05,"npi":[1821060286,1841372638]},{"billed_charge":174.07,"npi":[1821060286,1841372638]}]},{"allowed_amount":6.09,"billing_code_modifier":[""],"providers":[{"billed_charge":174.05,"npi":[1821060286,1841372638]},{"billed_charge":174.07,"npi":[1821060286,1841372638]}]}]},{"tin":{"type":"ein","value":"562554975"},"service_code":["12"],"billing_class":"professional","payments":[{"allowed_amount":18.27,"billing_code_modifier":[""],"providers":[{"billed_charge":301.24,"npi":[1821060286,1841372638]},{"billed_charge":301.29,"npi":[1821060286,1841372638]}]},{"allowed_amount":18.27,"billing_code_modifier":[""],"providers":[{"billed_charge":301.24,"npi":[1821060286,1841372638]},{"billed_charge":301.29,"npi":[1821060286,1841372638]}]}]},{"tin":{"type":"ein","value":"562554975"},"service_code":["12"],"billing_class":"professional","payments":[{"allowed_amount":18.27,"billing_code_modifier":[""],"providers":[{"billed_charge":301.24,"npi":[1821060286,1841372638]},{"billed_charge":301.29,"npi":[1821060286,1841372638]}]},{"allowed_amount":18.27,"billing_code_modifier":[""],"providers":[{"billed_charge":301.24,"npi":[1821060286,1841372638]},{"billed_charge":301.29,"npi":[1821060286,1841372638]}]}]},{"tin":{"type":"ein","value":"562554975"},"service_code":["12"],"billing_class":"professional","payments":[{"allowed_amount":24.36,"billing_code_modifier":[""],"providers":[{"billed_charge":332.12,"npi":[1821060286,1841372638]},{"billed_charge":332.15,"npi":[1821060286,1841372638]},{"billed_charge":332.16,"npi":[1821060286,1841372638]},{"billed_charge":351.45,"npi":[1821060286,1841372638]},{"billed_charge":351.48,"npi":[1821060286,1841372638]}]},{"allowed_amount":24.36,"billing_code_modifier":[""],"providers":[{"billed_charge":332.12,"npi":[1821060286,1841372638]},{"billed_charge":332.15,"npi":[1821060286,1841372638]},{"billed_charge":332.16,"npi":[1821060286,1841372638]},{"billed_charge":351.45,"npi":[1821060286,1841372638]},{"billed_charge":351.48,"npi":[1821060286,1841372638]}]},{"allowed_amount":24.36,"billing_code_modifier":[""],"providers":[{"billed_charge":332.12,"npi":[1821060286,1841372638]},{"billed_charge":332.15,"npi":[1821060286,1841372638]},{"billed_charge":332.16,"npi":[1821060286,1841372638]},{"billed_charge":351.45,"npi":[1821060286,1841372638]},{"billed_charge":351.48,"npi":[1821060286,1841372638]}]},{"allowed_amount":24.36,"billing_code_modifier":[""],"providers":[{"billed_charge":332.12,"npi":[1821060286,1841372638]},{"billed_charge":332.15,"npi":[1821060286,1841372638]},{"billed_charge":332.16,"npi":[1821060286,1841372638]},{"billed_charge":351.45,"npi":[1821060286,1841372638]},{"billed_charge":351.48,"npi":[1821060286,1841372638]}]},{"allowed_amount":24.36,"billing_code_modifier":[""],"providers":[{"billed_charge":332.12,"npi":[1821060286,1841372638]},{"billed_charge":332.15,"npi":[1821060286,1841372638]},{"billed_charge":332.16,"npi":[1821060286,1841372638]},{"billed_charge":351.45,"npi":[1821060286,1841372638]},{"billed_charge":351.48,"npi":[1821060286,1841372638]}]}]},{"tin":{"type":"ein","value":"562554975"},"service_code":["12"],"billing_class":"professional","payments":[{"allowed_amount":24.36,"billing_code_modifier":[""],"providers":[{"billed_charge":332.12,"npi":[1821060286,1841372638]},{"billed_charge":332.15,"npi":[1821060286,1841372638]},{"billed_charge":332.16,"npi":[1821060286,1841372638]},{"billed_charge":351.45,"npi":[1821060286,1841372638]},{"billed_charge":351.48,"npi":[1821060286,1841372638]}]},{"allowed_amount":24.36,"billing_code_modifier":[""],"providers":[{"billed_charge":332.12,"npi":[1821060286,1841372638]},{"billed_charge":332.15,"npi":[1821060286,1841372638]},{"billed_charge":332.16,"npi":[1821060286,1841372638]},{"billed_charge":351.45,"npi":[1821060286,1841372638]},{"billed_charge":351.48,"npi":[1821060286,1841372638]}]},{"allowed_amount":24.36,"billing_code_modifier":[""],"providers":[{"billed_charge":332.12,"npi":[1821060286,1841372638]},{"billed_charge":332.15,"npi":[1821060286,1841372638]},{"billed_charge":332.16,"npi":[1821060286,1841372638]},{"billed_charge":351.45,"npi":[1821060286,1841372638]},{"billed_charge":351.48,"npi":[1821060286,1841372638]}]},{"allowed_amount":24.36,"billing_code_modifier":[""],"providers":[{"billed_charge":332.12,"npi":[1821060286,1841372638]},{"billed_charge":332.15,"npi":[1821060286,1841372638]},{"billed_charge":332.16,"npi":[1821060286,1841372638]},{"billed_charge":351.45,"npi":[1821060286,1841372638]},{"billed_charge":351.48,"npi":[1821060286,1841372638]}]},{"allowed_amount":24.36,"billing_code_modifier":[""],"providers":[{"billed_charge":332.12,"npi":[1821060286,1841372638]},{"billed_charge":332.15,"npi":[1821060286,1841372638]},{"billed_charge":332.16,"npi":[1821060286,1841372638]},{"billed_charge":351.45,"npi":[1821060286,1841372638]},{"billed_charge":351.48,"npi":[1821060286,1841372638]}]}]},{"tin":{"type":"ein","value":"562554975"},"service_code":["12"],"billing_class":"professional","payments":[{"allowed_amount":24.36,"billing_code_modifier":[""],"providers":[{"billed_charge":332.12,"npi":[1821060286,1841372638]},{"billed_charge":332.15,"npi":[1821060286,1841372638]},{"billed_charge":332.16,"npi":[1821060286,1841372638]},{"billed_charge":351.45,"npi":[1821060286,1841372638]},{"billed_charge":351.48,"npi":[1821060286,1841372638]}]},{"allowed_amount":24.36,"billing_code_modifier":[""],"providers":[{"billed_charge":332.12,"npi":[1821060286,1841372638]},{"billed_charge":332.15,"npi":[1821060286,1841372638]},{"billed_charge":332.16,"npi":[1821060286,1841372638]},{"billed_charge":351.45,"npi":[1821060286,1841372638]},{"billed_charge":351.48,"npi":[1821060286,1841372638]}]},{"allowed_amount":24.36,"billing_code_modifier":[""],"providers":[{"billed_charge":332.12,"npi":[1821060286,1841372638]},{"billed_charge":332.15,"npi":[1821060286,1841372638]},{"billed_charge":332.16,"npi":[1821060286,1841372638]},{"billed_charge":351.45,"npi":[1821060286,1841372638]},{"billed_charge":351.48,"npi":[1821060286,1841372638]}]},{"allowed_amount":24.36,"billing_code_modifier":[""],"providers":[{"billed_charge":332.12,"npi":[1821060286,1841372638]},{"billed_charge":332.15,"npi":[1821060286,1841372638]},{"billed_charge":332.16,"npi":[1821060286,1841372638]},{"billed_charge":351.45,"npi":[1821060286,1841372638]},{"billed_charge":351.48,"npi":[1821060286,1841372638]}]},{"allowed_amount":24.36,"billing_code_modifier":[""],"providers":[{"billed_charge":332.12,"npi":[1821060286,1841372638]},{"billed_charge":332.15,"npi":[1821060286,1841372638]},{"billed_charge":332.16,"npi":[1821060286,1841372638]},{"billed_charge":351.45,"npi":[1821060286,1841372638]},{"billed_charge":351.48,"npi":[1821060286,1841372638]}]}]},{"tin":{"type":"ein","value":"562554975"},"service_code":["12"],"billing_class":"professional","payments":[{"allowed_amount":24.36,"billing_code_modifier":[""],"providers":[{"billed_charge":332.12,"npi":[1821060286,1841372638]},{"billed_charge":332.15,"npi":[1821060286,1841372638]},{"billed_charge":332.16,"npi":[1821060286,1841372638]},{"billed_charge":351.45,"npi":[1821060286,1841372638]},{"billed_charge":351.48,"npi":[1821060286,1841372638]}]},{"allowed_amount":24.36,"billing_code_modifier":[""],"providers":[{"billed_charge":332.12,"npi":[1821060286,1841372638]},{"billed_charge":332.15,"npi":[1821060286,1841372638]},{"billed_charge":332.16,"npi":[1821060286,1841372638]},{"billed_charge":351.45,"npi":[1821060286,1841372638]},{"billed_charge":351.48,"npi":[1821060286,1841372638]}]},{"allowed_amount":24.36,"billing_code_modifier":[""],"providers":[{"billed_charge":332.12,"npi":[1821060286,1841372638]},{"billed_charge":332.15,"npi":[1821060286,1841372638]},{"billed_charge":332.16,"npi":[1821060286,1841372638]},{"billed_charge":351.45,"npi":[1821060286,1841372638]},{"billed_charge":351.48,"npi":[1821060286,1841372638]}]},{"allowed_amount":24.36,"billing_code_modifier":[""],"providers":[{"billed_charge":332.12,"npi":[1821060286,1841372638]},{"billed_charge":332.15,"npi":[1821060286,1841372638]},{"billed_charge":332.16,"npi":[1821060286,1841372638]},{"billed_charge":351.45,"npi":[1821060286,1841372638]},{"billed_charge":351.48,"npi":[1821060286,1841372638]}]},{"allowed_amount":24.36,"billing_code_modifier":[""],"providers":[{"billed_charge":332.12,"npi":[1821060286,1841372638]},{"billed_charge":332.15,"npi":[1821060286,1841372638]},{"billed_charge":332.16,"npi":[1821060286,1841372638]},{"billed_charge":351.45,"npi":[1821060286,1841372638]},{"billed_charge":351.48,"npi":[1821060286,1841372638]}]}]},{"tin":{"type":"ein","value":"562554975"},"service_code":["12"],"billing_class":"professional","payments":[{"allowed_amount":24.36,"billing_code_modifier":[""],"providers":[{"billed_charge":332.12,"npi":[1821060286,1841372638]},{"billed_charge":332.15,"npi":[1821060286,1841372638]},{"billed_charge":332.16,"npi":[1821060286,1841372638]},{"billed_charge":351.45,"npi":[1821060286,1841372638]},{"billed_charge":351.48,"npi":[1821060286,1841372638]}]},{"allowed_amount":24.36,"billing_code_modifier":[""],"providers":[{"billed_charge":332.12,"npi":[1821060286,1841372638]},{"billed_charge":332.15,"npi":[1821060286,1841372638]},{"billed_charge":332.16,"npi":[1821060286,1841372638]},{"billed_charge":351.45,"npi":[1821060286,1841372638]},{"billed_charge":351.48,"npi":[1821060286,1841372638]}]},{"allowed_amount":24.36,"billing_code_modifier":[""],"providers":[{"billed_charge":332.12,"npi":[1821060286,1841372638]},{"billed_charge":332.15,"npi":[1821060286,1841372638]},{"billed_charge":332.16,"npi":[1821060286,1841372638]},{"billed_charge":351.45,"npi":[1821060286,1841372638]},{"billed_charge":351.48,"npi":[1821060286,1841372638]}]},{"allowed_amount":24.36,"billing_code_modifier":[""],"providers":[{"billed_charge":332.12,"npi":[1821060286,1841372638]},{"billed_charge":332.15,"npi":[1821060286,1841372638]},{"billed_charge":332.16,"npi":[1821060286,1841372638]},{"billed_charge":351.45,"npi":[1821060286,1841372638]},{"billed_charge":351.48,"npi":[1821060286,1841372638]}]},{"allowed_amount":24.36,"billing_code_modifier":[""],"providers":[{"billed_charge":332.12,"npi":[1821060286,1841372638]},{"billed_charge":332.15,"npi":[1821060286,1841372638]},{"billed_charge":332.16,"npi":[1821060286,1841372638]},{"billed_charge":351.45,"npi":[1821060286,1841372638]},{"billed_charge":351.48,"npi":[1821060286,1841372638]}]}]},{"tin":{"type":"ein","value":"562554975"},"service_code":["12"],"billing_class":"professional","payments":[{"allowed_amount":36.54,"billing_code_modifier":[""],"providers":[{"billed_charge":351.93,"npi":[1821060286,1841372638]},{"billed_charge":351.96,"npi":[1821060286,1841372638]},{"billed_charge":602.49,"npi":[1821060286,1841372638]},{"billed_charge":602.52,"npi":[1821060286,1841372638]}]},{"allowed_amount":36.54,"billing_code_modifier":[""],"providers":[{"billed_charge":351.93,"npi":[1821060286,1841372638]},{"billed_charge":351.96,"npi":[1821060286,1841372638]},{"billed_charge":602.49,"npi":[1821060286,1841372638]},{"billed_charge":602.52,"npi":[1821060286,1841372638]}]},{"allowed_amount":36.54,"billing_code_modifier":[""],"providers":[{"billed_charge":351.93,"npi":[1821060286,1841372638]},{"billed_charge":351.96,"npi":[1821060286,1841372638]},{"billed_charge":602.49,"npi":[1821060286,1841372638]},{"billed_charge":602.52,"npi":[1821060286,1841372638]}]},{"allowed_amount":36.54,"billing_code_modifier":[""],"providers":[{"billed_charge":351.93,"npi":[1821060286,1841372638]},{"billed_charge":351.96,"npi":[1821060286,1841372638]},{"billed_charge":602.49,"npi":[1821060286,1841372638]},{"billed_charge":602.52,"npi":[1821060286,1841372638]}]}]},{"tin":{"type":"ein","value":"562554975"},"service_code":["12"],"billing_class":"professional","payments":[{"allowed_amount":36.54,"billing_code_modifier":[""],"providers":[{"billed_charge":351.93,"npi":[1821060286,1841372638]},{"billed_charge":351.96,"npi":[1821060286,1841372638]},{"billed_charge":602.49,"npi":[1821060286,1841372638]},{"billed_charge":602.52,"npi":[1821060286,1841372638]}]},{"allowed_amount":36.54,"billing_code_modifier":[""],"providers":[{"billed_charge":351.93,"npi":[1821060286,1841372638]},{"billed_charge":351.96,"npi":[1821060286,1841372638]},{"billed_charge":602.49,"npi":[1821060286,1841372638]},{"billed_charge":602.52,"npi":[1821060286,1841372638]}]},{"allowed_amount":36.54,"billing_code_modifier":[""],"providers":[{"billed_charge":351.93,"npi":[1821060286,1841372638]},{"billed_charge":351.96,"npi":[1821060286,1841372638]},{"billed_charge":602.49,"npi":[1821060286,1841372638]},{"billed_charge":602.52,"npi":[1821060286,1841372638]}]},{"allowed_amount":36.54,"billing_code_modifier":[""],"providers":[{"billed_charge":351.93,"npi":[1821060286,1841372638]},{"billed_charge":351.96,"npi":[1821060286,1841372638]},{"billed_charge":602.49,"npi":[1821060286,1841372638]},{"billed_charge":602.52,"npi":[1821060286,1841372638]}]}]},{"tin":{"type":"ein","value":"562554975"},"service_code":["12"],"billing_class":"professional","payments":[{"allowed_amount":36.54,"billing_code_modifier":[""],"providers":[{"billed_charge":351.93,"npi":[1821060286,1841372638]},{"billed_charge":351.96,"npi":[1821060286,1841372638]},{"billed_charge":602.49,"npi":[1821060286,1841372638]},{"billed_charge":602.52,"npi":[1821060286,1841372638]}]},{"allowed_amount":36.54,"billing_code_modifier":[""],"providers":[{"billed_charge":351.93,"npi":[1821060286,1841372638]},{"billed_charge":351.96,"npi":[1821060286,1841372638]},{"billed_charge":602.49,"npi":[1821060286,1841372638]},{"billed_charge":602.52,"npi":[1821060286,1841372638]}]},{"allowed_amount":36.54,"billing_code_modifier":[""],"providers":[{"billed_charge":351.93,"npi":[1821060286,1841372638]},{"billed_charge":351.96,"npi":[1821060286,1841372638]},{"billed_charge":602.49,"npi":[1821060286,1841372638]},{"billed_charge":602.52,"npi":[1821060286,1841372638]}]},{"allowed_amount":36.54,"billing_code_modifier":[""],"providers":[{"billed_charge":351.93,"npi":[1821060286,1841372638]},{"billed_charge":351.96,"npi":[1821060286,1841372638]},{"billed_charge":602.49,"npi":[1821060286,1841372638]},{"billed_charge":602.52,"npi":[1821060286,1841372638]}]}]},{"tin":{"type":"ein","value":"562554975"},"service_code":["12"],"billing_class":"professional","payments":[{"allowed_amount":36.54,"billing_code_modifier":[""],"providers":[{"billed_charge":351.93,"npi":[1821060286,1841372638]},{"billed_charge":351.96,"npi":[1821060286,1841372638]},{"billed_charge":602.49,"npi":[1821060286,1841372638]},{"billed_charge":602.52,"npi":[1821060286,1841372638]}]},{"allowed_amount":36.54,"billing_code_modifier":[""],"providers":[{"billed_charge":351.93,"npi":[1821060286,1841372638]},{"billed_charge":351.96,"npi":[1821060286,1841372638]},{"billed_charge":602.49,"npi":[1821060286,1841372638]},{"billed_charge":602.52,"npi":[1821060286,1841372638]}]},{"allowed_amount":36.54,"billing_code_modifier":[""],"providers":[{"billed_charge":351.93,"npi":[1821060286,1841372638]},{"billed_charge":351.96,"npi":[1821060286,1841372638]},{"billed_charge":602.49,"npi":[1821060286,1841372638]},{"billed_charge":602.52,"npi":[1821060286,1841372638]}]},{"allowed_amount":36.54,"billing_code_modifier":[""],"providers":[{"billed_charge":351.93,"npi":[1821060286,1841372638]},{"billed_charge":351.96,"npi":[1821060286,1841372638]},{"billed_charge":602.49,"npi":[1821060286,1841372638]},{"billed_charge":602.52,"npi":[1821060286,1841372638]}]}]},{"tin":{"type":"ein","value":"562554975"},"service_code":["12"],"billing_class":"professional","payments":[{"allowed_amount":78.80,"billing_code_modifier":[""],"providers":[{"billed_charge":351.93,"npi":[1821060286,1841372638]},{"billed_charge":351.96,"npi":[1821060286,1841372638]}]},{"allowed_amount":78.80,"billing_code_modifier":[""],"providers":[{"billed_charge":351.93,"npi":[1821060286,1841372638]},{"billed_charge":351.96,"npi":[1821060286,1841372638]}]}]},{"tin":{"type":"ein","value":"562554975"},"service_code":["12"],"billing_class":"professional","payments":[{"allowed_amount":78.80,"billing_code_modifier":[""],"providers":[{"billed_charge":351.93,"npi":[1821060286,1841372638]},{"billed_charge":351.96,"npi":[1821060286,1841372638]}]},{"allowed_amount":78.80,"billing_code_modifier":[""],"providers":[{"billed_charge":351.93,"npi":[1821060286,1841372638]},{"billed_charge":351.96,"npi":[1821060286,1841372638]}]}]}]},{"name":"PSYCHIATRIC\/PSYCHOLOGICAL SVCS: INDIVIDUAL THERAPY","billing_code_type":"RC","billing_code_type_version":"UB04","billing_code":"0914","description":"PSYCHIATRIC\/PSYCHOLOGICAL SVCS: INDIVIDUAL THERAPY","allowed_amounts":[{"tin":{"type":"ein","value":"823508457"},"service_code":["22"],"billing_class":"institutional","payments":[{"allowed_amount":530.00,"billing_code_modifier":[""],"providers":[{"billed_charge":1060.00,"npi":[1437658572,1548257488]}]}]}]}]}
