{"reporting_entity_name": "IEC Group_DBA AmeriBen",
	"reporting_entity_type": "Third Party Administrator",
	"plan_name": "KELLERMEYERBERGENSONS SERVICES",
	"plan_id_type": "ein",
	"plan_id": "364431179",
	"plan_market_type": "group",
	"last_updated_on": "2026-01-01","Version": "1.0.0","out_of_network":[{"name":"ACUPUNCTURE 1\/> NDLS W\/O ESTIM 1ST 15 MIN","billing_code_type":"CPT","billing_code_type_version":"2020","billing_code":"97810","description":"ACUPUNCTURE 1\/> NDLS W\/O ESTIM 1ST 15 MIN","allowed_amounts":[{"tin":{"type":"ein","value":"202131675"},"service_code":["11"],"billing_class":"professional","payments":[{"allowed_amount":110.00,"billing_code_modifier":[""],"providers":[{"billed_charge":286.00,"npi":[1043468895,1992268676]}]}]}]},{"name":"ACUPUNCTURE 1\/> NDLS W\/O ESTIM EACH ADDL 15 MIN","billing_code_type":"CPT","billing_code_type_version":"2020","billing_code":"97811","description":"ACUPUNCTURE 1\/> NDLS W\/O ESTIM EACH ADDL 15 MIN","allowed_amounts":[{"tin":{"type":"ein","value":"202131675"},"service_code":["11"],"billing_class":"professional","payments":[{"allowed_amount":180.00,"billing_code_modifier":[""],"providers":[{"billed_charge":470.00,"npi":[1043468895,1992268676]}]}]}]},{"name":"PSYCHIATRIC\/PSYCHOLOGICAL SVCS: PARTIAL HOSP - LES","billing_code_type":"RC","billing_code_type_version":"UB04","billing_code":"0912","description":"PSYCHIATRIC\/PSYCHOLOGICAL SVCS: PARTIAL HOSP - LES","allowed_amounts":[{"tin":{"type":"ein","value":"473691455"},"service_code":["52"],"billing_class":"institutional","payments":[{"allowed_amount":911.00,"billing_code_modifier":[""],"providers":[{"billed_charge":5800.00,"npi":[1225236516,1811383227]}]}]}]}]}
