{"reporting_entity_name": "IEC Group_DBA AmeriBen",
	"reporting_entity_type": "Third Party Administrator",
	"plan_name": "COCHISE COMBINED TRUST",
	"plan_id_type": "ein",
	"plan_id": "721525748",
	"plan_market_type": "group",
	"last_updated_on": "2024-10-01","Version": "1.0.0","out_of_network":[{"name":"CRITICAL CARE ILL\/INJURED PATIENT INIT 30-74 MIN","billing_code_type":"CPT","billing_code_type_version":"2020","billing_code":"99291","description":"CRITICAL CARE ILL\/INJURED PATIENT INIT 30-74 MIN","allowed_amounts":[{"tin":{"type":"ein","value":"352574944"},"service_code":["23"],"billing_class":"professional","payments":[{"allowed_amount":226.62,"billing_code_modifier":[""],"providers":[{"billed_charge":2261.00,"npi":[1194766543,1659640977,1700328663]},{"billed_charge":4522.00,"npi":[1194766543,1669733580,1700328663]}]},{"allowed_amount":226.62,"billing_code_modifier":[""],"providers":[{"billed_charge":2261.00,"npi":[1194766543,1659640977,1700328663]},{"billed_charge":4522.00,"npi":[1194766543,1669733580,1700328663]}]}]},{"tin":{"type":"ein","value":"352574944"},"service_code":["23"],"billing_class":"professional","payments":[{"allowed_amount":226.62,"billing_code_modifier":[""],"providers":[{"billed_charge":2261.00,"npi":[1194766543,1659640977,1700328663]},{"billed_charge":4522.00,"npi":[1194766543,1669733580,1700328663]}]},{"allowed_amount":226.62,"billing_code_modifier":[""],"providers":[{"billed_charge":2261.00,"npi":[1194766543,1659640977,1700328663]},{"billed_charge":4522.00,"npi":[1194766543,1669733580,1700328663]}]}]},{"tin":{"type":"ein","value":"371839681"},"service_code":["21"],"billing_class":"professional","payments":[{"allowed_amount":226.62,"billing_code_modifier":[""],"providers":[{"billed_charge":1534.00,"npi":[1205133188,1730403288,1962944702,1992851828]}]}]},{"tin":{"type":"ein","value":"452464437"},"service_code":["21"],"billing_class":"professional","payments":[{"allowed_amount":226.62,"billing_code_modifier":[""],"providers":[{"billed_charge":1534.00,"npi":[1194766543,1568758266,1750875191]}]}]}]},{"name":"EMERGENCY DEPARTMENT VISIT HIGH MDM","billing_code_type":"CPT","billing_code_type_version":"2020","billing_code":"99285","description":"EMERGENCY DEPARTMENT VISIT HIGH MDM","allowed_amounts":[{"tin":{"type":"ein","value":"352574944"},"service_code":["23"],"billing_class":"professional","payments":[{"allowed_amount":286.36,"billing_code_modifier":[""],"providers":[{"billed_charge":3522.00,"npi":[1063628618,1154352508,1194766543,1306102231,1437246808,1669733580,1700328663,1922067768,1932698578]}]}]}]},{"name":"IADNA NOS AMPLIFIED PROBE TQ EACH ORGANISM","billing_code_type":"CPT","billing_code_type_version":"2020","billing_code":"87798","description":"IADNA NOS AMPLIFIED PROBE TQ EACH ORGANISM","allowed_amounts":[{"tin":{"type":"ein","value":"851099688"},"service_code":["81"],"billing_class":"professional","payments":[{"allowed_amount":33.40,"billing_code_modifier":[""],"providers":[{"billed_charge":87.73,"npi":[1457977209,1609803337]}]}]}]},{"name":"SBSQ HOSPITAL IP\/OBS CARE HIGH MDM 50 MINUTES","billing_code_type":"CPT","billing_code_type_version":"2020","billing_code":"99233","description":"SBSQ HOSPITAL IP\/OBS CARE HIGH MDM 50 MINUTES","allowed_amounts":[{"tin":{"type":"ein","value":"371839681"},"service_code":["21"],"billing_class":"professional","payments":[{"allowed_amount":137.83,"billing_code_modifier":[""],"providers":[{"billed_charge":718.00,"npi":[1205133188,1730403288,1962944702]}]}]},{"tin":{"type":"ein","value":"452464437"},"service_code":["21"],"billing_class":"professional","payments":[{"allowed_amount":137.83,"billing_code_modifier":[""],"providers":[{"billed_charge":718.00,"npi":[1043692593,1194766543,1265818488,1568758266,1750875191,1760975924]}]}]}]}]}
