{"reporting_entity_name": "IEC Group_DBA AmeriBen",
	"reporting_entity_type": "Third Party Administrator",
	"plan_name": "LOGAN ALUMINUM INC",
	"plan_id_type": "ein",
	"plan_id": "611064243",
	"plan_market_type": "group",
	"last_updated_on": "2024-09-01","Version": "1.0.0","out_of_network":[{"name":"DRUGS REQUIRE SPECIFIC ID: DRUGS REQUIRING DETAIL","billing_code_type":"RC","billing_code_type_version":"UB04","billing_code":"0636","description":"DRUGS REQUIRE SPECIFIC ID: DRUGS REQUIRING DETAIL","allowed_amounts":[{"tin":{"type":"ein","value":"350593390"},"service_code":["22"],"billing_class":"institutional","payments":[{"allowed_amount":0.00,"billing_code_modifier":[""],"providers":[{"billed_charge":3.50,"npi":[1053361642,1881635118]},{"billed_charge":72.00,"npi":[1053361642,1881635118]},{"billed_charge":72.50,"npi":[1053361642,1881635118]},{"billed_charge":73.00,"npi":[1053361642,1881635118]},{"billed_charge":522.50,"npi":[1053361642,1881635118]},{"billed_charge":545.50,"npi":[1053361642,1881635118]},{"billed_charge":585.50,"npi":[1053361642,1881635118]}]},{"allowed_amount":0.00,"billing_code_modifier":[""],"providers":[{"billed_charge":3.50,"npi":[1053361642,1881635118]},{"billed_charge":72.00,"npi":[1053361642,1881635118]},{"billed_charge":72.50,"npi":[1053361642,1881635118]},{"billed_charge":73.00,"npi":[1053361642,1881635118]},{"billed_charge":522.50,"npi":[1053361642,1881635118]},{"billed_charge":545.50,"npi":[1053361642,1881635118]},{"billed_charge":585.50,"npi":[1053361642,1881635118]}]},{"allowed_amount":0.00,"billing_code_modifier":[""],"providers":[{"billed_charge":3.50,"npi":[1053361642,1881635118]},{"billed_charge":72.00,"npi":[1053361642,1881635118]},{"billed_charge":72.50,"npi":[1053361642,1881635118]},{"billed_charge":73.00,"npi":[1053361642,1881635118]},{"billed_charge":522.50,"npi":[1053361642,1881635118]},{"billed_charge":545.50,"npi":[1053361642,1881635118]},{"billed_charge":585.50,"npi":[1053361642,1881635118]}]},{"allowed_amount":0.00,"billing_code_modifier":[""],"providers":[{"billed_charge":3.50,"npi":[1053361642,1881635118]},{"billed_charge":72.00,"npi":[1053361642,1881635118]},{"billed_charge":72.50,"npi":[1053361642,1881635118]},{"billed_charge":73.00,"npi":[1053361642,1881635118]},{"billed_charge":522.50,"npi":[1053361642,1881635118]},{"billed_charge":545.50,"npi":[1053361642,1881635118]},{"billed_charge":585.50,"npi":[1053361642,1881635118]}]},{"allowed_amount":0.00,"billing_code_modifier":[""],"providers":[{"billed_charge":3.50,"npi":[1053361642,1881635118]},{"billed_charge":72.00,"npi":[1053361642,1881635118]},{"billed_charge":72.50,"npi":[1053361642,1881635118]},{"billed_charge":73.00,"npi":[1053361642,1881635118]},{"billed_charge":522.50,"npi":[1053361642,1881635118]},{"billed_charge":545.50,"npi":[1053361642,1881635118]},{"billed_charge":585.50,"npi":[1053361642,1881635118]}]},{"allowed_amount":0.00,"billing_code_modifier":[""],"providers":[{"billed_charge":3.50,"npi":[1053361642,1881635118]},{"billed_charge":72.00,"npi":[1053361642,1881635118]},{"billed_charge":72.50,"npi":[1053361642,1881635118]},{"billed_charge":73.00,"npi":[1053361642,1881635118]},{"billed_charge":522.50,"npi":[1053361642,1881635118]},{"billed_charge":545.50,"npi":[1053361642,1881635118]},{"billed_charge":585.50,"npi":[1053361642,1881635118]}]},{"allowed_amount":0.00,"billing_code_modifier":[""],"providers":[{"billed_charge":3.50,"npi":[1053361642,1881635118]},{"billed_charge":72.00,"npi":[1053361642,1881635118]},{"billed_charge":72.50,"npi":[1053361642,1881635118]},{"billed_charge":73.00,"npi":[1053361642,1881635118]},{"billed_charge":522.50,"npi":[1053361642,1881635118]},{"billed_charge":545.50,"npi":[1053361642,1881635118]},{"billed_charge":585.50,"npi":[1053361642,1881635118]}]}]},{"tin":{"type":"ein","value":"350593390"},"service_code":["22"],"billing_class":"institutional","payments":[{"allowed_amount":0.00,"billing_code_modifier":[""],"providers":[{"billed_charge":3.50,"npi":[1053361642,1881635118]},{"billed_charge":72.00,"npi":[1053361642,1881635118]},{"billed_charge":72.50,"npi":[1053361642,1881635118]},{"billed_charge":73.00,"npi":[1053361642,1881635118]},{"billed_charge":522.50,"npi":[1053361642,1881635118]},{"billed_charge":545.50,"npi":[1053361642,1881635118]},{"billed_charge":585.50,"npi":[1053361642,1881635118]}]},{"allowed_amount":0.00,"billing_code_modifier":[""],"providers":[{"billed_charge":3.50,"npi":[1053361642,1881635118]},{"billed_charge":72.00,"npi":[1053361642,1881635118]},{"billed_charge":72.50,"npi":[1053361642,1881635118]},{"billed_charge":73.00,"npi":[1053361642,1881635118]},{"billed_charge":522.50,"npi":[1053361642,1881635118]},{"billed_charge":545.50,"npi":[1053361642,1881635118]},{"billed_charge":585.50,"npi":[1053361642,1881635118]}]},{"allowed_amount":0.00,"billing_code_modifier":[""],"providers":[{"billed_charge":3.50,"npi":[1053361642,1881635118]},{"billed_charge":72.00,"npi":[1053361642,1881635118]},{"billed_charge":72.50,"npi":[1053361642,1881635118]},{"billed_charge":73.00,"npi":[1053361642,1881635118]},{"billed_charge":522.50,"npi":[1053361642,1881635118]},{"billed_charge":545.50,"npi":[1053361642,1881635118]},{"billed_charge":585.50,"npi":[1053361642,1881635118]}]},{"allowed_amount":0.00,"billing_code_modifier":[""],"providers":[{"billed_charge":3.50,"npi":[1053361642,1881635118]},{"billed_charge":72.00,"npi":[1053361642,1881635118]},{"billed_charge":72.50,"npi":[1053361642,1881635118]},{"billed_charge":73.00,"npi":[1053361642,1881635118]},{"billed_charge":522.50,"npi":[1053361642,1881635118]},{"billed_charge":545.50,"npi":[1053361642,1881635118]},{"billed_charge":585.50,"npi":[1053361642,1881635118]}]},{"allowed_amount":0.00,"billing_code_modifier":[""],"providers":[{"billed_charge":3.50,"npi":[1053361642,1881635118]},{"billed_charge":72.00,"npi":[1053361642,1881635118]},{"billed_charge":72.50,"npi":[1053361642,1881635118]},{"billed_charge":73.00,"npi":[1053361642,1881635118]},{"billed_charge":522.50,"npi":[1053361642,1881635118]},{"billed_charge":545.50,"npi":[1053361642,1881635118]},{"billed_charge":585.50,"npi":[1053361642,1881635118]}]},{"allowed_amount":0.00,"billing_code_modifier":[""],"providers":[{"billed_charge":3.50,"npi":[1053361642,1881635118]},{"billed_charge":72.00,"npi":[1053361642,1881635118]},{"billed_charge":72.50,"npi":[1053361642,1881635118]},{"billed_charge":73.00,"npi":[1053361642,1881635118]},{"billed_charge":522.50,"npi":[1053361642,1881635118]},{"billed_charge":545.50,"npi":[1053361642,1881635118]},{"billed_charge":585.50,"npi":[1053361642,1881635118]}]},{"allowed_amount":0.00,"billing_code_modifier":[""],"providers":[{"billed_charge":3.50,"npi":[1053361642,1881635118]},{"billed_charge":72.00,"npi":[1053361642,1881635118]},{"billed_charge":72.50,"npi":[1053361642,1881635118]},{"billed_charge":73.00,"npi":[1053361642,1881635118]},{"billed_charge":522.50,"npi":[1053361642,1881635118]},{"billed_charge":545.50,"npi":[1053361642,1881635118]},{"billed_charge":585.50,"npi":[1053361642,1881635118]}]}]},{"tin":{"type":"ein","value":"350593390"},"service_code":["22"],"billing_class":"institutional","payments":[{"allowed_amount":0.00,"billing_code_modifier":[""],"providers":[{"billed_charge":3.50,"npi":[1053361642,1881635118]},{"billed_charge":72.00,"npi":[1053361642,1881635118]},{"billed_charge":72.50,"npi":[1053361642,1881635118]},{"billed_charge":73.00,"npi":[1053361642,1881635118]},{"billed_charge":522.50,"npi":[1053361642,1881635118]},{"billed_charge":545.50,"npi":[1053361642,1881635118]},{"billed_charge":585.50,"npi":[1053361642,1881635118]}]},{"allowed_amount":0.00,"billing_code_modifier":[""],"providers":[{"billed_charge":3.50,"npi":[1053361642,1881635118]},{"billed_charge":72.00,"npi":[1053361642,1881635118]},{"billed_charge":72.50,"npi":[1053361642,1881635118]},{"billed_charge":73.00,"npi":[1053361642,1881635118]},{"billed_charge":522.50,"npi":[1053361642,1881635118]},{"billed_charge":545.50,"npi":[1053361642,1881635118]},{"billed_charge":585.50,"npi":[1053361642,1881635118]}]},{"allowed_amount":0.00,"billing_code_modifier":[""],"providers":[{"billed_charge":3.50,"npi":[1053361642,1881635118]},{"billed_charge":72.00,"npi":[1053361642,1881635118]},{"billed_charge":72.50,"npi":[1053361642,1881635118]},{"billed_charge":73.00,"npi":[1053361642,1881635118]},{"billed_charge":522.50,"npi":[1053361642,1881635118]},{"billed_charge":545.50,"npi":[1053361642,1881635118]},{"billed_charge":585.50,"npi":[1053361642,1881635118]}]},{"allowed_amount":0.00,"billing_code_modifier":[""],"providers":[{"billed_charge":3.50,"npi":[1053361642,1881635118]},{"billed_charge":72.00,"npi":[1053361642,1881635118]},{"billed_charge":72.50,"npi":[1053361642,1881635118]},{"billed_charge":73.00,"npi":[1053361642,1881635118]},{"billed_charge":522.50,"npi":[1053361642,1881635118]},{"billed_charge":545.50,"npi":[1053361642,1881635118]},{"billed_charge":585.50,"npi":[1053361642,1881635118]}]},{"allowed_amount":0.00,"billing_code_modifier":[""],"providers":[{"billed_charge":3.50,"npi":[1053361642,1881635118]},{"billed_charge":72.00,"npi":[1053361642,1881635118]},{"billed_charge":72.50,"npi":[1053361642,1881635118]},{"billed_charge":73.00,"npi":[1053361642,1881635118]},{"billed_charge":522.50,"npi":[1053361642,1881635118]},{"billed_charge":545.50,"npi":[1053361642,1881635118]},{"billed_charge":585.50,"npi":[1053361642,1881635118]}]},{"allowed_amount":0.00,"billing_code_modifier":[""],"providers":[{"billed_charge":3.50,"npi":[1053361642,1881635118]},{"billed_charge":72.00,"npi":[1053361642,1881635118]},{"billed_charge":72.50,"npi":[1053361642,1881635118]},{"billed_charge":73.00,"npi":[1053361642,1881635118]},{"billed_charge":522.50,"npi":[1053361642,1881635118]},{"billed_charge":545.50,"npi":[1053361642,1881635118]},{"billed_charge":585.50,"npi":[1053361642,1881635118]}]},{"allowed_amount":0.00,"billing_code_modifier":[""],"providers":[{"billed_charge":3.50,"npi":[1053361642,1881635118]},{"billed_charge":72.00,"npi":[1053361642,1881635118]},{"billed_charge":72.50,"npi":[1053361642,1881635118]},{"billed_charge":73.00,"npi":[1053361642,1881635118]},{"billed_charge":522.50,"npi":[1053361642,1881635118]},{"billed_charge":545.50,"npi":[1053361642,1881635118]},{"billed_charge":585.50,"npi":[1053361642,1881635118]}]}]},{"tin":{"type":"ein","value":"350593390"},"service_code":["22"],"billing_class":"institutional","payments":[{"allowed_amount":0.00,"billing_code_modifier":[""],"providers":[{"billed_charge":3.50,"npi":[1053361642,1881635118]},{"billed_charge":72.00,"npi":[1053361642,1881635118]},{"billed_charge":72.50,"npi":[1053361642,1881635118]},{"billed_charge":73.00,"npi":[1053361642,1881635118]},{"billed_charge":522.50,"npi":[1053361642,1881635118]},{"billed_charge":545.50,"npi":[1053361642,1881635118]},{"billed_charge":585.50,"npi":[1053361642,1881635118]}]},{"allowed_amount":0.00,"billing_code_modifier":[""],"providers":[{"billed_charge":3.50,"npi":[1053361642,1881635118]},{"billed_charge":72.00,"npi":[1053361642,1881635118]},{"billed_charge":72.50,"npi":[1053361642,1881635118]},{"billed_charge":73.00,"npi":[1053361642,1881635118]},{"billed_charge":522.50,"npi":[1053361642,1881635118]},{"billed_charge":545.50,"npi":[1053361642,1881635118]},{"billed_charge":585.50,"npi":[1053361642,1881635118]}]},{"allowed_amount":0.00,"billing_code_modifier":[""],"providers":[{"billed_charge":3.50,"npi":[1053361642,1881635118]},{"billed_charge":72.00,"npi":[1053361642,1881635118]},{"billed_charge":72.50,"npi":[1053361642,1881635118]},{"billed_charge":73.00,"npi":[1053361642,1881635118]},{"billed_charge":522.50,"npi":[1053361642,1881635118]},{"billed_charge":545.50,"npi":[1053361642,1881635118]},{"billed_charge":585.50,"npi":[1053361642,1881635118]}]},{"allowed_amount":0.00,"billing_code_modifier":[""],"providers":[{"billed_charge":3.50,"npi":[1053361642,1881635118]},{"billed_charge":72.00,"npi":[1053361642,1881635118]},{"billed_charge":72.50,"npi":[1053361642,1881635118]},{"billed_charge":73.00,"npi":[1053361642,1881635118]},{"billed_charge":522.50,"npi":[1053361642,1881635118]},{"billed_charge":545.50,"npi":[1053361642,1881635118]},{"billed_charge":585.50,"npi":[1053361642,1881635118]}]},{"allowed_amount":0.00,"billing_code_modifier":[""],"providers":[{"billed_charge":3.50,"npi":[1053361642,1881635118]},{"billed_charge":72.00,"npi":[1053361642,1881635118]},{"billed_charge":72.50,"npi":[1053361642,1881635118]},{"billed_charge":73.00,"npi":[1053361642,1881635118]},{"billed_charge":522.50,"npi":[1053361642,1881635118]},{"billed_charge":545.50,"npi":[1053361642,1881635118]},{"billed_charge":585.50,"npi":[1053361642,1881635118]}]},{"allowed_amount":0.00,"billing_code_modifier":[""],"providers":[{"billed_charge":3.50,"npi":[1053361642,1881635118]},{"billed_charge":72.00,"npi":[1053361642,1881635118]},{"billed_charge":72.50,"npi":[1053361642,1881635118]},{"billed_charge":73.00,"npi":[1053361642,1881635118]},{"billed_charge":522.50,"npi":[1053361642,1881635118]},{"billed_charge":545.50,"npi":[1053361642,1881635118]},{"billed_charge":585.50,"npi":[1053361642,1881635118]}]},{"allowed_amount":0.00,"billing_code_modifier":[""],"providers":[{"billed_charge":3.50,"npi":[1053361642,1881635118]},{"billed_charge":72.00,"npi":[1053361642,1881635118]},{"billed_charge":72.50,"npi":[1053361642,1881635118]},{"billed_charge":73.00,"npi":[1053361642,1881635118]},{"billed_charge":522.50,"npi":[1053361642,1881635118]},{"billed_charge":545.50,"npi":[1053361642,1881635118]},{"billed_charge":585.50,"npi":[1053361642,1881635118]}]}]},{"tin":{"type":"ein","value":"350593390"},"service_code":["22"],"billing_class":"institutional","payments":[{"allowed_amount":0.00,"billing_code_modifier":[""],"providers":[{"billed_charge":3.50,"npi":[1053361642,1881635118]},{"billed_charge":72.00,"npi":[1053361642,1881635118]},{"billed_charge":72.50,"npi":[1053361642,1881635118]},{"billed_charge":73.00,"npi":[1053361642,1881635118]},{"billed_charge":522.50,"npi":[1053361642,1881635118]},{"billed_charge":545.50,"npi":[1053361642,1881635118]},{"billed_charge":585.50,"npi":[1053361642,1881635118]}]},{"allowed_amount":0.00,"billing_code_modifier":[""],"providers":[{"billed_charge":3.50,"npi":[1053361642,1881635118]},{"billed_charge":72.00,"npi":[1053361642,1881635118]},{"billed_charge":72.50,"npi":[1053361642,1881635118]},{"billed_charge":73.00,"npi":[1053361642,1881635118]},{"billed_charge":522.50,"npi":[1053361642,1881635118]},{"billed_charge":545.50,"npi":[1053361642,1881635118]},{"billed_charge":585.50,"npi":[1053361642,1881635118]}]},{"allowed_amount":0.00,"billing_code_modifier":[""],"providers":[{"billed_charge":3.50,"npi":[1053361642,1881635118]},{"billed_charge":72.00,"npi":[1053361642,1881635118]},{"billed_charge":72.50,"npi":[1053361642,1881635118]},{"billed_charge":73.00,"npi":[1053361642,1881635118]},{"billed_charge":522.50,"npi":[1053361642,1881635118]},{"billed_charge":545.50,"npi":[1053361642,1881635118]},{"billed_charge":585.50,"npi":[1053361642,1881635118]}]},{"allowed_amount":0.00,"billing_code_modifier":[""],"providers":[{"billed_charge":3.50,"npi":[1053361642,1881635118]},{"billed_charge":72.00,"npi":[1053361642,1881635118]},{"billed_charge":72.50,"npi":[1053361642,1881635118]},{"billed_charge":73.00,"npi":[1053361642,1881635118]},{"billed_charge":522.50,"npi":[1053361642,1881635118]},{"billed_charge":545.50,"npi":[1053361642,1881635118]},{"billed_charge":585.50,"npi":[1053361642,1881635118]}]},{"allowed_amount":0.00,"billing_code_modifier":[""],"providers":[{"billed_charge":3.50,"npi":[1053361642,1881635118]},{"billed_charge":72.00,"npi":[1053361642,1881635118]},{"billed_charge":72.50,"npi":[1053361642,1881635118]},{"billed_charge":73.00,"npi":[1053361642,1881635118]},{"billed_charge":522.50,"npi":[1053361642,1881635118]},{"billed_charge":545.50,"npi":[1053361642,1881635118]},{"billed_charge":585.50,"npi":[1053361642,1881635118]}]},{"allowed_amount":0.00,"billing_code_modifier":[""],"providers":[{"billed_charge":3.50,"npi":[1053361642,1881635118]},{"billed_charge":72.00,"npi":[1053361642,1881635118]},{"billed_charge":72.50,"npi":[1053361642,1881635118]},{"billed_charge":73.00,"npi":[1053361642,1881635118]},{"billed_charge":522.50,"npi":[1053361642,1881635118]},{"billed_charge":545.50,"npi":[1053361642,1881635118]},{"billed_charge":585.50,"npi":[1053361642,1881635118]}]},{"allowed_amount":0.00,"billing_code_modifier":[""],"providers":[{"billed_charge":3.50,"npi":[1053361642,1881635118]},{"billed_charge":72.00,"npi":[1053361642,1881635118]},{"billed_charge":72.50,"npi":[1053361642,1881635118]},{"billed_charge":73.00,"npi":[1053361642,1881635118]},{"billed_charge":522.50,"npi":[1053361642,1881635118]},{"billed_charge":545.50,"npi":[1053361642,1881635118]},{"billed_charge":585.50,"npi":[1053361642,1881635118]}]}]},{"tin":{"type":"ein","value":"350593390"},"service_code":["22"],"billing_class":"institutional","payments":[{"allowed_amount":0.00,"billing_code_modifier":[""],"providers":[{"billed_charge":3.50,"npi":[1053361642,1881635118]},{"billed_charge":72.00,"npi":[1053361642,1881635118]},{"billed_charge":72.50,"npi":[1053361642,1881635118]},{"billed_charge":73.00,"npi":[1053361642,1881635118]},{"billed_charge":522.50,"npi":[1053361642,1881635118]},{"billed_charge":545.50,"npi":[1053361642,1881635118]},{"billed_charge":585.50,"npi":[1053361642,1881635118]}]},{"allowed_amount":0.00,"billing_code_modifier":[""],"providers":[{"billed_charge":3.50,"npi":[1053361642,1881635118]},{"billed_charge":72.00,"npi":[1053361642,1881635118]},{"billed_charge":72.50,"npi":[1053361642,1881635118]},{"billed_charge":73.00,"npi":[1053361642,1881635118]},{"billed_charge":522.50,"npi":[1053361642,1881635118]},{"billed_charge":545.50,"npi":[1053361642,1881635118]},{"billed_charge":585.50,"npi":[1053361642,1881635118]}]},{"allowed_amount":0.00,"billing_code_modifier":[""],"providers":[{"billed_charge":3.50,"npi":[1053361642,1881635118]},{"billed_charge":72.00,"npi":[1053361642,1881635118]},{"billed_charge":72.50,"npi":[1053361642,1881635118]},{"billed_charge":73.00,"npi":[1053361642,1881635118]},{"billed_charge":522.50,"npi":[1053361642,1881635118]},{"billed_charge":545.50,"npi":[1053361642,1881635118]},{"billed_charge":585.50,"npi":[1053361642,1881635118]}]},{"allowed_amount":0.00,"billing_code_modifier":[""],"providers":[{"billed_charge":3.50,"npi":[1053361642,1881635118]},{"billed_charge":72.00,"npi":[1053361642,1881635118]},{"billed_charge":72.50,"npi":[1053361642,1881635118]},{"billed_charge":73.00,"npi":[1053361642,1881635118]},{"billed_charge":522.50,"npi":[1053361642,1881635118]},{"billed_charge":545.50,"npi":[1053361642,1881635118]},{"billed_charge":585.50,"npi":[1053361642,1881635118]}]},{"allowed_amount":0.00,"billing_code_modifier":[""],"providers":[{"billed_charge":3.50,"npi":[1053361642,1881635118]},{"billed_charge":72.00,"npi":[1053361642,1881635118]},{"billed_charge":72.50,"npi":[1053361642,1881635118]},{"billed_charge":73.00,"npi":[1053361642,1881635118]},{"billed_charge":522.50,"npi":[1053361642,1881635118]},{"billed_charge":545.50,"npi":[1053361642,1881635118]},{"billed_charge":585.50,"npi":[1053361642,1881635118]}]},{"allowed_amount":0.00,"billing_code_modifier":[""],"providers":[{"billed_charge":3.50,"npi":[1053361642,1881635118]},{"billed_charge":72.00,"npi":[1053361642,1881635118]},{"billed_charge":72.50,"npi":[1053361642,1881635118]},{"billed_charge":73.00,"npi":[1053361642,1881635118]},{"billed_charge":522.50,"npi":[1053361642,1881635118]},{"billed_charge":545.50,"npi":[1053361642,1881635118]},{"billed_charge":585.50,"npi":[1053361642,1881635118]}]},{"allowed_amount":0.00,"billing_code_modifier":[""],"providers":[{"billed_charge":3.50,"npi":[1053361642,1881635118]},{"billed_charge":72.00,"npi":[1053361642,1881635118]},{"billed_charge":72.50,"npi":[1053361642,1881635118]},{"billed_charge":73.00,"npi":[1053361642,1881635118]},{"billed_charge":522.50,"npi":[1053361642,1881635118]},{"billed_charge":545.50,"npi":[1053361642,1881635118]},{"billed_charge":585.50,"npi":[1053361642,1881635118]}]}]},{"tin":{"type":"ein","value":"350593390"},"service_code":["22"],"billing_class":"institutional","payments":[{"allowed_amount":0.00,"billing_code_modifier":[""],"providers":[{"billed_charge":3.50,"npi":[1053361642,1881635118]},{"billed_charge":72.00,"npi":[1053361642,1881635118]},{"billed_charge":72.50,"npi":[1053361642,1881635118]},{"billed_charge":73.00,"npi":[1053361642,1881635118]},{"billed_charge":522.50,"npi":[1053361642,1881635118]},{"billed_charge":545.50,"npi":[1053361642,1881635118]},{"billed_charge":585.50,"npi":[1053361642,1881635118]}]},{"allowed_amount":0.00,"billing_code_modifier":[""],"providers":[{"billed_charge":3.50,"npi":[1053361642,1881635118]},{"billed_charge":72.00,"npi":[1053361642,1881635118]},{"billed_charge":72.50,"npi":[1053361642,1881635118]},{"billed_charge":73.00,"npi":[1053361642,1881635118]},{"billed_charge":522.50,"npi":[1053361642,1881635118]},{"billed_charge":545.50,"npi":[1053361642,1881635118]},{"billed_charge":585.50,"npi":[1053361642,1881635118]}]},{"allowed_amount":0.00,"billing_code_modifier":[""],"providers":[{"billed_charge":3.50,"npi":[1053361642,1881635118]},{"billed_charge":72.00,"npi":[1053361642,1881635118]},{"billed_charge":72.50,"npi":[1053361642,1881635118]},{"billed_charge":73.00,"npi":[1053361642,1881635118]},{"billed_charge":522.50,"npi":[1053361642,1881635118]},{"billed_charge":545.50,"npi":[1053361642,1881635118]},{"billed_charge":585.50,"npi":[1053361642,1881635118]}]},{"allowed_amount":0.00,"billing_code_modifier":[""],"providers":[{"billed_charge":3.50,"npi":[1053361642,1881635118]},{"billed_charge":72.00,"npi":[1053361642,1881635118]},{"billed_charge":72.50,"npi":[1053361642,1881635118]},{"billed_charge":73.00,"npi":[1053361642,1881635118]},{"billed_charge":522.50,"npi":[1053361642,1881635118]},{"billed_charge":545.50,"npi":[1053361642,1881635118]},{"billed_charge":585.50,"npi":[1053361642,1881635118]}]},{"allowed_amount":0.00,"billing_code_modifier":[""],"providers":[{"billed_charge":3.50,"npi":[1053361642,1881635118]},{"billed_charge":72.00,"npi":[1053361642,1881635118]},{"billed_charge":72.50,"npi":[1053361642,1881635118]},{"billed_charge":73.00,"npi":[1053361642,1881635118]},{"billed_charge":522.50,"npi":[1053361642,1881635118]},{"billed_charge":545.50,"npi":[1053361642,1881635118]},{"billed_charge":585.50,"npi":[1053361642,1881635118]}]},{"allowed_amount":0.00,"billing_code_modifier":[""],"providers":[{"billed_charge":3.50,"npi":[1053361642,1881635118]},{"billed_charge":72.00,"npi":[1053361642,1881635118]},{"billed_charge":72.50,"npi":[1053361642,1881635118]},{"billed_charge":73.00,"npi":[1053361642,1881635118]},{"billed_charge":522.50,"npi":[1053361642,1881635118]},{"billed_charge":545.50,"npi":[1053361642,1881635118]},{"billed_charge":585.50,"npi":[1053361642,1881635118]}]},{"allowed_amount":0.00,"billing_code_modifier":[""],"providers":[{"billed_charge":3.50,"npi":[1053361642,1881635118]},{"billed_charge":72.00,"npi":[1053361642,1881635118]},{"billed_charge":72.50,"npi":[1053361642,1881635118]},{"billed_charge":73.00,"npi":[1053361642,1881635118]},{"billed_charge":522.50,"npi":[1053361642,1881635118]},{"billed_charge":545.50,"npi":[1053361642,1881635118]},{"billed_charge":585.50,"npi":[1053361642,1881635118]}]}]}]},{"name":"EMERGENCY DEPARTMENT VISIT HIGH MDM","billing_code_type":"CPT","billing_code_type_version":"2020","billing_code":"99285","description":"EMERGENCY DEPARTMENT VISIT HIGH MDM","allowed_amounts":[{"tin":{"type":"ein","value":"922098941"},"service_code":["23"],"billing_class":"professional","payments":[{"allowed_amount":193.80,"billing_code_modifier":[""],"providers":[{"billed_charge":984.00,"npi":[1033473970,1033816194,1174044598,1174579908,1275155681,1669155909,1710577440,1851521744,1952833311,1972151454]}]}]}]},{"name":"EMERGENCY DEPARTMENT VISIT MODERATE MDM","billing_code_type":"CPT","billing_code_type_version":"2020","billing_code":"99284","description":"EMERGENCY DEPARTMENT VISIT MODERATE MDM","allowed_amounts":[{"tin":{"type":"ein","value":"922098941"},"service_code":["23"],"billing_class":"professional","payments":[{"allowed_amount":117.65,"billing_code_modifier":[""],"providers":[{"billed_charge":678.00,"npi":[1033816194,1093776163,1174044598,1194097105,1275155681,1487071759,1669155909,1699762690,1710577440,1851521744,1922056464,1952833311]}]}]},{"tin":{"type":"ein","value":"922098941"},"service_code":["23"],"billing_class":"professional","payments":[{"allowed_amount":124.04,"billing_code_modifier":[""],"providers":[{"billed_charge":678.00,"npi":[1033816194,1174044598,1275155681,1487071759,1669155909,1710577440,1952833311,1972151454]}]}]},{"tin":{"type":"ein","value":"932530800"},"service_code":["23"],"billing_class":"professional","payments":[{"allowed_amount":117.65,"billing_code_modifier":[""],"providers":[{"billed_charge":930.00,"npi":[1407895691,1780688333,1881376747]}]}]},{"tin":{"type":"ein","value":"932530800"},"service_code":["23"],"billing_class":"professional","payments":[{"allowed_amount":124.04,"billing_code_modifier":[""],"providers":[{"billed_charge":930.00,"npi":[1174513915,1780688333,1881376747]}]}]}]},{"name":"OFFICE\/OUTPATIENT ESTABLISHED LOW MDM 20 MIN","billing_code_type":"CPT","billing_code_type_version":"2020","billing_code":"99213","description":"OFFICE\/OUTPATIENT ESTABLISHED LOW MDM 20 MIN","allowed_amounts":[{"tin":{"type":"ein","value":"825059590"},"service_code":["11"],"billing_class":"professional","payments":[{"allowed_amount":60.00,"billing_code_modifier":[""],"providers":[{"billed_charge":140.00,"npi":[1043796733,1962618033]}]}]}]},{"name":"PHARMACY","billing_code_type":"RC","billing_code_type_version":"UB04","billing_code":"0250","description":"PHARMACY","allowed_amounts":[{"tin":{"type":"ein","value":"953372911"},"service_code":["65"],"billing_class":"institutional","payments":[{"allowed_amount":0.03,"billing_code_modifier":[""],"providers":[{"billed_charge":0.68,"npi":[1538654876,1962195479]}]}]},{"tin":{"type":"ein","value":"953372911"},"service_code":["65"],"billing_class":"institutional","payments":[{"allowed_amount":0.08,"billing_code_modifier":[""],"providers":[{"billed_charge":1.88,"npi":[1538654876,1962195479]}]}]},{"tin":{"type":"ein","value":"953372911"},"service_code":["65"],"billing_class":"institutional","payments":[{"allowed_amount":0.09,"billing_code_modifier":[""],"providers":[{"billed_charge":1.88,"npi":[1538654876,1962195479]}]}]}]},{"name":"SERVICES PROVIDED BTW 10 PM&8 AM AT 24-HR FACI","billing_code_type":"CPT","billing_code_type_version":"2020","billing_code":"99053","description":"SERVICES PROVIDED BTW 10 PM&8 AM AT 24-HR FACI","allowed_amounts":[{"tin":{"type":"ein","value":"922098941"},"service_code":["23"],"billing_class":"professional","payments":[{"allowed_amount":0.00,"billing_code_modifier":[""],"providers":[{"billed_charge":92.00,"npi":[1033473970,1033816194,1174044598,1275155681,1851521744,1891290391,1952833311]}]}]}]},{"name":"THERAPEUTIC PX 1\/> AREAS EACH 15 MIN EXERCISES","billing_code_type":"CPT","billing_code_type_version":"2020","billing_code":"97110","description":"THERAPEUTIC PX 1\/> AREAS EACH 15 MIN EXERCISES","allowed_amounts":[{"tin":{"type":"ein","value":"921013525"},"service_code":["02","12"],"billing_class":"professional","payments":[{"allowed_amount":76.08,"billing_code_modifier":[""],"providers":[{"billed_charge":250.00,"npi":[1689453748,1750648762]}]}]}]}]}
