{"reporting_entity_name": "IEC Group_DBA AmeriBen",
	"reporting_entity_type": "Third Party Administrator",
	"plan_name": "BATTELLE MEMORIAL INSTITUTE",
	"plan_id_type": "ein",
	"plan_id": "314379427",
	"plan_market_type": "group",
	"last_updated_on": "2024-11-01","Version": "1.0.0","out_of_network":[{"name":"ALCOHOL AND\/OR DRUG SERVICES","billing_code_type":"HCPCS","billing_code_type_version":"HCPCS LEVEL II 2021","billing_code":"H0015","description":"ALCOHOL AND\/OR DRUG SERVICES","allowed_amounts":[{"tin":{"type":"ein","value":"582059038"},"service_code":["11"],"billing_class":"professional","payments":[{"allowed_amount":385.00,"billing_code_modifier":[""],"providers":[{"billed_charge":385.00,"npi":[1497922801]}]}]}]},{"name":"ANTIBODY BACTERIUM NOT ELSEWHERE SPECIFIED","billing_code_type":"CPT","billing_code_type_version":"2020","billing_code":"86609","description":"ANTIBODY BACTERIUM NOT ELSEWHERE SPECIFIED","allowed_amounts":[{"tin":{"type":"ein","value":"943147701"},"service_code":["81"],"billing_class":"professional","payments":[{"allowed_amount":5.41,"billing_code_modifier":[""],"providers":[{"billed_charge":25.00,"npi":[1396837605,1518297555]},{"billed_charge":30.00,"npi":[1396837605,1518297555]},{"billed_charge":35.00,"npi":[1396837605,1518297555]},{"billed_charge":56.25,"npi":[1396837605,1518297555]}]},{"allowed_amount":5.41,"billing_code_modifier":[""],"providers":[{"billed_charge":25.00,"npi":[1396837605,1518297555]},{"billed_charge":30.00,"npi":[1396837605,1518297555]},{"billed_charge":35.00,"npi":[1396837605,1518297555]},{"billed_charge":56.25,"npi":[1396837605,1518297555]}]},{"allowed_amount":5.41,"billing_code_modifier":[""],"providers":[{"billed_charge":25.00,"npi":[1396837605,1518297555]},{"billed_charge":30.00,"npi":[1396837605,1518297555]},{"billed_charge":35.00,"npi":[1396837605,1518297555]},{"billed_charge":56.25,"npi":[1396837605,1518297555]}]},{"allowed_amount":5.41,"billing_code_modifier":[""],"providers":[{"billed_charge":25.00,"npi":[1396837605,1518297555]},{"billed_charge":30.00,"npi":[1396837605,1518297555]},{"billed_charge":35.00,"npi":[1396837605,1518297555]},{"billed_charge":56.25,"npi":[1396837605,1518297555]}]}]},{"tin":{"type":"ein","value":"943147701"},"service_code":["81"],"billing_class":"professional","payments":[{"allowed_amount":5.41,"billing_code_modifier":[""],"providers":[{"billed_charge":25.00,"npi":[1396837605,1518297555]},{"billed_charge":30.00,"npi":[1396837605,1518297555]},{"billed_charge":35.00,"npi":[1396837605,1518297555]},{"billed_charge":56.25,"npi":[1396837605,1518297555]}]},{"allowed_amount":5.41,"billing_code_modifier":[""],"providers":[{"billed_charge":25.00,"npi":[1396837605,1518297555]},{"billed_charge":30.00,"npi":[1396837605,1518297555]},{"billed_charge":35.00,"npi":[1396837605,1518297555]},{"billed_charge":56.25,"npi":[1396837605,1518297555]}]},{"allowed_amount":5.41,"billing_code_modifier":[""],"providers":[{"billed_charge":25.00,"npi":[1396837605,1518297555]},{"billed_charge":30.00,"npi":[1396837605,1518297555]},{"billed_charge":35.00,"npi":[1396837605,1518297555]},{"billed_charge":56.25,"npi":[1396837605,1518297555]}]},{"allowed_amount":5.41,"billing_code_modifier":[""],"providers":[{"billed_charge":25.00,"npi":[1396837605,1518297555]},{"billed_charge":30.00,"npi":[1396837605,1518297555]},{"billed_charge":35.00,"npi":[1396837605,1518297555]},{"billed_charge":56.25,"npi":[1396837605,1518297555]}]}]},{"tin":{"type":"ein","value":"943147701"},"service_code":["81"],"billing_class":"professional","payments":[{"allowed_amount":5.41,"billing_code_modifier":[""],"providers":[{"billed_charge":25.00,"npi":[1396837605,1518297555]},{"billed_charge":30.00,"npi":[1396837605,1518297555]},{"billed_charge":35.00,"npi":[1396837605,1518297555]},{"billed_charge":56.25,"npi":[1396837605,1518297555]}]},{"allowed_amount":5.41,"billing_code_modifier":[""],"providers":[{"billed_charge":25.00,"npi":[1396837605,1518297555]},{"billed_charge":30.00,"npi":[1396837605,1518297555]},{"billed_charge":35.00,"npi":[1396837605,1518297555]},{"billed_charge":56.25,"npi":[1396837605,1518297555]}]},{"allowed_amount":5.41,"billing_code_modifier":[""],"providers":[{"billed_charge":25.00,"npi":[1396837605,1518297555]},{"billed_charge":30.00,"npi":[1396837605,1518297555]},{"billed_charge":35.00,"npi":[1396837605,1518297555]},{"billed_charge":56.25,"npi":[1396837605,1518297555]}]},{"allowed_amount":5.41,"billing_code_modifier":[""],"providers":[{"billed_charge":25.00,"npi":[1396837605,1518297555]},{"billed_charge":30.00,"npi":[1396837605,1518297555]},{"billed_charge":35.00,"npi":[1396837605,1518297555]},{"billed_charge":56.25,"npi":[1396837605,1518297555]}]}]},{"tin":{"type":"ein","value":"943147701"},"service_code":["81"],"billing_class":"professional","payments":[{"allowed_amount":5.41,"billing_code_modifier":[""],"providers":[{"billed_charge":25.00,"npi":[1396837605,1518297555]},{"billed_charge":30.00,"npi":[1396837605,1518297555]},{"billed_charge":35.00,"npi":[1396837605,1518297555]},{"billed_charge":56.25,"npi":[1396837605,1518297555]}]},{"allowed_amount":5.41,"billing_code_modifier":[""],"providers":[{"billed_charge":25.00,"npi":[1396837605,1518297555]},{"billed_charge":30.00,"npi":[1396837605,1518297555]},{"billed_charge":35.00,"npi":[1396837605,1518297555]},{"billed_charge":56.25,"npi":[1396837605,1518297555]}]},{"allowed_amount":5.41,"billing_code_modifier":[""],"providers":[{"billed_charge":25.00,"npi":[1396837605,1518297555]},{"billed_charge":30.00,"npi":[1396837605,1518297555]},{"billed_charge":35.00,"npi":[1396837605,1518297555]},{"billed_charge":56.25,"npi":[1396837605,1518297555]}]},{"allowed_amount":5.41,"billing_code_modifier":[""],"providers":[{"billed_charge":25.00,"npi":[1396837605,1518297555]},{"billed_charge":30.00,"npi":[1396837605,1518297555]},{"billed_charge":35.00,"npi":[1396837605,1518297555]},{"billed_charge":56.25,"npi":[1396837605,1518297555]}]}]}]},{"name":"ASSAY OF MAGNESIUM","billing_code_type":"CPT","billing_code_type_version":"2020","billing_code":"83735","description":"ASSAY OF MAGNESIUM","allowed_amounts":[{"tin":{"type":"ein","value":"454772236"},"service_code":["21"],"billing_class":"professional","payments":[{"allowed_amount":0.00,"billing_code_modifier":[""],"providers":[{"billed_charge":10.00,"npi":[1619229168,1659351344,1679987135]},{"billed_charge":10.05,"npi":[1568083905,1619229168,1841446366]}]},{"allowed_amount":0.00,"billing_code_modifier":[""],"providers":[{"billed_charge":10.00,"npi":[1619229168,1659351344,1679987135]},{"billed_charge":10.05,"npi":[1568083905,1619229168,1841446366]}]}]},{"tin":{"type":"ein","value":"454772236"},"service_code":["21","23"],"billing_class":"professional","payments":[{"allowed_amount":0.00,"billing_code_modifier":[""],"providers":[{"billed_charge":10.00,"npi":[1619229168,1659351344,1679987135]},{"billed_charge":10.05,"npi":[1568083905,1619229168,1841446366]}]},{"allowed_amount":0.00,"billing_code_modifier":[""],"providers":[{"billed_charge":10.00,"npi":[1619229168,1659351344,1679987135]},{"billed_charge":10.05,"npi":[1568083905,1619229168,1841446366]}]}]}]},{"name":"BASIC METABOLIC PANEL CALCIUM TOTAL","billing_code_type":"CPT","billing_code_type_version":"2020","billing_code":"80048","description":"BASIC METABOLIC PANEL CALCIUM TOTAL","allowed_amounts":[{"tin":{"type":"ein","value":"454772236"},"service_code":["21"],"billing_class":"professional","payments":[{"allowed_amount":0.00,"billing_code_modifier":[""],"providers":[{"billed_charge":10.00,"npi":[1619229168,1659351344,1679987135]},{"billed_charge":12.69,"npi":[1285747873,1316329139,1588000483,1619229168,1841446366,1912169350]}]},{"allowed_amount":0.00,"billing_code_modifier":[""],"providers":[{"billed_charge":10.00,"npi":[1619229168,1659351344,1679987135]},{"billed_charge":12.69,"npi":[1285747873,1316329139,1588000483,1619229168,1841446366,1912169350]}]}]},{"tin":{"type":"ein","value":"454772236"},"service_code":["21","22"],"billing_class":"professional","payments":[{"allowed_amount":0.00,"billing_code_modifier":[""],"providers":[{"billed_charge":10.00,"npi":[1619229168,1659351344,1679987135]},{"billed_charge":12.69,"npi":[1285747873,1316329139,1588000483,1619229168,1841446366,1912169350]}]},{"allowed_amount":0.00,"billing_code_modifier":[""],"providers":[{"billed_charge":10.00,"npi":[1619229168,1659351344,1679987135]},{"billed_charge":12.69,"npi":[1285747873,1316329139,1588000483,1619229168,1841446366,1912169350]}]}]}]},{"name":"BLOOD COUNT COMPLETE AUTO&AUTO DIFRNTL WBC","billing_code_type":"CPT","billing_code_type_version":"2020","billing_code":"85025","description":"BLOOD COUNT COMPLETE AUTO&AUTO DIFRNTL WBC","allowed_amounts":[{"tin":{"type":"ein","value":"454772236"},"service_code":["21"],"billing_class":"professional","payments":[{"allowed_amount":0.00,"billing_code_modifier":[""],"providers":[{"billed_charge":10.00,"npi":[1619229168,1659351344,1679987135]},{"billed_charge":11.66,"npi":[1164740403,1285747873,1568083905,1588000483,1619229168,1841446366]}]},{"allowed_amount":0.00,"billing_code_modifier":[""],"providers":[{"billed_charge":10.00,"npi":[1619229168,1659351344,1679987135]},{"billed_charge":11.66,"npi":[1164740403,1285747873,1568083905,1588000483,1619229168,1841446366]}]}]},{"tin":{"type":"ein","value":"454772236"},"service_code":["21","22","23"],"billing_class":"professional","payments":[{"allowed_amount":0.00,"billing_code_modifier":[""],"providers":[{"billed_charge":10.00,"npi":[1619229168,1659351344,1679987135]},{"billed_charge":11.66,"npi":[1164740403,1285747873,1568083905,1588000483,1619229168,1841446366]}]},{"allowed_amount":0.00,"billing_code_modifier":[""],"providers":[{"billed_charge":10.00,"npi":[1619229168,1659351344,1679987135]},{"billed_charge":11.66,"npi":[1164740403,1285747873,1568083905,1588000483,1619229168,1841446366]}]}]},{"tin":{"type":"ein","value":"463599411"},"service_code":["21","23"],"billing_class":"professional","payments":[{"allowed_amount":0.00,"billing_code_modifier":[""],"providers":[{"billed_charge":24.15,"npi":[1124595855,1457781825,1477707685]}]}]}]},{"name":"COLLECTION VENOUS BLOOD VENIPUNCTURE","billing_code_type":"CPT","billing_code_type_version":"2020","billing_code":"36415","description":"COLLECTION VENOUS BLOOD VENIPUNCTURE","allowed_amounts":[{"tin":{"type":"ein","value":"382084239"},"service_code":["81"],"billing_class":"professional","payments":[{"allowed_amount":0.00,"billing_code_modifier":[""],"providers":[{"billed_charge":35.00,"npi":[1114963956,1124388426,1700205069]}]}]},{"tin":{"type":"ein","value":"454772236"},"service_code":["21","22"],"billing_class":"professional","payments":[{"allowed_amount":0.00,"billing_code_modifier":[""],"providers":[{"billed_charge":10.00,"npi":[1285747873,1356658959,1588000483,1619229168,1659351344,1679987135,1699114553,1700447778,1841446366,1912169350]}]}]}]},{"name":"EMERGENCY DEPARTMENT VISIT HIGH MDM","billing_code_type":"CPT","billing_code_type_version":"2020","billing_code":"99285","description":"EMERGENCY DEPARTMENT VISIT HIGH MDM","allowed_amounts":[{"tin":{"type":"ein","value":"461587048"},"service_code":["23"],"billing_class":"professional","payments":[{"allowed_amount":400.15,"billing_code_modifier":[""],"providers":[{"billed_charge":2194.00,"npi":[1346586351,1477998565,1629061940,1730262726,1750308359]}]}]}]},{"name":"EMERGENCY DEPARTMENT VISIT MODERATE MDM","billing_code_type":"CPT","billing_code_type_version":"2020","billing_code":"99284","description":"EMERGENCY DEPARTMENT VISIT MODERATE MDM","allowed_amounts":[{"tin":{"type":"ein","value":"461587048"},"service_code":["23"],"billing_class":"professional","payments":[{"allowed_amount":274.23,"billing_code_modifier":[""],"providers":[{"billed_charge":1487.00,"npi":[1346586351,1477998565,1497726285,1538420351,1730262726,1750308359,1851375265]}]}]}]},{"name":"GLUC BLD GLUC MNTR DEV CLEARED FDA SPEC HOME USE","billing_code_type":"CPT","billing_code_type_version":"2020","billing_code":"82962","description":"GLUC BLD GLUC MNTR DEV CLEARED FDA SPEC HOME USE","allowed_amounts":[{"tin":{"type":"ein","value":"454772236"},"service_code":["21","22"],"billing_class":"professional","payments":[{"allowed_amount":0.00,"billing_code_modifier":[""],"providers":[{"billed_charge":10.00,"npi":[1619229168,1629336169,1659351344,1679987135,1699114553,1841446366]}]}]}]},{"name":"PSYCHIATRIC\/PSYCHOLOGICAL TRT: INTENSIVE OUTPATIEN","billing_code_type":"RC","billing_code_type_version":"UB04","billing_code":"0905","description":"PSYCHIATRIC\/PSYCHOLOGICAL TRT: INTENSIVE OUTPATIEN","allowed_amounts":[{"tin":{"type":"ein","value":"474805192"},"service_code":["22"],"billing_class":"institutional","payments":[{"allowed_amount":417.66,"billing_code_modifier":[""],"providers":[{"billed_charge":2000.00,"npi":[1750751699,1811285737]},{"billed_charge":2500.00,"npi":[1750751699,1811285737]}]},{"allowed_amount":417.66,"billing_code_modifier":[""],"providers":[{"billed_charge":2000.00,"npi":[1750751699,1811285737]},{"billed_charge":2500.00,"npi":[1750751699,1811285737]}]}]},{"tin":{"type":"ein","value":"474805192"},"service_code":["22"],"billing_class":"institutional","payments":[{"allowed_amount":417.66,"billing_code_modifier":[""],"providers":[{"billed_charge":2000.00,"npi":[1750751699,1811285737]},{"billed_charge":2500.00,"npi":[1750751699,1811285737]}]},{"allowed_amount":417.66,"billing_code_modifier":[""],"providers":[{"billed_charge":2000.00,"npi":[1750751699,1811285737]},{"billed_charge":2500.00,"npi":[1750751699,1811285737]}]}]},{"tin":{"type":"ein","value":"474805192"},"service_code":["22"],"billing_class":"institutional","payments":[{"allowed_amount":560.00,"billing_code_modifier":[""],"providers":[{"billed_charge":2000.00,"npi":[1750751699,1811285737]}]}]}]},{"name":"PSYCHOTHERAPY W\/PATIENT 45 MINUTES","billing_code_type":"CPT","billing_code_type_version":"2020","billing_code":"90834","description":"PSYCHOTHERAPY W\/PATIENT 45 MINUTES","allowed_amounts":[{"tin":{"type":"ein","value":"452889505"},"service_code":["10"],"billing_class":"professional","payments":[{"allowed_amount":245.00,"billing_code_modifier":[""],"providers":[{"billed_charge":245.00,"npi":[1821621871]}]}]},{"tin":{"type":"ein","value":"473521279"},"service_code":["22"],"billing_class":"professional","payments":[{"allowed_amount":325.00,"billing_code_modifier":[""],"providers":[{"billed_charge":325.00,"npi":[1235275025]}]}]},{"tin":{"type":"ein","value":"841856258"},"service_code":["02","11"],"billing_class":"professional","payments":[{"allowed_amount":245.00,"billing_code_modifier":[""],"providers":[{"billed_charge":245.00,"npi":[1578874558]}]}]}]},{"name":"PSYCHOTHERAPY W\/PATIENT 60 MINUTES","billing_code_type":"CPT","billing_code_type_version":"2020","billing_code":"90837","description":"PSYCHOTHERAPY W\/PATIENT 60 MINUTES","allowed_amounts":[{"tin":{"type":"ein","value":"272048432"},"service_code":["11"],"billing_class":"professional","payments":[{"allowed_amount":141.74,"billing_code_modifier":[""],"providers":[{"billed_charge":190.00,"npi":[1265530372,1922106038]}]}]},{"tin":{"type":"ein","value":"454071528"},"service_code":["11"],"billing_class":"professional","payments":[{"allowed_amount":125.00,"billing_code_modifier":[""],"providers":[{"billed_charge":125.00,"npi":[1629123930]}]}]},{"tin":{"type":"ein","value":"820627520"},"service_code":["11"],"billing_class":"professional","payments":[{"allowed_amount":80.16,"billing_code_modifier":[""],"providers":[{"billed_charge":150.00,"npi":[1871984427]}]}]},{"tin":{"type":"ein","value":"822248333"},"service_code":["11"],"billing_class":"professional","payments":[{"allowed_amount":141.74,"billing_code_modifier":[""],"providers":[{"billed_charge":150.00,"npi":[1306360052]}]}]},{"tin":{"type":"ein","value":"824280888"},"service_code":["10"],"billing_class":"professional","payments":[{"allowed_amount":80.16,"billing_code_modifier":[""],"providers":[{"billed_charge":185.00,"npi":[1649657149]}]}]},{"tin":{"type":"ein","value":"844779912"},"service_code":["02"],"billing_class":"professional","payments":[{"allowed_amount":125.00,"billing_code_modifier":[""],"providers":[{"billed_charge":125.00,"npi":[1124704168,1285362129]}]}]},{"tin":{"type":"ein","value":"853387078"},"service_code":["10"],"billing_class":"professional","payments":[{"allowed_amount":80.16,"billing_code_modifier":[""],"providers":[{"billed_charge":145.00,"npi":[1164090601]}]}]},{"tin":{"type":"ein","value":"873901453"},"service_code":["11"],"billing_class":"professional","payments":[{"allowed_amount":80.16,"billing_code_modifier":[""],"providers":[{"billed_charge":125.00,"npi":[1497373096]}]}]},{"tin":{"type":"ein","value":"933011272"},"service_code":["11"],"billing_class":"professional","payments":[{"allowed_amount":141.74,"billing_code_modifier":[""],"providers":[{"billed_charge":165.00,"npi":[1184169054]}]}]},{"tin":{"type":"ein","value":"992633506"},"service_code":["11"],"billing_class":"professional","payments":[{"allowed_amount":141.74,"billing_code_modifier":[""],"providers":[{"billed_charge":150.00,"npi":[1023662590]}]}]},{"tin":{"type":"ein","value":"999999999"},"service_code":["11"],"billing_class":"professional","payments":[{"allowed_amount":125.00,"billing_code_modifier":[""],"providers":[{"billed_charge":125.00,"npi":[1497373096]}]}]}]},{"name":"RESIDENTIAL TREATMENT-CHEMICAL DEPENDENCY","billing_code_type":"RC","billing_code_type_version":"UB04","billing_code":"1002","description":"RESIDENTIAL TREATMENT-CHEMICAL DEPENDENCY","allowed_amounts":[{"tin":{"type":"ein","value":"830812034"},"service_code":["21"],"billing_class":"institutional","payments":[{"allowed_amount":0.00,"billing_code_modifier":[""],"providers":[{"billed_charge":4290.00,"npi":[1114498565]}]}]}]}]}
