{"reporting_entity_name": "IEC Group_DBA AmeriBen",
	"reporting_entity_type": "Third Party Administrator",
	"plan_name": "THE FRIEDKIN GROUP INC",
	"plan_id_type": "ein",
	"plan_id": "275549425",
	"plan_market_type": "group",
	"last_updated_on": "2022-08-31","Version": "1.0.0","out_of_network":[{"name":"COVID-19 LAB TEST NON-CDC HTT","billing_code_type":"HCPCS","billing_code_type_version":"HCPCS LEVEL II 2021","billing_code":"U0004","description":"COVID-19 LAB TEST NON-CDC HTT","allowed_amounts":[{"tin":{"type":"ein","value":"851991956"},"service_code":["81"],"billing_class":"professional","payments":[{"allowed_amount":900.00,"billing_code_modifier":[""],"providers":[{"billed_charge":900.00,"npi":[1093025678,1154930279,1255963682,1275624074,1679744676,1831535756]}]}]}]},{"name":"ECG ROUTINE ECG W\/LEAST 12 LDS I&R ONLY","billing_code_type":"CPT","billing_code_type_version":"2020","billing_code":"93010","description":"ECG ROUTINE ECG W\/LEAST 12 LDS I&R ONLY","allowed_amounts":[{"tin":{"type":"ein","value":"200642634"},"service_code":["23"],"billing_class":"professional","payments":[{"allowed_amount":0.00,"billing_code_modifier":[""],"providers":[{"billed_charge":94.00,"npi":[1750825741,1831142769]}]}]},{"tin":{"type":"ein","value":"270350159"},"service_code":["23"],"billing_class":"professional","payments":[{"allowed_amount":0.00,"billing_code_modifier":[""],"providers":[{"billed_charge":94.00,"npi":[1568699445,1831503168,1871913798]}]}]},{"tin":{"type":"ein","value":"453990047"},"service_code":["23"],"billing_class":"professional","payments":[{"allowed_amount":0.00,"billing_code_modifier":[""],"providers":[{"billed_charge":71.00,"npi":[1780789131,1972872786]}]}]},{"tin":{"type":"ein","value":"821305296"},"service_code":["23"],"billing_class":"professional","payments":[{"allowed_amount":0.00,"billing_code_modifier":[""],"providers":[{"billed_charge":94.00,"npi":[1275818536,1285167320,1376660118,1467989871,1649666249,1689608432]}]}]},{"tin":{"type":"ein","value":"822018522"},"service_code":["23"],"billing_class":"professional","payments":[{"allowed_amount":0.00,"billing_code_modifier":[""],"providers":[{"billed_charge":77.00,"npi":[1164817946,1205247384,1528580768,1982100053]}]}]},{"tin":{"type":"ein","value":"872637354"},"service_code":["23"],"billing_class":"professional","payments":[{"allowed_amount":0.00,"billing_code_modifier":[""],"providers":[{"billed_charge":102.48,"npi":[1316617616,1437219268]}]}]}]},{"name":"EMERGENCY DEPARTMENT VISIT MODERATE SEVERITY","billing_code_type":"CPT","billing_code_type_version":"2020","billing_code":"99283","description":"EMERGENCY DEPARTMENT VISIT MODERATE SEVERITY","allowed_amounts":[{"tin":{"type":"ein","value":"274498176"},"service_code":["23"],"billing_class":"professional","payments":[{"allowed_amount":111.46,"billing_code_modifier":[""],"providers":[{"billed_charge":900.00,"npi":[1447554191,1720009590]},{"billed_charge":1400.00,"npi":[1447554191,1639335417]}]},{"allowed_amount":111.46,"billing_code_modifier":[""],"providers":[{"billed_charge":900.00,"npi":[1447554191,1720009590]},{"billed_charge":1400.00,"npi":[1447554191,1639335417]}]}]},{"tin":{"type":"ein","value":"274498176"},"service_code":["23"],"billing_class":"professional","payments":[{"allowed_amount":111.46,"billing_code_modifier":[""],"providers":[{"billed_charge":900.00,"npi":[1447554191,1720009590]},{"billed_charge":1400.00,"npi":[1447554191,1639335417]}]},{"allowed_amount":111.46,"billing_code_modifier":[""],"providers":[{"billed_charge":900.00,"npi":[1447554191,1720009590]},{"billed_charge":1400.00,"npi":[1447554191,1639335417]}]}]},{"tin":{"type":"ein","value":"454804103"},"service_code":["23"],"billing_class":"professional","payments":[{"allowed_amount":111.46,"billing_code_modifier":[""],"providers":[{"billed_charge":900.00,"npi":[1215375043,1447297783]}]}]},{"tin":{"type":"ein","value":"465619077"},"service_code":["23"],"billing_class":"professional","payments":[{"allowed_amount":111.46,"billing_code_modifier":[""],"providers":[{"billed_charge":900.00,"npi":[1225402845,1992948897]}]}]},{"tin":{"type":"ein","value":"471692221"},"service_code":["23"],"billing_class":"professional","payments":[{"allowed_amount":111.46,"billing_code_modifier":[""],"providers":[{"billed_charge":1395.26,"npi":[1083708739,1467852418]}]}]},{"tin":{"type":"ein","value":"475106966"},"service_code":["23"],"billing_class":"professional","payments":[{"allowed_amount":111.46,"billing_code_modifier":[""],"providers":[{"billed_charge":923.00,"npi":[1578792578,1760970560]}]}]},{"tin":{"type":"ein","value":"814581950"},"service_code":["23"],"billing_class":"professional","payments":[{"allowed_amount":53.74,"billing_code_modifier":[""],"providers":[{"billed_charge":1336.04,"npi":[1225378847,1316467236,1467702316,1487186649,1538828470,1831619014]}]}]},{"tin":{"type":"ein","value":"814581950"},"service_code":["23"],"billing_class":"professional","payments":[{"allowed_amount":111.46,"billing_code_modifier":[""],"providers":[{"billed_charge":1336.04,"npi":[1487186649,1558479642,1639335417,1811248545]}]}]},{"tin":{"type":"ein","value":"824528458"},"service_code":["23"],"billing_class":"professional","payments":[{"allowed_amount":111.46,"billing_code_modifier":[""],"providers":[{"billed_charge":2350.00,"npi":[1346225018,1649772328]}]}]},{"tin":{"type":"ein","value":"844964431"},"service_code":["23"],"billing_class":"professional","payments":[{"allowed_amount":111.46,"billing_code_modifier":[""],"providers":[{"billed_charge":654.40,"npi":[1740268366,1912510710]}]}]},{"tin":{"type":"ein","value":"862559925"},"service_code":["23"],"billing_class":"professional","payments":[{"allowed_amount":111.46,"billing_code_modifier":[""],"providers":[{"billed_charge":900.00,"npi":[1831503168,1912586637]}]}]},{"tin":{"type":"ein","value":"872659582"},"service_code":["23"],"billing_class":"professional","payments":[{"allowed_amount":111.46,"billing_code_modifier":[""],"providers":[{"billed_charge":890.76,"npi":[1760822886,1811667249]}]}]}]},{"name":"EMERGENCY ROOM","billing_code_type":"RC","billing_code_type_version":"UB04","billing_code":"0450","description":"EMERGENCY ROOM","allowed_amounts":[{"tin":{"type":"ein","value":"814584169"},"service_code":["23"],"billing_class":"institutional","payments":[{"allowed_amount":446.48,"billing_code_modifier":[""],"providers":[{"billed_charge":1336.04,"npi":[1376064295]}]}]}]},{"name":"IAAD IA SEVERE AQT RESPIR SYND CORONAVIRUS","billing_code_type":"CPT","billing_code_type_version":"2020","billing_code":"87426","description":"IAAD IA SEVERE AQT RESPIR SYND CORONAVIRUS","allowed_amounts":[{"tin":{"type":"ein","value":"821445590"},"service_code":["11"],"billing_class":"professional","payments":[{"allowed_amount":45.23,"billing_code_modifier":[""],"providers":[{"billed_charge":70.00,"npi":[1427056639,1962921445]}]}]},{"tin":{"type":"ein","value":"843308366"},"service_code":["11"],"billing_class":"professional","payments":[{"allowed_amount":45.23,"billing_code_modifier":[""],"providers":[{"billed_charge":361.84,"npi":[1063043636]}]}]},{"tin":{"type":"ein","value":"851055537"},"service_code":["11"],"billing_class":"professional","payments":[{"allowed_amount":45.23,"billing_code_modifier":[""],"providers":[{"billed_charge":200.00,"npi":[1528658648,1740623032]}]}]}]},{"name":"INFEC AGEN DETEC AMPLI PROBE","billing_code_type":"HCPCS","billing_code_type_version":"HCPCS LEVEL II 2021","billing_code":"U0005","description":"INFEC AGEN DETEC AMPLI PROBE","allowed_amounts":[{"tin":{"type":"ein","value":"471926617"},"service_code":["81"],"billing_class":"professional","payments":[{"allowed_amount":25.00,"billing_code_modifier":[""],"providers":[{"billed_charge":150.00,"npi":[1023052974,1376926196,1467588061,1811197106]}]}]},{"tin":{"type":"ein","value":"473727159"},"service_code":["81"],"billing_class":"professional","payments":[{"allowed_amount":25.00,"billing_code_modifier":[""],"providers":[{"billed_charge":25.00,"npi":[1083247522,1316552706,1912521568]}]}]},{"tin":{"type":"ein","value":"831342609"},"service_code":["81"],"billing_class":"professional","payments":[{"allowed_amount":25.00,"billing_code_modifier":[""],"providers":[{"billed_charge":100.00,"npi":[1073101028,1487815387]}]}]},{"tin":{"type":"ein","value":"851991956"},"service_code":["81"],"billing_class":"professional","payments":[{"allowed_amount":225.00,"billing_code_modifier":[""],"providers":[{"billed_charge":225.00,"npi":[1093025678,1154930279,1255963682,1275624074,1679744676,1831535756]}]}]},{"tin":{"type":"ein","value":"853138773"},"service_code":["81"],"billing_class":"professional","payments":[{"allowed_amount":25.00,"billing_code_modifier":[""],"providers":[{"billed_charge":75.00,"npi":[1609934868,1801492558]}]}]},{"tin":{"type":"ein","value":"880099333"},"service_code":["81"],"billing_class":"professional","payments":[{"allowed_amount":25.00,"billing_code_modifier":[""],"providers":[{"billed_charge":25.00,"npi":[1043256886,1205444510]}]}]},{"tin":{"type":"ein","value":"880241758"},"service_code":["81"],"billing_class":"professional","payments":[{"allowed_amount":25.00,"billing_code_modifier":[""],"providers":[{"billed_charge":25.00,"npi":[1053316364,1124417357,1376633586,1437356326]}]}]}]},{"name":"LABORATORY - CLINICAL DIAGNOSTIC","billing_code_type":"RC","billing_code_type_version":"UB04","billing_code":"0300","description":"LABORATORY - CLINICAL DIAGNOSTIC","allowed_amounts":[{"tin":{"type":"ein","value":"814584169"},"service_code":["23"],"billing_class":"institutional","payments":[{"allowed_amount":3.34,"billing_code_modifier":[""],"providers":[{"billed_charge":10.00,"npi":[1376064295]}]}]}]},{"name":"PSYCHOTHERAPY W\/PATIENT 60 MINUTES","billing_code_type":"CPT","billing_code_type_version":"2020","billing_code":"90837","description":"PSYCHOTHERAPY W\/PATIENT 60 MINUTES","allowed_amounts":[{"tin":{"type":"ein","value":"542844958"},"service_code":["11"],"billing_class":"professional","payments":[{"allowed_amount":165.53,"billing_code_modifier":[""],"providers":[{"billed_charge":270.00,"npi":[1003831504]}]}]}]},{"name":"SURGICAL DRESSINGS","billing_code_type":"RC","billing_code_type_version":"UB04","billing_code":"0623","description":"SURGICAL DRESSINGS","allowed_amounts":[{"tin":{"type":"ein","value":"814584169"},"service_code":["23"],"billing_class":"institutional","payments":[{"allowed_amount":133.68,"billing_code_modifier":[""],"providers":[{"billed_charge":400.00,"npi":[1376064295]}]}]}]}]}
