{"reporting_entity_name": "IEC Group_DBA AmeriBen",
	"reporting_entity_type": "Third Party Administrator",
	"plan_name": "CITY OF COLORADO SPRINGS",
	"plan_id_type": "ein",
	"plan_id": "846000573",
	"plan_market_type": "group",
	"last_updated_on": "2022-11-01","Version": "1.0.0","out_of_network":[{"name":"CONT AIRWAY PRESSURE DEVICE","billing_code_type":"HCPCS","billing_code_type_version":"HCPCS LEVEL II 2021","billing_code":"E0601","description":"CONT AIRWAY PRESSURE DEVICE","allowed_amounts":[{"tin":{"type":"ein","value":"452683127"},"service_code":["12"],"billing_class":"professional","payments":[{"allowed_amount":34.09,"billing_code_modifier":[""],"providers":[{"billed_charge":140.00,"npi":[1063503720,1114340668,1144767542,1427254622,1962487587]}]}]}]},{"name":"HUMIDIFIER HEATED USED W PAP","billing_code_type":"HCPCS","billing_code_type_version":"HCPCS LEVEL II 2021","billing_code":"E0562","description":"HUMIDIFIER HEATED USED W PAP","allowed_amounts":[{"tin":{"type":"ein","value":"452683127"},"service_code":["12"],"billing_class":"professional","payments":[{"allowed_amount":11.43,"billing_code_modifier":[""],"providers":[{"billed_charge":40.00,"npi":[1063503720,1114340668,1144767542,1427254622,1962487587]}]}]}]},{"name":"INFEC AGEN DETEC AMPLI PROBE","billing_code_type":"HCPCS","billing_code_type_version":"HCPCS LEVEL II 2021","billing_code":"U0005","description":"INFEC AGEN DETEC AMPLI PROBE","allowed_amounts":[{"tin":{"type":"ein","value":"260880495"},"service_code":["81"],"billing_class":"professional","payments":[{"allowed_amount":21.25,"billing_code_modifier":[""],"providers":[{"billed_charge":25.00,"npi":[1134377781]}]}]},{"tin":{"type":"ein","value":"431039532"},"service_code":["81"],"billing_class":"professional","payments":[{"allowed_amount":21.25,"billing_code_modifier":[""],"providers":[{"billed_charge":25.00,"npi":[1114918349,1609812445]}]}]},{"tin":{"type":"ein","value":"842377669"},"service_code":["81"],"billing_class":"professional","payments":[{"allowed_amount":21.25,"billing_code_modifier":[""],"providers":[{"billed_charge":25.00,"npi":[1447906607,1649829987]}]}]},{"tin":{"type":"ein","value":"880241758"},"service_code":["81"],"billing_class":"professional","payments":[{"allowed_amount":21.25,"billing_code_modifier":[""],"providers":[{"billed_charge":25.00,"npi":[1124417357,1962523555]}]}]}]},{"name":"LACTATION CLASS","billing_code_type":"HCPCS","billing_code_type_version":"HCPCS LEVEL II 2021","billing_code":"S9443","description":"LACTATION CLASS","allowed_amounts":[{"tin":{"type":"ein","value":"822736113"},"service_code":["11","12"],"billing_class":"professional","payments":[{"allowed_amount":500.00,"billing_code_modifier":[""],"providers":[{"billed_charge":500.00,"npi":[1144749391]}]}]}]},{"name":"MANUAL THERAPY TQS 1\/> REGIONS EACH 15 MINUTES","billing_code_type":"CPT","billing_code_type_version":"2020","billing_code":"97140","description":"MANUAL THERAPY TQS 1\/> REGIONS EACH 15 MINUTES","allowed_amounts":[{"tin":{"type":"ein","value":"364794715"},"service_code":["11"],"billing_class":"professional","payments":[{"allowed_amount":59.50,"billing_code_modifier":[""],"providers":[{"billed_charge":102.00,"npi":[1336542125,1720315864,1902419237]}]}]},{"tin":{"type":"ein","value":"813474144"},"service_code":["11"],"billing_class":"professional","payments":[{"allowed_amount":59.50,"billing_code_modifier":[""],"providers":[{"billed_charge":120.00,"npi":[1407209026,1659856722,1851706923]}]}]},{"tin":{"type":"ein","value":"824705460"},"service_code":["11"],"billing_class":"professional","payments":[{"allowed_amount":59.50,"billing_code_modifier":[""],"providers":[{"billed_charge":90.00,"npi":[1114420114,1114907169,1851707905]},{"billed_charge":135.00,"npi":[1114420114,1114907169,1851707905]}]},{"allowed_amount":59.50,"billing_code_modifier":[""],"providers":[{"billed_charge":90.00,"npi":[1114420114,1114907169,1851707905]},{"billed_charge":135.00,"npi":[1114420114,1114907169,1851707905]}]}]},{"tin":{"type":"ein","value":"824705460"},"service_code":["11"],"billing_class":"professional","payments":[{"allowed_amount":59.50,"billing_code_modifier":[""],"providers":[{"billed_charge":90.00,"npi":[1114420114,1114907169,1851707905]},{"billed_charge":135.00,"npi":[1114420114,1114907169,1851707905]}]},{"allowed_amount":59.50,"billing_code_modifier":[""],"providers":[{"billed_charge":90.00,"npi":[1114420114,1114907169,1851707905]},{"billed_charge":135.00,"npi":[1114420114,1114907169,1851707905]}]}]}]},{"name":"PREVENT MED COUNSEL&\/RISK FACTOR REDJ SPX 45 MIN","billing_code_type":"CPT","billing_code_type_version":"2020","billing_code":"99403","description":"PREVENT MED COUNSEL&\/RISK FACTOR REDJ SPX 45 MIN","allowed_amounts":[{"tin":{"type":"ein","value":"822736113"},"service_code":["11","12"],"billing_class":"professional","payments":[{"allowed_amount":400.00,"billing_code_modifier":[""],"providers":[{"billed_charge":400.00,"npi":[1144749391]}]}]}]},{"name":"PSYCHOTHERAPY W\/PATIENT 60 MINUTES","billing_code_type":"CPT","billing_code_type_version":"2020","billing_code":"90837","description":"PSYCHOTHERAPY W\/PATIENT 60 MINUTES","allowed_amounts":[{"tin":{"type":"ein","value":"263447487"},"service_code":["02","11"],"billing_class":"professional","payments":[{"allowed_amount":169.22,"billing_code_modifier":[""],"providers":[{"billed_charge":250.00,"npi":[1215181300,1407391840]}]}]},{"tin":{"type":"ein","value":"475025949"},"service_code":["02","11"],"billing_class":"professional","payments":[{"allowed_amount":169.22,"billing_code_modifier":[""],"providers":[{"billed_charge":206.00,"npi":[1083354740,1215561915,1386150738,1760854442,1972856797]}]}]},{"tin":{"type":"ein","value":"861747274"},"service_code":["02","11"],"billing_class":"professional","payments":[{"allowed_amount":169.22,"billing_code_modifier":[""],"providers":[{"billed_charge":186.00,"npi":[1043596620,1164014874,1659706836]}]}]}]},{"name":"SARS-COV-2 COVID-19 AMP PRB HTT","billing_code_type":"HCPCS","billing_code_type_version":"HCPCS LEVEL II 2021","billing_code":"U0003","description":"SARS-COV-2 COVID-19 AMP PRB HTT","allowed_amounts":[{"tin":{"type":"ein","value":"431039532"},"service_code":["81"],"billing_class":"professional","payments":[{"allowed_amount":63.75,"billing_code_modifier":[""],"providers":[{"billed_charge":100.00,"npi":[1114918349,1609812445]}]}]},{"tin":{"type":"ein","value":"472809995"},"service_code":["55"],"billing_class":"professional","payments":[{"allowed_amount":63.75,"billing_code_modifier":[""],"providers":[{"billed_charge":200.00,"npi":[1356738132,1396184644]}]}]},{"tin":{"type":"ein","value":"842377669"},"service_code":["81"],"billing_class":"professional","payments":[{"allowed_amount":63.75,"billing_code_modifier":[""],"providers":[{"billed_charge":249.00,"npi":[1447906607,1649829987]}]}]},{"tin":{"type":"ein","value":"880241758"},"service_code":["81"],"billing_class":"professional","payments":[{"allowed_amount":63.75,"billing_code_modifier":[""],"providers":[{"billed_charge":100.00,"npi":[1124417357,1962523555]}]}]}]},{"name":"THER PX 1\/> AREAS EACH 15 MIN NEUROMUSC REEDUCA","billing_code_type":"CPT","billing_code_type_version":"2020","billing_code":"97112","description":"THER PX 1\/> AREAS EACH 15 MIN NEUROMUSC REEDUCA","allowed_amounts":[{"tin":{"type":"ein","value":"364794715"},"service_code":["11"],"billing_class":"professional","payments":[{"allowed_amount":0.00,"billing_code_modifier":[""],"providers":[{"billed_charge":51.00,"npi":[1336542125,1689193120,1720315864,1750857058,1760853600,1902419237]},{"billed_charge":102.00,"npi":[1336542125,1689193120,1750857058,1760853600,1902419237]}]},{"allowed_amount":0.00,"billing_code_modifier":[""],"providers":[{"billed_charge":51.00,"npi":[1336542125,1689193120,1720315864,1750857058,1760853600,1902419237]},{"billed_charge":102.00,"npi":[1336542125,1689193120,1750857058,1760853600,1902419237]}]}]},{"tin":{"type":"ein","value":"364794715"},"service_code":["11"],"billing_class":"professional","payments":[{"allowed_amount":0.00,"billing_code_modifier":[""],"providers":[{"billed_charge":51.00,"npi":[1336542125,1689193120,1720315864,1750857058,1760853600,1902419237]},{"billed_charge":102.00,"npi":[1336542125,1689193120,1750857058,1760853600,1902419237]}]},{"allowed_amount":0.00,"billing_code_modifier":[""],"providers":[{"billed_charge":51.00,"npi":[1336542125,1689193120,1720315864,1750857058,1760853600,1902419237]},{"billed_charge":102.00,"npi":[1336542125,1689193120,1750857058,1760853600,1902419237]}]}]},{"tin":{"type":"ein","value":"813474144"},"service_code":["11"],"billing_class":"professional","payments":[{"allowed_amount":0.00,"billing_code_modifier":[""],"providers":[{"billed_charge":65.00,"npi":[1407209026,1659856722,1851706923]}]}]}]},{"name":"THER SP-GENRATJ DEV PRGRMG&MODIFICAJ","billing_code_type":"CPT","billing_code_type_version":"2020","billing_code":"92609","description":"THER SP-GENRATJ DEV PRGRMG&MODIFICAJ","allowed_amounts":[{"tin":{"type":"ein","value":"208352532"},"service_code":["02","11"],"billing_class":"professional","payments":[{"allowed_amount":113.82,"billing_code_modifier":[""],"providers":[{"billed_charge":150.00,"npi":[1194334169,1770958159]}]}]}]},{"name":"THERAPEUT ACTVITY DIRECT PT CONTACT EACH 15 MIN","billing_code_type":"CPT","billing_code_type_version":"2020","billing_code":"97530","description":"THERAPEUT ACTVITY DIRECT PT CONTACT EACH 15 MIN","allowed_amounts":[{"tin":{"type":"ein","value":"364794715"},"service_code":["11"],"billing_class":"professional","payments":[{"allowed_amount":59.50,"billing_code_modifier":[""],"providers":[{"billed_charge":102.00,"npi":[1336542125,1689193120,1750857058,1760853600,1902419237]}]}]},{"tin":{"type":"ein","value":"841554677"},"service_code":["12"],"billing_class":"professional","payments":[{"allowed_amount":59.50,"billing_code_modifier":[""],"providers":[{"billed_charge":134.39,"npi":[1629094909]}]}]},{"tin":{"type":"ein","value":"844770778"},"service_code":["11"],"billing_class":"professional","payments":[{"allowed_amount":59.50,"billing_code_modifier":[""],"providers":[{"billed_charge":100.00,"npi":[1255964078,1730683293]},{"billed_charge":200.00,"npi":[1043308174,1255964078,1912493123]}]},{"allowed_amount":59.50,"billing_code_modifier":[""],"providers":[{"billed_charge":100.00,"npi":[1255964078,1730683293]},{"billed_charge":200.00,"npi":[1043308174,1255964078,1912493123]}]}]},{"tin":{"type":"ein","value":"844770778"},"service_code":["11"],"billing_class":"professional","payments":[{"allowed_amount":59.50,"billing_code_modifier":[""],"providers":[{"billed_charge":100.00,"npi":[1255964078,1730683293]},{"billed_charge":200.00,"npi":[1043308174,1255964078,1912493123]}]},{"allowed_amount":59.50,"billing_code_modifier":[""],"providers":[{"billed_charge":100.00,"npi":[1255964078,1730683293]},{"billed_charge":200.00,"npi":[1043308174,1255964078,1912493123]}]}]}]},{"name":"THERAPEUTIC PX 1\/> AREAS EACH 15 MIN EXERCISES","billing_code_type":"CPT","billing_code_type_version":"2020","billing_code":"97110","description":"THERAPEUTIC PX 1\/> AREAS EACH 15 MIN EXERCISES","allowed_amounts":[{"tin":{"type":"ein","value":"364794715"},"service_code":["11"],"billing_class":"professional","payments":[{"allowed_amount":0.00,"billing_code_modifier":[""],"providers":[{"billed_charge":51.00,"npi":[1336542125,1689193120,1750857058,1760853600]}]}]},{"tin":{"type":"ein","value":"813474144"},"service_code":["11"],"billing_class":"professional","payments":[{"allowed_amount":0.00,"billing_code_modifier":[""],"providers":[{"billed_charge":65.00,"npi":[1407209026,1659856722,1851706923]}]}]},{"tin":{"type":"ein","value":"824705460"},"service_code":["11"],"billing_class":"professional","payments":[{"allowed_amount":0.00,"billing_code_modifier":[""],"providers":[{"billed_charge":50.00,"npi":[1114420114,1114907169,1851707905]}]}]},{"tin":{"type":"ein","value":"841554677"},"service_code":["11"],"billing_class":"professional","payments":[{"allowed_amount":0.00,"billing_code_modifier":[""],"providers":[{"billed_charge":30.59,"npi":[1508456963]}]}]}]},{"name":"TX SPEECH LANG VOICE COMMJ &\/AUDITORY PROC IND","billing_code_type":"CPT","billing_code_type_version":"2020","billing_code":"92507","description":"TX SPEECH LANG VOICE COMMJ &\/AUDITORY PROC IND","allowed_amounts":[{"tin":{"type":"ein","value":"208352532"},"service_code":["02","11"],"billing_class":"professional","payments":[{"allowed_amount":82.89,"billing_code_modifier":[""],"providers":[{"billed_charge":100.00,"npi":[1194334169,1770958159]}]}]},{"tin":{"type":"ein","value":"841554677"},"service_code":["12"],"billing_class":"professional","payments":[{"allowed_amount":82.89,"billing_code_modifier":[""],"providers":[{"billed_charge":145.09,"npi":[1629094909]}]}]}]}]}
