{"reporting_entity_name": "IEC Group_DBA AmeriBen",
	"reporting_entity_type": "Third Party Administrator",
	"plan_name": "JACOBS ENTERTAINMENT INC.",
	"plan_id_type": "ein",
	"plan_id": "341959351",
	"plan_market_type": "group",
	"last_updated_on": "2023-01-03","Version": "1.0.0","out_of_network":[{"name":"CCPD OPD\/HOME: CCPD COMP OR OTHER RATE","billing_code_type":"RC","billing_code_type_version":"UB04","billing_code":"0851","description":"CCPD OPD\/HOME: CCPD COMP OR OTHER RATE","allowed_amounts":[{"tin":{"type":"ein","value":"953372911"},"service_code":["65"],"billing_class":"institutional","payments":[{"allowed_amount":2326.62,"billing_code_modifier":[""],"providers":[{"billed_charge":22071.00,"npi":[1730156944,1891950234]}]}]}]},{"name":"IA DET DNA\/RNA; COVID-19 AMP P T","billing_code_type":"HCPCS","billing_code_type_version":"HCPCS LEVEL II 2021","billing_code":"U0003","description":"IA DET DNA\/RNA; COVID-19 AMP P T","allowed_amounts":[{"tin":{"type":"ein","value":"431039532"},"service_code":["81"],"billing_class":"professional","payments":[{"allowed_amount":100.00,"billing_code_modifier":[""],"providers":[{"billed_charge":100.00,"npi":[1023446994,1225579980,1275051955,1609812445,1619220746,1871620831,1881691038,1912218827]}]}]}]},{"name":"OFFICE\/OUTPATIENT ESTABLISHED LOW MDM 20-29 MIN","billing_code_type":"CPT","billing_code_type_version":"2020","billing_code":"99213","description":"OFFICE\/OUTPATIENT ESTABLISHED LOW MDM 20-29 MIN","allowed_amounts":[{"tin":{"type":"ein","value":"208912920"},"service_code":["11"],"billing_class":"professional","payments":[{"allowed_amount":87.53,"billing_code_modifier":[""],"providers":[{"billed_charge":140.00,"npi":[1538372883,1730335753]}]}]},{"tin":{"type":"ein","value":"261531455"},"service_code":["22"],"billing_class":"professional","payments":[{"allowed_amount":87.53,"billing_code_modifier":[""],"providers":[{"billed_charge":197.00,"npi":[1508030958,1912943184,1992975775]}]}]},{"tin":{"type":"ein","value":"452716351"},"service_code":["20"],"billing_class":"professional","payments":[{"allowed_amount":87.53,"billing_code_modifier":[""],"providers":[{"billed_charge":200.00,"npi":[1053870576,1629560347]}]}]},{"tin":{"type":"ein","value":"455203604"},"service_code":["20"],"billing_class":"professional","payments":[{"allowed_amount":87.53,"billing_code_modifier":[""],"providers":[{"billed_charge":215.00,"npi":[1467715490,1558601088]}]}]},{"tin":{"type":"ein","value":"720880080"},"service_code":["11"],"billing_class":"professional","payments":[{"allowed_amount":87.53,"billing_code_modifier":[""],"providers":[{"billed_charge":150.00,"npi":[1174732424,1457362899,1902064520]}]}]},{"tin":{"type":"ein","value":"721466002"},"service_code":["11"],"billing_class":"professional","payments":[{"allowed_amount":87.53,"billing_code_modifier":[""],"providers":[{"billed_charge":145.00,"npi":[1013988799,1932272150]}]}]},{"tin":{"type":"ein","value":"726008355"},"service_code":["11"],"billing_class":"professional","payments":[{"allowed_amount":87.53,"billing_code_modifier":[""],"providers":[{"billed_charge":195.00,"npi":[1700051133,1801133913]}]}]},{"tin":{"type":"ein","value":"726012041"},"service_code":["72"],"billing_class":"professional","payments":[{"allowed_amount":87.53,"billing_code_modifier":[""],"providers":[{"billed_charge":90.00,"npi":[1063497683,1932256542]}]}]},{"tin":{"type":"ein","value":"800222261"},"service_code":["11"],"billing_class":"professional","payments":[{"allowed_amount":87.53,"billing_code_modifier":[""],"providers":[{"billed_charge":142.00,"npi":[1568628972,1659388866,1992737621]}]}]},{"tin":{"type":"ein","value":"843425820"},"service_code":["11"],"billing_class":"professional","payments":[{"allowed_amount":87.53,"billing_code_modifier":[""],"providers":[{"billed_charge":226.00,"npi":[1326422924,1538703335,1568673077]}]}]}]},{"name":"OFFICE\/OUTPATIENT ESTABLISHED MOD MDM 30-39 MIN","billing_code_type":"CPT","billing_code_type_version":"2020","billing_code":"99214","description":"OFFICE\/OUTPATIENT ESTABLISHED MOD MDM 30-39 MIN","allowed_amounts":[{"tin":{"type":"ein","value":"201367299"},"service_code":["20"],"billing_class":"professional","payments":[{"allowed_amount":123.47,"billing_code_modifier":[""],"providers":[{"billed_charge":180.00,"npi":[1245391960,1649297730]}]}]},{"tin":{"type":"ein","value":"272272979"},"service_code":["20"],"billing_class":"professional","payments":[{"allowed_amount":123.47,"billing_code_modifier":[""],"providers":[{"billed_charge":180.00,"npi":[1306135892,1356448138]}]}]},{"tin":{"type":"ein","value":"364774713"},"service_code":["22"],"billing_class":"professional","payments":[{"allowed_amount":123.47,"billing_code_modifier":[""],"providers":[{"billed_charge":195.00,"npi":[1013374222,1427536325,1578875084,1700033511]}]}]},{"tin":{"type":"ein","value":"452716351"},"service_code":["20"],"billing_class":"professional","payments":[{"allowed_amount":123.47,"billing_code_modifier":[""],"providers":[{"billed_charge":250.22,"npi":[1093376873,1912138280]}]}]},{"tin":{"type":"ein","value":"455203604"},"service_code":["20"],"billing_class":"professional","payments":[{"allowed_amount":123.47,"billing_code_modifier":[""],"providers":[{"billed_charge":306.00,"npi":[1467715490,1598328189,1639193022,1669918249]}]}]},{"tin":{"type":"ein","value":"462605366"},"service_code":["22"],"billing_class":"professional","payments":[{"allowed_amount":123.47,"billing_code_modifier":[""],"providers":[{"billed_charge":138.00,"npi":[1073919189,1306281126,1639518087]}]}]},{"tin":{"type":"ein","value":"463767619"},"service_code":["11"],"billing_class":"professional","payments":[{"allowed_amount":123.47,"billing_code_modifier":[""],"providers":[{"billed_charge":210.00,"npi":[1124403001,1326598434]}]}]},{"tin":{"type":"ein","value":"720839724"},"service_code":["11"],"billing_class":"professional","payments":[{"allowed_amount":123.47,"billing_code_modifier":[""],"providers":[{"billed_charge":210.00,"npi":[1174004501,1710944012,1730120809,1851855639,1912203191,1942301379]}]}]},{"tin":{"type":"ein","value":"720865042"},"service_code":["11"],"billing_class":"professional","payments":[{"allowed_amount":123.47,"billing_code_modifier":[""],"providers":[{"billed_charge":127.00,"npi":[1194728600,1659313245,1770858011]}]}]},{"tin":{"type":"ein","value":"830360451"},"service_code":["11"],"billing_class":"professional","payments":[{"allowed_amount":123.47,"billing_code_modifier":[""],"providers":[{"billed_charge":140.00,"npi":[1285958926,1326022252]}]}]},{"tin":{"type":"ein","value":"843425820"},"service_code":["11"],"billing_class":"professional","payments":[{"allowed_amount":123.47,"billing_code_modifier":[""],"providers":[{"billed_charge":331.00,"npi":[1538365994,1538703335,1568673077]}]}]},{"tin":{"type":"ein","value":"900089838"},"service_code":["11"],"billing_class":"professional","payments":[{"allowed_amount":123.47,"billing_code_modifier":[""],"providers":[{"billed_charge":250.00,"npi":[1174511794,1548314495]}]}]}]}]}
