{"reporting_entity_name": "IEC Group_DBA AmeriBen",
	"reporting_entity_type": "Third Party Administrator",
	"plan_name": "CHG COMPANIES INC",
	"plan_id_type": "ein",
	"plan_id": "870502658",
	"plan_market_type": "group",
	"last_updated_on": "2026-01-01","Version": "1.0.0","out_of_network":[{"name":"RESIDENTIAL TREATMENT-CHEMICAL DEPENDENCY","billing_code_type":"RC","billing_code_type_version":"UB04","billing_code":"1002","description":"RESIDENTIAL TREATMENT-CHEMICAL DEPENDENCY","allowed_amounts":[{"tin":{"type":"ein","value":"871008041"},"service_code":["21"],"billing_class":"institutional","payments":[{"allowed_amount":964.18,"billing_code_modifier":[""],"providers":[{"billed_charge":4135.00,"npi":[1115456786,1740946391]}]}]}]}]}
