{"reporting_entity_name": "IEC Group_DBA AmeriBen",
	"reporting_entity_type": "Third Party Administrator",
	"plan_name": "MSD WA TOWNSHIP SCHOOLS",
	"plan_id_type": "ein",
	"plan_id": "356005690",
	"plan_market_type": "group",
	"last_updated_on": "2026-01-01","Version": "1.0.0","out_of_network":[{"name":"MANUAL THERAPY TQS 1\/> REGIONS EACH 15 MINUTES","billing_code_type":"CPT","billing_code_type_version":"2020","billing_code":"97140","description":"MANUAL THERAPY TQS 1\/> REGIONS EACH 15 MINUTES","allowed_amounts":[{"tin":{"type":"ein","value":"460813202"},"service_code":["12"],"billing_class":"professional","payments":[{"allowed_amount":20.45,"billing_code_modifier":[""],"providers":[{"billed_charge":47.15,"npi":[1043568942,1326257866,1740610617,1871292482]}]}]}]},{"name":"THER IVNTJ COG FUNCJ CNTCT EA ADDL 15 MINUTES","billing_code_type":"CPT","billing_code_type_version":"2020","billing_code":"97130","description":"THER IVNTJ COG FUNCJ CNTCT EA ADDL 15 MINUTES","allowed_amounts":[{"tin":{"type":"ein","value":"460813202"},"service_code":["12"],"billing_class":"professional","payments":[{"allowed_amount":37.02,"billing_code_modifier":[""],"providers":[{"billed_charge":86.32,"npi":[1043568942,1578243663,1871292482]}]}]}]},{"name":"THER PX 1\/> AREAS EACH 15 MIN NEUROMUSC REEDUCA","billing_code_type":"CPT","billing_code_type_version":"2020","billing_code":"97112","description":"THER PX 1\/> AREAS EACH 15 MIN NEUROMUSC REEDUCA","allowed_amounts":[{"tin":{"type":"ein","value":"460813202"},"service_code":["12"],"billing_class":"professional","payments":[{"allowed_amount":22.72,"billing_code_modifier":[""],"providers":[{"billed_charge":56.35,"npi":[1043568942,1740610617,1871292482]}]}]}]},{"name":"THERAPEUTIC PX 1\/> AREAS EACH 15 MIN EXERCISES","billing_code_type":"CPT","billing_code_type_version":"2020","billing_code":"97110","description":"THERAPEUTIC PX 1\/> AREAS EACH 15 MIN EXERCISES","allowed_amounts":[{"tin":{"type":"ein","value":"460813202"},"service_code":["12"],"billing_class":"professional","payments":[{"allowed_amount":21.03,"billing_code_modifier":[""],"providers":[{"billed_charge":56.35,"npi":[1043568942,1326257866,1740610617,1871292482]}]}]}]},{"name":"TX SWALLOWING DYSFUNCTION&\/ORAL FUNCJ FEEDING","billing_code_type":"CPT","billing_code_type_version":"2020","billing_code":"92526","description":"TX SWALLOWING DYSFUNCTION&\/ORAL FUNCJ FEEDING","allowed_amounts":[{"tin":{"type":"ein","value":"460813202"},"service_code":["12"],"billing_class":"professional","payments":[{"allowed_amount":54.66,"billing_code_modifier":[""],"providers":[{"billed_charge":178.25,"npi":[1043568942,1578243663,1871292482]}]}]}]}]}
