{"reporting_entity_name": "IEC Group_DBA AmeriBen",
	"reporting_entity_type": "Third Party Administrator",
	"plan_name": "RUSSELL SIGLER INC",
	"plan_id_type": "ein",
	"plan_id": "860223222",
	"plan_market_type": "group",
	"last_updated_on": "2023-12-01","Version": "1.0.0","out_of_network":[{"name":"OFFICE\/OUTPATIENT EST PT MAY NOT REQ PHYS\/QHP","billing_code_type":"CPT","billing_code_type_version":"2020","billing_code":"99211","description":"OFFICE\/OUTPATIENT EST PT MAY NOT REQ PHYS\/QHP","allowed_amounts":[{"tin":{"type":"ein","value":"811554266"},"service_code":["11"],"billing_class":"professional","payments":[{"allowed_amount":27.81,"billing_code_modifier":[""],"providers":[{"billed_charge":130.25,"npi":[1255910519,1740685387]}]}]},{"tin":{"type":"ein","value":"853107000"},"service_code":["11"],"billing_class":"professional","payments":[{"allowed_amount":27.81,"billing_code_modifier":[""],"providers":[{"billed_charge":75.00,"npi":[1194937649,1265011464,1487815387]}]}]},{"tin":{"type":"ein","value":"871793632"},"service_code":["11"],"billing_class":"professional","payments":[{"allowed_amount":27.81,"billing_code_modifier":[""],"providers":[{"billed_charge":130.25,"npi":[1154994556,1740685387]}]}]}]},{"name":"OFFICE\/OUTPATIENT ESTABLISHED MOD MDM 30-39 MIN","billing_code_type":"CPT","billing_code_type_version":"2020","billing_code":"99214","description":"OFFICE\/OUTPATIENT ESTABLISHED MOD MDM 30-39 MIN","allowed_amounts":[{"tin":{"type":"ein","value":"202934201"},"service_code":["10","11"],"billing_class":"professional","payments":[{"allowed_amount":143.88,"billing_code_modifier":[""],"providers":[{"billed_charge":420.00,"npi":[1215172267,1619287364]}]}]}]},{"name":"RADIOLOGIC EXAM CHEST SINGLE VIEW","billing_code_type":"CPT","billing_code_type_version":"2020","billing_code":"71045","description":"RADIOLOGIC EXAM CHEST SINGLE VIEW","allowed_amounts":[{"tin":{"type":"ein","value":"941700729"},"service_code":["21"],"billing_class":"professional","payments":[{"allowed_amount":13.41,"billing_code_modifier":[""],"providers":[{"billed_charge":26.00,"npi":[1023057536,1124550108,1467955286,1578848636,1609898345,1619389319,1639156326,1740348929,1881646909,1972558922]}]}]}]}]}
