{"reporting_entity_name": "IEC Group_DBA AmeriBen",
	"reporting_entity_type": "Third Party Administrator",
	"plan_name": "WASSERMAN",
	"plan_id_type": "ein",
	"plan_id": "721559402",
	"plan_market_type": "group",
	"last_updated_on": "2025-09-01","Version": "1.0.0","out_of_network":[{"name":"ACUPUNCTURE 1\/> NDLS W\/O ESTIM 1ST 15 MIN","billing_code_type":"CPT","billing_code_type_version":"2020","billing_code":"97810","description":"ACUPUNCTURE 1\/> NDLS W\/O ESTIM 1ST 15 MIN","allowed_amounts":[{"tin":{"type":"ein","value":"161723159"},"service_code":["11"],"billing_class":"professional","payments":[{"allowed_amount":66.96,"billing_code_modifier":[""],"providers":[{"billed_charge":139.99,"npi":[1801136049]},{"billed_charge":150.00,"npi":[1801136049]}]},{"allowed_amount":66.96,"billing_code_modifier":[""],"providers":[{"billed_charge":139.99,"npi":[1801136049]},{"billed_charge":150.00,"npi":[1801136049]}]}]},{"tin":{"type":"ein","value":"161723159"},"service_code":["11"],"billing_class":"professional","payments":[{"allowed_amount":66.96,"billing_code_modifier":[""],"providers":[{"billed_charge":139.99,"npi":[1801136049]},{"billed_charge":150.00,"npi":[1801136049]}]},{"allowed_amount":66.96,"billing_code_modifier":[""],"providers":[{"billed_charge":139.99,"npi":[1801136049]},{"billed_charge":150.00,"npi":[1801136049]}]}]},{"tin":{"type":"ein","value":"571143898"},"service_code":["11"],"billing_class":"professional","payments":[{"allowed_amount":66.96,"billing_code_modifier":[""],"providers":[{"billed_charge":75.00,"npi":[1063767275,1194987446,1467185678,1528130564,1700628724]}]}]},{"tin":{"type":"ein","value":"811897150"},"service_code":["11"],"billing_class":"professional","payments":[{"allowed_amount":66.96,"billing_code_modifier":[""],"providers":[{"billed_charge":79.00,"npi":[1568825305]}]}]},{"tin":{"type":"ein","value":"822578242"},"service_code":["11"],"billing_class":"professional","payments":[{"allowed_amount":66.96,"billing_code_modifier":[""],"providers":[{"billed_charge":300.00,"npi":[1245880343,1679508303]}]}]}]},{"name":"ACUPUNCTURE 1\/> NDLS W\/O ESTIM EACH ADDL 15 MIN","billing_code_type":"CPT","billing_code_type_version":"2020","billing_code":"97811","description":"ACUPUNCTURE 1\/> NDLS W\/O ESTIM EACH ADDL 15 MIN","allowed_amounts":[{"tin":{"type":"ein","value":"571143898"},"service_code":["11"],"billing_class":"professional","payments":[{"allowed_amount":38.33,"billing_code_modifier":[""],"providers":[{"billed_charge":75.00,"npi":[1063767275,1194987446,1467185678,1528130564,1700628724]}]}]},{"tin":{"type":"ein","value":"842310747"},"service_code":["11"],"billing_class":"professional","payments":[{"allowed_amount":38.33,"billing_code_modifier":[""],"providers":[{"billed_charge":150.00,"npi":[1275187577,1649682550]}]}]}]},{"name":"APPL MODALITY 1+ AREAS ESTIM EA 15 MIN","billing_code_type":"CPT","billing_code_type_version":"2020","billing_code":"97032","description":"APPL MODALITY 1+ AREAS ESTIM EA 15 MIN","allowed_amounts":[{"tin":{"type":"ein","value":"991584815"},"service_code":["11"],"billing_class":"professional","payments":[{"allowed_amount":35.00,"billing_code_modifier":[""],"providers":[{"billed_charge":35.00,"npi":[1477984698,1952114720]}]}]}]},{"name":"APPL MODALITY 1+ AREAS ULTRASOUND EA 15 MIN","billing_code_type":"CPT","billing_code_type_version":"2020","billing_code":"97035","description":"APPL MODALITY 1+ AREAS ULTRASOUND EA 15 MIN","allowed_amounts":[{"tin":{"type":"ein","value":"991584815"},"service_code":["11"],"billing_class":"professional","payments":[{"allowed_amount":35.00,"billing_code_modifier":[""],"providers":[{"billed_charge":35.00,"npi":[1477984698,1952114720]}]}]}]},{"name":"APPL MODALITY 1\/> AREAS TRACTION MECHANICAL","billing_code_type":"CPT","billing_code_type_version":"2020","billing_code":"97012","description":"APPL MODALITY 1\/> AREAS TRACTION MECHANICAL","allowed_amounts":[{"tin":{"type":"ein","value":"870716576"},"service_code":["11"],"billing_class":"professional","payments":[{"allowed_amount":45.00,"billing_code_modifier":[""],"providers":[{"billed_charge":50.00,"npi":[1548266646,1619298304]}]}]}]},{"name":"CHIROPRACTIC MANIPLTV TX EXTRASPINAL 1\/> REGION","billing_code_type":"CPT","billing_code_type_version":"2020","billing_code":"98943","description":"CHIROPRACTIC MANIPLTV TX EXTRASPINAL 1\/> REGION","allowed_amounts":[{"tin":{"type":"ein","value":"123626395"},"service_code":["11"],"billing_class":"professional","payments":[{"allowed_amount":37.37,"billing_code_modifier":[""],"providers":[{"billed_charge":90.00,"npi":[1689737215]}]}]},{"tin":{"type":"ein","value":"264347711"},"service_code":["11"],"billing_class":"professional","payments":[{"allowed_amount":37.37,"billing_code_modifier":[""],"providers":[{"billed_charge":150.00,"npi":[1225262785,1821226135]}]}]},{"tin":{"type":"ein","value":"264347711"},"service_code":["11"],"billing_class":"professional","payments":[{"allowed_amount":38.45,"billing_code_modifier":[""],"providers":[{"billed_charge":150.00,"npi":[1225262785,1821226135]}]}]},{"tin":{"type":"ein","value":"811147791"},"service_code":["11"],"billing_class":"professional","payments":[{"allowed_amount":38.45,"billing_code_modifier":[""],"providers":[{"billed_charge":300.00,"npi":[1841745148,1942900683]}]}]},{"tin":{"type":"ein","value":"822578242"},"service_code":["11"],"billing_class":"professional","payments":[{"allowed_amount":37.37,"billing_code_modifier":[""],"providers":[{"billed_charge":301.00,"npi":[1629379979,1679508303]}]}]},{"tin":{"type":"ein","value":"822578242"},"service_code":["11"],"billing_class":"professional","payments":[{"allowed_amount":38.45,"billing_code_modifier":[""],"providers":[{"billed_charge":301.00,"npi":[1629379979,1679508303]}]}]},{"tin":{"type":"ein","value":"861191690"},"service_code":["11"],"billing_class":"professional","payments":[{"allowed_amount":37.37,"billing_code_modifier":[""],"providers":[{"billed_charge":200.00,"npi":[1851065130,1891383949]}]}]}]},{"name":"CHIROPRACTIC MANIPULATIVE TX SPINAL 1-2 REGIONS","billing_code_type":"CPT","billing_code_type_version":"2020","billing_code":"98940","description":"CHIROPRACTIC MANIPULATIVE TX SPINAL 1-2 REGIONS","allowed_amounts":[{"tin":{"type":"ein","value":"134195673"},"service_code":["11"],"billing_class":"professional","payments":[{"allowed_amount":39.78,"billing_code_modifier":[""],"providers":[{"billed_charge":175.00,"npi":[1104049493]}]}]},{"tin":{"type":"ein","value":"264347711"},"service_code":["11"],"billing_class":"professional","payments":[{"allowed_amount":39.78,"billing_code_modifier":[""],"providers":[{"billed_charge":200.00,"npi":[1225262785,1821226135]}]}]}]},{"name":"CHIROPRACTIC MANIPULATIVE TX SPINAL 3-4 REGIONS","billing_code_type":"CPT","billing_code_type_version":"2020","billing_code":"98941","description":"CHIROPRACTIC MANIPULATIVE TX SPINAL 3-4 REGIONS","allowed_amounts":[{"tin":{"type":"ein","value":"123626395"},"service_code":["11"],"billing_class":"professional","payments":[{"allowed_amount":57.74,"billing_code_modifier":[""],"providers":[{"billed_charge":150.00,"npi":[1689737215]}]}]},{"tin":{"type":"ein","value":"264347711"},"service_code":["11"],"billing_class":"professional","payments":[{"allowed_amount":57.74,"billing_code_modifier":[""],"providers":[{"billed_charge":250.00,"npi":[1225262785,1821226135]}]}]},{"tin":{"type":"ein","value":"264347711"},"service_code":["11"],"billing_class":"professional","payments":[{"allowed_amount":58.92,"billing_code_modifier":[""],"providers":[{"billed_charge":250.00,"npi":[1225262785,1821226135]}]}]},{"tin":{"type":"ein","value":"822578242"},"service_code":["11"],"billing_class":"professional","payments":[{"allowed_amount":57.74,"billing_code_modifier":[""],"providers":[{"billed_charge":301.00,"npi":[1629379979,1679508303]}]}]},{"tin":{"type":"ein","value":"822578242"},"service_code":["11"],"billing_class":"professional","payments":[{"allowed_amount":58.92,"billing_code_modifier":[""],"providers":[{"billed_charge":301.00,"npi":[1629379979,1679508303]}]}]},{"tin":{"type":"ein","value":"861191690"},"service_code":["11"],"billing_class":"professional","payments":[{"allowed_amount":57.74,"billing_code_modifier":[""],"providers":[{"billed_charge":200.00,"npi":[1851065130,1891383949]}]}]},{"tin":{"type":"ein","value":"870716576"},"service_code":["11"],"billing_class":"professional","payments":[{"allowed_amount":75.00,"billing_code_modifier":[""],"providers":[{"billed_charge":95.00,"npi":[1548266646,1619298304]}]}]},{"tin":{"type":"ein","value":"872191244"},"service_code":["11"],"billing_class":"professional","payments":[{"allowed_amount":75.00,"billing_code_modifier":[""],"providers":[{"billed_charge":145.00,"npi":[1235169483]}]}]}]},{"name":"MANUAL THERAPY TQS 1\/> REGIONS EACH 15 MINUTES","billing_code_type":"CPT","billing_code_type_version":"2020","billing_code":"97140","description":"MANUAL THERAPY TQS 1\/> REGIONS EACH 15 MINUTES","allowed_amounts":[{"tin":{"type":"ein","value":"043505907"},"service_code":["11"],"billing_class":"professional","payments":[{"allowed_amount":40.76,"billing_code_modifier":[""],"providers":[{"billed_charge":80.00,"npi":[1477099000]}]}]},{"tin":{"type":"ein","value":"133415222"},"service_code":["11"],"billing_class":"professional","payments":[{"allowed_amount":40.44,"billing_code_modifier":[""],"providers":[{"billed_charge":58.75,"npi":[1063684629,1427151976]}]}]},{"tin":{"type":"ein","value":"133415222"},"service_code":["11"],"billing_class":"professional","payments":[{"allowed_amount":40.76,"billing_code_modifier":[""],"providers":[{"billed_charge":58.75,"npi":[1063684629,1427151976]}]}]},{"tin":{"type":"ein","value":"262528570"},"service_code":["11"],"billing_class":"professional","payments":[{"allowed_amount":40.76,"billing_code_modifier":[""],"providers":[{"billed_charge":150.00,"npi":[1457517559,1801835178,1831358944]}]}]},{"tin":{"type":"ein","value":"264347711"},"service_code":["11"],"billing_class":"professional","payments":[{"allowed_amount":40.44,"billing_code_modifier":[""],"providers":[{"billed_charge":150.00,"npi":[1225262785,1770864357,1821226135]},{"billed_charge":200.00,"npi":[1225262785,1821226135]}]},{"allowed_amount":40.44,"billing_code_modifier":[""],"providers":[{"billed_charge":150.00,"npi":[1225262785,1770864357,1821226135]},{"billed_charge":200.00,"npi":[1225262785,1821226135]}]}]},{"tin":{"type":"ein","value":"264347711"},"service_code":["11"],"billing_class":"professional","payments":[{"allowed_amount":40.44,"billing_code_modifier":[""],"providers":[{"billed_charge":150.00,"npi":[1225262785,1770864357,1821226135]},{"billed_charge":200.00,"npi":[1225262785,1821226135]}]},{"allowed_amount":40.44,"billing_code_modifier":[""],"providers":[{"billed_charge":150.00,"npi":[1225262785,1770864357,1821226135]},{"billed_charge":200.00,"npi":[1225262785,1821226135]}]}]},{"tin":{"type":"ein","value":"264347711"},"service_code":["11"],"billing_class":"professional","payments":[{"allowed_amount":40.76,"billing_code_modifier":[""],"providers":[{"billed_charge":200.00,"npi":[1225262785,1821226135]}]}]},{"tin":{"type":"ein","value":"861191690"},"service_code":["11"],"billing_class":"professional","payments":[{"allowed_amount":40.76,"billing_code_modifier":[""],"providers":[{"billed_charge":150.00,"npi":[1851065130,1891383949]}]}]},{"tin":{"type":"ein","value":"870716576"},"service_code":["11"],"billing_class":"professional","payments":[{"allowed_amount":100.00,"billing_code_modifier":[""],"providers":[{"billed_charge":100.00,"npi":[1548266646,1619298304]}]}]},{"tin":{"type":"ein","value":"872191244"},"service_code":["11"],"billing_class":"professional","payments":[{"allowed_amount":57.00,"billing_code_modifier":[""],"providers":[{"billed_charge":80.00,"npi":[1235169483]}]}]},{"tin":{"type":"ein","value":"881957018"},"service_code":["11"],"billing_class":"professional","payments":[{"allowed_amount":40.76,"billing_code_modifier":[""],"providers":[{"billed_charge":180.00,"npi":[1699542639,1851660120]}]}]},{"tin":{"type":"ein","value":"991584815"},"service_code":["11"],"billing_class":"professional","payments":[{"allowed_amount":60.00,"billing_code_modifier":[""],"providers":[{"billed_charge":95.00,"npi":[1477984698,1952114720]}]}]}]},{"name":"PSYCHOTHERAPY W\/PATIENT 45 MINUTES","billing_code_type":"CPT","billing_code_type_version":"2020","billing_code":"90834","description":"PSYCHOTHERAPY W\/PATIENT 45 MINUTES","allowed_amounts":[{"tin":{"type":"ein","value":"061740360"},"service_code":["11"],"billing_class":"professional","payments":[{"allowed_amount":251.24,"billing_code_modifier":[""],"providers":[{"billed_charge":325.00,"npi":[1629381561]}]}]},{"tin":{"type":"ein","value":"103525633"},"service_code":["11"],"billing_class":"professional","payments":[{"allowed_amount":154.79,"billing_code_modifier":[""],"providers":[{"billed_charge":200.00,"npi":[1467520510]}]}]},{"tin":{"type":"ein","value":"117548087"},"service_code":["10"],"billing_class":"professional","payments":[{"allowed_amount":154.79,"billing_code_modifier":[""],"providers":[{"billed_charge":200.00,"npi":[1881829471]}]}]},{"tin":{"type":"ein","value":"117548087"},"service_code":["10"],"billing_class":"professional","payments":[{"allowed_amount":156.24,"billing_code_modifier":[""],"providers":[{"billed_charge":200.00,"npi":[1881829471]}]}]},{"tin":{"type":"ein","value":"133555328"},"service_code":["02"],"billing_class":"professional","payments":[{"allowed_amount":0.00,"billing_code_modifier":[""],"providers":[{"billed_charge":105.00,"npi":[1790102523]}]}]},{"tin":{"type":"ein","value":"201104895"},"service_code":["02"],"billing_class":"professional","payments":[{"allowed_amount":154.79,"billing_code_modifier":[""],"providers":[{"billed_charge":250.00,"npi":[1528211513]}]}]},{"tin":{"type":"ein","value":"208587001"},"service_code":["02","10"],"billing_class":"professional","payments":[{"allowed_amount":0.00,"billing_code_modifier":[""],"providers":[{"billed_charge":225.00,"npi":[1063636124]}]}]},{"tin":{"type":"ein","value":"208587001"},"service_code":["11","12"],"billing_class":"professional","payments":[{"allowed_amount":154.79,"billing_code_modifier":[""],"providers":[{"billed_charge":225.00,"npi":[1063636124]}]}]},{"tin":{"type":"ein","value":"264195219"},"service_code":["02"],"billing_class":"professional","payments":[{"allowed_amount":251.24,"billing_code_modifier":[""],"providers":[{"billed_charge":310.00,"npi":[1750749644]}]}]},{"tin":{"type":"ein","value":"474383444"},"service_code":["02"],"billing_class":"professional","payments":[{"allowed_amount":251.24,"billing_code_modifier":[""],"providers":[{"billed_charge":275.00,"npi":[1063540748]}]}]},{"tin":{"type":"ein","value":"510461430"},"service_code":["11"],"billing_class":"professional","payments":[{"allowed_amount":0.00,"billing_code_modifier":[""],"providers":[{"billed_charge":1750.00,"npi":[1639420078]}]}]},{"tin":{"type":"ein","value":"510461430"},"service_code":["11"],"billing_class":"professional","payments":[{"allowed_amount":226.12,"billing_code_modifier":[""],"providers":[{"billed_charge":350.00,"npi":[1639420078]}]}]},{"tin":{"type":"ein","value":"557726048"},"service_code":["11"],"billing_class":"professional","payments":[{"allowed_amount":156.24,"billing_code_modifier":[""],"providers":[{"billed_charge":225.00,"npi":[1992135677]}]}]},{"tin":{"type":"ein","value":"571333402"},"service_code":["11"],"billing_class":"professional","payments":[{"allowed_amount":226.12,"billing_code_modifier":[""],"providers":[{"billed_charge":300.00,"npi":[1841508389]}]}]},{"tin":{"type":"ein","value":"813860169"},"service_code":["02","11"],"billing_class":"professional","payments":[{"allowed_amount":156.24,"billing_code_modifier":[""],"providers":[{"billed_charge":375.00,"npi":[1528589223]}]}]},{"tin":{"type":"ein","value":"824048773"},"service_code":["02"],"billing_class":"professional","payments":[{"allowed_amount":250.00,"billing_code_modifier":[""],"providers":[{"billed_charge":250.00,"npi":[1396220752,1619300886]}]}]},{"tin":{"type":"ein","value":"831097684"},"service_code":["10"],"billing_class":"professional","payments":[{"allowed_amount":250.00,"billing_code_modifier":[""],"providers":[{"billed_charge":250.00,"npi":[1134714124]}]}]},{"tin":{"type":"ein","value":"831129484"},"service_code":["11"],"billing_class":"professional","payments":[{"allowed_amount":251.24,"billing_code_modifier":[""],"providers":[{"billed_charge":275.00,"npi":[1346624244]}]}]},{"tin":{"type":"ein","value":"861514634"},"service_code":["11"],"billing_class":"professional","payments":[{"allowed_amount":250.00,"billing_code_modifier":[""],"providers":[{"billed_charge":250.00,"npi":[1598136392]}]}]},{"tin":{"type":"ein","value":"871564573"},"service_code":["11"],"billing_class":"professional","payments":[{"allowed_amount":154.79,"billing_code_modifier":[""],"providers":[{"billed_charge":180.00,"npi":[1518631274]}]}]},{"tin":{"type":"ein","value":"920421758"},"service_code":["02"],"billing_class":"professional","payments":[{"allowed_amount":154.79,"billing_code_modifier":[""],"providers":[{"billed_charge":200.00,"npi":[1477889426]}]}]},{"tin":{"type":"ein","value":"921539594"},"service_code":["02"],"billing_class":"professional","payments":[{"allowed_amount":0.00,"billing_code_modifier":[""],"providers":[{"billed_charge":250.00,"npi":[1083320733,1457827974]}]}]},{"tin":{"type":"ein","value":"921539594"},"service_code":["11"],"billing_class":"professional","payments":[{"allowed_amount":154.79,"billing_code_modifier":[""],"providers":[{"billed_charge":250.00,"npi":[1083320733,1386409878,1457827974]}]}]},{"tin":{"type":"ein","value":"921539594"},"service_code":["11"],"billing_class":"professional","payments":[{"allowed_amount":156.24,"billing_code_modifier":[""],"providers":[{"billed_charge":250.00,"npi":[1083320733,1386409878,1457827974]}]}]},{"tin":{"type":"ein","value":"922466724"},"service_code":["02"],"billing_class":"professional","payments":[{"allowed_amount":154.79,"billing_code_modifier":[""],"providers":[{"billed_charge":375.00,"npi":[1124727615,1588080345]}]}]},{"tin":{"type":"ein","value":"922466724"},"service_code":["02"],"billing_class":"professional","payments":[{"allowed_amount":156.24,"billing_code_modifier":[""],"providers":[{"billed_charge":375.00,"npi":[1124727615,1588080345]}]}]},{"tin":{"type":"ein","value":"953751025"},"service_code":["11"],"billing_class":"professional","payments":[{"allowed_amount":251.24,"billing_code_modifier":[""],"providers":[{"billed_charge":425.00,"npi":[1679666283]}]}]}]},{"name":"PSYCHOTHERAPY W\/PATIENT 60 MINUTES","billing_code_type":"CPT","billing_code_type_version":"2020","billing_code":"90837","description":"PSYCHOTHERAPY W\/PATIENT 60 MINUTES","allowed_amounts":[{"tin":{"type":"ein","value":"262738690"},"service_code":["11"],"billing_class":"professional","payments":[{"allowed_amount":305.60,"billing_code_modifier":[""],"providers":[{"billed_charge":450.00,"npi":[1093033565]}]}]},{"tin":{"type":"ein","value":"475284396"},"service_code":["10"],"billing_class":"professional","payments":[{"allowed_amount":156.10,"billing_code_modifier":[""],"providers":[{"billed_charge":175.00,"npi":[1083085989,1700265246]}]}]},{"tin":{"type":"ein","value":"559294907"},"service_code":["11"],"billing_class":"professional","payments":[{"allowed_amount":229.20,"billing_code_modifier":[""],"providers":[{"billed_charge":250.00,"npi":[1053494161]}]}]},{"tin":{"type":"ein","value":"559294907"},"service_code":["11"],"billing_class":"professional","payments":[{"allowed_amount":229.20,"billing_code_modifier":[""],"providers":[{"billed_charge":250.00,"npi":[1053494161]}]}]},{"tin":{"type":"ein","value":"850790118"},"service_code":["11"],"billing_class":"professional","payments":[{"allowed_amount":231.44,"billing_code_modifier":[""],"providers":[{"billed_charge":400.00,"npi":[1639703481,1942685805]}]}]},{"tin":{"type":"ein","value":"872835013"},"service_code":["02","10"],"billing_class":"professional","payments":[{"allowed_amount":110.00,"billing_code_modifier":[""],"providers":[{"billed_charge":110.00,"npi":[1467220988,1699489005,1952089641]}]}]},{"tin":{"type":"ein","value":"921539594"},"service_code":["11"],"billing_class":"professional","payments":[{"allowed_amount":231.44,"billing_code_modifier":[""],"providers":[{"billed_charge":300.00,"npi":[1083320733,1184233793]}]}]},{"tin":{"type":"ein","value":"954287715"},"service_code":["11"],"billing_class":"professional","payments":[{"allowed_amount":229.20,"billing_code_modifier":[""],"providers":[{"billed_charge":400.00,"npi":[1326439126]}]}]},{"tin":{"type":"ein","value":"990405751"},"service_code":["11"],"billing_class":"professional","payments":[{"allowed_amount":229.20,"billing_code_modifier":[""],"providers":[{"billed_charge":250.00,"npi":[1306337092]}]}]}]},{"name":"SELF-CARE\/HOME MGMT TRAINING EACH 15 MINUTES","billing_code_type":"CPT","billing_code_type_version":"2020","billing_code":"97535","description":"SELF-CARE\/HOME MGMT TRAINING EACH 15 MINUTES","allowed_amounts":[{"tin":{"type":"ein","value":"465475066"},"service_code":["11"],"billing_class":"professional","payments":[{"allowed_amount":75.00,"billing_code_modifier":[""],"providers":[{"billed_charge":75.00,"npi":[1699403667,1972916609,1982900015]}]}]}]},{"name":"THER PX 1\/> AREAS EACH 15 MIN NEUROMUSC REEDUCA","billing_code_type":"CPT","billing_code_type_version":"2020","billing_code":"97112","description":"THER PX 1\/> AREAS EACH 15 MIN NEUROMUSC REEDUCA","allowed_amounts":[{"tin":{"type":"ein","value":"133415222"},"service_code":["11"],"billing_class":"professional","payments":[{"allowed_amount":50.43,"billing_code_modifier":[""],"providers":[{"billed_charge":58.75,"npi":[1063684629,1427151976]}]}]},{"tin":{"type":"ein","value":"264347711"},"service_code":["11"],"billing_class":"professional","payments":[{"allowed_amount":50.43,"billing_code_modifier":[""],"providers":[{"billed_charge":150.00,"npi":[1225262785,1770864357]}]}]},{"tin":{"type":"ein","value":"465475066"},"service_code":["11"],"billing_class":"professional","payments":[{"allowed_amount":51.79,"billing_code_modifier":[""],"providers":[{"billed_charge":75.00,"npi":[1699403667,1972916609,1982900015]}]}]},{"tin":{"type":"ein","value":"811147791"},"service_code":["11"],"billing_class":"professional","payments":[{"allowed_amount":50.43,"billing_code_modifier":[""],"providers":[{"billed_charge":275.00,"npi":[1841745148,1942900683]}]}]},{"tin":{"type":"ein","value":"991584815"},"service_code":["11"],"billing_class":"professional","payments":[{"allowed_amount":52.98,"billing_code_modifier":[""],"providers":[{"billed_charge":70.00,"npi":[1477984698,1952114720]}]}]}]},{"name":"THERAPEUT ACTVITY DIRECT PT CONTACT EACH 15 MIN","billing_code_type":"CPT","billing_code_type_version":"2020","billing_code":"97530","description":"THERAPEUT ACTVITY DIRECT PT CONTACT EACH 15 MIN","allowed_amounts":[{"tin":{"type":"ein","value":"991584815"},"service_code":["11"],"billing_class":"professional","payments":[{"allowed_amount":58.00,"billing_code_modifier":[""],"providers":[{"billed_charge":70.00,"npi":[1477984698,1952114720]}]}]}]},{"name":"THERAPEUTIC PX 1\/> AREAS EACH 15 MIN EXERCISES","billing_code_type":"CPT","billing_code_type_version":"2020","billing_code":"97110","description":"THERAPEUTIC PX 1\/> AREAS EACH 15 MIN EXERCISES","allowed_amounts":[{"tin":{"type":"ein","value":"043505907"},"service_code":["11"],"billing_class":"professional","payments":[{"allowed_amount":43.19,"billing_code_modifier":[""],"providers":[{"billed_charge":80.00,"npi":[1477099000]}]}]},{"tin":{"type":"ein","value":"123626395"},"service_code":["11"],"billing_class":"professional","payments":[{"allowed_amount":43.19,"billing_code_modifier":[""],"providers":[{"billed_charge":75.00,"npi":[1689737215]}]}]},{"tin":{"type":"ein","value":"133415222"},"service_code":["11"],"billing_class":"professional","payments":[{"allowed_amount":43.19,"billing_code_modifier":[""],"providers":[{"billed_charge":58.75,"npi":[1063684629,1427151976]}]}]},{"tin":{"type":"ein","value":"133415222"},"service_code":["11"],"billing_class":"professional","payments":[{"allowed_amount":43.94,"billing_code_modifier":[""],"providers":[{"billed_charge":58.75,"npi":[1063684629,1427151976]}]}]},{"tin":{"type":"ein","value":"134195673"},"service_code":["11"],"billing_class":"professional","payments":[{"allowed_amount":43.19,"billing_code_modifier":[""],"providers":[{"billed_charge":175.00,"npi":[1104049493]}]}]},{"tin":{"type":"ein","value":"134195673"},"service_code":["11"],"billing_class":"professional","payments":[{"allowed_amount":43.94,"billing_code_modifier":[""],"providers":[{"billed_charge":175.00,"npi":[1104049493]}]}]},{"tin":{"type":"ein","value":"262528570"},"service_code":["11"],"billing_class":"professional","payments":[{"allowed_amount":43.19,"billing_code_modifier":[""],"providers":[{"billed_charge":150.00,"npi":[1457517559,1801835178,1831358944]}]}]},{"tin":{"type":"ein","value":"264347711"},"service_code":["11"],"billing_class":"professional","payments":[{"allowed_amount":43.19,"billing_code_modifier":[""],"providers":[{"billed_charge":150.00,"npi":[1225262785,1821226135]}]}]},{"tin":{"type":"ein","value":"264347711"},"service_code":["11"],"billing_class":"professional","payments":[{"allowed_amount":43.94,"billing_code_modifier":[""],"providers":[{"billed_charge":150.00,"npi":[1225262785,1821226135]}]}]},{"tin":{"type":"ein","value":"264347711"},"service_code":["11"],"billing_class":"professional","payments":[{"allowed_amount":87.88,"billing_code_modifier":[""],"providers":[{"billed_charge":300.00,"npi":[1225262785,1770864357]}]}]},{"tin":{"type":"ein","value":"465475066"},"service_code":["11"],"billing_class":"professional","payments":[{"allowed_amount":60.00,"billing_code_modifier":[""],"providers":[{"billed_charge":75.00,"npi":[1699403667,1972916609,1982900015]}]}]},{"tin":{"type":"ein","value":"811147791"},"service_code":["11"],"billing_class":"professional","payments":[{"allowed_amount":43.94,"billing_code_modifier":[""],"providers":[{"billed_charge":275.00,"npi":[1841745148,1942900683]}]}]},{"tin":{"type":"ein","value":"822578242"},"service_code":["11"],"billing_class":"professional","payments":[{"allowed_amount":87.88,"billing_code_modifier":[""],"providers":[{"billed_charge":600.00,"npi":[1629379979,1679508303]}]}]},{"tin":{"type":"ein","value":"824159533"},"service_code":["11"],"billing_class":"professional","payments":[{"allowed_amount":43.19,"billing_code_modifier":[""],"providers":[{"billed_charge":200.00,"npi":[1801459060,1952540536]}]}]},{"tin":{"type":"ein","value":"843656783"},"service_code":["11"],"billing_class":"professional","payments":[{"allowed_amount":87.88,"billing_code_modifier":[""],"providers":[{"billed_charge":300.00,"npi":[1043859713,1831384429,1972267276]}]}]},{"tin":{"type":"ein","value":"881957018"},"service_code":["11"],"billing_class":"professional","payments":[{"allowed_amount":43.19,"billing_code_modifier":[""],"providers":[{"billed_charge":180.00,"npi":[1699542639,1851660120]}]}]},{"tin":{"type":"ein","value":"991584815"},"service_code":["11"],"billing_class":"professional","payments":[{"allowed_amount":120.00,"billing_code_modifier":[""],"providers":[{"billed_charge":170.00,"npi":[1477984698,1952114720]}]}]}]},{"name":"TX SPEECH LANG VOICE COMMJ&\/AUD PROC DO INDIV","billing_code_type":"CPT","billing_code_type_version":"2020","billing_code":"92507","description":"TX SPEECH LANG VOICE COMMJ&\/AUD PROC DO INDIV","allowed_amounts":[{"tin":{"type":"ein","value":"076408936"},"service_code":["11"],"billing_class":"professional","payments":[{"allowed_amount":100.00,"billing_code_modifier":[""],"providers":[{"billed_charge":100.00,"npi":[1396149050]}]}]}]}]}
