{"reporting_entity_name": "IEC Group_DBA AmeriBen",
	"reporting_entity_type": "Third Party Administrator",
	"plan_name": "CONCORD HOSPITAL",
	"plan_id_type": "ein",
	"plan_id": "222594672",
	"plan_market_type": "group",
	"last_updated_on": "2025-09-01","Version": "1.0.0","out_of_network":[{"name":"HOME HEALTH AIDE OR CERTIFIE","billing_code_type":"HCPCS","billing_code_type_version":"HCPCS LEVEL II 2021","billing_code":"S9122","description":"HOME HEALTH AIDE OR CERTIFIE","allowed_amounts":[{"tin":{"type":"ein","value":"043256116"},"service_code":["12"],"billing_class":"professional","payments":[{"allowed_amount":795.84,"billing_code_modifier":[""],"providers":[{"billed_charge":1326.40,"npi":[1790913028,1972640407]}]}]}]}]}
