{"reporting_entity_name": "IEC Group_DBA AmeriBen",
	"reporting_entity_type": "Third Party Administrator",
	"plan_name": "FC COMPASSUS LLC",
	"plan_id_type": "ein",
	"plan_id": "843139096",
	"plan_market_type": "group",
	"last_updated_on": "2023-11-01","Version": "1.0.0","out_of_network":[{"name":"LABORATORY - CLINICAL DIAGNOSTIC","billing_code_type":"RC","billing_code_type_version":"UB04","billing_code":"0300","description":"LABORATORY - CLINICAL DIAGNOSTIC","allowed_amounts":[{"tin":{"type":"ein","value":"371844725"},"service_code":["23"],"billing_class":"institutional","payments":[{"allowed_amount":0.00,"billing_code_modifier":[""],"providers":[{"billed_charge":51.50,"npi":[1962938191]},{"billed_charge":193.31,"npi":[1962938191]},{"billed_charge":211.15,"npi":[1962938191]},{"billed_charge":260.00,"npi":[1962938191]},{"billed_charge":313.00,"npi":[1962938191]},{"billed_charge":326.11,"npi":[1962938191]}]},{"allowed_amount":0.00,"billing_code_modifier":[""],"providers":[{"billed_charge":51.50,"npi":[1962938191]},{"billed_charge":193.31,"npi":[1962938191]},{"billed_charge":211.15,"npi":[1962938191]},{"billed_charge":260.00,"npi":[1962938191]},{"billed_charge":313.00,"npi":[1962938191]},{"billed_charge":326.11,"npi":[1962938191]}]},{"allowed_amount":0.00,"billing_code_modifier":[""],"providers":[{"billed_charge":51.50,"npi":[1962938191]},{"billed_charge":193.31,"npi":[1962938191]},{"billed_charge":211.15,"npi":[1962938191]},{"billed_charge":260.00,"npi":[1962938191]},{"billed_charge":313.00,"npi":[1962938191]},{"billed_charge":326.11,"npi":[1962938191]}]},{"allowed_amount":0.00,"billing_code_modifier":[""],"providers":[{"billed_charge":51.50,"npi":[1962938191]},{"billed_charge":193.31,"npi":[1962938191]},{"billed_charge":211.15,"npi":[1962938191]},{"billed_charge":260.00,"npi":[1962938191]},{"billed_charge":313.00,"npi":[1962938191]},{"billed_charge":326.11,"npi":[1962938191]}]},{"allowed_amount":0.00,"billing_code_modifier":[""],"providers":[{"billed_charge":51.50,"npi":[1962938191]},{"billed_charge":193.31,"npi":[1962938191]},{"billed_charge":211.15,"npi":[1962938191]},{"billed_charge":260.00,"npi":[1962938191]},{"billed_charge":313.00,"npi":[1962938191]},{"billed_charge":326.11,"npi":[1962938191]}]},{"allowed_amount":0.00,"billing_code_modifier":[""],"providers":[{"billed_charge":51.50,"npi":[1962938191]},{"billed_charge":193.31,"npi":[1962938191]},{"billed_charge":211.15,"npi":[1962938191]},{"billed_charge":260.00,"npi":[1962938191]},{"billed_charge":313.00,"npi":[1962938191]},{"billed_charge":326.11,"npi":[1962938191]}]}]},{"tin":{"type":"ein","value":"371844725"},"service_code":["23"],"billing_class":"institutional","payments":[{"allowed_amount":0.00,"billing_code_modifier":[""],"providers":[{"billed_charge":51.50,"npi":[1962938191]},{"billed_charge":193.31,"npi":[1962938191]},{"billed_charge":211.15,"npi":[1962938191]},{"billed_charge":260.00,"npi":[1962938191]},{"billed_charge":313.00,"npi":[1962938191]},{"billed_charge":326.11,"npi":[1962938191]}]},{"allowed_amount":0.00,"billing_code_modifier":[""],"providers":[{"billed_charge":51.50,"npi":[1962938191]},{"billed_charge":193.31,"npi":[1962938191]},{"billed_charge":211.15,"npi":[1962938191]},{"billed_charge":260.00,"npi":[1962938191]},{"billed_charge":313.00,"npi":[1962938191]},{"billed_charge":326.11,"npi":[1962938191]}]},{"allowed_amount":0.00,"billing_code_modifier":[""],"providers":[{"billed_charge":51.50,"npi":[1962938191]},{"billed_charge":193.31,"npi":[1962938191]},{"billed_charge":211.15,"npi":[1962938191]},{"billed_charge":260.00,"npi":[1962938191]},{"billed_charge":313.00,"npi":[1962938191]},{"billed_charge":326.11,"npi":[1962938191]}]},{"allowed_amount":0.00,"billing_code_modifier":[""],"providers":[{"billed_charge":51.50,"npi":[1962938191]},{"billed_charge":193.31,"npi":[1962938191]},{"billed_charge":211.15,"npi":[1962938191]},{"billed_charge":260.00,"npi":[1962938191]},{"billed_charge":313.00,"npi":[1962938191]},{"billed_charge":326.11,"npi":[1962938191]}]},{"allowed_amount":0.00,"billing_code_modifier":[""],"providers":[{"billed_charge":51.50,"npi":[1962938191]},{"billed_charge":193.31,"npi":[1962938191]},{"billed_charge":211.15,"npi":[1962938191]},{"billed_charge":260.00,"npi":[1962938191]},{"billed_charge":313.00,"npi":[1962938191]},{"billed_charge":326.11,"npi":[1962938191]}]},{"allowed_amount":0.00,"billing_code_modifier":[""],"providers":[{"billed_charge":51.50,"npi":[1962938191]},{"billed_charge":193.31,"npi":[1962938191]},{"billed_charge":211.15,"npi":[1962938191]},{"billed_charge":260.00,"npi":[1962938191]},{"billed_charge":313.00,"npi":[1962938191]},{"billed_charge":326.11,"npi":[1962938191]}]}]},{"tin":{"type":"ein","value":"371844725"},"service_code":["23"],"billing_class":"institutional","payments":[{"allowed_amount":0.00,"billing_code_modifier":[""],"providers":[{"billed_charge":51.50,"npi":[1962938191]},{"billed_charge":193.31,"npi":[1962938191]},{"billed_charge":211.15,"npi":[1962938191]},{"billed_charge":260.00,"npi":[1962938191]},{"billed_charge":313.00,"npi":[1962938191]},{"billed_charge":326.11,"npi":[1962938191]}]},{"allowed_amount":0.00,"billing_code_modifier":[""],"providers":[{"billed_charge":51.50,"npi":[1962938191]},{"billed_charge":193.31,"npi":[1962938191]},{"billed_charge":211.15,"npi":[1962938191]},{"billed_charge":260.00,"npi":[1962938191]},{"billed_charge":313.00,"npi":[1962938191]},{"billed_charge":326.11,"npi":[1962938191]}]},{"allowed_amount":0.00,"billing_code_modifier":[""],"providers":[{"billed_charge":51.50,"npi":[1962938191]},{"billed_charge":193.31,"npi":[1962938191]},{"billed_charge":211.15,"npi":[1962938191]},{"billed_charge":260.00,"npi":[1962938191]},{"billed_charge":313.00,"npi":[1962938191]},{"billed_charge":326.11,"npi":[1962938191]}]},{"allowed_amount":0.00,"billing_code_modifier":[""],"providers":[{"billed_charge":51.50,"npi":[1962938191]},{"billed_charge":193.31,"npi":[1962938191]},{"billed_charge":211.15,"npi":[1962938191]},{"billed_charge":260.00,"npi":[1962938191]},{"billed_charge":313.00,"npi":[1962938191]},{"billed_charge":326.11,"npi":[1962938191]}]},{"allowed_amount":0.00,"billing_code_modifier":[""],"providers":[{"billed_charge":51.50,"npi":[1962938191]},{"billed_charge":193.31,"npi":[1962938191]},{"billed_charge":211.15,"npi":[1962938191]},{"billed_charge":260.00,"npi":[1962938191]},{"billed_charge":313.00,"npi":[1962938191]},{"billed_charge":326.11,"npi":[1962938191]}]},{"allowed_amount":0.00,"billing_code_modifier":[""],"providers":[{"billed_charge":51.50,"npi":[1962938191]},{"billed_charge":193.31,"npi":[1962938191]},{"billed_charge":211.15,"npi":[1962938191]},{"billed_charge":260.00,"npi":[1962938191]},{"billed_charge":313.00,"npi":[1962938191]},{"billed_charge":326.11,"npi":[1962938191]}]}]},{"tin":{"type":"ein","value":"371844725"},"service_code":["23"],"billing_class":"institutional","payments":[{"allowed_amount":0.00,"billing_code_modifier":[""],"providers":[{"billed_charge":51.50,"npi":[1962938191]},{"billed_charge":193.31,"npi":[1962938191]},{"billed_charge":211.15,"npi":[1962938191]},{"billed_charge":260.00,"npi":[1962938191]},{"billed_charge":313.00,"npi":[1962938191]},{"billed_charge":326.11,"npi":[1962938191]}]},{"allowed_amount":0.00,"billing_code_modifier":[""],"providers":[{"billed_charge":51.50,"npi":[1962938191]},{"billed_charge":193.31,"npi":[1962938191]},{"billed_charge":211.15,"npi":[1962938191]},{"billed_charge":260.00,"npi":[1962938191]},{"billed_charge":313.00,"npi":[1962938191]},{"billed_charge":326.11,"npi":[1962938191]}]},{"allowed_amount":0.00,"billing_code_modifier":[""],"providers":[{"billed_charge":51.50,"npi":[1962938191]},{"billed_charge":193.31,"npi":[1962938191]},{"billed_charge":211.15,"npi":[1962938191]},{"billed_charge":260.00,"npi":[1962938191]},{"billed_charge":313.00,"npi":[1962938191]},{"billed_charge":326.11,"npi":[1962938191]}]},{"allowed_amount":0.00,"billing_code_modifier":[""],"providers":[{"billed_charge":51.50,"npi":[1962938191]},{"billed_charge":193.31,"npi":[1962938191]},{"billed_charge":211.15,"npi":[1962938191]},{"billed_charge":260.00,"npi":[1962938191]},{"billed_charge":313.00,"npi":[1962938191]},{"billed_charge":326.11,"npi":[1962938191]}]},{"allowed_amount":0.00,"billing_code_modifier":[""],"providers":[{"billed_charge":51.50,"npi":[1962938191]},{"billed_charge":193.31,"npi":[1962938191]},{"billed_charge":211.15,"npi":[1962938191]},{"billed_charge":260.00,"npi":[1962938191]},{"billed_charge":313.00,"npi":[1962938191]},{"billed_charge":326.11,"npi":[1962938191]}]},{"allowed_amount":0.00,"billing_code_modifier":[""],"providers":[{"billed_charge":51.50,"npi":[1962938191]},{"billed_charge":193.31,"npi":[1962938191]},{"billed_charge":211.15,"npi":[1962938191]},{"billed_charge":260.00,"npi":[1962938191]},{"billed_charge":313.00,"npi":[1962938191]},{"billed_charge":326.11,"npi":[1962938191]}]}]},{"tin":{"type":"ein","value":"371844725"},"service_code":["23"],"billing_class":"institutional","payments":[{"allowed_amount":0.00,"billing_code_modifier":[""],"providers":[{"billed_charge":51.50,"npi":[1962938191]},{"billed_charge":193.31,"npi":[1962938191]},{"billed_charge":211.15,"npi":[1962938191]},{"billed_charge":260.00,"npi":[1962938191]},{"billed_charge":313.00,"npi":[1962938191]},{"billed_charge":326.11,"npi":[1962938191]}]},{"allowed_amount":0.00,"billing_code_modifier":[""],"providers":[{"billed_charge":51.50,"npi":[1962938191]},{"billed_charge":193.31,"npi":[1962938191]},{"billed_charge":211.15,"npi":[1962938191]},{"billed_charge":260.00,"npi":[1962938191]},{"billed_charge":313.00,"npi":[1962938191]},{"billed_charge":326.11,"npi":[1962938191]}]},{"allowed_amount":0.00,"billing_code_modifier":[""],"providers":[{"billed_charge":51.50,"npi":[1962938191]},{"billed_charge":193.31,"npi":[1962938191]},{"billed_charge":211.15,"npi":[1962938191]},{"billed_charge":260.00,"npi":[1962938191]},{"billed_charge":313.00,"npi":[1962938191]},{"billed_charge":326.11,"npi":[1962938191]}]},{"allowed_amount":0.00,"billing_code_modifier":[""],"providers":[{"billed_charge":51.50,"npi":[1962938191]},{"billed_charge":193.31,"npi":[1962938191]},{"billed_charge":211.15,"npi":[1962938191]},{"billed_charge":260.00,"npi":[1962938191]},{"billed_charge":313.00,"npi":[1962938191]},{"billed_charge":326.11,"npi":[1962938191]}]},{"allowed_amount":0.00,"billing_code_modifier":[""],"providers":[{"billed_charge":51.50,"npi":[1962938191]},{"billed_charge":193.31,"npi":[1962938191]},{"billed_charge":211.15,"npi":[1962938191]},{"billed_charge":260.00,"npi":[1962938191]},{"billed_charge":313.00,"npi":[1962938191]},{"billed_charge":326.11,"npi":[1962938191]}]},{"allowed_amount":0.00,"billing_code_modifier":[""],"providers":[{"billed_charge":51.50,"npi":[1962938191]},{"billed_charge":193.31,"npi":[1962938191]},{"billed_charge":211.15,"npi":[1962938191]},{"billed_charge":260.00,"npi":[1962938191]},{"billed_charge":313.00,"npi":[1962938191]},{"billed_charge":326.11,"npi":[1962938191]}]}]},{"tin":{"type":"ein","value":"371844725"},"service_code":["23"],"billing_class":"institutional","payments":[{"allowed_amount":0.00,"billing_code_modifier":[""],"providers":[{"billed_charge":51.50,"npi":[1962938191]},{"billed_charge":193.31,"npi":[1962938191]},{"billed_charge":211.15,"npi":[1962938191]},{"billed_charge":260.00,"npi":[1962938191]},{"billed_charge":313.00,"npi":[1962938191]},{"billed_charge":326.11,"npi":[1962938191]}]},{"allowed_amount":0.00,"billing_code_modifier":[""],"providers":[{"billed_charge":51.50,"npi":[1962938191]},{"billed_charge":193.31,"npi":[1962938191]},{"billed_charge":211.15,"npi":[1962938191]},{"billed_charge":260.00,"npi":[1962938191]},{"billed_charge":313.00,"npi":[1962938191]},{"billed_charge":326.11,"npi":[1962938191]}]},{"allowed_amount":0.00,"billing_code_modifier":[""],"providers":[{"billed_charge":51.50,"npi":[1962938191]},{"billed_charge":193.31,"npi":[1962938191]},{"billed_charge":211.15,"npi":[1962938191]},{"billed_charge":260.00,"npi":[1962938191]},{"billed_charge":313.00,"npi":[1962938191]},{"billed_charge":326.11,"npi":[1962938191]}]},{"allowed_amount":0.00,"billing_code_modifier":[""],"providers":[{"billed_charge":51.50,"npi":[1962938191]},{"billed_charge":193.31,"npi":[1962938191]},{"billed_charge":211.15,"npi":[1962938191]},{"billed_charge":260.00,"npi":[1962938191]},{"billed_charge":313.00,"npi":[1962938191]},{"billed_charge":326.11,"npi":[1962938191]}]},{"allowed_amount":0.00,"billing_code_modifier":[""],"providers":[{"billed_charge":51.50,"npi":[1962938191]},{"billed_charge":193.31,"npi":[1962938191]},{"billed_charge":211.15,"npi":[1962938191]},{"billed_charge":260.00,"npi":[1962938191]},{"billed_charge":313.00,"npi":[1962938191]},{"billed_charge":326.11,"npi":[1962938191]}]},{"allowed_amount":0.00,"billing_code_modifier":[""],"providers":[{"billed_charge":51.50,"npi":[1962938191]},{"billed_charge":193.31,"npi":[1962938191]},{"billed_charge":211.15,"npi":[1962938191]},{"billed_charge":260.00,"npi":[1962938191]},{"billed_charge":313.00,"npi":[1962938191]},{"billed_charge":326.11,"npi":[1962938191]}]}]},{"tin":{"type":"ein","value":"465735510"},"service_code":["23"],"billing_class":"institutional","payments":[{"allowed_amount":0.00,"billing_code_modifier":[""],"providers":[{"billed_charge":62.16,"npi":[1164827093]},{"billed_charge":66.60,"npi":[1164827093]},{"billed_charge":310.80,"npi":[1164827093]},{"billed_charge":821.40,"npi":[1164827093]}]},{"allowed_amount":0.00,"billing_code_modifier":[""],"providers":[{"billed_charge":62.16,"npi":[1164827093]},{"billed_charge":66.60,"npi":[1164827093]},{"billed_charge":310.80,"npi":[1164827093]},{"billed_charge":821.40,"npi":[1164827093]}]},{"allowed_amount":0.00,"billing_code_modifier":[""],"providers":[{"billed_charge":62.16,"npi":[1164827093]},{"billed_charge":66.60,"npi":[1164827093]},{"billed_charge":310.80,"npi":[1164827093]},{"billed_charge":821.40,"npi":[1164827093]}]},{"allowed_amount":0.00,"billing_code_modifier":[""],"providers":[{"billed_charge":62.16,"npi":[1164827093]},{"billed_charge":66.60,"npi":[1164827093]},{"billed_charge":310.80,"npi":[1164827093]},{"billed_charge":821.40,"npi":[1164827093]}]}]},{"tin":{"type":"ein","value":"465735510"},"service_code":["23"],"billing_class":"institutional","payments":[{"allowed_amount":0.00,"billing_code_modifier":[""],"providers":[{"billed_charge":62.16,"npi":[1164827093]},{"billed_charge":66.60,"npi":[1164827093]},{"billed_charge":310.80,"npi":[1164827093]},{"billed_charge":821.40,"npi":[1164827093]}]},{"allowed_amount":0.00,"billing_code_modifier":[""],"providers":[{"billed_charge":62.16,"npi":[1164827093]},{"billed_charge":66.60,"npi":[1164827093]},{"billed_charge":310.80,"npi":[1164827093]},{"billed_charge":821.40,"npi":[1164827093]}]},{"allowed_amount":0.00,"billing_code_modifier":[""],"providers":[{"billed_charge":62.16,"npi":[1164827093]},{"billed_charge":66.60,"npi":[1164827093]},{"billed_charge":310.80,"npi":[1164827093]},{"billed_charge":821.40,"npi":[1164827093]}]},{"allowed_amount":0.00,"billing_code_modifier":[""],"providers":[{"billed_charge":62.16,"npi":[1164827093]},{"billed_charge":66.60,"npi":[1164827093]},{"billed_charge":310.80,"npi":[1164827093]},{"billed_charge":821.40,"npi":[1164827093]}]}]},{"tin":{"type":"ein","value":"465735510"},"service_code":["23"],"billing_class":"institutional","payments":[{"allowed_amount":0.00,"billing_code_modifier":[""],"providers":[{"billed_charge":62.16,"npi":[1164827093]},{"billed_charge":66.60,"npi":[1164827093]},{"billed_charge":310.80,"npi":[1164827093]},{"billed_charge":821.40,"npi":[1164827093]}]},{"allowed_amount":0.00,"billing_code_modifier":[""],"providers":[{"billed_charge":62.16,"npi":[1164827093]},{"billed_charge":66.60,"npi":[1164827093]},{"billed_charge":310.80,"npi":[1164827093]},{"billed_charge":821.40,"npi":[1164827093]}]},{"allowed_amount":0.00,"billing_code_modifier":[""],"providers":[{"billed_charge":62.16,"npi":[1164827093]},{"billed_charge":66.60,"npi":[1164827093]},{"billed_charge":310.80,"npi":[1164827093]},{"billed_charge":821.40,"npi":[1164827093]}]},{"allowed_amount":0.00,"billing_code_modifier":[""],"providers":[{"billed_charge":62.16,"npi":[1164827093]},{"billed_charge":66.60,"npi":[1164827093]},{"billed_charge":310.80,"npi":[1164827093]},{"billed_charge":821.40,"npi":[1164827093]}]}]},{"tin":{"type":"ein","value":"465735510"},"service_code":["23"],"billing_class":"institutional","payments":[{"allowed_amount":0.00,"billing_code_modifier":[""],"providers":[{"billed_charge":62.16,"npi":[1164827093]},{"billed_charge":66.60,"npi":[1164827093]},{"billed_charge":310.80,"npi":[1164827093]},{"billed_charge":821.40,"npi":[1164827093]}]},{"allowed_amount":0.00,"billing_code_modifier":[""],"providers":[{"billed_charge":62.16,"npi":[1164827093]},{"billed_charge":66.60,"npi":[1164827093]},{"billed_charge":310.80,"npi":[1164827093]},{"billed_charge":821.40,"npi":[1164827093]}]},{"allowed_amount":0.00,"billing_code_modifier":[""],"providers":[{"billed_charge":62.16,"npi":[1164827093]},{"billed_charge":66.60,"npi":[1164827093]},{"billed_charge":310.80,"npi":[1164827093]},{"billed_charge":821.40,"npi":[1164827093]}]},{"allowed_amount":0.00,"billing_code_modifier":[""],"providers":[{"billed_charge":62.16,"npi":[1164827093]},{"billed_charge":66.60,"npi":[1164827093]},{"billed_charge":310.80,"npi":[1164827093]},{"billed_charge":821.40,"npi":[1164827093]}]}]},{"tin":{"type":"ein","value":"472616215"},"service_code":["23"],"billing_class":"institutional","payments":[{"allowed_amount":0.00,"billing_code_modifier":[""],"providers":[{"billed_charge":33.30,"npi":[1922468156]},{"billed_charge":62.16,"npi":[1922468156]},{"billed_charge":222.00,"npi":[1922468156]},{"billed_charge":310.80,"npi":[1922468156]},{"billed_charge":388.50,"npi":[1922468156]}]},{"allowed_amount":0.00,"billing_code_modifier":[""],"providers":[{"billed_charge":33.30,"npi":[1922468156]},{"billed_charge":62.16,"npi":[1922468156]},{"billed_charge":222.00,"npi":[1922468156]},{"billed_charge":310.80,"npi":[1922468156]},{"billed_charge":388.50,"npi":[1922468156]}]},{"allowed_amount":0.00,"billing_code_modifier":[""],"providers":[{"billed_charge":33.30,"npi":[1922468156]},{"billed_charge":62.16,"npi":[1922468156]},{"billed_charge":222.00,"npi":[1922468156]},{"billed_charge":310.80,"npi":[1922468156]},{"billed_charge":388.50,"npi":[1922468156]}]},{"allowed_amount":0.00,"billing_code_modifier":[""],"providers":[{"billed_charge":33.30,"npi":[1922468156]},{"billed_charge":62.16,"npi":[1922468156]},{"billed_charge":222.00,"npi":[1922468156]},{"billed_charge":310.80,"npi":[1922468156]},{"billed_charge":388.50,"npi":[1922468156]}]},{"allowed_amount":0.00,"billing_code_modifier":[""],"providers":[{"billed_charge":33.30,"npi":[1922468156]},{"billed_charge":62.16,"npi":[1922468156]},{"billed_charge":222.00,"npi":[1922468156]},{"billed_charge":310.80,"npi":[1922468156]},{"billed_charge":388.50,"npi":[1922468156]}]}]},{"tin":{"type":"ein","value":"472616215"},"service_code":["23"],"billing_class":"institutional","payments":[{"allowed_amount":0.00,"billing_code_modifier":[""],"providers":[{"billed_charge":33.30,"npi":[1922468156]},{"billed_charge":62.16,"npi":[1922468156]},{"billed_charge":222.00,"npi":[1922468156]},{"billed_charge":310.80,"npi":[1922468156]},{"billed_charge":388.50,"npi":[1922468156]}]},{"allowed_amount":0.00,"billing_code_modifier":[""],"providers":[{"billed_charge":33.30,"npi":[1922468156]},{"billed_charge":62.16,"npi":[1922468156]},{"billed_charge":222.00,"npi":[1922468156]},{"billed_charge":310.80,"npi":[1922468156]},{"billed_charge":388.50,"npi":[1922468156]}]},{"allowed_amount":0.00,"billing_code_modifier":[""],"providers":[{"billed_charge":33.30,"npi":[1922468156]},{"billed_charge":62.16,"npi":[1922468156]},{"billed_charge":222.00,"npi":[1922468156]},{"billed_charge":310.80,"npi":[1922468156]},{"billed_charge":388.50,"npi":[1922468156]}]},{"allowed_amount":0.00,"billing_code_modifier":[""],"providers":[{"billed_charge":33.30,"npi":[1922468156]},{"billed_charge":62.16,"npi":[1922468156]},{"billed_charge":222.00,"npi":[1922468156]},{"billed_charge":310.80,"npi":[1922468156]},{"billed_charge":388.50,"npi":[1922468156]}]},{"allowed_amount":0.00,"billing_code_modifier":[""],"providers":[{"billed_charge":33.30,"npi":[1922468156]},{"billed_charge":62.16,"npi":[1922468156]},{"billed_charge":222.00,"npi":[1922468156]},{"billed_charge":310.80,"npi":[1922468156]},{"billed_charge":388.50,"npi":[1922468156]}]}]},{"tin":{"type":"ein","value":"472616215"},"service_code":["23"],"billing_class":"institutional","payments":[{"allowed_amount":0.00,"billing_code_modifier":[""],"providers":[{"billed_charge":33.30,"npi":[1922468156]},{"billed_charge":62.16,"npi":[1922468156]},{"billed_charge":222.00,"npi":[1922468156]},{"billed_charge":310.80,"npi":[1922468156]},{"billed_charge":388.50,"npi":[1922468156]}]},{"allowed_amount":0.00,"billing_code_modifier":[""],"providers":[{"billed_charge":33.30,"npi":[1922468156]},{"billed_charge":62.16,"npi":[1922468156]},{"billed_charge":222.00,"npi":[1922468156]},{"billed_charge":310.80,"npi":[1922468156]},{"billed_charge":388.50,"npi":[1922468156]}]},{"allowed_amount":0.00,"billing_code_modifier":[""],"providers":[{"billed_charge":33.30,"npi":[1922468156]},{"billed_charge":62.16,"npi":[1922468156]},{"billed_charge":222.00,"npi":[1922468156]},{"billed_charge":310.80,"npi":[1922468156]},{"billed_charge":388.50,"npi":[1922468156]}]},{"allowed_amount":0.00,"billing_code_modifier":[""],"providers":[{"billed_charge":33.30,"npi":[1922468156]},{"billed_charge":62.16,"npi":[1922468156]},{"billed_charge":222.00,"npi":[1922468156]},{"billed_charge":310.80,"npi":[1922468156]},{"billed_charge":388.50,"npi":[1922468156]}]},{"allowed_amount":0.00,"billing_code_modifier":[""],"providers":[{"billed_charge":33.30,"npi":[1922468156]},{"billed_charge":62.16,"npi":[1922468156]},{"billed_charge":222.00,"npi":[1922468156]},{"billed_charge":310.80,"npi":[1922468156]},{"billed_charge":388.50,"npi":[1922468156]}]}]},{"tin":{"type":"ein","value":"472616215"},"service_code":["23"],"billing_class":"institutional","payments":[{"allowed_amount":0.00,"billing_code_modifier":[""],"providers":[{"billed_charge":33.30,"npi":[1922468156]},{"billed_charge":62.16,"npi":[1922468156]},{"billed_charge":222.00,"npi":[1922468156]},{"billed_charge":310.80,"npi":[1922468156]},{"billed_charge":388.50,"npi":[1922468156]}]},{"allowed_amount":0.00,"billing_code_modifier":[""],"providers":[{"billed_charge":33.30,"npi":[1922468156]},{"billed_charge":62.16,"npi":[1922468156]},{"billed_charge":222.00,"npi":[1922468156]},{"billed_charge":310.80,"npi":[1922468156]},{"billed_charge":388.50,"npi":[1922468156]}]},{"allowed_amount":0.00,"billing_code_modifier":[""],"providers":[{"billed_charge":33.30,"npi":[1922468156]},{"billed_charge":62.16,"npi":[1922468156]},{"billed_charge":222.00,"npi":[1922468156]},{"billed_charge":310.80,"npi":[1922468156]},{"billed_charge":388.50,"npi":[1922468156]}]},{"allowed_amount":0.00,"billing_code_modifier":[""],"providers":[{"billed_charge":33.30,"npi":[1922468156]},{"billed_charge":62.16,"npi":[1922468156]},{"billed_charge":222.00,"npi":[1922468156]},{"billed_charge":310.80,"npi":[1922468156]},{"billed_charge":388.50,"npi":[1922468156]}]},{"allowed_amount":0.00,"billing_code_modifier":[""],"providers":[{"billed_charge":33.30,"npi":[1922468156]},{"billed_charge":62.16,"npi":[1922468156]},{"billed_charge":222.00,"npi":[1922468156]},{"billed_charge":310.80,"npi":[1922468156]},{"billed_charge":388.50,"npi":[1922468156]}]}]},{"tin":{"type":"ein","value":"472616215"},"service_code":["23"],"billing_class":"institutional","payments":[{"allowed_amount":0.00,"billing_code_modifier":[""],"providers":[{"billed_charge":33.30,"npi":[1922468156]},{"billed_charge":62.16,"npi":[1922468156]},{"billed_charge":222.00,"npi":[1922468156]},{"billed_charge":310.80,"npi":[1922468156]},{"billed_charge":388.50,"npi":[1922468156]}]},{"allowed_amount":0.00,"billing_code_modifier":[""],"providers":[{"billed_charge":33.30,"npi":[1922468156]},{"billed_charge":62.16,"npi":[1922468156]},{"billed_charge":222.00,"npi":[1922468156]},{"billed_charge":310.80,"npi":[1922468156]},{"billed_charge":388.50,"npi":[1922468156]}]},{"allowed_amount":0.00,"billing_code_modifier":[""],"providers":[{"billed_charge":33.30,"npi":[1922468156]},{"billed_charge":62.16,"npi":[1922468156]},{"billed_charge":222.00,"npi":[1922468156]},{"billed_charge":310.80,"npi":[1922468156]},{"billed_charge":388.50,"npi":[1922468156]}]},{"allowed_amount":0.00,"billing_code_modifier":[""],"providers":[{"billed_charge":33.30,"npi":[1922468156]},{"billed_charge":62.16,"npi":[1922468156]},{"billed_charge":222.00,"npi":[1922468156]},{"billed_charge":310.80,"npi":[1922468156]},{"billed_charge":388.50,"npi":[1922468156]}]},{"allowed_amount":0.00,"billing_code_modifier":[""],"providers":[{"billed_charge":33.30,"npi":[1922468156]},{"billed_charge":62.16,"npi":[1922468156]},{"billed_charge":222.00,"npi":[1922468156]},{"billed_charge":310.80,"npi":[1922468156]},{"billed_charge":388.50,"npi":[1922468156]}]}]},{"tin":{"type":"ein","value":"646008520"},"service_code":["21"],"billing_class":"institutional","payments":[{"allowed_amount":0.00,"billing_code_modifier":[""],"providers":[{"billed_charge":1137.00,"npi":[1154317527,1215256441]}]}]},{"tin":{"type":"ein","value":"811862049"},"service_code":["23"],"billing_class":"institutional","payments":[{"allowed_amount":0.00,"billing_code_modifier":[""],"providers":[{"billed_charge":49.00,"npi":[1730612979]},{"billed_charge":52.00,"npi":[1730612979]},{"billed_charge":54.32,"npi":[1730612979]},{"billed_charge":90.00,"npi":[1730612979]},{"billed_charge":94.00,"npi":[1730612979]},{"billed_charge":114.00,"npi":[1730612979]},{"billed_charge":173.00,"npi":[1730612979]},{"billed_charge":187.68,"npi":[1730612979]},{"billed_charge":208.00,"npi":[1730612979]},{"billed_charge":247.00,"npi":[1730612979]},{"billed_charge":400.00,"npi":[1730612979]}]},{"allowed_amount":0.00,"billing_code_modifier":[""],"providers":[{"billed_charge":49.00,"npi":[1730612979]},{"billed_charge":52.00,"npi":[1730612979]},{"billed_charge":54.32,"npi":[1730612979]},{"billed_charge":90.00,"npi":[1730612979]},{"billed_charge":94.00,"npi":[1730612979]},{"billed_charge":114.00,"npi":[1730612979]},{"billed_charge":173.00,"npi":[1730612979]},{"billed_charge":187.68,"npi":[1730612979]},{"billed_charge":208.00,"npi":[1730612979]},{"billed_charge":247.00,"npi":[1730612979]},{"billed_charge":400.00,"npi":[1730612979]}]},{"allowed_amount":0.00,"billing_code_modifier":[""],"providers":[{"billed_charge":49.00,"npi":[1730612979]},{"billed_charge":52.00,"npi":[1730612979]},{"billed_charge":54.32,"npi":[1730612979]},{"billed_charge":90.00,"npi":[1730612979]},{"billed_charge":94.00,"npi":[1730612979]},{"billed_charge":114.00,"npi":[1730612979]},{"billed_charge":173.00,"npi":[1730612979]},{"billed_charge":187.68,"npi":[1730612979]},{"billed_charge":208.00,"npi":[1730612979]},{"billed_charge":247.00,"npi":[1730612979]},{"billed_charge":400.00,"npi":[1730612979]}]},{"allowed_amount":0.00,"billing_code_modifier":[""],"providers":[{"billed_charge":49.00,"npi":[1730612979]},{"billed_charge":52.00,"npi":[1730612979]},{"billed_charge":54.32,"npi":[1730612979]},{"billed_charge":90.00,"npi":[1730612979]},{"billed_charge":94.00,"npi":[1730612979]},{"billed_charge":114.00,"npi":[1730612979]},{"billed_charge":173.00,"npi":[1730612979]},{"billed_charge":187.68,"npi":[1730612979]},{"billed_charge":208.00,"npi":[1730612979]},{"billed_charge":247.00,"npi":[1730612979]},{"billed_charge":400.00,"npi":[1730612979]}]},{"allowed_amount":0.00,"billing_code_modifier":[""],"providers":[{"billed_charge":49.00,"npi":[1730612979]},{"billed_charge":52.00,"npi":[1730612979]},{"billed_charge":54.32,"npi":[1730612979]},{"billed_charge":90.00,"npi":[1730612979]},{"billed_charge":94.00,"npi":[1730612979]},{"billed_charge":114.00,"npi":[1730612979]},{"billed_charge":173.00,"npi":[1730612979]},{"billed_charge":187.68,"npi":[1730612979]},{"billed_charge":208.00,"npi":[1730612979]},{"billed_charge":247.00,"npi":[1730612979]},{"billed_charge":400.00,"npi":[1730612979]}]},{"allowed_amount":0.00,"billing_code_modifier":[""],"providers":[{"billed_charge":49.00,"npi":[1730612979]},{"billed_charge":52.00,"npi":[1730612979]},{"billed_charge":54.32,"npi":[1730612979]},{"billed_charge":90.00,"npi":[1730612979]},{"billed_charge":94.00,"npi":[1730612979]},{"billed_charge":114.00,"npi":[1730612979]},{"billed_charge":173.00,"npi":[1730612979]},{"billed_charge":187.68,"npi":[1730612979]},{"billed_charge":208.00,"npi":[1730612979]},{"billed_charge":247.00,"npi":[1730612979]},{"billed_charge":400.00,"npi":[1730612979]}]},{"allowed_amount":0.00,"billing_code_modifier":[""],"providers":[{"billed_charge":49.00,"npi":[1730612979]},{"billed_charge":52.00,"npi":[1730612979]},{"billed_charge":54.32,"npi":[1730612979]},{"billed_charge":90.00,"npi":[1730612979]},{"billed_charge":94.00,"npi":[1730612979]},{"billed_charge":114.00,"npi":[1730612979]},{"billed_charge":173.00,"npi":[1730612979]},{"billed_charge":187.68,"npi":[1730612979]},{"billed_charge":208.00,"npi":[1730612979]},{"billed_charge":247.00,"npi":[1730612979]},{"billed_charge":400.00,"npi":[1730612979]}]},{"allowed_amount":0.00,"billing_code_modifier":[""],"providers":[{"billed_charge":49.00,"npi":[1730612979]},{"billed_charge":52.00,"npi":[1730612979]},{"billed_charge":54.32,"npi":[1730612979]},{"billed_charge":90.00,"npi":[1730612979]},{"billed_charge":94.00,"npi":[1730612979]},{"billed_charge":114.00,"npi":[1730612979]},{"billed_charge":173.00,"npi":[1730612979]},{"billed_charge":187.68,"npi":[1730612979]},{"billed_charge":208.00,"npi":[1730612979]},{"billed_charge":247.00,"npi":[1730612979]},{"billed_charge":400.00,"npi":[1730612979]}]},{"allowed_amount":0.00,"billing_code_modifier":[""],"providers":[{"billed_charge":49.00,"npi":[1730612979]},{"billed_charge":52.00,"npi":[1730612979]},{"billed_charge":54.32,"npi":[1730612979]},{"billed_charge":90.00,"npi":[1730612979]},{"billed_charge":94.00,"npi":[1730612979]},{"billed_charge":114.00,"npi":[1730612979]},{"billed_charge":173.00,"npi":[1730612979]},{"billed_charge":187.68,"npi":[1730612979]},{"billed_charge":208.00,"npi":[1730612979]},{"billed_charge":247.00,"npi":[1730612979]},{"billed_charge":400.00,"npi":[1730612979]}]},{"allowed_amount":0.00,"billing_code_modifier":[""],"providers":[{"billed_charge":49.00,"npi":[1730612979]},{"billed_charge":52.00,"npi":[1730612979]},{"billed_charge":54.32,"npi":[1730612979]},{"billed_charge":90.00,"npi":[1730612979]},{"billed_charge":94.00,"npi":[1730612979]},{"billed_charge":114.00,"npi":[1730612979]},{"billed_charge":173.00,"npi":[1730612979]},{"billed_charge":187.68,"npi":[1730612979]},{"billed_charge":208.00,"npi":[1730612979]},{"billed_charge":247.00,"npi":[1730612979]},{"billed_charge":400.00,"npi":[1730612979]}]},{"allowed_amount":0.00,"billing_code_modifier":[""],"providers":[{"billed_charge":49.00,"npi":[1730612979]},{"billed_charge":52.00,"npi":[1730612979]},{"billed_charge":54.32,"npi":[1730612979]},{"billed_charge":90.00,"npi":[1730612979]},{"billed_charge":94.00,"npi":[1730612979]},{"billed_charge":114.00,"npi":[1730612979]},{"billed_charge":173.00,"npi":[1730612979]},{"billed_charge":187.68,"npi":[1730612979]},{"billed_charge":208.00,"npi":[1730612979]},{"billed_charge":247.00,"npi":[1730612979]},{"billed_charge":400.00,"npi":[1730612979]}]}]},{"tin":{"type":"ein","value":"811862049"},"service_code":["23"],"billing_class":"institutional","payments":[{"allowed_amount":0.00,"billing_code_modifier":[""],"providers":[{"billed_charge":49.00,"npi":[1730612979]},{"billed_charge":52.00,"npi":[1730612979]},{"billed_charge":54.32,"npi":[1730612979]},{"billed_charge":90.00,"npi":[1730612979]},{"billed_charge":94.00,"npi":[1730612979]},{"billed_charge":114.00,"npi":[1730612979]},{"billed_charge":173.00,"npi":[1730612979]},{"billed_charge":187.68,"npi":[1730612979]},{"billed_charge":208.00,"npi":[1730612979]},{"billed_charge":247.00,"npi":[1730612979]},{"billed_charge":400.00,"npi":[1730612979]}]},{"allowed_amount":0.00,"billing_code_modifier":[""],"providers":[{"billed_charge":49.00,"npi":[1730612979]},{"billed_charge":52.00,"npi":[1730612979]},{"billed_charge":54.32,"npi":[1730612979]},{"billed_charge":90.00,"npi":[1730612979]},{"billed_charge":94.00,"npi":[1730612979]},{"billed_charge":114.00,"npi":[1730612979]},{"billed_charge":173.00,"npi":[1730612979]},{"billed_charge":187.68,"npi":[1730612979]},{"billed_charge":208.00,"npi":[1730612979]},{"billed_charge":247.00,"npi":[1730612979]},{"billed_charge":400.00,"npi":[1730612979]}]},{"allowed_amount":0.00,"billing_code_modifier":[""],"providers":[{"billed_charge":49.00,"npi":[1730612979]},{"billed_charge":52.00,"npi":[1730612979]},{"billed_charge":54.32,"npi":[1730612979]},{"billed_charge":90.00,"npi":[1730612979]},{"billed_charge":94.00,"npi":[1730612979]},{"billed_charge":114.00,"npi":[1730612979]},{"billed_charge":173.00,"npi":[1730612979]},{"billed_charge":187.68,"npi":[1730612979]},{"billed_charge":208.00,"npi":[1730612979]},{"billed_charge":247.00,"npi":[1730612979]},{"billed_charge":400.00,"npi":[1730612979]}]},{"allowed_amount":0.00,"billing_code_modifier":[""],"providers":[{"billed_charge":49.00,"npi":[1730612979]},{"billed_charge":52.00,"npi":[1730612979]},{"billed_charge":54.32,"npi":[1730612979]},{"billed_charge":90.00,"npi":[1730612979]},{"billed_charge":94.00,"npi":[1730612979]},{"billed_charge":114.00,"npi":[1730612979]},{"billed_charge":173.00,"npi":[1730612979]},{"billed_charge":187.68,"npi":[1730612979]},{"billed_charge":208.00,"npi":[1730612979]},{"billed_charge":247.00,"npi":[1730612979]},{"billed_charge":400.00,"npi":[1730612979]}]},{"allowed_amount":0.00,"billing_code_modifier":[""],"providers":[{"billed_charge":49.00,"npi":[1730612979]},{"billed_charge":52.00,"npi":[1730612979]},{"billed_charge":54.32,"npi":[1730612979]},{"billed_charge":90.00,"npi":[1730612979]},{"billed_charge":94.00,"npi":[1730612979]},{"billed_charge":114.00,"npi":[1730612979]},{"billed_charge":173.00,"npi":[1730612979]},{"billed_charge":187.68,"npi":[1730612979]},{"billed_charge":208.00,"npi":[1730612979]},{"billed_charge":247.00,"npi":[1730612979]},{"billed_charge":400.00,"npi":[1730612979]}]},{"allowed_amount":0.00,"billing_code_modifier":[""],"providers":[{"billed_charge":49.00,"npi":[1730612979]},{"billed_charge":52.00,"npi":[1730612979]},{"billed_charge":54.32,"npi":[1730612979]},{"billed_charge":90.00,"npi":[1730612979]},{"billed_charge":94.00,"npi":[1730612979]},{"billed_charge":114.00,"npi":[1730612979]},{"billed_charge":173.00,"npi":[1730612979]},{"billed_charge":187.68,"npi":[1730612979]},{"billed_charge":208.00,"npi":[1730612979]},{"billed_charge":247.00,"npi":[1730612979]},{"billed_charge":400.00,"npi":[1730612979]}]},{"allowed_amount":0.00,"billing_code_modifier":[""],"providers":[{"billed_charge":49.00,"npi":[1730612979]},{"billed_charge":52.00,"npi":[1730612979]},{"billed_charge":54.32,"npi":[1730612979]},{"billed_charge":90.00,"npi":[1730612979]},{"billed_charge":94.00,"npi":[1730612979]},{"billed_charge":114.00,"npi":[1730612979]},{"billed_charge":173.00,"npi":[1730612979]},{"billed_charge":187.68,"npi":[1730612979]},{"billed_charge":208.00,"npi":[1730612979]},{"billed_charge":247.00,"npi":[1730612979]},{"billed_charge":400.00,"npi":[1730612979]}]},{"allowed_amount":0.00,"billing_code_modifier":[""],"providers":[{"billed_charge":49.00,"npi":[1730612979]},{"billed_charge":52.00,"npi":[1730612979]},{"billed_charge":54.32,"npi":[1730612979]},{"billed_charge":90.00,"npi":[1730612979]},{"billed_charge":94.00,"npi":[1730612979]},{"billed_charge":114.00,"npi":[1730612979]},{"billed_charge":173.00,"npi":[1730612979]},{"billed_charge":187.68,"npi":[1730612979]},{"billed_charge":208.00,"npi":[1730612979]},{"billed_charge":247.00,"npi":[1730612979]},{"billed_charge":400.00,"npi":[1730612979]}]},{"allowed_amount":0.00,"billing_code_modifier":[""],"providers":[{"billed_charge":49.00,"npi":[1730612979]},{"billed_charge":52.00,"npi":[1730612979]},{"billed_charge":54.32,"npi":[1730612979]},{"billed_charge":90.00,"npi":[1730612979]},{"billed_charge":94.00,"npi":[1730612979]},{"billed_charge":114.00,"npi":[1730612979]},{"billed_charge":173.00,"npi":[1730612979]},{"billed_charge":187.68,"npi":[1730612979]},{"billed_charge":208.00,"npi":[1730612979]},{"billed_charge":247.00,"npi":[1730612979]},{"billed_charge":400.00,"npi":[1730612979]}]},{"allowed_amount":0.00,"billing_code_modifier":[""],"providers":[{"billed_charge":49.00,"npi":[1730612979]},{"billed_charge":52.00,"npi":[1730612979]},{"billed_charge":54.32,"npi":[1730612979]},{"billed_charge":90.00,"npi":[1730612979]},{"billed_charge":94.00,"npi":[1730612979]},{"billed_charge":114.00,"npi":[1730612979]},{"billed_charge":173.00,"npi":[1730612979]},{"billed_charge":187.68,"npi":[1730612979]},{"billed_charge":208.00,"npi":[1730612979]},{"billed_charge":247.00,"npi":[1730612979]},{"billed_charge":400.00,"npi":[1730612979]}]},{"allowed_amount":0.00,"billing_code_modifier":[""],"providers":[{"billed_charge":49.00,"npi":[1730612979]},{"billed_charge":52.00,"npi":[1730612979]},{"billed_charge":54.32,"npi":[1730612979]},{"billed_charge":90.00,"npi":[1730612979]},{"billed_charge":94.00,"npi":[1730612979]},{"billed_charge":114.00,"npi":[1730612979]},{"billed_charge":173.00,"npi":[1730612979]},{"billed_charge":187.68,"npi":[1730612979]},{"billed_charge":208.00,"npi":[1730612979]},{"billed_charge":247.00,"npi":[1730612979]},{"billed_charge":400.00,"npi":[1730612979]}]}]},{"tin":{"type":"ein","value":"811862049"},"service_code":["23"],"billing_class":"institutional","payments":[{"allowed_amount":0.00,"billing_code_modifier":[""],"providers":[{"billed_charge":49.00,"npi":[1730612979]},{"billed_charge":52.00,"npi":[1730612979]},{"billed_charge":54.32,"npi":[1730612979]},{"billed_charge":90.00,"npi":[1730612979]},{"billed_charge":94.00,"npi":[1730612979]},{"billed_charge":114.00,"npi":[1730612979]},{"billed_charge":173.00,"npi":[1730612979]},{"billed_charge":187.68,"npi":[1730612979]},{"billed_charge":208.00,"npi":[1730612979]},{"billed_charge":247.00,"npi":[1730612979]},{"billed_charge":400.00,"npi":[1730612979]}]},{"allowed_amount":0.00,"billing_code_modifier":[""],"providers":[{"billed_charge":49.00,"npi":[1730612979]},{"billed_charge":52.00,"npi":[1730612979]},{"billed_charge":54.32,"npi":[1730612979]},{"billed_charge":90.00,"npi":[1730612979]},{"billed_charge":94.00,"npi":[1730612979]},{"billed_charge":114.00,"npi":[1730612979]},{"billed_charge":173.00,"npi":[1730612979]},{"billed_charge":187.68,"npi":[1730612979]},{"billed_charge":208.00,"npi":[1730612979]},{"billed_charge":247.00,"npi":[1730612979]},{"billed_charge":400.00,"npi":[1730612979]}]},{"allowed_amount":0.00,"billing_code_modifier":[""],"providers":[{"billed_charge":49.00,"npi":[1730612979]},{"billed_charge":52.00,"npi":[1730612979]},{"billed_charge":54.32,"npi":[1730612979]},{"billed_charge":90.00,"npi":[1730612979]},{"billed_charge":94.00,"npi":[1730612979]},{"billed_charge":114.00,"npi":[1730612979]},{"billed_charge":173.00,"npi":[1730612979]},{"billed_charge":187.68,"npi":[1730612979]},{"billed_charge":208.00,"npi":[1730612979]},{"billed_charge":247.00,"npi":[1730612979]},{"billed_charge":400.00,"npi":[1730612979]}]},{"allowed_amount":0.00,"billing_code_modifier":[""],"providers":[{"billed_charge":49.00,"npi":[1730612979]},{"billed_charge":52.00,"npi":[1730612979]},{"billed_charge":54.32,"npi":[1730612979]},{"billed_charge":90.00,"npi":[1730612979]},{"billed_charge":94.00,"npi":[1730612979]},{"billed_charge":114.00,"npi":[1730612979]},{"billed_charge":173.00,"npi":[1730612979]},{"billed_charge":187.68,"npi":[1730612979]},{"billed_charge":208.00,"npi":[1730612979]},{"billed_charge":247.00,"npi":[1730612979]},{"billed_charge":400.00,"npi":[1730612979]}]},{"allowed_amount":0.00,"billing_code_modifier":[""],"providers":[{"billed_charge":49.00,"npi":[1730612979]},{"billed_charge":52.00,"npi":[1730612979]},{"billed_charge":54.32,"npi":[1730612979]},{"billed_charge":90.00,"npi":[1730612979]},{"billed_charge":94.00,"npi":[1730612979]},{"billed_charge":114.00,"npi":[1730612979]},{"billed_charge":173.00,"npi":[1730612979]},{"billed_charge":187.68,"npi":[1730612979]},{"billed_charge":208.00,"npi":[1730612979]},{"billed_charge":247.00,"npi":[1730612979]},{"billed_charge":400.00,"npi":[1730612979]}]},{"allowed_amount":0.00,"billing_code_modifier":[""],"providers":[{"billed_charge":49.00,"npi":[1730612979]},{"billed_charge":52.00,"npi":[1730612979]},{"billed_charge":54.32,"npi":[1730612979]},{"billed_charge":90.00,"npi":[1730612979]},{"billed_charge":94.00,"npi":[1730612979]},{"billed_charge":114.00,"npi":[1730612979]},{"billed_charge":173.00,"npi":[1730612979]},{"billed_charge":187.68,"npi":[1730612979]},{"billed_charge":208.00,"npi":[1730612979]},{"billed_charge":247.00,"npi":[1730612979]},{"billed_charge":400.00,"npi":[1730612979]}]},{"allowed_amount":0.00,"billing_code_modifier":[""],"providers":[{"billed_charge":49.00,"npi":[1730612979]},{"billed_charge":52.00,"npi":[1730612979]},{"billed_charge":54.32,"npi":[1730612979]},{"billed_charge":90.00,"npi":[1730612979]},{"billed_charge":94.00,"npi":[1730612979]},{"billed_charge":114.00,"npi":[1730612979]},{"billed_charge":173.00,"npi":[1730612979]},{"billed_charge":187.68,"npi":[1730612979]},{"billed_charge":208.00,"npi":[1730612979]},{"billed_charge":247.00,"npi":[1730612979]},{"billed_charge":400.00,"npi":[1730612979]}]},{"allowed_amount":0.00,"billing_code_modifier":[""],"providers":[{"billed_charge":49.00,"npi":[1730612979]},{"billed_charge":52.00,"npi":[1730612979]},{"billed_charge":54.32,"npi":[1730612979]},{"billed_charge":90.00,"npi":[1730612979]},{"billed_charge":94.00,"npi":[1730612979]},{"billed_charge":114.00,"npi":[1730612979]},{"billed_charge":173.00,"npi":[1730612979]},{"billed_charge":187.68,"npi":[1730612979]},{"billed_charge":208.00,"npi":[1730612979]},{"billed_charge":247.00,"npi":[1730612979]},{"billed_charge":400.00,"npi":[1730612979]}]},{"allowed_amount":0.00,"billing_code_modifier":[""],"providers":[{"billed_charge":49.00,"npi":[1730612979]},{"billed_charge":52.00,"npi":[1730612979]},{"billed_charge":54.32,"npi":[1730612979]},{"billed_charge":90.00,"npi":[1730612979]},{"billed_charge":94.00,"npi":[1730612979]},{"billed_charge":114.00,"npi":[1730612979]},{"billed_charge":173.00,"npi":[1730612979]},{"billed_charge":187.68,"npi":[1730612979]},{"billed_charge":208.00,"npi":[1730612979]},{"billed_charge":247.00,"npi":[1730612979]},{"billed_charge":400.00,"npi":[1730612979]}]},{"allowed_amount":0.00,"billing_code_modifier":[""],"providers":[{"billed_charge":49.00,"npi":[1730612979]},{"billed_charge":52.00,"npi":[1730612979]},{"billed_charge":54.32,"npi":[1730612979]},{"billed_charge":90.00,"npi":[1730612979]},{"billed_charge":94.00,"npi":[1730612979]},{"billed_charge":114.00,"npi":[1730612979]},{"billed_charge":173.00,"npi":[1730612979]},{"billed_charge":187.68,"npi":[1730612979]},{"billed_charge":208.00,"npi":[1730612979]},{"billed_charge":247.00,"npi":[1730612979]},{"billed_charge":400.00,"npi":[1730612979]}]},{"allowed_amount":0.00,"billing_code_modifier":[""],"providers":[{"billed_charge":49.00,"npi":[1730612979]},{"billed_charge":52.00,"npi":[1730612979]},{"billed_charge":54.32,"npi":[1730612979]},{"billed_charge":90.00,"npi":[1730612979]},{"billed_charge":94.00,"npi":[1730612979]},{"billed_charge":114.00,"npi":[1730612979]},{"billed_charge":173.00,"npi":[1730612979]},{"billed_charge":187.68,"npi":[1730612979]},{"billed_charge":208.00,"npi":[1730612979]},{"billed_charge":247.00,"npi":[1730612979]},{"billed_charge":400.00,"npi":[1730612979]}]}]},{"tin":{"type":"ein","value":"811862049"},"service_code":["23"],"billing_class":"institutional","payments":[{"allowed_amount":0.00,"billing_code_modifier":[""],"providers":[{"billed_charge":49.00,"npi":[1730612979]},{"billed_charge":52.00,"npi":[1730612979]},{"billed_charge":54.32,"npi":[1730612979]},{"billed_charge":90.00,"npi":[1730612979]},{"billed_charge":94.00,"npi":[1730612979]},{"billed_charge":114.00,"npi":[1730612979]},{"billed_charge":173.00,"npi":[1730612979]},{"billed_charge":187.68,"npi":[1730612979]},{"billed_charge":208.00,"npi":[1730612979]},{"billed_charge":247.00,"npi":[1730612979]},{"billed_charge":400.00,"npi":[1730612979]}]},{"allowed_amount":0.00,"billing_code_modifier":[""],"providers":[{"billed_charge":49.00,"npi":[1730612979]},{"billed_charge":52.00,"npi":[1730612979]},{"billed_charge":54.32,"npi":[1730612979]},{"billed_charge":90.00,"npi":[1730612979]},{"billed_charge":94.00,"npi":[1730612979]},{"billed_charge":114.00,"npi":[1730612979]},{"billed_charge":173.00,"npi":[1730612979]},{"billed_charge":187.68,"npi":[1730612979]},{"billed_charge":208.00,"npi":[1730612979]},{"billed_charge":247.00,"npi":[1730612979]},{"billed_charge":400.00,"npi":[1730612979]}]},{"allowed_amount":0.00,"billing_code_modifier":[""],"providers":[{"billed_charge":49.00,"npi":[1730612979]},{"billed_charge":52.00,"npi":[1730612979]},{"billed_charge":54.32,"npi":[1730612979]},{"billed_charge":90.00,"npi":[1730612979]},{"billed_charge":94.00,"npi":[1730612979]},{"billed_charge":114.00,"npi":[1730612979]},{"billed_charge":173.00,"npi":[1730612979]},{"billed_charge":187.68,"npi":[1730612979]},{"billed_charge":208.00,"npi":[1730612979]},{"billed_charge":247.00,"npi":[1730612979]},{"billed_charge":400.00,"npi":[1730612979]}]},{"allowed_amount":0.00,"billing_code_modifier":[""],"providers":[{"billed_charge":49.00,"npi":[1730612979]},{"billed_charge":52.00,"npi":[1730612979]},{"billed_charge":54.32,"npi":[1730612979]},{"billed_charge":90.00,"npi":[1730612979]},{"billed_charge":94.00,"npi":[1730612979]},{"billed_charge":114.00,"npi":[1730612979]},{"billed_charge":173.00,"npi":[1730612979]},{"billed_charge":187.68,"npi":[1730612979]},{"billed_charge":208.00,"npi":[1730612979]},{"billed_charge":247.00,"npi":[1730612979]},{"billed_charge":400.00,"npi":[1730612979]}]},{"allowed_amount":0.00,"billing_code_modifier":[""],"providers":[{"billed_charge":49.00,"npi":[1730612979]},{"billed_charge":52.00,"npi":[1730612979]},{"billed_charge":54.32,"npi":[1730612979]},{"billed_charge":90.00,"npi":[1730612979]},{"billed_charge":94.00,"npi":[1730612979]},{"billed_charge":114.00,"npi":[1730612979]},{"billed_charge":173.00,"npi":[1730612979]},{"billed_charge":187.68,"npi":[1730612979]},{"billed_charge":208.00,"npi":[1730612979]},{"billed_charge":247.00,"npi":[1730612979]},{"billed_charge":400.00,"npi":[1730612979]}]},{"allowed_amount":0.00,"billing_code_modifier":[""],"providers":[{"billed_charge":49.00,"npi":[1730612979]},{"billed_charge":52.00,"npi":[1730612979]},{"billed_charge":54.32,"npi":[1730612979]},{"billed_charge":90.00,"npi":[1730612979]},{"billed_charge":94.00,"npi":[1730612979]},{"billed_charge":114.00,"npi":[1730612979]},{"billed_charge":173.00,"npi":[1730612979]},{"billed_charge":187.68,"npi":[1730612979]},{"billed_charge":208.00,"npi":[1730612979]},{"billed_charge":247.00,"npi":[1730612979]},{"billed_charge":400.00,"npi":[1730612979]}]},{"allowed_amount":0.00,"billing_code_modifier":[""],"providers":[{"billed_charge":49.00,"npi":[1730612979]},{"billed_charge":52.00,"npi":[1730612979]},{"billed_charge":54.32,"npi":[1730612979]},{"billed_charge":90.00,"npi":[1730612979]},{"billed_charge":94.00,"npi":[1730612979]},{"billed_charge":114.00,"npi":[1730612979]},{"billed_charge":173.00,"npi":[1730612979]},{"billed_charge":187.68,"npi":[1730612979]},{"billed_charge":208.00,"npi":[1730612979]},{"billed_charge":247.00,"npi":[1730612979]},{"billed_charge":400.00,"npi":[1730612979]}]},{"allowed_amount":0.00,"billing_code_modifier":[""],"providers":[{"billed_charge":49.00,"npi":[1730612979]},{"billed_charge":52.00,"npi":[1730612979]},{"billed_charge":54.32,"npi":[1730612979]},{"billed_charge":90.00,"npi":[1730612979]},{"billed_charge":94.00,"npi":[1730612979]},{"billed_charge":114.00,"npi":[1730612979]},{"billed_charge":173.00,"npi":[1730612979]},{"billed_charge":187.68,"npi":[1730612979]},{"billed_charge":208.00,"npi":[1730612979]},{"billed_charge":247.00,"npi":[1730612979]},{"billed_charge":400.00,"npi":[1730612979]}]},{"allowed_amount":0.00,"billing_code_modifier":[""],"providers":[{"billed_charge":49.00,"npi":[1730612979]},{"billed_charge":52.00,"npi":[1730612979]},{"billed_charge":54.32,"npi":[1730612979]},{"billed_charge":90.00,"npi":[1730612979]},{"billed_charge":94.00,"npi":[1730612979]},{"billed_charge":114.00,"npi":[1730612979]},{"billed_charge":173.00,"npi":[1730612979]},{"billed_charge":187.68,"npi":[1730612979]},{"billed_charge":208.00,"npi":[1730612979]},{"billed_charge":247.00,"npi":[1730612979]},{"billed_charge":400.00,"npi":[1730612979]}]},{"allowed_amount":0.00,"billing_code_modifier":[""],"providers":[{"billed_charge":49.00,"npi":[1730612979]},{"billed_charge":52.00,"npi":[1730612979]},{"billed_charge":54.32,"npi":[1730612979]},{"billed_charge":90.00,"npi":[1730612979]},{"billed_charge":94.00,"npi":[1730612979]},{"billed_charge":114.00,"npi":[1730612979]},{"billed_charge":173.00,"npi":[1730612979]},{"billed_charge":187.68,"npi":[1730612979]},{"billed_charge":208.00,"npi":[1730612979]},{"billed_charge":247.00,"npi":[1730612979]},{"billed_charge":400.00,"npi":[1730612979]}]},{"allowed_amount":0.00,"billing_code_modifier":[""],"providers":[{"billed_charge":49.00,"npi":[1730612979]},{"billed_charge":52.00,"npi":[1730612979]},{"billed_charge":54.32,"npi":[1730612979]},{"billed_charge":90.00,"npi":[1730612979]},{"billed_charge":94.00,"npi":[1730612979]},{"billed_charge":114.00,"npi":[1730612979]},{"billed_charge":173.00,"npi":[1730612979]},{"billed_charge":187.68,"npi":[1730612979]},{"billed_charge":208.00,"npi":[1730612979]},{"billed_charge":247.00,"npi":[1730612979]},{"billed_charge":400.00,"npi":[1730612979]}]}]},{"tin":{"type":"ein","value":"811862049"},"service_code":["23"],"billing_class":"institutional","payments":[{"allowed_amount":0.00,"billing_code_modifier":[""],"providers":[{"billed_charge":49.00,"npi":[1730612979]},{"billed_charge":52.00,"npi":[1730612979]},{"billed_charge":54.32,"npi":[1730612979]},{"billed_charge":90.00,"npi":[1730612979]},{"billed_charge":94.00,"npi":[1730612979]},{"billed_charge":114.00,"npi":[1730612979]},{"billed_charge":173.00,"npi":[1730612979]},{"billed_charge":187.68,"npi":[1730612979]},{"billed_charge":208.00,"npi":[1730612979]},{"billed_charge":247.00,"npi":[1730612979]},{"billed_charge":400.00,"npi":[1730612979]}]},{"allowed_amount":0.00,"billing_code_modifier":[""],"providers":[{"billed_charge":49.00,"npi":[1730612979]},{"billed_charge":52.00,"npi":[1730612979]},{"billed_charge":54.32,"npi":[1730612979]},{"billed_charge":90.00,"npi":[1730612979]},{"billed_charge":94.00,"npi":[1730612979]},{"billed_charge":114.00,"npi":[1730612979]},{"billed_charge":173.00,"npi":[1730612979]},{"billed_charge":187.68,"npi":[1730612979]},{"billed_charge":208.00,"npi":[1730612979]},{"billed_charge":247.00,"npi":[1730612979]},{"billed_charge":400.00,"npi":[1730612979]}]},{"allowed_amount":0.00,"billing_code_modifier":[""],"providers":[{"billed_charge":49.00,"npi":[1730612979]},{"billed_charge":52.00,"npi":[1730612979]},{"billed_charge":54.32,"npi":[1730612979]},{"billed_charge":90.00,"npi":[1730612979]},{"billed_charge":94.00,"npi":[1730612979]},{"billed_charge":114.00,"npi":[1730612979]},{"billed_charge":173.00,"npi":[1730612979]},{"billed_charge":187.68,"npi":[1730612979]},{"billed_charge":208.00,"npi":[1730612979]},{"billed_charge":247.00,"npi":[1730612979]},{"billed_charge":400.00,"npi":[1730612979]}]},{"allowed_amount":0.00,"billing_code_modifier":[""],"providers":[{"billed_charge":49.00,"npi":[1730612979]},{"billed_charge":52.00,"npi":[1730612979]},{"billed_charge":54.32,"npi":[1730612979]},{"billed_charge":90.00,"npi":[1730612979]},{"billed_charge":94.00,"npi":[1730612979]},{"billed_charge":114.00,"npi":[1730612979]},{"billed_charge":173.00,"npi":[1730612979]},{"billed_charge":187.68,"npi":[1730612979]},{"billed_charge":208.00,"npi":[1730612979]},{"billed_charge":247.00,"npi":[1730612979]},{"billed_charge":400.00,"npi":[1730612979]}]},{"allowed_amount":0.00,"billing_code_modifier":[""],"providers":[{"billed_charge":49.00,"npi":[1730612979]},{"billed_charge":52.00,"npi":[1730612979]},{"billed_charge":54.32,"npi":[1730612979]},{"billed_charge":90.00,"npi":[1730612979]},{"billed_charge":94.00,"npi":[1730612979]},{"billed_charge":114.00,"npi":[1730612979]},{"billed_charge":173.00,"npi":[1730612979]},{"billed_charge":187.68,"npi":[1730612979]},{"billed_charge":208.00,"npi":[1730612979]},{"billed_charge":247.00,"npi":[1730612979]},{"billed_charge":400.00,"npi":[1730612979]}]},{"allowed_amount":0.00,"billing_code_modifier":[""],"providers":[{"billed_charge":49.00,"npi":[1730612979]},{"billed_charge":52.00,"npi":[1730612979]},{"billed_charge":54.32,"npi":[1730612979]},{"billed_charge":90.00,"npi":[1730612979]},{"billed_charge":94.00,"npi":[1730612979]},{"billed_charge":114.00,"npi":[1730612979]},{"billed_charge":173.00,"npi":[1730612979]},{"billed_charge":187.68,"npi":[1730612979]},{"billed_charge":208.00,"npi":[1730612979]},{"billed_charge":247.00,"npi":[1730612979]},{"billed_charge":400.00,"npi":[1730612979]}]},{"allowed_amount":0.00,"billing_code_modifier":[""],"providers":[{"billed_charge":49.00,"npi":[1730612979]},{"billed_charge":52.00,"npi":[1730612979]},{"billed_charge":54.32,"npi":[1730612979]},{"billed_charge":90.00,"npi":[1730612979]},{"billed_charge":94.00,"npi":[1730612979]},{"billed_charge":114.00,"npi":[1730612979]},{"billed_charge":173.00,"npi":[1730612979]},{"billed_charge":187.68,"npi":[1730612979]},{"billed_charge":208.00,"npi":[1730612979]},{"billed_charge":247.00,"npi":[1730612979]},{"billed_charge":400.00,"npi":[1730612979]}]},{"allowed_amount":0.00,"billing_code_modifier":[""],"providers":[{"billed_charge":49.00,"npi":[1730612979]},{"billed_charge":52.00,"npi":[1730612979]},{"billed_charge":54.32,"npi":[1730612979]},{"billed_charge":90.00,"npi":[1730612979]},{"billed_charge":94.00,"npi":[1730612979]},{"billed_charge":114.00,"npi":[1730612979]},{"billed_charge":173.00,"npi":[1730612979]},{"billed_charge":187.68,"npi":[1730612979]},{"billed_charge":208.00,"npi":[1730612979]},{"billed_charge":247.00,"npi":[1730612979]},{"billed_charge":400.00,"npi":[1730612979]}]},{"allowed_amount":0.00,"billing_code_modifier":[""],"providers":[{"billed_charge":49.00,"npi":[1730612979]},{"billed_charge":52.00,"npi":[1730612979]},{"billed_charge":54.32,"npi":[1730612979]},{"billed_charge":90.00,"npi":[1730612979]},{"billed_charge":94.00,"npi":[1730612979]},{"billed_charge":114.00,"npi":[1730612979]},{"billed_charge":173.00,"npi":[1730612979]},{"billed_charge":187.68,"npi":[1730612979]},{"billed_charge":208.00,"npi":[1730612979]},{"billed_charge":247.00,"npi":[1730612979]},{"billed_charge":400.00,"npi":[1730612979]}]},{"allowed_amount":0.00,"billing_code_modifier":[""],"providers":[{"billed_charge":49.00,"npi":[1730612979]},{"billed_charge":52.00,"npi":[1730612979]},{"billed_charge":54.32,"npi":[1730612979]},{"billed_charge":90.00,"npi":[1730612979]},{"billed_charge":94.00,"npi":[1730612979]},{"billed_charge":114.00,"npi":[1730612979]},{"billed_charge":173.00,"npi":[1730612979]},{"billed_charge":187.68,"npi":[1730612979]},{"billed_charge":208.00,"npi":[1730612979]},{"billed_charge":247.00,"npi":[1730612979]},{"billed_charge":400.00,"npi":[1730612979]}]},{"allowed_amount":0.00,"billing_code_modifier":[""],"providers":[{"billed_charge":49.00,"npi":[1730612979]},{"billed_charge":52.00,"npi":[1730612979]},{"billed_charge":54.32,"npi":[1730612979]},{"billed_charge":90.00,"npi":[1730612979]},{"billed_charge":94.00,"npi":[1730612979]},{"billed_charge":114.00,"npi":[1730612979]},{"billed_charge":173.00,"npi":[1730612979]},{"billed_charge":187.68,"npi":[1730612979]},{"billed_charge":208.00,"npi":[1730612979]},{"billed_charge":247.00,"npi":[1730612979]},{"billed_charge":400.00,"npi":[1730612979]}]}]},{"tin":{"type":"ein","value":"811862049"},"service_code":["23"],"billing_class":"institutional","payments":[{"allowed_amount":0.00,"billing_code_modifier":[""],"providers":[{"billed_charge":49.00,"npi":[1730612979]},{"billed_charge":52.00,"npi":[1730612979]},{"billed_charge":54.32,"npi":[1730612979]},{"billed_charge":90.00,"npi":[1730612979]},{"billed_charge":94.00,"npi":[1730612979]},{"billed_charge":114.00,"npi":[1730612979]},{"billed_charge":173.00,"npi":[1730612979]},{"billed_charge":187.68,"npi":[1730612979]},{"billed_charge":208.00,"npi":[1730612979]},{"billed_charge":247.00,"npi":[1730612979]},{"billed_charge":400.00,"npi":[1730612979]}]},{"allowed_amount":0.00,"billing_code_modifier":[""],"providers":[{"billed_charge":49.00,"npi":[1730612979]},{"billed_charge":52.00,"npi":[1730612979]},{"billed_charge":54.32,"npi":[1730612979]},{"billed_charge":90.00,"npi":[1730612979]},{"billed_charge":94.00,"npi":[1730612979]},{"billed_charge":114.00,"npi":[1730612979]},{"billed_charge":173.00,"npi":[1730612979]},{"billed_charge":187.68,"npi":[1730612979]},{"billed_charge":208.00,"npi":[1730612979]},{"billed_charge":247.00,"npi":[1730612979]},{"billed_charge":400.00,"npi":[1730612979]}]},{"allowed_amount":0.00,"billing_code_modifier":[""],"providers":[{"billed_charge":49.00,"npi":[1730612979]},{"billed_charge":52.00,"npi":[1730612979]},{"billed_charge":54.32,"npi":[1730612979]},{"billed_charge":90.00,"npi":[1730612979]},{"billed_charge":94.00,"npi":[1730612979]},{"billed_charge":114.00,"npi":[1730612979]},{"billed_charge":173.00,"npi":[1730612979]},{"billed_charge":187.68,"npi":[1730612979]},{"billed_charge":208.00,"npi":[1730612979]},{"billed_charge":247.00,"npi":[1730612979]},{"billed_charge":400.00,"npi":[1730612979]}]},{"allowed_amount":0.00,"billing_code_modifier":[""],"providers":[{"billed_charge":49.00,"npi":[1730612979]},{"billed_charge":52.00,"npi":[1730612979]},{"billed_charge":54.32,"npi":[1730612979]},{"billed_charge":90.00,"npi":[1730612979]},{"billed_charge":94.00,"npi":[1730612979]},{"billed_charge":114.00,"npi":[1730612979]},{"billed_charge":173.00,"npi":[1730612979]},{"billed_charge":187.68,"npi":[1730612979]},{"billed_charge":208.00,"npi":[1730612979]},{"billed_charge":247.00,"npi":[1730612979]},{"billed_charge":400.00,"npi":[1730612979]}]},{"allowed_amount":0.00,"billing_code_modifier":[""],"providers":[{"billed_charge":49.00,"npi":[1730612979]},{"billed_charge":52.00,"npi":[1730612979]},{"billed_charge":54.32,"npi":[1730612979]},{"billed_charge":90.00,"npi":[1730612979]},{"billed_charge":94.00,"npi":[1730612979]},{"billed_charge":114.00,"npi":[1730612979]},{"billed_charge":173.00,"npi":[1730612979]},{"billed_charge":187.68,"npi":[1730612979]},{"billed_charge":208.00,"npi":[1730612979]},{"billed_charge":247.00,"npi":[1730612979]},{"billed_charge":400.00,"npi":[1730612979]}]},{"allowed_amount":0.00,"billing_code_modifier":[""],"providers":[{"billed_charge":49.00,"npi":[1730612979]},{"billed_charge":52.00,"npi":[1730612979]},{"billed_charge":54.32,"npi":[1730612979]},{"billed_charge":90.00,"npi":[1730612979]},{"billed_charge":94.00,"npi":[1730612979]},{"billed_charge":114.00,"npi":[1730612979]},{"billed_charge":173.00,"npi":[1730612979]},{"billed_charge":187.68,"npi":[1730612979]},{"billed_charge":208.00,"npi":[1730612979]},{"billed_charge":247.00,"npi":[1730612979]},{"billed_charge":400.00,"npi":[1730612979]}]},{"allowed_amount":0.00,"billing_code_modifier":[""],"providers":[{"billed_charge":49.00,"npi":[1730612979]},{"billed_charge":52.00,"npi":[1730612979]},{"billed_charge":54.32,"npi":[1730612979]},{"billed_charge":90.00,"npi":[1730612979]},{"billed_charge":94.00,"npi":[1730612979]},{"billed_charge":114.00,"npi":[1730612979]},{"billed_charge":173.00,"npi":[1730612979]},{"billed_charge":187.68,"npi":[1730612979]},{"billed_charge":208.00,"npi":[1730612979]},{"billed_charge":247.00,"npi":[1730612979]},{"billed_charge":400.00,"npi":[1730612979]}]},{"allowed_amount":0.00,"billing_code_modifier":[""],"providers":[{"billed_charge":49.00,"npi":[1730612979]},{"billed_charge":52.00,"npi":[1730612979]},{"billed_charge":54.32,"npi":[1730612979]},{"billed_charge":90.00,"npi":[1730612979]},{"billed_charge":94.00,"npi":[1730612979]},{"billed_charge":114.00,"npi":[1730612979]},{"billed_charge":173.00,"npi":[1730612979]},{"billed_charge":187.68,"npi":[1730612979]},{"billed_charge":208.00,"npi":[1730612979]},{"billed_charge":247.00,"npi":[1730612979]},{"billed_charge":400.00,"npi":[1730612979]}]},{"allowed_amount":0.00,"billing_code_modifier":[""],"providers":[{"billed_charge":49.00,"npi":[1730612979]},{"billed_charge":52.00,"npi":[1730612979]},{"billed_charge":54.32,"npi":[1730612979]},{"billed_charge":90.00,"npi":[1730612979]},{"billed_charge":94.00,"npi":[1730612979]},{"billed_charge":114.00,"npi":[1730612979]},{"billed_charge":173.00,"npi":[1730612979]},{"billed_charge":187.68,"npi":[1730612979]},{"billed_charge":208.00,"npi":[1730612979]},{"billed_charge":247.00,"npi":[1730612979]},{"billed_charge":400.00,"npi":[1730612979]}]},{"allowed_amount":0.00,"billing_code_modifier":[""],"providers":[{"billed_charge":49.00,"npi":[1730612979]},{"billed_charge":52.00,"npi":[1730612979]},{"billed_charge":54.32,"npi":[1730612979]},{"billed_charge":90.00,"npi":[1730612979]},{"billed_charge":94.00,"npi":[1730612979]},{"billed_charge":114.00,"npi":[1730612979]},{"billed_charge":173.00,"npi":[1730612979]},{"billed_charge":187.68,"npi":[1730612979]},{"billed_charge":208.00,"npi":[1730612979]},{"billed_charge":247.00,"npi":[1730612979]},{"billed_charge":400.00,"npi":[1730612979]}]},{"allowed_amount":0.00,"billing_code_modifier":[""],"providers":[{"billed_charge":49.00,"npi":[1730612979]},{"billed_charge":52.00,"npi":[1730612979]},{"billed_charge":54.32,"npi":[1730612979]},{"billed_charge":90.00,"npi":[1730612979]},{"billed_charge":94.00,"npi":[1730612979]},{"billed_charge":114.00,"npi":[1730612979]},{"billed_charge":173.00,"npi":[1730612979]},{"billed_charge":187.68,"npi":[1730612979]},{"billed_charge":208.00,"npi":[1730612979]},{"billed_charge":247.00,"npi":[1730612979]},{"billed_charge":400.00,"npi":[1730612979]}]}]},{"tin":{"type":"ein","value":"811862049"},"service_code":["23"],"billing_class":"institutional","payments":[{"allowed_amount":0.00,"billing_code_modifier":[""],"providers":[{"billed_charge":49.00,"npi":[1730612979]},{"billed_charge":52.00,"npi":[1730612979]},{"billed_charge":54.32,"npi":[1730612979]},{"billed_charge":90.00,"npi":[1730612979]},{"billed_charge":94.00,"npi":[1730612979]},{"billed_charge":114.00,"npi":[1730612979]},{"billed_charge":173.00,"npi":[1730612979]},{"billed_charge":187.68,"npi":[1730612979]},{"billed_charge":208.00,"npi":[1730612979]},{"billed_charge":247.00,"npi":[1730612979]},{"billed_charge":400.00,"npi":[1730612979]}]},{"allowed_amount":0.00,"billing_code_modifier":[""],"providers":[{"billed_charge":49.00,"npi":[1730612979]},{"billed_charge":52.00,"npi":[1730612979]},{"billed_charge":54.32,"npi":[1730612979]},{"billed_charge":90.00,"npi":[1730612979]},{"billed_charge":94.00,"npi":[1730612979]},{"billed_charge":114.00,"npi":[1730612979]},{"billed_charge":173.00,"npi":[1730612979]},{"billed_charge":187.68,"npi":[1730612979]},{"billed_charge":208.00,"npi":[1730612979]},{"billed_charge":247.00,"npi":[1730612979]},{"billed_charge":400.00,"npi":[1730612979]}]},{"allowed_amount":0.00,"billing_code_modifier":[""],"providers":[{"billed_charge":49.00,"npi":[1730612979]},{"billed_charge":52.00,"npi":[1730612979]},{"billed_charge":54.32,"npi":[1730612979]},{"billed_charge":90.00,"npi":[1730612979]},{"billed_charge":94.00,"npi":[1730612979]},{"billed_charge":114.00,"npi":[1730612979]},{"billed_charge":173.00,"npi":[1730612979]},{"billed_charge":187.68,"npi":[1730612979]},{"billed_charge":208.00,"npi":[1730612979]},{"billed_charge":247.00,"npi":[1730612979]},{"billed_charge":400.00,"npi":[1730612979]}]},{"allowed_amount":0.00,"billing_code_modifier":[""],"providers":[{"billed_charge":49.00,"npi":[1730612979]},{"billed_charge":52.00,"npi":[1730612979]},{"billed_charge":54.32,"npi":[1730612979]},{"billed_charge":90.00,"npi":[1730612979]},{"billed_charge":94.00,"npi":[1730612979]},{"billed_charge":114.00,"npi":[1730612979]},{"billed_charge":173.00,"npi":[1730612979]},{"billed_charge":187.68,"npi":[1730612979]},{"billed_charge":208.00,"npi":[1730612979]},{"billed_charge":247.00,"npi":[1730612979]},{"billed_charge":400.00,"npi":[1730612979]}]},{"allowed_amount":0.00,"billing_code_modifier":[""],"providers":[{"billed_charge":49.00,"npi":[1730612979]},{"billed_charge":52.00,"npi":[1730612979]},{"billed_charge":54.32,"npi":[1730612979]},{"billed_charge":90.00,"npi":[1730612979]},{"billed_charge":94.00,"npi":[1730612979]},{"billed_charge":114.00,"npi":[1730612979]},{"billed_charge":173.00,"npi":[1730612979]},{"billed_charge":187.68,"npi":[1730612979]},{"billed_charge":208.00,"npi":[1730612979]},{"billed_charge":247.00,"npi":[1730612979]},{"billed_charge":400.00,"npi":[1730612979]}]},{"allowed_amount":0.00,"billing_code_modifier":[""],"providers":[{"billed_charge":49.00,"npi":[1730612979]},{"billed_charge":52.00,"npi":[1730612979]},{"billed_charge":54.32,"npi":[1730612979]},{"billed_charge":90.00,"npi":[1730612979]},{"billed_charge":94.00,"npi":[1730612979]},{"billed_charge":114.00,"npi":[1730612979]},{"billed_charge":173.00,"npi":[1730612979]},{"billed_charge":187.68,"npi":[1730612979]},{"billed_charge":208.00,"npi":[1730612979]},{"billed_charge":247.00,"npi":[1730612979]},{"billed_charge":400.00,"npi":[1730612979]}]},{"allowed_amount":0.00,"billing_code_modifier":[""],"providers":[{"billed_charge":49.00,"npi":[1730612979]},{"billed_charge":52.00,"npi":[1730612979]},{"billed_charge":54.32,"npi":[1730612979]},{"billed_charge":90.00,"npi":[1730612979]},{"billed_charge":94.00,"npi":[1730612979]},{"billed_charge":114.00,"npi":[1730612979]},{"billed_charge":173.00,"npi":[1730612979]},{"billed_charge":187.68,"npi":[1730612979]},{"billed_charge":208.00,"npi":[1730612979]},{"billed_charge":247.00,"npi":[1730612979]},{"billed_charge":400.00,"npi":[1730612979]}]},{"allowed_amount":0.00,"billing_code_modifier":[""],"providers":[{"billed_charge":49.00,"npi":[1730612979]},{"billed_charge":52.00,"npi":[1730612979]},{"billed_charge":54.32,"npi":[1730612979]},{"billed_charge":90.00,"npi":[1730612979]},{"billed_charge":94.00,"npi":[1730612979]},{"billed_charge":114.00,"npi":[1730612979]},{"billed_charge":173.00,"npi":[1730612979]},{"billed_charge":187.68,"npi":[1730612979]},{"billed_charge":208.00,"npi":[1730612979]},{"billed_charge":247.00,"npi":[1730612979]},{"billed_charge":400.00,"npi":[1730612979]}]},{"allowed_amount":0.00,"billing_code_modifier":[""],"providers":[{"billed_charge":49.00,"npi":[1730612979]},{"billed_charge":52.00,"npi":[1730612979]},{"billed_charge":54.32,"npi":[1730612979]},{"billed_charge":90.00,"npi":[1730612979]},{"billed_charge":94.00,"npi":[1730612979]},{"billed_charge":114.00,"npi":[1730612979]},{"billed_charge":173.00,"npi":[1730612979]},{"billed_charge":187.68,"npi":[1730612979]},{"billed_charge":208.00,"npi":[1730612979]},{"billed_charge":247.00,"npi":[1730612979]},{"billed_charge":400.00,"npi":[1730612979]}]},{"allowed_amount":0.00,"billing_code_modifier":[""],"providers":[{"billed_charge":49.00,"npi":[1730612979]},{"billed_charge":52.00,"npi":[1730612979]},{"billed_charge":54.32,"npi":[1730612979]},{"billed_charge":90.00,"npi":[1730612979]},{"billed_charge":94.00,"npi":[1730612979]},{"billed_charge":114.00,"npi":[1730612979]},{"billed_charge":173.00,"npi":[1730612979]},{"billed_charge":187.68,"npi":[1730612979]},{"billed_charge":208.00,"npi":[1730612979]},{"billed_charge":247.00,"npi":[1730612979]},{"billed_charge":400.00,"npi":[1730612979]}]},{"allowed_amount":0.00,"billing_code_modifier":[""],"providers":[{"billed_charge":49.00,"npi":[1730612979]},{"billed_charge":52.00,"npi":[1730612979]},{"billed_charge":54.32,"npi":[1730612979]},{"billed_charge":90.00,"npi":[1730612979]},{"billed_charge":94.00,"npi":[1730612979]},{"billed_charge":114.00,"npi":[1730612979]},{"billed_charge":173.00,"npi":[1730612979]},{"billed_charge":187.68,"npi":[1730612979]},{"billed_charge":208.00,"npi":[1730612979]},{"billed_charge":247.00,"npi":[1730612979]},{"billed_charge":400.00,"npi":[1730612979]}]}]},{"tin":{"type":"ein","value":"811862049"},"service_code":["23"],"billing_class":"institutional","payments":[{"allowed_amount":0.00,"billing_code_modifier":[""],"providers":[{"billed_charge":49.00,"npi":[1730612979]},{"billed_charge":52.00,"npi":[1730612979]},{"billed_charge":54.32,"npi":[1730612979]},{"billed_charge":90.00,"npi":[1730612979]},{"billed_charge":94.00,"npi":[1730612979]},{"billed_charge":114.00,"npi":[1730612979]},{"billed_charge":173.00,"npi":[1730612979]},{"billed_charge":187.68,"npi":[1730612979]},{"billed_charge":208.00,"npi":[1730612979]},{"billed_charge":247.00,"npi":[1730612979]},{"billed_charge":400.00,"npi":[1730612979]}]},{"allowed_amount":0.00,"billing_code_modifier":[""],"providers":[{"billed_charge":49.00,"npi":[1730612979]},{"billed_charge":52.00,"npi":[1730612979]},{"billed_charge":54.32,"npi":[1730612979]},{"billed_charge":90.00,"npi":[1730612979]},{"billed_charge":94.00,"npi":[1730612979]},{"billed_charge":114.00,"npi":[1730612979]},{"billed_charge":173.00,"npi":[1730612979]},{"billed_charge":187.68,"npi":[1730612979]},{"billed_charge":208.00,"npi":[1730612979]},{"billed_charge":247.00,"npi":[1730612979]},{"billed_charge":400.00,"npi":[1730612979]}]},{"allowed_amount":0.00,"billing_code_modifier":[""],"providers":[{"billed_charge":49.00,"npi":[1730612979]},{"billed_charge":52.00,"npi":[1730612979]},{"billed_charge":54.32,"npi":[1730612979]},{"billed_charge":90.00,"npi":[1730612979]},{"billed_charge":94.00,"npi":[1730612979]},{"billed_charge":114.00,"npi":[1730612979]},{"billed_charge":173.00,"npi":[1730612979]},{"billed_charge":187.68,"npi":[1730612979]},{"billed_charge":208.00,"npi":[1730612979]},{"billed_charge":247.00,"npi":[1730612979]},{"billed_charge":400.00,"npi":[1730612979]}]},{"allowed_amount":0.00,"billing_code_modifier":[""],"providers":[{"billed_charge":49.00,"npi":[1730612979]},{"billed_charge":52.00,"npi":[1730612979]},{"billed_charge":54.32,"npi":[1730612979]},{"billed_charge":90.00,"npi":[1730612979]},{"billed_charge":94.00,"npi":[1730612979]},{"billed_charge":114.00,"npi":[1730612979]},{"billed_charge":173.00,"npi":[1730612979]},{"billed_charge":187.68,"npi":[1730612979]},{"billed_charge":208.00,"npi":[1730612979]},{"billed_charge":247.00,"npi":[1730612979]},{"billed_charge":400.00,"npi":[1730612979]}]},{"allowed_amount":0.00,"billing_code_modifier":[""],"providers":[{"billed_charge":49.00,"npi":[1730612979]},{"billed_charge":52.00,"npi":[1730612979]},{"billed_charge":54.32,"npi":[1730612979]},{"billed_charge":90.00,"npi":[1730612979]},{"billed_charge":94.00,"npi":[1730612979]},{"billed_charge":114.00,"npi":[1730612979]},{"billed_charge":173.00,"npi":[1730612979]},{"billed_charge":187.68,"npi":[1730612979]},{"billed_charge":208.00,"npi":[1730612979]},{"billed_charge":247.00,"npi":[1730612979]},{"billed_charge":400.00,"npi":[1730612979]}]},{"allowed_amount":0.00,"billing_code_modifier":[""],"providers":[{"billed_charge":49.00,"npi":[1730612979]},{"billed_charge":52.00,"npi":[1730612979]},{"billed_charge":54.32,"npi":[1730612979]},{"billed_charge":90.00,"npi":[1730612979]},{"billed_charge":94.00,"npi":[1730612979]},{"billed_charge":114.00,"npi":[1730612979]},{"billed_charge":173.00,"npi":[1730612979]},{"billed_charge":187.68,"npi":[1730612979]},{"billed_charge":208.00,"npi":[1730612979]},{"billed_charge":247.00,"npi":[1730612979]},{"billed_charge":400.00,"npi":[1730612979]}]},{"allowed_amount":0.00,"billing_code_modifier":[""],"providers":[{"billed_charge":49.00,"npi":[1730612979]},{"billed_charge":52.00,"npi":[1730612979]},{"billed_charge":54.32,"npi":[1730612979]},{"billed_charge":90.00,"npi":[1730612979]},{"billed_charge":94.00,"npi":[1730612979]},{"billed_charge":114.00,"npi":[1730612979]},{"billed_charge":173.00,"npi":[1730612979]},{"billed_charge":187.68,"npi":[1730612979]},{"billed_charge":208.00,"npi":[1730612979]},{"billed_charge":247.00,"npi":[1730612979]},{"billed_charge":400.00,"npi":[1730612979]}]},{"allowed_amount":0.00,"billing_code_modifier":[""],"providers":[{"billed_charge":49.00,"npi":[1730612979]},{"billed_charge":52.00,"npi":[1730612979]},{"billed_charge":54.32,"npi":[1730612979]},{"billed_charge":90.00,"npi":[1730612979]},{"billed_charge":94.00,"npi":[1730612979]},{"billed_charge":114.00,"npi":[1730612979]},{"billed_charge":173.00,"npi":[1730612979]},{"billed_charge":187.68,"npi":[1730612979]},{"billed_charge":208.00,"npi":[1730612979]},{"billed_charge":247.00,"npi":[1730612979]},{"billed_charge":400.00,"npi":[1730612979]}]},{"allowed_amount":0.00,"billing_code_modifier":[""],"providers":[{"billed_charge":49.00,"npi":[1730612979]},{"billed_charge":52.00,"npi":[1730612979]},{"billed_charge":54.32,"npi":[1730612979]},{"billed_charge":90.00,"npi":[1730612979]},{"billed_charge":94.00,"npi":[1730612979]},{"billed_charge":114.00,"npi":[1730612979]},{"billed_charge":173.00,"npi":[1730612979]},{"billed_charge":187.68,"npi":[1730612979]},{"billed_charge":208.00,"npi":[1730612979]},{"billed_charge":247.00,"npi":[1730612979]},{"billed_charge":400.00,"npi":[1730612979]}]},{"allowed_amount":0.00,"billing_code_modifier":[""],"providers":[{"billed_charge":49.00,"npi":[1730612979]},{"billed_charge":52.00,"npi":[1730612979]},{"billed_charge":54.32,"npi":[1730612979]},{"billed_charge":90.00,"npi":[1730612979]},{"billed_charge":94.00,"npi":[1730612979]},{"billed_charge":114.00,"npi":[1730612979]},{"billed_charge":173.00,"npi":[1730612979]},{"billed_charge":187.68,"npi":[1730612979]},{"billed_charge":208.00,"npi":[1730612979]},{"billed_charge":247.00,"npi":[1730612979]},{"billed_charge":400.00,"npi":[1730612979]}]},{"allowed_amount":0.00,"billing_code_modifier":[""],"providers":[{"billed_charge":49.00,"npi":[1730612979]},{"billed_charge":52.00,"npi":[1730612979]},{"billed_charge":54.32,"npi":[1730612979]},{"billed_charge":90.00,"npi":[1730612979]},{"billed_charge":94.00,"npi":[1730612979]},{"billed_charge":114.00,"npi":[1730612979]},{"billed_charge":173.00,"npi":[1730612979]},{"billed_charge":187.68,"npi":[1730612979]},{"billed_charge":208.00,"npi":[1730612979]},{"billed_charge":247.00,"npi":[1730612979]},{"billed_charge":400.00,"npi":[1730612979]}]}]},{"tin":{"type":"ein","value":"811862049"},"service_code":["23"],"billing_class":"institutional","payments":[{"allowed_amount":0.00,"billing_code_modifier":[""],"providers":[{"billed_charge":49.00,"npi":[1730612979]},{"billed_charge":52.00,"npi":[1730612979]},{"billed_charge":54.32,"npi":[1730612979]},{"billed_charge":90.00,"npi":[1730612979]},{"billed_charge":94.00,"npi":[1730612979]},{"billed_charge":114.00,"npi":[1730612979]},{"billed_charge":173.00,"npi":[1730612979]},{"billed_charge":187.68,"npi":[1730612979]},{"billed_charge":208.00,"npi":[1730612979]},{"billed_charge":247.00,"npi":[1730612979]},{"billed_charge":400.00,"npi":[1730612979]}]},{"allowed_amount":0.00,"billing_code_modifier":[""],"providers":[{"billed_charge":49.00,"npi":[1730612979]},{"billed_charge":52.00,"npi":[1730612979]},{"billed_charge":54.32,"npi":[1730612979]},{"billed_charge":90.00,"npi":[1730612979]},{"billed_charge":94.00,"npi":[1730612979]},{"billed_charge":114.00,"npi":[1730612979]},{"billed_charge":173.00,"npi":[1730612979]},{"billed_charge":187.68,"npi":[1730612979]},{"billed_charge":208.00,"npi":[1730612979]},{"billed_charge":247.00,"npi":[1730612979]},{"billed_charge":400.00,"npi":[1730612979]}]},{"allowed_amount":0.00,"billing_code_modifier":[""],"providers":[{"billed_charge":49.00,"npi":[1730612979]},{"billed_charge":52.00,"npi":[1730612979]},{"billed_charge":54.32,"npi":[1730612979]},{"billed_charge":90.00,"npi":[1730612979]},{"billed_charge":94.00,"npi":[1730612979]},{"billed_charge":114.00,"npi":[1730612979]},{"billed_charge":173.00,"npi":[1730612979]},{"billed_charge":187.68,"npi":[1730612979]},{"billed_charge":208.00,"npi":[1730612979]},{"billed_charge":247.00,"npi":[1730612979]},{"billed_charge":400.00,"npi":[1730612979]}]},{"allowed_amount":0.00,"billing_code_modifier":[""],"providers":[{"billed_charge":49.00,"npi":[1730612979]},{"billed_charge":52.00,"npi":[1730612979]},{"billed_charge":54.32,"npi":[1730612979]},{"billed_charge":90.00,"npi":[1730612979]},{"billed_charge":94.00,"npi":[1730612979]},{"billed_charge":114.00,"npi":[1730612979]},{"billed_charge":173.00,"npi":[1730612979]},{"billed_charge":187.68,"npi":[1730612979]},{"billed_charge":208.00,"npi":[1730612979]},{"billed_charge":247.00,"npi":[1730612979]},{"billed_charge":400.00,"npi":[1730612979]}]},{"allowed_amount":0.00,"billing_code_modifier":[""],"providers":[{"billed_charge":49.00,"npi":[1730612979]},{"billed_charge":52.00,"npi":[1730612979]},{"billed_charge":54.32,"npi":[1730612979]},{"billed_charge":90.00,"npi":[1730612979]},{"billed_charge":94.00,"npi":[1730612979]},{"billed_charge":114.00,"npi":[1730612979]},{"billed_charge":173.00,"npi":[1730612979]},{"billed_charge":187.68,"npi":[1730612979]},{"billed_charge":208.00,"npi":[1730612979]},{"billed_charge":247.00,"npi":[1730612979]},{"billed_charge":400.00,"npi":[1730612979]}]},{"allowed_amount":0.00,"billing_code_modifier":[""],"providers":[{"billed_charge":49.00,"npi":[1730612979]},{"billed_charge":52.00,"npi":[1730612979]},{"billed_charge":54.32,"npi":[1730612979]},{"billed_charge":90.00,"npi":[1730612979]},{"billed_charge":94.00,"npi":[1730612979]},{"billed_charge":114.00,"npi":[1730612979]},{"billed_charge":173.00,"npi":[1730612979]},{"billed_charge":187.68,"npi":[1730612979]},{"billed_charge":208.00,"npi":[1730612979]},{"billed_charge":247.00,"npi":[1730612979]},{"billed_charge":400.00,"npi":[1730612979]}]},{"allowed_amount":0.00,"billing_code_modifier":[""],"providers":[{"billed_charge":49.00,"npi":[1730612979]},{"billed_charge":52.00,"npi":[1730612979]},{"billed_charge":54.32,"npi":[1730612979]},{"billed_charge":90.00,"npi":[1730612979]},{"billed_charge":94.00,"npi":[1730612979]},{"billed_charge":114.00,"npi":[1730612979]},{"billed_charge":173.00,"npi":[1730612979]},{"billed_charge":187.68,"npi":[1730612979]},{"billed_charge":208.00,"npi":[1730612979]},{"billed_charge":247.00,"npi":[1730612979]},{"billed_charge":400.00,"npi":[1730612979]}]},{"allowed_amount":0.00,"billing_code_modifier":[""],"providers":[{"billed_charge":49.00,"npi":[1730612979]},{"billed_charge":52.00,"npi":[1730612979]},{"billed_charge":54.32,"npi":[1730612979]},{"billed_charge":90.00,"npi":[1730612979]},{"billed_charge":94.00,"npi":[1730612979]},{"billed_charge":114.00,"npi":[1730612979]},{"billed_charge":173.00,"npi":[1730612979]},{"billed_charge":187.68,"npi":[1730612979]},{"billed_charge":208.00,"npi":[1730612979]},{"billed_charge":247.00,"npi":[1730612979]},{"billed_charge":400.00,"npi":[1730612979]}]},{"allowed_amount":0.00,"billing_code_modifier":[""],"providers":[{"billed_charge":49.00,"npi":[1730612979]},{"billed_charge":52.00,"npi":[1730612979]},{"billed_charge":54.32,"npi":[1730612979]},{"billed_charge":90.00,"npi":[1730612979]},{"billed_charge":94.00,"npi":[1730612979]},{"billed_charge":114.00,"npi":[1730612979]},{"billed_charge":173.00,"npi":[1730612979]},{"billed_charge":187.68,"npi":[1730612979]},{"billed_charge":208.00,"npi":[1730612979]},{"billed_charge":247.00,"npi":[1730612979]},{"billed_charge":400.00,"npi":[1730612979]}]},{"allowed_amount":0.00,"billing_code_modifier":[""],"providers":[{"billed_charge":49.00,"npi":[1730612979]},{"billed_charge":52.00,"npi":[1730612979]},{"billed_charge":54.32,"npi":[1730612979]},{"billed_charge":90.00,"npi":[1730612979]},{"billed_charge":94.00,"npi":[1730612979]},{"billed_charge":114.00,"npi":[1730612979]},{"billed_charge":173.00,"npi":[1730612979]},{"billed_charge":187.68,"npi":[1730612979]},{"billed_charge":208.00,"npi":[1730612979]},{"billed_charge":247.00,"npi":[1730612979]},{"billed_charge":400.00,"npi":[1730612979]}]},{"allowed_amount":0.00,"billing_code_modifier":[""],"providers":[{"billed_charge":49.00,"npi":[1730612979]},{"billed_charge":52.00,"npi":[1730612979]},{"billed_charge":54.32,"npi":[1730612979]},{"billed_charge":90.00,"npi":[1730612979]},{"billed_charge":94.00,"npi":[1730612979]},{"billed_charge":114.00,"npi":[1730612979]},{"billed_charge":173.00,"npi":[1730612979]},{"billed_charge":187.68,"npi":[1730612979]},{"billed_charge":208.00,"npi":[1730612979]},{"billed_charge":247.00,"npi":[1730612979]},{"billed_charge":400.00,"npi":[1730612979]}]}]},{"tin":{"type":"ein","value":"811862049"},"service_code":["23"],"billing_class":"institutional","payments":[{"allowed_amount":0.00,"billing_code_modifier":[""],"providers":[{"billed_charge":49.00,"npi":[1730612979]},{"billed_charge":52.00,"npi":[1730612979]},{"billed_charge":54.32,"npi":[1730612979]},{"billed_charge":90.00,"npi":[1730612979]},{"billed_charge":94.00,"npi":[1730612979]},{"billed_charge":114.00,"npi":[1730612979]},{"billed_charge":173.00,"npi":[1730612979]},{"billed_charge":187.68,"npi":[1730612979]},{"billed_charge":208.00,"npi":[1730612979]},{"billed_charge":247.00,"npi":[1730612979]},{"billed_charge":400.00,"npi":[1730612979]}]},{"allowed_amount":0.00,"billing_code_modifier":[""],"providers":[{"billed_charge":49.00,"npi":[1730612979]},{"billed_charge":52.00,"npi":[1730612979]},{"billed_charge":54.32,"npi":[1730612979]},{"billed_charge":90.00,"npi":[1730612979]},{"billed_charge":94.00,"npi":[1730612979]},{"billed_charge":114.00,"npi":[1730612979]},{"billed_charge":173.00,"npi":[1730612979]},{"billed_charge":187.68,"npi":[1730612979]},{"billed_charge":208.00,"npi":[1730612979]},{"billed_charge":247.00,"npi":[1730612979]},{"billed_charge":400.00,"npi":[1730612979]}]},{"allowed_amount":0.00,"billing_code_modifier":[""],"providers":[{"billed_charge":49.00,"npi":[1730612979]},{"billed_charge":52.00,"npi":[1730612979]},{"billed_charge":54.32,"npi":[1730612979]},{"billed_charge":90.00,"npi":[1730612979]},{"billed_charge":94.00,"npi":[1730612979]},{"billed_charge":114.00,"npi":[1730612979]},{"billed_charge":173.00,"npi":[1730612979]},{"billed_charge":187.68,"npi":[1730612979]},{"billed_charge":208.00,"npi":[1730612979]},{"billed_charge":247.00,"npi":[1730612979]},{"billed_charge":400.00,"npi":[1730612979]}]},{"allowed_amount":0.00,"billing_code_modifier":[""],"providers":[{"billed_charge":49.00,"npi":[1730612979]},{"billed_charge":52.00,"npi":[1730612979]},{"billed_charge":54.32,"npi":[1730612979]},{"billed_charge":90.00,"npi":[1730612979]},{"billed_charge":94.00,"npi":[1730612979]},{"billed_charge":114.00,"npi":[1730612979]},{"billed_charge":173.00,"npi":[1730612979]},{"billed_charge":187.68,"npi":[1730612979]},{"billed_charge":208.00,"npi":[1730612979]},{"billed_charge":247.00,"npi":[1730612979]},{"billed_charge":400.00,"npi":[1730612979]}]},{"allowed_amount":0.00,"billing_code_modifier":[""],"providers":[{"billed_charge":49.00,"npi":[1730612979]},{"billed_charge":52.00,"npi":[1730612979]},{"billed_charge":54.32,"npi":[1730612979]},{"billed_charge":90.00,"npi":[1730612979]},{"billed_charge":94.00,"npi":[1730612979]},{"billed_charge":114.00,"npi":[1730612979]},{"billed_charge":173.00,"npi":[1730612979]},{"billed_charge":187.68,"npi":[1730612979]},{"billed_charge":208.00,"npi":[1730612979]},{"billed_charge":247.00,"npi":[1730612979]},{"billed_charge":400.00,"npi":[1730612979]}]},{"allowed_amount":0.00,"billing_code_modifier":[""],"providers":[{"billed_charge":49.00,"npi":[1730612979]},{"billed_charge":52.00,"npi":[1730612979]},{"billed_charge":54.32,"npi":[1730612979]},{"billed_charge":90.00,"npi":[1730612979]},{"billed_charge":94.00,"npi":[1730612979]},{"billed_charge":114.00,"npi":[1730612979]},{"billed_charge":173.00,"npi":[1730612979]},{"billed_charge":187.68,"npi":[1730612979]},{"billed_charge":208.00,"npi":[1730612979]},{"billed_charge":247.00,"npi":[1730612979]},{"billed_charge":400.00,"npi":[1730612979]}]},{"allowed_amount":0.00,"billing_code_modifier":[""],"providers":[{"billed_charge":49.00,"npi":[1730612979]},{"billed_charge":52.00,"npi":[1730612979]},{"billed_charge":54.32,"npi":[1730612979]},{"billed_charge":90.00,"npi":[1730612979]},{"billed_charge":94.00,"npi":[1730612979]},{"billed_charge":114.00,"npi":[1730612979]},{"billed_charge":173.00,"npi":[1730612979]},{"billed_charge":187.68,"npi":[1730612979]},{"billed_charge":208.00,"npi":[1730612979]},{"billed_charge":247.00,"npi":[1730612979]},{"billed_charge":400.00,"npi":[1730612979]}]},{"allowed_amount":0.00,"billing_code_modifier":[""],"providers":[{"billed_charge":49.00,"npi":[1730612979]},{"billed_charge":52.00,"npi":[1730612979]},{"billed_charge":54.32,"npi":[1730612979]},{"billed_charge":90.00,"npi":[1730612979]},{"billed_charge":94.00,"npi":[1730612979]},{"billed_charge":114.00,"npi":[1730612979]},{"billed_charge":173.00,"npi":[1730612979]},{"billed_charge":187.68,"npi":[1730612979]},{"billed_charge":208.00,"npi":[1730612979]},{"billed_charge":247.00,"npi":[1730612979]},{"billed_charge":400.00,"npi":[1730612979]}]},{"allowed_amount":0.00,"billing_code_modifier":[""],"providers":[{"billed_charge":49.00,"npi":[1730612979]},{"billed_charge":52.00,"npi":[1730612979]},{"billed_charge":54.32,"npi":[1730612979]},{"billed_charge":90.00,"npi":[1730612979]},{"billed_charge":94.00,"npi":[1730612979]},{"billed_charge":114.00,"npi":[1730612979]},{"billed_charge":173.00,"npi":[1730612979]},{"billed_charge":187.68,"npi":[1730612979]},{"billed_charge":208.00,"npi":[1730612979]},{"billed_charge":247.00,"npi":[1730612979]},{"billed_charge":400.00,"npi":[1730612979]}]},{"allowed_amount":0.00,"billing_code_modifier":[""],"providers":[{"billed_charge":49.00,"npi":[1730612979]},{"billed_charge":52.00,"npi":[1730612979]},{"billed_charge":54.32,"npi":[1730612979]},{"billed_charge":90.00,"npi":[1730612979]},{"billed_charge":94.00,"npi":[1730612979]},{"billed_charge":114.00,"npi":[1730612979]},{"billed_charge":173.00,"npi":[1730612979]},{"billed_charge":187.68,"npi":[1730612979]},{"billed_charge":208.00,"npi":[1730612979]},{"billed_charge":247.00,"npi":[1730612979]},{"billed_charge":400.00,"npi":[1730612979]}]},{"allowed_amount":0.00,"billing_code_modifier":[""],"providers":[{"billed_charge":49.00,"npi":[1730612979]},{"billed_charge":52.00,"npi":[1730612979]},{"billed_charge":54.32,"npi":[1730612979]},{"billed_charge":90.00,"npi":[1730612979]},{"billed_charge":94.00,"npi":[1730612979]},{"billed_charge":114.00,"npi":[1730612979]},{"billed_charge":173.00,"npi":[1730612979]},{"billed_charge":187.68,"npi":[1730612979]},{"billed_charge":208.00,"npi":[1730612979]},{"billed_charge":247.00,"npi":[1730612979]},{"billed_charge":400.00,"npi":[1730612979]}]}]},{"tin":{"type":"ein","value":"811862049"},"service_code":["23"],"billing_class":"institutional","payments":[{"allowed_amount":0.00,"billing_code_modifier":[""],"providers":[{"billed_charge":49.00,"npi":[1730612979]},{"billed_charge":52.00,"npi":[1730612979]},{"billed_charge":54.32,"npi":[1730612979]},{"billed_charge":90.00,"npi":[1730612979]},{"billed_charge":94.00,"npi":[1730612979]},{"billed_charge":114.00,"npi":[1730612979]},{"billed_charge":173.00,"npi":[1730612979]},{"billed_charge":187.68,"npi":[1730612979]},{"billed_charge":208.00,"npi":[1730612979]},{"billed_charge":247.00,"npi":[1730612979]},{"billed_charge":400.00,"npi":[1730612979]}]},{"allowed_amount":0.00,"billing_code_modifier":[""],"providers":[{"billed_charge":49.00,"npi":[1730612979]},{"billed_charge":52.00,"npi":[1730612979]},{"billed_charge":54.32,"npi":[1730612979]},{"billed_charge":90.00,"npi":[1730612979]},{"billed_charge":94.00,"npi":[1730612979]},{"billed_charge":114.00,"npi":[1730612979]},{"billed_charge":173.00,"npi":[1730612979]},{"billed_charge":187.68,"npi":[1730612979]},{"billed_charge":208.00,"npi":[1730612979]},{"billed_charge":247.00,"npi":[1730612979]},{"billed_charge":400.00,"npi":[1730612979]}]},{"allowed_amount":0.00,"billing_code_modifier":[""],"providers":[{"billed_charge":49.00,"npi":[1730612979]},{"billed_charge":52.00,"npi":[1730612979]},{"billed_charge":54.32,"npi":[1730612979]},{"billed_charge":90.00,"npi":[1730612979]},{"billed_charge":94.00,"npi":[1730612979]},{"billed_charge":114.00,"npi":[1730612979]},{"billed_charge":173.00,"npi":[1730612979]},{"billed_charge":187.68,"npi":[1730612979]},{"billed_charge":208.00,"npi":[1730612979]},{"billed_charge":247.00,"npi":[1730612979]},{"billed_charge":400.00,"npi":[1730612979]}]},{"allowed_amount":0.00,"billing_code_modifier":[""],"providers":[{"billed_charge":49.00,"npi":[1730612979]},{"billed_charge":52.00,"npi":[1730612979]},{"billed_charge":54.32,"npi":[1730612979]},{"billed_charge":90.00,"npi":[1730612979]},{"billed_charge":94.00,"npi":[1730612979]},{"billed_charge":114.00,"npi":[1730612979]},{"billed_charge":173.00,"npi":[1730612979]},{"billed_charge":187.68,"npi":[1730612979]},{"billed_charge":208.00,"npi":[1730612979]},{"billed_charge":247.00,"npi":[1730612979]},{"billed_charge":400.00,"npi":[1730612979]}]},{"allowed_amount":0.00,"billing_code_modifier":[""],"providers":[{"billed_charge":49.00,"npi":[1730612979]},{"billed_charge":52.00,"npi":[1730612979]},{"billed_charge":54.32,"npi":[1730612979]},{"billed_charge":90.00,"npi":[1730612979]},{"billed_charge":94.00,"npi":[1730612979]},{"billed_charge":114.00,"npi":[1730612979]},{"billed_charge":173.00,"npi":[1730612979]},{"billed_charge":187.68,"npi":[1730612979]},{"billed_charge":208.00,"npi":[1730612979]},{"billed_charge":247.00,"npi":[1730612979]},{"billed_charge":400.00,"npi":[1730612979]}]},{"allowed_amount":0.00,"billing_code_modifier":[""],"providers":[{"billed_charge":49.00,"npi":[1730612979]},{"billed_charge":52.00,"npi":[1730612979]},{"billed_charge":54.32,"npi":[1730612979]},{"billed_charge":90.00,"npi":[1730612979]},{"billed_charge":94.00,"npi":[1730612979]},{"billed_charge":114.00,"npi":[1730612979]},{"billed_charge":173.00,"npi":[1730612979]},{"billed_charge":187.68,"npi":[1730612979]},{"billed_charge":208.00,"npi":[1730612979]},{"billed_charge":247.00,"npi":[1730612979]},{"billed_charge":400.00,"npi":[1730612979]}]},{"allowed_amount":0.00,"billing_code_modifier":[""],"providers":[{"billed_charge":49.00,"npi":[1730612979]},{"billed_charge":52.00,"npi":[1730612979]},{"billed_charge":54.32,"npi":[1730612979]},{"billed_charge":90.00,"npi":[1730612979]},{"billed_charge":94.00,"npi":[1730612979]},{"billed_charge":114.00,"npi":[1730612979]},{"billed_charge":173.00,"npi":[1730612979]},{"billed_charge":187.68,"npi":[1730612979]},{"billed_charge":208.00,"npi":[1730612979]},{"billed_charge":247.00,"npi":[1730612979]},{"billed_charge":400.00,"npi":[1730612979]}]},{"allowed_amount":0.00,"billing_code_modifier":[""],"providers":[{"billed_charge":49.00,"npi":[1730612979]},{"billed_charge":52.00,"npi":[1730612979]},{"billed_charge":54.32,"npi":[1730612979]},{"billed_charge":90.00,"npi":[1730612979]},{"billed_charge":94.00,"npi":[1730612979]},{"billed_charge":114.00,"npi":[1730612979]},{"billed_charge":173.00,"npi":[1730612979]},{"billed_charge":187.68,"npi":[1730612979]},{"billed_charge":208.00,"npi":[1730612979]},{"billed_charge":247.00,"npi":[1730612979]},{"billed_charge":400.00,"npi":[1730612979]}]},{"allowed_amount":0.00,"billing_code_modifier":[""],"providers":[{"billed_charge":49.00,"npi":[1730612979]},{"billed_charge":52.00,"npi":[1730612979]},{"billed_charge":54.32,"npi":[1730612979]},{"billed_charge":90.00,"npi":[1730612979]},{"billed_charge":94.00,"npi":[1730612979]},{"billed_charge":114.00,"npi":[1730612979]},{"billed_charge":173.00,"npi":[1730612979]},{"billed_charge":187.68,"npi":[1730612979]},{"billed_charge":208.00,"npi":[1730612979]},{"billed_charge":247.00,"npi":[1730612979]},{"billed_charge":400.00,"npi":[1730612979]}]},{"allowed_amount":0.00,"billing_code_modifier":[""],"providers":[{"billed_charge":49.00,"npi":[1730612979]},{"billed_charge":52.00,"npi":[1730612979]},{"billed_charge":54.32,"npi":[1730612979]},{"billed_charge":90.00,"npi":[1730612979]},{"billed_charge":94.00,"npi":[1730612979]},{"billed_charge":114.00,"npi":[1730612979]},{"billed_charge":173.00,"npi":[1730612979]},{"billed_charge":187.68,"npi":[1730612979]},{"billed_charge":208.00,"npi":[1730612979]},{"billed_charge":247.00,"npi":[1730612979]},{"billed_charge":400.00,"npi":[1730612979]}]},{"allowed_amount":0.00,"billing_code_modifier":[""],"providers":[{"billed_charge":49.00,"npi":[1730612979]},{"billed_charge":52.00,"npi":[1730612979]},{"billed_charge":54.32,"npi":[1730612979]},{"billed_charge":90.00,"npi":[1730612979]},{"billed_charge":94.00,"npi":[1730612979]},{"billed_charge":114.00,"npi":[1730612979]},{"billed_charge":173.00,"npi":[1730612979]},{"billed_charge":187.68,"npi":[1730612979]},{"billed_charge":208.00,"npi":[1730612979]},{"billed_charge":247.00,"npi":[1730612979]},{"billed_charge":400.00,"npi":[1730612979]}]}]},{"tin":{"type":"ein","value":"820984034"},"service_code":["23"],"billing_class":"institutional","payments":[{"allowed_amount":0.00,"billing_code_modifier":[""],"providers":[{"billed_charge":101.34,"npi":[1558838607]},{"billed_charge":321.75,"npi":[1558838607]}]},{"allowed_amount":0.00,"billing_code_modifier":[""],"providers":[{"billed_charge":101.34,"npi":[1558838607]},{"billed_charge":321.75,"npi":[1558838607]}]}]},{"tin":{"type":"ein","value":"820984034"},"service_code":["23"],"billing_class":"institutional","payments":[{"allowed_amount":0.00,"billing_code_modifier":[""],"providers":[{"billed_charge":101.34,"npi":[1558838607]},{"billed_charge":321.75,"npi":[1558838607]}]},{"allowed_amount":0.00,"billing_code_modifier":[""],"providers":[{"billed_charge":101.34,"npi":[1558838607]},{"billed_charge":321.75,"npi":[1558838607]}]}]},{"tin":{"type":"ein","value":"842589283"},"service_code":["23"],"billing_class":"institutional","payments":[{"allowed_amount":0.00,"billing_code_modifier":[""],"providers":[{"billed_charge":124.14,"npi":[1902453970]},{"billed_charge":166.32,"npi":[1902453970]},{"billed_charge":168.36,"npi":[1902453970]}]},{"allowed_amount":0.00,"billing_code_modifier":[""],"providers":[{"billed_charge":124.14,"npi":[1902453970]},{"billed_charge":166.32,"npi":[1902453970]},{"billed_charge":168.36,"npi":[1902453970]}]},{"allowed_amount":0.00,"billing_code_modifier":[""],"providers":[{"billed_charge":124.14,"npi":[1902453970]},{"billed_charge":166.32,"npi":[1902453970]},{"billed_charge":168.36,"npi":[1902453970]}]}]},{"tin":{"type":"ein","value":"842589283"},"service_code":["23"],"billing_class":"institutional","payments":[{"allowed_amount":0.00,"billing_code_modifier":[""],"providers":[{"billed_charge":124.14,"npi":[1902453970]},{"billed_charge":166.32,"npi":[1902453970]},{"billed_charge":168.36,"npi":[1902453970]}]},{"allowed_amount":0.00,"billing_code_modifier":[""],"providers":[{"billed_charge":124.14,"npi":[1902453970]},{"billed_charge":166.32,"npi":[1902453970]},{"billed_charge":168.36,"npi":[1902453970]}]},{"allowed_amount":0.00,"billing_code_modifier":[""],"providers":[{"billed_charge":124.14,"npi":[1902453970]},{"billed_charge":166.32,"npi":[1902453970]},{"billed_charge":168.36,"npi":[1902453970]}]}]},{"tin":{"type":"ein","value":"842589283"},"service_code":["23"],"billing_class":"institutional","payments":[{"allowed_amount":0.00,"billing_code_modifier":[""],"providers":[{"billed_charge":124.14,"npi":[1902453970]},{"billed_charge":166.32,"npi":[1902453970]},{"billed_charge":168.36,"npi":[1902453970]}]},{"allowed_amount":0.00,"billing_code_modifier":[""],"providers":[{"billed_charge":124.14,"npi":[1902453970]},{"billed_charge":166.32,"npi":[1902453970]},{"billed_charge":168.36,"npi":[1902453970]}]},{"allowed_amount":0.00,"billing_code_modifier":[""],"providers":[{"billed_charge":124.14,"npi":[1902453970]},{"billed_charge":166.32,"npi":[1902453970]},{"billed_charge":168.36,"npi":[1902453970]}]}]}]}]}
