{"reporting_entity_name": "IEC Group_DBA AmeriBen",
	"reporting_entity_type": "Third Party Administrator",
	"plan_name": "TYLER TECHNOLOGIES INC",
	"plan_id_type": "ein",
	"plan_id": "752303920",
	"plan_market_type": "group",
	"last_updated_on": "2022-12-01","Version": "1.0.0","out_of_network":[{"name":"CHIROPRACTIC MANIPLTV TX EXTRASPINAL 1\/> REGION","billing_code_type":"CPT","billing_code_type_version":"2020","billing_code":"98943","description":"CHIROPRACTIC MANIPLTV TX EXTRASPINAL 1\/> REGION","allowed_amounts":[{"tin":{"type":"ein","value":"113833957"},"service_code":["11"],"billing_class":"professional","payments":[{"allowed_amount":45.47,"billing_code_modifier":[""],"providers":[{"billed_charge":136.25,"npi":[1093991606,1114197597]}]}]},{"tin":{"type":"ein","value":"812911206"},"service_code":["11"],"billing_class":"professional","payments":[{"allowed_amount":45.47,"billing_code_modifier":[""],"providers":[{"billed_charge":115.00,"npi":[1073978649,1457686032,1942755103]}]}]}]},{"name":"CHIROPRACTIC MANIPULATIVE TX SPINAL 3-4 REGIONS","billing_code_type":"CPT","billing_code_type_version":"2020","billing_code":"98941","description":"CHIROPRACTIC MANIPULATIVE TX SPINAL 3-4 REGIONS","allowed_amounts":[{"tin":{"type":"ein","value":"113833957"},"service_code":["11"],"billing_class":"professional","payments":[{"allowed_amount":67.10,"billing_code_modifier":[""],"providers":[{"billed_charge":125.00,"npi":[1093991606,1114197597]}]}]},{"tin":{"type":"ein","value":"812911206"},"service_code":["11"],"billing_class":"professional","payments":[{"allowed_amount":67.10,"billing_code_modifier":[""],"providers":[{"billed_charge":140.00,"npi":[1073978649,1457686032,1942755103]}]}]}]},{"name":"COVID-19 LAB TEST NON-CDC HTT","billing_code_type":"HCPCS","billing_code_type_version":"HCPCS LEVEL II 2021","billing_code":"U0004","description":"COVID-19 LAB TEST NON-CDC HTT","allowed_amounts":[{"tin":{"type":"ein","value":"272459098"},"service_code":["81"],"billing_class":"professional","payments":[{"allowed_amount":75.00,"billing_code_modifier":[""],"providers":[{"billed_charge":400.00,"npi":[1134439573,1427542877]}]}]},{"tin":{"type":"ein","value":"351955872"},"service_code":["81"],"billing_class":"professional","payments":[{"allowed_amount":75.00,"billing_code_modifier":[""],"providers":[{"billed_charge":166.00,"npi":[1144266024,1275537946]}]}]},{"tin":{"type":"ein","value":"462909664"},"service_code":["81"],"billing_class":"professional","payments":[{"allowed_amount":75.00,"billing_code_modifier":[""],"providers":[{"billed_charge":150.00,"npi":[1003244880,1770877060]}]}]},{"tin":{"type":"ein","value":"845066720"},"service_code":["81"],"billing_class":"professional","payments":[{"allowed_amount":75.00,"billing_code_modifier":[""],"providers":[{"billed_charge":220.00,"npi":[1033282967,1316573827]}]}]},{"tin":{"type":"ein","value":"853720606"},"service_code":["81"],"billing_class":"professional","payments":[{"allowed_amount":75.00,"billing_code_modifier":[""],"providers":[{"billed_charge":150.00,"npi":[1366045932,1841339025]}]}]},{"tin":{"type":"ein","value":"863907656"},"service_code":["81"],"billing_class":"professional","payments":[{"allowed_amount":75.00,"billing_code_modifier":[""],"providers":[{"billed_charge":150.00,"npi":[1396313813,1528068103]}]}]},{"tin":{"type":"ein","value":"873007294"},"service_code":["81"],"billing_class":"professional","payments":[{"allowed_amount":75.00,"billing_code_modifier":[""],"providers":[{"billed_charge":300.00,"npi":[1043973456,1386908010]}]}]}]},{"name":"DRUG TEST DEF 8-14 CLASSES","billing_code_type":"HCPCS","billing_code_type_version":"HCPCS LEVEL II 2021","billing_code":"G0481","description":"DRUG TEST DEF 8-14 CLASSES","allowed_amounts":[{"tin":{"type":"ein","value":"825371441"},"service_code":["81"],"billing_class":"professional","payments":[{"allowed_amount":67.41,"billing_code_modifier":[""],"providers":[{"billed_charge":2850.00,"npi":[1740424159,1902397110]}]}]}]},{"name":"HEMO OPD\/HOME: HEMODIALYSIS COMP OR OTHER RATE","billing_code_type":"RC","billing_code_type_version":"UB04","billing_code":"0821","description":"HEMO OPD\/HOME: HEMODIALYSIS COMP OR OTHER RATE","allowed_amounts":[{"tin":{"type":"ein","value":"620850498"},"service_code":["65"],"billing_class":"institutional","payments":[{"allowed_amount":237.16,"billing_code_modifier":[""],"providers":[{"billed_charge":2470.00,"npi":[1063789865,1093362618]}]}]},{"tin":{"type":"ein","value":"620850498"},"service_code":["65"],"billing_class":"institutional","payments":[{"allowed_amount":301.42,"billing_code_modifier":[""],"providers":[{"billed_charge":2470.00,"npi":[1063789865,1093362618]}]}]},{"tin":{"type":"ein","value":"620850498"},"service_code":["65"],"billing_class":"institutional","payments":[{"allowed_amount":312.10,"billing_code_modifier":[""],"providers":[{"billed_charge":2470.00,"npi":[1063789865,1093362618]}]}]},{"tin":{"type":"ein","value":"620850498"},"service_code":["65"],"billing_class":"institutional","payments":[{"allowed_amount":332.19,"billing_code_modifier":[""],"providers":[{"billed_charge":2470.00,"npi":[1063789865,1093362618]}]}]}]},{"name":"IA DET DNA\/RNA; COVID-19 AMP P T","billing_code_type":"HCPCS","billing_code_type_version":"HCPCS LEVEL II 2021","billing_code":"U0003","description":"IA DET DNA\/RNA; COVID-19 AMP P T","allowed_amounts":[{"tin":{"type":"ein","value":"043248020"},"service_code":["81"],"billing_class":"professional","payments":[{"allowed_amount":63.75,"billing_code_modifier":[""],"providers":[{"billed_charge":100.01,"npi":[1902184773,1952347791]}]}]},{"tin":{"type":"ein","value":"133757370"},"service_code":["81"],"billing_class":"professional","payments":[{"allowed_amount":75.00,"billing_code_modifier":[""],"providers":[{"billed_charge":100.00,"npi":[1043416696,1750368700]}]}]},{"tin":{"type":"ein","value":"320662982"},"service_code":["81"],"billing_class":"professional","payments":[{"allowed_amount":63.75,"billing_code_modifier":[""],"providers":[{"billed_charge":200.00,"npi":[1346417086,1588324958]}]}]},{"tin":{"type":"ein","value":"431039532"},"service_code":["81"],"billing_class":"professional","payments":[{"allowed_amount":63.75,"billing_code_modifier":[""],"providers":[{"billed_charge":100.00,"npi":[1578938890,1609812445]}]}]},{"tin":{"type":"ein","value":"472462178"},"service_code":["81"],"billing_class":"professional","payments":[{"allowed_amount":125.00,"billing_code_modifier":[""],"providers":[{"billed_charge":250.00,"npi":[1144731605,1508484569,1639311509,1962018374]}]}]},{"tin":{"type":"ein","value":"473727159"},"service_code":["81"],"billing_class":"professional","payments":[{"allowed_amount":75.00,"billing_code_modifier":[""],"providers":[{"billed_charge":125.00,"npi":[1912521568,1992314918]}]}]},{"tin":{"type":"ein","value":"473727159"},"service_code":["81"],"billing_class":"professional","payments":[{"allowed_amount":125.00,"billing_code_modifier":[""],"providers":[{"billed_charge":125.00,"npi":[1356005409,1912521568]}]}]},{"tin":{"type":"ein","value":"814460406"},"service_code":["81"],"billing_class":"professional","payments":[{"allowed_amount":75.00,"billing_code_modifier":[""],"providers":[{"billed_charge":200.00,"npi":[1306045521,1538507819]}]}]},{"tin":{"type":"ein","value":"842377669"},"service_code":["81"],"billing_class":"professional","payments":[{"allowed_amount":63.75,"billing_code_modifier":[""],"providers":[{"billed_charge":249.00,"npi":[1295778157,1649829987]}]}]},{"tin":{"type":"ein","value":"844799737"},"service_code":["81"],"billing_class":"professional","payments":[{"allowed_amount":75.00,"billing_code_modifier":[""],"providers":[{"billed_charge":125.00,"npi":[1023631579,1265400634]}]}]},{"tin":{"type":"ein","value":"845172222"},"service_code":["81"],"billing_class":"professional","payments":[{"allowed_amount":75.00,"billing_code_modifier":[""],"providers":[{"billed_charge":225.00,"npi":[1346769593,1659588762]}]}]},{"tin":{"type":"ein","value":"851054301"},"service_code":["81"],"billing_class":"professional","payments":[{"allowed_amount":75.00,"billing_code_modifier":[""],"providers":[{"billed_charge":225.00,"npi":[1467030536,1871630319]}]}]},{"tin":{"type":"ein","value":"852364612"},"service_code":["81"],"billing_class":"professional","payments":[{"allowed_amount":75.00,"billing_code_modifier":[""],"providers":[{"billed_charge":225.00,"npi":[1740685387,1790386746]}]}]},{"tin":{"type":"ein","value":"853164216"},"service_code":["81"],"billing_class":"professional","payments":[{"allowed_amount":75.00,"billing_code_modifier":[""],"providers":[{"billed_charge":150.00,"npi":[1225632029,1831362748]}]}]},{"tin":{"type":"ein","value":"853732667"},"service_code":["81"],"billing_class":"professional","payments":[{"allowed_amount":63.75,"billing_code_modifier":[""],"providers":[{"billed_charge":187.50,"npi":[1790387223,1821466897]}]}]},{"tin":{"type":"ein","value":"861213775"},"service_code":["81"],"billing_class":"professional","payments":[{"allowed_amount":75.00,"billing_code_modifier":[""],"providers":[{"billed_charge":190.00,"npi":[1831780402,1942278676]}]}]},{"tin":{"type":"ein","value":"872488369"},"service_code":["81"],"billing_class":"professional","payments":[{"allowed_amount":75.00,"billing_code_modifier":[""],"providers":[{"billed_charge":400.00,"npi":[1225706179]}]}]},{"tin":{"type":"ein","value":"873102949"},"service_code":["81"],"billing_class":"professional","payments":[{"allowed_amount":75.00,"billing_code_modifier":[""],"providers":[{"billed_charge":249.00,"npi":[1215508957,1356005920,1972710440]}]}]},{"tin":{"type":"ein","value":"873649966"},"service_code":["81"],"billing_class":"professional","payments":[{"allowed_amount":75.00,"billing_code_modifier":[""],"providers":[{"billed_charge":124.00,"npi":[1366109720,1720162167]}]}]},{"tin":{"type":"ein","value":"880241758"},"service_code":["81"],"billing_class":"professional","payments":[{"allowed_amount":63.75,"billing_code_modifier":[""],"providers":[{"billed_charge":100.00,"npi":[1124417357,1962523555]}]}]},{"tin":{"type":"ein","value":"880241758"},"service_code":["81"],"billing_class":"professional","payments":[{"allowed_amount":75.00,"billing_code_modifier":[""],"providers":[{"billed_charge":100.00,"npi":[1124417357,1184063067,1326028259,1598714016,1982688024]}]}]}]},{"name":"IADNA NOS AMPLIFIED PROBE TQ EACH ORGANISM","billing_code_type":"CPT","billing_code_type_version":"2020","billing_code":"87798","description":"IADNA NOS AMPLIFIED PROBE TQ EACH ORGANISM","allowed_amounts":[{"tin":{"type":"ein","value":"561565047"},"service_code":["81"],"billing_class":"professional","payments":[{"allowed_amount":26.32,"billing_code_modifier":[""],"providers":[{"billed_charge":60.22,"npi":[1073591822,1689664005]}]}]}]},{"name":"INFEC AGEN DETEC AMPLI PROBE","billing_code_type":"HCPCS","billing_code_type_version":"HCPCS LEVEL II 2021","billing_code":"U0005","description":"INFEC AGEN DETEC AMPLI PROBE","allowed_amounts":[{"tin":{"type":"ein","value":"043248020"},"service_code":["81"],"billing_class":"professional","payments":[{"allowed_amount":21.25,"billing_code_modifier":[""],"providers":[{"billed_charge":25.01,"npi":[1902184773,1952347791]}]}]},{"tin":{"type":"ein","value":"133757370"},"service_code":["81"],"billing_class":"professional","payments":[{"allowed_amount":25.00,"billing_code_modifier":[""],"providers":[{"billed_charge":25.00,"npi":[1043416696,1750368700]}]}]},{"tin":{"type":"ein","value":"270730954"},"service_code":["81"],"billing_class":"professional","payments":[{"allowed_amount":25.00,"billing_code_modifier":[""],"providers":[{"billed_charge":25.00,"npi":[1417029117,1477076941]}]}]},{"tin":{"type":"ein","value":"272459098"},"service_code":["81"],"billing_class":"professional","payments":[{"allowed_amount":25.00,"billing_code_modifier":[""],"providers":[{"billed_charge":100.00,"npi":[1134439573,1427542877]}]}]},{"tin":{"type":"ein","value":"320662982"},"service_code":["81"],"billing_class":"professional","payments":[{"allowed_amount":21.25,"billing_code_modifier":[""],"providers":[{"billed_charge":50.00,"npi":[1346417086,1588324958]}]}]},{"tin":{"type":"ein","value":"431039532"},"service_code":["81"],"billing_class":"professional","payments":[{"allowed_amount":21.25,"billing_code_modifier":[""],"providers":[{"billed_charge":25.00,"npi":[1578938890,1609812445]}]}]},{"tin":{"type":"ein","value":"462909664"},"service_code":["81"],"billing_class":"professional","payments":[{"allowed_amount":25.00,"billing_code_modifier":[""],"providers":[{"billed_charge":25.00,"npi":[1003244880,1770877060]}]}]},{"tin":{"type":"ein","value":"472462178"},"service_code":["81"],"billing_class":"professional","payments":[{"allowed_amount":0.00,"billing_code_modifier":[""],"providers":[{"billed_charge":50.00,"npi":[1144731605,1508484569,1639311509,1962018374]}]}]},{"tin":{"type":"ein","value":"472462178"},"service_code":["81"],"billing_class":"professional","payments":[{"allowed_amount":50.00,"billing_code_modifier":[""],"providers":[{"billed_charge":50.00,"npi":[1144731605,1639311509,1962018374]}]}]},{"tin":{"type":"ein","value":"473727159"},"service_code":["81"],"billing_class":"professional","payments":[{"allowed_amount":0.00,"billing_code_modifier":[""],"providers":[{"billed_charge":25.00,"npi":[1912521568,1992314918]}]}]},{"tin":{"type":"ein","value":"831342609"},"service_code":["81"],"billing_class":"professional","payments":[{"allowed_amount":0.00,"billing_code_modifier":[""],"providers":[{"billed_charge":100.00,"npi":[1053541581,1073101028,1487815387]}]}]},{"tin":{"type":"ein","value":"831342609"},"service_code":["81"],"billing_class":"professional","payments":[{"allowed_amount":50.00,"billing_code_modifier":[""],"providers":[{"billed_charge":100.00,"npi":[1073101028,1487815387]}]}]},{"tin":{"type":"ein","value":"832522386"},"service_code":["81"],"billing_class":"professional","payments":[{"allowed_amount":50.00,"billing_code_modifier":[""],"providers":[{"billed_charge":50.00,"npi":[1184253650,1316245558]}]}]},{"tin":{"type":"ein","value":"833301652"},"service_code":["81"],"billing_class":"professional","payments":[{"allowed_amount":0.00,"billing_code_modifier":[""],"providers":[{"billed_charge":150.00,"npi":[1043298219,1801449327]}]}]},{"tin":{"type":"ein","value":"842377669"},"service_code":["81"],"billing_class":"professional","payments":[{"allowed_amount":21.25,"billing_code_modifier":[""],"providers":[{"billed_charge":25.00,"npi":[1295778157,1649829987]}]}]},{"tin":{"type":"ein","value":"842377669"},"service_code":["81"],"billing_class":"professional","payments":[{"allowed_amount":25.00,"billing_code_modifier":[""],"providers":[{"billed_charge":25.00,"npi":[1649829987,1720127970]}]}]},{"tin":{"type":"ein","value":"844799737"},"service_code":["81"],"billing_class":"professional","payments":[{"allowed_amount":25.00,"billing_code_modifier":[""],"providers":[{"billed_charge":37.50,"npi":[1023631579,1265400634]}]}]},{"tin":{"type":"ein","value":"845066720"},"service_code":["81"],"billing_class":"professional","payments":[{"allowed_amount":25.00,"billing_code_modifier":[""],"providers":[{"billed_charge":50.00,"npi":[1033282967,1316573827]}]}]},{"tin":{"type":"ein","value":"845172222"},"service_code":["81"],"billing_class":"professional","payments":[{"allowed_amount":25.00,"billing_code_modifier":[""],"providers":[{"billed_charge":75.00,"npi":[1346769593,1659588762]}]}]},{"tin":{"type":"ein","value":"850852990"},"service_code":["81"],"billing_class":"professional","payments":[{"allowed_amount":0.00,"billing_code_modifier":[""],"providers":[{"billed_charge":65.00,"npi":[1205445491,1427473511]}]}]},{"tin":{"type":"ein","value":"851054301"},"service_code":["81"],"billing_class":"professional","payments":[{"allowed_amount":25.00,"billing_code_modifier":[""],"providers":[{"billed_charge":75.00,"npi":[1467030536,1871630319]}]}]},{"tin":{"type":"ein","value":"852364612"},"service_code":["81"],"billing_class":"professional","payments":[{"allowed_amount":25.00,"billing_code_modifier":[""],"providers":[{"billed_charge":75.00,"npi":[1740685387,1790386746]}]}]},{"tin":{"type":"ein","value":"853164216"},"service_code":["81"],"billing_class":"professional","payments":[{"allowed_amount":25.00,"billing_code_modifier":[""],"providers":[{"billed_charge":50.00,"npi":[1225632029,1831362748]}]}]},{"tin":{"type":"ein","value":"853270362"},"service_code":["81"],"billing_class":"professional","payments":[{"allowed_amount":50.00,"billing_code_modifier":[""],"providers":[{"billed_charge":50.00,"npi":[1174501498,1841865219]}]}]},{"tin":{"type":"ein","value":"853720606"},"service_code":["81"],"billing_class":"professional","payments":[{"allowed_amount":25.00,"billing_code_modifier":[""],"providers":[{"billed_charge":30.00,"npi":[1366045932,1841339025]}]}]},{"tin":{"type":"ein","value":"853732667"},"service_code":["81"],"billing_class":"professional","payments":[{"allowed_amount":21.25,"billing_code_modifier":[""],"providers":[{"billed_charge":62.50,"npi":[1790387223,1821466897]}]}]},{"tin":{"type":"ein","value":"861213775"},"service_code":["81"],"billing_class":"professional","payments":[{"allowed_amount":25.00,"billing_code_modifier":[""],"providers":[{"billed_charge":60.00,"npi":[1831780402,1942278676]}]}]},{"tin":{"type":"ein","value":"861287316"},"service_code":["81"],"billing_class":"professional","payments":[{"allowed_amount":0.00,"billing_code_modifier":[""],"providers":[{"billed_charge":50.00,"npi":[1073602066,1669053286]}]}]},{"tin":{"type":"ein","value":"863907656"},"service_code":["81"],"billing_class":"professional","payments":[{"allowed_amount":25.00,"billing_code_modifier":[""],"providers":[{"billed_charge":50.00,"npi":[1396313813,1528068103]}]}]},{"tin":{"type":"ein","value":"872488369"},"service_code":["81"],"billing_class":"professional","payments":[{"allowed_amount":25.00,"billing_code_modifier":[""],"providers":[{"billed_charge":100.00,"npi":[1225706179]}]}]},{"tin":{"type":"ein","value":"873007294"},"service_code":["81"],"billing_class":"professional","payments":[{"allowed_amount":25.00,"billing_code_modifier":[""],"providers":[{"billed_charge":75.00,"npi":[1043973456,1386908010]}]}]},{"tin":{"type":"ein","value":"873102949"},"service_code":["81"],"billing_class":"professional","payments":[{"allowed_amount":25.00,"billing_code_modifier":[""],"providers":[{"billed_charge":75.00,"npi":[1215508957,1356005920,1972710440]}]}]},{"tin":{"type":"ein","value":"873649966"},"service_code":["81"],"billing_class":"professional","payments":[{"allowed_amount":25.00,"billing_code_modifier":[""],"providers":[{"billed_charge":25.00,"npi":[1366109720,1720162167]}]}]},{"tin":{"type":"ein","value":"880241758"},"service_code":["81"],"billing_class":"professional","payments":[{"allowed_amount":0.00,"billing_code_modifier":[""],"providers":[{"billed_charge":25.00,"npi":[1003840778,1124417357]}]}]},{"tin":{"type":"ein","value":"880241758"},"service_code":["81"],"billing_class":"professional","payments":[{"allowed_amount":21.25,"billing_code_modifier":[""],"providers":[{"billed_charge":25.00,"npi":[1124417357,1962523555]}]}]},{"tin":{"type":"ein","value":"880241758"},"service_code":["81"],"billing_class":"professional","payments":[{"allowed_amount":25.00,"billing_code_modifier":[""],"providers":[{"billed_charge":25.00,"npi":[1003840778,1124417357,1184063067,1326028259,1598714016,1982688024]}]}]},{"tin":{"type":"ein","value":"911385504"},"service_code":["11"],"billing_class":"professional","payments":[{"allowed_amount":50.00,"billing_code_modifier":[""],"providers":[{"billed_charge":50.00,"npi":[1225664386,1235193590]}]}]},{"tin":{"type":"ein","value":"942854057"},"service_code":["81"],"billing_class":"professional","payments":[{"allowed_amount":25.00,"billing_code_modifier":[""],"providers":[{"billed_charge":25.00,"npi":[1497868392,1720029960]}]}]}]},{"name":"PSYCHIATRIC\/PSYCHOLOGICAL SVCS: PARTIAL HOSP - LES","billing_code_type":"RC","billing_code_type_version":"UB04","billing_code":"0912","description":"PSYCHIATRIC\/PSYCHOLOGICAL SVCS: PARTIAL HOSP - LES","allowed_amounts":[{"tin":{"type":"ein","value":"710551941"},"service_code":["21","22"],"billing_class":"institutional","payments":[{"allowed_amount":266.21,"billing_code_modifier":[""],"providers":[{"billed_charge":2995.00,"npi":[1508259169]}]}]}]},{"name":"PSYCHOTHERAPY W\/PATIENT 45 MINUTES","billing_code_type":"CPT","billing_code_type_version":"2020","billing_code":"90834","description":"PSYCHOTHERAPY W\/PATIENT 45 MINUTES","allowed_amounts":[{"tin":{"type":"ein","value":"211707517"},"service_code":["11","99"],"billing_class":"professional","payments":[{"allowed_amount":114.83,"billing_code_modifier":[""],"providers":[{"billed_charge":180.00,"npi":[1821526955]}]}]},{"tin":{"type":"ein","value":"211707517"},"service_code":["11"],"billing_class":"professional","payments":[{"allowed_amount":114.83,"billing_code_modifier":[""],"providers":[{"billed_charge":180.00,"npi":[1234567893,1821526955]}]}]}]},{"name":"RESIDENTIAL TREATMENT-CHEMICAL DEPENDENCY","billing_code_type":"RC","billing_code_type_version":"UB04","billing_code":"1002","description":"RESIDENTIAL TREATMENT-CHEMICAL DEPENDENCY","allowed_amounts":[{"tin":{"type":"ein","value":"822866340"},"service_code":["21"],"billing_class":"institutional","payments":[{"allowed_amount":900.00,"billing_code_modifier":[""],"providers":[{"billed_charge":3765.00,"npi":[1700386794]}]}]}]},{"name":"SPECIMEN COLLECT COVID-19","billing_code_type":"HCPCS","billing_code_type_version":"HCPCS LEVEL II 2021","billing_code":"G2023","description":"SPECIMEN COLLECT COVID-19","allowed_amounts":[{"tin":{"type":"ein","value":"292825067"},"service_code":["11"],"billing_class":"professional","payments":[{"allowed_amount":23.46,"billing_code_modifier":[""],"providers":[{"billed_charge":100.00,"npi":[1316197296]}]}]},{"tin":{"type":"ein","value":"831342609"},"service_code":["81"],"billing_class":"professional","payments":[{"allowed_amount":23.46,"billing_code_modifier":[""],"providers":[{"billed_charge":50.00,"npi":[1053541581,1073101028,1487815387]}]}]},{"tin":{"type":"ein","value":"833301652"},"service_code":["81"],"billing_class":"professional","payments":[{"allowed_amount":23.46,"billing_code_modifier":[""],"providers":[{"billed_charge":100.00,"npi":[1043298219,1801449327]}]}]},{"tin":{"type":"ein","value":"845066720"},"service_code":["81"],"billing_class":"professional","payments":[{"allowed_amount":23.46,"billing_code_modifier":[""],"providers":[{"billed_charge":100.00,"npi":[1033282967,1316573827]}]}]},{"tin":{"type":"ein","value":"845172222"},"service_code":["81"],"billing_class":"professional","payments":[{"allowed_amount":23.46,"billing_code_modifier":[""],"providers":[{"billed_charge":70.38,"npi":[1346769593,1659588762]}]}]},{"tin":{"type":"ein","value":"851054301"},"service_code":["81"],"billing_class":"professional","payments":[{"allowed_amount":23.46,"billing_code_modifier":[""],"providers":[{"billed_charge":70.00,"npi":[1467030536,1871630319]}]}]},{"tin":{"type":"ein","value":"853164216"},"service_code":["81"],"billing_class":"professional","payments":[{"allowed_amount":23.46,"billing_code_modifier":[""],"providers":[{"billed_charge":50.00,"npi":[1225632029,1831362748]}]}]},{"tin":{"type":"ein","value":"853720606"},"service_code":["81"],"billing_class":"professional","payments":[{"allowed_amount":23.46,"billing_code_modifier":[""],"providers":[{"billed_charge":30.00,"npi":[1366045932,1841339025]}]}]},{"tin":{"type":"ein","value":"872488369"},"service_code":["81"],"billing_class":"professional","payments":[{"allowed_amount":23.46,"billing_code_modifier":[""],"providers":[{"billed_charge":100.00,"npi":[1225706179]}]}]},{"tin":{"type":"ein","value":"873102949"},"service_code":["81"],"billing_class":"professional","payments":[{"allowed_amount":23.46,"billing_code_modifier":[""],"providers":[{"billed_charge":46.92,"npi":[1215508957,1356005920,1972710440]}]}]}]},{"name":"TX SPEECH LANG VOICE COMMJ &\/AUDITORY PROC IND","billing_code_type":"CPT","billing_code_type_version":"2020","billing_code":"92507","description":"TX SPEECH LANG VOICE COMMJ &\/AUDITORY PROC IND","allowed_amounts":[{"tin":{"type":"ein","value":"464053647"},"service_code":["11"],"billing_class":"professional","payments":[{"allowed_amount":115.00,"billing_code_modifier":[""],"providers":[{"billed_charge":115.00,"npi":[1043598691,1104937481,1952732448]}]}]}]}]}
