{"reporting_entity_name": "IEC Group_DBA AmeriBen",
	"reporting_entity_type": "Third Party Administrator",
	"plan_name": "ZELIS HEALTHCARE",
	"plan_id_type": "ein",
	"plan_id": "582167964",
	"plan_market_type": "group",
	"last_updated_on": "2024-07-01","Version": "1.0.0","out_of_network":[{"name":"CCPD OPD\/HOME: CCPD COMP OR OTHER RATE","billing_code_type":"RC","billing_code_type_version":"UB04","billing_code":"0851","description":"CCPD OPD\/HOME: CCPD COMP OR OTHER RATE","allowed_amounts":[{"tin":{"type":"ein","value":"203275837"},"service_code":["65"],"billing_class":"institutional","payments":[{"allowed_amount":225.11,"billing_code_modifier":[""],"providers":[{"billed_charge":4134.43,"npi":[1346271145,1437168440]}]}]},{"tin":{"type":"ein","value":"203275837"},"service_code":["65"],"billing_class":"institutional","payments":[{"allowed_amount":271.46,"billing_code_modifier":[""],"providers":[{"billed_charge":4134.43,"npi":[1346271145,1437168440]}]}]}]},{"name":"CHIROPRACTIC MANIPLTV TX EXTRASPINAL 1\/> REGION","billing_code_type":"CPT","billing_code_type_version":"2020","billing_code":"98943","description":"CHIROPRACTIC MANIPLTV TX EXTRASPINAL 1\/> REGION","allowed_amounts":[{"tin":{"type":"ein","value":"862671747"},"service_code":["11"],"billing_class":"professional","payments":[{"allowed_amount":43.59,"billing_code_modifier":[""],"providers":[{"billed_charge":100.00,"npi":[1932328150]}]}]}]},{"name":"CHIROPRACTIC MANIPULATIVE TX SPINAL 3-4 REGIONS","billing_code_type":"CPT","billing_code_type_version":"2020","billing_code":"98941","description":"CHIROPRACTIC MANIPULATIVE TX SPINAL 3-4 REGIONS","allowed_amounts":[{"tin":{"type":"ein","value":"862671747"},"service_code":["11"],"billing_class":"professional","payments":[{"allowed_amount":66.35,"billing_code_modifier":[""],"providers":[{"billed_charge":125.00,"npi":[1932328150]}]}]}]},{"name":"DETOXIFICATION","billing_code_type":"RC","billing_code_type_version":"UB04","billing_code":"0126","description":"DETOXIFICATION","allowed_amounts":[{"tin":{"type":"ein","value":"920261002"},"service_code":["21"],"billing_class":"institutional","payments":[{"allowed_amount":1960.80,"billing_code_modifier":[""],"providers":[{"billed_charge":5700.00,"npi":[1114995768,1326760596]}]}]}]},{"name":"PSYCHOTHERAPY W\/PATIENT 45 MINUTES","billing_code_type":"CPT","billing_code_type_version":"2020","billing_code":"90834","description":"PSYCHOTHERAPY W\/PATIENT 45 MINUTES","allowed_amounts":[{"tin":{"type":"ein","value":"220603741"},"service_code":["02"],"billing_class":"professional","payments":[{"allowed_amount":149.96,"billing_code_modifier":[""],"providers":[{"billed_charge":250.00,"npi":[1932601804]}]}]}]},{"name":"RESIDENTIAL TREATMENT-CHEMICAL DEPENDENCY","billing_code_type":"RC","billing_code_type_version":"UB04","billing_code":"1002","description":"RESIDENTIAL TREATMENT-CHEMICAL DEPENDENCY","allowed_amounts":[{"tin":{"type":"ein","value":"920261002"},"service_code":["21"],"billing_class":"institutional","payments":[{"allowed_amount":894.00,"billing_code_modifier":[""],"providers":[{"billed_charge":5200.00,"npi":[1114995768,1326760596]}]}]}]},{"name":"THERAPEUTIC PX 1\/> AREAS EACH 15 MIN EXERCISES","billing_code_type":"CPT","billing_code_type_version":"2020","billing_code":"97110","description":"THERAPEUTIC PX 1\/> AREAS EACH 15 MIN EXERCISES","allowed_amounts":[{"tin":{"type":"ein","value":"862671747"},"service_code":["11"],"billing_class":"professional","payments":[{"allowed_amount":49.98,"billing_code_modifier":[""],"providers":[{"billed_charge":95.00,"npi":[1932328150]}]}]}]}]}
