{"reporting_entity_name": "IEC Group_DBA AmeriBen",
	"reporting_entity_type": "Third Party Administrator",
	"plan_name": "CARTER'S",
	"plan_id_type": "ein",
	"plan_id": "041156680",
	"plan_market_type": "group",
	"last_updated_on": "2025-06-01","Version": "1.0.0","out_of_network":[{"name":"ACUPUNCTURE 1\/> NDLS W\/ESTIM 1ST 15 MIN","billing_code_type":"CPT","billing_code_type_version":"2020","billing_code":"97813","description":"ACUPUNCTURE 1\/> NDLS W\/ESTIM 1ST 15 MIN","allowed_amounts":[{"tin":{"type":"ein","value":"862230952"},"service_code":["11"],"billing_class":"professional","payments":[{"allowed_amount":60.11,"billing_code_modifier":[""],"providers":[{"billed_charge":110.00,"npi":[1093300469,1386034759]}]}]}]},{"name":"ACUPUNCTURE 1\/> NDLS W\/ESTIM EACH ADDL 15 MIN","billing_code_type":"CPT","billing_code_type_version":"2020","billing_code":"97814","description":"ACUPUNCTURE 1\/> NDLS W\/ESTIM EACH ADDL 15 MIN","allowed_amounts":[{"tin":{"type":"ein","value":"862230952"},"service_code":["11"],"billing_class":"professional","payments":[{"allowed_amount":96.65,"billing_code_modifier":[""],"providers":[{"billed_charge":180.00,"npi":[1093300469,1386034759]}]}]}]},{"name":"CHIROPRACTIC MANIPLTV TX EXTRASPINAL 1\/> REGION","billing_code_type":"CPT","billing_code_type_version":"2020","billing_code":"98943","description":"CHIROPRACTIC MANIPLTV TX EXTRASPINAL 1\/> REGION","allowed_amounts":[{"tin":{"type":"ein","value":"991493723"},"service_code":["11"],"billing_class":"professional","payments":[{"allowed_amount":30.30,"billing_code_modifier":[""],"providers":[{"billed_charge":75.00,"npi":[1548802333,1730945171]},{"billed_charge":95.00,"npi":[1548802333,1730945171]}]},{"allowed_amount":30.30,"billing_code_modifier":[""],"providers":[{"billed_charge":75.00,"npi":[1548802333,1730945171]},{"billed_charge":95.00,"npi":[1548802333,1730945171]}]}]},{"tin":{"type":"ein","value":"991493723"},"service_code":["11"],"billing_class":"professional","payments":[{"allowed_amount":30.30,"billing_code_modifier":[""],"providers":[{"billed_charge":75.00,"npi":[1548802333,1730945171]},{"billed_charge":95.00,"npi":[1548802333,1730945171]}]},{"allowed_amount":30.30,"billing_code_modifier":[""],"providers":[{"billed_charge":75.00,"npi":[1548802333,1730945171]},{"billed_charge":95.00,"npi":[1548802333,1730945171]}]}]}]},{"name":"CHIROPRACTIC MANIPULATIVE TX SPINAL 3-4 REGIONS","billing_code_type":"CPT","billing_code_type_version":"2020","billing_code":"98941","description":"CHIROPRACTIC MANIPULATIVE TX SPINAL 3-4 REGIONS","allowed_amounts":[{"tin":{"type":"ein","value":"270298215"},"service_code":["11"],"billing_class":"professional","payments":[{"allowed_amount":46.19,"billing_code_modifier":[""],"providers":[{"billed_charge":50.00,"npi":[1477876589,1578780730]}]}]},{"tin":{"type":"ein","value":"270298215"},"service_code":["11"],"billing_class":"professional","payments":[{"allowed_amount":47.14,"billing_code_modifier":[""],"providers":[{"billed_charge":50.00,"npi":[1477876589,1578780730]}]}]},{"tin":{"type":"ein","value":"832167435"},"service_code":["11"],"billing_class":"professional","payments":[{"allowed_amount":46.19,"billing_code_modifier":[""],"providers":[{"billed_charge":70.00,"npi":[1093892929,1841825122]}]}]},{"tin":{"type":"ein","value":"991493723"},"service_code":["11"],"billing_class":"professional","payments":[{"allowed_amount":46.62,"billing_code_modifier":[""],"providers":[{"billed_charge":125.00,"npi":[1548802333,1730945171]}]}]}]},{"name":"DRUGS REQUIRE SPECIFIC ID: DRUGS REQUIRING DETAIL","billing_code_type":"RC","billing_code_type_version":"UB04","billing_code":"0636","description":"DRUGS REQUIRE SPECIFIC ID: DRUGS REQUIRING DETAIL","allowed_amounts":[{"tin":{"type":"ein","value":"620850498"},"service_code":["65"],"billing_class":"institutional","payments":[{"allowed_amount":2.61,"billing_code_modifier":[""],"providers":[{"billed_charge":29.30,"npi":[1043243421,1558547943]}]}]},{"tin":{"type":"ein","value":"620850498"},"service_code":["65"],"billing_class":"institutional","payments":[{"allowed_amount":2.65,"billing_code_modifier":[""],"providers":[{"billed_charge":29.30,"npi":[1043243421,1558547943]}]}]},{"tin":{"type":"ein","value":"620850498"},"service_code":["65"],"billing_class":"institutional","payments":[{"allowed_amount":3.33,"billing_code_modifier":[""],"providers":[{"billed_charge":29.30,"npi":[1043243421,1558547943]}]}]},{"tin":{"type":"ein","value":"620850498"},"service_code":["65"],"billing_class":"institutional","payments":[{"allowed_amount":5.22,"billing_code_modifier":[""],"providers":[{"billed_charge":58.60,"npi":[1043243421,1558547943]}]}]}]},{"name":"HEMO OPD\/HOME: HEMODIALYSIS COMP OR OTHER RATE","billing_code_type":"RC","billing_code_type_version":"UB04","billing_code":"0821","description":"HEMO OPD\/HOME: HEMODIALYSIS COMP OR OTHER RATE","allowed_amounts":[{"tin":{"type":"ein","value":"620850498"},"service_code":["65"],"billing_class":"institutional","payments":[{"allowed_amount":255.77,"billing_code_modifier":[""],"providers":[{"billed_charge":2870.00,"npi":[1043243421,1558547943]}]}]}]},{"name":"IADNA NOS AMPLIFIED PROBE TQ EACH ORGANISM","billing_code_type":"CPT","billing_code_type_version":"2020","billing_code":"87798","description":"IADNA NOS AMPLIFIED PROBE TQ EACH ORGANISM","allowed_amounts":[{"tin":{"type":"ein","value":"223510467"},"service_code":["81"],"billing_class":"professional","payments":[{"allowed_amount":42.11,"billing_code_modifier":[""],"providers":[{"billed_charge":50.00,"npi":[1497260400,1750373908]}]}]}]},{"name":"LIPID PANEL","billing_code_type":"CPT","billing_code_type_version":"2020","billing_code":"80061","description":"LIPID PANEL","allowed_amounts":[{"tin":{"type":"ein","value":"382084239"},"service_code":["81"],"billing_class":"professional","payments":[{"allowed_amount":13.41,"billing_code_modifier":[""],"providers":[{"billed_charge":169.43,"npi":[1215627005,1467065433,1568420081,1790167799,1932166386,1972545119]}]}]},{"tin":{"type":"ein","value":"461491586"},"service_code":["81"],"billing_class":"professional","payments":[{"allowed_amount":13.41,"billing_code_modifier":[""],"providers":[{"billed_charge":169.43,"npi":[1194062448,1487966073]}]}]},{"tin":{"type":"ein","value":"742554159"},"service_code":["81"],"billing_class":"professional","payments":[{"allowed_amount":13.41,"billing_code_modifier":[""],"providers":[{"billed_charge":91.00,"npi":[1174961304,1194769497]}]}]},{"tin":{"type":"ein","value":"810576059"},"service_code":["81"],"billing_class":"professional","payments":[{"allowed_amount":13.41,"billing_code_modifier":[""],"providers":[{"billed_charge":56.16,"npi":[1235186800,1275532160,1386824233,1639354434,1689602138]}]}]}]},{"name":"MANUAL THERAPY TQS 1\/> REGIONS EACH 15 MINUTES","billing_code_type":"CPT","billing_code_type_version":"2020","billing_code":"97140","description":"MANUAL THERAPY TQS 1\/> REGIONS EACH 15 MINUTES","allowed_amounts":[{"tin":{"type":"ein","value":"862230952"},"service_code":["11"],"billing_class":"professional","payments":[{"allowed_amount":35.82,"billing_code_modifier":[""],"providers":[{"billed_charge":75.00,"npi":[1093300469,1386034759]}]}]}]},{"name":"MEDICAL\/SURGICAL SUPPLIES","billing_code_type":"RC","billing_code_type_version":"UB04","billing_code":"0270","description":"MEDICAL\/SURGICAL SUPPLIES","allowed_amounts":[{"tin":{"type":"ein","value":"453646008"},"service_code":["65"],"billing_class":"institutional","payments":[{"allowed_amount":3.40,"billing_code_modifier":[""],"providers":[{"billed_charge":238.84,"npi":[1366477424,1629322557]}]}]},{"tin":{"type":"ein","value":"453646008"},"service_code":["65"],"billing_class":"institutional","payments":[{"allowed_amount":4.08,"billing_code_modifier":[""],"providers":[{"billed_charge":238.84,"npi":[1366477424,1629322557]}]}]},{"tin":{"type":"ein","value":"620850498"},"service_code":["65"],"billing_class":"institutional","payments":[{"allowed_amount":1.06,"billing_code_modifier":[""],"providers":[{"billed_charge":11.89,"npi":[1043243421,1558547943]}]}]},{"tin":{"type":"ein","value":"620850498"},"service_code":["65"],"billing_class":"institutional","payments":[{"allowed_amount":4.76,"billing_code_modifier":[""],"providers":[{"billed_charge":53.45,"npi":[1043243421,1558547943]}]}]}]},{"name":"PHARMACY","billing_code_type":"RC","billing_code_type_version":"UB04","billing_code":"0250","description":"PHARMACY","allowed_amounts":[{"tin":{"type":"ein","value":"620850498"},"service_code":["65"],"billing_class":"institutional","payments":[{"allowed_amount":0.58,"billing_code_modifier":[""],"providers":[{"billed_charge":6.46,"npi":[1043243421,1558547943]}]}]}]},{"name":"PSYCHOTHERAPY W\/PATIENT 45 MINUTES","billing_code_type":"CPT","billing_code_type_version":"2020","billing_code":"90834","description":"PSYCHOTHERAPY W\/PATIENT 45 MINUTES","allowed_amounts":[{"tin":{"type":"ein","value":"222917846"},"service_code":["10"],"billing_class":"professional","payments":[{"allowed_amount":134.65,"billing_code_modifier":[""],"providers":[{"billed_charge":200.00,"npi":[1659516045]}]}]},{"tin":{"type":"ein","value":"451642865"},"service_code":["11"],"billing_class":"professional","payments":[{"allowed_amount":136.08,"billing_code_modifier":[""],"providers":[{"billed_charge":250.00,"npi":[1881750198]}]}]},{"tin":{"type":"ein","value":"474582976"},"service_code":["11"],"billing_class":"professional","payments":[{"allowed_amount":136.08,"billing_code_modifier":[""],"providers":[{"billed_charge":325.00,"npi":[1053692772,1457722431]}]}]}]},{"name":"THERAPEUT ACTVITY DIRECT PT CONTACT EACH 15 MIN","billing_code_type":"CPT","billing_code_type_version":"2020","billing_code":"97530","description":"THERAPEUT ACTVITY DIRECT PT CONTACT EACH 15 MIN","allowed_amounts":[{"tin":{"type":"ein","value":"991493723"},"service_code":["11"],"billing_class":"professional","payments":[{"allowed_amount":29.15,"billing_code_modifier":[""],"providers":[{"billed_charge":119.00,"npi":[1548802333,1730945171]},{"billed_charge":139.00,"npi":[1548802333,1730945171]}]},{"allowed_amount":29.15,"billing_code_modifier":[""],"providers":[{"billed_charge":119.00,"npi":[1548802333,1730945171]},{"billed_charge":139.00,"npi":[1548802333,1730945171]}]}]},{"tin":{"type":"ein","value":"991493723"},"service_code":["11"],"billing_class":"professional","payments":[{"allowed_amount":29.15,"billing_code_modifier":[""],"providers":[{"billed_charge":119.00,"npi":[1548802333,1730945171]},{"billed_charge":139.00,"npi":[1548802333,1730945171]}]},{"allowed_amount":29.15,"billing_code_modifier":[""],"providers":[{"billed_charge":119.00,"npi":[1548802333,1730945171]},{"billed_charge":139.00,"npi":[1548802333,1730945171]}]}]}]}]}
