{"reporting_entity_name": "IEC Group_DBA AmeriBen",
	"reporting_entity_type": "Third Party Administrator",
	"plan_name": "SCARSDALE PUBLIC SCHOOLS",
	"plan_id_type": "ein",
	"plan_id": "136007174",
	"plan_market_type": "group",
	"last_updated_on": "2022-08-01","Version": "1.0.0","out_of_network":[{"name":"APPL MODALITY 1\/> AREAS ELEC STIMJ UNATTENDED","billing_code_type":"CPT","billing_code_type_version":"2020","billing_code":"97014","description":"APPL MODALITY 1\/> AREAS ELEC STIMJ UNATTENDED","allowed_amounts":[{"tin":{"type":"ein","value":"134044830"},"service_code":["11"],"billing_class":"professional","payments":[{"allowed_amount":27.23,"billing_code_modifier":[""],"providers":[{"billed_charge":60.00,"npi":[1619027398]}]}]},{"tin":{"type":"ein","value":"261482691"},"service_code":["11"],"billing_class":"professional","payments":[{"allowed_amount":27.23,"billing_code_modifier":[""],"providers":[{"billed_charge":104.74,"npi":[1003098138,1003906231,1326671165,1891180964]}]}]}]},{"name":"APPLICATION MODALITY 1\/> AREAS HOT\/COLD PACKS","billing_code_type":"CPT","billing_code_type_version":"2020","billing_code":"97010","description":"APPLICATION MODALITY 1\/> AREAS HOT\/COLD PACKS","allowed_amounts":[{"tin":{"type":"ein","value":"261482691"},"service_code":["11"],"billing_class":"professional","payments":[{"allowed_amount":13.58,"billing_code_modifier":[""],"providers":[{"billed_charge":81.00,"npi":[1003098138,1003906231,1326671165,1891180964]}]}]},{"tin":{"type":"ein","value":"871580682"},"service_code":["11"],"billing_class":"professional","payments":[{"allowed_amount":13.58,"billing_code_modifier":[""],"providers":[{"billed_charge":20.00,"npi":[1669043774,1912588534]}]}]}]},{"name":"CHIROPRACTIC MANIPLTV TX EXTRASPINAL 1\/> REGION","billing_code_type":"CPT","billing_code_type_version":"2020","billing_code":"98943","description":"CHIROPRACTIC MANIPLTV TX EXTRASPINAL 1\/> REGION","allowed_amounts":[{"tin":{"type":"ein","value":"133401835"},"service_code":["11"],"billing_class":"professional","payments":[{"allowed_amount":45.00,"billing_code_modifier":[""],"providers":[{"billed_charge":53.96,"npi":[1235328329,1336471168]},{"billed_charge":54.96,"npi":[1235328329,1336471168]}]},{"allowed_amount":45.00,"billing_code_modifier":[""],"providers":[{"billed_charge":53.96,"npi":[1235328329,1336471168]},{"billed_charge":54.96,"npi":[1235328329,1336471168]}]}]},{"tin":{"type":"ein","value":"133401835"},"service_code":["11"],"billing_class":"professional","payments":[{"allowed_amount":45.00,"billing_code_modifier":[""],"providers":[{"billed_charge":53.96,"npi":[1235328329,1336471168]},{"billed_charge":54.96,"npi":[1235328329,1336471168]}]},{"allowed_amount":45.00,"billing_code_modifier":[""],"providers":[{"billed_charge":53.96,"npi":[1235328329,1336471168]},{"billed_charge":54.96,"npi":[1235328329,1336471168]}]}]},{"tin":{"type":"ein","value":"134002590"},"service_code":["11"],"billing_class":"professional","payments":[{"allowed_amount":45.00,"billing_code_modifier":[""],"providers":[{"billed_charge":175.00,"npi":[1144360017,1780872325]}]}]},{"tin":{"type":"ein","value":"821547711"},"service_code":["11"],"billing_class":"professional","payments":[{"allowed_amount":45.00,"billing_code_modifier":[""],"providers":[{"billed_charge":76.00,"npi":[1790214187,1932440401]}]}]}]},{"name":"CHIROPRACTIC MANIPULATIVE TX SPINAL 1-2 REGIONS","billing_code_type":"CPT","billing_code_type_version":"2020","billing_code":"98940","description":"CHIROPRACTIC MANIPULATIVE TX SPINAL 1-2 REGIONS","allowed_amounts":[{"tin":{"type":"ein","value":"133401835"},"service_code":["11"],"billing_class":"professional","payments":[{"allowed_amount":42.39,"billing_code_modifier":[""],"providers":[{"billed_charge":44.04,"npi":[1235328329,1336471168]},{"billed_charge":45.04,"npi":[1235328329,1336471168]}]},{"allowed_amount":42.39,"billing_code_modifier":[""],"providers":[{"billed_charge":44.04,"npi":[1235328329,1336471168]},{"billed_charge":45.04,"npi":[1235328329,1336471168]}]}]},{"tin":{"type":"ein","value":"133401835"},"service_code":["11"],"billing_class":"professional","payments":[{"allowed_amount":42.39,"billing_code_modifier":[""],"providers":[{"billed_charge":44.04,"npi":[1235328329,1336471168]},{"billed_charge":45.04,"npi":[1235328329,1336471168]}]},{"allowed_amount":42.39,"billing_code_modifier":[""],"providers":[{"billed_charge":44.04,"npi":[1235328329,1336471168]},{"billed_charge":45.04,"npi":[1235328329,1336471168]}]}]},{"tin":{"type":"ein","value":"134002590"},"service_code":["11"],"billing_class":"professional","payments":[{"allowed_amount":42.39,"billing_code_modifier":[""],"providers":[{"billed_charge":155.00,"npi":[1144360017,1780872325]}]}]},{"tin":{"type":"ein","value":"134044830"},"service_code":["11"],"billing_class":"professional","payments":[{"allowed_amount":42.39,"billing_code_modifier":[""],"providers":[{"billed_charge":80.00,"npi":[1619027398]}]}]},{"tin":{"type":"ein","value":"161643514"},"service_code":["11"],"billing_class":"professional","payments":[{"allowed_amount":42.39,"billing_code_modifier":[""],"providers":[{"billed_charge":100.00,"npi":[1659714665]}]}]},{"tin":{"type":"ein","value":"842886471"},"service_code":["11"],"billing_class":"professional","payments":[{"allowed_amount":42.39,"billing_code_modifier":[""],"providers":[{"billed_charge":100.00,"npi":[1265083745,1609257955]}]}]}]},{"name":"CHIROPRACTIC MANIPULATIVE TX SPINAL 3-4 REGIONS","billing_code_type":"CPT","billing_code_type_version":"2020","billing_code":"98941","description":"CHIROPRACTIC MANIPULATIVE TX SPINAL 3-4 REGIONS","allowed_amounts":[{"tin":{"type":"ein","value":"208386582"},"service_code":["11"],"billing_class":"professional","payments":[{"allowed_amount":60.72,"billing_code_modifier":[""],"providers":[{"billed_charge":150.00,"npi":[1538124474]}]}]},{"tin":{"type":"ein","value":"821547711"},"service_code":["11"],"billing_class":"professional","payments":[{"allowed_amount":60.72,"billing_code_modifier":[""],"providers":[{"billed_charge":113.00,"npi":[1790214187,1932440401]}]}]}]},{"name":"GROUP PSYCHOTHERAPY","billing_code_type":"CPT","billing_code_type_version":"2020","billing_code":"90853","description":"GROUP PSYCHOTHERAPY","allowed_amounts":[{"tin":{"type":"ein","value":"133950738"},"service_code":["11"],"billing_class":"professional","payments":[{"allowed_amount":41.36,"billing_code_modifier":[""],"providers":[{"billed_charge":160.00,"npi":[1710022157,1992887640]}]}]},{"tin":{"type":"ein","value":"271120865"},"service_code":["11"],"billing_class":"professional","payments":[{"allowed_amount":41.36,"billing_code_modifier":[""],"providers":[{"billed_charge":100.00,"npi":[1992039853]}]}]}]},{"name":"IADNA NOS AMPLIFIED PROBE TQ EACH ORGANISM","billing_code_type":"CPT","billing_code_type_version":"2020","billing_code":"87798","description":"IADNA NOS AMPLIFIED PROBE TQ EACH ORGANISM","allowed_amounts":[{"tin":{"type":"ein","value":"561565047"},"service_code":["81"],"billing_class":"professional","payments":[{"allowed_amount":41.21,"billing_code_modifier":[""],"providers":[{"billed_charge":60.22,"npi":[1073591822,1700250396]}]}]}]},{"name":"INFEC AGEN DETEC AMPLI PROBE","billing_code_type":"HCPCS","billing_code_type_version":"HCPCS LEVEL II 2021","billing_code":"U0005","description":"INFEC AGEN DETEC AMPLI PROBE","allowed_amounts":[{"tin":{"type":"ein","value":"030511037"},"service_code":["81"],"billing_class":"professional","payments":[{"allowed_amount":25.00,"billing_code_modifier":[""],"providers":[{"billed_charge":125.00,"npi":[1790234839,1821110453]}]}]},{"tin":{"type":"ein","value":"112019482"},"service_code":["81"],"billing_class":"professional","payments":[{"allowed_amount":25.00,"billing_code_modifier":[""],"providers":[{"billed_charge":25.00,"npi":[1023113453,1407940943,1598820235,1801913884,1811420557]}]}]},{"tin":{"type":"ein","value":"112782659"},"service_code":["81"],"billing_class":"professional","payments":[{"allowed_amount":25.00,"billing_code_modifier":[""],"providers":[{"billed_charge":120.00,"npi":[1134323132,1245309111,1407003429]}]}]},{"tin":{"type":"ein","value":"113540038"},"service_code":["11"],"billing_class":"professional","payments":[{"allowed_amount":37.50,"billing_code_modifier":[""],"providers":[{"billed_charge":75.00,"npi":[1235295213,1427620558,1811939465]}]}]},{"tin":{"type":"ein","value":"113630760"},"service_code":["81"],"billing_class":"professional","payments":[{"allowed_amount":25.00,"billing_code_modifier":[""],"providers":[{"billed_charge":50.00,"npi":[1255468328,1487915849,1669507398]}]}]},{"tin":{"type":"ein","value":"113630760"},"service_code":["81"],"billing_class":"professional","payments":[{"allowed_amount":37.50,"billing_code_modifier":[""],"providers":[{"billed_charge":50.00,"npi":[1255468328,1669507398,1881618866]},{"billed_charge":101.25,"npi":[1255468328,1699857854]}]},{"allowed_amount":37.50,"billing_code_modifier":[""],"providers":[{"billed_charge":50.00,"npi":[1255468328,1669507398,1881618866]},{"billed_charge":101.25,"npi":[1255468328,1699857854]}]}]},{"tin":{"type":"ein","value":"113630760"},"service_code":["81"],"billing_class":"professional","payments":[{"allowed_amount":37.50,"billing_code_modifier":[""],"providers":[{"billed_charge":50.00,"npi":[1255468328,1669507398,1881618866]},{"billed_charge":101.25,"npi":[1255468328,1699857854]}]},{"allowed_amount":37.50,"billing_code_modifier":[""],"providers":[{"billed_charge":50.00,"npi":[1255468328,1669507398,1881618866]},{"billed_charge":101.25,"npi":[1255468328,1699857854]}]}]},{"tin":{"type":"ein","value":"133934292"},"service_code":["81"],"billing_class":"professional","payments":[{"allowed_amount":37.50,"billing_code_modifier":[""],"providers":[{"billed_charge":100.00,"npi":[1134316441]}]}]},{"tin":{"type":"ein","value":"201236503"},"service_code":["81"],"billing_class":"professional","payments":[{"allowed_amount":37.50,"billing_code_modifier":[""],"providers":[{"billed_charge":50.00,"npi":[1225110497,1427050426,1518035997]}]}]},{"tin":{"type":"ein","value":"203734391"},"service_code":["81"],"billing_class":"professional","payments":[{"allowed_amount":25.00,"billing_code_modifier":[""],"providers":[{"billed_charge":50.00,"npi":[1053584482,1073629069,1477540029]}]}]},{"tin":{"type":"ein","value":"208833340"},"service_code":["81"],"billing_class":"professional","payments":[{"allowed_amount":25.00,"billing_code_modifier":[""],"providers":[{"billed_charge":25.00,"npi":[1528542628,1922259753]}]}]},{"tin":{"type":"ein","value":"461653414"},"service_code":["81"],"billing_class":"professional","payments":[{"allowed_amount":25.00,"billing_code_modifier":[""],"providers":[{"billed_charge":30.00,"npi":[1396747861,1558609008]}]}]},{"tin":{"type":"ein","value":"465330784"},"service_code":["81"],"billing_class":"professional","payments":[{"allowed_amount":25.00,"billing_code_modifier":[""],"providers":[{"billed_charge":75.00,"npi":[1417599275,1932586427]}]}]},{"tin":{"type":"ein","value":"471431584"},"service_code":["81"],"billing_class":"professional","payments":[{"allowed_amount":25.00,"billing_code_modifier":[""],"providers":[{"billed_charge":50.00,"npi":[1568839173,1891882262]}]}]},{"tin":{"type":"ein","value":"475349024"},"service_code":["81"],"billing_class":"professional","payments":[{"allowed_amount":25.00,"billing_code_modifier":[""],"providers":[{"billed_charge":25.00,"npi":[1487815387,1518415991]}]}]},{"tin":{"type":"ein","value":"800270103"},"service_code":["81"],"billing_class":"professional","payments":[{"allowed_amount":25.00,"billing_code_modifier":[""],"providers":[{"billed_charge":25.00,"npi":[1649418351]}]}]},{"tin":{"type":"ein","value":"822369612"},"service_code":["81"],"billing_class":"professional","payments":[{"allowed_amount":37.50,"billing_code_modifier":[""],"providers":[{"billed_charge":150.00,"npi":[1073629069,1710477344]}]}]},{"tin":{"type":"ein","value":"823473048"},"service_code":["81"],"billing_class":"professional","payments":[{"allowed_amount":25.00,"billing_code_modifier":[""],"providers":[{"billed_charge":50.00,"npi":[1164924254,1689186579]}]}]},{"tin":{"type":"ein","value":"833901286"},"service_code":["20"],"billing_class":"professional","payments":[{"allowed_amount":25.00,"billing_code_modifier":[""],"providers":[{"billed_charge":75.00,"npi":[1154976876]}]}]},{"tin":{"type":"ein","value":"843016042"},"service_code":["81"],"billing_class":"professional","payments":[{"allowed_amount":37.50,"billing_code_modifier":[""],"providers":[{"billed_charge":100.00,"npi":[1265473540,1306823935,1598315574,1992769632]}]}]},{"tin":{"type":"ein","value":"853270362"},"service_code":["81"],"billing_class":"professional","payments":[{"allowed_amount":25.00,"billing_code_modifier":[""],"providers":[{"billed_charge":50.00,"npi":[1043299894,1548835911]}]}]},{"tin":{"type":"ein","value":"853270362"},"service_code":["81"],"billing_class":"professional","payments":[{"allowed_amount":37.50,"billing_code_modifier":[""],"providers":[{"billed_charge":50.00,"npi":[1043299894,1174501498,1558489633,1689977274,1841865219]}]}]},{"tin":{"type":"ein","value":"863907656"},"service_code":["81"],"billing_class":"professional","payments":[{"allowed_amount":37.50,"billing_code_modifier":[""],"providers":[{"billed_charge":50.00,"npi":[1073069696,1396313813]}]}]},{"tin":{"type":"ein","value":"880241758"},"service_code":["81"],"billing_class":"professional","payments":[{"allowed_amount":25.00,"billing_code_modifier":[""],"providers":[{"billed_charge":25.00,"npi":[1124417357,1841253705]}]}]}]},{"name":"MANUAL THERAPY TQS 1\/> REGIONS EACH 15 MINUTES","billing_code_type":"CPT","billing_code_type_version":"2020","billing_code":"97140","description":"MANUAL THERAPY TQS 1\/> REGIONS EACH 15 MINUTES","allowed_amounts":[{"tin":{"type":"ein","value":"133542448"},"service_code":["11"],"billing_class":"professional","payments":[{"allowed_amount":48.38,"billing_code_modifier":[""],"providers":[{"billed_charge":110.00,"npi":[1154403855,1518962729,1952307571]}]}]},{"tin":{"type":"ein","value":"134145259"},"service_code":["11"],"billing_class":"professional","payments":[{"allowed_amount":48.38,"billing_code_modifier":[""],"providers":[{"billed_charge":75.00,"npi":[1225106552]}]}]},{"tin":{"type":"ein","value":"223954127"},"service_code":["11"],"billing_class":"professional","payments":[{"allowed_amount":48.38,"billing_code_modifier":[""],"providers":[{"billed_charge":140.00,"npi":[1417146614,1801092127,1811547888]}]}]},{"tin":{"type":"ein","value":"261482691"},"service_code":["11"],"billing_class":"professional","payments":[{"allowed_amount":96.75,"billing_code_modifier":[""],"providers":[{"billed_charge":275.62,"npi":[1003098138,1003906231,1326671165,1891180964]}]}]},{"tin":{"type":"ein","value":"460837593"},"service_code":["11"],"billing_class":"professional","payments":[{"allowed_amount":48.38,"billing_code_modifier":[""],"providers":[{"billed_charge":150.00,"npi":[1598092835]}]}]},{"tin":{"type":"ein","value":"460991764"},"service_code":["11","12"],"billing_class":"professional","payments":[{"allowed_amount":96.75,"billing_code_modifier":[""],"providers":[{"billed_charge":150.00,"npi":[1962826099]}]}]},{"tin":{"type":"ein","value":"460991764"},"service_code":["12"],"billing_class":"professional","payments":[{"allowed_amount":48.38,"billing_code_modifier":[""],"providers":[{"billed_charge":75.00,"npi":[1962826099]},{"billed_charge":150.00,"npi":[1962826099]}]},{"allowed_amount":48.38,"billing_code_modifier":[""],"providers":[{"billed_charge":75.00,"npi":[1962826099]},{"billed_charge":150.00,"npi":[1962826099]}]}]},{"tin":{"type":"ein","value":"460991764"},"service_code":["12"],"billing_class":"professional","payments":[{"allowed_amount":48.38,"billing_code_modifier":[""],"providers":[{"billed_charge":75.00,"npi":[1962826099]},{"billed_charge":150.00,"npi":[1962826099]}]},{"allowed_amount":48.38,"billing_code_modifier":[""],"providers":[{"billed_charge":75.00,"npi":[1962826099]},{"billed_charge":150.00,"npi":[1962826099]}]}]},{"tin":{"type":"ein","value":"522369896"},"service_code":["11"],"billing_class":"professional","payments":[{"allowed_amount":80.00,"billing_code_modifier":[""],"providers":[{"billed_charge":80.00,"npi":[1396921631,1487717500]}]}]},{"tin":{"type":"ein","value":"823358963"},"service_code":["11"],"billing_class":"professional","payments":[{"allowed_amount":48.38,"billing_code_modifier":[""],"providers":[{"billed_charge":50.00,"npi":[1497378699,1912342437]}]}]},{"tin":{"type":"ein","value":"871580682"},"service_code":["11"],"billing_class":"professional","payments":[{"allowed_amount":48.38,"billing_code_modifier":[""],"providers":[{"billed_charge":110.00,"npi":[1669043774,1912588534]}]}]}]},{"name":"OFFICE\/OUTPATIENT ESTABLISHED LOW MDM 20-29 MIN","billing_code_type":"CPT","billing_code_type_version":"2020","billing_code":"99213","description":"OFFICE\/OUTPATIENT ESTABLISHED LOW MDM 20-29 MIN","allowed_amounts":[{"tin":{"type":"ein","value":"133279140"},"service_code":["11"],"billing_class":"professional","payments":[{"allowed_amount":138.71,"billing_code_modifier":[""],"providers":[{"billed_charge":275.00,"npi":[1528007168,1942398557]}]}]},{"tin":{"type":"ein","value":"134276061"},"service_code":["02"],"billing_class":"professional","payments":[{"allowed_amount":138.71,"billing_code_modifier":[""],"providers":[{"billed_charge":210.00,"npi":[1962564310]}]}]},{"tin":{"type":"ein","value":"139528577"},"service_code":["11"],"billing_class":"professional","payments":[{"allowed_amount":138.71,"billing_code_modifier":[""],"providers":[{"billed_charge":200.00,"npi":[1811215759]}]}]},{"tin":{"type":"ein","value":"150709171"},"service_code":["11"],"billing_class":"professional","payments":[{"allowed_amount":138.71,"billing_code_modifier":[""],"providers":[{"billed_charge":216.00,"npi":[1619181781]}]}]},{"tin":{"type":"ein","value":"205834728"},"service_code":["11"],"billing_class":"professional","payments":[{"allowed_amount":138.71,"billing_code_modifier":[""],"providers":[{"billed_charge":350.00,"npi":[1184631509,1740379791]}]}]},{"tin":{"type":"ein","value":"271085827"},"service_code":["11"],"billing_class":"professional","payments":[{"allowed_amount":138.71,"billing_code_modifier":[""],"providers":[{"billed_charge":150.00,"npi":[1568577336]}]}]},{"tin":{"type":"ein","value":"453084212"},"service_code":["02"],"billing_class":"professional","payments":[{"allowed_amount":138.71,"billing_code_modifier":[""],"providers":[{"billed_charge":250.00,"npi":[1275952533]}]}]},{"tin":{"type":"ein","value":"461480397"},"service_code":["11"],"billing_class":"professional","payments":[{"allowed_amount":138.71,"billing_code_modifier":[""],"providers":[{"billed_charge":275.00,"npi":[1689898983]}]}]},{"tin":{"type":"ein","value":"562662502"},"service_code":["11"],"billing_class":"professional","payments":[{"allowed_amount":138.71,"billing_code_modifier":[""],"providers":[{"billed_charge":277.00,"npi":[1225222953,1255718193]}]}]},{"tin":{"type":"ein","value":"821547711"},"service_code":["11"],"billing_class":"professional","payments":[{"allowed_amount":138.71,"billing_code_modifier":[""],"providers":[{"billed_charge":174.00,"npi":[1790214187,1932440401]}]}]},{"tin":{"type":"ein","value":"842886471"},"service_code":["11"],"billing_class":"professional","payments":[{"allowed_amount":138.71,"billing_code_modifier":[""],"providers":[{"billed_charge":200.00,"npi":[1265083745,1609257955]}]}]},{"tin":{"type":"ein","value":"844648206"},"service_code":["11"],"billing_class":"professional","payments":[{"allowed_amount":138.71,"billing_code_modifier":[""],"providers":[{"billed_charge":300.00,"npi":[1790372878]}]}]}]},{"name":"OFFICE\/OUTPATIENT ESTABLISHED MOD MDM 30-39 MIN","billing_code_type":"CPT","billing_code_type_version":"2020","billing_code":"99214","description":"OFFICE\/OUTPATIENT ESTABLISHED MOD MDM 30-39 MIN","allowed_amounts":[{"tin":{"type":"ein","value":"037587705"},"service_code":["11"],"billing_class":"professional","payments":[{"allowed_amount":173.14,"billing_code_modifier":[""],"providers":[{"billed_charge":250.00,"npi":[1134341100]}]}]},{"tin":{"type":"ein","value":"061242656"},"service_code":["02"],"billing_class":"professional","payments":[{"allowed_amount":173.14,"billing_code_modifier":[""],"providers":[{"billed_charge":185.00,"npi":[1487251906,1720194335]}]}]},{"tin":{"type":"ein","value":"133337220"},"service_code":["11"],"billing_class":"professional","payments":[{"allowed_amount":173.14,"billing_code_modifier":[""],"providers":[{"billed_charge":350.00,"npi":[1164423034,1760484265]}]}]},{"tin":{"type":"ein","value":"142465357"},"service_code":["11"],"billing_class":"professional","payments":[{"allowed_amount":173.14,"billing_code_modifier":[""],"providers":[{"billed_charge":275.00,"npi":[1003953472]}]}]},{"tin":{"type":"ein","value":"200239132"},"service_code":["11"],"billing_class":"professional","payments":[{"allowed_amount":173.14,"billing_code_modifier":[""],"providers":[{"billed_charge":230.00,"npi":[1053530436,1639190630]}]}]},{"tin":{"type":"ein","value":"213507561"},"service_code":["11"],"billing_class":"professional","payments":[{"allowed_amount":173.14,"billing_code_modifier":[""],"providers":[{"billed_charge":300.00,"npi":[1417960667]}]}]},{"tin":{"type":"ein","value":"378560638"},"service_code":["11"],"billing_class":"professional","payments":[{"allowed_amount":173.14,"billing_code_modifier":[""],"providers":[{"billed_charge":275.00,"npi":[1154536803]}]}]},{"tin":{"type":"ein","value":"550875134"},"service_code":["11"],"billing_class":"professional","payments":[{"allowed_amount":173.14,"billing_code_modifier":[""],"providers":[{"billed_charge":175.00,"npi":[1710188636]}]}]},{"tin":{"type":"ein","value":"873315419"},"service_code":["11"],"billing_class":"professional","payments":[{"allowed_amount":173.14,"billing_code_modifier":[""],"providers":[{"billed_charge":350.00,"npi":[1255518742]}]}]}]},{"name":"PSYCHIATRIC\/PSYCHOLOGICAL SVCS: GROUP THERAPY","billing_code_type":"RC","billing_code_type_version":"UB04","billing_code":"0915","description":"PSYCHIATRIC\/PSYCHOLOGICAL SVCS: GROUP THERAPY","allowed_amounts":[{"tin":{"type":"ein","value":"461121984"},"service_code":["22"],"billing_class":"institutional","payments":[{"allowed_amount":108.81,"billing_code_modifier":[""],"providers":[{"billed_charge":650.00,"npi":[1023413960,1063420057]}]}]}]},{"name":"PSYCHIATRIC\/PSYCHOLOGICAL TRT: INTENSIVE OUT SERV","billing_code_type":"RC","billing_code_type_version":"UB04","billing_code":"0906","description":"PSYCHIATRIC\/PSYCHOLOGICAL TRT: INTENSIVE OUT SERV","allowed_amounts":[{"tin":{"type":"ein","value":"461121984"},"service_code":["22"],"billing_class":"institutional","payments":[{"allowed_amount":115.05,"billing_code_modifier":[""],"providers":[{"billed_charge":1795.00,"npi":[1023413960,1063420057]}]}]}]},{"name":"PSYCHOTHERAPY W\/PATIENT 45 MINUTES","billing_code_type":"CPT","billing_code_type_version":"2020","billing_code":"90834","description":"PSYCHOTHERAPY W\/PATIENT 45 MINUTES","allowed_amounts":[{"tin":{"type":"ein","value":"041446134"},"service_code":["11"],"billing_class":"professional","payments":[{"allowed_amount":154.92,"billing_code_modifier":[""],"providers":[{"billed_charge":225.00,"npi":[1518917004]}]}]},{"tin":{"type":"ein","value":"048601029"},"service_code":["11"],"billing_class":"professional","payments":[{"allowed_amount":152.66,"billing_code_modifier":[""],"providers":[{"billed_charge":250.00,"npi":[1952675332]}]}]},{"tin":{"type":"ein","value":"048601029"},"service_code":["11"],"billing_class":"professional","payments":[{"allowed_amount":154.92,"billing_code_modifier":[""],"providers":[{"billed_charge":250.00,"npi":[1952675332]}]}]},{"tin":{"type":"ein","value":"058365094"},"service_code":["11"],"billing_class":"professional","payments":[{"allowed_amount":154.92,"billing_code_modifier":[""],"providers":[{"billed_charge":200.00,"npi":[1467570382]}]}]},{"tin":{"type":"ein","value":"058365094"},"service_code":["11"],"billing_class":"professional","payments":[{"allowed_amount":174.88,"billing_code_modifier":[""],"providers":[{"billed_charge":200.00,"npi":[1467570382]}]}]},{"tin":{"type":"ein","value":"074428828"},"service_code":["11"],"billing_class":"professional","payments":[{"allowed_amount":152.66,"billing_code_modifier":[""],"providers":[{"billed_charge":225.00,"npi":[1477580454]}]}]},{"tin":{"type":"ein","value":"086421292"},"service_code":["11"],"billing_class":"professional","payments":[{"allowed_amount":152.66,"billing_code_modifier":[""],"providers":[{"billed_charge":200.00,"npi":[1013221431]}]}]},{"tin":{"type":"ein","value":"093485802"},"service_code":["11"],"billing_class":"professional","payments":[{"allowed_amount":150.39,"billing_code_modifier":[""],"providers":[{"billed_charge":200.00,"npi":[1356544977]}]}]},{"tin":{"type":"ein","value":"093485802"},"service_code":["11"],"billing_class":"professional","payments":[{"allowed_amount":154.92,"billing_code_modifier":[""],"providers":[{"billed_charge":200.00,"npi":[1356544977]}]}]},{"tin":{"type":"ein","value":"101808159"},"service_code":["02"],"billing_class":"professional","payments":[{"allowed_amount":152.66,"billing_code_modifier":[""],"providers":[{"billed_charge":300.00,"npi":[1013069145]}]}]},{"tin":{"type":"ein","value":"101808159"},"service_code":["02"],"billing_class":"professional","payments":[{"allowed_amount":154.92,"billing_code_modifier":[""],"providers":[{"billed_charge":300.00,"npi":[1013069145]}]}]},{"tin":{"type":"ein","value":"101808159"},"service_code":["11"],"billing_class":"professional","payments":[{"allowed_amount":174.88,"billing_code_modifier":[""],"providers":[{"billed_charge":300.00,"npi":[1013069145]}]}]},{"tin":{"type":"ein","value":"104500832"},"service_code":["11"],"billing_class":"professional","payments":[{"allowed_amount":152.66,"billing_code_modifier":[""],"providers":[{"billed_charge":200.00,"npi":[1942353701]}]}]},{"tin":{"type":"ein","value":"104500832"},"service_code":["11"],"billing_class":"professional","payments":[{"allowed_amount":154.92,"billing_code_modifier":[""],"providers":[{"billed_charge":200.00,"npi":[1942353701]}]}]},{"tin":{"type":"ein","value":"104500832"},"service_code":["11"],"billing_class":"professional","payments":[{"allowed_amount":174.88,"billing_code_modifier":[""],"providers":[{"billed_charge":200.00,"npi":[1942353701]}]}]},{"tin":{"type":"ein","value":"129526392"},"service_code":["11"],"billing_class":"professional","payments":[{"allowed_amount":154.92,"billing_code_modifier":[""],"providers":[{"billed_charge":200.00,"npi":[1639458789]}]}]},{"tin":{"type":"ein","value":"133112926"},"service_code":["11"],"billing_class":"professional","payments":[{"allowed_amount":150.39,"billing_code_modifier":[""],"providers":[{"billed_charge":275.00,"npi":[1871737817]}]}]},{"tin":{"type":"ein","value":"133112926"},"service_code":["11"],"billing_class":"professional","payments":[{"allowed_amount":154.92,"billing_code_modifier":[""],"providers":[{"billed_charge":275.00,"npi":[1871737817]}]}]},{"tin":{"type":"ein","value":"133349448"},"service_code":["11"],"billing_class":"professional","payments":[{"allowed_amount":150.39,"billing_code_modifier":[""],"providers":[{"billed_charge":275.00,"npi":[1306043203]}]}]},{"tin":{"type":"ein","value":"133349448"},"service_code":["11"],"billing_class":"professional","payments":[{"allowed_amount":154.92,"billing_code_modifier":[""],"providers":[{"billed_charge":275.00,"npi":[1306043203]}]}]},{"tin":{"type":"ein","value":"133848844"},"service_code":["02"],"billing_class":"professional","payments":[{"allowed_amount":152.66,"billing_code_modifier":[""],"providers":[{"billed_charge":250.00,"npi":[1447474093]}]}]},{"tin":{"type":"ein","value":"133848844"},"service_code":["02"],"billing_class":"professional","payments":[{"allowed_amount":174.88,"billing_code_modifier":[""],"providers":[{"billed_charge":250.00,"npi":[1447474093]}]}]},{"tin":{"type":"ein","value":"133950738"},"service_code":["11"],"billing_class":"professional","payments":[{"allowed_amount":154.92,"billing_code_modifier":[""],"providers":[{"billed_charge":265.00,"npi":[1710022157,1992887640]}]}]},{"tin":{"type":"ein","value":"135598093"},"service_code":["11"],"billing_class":"professional","payments":[{"allowed_amount":154.92,"billing_code_modifier":[""],"providers":[{"billed_charge":300.00,"npi":[1427586585]}]}]},{"tin":{"type":"ein","value":"141835933"},"service_code":["11"],"billing_class":"professional","payments":[{"allowed_amount":154.92,"billing_code_modifier":[""],"providers":[{"billed_charge":200.00,"npi":[1053825455]}]}]},{"tin":{"type":"ein","value":"141874604"},"service_code":["11"],"billing_class":"professional","payments":[{"allowed_amount":154.92,"billing_code_modifier":[""],"providers":[{"billed_charge":275.00,"npi":[1932356813]}]}]},{"tin":{"type":"ein","value":"148529009"},"service_code":["02","11"],"billing_class":"professional","payments":[{"allowed_amount":174.88,"billing_code_modifier":[""],"providers":[{"billed_charge":355.00,"npi":[1578161428]}]}]},{"tin":{"type":"ein","value":"200367839"},"service_code":["02"],"billing_class":"professional","payments":[{"allowed_amount":154.92,"billing_code_modifier":[""],"providers":[{"billed_charge":200.00,"npi":[1891307682]},{"billed_charge":250.00,"npi":[1891307682]}]},{"allowed_amount":154.92,"billing_code_modifier":[""],"providers":[{"billed_charge":200.00,"npi":[1891307682]},{"billed_charge":250.00,"npi":[1891307682]}]}]},{"tin":{"type":"ein","value":"200367839"},"service_code":["02"],"billing_class":"professional","payments":[{"allowed_amount":154.92,"billing_code_modifier":[""],"providers":[{"billed_charge":200.00,"npi":[1891307682]},{"billed_charge":250.00,"npi":[1891307682]}]},{"allowed_amount":154.92,"billing_code_modifier":[""],"providers":[{"billed_charge":200.00,"npi":[1891307682]},{"billed_charge":250.00,"npi":[1891307682]}]}]},{"tin":{"type":"ein","value":"201932288"},"service_code":["02"],"billing_class":"professional","payments":[{"allowed_amount":150.00,"billing_code_modifier":[""],"providers":[{"billed_charge":150.00,"npi":[1366757213,1386310084]}]}]},{"tin":{"type":"ein","value":"202624940"},"service_code":["11"],"billing_class":"professional","payments":[{"allowed_amount":152.66,"billing_code_modifier":[""],"providers":[{"billed_charge":250.00,"npi":[1962782102]}]}]},{"tin":{"type":"ein","value":"204128362"},"service_code":["11"],"billing_class":"professional","payments":[{"allowed_amount":154.92,"billing_code_modifier":[""],"providers":[{"billed_charge":225.00,"npi":[1174056162,1831388438]}]}]},{"tin":{"type":"ein","value":"212020056"},"service_code":["11"],"billing_class":"professional","payments":[{"allowed_amount":152.66,"billing_code_modifier":[""],"providers":[{"billed_charge":300.00,"npi":[1215121710]}]}]},{"tin":{"type":"ein","value":"263150672"},"service_code":["11"],"billing_class":"professional","payments":[{"allowed_amount":152.66,"billing_code_modifier":[""],"providers":[{"billed_charge":175.00,"npi":[1861550923]}]}]},{"tin":{"type":"ein","value":"263150672"},"service_code":["11"],"billing_class":"professional","payments":[{"allowed_amount":154.92,"billing_code_modifier":[""],"providers":[{"billed_charge":175.00,"npi":[1861550923]}]}]},{"tin":{"type":"ein","value":"263951243"},"service_code":["02"],"billing_class":"professional","payments":[{"allowed_amount":154.92,"billing_code_modifier":[""],"providers":[{"billed_charge":200.00,"npi":[1841436581]}]}]},{"tin":{"type":"ein","value":"270619443"},"service_code":["11"],"billing_class":"professional","payments":[{"allowed_amount":152.66,"billing_code_modifier":[""],"providers":[{"billed_charge":200.00,"npi":[1437112711]}]}]},{"tin":{"type":"ein","value":"272344894"},"service_code":["11"],"billing_class":"professional","payments":[{"allowed_amount":150.00,"billing_code_modifier":[""],"providers":[{"billed_charge":150.00,"npi":[1417154360]}]}]},{"tin":{"type":"ein","value":"272344894"},"service_code":["11"],"billing_class":"professional","payments":[{"allowed_amount":174.88,"billing_code_modifier":[""],"providers":[{"billed_charge":180.00,"npi":[1417154360]}]}]},{"tin":{"type":"ein","value":"272853779"},"service_code":["11"],"billing_class":"professional","payments":[{"allowed_amount":152.66,"billing_code_modifier":[""],"providers":[{"billed_charge":275.00,"npi":[1760605877]}]}]},{"tin":{"type":"ein","value":"273166739"},"service_code":["02"],"billing_class":"professional","payments":[{"allowed_amount":154.92,"billing_code_modifier":[""],"providers":[{"billed_charge":200.00,"npi":[1477867240]}]}]},{"tin":{"type":"ein","value":"273166739"},"service_code":["99"],"billing_class":"professional","payments":[{"allowed_amount":174.88,"billing_code_modifier":[""],"providers":[{"billed_charge":200.00,"npi":[1477867240]}]}]},{"tin":{"type":"ein","value":"273296691"},"service_code":["02"],"billing_class":"professional","payments":[{"allowed_amount":152.66,"billing_code_modifier":[""],"providers":[{"billed_charge":225.00,"npi":[1336487438]}]}]},{"tin":{"type":"ein","value":"273296691"},"service_code":["02"],"billing_class":"professional","payments":[{"allowed_amount":154.92,"billing_code_modifier":[""],"providers":[{"billed_charge":225.00,"npi":[1336487438]}]}]},{"tin":{"type":"ein","value":"273296691"},"service_code":["02"],"billing_class":"professional","payments":[{"allowed_amount":174.88,"billing_code_modifier":[""],"providers":[{"billed_charge":225.00,"npi":[1336487438]}]}]},{"tin":{"type":"ein","value":"274859608"},"service_code":["02"],"billing_class":"professional","payments":[{"allowed_amount":154.92,"billing_code_modifier":[""],"providers":[{"billed_charge":225.00,"npi":[1699037796]}]}]},{"tin":{"type":"ein","value":"421588169"},"service_code":["11"],"billing_class":"professional","payments":[{"allowed_amount":154.92,"billing_code_modifier":[""],"providers":[{"billed_charge":250.00,"npi":[1194864215]}]}]},{"tin":{"type":"ein","value":"451470574"},"service_code":["02"],"billing_class":"professional","payments":[{"allowed_amount":152.66,"billing_code_modifier":[""],"providers":[{"billed_charge":225.00,"npi":[1588964597]}]}]},{"tin":{"type":"ein","value":"451470574"},"service_code":["02"],"billing_class":"professional","payments":[{"allowed_amount":174.88,"billing_code_modifier":[""],"providers":[{"billed_charge":225.00,"npi":[1588964597]}]}]},{"tin":{"type":"ein","value":"454703492"},"service_code":["02"],"billing_class":"professional","payments":[{"allowed_amount":174.88,"billing_code_modifier":[""],"providers":[{"billed_charge":250.00,"npi":[1497028203]}]}]},{"tin":{"type":"ein","value":"461724901"},"service_code":["11"],"billing_class":"professional","payments":[{"allowed_amount":154.92,"billing_code_modifier":[""],"providers":[{"billed_charge":250.00,"npi":[1225658339]}]}]},{"tin":{"type":"ein","value":"463360568"},"service_code":["11"],"billing_class":"professional","payments":[{"allowed_amount":152.66,"billing_code_modifier":[""],"providers":[{"billed_charge":230.00,"npi":[1578556882]}]}]},{"tin":{"type":"ein","value":"463360568"},"service_code":["11"],"billing_class":"professional","payments":[{"allowed_amount":154.92,"billing_code_modifier":[""],"providers":[{"billed_charge":230.00,"npi":[1578556882]}]}]},{"tin":{"type":"ein","value":"463860688"},"service_code":["02"],"billing_class":"professional","payments":[{"allowed_amount":154.92,"billing_code_modifier":[""],"providers":[{"billed_charge":183.00,"npi":[1356680714]},{"billed_charge":275.00,"npi":[1356680714,1821680836]}]},{"allowed_amount":154.92,"billing_code_modifier":[""],"providers":[{"billed_charge":183.00,"npi":[1356680714]},{"billed_charge":275.00,"npi":[1356680714,1821680836]}]}]},{"tin":{"type":"ein","value":"463860688"},"service_code":["02","11"],"billing_class":"professional","payments":[{"allowed_amount":154.92,"billing_code_modifier":[""],"providers":[{"billed_charge":183.00,"npi":[1356680714]},{"billed_charge":275.00,"npi":[1356680714,1821680836]}]},{"allowed_amount":154.92,"billing_code_modifier":[""],"providers":[{"billed_charge":183.00,"npi":[1356680714]},{"billed_charge":275.00,"npi":[1356680714,1821680836]}]}]},{"tin":{"type":"ein","value":"464113304"},"service_code":["02"],"billing_class":"professional","payments":[{"allowed_amount":154.92,"billing_code_modifier":[""],"providers":[{"billed_charge":225.00,"npi":[1013041342]}]}]},{"tin":{"type":"ein","value":"474489898"},"service_code":["11"],"billing_class":"professional","payments":[{"allowed_amount":150.39,"billing_code_modifier":[""],"providers":[{"billed_charge":250.00,"npi":[1841415023]}]}]},{"tin":{"type":"ein","value":"474662526"},"service_code":["02"],"billing_class":"professional","payments":[{"allowed_amount":154.92,"billing_code_modifier":[""],"providers":[{"billed_charge":250.00,"npi":[1710185558]}]}]},{"tin":{"type":"ein","value":"474841972"},"service_code":["11"],"billing_class":"professional","payments":[{"allowed_amount":154.92,"billing_code_modifier":[""],"providers":[{"billed_charge":300.00,"npi":[1700960283]}]}]},{"tin":{"type":"ein","value":"474856409"},"service_code":["11"],"billing_class":"professional","payments":[{"allowed_amount":152.66,"billing_code_modifier":[""],"providers":[{"billed_charge":250.00,"npi":[1093274870]}]}]},{"tin":{"type":"ein","value":"474856409"},"service_code":["11"],"billing_class":"professional","payments":[{"allowed_amount":154.92,"billing_code_modifier":[""],"providers":[{"billed_charge":250.00,"npi":[1093274870]}]}]},{"tin":{"type":"ein","value":"475283779"},"service_code":["02"],"billing_class":"professional","payments":[{"allowed_amount":152.66,"billing_code_modifier":[""],"providers":[{"billed_charge":250.00,"npi":[1467963223]}]}]},{"tin":{"type":"ein","value":"475283779"},"service_code":["02"],"billing_class":"professional","payments":[{"allowed_amount":174.88,"billing_code_modifier":[""],"providers":[{"billed_charge":250.00,"npi":[1467963223]}]}]},{"tin":{"type":"ein","value":"562609950"},"service_code":["02"],"billing_class":"professional","payments":[{"allowed_amount":174.88,"billing_code_modifier":[""],"providers":[{"billed_charge":250.00,"npi":[1992896088]}]}]},{"tin":{"type":"ein","value":"562609950"},"service_code":["22"],"billing_class":"professional","payments":[{"allowed_amount":154.92,"billing_code_modifier":[""],"providers":[{"billed_charge":250.00,"npi":[1992896088]}]}]},{"tin":{"type":"ein","value":"570210724"},"service_code":["02","11"],"billing_class":"professional","payments":[{"allowed_amount":150.00,"billing_code_modifier":[""],"providers":[{"billed_charge":150.00,"npi":[1578216271]}]}]},{"tin":{"type":"ein","value":"812968808"},"service_code":["11"],"billing_class":"professional","payments":[{"allowed_amount":154.92,"billing_code_modifier":[""],"providers":[{"billed_charge":200.00,"npi":[1467909705]}]}]},{"tin":{"type":"ein","value":"814364388"},"service_code":["11"],"billing_class":"professional","payments":[{"allowed_amount":152.66,"billing_code_modifier":[""],"providers":[{"billed_charge":225.00,"npi":[1184081085,1225440977]}]}]},{"tin":{"type":"ein","value":"814364388"},"service_code":["11"],"billing_class":"professional","payments":[{"allowed_amount":174.88,"billing_code_modifier":[""],"providers":[{"billed_charge":225.00,"npi":[1184081085,1225440977]}]}]},{"tin":{"type":"ein","value":"823350331"},"service_code":["02"],"billing_class":"professional","payments":[{"allowed_amount":174.88,"billing_code_modifier":[""],"providers":[{"billed_charge":225.00,"npi":[1548576507]}]}]},{"tin":{"type":"ein","value":"823669282"},"service_code":["02"],"billing_class":"professional","payments":[{"allowed_amount":150.00,"billing_code_modifier":[""],"providers":[{"billed_charge":150.00,"npi":[1326316399]}]}]},{"tin":{"type":"ein","value":"823669282"},"service_code":["11"],"billing_class":"professional","payments":[{"allowed_amount":154.92,"billing_code_modifier":[""],"providers":[{"billed_charge":200.00,"npi":[1326316399]}]}]},{"tin":{"type":"ein","value":"823905745"},"service_code":["11"],"billing_class":"professional","payments":[{"allowed_amount":150.39,"billing_code_modifier":[""],"providers":[{"billed_charge":225.00,"npi":[1558863761,1992206775]}]}]},{"tin":{"type":"ein","value":"841864056"},"service_code":["11"],"billing_class":"professional","payments":[{"allowed_amount":154.92,"billing_code_modifier":[""],"providers":[{"billed_charge":210.00,"npi":[1609362599]}]}]},{"tin":{"type":"ein","value":"843061098"},"service_code":["11"],"billing_class":"professional","payments":[{"allowed_amount":150.39,"billing_code_modifier":[""],"providers":[{"billed_charge":200.00,"npi":[1003459694,1972045904]}]}]},{"tin":{"type":"ein","value":"843061098"},"service_code":["11"],"billing_class":"professional","payments":[{"allowed_amount":154.92,"billing_code_modifier":[""],"providers":[{"billed_charge":200.00,"npi":[1003459694,1972045904]}]}]},{"tin":{"type":"ein","value":"843638319"},"service_code":["02","11"],"billing_class":"professional","payments":[{"allowed_amount":150.00,"billing_code_modifier":[""],"providers":[{"billed_charge":150.00,"npi":[1013163187]}]}]},{"tin":{"type":"ein","value":"844121642"},"service_code":["11"],"billing_class":"professional","payments":[{"allowed_amount":154.92,"billing_code_modifier":[""],"providers":[{"billed_charge":200.00,"npi":[1679911937]}]}]},{"tin":{"type":"ein","value":"853522154"},"service_code":["02","11"],"billing_class":"professional","payments":[{"allowed_amount":154.92,"billing_code_modifier":[""],"providers":[{"billed_charge":200.00,"npi":[1710372669]}]}]},{"tin":{"type":"ein","value":"853849790"},"service_code":["11"],"billing_class":"professional","payments":[{"allowed_amount":154.92,"billing_code_modifier":[""],"providers":[{"billed_charge":200.00,"npi":[1902187487]}]}]},{"tin":{"type":"ein","value":"862794729"},"service_code":["11"],"billing_class":"professional","payments":[{"allowed_amount":174.88,"billing_code_modifier":[""],"providers":[{"billed_charge":450.00,"npi":[1013416866,1811561855]}]}]},{"tin":{"type":"ein","value":"871055414"},"service_code":["02"],"billing_class":"professional","payments":[{"allowed_amount":154.92,"billing_code_modifier":[""],"providers":[{"billed_charge":220.00,"npi":[1912337114]}]}]}]},{"name":"PSYCHOTHERAPY W\/PATIENT 60 MINUTES","billing_code_type":"CPT","billing_code_type_version":"2020","billing_code":"90837","description":"PSYCHOTHERAPY W\/PATIENT 60 MINUTES","allowed_amounts":[{"tin":{"type":"ein","value":"271620688"},"service_code":["11"],"billing_class":"professional","payments":[{"allowed_amount":219.27,"billing_code_modifier":[""],"providers":[{"billed_charge":350.00,"npi":[1144784356,1972884153]}]}]},{"tin":{"type":"ein","value":"843342718"},"service_code":["02"],"billing_class":"professional","payments":[{"allowed_amount":219.27,"billing_code_modifier":[""],"providers":[{"billed_charge":385.00,"npi":[1235769449,1760012892]}]}]}]},{"name":"SARS-COV-2 COVID-19 AMP PRB HTT","billing_code_type":"HCPCS","billing_code_type_version":"HCPCS LEVEL II 2021","billing_code":"U0003","description":"SARS-COV-2 COVID-19 AMP PRB HTT","allowed_amounts":[{"tin":{"type":"ein","value":"030511037"},"service_code":["81"],"billing_class":"professional","payments":[{"allowed_amount":75.00,"billing_code_modifier":[""],"providers":[{"billed_charge":375.00,"npi":[1790234839,1821110453]}]}]},{"tin":{"type":"ein","value":"113540038"},"service_code":["11"],"billing_class":"professional","payments":[{"allowed_amount":112.50,"billing_code_modifier":[""],"providers":[{"billed_charge":250.00,"npi":[1235295213,1427620558,1811939465]}]}]},{"tin":{"type":"ein","value":"113630760"},"service_code":["81"],"billing_class":"professional","payments":[{"allowed_amount":112.50,"billing_code_modifier":[""],"providers":[{"billed_charge":303.75,"npi":[1255468328,1699857854]},{"billed_charge":355.00,"npi":[1255468328,1669507398,1881618866]}]},{"allowed_amount":112.50,"billing_code_modifier":[""],"providers":[{"billed_charge":303.75,"npi":[1255468328,1699857854]},{"billed_charge":355.00,"npi":[1255468328,1669507398,1881618866]}]}]},{"tin":{"type":"ein","value":"113630760"},"service_code":["81"],"billing_class":"professional","payments":[{"allowed_amount":112.50,"billing_code_modifier":[""],"providers":[{"billed_charge":303.75,"npi":[1255468328,1699857854]},{"billed_charge":355.00,"npi":[1255468328,1669507398,1881618866]}]},{"allowed_amount":112.50,"billing_code_modifier":[""],"providers":[{"billed_charge":303.75,"npi":[1255468328,1699857854]},{"billed_charge":355.00,"npi":[1255468328,1669507398,1881618866]}]}]},{"tin":{"type":"ein","value":"133934292"},"service_code":["81"],"billing_class":"professional","payments":[{"allowed_amount":112.50,"billing_code_modifier":[""],"providers":[{"billed_charge":300.00,"npi":[1134316441]}]}]},{"tin":{"type":"ein","value":"201236503"},"service_code":["81"],"billing_class":"professional","payments":[{"allowed_amount":112.50,"billing_code_modifier":[""],"providers":[{"billed_charge":150.00,"npi":[1225110497,1518035997]}]}]},{"tin":{"type":"ein","value":"203734391"},"service_code":["81"],"billing_class":"professional","payments":[{"allowed_amount":75.00,"billing_code_modifier":[""],"providers":[{"billed_charge":200.00,"npi":[1053584482,1073629069,1477540029]}]}]},{"tin":{"type":"ein","value":"208833340"},"service_code":["81"],"billing_class":"professional","payments":[{"allowed_amount":112.50,"billing_code_modifier":[""],"providers":[{"billed_charge":150.00,"npi":[1528542628,1922259753]}]}]},{"tin":{"type":"ein","value":"231855452"},"service_code":["81"],"billing_class":"professional","payments":[{"allowed_amount":75.00,"billing_code_modifier":[""],"providers":[{"billed_charge":312.00,"npi":[1346291986,1952595035]}]}]},{"tin":{"type":"ein","value":"231855452"},"service_code":["81"],"billing_class":"professional","payments":[{"allowed_amount":112.50,"billing_code_modifier":[""],"providers":[{"billed_charge":312.00,"npi":[1346291986,1629320403,1952595035]}]}]},{"tin":{"type":"ein","value":"461653414"},"service_code":["81"],"billing_class":"professional","payments":[{"allowed_amount":75.00,"billing_code_modifier":[""],"providers":[{"billed_charge":180.00,"npi":[1396747861,1558609008]}]}]},{"tin":{"type":"ein","value":"800270103"},"service_code":["81"],"billing_class":"professional","payments":[{"allowed_amount":75.00,"billing_code_modifier":[""],"providers":[{"billed_charge":107.73,"npi":[1649418351]}]}]},{"tin":{"type":"ein","value":"814460406"},"service_code":["81"],"billing_class":"professional","payments":[{"allowed_amount":75.00,"billing_code_modifier":[""],"providers":[{"billed_charge":200.00,"npi":[1538507819,1699772202]}]}]},{"tin":{"type":"ein","value":"822369612"},"service_code":["81"],"billing_class":"professional","payments":[{"allowed_amount":112.50,"billing_code_modifier":[""],"providers":[{"billed_charge":250.00,"npi":[1073629069,1710477344]}]}]},{"tin":{"type":"ein","value":"823473048"},"service_code":["81"],"billing_class":"professional","payments":[{"allowed_amount":75.00,"billing_code_modifier":[""],"providers":[{"billed_charge":200.00,"npi":[1164924254,1689186579]}]}]},{"tin":{"type":"ein","value":"833901286"},"service_code":["20"],"billing_class":"professional","payments":[{"allowed_amount":75.00,"billing_code_modifier":[""],"providers":[{"billed_charge":200.00,"npi":[1154976876]}]}]},{"tin":{"type":"ein","value":"843016042"},"service_code":["81"],"billing_class":"professional","payments":[{"allowed_amount":112.50,"billing_code_modifier":[""],"providers":[{"billed_charge":250.00,"npi":[1265473540,1306823935,1598315574,1992769632]}]}]},{"tin":{"type":"ein","value":"852364612"},"service_code":["81"],"billing_class":"professional","payments":[{"allowed_amount":112.50,"billing_code_modifier":[""],"providers":[{"billed_charge":225.00,"npi":[1740685387,1790386746]}]}]}]},{"name":"SPECIMEN COLLECT COVID-19","billing_code_type":"HCPCS","billing_code_type_version":"HCPCS LEVEL II 2021","billing_code":"G2023","description":"SPECIMEN COLLECT COVID-19","allowed_amounts":[{"tin":{"type":"ein","value":"030511037"},"service_code":["81"],"billing_class":"professional","payments":[{"allowed_amount":0.00,"billing_code_modifier":[""],"providers":[{"billed_charge":117.00,"npi":[1790234839,1821110453]}]}]},{"tin":{"type":"ein","value":"461653414"},"service_code":["81"],"billing_class":"professional","payments":[{"allowed_amount":0.00,"billing_code_modifier":[""],"providers":[{"billed_charge":30.00,"npi":[1396747861,1558609008]}]}]},{"tin":{"type":"ein","value":"813096383"},"service_code":["20"],"billing_class":"professional","payments":[{"allowed_amount":0.00,"billing_code_modifier":[""],"providers":[{"billed_charge":50.00,"npi":[1235684432,1356331763]}]}]},{"tin":{"type":"ein","value":"823473048"},"service_code":["81"],"billing_class":"professional","payments":[{"allowed_amount":0.00,"billing_code_modifier":[""],"providers":[{"billed_charge":100.00,"npi":[1164924254,1689186579]}]}]}]},{"name":"THER PX 1\/> AREAS EACH 15 MIN NEUROMUSC REEDUCA","billing_code_type":"CPT","billing_code_type_version":"2020","billing_code":"97112","description":"THER PX 1\/> AREAS EACH 15 MIN NEUROMUSC REEDUCA","allowed_amounts":[{"tin":{"type":"ein","value":"133542448"},"service_code":["11"],"billing_class":"professional","payments":[{"allowed_amount":61.06,"billing_code_modifier":[""],"providers":[{"billed_charge":110.00,"npi":[1154403855,1518962729,1952307571]}]}]},{"tin":{"type":"ein","value":"208386582"},"service_code":["11"],"billing_class":"professional","payments":[{"allowed_amount":52.86,"billing_code_modifier":[""],"providers":[{"billed_charge":100.00,"npi":[1538124474]}]}]},{"tin":{"type":"ein","value":"223954127"},"service_code":["11"],"billing_class":"professional","payments":[{"allowed_amount":61.06,"billing_code_modifier":[""],"providers":[{"billed_charge":120.00,"npi":[1417146614,1801092127,1811547888]}]}]},{"tin":{"type":"ein","value":"300510484"},"service_code":["11"],"billing_class":"professional","payments":[{"allowed_amount":61.06,"billing_code_modifier":[""],"providers":[{"billed_charge":125.00,"npi":[1780838854]}]}]},{"tin":{"type":"ein","value":"522369896"},"service_code":["11"],"billing_class":"professional","payments":[{"allowed_amount":80.00,"billing_code_modifier":[""],"providers":[{"billed_charge":80.00,"npi":[1396921631,1487717500]}]}]},{"tin":{"type":"ein","value":"812082302"},"service_code":["11"],"billing_class":"professional","payments":[{"allowed_amount":52.86,"billing_code_modifier":[""],"providers":[{"billed_charge":65.00,"npi":[1669784229]}]}]},{"tin":{"type":"ein","value":"842886471"},"service_code":["11"],"billing_class":"professional","payments":[{"allowed_amount":52.86,"billing_code_modifier":[""],"providers":[{"billed_charge":150.00,"npi":[1265083745,1609257955]}]}]},{"tin":{"type":"ein","value":"871580682"},"service_code":["11"],"billing_class":"professional","payments":[{"allowed_amount":61.06,"billing_code_modifier":[""],"providers":[{"billed_charge":110.00,"npi":[1669043774,1912588534]}]}]}]},{"name":"THERAPEUT ACTVITY DIRECT PT CONTACT EACH 15 MIN","billing_code_type":"CPT","billing_code_type_version":"2020","billing_code":"97530","description":"THERAPEUT ACTVITY DIRECT PT CONTACT EACH 15 MIN","allowed_amounts":[{"tin":{"type":"ein","value":"134002590"},"service_code":["11"],"billing_class":"professional","payments":[{"allowed_amount":59.15,"billing_code_modifier":[""],"providers":[{"billed_charge":150.00,"npi":[1144360017,1780872325]}]}]},{"tin":{"type":"ein","value":"134002590"},"service_code":["11"],"billing_class":"professional","payments":[{"allowed_amount":67.32,"billing_code_modifier":[""],"providers":[{"billed_charge":150.00,"npi":[1144360017,1780872325]}]}]},{"tin":{"type":"ein","value":"223954127"},"service_code":["11"],"billing_class":"professional","payments":[{"allowed_amount":67.32,"billing_code_modifier":[""],"providers":[{"billed_charge":120.00,"npi":[1417146614,1801092127,1811547888]}]}]},{"tin":{"type":"ein","value":"300510484"},"service_code":["11"],"billing_class":"professional","payments":[{"allowed_amount":59.15,"billing_code_modifier":[""],"providers":[{"billed_charge":125.00,"npi":[1780838854]}]}]},{"tin":{"type":"ein","value":"300510484"},"service_code":["11"],"billing_class":"professional","payments":[{"allowed_amount":67.32,"billing_code_modifier":[""],"providers":[{"billed_charge":125.00,"npi":[1780838854]}]}]},{"tin":{"type":"ein","value":"522369896"},"service_code":["11"],"billing_class":"professional","payments":[{"allowed_amount":80.00,"billing_code_modifier":[""],"providers":[{"billed_charge":80.00,"npi":[1396921631,1487717500]}]}]},{"tin":{"type":"ein","value":"811542362"},"service_code":["11"],"billing_class":"professional","payments":[{"allowed_amount":80.00,"billing_code_modifier":[""],"providers":[{"billed_charge":330.00,"npi":[1124260799,1306361779,1487104261,1528053550,1598432486]}]}]},{"tin":{"type":"ein","value":"812082302"},"service_code":["11"],"billing_class":"professional","payments":[{"allowed_amount":59.15,"billing_code_modifier":[""],"providers":[{"billed_charge":65.00,"npi":[1669784229]}]}]},{"tin":{"type":"ein","value":"842886471"},"service_code":["11"],"billing_class":"professional","payments":[{"allowed_amount":59.15,"billing_code_modifier":[""],"providers":[{"billed_charge":150.00,"npi":[1265083745,1609257955]}]}]}]},{"name":"THERAPEUTIC PX 1\/> AREAS EACH 15 MIN EXERCISES","billing_code_type":"CPT","billing_code_type_version":"2020","billing_code":"97110","description":"THERAPEUTIC PX 1\/> AREAS EACH 15 MIN EXERCISES","allowed_amounts":[{"tin":{"type":"ein","value":"110529320"},"service_code":["11"],"billing_class":"professional","payments":[{"allowed_amount":52.64,"billing_code_modifier":[""],"providers":[{"billed_charge":105.00,"npi":[1619128691]}]}]},{"tin":{"type":"ein","value":"133542448"},"service_code":["11"],"billing_class":"professional","payments":[{"allowed_amount":52.64,"billing_code_modifier":[""],"providers":[{"billed_charge":110.00,"npi":[1154403855,1518962729,1952307571]}]}]},{"tin":{"type":"ein","value":"134002590"},"service_code":["11"],"billing_class":"professional","payments":[{"allowed_amount":45.54,"billing_code_modifier":[""],"providers":[{"billed_charge":150.00,"npi":[1144360017,1780872325]}]}]},{"tin":{"type":"ein","value":"134002590"},"service_code":["11"],"billing_class":"professional","payments":[{"allowed_amount":52.64,"billing_code_modifier":[""],"providers":[{"billed_charge":150.00,"npi":[1144360017,1780872325]}]}]},{"tin":{"type":"ein","value":"208386582"},"service_code":["11"],"billing_class":"professional","payments":[{"allowed_amount":45.54,"billing_code_modifier":[""],"providers":[{"billed_charge":100.00,"npi":[1538124474]}]}]},{"tin":{"type":"ein","value":"223954127"},"service_code":["11"],"billing_class":"professional","payments":[{"allowed_amount":52.64,"billing_code_modifier":[""],"providers":[{"billed_charge":140.00,"npi":[1417146614,1801092127,1811547888]}]}]},{"tin":{"type":"ein","value":"261482691"},"service_code":["11"],"billing_class":"professional","payments":[{"allowed_amount":157.90,"billing_code_modifier":[""],"providers":[{"billed_charge":529.20,"npi":[1003098138,1003906231,1326671165,1891180964]}]}]},{"tin":{"type":"ein","value":"460837593"},"service_code":["11"],"billing_class":"professional","payments":[{"allowed_amount":52.64,"billing_code_modifier":[""],"providers":[{"billed_charge":150.00,"npi":[1598092835]}]}]},{"tin":{"type":"ein","value":"522369896"},"service_code":["11"],"billing_class":"professional","payments":[{"allowed_amount":70.00,"billing_code_modifier":[""],"providers":[{"billed_charge":70.00,"npi":[1396921631,1487717500]}]}]},{"tin":{"type":"ein","value":"812082302"},"service_code":["11"],"billing_class":"professional","payments":[{"allowed_amount":45.54,"billing_code_modifier":[""],"providers":[{"billed_charge":55.00,"npi":[1669784229]}]}]},{"tin":{"type":"ein","value":"821547711"},"service_code":["11"],"billing_class":"professional","payments":[{"allowed_amount":45.54,"billing_code_modifier":[""],"providers":[{"billed_charge":105.00,"npi":[1790214187,1932440401]}]}]},{"tin":{"type":"ein","value":"842886471"},"service_code":["11"],"billing_class":"professional","payments":[{"allowed_amount":45.54,"billing_code_modifier":[""],"providers":[{"billed_charge":150.00,"npi":[1265083745,1609257955]}]}]},{"tin":{"type":"ein","value":"871580682"},"service_code":["11"],"billing_class":"professional","payments":[{"allowed_amount":52.64,"billing_code_modifier":[""],"providers":[{"billed_charge":110.00,"npi":[1669043774,1912588534]}]}]}]},{"name":"TX SPEECH LANG VOICE COMMJ &\/AUDITORY PROC IND","billing_code_type":"CPT","billing_code_type_version":"2020","billing_code":"92507","description":"TX SPEECH LANG VOICE COMMJ &\/AUDITORY PROC IND","allowed_amounts":[{"tin":{"type":"ein","value":"202945284"},"service_code":["11"],"billing_class":"professional","payments":[{"allowed_amount":135.38,"billing_code_modifier":[""],"providers":[{"billed_charge":165.00,"npi":[1174826150,1588901185]}]}]}]}]}
