{"reporting_entity_name": "IEC Group_DBA AmeriBen",
	"reporting_entity_type": "Third Party Administrator",
	"plan_name": "MARICOPA USD #20",
	"plan_id_type": "ein",
	"plan_id": "521671314",
	"plan_market_type": "group",
	"last_updated_on": "2024-06-01","Version": "1.0.0","out_of_network":[{"name":"ECG ROUTINE ECG W\/LEAST 12 LDS I&R ONLY","billing_code_type":"CPT","billing_code_type_version":"2020","billing_code":"93010","description":"ECG ROUTINE ECG W\/LEAST 12 LDS I&R ONLY","allowed_amounts":[{"tin":{"type":"ein","value":"823394691"},"service_code":["23"],"billing_class":"professional","payments":[{"allowed_amount":11.15,"billing_code_modifier":[""],"providers":[{"billed_charge":108.72,"npi":[1154898435,1588649545,1689170813]}]}]},{"tin":{"type":"ein","value":"873768007"},"service_code":["23"],"billing_class":"professional","payments":[{"allowed_amount":11.15,"billing_code_modifier":[""],"providers":[{"billed_charge":200.00,"npi":[1154343358,1447910229,1457330383,1508007477,1811992209,1902848450,1922259001]}]}]}]},{"name":"EMERGENCY DEPARTMENT VISIT HIGH MDM","billing_code_type":"CPT","billing_code_type_version":"2020","billing_code":"99285","description":"EMERGENCY DEPARTMENT VISIT HIGH MDM","allowed_amounts":[{"tin":{"type":"ein","value":"814399995"},"service_code":["23"],"billing_class":"professional","payments":[{"allowed_amount":321.02,"billing_code_modifier":[""],"providers":[{"billed_charge":1418.00,"npi":[1154718013,1811949258]}]}]},{"tin":{"type":"ein","value":"873768007"},"service_code":["23"],"billing_class":"professional","payments":[{"allowed_amount":321.02,"billing_code_modifier":[""],"providers":[{"billed_charge":2760.00,"npi":[1154343358,1447910229,1457330383,1508007477,1811992209,1902848450,1922259001]},{"billed_charge":3500.00,"npi":[1407890601,1447910229]}]},{"allowed_amount":321.02,"billing_code_modifier":[""],"providers":[{"billed_charge":2760.00,"npi":[1154343358,1447910229,1457330383,1508007477,1811992209,1902848450,1922259001]},{"billed_charge":3500.00,"npi":[1407890601,1447910229]}]}]},{"tin":{"type":"ein","value":"873768007"},"service_code":["23"],"billing_class":"professional","payments":[{"allowed_amount":321.02,"billing_code_modifier":[""],"providers":[{"billed_charge":2760.00,"npi":[1154343358,1447910229,1457330383,1508007477,1811992209,1902848450,1922259001]},{"billed_charge":3500.00,"npi":[1407890601,1447910229]}]},{"allowed_amount":321.02,"billing_code_modifier":[""],"providers":[{"billed_charge":2760.00,"npi":[1154343358,1447910229,1457330383,1508007477,1811992209,1902848450,1922259001]},{"billed_charge":3500.00,"npi":[1407890601,1447910229]}]}]}]},{"name":"EMERGENCY DEPARTMENT VISIT MODERATE MDM","billing_code_type":"CPT","billing_code_type_version":"2020","billing_code":"99284","description":"EMERGENCY DEPARTMENT VISIT MODERATE MDM","allowed_amounts":[{"tin":{"type":"ein","value":"204374268"},"service_code":["23"],"billing_class":"professional","payments":[{"allowed_amount":201.34,"billing_code_modifier":[""],"providers":[{"billed_charge":792.00,"npi":[1356021190,1629479621,1720011810]}]}]},{"tin":{"type":"ein","value":"823394691"},"service_code":["23"],"billing_class":"professional","payments":[{"allowed_amount":201.34,"billing_code_modifier":[""],"providers":[{"billed_charge":1893.58,"npi":[1154898435,1588649545,1689170813]},{"billed_charge":2461.65,"npi":[1154898435,1689170813,1902064314]}]},{"allowed_amount":201.34,"billing_code_modifier":[""],"providers":[{"billed_charge":1893.58,"npi":[1154898435,1588649545,1689170813]},{"billed_charge":2461.65,"npi":[1154898435,1689170813,1902064314]}]}]},{"tin":{"type":"ein","value":"823394691"},"service_code":["23"],"billing_class":"professional","payments":[{"allowed_amount":201.34,"billing_code_modifier":[""],"providers":[{"billed_charge":1893.58,"npi":[1154898435,1588649545,1689170813]},{"billed_charge":2461.65,"npi":[1154898435,1689170813,1902064314]}]},{"allowed_amount":201.34,"billing_code_modifier":[""],"providers":[{"billed_charge":1893.58,"npi":[1154898435,1588649545,1689170813]},{"billed_charge":2461.65,"npi":[1154898435,1689170813,1902064314]}]}]},{"tin":{"type":"ein","value":"873768007"},"service_code":["23"],"billing_class":"professional","payments":[{"allowed_amount":201.34,"billing_code_modifier":[""],"providers":[{"billed_charge":2300.00,"npi":[1154343358,1447910229,1811992209,1902848450,1922259001,1972765253]},{"billed_charge":2400.00,"npi":[1447910229,1922259001]}]},{"allowed_amount":201.34,"billing_code_modifier":[""],"providers":[{"billed_charge":2300.00,"npi":[1154343358,1447910229,1811992209,1902848450,1922259001,1972765253]},{"billed_charge":2400.00,"npi":[1447910229,1922259001]}]}]},{"tin":{"type":"ein","value":"873768007"},"service_code":["23"],"billing_class":"professional","payments":[{"allowed_amount":201.34,"billing_code_modifier":[""],"providers":[{"billed_charge":2300.00,"npi":[1154343358,1447910229,1811992209,1902848450,1922259001,1972765253]},{"billed_charge":2400.00,"npi":[1447910229,1922259001]}]},{"allowed_amount":201.34,"billing_code_modifier":[""],"providers":[{"billed_charge":2300.00,"npi":[1154343358,1447910229,1811992209,1902848450,1922259001,1972765253]},{"billed_charge":2400.00,"npi":[1447910229,1922259001]}]}]}]},{"name":"THERAPEUTIC PX 1\/> AREAS EACH 15 MIN EXERCISES","billing_code_type":"CPT","billing_code_type_version":"2020","billing_code":"97110","description":"THERAPEUTIC PX 1\/> AREAS EACH 15 MIN EXERCISES","allowed_amounts":[{"tin":{"type":"ein","value":"842490510"},"service_code":["11"],"billing_class":"professional","payments":[{"allowed_amount":32.58,"billing_code_modifier":[""],"providers":[{"billed_charge":89.00,"npi":[1033309976,1073131975]}]}]}]}]}
