{"reporting_entity_name": "IEC Group_DBA AmeriBen",
	"reporting_entity_type": "Third Party Administrator",
	"plan_name": "LIPPERT",
	"plan_id_type": "ein",
	"plan_id": "133966839",
	"plan_market_type": "group",
	"last_updated_on": "2024-05-02","Version": "1.0.0","out_of_network":[{"name":"CCPD OPD\/HOME: CCPD COMP OR OTHER RATE","billing_code_type":"RC","billing_code_type_version":"UB04","billing_code":"0851","description":"CCPD OPD\/HOME: CCPD COMP OR OTHER RATE","allowed_amounts":[{"tin":{"type":"ein","value":"271126684"},"service_code":["65"],"billing_class":"institutional","payments":[{"allowed_amount":298.63,"billing_code_modifier":[""],"providers":[{"billed_charge":4134.43,"npi":[1205163276,1467683904]}]}]},{"tin":{"type":"ein","value":"271126684"},"service_code":["65"],"billing_class":"institutional","payments":[{"allowed_amount":328.13,"billing_code_modifier":[""],"providers":[{"billed_charge":4134.43,"npi":[1205163276,1467683904]}]}]}]},{"name":"CHIROPRACTIC MANIPULATIVE TX SPINAL 1-2 REGIONS","billing_code_type":"CPT","billing_code_type_version":"2020","billing_code":"98940","description":"CHIROPRACTIC MANIPULATIVE TX SPINAL 1-2 REGIONS","allowed_amounts":[{"tin":{"type":"ein","value":"320103284"},"service_code":["11"],"billing_class":"professional","payments":[{"allowed_amount":45.00,"billing_code_modifier":[""],"providers":[{"billed_charge":45.00,"npi":[1295749315,1437196722]}]}]}]},{"name":"CHIROPRACTIC MANIPULATIVE TX SPINAL 3-4 REGIONS","billing_code_type":"CPT","billing_code_type_version":"2020","billing_code":"98941","description":"CHIROPRACTIC MANIPULATIVE TX SPINAL 3-4 REGIONS","allowed_amounts":[{"tin":{"type":"ein","value":"352192086"},"service_code":["11"],"billing_class":"professional","payments":[{"allowed_amount":45.00,"billing_code_modifier":[""],"providers":[{"billed_charge":45.00,"npi":[1528145349,1700188059,1720747900,1811206733]}]}]}]},{"name":"LABORATORY - CLINICAL DIAGNOSTIC","billing_code_type":"RC","billing_code_type_version":"UB04","billing_code":"0300","description":"LABORATORY - CLINICAL DIAGNOSTIC","allowed_amounts":[{"tin":{"type":"ein","value":"351955872"},"service_code":["22"],"billing_class":"institutional","payments":[{"allowed_amount":0.00,"billing_code_modifier":[""],"providers":[{"billed_charge":53.00,"npi":[1033132097,1144266024]},{"billed_charge":484.00,"npi":[1033132097,1144266024]}]},{"allowed_amount":0.00,"billing_code_modifier":[""],"providers":[{"billed_charge":53.00,"npi":[1033132097,1144266024]},{"billed_charge":484.00,"npi":[1033132097,1144266024]}]}]},{"tin":{"type":"ein","value":"351955872"},"service_code":["22"],"billing_class":"institutional","payments":[{"allowed_amount":0.00,"billing_code_modifier":[""],"providers":[{"billed_charge":53.00,"npi":[1033132097,1144266024]},{"billed_charge":484.00,"npi":[1033132097,1144266024]}]},{"allowed_amount":0.00,"billing_code_modifier":[""],"providers":[{"billed_charge":53.00,"npi":[1033132097,1144266024]},{"billed_charge":484.00,"npi":[1033132097,1144266024]}]}]},{"tin":{"type":"ein","value":"812098192"},"service_code":["23"],"billing_class":"institutional","payments":[{"allowed_amount":0.00,"billing_code_modifier":[""],"providers":[{"billed_charge":200.00,"npi":[1649722463]},{"billed_charge":206.13,"npi":[1649722463]},{"billed_charge":206.19,"npi":[1649722463]},{"billed_charge":360.00,"npi":[1649722463]},{"billed_charge":575.00,"npi":[1649722463]},{"billed_charge":1038.00,"npi":[1649722463]}]},{"allowed_amount":0.00,"billing_code_modifier":[""],"providers":[{"billed_charge":200.00,"npi":[1649722463]},{"billed_charge":206.13,"npi":[1649722463]},{"billed_charge":206.19,"npi":[1649722463]},{"billed_charge":360.00,"npi":[1649722463]},{"billed_charge":575.00,"npi":[1649722463]},{"billed_charge":1038.00,"npi":[1649722463]}]},{"allowed_amount":0.00,"billing_code_modifier":[""],"providers":[{"billed_charge":200.00,"npi":[1649722463]},{"billed_charge":206.13,"npi":[1649722463]},{"billed_charge":206.19,"npi":[1649722463]},{"billed_charge":360.00,"npi":[1649722463]},{"billed_charge":575.00,"npi":[1649722463]},{"billed_charge":1038.00,"npi":[1649722463]}]},{"allowed_amount":0.00,"billing_code_modifier":[""],"providers":[{"billed_charge":200.00,"npi":[1649722463]},{"billed_charge":206.13,"npi":[1649722463]},{"billed_charge":206.19,"npi":[1649722463]},{"billed_charge":360.00,"npi":[1649722463]},{"billed_charge":575.00,"npi":[1649722463]},{"billed_charge":1038.00,"npi":[1649722463]}]},{"allowed_amount":0.00,"billing_code_modifier":[""],"providers":[{"billed_charge":200.00,"npi":[1649722463]},{"billed_charge":206.13,"npi":[1649722463]},{"billed_charge":206.19,"npi":[1649722463]},{"billed_charge":360.00,"npi":[1649722463]},{"billed_charge":575.00,"npi":[1649722463]},{"billed_charge":1038.00,"npi":[1649722463]}]},{"allowed_amount":0.00,"billing_code_modifier":[""],"providers":[{"billed_charge":200.00,"npi":[1649722463]},{"billed_charge":206.13,"npi":[1649722463]},{"billed_charge":206.19,"npi":[1649722463]},{"billed_charge":360.00,"npi":[1649722463]},{"billed_charge":575.00,"npi":[1649722463]},{"billed_charge":1038.00,"npi":[1649722463]}]}]},{"tin":{"type":"ein","value":"812098192"},"service_code":["23"],"billing_class":"institutional","payments":[{"allowed_amount":0.00,"billing_code_modifier":[""],"providers":[{"billed_charge":200.00,"npi":[1649722463]},{"billed_charge":206.13,"npi":[1649722463]},{"billed_charge":206.19,"npi":[1649722463]},{"billed_charge":360.00,"npi":[1649722463]},{"billed_charge":575.00,"npi":[1649722463]},{"billed_charge":1038.00,"npi":[1649722463]}]},{"allowed_amount":0.00,"billing_code_modifier":[""],"providers":[{"billed_charge":200.00,"npi":[1649722463]},{"billed_charge":206.13,"npi":[1649722463]},{"billed_charge":206.19,"npi":[1649722463]},{"billed_charge":360.00,"npi":[1649722463]},{"billed_charge":575.00,"npi":[1649722463]},{"billed_charge":1038.00,"npi":[1649722463]}]},{"allowed_amount":0.00,"billing_code_modifier":[""],"providers":[{"billed_charge":200.00,"npi":[1649722463]},{"billed_charge":206.13,"npi":[1649722463]},{"billed_charge":206.19,"npi":[1649722463]},{"billed_charge":360.00,"npi":[1649722463]},{"billed_charge":575.00,"npi":[1649722463]},{"billed_charge":1038.00,"npi":[1649722463]}]},{"allowed_amount":0.00,"billing_code_modifier":[""],"providers":[{"billed_charge":200.00,"npi":[1649722463]},{"billed_charge":206.13,"npi":[1649722463]},{"billed_charge":206.19,"npi":[1649722463]},{"billed_charge":360.00,"npi":[1649722463]},{"billed_charge":575.00,"npi":[1649722463]},{"billed_charge":1038.00,"npi":[1649722463]}]},{"allowed_amount":0.00,"billing_code_modifier":[""],"providers":[{"billed_charge":200.00,"npi":[1649722463]},{"billed_charge":206.13,"npi":[1649722463]},{"billed_charge":206.19,"npi":[1649722463]},{"billed_charge":360.00,"npi":[1649722463]},{"billed_charge":575.00,"npi":[1649722463]},{"billed_charge":1038.00,"npi":[1649722463]}]},{"allowed_amount":0.00,"billing_code_modifier":[""],"providers":[{"billed_charge":200.00,"npi":[1649722463]},{"billed_charge":206.13,"npi":[1649722463]},{"billed_charge":206.19,"npi":[1649722463]},{"billed_charge":360.00,"npi":[1649722463]},{"billed_charge":575.00,"npi":[1649722463]},{"billed_charge":1038.00,"npi":[1649722463]}]}]},{"tin":{"type":"ein","value":"812098192"},"service_code":["23"],"billing_class":"institutional","payments":[{"allowed_amount":0.00,"billing_code_modifier":[""],"providers":[{"billed_charge":200.00,"npi":[1649722463]},{"billed_charge":206.13,"npi":[1649722463]},{"billed_charge":206.19,"npi":[1649722463]},{"billed_charge":360.00,"npi":[1649722463]},{"billed_charge":575.00,"npi":[1649722463]},{"billed_charge":1038.00,"npi":[1649722463]}]},{"allowed_amount":0.00,"billing_code_modifier":[""],"providers":[{"billed_charge":200.00,"npi":[1649722463]},{"billed_charge":206.13,"npi":[1649722463]},{"billed_charge":206.19,"npi":[1649722463]},{"billed_charge":360.00,"npi":[1649722463]},{"billed_charge":575.00,"npi":[1649722463]},{"billed_charge":1038.00,"npi":[1649722463]}]},{"allowed_amount":0.00,"billing_code_modifier":[""],"providers":[{"billed_charge":200.00,"npi":[1649722463]},{"billed_charge":206.13,"npi":[1649722463]},{"billed_charge":206.19,"npi":[1649722463]},{"billed_charge":360.00,"npi":[1649722463]},{"billed_charge":575.00,"npi":[1649722463]},{"billed_charge":1038.00,"npi":[1649722463]}]},{"allowed_amount":0.00,"billing_code_modifier":[""],"providers":[{"billed_charge":200.00,"npi":[1649722463]},{"billed_charge":206.13,"npi":[1649722463]},{"billed_charge":206.19,"npi":[1649722463]},{"billed_charge":360.00,"npi":[1649722463]},{"billed_charge":575.00,"npi":[1649722463]},{"billed_charge":1038.00,"npi":[1649722463]}]},{"allowed_amount":0.00,"billing_code_modifier":[""],"providers":[{"billed_charge":200.00,"npi":[1649722463]},{"billed_charge":206.13,"npi":[1649722463]},{"billed_charge":206.19,"npi":[1649722463]},{"billed_charge":360.00,"npi":[1649722463]},{"billed_charge":575.00,"npi":[1649722463]},{"billed_charge":1038.00,"npi":[1649722463]}]},{"allowed_amount":0.00,"billing_code_modifier":[""],"providers":[{"billed_charge":200.00,"npi":[1649722463]},{"billed_charge":206.13,"npi":[1649722463]},{"billed_charge":206.19,"npi":[1649722463]},{"billed_charge":360.00,"npi":[1649722463]},{"billed_charge":575.00,"npi":[1649722463]},{"billed_charge":1038.00,"npi":[1649722463]}]}]},{"tin":{"type":"ein","value":"812098192"},"service_code":["23"],"billing_class":"institutional","payments":[{"allowed_amount":0.00,"billing_code_modifier":[""],"providers":[{"billed_charge":200.00,"npi":[1649722463]},{"billed_charge":206.13,"npi":[1649722463]},{"billed_charge":206.19,"npi":[1649722463]},{"billed_charge":360.00,"npi":[1649722463]},{"billed_charge":575.00,"npi":[1649722463]},{"billed_charge":1038.00,"npi":[1649722463]}]},{"allowed_amount":0.00,"billing_code_modifier":[""],"providers":[{"billed_charge":200.00,"npi":[1649722463]},{"billed_charge":206.13,"npi":[1649722463]},{"billed_charge":206.19,"npi":[1649722463]},{"billed_charge":360.00,"npi":[1649722463]},{"billed_charge":575.00,"npi":[1649722463]},{"billed_charge":1038.00,"npi":[1649722463]}]},{"allowed_amount":0.00,"billing_code_modifier":[""],"providers":[{"billed_charge":200.00,"npi":[1649722463]},{"billed_charge":206.13,"npi":[1649722463]},{"billed_charge":206.19,"npi":[1649722463]},{"billed_charge":360.00,"npi":[1649722463]},{"billed_charge":575.00,"npi":[1649722463]},{"billed_charge":1038.00,"npi":[1649722463]}]},{"allowed_amount":0.00,"billing_code_modifier":[""],"providers":[{"billed_charge":200.00,"npi":[1649722463]},{"billed_charge":206.13,"npi":[1649722463]},{"billed_charge":206.19,"npi":[1649722463]},{"billed_charge":360.00,"npi":[1649722463]},{"billed_charge":575.00,"npi":[1649722463]},{"billed_charge":1038.00,"npi":[1649722463]}]},{"allowed_amount":0.00,"billing_code_modifier":[""],"providers":[{"billed_charge":200.00,"npi":[1649722463]},{"billed_charge":206.13,"npi":[1649722463]},{"billed_charge":206.19,"npi":[1649722463]},{"billed_charge":360.00,"npi":[1649722463]},{"billed_charge":575.00,"npi":[1649722463]},{"billed_charge":1038.00,"npi":[1649722463]}]},{"allowed_amount":0.00,"billing_code_modifier":[""],"providers":[{"billed_charge":200.00,"npi":[1649722463]},{"billed_charge":206.13,"npi":[1649722463]},{"billed_charge":206.19,"npi":[1649722463]},{"billed_charge":360.00,"npi":[1649722463]},{"billed_charge":575.00,"npi":[1649722463]},{"billed_charge":1038.00,"npi":[1649722463]}]}]},{"tin":{"type":"ein","value":"812098192"},"service_code":["23"],"billing_class":"institutional","payments":[{"allowed_amount":0.00,"billing_code_modifier":[""],"providers":[{"billed_charge":200.00,"npi":[1649722463]},{"billed_charge":206.13,"npi":[1649722463]},{"billed_charge":206.19,"npi":[1649722463]},{"billed_charge":360.00,"npi":[1649722463]},{"billed_charge":575.00,"npi":[1649722463]},{"billed_charge":1038.00,"npi":[1649722463]}]},{"allowed_amount":0.00,"billing_code_modifier":[""],"providers":[{"billed_charge":200.00,"npi":[1649722463]},{"billed_charge":206.13,"npi":[1649722463]},{"billed_charge":206.19,"npi":[1649722463]},{"billed_charge":360.00,"npi":[1649722463]},{"billed_charge":575.00,"npi":[1649722463]},{"billed_charge":1038.00,"npi":[1649722463]}]},{"allowed_amount":0.00,"billing_code_modifier":[""],"providers":[{"billed_charge":200.00,"npi":[1649722463]},{"billed_charge":206.13,"npi":[1649722463]},{"billed_charge":206.19,"npi":[1649722463]},{"billed_charge":360.00,"npi":[1649722463]},{"billed_charge":575.00,"npi":[1649722463]},{"billed_charge":1038.00,"npi":[1649722463]}]},{"allowed_amount":0.00,"billing_code_modifier":[""],"providers":[{"billed_charge":200.00,"npi":[1649722463]},{"billed_charge":206.13,"npi":[1649722463]},{"billed_charge":206.19,"npi":[1649722463]},{"billed_charge":360.00,"npi":[1649722463]},{"billed_charge":575.00,"npi":[1649722463]},{"billed_charge":1038.00,"npi":[1649722463]}]},{"allowed_amount":0.00,"billing_code_modifier":[""],"providers":[{"billed_charge":200.00,"npi":[1649722463]},{"billed_charge":206.13,"npi":[1649722463]},{"billed_charge":206.19,"npi":[1649722463]},{"billed_charge":360.00,"npi":[1649722463]},{"billed_charge":575.00,"npi":[1649722463]},{"billed_charge":1038.00,"npi":[1649722463]}]},{"allowed_amount":0.00,"billing_code_modifier":[""],"providers":[{"billed_charge":200.00,"npi":[1649722463]},{"billed_charge":206.13,"npi":[1649722463]},{"billed_charge":206.19,"npi":[1649722463]},{"billed_charge":360.00,"npi":[1649722463]},{"billed_charge":575.00,"npi":[1649722463]},{"billed_charge":1038.00,"npi":[1649722463]}]}]},{"tin":{"type":"ein","value":"812098192"},"service_code":["23"],"billing_class":"institutional","payments":[{"allowed_amount":0.00,"billing_code_modifier":[""],"providers":[{"billed_charge":200.00,"npi":[1649722463]},{"billed_charge":206.13,"npi":[1649722463]},{"billed_charge":206.19,"npi":[1649722463]},{"billed_charge":360.00,"npi":[1649722463]},{"billed_charge":575.00,"npi":[1649722463]},{"billed_charge":1038.00,"npi":[1649722463]}]},{"allowed_amount":0.00,"billing_code_modifier":[""],"providers":[{"billed_charge":200.00,"npi":[1649722463]},{"billed_charge":206.13,"npi":[1649722463]},{"billed_charge":206.19,"npi":[1649722463]},{"billed_charge":360.00,"npi":[1649722463]},{"billed_charge":575.00,"npi":[1649722463]},{"billed_charge":1038.00,"npi":[1649722463]}]},{"allowed_amount":0.00,"billing_code_modifier":[""],"providers":[{"billed_charge":200.00,"npi":[1649722463]},{"billed_charge":206.13,"npi":[1649722463]},{"billed_charge":206.19,"npi":[1649722463]},{"billed_charge":360.00,"npi":[1649722463]},{"billed_charge":575.00,"npi":[1649722463]},{"billed_charge":1038.00,"npi":[1649722463]}]},{"allowed_amount":0.00,"billing_code_modifier":[""],"providers":[{"billed_charge":200.00,"npi":[1649722463]},{"billed_charge":206.13,"npi":[1649722463]},{"billed_charge":206.19,"npi":[1649722463]},{"billed_charge":360.00,"npi":[1649722463]},{"billed_charge":575.00,"npi":[1649722463]},{"billed_charge":1038.00,"npi":[1649722463]}]},{"allowed_amount":0.00,"billing_code_modifier":[""],"providers":[{"billed_charge":200.00,"npi":[1649722463]},{"billed_charge":206.13,"npi":[1649722463]},{"billed_charge":206.19,"npi":[1649722463]},{"billed_charge":360.00,"npi":[1649722463]},{"billed_charge":575.00,"npi":[1649722463]},{"billed_charge":1038.00,"npi":[1649722463]}]},{"allowed_amount":0.00,"billing_code_modifier":[""],"providers":[{"billed_charge":200.00,"npi":[1649722463]},{"billed_charge":206.13,"npi":[1649722463]},{"billed_charge":206.19,"npi":[1649722463]},{"billed_charge":360.00,"npi":[1649722463]},{"billed_charge":575.00,"npi":[1649722463]},{"billed_charge":1038.00,"npi":[1649722463]}]}]},{"tin":{"type":"ein","value":"820756286"},"service_code":["23"],"billing_class":"institutional","payments":[{"allowed_amount":0.00,"billing_code_modifier":[""],"providers":[{"billed_charge":42.88,"npi":[1821501875]},{"billed_charge":44.60,"npi":[1821501875]},{"billed_charge":102.17,"npi":[1821501875]}]},{"allowed_amount":0.00,"billing_code_modifier":[""],"providers":[{"billed_charge":42.88,"npi":[1821501875]},{"billed_charge":44.60,"npi":[1821501875]},{"billed_charge":102.17,"npi":[1821501875]}]},{"allowed_amount":0.00,"billing_code_modifier":[""],"providers":[{"billed_charge":42.88,"npi":[1821501875]},{"billed_charge":44.60,"npi":[1821501875]},{"billed_charge":102.17,"npi":[1821501875]}]}]},{"tin":{"type":"ein","value":"820756286"},"service_code":["23"],"billing_class":"institutional","payments":[{"allowed_amount":0.00,"billing_code_modifier":[""],"providers":[{"billed_charge":42.88,"npi":[1821501875]},{"billed_charge":44.60,"npi":[1821501875]},{"billed_charge":102.17,"npi":[1821501875]}]},{"allowed_amount":0.00,"billing_code_modifier":[""],"providers":[{"billed_charge":42.88,"npi":[1821501875]},{"billed_charge":44.60,"npi":[1821501875]},{"billed_charge":102.17,"npi":[1821501875]}]},{"allowed_amount":0.00,"billing_code_modifier":[""],"providers":[{"billed_charge":42.88,"npi":[1821501875]},{"billed_charge":44.60,"npi":[1821501875]},{"billed_charge":102.17,"npi":[1821501875]}]}]},{"tin":{"type":"ein","value":"820756286"},"service_code":["23"],"billing_class":"institutional","payments":[{"allowed_amount":0.00,"billing_code_modifier":[""],"providers":[{"billed_charge":42.88,"npi":[1821501875]},{"billed_charge":44.60,"npi":[1821501875]},{"billed_charge":102.17,"npi":[1821501875]}]},{"allowed_amount":0.00,"billing_code_modifier":[""],"providers":[{"billed_charge":42.88,"npi":[1821501875]},{"billed_charge":44.60,"npi":[1821501875]},{"billed_charge":102.17,"npi":[1821501875]}]},{"allowed_amount":0.00,"billing_code_modifier":[""],"providers":[{"billed_charge":42.88,"npi":[1821501875]},{"billed_charge":44.60,"npi":[1821501875]},{"billed_charge":102.17,"npi":[1821501875]}]}]}]},{"name":"PSYCHIATRIC\/PSYCHOLOGICAL SVCS: PARTIAL HOSP - LES","billing_code_type":"RC","billing_code_type_version":"UB04","billing_code":"0912","description":"PSYCHIATRIC\/PSYCHOLOGICAL SVCS: PARTIAL HOSP - LES","allowed_amounts":[{"tin":{"type":"ein","value":"853525556"},"service_code":["22"],"billing_class":"institutional","payments":[{"allowed_amount":1200.00,"billing_code_modifier":[""],"providers":[{"billed_charge":3176.00,"npi":[1326790262]}]}]}]},{"name":"PSYCHIATRIC\/PSYCHOLOGICAL TRT: INTENSIVE OUT SERV","billing_code_type":"RC","billing_code_type_version":"UB04","billing_code":"0906","description":"PSYCHIATRIC\/PSYCHOLOGICAL TRT: INTENSIVE OUT SERV","allowed_amounts":[{"tin":{"type":"ein","value":"823508457"},"service_code":["22"],"billing_class":"institutional","payments":[{"allowed_amount":1500.00,"billing_code_modifier":[""],"providers":[{"billed_charge":3000.00,"npi":[1437658572,1548257488]}]}]},{"tin":{"type":"ein","value":"852675878"},"service_code":["99"],"billing_class":"institutional","payments":[{"allowed_amount":530.00,"billing_code_modifier":[""],"providers":[{"billed_charge":4400.00,"npi":[1750974218,1861404535]}]}]}]},{"name":"PSYCHOTHERAPY W\/PATIENT 60 MINUTES","billing_code_type":"CPT","billing_code_type_version":"2020","billing_code":"90837","description":"PSYCHOTHERAPY W\/PATIENT 60 MINUTES","allowed_amounts":[{"tin":{"type":"ein","value":"273098115"},"service_code":["10"],"billing_class":"professional","payments":[{"allowed_amount":93.75,"billing_code_modifier":[""],"providers":[{"billed_charge":125.00,"npi":[1366923690,1831491125]}]}]}]},{"name":"RESIDENTIAL TREATMENT-CHEMICAL DEPENDENCY","billing_code_type":"RC","billing_code_type_version":"UB04","billing_code":"1002","description":"RESIDENTIAL TREATMENT-CHEMICAL DEPENDENCY","allowed_amounts":[{"tin":{"type":"ein","value":"611914073"},"service_code":["21"],"billing_class":"institutional","payments":[{"allowed_amount":1328.70,"billing_code_modifier":[""],"providers":[{"billed_charge":4345.00,"npi":[1508408378,1871559385]}]}]},{"tin":{"type":"ein","value":"853525556"},"service_code":["21"],"billing_class":"institutional","payments":[{"allowed_amount":2921.75,"billing_code_modifier":[""],"providers":[{"billed_charge":4495.00,"npi":[1326790262]}]}]},{"tin":{"type":"ein","value":"882893606"},"service_code":["21"],"billing_class":"institutional","payments":[{"allowed_amount":1800.00,"billing_code_modifier":[""],"providers":[{"billed_charge":3600.00,"npi":[1770211286,1982751756]}]}]}]}]}
