{"reporting_entity_name": "IEC Group_DBA AmeriBen",
	"reporting_entity_type": "Third Party Administrator",
	"plan_name": "THE SCOTTS COMPANY",
	"plan_id_type": "ein",
	"plan_id": "311414921",
	"plan_market_type": "group",
	"last_updated_on": "2024-07-01","Version": "1.0.0","out_of_network":[{"name":"APPL MODALITY 1\/> AREAS TRACTION MECHANICAL","billing_code_type":"CPT","billing_code_type_version":"2020","billing_code":"97012","description":"APPL MODALITY 1\/> AREAS TRACTION MECHANICAL","allowed_amounts":[{"tin":{"type":"ein","value":"473507090"},"service_code":["11"],"billing_class":"professional","payments":[{"allowed_amount":19.39,"billing_code_modifier":[""],"providers":[{"billed_charge":85.00,"npi":[1013332055,1306231527,1932109170]}]}]},{"tin":{"type":"ein","value":"473507090"},"service_code":["11"],"billing_class":"professional","payments":[{"allowed_amount":24.18,"billing_code_modifier":[""],"providers":[{"billed_charge":85.00,"npi":[1013332055,1306231527,1932109170]}]}]}]},{"name":"CHIROPRACTIC MANIPLTV TX EXTRASPINAL 1\/> REGION","billing_code_type":"CPT","billing_code_type_version":"2020","billing_code":"98943","description":"CHIROPRACTIC MANIPLTV TX EXTRASPINAL 1\/> REGION","allowed_amounts":[{"tin":{"type":"ein","value":"473507090"},"service_code":["11"],"billing_class":"professional","payments":[{"allowed_amount":43.59,"billing_code_modifier":[""],"providers":[{"billed_charge":75.00,"npi":[1013332055,1306231527,1932109170]}]}]}]},{"name":"CHIROPRACTIC MANIPULATIVE TX SPINAL 3-4 REGIONS","billing_code_type":"CPT","billing_code_type_version":"2020","billing_code":"98941","description":"CHIROPRACTIC MANIPULATIVE TX SPINAL 3-4 REGIONS","allowed_amounts":[{"tin":{"type":"ein","value":"473507090"},"service_code":["11"],"billing_class":"professional","payments":[{"allowed_amount":66.35,"billing_code_modifier":[""],"providers":[{"billed_charge":100.00,"npi":[1013332055,1306231527,1932109170]}]}]}]},{"name":"E-STIM 1\/> AREAS OTH THAN WND CARE PART TX PLAN","billing_code_type":"HCPCS","billing_code_type_version":"HCPCS LEVEL II 2021","billing_code":"G0283","description":"E-STIM 1\/> AREAS OTH THAN WND CARE PART TX PLAN","allowed_amounts":[{"tin":{"type":"ein","value":"473507090"},"service_code":["11"],"billing_class":"professional","payments":[{"allowed_amount":15.60,"billing_code_modifier":[""],"providers":[{"billed_charge":70.00,"npi":[1235406794,1306231527,1932109170]}]}]}]},{"name":"GROUP PSYCHOTHERAPY","billing_code_type":"CPT","billing_code_type_version":"2020","billing_code":"90853","description":"GROUP PSYCHOTHERAPY","allowed_amounts":[{"tin":{"type":"ein","value":"812022399"},"service_code":["11"],"billing_class":"professional","payments":[{"allowed_amount":18.00,"billing_code_modifier":[""],"providers":[{"billed_charge":500.00,"npi":[1699121913]}]}]},{"tin":{"type":"ein","value":"930569684"},"service_code":["57"],"billing_class":"professional","payments":[{"allowed_amount":25.78,"billing_code_modifier":[""],"providers":[{"billed_charge":90.00,"npi":[1093422545,1255883047,1376546291,1497212336,1689228751]}]}]}]},{"name":"MANUAL THERAPY TQS 1\/> REGIONS EACH 15 MINUTES","billing_code_type":"CPT","billing_code_type_version":"2020","billing_code":"97140","description":"MANUAL THERAPY TQS 1\/> REGIONS EACH 15 MINUTES","allowed_amounts":[{"tin":{"type":"ein","value":"473507090"},"service_code":["11"],"billing_class":"professional","payments":[{"allowed_amount":35.43,"billing_code_modifier":[""],"providers":[{"billed_charge":95.00,"npi":[1235406794,1306231527,1932109170]}]}]}]},{"name":"PSYCHIATRIC\/PSYCHOLOGICAL SVCS: GROUP THERAPY","billing_code_type":"RC","billing_code_type_version":"UB04","billing_code":"0915","description":"PSYCHIATRIC\/PSYCHOLOGICAL SVCS: GROUP THERAPY","allowed_amounts":[{"tin":{"type":"ein","value":"874425380"},"service_code":["99"],"billing_class":"institutional","payments":[{"allowed_amount":184.94,"billing_code_modifier":[""],"providers":[{"billed_charge":1995.00,"npi":[1023065570,1861144347]}]}]}]},{"name":"SBSQ HOSPITAL IP\/OBS CARE HIGH MDM 50 MINUTES","billing_code_type":"CPT","billing_code_type_version":"2020","billing_code":"99233","description":"SBSQ HOSPITAL IP\/OBS CARE HIGH MDM 50 MINUTES","allowed_amounts":[{"tin":{"type":"ein","value":"862365101"},"service_code":["21"],"billing_class":"professional","payments":[{"allowed_amount":100.60,"billing_code_modifier":[""],"providers":[{"billed_charge":993.58,"npi":[1043805690,1144286402,1154634798,1447747803,1932340791]}]}]}]},{"name":"SBSQ HOSPITAL IP\/OBS CARE MOD MDM 35 MINUTES","billing_code_type":"CPT","billing_code_type_version":"2020","billing_code":"99232","description":"SBSQ HOSPITAL IP\/OBS CARE MOD MDM 35 MINUTES","allowed_amounts":[{"tin":{"type":"ein","value":"862365101"},"service_code":["21"],"billing_class":"professional","payments":[{"allowed_amount":70.76,"billing_code_modifier":[""],"providers":[{"billed_charge":687.08,"npi":[1043805690,1144286402,1154634798,1225692585,1902326218,1912560327,1932340791]}]}]}]},{"name":"THERAPEUT ACTVITY DIRECT PT CONTACT EACH 15 MIN","billing_code_type":"CPT","billing_code_type_version":"2020","billing_code":"97530","description":"THERAPEUT ACTVITY DIRECT PT CONTACT EACH 15 MIN","allowed_amounts":[{"tin":{"type":"ein","value":"473507090"},"service_code":["11"],"billing_class":"professional","payments":[{"allowed_amount":63.92,"billing_code_modifier":[""],"providers":[{"billed_charge":105.00,"npi":[1013332055,1306231527,1932109170]}]}]}]},{"name":"THERAPEUTIC PX 1\/> AREAS EACH 15 MIN EXERCISES","billing_code_type":"CPT","billing_code_type_version":"2020","billing_code":"97110","description":"THERAPEUTIC PX 1\/> AREAS EACH 15 MIN EXERCISES","allowed_amounts":[{"tin":{"type":"ein","value":"473507090"},"service_code":["11"],"billing_class":"professional","payments":[{"allowed_amount":126.10,"billing_code_modifier":[""],"providers":[{"billed_charge":270.00,"npi":[1235406794,1306231527,1932109170]}]}]}]}]}
