{"reporting_entity_name": "IEC Group_DBA AmeriBen",
	"reporting_entity_type": "Third Party Administrator",
	"plan_name": "KEMIRA WATER SOLUTIONS, INC",
	"plan_id_type": "ein",
	"plan_id": "593657872",
	"plan_market_type": "group",
	"last_updated_on": "2025-09-01","Version": "1.0.0","out_of_network":[{"name":"PSYCHOTHERAPY W\/PATIENT 60 MINUTES","billing_code_type":"CPT","billing_code_type_version":"2020","billing_code":"90837","description":"PSYCHOTHERAPY W\/PATIENT 60 MINUTES","allowed_amounts":[{"tin":{"type":"ein","value":"870791410"},"service_code":["11"],"billing_class":"professional","payments":[{"allowed_amount":142.00,"billing_code_modifier":[""],"providers":[{"billed_charge":200.00,"npi":[1275794869,1487768982]}]}]}]},{"name":"PSYCHOTHERAPY W\/PATIENT W\/E&M SRVCS 30 MIN","billing_code_type":"CPT","billing_code_type_version":"2020","billing_code":"90833","description":"PSYCHOTHERAPY W\/PATIENT W\/E&M SRVCS 30 MIN","allowed_amounts":[{"tin":{"type":"ein","value":"843754429"},"service_code":["21"],"billing_class":"professional","payments":[{"allowed_amount":18.90,"billing_code_modifier":[""],"providers":[{"billed_charge":146.00,"npi":[1285264770,1346242682,1356664007]}]}]}]},{"name":"RESIDENTIAL TREATMENT-CHEMICAL DEPENDENCY","billing_code_type":"RC","billing_code_type_version":"UB04","billing_code":"1002","description":"RESIDENTIAL TREATMENT-CHEMICAL DEPENDENCY","allowed_amounts":[{"tin":{"type":"ein","value":"863346171"},"service_code":["21"],"billing_class":"institutional","payments":[{"allowed_amount":3420.00,"billing_code_modifier":[""],"providers":[{"billed_charge":5700.00,"npi":[1417690983,1740546209]}]}]}]},{"name":"SBSQ HOSPITAL IP\/OBS CARE HIGH MDM 50 MINUTES","billing_code_type":"CPT","billing_code_type_version":"2020","billing_code":"99233","description":"SBSQ HOSPITAL IP\/OBS CARE HIGH MDM 50 MINUTES","allowed_amounts":[{"tin":{"type":"ein","value":"843754429"},"service_code":["21"],"billing_class":"professional","payments":[{"allowed_amount":91.32,"billing_code_modifier":[""],"providers":[{"billed_charge":212.00,"npi":[1285264770,1346242682,1356664007]}]}]}]}]}
