{"reporting_entity_name": "IEC Group_DBA AmeriBen",
	"reporting_entity_type": "Third Party Administrator",
	"plan_name": "ZELIS HEALTHCARE",
	"plan_id_type": "ein",
	"plan_id": "582167964",
	"plan_market_type": "group",
	"last_updated_on": "2024-04-01","Version": "1.0.0","out_of_network":[{"name":"APPL MODALITY 1\/> AREAS ELEC STIMJ UNATTENDED","billing_code_type":"CPT","billing_code_type_version":"2020","billing_code":"97014","description":"APPL MODALITY 1\/> AREAS ELEC STIMJ UNATTENDED","allowed_amounts":[{"tin":{"type":"ein","value":"223442791"},"service_code":["11"],"billing_class":"professional","payments":[{"allowed_amount":21.02,"billing_code_modifier":[""],"providers":[{"billed_charge":180.00,"npi":[1003836420,1164582060,1255353090,1679720288]}]}]}]},{"name":"APPL MODALITY 1\/> AREAS TRACTION MECHANICAL","billing_code_type":"CPT","billing_code_type_version":"2020","billing_code":"97012","description":"APPL MODALITY 1\/> AREAS TRACTION MECHANICAL","allowed_amounts":[{"tin":{"type":"ein","value":"271145994"},"service_code":["11"],"billing_class":"professional","payments":[{"allowed_amount":13.84,"billing_code_modifier":[""],"providers":[{"billed_charge":24.00,"npi":[1154670115,1730111493]}]}]},{"tin":{"type":"ein","value":"822967323"},"service_code":["11"],"billing_class":"professional","payments":[{"allowed_amount":13.84,"billing_code_modifier":[""],"providers":[{"billed_charge":20.00,"npi":[1831607308,1912415480]}]}]},{"tin":{"type":"ein","value":"999999999"},"service_code":["11"],"billing_class":"professional","payments":[{"allowed_amount":13.84,"billing_code_modifier":[""],"providers":[{"billed_charge":20.00,"npi":[1831607308]}]}]}]},{"name":"CCPD OPD\/HOME: CCPD COMP OR OTHER RATE","billing_code_type":"RC","billing_code_type_version":"UB04","billing_code":"0851","description":"CCPD OPD\/HOME: CCPD COMP OR OTHER RATE","allowed_amounts":[{"tin":{"type":"ein","value":"203275837"},"service_code":["65"],"billing_class":"institutional","payments":[{"allowed_amount":200.37,"billing_code_modifier":[""],"providers":[{"billed_charge":4134.43,"npi":[1346271145,1437168440]}]}]}]},{"name":"IADNA CANDIDA SPECIES AMPLIFIED PROBE TQ","billing_code_type":"CPT","billing_code_type_version":"2020","billing_code":"87481","description":"IADNA CANDIDA SPECIES AMPLIFIED PROBE TQ","allowed_amounts":[{"tin":{"type":"ein","value":"264614161"},"service_code":["81"],"billing_class":"professional","payments":[{"allowed_amount":14.73,"billing_code_modifier":[""],"providers":[{"billed_charge":61.41,"npi":[1033449640,1619367679,1699705293]}]}]},{"tin":{"type":"ein","value":"852533341"},"service_code":["81"],"billing_class":"professional","payments":[{"allowed_amount":14.73,"billing_code_modifier":[""],"providers":[{"billed_charge":87.73,"npi":[1174137368,1457977209,1699705293]}]}]}]},{"name":"IADNA NOS AMPLIFIED PROBE TQ EACH ORGANISM","billing_code_type":"CPT","billing_code_type_version":"2020","billing_code":"87798","description":"IADNA NOS AMPLIFIED PROBE TQ EACH ORGANISM","allowed_amounts":[{"tin":{"type":"ein","value":"852533341"},"service_code":["81"],"billing_class":"professional","payments":[{"allowed_amount":14.73,"billing_code_modifier":[""],"providers":[{"billed_charge":87.73,"npi":[1174137368,1457977209,1699705293]}]}]}]},{"name":"MANUAL THERAPY TQS 1\/> REGIONS EACH 15 MINUTES","billing_code_type":"CPT","billing_code_type_version":"2020","billing_code":"97140","description":"MANUAL THERAPY TQS 1\/> REGIONS EACH 15 MINUTES","allowed_amounts":[{"tin":{"type":"ein","value":"223442791"},"service_code":["11"],"billing_class":"professional","payments":[{"allowed_amount":35.43,"billing_code_modifier":[""],"providers":[{"billed_charge":121.48,"npi":[1003836420,1164582060,1255353090,1679720288]}]}]},{"tin":{"type":"ein","value":"820665831"},"service_code":["11"],"billing_class":"professional","payments":[{"allowed_amount":35.43,"billing_code_modifier":[""],"providers":[{"billed_charge":150.00,"npi":[1548620610,1639681109]}]}]}]},{"name":"PSYCHOTHERAPY W\/PATIENT 45 MINUTES","billing_code_type":"CPT","billing_code_type_version":"2020","billing_code":"90834","description":"PSYCHOTHERAPY W\/PATIENT 45 MINUTES","allowed_amounts":[{"tin":{"type":"ein","value":"147727577"},"service_code":["11"],"billing_class":"professional","payments":[{"allowed_amount":162.47,"billing_code_modifier":[""],"providers":[{"billed_charge":242.00,"npi":[1528263001]}]}]},{"tin":{"type":"ein","value":"834084306"},"service_code":["02"],"billing_class":"professional","payments":[{"allowed_amount":162.47,"billing_code_modifier":[""],"providers":[{"billed_charge":220.00,"npi":[1043783293,1912468844]}]}]}]},{"name":"PSYCHOTHERAPY W\/PATIENT 60 MINUTES","billing_code_type":"CPT","billing_code_type_version":"2020","billing_code":"90837","description":"PSYCHOTHERAPY W\/PATIENT 60 MINUTES","allowed_amounts":[{"tin":{"type":"ein","value":"863584400"},"service_code":["11"],"billing_class":"professional","payments":[{"allowed_amount":98.19,"billing_code_modifier":[""],"providers":[{"billed_charge":98.19,"npi":[1114680519,1154799583]}]}]}]}]}
