{"reporting_entity_name": "IEC Group_DBA AmeriBen",
	"reporting_entity_type": "Third Party Administrator",
	"plan_name": "VERITAS TECHNOLOGIES LLC",
	"plan_id_type": "ein",
	"plan_id": "472839960",
	"plan_market_type": "group",
	"last_updated_on": "2024-06-01","Version": "1.0.0","out_of_network":[{"name":"ACUPUNCTURE 1\/> NDLS W\/ELEC STIMJ 1ST 15 MIN","billing_code_type":"CPT","billing_code_type_version":"2020","billing_code":"97813","description":"ACUPUNCTURE 1\/> NDLS W\/ELEC STIMJ 1ST 15 MIN","allowed_amounts":[{"tin":{"type":"ein","value":"863997056"},"service_code":["11"],"billing_class":"professional","payments":[{"allowed_amount":100.00,"billing_code_modifier":[""],"providers":[{"billed_charge":120.00,"npi":[1114500428,1689347734]}]}]},{"tin":{"type":"ein","value":"881016266"},"service_code":["11"],"billing_class":"professional","payments":[{"allowed_amount":100.00,"billing_code_modifier":[""],"providers":[{"billed_charge":100.00,"npi":[1215302294,1326796368]}]}]}]},{"name":"CHIROPRACTIC MANIPULATIVE TX SPINAL 3-4 REGIONS","billing_code_type":"CPT","billing_code_type_version":"2020","billing_code":"98941","description":"CHIROPRACTIC MANIPULATIVE TX SPINAL 3-4 REGIONS","allowed_amounts":[{"tin":{"type":"ein","value":"074389611"},"service_code":["11"],"billing_class":"professional","payments":[{"allowed_amount":49.00,"billing_code_modifier":[""],"providers":[{"billed_charge":70.00,"npi":[1144235722]}]}]},{"tin":{"type":"ein","value":"203599723"},"service_code":["11"],"billing_class":"professional","payments":[{"allowed_amount":27.44,"billing_code_modifier":[""],"providers":[{"billed_charge":85.00,"npi":[1568649614,1730603770]}]}]},{"tin":{"type":"ein","value":"593692134"},"service_code":["11"],"billing_class":"professional","payments":[{"allowed_amount":27.44,"billing_code_modifier":[""],"providers":[{"billed_charge":66.00,"npi":[1104367457,1447901574,1669562500]}]}]},{"tin":{"type":"ein","value":"943257437"},"service_code":["11"],"billing_class":"professional","payments":[{"allowed_amount":74.00,"billing_code_modifier":[""],"providers":[{"billed_charge":80.00,"npi":[1114084852]},{"billed_charge":85.00,"npi":[1114084852]}]},{"allowed_amount":74.00,"billing_code_modifier":[""],"providers":[{"billed_charge":80.00,"npi":[1114084852]},{"billed_charge":85.00,"npi":[1114084852]}]}]},{"tin":{"type":"ein","value":"943257437"},"service_code":["11"],"billing_class":"professional","payments":[{"allowed_amount":74.00,"billing_code_modifier":[""],"providers":[{"billed_charge":80.00,"npi":[1114084852]},{"billed_charge":85.00,"npi":[1114084852]}]},{"allowed_amount":74.00,"billing_code_modifier":[""],"providers":[{"billed_charge":80.00,"npi":[1114084852]},{"billed_charge":85.00,"npi":[1114084852]}]}]}]},{"name":"FAMILY PSYCHOTHERAPY W\/PATIENT PRESENT 50 MINS","billing_code_type":"CPT","billing_code_type_version":"2020","billing_code":"90847","description":"FAMILY PSYCHOTHERAPY W\/PATIENT PRESENT 50 MINS","allowed_amounts":[{"tin":{"type":"ein","value":"871054941"},"service_code":["11"],"billing_class":"professional","payments":[{"allowed_amount":104.16,"billing_code_modifier":[""],"providers":[{"billed_charge":140.00,"npi":[1205409414,1245700897]},{"billed_charge":165.00,"npi":[1205409414,1245700897]}]},{"allowed_amount":104.16,"billing_code_modifier":[""],"providers":[{"billed_charge":140.00,"npi":[1205409414,1245700897]},{"billed_charge":165.00,"npi":[1205409414,1245700897]}]}]},{"tin":{"type":"ein","value":"871054941"},"service_code":["11"],"billing_class":"professional","payments":[{"allowed_amount":104.16,"billing_code_modifier":[""],"providers":[{"billed_charge":140.00,"npi":[1205409414,1245700897]},{"billed_charge":165.00,"npi":[1205409414,1245700897]}]},{"allowed_amount":104.16,"billing_code_modifier":[""],"providers":[{"billed_charge":140.00,"npi":[1205409414,1245700897]},{"billed_charge":165.00,"npi":[1205409414,1245700897]}]}]}]},{"name":"PSYCHOTHERAPY W\/PATIENT 45 MINUTES","billing_code_type":"CPT","billing_code_type_version":"2020","billing_code":"90834","description":"PSYCHOTHERAPY W\/PATIENT 45 MINUTES","allowed_amounts":[{"tin":{"type":"ein","value":"814899358"},"service_code":["11"],"billing_class":"professional","payments":[{"allowed_amount":112.96,"billing_code_modifier":[""],"providers":[{"billed_charge":190.00,"npi":[1629124813]}]}]},{"tin":{"type":"ein","value":"851536198"},"service_code":["10","11"],"billing_class":"professional","payments":[{"allowed_amount":112.96,"billing_code_modifier":[""],"providers":[{"billed_charge":165.00,"npi":[1801536149]}]}]}]},{"name":"PSYCHOTHERAPY W\/PATIENT 60 MINUTES","billing_code_type":"CPT","billing_code_type_version":"2020","billing_code":"90837","description":"PSYCHOTHERAPY W\/PATIENT 60 MINUTES","allowed_amounts":[{"tin":{"type":"ein","value":"203174526"},"service_code":["02"],"billing_class":"professional","payments":[{"allowed_amount":104.32,"billing_code_modifier":[""],"providers":[{"billed_charge":275.00,"npi":[1528032745]}]}]},{"tin":{"type":"ein","value":"883389956"},"service_code":["11"],"billing_class":"professional","payments":[{"allowed_amount":104.32,"billing_code_modifier":[""],"providers":[{"billed_charge":125.00,"npi":[1053028787,1588363741]}]}]}]},{"name":"THERAPEUT ACTVITY DIRECT PT CONTACT EACH 15 MIN","billing_code_type":"CPT","billing_code_type_version":"2020","billing_code":"97530","description":"THERAPEUT ACTVITY DIRECT PT CONTACT EACH 15 MIN","allowed_amounts":[{"tin":{"type":"ein","value":"833086851"},"service_code":["11"],"billing_class":"professional","payments":[{"allowed_amount":60.00,"billing_code_modifier":[""],"providers":[{"billed_charge":145.00,"npi":[1871867358]}]}]}]},{"name":"THERAPEUTIC PX 1\/> AREAS EACH 15 MIN EXERCISES","billing_code_type":"CPT","billing_code_type_version":"2020","billing_code":"97110","description":"THERAPEUTIC PX 1\/> AREAS EACH 15 MIN EXERCISES","allowed_amounts":[{"tin":{"type":"ein","value":"074389611"},"service_code":["11"],"billing_class":"professional","payments":[{"allowed_amount":31.50,"billing_code_modifier":[""],"providers":[{"billed_charge":45.00,"npi":[1144235722]}]}]},{"tin":{"type":"ein","value":"474975797"},"service_code":["11"],"billing_class":"professional","payments":[{"allowed_amount":55.00,"billing_code_modifier":[""],"providers":[{"billed_charge":55.00,"npi":[1366117285,1871267724]}]}]},{"tin":{"type":"ein","value":"833086851"},"service_code":["11"],"billing_class":"professional","payments":[{"allowed_amount":55.00,"billing_code_modifier":[""],"providers":[{"billed_charge":145.00,"npi":[1871867358]}]}]},{"tin":{"type":"ein","value":"863997056"},"service_code":["11"],"billing_class":"professional","payments":[{"allowed_amount":55.00,"billing_code_modifier":[""],"providers":[{"billed_charge":80.00,"npi":[1114500428,1689347734]}]}]},{"tin":{"type":"ein","value":"881773207"},"service_code":["11"],"billing_class":"professional","payments":[{"allowed_amount":55.00,"billing_code_modifier":[""],"providers":[{"billed_charge":55.00,"npi":[1023756772,1740744085]}]}]},{"tin":{"type":"ein","value":"943257437"},"service_code":["11"],"billing_class":"professional","payments":[{"allowed_amount":55.00,"billing_code_modifier":[""],"providers":[{"billed_charge":55.00,"npi":[1114084852]}]}]}]},{"name":"TX SPEECH LANG VOICE COMMJ &\/AUDITORY PROC IND","billing_code_type":"CPT","billing_code_type_version":"2020","billing_code":"92507","description":"TX SPEECH LANG VOICE COMMJ &\/AUDITORY PROC IND","allowed_amounts":[{"tin":{"type":"ein","value":"834163875"},"service_code":["11"],"billing_class":"professional","payments":[{"allowed_amount":55.17,"billing_code_modifier":[""],"providers":[{"billed_charge":100.00,"npi":[1255692711,1801453295]},{"billed_charge":200.00,"npi":[1255692711,1801453295]}]},{"allowed_amount":55.17,"billing_code_modifier":[""],"providers":[{"billed_charge":100.00,"npi":[1255692711,1801453295]},{"billed_charge":200.00,"npi":[1255692711,1801453295]}]}]},{"tin":{"type":"ein","value":"834163875"},"service_code":["11"],"billing_class":"professional","payments":[{"allowed_amount":55.17,"billing_code_modifier":[""],"providers":[{"billed_charge":100.00,"npi":[1255692711,1801453295]},{"billed_charge":200.00,"npi":[1255692711,1801453295]}]},{"allowed_amount":55.17,"billing_code_modifier":[""],"providers":[{"billed_charge":100.00,"npi":[1255692711,1801453295]},{"billed_charge":200.00,"npi":[1255692711,1801453295]}]}]},{"tin":{"type":"ein","value":"834163875"},"service_code":["11"],"billing_class":"professional","payments":[{"allowed_amount":56.97,"billing_code_modifier":[""],"providers":[{"billed_charge":200.00,"npi":[1255692711,1801453295]}]}]}]}]}
