{"reporting_entity_name": "IEC Group_DBA AmeriBen",
	"reporting_entity_type": "Third Party Administrator",
	"plan_name": "LOGAN ALUMINUM INC",
	"plan_id_type": "ein",
	"plan_id": "611064243",
	"plan_market_type": "group",
	"last_updated_on": "2023-01-03","Version": "1.0.0","out_of_network":[{"name":"NEUROMUSCULAR STIM FOR SHOCK","billing_code_type":"HCPCS","billing_code_type_version":"HCPCS LEVEL II 2021","billing_code":"E0745","description":"NEUROMUSCULAR STIM FOR SHOCK","allowed_amounts":[{"tin":{"type":"ein","value":"841451963"},"service_code":["12"],"billing_class":"professional","payments":[{"allowed_amount":336.75,"billing_code_modifier":[""],"providers":[{"billed_charge":449.00,"npi":[1427572403,1770511552,1790289155]}]}]}]}]}
