{"reporting_entity_name": "IEC Group_DBA AmeriBen",
	"reporting_entity_type": "Third Party Administrator",
	"plan_name": "METALSA STRUCTURAL PRODUCTS",
	"plan_id_type": "ein",
	"plan_id": "980643737",
	"plan_market_type": "group",
	"last_updated_on": "2024-11-01","Version": "1.0.0","out_of_network":[{"name":"ASSAY OF THYROID STIMULATING HORMONE TSH","billing_code_type":"CPT","billing_code_type_version":"2020","billing_code":"84443","description":"ASSAY OF THYROID STIMULATING HORMONE TSH","allowed_amounts":[{"tin":{"type":"ein","value":"382084239"},"service_code":["81"],"billing_class":"professional","payments":[{"allowed_amount":20.16,"billing_code_modifier":[""],"providers":[{"billed_charge":64.90,"npi":[1033748652,1063943934,1144640590,1467931311,1750703674,1851382121,1851959928,1932166386]}]}]}]},{"name":"CHIROPRACTIC MANIPULATIVE TX SPINAL 5 REGIONS","billing_code_type":"CPT","billing_code_type_version":"2020","billing_code":"98942","description":"CHIROPRACTIC MANIPULATIVE TX SPINAL 5 REGIONS","allowed_amounts":[{"tin":{"type":"ein","value":"541803712"},"service_code":["11"],"billing_class":"professional","payments":[{"allowed_amount":49.00,"billing_code_modifier":[""],"providers":[{"billed_charge":49.00,"npi":[1225057458,1720007966]}]}]}]},{"name":"COMPREHENSIVE METABOLIC PANEL","billing_code_type":"CPT","billing_code_type_version":"2020","billing_code":"80053","description":"COMPREHENSIVE METABOLIC PANEL","allowed_amounts":[{"tin":{"type":"ein","value":"382084239"},"service_code":["81"],"billing_class":"professional","payments":[{"allowed_amount":12.67,"billing_code_modifier":[""],"providers":[{"billed_charge":60.50,"npi":[1003439324,1033748652,1053383752,1144640590,1407136773,1518442342,1568811925,1568994911,1679857254,1831173095,1841677598,1851382121,1851959928,1932166386,1952345456]}]}]}]},{"name":"DRUG TEST DEF 1-7 CLASSES","billing_code_type":"HCPCS","billing_code_type_version":"HCPCS LEVEL II 2021","billing_code":"G0480","description":"DRUG TEST DEF 1-7 CLASSES","allowed_amounts":[{"tin":{"type":"ein","value":"851147594"},"service_code":["81"],"billing_class":"professional","payments":[{"allowed_amount":120.15,"billing_code_modifier":[""],"providers":[{"billed_charge":120.15,"npi":[1437756137,1790482347,1922219294,1962807578,1992490320]}]}]}]},{"name":"DRUGS REQUIRE SPECIFIC ID: DRUGS REQUIRING DETAIL","billing_code_type":"RC","billing_code_type_version":"UB04","billing_code":"0636","description":"DRUGS REQUIRE SPECIFIC ID: DRUGS REQUIRING DETAIL","allowed_amounts":[{"tin":{"type":"ein","value":"201557876"},"service_code":["65"],"billing_class":"institutional","payments":[{"allowed_amount":33.37,"billing_code_modifier":[""],"providers":[{"billed_charge":714.00,"npi":[1497824114,1598116782,1861452302]}]}]},{"tin":{"type":"ein","value":"621323090"},"service_code":["65"],"billing_class":"institutional","payments":[{"allowed_amount":1.52,"billing_code_modifier":[""],"providers":[{"billed_charge":36.75,"npi":[1073989323,1184687824]}]}]},{"tin":{"type":"ein","value":"621323090"},"service_code":["65"],"billing_class":"institutional","payments":[{"allowed_amount":10.75,"billing_code_modifier":[""],"providers":[{"billed_charge":204.00,"npi":[1609869296,1881668093]},{"billed_charge":255.00,"npi":[1073989323,1184687824]}]},{"allowed_amount":10.75,"billing_code_modifier":[""],"providers":[{"billed_charge":204.00,"npi":[1609869296,1881668093]},{"billed_charge":255.00,"npi":[1073989323,1184687824]}]}]},{"tin":{"type":"ein","value":"621323090"},"service_code":["65"],"billing_class":"institutional","payments":[{"allowed_amount":10.75,"billing_code_modifier":[""],"providers":[{"billed_charge":204.00,"npi":[1609869296,1881668093]},{"billed_charge":255.00,"npi":[1073989323,1184687824]}]},{"allowed_amount":10.75,"billing_code_modifier":[""],"providers":[{"billed_charge":204.00,"npi":[1609869296,1881668093]},{"billed_charge":255.00,"npi":[1073989323,1184687824]}]}]},{"tin":{"type":"ein","value":"621323090"},"service_code":["65"],"billing_class":"institutional","payments":[{"allowed_amount":12.69,"billing_code_modifier":[""],"providers":[{"billed_charge":204.00,"npi":[1609869296,1881668093]}]}]},{"tin":{"type":"ein","value":"621323090"},"service_code":["65"],"billing_class":"institutional","payments":[{"allowed_amount":27.40,"billing_code_modifier":[""],"providers":[{"billed_charge":663.00,"npi":[1073989323,1184687824]}]}]}]},{"name":"EMERGENCY DEPARTMENT VISIT MODERATE MDM","billing_code_type":"CPT","billing_code_type_version":"2020","billing_code":"99284","description":"EMERGENCY DEPARTMENT VISIT MODERATE MDM","allowed_amounts":[{"tin":{"type":"ein","value":"352629268"},"service_code":["23"],"billing_class":"professional","payments":[{"allowed_amount":214.08,"billing_code_modifier":[""],"providers":[{"billed_charge":1487.00,"npi":[1205882396,1336631480]}]}]},{"tin":{"type":"ein","value":"384082858"},"service_code":["23"],"billing_class":"professional","payments":[{"allowed_amount":214.08,"billing_code_modifier":[""],"providers":[{"billed_charge":1487.00,"npi":[1013409721,1275570376]}]}]},{"tin":{"type":"ein","value":"384083619"},"service_code":["23"],"billing_class":"professional","payments":[{"allowed_amount":214.08,"billing_code_modifier":[""],"providers":[{"billed_charge":1487.00,"npi":[1215429600,1619914785,1962921239]}]}]}]},{"name":"ESRD RELATED SVC MONTHLY 20&\/> YR OLD 4\/> VISITS","billing_code_type":"CPT","billing_code_type_version":"2020","billing_code":"90960","description":"ESRD RELATED SVC MONTHLY 20&\/> YR OLD 4\/> VISITS","allowed_amounts":[{"tin":{"type":"ein","value":"611379420"},"service_code":["65"],"billing_class":"professional","payments":[{"allowed_amount":350.00,"billing_code_modifier":[""],"providers":[{"billed_charge":350.00,"npi":[1225598808,1295257517,1356306716,1497824114,1528062460,1598116782,1669032421,1740644384,1740892165,1861452302]}]}]}]},{"name":"HEMO OPD\/HOME: HEMODIALYSIS COMP OR OTHER RATE","billing_code_type":"RC","billing_code_type_version":"UB04","billing_code":"0821","description":"HEMO OPD\/HOME: HEMODIALYSIS COMP OR OTHER RATE","allowed_amounts":[{"tin":{"type":"ein","value":"621323090"},"service_code":["65"],"billing_class":"institutional","payments":[{"allowed_amount":238.14,"billing_code_modifier":[""],"providers":[{"billed_charge":5762.00,"npi":[1073989323,1184687824]}]}]},{"tin":{"type":"ein","value":"621323090"},"service_code":["65"],"billing_class":"institutional","payments":[{"allowed_amount":358.48,"billing_code_modifier":[""],"providers":[{"billed_charge":5762.00,"npi":[1609869296,1881668093]}]}]}]},{"name":"LIPID PANEL","billing_code_type":"CPT","billing_code_type_version":"2020","billing_code":"80061","description":"LIPID PANEL","allowed_amounts":[{"tin":{"type":"ein","value":"382084239"},"service_code":["81"],"billing_class":"professional","payments":[{"allowed_amount":16.07,"billing_code_modifier":[""],"providers":[{"billed_charge":60.50,"npi":[1003439324,1033748652,1053383752,1134793599,1144640590,1255304168,1407136773,1467931311,1568811925,1568994911,1831173095,1841677598,1851959928,1932166386,1952345456]}]}]}]},{"name":"MEDICAL\/SURGICAL SUPPLIES","billing_code_type":"RC","billing_code_type_version":"UB04","billing_code":"0270","description":"MEDICAL\/SURGICAL SUPPLIES","allowed_amounts":[{"tin":{"type":"ein","value":"621323090"},"service_code":["65"],"billing_class":"institutional","payments":[{"allowed_amount":8.46,"billing_code_modifier":[""],"providers":[{"billed_charge":136.05,"npi":[1609869296,1881668093]}]}]},{"tin":{"type":"ein","value":"621323090"},"service_code":["65"],"billing_class":"institutional","payments":[{"allowed_amount":11.25,"billing_code_modifier":[""],"providers":[{"billed_charge":272.10,"npi":[1073989323,1184687824]}]}]}]},{"name":"OCCUPATIONAL THERAPY, IN THE","billing_code_type":"HCPCS","billing_code_type_version":"HCPCS LEVEL II 2021","billing_code":"S9129","description":"OCCUPATIONAL THERAPY, IN THE","allowed_amounts":[{"tin":{"type":"ein","value":"611010686"},"service_code":["12"],"billing_class":"professional","payments":[{"allowed_amount":80.82,"billing_code_modifier":[""],"providers":[{"billed_charge":123.00,"npi":[1124160296,1508865783,1558493270]}]}]}]},{"name":"PHARMACY","billing_code_type":"RC","billing_code_type_version":"UB04","billing_code":"0250","description":"PHARMACY","allowed_amounts":[{"tin":{"type":"ein","value":"201557876"},"service_code":["65"],"billing_class":"institutional","payments":[{"allowed_amount":0.03,"billing_code_modifier":[""],"providers":[{"billed_charge":0.68,"npi":[1497824114,1861452302]}]}]},{"tin":{"type":"ein","value":"201557876"},"service_code":["65"],"billing_class":"institutional","payments":[{"allowed_amount":0.08,"billing_code_modifier":[""],"providers":[{"billed_charge":1.88,"npi":[1497824114,1598116782,1861452302]}]}]},{"tin":{"type":"ein","value":"201557876"},"service_code":["65"],"billing_class":"institutional","payments":[{"allowed_amount":0.09,"billing_code_modifier":[""],"providers":[{"billed_charge":1.88,"npi":[1497824114,1598116782,1861452302]}]}]},{"tin":{"type":"ein","value":"621323090"},"service_code":["65"],"billing_class":"institutional","payments":[{"allowed_amount":0.03,"billing_code_modifier":[""],"providers":[{"billed_charge":0.68,"npi":[1073989323,1184687824]},{"billed_charge":0.94,"npi":[1073989323,1184687824]}]},{"allowed_amount":0.03,"billing_code_modifier":[""],"providers":[{"billed_charge":0.68,"npi":[1073989323,1184687824]},{"billed_charge":0.94,"npi":[1073989323,1184687824]}]}]},{"tin":{"type":"ein","value":"621323090"},"service_code":["65"],"billing_class":"institutional","payments":[{"allowed_amount":0.03,"billing_code_modifier":[""],"providers":[{"billed_charge":0.68,"npi":[1073989323,1184687824]},{"billed_charge":0.94,"npi":[1073989323,1184687824]}]},{"allowed_amount":0.03,"billing_code_modifier":[""],"providers":[{"billed_charge":0.68,"npi":[1073989323,1184687824]},{"billed_charge":0.94,"npi":[1073989323,1184687824]}]}]},{"tin":{"type":"ein","value":"621323090"},"service_code":["65"],"billing_class":"institutional","payments":[{"allowed_amount":0.04,"billing_code_modifier":[""],"providers":[{"billed_charge":0.94,"npi":[1073989323,1184687824]}]}]}]},{"name":"PT IN THE HOME PER DIEM","billing_code_type":"HCPCS","billing_code_type_version":"HCPCS LEVEL II 2021","billing_code":"S9131","description":"PT IN THE HOME PER DIEM","allowed_amounts":[{"tin":{"type":"ein","value":"611010686"},"service_code":["12"],"billing_class":"professional","payments":[{"allowed_amount":77.14,"billing_code_modifier":[""],"providers":[{"billed_charge":117.00,"npi":[1124160296,1508865783,1558493270]}]}]}]},{"name":"RESIDENTIAL TREATMENT-CHEMICAL DEPENDENCY","billing_code_type":"RC","billing_code_type_version":"UB04","billing_code":"1002","description":"RESIDENTIAL TREATMENT-CHEMICAL DEPENDENCY","allowed_amounts":[{"tin":{"type":"ein","value":"831606392"},"service_code":["21"],"billing_class":"institutional","payments":[{"allowed_amount":3096.90,"billing_code_modifier":[""],"providers":[{"billed_charge":4995.00,"npi":[1750996971]}]}]}]},{"name":"SPEECH THERAPY, IN THE HOME,","billing_code_type":"HCPCS","billing_code_type_version":"HCPCS LEVEL II 2021","billing_code":"S9128","description":"SPEECH THERAPY, IN THE HOME,","allowed_amounts":[{"tin":{"type":"ein","value":"611010686"},"service_code":["12"],"billing_class":"professional","payments":[{"allowed_amount":111.94,"billing_code_modifier":[""],"providers":[{"billed_charge":123.00,"npi":[1508865783,1558493270]}]}]},{"tin":{"type":"ein","value":"611010686"},"service_code":["12"],"billing_class":"professional","payments":[{"allowed_amount":123.00,"billing_code_modifier":[""],"providers":[{"billed_charge":123.00,"npi":[1508865783,1558493270]}]}]}]}]}
