{"reporting_entity_name": "IEC Group_DBA AmeriBen",
	"reporting_entity_type": "Third Party Administrator",
	"plan_name": "KEMIRA WATER SOLUTIONS, INC",
	"plan_id_type": "ein",
	"plan_id": "593657872",
	"plan_market_type": "group",
	"last_updated_on": "2025-04-01","Version": "1.0.0","out_of_network":[{"name":"THER PX 1\/> AREAS EA 15 MIN GAIT TRAING W\/STAIR","billing_code_type":"CPT","billing_code_type_version":"2020","billing_code":"97116","description":"THER PX 1\/> AREAS EA 15 MIN GAIT TRAING W\/STAIR","allowed_amounts":[{"tin":{"type":"ein","value":"550894278"},"service_code":["12"],"billing_class":"professional","payments":[{"allowed_amount":27.67,"billing_code_modifier":[""],"providers":[{"billed_charge":45.00,"npi":[1114175858,1720373020,1851486070]}]}]}]},{"name":"THERAPEUT ACTVITY DIRECT PT CONTACT EACH 15 MIN","billing_code_type":"CPT","billing_code_type_version":"2020","billing_code":"97530","description":"THERAPEUT ACTVITY DIRECT PT CONTACT EACH 15 MIN","allowed_amounts":[{"tin":{"type":"ein","value":"550894278"},"service_code":["12"],"billing_class":"professional","payments":[{"allowed_amount":36.02,"billing_code_modifier":[""],"providers":[{"billed_charge":55.00,"npi":[1114175858,1720373020,1851486070]}]}]}]},{"name":"THERAPEUTIC PX 1\/> AREAS EACH 15 MIN EXERCISES","billing_code_type":"CPT","billing_code_type_version":"2020","billing_code":"97110","description":"THERAPEUTIC PX 1\/> AREAS EACH 15 MIN EXERCISES","allowed_amounts":[{"tin":{"type":"ein","value":"550894278"},"service_code":["12"],"billing_class":"professional","payments":[{"allowed_amount":55.98,"billing_code_modifier":[""],"providers":[{"billed_charge":80.00,"npi":[1114175858,1720373020,1851486070]}]}]}]}]}
