{"reporting_entity_name": "IEC Group_DBA AmeriBen",
	"reporting_entity_type": "Third Party Administrator",
	"plan_name": "TUBA CITY REGIONAL HEALTH CARE",
	"plan_id_type": "ein",
	"plan_id": "043651340",
	"plan_market_type": "group",
	"last_updated_on": "2023-12-01","Version": "1.0.0","out_of_network":[{"name":"CAPD OPD\/HOME: CAPD COMP OR OTHER RATE","billing_code_type":"RC","billing_code_type_version":"UB04","billing_code":"0841","description":"CAPD OPD\/HOME: CAPD COMP OR OTHER RATE","allowed_amounts":[{"tin":{"type":"ein","value":"853247972"},"service_code":["65"],"billing_class":"institutional","payments":[{"allowed_amount":333.31,"billing_code_modifier":[""],"providers":[{"billed_charge":3288.00,"npi":[1326145392,1710587571]}]}]},{"tin":{"type":"ein","value":"853247972"},"service_code":["65"],"billing_class":"institutional","payments":[{"allowed_amount":334.88,"billing_code_modifier":[""],"providers":[{"billed_charge":3288.00,"npi":[1326145392,1710587571]}]}]},{"tin":{"type":"ein","value":"853247972"},"service_code":["65"],"billing_class":"institutional","payments":[{"allowed_amount":336.95,"billing_code_modifier":[""],"providers":[{"billed_charge":3288.00,"npi":[1326145392,1710587571]}]}]}]},{"name":"EMERGENCY DEPARTMENT VISIT LOW MDM","billing_code_type":"CPT","billing_code_type_version":"2020","billing_code":"99283","description":"EMERGENCY DEPARTMENT VISIT LOW MDM","allowed_amounts":[{"tin":{"type":"ein","value":"043651340"},"service_code":["23"],"billing_class":"professional","payments":[{"allowed_amount":87.62,"billing_code_modifier":[""],"providers":[{"billed_charge":145.00,"npi":[1154717072,1548294424,1649412321,1669905600]}]}]}]},{"name":"PSYCHIATRIC\/PSYCHOLOGICAL SVCS: PARTIAL HOSP - INT","billing_code_type":"RC","billing_code_type_version":"UB04","billing_code":"0913","description":"PSYCHIATRIC\/PSYCHOLOGICAL SVCS: PARTIAL HOSP - INT","allowed_amounts":[{"tin":{"type":"ein","value":"263538695"},"service_code":["99"],"billing_class":"institutional","payments":[{"allowed_amount":1200.00,"billing_code_modifier":[""],"providers":[{"billed_charge":1500.00,"npi":[1487996955,1598087702]}]}]}]},{"name":"PSYCHIATRIC\/PSYCHOLOGICAL TRT: INTENSIVE OUT SERV","billing_code_type":"RC","billing_code_type_version":"UB04","billing_code":"0906","description":"PSYCHIATRIC\/PSYCHOLOGICAL TRT: INTENSIVE OUT SERV","allowed_amounts":[{"tin":{"type":"ein","value":"263538695"},"service_code":["99"],"billing_class":"institutional","payments":[{"allowed_amount":410.65,"billing_code_modifier":[""],"providers":[{"billed_charge":1000.00,"npi":[1487996955,1598087702]}]}]}]},{"name":"RESIDENTIAL TREATMENT-CHEMICAL DEPENDENCY","billing_code_type":"RC","billing_code_type_version":"UB04","billing_code":"1002","description":"RESIDENTIAL TREATMENT-CHEMICAL DEPENDENCY","allowed_amounts":[{"tin":{"type":"ein","value":"852829309"},"service_code":["21"],"billing_class":"institutional","payments":[{"allowed_amount":4480.00,"billing_code_modifier":[""],"providers":[{"billed_charge":5600.00,"npi":[1184198475,1760097471]}]}]}]}]}
