{"reporting_entity_name": "IEC Group_DBA AmeriBen",
	"reporting_entity_type": "Third Party Administrator",
	"plan_name": "TUBA CITY REGIONAL HEALTH CARE",
	"plan_id_type": "ein",
	"plan_id": "043651340",
	"plan_market_type": "group",
	"last_updated_on": "2023-05-01","Version": "1.0.0","out_of_network":[{"name":"CCPD OPD\/HOME: CCPD COMP OR OTHER RATE","billing_code_type":"RC","billing_code_type_version":"UB04","billing_code":"0851","description":"CCPD OPD\/HOME: CCPD COMP OR OTHER RATE","allowed_amounts":[{"tin":{"type":"ein","value":"853247972"},"service_code":["65"],"billing_class":"institutional","payments":[{"allowed_amount":307.89,"billing_code_modifier":[""],"providers":[{"billed_charge":1566.00,"npi":[1326145392,1710587571]}]}]},{"tin":{"type":"ein","value":"853247972"},"service_code":["65"],"billing_class":"institutional","payments":[{"allowed_amount":469.80,"billing_code_modifier":[""],"providers":[{"billed_charge":1566.00,"npi":[1326145392,1710587571]}]}]}]},{"name":"PSYCHIATRIC\/PSYCHOLOGICAL SVCS: PARTIAL HOSP - INT","billing_code_type":"RC","billing_code_type_version":"UB04","billing_code":"0913","description":"PSYCHIATRIC\/PSYCHOLOGICAL SVCS: PARTIAL HOSP - INT","allowed_amounts":[{"tin":{"type":"ein","value":"263538695"},"service_code":["99"],"billing_class":"institutional","payments":[{"allowed_amount":1200.00,"billing_code_modifier":[""],"providers":[{"billed_charge":1500.00,"npi":[1487996955,1598087702]}]}]}]},{"name":"PSYCHIATRIC\/PSYCHOLOGICAL TRT: INTENSIVE OUT SERV","billing_code_type":"RC","billing_code_type_version":"UB04","billing_code":"0906","description":"PSYCHIATRIC\/PSYCHOLOGICAL TRT: INTENSIVE OUT SERV","allowed_amounts":[{"tin":{"type":"ein","value":"263538695"},"service_code":["99"],"billing_class":"institutional","payments":[{"allowed_amount":427.90,"billing_code_modifier":[""],"providers":[{"billed_charge":1000.00,"npi":[1487996955,1598087702]}]}]}]}]}
