{"reporting_entity_name": "IEC Group_DBA AmeriBen",
	"reporting_entity_type": "Third Party Administrator",
	"plan_name": "THE DOCTORS MANAGEMENT COMPANY",
	"plan_id_type": "ein",
	"plan_id": "952958888",
	"plan_market_type": "group",
	"last_updated_on": "2025-06-01","Version": "1.0.0","out_of_network":[{"name":"ADAPT BHV TX PRTCL MODIFICAJ PHYS\/QHP EA 15 MIN","billing_code_type":"CPT","billing_code_type_version":"2020","billing_code":"97155","description":"ADAPT BHV TX PRTCL MODIFICAJ PHYS\/QHP EA 15 MIN","allowed_amounts":[{"tin":{"type":"ein","value":"821415259"},"service_code":["11"],"billing_class":"professional","payments":[{"allowed_amount":28.28,"billing_code_modifier":[""],"providers":[{"billed_charge":88.00,"npi":[1104371939,1700324555]},{"billed_charge":96.16,"npi":[1104371939,1700324555]}]},{"allowed_amount":28.28,"billing_code_modifier":[""],"providers":[{"billed_charge":88.00,"npi":[1104371939,1700324555]},{"billed_charge":96.16,"npi":[1104371939,1700324555]}]}]},{"tin":{"type":"ein","value":"821415259"},"service_code":["11"],"billing_class":"professional","payments":[{"allowed_amount":28.28,"billing_code_modifier":[""],"providers":[{"billed_charge":88.00,"npi":[1104371939,1700324555]},{"billed_charge":96.16,"npi":[1104371939,1700324555]}]},{"allowed_amount":28.28,"billing_code_modifier":[""],"providers":[{"billed_charge":88.00,"npi":[1104371939,1700324555]},{"billed_charge":96.16,"npi":[1104371939,1700324555]}]}]}]},{"name":"ADAPTIVE BEHAVIOR TX BY PROTOCOL TECH EA 15 MIN","billing_code_type":"CPT","billing_code_type_version":"2020","billing_code":"97153","description":"ADAPTIVE BEHAVIOR TX BY PROTOCOL TECH EA 15 MIN","allowed_amounts":[{"tin":{"type":"ein","value":"821415259"},"service_code":["11"],"billing_class":"professional","payments":[{"allowed_amount":180.00,"billing_code_modifier":[""],"providers":[{"billed_charge":207.72,"npi":[1104371939,1700324555]},{"billed_charge":225.96,"npi":[1104371939,1700324555]},{"billed_charge":353.60,"npi":[1104371939,1700324555]}]},{"allowed_amount":180.00,"billing_code_modifier":[""],"providers":[{"billed_charge":207.72,"npi":[1104371939,1700324555]},{"billed_charge":225.96,"npi":[1104371939,1700324555]},{"billed_charge":353.60,"npi":[1104371939,1700324555]}]},{"allowed_amount":180.00,"billing_code_modifier":[""],"providers":[{"billed_charge":207.72,"npi":[1104371939,1700324555]},{"billed_charge":225.96,"npi":[1104371939,1700324555]},{"billed_charge":353.60,"npi":[1104371939,1700324555]}]}]},{"tin":{"type":"ein","value":"821415259"},"service_code":["11"],"billing_class":"professional","payments":[{"allowed_amount":180.00,"billing_code_modifier":[""],"providers":[{"billed_charge":207.72,"npi":[1104371939,1700324555]},{"billed_charge":225.96,"npi":[1104371939,1700324555]},{"billed_charge":353.60,"npi":[1104371939,1700324555]}]},{"allowed_amount":180.00,"billing_code_modifier":[""],"providers":[{"billed_charge":207.72,"npi":[1104371939,1700324555]},{"billed_charge":225.96,"npi":[1104371939,1700324555]},{"billed_charge":353.60,"npi":[1104371939,1700324555]}]},{"allowed_amount":180.00,"billing_code_modifier":[""],"providers":[{"billed_charge":207.72,"npi":[1104371939,1700324555]},{"billed_charge":225.96,"npi":[1104371939,1700324555]},{"billed_charge":353.60,"npi":[1104371939,1700324555]}]}]},{"tin":{"type":"ein","value":"821415259"},"service_code":["11"],"billing_class":"professional","payments":[{"allowed_amount":180.00,"billing_code_modifier":[""],"providers":[{"billed_charge":207.72,"npi":[1104371939,1700324555]},{"billed_charge":225.96,"npi":[1104371939,1700324555]},{"billed_charge":353.60,"npi":[1104371939,1700324555]}]},{"allowed_amount":180.00,"billing_code_modifier":[""],"providers":[{"billed_charge":207.72,"npi":[1104371939,1700324555]},{"billed_charge":225.96,"npi":[1104371939,1700324555]},{"billed_charge":353.60,"npi":[1104371939,1700324555]}]},{"allowed_amount":180.00,"billing_code_modifier":[""],"providers":[{"billed_charge":207.72,"npi":[1104371939,1700324555]},{"billed_charge":225.96,"npi":[1104371939,1700324555]},{"billed_charge":353.60,"npi":[1104371939,1700324555]}]}]}]},{"name":"GLUCOSE QUANTITATIVE BLOOD XCPT REAGENT STRIP","billing_code_type":"CPT","billing_code_type_version":"2020","billing_code":"82947","description":"GLUCOSE QUANTITATIVE BLOOD XCPT REAGENT STRIP","allowed_amounts":[{"tin":{"type":"ein","value":"591559063"},"service_code":["23"],"billing_class":"professional","payments":[{"allowed_amount":0.00,"billing_code_modifier":[""],"providers":[{"billed_charge":19.00,"npi":[1235541392,1497727895,1871567289]},{"billed_charge":38.00,"npi":[1235541392,1497727895,1871567289]}]},{"allowed_amount":0.00,"billing_code_modifier":[""],"providers":[{"billed_charge":19.00,"npi":[1235541392,1497727895,1871567289]},{"billed_charge":38.00,"npi":[1235541392,1497727895,1871567289]}]}]},{"tin":{"type":"ein","value":"591559063"},"service_code":["23"],"billing_class":"professional","payments":[{"allowed_amount":0.00,"billing_code_modifier":[""],"providers":[{"billed_charge":19.00,"npi":[1235541392,1497727895,1871567289]},{"billed_charge":38.00,"npi":[1235541392,1497727895,1871567289]}]},{"allowed_amount":0.00,"billing_code_modifier":[""],"providers":[{"billed_charge":19.00,"npi":[1235541392,1497727895,1871567289]},{"billed_charge":38.00,"npi":[1235541392,1497727895,1871567289]}]}]}]},{"name":"MANUAL THERAPY TQS 1\/> REGIONS EACH 15 MINUTES","billing_code_type":"CPT","billing_code_type_version":"2020","billing_code":"97140","description":"MANUAL THERAPY TQS 1\/> REGIONS EACH 15 MINUTES","allowed_amounts":[{"tin":{"type":"ein","value":"200041221"},"service_code":["11"],"billing_class":"professional","payments":[{"allowed_amount":40.44,"billing_code_modifier":[""],"providers":[{"billed_charge":142.00,"npi":[1841362753]}]}]},{"tin":{"type":"ein","value":"202974619"},"service_code":["11"],"billing_class":"professional","payments":[{"allowed_amount":40.44,"billing_code_modifier":[""],"providers":[{"billed_charge":120.00,"npi":[1316933724,1407905458,1710237300,1962614222]}]}]},{"tin":{"type":"ein","value":"800592511"},"service_code":["11"],"billing_class":"professional","payments":[{"allowed_amount":40.44,"billing_code_modifier":[""],"providers":[{"billed_charge":200.00,"npi":[1205073897,1255924254,1790110518,1992571848]}]}]},{"tin":{"type":"ein","value":"800592511"},"service_code":["11"],"billing_class":"professional","payments":[{"allowed_amount":80.88,"billing_code_modifier":[""],"providers":[{"billed_charge":400.00,"npi":[1205073897,1255924254,1790110518]}]}]}]},{"name":"PSYCHOTHERAPY W\/PATIENT 45 MINUTES","billing_code_type":"CPT","billing_code_type_version":"2020","billing_code":"90834","description":"PSYCHOTHERAPY W\/PATIENT 45 MINUTES","allowed_amounts":[{"tin":{"type":"ein","value":"128541213"},"service_code":["11"],"billing_class":"professional","payments":[{"allowed_amount":154.79,"billing_code_modifier":[""],"providers":[{"billed_charge":225.00,"npi":[1427658483]}]}]},{"tin":{"type":"ein","value":"760799290"},"service_code":["02","10","11"],"billing_class":"professional","payments":[{"allowed_amount":154.79,"billing_code_modifier":[""],"providers":[{"billed_charge":350.00,"npi":[1043382922]}]}]},{"tin":{"type":"ein","value":"800651348"},"service_code":["11"],"billing_class":"professional","payments":[{"allowed_amount":160.00,"billing_code_modifier":[""],"providers":[{"billed_charge":160.00,"npi":[1366097495,1881730513]}]}]}]},{"name":"SBSQ NURSING FACILITY CARE LOW MDM 20 MINUTES","billing_code_type":"CPT","billing_code_type_version":"2020","billing_code":"99308","description":"SBSQ NURSING FACILITY CARE LOW MDM 20 MINUTES","allowed_amounts":[{"tin":{"type":"ein","value":"451299307"},"service_code":["31"],"billing_class":"professional","payments":[{"allowed_amount":98.92,"billing_code_modifier":[""],"providers":[{"billed_charge":299.16,"npi":[1043630254,1124870613,1568809325]}]}]}]},{"name":"THER PX 1\/> AREAS EACH 15 MIN NEUROMUSC REEDUCA","billing_code_type":"CPT","billing_code_type_version":"2020","billing_code":"97112","description":"THER PX 1\/> AREAS EACH 15 MIN NEUROMUSC REEDUCA","allowed_amounts":[{"tin":{"type":"ein","value":"200041221"},"service_code":["11"],"billing_class":"professional","payments":[{"allowed_amount":50.43,"billing_code_modifier":[""],"providers":[{"billed_charge":185.00,"npi":[1841362753]}]}]},{"tin":{"type":"ein","value":"202974619"},"service_code":["11"],"billing_class":"professional","payments":[{"allowed_amount":50.43,"billing_code_modifier":[""],"providers":[{"billed_charge":120.00,"npi":[1316933724,1407905458,1710237300,1962614222]}]}]},{"tin":{"type":"ein","value":"800592511"},"service_code":["11"],"billing_class":"professional","payments":[{"allowed_amount":50.43,"billing_code_modifier":[""],"providers":[{"billed_charge":200.00,"npi":[1255924254,1790110518,1992571848]}]}]},{"tin":{"type":"ein","value":"800592511"},"service_code":["11"],"billing_class":"professional","payments":[{"allowed_amount":100.86,"billing_code_modifier":[""],"providers":[{"billed_charge":400.00,"npi":[1205073897,1255924254,1790110518]}]}]}]},{"name":"THERAPEUT ACTVITY DIRECT PT CONTACT EACH 15 MIN","billing_code_type":"CPT","billing_code_type_version":"2020","billing_code":"97530","description":"THERAPEUT ACTVITY DIRECT PT CONTACT EACH 15 MIN","allowed_amounts":[{"tin":{"type":"ein","value":"202974619"},"service_code":["11"],"billing_class":"professional","payments":[{"allowed_amount":109.86,"billing_code_modifier":[""],"providers":[{"billed_charge":240.00,"npi":[1316933724,1407905458,1710237300,1962614222]}]}]}]},{"name":"THERAPEUTIC PX 1\/> AREAS EACH 15 MIN EXERCISES","billing_code_type":"CPT","billing_code_type_version":"2020","billing_code":"97110","description":"THERAPEUTIC PX 1\/> AREAS EACH 15 MIN EXERCISES","allowed_amounts":[{"tin":{"type":"ein","value":"134200652"},"service_code":["11"],"billing_class":"professional","payments":[{"allowed_amount":43.94,"billing_code_modifier":[""],"providers":[{"billed_charge":51.00,"npi":[1801944657]}]}]},{"tin":{"type":"ein","value":"200041221"},"service_code":["11"],"billing_class":"professional","payments":[{"allowed_amount":43.94,"billing_code_modifier":[""],"providers":[{"billed_charge":175.00,"npi":[1841362753]}]}]},{"tin":{"type":"ein","value":"200480022"},"service_code":["11"],"billing_class":"professional","payments":[{"allowed_amount":43.94,"billing_code_modifier":[""],"providers":[{"billed_charge":180.00,"npi":[1275606642]}]}]},{"tin":{"type":"ein","value":"202974619"},"service_code":["11"],"billing_class":"professional","payments":[{"allowed_amount":43.94,"billing_code_modifier":[""],"providers":[{"billed_charge":120.00,"npi":[1316933724,1407905458,1710237300,1962614222]}]}]},{"tin":{"type":"ein","value":"800592511"},"service_code":["11"],"billing_class":"professional","payments":[{"allowed_amount":43.94,"billing_code_modifier":[""],"providers":[{"billed_charge":200.00,"npi":[1790110518,1992571848]}]}]},{"tin":{"type":"ein","value":"800592511"},"service_code":["11"],"billing_class":"professional","payments":[{"allowed_amount":87.88,"billing_code_modifier":[""],"providers":[{"billed_charge":400.00,"npi":[1205073897,1255924254,1790110518]}]}]}]}]}
