{"reporting_entity_name": "IEC Group_DBA AmeriBen",
	"reporting_entity_type": "Third Party Administrator",
	"plan_name": "PAUL HASTINGS LLP",
	"plan_id_type": "ein",
	"plan_id": "952209675",
	"plan_market_type": "group",
	"last_updated_on": "2023-04-26","Version": "1.0.0","out_of_network":[{"name":"2019-NCOV CORONAVIRUS SARS-COV-2\/COVID-19 ANY T","billing_code_type":"HCPCS","billing_code_type_version":"HCPCS LEVEL II 2021","billing_code":"U0004","description":"2019-NCOV CORONAVIRUS SARS-COV-2\/COVID-19 ANY T","allowed_amounts":[{"tin":{"type":"ein","value":"263844242"},"service_code":["81"],"billing_class":"professional","payments":[{"allowed_amount":225.00,"billing_code_modifier":[""],"providers":[{"billed_charge":513.00,"npi":[1346472859,1922000520]}]}]},{"tin":{"type":"ein","value":"263911659"},"service_code":["81"],"billing_class":"professional","payments":[{"allowed_amount":225.00,"billing_code_modifier":[""],"providers":[{"billed_charge":250.00,"npi":[1366085169,1518554450,1972568962]}]}]},{"tin":{"type":"ein","value":"463342144"},"service_code":["81"],"billing_class":"professional","payments":[{"allowed_amount":225.00,"billing_code_modifier":[""],"providers":[{"billed_charge":350.00,"npi":[1053541581,1417355678,1487815387,1558336008]}]}]},{"tin":{"type":"ein","value":"472429195"},"service_code":["81"],"billing_class":"professional","payments":[{"allowed_amount":225.00,"billing_code_modifier":[""],"providers":[{"billed_charge":300.00,"npi":[1598054710,1619357183]}]}]},{"tin":{"type":"ein","value":"812571646"},"service_code":["81"],"billing_class":"professional","payments":[{"allowed_amount":225.00,"billing_code_modifier":[""],"providers":[{"billed_charge":300.00,"npi":[1467999516,1629579826,1710394358]}]}]},{"tin":{"type":"ein","value":"820888370"},"service_code":["81"],"billing_class":"professional","payments":[{"allowed_amount":225.00,"billing_code_modifier":[""],"providers":[{"billed_charge":250.00,"npi":[1013508498,1487135448]}]}]},{"tin":{"type":"ein","value":"821256541"},"service_code":["81"],"billing_class":"professional","payments":[{"allowed_amount":225.00,"billing_code_modifier":[""],"providers":[{"billed_charge":500.00,"npi":[1952876203]}]}]},{"tin":{"type":"ein","value":"821623492"},"service_code":["81"],"billing_class":"professional","payments":[{"allowed_amount":225.00,"billing_code_modifier":[""],"providers":[{"billed_charge":600.00,"npi":[1114080231,1669990701]}]}]},{"tin":{"type":"ein","value":"831342609"},"service_code":["81"],"billing_class":"professional","payments":[{"allowed_amount":225.00,"billing_code_modifier":[""],"providers":[{"billed_charge":350.00,"npi":[1033301247,1053541581,1073101028,1306211081,1336191980,1356913446,1366425100,1487815387,1619106119,1760622153]}]}]},{"tin":{"type":"ein","value":"861328448"},"service_code":["11"],"billing_class":"professional","payments":[{"allowed_amount":225.00,"billing_code_modifier":[""],"providers":[{"billed_charge":750.00,"npi":[1376128090,1841671476]}]}]}]},{"name":"APPL MODALITY 1\/> AREAS ELEC STIMJ UNATTENDED","billing_code_type":"CPT","billing_code_type_version":"2020","billing_code":"97014","description":"APPL MODALITY 1\/> AREAS ELEC STIMJ UNATTENDED","allowed_amounts":[{"tin":{"type":"ein","value":"274409938"},"service_code":["11"],"billing_class":"professional","payments":[{"allowed_amount":21.85,"billing_code_modifier":[""],"providers":[{"billed_charge":60.00,"npi":[1649590035,1659036457,1861440737]}]}]},{"tin":{"type":"ein","value":"813151511"},"service_code":["11"],"billing_class":"professional","payments":[{"allowed_amount":21.85,"billing_code_modifier":[""],"providers":[{"billed_charge":125.00,"npi":[1003361494,1497194963]}]}]}]},{"name":"COLLECTION VENOUS BLOOD VENIPUNCTURE","billing_code_type":"CPT","billing_code_type_version":"2020","billing_code":"36415","description":"COLLECTION VENOUS BLOOD VENIPUNCTURE","allowed_amounts":[{"tin":{"type":"ein","value":"133773493"},"service_code":["11"],"billing_class":"professional","payments":[{"allowed_amount":9.00,"billing_code_modifier":[""],"providers":[{"billed_charge":50.00,"npi":[1841225521]},{"billed_charge":60.00,"npi":[1497873350,1598775603,1992752885]}]},{"allowed_amount":9.00,"billing_code_modifier":[""],"providers":[{"billed_charge":50.00,"npi":[1841225521]},{"billed_charge":60.00,"npi":[1497873350,1598775603,1992752885]}]}]},{"tin":{"type":"ein","value":"133773493"},"service_code":["11"],"billing_class":"professional","payments":[{"allowed_amount":9.00,"billing_code_modifier":[""],"providers":[{"billed_charge":50.00,"npi":[1841225521]},{"billed_charge":60.00,"npi":[1497873350,1598775603,1992752885]}]},{"allowed_amount":9.00,"billing_code_modifier":[""],"providers":[{"billed_charge":50.00,"npi":[1841225521]},{"billed_charge":60.00,"npi":[1497873350,1598775603,1992752885]}]}]},{"tin":{"type":"ein","value":"274566396"},"service_code":["11"],"billing_class":"professional","payments":[{"allowed_amount":9.00,"billing_code_modifier":[""],"providers":[{"billed_charge":60.00,"npi":[1215075197]}]}]},{"tin":{"type":"ein","value":"472712362"},"service_code":["11"],"billing_class":"professional","payments":[{"allowed_amount":9.00,"billing_code_modifier":[""],"providers":[{"billed_charge":20.00,"npi":[1003917980]}]}]},{"tin":{"type":"ein","value":"521002895"},"service_code":["11"],"billing_class":"professional","payments":[{"allowed_amount":9.00,"billing_code_modifier":[""],"providers":[{"billed_charge":20.00,"npi":[1215000575,1730360363]}]}]},{"tin":{"type":"ein","value":"593776473"},"service_code":["11"],"billing_class":"professional","payments":[{"allowed_amount":9.00,"billing_code_modifier":[""],"providers":[{"billed_charge":13.00,"npi":[1639241771,1760664007]}]}]},{"tin":{"type":"ein","value":"843016042"},"service_code":["81"],"billing_class":"professional","payments":[{"allowed_amount":9.00,"billing_code_modifier":[""],"providers":[{"billed_charge":57.00,"npi":[1033737440,1598315574]}]}]},{"tin":{"type":"ein","value":"874112954"},"service_code":["11"],"billing_class":"professional","payments":[{"allowed_amount":9.00,"billing_code_modifier":[""],"providers":[{"billed_charge":50.00,"npi":[1700925997]}]}]},{"tin":{"type":"ein","value":"881230026"},"service_code":["11"],"billing_class":"professional","payments":[{"allowed_amount":9.00,"billing_code_modifier":[""],"providers":[{"billed_charge":10.00,"npi":[1134214950]}]}]},{"tin":{"type":"ein","value":"953702470"},"service_code":["11"],"billing_class":"professional","payments":[{"allowed_amount":9.00,"billing_code_modifier":[""],"providers":[{"billed_charge":20.00,"npi":[1023223229,1497827448]}]}]},{"tin":{"type":"ein","value":"953793242"},"service_code":["11"],"billing_class":"professional","payments":[{"allowed_amount":9.00,"billing_code_modifier":[""],"providers":[{"billed_charge":15.00,"npi":[1184631251,1285640680,1447262126]}]}]}]},{"name":"IA DET NA;SEV AC RES SYND SARS-COV-2 COVID-19","billing_code_type":"HCPCS","billing_code_type_version":"HCPCS LEVEL II 2021","billing_code":"U0005","description":"IA DET NA;SEV AC RES SYND SARS-COV-2 COVID-19","allowed_amounts":[{"tin":{"type":"ein","value":"030511037"},"service_code":["81"],"billing_class":"professional","payments":[{"allowed_amount":75.00,"billing_code_modifier":[""],"providers":[{"billed_charge":125.00,"npi":[1790234839,1821110453]}]}]},{"tin":{"type":"ein","value":"113630760"},"service_code":["81"],"billing_class":"professional","payments":[{"allowed_amount":75.00,"billing_code_modifier":[""],"providers":[{"billed_charge":101.25,"npi":[1003917980,1255468328]}]}]},{"tin":{"type":"ein","value":"133934292"},"service_code":["81"],"billing_class":"professional","payments":[{"allowed_amount":75.00,"billing_code_modifier":[""],"providers":[{"billed_charge":100.00,"npi":[1134316441,1215053962,1720303902,1942873484]}]}]},{"tin":{"type":"ein","value":"231855452"},"service_code":["81"],"billing_class":"professional","payments":[{"allowed_amount":75.00,"billing_code_modifier":[""],"providers":[{"billed_charge":75.00,"npi":[1346291986,1619017662]}]}]},{"tin":{"type":"ein","value":"263911659"},"service_code":["81"],"billing_class":"professional","payments":[{"allowed_amount":75.00,"billing_code_modifier":[""],"providers":[{"billed_charge":150.00,"npi":[1366085169,1518554450,1972568962]}]}]},{"tin":{"type":"ein","value":"272872791"},"service_code":["11"],"billing_class":"professional","payments":[{"allowed_amount":50.00,"billing_code_modifier":[""],"providers":[{"billed_charge":50.00,"npi":[1043815848,1942254347]}]}]},{"tin":{"type":"ein","value":"273237160"},"service_code":["81"],"billing_class":"professional","payments":[{"allowed_amount":50.00,"billing_code_modifier":[""],"providers":[{"billed_charge":50.00,"npi":[1124316138,1366736977]}]}]},{"tin":{"type":"ein","value":"454333998"},"service_code":["81"],"billing_class":"professional","payments":[{"allowed_amount":75.00,"billing_code_modifier":[""],"providers":[{"billed_charge":75.00,"npi":[1851726731]}]}]},{"tin":{"type":"ein","value":"462303470"},"service_code":["81"],"billing_class":"professional","payments":[{"allowed_amount":50.00,"billing_code_modifier":[""],"providers":[{"billed_charge":50.00,"npi":[1205435989,1376629030]}]}]},{"tin":{"type":"ein","value":"463342144"},"service_code":["81"],"billing_class":"professional","payments":[{"allowed_amount":75.00,"billing_code_modifier":[""],"providers":[{"billed_charge":100.00,"npi":[1053541581,1417355678,1487815387,1558336008]}]}]},{"tin":{"type":"ein","value":"471431584"},"service_code":["81"],"billing_class":"professional","payments":[{"allowed_amount":50.00,"billing_code_modifier":[""],"providers":[{"billed_charge":50.00,"npi":[1477590644,1568839173]}]}]},{"tin":{"type":"ein","value":"472429195"},"service_code":["81"],"billing_class":"professional","payments":[{"allowed_amount":75.00,"billing_code_modifier":[""],"providers":[{"billed_charge":300.00,"npi":[1598054710,1619357183]}]}]},{"tin":{"type":"ein","value":"472462178"},"service_code":["81"],"billing_class":"professional","payments":[{"allowed_amount":50.00,"billing_code_modifier":[""],"providers":[{"billed_charge":50.00,"npi":[1114183555,1144731605,1174824726,1508484569,1639311509,1962018374]}]}]},{"tin":{"type":"ein","value":"474777175"},"service_code":["81"],"billing_class":"professional","payments":[{"allowed_amount":75.00,"billing_code_modifier":[""],"providers":[{"billed_charge":95.00,"npi":[1205410933,1497015085,1801292925]}]}]},{"tin":{"type":"ein","value":"812571646"},"service_code":["81"],"billing_class":"professional","payments":[{"allowed_amount":75.00,"billing_code_modifier":[""],"providers":[{"billed_charge":100.00,"npi":[1467999516,1629579826,1710394358]}]}]},{"tin":{"type":"ein","value":"813627104"},"service_code":["81"],"billing_class":"professional","payments":[{"allowed_amount":75.00,"billing_code_modifier":[""],"providers":[{"billed_charge":150.00,"npi":[1093801854,1427658848]}]}]},{"tin":{"type":"ein","value":"821256541"},"service_code":["81"],"billing_class":"professional","payments":[{"allowed_amount":75.00,"billing_code_modifier":[""],"providers":[{"billed_charge":100.00,"npi":[1952876203]}]}]},{"tin":{"type":"ein","value":"823438908"},"service_code":["11"],"billing_class":"professional","payments":[{"allowed_amount":75.00,"billing_code_modifier":[""],"providers":[{"billed_charge":75.00,"npi":[1023360542,1114431087]}]}]},{"tin":{"type":"ein","value":"831342609"},"service_code":["81"],"billing_class":"professional","payments":[{"allowed_amount":75.00,"billing_code_modifier":[""],"providers":[{"billed_charge":100.00,"npi":[1033301247,1053541581,1073101028,1306211081,1336191980,1356913446,1366425100,1487815387,1619106119,1760622153]}]}]},{"tin":{"type":"ein","value":"831929928"},"service_code":["81"],"billing_class":"professional","payments":[{"allowed_amount":50.00,"billing_code_modifier":[""],"providers":[{"billed_charge":50.00,"npi":[1336871607,1659675320,1902480296]}]}]},{"tin":{"type":"ein","value":"843016042"},"service_code":["81"],"billing_class":"professional","payments":[{"allowed_amount":75.00,"billing_code_modifier":[""],"providers":[{"billed_charge":100.00,"npi":[1033123930,1598315574]}]}]},{"tin":{"type":"ein","value":"852766187"},"service_code":["81"],"billing_class":"professional","payments":[{"allowed_amount":50.00,"billing_code_modifier":[""],"providers":[{"billed_charge":50.00,"npi":[1124153101,1255946869]}]}]},{"tin":{"type":"ein","value":"853312450"},"service_code":["81"],"billing_class":"professional","payments":[{"allowed_amount":75.00,"billing_code_modifier":[""],"providers":[{"billed_charge":150.00,"npi":[1033701701,1073629069,1902480296]}]}]},{"tin":{"type":"ein","value":"861328448"},"service_code":["11"],"billing_class":"professional","payments":[{"allowed_amount":75.00,"billing_code_modifier":[""],"providers":[{"billed_charge":600.00,"npi":[1376128090,1841671476]}]}]},{"tin":{"type":"ein","value":"861826385"},"service_code":["81"],"billing_class":"professional","payments":[{"allowed_amount":75.00,"billing_code_modifier":[""],"providers":[{"billed_charge":100.00,"npi":[1346914843]}]}]},{"tin":{"type":"ein","value":"874022290"},"service_code":["81"],"billing_class":"professional","payments":[{"allowed_amount":75.00,"billing_code_modifier":[""],"providers":[{"billed_charge":100.00,"npi":[1770236127,1780620997]}]}]}]},{"name":"INF AGT DET DNA\/RNA;SARS-COV-2 COVID-19 AMP P T","billing_code_type":"HCPCS","billing_code_type_version":"HCPCS LEVEL II 2021","billing_code":"U0003","description":"INF AGT DET DNA\/RNA;SARS-COV-2 COVID-19 AMP P T","allowed_amounts":[{"tin":{"type":"ein","value":"030511037"},"service_code":["81"],"billing_class":"professional","payments":[{"allowed_amount":225.00,"billing_code_modifier":[""],"providers":[{"billed_charge":375.00,"npi":[1790234839,1821110453]}]}]},{"tin":{"type":"ein","value":"113630760"},"service_code":["81"],"billing_class":"professional","payments":[{"allowed_amount":225.00,"billing_code_modifier":[""],"providers":[{"billed_charge":303.75,"npi":[1003917980,1255468328]}]}]},{"tin":{"type":"ein","value":"133934292"},"service_code":["81"],"billing_class":"professional","payments":[{"allowed_amount":225.00,"billing_code_modifier":[""],"providers":[{"billed_charge":300.00,"npi":[1134316441,1215053962,1720303902,1942873484]}]}]},{"tin":{"type":"ein","value":"231855452"},"service_code":["81"],"billing_class":"professional","payments":[{"allowed_amount":225.00,"billing_code_modifier":[""],"providers":[{"billed_charge":312.00,"npi":[1346291986,1619017662]}]}]},{"tin":{"type":"ein","value":"272872791"},"service_code":["11"],"billing_class":"professional","payments":[{"allowed_amount":200.00,"billing_code_modifier":[""],"providers":[{"billed_charge":200.00,"npi":[1043815848,1942254347]}]}]},{"tin":{"type":"ein","value":"273237160"},"service_code":["81"],"billing_class":"professional","payments":[{"allowed_amount":225.00,"billing_code_modifier":[""],"providers":[{"billed_charge":250.00,"npi":[1124316138,1366736977]}]}]},{"tin":{"type":"ein","value":"454333998"},"service_code":["81"],"billing_class":"professional","payments":[{"allowed_amount":225.00,"billing_code_modifier":[""],"providers":[{"billed_charge":300.00,"npi":[1851726731]}]}]},{"tin":{"type":"ein","value":"472462178"},"service_code":["81"],"billing_class":"professional","payments":[{"allowed_amount":225.00,"billing_code_modifier":[""],"providers":[{"billed_charge":250.00,"npi":[1114183555,1144731605,1174824726,1508484569,1639311509,1962018374]}]}]},{"tin":{"type":"ein","value":"474777175"},"service_code":["81"],"billing_class":"professional","payments":[{"allowed_amount":225.00,"billing_code_modifier":[""],"providers":[{"billed_charge":275.00,"npi":[1205410933,1497015085]},{"billed_charge":295.00,"npi":[1205410933,1497015085,1801292925]}]},{"allowed_amount":225.00,"billing_code_modifier":[""],"providers":[{"billed_charge":275.00,"npi":[1205410933,1497015085]},{"billed_charge":295.00,"npi":[1205410933,1497015085,1801292925]}]}]},{"tin":{"type":"ein","value":"474777175"},"service_code":["81"],"billing_class":"professional","payments":[{"allowed_amount":225.00,"billing_code_modifier":[""],"providers":[{"billed_charge":275.00,"npi":[1205410933,1497015085]},{"billed_charge":295.00,"npi":[1205410933,1497015085,1801292925]}]},{"allowed_amount":225.00,"billing_code_modifier":[""],"providers":[{"billed_charge":275.00,"npi":[1205410933,1497015085]},{"billed_charge":295.00,"npi":[1205410933,1497015085,1801292925]}]}]},{"tin":{"type":"ein","value":"813627104"},"service_code":["81"],"billing_class":"professional","payments":[{"allowed_amount":225.00,"billing_code_modifier":[""],"providers":[{"billed_charge":300.00,"npi":[1093801854,1427658848]}]}]},{"tin":{"type":"ein","value":"823438908"},"service_code":["11"],"billing_class":"professional","payments":[{"allowed_amount":225.00,"billing_code_modifier":[""],"providers":[{"billed_charge":300.00,"npi":[1023360542,1114431087]}]}]},{"tin":{"type":"ein","value":"843016042"},"service_code":["81"],"billing_class":"professional","payments":[{"allowed_amount":225.00,"billing_code_modifier":[""],"providers":[{"billed_charge":250.00,"npi":[1033123930,1598315574]}]}]},{"tin":{"type":"ein","value":"845176341"},"service_code":["81"],"billing_class":"professional","payments":[{"allowed_amount":200.00,"billing_code_modifier":[""],"providers":[{"billed_charge":200.00,"npi":[1083237374]}]}]},{"tin":{"type":"ein","value":"853312450"},"service_code":["81"],"billing_class":"professional","payments":[{"allowed_amount":225.00,"billing_code_modifier":[""],"providers":[{"billed_charge":250.00,"npi":[1033701701,1073629069,1902480296]}]}]},{"tin":{"type":"ein","value":"861826385"},"service_code":["81"],"billing_class":"professional","payments":[{"allowed_amount":225.00,"billing_code_modifier":[""],"providers":[{"billed_charge":300.00,"npi":[1346914843]}]}]}]},{"name":"MANUAL THERAPY TQS 1\/> REGIONS EACH 15 MINUTES","billing_code_type":"CPT","billing_code_type_version":"2020","billing_code":"97140","description":"MANUAL THERAPY TQS 1\/> REGIONS EACH 15 MINUTES","allowed_amounts":[{"tin":{"type":"ein","value":"202775993"},"service_code":["11"],"billing_class":"professional","payments":[{"allowed_amount":95.00,"billing_code_modifier":[""],"providers":[{"billed_charge":95.00,"npi":[1063454577,1184021529,1720051006,1790457448,1861633695,1982293494]}]}]},{"tin":{"type":"ein","value":"274409938"},"service_code":["11"],"billing_class":"professional","payments":[{"allowed_amount":89.73,"billing_code_modifier":[""],"providers":[{"billed_charge":115.00,"npi":[1649590035,1659036457,1861440737]}]}]},{"tin":{"type":"ein","value":"813151511"},"service_code":["11"],"billing_class":"professional","payments":[{"allowed_amount":89.73,"billing_code_modifier":[""],"providers":[{"billed_charge":100.00,"npi":[1003361494,1497194963]}]}]}]},{"name":"OFFICE\/OUTPATIENT ESTABLISHED LOW MDM 20-29 MIN","billing_code_type":"CPT","billing_code_type_version":"2020","billing_code":"99213","description":"OFFICE\/OUTPATIENT ESTABLISHED LOW MDM 20-29 MIN","allowed_amounts":[{"tin":{"type":"ein","value":"421595196"},"service_code":["11","22"],"billing_class":"professional","payments":[{"allowed_amount":190.00,"billing_code_modifier":[""],"providers":[{"billed_charge":190.00,"npi":[1770683369]}]}]},{"tin":{"type":"ein","value":"954716872"},"service_code":["11"],"billing_class":"professional","payments":[{"allowed_amount":190.00,"billing_code_modifier":[""],"providers":[{"billed_charge":190.00,"npi":[1740358464]}]}]},{"tin":{"type":"ein","value":"999999999"},"service_code":["11","22"],"billing_class":"professional","payments":[{"allowed_amount":190.00,"billing_code_modifier":[""],"providers":[{"billed_charge":190.00,"npi":[1770683369]}]}]}]},{"name":"OFFICE\/OUTPATIENT ESTABLISHED MOD MDM 30-39 MIN","billing_code_type":"CPT","billing_code_type_version":"2020","billing_code":"99214","description":"OFFICE\/OUTPATIENT ESTABLISHED MOD MDM 30-39 MIN","allowed_amounts":[{"tin":{"type":"ein","value":"264299781"},"service_code":["11"],"billing_class":"professional","payments":[{"allowed_amount":210.00,"billing_code_modifier":[""],"providers":[{"billed_charge":210.00,"npi":[1851562318,1982921508]}]}]}]},{"name":"PSYCHOTHERAPY W\/PATIENT 45 MINUTES","billing_code_type":"CPT","billing_code_type_version":"2020","billing_code":"90834","description":"PSYCHOTHERAPY W\/PATIENT 45 MINUTES","allowed_amounts":[{"tin":{"type":"ein","value":"200320997"},"service_code":["10"],"billing_class":"professional","payments":[{"allowed_amount":210.00,"billing_code_modifier":[""],"providers":[{"billed_charge":210.00,"npi":[1821344565,1942655980]}]}]},{"tin":{"type":"ein","value":"225783202"},"service_code":["02","11"],"billing_class":"professional","payments":[{"allowed_amount":250.00,"billing_code_modifier":[""],"providers":[{"billed_charge":250.00,"npi":[1033243308]}]}]},{"tin":{"type":"ein","value":"260451792"},"service_code":["11"],"billing_class":"professional","payments":[{"allowed_amount":300.00,"billing_code_modifier":[""],"providers":[{"billed_charge":300.00,"npi":[1275721185]}]}]},{"tin":{"type":"ein","value":"301130652"},"service_code":["02"],"billing_class":"professional","payments":[{"allowed_amount":250.00,"billing_code_modifier":[""],"providers":[{"billed_charge":250.00,"npi":[1104392604,1548280563]}]}]},{"tin":{"type":"ein","value":"464447667"},"service_code":["02","11"],"billing_class":"professional","payments":[{"allowed_amount":300.00,"billing_code_modifier":[""],"providers":[{"billed_charge":300.00,"npi":[1629295068,1821455213]}]}]},{"tin":{"type":"ein","value":"650607460"},"service_code":["02"],"billing_class":"professional","payments":[{"allowed_amount":275.00,"billing_code_modifier":[""],"providers":[{"billed_charge":275.00,"npi":[1194813477,1558481663]}]}]},{"tin":{"type":"ein","value":"815204468"},"service_code":["02"],"billing_class":"professional","payments":[{"allowed_amount":250.00,"billing_code_modifier":[""],"providers":[{"billed_charge":250.00,"npi":[1033645270,1306477559]}]}]},{"tin":{"type":"ein","value":"830896430"},"service_code":["10"],"billing_class":"professional","payments":[{"allowed_amount":275.00,"billing_code_modifier":[""],"providers":[{"billed_charge":275.00,"npi":[1063998102,1710262548]}]}]},{"tin":{"type":"ein","value":"831318835"},"service_code":["02"],"billing_class":"professional","payments":[{"allowed_amount":190.00,"billing_code_modifier":[""],"providers":[{"billed_charge":190.00,"npi":[1508330440,1750769030]}]}]},{"tin":{"type":"ein","value":"833738969"},"service_code":["11"],"billing_class":"professional","payments":[{"allowed_amount":275.00,"billing_code_modifier":[""],"providers":[{"billed_charge":275.00,"npi":[1275957094]}]}]},{"tin":{"type":"ein","value":"853777091"},"service_code":["02"],"billing_class":"professional","payments":[{"allowed_amount":275.00,"billing_code_modifier":[""],"providers":[{"billed_charge":275.00,"npi":[1205315892,1407442809]}]}]},{"tin":{"type":"ein","value":"871113726"},"service_code":["02"],"billing_class":"professional","payments":[{"allowed_amount":275.00,"billing_code_modifier":[""],"providers":[{"billed_charge":275.00,"npi":[1053588053]}]}]},{"tin":{"type":"ein","value":"873134337"},"service_code":["11"],"billing_class":"professional","payments":[{"allowed_amount":250.00,"billing_code_modifier":[""],"providers":[{"billed_charge":250.00,"npi":[1942841481]}]}]}]},{"name":"PSYCHOTHERAPY W\/PATIENT 60 MINUTES","billing_code_type":"CPT","billing_code_type_version":"2020","billing_code":"90837","description":"PSYCHOTHERAPY W\/PATIENT 60 MINUTES","allowed_amounts":[{"tin":{"type":"ein","value":"200000969"},"service_code":["02"],"billing_class":"professional","payments":[{"allowed_amount":400.00,"billing_code_modifier":[""],"providers":[{"billed_charge":400.00,"npi":[1538364633,1609306125]}]}]},{"tin":{"type":"ein","value":"521136447"},"service_code":["22"],"billing_class":"professional","payments":[{"allowed_amount":400.00,"billing_code_modifier":[""],"providers":[{"billed_charge":400.00,"npi":[1518054253]}]}]},{"tin":{"type":"ein","value":"812300277"},"service_code":["02","11"],"billing_class":"professional","payments":[{"allowed_amount":195.00,"billing_code_modifier":[""],"providers":[{"billed_charge":195.00,"npi":[1932238763]}]}]}]},{"name":"PSYCHOTHERAPY W\/PATIENT W\/E&M SRVCS 30 MIN","billing_code_type":"CPT","billing_code_type_version":"2020","billing_code":"90833","description":"PSYCHOTHERAPY W\/PATIENT W\/E&M SRVCS 30 MIN","allowed_amounts":[{"tin":{"type":"ein","value":"421595196"},"service_code":["11","22"],"billing_class":"professional","payments":[{"allowed_amount":185.00,"billing_code_modifier":[""],"providers":[{"billed_charge":185.00,"npi":[1770683369]}]}]},{"tin":{"type":"ein","value":"999999999"},"service_code":["11","22"],"billing_class":"professional","payments":[{"allowed_amount":185.00,"billing_code_modifier":[""],"providers":[{"billed_charge":185.00,"npi":[1770683369]}]}]}]},{"name":"SPEC CLCT FOR SARS-COV-2 COVID-19 ANY SPEC SRC","billing_code_type":"HCPCS","billing_code_type_version":"HCPCS LEVEL II 2021","billing_code":"G2023","description":"SPEC CLCT FOR SARS-COV-2 COVID-19 ANY SPEC SRC","allowed_amounts":[{"tin":{"type":"ein","value":"030511037"},"service_code":["81"],"billing_class":"professional","payments":[{"allowed_amount":70.38,"billing_code_modifier":[""],"providers":[{"billed_charge":117.00,"npi":[1790234839,1821110453]}]}]},{"tin":{"type":"ein","value":"133934292"},"service_code":["81"],"billing_class":"professional","payments":[{"allowed_amount":50.00,"billing_code_modifier":[""],"providers":[{"billed_charge":50.00,"npi":[1134316441,1215053962,1720303902,1942873484]}]}]},{"tin":{"type":"ein","value":"262904042"},"service_code":["11"],"billing_class":"professional","payments":[{"allowed_amount":70.38,"billing_code_modifier":[""],"providers":[{"billed_charge":85.00,"npi":[1669618559,1770773830]}]}]},{"tin":{"type":"ein","value":"454333998"},"service_code":["81"],"billing_class":"professional","payments":[{"allowed_amount":70.38,"billing_code_modifier":[""],"providers":[{"billed_charge":70.38,"npi":[1851726731]}]}]},{"tin":{"type":"ein","value":"462303470"},"service_code":["81"],"billing_class":"professional","payments":[{"allowed_amount":50.00,"billing_code_modifier":[""],"providers":[{"billed_charge":50.00,"npi":[1205435989,1376629030]}]}]},{"tin":{"type":"ein","value":"463342144"},"service_code":["81"],"billing_class":"professional","payments":[{"allowed_amount":50.00,"billing_code_modifier":[""],"providers":[{"billed_charge":50.00,"npi":[1053541581,1417355678,1487815387,1558336008]}]}]},{"tin":{"type":"ein","value":"471431584"},"service_code":["81"],"billing_class":"professional","payments":[{"allowed_amount":70.38,"billing_code_modifier":[""],"providers":[{"billed_charge":250.00,"npi":[1477590644,1568839173]}]}]},{"tin":{"type":"ein","value":"472429195"},"service_code":["81"],"billing_class":"professional","payments":[{"allowed_amount":70.38,"billing_code_modifier":[""],"providers":[{"billed_charge":150.00,"npi":[1598054710,1619357183]}]}]},{"tin":{"type":"ein","value":"474777175"},"service_code":["20","81"],"billing_class":"professional","payments":[{"allowed_amount":70.38,"billing_code_modifier":[""],"providers":[{"billed_charge":150.00,"npi":[1205410933,1497015085,1508881574,1801292925,1861845802]}]}]},{"tin":{"type":"ein","value":"812571646"},"service_code":["81"],"billing_class":"professional","payments":[{"allowed_amount":70.38,"billing_code_modifier":[""],"providers":[{"billed_charge":75.00,"npi":[1467999516,1629579826,1710394358]}]}]},{"tin":{"type":"ein","value":"813627104"},"service_code":["12","81"],"billing_class":"professional","payments":[{"allowed_amount":70.38,"billing_code_modifier":[""],"providers":[{"billed_charge":75.00,"npi":[1093801854,1427658848]}]}]},{"tin":{"type":"ein","value":"820888370"},"service_code":["81"],"billing_class":"professional","payments":[{"allowed_amount":70.38,"billing_code_modifier":[""],"providers":[{"billed_charge":70.38,"npi":[1013508498,1487135448]}]}]},{"tin":{"type":"ein","value":"821623492"},"service_code":["81"],"billing_class":"professional","payments":[{"allowed_amount":70.38,"billing_code_modifier":[""],"providers":[{"billed_charge":100.00,"npi":[1114080231,1669990701]}]}]},{"tin":{"type":"ein","value":"831136751"},"service_code":["81"],"billing_class":"professional","payments":[{"allowed_amount":50.00,"billing_code_modifier":[""],"providers":[{"billed_charge":50.00,"npi":[1023586260,1942495460]}]}]},{"tin":{"type":"ein","value":"831342609"},"service_code":["81"],"billing_class":"professional","payments":[{"allowed_amount":50.00,"billing_code_modifier":[""],"providers":[{"billed_charge":50.00,"npi":[1033301247,1053541581,1073101028,1306211081,1336191980,1356913446,1366425100,1487815387,1619106119,1760622153]}]}]},{"tin":{"type":"ein","value":"831929928"},"service_code":["11"],"billing_class":"professional","payments":[{"allowed_amount":50.00,"billing_code_modifier":[""],"providers":[{"billed_charge":50.00,"npi":[1336871607,1659675320]}]}]},{"tin":{"type":"ein","value":"851729048"},"service_code":["11"],"billing_class":"professional","payments":[{"allowed_amount":70.38,"billing_code_modifier":[""],"providers":[{"billed_charge":80.00,"npi":[1750970109,1952400715]}]}]},{"tin":{"type":"ein","value":"861287804"},"service_code":["11"],"billing_class":"professional","payments":[{"allowed_amount":70.38,"billing_code_modifier":[""],"providers":[{"billed_charge":75.00,"npi":[1336191980,1952067027]}]}]},{"tin":{"type":"ein","value":"861328448"},"service_code":["11"],"billing_class":"professional","payments":[{"allowed_amount":70.38,"billing_code_modifier":[""],"providers":[{"billed_charge":150.00,"npi":[1376128090,1841671476]}]}]},{"tin":{"type":"ein","value":"874022290"},"service_code":["81"],"billing_class":"professional","payments":[{"allowed_amount":70.38,"billing_code_modifier":[""],"providers":[{"billed_charge":100.00,"npi":[1770236127,1780620997]}]}]}]},{"name":"THER PX 1\/> AREAS EACH 15 MIN NEUROMUSC REEDUCA","billing_code_type":"CPT","billing_code_type_version":"2020","billing_code":"97112","description":"THER PX 1\/> AREAS EACH 15 MIN NEUROMUSC REEDUCA","allowed_amounts":[{"tin":{"type":"ein","value":"202775993"},"service_code":["11"],"billing_class":"professional","payments":[{"allowed_amount":97.00,"billing_code_modifier":[""],"providers":[{"billed_charge":97.00,"npi":[1063454577,1184021529,1720051006,1790457448,1861633695,1982293494]}]}]},{"tin":{"type":"ein","value":"274409938"},"service_code":["11"],"billing_class":"professional","payments":[{"allowed_amount":113.88,"billing_code_modifier":[""],"providers":[{"billed_charge":125.00,"npi":[1649590035,1659036457,1861440737]}]}]},{"tin":{"type":"ein","value":"453856022"},"service_code":["11"],"billing_class":"professional","payments":[{"allowed_amount":113.88,"billing_code_modifier":[""],"providers":[{"billed_charge":125.00,"npi":[1881839884]}]}]},{"tin":{"type":"ein","value":"813151511"},"service_code":["11"],"billing_class":"professional","payments":[{"allowed_amount":113.88,"billing_code_modifier":[""],"providers":[{"billed_charge":125.00,"npi":[1003361494,1497194963]}]}]}]},{"name":"THERAPEUTIC PX 1\/> AREAS EACH 15 MIN EXERCISES","billing_code_type":"CPT","billing_code_type_version":"2020","billing_code":"97110","description":"THERAPEUTIC PX 1\/> AREAS EACH 15 MIN EXERCISES","allowed_amounts":[{"tin":{"type":"ein","value":"133946940"},"service_code":["11"],"billing_class":"professional","payments":[{"allowed_amount":207.00,"billing_code_modifier":[""],"providers":[{"billed_charge":260.00,"npi":[1164485637,1235174228,1568701399]}]}]},{"tin":{"type":"ein","value":"134119584"},"service_code":["11"],"billing_class":"professional","payments":[{"allowed_amount":207.00,"billing_code_modifier":[""],"providers":[{"billed_charge":420.00,"npi":[1558380733,1790251148]}]}]},{"tin":{"type":"ein","value":"202775993"},"service_code":["11"],"billing_class":"professional","payments":[{"allowed_amount":291.00,"billing_code_modifier":[""],"providers":[{"billed_charge":291.00,"npi":[1063454577,1184021529,1720051006,1982293494]}]}]},{"tin":{"type":"ein","value":"453856022"},"service_code":["11"],"billing_class":"professional","payments":[{"allowed_amount":97.83,"billing_code_modifier":[""],"providers":[{"billed_charge":125.00,"npi":[1881839884]}]}]},{"tin":{"type":"ein","value":"813151511"},"service_code":["11"],"billing_class":"professional","payments":[{"allowed_amount":97.83,"billing_code_modifier":[""],"providers":[{"billed_charge":125.00,"npi":[1003361494,1497194963]}]}]}]}]}
