{"reporting_entity_name": "IEC Group_DBA AmeriBen",
	"reporting_entity_type": "Third Party Administrator",
	"plan_name": "BATTELLE MEMORIAL INSTITUTE",
	"plan_id_type": "ein",
	"plan_id": "314379427",
	"plan_market_type": "group",
	"last_updated_on": "2023-02-01","Version": "1.0.0","out_of_network":[{"name":"2019-NCOV CORONAVIRUS SARS-COV-2\/COVID-19 ANY T","billing_code_type":"HCPCS","billing_code_type_version":"HCPCS LEVEL II 2021","billing_code":"U0004","description":"2019-NCOV CORONAVIRUS SARS-COV-2\/COVID-19 ANY T","allowed_amounts":[{"tin":{"type":"ein","value":"831342609"},"service_code":["81"],"billing_class":"professional","payments":[{"allowed_amount":350.00,"billing_code_modifier":[""],"providers":[{"billed_charge":350.00,"npi":[1053541581,1073101028,1356913446,1487815387]}]}]}]},{"name":"ANTIBODY SCREEN RBC EACH SERUM TECHNIQUE","billing_code_type":"CPT","billing_code_type_version":"2020","billing_code":"86850","description":"ANTIBODY SCREEN RBC EACH SERUM TECHNIQUE","allowed_amounts":[{"tin":{"type":"ein","value":"454772236"},"service_code":["21","22","23"],"billing_class":"professional","payments":[{"allowed_amount":0.00,"billing_code_modifier":[""],"providers":[{"billed_charge":10.00,"npi":[1063470037,1073752085,1073821740,1104839760,1164740403,1174752182,1205279809,1225244379,1255302972,1285747873,1306825021,1316472707,1336317015,1366797037,1376556928,1376832964,1427224575,1447423934,1487946489,1528098928,1588000483,1619105004,1619229168,1639149966,1659351344,1699196139,1730202664,1730285594,1740486364,1740523158,1750399275,1801988878,1861532756,1891051314]}]}]}]},{"name":"ASSAY OF LACTATE","billing_code_type":"CPT","billing_code_type_version":"2020","billing_code":"83605","description":"ASSAY OF LACTATE","allowed_amounts":[{"tin":{"type":"ein","value":"454772236"},"service_code":["21","23"],"billing_class":"professional","payments":[{"allowed_amount":0.00,"billing_code_modifier":[""],"providers":[{"billed_charge":20.00,"npi":[1023423704,1033324900,1083092621,1245495340,1255724274,1619229168,1659351344,1730202664,1871533018,1922049444]}]}]}]},{"name":"ASSAY OF LIPASE","billing_code_type":"CPT","billing_code_type_version":"2020","billing_code":"83690","description":"ASSAY OF LIPASE","allowed_amounts":[{"tin":{"type":"ein","value":"454772236"},"service_code":["21","23"],"billing_class":"professional","payments":[{"allowed_amount":0.00,"billing_code_modifier":[""],"providers":[{"billed_charge":10.00,"npi":[1003887720,1023423704,1033324900,1083092621,1124680095,1134414378,1255724274,1487946489,1548612153,1568877215,1619229168,1639149966,1649567157,1659351344,1750648390,1760412373,1790287811,1790894400,1851602056]}]}]}]},{"name":"ASSAY OF MAGNESIUM","billing_code_type":"CPT","billing_code_type_version":"2020","billing_code":"83735","description":"ASSAY OF MAGNESIUM","allowed_amounts":[{"tin":{"type":"ein","value":"454772236"},"service_code":["21","22","23"],"billing_class":"professional","payments":[{"allowed_amount":0.00,"billing_code_modifier":[""],"providers":[{"billed_charge":10.00,"npi":[1023423704,1043464373,1053772798,1245495340,1285939918,1578950093,1619229168,1659351344,1679987135,1790894400,1851602056,1881004521]}]}]}]},{"name":"ASSAY OF PHOSPHORUS INORGANIC","billing_code_type":"CPT","billing_code_type_version":"2020","billing_code":"84100","description":"ASSAY OF PHOSPHORUS INORGANIC","allowed_amounts":[{"tin":{"type":"ein","value":"454772236"},"service_code":["21","22"],"billing_class":"professional","payments":[{"allowed_amount":0.00,"billing_code_modifier":[""],"providers":[{"billed_charge":10.00,"npi":[1023423704,1043464373,1245495340,1285939918,1578950093,1619229168,1659351344,1679987135,1790894400]}]}]}]},{"name":"ASSAY OF THYROID STIMULATING HORMONE TSH","billing_code_type":"CPT","billing_code_type_version":"2020","billing_code":"84443","description":"ASSAY OF THYROID STIMULATING HORMONE TSH","allowed_amounts":[{"tin":{"type":"ein","value":"454772236"},"service_code":["22","23"],"billing_class":"professional","payments":[{"allowed_amount":0.00,"billing_code_modifier":[""],"providers":[{"billed_charge":20.00,"npi":[1033324900,1114378684,1124680095,1144615857,1619229168,1649567157,1659351344,1750724308,1790287811]}]}]}]},{"name":"ASSAY OF TRIGLYCERIDES","billing_code_type":"CPT","billing_code_type_version":"2020","billing_code":"84478","description":"ASSAY OF TRIGLYCERIDES","allowed_amounts":[{"tin":{"type":"ein","value":"454772236"},"service_code":["21","22"],"billing_class":"professional","payments":[{"allowed_amount":0.00,"billing_code_modifier":[""],"providers":[{"billed_charge":10.00,"npi":[1023423704,1043464373,1619229168,1659351344]}]}]}]},{"name":"ASSAY OF TROPONIN QUANTITATIVE","billing_code_type":"CPT","billing_code_type_version":"2020","billing_code":"84484","description":"ASSAY OF TROPONIN QUANTITATIVE","allowed_amounts":[{"tin":{"type":"ein","value":"454772236"},"service_code":["21","23"],"billing_class":"professional","payments":[{"allowed_amount":0.00,"billing_code_modifier":[""],"providers":[{"billed_charge":20.00,"npi":[1124680095,1134414378,1144615857,1255724274,1477842268,1578950093,1619229168,1639149966,1649567157,1659351344,1750648390,1750724308,1790287811]}]}]}]},{"name":"BASIC METABOLIC PANEL CALCIUM TOTAL","billing_code_type":"CPT","billing_code_type_version":"2020","billing_code":"80048","description":"BASIC METABOLIC PANEL CALCIUM TOTAL","allowed_amounts":[{"tin":{"type":"ein","value":"454772236"},"service_code":["21","22","23"],"billing_class":"professional","payments":[{"allowed_amount":0.00,"billing_code_modifier":[""],"providers":[{"billed_charge":10.00,"npi":[1023423704,1053772798,1265441646,1285747873,1487946489,1518053966,1578950093,1619229168,1659309797,1659351344,1679987135,1710954375,1740399492,1750399275,1790894400,1790951531,1851602056,1861620627,1881004521,1891051314,1952572174]}]}]}]},{"name":"BILIRUBIN DIRECT","billing_code_type":"CPT","billing_code_type_version":"2020","billing_code":"82248","description":"BILIRUBIN DIRECT","allowed_amounts":[{"tin":{"type":"ein","value":"454772236"},"service_code":["21","22"],"billing_class":"professional","payments":[{"allowed_amount":0.00,"billing_code_modifier":[""],"providers":[{"billed_charge":10.00,"npi":[1356658959,1619229168,1629336169,1659351344,1699114553,1720055619]}]}]}]},{"name":"BILIRUBIN TOTAL","billing_code_type":"CPT","billing_code_type_version":"2020","billing_code":"82247","description":"BILIRUBIN TOTAL","allowed_amounts":[{"tin":{"type":"ein","value":"454772236"},"service_code":["21","22"],"billing_class":"professional","payments":[{"allowed_amount":0.00,"billing_code_modifier":[""],"providers":[{"billed_charge":10.00,"npi":[1093372658,1275731937,1356658959,1457527483,1619229168,1629336169,1659351344,1699114553,1720055619,1780052332]}]}]}]},{"name":"BLOOD COUNT COMPLETE AUTO&AUTO DIFRNTL WBC","billing_code_type":"CPT","billing_code_type_version":"2020","billing_code":"85025","description":"BLOOD COUNT COMPLETE AUTO&AUTO DIFRNTL WBC","allowed_amounts":[{"tin":{"type":"ein","value":"454772236"},"service_code":["21","22","23"],"billing_class":"professional","payments":[{"allowed_amount":0.00,"billing_code_modifier":[""],"providers":[{"billed_charge":10.00,"npi":[1003887720,1023423704,1033324900,1043464373,1043491293,1053772798,1073040242,1083092621,1093970329,1114378684,1124680095,1134414378,1144615857,1205279809,1225244379,1245495340,1255302972,1255724274,1285747873,1285939918,1427224575,1477842268,1487946489,1508018110,1548612153,1568877215,1578950093,1619061389,1619229168,1629336169,1639149966,1649567157,1659309797,1659351344,1679987135,1710954375,1730202664,1750648390,1750724308,1760412373,1770849309,1790287811,1790894400,1790951531,1851602056,1861532756,1871533018,1881004521,1891051314,1912552555,1922049444,1932237286,1952572174]}]}]}]},{"name":"BLOOD COUNT COMPLETE AUTOMATED","billing_code_type":"CPT","billing_code_type_version":"2020","billing_code":"85027","description":"BLOOD COUNT COMPLETE AUTOMATED","allowed_amounts":[{"tin":{"type":"ein","value":"454772236"},"service_code":["21","22"],"billing_class":"professional","payments":[{"allowed_amount":0.00,"billing_code_modifier":[""],"providers":[{"billed_charge":10.00,"npi":[1053772798,1073752085,1205279809,1225244379,1255302972,1265441646,1285747873,1376556928,1427224575,1447264841,1487946489,1619229168,1659351344,1679987135,1699196139,1710954375,1730202664,1750399275,1861620627,1891051314,1932237286,1952572174]}]}]}]},{"name":"BLOOD TYPING SEROLOGIC ABO","billing_code_type":"CPT","billing_code_type_version":"2020","billing_code":"86900","description":"BLOOD TYPING SEROLOGIC ABO","allowed_amounts":[{"tin":{"type":"ein","value":"454772236"},"service_code":["21","22","23"],"billing_class":"professional","payments":[{"allowed_amount":0.00,"billing_code_modifier":[""],"providers":[{"billed_charge":10.00,"npi":[1023423704,1063470037,1073752085,1073821740,1104839760,1164740403,1174752182,1205279809,1225244379,1255302972,1285747873,1306825021,1316472707,1336317015,1356658959,1366797037,1376556928,1376832964,1427224575,1447423934,1487946489,1528098928,1588000483,1619105004,1619229168,1639149966,1649567157,1659351344,1699114553,1699196139,1720055619,1730202664,1730285594,1740486364,1740523158,1750399275,1801988878,1861061822,1861532756,1891051314]}]}]}]},{"name":"BLOOD TYPING SEROLOGIC RH (D)","billing_code_type":"CPT","billing_code_type_version":"2020","billing_code":"86901","description":"BLOOD TYPING SEROLOGIC RH (D)","allowed_amounts":[{"tin":{"type":"ein","value":"454772236"},"service_code":["21","22","23"],"billing_class":"professional","payments":[{"allowed_amount":0.00,"billing_code_modifier":[""],"providers":[{"billed_charge":10.00,"npi":[1023423704,1063470037,1073752085,1073821740,1104839760,1164740403,1174752182,1205279809,1225244379,1255302972,1285747873,1306825021,1316472707,1336317015,1356658959,1366797037,1376556928,1376832964,1427224575,1447423934,1487946489,1528098928,1588000483,1619105004,1619229168,1639149966,1649567157,1659351344,1699114553,1699196139,1720055619,1730202664,1730285594,1740486364,1740523158,1750399275,1801988878,1861061822,1861532756,1891051314]}]}]}]},{"name":"C-REACTIVE PROTEIN","billing_code_type":"CPT","billing_code_type_version":"2020","billing_code":"86140","description":"C-REACTIVE PROTEIN","allowed_amounts":[{"tin":{"type":"ein","value":"454772236"},"service_code":["21","22","23"],"billing_class":"professional","payments":[{"allowed_amount":0.00,"billing_code_modifier":[""],"providers":[{"billed_charge":10.00,"npi":[1023423704,1033324900,1134414378,1285939918,1548612153,1619229168,1629336169,1649439209,1649567157,1659351344,1679987135,1730202664,1912552555,1922049444]}]}]}]},{"name":"COLLECTION VENOUS BLOOD VENIPUNCTURE","billing_code_type":"CPT","billing_code_type_version":"2020","billing_code":"36415","description":"COLLECTION VENOUS BLOOD VENIPUNCTURE","allowed_amounts":[{"tin":{"type":"ein","value":"454772236"},"service_code":["21","22","23"],"billing_class":"professional","payments":[{"allowed_amount":0.00,"billing_code_modifier":[""],"providers":[{"billed_charge":10.00,"npi":[1053772798,1073752085,1093372658,1205279809,1225244379,1255302972,1265441646,1285747873,1356658959,1376556928,1427224575,1457527483,1487946489,1518053966,1548612153,1578950093,1619229168,1629336169,1659351344,1679987135,1699114553,1699196139,1710954375,1720055619,1730202664,1750399275,1790287811,1790894400,1790951531,1861620627,1881004521,1932237286,1952572174]}]}]},{"tin":{"type":"ein","value":"520890739"},"service_code":["81"],"billing_class":"professional","payments":[{"allowed_amount":0.00,"billing_code_modifier":[""],"providers":[{"billed_charge":21.37,"npi":[1245307818,1407872724]}]}]},{"tin":{"type":"ein","value":"521232621"},"service_code":["11"],"billing_class":"professional","payments":[{"allowed_amount":0.00,"billing_code_modifier":[""],"providers":[{"billed_charge":16.00,"npi":[1487675872]}]}]}]},{"name":"COMPREHENSIVE METABOLIC PANEL","billing_code_type":"CPT","billing_code_type_version":"2020","billing_code":"80053","description":"COMPREHENSIVE METABOLIC PANEL","allowed_amounts":[{"tin":{"type":"ein","value":"454772236"},"service_code":["21","22","23"],"billing_class":"professional","payments":[{"allowed_amount":0.00,"billing_code_modifier":[""],"providers":[{"billed_charge":20.00,"npi":[1003887720,1023423704,1033324900,1043464373,1073040242,1083092621,1114378684,1124680095,1134414378,1144615857,1205279809,1245495340,1255302972,1255724274,1285939918,1447264841,1477842268,1487946489,1508018110,1548612153,1568877215,1619061389,1619229168,1629336169,1639149966,1649567157,1659351344,1679987135,1750648390,1750724308,1760412373,1770849309,1790287811,1790894400,1851602056,1861532756,1871533018,1912552555,1922049444,1932237286]}]}]}]},{"name":"CULTURE BACTERIAL QUANTTATIVE COLONY COUNT URINE","billing_code_type":"CPT","billing_code_type_version":"2020","billing_code":"87086","description":"CULTURE BACTERIAL QUANTTATIVE COLONY COUNT URINE","allowed_amounts":[{"tin":{"type":"ein","value":"454772236"},"service_code":["21","23"],"billing_class":"professional","payments":[{"allowed_amount":0.00,"billing_code_modifier":[""],"providers":[{"billed_charge":10.00,"npi":[1043464373,1245495340,1255724274,1336317015,1508018110,1619229168,1629336169,1659351344,1750648390]}]}]}]},{"name":"DRUG ASSAY SALICYLATE","billing_code_type":"CPT","billing_code_type_version":"2020","billing_code":"80179","description":"DRUG ASSAY SALICYLATE","allowed_amounts":[{"tin":{"type":"ein","value":"454772236"},"service_code":["21","23"],"billing_class":"professional","payments":[{"allowed_amount":0.00,"billing_code_modifier":[""],"providers":[{"billed_charge":20.00,"npi":[1033324900,1114114014,1144615857,1255724274,1619229168,1649567157,1659351344,1760412373,1770849309,1821436080,1861532756]}]}]}]},{"name":"EMERGENCY DEPARTMENT VISIT LOW MDM","billing_code_type":"CPT","billing_code_type_version":"2020","billing_code":"99283","description":"EMERGENCY DEPARTMENT VISIT LOW MDM","allowed_amounts":[{"tin":{"type":"ein","value":"461587048"},"service_code":["23"],"billing_class":"professional","payments":[{"allowed_amount":142.21,"billing_code_modifier":[""],"providers":[{"billed_charge":747.00,"npi":[1346586351,1477998565,1497726285,1538420351,1730262726,1750308359,1851375265]}]}]}]},{"name":"GLUC BLD GLUC MNTR DEV CLEARED FDA SPEC HOME USE","billing_code_type":"CPT","billing_code_type_version":"2020","billing_code":"82962","description":"GLUC BLD GLUC MNTR DEV CLEARED FDA SPEC HOME USE","allowed_amounts":[{"tin":{"type":"ein","value":"454772236"},"service_code":["21","22","23"],"billing_class":"professional","payments":[{"allowed_amount":0.00,"billing_code_modifier":[""],"providers":[{"billed_charge":10.00,"npi":[1023423704,1033324900,1053772798,1063470037,1114114014,1124529565,1205279809,1245495340,1255302972,1265441646,1285747873,1285939918,1316472707,1356658959,1376832964,1396938536,1437348679,1447438650,1477554756,1497307656,1528098928,1578668406,1588000483,1619229168,1639145618,1659309797,1659351344,1659768489,1679987135,1699114553,1720055619,1730202664,1730285594,1740523158,1760412373,1790951531,1801137716,1811932924,1841446366,1851612972,1861620627,1871533018,1881004521,1891051314,1952572174]}]}]}]},{"name":"GONADOTROPIN CHORIONIC QUALITATIVE","billing_code_type":"CPT","billing_code_type_version":"2020","billing_code":"84703","description":"GONADOTROPIN CHORIONIC QUALITATIVE","allowed_amounts":[{"tin":{"type":"ein","value":"454772236"},"service_code":["21","22","23"],"billing_class":"professional","payments":[{"allowed_amount":0.00,"billing_code_modifier":[""],"providers":[{"billed_charge":10.00,"npi":[1114186459,1144615857,1205279809,1225244379,1285747873,1285939918,1427224575,1477842268,1487946489,1548612153,1619229168,1649567157,1659351344,1689857310,1750648390,1750724308,1760412373,1770849309,1871533018,1952572174]}]}]}]},{"name":"IA DET NA;SEV AC RES SYND SARS-COV-2 COVID-19","billing_code_type":"HCPCS","billing_code_type_version":"HCPCS LEVEL II 2021","billing_code":"U0005","description":"IA DET NA;SEV AC RES SYND SARS-COV-2 COVID-19","allowed_amounts":[{"tin":{"type":"ein","value":"030511037"},"service_code":["81"],"billing_class":"professional","payments":[{"allowed_amount":25.00,"billing_code_modifier":[""],"providers":[{"billed_charge":125.00,"npi":[1790234839,1821110453]}]}]},{"tin":{"type":"ein","value":"264690737"},"service_code":["81"],"billing_class":"professional","payments":[{"allowed_amount":25.00,"billing_code_modifier":[""],"providers":[{"billed_charge":200.00,"npi":[1518291129,1881670891,1972686079]}]}]},{"tin":{"type":"ein","value":"454772236"},"service_code":["21","22","23"],"billing_class":"professional","payments":[{"allowed_amount":0.00,"billing_code_modifier":[""],"providers":[{"billed_charge":20.00,"npi":[1043464373,1073752085,1083634620,1114186459,1134414378,1205279809,1225244379,1255302972,1285747873,1396284709,1407823701,1407934896,1417335183,1427224575,1427656669,1447423934,1487946489,1508966581,1528098928,1528327988,1558745083,1588204705,1619229168,1639327364,1659351344,1689857310,1699196139,1710954375,1730202664,1750399275,1750648390,1790103976,1790894400,1831570191,1841261492,1861061822,1861532756,1861620627,1881842839,1912953860,1942202635,1952572174]}]}]},{"tin":{"type":"ein","value":"472462178"},"service_code":["81"],"billing_class":"professional","payments":[{"allowed_amount":0.00,"billing_code_modifier":[""],"providers":[{"billed_charge":50.00,"npi":[1144731605,1467854497,1508484569,1639311509,1962018374]}]}]},{"tin":{"type":"ein","value":"473727159"},"service_code":["81"],"billing_class":"professional","payments":[{"allowed_amount":25.00,"billing_code_modifier":[""],"providers":[{"billed_charge":25.00,"npi":[1164971453,1306513007,1356710941,1528546652,1912521568]}]}]},{"tin":{"type":"ein","value":"473941659"},"service_code":["81"],"billing_class":"professional","payments":[{"allowed_amount":0.00,"billing_code_modifier":[""],"providers":[{"billed_charge":50.00,"npi":[1376152983]}]}]},{"tin":{"type":"ein","value":"822633592"},"service_code":["81"],"billing_class":"professional","payments":[{"allowed_amount":25.00,"billing_code_modifier":[""],"providers":[{"billed_charge":50.00,"npi":[1154688810,1538686597]}]}]},{"tin":{"type":"ein","value":"823438908"},"service_code":["11"],"billing_class":"professional","payments":[{"allowed_amount":25.00,"billing_code_modifier":[""],"providers":[{"billed_charge":75.00,"npi":[1114431087,1194939033]}]}]},{"tin":{"type":"ein","value":"831342609"},"service_code":["81"],"billing_class":"professional","payments":[{"allowed_amount":0.00,"billing_code_modifier":[""],"providers":[{"billed_charge":100.00,"npi":[1053541581,1073101028,1356913446,1487815387]}]}]},{"tin":{"type":"ein","value":"831342609"},"service_code":["81"],"billing_class":"professional","payments":[{"allowed_amount":25.00,"billing_code_modifier":[""],"providers":[{"billed_charge":100.00,"npi":[1053541581,1073101028,1356913446,1487815387]}]}]},{"tin":{"type":"ein","value":"842377669"},"service_code":["81"],"billing_class":"professional","payments":[{"allowed_amount":25.00,"billing_code_modifier":[""],"providers":[{"billed_charge":25.00,"npi":[1619392974,1649829987]}]}]},{"tin":{"type":"ein","value":"852364612"},"service_code":["81"],"billing_class":"professional","payments":[{"allowed_amount":25.00,"billing_code_modifier":[""],"providers":[{"billed_charge":75.00,"npi":[1740685387,1790386746]}]}]},{"tin":{"type":"ein","value":"852459399"},"service_code":["81"],"billing_class":"professional","payments":[{"allowed_amount":25.00,"billing_code_modifier":[""],"providers":[{"billed_charge":25.00,"npi":[1891398251]}]}]},{"tin":{"type":"ein","value":"853331033"},"service_code":["81"],"billing_class":"professional","payments":[{"allowed_amount":63.00,"billing_code_modifier":[""],"providers":[{"billed_charge":63.00,"npi":[1306819941,1417554098,1487096269,1942657671]}]}]},{"tin":{"type":"ein","value":"880241758"},"service_code":["81"],"billing_class":"professional","payments":[{"allowed_amount":0.00,"billing_code_modifier":[""],"providers":[{"billed_charge":25.00,"npi":[1003840778,1124417357]}]}]},{"tin":{"type":"ein","value":"880241758"},"service_code":["81"],"billing_class":"professional","payments":[{"allowed_amount":25.00,"billing_code_modifier":[""],"providers":[{"billed_charge":25.00,"npi":[1053316364,1124417357]}]}]}]},{"name":"IADNA NOS AMPLIFIED PROBE TQ EACH ORGANISM","billing_code_type":"CPT","billing_code_type_version":"2020","billing_code":"87798","description":"IADNA NOS AMPLIFIED PROBE TQ EACH ORGANISM","allowed_amounts":[{"tin":{"type":"ein","value":"561565047"},"service_code":["81"],"billing_class":"professional","payments":[{"allowed_amount":0.00,"billing_code_modifier":[""],"providers":[{"billed_charge":60.22,"npi":[1073591822,1467799395]}]}]}]},{"name":"IADNA SARS-COV-2 COVID-19 AMPLIFIED PROBE TQ","billing_code_type":"CPT","billing_code_type_version":"2020","billing_code":"87635","description":"IADNA SARS-COV-2 COVID-19 AMPLIFIED PROBE TQ","allowed_amounts":[{"tin":{"type":"ein","value":"361924025"},"service_code":["81"],"billing_class":"professional","payments":[{"allowed_amount":0.00,"billing_code_modifier":[""],"providers":[{"billed_charge":100.00,"npi":[1124378914,1760877971,1811902802]}]}]},{"tin":{"type":"ein","value":"454772236"},"service_code":["22"],"billing_class":"professional","payments":[{"allowed_amount":0.00,"billing_code_modifier":[""],"providers":[{"billed_charge":10.00,"npi":[1023575172,1053349043,1083634620,1104839760,1568895175,1619229168,1659351344,1730584483,1902917826]}]}]}]},{"name":"INF AGT DET DNA\/RNA;SARS-COV-2 COVID-19 AMP P T","billing_code_type":"HCPCS","billing_code_type_version":"HCPCS LEVEL II 2021","billing_code":"U0003","description":"INF AGT DET DNA\/RNA;SARS-COV-2 COVID-19 AMP P T","allowed_amounts":[{"tin":{"type":"ein","value":"030511037"},"service_code":["81"],"billing_class":"professional","payments":[{"allowed_amount":75.00,"billing_code_modifier":[""],"providers":[{"billed_charge":375.00,"npi":[1790234839,1821110453]}]}]},{"tin":{"type":"ein","value":"161387862"},"service_code":["81"],"billing_class":"professional","payments":[{"allowed_amount":75.00,"billing_code_modifier":[""],"providers":[{"billed_charge":100.00,"npi":[1417443664,1932145778]}]}]},{"tin":{"type":"ein","value":"264690737"},"service_code":["81"],"billing_class":"professional","payments":[{"allowed_amount":75.00,"billing_code_modifier":[""],"providers":[{"billed_charge":210.00,"npi":[1518291129,1881670891,1972686079]}]}]},{"tin":{"type":"ein","value":"382084239"},"service_code":["81"],"billing_class":"professional","payments":[{"allowed_amount":75.00,"billing_code_modifier":[""],"providers":[{"billed_charge":100.00,"npi":[1114918349,1114963956,1316983158]}]}]},{"tin":{"type":"ein","value":"454772236"},"service_code":["21","22","23"],"billing_class":"professional","payments":[{"allowed_amount":0.00,"billing_code_modifier":[""],"providers":[{"billed_charge":20.00,"npi":[1023423704,1043464373,1073752085,1083634620,1114186459,1134414378,1205279809,1225244379,1255302972,1285747873,1346221694,1396284709,1407823701,1407934896,1417335183,1427224575,1427656669,1447423934,1487946489,1508966581,1528098928,1528327988,1558745083,1588204705,1619229168,1639327364,1659351344,1689857310,1699196139,1710954375,1730202664,1750399275,1750648390,1790103976,1790894400,1831570191,1841261492,1861061822,1861532756,1861620627,1881842839,1912953860,1942202635,1952505984,1952572174]}]}]},{"tin":{"type":"ein","value":"472462178"},"service_code":["81"],"billing_class":"professional","payments":[{"allowed_amount":125.00,"billing_code_modifier":[""],"providers":[{"billed_charge":250.00,"npi":[1144731605,1467854497,1508484569,1639311509,1962018374]}]}]},{"tin":{"type":"ein","value":"473727159"},"service_code":["81"],"billing_class":"professional","payments":[{"allowed_amount":75.00,"billing_code_modifier":[""],"providers":[{"billed_charge":125.00,"npi":[1306513007,1356710941,1528546652,1912521568]}]}]},{"tin":{"type":"ein","value":"473727159"},"service_code":["81"],"billing_class":"professional","payments":[{"allowed_amount":125.00,"billing_code_modifier":[""],"providers":[{"billed_charge":125.00,"npi":[1164971453,1912521568]}]}]},{"tin":{"type":"ein","value":"473941659"},"service_code":["81"],"billing_class":"professional","payments":[{"allowed_amount":0.00,"billing_code_modifier":[""],"providers":[{"billed_charge":200.00,"npi":[1376152983]}]}]},{"tin":{"type":"ein","value":"822633592"},"service_code":["81"],"billing_class":"professional","payments":[{"allowed_amount":75.00,"billing_code_modifier":[""],"providers":[{"billed_charge":200.00,"npi":[1154688810,1538686597]}]}]},{"tin":{"type":"ein","value":"852364612"},"service_code":["81"],"billing_class":"professional","payments":[{"allowed_amount":75.00,"billing_code_modifier":[""],"providers":[{"billed_charge":225.00,"npi":[1740685387,1790386746]}]}]},{"tin":{"type":"ein","value":"852459399"},"service_code":["81"],"billing_class":"professional","payments":[{"allowed_amount":200.00,"billing_code_modifier":[""],"providers":[{"billed_charge":200.00,"npi":[1891398251]}]}]},{"tin":{"type":"ein","value":"853331033"},"service_code":["81"],"billing_class":"professional","payments":[{"allowed_amount":187.00,"billing_code_modifier":[""],"providers":[{"billed_charge":187.00,"npi":[1306819941,1417554098,1487096269,1942657671]}]}]},{"tin":{"type":"ein","value":"880241758"},"service_code":["81"],"billing_class":"professional","payments":[{"allowed_amount":75.00,"billing_code_modifier":[""],"providers":[{"billed_charge":100.00,"npi":[1053316364,1124417357,1962523555]}]}]}]},{"name":"MANUAL THERAPY TQS 1\/> REGIONS EACH 15 MINUTES","billing_code_type":"CPT","billing_code_type_version":"2020","billing_code":"97140","description":"MANUAL THERAPY TQS 1\/> REGIONS EACH 15 MINUTES","allowed_amounts":[{"tin":{"type":"ein","value":"844767328"},"service_code":["11"],"billing_class":"professional","payments":[{"allowed_amount":34.60,"billing_code_modifier":[""],"providers":[{"billed_charge":60.00,"npi":[1275552531,1396838108]}]}]}]},{"name":"OFFICE\/OUTPATIENT ESTABLISHED LOW MDM 20-29 MIN","billing_code_type":"CPT","billing_code_type_version":"2020","billing_code":"99213","description":"OFFICE\/OUTPATIENT ESTABLISHED LOW MDM 20-29 MIN","allowed_amounts":[{"tin":{"type":"ein","value":"205515456"},"service_code":["11"],"billing_class":"professional","payments":[{"allowed_amount":114.73,"billing_code_modifier":[""],"providers":[{"billed_charge":169.00,"npi":[1952358954]}]}]},{"tin":{"type":"ein","value":"205515456"},"service_code":["11"],"billing_class":"professional","payments":[{"allowed_amount":115.23,"billing_code_modifier":[""],"providers":[{"billed_charge":169.00,"npi":[1952358954]}]}]},{"tin":{"type":"ein","value":"811540018"},"service_code":["57"],"billing_class":"professional","payments":[{"allowed_amount":0.00,"billing_code_modifier":[""],"providers":[{"billed_charge":400.00,"npi":[1467465823,1619967577]}]}]},{"tin":{"type":"ein","value":"911145132"},"service_code":["11"],"billing_class":"professional","payments":[{"allowed_amount":0.00,"billing_code_modifier":[""],"providers":[{"billed_charge":195.00,"npi":[1114129418,1144451840,1588689392,1902917826]}]}]},{"tin":{"type":"ein","value":"911145132"},"service_code":["11"],"billing_class":"professional","payments":[{"allowed_amount":114.73,"billing_code_modifier":[""],"providers":[{"billed_charge":195.00,"npi":[1003895533,1114129418,1447243381,1477582195,1558473744,1568404788,1588689392,1962631796]}]}]},{"tin":{"type":"ein","value":"911145132"},"service_code":["11"],"billing_class":"professional","payments":[{"allowed_amount":115.23,"billing_code_modifier":[""],"providers":[{"billed_charge":195.00,"npi":[1003895533,1114129418,1447243381,1477582195,1558473744,1568404788,1962631796]}]}]}]},{"name":"PROTHROMBIN TIME","billing_code_type":"CPT","billing_code_type_version":"2020","billing_code":"85610","description":"PROTHROMBIN TIME","allowed_amounts":[{"tin":{"type":"ein","value":"454772236"},"service_code":["21","22","23"],"billing_class":"professional","payments":[{"allowed_amount":0.00,"billing_code_modifier":[""],"providers":[{"billed_charge":10.00,"npi":[1043491293,1245495340,1285939918,1427224575,1477842268,1619061389,1619229168,1639149966,1659351344,1679987135,1750399275]}]}]}]},{"name":"PSYCHIATRIC\/PSYCHOLOGICAL TRT: INTENSIVE OUT SERV","billing_code_type":"RC","billing_code_type_version":"UB04","billing_code":"0906","description":"PSYCHIATRIC\/PSYCHOLOGICAL TRT: INTENSIVE OUT SERV","allowed_amounts":[{"tin":{"type":"ein","value":"853425918"},"service_code":["22"],"billing_class":"institutional","payments":[{"allowed_amount":1000.00,"billing_code_modifier":[""],"providers":[{"billed_charge":2300.00,"npi":[1699361634]}]}]}]},{"name":"PSYCHOTHERAPY W\/PATIENT 60 MINUTES","billing_code_type":"CPT","billing_code_type_version":"2020","billing_code":"90837","description":"PSYCHOTHERAPY W\/PATIENT 60 MINUTES","allowed_amounts":[{"tin":{"type":"ein","value":"272048432"},"service_code":["11"],"billing_class":"professional","payments":[{"allowed_amount":140.96,"billing_code_modifier":[""],"providers":[{"billed_charge":160.00,"npi":[1922106038]},{"billed_charge":170.00,"npi":[1265530372,1922106038]}]},{"allowed_amount":140.96,"billing_code_modifier":[""],"providers":[{"billed_charge":160.00,"npi":[1922106038]},{"billed_charge":170.00,"npi":[1265530372,1922106038]}]}]},{"tin":{"type":"ein","value":"272048432"},"service_code":["11"],"billing_class":"professional","payments":[{"allowed_amount":140.96,"billing_code_modifier":[""],"providers":[{"billed_charge":160.00,"npi":[1922106038]},{"billed_charge":170.00,"npi":[1265530372,1922106038]}]},{"allowed_amount":140.96,"billing_code_modifier":[""],"providers":[{"billed_charge":160.00,"npi":[1922106038]},{"billed_charge":170.00,"npi":[1265530372,1922106038]}]}]},{"tin":{"type":"ein","value":"272275160"},"service_code":["10"],"billing_class":"professional","payments":[{"allowed_amount":140.96,"billing_code_modifier":[""],"providers":[{"billed_charge":145.00,"npi":[1831416627]}]}]},{"tin":{"type":"ein","value":"450509627"},"service_code":["02"],"billing_class":"professional","payments":[{"allowed_amount":140.96,"billing_code_modifier":[""],"providers":[{"billed_charge":175.00,"npi":[1841385499]}]}]},{"tin":{"type":"ein","value":"474824627"},"service_code":["11"],"billing_class":"professional","payments":[{"allowed_amount":140.96,"billing_code_modifier":[""],"providers":[{"billed_charge":160.00,"npi":[1528471471]}]}]},{"tin":{"type":"ein","value":"822248333"},"service_code":["11"],"billing_class":"professional","payments":[{"allowed_amount":140.96,"billing_code_modifier":[""],"providers":[{"billed_charge":150.00,"npi":[1306360052]}]}]}]},{"name":"RENAL FUNCTION PANEL","billing_code_type":"CPT","billing_code_type_version":"2020","billing_code":"80069","description":"RENAL FUNCTION PANEL","allowed_amounts":[{"tin":{"type":"ein","value":"454772236"},"service_code":["21"],"billing_class":"professional","payments":[{"allowed_amount":0.00,"billing_code_modifier":[""],"providers":[{"billed_charge":10.00,"npi":[1245495340,1619229168,1659351344,1679987135,1881004521,1932237286]}]}]}]},{"name":"RETICULATED PLATELET ASSAY","billing_code_type":"CPT","billing_code_type_version":"2020","billing_code":"85055","description":"RETICULATED PLATELET ASSAY","allowed_amounts":[{"tin":{"type":"ein","value":"454772236"},"service_code":["21","22","23"],"billing_class":"professional","payments":[{"allowed_amount":0.00,"billing_code_modifier":[""],"providers":[{"billed_charge":20.00,"npi":[1023423704,1043491293,1053772798,1114114014,1184967150,1205279809,1245495340,1255302972,1306825021,1356704035,1427224575,1548612153,1588000483,1609306083,1619229168,1629336169,1659351344,1659768489,1699114553,1699196139,1730285594,1861532756,1881004521,1962603829]}]}]}]},{"name":"SPEC CLCT FOR SARS-COV-2 COVID-19 ANY SPEC SRC","billing_code_type":"HCPCS","billing_code_type_version":"HCPCS LEVEL II 2021","billing_code":"G2023","description":"SPEC CLCT FOR SARS-COV-2 COVID-19 ANY SPEC SRC","allowed_amounts":[{"tin":{"type":"ein","value":"030511037"},"service_code":["81"],"billing_class":"professional","payments":[{"allowed_amount":0.00,"billing_code_modifier":[""],"providers":[{"billed_charge":117.00,"npi":[1790234839,1821110453]}]}]},{"tin":{"type":"ein","value":"262462810"},"service_code":["21"],"billing_class":"professional","payments":[{"allowed_amount":0.00,"billing_code_modifier":[""],"providers":[{"billed_charge":28.99,"npi":[1215195730,1629226634]}]}]},{"tin":{"type":"ein","value":"264690737"},"service_code":["81"],"billing_class":"professional","payments":[{"allowed_amount":0.00,"billing_code_modifier":[""],"providers":[{"billed_charge":50.00,"npi":[1518291129,1881670891,1972686079]}]}]},{"tin":{"type":"ein","value":"361924025"},"service_code":["21","81"],"billing_class":"professional","payments":[{"allowed_amount":0.00,"billing_code_modifier":[""],"providers":[{"billed_charge":28.99,"npi":[1124378914,1407949068,1508871591,1598770588,1639184690,1740593797,1760877971,1811902802]}]}]},{"tin":{"type":"ein","value":"361924025"},"service_code":["21","81"],"billing_class":"professional","payments":[{"allowed_amount":23.46,"billing_code_modifier":[""],"providers":[{"billed_charge":28.99,"npi":[1053316364,1154338168,1346255395,1457591513,1467467704,1518111343,1609881663,1821068420,1962523555,1972518926]}]}]},{"tin":{"type":"ein","value":"831342609"},"service_code":["81"],"billing_class":"professional","payments":[{"allowed_amount":23.46,"billing_code_modifier":[""],"providers":[{"billed_charge":50.00,"npi":[1053541581,1073101028,1356913446,1487815387]}]}]},{"tin":{"type":"ein","value":"851054301"},"service_code":["81"],"billing_class":"professional","payments":[{"allowed_amount":23.46,"billing_code_modifier":[""],"providers":[{"billed_charge":70.00,"npi":[1467030536,1871630319]}]}]},{"tin":{"type":"ein","value":"852459399"},"service_code":["81"],"billing_class":"professional","payments":[{"allowed_amount":51.00,"billing_code_modifier":[""],"providers":[{"billed_charge":51.00,"npi":[1891398251]}]}]}]},{"name":"THERAPEUTIC PX 1\/> AREAS EACH 15 MIN EXERCISES","billing_code_type":"CPT","billing_code_type_version":"2020","billing_code":"97110","description":"THERAPEUTIC PX 1\/> AREAS EACH 15 MIN EXERCISES","allowed_amounts":[{"tin":{"type":"ein","value":"844767328"},"service_code":["11"],"billing_class":"professional","payments":[{"allowed_amount":112.95,"billing_code_modifier":[""],"providers":[{"billed_charge":180.00,"npi":[1275552531,1396838108]}]}]}]},{"name":"THROMBOPLASTIN TIME PARTIAL PLASMA\/WHOLE BLOOD","billing_code_type":"CPT","billing_code_type_version":"2020","billing_code":"85730","description":"THROMBOPLASTIN TIME PARTIAL PLASMA\/WHOLE BLOOD","allowed_amounts":[{"tin":{"type":"ein","value":"454772236"},"service_code":["21","22","23"],"billing_class":"professional","payments":[{"allowed_amount":0.00,"billing_code_modifier":[""],"providers":[{"billed_charge":10.00,"npi":[1124680095,1427224575,1477842268,1619229168,1639149966,1659351344,1679987135,1750399275]}]}]}]},{"name":"URNLS DIP STICK\/TABLET REAGENT AUTO MICROSCOPY","billing_code_type":"CPT","billing_code_type_version":"2020","billing_code":"81001","description":"URNLS DIP STICK\/TABLET REAGENT AUTO MICROSCOPY","allowed_amounts":[{"tin":{"type":"ein","value":"454772236"},"service_code":["21","22","23"],"billing_class":"professional","payments":[{"allowed_amount":0.00,"billing_code_modifier":[""],"providers":[{"billed_charge":10.00,"npi":[1003887720,1033324900,1043464373,1073040242,1083092621,1124680095,1134414378,1144615857,1205279809,1255724274,1336317015,1477842268,1487946489,1508018110,1548612153,1568877215,1619229168,1629336169,1639149966,1649316225,1649567157,1659351344,1750648390,1760412373,1770849309,1790287811,1871533018,1912552555]}]}]}]},{"name":"URNLS DIP STICK\/TABLET RGNT AUTO W\/O MICROSCOPY","billing_code_type":"CPT","billing_code_type_version":"2020","billing_code":"81003","description":"URNLS DIP STICK\/TABLET RGNT AUTO W\/O MICROSCOPY","allowed_amounts":[{"tin":{"type":"ein","value":"454772236"},"service_code":["21"],"billing_class":"professional","payments":[{"allowed_amount":0.00,"billing_code_modifier":[""],"providers":[{"billed_charge":10.00,"npi":[1043464373,1619229168,1659351344]}]}]}]}]}
