{"reporting_entity_name": "IEC Group_DBA AmeriBen",
	"reporting_entity_type": "Third Party Administrator",
	"plan_name": "PatientCare",
	"plan_id_type": "ein",
	"plan_id": "824239883",
	"plan_market_type": "group",
	"last_updated_on": "2022-08-31","Version": "1.0.0","out_of_network":[{"name":"APPL MODALITY 1\/> AREAS ELEC STIMJ UNATTENDED","billing_code_type":"CPT","billing_code_type_version":"2020","billing_code":"97014","description":"APPL MODALITY 1\/> AREAS ELEC STIMJ UNATTENDED","allowed_amounts":[{"tin":{"type":"ein","value":"261482691"},"service_code":["11"],"billing_class":"professional","payments":[{"allowed_amount":27.23,"billing_code_modifier":[""],"providers":[{"billed_charge":95.00,"npi":[1003098138,1003906231,1326671165,1467545327,1679661755]}]}]}]},{"name":"APPLICATION MODALITY 1\/> AREAS HOT\/COLD PACKS","billing_code_type":"CPT","billing_code_type_version":"2020","billing_code":"97010","description":"APPLICATION MODALITY 1\/> AREAS HOT\/COLD PACKS","allowed_amounts":[{"tin":{"type":"ein","value":"261482691"},"service_code":["11"],"billing_class":"professional","payments":[{"allowed_amount":13.58,"billing_code_modifier":[""],"providers":[{"billed_charge":81.00,"npi":[1003098138,1003906231,1326671165,1467545327,1679661755]}]}]}]},{"name":"COLLECTION VENOUS BLOOD VENIPUNCTURE","billing_code_type":"CPT","billing_code_type_version":"2020","billing_code":"36415","description":"COLLECTION VENOUS BLOOD VENIPUNCTURE","allowed_amounts":[{"tin":{"type":"ein","value":"350868085"},"service_code":["81"],"billing_class":"professional","payments":[{"allowed_amount":3.60,"billing_code_modifier":[""],"providers":[{"billed_charge":25.00,"npi":[1073119574,1174885040,1215442181,1306372560,1366407603,1588779375,1619315520,1649385519,1710249875,1851944953,1881991834,1891057535]}]}]},{"tin":{"type":"ein","value":"351967665"},"service_code":["81"],"billing_class":"professional","payments":[{"allowed_amount":3.60,"billing_code_modifier":[""],"providers":[{"billed_charge":24.00,"npi":[1427499318,1497764450]}]}]}]},{"name":"INFEC AGEN DETEC AMPLI PROBE","billing_code_type":"HCPCS","billing_code_type_version":"HCPCS LEVEL II 2021","billing_code":"U0005","description":"INFEC AGEN DETEC AMPLI PROBE","allowed_amounts":[{"tin":{"type":"ein","value":"112019482"},"service_code":["81"],"billing_class":"professional","payments":[{"allowed_amount":25.00,"billing_code_modifier":[""],"providers":[{"billed_charge":25.00,"npi":[1407940943,1598820235]}]}]},{"tin":{"type":"ein","value":"133757370"},"service_code":["81"],"billing_class":"professional","payments":[{"allowed_amount":25.00,"billing_code_modifier":[""],"providers":[{"billed_charge":25.00,"npi":[1407173917,1750368700]}]}]},{"tin":{"type":"ein","value":"208833340"},"service_code":["81"],"billing_class":"professional","payments":[{"allowed_amount":25.00,"billing_code_modifier":[""],"providers":[{"billed_charge":25.00,"npi":[1083665608,1922259753]}]}]},{"tin":{"type":"ein","value":"350868085"},"service_code":["81"],"billing_class":"professional","payments":[{"allowed_amount":25.00,"billing_code_modifier":[""],"providers":[{"billed_charge":25.00,"npi":[1366407603,1538146709]}]}]},{"tin":{"type":"ein","value":"473727159"},"service_code":["81"],"billing_class":"professional","payments":[{"allowed_amount":25.00,"billing_code_modifier":[""],"providers":[{"billed_charge":25.00,"npi":[1356869267,1538537261,1821616152,1912521568]}]}]},{"tin":{"type":"ein","value":"880241758"},"service_code":["81"],"billing_class":"professional","payments":[{"allowed_amount":25.00,"billing_code_modifier":[""],"providers":[{"billed_charge":25.00,"npi":[1043416696,1124417357,1356534994,1982688024]}]}]}]},{"name":"MANUAL THERAPY TQS 1\/> REGIONS EACH 15 MINUTES","billing_code_type":"CPT","billing_code_type_version":"2020","billing_code":"97140","description":"MANUAL THERAPY TQS 1\/> REGIONS EACH 15 MINUTES","allowed_amounts":[{"tin":{"type":"ein","value":"261482691"},"service_code":["11"],"billing_class":"professional","payments":[{"allowed_amount":39.02,"billing_code_modifier":[""],"providers":[{"billed_charge":125.00,"npi":[1003098138,1003906231,1326671165,1467545327]}]}]}]},{"name":"SARS-COV-2 COVID-19 AMP PRB HTT","billing_code_type":"HCPCS","billing_code_type_version":"HCPCS LEVEL II 2021","billing_code":"U0003","description":"SARS-COV-2 COVID-19 AMP PRB HTT","allowed_amounts":[{"tin":{"type":"ein","value":"113630760"},"service_code":["81"],"billing_class":"professional","payments":[{"allowed_amount":90.00,"billing_code_modifier":[""],"providers":[{"billed_charge":303.75,"npi":[1073846150,1255468328,1336185594]}]}]},{"tin":{"type":"ein","value":"133757370"},"service_code":["81"],"billing_class":"professional","payments":[{"allowed_amount":90.00,"billing_code_modifier":[""],"providers":[{"billed_charge":100.00,"npi":[1407173917,1750368700]}]}]},{"tin":{"type":"ein","value":"203734391"},"service_code":["81"],"billing_class":"professional","payments":[{"allowed_amount":90.00,"billing_code_modifier":[""],"providers":[{"billed_charge":200.00,"npi":[1053584482,1740781236]}]}]},{"tin":{"type":"ein","value":"208833340"},"service_code":["81"],"billing_class":"professional","payments":[{"allowed_amount":90.00,"billing_code_modifier":[""],"providers":[{"billed_charge":150.00,"npi":[1083665608,1922259753]}]}]},{"tin":{"type":"ein","value":"264690737"},"service_code":["81"],"billing_class":"professional","payments":[{"allowed_amount":90.00,"billing_code_modifier":[""],"providers":[{"billed_charge":210.00,"npi":[1154392975,1518291129]}]}]},{"tin":{"type":"ein","value":"350868085"},"service_code":["81"],"billing_class":"professional","payments":[{"allowed_amount":90.00,"billing_code_modifier":[""],"providers":[{"billed_charge":227.01,"npi":[1366407603,1538146709]}]}]},{"tin":{"type":"ein","value":"473551073"},"service_code":["81"],"billing_class":"professional","payments":[{"allowed_amount":90.00,"billing_code_modifier":[""],"providers":[{"billed_charge":200.00,"npi":[1033207634,1255728333,1720035181]}]}]},{"tin":{"type":"ein","value":"473727159"},"service_code":["81"],"billing_class":"professional","payments":[{"allowed_amount":90.00,"billing_code_modifier":[""],"providers":[{"billed_charge":125.00,"npi":[1356869267,1538537261,1821616152,1912521568]}]}]},{"tin":{"type":"ein","value":"814460406"},"service_code":["81"],"billing_class":"professional","payments":[{"allowed_amount":90.00,"billing_code_modifier":[""],"providers":[{"billed_charge":200.00,"npi":[1366484107,1538507819,1740899152]}]}]},{"tin":{"type":"ein","value":"822369612"},"service_code":["81"],"billing_class":"professional","payments":[{"allowed_amount":90.00,"billing_code_modifier":[""],"providers":[{"billed_charge":250.00,"npi":[1073629069,1710477344]}]}]},{"tin":{"type":"ein","value":"880241758"},"service_code":["81"],"billing_class":"professional","payments":[{"allowed_amount":90.00,"billing_code_modifier":[""],"providers":[{"billed_charge":100.00,"npi":[1043416696,1124417357,1356534994,1982688024]}]}]}]},{"name":"THERAPEUTIC PX 1\/> AREAS EACH 15 MIN EXERCISES","billing_code_type":"CPT","billing_code_type_version":"2020","billing_code":"97110","description":"THERAPEUTIC PX 1\/> AREAS EACH 15 MIN EXERCISES","allowed_amounts":[{"tin":{"type":"ein","value":"261482691"},"service_code":["11"],"billing_class":"professional","payments":[{"allowed_amount":127.37,"billing_code_modifier":[""],"providers":[{"billed_charge":459.00,"npi":[1003098138,1003906231,1326671165,1467545327,1679661755]}]}]}]}]}
