{"reporting_entity_name": "IEC Group_DBA AmeriBen",
	"reporting_entity_type": "Third Party Administrator",
	"plan_name": "Solution Health  Elliot Health",
	"plan_id_type": "ein",
	"plan_id": "020509911",
	"plan_market_type": "group",
	"last_updated_on": "2025-11-01","Version": "1.0.0","out_of_network":[{"name":"ADAPTIVE BEHAVIOR TX BY PROTOCOL TECH EA 15 MIN","billing_code_type":"CPT","billing_code_type_version":"2020","billing_code":"97153","description":"ADAPTIVE BEHAVIOR TX BY PROTOCOL TECH EA 15 MIN","allowed_amounts":[{"tin":{"type":"ein","value":"843104161"},"service_code":["12"],"billing_class":"professional","payments":[{"allowed_amount":331.02,"billing_code_modifier":[""],"providers":[{"billed_charge":1350.00,"npi":[1710538848,1821547993]}]}]},{"tin":{"type":"ein","value":"863661185"},"service_code":["11","12"],"billing_class":"professional","payments":[{"allowed_amount":257.46,"billing_code_modifier":[""],"providers":[{"billed_charge":4620.00,"npi":[1275271736,1720520430,1972187250]}]}]},{"tin":{"type":"ein","value":"863661185"},"service_code":["11","12"],"billing_class":"professional","payments":[{"allowed_amount":294.24,"billing_code_modifier":[""],"providers":[{"billed_charge":5280.00,"npi":[1144814658,1275271736,1720520430,1972187250]}]}]},{"tin":{"type":"ein","value":"863661185"},"service_code":["11","12"],"billing_class":"professional","payments":[{"allowed_amount":331.02,"billing_code_modifier":[""],"providers":[{"billed_charge":5940.00,"npi":[1144814658,1275271736,1326687542,1376289330,1720520430,1972187250]}]}]},{"tin":{"type":"ein","value":"863661185"},"service_code":["12"],"billing_class":"professional","payments":[{"allowed_amount":312.63,"billing_code_modifier":[""],"providers":[{"billed_charge":5610.00,"npi":[1144814658,1326687542,1376289330,1720520430,1972187250]}]}]}]},{"name":"RESIDENTIAL TREATMENT-CHEMICAL DEPENDENCY","billing_code_type":"RC","billing_code_type_version":"UB04","billing_code":"1002","description":"RESIDENTIAL TREATMENT-CHEMICAL DEPENDENCY","allowed_amounts":[{"tin":{"type":"ein","value":"852831387"},"service_code":["21"],"billing_class":"institutional","payments":[{"allowed_amount":2700.00,"billing_code_modifier":[""],"providers":[{"billed_charge":4260.00,"npi":[1164408498,1568031615]}]}]},{"tin":{"type":"ein","value":"854172752"},"service_code":["21"],"billing_class":"institutional","payments":[{"allowed_amount":0.00,"billing_code_modifier":[""],"providers":[{"billed_charge":3850.00,"npi":[1164408498,1891386793]}]}]}]}]}
