{"reporting_entity_name": "IEC Group_DBA AmeriBen",
	"reporting_entity_type": "Third Party Administrator",
	"plan_name": "BELGIOIOSO CHEESE INC",
	"plan_id_type": "ein",
	"plan_id": "391324847",
	"plan_market_type": "group",
	"last_updated_on": "2025-10-01","Version": "1.0.0","out_of_network":[{"name":"APPL MODALITY 1\/> AREAS TRACTION MECHANICAL","billing_code_type":"CPT","billing_code_type_version":"2020","billing_code":"97012","description":"APPL MODALITY 1\/> AREAS TRACTION MECHANICAL","allowed_amounts":[{"tin":{"type":"ein","value":"274115874"},"service_code":["11"],"billing_class":"professional","payments":[{"allowed_amount":11.66,"billing_code_modifier":[""],"providers":[{"billed_charge":25.00,"npi":[1366745150,1639472772]}]}]},{"tin":{"type":"ein","value":"934860749"},"service_code":["11"],"billing_class":"professional","payments":[{"allowed_amount":11.66,"billing_code_modifier":[""],"providers":[{"billed_charge":75.00,"npi":[1417652025,1669240073]}]}]}]},{"name":"CHIROPRACTIC MANIPULATIVE TX SPINAL 1-2 REGIONS","billing_code_type":"CPT","billing_code_type_version":"2020","billing_code":"98940","description":"CHIROPRACTIC MANIPULATIVE TX SPINAL 1-2 REGIONS","allowed_amounts":[{"tin":{"type":"ein","value":"274115874"},"service_code":["11"],"billing_class":"professional","payments":[{"allowed_amount":22.38,"billing_code_modifier":[""],"providers":[{"billed_charge":60.00,"npi":[1366745150,1639472772]}]}]},{"tin":{"type":"ein","value":"823773357"},"service_code":["11"],"billing_class":"professional","payments":[{"allowed_amount":22.38,"billing_code_modifier":[""],"providers":[{"billed_charge":70.00,"npi":[1083600654,1972788297]}]}]}]},{"name":"CHIROPRACTIC MANIPULATIVE TX SPINAL 3-4 REGIONS","billing_code_type":"CPT","billing_code_type_version":"2020","billing_code":"98941","description":"CHIROPRACTIC MANIPULATIVE TX SPINAL 3-4 REGIONS","allowed_amounts":[{"tin":{"type":"ein","value":"262949947"},"service_code":["11"],"billing_class":"professional","payments":[{"allowed_amount":32.35,"billing_code_modifier":[""],"providers":[{"billed_charge":70.00,"npi":[1508990680,1740439108]}]}]},{"tin":{"type":"ein","value":"272117230"},"service_code":["11"],"billing_class":"professional","payments":[{"allowed_amount":32.35,"billing_code_modifier":[""],"providers":[{"billed_charge":80.00,"npi":[1194815241]}]}]},{"tin":{"type":"ein","value":"813840694"},"service_code":["11"],"billing_class":"professional","payments":[{"allowed_amount":32.35,"billing_code_modifier":[""],"providers":[{"billed_charge":75.00,"npi":[1811434517,1831635234]}]}]},{"tin":{"type":"ein","value":"823773357"},"service_code":["11"],"billing_class":"professional","payments":[{"allowed_amount":32.35,"billing_code_modifier":[""],"providers":[{"billed_charge":88.00,"npi":[1083600654,1972788297]}]}]},{"tin":{"type":"ein","value":"845005731"},"service_code":["11"],"billing_class":"professional","payments":[{"allowed_amount":32.35,"billing_code_modifier":[""],"providers":[{"billed_charge":65.00,"npi":[1104453570,1386263374]}]}]},{"tin":{"type":"ein","value":"934860749"},"service_code":["11"],"billing_class":"professional","payments":[{"allowed_amount":32.35,"billing_code_modifier":[""],"providers":[{"billed_charge":60.00,"npi":[1417652025,1669240073]}]}]}]}]}
