{"reporting_entity_name": "IEC Group_DBA AmeriBen",
	"reporting_entity_type": "Third Party Administrator",
	"plan_name": "SHEPHERD CENTER",
	"plan_id_type": "ein",
	"plan_id": "510141601",
	"plan_market_type": "group",
	"last_updated_on": "2024-09-01","Version": "1.0.0","out_of_network":[{"name":"COLLECTION VENOUS BLOOD VENIPUNCTURE","billing_code_type":"CPT","billing_code_type_version":"2020","billing_code":"36415","description":"COLLECTION VENOUS BLOOD VENIPUNCTURE","allowed_amounts":[{"tin":{"type":"ein","value":"382084239"},"service_code":["81"],"billing_class":"professional","payments":[{"allowed_amount":1.02,"billing_code_modifier":[""],"providers":[{"billed_charge":35.00,"npi":[1063587061,1063734739,1073768545,1083133912,1164561817,1174262729,1215923701,1245292218,1255040663,1255712337,1255890943,1356623466,1376703975,1376730887,1386635795,1407950876,1437264553,1437684412,1447679808,1447770532,1477744704,1497908560,1508123019,1578823464,1609156165,1649536145,1659983856,1689836892,1699110205,1699133256,1730250077,1760455125,1780620526,1780887877,1871027870,1881677458,1902310568,1932166386,1992829717]}]}]},{"tin":{"type":"ein","value":"452119198"},"service_code":["20"],"billing_class":"professional","payments":[{"allowed_amount":1.02,"billing_code_modifier":[""],"providers":[{"billed_charge":6.00,"npi":[1356306377,1396038774]}]}]},{"tin":{"type":"ein","value":"463008965"},"service_code":["11"],"billing_class":"professional","payments":[{"allowed_amount":1.02,"billing_code_modifier":[""],"providers":[{"billed_charge":10.00,"npi":[1104975002,1306255922]}]}]},{"tin":{"type":"ein","value":"751093698"},"service_code":["81"],"billing_class":"professional","payments":[{"allowed_amount":1.02,"billing_code_modifier":[""],"providers":[{"billed_charge":12.00,"npi":[1104892256,1124280524,1144286865,1497835094,1962481820]}]}]}]},{"name":"COMPREHENSIVE METABOLIC PANEL","billing_code_type":"CPT","billing_code_type_version":"2020","billing_code":"80053","description":"COMPREHENSIVE METABOLIC PANEL","allowed_amounts":[{"tin":{"type":"ein","value":"382084239"},"service_code":["81"],"billing_class":"professional","payments":[{"allowed_amount":5.09,"billing_code_modifier":[""],"providers":[{"billed_charge":96.88,"npi":[1063587061,1174262729,1255890943,1265475206,1336419829,1407027014,1437264553,1437684412,1508123019,1780887877,1912096363,1932166386]}]}]},{"tin":{"type":"ein","value":"473036554"},"service_code":["81"],"billing_class":"professional","payments":[{"allowed_amount":5.09,"billing_code_modifier":[""],"providers":[{"billed_charge":15.84,"npi":[1609874023,1659755908]}]}]},{"tin":{"type":"ein","value":"751093698"},"service_code":["81"],"billing_class":"professional","payments":[{"allowed_amount":5.09,"billing_code_modifier":[""],"providers":[{"billed_charge":29.00,"npi":[1407311012,1962481820]}]}]},{"tin":{"type":"ein","value":"810576059"},"service_code":["81"],"billing_class":"professional","payments":[{"allowed_amount":5.09,"billing_code_modifier":[""],"providers":[{"billed_charge":21.12,"npi":[1235186800,1841317138]}]}]}]},{"name":"CYTP C\/V AUTO THIN LYR PREPJ SCR MNL RESCR PHYS","billing_code_type":"CPT","billing_code_type_version":"2020","billing_code":"88175","description":"CYTP C\/V AUTO THIN LYR PREPJ SCR MNL RESCR PHYS","allowed_amounts":[{"tin":{"type":"ein","value":"382084239"},"service_code":["81"],"billing_class":"professional","payments":[{"allowed_amount":12.76,"billing_code_modifier":[""],"providers":[{"billed_charge":120.63,"npi":[1407311012,1609156165,1689088841,1689836892,1932166386]}]}]},{"tin":{"type":"ein","value":"751093698"},"service_code":["81"],"billing_class":"professional","payments":[{"allowed_amount":12.76,"billing_code_modifier":[""],"providers":[{"billed_charge":85.00,"npi":[1073501169,1124280524,1144286865,1487629655,1649289331,1659339711,1750340352,1962481820]}]}]}]},{"name":"HEMOGLOBIN GLYCOSYLATED A1C","billing_code_type":"CPT","billing_code_type_version":"2020","billing_code":"83036","description":"HEMOGLOBIN GLYCOSYLATED A1C","allowed_amounts":[{"tin":{"type":"ein","value":"382084239"},"service_code":["81"],"billing_class":"professional","payments":[{"allowed_amount":4.68,"billing_code_modifier":[""],"providers":[{"billed_charge":81.68,"npi":[1265475206,1376703975,1407027014,1437264553,1609156165,1912096363,1932166386]}]}]},{"tin":{"type":"ein","value":"473036554"},"service_code":["81"],"billing_class":"professional","payments":[{"allowed_amount":4.68,"billing_code_modifier":[""],"providers":[{"billed_charge":14.57,"npi":[1609874023,1659755908]}]}]},{"tin":{"type":"ein","value":"581592076"},"service_code":["81"],"billing_class":"professional","payments":[{"allowed_amount":4.68,"billing_code_modifier":[""],"providers":[{"billed_charge":43.00,"npi":[1316013311,1609917103,1932361789]}]}]},{"tin":{"type":"ein","value":"751093698"},"service_code":["81"],"billing_class":"professional","payments":[{"allowed_amount":4.68,"billing_code_modifier":[""],"providers":[{"billed_charge":26.65,"npi":[1497835094,1962481820]}]}]},{"tin":{"type":"ein","value":"810576059"},"service_code":["81"],"billing_class":"professional","payments":[{"allowed_amount":4.68,"billing_code_modifier":[""],"providers":[{"billed_charge":40.68,"npi":[1215357629,1235186800,1841317138]}]}]}]},{"name":"LIPID PANEL","billing_code_type":"CPT","billing_code_type_version":"2020","billing_code":"80061","description":"LIPID PANEL","allowed_amounts":[{"tin":{"type":"ein","value":"271117058"},"service_code":["81"],"billing_class":"professional","payments":[{"allowed_amount":7.68,"billing_code_modifier":[""],"providers":[{"billed_charge":162.07,"npi":[1063734739,1932293719]}]}]},{"tin":{"type":"ein","value":"382084239"},"service_code":["81"],"billing_class":"professional","payments":[{"allowed_amount":7.68,"billing_code_modifier":[""],"providers":[{"billed_charge":162.91,"npi":[1063734739,1174262729,1265475206,1376703975,1407027014,1437264553,1609156165,1659983856,1912096363,1932166386]}]}]},{"tin":{"type":"ein","value":"473036554"},"service_code":["81"],"billing_class":"professional","payments":[{"allowed_amount":7.68,"billing_code_modifier":[""],"providers":[{"billed_charge":20.09,"npi":[1609874023,1659755908]}]}]},{"tin":{"type":"ein","value":"810576059"},"service_code":["81"],"billing_class":"professional","payments":[{"allowed_amount":7.68,"billing_code_modifier":[""],"providers":[{"billed_charge":56.16,"npi":[1215357629,1235186800,1841317138,1922016237]}]}]}]},{"name":"TX SPEECH LANG VOICE COMMJ &\/AUDITORY PROC IND","billing_code_type":"CPT","billing_code_type_version":"2020","billing_code":"92507","description":"TX SPEECH LANG VOICE COMMJ &\/AUDITORY PROC IND","allowed_amounts":[{"tin":{"type":"ein","value":"853033912"},"service_code":["11"],"billing_class":"professional","payments":[{"allowed_amount":96.53,"billing_code_modifier":[""],"providers":[{"billed_charge":150.00,"npi":[1285875997]}]}]}]}]}
