{"reporting_entity_name": "IEC Group_DBA AmeriBen",
	"reporting_entity_type": "Third Party Administrator",
	"plan_name": "ROBINSON HELICOPTER COMPANY",
	"plan_id_type": "ein",
	"plan_id": "952834107",
	"plan_market_type": "group",
	"last_updated_on": "2023-04-03","Version": "1.0.0","out_of_network":[{"name":"EMERGENCY DEPARTMENT VISIT HIGH MDM","billing_code_type":"CPT","billing_code_type_version":"2020","billing_code":"99285","description":"EMERGENCY DEPARTMENT VISIT HIGH MDM","allowed_amounts":[{"tin":{"type":"ein","value":"270549437"},"service_code":["23"],"billing_class":"professional","payments":[{"allowed_amount":199.98,"billing_code_modifier":[""],"providers":[{"billed_charge":829.00,"npi":[1205925054,1396785713,1699907923]}]}]},{"tin":{"type":"ein","value":"850806620"},"service_code":["23"],"billing_class":"professional","payments":[{"allowed_amount":199.98,"billing_code_modifier":[""],"providers":[{"billed_charge":915.00,"npi":[1316989791,1518588433,1891724878]}]}]},{"tin":{"type":"ein","value":"953192932"},"service_code":["23"],"billing_class":"professional","payments":[{"allowed_amount":199.98,"billing_code_modifier":[""],"providers":[{"billed_charge":829.00,"npi":[1659875649,1871535286]}]}]},{"tin":{"type":"ein","value":"953754619"},"service_code":["23"],"billing_class":"professional","payments":[{"allowed_amount":199.98,"billing_code_modifier":[""],"providers":[{"billed_charge":1229.00,"npi":[1528151271,1922061779]}]}]},{"tin":{"type":"ein","value":"954481360"},"service_code":["23"],"billing_class":"professional","payments":[{"allowed_amount":199.98,"billing_code_modifier":[""],"providers":[{"billed_charge":796.00,"npi":[1447605407,1518917913,1669867644,1750368577,1902844988]}]}]},{"tin":{"type":"ein","value":"954534163"},"service_code":["23"],"billing_class":"professional","payments":[{"allowed_amount":199.98,"billing_code_modifier":[""],"providers":[{"billed_charge":746.00,"npi":[1003917147,1043373087,1184018145,1184048712,1184974842,1376746644,1467459776,1467815936,1508391681,1598127284,1669542841,1801183173]}]}]}]},{"name":"EMERGENCY DEPARTMENT VISIT LOW MDM","billing_code_type":"CPT","billing_code_type_version":"2020","billing_code":"99283","description":"EMERGENCY DEPARTMENT VISIT LOW MDM","allowed_amounts":[{"tin":{"type":"ein","value":"954534163"},"service_code":["23"],"billing_class":"professional","payments":[{"allowed_amount":78.95,"billing_code_modifier":[""],"providers":[{"billed_charge":305.00,"npi":[1124211248,1184048712,1194773424,1225148042,1467459776,1598838443,1649663394]}]}]},{"tin":{"type":"ein","value":"956000927"},"service_code":["23"],"billing_class":"professional","payments":[{"allowed_amount":78.95,"billing_code_modifier":[""],"providers":[{"billed_charge":1426.00,"npi":[1124446133,1487609707,1487865184,1861690448]}]}]}]},{"name":"EMERGENCY DEPARTMENT VISIT MODERATE MDM","billing_code_type":"CPT","billing_code_type_version":"2020","billing_code":"99284","description":"EMERGENCY DEPARTMENT VISIT MODERATE MDM","allowed_amounts":[{"tin":{"type":"ein","value":"330729128"},"service_code":["23"],"billing_class":"professional","payments":[{"allowed_amount":146.00,"billing_code_modifier":[""],"providers":[{"billed_charge":813.00,"npi":[1073542916,1457515272,1992752315]}]}]},{"tin":{"type":"ein","value":"862767498"},"service_code":["23"],"billing_class":"professional","payments":[{"allowed_amount":146.00,"billing_code_modifier":[""],"providers":[{"billed_charge":815.00,"npi":[1275720377,1356797625,1366021834]}]}]},{"tin":{"type":"ein","value":"954534163"},"service_code":["23"],"billing_class":"professional","payments":[{"allowed_amount":146.00,"billing_code_modifier":[""],"providers":[{"billed_charge":515.00,"npi":[1003917147,1013334168,1184048712,1184974842,1275807281,1376746644,1467459776,1720240526,1801183173,1922030238]}]}]}]},{"name":"IA DET NA;SEV AC RES SYND SARS-COV-2 COVID-19","billing_code_type":"HCPCS","billing_code_type_version":"HCPCS LEVEL II 2021","billing_code":"U0005","description":"IA DET NA;SEV AC RES SYND SARS-COV-2 COVID-19","allowed_amounts":[{"tin":{"type":"ein","value":"452989041"},"service_code":["81"],"billing_class":"professional","payments":[{"allowed_amount":25.00,"billing_code_modifier":[""],"providers":[{"billed_charge":25.00,"npi":[1790063030,1841715471,1922426451]}]}]},{"tin":{"type":"ein","value":"464163620"},"service_code":["81"],"billing_class":"professional","payments":[{"allowed_amount":25.00,"billing_code_modifier":[""],"providers":[{"billed_charge":25.00,"npi":[1265854855,1912008087]}]}]},{"tin":{"type":"ein","value":"474777175"},"service_code":["81"],"billing_class":"professional","payments":[{"allowed_amount":25.00,"billing_code_modifier":[""],"providers":[{"billed_charge":50.00,"npi":[1205410933,1497015085]},{"billed_charge":95.00,"npi":[1205410933,1497015085]}]},{"allowed_amount":25.00,"billing_code_modifier":[""],"providers":[{"billed_charge":50.00,"npi":[1205410933,1497015085]},{"billed_charge":95.00,"npi":[1205410933,1497015085]}]}]},{"tin":{"type":"ein","value":"474777175"},"service_code":["81"],"billing_class":"professional","payments":[{"allowed_amount":25.00,"billing_code_modifier":[""],"providers":[{"billed_charge":50.00,"npi":[1205410933,1497015085]},{"billed_charge":95.00,"npi":[1205410933,1497015085]}]},{"allowed_amount":25.00,"billing_code_modifier":[""],"providers":[{"billed_charge":50.00,"npi":[1205410933,1497015085]},{"billed_charge":95.00,"npi":[1205410933,1497015085]}]}]},{"tin":{"type":"ein","value":"810701839"},"service_code":["81"],"billing_class":"professional","payments":[{"allowed_amount":25.00,"billing_code_modifier":[""],"providers":[{"billed_charge":100.00,"npi":[1548254089,1659969376]}]}]},{"tin":{"type":"ein","value":"822633592"},"service_code":["81"],"billing_class":"professional","payments":[{"allowed_amount":25.00,"billing_code_modifier":[""],"providers":[{"billed_charge":50.00,"npi":[1043255938,1538686597]}]}]},{"tin":{"type":"ein","value":"831342609"},"service_code":["81"],"billing_class":"professional","payments":[{"allowed_amount":25.00,"billing_code_modifier":[""],"providers":[{"billed_charge":100.00,"npi":[1053541581,1073101028,1336191980,1487815387]}]}]},{"tin":{"type":"ein","value":"851054301"},"service_code":["81"],"billing_class":"professional","payments":[{"allowed_amount":25.00,"billing_code_modifier":[""],"providers":[{"billed_charge":75.00,"npi":[1336191980,1467030536,1871630319]}]}]},{"tin":{"type":"ein","value":"862741576"},"service_code":["81"],"billing_class":"professional","payments":[{"allowed_amount":25.00,"billing_code_modifier":[""],"providers":[{"billed_charge":118.00,"npi":[1225224389,1790361756]}]}]},{"tin":{"type":"ein","value":"873102949"},"service_code":["81"],"billing_class":"professional","payments":[{"allowed_amount":25.00,"billing_code_modifier":[""],"providers":[{"billed_charge":75.00,"npi":[1215508957,1356005920,1396311205,1548910219]}]}]},{"tin":{"type":"ein","value":"880906795"},"service_code":["81"],"billing_class":"professional","payments":[{"allowed_amount":25.00,"billing_code_modifier":[""],"providers":[{"billed_charge":100.00,"npi":[1265182984,1710913876]}]}]}]},{"name":"IAAD IA SEVERE AQT RESPIR SYND CORONAVIRUS","billing_code_type":"CPT","billing_code_type_version":"2020","billing_code":"87426","description":"IAAD IA SEVERE AQT RESPIR SYND CORONAVIRUS","allowed_amounts":[{"tin":{"type":"ein","value":"813348557"},"service_code":["81"],"billing_class":"professional","payments":[{"allowed_amount":150.00,"billing_code_modifier":[""],"providers":[{"billed_charge":150.00,"npi":[1003564196,1457762346]}]}]}]},{"name":"INF AGT DET DNA\/RNA;SARS-COV-2 COVID-19 AMP P T","billing_code_type":"HCPCS","billing_code_type_version":"HCPCS LEVEL II 2021","billing_code":"U0003","description":"INF AGT DET DNA\/RNA;SARS-COV-2 COVID-19 AMP P T","allowed_amounts":[{"tin":{"type":"ein","value":"452989041"},"service_code":["81"],"billing_class":"professional","payments":[{"allowed_amount":75.00,"billing_code_modifier":[""],"providers":[{"billed_charge":100.00,"npi":[1790063030,1841715471,1922426451]}]}]},{"tin":{"type":"ein","value":"464163620"},"service_code":["81"],"billing_class":"professional","payments":[{"allowed_amount":75.00,"billing_code_modifier":[""],"providers":[{"billed_charge":250.00,"npi":[1265854855,1912008087]}]}]},{"tin":{"type":"ein","value":"474777175"},"service_code":["81"],"billing_class":"professional","payments":[{"allowed_amount":295.00,"billing_code_modifier":[""],"providers":[{"billed_charge":295.00,"npi":[1205410933,1497015085]}]}]},{"tin":{"type":"ein","value":"810701839"},"service_code":["81"],"billing_class":"professional","payments":[{"allowed_amount":75.00,"billing_code_modifier":[""],"providers":[{"billed_charge":250.00,"npi":[1548254089,1659969376]}]}]},{"tin":{"type":"ein","value":"822633592"},"service_code":["81"],"billing_class":"professional","payments":[{"allowed_amount":75.00,"billing_code_modifier":[""],"providers":[{"billed_charge":200.00,"npi":[1043255938,1538686597]}]}]},{"tin":{"type":"ein","value":"851054301"},"service_code":["81"],"billing_class":"professional","payments":[{"allowed_amount":75.00,"billing_code_modifier":[""],"providers":[{"billed_charge":225.00,"npi":[1336191980,1467030536,1871630319]}]}]},{"tin":{"type":"ein","value":"873102949"},"service_code":["81"],"billing_class":"professional","payments":[{"allowed_amount":75.00,"billing_code_modifier":[""],"providers":[{"billed_charge":249.00,"npi":[1215508957,1356005920,1396311205,1548910219]}]}]}]},{"name":"SP CLCT SARS-COV2 COVID19 FRM SNF\/LAB ANY SPEC","billing_code_type":"HCPCS","billing_code_type_version":"HCPCS LEVEL II 2021","billing_code":"G2024","description":"SP CLCT SARS-COV2 COVID19 FRM SNF\/LAB ANY SPEC","allowed_amounts":[{"tin":{"type":"ein","value":"810701839"},"service_code":["81"],"billing_class":"professional","payments":[{"allowed_amount":25.46,"billing_code_modifier":[""],"providers":[{"billed_charge":100.00,"npi":[1548254089,1659969376]}]}]},{"tin":{"type":"ein","value":"822633592"},"service_code":["81"],"billing_class":"professional","payments":[{"allowed_amount":25.46,"billing_code_modifier":[""],"providers":[{"billed_charge":51.00,"npi":[1043255938,1538686597]}]}]}]},{"name":"SPEC CLCT FOR SARS-COV-2 COVID-19 ANY SPEC SRC","billing_code_type":"HCPCS","billing_code_type_version":"HCPCS LEVEL II 2021","billing_code":"G2023","description":"SPEC CLCT FOR SARS-COV-2 COVID-19 ANY SPEC SRC","allowed_amounts":[{"tin":{"type":"ein","value":"361924025"},"service_code":["21","81"],"billing_class":"professional","payments":[{"allowed_amount":23.46,"billing_code_modifier":[""],"providers":[{"billed_charge":28.99,"npi":[1174717045,1538174826,1548494693,1639279417,1831104124]}]}]},{"tin":{"type":"ein","value":"452989041"},"service_code":["81"],"billing_class":"professional","payments":[{"allowed_amount":23.46,"billing_code_modifier":[""],"providers":[{"billed_charge":23.46,"npi":[1790063030,1841715471,1922426451]}]}]},{"tin":{"type":"ein","value":"464163620"},"service_code":["81"],"billing_class":"professional","payments":[{"allowed_amount":23.46,"billing_code_modifier":[""],"providers":[{"billed_charge":50.00,"npi":[1265854855,1912008087]}]}]},{"tin":{"type":"ein","value":"474777175"},"service_code":["81"],"billing_class":"professional","payments":[{"allowed_amount":23.46,"billing_code_modifier":[""],"providers":[{"billed_charge":95.00,"npi":[1205410933,1497015085]},{"billed_charge":150.00,"npi":[1205410933,1497015085]}]},{"allowed_amount":23.46,"billing_code_modifier":[""],"providers":[{"billed_charge":95.00,"npi":[1205410933,1497015085]},{"billed_charge":150.00,"npi":[1205410933,1497015085]}]}]},{"tin":{"type":"ein","value":"474777175"},"service_code":["81"],"billing_class":"professional","payments":[{"allowed_amount":23.46,"billing_code_modifier":[""],"providers":[{"billed_charge":95.00,"npi":[1205410933,1497015085]},{"billed_charge":150.00,"npi":[1205410933,1497015085]}]},{"allowed_amount":23.46,"billing_code_modifier":[""],"providers":[{"billed_charge":95.00,"npi":[1205410933,1497015085]},{"billed_charge":150.00,"npi":[1205410933,1497015085]}]}]},{"tin":{"type":"ein","value":"510586004"},"service_code":["11"],"billing_class":"professional","payments":[{"allowed_amount":23.46,"billing_code_modifier":[""],"providers":[{"billed_charge":30.00,"npi":[1467643544,1942308424]}]}]},{"tin":{"type":"ein","value":"831342609"},"service_code":["81"],"billing_class":"professional","payments":[{"allowed_amount":23.46,"billing_code_modifier":[""],"providers":[{"billed_charge":50.00,"npi":[1053541581,1073101028,1336191980,1487815387]}]}]},{"tin":{"type":"ein","value":"851054301"},"service_code":["81"],"billing_class":"professional","payments":[{"allowed_amount":23.46,"billing_code_modifier":[""],"providers":[{"billed_charge":70.00,"npi":[1467030536,1871630319]}]}]},{"tin":{"type":"ein","value":"861287804"},"service_code":["11"],"billing_class":"professional","payments":[{"allowed_amount":23.46,"billing_code_modifier":[""],"providers":[{"billed_charge":100.00,"npi":[1336191980,1952067027]}]}]}]}]}
