{"reporting_entity_name": "IEC Group_DBA AmeriBen",
	"reporting_entity_type": "Third Party Administrator",
	"plan_name": "COHESITY INC",
	"plan_id_type": "ein",
	"plan_id": "463052057",
	"plan_market_type": "group",
	"last_updated_on": "2025-08-01","Version": "1.0.0","out_of_network":[{"name":"ACUPUNCTURE 1\/> NDLS W\/ESTIM 1ST 15 MIN","billing_code_type":"CPT","billing_code_type_version":"2020","billing_code":"97813","description":"ACUPUNCTURE 1\/> NDLS W\/ESTIM 1ST 15 MIN","allowed_amounts":[{"tin":{"type":"ein","value":"604022889"},"service_code":["11"],"billing_class":"professional","payments":[{"allowed_amount":90.00,"billing_code_modifier":[""],"providers":[{"billed_charge":90.00,"npi":[1356492557,1356492857]}]}]},{"tin":{"type":"ein","value":"834518618"},"service_code":["11"],"billing_class":"professional","payments":[{"allowed_amount":90.00,"billing_code_modifier":[""],"providers":[{"billed_charge":90.00,"npi":[1013290659,1548824402]}]}]}]},{"name":"ACUPUNCTURE 1\/> NDLS W\/ESTIM EACH ADDL 15 MIN","billing_code_type":"CPT","billing_code_type_version":"2020","billing_code":"97814","description":"ACUPUNCTURE 1\/> NDLS W\/ESTIM EACH ADDL 15 MIN","allowed_amounts":[{"tin":{"type":"ein","value":"834518618"},"service_code":["11"],"billing_class":"professional","payments":[{"allowed_amount":160.00,"billing_code_modifier":[""],"providers":[{"billed_charge":160.00,"npi":[1013290659,1548824402]}]}]}]},{"name":"ACUPUNCTURE 1\/> NDLS W\/O ESTIM EACH ADDL 15 MIN","billing_code_type":"CPT","billing_code_type_version":"2020","billing_code":"97811","description":"ACUPUNCTURE 1\/> NDLS W\/O ESTIM EACH ADDL 15 MIN","allowed_amounts":[{"tin":{"type":"ein","value":"834518618"},"service_code":["11"],"billing_class":"professional","payments":[{"allowed_amount":140.00,"billing_code_modifier":[""],"providers":[{"billed_charge":160.00,"npi":[1013290659,1548824402]}]}]}]},{"name":"APPL MODALITY 1\/> AREAS TRACTION MECHANICAL","billing_code_type":"CPT","billing_code_type_version":"2020","billing_code":"97012","description":"APPL MODALITY 1\/> AREAS TRACTION MECHANICAL","allowed_amounts":[{"tin":{"type":"ein","value":"593692134"},"service_code":["11"],"billing_class":"professional","payments":[{"allowed_amount":9.82,"billing_code_modifier":[""],"providers":[{"billed_charge":41.00,"npi":[1447901574,1669562500,1871935502]}]}]}]},{"name":"ELEC STIM OTHER THAN WOUND","billing_code_type":"HCPCS","billing_code_type_version":"HCPCS LEVEL II 2021","billing_code":"G0283","description":"ELEC STIM OTHER THAN WOUND","allowed_amounts":[{"tin":{"type":"ein","value":"475391240"},"service_code":["11"],"billing_class":"professional","payments":[{"allowed_amount":7.28,"billing_code_modifier":[""],"providers":[{"billed_charge":68.00,"npi":[1487101135]}]}]}]},{"name":"MANUAL THERAPY TQS 1\/> REGIONS EACH 15 MINUTES","billing_code_type":"CPT","billing_code_type_version":"2020","billing_code":"97140","description":"MANUAL THERAPY TQS 1\/> REGIONS EACH 15 MINUTES","allowed_amounts":[{"tin":{"type":"ein","value":"475391240"},"service_code":["11"],"billing_class":"professional","payments":[{"allowed_amount":15.75,"billing_code_modifier":[""],"providers":[{"billed_charge":85.00,"npi":[1487101135]}]}]},{"tin":{"type":"ein","value":"861103011"},"service_code":["11"],"billing_class":"professional","payments":[{"allowed_amount":69.22,"billing_code_modifier":[""],"providers":[{"billed_charge":116.00,"npi":[1053320325,1568453264,1700666955]}]}]}]},{"name":"PSYCHIATRIC","billing_code_type":"RC","billing_code_type_version":"UB04","billing_code":"0154","description":"PSYCHIATRIC","allowed_amounts":[{"tin":{"type":"ein","value":"862942505"},"service_code":["21"],"billing_class":"institutional","payments":[{"allowed_amount":2980.00,"billing_code_modifier":[""],"providers":[{"billed_charge":4725.00,"npi":[1154015311,1376633321]}]}]}]},{"name":"PSYCHIATRIC\/PSYCHOLOGICAL TRT: INTENSIVE OUTPATIEN","billing_code_type":"RC","billing_code_type_version":"UB04","billing_code":"0905","description":"PSYCHIATRIC\/PSYCHOLOGICAL TRT: INTENSIVE OUTPATIEN","allowed_amounts":[{"tin":{"type":"ein","value":"463589474"},"service_code":["22"],"billing_class":"institutional","payments":[{"allowed_amount":571.90,"billing_code_modifier":[""],"providers":[{"billed_charge":2189.25,"npi":[1770715575,1972939494]}]}]},{"tin":{"type":"ein","value":"991901860"},"service_code":["99"],"billing_class":"institutional","payments":[{"allowed_amount":579.00,"billing_code_modifier":[""],"providers":[{"billed_charge":2995.00,"npi":[1104686708,1619381316,1801816764]}]}]}]},{"name":"PSYCHOTHERAPY W\/PATIENT 60 MINUTES","billing_code_type":"CPT","billing_code_type_version":"2020","billing_code":"90837","description":"PSYCHOTHERAPY W\/PATIENT 60 MINUTES","allowed_amounts":[{"tin":{"type":"ein","value":"203174526"},"service_code":["02"],"billing_class":"professional","payments":[{"allowed_amount":107.41,"billing_code_modifier":[""],"providers":[{"billed_charge":275.00,"npi":[1528032745]}]}]},{"tin":{"type":"ein","value":"582010734"},"service_code":["10"],"billing_class":"professional","payments":[{"allowed_amount":107.41,"billing_code_modifier":[""],"providers":[{"billed_charge":365.00,"npi":[1447816889,1689086225,1881990869]}]}]},{"tin":{"type":"ein","value":"593652093"},"service_code":["11"],"billing_class":"professional","payments":[{"allowed_amount":107.41,"billing_code_modifier":[""],"providers":[{"billed_charge":110.00,"npi":[1255477683]}]}]}]},{"name":"THER PX 1\/> AREAS EACH 15 MIN NEUROMUSC REEDUCA","billing_code_type":"CPT","billing_code_type_version":"2020","billing_code":"97112","description":"THER PX 1\/> AREAS EACH 15 MIN NEUROMUSC REEDUCA","allowed_amounts":[{"tin":{"type":"ein","value":"473323035"},"service_code":["11"],"billing_class":"professional","payments":[{"allowed_amount":104.80,"billing_code_modifier":[""],"providers":[{"billed_charge":110.00,"npi":[1528515806,1881322741]}]}]},{"tin":{"type":"ein","value":"475391240"},"service_code":["11"],"billing_class":"professional","payments":[{"allowed_amount":18.53,"billing_code_modifier":[""],"providers":[{"billed_charge":80.00,"npi":[1487101135]}]}]},{"tin":{"type":"ein","value":"861103011"},"service_code":["11"],"billing_class":"professional","payments":[{"allowed_amount":56.29,"billing_code_modifier":[""],"providers":[{"billed_charge":57.00,"npi":[1053320325,1568453264,1700666955]}]}]}]},{"name":"THERAPEUT ACTVITY DIRECT PT CONTACT EACH 15 MIN","billing_code_type":"CPT","billing_code_type_version":"2020","billing_code":"97530","description":"THERAPEUT ACTVITY DIRECT PT CONTACT EACH 15 MIN","allowed_amounts":[{"tin":{"type":"ein","value":"475391240"},"service_code":["11"],"billing_class":"professional","payments":[{"allowed_amount":46.78,"billing_code_modifier":[""],"providers":[{"billed_charge":180.00,"npi":[1487101135]}]}]}]},{"name":"THERAPEUTIC PX 1\/> AREAS EACH 15 MIN EXERCISES","billing_code_type":"CPT","billing_code_type_version":"2020","billing_code":"97110","description":"THERAPEUTIC PX 1\/> AREAS EACH 15 MIN EXERCISES","allowed_amounts":[{"tin":{"type":"ein","value":"824302608"},"service_code":["11"],"billing_class":"professional","payments":[{"allowed_amount":55.00,"billing_code_modifier":[""],"providers":[{"billed_charge":75.00,"npi":[1366941023]}]}]},{"tin":{"type":"ein","value":"834518618"},"service_code":["11"],"billing_class":"professional","payments":[{"allowed_amount":55.00,"billing_code_modifier":[""],"providers":[{"billed_charge":80.00,"npi":[1013290659,1548824402]}]}]},{"tin":{"type":"ein","value":"861103011"},"service_code":["11"],"billing_class":"professional","payments":[{"allowed_amount":36.58,"billing_code_modifier":[""],"providers":[{"billed_charge":56.00,"npi":[1053320325,1568453264,1700666955]}]}]}]}]}
