{"reporting_entity_name": "IEC Group_DBA AmeriBen",
	"reporting_entity_type": "Third Party Administrator",
	"plan_name": "CU BOULDER",
	"plan_id_type": "ein",
	"plan_id": "",
	"plan_market_type": "group",
	"last_updated_on": "2022-06-28","Version": "1.0.0","out_of_network":[{"name":"2019-NCOV CORONAVIRUS SARS-COV-2\/COVID-19 ANY T","billing_code_type":"HCPCS","billing_code_type_version":"HCPCS LEVEL II 2021","billing_code":"U0004","description":"2019-NCOV CORONAVIRUS SARS-COV-2\/COVID-19 ANY T","allowed_amounts":[{"tin":{"type":"ein","value":"462303470"},"service_code":["81"],"billing_class":"professional","payments":[{"allowed_amount":63.75,"billing_code_modifier":[""],"providers":[{"billed_charge":450.00,"npi":[1205435989]}]}]},{"tin":{"type":"ein","value":"473588569"},"service_code":["81"],"billing_class":"professional","payments":[{"allowed_amount":63.75,"billing_code_modifier":[""],"providers":[{"billed_charge":225.00,"npi":[1982091617]}]}]}]},{"name":"HANDLG&\/OR CONVEY OF SPEC FOR TR OFFICE TO LAB","billing_code_type":"CPT","billing_code_type_version":"2020","billing_code":"99000","description":"HANDLG&\/OR CONVEY OF SPEC FOR TR OFFICE TO LAB","allowed_amounts":[{"tin":{"type":"ein","value":"871389817"},"service_code":["11"],"billing_class":"professional","payments":[{"allowed_amount":0.00,"billing_code_modifier":[""],"providers":[{"billed_charge":50.00,"npi":[1770246613,1871021030]}]}]}]},{"name":"IA DET NA;SEV AC RES SYND SARS-COV-2 COVID-19","billing_code_type":"HCPCS","billing_code_type_version":"HCPCS LEVEL II 2021","billing_code":"U0005","description":"IA DET NA;SEV AC RES SYND SARS-COV-2 COVID-19","allowed_amounts":[{"tin":{"type":"ein","value":"030511037"},"service_code":["81"],"billing_class":"professional","payments":[{"allowed_amount":25.00,"billing_code_modifier":[""],"providers":[{"billed_charge":125.00,"npi":[1821110453]}]}]},{"tin":{"type":"ein","value":"112019482"},"service_code":["81"],"billing_class":"professional","payments":[{"allowed_amount":25.00,"billing_code_modifier":[""],"providers":[{"billed_charge":25.00,"npi":[1598820235]}]}]},{"tin":{"type":"ein","value":"201236503"},"service_code":["81"],"billing_class":"professional","payments":[{"allowed_amount":25.00,"billing_code_modifier":[""],"providers":[{"billed_charge":50.00,"npi":[1225110497]}]}]},{"tin":{"type":"ein","value":"330836229"},"service_code":["81"],"billing_class":"professional","payments":[{"allowed_amount":25.00,"billing_code_modifier":[""],"providers":[{"billed_charge":25.00,"npi":[1023317781]}]}]},{"tin":{"type":"ein","value":"431039532"},"service_code":["81"],"billing_class":"professional","payments":[{"allowed_amount":21.25,"billing_code_modifier":[""],"providers":[{"billed_charge":25.00,"npi":[1609812445]}]}]},{"tin":{"type":"ein","value":"462303470"},"service_code":["81"],"billing_class":"professional","payments":[{"allowed_amount":21.25,"billing_code_modifier":[""],"providers":[{"billed_charge":50.00,"npi":[1205435989]}]}]},{"tin":{"type":"ein","value":"462909664"},"service_code":["81"],"billing_class":"professional","payments":[{"allowed_amount":25.00,"billing_code_modifier":[""],"providers":[{"billed_charge":25.00,"npi":[1003244880]}]}]},{"tin":{"type":"ein","value":"471926617"},"service_code":["81"],"billing_class":"professional","payments":[{"allowed_amount":25.00,"billing_code_modifier":[""],"providers":[{"billed_charge":150.00,"npi":[1376926196]}]}]},{"tin":{"type":"ein","value":"472462178"},"service_code":["81"],"billing_class":"professional","payments":[{"allowed_amount":25.00,"billing_code_modifier":[""],"providers":[{"billed_charge":50.00,"npi":[1144731605,1508484569,1962018374]}]}]},{"tin":{"type":"ein","value":"473588569"},"service_code":["81"],"billing_class":"professional","payments":[{"allowed_amount":21.25,"billing_code_modifier":[""],"providers":[{"billed_charge":75.00,"npi":[1982091617]}]}]},{"tin":{"type":"ein","value":"823438908"},"service_code":["11"],"billing_class":"professional","payments":[{"allowed_amount":25.00,"billing_code_modifier":[""],"providers":[{"billed_charge":75.00,"npi":[1114431087]}]}]},{"tin":{"type":"ein","value":"842377669"},"service_code":["81"],"billing_class":"professional","payments":[{"allowed_amount":21.25,"billing_code_modifier":[""],"providers":[{"billed_charge":25.00,"npi":[1649829987,1750990552]}]}]},{"tin":{"type":"ein","value":"843172409"},"service_code":["81"],"billing_class":"professional","payments":[{"allowed_amount":25.00,"billing_code_modifier":[""],"providers":[{"billed_charge":50.00,"npi":[1003437500]}]}]},{"tin":{"type":"ein","value":"850602662"},"service_code":["81"],"billing_class":"professional","payments":[{"allowed_amount":25.00,"billing_code_modifier":[""],"providers":[{"billed_charge":25.00,"npi":[1881215622]}]}]},{"tin":{"type":"ein","value":"850852990"},"service_code":["81"],"billing_class":"professional","payments":[{"allowed_amount":21.25,"billing_code_modifier":[""],"providers":[{"billed_charge":65.00,"npi":[1205445491]}]}]},{"tin":{"type":"ein","value":"851054301"},"service_code":["81"],"billing_class":"professional","payments":[{"allowed_amount":25.00,"billing_code_modifier":[""],"providers":[{"billed_charge":75.00,"npi":[1467030536]}]}]},{"tin":{"type":"ein","value":"851365411"},"service_code":["81"],"billing_class":"professional","payments":[{"allowed_amount":25.00,"billing_code_modifier":[""],"providers":[{"billed_charge":50.00,"npi":[1033724109]}]}]},{"tin":{"type":"ein","value":"852364612"},"service_code":["81"],"billing_class":"professional","payments":[{"allowed_amount":25.00,"billing_code_modifier":[""],"providers":[{"billed_charge":75.00,"npi":[1790386746]}]}]},{"tin":{"type":"ein","value":"853502912"},"service_code":["81"],"billing_class":"professional","payments":[{"allowed_amount":25.00,"billing_code_modifier":[""],"providers":[{"billed_charge":25.00,"npi":[1710587852,1871021030]}]}]},{"tin":{"type":"ein","value":"853664779"},"service_code":["81"],"billing_class":"professional","payments":[{"allowed_amount":25.00,"billing_code_modifier":[""],"providers":[{"billed_charge":25.00,"npi":[1518555069]}]}]},{"tin":{"type":"ein","value":"853732667"},"service_code":["81"],"billing_class":"professional","payments":[{"allowed_amount":21.25,"billing_code_modifier":[""],"providers":[{"billed_charge":50.00,"npi":[1790387223]}]}]},{"tin":{"type":"ein","value":"853732667"},"service_code":["81"],"billing_class":"professional","payments":[{"allowed_amount":25.00,"billing_code_modifier":[""],"providers":[{"billed_charge":50.00,"npi":[1790387223]}]}]},{"tin":{"type":"ein","value":"861287316"},"service_code":["81"],"billing_class":"professional","payments":[{"allowed_amount":21.25,"billing_code_modifier":[""],"providers":[{"billed_charge":50.00,"npi":[1669053286]}]}]},{"tin":{"type":"ein","value":"863165150"},"service_code":["81"],"billing_class":"professional","payments":[{"allowed_amount":21.25,"billing_code_modifier":[""],"providers":[{"billed_charge":25.00,"npi":[1467023499]}]}]},{"tin":{"type":"ein","value":"863165150"},"service_code":["81"],"billing_class":"professional","payments":[{"allowed_amount":25.00,"billing_code_modifier":[""],"providers":[{"billed_charge":25.00,"npi":[1467023499]}]}]},{"tin":{"type":"ein","value":"880241758"},"service_code":["81"],"billing_class":"professional","payments":[{"allowed_amount":21.25,"billing_code_modifier":[""],"providers":[{"billed_charge":25.00,"npi":[1124417357]}]}]}]},{"name":"IAAD IA SEVERE AQT RESPIR SYND CORONAVIRUS","billing_code_type":"CPT","billing_code_type_version":"2020","billing_code":"87426","description":"IAAD IA SEVERE AQT RESPIR SYND CORONAVIRUS","allowed_amounts":[{"tin":{"type":"ein","value":"871389817"},"service_code":["11"],"billing_class":"professional","payments":[{"allowed_amount":21.51,"billing_code_modifier":[""],"providers":[{"billed_charge":100.00,"npi":[1770246613,1871021030]},{"billed_charge":200.00,"npi":[1770246613,1871021030]}]},{"allowed_amount":21.51,"billing_code_modifier":[""],"providers":[{"billed_charge":100.00,"npi":[1770246613,1871021030]},{"billed_charge":200.00,"npi":[1770246613,1871021030]}]}]},{"tin":{"type":"ein","value":"871389817"},"service_code":["11"],"billing_class":"professional","payments":[{"allowed_amount":21.51,"billing_code_modifier":[""],"providers":[{"billed_charge":100.00,"npi":[1770246613,1871021030]},{"billed_charge":200.00,"npi":[1770246613,1871021030]}]},{"allowed_amount":21.51,"billing_code_modifier":[""],"providers":[{"billed_charge":100.00,"npi":[1770246613,1871021030]},{"billed_charge":200.00,"npi":[1770246613,1871021030]}]}]}]},{"name":"IAADIADOO SEVERE AQT RESPIR SYND CORONAVIRUS","billing_code_type":"CPT","billing_code_type_version":"2020","billing_code":"87811","description":"IAADIADOO SEVERE AQT RESPIR SYND CORONAVIRUS","allowed_amounts":[{"tin":{"type":"ein","value":"363954960"},"service_code":["81"],"billing_class":"professional","payments":[{"allowed_amount":5.03,"billing_code_modifier":[""],"providers":[{"billed_charge":75.00,"npi":[1346915923]}]}]},{"tin":{"type":"ein","value":"454581630"},"service_code":["11"],"billing_class":"professional","payments":[{"allowed_amount":5.03,"billing_code_modifier":[""],"providers":[{"billed_charge":65.00,"npi":[1114316965,1831170182]}]}]}]},{"name":"INF AGT DET DNA\/RNA;SARS-COV-2 COVID-19 AMP P T","billing_code_type":"HCPCS","billing_code_type_version":"HCPCS LEVEL II 2021","billing_code":"U0003","description":"INF AGT DET DNA\/RNA;SARS-COV-2 COVID-19 AMP P T","allowed_amounts":[{"tin":{"type":"ein","value":"431039532"},"service_code":["81"],"billing_class":"professional","payments":[{"allowed_amount":63.75,"billing_code_modifier":[""],"providers":[{"billed_charge":100.00,"npi":[1609812445]}]}]},{"tin":{"type":"ein","value":"472462178"},"service_code":["81"],"billing_class":"professional","payments":[{"allowed_amount":125.00,"billing_code_modifier":[""],"providers":[{"billed_charge":250.00,"npi":[1144731605,1508484569,1962018374]}]}]},{"tin":{"type":"ein","value":"842377669"},"service_code":["81"],"billing_class":"professional","payments":[{"allowed_amount":63.75,"billing_code_modifier":[""],"providers":[{"billed_charge":249.00,"npi":[1649829987,1750990552]}]}]},{"tin":{"type":"ein","value":"850852990"},"service_code":["81"],"billing_class":"professional","payments":[{"allowed_amount":63.75,"billing_code_modifier":[""],"providers":[{"billed_charge":300.00,"npi":[1205445491]}]}]},{"tin":{"type":"ein","value":"853732667"},"service_code":["81"],"billing_class":"professional","payments":[{"allowed_amount":63.75,"billing_code_modifier":[""],"providers":[{"billed_charge":200.00,"npi":[1790387223]}]}]},{"tin":{"type":"ein","value":"861287316"},"service_code":["81"],"billing_class":"professional","payments":[{"allowed_amount":63.75,"billing_code_modifier":[""],"providers":[{"billed_charge":200.00,"npi":[1669053286]}]}]},{"tin":{"type":"ein","value":"863165150"},"service_code":["81"],"billing_class":"professional","payments":[{"allowed_amount":63.75,"billing_code_modifier":[""],"providers":[{"billed_charge":249.00,"npi":[1467023499]}]}]},{"tin":{"type":"ein","value":"880241758"},"service_code":["81"],"billing_class":"professional","payments":[{"allowed_amount":63.75,"billing_code_modifier":[""],"providers":[{"billed_charge":100.00,"npi":[1124417357]}]}]}]},{"name":"OFFICE\/OUTPATIENT ESTABLISHED LOW MDM 20-29 MIN","billing_code_type":"CPT","billing_code_type_version":"2020","billing_code":"99213","description":"OFFICE\/OUTPATIENT ESTABLISHED LOW MDM 20-29 MIN","allowed_amounts":[{"tin":{"type":"ein","value":"262947824"},"service_code":["11"],"billing_class":"professional","payments":[{"allowed_amount":76.02,"billing_code_modifier":[""],"providers":[{"billed_charge":258.00,"npi":[1750529293,1821192311]}]}]},{"tin":{"type":"ein","value":"263654880"},"service_code":["11"],"billing_class":"professional","payments":[{"allowed_amount":76.02,"billing_code_modifier":[""],"providers":[{"billed_charge":95.00,"npi":[1457957532,1588896914]}]}]},{"tin":{"type":"ein","value":"464056262"},"service_code":["11"],"billing_class":"professional","payments":[{"allowed_amount":76.02,"billing_code_modifier":[""],"providers":[{"billed_charge":210.50,"npi":[1144866948,1508289703]}]}]},{"tin":{"type":"ein","value":"587344058"},"service_code":["11"],"billing_class":"professional","payments":[{"allowed_amount":76.02,"billing_code_modifier":[""],"providers":[{"billed_charge":115.00,"npi":[1679784342]}]}]},{"tin":{"type":"ein","value":"853547144"},"service_code":["11"],"billing_class":"professional","payments":[{"allowed_amount":76.02,"billing_code_modifier":[""],"providers":[{"billed_charge":325.00,"npi":[1386796191]}]}]}]},{"name":"OFFICE\/OUTPATIENT ESTABLISHED MOD MDM 30-39 MIN","billing_code_type":"CPT","billing_code_type_version":"2020","billing_code":"99214","description":"OFFICE\/OUTPATIENT ESTABLISHED MOD MDM 30-39 MIN","allowed_amounts":[{"tin":{"type":"ein","value":"464193477"},"service_code":["11"],"billing_class":"professional","payments":[{"allowed_amount":109.95,"billing_code_modifier":[""],"providers":[{"billed_charge":250.00,"npi":[1558686162]}]}]},{"tin":{"type":"ein","value":"524650647"},"service_code":["11"],"billing_class":"professional","payments":[{"allowed_amount":109.95,"billing_code_modifier":[""],"providers":[{"billed_charge":140.00,"npi":[1891230595]}]}]},{"tin":{"type":"ein","value":"813241867"},"service_code":["11"],"billing_class":"professional","payments":[{"allowed_amount":109.95,"billing_code_modifier":[""],"providers":[{"billed_charge":150.00,"npi":[1356748545,1922570191]}]}]},{"tin":{"type":"ein","value":"834250416"},"service_code":["11"],"billing_class":"professional","payments":[{"allowed_amount":109.95,"billing_code_modifier":[""],"providers":[{"billed_charge":120.92,"npi":[1386908861,1548852585]}]}]},{"tin":{"type":"ein","value":"844543439"},"service_code":["02"],"billing_class":"professional","payments":[{"allowed_amount":109.95,"billing_code_modifier":[""],"providers":[{"billed_charge":150.00,"npi":[1538767389,1841823994]}]}]},{"tin":{"type":"ein","value":"854090385"},"service_code":["11"],"billing_class":"professional","payments":[{"allowed_amount":109.95,"billing_code_modifier":[""],"providers":[{"billed_charge":450.00,"npi":[1568781698,1619573904]}]}]},{"tin":{"type":"ein","value":"872108005"},"service_code":["11"],"billing_class":"professional","payments":[{"allowed_amount":109.95,"billing_code_modifier":[""],"providers":[{"billed_charge":250.00,"npi":[1174299895]}]}]}]},{"name":"PSYCHIATRIC\/PSYCHOLOGICAL SVCS: PARTIAL HOSP - INT","billing_code_type":"RC","billing_code_type_version":"UB04","billing_code":"0913","description":"PSYCHIATRIC\/PSYCHOLOGICAL SVCS: PARTIAL HOSP - INT","allowed_amounts":[{"tin":{"type":"ein","value":"830962126"},"service_code":["22"],"billing_class":"institutional","payments":[{"allowed_amount":548.00,"billing_code_modifier":[""],"providers":[{"billed_charge":2900.00,"npi":[1144398454,1275029902]}]}]}]},{"name":"PSYCHIATRIC\/PSYCHOLOGICAL TRT: INTENSIVE OUT SERV","billing_code_type":"RC","billing_code_type_version":"UB04","billing_code":"0906","description":"PSYCHIATRIC\/PSYCHOLOGICAL TRT: INTENSIVE OUT SERV","allowed_amounts":[{"tin":{"type":"ein","value":"812317462"},"service_code":["22"],"billing_class":"institutional","payments":[{"allowed_amount":265.00,"billing_code_modifier":[""],"providers":[{"billed_charge":1895.00,"npi":[1376093898,1841424603]}]}]},{"tin":{"type":"ein","value":"844869164"},"service_code":["22"],"billing_class":"institutional","payments":[{"allowed_amount":265.00,"billing_code_modifier":[""],"providers":[{"billed_charge":2175.00,"npi":[1346861069,1811493596]}]}]}]},{"name":"PSYCHOTHERAPY W\/PATIENT 45 MINUTES","billing_code_type":"CPT","billing_code_type_version":"2020","billing_code":"90834","description":"PSYCHOTHERAPY W\/PATIENT 45 MINUTES","allowed_amounts":[{"tin":{"type":"ein","value":"132918924"},"service_code":["02","11"],"billing_class":"professional","payments":[{"allowed_amount":112.96,"billing_code_modifier":[""],"providers":[{"billed_charge":185.00,"npi":[1962628412]}]}]},{"tin":{"type":"ein","value":"202133112"},"service_code":["02"],"billing_class":"professional","payments":[{"allowed_amount":112.96,"billing_code_modifier":[""],"providers":[{"billed_charge":140.00,"npi":[1891846465]}]}]},{"tin":{"type":"ein","value":"341487949"},"service_code":["11"],"billing_class":"professional","payments":[{"allowed_amount":112.96,"billing_code_modifier":[""],"providers":[{"billed_charge":130.00,"npi":[1568855369]}]}]},{"tin":{"type":"ein","value":"474273731"},"service_code":["10","11"],"billing_class":"professional","payments":[{"allowed_amount":112.96,"billing_code_modifier":[""],"providers":[{"billed_charge":195.00,"npi":[1639234545]}]}]},{"tin":{"type":"ein","value":"475025949"},"service_code":["02"],"billing_class":"professional","payments":[{"allowed_amount":112.96,"billing_code_modifier":[""],"providers":[{"billed_charge":137.00,"npi":[1609361039,1760854442]}]}]},{"tin":{"type":"ein","value":"812289815"},"service_code":["02"],"billing_class":"professional","payments":[{"allowed_amount":112.96,"billing_code_modifier":[""],"providers":[{"billed_charge":200.00,"npi":[1114207529]}]}]},{"tin":{"type":"ein","value":"813695367"},"service_code":["11"],"billing_class":"professional","payments":[{"allowed_amount":112.96,"billing_code_modifier":[""],"providers":[{"billed_charge":135.00,"npi":[1295252682]}]}]},{"tin":{"type":"ein","value":"824941697"},"service_code":["02"],"billing_class":"professional","payments":[{"allowed_amount":112.96,"billing_code_modifier":[""],"providers":[{"billed_charge":180.00,"npi":[1154714699]}]}]},{"tin":{"type":"ein","value":"834112261"},"service_code":["11"],"billing_class":"professional","payments":[{"allowed_amount":112.96,"billing_code_modifier":[""],"providers":[{"billed_charge":135.00,"npi":[1023406865]}]}]},{"tin":{"type":"ein","value":"841326693"},"service_code":["11"],"billing_class":"professional","payments":[{"allowed_amount":112.96,"billing_code_modifier":[""],"providers":[{"billed_charge":135.00,"npi":[1083795686,1699098194]}]}]},{"tin":{"type":"ein","value":"850726928"},"service_code":["02","11"],"billing_class":"professional","payments":[{"allowed_amount":112.96,"billing_code_modifier":[""],"providers":[{"billed_charge":160.00,"npi":[1578095360,1821603085,1891316519]}]}]},{"tin":{"type":"ein","value":"851299098"},"service_code":["02","11"],"billing_class":"professional","payments":[{"allowed_amount":112.96,"billing_code_modifier":[""],"providers":[{"billed_charge":185.00,"npi":[1225385040]}]}]},{"tin":{"type":"ein","value":"853031545"},"service_code":["02"],"billing_class":"professional","payments":[{"allowed_amount":112.96,"billing_code_modifier":[""],"providers":[{"billed_charge":150.00,"npi":[1811281074]},{"billed_charge":170.00,"npi":[1811281074]},{"billed_charge":171.00,"npi":[1811281074]}]},{"allowed_amount":112.96,"billing_code_modifier":[""],"providers":[{"billed_charge":150.00,"npi":[1811281074]},{"billed_charge":170.00,"npi":[1811281074]},{"billed_charge":171.00,"npi":[1811281074]}]},{"allowed_amount":112.96,"billing_code_modifier":[""],"providers":[{"billed_charge":150.00,"npi":[1811281074]},{"billed_charge":170.00,"npi":[1811281074]},{"billed_charge":171.00,"npi":[1811281074]}]}]},{"tin":{"type":"ein","value":"853031545"},"service_code":["02"],"billing_class":"professional","payments":[{"allowed_amount":112.96,"billing_code_modifier":[""],"providers":[{"billed_charge":150.00,"npi":[1811281074]},{"billed_charge":170.00,"npi":[1811281074]},{"billed_charge":171.00,"npi":[1811281074]}]},{"allowed_amount":112.96,"billing_code_modifier":[""],"providers":[{"billed_charge":150.00,"npi":[1811281074]},{"billed_charge":170.00,"npi":[1811281074]},{"billed_charge":171.00,"npi":[1811281074]}]},{"allowed_amount":112.96,"billing_code_modifier":[""],"providers":[{"billed_charge":150.00,"npi":[1811281074]},{"billed_charge":170.00,"npi":[1811281074]},{"billed_charge":171.00,"npi":[1811281074]}]}]},{"tin":{"type":"ein","value":"853031545"},"service_code":["02"],"billing_class":"professional","payments":[{"allowed_amount":112.96,"billing_code_modifier":[""],"providers":[{"billed_charge":150.00,"npi":[1811281074]},{"billed_charge":170.00,"npi":[1811281074]},{"billed_charge":171.00,"npi":[1811281074]}]},{"allowed_amount":112.96,"billing_code_modifier":[""],"providers":[{"billed_charge":150.00,"npi":[1811281074]},{"billed_charge":170.00,"npi":[1811281074]},{"billed_charge":171.00,"npi":[1811281074]}]},{"allowed_amount":112.96,"billing_code_modifier":[""],"providers":[{"billed_charge":150.00,"npi":[1811281074]},{"billed_charge":170.00,"npi":[1811281074]},{"billed_charge":171.00,"npi":[1811281074]}]}]},{"tin":{"type":"ein","value":"854076656"},"service_code":["11"],"billing_class":"professional","payments":[{"allowed_amount":112.96,"billing_code_modifier":[""],"providers":[{"billed_charge":130.00,"npi":[1124545546]},{"billed_charge":260.00,"npi":[1124545546]},{"billed_charge":390.00,"npi":[1124545546]}]},{"allowed_amount":112.96,"billing_code_modifier":[""],"providers":[{"billed_charge":130.00,"npi":[1124545546]},{"billed_charge":260.00,"npi":[1124545546]},{"billed_charge":390.00,"npi":[1124545546]}]},{"allowed_amount":112.96,"billing_code_modifier":[""],"providers":[{"billed_charge":130.00,"npi":[1124545546]},{"billed_charge":260.00,"npi":[1124545546]},{"billed_charge":390.00,"npi":[1124545546]}]}]},{"tin":{"type":"ein","value":"854076656"},"service_code":["11"],"billing_class":"professional","payments":[{"allowed_amount":112.96,"billing_code_modifier":[""],"providers":[{"billed_charge":130.00,"npi":[1124545546]},{"billed_charge":260.00,"npi":[1124545546]},{"billed_charge":390.00,"npi":[1124545546]}]},{"allowed_amount":112.96,"billing_code_modifier":[""],"providers":[{"billed_charge":130.00,"npi":[1124545546]},{"billed_charge":260.00,"npi":[1124545546]},{"billed_charge":390.00,"npi":[1124545546]}]},{"allowed_amount":112.96,"billing_code_modifier":[""],"providers":[{"billed_charge":130.00,"npi":[1124545546]},{"billed_charge":260.00,"npi":[1124545546]},{"billed_charge":390.00,"npi":[1124545546]}]}]},{"tin":{"type":"ein","value":"854076656"},"service_code":["11"],"billing_class":"professional","payments":[{"allowed_amount":112.96,"billing_code_modifier":[""],"providers":[{"billed_charge":130.00,"npi":[1124545546]},{"billed_charge":260.00,"npi":[1124545546]},{"billed_charge":390.00,"npi":[1124545546]}]},{"allowed_amount":112.96,"billing_code_modifier":[""],"providers":[{"billed_charge":130.00,"npi":[1124545546]},{"billed_charge":260.00,"npi":[1124545546]},{"billed_charge":390.00,"npi":[1124545546]}]},{"allowed_amount":112.96,"billing_code_modifier":[""],"providers":[{"billed_charge":130.00,"npi":[1124545546]},{"billed_charge":260.00,"npi":[1124545546]},{"billed_charge":390.00,"npi":[1124545546]}]}]},{"tin":{"type":"ein","value":"854198958"},"service_code":["02","11"],"billing_class":"professional","payments":[{"allowed_amount":112.96,"billing_code_modifier":[""],"providers":[{"billed_charge":145.00,"npi":[1144811167]}]}]}]},{"name":"PSYCHOTHERAPY W\/PATIENT 60 MINUTES","billing_code_type":"CPT","billing_code_type_version":"2020","billing_code":"90837","description":"PSYCHOTHERAPY W\/PATIENT 60 MINUTES","allowed_amounts":[{"tin":{"type":"ein","value":"469586175"},"service_code":["11"],"billing_class":"professional","payments":[{"allowed_amount":169.22,"billing_code_modifier":[""],"providers":[{"billed_charge":175.00,"npi":[1215008651]}]}]},{"tin":{"type":"ein","value":"475025949"},"service_code":["02"],"billing_class":"professional","payments":[{"allowed_amount":169.22,"billing_code_modifier":[""],"providers":[{"billed_charge":206.00,"npi":[1164813390,1609361039,1760854442]}]}]},{"tin":{"type":"ein","value":"824941697"},"service_code":["02"],"billing_class":"professional","payments":[{"allowed_amount":169.22,"billing_code_modifier":[""],"providers":[{"billed_charge":200.00,"npi":[1154714699]}]}]},{"tin":{"type":"ein","value":"832433001"},"service_code":["02"],"billing_class":"professional","payments":[{"allowed_amount":169.22,"billing_code_modifier":[""],"providers":[{"billed_charge":301.92,"npi":[1750895306]}]}]},{"tin":{"type":"ein","value":"844543439"},"service_code":["02","11"],"billing_class":"professional","payments":[{"allowed_amount":169.22,"billing_code_modifier":[""],"providers":[{"billed_charge":180.00,"npi":[1588858633,1841823994]}]}]}]},{"name":"RESIDENTIAL TREATMENT-CHEMICAL DEPENDENCY","billing_code_type":"RC","billing_code_type_version":"UB04","billing_code":"1002","description":"RESIDENTIAL TREATMENT-CHEMICAL DEPENDENCY","allowed_amounts":[{"tin":{"type":"ein","value":"830962126"},"service_code":["21"],"billing_class":"institutional","payments":[{"allowed_amount":1712.25,"billing_code_modifier":[""],"providers":[{"billed_charge":4500.00,"npi":[1144398454,1275029902]}]}]}]},{"name":"SPEC CLCT FOR SARS-COV-2 COVID-19 ANY SPEC SRC","billing_code_type":"HCPCS","billing_code_type_version":"HCPCS LEVEL II 2021","billing_code":"G2023","description":"SPEC CLCT FOR SARS-COV-2 COVID-19 ANY SPEC SRC","allowed_amounts":[{"tin":{"type":"ein","value":"030511037"},"service_code":["81"],"billing_class":"professional","payments":[{"allowed_amount":0.00,"billing_code_modifier":[""],"providers":[{"billed_charge":117.00,"npi":[1821110453]}]}]},{"tin":{"type":"ein","value":"201236503"},"service_code":["81"],"billing_class":"professional","payments":[{"allowed_amount":0.00,"billing_code_modifier":[""],"providers":[{"billed_charge":30.00,"npi":[1225110497]}]}]},{"tin":{"type":"ein","value":"363954960"},"service_code":["81"],"billing_class":"professional","payments":[{"allowed_amount":0.00,"billing_code_modifier":[""],"providers":[{"billed_charge":50.00,"npi":[1346915923]}]}]},{"tin":{"type":"ein","value":"843172409"},"service_code":["81"],"billing_class":"professional","payments":[{"allowed_amount":0.00,"billing_code_modifier":[""],"providers":[{"billed_charge":50.00,"npi":[1003437500]}]}]},{"tin":{"type":"ein","value":"850602662"},"service_code":["81"],"billing_class":"professional","payments":[{"allowed_amount":0.00,"billing_code_modifier":[""],"providers":[{"billed_charge":23.46,"npi":[1881215622]}]}]},{"tin":{"type":"ein","value":"851365411"},"service_code":["81"],"billing_class":"professional","payments":[{"allowed_amount":0.00,"billing_code_modifier":[""],"providers":[{"billed_charge":46.92,"npi":[1033724109]}]}]},{"tin":{"type":"ein","value":"852364612"},"service_code":["81"],"billing_class":"professional","payments":[{"allowed_amount":0.00,"billing_code_modifier":[""],"providers":[{"billed_charge":70.00,"npi":[1790386746]}]}]},{"tin":{"type":"ein","value":"871389817"},"service_code":["11"],"billing_class":"professional","payments":[{"allowed_amount":0.00,"billing_code_modifier":[""],"providers":[{"billed_charge":100.00,"npi":[1770246613,1871021030]}]}]}]},{"name":"THERAP REPETITIVE TMS TX SUBSEQ DELIVERY & MNG","billing_code_type":"CPT","billing_code_type_version":"2020","billing_code":"90868","description":"THERAP REPETITIVE TMS TX SUBSEQ DELIVERY & MNG","allowed_amounts":[{"tin":{"type":"ein","value":"853547144"},"service_code":["11"],"billing_class":"professional","payments":[{"allowed_amount":200.58,"billing_code_modifier":[""],"providers":[{"billed_charge":335.00,"npi":[1386796191]}]}]}]}]}
