{"reporting_entity_name": "IEC Group_DBA AmeriBen",
	"reporting_entity_type": "Third Party Administrator",
	"plan_name": "SCP HEALTH",
	"plan_id_type": "ein",
	"plan_id": "721383025",
	"plan_market_type": "group",
	"last_updated_on": "2022-11-01","Version": "1.0.0","out_of_network":[{"name":"IADNA NOS AMPLIFIED PROBE TQ EACH ORGANISM","billing_code_type":"CPT","billing_code_type_version":"2020","billing_code":"87798","description":"IADNA NOS AMPLIFIED PROBE TQ EACH ORGANISM","allowed_amounts":[{"tin":{"type":"ein","value":"561565047"},"service_code":["81"],"billing_class":"professional","payments":[{"allowed_amount":0.00,"billing_code_modifier":[""],"providers":[{"billed_charge":60.22,"npi":[1073591822,1366440653]}]}]},{"tin":{"type":"ein","value":"561565047"},"service_code":["81"],"billing_class":"professional","payments":[{"allowed_amount":26.32,"billing_code_modifier":[""],"providers":[{"billed_charge":60.22,"npi":[1073591822,1366440653]}]}]}]},{"name":"THERAPEUTIC PX 1\/> AREAS EACH 15 MIN EXERCISES","billing_code_type":"CPT","billing_code_type_version":"2020","billing_code":"97110","description":"THERAPEUTIC PX 1\/> AREAS EACH 15 MIN EXERCISES","allowed_amounts":[{"tin":{"type":"ein","value":"131740114"},"service_code":["11"],"billing_class":"professional","payments":[{"allowed_amount":45.17,"billing_code_modifier":[""],"providers":[{"billed_charge":140.00,"npi":[1063525152,1407856990,1649942160,1881365989]},{"billed_charge":295.00,"npi":[1063525152,1649942160,1881365989]}]},{"allowed_amount":45.17,"billing_code_modifier":[""],"providers":[{"billed_charge":140.00,"npi":[1063525152,1407856990,1649942160,1881365989]},{"billed_charge":295.00,"npi":[1063525152,1649942160,1881365989]}]}]},{"tin":{"type":"ein","value":"131740114"},"service_code":["11"],"billing_class":"professional","payments":[{"allowed_amount":45.17,"billing_code_modifier":[""],"providers":[{"billed_charge":140.00,"npi":[1063525152,1407856990,1649942160,1881365989]},{"billed_charge":295.00,"npi":[1063525152,1649942160,1881365989]}]},{"allowed_amount":45.17,"billing_code_modifier":[""],"providers":[{"billed_charge":140.00,"npi":[1063525152,1407856990,1649942160,1881365989]},{"billed_charge":295.00,"npi":[1063525152,1649942160,1881365989]}]}]}]}]}
