{"reporting_entity_name": "IEC Group_DBA AmeriBen",
	"reporting_entity_type": "Third Party Administrator",
	"plan_name": "CARMEL PSYCH ASSOCIATES, P.C.",
	"plan_id_type": "ein",
	"plan_id": "061242656",
	"plan_market_type": "group",
	"last_updated_on": "2025-10-01","Version": "1.0.0","out_of_network":[{"name":"NEUROBEHAVIORAL STATUS XM PHYS\/QHP 1ST HOUR","billing_code_type":"CPT","billing_code_type_version":"2020","billing_code":"96116","description":"NEUROBEHAVIORAL STATUS XM PHYS\/QHP 1ST HOUR","allowed_amounts":[{"tin":{"type":"ein","value":"400017176"},"service_code":["11"],"billing_class":"professional","payments":[{"allowed_amount":0.00,"billing_code_modifier":[""],"providers":[{"billed_charge":336.90,"npi":[1033378161,1659943942]},{"billed_charge":727.71,"npi":[1033378161,1104130947,1659943942]}]},{"allowed_amount":0.00,"billing_code_modifier":[""],"providers":[{"billed_charge":336.90,"npi":[1033378161,1659943942]},{"billed_charge":727.71,"npi":[1033378161,1104130947,1659943942]}]}]},{"tin":{"type":"ein","value":"400017176"},"service_code":["11"],"billing_class":"professional","payments":[{"allowed_amount":0.00,"billing_code_modifier":[""],"providers":[{"billed_charge":336.90,"npi":[1033378161,1659943942]},{"billed_charge":727.71,"npi":[1033378161,1104130947,1659943942]}]},{"allowed_amount":0.00,"billing_code_modifier":[""],"providers":[{"billed_charge":336.90,"npi":[1033378161,1659943942]},{"billed_charge":727.71,"npi":[1033378161,1104130947,1659943942]}]}]}]},{"name":"PHYS\/QHP ATTN&SUPVJ HYPRBARIC OXYGEN TX\/SESSION","billing_code_type":"CPT","billing_code_type_version":"2020","billing_code":"99183","description":"PHYS\/QHP ATTN&SUPVJ HYPRBARIC OXYGEN TX\/SESSION","allowed_amounts":[{"tin":{"type":"ein","value":"400017176"},"service_code":["11"],"billing_class":"professional","payments":[{"allowed_amount":873.90,"billing_code_modifier":[""],"providers":[{"billed_charge":988.32,"npi":[1033378161,1104130947,1659943942]}]}]}]}]}
