{"reporting_entity_name": "IEC Group_DBA AmeriBen","reporting_entity_type": "Third Party Administrator","issuer_name": "Issuer Name","plan_name": "ARIZONA LOCAL GOVERNMENT EBT","plan_id_type": "ein","plan_id": "860765362","plan_market_type": "group","last_updated_on": "2026-02-01","version":  "2.0.0","provider_references":[{"provider_group_id":32,"network_name":["BLUE CROSS BLUE SHIELD OF AZ","HMN NETWORK","International Medical Solutions"],"provider_groups":[{"npi":[1528525771],"tin":{"type":"ein","value":"47-4323987","business_name":"INTERNATIONAL MEDICAL SOLUTION"}}]}],"in_network":[{"negotiation_arrangement":"ffs","name":"All coding types","billing_code_type":"CSTM-ALL","billing_code_type_version":"2022","billing_code":"CSTM-00","description":"All codes possible","negotiated_rates":[{"provider_references":[32],"network_name":["BLUE CROSS BLUE SHIELD OF AZ","HMN NETWORK","International Medical Solutions"],"negotiated_prices":[{"negotiated_type":"percentage","negotiated_rate":100.00,"expiration_date":"9999-12-31","billing_class":"professional","billing_code_modifier":[""],"service_code":["CSTM-00"],"setting":"both"},{"negotiated_type":"percentage","negotiated_rate":100.00,"expiration_date":"9999-12-31","billing_class":"institutional","billing_code_modifier":[""],"service_code":[],"setting":"both"}]},{"provider_references":[32],"network_name":["BLUE CROSS BLUE SHIELD OF AZ","HMN NETWORK","International Medical Solutions"],"negotiated_prices":[{"negotiated_type":"percentage","negotiated_rate":100.00,"expiration_date":"9999-12-31","billing_class":"professional","billing_code_modifier":[""],"service_code":["CSTM-00"],"setting":"both"},{"negotiated_type":"percentage","negotiated_rate":100.00,"expiration_date":"9999-12-31","billing_class":"institutional","billing_code_modifier":[""],"service_code":[],"setting":"both"}]}]},{"negotiation_arrangement":"ffs","name":"All coding types","billing_code_type":"CSTM-ALL","billing_code_type_version":"2022","billing_code":"CSTM-00","description":"All codes possible","negotiated_rates":[{"provider_references":[32],"network_name":["BLUE CROSS BLUE SHIELD OF AZ","HMN NETWORK","International Medical Solutions"],"negotiated_prices":[{"negotiated_type":"percentage","negotiated_rate":100.00,"expiration_date":"9999-12-31","billing_class":"professional","billing_code_modifier":[""],"service_code":["CSTM-00"],"setting":"both"},{"negotiated_type":"percentage","negotiated_rate":100.00,"expiration_date":"9999-12-31","billing_class":"institutional","billing_code_modifier":[""],"service_code":[],"setting":"both"}]},{"provider_references":[32],"network_name":["BLUE CROSS BLUE SHIELD OF AZ","HMN NETWORK","International Medical Solutions"],"negotiated_prices":[{"negotiated_type":"percentage","negotiated_rate":100.00,"expiration_date":"9999-12-31","billing_class":"professional","billing_code_modifier":[""],"service_code":["CSTM-00"],"setting":"both"},{"negotiated_type":"percentage","negotiated_rate":100.00,"expiration_date":"9999-12-31","billing_class":"institutional","billing_code_modifier":[""],"service_code":[],"setting":"both"}]}]}]}
