{"reporting_entity_name": "IEC Group_DBA AmeriBen",
	"reporting_entity_type": "Third Party Administrator",
	"plan_name": "RALEY'S",
	"plan_id_type": "ein",
	"plan_id": "",
	"plan_market_type": "group",
	"last_updated_on": "2025-04-01","Version": "1.0.0","out_of_network":[{"name":"APPL MODALITY 1\/> AREAS TRACTION MECHANICAL","billing_code_type":"CPT","billing_code_type_version":"2020","billing_code":"97012","description":"APPL MODALITY 1\/> AREAS TRACTION MECHANICAL","allowed_amounts":[{"tin":{"type":"ein","value":"551812191"},"service_code":["11"],"billing_class":"professional","payments":[{"allowed_amount":20.00,"billing_code_modifier":[""],"providers":[{"billed_charge":199.00,"npi":[1598921652]}]}]},{"tin":{"type":"ein","value":"680072656"},"service_code":["11"],"billing_class":"professional","payments":[{"allowed_amount":20.00,"billing_code_modifier":[""],"providers":[{"billed_charge":25.00,"npi":[1568408110]}]}]}]},{"name":"APPLICATION MODALITY 1\/> AREAS HOT\/COLD PACKS","billing_code_type":"CPT","billing_code_type_version":"2020","billing_code":"97010","description":"APPLICATION MODALITY 1\/> AREAS HOT\/COLD PACKS","allowed_amounts":[{"tin":{"type":"ein","value":"551812191"},"service_code":["11"],"billing_class":"professional","payments":[{"allowed_amount":0.00,"billing_code_modifier":[""],"providers":[{"billed_charge":10.00,"npi":[1598921652]}]}]},{"tin":{"type":"ein","value":"553730667"},"service_code":["11"],"billing_class":"professional","payments":[{"allowed_amount":0.00,"billing_code_modifier":[""],"providers":[{"billed_charge":30.00,"npi":[1073524914]}]}]},{"tin":{"type":"ein","value":"880474173"},"service_code":["11"],"billing_class":"professional","payments":[{"allowed_amount":0.00,"billing_code_modifier":[""],"providers":[{"billed_charge":20.00,"npi":[1649279365,1720532294]}]}]}]},{"name":"DRUGS REQUIRE SPECIFIC ID: DRUGS REQUIRING DETAIL","billing_code_type":"RC","billing_code_type_version":"UB04","billing_code":"0636","description":"DRUGS REQUIRE SPECIFIC ID: DRUGS REQUIRING DETAIL","allowed_amounts":[{"tin":{"type":"ein","value":"261443057"},"service_code":["65"],"billing_class":"institutional","payments":[{"allowed_amount":5.33,"billing_code_modifier":[""],"providers":[{"billed_charge":102.00,"npi":[1356337968,1801050604]}]}]}]},{"name":"ECG ROUTINE ECG W\/LEAST 12 LDS I&R ONLY","billing_code_type":"CPT","billing_code_type_version":"2020","billing_code":"93010","description":"ECG ROUTINE ECG W\/LEAST 12 LDS I&R ONLY","allowed_amounts":[{"tin":{"type":"ein","value":"205048404"},"service_code":["23"],"billing_class":"professional","payments":[{"allowed_amount":0.00,"billing_code_modifier":[""],"providers":[{"billed_charge":92.00,"npi":[1154741478,1376573378,1578925566,1629572680,1932426012]}]}]},{"tin":{"type":"ein","value":"273288810"},"service_code":["23"],"billing_class":"professional","payments":[{"allowed_amount":0.00,"billing_code_modifier":[""],"providers":[{"billed_charge":68.71,"npi":[1083916373,1124197660,1831177203]}]}]},{"tin":{"type":"ein","value":"274752989"},"service_code":["23"],"billing_class":"professional","payments":[{"allowed_amount":0.00,"billing_code_modifier":[""],"providers":[{"billed_charge":80.83,"npi":[1164928800,1518018191,1588960413]}]}]},{"tin":{"type":"ein","value":"460508979"},"service_code":["23"],"billing_class":"professional","payments":[{"allowed_amount":0.00,"billing_code_modifier":[""],"providers":[{"billed_charge":34.00,"npi":[1063708022,1104871961,1447742960,1467883975,1821304775,1972160299]}]}]},{"tin":{"type":"ein","value":"752632235"},"service_code":["23"],"billing_class":"professional","payments":[{"allowed_amount":0.00,"billing_code_modifier":[""],"providers":[{"billed_charge":97.00,"npi":[1114450699,1902855992]}]}]},{"tin":{"type":"ein","value":"814399995"},"service_code":["23"],"billing_class":"professional","payments":[{"allowed_amount":0.00,"billing_code_modifier":[""],"providers":[{"billed_charge":51.00,"npi":[1245772870,1255829784]}]}]},{"tin":{"type":"ein","value":"825362420"},"service_code":["23"],"billing_class":"professional","payments":[{"allowed_amount":0.00,"billing_code_modifier":[""],"providers":[{"billed_charge":57.00,"npi":[1306311576,1386746337,1972545952]}]}]},{"tin":{"type":"ein","value":"860415065"},"service_code":["23"],"billing_class":"professional","payments":[{"allowed_amount":0.00,"billing_code_modifier":[""],"providers":[{"billed_charge":92.00,"npi":[1851331961,1861831695,1902936164,1912136557,1942837703]}]}]},{"tin":{"type":"ein","value":"860593131"},"service_code":["23"],"billing_class":"professional","payments":[{"allowed_amount":0.00,"billing_code_modifier":[""],"providers":[{"billed_charge":86.00,"npi":[1023298551,1083671432,1174570923,1225271299,1376862888,1598349532,1639531536,1679967855,1760916209,1841261468]},{"billed_charge":172.00,"npi":[1083671432,1639531536]}]},{"allowed_amount":0.00,"billing_code_modifier":[""],"providers":[{"billed_charge":86.00,"npi":[1023298551,1083671432,1174570923,1225271299,1376862888,1598349532,1639531536,1679967855,1760916209,1841261468]},{"billed_charge":172.00,"npi":[1083671432,1639531536]}]}]},{"tin":{"type":"ein","value":"860593131"},"service_code":["23"],"billing_class":"professional","payments":[{"allowed_amount":0.00,"billing_code_modifier":[""],"providers":[{"billed_charge":86.00,"npi":[1023298551,1083671432,1174570923,1225271299,1376862888,1598349532,1639531536,1679967855,1760916209,1841261468]},{"billed_charge":172.00,"npi":[1083671432,1639531536]}]},{"allowed_amount":0.00,"billing_code_modifier":[""],"providers":[{"billed_charge":86.00,"npi":[1023298551,1083671432,1174570923,1225271299,1376862888,1598349532,1639531536,1679967855,1760916209,1841261468]},{"billed_charge":172.00,"npi":[1083671432,1639531536]}]}]},{"tin":{"type":"ein","value":"860719852"},"service_code":["23"],"billing_class":"professional","payments":[{"allowed_amount":0.00,"billing_code_modifier":[""],"providers":[{"billed_charge":19.20,"npi":[1851706881]}]}]},{"tin":{"type":"ein","value":"873202637"},"service_code":["23"],"billing_class":"professional","payments":[{"allowed_amount":0.00,"billing_code_modifier":[""],"providers":[{"billed_charge":53.00,"npi":[1093078396,1487670188,1588227466,1821752213]}]}]},{"tin":{"type":"ein","value":"873825600"},"service_code":["23"],"billing_class":"professional","payments":[{"allowed_amount":0.00,"billing_code_modifier":[""],"providers":[{"billed_charge":141.34,"npi":[1659039618,1760725188]}]}]}]},{"name":"EMERGENCY DEPARTMENT VISIT HIGH MDM","billing_code_type":"CPT","billing_code_type_version":"2020","billing_code":"99285","description":"EMERGENCY DEPARTMENT VISIT HIGH MDM","allowed_amounts":[{"tin":{"type":"ein","value":"205048404"},"service_code":["23"],"billing_class":"professional","payments":[{"allowed_amount":248.90,"billing_code_modifier":[""],"providers":[{"billed_charge":1800.00,"npi":[1376573378,1629572680,1932426012]}]}]},{"tin":{"type":"ein","value":"205048404"},"service_code":["23"],"billing_class":"professional","payments":[{"allowed_amount":268.92,"billing_code_modifier":[""],"providers":[{"billed_charge":1800.00,"npi":[1225618895,1376573378]}]}]},{"tin":{"type":"ein","value":"352574944"},"service_code":["23"],"billing_class":"professional","payments":[{"allowed_amount":248.90,"billing_code_modifier":[""],"providers":[{"billed_charge":3522.00,"npi":[1659640977,1700328663]}]}]},{"tin":{"type":"ein","value":"460508979"},"service_code":["23"],"billing_class":"professional","payments":[{"allowed_amount":248.90,"billing_code_modifier":[""],"providers":[{"billed_charge":1516.00,"npi":[1023579281,1063708022,1104871961,1184670317,1417483538,1447742960,1740715556,1821304775]}]}]},{"tin":{"type":"ein","value":"460508979"},"service_code":["23"],"billing_class":"professional","payments":[{"allowed_amount":268.92,"billing_code_modifier":[""],"providers":[{"billed_charge":1516.00,"npi":[1104871961,1336107218,1659759595,1972160299]}]}]},{"tin":{"type":"ein","value":"464102898"},"service_code":["23"],"billing_class":"professional","payments":[{"allowed_amount":248.90,"billing_code_modifier":[""],"providers":[{"billed_charge":1723.00,"npi":[1154959229,1295364313,1518398585]}]}]},{"tin":{"type":"ein","value":"752632235"},"service_code":["23"],"billing_class":"professional","payments":[{"allowed_amount":248.90,"billing_code_modifier":[""],"providers":[{"billed_charge":1980.00,"npi":[1619952587,1902855992]}]}]},{"tin":{"type":"ein","value":"814399995"},"service_code":["23"],"billing_class":"professional","payments":[{"allowed_amount":248.90,"billing_code_modifier":[""],"providers":[{"billed_charge":1418.00,"npi":[1114120896,1245772870,1255829784]}]}]},{"tin":{"type":"ein","value":"814399995"},"service_code":["23"],"billing_class":"professional","payments":[{"allowed_amount":268.92,"billing_code_modifier":[""],"providers":[{"billed_charge":1418.00,"npi":[1245772870,1285708172,1295961613,1437712890,1619312824,1740217264,1740667906,1932464609,1982632055]}]}]},{"tin":{"type":"ein","value":"860415065"},"service_code":["23"],"billing_class":"professional","payments":[{"allowed_amount":248.90,"billing_code_modifier":[""],"providers":[{"billed_charge":1800.00,"npi":[1063751592,1316524010,1447779608,1508220971,1811490683,1861831695,1902936164,1912136557,1992201891]}]}]},{"tin":{"type":"ein","value":"860593131"},"service_code":["23"],"billing_class":"professional","payments":[{"allowed_amount":248.90,"billing_code_modifier":[""],"providers":[{"billed_charge":1796.00,"npi":[1023298551,1083671432,1376862888,1760916209,1780264549,1871056812,1952715963]}]}]},{"tin":{"type":"ein","value":"860593131"},"service_code":["23"],"billing_class":"professional","payments":[{"allowed_amount":268.92,"billing_code_modifier":[""],"providers":[{"billed_charge":1796.00,"npi":[1083671432,1235181249,1316110356]}]}]}]},{"name":"EMERGENCY DEPARTMENT VISIT MODERATE MDM","billing_code_type":"CPT","billing_code_type_version":"2020","billing_code":"99284","description":"EMERGENCY DEPARTMENT VISIT MODERATE MDM","allowed_amounts":[{"tin":{"type":"ein","value":"460508979"},"service_code":["23"],"billing_class":"professional","payments":[{"allowed_amount":159.85,"billing_code_modifier":[""],"providers":[{"billed_charge":1026.00,"npi":[1104871961,1215375530,1285195453,1295711208,1639116668,1801200720,1831622430,1902366370]}]}]},{"tin":{"type":"ein","value":"464102898"},"service_code":["23"],"billing_class":"professional","payments":[{"allowed_amount":159.85,"billing_code_modifier":[""],"providers":[{"billed_charge":1172.00,"npi":[1518398585,1730858051]}]}]},{"tin":{"type":"ein","value":"464102898"},"service_code":["23"],"billing_class":"professional","payments":[{"allowed_amount":172.71,"billing_code_modifier":[""],"providers":[{"billed_charge":1172.00,"npi":[1053991281,1518398585]}]}]},{"tin":{"type":"ein","value":"752632235"},"service_code":["23"],"billing_class":"professional","payments":[{"allowed_amount":172.71,"billing_code_modifier":[""],"providers":[{"billed_charge":1350.00,"npi":[1730858051,1902855992]}]}]},{"tin":{"type":"ein","value":"814399995"},"service_code":["23"],"billing_class":"professional","payments":[{"allowed_amount":159.85,"billing_code_modifier":[""],"providers":[{"billed_charge":895.00,"npi":[1114977154,1245772870,1518948892]}]}]},{"tin":{"type":"ein","value":"814399995"},"service_code":["23"],"billing_class":"professional","payments":[{"allowed_amount":172.71,"billing_code_modifier":[""],"providers":[{"billed_charge":895.00,"npi":[1093178329,1205323342,1245772870,1306297643,1538177092,1629361936,1891886479]}]}]},{"tin":{"type":"ein","value":"860415065"},"service_code":["23"],"billing_class":"professional","payments":[{"allowed_amount":159.85,"billing_code_modifier":[""],"providers":[{"billed_charge":1227.00,"npi":[1003875956,1083032361,1295198711,1609455369,1699026435,1699414870,1740742626,1891986287,1902936164]}]}]},{"tin":{"type":"ein","value":"860593131"},"service_code":["23"],"billing_class":"professional","payments":[{"allowed_amount":159.85,"billing_code_modifier":[""],"providers":[{"billed_charge":1223.00,"npi":[1023298551,1083671432,1174715726,1679967855,1760916209]}]}]},{"tin":{"type":"ein","value":"860593131"},"service_code":["23"],"billing_class":"professional","payments":[{"allowed_amount":172.71,"billing_code_modifier":[""],"providers":[{"billed_charge":1223.00,"npi":[1083671432,1376862888,1720664766,1760916209]}]}]},{"tin":{"type":"ein","value":"873825600"},"service_code":["23"],"billing_class":"professional","payments":[{"allowed_amount":172.71,"billing_code_modifier":[""],"providers":[{"billed_charge":2461.65,"npi":[1659039618,1760725188]}]}]}]},{"name":"EMERGENCY ROOM","billing_code_type":"RC","billing_code_type_version":"UB04","billing_code":"0450","description":"EMERGENCY ROOM","allowed_amounts":[{"tin":{"type":"ein","value":"562462581"},"service_code":["23"],"billing_class":"institutional","payments":[{"allowed_amount":500.00,"billing_code_modifier":[""],"providers":[{"billed_charge":500.00,"npi":[1184994857,1194046169,1215280805,1255674362,1376179226,1427335140,1538331137,1639583578,1689756694]}]}]}]},{"name":"ESRD SVC HOME DIALYSIS FULL MONTH 20 YR OLD","billing_code_type":"CPT","billing_code_type_version":"2020","billing_code":"90966","description":"ESRD SVC HOME DIALYSIS FULL MONTH 20 YR OLD","allowed_amounts":[{"tin":{"type":"ein","value":"860959487"},"service_code":["65"],"billing_class":"professional","payments":[{"allowed_amount":329.16,"billing_code_modifier":[""],"providers":[{"billed_charge":587.00,"npi":[1083008247,1316902208,1861462707]}]}]}]},{"name":"HEMO OPD\/HOME: HEMODIALYSIS COMP OR OTHER RATE","billing_code_type":"RC","billing_code_type_version":"UB04","billing_code":"0821","description":"HEMO OPD\/HOME: HEMODIALYSIS COMP OR OTHER RATE","allowed_amounts":[{"tin":{"type":"ein","value":"042977283"},"service_code":["65"],"billing_class":"institutional","payments":[{"allowed_amount":306.18,"billing_code_modifier":[""],"providers":[{"billed_charge":8832.00,"npi":[1083008247,1861462707]}]}]},{"tin":{"type":"ein","value":"042977283"},"service_code":["65"],"billing_class":"institutional","payments":[{"allowed_amount":306.32,"billing_code_modifier":[""],"providers":[{"billed_charge":8832.00,"npi":[1083008247,1861462707]}]}]},{"tin":{"type":"ein","value":"042977283"},"service_code":["65"],"billing_class":"institutional","payments":[{"allowed_amount":308.76,"billing_code_modifier":[""],"providers":[{"billed_charge":8832.00,"npi":[1083008247,1861462707]}]}]},{"tin":{"type":"ein","value":"042977283"},"service_code":["65"],"billing_class":"institutional","payments":[{"allowed_amount":309.05,"billing_code_modifier":[""],"providers":[{"billed_charge":8832.00,"npi":[1083008247,1861462707]}]}]},{"tin":{"type":"ein","value":"042977283"},"service_code":["65"],"billing_class":"institutional","payments":[{"allowed_amount":313.33,"billing_code_modifier":[""],"providers":[{"billed_charge":8832.00,"npi":[1083008247,1861462707]}]}]},{"tin":{"type":"ein","value":"223757512"},"service_code":["65"],"billing_class":"institutional","payments":[{"allowed_amount":308.76,"billing_code_modifier":[""],"providers":[{"billed_charge":8832.00,"npi":[1124122908,1508801390]}]}]}]},{"name":"MEDICAL\/SURGICAL SUPPLIES","billing_code_type":"RC","billing_code_type_version":"UB04","billing_code":"0270","description":"MEDICAL\/SURGICAL SUPPLIES","allowed_amounts":[{"tin":{"type":"ein","value":"042977283"},"service_code":["65"],"billing_class":"institutional","payments":[{"allowed_amount":5.17,"billing_code_modifier":[""],"providers":[{"billed_charge":149.10,"npi":[1083008247,1861462707]}]}]},{"tin":{"type":"ein","value":"261443057"},"service_code":["65"],"billing_class":"institutional","payments":[{"allowed_amount":5.17,"billing_code_modifier":[""],"providers":[{"billed_charge":136.05,"npi":[1356337968,1801050604]}]}]}]},{"name":"PHARMACY","billing_code_type":"RC","billing_code_type_version":"UB04","billing_code":"0250","description":"PHARMACY","allowed_amounts":[{"tin":{"type":"ein","value":"953372911"},"service_code":["65"],"billing_class":"institutional","payments":[{"allowed_amount":0.03,"billing_code_modifier":[""],"providers":[{"billed_charge":0.68,"npi":[1659889632,1902018294]}]}]},{"tin":{"type":"ein","value":"261443057"},"service_code":["65"],"billing_class":"institutional","payments":[{"allowed_amount":0.03,"billing_code_modifier":[""],"providers":[{"billed_charge":0.68,"npi":[1356337968,1801050604]},{"billed_charge":0.94,"npi":[1356337968,1801050604]}]},{"allowed_amount":0.03,"billing_code_modifier":[""],"providers":[{"billed_charge":0.68,"npi":[1356337968,1801050604]},{"billed_charge":0.94,"npi":[1356337968,1801050604]}]}]},{"tin":{"type":"ein","value":"261443057"},"service_code":["65"],"billing_class":"institutional","payments":[{"allowed_amount":0.03,"billing_code_modifier":[""],"providers":[{"billed_charge":0.68,"npi":[1356337968,1801050604]},{"billed_charge":0.94,"npi":[1356337968,1801050604]}]},{"allowed_amount":0.03,"billing_code_modifier":[""],"providers":[{"billed_charge":0.68,"npi":[1356337968,1801050604]},{"billed_charge":0.94,"npi":[1356337968,1801050604]}]}]},{"tin":{"type":"ein","value":"261443057"},"service_code":["65"],"billing_class":"institutional","payments":[{"allowed_amount":0.04,"billing_code_modifier":[""],"providers":[{"billed_charge":0.68,"npi":[1356337968,1801050604]},{"billed_charge":0.94,"npi":[1356337968,1801050604]}]},{"allowed_amount":0.04,"billing_code_modifier":[""],"providers":[{"billed_charge":0.68,"npi":[1356337968,1801050604]},{"billed_charge":0.94,"npi":[1356337968,1801050604]}]}]},{"tin":{"type":"ein","value":"261443057"},"service_code":["65"],"billing_class":"institutional","payments":[{"allowed_amount":0.04,"billing_code_modifier":[""],"providers":[{"billed_charge":0.68,"npi":[1356337968,1801050604]},{"billed_charge":0.94,"npi":[1356337968,1801050604]}]},{"allowed_amount":0.04,"billing_code_modifier":[""],"providers":[{"billed_charge":0.68,"npi":[1356337968,1801050604]},{"billed_charge":0.94,"npi":[1356337968,1801050604]}]}]},{"tin":{"type":"ein","value":"261443057"},"service_code":["65"],"billing_class":"institutional","payments":[{"allowed_amount":0.05,"billing_code_modifier":[""],"providers":[{"billed_charge":0.94,"npi":[1356337968,1801050604]}]}]},{"tin":{"type":"ein","value":"261443057"},"service_code":["65"],"billing_class":"institutional","payments":[{"allowed_amount":0.10,"billing_code_modifier":[""],"providers":[{"billed_charge":1.88,"npi":[1356337968,1801050604]}]}]},{"tin":{"type":"ein","value":"263558729"},"service_code":["65"],"billing_class":"institutional","payments":[{"allowed_amount":0.03,"billing_code_modifier":[""],"providers":[{"billed_charge":0.68,"npi":[1144517517,1679713036]}]}]},{"tin":{"type":"ein","value":"263558729"},"service_code":["65"],"billing_class":"institutional","payments":[{"allowed_amount":0.04,"billing_code_modifier":[""],"providers":[{"billed_charge":0.94,"npi":[1144517517,1679713036]}]}]},{"tin":{"type":"ein","value":"263558729"},"service_code":["65"],"billing_class":"institutional","payments":[{"allowed_amount":0.05,"billing_code_modifier":[""],"providers":[{"billed_charge":0.94,"npi":[1144517517,1679713036]}]}]}]},{"name":"PSYCHOTHERAPY W\/PATIENT 60 MINUTES","billing_code_type":"CPT","billing_code_type_version":"2020","billing_code":"90837","description":"PSYCHOTHERAPY W\/PATIENT 60 MINUTES","allowed_amounts":[{"tin":{"type":"ein","value":"844424562"},"service_code":["11"],"billing_class":"professional","payments":[{"allowed_amount":200.00,"billing_code_modifier":[""],"providers":[{"billed_charge":200.00,"npi":[1760806533,1770114662]}]}]}]},{"name":"SBSQ HOSPITAL IP\/OBS CARE HIGH MDM 50 MINUTES","billing_code_type":"CPT","billing_code_type_version":"2020","billing_code":"99233","description":"SBSQ HOSPITAL IP\/OBS CARE HIGH MDM 50 MINUTES","allowed_amounts":[{"tin":{"type":"ein","value":"464363525"},"service_code":["61"],"billing_class":"professional","payments":[{"allowed_amount":116.28,"billing_code_modifier":[""],"providers":[{"billed_charge":200.00,"npi":[1013476159,1184049322]}]}]},{"tin":{"type":"ein","value":"844284477"},"service_code":["21"],"billing_class":"professional","payments":[{"allowed_amount":116.28,"billing_code_modifier":[""],"providers":[{"billed_charge":616.00,"npi":[1023304797,1124430004,1215221940,1457317448,1568083970,1689239410,1912629916,1962065425]}]}]},{"tin":{"type":"ein","value":"861045280"},"service_code":["21"],"billing_class":"professional","payments":[{"allowed_amount":116.28,"billing_code_modifier":[""],"providers":[{"billed_charge":140.00,"npi":[1831166230,1871550681]}]}]}]},{"name":"SBSQ NURSING FACILITY CARE LOW MDM 20 MINUTES","billing_code_type":"CPT","billing_code_type_version":"2020","billing_code":"99308","description":"SBSQ NURSING FACILITY CARE LOW MDM 20 MINUTES","allowed_amounts":[{"tin":{"type":"ein","value":"464062039"},"service_code":["31"],"billing_class":"professional","payments":[{"allowed_amount":158.00,"billing_code_modifier":[""],"providers":[{"billed_charge":158.00,"npi":[1023724721,1255766267,1740441294]}]}]}]}]}
