{"reporting_entity_name": "IEC Group_DBA AmeriBen",
	"reporting_entity_type": "Third Party Administrator",
	"plan_name": "CKS PACKAGING INC",
	"plan_id_type": "ein",
	"plan_id": "581645660",
	"plan_market_type": "group",
	"last_updated_on": "2024-11-01","Version": "1.0.0","out_of_network":[{"name":"25 HYDROXY INCLUDES FRACTIONS IF PERFORMED","billing_code_type":"CPT","billing_code_type_version":"2020","billing_code":"82306","description":"25 HYDROXY INCLUDES FRACTIONS IF PERFORMED","allowed_amounts":[{"tin":{"type":"ein","value":"382084239"},"service_code":["81"],"billing_class":"professional","payments":[{"allowed_amount":14.26,"billing_code_modifier":[""],"providers":[{"billed_charge":266.02,"npi":[1528591716,1770655987,1922187871,1932166386]}]}]},{"tin":{"type":"ein","value":"751093698"},"service_code":["81"],"billing_class":"professional","payments":[{"allowed_amount":14.26,"billing_code_modifier":[""],"providers":[{"billed_charge":81.25,"npi":[1659339711,1942207881,1962481820]}]}]},{"tin":{"type":"ein","value":"810576059"},"service_code":["81"],"billing_class":"professional","payments":[{"allowed_amount":14.26,"billing_code_modifier":[""],"providers":[{"billed_charge":124.08,"npi":[1235186800,1770655987,1770909236,1922096882]}]}]},{"tin":{"type":"ein","value":"852981413"},"service_code":["81"],"billing_class":"professional","payments":[{"allowed_amount":14.26,"billing_code_modifier":[""],"providers":[{"billed_charge":45.00,"npi":[1295323053,1306860044]}]}]}]},{"name":"ASSAY OF MAGNESIUM","billing_code_type":"CPT","billing_code_type_version":"2020","billing_code":"83735","description":"ASSAY OF MAGNESIUM","allowed_amounts":[{"tin":{"type":"ein","value":"462187282"},"service_code":["23"],"billing_class":"professional","payments":[{"allowed_amount":0.00,"billing_code_modifier":[""],"providers":[{"billed_charge":15.00,"npi":[1093057655,1609846484]}]}]},{"tin":{"type":"ein","value":"921353241"},"service_code":["21"],"billing_class":"professional","payments":[{"allowed_amount":0.00,"billing_code_modifier":[""],"providers":[{"billed_charge":11.00,"npi":[1154327559,1548764053,1811286446,1831190958,1831890169]}]}]},{"tin":{"type":"ein","value":"943357013"},"service_code":["81"],"billing_class":"professional","payments":[{"allowed_amount":0.00,"billing_code_modifier":[""],"providers":[{"billed_charge":81.00,"npi":[1619978772,1982606992]}]}]}]},{"name":"ASSAY OF PHOSPHORUS INORGANIC","billing_code_type":"CPT","billing_code_type_version":"2020","billing_code":"84100","description":"ASSAY OF PHOSPHORUS INORGANIC","allowed_amounts":[{"tin":{"type":"ein","value":"921353241"},"service_code":["21"],"billing_class":"professional","payments":[{"allowed_amount":0.00,"billing_code_modifier":[""],"providers":[{"billed_charge":11.00,"npi":[1154327559,1548764053,1811286446,1831190958,1831890169]}]}]},{"tin":{"type":"ein","value":"943357013"},"service_code":["81"],"billing_class":"professional","payments":[{"allowed_amount":0.00,"billing_code_modifier":[""],"providers":[{"billed_charge":57.00,"npi":[1619978772,1982606992]}]}]}]},{"name":"BLOOD COUNT COMPLETE AUTO&AUTO DIFRNTL WBC","billing_code_type":"CPT","billing_code_type_version":"2020","billing_code":"85025","description":"BLOOD COUNT COMPLETE AUTO&AUTO DIFRNTL WBC","allowed_amounts":[{"tin":{"type":"ein","value":"462187282"},"service_code":["23"],"billing_class":"professional","payments":[{"allowed_amount":0.00,"billing_code_modifier":[""],"providers":[{"billed_charge":30.00,"npi":[1043698111,1093057655,1609846484]}]}]},{"tin":{"type":"ein","value":"840611484"},"service_code":["81"],"billing_class":"professional","payments":[{"allowed_amount":0.00,"billing_code_modifier":[""],"providers":[{"billed_charge":33.69,"npi":[1225146202,1255314704]}]}]},{"tin":{"type":"ein","value":"921353241"},"service_code":["21"],"billing_class":"professional","payments":[{"allowed_amount":0.00,"billing_code_modifier":[""],"providers":[{"billed_charge":27.50,"npi":[1154327559,1548764053,1811286446,1831190958,1831890169]}]}]}]},{"name":"BLOOD COUNT HEMOGLOBIN","billing_code_type":"CPT","billing_code_type_version":"2020","billing_code":"85018","description":"BLOOD COUNT HEMOGLOBIN","allowed_amounts":[{"tin":{"type":"ein","value":"943357013"},"service_code":["81"],"billing_class":"professional","payments":[{"allowed_amount":1.78,"billing_code_modifier":[""],"providers":[{"billed_charge":29.00,"npi":[1619978772,1982606992]}]}]}]},{"name":"COMPREHENSIVE METABOLIC PANEL","billing_code_type":"CPT","billing_code_type_version":"2020","billing_code":"80053","description":"COMPREHENSIVE METABOLIC PANEL","allowed_amounts":[{"tin":{"type":"ein","value":"382084239"},"service_code":["81"],"billing_class":"professional","payments":[{"allowed_amount":5.09,"billing_code_modifier":[""],"providers":[{"billed_charge":89.89,"npi":[1770655987,1932166386]},{"billed_charge":96.88,"npi":[1194188516,1497074298,1548905326,1922187871,1932166386,1932569258]}]},{"allowed_amount":5.09,"billing_code_modifier":[""],"providers":[{"billed_charge":89.89,"npi":[1770655987,1932166386]},{"billed_charge":96.88,"npi":[1194188516,1497074298,1548905326,1922187871,1932166386,1932569258]}]}]},{"tin":{"type":"ein","value":"382084239"},"service_code":["81"],"billing_class":"professional","payments":[{"allowed_amount":5.09,"billing_code_modifier":[""],"providers":[{"billed_charge":89.89,"npi":[1770655987,1932166386]},{"billed_charge":96.88,"npi":[1194188516,1497074298,1548905326,1922187871,1932166386,1932569258]}]},{"allowed_amount":5.09,"billing_code_modifier":[""],"providers":[{"billed_charge":89.89,"npi":[1770655987,1932166386]},{"billed_charge":96.88,"npi":[1194188516,1497074298,1548905326,1922187871,1932166386,1932569258]}]}]},{"tin":{"type":"ein","value":"462187282"},"service_code":["23"],"billing_class":"professional","payments":[{"allowed_amount":0.00,"billing_code_modifier":[""],"providers":[{"billed_charge":45.00,"npi":[1043698111,1093057655,1609846484]}]}]},{"tin":{"type":"ein","value":"471359076"},"service_code":["81"],"billing_class":"professional","payments":[{"allowed_amount":5.09,"billing_code_modifier":[""],"providers":[{"billed_charge":31.68,"npi":[1134538713,1235264342]}]}]},{"tin":{"type":"ein","value":"751093698"},"service_code":["81"],"billing_class":"professional","payments":[{"allowed_amount":5.09,"billing_code_modifier":[""],"providers":[{"billed_charge":29.00,"npi":[1659339711,1962481820]}]}]},{"tin":{"type":"ein","value":"810576059"},"service_code":["81"],"billing_class":"professional","payments":[{"allowed_amount":5.09,"billing_code_modifier":[""],"providers":[{"billed_charge":21.12,"npi":[1235186800,1285922450,1770655987]}]}]},{"tin":{"type":"ein","value":"840611484"},"service_code":["81"],"billing_class":"professional","payments":[{"allowed_amount":0.00,"billing_code_modifier":[""],"providers":[{"billed_charge":49.44,"npi":[1225146202,1255314704]}]}]},{"tin":{"type":"ein","value":"921353241"},"service_code":["21"],"billing_class":"professional","payments":[{"allowed_amount":0.00,"billing_code_modifier":[""],"providers":[{"billed_charge":33.00,"npi":[1154327559,1548764053,1811286446,1831190958,1831890169]}]}]},{"tin":{"type":"ein","value":"943357013"},"service_code":["81"],"billing_class":"professional","payments":[{"allowed_amount":0.00,"billing_code_modifier":[""],"providers":[{"billed_charge":127.00,"npi":[1619978772,1982606992]}]}]}]},{"name":"CULTURE BACTERIAL QUANTTATIVE COLONY COUNT URINE","billing_code_type":"CPT","billing_code_type_version":"2020","billing_code":"87086","description":"CULTURE BACTERIAL QUANTTATIVE COLONY COUNT URINE","allowed_amounts":[{"tin":{"type":"ein","value":"382084239"},"service_code":["81"],"billing_class":"professional","payments":[{"allowed_amount":3.38,"billing_code_modifier":[""],"providers":[{"billed_charge":66.83,"npi":[1083080550,1134233620,1770655987,1932166386]}]}]},{"tin":{"type":"ein","value":"471359076"},"service_code":["81"],"billing_class":"professional","payments":[{"allowed_amount":3.38,"billing_code_modifier":[""],"providers":[{"billed_charge":24.21,"npi":[1134538713,1639113848]}]}]},{"tin":{"type":"ein","value":"751093698"},"service_code":["81"],"billing_class":"professional","payments":[{"allowed_amount":3.38,"billing_code_modifier":[""],"providers":[{"billed_charge":22.15,"npi":[1194769497,1407311012,1962481820]}]}]},{"tin":{"type":"ein","value":"810576059"},"service_code":["81"],"billing_class":"professional","payments":[{"allowed_amount":3.38,"billing_code_modifier":[""],"providers":[{"billed_charge":33.84,"npi":[1235186800,1437898434,1770655987]}]}]}]},{"name":"DRUG TEST DEF 1-7 CLASSES","billing_code_type":"HCPCS","billing_code_type_version":"HCPCS LEVEL II 2021","billing_code":"G0480","description":"DRUG TEST DEF 1-7 CLASSES","allowed_amounts":[{"tin":{"type":"ein","value":"382084239"},"service_code":["81"],"billing_class":"professional","payments":[{"allowed_amount":38.90,"billing_code_modifier":[""],"providers":[{"billed_charge":120.00,"npi":[1316122922,1528055027,1932166386]}]}]},{"tin":{"type":"ein","value":"471359076"},"service_code":["81"],"billing_class":"professional","payments":[{"allowed_amount":38.90,"billing_code_modifier":[""],"providers":[{"billed_charge":228.86,"npi":[1134538713,1235264342]}]}]},{"tin":{"type":"ein","value":"541882269"},"service_code":["81"],"billing_class":"professional","payments":[{"allowed_amount":38.90,"billing_code_modifier":[""],"providers":[{"billed_charge":250.00,"npi":[1770993792,1912903717]}]}]}]},{"name":"DRUG TEST DEF 8-14 CLASSES","billing_code_type":"HCPCS","billing_code_type_version":"HCPCS LEVEL II 2021","billing_code":"G0481","description":"DRUG TEST DEF 8-14 CLASSES","allowed_amounts":[{"tin":{"type":"ein","value":"474527287"},"service_code":["81"],"billing_class":"professional","payments":[{"allowed_amount":0.00,"billing_code_modifier":[""],"providers":[{"billed_charge":782.95,"npi":[1134282114,1407426760,1851768097]}]}]},{"tin":{"type":"ein","value":"474527287"},"service_code":["81"],"billing_class":"professional","payments":[{"allowed_amount":117.84,"billing_code_modifier":[""],"providers":[{"billed_charge":782.95,"npi":[1134282114,1851768097]}]}]}]},{"name":"DRUG TST PRSMV INSTRMNT CHEM ANALYZERS PR DATE","billing_code_type":"CPT","billing_code_type_version":"2020","billing_code":"80307","description":"DRUG TST PRSMV INSTRMNT CHEM ANALYZERS PR DATE","allowed_amounts":[{"tin":{"type":"ein","value":"352539778"},"service_code":["81"],"billing_class":"professional","payments":[{"allowed_amount":27.13,"billing_code_modifier":[""],"providers":[{"billed_charge":77.68,"npi":[1093862948,1972971265]}]}]},{"tin":{"type":"ein","value":"382084239"},"service_code":["81"],"billing_class":"professional","payments":[{"allowed_amount":27.13,"billing_code_modifier":[""],"providers":[{"billed_charge":102.58,"npi":[1528055027,1932166386]}]}]},{"tin":{"type":"ein","value":"471359076"},"service_code":["81"],"billing_class":"professional","payments":[{"allowed_amount":27.13,"billing_code_modifier":[""],"providers":[{"billed_charge":124.28,"npi":[1134538713,1235264342]}]}]},{"tin":{"type":"ein","value":"541882269"},"service_code":["81"],"billing_class":"professional","payments":[{"allowed_amount":27.13,"billing_code_modifier":[""],"providers":[{"billed_charge":345.00,"npi":[1770993792,1912903717]}]}]}]},{"name":"GENERAL HEALTH PANEL","billing_code_type":"CPT","billing_code_type_version":"2020","billing_code":"80050","description":"GENERAL HEALTH PANEL","allowed_amounts":[{"tin":{"type":"ein","value":"382084239"},"service_code":["81"],"billing_class":"professional","payments":[{"allowed_amount":14.76,"billing_code_modifier":[""],"providers":[{"billed_charge":290.47,"npi":[1528591716,1689259517,1770655987,1932166386]}]}]},{"tin":{"type":"ein","value":"810576059"},"service_code":["81"],"billing_class":"professional","payments":[{"allowed_amount":14.76,"billing_code_modifier":[""],"providers":[{"billed_charge":60.00,"npi":[1184614380,1235186800,1326006552,1770655987,1770909236]}]}]},{"tin":{"type":"ein","value":"852981413"},"service_code":["81"],"billing_class":"professional","payments":[{"allowed_amount":14.76,"billing_code_modifier":[""],"providers":[{"billed_charge":65.00,"npi":[1295323053,1306860044]}]}]}]},{"name":"GLUCOSE QUANTITATIVE BLOOD XCPT REAGENT STRIP","billing_code_type":"CPT","billing_code_type_version":"2020","billing_code":"82947","description":"GLUCOSE QUANTITATIVE BLOOD XCPT REAGENT STRIP","allowed_amounts":[{"tin":{"type":"ein","value":"921353241"},"service_code":["21"],"billing_class":"professional","payments":[{"allowed_amount":0.00,"billing_code_modifier":[""],"providers":[{"billed_charge":11.00,"npi":[1154327559,1548764053,1811286446,1831190958,1831890169]},{"billed_charge":22.00,"npi":[1548764053,1811286446,1831190958,1831890169]},{"billed_charge":33.00,"npi":[1548764053,1811286446,1831190958,1831890169]},{"billed_charge":44.00,"npi":[1548764053,1811286446,1831190958,1831890169]}]},{"allowed_amount":0.00,"billing_code_modifier":[""],"providers":[{"billed_charge":11.00,"npi":[1154327559,1548764053,1811286446,1831190958,1831890169]},{"billed_charge":22.00,"npi":[1548764053,1811286446,1831190958,1831890169]},{"billed_charge":33.00,"npi":[1548764053,1811286446,1831190958,1831890169]},{"billed_charge":44.00,"npi":[1548764053,1811286446,1831190958,1831890169]}]},{"allowed_amount":0.00,"billing_code_modifier":[""],"providers":[{"billed_charge":11.00,"npi":[1154327559,1548764053,1811286446,1831190958,1831890169]},{"billed_charge":22.00,"npi":[1548764053,1811286446,1831190958,1831890169]},{"billed_charge":33.00,"npi":[1548764053,1811286446,1831190958,1831890169]},{"billed_charge":44.00,"npi":[1548764053,1811286446,1831190958,1831890169]}]},{"allowed_amount":0.00,"billing_code_modifier":[""],"providers":[{"billed_charge":11.00,"npi":[1154327559,1548764053,1811286446,1831190958,1831890169]},{"billed_charge":22.00,"npi":[1548764053,1811286446,1831190958,1831890169]},{"billed_charge":33.00,"npi":[1548764053,1811286446,1831190958,1831890169]},{"billed_charge":44.00,"npi":[1548764053,1811286446,1831190958,1831890169]}]}]},{"tin":{"type":"ein","value":"921353241"},"service_code":["21"],"billing_class":"professional","payments":[{"allowed_amount":0.00,"billing_code_modifier":[""],"providers":[{"billed_charge":11.00,"npi":[1154327559,1548764053,1811286446,1831190958,1831890169]},{"billed_charge":22.00,"npi":[1548764053,1811286446,1831190958,1831890169]},{"billed_charge":33.00,"npi":[1548764053,1811286446,1831190958,1831890169]},{"billed_charge":44.00,"npi":[1548764053,1811286446,1831190958,1831890169]}]},{"allowed_amount":0.00,"billing_code_modifier":[""],"providers":[{"billed_charge":11.00,"npi":[1154327559,1548764053,1811286446,1831190958,1831890169]},{"billed_charge":22.00,"npi":[1548764053,1811286446,1831190958,1831890169]},{"billed_charge":33.00,"npi":[1548764053,1811286446,1831190958,1831890169]},{"billed_charge":44.00,"npi":[1548764053,1811286446,1831190958,1831890169]}]},{"allowed_amount":0.00,"billing_code_modifier":[""],"providers":[{"billed_charge":11.00,"npi":[1154327559,1548764053,1811286446,1831190958,1831890169]},{"billed_charge":22.00,"npi":[1548764053,1811286446,1831190958,1831890169]},{"billed_charge":33.00,"npi":[1548764053,1811286446,1831190958,1831890169]},{"billed_charge":44.00,"npi":[1548764053,1811286446,1831190958,1831890169]}]},{"allowed_amount":0.00,"billing_code_modifier":[""],"providers":[{"billed_charge":11.00,"npi":[1154327559,1548764053,1811286446,1831190958,1831890169]},{"billed_charge":22.00,"npi":[1548764053,1811286446,1831190958,1831890169]},{"billed_charge":33.00,"npi":[1548764053,1811286446,1831190958,1831890169]},{"billed_charge":44.00,"npi":[1548764053,1811286446,1831190958,1831890169]}]}]},{"tin":{"type":"ein","value":"921353241"},"service_code":["21"],"billing_class":"professional","payments":[{"allowed_amount":0.00,"billing_code_modifier":[""],"providers":[{"billed_charge":11.00,"npi":[1154327559,1548764053,1811286446,1831190958,1831890169]},{"billed_charge":22.00,"npi":[1548764053,1811286446,1831190958,1831890169]},{"billed_charge":33.00,"npi":[1548764053,1811286446,1831190958,1831890169]},{"billed_charge":44.00,"npi":[1548764053,1811286446,1831190958,1831890169]}]},{"allowed_amount":0.00,"billing_code_modifier":[""],"providers":[{"billed_charge":11.00,"npi":[1154327559,1548764053,1811286446,1831190958,1831890169]},{"billed_charge":22.00,"npi":[1548764053,1811286446,1831190958,1831890169]},{"billed_charge":33.00,"npi":[1548764053,1811286446,1831190958,1831890169]},{"billed_charge":44.00,"npi":[1548764053,1811286446,1831190958,1831890169]}]},{"allowed_amount":0.00,"billing_code_modifier":[""],"providers":[{"billed_charge":11.00,"npi":[1154327559,1548764053,1811286446,1831190958,1831890169]},{"billed_charge":22.00,"npi":[1548764053,1811286446,1831190958,1831890169]},{"billed_charge":33.00,"npi":[1548764053,1811286446,1831190958,1831890169]},{"billed_charge":44.00,"npi":[1548764053,1811286446,1831190958,1831890169]}]},{"allowed_amount":0.00,"billing_code_modifier":[""],"providers":[{"billed_charge":11.00,"npi":[1154327559,1548764053,1811286446,1831190958,1831890169]},{"billed_charge":22.00,"npi":[1548764053,1811286446,1831190958,1831890169]},{"billed_charge":33.00,"npi":[1548764053,1811286446,1831190958,1831890169]},{"billed_charge":44.00,"npi":[1548764053,1811286446,1831190958,1831890169]}]}]},{"tin":{"type":"ein","value":"921353241"},"service_code":["21"],"billing_class":"professional","payments":[{"allowed_amount":0.00,"billing_code_modifier":[""],"providers":[{"billed_charge":11.00,"npi":[1154327559,1548764053,1811286446,1831190958,1831890169]},{"billed_charge":22.00,"npi":[1548764053,1811286446,1831190958,1831890169]},{"billed_charge":33.00,"npi":[1548764053,1811286446,1831190958,1831890169]},{"billed_charge":44.00,"npi":[1548764053,1811286446,1831190958,1831890169]}]},{"allowed_amount":0.00,"billing_code_modifier":[""],"providers":[{"billed_charge":11.00,"npi":[1154327559,1548764053,1811286446,1831190958,1831890169]},{"billed_charge":22.00,"npi":[1548764053,1811286446,1831190958,1831890169]},{"billed_charge":33.00,"npi":[1548764053,1811286446,1831190958,1831890169]},{"billed_charge":44.00,"npi":[1548764053,1811286446,1831190958,1831890169]}]},{"allowed_amount":0.00,"billing_code_modifier":[""],"providers":[{"billed_charge":11.00,"npi":[1154327559,1548764053,1811286446,1831190958,1831890169]},{"billed_charge":22.00,"npi":[1548764053,1811286446,1831190958,1831890169]},{"billed_charge":33.00,"npi":[1548764053,1811286446,1831190958,1831890169]},{"billed_charge":44.00,"npi":[1548764053,1811286446,1831190958,1831890169]}]},{"allowed_amount":0.00,"billing_code_modifier":[""],"providers":[{"billed_charge":11.00,"npi":[1154327559,1548764053,1811286446,1831190958,1831890169]},{"billed_charge":22.00,"npi":[1548764053,1811286446,1831190958,1831890169]},{"billed_charge":33.00,"npi":[1548764053,1811286446,1831190958,1831890169]},{"billed_charge":44.00,"npi":[1548764053,1811286446,1831190958,1831890169]}]}]}]},{"name":"HEMO OPD\/HOME: HEMODIALYSIS COMP OR OTHER RATE","billing_code_type":"RC","billing_code_type_version":"UB04","billing_code":"0821","description":"HEMO OPD\/HOME: HEMODIALYSIS COMP OR OTHER RATE","allowed_amounts":[{"tin":{"type":"ein","value":"460996241"},"service_code":["65"],"billing_class":"institutional","payments":[{"allowed_amount":463.08,"billing_code_modifier":[""],"providers":[{"billed_charge":7821.03,"npi":[1205187903,1619978772]}]}]}]},{"name":"HEMOGLOBIN GLYCOSYLATED A1C","billing_code_type":"CPT","billing_code_type_version":"2020","billing_code":"83036","description":"HEMOGLOBIN GLYCOSYLATED A1C","allowed_amounts":[{"tin":{"type":"ein","value":"382084239"},"service_code":["81"],"billing_class":"professional","payments":[{"allowed_amount":4.68,"billing_code_modifier":[""],"providers":[{"billed_charge":81.68,"npi":[1124160908,1134233620,1407384977,1497074298,1528591716,1689259517,1770655987,1932166386]}]}]},{"tin":{"type":"ein","value":"751093698"},"service_code":["81"],"billing_class":"professional","payments":[{"allowed_amount":4.68,"billing_code_modifier":[""],"providers":[{"billed_charge":26.65,"npi":[1659339711,1962481820]}]}]},{"tin":{"type":"ein","value":"810576059"},"service_code":["81"],"billing_class":"professional","payments":[{"allowed_amount":4.68,"billing_code_modifier":[""],"providers":[{"billed_charge":40.68,"npi":[1184614380,1235186800,1326006552,1770655987,1770909236]}]}]},{"tin":{"type":"ein","value":"852981413"},"service_code":["81"],"billing_class":"professional","payments":[{"allowed_amount":4.68,"billing_code_modifier":[""],"providers":[{"billed_charge":15.00,"npi":[1295323053,1306860044]}]}]}]},{"name":"LIPID PANEL","billing_code_type":"CPT","billing_code_type_version":"2020","billing_code":"80061","description":"LIPID PANEL","allowed_amounts":[{"tin":{"type":"ein","value":"382084239"},"service_code":["81"],"billing_class":"professional","payments":[{"allowed_amount":7.68,"billing_code_modifier":[""],"providers":[{"billed_charge":162.91,"npi":[1134233620,1194188516,1497074298,1528591716,1689259517,1770655987,1932166386]}]}]},{"tin":{"type":"ein","value":"751093698"},"service_code":["81"],"billing_class":"professional","payments":[{"allowed_amount":7.68,"billing_code_modifier":[""],"providers":[{"billed_charge":36.75,"npi":[1659339711,1962481820]}]}]},{"tin":{"type":"ein","value":"810576059"},"service_code":["81"],"billing_class":"professional","payments":[{"allowed_amount":7.68,"billing_code_modifier":[""],"providers":[{"billed_charge":56.16,"npi":[1184614380,1235186800,1770655987,1770909236,1922096882]}]}]},{"tin":{"type":"ein","value":"852981413"},"service_code":["81"],"billing_class":"professional","payments":[{"allowed_amount":7.68,"billing_code_modifier":[""],"providers":[{"billed_charge":20.00,"npi":[1295323053,1306860044]}]}]}]},{"name":"OFFICE\/OUTPATIENT ESTABLISHED LOW MDM 20 MIN","billing_code_type":"CPT","billing_code_type_version":"2020","billing_code":"99213","description":"OFFICE\/OUTPATIENT ESTABLISHED LOW MDM 20 MIN","allowed_amounts":[{"tin":{"type":"ein","value":"273818647"},"service_code":["20"],"billing_class":"professional","payments":[{"allowed_amount":77.57,"billing_code_modifier":[""],"providers":[{"billed_charge":156.00,"npi":[1205823184,1275992240,1780742510]}]}]},{"tin":{"type":"ein","value":"453455306"},"service_code":["11"],"billing_class":"professional","payments":[{"allowed_amount":77.57,"billing_code_modifier":[""],"providers":[{"billed_charge":150.00,"npi":[1770655987,1922553023]},{"billed_charge":300.00,"npi":[1770655987,1922553023]}]},{"allowed_amount":77.57,"billing_code_modifier":[""],"providers":[{"billed_charge":150.00,"npi":[1770655987,1922553023]},{"billed_charge":300.00,"npi":[1770655987,1922553023]}]}]},{"tin":{"type":"ein","value":"453455306"},"service_code":["11"],"billing_class":"professional","payments":[{"allowed_amount":77.57,"billing_code_modifier":[""],"providers":[{"billed_charge":150.00,"npi":[1770655987,1922553023]},{"billed_charge":300.00,"npi":[1770655987,1922553023]}]},{"allowed_amount":77.57,"billing_code_modifier":[""],"providers":[{"billed_charge":150.00,"npi":[1770655987,1922553023]},{"billed_charge":300.00,"npi":[1770655987,1922553023]}]}]},{"tin":{"type":"ein","value":"824492154"},"service_code":["02","11"],"billing_class":"professional","payments":[{"allowed_amount":77.57,"billing_code_modifier":[""],"providers":[{"billed_charge":150.00,"npi":[1598269250,1760430003,1912434168]}]}]},{"tin":{"type":"ein","value":"931900036"},"service_code":["11"],"billing_class":"professional","payments":[{"allowed_amount":77.57,"billing_code_modifier":[""],"providers":[{"billed_charge":300.00,"npi":[1235264342,1871276105]}]}]}]},{"name":"OTHER THERAPEUTIC SERV: DRUG REHAB","billing_code_type":"RC","billing_code_type_version":"UB04","billing_code":"0944","description":"OTHER THERAPEUTIC SERV: DRUG REHAB","allowed_amounts":[{"tin":{"type":"ein","value":"931900036"},"service_code":["11","22"],"billing_class":"institutional","payments":[{"allowed_amount":400.00,"billing_code_modifier":[""],"providers":[{"billed_charge":3950.00,"npi":[1235264342,1871276105]}]}]},{"tin":{"type":"ein","value":"931900036"},"service_code":["11","22"],"billing_class":"institutional","payments":[{"allowed_amount":750.00,"billing_code_modifier":[""],"providers":[{"billed_charge":3950.00,"npi":[1235264342,1871276105]}]}]}]},{"name":"PSYCHIATRIC\/PSYCHOLOGICAL TRT: INTENSIVE OUTPATIEN","billing_code_type":"RC","billing_code_type_version":"UB04","billing_code":"0905","description":"PSYCHIATRIC\/PSYCHOLOGICAL TRT: INTENSIVE OUTPATIEN","allowed_amounts":[{"tin":{"type":"ein","value":"853671271"},"service_code":["22"],"billing_class":"institutional","payments":[{"allowed_amount":201.67,"billing_code_modifier":[""],"providers":[{"billed_charge":2800.00,"npi":[1558965475]}]}]}]},{"name":"RESIDENTIAL TREATMENT-CHEMICAL DEPENDENCY","billing_code_type":"RC","billing_code_type_version":"UB04","billing_code":"1002","description":"RESIDENTIAL TREATMENT-CHEMICAL DEPENDENCY","allowed_amounts":[{"tin":{"type":"ein","value":"920780443"},"service_code":["21"],"billing_class":"institutional","payments":[{"allowed_amount":2436.00,"billing_code_modifier":[""],"providers":[{"billed_charge":4060.00,"npi":[1316047400,1952093114]}]}]}]},{"name":"RESIDENTIAL TREATMENT-PSYCHIATRIC","billing_code_type":"RC","billing_code_type_version":"UB04","billing_code":"1001","description":"RESIDENTIAL TREATMENT-PSYCHIATRIC","allowed_amounts":[{"tin":{"type":"ein","value":"871190694"},"service_code":["21"],"billing_class":"institutional","payments":[{"allowed_amount":3381.38,"billing_code_modifier":[""],"providers":[{"billed_charge":5460.00,"npi":[1760616858,1851960595]}]}]}]},{"name":"TX SPEECH LANG VOICE COMMJ &\/AUDITORY PROC IND","billing_code_type":"CPT","billing_code_type_version":"2020","billing_code":"92507","description":"TX SPEECH LANG VOICE COMMJ &\/AUDITORY PROC IND","allowed_amounts":[{"tin":{"type":"ein","value":"571169209"},"service_code":["11"],"billing_class":"professional","payments":[{"allowed_amount":83.90,"billing_code_modifier":[""],"providers":[{"billed_charge":222.00,"npi":[1235789512,1649680141,1881645661]}]}]},{"tin":{"type":"ein","value":"571169209"},"service_code":["11"],"billing_class":"professional","payments":[{"allowed_amount":91.01,"billing_code_modifier":[""],"providers":[{"billed_charge":222.00,"npi":[1235789512,1649680141,1881645661]}]}]},{"tin":{"type":"ein","value":"571169209"},"service_code":["11"],"billing_class":"professional","payments":[{"allowed_amount":92.72,"billing_code_modifier":[""],"providers":[{"billed_charge":222.00,"npi":[1235789512,1467523993,1649680141,1881645661]}]}]}]}]}
