{"reporting_entity_name": "IEC Group_DBA AmeriBen",
	"reporting_entity_type": "Third Party Administrator",
	"plan_name": "ROGERS",
	"plan_id_type": "ein",
	"plan_id": "581539550",
	"plan_market_type": "group",
	"last_updated_on": "2022-12-01","Version": "1.0.0","out_of_network":[{"name":"GROUP PSYCHOTHERAPY","billing_code_type":"CPT","billing_code_type_version":"2020","billing_code":"90853","description":"GROUP PSYCHOTHERAPY","allowed_amounts":[{"tin":{"type":"ein","value":"822144748"},"service_code":["11"],"billing_class":"professional","payments":[{"allowed_amount":33.76,"billing_code_modifier":[""],"providers":[{"billed_charge":2160.00,"npi":[1346754215,1992209811]}]}]}]},{"name":"PSYCHIATRIC\/PSYCHOLOGICAL TRT: INTENSIVE OUT SERV","billing_code_type":"RC","billing_code_type_version":"UB04","billing_code":"0906","description":"PSYCHIATRIC\/PSYCHOLOGICAL TRT: INTENSIVE OUT SERV","allowed_amounts":[{"tin":{"type":"ein","value":"852038045"},"service_code":["22"],"billing_class":"institutional","payments":[{"allowed_amount":310.03,"billing_code_modifier":[""],"providers":[{"billed_charge":2300.00,"npi":[1053088336]}]}]}]}]}
