{"reporting_entity_name": "IEC Group_DBA AmeriBen",
	"reporting_entity_type": "Third Party Administrator",
	"plan_name": "DARTMOUTH HEALTH",
	"plan_id_type": "ein",
	"plan_id": "222519596",
	"plan_market_type": "group",
	"last_updated_on": "2025-10-01","Version": "1.0.0","out_of_network":[{"name":"ADAPTIVE BEHAVIOR TX BY PROTOCOL TECH EA 15 MIN","billing_code_type":"CPT","billing_code_type_version":"2020","billing_code":"97153","description":"ADAPTIVE BEHAVIOR TX BY PROTOCOL TECH EA 15 MIN","allowed_amounts":[{"tin":{"type":"ein","value":"863661185"},"service_code":["12"],"billing_class":"professional","payments":[{"allowed_amount":262.50,"billing_code_modifier":[""],"providers":[{"billed_charge":6930.00,"npi":[1144814658,1972187250]}]}]}]},{"name":"ALS1-EMERGENCY","billing_code_type":"HCPCS","billing_code_type_version":"HCPCS LEVEL II 2021","billing_code":"A0427","description":"ALS1-EMERGENCY","allowed_amounts":[{"tin":{"type":"ein","value":"020312803"},"service_code":["41"],"billing_class":"professional","payments":[{"allowed_amount":480.25,"billing_code_modifier":[""],"providers":[{"billed_charge":967.16,"npi":[1154396406]}]}]},{"tin":{"type":"ein","value":"020325996"},"service_code":["41"],"billing_class":"professional","payments":[{"allowed_amount":480.25,"billing_code_modifier":[""],"providers":[{"billed_charge":1957.16,"npi":[1871566810]}]}]},{"tin":{"type":"ein","value":"020460399"},"service_code":["41"],"billing_class":"professional","payments":[{"allowed_amount":480.25,"billing_code_modifier":[""],"providers":[{"billed_charge":1797.00,"npi":[1558350363]}]}]},{"tin":{"type":"ein","value":"026000096"},"service_code":["41"],"billing_class":"professional","payments":[{"allowed_amount":480.25,"billing_code_modifier":[""],"providers":[{"billed_charge":1783.00,"npi":[1205821204]}]}]},{"tin":{"type":"ein","value":"026000112"},"service_code":["41"],"billing_class":"professional","payments":[{"allowed_amount":480.25,"billing_code_modifier":[""],"providers":[{"billed_charge":1105.00,"npi":[1942767017]}]}]},{"tin":{"type":"ein","value":"026000326"},"service_code":["41"],"billing_class":"professional","payments":[{"allowed_amount":480.25,"billing_code_modifier":[""],"providers":[{"billed_charge":1397.00,"npi":[1588655310]}]}]},{"tin":{"type":"ein","value":"026000371"},"service_code":["41"],"billing_class":"professional","payments":[{"allowed_amount":480.25,"billing_code_modifier":[""],"providers":[{"billed_charge":990.00,"npi":[1497852487]}]}]},{"tin":{"type":"ein","value":"026000383"},"service_code":["41"],"billing_class":"professional","payments":[{"allowed_amount":480.25,"billing_code_modifier":[""],"providers":[{"billed_charge":1900.00,"npi":[1134269426]}]}]},{"tin":{"type":"ein","value":"026000415"},"service_code":["41"],"billing_class":"professional","payments":[{"allowed_amount":480.25,"billing_code_modifier":[""],"providers":[{"billed_charge":1400.00,"npi":[1164692406]}]}]},{"tin":{"type":"ein","value":"026000441"},"service_code":["41"],"billing_class":"professional","payments":[{"allowed_amount":480.25,"billing_code_modifier":[""],"providers":[{"billed_charge":1879.92,"npi":[1861475949]}]}]},{"tin":{"type":"ein","value":"026000473"},"service_code":["41"],"billing_class":"professional","payments":[{"allowed_amount":480.25,"billing_code_modifier":[""],"providers":[{"billed_charge":1146.20,"npi":[1174681712]},{"billed_charge":1317.90,"npi":[1174681712]},{"billed_charge":1415.46,"npi":[1174681712]}]},{"allowed_amount":480.25,"billing_code_modifier":[""],"providers":[{"billed_charge":1146.20,"npi":[1174681712]},{"billed_charge":1317.90,"npi":[1174681712]},{"billed_charge":1415.46,"npi":[1174681712]}]},{"allowed_amount":480.25,"billing_code_modifier":[""],"providers":[{"billed_charge":1146.20,"npi":[1174681712]},{"billed_charge":1317.90,"npi":[1174681712]},{"billed_charge":1415.46,"npi":[1174681712]}]}]},{"tin":{"type":"ein","value":"026000473"},"service_code":["41"],"billing_class":"professional","payments":[{"allowed_amount":480.25,"billing_code_modifier":[""],"providers":[{"billed_charge":1146.20,"npi":[1174681712]},{"billed_charge":1317.90,"npi":[1174681712]},{"billed_charge":1415.46,"npi":[1174681712]}]},{"allowed_amount":480.25,"billing_code_modifier":[""],"providers":[{"billed_charge":1146.20,"npi":[1174681712]},{"billed_charge":1317.90,"npi":[1174681712]},{"billed_charge":1415.46,"npi":[1174681712]}]},{"allowed_amount":480.25,"billing_code_modifier":[""],"providers":[{"billed_charge":1146.20,"npi":[1174681712]},{"billed_charge":1317.90,"npi":[1174681712]},{"billed_charge":1415.46,"npi":[1174681712]}]}]},{"tin":{"type":"ein","value":"026000473"},"service_code":["41"],"billing_class":"professional","payments":[{"allowed_amount":480.25,"billing_code_modifier":[""],"providers":[{"billed_charge":1146.20,"npi":[1174681712]},{"billed_charge":1317.90,"npi":[1174681712]},{"billed_charge":1415.46,"npi":[1174681712]}]},{"allowed_amount":480.25,"billing_code_modifier":[""],"providers":[{"billed_charge":1146.20,"npi":[1174681712]},{"billed_charge":1317.90,"npi":[1174681712]},{"billed_charge":1415.46,"npi":[1174681712]}]},{"allowed_amount":480.25,"billing_code_modifier":[""],"providers":[{"billed_charge":1146.20,"npi":[1174681712]},{"billed_charge":1317.90,"npi":[1174681712]},{"billed_charge":1415.46,"npi":[1174681712]}]}]},{"tin":{"type":"ein","value":"026000488"},"service_code":["41"],"billing_class":"professional","payments":[{"allowed_amount":480.25,"billing_code_modifier":[""],"providers":[{"billed_charge":1500.00,"npi":[1881919157]}]}]},{"tin":{"type":"ein","value":"026000499"},"service_code":["41"],"billing_class":"professional","payments":[{"allowed_amount":480.25,"billing_code_modifier":[""],"providers":[{"billed_charge":754.63,"npi":[1255314753]}]}]},{"tin":{"type":"ein","value":"026000548"},"service_code":["41"],"billing_class":"professional","payments":[{"allowed_amount":480.25,"billing_code_modifier":[""],"providers":[{"billed_charge":1103.36,"npi":[1144204520]},{"billed_charge":1159.91,"npi":[1144204520]}]},{"allowed_amount":480.25,"billing_code_modifier":[""],"providers":[{"billed_charge":1103.36,"npi":[1144204520]},{"billed_charge":1159.91,"npi":[1144204520]}]}]},{"tin":{"type":"ein","value":"026000548"},"service_code":["41"],"billing_class":"professional","payments":[{"allowed_amount":480.25,"billing_code_modifier":[""],"providers":[{"billed_charge":1103.36,"npi":[1144204520]},{"billed_charge":1159.91,"npi":[1144204520]}]},{"allowed_amount":480.25,"billing_code_modifier":[""],"providers":[{"billed_charge":1103.36,"npi":[1144204520]},{"billed_charge":1159.91,"npi":[1144204520]}]}]},{"tin":{"type":"ein","value":"026000647"},"service_code":["41"],"billing_class":"professional","payments":[{"allowed_amount":480.25,"billing_code_modifier":[""],"providers":[{"billed_charge":1200.00,"npi":[1215930680]}]}]},{"tin":{"type":"ein","value":"030322710"},"service_code":["41"],"billing_class":"professional","payments":[{"allowed_amount":480.25,"billing_code_modifier":[""],"providers":[{"billed_charge":725.00,"npi":[1497864904]}]}]}]},{"name":"DEEP SEDAT\/GEN ANESTHESIA-EA SUBSQT 15 MIN INCR","billing_code_type":"HCPCS","billing_code_type_version":"HCPCS LEVEL II 2021","billing_code":"D9223","description":"DEEP SEDAT\/GEN ANESTHESIA-EA SUBSQT 15 MIN INCR","allowed_amounts":[{"tin":{"type":"ein","value":"020334854"},"service_code":["11"],"billing_class":"professional","payments":[{"allowed_amount":100.00,"billing_code_modifier":[""],"providers":[{"billed_charge":306.00,"npi":[1073600706,1083685374,1114235785,1811033434,1922214469]},{"billed_charge":315.00,"npi":[1073600706,1164109922,1811021819,1922214469]}]},{"allowed_amount":100.00,"billing_code_modifier":[""],"providers":[{"billed_charge":306.00,"npi":[1073600706,1083685374,1114235785,1811033434,1922214469]},{"billed_charge":315.00,"npi":[1073600706,1164109922,1811021819,1922214469]}]}]},{"tin":{"type":"ein","value":"020334854"},"service_code":["11"],"billing_class":"professional","payments":[{"allowed_amount":100.00,"billing_code_modifier":[""],"providers":[{"billed_charge":306.00,"npi":[1073600706,1083685374,1114235785,1811033434,1922214469]},{"billed_charge":315.00,"npi":[1073600706,1164109922,1811021819,1922214469]}]},{"allowed_amount":100.00,"billing_code_modifier":[""],"providers":[{"billed_charge":306.00,"npi":[1073600706,1083685374,1114235785,1811033434,1922214469]},{"billed_charge":315.00,"npi":[1073600706,1164109922,1811021819,1922214469]}]}]},{"tin":{"type":"ein","value":"042572209"},"service_code":["11"],"billing_class":"professional","payments":[{"allowed_amount":100.00,"billing_code_modifier":[""],"providers":[{"billed_charge":288.00,"npi":[1013587278,1417328162,1699796318,1710964028,1932242112]}]}]},{"tin":{"type":"ein","value":"203948453"},"service_code":["11"],"billing_class":"professional","payments":[{"allowed_amount":100.00,"billing_code_modifier":[""],"providers":[{"billed_charge":300.00,"npi":[1831459577]}]}]}]},{"name":"DEEP SEDATION\/GENERAL ANESTHESIA-1ST 15 MINUTES","billing_code_type":"HCPCS","billing_code_type_version":"HCPCS LEVEL II 2021","billing_code":"D9222","description":"DEEP SEDATION\/GENERAL ANESTHESIA-1ST 15 MINUTES","allowed_amounts":[{"tin":{"type":"ein","value":"020334854"},"service_code":["11"],"billing_class":"professional","payments":[{"allowed_amount":100.00,"billing_code_modifier":[""],"providers":[{"billed_charge":437.00,"npi":[1063772523,1073600706,1083685374,1811033434,1922214469]},{"billed_charge":450.00,"npi":[1073600706,1164109922,1811021819,1922214469]}]},{"allowed_amount":100.00,"billing_code_modifier":[""],"providers":[{"billed_charge":437.00,"npi":[1063772523,1073600706,1083685374,1811033434,1922214469]},{"billed_charge":450.00,"npi":[1073600706,1164109922,1811021819,1922214469]}]}]},{"tin":{"type":"ein","value":"020334854"},"service_code":["11"],"billing_class":"professional","payments":[{"allowed_amount":100.00,"billing_code_modifier":[""],"providers":[{"billed_charge":437.00,"npi":[1063772523,1073600706,1083685374,1811033434,1922214469]},{"billed_charge":450.00,"npi":[1073600706,1164109922,1811021819,1922214469]}]},{"allowed_amount":100.00,"billing_code_modifier":[""],"providers":[{"billed_charge":437.00,"npi":[1063772523,1073600706,1083685374,1811033434,1922214469]},{"billed_charge":450.00,"npi":[1073600706,1164109922,1811021819,1922214469]}]}]},{"tin":{"type":"ein","value":"042572209"},"service_code":["11"],"billing_class":"professional","payments":[{"allowed_amount":100.00,"billing_code_modifier":[""],"providers":[{"billed_charge":288.00,"npi":[1013587278,1417328162,1699796318,1710964028,1932242112]}]}]},{"tin":{"type":"ein","value":"203948453"},"service_code":["11"],"billing_class":"professional","payments":[{"allowed_amount":100.00,"billing_code_modifier":[""],"providers":[{"billed_charge":350.00,"npi":[1831459577]}]}]}]},{"name":"EMERGENCY DEPARTMENT VISIT HIGH MDM","billing_code_type":"CPT","billing_code_type_version":"2020","billing_code":"99285","description":"EMERGENCY DEPARTMENT VISIT HIGH MDM","allowed_amounts":[{"tin":{"type":"ein","value":"922099126"},"service_code":["23"],"billing_class":"professional","payments":[{"allowed_amount":251.44,"billing_code_modifier":[""],"providers":[{"billed_charge":984.00,"npi":[1174570683,1346877826,1386341444,1518913607,1538489521,1609370311,1780923557,1972910503]}]}]}]},{"name":"EMERGENCY DEPARTMENT VISIT MODERATE MDM","billing_code_type":"CPT","billing_code_type_version":"2020","billing_code":"99284","description":"EMERGENCY DEPARTMENT VISIT MODERATE MDM","allowed_amounts":[{"tin":{"type":"ein","value":"922099126"},"service_code":["23"],"billing_class":"professional","payments":[{"allowed_amount":170.35,"billing_code_modifier":[""],"providers":[{"billed_charge":678.00,"npi":[1154429389,1154988392,1174570683,1245326040,1386341444,1477270106,1518913607,1730409632,1871986422,1972038677,1972910503]}]}]}]},{"name":"EXTRACTION ERU TOOTH RQR REMV BONE &\/SECTN TOOTH","billing_code_type":"HCPCS","billing_code_type_version":"HCPCS LEVEL II 2021","billing_code":"D7210","description":"EXTRACTION ERU TOOTH RQR REMV BONE &\/SECTN TOOTH","allowed_amounts":[{"tin":{"type":"ein","value":"020334854"},"service_code":["11"],"billing_class":"professional","payments":[{"allowed_amount":111.04,"billing_code_modifier":[""],"providers":[{"billed_charge":657.00,"npi":[1073600706,1083685374,1134807308,1154609535,1205870268,1245441286,1407926934,1568949253,1679633432,1922214469,1962196949]}]}]},{"tin":{"type":"ein","value":"042572209"},"service_code":["11"],"billing_class":"professional","payments":[{"allowed_amount":111.04,"billing_code_modifier":[""],"providers":[{"billed_charge":393.00,"npi":[1013587278,1417328162,1710964028]}]}]},{"tin":{"type":"ein","value":"274498300"},"service_code":["11"],"billing_class":"professional","payments":[{"allowed_amount":111.04,"billing_code_modifier":[""],"providers":[{"billed_charge":800.00,"npi":[1871649780]}]}]}]},{"name":"IADNA NOS AMPLIFIED PROBE TQ EACH ORGANISM","billing_code_type":"CPT","billing_code_type_version":"2020","billing_code":"87798","description":"IADNA NOS AMPLIFIED PROBE TQ EACH ORGANISM","allowed_amounts":[{"tin":{"type":"ein","value":"223510467"},"service_code":["81"],"billing_class":"professional","payments":[{"allowed_amount":24.56,"billing_code_modifier":[""],"providers":[{"billed_charge":50.00,"npi":[1225471873,1750373908]},{"billed_charge":80.50,"npi":[1225471873,1750373908]}]},{"allowed_amount":24.56,"billing_code_modifier":[""],"providers":[{"billed_charge":50.00,"npi":[1225471873,1750373908]},{"billed_charge":80.50,"npi":[1225471873,1750373908]}]}]},{"tin":{"type":"ein","value":"223510467"},"service_code":["81"],"billing_class":"professional","payments":[{"allowed_amount":24.56,"billing_code_modifier":[""],"providers":[{"billed_charge":50.00,"npi":[1225471873,1750373908]},{"billed_charge":80.50,"npi":[1225471873,1750373908]}]},{"allowed_amount":24.56,"billing_code_modifier":[""],"providers":[{"billed_charge":50.00,"npi":[1225471873,1750373908]},{"billed_charge":80.50,"npi":[1225471873,1750373908]}]}]}]},{"name":"OFFICE\/OUTPATIENT ESTABLISHED LOW MDM 20 MIN","billing_code_type":"CPT","billing_code_type_version":"2020","billing_code":"99213","description":"OFFICE\/OUTPATIENT ESTABLISHED LOW MDM 20 MIN","allowed_amounts":[{"tin":{"type":"ein","value":"260425666"},"service_code":["02","11"],"billing_class":"professional","payments":[{"allowed_amount":104.10,"billing_code_modifier":[""],"providers":[{"billed_charge":200.00,"npi":[1184700122]}]}]},{"tin":{"type":"ein","value":"264145255"},"service_code":["02"],"billing_class":"professional","payments":[{"allowed_amount":104.10,"billing_code_modifier":[""],"providers":[{"billed_charge":150.00,"npi":[1336278043]}]}]}]},{"name":"OFFICE\/OUTPATIENT NEW LOW MDM 30 MINUTES","billing_code_type":"CPT","billing_code_type_version":"2020","billing_code":"99203","description":"OFFICE\/OUTPATIENT NEW LOW MDM 30 MINUTES","allowed_amounts":[{"tin":{"type":"ein","value":"020334854"},"service_code":["11"],"billing_class":"professional","payments":[{"allowed_amount":140.31,"billing_code_modifier":[""],"providers":[{"billed_charge":186.00,"npi":[1073600706,1083685374,1114235785,1922214469,1962196949]},{"billed_charge":192.00,"npi":[1073600706,1083685374,1134807308,1205870268,1245442276,1386663334,1568949253,1619710365,1811021819,1821309543,1922214469,1932514130]},{"billed_charge":262.00,"npi":[1073600706,1083685374,1811021819]}]},{"allowed_amount":140.31,"billing_code_modifier":[""],"providers":[{"billed_charge":186.00,"npi":[1073600706,1083685374,1114235785,1922214469,1962196949]},{"billed_charge":192.00,"npi":[1073600706,1083685374,1134807308,1205870268,1245442276,1386663334,1568949253,1619710365,1811021819,1821309543,1922214469,1932514130]},{"billed_charge":262.00,"npi":[1073600706,1083685374,1811021819]}]},{"allowed_amount":140.31,"billing_code_modifier":[""],"providers":[{"billed_charge":186.00,"npi":[1073600706,1083685374,1114235785,1922214469,1962196949]},{"billed_charge":192.00,"npi":[1073600706,1083685374,1134807308,1205870268,1245442276,1386663334,1568949253,1619710365,1811021819,1821309543,1922214469,1932514130]},{"billed_charge":262.00,"npi":[1073600706,1083685374,1811021819]}]}]},{"tin":{"type":"ein","value":"020334854"},"service_code":["11"],"billing_class":"professional","payments":[{"allowed_amount":140.31,"billing_code_modifier":[""],"providers":[{"billed_charge":186.00,"npi":[1073600706,1083685374,1114235785,1922214469,1962196949]},{"billed_charge":192.00,"npi":[1073600706,1083685374,1134807308,1205870268,1245442276,1386663334,1568949253,1619710365,1811021819,1821309543,1922214469,1932514130]},{"billed_charge":262.00,"npi":[1073600706,1083685374,1811021819]}]},{"allowed_amount":140.31,"billing_code_modifier":[""],"providers":[{"billed_charge":186.00,"npi":[1073600706,1083685374,1114235785,1922214469,1962196949]},{"billed_charge":192.00,"npi":[1073600706,1083685374,1134807308,1205870268,1245442276,1386663334,1568949253,1619710365,1811021819,1821309543,1922214469,1932514130]},{"billed_charge":262.00,"npi":[1073600706,1083685374,1811021819]}]},{"allowed_amount":140.31,"billing_code_modifier":[""],"providers":[{"billed_charge":186.00,"npi":[1073600706,1083685374,1114235785,1922214469,1962196949]},{"billed_charge":192.00,"npi":[1073600706,1083685374,1134807308,1205870268,1245442276,1386663334,1568949253,1619710365,1811021819,1821309543,1922214469,1932514130]},{"billed_charge":262.00,"npi":[1073600706,1083685374,1811021819]}]}]},{"tin":{"type":"ein","value":"020334854"},"service_code":["11"],"billing_class":"professional","payments":[{"allowed_amount":140.31,"billing_code_modifier":[""],"providers":[{"billed_charge":186.00,"npi":[1073600706,1083685374,1114235785,1922214469,1962196949]},{"billed_charge":192.00,"npi":[1073600706,1083685374,1134807308,1205870268,1245442276,1386663334,1568949253,1619710365,1811021819,1821309543,1922214469,1932514130]},{"billed_charge":262.00,"npi":[1073600706,1083685374,1811021819]}]},{"allowed_amount":140.31,"billing_code_modifier":[""],"providers":[{"billed_charge":186.00,"npi":[1073600706,1083685374,1114235785,1922214469,1962196949]},{"billed_charge":192.00,"npi":[1073600706,1083685374,1134807308,1205870268,1245442276,1386663334,1568949253,1619710365,1811021819,1821309543,1922214469,1932514130]},{"billed_charge":262.00,"npi":[1073600706,1083685374,1811021819]}]},{"allowed_amount":140.31,"billing_code_modifier":[""],"providers":[{"billed_charge":186.00,"npi":[1073600706,1083685374,1114235785,1922214469,1962196949]},{"billed_charge":192.00,"npi":[1073600706,1083685374,1134807308,1205870268,1245442276,1386663334,1568949253,1619710365,1811021819,1821309543,1922214469,1932514130]},{"billed_charge":262.00,"npi":[1073600706,1083685374,1811021819]}]}]}]},{"name":"PSYCHIATRIC\/PSYCHOLOGICAL SVCS: GROUP THERAPY","billing_code_type":"RC","billing_code_type_version":"UB04","billing_code":"0915","description":"PSYCHIATRIC\/PSYCHOLOGICAL SVCS: GROUP THERAPY","allowed_amounts":[{"tin":{"type":"ein","value":"853090121"},"service_code":["22"],"billing_class":"institutional","payments":[{"allowed_amount":605.71,"billing_code_modifier":[""],"providers":[{"billed_charge":1460.44,"npi":[1679279129,1881600120]}]}]}]},{"name":"PSYCHIATRIC\/PSYCHOLOGICAL SVCS: PARTIAL HOSP - INT","billing_code_type":"RC","billing_code_type_version":"UB04","billing_code":"0913","description":"PSYCHIATRIC\/PSYCHOLOGICAL SVCS: PARTIAL HOSP - INT","allowed_amounts":[{"tin":{"type":"ein","value":"200484722"},"service_code":["22"],"billing_class":"institutional","payments":[{"allowed_amount":671.00,"billing_code_modifier":[""],"providers":[{"billed_charge":3200.00,"npi":[1114686060,1255154621]}]}]}]},{"name":"PSYCHIATRIC\/PSYCHOLOGICAL SVCS: PARTIAL HOSP - LES","billing_code_type":"RC","billing_code_type_version":"UB04","billing_code":"0912","description":"PSYCHIATRIC\/PSYCHOLOGICAL SVCS: PARTIAL HOSP - LES","allowed_amounts":[{"tin":{"type":"ein","value":"202072437"},"service_code":["99"],"billing_class":"institutional","payments":[{"allowed_amount":179.94,"billing_code_modifier":[""],"providers":[{"billed_charge":1300.00,"npi":[1518099126,1730220971]}]}]},{"tin":{"type":"ein","value":"202072437"},"service_code":["99"],"billing_class":"institutional","payments":[{"allowed_amount":185.13,"billing_code_modifier":[""],"providers":[{"billed_charge":1300.00,"npi":[1518099126,1730220971]}]}]}]},{"name":"PSYCHOTHERAPY W\/PATIENT W\/E&M SRVCS 45 MIN","billing_code_type":"CPT","billing_code_type_version":"2020","billing_code":"90836","description":"PSYCHOTHERAPY W\/PATIENT W\/E&M SRVCS 45 MIN","allowed_amounts":[{"tin":{"type":"ein","value":"260425666"},"service_code":["02","11"],"billing_class":"professional","payments":[{"allowed_amount":93.33,"billing_code_modifier":[""],"providers":[{"billed_charge":200.00,"npi":[1184700122]}]}]},{"tin":{"type":"ein","value":"264145255"},"service_code":["02"],"billing_class":"professional","payments":[{"allowed_amount":93.33,"billing_code_modifier":[""],"providers":[{"billed_charge":150.00,"npi":[1336278043]}]}]}]},{"name":"REMOVAL OF IMPACTED TOOTH - COMPLETELY BONY","billing_code_type":"HCPCS","billing_code_type_version":"HCPCS LEVEL II 2021","billing_code":"D7240","description":"REMOVAL OF IMPACTED TOOTH - COMPLETELY BONY","allowed_amounts":[{"tin":{"type":"ein","value":"020334854"},"service_code":["11"],"billing_class":"professional","payments":[{"allowed_amount":216.27,"billing_code_modifier":[""],"providers":[{"billed_charge":866.00,"npi":[1063772523,1073600706,1083685374,1114235785,1811033434,1922214469,1962196949]},{"billed_charge":892.00,"npi":[1073600706,1811021819,1922214469]}]},{"allowed_amount":216.27,"billing_code_modifier":[""],"providers":[{"billed_charge":866.00,"npi":[1063772523,1073600706,1083685374,1114235785,1811033434,1922214469,1962196949]},{"billed_charge":892.00,"npi":[1073600706,1811021819,1922214469]}]}]},{"tin":{"type":"ein","value":"020334854"},"service_code":["11"],"billing_class":"professional","payments":[{"allowed_amount":216.27,"billing_code_modifier":[""],"providers":[{"billed_charge":866.00,"npi":[1063772523,1073600706,1083685374,1114235785,1811033434,1922214469,1962196949]},{"billed_charge":892.00,"npi":[1073600706,1811021819,1922214469]}]},{"allowed_amount":216.27,"billing_code_modifier":[""],"providers":[{"billed_charge":866.00,"npi":[1063772523,1073600706,1083685374,1114235785,1811033434,1922214469,1962196949]},{"billed_charge":892.00,"npi":[1073600706,1811021819,1922214469]}]}]},{"tin":{"type":"ein","value":"042572209"},"service_code":["11"],"billing_class":"professional","payments":[{"allowed_amount":216.27,"billing_code_modifier":[""],"providers":[{"billed_charge":800.00,"npi":[1346580974]},{"billed_charge":840.00,"npi":[1013587278,1417328162,1699796318,1710964028,1932242112]}]},{"allowed_amount":216.27,"billing_code_modifier":[""],"providers":[{"billed_charge":800.00,"npi":[1346580974]},{"billed_charge":840.00,"npi":[1013587278,1417328162,1699796318,1710964028,1932242112]}]}]},{"tin":{"type":"ein","value":"042572209"},"service_code":["11"],"billing_class":"professional","payments":[{"allowed_amount":216.27,"billing_code_modifier":[""],"providers":[{"billed_charge":800.00,"npi":[1346580974]},{"billed_charge":840.00,"npi":[1013587278,1417328162,1699796318,1710964028,1932242112]}]},{"allowed_amount":216.27,"billing_code_modifier":[""],"providers":[{"billed_charge":800.00,"npi":[1346580974]},{"billed_charge":840.00,"npi":[1013587278,1417328162,1699796318,1710964028,1932242112]}]}]},{"tin":{"type":"ein","value":"203948453"},"service_code":["11"],"billing_class":"professional","payments":[{"allowed_amount":216.27,"billing_code_modifier":[""],"providers":[{"billed_charge":750.00,"npi":[1831459577]}]}]}]},{"name":"RESIDENTIAL TREATMENT-PSYCHIATRIC","billing_code_type":"RC","billing_code_type_version":"UB04","billing_code":"1001","description":"RESIDENTIAL TREATMENT-PSYCHIATRIC","allowed_amounts":[{"tin":{"type":"ein","value":"850942534"},"service_code":["21"],"billing_class":"institutional","payments":[{"allowed_amount":2900.00,"billing_code_modifier":[""],"providers":[{"billed_charge":5125.00,"npi":[1770159105,1962813295]}]}]}]}]}
