{"reporting_entity_name": "IEC Group_DBA AmeriBen",
	"reporting_entity_type": "Third Party Administrator",
	"plan_name": "YUMA AREA BENEFIT CONSORTIUM",
	"plan_id_type": "ein",
	"plan_id": "356906297",
	"plan_market_type": "group",
	"last_updated_on": "2022-12-01","Version": "1.0.0","out_of_network":[{"name":"APPL MODALITY 1\/> AREAS ELEC STIMJ UNATTENDED","billing_code_type":"CPT","billing_code_type_version":"2020","billing_code":"97014","description":"APPL MODALITY 1\/> AREAS ELEC STIMJ UNATTENDED","allowed_amounts":[{"tin":{"type":"ein","value":"660975251"},"service_code":["11"],"billing_class":"professional","payments":[{"allowed_amount":13.07,"billing_code_modifier":[""],"providers":[{"billed_charge":40.00,"npi":[1700854684]}]}]},{"tin":{"type":"ein","value":"860975251"},"service_code":["11"],"billing_class":"professional","payments":[{"allowed_amount":13.07,"billing_code_modifier":[""],"providers":[{"billed_charge":40.00,"npi":[1700854684,9999999995]}]}]}]},{"name":"APPL MODALITY 1\/> AREAS TRACTION MECHANICAL","billing_code_type":"CPT","billing_code_type_version":"2020","billing_code":"97012","description":"APPL MODALITY 1\/> AREAS TRACTION MECHANICAL","allowed_amounts":[{"tin":{"type":"ein","value":"660975251"},"service_code":["11"],"billing_class":"professional","payments":[{"allowed_amount":12.16,"billing_code_modifier":[""],"providers":[{"billed_charge":65.00,"npi":[1700854684]}]}]},{"tin":{"type":"ein","value":"860975251"},"service_code":["11"],"billing_class":"professional","payments":[{"allowed_amount":12.16,"billing_code_modifier":[""],"providers":[{"billed_charge":40.00,"npi":[1700854684,9999999995]},{"billed_charge":65.00,"npi":[1700854684]}]},{"allowed_amount":12.16,"billing_code_modifier":[""],"providers":[{"billed_charge":40.00,"npi":[1700854684,9999999995]},{"billed_charge":65.00,"npi":[1700854684]}]}]},{"tin":{"type":"ein","value":"860975251"},"service_code":["11"],"billing_class":"professional","payments":[{"allowed_amount":12.16,"billing_code_modifier":[""],"providers":[{"billed_charge":40.00,"npi":[1700854684,9999999995]},{"billed_charge":65.00,"npi":[1700854684]}]},{"allowed_amount":12.16,"billing_code_modifier":[""],"providers":[{"billed_charge":40.00,"npi":[1700854684,9999999995]},{"billed_charge":65.00,"npi":[1700854684]}]}]}]},{"name":"CHIROPRACTIC MANIPULATIVE TX SPINAL 1-2 REGIONS","billing_code_type":"CPT","billing_code_type_version":"2020","billing_code":"98940","description":"CHIROPRACTIC MANIPULATIVE TX SPINAL 1-2 REGIONS","allowed_amounts":[{"tin":{"type":"ein","value":"204975801"},"service_code":["11"],"billing_class":"professional","payments":[{"allowed_amount":35.19,"billing_code_modifier":[""],"providers":[{"billed_charge":50.00,"npi":[1013663053,1518994904,1548364862,9999999995]}]}]},{"tin":{"type":"ein","value":"860975251"},"service_code":["11"],"billing_class":"professional","payments":[{"allowed_amount":35.19,"billing_code_modifier":[""],"providers":[{"billed_charge":50.00,"npi":[1700854684]}]}]}]},{"name":"CHIROPRACTIC MANIPULATIVE TX SPINAL 3-4 REGIONS","billing_code_type":"CPT","billing_code_type_version":"2020","billing_code":"98941","description":"CHIROPRACTIC MANIPULATIVE TX SPINAL 3-4 REGIONS","allowed_amounts":[{"tin":{"type":"ein","value":"204975801"},"service_code":["11"],"billing_class":"professional","payments":[{"allowed_amount":39.21,"billing_code_modifier":[""],"providers":[{"billed_charge":62.30,"npi":[1013663053,1518994904,1548364862]}]}]},{"tin":{"type":"ein","value":"660975251"},"service_code":["11"],"billing_class":"professional","payments":[{"allowed_amount":39.21,"billing_code_modifier":[""],"providers":[{"billed_charge":50.00,"npi":[1700854684]}]}]},{"tin":{"type":"ein","value":"860975251"},"service_code":["11"],"billing_class":"professional","payments":[{"allowed_amount":39.21,"billing_code_modifier":[""],"providers":[{"billed_charge":50.00,"npi":[1700854684,9999999995]}]}]}]},{"name":"IA DET DNA\/RNA; COVID-19 AMP P T","billing_code_type":"HCPCS","billing_code_type_version":"HCPCS LEVEL II 2021","billing_code":"U0003","description":"IA DET DNA\/RNA; COVID-19 AMP P T","allowed_amounts":[{"tin":{"type":"ein","value":"473204624"},"service_code":["81"],"billing_class":"professional","payments":[{"allowed_amount":78.75,"billing_code_modifier":[""],"providers":[{"billed_charge":200.00,"npi":[1629301700,1902280019]}]}]},{"tin":{"type":"ein","value":"473727159"},"service_code":["81"],"billing_class":"professional","payments":[{"allowed_amount":78.75,"billing_code_modifier":[""],"providers":[{"billed_charge":100.00,"npi":[1912521568]},{"billed_charge":125.00,"npi":[1295375822,1366001257,1467008292,1841833779,1912521568,9999999995]}]},{"allowed_amount":78.75,"billing_code_modifier":[""],"providers":[{"billed_charge":100.00,"npi":[1912521568]},{"billed_charge":125.00,"npi":[1295375822,1366001257,1467008292,1841833779,1912521568,9999999995]}]}]},{"tin":{"type":"ein","value":"473727159"},"service_code":["81"],"billing_class":"professional","payments":[{"allowed_amount":78.75,"billing_code_modifier":[""],"providers":[{"billed_charge":100.00,"npi":[1912521568]},{"billed_charge":125.00,"npi":[1295375822,1366001257,1467008292,1841833779,1912521568,9999999995]}]},{"allowed_amount":78.75,"billing_code_modifier":[""],"providers":[{"billed_charge":100.00,"npi":[1912521568]},{"billed_charge":125.00,"npi":[1295375822,1366001257,1467008292,1841833779,1912521568,9999999995]}]}]}]},{"name":"INFEC AGEN DETEC AMPLI PROBE","billing_code_type":"HCPCS","billing_code_type_version":"HCPCS LEVEL II 2021","billing_code":"U0005","description":"INFEC AGEN DETEC AMPLI PROBE","allowed_amounts":[{"tin":{"type":"ein","value":"473727159"},"service_code":["81"],"billing_class":"professional","payments":[{"allowed_amount":25.00,"billing_code_modifier":[""],"providers":[{"billed_charge":25.00,"npi":[1295375822,1366001257,1467008292,1841833779,1912521568,9999999995]}]}]}]},{"name":"LEVEL IV SURG PATHOLOGY GROSS&MICROSCOPIC EXAM","billing_code_type":"CPT","billing_code_type_version":"2020","billing_code":"88305","description":"LEVEL IV SURG PATHOLOGY GROSS&MICROSCOPIC EXAM","allowed_amounts":[{"tin":{"type":"ein","value":"621771540"},"service_code":["11"],"billing_class":"professional","payments":[{"allowed_amount":194.60,"billing_code_modifier":[""],"providers":[{"billed_charge":278.00,"npi":[1083853006,1245454149,1346271251]}]}]}]},{"name":"MANUAL THERAPY TQS 1\/> REGIONS EACH 15 MINUTES","billing_code_type":"CPT","billing_code_type_version":"2020","billing_code":"97140","description":"MANUAL THERAPY TQS 1\/> REGIONS EACH 15 MINUTES","allowed_amounts":[{"tin":{"type":"ein","value":"204975801"},"service_code":["11"],"billing_class":"professional","payments":[{"allowed_amount":44.59,"billing_code_modifier":[""],"providers":[{"billed_charge":90.00,"npi":[1013663053,1518994904,1548364862,9999999995]}]}]}]},{"name":"OFFICE\/OUTPATIENT NEW SF MDM 15-29 MINUTES","billing_code_type":"CPT","billing_code_type_version":"2020","billing_code":"99202","description":"OFFICE\/OUTPATIENT NEW SF MDM 15-29 MINUTES","allowed_amounts":[{"tin":{"type":"ein","value":"204975801"},"service_code":["11"],"billing_class":"professional","payments":[{"allowed_amount":94.40,"billing_code_modifier":[""],"providers":[{"billed_charge":130.00,"npi":[1013663053,1518994904,1548364862]}]}]}]},{"name":"PROF SVCS ALLG IMMNTX X W\/PRV ALLGIC XTRCS 1 NJX","billing_code_type":"CPT","billing_code_type_version":"2020","billing_code":"95115","description":"PROF SVCS ALLG IMMNTX X W\/PRV ALLGIC XTRCS 1 NJX","allowed_amounts":[{"tin":{"type":"ein","value":"274197732"},"service_code":["11"],"billing_class":"professional","payments":[{"allowed_amount":11.24,"billing_code_modifier":[""],"providers":[{"billed_charge":15.00,"npi":[1528018819,1821387051,9999999995]}]}]}]},{"name":"THER PX 1\/> AREAS EACH 15 MIN NEUROMUSC REEDUCA","billing_code_type":"CPT","billing_code_type_version":"2020","billing_code":"97112","description":"THER PX 1\/> AREAS EACH 15 MIN NEUROMUSC REEDUCA","allowed_amounts":[{"tin":{"type":"ein","value":"860975251"},"service_code":["11"],"billing_class":"professional","payments":[{"allowed_amount":35.72,"billing_code_modifier":[""],"providers":[{"billed_charge":40.00,"npi":[1700854684]},{"billed_charge":80.00,"npi":[1700854684,9999999995]}]},{"allowed_amount":35.72,"billing_code_modifier":[""],"providers":[{"billed_charge":40.00,"npi":[1700854684]},{"billed_charge":80.00,"npi":[1700854684,9999999995]}]}]},{"tin":{"type":"ein","value":"860975251"},"service_code":["11"],"billing_class":"professional","payments":[{"allowed_amount":35.72,"billing_code_modifier":[""],"providers":[{"billed_charge":40.00,"npi":[1700854684]},{"billed_charge":80.00,"npi":[1700854684,9999999995]}]},{"allowed_amount":35.72,"billing_code_modifier":[""],"providers":[{"billed_charge":40.00,"npi":[1700854684]},{"billed_charge":80.00,"npi":[1700854684,9999999995]}]}]}]},{"name":"THERAPEUTIC PX 1\/> AREAS EACH 15 MIN EXERCISES","billing_code_type":"CPT","billing_code_type_version":"2020","billing_code":"97110","description":"THERAPEUTIC PX 1\/> AREAS EACH 15 MIN EXERCISES","allowed_amounts":[{"tin":{"type":"ein","value":"204975801"},"service_code":["11"],"billing_class":"professional","payments":[{"allowed_amount":30.80,"billing_code_modifier":[""],"providers":[{"billed_charge":48.50,"npi":[1013663053,1548364862]}]}]},{"tin":{"type":"ein","value":"204975801"},"service_code":["11"],"billing_class":"professional","payments":[{"allowed_amount":54.68,"billing_code_modifier":[""],"providers":[{"billed_charge":97.00,"npi":[1013663053,1518994904,1548364862,9999999995]}]}]},{"tin":{"type":"ein","value":"860975251"},"service_code":["11"],"billing_class":"professional","payments":[{"allowed_amount":30.80,"billing_code_modifier":[""],"providers":[{"billed_charge":40.00,"npi":[1700854684]}]}]}]}]}
