{"reporting_entity_name": "IEC Group_DBA AmeriBen",
	"reporting_entity_type": "Third Party Administrator",
	"plan_name": "J-U-B ENGINEERS, Inc.",
	"plan_id_type": "ein",
	"plan_id": "820290774",
	"plan_market_type": "group",
	"last_updated_on": "2024-07-01","Version": "1.0.0","out_of_network":[{"name":"CHIROPRACTIC MANIPULATIVE TX SPINAL 3-4 REGIONS","billing_code_type":"CPT","billing_code_type_version":"2020","billing_code":"98941","description":"CHIROPRACTIC MANIPULATIVE TX SPINAL 3-4 REGIONS","allowed_amounts":[{"tin":{"type":"ein","value":"841371719"},"service_code":["11"],"billing_class":"professional","payments":[{"allowed_amount":23.55,"billing_code_modifier":[""],"providers":[{"billed_charge":35.00,"npi":[1982792735]}]}]},{"tin":{"type":"ein","value":"999999999"},"service_code":["11"],"billing_class":"professional","payments":[{"allowed_amount":23.55,"billing_code_modifier":[""],"providers":[{"billed_charge":50.00,"npi":[1115456786]}]}]}]}]}
