{"reporting_entity_name": "IEC Group_DBA AmeriBen",
	"reporting_entity_type": "Third Party Administrator",
	"plan_name": "TUBA CITY REGIONAL HEALTH CARE",
	"plan_id_type": "ein",
	"plan_id": "043651340",
	"plan_market_type": "group",
	"last_updated_on": "2022-08-01","Version": "1.0.0","out_of_network":[{"name":"RESIDENTIAL TREATMENT-CHEMICAL DEPENDENCY","billing_code_type":"RC","billing_code_type_version":"UB04","billing_code":"1002","description":"RESIDENTIAL TREATMENT-CHEMICAL DEPENDENCY","allowed_amounts":[{"tin":{"type":"ein","value":"263538695"},"service_code":["21"],"billing_class":"institutional","payments":[{"allowed_amount":1600.00,"billing_code_modifier":[""],"providers":[{"billed_charge":2000.00,"npi":[1487996955,1598087702]}]}]}]}]}
