{"reporting_entity_name": "IEC Group_DBA AmeriBen",
	"reporting_entity_type": "Third Party Administrator",
	"plan_name": "NEWELL BRANDS",
	"plan_id_type": "ein",
	"plan_id": "361953130",
	"plan_market_type": "group",
	"last_updated_on": "2023-02-01","Version": "1.0.0","out_of_network":[{"name":"2019-NCOV CORONAVIRUS SARS-COV-2\/COVID-19 ANY T","billing_code_type":"HCPCS","billing_code_type_version":"HCPCS LEVEL II 2021","billing_code":"U0004","description":"2019-NCOV CORONAVIRUS SARS-COV-2\/COVID-19 ANY T","allowed_amounts":[{"tin":{"type":"ein","value":"010612023"},"service_code":["81"],"billing_class":"professional","payments":[{"allowed_amount":90.00,"billing_code_modifier":[""],"providers":[{"billed_charge":300.00,"npi":[1104910306,1396842472]}]}]},{"tin":{"type":"ein","value":"263844242"},"service_code":["81"],"billing_class":"professional","payments":[{"allowed_amount":90.00,"billing_code_modifier":[""],"providers":[{"billed_charge":513.00,"npi":[1346472859,1548298953,1568485100]}]}]},{"tin":{"type":"ein","value":"274653051"},"service_code":["81"],"billing_class":"professional","payments":[{"allowed_amount":90.00,"billing_code_modifier":[""],"providers":[{"billed_charge":300.00,"npi":[1689647869,1942545421]}]}]},{"tin":{"type":"ein","value":"470964778"},"service_code":["81"],"billing_class":"professional","payments":[{"allowed_amount":90.00,"billing_code_modifier":[""],"providers":[{"billed_charge":475.00,"npi":[1376944793,1558561464]}]}]},{"tin":{"type":"ein","value":"471814607"},"service_code":["81"],"billing_class":"professional","payments":[{"allowed_amount":90.00,"billing_code_modifier":[""],"providers":[{"billed_charge":500.00,"npi":[1033110713,1558745422]}]}]},{"tin":{"type":"ein","value":"473588569"},"service_code":["81"],"billing_class":"professional","payments":[{"allowed_amount":90.00,"billing_code_modifier":[""],"providers":[{"billed_charge":225.00,"npi":[1164412771,1982091617]}]}]},{"tin":{"type":"ein","value":"800589803"},"service_code":["81"],"billing_class":"professional","payments":[{"allowed_amount":90.00,"billing_code_modifier":[""],"providers":[{"billed_charge":300.00,"npi":[1932445681]}]}]},{"tin":{"type":"ein","value":"812868546"},"service_code":["81"],"billing_class":"professional","payments":[{"allowed_amount":90.00,"billing_code_modifier":[""],"providers":[{"billed_charge":204.00,"npi":[1447601695,1770936312]}]}]},{"tin":{"type":"ein","value":"813546703"},"service_code":["81"],"billing_class":"professional","payments":[{"allowed_amount":90.00,"billing_code_modifier":[""],"providers":[{"billed_charge":150.00,"npi":[1033655303]}]}]},{"tin":{"type":"ein","value":"831342609"},"service_code":["81"],"billing_class":"professional","payments":[{"allowed_amount":90.00,"billing_code_modifier":[""],"providers":[{"billed_charge":350.00,"npi":[1073101028,1356913446,1487815387]}]}]},{"tin":{"type":"ein","value":"832712256"},"service_code":["81"],"billing_class":"professional","payments":[{"allowed_amount":90.00,"billing_code_modifier":[""],"providers":[{"billed_charge":300.00,"npi":[1801368998]}]}]},{"tin":{"type":"ein","value":"841905194"},"service_code":["60","81"],"billing_class":"professional","payments":[{"allowed_amount":90.00,"billing_code_modifier":[""],"providers":[{"billed_charge":120.00,"npi":[1386240786,1891733374]},{"billed_charge":130.00,"npi":[1386240786]}]},{"allowed_amount":90.00,"billing_code_modifier":[""],"providers":[{"billed_charge":120.00,"npi":[1386240786,1891733374]},{"billed_charge":130.00,"npi":[1386240786]}]}]},{"tin":{"type":"ein","value":"841905194"},"service_code":["81"],"billing_class":"professional","payments":[{"allowed_amount":90.00,"billing_code_modifier":[""],"providers":[{"billed_charge":120.00,"npi":[1386240786,1891733374]},{"billed_charge":130.00,"npi":[1386240786]}]},{"allowed_amount":90.00,"billing_code_modifier":[""],"providers":[{"billed_charge":120.00,"npi":[1386240786,1891733374]},{"billed_charge":130.00,"npi":[1386240786]}]}]},{"tin":{"type":"ein","value":"852766187"},"service_code":["81"],"billing_class":"professional","payments":[{"allowed_amount":90.00,"billing_code_modifier":[""],"providers":[{"billed_charge":150.00,"npi":[1205360476,1255946869]}]}]},{"tin":{"type":"ein","value":"861229252"},"service_code":["81"],"billing_class":"professional","payments":[{"allowed_amount":90.00,"billing_code_modifier":[""],"providers":[{"billed_charge":250.00,"npi":[1306599451]}]}]},{"tin":{"type":"ein","value":"862743177"},"service_code":["81"],"billing_class":"professional","payments":[{"allowed_amount":90.00,"billing_code_modifier":[""],"providers":[{"billed_charge":225.00,"npi":[1174674352,1700958667,1750960415]}]}]}]},{"name":"BLOOD COUNT COMPLETE AUTO&AUTO DIFRNTL WBC","billing_code_type":"CPT","billing_code_type_version":"2020","billing_code":"85025","description":"BLOOD COUNT COMPLETE AUTO&AUTO DIFRNTL WBC","allowed_amounts":[{"tin":{"type":"ein","value":"201236503"},"service_code":["81"],"billing_class":"professional","payments":[{"allowed_amount":9.32,"billing_code_modifier":[""],"providers":[{"billed_charge":31.74,"npi":[1225110497,1881624450]}]}]},{"tin":{"type":"ein","value":"382084239"},"service_code":["81"],"billing_class":"professional","payments":[{"allowed_amount":9.32,"billing_code_modifier":[""],"providers":[{"billed_charge":15.00,"npi":[1861645863,1932166386]},{"billed_charge":45.50,"npi":[1407831696,1780854109,1932166386]}]},{"allowed_amount":9.32,"billing_code_modifier":[""],"providers":[{"billed_charge":15.00,"npi":[1861645863,1932166386]},{"billed_charge":45.50,"npi":[1407831696,1780854109,1932166386]}]}]},{"tin":{"type":"ein","value":"382084239"},"service_code":["81"],"billing_class":"professional","payments":[{"allowed_amount":9.32,"billing_code_modifier":[""],"providers":[{"billed_charge":15.00,"npi":[1861645863,1932166386]},{"billed_charge":45.50,"npi":[1407831696,1780854109,1932166386]}]},{"allowed_amount":9.32,"billing_code_modifier":[""],"providers":[{"billed_charge":15.00,"npi":[1861645863,1932166386]},{"billed_charge":45.50,"npi":[1407831696,1780854109,1932166386]}]}]},{"tin":{"type":"ein","value":"540505979"},"service_code":["81"],"billing_class":"professional","payments":[{"allowed_amount":9.32,"billing_code_modifier":[""],"providers":[{"billed_charge":20.00,"npi":[1023571155,1790024909]}]}]},{"tin":{"type":"ein","value":"810576059"},"service_code":["81"],"billing_class":"professional","payments":[{"allowed_amount":9.32,"billing_code_modifier":[""],"providers":[{"billed_charge":15.54,"npi":[1235186800,1356804561,1770710865,1790841096,1902250996]}]}]},{"tin":{"type":"ein","value":"840611484"},"service_code":["81"],"billing_class":"professional","payments":[{"allowed_amount":9.32,"billing_code_modifier":[""],"providers":[{"billed_charge":36.00,"npi":[1255314704,1780660837]}]}]}]},{"name":"CAPD OPD\/HOME: CAPD COMP OR OTHER RATE","billing_code_type":"RC","billing_code_type_version":"UB04","billing_code":"0841","description":"CAPD OPD\/HOME: CAPD COMP OR OTHER RATE","allowed_amounts":[{"tin":{"type":"ein","value":"452939497"},"service_code":["65"],"billing_class":"institutional","payments":[{"allowed_amount":134.95,"billing_code_modifier":[""],"providers":[{"billed_charge":4007.23,"npi":[1467455667,1992066575]}]}]},{"tin":{"type":"ein","value":"452939497"},"service_code":["65"],"billing_class":"institutional","payments":[{"allowed_amount":147.73,"billing_code_modifier":[""],"providers":[{"billed_charge":4007.23,"npi":[1467455667,1992066575]}]}]},{"tin":{"type":"ein","value":"452939497"},"service_code":["65"],"billing_class":"institutional","payments":[{"allowed_amount":267.04,"billing_code_modifier":[""],"providers":[{"billed_charge":4007.23,"npi":[1467455667,1992066575]}]}]}]},{"name":"CCPD OPD\/HOME: CCPD COMP OR OTHER RATE","billing_code_type":"RC","billing_code_type_version":"UB04","billing_code":"0851","description":"CCPD OPD\/HOME: CCPD COMP OR OTHER RATE","allowed_amounts":[{"tin":{"type":"ein","value":"042969825"},"service_code":["65"],"billing_class":"institutional","payments":[{"allowed_amount":292.46,"billing_code_modifier":[""],"providers":[{"billed_charge":3937.55,"npi":[1538355748,1679706774]}]}]},{"tin":{"type":"ein","value":"042969825"},"service_code":["65"],"billing_class":"institutional","payments":[{"allowed_amount":303.32,"billing_code_modifier":[""],"providers":[{"billed_charge":3937.55,"npi":[1538355748,1679706774]}]}]},{"tin":{"type":"ein","value":"042969825"},"service_code":["65"],"billing_class":"institutional","payments":[{"allowed_amount":309.35,"billing_code_modifier":[""],"providers":[{"billed_charge":3937.55,"npi":[1538355748,1679706774]}]}]},{"tin":{"type":"ein","value":"452939497"},"service_code":["65"],"billing_class":"institutional","payments":[{"allowed_amount":156.04,"billing_code_modifier":[""],"providers":[{"billed_charge":4207.59,"npi":[1467455667,1992066575]}]}]},{"tin":{"type":"ein","value":"452939497"},"service_code":["65"],"billing_class":"institutional","payments":[{"allowed_amount":199.76,"billing_code_modifier":[""],"providers":[{"billed_charge":4207.59,"npi":[1467455667,1992066575]}]}]},{"tin":{"type":"ein","value":"452939497"},"service_code":["65"],"billing_class":"institutional","payments":[{"allowed_amount":204.30,"billing_code_modifier":[""],"providers":[{"billed_charge":4207.59,"npi":[1467455667,1992066575]}]}]},{"tin":{"type":"ein","value":"452939497"},"service_code":["65"],"billing_class":"institutional","payments":[{"allowed_amount":215.86,"billing_code_modifier":[""],"providers":[{"billed_charge":4207.59,"npi":[1467455667,1992066575]}]}]},{"tin":{"type":"ein","value":"452939497"},"service_code":["65"],"billing_class":"institutional","payments":[{"allowed_amount":267.06,"billing_code_modifier":[""],"providers":[{"billed_charge":4207.59,"npi":[1467455667,1992066575]}]}]},{"tin":{"type":"ein","value":"452939497"},"service_code":["65"],"billing_class":"institutional","payments":[{"allowed_amount":282.78,"billing_code_modifier":[""],"providers":[{"billed_charge":4586.27,"npi":[1467455667,1992066575]}]}]},{"tin":{"type":"ein","value":"452939497"},"service_code":["65"],"billing_class":"institutional","payments":[{"allowed_amount":284.50,"billing_code_modifier":[""],"providers":[{"billed_charge":4586.27,"npi":[1467455667,1992066575]}]}]}]},{"name":"CHIROPRACTIC MANIPULATIVE TX SPINAL 1-2 REGIONS","billing_code_type":"CPT","billing_code_type_version":"2020","billing_code":"98940","description":"CHIROPRACTIC MANIPULATIVE TX SPINAL 1-2 REGIONS","allowed_amounts":[{"tin":{"type":"ein","value":"813127110"},"service_code":["11"],"billing_class":"professional","payments":[{"allowed_amount":31.48,"billing_code_modifier":[""],"providers":[{"billed_charge":38.00,"npi":[1104278399,1205297074]}]}]}]},{"name":"COLLECTION VENOUS BLOOD VENIPUNCTURE","billing_code_type":"CPT","billing_code_type_version":"2020","billing_code":"36415","description":"COLLECTION VENOUS BLOOD VENIPUNCTURE","allowed_amounts":[{"tin":{"type":"ein","value":"273012584"},"service_code":["81"],"billing_class":"professional","payments":[{"allowed_amount":3.60,"billing_code_modifier":[""],"providers":[{"billed_charge":6.00,"npi":[1104255215,1447459607]}]}]},{"tin":{"type":"ein","value":"382084239"},"service_code":["81"],"billing_class":"professional","payments":[{"allowed_amount":3.60,"billing_code_modifier":[""],"providers":[{"billed_charge":21.37,"npi":[1184004103,1194935510,1336121557,1407831696,1417919796,1629692637,1780854109,1831129261,1831232024,1831543081,1861645863,1891865937,1932166386]}]}]},{"tin":{"type":"ein","value":"462690306"},"service_code":["11"],"billing_class":"professional","payments":[{"allowed_amount":3.60,"billing_code_modifier":[""],"providers":[{"billed_charge":10.00,"npi":[1235680091,1902008550,1912541061]}]}]},{"tin":{"type":"ein","value":"540505979"},"service_code":["81"],"billing_class":"professional","payments":[{"allowed_amount":3.60,"billing_code_modifier":[""],"providers":[{"billed_charge":20.50,"npi":[1023571155,1790024909]}]}]},{"tin":{"type":"ein","value":"751093698"},"service_code":["81"],"billing_class":"professional","payments":[{"allowed_amount":3.60,"billing_code_modifier":[""],"providers":[{"billed_charge":6.00,"npi":[1114062882,1962481820]}]}]},{"tin":{"type":"ein","value":"814189529"},"service_code":["11"],"billing_class":"professional","payments":[{"allowed_amount":3.60,"billing_code_modifier":[""],"providers":[{"billed_charge":36.00,"npi":[1255879763]}]}]}]},{"name":"COMPREHENSIVE METABOLIC PANEL","billing_code_type":"CPT","billing_code_type_version":"2020","billing_code":"80053","description":"COMPREHENSIVE METABOLIC PANEL","allowed_amounts":[{"tin":{"type":"ein","value":"201236503"},"service_code":["81"],"billing_class":"professional","payments":[{"allowed_amount":12.67,"billing_code_modifier":[""],"providers":[{"billed_charge":39.12,"npi":[1225110497,1881624450]}]}]},{"tin":{"type":"ein","value":"273012584"},"service_code":["81"],"billing_class":"professional","payments":[{"allowed_amount":12.67,"billing_code_modifier":[""],"providers":[{"billed_charge":15.00,"npi":[1104255215,1447459607]}]}]},{"tin":{"type":"ein","value":"382084239"},"service_code":["81"],"billing_class":"professional","payments":[{"allowed_amount":12.67,"billing_code_modifier":[""],"providers":[{"billed_charge":88.07,"npi":[1114963956,1174537567,1669603171,1780854109,1831543081,1861645863,1891865937,1932166386]}]}]},{"tin":{"type":"ein","value":"540505979"},"service_code":["81"],"billing_class":"professional","payments":[{"allowed_amount":12.67,"billing_code_modifier":[""],"providers":[{"billed_charge":25.00,"npi":[1023571155,1790024909]}]}]},{"tin":{"type":"ein","value":"840611484"},"service_code":["81"],"billing_class":"professional","payments":[{"allowed_amount":12.67,"billing_code_modifier":[""],"providers":[{"billed_charge":51.00,"npi":[1255314704,1780660837]}]}]}]},{"name":"DEBRIDEMENT MUSCLE & FASCIA 20 SQ CM\/<","billing_code_type":"CPT","billing_code_type_version":"2020","billing_code":"11043","description":"DEBRIDEMENT MUSCLE & FASCIA 20 SQ CM\/<","allowed_amounts":[{"tin":{"type":"ein","value":"471775494"},"service_code":["11"],"billing_class":"professional","payments":[{"allowed_amount":285.42,"billing_code_modifier":[""],"providers":[{"billed_charge":600.90,"npi":[1811398811,1831488402,1982606117]}]}]}]},{"name":"DRUG TEST DEFINITV DR ID METH P DAY 1-7 DRUG CL","billing_code_type":"HCPCS","billing_code_type_version":"HCPCS LEVEL II 2021","billing_code":"G0480","description":"DRUG TEST DEFINITV DR ID METH P DAY 1-7 DRUG CL","allowed_amounts":[{"tin":{"type":"ein","value":"463829986"},"service_code":["81"],"billing_class":"professional","payments":[{"allowed_amount":137.32,"billing_code_modifier":[""],"providers":[{"billed_charge":457.72,"npi":[1811325442,1942613989]}]}]},{"tin":{"type":"ein","value":"471670191"},"service_code":["81"],"billing_class":"professional","payments":[{"allowed_amount":137.32,"billing_code_modifier":[""],"providers":[{"billed_charge":457.72,"npi":[1083676969,1912300302]}]}]},{"tin":{"type":"ein","value":"823146637"},"service_code":["57"],"billing_class":"professional","payments":[{"allowed_amount":137.32,"billing_code_modifier":[""],"providers":[{"billed_charge":343.29,"npi":[1669453262,1861994600]}]}]},{"tin":{"type":"ein","value":"880241758"},"service_code":["81"],"billing_class":"professional","payments":[{"allowed_amount":137.32,"billing_code_modifier":[""],"providers":[{"billed_charge":429.00,"npi":[1699782722,1740389980]}]}]}]},{"name":"DRUG TST PRSMV INSTRMNT CHEM ANALYZERS PR DATE","billing_code_type":"CPT","billing_code_type_version":"2020","billing_code":"80307","description":"DRUG TST PRSMV INSTRMNT CHEM ANALYZERS PR DATE","allowed_amounts":[{"tin":{"type":"ein","value":"273440467"},"service_code":["81"],"billing_class":"professional","payments":[{"allowed_amount":74.57,"billing_code_modifier":[""],"providers":[{"billed_charge":107.75,"npi":[1447592308,1598032682]}]}]},{"tin":{"type":"ein","value":"382084239"},"service_code":["81"],"billing_class":"professional","payments":[{"allowed_amount":74.57,"billing_code_modifier":[""],"providers":[{"billed_charge":244.66,"npi":[1255516183,1932166386]}]}]},{"tin":{"type":"ein","value":"463829986"},"service_code":["81"],"billing_class":"professional","payments":[{"allowed_amount":74.57,"billing_code_modifier":[""],"providers":[{"billed_charge":248.56,"npi":[1811325442,1942613989]}]}]},{"tin":{"type":"ein","value":"465405739"},"service_code":["81"],"billing_class":"professional","payments":[{"allowed_amount":74.57,"billing_code_modifier":[""],"providers":[{"billed_charge":75.00,"npi":[1083018295,1720138696]}]}]},{"tin":{"type":"ein","value":"812681107"},"service_code":["81"],"billing_class":"professional","payments":[{"allowed_amount":74.57,"billing_code_modifier":[""],"providers":[{"billed_charge":1775.20,"npi":[1760930697]}]}]},{"tin":{"type":"ein","value":"822704194"},"service_code":["81"],"billing_class":"professional","payments":[{"allowed_amount":74.57,"billing_code_modifier":[""],"providers":[{"billed_charge":93.00,"npi":[1568822401,1841798667]}]}]},{"tin":{"type":"ein","value":"823146637"},"service_code":["57","81"],"billing_class":"professional","payments":[{"allowed_amount":74.57,"billing_code_modifier":[""],"providers":[{"billed_charge":186.42,"npi":[1669453262,1861994600]}]}]},{"tin":{"type":"ein","value":"824323767"},"service_code":["81"],"billing_class":"professional","payments":[{"allowed_amount":74.57,"billing_code_modifier":[""],"providers":[{"billed_charge":3795.00,"npi":[1023360542,1194201558,1598878324]}]}]},{"tin":{"type":"ein","value":"852173781"},"service_code":["81"],"billing_class":"professional","payments":[{"allowed_amount":74.57,"billing_code_modifier":[""],"providers":[{"billed_charge":1500.00,"npi":[1669142279,1932232857]}]}]},{"tin":{"type":"ein","value":"880241758"},"service_code":["81"],"billing_class":"professional","payments":[{"allowed_amount":74.57,"billing_code_modifier":[""],"providers":[{"billed_charge":242.00,"npi":[1699782722,1740389980]}]}]}]},{"name":"DRUGS REQUIRE SPECIFIC ID: DRUGS REQUIRING DETAIL","billing_code_type":"RC","billing_code_type_version":"UB04","billing_code":"0636","description":"DRUGS REQUIRE SPECIFIC ID: DRUGS REQUIRING DETAIL","allowed_amounts":[{"tin":{"type":"ein","value":"043085674"},"service_code":["65"],"billing_class":"institutional","payments":[{"allowed_amount":17.91,"billing_code_modifier":[""],"providers":[{"billed_charge":561.20,"npi":[1508341363,1871887182]}]}]},{"tin":{"type":"ein","value":"043085674"},"service_code":["65"],"billing_class":"institutional","payments":[{"allowed_amount":19.11,"billing_code_modifier":[""],"providers":[{"billed_charge":561.20,"npi":[1508341363,1871887182]}]}]},{"tin":{"type":"ein","value":"043110360"},"service_code":["65"],"billing_class":"institutional","payments":[{"allowed_amount":37.86,"billing_code_modifier":[""],"providers":[{"billed_charge":1261.68,"npi":[1356459275,1669587523]}]}]},{"tin":{"type":"ein","value":"043110360"},"service_code":["65"],"billing_class":"institutional","payments":[{"allowed_amount":46.55,"billing_code_modifier":[""],"providers":[{"billed_charge":1441.92,"npi":[1356459275,1669587523]}]}]},{"tin":{"type":"ein","value":"452958889"},"service_code":["65"],"billing_class":"institutional","payments":[{"allowed_amount":1.83,"billing_code_modifier":[""],"providers":[{"billed_charge":59.16,"npi":[1053697144,1134126436]}]}]},{"tin":{"type":"ein","value":"452958889"},"service_code":["65"],"billing_class":"institutional","payments":[{"allowed_amount":1.85,"billing_code_modifier":[""],"providers":[{"billed_charge":59.16,"npi":[1053697144,1134126436]}]}]},{"tin":{"type":"ein","value":"452958889"},"service_code":["65"],"billing_class":"institutional","payments":[{"allowed_amount":1.91,"billing_code_modifier":[""],"providers":[{"billed_charge":59.16,"npi":[1053697144,1134126436]}]}]},{"tin":{"type":"ein","value":"452958889"},"service_code":["65"],"billing_class":"institutional","payments":[{"allowed_amount":1.92,"billing_code_modifier":[""],"providers":[{"billed_charge":59.16,"npi":[1053697144,1134126436]}]}]},{"tin":{"type":"ein","value":"452958889"},"service_code":["65"],"billing_class":"institutional","payments":[{"allowed_amount":2.22,"billing_code_modifier":[""],"providers":[{"billed_charge":59.16,"npi":[1053697144,1134126436]}]}]},{"tin":{"type":"ein","value":"452958889"},"service_code":["65"],"billing_class":"institutional","payments":[{"allowed_amount":13.09,"billing_code_modifier":[""],"providers":[{"billed_charge":420.90,"npi":[1053697144,1134126436]}]}]},{"tin":{"type":"ein","value":"452958889"},"service_code":["65"],"billing_class":"institutional","payments":[{"allowed_amount":13.17,"billing_code_modifier":[""],"providers":[{"billed_charge":420.90,"npi":[1053697144,1134126436]}]}]},{"tin":{"type":"ein","value":"452958889"},"service_code":["65"],"billing_class":"institutional","payments":[{"allowed_amount":13.63,"billing_code_modifier":[""],"providers":[{"billed_charge":420.90,"npi":[1053697144,1134126436]}]}]},{"tin":{"type":"ein","value":"452958889"},"service_code":["65"],"billing_class":"institutional","payments":[{"allowed_amount":13.65,"billing_code_modifier":[""],"providers":[{"billed_charge":420.90,"npi":[1053697144,1134126436]}]}]},{"tin":{"type":"ein","value":"452958889"},"service_code":["65"],"billing_class":"institutional","payments":[{"allowed_amount":13.98,"billing_code_modifier":[""],"providers":[{"billed_charge":420.90,"npi":[1053697144,1134126436]}]}]},{"tin":{"type":"ein","value":"452958889"},"service_code":["65"],"billing_class":"institutional","payments":[{"allowed_amount":14.09,"billing_code_modifier":[""],"providers":[{"billed_charge":420.90,"npi":[1053697144,1134126436]}]}]},{"tin":{"type":"ein","value":"452958889"},"service_code":["65"],"billing_class":"institutional","payments":[{"allowed_amount":15.37,"billing_code_modifier":[""],"providers":[{"billed_charge":400.89,"npi":[1053697144,1134126436]}]}]},{"tin":{"type":"ein","value":"452958889"},"service_code":["65"],"billing_class":"institutional","payments":[{"allowed_amount":15.79,"billing_code_modifier":[""],"providers":[{"billed_charge":420.90,"npi":[1053697144,1134126436]}]}]},{"tin":{"type":"ein","value":"452958889"},"service_code":["65"],"billing_class":"institutional","payments":[{"allowed_amount":17.10,"billing_code_modifier":[""],"providers":[{"billed_charge":400.89,"npi":[1053697144,1073510376]}]}]},{"tin":{"type":"ein","value":"621851694"},"service_code":["65"],"billing_class":"institutional","payments":[{"allowed_amount":3.23,"billing_code_modifier":[""],"providers":[{"billed_charge":120.63,"npi":[1194834903,1205801644]}]}]},{"tin":{"type":"ein","value":"621851694"},"service_code":["65"],"billing_class":"institutional","payments":[{"allowed_amount":3.42,"billing_code_modifier":[""],"providers":[{"billed_charge":127.73,"npi":[1194834903,1205801644]}]}]},{"tin":{"type":"ein","value":"621851694"},"service_code":["65"],"billing_class":"institutional","payments":[{"allowed_amount":3.82,"billing_code_modifier":[""],"providers":[{"billed_charge":120.63,"npi":[1194834903,1205801644]}]}]},{"tin":{"type":"ein","value":"621851694"},"service_code":["65"],"billing_class":"institutional","payments":[{"allowed_amount":4.05,"billing_code_modifier":[""],"providers":[{"billed_charge":127.73,"npi":[1194834903,1205801644]}]}]},{"tin":{"type":"ein","value":"621851694"},"service_code":["65"],"billing_class":"institutional","payments":[{"allowed_amount":124.35,"billing_code_modifier":[""],"providers":[{"billed_charge":4644.00,"npi":[1194834903,1205801644]}]}]}]},{"name":"HEMO OPD\/HOME: HEMODIALYSIS COMP OR OTHER RATE","billing_code_type":"RC","billing_code_type_version":"UB04","billing_code":"0821","description":"HEMO OPD\/HOME: HEMODIALYSIS COMP OR OTHER RATE","allowed_amounts":[{"tin":{"type":"ein","value":"043085674"},"service_code":["65"],"billing_class":"institutional","payments":[{"allowed_amount":255.70,"billing_code_modifier":[""],"providers":[{"billed_charge":8010.89,"npi":[1508341363,1871887182]}]}]},{"tin":{"type":"ein","value":"043085674"},"service_code":["65"],"billing_class":"institutional","payments":[{"allowed_amount":272.79,"billing_code_modifier":[""],"providers":[{"billed_charge":8010.89,"npi":[1508341363,1871887182]}]}]},{"tin":{"type":"ein","value":"043110360"},"service_code":["65"],"billing_class":"institutional","payments":[{"allowed_amount":240.41,"billing_code_modifier":[""],"providers":[{"billed_charge":8010.89,"npi":[1356459275,1669587523]}]}]},{"tin":{"type":"ein","value":"043110360"},"service_code":["65"],"billing_class":"institutional","payments":[{"allowed_amount":242.09,"billing_code_modifier":[""],"providers":[{"billed_charge":8010.89,"npi":[1356459275,1669587523]}]}]},{"tin":{"type":"ein","value":"043110360"},"service_code":["65"],"billing_class":"institutional","payments":[{"allowed_amount":258.60,"billing_code_modifier":[""],"providers":[{"billed_charge":8010.89,"npi":[1356459275,1669587523]}]}]},{"tin":{"type":"ein","value":"452958889"},"service_code":["65"],"billing_class":"institutional","payments":[{"allowed_amount":249.07,"billing_code_modifier":[""],"providers":[{"billed_charge":8010.89,"npi":[1053697144,1134126436]}]}]},{"tin":{"type":"ein","value":"452958889"},"service_code":["65"],"billing_class":"institutional","payments":[{"allowed_amount":250.83,"billing_code_modifier":[""],"providers":[{"billed_charge":8010.89,"npi":[1053697144,1134126436]}]}]},{"tin":{"type":"ein","value":"452958889"},"service_code":["65"],"billing_class":"institutional","payments":[{"allowed_amount":259.36,"billing_code_modifier":[""],"providers":[{"billed_charge":8010.89,"npi":[1053697144,1134126436]}]}]},{"tin":{"type":"ein","value":"452958889"},"service_code":["65"],"billing_class":"institutional","payments":[{"allowed_amount":259.71,"billing_code_modifier":[""],"providers":[{"billed_charge":8010.89,"npi":[1053697144,1134126436]}]}]},{"tin":{"type":"ein","value":"452958889"},"service_code":["65"],"billing_class":"institutional","payments":[{"allowed_amount":266.11,"billing_code_modifier":[""],"providers":[{"billed_charge":8010.89,"npi":[1053697144,1134126436]}]}]},{"tin":{"type":"ein","value":"452958889"},"service_code":["65"],"billing_class":"institutional","payments":[{"allowed_amount":268.13,"billing_code_modifier":[""],"providers":[{"billed_charge":8010.89,"npi":[1053697144,1134126436]}]}]},{"tin":{"type":"ein","value":"452958889"},"service_code":["65"],"billing_class":"institutional","payments":[{"allowed_amount":292.66,"billing_code_modifier":[""],"providers":[{"billed_charge":7629.42,"npi":[1053697144,1134126436]}]}]},{"tin":{"type":"ein","value":"452958889"},"service_code":["65"],"billing_class":"institutional","payments":[{"allowed_amount":300.54,"billing_code_modifier":[""],"providers":[{"billed_charge":8010.89,"npi":[1053697144,1134126436]}]}]},{"tin":{"type":"ein","value":"452958889"},"service_code":["65"],"billing_class":"institutional","payments":[{"allowed_amount":325.31,"billing_code_modifier":[""],"providers":[{"billed_charge":7629.42,"npi":[1053697144,1073510376]}]}]},{"tin":{"type":"ein","value":"464127697"},"service_code":["65"],"billing_class":"institutional","payments":[{"allowed_amount":205.45,"billing_code_modifier":[""],"providers":[{"billed_charge":8010.89,"npi":[1306218557,1841438645]}]}]},{"tin":{"type":"ein","value":"464127697"},"service_code":["65"],"billing_class":"institutional","payments":[{"allowed_amount":329.18,"billing_code_modifier":[""],"providers":[{"billed_charge":8010.89,"npi":[1306218557,1841438645]}]}]},{"tin":{"type":"ein","value":"621727146"},"service_code":["65"],"billing_class":"institutional","payments":[{"allowed_amount":280.77,"billing_code_modifier":[""],"providers":[{"billed_charge":8010.89,"npi":[1275645095,1407848104]}]}]},{"tin":{"type":"ein","value":"621727146"},"service_code":["65"],"billing_class":"institutional","payments":[{"allowed_amount":285.51,"billing_code_modifier":[""],"providers":[{"billed_charge":8010.89,"npi":[1275645095,1407848104]},{"billed_charge":9815.16,"npi":[1275645095,1407848104]}]},{"allowed_amount":285.51,"billing_code_modifier":[""],"providers":[{"billed_charge":8010.89,"npi":[1275645095,1407848104]},{"billed_charge":9815.16,"npi":[1275645095,1407848104]}]}]},{"tin":{"type":"ein","value":"621727146"},"service_code":["65"],"billing_class":"institutional","payments":[{"allowed_amount":285.51,"billing_code_modifier":[""],"providers":[{"billed_charge":8010.89,"npi":[1275645095,1407848104]},{"billed_charge":9815.16,"npi":[1275645095,1407848104]}]},{"allowed_amount":285.51,"billing_code_modifier":[""],"providers":[{"billed_charge":8010.89,"npi":[1275645095,1407848104]},{"billed_charge":9815.16,"npi":[1275645095,1407848104]}]}]},{"tin":{"type":"ein","value":"621851694"},"service_code":["65"],"billing_class":"institutional","payments":[{"allowed_amount":214.52,"billing_code_modifier":[""],"providers":[{"billed_charge":8010.89,"npi":[1194834903,1205801644]}]}]},{"tin":{"type":"ein","value":"621851694"},"service_code":["65"],"billing_class":"institutional","payments":[{"allowed_amount":253.94,"billing_code_modifier":[""],"providers":[{"billed_charge":8010.89,"npi":[1194834903,1205801644]}]}]}]},{"name":"IA DET NA;SEV AC RES SYND SARS-COV-2 COVID-19","billing_code_type":"HCPCS","billing_code_type_version":"HCPCS LEVEL II 2021","billing_code":"U0005","description":"IA DET NA;SEV AC RES SYND SARS-COV-2 COVID-19","allowed_amounts":[{"tin":{"type":"ein","value":"010612023"},"service_code":["81"],"billing_class":"professional","payments":[{"allowed_amount":30.00,"billing_code_modifier":[""],"providers":[{"billed_charge":75.00,"npi":[1104910306,1396842472]}]}]},{"tin":{"type":"ein","value":"030511037"},"service_code":["81"],"billing_class":"professional","payments":[{"allowed_amount":30.00,"billing_code_modifier":[""],"providers":[{"billed_charge":125.00,"npi":[1790234839,1821110453]}]}]},{"tin":{"type":"ein","value":"043248020"},"service_code":["81"],"billing_class":"professional","payments":[{"allowed_amount":25.00,"billing_code_modifier":[""],"providers":[{"billed_charge":25.00,"npi":[1952347791]}]}]},{"tin":{"type":"ein","value":"133934292"},"service_code":["81"],"billing_class":"professional","payments":[{"allowed_amount":30.00,"billing_code_modifier":[""],"providers":[{"billed_charge":100.00,"npi":[1134316441,1215053962,1942873484]}]}]},{"tin":{"type":"ein","value":"161387862"},"service_code":["81"],"billing_class":"professional","payments":[{"allowed_amount":25.00,"billing_code_modifier":[""],"providers":[{"billed_charge":25.00,"npi":[1477544450,1932145778]}]}]},{"tin":{"type":"ein","value":"200905260"},"service_code":["81"],"billing_class":"professional","payments":[{"allowed_amount":30.00,"billing_code_modifier":[""],"providers":[{"billed_charge":50.00,"npi":[1225187180]}]}]},{"tin":{"type":"ein","value":"203734391"},"service_code":["81"],"billing_class":"professional","payments":[{"allowed_amount":30.00,"billing_code_modifier":[""],"providers":[{"billed_charge":50.00,"npi":[1053584482]}]}]},{"tin":{"type":"ein","value":"208833340"},"service_code":["81"],"billing_class":"professional","payments":[{"allowed_amount":25.00,"billing_code_modifier":[""],"providers":[{"billed_charge":25.00,"npi":[1497283907,1922259753]}]}]},{"tin":{"type":"ein","value":"260880495"},"service_code":["81"],"billing_class":"professional","payments":[{"allowed_amount":25.00,"billing_code_modifier":[""],"providers":[{"billed_charge":25.00,"npi":[1134377781]}]}]},{"tin":{"type":"ein","value":"263844242"},"service_code":["81"],"billing_class":"professional","payments":[{"allowed_amount":30.00,"billing_code_modifier":[""],"providers":[{"billed_charge":37.50,"npi":[1346472859,1548298953,1568485100]}]}]},{"tin":{"type":"ein","value":"264001006"},"service_code":["11"],"billing_class":"professional","payments":[{"allowed_amount":30.00,"billing_code_modifier":[""],"providers":[{"billed_charge":65.00,"npi":[1134452329,1659461101]}]}]},{"tin":{"type":"ein","value":"274653051"},"service_code":["81"],"billing_class":"professional","payments":[{"allowed_amount":30.00,"billing_code_modifier":[""],"providers":[{"billed_charge":100.00,"npi":[1689647869,1942545421]}]}]},{"tin":{"type":"ein","value":"382084239"},"service_code":["81"],"billing_class":"professional","payments":[{"allowed_amount":25.00,"billing_code_modifier":[""],"providers":[{"billed_charge":25.00,"npi":[1063901288,1326605726,1528546652,1740753003,1932166386]}]}]},{"tin":{"type":"ein","value":"463371474"},"service_code":["81"],"billing_class":"professional","payments":[{"allowed_amount":30.00,"billing_code_modifier":[""],"providers":[{"billed_charge":30.00,"npi":[1700212735,1902381155]}]}]},{"tin":{"type":"ein","value":"470964778"},"service_code":["81"],"billing_class":"professional","payments":[{"allowed_amount":25.00,"billing_code_modifier":[""],"providers":[{"billed_charge":25.00,"npi":[1376944793,1558561464]}]}]},{"tin":{"type":"ein","value":"471359076"},"service_code":["81"],"billing_class":"professional","payments":[{"allowed_amount":25.00,"billing_code_modifier":[""],"providers":[{"billed_charge":25.00,"npi":[1134538713,1518950310,1750587978]}]}]},{"tin":{"type":"ein","value":"471814607"},"service_code":["81"],"billing_class":"professional","payments":[{"allowed_amount":30.00,"billing_code_modifier":[""],"providers":[{"billed_charge":50.00,"npi":[1033110713,1558745422]}]}]},{"tin":{"type":"ein","value":"472231080"},"service_code":["81"],"billing_class":"professional","payments":[{"allowed_amount":25.00,"billing_code_modifier":[""],"providers":[{"billed_charge":25.00,"npi":[1619580891]}]}]},{"tin":{"type":"ein","value":"472462178"},"service_code":["81"],"billing_class":"professional","payments":[{"allowed_amount":30.00,"billing_code_modifier":[""],"providers":[{"billed_charge":50.00,"npi":[1114183555,1144731605,1508484569,1639311509,1962018374]}]}]},{"tin":{"type":"ein","value":"473588569"},"service_code":["81"],"billing_class":"professional","payments":[{"allowed_amount":30.00,"billing_code_modifier":[""],"providers":[{"billed_charge":75.00,"npi":[1164412771,1982091617]}]}]},{"tin":{"type":"ein","value":"473727159"},"service_code":["81"],"billing_class":"professional","payments":[{"allowed_amount":25.00,"billing_code_modifier":[""],"providers":[{"billed_charge":25.00,"npi":[1013561539,1023509452,1053821777,1063041499,1063901288,1306513007,1528546652,1568753317,1851913271,1902423254,1902455520,1912521568,1992314918]}]}]},{"tin":{"type":"ein","value":"800589803"},"service_code":["81"],"billing_class":"professional","payments":[{"allowed_amount":30.00,"billing_code_modifier":[""],"providers":[{"billed_charge":75.00,"npi":[1932445681]}]}]},{"tin":{"type":"ein","value":"812868546"},"service_code":["81"],"billing_class":"professional","payments":[{"allowed_amount":30.00,"billing_code_modifier":[""],"providers":[{"billed_charge":50.00,"npi":[1447601695,1770936312]}]}]},{"tin":{"type":"ein","value":"813546703"},"service_code":["81"],"billing_class":"professional","payments":[{"allowed_amount":30.00,"billing_code_modifier":[""],"providers":[{"billed_charge":50.00,"npi":[1033655303]}]}]},{"tin":{"type":"ein","value":"814106374"},"service_code":["81"],"billing_class":"professional","payments":[{"allowed_amount":30.00,"billing_code_modifier":[""],"providers":[{"billed_charge":50.00,"npi":[1447250170,1730628439]}]}]},{"tin":{"type":"ein","value":"823438908"},"service_code":["11"],"billing_class":"professional","payments":[{"allowed_amount":30.00,"billing_code_modifier":[""],"providers":[{"billed_charge":75.00,"npi":[1114431087]}]}]},{"tin":{"type":"ein","value":"831342609"},"service_code":["81"],"billing_class":"professional","payments":[{"allowed_amount":30.00,"billing_code_modifier":[""],"providers":[{"billed_charge":100.00,"npi":[1073101028,1356913446,1487815387]}]}]},{"tin":{"type":"ein","value":"832712256"},"service_code":["81"],"billing_class":"professional","payments":[{"allowed_amount":30.00,"billing_code_modifier":[""],"providers":[{"billed_charge":50.00,"npi":[1801368998]}]}]},{"tin":{"type":"ein","value":"833648025"},"service_code":["81"],"billing_class":"professional","payments":[{"allowed_amount":30.00,"billing_code_modifier":[""],"providers":[{"billed_charge":62.50,"npi":[1528525045,1922132547]}]}]},{"tin":{"type":"ein","value":"833901286"},"service_code":["20"],"billing_class":"professional","payments":[{"allowed_amount":30.00,"billing_code_modifier":[""],"providers":[{"billed_charge":75.00,"npi":[1154976876]}]}]},{"tin":{"type":"ein","value":"840611484"},"service_code":["81"],"billing_class":"professional","payments":[{"allowed_amount":25.00,"billing_code_modifier":[""],"providers":[{"billed_charge":25.00,"npi":[1255314704,1811508567]}]}]},{"tin":{"type":"ein","value":"841905194"},"service_code":["60","81"],"billing_class":"professional","payments":[{"allowed_amount":30.00,"billing_code_modifier":[""],"providers":[{"billed_charge":40.00,"npi":[1386240786,1891733374]},{"billed_charge":90.00,"npi":[1386240786]}]},{"allowed_amount":30.00,"billing_code_modifier":[""],"providers":[{"billed_charge":40.00,"npi":[1386240786,1891733374]},{"billed_charge":90.00,"npi":[1386240786]}]}]},{"tin":{"type":"ein","value":"841905194"},"service_code":["81"],"billing_class":"professional","payments":[{"allowed_amount":30.00,"billing_code_modifier":[""],"providers":[{"billed_charge":40.00,"npi":[1386240786,1891733374]},{"billed_charge":90.00,"npi":[1386240786]}]},{"allowed_amount":30.00,"billing_code_modifier":[""],"providers":[{"billed_charge":40.00,"npi":[1386240786,1891733374]},{"billed_charge":90.00,"npi":[1386240786]}]}]},{"tin":{"type":"ein","value":"845172222"},"service_code":["81"],"billing_class":"professional","payments":[{"allowed_amount":30.00,"billing_code_modifier":[""],"providers":[{"billed_charge":75.00,"npi":[1346769593,1659588762]}]}]},{"tin":{"type":"ein","value":"850602662"},"service_code":["81"],"billing_class":"professional","payments":[{"allowed_amount":30.00,"billing_code_modifier":[""],"providers":[{"billed_charge":50.00,"npi":[1184883993,1881215622]}]}]},{"tin":{"type":"ein","value":"852364612"},"service_code":["81"],"billing_class":"professional","payments":[{"allowed_amount":30.00,"billing_code_modifier":[""],"providers":[{"billed_charge":75.00,"npi":[1740685387,1790386746]}]}]},{"tin":{"type":"ein","value":"852766187"},"service_code":["81"],"billing_class":"professional","payments":[{"allowed_amount":30.00,"billing_code_modifier":[""],"providers":[{"billed_charge":50.00,"npi":[1205360476,1255946869]}]}]},{"tin":{"type":"ein","value":"852981413"},"service_code":["81"],"billing_class":"professional","payments":[{"allowed_amount":30.00,"billing_code_modifier":[""],"providers":[{"billed_charge":35.00,"npi":[1295323053,1790170272]}]}]},{"tin":{"type":"ein","value":"853312450"},"service_code":["81"],"billing_class":"professional","payments":[{"allowed_amount":30.00,"billing_code_modifier":[""],"providers":[{"billed_charge":100.00,"npi":[1033701701,1073629069,1902480296]}]}]},{"tin":{"type":"ein","value":"861229252"},"service_code":["81"],"billing_class":"professional","payments":[{"allowed_amount":30.00,"billing_code_modifier":[""],"providers":[{"billed_charge":50.00,"npi":[1306599451]}]}]},{"tin":{"type":"ein","value":"862743177"},"service_code":["81"],"billing_class":"professional","payments":[{"allowed_amount":25.00,"billing_code_modifier":[""],"providers":[{"billed_charge":25.00,"npi":[1174674352,1750960415]}]}]},{"tin":{"type":"ein","value":"862743177"},"service_code":["81"],"billing_class":"professional","payments":[{"allowed_amount":30.00,"billing_code_modifier":[""],"providers":[{"billed_charge":75.00,"npi":[1174674352,1700958667,1750960415]}]}]},{"tin":{"type":"ein","value":"880241758"},"service_code":["81"],"billing_class":"professional","payments":[{"allowed_amount":25.00,"billing_code_modifier":[""],"providers":[{"billed_charge":25.00,"npi":[1003840778,1124417357,1376633586]}]}]},{"tin":{"type":"ein","value":"942854057"},"service_code":["81"],"billing_class":"professional","payments":[{"allowed_amount":25.00,"billing_code_modifier":[""],"providers":[{"billed_charge":25.00,"npi":[1720029960]}]}]}]},{"name":"IAAD IA SEVERE AQT RESPIR SYND CORONAVIRUS","billing_code_type":"CPT","billing_code_type_version":"2020","billing_code":"87426","description":"IAAD IA SEVERE AQT RESPIR SYND CORONAVIRUS","allowed_amounts":[{"tin":{"type":"ein","value":"133934292"},"service_code":["81"],"billing_class":"professional","payments":[{"allowed_amount":45.23,"billing_code_modifier":[""],"providers":[{"billed_charge":100.00,"npi":[1134316441,1134899263,1215053962]}]}]},{"tin":{"type":"ein","value":"208672011"},"service_code":["17"],"billing_class":"professional","payments":[{"allowed_amount":45.23,"billing_code_modifier":[""],"providers":[{"billed_charge":120.00,"npi":[1154389393,1407338049,1417076829]}]}]},{"tin":{"type":"ein","value":"452989041"},"service_code":["81"],"billing_class":"professional","payments":[{"allowed_amount":45.23,"billing_code_modifier":[""],"providers":[{"billed_charge":105.99,"npi":[1790063030,1841715471,1922426451]}]}]},{"tin":{"type":"ein","value":"453191160"},"service_code":["20"],"billing_class":"professional","payments":[{"allowed_amount":45.23,"billing_code_modifier":[""],"providers":[{"billed_charge":117.00,"npi":[1043440811,1235411547,1366534661]}]}]},{"tin":{"type":"ein","value":"845172222"},"service_code":["81"],"billing_class":"professional","payments":[{"allowed_amount":45.23,"billing_code_modifier":[""],"providers":[{"billed_charge":105.99,"npi":[1346769593,1659588762]}]}]},{"tin":{"type":"ein","value":"861229252"},"service_code":["81"],"billing_class":"professional","payments":[{"allowed_amount":45.23,"billing_code_modifier":[""],"providers":[{"billed_charge":100.00,"npi":[1306599451]}]}]}]},{"name":"IADNA SARS-COV-2 COVID-19 AMPLIFIED PROBE TQ","billing_code_type":"CPT","billing_code_type_version":"2020","billing_code":"87635","description":"IADNA SARS-COV-2 COVID-19 AMPLIFIED PROBE TQ","allowed_amounts":[{"tin":{"type":"ein","value":"262462810"},"service_code":["81"],"billing_class":"professional","payments":[{"allowed_amount":61.57,"billing_code_modifier":[""],"providers":[{"billed_charge":100.00,"npi":[1215195730,1295740298,1851306955,1992764591]}]}]},{"tin":{"type":"ein","value":"361924025"},"service_code":["81"],"billing_class":"professional","payments":[{"allowed_amount":61.57,"billing_code_modifier":[""],"providers":[{"billed_charge":100.00,"npi":[1003821257,1053316364,1063550473,1124541966,1134310113,1194491530,1255536215,1376633586,1477728541,1609881655,1710174446,1750398749,1871508804,1992847644]}]}]},{"tin":{"type":"ein","value":"453191160"},"service_code":["20"],"billing_class":"professional","payments":[{"allowed_amount":61.57,"billing_code_modifier":[""],"providers":[{"billed_charge":120.00,"npi":[1043440811,1174597439,1235411547,1962884411]}]}]},{"tin":{"type":"ein","value":"462931013"},"service_code":["11"],"billing_class":"professional","payments":[{"allowed_amount":61.57,"billing_code_modifier":[""],"providers":[{"billed_charge":150.00,"npi":[1184066698,1255413050,1326422320]}]}]},{"tin":{"type":"ein","value":"852248534"},"service_code":["12"],"billing_class":"professional","payments":[{"allowed_amount":61.57,"billing_code_modifier":[""],"providers":[{"billed_charge":160.00,"npi":[1427667989,1467061952]},{"billed_charge":270.00,"npi":[1427667989,1467061952]},{"billed_charge":120.00,"npi":[1427667989,1467061952]},{"billed_charge":220.00,"npi":[1427667989,1467061952]}]},{"allowed_amount":61.57,"billing_code_modifier":[""],"providers":[{"billed_charge":160.00,"npi":[1427667989,1467061952]},{"billed_charge":270.00,"npi":[1427667989,1467061952]},{"billed_charge":120.00,"npi":[1427667989,1467061952]},{"billed_charge":220.00,"npi":[1427667989,1467061952]}]},{"allowed_amount":61.57,"billing_code_modifier":[""],"providers":[{"billed_charge":160.00,"npi":[1427667989,1467061952]},{"billed_charge":270.00,"npi":[1427667989,1467061952]},{"billed_charge":120.00,"npi":[1427667989,1467061952]},{"billed_charge":220.00,"npi":[1427667989,1467061952]}]},{"allowed_amount":61.57,"billing_code_modifier":[""],"providers":[{"billed_charge":160.00,"npi":[1427667989,1467061952]},{"billed_charge":270.00,"npi":[1427667989,1467061952]},{"billed_charge":120.00,"npi":[1427667989,1467061952]},{"billed_charge":220.00,"npi":[1427667989,1467061952]}]}]},{"tin":{"type":"ein","value":"852248534"},"service_code":["12"],"billing_class":"professional","payments":[{"allowed_amount":61.57,"billing_code_modifier":[""],"providers":[{"billed_charge":160.00,"npi":[1427667989,1467061952]},{"billed_charge":270.00,"npi":[1427667989,1467061952]},{"billed_charge":120.00,"npi":[1427667989,1467061952]},{"billed_charge":220.00,"npi":[1427667989,1467061952]}]},{"allowed_amount":61.57,"billing_code_modifier":[""],"providers":[{"billed_charge":160.00,"npi":[1427667989,1467061952]},{"billed_charge":270.00,"npi":[1427667989,1467061952]},{"billed_charge":120.00,"npi":[1427667989,1467061952]},{"billed_charge":220.00,"npi":[1427667989,1467061952]}]},{"allowed_amount":61.57,"billing_code_modifier":[""],"providers":[{"billed_charge":160.00,"npi":[1427667989,1467061952]},{"billed_charge":270.00,"npi":[1427667989,1467061952]},{"billed_charge":120.00,"npi":[1427667989,1467061952]},{"billed_charge":220.00,"npi":[1427667989,1467061952]}]},{"allowed_amount":61.57,"billing_code_modifier":[""],"providers":[{"billed_charge":160.00,"npi":[1427667989,1467061952]},{"billed_charge":270.00,"npi":[1427667989,1467061952]},{"billed_charge":120.00,"npi":[1427667989,1467061952]},{"billed_charge":220.00,"npi":[1427667989,1467061952]}]}]},{"tin":{"type":"ein","value":"852248534"},"service_code":["12","81"],"billing_class":"professional","payments":[{"allowed_amount":61.57,"billing_code_modifier":[""],"providers":[{"billed_charge":160.00,"npi":[1427667989,1467061952]},{"billed_charge":270.00,"npi":[1427667989,1467061952]},{"billed_charge":120.00,"npi":[1427667989,1467061952]},{"billed_charge":220.00,"npi":[1427667989,1467061952]}]},{"allowed_amount":61.57,"billing_code_modifier":[""],"providers":[{"billed_charge":160.00,"npi":[1427667989,1467061952]},{"billed_charge":270.00,"npi":[1427667989,1467061952]},{"billed_charge":120.00,"npi":[1427667989,1467061952]},{"billed_charge":220.00,"npi":[1427667989,1467061952]}]},{"allowed_amount":61.57,"billing_code_modifier":[""],"providers":[{"billed_charge":160.00,"npi":[1427667989,1467061952]},{"billed_charge":270.00,"npi":[1427667989,1467061952]},{"billed_charge":120.00,"npi":[1427667989,1467061952]},{"billed_charge":220.00,"npi":[1427667989,1467061952]}]},{"allowed_amount":61.57,"billing_code_modifier":[""],"providers":[{"billed_charge":160.00,"npi":[1427667989,1467061952]},{"billed_charge":270.00,"npi":[1427667989,1467061952]},{"billed_charge":120.00,"npi":[1427667989,1467061952]},{"billed_charge":220.00,"npi":[1427667989,1467061952]}]}]},{"tin":{"type":"ein","value":"852248534"},"service_code":["81"],"billing_class":"professional","payments":[{"allowed_amount":61.57,"billing_code_modifier":[""],"providers":[{"billed_charge":160.00,"npi":[1427667989,1467061952]},{"billed_charge":270.00,"npi":[1427667989,1467061952]},{"billed_charge":120.00,"npi":[1427667989,1467061952]},{"billed_charge":220.00,"npi":[1427667989,1467061952]}]},{"allowed_amount":61.57,"billing_code_modifier":[""],"providers":[{"billed_charge":160.00,"npi":[1427667989,1467061952]},{"billed_charge":270.00,"npi":[1427667989,1467061952]},{"billed_charge":120.00,"npi":[1427667989,1467061952]},{"billed_charge":220.00,"npi":[1427667989,1467061952]}]},{"allowed_amount":61.57,"billing_code_modifier":[""],"providers":[{"billed_charge":160.00,"npi":[1427667989,1467061952]},{"billed_charge":270.00,"npi":[1427667989,1467061952]},{"billed_charge":120.00,"npi":[1427667989,1467061952]},{"billed_charge":220.00,"npi":[1427667989,1467061952]}]},{"allowed_amount":61.57,"billing_code_modifier":[""],"providers":[{"billed_charge":160.00,"npi":[1427667989,1467061952]},{"billed_charge":270.00,"npi":[1427667989,1467061952]},{"billed_charge":120.00,"npi":[1427667989,1467061952]},{"billed_charge":220.00,"npi":[1427667989,1467061952]}]}]}]},{"name":"IMM ADMN SARSCOV2 30MCG\/0.3ML DIL RECON 1ST DOSE","billing_code_type":"CPT","billing_code_type_version":"2020","billing_code":"0001A","description":"IMM ADMN SARSCOV2 30MCG\/0.3ML DIL RECON 1ST DOSE","allowed_amounts":[{"tin":{"type":"ein","value":"854098687"},"service_code":["60"],"billing_class":"professional","payments":[{"allowed_amount":48.00,"billing_code_modifier":[""],"providers":[{"billed_charge":100.00,"npi":[1467057554]}]}]}]},{"name":"IMM ADMN SARSCOV2 30MCG\/0.3ML DIL RECON 2ND DOSE","billing_code_type":"CPT","billing_code_type_version":"2020","billing_code":"0002A","description":"IMM ADMN SARSCOV2 30MCG\/0.3ML DIL RECON 2ND DOSE","allowed_amounts":[{"tin":{"type":"ein","value":"854098687"},"service_code":["60"],"billing_class":"professional","payments":[{"allowed_amount":48.00,"billing_code_modifier":[""],"providers":[{"billed_charge":100.00,"npi":[1467057554]}]}]}]},{"name":"INF AGT DET DNA\/RNA;SARS-COV-2 COVID-19 AMP P T","billing_code_type":"HCPCS","billing_code_type_version":"HCPCS LEVEL II 2021","billing_code":"U0003","description":"INF AGT DET DNA\/RNA;SARS-COV-2 COVID-19 AMP P T","allowed_amounts":[{"tin":{"type":"ein","value":"030511037"},"service_code":["81"],"billing_class":"professional","payments":[{"allowed_amount":90.00,"billing_code_modifier":[""],"providers":[{"billed_charge":375.00,"npi":[1790234839,1821110453]}]}]},{"tin":{"type":"ein","value":"043248020"},"service_code":["81"],"billing_class":"professional","payments":[{"allowed_amount":90.00,"billing_code_modifier":[""],"providers":[{"billed_charge":100.01,"npi":[1952347791]}]}]},{"tin":{"type":"ein","value":"133934292"},"service_code":["81"],"billing_class":"professional","payments":[{"allowed_amount":90.00,"billing_code_modifier":[""],"providers":[{"billed_charge":300.00,"npi":[1134316441,1215053962,1942873484]}]}]},{"tin":{"type":"ein","value":"161387862"},"service_code":["81"],"billing_class":"professional","payments":[{"allowed_amount":90.00,"billing_code_modifier":[""],"providers":[{"billed_charge":100.00,"npi":[1477544450,1932145778]}]}]},{"tin":{"type":"ein","value":"200905260"},"service_code":["81"],"billing_class":"professional","payments":[{"allowed_amount":90.00,"billing_code_modifier":[""],"providers":[{"billed_charge":200.00,"npi":[1225187180]}]}]},{"tin":{"type":"ein","value":"203734391"},"service_code":["81"],"billing_class":"professional","payments":[{"allowed_amount":90.00,"billing_code_modifier":[""],"providers":[{"billed_charge":200.00,"npi":[1053584482]}]}]},{"tin":{"type":"ein","value":"208833340"},"service_code":["81"],"billing_class":"professional","payments":[{"allowed_amount":90.00,"billing_code_modifier":[""],"providers":[{"billed_charge":150.00,"npi":[1497283907,1922259753]}]}]},{"tin":{"type":"ein","value":"264001006"},"service_code":["11"],"billing_class":"professional","payments":[{"allowed_amount":90.00,"billing_code_modifier":[""],"providers":[{"billed_charge":195.00,"npi":[1134452329,1659461101]}]}]},{"tin":{"type":"ein","value":"382084239"},"service_code":["81"],"billing_class":"professional","payments":[{"allowed_amount":90.00,"billing_code_modifier":[""],"providers":[{"billed_charge":100.00,"npi":[1063901288,1326605726,1740753003,1932166386]}]}]},{"tin":{"type":"ein","value":"463371474"},"service_code":["81"],"billing_class":"professional","payments":[{"allowed_amount":90.00,"billing_code_modifier":[""],"providers":[{"billed_charge":120.00,"npi":[1700212735,1902381155]}]}]},{"tin":{"type":"ein","value":"471359076"},"service_code":["81"],"billing_class":"professional","payments":[{"allowed_amount":90.00,"billing_code_modifier":[""],"providers":[{"billed_charge":125.00,"npi":[1134538713,1518950310,1750587978]}]}]},{"tin":{"type":"ein","value":"472231080"},"service_code":["81"],"billing_class":"professional","payments":[{"allowed_amount":90.00,"billing_code_modifier":[""],"providers":[{"billed_charge":100.00,"npi":[1619580891]}]}]},{"tin":{"type":"ein","value":"472462178"},"service_code":["81"],"billing_class":"professional","payments":[{"allowed_amount":90.00,"billing_code_modifier":[""],"providers":[{"billed_charge":250.00,"npi":[1114183555,1144731605,1508484569,1639311509,1962018374]}]}]},{"tin":{"type":"ein","value":"473727159"},"service_code":["81"],"billing_class":"professional","payments":[{"allowed_amount":90.00,"billing_code_modifier":[""],"providers":[{"billed_charge":125.00,"npi":[1013561539,1023509452,1053821777,1063041499,1063901288,1306513007,1336404359,1376188367,1528546652,1568753317,1801350848,1801482633,1851913271,1902423254,1902455520,1912521568,1992314918]}]}]},{"tin":{"type":"ein","value":"621433252"},"service_code":["81"],"billing_class":"professional","payments":[{"allowed_amount":90.00,"billing_code_modifier":[""],"providers":[{"billed_charge":125.00,"npi":[1053623066,1255755450,1689639544]}]}]},{"tin":{"type":"ein","value":"814106374"},"service_code":["81"],"billing_class":"professional","payments":[{"allowed_amount":90.00,"billing_code_modifier":[""],"providers":[{"billed_charge":150.00,"npi":[1447250170,1730628439]}]}]},{"tin":{"type":"ein","value":"823438908"},"service_code":["11"],"billing_class":"professional","payments":[{"allowed_amount":90.00,"billing_code_modifier":[""],"providers":[{"billed_charge":300.00,"npi":[1114431087]}]}]},{"tin":{"type":"ein","value":"833648025"},"service_code":["81"],"billing_class":"professional","payments":[{"allowed_amount":90.00,"billing_code_modifier":[""],"providers":[{"billed_charge":250.00,"npi":[1528525045,1922132547]}]}]},{"tin":{"type":"ein","value":"833901286"},"service_code":["20"],"billing_class":"professional","payments":[{"allowed_amount":90.00,"billing_code_modifier":[""],"providers":[{"billed_charge":200.00,"npi":[1154976876]}]}]},{"tin":{"type":"ein","value":"840611484"},"service_code":["81"],"billing_class":"professional","payments":[{"allowed_amount":90.00,"billing_code_modifier":[""],"providers":[{"billed_charge":100.00,"npi":[1255314704,1811508567]}]}]},{"tin":{"type":"ein","value":"841905194"},"service_code":["60","81"],"billing_class":"professional","payments":[{"allowed_amount":90.00,"billing_code_modifier":[""],"providers":[{"billed_charge":140.00,"npi":[1386240786,1891733374]},{"billed_charge":225.00,"npi":[1386240786]}]},{"allowed_amount":90.00,"billing_code_modifier":[""],"providers":[{"billed_charge":140.00,"npi":[1386240786,1891733374]},{"billed_charge":225.00,"npi":[1386240786]}]}]},{"tin":{"type":"ein","value":"841905194"},"service_code":["81"],"billing_class":"professional","payments":[{"allowed_amount":90.00,"billing_code_modifier":[""],"providers":[{"billed_charge":140.00,"npi":[1386240786,1891733374]},{"billed_charge":225.00,"npi":[1386240786]}]},{"allowed_amount":90.00,"billing_code_modifier":[""],"providers":[{"billed_charge":140.00,"npi":[1386240786,1891733374]},{"billed_charge":225.00,"npi":[1386240786]}]}]},{"tin":{"type":"ein","value":"845172222"},"service_code":["81"],"billing_class":"professional","payments":[{"allowed_amount":90.00,"billing_code_modifier":[""],"providers":[{"billed_charge":225.00,"npi":[1346769593,1659588762]}]}]},{"tin":{"type":"ein","value":"850602662"},"service_code":["81"],"billing_class":"professional","payments":[{"allowed_amount":90.00,"billing_code_modifier":[""],"providers":[{"billed_charge":150.00,"npi":[1184883993,1881215622]}]}]},{"tin":{"type":"ein","value":"852364612"},"service_code":["81"],"billing_class":"professional","payments":[{"allowed_amount":90.00,"billing_code_modifier":[""],"providers":[{"billed_charge":225.00,"npi":[1740685387,1790386746]}]}]},{"tin":{"type":"ein","value":"852981413"},"service_code":["81"],"billing_class":"professional","payments":[{"allowed_amount":90.00,"billing_code_modifier":[""],"providers":[{"billed_charge":110.00,"npi":[1295323053,1790170272]}]}]},{"tin":{"type":"ein","value":"853312450"},"service_code":["81"],"billing_class":"professional","payments":[{"allowed_amount":90.00,"billing_code_modifier":[""],"providers":[{"billed_charge":200.00,"npi":[1033701701,1073629069,1902480296]}]}]},{"tin":{"type":"ein","value":"880241758"},"service_code":["81"],"billing_class":"professional","payments":[{"allowed_amount":90.00,"billing_code_modifier":[""],"providers":[{"billed_charge":100.00,"npi":[1003840778,1124417357,1376633586]}]}]},{"tin":{"type":"ein","value":"942854057"},"service_code":["81"],"billing_class":"professional","payments":[{"allowed_amount":90.00,"billing_code_modifier":[""],"providers":[{"billed_charge":145.00,"npi":[1720029960]}]}]}]},{"name":"LIPID PANEL","billing_code_type":"CPT","billing_code_type_version":"2020","billing_code":"80061","description":"LIPID PANEL","allowed_amounts":[{"tin":{"type":"ein","value":"330289164"},"service_code":["81"],"billing_class":"professional","payments":[{"allowed_amount":16.07,"billing_code_modifier":[""],"providers":[{"billed_charge":26.78,"npi":[1447459607,1518039486]}]}]},{"tin":{"type":"ein","value":"382084239"},"service_code":["81"],"billing_class":"professional","payments":[{"allowed_amount":16.07,"billing_code_modifier":[""],"providers":[{"billed_charge":137.98,"npi":[1114963956,1669603171]},{"billed_charge":148.10,"npi":[1184004103,1336121557,1831543081,1932166386]}]},{"allowed_amount":16.07,"billing_code_modifier":[""],"providers":[{"billed_charge":137.98,"npi":[1114963956,1669603171]},{"billed_charge":148.10,"npi":[1184004103,1336121557,1831543081,1932166386]}]}]},{"tin":{"type":"ein","value":"382084239"},"service_code":["81"],"billing_class":"professional","payments":[{"allowed_amount":16.07,"billing_code_modifier":[""],"providers":[{"billed_charge":137.98,"npi":[1114963956,1669603171]},{"billed_charge":148.10,"npi":[1184004103,1336121557,1831543081,1932166386]}]},{"allowed_amount":16.07,"billing_code_modifier":[""],"providers":[{"billed_charge":137.98,"npi":[1114963956,1669603171]},{"billed_charge":148.10,"npi":[1184004103,1336121557,1831543081,1932166386]}]}]},{"tin":{"type":"ein","value":"431752799"},"service_code":["11"],"billing_class":"professional","payments":[{"allowed_amount":16.07,"billing_code_modifier":[""],"providers":[{"billed_charge":61.40,"npi":[1245470624,1508168782]}]}]},{"tin":{"type":"ein","value":"540505979"},"service_code":["81"],"billing_class":"professional","payments":[{"allowed_amount":16.07,"billing_code_modifier":[""],"providers":[{"billed_charge":40.00,"npi":[1023571155,1790024909]}]}]},{"tin":{"type":"ein","value":"580568702"},"service_code":["81"],"billing_class":"professional","payments":[{"allowed_amount":16.07,"billing_code_modifier":[""],"providers":[{"billed_charge":66.00,"npi":[1063406684,1083842694,1598829863]}]}]},{"tin":{"type":"ein","value":"810576059"},"service_code":["81"],"billing_class":"professional","payments":[{"allowed_amount":16.07,"billing_code_modifier":[""],"providers":[{"billed_charge":56.16,"npi":[1235186800,1477520799,1871038679]}]}]},{"tin":{"type":"ein","value":"840611484"},"service_code":["81"],"billing_class":"professional","payments":[{"allowed_amount":16.07,"billing_code_modifier":[""],"providers":[{"billed_charge":103.00,"npi":[1255314704,1780660837]}]}]}]},{"name":"MANUAL THERAPY TQS 1\/> REGIONS EACH 15 MINUTES","billing_code_type":"CPT","billing_code_type_version":"2020","billing_code":"97140","description":"MANUAL THERAPY TQS 1\/> REGIONS EACH 15 MINUTES","allowed_amounts":[{"tin":{"type":"ein","value":"452977072"},"service_code":["11"],"billing_class":"professional","payments":[{"allowed_amount":38.70,"billing_code_modifier":[""],"providers":[{"billed_charge":100.00,"npi":[1033161914,1588874861,1669757746]}]}]}]},{"name":"MEDICAL\/SURGICAL SUPPLIES","billing_code_type":"RC","billing_code_type_version":"UB04","billing_code":"0270","description":"MEDICAL\/SURGICAL SUPPLIES","allowed_amounts":[{"tin":{"type":"ein","value":"043085674"},"service_code":["65"],"billing_class":"institutional","payments":[{"allowed_amount":4.31,"billing_code_modifier":[""],"providers":[{"billed_charge":135.24,"npi":[1508341363,1871887182]}]}]},{"tin":{"type":"ein","value":"043085674"},"service_code":["65"],"billing_class":"institutional","payments":[{"allowed_amount":4.61,"billing_code_modifier":[""],"providers":[{"billed_charge":135.24,"npi":[1508341363,1871887182]}]}]},{"tin":{"type":"ein","value":"452958889"},"service_code":["65"],"billing_class":"institutional","payments":[{"allowed_amount":4.20,"billing_code_modifier":[""],"providers":[{"billed_charge":135.24,"npi":[1053697144,1134126436]}]}]},{"tin":{"type":"ein","value":"452958889"},"service_code":["65"],"billing_class":"institutional","payments":[{"allowed_amount":4.23,"billing_code_modifier":[""],"providers":[{"billed_charge":135.24,"npi":[1053697144,1134126436]}]}]},{"tin":{"type":"ein","value":"452958889"},"service_code":["65"],"billing_class":"institutional","payments":[{"allowed_amount":4.38,"billing_code_modifier":[""],"providers":[{"billed_charge":135.24,"npi":[1053697144,1134126436]}]}]},{"tin":{"type":"ein","value":"452958889"},"service_code":["65"],"billing_class":"institutional","payments":[{"allowed_amount":4.49,"billing_code_modifier":[""],"providers":[{"billed_charge":135.24,"npi":[1053697144,1134126436]}]}]},{"tin":{"type":"ein","value":"452958889"},"service_code":["65"],"billing_class":"institutional","payments":[{"allowed_amount":4.53,"billing_code_modifier":[""],"providers":[{"billed_charge":135.24,"npi":[1053697144,1134126436]}]}]},{"tin":{"type":"ein","value":"452958889"},"service_code":["65"],"billing_class":"institutional","payments":[{"allowed_amount":4.94,"billing_code_modifier":[""],"providers":[{"billed_charge":128.80,"npi":[1053697144,1134126436]}]}]},{"tin":{"type":"ein","value":"452958889"},"service_code":["65"],"billing_class":"institutional","payments":[{"allowed_amount":5.07,"billing_code_modifier":[""],"providers":[{"billed_charge":135.24,"npi":[1053697144,1134126436]}]}]},{"tin":{"type":"ein","value":"452958889"},"service_code":["65"],"billing_class":"institutional","payments":[{"allowed_amount":5.49,"billing_code_modifier":[""],"providers":[{"billed_charge":128.80,"npi":[1053697144,1073510376]}]}]},{"tin":{"type":"ein","value":"621727146"},"service_code":["65"],"billing_class":"institutional","payments":[{"allowed_amount":4.74,"billing_code_modifier":[""],"providers":[{"billed_charge":135.24,"npi":[1275645095,1407848104]}]}]},{"tin":{"type":"ein","value":"621851694"},"service_code":["65"],"billing_class":"institutional","payments":[{"allowed_amount":3.62,"billing_code_modifier":[""],"providers":[{"billed_charge":135.24,"npi":[1194834903,1205801644]}]}]},{"tin":{"type":"ein","value":"621851694"},"service_code":["65"],"billing_class":"institutional","payments":[{"allowed_amount":4.29,"billing_code_modifier":[""],"providers":[{"billed_charge":135.24,"npi":[1194834903,1205801644]}]}]}]},{"name":"MEDICAL\/SURGICAL SUPPLIES: NONSTERILE SUPPLIES","billing_code_type":"RC","billing_code_type_version":"UB04","billing_code":"0271","description":"MEDICAL\/SURGICAL SUPPLIES: NONSTERILE SUPPLIES","allowed_amounts":[{"tin":{"type":"ein","value":"621851694"},"service_code":["65"],"billing_class":"institutional","payments":[{"allowed_amount":5.93,"billing_code_modifier":[""],"providers":[{"billed_charge":221.31,"npi":[1194834903,1205801644]}]}]},{"tin":{"type":"ein","value":"621851694"},"service_code":["65"],"billing_class":"institutional","payments":[{"allowed_amount":7.02,"billing_code_modifier":[""],"providers":[{"billed_charge":221.31,"npi":[1194834903,1205801644]}]}]}]},{"name":"OFFICE\/OUTPATIENT ESTABLISHED LOW MDM 20-29 MIN","billing_code_type":"CPT","billing_code_type_version":"2020","billing_code":"99213","description":"OFFICE\/OUTPATIENT ESTABLISHED LOW MDM 20-29 MIN","allowed_amounts":[{"tin":{"type":"ein","value":"200602254"},"service_code":["11"],"billing_class":"professional","payments":[{"allowed_amount":109.96,"billing_code_modifier":[""],"providers":[{"billed_charge":229.08,"npi":[1730244872,1740701366]}]}]},{"tin":{"type":"ein","value":"453191160"},"service_code":["20"],"billing_class":"professional","payments":[{"allowed_amount":109.96,"billing_code_modifier":[""],"providers":[{"billed_charge":220.00,"npi":[1043440811,1235411547,1962884411]}]}]},{"tin":{"type":"ein","value":"463707290"},"service_code":["11"],"billing_class":"professional","payments":[{"allowed_amount":109.96,"billing_code_modifier":[""],"providers":[{"billed_charge":250.00,"npi":[1528209715,1861811572]}]}]},{"tin":{"type":"ein","value":"471775494"},"service_code":["11"],"billing_class":"professional","payments":[{"allowed_amount":109.96,"billing_code_modifier":[""],"providers":[{"billed_charge":222.96,"npi":[1811398811,1831488402,1982606117]}]}]},{"tin":{"type":"ein","value":"582270630"},"service_code":["11"],"billing_class":"professional","payments":[{"allowed_amount":109.96,"billing_code_modifier":[""],"providers":[{"billed_charge":155.00,"npi":[1255535209,1851455877]}]}]},{"tin":{"type":"ein","value":"582422542"},"service_code":["11"],"billing_class":"professional","payments":[{"allowed_amount":109.96,"billing_code_modifier":[""],"providers":[{"billed_charge":186.00,"npi":[1174501902,1598112575]}]}]},{"tin":{"type":"ein","value":"582640568"},"service_code":["11"],"billing_class":"professional","payments":[{"allowed_amount":109.96,"billing_code_modifier":[""],"providers":[{"billed_charge":172.05,"npi":[1104262294,1306860101]}]}]}]},{"name":"OFFICE\/OUTPATIENT ESTABLISHED MOD MDM 30-39 MIN","billing_code_type":"CPT","billing_code_type_version":"2020","billing_code":"99214","description":"OFFICE\/OUTPATIENT ESTABLISHED MOD MDM 30-39 MIN","allowed_amounts":[{"tin":{"type":"ein","value":"453191160"},"service_code":["20"],"billing_class":"professional","payments":[{"allowed_amount":155.11,"billing_code_modifier":[""],"providers":[{"billed_charge":320.00,"npi":[1235411547,1831148063]}]}]},{"tin":{"type":"ein","value":"471775494"},"service_code":["11"],"billing_class":"professional","payments":[{"allowed_amount":155.11,"billing_code_modifier":[""],"providers":[{"billed_charge":314.98,"npi":[1811398811,1831488402,1982606117]}]}]},{"tin":{"type":"ein","value":"581646346"},"service_code":["11"],"billing_class":"professional","payments":[{"allowed_amount":155.11,"billing_code_modifier":[""],"providers":[{"billed_charge":540.95,"npi":[1275601171,1376808188]}]}]}]},{"name":"PHARMACY","billing_code_type":"RC","billing_code_type_version":"UB04","billing_code":"0250","description":"PHARMACY","allowed_amounts":[{"tin":{"type":"ein","value":"043085674"},"service_code":["65"],"billing_class":"institutional","payments":[{"allowed_amount":6.13,"billing_code_modifier":[""],"providers":[{"billed_charge":180.13,"npi":[1508341363,1871887182]}]}]},{"tin":{"type":"ein","value":"043085674"},"service_code":["65"],"billing_class":"institutional","payments":[{"allowed_amount":8.63,"billing_code_modifier":[""],"providers":[{"billed_charge":270.20,"npi":[1508341363,1871887182]}]}]},{"tin":{"type":"ein","value":"452958889"},"service_code":["65"],"billing_class":"institutional","payments":[{"allowed_amount":1.63,"billing_code_modifier":[""],"providers":[{"billed_charge":50.38,"npi":[1053697144,1134126436]}]}]},{"tin":{"type":"ein","value":"452958889"},"service_code":["65"],"billing_class":"institutional","payments":[{"allowed_amount":1.67,"billing_code_modifier":[""],"providers":[{"billed_charge":50.38,"npi":[1053697144,1134126436]}]}]},{"tin":{"type":"ein","value":"452958889"},"service_code":["65"],"billing_class":"institutional","payments":[{"allowed_amount":1.68,"billing_code_modifier":[""],"providers":[{"billed_charge":50.38,"npi":[1053697144,1134126436]}]}]},{"tin":{"type":"ein","value":"452958889"},"service_code":["65"],"billing_class":"institutional","payments":[{"allowed_amount":1.84,"billing_code_modifier":[""],"providers":[{"billed_charge":47.98,"npi":[1053697144,1134126436]}]}]},{"tin":{"type":"ein","value":"452958889"},"service_code":["65"],"billing_class":"institutional","payments":[{"allowed_amount":3.29,"billing_code_modifier":[""],"providers":[{"billed_charge":85.78,"npi":[1053697144,1134126436]}]}]},{"tin":{"type":"ein","value":"452958889"},"service_code":["65"],"billing_class":"institutional","payments":[{"allowed_amount":5.60,"billing_code_modifier":[""],"providers":[{"billed_charge":180.13,"npi":[1053697144,1134126436]}]}]},{"tin":{"type":"ein","value":"452958889"},"service_code":["65"],"billing_class":"institutional","payments":[{"allowed_amount":5.64,"billing_code_modifier":[""],"providers":[{"billed_charge":180.13,"npi":[1053697144,1134126436]}]}]},{"tin":{"type":"ein","value":"452958889"},"service_code":["65"],"billing_class":"institutional","payments":[{"allowed_amount":5.83,"billing_code_modifier":[""],"providers":[{"billed_charge":180.13,"npi":[1053697144,1134126436]}]}]},{"tin":{"type":"ein","value":"452958889"},"service_code":["65"],"billing_class":"institutional","payments":[{"allowed_amount":5.84,"billing_code_modifier":[""],"providers":[{"billed_charge":180.13,"npi":[1053697144,1134126436]}]}]},{"tin":{"type":"ein","value":"452958889"},"service_code":["65"],"billing_class":"institutional","payments":[{"allowed_amount":5.98,"billing_code_modifier":[""],"providers":[{"billed_charge":180.13,"npi":[1053697144,1134126436]}]}]},{"tin":{"type":"ein","value":"452958889"},"service_code":["65"],"billing_class":"institutional","payments":[{"allowed_amount":6.75,"billing_code_modifier":[""],"providers":[{"billed_charge":180.13,"npi":[1053697144,1134126436]}]}]},{"tin":{"type":"ein","value":"621851694"},"service_code":["65"],"billing_class":"institutional","payments":[{"allowed_amount":1.60,"billing_code_modifier":[""],"providers":[{"billed_charge":50.38,"npi":[1194834903,1205801644]}]}]}]},{"name":"PSYCHIATRIC\/PSYCHOLOGICAL SVCS: PARTIAL HOSP - INT","billing_code_type":"RC","billing_code_type_version":"UB04","billing_code":"0913","description":"PSYCHIATRIC\/PSYCHOLOGICAL SVCS: PARTIAL HOSP - INT","allowed_amounts":[{"tin":{"type":"ein","value":"821881756"},"service_code":["99"],"billing_class":"institutional","payments":[{"allowed_amount":492.73,"billing_code_modifier":[""],"providers":[{"billed_charge":3250.00,"npi":[1669453262,1891216511]}]}]},{"tin":{"type":"ein","value":"821881756"},"service_code":["99"],"billing_class":"institutional","payments":[{"allowed_amount":505.24,"billing_code_modifier":[""],"providers":[{"billed_charge":3250.00,"npi":[1669453262,1891216511]}]}]}]},{"name":"PSYCHIATRIC\/PSYCHOLOGICAL TRT: INTENSIVE OUT SERV","billing_code_type":"RC","billing_code_type_version":"UB04","billing_code":"0906","description":"PSYCHIATRIC\/PSYCHOLOGICAL TRT: INTENSIVE OUT SERV","allowed_amounts":[{"tin":{"type":"ein","value":"821881756"},"service_code":["99"],"billing_class":"institutional","payments":[{"allowed_amount":1262.35,"billing_code_modifier":[""],"providers":[{"billed_charge":2850.00,"npi":[1669453262,1891216511]}]}]},{"tin":{"type":"ein","value":"852788347"},"service_code":["22"],"billing_class":"institutional","payments":[{"allowed_amount":104.51,"billing_code_modifier":[""],"providers":[{"billed_charge":1995.00,"npi":[1144679796,1548874514]}]}]}]},{"name":"PSYCHOTHERAPY W\/PATIENT 45 MINUTES","billing_code_type":"CPT","billing_code_type_version":"2020","billing_code":"90834","description":"PSYCHOTHERAPY W\/PATIENT 45 MINUTES","allowed_amounts":[{"tin":{"type":"ein","value":"114506217"},"service_code":["02"],"billing_class":"professional","payments":[{"allowed_amount":137.80,"billing_code_modifier":[""],"providers":[{"billed_charge":200.00,"npi":[1962543025]}]}]},{"tin":{"type":"ein","value":"463707169"},"service_code":["11"],"billing_class":"professional","payments":[{"allowed_amount":137.80,"billing_code_modifier":[""],"providers":[{"billed_charge":250.00,"npi":[1134561970]}]}]},{"tin":{"type":"ein","value":"842420137"},"service_code":["02"],"billing_class":"professional","payments":[{"allowed_amount":137.80,"billing_code_modifier":[""],"providers":[{"billed_charge":150.00,"npi":[1437709649]}]}]},{"tin":{"type":"ein","value":"900800437"},"service_code":["11"],"billing_class":"professional","payments":[{"allowed_amount":137.80,"billing_code_modifier":[""],"providers":[{"billed_charge":250.00,"npi":[1538232533]}]}]}]},{"name":"PSYCHOTHERAPY W\/PATIENT 60 MINUTES","billing_code_type":"CPT","billing_code_type_version":"2020","billing_code":"90837","description":"PSYCHOTHERAPY W\/PATIENT 60 MINUTES","allowed_amounts":[{"tin":{"type":"ein","value":"862233322"},"service_code":["02","11"],"billing_class":"professional","payments":[{"allowed_amount":188.27,"billing_code_modifier":[""],"providers":[{"billed_charge":240.00,"npi":[1093342156,1114504396]}]}]}]},{"name":"RESIDENTIAL TREATMENT-CHEMICAL DEPENDENCY","billing_code_type":"RC","billing_code_type_version":"UB04","billing_code":"1002","description":"RESIDENTIAL TREATMENT-CHEMICAL DEPENDENCY","allowed_amounts":[{"tin":{"type":"ein","value":"834048996"},"service_code":["21"],"billing_class":"institutional","payments":[{"allowed_amount":662.35,"billing_code_modifier":[""],"providers":[{"billed_charge":3900.00,"npi":[1235417494,1952068132]}]}]},{"tin":{"type":"ein","value":"843946339"},"service_code":["21"],"billing_class":"institutional","payments":[{"allowed_amount":1802.86,"billing_code_modifier":[""],"providers":[{"billed_charge":4725.00,"npi":[1023360542,1598878324,1750929923]}]}]}]},{"name":"SBSQ HOSPITAL IP\/OBS CARE HIGH MDM 50 MINUTES","billing_code_type":"CPT","billing_code_type_version":"2020","billing_code":"99233","description":"SBSQ HOSPITAL IP\/OBS CARE HIGH MDM 50 MINUTES","allowed_amounts":[{"tin":{"type":"ein","value":"813225897"},"service_code":["21"],"billing_class":"professional","payments":[{"allowed_amount":111.83,"billing_code_modifier":[""],"providers":[{"billed_charge":550.00,"npi":[1295288124,1316930118,1427440999,1629246038]}]}]}]},{"name":"SPEC CLCT FOR SARS-COV-2 COVID-19 ANY SPEC SRC","billing_code_type":"HCPCS","billing_code_type_version":"HCPCS LEVEL II 2021","billing_code":"G2023","description":"SPEC CLCT FOR SARS-COV-2 COVID-19 ANY SPEC SRC","allowed_amounts":[{"tin":{"type":"ein","value":"030511037"},"service_code":["81"],"billing_class":"professional","payments":[{"allowed_amount":28.15,"billing_code_modifier":[""],"providers":[{"billed_charge":117.00,"npi":[1790234839,1821110453]}]}]},{"tin":{"type":"ein","value":"133934292"},"service_code":["81"],"billing_class":"professional","payments":[{"allowed_amount":28.15,"billing_code_modifier":[""],"providers":[{"billed_charge":50.00,"npi":[1134316441,1215053962,1942873484]}]}]},{"tin":{"type":"ein","value":"200905260"},"service_code":["81"],"billing_class":"professional","payments":[{"allowed_amount":28.15,"billing_code_modifier":[""],"providers":[{"billed_charge":50.00,"npi":[1225187180]}]}]},{"tin":{"type":"ein","value":"262462810"},"service_code":["21","81"],"billing_class":"professional","payments":[{"allowed_amount":28.15,"billing_code_modifier":[""],"providers":[{"billed_charge":28.99,"npi":[1215195730,1295740298,1457529208,1851306955,1992764591]}]}]},{"tin":{"type":"ein","value":"361924025"},"service_code":["21","81"],"billing_class":"professional","payments":[{"allowed_amount":28.15,"billing_code_modifier":[""],"providers":[{"billed_charge":28.99,"npi":[1003821257,1053316364,1063550473,1114932415,1124541966,1134310113,1194491530,1255536215,1265429617,1376633586,1386659324,1477728541,1548206428,1568478949,1609881655,1710174446,1750398749,1790702405,1811902927,1871508804,1992847644]}]}]},{"tin":{"type":"ein","value":"800589803"},"service_code":["81"],"billing_class":"professional","payments":[{"allowed_amount":28.15,"billing_code_modifier":[""],"providers":[{"billed_charge":50.00,"npi":[1932445681]}]}]},{"tin":{"type":"ein","value":"831342609"},"service_code":["81"],"billing_class":"professional","payments":[{"allowed_amount":28.15,"billing_code_modifier":[""],"providers":[{"billed_charge":50.00,"npi":[1073101028,1356913446,1487815387]}]}]},{"tin":{"type":"ein","value":"832712256"},"service_code":["81"],"billing_class":"professional","payments":[{"allowed_amount":28.15,"billing_code_modifier":[""],"providers":[{"billed_charge":70.38,"npi":[1801368998]}]}]},{"tin":{"type":"ein","value":"832724704"},"service_code":["81"],"billing_class":"professional","payments":[{"allowed_amount":28.15,"billing_code_modifier":[""],"providers":[{"billed_charge":50.00,"npi":[1326694670,1528096781]}]}]},{"tin":{"type":"ein","value":"841905194"},"service_code":["60","81"],"billing_class":"professional","payments":[{"allowed_amount":28.15,"billing_code_modifier":[""],"providers":[{"billed_charge":40.00,"npi":[1386240786,1891733374]},{"billed_charge":85.00,"npi":[1386240786]}]},{"allowed_amount":28.15,"billing_code_modifier":[""],"providers":[{"billed_charge":40.00,"npi":[1386240786,1891733374]},{"billed_charge":85.00,"npi":[1386240786]}]}]},{"tin":{"type":"ein","value":"841905194"},"service_code":["81"],"billing_class":"professional","payments":[{"allowed_amount":28.15,"billing_code_modifier":[""],"providers":[{"billed_charge":40.00,"npi":[1386240786,1891733374]},{"billed_charge":85.00,"npi":[1386240786]}]},{"allowed_amount":28.15,"billing_code_modifier":[""],"providers":[{"billed_charge":40.00,"npi":[1386240786,1891733374]},{"billed_charge":85.00,"npi":[1386240786]}]}]},{"tin":{"type":"ein","value":"845172222"},"service_code":["81"],"billing_class":"professional","payments":[{"allowed_amount":28.15,"billing_code_modifier":[""],"providers":[{"billed_charge":70.38,"npi":[1346769593,1659588762]}]}]},{"tin":{"type":"ein","value":"850602662"},"service_code":["81"],"billing_class":"professional","payments":[{"allowed_amount":28.15,"billing_code_modifier":[""],"providers":[{"billed_charge":50.00,"npi":[1184883993,1881215622]}]}]},{"tin":{"type":"ein","value":"861229252"},"service_code":["81"],"billing_class":"professional","payments":[{"allowed_amount":28.15,"billing_code_modifier":[""],"providers":[{"billed_charge":50.00,"npi":[1306599451]}]}]},{"tin":{"type":"ein","value":"862743177"},"service_code":["81"],"billing_class":"professional","payments":[{"allowed_amount":28.15,"billing_code_modifier":[""],"providers":[{"billed_charge":70.38,"npi":[1174674352,1700958667,1750960415]}]}]}]},{"name":"THERAPEUTIC PX 1\/> AREAS EACH 15 MIN EXERCISES","billing_code_type":"CPT","billing_code_type_version":"2020","billing_code":"97110","description":"THERAPEUTIC PX 1\/> AREAS EACH 15 MIN EXERCISES","allowed_amounts":[{"tin":{"type":"ein","value":"452977072"},"service_code":["11"],"billing_class":"professional","payments":[{"allowed_amount":126.32,"billing_code_modifier":[""],"providers":[{"billed_charge":300.00,"npi":[1033161914,1588874861,1669757746]}]}]}]}]}
