{"reporting_entity_name": "IEC Group_DBA AmeriBen","reporting_entity_type": "Third Party Administrator","issuer_name": "Issuer Name","plan_name": "LA POSADA AT PARK CENTRE INC","plan_id_type": "ein","plan_id": "860828160","plan_market_type": "group","last_updated_on": "2026-02-01","version":  "2.0.0","provider_references":[{"provider_group_id":18,"network_name":["BLUE CROSS BLUE SHIELD OF AZ","MAYO CLINIC","PRIVATE HEALTHCARE SYSTEMS"],"provider_groups":[{"npi":[1740273614],"tin":{"type":"ein","value":"20-0277709","business_name":"HONORHEALTH URGENT CARE LLC"}}]},{"provider_group_id":19,"network_name":["BLUE CROSS BLUE SHIELD OF AZ","MAYO CLINIC","PRIVATE HEALTHCARE SYSTEMS"],"provider_groups":[{"npi":[1154326650,1396232559],"tin":{"type":"ein","value":"20-1808351","business_name":"SCOTTSDALE SURGICAL PARTNERS L"}}]},{"provider_group_id":20,"network_name":["BLUE CROSS BLUE SHIELD OF AZ","MAYO CLINIC","PRIVATE HEALTHCARE SYSTEMS"],"provider_groups":[{"npi":[1477886406],"tin":{"type":"ein","value":"26-4509307","business_name":"BILTMORE SURGICAL PARTNERS LLC"}}]},{"provider_group_id":21,"network_name":["BLUE CROSS BLUE SHIELD OF AZ","MAYO CLINIC","PRIVATE HEALTHCARE SYSTEMS"],"provider_groups":[{"npi":[1598012783],"tin":{"type":"ein","value":"27-4160293","business_name":"GLOBAL REHAB SCOTTSDALE LLC"}}]},{"provider_group_id":22,"network_name":["BLUE CROSS BLUE SHIELD OF AZ","MAYO CLINIC","PRIVATE HEALTHCARE SYSTEMS"],"provider_groups":[{"npi":[1043690845,1558858712],"tin":{"type":"ein","value":"47-3325492","business_name":"UNION HILLS PAIN PARTNERS"}}]},{"provider_group_id":23,"network_name":["BLUE CROSS BLUE SHIELD OF AZ","MAYO CLINIC","PRIVATE HEALTHCARE SYSTEMS"],"provider_groups":[{"npi":[1609434794],"tin":{"type":"ein","value":"84-1880085","business_name":"PEAK DIAGNOSTIC SERVICES LLC"}}]},{"provider_group_id":24,"network_name":["BLUE CROSS BLUE SHIELD OF AZ","MAYO CLINIC","PRIVATE HEALTHCARE SYSTEMS"],"provider_groups":[{"npi":[1164080263],"tin":{"type":"ein","value":"84-1895360","business_name":"HONORHEALTH ASC PATHOLOGY SERV"}}]},{"provider_group_id":25,"network_name":["BLUE CROSS BLUE SHIELD OF AZ","MAYO CLINIC","PRIVATE HEALTHCARE SYSTEMS"],"provider_groups":[{"npi":[1730783523],"tin":{"type":"ein","value":"84-3527783","business_name":"ORTHOARIZONA SCOTTSDALE ASC"}}]},{"provider_group_id":26,"network_name":["BLUE CROSS BLUE SHIELD OF AZ","MAYO CLINIC","PRIVATE HEALTHCARE SYSTEMS"],"provider_groups":[{"npi":[1467069047],"tin":{"type":"ein","value":"85-2826765","business_name":"HONORHEALTH FASTMED AMBULATORY"}}]},{"provider_group_id":27,"network_name":["BLUE CROSS BLUE SHIELD OF AZ","MAYO CLINIC","PRIVATE HEALTHCARE SYSTEMS"],"provider_groups":[{"npi":[1144762402,1265063010,1386608859,1093800591,1417152745,1528169125,1770690695,1811951429,1720042799,1972562460],"tin":{"type":"ein","value":"86-0181654","business_name":"SCOTTSDALE HEALTHCARE HOSPITAL"}}]}],"in_network":[{"negotiation_arrangement":"ffs","name":"All coding types","billing_code_type":"CSTM-ALL","billing_code_type_version":"2022","billing_code":"CSTM-00","description":"All codes possible","negotiated_rates":[{"provider_references":[19,20,21,22,23,24,25,27],"network_name":["BLUE CROSS BLUE SHIELD OF AZ","MAYO CLINIC","PRIVATE HEALTHCARE SYSTEMS"],"negotiated_prices":[{"negotiated_type":"percentage","negotiated_rate":39.00,"expiration_date":"9999-12-31","billing_class":"institutional","billing_code_modifier":[""],"service_code":[],"setting":"both"},{"negotiated_type":"percentage","negotiated_rate":24.00,"expiration_date":"9999-12-31","billing_class":"institutional","billing_code_modifier":[""],"service_code":[],"setting":"both"},{"negotiated_type":"percentage","negotiated_rate":75.00,"expiration_date":"9999-12-31","billing_class":"institutional","billing_code_modifier":[""],"service_code":[],"setting":"both"},{"negotiated_type":"negotiated","negotiated_rate":155.00,"expiration_date":"9999-12-31","billing_class":"institutional","billing_code_modifier":[""],"service_code":[],"setting":"both"},{"negotiated_type":"negotiated","negotiated_rate":225.00,"expiration_date":"9999-12-31","billing_class":"institutional","billing_code_modifier":[""],"service_code":[],"setting":"both"}]},{"provider_references":[19,20,21,22,23,24,25,27],"network_name":["BLUE CROSS BLUE SHIELD OF AZ","MAYO CLINIC","PRIVATE HEALTHCARE SYSTEMS"],"negotiated_prices":[{"negotiated_type":"percentage","negotiated_rate":39.00,"expiration_date":"9999-12-31","billing_class":"institutional","billing_code_modifier":[""],"service_code":[],"setting":"both"},{"negotiated_type":"percentage","negotiated_rate":24.00,"expiration_date":"9999-12-31","billing_class":"institutional","billing_code_modifier":[""],"service_code":[],"setting":"both"},{"negotiated_type":"percentage","negotiated_rate":75.00,"expiration_date":"9999-12-31","billing_class":"institutional","billing_code_modifier":[""],"service_code":[],"setting":"both"},{"negotiated_type":"negotiated","negotiated_rate":155.00,"expiration_date":"9999-12-31","billing_class":"institutional","billing_code_modifier":[""],"service_code":[],"setting":"both"},{"negotiated_type":"negotiated","negotiated_rate":225.00,"expiration_date":"9999-12-31","billing_class":"institutional","billing_code_modifier":[""],"service_code":[],"setting":"both"}]},{"provider_references":[19,20,21,22,23,24,25,27],"network_name":["BLUE CROSS BLUE SHIELD OF AZ","MAYO CLINIC","PRIVATE HEALTHCARE SYSTEMS"],"negotiated_prices":[{"negotiated_type":"percentage","negotiated_rate":39.00,"expiration_date":"9999-12-31","billing_class":"institutional","billing_code_modifier":[""],"service_code":[],"setting":"both"},{"negotiated_type":"percentage","negotiated_rate":24.00,"expiration_date":"9999-12-31","billing_class":"institutional","billing_code_modifier":[""],"service_code":[],"setting":"both"},{"negotiated_type":"percentage","negotiated_rate":75.00,"expiration_date":"9999-12-31","billing_class":"institutional","billing_code_modifier":[""],"service_code":[],"setting":"both"},{"negotiated_type":"negotiated","negotiated_rate":155.00,"expiration_date":"9999-12-31","billing_class":"institutional","billing_code_modifier":[""],"service_code":[],"setting":"both"},{"negotiated_type":"negotiated","negotiated_rate":225.00,"expiration_date":"9999-12-31","billing_class":"institutional","billing_code_modifier":[""],"service_code":[],"setting":"both"}]},{"provider_references":[18,26],"network_name":["BLUE CROSS BLUE SHIELD OF AZ","MAYO CLINIC","PRIVATE HEALTHCARE SYSTEMS"],"negotiated_prices":[{"negotiated_type":"percentage","negotiated_rate":39.00,"expiration_date":"9999-12-31","billing_class":"institutional","billing_code_modifier":[""],"service_code":[],"setting":"both"},{"negotiated_type":"percentage","negotiated_rate":24.00,"expiration_date":"9999-12-31","billing_class":"institutional","billing_code_modifier":[""],"service_code":[],"setting":"both"},{"negotiated_type":"percentage","negotiated_rate":75.00,"expiration_date":"9999-12-31","billing_class":"institutional","billing_code_modifier":[""],"service_code":[],"setting":"both"},{"negotiated_type":"negotiated","negotiated_rate":155.00,"expiration_date":"9999-12-31","billing_class":"institutional","billing_code_modifier":[""],"service_code":[],"setting":"both"},{"negotiated_type":"negotiated","negotiated_rate":225.00,"expiration_date":"9999-12-31","billing_class":"institutional","billing_code_modifier":[""],"service_code":[],"setting":"both"}]},{"provider_references":[27],"network_name":["BLUE CROSS BLUE SHIELD OF AZ","MAYO CLINIC","PRIVATE HEALTHCARE SYSTEMS"],"negotiated_prices":[{"negotiated_type":"percentage","negotiated_rate":39.00,"expiration_date":"9999-12-31","billing_class":"institutional","billing_code_modifier":[""],"service_code":[],"setting":"both"},{"negotiated_type":"percentage","negotiated_rate":24.00,"expiration_date":"9999-12-31","billing_class":"institutional","billing_code_modifier":[""],"service_code":[],"setting":"both"},{"negotiated_type":"percentage","negotiated_rate":75.00,"expiration_date":"9999-12-31","billing_class":"institutional","billing_code_modifier":[""],"service_code":[],"setting":"both"},{"negotiated_type":"negotiated","negotiated_rate":155.00,"expiration_date":"9999-12-31","billing_class":"institutional","billing_code_modifier":[""],"service_code":[],"setting":"both"},{"negotiated_type":"negotiated","negotiated_rate":225.00,"expiration_date":"9999-12-31","billing_class":"institutional","billing_code_modifier":[""],"service_code":[],"setting":"both"}]}]},{"negotiation_arrangement":"ffs","name":"All coding types","billing_code_type":"CSTM-ALL","billing_code_type_version":"2022","billing_code":"CSTM-00","description":"All codes possible","negotiated_rates":[{"provider_references":[19,20,21,22,23,24,25,27],"network_name":["BLUE CROSS BLUE SHIELD OF AZ","MAYO CLINIC","PRIVATE HEALTHCARE SYSTEMS"],"negotiated_prices":[{"negotiated_type":"percentage","negotiated_rate":39.00,"expiration_date":"9999-12-31","billing_class":"institutional","billing_code_modifier":[""],"service_code":[],"setting":"both"},{"negotiated_type":"percentage","negotiated_rate":24.00,"expiration_date":"9999-12-31","billing_class":"institutional","billing_code_modifier":[""],"service_code":[],"setting":"both"},{"negotiated_type":"percentage","negotiated_rate":75.00,"expiration_date":"9999-12-31","billing_class":"institutional","billing_code_modifier":[""],"service_code":[],"setting":"both"},{"negotiated_type":"negotiated","negotiated_rate":155.00,"expiration_date":"9999-12-31","billing_class":"institutional","billing_code_modifier":[""],"service_code":[],"setting":"both"},{"negotiated_type":"negotiated","negotiated_rate":225.00,"expiration_date":"9999-12-31","billing_class":"institutional","billing_code_modifier":[""],"service_code":[],"setting":"both"}]},{"provider_references":[19,20,21,22,23,24,25,27],"network_name":["BLUE CROSS BLUE SHIELD OF AZ","MAYO CLINIC","PRIVATE HEALTHCARE SYSTEMS"],"negotiated_prices":[{"negotiated_type":"percentage","negotiated_rate":39.00,"expiration_date":"9999-12-31","billing_class":"institutional","billing_code_modifier":[""],"service_code":[],"setting":"both"},{"negotiated_type":"percentage","negotiated_rate":24.00,"expiration_date":"9999-12-31","billing_class":"institutional","billing_code_modifier":[""],"service_code":[],"setting":"both"},{"negotiated_type":"percentage","negotiated_rate":75.00,"expiration_date":"9999-12-31","billing_class":"institutional","billing_code_modifier":[""],"service_code":[],"setting":"both"},{"negotiated_type":"negotiated","negotiated_rate":155.00,"expiration_date":"9999-12-31","billing_class":"institutional","billing_code_modifier":[""],"service_code":[],"setting":"both"},{"negotiated_type":"negotiated","negotiated_rate":225.00,"expiration_date":"9999-12-31","billing_class":"institutional","billing_code_modifier":[""],"service_code":[],"setting":"both"}]},{"provider_references":[19,20,21,22,23,24,25,27],"network_name":["BLUE CROSS BLUE SHIELD OF AZ","MAYO CLINIC","PRIVATE HEALTHCARE SYSTEMS"],"negotiated_prices":[{"negotiated_type":"percentage","negotiated_rate":39.00,"expiration_date":"9999-12-31","billing_class":"institutional","billing_code_modifier":[""],"service_code":[],"setting":"both"},{"negotiated_type":"percentage","negotiated_rate":24.00,"expiration_date":"9999-12-31","billing_class":"institutional","billing_code_modifier":[""],"service_code":[],"setting":"both"},{"negotiated_type":"percentage","negotiated_rate":75.00,"expiration_date":"9999-12-31","billing_class":"institutional","billing_code_modifier":[""],"service_code":[],"setting":"both"},{"negotiated_type":"negotiated","negotiated_rate":155.00,"expiration_date":"9999-12-31","billing_class":"institutional","billing_code_modifier":[""],"service_code":[],"setting":"both"},{"negotiated_type":"negotiated","negotiated_rate":225.00,"expiration_date":"9999-12-31","billing_class":"institutional","billing_code_modifier":[""],"service_code":[],"setting":"both"}]},{"provider_references":[18,26],"network_name":["BLUE CROSS BLUE SHIELD OF AZ","MAYO CLINIC","PRIVATE HEALTHCARE SYSTEMS"],"negotiated_prices":[{"negotiated_type":"percentage","negotiated_rate":39.00,"expiration_date":"9999-12-31","billing_class":"institutional","billing_code_modifier":[""],"service_code":[],"setting":"both"},{"negotiated_type":"percentage","negotiated_rate":24.00,"expiration_date":"9999-12-31","billing_class":"institutional","billing_code_modifier":[""],"service_code":[],"setting":"both"},{"negotiated_type":"percentage","negotiated_rate":75.00,"expiration_date":"9999-12-31","billing_class":"institutional","billing_code_modifier":[""],"service_code":[],"setting":"both"},{"negotiated_type":"negotiated","negotiated_rate":155.00,"expiration_date":"9999-12-31","billing_class":"institutional","billing_code_modifier":[""],"service_code":[],"setting":"both"},{"negotiated_type":"negotiated","negotiated_rate":225.00,"expiration_date":"9999-12-31","billing_class":"institutional","billing_code_modifier":[""],"service_code":[],"setting":"both"}]},{"provider_references":[27],"network_name":["BLUE CROSS BLUE SHIELD OF AZ","MAYO CLINIC","PRIVATE HEALTHCARE SYSTEMS"],"negotiated_prices":[{"negotiated_type":"percentage","negotiated_rate":39.00,"expiration_date":"9999-12-31","billing_class":"institutional","billing_code_modifier":[""],"service_code":[],"setting":"both"},{"negotiated_type":"percentage","negotiated_rate":24.00,"expiration_date":"9999-12-31","billing_class":"institutional","billing_code_modifier":[""],"service_code":[],"setting":"both"},{"negotiated_type":"percentage","negotiated_rate":75.00,"expiration_date":"9999-12-31","billing_class":"institutional","billing_code_modifier":[""],"service_code":[],"setting":"both"},{"negotiated_type":"negotiated","negotiated_rate":155.00,"expiration_date":"9999-12-31","billing_class":"institutional","billing_code_modifier":[""],"service_code":[],"setting":"both"},{"negotiated_type":"negotiated","negotiated_rate":225.00,"expiration_date":"9999-12-31","billing_class":"institutional","billing_code_modifier":[""],"service_code":[],"setting":"both"}]}]},{"negotiation_arrangement":"ffs","name":"All coding types","billing_code_type":"CSTM-ALL","billing_code_type_version":"2022","billing_code":"CSTM-00","description":"All codes possible","negotiated_rates":[{"provider_references":[19,20,21,22,23,24,25,27],"network_name":["BLUE CROSS BLUE SHIELD OF AZ","MAYO CLINIC","PRIVATE HEALTHCARE SYSTEMS"],"negotiated_prices":[{"negotiated_type":"percentage","negotiated_rate":39.00,"expiration_date":"9999-12-31","billing_class":"institutional","billing_code_modifier":[""],"service_code":[],"setting":"both"},{"negotiated_type":"percentage","negotiated_rate":24.00,"expiration_date":"9999-12-31","billing_class":"institutional","billing_code_modifier":[""],"service_code":[],"setting":"both"},{"negotiated_type":"percentage","negotiated_rate":75.00,"expiration_date":"9999-12-31","billing_class":"institutional","billing_code_modifier":[""],"service_code":[],"setting":"both"},{"negotiated_type":"negotiated","negotiated_rate":155.00,"expiration_date":"9999-12-31","billing_class":"institutional","billing_code_modifier":[""],"service_code":[],"setting":"both"},{"negotiated_type":"negotiated","negotiated_rate":225.00,"expiration_date":"9999-12-31","billing_class":"institutional","billing_code_modifier":[""],"service_code":[],"setting":"both"}]},{"provider_references":[19,20,21,22,23,24,25,27],"network_name":["BLUE CROSS BLUE SHIELD OF AZ","MAYO CLINIC","PRIVATE HEALTHCARE SYSTEMS"],"negotiated_prices":[{"negotiated_type":"percentage","negotiated_rate":39.00,"expiration_date":"9999-12-31","billing_class":"institutional","billing_code_modifier":[""],"service_code":[],"setting":"both"},{"negotiated_type":"percentage","negotiated_rate":24.00,"expiration_date":"9999-12-31","billing_class":"institutional","billing_code_modifier":[""],"service_code":[],"setting":"both"},{"negotiated_type":"percentage","negotiated_rate":75.00,"expiration_date":"9999-12-31","billing_class":"institutional","billing_code_modifier":[""],"service_code":[],"setting":"both"},{"negotiated_type":"negotiated","negotiated_rate":155.00,"expiration_date":"9999-12-31","billing_class":"institutional","billing_code_modifier":[""],"service_code":[],"setting":"both"},{"negotiated_type":"negotiated","negotiated_rate":225.00,"expiration_date":"9999-12-31","billing_class":"institutional","billing_code_modifier":[""],"service_code":[],"setting":"both"}]},{"provider_references":[19,20,21,22,23,24,25,27],"network_name":["BLUE CROSS BLUE SHIELD OF AZ","MAYO CLINIC","PRIVATE HEALTHCARE SYSTEMS"],"negotiated_prices":[{"negotiated_type":"percentage","negotiated_rate":39.00,"expiration_date":"9999-12-31","billing_class":"institutional","billing_code_modifier":[""],"service_code":[],"setting":"both"},{"negotiated_type":"percentage","negotiated_rate":24.00,"expiration_date":"9999-12-31","billing_class":"institutional","billing_code_modifier":[""],"service_code":[],"setting":"both"},{"negotiated_type":"percentage","negotiated_rate":75.00,"expiration_date":"9999-12-31","billing_class":"institutional","billing_code_modifier":[""],"service_code":[],"setting":"both"},{"negotiated_type":"negotiated","negotiated_rate":155.00,"expiration_date":"9999-12-31","billing_class":"institutional","billing_code_modifier":[""],"service_code":[],"setting":"both"},{"negotiated_type":"negotiated","negotiated_rate":225.00,"expiration_date":"9999-12-31","billing_class":"institutional","billing_code_modifier":[""],"service_code":[],"setting":"both"}]},{"provider_references":[18,26],"network_name":["BLUE CROSS BLUE SHIELD OF AZ","MAYO CLINIC","PRIVATE HEALTHCARE SYSTEMS"],"negotiated_prices":[{"negotiated_type":"percentage","negotiated_rate":39.00,"expiration_date":"9999-12-31","billing_class":"institutional","billing_code_modifier":[""],"service_code":[],"setting":"both"},{"negotiated_type":"percentage","negotiated_rate":24.00,"expiration_date":"9999-12-31","billing_class":"institutional","billing_code_modifier":[""],"service_code":[],"setting":"both"},{"negotiated_type":"percentage","negotiated_rate":75.00,"expiration_date":"9999-12-31","billing_class":"institutional","billing_code_modifier":[""],"service_code":[],"setting":"both"},{"negotiated_type":"negotiated","negotiated_rate":155.00,"expiration_date":"9999-12-31","billing_class":"institutional","billing_code_modifier":[""],"service_code":[],"setting":"both"},{"negotiated_type":"negotiated","negotiated_rate":225.00,"expiration_date":"9999-12-31","billing_class":"institutional","billing_code_modifier":[""],"service_code":[],"setting":"both"}]},{"provider_references":[27],"network_name":["BLUE CROSS BLUE SHIELD OF AZ","MAYO CLINIC","PRIVATE HEALTHCARE SYSTEMS"],"negotiated_prices":[{"negotiated_type":"percentage","negotiated_rate":39.00,"expiration_date":"9999-12-31","billing_class":"institutional","billing_code_modifier":[""],"service_code":[],"setting":"both"},{"negotiated_type":"percentage","negotiated_rate":24.00,"expiration_date":"9999-12-31","billing_class":"institutional","billing_code_modifier":[""],"service_code":[],"setting":"both"},{"negotiated_type":"percentage","negotiated_rate":75.00,"expiration_date":"9999-12-31","billing_class":"institutional","billing_code_modifier":[""],"service_code":[],"setting":"both"},{"negotiated_type":"negotiated","negotiated_rate":155.00,"expiration_date":"9999-12-31","billing_class":"institutional","billing_code_modifier":[""],"service_code":[],"setting":"both"},{"negotiated_type":"negotiated","negotiated_rate":225.00,"expiration_date":"9999-12-31","billing_class":"institutional","billing_code_modifier":[""],"service_code":[],"setting":"both"}]}]},{"negotiation_arrangement":"ffs","name":"All coding types","billing_code_type":"CSTM-ALL","billing_code_type_version":"2022","billing_code":"CSTM-00","description":"All codes possible","negotiated_rates":[{"provider_references":[19,20,21,22,23,24,25,27],"network_name":["BLUE CROSS BLUE SHIELD OF AZ","MAYO CLINIC","PRIVATE HEALTHCARE SYSTEMS"],"negotiated_prices":[{"negotiated_type":"percentage","negotiated_rate":39.00,"expiration_date":"9999-12-31","billing_class":"institutional","billing_code_modifier":[""],"service_code":[],"setting":"both"},{"negotiated_type":"percentage","negotiated_rate":24.00,"expiration_date":"9999-12-31","billing_class":"institutional","billing_code_modifier":[""],"service_code":[],"setting":"both"},{"negotiated_type":"percentage","negotiated_rate":75.00,"expiration_date":"9999-12-31","billing_class":"institutional","billing_code_modifier":[""],"service_code":[],"setting":"both"},{"negotiated_type":"negotiated","negotiated_rate":155.00,"expiration_date":"9999-12-31","billing_class":"institutional","billing_code_modifier":[""],"service_code":[],"setting":"both"},{"negotiated_type":"negotiated","negotiated_rate":225.00,"expiration_date":"9999-12-31","billing_class":"institutional","billing_code_modifier":[""],"service_code":[],"setting":"both"}]},{"provider_references":[19,20,21,22,23,24,25,27],"network_name":["BLUE CROSS BLUE SHIELD OF AZ","MAYO CLINIC","PRIVATE HEALTHCARE SYSTEMS"],"negotiated_prices":[{"negotiated_type":"percentage","negotiated_rate":39.00,"expiration_date":"9999-12-31","billing_class":"institutional","billing_code_modifier":[""],"service_code":[],"setting":"both"},{"negotiated_type":"percentage","negotiated_rate":24.00,"expiration_date":"9999-12-31","billing_class":"institutional","billing_code_modifier":[""],"service_code":[],"setting":"both"},{"negotiated_type":"percentage","negotiated_rate":75.00,"expiration_date":"9999-12-31","billing_class":"institutional","billing_code_modifier":[""],"service_code":[],"setting":"both"},{"negotiated_type":"negotiated","negotiated_rate":155.00,"expiration_date":"9999-12-31","billing_class":"institutional","billing_code_modifier":[""],"service_code":[],"setting":"both"},{"negotiated_type":"negotiated","negotiated_rate":225.00,"expiration_date":"9999-12-31","billing_class":"institutional","billing_code_modifier":[""],"service_code":[],"setting":"both"}]},{"provider_references":[19,20,21,22,23,24,25,27],"network_name":["BLUE CROSS BLUE SHIELD OF AZ","MAYO CLINIC","PRIVATE HEALTHCARE SYSTEMS"],"negotiated_prices":[{"negotiated_type":"percentage","negotiated_rate":39.00,"expiration_date":"9999-12-31","billing_class":"institutional","billing_code_modifier":[""],"service_code":[],"setting":"both"},{"negotiated_type":"percentage","negotiated_rate":24.00,"expiration_date":"9999-12-31","billing_class":"institutional","billing_code_modifier":[""],"service_code":[],"setting":"both"},{"negotiated_type":"percentage","negotiated_rate":75.00,"expiration_date":"9999-12-31","billing_class":"institutional","billing_code_modifier":[""],"service_code":[],"setting":"both"},{"negotiated_type":"negotiated","negotiated_rate":155.00,"expiration_date":"9999-12-31","billing_class":"institutional","billing_code_modifier":[""],"service_code":[],"setting":"both"},{"negotiated_type":"negotiated","negotiated_rate":225.00,"expiration_date":"9999-12-31","billing_class":"institutional","billing_code_modifier":[""],"service_code":[],"setting":"both"}]},{"provider_references":[18,26],"network_name":["BLUE CROSS BLUE SHIELD OF AZ","MAYO CLINIC","PRIVATE HEALTHCARE SYSTEMS"],"negotiated_prices":[{"negotiated_type":"percentage","negotiated_rate":39.00,"expiration_date":"9999-12-31","billing_class":"institutional","billing_code_modifier":[""],"service_code":[],"setting":"both"},{"negotiated_type":"percentage","negotiated_rate":24.00,"expiration_date":"9999-12-31","billing_class":"institutional","billing_code_modifier":[""],"service_code":[],"setting":"both"},{"negotiated_type":"percentage","negotiated_rate":75.00,"expiration_date":"9999-12-31","billing_class":"institutional","billing_code_modifier":[""],"service_code":[],"setting":"both"},{"negotiated_type":"negotiated","negotiated_rate":155.00,"expiration_date":"9999-12-31","billing_class":"institutional","billing_code_modifier":[""],"service_code":[],"setting":"both"},{"negotiated_type":"negotiated","negotiated_rate":225.00,"expiration_date":"9999-12-31","billing_class":"institutional","billing_code_modifier":[""],"service_code":[],"setting":"both"}]},{"provider_references":[27],"network_name":["BLUE CROSS BLUE SHIELD OF AZ","MAYO CLINIC","PRIVATE HEALTHCARE SYSTEMS"],"negotiated_prices":[{"negotiated_type":"percentage","negotiated_rate":39.00,"expiration_date":"9999-12-31","billing_class":"institutional","billing_code_modifier":[""],"service_code":[],"setting":"both"},{"negotiated_type":"percentage","negotiated_rate":24.00,"expiration_date":"9999-12-31","billing_class":"institutional","billing_code_modifier":[""],"service_code":[],"setting":"both"},{"negotiated_type":"percentage","negotiated_rate":75.00,"expiration_date":"9999-12-31","billing_class":"institutional","billing_code_modifier":[""],"service_code":[],"setting":"both"},{"negotiated_type":"negotiated","negotiated_rate":155.00,"expiration_date":"9999-12-31","billing_class":"institutional","billing_code_modifier":[""],"service_code":[],"setting":"both"},{"negotiated_type":"negotiated","negotiated_rate":225.00,"expiration_date":"9999-12-31","billing_class":"institutional","billing_code_modifier":[""],"service_code":[],"setting":"both"}]}]},{"negotiation_arrangement":"ffs","name":"All coding types","billing_code_type":"CSTM-ALL","billing_code_type_version":"2022","billing_code":"CSTM-00","description":"All codes possible","negotiated_rates":[{"provider_references":[19,20,21,22,23,24,25,27],"network_name":["BLUE CROSS BLUE SHIELD OF AZ","MAYO CLINIC","PRIVATE HEALTHCARE SYSTEMS"],"negotiated_prices":[{"negotiated_type":"percentage","negotiated_rate":39.00,"expiration_date":"9999-12-31","billing_class":"institutional","billing_code_modifier":[""],"service_code":[],"setting":"both"},{"negotiated_type":"percentage","negotiated_rate":24.00,"expiration_date":"9999-12-31","billing_class":"institutional","billing_code_modifier":[""],"service_code":[],"setting":"both"},{"negotiated_type":"percentage","negotiated_rate":75.00,"expiration_date":"9999-12-31","billing_class":"institutional","billing_code_modifier":[""],"service_code":[],"setting":"both"},{"negotiated_type":"negotiated","negotiated_rate":155.00,"expiration_date":"9999-12-31","billing_class":"institutional","billing_code_modifier":[""],"service_code":[],"setting":"both"},{"negotiated_type":"negotiated","negotiated_rate":225.00,"expiration_date":"9999-12-31","billing_class":"institutional","billing_code_modifier":[""],"service_code":[],"setting":"both"}]},{"provider_references":[19,20,21,22,23,24,25,27],"network_name":["BLUE CROSS BLUE SHIELD OF AZ","MAYO CLINIC","PRIVATE HEALTHCARE SYSTEMS"],"negotiated_prices":[{"negotiated_type":"percentage","negotiated_rate":39.00,"expiration_date":"9999-12-31","billing_class":"institutional","billing_code_modifier":[""],"service_code":[],"setting":"both"},{"negotiated_type":"percentage","negotiated_rate":24.00,"expiration_date":"9999-12-31","billing_class":"institutional","billing_code_modifier":[""],"service_code":[],"setting":"both"},{"negotiated_type":"percentage","negotiated_rate":75.00,"expiration_date":"9999-12-31","billing_class":"institutional","billing_code_modifier":[""],"service_code":[],"setting":"both"},{"negotiated_type":"negotiated","negotiated_rate":155.00,"expiration_date":"9999-12-31","billing_class":"institutional","billing_code_modifier":[""],"service_code":[],"setting":"both"},{"negotiated_type":"negotiated","negotiated_rate":225.00,"expiration_date":"9999-12-31","billing_class":"institutional","billing_code_modifier":[""],"service_code":[],"setting":"both"}]},{"provider_references":[19,20,21,22,23,24,25,27],"network_name":["BLUE CROSS BLUE SHIELD OF AZ","MAYO CLINIC","PRIVATE HEALTHCARE SYSTEMS"],"negotiated_prices":[{"negotiated_type":"percentage","negotiated_rate":39.00,"expiration_date":"9999-12-31","billing_class":"institutional","billing_code_modifier":[""],"service_code":[],"setting":"both"},{"negotiated_type":"percentage","negotiated_rate":24.00,"expiration_date":"9999-12-31","billing_class":"institutional","billing_code_modifier":[""],"service_code":[],"setting":"both"},{"negotiated_type":"percentage","negotiated_rate":75.00,"expiration_date":"9999-12-31","billing_class":"institutional","billing_code_modifier":[""],"service_code":[],"setting":"both"},{"negotiated_type":"negotiated","negotiated_rate":155.00,"expiration_date":"9999-12-31","billing_class":"institutional","billing_code_modifier":[""],"service_code":[],"setting":"both"},{"negotiated_type":"negotiated","negotiated_rate":225.00,"expiration_date":"9999-12-31","billing_class":"institutional","billing_code_modifier":[""],"service_code":[],"setting":"both"}]},{"provider_references":[18,26],"network_name":["BLUE CROSS BLUE SHIELD OF AZ","MAYO CLINIC","PRIVATE HEALTHCARE SYSTEMS"],"negotiated_prices":[{"negotiated_type":"percentage","negotiated_rate":39.00,"expiration_date":"9999-12-31","billing_class":"institutional","billing_code_modifier":[""],"service_code":[],"setting":"both"},{"negotiated_type":"percentage","negotiated_rate":24.00,"expiration_date":"9999-12-31","billing_class":"institutional","billing_code_modifier":[""],"service_code":[],"setting":"both"},{"negotiated_type":"percentage","negotiated_rate":75.00,"expiration_date":"9999-12-31","billing_class":"institutional","billing_code_modifier":[""],"service_code":[],"setting":"both"},{"negotiated_type":"negotiated","negotiated_rate":155.00,"expiration_date":"9999-12-31","billing_class":"institutional","billing_code_modifier":[""],"service_code":[],"setting":"both"},{"negotiated_type":"negotiated","negotiated_rate":225.00,"expiration_date":"9999-12-31","billing_class":"institutional","billing_code_modifier":[""],"service_code":[],"setting":"both"}]},{"provider_references":[27],"network_name":["BLUE CROSS BLUE SHIELD OF AZ","MAYO CLINIC","PRIVATE HEALTHCARE SYSTEMS"],"negotiated_prices":[{"negotiated_type":"percentage","negotiated_rate":39.00,"expiration_date":"9999-12-31","billing_class":"institutional","billing_code_modifier":[""],"service_code":[],"setting":"both"},{"negotiated_type":"percentage","negotiated_rate":24.00,"expiration_date":"9999-12-31","billing_class":"institutional","billing_code_modifier":[""],"service_code":[],"setting":"both"},{"negotiated_type":"percentage","negotiated_rate":75.00,"expiration_date":"9999-12-31","billing_class":"institutional","billing_code_modifier":[""],"service_code":[],"setting":"both"},{"negotiated_type":"negotiated","negotiated_rate":155.00,"expiration_date":"9999-12-31","billing_class":"institutional","billing_code_modifier":[""],"service_code":[],"setting":"both"},{"negotiated_type":"negotiated","negotiated_rate":225.00,"expiration_date":"9999-12-31","billing_class":"institutional","billing_code_modifier":[""],"service_code":[],"setting":"both"}]}]},{"negotiation_arrangement":"ffs","name":"PROFESSIONAL FEES","billing_code_type":"RC","billing_code_type_version":"2020","billing_code":"0960","description":"PROFESSIONAL FEES","negotiated_rates":[{"provider_references":[19,20,21,22,23,24,25,27],"network_name":["BLUE CROSS BLUE SHIELD OF AZ","MAYO CLINIC","PRIVATE HEALTHCARE SYSTEMS"],"negotiated_prices":[{"negotiated_type":"percentage","negotiated_rate":70.00,"expiration_date":"9999-12-31","billing_class":"professional","billing_code_modifier":[""],"service_code":["CSTM-00"],"setting":"both"}]}]},{"negotiation_arrangement":"ffs","name":"PSYCHIATRIC","billing_code_type":"RC","billing_code_type_version":"2020","billing_code":"0961","description":"PSYCHIATRIC","negotiated_rates":[{"provider_references":[19,20,21,22,23,24,25,27],"network_name":["BLUE CROSS BLUE SHIELD OF AZ","MAYO CLINIC","PRIVATE HEALTHCARE SYSTEMS"],"negotiated_prices":[{"negotiated_type":"percentage","negotiated_rate":70.00,"expiration_date":"9999-12-31","billing_class":"professional","billing_code_modifier":[""],"service_code":["CSTM-00"],"setting":"both"}]}]},{"negotiation_arrangement":"ffs","name":"OPHTHALMOLOGY","billing_code_type":"RC","billing_code_type_version":"2020","billing_code":"0962","description":"OPHTHALMOLOGY","negotiated_rates":[{"provider_references":[19,20,21,22,23,24,25,27],"network_name":["BLUE CROSS BLUE SHIELD OF AZ","MAYO CLINIC","PRIVATE HEALTHCARE SYSTEMS"],"negotiated_prices":[{"negotiated_type":"percentage","negotiated_rate":70.00,"expiration_date":"9999-12-31","billing_class":"professional","billing_code_modifier":[""],"service_code":["CSTM-00"],"setting":"both"}]}]},{"negotiation_arrangement":"ffs","name":"ANESTHESIOLOGIST (MD)","billing_code_type":"RC","billing_code_type_version":"2020","billing_code":"0963","description":"ANESTHESIOLOGIST (MD)","negotiated_rates":[{"provider_references":[19,20,21,22,23,24,25,27],"network_name":["BLUE CROSS BLUE SHIELD OF AZ","MAYO CLINIC","PRIVATE HEALTHCARE SYSTEMS"],"negotiated_prices":[{"negotiated_type":"percentage","negotiated_rate":70.00,"expiration_date":"9999-12-31","billing_class":"professional","billing_code_modifier":[""],"service_code":["CSTM-00"],"setting":"both"}]}]},{"negotiation_arrangement":"ffs","name":"ANESTHETIST (CRNA)","billing_code_type":"RC","billing_code_type_version":"2020","billing_code":"0964","description":"ANESTHETIST (CRNA)","negotiated_rates":[{"provider_references":[19,20,21,22,23,24,25,27],"network_name":["BLUE CROSS BLUE SHIELD OF AZ","MAYO CLINIC","PRIVATE HEALTHCARE SYSTEMS"],"negotiated_prices":[{"negotiated_type":"percentage","negotiated_rate":70.00,"expiration_date":"9999-12-31","billing_class":"professional","billing_code_modifier":[""],"service_code":["CSTM-00"],"setting":"both"}]}]},{"negotiation_arrangement":"ffs","name":"OTHER PROFESSIONAL FEE","billing_code_type":"RC","billing_code_type_version":"2020","billing_code":"0969","description":"OTHER PROFESSIONAL FEE","negotiated_rates":[{"provider_references":[19,20,21,22,23,24,25,27],"network_name":["BLUE CROSS BLUE SHIELD OF AZ","MAYO CLINIC","PRIVATE HEALTHCARE SYSTEMS"],"negotiated_prices":[{"negotiated_type":"percentage","negotiated_rate":70.00,"expiration_date":"9999-12-31","billing_class":"professional","billing_code_modifier":[""],"service_code":["CSTM-00"],"setting":"both"}]}]},{"negotiation_arrangement":"ffs","name":"PROFESSIONAL FEES (096X) LABORATORY","billing_code_type":"RC","billing_code_type_version":"2020","billing_code":"0971","description":"PROFESSIONAL FEES (096X) LABORATORY","negotiated_rates":[{"provider_references":[19,20,21,22,23,24,25,27],"network_name":["BLUE CROSS BLUE SHIELD OF AZ","MAYO CLINIC","PRIVATE HEALTHCARE SYSTEMS"],"negotiated_prices":[{"negotiated_type":"percentage","negotiated_rate":70.00,"expiration_date":"9999-12-31","billing_class":"professional","billing_code_modifier":[""],"service_code":["CSTM-00"],"setting":"both"}]}]},{"negotiation_arrangement":"ffs","name":"PROFESSIONAL FEES (096X) RADIOLOGY-DIAGNOSTIC","billing_code_type":"RC","billing_code_type_version":"2020","billing_code":"0972","description":"PROFESSIONAL FEES (096X) RADIOLOGY-DIAGNOSTIC","negotiated_rates":[{"provider_references":[19,20,21,22,23,24,25,27],"network_name":["BLUE CROSS BLUE SHIELD OF AZ","MAYO CLINIC","PRIVATE HEALTHCARE SYSTEMS"],"negotiated_prices":[{"negotiated_type":"percentage","negotiated_rate":70.00,"expiration_date":"9999-12-31","billing_class":"professional","billing_code_modifier":[""],"service_code":["CSTM-00"],"setting":"both"}]}]},{"negotiation_arrangement":"ffs","name":"PROFESSIONAL FEES (096X) RADIOLOGY-THERAPEUTIC","billing_code_type":"RC","billing_code_type_version":"2020","billing_code":"0973","description":"PROFESSIONAL FEES (096X) RADIOLOGY-THERAPEUTIC","negotiated_rates":[{"provider_references":[19,20,21,22,23,24,25,27],"network_name":["BLUE CROSS BLUE SHIELD OF AZ","MAYO CLINIC","PRIVATE HEALTHCARE SYSTEMS"],"negotiated_prices":[{"negotiated_type":"percentage","negotiated_rate":70.00,"expiration_date":"9999-12-31","billing_class":"professional","billing_code_modifier":[""],"service_code":["CSTM-00"],"setting":"both"}]}]},{"negotiation_arrangement":"ffs","name":"PROFESSIONAL FEES (096X) RADIOLOGY-NUCLEAR MEDICIN","billing_code_type":"RC","billing_code_type_version":"2020","billing_code":"0974","description":"PROFESSIONAL FEES (096X) RADIOLOGY-NUCLEAR MEDICIN","negotiated_rates":[{"provider_references":[19,20,21,22,23,24,25,27],"network_name":["BLUE CROSS BLUE SHIELD OF AZ","MAYO CLINIC","PRIVATE HEALTHCARE SYSTEMS"],"negotiated_prices":[{"negotiated_type":"percentage","negotiated_rate":70.00,"expiration_date":"9999-12-31","billing_class":"professional","billing_code_modifier":[""],"service_code":["CSTM-00"],"setting":"both"}]}]},{"negotiation_arrangement":"ffs","name":"PROFESSIONAL FEES (096X) OPERATING ROOM","billing_code_type":"RC","billing_code_type_version":"2020","billing_code":"0975","description":"PROFESSIONAL FEES (096X) OPERATING ROOM","negotiated_rates":[{"provider_references":[19,20,21,22,23,24,25,27],"network_name":["BLUE CROSS BLUE SHIELD OF AZ","MAYO CLINIC","PRIVATE HEALTHCARE SYSTEMS"],"negotiated_prices":[{"negotiated_type":"percentage","negotiated_rate":70.00,"expiration_date":"9999-12-31","billing_class":"professional","billing_code_modifier":[""],"service_code":["CSTM-00"],"setting":"both"}]}]},{"negotiation_arrangement":"ffs","name":"PROFESSIONAL FEES (096X) RESPIRATORY THERAPY","billing_code_type":"RC","billing_code_type_version":"2020","billing_code":"0976","description":"PROFESSIONAL FEES (096X) RESPIRATORY THERAPY","negotiated_rates":[{"provider_references":[19,20,21,22,23,24,25,27],"network_name":["BLUE CROSS BLUE SHIELD OF AZ","MAYO CLINIC","PRIVATE HEALTHCARE SYSTEMS"],"negotiated_prices":[{"negotiated_type":"percentage","negotiated_rate":70.00,"expiration_date":"9999-12-31","billing_class":"professional","billing_code_modifier":[""],"service_code":["CSTM-00"],"setting":"both"}]}]},{"negotiation_arrangement":"ffs","name":"PROFESSIONAL FEES (096X) PHYSICAL THERAPY","billing_code_type":"RC","billing_code_type_version":"2020","billing_code":"0977","description":"PROFESSIONAL FEES (096X) PHYSICAL THERAPY","negotiated_rates":[{"provider_references":[19,20,21,22,23,24,25,27],"network_name":["BLUE CROSS BLUE SHIELD OF AZ","MAYO CLINIC","PRIVATE HEALTHCARE SYSTEMS"],"negotiated_prices":[{"negotiated_type":"percentage","negotiated_rate":70.00,"expiration_date":"9999-12-31","billing_class":"professional","billing_code_modifier":[""],"service_code":["CSTM-00"],"setting":"both"}]}]},{"negotiation_arrangement":"ffs","name":"PROFESSIONAL FEES (096X) OCCUPATIONAL THERAPY","billing_code_type":"RC","billing_code_type_version":"2020","billing_code":"0978","description":"PROFESSIONAL FEES (096X) OCCUPATIONAL THERAPY","negotiated_rates":[{"provider_references":[19,20,21,22,23,24,25,27],"network_name":["BLUE CROSS BLUE SHIELD OF AZ","MAYO CLINIC","PRIVATE HEALTHCARE SYSTEMS"],"negotiated_prices":[{"negotiated_type":"percentage","negotiated_rate":70.00,"expiration_date":"9999-12-31","billing_class":"professional","billing_code_modifier":[""],"service_code":["CSTM-00"],"setting":"both"}]}]},{"negotiation_arrangement":"ffs","name":"PROFESSIONAL FEES (096X) SPEECH PATHOLOGY","billing_code_type":"RC","billing_code_type_version":"2020","billing_code":"0979","description":"PROFESSIONAL FEES (096X) SPEECH PATHOLOGY","negotiated_rates":[{"provider_references":[19,20,21,22,23,24,25,27],"network_name":["BLUE CROSS BLUE SHIELD OF AZ","MAYO CLINIC","PRIVATE HEALTHCARE SYSTEMS"],"negotiated_prices":[{"negotiated_type":"percentage","negotiated_rate":70.00,"expiration_date":"9999-12-31","billing_class":"professional","billing_code_modifier":[""],"service_code":["CSTM-00"],"setting":"both"}]}]},{"negotiation_arrangement":"ffs","name":"PROFESSIONAL FEES (096X) EMERGENCY ROOM","billing_code_type":"RC","billing_code_type_version":"2020","billing_code":"0981","description":"PROFESSIONAL FEES (096X) EMERGENCY ROOM","negotiated_rates":[{"provider_references":[19,20,21,22,23,24,25,27],"network_name":["BLUE CROSS BLUE SHIELD OF AZ","MAYO CLINIC","PRIVATE HEALTHCARE SYSTEMS"],"negotiated_prices":[{"negotiated_type":"percentage","negotiated_rate":70.00,"expiration_date":"9999-12-31","billing_class":"professional","billing_code_modifier":[""],"service_code":["CSTM-00"],"setting":"both"}]}]},{"negotiation_arrangement":"ffs","name":"PROFESSIONAL FEES (096X) OUTPATIENT SERVICES","billing_code_type":"RC","billing_code_type_version":"2020","billing_code":"0982","description":"PROFESSIONAL FEES (096X) OUTPATIENT SERVICES","negotiated_rates":[{"provider_references":[19,20,21,22,23,24,25,27],"network_name":["BLUE CROSS BLUE SHIELD OF AZ","MAYO CLINIC","PRIVATE HEALTHCARE SYSTEMS"],"negotiated_prices":[{"negotiated_type":"percentage","negotiated_rate":70.00,"expiration_date":"9999-12-31","billing_class":"professional","billing_code_modifier":[""],"service_code":["CSTM-00"],"setting":"both"}]}]},{"negotiation_arrangement":"ffs","name":"PROFESSIONAL FEES (096X) CLINIC","billing_code_type":"RC","billing_code_type_version":"2020","billing_code":"0983","description":"PROFESSIONAL FEES (096X) CLINIC","negotiated_rates":[{"provider_references":[19,20,21,22,23,24,25,27],"network_name":["BLUE CROSS BLUE SHIELD OF AZ","MAYO CLINIC","PRIVATE HEALTHCARE SYSTEMS"],"negotiated_prices":[{"negotiated_type":"percentage","negotiated_rate":70.00,"expiration_date":"9999-12-31","billing_class":"professional","billing_code_modifier":[""],"service_code":["CSTM-00"],"setting":"both"}]}]},{"negotiation_arrangement":"ffs","name":"PROFESSIONAL FEES (096X) MEDICAL SOCIAL SERVICES","billing_code_type":"RC","billing_code_type_version":"2020","billing_code":"0984","description":"PROFESSIONAL FEES (096X) MEDICAL SOCIAL SERVICES","negotiated_rates":[{"provider_references":[19,20,21,22,23,24,25,27],"network_name":["BLUE CROSS BLUE SHIELD OF AZ","MAYO CLINIC","PRIVATE HEALTHCARE SYSTEMS"],"negotiated_prices":[{"negotiated_type":"percentage","negotiated_rate":70.00,"expiration_date":"9999-12-31","billing_class":"professional","billing_code_modifier":[""],"service_code":["CSTM-00"],"setting":"both"}]}]},{"negotiation_arrangement":"ffs","name":"PROFESSIONAL FEES (096X) EKG","billing_code_type":"RC","billing_code_type_version":"2020","billing_code":"0985","description":"PROFESSIONAL FEES (096X) EKG","negotiated_rates":[{"provider_references":[19,20,21,22,23,24,25,27],"network_name":["BLUE CROSS BLUE SHIELD OF AZ","MAYO CLINIC","PRIVATE HEALTHCARE SYSTEMS"],"negotiated_prices":[{"negotiated_type":"percentage","negotiated_rate":70.00,"expiration_date":"9999-12-31","billing_class":"professional","billing_code_modifier":[""],"service_code":["CSTM-00"],"setting":"both"}]}]},{"negotiation_arrangement":"ffs","name":"PROFESSIONAL FEES (096X) EEK","billing_code_type":"RC","billing_code_type_version":"2020","billing_code":"0986","description":"PROFESSIONAL FEES (096X) EEK","negotiated_rates":[{"provider_references":[19,20,21,22,23,24,25,27],"network_name":["BLUE CROSS BLUE SHIELD OF AZ","MAYO CLINIC","PRIVATE HEALTHCARE SYSTEMS"],"negotiated_prices":[{"negotiated_type":"percentage","negotiated_rate":70.00,"expiration_date":"9999-12-31","billing_class":"professional","billing_code_modifier":[""],"service_code":["CSTM-00"],"setting":"both"}]}]},{"negotiation_arrangement":"ffs","name":"PROFESSIONAL FEES (096X) HOSPITAL VISIT","billing_code_type":"RC","billing_code_type_version":"2020","billing_code":"0987","description":"PROFESSIONAL FEES (096X) HOSPITAL VISIT","negotiated_rates":[{"provider_references":[19,20,21,22,23,24,25,27],"network_name":["BLUE CROSS BLUE SHIELD OF AZ","MAYO CLINIC","PRIVATE HEALTHCARE SYSTEMS"],"negotiated_prices":[{"negotiated_type":"percentage","negotiated_rate":70.00,"expiration_date":"9999-12-31","billing_class":"professional","billing_code_modifier":[""],"service_code":["CSTM-00"],"setting":"both"}]}]},{"negotiation_arrangement":"ffs","name":"PROFESSIONAL FEES (096X) CONSULTATION","billing_code_type":"RC","billing_code_type_version":"2020","billing_code":"0988","description":"PROFESSIONAL FEES (096X) CONSULTATION","negotiated_rates":[{"provider_references":[19,20,21,22,23,24,25,27],"network_name":["BLUE CROSS BLUE SHIELD OF AZ","MAYO CLINIC","PRIVATE HEALTHCARE SYSTEMS"],"negotiated_prices":[{"negotiated_type":"percentage","negotiated_rate":70.00,"expiration_date":"9999-12-31","billing_class":"professional","billing_code_modifier":[""],"service_code":["CSTM-00"],"setting":"both"}]}]},{"negotiation_arrangement":"ffs","name":"PRIVATE DUTY NURSE","billing_code_type":"RC","billing_code_type_version":"2020","billing_code":"0989","description":"PRIVATE DUTY NURSE","negotiated_rates":[{"provider_references":[19,20,21,22,23,24,25,27],"network_name":["BLUE CROSS BLUE SHIELD OF AZ","MAYO CLINIC","PRIVATE HEALTHCARE SYSTEMS"],"negotiated_prices":[{"negotiated_type":"percentage","negotiated_rate":70.00,"expiration_date":"9999-12-31","billing_class":"professional","billing_code_modifier":[""],"service_code":["CSTM-00"],"setting":"both"}]}]}]}
