{"reporting_entity_name": "IEC Group_DBA AmeriBen",
	"reporting_entity_type": "Third Party Administrator",
	"plan_name": "COUNTY OF CHIPPEWA",
	"plan_id_type": "ein",
	"plan_id": "396005678",
	"plan_market_type": "group",
	"last_updated_on": "2023-12-01","Version": "1.0.0","out_of_network":[{"name":"CHIROPRACTIC MANIPULATIVE TX SPINAL 1-2 REGIONS","billing_code_type":"CPT","billing_code_type_version":"2020","billing_code":"98940","description":"CHIROPRACTIC MANIPULATIVE TX SPINAL 1-2 REGIONS","allowed_amounts":[{"tin":{"type":"ein","value":"273209075"},"service_code":["11"],"billing_class":"professional","payments":[{"allowed_amount":21.59,"billing_code_modifier":[""],"providers":[{"billed_charge":55.00,"npi":[1174636369,1346555109]}]}]},{"tin":{"type":"ein","value":"463999559"},"service_code":["11"],"billing_class":"professional","payments":[{"allowed_amount":21.59,"billing_code_modifier":[""],"providers":[{"billed_charge":55.00,"npi":[1043640113,1326360736]}]}]},{"tin":{"type":"ein","value":"481291951"},"service_code":["11"],"billing_class":"professional","payments":[{"allowed_amount":21.59,"billing_code_modifier":[""],"providers":[{"billed_charge":66.00,"npi":[1609956481,1982773867]}]}]},{"tin":{"type":"ein","value":"842640155"},"service_code":["11"],"billing_class":"professional","payments":[{"allowed_amount":21.59,"billing_code_modifier":[""],"providers":[{"billed_charge":51.00,"npi":[1043865603,1801374855]}]}]}]},{"name":"CHIROPRACTIC MANIPULATIVE TX SPINAL 3-4 REGIONS","billing_code_type":"CPT","billing_code_type_version":"2020","billing_code":"98941","description":"CHIROPRACTIC MANIPULATIVE TX SPINAL 3-4 REGIONS","allowed_amounts":[{"tin":{"type":"ein","value":"262710080"},"service_code":["11"],"billing_class":"professional","payments":[{"allowed_amount":31.08,"billing_code_modifier":[""],"providers":[{"billed_charge":65.00,"npi":[1245496728,1457774549]}]}]},{"tin":{"type":"ein","value":"273209075"},"service_code":["11"],"billing_class":"professional","payments":[{"allowed_amount":31.08,"billing_code_modifier":[""],"providers":[{"billed_charge":65.00,"npi":[1174636369,1346555109]}]}]},{"tin":{"type":"ein","value":"452322488"},"service_code":["11"],"billing_class":"professional","payments":[{"allowed_amount":31.08,"billing_code_modifier":[""],"providers":[{"billed_charge":70.00,"npi":[1184917825,1861786485]}]}]},{"tin":{"type":"ein","value":"461328364"},"service_code":["11"],"billing_class":"professional","payments":[{"allowed_amount":31.08,"billing_code_modifier":[""],"providers":[{"billed_charge":65.00,"npi":[1215273883,1669654364]}]}]},{"tin":{"type":"ein","value":"842640155"},"service_code":["11"],"billing_class":"professional","payments":[{"allowed_amount":31.08,"billing_code_modifier":[""],"providers":[{"billed_charge":65.00,"npi":[1043865603,1801374855]}]}]}]}]}
