{"reporting_entity_name": "IEC Group_DBA AmeriBen",
	"reporting_entity_type": "Third Party Administrator",
	"plan_name": "ENERCON SERVICES, INC.",
	"plan_id_type": "ein",
	"plan_id": "731176079",
	"plan_market_type": "group",
	"last_updated_on": "2023-10-01","Version": "1.0.0","out_of_network":[{"name":"CHIROPRACTIC MANIPULATIVE TX SPINAL 1-2 REGIONS","billing_code_type":"CPT","billing_code_type_version":"2020","billing_code":"98940","description":"CHIROPRACTIC MANIPULATIVE TX SPINAL 1-2 REGIONS","allowed_amounts":[{"tin":{"type":"ein","value":"202572881"},"service_code":["11"],"billing_class":"professional","payments":[{"allowed_amount":19.06,"billing_code_modifier":[""],"providers":[{"billed_charge":60.00,"npi":[1174543672,1518918606]}]}]}]},{"name":"COLLECTION VENOUS BLOOD VENIPUNCTURE","billing_code_type":"CPT","billing_code_type_version":"2020","billing_code":"36415","description":"COLLECTION VENOUS BLOOD VENIPUNCTURE","allowed_amounts":[{"tin":{"type":"ein","value":"382084239"},"service_code":["81"],"billing_class":"professional","payments":[{"allowed_amount":1.02,"billing_code_modifier":[""],"providers":[{"billed_charge":21.37,"npi":[1003498429,1043303704,1083133912,1104036854,1285123919,1285839431,1396733796,1447296272,1497061972,1558030445,1649413774,1699434241,1801052071,1841288503,1891990743,1932166386,1982790754]}]}]},{"tin":{"type":"ein","value":"470995511"},"service_code":["11"],"billing_class":"professional","payments":[{"allowed_amount":1.02,"billing_code_modifier":[""],"providers":[{"billed_charge":30.00,"npi":[1588030100,1750328738]}]}]},{"tin":{"type":"ein","value":"751093698"},"service_code":["81"],"billing_class":"professional","payments":[{"allowed_amount":1.02,"billing_code_modifier":[""],"providers":[{"billed_charge":12.00,"npi":[1487629655,1962481820]}]}]}]},{"name":"COMPREHENSIVE METABOLIC PANEL","billing_code_type":"CPT","billing_code_type_version":"2020","billing_code":"80053","description":"COMPREHENSIVE METABOLIC PANEL","allowed_amounts":[{"tin":{"type":"ein","value":"382084239"},"service_code":["81"],"billing_class":"professional","payments":[{"allowed_amount":5.09,"billing_code_modifier":[""],"providers":[{"billed_charge":35.00,"npi":[1396733796,1497061972,1699434241]},{"billed_charge":88.07,"npi":[1043303704,1245731298,1629278866,1649413774,1811936891,1891990743,1932166386]}]},{"allowed_amount":5.09,"billing_code_modifier":[""],"providers":[{"billed_charge":35.00,"npi":[1396733796,1497061972,1699434241]},{"billed_charge":88.07,"npi":[1043303704,1245731298,1629278866,1649413774,1811936891,1891990743,1932166386]}]}]},{"tin":{"type":"ein","value":"382084239"},"service_code":["81"],"billing_class":"professional","payments":[{"allowed_amount":5.09,"billing_code_modifier":[""],"providers":[{"billed_charge":35.00,"npi":[1396733796,1497061972,1699434241]},{"billed_charge":88.07,"npi":[1043303704,1245731298,1629278866,1649413774,1811936891,1891990743,1932166386]}]},{"allowed_amount":5.09,"billing_code_modifier":[""],"providers":[{"billed_charge":35.00,"npi":[1396733796,1497061972,1699434241]},{"billed_charge":88.07,"npi":[1043303704,1245731298,1629278866,1649413774,1811936891,1891990743,1932166386]}]}]},{"tin":{"type":"ein","value":"751093698"},"service_code":["81"],"billing_class":"professional","payments":[{"allowed_amount":5.09,"billing_code_modifier":[""],"providers":[{"billed_charge":29.00,"npi":[1487629655,1962481820]}]}]},{"tin":{"type":"ein","value":"810576059"},"service_code":["81"],"billing_class":"professional","payments":[{"allowed_amount":5.09,"billing_code_modifier":[""],"providers":[{"billed_charge":21.12,"npi":[1235186800,1801278486]}]}]}]},{"name":"IMMUNOASSAY ANALYTE QUANTITATIVE NOS","billing_code_type":"CPT","billing_code_type_version":"2020","billing_code":"83520","description":"IMMUNOASSAY ANALYTE QUANTITATIVE NOS","allowed_amounts":[{"tin":{"type":"ein","value":"382084239"},"service_code":["81"],"billing_class":"professional","payments":[{"allowed_amount":5.87,"billing_code_modifier":[""],"providers":[{"billed_charge":27.32,"npi":[1104036854,1376548271,1932166386]},{"billed_charge":27.44,"npi":[1104036854,1376548271,1932166386]},{"billed_charge":317.21,"npi":[1104036854,1780620526,1932166386]}]},{"allowed_amount":5.87,"billing_code_modifier":[""],"providers":[{"billed_charge":27.32,"npi":[1104036854,1376548271,1932166386]},{"billed_charge":27.44,"npi":[1104036854,1376548271,1932166386]},{"billed_charge":317.21,"npi":[1104036854,1780620526,1932166386]}]},{"allowed_amount":5.87,"billing_code_modifier":[""],"providers":[{"billed_charge":27.32,"npi":[1104036854,1376548271,1932166386]},{"billed_charge":27.44,"npi":[1104036854,1376548271,1932166386]},{"billed_charge":317.21,"npi":[1104036854,1780620526,1932166386]}]}]},{"tin":{"type":"ein","value":"382084239"},"service_code":["81"],"billing_class":"professional","payments":[{"allowed_amount":5.87,"billing_code_modifier":[""],"providers":[{"billed_charge":27.32,"npi":[1104036854,1376548271,1932166386]},{"billed_charge":27.44,"npi":[1104036854,1376548271,1932166386]},{"billed_charge":317.21,"npi":[1104036854,1780620526,1932166386]}]},{"allowed_amount":5.87,"billing_code_modifier":[""],"providers":[{"billed_charge":27.32,"npi":[1104036854,1376548271,1932166386]},{"billed_charge":27.44,"npi":[1104036854,1376548271,1932166386]},{"billed_charge":317.21,"npi":[1104036854,1780620526,1932166386]}]},{"allowed_amount":5.87,"billing_code_modifier":[""],"providers":[{"billed_charge":27.32,"npi":[1104036854,1376548271,1932166386]},{"billed_charge":27.44,"npi":[1104036854,1376548271,1932166386]},{"billed_charge":317.21,"npi":[1104036854,1780620526,1932166386]}]}]},{"tin":{"type":"ein","value":"382084239"},"service_code":["81"],"billing_class":"professional","payments":[{"allowed_amount":5.87,"billing_code_modifier":[""],"providers":[{"billed_charge":27.32,"npi":[1104036854,1376548271,1932166386]},{"billed_charge":27.44,"npi":[1104036854,1376548271,1932166386]},{"billed_charge":317.21,"npi":[1104036854,1780620526,1932166386]}]},{"allowed_amount":5.87,"billing_code_modifier":[""],"providers":[{"billed_charge":27.32,"npi":[1104036854,1376548271,1932166386]},{"billed_charge":27.44,"npi":[1104036854,1376548271,1932166386]},{"billed_charge":317.21,"npi":[1104036854,1780620526,1932166386]}]},{"allowed_amount":5.87,"billing_code_modifier":[""],"providers":[{"billed_charge":27.32,"npi":[1104036854,1376548271,1932166386]},{"billed_charge":27.44,"npi":[1104036854,1376548271,1932166386]},{"billed_charge":317.21,"npi":[1104036854,1780620526,1932166386]}]}]}]}]}
