{"reporting_entity_name": "IEC Group_DBA AmeriBen",
	"reporting_entity_type": "Third Party Administrator",
	"plan_name": "MADISON IAQ",
	"plan_id_type": "ein",
	"plan_id": "823246836",
	"plan_market_type": "group",
	"last_updated_on": "2023-09-01","Version": "1.0.0","out_of_network":[{"name":"CHIROPRACTIC MANIPULATIVE TX SPINAL 3-4 REGIONS","billing_code_type":"CPT","billing_code_type_version":"2020","billing_code":"98941","description":"CHIROPRACTIC MANIPULATIVE TX SPINAL 3-4 REGIONS","allowed_amounts":[{"tin":{"type":"ein","value":"208022304"},"service_code":["11"],"billing_class":"professional","payments":[{"allowed_amount":31.08,"billing_code_modifier":[""],"providers":[{"billed_charge":70.00,"npi":[1699865394]}]}]},{"tin":{"type":"ein","value":"261185918"},"service_code":["11"],"billing_class":"professional","payments":[{"allowed_amount":31.08,"billing_code_modifier":[""],"providers":[{"billed_charge":55.00,"npi":[1013197904,1922297852]}]}]},{"tin":{"type":"ein","value":"464532335"},"service_code":["11"],"billing_class":"professional","payments":[{"allowed_amount":31.08,"billing_code_modifier":[""],"providers":[{"billed_charge":70.00,"npi":[1407927635,1801211677]}]}]}]},{"name":"MEDICAL\/SURGICAL SUPPLIES","billing_code_type":"RC","billing_code_type_version":"UB04","billing_code":"0270","description":"MEDICAL\/SURGICAL SUPPLIES","allowed_amounts":[{"tin":{"type":"ein","value":"861591954"},"service_code":["65"],"billing_class":"institutional","payments":[{"allowed_amount":25.36,"billing_code_modifier":[""],"providers":[{"billed_charge":142.00,"npi":[1083899900,1225621006]}]}]}]},{"name":"RADIOLOGIC EXAM CHEST SINGLE VIEW","billing_code_type":"CPT","billing_code_type_version":"2020","billing_code":"71045","description":"RADIOLOGIC EXAM CHEST SINGLE VIEW","allowed_amounts":[{"tin":{"type":"ein","value":"410916626"},"service_code":["21","23"],"billing_class":"professional","payments":[{"allowed_amount":26.00,"billing_code_modifier":[""],"providers":[{"billed_charge":26.00,"npi":[1144583642,1588004535,1639330533,1699074229,1699752915,1750369989,1861442493,1952307175,1952385304,1972582732]}]}]}]}]}
