{"reporting_entity_name": "IEC Group_DBA AmeriBen",
	"reporting_entity_type": "Third Party Administrator",
	"plan_name": "NEXEO PLASTICS, LLC",
	"plan_id_type": "ein",
	"plan_id": "833284307",
	"plan_market_type": "group",
	"last_updated_on": "2022-08-31","Version": "1.0.0","out_of_network":[{"name":"PSYCHIATRIC\/PSYCHOLOGICAL TRT: INTENSIVE OUT SERV","billing_code_type":"RC","billing_code_type_version":"UB04","billing_code":"0906","description":"PSYCHIATRIC\/PSYCHOLOGICAL TRT: INTENSIVE OUT SERV","allowed_amounts":[{"tin":{"type":"ein","value":"843891104"},"service_code":["22"],"billing_class":"institutional","payments":[{"allowed_amount":107.23,"billing_code_modifier":[""],"providers":[{"billed_charge":2100.00,"npi":[1205462124]},{"billed_charge":2300.00,"npi":[1205462124]}]},{"allowed_amount":107.23,"billing_code_modifier":[""],"providers":[{"billed_charge":2100.00,"npi":[1205462124]},{"billed_charge":2300.00,"npi":[1205462124]}]}]},{"tin":{"type":"ein","value":"843891104"},"service_code":["22"],"billing_class":"institutional","payments":[{"allowed_amount":107.23,"billing_code_modifier":[""],"providers":[{"billed_charge":2100.00,"npi":[1205462124]},{"billed_charge":2300.00,"npi":[1205462124]}]},{"allowed_amount":107.23,"billing_code_modifier":[""],"providers":[{"billed_charge":2100.00,"npi":[1205462124]},{"billed_charge":2300.00,"npi":[1205462124]}]}]}]},{"name":"PSYCHOTHERAPY W\/PATIENT 45 MINUTES","billing_code_type":"CPT","billing_code_type_version":"2020","billing_code":"90834","description":"PSYCHOTHERAPY W\/PATIENT 45 MINUTES","allowed_amounts":[{"tin":{"type":"ein","value":"201039499"},"service_code":["11"],"billing_class":"professional","payments":[{"allowed_amount":124.12,"billing_code_modifier":[""],"providers":[{"billed_charge":136.00,"npi":[1134334063,1619560992]},{"billed_charge":170.00,"npi":[1093900490,1134334063,1619560992]}]},{"allowed_amount":124.12,"billing_code_modifier":[""],"providers":[{"billed_charge":136.00,"npi":[1134334063,1619560992]},{"billed_charge":170.00,"npi":[1093900490,1134334063,1619560992]}]}]},{"tin":{"type":"ein","value":"201039499"},"service_code":["11"],"billing_class":"professional","payments":[{"allowed_amount":124.12,"billing_code_modifier":[""],"providers":[{"billed_charge":136.00,"npi":[1134334063,1619560992]},{"billed_charge":170.00,"npi":[1093900490,1134334063,1619560992]}]},{"allowed_amount":124.12,"billing_code_modifier":[""],"providers":[{"billed_charge":136.00,"npi":[1134334063,1619560992]},{"billed_charge":170.00,"npi":[1093900490,1134334063,1619560992]}]}]}]}]}
