{"reporting_entity_name": "IEC Group_DBA AmeriBen",
	"reporting_entity_type": "Third Party Administrator",
	"plan_name": "SALT RIVER PIMA - MARICOPA",
	"plan_id_type": "ein",
	"plan_id": "860143787",
	"plan_market_type": "group",
	"last_updated_on": "2025-09-01","Version": "1.0.0","out_of_network":[{"name":"APPL MODALITY 1\/> AREAS ELEC STIMJ UNATTENDED","billing_code_type":"CPT","billing_code_type_version":"2020","billing_code":"97014","description":"APPL MODALITY 1\/> AREAS ELEC STIMJ UNATTENDED","allowed_amounts":[{"tin":{"type":"ein","value":"470982688"},"service_code":["11"],"billing_class":"professional","payments":[{"allowed_amount":17.97,"billing_code_modifier":[""],"providers":[{"billed_charge":40.00,"npi":[1447407119,1821402363]}]}]},{"tin":{"type":"ein","value":"743195418"},"service_code":["11"],"billing_class":"professional","payments":[{"allowed_amount":17.97,"billing_code_modifier":[""],"providers":[{"billed_charge":35.00,"npi":[1194893610]}]}]},{"tin":{"type":"ein","value":"860854776"},"service_code":["11"],"billing_class":"professional","payments":[{"allowed_amount":17.97,"billing_code_modifier":[""],"providers":[{"billed_charge":27.00,"npi":[1013957380]}]}]}]},{"name":"APPL MODALITY 1\/> AREAS TRACTION MECHANICAL","billing_code_type":"CPT","billing_code_type_version":"2020","billing_code":"97012","description":"APPL MODALITY 1\/> AREAS TRACTION MECHANICAL","allowed_amounts":[{"tin":{"type":"ein","value":"470982688"},"service_code":["11"],"billing_class":"professional","payments":[{"allowed_amount":20.84,"billing_code_modifier":[""],"providers":[{"billed_charge":35.00,"npi":[1447407119,1821402363]}]}]},{"tin":{"type":"ein","value":"845044322"},"service_code":["11"],"billing_class":"professional","payments":[{"allowed_amount":20.84,"billing_code_modifier":[""],"providers":[{"billed_charge":75.00,"npi":[1316919822,1952922668]}]}]},{"tin":{"type":"ein","value":"860854776"},"service_code":["11"],"billing_class":"professional","payments":[{"allowed_amount":20.84,"billing_code_modifier":[""],"providers":[{"billed_charge":40.00,"npi":[1013957380]}]}]}]},{"name":"CHIROPRACTIC MANIPLTV TX EXTRASPINAL 1\/> REGION","billing_code_type":"CPT","billing_code_type_version":"2020","billing_code":"98943","description":"CHIROPRACTIC MANIPLTV TX EXTRASPINAL 1\/> REGION","allowed_amounts":[{"tin":{"type":"ein","value":"271906003"},"service_code":["11"],"billing_class":"professional","payments":[{"allowed_amount":41.10,"billing_code_modifier":[""],"providers":[{"billed_charge":80.00,"npi":[1396851457,1932422888]}]}]},{"tin":{"type":"ein","value":"300228088"},"service_code":["11"],"billing_class":"professional","payments":[{"allowed_amount":41.10,"billing_code_modifier":[""],"providers":[{"billed_charge":60.00,"npi":[1255485785,1356756936]}]}]},{"tin":{"type":"ein","value":"334729654"},"service_code":["11"],"billing_class":"professional","payments":[{"allowed_amount":41.10,"billing_code_modifier":[""],"providers":[{"billed_charge":71.00,"npi":[1154331502]},{"billed_charge":74.00,"npi":[1154331502]}]},{"allowed_amount":41.10,"billing_code_modifier":[""],"providers":[{"billed_charge":71.00,"npi":[1154331502]},{"billed_charge":74.00,"npi":[1154331502]}]}]},{"tin":{"type":"ein","value":"334729654"},"service_code":["11"],"billing_class":"professional","payments":[{"allowed_amount":41.10,"billing_code_modifier":[""],"providers":[{"billed_charge":71.00,"npi":[1154331502]},{"billed_charge":74.00,"npi":[1154331502]}]},{"allowed_amount":41.10,"billing_code_modifier":[""],"providers":[{"billed_charge":71.00,"npi":[1154331502]},{"billed_charge":74.00,"npi":[1154331502]}]}]},{"tin":{"type":"ein","value":"743195418"},"service_code":["11"],"billing_class":"professional","payments":[{"allowed_amount":41.10,"billing_code_modifier":[""],"providers":[{"billed_charge":55.00,"npi":[1194893610]}]}]},{"tin":{"type":"ein","value":"753202440"},"service_code":["11"],"billing_class":"professional","payments":[{"allowed_amount":41.10,"billing_code_modifier":[""],"providers":[{"billed_charge":75.16,"npi":[1003807967]}]}]},{"tin":{"type":"ein","value":"776235397"},"service_code":["11"],"billing_class":"professional","payments":[{"allowed_amount":41.10,"billing_code_modifier":[""],"providers":[{"billed_charge":70.00,"npi":[1649464637,1659473643]}]}]},{"tin":{"type":"ein","value":"832619393"},"service_code":["11"],"billing_class":"professional","payments":[{"allowed_amount":41.10,"billing_code_modifier":[""],"providers":[{"billed_charge":65.00,"npi":[1114497864,1114568045,1851499057]}]}]},{"tin":{"type":"ein","value":"832628746"},"service_code":["11"],"billing_class":"professional","payments":[{"allowed_amount":41.10,"billing_code_modifier":[""],"providers":[{"billed_charge":50.00,"npi":[1730940750,1770886772]}]}]},{"tin":{"type":"ein","value":"842490510"},"service_code":["11"],"billing_class":"professional","payments":[{"allowed_amount":41.10,"billing_code_modifier":[""],"providers":[{"billed_charge":99.00,"npi":[1073131975,1386207249]}]}]},{"tin":{"type":"ein","value":"900220235"},"service_code":["11"],"billing_class":"professional","payments":[{"allowed_amount":41.10,"billing_code_modifier":[""],"providers":[{"billed_charge":50.00,"npi":[1619951159]}]}]},{"tin":{"type":"ein","value":"990438610"},"service_code":["11"],"billing_class":"professional","payments":[{"allowed_amount":41.10,"billing_code_modifier":[""],"providers":[{"billed_charge":75.00,"npi":[1184247256,1326818360]}]}]}]},{"name":"CHIROPRACTIC MANIPULATIVE TX SPINAL 1-2 REGIONS","billing_code_type":"CPT","billing_code_type_version":"2020","billing_code":"98940","description":"CHIROPRACTIC MANIPULATIVE TX SPINAL 1-2 REGIONS","allowed_amounts":[{"tin":{"type":"ein","value":"470982688"},"service_code":["11"],"billing_class":"professional","payments":[{"allowed_amount":38.87,"billing_code_modifier":[""],"providers":[{"billed_charge":60.00,"npi":[1447407119,1821402363]}]}]},{"tin":{"type":"ein","value":"854216448"},"service_code":["11"],"billing_class":"professional","payments":[{"allowed_amount":38.87,"billing_code_modifier":[""],"providers":[{"billed_charge":50.00,"npi":[1013584507,1326066978]}]}]}]},{"name":"CHIROPRACTIC MANIPULATIVE TX SPINAL 3-4 REGIONS","billing_code_type":"CPT","billing_code_type_version":"2020","billing_code":"98941","description":"CHIROPRACTIC MANIPULATIVE TX SPINAL 3-4 REGIONS","allowed_amounts":[{"tin":{"type":"ein","value":"202257317"},"service_code":["11"],"billing_class":"professional","payments":[{"allowed_amount":56.45,"billing_code_modifier":[""],"providers":[{"billed_charge":70.00,"npi":[1114971389]}]}]},{"tin":{"type":"ein","value":"264288508"},"service_code":["11"],"billing_class":"professional","payments":[{"allowed_amount":56.45,"billing_code_modifier":[""],"providers":[{"billed_charge":85.00,"npi":[1073200051]}]}]},{"tin":{"type":"ein","value":"271906003"},"service_code":["11"],"billing_class":"professional","payments":[{"allowed_amount":56.45,"billing_code_modifier":[""],"providers":[{"billed_charge":80.00,"npi":[1396851457,1932422888]}]}]},{"tin":{"type":"ein","value":"300228088"},"service_code":["11"],"billing_class":"professional","payments":[{"allowed_amount":56.45,"billing_code_modifier":[""],"providers":[{"billed_charge":72.00,"npi":[1255485785,1356756936]}]}]},{"tin":{"type":"ein","value":"300266181"},"service_code":["11"],"billing_class":"professional","payments":[{"allowed_amount":56.45,"billing_code_modifier":[""],"providers":[{"billed_charge":110.00,"npi":[1437482213]}]}]},{"tin":{"type":"ein","value":"334729654"},"service_code":["11"],"billing_class":"professional","payments":[{"allowed_amount":56.45,"billing_code_modifier":[""],"providers":[{"billed_charge":77.00,"npi":[1154331502]}]}]},{"tin":{"type":"ein","value":"743195418"},"service_code":["11"],"billing_class":"professional","payments":[{"allowed_amount":56.45,"billing_code_modifier":[""],"providers":[{"billed_charge":70.00,"npi":[1194893610]}]}]},{"tin":{"type":"ein","value":"753202440"},"service_code":["11"],"billing_class":"professional","payments":[{"allowed_amount":56.45,"billing_code_modifier":[""],"providers":[{"billed_charge":123.72,"npi":[1003807967]}]}]},{"tin":{"type":"ein","value":"776235397"},"service_code":["11"],"billing_class":"professional","payments":[{"allowed_amount":56.45,"billing_code_modifier":[""],"providers":[{"billed_charge":85.00,"npi":[1649464637,1659473643]}]}]},{"tin":{"type":"ein","value":"814052538"},"service_code":["11"],"billing_class":"professional","payments":[{"allowed_amount":56.45,"billing_code_modifier":[""],"providers":[{"billed_charge":90.00,"npi":[1033652813,1538754353]}]}]},{"tin":{"type":"ein","value":"832619393"},"service_code":["11"],"billing_class":"professional","payments":[{"allowed_amount":56.45,"billing_code_modifier":[""],"providers":[{"billed_charge":120.00,"npi":[1114497864,1114568045,1851499057]}]}]},{"tin":{"type":"ein","value":"832628746"},"service_code":["11"],"billing_class":"professional","payments":[{"allowed_amount":56.45,"billing_code_modifier":[""],"providers":[{"billed_charge":70.00,"npi":[1730940750,1770886772]}]}]},{"tin":{"type":"ein","value":"842490510"},"service_code":["11"],"billing_class":"professional","payments":[{"allowed_amount":56.45,"billing_code_modifier":[""],"providers":[{"billed_charge":129.00,"npi":[1073131975,1386207249]}]}]},{"tin":{"type":"ein","value":"845044322"},"service_code":["11"],"billing_class":"professional","payments":[{"allowed_amount":56.45,"billing_code_modifier":[""],"providers":[{"billed_charge":100.00,"npi":[1316919822,1952922668]}]}]},{"tin":{"type":"ein","value":"860854776"},"service_code":["11"],"billing_class":"professional","payments":[{"allowed_amount":56.45,"billing_code_modifier":[""],"providers":[{"billed_charge":75.00,"npi":[1013957380]}]}]},{"tin":{"type":"ein","value":"900220235"},"service_code":["11"],"billing_class":"professional","payments":[{"allowed_amount":56.45,"billing_code_modifier":[""],"providers":[{"billed_charge":70.00,"npi":[1619951159]}]}]},{"tin":{"type":"ein","value":"990438610"},"service_code":["11"],"billing_class":"professional","payments":[{"allowed_amount":56.45,"billing_code_modifier":[""],"providers":[{"billed_charge":125.00,"npi":[1184247256,1326818360]}]}]}]},{"name":"COLLECTION VENOUS BLOOD VENIPUNCTURE","billing_code_type":"CPT","billing_code_type_version":"2020","billing_code":"36415","description":"COLLECTION VENOUS BLOOD VENIPUNCTURE","allowed_amounts":[{"tin":{"type":"ein","value":"133757370"},"service_code":["81"],"billing_class":"professional","payments":[{"allowed_amount":13.64,"billing_code_modifier":[""],"providers":[{"billed_charge":26.25,"npi":[1467152918,1538144910]}]}]},{"tin":{"type":"ein","value":"431039532"},"service_code":["81"],"billing_class":"professional","payments":[{"allowed_amount":13.64,"billing_code_modifier":[""],"providers":[{"billed_charge":36.40,"npi":[1538700851,1609812445]}]}]},{"tin":{"type":"ein","value":"832619393"},"service_code":["11"],"billing_class":"professional","payments":[{"allowed_amount":13.64,"billing_code_modifier":[""],"providers":[{"billed_charge":32.50,"npi":[1114497864,1750859575]}]}]},{"tin":{"type":"ein","value":"840611484"},"service_code":["81"],"billing_class":"professional","payments":[{"allowed_amount":13.64,"billing_code_modifier":[""],"providers":[{"billed_charge":26.25,"npi":[1417949470,1740262880]}]}]},{"tin":{"type":"ein","value":"843731229"},"service_code":["81"],"billing_class":"professional","payments":[{"allowed_amount":13.64,"billing_code_modifier":[""],"providers":[{"billed_charge":25.00,"npi":[1083321889,1104476019,1306070750,1336758952,1598484917,1679240253,1760855670,1902103138]}]}]},{"tin":{"type":"ein","value":"860143787"},"service_code":["11"],"billing_class":"professional","payments":[{"allowed_amount":13.64,"billing_code_modifier":[""],"providers":[{"billed_charge":17.14,"npi":[1144263377,1538583125]}]}]}]},{"name":"DRUG TST PRSMV INSTRMNT CHEM ANALYZERS PR DATE","billing_code_type":"CPT","billing_code_type_version":"2020","billing_code":"80307","description":"DRUG TST PRSMV INSTRMNT CHEM ANALYZERS PR DATE","allowed_amounts":[{"tin":{"type":"ein","value":"133757370"},"service_code":["81"],"billing_class":"professional","payments":[{"allowed_amount":93.21,"billing_code_modifier":[""],"providers":[{"billed_charge":133.60,"npi":[1538144910,1699025494]}]}]},{"tin":{"type":"ein","value":"205507145"},"service_code":["11"],"billing_class":"professional","payments":[{"allowed_amount":93.21,"billing_code_modifier":[""],"providers":[{"billed_charge":310.70,"npi":[1518012004,1629063904]}]}]},{"tin":{"type":"ein","value":"261565558"},"service_code":["81"],"billing_class":"professional","payments":[{"allowed_amount":93.21,"billing_code_modifier":[""],"providers":[{"billed_charge":124.00,"npi":[1497933162,1942262399]}]}]},{"tin":{"type":"ein","value":"352580832"},"service_code":["81"],"billing_class":"professional","payments":[{"allowed_amount":93.21,"billing_code_modifier":[""],"providers":[{"billed_charge":240.00,"npi":[1154812097,1376178129,1770020018]}]}]},{"tin":{"type":"ein","value":"453717894"},"service_code":["81"],"billing_class":"professional","payments":[{"allowed_amount":93.21,"billing_code_modifier":[""],"providers":[{"billed_charge":99.00,"npi":[1063274025,1699118943,1730466590]}]}]},{"tin":{"type":"ein","value":"464450977"},"service_code":["81"],"billing_class":"professional","payments":[{"allowed_amount":93.21,"billing_code_modifier":[""],"providers":[{"billed_charge":124.28,"npi":[1184041949,1265997225]}]}]},{"tin":{"type":"ein","value":"541882269"},"service_code":["81"],"billing_class":"professional","payments":[{"allowed_amount":93.21,"billing_code_modifier":[""],"providers":[{"billed_charge":345.00,"npi":[1053056523,1912903717]}]}]},{"tin":{"type":"ein","value":"813281365"},"service_code":["81"],"billing_class":"professional","payments":[{"allowed_amount":93.21,"billing_code_modifier":[""],"providers":[{"billed_charge":160.00,"npi":[1538612965,1922327030]}]}]},{"tin":{"type":"ein","value":"823146637"},"service_code":["81"],"billing_class":"professional","payments":[{"allowed_amount":93.21,"billing_code_modifier":[""],"providers":[{"billed_charge":2277.20,"npi":[1861994600,1902023682]}]}]},{"tin":{"type":"ein","value":"840611484"},"service_code":["81"],"billing_class":"professional","payments":[{"allowed_amount":93.21,"billing_code_modifier":[""],"providers":[{"billed_charge":241.82,"npi":[1316205107,1740262880]}]}]}]},{"name":"DRUGS REQUIRE SPECIFIC ID: DRUGS REQUIRING DETAIL","billing_code_type":"RC","billing_code_type_version":"UB04","billing_code":"0636","description":"DRUGS REQUIRE SPECIFIC ID: DRUGS REQUIRING DETAIL","allowed_amounts":[{"tin":{"type":"ein","value":"371852985"},"service_code":["65"],"billing_class":"institutional","payments":[{"allowed_amount":1.20,"billing_code_modifier":[""],"providers":[{"billed_charge":837.72,"npi":[1073786794,1700506847]}]}]},{"tin":{"type":"ein","value":"371852985"},"service_code":["65"],"billing_class":"institutional","payments":[{"allowed_amount":1.32,"billing_code_modifier":[""],"providers":[{"billed_charge":837.72,"npi":[1073786794,1700506847]}]}]},{"tin":{"type":"ein","value":"371852985"},"service_code":["65"],"billing_class":"institutional","payments":[{"allowed_amount":4.50,"billing_code_modifier":[""],"providers":[{"billed_charge":3141.45,"npi":[1457675134,1700506847]}]}]},{"tin":{"type":"ein","value":"371852985"},"service_code":["65"],"billing_class":"institutional","payments":[{"allowed_amount":17.25,"billing_code_modifier":[""],"providers":[{"billed_charge":4923.00,"npi":[1073786794,1700506847]}]}]},{"tin":{"type":"ein","value":"371852985"},"service_code":["65"],"billing_class":"institutional","payments":[{"allowed_amount":34.50,"billing_code_modifier":[""],"providers":[{"billed_charge":9846.00,"npi":[1457675134,1700506847]}]}]}]},{"name":"DRUGS REQUIRE SPECIFIC ID: EPO UNDER 10,000 UNITS","billing_code_type":"RC","billing_code_type_version":"UB04","billing_code":"0634","description":"DRUGS REQUIRE SPECIFIC ID: EPO UNDER 10,000 UNITS","allowed_amounts":[{"tin":{"type":"ein","value":"371852985"},"service_code":["65"],"billing_class":"institutional","payments":[{"allowed_amount":19.50,"billing_code_modifier":[""],"providers":[{"billed_charge":2304.20,"npi":[1073786794,1700506847]}]}]},{"tin":{"type":"ein","value":"371852985"},"service_code":["65"],"billing_class":"institutional","payments":[{"allowed_amount":24.38,"billing_code_modifier":[""],"providers":[{"billed_charge":2880.25,"npi":[1073786794,1700506847]}]}]}]},{"name":"ECG ROUTINE ECG W\/LEAST 12 LDS I&R ONLY","billing_code_type":"CPT","billing_code_type_version":"2020","billing_code":"93010","description":"ECG ROUTINE ECG W\/LEAST 12 LDS I&R ONLY","allowed_amounts":[{"tin":{"type":"ein","value":"201291415"},"service_code":["21"],"billing_class":"professional","payments":[{"allowed_amount":9.60,"billing_code_modifier":[""],"providers":[{"billed_charge":33.00,"npi":[1568480093,1639683105,1760480503]}]}]},{"tin":{"type":"ein","value":"205048404"},"service_code":["23"],"billing_class":"professional","payments":[{"allowed_amount":9.60,"billing_code_modifier":[""],"providers":[{"billed_charge":92.00,"npi":[1154959229,1316916331]}]}]},{"tin":{"type":"ein","value":"460508979"},"service_code":["23"],"billing_class":"professional","payments":[{"allowed_amount":9.60,"billing_code_modifier":[""],"providers":[{"billed_charge":34.00,"npi":[1821304775]}]}]},{"tin":{"type":"ein","value":"814399995"},"service_code":["23"],"billing_class":"professional","payments":[{"allowed_amount":9.60,"billing_code_modifier":[""],"providers":[{"billed_charge":51.00,"npi":[1386961167,1881185486]}]}]},{"tin":{"type":"ein","value":"860415065"},"service_code":["23"],"billing_class":"professional","payments":[{"allowed_amount":9.60,"billing_code_modifier":[""],"providers":[{"billed_charge":92.00,"npi":[1255747432,1336344308]}]}]},{"tin":{"type":"ein","value":"860593131"},"service_code":["23"],"billing_class":"professional","payments":[{"allowed_amount":9.60,"billing_code_modifier":[""],"providers":[{"billed_charge":86.00,"npi":[1144801317,1316110356,1316414360,1487627634,1568411098,1588865802,1629416458,1639531536,1679967855,1700082260,1700148699,1780264549,1851689384,1902989676,1922050004,1942775275,1962965913]}]}]},{"tin":{"type":"ein","value":"873768007"},"service_code":["23"],"billing_class":"professional","payments":[{"allowed_amount":9.60,"billing_code_modifier":[""],"providers":[{"billed_charge":250.00,"npi":[1972765253]}]}]}]},{"name":"ELEC STIM OTHER THAN WOUND","billing_code_type":"HCPCS","billing_code_type_version":"HCPCS LEVEL II 2021","billing_code":"G0283","description":"ELEC STIM OTHER THAN WOUND","allowed_amounts":[{"tin":{"type":"ein","value":"264288508"},"service_code":["11"],"billing_class":"professional","payments":[{"allowed_amount":17.97,"billing_code_modifier":[""],"providers":[{"billed_charge":50.00,"npi":[1073200051]}]}]},{"tin":{"type":"ein","value":"845044322"},"service_code":["11"],"billing_class":"professional","payments":[{"allowed_amount":17.97,"billing_code_modifier":[""],"providers":[{"billed_charge":50.00,"npi":[1316919822,1952922668]}]}]},{"tin":{"type":"ein","value":"900220235"},"service_code":["11"],"billing_class":"professional","payments":[{"allowed_amount":17.97,"billing_code_modifier":[""],"providers":[{"billed_charge":35.00,"npi":[1619951159]}]}]}]},{"name":"EMERGENCY DEPARTMENT VISIT HIGH MDM","billing_code_type":"CPT","billing_code_type_version":"2020","billing_code":"99285","description":"EMERGENCY DEPARTMENT VISIT HIGH MDM","allowed_amounts":[{"tin":{"type":"ein","value":"205048404"},"service_code":["23"],"billing_class":"professional","payments":[{"allowed_amount":207.92,"billing_code_modifier":[""],"providers":[{"billed_charge":1800.00,"npi":[1154959229,1265810972]}]}]},{"tin":{"type":"ein","value":"460508979"},"service_code":["23"],"billing_class":"professional","payments":[{"allowed_amount":207.92,"billing_code_modifier":[""],"providers":[{"billed_charge":1516.00,"npi":[1073897393,1215375530,1225562457,1225695430,1275111213,1316472350,1417483538,1447628318,1790344331,1821304775]}]}]},{"tin":{"type":"ein","value":"460508979"},"service_code":["23"],"billing_class":"professional","payments":[{"allowed_amount":378.02,"billing_code_modifier":[""],"providers":[{"billed_charge":1516.00,"npi":[1104871961,1972160299,1992735088]}]}]},{"tin":{"type":"ein","value":"752632235"},"service_code":["23"],"billing_class":"professional","payments":[{"allowed_amount":207.92,"billing_code_modifier":[""],"providers":[{"billed_charge":1980.00,"npi":[1053991281,1083062111,1265810972]}]}]},{"tin":{"type":"ein","value":"752632235"},"service_code":["23"],"billing_class":"professional","payments":[{"allowed_amount":411.22,"billing_code_modifier":[""],"providers":[{"billed_charge":1980.00,"npi":[1295364313,1770690695,1902855992]}]}]},{"tin":{"type":"ein","value":"814399995"},"service_code":["23"],"billing_class":"professional","payments":[{"allowed_amount":207.92,"billing_code_modifier":[""],"providers":[{"billed_charge":1418.00,"npi":[1063669158,1386961167,1881185486]}]}]},{"tin":{"type":"ein","value":"814399995"},"service_code":["23"],"billing_class":"professional","payments":[{"allowed_amount":378.02,"billing_code_modifier":[""],"providers":[{"billed_charge":1418.00,"npi":[1154718013,1154748416,1205323342,1205378171,1245772870,1417483538,1447700968,1689121188,1760863161]}]}]},{"tin":{"type":"ein","value":"814399995"},"service_code":["23"],"billing_class":"professional","payments":[{"allowed_amount":411.22,"billing_code_modifier":[""],"providers":[{"billed_charge":1418.00,"npi":[1063669158,1245772870,1447700968,1598086688,1689121188]}]}]},{"tin":{"type":"ein","value":"841099826"},"service_code":["23"],"billing_class":"professional","payments":[{"allowed_amount":411.22,"billing_code_modifier":[""],"providers":[{"billed_charge":1699.88,"npi":[1235765074,1497572036,1629102363]}]}]},{"tin":{"type":"ein","value":"850651672"},"service_code":["23"],"billing_class":"professional","payments":[{"allowed_amount":411.22,"billing_code_modifier":[""],"providers":[{"billed_charge":1941.52,"npi":[1043830623,1114908696]}]}]},{"tin":{"type":"ein","value":"860415065"},"service_code":["23"],"billing_class":"professional","payments":[{"allowed_amount":207.92,"billing_code_modifier":[""],"providers":[{"billed_charge":1800.00,"npi":[1104835610,1255747432,1336344308,1417107822]}]}]},{"tin":{"type":"ein","value":"860415065"},"service_code":["23"],"billing_class":"professional","payments":[{"allowed_amount":378.02,"billing_code_modifier":[""],"providers":[{"billed_charge":1800.00,"npi":[1487016283,1518984210,1841224870]}]}]},{"tin":{"type":"ein","value":"860415065"},"service_code":["23"],"billing_class":"professional","payments":[{"allowed_amount":411.22,"billing_code_modifier":[""],"providers":[{"billed_charge":1800.00,"npi":[1124341672,1447831623,1518984210,1760570972,1841224870,1902936164]}]}]},{"tin":{"type":"ein","value":"860593131"},"service_code":["23"],"billing_class":"professional","payments":[{"allowed_amount":207.92,"billing_code_modifier":[""],"providers":[{"billed_charge":1796.00,"npi":[1093769119,1124582523,1144801317,1144859299,1225523665,1235564865,1285156117,1316110356,1316414360,1396129920,1497384887,1528385945,1538885850,1568411098,1588865802,1598261208,1598349532,1639531536,1639630064,1679830046,1679967855,1700082260,1700148699,1720664766,1801039482,1831665389,1851689384,1881112159,1922050004,1962868596,1962965913,1972057131]}]}]},{"tin":{"type":"ein","value":"860593131"},"service_code":["23"],"billing_class":"professional","payments":[{"allowed_amount":378.02,"billing_code_modifier":[""],"providers":[{"billed_charge":1796.00,"npi":[1083671432,1629416458,1811951429]}]}]},{"tin":{"type":"ein","value":"860593131"},"service_code":["23"],"billing_class":"professional","payments":[{"allowed_amount":411.22,"billing_code_modifier":[""],"providers":[{"billed_charge":1796.00,"npi":[1083671432,1144801317,1497384887,1679830046,1811951429]}]}]},{"tin":{"type":"ein","value":"873825600"},"service_code":["23"],"billing_class":"professional","payments":[{"allowed_amount":378.02,"billing_code_modifier":[""],"providers":[{"billed_charge":3368.55,"npi":[1659039618,1881352037,1982925749]}]}]}]},{"name":"EMERGENCY DEPARTMENT VISIT MODERATE MDM","billing_code_type":"CPT","billing_code_type_version":"2020","billing_code":"99284","description":"EMERGENCY DEPARTMENT VISIT MODERATE MDM","allowed_amounts":[{"tin":{"type":"ein","value":"460508979"},"service_code":["23"],"billing_class":"professional","payments":[{"allowed_amount":143.42,"billing_code_modifier":[""],"providers":[{"billed_charge":1026.00,"npi":[1164071247,1417534249,1710366851]}]}]},{"tin":{"type":"ein","value":"460508979"},"service_code":["23"],"billing_class":"professional","payments":[{"allowed_amount":241.10,"billing_code_modifier":[""],"providers":[{"billed_charge":1026.00,"npi":[1104871961,1174967293,1992735088]}]}]},{"tin":{"type":"ein","value":"464102898"},"service_code":["23"],"billing_class":"professional","payments":[{"allowed_amount":143.42,"billing_code_modifier":[""],"providers":[{"billed_charge":1172.00,"npi":[1245286673,1730858051]}]}]},{"tin":{"type":"ein","value":"752632235"},"service_code":["23"],"billing_class":"professional","payments":[{"allowed_amount":143.42,"billing_code_modifier":[""],"providers":[{"billed_charge":1350.00,"npi":[1740939743]}]}]},{"tin":{"type":"ein","value":"814399995"},"service_code":["23"],"billing_class":"professional","payments":[{"allowed_amount":143.42,"billing_code_modifier":[""],"providers":[{"billed_charge":895.00,"npi":[1285708172,1295961613,1427085141,1740217264,1760825566,1841212024,1871822726,1881185486,1902008956]}]}]},{"tin":{"type":"ein","value":"814399995"},"service_code":["23"],"billing_class":"professional","payments":[{"allowed_amount":241.10,"billing_code_modifier":[""],"providers":[{"billed_charge":895.00,"npi":[1053671677,1053853978,1245772870,1285708172,1407313109,1427085141,1447700968,1508317306,1528148335,1528525227,1700862133,1740217264,1740667906,1881185486]}]}]},{"tin":{"type":"ein","value":"814399995"},"service_code":["23"],"billing_class":"professional","payments":[{"allowed_amount":262.28,"billing_code_modifier":[""],"providers":[{"billed_charge":895.00,"npi":[1053671677,1154748416,1154872950,1235680034,1245772870,1255829784,1295961613,1447700968,1528072287,1528525227,1598086688,1619312824,1689121188,1902008956]}]}]},{"tin":{"type":"ein","value":"841099826"},"service_code":["23"],"billing_class":"professional","payments":[{"allowed_amount":262.28,"billing_code_modifier":[""],"providers":[{"billed_charge":1151.76,"npi":[1235765074,1689296592,1861219404]}]}]},{"tin":{"type":"ein","value":"850651672"},"service_code":["23"],"billing_class":"professional","payments":[{"allowed_amount":262.28,"billing_code_modifier":[""],"providers":[{"billed_charge":1429.77,"npi":[1043830623,1497872402,1578548434]}]}]},{"tin":{"type":"ein","value":"860415065"},"service_code":["23"],"billing_class":"professional","payments":[{"allowed_amount":143.42,"billing_code_modifier":[""],"providers":[{"billed_charge":1227.00,"npi":[1013006451,1275561565,1467823831,1497173389,1699026435]}]}]},{"tin":{"type":"ein","value":"860593131"},"service_code":["23"],"billing_class":"professional","payments":[{"allowed_amount":143.42,"billing_code_modifier":[""],"providers":[{"billed_charge":1223.00,"npi":[1093769119,1144801317,1174173181,1225271299,1235564865,1245736321,1316110356,1356849871,1427025923,1487627634,1497384887,1568082378,1588865802,1598261208,1629633797,1639630064,1679967855,1700148699,1770142861,1770945545,1780264549,1790340776,1831665389,1851920789,1881112159,1902989676,1932313020,1942775275,1952715963,1962868596,1972057131]}]}]},{"tin":{"type":"ein","value":"860593131"},"service_code":["23"],"billing_class":"professional","payments":[{"allowed_amount":262.28,"billing_code_modifier":[""],"providers":[{"billed_charge":1223.00,"npi":[1083671432,1811951429,1962965913]}]}]},{"tin":{"type":"ein","value":"873768007"},"service_code":["23"],"billing_class":"professional","payments":[{"allowed_amount":143.42,"billing_code_modifier":[""],"providers":[{"billed_charge":2400.00,"npi":[1972765253]}]}]}]},{"name":"HEMO OPD\/HOME: HEMODIALYSIS COMP OR OTHER RATE","billing_code_type":"RC","billing_code_type_version":"UB04","billing_code":"0821","description":"HEMO OPD\/HOME: HEMODIALYSIS COMP OR OTHER RATE","allowed_amounts":[{"tin":{"type":"ein","value":"371852985"},"service_code":["65"],"billing_class":"institutional","payments":[{"allowed_amount":490.49,"billing_code_modifier":[""],"providers":[{"billed_charge":11388.21,"npi":[1457675134,1700506847]}]}]},{"tin":{"type":"ein","value":"371852985"},"service_code":["65"],"billing_class":"institutional","payments":[{"allowed_amount":509.81,"billing_code_modifier":[""],"providers":[{"billed_charge":11388.21,"npi":[1073786794,1700506847]}]}]}]},{"name":"IADNA NOS AMPLIFIED PROBE TQ EACH ORGANISM","billing_code_type":"CPT","billing_code_type_version":"2020","billing_code":"87798","description":"IADNA NOS AMPLIFIED PROBE TQ EACH ORGANISM","allowed_amounts":[{"tin":{"type":"ein","value":"223510467"},"service_code":["81"],"billing_class":"professional","payments":[{"allowed_amount":52.64,"billing_code_modifier":[""],"providers":[{"billed_charge":130.00,"npi":[1073582433,1659372472,1750373908]}]}]}]},{"name":"LABORATORY - CLINICAL DIAGNOSTIC: CHEMISTRY","billing_code_type":"RC","billing_code_type_version":"UB04","billing_code":"0301","description":"LABORATORY - CLINICAL DIAGNOSTIC: CHEMISTRY","allowed_amounts":[{"tin":{"type":"ein","value":"371852985"},"service_code":["65"],"billing_class":"institutional","payments":[{"allowed_amount":5.93,"billing_code_modifier":[""],"providers":[{"billed_charge":291.16,"npi":[1073786794,1457675134,1700506847]}]}]},{"tin":{"type":"ein","value":"371852985"},"service_code":["65"],"billing_class":"institutional","payments":[{"allowed_amount":7.68,"billing_code_modifier":[""],"providers":[{"billed_charge":344.66,"npi":[1073786794,1700506847]},{"billed_charge":377.03,"npi":[1073786794,1457675134,1700506847]}]},{"allowed_amount":7.68,"billing_code_modifier":[""],"providers":[{"billed_charge":344.66,"npi":[1073786794,1700506847]},{"billed_charge":377.03,"npi":[1073786794,1457675134,1700506847]}]}]},{"tin":{"type":"ein","value":"371852985"},"service_code":["65"],"billing_class":"institutional","payments":[{"allowed_amount":7.68,"billing_code_modifier":[""],"providers":[{"billed_charge":344.66,"npi":[1073786794,1700506847]},{"billed_charge":377.03,"npi":[1073786794,1457675134,1700506847]}]},{"allowed_amount":7.68,"billing_code_modifier":[""],"providers":[{"billed_charge":344.66,"npi":[1073786794,1700506847]},{"billed_charge":377.03,"npi":[1073786794,1457675134,1700506847]}]}]}]},{"name":"LIPID PANEL","billing_code_type":"CPT","billing_code_type_version":"2020","billing_code":"80061","description":"LIPID PANEL","allowed_amounts":[{"tin":{"type":"ein","value":"133757370"},"service_code":["81"],"billing_class":"professional","payments":[{"allowed_amount":20.09,"billing_code_modifier":[""],"providers":[{"billed_charge":35.16,"npi":[1538144910,1740262880,1881105815]}]}]},{"tin":{"type":"ein","value":"431039532"},"service_code":["81"],"billing_class":"professional","payments":[{"allowed_amount":20.09,"billing_code_modifier":[""],"providers":[{"billed_charge":169.43,"npi":[1538700851,1609812445]}]}]},{"tin":{"type":"ein","value":"710897031"},"service_code":["81"],"billing_class":"professional","payments":[{"allowed_amount":20.09,"billing_code_modifier":[""],"providers":[{"billed_charge":169.43,"npi":[1366479099,1932215407]}]}]},{"tin":{"type":"ein","value":"843731229"},"service_code":["81"],"billing_class":"professional","payments":[{"allowed_amount":20.09,"billing_code_modifier":[""],"providers":[{"billed_charge":30.00,"npi":[1083321889,1104476019,1306070750,1336758952,1598484917,1598804510,1760855670,1902103138]}]}]}]},{"name":"MANUAL THERAPY TQS 1\/> REGIONS EACH 15 MINUTES","billing_code_type":"CPT","billing_code_type_version":"2020","billing_code":"97140","description":"MANUAL THERAPY TQS 1\/> REGIONS EACH 15 MINUTES","allowed_amounts":[{"tin":{"type":"ein","value":"300266181"},"service_code":["11"],"billing_class":"professional","payments":[{"allowed_amount":39.81,"billing_code_modifier":[""],"providers":[{"billed_charge":90.00,"npi":[1437482213]}]}]},{"tin":{"type":"ein","value":"776235397"},"service_code":["11"],"billing_class":"professional","payments":[{"allowed_amount":100.50,"billing_code_modifier":[""],"providers":[{"billed_charge":210.00,"npi":[1649464637,1659473643]}]}]},{"tin":{"type":"ein","value":"814052538"},"service_code":["11"],"billing_class":"professional","payments":[{"allowed_amount":39.81,"billing_code_modifier":[""],"providers":[{"billed_charge":70.00,"npi":[1033652813,1538754353]}]}]},{"tin":{"type":"ein","value":"860854776"},"service_code":["11"],"billing_class":"professional","payments":[{"allowed_amount":39.81,"billing_code_modifier":[""],"providers":[{"billed_charge":75.00,"npi":[1013957380]}]}]},{"tin":{"type":"ein","value":"861003167"},"service_code":["11"],"billing_class":"professional","payments":[{"allowed_amount":39.81,"billing_code_modifier":[""],"providers":[{"billed_charge":70.00,"npi":[1194392308,1528321569,1558318170]}]}]}]},{"name":"MEDICAL\/SURGICAL SUPPLIES","billing_code_type":"RC","billing_code_type_version":"UB04","billing_code":"0270","description":"MEDICAL\/SURGICAL SUPPLIES","allowed_amounts":[{"tin":{"type":"ein","value":"371852985"},"service_code":["65"],"billing_class":"institutional","payments":[{"allowed_amount":0.00,"billing_code_modifier":[""],"providers":[{"billed_charge":119.42,"npi":[1073786794,1457675134,1700506847]},{"billed_charge":238.84,"npi":[1073786794,1457675134,1700506847]},{"billed_charge":358.26,"npi":[1457675134,1700506847]},{"billed_charge":477.68,"npi":[1457675134,1700506847]}]},{"allowed_amount":0.00,"billing_code_modifier":[""],"providers":[{"billed_charge":119.42,"npi":[1073786794,1457675134,1700506847]},{"billed_charge":238.84,"npi":[1073786794,1457675134,1700506847]},{"billed_charge":358.26,"npi":[1457675134,1700506847]},{"billed_charge":477.68,"npi":[1457675134,1700506847]}]},{"allowed_amount":0.00,"billing_code_modifier":[""],"providers":[{"billed_charge":119.42,"npi":[1073786794,1457675134,1700506847]},{"billed_charge":238.84,"npi":[1073786794,1457675134,1700506847]},{"billed_charge":358.26,"npi":[1457675134,1700506847]},{"billed_charge":477.68,"npi":[1457675134,1700506847]}]},{"allowed_amount":0.00,"billing_code_modifier":[""],"providers":[{"billed_charge":119.42,"npi":[1073786794,1457675134,1700506847]},{"billed_charge":238.84,"npi":[1073786794,1457675134,1700506847]},{"billed_charge":358.26,"npi":[1457675134,1700506847]},{"billed_charge":477.68,"npi":[1457675134,1700506847]}]}]},{"tin":{"type":"ein","value":"371852985"},"service_code":["65"],"billing_class":"institutional","payments":[{"allowed_amount":0.00,"billing_code_modifier":[""],"providers":[{"billed_charge":119.42,"npi":[1073786794,1457675134,1700506847]},{"billed_charge":238.84,"npi":[1073786794,1457675134,1700506847]},{"billed_charge":358.26,"npi":[1457675134,1700506847]},{"billed_charge":477.68,"npi":[1457675134,1700506847]}]},{"allowed_amount":0.00,"billing_code_modifier":[""],"providers":[{"billed_charge":119.42,"npi":[1073786794,1457675134,1700506847]},{"billed_charge":238.84,"npi":[1073786794,1457675134,1700506847]},{"billed_charge":358.26,"npi":[1457675134,1700506847]},{"billed_charge":477.68,"npi":[1457675134,1700506847]}]},{"allowed_amount":0.00,"billing_code_modifier":[""],"providers":[{"billed_charge":119.42,"npi":[1073786794,1457675134,1700506847]},{"billed_charge":238.84,"npi":[1073786794,1457675134,1700506847]},{"billed_charge":358.26,"npi":[1457675134,1700506847]},{"billed_charge":477.68,"npi":[1457675134,1700506847]}]},{"allowed_amount":0.00,"billing_code_modifier":[""],"providers":[{"billed_charge":119.42,"npi":[1073786794,1457675134,1700506847]},{"billed_charge":238.84,"npi":[1073786794,1457675134,1700506847]},{"billed_charge":358.26,"npi":[1457675134,1700506847]},{"billed_charge":477.68,"npi":[1457675134,1700506847]}]}]},{"tin":{"type":"ein","value":"371852985"},"service_code":["65"],"billing_class":"institutional","payments":[{"allowed_amount":0.00,"billing_code_modifier":[""],"providers":[{"billed_charge":119.42,"npi":[1073786794,1457675134,1700506847]},{"billed_charge":238.84,"npi":[1073786794,1457675134,1700506847]},{"billed_charge":358.26,"npi":[1457675134,1700506847]},{"billed_charge":477.68,"npi":[1457675134,1700506847]}]},{"allowed_amount":0.00,"billing_code_modifier":[""],"providers":[{"billed_charge":119.42,"npi":[1073786794,1457675134,1700506847]},{"billed_charge":238.84,"npi":[1073786794,1457675134,1700506847]},{"billed_charge":358.26,"npi":[1457675134,1700506847]},{"billed_charge":477.68,"npi":[1457675134,1700506847]}]},{"allowed_amount":0.00,"billing_code_modifier":[""],"providers":[{"billed_charge":119.42,"npi":[1073786794,1457675134,1700506847]},{"billed_charge":238.84,"npi":[1073786794,1457675134,1700506847]},{"billed_charge":358.26,"npi":[1457675134,1700506847]},{"billed_charge":477.68,"npi":[1457675134,1700506847]}]},{"allowed_amount":0.00,"billing_code_modifier":[""],"providers":[{"billed_charge":119.42,"npi":[1073786794,1457675134,1700506847]},{"billed_charge":238.84,"npi":[1073786794,1457675134,1700506847]},{"billed_charge":358.26,"npi":[1457675134,1700506847]},{"billed_charge":477.68,"npi":[1457675134,1700506847]}]}]},{"tin":{"type":"ein","value":"371852985"},"service_code":["65"],"billing_class":"institutional","payments":[{"allowed_amount":0.00,"billing_code_modifier":[""],"providers":[{"billed_charge":119.42,"npi":[1073786794,1457675134,1700506847]},{"billed_charge":238.84,"npi":[1073786794,1457675134,1700506847]},{"billed_charge":358.26,"npi":[1457675134,1700506847]},{"billed_charge":477.68,"npi":[1457675134,1700506847]}]},{"allowed_amount":0.00,"billing_code_modifier":[""],"providers":[{"billed_charge":119.42,"npi":[1073786794,1457675134,1700506847]},{"billed_charge":238.84,"npi":[1073786794,1457675134,1700506847]},{"billed_charge":358.26,"npi":[1457675134,1700506847]},{"billed_charge":477.68,"npi":[1457675134,1700506847]}]},{"allowed_amount":0.00,"billing_code_modifier":[""],"providers":[{"billed_charge":119.42,"npi":[1073786794,1457675134,1700506847]},{"billed_charge":238.84,"npi":[1073786794,1457675134,1700506847]},{"billed_charge":358.26,"npi":[1457675134,1700506847]},{"billed_charge":477.68,"npi":[1457675134,1700506847]}]},{"allowed_amount":0.00,"billing_code_modifier":[""],"providers":[{"billed_charge":119.42,"npi":[1073786794,1457675134,1700506847]},{"billed_charge":238.84,"npi":[1073786794,1457675134,1700506847]},{"billed_charge":358.26,"npi":[1457675134,1700506847]},{"billed_charge":477.68,"npi":[1457675134,1700506847]}]}]},{"tin":{"type":"ein","value":"852698525"},"service_code":["24"],"billing_class":"institutional","payments":[{"allowed_amount":0.00,"billing_code_modifier":[""],"providers":[{"billed_charge":73.20,"npi":[1275978876,1316533870]}]}]}]},{"name":"OFFICE\/OUTPATIENT ESTABLISHED LOW MDM 20 MIN","billing_code_type":"CPT","billing_code_type_version":"2020","billing_code":"99213","description":"OFFICE\/OUTPATIENT ESTABLISHED LOW MDM 20 MIN","allowed_amounts":[{"tin":{"type":"ein","value":"203325000"},"service_code":["11"],"billing_class":"professional","payments":[{"allowed_amount":129.89,"billing_code_modifier":[""],"providers":[{"billed_charge":262.17,"npi":[1306982855,1396479747]}]}]},{"tin":{"type":"ein","value":"300266181"},"service_code":["11"],"billing_class":"professional","payments":[{"allowed_amount":129.89,"billing_code_modifier":[""],"providers":[{"billed_charge":190.00,"npi":[1437482213]}]}]},{"tin":{"type":"ein","value":"461236453"},"service_code":["20"],"billing_class":"professional","payments":[{"allowed_amount":129.89,"billing_code_modifier":[""],"providers":[{"billed_charge":390.00,"npi":[1508125295]}]}]},{"tin":{"type":"ein","value":"743195418"},"service_code":["11"],"billing_class":"professional","payments":[{"allowed_amount":129.89,"billing_code_modifier":[""],"providers":[{"billed_charge":182.00,"npi":[1194893610]}]}]},{"tin":{"type":"ein","value":"776235397"},"service_code":["11"],"billing_class":"professional","payments":[{"allowed_amount":129.89,"billing_code_modifier":[""],"providers":[{"billed_charge":160.00,"npi":[1649464637,1659473643]}]}]},{"tin":{"type":"ein","value":"832619393"},"service_code":["11"],"billing_class":"professional","payments":[{"allowed_amount":129.89,"billing_code_modifier":[""],"providers":[{"billed_charge":210.00,"npi":[1114497864,1750859575,1992123046]}]}]},{"tin":{"type":"ein","value":"860638375"},"service_code":["11"],"billing_class":"professional","payments":[{"allowed_amount":129.89,"billing_code_modifier":[""],"providers":[{"billed_charge":270.00,"npi":[1023103264,1659351989,1851302947]}]}]},{"tin":{"type":"ein","value":"860854776"},"service_code":["11"],"billing_class":"professional","payments":[{"allowed_amount":129.89,"billing_code_modifier":[""],"providers":[{"billed_charge":160.00,"npi":[1013957380]}]}]},{"tin":{"type":"ein","value":"860938204"},"service_code":["11"],"billing_class":"professional","payments":[{"allowed_amount":129.89,"billing_code_modifier":[""],"providers":[{"billed_charge":144.00,"npi":[1174865810,1578587671,1750585634]}]}]},{"tin":{"type":"ein","value":"861550862"},"service_code":["11"],"billing_class":"professional","payments":[{"allowed_amount":129.89,"billing_code_modifier":[""],"providers":[{"billed_charge":1145.64,"npi":[1275978876,1386220937]}]}]},{"tin":{"type":"ein","value":"931806879"},"service_code":["11"],"billing_class":"professional","payments":[{"allowed_amount":129.89,"billing_code_modifier":[""],"providers":[{"billed_charge":270.00,"npi":[1336825868,1568755130]}]}]},{"tin":{"type":"ein","value":"934895258"},"service_code":["20"],"billing_class":"professional","payments":[{"allowed_amount":129.89,"billing_code_modifier":[""],"providers":[{"billed_charge":330.00,"npi":[1104510445,1104661735,1114798071,1205283561,1225786171,1447437942,1558733618,1578298444,1972857977,1992836852]}]}]}]},{"name":"OFFICE\/OUTPATIENT ESTABLISHED MOD MDM 30 MIN","billing_code_type":"CPT","billing_code_type_version":"2020","billing_code":"99214","description":"OFFICE\/OUTPATIENT ESTABLISHED MOD MDM 30 MIN","allowed_amounts":[{"tin":{"type":"ein","value":"203613428"},"service_code":["11"],"billing_class":"professional","payments":[{"allowed_amount":182.76,"billing_code_modifier":[""],"providers":[{"billed_charge":216.32,"npi":[1235134552,1942381611]}]}]},{"tin":{"type":"ein","value":"260889239"},"service_code":["11"],"billing_class":"professional","payments":[{"allowed_amount":182.76,"billing_code_modifier":[""],"providers":[{"billed_charge":365.52,"npi":[1427230788,1730496282,1891971628]}]}]},{"tin":{"type":"ein","value":"271341979"},"service_code":["11"],"billing_class":"professional","payments":[{"allowed_amount":182.76,"billing_code_modifier":[""],"providers":[{"billed_charge":314.00,"npi":[1235519760,1679701163,1780913483]}]}]},{"tin":{"type":"ein","value":"273188239"},"service_code":["11"],"billing_class":"professional","payments":[{"allowed_amount":182.76,"billing_code_modifier":[""],"providers":[{"billed_charge":251.00,"npi":[1124584784]}]}]},{"tin":{"type":"ein","value":"273266696"},"service_code":["11"],"billing_class":"professional","payments":[{"allowed_amount":182.76,"billing_code_modifier":[""],"providers":[{"billed_charge":295.00,"npi":[1154642205,1417266305,1689935082]}]}]},{"tin":{"type":"ein","value":"274591088"},"service_code":["11"],"billing_class":"professional","payments":[{"allowed_amount":182.76,"billing_code_modifier":[""],"providers":[{"billed_charge":450.00,"npi":[1962848309]}]}]},{"tin":{"type":"ein","value":"365075642"},"service_code":["11"],"billing_class":"professional","payments":[{"allowed_amount":182.76,"billing_code_modifier":[""],"providers":[{"billed_charge":2704.00,"npi":[1275978876,1427304963]}]}]},{"tin":{"type":"ein","value":"474125010"},"service_code":["11"],"billing_class":"professional","payments":[{"allowed_amount":182.76,"billing_code_modifier":[""],"providers":[{"billed_charge":252.00,"npi":[1568829554,1811372345]}]}]},{"tin":{"type":"ein","value":"830473389"},"service_code":["11"],"billing_class":"professional","payments":[{"allowed_amount":182.76,"billing_code_modifier":[""],"providers":[{"billed_charge":850.00,"npi":[1356015895,1467446377]}]}]},{"tin":{"type":"ein","value":"832619393"},"service_code":["11"],"billing_class":"professional","payments":[{"allowed_amount":182.76,"billing_code_modifier":[""],"providers":[{"billed_charge":320.00,"npi":[1114497864,1114568045,1750859575,1992123046]}]}]},{"tin":{"type":"ein","value":"860901377"},"service_code":["11"],"billing_class":"professional","payments":[{"allowed_amount":182.76,"billing_code_modifier":[""],"providers":[{"billed_charge":203.00,"npi":[1679538441,1932356367]}]}]},{"tin":{"type":"ein","value":"860938204"},"service_code":["11"],"billing_class":"professional","payments":[{"allowed_amount":182.76,"billing_code_modifier":[""],"providers":[{"billed_charge":217.00,"npi":[1174865810,1477148989,1578587671,1841610003,1912044579]}]}]},{"tin":{"type":"ein","value":"873827578"},"service_code":["11"],"billing_class":"professional","payments":[{"allowed_amount":182.76,"billing_code_modifier":[""],"providers":[{"billed_charge":316.00,"npi":[1568116291,1831243294]}]}]},{"tin":{"type":"ein","value":"934895258"},"service_code":["20"],"billing_class":"professional","payments":[{"allowed_amount":182.76,"billing_code_modifier":[""],"providers":[{"billed_charge":350.00,"npi":[1043777972,1114798071,1144961855]}]}]}]},{"name":"OFFICE\/OUTPATIENT ESTABLISHED SF MDM 10 MIN","billing_code_type":"CPT","billing_code_type_version":"2020","billing_code":"99212","description":"OFFICE\/OUTPATIENT ESTABLISHED SF MDM 10 MIN","allowed_amounts":[{"tin":{"type":"ein","value":"753202440"},"service_code":["11"],"billing_class":"professional","payments":[{"allowed_amount":80.33,"billing_code_modifier":[""],"providers":[{"billed_charge":221.00,"npi":[1003807967]}]}]},{"tin":{"type":"ein","value":"832619393"},"service_code":["11"],"billing_class":"professional","payments":[{"allowed_amount":80.33,"billing_code_modifier":[""],"providers":[{"billed_charge":130.00,"npi":[1114497864,1295799674,1750859575,1992123046]}]}]}]},{"name":"OFFICE\/OUTPATIENT NEW LOW MDM 30 MINUTES","billing_code_type":"CPT","billing_code_type_version":"2020","billing_code":"99203","description":"OFFICE\/OUTPATIENT NEW LOW MDM 30 MINUTES","allowed_amounts":[{"tin":{"type":"ein","value":"201101167"},"service_code":["11"],"billing_class":"professional","payments":[{"allowed_amount":158.96,"billing_code_modifier":[""],"providers":[{"billed_charge":237.00,"npi":[1144365420,1760441174]}]}]},{"tin":{"type":"ein","value":"203325000"},"service_code":["11"],"billing_class":"professional","payments":[{"allowed_amount":158.96,"billing_code_modifier":[""],"providers":[{"billed_charge":320.85,"npi":[1306982855,1396479747]}]}]},{"tin":{"type":"ein","value":"272337725"},"service_code":["11"],"billing_class":"professional","payments":[{"allowed_amount":158.96,"billing_code_modifier":[""],"providers":[{"billed_charge":340.00,"npi":[1720213598,1750686614]}]}]},{"tin":{"type":"ein","value":"832097144"},"service_code":["11"],"billing_class":"professional","payments":[{"allowed_amount":158.96,"billing_code_modifier":[""],"providers":[{"billed_charge":213.90,"npi":[1104391655,1124280953]}]}]},{"tin":{"type":"ein","value":"842490510"},"service_code":["11"],"billing_class":"professional","payments":[{"allowed_amount":158.96,"billing_code_modifier":[""],"providers":[{"billed_charge":331.00,"npi":[1073131975,1386207249]}]}]},{"tin":{"type":"ein","value":"845044322"},"service_code":["11"],"billing_class":"professional","payments":[{"allowed_amount":158.96,"billing_code_modifier":[""],"providers":[{"billed_charge":325.00,"npi":[1316919822,1952922668]}]}]},{"tin":{"type":"ein","value":"860181654"},"service_code":["20"],"billing_class":"professional","payments":[{"allowed_amount":158.96,"billing_code_modifier":[""],"providers":[{"billed_charge":318.00,"npi":[1639630064]}]}]},{"tin":{"type":"ein","value":"860638375"},"service_code":["11"],"billing_class":"professional","payments":[{"allowed_amount":158.96,"billing_code_modifier":[""],"providers":[{"billed_charge":332.00,"npi":[1548289580,1659351989,1851302947]}]}]},{"tin":{"type":"ein","value":"920384236"},"service_code":["20"],"billing_class":"professional","payments":[{"allowed_amount":158.96,"billing_code_modifier":[""],"providers":[{"billed_charge":369.00,"npi":[1093439762,1255154118]}]}]},{"tin":{"type":"ein","value":"934895258"},"service_code":["20"],"billing_class":"professional","payments":[{"allowed_amount":158.96,"billing_code_modifier":[""],"providers":[{"billed_charge":335.00,"npi":[1114798071,1598885170,1649964990,1710439641]}]}]},{"tin":{"type":"ein","value":"990438610"},"service_code":["11"],"billing_class":"professional","payments":[{"allowed_amount":158.96,"billing_code_modifier":[""],"providers":[{"billed_charge":375.00,"npi":[1184247256,1326818360]}]}]}]},{"name":"OFFICE\/OUTPATIENT NEW MODERATE MDM 45 MINUTES","billing_code_type":"CPT","billing_code_type_version":"2020","billing_code":"99204","description":"OFFICE\/OUTPATIENT NEW MODERATE MDM 45 MINUTES","allowed_amounts":[{"tin":{"type":"ein","value":"201896501"},"service_code":["11"],"billing_class":"professional","payments":[{"allowed_amount":238.25,"billing_code_modifier":[""],"providers":[{"billed_charge":546.25,"npi":[1205856127,1598967911]}]}]},{"tin":{"type":"ein","value":"454536742"},"service_code":["11"],"billing_class":"professional","payments":[{"allowed_amount":238.25,"billing_code_modifier":[""],"providers":[{"billed_charge":350.00,"npi":[1184038788,1356609002,1578583951]}]}]},{"tin":{"type":"ein","value":"832097144"},"service_code":["11"],"billing_class":"professional","payments":[{"allowed_amount":238.25,"billing_code_modifier":[""],"providers":[{"billed_charge":320.86,"npi":[1104391655,1124280953]}]}]},{"tin":{"type":"ein","value":"832619393"},"service_code":["11"],"billing_class":"professional","payments":[{"allowed_amount":238.25,"billing_code_modifier":[""],"providers":[{"billed_charge":495.00,"npi":[1114497864,1114568045,1750859575]}]}]},{"tin":{"type":"ein","value":"852480213"},"service_code":["11"],"billing_class":"professional","payments":[{"allowed_amount":238.25,"billing_code_modifier":[""],"providers":[{"billed_charge":329.78,"npi":[1245686872,1275582132,1528673092]}]}]},{"tin":{"type":"ein","value":"873641679"},"service_code":["11"],"billing_class":"professional","payments":[{"allowed_amount":238.25,"billing_code_modifier":[""],"providers":[{"billed_charge":521.40,"npi":[1780344564,1881841963]}]}]},{"tin":{"type":"ein","value":"873827578"},"service_code":["11"],"billing_class":"professional","payments":[{"allowed_amount":238.25,"billing_code_modifier":[""],"providers":[{"billed_charge":410.00,"npi":[1568116291,1831243294]}]}]},{"tin":{"type":"ein","value":"934895258"},"service_code":["20"],"billing_class":"professional","payments":[{"allowed_amount":238.25,"billing_code_modifier":[""],"providers":[{"billed_charge":430.00,"npi":[1114798071,1144049727,1770344061,1912420142]}]}]}]},{"name":"OSTEOPATHIC MANIPULATIVE TX 3-4 BODY REGIONS","billing_code_type":"CPT","billing_code_type_version":"2020","billing_code":"98926","description":"OSTEOPATHIC MANIPULATIVE TX 3-4 BODY REGIONS","allowed_amounts":[{"tin":{"type":"ein","value":"832619393"},"service_code":["11"],"billing_class":"professional","payments":[{"allowed_amount":64.31,"billing_code_modifier":[""],"providers":[{"billed_charge":110.38,"npi":[1114497864,1295799674,1750859575,1992123046]}]}]}]},{"name":"PSYCHIATRIC\/PSYCHOLOGICAL SVCS: PARTIAL HOSP - INT","billing_code_type":"RC","billing_code_type_version":"UB04","billing_code":"0913","description":"PSYCHIATRIC\/PSYCHOLOGICAL SVCS: PARTIAL HOSP - INT","allowed_amounts":[{"tin":{"type":"ein","value":"263297560"},"service_code":["22"],"billing_class":"institutional","payments":[{"allowed_amount":494.00,"billing_code_modifier":[""],"providers":[{"billed_charge":494.00,"npi":[1508268582,1679287007,1952981912]}]}]},{"tin":{"type":"ein","value":"273665995"},"service_code":["22"],"billing_class":"institutional","payments":[{"allowed_amount":249.06,"billing_code_modifier":[""],"providers":[{"billed_charge":3995.00,"npi":[1053467720,1992294813]}]}]},{"tin":{"type":"ein","value":"863874429"},"service_code":["99"],"billing_class":"institutional","payments":[{"allowed_amount":249.06,"billing_code_modifier":[""],"providers":[{"billed_charge":4500.00,"npi":[1164696993,1528717527]}]}]}]},{"name":"RESIDENTIAL TREATMENT-CHEMICAL DEPENDENCY","billing_code_type":"RC","billing_code_type_version":"UB04","billing_code":"1002","description":"RESIDENTIAL TREATMENT-CHEMICAL DEPENDENCY","allowed_amounts":[{"tin":{"type":"ein","value":"273665995"},"service_code":["21"],"billing_class":"institutional","payments":[{"allowed_amount":602.72,"billing_code_modifier":[""],"providers":[{"billed_charge":5495.00,"npi":[1053467720,1134699291]}]}]},{"tin":{"type":"ein","value":"465750641"},"service_code":["21"],"billing_class":"institutional","payments":[{"allowed_amount":602.72,"billing_code_modifier":[""],"providers":[{"billed_charge":4709.25,"npi":[1720659816,1902023682]}]}]},{"tin":{"type":"ein","value":"862896887"},"service_code":["21"],"billing_class":"institutional","payments":[{"allowed_amount":602.72,"billing_code_modifier":[""],"providers":[{"billed_charge":6044.50,"npi":[1932472883,1952975310]}]}]}]},{"name":"RESIDENTIAL TREATMENT-PSYCHIATRIC","billing_code_type":"RC","billing_code_type_version":"UB04","billing_code":"1001","description":"RESIDENTIAL TREATMENT-PSYCHIATRIC","allowed_amounts":[{"tin":{"type":"ein","value":"811091031"},"service_code":["21"],"billing_class":"institutional","payments":[{"allowed_amount":430.37,"billing_code_modifier":[""],"providers":[{"billed_charge":4500.00,"npi":[1184932782,1821705104]}]}]},{"tin":{"type":"ein","value":"884112895"},"service_code":["21"],"billing_class":"institutional","payments":[{"allowed_amount":1314.18,"billing_code_modifier":[""],"providers":[{"billed_charge":5880.00,"npi":[1487611158,1588385272]}]}]}]},{"name":"SBSQ HOSPITAL IP\/OBS CARE MOD MDM 35 MINUTES","billing_code_type":"CPT","billing_code_type_version":"2020","billing_code":"99232","description":"SBSQ HOSPITAL IP\/OBS CARE MOD MDM 35 MINUTES","allowed_amounts":[{"tin":{"type":"ein","value":"931514316"},"service_code":["21"],"billing_class":"professional","payments":[{"allowed_amount":111.35,"billing_code_modifier":[""],"providers":[{"billed_charge":156.00,"npi":[1083977599,1346925872,1629256532]}]}]}]},{"name":"SELF-CARE\/HOME MGMT TRAINING EACH 15 MINUTES","billing_code_type":"CPT","billing_code_type_version":"2020","billing_code":"97535","description":"SELF-CARE\/HOME MGMT TRAINING EACH 15 MINUTES","allowed_amounts":[{"tin":{"type":"ein","value":"260426090"},"service_code":["12"],"billing_class":"professional","payments":[{"allowed_amount":150.00,"billing_code_modifier":[""],"providers":[{"billed_charge":586.00,"npi":[1518024124,1558955716,1730388828]}]}]},{"tin":{"type":"ein","value":"270766916"},"service_code":["12"],"billing_class":"professional","payments":[{"allowed_amount":150.00,"billing_code_modifier":[""],"providers":[{"billed_charge":300.00,"npi":[1043214877,1245699065,1962724211]}]}]}]},{"name":"THER PX 1\/> AREAS EACH 15 MIN NEUROMUSC REEDUCA","billing_code_type":"CPT","billing_code_type_version":"2020","billing_code":"97112","description":"THER PX 1\/> AREAS EACH 15 MIN NEUROMUSC REEDUCA","allowed_amounts":[{"tin":{"type":"ein","value":"363771769"},"service_code":["11"],"billing_class":"professional","payments":[{"allowed_amount":46.47,"billing_code_modifier":[""],"providers":[{"billed_charge":90.00,"npi":[1000000012,1033605357,1821085028,1992263123]}]}]},{"tin":{"type":"ein","value":"776235397"},"service_code":["11"],"billing_class":"professional","payments":[{"allowed_amount":82.49,"billing_code_modifier":[""],"providers":[{"billed_charge":160.00,"npi":[1649464637,1659473643]}]}]}]},{"name":"THERAPEUT ACTVITY DIRECT PT CONTACT EACH 15 MIN","billing_code_type":"CPT","billing_code_type_version":"2020","billing_code":"97530","description":"THERAPEUT ACTVITY DIRECT PT CONTACT EACH 15 MIN","allowed_amounts":[{"tin":{"type":"ein","value":"320152153"},"service_code":["11"],"billing_class":"professional","payments":[{"allowed_amount":158.78,"billing_code_modifier":[""],"providers":[{"billed_charge":200.00,"npi":[1033400890,1992482111]}]}]},{"tin":{"type":"ein","value":"452876789"},"service_code":["11"],"billing_class":"professional","payments":[{"allowed_amount":158.78,"billing_code_modifier":[""],"providers":[{"billed_charge":340.00,"npi":[1427018118,1720812514,1962784249]}]}]},{"tin":{"type":"ein","value":"460758517"},"service_code":["11"],"billing_class":"professional","payments":[{"allowed_amount":158.78,"billing_code_modifier":[""],"providers":[{"billed_charge":400.00,"npi":[1023081783,1962869503]}]}]},{"tin":{"type":"ein","value":"475433333"},"service_code":["11"],"billing_class":"professional","payments":[{"allowed_amount":86.72,"billing_code_modifier":[""],"providers":[{"billed_charge":144.56,"npi":[1508859844,1780490029,1871570309]}]}]},{"tin":{"type":"ein","value":"832619393"},"service_code":["11"],"billing_class":"professional","payments":[{"allowed_amount":86.72,"billing_code_modifier":[""],"providers":[{"billed_charge":160.00,"npi":[1114497864,1295799674,1750859575,1992123046]}]}]}]},{"name":"THERAPEUTIC PROPHYLACTIC\/DX INJECTION SUBQ\/IM","billing_code_type":"CPT","billing_code_type_version":"2020","billing_code":"96372","description":"THERAPEUTIC PROPHYLACTIC\/DX INJECTION SUBQ\/IM","allowed_amounts":[{"tin":{"type":"ein","value":"271341979"},"service_code":["11"],"billing_class":"professional","payments":[{"allowed_amount":20.34,"billing_code_modifier":[""],"providers":[{"billed_charge":36.00,"npi":[1235519760,1679701163,1780913483]}]}]},{"tin":{"type":"ein","value":"832619393"},"service_code":["11"],"billing_class":"professional","payments":[{"allowed_amount":20.34,"billing_code_modifier":[""],"providers":[{"billed_charge":72.35,"npi":[1114497864,1750859575,1992123046]}]}]},{"tin":{"type":"ein","value":"843662617"},"service_code":["11"],"billing_class":"professional","payments":[{"allowed_amount":20.34,"billing_code_modifier":[""],"providers":[{"billed_charge":49.00,"npi":[1811535974,1841760766]}]}]}]},{"name":"THERAPEUTIC PX 1\/> AREAS EACH 15 MIN EXERCISES","billing_code_type":"CPT","billing_code_type_version":"2020","billing_code":"97110","description":"THERAPEUTIC PX 1\/> AREAS EACH 15 MIN EXERCISES","allowed_amounts":[{"tin":{"type":"ein","value":"264288508"},"service_code":["11"],"billing_class":"professional","payments":[{"allowed_amount":74.19,"billing_code_modifier":[""],"providers":[{"billed_charge":150.00,"npi":[1073200051]}]}]},{"tin":{"type":"ein","value":"271765019"},"service_code":["10"],"billing_class":"professional","payments":[{"allowed_amount":88.52,"billing_code_modifier":[""],"providers":[{"billed_charge":88.52,"npi":[1093047409,1194771295,1508414830]}]}]},{"tin":{"type":"ein","value":"271906003"},"service_code":["11"],"billing_class":"professional","payments":[{"allowed_amount":42.18,"billing_code_modifier":[""],"providers":[{"billed_charge":65.00,"npi":[1396851457,1932422888]}]}]},{"tin":{"type":"ein","value":"274376654"},"service_code":["11"],"billing_class":"professional","payments":[{"allowed_amount":138.21,"billing_code_modifier":[""],"providers":[{"billed_charge":400.00,"npi":[1598702086]}]}]},{"tin":{"type":"ein","value":"300266181"},"service_code":["11"],"billing_class":"professional","payments":[{"allowed_amount":74.19,"billing_code_modifier":[""],"providers":[{"billed_charge":200.00,"npi":[1437482213]}]}]},{"tin":{"type":"ein","value":"363771769"},"service_code":["11"],"billing_class":"professional","payments":[{"allowed_amount":41.79,"billing_code_modifier":[""],"providers":[{"billed_charge":92.00,"npi":[1000000012,1033605357,1821085028,1992263123]}]}]},{"tin":{"type":"ein","value":"475433333"},"service_code":["11"],"billing_class":"professional","payments":[{"allowed_amount":74.19,"billing_code_modifier":[""],"providers":[{"billed_charge":172.62,"npi":[1508859844,1780490029,1871570309]}]}]},{"tin":{"type":"ein","value":"743195418"},"service_code":["11"],"billing_class":"professional","payments":[{"allowed_amount":106.20,"billing_code_modifier":[""],"providers":[{"billed_charge":210.00,"npi":[1194893610]}]}]},{"tin":{"type":"ein","value":"743195418"},"service_code":["11"],"billing_class":"professional","payments":[{"allowed_amount":138.21,"billing_code_modifier":[""],"providers":[{"billed_charge":280.00,"npi":[1194893610]}]}]},{"tin":{"type":"ein","value":"753202440"},"service_code":["11"],"billing_class":"professional","payments":[{"allowed_amount":42.18,"billing_code_modifier":[""],"providers":[{"billed_charge":97.85,"npi":[1003807967]}]}]},{"tin":{"type":"ein","value":"753202440"},"service_code":["11"],"billing_class":"professional","payments":[{"allowed_amount":138.21,"billing_code_modifier":[""],"providers":[{"billed_charge":391.40,"npi":[1003807967]}]}]},{"tin":{"type":"ein","value":"776235397"},"service_code":["11"],"billing_class":"professional","payments":[{"allowed_amount":74.19,"billing_code_modifier":[""],"providers":[{"billed_charge":170.00,"npi":[1649464637]}]}]},{"tin":{"type":"ein","value":"776235397"},"service_code":["11"],"billing_class":"professional","payments":[{"allowed_amount":106.20,"billing_code_modifier":[""],"providers":[{"billed_charge":255.00,"npi":[1649464637,1659473643]}]}]},{"tin":{"type":"ein","value":"814052538"},"service_code":["11"],"billing_class":"professional","payments":[{"allowed_amount":74.19,"billing_code_modifier":[""],"providers":[{"billed_charge":150.00,"npi":[1033652813,1538754353]}]}]},{"tin":{"type":"ein","value":"832619393"},"service_code":["11"],"billing_class":"professional","payments":[{"allowed_amount":42.18,"billing_code_modifier":[""],"providers":[{"billed_charge":80.00,"npi":[1114497864,1992123046]}]}]},{"tin":{"type":"ein","value":"832619393"},"service_code":["11"],"billing_class":"professional","payments":[{"allowed_amount":74.19,"billing_code_modifier":[""],"providers":[{"billed_charge":160.00,"npi":[1114497864,1295799674,1750859575,1992123046]}]}]},{"tin":{"type":"ein","value":"832619393"},"service_code":["11"],"billing_class":"professional","payments":[{"allowed_amount":106.20,"billing_code_modifier":[""],"providers":[{"billed_charge":240.00,"npi":[1114497864,1114568045,1750859575]}]}]},{"tin":{"type":"ein","value":"832628746"},"service_code":["11"],"billing_class":"professional","payments":[{"allowed_amount":74.19,"billing_code_modifier":[""],"providers":[{"billed_charge":118.00,"npi":[1730940750,1770886772]}]}]},{"tin":{"type":"ein","value":"845044322"},"service_code":["11"],"billing_class":"professional","payments":[{"allowed_amount":42.18,"billing_code_modifier":[""],"providers":[{"billed_charge":100.00,"npi":[1316919822,1952922668]}]}]},{"tin":{"type":"ein","value":"854216448"},"service_code":["11"],"billing_class":"professional","payments":[{"allowed_amount":106.20,"billing_code_modifier":[""],"providers":[{"billed_charge":150.00,"npi":[1013584507,1326066978]}]}]},{"tin":{"type":"ein","value":"860854776"},"service_code":["11"],"billing_class":"professional","payments":[{"allowed_amount":42.18,"billing_code_modifier":[""],"providers":[{"billed_charge":54.00,"npi":[1013957380]}]}]},{"tin":{"type":"ein","value":"861003167"},"service_code":["11"],"billing_class":"professional","payments":[{"allowed_amount":74.19,"billing_code_modifier":[""],"providers":[{"billed_charge":160.00,"npi":[1194392308,1528321569,1558318170]}]}]},{"tin":{"type":"ein","value":"900220235"},"service_code":["11"],"billing_class":"professional","payments":[{"allowed_amount":42.18,"billing_code_modifier":[""],"providers":[{"billed_charge":55.00,"npi":[1619951159]}]}]},{"tin":{"type":"ein","value":"990438610"},"service_code":["11"],"billing_class":"professional","payments":[{"allowed_amount":42.18,"billing_code_modifier":[""],"providers":[{"billed_charge":120.00,"npi":[1184247256,1326818360]}]}]}]},{"name":"TX SPEECH LANG VOICE COMMJ&\/AUD PROC DO INDIV","billing_code_type":"CPT","billing_code_type_version":"2020","billing_code":"92507","description":"TX SPEECH LANG VOICE COMMJ&\/AUD PROC DO INDIV","allowed_amounts":[{"tin":{"type":"ein","value":"271765019"},"service_code":["10"],"billing_class":"professional","payments":[{"allowed_amount":88.52,"billing_code_modifier":[""],"providers":[{"billed_charge":88.52,"npi":[1093047409,1194771295,1306251558]}]}]},{"tin":{"type":"ein","value":"460758517"},"service_code":["11"],"billing_class":"professional","payments":[{"allowed_amount":109.95,"billing_code_modifier":[""],"providers":[{"billed_charge":400.00,"npi":[1023081783,1326710948]}]}]},{"tin":{"type":"ein","value":"680632276"},"service_code":["10"],"billing_class":"professional","payments":[{"allowed_amount":109.95,"billing_code_modifier":[""],"providers":[{"billed_charge":140.00,"npi":[1154461762]}]}]},{"tin":{"type":"ein","value":"860867010"},"service_code":["11","12"],"billing_class":"professional","payments":[{"allowed_amount":109.95,"billing_code_modifier":[""],"providers":[{"billed_charge":340.00,"npi":[1023249323,1942440763,1972500437]}]}]}]}]}
