{"reporting_entity_name": "IEC Group_DBA AmeriBen",
	"reporting_entity_type": "Third Party Administrator",
	"plan_name": "SIGNATURE HEALTHCARE SERVICES",
	"plan_id_type": "ein",
	"plan_id": "383544748",
	"plan_market_type": "group",
	"last_updated_on": "2023-01-03","Version": "1.0.0","out_of_network":[{"name":"ADDL SUPL MATRL&STAF TM DRG PHE RES-TR NFCT DS","billing_code_type":"CPT","billing_code_type_version":"2020","billing_code":"99072","description":"ADDL SUPL MATRL&STAF TM DRG PHE RES-TR NFCT DS","allowed_amounts":[{"tin":{"type":"ein","value":"815053549"},"service_code":["11","81"],"billing_class":"professional","payments":[{"allowed_amount":0.00,"billing_code_modifier":[""],"providers":[{"billed_charge":50.00,"npi":[1699960633,1811558588]}]}]},{"tin":{"type":"ein","value":"861287804"},"service_code":["11","81"],"billing_class":"professional","payments":[{"allowed_amount":0.00,"billing_code_modifier":[""],"providers":[{"billed_charge":20.00,"npi":[1336191980,1952067027]}]}]}]},{"name":"CHIROPRACTIC MANIPLTV TX EXTRASPINAL 1\/> REGION","billing_code_type":"CPT","billing_code_type_version":"2020","billing_code":"98943","description":"CHIROPRACTIC MANIPLTV TX EXTRASPINAL 1\/> REGION","allowed_amounts":[{"tin":{"type":"ein","value":"852722579"},"service_code":["11"],"billing_class":"professional","payments":[{"allowed_amount":20.69,"billing_code_modifier":[""],"providers":[{"billed_charge":75.00,"npi":[1134708183,1932707106]}]}]}]},{"name":"ELEC STIM OTHER THAN WOUND","billing_code_type":"HCPCS","billing_code_type_version":"HCPCS LEVEL II 2021","billing_code":"G0283","description":"ELEC STIM OTHER THAN WOUND","allowed_amounts":[{"tin":{"type":"ein","value":"852722579"},"service_code":["11"],"billing_class":"professional","payments":[{"allowed_amount":9.25,"billing_code_modifier":[""],"providers":[{"billed_charge":50.00,"npi":[1134708183,1932707106]}]}]}]},{"name":"IA DET DNA\/RNA; COVID-19 AMP P T","billing_code_type":"HCPCS","billing_code_type_version":"HCPCS LEVEL II 2021","billing_code":"U0003","description":"IA DET DNA\/RNA; COVID-19 AMP P T","allowed_amounts":[{"tin":{"type":"ein","value":"464429957"},"service_code":["11"],"billing_class":"professional","payments":[{"allowed_amount":75.00,"billing_code_modifier":[""],"providers":[{"billed_charge":250.00,"npi":[1790191633,1962810762]}]}]},{"tin":{"type":"ein","value":"823971792"},"service_code":["81"],"billing_class":"professional","payments":[{"allowed_amount":75.00,"billing_code_modifier":[""],"providers":[{"billed_charge":150.00,"npi":[1114435492,1205376589]}]}]},{"tin":{"type":"ein","value":"825396237"},"service_code":["81"],"billing_class":"professional","payments":[{"allowed_amount":75.00,"billing_code_modifier":[""],"providers":[{"billed_charge":350.00,"npi":[1407816325,1740760966]}]}]},{"tin":{"type":"ein","value":"852364612"},"service_code":["81"],"billing_class":"professional","payments":[{"allowed_amount":75.00,"billing_code_modifier":[""],"providers":[{"billed_charge":225.00,"npi":[1740685387,1790386746]}]}]},{"tin":{"type":"ein","value":"861213775"},"service_code":["81"],"billing_class":"professional","payments":[{"allowed_amount":75.00,"billing_code_modifier":[""],"providers":[{"billed_charge":190.00,"npi":[1831780402,1942278676]}]}]},{"tin":{"type":"ein","value":"862097450"},"service_code":["81"],"billing_class":"professional","payments":[{"allowed_amount":75.00,"billing_code_modifier":[""],"providers":[{"billed_charge":187.50,"npi":[1033880224,1164484697]}]}]},{"tin":{"type":"ein","value":"872720757"},"service_code":["81"],"billing_class":"professional","payments":[{"allowed_amount":75.00,"billing_code_modifier":[""],"providers":[{"billed_charge":112.50,"npi":[1306418934,1306593595,1548287543]}]}]},{"tin":{"type":"ein","value":"873102949"},"service_code":["81"],"billing_class":"professional","payments":[{"allowed_amount":75.00,"billing_code_modifier":[""],"providers":[{"billed_charge":249.00,"npi":[1356005920,1841825965]}]}]},{"tin":{"type":"ein","value":"880099333"},"service_code":["81"],"billing_class":"professional","payments":[{"allowed_amount":75.00,"billing_code_modifier":[""],"providers":[{"billed_charge":100.00,"npi":[1043256886,1053785345,1205444510,1629571161,1750921920,1932732633]}]}]}]},{"name":"IADNA SARS-COV-2 COVID-19 AMPLIFIED PROBE TQ","billing_code_type":"CPT","billing_code_type_version":"2020","billing_code":"87635","description":"IADNA SARS-COV-2 COVID-19 AMPLIFIED PROBE TQ","allowed_amounts":[{"tin":{"type":"ein","value":"361924025"},"service_code":["81"],"billing_class":"professional","payments":[{"allowed_amount":51.31,"billing_code_modifier":[""],"providers":[{"billed_charge":100.00,"npi":[1205843182,1518257138,1588671465,1740416064,1760499644,1801842828,1851629786,1891700852,1942217823]}]}]}]},{"name":"INFEC AGEN DETEC AMPLI PROBE","billing_code_type":"HCPCS","billing_code_type_version":"HCPCS LEVEL II 2021","billing_code":"U0005","description":"INFEC AGEN DETEC AMPLI PROBE","allowed_amounts":[{"tin":{"type":"ein","value":"223938234"},"service_code":["81"],"billing_class":"professional","payments":[{"allowed_amount":25.00,"billing_code_modifier":[""],"providers":[{"billed_charge":75.00,"npi":[1477157725,1508800756]}]}]},{"tin":{"type":"ein","value":"464429957"},"service_code":["11"],"billing_class":"professional","payments":[{"allowed_amount":25.00,"billing_code_modifier":[""],"providers":[{"billed_charge":75.00,"npi":[1790191633,1962810762]}]}]},{"tin":{"type":"ein","value":"823971792"},"service_code":["81"],"billing_class":"professional","payments":[{"allowed_amount":25.00,"billing_code_modifier":[""],"providers":[{"billed_charge":37.50,"npi":[1114435492,1205376589]}]}]},{"tin":{"type":"ein","value":"825396237"},"service_code":["81"],"billing_class":"professional","payments":[{"allowed_amount":25.00,"billing_code_modifier":[""],"providers":[{"billed_charge":81.00,"npi":[1407816325,1740760966]}]}]},{"tin":{"type":"ein","value":"852364612"},"service_code":["81"],"billing_class":"professional","payments":[{"allowed_amount":25.00,"billing_code_modifier":[""],"providers":[{"billed_charge":75.00,"npi":[1740685387,1790386746]}]}]},{"tin":{"type":"ein","value":"861213775"},"service_code":["81"],"billing_class":"professional","payments":[{"allowed_amount":25.00,"billing_code_modifier":[""],"providers":[{"billed_charge":60.00,"npi":[1831780402,1942278676]}]}]},{"tin":{"type":"ein","value":"862097450"},"service_code":["81"],"billing_class":"professional","payments":[{"allowed_amount":25.00,"billing_code_modifier":[""],"providers":[{"billed_charge":62.50,"npi":[1033880224,1164484697]}]}]},{"tin":{"type":"ein","value":"872720757"},"service_code":["81"],"billing_class":"professional","payments":[{"allowed_amount":25.00,"billing_code_modifier":[""],"providers":[{"billed_charge":37.50,"npi":[1306418934,1306593595,1548287543]}]}]},{"tin":{"type":"ein","value":"873102949"},"service_code":["81"],"billing_class":"professional","payments":[{"allowed_amount":25.00,"billing_code_modifier":[""],"providers":[{"billed_charge":75.00,"npi":[1356005920,1841825965]}]}]},{"tin":{"type":"ein","value":"880099333"},"service_code":["81"],"billing_class":"professional","payments":[{"allowed_amount":25.00,"billing_code_modifier":[""],"providers":[{"billed_charge":25.00,"npi":[1043256886,1053785345,1205444510,1629571161,1750921920,1932732633]}]}]}]},{"name":"LABORATORY - CLINICAL DIAGNOSTIC","billing_code_type":"RC","billing_code_type_version":"UB04","billing_code":"0300","description":"LABORATORY - CLINICAL DIAGNOSTIC","allowed_amounts":[{"tin":{"type":"ein","value":"264472673"},"service_code":["23"],"billing_class":"institutional","payments":[{"allowed_amount":0.00,"billing_code_modifier":[""],"providers":[{"billed_charge":278.58,"npi":[1902171457]},{"billed_charge":301.00,"npi":[1902171457]},{"billed_charge":503.25,"npi":[1902171457]},{"billed_charge":1276.00,"npi":[1902171457]}]},{"allowed_amount":0.00,"billing_code_modifier":[""],"providers":[{"billed_charge":278.58,"npi":[1902171457]},{"billed_charge":301.00,"npi":[1902171457]},{"billed_charge":503.25,"npi":[1902171457]},{"billed_charge":1276.00,"npi":[1902171457]}]},{"allowed_amount":0.00,"billing_code_modifier":[""],"providers":[{"billed_charge":278.58,"npi":[1902171457]},{"billed_charge":301.00,"npi":[1902171457]},{"billed_charge":503.25,"npi":[1902171457]},{"billed_charge":1276.00,"npi":[1902171457]}]},{"allowed_amount":0.00,"billing_code_modifier":[""],"providers":[{"billed_charge":278.58,"npi":[1902171457]},{"billed_charge":301.00,"npi":[1902171457]},{"billed_charge":503.25,"npi":[1902171457]},{"billed_charge":1276.00,"npi":[1902171457]}]}]},{"tin":{"type":"ein","value":"264472673"},"service_code":["23"],"billing_class":"institutional","payments":[{"allowed_amount":0.00,"billing_code_modifier":[""],"providers":[{"billed_charge":278.58,"npi":[1902171457]},{"billed_charge":301.00,"npi":[1902171457]},{"billed_charge":503.25,"npi":[1902171457]},{"billed_charge":1276.00,"npi":[1902171457]}]},{"allowed_amount":0.00,"billing_code_modifier":[""],"providers":[{"billed_charge":278.58,"npi":[1902171457]},{"billed_charge":301.00,"npi":[1902171457]},{"billed_charge":503.25,"npi":[1902171457]},{"billed_charge":1276.00,"npi":[1902171457]}]},{"allowed_amount":0.00,"billing_code_modifier":[""],"providers":[{"billed_charge":278.58,"npi":[1902171457]},{"billed_charge":301.00,"npi":[1902171457]},{"billed_charge":503.25,"npi":[1902171457]},{"billed_charge":1276.00,"npi":[1902171457]}]},{"allowed_amount":0.00,"billing_code_modifier":[""],"providers":[{"billed_charge":278.58,"npi":[1902171457]},{"billed_charge":301.00,"npi":[1902171457]},{"billed_charge":503.25,"npi":[1902171457]},{"billed_charge":1276.00,"npi":[1902171457]}]}]},{"tin":{"type":"ein","value":"264472673"},"service_code":["23"],"billing_class":"institutional","payments":[{"allowed_amount":0.00,"billing_code_modifier":[""],"providers":[{"billed_charge":278.58,"npi":[1902171457]},{"billed_charge":301.00,"npi":[1902171457]},{"billed_charge":503.25,"npi":[1902171457]},{"billed_charge":1276.00,"npi":[1902171457]}]},{"allowed_amount":0.00,"billing_code_modifier":[""],"providers":[{"billed_charge":278.58,"npi":[1902171457]},{"billed_charge":301.00,"npi":[1902171457]},{"billed_charge":503.25,"npi":[1902171457]},{"billed_charge":1276.00,"npi":[1902171457]}]},{"allowed_amount":0.00,"billing_code_modifier":[""],"providers":[{"billed_charge":278.58,"npi":[1902171457]},{"billed_charge":301.00,"npi":[1902171457]},{"billed_charge":503.25,"npi":[1902171457]},{"billed_charge":1276.00,"npi":[1902171457]}]},{"allowed_amount":0.00,"billing_code_modifier":[""],"providers":[{"billed_charge":278.58,"npi":[1902171457]},{"billed_charge":301.00,"npi":[1902171457]},{"billed_charge":503.25,"npi":[1902171457]},{"billed_charge":1276.00,"npi":[1902171457]}]}]},{"tin":{"type":"ein","value":"264472673"},"service_code":["23"],"billing_class":"institutional","payments":[{"allowed_amount":0.00,"billing_code_modifier":[""],"providers":[{"billed_charge":278.58,"npi":[1902171457]},{"billed_charge":301.00,"npi":[1902171457]},{"billed_charge":503.25,"npi":[1902171457]},{"billed_charge":1276.00,"npi":[1902171457]}]},{"allowed_amount":0.00,"billing_code_modifier":[""],"providers":[{"billed_charge":278.58,"npi":[1902171457]},{"billed_charge":301.00,"npi":[1902171457]},{"billed_charge":503.25,"npi":[1902171457]},{"billed_charge":1276.00,"npi":[1902171457]}]},{"allowed_amount":0.00,"billing_code_modifier":[""],"providers":[{"billed_charge":278.58,"npi":[1902171457]},{"billed_charge":301.00,"npi":[1902171457]},{"billed_charge":503.25,"npi":[1902171457]},{"billed_charge":1276.00,"npi":[1902171457]}]},{"allowed_amount":0.00,"billing_code_modifier":[""],"providers":[{"billed_charge":278.58,"npi":[1902171457]},{"billed_charge":301.00,"npi":[1902171457]},{"billed_charge":503.25,"npi":[1902171457]},{"billed_charge":1276.00,"npi":[1902171457]}]}]},{"tin":{"type":"ein","value":"454435955"},"service_code":["23"],"billing_class":"institutional","payments":[{"allowed_amount":0.00,"billing_code_modifier":[""],"providers":[{"billed_charge":183.08,"npi":[1467897447]}]}]},{"tin":{"type":"ein","value":"473488271"},"service_code":["23"],"billing_class":"institutional","payments":[{"allowed_amount":0.00,"billing_code_modifier":[""],"providers":[{"billed_charge":40.00,"npi":[1104286780]},{"billed_charge":834.00,"npi":[1104286780]}]},{"allowed_amount":0.00,"billing_code_modifier":[""],"providers":[{"billed_charge":40.00,"npi":[1104286780]},{"billed_charge":834.00,"npi":[1104286780]}]}]},{"tin":{"type":"ein","value":"473488271"},"service_code":["23"],"billing_class":"institutional","payments":[{"allowed_amount":0.00,"billing_code_modifier":[""],"providers":[{"billed_charge":40.00,"npi":[1104286780]},{"billed_charge":834.00,"npi":[1104286780]}]},{"allowed_amount":0.00,"billing_code_modifier":[""],"providers":[{"billed_charge":40.00,"npi":[1104286780]},{"billed_charge":834.00,"npi":[1104286780]}]}]},{"tin":{"type":"ein","value":"474017300"},"service_code":["23"],"billing_class":"institutional","payments":[{"allowed_amount":0.00,"billing_code_modifier":[""],"providers":[{"billed_charge":77.26,"npi":[1609248186]},{"billed_charge":326.10,"npi":[1609248186]},{"billed_charge":465.86,"npi":[1609248186]},{"billed_charge":1240.50,"npi":[1609248186]},{"billed_charge":7989.20,"npi":[1609248186]}]},{"allowed_amount":0.00,"billing_code_modifier":[""],"providers":[{"billed_charge":77.26,"npi":[1609248186]},{"billed_charge":326.10,"npi":[1609248186]},{"billed_charge":465.86,"npi":[1609248186]},{"billed_charge":1240.50,"npi":[1609248186]},{"billed_charge":7989.20,"npi":[1609248186]}]},{"allowed_amount":0.00,"billing_code_modifier":[""],"providers":[{"billed_charge":77.26,"npi":[1609248186]},{"billed_charge":326.10,"npi":[1609248186]},{"billed_charge":465.86,"npi":[1609248186]},{"billed_charge":1240.50,"npi":[1609248186]},{"billed_charge":7989.20,"npi":[1609248186]}]},{"allowed_amount":0.00,"billing_code_modifier":[""],"providers":[{"billed_charge":77.26,"npi":[1609248186]},{"billed_charge":326.10,"npi":[1609248186]},{"billed_charge":465.86,"npi":[1609248186]},{"billed_charge":1240.50,"npi":[1609248186]},{"billed_charge":7989.20,"npi":[1609248186]}]},{"allowed_amount":0.00,"billing_code_modifier":[""],"providers":[{"billed_charge":77.26,"npi":[1609248186]},{"billed_charge":326.10,"npi":[1609248186]},{"billed_charge":465.86,"npi":[1609248186]},{"billed_charge":1240.50,"npi":[1609248186]},{"billed_charge":7989.20,"npi":[1609248186]}]}]},{"tin":{"type":"ein","value":"474017300"},"service_code":["23"],"billing_class":"institutional","payments":[{"allowed_amount":0.00,"billing_code_modifier":[""],"providers":[{"billed_charge":77.26,"npi":[1609248186]},{"billed_charge":326.10,"npi":[1609248186]},{"billed_charge":465.86,"npi":[1609248186]},{"billed_charge":1240.50,"npi":[1609248186]},{"billed_charge":7989.20,"npi":[1609248186]}]},{"allowed_amount":0.00,"billing_code_modifier":[""],"providers":[{"billed_charge":77.26,"npi":[1609248186]},{"billed_charge":326.10,"npi":[1609248186]},{"billed_charge":465.86,"npi":[1609248186]},{"billed_charge":1240.50,"npi":[1609248186]},{"billed_charge":7989.20,"npi":[1609248186]}]},{"allowed_amount":0.00,"billing_code_modifier":[""],"providers":[{"billed_charge":77.26,"npi":[1609248186]},{"billed_charge":326.10,"npi":[1609248186]},{"billed_charge":465.86,"npi":[1609248186]},{"billed_charge":1240.50,"npi":[1609248186]},{"billed_charge":7989.20,"npi":[1609248186]}]},{"allowed_amount":0.00,"billing_code_modifier":[""],"providers":[{"billed_charge":77.26,"npi":[1609248186]},{"billed_charge":326.10,"npi":[1609248186]},{"billed_charge":465.86,"npi":[1609248186]},{"billed_charge":1240.50,"npi":[1609248186]},{"billed_charge":7989.20,"npi":[1609248186]}]},{"allowed_amount":0.00,"billing_code_modifier":[""],"providers":[{"billed_charge":77.26,"npi":[1609248186]},{"billed_charge":326.10,"npi":[1609248186]},{"billed_charge":465.86,"npi":[1609248186]},{"billed_charge":1240.50,"npi":[1609248186]},{"billed_charge":7989.20,"npi":[1609248186]}]}]},{"tin":{"type":"ein","value":"474017300"},"service_code":["23"],"billing_class":"institutional","payments":[{"allowed_amount":0.00,"billing_code_modifier":[""],"providers":[{"billed_charge":77.26,"npi":[1609248186]},{"billed_charge":326.10,"npi":[1609248186]},{"billed_charge":465.86,"npi":[1609248186]},{"billed_charge":1240.50,"npi":[1609248186]},{"billed_charge":7989.20,"npi":[1609248186]}]},{"allowed_amount":0.00,"billing_code_modifier":[""],"providers":[{"billed_charge":77.26,"npi":[1609248186]},{"billed_charge":326.10,"npi":[1609248186]},{"billed_charge":465.86,"npi":[1609248186]},{"billed_charge":1240.50,"npi":[1609248186]},{"billed_charge":7989.20,"npi":[1609248186]}]},{"allowed_amount":0.00,"billing_code_modifier":[""],"providers":[{"billed_charge":77.26,"npi":[1609248186]},{"billed_charge":326.10,"npi":[1609248186]},{"billed_charge":465.86,"npi":[1609248186]},{"billed_charge":1240.50,"npi":[1609248186]},{"billed_charge":7989.20,"npi":[1609248186]}]},{"allowed_amount":0.00,"billing_code_modifier":[""],"providers":[{"billed_charge":77.26,"npi":[1609248186]},{"billed_charge":326.10,"npi":[1609248186]},{"billed_charge":465.86,"npi":[1609248186]},{"billed_charge":1240.50,"npi":[1609248186]},{"billed_charge":7989.20,"npi":[1609248186]}]},{"allowed_amount":0.00,"billing_code_modifier":[""],"providers":[{"billed_charge":77.26,"npi":[1609248186]},{"billed_charge":326.10,"npi":[1609248186]},{"billed_charge":465.86,"npi":[1609248186]},{"billed_charge":1240.50,"npi":[1609248186]},{"billed_charge":7989.20,"npi":[1609248186]}]}]},{"tin":{"type":"ein","value":"474017300"},"service_code":["23"],"billing_class":"institutional","payments":[{"allowed_amount":0.00,"billing_code_modifier":[""],"providers":[{"billed_charge":77.26,"npi":[1609248186]},{"billed_charge":326.10,"npi":[1609248186]},{"billed_charge":465.86,"npi":[1609248186]},{"billed_charge":1240.50,"npi":[1609248186]},{"billed_charge":7989.20,"npi":[1609248186]}]},{"allowed_amount":0.00,"billing_code_modifier":[""],"providers":[{"billed_charge":77.26,"npi":[1609248186]},{"billed_charge":326.10,"npi":[1609248186]},{"billed_charge":465.86,"npi":[1609248186]},{"billed_charge":1240.50,"npi":[1609248186]},{"billed_charge":7989.20,"npi":[1609248186]}]},{"allowed_amount":0.00,"billing_code_modifier":[""],"providers":[{"billed_charge":77.26,"npi":[1609248186]},{"billed_charge":326.10,"npi":[1609248186]},{"billed_charge":465.86,"npi":[1609248186]},{"billed_charge":1240.50,"npi":[1609248186]},{"billed_charge":7989.20,"npi":[1609248186]}]},{"allowed_amount":0.00,"billing_code_modifier":[""],"providers":[{"billed_charge":77.26,"npi":[1609248186]},{"billed_charge":326.10,"npi":[1609248186]},{"billed_charge":465.86,"npi":[1609248186]},{"billed_charge":1240.50,"npi":[1609248186]},{"billed_charge":7989.20,"npi":[1609248186]}]},{"allowed_amount":0.00,"billing_code_modifier":[""],"providers":[{"billed_charge":77.26,"npi":[1609248186]},{"billed_charge":326.10,"npi":[1609248186]},{"billed_charge":465.86,"npi":[1609248186]},{"billed_charge":1240.50,"npi":[1609248186]},{"billed_charge":7989.20,"npi":[1609248186]}]}]},{"tin":{"type":"ein","value":"474017300"},"service_code":["23"],"billing_class":"institutional","payments":[{"allowed_amount":0.00,"billing_code_modifier":[""],"providers":[{"billed_charge":77.26,"npi":[1609248186]},{"billed_charge":326.10,"npi":[1609248186]},{"billed_charge":465.86,"npi":[1609248186]},{"billed_charge":1240.50,"npi":[1609248186]},{"billed_charge":7989.20,"npi":[1609248186]}]},{"allowed_amount":0.00,"billing_code_modifier":[""],"providers":[{"billed_charge":77.26,"npi":[1609248186]},{"billed_charge":326.10,"npi":[1609248186]},{"billed_charge":465.86,"npi":[1609248186]},{"billed_charge":1240.50,"npi":[1609248186]},{"billed_charge":7989.20,"npi":[1609248186]}]},{"allowed_amount":0.00,"billing_code_modifier":[""],"providers":[{"billed_charge":77.26,"npi":[1609248186]},{"billed_charge":326.10,"npi":[1609248186]},{"billed_charge":465.86,"npi":[1609248186]},{"billed_charge":1240.50,"npi":[1609248186]},{"billed_charge":7989.20,"npi":[1609248186]}]},{"allowed_amount":0.00,"billing_code_modifier":[""],"providers":[{"billed_charge":77.26,"npi":[1609248186]},{"billed_charge":326.10,"npi":[1609248186]},{"billed_charge":465.86,"npi":[1609248186]},{"billed_charge":1240.50,"npi":[1609248186]},{"billed_charge":7989.20,"npi":[1609248186]}]},{"allowed_amount":0.00,"billing_code_modifier":[""],"providers":[{"billed_charge":77.26,"npi":[1609248186]},{"billed_charge":326.10,"npi":[1609248186]},{"billed_charge":465.86,"npi":[1609248186]},{"billed_charge":1240.50,"npi":[1609248186]},{"billed_charge":7989.20,"npi":[1609248186]}]}]},{"tin":{"type":"ein","value":"815287624"},"service_code":["23"],"billing_class":"institutional","payments":[{"allowed_amount":0.00,"billing_code_modifier":[""],"providers":[{"billed_charge":30.87,"npi":[1174059208]},{"billed_charge":59.54,"npi":[1174059208]},{"billed_charge":89.30,"npi":[1174059208]},{"billed_charge":100.33,"npi":[1174059208]},{"billed_charge":109.15,"npi":[1174059208]},{"billed_charge":146.63,"npi":[1174059208]}]},{"allowed_amount":0.00,"billing_code_modifier":[""],"providers":[{"billed_charge":30.87,"npi":[1174059208]},{"billed_charge":59.54,"npi":[1174059208]},{"billed_charge":89.30,"npi":[1174059208]},{"billed_charge":100.33,"npi":[1174059208]},{"billed_charge":109.15,"npi":[1174059208]},{"billed_charge":146.63,"npi":[1174059208]}]},{"allowed_amount":0.00,"billing_code_modifier":[""],"providers":[{"billed_charge":30.87,"npi":[1174059208]},{"billed_charge":59.54,"npi":[1174059208]},{"billed_charge":89.30,"npi":[1174059208]},{"billed_charge":100.33,"npi":[1174059208]},{"billed_charge":109.15,"npi":[1174059208]},{"billed_charge":146.63,"npi":[1174059208]}]},{"allowed_amount":0.00,"billing_code_modifier":[""],"providers":[{"billed_charge":30.87,"npi":[1174059208]},{"billed_charge":59.54,"npi":[1174059208]},{"billed_charge":89.30,"npi":[1174059208]},{"billed_charge":100.33,"npi":[1174059208]},{"billed_charge":109.15,"npi":[1174059208]},{"billed_charge":146.63,"npi":[1174059208]}]},{"allowed_amount":0.00,"billing_code_modifier":[""],"providers":[{"billed_charge":30.87,"npi":[1174059208]},{"billed_charge":59.54,"npi":[1174059208]},{"billed_charge":89.30,"npi":[1174059208]},{"billed_charge":100.33,"npi":[1174059208]},{"billed_charge":109.15,"npi":[1174059208]},{"billed_charge":146.63,"npi":[1174059208]}]},{"allowed_amount":0.00,"billing_code_modifier":[""],"providers":[{"billed_charge":30.87,"npi":[1174059208]},{"billed_charge":59.54,"npi":[1174059208]},{"billed_charge":89.30,"npi":[1174059208]},{"billed_charge":100.33,"npi":[1174059208]},{"billed_charge":109.15,"npi":[1174059208]},{"billed_charge":146.63,"npi":[1174059208]}]}]},{"tin":{"type":"ein","value":"815287624"},"service_code":["23"],"billing_class":"institutional","payments":[{"allowed_amount":0.00,"billing_code_modifier":[""],"providers":[{"billed_charge":30.87,"npi":[1174059208]},{"billed_charge":59.54,"npi":[1174059208]},{"billed_charge":89.30,"npi":[1174059208]},{"billed_charge":100.33,"npi":[1174059208]},{"billed_charge":109.15,"npi":[1174059208]},{"billed_charge":146.63,"npi":[1174059208]}]},{"allowed_amount":0.00,"billing_code_modifier":[""],"providers":[{"billed_charge":30.87,"npi":[1174059208]},{"billed_charge":59.54,"npi":[1174059208]},{"billed_charge":89.30,"npi":[1174059208]},{"billed_charge":100.33,"npi":[1174059208]},{"billed_charge":109.15,"npi":[1174059208]},{"billed_charge":146.63,"npi":[1174059208]}]},{"allowed_amount":0.00,"billing_code_modifier":[""],"providers":[{"billed_charge":30.87,"npi":[1174059208]},{"billed_charge":59.54,"npi":[1174059208]},{"billed_charge":89.30,"npi":[1174059208]},{"billed_charge":100.33,"npi":[1174059208]},{"billed_charge":109.15,"npi":[1174059208]},{"billed_charge":146.63,"npi":[1174059208]}]},{"allowed_amount":0.00,"billing_code_modifier":[""],"providers":[{"billed_charge":30.87,"npi":[1174059208]},{"billed_charge":59.54,"npi":[1174059208]},{"billed_charge":89.30,"npi":[1174059208]},{"billed_charge":100.33,"npi":[1174059208]},{"billed_charge":109.15,"npi":[1174059208]},{"billed_charge":146.63,"npi":[1174059208]}]},{"allowed_amount":0.00,"billing_code_modifier":[""],"providers":[{"billed_charge":30.87,"npi":[1174059208]},{"billed_charge":59.54,"npi":[1174059208]},{"billed_charge":89.30,"npi":[1174059208]},{"billed_charge":100.33,"npi":[1174059208]},{"billed_charge":109.15,"npi":[1174059208]},{"billed_charge":146.63,"npi":[1174059208]}]},{"allowed_amount":0.00,"billing_code_modifier":[""],"providers":[{"billed_charge":30.87,"npi":[1174059208]},{"billed_charge":59.54,"npi":[1174059208]},{"billed_charge":89.30,"npi":[1174059208]},{"billed_charge":100.33,"npi":[1174059208]},{"billed_charge":109.15,"npi":[1174059208]},{"billed_charge":146.63,"npi":[1174059208]}]}]},{"tin":{"type":"ein","value":"815287624"},"service_code":["23"],"billing_class":"institutional","payments":[{"allowed_amount":0.00,"billing_code_modifier":[""],"providers":[{"billed_charge":30.87,"npi":[1174059208]},{"billed_charge":59.54,"npi":[1174059208]},{"billed_charge":89.30,"npi":[1174059208]},{"billed_charge":100.33,"npi":[1174059208]},{"billed_charge":109.15,"npi":[1174059208]},{"billed_charge":146.63,"npi":[1174059208]}]},{"allowed_amount":0.00,"billing_code_modifier":[""],"providers":[{"billed_charge":30.87,"npi":[1174059208]},{"billed_charge":59.54,"npi":[1174059208]},{"billed_charge":89.30,"npi":[1174059208]},{"billed_charge":100.33,"npi":[1174059208]},{"billed_charge":109.15,"npi":[1174059208]},{"billed_charge":146.63,"npi":[1174059208]}]},{"allowed_amount":0.00,"billing_code_modifier":[""],"providers":[{"billed_charge":30.87,"npi":[1174059208]},{"billed_charge":59.54,"npi":[1174059208]},{"billed_charge":89.30,"npi":[1174059208]},{"billed_charge":100.33,"npi":[1174059208]},{"billed_charge":109.15,"npi":[1174059208]},{"billed_charge":146.63,"npi":[1174059208]}]},{"allowed_amount":0.00,"billing_code_modifier":[""],"providers":[{"billed_charge":30.87,"npi":[1174059208]},{"billed_charge":59.54,"npi":[1174059208]},{"billed_charge":89.30,"npi":[1174059208]},{"billed_charge":100.33,"npi":[1174059208]},{"billed_charge":109.15,"npi":[1174059208]},{"billed_charge":146.63,"npi":[1174059208]}]},{"allowed_amount":0.00,"billing_code_modifier":[""],"providers":[{"billed_charge":30.87,"npi":[1174059208]},{"billed_charge":59.54,"npi":[1174059208]},{"billed_charge":89.30,"npi":[1174059208]},{"billed_charge":100.33,"npi":[1174059208]},{"billed_charge":109.15,"npi":[1174059208]},{"billed_charge":146.63,"npi":[1174059208]}]},{"allowed_amount":0.00,"billing_code_modifier":[""],"providers":[{"billed_charge":30.87,"npi":[1174059208]},{"billed_charge":59.54,"npi":[1174059208]},{"billed_charge":89.30,"npi":[1174059208]},{"billed_charge":100.33,"npi":[1174059208]},{"billed_charge":109.15,"npi":[1174059208]},{"billed_charge":146.63,"npi":[1174059208]}]}]},{"tin":{"type":"ein","value":"815287624"},"service_code":["23"],"billing_class":"institutional","payments":[{"allowed_amount":0.00,"billing_code_modifier":[""],"providers":[{"billed_charge":30.87,"npi":[1174059208]},{"billed_charge":59.54,"npi":[1174059208]},{"billed_charge":89.30,"npi":[1174059208]},{"billed_charge":100.33,"npi":[1174059208]},{"billed_charge":109.15,"npi":[1174059208]},{"billed_charge":146.63,"npi":[1174059208]}]},{"allowed_amount":0.00,"billing_code_modifier":[""],"providers":[{"billed_charge":30.87,"npi":[1174059208]},{"billed_charge":59.54,"npi":[1174059208]},{"billed_charge":89.30,"npi":[1174059208]},{"billed_charge":100.33,"npi":[1174059208]},{"billed_charge":109.15,"npi":[1174059208]},{"billed_charge":146.63,"npi":[1174059208]}]},{"allowed_amount":0.00,"billing_code_modifier":[""],"providers":[{"billed_charge":30.87,"npi":[1174059208]},{"billed_charge":59.54,"npi":[1174059208]},{"billed_charge":89.30,"npi":[1174059208]},{"billed_charge":100.33,"npi":[1174059208]},{"billed_charge":109.15,"npi":[1174059208]},{"billed_charge":146.63,"npi":[1174059208]}]},{"allowed_amount":0.00,"billing_code_modifier":[""],"providers":[{"billed_charge":30.87,"npi":[1174059208]},{"billed_charge":59.54,"npi":[1174059208]},{"billed_charge":89.30,"npi":[1174059208]},{"billed_charge":100.33,"npi":[1174059208]},{"billed_charge":109.15,"npi":[1174059208]},{"billed_charge":146.63,"npi":[1174059208]}]},{"allowed_amount":0.00,"billing_code_modifier":[""],"providers":[{"billed_charge":30.87,"npi":[1174059208]},{"billed_charge":59.54,"npi":[1174059208]},{"billed_charge":89.30,"npi":[1174059208]},{"billed_charge":100.33,"npi":[1174059208]},{"billed_charge":109.15,"npi":[1174059208]},{"billed_charge":146.63,"npi":[1174059208]}]},{"allowed_amount":0.00,"billing_code_modifier":[""],"providers":[{"billed_charge":30.87,"npi":[1174059208]},{"billed_charge":59.54,"npi":[1174059208]},{"billed_charge":89.30,"npi":[1174059208]},{"billed_charge":100.33,"npi":[1174059208]},{"billed_charge":109.15,"npi":[1174059208]},{"billed_charge":146.63,"npi":[1174059208]}]}]},{"tin":{"type":"ein","value":"815287624"},"service_code":["23"],"billing_class":"institutional","payments":[{"allowed_amount":0.00,"billing_code_modifier":[""],"providers":[{"billed_charge":30.87,"npi":[1174059208]},{"billed_charge":59.54,"npi":[1174059208]},{"billed_charge":89.30,"npi":[1174059208]},{"billed_charge":100.33,"npi":[1174059208]},{"billed_charge":109.15,"npi":[1174059208]},{"billed_charge":146.63,"npi":[1174059208]}]},{"allowed_amount":0.00,"billing_code_modifier":[""],"providers":[{"billed_charge":30.87,"npi":[1174059208]},{"billed_charge":59.54,"npi":[1174059208]},{"billed_charge":89.30,"npi":[1174059208]},{"billed_charge":100.33,"npi":[1174059208]},{"billed_charge":109.15,"npi":[1174059208]},{"billed_charge":146.63,"npi":[1174059208]}]},{"allowed_amount":0.00,"billing_code_modifier":[""],"providers":[{"billed_charge":30.87,"npi":[1174059208]},{"billed_charge":59.54,"npi":[1174059208]},{"billed_charge":89.30,"npi":[1174059208]},{"billed_charge":100.33,"npi":[1174059208]},{"billed_charge":109.15,"npi":[1174059208]},{"billed_charge":146.63,"npi":[1174059208]}]},{"allowed_amount":0.00,"billing_code_modifier":[""],"providers":[{"billed_charge":30.87,"npi":[1174059208]},{"billed_charge":59.54,"npi":[1174059208]},{"billed_charge":89.30,"npi":[1174059208]},{"billed_charge":100.33,"npi":[1174059208]},{"billed_charge":109.15,"npi":[1174059208]},{"billed_charge":146.63,"npi":[1174059208]}]},{"allowed_amount":0.00,"billing_code_modifier":[""],"providers":[{"billed_charge":30.87,"npi":[1174059208]},{"billed_charge":59.54,"npi":[1174059208]},{"billed_charge":89.30,"npi":[1174059208]},{"billed_charge":100.33,"npi":[1174059208]},{"billed_charge":109.15,"npi":[1174059208]},{"billed_charge":146.63,"npi":[1174059208]}]},{"allowed_amount":0.00,"billing_code_modifier":[""],"providers":[{"billed_charge":30.87,"npi":[1174059208]},{"billed_charge":59.54,"npi":[1174059208]},{"billed_charge":89.30,"npi":[1174059208]},{"billed_charge":100.33,"npi":[1174059208]},{"billed_charge":109.15,"npi":[1174059208]},{"billed_charge":146.63,"npi":[1174059208]}]}]},{"tin":{"type":"ein","value":"815287624"},"service_code":["23"],"billing_class":"institutional","payments":[{"allowed_amount":0.00,"billing_code_modifier":[""],"providers":[{"billed_charge":30.87,"npi":[1174059208]},{"billed_charge":59.54,"npi":[1174059208]},{"billed_charge":89.30,"npi":[1174059208]},{"billed_charge":100.33,"npi":[1174059208]},{"billed_charge":109.15,"npi":[1174059208]},{"billed_charge":146.63,"npi":[1174059208]}]},{"allowed_amount":0.00,"billing_code_modifier":[""],"providers":[{"billed_charge":30.87,"npi":[1174059208]},{"billed_charge":59.54,"npi":[1174059208]},{"billed_charge":89.30,"npi":[1174059208]},{"billed_charge":100.33,"npi":[1174059208]},{"billed_charge":109.15,"npi":[1174059208]},{"billed_charge":146.63,"npi":[1174059208]}]},{"allowed_amount":0.00,"billing_code_modifier":[""],"providers":[{"billed_charge":30.87,"npi":[1174059208]},{"billed_charge":59.54,"npi":[1174059208]},{"billed_charge":89.30,"npi":[1174059208]},{"billed_charge":100.33,"npi":[1174059208]},{"billed_charge":109.15,"npi":[1174059208]},{"billed_charge":146.63,"npi":[1174059208]}]},{"allowed_amount":0.00,"billing_code_modifier":[""],"providers":[{"billed_charge":30.87,"npi":[1174059208]},{"billed_charge":59.54,"npi":[1174059208]},{"billed_charge":89.30,"npi":[1174059208]},{"billed_charge":100.33,"npi":[1174059208]},{"billed_charge":109.15,"npi":[1174059208]},{"billed_charge":146.63,"npi":[1174059208]}]},{"allowed_amount":0.00,"billing_code_modifier":[""],"providers":[{"billed_charge":30.87,"npi":[1174059208]},{"billed_charge":59.54,"npi":[1174059208]},{"billed_charge":89.30,"npi":[1174059208]},{"billed_charge":100.33,"npi":[1174059208]},{"billed_charge":109.15,"npi":[1174059208]},{"billed_charge":146.63,"npi":[1174059208]}]},{"allowed_amount":0.00,"billing_code_modifier":[""],"providers":[{"billed_charge":30.87,"npi":[1174059208]},{"billed_charge":59.54,"npi":[1174059208]},{"billed_charge":89.30,"npi":[1174059208]},{"billed_charge":100.33,"npi":[1174059208]},{"billed_charge":109.15,"npi":[1174059208]},{"billed_charge":146.63,"npi":[1174059208]}]}]},{"tin":{"type":"ein","value":"822437084"},"service_code":["23"],"billing_class":"institutional","payments":[{"allowed_amount":0.00,"billing_code_modifier":[""],"providers":[{"billed_charge":100.00,"npi":[1205342755]}]}]},{"tin":{"type":"ein","value":"824884205"},"service_code":["23"],"billing_class":"institutional","payments":[{"allowed_amount":0.00,"billing_code_modifier":[""],"providers":[{"billed_charge":256.55,"npi":[1295223477]},{"billed_charge":514.83,"npi":[1295223477]}]},{"allowed_amount":0.00,"billing_code_modifier":[""],"providers":[{"billed_charge":256.55,"npi":[1295223477]},{"billed_charge":514.83,"npi":[1295223477]}]}]},{"tin":{"type":"ein","value":"824884205"},"service_code":["23"],"billing_class":"institutional","payments":[{"allowed_amount":0.00,"billing_code_modifier":[""],"providers":[{"billed_charge":256.55,"npi":[1295223477]},{"billed_charge":514.83,"npi":[1295223477]}]},{"allowed_amount":0.00,"billing_code_modifier":[""],"providers":[{"billed_charge":256.55,"npi":[1295223477]},{"billed_charge":514.83,"npi":[1295223477]}]}]},{"tin":{"type":"ein","value":"861337129"},"service_code":["23"],"billing_class":"institutional","payments":[{"allowed_amount":0.00,"billing_code_modifier":[""],"providers":[{"billed_charge":1059.39,"npi":[1871170753]}]}]}]},{"name":"SELF-CARE\/HOME MGMT TRAINING EACH 15 MINUTES","billing_code_type":"CPT","billing_code_type_version":"2020","billing_code":"97535","description":"SELF-CARE\/HOME MGMT TRAINING EACH 15 MINUTES","allowed_amounts":[{"tin":{"type":"ein","value":"260426090"},"service_code":["12"],"billing_class":"professional","payments":[{"allowed_amount":111.72,"billing_code_modifier":[""],"providers":[{"billed_charge":410.00,"npi":[1679563282,1730388828]}]}]},{"tin":{"type":"ein","value":"260426090"},"service_code":["12"],"billing_class":"professional","payments":[{"allowed_amount":112.64,"billing_code_modifier":[""],"providers":[{"billed_charge":410.00,"npi":[1679563282,1730388828]}]}]}]},{"name":"SPECIMEN COLLECT COVID-19","billing_code_type":"HCPCS","billing_code_type_version":"HCPCS LEVEL II 2021","billing_code":"G2023","description":"SPECIMEN COLLECT COVID-19","allowed_amounts":[{"tin":{"type":"ein","value":"223938234"},"service_code":["81"],"billing_class":"professional","payments":[{"allowed_amount":23.46,"billing_code_modifier":[""],"providers":[{"billed_charge":75.00,"npi":[1477157725,1508800756]}]}]},{"tin":{"type":"ein","value":"361924025"},"service_code":["21","81"],"billing_class":"professional","payments":[{"allowed_amount":23.46,"billing_code_modifier":[""],"providers":[{"billed_charge":28.99,"npi":[1205843182,1518257138,1588671465,1740416064,1760499644,1801842828,1851629786,1891700852,1942217823]}]}]},{"tin":{"type":"ein","value":"464429957"},"service_code":["11"],"billing_class":"professional","payments":[{"allowed_amount":23.46,"billing_code_modifier":[""],"providers":[{"billed_charge":65.00,"npi":[1790191633,1962810762]}]}]},{"tin":{"type":"ein","value":"861287804"},"service_code":["11","81"],"billing_class":"professional","payments":[{"allowed_amount":23.46,"billing_code_modifier":[""],"providers":[{"billed_charge":75.00,"npi":[1336191980,1952067027]}]}]},{"tin":{"type":"ein","value":"862097450"},"service_code":["81"],"billing_class":"professional","payments":[{"allowed_amount":23.46,"billing_code_modifier":[""],"providers":[{"billed_charge":58.65,"npi":[1033880224,1164484697]}]}]}]},{"name":"THERAPEUTIC PX 1\/> AREAS EACH 15 MIN EXERCISES","billing_code_type":"CPT","billing_code_type_version":"2020","billing_code":"97110","description":"THERAPEUTIC PX 1\/> AREAS EACH 15 MIN EXERCISES","allowed_amounts":[{"tin":{"type":"ein","value":"852722579"},"service_code":["11"],"billing_class":"professional","payments":[{"allowed_amount":51.10,"billing_code_modifier":[""],"providers":[{"billed_charge":150.00,"npi":[1134708183,1932707106]}]}]}]}]}
