{"reporting_entity_name": "IEC Group_DBA AmeriBen",
	"reporting_entity_type": "Third Party Administrator",
	"plan_name": "S NEW HAMPSHIRE HEALTH SYSTEM",
	"plan_id_type": "ein",
	"plan_id": "020483054",
	"plan_market_type": "group",
	"last_updated_on": "2023-09-01","Version": "1.0.0","out_of_network":[{"name":"ADAPTIVE BEHAVIOR TX BY PROTOCOL TECH EA 15 MIN","billing_code_type":"CPT","billing_code_type_version":"2020","billing_code":"97153","description":"ADAPTIVE BEHAVIOR TX BY PROTOCOL TECH EA 15 MIN","allowed_amounts":[{"tin":{"type":"ein","value":"863661185"},"service_code":["03","12"],"billing_class":"professional","payments":[{"allowed_amount":2052.00,"billing_code_modifier":[""],"providers":[{"billed_charge":2280.00,"npi":[1306318415,1386060200,1972187250]}]}]}]}]}
