{"reporting_entity_name": "IEC Group_DBA AmeriBen",
	"reporting_entity_type": "Third Party Administrator",
	"plan_name": "TECK AMERICAN INCORPORATED",
	"plan_id_type": "ein",
	"plan_id": "261974324",
	"plan_market_type": "group",
	"last_updated_on": "2025-09-01","Version": "1.0.0","out_of_network":[{"name":"PSYCHIATRIC\/PSYCHOLOGICAL SVCS: PARTIAL HOSP - LES","billing_code_type":"RC","billing_code_type_version":"UB04","billing_code":"0912","description":"PSYCHIATRIC\/PSYCHOLOGICAL SVCS: PARTIAL HOSP - LES","allowed_amounts":[{"tin":{"type":"ein","value":"921420636"},"service_code":["22"],"billing_class":"institutional","payments":[{"allowed_amount":525.00,"billing_code_modifier":[""],"providers":[{"billed_charge":3163.00,"npi":[1902518848]},{"billed_charge":3795.60,"npi":[1902518848]}]},{"allowed_amount":525.00,"billing_code_modifier":[""],"providers":[{"billed_charge":3163.00,"npi":[1902518848]},{"billed_charge":3795.60,"npi":[1902518848]}]}]},{"tin":{"type":"ein","value":"921420636"},"service_code":["22"],"billing_class":"institutional","payments":[{"allowed_amount":525.00,"billing_code_modifier":[""],"providers":[{"billed_charge":3163.00,"npi":[1902518848]},{"billed_charge":3795.60,"npi":[1902518848]}]},{"allowed_amount":525.00,"billing_code_modifier":[""],"providers":[{"billed_charge":3163.00,"npi":[1902518848]},{"billed_charge":3795.60,"npi":[1902518848]}]}]}]},{"name":"PSYCHIATRIC\/PSYCHOLOGICAL TRT: INTENSIVE OUT SERV","billing_code_type":"RC","billing_code_type_version":"UB04","billing_code":"0906","description":"PSYCHIATRIC\/PSYCHOLOGICAL TRT: INTENSIVE OUT SERV","allowed_amounts":[{"tin":{"type":"ein","value":"921420636"},"service_code":["22"],"billing_class":"institutional","payments":[{"allowed_amount":215.00,"billing_code_modifier":[""],"providers":[{"billed_charge":1953.00,"npi":[1902518848]},{"billed_charge":2343.60,"npi":[1902518848]}]},{"allowed_amount":215.00,"billing_code_modifier":[""],"providers":[{"billed_charge":1953.00,"npi":[1902518848]},{"billed_charge":2343.60,"npi":[1902518848]}]}]},{"tin":{"type":"ein","value":"921420636"},"service_code":["22"],"billing_class":"institutional","payments":[{"allowed_amount":215.00,"billing_code_modifier":[""],"providers":[{"billed_charge":1953.00,"npi":[1902518848]},{"billed_charge":2343.60,"npi":[1902518848]}]},{"allowed_amount":215.00,"billing_code_modifier":[""],"providers":[{"billed_charge":1953.00,"npi":[1902518848]},{"billed_charge":2343.60,"npi":[1902518848]}]}]}]},{"name":"PSYCHOTHERAPY W\/PATIENT 45 MINUTES","billing_code_type":"CPT","billing_code_type_version":"2020","billing_code":"90834","description":"PSYCHOTHERAPY W\/PATIENT 45 MINUTES","allowed_amounts":[{"tin":{"type":"ein","value":"861999237"},"service_code":["02","11"],"billing_class":"professional","payments":[{"allowed_amount":0.00,"billing_code_modifier":[""],"providers":[{"billed_charge":180.00,"npi":[1891107157]}]}]}]},{"name":"THERAPEUT ACTVITY DIRECT PT CONTACT EACH 15 MIN","billing_code_type":"CPT","billing_code_type_version":"2020","billing_code":"97530","description":"THERAPEUT ACTVITY DIRECT PT CONTACT EACH 15 MIN","allowed_amounts":[{"tin":{"type":"ein","value":"454553397"},"service_code":["11"],"billing_class":"professional","payments":[{"allowed_amount":190.44,"billing_code_modifier":[""],"providers":[{"billed_charge":396.00,"npi":[1477059079,1487893863]}]}]}]}]}
