{"reporting_entity_name": "IEC Group_DBA AmeriBen",
	"reporting_entity_type": "Third Party Administrator",
	"plan_name": "SISC",
	"plan_id_type": "ein",
	"plan_id": "770162263",
	"plan_market_type": "group",
	"last_updated_on": "2023-01-03","Version": "1.0.0","out_of_network":[{"name":"IA DET DNA\/RNA; COVID-19 AMP P T","billing_code_type":"HCPCS","billing_code_type_version":"HCPCS LEVEL II 2021","billing_code":"U0003","description":"IA DET DNA\/RNA; COVID-19 AMP P T","allowed_amounts":[{"tin":{"type":"ein","value":"030511037"},"service_code":["81"],"billing_class":"professional","payments":[{"allowed_amount":75.00,"billing_code_modifier":[""],"providers":[{"billed_charge":375.00,"npi":[1790234839,1821110453]}]}]},{"tin":{"type":"ein","value":"453263292"},"service_code":["81"],"billing_class":"professional","payments":[{"allowed_amount":75.00,"billing_code_modifier":[""],"providers":[{"billed_charge":142.50,"npi":[1922615756,1952592743,1972763621]}]}]},{"tin":{"type":"ein","value":"843172409"},"service_code":["81"],"billing_class":"professional","payments":[{"allowed_amount":75.00,"billing_code_modifier":[""],"providers":[{"billed_charge":200.00,"npi":[1003437500,1982751756]}]}]},{"tin":{"type":"ein","value":"845176341"},"service_code":["81"],"billing_class":"professional","payments":[{"allowed_amount":75.00,"billing_code_modifier":[""],"providers":[{"billed_charge":225.00,"npi":[1033148523,1083237374]}]}]},{"tin":{"type":"ein","value":"851054301"},"service_code":["81"],"billing_class":"professional","payments":[{"allowed_amount":75.00,"billing_code_modifier":[""],"providers":[{"billed_charge":225.00,"npi":[1467030536,1871630319]}]}]},{"tin":{"type":"ein","value":"852364612"},"service_code":["81"],"billing_class":"professional","payments":[{"allowed_amount":75.00,"billing_code_modifier":[""],"providers":[{"billed_charge":225.00,"npi":[1740685387,1790386746]}]}]},{"tin":{"type":"ein","value":"853331033"},"service_code":["81"],"billing_class":"professional","payments":[{"allowed_amount":75.00,"billing_code_modifier":[""],"providers":[{"billed_charge":187.00,"npi":[1295814408,1417554098]}]}]},{"tin":{"type":"ein","value":"861429868"},"service_code":["81"],"billing_class":"professional","payments":[{"allowed_amount":75.00,"billing_code_modifier":[""],"providers":[{"billed_charge":150.00,"npi":[1144284373,1639769953]}]}]},{"tin":{"type":"ein","value":"872935070"},"service_code":["81"],"billing_class":"professional","payments":[{"allowed_amount":75.00,"billing_code_modifier":[""],"providers":[{"billed_charge":250.00,"npi":[1487679684,1578220026]}]}]},{"tin":{"type":"ein","value":"880241758"},"service_code":["81"],"billing_class":"professional","payments":[{"allowed_amount":75.00,"billing_code_modifier":[""],"providers":[{"billed_charge":100.00,"npi":[1124417357,1639279417]}]}]}]},{"name":"IAADIADOO SEVERE AQT RESPIR SYND CORONAVIRUS","billing_code_type":"CPT","billing_code_type_version":"2020","billing_code":"87811","description":"IAADIADOO SEVERE AQT RESPIR SYND CORONAVIRUS","allowed_amounts":[{"tin":{"type":"ein","value":"475502891"},"service_code":["81"],"billing_class":"professional","payments":[{"allowed_amount":41.38,"billing_code_modifier":[""],"providers":[{"billed_charge":65.00,"npi":[1851992127,1902840283]}]}]},{"tin":{"type":"ein","value":"872935070"},"service_code":["81"],"billing_class":"professional","payments":[{"allowed_amount":41.38,"billing_code_modifier":[""],"providers":[{"billed_charge":75.00,"npi":[1487679684,1578220026]}]}]}]},{"name":"INFEC AGEN DETEC AMPLI PROBE","billing_code_type":"HCPCS","billing_code_type_version":"HCPCS LEVEL II 2021","billing_code":"U0005","description":"INFEC AGEN DETEC AMPLI PROBE","allowed_amounts":[{"tin":{"type":"ein","value":"030511037"},"service_code":["81"],"billing_class":"professional","payments":[{"allowed_amount":25.00,"billing_code_modifier":[""],"providers":[{"billed_charge":125.00,"npi":[1790234839,1821110453]}]}]},{"tin":{"type":"ein","value":"453263292"},"service_code":["81"],"billing_class":"professional","payments":[{"allowed_amount":25.00,"billing_code_modifier":[""],"providers":[{"billed_charge":25.00,"npi":[1922615756,1952592743,1972763621]}]}]},{"tin":{"type":"ein","value":"463908799"},"service_code":["03"],"billing_class":"professional","payments":[{"allowed_amount":25.00,"billing_code_modifier":[""],"providers":[{"billed_charge":50.00,"npi":[1093136418,1285690867]}]}]},{"tin":{"type":"ein","value":"472462178"},"service_code":["81"],"billing_class":"professional","payments":[{"allowed_amount":0.00,"billing_code_modifier":[""],"providers":[{"billed_charge":50.00,"npi":[1114183555,1144731605,1467854497,1639311509]}]}]},{"tin":{"type":"ein","value":"475502891"},"service_code":["81"],"billing_class":"professional","payments":[{"allowed_amount":0.00,"billing_code_modifier":[""],"providers":[{"billed_charge":65.00,"npi":[1851992127,1902840283]}]}]},{"tin":{"type":"ein","value":"810766596"},"service_code":["81"],"billing_class":"professional","payments":[{"allowed_amount":0.00,"billing_code_modifier":[""],"providers":[{"billed_charge":150.00,"npi":[1831296185,1902267164]}]}]},{"tin":{"type":"ein","value":"812868546"},"service_code":["81"],"billing_class":"professional","payments":[{"allowed_amount":0.00,"billing_code_modifier":[""],"providers":[{"billed_charge":50.00,"npi":[1225382351,1447601695]}]}]},{"tin":{"type":"ein","value":"831342609"},"service_code":["81"],"billing_class":"professional","payments":[{"allowed_amount":0.00,"billing_code_modifier":[""],"providers":[{"billed_charge":100.00,"npi":[1053541581,1073101028,1487815387]}]}]},{"tin":{"type":"ein","value":"843172409"},"service_code":["81"],"billing_class":"professional","payments":[{"allowed_amount":25.00,"billing_code_modifier":[""],"providers":[{"billed_charge":50.00,"npi":[1003437500,1982751756]}]}]},{"tin":{"type":"ein","value":"845176341"},"service_code":["81"],"billing_class":"professional","payments":[{"allowed_amount":25.00,"billing_code_modifier":[""],"providers":[{"billed_charge":75.00,"npi":[1033148523,1083237374]}]}]},{"tin":{"type":"ein","value":"851054301"},"service_code":["81"],"billing_class":"professional","payments":[{"allowed_amount":25.00,"billing_code_modifier":[""],"providers":[{"billed_charge":75.00,"npi":[1467030536,1871630319]}]}]},{"tin":{"type":"ein","value":"852364612"},"service_code":["81"],"billing_class":"professional","payments":[{"allowed_amount":25.00,"billing_code_modifier":[""],"providers":[{"billed_charge":75.00,"npi":[1740685387,1790386746]}]}]},{"tin":{"type":"ein","value":"853331033"},"service_code":["81"],"billing_class":"professional","payments":[{"allowed_amount":25.00,"billing_code_modifier":[""],"providers":[{"billed_charge":63.00,"npi":[1295814408,1417554098]}]}]},{"tin":{"type":"ein","value":"861429868"},"service_code":["81"],"billing_class":"professional","payments":[{"allowed_amount":25.00,"billing_code_modifier":[""],"providers":[{"billed_charge":50.00,"npi":[1144284373,1639769953]}]}]},{"tin":{"type":"ein","value":"872935070"},"service_code":["81"],"billing_class":"professional","payments":[{"allowed_amount":25.00,"billing_code_modifier":[""],"providers":[{"billed_charge":50.00,"npi":[1487679684,1578220026]}]}]},{"tin":{"type":"ein","value":"880241758"},"service_code":["81"],"billing_class":"professional","payments":[{"allowed_amount":25.00,"billing_code_modifier":[""],"providers":[{"billed_charge":25.00,"npi":[1124417357,1639279417]}]}]}]},{"name":"OFFICE\/OUTPATIENT ESTABLISHED LOW MDM 20-29 MIN","billing_code_type":"CPT","billing_code_type_version":"2020","billing_code":"99213","description":"OFFICE\/OUTPATIENT ESTABLISHED LOW MDM 20-29 MIN","allowed_amounts":[{"tin":{"type":"ein","value":"942559259"},"service_code":["11"],"billing_class":"professional","payments":[{"allowed_amount":92.00,"billing_code_modifier":[""],"providers":[{"billed_charge":92.00,"npi":[1679528947,1750320800]}]}]}]},{"name":"PSYCHIATRIC\/PSYCHOLOGICAL SVCS: INDIVIDUAL THERAPY","billing_code_type":"RC","billing_code_type_version":"UB04","billing_code":"0914","description":"PSYCHIATRIC\/PSYCHOLOGICAL SVCS: INDIVIDUAL THERAPY","allowed_amounts":[{"tin":{"type":"ein","value":"273511307"},"service_code":["22"],"billing_class":"institutional","payments":[{"allowed_amount":210.00,"billing_code_modifier":[""],"providers":[{"billed_charge":600.00,"npi":[1861431595,1902971310,1962750505]}]}]}]},{"name":"PSYCHIATRIC\/PSYCHOLOGICAL TRT: INTENSIVE OUT SERV","billing_code_type":"RC","billing_code_type_version":"UB04","billing_code":"0906","description":"PSYCHIATRIC\/PSYCHOLOGICAL TRT: INTENSIVE OUT SERV","allowed_amounts":[{"tin":{"type":"ein","value":"273511307"},"service_code":["22"],"billing_class":"institutional","payments":[{"allowed_amount":320.00,"billing_code_modifier":[""],"providers":[{"billed_charge":1595.00,"npi":[1861431595,1902971310,1962750505]}]}]},{"tin":{"type":"ein","value":"472663236"},"service_code":["22"],"billing_class":"institutional","payments":[{"allowed_amount":320.00,"billing_code_modifier":[""],"providers":[{"billed_charge":2995.00,"npi":[1164696993,1932654241]}]}]},{"tin":{"type":"ein","value":"472663236"},"service_code":["22"],"billing_class":"institutional","payments":[{"allowed_amount":1021.90,"billing_code_modifier":[""],"providers":[{"billed_charge":2995.00,"npi":[1164696993,1932654241]}]}]}]},{"name":"PSYCHIATRIC\/PSYCHOLOGICAL TRT: INTENSIVE OUTPATIEN","billing_code_type":"RC","billing_code_type_version":"UB04","billing_code":"0905","description":"PSYCHIATRIC\/PSYCHOLOGICAL TRT: INTENSIVE OUTPATIEN","allowed_amounts":[{"tin":{"type":"ein","value":"830599870"},"service_code":["22","99"],"billing_class":"institutional","payments":[{"allowed_amount":620.00,"billing_code_modifier":[""],"providers":[{"billed_charge":1000.00,"npi":[1154815033,1962611947]}]}]},{"tin":{"type":"ein","value":"830599870"},"service_code":["99"],"billing_class":"institutional","payments":[{"allowed_amount":284.38,"billing_code_modifier":[""],"providers":[{"billed_charge":1000.00,"npi":[1154815033,1962611947]}]}]}]},{"name":"PSYCHOTHERAPY W\/PATIENT 45 MINUTES","billing_code_type":"CPT","billing_code_type_version":"2020","billing_code":"90834","description":"PSYCHOTHERAPY W\/PATIENT 45 MINUTES","allowed_amounts":[{"tin":{"type":"ein","value":"452572636"},"service_code":["02","11"],"billing_class":"professional","payments":[{"allowed_amount":120.00,"billing_code_modifier":[""],"providers":[{"billed_charge":120.00,"npi":[1043974512,1598291148,1881731206,1952849622]}]}]},{"tin":{"type":"ein","value":"853059025"},"service_code":["11"],"billing_class":"professional","payments":[{"allowed_amount":120.00,"billing_code_modifier":[""],"providers":[{"billed_charge":120.00,"npi":[1538263579]}]}]}]},{"name":"PSYCHOTHERAPY W\/PATIENT 60 MINUTES","billing_code_type":"CPT","billing_code_type_version":"2020","billing_code":"90837","description":"PSYCHOTHERAPY W\/PATIENT 60 MINUTES","allowed_amounts":[{"tin":{"type":"ein","value":"050521872"},"service_code":["02"],"billing_class":"professional","payments":[{"allowed_amount":150.00,"billing_code_modifier":[""],"providers":[{"billed_charge":150.00,"npi":[1992856363]}]}]},{"tin":{"type":"ein","value":"087564934"},"service_code":["10"],"billing_class":"professional","payments":[{"allowed_amount":150.00,"billing_code_modifier":[""],"providers":[{"billed_charge":150.00,"npi":[1497891634]}]}]},{"tin":{"type":"ein","value":"087564934"},"service_code":["10"],"billing_class":"professional","payments":[{"allowed_amount":150.00,"billing_code_modifier":[""],"providers":[{"billed_charge":150.00,"npi":[1497891634]}]}]},{"tin":{"type":"ein","value":"156484690"},"service_code":["11"],"billing_class":"professional","payments":[{"allowed_amount":130.00,"billing_code_modifier":[""],"providers":[{"billed_charge":130.00,"npi":[1134596505]}]}]},{"tin":{"type":"ein","value":"228647902"},"service_code":["11"],"billing_class":"professional","payments":[{"allowed_amount":140.00,"billing_code_modifier":[""],"providers":[{"billed_charge":140.00,"npi":[1073051348]}]}]},{"tin":{"type":"ein","value":"236683144"},"service_code":["11"],"billing_class":"professional","payments":[{"allowed_amount":140.00,"billing_code_modifier":[""],"providers":[{"billed_charge":140.00,"npi":[1902026602]}]}]},{"tin":{"type":"ein","value":"262984341"},"service_code":["11"],"billing_class":"professional","payments":[{"allowed_amount":110.00,"billing_code_modifier":[""],"providers":[{"billed_charge":110.00,"npi":[1841421518]}]}]},{"tin":{"type":"ein","value":"271914297"},"service_code":["11"],"billing_class":"professional","payments":[{"allowed_amount":120.00,"billing_code_modifier":[""],"providers":[{"billed_charge":120.00,"npi":[1427371681]}]}]},{"tin":{"type":"ein","value":"371947960"},"service_code":["11"],"billing_class":"professional","payments":[{"allowed_amount":120.00,"billing_code_modifier":[""],"providers":[{"billed_charge":120.00,"npi":[1790849511]}]}]},{"tin":{"type":"ein","value":"371947960"},"service_code":["11"],"billing_class":"professional","payments":[{"allowed_amount":150.00,"billing_code_modifier":[""],"providers":[{"billed_charge":150.00,"npi":[1790849511]}]}]},{"tin":{"type":"ein","value":"452572636"},"service_code":["10","11"],"billing_class":"professional","payments":[{"allowed_amount":140.00,"billing_code_modifier":[""],"providers":[{"billed_charge":140.00,"npi":[1043974512,1528381696,1598291148,1881731206,1952849622]}]}]},{"tin":{"type":"ein","value":"452572636"},"service_code":["11"],"billing_class":"professional","payments":[{"allowed_amount":130.00,"billing_code_modifier":[""],"providers":[{"billed_charge":130.00,"npi":[1598291148,1952849622]}]}]},{"tin":{"type":"ein","value":"455280720"},"service_code":["02","11"],"billing_class":"professional","payments":[{"allowed_amount":130.00,"billing_code_modifier":[""],"providers":[{"billed_charge":130.00,"npi":[1144313040]}]}]},{"tin":{"type":"ein","value":"462090696"},"service_code":["11"],"billing_class":"professional","payments":[{"allowed_amount":140.00,"billing_code_modifier":[""],"providers":[{"billed_charge":140.00,"npi":[1568650109]}]}]},{"tin":{"type":"ein","value":"462737832"},"service_code":["11"],"billing_class":"professional","payments":[{"allowed_amount":110.00,"billing_code_modifier":[""],"providers":[{"billed_charge":110.00,"npi":[1700121597]}]}]},{"tin":{"type":"ein","value":"472817156"},"service_code":["11"],"billing_class":"professional","payments":[{"allowed_amount":120.00,"billing_code_modifier":[""],"providers":[{"billed_charge":120.00,"npi":[1366881856]}]}]},{"tin":{"type":"ein","value":"522233574"},"service_code":["11"],"billing_class":"professional","payments":[{"allowed_amount":150.00,"billing_code_modifier":[""],"providers":[{"billed_charge":150.00,"npi":[1558565556]}]}]},{"tin":{"type":"ein","value":"545436136"},"service_code":["11"],"billing_class":"professional","payments":[{"allowed_amount":132.00,"billing_code_modifier":[""],"providers":[{"billed_charge":132.00,"npi":[1154669927,1467124248]}]}]},{"tin":{"type":"ein","value":"546085962"},"service_code":["11"],"billing_class":"professional","payments":[{"allowed_amount":120.00,"billing_code_modifier":[""],"providers":[{"billed_charge":120.00,"npi":[1407996077]}]}]},{"tin":{"type":"ein","value":"546290720"},"service_code":["11"],"billing_class":"professional","payments":[{"allowed_amount":140.00,"billing_code_modifier":[""],"providers":[{"billed_charge":140.00,"npi":[1790924033]}]}]},{"tin":{"type":"ein","value":"551352254"},"service_code":["11"],"billing_class":"professional","payments":[{"allowed_amount":110.00,"billing_code_modifier":[""],"providers":[{"billed_charge":110.00,"npi":[1770644122]}]}]},{"tin":{"type":"ein","value":"551946993"},"service_code":["11"],"billing_class":"professional","payments":[{"allowed_amount":130.00,"billing_code_modifier":[""],"providers":[{"billed_charge":130.00,"npi":[1760604367]}]}]},{"tin":{"type":"ein","value":"552110619"},"service_code":["11"],"billing_class":"professional","payments":[{"allowed_amount":140.00,"billing_code_modifier":[""],"providers":[{"billed_charge":140.00,"npi":[1518029800]}]}]},{"tin":{"type":"ein","value":"553878400"},"service_code":["11"],"billing_class":"professional","payments":[{"allowed_amount":140.00,"billing_code_modifier":[""],"providers":[{"billed_charge":140.00,"npi":[1417225616]}]}]},{"tin":{"type":"ein","value":"555783423"},"service_code":["02"],"billing_class":"professional","payments":[{"allowed_amount":120.00,"billing_code_modifier":[""],"providers":[{"billed_charge":120.00,"npi":[1548374630]}]}]},{"tin":{"type":"ein","value":"556765880"},"service_code":["11"],"billing_class":"professional","payments":[{"allowed_amount":180.00,"billing_code_modifier":[""],"providers":[{"billed_charge":180.00,"npi":[1760696330]}]}]},{"tin":{"type":"ein","value":"558864839"},"service_code":["11"],"billing_class":"professional","payments":[{"allowed_amount":115.00,"billing_code_modifier":[""],"providers":[{"billed_charge":115.00,"npi":[1942352133]}]}]},{"tin":{"type":"ein","value":"559278835"},"service_code":["11"],"billing_class":"professional","payments":[{"allowed_amount":130.00,"billing_code_modifier":[""],"providers":[{"billed_charge":130.00,"npi":[1487819108]}]}]},{"tin":{"type":"ein","value":"553878400"},"service_code":["11"],"billing_class":"professional","payments":[{"allowed_amount":140.00,"billing_code_modifier":[""],"providers":[{"billed_charge":140.00,"npi":[1417225616]}]}]},{"tin":{"type":"ein","value":"558559780"},"service_code":["11"],"billing_class":"professional","payments":[{"allowed_amount":175.00,"billing_code_modifier":[""],"providers":[{"billed_charge":175.00,"npi":[1174612667]}]}]},{"tin":{"type":"ein","value":"558864839"},"service_code":["11"],"billing_class":"professional","payments":[{"allowed_amount":115.00,"billing_code_modifier":[""],"providers":[{"billed_charge":115.00,"npi":[1942352133]}]}]},{"tin":{"type":"ein","value":"560779755"},"service_code":["11"],"billing_class":"professional","payments":[{"allowed_amount":115.00,"billing_code_modifier":[""],"providers":[{"billed_charge":115.00,"npi":[1437489820]}]}]},{"tin":{"type":"ein","value":"560779755"},"service_code":["11"],"billing_class":"professional","payments":[{"allowed_amount":150.00,"billing_code_modifier":[""],"providers":[{"billed_charge":150.00,"npi":[1437489820,1477600435]}]}]},{"tin":{"type":"ein","value":"568233959"},"service_code":["11"],"billing_class":"professional","payments":[{"allowed_amount":130.00,"billing_code_modifier":[""],"providers":[{"billed_charge":130.00,"npi":[1568675973]}]}]},{"tin":{"type":"ein","value":"610031005"},"service_code":["02"],"billing_class":"professional","payments":[{"allowed_amount":120.00,"billing_code_modifier":[""],"providers":[{"billed_charge":120.00,"npi":[1073773966]}]}]},{"tin":{"type":"ein","value":"610125907"},"service_code":["02","11"],"billing_class":"professional","payments":[{"allowed_amount":120.00,"billing_code_modifier":[""],"providers":[{"billed_charge":120.00,"npi":[1225161367]}]}]},{"tin":{"type":"ein","value":"611513661"},"service_code":["11"],"billing_class":"professional","payments":[{"allowed_amount":110.00,"billing_code_modifier":[""],"providers":[{"billed_charge":110.00,"npi":[1083853626,1366839011]}]}]},{"tin":{"type":"ein","value":"612648730"},"service_code":["11"],"billing_class":"professional","payments":[{"allowed_amount":120.00,"billing_code_modifier":[""],"providers":[{"billed_charge":120.00,"npi":[1255705638]}]}]},{"tin":{"type":"ein","value":"815287159"},"service_code":["02","11"],"billing_class":"professional","payments":[{"allowed_amount":120.00,"billing_code_modifier":[""],"providers":[{"billed_charge":120.00,"npi":[1780088047]}]}]},{"tin":{"type":"ein","value":"821302962"},"service_code":["02"],"billing_class":"professional","payments":[{"allowed_amount":150.00,"billing_code_modifier":[""],"providers":[{"billed_charge":150.00,"npi":[1275863193]}]}]},{"tin":{"type":"ein","value":"824485935"},"service_code":["02","11"],"billing_class":"professional","payments":[{"allowed_amount":150.00,"billing_code_modifier":[""],"providers":[{"billed_charge":150.00,"npi":[1528384369]}]}]},{"tin":{"type":"ein","value":"824485935"},"service_code":["11"],"billing_class":"professional","payments":[{"allowed_amount":125.00,"billing_code_modifier":[""],"providers":[{"billed_charge":125.00,"npi":[1528384369]}]}]},{"tin":{"type":"ein","value":"825481200"},"service_code":["02","11"],"billing_class":"professional","payments":[{"allowed_amount":150.00,"billing_code_modifier":[""],"providers":[{"billed_charge":150.00,"npi":[1053925057,1275980609,1316307747,1629624085,1700986908]}]}]},{"tin":{"type":"ein","value":"830884049"},"service_code":["02"],"billing_class":"professional","payments":[{"allowed_amount":140.00,"billing_code_modifier":[""],"providers":[{"billed_charge":140.00,"npi":[1720360902]}]}]},{"tin":{"type":"ein","value":"833085668"},"service_code":["11"],"billing_class":"professional","payments":[{"allowed_amount":125.00,"billing_code_modifier":[""],"providers":[{"billed_charge":125.00,"npi":[1023633955,1720456387,1861850893]}]}]},{"tin":{"type":"ein","value":"833166523"},"service_code":["02","11"],"billing_class":"professional","payments":[{"allowed_amount":140.00,"billing_code_modifier":[""],"providers":[{"billed_charge":140.00,"npi":[1033411020,1144419482,1336304013]}]}]},{"tin":{"type":"ein","value":"833166523"},"service_code":["02","11"],"billing_class":"professional","payments":[{"allowed_amount":150.00,"billing_code_modifier":[""],"providers":[{"billed_charge":150.00,"npi":[1033411020]}]}]},{"tin":{"type":"ein","value":"833166523"},"service_code":["11"],"billing_class":"professional","payments":[{"allowed_amount":125.00,"billing_code_modifier":[""],"providers":[{"billed_charge":125.00,"npi":[1033411020]}]}]},{"tin":{"type":"ein","value":"833166523"},"service_code":["11"],"billing_class":"professional","payments":[{"allowed_amount":145.00,"billing_code_modifier":[""],"providers":[{"billed_charge":145.00,"npi":[1033411020,1336304013,1639625221]}]}]},{"tin":{"type":"ein","value":"841994517"},"service_code":["02"],"billing_class":"professional","payments":[{"allowed_amount":175.00,"billing_code_modifier":[""],"providers":[{"billed_charge":175.00,"npi":[1023676079]}]}]},{"tin":{"type":"ein","value":"842260557"},"service_code":["11"],"billing_class":"professional","payments":[{"allowed_amount":140.00,"billing_code_modifier":[""],"providers":[{"billed_charge":140.00,"npi":[1639443955]}]}]},{"tin":{"type":"ein","value":"843169848"},"service_code":["11"],"billing_class":"professional","payments":[{"allowed_amount":120.00,"billing_code_modifier":[""],"providers":[{"billed_charge":120.00,"npi":[1063579613]}]}]},{"tin":{"type":"ein","value":"843864602"},"service_code":["11"],"billing_class":"professional","payments":[{"allowed_amount":175.00,"billing_code_modifier":[""],"providers":[{"billed_charge":175.00,"npi":[1437624921,1861535981]}]}]},{"tin":{"type":"ein","value":"851246373"},"service_code":["11"],"billing_class":"professional","payments":[{"allowed_amount":125.00,"billing_code_modifier":[""],"providers":[{"billed_charge":125.00,"npi":[1487926275]}]}]},{"tin":{"type":"ein","value":"851599285"},"service_code":["11"],"billing_class":"professional","payments":[{"allowed_amount":130.00,"billing_code_modifier":[""],"providers":[{"billed_charge":130.00,"npi":[1023544681]}]}]},{"tin":{"type":"ein","value":"851662894"},"service_code":["11"],"billing_class":"professional","payments":[{"allowed_amount":130.00,"billing_code_modifier":[""],"providers":[{"billed_charge":130.00,"npi":[1053796722]}]}]},{"tin":{"type":"ein","value":"851662894"},"service_code":["11"],"billing_class":"professional","payments":[{"allowed_amount":150.00,"billing_code_modifier":[""],"providers":[{"billed_charge":150.00,"npi":[1053796722]}]}]},{"tin":{"type":"ein","value":"853059025"},"service_code":["11"],"billing_class":"professional","payments":[{"allowed_amount":120.00,"billing_code_modifier":[""],"providers":[{"billed_charge":120.00,"npi":[1538263579]}]}]},{"tin":{"type":"ein","value":"853982653"},"service_code":["10"],"billing_class":"professional","payments":[{"allowed_amount":130.00,"billing_code_modifier":[""],"providers":[{"billed_charge":130.00,"npi":[1821696659,1912326224]}]}]},{"tin":{"type":"ein","value":"861712117"},"service_code":["02","11"],"billing_class":"professional","payments":[{"allowed_amount":140.00,"billing_code_modifier":[""],"providers":[{"billed_charge":140.00,"npi":[1124493861]}]}]},{"tin":{"type":"ein","value":"861857894"},"service_code":["11"],"billing_class":"professional","payments":[{"allowed_amount":125.00,"billing_code_modifier":[""],"providers":[{"billed_charge":125.00,"npi":[1104265727]}]}]},{"tin":{"type":"ein","value":"862169249"},"service_code":["02"],"billing_class":"professional","payments":[{"allowed_amount":120.00,"billing_code_modifier":[""],"providers":[{"billed_charge":120.00,"npi":[1306957576]}]}]},{"tin":{"type":"ein","value":"871026403"},"service_code":["02","10"],"billing_class":"professional","payments":[{"allowed_amount":150.00,"billing_code_modifier":[""],"providers":[{"billed_charge":150.00,"npi":[1326662727,1497891634,1669049581]}]}]},{"tin":{"type":"ein","value":"872751585"},"service_code":["02"],"billing_class":"professional","payments":[{"allowed_amount":125.00,"billing_code_modifier":[""],"providers":[{"billed_charge":125.00,"npi":[1700330222]}]}]},{"tin":{"type":"ein","value":"872764959"},"service_code":["11"],"billing_class":"professional","payments":[{"allowed_amount":110.00,"billing_code_modifier":[""],"providers":[{"billed_charge":110.00,"npi":[1043776966]}]}]},{"tin":{"type":"ein","value":"872764959"},"service_code":["11"],"billing_class":"professional","payments":[{"allowed_amount":130.00,"billing_code_modifier":[""],"providers":[{"billed_charge":130.00,"npi":[1043776966]}]}]},{"tin":{"type":"ein","value":"873725345"},"service_code":["02","11"],"billing_class":"professional","payments":[{"allowed_amount":125.00,"billing_code_modifier":[""],"providers":[{"billed_charge":125.00,"npi":[1205389095]}]}]},{"tin":{"type":"ein","value":"880641042"},"service_code":["02","11"],"billing_class":"professional","payments":[{"allowed_amount":140.00,"billing_code_modifier":[""],"providers":[{"billed_charge":140.00,"npi":[1457985244]}]}]},{"tin":{"type":"ein","value":"881031476"},"service_code":["11"],"billing_class":"professional","payments":[{"allowed_amount":120.00,"billing_code_modifier":[""],"providers":[{"billed_charge":120.00,"npi":[1255705638]}]}]},{"tin":{"type":"ein","value":"882680252"},"service_code":["11"],"billing_class":"professional","payments":[{"allowed_amount":120.00,"billing_code_modifier":[""],"providers":[{"billed_charge":120.00,"npi":[1558407783]}]}]},{"tin":{"type":"ein","value":"882834536"},"service_code":["02"],"billing_class":"professional","payments":[{"allowed_amount":145.00,"billing_code_modifier":[""],"providers":[{"billed_charge":145.00,"npi":[1336304013,1376274639]}]}]},{"tin":{"type":"ein","value":"882834536"},"service_code":["02","11"],"billing_class":"professional","payments":[{"allowed_amount":140.00,"billing_code_modifier":[""],"providers":[{"billed_charge":140.00,"npi":[1144419482,1336304013,1376274639]}]}]}]},{"name":"SBSQ HOSPITAL CARE\/DAY 25 MINUTES","billing_code_type":"CPT","billing_code_type_version":"2020","billing_code":"99232","description":"SBSQ HOSPITAL CARE\/DAY 25 MINUTES","allowed_amounts":[{"tin":{"type":"ein","value":"261129616"},"service_code":["21"],"billing_class":"professional","payments":[{"allowed_amount":83.52,"billing_code_modifier":[""],"providers":[{"billed_charge":318.44,"npi":[1073618112,1245492149,1376809574,1447447248,1598055766,1598874612,1679899736,1740348929,1881983799,1982135729]}]}]}]},{"name":"SBSQ HOSPITAL CARE\/DAY 35 MINUTES","billing_code_type":"CPT","billing_code_type_version":"2020","billing_code":"99233","description":"SBSQ HOSPITAL CARE\/DAY 35 MINUTES","allowed_amounts":[{"tin":{"type":"ein","value":"261129616"},"service_code":["21"],"billing_class":"professional","payments":[{"allowed_amount":119.91,"billing_code_modifier":[""],"providers":[{"billed_charge":457.88,"npi":[1447447248,1598055766,1679899736,1740348929,1881983799]}]}]},{"tin":{"type":"ein","value":"455552791"},"service_code":["21"],"billing_class":"professional","payments":[{"allowed_amount":119.91,"billing_code_modifier":[""],"providers":[{"billed_charge":473.00,"npi":[1619232956,1659430379]}]}]}]},{"name":"SPECIMEN COLLECT COVID-19","billing_code_type":"HCPCS","billing_code_type_version":"HCPCS LEVEL II 2021","billing_code":"G2023","description":"SPECIMEN COLLECT COVID-19","allowed_amounts":[{"tin":{"type":"ein","value":"361924025"},"service_code":["21","81"],"billing_class":"professional","payments":[{"allowed_amount":23.46,"billing_code_modifier":[""],"providers":[{"billed_charge":28.99,"npi":[1275840050,1639279417,1710992094,1790790079]}]}]},{"tin":{"type":"ein","value":"453263292"},"service_code":["81"],"billing_class":"professional","payments":[{"allowed_amount":23.46,"billing_code_modifier":[""],"providers":[{"billed_charge":25.00,"npi":[1922615756,1952592743,1972763621]}]}]},{"tin":{"type":"ein","value":"463908799"},"service_code":["03"],"billing_class":"professional","payments":[{"allowed_amount":23.46,"billing_code_modifier":[""],"providers":[{"billed_charge":35.00,"npi":[1093136418,1285690867]}]}]},{"tin":{"type":"ein","value":"475502891"},"service_code":["81"],"billing_class":"professional","payments":[{"allowed_amount":23.46,"billing_code_modifier":[""],"providers":[{"billed_charge":50.00,"npi":[1851992127,1902840283]}]}]},{"tin":{"type":"ein","value":"810766596"},"service_code":["81"],"billing_class":"professional","payments":[{"allowed_amount":23.46,"billing_code_modifier":[""],"providers":[{"billed_charge":140.76,"npi":[1831296185,1902267164]}]}]},{"tin":{"type":"ein","value":"831342609"},"service_code":["81"],"billing_class":"professional","payments":[{"allowed_amount":23.46,"billing_code_modifier":[""],"providers":[{"billed_charge":50.00,"npi":[1053541581,1073101028,1487815387]}]}]},{"tin":{"type":"ein","value":"843172409"},"service_code":["81"],"billing_class":"professional","payments":[{"allowed_amount":23.46,"billing_code_modifier":[""],"providers":[{"billed_charge":50.00,"npi":[1003437500,1982751756]}]}]},{"tin":{"type":"ein","value":"845176341"},"service_code":["81"],"billing_class":"professional","payments":[{"allowed_amount":23.46,"billing_code_modifier":[""],"providers":[{"billed_charge":70.38,"npi":[1033148523,1083237374]}]}]},{"tin":{"type":"ein","value":"851054301"},"service_code":["81"],"billing_class":"professional","payments":[{"allowed_amount":23.46,"billing_code_modifier":[""],"providers":[{"billed_charge":70.00,"npi":[1467030536,1871630319]}]}]},{"tin":{"type":"ein","value":"872935070"},"service_code":["81"],"billing_class":"professional","payments":[{"allowed_amount":23.46,"billing_code_modifier":[""],"providers":[{"billed_charge":30.00,"npi":[1487679684,1578220026]}]}]}]}]}
