{"reporting_entity_name": "IEC Group_DBA AmeriBen",
	"reporting_entity_type": "Third Party Administrator",
	"plan_name": "ASTEMO",
	"plan_id_type": "ein",
	"plan_id": "611065272",
	"plan_market_type": "group",
	"last_updated_on": "2024-09-01","Version": "1.0.0","out_of_network":[{"name":"25 HYDROXY INCLUDES FRACTIONS IF PERFORMED","billing_code_type":"CPT","billing_code_type_version":"2020","billing_code":"82306","description":"25 HYDROXY INCLUDES FRACTIONS IF PERFORMED","allowed_amounts":[{"tin":{"type":"ein","value":"382084239"},"service_code":["81"],"billing_class":"professional","payments":[{"allowed_amount":14.26,"billing_code_modifier":[""],"providers":[{"billed_charge":266.02,"npi":[1215268040,1568455541,1629671342,1740728690,1821109463,1932166386,1932202983]}]}]},{"tin":{"type":"ein","value":"471359076"},"service_code":["81"],"billing_class":"professional","payments":[{"allowed_amount":14.26,"billing_code_modifier":[""],"providers":[{"billed_charge":88.80,"npi":[1134538713,1912944083]}]}]},{"tin":{"type":"ein","value":"810576059"},"service_code":["81"],"billing_class":"professional","payments":[{"allowed_amount":14.26,"billing_code_modifier":[""],"providers":[{"billed_charge":124.08,"npi":[1053730325,1235186800,1437131596,1952398406]}]}]}]},{"name":"COLLECTION VENOUS BLOOD VENIPUNCTURE","billing_code_type":"CPT","billing_code_type_version":"2020","billing_code":"36415","description":"COLLECTION VENOUS BLOOD VENIPUNCTURE","allowed_amounts":[{"tin":{"type":"ein","value":"030417049"},"service_code":["11"],"billing_class":"professional","payments":[{"allowed_amount":1.02,"billing_code_modifier":[""],"providers":[{"billed_charge":16.00,"npi":[1922053545,1962867655]}]}]},{"tin":{"type":"ein","value":"201842623"},"service_code":["11"],"billing_class":"professional","payments":[{"allowed_amount":1.02,"billing_code_modifier":[""],"providers":[{"billed_charge":10.50,"npi":[1346343761,1952397564]}]}]},{"tin":{"type":"ein","value":"364871943"},"service_code":["11"],"billing_class":"professional","payments":[{"allowed_amount":1.02,"billing_code_modifier":[""],"providers":[{"billed_charge":12.00,"npi":[1215436043,1588923254,1932607868]}]}]},{"tin":{"type":"ein","value":"382084239"},"service_code":["81"],"billing_class":"professional","payments":[{"allowed_amount":1.02,"billing_code_modifier":[""],"providers":[{"billed_charge":6.66,"npi":[1619935624,1932166386]},{"billed_charge":35.00,"npi":[1003282120,1073762720,1124449723,1215268040,1215321971,1285291286,1336234053,1336681782,1366095127,1376178798,1407351117,1497752349,1568897767,1578240974,1780646083,1831175132,1841287612,1861445793,1871560847,1871754283,1932166386,1932202983,1962496893,1992800742]}]},{"allowed_amount":1.02,"billing_code_modifier":[""],"providers":[{"billed_charge":6.66,"npi":[1619935624,1932166386]},{"billed_charge":35.00,"npi":[1003282120,1073762720,1124449723,1215268040,1215321971,1285291286,1336234053,1336681782,1366095127,1376178798,1407351117,1497752349,1568897767,1578240974,1780646083,1831175132,1841287612,1861445793,1871560847,1871754283,1932166386,1932202983,1962496893,1992800742]}]}]},{"tin":{"type":"ein","value":"382084239"},"service_code":["81"],"billing_class":"professional","payments":[{"allowed_amount":1.02,"billing_code_modifier":[""],"providers":[{"billed_charge":6.66,"npi":[1619935624,1932166386]},{"billed_charge":35.00,"npi":[1003282120,1073762720,1124449723,1215268040,1215321971,1285291286,1336234053,1336681782,1366095127,1376178798,1407351117,1497752349,1568897767,1578240974,1780646083,1831175132,1841287612,1861445793,1871560847,1871754283,1932166386,1932202983,1962496893,1992800742]}]},{"allowed_amount":1.02,"billing_code_modifier":[""],"providers":[{"billed_charge":6.66,"npi":[1619935624,1932166386]},{"billed_charge":35.00,"npi":[1003282120,1073762720,1124449723,1215268040,1215321971,1285291286,1336234053,1336681782,1366095127,1376178798,1407351117,1497752349,1568897767,1578240974,1780646083,1831175132,1841287612,1861445793,1871560847,1871754283,1932166386,1932202983,1962496893,1992800742]}]}]},{"tin":{"type":"ein","value":"751093698"},"service_code":["81"],"billing_class":"professional","payments":[{"allowed_amount":1.02,"billing_code_modifier":[""],"providers":[{"billed_charge":12.00,"npi":[1104819689,1962481820]}]}]}]},{"name":"GENERAL HEALTH PANEL","billing_code_type":"CPT","billing_code_type_version":"2020","billing_code":"80050","description":"GENERAL HEALTH PANEL","allowed_amounts":[{"tin":{"type":"ein","value":"382084239"},"service_code":["81"],"billing_class":"professional","payments":[{"allowed_amount":14.76,"billing_code_modifier":[""],"providers":[{"billed_charge":290.47,"npi":[1215268040,1336681782,1619935624,1629671342,1780646083,1861445793,1932166386,1932202983]}]}]},{"tin":{"type":"ein","value":"471359076"},"service_code":["81"],"billing_class":"professional","payments":[{"allowed_amount":14.76,"billing_code_modifier":[""],"providers":[{"billed_charge":105.39,"npi":[1134538713,1710974696,1912944083]}]}]},{"tin":{"type":"ein","value":"810576059"},"service_code":["81"],"billing_class":"professional","payments":[{"allowed_amount":14.76,"billing_code_modifier":[""],"providers":[{"billed_charge":60.00,"npi":[1053730325,1225644974,1235186800,1437131596,1700820198,1821439985,1932220514,1952398406]}]}]}]},{"name":"HEMOGLOBIN GLYCOSYLATED A1C","billing_code_type":"CPT","billing_code_type_version":"2020","billing_code":"83036","description":"HEMOGLOBIN GLYCOSYLATED A1C","allowed_amounts":[{"tin":{"type":"ein","value":"382084239"},"service_code":["81"],"billing_class":"professional","payments":[{"allowed_amount":4.68,"billing_code_modifier":[""],"providers":[{"billed_charge":81.68,"npi":[1215268040,1336681782,1568455541,1740728690,1861445793,1871560847,1932166386,1932202983,1962496893]}]}]},{"tin":{"type":"ein","value":"471359076"},"service_code":["81"],"billing_class":"professional","payments":[{"allowed_amount":4.68,"billing_code_modifier":[""],"providers":[{"billed_charge":114.43,"npi":[1134538713,1710974696,1912944083]}]}]},{"tin":{"type":"ein","value":"810576059"},"service_code":["81"],"billing_class":"professional","payments":[{"allowed_amount":4.68,"billing_code_modifier":[""],"providers":[{"billed_charge":40.68,"npi":[1053730325,1235186800,1437131596,1700820198,1952398406]}]}]}]},{"name":"IADNA NOS AMPLIFIED PROBE TQ EACH ORGANISM","billing_code_type":"CPT","billing_code_type_version":"2020","billing_code":"87798","description":"IADNA NOS AMPLIFIED PROBE TQ EACH ORGANISM","allowed_amounts":[{"tin":{"type":"ein","value":"814258707"},"service_code":["81"],"billing_class":"professional","payments":[{"allowed_amount":24.12,"billing_code_modifier":[""],"providers":[{"billed_charge":87.73,"npi":[1376941534,1558808204]}]}]}]},{"name":"LIPID PANEL","billing_code_type":"CPT","billing_code_type_version":"2020","billing_code":"80061","description":"LIPID PANEL","allowed_amounts":[{"tin":{"type":"ein","value":"382084239"},"service_code":["81"],"billing_class":"professional","payments":[{"allowed_amount":7.68,"billing_code_modifier":[""],"providers":[{"billed_charge":162.91,"npi":[1073675641,1215268040,1336681782,1740728690,1780646083,1861445793,1871560847,1932166386,1932202983,1962496893]}]}]},{"tin":{"type":"ein","value":"471359076"},"service_code":["81"],"billing_class":"professional","payments":[{"allowed_amount":7.68,"billing_code_modifier":[""],"providers":[{"billed_charge":40.17,"npi":[1134538713,1710974696,1912944083]}]}]},{"tin":{"type":"ein","value":"810576059"},"service_code":["81"],"billing_class":"professional","payments":[{"allowed_amount":7.68,"billing_code_modifier":[""],"providers":[{"billed_charge":56.16,"npi":[1053730325,1235186800,1437131596,1558704999,1700820198,1821439985,1952398406]}]}]},{"tin":{"type":"ein","value":"860872873"},"service_code":["81"],"billing_class":"professional","payments":[{"allowed_amount":7.68,"billing_code_modifier":[""],"providers":[{"billed_charge":73.41,"npi":[1538105366,1992774681]}]}]}]},{"name":"PSYCHIATRIC\/PSYCHOLOGICAL SVCS: PARTIAL HOSP - LES","billing_code_type":"RC","billing_code_type_version":"UB04","billing_code":"0912","description":"PSYCHIATRIC\/PSYCHOLOGICAL SVCS: PARTIAL HOSP - LES","allowed_amounts":[{"tin":{"type":"ein","value":"874362887"},"service_code":["22"],"billing_class":"institutional","payments":[{"allowed_amount":860.00,"billing_code_modifier":[""],"providers":[{"billed_charge":4600.00,"npi":[1255037487,1710970553]}]}]}]},{"name":"PSYCHOTHERAPY W\/PATIENT 60 MINUTES","billing_code_type":"CPT","billing_code_type_version":"2020","billing_code":"90837","description":"PSYCHOTHERAPY W\/PATIENT 60 MINUTES","allowed_amounts":[{"tin":{"type":"ein","value":"341475943"},"service_code":["11"],"billing_class":"professional","payments":[{"allowed_amount":100.67,"billing_code_modifier":[""],"providers":[{"billed_charge":163.00,"npi":[1710930953,1811314321,1972912665]}]}]}]},{"name":"SBSQ HOSPITAL IP\/OBS CARE MOD MDM 35 MINUTES","billing_code_type":"CPT","billing_code_type_version":"2020","billing_code":"99232","description":"SBSQ HOSPITAL IP\/OBS CARE MOD MDM 35 MINUTES","allowed_amounts":[{"tin":{"type":"ein","value":"581392449"},"service_code":["21"],"billing_class":"professional","payments":[{"allowed_amount":96.19,"billing_code_modifier":[""],"providers":[{"billed_charge":100.00,"npi":[1235598095,1659330587]}]}]},{"tin":{"type":"ein","value":"853962009"},"service_code":["21"],"billing_class":"professional","payments":[{"allowed_amount":96.19,"billing_code_modifier":[""],"providers":[{"billed_charge":100.00,"npi":[1194784181,1235598095,1659330587]}]}]}]}]}
