{"reporting_entity_name": "IEC Group_DBA AmeriBen",
	"reporting_entity_type": "Third Party Administrator",
	"plan_name": "COLONY HARDWARE CORP.",
	"plan_id_type": "ein",
	"plan_id": "300432137",
	"plan_market_type": "group",
	"last_updated_on": "2025-03-01","Version": "1.0.0","out_of_network":[{"name":"PSYCHIATRIC\/PSYCHOLOGICAL SVCS: GROUP THERAPY","billing_code_type":"RC","billing_code_type_version":"UB04","billing_code":"0915","description":"PSYCHIATRIC\/PSYCHOLOGICAL SVCS: GROUP THERAPY","allowed_amounts":[{"tin":{"type":"ein","value":"932622965"},"service_code":["22"],"billing_class":"institutional","payments":[{"allowed_amount":141.63,"billing_code_modifier":[""],"providers":[{"billed_charge":2083.70,"npi":[1164207494,1285076919]}]}]}]}]}
