{"reporting_entity_name": "IEC Group_DBA AmeriBen",
	"reporting_entity_type": "Third Party Administrator",
	"plan_name": "MADISON IAQ",
	"plan_id_type": "ein",
	"plan_id": "823246836",
	"plan_market_type": "group",
	"last_updated_on": "2024-05-02","Version": "1.0.0","out_of_network":[{"name":"DRUG TST PRSMV INSTRMNT CHEM ANALYZERS PR DATE","billing_code_type":"CPT","billing_code_type_version":"2020","billing_code":"80307","description":"DRUG TST PRSMV INSTRMNT CHEM ANALYZERS PR DATE","allowed_amounts":[{"tin":{"type":"ein","value":"263806565"},"service_code":["81"],"billing_class":"professional","payments":[{"allowed_amount":28.73,"billing_code_modifier":[""],"providers":[{"billed_charge":250.00,"npi":[1124001938,1194800557,1255334330,1407091101]}]}]}]},{"name":"GROUP PSYCHOTHERAPY","billing_code_type":"CPT","billing_code_type_version":"2020","billing_code":"90853","description":"GROUP PSYCHOTHERAPY","allowed_amounts":[{"tin":{"type":"ein","value":"391326366"},"service_code":["02"],"billing_class":"professional","payments":[{"allowed_amount":24.04,"billing_code_modifier":[""],"providers":[{"billed_charge":61.50,"npi":[1053956052,1073187795,1073563417,1174149827]}]}]}]},{"name":"PSYCHIATRIC\/PSYCHOLOGICAL SVCS: PARTIAL HOSP - INT","billing_code_type":"RC","billing_code_type_version":"UB04","billing_code":"0913","description":"PSYCHIATRIC\/PSYCHOLOGICAL SVCS: PARTIAL HOSP - INT","allowed_amounts":[{"tin":{"type":"ein","value":"320572774"},"service_code":["22","52"],"billing_class":"institutional","payments":[{"allowed_amount":1050.00,"billing_code_modifier":[""],"providers":[{"billed_charge":3995.00,"npi":[1326294844,1417425604]}]}]}]},{"name":"PSYCHOTHERAPY W\/PATIENT 45 MINUTES","billing_code_type":"CPT","billing_code_type_version":"2020","billing_code":"90834","description":"PSYCHOTHERAPY W\/PATIENT 45 MINUTES","allowed_amounts":[{"tin":{"type":"ein","value":"431555982"},"service_code":["11"],"billing_class":"professional","payments":[{"allowed_amount":75.00,"billing_code_modifier":[""],"providers":[{"billed_charge":155.00,"npi":[1679752562]}]}]}]},{"name":"PSYCHOTHERAPY W\/PATIENT 60 MINUTES","billing_code_type":"CPT","billing_code_type_version":"2020","billing_code":"90837","description":"PSYCHOTHERAPY W\/PATIENT 60 MINUTES","allowed_amounts":[{"tin":{"type":"ein","value":"850771052"},"service_code":["10"],"billing_class":"professional","payments":[{"allowed_amount":79.99,"billing_code_modifier":[""],"providers":[{"billed_charge":150.00,"npi":[1194330639,1912319674]}]}]}]}]}
