{"reporting_entity_name": "IEC Group_DBA AmeriBen",
	"reporting_entity_type": "Third Party Administrator",
	"plan_name": "ROBINSON HELICOPTER COMPANY",
	"plan_id_type": "ein",
	"plan_id": "952834107",
	"plan_market_type": "group",
	"last_updated_on": "2024-09-01","Version": "1.0.0","out_of_network":[{"name":"EMERGENCY DEPARTMENT VISIT HIGH MDM","billing_code_type":"CPT","billing_code_type_version":"2020","billing_code":"99285","description":"EMERGENCY DEPARTMENT VISIT HIGH MDM","allowed_amounts":[{"tin":{"type":"ein","value":"862767498"},"service_code":["23"],"billing_class":"professional","payments":[{"allowed_amount":278.93,"billing_code_modifier":[""],"providers":[{"billed_charge":1215.00,"npi":[1275720377,1366021834,1386201259]}]}]},{"tin":{"type":"ein","value":"921786783"},"service_code":["23"],"billing_class":"professional","payments":[{"allowed_amount":278.93,"billing_code_modifier":[""],"providers":[{"billed_charge":953.00,"npi":[1043571847,1114626017,1891938122]}]}]},{"tin":{"type":"ein","value":"953101325"},"service_code":["23"],"billing_class":"professional","payments":[{"allowed_amount":227.04,"billing_code_modifier":[""],"providers":[{"billed_charge":700.00,"npi":[1508202144,1831294594,1871501916]}]}]},{"tin":{"type":"ein","value":"953192932"},"service_code":["23"],"billing_class":"professional","payments":[{"allowed_amount":278.93,"billing_code_modifier":[""],"providers":[{"billed_charge":829.00,"npi":[1043215379,1871535286,1922269950]}]}]},{"tin":{"type":"ein","value":"954481360"},"service_code":["23"],"billing_class":"professional","payments":[{"allowed_amount":227.04,"billing_code_modifier":[""],"providers":[{"billed_charge":834.00,"npi":[1124292701,1265836696,1518917913,1750368577,1902844988]}]}]},{"tin":{"type":"ein","value":"954481360"},"service_code":["23"],"billing_class":"professional","payments":[{"allowed_amount":278.93,"billing_code_modifier":[""],"providers":[{"billed_charge":834.00,"npi":[1073558235,1093986788,1386906311,1447400528,1477116051,1518917913,1902844988]}]}]},{"tin":{"type":"ein","value":"954534163"},"service_code":["23"],"billing_class":"professional","payments":[{"allowed_amount":227.04,"billing_code_modifier":[""],"providers":[{"billed_charge":746.00,"npi":[1013470384,1184018145,1184048712,1467459776]}]}]},{"tin":{"type":"ein","value":"954534163"},"service_code":["23"],"billing_class":"professional","payments":[{"allowed_amount":278.93,"billing_code_modifier":[""],"providers":[{"billed_charge":746.00,"npi":[1013334168,1043444615,1184048712,1275807281,1467459776,1467815936,1487882841,1508391681,1588600993,1598127284,1649663394,1720240526,1740721679,1801183173]}]}]}]},{"name":"EMERGENCY DEPARTMENT VISIT MODERATE MDM","billing_code_type":"CPT","billing_code_type_version":"2020","billing_code":"99284","description":"EMERGENCY DEPARTMENT VISIT MODERATE MDM","allowed_amounts":[{"tin":{"type":"ein","value":"330729128"},"service_code":["23"],"billing_class":"professional","payments":[{"allowed_amount":184.93,"billing_code_modifier":[""],"providers":[{"billed_charge":950.47,"npi":[1073542916,1518991322,1992752315]}]}]},{"tin":{"type":"ein","value":"451833448"},"service_code":["23"],"billing_class":"professional","payments":[{"allowed_amount":184.93,"billing_code_modifier":[""],"providers":[{"billed_charge":1130.00,"npi":[1063412005,1376834937,1891182374]}]}]},{"tin":{"type":"ein","value":"472319983"},"service_code":["23"],"billing_class":"professional","payments":[{"allowed_amount":184.93,"billing_code_modifier":[""],"providers":[{"billed_charge":1118.21,"npi":[1053358127,1114367497,1649530833,1841679289]}]}]},{"tin":{"type":"ein","value":"881040917"},"service_code":["23"],"billing_class":"professional","payments":[{"allowed_amount":184.93,"billing_code_modifier":[""],"providers":[{"billed_charge":718.00,"npi":[1023000569,1689364721,1912352170]}]}]},{"tin":{"type":"ein","value":"954534163"},"service_code":["23"],"billing_class":"professional","payments":[{"allowed_amount":184.93,"billing_code_modifier":[""],"providers":[{"billed_charge":515.00,"npi":[1013334168,1043444615,1184048712,1467459776,1508391681,1598127284,1801183173,1922030238]}]}]}]},{"name":"MEDICAL\/SURGICAL SUPPLIES","billing_code_type":"RC","billing_code_type_version":"UB04","billing_code":"0270","description":"MEDICAL\/SURGICAL SUPPLIES","allowed_amounts":[{"tin":{"type":"ein","value":"475239554"},"service_code":["65"],"billing_class":"institutional","payments":[{"allowed_amount":7.07,"billing_code_modifier":[""],"providers":[{"billed_charge":142.00,"npi":[1023483328,1952356214]}]}]}]},{"name":"SERVICES PROVIDED BTW 10 PM&8 AM AT 24-HR FACI","billing_code_type":"CPT","billing_code_type_version":"2020","billing_code":"99053","description":"SERVICES PROVIDED BTW 10 PM&8 AM AT 24-HR FACI","allowed_amounts":[{"tin":{"type":"ein","value":"330729128"},"service_code":["23"],"billing_class":"professional","payments":[{"allowed_amount":0.00,"billing_code_modifier":[""],"providers":[{"billed_charge":100.46,"npi":[1073542916,1417980244,1992752315]}]}]},{"tin":{"type":"ein","value":"954534163"},"service_code":["23"],"billing_class":"professional","payments":[{"allowed_amount":0.00,"billing_code_modifier":[""],"providers":[{"billed_charge":100.00,"npi":[1013334168,1043444615,1184018145,1184048712,1467459776,1487882841,1508391681,1588600993,1801183173]}]}]}]}]}
