{"reporting_entity_name": "IEC Group_DBA AmeriBen",
	"reporting_entity_type": "Third Party Administrator",
	"plan_name": "MICROCHIP TECHNOLOGY INC",
	"plan_id_type": "ein",
	"plan_id": "860629024",
	"plan_market_type": "group",
	"last_updated_on": "2025-09-01","Version": "1.0.0","out_of_network":[{"name":"OFFICE\/OUTPATIENT ESTABLISHED LOW MDM 20 MIN","billing_code_type":"CPT","billing_code_type_version":"2020","billing_code":"99213","description":"OFFICE\/OUTPATIENT ESTABLISHED LOW MDM 20 MIN","allowed_amounts":[{"tin":{"type":"ein","value":"264244634"},"service_code":["11"],"billing_class":"professional","payments":[{"allowed_amount":0.00,"billing_code_modifier":[""],"providers":[{"billed_charge":210.00,"npi":[1508007444,1861508525]}]}]},{"tin":{"type":"ein","value":"710939842"},"service_code":["11"],"billing_class":"professional","payments":[{"allowed_amount":0.00,"billing_code_modifier":[""],"providers":[{"billed_charge":95.00,"npi":[1285829606,1821260738]}]}]},{"tin":{"type":"ein","value":"815089266"},"service_code":["11"],"billing_class":"professional","payments":[{"allowed_amount":0.00,"billing_code_modifier":[""],"providers":[{"billed_charge":286.20,"npi":[1124032339]}]}]},{"tin":{"type":"ein","value":"860143787"},"service_code":["11"],"billing_class":"professional","payments":[{"allowed_amount":0.00,"billing_code_modifier":[""],"providers":[{"billed_charge":46.23,"npi":[1124498498]}]}]}]},{"name":"PSYCHIATRIC\/PSYCHOLOGICAL TRT: INTENSIVE OUT SERV","billing_code_type":"RC","billing_code_type_version":"UB04","billing_code":"0906","description":"PSYCHIATRIC\/PSYCHOLOGICAL TRT: INTENSIVE OUT SERV","allowed_amounts":[{"tin":{"type":"ein","value":"472098685"},"service_code":["99"],"billing_class":"institutional","payments":[{"allowed_amount":0.00,"billing_code_modifier":[""],"providers":[{"billed_charge":5500.00,"npi":[1497178966,1508289174]}]}]}]},{"name":"THER PX 1\/> AREAS EACH 15 MIN NEUROMUSC REEDUCA","billing_code_type":"CPT","billing_code_type_version":"2020","billing_code":"97112","description":"THER PX 1\/> AREAS EACH 15 MIN NEUROMUSC REEDUCA","allowed_amounts":[{"tin":{"type":"ein","value":"452858635"},"service_code":["11"],"billing_class":"professional","payments":[{"allowed_amount":19.57,"billing_code_modifier":[""],"providers":[{"billed_charge":75.00,"npi":[1487879987,1518644913,1710683248]}]}]},{"tin":{"type":"ein","value":"815089266"},"service_code":["11"],"billing_class":"professional","payments":[{"allowed_amount":19.57,"billing_code_modifier":[""],"providers":[{"billed_charge":102.06,"npi":[1528554334]}]}]}]},{"name":"THERAPEUT ACTVITY DIRECT PT CONTACT EACH 15 MIN","billing_code_type":"CPT","billing_code_type_version":"2020","billing_code":"97530","description":"THERAPEUT ACTVITY DIRECT PT CONTACT EACH 15 MIN","allowed_amounts":[{"tin":{"type":"ein","value":"205959213"},"service_code":["11"],"billing_class":"professional","payments":[{"allowed_amount":103.19,"billing_code_modifier":[""],"providers":[{"billed_charge":300.00,"npi":[1063636777,1598448987]}]}]},{"tin":{"type":"ein","value":"364794715"},"service_code":["11"],"billing_class":"professional","payments":[{"allowed_amount":0.00,"billing_code_modifier":[""],"providers":[{"billed_charge":130.00,"npi":[1336542125,1386200566]}]}]},{"tin":{"type":"ein","value":"473633767"},"service_code":["11"],"billing_class":"professional","payments":[{"allowed_amount":0.00,"billing_code_modifier":[""],"providers":[{"billed_charge":401.40,"npi":[1023697174,1932101714]}]}]},{"tin":{"type":"ein","value":"710939842"},"service_code":["11"],"billing_class":"professional","payments":[{"allowed_amount":0.00,"billing_code_modifier":[""],"providers":[{"billed_charge":60.00,"npi":[1285829606,1821260738]}]}]},{"tin":{"type":"ein","value":"842490510"},"service_code":["11"],"billing_class":"professional","payments":[{"allowed_amount":0.00,"billing_code_modifier":[""],"providers":[{"billed_charge":105.00,"npi":[1033309976]}]}]}]},{"name":"THERAPEUTIC PX 1\/> AREAS EACH 15 MIN EXERCISES","billing_code_type":"CPT","billing_code_type_version":"2020","billing_code":"97110","description":"THERAPEUTIC PX 1\/> AREAS EACH 15 MIN EXERCISES","allowed_amounts":[{"tin":{"type":"ein","value":"205959213"},"service_code":["11"],"billing_class":"professional","payments":[{"allowed_amount":83.70,"billing_code_modifier":[""],"providers":[{"billed_charge":300.00,"npi":[1063636777,1104901743]}]}]},{"tin":{"type":"ein","value":"301326427"},"service_code":["11"],"billing_class":"professional","payments":[{"allowed_amount":0.00,"billing_code_modifier":[""],"providers":[{"billed_charge":115.00,"npi":[1295452423]}]}]},{"tin":{"type":"ein","value":"364794715"},"service_code":["11"],"billing_class":"professional","payments":[{"allowed_amount":0.00,"billing_code_modifier":[""],"providers":[{"billed_charge":65.00,"npi":[1336542125,1790749604]}]}]},{"tin":{"type":"ein","value":"473633767"},"service_code":["11"],"billing_class":"professional","payments":[{"allowed_amount":0.00,"billing_code_modifier":[""],"providers":[{"billed_charge":81.00,"npi":[1932101714]},{"billed_charge":81.40,"npi":[1023697174]},{"billed_charge":325.60,"npi":[1023697174]}]},{"allowed_amount":0.00,"billing_code_modifier":[""],"providers":[{"billed_charge":81.00,"npi":[1932101714]},{"billed_charge":81.40,"npi":[1023697174]},{"billed_charge":325.60,"npi":[1023697174]}]},{"allowed_amount":0.00,"billing_code_modifier":[""],"providers":[{"billed_charge":81.00,"npi":[1932101714]},{"billed_charge":81.40,"npi":[1023697174]},{"billed_charge":325.60,"npi":[1023697174]}]}]},{"tin":{"type":"ein","value":"473633767"},"service_code":["11"],"billing_class":"professional","payments":[{"allowed_amount":0.00,"billing_code_modifier":[""],"providers":[{"billed_charge":81.00,"npi":[1932101714]},{"billed_charge":81.40,"npi":[1023697174]},{"billed_charge":325.60,"npi":[1023697174]}]},{"allowed_amount":0.00,"billing_code_modifier":[""],"providers":[{"billed_charge":81.00,"npi":[1932101714]},{"billed_charge":81.40,"npi":[1023697174]},{"billed_charge":325.60,"npi":[1023697174]}]},{"allowed_amount":0.00,"billing_code_modifier":[""],"providers":[{"billed_charge":81.00,"npi":[1932101714]},{"billed_charge":81.40,"npi":[1023697174]},{"billed_charge":325.60,"npi":[1023697174]}]}]},{"tin":{"type":"ein","value":"473633767"},"service_code":["11"],"billing_class":"professional","payments":[{"allowed_amount":0.00,"billing_code_modifier":[""],"providers":[{"billed_charge":81.00,"npi":[1932101714]},{"billed_charge":81.40,"npi":[1023697174]},{"billed_charge":325.60,"npi":[1023697174]}]},{"allowed_amount":0.00,"billing_code_modifier":[""],"providers":[{"billed_charge":81.00,"npi":[1932101714]},{"billed_charge":81.40,"npi":[1023697174]},{"billed_charge":325.60,"npi":[1023697174]}]},{"allowed_amount":0.00,"billing_code_modifier":[""],"providers":[{"billed_charge":81.00,"npi":[1932101714]},{"billed_charge":81.40,"npi":[1023697174]},{"billed_charge":325.60,"npi":[1023697174]}]}]},{"tin":{"type":"ein","value":"710939842"},"service_code":["11"],"billing_class":"professional","payments":[{"allowed_amount":0.00,"billing_code_modifier":[""],"providers":[{"billed_charge":50.00,"npi":[1285829606,1821260738]},{"billed_charge":100.00,"npi":[1285829606,1821260738]}]},{"allowed_amount":0.00,"billing_code_modifier":[""],"providers":[{"billed_charge":50.00,"npi":[1285829606,1821260738]},{"billed_charge":100.00,"npi":[1285829606,1821260738]}]}]},{"tin":{"type":"ein","value":"710939842"},"service_code":["11"],"billing_class":"professional","payments":[{"allowed_amount":0.00,"billing_code_modifier":[""],"providers":[{"billed_charge":50.00,"npi":[1285829606,1821260738]},{"billed_charge":100.00,"npi":[1285829606,1821260738]}]},{"allowed_amount":0.00,"billing_code_modifier":[""],"providers":[{"billed_charge":50.00,"npi":[1285829606,1821260738]},{"billed_charge":100.00,"npi":[1285829606,1821260738]}]}]},{"tin":{"type":"ein","value":"815089266"},"service_code":["11"],"billing_class":"professional","payments":[{"allowed_amount":0.00,"billing_code_modifier":[""],"providers":[{"billed_charge":87.99,"npi":[1124032339]}]}]},{"tin":{"type":"ein","value":"833320742"},"service_code":["11"],"billing_class":"professional","payments":[{"allowed_amount":0.00,"billing_code_modifier":[""],"providers":[{"billed_charge":140.00,"npi":[1124202478,1588121032]}]}]}]}]}
