{"reporting_entity_name": "IEC Group_DBA AmeriBen",
	"reporting_entity_type": "Third Party Administrator",
	"plan_name": "JADEX INC.",
	"plan_id_type": "ein",
	"plan_id": "834045964",
	"plan_market_type": "group",
	"last_updated_on": "2025-11-01","Version": "1.0.0","out_of_network":[{"name":"CAPD OPD\/HOME: CAPD COMP OR OTHER RATE","billing_code_type":"RC","billing_code_type_version":"UB04","billing_code":"0841","description":"CAPD OPD\/HOME: CAPD COMP OR OTHER RATE","allowed_amounts":[{"tin":{"type":"ein","value":"364866897"},"service_code":["65"],"billing_class":"institutional","payments":[{"allowed_amount":282.01,"billing_code_modifier":[""],"providers":[{"billed_charge":6122.43,"npi":[1356857577,1427031780]}]}]}]},{"name":"CCPD OPD\/HOME: CCPD COMP OR OTHER RATE","billing_code_type":"RC","billing_code_type_version":"UB04","billing_code":"0851","description":"CCPD OPD\/HOME: CCPD COMP OR OTHER RATE","allowed_amounts":[{"tin":{"type":"ein","value":"364866897"},"service_code":["65"],"billing_class":"institutional","payments":[{"allowed_amount":242.33,"billing_code_modifier":[""],"providers":[{"billed_charge":6122.43,"npi":[1356857577,1427031780]}]}]},{"tin":{"type":"ein","value":"452744287"},"service_code":["65"],"billing_class":"institutional","payments":[{"allowed_amount":303.74,"billing_code_modifier":[""],"providers":[{"billed_charge":2011.76,"npi":[1326314295]}]}]}]},{"name":"RESIDENTIAL TREATMENT-PSYCHIATRIC","billing_code_type":"RC","billing_code_type_version":"UB04","billing_code":"1001","description":"RESIDENTIAL TREATMENT-PSYCHIATRIC","allowed_amounts":[{"tin":{"type":"ein","value":"880655795"},"service_code":["21"],"billing_class":"institutional","payments":[{"allowed_amount":1255.00,"billing_code_modifier":[""],"providers":[{"billed_charge":5500.00,"npi":[1154917185,1427818731]}]}]}]}]}
