{"reporting_entity_name": "IEC Group_DBA AmeriBen",
	"reporting_entity_type": "Third Party Administrator",
	"plan_name": "ROBINSON HELICOPTER COMPANY",
	"plan_id_type": "ein",
	"plan_id": "952834107",
	"plan_market_type": "group",
	"last_updated_on": "2023-01-03","Version": "1.0.0","out_of_network":[{"name":"EMERGENCY DEPARTMENT VISIT HIGH\/URGENT SEVERITY","billing_code_type":"CPT","billing_code_type_version":"2020","billing_code":"99284","description":"EMERGENCY DEPARTMENT VISIT HIGH\/URGENT SEVERITY","allowed_amounts":[{"tin":{"type":"ein","value":"954534163"},"service_code":["23"],"billing_class":"professional","payments":[{"allowed_amount":146.00,"billing_code_modifier":[""],"providers":[{"billed_charge":499.00,"npi":[1013334168,1114956299,1124123054,1184018145,1184048712,1225148042,1467459776,1588600993]},{"billed_charge":515.00,"npi":[1124123054,1124211248,1184048712,1376746644,1467459776,1669542841]}]},{"allowed_amount":146.00,"billing_code_modifier":[""],"providers":[{"billed_charge":499.00,"npi":[1013334168,1114956299,1124123054,1184018145,1184048712,1225148042,1467459776,1588600993]},{"billed_charge":515.00,"npi":[1124123054,1124211248,1184048712,1376746644,1467459776,1669542841]}]}]},{"tin":{"type":"ein","value":"954534163"},"service_code":["23"],"billing_class":"professional","payments":[{"allowed_amount":146.00,"billing_code_modifier":[""],"providers":[{"billed_charge":499.00,"npi":[1013334168,1114956299,1124123054,1184018145,1184048712,1225148042,1467459776,1588600993]},{"billed_charge":515.00,"npi":[1124123054,1124211248,1184048712,1376746644,1467459776,1669542841]}]},{"allowed_amount":146.00,"billing_code_modifier":[""],"providers":[{"billed_charge":499.00,"npi":[1013334168,1114956299,1124123054,1184018145,1184048712,1225148042,1467459776,1588600993]},{"billed_charge":515.00,"npi":[1124123054,1124211248,1184048712,1376746644,1467459776,1669542841]}]}]}]},{"name":"EMERGENCY DEPT VISIT HIGH SEVERITY&THREAT FUNCJ","billing_code_type":"CPT","billing_code_type_version":"2020","billing_code":"99285","description":"EMERGENCY DEPT VISIT HIGH SEVERITY&THREAT FUNCJ","allowed_amounts":[{"tin":{"type":"ein","value":"200463713"},"service_code":["23"],"billing_class":"professional","payments":[{"allowed_amount":199.98,"billing_code_modifier":[""],"providers":[{"billed_charge":2308.00,"npi":[1184655581,1306878624,1730250580]}]}]},{"tin":{"type":"ein","value":"954481360"},"service_code":["23"],"billing_class":"professional","payments":[{"allowed_amount":199.98,"billing_code_modifier":[""],"providers":[{"billed_charge":796.00,"npi":[1073558235,1093986788,1518151968,1518917913,1598866642,1902844988]}]}]},{"tin":{"type":"ein","value":"954534163"},"service_code":["23"],"billing_class":"professional","payments":[{"allowed_amount":199.98,"billing_code_modifier":[""],"providers":[{"billed_charge":734.00,"npi":[1003917147,1043444615,1124123054,1184048712,1194773424,1275807281,1285925271,1467459776,1467815936]}]}]}]},{"name":"HANDLG&\/OR CONVEY OF SPEC FOR TR OFFICE TO LAB","billing_code_type":"CPT","billing_code_type_version":"2020","billing_code":"99000","description":"HANDLG&\/OR CONVEY OF SPEC FOR TR OFFICE TO LAB","allowed_amounts":[{"tin":{"type":"ein","value":"510586004"},"service_code":["11"],"billing_class":"professional","payments":[{"allowed_amount":0.00,"billing_code_modifier":[""],"providers":[{"billed_charge":15.00,"npi":[1467643544,1942308424]}]}]}]},{"name":"IA DET DNA\/RNA; COVID-19 AMP P T","billing_code_type":"HCPCS","billing_code_type_version":"HCPCS LEVEL II 2021","billing_code":"U0003","description":"IA DET DNA\/RNA; COVID-19 AMP P T","allowed_amounts":[{"tin":{"type":"ein","value":"030438683"},"service_code":["81"],"billing_class":"professional","payments":[{"allowed_amount":75.00,"billing_code_modifier":[""],"providers":[{"billed_charge":300.00,"npi":[1144774613,1699742601]}]}]},{"tin":{"type":"ein","value":"030511037"},"service_code":["81"],"billing_class":"professional","payments":[{"allowed_amount":75.00,"billing_code_modifier":[""],"providers":[{"billed_charge":375.00,"npi":[1790234839,1821110453]}]}]},{"tin":{"type":"ein","value":"263840549"},"service_code":["81"],"billing_class":"professional","payments":[{"allowed_amount":75.00,"billing_code_modifier":[""],"providers":[{"billed_charge":110.00,"npi":[1023253556,1518905181]}]}]},{"tin":{"type":"ein","value":"464163620"},"service_code":["81"],"billing_class":"professional","payments":[{"allowed_amount":75.00,"billing_code_modifier":[""],"providers":[{"billed_charge":250.00,"npi":[1265854855,1881937506,1912008087]}]}]},{"tin":{"type":"ein","value":"810701839"},"service_code":["81"],"billing_class":"professional","payments":[{"allowed_amount":75.00,"billing_code_modifier":[""],"providers":[{"billed_charge":250.00,"npi":[1548254089,1659969376]}]}]},{"tin":{"type":"ein","value":"822633592"},"service_code":["81"],"billing_class":"professional","payments":[{"allowed_amount":75.00,"billing_code_modifier":[""],"providers":[{"billed_charge":200.00,"npi":[1043255938,1134201791,1538686597]}]}]},{"tin":{"type":"ein","value":"843801868"},"service_code":["81"],"billing_class":"professional","payments":[{"allowed_amount":75.00,"billing_code_modifier":[""],"providers":[{"billed_charge":150.00,"npi":[1376035675,1568133411,1912008087]}]}]},{"tin":{"type":"ein","value":"852364612"},"service_code":["81"],"billing_class":"professional","payments":[{"allowed_amount":75.00,"billing_code_modifier":[""],"providers":[{"billed_charge":225.00,"npi":[1740685387,1790386746]}]}]},{"tin":{"type":"ein","value":"853331033"},"service_code":["81"],"billing_class":"professional","payments":[{"allowed_amount":75.00,"billing_code_modifier":[""],"providers":[{"billed_charge":187.00,"npi":[1043255938,1417554098]}]}]},{"tin":{"type":"ein","value":"862097450"},"service_code":["81"],"billing_class":"professional","payments":[{"allowed_amount":75.00,"billing_code_modifier":[""],"providers":[{"billed_charge":187.50,"npi":[1033880224,1164484697]}]}]},{"tin":{"type":"ein","value":"871682612"},"service_code":["81"],"billing_class":"professional","payments":[{"allowed_amount":75.00,"billing_code_modifier":[""],"providers":[{"billed_charge":200.00,"npi":[1346912466,1417053257]}]}]},{"tin":{"type":"ein","value":"873102949"},"service_code":["81"],"billing_class":"professional","payments":[{"allowed_amount":75.00,"billing_code_modifier":[""],"providers":[{"billed_charge":249.00,"npi":[1144847351,1285172072,1356005920,1841825965,1972710440]}]}]}]},{"name":"IAAD IA SARSCOV & INFLUENZA VIRUS TYPES A&B","billing_code_type":"CPT","billing_code_type_version":"2020","billing_code":"87428","description":"IAAD IA SARSCOV & INFLUENZA VIRUS TYPES A&B","allowed_amounts":[{"tin":{"type":"ein","value":"510586004"},"service_code":["11"],"billing_class":"professional","payments":[{"allowed_amount":80.00,"billing_code_modifier":[""],"providers":[{"billed_charge":80.00,"npi":[1467643544,1942308424]}]}]}]},{"name":"INFEC AGEN DETEC AMPLI PROBE","billing_code_type":"HCPCS","billing_code_type_version":"HCPCS LEVEL II 2021","billing_code":"U0005","description":"INFEC AGEN DETEC AMPLI PROBE","allowed_amounts":[{"tin":{"type":"ein","value":"030438683"},"service_code":["81"],"billing_class":"professional","payments":[{"allowed_amount":25.00,"billing_code_modifier":[""],"providers":[{"billed_charge":50.00,"npi":[1144774613,1699742601]}]}]},{"tin":{"type":"ein","value":"030511037"},"service_code":["81"],"billing_class":"professional","payments":[{"allowed_amount":25.00,"billing_code_modifier":[""],"providers":[{"billed_charge":125.00,"npi":[1790234839,1821110453]}]}]},{"tin":{"type":"ein","value":"263840549"},"service_code":["81"],"billing_class":"professional","payments":[{"allowed_amount":25.00,"billing_code_modifier":[""],"providers":[{"billed_charge":25.00,"npi":[1023253556,1518905181]}]}]},{"tin":{"type":"ein","value":"464105985"},"service_code":["81"],"billing_class":"professional","payments":[{"allowed_amount":25.00,"billing_code_modifier":[""],"providers":[{"billed_charge":30.00,"npi":[1437599164,1962585828]}]}]},{"tin":{"type":"ein","value":"464163620"},"service_code":["81"],"billing_class":"professional","payments":[{"allowed_amount":25.00,"billing_code_modifier":[""],"providers":[{"billed_charge":25.00,"npi":[1265854855,1881937506,1912008087]}]}]},{"tin":{"type":"ein","value":"474777175"},"service_code":["81"],"billing_class":"professional","payments":[{"allowed_amount":25.00,"billing_code_modifier":[""],"providers":[{"billed_charge":95.00,"npi":[1205410933,1497015085]}]}]},{"tin":{"type":"ein","value":"810701839"},"service_code":["81"],"billing_class":"professional","payments":[{"allowed_amount":25.00,"billing_code_modifier":[""],"providers":[{"billed_charge":100.00,"npi":[1548254089,1659969376]}]}]},{"tin":{"type":"ein","value":"822633592"},"service_code":["81"],"billing_class":"professional","payments":[{"allowed_amount":25.00,"billing_code_modifier":[""],"providers":[{"billed_charge":50.00,"npi":[1043255938,1134201791,1538686597]}]}]},{"tin":{"type":"ein","value":"822809864"},"service_code":["81"],"billing_class":"professional","payments":[{"allowed_amount":25.00,"billing_code_modifier":[""],"providers":[{"billed_charge":75.00,"npi":[1306518659,1356728091]}]}]},{"tin":{"type":"ein","value":"831342609"},"service_code":["81"],"billing_class":"professional","payments":[{"allowed_amount":25.00,"billing_code_modifier":[""],"providers":[{"billed_charge":100.00,"npi":[1073101028,1487815387]}]}]},{"tin":{"type":"ein","value":"843801868"},"service_code":["81"],"billing_class":"professional","payments":[{"allowed_amount":25.00,"billing_code_modifier":[""],"providers":[{"billed_charge":50.00,"npi":[1376035675,1568133411]}]}]},{"tin":{"type":"ein","value":"852364612"},"service_code":["81"],"billing_class":"professional","payments":[{"allowed_amount":25.00,"billing_code_modifier":[""],"providers":[{"billed_charge":75.00,"npi":[1740685387,1790386746]}]}]},{"tin":{"type":"ein","value":"853331033"},"service_code":["81"],"billing_class":"professional","payments":[{"allowed_amount":25.00,"billing_code_modifier":[""],"providers":[{"billed_charge":63.00,"npi":[1043255938,1417554098]}]}]},{"tin":{"type":"ein","value":"862097450"},"service_code":["81"],"billing_class":"professional","payments":[{"allowed_amount":25.00,"billing_code_modifier":[""],"providers":[{"billed_charge":62.50,"npi":[1033880224,1164484697]}]}]},{"tin":{"type":"ein","value":"862741576"},"service_code":["81"],"billing_class":"professional","payments":[{"allowed_amount":25.00,"billing_code_modifier":[""],"providers":[{"billed_charge":118.00,"npi":[1225224389,1790361756]}]}]},{"tin":{"type":"ein","value":"871682612"},"service_code":["81"],"billing_class":"professional","payments":[{"allowed_amount":25.00,"billing_code_modifier":[""],"providers":[{"billed_charge":125.00,"npi":[1346912466,1417053257]}]}]},{"tin":{"type":"ein","value":"873102949"},"service_code":["81"],"billing_class":"professional","payments":[{"allowed_amount":25.00,"billing_code_modifier":[""],"providers":[{"billed_charge":75.00,"npi":[1144847351,1285172072,1356005920,1841825965,1972710440]}]}]}]},{"name":"SPEC COLL SNF\/LAB COVID-19","billing_code_type":"HCPCS","billing_code_type_version":"HCPCS LEVEL II 2021","billing_code":"G2024","description":"SPEC COLL SNF\/LAB COVID-19","allowed_amounts":[{"tin":{"type":"ein","value":"822633592"},"service_code":["81"],"billing_class":"professional","payments":[{"allowed_amount":25.46,"billing_code_modifier":[""],"providers":[{"billed_charge":51.00,"npi":[1043255938,1134201791,1538686597]}]}]}]},{"name":"SPECIMEN COLLECT COVID-19","billing_code_type":"HCPCS","billing_code_type_version":"HCPCS LEVEL II 2021","billing_code":"G2023","description":"SPECIMEN COLLECT COVID-19","allowed_amounts":[{"tin":{"type":"ein","value":"030438683"},"service_code":["81"],"billing_class":"professional","payments":[{"allowed_amount":23.46,"billing_code_modifier":[""],"providers":[{"billed_charge":50.00,"npi":[1144774613,1699742601]}]}]},{"tin":{"type":"ein","value":"263840549"},"service_code":["81"],"billing_class":"professional","payments":[{"allowed_amount":23.46,"billing_code_modifier":[""],"providers":[{"billed_charge":25.00,"npi":[1023253556,1518905181]}]}]},{"tin":{"type":"ein","value":"361924025"},"service_code":["21"],"billing_class":"professional","payments":[{"allowed_amount":23.46,"billing_code_modifier":[""],"providers":[{"billed_charge":28.99,"npi":[1548494693,1639279417]}]}]},{"tin":{"type":"ein","value":"464163620"},"service_code":["81"],"billing_class":"professional","payments":[{"allowed_amount":23.46,"billing_code_modifier":[""],"providers":[{"billed_charge":50.00,"npi":[1265854855,1881937506,1912008087]}]}]},{"tin":{"type":"ein","value":"474777175"},"service_code":["81"],"billing_class":"professional","payments":[{"allowed_amount":23.46,"billing_code_modifier":[""],"providers":[{"billed_charge":150.00,"npi":[1205410933,1497015085]}]}]},{"tin":{"type":"ein","value":"810701839"},"service_code":["81"],"billing_class":"professional","payments":[{"allowed_amount":23.46,"billing_code_modifier":[""],"providers":[{"billed_charge":100.00,"npi":[1548254089,1659969376]}]}]},{"tin":{"type":"ein","value":"831342609"},"service_code":["81"],"billing_class":"professional","payments":[{"allowed_amount":23.46,"billing_code_modifier":[""],"providers":[{"billed_charge":50.00,"npi":[1073101028,1487815387]}]}]},{"tin":{"type":"ein","value":"852421177"},"service_code":["81"],"billing_class":"professional","payments":[{"allowed_amount":23.46,"billing_code_modifier":[""],"providers":[{"billed_charge":48.00,"npi":[1043313992,1366048019]}]}]},{"tin":{"type":"ein","value":"861287804"},"service_code":["11","81"],"billing_class":"professional","payments":[{"allowed_amount":23.46,"billing_code_modifier":[""],"providers":[{"billed_charge":75.00,"npi":[1336191980,1952067027]}]}]},{"tin":{"type":"ein","value":"862097450"},"service_code":["81"],"billing_class":"professional","payments":[{"allowed_amount":23.46,"billing_code_modifier":[""],"providers":[{"billed_charge":58.65,"npi":[1033880224,1164484697]}]}]},{"tin":{"type":"ein","value":"873102949"},"service_code":["81"],"billing_class":"professional","payments":[{"allowed_amount":23.46,"billing_code_modifier":[""],"providers":[{"billed_charge":46.92,"npi":[1356005920,1972710440]}]}]}]}]}
