{"reporting_entity_name": "IEC Group_DBA AmeriBen",
	"reporting_entity_type": "Third Party Administrator",
	"plan_name": "BOB'S DISCOUNT FURNITURE, LLC",
	"plan_id_type": "ein",
	"plan_id": "202149352",
	"plan_market_type": "group",
	"last_updated_on": "2025-05-01","Version": "1.0.0","out_of_network":[{"name":"APPLICATION MODALITY 1\/> AREAS HOT\/COLD PACKS","billing_code_type":"CPT","billing_code_type_version":"2020","billing_code":"97010","description":"APPLICATION MODALITY 1\/> AREAS HOT\/COLD PACKS","allowed_amounts":[{"tin":{"type":"ein","value":"823730468"},"service_code":["11"],"billing_class":"professional","payments":[{"allowed_amount":0.00,"billing_code_modifier":[""],"providers":[{"billed_charge":37.00,"npi":[1144584152,1497253991]}]}]}]},{"name":"BASIC METABOLIC PANEL CALCIUM TOTAL","billing_code_type":"CPT","billing_code_type_version":"2020","billing_code":"80048","description":"BASIC METABOLIC PANEL CALCIUM TOTAL","allowed_amounts":[{"tin":{"type":"ein","value":"900110660"},"service_code":["11"],"billing_class":"professional","payments":[{"allowed_amount":5.32,"billing_code_modifier":[""],"providers":[{"billed_charge":290.00,"npi":[1114977071,1528150562]}]}]}]},{"name":"BLOOD COUNT COMPLETE AUTO&AUTO DIFRNTL WBC","billing_code_type":"CPT","billing_code_type_version":"2020","billing_code":"85025","description":"BLOOD COUNT COMPLETE AUTO&AUTO DIFRNTL WBC","allowed_amounts":[{"tin":{"type":"ein","value":"900110660"},"service_code":["11"],"billing_class":"professional","payments":[{"allowed_amount":4.89,"billing_code_modifier":[""],"providers":[{"billed_charge":268.00,"npi":[1114977071,1528150562]}]}]}]},{"name":"CALC BMI ABV UP PARAM F\/U","billing_code_type":"HCPCS","billing_code_type_version":"HCPCS LEVEL II 2021","billing_code":"G8417","description":"CALC BMI ABV UP PARAM F\/U","allowed_amounts":[{"tin":{"type":"ein","value":"900110660"},"service_code":["11"],"billing_class":"professional","payments":[{"allowed_amount":0.00,"billing_code_modifier":[""],"providers":[{"billed_charge":0.01,"npi":[1114977071,1528150562]}]}]}]},{"name":"CCPD OPD\/HOME: CCPD COMP OR OTHER RATE","billing_code_type":"RC","billing_code_type_version":"UB04","billing_code":"0851","description":"CCPD OPD\/HOME: CCPD COMP OR OTHER RATE","allowed_amounts":[{"tin":{"type":"ein","value":"611713824"},"service_code":["65"],"billing_class":"institutional","payments":[{"allowed_amount":224.53,"billing_code_modifier":[""],"providers":[{"billed_charge":6122.43,"npi":[1053374934,1275970980]}]}]},{"tin":{"type":"ein","value":"611713824"},"service_code":["65"],"billing_class":"institutional","payments":[{"allowed_amount":265.28,"billing_code_modifier":[""],"providers":[{"billed_charge":6122.43,"npi":[1053374934,1275970980]}]}]},{"tin":{"type":"ein","value":"611713824"},"service_code":["65"],"billing_class":"institutional","payments":[{"allowed_amount":274.79,"billing_code_modifier":[""],"providers":[{"billed_charge":6122.43,"npi":[1053374934,1275970980]}]}]},{"tin":{"type":"ein","value":"611713824"},"service_code":["65"],"billing_class":"institutional","payments":[{"allowed_amount":306.89,"billing_code_modifier":[""],"providers":[{"billed_charge":6122.43,"npi":[1053374934,1275970980]}]}]}]},{"name":"CHEMOTX ADMN IV NFS TQ UP 1 HR 1\/1ST SBST\/DRUG","billing_code_type":"CPT","billing_code_type_version":"2020","billing_code":"96413","description":"CHEMOTX ADMN IV NFS TQ UP 1 HR 1\/1ST SBST\/DRUG","allowed_amounts":[{"tin":{"type":"ein","value":"900110660"},"service_code":["11"],"billing_class":"professional","payments":[{"allowed_amount":183.25,"billing_code_modifier":[""],"providers":[{"billed_charge":1694.00,"npi":[1114977071,1528150562]},{"billed_charge":2118.00,"npi":[1114977071,1528150562]}]},{"allowed_amount":183.25,"billing_code_modifier":[""],"providers":[{"billed_charge":1694.00,"npi":[1114977071,1528150562]},{"billed_charge":2118.00,"npi":[1114977071,1528150562]}]}]},{"tin":{"type":"ein","value":"900110660"},"service_code":["11"],"billing_class":"professional","payments":[{"allowed_amount":183.25,"billing_code_modifier":[""],"providers":[{"billed_charge":1694.00,"npi":[1114977071,1528150562]},{"billed_charge":2118.00,"npi":[1114977071,1528150562]}]},{"allowed_amount":183.25,"billing_code_modifier":[""],"providers":[{"billed_charge":1694.00,"npi":[1114977071,1528150562]},{"billed_charge":2118.00,"npi":[1114977071,1528150562]}]}]}]},{"name":"CHIROPRACTIC MANIPLTV TX EXTRASPINAL 1\/> REGION","billing_code_type":"CPT","billing_code_type_version":"2020","billing_code":"98943","description":"CHIROPRACTIC MANIPLTV TX EXTRASPINAL 1\/> REGION","allowed_amounts":[{"tin":{"type":"ein","value":"823730468"},"service_code":["11"],"billing_class":"professional","payments":[{"allowed_amount":22.78,"billing_code_modifier":[""],"providers":[{"billed_charge":70.00,"npi":[1144584152,1497253991]}]}]}]},{"name":"CHIROPRACTIC MANIPULATIVE TX SPINAL 1-2 REGIONS","billing_code_type":"CPT","billing_code_type_version":"2020","billing_code":"98940","description":"CHIROPRACTIC MANIPULATIVE TX SPINAL 1-2 REGIONS","allowed_amounts":[{"tin":{"type":"ein","value":"823730468"},"service_code":["11"],"billing_class":"professional","payments":[{"allowed_amount":24.25,"billing_code_modifier":[""],"providers":[{"billed_charge":80.00,"npi":[1144584152,1497253991]}]}]}]},{"name":"COLLECTION VENOUS BLOOD VENIPUNCTURE","billing_code_type":"CPT","billing_code_type_version":"2020","billing_code":"36415","description":"COLLECTION VENOUS BLOOD VENIPUNCTURE","allowed_amounts":[{"tin":{"type":"ein","value":"201236503"},"service_code":["81"],"billing_class":"professional","payments":[{"allowed_amount":0.00,"billing_code_modifier":[""],"providers":[{"billed_charge":34.28,"npi":[1225110497,1295709061]}]}]},{"tin":{"type":"ein","value":"900110660"},"service_code":["11"],"billing_class":"professional","payments":[{"allowed_amount":0.00,"billing_code_modifier":[""],"providers":[{"billed_charge":125.00,"npi":[1114977071,1528150562]}]}]}]},{"name":"CURRENT TOBACCO NON-USER CAD CAP COPD PV DM","billing_code_type":"CPT","billing_code_type_version":"2020","billing_code":"1036F","description":"CURRENT TOBACCO NON-USER CAD CAP COPD PV DM","allowed_amounts":[{"tin":{"type":"ein","value":"900110660"},"service_code":["11"],"billing_class":"professional","payments":[{"allowed_amount":0.00,"billing_code_modifier":[""],"providers":[{"billed_charge":0.01,"npi":[1114977071,1528150562]}]}]}]},{"name":"DOCREV CUR MEDS BY ELIG CLIN","billing_code_type":"HCPCS","billing_code_type_version":"HCPCS LEVEL II 2021","billing_code":"G8427","description":"DOCREV CUR MEDS BY ELIG CLIN","allowed_amounts":[{"tin":{"type":"ein","value":"900110660"},"service_code":["11"],"billing_class":"professional","payments":[{"allowed_amount":0.00,"billing_code_modifier":[""],"providers":[{"billed_charge":0.01,"npi":[1114977071,1528150562]}]}]}]},{"name":"DRUG TEST DEF 1-7 CLASSES","billing_code_type":"HCPCS","billing_code_type_version":"HCPCS LEVEL II 2021","billing_code":"G0480","description":"DRUG TEST DEF 1-7 CLASSES","allowed_amounts":[{"tin":{"type":"ein","value":"814221217"},"service_code":["81"],"billing_class":"professional","payments":[{"allowed_amount":27.18,"billing_code_modifier":[""],"providers":[{"billed_charge":1340.50,"npi":[1134697196,1932472883]}]}]}]},{"name":"DRUG TEST DEF 22+ CLASSES","billing_code_type":"HCPCS","billing_code_type_version":"HCPCS LEVEL II 2021","billing_code":"G0483","description":"DRUG TEST DEF 22+ CLASSES","allowed_amounts":[{"tin":{"type":"ein","value":"814221217"},"service_code":["81"],"billing_class":"professional","payments":[{"allowed_amount":0.00,"billing_code_modifier":[""],"providers":[{"billed_charge":4250.56,"npi":[1134697196,1932472883]}]}]}]},{"name":"DRUG TST PRSMV INSTRMNT CHEM ANALYZERS PR DATE","billing_code_type":"CPT","billing_code_type_version":"2020","billing_code":"80307","description":"DRUG TST PRSMV INSTRMNT CHEM ANALYZERS PR DATE","allowed_amounts":[{"tin":{"type":"ein","value":"813115799"},"service_code":["81"],"billing_class":"professional","payments":[{"allowed_amount":24.42,"billing_code_modifier":[""],"providers":[{"billed_charge":2485.20,"npi":[1144742420,1306381694]}]}]},{"tin":{"type":"ein","value":"814221217"},"service_code":["81"],"billing_class":"professional","payments":[{"allowed_amount":24.42,"billing_code_modifier":[""],"providers":[{"billed_charge":3998.40,"npi":[1134697196,1932472883]}]}]}]},{"name":"DRUGS REQUIRE SPECIFIC ID: DRUGS REQUIRING DETAIL","billing_code_type":"RC","billing_code_type_version":"UB04","billing_code":"0636","description":"DRUGS REQUIRE SPECIFIC ID: DRUGS REQUIRING DETAIL","allowed_amounts":[{"tin":{"type":"ein","value":"043106961"},"service_code":["65"],"billing_class":"institutional","payments":[{"allowed_amount":22.60,"billing_code_modifier":[""],"providers":[{"billed_charge":618.80,"npi":[1053561167,1780921288]}]}]}]},{"name":"FLUOR NEEDLE\/CATH SPINE\/PARASPINAL DX\/THER ADDON","billing_code_type":"CPT","billing_code_type_version":"2020","billing_code":"77003","description":"FLUOR NEEDLE\/CATH SPINE\/PARASPINAL DX\/THER ADDON","allowed_amounts":[{"tin":{"type":"ein","value":"810699468"},"service_code":["24"],"billing_class":"professional","payments":[{"allowed_amount":0.00,"billing_code_modifier":[""],"providers":[{"billed_charge":600.00,"npi":[1225494016,1891962528]},{"billed_charge":1500.00,"npi":[1225494016,1891962528]}]},{"allowed_amount":0.00,"billing_code_modifier":[""],"providers":[{"billed_charge":600.00,"npi":[1225494016,1891962528]},{"billed_charge":1500.00,"npi":[1225494016,1891962528]}]}]},{"tin":{"type":"ein","value":"810699468"},"service_code":["24"],"billing_class":"professional","payments":[{"allowed_amount":0.00,"billing_code_modifier":[""],"providers":[{"billed_charge":600.00,"npi":[1225494016,1891962528]},{"billed_charge":1500.00,"npi":[1225494016,1891962528]}]},{"allowed_amount":0.00,"billing_code_modifier":[""],"providers":[{"billed_charge":600.00,"npi":[1225494016,1891962528]},{"billed_charge":1500.00,"npi":[1225494016,1891962528]}]}]}]},{"name":"HEMO OPD\/HOME: HEMODIALYSIS COMP OR OTHER RATE","billing_code_type":"RC","billing_code_type_version":"UB04","billing_code":"0821","description":"HEMO OPD\/HOME: HEMODIALYSIS COMP OR OTHER RATE","allowed_amounts":[{"tin":{"type":"ein","value":"043106961"},"service_code":["65"],"billing_class":"institutional","payments":[{"allowed_amount":322.49,"billing_code_modifier":[""],"providers":[{"billed_charge":8832.00,"npi":[1053561167,1780921288]}]}]}]},{"name":"IV INFUSION HYDRATION EACH ADDITIONAL HOUR","billing_code_type":"CPT","billing_code_type_version":"2020","billing_code":"96361","description":"IV INFUSION HYDRATION EACH ADDITIONAL HOUR","allowed_amounts":[{"tin":{"type":"ein","value":"900110660"},"service_code":["11"],"billing_class":"professional","payments":[{"allowed_amount":30.10,"billing_code_modifier":[""],"providers":[{"billed_charge":700.00,"npi":[1114977071,1528150562]},{"billed_charge":876.00,"npi":[1114977071,1528150562]}]},{"allowed_amount":30.10,"billing_code_modifier":[""],"providers":[{"billed_charge":700.00,"npi":[1114977071,1528150562]},{"billed_charge":876.00,"npi":[1114977071,1528150562]}]}]},{"tin":{"type":"ein","value":"900110660"},"service_code":["11"],"billing_class":"professional","payments":[{"allowed_amount":30.10,"billing_code_modifier":[""],"providers":[{"billed_charge":700.00,"npi":[1114977071,1528150562]},{"billed_charge":876.00,"npi":[1114977071,1528150562]}]},{"allowed_amount":30.10,"billing_code_modifier":[""],"providers":[{"billed_charge":700.00,"npi":[1114977071,1528150562]},{"billed_charge":876.00,"npi":[1114977071,1528150562]}]}]}]},{"name":"IV INFUSION THER PROPH ADDL SEQUENTIAL TO 1 HR","billing_code_type":"CPT","billing_code_type_version":"2020","billing_code":"96367","description":"IV INFUSION THER PROPH ADDL SEQUENTIAL TO 1 HR","allowed_amounts":[{"tin":{"type":"ein","value":"900110660"},"service_code":["11"],"billing_class":"professional","payments":[{"allowed_amount":96.25,"billing_code_modifier":[""],"providers":[{"billed_charge":2190.00,"npi":[1114977071,1528150562]},{"billed_charge":2739.00,"npi":[1114977071,1528150562]}]},{"allowed_amount":96.25,"billing_code_modifier":[""],"providers":[{"billed_charge":2190.00,"npi":[1114977071,1528150562]},{"billed_charge":2739.00,"npi":[1114977071,1528150562]}]}]},{"tin":{"type":"ein","value":"900110660"},"service_code":["11"],"billing_class":"professional","payments":[{"allowed_amount":96.25,"billing_code_modifier":[""],"providers":[{"billed_charge":2190.00,"npi":[1114977071,1528150562]},{"billed_charge":2739.00,"npi":[1114977071,1528150562]}]},{"allowed_amount":96.25,"billing_code_modifier":[""],"providers":[{"billed_charge":2190.00,"npi":[1114977071,1528150562]},{"billed_charge":2739.00,"npi":[1114977071,1528150562]}]}]}]},{"name":"MANUAL THERAPY TQS 1\/> REGIONS EACH 15 MINUTES","billing_code_type":"CPT","billing_code_type_version":"2020","billing_code":"97140","description":"MANUAL THERAPY TQS 1\/> REGIONS EACH 15 MINUTES","allowed_amounts":[{"tin":{"type":"ein","value":"823730468"},"service_code":["11"],"billing_class":"professional","payments":[{"allowed_amount":34.58,"billing_code_modifier":[""],"providers":[{"billed_charge":150.00,"npi":[1144584152,1497253991]}]}]}]},{"name":"MEDICAL\/SURGICAL SUPPLIES","billing_code_type":"RC","billing_code_type_version":"UB04","billing_code":"0270","description":"MEDICAL\/SURGICAL SUPPLIES","allowed_amounts":[{"tin":{"type":"ein","value":"043106961"},"service_code":["65"],"billing_class":"institutional","payments":[{"allowed_amount":5.44,"billing_code_modifier":[""],"providers":[{"billed_charge":149.10,"npi":[1053561167,1780921288]}]}]}]},{"name":"OFFICE\/OUTPATIENT ESTABLISHED HIGH MDM 40 MIN","billing_code_type":"CPT","billing_code_type_version":"2020","billing_code":"99215","description":"OFFICE\/OUTPATIENT ESTABLISHED HIGH MDM 40 MIN","allowed_amounts":[{"tin":{"type":"ein","value":"900110660"},"service_code":["11"],"billing_class":"professional","payments":[{"allowed_amount":104.56,"billing_code_modifier":[""],"providers":[{"billed_charge":2498.00,"npi":[1114977071,1528150562]}]}]}]},{"name":"PHARMACY","billing_code_type":"RC","billing_code_type_version":"UB04","billing_code":"0250","description":"PHARMACY","allowed_amounts":[{"tin":{"type":"ein","value":"043106961"},"service_code":["65"],"billing_class":"institutional","payments":[{"allowed_amount":10.87,"billing_code_modifier":[""],"providers":[{"billed_charge":297.90,"npi":[1053561167,1780921288]}]}]}]},{"name":"PSYCHIATRIC\/PSYCHOLOGICAL TRT: INTENSIVE OUTPATIEN","billing_code_type":"RC","billing_code_type_version":"UB04","billing_code":"0905","description":"PSYCHIATRIC\/PSYCHOLOGICAL TRT: INTENSIVE OUTPATIEN","allowed_amounts":[{"tin":{"type":"ein","value":"475598987"},"service_code":["99"],"billing_class":"institutional","payments":[{"allowed_amount":0.00,"billing_code_modifier":[""],"providers":[{"billed_charge":2850.00,"npi":[1164881280,1932472883]}]}]},{"tin":{"type":"ein","value":"475598987"},"service_code":["99"],"billing_class":"institutional","payments":[{"allowed_amount":520.00,"billing_code_modifier":[""],"providers":[{"billed_charge":2850.00,"npi":[1164881280,1932472883]}]}]},{"tin":{"type":"ein","value":"923304457"},"service_code":["22"],"billing_class":"institutional","payments":[{"allowed_amount":300.00,"billing_code_modifier":[""],"providers":[{"billed_charge":3200.00,"npi":[1053165274]}]}]}]},{"name":"PT SCRN TBCO ID AS NON USER","billing_code_type":"HCPCS","billing_code_type_version":"HCPCS LEVEL II 2021","billing_code":"G9903","description":"PT SCRN TBCO ID AS NON USER","allowed_amounts":[{"tin":{"type":"ein","value":"900110660"},"service_code":["11"],"billing_class":"professional","payments":[{"allowed_amount":0.00,"billing_code_modifier":[""],"providers":[{"billed_charge":0.01,"npi":[1114977071,1528150562]}]}]}]},{"name":"RESIDENTIAL TREATMENT-CHEMICAL DEPENDENCY","billing_code_type":"RC","billing_code_type_version":"UB04","billing_code":"1002","description":"RESIDENTIAL TREATMENT-CHEMICAL DEPENDENCY","allowed_amounts":[{"tin":{"type":"ein","value":"872765503"},"service_code":["21"],"billing_class":"institutional","payments":[{"allowed_amount":4391.00,"billing_code_modifier":[""],"providers":[{"billed_charge":5750.00,"npi":[1144742420,1841957057]}]}]}]},{"name":"SCR DEP NEG, NO PLAN REQD","billing_code_type":"HCPCS","billing_code_type_version":"HCPCS LEVEL II 2021","billing_code":"G8510","description":"SCR DEP NEG, NO PLAN REQD","allowed_amounts":[{"tin":{"type":"ein","value":"900110660"},"service_code":["11"],"billing_class":"professional","payments":[{"allowed_amount":0.00,"billing_code_modifier":[""],"providers":[{"billed_charge":0.01,"npi":[1114977071,1528150562]}]}]}]}]}
