{"reporting_entity_name": "IEC Group_DBA AmeriBen",
	"reporting_entity_type": "Third Party Administrator",
	"plan_name": "TUBA CITY REGIONAL HEALTH CARE",
	"plan_id_type": "ein",
	"plan_id": "043651340",
	"plan_market_type": "group",
	"last_updated_on": "2025-10-01","Version": "1.0.0","out_of_network":[{"name":"EMERGENCY DEPARTMENT VISIT LOW MDM","billing_code_type":"CPT","billing_code_type_version":"2020","billing_code":"99283","description":"EMERGENCY DEPARTMENT VISIT LOW MDM","allowed_amounts":[{"tin":{"type":"ein","value":"043651340"},"service_code":["23"],"billing_class":"professional","payments":[{"allowed_amount":92.38,"billing_code_modifier":[""],"providers":[{"billed_charge":155.00,"npi":[1336596600,1548294424]},{"billed_charge":180.00,"npi":[1124338504,1548294424]},{"billed_charge":190.00,"npi":[1124338504,1336596600,1417359605,1548294424]}]},{"allowed_amount":92.38,"billing_code_modifier":[""],"providers":[{"billed_charge":155.00,"npi":[1336596600,1548294424]},{"billed_charge":180.00,"npi":[1124338504,1548294424]},{"billed_charge":190.00,"npi":[1124338504,1336596600,1417359605,1548294424]}]},{"allowed_amount":92.38,"billing_code_modifier":[""],"providers":[{"billed_charge":155.00,"npi":[1336596600,1548294424]},{"billed_charge":180.00,"npi":[1124338504,1548294424]},{"billed_charge":190.00,"npi":[1124338504,1336596600,1417359605,1548294424]}]}]},{"tin":{"type":"ein","value":"043651340"},"service_code":["23"],"billing_class":"professional","payments":[{"allowed_amount":92.38,"billing_code_modifier":[""],"providers":[{"billed_charge":155.00,"npi":[1336596600,1548294424]},{"billed_charge":180.00,"npi":[1124338504,1548294424]},{"billed_charge":190.00,"npi":[1124338504,1336596600,1417359605,1548294424]}]},{"allowed_amount":92.38,"billing_code_modifier":[""],"providers":[{"billed_charge":155.00,"npi":[1336596600,1548294424]},{"billed_charge":180.00,"npi":[1124338504,1548294424]},{"billed_charge":190.00,"npi":[1124338504,1336596600,1417359605,1548294424]}]},{"allowed_amount":92.38,"billing_code_modifier":[""],"providers":[{"billed_charge":155.00,"npi":[1336596600,1548294424]},{"billed_charge":180.00,"npi":[1124338504,1548294424]},{"billed_charge":190.00,"npi":[1124338504,1336596600,1417359605,1548294424]}]}]},{"tin":{"type":"ein","value":"043651340"},"service_code":["23"],"billing_class":"professional","payments":[{"allowed_amount":92.38,"billing_code_modifier":[""],"providers":[{"billed_charge":155.00,"npi":[1336596600,1548294424]},{"billed_charge":180.00,"npi":[1124338504,1548294424]},{"billed_charge":190.00,"npi":[1124338504,1336596600,1417359605,1548294424]}]},{"allowed_amount":92.38,"billing_code_modifier":[""],"providers":[{"billed_charge":155.00,"npi":[1336596600,1548294424]},{"billed_charge":180.00,"npi":[1124338504,1548294424]},{"billed_charge":190.00,"npi":[1124338504,1336596600,1417359605,1548294424]}]},{"allowed_amount":92.38,"billing_code_modifier":[""],"providers":[{"billed_charge":155.00,"npi":[1336596600,1548294424]},{"billed_charge":180.00,"npi":[1124338504,1548294424]},{"billed_charge":190.00,"npi":[1124338504,1336596600,1417359605,1548294424]}]}]}]},{"name":"PSYCHIATRIC\/PSYCHOLOGICAL SVCS: PARTIAL HOSP - INT","billing_code_type":"RC","billing_code_type_version":"UB04","billing_code":"0913","description":"PSYCHIATRIC\/PSYCHOLOGICAL SVCS: PARTIAL HOSP - INT","allowed_amounts":[{"tin":{"type":"ein","value":"245710347"},"service_code":["21"],"billing_class":"institutional","payments":[{"allowed_amount":1040.00,"billing_code_modifier":[""],"providers":[{"billed_charge":1300.00,"npi":[1407046675,1609015155]}]}]}]},{"name":"VISIT CHARGE","billing_code_type":"RC","billing_code_type_version":"UB04","billing_code":"0551","description":"VISIT CHARGE","allowed_amounts":[{"tin":{"type":"ein","value":"463747405"},"service_code":["34"],"billing_class":"institutional","payments":[{"allowed_amount":100.00,"billing_code_modifier":[""],"providers":[{"billed_charge":125.00,"npi":[1013397363,1063926806]}]}]}]}]}
