{"reporting_entity_name": "IEC Group_DBA AmeriBen",
	"reporting_entity_type": "Third Party Administrator",
	"plan_name": "FORTNA",
	"plan_id_type": "ein",
	"plan_id": "611350369",
	"plan_market_type": "group",
	"last_updated_on": "2025-08-01","Version": "1.0.0","out_of_network":[{"name":"MANUAL THERAPY TQS 1\/> REGIONS EACH 15 MINUTES","billing_code_type":"CPT","billing_code_type_version":"2020","billing_code":"97140","description":"MANUAL THERAPY TQS 1\/> REGIONS EACH 15 MINUTES","allowed_amounts":[{"tin":{"type":"ein","value":"811220862"},"service_code":["11"],"billing_class":"professional","payments":[{"allowed_amount":17.43,"billing_code_modifier":[""],"providers":[{"billed_charge":20.60,"npi":[1447797451]},{"billed_charge":27.67,"npi":[1447797451]},{"billed_charge":29.17,"npi":[1447797451]}]},{"allowed_amount":17.43,"billing_code_modifier":[""],"providers":[{"billed_charge":20.60,"npi":[1447797451]},{"billed_charge":27.67,"npi":[1447797451]},{"billed_charge":29.17,"npi":[1447797451]}]},{"allowed_amount":17.43,"billing_code_modifier":[""],"providers":[{"billed_charge":20.60,"npi":[1447797451]},{"billed_charge":27.67,"npi":[1447797451]},{"billed_charge":29.17,"npi":[1447797451]}]}]},{"tin":{"type":"ein","value":"811220862"},"service_code":["11"],"billing_class":"professional","payments":[{"allowed_amount":17.43,"billing_code_modifier":[""],"providers":[{"billed_charge":20.60,"npi":[1447797451]},{"billed_charge":27.67,"npi":[1447797451]},{"billed_charge":29.17,"npi":[1447797451]}]},{"allowed_amount":17.43,"billing_code_modifier":[""],"providers":[{"billed_charge":20.60,"npi":[1447797451]},{"billed_charge":27.67,"npi":[1447797451]},{"billed_charge":29.17,"npi":[1447797451]}]},{"allowed_amount":17.43,"billing_code_modifier":[""],"providers":[{"billed_charge":20.60,"npi":[1447797451]},{"billed_charge":27.67,"npi":[1447797451]},{"billed_charge":29.17,"npi":[1447797451]}]}]},{"tin":{"type":"ein","value":"811220862"},"service_code":["11"],"billing_class":"professional","payments":[{"allowed_amount":17.43,"billing_code_modifier":[""],"providers":[{"billed_charge":20.60,"npi":[1447797451]},{"billed_charge":27.67,"npi":[1447797451]},{"billed_charge":29.17,"npi":[1447797451]}]},{"allowed_amount":17.43,"billing_code_modifier":[""],"providers":[{"billed_charge":20.60,"npi":[1447797451]},{"billed_charge":27.67,"npi":[1447797451]},{"billed_charge":29.17,"npi":[1447797451]}]},{"allowed_amount":17.43,"billing_code_modifier":[""],"providers":[{"billed_charge":20.60,"npi":[1447797451]},{"billed_charge":27.67,"npi":[1447797451]},{"billed_charge":29.17,"npi":[1447797451]}]}]},{"tin":{"type":"ein","value":"841717371"},"service_code":["11"],"billing_class":"professional","payments":[{"allowed_amount":17.43,"billing_code_modifier":[""],"providers":[{"billed_charge":77.88,"npi":[1124005038,1801347935,1912097239]}]}]}]},{"name":"THER PX 1\/> AREAS EACH 15 MIN NEUROMUSC REEDUCA","billing_code_type":"CPT","billing_code_type_version":"2020","billing_code":"97112","description":"THER PX 1\/> AREAS EACH 15 MIN NEUROMUSC REEDUCA","allowed_amounts":[{"tin":{"type":"ein","value":"811220862"},"service_code":["11"],"billing_class":"professional","payments":[{"allowed_amount":19.57,"billing_code_modifier":[""],"providers":[{"billed_charge":20.60,"npi":[1447797451]},{"billed_charge":27.67,"npi":[1447797451]},{"billed_charge":29.16,"npi":[1447797451]}]},{"allowed_amount":19.57,"billing_code_modifier":[""],"providers":[{"billed_charge":20.60,"npi":[1447797451]},{"billed_charge":27.67,"npi":[1447797451]},{"billed_charge":29.16,"npi":[1447797451]}]},{"allowed_amount":19.57,"billing_code_modifier":[""],"providers":[{"billed_charge":20.60,"npi":[1447797451]},{"billed_charge":27.67,"npi":[1447797451]},{"billed_charge":29.16,"npi":[1447797451]}]}]},{"tin":{"type":"ein","value":"811220862"},"service_code":["11"],"billing_class":"professional","payments":[{"allowed_amount":19.57,"billing_code_modifier":[""],"providers":[{"billed_charge":20.60,"npi":[1447797451]},{"billed_charge":27.67,"npi":[1447797451]},{"billed_charge":29.16,"npi":[1447797451]}]},{"allowed_amount":19.57,"billing_code_modifier":[""],"providers":[{"billed_charge":20.60,"npi":[1447797451]},{"billed_charge":27.67,"npi":[1447797451]},{"billed_charge":29.16,"npi":[1447797451]}]},{"allowed_amount":19.57,"billing_code_modifier":[""],"providers":[{"billed_charge":20.60,"npi":[1447797451]},{"billed_charge":27.67,"npi":[1447797451]},{"billed_charge":29.16,"npi":[1447797451]}]}]},{"tin":{"type":"ein","value":"811220862"},"service_code":["11"],"billing_class":"professional","payments":[{"allowed_amount":19.57,"billing_code_modifier":[""],"providers":[{"billed_charge":20.60,"npi":[1447797451]},{"billed_charge":27.67,"npi":[1447797451]},{"billed_charge":29.16,"npi":[1447797451]}]},{"allowed_amount":19.57,"billing_code_modifier":[""],"providers":[{"billed_charge":20.60,"npi":[1447797451]},{"billed_charge":27.67,"npi":[1447797451]},{"billed_charge":29.16,"npi":[1447797451]}]},{"allowed_amount":19.57,"billing_code_modifier":[""],"providers":[{"billed_charge":20.60,"npi":[1447797451]},{"billed_charge":27.67,"npi":[1447797451]},{"billed_charge":29.16,"npi":[1447797451]}]}]},{"tin":{"type":"ein","value":"841717371"},"service_code":["11"],"billing_class":"professional","payments":[{"allowed_amount":19.57,"billing_code_modifier":[""],"providers":[{"billed_charge":96.81,"npi":[1124005038,1801347935,1912097239]}]}]}]},{"name":"THERAPEUT ACTVITY DIRECT PT CONTACT EACH 15 MIN","billing_code_type":"CPT","billing_code_type_version":"2020","billing_code":"97530","description":"THERAPEUT ACTVITY DIRECT PT CONTACT EACH 15 MIN","allowed_amounts":[{"tin":{"type":"ein","value":"841717371"},"service_code":["11"],"billing_class":"professional","payments":[{"allowed_amount":20.85,"billing_code_modifier":[""],"providers":[{"billed_charge":105.24,"npi":[1124005038,1801347935,1912097239]}]}]}]},{"name":"THERAPEUTIC PX 1\/> AREAS EACH 15 MIN EXERCISES","billing_code_type":"CPT","billing_code_type_version":"2020","billing_code":"97110","description":"THERAPEUTIC PX 1\/> AREAS EACH 15 MIN EXERCISES","allowed_amounts":[{"tin":{"type":"ein","value":"811220862"},"service_code":["11"],"billing_class":"professional","payments":[{"allowed_amount":19.02,"billing_code_modifier":[""],"providers":[{"billed_charge":20.60,"npi":[1447797451]},{"billed_charge":27.65,"npi":[1447797451]},{"billed_charge":29.16,"npi":[1447797451]}]},{"allowed_amount":19.02,"billing_code_modifier":[""],"providers":[{"billed_charge":20.60,"npi":[1447797451]},{"billed_charge":27.65,"npi":[1447797451]},{"billed_charge":29.16,"npi":[1447797451]}]},{"allowed_amount":19.02,"billing_code_modifier":[""],"providers":[{"billed_charge":20.60,"npi":[1447797451]},{"billed_charge":27.65,"npi":[1447797451]},{"billed_charge":29.16,"npi":[1447797451]}]}]},{"tin":{"type":"ein","value":"811220862"},"service_code":["11"],"billing_class":"professional","payments":[{"allowed_amount":19.02,"billing_code_modifier":[""],"providers":[{"billed_charge":20.60,"npi":[1447797451]},{"billed_charge":27.65,"npi":[1447797451]},{"billed_charge":29.16,"npi":[1447797451]}]},{"allowed_amount":19.02,"billing_code_modifier":[""],"providers":[{"billed_charge":20.60,"npi":[1447797451]},{"billed_charge":27.65,"npi":[1447797451]},{"billed_charge":29.16,"npi":[1447797451]}]},{"allowed_amount":19.02,"billing_code_modifier":[""],"providers":[{"billed_charge":20.60,"npi":[1447797451]},{"billed_charge":27.65,"npi":[1447797451]},{"billed_charge":29.16,"npi":[1447797451]}]}]},{"tin":{"type":"ein","value":"811220862"},"service_code":["11"],"billing_class":"professional","payments":[{"allowed_amount":19.02,"billing_code_modifier":[""],"providers":[{"billed_charge":20.60,"npi":[1447797451]},{"billed_charge":27.65,"npi":[1447797451]},{"billed_charge":29.16,"npi":[1447797451]}]},{"allowed_amount":19.02,"billing_code_modifier":[""],"providers":[{"billed_charge":20.60,"npi":[1447797451]},{"billed_charge":27.65,"npi":[1447797451]},{"billed_charge":29.16,"npi":[1447797451]}]},{"allowed_amount":19.02,"billing_code_modifier":[""],"providers":[{"billed_charge":20.60,"npi":[1447797451]},{"billed_charge":27.65,"npi":[1447797451]},{"billed_charge":29.16,"npi":[1447797451]}]}]},{"tin":{"type":"ein","value":"841717371"},"service_code":["11"],"billing_class":"professional","payments":[{"allowed_amount":19.02,"billing_code_modifier":[""],"providers":[{"billed_charge":84.45,"npi":[1124005038,1801347935,1912097239]}]}]}]}]}
