{"reporting_entity_name": "IEC Group_DBA AmeriBen",
	"reporting_entity_type": "Third Party Administrator",
	"plan_name": "MONROE CO. COMM. SCHOOL CORP.",
	"plan_id_type": "ein",
	"plan_id": "351145734",
	"plan_market_type": "group",
	"last_updated_on": "2026-01-01","Version": "1.0.0","out_of_network":[{"name":"COLLECTION VENOUS BLOOD VENIPUNCTURE","billing_code_type":"CPT","billing_code_type_version":"2020","billing_code":"36415","description":"COLLECTION VENOUS BLOOD VENIPUNCTURE","allowed_amounts":[{"tin":{"type":"ein","value":"201236503"},"service_code":["81"],"billing_class":"professional","payments":[{"allowed_amount":13.64,"billing_code_modifier":[""],"providers":[{"billed_charge":34.28,"npi":[1073508040,1104524818,1225110497,1255336160,1316519663,1720578131,1831182898,1982780656,1992695498]}]}]}]},{"name":"CYTP C\/V AUTO THIN LYR PREPJ SCR MNL RESCR PHYS","billing_code_type":"CPT","billing_code_type_version":"2020","billing_code":"88175","description":"CYTP C\/V AUTO THIN LYR PREPJ SCR MNL RESCR PHYS","allowed_amounts":[{"tin":{"type":"ein","value":"201236503"},"service_code":["81"],"billing_class":"professional","payments":[{"allowed_amount":39.92,"billing_code_modifier":[""],"providers":[{"billed_charge":106.44,"npi":[1104524818,1114005402,1225110497,1548489834,1982780656]}]}]}]},{"name":"LIPID PANEL","billing_code_type":"CPT","billing_code_type_version":"2020","billing_code":"80061","description":"LIPID PANEL","allowed_amounts":[{"tin":{"type":"ein","value":"201236503"},"service_code":["81"],"billing_class":"professional","payments":[{"allowed_amount":20.09,"billing_code_modifier":[""],"providers":[{"billed_charge":53.56,"npi":[1104524818,1225110497,1255336160,1720578131,1831182898,1982780656]}]}]}]},{"name":"PSYCHIATRIC\/PSYCHOLOGICAL TRT: INTENSIVE OUT SERV","billing_code_type":"RC","billing_code_type_version":"UB04","billing_code":"0906","description":"PSYCHIATRIC\/PSYCHOLOGICAL TRT: INTENSIVE OUT SERV","allowed_amounts":[{"tin":{"type":"ein","value":"812782346"},"service_code":["22","IN"],"billing_class":"institutional","payments":[{"allowed_amount":137.73,"billing_code_modifier":[""],"providers":[{"billed_charge":2680.00,"npi":[1295276160]}]}]}]}]}
