{"reporting_entity_name": "IEC Group_DBA AmeriBen",
	"reporting_entity_type": "Third Party Administrator",
	"plan_name": "ACADEMY SPORTS + OUTDOORS",
	"plan_id_type": "ein",
	"plan_id": "741670067",
	"plan_market_type": "group",
	"last_updated_on": "2022-06-28","Version": "1.0.0","out_of_network":[{"name":"2019-NCOV CORONAVIRUS SARS-COV-2\/COVID-19 ANY T","billing_code_type":"HCPCS","billing_code_type_version":"HCPCS LEVEL II 2021","billing_code":"U0004","description":"2019-NCOV CORONAVIRUS SARS-COV-2\/COVID-19 ANY T","allowed_amounts":[{"tin":{"type":"ein","value":"471677831"},"service_code":["81"],"billing_class":"professional","payments":[{"allowed_amount":90.00,"billing_code_modifier":[""],"providers":[{"billed_charge":400.00,"npi":[1063833754,1346644929]}]}]},{"tin":{"type":"ein","value":"471926617"},"service_code":["81"],"billing_class":"professional","payments":[{"allowed_amount":90.00,"billing_code_modifier":[""],"providers":[{"billed_charge":550.00,"npi":[1265834576,1306118161,1376926196,1578712311,1780108654,1871057661]}]}]},{"tin":{"type":"ein","value":"201963178"},"service_code":["81"],"billing_class":"professional","payments":[{"allowed_amount":90.00,"billing_code_modifier":[""],"providers":[{"billed_charge":110.00,"npi":[1316245558,1851347942]}]}]},{"tin":{"type":"ein","value":"262911443"},"service_code":["81"],"billing_class":"professional","payments":[{"allowed_amount":90.00,"billing_code_modifier":[""],"providers":[{"billed_charge":400.00,"npi":[1043798838,1184861353,1437379351]}]}]},{"tin":{"type":"ein","value":"273012584"},"service_code":["81"],"billing_class":"professional","payments":[{"allowed_amount":90.00,"billing_code_modifier":[""],"providers":[{"billed_charge":105.00,"npi":[1104255215,1205265683]}]}]},{"tin":{"type":"ein","value":"810766596"},"service_code":["81"],"billing_class":"professional","payments":[{"allowed_amount":90.00,"billing_code_modifier":[""],"providers":[{"billed_charge":600.00,"npi":[1407119076,1568816692,1609363951,1780944496,1902267164]}]}]},{"tin":{"type":"ein","value":"811008582"},"service_code":["81"],"billing_class":"professional","payments":[{"allowed_amount":90.00,"billing_code_modifier":[""],"providers":[{"billed_charge":110.00,"npi":[1043798838,1659726487]}]}]},{"tin":{"type":"ein","value":"812868546"},"service_code":["81"],"billing_class":"professional","payments":[{"allowed_amount":90.00,"billing_code_modifier":[""],"providers":[{"billed_charge":204.00,"npi":[1447601695,1598300782]}]}]},{"tin":{"type":"ein","value":"813413905"},"service_code":["81"],"billing_class":"professional","payments":[{"allowed_amount":90.00,"billing_code_modifier":[""],"providers":[{"billed_charge":150.00,"npi":[1295096964,1467072231]}]}]},{"tin":{"type":"ein","value":"824406944"},"service_code":["81"],"billing_class":"professional","payments":[{"allowed_amount":90.00,"billing_code_modifier":[""],"providers":[{"billed_charge":150.00,"npi":[1073514097,1467946848,1982928487]}]}]},{"tin":{"type":"ein","value":"844573191"},"service_code":["81"],"billing_class":"professional","payments":[{"allowed_amount":90.00,"billing_code_modifier":[""],"providers":[{"billed_charge":150.00,"npi":[1841489820,1871130351]}]}]},{"tin":{"type":"ein","value":"850935326"},"service_code":["81"],"billing_class":"professional","payments":[{"allowed_amount":90.00,"billing_code_modifier":[""],"providers":[{"billed_charge":200.00,"npi":[1790307395]}]}]},{"tin":{"type":"ein","value":"852766187"},"service_code":["81"],"billing_class":"professional","payments":[{"allowed_amount":90.00,"billing_code_modifier":[""],"providers":[{"billed_charge":150.00,"npi":[1255946869,1306194329,1992110555]}]}]},{"tin":{"type":"ein","value":"853664779"},"service_code":["81"],"billing_class":"professional","payments":[{"allowed_amount":90.00,"billing_code_modifier":[""],"providers":[{"billed_charge":113.00,"npi":[1396317640,1518555069]}]}]}]},{"name":"ASSAY OF FERRITIN","billing_code_type":"CPT","billing_code_type_version":"2020","billing_code":"82728","description":"ASSAY OF FERRITIN","allowed_amounts":[{"tin":{"type":"ein","value":"330289164"},"service_code":["81"],"billing_class":"professional","payments":[{"allowed_amount":16.36,"billing_code_modifier":[""],"providers":[{"billed_charge":27.26,"npi":[1215972823,1518039486]}]}]},{"tin":{"type":"ein","value":"593205549"},"service_code":["81"],"billing_class":"professional","payments":[{"allowed_amount":16.36,"billing_code_modifier":[""],"providers":[{"billed_charge":242.12,"npi":[1245720820,1538153259]}]}]},{"tin":{"type":"ein","value":"851349284"},"service_code":["22"],"billing_class":"professional","payments":[{"allowed_amount":16.36,"billing_code_modifier":[""],"providers":[{"billed_charge":34.08,"npi":[1336466895,1407437304]}]}]},{"tin":{"type":"ein","value":"943357013"},"service_code":["81"],"billing_class":"professional","payments":[{"allowed_amount":16.36,"billing_code_modifier":[""],"providers":[{"billed_charge":164.00,"npi":[1114969110,1982606992]}]}]}]},{"name":"ASSAY OF IRON","billing_code_type":"CPT","billing_code_type_version":"2020","billing_code":"83540","description":"ASSAY OF IRON","allowed_amounts":[{"tin":{"type":"ein","value":"330289164"},"service_code":["81"],"billing_class":"professional","payments":[{"allowed_amount":7.76,"billing_code_modifier":[""],"providers":[{"billed_charge":12.94,"npi":[1215972823,1518039486]}]}]},{"tin":{"type":"ein","value":"593205549"},"service_code":["81"],"billing_class":"professional","payments":[{"allowed_amount":7.76,"billing_code_modifier":[""],"providers":[{"billed_charge":115.16,"npi":[1245720820,1538153259]}]}]},{"tin":{"type":"ein","value":"851349284"},"service_code":["22"],"billing_class":"professional","payments":[{"allowed_amount":7.76,"billing_code_modifier":[""],"providers":[{"billed_charge":16.18,"npi":[1336466895,1407437304]}]}]},{"tin":{"type":"ein","value":"943357013"},"service_code":["81"],"billing_class":"professional","payments":[{"allowed_amount":7.76,"billing_code_modifier":[""],"providers":[{"billed_charge":78.00,"npi":[1114969110,1982606992]}]}]}]},{"name":"ASSAY OF UREA NITROGEN QUANTITATIVE","billing_code_type":"CPT","billing_code_type_version":"2020","billing_code":"84520","description":"ASSAY OF UREA NITROGEN QUANTITATIVE","allowed_amounts":[{"tin":{"type":"ein","value":"593205549"},"service_code":["81"],"billing_class":"professional","payments":[{"allowed_amount":4.74,"billing_code_modifier":[""],"providers":[{"billed_charge":70.12,"npi":[1245720820,1538153259]}]}]},{"tin":{"type":"ein","value":"943357013"},"service_code":["81"],"billing_class":"professional","payments":[{"allowed_amount":4.74,"billing_code_modifier":[""],"providers":[{"billed_charge":48.00,"npi":[1114969110,1982606992]}]}]}]},{"name":"BLOOD COUNT COMPLETE AUTO&AUTO DIFRNTL WBC","billing_code_type":"CPT","billing_code_type_version":"2020","billing_code":"85025","description":"BLOOD COUNT COMPLETE AUTO&AUTO DIFRNTL WBC","allowed_amounts":[{"tin":{"type":"ein","value":"450948345"},"service_code":["11"],"billing_class":"professional","payments":[{"allowed_amount":9.32,"billing_code_modifier":[""],"providers":[{"billed_charge":15.54,"npi":[1932253606,1962826511]}]}]},{"tin":{"type":"ein","value":"112981841"},"service_code":["81"],"billing_class":"professional","payments":[{"allowed_amount":9.32,"billing_code_modifier":[""],"providers":[{"billed_charge":110.00,"npi":[1033281126,1164066106,1215972823]}]}]},{"tin":{"type":"ein","value":"133757370"},"service_code":["81"],"billing_class":"professional","payments":[{"allowed_amount":9.32,"billing_code_modifier":[""],"providers":[{"billed_charge":39.33,"npi":[1538144910,1568765774]}]}]},{"tin":{"type":"ein","value":"330289164"},"service_code":["81"],"billing_class":"professional","payments":[{"allowed_amount":9.32,"billing_code_modifier":[""],"providers":[{"billed_charge":15.54,"npi":[1215972823,1518039486]}]}]},{"tin":{"type":"ein","value":"593205549"},"service_code":["81"],"billing_class":"professional","payments":[{"allowed_amount":9.32,"billing_code_modifier":[""],"providers":[{"billed_charge":138.25,"npi":[1245720820,1538153259]}]}]},{"tin":{"type":"ein","value":"742554159"},"service_code":["81"],"billing_class":"professional","payments":[{"allowed_amount":9.32,"billing_code_modifier":[""],"providers":[{"billed_charge":41.50,"npi":[1194769497]}]}]},{"tin":{"type":"ein","value":"851349284"},"service_code":["22"],"billing_class":"professional","payments":[{"allowed_amount":9.32,"billing_code_modifier":[""],"providers":[{"billed_charge":19.43,"npi":[1336466895,1407437304]}]}]}]},{"name":"BLOOD COUNT COMPLETE AUTOMATED","billing_code_type":"CPT","billing_code_type_version":"2020","billing_code":"85027","description":"BLOOD COUNT COMPLETE AUTOMATED","allowed_amounts":[{"tin":{"type":"ein","value":"852183358"},"service_code":["22"],"billing_class":"professional","payments":[{"allowed_amount":7.76,"billing_code_modifier":[""],"providers":[{"billed_charge":11.00,"npi":[1245831619,1679653075]}]}]},{"tin":{"type":"ein","value":"863024305"},"service_code":["21"],"billing_class":"professional","payments":[{"allowed_amount":7.76,"billing_code_modifier":[""],"providers":[{"billed_charge":27.00,"npi":[1629643069,1962435099]}]}]},{"tin":{"type":"ein","value":"943357013"},"service_code":["81"],"billing_class":"professional","payments":[{"allowed_amount":7.76,"billing_code_modifier":[""],"providers":[{"billed_charge":78.00,"npi":[1114969110,1982606992]}]}]}]},{"name":"CCPD OPD\/HOME: CCPD COMP OR OTHER RATE","billing_code_type":"RC","billing_code_type_version":"UB04","billing_code":"0851","description":"CCPD OPD\/HOME: CCPD COMP OR OTHER RATE","allowed_amounts":[{"tin":{"type":"ein","value":"431796126"},"service_code":["65"],"billing_class":"institutional","payments":[{"allowed_amount":209.73,"billing_code_modifier":[""],"providers":[{"billed_charge":3750.05,"npi":[1497867360,1518285261]}]}]},{"tin":{"type":"ein","value":"431796126"},"service_code":["65"],"billing_class":"institutional","payments":[{"allowed_amount":216.79,"billing_code_modifier":[""],"providers":[{"billed_charge":3750.05,"npi":[1497867360,1518285261]}]}]},{"tin":{"type":"ein","value":"431796126"},"service_code":["65"],"billing_class":"institutional","payments":[{"allowed_amount":269.41,"billing_code_modifier":[""],"providers":[{"billed_charge":3937.55,"npi":[1497867360,1518285261]}]}]},{"tin":{"type":"ein","value":"473910670"},"service_code":["65"],"billing_class":"institutional","payments":[{"allowed_amount":389.60,"billing_code_modifier":[""],"providers":[{"billed_charge":3750.05,"npi":[1639623556,1780978171]}]}]},{"tin":{"type":"ein","value":"320223510"},"service_code":["65"],"billing_class":"institutional","payments":[{"allowed_amount":255.64,"billing_code_modifier":[""],"providers":[{"billed_charge":4207.59,"npi":[1689671497,1811165087]}]}]},{"tin":{"type":"ein","value":"320223510"},"service_code":["65"],"billing_class":"institutional","payments":[{"allowed_amount":255.88,"billing_code_modifier":[""],"providers":[{"billed_charge":4207.59,"npi":[1689671497,1811165087]}]}]},{"tin":{"type":"ein","value":"320223510"},"service_code":["65"],"billing_class":"institutional","payments":[{"allowed_amount":357.33,"billing_code_modifier":[""],"providers":[{"billed_charge":4207.59,"npi":[1689671497,1811165087]}]}]}]},{"name":"CHIROPRACTIC MANIPULATIVE TX SPINAL 3-4 REGIONS","billing_code_type":"CPT","billing_code_type_version":"2020","billing_code":"98941","description":"CHIROPRACTIC MANIPULATIVE TX SPINAL 3-4 REGIONS","allowed_amounts":[{"tin":{"type":"ein","value":"470886829"},"service_code":["11"],"billing_class":"professional","payments":[{"allowed_amount":45.00,"billing_code_modifier":[""],"providers":[{"billed_charge":45.00,"npi":[1427182690,1912031188]}]}]}]},{"name":"COL-CHR\/MS NONDRUG ANALYTE NES QUAL\/QUAN EA SPEC","billing_code_type":"CPT","billing_code_type_version":"2020","billing_code":"82542","description":"COL-CHR\/MS NONDRUG ANALYTE NES QUAL\/QUAN EA SPEC","allowed_amounts":[{"tin":{"type":"ein","value":"471300031"},"service_code":["81"],"billing_class":"professional","payments":[{"allowed_amount":28.91,"billing_code_modifier":[""],"providers":[{"billed_charge":55.48,"npi":[1366440653,1982010963]}]}]}]},{"name":"COMPREHENSIVE METABOLIC PANEL","billing_code_type":"CPT","billing_code_type_version":"2020","billing_code":"80053","description":"COMPREHENSIVE METABOLIC PANEL","allowed_amounts":[{"tin":{"type":"ein","value":"112981841"},"service_code":["81"],"billing_class":"professional","payments":[{"allowed_amount":12.67,"billing_code_modifier":[""],"providers":[{"billed_charge":120.00,"npi":[1033281126,1164066106,1215972823]}]}]},{"tin":{"type":"ein","value":"133757370"},"service_code":["81"],"billing_class":"professional","payments":[{"allowed_amount":12.67,"billing_code_modifier":[""],"providers":[{"billed_charge":54.33,"npi":[1538144910,1568765774]},{"billed_charge":71.00,"npi":[1538144910,1568765774]}]},{"allowed_amount":12.67,"billing_code_modifier":[""],"providers":[{"billed_charge":54.33,"npi":[1538144910,1568765774]},{"billed_charge":71.00,"npi":[1538144910,1568765774]}]}]},{"tin":{"type":"ein","value":"133757370"},"service_code":["81"],"billing_class":"professional","payments":[{"allowed_amount":12.67,"billing_code_modifier":[""],"providers":[{"billed_charge":54.33,"npi":[1538144910,1568765774]},{"billed_charge":71.00,"npi":[1538144910,1568765774]}]},{"allowed_amount":12.67,"billing_code_modifier":[""],"providers":[{"billed_charge":54.33,"npi":[1538144910,1568765774]},{"billed_charge":71.00,"npi":[1538144910,1568765774]}]}]},{"tin":{"type":"ein","value":"330289164"},"service_code":["81"],"billing_class":"professional","payments":[{"allowed_amount":12.67,"billing_code_modifier":[""],"providers":[{"billed_charge":21.12,"npi":[1215972823,1518039486]}]}]},{"tin":{"type":"ein","value":"742554159"},"service_code":["81"],"billing_class":"professional","payments":[{"allowed_amount":12.67,"billing_code_modifier":[""],"providers":[{"billed_charge":78.25,"npi":[1194769497]}]}]},{"tin":{"type":"ein","value":"851349284"},"service_code":["22"],"billing_class":"professional","payments":[{"allowed_amount":12.67,"billing_code_modifier":[""],"providers":[{"billed_charge":26.40,"npi":[1336466895,1407437304]}]}]},{"tin":{"type":"ein","value":"852183358"},"service_code":["22"],"billing_class":"professional","payments":[{"allowed_amount":12.67,"billing_code_modifier":[""],"providers":[{"billed_charge":33.00,"npi":[1245831619,1679653075]}]}]},{"tin":{"type":"ein","value":"943357013"},"service_code":["81"],"billing_class":"professional","payments":[{"allowed_amount":12.67,"billing_code_modifier":[""],"providers":[{"billed_charge":552.00,"npi":[1114969110,1982606992]}]}]}]},{"name":"CREATININE OTHER SOURCE","billing_code_type":"CPT","billing_code_type_version":"2020","billing_code":"82570","description":"CREATININE OTHER SOURCE","allowed_amounts":[{"tin":{"type":"ein","value":"382084239"},"service_code":["81"],"billing_class":"professional","payments":[{"allowed_amount":6.22,"billing_code_modifier":[""],"providers":[{"billed_charge":57.37,"npi":[1891731626]}]}]},{"tin":{"type":"ein","value":"593205549"},"service_code":["81"],"billing_class":"professional","payments":[{"allowed_amount":6.22,"billing_code_modifier":[""],"providers":[{"billed_charge":91.96,"npi":[1245720820,1538153259]}]}]},{"tin":{"type":"ein","value":"851349284"},"service_code":["22"],"billing_class":"professional","payments":[{"allowed_amount":6.22,"billing_code_modifier":[""],"providers":[{"billed_charge":12.95,"npi":[1336466895,1407437304]}]}]},{"tin":{"type":"ein","value":"943357013"},"service_code":["81"],"billing_class":"professional","payments":[{"allowed_amount":6.22,"billing_code_modifier":[""],"providers":[{"billed_charge":63.00,"npi":[1114969110,1982606992]}]}]}]},{"name":"DRUGS REQUIRE SPECIFIC ID: DRUGS REQUIRING DETAIL","billing_code_type":"RC","billing_code_type_version":"UB04","billing_code":"0636","description":"DRUGS REQUIRE SPECIFIC ID: DRUGS REQUIRING DETAIL","allowed_amounts":[{"tin":{"type":"ein","value":"821234100"},"service_code":["65"],"billing_class":"institutional","payments":[{"allowed_amount":37.08,"billing_code_modifier":[""],"providers":[{"billed_charge":447.32,"npi":[1396270906,1831167287]}]}]},{"tin":{"type":"ein","value":"821234100"},"service_code":["65"],"billing_class":"institutional","payments":[{"allowed_amount":38.65,"billing_code_modifier":[""],"providers":[{"billed_charge":447.32,"npi":[1396270906,1831167287]}]}]}]},{"name":"EMERGENCY DEPARTMENT VISIT HIGH\/URGENT SEVERITY","billing_code_type":"CPT","billing_code_type_version":"2020","billing_code":"99284","description":"EMERGENCY DEPARTMENT VISIT HIGH\/URGENT SEVERITY","allowed_amounts":[{"tin":{"type":"ein","value":"462150098"},"service_code":["23"],"billing_class":"professional","payments":[{"allowed_amount":151.84,"billing_code_modifier":[""],"providers":[{"billed_charge":2200.00,"npi":[1366464034,1538503024]}]}]},{"tin":{"type":"ein","value":"462919327"},"service_code":["23"],"billing_class":"professional","payments":[{"allowed_amount":151.84,"billing_code_modifier":[""],"providers":[{"billed_charge":2500.00,"npi":[1174703862,1235577826]}]}]},{"tin":{"type":"ein","value":"463339586"},"service_code":["23"],"billing_class":"professional","payments":[{"allowed_amount":151.84,"billing_code_modifier":[""],"providers":[{"billed_charge":995.76,"npi":[1538156401,1972902252]}]}]},{"tin":{"type":"ein","value":"463902289"},"service_code":["23"],"billing_class":"professional","payments":[{"allowed_amount":151.84,"billing_code_modifier":[""],"providers":[{"billed_charge":921.00,"npi":[1023393444,1023439114,1225086606,1285715581,1295909463,1477561199,1649345273]}]}]},{"tin":{"type":"ein","value":"465619077"},"service_code":["23"],"billing_class":"professional","payments":[{"allowed_amount":151.84,"billing_code_modifier":[""],"providers":[{"billed_charge":2200.00,"npi":[1225402845,1285688093]}]}]},{"tin":{"type":"ein","value":"470988714"},"service_code":["23"],"billing_class":"professional","payments":[{"allowed_amount":146.74,"billing_code_modifier":[""],"providers":[{"billed_charge":1800.00,"npi":[1386009462,1437387263]}]}]},{"tin":{"type":"ein","value":"270350159"},"service_code":["23"],"billing_class":"professional","payments":[{"allowed_amount":146.74,"billing_code_modifier":[""],"providers":[{"billed_charge":1396.00,"npi":[1083883821,1376646521,1568699445,1871913798]}]}]},{"tin":{"type":"ein","value":"474649080"},"service_code":["23"],"billing_class":"professional","payments":[{"allowed_amount":151.84,"billing_code_modifier":[""],"providers":[{"billed_charge":1365.30,"npi":[1114976735,1255658027,1497923247,1588849475,1679746473,1932573144]}]}]},{"tin":{"type":"ein","value":"474955442"},"service_code":["23"],"billing_class":"professional","payments":[{"allowed_amount":151.84,"billing_code_modifier":[""],"providers":[{"billed_charge":1786.40,"npi":[1104296441,1376588210]}]}]},{"tin":{"type":"ein","value":"810967828"},"service_code":["23"],"billing_class":"professional","payments":[{"allowed_amount":151.84,"billing_code_modifier":[""],"providers":[{"billed_charge":752.40,"npi":[1306202098,1316923808]}]}]},{"tin":{"type":"ein","value":"814588386"},"service_code":["23"],"billing_class":"professional","payments":[{"allowed_amount":146.74,"billing_code_modifier":[""],"providers":[{"billed_charge":922.80,"npi":[1285178509,1336470426]}]}]},{"tin":{"type":"ein","value":"821305296"},"service_code":["23"],"billing_class":"professional","payments":[{"allowed_amount":146.74,"billing_code_modifier":[""],"providers":[{"billed_charge":1396.00,"npi":[1427291434,1467989871,1689839136]}]}]},{"tin":{"type":"ein","value":"842448690"},"service_code":["23"],"billing_class":"professional","payments":[{"allowed_amount":146.74,"billing_code_modifier":[""],"providers":[{"billed_charge":2300.00,"npi":[1326696931,1679680201]}]}]},{"tin":{"type":"ein","value":"842502106"},"service_code":["23"],"billing_class":"professional","payments":[{"allowed_amount":146.74,"billing_code_modifier":[""],"providers":[{"billed_charge":2300.00,"npi":[1396719415,1568010114]}]}]}]},{"name":"EMERGENCY DEPARTMENT VISIT MODERATE SEVERITY","billing_code_type":"CPT","billing_code_type_version":"2020","billing_code":"99283","description":"EMERGENCY DEPARTMENT VISIT MODERATE SEVERITY","allowed_amounts":[{"tin":{"type":"ein","value":"454345790"},"service_code":["23"],"billing_class":"professional","payments":[{"allowed_amount":109.36,"billing_code_modifier":[""],"providers":[{"billed_charge":900.00,"npi":[1205808318,1952673287]}]}]},{"tin":{"type":"ein","value":"462150098"},"service_code":["23"],"billing_class":"professional","payments":[{"allowed_amount":108.48,"billing_code_modifier":[""],"providers":[{"billed_charge":900.00,"npi":[1538503024,1992781090]}]}]},{"tin":{"type":"ein","value":"462919327"},"service_code":["23"],"billing_class":"professional","payments":[{"allowed_amount":89.39,"billing_code_modifier":[""],"providers":[{"billed_charge":1650.00,"npi":[1174703862,1235577826,1629022892]},{"billed_charge":1850.00,"npi":[1174703862,1235577826]}]},{"allowed_amount":89.39,"billing_code_modifier":[""],"providers":[{"billed_charge":1650.00,"npi":[1174703862,1235577826,1629022892]},{"billed_charge":1850.00,"npi":[1174703862,1235577826]}]}]},{"tin":{"type":"ein","value":"462919327"},"service_code":["23"],"billing_class":"professional","payments":[{"allowed_amount":89.39,"billing_code_modifier":[""],"providers":[{"billed_charge":1650.00,"npi":[1174703862,1235577826,1629022892]},{"billed_charge":1850.00,"npi":[1174703862,1235577826]}]},{"allowed_amount":89.39,"billing_code_modifier":[""],"providers":[{"billed_charge":1650.00,"npi":[1174703862,1235577826,1629022892]},{"billed_charge":1850.00,"npi":[1174703862,1235577826]}]}]},{"tin":{"type":"ein","value":"462919327"},"service_code":["23"],"billing_class":"professional","payments":[{"allowed_amount":108.48,"billing_code_modifier":[""],"providers":[{"billed_charge":1650.00,"npi":[1235577826,1417903956,1699296012]}]}]},{"tin":{"type":"ein","value":"463675032"},"service_code":["23"],"billing_class":"professional","payments":[{"allowed_amount":89.39,"billing_code_modifier":[""],"providers":[{"billed_charge":800.00,"npi":[1629404637,1689282816]}]}]},{"tin":{"type":"ein","value":"463902289"},"service_code":["23"],"billing_class":"professional","payments":[{"allowed_amount":89.39,"billing_code_modifier":[""],"providers":[{"billed_charge":486.00,"npi":[1023439114,1063447415,1225086606,1255317525,1275757841,1649345273,1801039078,1952798126,1982998308]}]}]},{"tin":{"type":"ein","value":"463902289"},"service_code":["23"],"billing_class":"professional","payments":[{"allowed_amount":108.48,"billing_code_modifier":[""],"providers":[{"billed_charge":486.00,"npi":[1023439114,1144488685,1235367368,1295909463,1346448792,1508880071,1669496154,1790075943,1841441334,1962723288]}]}]},{"tin":{"type":"ein","value":"465619077"},"service_code":["23"],"billing_class":"professional","payments":[{"allowed_amount":89.39,"billing_code_modifier":[""],"providers":[{"billed_charge":272.00,"npi":[1013103209,1225402845,1750482691,1982683108,1982877387]}]}]},{"tin":{"type":"ein","value":"472003367"},"service_code":["23"],"billing_class":"professional","payments":[{"allowed_amount":86.38,"billing_code_modifier":[""],"providers":[{"billed_charge":693.00,"npi":[1164492963,1174989404]}]}]},{"tin":{"type":"ein","value":"270350159"},"service_code":["23"],"billing_class":"professional","payments":[{"allowed_amount":86.38,"billing_code_modifier":[""],"providers":[{"billed_charge":822.00,"npi":[1568699445,1902164163]}]}]},{"tin":{"type":"ein","value":"271068708"},"service_code":["23"],"billing_class":"professional","payments":[{"allowed_amount":89.39,"billing_code_modifier":[""],"providers":[{"billed_charge":834.00,"npi":[1679715379,1710210125]}]}]},{"tin":{"type":"ein","value":"271068708"},"service_code":["23"],"billing_class":"professional","payments":[{"allowed_amount":108.48,"billing_code_modifier":[""],"providers":[{"billed_charge":834.00,"npi":[1679715379,1710210125]}]}]},{"tin":{"type":"ein","value":"272955668"},"service_code":["23"],"billing_class":"professional","payments":[{"allowed_amount":89.39,"billing_code_modifier":[""],"providers":[{"billed_charge":1437.50,"npi":[1104867415,1851695167]}]}]},{"tin":{"type":"ein","value":"320519631"},"service_code":["23"],"billing_class":"professional","payments":[{"allowed_amount":109.36,"billing_code_modifier":[""],"providers":[{"billed_charge":850.00,"npi":[1417483140,1811287923]}]}]},{"tin":{"type":"ein","value":"474053776"},"service_code":["23"],"billing_class":"professional","payments":[{"allowed_amount":89.39,"billing_code_modifier":[""],"providers":[{"billed_charge":509.36,"npi":[1144692625,1770560385]}]}]},{"tin":{"type":"ein","value":"474053776"},"service_code":["23"],"billing_class":"professional","payments":[{"allowed_amount":108.48,"billing_code_modifier":[""],"providers":[{"billed_charge":509.36,"npi":[1144692625,1942527015]}]}]},{"tin":{"type":"ein","value":"474649080"},"service_code":["23"],"billing_class":"professional","payments":[{"allowed_amount":89.39,"billing_code_modifier":[""],"providers":[{"billed_charge":914.40,"npi":[1013996883,1114903390,1235118951,1669460192,1679746473,1902064702,1932573144]}]}]},{"tin":{"type":"ein","value":"474649080"},"service_code":["23"],"billing_class":"professional","payments":[{"allowed_amount":108.48,"billing_code_modifier":[""],"providers":[{"billed_charge":914.40,"npi":[1114903390,1235118951,1235516923,1255658027,1932573144]}]}]},{"tin":{"type":"ein","value":"474741110"},"service_code":["23"],"billing_class":"professional","payments":[{"allowed_amount":109.36,"billing_code_modifier":[""],"providers":[{"billed_charge":900.00,"npi":[1053475632,1760858658]}]}]},{"tin":{"type":"ein","value":"800598244"},"service_code":["23"],"billing_class":"professional","payments":[{"allowed_amount":108.48,"billing_code_modifier":[""],"providers":[{"billed_charge":1650.00,"npi":[1134433642,1194839530,1295849727]}]}]},{"tin":{"type":"ein","value":"810967828"},"service_code":["23"],"billing_class":"professional","payments":[{"allowed_amount":89.39,"billing_code_modifier":[""],"providers":[{"billed_charge":554.40,"npi":[1306202098,1346419488,1679559181,1861509473]}]}]},{"tin":{"type":"ein","value":"810967828"},"service_code":["23"],"billing_class":"professional","payments":[{"allowed_amount":108.48,"billing_code_modifier":[""],"providers":[{"billed_charge":554.40,"npi":[1306202098,1689816688,1861509473]}]}]},{"tin":{"type":"ein","value":"812294073"},"service_code":["23"],"billing_class":"professional","payments":[{"allowed_amount":109.36,"billing_code_modifier":[""],"providers":[{"billed_charge":850.00,"npi":[1467710798,1962853770]}]}]},{"tin":{"type":"ein","value":"814581950"},"service_code":["23"],"billing_class":"professional","payments":[{"allowed_amount":89.39,"billing_code_modifier":[""],"providers":[{"billed_charge":1336.04,"npi":[1013450345,1225368319,1225378847,1467702316,1487186649,1538828470,1811248545]}]}]},{"tin":{"type":"ein","value":"814581950"},"service_code":["23"],"billing_class":"professional","payments":[{"allowed_amount":108.48,"billing_code_modifier":[""],"providers":[{"billed_charge":1336.04,"npi":[1013450345,1225378847,1316467236,1346648722,1467702316,1487186649,1558479642,1831619014]}]}]},{"tin":{"type":"ein","value":"814588386"},"service_code":["23"],"billing_class":"professional","payments":[{"allowed_amount":86.38,"billing_code_modifier":[""],"providers":[{"billed_charge":486.32,"npi":[1285178509,1740850932,1750855300]}]}]},{"tin":{"type":"ein","value":"824246603"},"service_code":["23"],"billing_class":"professional","payments":[{"allowed_amount":109.36,"billing_code_modifier":[""],"providers":[{"billed_charge":733.71,"npi":[1104324433,1639339302,1851530455]}]}]},{"tin":{"type":"ein","value":"824783595"},"service_code":["23"],"billing_class":"professional","payments":[{"allowed_amount":109.36,"billing_code_modifier":[""],"providers":[{"billed_charge":850.00,"npi":[1316923048,1548499114,1619471414,1922183177]}]}]},{"tin":{"type":"ein","value":"824841815"},"service_code":["23"],"billing_class":"professional","payments":[{"allowed_amount":108.48,"billing_code_modifier":[""],"providers":[{"billed_charge":1650.00,"npi":[1295757060,1669457404,1801390380]}]}]},{"tin":{"type":"ein","value":"825303754"},"service_code":["23"],"billing_class":"professional","payments":[{"allowed_amount":109.36,"billing_code_modifier":[""],"providers":[{"billed_charge":890.76,"npi":[1336637123,1801095880]}]}]},{"tin":{"type":"ein","value":"832173997"},"service_code":["23"],"billing_class":"professional","payments":[{"allowed_amount":108.48,"billing_code_modifier":[""],"providers":[{"billed_charge":1395.26,"npi":[1124048483,1871069203,1912064288]}]}]},{"tin":{"type":"ein","value":"833843582"},"service_code":["23"],"billing_class":"professional","payments":[{"allowed_amount":109.36,"billing_code_modifier":[""],"providers":[{"billed_charge":900.00,"npi":[1073547451,1972062545]}]}]},{"tin":{"type":"ein","value":"834627465"},"service_code":["23"],"billing_class":"professional","payments":[{"allowed_amount":89.39,"billing_code_modifier":[""],"providers":[{"billed_charge":890.76,"npi":[1154636561,1235795535,1861509473]}]}]},{"tin":{"type":"ein","value":"834664139"},"service_code":["23"],"billing_class":"professional","payments":[{"allowed_amount":89.39,"billing_code_modifier":[""],"providers":[{"billed_charge":1316.28,"npi":[1609431568,1821010042]}]}]},{"tin":{"type":"ein","value":"834664139"},"service_code":["23"],"billing_class":"professional","payments":[{"allowed_amount":108.48,"billing_code_modifier":[""],"providers":[{"billed_charge":1395.26,"npi":[1588955405,1609431568]}]}]},{"tin":{"type":"ein","value":"841929843"},"service_code":["23"],"billing_class":"professional","payments":[{"allowed_amount":89.39,"billing_code_modifier":[""],"providers":[{"billed_charge":1316.28,"npi":[1477871531,1508424755]}]}]},{"tin":{"type":"ein","value":"842178695"},"service_code":["23"],"billing_class":"professional","payments":[{"allowed_amount":89.39,"billing_code_modifier":[""],"providers":[{"billed_charge":1650.00,"npi":[1043506777,1861053738]}]}]},{"tin":{"type":"ein","value":"842506459"},"service_code":["23"],"billing_class":"professional","payments":[{"allowed_amount":86.38,"billing_code_modifier":[""],"providers":[{"billed_charge":1932.00,"npi":[1053361675,1841849403]}]}]},{"tin":{"type":"ein","value":"844964431"},"service_code":["23"],"billing_class":"professional","payments":[{"allowed_amount":108.48,"billing_code_modifier":[""],"providers":[{"billed_charge":654.40,"npi":[1447631353,1740268366,1912510710]}]}]},{"tin":{"type":"ein","value":"852464463"},"service_code":["23"],"billing_class":"professional","payments":[{"allowed_amount":109.43,"billing_code_modifier":[""],"providers":[{"billed_charge":890.76,"npi":[1215548227,1467895656,1558505438,1669727053,1902249576]}]}]},{"tin":{"type":"ein","value":"852713042"},"service_code":["23"],"billing_class":"professional","payments":[{"allowed_amount":109.43,"billing_code_modifier":[""],"providers":[{"billed_charge":890.76,"npi":[1376141556,1902223217]}]}]},{"tin":{"type":"ein","value":"853108291"},"service_code":["23"],"billing_class":"professional","payments":[{"allowed_amount":86.38,"billing_code_modifier":[""],"providers":[{"billed_charge":890.76,"npi":[1194162065,1427319979,1497344923,1700095056]}]}]},{"tin":{"type":"ein","value":"853204045"},"service_code":["23"],"billing_class":"professional","payments":[{"allowed_amount":108.48,"billing_code_modifier":[""],"providers":[{"billed_charge":738.10,"npi":[1619129624,1962009340]}]}]},{"tin":{"type":"ein","value":"853330746"},"service_code":["23"],"billing_class":"professional","payments":[{"allowed_amount":109.36,"billing_code_modifier":[""],"providers":[{"billed_charge":1624.25,"npi":[1013516384,1790730133]}]}]},{"tin":{"type":"ein","value":"861186868"},"service_code":["23"],"billing_class":"professional","payments":[{"allowed_amount":109.36,"billing_code_modifier":[""],"providers":[{"billed_charge":540.92,"npi":[1366030538,1467536144]}]}]},{"tin":{"type":"ein","value":"861647083"},"service_code":["23"],"billing_class":"professional","payments":[{"allowed_amount":109.36,"billing_code_modifier":[""],"providers":[{"billed_charge":900.00,"npi":[1134711609,1972594588]}]}]},{"tin":{"type":"ein","value":"862559925"},"service_code":["23"],"billing_class":"professional","payments":[{"allowed_amount":89.39,"billing_code_modifier":[""],"providers":[{"billed_charge":900.00,"npi":[1477904704,1801126735,1902127475,1912586637]}]}]},{"tin":{"type":"ein","value":"871161317"},"service_code":["23"],"billing_class":"professional","payments":[{"allowed_amount":108.48,"billing_code_modifier":[""],"providers":[{"billed_charge":1650.00,"npi":[1043888381,1972705333]}]}]}]},{"name":"EMERGENCY DEPT VISIT HIGH SEVERITY&THREAT FUNCJ","billing_code_type":"CPT","billing_code_type_version":"2020","billing_code":"99285","description":"EMERGENCY DEPT VISIT HIGH SEVERITY&THREAT FUNCJ","allowed_amounts":[{"tin":{"type":"ein","value":"455205723"},"service_code":["23"],"billing_class":"professional","payments":[{"allowed_amount":213.40,"billing_code_modifier":[""],"providers":[{"billed_charge":2089.00,"npi":[1548373061,1902165327]}]}]},{"tin":{"type":"ein","value":"200642634"},"service_code":["23"],"billing_class":"professional","payments":[{"allowed_amount":213.40,"billing_code_modifier":[""],"providers":[{"billed_charge":2018.00,"npi":[1245596337,1831142769]}]}]},{"tin":{"type":"ein","value":"200642634"},"service_code":["23"],"billing_class":"professional","payments":[{"allowed_amount":254.69,"billing_code_modifier":[""],"providers":[{"billed_charge":2018.00,"npi":[1063677490,1114956463,1821060369,1831142769,1871869537]}]}]},{"tin":{"type":"ein","value":"261973804"},"service_code":["23"],"billing_class":"professional","payments":[{"allowed_amount":213.40,"billing_code_modifier":[""],"providers":[{"billed_charge":2238.00,"npi":[1225272453,1942467113]}]}]},{"tin":{"type":"ein","value":"270350159"},"service_code":["23"],"billing_class":"professional","payments":[{"allowed_amount":254.69,"billing_code_modifier":[""],"providers":[{"billed_charge":2018.00,"npi":[1255317525,1568699445,1811026214,1871913798,1932393428]}]}]},{"tin":{"type":"ein","value":"272268928"},"service_code":["23"],"billing_class":"professional","payments":[{"allowed_amount":213.40,"billing_code_modifier":[""],"providers":[{"billed_charge":2089.00,"npi":[1205925237,1245556588,1740443902]}]}]},{"tin":{"type":"ein","value":"273816791"},"service_code":["23"],"billing_class":"professional","payments":[{"allowed_amount":213.40,"billing_code_modifier":[""],"providers":[{"billed_charge":2018.00,"npi":[1205067048,1376701904,1568763290,1578636122,1578761243,1730324054,1992016885]}]}]},{"tin":{"type":"ein","value":"273816791"},"service_code":["23"],"billing_class":"professional","payments":[{"allowed_amount":254.69,"billing_code_modifier":[""],"providers":[{"billed_charge":2018.00,"npi":[1376701904,1568763290,1699065300,1811197106,1821363136]}]}]},{"tin":{"type":"ein","value":"800759135"},"service_code":["23"],"billing_class":"professional","payments":[{"allowed_amount":213.40,"billing_code_modifier":[""],"providers":[{"billed_charge":2054.00,"npi":[1871880211,1881915254]}]}]},{"tin":{"type":"ein","value":"811558273"},"service_code":["23"],"billing_class":"professional","payments":[{"allowed_amount":213.40,"billing_code_modifier":[""],"providers":[{"billed_charge":2089.00,"npi":[1306206826,1366651507,1528047016]}]}]},{"tin":{"type":"ein","value":"821305296"},"service_code":["23"],"billing_class":"professional","payments":[{"allowed_amount":213.40,"billing_code_modifier":[""],"providers":[{"billed_charge":2018.00,"npi":[1154694529,1194003145,1467989871]}]}]},{"tin":{"type":"ein","value":"821305296"},"service_code":["23"],"billing_class":"professional","payments":[{"allowed_amount":254.69,"billing_code_modifier":[""],"providers":[{"billed_charge":2018.00,"npi":[1144617960,1467989871]}]}]}]},{"name":"GLUCOSE BODY FLUID OTHER THAN BLOOD","billing_code_type":"CPT","billing_code_type_version":"2020","billing_code":"82945","description":"GLUCOSE BODY FLUID OTHER THAN BLOOD","allowed_amounts":[{"tin":{"type":"ein","value":"593205549"},"service_code":["81"],"billing_class":"professional","payments":[{"allowed_amount":4.72,"billing_code_modifier":[""],"providers":[{"billed_charge":69.74,"npi":[1245720820,1538153259]}]}]},{"tin":{"type":"ein","value":"943357013"},"service_code":["81"],"billing_class":"professional","payments":[{"allowed_amount":4.72,"billing_code_modifier":[""],"providers":[{"billed_charge":48.00,"npi":[1114969110,1982606992]}]}]}]},{"name":"HEMO OPD\/HOME: HEMODIALYSIS COMP OR OTHER RATE","billing_code_type":"RC","billing_code_type_version":"UB04","billing_code":"0821","description":"HEMO OPD\/HOME: HEMODIALYSIS COMP OR OTHER RATE","allowed_amounts":[{"tin":{"type":"ein","value":"821234100"},"service_code":["65"],"billing_class":"institutional","payments":[{"allowed_amount":204.74,"billing_code_modifier":[""],"providers":[{"billed_charge":2470.00,"npi":[1396270906,1831167287]}]}]},{"tin":{"type":"ein","value":"821234100"},"service_code":["65"],"billing_class":"institutional","payments":[{"allowed_amount":213.43,"billing_code_modifier":[""],"providers":[{"billed_charge":2470.00,"npi":[1396270906,1831167287]}]}]}]},{"name":"IA DET NA;SEV AC RES SYND SARS-COV-2 COVID-19","billing_code_type":"HCPCS","billing_code_type_version":"HCPCS LEVEL II 2021","billing_code":"U0005","description":"IA DET NA;SEV AC RES SYND SARS-COV-2 COVID-19","allowed_amounts":[{"tin":{"type":"ein","value":"453194060"},"service_code":["81"],"billing_class":"professional","payments":[{"allowed_amount":30.00,"billing_code_modifier":[""],"providers":[{"billed_charge":56.25,"npi":[1578163648,1659655124]}]}]},{"tin":{"type":"ein","value":"462543758"},"service_code":["81"],"billing_class":"professional","payments":[{"allowed_amount":30.00,"billing_code_modifier":[""],"providers":[{"billed_charge":62.50,"npi":[1417391533,1750390092]}]}]},{"tin":{"type":"ein","value":"463127405"},"service_code":["81"],"billing_class":"professional","payments":[{"allowed_amount":30.00,"billing_code_modifier":[""],"providers":[{"billed_charge":50.00,"npi":[1093140618,1790931830]}]}]},{"tin":{"type":"ein","value":"470964778"},"service_code":["81"],"billing_class":"professional","payments":[{"allowed_amount":25.00,"billing_code_modifier":[""],"providers":[{"billed_charge":25.00,"npi":[1376944793,1770031239]}]}]},{"tin":{"type":"ein","value":"471677831"},"service_code":["81"],"billing_class":"professional","payments":[{"allowed_amount":30.00,"billing_code_modifier":[""],"providers":[{"billed_charge":100.00,"npi":[1063833754,1346644929]}]}]},{"tin":{"type":"ein","value":"471926617"},"service_code":["81"],"billing_class":"professional","payments":[{"allowed_amount":30.00,"billing_code_modifier":[""],"providers":[{"billed_charge":150.00,"npi":[1265834576,1306118161,1376926196,1578712311,1780108654,1871057661]}]}]},{"tin":{"type":"ein","value":"472462178"},"service_code":["81"],"billing_class":"professional","payments":[{"allowed_amount":30.00,"billing_code_modifier":[""],"providers":[{"billed_charge":50.00,"npi":[1144731605,1508484569,1639311509,1962018374]}]}]},{"tin":{"type":"ein","value":"473036554"},"service_code":["81"],"billing_class":"professional","payments":[{"allowed_amount":30.00,"billing_code_modifier":[""],"providers":[{"billed_charge":31.25,"npi":[1235171265,1659755908,1679896575]}]}]},{"tin":{"type":"ein","value":"473727159"},"service_code":["81"],"billing_class":"professional","payments":[{"allowed_amount":25.00,"billing_code_modifier":[""],"providers":[{"billed_charge":25.00,"npi":[1033681390,1043798713,1053821777,1063044048,1063901288,1447725551,1477118255,1548871031,1588072367,1639675911,1730792805,1740753003,1801350848,1841814407,1912521568,1952763880]}]}]},{"tin":{"type":"ein","value":"112981841"},"service_code":["81"],"billing_class":"professional","payments":[{"allowed_amount":30.00,"billing_code_modifier":[""],"providers":[{"billed_charge":200.00,"npi":[1033281126,1508223850]}]}]},{"tin":{"type":"ein","value":"133757370"},"service_code":["81"],"billing_class":"professional","payments":[{"allowed_amount":25.00,"billing_code_modifier":[""],"providers":[{"billed_charge":25.00,"npi":[1477544450,1750368700]}]}]},{"tin":{"type":"ein","value":"201963178"},"service_code":["81"],"billing_class":"professional","payments":[{"allowed_amount":30.00,"billing_code_modifier":[""],"providers":[{"billed_charge":87.50,"npi":[1316245558,1851347942]}]}]},{"tin":{"type":"ein","value":"262911443"},"service_code":["81"],"billing_class":"professional","payments":[{"allowed_amount":30.00,"billing_code_modifier":[""],"providers":[{"billed_charge":150.00,"npi":[1043798838,1184861353,1437379351]}]}]},{"tin":{"type":"ein","value":"263116843"},"service_code":["81"],"billing_class":"professional","payments":[{"allowed_amount":30.00,"billing_code_modifier":[""],"providers":[{"billed_charge":50.00,"npi":[1346857844]}]}]},{"tin":{"type":"ein","value":"273012584"},"service_code":["81"],"billing_class":"professional","payments":[{"allowed_amount":25.00,"billing_code_modifier":[""],"providers":[{"billed_charge":25.00,"npi":[1104255215,1205265683]}]}]},{"tin":{"type":"ein","value":"320400050"},"service_code":["81"],"billing_class":"professional","payments":[{"allowed_amount":30.00,"billing_code_modifier":[""],"providers":[{"billed_charge":70.00,"npi":[1346417086,1518585108]}]}]},{"tin":{"type":"ein","value":"371794430"},"service_code":["81"],"billing_class":"professional","payments":[{"allowed_amount":30.00,"billing_code_modifier":[""],"providers":[{"billed_charge":200.00,"npi":[1023479623,1760540421]}]}]},{"tin":{"type":"ein","value":"475502891"},"service_code":["81"],"billing_class":"professional","payments":[{"allowed_amount":30.00,"billing_code_modifier":[""],"providers":[{"billed_charge":65.00,"npi":[1851992127,1902840283]}]}]},{"tin":{"type":"ein","value":"810766596"},"service_code":["81"],"billing_class":"professional","payments":[{"allowed_amount":30.00,"billing_code_modifier":[""],"providers":[{"billed_charge":150.00,"npi":[1407119076,1568816692,1609363951,1780944496,1902267164]}]}]},{"tin":{"type":"ein","value":"811008582"},"service_code":["81"],"billing_class":"professional","payments":[{"allowed_amount":30.00,"billing_code_modifier":[""],"providers":[{"billed_charge":35.00,"npi":[1043798838,1659726487]}]}]},{"tin":{"type":"ein","value":"813413905"},"service_code":["81"],"billing_class":"professional","payments":[{"allowed_amount":30.00,"billing_code_modifier":[""],"providers":[{"billed_charge":50.00,"npi":[1295096964,1467072231]}]}]},{"tin":{"type":"ein","value":"813885724"},"service_code":["11"],"billing_class":"professional","payments":[{"allowed_amount":30.00,"billing_code_modifier":[""],"providers":[{"billed_charge":75.00,"npi":[1144769068]}]}]},{"tin":{"type":"ein","value":"820980741"},"service_code":["81"],"billing_class":"professional","payments":[{"allowed_amount":25.00,"billing_code_modifier":[""],"providers":[{"billed_charge":25.00,"npi":[1023234457,1447783923,1770026924]}]}]},{"tin":{"type":"ein","value":"823971792"},"service_code":["81"],"billing_class":"professional","payments":[{"allowed_amount":30.00,"billing_code_modifier":[""],"providers":[{"billed_charge":37.50,"npi":[1114435492,1346651718]}]}]},{"tin":{"type":"ein","value":"824406944"},"service_code":["81"],"billing_class":"professional","payments":[{"allowed_amount":30.00,"billing_code_modifier":[""],"providers":[{"billed_charge":50.00,"npi":[1073514097,1467946848,1982928487]}]}]},{"tin":{"type":"ein","value":"830546250"},"service_code":["81"],"billing_class":"professional","payments":[{"allowed_amount":30.00,"billing_code_modifier":[""],"providers":[{"billed_charge":150.00,"npi":[1073006144]}]}]},{"tin":{"type":"ein","value":"832522386"},"service_code":["81"],"billing_class":"professional","payments":[{"allowed_amount":30.00,"billing_code_modifier":[""],"providers":[{"billed_charge":50.00,"npi":[1184253650,1316245558]}]}]},{"tin":{"type":"ein","value":"842515383"},"service_code":["81"],"billing_class":"professional","payments":[{"allowed_amount":25.00,"billing_code_modifier":[""],"providers":[{"billed_charge":75.00,"npi":[1093913212,1770137754]}]}]},{"tin":{"type":"ein","value":"844573191"},"service_code":["81"],"billing_class":"professional","payments":[{"allowed_amount":30.00,"billing_code_modifier":[""],"providers":[{"billed_charge":50.00,"npi":[1841489820,1871130351]}]}]},{"tin":{"type":"ein","value":"850935326"},"service_code":["81"],"billing_class":"professional","payments":[{"allowed_amount":30.00,"billing_code_modifier":[""],"providers":[{"billed_charge":50.00,"npi":[1790307395]}]}]},{"tin":{"type":"ein","value":"851812053"},"service_code":["81"],"billing_class":"professional","payments":[{"allowed_amount":30.00,"billing_code_modifier":[""],"providers":[{"billed_charge":50.00,"npi":[1316555204,1710116876]}]}]},{"tin":{"type":"ein","value":"852533341"},"service_code":["81"],"billing_class":"professional","payments":[{"allowed_amount":30.00,"billing_code_modifier":[""],"providers":[{"billed_charge":30.00,"npi":[1174137368,1700943032,1962020701]}]}]},{"tin":{"type":"ein","value":"852766187"},"service_code":["81"],"billing_class":"professional","payments":[{"allowed_amount":30.00,"billing_code_modifier":[""],"providers":[{"billed_charge":50.00,"npi":[1255946869,1306194329,1992110555]}]}]},{"tin":{"type":"ein","value":"853138773"},"service_code":["81"],"billing_class":"professional","payments":[{"allowed_amount":30.00,"billing_code_modifier":[""],"providers":[{"billed_charge":75.00,"npi":[1164476602,1801492558]}]}]},{"tin":{"type":"ein","value":"853664779"},"service_code":["81"],"billing_class":"professional","payments":[{"allowed_amount":25.00,"billing_code_modifier":[""],"providers":[{"billed_charge":25.00,"npi":[1396317640,1518555069]}]}]},{"tin":{"type":"ein","value":"854322824"},"service_code":["81"],"billing_class":"professional","payments":[{"allowed_amount":30.00,"billing_code_modifier":[""],"providers":[{"billed_charge":50.00,"npi":[1245825686]}]}]},{"tin":{"type":"ein","value":"861287316"},"service_code":["81"],"billing_class":"professional","payments":[{"allowed_amount":30.00,"billing_code_modifier":[""],"providers":[{"billed_charge":50.00,"npi":[1669053286,1689633711]}]}]},{"tin":{"type":"ein","value":"862091392"},"service_code":["81"],"billing_class":"professional","payments":[{"allowed_amount":30.00,"billing_code_modifier":[""],"providers":[{"billed_charge":50.00,"npi":[1275115529,1346417086]}]}]},{"tin":{"type":"ein","value":"862259298"},"service_code":["81"],"billing_class":"professional","payments":[{"allowed_amount":30.00,"billing_code_modifier":[""],"providers":[{"billed_charge":62.50,"npi":[1073191177,1285197616]}]}]},{"tin":{"type":"ein","value":"872336634"},"service_code":["81"],"billing_class":"professional","payments":[{"allowed_amount":25.00,"billing_code_modifier":[""],"providers":[{"billed_charge":50.00,"npi":[1265534465,1861162455]}]}]},{"tin":{"type":"ein","value":"872336634"},"service_code":["81"],"billing_class":"professional","payments":[{"allowed_amount":30.00,"billing_code_modifier":[""],"providers":[{"billed_charge":50.00,"npi":[1265534465,1861162455]}]}]},{"tin":{"type":"ein","value":"880241758"},"service_code":["81"],"billing_class":"professional","payments":[{"allowed_amount":25.00,"billing_code_modifier":[""],"providers":[{"billed_charge":25.00,"npi":[1124417357,1184883993,1356534994,1376633586,1477544450,1508058017,1841253705]}]}]}]},{"name":"IAAD IA HEPATITIS B SURFACE ANTIGEN","billing_code_type":"CPT","billing_code_type_version":"2020","billing_code":"87340","description":"IAAD IA HEPATITIS B SURFACE ANTIGEN","allowed_amounts":[{"tin":{"type":"ein","value":"593205549"},"service_code":["81"],"billing_class":"professional","payments":[{"allowed_amount":12.40,"billing_code_modifier":[""],"providers":[{"billed_charge":183.54,"npi":[1245720820,1538153259]}]}]},{"tin":{"type":"ein","value":"863024305"},"service_code":["21"],"billing_class":"professional","payments":[{"allowed_amount":12.40,"billing_code_modifier":[""],"providers":[{"billed_charge":37.00,"npi":[1629643069,1962435099]}]}]},{"tin":{"type":"ein","value":"943357013"},"service_code":["81"],"billing_class":"professional","payments":[{"allowed_amount":12.40,"billing_code_modifier":[""],"providers":[{"billed_charge":124.00,"npi":[1114969110,1982606992]}]}]}]},{"name":"IAAD IA SEVERE AQT RESPIR SYND CORONAVIRUS","billing_code_type":"CPT","billing_code_type_version":"2020","billing_code":"87426","description":"IAAD IA SEVERE AQT RESPIR SYND CORONAVIRUS","allowed_amounts":[{"tin":{"type":"ein","value":"450948345"},"service_code":["11"],"billing_class":"professional","payments":[{"allowed_amount":45.23,"billing_code_modifier":[""],"providers":[{"billed_charge":150.00,"npi":[1740616721,1962826511]}]}]},{"tin":{"type":"ein","value":"450948345"},"service_code":["11"],"billing_class":"professional","payments":[{"allowed_amount":54.28,"billing_code_modifier":[""],"providers":[{"billed_charge":150.00,"npi":[1245721687,1740616721,1962826511]}]}]},{"tin":{"type":"ein","value":"471151470"},"service_code":["20"],"billing_class":"professional","payments":[{"allowed_amount":54.28,"billing_code_modifier":[""],"providers":[{"billed_charge":175.00,"npi":[1063670172,1801204656]}]}]},{"tin":{"type":"ein","value":"800157600"},"service_code":["81"],"billing_class":"professional","payments":[{"allowed_amount":45.23,"billing_code_modifier":[""],"providers":[{"billed_charge":80.00,"npi":[1952976011]}]}]},{"tin":{"type":"ein","value":"821445590"},"service_code":["11"],"billing_class":"professional","payments":[{"allowed_amount":54.28,"billing_code_modifier":[""],"providers":[{"billed_charge":70.00,"npi":[1245754316,1962921445]}]}]},{"tin":{"type":"ein","value":"842515383"},"service_code":["81"],"billing_class":"professional","payments":[{"allowed_amount":45.23,"billing_code_modifier":[""],"providers":[{"billed_charge":136.00,"npi":[1093913212,1770137754]}]}]},{"tin":{"type":"ein","value":"843627852"},"service_code":["20"],"billing_class":"professional","payments":[{"allowed_amount":54.28,"billing_code_modifier":[""],"providers":[{"billed_charge":150.00,"npi":[1033580964,1427630102,1629604434,1912598624]}]}]},{"tin":{"type":"ein","value":"844888657"},"service_code":["20"],"billing_class":"professional","payments":[{"allowed_amount":54.28,"billing_code_modifier":[""],"providers":[{"billed_charge":250.00,"npi":[1417520537,1720613094]}]}]},{"tin":{"type":"ein","value":"850833932"},"service_code":["11"],"billing_class":"professional","payments":[{"allowed_amount":54.28,"billing_code_modifier":[""],"providers":[{"billed_charge":91.00,"npi":[1093913212,1497352587]}]}]},{"tin":{"type":"ein","value":"851055537"},"service_code":["11"],"billing_class":"professional","payments":[{"allowed_amount":45.23,"billing_code_modifier":[""],"providers":[{"billed_charge":200.00,"npi":[1528658648,1568816692,1740623032]}]}]},{"tin":{"type":"ein","value":"851055537"},"service_code":["11"],"billing_class":"professional","payments":[{"allowed_amount":54.28,"billing_code_modifier":[""],"providers":[{"billed_charge":200.00,"npi":[1427257179,1528658648,1568816692]}]}]},{"tin":{"type":"ein","value":"851812053"},"service_code":["81"],"billing_class":"professional","payments":[{"allowed_amount":45.23,"billing_code_modifier":[""],"providers":[{"billed_charge":120.00,"npi":[1316555204,1710116876]}]}]},{"tin":{"type":"ein","value":"863024305"},"service_code":["21"],"billing_class":"professional","payments":[{"allowed_amount":54.28,"billing_code_modifier":[""],"providers":[{"billed_charge":62.00,"npi":[1629643069,1962435099]}]}]},{"tin":{"type":"ein","value":"871253958"},"service_code":["11"],"billing_class":"professional","payments":[{"allowed_amount":54.28,"billing_code_modifier":[""],"providers":[{"billed_charge":200.00,"npi":[1215600564,1699718056]}]}]}]},{"name":"IAADIADOO INFLUENZA","billing_code_type":"CPT","billing_code_type_version":"2020","billing_code":"87804","description":"IAADIADOO INFLUENZA","allowed_amounts":[{"tin":{"type":"ein","value":"450948345"},"service_code":["11"],"billing_class":"professional","payments":[{"allowed_amount":19.86,"billing_code_modifier":[""],"providers":[{"billed_charge":40.00,"npi":[1740616721,1962826511]}]}]},{"tin":{"type":"ein","value":"463167662"},"service_code":["11"],"billing_class":"professional","payments":[{"allowed_amount":19.86,"billing_code_modifier":[""],"providers":[{"billed_charge":35.00,"npi":[1205504248,1871935163]}]}]},{"tin":{"type":"ein","value":"471151470"},"service_code":["20"],"billing_class":"professional","payments":[{"allowed_amount":19.86,"billing_code_modifier":[""],"providers":[{"billed_charge":50.00,"npi":[1063670172,1801204656]}]}]},{"tin":{"type":"ein","value":"472947232"},"service_code":["11"],"billing_class":"professional","payments":[{"allowed_amount":19.86,"billing_code_modifier":[""],"providers":[{"billed_charge":28.00,"npi":[1023066339,1891161626]}]}]},{"tin":{"type":"ein","value":"581335405"},"service_code":["11"],"billing_class":"professional","payments":[{"allowed_amount":19.86,"billing_code_modifier":[""],"providers":[{"billed_charge":25.00,"npi":[1063436624,1275590481,1811668197]}]}]},{"tin":{"type":"ein","value":"871253958"},"service_code":["11"],"billing_class":"professional","payments":[{"allowed_amount":19.86,"billing_code_modifier":[""],"providers":[{"billed_charge":60.00,"npi":[1215600564,1699718056]}]}]}]},{"name":"IAADIADOO SEVERE AQT RESPIR SYND CORONAVIRUS","billing_code_type":"CPT","billing_code_type_version":"2020","billing_code":"87811","description":"IAADIADOO SEVERE AQT RESPIR SYND CORONAVIRUS","allowed_amounts":[{"tin":{"type":"ein","value":"822460004"},"service_code":["11"],"billing_class":"professional","payments":[{"allowed_amount":62.07,"billing_code_modifier":[""],"providers":[{"billed_charge":150.00,"npi":[1659371920,1952076432]}]}]},{"tin":{"type":"ein","value":"861516777"},"service_code":["20"],"billing_class":"professional","payments":[{"allowed_amount":62.07,"billing_code_modifier":[""],"providers":[{"billed_charge":100.00,"npi":[1558787440,1982294062]},{"billed_charge":150.00,"npi":[1225378847,1982294062]}]},{"allowed_amount":62.07,"billing_code_modifier":[""],"providers":[{"billed_charge":100.00,"npi":[1558787440,1982294062]},{"billed_charge":150.00,"npi":[1225378847,1982294062]}]}]},{"tin":{"type":"ein","value":"861516777"},"service_code":["20"],"billing_class":"professional","payments":[{"allowed_amount":62.07,"billing_code_modifier":[""],"providers":[{"billed_charge":100.00,"npi":[1558787440,1982294062]},{"billed_charge":150.00,"npi":[1225378847,1982294062]}]},{"allowed_amount":62.07,"billing_code_modifier":[""],"providers":[{"billed_charge":100.00,"npi":[1558787440,1982294062]},{"billed_charge":150.00,"npi":[1225378847,1982294062]}]}]}]},{"name":"IADNA SARSCOV2& INF A&B MULT AMPLIFIED PROBE TQ","billing_code_type":"CPT","billing_code_type_version":"2020","billing_code":"87636","description":"IADNA SARSCOV2& INF A&B MULT AMPLIFIED PROBE TQ","allowed_amounts":[{"tin":{"type":"ein","value":"872336634"},"service_code":["81"],"billing_class":"professional","payments":[{"allowed_amount":142.63,"billing_code_modifier":[""],"providers":[{"billed_charge":285.26,"npi":[1265534465,1861162455]}]}]}]},{"name":"INF AGT DET DNA\/RNA;SARS-COV-2 COVID-19 AMP P T","billing_code_type":"HCPCS","billing_code_type_version":"HCPCS LEVEL II 2021","billing_code":"U0003","description":"INF AGT DET DNA\/RNA;SARS-COV-2 COVID-19 AMP P T","allowed_amounts":[{"tin":{"type":"ein","value":"453194060"},"service_code":["81"],"billing_class":"professional","payments":[{"allowed_amount":90.00,"billing_code_modifier":[""],"providers":[{"billed_charge":225.00,"npi":[1427686245,1578163648,1659655124]}]}]},{"tin":{"type":"ein","value":"462543758"},"service_code":["81"],"billing_class":"professional","payments":[{"allowed_amount":90.00,"billing_code_modifier":[""],"providers":[{"billed_charge":187.50,"npi":[1417391533,1750390092]}]}]},{"tin":{"type":"ein","value":"463127405"},"service_code":["81"],"billing_class":"professional","payments":[{"allowed_amount":90.00,"billing_code_modifier":[""],"providers":[{"billed_charge":200.00,"npi":[1093140618,1790931830]}]}]},{"tin":{"type":"ein","value":"472462178"},"service_code":["81"],"billing_class":"professional","payments":[{"allowed_amount":90.00,"billing_code_modifier":[""],"providers":[{"billed_charge":250.00,"npi":[1144731605,1508484569,1639311509,1962018374]}]}]},{"tin":{"type":"ein","value":"473036554"},"service_code":["81"],"billing_class":"professional","payments":[{"allowed_amount":90.00,"billing_code_modifier":[""],"providers":[{"billed_charge":125.00,"npi":[1235171265,1659755908,1679896575]}]}]},{"tin":{"type":"ein","value":"473727159"},"service_code":["81"],"billing_class":"professional","payments":[{"allowed_amount":90.00,"billing_code_modifier":[""],"providers":[{"billed_charge":125.00,"npi":[1033681390,1043798713,1053821777,1063044048,1063901288,1548871031,1588072367,1639675911,1740753003,1841723889,1912521568]}]}]},{"tin":{"type":"ein","value":"112981841"},"service_code":["81"],"billing_class":"professional","payments":[{"allowed_amount":90.00,"billing_code_modifier":[""],"providers":[{"billed_charge":300.00,"npi":[1033281126,1508223850]}]}]},{"tin":{"type":"ein","value":"133757370"},"service_code":["81"],"billing_class":"professional","payments":[{"allowed_amount":90.00,"billing_code_modifier":[""],"providers":[{"billed_charge":100.00,"npi":[1679964613,1720051733,1750368700,1841228947]}]}]},{"tin":{"type":"ein","value":"263116843"},"service_code":["81"],"billing_class":"professional","payments":[{"allowed_amount":90.00,"billing_code_modifier":[""],"providers":[{"billed_charge":200.00,"npi":[1346857844]}]}]},{"tin":{"type":"ein","value":"320400050"},"service_code":["81"],"billing_class":"professional","payments":[{"allowed_amount":90.00,"billing_code_modifier":[""],"providers":[{"billed_charge":250.00,"npi":[1346417086,1518585108]}]}]},{"tin":{"type":"ein","value":"371794430"},"service_code":["81"],"billing_class":"professional","payments":[{"allowed_amount":90.00,"billing_code_modifier":[""],"providers":[{"billed_charge":200.00,"npi":[1023479623,1760540421]}]}]},{"tin":{"type":"ein","value":"475502891"},"service_code":["81"],"billing_class":"professional","payments":[{"allowed_amount":90.00,"billing_code_modifier":[""],"providers":[{"billed_charge":165.00,"npi":[1851992127,1902840283]}]}]},{"tin":{"type":"ein","value":"813885724"},"service_code":["11"],"billing_class":"professional","payments":[{"allowed_amount":90.00,"billing_code_modifier":[""],"providers":[{"billed_charge":300.00,"npi":[1144769068]}]}]},{"tin":{"type":"ein","value":"820980741"},"service_code":["81"],"billing_class":"professional","payments":[{"allowed_amount":90.00,"billing_code_modifier":[""],"providers":[{"billed_charge":150.00,"npi":[1023234457,1447783923,1770026924]}]}]},{"tin":{"type":"ein","value":"823971792"},"service_code":["81"],"billing_class":"professional","payments":[{"allowed_amount":90.00,"billing_code_modifier":[""],"providers":[{"billed_charge":150.00,"npi":[1114435492,1346651718]}]}]},{"tin":{"type":"ein","value":"830546250"},"service_code":["81"],"billing_class":"professional","payments":[{"allowed_amount":90.00,"billing_code_modifier":[""],"providers":[{"billed_charge":150.00,"npi":[1073006144]}]}]},{"tin":{"type":"ein","value":"832522386"},"service_code":["81"],"billing_class":"professional","payments":[{"allowed_amount":90.00,"billing_code_modifier":[""],"providers":[{"billed_charge":150.00,"npi":[1184253650,1316245558]}]}]},{"tin":{"type":"ein","value":"851812053"},"service_code":["81"],"billing_class":"professional","payments":[{"allowed_amount":90.00,"billing_code_modifier":[""],"providers":[{"billed_charge":200.00,"npi":[1316555204,1710116876]}]}]},{"tin":{"type":"ein","value":"852533341"},"service_code":["81"],"billing_class":"professional","payments":[{"allowed_amount":90.00,"billing_code_modifier":[""],"providers":[{"billed_charge":100.00,"npi":[1174137368,1700943032,1962020701]}]}]},{"tin":{"type":"ein","value":"853138773"},"service_code":["81"],"billing_class":"professional","payments":[{"allowed_amount":90.00,"billing_code_modifier":[""],"providers":[{"billed_charge":230.00,"npi":[1164476602,1801492558]}]}]},{"tin":{"type":"ein","value":"854322824"},"service_code":["81"],"billing_class":"professional","payments":[{"allowed_amount":90.00,"billing_code_modifier":[""],"providers":[{"billed_charge":150.00,"npi":[1245825686]}]}]},{"tin":{"type":"ein","value":"861287316"},"service_code":["81"],"billing_class":"professional","payments":[{"allowed_amount":90.00,"billing_code_modifier":[""],"providers":[{"billed_charge":200.00,"npi":[1669053286,1689633711]}]}]},{"tin":{"type":"ein","value":"862091392"},"service_code":["81"],"billing_class":"professional","payments":[{"allowed_amount":90.00,"billing_code_modifier":[""],"providers":[{"billed_charge":150.00,"npi":[1275115529,1346417086]}]}]},{"tin":{"type":"ein","value":"862259298"},"service_code":["81"],"billing_class":"professional","payments":[{"allowed_amount":90.00,"billing_code_modifier":[""],"providers":[{"billed_charge":187.50,"npi":[1073191177,1285197616]}]}]},{"tin":{"type":"ein","value":"872336634"},"service_code":["81"],"billing_class":"professional","payments":[{"allowed_amount":90.00,"billing_code_modifier":[""],"providers":[{"billed_charge":150.00,"npi":[1265534465,1861162455]}]}]},{"tin":{"type":"ein","value":"880241758"},"service_code":["81"],"billing_class":"professional","payments":[{"allowed_amount":90.00,"billing_code_modifier":[""],"providers":[{"billed_charge":100.00,"npi":[1124417357,1184883993,1356534994,1376633586,1477544450]}]}]}]},{"name":"MEDICAL\/SURGICAL SUPPLIES","billing_code_type":"RC","billing_code_type_version":"UB04","billing_code":"0270","description":"MEDICAL\/SURGICAL SUPPLIES","allowed_amounts":[{"tin":{"type":"ein","value":"821234100"},"service_code":["65"],"billing_class":"institutional","payments":[{"allowed_amount":1.98,"billing_code_modifier":[""],"providers":[{"billed_charge":23.94,"npi":[1396270906,1831167287]}]}]},{"tin":{"type":"ein","value":"821234100"},"service_code":["65"],"billing_class":"institutional","payments":[{"allowed_amount":2.07,"billing_code_modifier":[""],"providers":[{"billed_charge":23.94,"npi":[1396270906,1831167287]}]}]}]},{"name":"OFFICE\/OUTPATIENT NEW SF MDM 15-29 MINUTES","billing_code_type":"CPT","billing_code_type_version":"2020","billing_code":"99202","description":"OFFICE\/OUTPATIENT NEW SF MDM 15-29 MINUTES","allowed_amounts":[{"tin":{"type":"ein","value":"824412688"},"service_code":["02"],"billing_class":"professional","payments":[{"allowed_amount":85.13,"billing_code_modifier":[""],"providers":[{"billed_charge":150.00,"npi":[1265933527,1609934868]}]}]},{"tin":{"type":"ein","value":"872295390"},"service_code":["02"],"billing_class":"professional","payments":[{"allowed_amount":85.13,"billing_code_modifier":[""],"providers":[{"billed_charge":227.43,"npi":[1043250392,1689341885]}]}]}]},{"name":"SBSQ HOSPITAL CARE\/DAY 25 MINUTES","billing_code_type":"CPT","billing_code_type_version":"2020","billing_code":"99232","description":"SBSQ HOSPITAL CARE\/DAY 25 MINUTES","allowed_amounts":[{"tin":{"type":"ein","value":"202863377"},"service_code":["21"],"billing_class":"professional","payments":[{"allowed_amount":75.00,"billing_code_modifier":[""],"providers":[{"billed_charge":75.00,"npi":[1003907460,1831270560,1881034254]}]}]},{"tin":{"type":"ein","value":"371862623"},"service_code":["21"],"billing_class":"professional","payments":[{"allowed_amount":87.29,"billing_code_modifier":[""],"providers":[{"billed_charge":350.00,"npi":[1003916511,1194247346,1538266606]}]}]}]},{"name":"SBSQ HOSPITAL CARE\/DAY 35 MINUTES","billing_code_type":"CPT","billing_code_type_version":"2020","billing_code":"99233","description":"SBSQ HOSPITAL CARE\/DAY 35 MINUTES","allowed_amounts":[{"tin":{"type":"ein","value":"371862623"},"service_code":["21"],"billing_class":"professional","payments":[{"allowed_amount":126.42,"billing_code_modifier":[""],"providers":[{"billed_charge":497.00,"npi":[1164865762,1194247346,1538266606,1700821287,1972798411,1982897930]}]}]}]},{"name":"SBSQ NURSING FACIL CARE\/DAY MINOR COMPLJ 15 MIN","billing_code_type":"CPT","billing_code_type_version":"2020","billing_code":"99308","description":"SBSQ NURSING FACIL CARE\/DAY MINOR COMPLJ 15 MIN","allowed_amounts":[{"tin":{"type":"ein","value":"260240049"},"service_code":["31"],"billing_class":"professional","payments":[{"allowed_amount":72.50,"billing_code_modifier":[""],"providers":[{"billed_charge":72.50,"npi":[1346240504,1710183264,1881714863]}]}]}]},{"name":"SPEC CLCT FOR SARS-COV-2 COVID-19 ANY SPEC SRC","billing_code_type":"HCPCS","billing_code_type_version":"HCPCS LEVEL II 2021","billing_code":"G2023","description":"SPEC CLCT FOR SARS-COV-2 COVID-19 ANY SPEC SRC","allowed_amounts":[{"tin":{"type":"ein","value":"462543758"},"service_code":["81"],"billing_class":"professional","payments":[{"allowed_amount":28.15,"billing_code_modifier":[""],"providers":[{"billed_charge":58.65,"npi":[1417391533,1750390092]}]}]},{"tin":{"type":"ein","value":"471677831"},"service_code":["81"],"billing_class":"professional","payments":[{"allowed_amount":28.15,"billing_code_modifier":[""],"providers":[{"billed_charge":100.00,"npi":[1063833754,1083621023,1346644929]}]}]},{"tin":{"type":"ein","value":"471926617"},"service_code":["81"],"billing_class":"professional","payments":[{"allowed_amount":28.15,"billing_code_modifier":[""],"providers":[{"billed_charge":120.00,"npi":[1265834576,1306118161,1376926196,1578712311,1780108654]}]}]},{"tin":{"type":"ein","value":"112981841"},"service_code":["81"],"billing_class":"professional","payments":[{"allowed_amount":28.15,"billing_code_modifier":[""],"providers":[{"billed_charge":200.00,"npi":[1033281126,1508223850]}]}]},{"tin":{"type":"ein","value":"201236503"},"service_code":["81"],"billing_class":"professional","payments":[{"allowed_amount":28.15,"billing_code_modifier":[""],"providers":[{"billed_charge":30.00,"npi":[1225110497,1578540860]}]}]},{"tin":{"type":"ein","value":"371794430"},"service_code":["81"],"billing_class":"professional","payments":[{"allowed_amount":28.15,"billing_code_modifier":[""],"providers":[{"billed_charge":200.00,"npi":[1023479623,1760540421]}]}]},{"tin":{"type":"ein","value":"475502891"},"service_code":["81"],"billing_class":"professional","payments":[{"allowed_amount":28.15,"billing_code_modifier":[""],"providers":[{"billed_charge":50.00,"npi":[1851992127,1902840283]}]}]},{"tin":{"type":"ein","value":"630825248"},"service_code":["20"],"billing_class":"professional","payments":[{"allowed_amount":28.15,"billing_code_modifier":[""],"providers":[{"billed_charge":50.00,"npi":[1669429080,1992356380]}]}]},{"tin":{"type":"ein","value":"810766596"},"service_code":["81"],"billing_class":"professional","payments":[{"allowed_amount":28.15,"billing_code_modifier":[""],"providers":[{"billed_charge":140.76,"npi":[1407119076,1568816692,1609363951,1780944496,1902267164]}]}]},{"tin":{"type":"ein","value":"813885724"},"service_code":["11"],"billing_class":"professional","payments":[{"allowed_amount":28.15,"billing_code_modifier":[""],"providers":[{"billed_charge":70.38,"npi":[1144769068]}]}]},{"tin":{"type":"ein","value":"821445590"},"service_code":["81"],"billing_class":"professional","payments":[{"allowed_amount":28.15,"billing_code_modifier":[""],"providers":[{"billed_charge":50.00,"npi":[1245754316,1962921445]}]}]},{"tin":{"type":"ein","value":"824406944"},"service_code":["81"],"billing_class":"professional","payments":[{"allowed_amount":28.15,"billing_code_modifier":[""],"providers":[{"billed_charge":36.00,"npi":[1467946848,1982928487]}]}]},{"tin":{"type":"ein","value":"830546250"},"service_code":["81"],"billing_class":"professional","payments":[{"allowed_amount":28.15,"billing_code_modifier":[""],"providers":[{"billed_charge":100.00,"npi":[1073006144]}]}]},{"tin":{"type":"ein","value":"832522386"},"service_code":["11"],"billing_class":"professional","payments":[{"allowed_amount":28.15,"billing_code_modifier":[""],"providers":[{"billed_charge":46.92,"npi":[1184253650]}]}]},{"tin":{"type":"ein","value":"842074883"},"service_code":["81"],"billing_class":"professional","payments":[{"allowed_amount":28.15,"billing_code_modifier":[""],"providers":[{"billed_charge":100.00,"npi":[1013415249,1932769759]}]}]},{"tin":{"type":"ein","value":"842515383"},"service_code":["81"],"billing_class":"professional","payments":[{"allowed_amount":23.46,"billing_code_modifier":[""],"providers":[{"billed_charge":76.00,"npi":[1093913212,1770137754]}]}]},{"tin":{"type":"ein","value":"844573191"},"service_code":["81"],"billing_class":"professional","payments":[{"allowed_amount":28.15,"billing_code_modifier":[""],"providers":[{"billed_charge":50.00,"npi":[1841489820,1871130351]}]}]},{"tin":{"type":"ein","value":"850935326"},"service_code":["81"],"billing_class":"professional","payments":[{"allowed_amount":28.15,"billing_code_modifier":[""],"providers":[{"billed_charge":50.00,"npi":[1790307395]}]}]},{"tin":{"type":"ein","value":"851812053"},"service_code":["81"],"billing_class":"professional","payments":[{"allowed_amount":28.15,"billing_code_modifier":[""],"providers":[{"billed_charge":50.00,"npi":[1316555204,1710116876]}]}]},{"tin":{"type":"ein","value":"851991956"},"service_code":["11"],"billing_class":"professional","payments":[{"allowed_amount":28.15,"billing_code_modifier":[""],"providers":[{"billed_charge":128.00,"npi":[1154930279]}]}]},{"tin":{"type":"ein","value":"853138773"},"service_code":["81"],"billing_class":"professional","payments":[{"allowed_amount":28.15,"billing_code_modifier":[""],"providers":[{"billed_charge":120.00,"npi":[1164476602,1801492558]}]}]},{"tin":{"type":"ein","value":"854322824"},"service_code":["81"],"billing_class":"professional","payments":[{"allowed_amount":28.15,"billing_code_modifier":[""],"providers":[{"billed_charge":46.92,"npi":[1245825686]}]}]},{"tin":{"type":"ein","value":"872336634"},"service_code":["81"],"billing_class":"professional","payments":[{"allowed_amount":23.46,"billing_code_modifier":[""],"providers":[{"billed_charge":46.00,"npi":[1265534465,1861162455]}]}]},{"tin":{"type":"ein","value":"872336634"},"service_code":["81"],"billing_class":"professional","payments":[{"allowed_amount":28.15,"billing_code_modifier":[""],"providers":[{"billed_charge":46.00,"npi":[1265534465,1861162455]}]}]}]}]}
