{"reporting_entity_name": "IEC Group_DBA AmeriBen",
	"reporting_entity_type": "Third Party Administrator",
	"plan_name": "TUBA CITY REGIONAL HEALTH CARE",
	"plan_id_type": "ein",
	"plan_id": "043651340",
	"plan_market_type": "group",
	"last_updated_on": "2025-07-01","Version": "1.0.0","provider_references":[{"provider_group_id":18,"provider_groups":[{"npi":[1740273614],"tin":{"type":"ein","value":"20-0277709"}}]},{"provider_group_id":19,"provider_groups":[{"npi":[1154326650,1396232559],"tin":{"type":"ein","value":"20-1808351"}}]},{"provider_group_id":20,"provider_groups":[{"npi":[1477886406],"tin":{"type":"ein","value":"26-4509307"}}]},{"provider_group_id":21,"provider_groups":[{"npi":[1598012783],"tin":{"type":"ein","value":"27-4160293"}}]},{"provider_group_id":22,"provider_groups":[{"npi":[1043690845,1558858712],"tin":{"type":"ein","value":"47-3325492"}}]},{"provider_group_id":23,"provider_groups":[{"npi":[1609434794],"tin":{"type":"ein","value":"84-1880085"}}]},{"provider_group_id":24,"provider_groups":[{"npi":[1164080263],"tin":{"type":"ein","value":"84-1895360"}}]},{"provider_group_id":25,"provider_groups":[{"npi":[1730783523],"tin":{"type":"ein","value":"84-3527783"}}]},{"provider_group_id":26,"provider_groups":[{"npi":[1467069047],"tin":{"type":"ein","value":"85-2826765"}}]},{"provider_group_id":27,"provider_groups":[{"npi":[1144762402,1265063010,1386608859,1093800591,1417152745,1528169125,1770690695,1811951429,1720042799,1972562460],"tin":{"type":"ein","value":"86-0181654"}}]}],"in_network":[{"negotiation_arrangement":"ffs","name":"All coding types","billing_code_type":"CSTM-ALL","billing_code_type_version":"2022","billing_code":"CSTM-00","description":"All codes possible","negotiated_rates":[{"provider_references":[18,26],"negotiated_prices":[{"negotiated_type":"negotiated","negotiated_rate":155.00,"expiration_date":"9999-12-31","service_code":["20"],"billing_class":"institutional","billing_class_modifier":[""]}]},{"provider_references":[19,20,21,22,23,24,25,27],"negotiated_prices":[{"negotiated_type":"percentage","negotiated_rate":39.00,"expiration_date":"9999-12-31","service_code":["21","31","32","51","61"],"billing_class":"institutional","billing_class_modifier":[""]},{"negotiated_type":"percentage","negotiated_rate":24.00,"expiration_date":"9999-12-31","service_code":["19","22","23","24"],"billing_class":"institutional","billing_class_modifier":[""]},{"negotiated_type":"percentage","negotiated_rate":75.00,"expiration_date":"9999-12-31","service_code":["12","14","13","32","33","34"],"billing_class":"institutional","billing_class_modifier":[""]}]},{"provider_references":[27],"negotiated_prices":[{"negotiated_type":"negotiated","negotiated_rate":225.00,"expiration_date":"9999-12-31","service_code":["20"],"billing_class":"institutional","billing_class_modifier":[""]}]}]},{"negotiation_arrangement":"ffs","name":"PROFESSIONAL FEES","billing_code_type":"RC","billing_code_type_version":"2020","billing_code":"0960","description":"PROFESSIONAL FEES","negotiated_rates":[{"provider_references":[19,20,21,22,23,24,25,27],"negotiated_prices":[{"negotiated_type":"percentage","negotiated_rate":70.00,"expiration_date":"9999-12-31","service_code":["01","02","03","04","05","06","07","08","09","10","11","12","13","14","15","16","17","18","19","20","21","22","23","24","25","26","31","32","33","34","41","42","49","50","51","52","53","54","55","56","57","58","60","61","62","65","71","72","81","99"],"billing_class":"professional","billing_class_modifier":[""]}]}]},{"negotiation_arrangement":"ffs","name":"PSYCHIATRIC","billing_code_type":"RC","billing_code_type_version":"2020","billing_code":"0961","description":"PSYCHIATRIC","negotiated_rates":[{"provider_references":[19,20,21,22,23,24,25,27],"negotiated_prices":[{"negotiated_type":"percentage","negotiated_rate":70.00,"expiration_date":"9999-12-31","service_code":["01","02","03","04","05","06","07","08","09","10","11","12","13","14","15","16","17","18","19","20","21","22","23","24","25","26","31","32","33","34","41","42","49","50","51","52","53","54","55","56","57","58","60","61","62","65","71","72","81","99"],"billing_class":"professional","billing_class_modifier":[""]}]}]},{"negotiation_arrangement":"ffs","name":"OPHTHALMOLOGY","billing_code_type":"RC","billing_code_type_version":"2020","billing_code":"0962","description":"OPHTHALMOLOGY","negotiated_rates":[{"provider_references":[19,20,21,22,23,24,25,27],"negotiated_prices":[{"negotiated_type":"percentage","negotiated_rate":70.00,"expiration_date":"9999-12-31","service_code":["01","02","03","04","05","06","07","08","09","10","11","12","13","14","15","16","17","18","19","20","21","22","23","24","25","26","31","32","33","34","41","42","49","50","51","52","53","54","55","56","57","58","60","61","62","65","71","72","81","99"],"billing_class":"professional","billing_class_modifier":[""]}]}]},{"negotiation_arrangement":"ffs","name":"ANESTHESIOLOGIST (MD)","billing_code_type":"RC","billing_code_type_version":"2020","billing_code":"0963","description":"ANESTHESIOLOGIST (MD)","negotiated_rates":[{"provider_references":[19,20,21,22,23,24,25,27],"negotiated_prices":[{"negotiated_type":"percentage","negotiated_rate":70.00,"expiration_date":"9999-12-31","service_code":["01","02","03","04","05","06","07","08","09","10","11","12","13","14","15","16","17","18","19","20","21","22","23","24","25","26","31","32","33","34","41","42","49","50","51","52","53","54","55","56","57","58","60","61","62","65","71","72","81","99"],"billing_class":"professional","billing_class_modifier":[""]}]}]},{"negotiation_arrangement":"ffs","name":"ANESTHETIST (CRNA)","billing_code_type":"RC","billing_code_type_version":"2020","billing_code":"0964","description":"ANESTHETIST (CRNA)","negotiated_rates":[{"provider_references":[19,20,21,22,23,24,25,27],"negotiated_prices":[{"negotiated_type":"percentage","negotiated_rate":70.00,"expiration_date":"9999-12-31","service_code":["01","02","03","04","05","06","07","08","09","10","11","12","13","14","15","16","17","18","19","20","21","22","23","24","25","26","31","32","33","34","41","42","49","50","51","52","53","54","55","56","57","58","60","61","62","65","71","72","81","99"],"billing_class":"professional","billing_class_modifier":[""]}]}]},{"negotiation_arrangement":"ffs","name":"OTHER PROFESSIONAL FEE","billing_code_type":"RC","billing_code_type_version":"2020","billing_code":"0969","description":"OTHER PROFESSIONAL FEE","negotiated_rates":[{"provider_references":[19,20,21,22,23,24,25,27],"negotiated_prices":[{"negotiated_type":"percentage","negotiated_rate":70.00,"expiration_date":"9999-12-31","service_code":["01","02","03","04","05","06","07","08","09","10","11","12","13","14","15","16","17","18","19","20","21","22","23","24","25","26","31","32","33","34","41","42","49","50","51","52","53","54","55","56","57","58","60","61","62","65","71","72","81","99"],"billing_class":"professional","billing_class_modifier":[""]}]}]},{"negotiation_arrangement":"ffs","name":"PROFESSIONAL FEES (096X) LABORATORY","billing_code_type":"RC","billing_code_type_version":"2020","billing_code":"0971","description":"PROFESSIONAL FEES (096X) LABORATORY","negotiated_rates":[{"provider_references":[19,20,21,22,23,24,25,27],"negotiated_prices":[{"negotiated_type":"percentage","negotiated_rate":70.00,"expiration_date":"9999-12-31","service_code":["01","02","03","04","05","06","07","08","09","10","11","12","13","14","15","16","17","18","19","20","21","22","23","24","25","26","31","32","33","34","41","42","49","50","51","52","53","54","55","56","57","58","60","61","62","65","71","72","81","99"],"billing_class":"professional","billing_class_modifier":[""]}]}]},{"negotiation_arrangement":"ffs","name":"PROFESSIONAL FEES (096X) RADIOLOGY-DIAGNOSTIC","billing_code_type":"RC","billing_code_type_version":"2020","billing_code":"0972","description":"PROFESSIONAL FEES (096X) RADIOLOGY-DIAGNOSTIC","negotiated_rates":[{"provider_references":[19,20,21,22,23,24,25,27],"negotiated_prices":[{"negotiated_type":"percentage","negotiated_rate":70.00,"expiration_date":"9999-12-31","service_code":["01","02","03","04","05","06","07","08","09","10","11","12","13","14","15","16","17","18","19","20","21","22","23","24","25","26","31","32","33","34","41","42","49","50","51","52","53","54","55","56","57","58","60","61","62","65","71","72","81","99"],"billing_class":"professional","billing_class_modifier":[""]}]}]},{"negotiation_arrangement":"ffs","name":"PROFESSIONAL FEES (096X) RADIOLOGY-THERAPEUTIC","billing_code_type":"RC","billing_code_type_version":"2020","billing_code":"0973","description":"PROFESSIONAL FEES (096X) RADIOLOGY-THERAPEUTIC","negotiated_rates":[{"provider_references":[19,20,21,22,23,24,25,27],"negotiated_prices":[{"negotiated_type":"percentage","negotiated_rate":70.00,"expiration_date":"9999-12-31","service_code":["01","02","03","04","05","06","07","08","09","10","11","12","13","14","15","16","17","18","19","20","21","22","23","24","25","26","31","32","33","34","41","42","49","50","51","52","53","54","55","56","57","58","60","61","62","65","71","72","81","99"],"billing_class":"professional","billing_class_modifier":[""]}]}]},{"negotiation_arrangement":"ffs","name":"PROFESSIONAL FEES (096X) RADIOLOGY-NUCLEAR MEDICIN","billing_code_type":"RC","billing_code_type_version":"2020","billing_code":"0974","description":"PROFESSIONAL FEES (096X) RADIOLOGY-NUCLEAR MEDICIN","negotiated_rates":[{"provider_references":[19,20,21,22,23,24,25,27],"negotiated_prices":[{"negotiated_type":"percentage","negotiated_rate":70.00,"expiration_date":"9999-12-31","service_code":["01","02","03","04","05","06","07","08","09","10","11","12","13","14","15","16","17","18","19","20","21","22","23","24","25","26","31","32","33","34","41","42","49","50","51","52","53","54","55","56","57","58","60","61","62","65","71","72","81","99"],"billing_class":"professional","billing_class_modifier":[""]}]}]},{"negotiation_arrangement":"ffs","name":"PROFESSIONAL FEES (096X) OPERATING ROOM","billing_code_type":"RC","billing_code_type_version":"2020","billing_code":"0975","description":"PROFESSIONAL FEES (096X) OPERATING ROOM","negotiated_rates":[{"provider_references":[19,20,21,22,23,24,25,27],"negotiated_prices":[{"negotiated_type":"percentage","negotiated_rate":70.00,"expiration_date":"9999-12-31","service_code":["01","02","03","04","05","06","07","08","09","10","11","12","13","14","15","16","17","18","19","20","21","22","23","24","25","26","31","32","33","34","41","42","49","50","51","52","53","54","55","56","57","58","60","61","62","65","71","72","81","99"],"billing_class":"professional","billing_class_modifier":[""]}]}]},{"negotiation_arrangement":"ffs","name":"PROFESSIONAL FEES (096X) RESPIRATORY THERAPY","billing_code_type":"RC","billing_code_type_version":"2020","billing_code":"0976","description":"PROFESSIONAL FEES (096X) RESPIRATORY THERAPY","negotiated_rates":[{"provider_references":[19,20,21,22,23,24,25,27],"negotiated_prices":[{"negotiated_type":"percentage","negotiated_rate":70.00,"expiration_date":"9999-12-31","service_code":["01","02","03","04","05","06","07","08","09","10","11","12","13","14","15","16","17","18","19","20","21","22","23","24","25","26","31","32","33","34","41","42","49","50","51","52","53","54","55","56","57","58","60","61","62","65","71","72","81","99"],"billing_class":"professional","billing_class_modifier":[""]}]}]},{"negotiation_arrangement":"ffs","name":"PROFESSIONAL FEES (096X) PHYSICAL THERAPY","billing_code_type":"RC","billing_code_type_version":"2020","billing_code":"0977","description":"PROFESSIONAL FEES (096X) PHYSICAL THERAPY","negotiated_rates":[{"provider_references":[19,20,21,22,23,24,25,27],"negotiated_prices":[{"negotiated_type":"percentage","negotiated_rate":70.00,"expiration_date":"9999-12-31","service_code":["01","02","03","04","05","06","07","08","09","10","11","12","13","14","15","16","17","18","19","20","21","22","23","24","25","26","31","32","33","34","41","42","49","50","51","52","53","54","55","56","57","58","60","61","62","65","71","72","81","99"],"billing_class":"professional","billing_class_modifier":[""]}]}]},{"negotiation_arrangement":"ffs","name":"PROFESSIONAL FEES (096X) OCCUPATIONAL THERAPY","billing_code_type":"RC","billing_code_type_version":"2020","billing_code":"0978","description":"PROFESSIONAL FEES (096X) OCCUPATIONAL THERAPY","negotiated_rates":[{"provider_references":[19,20,21,22,23,24,25,27],"negotiated_prices":[{"negotiated_type":"percentage","negotiated_rate":70.00,"expiration_date":"9999-12-31","service_code":["01","02","03","04","05","06","07","08","09","10","11","12","13","14","15","16","17","18","19","20","21","22","23","24","25","26","31","32","33","34","41","42","49","50","51","52","53","54","55","56","57","58","60","61","62","65","71","72","81","99"],"billing_class":"professional","billing_class_modifier":[""]}]}]},{"negotiation_arrangement":"ffs","name":"PROFESSIONAL FEES (096X) SPEECH PATHOLOGY","billing_code_type":"RC","billing_code_type_version":"2020","billing_code":"0979","description":"PROFESSIONAL FEES (096X) SPEECH PATHOLOGY","negotiated_rates":[{"provider_references":[19,20,21,22,23,24,25,27],"negotiated_prices":[{"negotiated_type":"percentage","negotiated_rate":70.00,"expiration_date":"9999-12-31","service_code":["01","02","03","04","05","06","07","08","09","10","11","12","13","14","15","16","17","18","19","20","21","22","23","24","25","26","31","32","33","34","41","42","49","50","51","52","53","54","55","56","57","58","60","61","62","65","71","72","81","99"],"billing_class":"professional","billing_class_modifier":[""]}]}]},{"negotiation_arrangement":"ffs","name":"PROFESSIONAL FEES (096X) EMERGENCY ROOM","billing_code_type":"RC","billing_code_type_version":"2020","billing_code":"0981","description":"PROFESSIONAL FEES (096X) EMERGENCY ROOM","negotiated_rates":[{"provider_references":[19,20,21,22,23,24,25,27],"negotiated_prices":[{"negotiated_type":"percentage","negotiated_rate":70.00,"expiration_date":"9999-12-31","service_code":["01","02","03","04","05","06","07","08","09","10","11","12","13","14","15","16","17","18","19","20","21","22","23","24","25","26","31","32","33","34","41","42","49","50","51","52","53","54","55","56","57","58","60","61","62","65","71","72","81","99"],"billing_class":"professional","billing_class_modifier":[""]}]}]},{"negotiation_arrangement":"ffs","name":"PROFESSIONAL FEES (096X) OUTPATIENT SERVICES","billing_code_type":"RC","billing_code_type_version":"2020","billing_code":"0982","description":"PROFESSIONAL FEES (096X) OUTPATIENT SERVICES","negotiated_rates":[{"provider_references":[19,20,21,22,23,24,25,27],"negotiated_prices":[{"negotiated_type":"percentage","negotiated_rate":70.00,"expiration_date":"9999-12-31","service_code":["01","02","03","04","05","06","07","08","09","10","11","12","13","14","15","16","17","18","19","20","21","22","23","24","25","26","31","32","33","34","41","42","49","50","51","52","53","54","55","56","57","58","60","61","62","65","71","72","81","99"],"billing_class":"professional","billing_class_modifier":[""]}]}]},{"negotiation_arrangement":"ffs","name":"PROFESSIONAL FEES (096X) CLINIC","billing_code_type":"RC","billing_code_type_version":"2020","billing_code":"0983","description":"PROFESSIONAL FEES (096X) CLINIC","negotiated_rates":[{"provider_references":[19,20,21,22,23,24,25,27],"negotiated_prices":[{"negotiated_type":"percentage","negotiated_rate":70.00,"expiration_date":"9999-12-31","service_code":["01","02","03","04","05","06","07","08","09","10","11","12","13","14","15","16","17","18","19","20","21","22","23","24","25","26","31","32","33","34","41","42","49","50","51","52","53","54","55","56","57","58","60","61","62","65","71","72","81","99"],"billing_class":"professional","billing_class_modifier":[""]}]}]},{"negotiation_arrangement":"ffs","name":"PROFESSIONAL FEES (096X) MEDICAL SOCIAL SERVICES","billing_code_type":"RC","billing_code_type_version":"2020","billing_code":"0984","description":"PROFESSIONAL FEES (096X) MEDICAL SOCIAL SERVICES","negotiated_rates":[{"provider_references":[19,20,21,22,23,24,25,27],"negotiated_prices":[{"negotiated_type":"percentage","negotiated_rate":70.00,"expiration_date":"9999-12-31","service_code":["01","02","03","04","05","06","07","08","09","10","11","12","13","14","15","16","17","18","19","20","21","22","23","24","25","26","31","32","33","34","41","42","49","50","51","52","53","54","55","56","57","58","60","61","62","65","71","72","81","99"],"billing_class":"professional","billing_class_modifier":[""]}]}]},{"negotiation_arrangement":"ffs","name":"PROFESSIONAL FEES (096X) EKG","billing_code_type":"RC","billing_code_type_version":"2020","billing_code":"0985","description":"PROFESSIONAL FEES (096X) EKG","negotiated_rates":[{"provider_references":[19,20,21,22,23,24,25,27],"negotiated_prices":[{"negotiated_type":"percentage","negotiated_rate":70.00,"expiration_date":"9999-12-31","service_code":["01","02","03","04","05","06","07","08","09","10","11","12","13","14","15","16","17","18","19","20","21","22","23","24","25","26","31","32","33","34","41","42","49","50","51","52","53","54","55","56","57","58","60","61","62","65","71","72","81","99"],"billing_class":"professional","billing_class_modifier":[""]}]}]},{"negotiation_arrangement":"ffs","name":"PROFESSIONAL FEES (096X) EEK","billing_code_type":"RC","billing_code_type_version":"2020","billing_code":"0986","description":"PROFESSIONAL FEES (096X) EEK","negotiated_rates":[{"provider_references":[19,20,21,22,23,24,25,27],"negotiated_prices":[{"negotiated_type":"percentage","negotiated_rate":70.00,"expiration_date":"9999-12-31","service_code":["01","02","03","04","05","06","07","08","09","10","11","12","13","14","15","16","17","18","19","20","21","22","23","24","25","26","31","32","33","34","41","42","49","50","51","52","53","54","55","56","57","58","60","61","62","65","71","72","81","99"],"billing_class":"professional","billing_class_modifier":[""]}]}]},{"negotiation_arrangement":"ffs","name":"PROFESSIONAL FEES (096X) HOSPITAL VISIT","billing_code_type":"RC","billing_code_type_version":"2020","billing_code":"0987","description":"PROFESSIONAL FEES (096X) HOSPITAL VISIT","negotiated_rates":[{"provider_references":[19,20,21,22,23,24,25,27],"negotiated_prices":[{"negotiated_type":"percentage","negotiated_rate":70.00,"expiration_date":"9999-12-31","service_code":["01","02","03","04","05","06","07","08","09","10","11","12","13","14","15","16","17","18","19","20","21","22","23","24","25","26","31","32","33","34","41","42","49","50","51","52","53","54","55","56","57","58","60","61","62","65","71","72","81","99"],"billing_class":"professional","billing_class_modifier":[""]}]}]},{"negotiation_arrangement":"ffs","name":"PROFESSIONAL FEES (096X) CONSULTATION","billing_code_type":"RC","billing_code_type_version":"2020","billing_code":"0988","description":"PROFESSIONAL FEES (096X) CONSULTATION","negotiated_rates":[{"provider_references":[19,20,21,22,23,24,25,27],"negotiated_prices":[{"negotiated_type":"percentage","negotiated_rate":70.00,"expiration_date":"9999-12-31","service_code":["01","02","03","04","05","06","07","08","09","10","11","12","13","14","15","16","17","18","19","20","21","22","23","24","25","26","31","32","33","34","41","42","49","50","51","52","53","54","55","56","57","58","60","61","62","65","71","72","81","99"],"billing_class":"professional","billing_class_modifier":[""]}]}]},{"negotiation_arrangement":"ffs","name":"PRIVATE DUTY NURSE","billing_code_type":"RC","billing_code_type_version":"2020","billing_code":"0989","description":"PRIVATE DUTY NURSE","negotiated_rates":[{"provider_references":[19,20,21,22,23,24,25,27],"negotiated_prices":[{"negotiated_type":"percentage","negotiated_rate":70.00,"expiration_date":"9999-12-31","service_code":["01","02","03","04","05","06","07","08","09","10","11","12","13","14","15","16","17","18","19","20","21","22","23","24","25","26","31","32","33","34","41","42","49","50","51","52","53","54","55","56","57","58","60","61","62","65","71","72","81","99"],"billing_class":"professional","billing_class_modifier":[""]}]}]}]}
