{"reporting_entity_name": "IEC Group_DBA AmeriBen",
	"reporting_entity_type": "Third Party Administrator",
	"plan_name": "PURSUIT AEROSPACE",
	"plan_id_type": "ein",
	"plan_id": "921351892",
	"plan_market_type": "group",
	"last_updated_on": "2024-11-01","Version": "1.0.0","out_of_network":[{"name":"HOME NFS\/SPECIALTY DRUG ADMN PER VISIT <2 HR","billing_code_type":"CPT","billing_code_type_version":"2020","billing_code":"99601","description":"HOME NFS\/SPECIALTY DRUG ADMN PER VISIT <2 HR","allowed_amounts":[{"tin":{"type":"ein","value":"010808529"},"service_code":["12"],"billing_class":"professional","payments":[{"allowed_amount":400.00,"billing_code_modifier":[""],"providers":[{"billed_charge":400.00,"npi":[1073569760,1851337778]}]}]}]},{"name":"PARENTERAL ADMINISTRATION KI","billing_code_type":"HCPCS","billing_code_type_version":"HCPCS LEVEL II 2021","billing_code":"B4224","description":"PARENTERAL ADMINISTRATION KI","allowed_amounts":[{"tin":{"type":"ein","value":"010808529"},"service_code":["12"],"billing_class":"professional","payments":[{"allowed_amount":700.00,"billing_code_modifier":[""],"providers":[{"billed_charge":700.00,"npi":[1073569760,1407987324,1851337778]}]}]}]},{"name":"PARENTERAL SOL 52-73 GM PROT","billing_code_type":"HCPCS","billing_code_type_version":"HCPCS LEVEL II 2021","billing_code":"B4193","description":"PARENTERAL SOL 52-73 GM PROT","allowed_amounts":[{"tin":{"type":"ein","value":"010808529"},"service_code":["12"],"billing_class":"professional","payments":[{"allowed_amount":4200.00,"billing_code_modifier":[""],"providers":[{"billed_charge":4200.00,"npi":[1073569760,1407987324,1851337778]}]}]}]},{"name":"PARENTERAL SUPPLY KIT PREMIX","billing_code_type":"HCPCS","billing_code_type_version":"HCPCS LEVEL II 2021","billing_code":"B4220","description":"PARENTERAL SUPPLY KIT PREMIX","allowed_amounts":[{"tin":{"type":"ein","value":"010808529"},"service_code":["12"],"billing_class":"professional","payments":[{"allowed_amount":210.00,"billing_code_modifier":[""],"providers":[{"billed_charge":210.00,"npi":[1073569760,1407987324,1851337778]}]}]}]},{"name":"PHYSICAL THERAPY","billing_code_type":"RC","billing_code_type_version":"UB04","billing_code":"0420","description":"PHYSICAL THERAPY","allowed_amounts":[{"tin":{"type":"ein","value":"824502169"},"service_code":["22"],"billing_class":"institutional","payments":[{"allowed_amount":0.00,"billing_code_modifier":[""],"providers":[{"billed_charge":95.00,"npi":[1023574944,1437314465]},{"billed_charge":190.00,"npi":[1023574944,1437314465]}]},{"allowed_amount":0.00,"billing_code_modifier":[""],"providers":[{"billed_charge":95.00,"npi":[1023574944,1437314465]},{"billed_charge":190.00,"npi":[1023574944,1437314465]}]}]},{"tin":{"type":"ein","value":"824502169"},"service_code":["22"],"billing_class":"institutional","payments":[{"allowed_amount":0.00,"billing_code_modifier":[""],"providers":[{"billed_charge":95.00,"npi":[1023574944,1437314465]},{"billed_charge":190.00,"npi":[1023574944,1437314465]}]},{"allowed_amount":0.00,"billing_code_modifier":[""],"providers":[{"billed_charge":95.00,"npi":[1023574944,1437314465]},{"billed_charge":190.00,"npi":[1023574944,1437314465]}]}]}]},{"name":"PN SOLN NOS 10 GRAMS LIPIDS","billing_code_type":"HCPCS","billing_code_type_version":"HCPCS LEVEL II 2021","billing_code":"B4185","description":"PN SOLN NOS 10 GRAMS LIPIDS","allowed_amounts":[{"tin":{"type":"ein","value":"010808529"},"service_code":["12"],"billing_class":"professional","payments":[{"allowed_amount":982.81,"billing_code_modifier":[""],"providers":[{"billed_charge":982.81,"npi":[1073569760,1407987324,1851337778]}]}]}]}]}
