{"reporting_entity_name": "IEC Group_DBA AmeriBen",
	"reporting_entity_type": "Third Party Administrator",
	"plan_name": "CIRCA HOSPITALITY GROUP LLC",
	"plan_id_type": "ein",
	"plan_id": "830872449",
	"plan_market_type": "group",
	"last_updated_on": "2024-05-02","Version": "1.0.0","out_of_network":[{"name":"OFFICE\/OUTPATIENT ESTABLISHED LOW MDM 20 MIN","billing_code_type":"CPT","billing_code_type_version":"2020","billing_code":"99213","description":"OFFICE\/OUTPATIENT ESTABLISHED LOW MDM 20 MIN","allowed_amounts":[{"tin":{"type":"ein","value":"043685832"},"service_code":["11"],"billing_class":"professional","payments":[{"allowed_amount":30.73,"billing_code_modifier":[""],"providers":[{"billed_charge":134.00,"npi":[1326079724,1659538247]}]}]},{"tin":{"type":"ein","value":"201264285"},"service_code":["11"],"billing_class":"professional","payments":[{"allowed_amount":30.73,"billing_code_modifier":[""],"providers":[{"billed_charge":80.00,"npi":[1114986304,1598802092]}]}]},{"tin":{"type":"ein","value":"202378045"},"service_code":["11"],"billing_class":"professional","payments":[{"allowed_amount":30.73,"billing_code_modifier":[""],"providers":[{"billed_charge":310.00,"npi":[1073619359,1154427375,1225371628]}]}]},{"tin":{"type":"ein","value":"204477738"},"service_code":["11"],"billing_class":"professional","payments":[{"allowed_amount":30.73,"billing_code_modifier":[""],"providers":[{"billed_charge":228.00,"npi":[1265839146,1942400494]}]}]},{"tin":{"type":"ein","value":"260855946"},"service_code":["11"],"billing_class":"professional","payments":[{"allowed_amount":30.73,"billing_code_modifier":[""],"providers":[{"billed_charge":114.00,"npi":[1134108038,1740475664]}]}]},{"tin":{"type":"ein","value":"270098915"},"service_code":["11"],"billing_class":"professional","payments":[{"allowed_amount":30.73,"billing_code_modifier":[""],"providers":[{"billed_charge":375.05,"npi":[1407841745,1720279466]}]}]},{"tin":{"type":"ein","value":"412211089"},"service_code":["02","11"],"billing_class":"professional","payments":[{"allowed_amount":30.73,"billing_code_modifier":[""],"providers":[{"billed_charge":228.00,"npi":[1275511263,1861539652]}]}]},{"tin":{"type":"ein","value":"462155118"},"service_code":["50"],"billing_class":"professional","payments":[{"allowed_amount":30.73,"billing_code_modifier":[""],"providers":[{"billed_charge":170.00,"npi":[1083967533,1548629132]}]}]},{"tin":{"type":"ein","value":"462574491"},"service_code":["11"],"billing_class":"professional","payments":[{"allowed_amount":30.73,"billing_code_modifier":[""],"providers":[{"billed_charge":221.00,"npi":[1376805416,1952653123]}]}]},{"tin":{"type":"ein","value":"843746934"},"service_code":["11"],"billing_class":"professional","payments":[{"allowed_amount":30.73,"billing_code_modifier":[""],"providers":[{"billed_charge":379.00,"npi":[1144243999,1447899448]}]}]},{"tin":{"type":"ein","value":"844822939"},"service_code":["11"],"billing_class":"professional","payments":[{"allowed_amount":30.73,"billing_code_modifier":[""],"providers":[{"billed_charge":233.72,"npi":[1851996326,1972047629]}]}]},{"tin":{"type":"ein","value":"851001556"},"service_code":["11"],"billing_class":"professional","payments":[{"allowed_amount":30.73,"billing_code_modifier":[""],"providers":[{"billed_charge":160.00,"npi":[1104449560,1134908296,1497854962]}]}]},{"tin":{"type":"ein","value":"880488270"},"service_code":["11"],"billing_class":"professional","payments":[{"allowed_amount":30.73,"billing_code_modifier":[""],"providers":[{"billed_charge":143.00,"npi":[1093230138,1508949462]}]}]}]},{"name":"OFFICE\/OUTPATIENT ESTABLISHED MOD MDM 30 MIN","billing_code_type":"CPT","billing_code_type_version":"2020","billing_code":"99214","description":"OFFICE\/OUTPATIENT ESTABLISHED MOD MDM 30 MIN","allowed_amounts":[{"tin":{"type":"ein","value":"043642130"},"service_code":["11"],"billing_class":"professional","payments":[{"allowed_amount":47.37,"billing_code_modifier":[""],"providers":[{"billed_charge":175.00,"npi":[1205957933]}]}]},{"tin":{"type":"ein","value":"201354387"},"service_code":["11"],"billing_class":"professional","payments":[{"allowed_amount":47.37,"billing_code_modifier":[""],"providers":[{"billed_charge":199.88,"npi":[1003904665,1386633543]}]}]},{"tin":{"type":"ein","value":"202378045"},"service_code":["11"],"billing_class":"professional","payments":[{"allowed_amount":47.37,"billing_code_modifier":[""],"providers":[{"billed_charge":465.00,"npi":[1073619359,1154427375,1528004496]}]}]},{"tin":{"type":"ein","value":"203215319"},"service_code":["11"],"billing_class":"professional","payments":[{"allowed_amount":47.37,"billing_code_modifier":[""],"providers":[{"billed_charge":200.00,"npi":[1124170493,1356367734]}]}]},{"tin":{"type":"ein","value":"204477738"},"service_code":["11"],"billing_class":"professional","payments":[{"allowed_amount":47.37,"billing_code_modifier":[""],"providers":[{"billed_charge":333.00,"npi":[1265839146,1588602957,1942400494]}]}]},{"tin":{"type":"ein","value":"208378402"},"service_code":["11"],"billing_class":"professional","payments":[{"allowed_amount":47.37,"billing_code_modifier":[""],"providers":[{"billed_charge":216.12,"npi":[1033352190,1932210457]}]}]},{"tin":{"type":"ein","value":"262964031"},"service_code":["11"],"billing_class":"professional","payments":[{"allowed_amount":47.37,"billing_code_modifier":[""],"providers":[{"billed_charge":315.00,"npi":[1053300913,1083864177,1437471059]}]}]},{"tin":{"type":"ein","value":"462574491"},"service_code":["10"],"billing_class":"professional","payments":[{"allowed_amount":47.37,"billing_code_modifier":[""],"providers":[{"billed_charge":238.00,"npi":[1376805416,1952653123]}]}]},{"tin":{"type":"ein","value":"812219401"},"service_code":["02"],"billing_class":"professional","payments":[{"allowed_amount":47.37,"billing_code_modifier":[""],"providers":[{"billed_charge":394.68,"npi":[1275988107,1801203948]}]}]},{"tin":{"type":"ein","value":"822164388"},"service_code":["10"],"billing_class":"professional","payments":[{"allowed_amount":47.37,"billing_code_modifier":[""],"providers":[{"billed_charge":332.00,"npi":[1316460850,1396498218]}]}]},{"tin":{"type":"ein","value":"831025026"},"service_code":["11"],"billing_class":"professional","payments":[{"allowed_amount":47.37,"billing_code_modifier":[""],"providers":[{"billed_charge":331.00,"npi":[1134381577,1467937151]}]}]},{"tin":{"type":"ein","value":"833048030"},"service_code":["10"],"billing_class":"professional","payments":[{"allowed_amount":47.37,"billing_code_modifier":[""],"providers":[{"billed_charge":700.00,"npi":[1174907125,1790248284]}]}]},{"tin":{"type":"ein","value":"843746934"},"service_code":["11"],"billing_class":"professional","payments":[{"allowed_amount":47.37,"billing_code_modifier":[""],"providers":[{"billed_charge":555.00,"npi":[1447899448,1487655304]}]}]},{"tin":{"type":"ein","value":"844822939"},"service_code":["11"],"billing_class":"professional","payments":[{"allowed_amount":47.37,"billing_code_modifier":[""],"providers":[{"billed_charge":328.89,"npi":[1124613047,1851996326]}]}]},{"tin":{"type":"ein","value":"862832506"},"service_code":["11"],"billing_class":"professional","payments":[{"allowed_amount":47.37,"billing_code_modifier":[""],"providers":[{"billed_charge":160.00,"npi":[1326707076,1649249608]}]}]},{"tin":{"type":"ein","value":"880310956"},"service_code":["11"],"billing_class":"professional","payments":[{"allowed_amount":47.37,"billing_code_modifier":[""],"providers":[{"billed_charge":377.00,"npi":[1063458594,1699772210,1740727007]}]}]},{"tin":{"type":"ein","value":"880332635"},"service_code":["11"],"billing_class":"professional","payments":[{"allowed_amount":47.37,"billing_code_modifier":[""],"providers":[{"billed_charge":335.50,"npi":[1699776856,1942200498]}]}]},{"tin":{"type":"ein","value":"880334872"},"service_code":["11"],"billing_class":"professional","payments":[{"allowed_amount":47.37,"billing_code_modifier":[""],"providers":[{"billed_charge":147.00,"npi":[1578563102]}]}]},{"tin":{"type":"ein","value":"880510658"},"service_code":["11"],"billing_class":"professional","payments":[{"allowed_amount":47.37,"billing_code_modifier":[""],"providers":[{"billed_charge":740.59,"npi":[1144298928,1598741068,1942253075]}]}]},{"tin":{"type":"ein","value":"921102765"},"service_code":["11"],"billing_class":"professional","payments":[{"allowed_amount":47.37,"billing_code_modifier":[""],"providers":[{"billed_charge":150.00,"npi":[1396454070,1801042528]}]}]}]},{"name":"THERAPEUT ACTVITY DIRECT PT CONTACT EACH 15 MIN","billing_code_type":"CPT","billing_code_type_version":"2020","billing_code":"97530","description":"THERAPEUT ACTVITY DIRECT PT CONTACT EACH 15 MIN","allowed_amounts":[{"tin":{"type":"ein","value":"874009083"},"service_code":["11"],"billing_class":"professional","payments":[{"allowed_amount":120.40,"billing_code_modifier":[""],"providers":[{"billed_charge":250.00,"npi":[1528556040,1588245203,1891455309]}]}]}]}]}
