{"reporting_entity_name": "IEC Group_DBA AmeriBen",
	"reporting_entity_type": "Third Party Administrator",
	"plan_name": "Solution Health  Elliot Health",
	"plan_id_type": "ein",
	"plan_id": "020509911",
	"plan_market_type": "group",
	"last_updated_on": "2023-02-01","Version": "1.0.0","out_of_network":[{"name":"PSYCHIATRIC\/PSYCHOLOGICAL SVCS: PARTIAL HOSP - INT","billing_code_type":"RC","billing_code_type_version":"UB04","billing_code":"0913","description":"PSYCHIATRIC\/PSYCHOLOGICAL SVCS: PARTIAL HOSP - INT","allowed_amounts":[{"tin":{"type":"ein","value":"832273950"},"service_code":["22"],"billing_class":"institutional","payments":[{"allowed_amount":0.00,"billing_code_modifier":[""],"providers":[{"billed_charge":2600.00,"npi":[1184190738,1477649168]}]}]},{"tin":{"type":"ein","value":"832273950"},"service_code":["22"],"billing_class":"institutional","payments":[{"allowed_amount":605.90,"billing_code_modifier":[""],"providers":[{"billed_charge":2600.00,"npi":[1184190738,1477649168]}]}]}]},{"name":"PSYCHIATRIC\/PSYCHOLOGICAL TRT: INTENSIVE OUT SERV","billing_code_type":"RC","billing_code_type_version":"UB04","billing_code":"0906","description":"PSYCHIATRIC\/PSYCHOLOGICAL TRT: INTENSIVE OUT SERV","allowed_amounts":[{"tin":{"type":"ein","value":"851598873"},"service_code":["22"],"billing_class":"institutional","payments":[{"allowed_amount":339.26,"billing_code_modifier":[""],"providers":[{"billed_charge":1850.00,"npi":[1285078956,1831708726]}]}]}]},{"name":"PSYCHOTHERAPY W\/PATIENT 45 MINUTES","billing_code_type":"CPT","billing_code_type_version":"2020","billing_code":"90834","description":"PSYCHOTHERAPY W\/PATIENT 45 MINUTES","allowed_amounts":[{"tin":{"type":"ein","value":"823855251"},"service_code":["02"],"billing_class":"professional","payments":[{"allowed_amount":94.72,"billing_code_modifier":[""],"providers":[{"billed_charge":140.00,"npi":[1386929248,1568088094]},{"billed_charge":145.00,"npi":[1386929248,1568088094]},{"billed_charge":105.00,"npi":[1386929248,1568088094]}]},{"allowed_amount":94.72,"billing_code_modifier":[""],"providers":[{"billed_charge":140.00,"npi":[1386929248,1568088094]},{"billed_charge":145.00,"npi":[1386929248,1568088094]},{"billed_charge":105.00,"npi":[1386929248,1568088094]}]},{"allowed_amount":94.72,"billing_code_modifier":[""],"providers":[{"billed_charge":140.00,"npi":[1386929248,1568088094]},{"billed_charge":145.00,"npi":[1386929248,1568088094]},{"billed_charge":105.00,"npi":[1386929248,1568088094]}]}]},{"tin":{"type":"ein","value":"823855251"},"service_code":["02"],"billing_class":"professional","payments":[{"allowed_amount":94.72,"billing_code_modifier":[""],"providers":[{"billed_charge":140.00,"npi":[1386929248,1568088094]},{"billed_charge":145.00,"npi":[1386929248,1568088094]},{"billed_charge":105.00,"npi":[1386929248,1568088094]}]},{"allowed_amount":94.72,"billing_code_modifier":[""],"providers":[{"billed_charge":140.00,"npi":[1386929248,1568088094]},{"billed_charge":145.00,"npi":[1386929248,1568088094]},{"billed_charge":105.00,"npi":[1386929248,1568088094]}]},{"allowed_amount":94.72,"billing_code_modifier":[""],"providers":[{"billed_charge":140.00,"npi":[1386929248,1568088094]},{"billed_charge":145.00,"npi":[1386929248,1568088094]},{"billed_charge":105.00,"npi":[1386929248,1568088094]}]}]},{"tin":{"type":"ein","value":"823855251"},"service_code":["02","11"],"billing_class":"professional","payments":[{"allowed_amount":94.72,"billing_code_modifier":[""],"providers":[{"billed_charge":140.00,"npi":[1386929248,1568088094]},{"billed_charge":145.00,"npi":[1386929248,1568088094]},{"billed_charge":105.00,"npi":[1386929248,1568088094]}]},{"allowed_amount":94.72,"billing_code_modifier":[""],"providers":[{"billed_charge":140.00,"npi":[1386929248,1568088094]},{"billed_charge":145.00,"npi":[1386929248,1568088094]},{"billed_charge":105.00,"npi":[1386929248,1568088094]}]},{"allowed_amount":94.72,"billing_code_modifier":[""],"providers":[{"billed_charge":140.00,"npi":[1386929248,1568088094]},{"billed_charge":145.00,"npi":[1386929248,1568088094]},{"billed_charge":105.00,"npi":[1386929248,1568088094]}]}]}]}]}
