{"reporting_entity_name": "IEC Group_DBA AmeriBen",
	"reporting_entity_type": "Third Party Administrator",
	"plan_name": "CONCORDIA PLAN SERVICES",
	"plan_id_type": "ein",
	"plan_id": "710986725",
	"plan_market_type": "group",
	"last_updated_on": "2025-03-01","Version": "1.0.0","out_of_network":[{"name":"ANESTHESIA LOWER INTST ENDOSCOPIC PX SCR COLSC","billing_code_type":"CPT","billing_code_type_version":"2020","billing_code":"00812","description":"ANESTHESIA LOWER INTST ENDOSCOPIC PX SCR COLSC","allowed_amounts":[{"tin":{"type":"ein","value":"831147073"},"service_code":["24"],"billing_class":"professional","payments":[{"allowed_amount":203.80,"billing_code_modifier":[""],"providers":[{"billed_charge":3520.00,"npi":[1174956163,1194067652,1225514276,1356883979,1376632018,1467541110,1528210770,1710418819,1871702209,1891805941]},{"billed_charge":3600.00,"npi":[1013930171,1063518389,1154327542,1225514276,1376632018,1467541110,1528210770]}]},{"allowed_amount":203.80,"billing_code_modifier":[""],"providers":[{"billed_charge":3520.00,"npi":[1174956163,1194067652,1225514276,1356883979,1376632018,1467541110,1528210770,1710418819,1871702209,1891805941]},{"billed_charge":3600.00,"npi":[1013930171,1063518389,1154327542,1225514276,1376632018,1467541110,1528210770]}]}]},{"tin":{"type":"ein","value":"831147073"},"service_code":["24"],"billing_class":"professional","payments":[{"allowed_amount":203.80,"billing_code_modifier":[""],"providers":[{"billed_charge":3520.00,"npi":[1174956163,1194067652,1225514276,1356883979,1376632018,1467541110,1528210770,1710418819,1871702209,1891805941]},{"billed_charge":3600.00,"npi":[1013930171,1063518389,1154327542,1225514276,1376632018,1467541110,1528210770]}]},{"allowed_amount":203.80,"billing_code_modifier":[""],"providers":[{"billed_charge":3520.00,"npi":[1174956163,1194067652,1225514276,1356883979,1376632018,1467541110,1528210770,1710418819,1871702209,1891805941]},{"billed_charge":3600.00,"npi":[1013930171,1063518389,1154327542,1225514276,1376632018,1467541110,1528210770]}]}]}]},{"name":"BLOOD COUNT COMPLETE AUTO&AUTO DIFRNTL WBC","billing_code_type":"CPT","billing_code_type_version":"2020","billing_code":"85025","description":"BLOOD COUNT COMPLETE AUTO&AUTO DIFRNTL WBC","allowed_amounts":[{"tin":{"type":"ein","value":"454772236"},"service_code":["21","22"],"billing_class":"professional","payments":[{"allowed_amount":0.00,"billing_code_modifier":[""],"providers":[{"billed_charge":11.66,"npi":[1386693307,1528226040,1619229168]}]}]},{"tin":{"type":"ein","value":"474075276"},"service_code":["81"],"billing_class":"professional","payments":[{"allowed_amount":0.00,"billing_code_modifier":[""],"providers":[{"billed_charge":55.66,"npi":[1144308529,1629454053]}]}]}]},{"name":"CHIROPRACTIC MANIPULATIVE TX SPINAL 1-2 REGIONS","billing_code_type":"CPT","billing_code_type_version":"2020","billing_code":"98940","description":"CHIROPRACTIC MANIPULATIVE TX SPINAL 1-2 REGIONS","allowed_amounts":[{"tin":{"type":"ein","value":"270570705"},"service_code":["11"],"billing_class":"professional","payments":[{"allowed_amount":14.30,"billing_code_modifier":[""],"providers":[{"billed_charge":55.00,"npi":[1295866705,1720318645,1841807963]}]}]},{"tin":{"type":"ein","value":"311633330"},"service_code":["11"],"billing_class":"professional","payments":[{"allowed_amount":14.30,"billing_code_modifier":[""],"providers":[{"billed_charge":70.00,"npi":[1700037280]}]}]},{"tin":{"type":"ein","value":"861065527"},"service_code":["11"],"billing_class":"professional","payments":[{"allowed_amount":29.64,"billing_code_modifier":[""],"providers":[{"billed_charge":35.00,"npi":[1366577017,1730377870]}]}]}]},{"name":"CHIROPRACTIC MANIPULATIVE TX SPINAL 3-4 REGIONS","billing_code_type":"CPT","billing_code_type_version":"2020","billing_code":"98941","description":"CHIROPRACTIC MANIPULATIVE TX SPINAL 3-4 REGIONS","allowed_amounts":[{"tin":{"type":"ein","value":"202384310"},"service_code":["11"],"billing_class":"professional","payments":[{"allowed_amount":40.14,"billing_code_modifier":[""],"providers":[{"billed_charge":65.00,"npi":[1578732319,1659580165]}]}]},{"tin":{"type":"ein","value":"204530097"},"service_code":["11"],"billing_class":"professional","payments":[{"allowed_amount":40.75,"billing_code_modifier":[""],"providers":[{"billed_charge":65.00,"npi":[1306896881,1508819038]}]}]},{"tin":{"type":"ein","value":"275549227"},"service_code":["11"],"billing_class":"professional","payments":[{"allowed_amount":40.14,"billing_code_modifier":[""],"providers":[{"billed_charge":75.00,"npi":[1083688345,1841317013]}]}]},{"tin":{"type":"ein","value":"363468639"},"service_code":["11"],"billing_class":"professional","payments":[{"allowed_amount":40.14,"billing_code_modifier":[""],"providers":[{"billed_charge":60.00,"npi":[1033236351,1154448488]}]}]},{"tin":{"type":"ein","value":"411737675"},"service_code":["11"],"billing_class":"professional","payments":[{"allowed_amount":40.14,"billing_code_modifier":[""],"providers":[{"billed_charge":60.00,"npi":[1316147200,1649239161]}]}]}]},{"name":"COLLECTION VENOUS BLOOD VENIPUNCTURE","billing_code_type":"CPT","billing_code_type_version":"2020","billing_code":"36415","description":"COLLECTION VENOUS BLOOD VENIPUNCTURE","allowed_amounts":[{"tin":{"type":"ein","value":"382084239"},"service_code":["81"],"billing_class":"professional","payments":[{"allowed_amount":1.02,"billing_code_modifier":[""],"providers":[{"billed_charge":35.00,"npi":[1023472537,1679082549,1861703159,1881677458,1932166386]},{"billed_charge":36.40,"npi":[1023472537,1235634841,1932166386]}]},{"allowed_amount":1.02,"billing_code_modifier":[""],"providers":[{"billed_charge":35.00,"npi":[1023472537,1679082549,1861703159,1881677458,1932166386]},{"billed_charge":36.40,"npi":[1023472537,1235634841,1932166386]}]}]},{"tin":{"type":"ein","value":"382084239"},"service_code":["81"],"billing_class":"professional","payments":[{"allowed_amount":1.02,"billing_code_modifier":[""],"providers":[{"billed_charge":35.00,"npi":[1023472537,1679082549,1861703159,1881677458,1932166386]},{"billed_charge":36.40,"npi":[1023472537,1235634841,1932166386]}]},{"allowed_amount":1.02,"billing_code_modifier":[""],"providers":[{"billed_charge":35.00,"npi":[1023472537,1679082549,1861703159,1881677458,1932166386]},{"billed_charge":36.40,"npi":[1023472537,1235634841,1932166386]}]}]},{"tin":{"type":"ein","value":"431039532"},"service_code":["81"],"billing_class":"professional","payments":[{"allowed_amount":1.02,"billing_code_modifier":[""],"providers":[{"billed_charge":35.00,"npi":[1497483648,1609812445,1881630614]},{"billed_charge":36.40,"npi":[1114304573,1609812445,1780620526]}]},{"allowed_amount":1.02,"billing_code_modifier":[""],"providers":[{"billed_charge":35.00,"npi":[1497483648,1609812445,1881630614]},{"billed_charge":36.40,"npi":[1114304573,1609812445,1780620526]}]}]},{"tin":{"type":"ein","value":"431039532"},"service_code":["81"],"billing_class":"professional","payments":[{"allowed_amount":1.02,"billing_code_modifier":[""],"providers":[{"billed_charge":35.00,"npi":[1497483648,1609812445,1881630614]},{"billed_charge":36.40,"npi":[1114304573,1609812445,1780620526]}]},{"allowed_amount":1.02,"billing_code_modifier":[""],"providers":[{"billed_charge":35.00,"npi":[1497483648,1609812445,1881630614]},{"billed_charge":36.40,"npi":[1114304573,1609812445,1780620526]}]}]},{"tin":{"type":"ein","value":"942728480"},"service_code":["81"],"billing_class":"professional","payments":[{"allowed_amount":1.02,"billing_code_modifier":[""],"providers":[{"billed_charge":30.00,"npi":[1811457658,1851454011]}]}]}]},{"name":"COMPREHENSIVE METABOLIC PANEL","billing_code_type":"CPT","billing_code_type_version":"2020","billing_code":"80053","description":"COMPREHENSIVE METABOLIC PANEL","allowed_amounts":[{"tin":{"type":"ein","value":"454772236"},"service_code":["21","22"],"billing_class":"professional","payments":[{"allowed_amount":0.00,"billing_code_modifier":[""],"providers":[{"billed_charge":15.84,"npi":[1386693307,1528226040,1619229168]}]}]},{"tin":{"type":"ein","value":"840611484"},"service_code":["81"],"billing_class":"professional","payments":[{"allowed_amount":0.00,"billing_code_modifier":[""],"providers":[{"billed_charge":51.45,"npi":[1164834347,1891473203]}]}]}]},{"name":"DETOXIFICATION","billing_code_type":"RC","billing_code_type_version":"UB04","billing_code":"0126","description":"DETOXIFICATION","allowed_amounts":[{"tin":{"type":"ein","value":"611914073"},"service_code":["21"],"billing_class":"institutional","payments":[{"allowed_amount":5907.50,"billing_code_modifier":[""],"providers":[{"billed_charge":6950.00,"npi":[1508408378,1871559385]}]}]}]},{"name":"DRUG TST PRSMV INSTRMNT CHEM ANALYZERS PR DATE","billing_code_type":"CPT","billing_code_type_version":"2020","billing_code":"80307","description":"DRUG TST PRSMV INSTRMNT CHEM ANALYZERS PR DATE","allowed_amounts":[{"tin":{"type":"ein","value":"462993772"},"service_code":["81"],"billing_class":"professional","payments":[{"allowed_amount":24.42,"billing_code_modifier":[""],"providers":[{"billed_charge":125.00,"npi":[1023439627,1245816891,1790386746]}]}]},{"tin":{"type":"ein","value":"473109868"},"service_code":["81"],"billing_class":"professional","payments":[{"allowed_amount":24.42,"billing_code_modifier":[""],"providers":[{"billed_charge":124.28,"npi":[1033754692,1871988253]}]}]},{"tin":{"type":"ein","value":"813115799"},"service_code":["81"],"billing_class":"professional","payments":[{"allowed_amount":24.42,"billing_code_modifier":[""],"providers":[{"billed_charge":2485.20,"npi":[1144742420,1306381694]}]}]},{"tin":{"type":"ein","value":"850734712"},"service_code":["81"],"billing_class":"professional","payments":[{"allowed_amount":24.42,"billing_code_modifier":[""],"providers":[{"billed_charge":186.00,"npi":[1326123100,1942825633]}]}]},{"tin":{"type":"ein","value":"853163633"},"service_code":["81"],"billing_class":"professional","payments":[{"allowed_amount":24.42,"billing_code_modifier":[""],"providers":[{"billed_charge":3295.93,"npi":[1063011898,1396751533]}]}]},{"tin":{"type":"ein","value":"880241758"},"service_code":["81"],"billing_class":"professional","payments":[{"allowed_amount":24.42,"billing_code_modifier":[""],"providers":[{"billed_charge":242.00,"npi":[1083616635,1699782722]}]}]}]},{"name":"GROUP PSYCHOTHERAPY","billing_code_type":"CPT","billing_code_type_version":"2020","billing_code":"90853","description":"GROUP PSYCHOTHERAPY","allowed_amounts":[{"tin":{"type":"ein","value":"942728480"},"service_code":["10"],"billing_class":"professional","payments":[{"allowed_amount":39.00,"billing_code_modifier":[""],"providers":[{"billed_charge":49.00,"npi":[1043476468,1235226531,1295017580,1467865170,1598077463,1730737156]}]}]}]},{"name":"IADNA NOS AMPLIFIED PROBE TQ EACH ORGANISM","billing_code_type":"CPT","billing_code_type_version":"2020","billing_code":"87798","description":"IADNA NOS AMPLIFIED PROBE TQ EACH ORGANISM","allowed_amounts":[{"tin":{"type":"ein","value":"223510467"},"service_code":["81"],"billing_class":"professional","payments":[{"allowed_amount":24.56,"billing_code_modifier":[""],"providers":[{"billed_charge":50.00,"npi":[1285014514,1750373908]}]}]},{"tin":{"type":"ein","value":"474795263"},"service_code":["81"],"billing_class":"professional","payments":[{"allowed_amount":14.04,"billing_code_modifier":[""],"providers":[{"billed_charge":35.09,"npi":[1518325562,1912276361]}]}]}]},{"name":"LABORATORY - CLINICAL DIAGNOSTIC","billing_code_type":"RC","billing_code_type_version":"UB04","billing_code":"0300","description":"LABORATORY - CLINICAL DIAGNOSTIC","allowed_amounts":[{"tin":{"type":"ein","value":"410758512"},"service_code":["22"],"billing_class":"institutional","payments":[{"allowed_amount":0.00,"billing_code_modifier":[""],"providers":[{"billed_charge":65.30,"npi":[1609846989,1912999137]},{"billed_charge":192.60,"npi":[1609846989,1912999137]},{"billed_charge":222.60,"npi":[1609846989,1912999137]},{"billed_charge":263.30,"npi":[1609846989,1912999137]}]},{"allowed_amount":0.00,"billing_code_modifier":[""],"providers":[{"billed_charge":65.30,"npi":[1609846989,1912999137]},{"billed_charge":192.60,"npi":[1609846989,1912999137]},{"billed_charge":222.60,"npi":[1609846989,1912999137]},{"billed_charge":263.30,"npi":[1609846989,1912999137]}]},{"allowed_amount":0.00,"billing_code_modifier":[""],"providers":[{"billed_charge":65.30,"npi":[1609846989,1912999137]},{"billed_charge":192.60,"npi":[1609846989,1912999137]},{"billed_charge":222.60,"npi":[1609846989,1912999137]},{"billed_charge":263.30,"npi":[1609846989,1912999137]}]},{"allowed_amount":0.00,"billing_code_modifier":[""],"providers":[{"billed_charge":65.30,"npi":[1609846989,1912999137]},{"billed_charge":192.60,"npi":[1609846989,1912999137]},{"billed_charge":222.60,"npi":[1609846989,1912999137]},{"billed_charge":263.30,"npi":[1609846989,1912999137]}]}]},{"tin":{"type":"ein","value":"410758512"},"service_code":["22"],"billing_class":"institutional","payments":[{"allowed_amount":0.00,"billing_code_modifier":[""],"providers":[{"billed_charge":65.30,"npi":[1609846989,1912999137]},{"billed_charge":192.60,"npi":[1609846989,1912999137]},{"billed_charge":222.60,"npi":[1609846989,1912999137]},{"billed_charge":263.30,"npi":[1609846989,1912999137]}]},{"allowed_amount":0.00,"billing_code_modifier":[""],"providers":[{"billed_charge":65.30,"npi":[1609846989,1912999137]},{"billed_charge":192.60,"npi":[1609846989,1912999137]},{"billed_charge":222.60,"npi":[1609846989,1912999137]},{"billed_charge":263.30,"npi":[1609846989,1912999137]}]},{"allowed_amount":0.00,"billing_code_modifier":[""],"providers":[{"billed_charge":65.30,"npi":[1609846989,1912999137]},{"billed_charge":192.60,"npi":[1609846989,1912999137]},{"billed_charge":222.60,"npi":[1609846989,1912999137]},{"billed_charge":263.30,"npi":[1609846989,1912999137]}]},{"allowed_amount":0.00,"billing_code_modifier":[""],"providers":[{"billed_charge":65.30,"npi":[1609846989,1912999137]},{"billed_charge":192.60,"npi":[1609846989,1912999137]},{"billed_charge":222.60,"npi":[1609846989,1912999137]},{"billed_charge":263.30,"npi":[1609846989,1912999137]}]}]},{"tin":{"type":"ein","value":"410758512"},"service_code":["22"],"billing_class":"institutional","payments":[{"allowed_amount":0.00,"billing_code_modifier":[""],"providers":[{"billed_charge":65.30,"npi":[1609846989,1912999137]},{"billed_charge":192.60,"npi":[1609846989,1912999137]},{"billed_charge":222.60,"npi":[1609846989,1912999137]},{"billed_charge":263.30,"npi":[1609846989,1912999137]}]},{"allowed_amount":0.00,"billing_code_modifier":[""],"providers":[{"billed_charge":65.30,"npi":[1609846989,1912999137]},{"billed_charge":192.60,"npi":[1609846989,1912999137]},{"billed_charge":222.60,"npi":[1609846989,1912999137]},{"billed_charge":263.30,"npi":[1609846989,1912999137]}]},{"allowed_amount":0.00,"billing_code_modifier":[""],"providers":[{"billed_charge":65.30,"npi":[1609846989,1912999137]},{"billed_charge":192.60,"npi":[1609846989,1912999137]},{"billed_charge":222.60,"npi":[1609846989,1912999137]},{"billed_charge":263.30,"npi":[1609846989,1912999137]}]},{"allowed_amount":0.00,"billing_code_modifier":[""],"providers":[{"billed_charge":65.30,"npi":[1609846989,1912999137]},{"billed_charge":192.60,"npi":[1609846989,1912999137]},{"billed_charge":222.60,"npi":[1609846989,1912999137]},{"billed_charge":263.30,"npi":[1609846989,1912999137]}]}]},{"tin":{"type":"ein","value":"410758512"},"service_code":["22"],"billing_class":"institutional","payments":[{"allowed_amount":0.00,"billing_code_modifier":[""],"providers":[{"billed_charge":65.30,"npi":[1609846989,1912999137]},{"billed_charge":192.60,"npi":[1609846989,1912999137]},{"billed_charge":222.60,"npi":[1609846989,1912999137]},{"billed_charge":263.30,"npi":[1609846989,1912999137]}]},{"allowed_amount":0.00,"billing_code_modifier":[""],"providers":[{"billed_charge":65.30,"npi":[1609846989,1912999137]},{"billed_charge":192.60,"npi":[1609846989,1912999137]},{"billed_charge":222.60,"npi":[1609846989,1912999137]},{"billed_charge":263.30,"npi":[1609846989,1912999137]}]},{"allowed_amount":0.00,"billing_code_modifier":[""],"providers":[{"billed_charge":65.30,"npi":[1609846989,1912999137]},{"billed_charge":192.60,"npi":[1609846989,1912999137]},{"billed_charge":222.60,"npi":[1609846989,1912999137]},{"billed_charge":263.30,"npi":[1609846989,1912999137]}]},{"allowed_amount":0.00,"billing_code_modifier":[""],"providers":[{"billed_charge":65.30,"npi":[1609846989,1912999137]},{"billed_charge":192.60,"npi":[1609846989,1912999137]},{"billed_charge":222.60,"npi":[1609846989,1912999137]},{"billed_charge":263.30,"npi":[1609846989,1912999137]}]}]},{"tin":{"type":"ein","value":"440652595"},"service_code":["31"],"billing_class":"institutional","payments":[{"allowed_amount":0.00,"billing_code_modifier":[""],"providers":[{"billed_charge":39.18,"npi":[1396747275,1689679391]}]}]},{"tin":{"type":"ein","value":"611851498"},"service_code":["23"],"billing_class":"institutional","payments":[{"allowed_amount":0.00,"billing_code_modifier":[""],"providers":[{"billed_charge":646.00,"npi":[1669984498]},{"billed_charge":828.40,"npi":[1669984498]},{"billed_charge":887.30,"npi":[1669984498]},{"billed_charge":2052.00,"npi":[1669984498]}]},{"allowed_amount":0.00,"billing_code_modifier":[""],"providers":[{"billed_charge":646.00,"npi":[1669984498]},{"billed_charge":828.40,"npi":[1669984498]},{"billed_charge":887.30,"npi":[1669984498]},{"billed_charge":2052.00,"npi":[1669984498]}]},{"allowed_amount":0.00,"billing_code_modifier":[""],"providers":[{"billed_charge":646.00,"npi":[1669984498]},{"billed_charge":828.40,"npi":[1669984498]},{"billed_charge":887.30,"npi":[1669984498]},{"billed_charge":2052.00,"npi":[1669984498]}]},{"allowed_amount":0.00,"billing_code_modifier":[""],"providers":[{"billed_charge":646.00,"npi":[1669984498]},{"billed_charge":828.40,"npi":[1669984498]},{"billed_charge":887.30,"npi":[1669984498]},{"billed_charge":2052.00,"npi":[1669984498]}]}]},{"tin":{"type":"ein","value":"611851498"},"service_code":["23"],"billing_class":"institutional","payments":[{"allowed_amount":0.00,"billing_code_modifier":[""],"providers":[{"billed_charge":646.00,"npi":[1669984498]},{"billed_charge":828.40,"npi":[1669984498]},{"billed_charge":887.30,"npi":[1669984498]},{"billed_charge":2052.00,"npi":[1669984498]}]},{"allowed_amount":0.00,"billing_code_modifier":[""],"providers":[{"billed_charge":646.00,"npi":[1669984498]},{"billed_charge":828.40,"npi":[1669984498]},{"billed_charge":887.30,"npi":[1669984498]},{"billed_charge":2052.00,"npi":[1669984498]}]},{"allowed_amount":0.00,"billing_code_modifier":[""],"providers":[{"billed_charge":646.00,"npi":[1669984498]},{"billed_charge":828.40,"npi":[1669984498]},{"billed_charge":887.30,"npi":[1669984498]},{"billed_charge":2052.00,"npi":[1669984498]}]},{"allowed_amount":0.00,"billing_code_modifier":[""],"providers":[{"billed_charge":646.00,"npi":[1669984498]},{"billed_charge":828.40,"npi":[1669984498]},{"billed_charge":887.30,"npi":[1669984498]},{"billed_charge":2052.00,"npi":[1669984498]}]}]},{"tin":{"type":"ein","value":"611851498"},"service_code":["23"],"billing_class":"institutional","payments":[{"allowed_amount":0.00,"billing_code_modifier":[""],"providers":[{"billed_charge":646.00,"npi":[1669984498]},{"billed_charge":828.40,"npi":[1669984498]},{"billed_charge":887.30,"npi":[1669984498]},{"billed_charge":2052.00,"npi":[1669984498]}]},{"allowed_amount":0.00,"billing_code_modifier":[""],"providers":[{"billed_charge":646.00,"npi":[1669984498]},{"billed_charge":828.40,"npi":[1669984498]},{"billed_charge":887.30,"npi":[1669984498]},{"billed_charge":2052.00,"npi":[1669984498]}]},{"allowed_amount":0.00,"billing_code_modifier":[""],"providers":[{"billed_charge":646.00,"npi":[1669984498]},{"billed_charge":828.40,"npi":[1669984498]},{"billed_charge":887.30,"npi":[1669984498]},{"billed_charge":2052.00,"npi":[1669984498]}]},{"allowed_amount":0.00,"billing_code_modifier":[""],"providers":[{"billed_charge":646.00,"npi":[1669984498]},{"billed_charge":828.40,"npi":[1669984498]},{"billed_charge":887.30,"npi":[1669984498]},{"billed_charge":2052.00,"npi":[1669984498]}]}]},{"tin":{"type":"ein","value":"611851498"},"service_code":["23"],"billing_class":"institutional","payments":[{"allowed_amount":0.00,"billing_code_modifier":[""],"providers":[{"billed_charge":646.00,"npi":[1669984498]},{"billed_charge":828.40,"npi":[1669984498]},{"billed_charge":887.30,"npi":[1669984498]},{"billed_charge":2052.00,"npi":[1669984498]}]},{"allowed_amount":0.00,"billing_code_modifier":[""],"providers":[{"billed_charge":646.00,"npi":[1669984498]},{"billed_charge":828.40,"npi":[1669984498]},{"billed_charge":887.30,"npi":[1669984498]},{"billed_charge":2052.00,"npi":[1669984498]}]},{"allowed_amount":0.00,"billing_code_modifier":[""],"providers":[{"billed_charge":646.00,"npi":[1669984498]},{"billed_charge":828.40,"npi":[1669984498]},{"billed_charge":887.30,"npi":[1669984498]},{"billed_charge":2052.00,"npi":[1669984498]}]},{"allowed_amount":0.00,"billing_code_modifier":[""],"providers":[{"billed_charge":646.00,"npi":[1669984498]},{"billed_charge":828.40,"npi":[1669984498]},{"billed_charge":887.30,"npi":[1669984498]},{"billed_charge":2052.00,"npi":[1669984498]}]}]},{"tin":{"type":"ein","value":"813562144"},"service_code":["23"],"billing_class":"institutional","payments":[{"allowed_amount":0.00,"billing_code_modifier":[""],"providers":[{"billed_charge":500.00,"npi":[1639663370]}]}]},{"tin":{"type":"ein","value":"814584169"},"service_code":["23"],"billing_class":"institutional","payments":[{"allowed_amount":0.00,"billing_code_modifier":[""],"providers":[{"billed_charge":100.00,"npi":[1376064295]},{"billed_charge":130.84,"npi":[1376064295]},{"billed_charge":255.11,"npi":[1376064295]},{"billed_charge":310.00,"npi":[1376064295]},{"billed_charge":690.35,"npi":[1376064295]}]},{"allowed_amount":0.00,"billing_code_modifier":[""],"providers":[{"billed_charge":100.00,"npi":[1376064295]},{"billed_charge":130.84,"npi":[1376064295]},{"billed_charge":255.11,"npi":[1376064295]},{"billed_charge":310.00,"npi":[1376064295]},{"billed_charge":690.35,"npi":[1376064295]}]},{"allowed_amount":0.00,"billing_code_modifier":[""],"providers":[{"billed_charge":100.00,"npi":[1376064295]},{"billed_charge":130.84,"npi":[1376064295]},{"billed_charge":255.11,"npi":[1376064295]},{"billed_charge":310.00,"npi":[1376064295]},{"billed_charge":690.35,"npi":[1376064295]}]},{"allowed_amount":0.00,"billing_code_modifier":[""],"providers":[{"billed_charge":100.00,"npi":[1376064295]},{"billed_charge":130.84,"npi":[1376064295]},{"billed_charge":255.11,"npi":[1376064295]},{"billed_charge":310.00,"npi":[1376064295]},{"billed_charge":690.35,"npi":[1376064295]}]},{"allowed_amount":0.00,"billing_code_modifier":[""],"providers":[{"billed_charge":100.00,"npi":[1376064295]},{"billed_charge":130.84,"npi":[1376064295]},{"billed_charge":255.11,"npi":[1376064295]},{"billed_charge":310.00,"npi":[1376064295]},{"billed_charge":690.35,"npi":[1376064295]}]}]},{"tin":{"type":"ein","value":"814584169"},"service_code":["23"],"billing_class":"institutional","payments":[{"allowed_amount":0.00,"billing_code_modifier":[""],"providers":[{"billed_charge":100.00,"npi":[1376064295]},{"billed_charge":130.84,"npi":[1376064295]},{"billed_charge":255.11,"npi":[1376064295]},{"billed_charge":310.00,"npi":[1376064295]},{"billed_charge":690.35,"npi":[1376064295]}]},{"allowed_amount":0.00,"billing_code_modifier":[""],"providers":[{"billed_charge":100.00,"npi":[1376064295]},{"billed_charge":130.84,"npi":[1376064295]},{"billed_charge":255.11,"npi":[1376064295]},{"billed_charge":310.00,"npi":[1376064295]},{"billed_charge":690.35,"npi":[1376064295]}]},{"allowed_amount":0.00,"billing_code_modifier":[""],"providers":[{"billed_charge":100.00,"npi":[1376064295]},{"billed_charge":130.84,"npi":[1376064295]},{"billed_charge":255.11,"npi":[1376064295]},{"billed_charge":310.00,"npi":[1376064295]},{"billed_charge":690.35,"npi":[1376064295]}]},{"allowed_amount":0.00,"billing_code_modifier":[""],"providers":[{"billed_charge":100.00,"npi":[1376064295]},{"billed_charge":130.84,"npi":[1376064295]},{"billed_charge":255.11,"npi":[1376064295]},{"billed_charge":310.00,"npi":[1376064295]},{"billed_charge":690.35,"npi":[1376064295]}]},{"allowed_amount":0.00,"billing_code_modifier":[""],"providers":[{"billed_charge":100.00,"npi":[1376064295]},{"billed_charge":130.84,"npi":[1376064295]},{"billed_charge":255.11,"npi":[1376064295]},{"billed_charge":310.00,"npi":[1376064295]},{"billed_charge":690.35,"npi":[1376064295]}]}]},{"tin":{"type":"ein","value":"814584169"},"service_code":["23"],"billing_class":"institutional","payments":[{"allowed_amount":0.00,"billing_code_modifier":[""],"providers":[{"billed_charge":100.00,"npi":[1376064295]},{"billed_charge":130.84,"npi":[1376064295]},{"billed_charge":255.11,"npi":[1376064295]},{"billed_charge":310.00,"npi":[1376064295]},{"billed_charge":690.35,"npi":[1376064295]}]},{"allowed_amount":0.00,"billing_code_modifier":[""],"providers":[{"billed_charge":100.00,"npi":[1376064295]},{"billed_charge":130.84,"npi":[1376064295]},{"billed_charge":255.11,"npi":[1376064295]},{"billed_charge":310.00,"npi":[1376064295]},{"billed_charge":690.35,"npi":[1376064295]}]},{"allowed_amount":0.00,"billing_code_modifier":[""],"providers":[{"billed_charge":100.00,"npi":[1376064295]},{"billed_charge":130.84,"npi":[1376064295]},{"billed_charge":255.11,"npi":[1376064295]},{"billed_charge":310.00,"npi":[1376064295]},{"billed_charge":690.35,"npi":[1376064295]}]},{"allowed_amount":0.00,"billing_code_modifier":[""],"providers":[{"billed_charge":100.00,"npi":[1376064295]},{"billed_charge":130.84,"npi":[1376064295]},{"billed_charge":255.11,"npi":[1376064295]},{"billed_charge":310.00,"npi":[1376064295]},{"billed_charge":690.35,"npi":[1376064295]}]},{"allowed_amount":0.00,"billing_code_modifier":[""],"providers":[{"billed_charge":100.00,"npi":[1376064295]},{"billed_charge":130.84,"npi":[1376064295]},{"billed_charge":255.11,"npi":[1376064295]},{"billed_charge":310.00,"npi":[1376064295]},{"billed_charge":690.35,"npi":[1376064295]}]}]},{"tin":{"type":"ein","value":"814584169"},"service_code":["23"],"billing_class":"institutional","payments":[{"allowed_amount":0.00,"billing_code_modifier":[""],"providers":[{"billed_charge":100.00,"npi":[1376064295]},{"billed_charge":130.84,"npi":[1376064295]},{"billed_charge":255.11,"npi":[1376064295]},{"billed_charge":310.00,"npi":[1376064295]},{"billed_charge":690.35,"npi":[1376064295]}]},{"allowed_amount":0.00,"billing_code_modifier":[""],"providers":[{"billed_charge":100.00,"npi":[1376064295]},{"billed_charge":130.84,"npi":[1376064295]},{"billed_charge":255.11,"npi":[1376064295]},{"billed_charge":310.00,"npi":[1376064295]},{"billed_charge":690.35,"npi":[1376064295]}]},{"allowed_amount":0.00,"billing_code_modifier":[""],"providers":[{"billed_charge":100.00,"npi":[1376064295]},{"billed_charge":130.84,"npi":[1376064295]},{"billed_charge":255.11,"npi":[1376064295]},{"billed_charge":310.00,"npi":[1376064295]},{"billed_charge":690.35,"npi":[1376064295]}]},{"allowed_amount":0.00,"billing_code_modifier":[""],"providers":[{"billed_charge":100.00,"npi":[1376064295]},{"billed_charge":130.84,"npi":[1376064295]},{"billed_charge":255.11,"npi":[1376064295]},{"billed_charge":310.00,"npi":[1376064295]},{"billed_charge":690.35,"npi":[1376064295]}]},{"allowed_amount":0.00,"billing_code_modifier":[""],"providers":[{"billed_charge":100.00,"npi":[1376064295]},{"billed_charge":130.84,"npi":[1376064295]},{"billed_charge":255.11,"npi":[1376064295]},{"billed_charge":310.00,"npi":[1376064295]},{"billed_charge":690.35,"npi":[1376064295]}]}]},{"tin":{"type":"ein","value":"814584169"},"service_code":["23"],"billing_class":"institutional","payments":[{"allowed_amount":0.00,"billing_code_modifier":[""],"providers":[{"billed_charge":100.00,"npi":[1376064295]},{"billed_charge":130.84,"npi":[1376064295]},{"billed_charge":255.11,"npi":[1376064295]},{"billed_charge":310.00,"npi":[1376064295]},{"billed_charge":690.35,"npi":[1376064295]}]},{"allowed_amount":0.00,"billing_code_modifier":[""],"providers":[{"billed_charge":100.00,"npi":[1376064295]},{"billed_charge":130.84,"npi":[1376064295]},{"billed_charge":255.11,"npi":[1376064295]},{"billed_charge":310.00,"npi":[1376064295]},{"billed_charge":690.35,"npi":[1376064295]}]},{"allowed_amount":0.00,"billing_code_modifier":[""],"providers":[{"billed_charge":100.00,"npi":[1376064295]},{"billed_charge":130.84,"npi":[1376064295]},{"billed_charge":255.11,"npi":[1376064295]},{"billed_charge":310.00,"npi":[1376064295]},{"billed_charge":690.35,"npi":[1376064295]}]},{"allowed_amount":0.00,"billing_code_modifier":[""],"providers":[{"billed_charge":100.00,"npi":[1376064295]},{"billed_charge":130.84,"npi":[1376064295]},{"billed_charge":255.11,"npi":[1376064295]},{"billed_charge":310.00,"npi":[1376064295]},{"billed_charge":690.35,"npi":[1376064295]}]},{"allowed_amount":0.00,"billing_code_modifier":[""],"providers":[{"billed_charge":100.00,"npi":[1376064295]},{"billed_charge":130.84,"npi":[1376064295]},{"billed_charge":255.11,"npi":[1376064295]},{"billed_charge":310.00,"npi":[1376064295]},{"billed_charge":690.35,"npi":[1376064295]}]}]},{"tin":{"type":"ein","value":"851514572"},"service_code":["23"],"billing_class":"institutional","payments":[{"allowed_amount":0.00,"billing_code_modifier":[""],"providers":[{"billed_charge":456.00,"npi":[1346812864]}]}]},{"tin":{"type":"ein","value":"933189938"},"service_code":["23"],"billing_class":"institutional","payments":[{"allowed_amount":0.00,"billing_code_modifier":[""],"providers":[{"billed_charge":345.35,"npi":[1083488829]}]}]}]},{"name":"MANUAL THERAPY TQS 1\/> REGIONS EACH 15 MINUTES","billing_code_type":"CPT","billing_code_type_version":"2020","billing_code":"97140","description":"MANUAL THERAPY TQS 1\/> REGIONS EACH 15 MINUTES","allowed_amounts":[{"tin":{"type":"ein","value":"450469236"},"service_code":["11"],"billing_class":"professional","payments":[{"allowed_amount":39.78,"billing_code_modifier":[""],"providers":[{"billed_charge":60.00,"npi":[1083712160,1184638231,1548284151,1568753416]}]}]}]},{"name":"PARNTRAL NUT;AMINOACID&CARB 10-51GM","billing_code_type":"HCPCS","billing_code_type_version":"HCPCS LEVEL II 2021","billing_code":"B4189","description":"PARNTRAL NUT;AMINOACID&CARB 10-51GM","allowed_amounts":[{"tin":{"type":"ein","value":"232474589"},"service_code":["65"],"billing_class":"professional","payments":[{"allowed_amount":119.12,"billing_code_modifier":[""],"providers":[{"billed_charge":424.00,"npi":[1477946069,1548927130]}]}]}]},{"name":"PARNTRAL NUTRIT SPL KIT; PREMIX-DAY","billing_code_type":"HCPCS","billing_code_type_version":"HCPCS LEVEL II 2021","billing_code":"B4220","description":"PARNTRAL NUTRIT SPL KIT; PREMIX-DAY","allowed_amounts":[{"tin":{"type":"ein","value":"232474589"},"service_code":["65"],"billing_class":"professional","payments":[{"allowed_amount":4.21,"billing_code_modifier":[""],"providers":[{"billed_charge":15.00,"npi":[1477946069,1548927130]}]}]}]},{"name":"PARNTRAL NUTRITION ADMIN KIT-DAY","billing_code_type":"HCPCS","billing_code_type_version":"HCPCS LEVEL II 2021","billing_code":"B4224","description":"PARNTRAL NUTRITION ADMIN KIT-DAY","allowed_amounts":[{"tin":{"type":"ein","value":"232474589"},"service_code":["65"],"billing_class":"professional","payments":[{"allowed_amount":16.86,"billing_code_modifier":[""],"providers":[{"billed_charge":60.00,"npi":[1477946069,1548927130]}]}]}]},{"name":"PSYCHIATRIC\/PSYCHOLOGICAL SVCS: GROUP THERAPY","billing_code_type":"RC","billing_code_type_version":"UB04","billing_code":"0915","description":"PSYCHIATRIC\/PSYCHOLOGICAL SVCS: GROUP THERAPY","allowed_amounts":[{"tin":{"type":"ein","value":"823508457"},"service_code":["22"],"billing_class":"institutional","payments":[{"allowed_amount":2102.03,"billing_code_modifier":[""],"providers":[{"billed_charge":5000.00,"npi":[1437658572,1548257488]}]}]}]},{"name":"PSYCHOTHERAPY W\/PATIENT 60 MINUTES","billing_code_type":"CPT","billing_code_type_version":"2020","billing_code":"90837","description":"PSYCHOTHERAPY W\/PATIENT 60 MINUTES","allowed_amounts":[{"tin":{"type":"ein","value":"262699578"},"service_code":["11"],"billing_class":"professional","payments":[{"allowed_amount":106.05,"billing_code_modifier":[""],"providers":[{"billed_charge":125.00,"npi":[1629306832,1871920223]}]}]}]},{"name":"REHAB","billing_code_type":"RC","billing_code_type_version":"UB04","billing_code":"0128","description":"REHAB","allowed_amounts":[{"tin":{"type":"ein","value":"611914073"},"service_code":["21"],"billing_class":"institutional","payments":[{"allowed_amount":5525.00,"billing_code_modifier":[""],"providers":[{"billed_charge":6500.00,"npi":[1508408378,1871559385]}]}]}]},{"name":"THERAPEUTIC PX 1\/> AREAS EACH 15 MIN EXERCISES","billing_code_type":"CPT","billing_code_type_version":"2020","billing_code":"97110","description":"THERAPEUTIC PX 1\/> AREAS EACH 15 MIN EXERCISES","allowed_amounts":[{"tin":{"type":"ein","value":"450469236"},"service_code":["11"],"billing_class":"professional","payments":[{"allowed_amount":43.22,"billing_code_modifier":[""],"providers":[{"billed_charge":60.00,"npi":[1083712160,1184638231,1548284151,1568753416]}]}]}]}]}
