{"reporting_entity_name": "IEC Group_DBA AmeriBen",
	"reporting_entity_type": "Third Party Administrator",
	"plan_name": "DARTMOUTH HEALTH",
	"plan_id_type": "ein",
	"plan_id": "222519596",
	"plan_market_type": "group",
	"last_updated_on": "2025-06-02","Version": "1.0.0","out_of_network":[{"name":"ALS1-EMERGENCY","billing_code_type":"HCPCS","billing_code_type_version":"HCPCS LEVEL II 2021","billing_code":"A0427","description":"ALS1-EMERGENCY","allowed_amounts":[{"tin":{"type":"ein","value":"020458498"},"service_code":["41"],"billing_class":"professional","payments":[{"allowed_amount":480.25,"billing_code_modifier":[""],"providers":[{"billed_charge":904.00,"npi":[1790775187]}]}]},{"tin":{"type":"ein","value":"026000038"},"service_code":["41"],"billing_class":"professional","payments":[{"allowed_amount":480.25,"billing_code_modifier":[""],"providers":[{"billed_charge":1223.08,"npi":[1346242450]}]}]},{"tin":{"type":"ein","value":"026000112"},"service_code":["41"],"billing_class":"professional","payments":[{"allowed_amount":480.25,"billing_code_modifier":[""],"providers":[{"billed_charge":1105.00,"npi":[1942767017]}]}]},{"tin":{"type":"ein","value":"026000141"},"service_code":["41"],"billing_class":"professional","payments":[{"allowed_amount":480.25,"billing_code_modifier":[""],"providers":[{"billed_charge":2000.00,"npi":[1417614827]}]}]},{"tin":{"type":"ein","value":"026000177"},"service_code":["41"],"billing_class":"professional","payments":[{"allowed_amount":480.25,"billing_code_modifier":[""],"providers":[{"billed_charge":1600.00,"npi":[1740298660]}]}]},{"tin":{"type":"ein","value":"026000371"},"service_code":["41"],"billing_class":"professional","payments":[{"allowed_amount":480.25,"billing_code_modifier":[""],"providers":[{"billed_charge":990.00,"npi":[1497852487]}]}]},{"tin":{"type":"ein","value":"026000441"},"service_code":["41"],"billing_class":"professional","payments":[{"allowed_amount":480.25,"billing_code_modifier":[""],"providers":[{"billed_charge":1879.92,"npi":[1861475949]}]}]},{"tin":{"type":"ein","value":"026000473"},"service_code":["41"],"billing_class":"professional","payments":[{"allowed_amount":480.25,"billing_code_modifier":[""],"providers":[{"billed_charge":1146.20,"npi":[1174681712]},{"billed_charge":1230.84,"npi":[1174681712]},{"billed_charge":1317.90,"npi":[1174681712]},{"billed_charge":1415.46,"npi":[1174681712]}]},{"allowed_amount":480.25,"billing_code_modifier":[""],"providers":[{"billed_charge":1146.20,"npi":[1174681712]},{"billed_charge":1230.84,"npi":[1174681712]},{"billed_charge":1317.90,"npi":[1174681712]},{"billed_charge":1415.46,"npi":[1174681712]}]},{"allowed_amount":480.25,"billing_code_modifier":[""],"providers":[{"billed_charge":1146.20,"npi":[1174681712]},{"billed_charge":1230.84,"npi":[1174681712]},{"billed_charge":1317.90,"npi":[1174681712]},{"billed_charge":1415.46,"npi":[1174681712]}]},{"allowed_amount":480.25,"billing_code_modifier":[""],"providers":[{"billed_charge":1146.20,"npi":[1174681712]},{"billed_charge":1230.84,"npi":[1174681712]},{"billed_charge":1317.90,"npi":[1174681712]},{"billed_charge":1415.46,"npi":[1174681712]}]}]},{"tin":{"type":"ein","value":"026000473"},"service_code":["41"],"billing_class":"professional","payments":[{"allowed_amount":480.25,"billing_code_modifier":[""],"providers":[{"billed_charge":1146.20,"npi":[1174681712]},{"billed_charge":1230.84,"npi":[1174681712]},{"billed_charge":1317.90,"npi":[1174681712]},{"billed_charge":1415.46,"npi":[1174681712]}]},{"allowed_amount":480.25,"billing_code_modifier":[""],"providers":[{"billed_charge":1146.20,"npi":[1174681712]},{"billed_charge":1230.84,"npi":[1174681712]},{"billed_charge":1317.90,"npi":[1174681712]},{"billed_charge":1415.46,"npi":[1174681712]}]},{"allowed_amount":480.25,"billing_code_modifier":[""],"providers":[{"billed_charge":1146.20,"npi":[1174681712]},{"billed_charge":1230.84,"npi":[1174681712]},{"billed_charge":1317.90,"npi":[1174681712]},{"billed_charge":1415.46,"npi":[1174681712]}]},{"allowed_amount":480.25,"billing_code_modifier":[""],"providers":[{"billed_charge":1146.20,"npi":[1174681712]},{"billed_charge":1230.84,"npi":[1174681712]},{"billed_charge":1317.90,"npi":[1174681712]},{"billed_charge":1415.46,"npi":[1174681712]}]}]},{"tin":{"type":"ein","value":"026000473"},"service_code":["41"],"billing_class":"professional","payments":[{"allowed_amount":480.25,"billing_code_modifier":[""],"providers":[{"billed_charge":1146.20,"npi":[1174681712]},{"billed_charge":1230.84,"npi":[1174681712]},{"billed_charge":1317.90,"npi":[1174681712]},{"billed_charge":1415.46,"npi":[1174681712]}]},{"allowed_amount":480.25,"billing_code_modifier":[""],"providers":[{"billed_charge":1146.20,"npi":[1174681712]},{"billed_charge":1230.84,"npi":[1174681712]},{"billed_charge":1317.90,"npi":[1174681712]},{"billed_charge":1415.46,"npi":[1174681712]}]},{"allowed_amount":480.25,"billing_code_modifier":[""],"providers":[{"billed_charge":1146.20,"npi":[1174681712]},{"billed_charge":1230.84,"npi":[1174681712]},{"billed_charge":1317.90,"npi":[1174681712]},{"billed_charge":1415.46,"npi":[1174681712]}]},{"allowed_amount":480.25,"billing_code_modifier":[""],"providers":[{"billed_charge":1146.20,"npi":[1174681712]},{"billed_charge":1230.84,"npi":[1174681712]},{"billed_charge":1317.90,"npi":[1174681712]},{"billed_charge":1415.46,"npi":[1174681712]}]}]},{"tin":{"type":"ein","value":"026000473"},"service_code":["41"],"billing_class":"professional","payments":[{"allowed_amount":480.25,"billing_code_modifier":[""],"providers":[{"billed_charge":1146.20,"npi":[1174681712]},{"billed_charge":1230.84,"npi":[1174681712]},{"billed_charge":1317.90,"npi":[1174681712]},{"billed_charge":1415.46,"npi":[1174681712]}]},{"allowed_amount":480.25,"billing_code_modifier":[""],"providers":[{"billed_charge":1146.20,"npi":[1174681712]},{"billed_charge":1230.84,"npi":[1174681712]},{"billed_charge":1317.90,"npi":[1174681712]},{"billed_charge":1415.46,"npi":[1174681712]}]},{"allowed_amount":480.25,"billing_code_modifier":[""],"providers":[{"billed_charge":1146.20,"npi":[1174681712]},{"billed_charge":1230.84,"npi":[1174681712]},{"billed_charge":1317.90,"npi":[1174681712]},{"billed_charge":1415.46,"npi":[1174681712]}]},{"allowed_amount":480.25,"billing_code_modifier":[""],"providers":[{"billed_charge":1146.20,"npi":[1174681712]},{"billed_charge":1230.84,"npi":[1174681712]},{"billed_charge":1317.90,"npi":[1174681712]},{"billed_charge":1415.46,"npi":[1174681712]}]}]},{"tin":{"type":"ein","value":"026000647"},"service_code":["41"],"billing_class":"professional","payments":[{"allowed_amount":480.25,"billing_code_modifier":[""],"providers":[{"billed_charge":1200.00,"npi":[1215930680]}]}]},{"tin":{"type":"ein","value":"026000924"},"service_code":["41"],"billing_class":"professional","payments":[{"allowed_amount":480.25,"billing_code_modifier":[""],"providers":[{"billed_charge":1450.85,"npi":[1649723958]}]}]},{"tin":{"type":"ein","value":"026002175"},"service_code":["41"],"billing_class":"professional","payments":[{"allowed_amount":480.25,"billing_code_modifier":[""],"providers":[{"billed_charge":1365.00,"npi":[1457476509]}]}]}]},{"name":"PSYCHIATRIC\/PSYCHOLOGICAL SVCS: PARTIAL HOSP - LES","billing_code_type":"RC","billing_code_type_version":"UB04","billing_code":"0912","description":"PSYCHIATRIC\/PSYCHOLOGICAL SVCS: PARTIAL HOSP - LES","allowed_amounts":[{"tin":{"type":"ein","value":"202072437"},"service_code":["99"],"billing_class":"institutional","payments":[{"allowed_amount":185.13,"billing_code_modifier":[""],"providers":[{"billed_charge":1300.00,"npi":[1518099126,1730220971]}]}]}]},{"name":"REMOVAL OF IMPACTED TOOTH - COMPLETELY BONY","billing_code_type":"HCPCS","billing_code_type_version":"HCPCS LEVEL II 2021","billing_code":"D7240","description":"REMOVAL OF IMPACTED TOOTH - COMPLETELY BONY","allowed_amounts":[{"tin":{"type":"ein","value":"020334854"},"service_code":["11"],"billing_class":"professional","payments":[{"allowed_amount":216.27,"billing_code_modifier":[""],"providers":[{"billed_charge":866.00,"npi":[1073600706,1649359746,1922214469]}]}]},{"tin":{"type":"ein","value":"042572209"},"service_code":["11"],"billing_class":"professional","payments":[{"allowed_amount":216.27,"billing_code_modifier":[""],"providers":[{"billed_charge":840.00,"npi":[1346580974,1790918837]}]}]},{"tin":{"type":"ein","value":"203948453"},"service_code":["11"],"billing_class":"professional","payments":[{"allowed_amount":216.27,"billing_code_modifier":[""],"providers":[{"billed_charge":750.00,"npi":[1023452240]}]}]}]},{"name":"RESIDENTIAL TREATMENT-CHEMICAL DEPENDENCY","billing_code_type":"RC","billing_code_type_version":"UB04","billing_code":"1002","description":"RESIDENTIAL TREATMENT-CHEMICAL DEPENDENCY","allowed_amounts":[{"tin":{"type":"ein","value":"861655892"},"service_code":["21"],"billing_class":"institutional","payments":[{"allowed_amount":1772.73,"billing_code_modifier":[""],"providers":[{"billed_charge":4995.00,"npi":[1033796982]}]}]},{"tin":{"type":"ein","value":"871172988"},"service_code":["21"],"billing_class":"institutional","payments":[{"allowed_amount":2216.00,"billing_code_modifier":[""],"providers":[{"billed_charge":4500.00,"npi":[1508587452,1740546209]}]}]}]}]}
