{"reporting_entity_name": "IEC Group_DBA AmeriBen",
	"reporting_entity_type": "Third Party Administrator",
	"plan_name": "FERTITTA ENTERTAINMENT",
	"plan_id_type": "ein",
	"plan_id": "760410650",
	"plan_market_type": "group",
	"last_updated_on": "2025-12-01","Version": "1.0.0","out_of_network":[{"name":"MEDICAL\/SURGICAL SUPPLIES","billing_code_type":"RC","billing_code_type_version":"UB04","billing_code":"0270","description":"MEDICAL\/SURGICAL SUPPLIES","allowed_amounts":[{"tin":{"type":"ein","value":"475372431"},"service_code":["65"],"billing_class":"institutional","payments":[{"allowed_amount":5.10,"billing_code_modifier":[""],"providers":[{"billed_charge":149.10,"npi":[1164685731,1730544065]}]}]}]}]}
