{"reporting_entity_name": "IEC Group_DBA AmeriBen",
	"reporting_entity_type": "Third Party Administrator",
	"plan_name": "JOSTENS, INC.",
	"plan_id_type": "ein",
	"plan_id": "410343440",
	"plan_market_type": "group",
	"last_updated_on": "2023-09-01","Version": "1.0.0","out_of_network":[{"name":"CCPD OPD\/HOME: CCPD COMP OR OTHER RATE","billing_code_type":"RC","billing_code_type_version":"UB04","billing_code":"0851","description":"CCPD OPD\/HOME: CCPD COMP OR OTHER RATE","allowed_amounts":[{"tin":{"type":"ein","value":"464509781"},"service_code":["65"],"billing_class":"institutional","payments":[{"allowed_amount":396.47,"billing_code_modifier":[""],"providers":[{"billed_charge":3227.36,"npi":[1174929434,1275504136,1427275239]}]}]},{"tin":{"type":"ein","value":"464509781"},"service_code":["65"],"billing_class":"institutional","payments":[{"allowed_amount":396.48,"billing_code_modifier":[""],"providers":[{"billed_charge":3227.36,"npi":[1174929434,1275504136]}]}]}]},{"name":"DRUG TEST DEF 22+ CLASSES","billing_code_type":"HCPCS","billing_code_type_version":"HCPCS LEVEL II 2021","billing_code":"G0483","description":"DRUG TEST DEF 22+ CLASSES","allowed_amounts":[{"tin":{"type":"ein","value":"472900024"},"service_code":["81"],"billing_class":"professional","payments":[{"allowed_amount":296.30,"billing_code_modifier":[""],"providers":[{"billed_charge":740.76,"npi":[1558755496,1801816764]}]}]}]},{"name":"PSYCHIATRIC\/PSYCHOLOGICAL SVCS: PARTIAL HOSP - INT","billing_code_type":"RC","billing_code_type_version":"UB04","billing_code":"0913","description":"PSYCHIATRIC\/PSYCHOLOGICAL SVCS: PARTIAL HOSP - INT","allowed_amounts":[{"tin":{"type":"ein","value":"852831756"},"service_code":["22"],"billing_class":"institutional","payments":[{"allowed_amount":869.49,"billing_code_modifier":[""],"providers":[{"billed_charge":3495.00,"npi":[1598364887,1801816764]}]}]}]},{"name":"PSYCHIATRIC\/PSYCHOLOGICAL TRT: INTENSIVE OUTPATIEN","billing_code_type":"RC","billing_code_type_version":"UB04","billing_code":"0905","description":"PSYCHIATRIC\/PSYCHOLOGICAL TRT: INTENSIVE OUTPATIEN","allowed_amounts":[{"tin":{"type":"ein","value":"852831756"},"service_code":["22","99"],"billing_class":"institutional","payments":[{"allowed_amount":263.74,"billing_code_modifier":[""],"providers":[{"billed_charge":2995.00,"npi":[1598364887,1801816764]}]}]}]},{"name":"RADIOLOGIC EXAM CHEST SINGLE VIEW","billing_code_type":"CPT","billing_code_type_version":"2020","billing_code":"71045","description":"RADIOLOGIC EXAM CHEST SINGLE VIEW","allowed_amounts":[{"tin":{"type":"ein","value":"884265997"},"service_code":["21","23"],"billing_class":"professional","payments":[{"allowed_amount":10.27,"billing_code_modifier":[""],"providers":[{"billed_charge":15.00,"npi":[1114024908,1194259630,1275743627,1285088435,1336358233,1366001885,1457994402,1508064890,1518142124,1578539557,1649245747,1770558496,1780173831,1790219335,1841234432,1932300241,1942760160]}]}]}]},{"name":"RESIDENTIAL TREATMENT-CHEMICAL DEPENDENCY","billing_code_type":"RC","billing_code_type_version":"UB04","billing_code":"1002","description":"RESIDENTIAL TREATMENT-CHEMICAL DEPENDENCY","allowed_amounts":[{"tin":{"type":"ein","value":"811056354"},"service_code":["21"],"billing_class":"institutional","payments":[{"allowed_amount":1077.77,"billing_code_modifier":[""],"providers":[{"billed_charge":4995.00,"npi":[1023178464,1770081937]}]}]}]}]}
