{"reporting_entity_name": "IEC Group_DBA AmeriBen",
	"reporting_entity_type": "Third Party Administrator",
	"plan_name": "CLASSIC COLLISION LLC",
	"plan_id_type": "ein",
	"plan_id": "823412546",
	"plan_market_type": "group",
	"last_updated_on": "2025-06-01","Version": "1.0.0","out_of_network":[{"name":"CCPD OPD\/HOME: CCPD COMP OR OTHER RATE","billing_code_type":"RC","billing_code_type_version":"UB04","billing_code":"0851","description":"CCPD OPD\/HOME: CCPD COMP OR OTHER RATE","allowed_amounts":[{"tin":{"type":"ein","value":"461356067"},"service_code":["65"],"billing_class":"institutional","payments":[{"allowed_amount":325.44,"billing_code_modifier":[""],"providers":[{"billed_charge":3543.00,"npi":[1386902104,1609110758]},{"billed_charge":3671.00,"npi":[1386902104,1609110758]}]},{"allowed_amount":325.44,"billing_code_modifier":[""],"providers":[{"billed_charge":3543.00,"npi":[1386902104,1609110758]},{"billed_charge":3671.00,"npi":[1386902104,1609110758]}]}]},{"tin":{"type":"ein","value":"461356067"},"service_code":["65"],"billing_class":"institutional","payments":[{"allowed_amount":325.44,"billing_code_modifier":[""],"providers":[{"billed_charge":3543.00,"npi":[1386902104,1609110758]},{"billed_charge":3671.00,"npi":[1386902104,1609110758]}]},{"allowed_amount":325.44,"billing_code_modifier":[""],"providers":[{"billed_charge":3543.00,"npi":[1386902104,1609110758]},{"billed_charge":3671.00,"npi":[1386902104,1609110758]}]}]}]},{"name":"CHIROPRACTIC MANIPULATIVE TX SPINAL 3-4 REGIONS","billing_code_type":"CPT","billing_code_type_version":"2020","billing_code":"98941","description":"CHIROPRACTIC MANIPULATIVE TX SPINAL 3-4 REGIONS","allowed_amounts":[{"tin":{"type":"ein","value":"833800567"},"service_code":["11"],"billing_class":"professional","payments":[{"allowed_amount":26.96,"billing_code_modifier":[""],"providers":[{"billed_charge":78.00,"npi":[1265945786,1881152353]}]}]},{"tin":{"type":"ein","value":"920419144"},"service_code":["11"],"billing_class":"professional","payments":[{"allowed_amount":26.96,"billing_code_modifier":[""],"providers":[{"billed_charge":100.00,"npi":[1275257305,1407824220]}]}]},{"tin":{"type":"ein","value":"922620620"},"service_code":["11"],"billing_class":"professional","payments":[{"allowed_amount":26.96,"billing_code_modifier":[""],"providers":[{"billed_charge":148.00,"npi":[1013904648,1497430524,1730618240]}]}]}]},{"name":"RESIDENTIAL TREATMENT-CHEMICAL DEPENDENCY","billing_code_type":"RC","billing_code_type_version":"UB04","billing_code":"1002","description":"RESIDENTIAL TREATMENT-CHEMICAL DEPENDENCY","allowed_amounts":[{"tin":{"type":"ein","value":"850667698"},"service_code":["21"],"billing_class":"institutional","payments":[{"allowed_amount":2376.50,"billing_code_modifier":[""],"providers":[{"billed_charge":3395.00,"npi":[1558595066,1649914813]}]}]}]}]}
