{"reporting_entity_name": "IEC Group_DBA AmeriBen",
	"reporting_entity_type": "Third Party Administrator",
	"plan_name": "LIPPERT",
	"plan_id_type": "ein",
	"plan_id": "133966839",
	"plan_market_type": "group",
	"last_updated_on": "2025-09-01","Version": "1.0.0","out_of_network":[{"name":"CCPD OPD\/HOME: CCPD COMP OR OTHER RATE","billing_code_type":"RC","billing_code_type_version":"UB04","billing_code":"0851","description":"CCPD OPD\/HOME: CCPD COMP OR OTHER RATE","allowed_amounts":[{"tin":{"type":"ein","value":"271126684"},"service_code":["65"],"billing_class":"institutional","payments":[{"allowed_amount":282.50,"billing_code_modifier":[""],"providers":[{"billed_charge":4341.00,"npi":[1205163276,1467683904]}]}]},{"tin":{"type":"ein","value":"271126684"},"service_code":["65"],"billing_class":"institutional","payments":[{"allowed_amount":354.88,"billing_code_modifier":[""],"providers":[{"billed_charge":4341.00,"npi":[1205163276,1467683904]}]}]},{"tin":{"type":"ein","value":"271126684"},"service_code":["65"],"billing_class":"institutional","payments":[{"allowed_amount":362.25,"billing_code_modifier":[""],"providers":[{"billed_charge":4341.00,"npi":[1205163276,1467683904]}]}]}]},{"name":"CHIROPRACTIC MANIPULATIVE TX SPINAL 3-4 REGIONS","billing_code_type":"CPT","billing_code_type_version":"2020","billing_code":"98941","description":"CHIROPRACTIC MANIPULATIVE TX SPINAL 3-4 REGIONS","allowed_amounts":[{"tin":{"type":"ein","value":"351860150"},"service_code":["11"],"billing_class":"professional","payments":[{"allowed_amount":50.00,"billing_code_modifier":[""],"providers":[{"billed_charge":50.00,"npi":[1497899454,1861763633]}]}]},{"tin":{"type":"ein","value":"352192086"},"service_code":["11"],"billing_class":"professional","payments":[{"allowed_amount":50.00,"billing_code_modifier":[""],"providers":[{"billed_charge":50.00,"npi":[1700188059,1811206733]}]}]}]},{"name":"DRUG TEST DEF 1-7 CLASSES","billing_code_type":"HCPCS","billing_code_type_version":"HCPCS LEVEL II 2021","billing_code":"G0480","description":"DRUG TEST DEF 1-7 CLASSES","allowed_amounts":[{"tin":{"type":"ein","value":"462993772"},"service_code":["81"],"billing_class":"professional","payments":[{"allowed_amount":0.00,"billing_code_modifier":[""],"providers":[{"billed_charge":230.00,"npi":[1023360542,1023439627,1790386746]}]}]},{"tin":{"type":"ein","value":"462993772"},"service_code":["81"],"billing_class":"professional","payments":[{"allowed_amount":27.18,"billing_code_modifier":[""],"providers":[{"billed_charge":230.00,"npi":[1023360542,1023439627,1790386746]}]}]}]},{"name":"DRUG TST PRSMV INSTRMNT CHEM ANALYZERS PR DATE","billing_code_type":"CPT","billing_code_type_version":"2020","billing_code":"80307","description":"DRUG TST PRSMV INSTRMNT CHEM ANALYZERS PR DATE","allowed_amounts":[{"tin":{"type":"ein","value":"462993772"},"service_code":["81"],"billing_class":"professional","payments":[{"allowed_amount":24.42,"billing_code_modifier":[""],"providers":[{"billed_charge":125.00,"npi":[1023360542,1023439627,1790386746]}]}]}]},{"name":"DRUGS REQUIRE SPECIFIC ID: DRUGS REQUIRING DETAIL","billing_code_type":"RC","billing_code_type_version":"UB04","billing_code":"0636","description":"DRUGS REQUIRE SPECIFIC ID: DRUGS REQUIRING DETAIL","allowed_amounts":[{"tin":{"type":"ein","value":"208521308"},"service_code":["65"],"billing_class":"institutional","payments":[{"allowed_amount":20.52,"billing_code_modifier":[""],"providers":[{"billed_charge":369.95,"npi":[1144222142,1205017811]},{"billed_charge":962.50,"npi":[1144222142,1205017811]}]},{"allowed_amount":20.52,"billing_code_modifier":[""],"providers":[{"billed_charge":369.95,"npi":[1144222142,1205017811]},{"billed_charge":962.50,"npi":[1144222142,1205017811]}]}]},{"tin":{"type":"ein","value":"208521308"},"service_code":["65"],"billing_class":"institutional","payments":[{"allowed_amount":20.52,"billing_code_modifier":[""],"providers":[{"billed_charge":369.95,"npi":[1144222142,1205017811]},{"billed_charge":962.50,"npi":[1144222142,1205017811]}]},{"allowed_amount":20.52,"billing_code_modifier":[""],"providers":[{"billed_charge":369.95,"npi":[1144222142,1205017811]},{"billed_charge":962.50,"npi":[1144222142,1205017811]}]}]},{"tin":{"type":"ein","value":"953372911"},"service_code":["65"],"billing_class":"institutional","payments":[{"allowed_amount":21.57,"billing_code_modifier":[""],"providers":[{"billed_charge":369.95,"npi":[1447215611,1508836172,1528477031]}]}]}]},{"name":"EMERGENCY DEPARTMENT VISIT MODERATE MDM","billing_code_type":"CPT","billing_code_type_version":"2020","billing_code":"99284","description":"EMERGENCY DEPARTMENT VISIT MODERATE MDM","allowed_amounts":[{"tin":{"type":"ein","value":"271112877"},"service_code":["23"],"billing_class":"professional","payments":[{"allowed_amount":170.92,"billing_code_modifier":[""],"providers":[{"billed_charge":1141.00,"npi":[1144516600,1184626871,1245257872,1386683423,1457709040,1487639258]}]}]},{"tin":{"type":"ein","value":"822977026"},"service_code":["23"],"billing_class":"professional","payments":[{"allowed_amount":170.92,"billing_code_modifier":[""],"providers":[{"billed_charge":892.00,"npi":[1669452504,1699288811,1922158799]}]}]},{"tin":{"type":"ein","value":"923480667"},"service_code":["23"],"billing_class":"professional","payments":[{"allowed_amount":170.92,"billing_code_modifier":[""],"providers":[{"billed_charge":958.72,"npi":[1104350636,1346924008]}]}]},{"tin":{"type":"ein","value":"934030155"},"service_code":["23"],"billing_class":"professional","payments":[{"allowed_amount":170.92,"billing_code_modifier":[""],"providers":[{"billed_charge":607.00,"npi":[1689443467,1801893821]}]}]}]},{"name":"HEMO OPD\/HOME: HEMODIALYSIS COMP OR OTHER RATE","billing_code_type":"RC","billing_code_type_version":"UB04","billing_code":"0821","description":"HEMO OPD\/HOME: HEMODIALYSIS COMP OR OTHER RATE","allowed_amounts":[{"tin":{"type":"ein","value":"208521308"},"service_code":["65"],"billing_class":"institutional","payments":[{"allowed_amount":331.11,"billing_code_modifier":[""],"providers":[{"billed_charge":5970.00,"npi":[1144222142,1205017811]}]}]}]},{"name":"MEDICAL\/SURGICAL SUPPLIES","billing_code_type":"RC","billing_code_type_version":"UB04","billing_code":"0270","description":"MEDICAL\/SURGICAL SUPPLIES","allowed_amounts":[{"tin":{"type":"ein","value":"208521308"},"service_code":["65"],"billing_class":"institutional","payments":[{"allowed_amount":7.82,"billing_code_modifier":[""],"providers":[{"billed_charge":140.95,"npi":[1144222142,1205017811]},{"billed_charge":281.90,"npi":[1144222142,1205017811]}]},{"allowed_amount":7.82,"billing_code_modifier":[""],"providers":[{"billed_charge":140.95,"npi":[1144222142,1205017811]},{"billed_charge":281.90,"npi":[1144222142,1205017811]}]}]},{"tin":{"type":"ein","value":"208521308"},"service_code":["65"],"billing_class":"institutional","payments":[{"allowed_amount":7.82,"billing_code_modifier":[""],"providers":[{"billed_charge":140.95,"npi":[1144222142,1205017811]},{"billed_charge":281.90,"npi":[1144222142,1205017811]}]},{"allowed_amount":7.82,"billing_code_modifier":[""],"providers":[{"billed_charge":140.95,"npi":[1144222142,1205017811]},{"billed_charge":281.90,"npi":[1144222142,1205017811]}]}]},{"tin":{"type":"ein","value":"953372911"},"service_code":["65"],"billing_class":"institutional","payments":[{"allowed_amount":8.22,"billing_code_modifier":[""],"providers":[{"billed_charge":140.95,"npi":[1447215611,1508836172,1528477031]}]}]}]},{"name":"PATHOLOGY CLINICAL CONSULTATION HI MDM 41-60 MIN","billing_code_type":"CPT","billing_code_type_version":"2020","billing_code":"80505","description":"PATHOLOGY CLINICAL CONSULTATION HI MDM 41-60 MIN","allowed_amounts":[{"tin":{"type":"ein","value":"994660273"},"service_code":["81"],"billing_class":"professional","payments":[{"allowed_amount":71.50,"billing_code_modifier":[""],"providers":[{"billed_charge":100.00,"npi":[1083175558,1154351054,1184788416,1194991992,1366412090,1447084827,1447562442,1457381741,1497068233,1508833203,1538109509,1609812775,1659831907,1700829249,1790171239,1962440875,1972731271,1972788388,1982006003]}]}]}]},{"name":"PHARMACY","billing_code_type":"RC","billing_code_type_version":"UB04","billing_code":"0250","description":"PHARMACY","allowed_amounts":[{"tin":{"type":"ein","value":"208521308"},"service_code":["65"],"billing_class":"institutional","payments":[{"allowed_amount":0.04,"billing_code_modifier":[""],"providers":[{"billed_charge":0.70,"npi":[1144222142,1205017811]},{"billed_charge":0.92,"npi":[1144222142,1205017811]}]},{"allowed_amount":0.04,"billing_code_modifier":[""],"providers":[{"billed_charge":0.70,"npi":[1144222142,1205017811]},{"billed_charge":0.92,"npi":[1144222142,1205017811]}]}]},{"tin":{"type":"ein","value":"208521308"},"service_code":["65"],"billing_class":"institutional","payments":[{"allowed_amount":0.04,"billing_code_modifier":[""],"providers":[{"billed_charge":0.70,"npi":[1144222142,1205017811]},{"billed_charge":0.92,"npi":[1144222142,1205017811]}]},{"allowed_amount":0.04,"billing_code_modifier":[""],"providers":[{"billed_charge":0.70,"npi":[1144222142,1205017811]},{"billed_charge":0.92,"npi":[1144222142,1205017811]}]}]}]},{"name":"PSYCHIATRIC\/PSYCHOLOGICAL SVCS: PARTIAL HOSP - INT","billing_code_type":"RC","billing_code_type_version":"UB04","billing_code":"0913","description":"PSYCHIATRIC\/PSYCHOLOGICAL SVCS: PARTIAL HOSP - INT","allowed_amounts":[{"tin":{"type":"ein","value":"852446157"},"service_code":["22","99"],"billing_class":"institutional","payments":[{"allowed_amount":800.00,"billing_code_modifier":[""],"providers":[{"billed_charge":6500.00,"npi":[1164952941,1609476845]}]}]}]},{"name":"PSYCHIATRIC\/PSYCHOLOGICAL SVCS: PARTIAL HOSP - LES","billing_code_type":"RC","billing_code_type_version":"UB04","billing_code":"0912","description":"PSYCHIATRIC\/PSYCHOLOGICAL SVCS: PARTIAL HOSP - LES","allowed_amounts":[{"tin":{"type":"ein","value":"273483854"},"service_code":["22"],"billing_class":"institutional","payments":[{"allowed_amount":182.19,"billing_code_modifier":[""],"providers":[{"billed_charge":4750.00,"npi":[1174864839]}]}]}]},{"name":"PSYCHIATRIC\/PSYCHOLOGICAL TRT: INTENSIVE OUT SERV","billing_code_type":"RC","billing_code_type_version":"UB04","billing_code":"0906","description":"PSYCHIATRIC\/PSYCHOLOGICAL TRT: INTENSIVE OUT SERV","allowed_amounts":[{"tin":{"type":"ein","value":"852446157"},"service_code":["22","99"],"billing_class":"institutional","payments":[{"allowed_amount":541.00,"billing_code_modifier":[""],"providers":[{"billed_charge":6100.00,"npi":[1164952941,1609476845]}]}]}]},{"name":"PSYCHOTHERAPY W\/PATIENT 60 MINUTES","billing_code_type":"CPT","billing_code_type_version":"2020","billing_code":"90837","description":"PSYCHOTHERAPY W\/PATIENT 60 MINUTES","allowed_amounts":[{"tin":{"type":"ein","value":"273098115"},"service_code":["10"],"billing_class":"professional","payments":[{"allowed_amount":125.00,"billing_code_modifier":[""],"providers":[{"billed_charge":125.00,"npi":[1366923690,1831491125]}]}]}]},{"name":"REHAB","billing_code_type":"RC","billing_code_type_version":"UB04","billing_code":"0128","description":"REHAB","allowed_amounts":[{"tin":{"type":"ein","value":"611914073"},"service_code":["21"],"billing_class":"institutional","payments":[{"allowed_amount":4875.00,"billing_code_modifier":[""],"providers":[{"billed_charge":7500.00,"npi":[1508408378,1871559385]}]}]}]},{"name":"RESIDENTIAL TREATMENT-CHEMICAL DEPENDENCY","billing_code_type":"RC","billing_code_type_version":"UB04","billing_code":"1002","description":"RESIDENTIAL TREATMENT-CHEMICAL DEPENDENCY","allowed_amounts":[{"tin":{"type":"ein","value":"830736184"},"service_code":["21"],"billing_class":"institutional","payments":[{"allowed_amount":3142.86,"billing_code_modifier":[""],"providers":[{"billed_charge":6250.00,"npi":[1114412392,1972515781]}]}]},{"tin":{"type":"ein","value":"861655892"},"service_code":["21"],"billing_class":"institutional","payments":[{"allowed_amount":1688.31,"billing_code_modifier":[""],"providers":[{"billed_charge":5245.00,"npi":[1033796982]}]}]},{"tin":{"type":"ein","value":"922964801"},"service_code":["21"],"billing_class":"institutional","payments":[{"allowed_amount":2125.00,"billing_code_modifier":[""],"providers":[{"billed_charge":5000.00,"npi":[1316629249,1386698231]}]}]}]},{"name":"RESIDENTIAL TREATMENT-PSYCHIATRIC","billing_code_type":"RC","billing_code_type_version":"UB04","billing_code":"1001","description":"RESIDENTIAL TREATMENT-PSYCHIATRIC","allowed_amounts":[{"tin":{"type":"ein","value":"824186089"},"service_code":["21"],"billing_class":"institutional","payments":[{"allowed_amount":1437.50,"billing_code_modifier":[""],"providers":[{"billed_charge":5000.00,"npi":[1568143386]}]}]}]},{"name":"THERAP REPETITIVE TMS TX SUBSEQ DELIVERY & MNG","billing_code_type":"CPT","billing_code_type_version":"2020","billing_code":"90868","description":"THERAP REPETITIVE TMS TX SUBSEQ DELIVERY & MNG","allowed_amounts":[{"tin":{"type":"ein","value":"863893981"},"service_code":["11"],"billing_class":"professional","payments":[{"allowed_amount":320.00,"billing_code_modifier":[""],"providers":[{"billed_charge":400.00,"npi":[1497891840,1730753294]}]}]}]}]}
