{"reporting_entity_name": "IEC Group_DBA AmeriBen",
	"reporting_entity_type": "Third Party Administrator",
	"plan_name": "PRO MACH, INC.",
	"plan_id_type": "ein",
	"plan_id": "582402604",
	"plan_market_type": "group",
	"last_updated_on": "2022-08-31","Version": "1.0.0","out_of_network":[{"name":"ADDL SUPL MATRL&STAF TM DRG PHE RES-TR NFCT DS","billing_code_type":"CPT","billing_code_type_version":"2020","billing_code":"99072","description":"ADDL SUPL MATRL&STAF TM DRG PHE RES-TR NFCT DS","allowed_amounts":[{"tin":{"type":"ein","value":"820973231"},"service_code":["81"],"billing_class":"professional","payments":[{"allowed_amount":0.00,"billing_code_modifier":[""],"providers":[{"billed_charge":10.00,"npi":[1174674352,1205362522]}]}]},{"tin":{"type":"ein","value":"850833932"},"service_code":["11"],"billing_class":"professional","payments":[{"allowed_amount":0.00,"billing_code_modifier":[""],"providers":[{"billed_charge":125.00,"npi":[1093913212,1386671303,1497352587]}]}]}]},{"name":"APPL MODALITY 1\/> AREAS ELEC STIMJ UNATTENDED","billing_code_type":"CPT","billing_code_type_version":"2020","billing_code":"97014","description":"APPL MODALITY 1\/> AREAS ELEC STIMJ UNATTENDED","allowed_amounts":[{"tin":{"type":"ein","value":"411933511"},"service_code":["11"],"billing_class":"professional","payments":[{"allowed_amount":12.89,"billing_code_modifier":[""],"providers":[{"billed_charge":20.00,"npi":[1003990524,1437333861]}]}]}]},{"name":"CHIROPRACTIC MANIPULATIVE TX SPINAL 3-4 REGIONS","billing_code_type":"CPT","billing_code_type_version":"2020","billing_code":"98941","description":"CHIROPRACTIC MANIPULATIVE TX SPINAL 3-4 REGIONS","allowed_amounts":[{"tin":{"type":"ein","value":"223566132"},"service_code":["11"],"billing_class":"professional","payments":[{"allowed_amount":67.10,"billing_code_modifier":[""],"providers":[{"billed_charge":75.00,"npi":[1356409304,1366578213]},{"billed_charge":150.00,"npi":[1356409304,1366578213]}]},{"allowed_amount":67.10,"billing_code_modifier":[""],"providers":[{"billed_charge":75.00,"npi":[1356409304,1366578213]},{"billed_charge":150.00,"npi":[1356409304,1366578213]}]}]},{"tin":{"type":"ein","value":"223566132"},"service_code":["11"],"billing_class":"professional","payments":[{"allowed_amount":67.10,"billing_code_modifier":[""],"providers":[{"billed_charge":75.00,"npi":[1356409304,1366578213]},{"billed_charge":150.00,"npi":[1356409304,1366578213]}]},{"allowed_amount":67.10,"billing_code_modifier":[""],"providers":[{"billed_charge":75.00,"npi":[1356409304,1366578213]},{"billed_charge":150.00,"npi":[1356409304,1366578213]}]}]},{"tin":{"type":"ein","value":"411933511"},"service_code":["11"],"billing_class":"professional","payments":[{"allowed_amount":40.84,"billing_code_modifier":[""],"providers":[{"billed_charge":63.00,"npi":[1003990524,1437333861]}]}]},{"tin":{"type":"ein","value":"822691377"},"service_code":["11"],"billing_class":"professional","payments":[{"allowed_amount":40.84,"billing_code_modifier":[""],"providers":[{"billed_charge":45.00,"npi":[1144735960,1437694718]}]}]}]},{"name":"COVID-19 LAB TEST NON-CDC HTT","billing_code_type":"HCPCS","billing_code_type_version":"HCPCS LEVEL II 2021","billing_code":"U0004","description":"COVID-19 LAB TEST NON-CDC HTT","allowed_amounts":[{"tin":{"type":"ein","value":"262911443"},"service_code":["81"],"billing_class":"professional","payments":[{"allowed_amount":75.00,"billing_code_modifier":[""],"providers":[{"billed_charge":400.00,"npi":[1184861353,1407943301]}]}]},{"tin":{"type":"ein","value":"272459098"},"service_code":["81"],"billing_class":"professional","payments":[{"allowed_amount":75.00,"billing_code_modifier":[""],"providers":[{"billed_charge":400.00,"npi":[1134439573,1326059841]}]}]},{"tin":{"type":"ein","value":"461133582"},"service_code":["81"],"billing_class":"professional","payments":[{"allowed_amount":75.00,"billing_code_modifier":[""],"providers":[{"billed_charge":100.00,"npi":[1376595710,1801324611]}]}]},{"tin":{"type":"ein","value":"843414591"},"service_code":["81"],"billing_class":"professional","payments":[{"allowed_amount":75.00,"billing_code_modifier":[""],"providers":[{"billed_charge":150.00,"npi":[1831788892]}]}]},{"tin":{"type":"ein","value":"843447582"},"service_code":["81"],"billing_class":"professional","payments":[{"allowed_amount":75.00,"billing_code_modifier":[""],"providers":[{"billed_charge":350.00,"npi":[1346696648,1922029453]}]}]},{"tin":{"type":"ein","value":"845066720"},"service_code":["81"],"billing_class":"professional","payments":[{"allowed_amount":75.00,"billing_code_modifier":[""],"providers":[{"billed_charge":220.00,"npi":[1033282967,1265482830,1316573827,1497931943]}]}]},{"tin":{"type":"ein","value":"852554053"},"service_code":["81"],"billing_class":"professional","payments":[{"allowed_amount":75.00,"billing_code_modifier":[""],"providers":[{"billed_charge":250.00,"npi":[1497776454,1518562784]}]}]},{"tin":{"type":"ein","value":"853664779"},"service_code":["81"],"billing_class":"professional","payments":[{"allowed_amount":75.00,"billing_code_modifier":[""],"providers":[{"billed_charge":113.00,"npi":[1023631157,1518555069]}]}]}]},{"name":"INFEC AGEN DETEC AMPLI PROBE","billing_code_type":"HCPCS","billing_code_type_version":"HCPCS LEVEL II 2021","billing_code":"U0005","description":"INFEC AGEN DETEC AMPLI PROBE","allowed_amounts":[{"tin":{"type":"ein","value":"133757370"},"service_code":["81"],"billing_class":"professional","payments":[{"allowed_amount":25.00,"billing_code_modifier":[""],"providers":[{"billed_charge":25.00,"npi":[1750368700,1750649695,1811319288]}]}]},{"tin":{"type":"ein","value":"201117882"},"service_code":["81"],"billing_class":"professional","payments":[{"allowed_amount":25.00,"billing_code_modifier":[""],"providers":[{"billed_charge":100.00,"npi":[1073629069,1205447992,1215038310]}]}]},{"tin":{"type":"ein","value":"201236503"},"service_code":["81"],"billing_class":"professional","payments":[{"allowed_amount":25.00,"billing_code_modifier":[""],"providers":[{"billed_charge":50.00,"npi":[1225110497,1649387283,1770931578]}]}]},{"tin":{"type":"ein","value":"203734391"},"service_code":["81"],"billing_class":"professional","payments":[{"allowed_amount":25.00,"billing_code_modifier":[""],"providers":[{"billed_charge":50.00,"npi":[1043256894,1053584482,1073629069]}]}]},{"tin":{"type":"ein","value":"262911443"},"service_code":["81"],"billing_class":"professional","payments":[{"allowed_amount":25.00,"billing_code_modifier":[""],"providers":[{"billed_charge":150.00,"npi":[1184861353,1407943301]}]}]},{"tin":{"type":"ein","value":"263844242"},"service_code":["81"],"billing_class":"professional","payments":[{"allowed_amount":25.00,"billing_code_modifier":[""],"providers":[{"billed_charge":37.50,"npi":[1114577293,1346472859]}]}]},{"tin":{"type":"ein","value":"272459098"},"service_code":["81"],"billing_class":"professional","payments":[{"allowed_amount":25.00,"billing_code_modifier":[""],"providers":[{"billed_charge":100.00,"npi":[1134439573,1326059841]}]}]},{"tin":{"type":"ein","value":"350868085"},"service_code":["81"],"billing_class":"professional","payments":[{"allowed_amount":25.00,"billing_code_modifier":[""],"providers":[{"billed_charge":25.00,"npi":[1366407603,1821484973]}]}]},{"tin":{"type":"ein","value":"390808509"},"service_code":["81"],"billing_class":"professional","payments":[{"allowed_amount":25.00,"billing_code_modifier":[""],"providers":[{"billed_charge":100.00,"npi":[1417623869,1740291491,1770597445]}]}]},{"tin":{"type":"ein","value":"461133582"},"service_code":["81"],"billing_class":"professional","payments":[{"allowed_amount":25.00,"billing_code_modifier":[""],"providers":[{"billed_charge":50.00,"npi":[1376595710,1801324611]}]}]},{"tin":{"type":"ein","value":"472462178"},"service_code":["81"],"billing_class":"professional","payments":[{"allowed_amount":25.00,"billing_code_modifier":[""],"providers":[{"billed_charge":50.00,"npi":[1144731605,1508484569,1639311509,1962018374]}]}]},{"tin":{"type":"ein","value":"473727159"},"service_code":["81"],"billing_class":"professional","payments":[{"allowed_amount":25.00,"billing_code_modifier":[""],"providers":[{"billed_charge":25.00,"npi":[1194099283,1912521568]}]}]},{"tin":{"type":"ein","value":"474644869"},"service_code":["81"],"billing_class":"professional","payments":[{"allowed_amount":25.00,"billing_code_modifier":[""],"providers":[{"billed_charge":37.50,"npi":[1346417086,1467820191]}]}]},{"tin":{"type":"ein","value":"474943249"},"service_code":["81"],"billing_class":"professional","payments":[{"allowed_amount":25.00,"billing_code_modifier":[""],"providers":[{"billed_charge":75.00,"npi":[1306213756]}]}]},{"tin":{"type":"ein","value":"813627104"},"service_code":["81"],"billing_class":"professional","payments":[{"allowed_amount":25.00,"billing_code_modifier":[""],"providers":[{"billed_charge":150.00,"npi":[1093801854,1427658848]}]}]},{"tin":{"type":"ein","value":"820973231"},"service_code":["81"],"billing_class":"professional","payments":[{"allowed_amount":25.00,"billing_code_modifier":[""],"providers":[{"billed_charge":25.00,"npi":[1174674352,1205362522]}]}]},{"tin":{"type":"ein","value":"823971792"},"service_code":["81"],"billing_class":"professional","payments":[{"allowed_amount":25.00,"billing_code_modifier":[""],"providers":[{"billed_charge":37.50,"npi":[1114435492,1629038377]}]}]},{"tin":{"type":"ein","value":"830546250"},"service_code":["81"],"billing_class":"professional","payments":[{"allowed_amount":25.00,"billing_code_modifier":[""],"providers":[{"billed_charge":150.00,"npi":[1073006144]}]}]},{"tin":{"type":"ein","value":"843414591"},"service_code":["81"],"billing_class":"professional","payments":[{"allowed_amount":25.00,"billing_code_modifier":[""],"providers":[{"billed_charge":50.00,"npi":[1831788892]}]}]},{"tin":{"type":"ein","value":"843447582"},"service_code":["81"],"billing_class":"professional","payments":[{"allowed_amount":25.00,"billing_code_modifier":[""],"providers":[{"billed_charge":50.00,"npi":[1346696648,1922029453]}]}]},{"tin":{"type":"ein","value":"845066720"},"service_code":["81"],"billing_class":"professional","payments":[{"allowed_amount":25.00,"billing_code_modifier":[""],"providers":[{"billed_charge":50.00,"npi":[1033282967,1265482830,1316573827,1497931943]}]}]},{"tin":{"type":"ein","value":"852554053"},"service_code":["81"],"billing_class":"professional","payments":[{"allowed_amount":25.00,"billing_code_modifier":[""],"providers":[{"billed_charge":75.00,"npi":[1497776454,1518562784]}]}]},{"tin":{"type":"ein","value":"853253201"},"service_code":["81"],"billing_class":"professional","payments":[{"allowed_amount":25.00,"billing_code_modifier":[""],"providers":[{"billed_charge":25.00,"npi":[1477841336,1982202453]}]}]},{"tin":{"type":"ein","value":"853312450"},"service_code":["81"],"billing_class":"professional","payments":[{"allowed_amount":25.00,"billing_code_modifier":[""],"providers":[{"billed_charge":150.00,"npi":[1033701701,1073629069,1902480296]}]}]},{"tin":{"type":"ein","value":"853664779"},"service_code":["81"],"billing_class":"professional","payments":[{"allowed_amount":25.00,"billing_code_modifier":[""],"providers":[{"billed_charge":25.00,"npi":[1023631157,1518555069]}]}]},{"tin":{"type":"ein","value":"853732667"},"service_code":["81"],"billing_class":"professional","payments":[{"allowed_amount":25.00,"billing_code_modifier":[""],"providers":[{"billed_charge":50.00,"npi":[1649417841,1790387223]}]}]},{"tin":{"type":"ein","value":"861826385"},"service_code":["81"],"billing_class":"professional","payments":[{"allowed_amount":25.00,"billing_code_modifier":[""],"providers":[{"billed_charge":100.00,"npi":[1346914843]}]}]},{"tin":{"type":"ein","value":"873116471"},"service_code":["81"],"billing_class":"professional","payments":[{"allowed_amount":25.00,"billing_code_modifier":[""],"providers":[{"billed_charge":25.00,"npi":[1710641360]}]}]},{"tin":{"type":"ein","value":"880241758"},"service_code":["81"],"billing_class":"professional","payments":[{"allowed_amount":25.00,"billing_code_modifier":[""],"providers":[{"billed_charge":25.00,"npi":[1124417357,1265444855,1598714016,1962523555,1982964664]}]}]}]},{"name":"SARS-COV-2 COVID-19 AMP PRB HTT","billing_code_type":"HCPCS","billing_code_type_version":"HCPCS LEVEL II 2021","billing_code":"U0003","description":"SARS-COV-2 COVID-19 AMP PRB HTT","allowed_amounts":[{"tin":{"type":"ein","value":"133757370"},"service_code":["81"],"billing_class":"professional","payments":[{"allowed_amount":75.00,"billing_code_modifier":[""],"providers":[{"billed_charge":100.00,"npi":[1538144910,1750368700,1750649695,1811130826,1811319288]}]}]},{"tin":{"type":"ein","value":"201236503"},"service_code":["81"],"billing_class":"professional","payments":[{"allowed_amount":75.00,"billing_code_modifier":[""],"providers":[{"billed_charge":150.00,"npi":[1225110497,1649387283]}]}]},{"tin":{"type":"ein","value":"203734391"},"service_code":["81"],"billing_class":"professional","payments":[{"allowed_amount":75.00,"billing_code_modifier":[""],"providers":[{"billed_charge":200.00,"npi":[1043256894,1053584482,1073629069]}]}]},{"tin":{"type":"ein","value":"350868085"},"service_code":["81"],"billing_class":"professional","payments":[{"allowed_amount":75.00,"billing_code_modifier":[""],"providers":[{"billed_charge":227.01,"npi":[1366407603,1821484973]}]}]},{"tin":{"type":"ein","value":"390808509"},"service_code":["81"],"billing_class":"professional","payments":[{"allowed_amount":75.00,"billing_code_modifier":[""],"providers":[{"billed_charge":200.00,"npi":[1417623869,1740291491,1770597445]}]}]},{"tin":{"type":"ein","value":"472462178"},"service_code":["81"],"billing_class":"professional","payments":[{"allowed_amount":125.00,"billing_code_modifier":[""],"providers":[{"billed_charge":250.00,"npi":[1144731605,1508484569,1639311509,1962018374]}]}]},{"tin":{"type":"ein","value":"473727159"},"service_code":["81"],"billing_class":"professional","payments":[{"allowed_amount":75.00,"billing_code_modifier":[""],"providers":[{"billed_charge":125.00,"npi":[1194099283,1306242334,1841821501,1912521568,1952940470]}]}]},{"tin":{"type":"ein","value":"474644869"},"service_code":["81"],"billing_class":"professional","payments":[{"allowed_amount":37.50,"billing_code_modifier":[""],"providers":[{"billed_charge":112.50,"npi":[1194024695,1467820191]}]}]},{"tin":{"type":"ein","value":"474644869"},"service_code":["81"],"billing_class":"professional","payments":[{"allowed_amount":75.00,"billing_code_modifier":[""],"providers":[{"billed_charge":112.50,"npi":[1346417086,1467820191]}]}]},{"tin":{"type":"ein","value":"474943249"},"service_code":["81"],"billing_class":"professional","payments":[{"allowed_amount":75.00,"billing_code_modifier":[""],"providers":[{"billed_charge":250.00,"npi":[1306213756]}]}]},{"tin":{"type":"ein","value":"475375456"},"service_code":["81"],"billing_class":"professional","payments":[{"allowed_amount":75.00,"billing_code_modifier":[""],"providers":[{"billed_charge":105.00,"npi":[1598138562,1760029144]}]}]},{"tin":{"type":"ein","value":"813627104"},"service_code":["81"],"billing_class":"professional","payments":[{"allowed_amount":75.00,"billing_code_modifier":[""],"providers":[{"billed_charge":300.00,"npi":[1093801854,1427658848]}]}]},{"tin":{"type":"ein","value":"815012658"},"service_code":["81"],"billing_class":"professional","payments":[{"allowed_amount":37.50,"billing_code_modifier":[""],"providers":[{"billed_charge":250.00,"npi":[1427595354,1740238864]}]}]},{"tin":{"type":"ein","value":"820973231"},"service_code":["81"],"billing_class":"professional","payments":[{"allowed_amount":75.00,"billing_code_modifier":[""],"providers":[{"billed_charge":195.00,"npi":[1174674352,1205362522]}]}]},{"tin":{"type":"ein","value":"823971792"},"service_code":["81"],"billing_class":"professional","payments":[{"allowed_amount":75.00,"billing_code_modifier":[""],"providers":[{"billed_charge":150.00,"npi":[1114435492,1629038377]}]}]},{"tin":{"type":"ein","value":"830546250"},"service_code":["81"],"billing_class":"professional","payments":[{"allowed_amount":75.00,"billing_code_modifier":[""],"providers":[{"billed_charge":150.00,"npi":[1073006144]}]}]},{"tin":{"type":"ein","value":"852364612"},"service_code":["81"],"billing_class":"professional","payments":[{"allowed_amount":75.00,"billing_code_modifier":[""],"providers":[{"billed_charge":225.00,"npi":[1740685387,1790386746]}]}]},{"tin":{"type":"ein","value":"853312450"},"service_code":["81"],"billing_class":"professional","payments":[{"allowed_amount":75.00,"billing_code_modifier":[""],"providers":[{"billed_charge":250.00,"npi":[1033701701,1073629069,1902480296]}]}]},{"tin":{"type":"ein","value":"853732667"},"service_code":["81"],"billing_class":"professional","payments":[{"allowed_amount":75.00,"billing_code_modifier":[""],"providers":[{"billed_charge":200.00,"npi":[1649417841,1790387223]}]}]},{"tin":{"type":"ein","value":"861826385"},"service_code":["81"],"billing_class":"professional","payments":[{"allowed_amount":75.00,"billing_code_modifier":[""],"providers":[{"billed_charge":300.00,"npi":[1346914843]}]}]},{"tin":{"type":"ein","value":"873116471"},"service_code":["81"],"billing_class":"professional","payments":[{"allowed_amount":75.00,"billing_code_modifier":[""],"providers":[{"billed_charge":150.00,"npi":[1710641360]}]}]},{"tin":{"type":"ein","value":"880241758"},"service_code":["81"],"billing_class":"professional","payments":[{"allowed_amount":37.50,"billing_code_modifier":[""],"providers":[{"billed_charge":100.00,"npi":[1043416696,1124417357,1356534994]}]}]},{"tin":{"type":"ein","value":"880241758"},"service_code":["81"],"billing_class":"professional","payments":[{"allowed_amount":75.00,"billing_code_modifier":[""],"providers":[{"billed_charge":100.00,"npi":[1124417357,1265444855,1598714016,1760465603,1962523555,1982964664]}]}]}]},{"name":"SPECIMEN COLLECT COVID-19","billing_code_type":"HCPCS","billing_code_type_version":"HCPCS LEVEL II 2021","billing_code":"G2023","description":"SPECIMEN COLLECT COVID-19","allowed_amounts":[{"tin":{"type":"ein","value":"262911443"},"service_code":["81"],"billing_class":"professional","payments":[{"allowed_amount":0.00,"billing_code_modifier":[""],"providers":[{"billed_charge":30.00,"npi":[1184861353,1407943301]}]}]},{"tin":{"type":"ein","value":"272459098"},"service_code":["81"],"billing_class":"professional","payments":[{"allowed_amount":0.00,"billing_code_modifier":[""],"providers":[{"billed_charge":75.00,"npi":[1134439573,1326059841]}]}]},{"tin":{"type":"ein","value":"461133582"},"service_code":["81"],"billing_class":"professional","payments":[{"allowed_amount":23.46,"billing_code_modifier":[""],"providers":[{"billed_charge":50.00,"npi":[1376595710,1801324611]}]}]},{"tin":{"type":"ein","value":"474644869"},"service_code":["81"],"billing_class":"professional","payments":[{"allowed_amount":0.00,"billing_code_modifier":[""],"providers":[{"billed_charge":35.19,"npi":[1194024695,1346417086,1467820191]}]}]},{"tin":{"type":"ein","value":"474943249"},"service_code":["81"],"billing_class":"professional","payments":[{"allowed_amount":23.46,"billing_code_modifier":[""],"providers":[{"billed_charge":75.00,"npi":[1306213756]}]}]},{"tin":{"type":"ein","value":"475375456"},"service_code":["81"],"billing_class":"professional","payments":[{"allowed_amount":0.00,"billing_code_modifier":[""],"providers":[{"billed_charge":25.00,"npi":[1598138562,1760029144]}]}]},{"tin":{"type":"ein","value":"813627104"},"service_code":["81"],"billing_class":"professional","payments":[{"allowed_amount":0.00,"billing_code_modifier":[""],"providers":[{"billed_charge":75.00,"npi":[1093801854,1427658848]}]}]},{"tin":{"type":"ein","value":"815012658"},"service_code":["81"],"billing_class":"professional","payments":[{"allowed_amount":0.00,"billing_code_modifier":[""],"providers":[{"billed_charge":60.00,"npi":[1427595354,1740238864]}]}]},{"tin":{"type":"ein","value":"820973231"},"service_code":["81"],"billing_class":"professional","payments":[{"allowed_amount":0.00,"billing_code_modifier":[""],"providers":[{"billed_charge":65.00,"npi":[1174674352,1205362522]}]}]},{"tin":{"type":"ein","value":"830546250"},"service_code":["81"],"billing_class":"professional","payments":[{"allowed_amount":0.00,"billing_code_modifier":[""],"providers":[{"billed_charge":100.00,"npi":[1073006144]}]}]},{"tin":{"type":"ein","value":"843414591"},"service_code":["81"],"billing_class":"professional","payments":[{"allowed_amount":0.00,"billing_code_modifier":[""],"providers":[{"billed_charge":40.00,"npi":[1831788892]}]}]},{"tin":{"type":"ein","value":"843447582"},"service_code":["81"],"billing_class":"professional","payments":[{"allowed_amount":0.00,"billing_code_modifier":[""],"providers":[{"billed_charge":100.00,"npi":[1346696648,1922029453]}]}]},{"tin":{"type":"ein","value":"845066720"},"service_code":["81"],"billing_class":"professional","payments":[{"allowed_amount":0.00,"billing_code_modifier":[""],"providers":[{"billed_charge":100.00,"npi":[1033282967,1265482830,1316573827]}]}]},{"tin":{"type":"ein","value":"845066720"},"service_code":["81"],"billing_class":"professional","payments":[{"allowed_amount":23.46,"billing_code_modifier":[""],"providers":[{"billed_charge":100.00,"npi":[1265482830,1316573827]}]}]},{"tin":{"type":"ein","value":"852364612"},"service_code":["81"],"billing_class":"professional","payments":[{"allowed_amount":0.00,"billing_code_modifier":[""],"providers":[{"billed_charge":70.00,"npi":[1740685387,1790386746]}]}]},{"tin":{"type":"ein","value":"852364612"},"service_code":["81"],"billing_class":"professional","payments":[{"allowed_amount":23.46,"billing_code_modifier":[""],"providers":[{"billed_charge":70.00,"npi":[1740685387,1790386746]}]}]},{"tin":{"type":"ein","value":"873116471"},"service_code":["81"],"billing_class":"professional","payments":[{"allowed_amount":0.00,"billing_code_modifier":[""],"providers":[{"billed_charge":25.00,"npi":[1710641360]}]}]},{"tin":{"type":"ein","value":"990370089"},"service_code":["81"],"billing_class":"professional","payments":[{"allowed_amount":0.00,"billing_code_modifier":[""],"providers":[{"billed_charge":46.92,"npi":[1124233184,1265897078,1750798682]}]}]}]},{"name":"THER PX 1\/> AREAS EACH 15 MIN NEUROMUSC REEDUCA","billing_code_type":"CPT","billing_code_type_version":"2020","billing_code":"97112","description":"THER PX 1\/> AREAS EACH 15 MIN NEUROMUSC REEDUCA","allowed_amounts":[{"tin":{"type":"ein","value":"411933511"},"service_code":["11"],"billing_class":"professional","payments":[{"allowed_amount":0.00,"billing_code_modifier":[""],"providers":[{"billed_charge":30.00,"npi":[1003990524,1437333861]}]}]},{"tin":{"type":"ein","value":"411933511"},"service_code":["11"],"billing_class":"professional","payments":[{"allowed_amount":30.00,"billing_code_modifier":[""],"providers":[{"billed_charge":30.00,"npi":[1003990524,1437333861]}]}]}]},{"name":"THER PX 1\/> AREAS EACH 15 MINUTES MASSAGE","billing_code_type":"CPT","billing_code_type_version":"2020","billing_code":"97124","description":"THER PX 1\/> AREAS EACH 15 MINUTES MASSAGE","allowed_amounts":[{"tin":{"type":"ein","value":"411933511"},"service_code":["11"],"billing_class":"professional","payments":[{"allowed_amount":0.00,"billing_code_modifier":[""],"providers":[{"billed_charge":24.00,"npi":[1003990524,1437333861]}]}]}]},{"name":"THERAPEUTIC PX 1\/> AREAS EACH 15 MIN EXERCISES","billing_code_type":"CPT","billing_code_type_version":"2020","billing_code":"97110","description":"THERAPEUTIC PX 1\/> AREAS EACH 15 MIN EXERCISES","allowed_amounts":[{"tin":{"type":"ein","value":"411933511"},"service_code":["11"],"billing_class":"professional","payments":[{"allowed_amount":50.00,"billing_code_modifier":[""],"providers":[{"billed_charge":50.00,"npi":[1003990524,1437333861]}]}]}]}]}
