{"reporting_entity_name": "IEC Group_DBA AmeriBen",
	"reporting_entity_type": "Third Party Administrator",
	"plan_name": "RYOBI DIE CASTING USA INC",
	"plan_id_type": "ein",
	"plan_id": "382604602",
	"plan_market_type": "group",
	"last_updated_on": "2025-12-01","Version": "1.0.0","out_of_network":[{"name":"DRUGS REQUIRE SPECIFIC ID: EPO UNDER 10,000 UNITS","billing_code_type":"RC","billing_code_type_version":"UB04","billing_code":"0634","description":"DRUGS REQUIRE SPECIFIC ID: EPO UNDER 10,000 UNITS","allowed_amounts":[{"tin":{"type":"ein","value":"611890163"},"service_code":["65"],"billing_class":"institutional","payments":[{"allowed_amount":79.78,"billing_code_modifier":[""],"providers":[{"billed_charge":4608.40,"npi":[1043875180,1669400198]}]}]}]},{"name":"HEMO OPD\/HOME: HEMODIALYSIS COMP OR OTHER RATE","billing_code_type":"RC","billing_code_type_version":"UB04","billing_code":"0821","description":"HEMO OPD\/HOME: HEMODIALYSIS COMP OR OTHER RATE","allowed_amounts":[{"tin":{"type":"ein","value":"611890163"},"service_code":["65"],"billing_class":"institutional","payments":[{"allowed_amount":197.13,"billing_code_modifier":[""],"providers":[{"billed_charge":11388.21,"npi":[1043875180,1669400198]}]}]},{"tin":{"type":"ein","value":"611890163"},"service_code":["65"],"billing_class":"institutional","payments":[{"allowed_amount":207.55,"billing_code_modifier":[""],"providers":[{"billed_charge":11388.21,"npi":[1043875180,1669400198]}]}]},{"tin":{"type":"ein","value":"611890163"},"service_code":["65"],"billing_class":"institutional","payments":[{"allowed_amount":249.96,"billing_code_modifier":[""],"providers":[{"billed_charge":11388.21,"npi":[1043875180,1669400198]}]}]}]},{"name":"NEUROMUSC STIM ELEC SHOCK UNIT","billing_code_type":"HCPCS","billing_code_type_version":"HCPCS LEVEL II 2021","billing_code":"E0745","description":"NEUROMUSC STIM ELEC SHOCK UNIT","allowed_amounts":[{"tin":{"type":"ein","value":"841451963"},"service_code":["12"],"billing_class":"professional","payments":[{"allowed_amount":45.41,"billing_code_modifier":[""],"providers":[{"billed_charge":449.00,"npi":[1366114837,1770252348,1770511552,1912965849]}]}]}]},{"name":"PSYCHIATRIC\/PSYCHOLOGICAL SVCS: PARTIAL HOSP - INT","billing_code_type":"RC","billing_code_type_version":"UB04","billing_code":"0913","description":"PSYCHIATRIC\/PSYCHOLOGICAL SVCS: PARTIAL HOSP - INT","allowed_amounts":[{"tin":{"type":"ein","value":"823508457"},"service_code":["22"],"billing_class":"institutional","payments":[{"allowed_amount":3109.00,"billing_code_modifier":[""],"providers":[{"billed_charge":7250.00,"npi":[1437658572,1871559385]}]}]}]},{"name":"REHAB","billing_code_type":"RC","billing_code_type_version":"UB04","billing_code":"0128","description":"REHAB","allowed_amounts":[{"tin":{"type":"ein","value":"881397744"},"service_code":["21"],"billing_class":"institutional","payments":[{"allowed_amount":2912.25,"billing_code_modifier":[""],"providers":[{"billed_charge":5295.00,"npi":[1255075008,1396779054]}]}]}]}]}
