{"reporting_entity_name": "IEC Group_DBA AmeriBen",
	"reporting_entity_type": "Third Party Administrator",
	"plan_name": "KING'S HAWAIIAN MEDICAL PLAN",
	"plan_id_type": "ein",
	"plan_id": "330747313",
	"plan_market_type": "group",
	"last_updated_on": "2022-09-30","Version": "1.0.0","out_of_network":[{"name":"COVID-19 LAB TEST NON-CDC HTT","billing_code_type":"HCPCS","billing_code_type_version":"HCPCS LEVEL II 2021","billing_code":"U0004","description":"COVID-19 LAB TEST NON-CDC HTT","allowed_amounts":[{"tin":{"type":"ein","value":"273440467"},"service_code":["81"],"billing_class":"professional","payments":[{"allowed_amount":105.00,"billing_code_modifier":[""],"providers":[{"billed_charge":150.00,"npi":[1447592308,1467437442]}]}]},{"tin":{"type":"ein","value":"811008582"},"service_code":["81"],"billing_class":"professional","payments":[{"allowed_amount":105.00,"billing_code_modifier":[""],"providers":[{"billed_charge":113.00,"npi":[1508900101,1659726487]}]}]},{"tin":{"type":"ein","value":"831342609"},"service_code":["81"],"billing_class":"professional","payments":[{"allowed_amount":105.00,"billing_code_modifier":[""],"providers":[{"billed_charge":350.00,"npi":[1053541581,1073101028,1487815387]}]}]},{"tin":{"type":"ein","value":"852766187"},"service_code":["81"],"billing_class":"professional","payments":[{"allowed_amount":105.00,"billing_code_modifier":[""],"providers":[{"billed_charge":150.00,"npi":[1255946869,1841227592]}]}]},{"tin":{"type":"ein","value":"853664779"},"service_code":["81"],"billing_class":"professional","payments":[{"allowed_amount":105.00,"billing_code_modifier":[""],"providers":[{"billed_charge":113.00,"npi":[1437561099,1518555069,1952398406]}]}]}]},{"name":"DRUG TEST DEF 8-14 CLASSES","billing_code_type":"HCPCS","billing_code_type_version":"HCPCS LEVEL II 2021","billing_code":"G0481","description":"DRUG TEST DEF 8-14 CLASSES","allowed_amounts":[{"tin":{"type":"ein","value":"811093211"},"service_code":["81"],"billing_class":"professional","payments":[{"allowed_amount":219.23,"billing_code_modifier":[""],"providers":[{"billed_charge":250.00,"npi":[1164507679,1184086001]}]}]},{"tin":{"type":"ein","value":"853369665"},"service_code":["11"],"billing_class":"professional","payments":[{"allowed_amount":219.23,"billing_code_modifier":[""],"providers":[{"billed_charge":2500.00,"npi":[1023605581,1124197686]}]}]}]},{"name":"INFEC AGEN DETEC AMPLI PROBE","billing_code_type":"HCPCS","billing_code_type_version":"HCPCS LEVEL II 2021","billing_code":"U0005","description":"INFEC AGEN DETEC AMPLI PROBE","allowed_amounts":[{"tin":{"type":"ein","value":"273440467"},"service_code":["81"],"billing_class":"professional","payments":[{"allowed_amount":35.00,"billing_code_modifier":[""],"providers":[{"billed_charge":38.00,"npi":[1447592308,1467437442]}]}]},{"tin":{"type":"ein","value":"464163620"},"service_code":["81"],"billing_class":"professional","payments":[{"allowed_amount":25.00,"billing_code_modifier":[""],"providers":[{"billed_charge":25.00,"npi":[1265854855,1912008087]}]}]},{"tin":{"type":"ein","value":"472462178"},"service_code":["81"],"billing_class":"professional","payments":[{"allowed_amount":35.00,"billing_code_modifier":[""],"providers":[{"billed_charge":50.00,"npi":[1144731605,1174824726,1639311509]}]}]},{"tin":{"type":"ein","value":"473727159"},"service_code":["81"],"billing_class":"professional","payments":[{"allowed_amount":25.00,"billing_code_modifier":[""],"providers":[{"billed_charge":25.00,"npi":[1225682602,1376842005,1740753003,1841821501,1902423254,1912521568,1992314918]}]}]},{"tin":{"type":"ein","value":"474777175"},"service_code":["81"],"billing_class":"professional","payments":[{"allowed_amount":35.00,"billing_code_modifier":[""],"providers":[{"billed_charge":95.00,"npi":[1205023512,1205410933,1508881574]}]}]},{"tin":{"type":"ein","value":"811008582"},"service_code":["81"],"billing_class":"professional","payments":[{"allowed_amount":35.00,"billing_code_modifier":[""],"providers":[{"billed_charge":38.00,"npi":[1508900101,1659726487]}]}]},{"tin":{"type":"ein","value":"820973231"},"service_code":["81"],"billing_class":"professional","payments":[{"allowed_amount":25.00,"billing_code_modifier":[""],"providers":[{"billed_charge":25.00,"npi":[1174674352,1205362522]}]}]},{"tin":{"type":"ein","value":"831342609"},"service_code":["81"],"billing_class":"professional","payments":[{"allowed_amount":35.00,"billing_code_modifier":[""],"providers":[{"billed_charge":100.00,"npi":[1053541581,1073101028,1487815387]}]}]},{"tin":{"type":"ein","value":"851054301"},"service_code":["81"],"billing_class":"professional","payments":[{"allowed_amount":35.00,"billing_code_modifier":[""],"providers":[{"billed_charge":75.00,"npi":[1336191980,1467030536]}]}]},{"tin":{"type":"ein","value":"851795945"},"service_code":["81"],"billing_class":"professional","payments":[{"allowed_amount":25.00,"billing_code_modifier":[""],"providers":[{"billed_charge":25.00,"npi":[1114218682,1902403926]}]}]},{"tin":{"type":"ein","value":"852364612"},"service_code":["81"],"billing_class":"professional","payments":[{"allowed_amount":35.00,"billing_code_modifier":[""],"providers":[{"billed_charge":75.00,"npi":[1740685387,1790386746]}]}]},{"tin":{"type":"ein","value":"852766187"},"service_code":["81"],"billing_class":"professional","payments":[{"allowed_amount":35.00,"billing_code_modifier":[""],"providers":[{"billed_charge":50.00,"npi":[1255946869,1841227592]}]}]},{"tin":{"type":"ein","value":"853664779"},"service_code":["81"],"billing_class":"professional","payments":[{"allowed_amount":25.00,"billing_code_modifier":[""],"providers":[{"billed_charge":25.00,"npi":[1518555069,1952398406]}]}]},{"tin":{"type":"ein","value":"853664779"},"service_code":["81"],"billing_class":"professional","payments":[{"allowed_amount":35.00,"billing_code_modifier":[""],"providers":[{"billed_charge":35.00,"npi":[1437561099,1518555069]}]}]},{"tin":{"type":"ein","value":"861716987"},"service_code":["81"],"billing_class":"professional","payments":[{"allowed_amount":35.00,"billing_code_modifier":[""],"providers":[{"billed_charge":118.00,"npi":[1356917173,1427167121,1982751756]}]}]},{"tin":{"type":"ein","value":"873102949"},"service_code":["81"],"billing_class":"professional","payments":[{"allowed_amount":35.00,"billing_code_modifier":[""],"providers":[{"billed_charge":75.00,"npi":[1356005920,1558966655]}]}]},{"tin":{"type":"ein","value":"880241758"},"service_code":["81"],"billing_class":"professional","payments":[{"allowed_amount":25.00,"billing_code_modifier":[""],"providers":[{"billed_charge":25.00,"npi":[1124417357,1376633586]}]}]}]},{"name":"MANUAL THERAPY TQS 1\/> REGIONS EACH 15 MINUTES","billing_code_type":"CPT","billing_code_type_version":"2020","billing_code":"97140","description":"MANUAL THERAPY TQS 1\/> REGIONS EACH 15 MINUTES","allowed_amounts":[{"tin":{"type":"ein","value":"453505105"},"service_code":["11"],"billing_class":"professional","payments":[{"allowed_amount":169.96,"billing_code_modifier":[""],"providers":[{"billed_charge":280.00,"npi":[1487824421,1699031393]},{"billed_charge":300.00,"npi":[1487824421,1699031393]}]},{"allowed_amount":169.96,"billing_code_modifier":[""],"providers":[{"billed_charge":280.00,"npi":[1487824421,1699031393]},{"billed_charge":300.00,"npi":[1487824421,1699031393]}]}]},{"tin":{"type":"ein","value":"453505105"},"service_code":["11"],"billing_class":"professional","payments":[{"allowed_amount":169.96,"billing_code_modifier":[""],"providers":[{"billed_charge":280.00,"npi":[1487824421,1699031393]},{"billed_charge":300.00,"npi":[1487824421,1699031393]}]},{"allowed_amount":169.96,"billing_code_modifier":[""],"providers":[{"billed_charge":280.00,"npi":[1487824421,1699031393]},{"billed_charge":300.00,"npi":[1487824421,1699031393]}]}]}]},{"name":"SARS-COV-2 COVID-19 AMP PRB HTT","billing_code_type":"HCPCS","billing_code_type_version":"HCPCS LEVEL II 2021","billing_code":"U0003","description":"SARS-COV-2 COVID-19 AMP PRB HTT","allowed_amounts":[{"tin":{"type":"ein","value":"464163620"},"service_code":["81"],"billing_class":"professional","payments":[{"allowed_amount":105.00,"billing_code_modifier":[""],"providers":[{"billed_charge":250.00,"npi":[1265854855,1912008087]}]}]},{"tin":{"type":"ein","value":"472462178"},"service_code":["81"],"billing_class":"professional","payments":[{"allowed_amount":105.00,"billing_code_modifier":[""],"providers":[{"billed_charge":250.00,"npi":[1144731605,1174824726,1639311509]}]}]},{"tin":{"type":"ein","value":"473727159"},"service_code":["81"],"billing_class":"professional","payments":[{"allowed_amount":105.00,"billing_code_modifier":[""],"providers":[{"billed_charge":125.00,"npi":[1225682602,1376842005,1740753003,1841821501,1902423254,1912521568,1992314918]}]}]},{"tin":{"type":"ein","value":"474777175"},"service_code":["81"],"billing_class":"professional","payments":[{"allowed_amount":105.00,"billing_code_modifier":[""],"providers":[{"billed_charge":295.00,"npi":[1205023512,1205410933,1508881574]}]}]},{"tin":{"type":"ein","value":"820973231"},"service_code":["81"],"billing_class":"professional","payments":[{"allowed_amount":105.00,"billing_code_modifier":[""],"providers":[{"billed_charge":195.00,"npi":[1174674352,1205362522]}]}]},{"tin":{"type":"ein","value":"851054301"},"service_code":["81"],"billing_class":"professional","payments":[{"allowed_amount":105.00,"billing_code_modifier":[""],"providers":[{"billed_charge":225.00,"npi":[1336191980,1467030536]}]}]},{"tin":{"type":"ein","value":"852364612"},"service_code":["81"],"billing_class":"professional","payments":[{"allowed_amount":105.00,"billing_code_modifier":[""],"providers":[{"billed_charge":225.00,"npi":[1740685387,1790386746]}]}]},{"tin":{"type":"ein","value":"861716987"},"service_code":["81"],"billing_class":"professional","payments":[{"allowed_amount":105.00,"billing_code_modifier":[""],"providers":[{"billed_charge":200.00,"npi":[1356917173,1427167121,1982751756]}]}]},{"tin":{"type":"ein","value":"873102949"},"service_code":["81"],"billing_class":"professional","payments":[{"allowed_amount":105.00,"billing_code_modifier":[""],"providers":[{"billed_charge":249.00,"npi":[1356005920,1558966655]}]}]}]},{"name":"SPECIMEN COLLECT COVID-19","billing_code_type":"HCPCS","billing_code_type_version":"HCPCS LEVEL II 2021","billing_code":"G2023","description":"SPECIMEN COLLECT COVID-19","allowed_amounts":[{"tin":{"type":"ein","value":"464163620"},"service_code":["81"],"billing_class":"professional","payments":[{"allowed_amount":32.84,"billing_code_modifier":[""],"providers":[{"billed_charge":50.00,"npi":[1265854855,1912008087]}]}]},{"tin":{"type":"ein","value":"820973231"},"service_code":["81"],"billing_class":"professional","payments":[{"allowed_amount":32.84,"billing_code_modifier":[""],"providers":[{"billed_charge":65.00,"npi":[1174674352,1205362522]}]}]},{"tin":{"type":"ein","value":"831342609"},"service_code":["81"],"billing_class":"professional","payments":[{"allowed_amount":32.84,"billing_code_modifier":[""],"providers":[{"billed_charge":50.00,"npi":[1053541581,1073101028,1487815387]}]}]},{"tin":{"type":"ein","value":"844333441"},"service_code":["11"],"billing_class":"professional","payments":[{"allowed_amount":32.84,"billing_code_modifier":[""],"providers":[{"billed_charge":50.00,"npi":[1477649168,1871106278]}]}]},{"tin":{"type":"ein","value":"852364612"},"service_code":["81"],"billing_class":"professional","payments":[{"allowed_amount":32.84,"billing_code_modifier":[""],"providers":[{"billed_charge":70.00,"npi":[1740685387,1790386746]}]}]},{"tin":{"type":"ein","value":"873102949"},"service_code":["81"],"billing_class":"professional","payments":[{"allowed_amount":32.84,"billing_code_modifier":[""],"providers":[{"billed_charge":46.92,"npi":[1356005920,1558966655]}]}]}]}]}
