{"reporting_entity_name": "IEC Group_DBA AmeriBen",
	"reporting_entity_type": "Third Party Administrator",
	"plan_name": "JACOBS ENTERTAINMENT INC.",
	"plan_id_type": "ein",
	"plan_id": "341959351",
	"plan_market_type": "group",
	"last_updated_on": "2022-08-31","Version": "1.0.0","out_of_network":[{"name":"DRUGS REQUIRE SPECIFIC ID: DRUGS REQUIRING DETAIL","billing_code_type":"RC","billing_code_type_version":"UB04","billing_code":"0636","description":"DRUGS REQUIRE SPECIFIC ID: DRUGS REQUIRING DETAIL","allowed_amounts":[{"tin":{"type":"ein","value":"261948844"},"service_code":["65"],"billing_class":"institutional","payments":[{"allowed_amount":2.12,"billing_code_modifier":[""],"providers":[{"billed_charge":70.96,"npi":[1023214491,1609044569]}]}]},{"tin":{"type":"ein","value":"261948844"},"service_code":["65"],"billing_class":"institutional","payments":[{"allowed_amount":2.15,"billing_code_modifier":[""],"providers":[{"billed_charge":70.96,"npi":[1023214491,1609044569]}]}]},{"tin":{"type":"ein","value":"261948844"},"service_code":["65"],"billing_class":"institutional","payments":[{"allowed_amount":2.47,"billing_code_modifier":[""],"providers":[{"billed_charge":70.96,"npi":[1023214491,1609044569]}]}]},{"tin":{"type":"ein","value":"261948844"},"service_code":["65"],"billing_class":"institutional","payments":[{"allowed_amount":2.55,"billing_code_modifier":[""],"providers":[{"billed_charge":70.96,"npi":[1023214491,1609044569]}]}]}]},{"name":"HEMO OPD\/HOME: HEMODIALYSIS COMP OR OTHER RATE","billing_code_type":"RC","billing_code_type_version":"UB04","billing_code":"0821","description":"HEMO OPD\/HOME: HEMODIALYSIS COMP OR OTHER RATE","allowed_amounts":[{"tin":{"type":"ein","value":"261948844"},"service_code":["65"],"billing_class":"institutional","payments":[{"allowed_amount":239.85,"billing_code_modifier":[""],"providers":[{"billed_charge":8010.89,"npi":[1023214491,1609044569]}]}]},{"tin":{"type":"ein","value":"261948844"},"service_code":["65"],"billing_class":"institutional","payments":[{"allowed_amount":241.83,"billing_code_modifier":[""],"providers":[{"billed_charge":8010.89,"npi":[1023214491,1609044569]}]}]}]},{"name":"MEDICAL\/SURGICAL SUPPLIES","billing_code_type":"RC","billing_code_type_version":"UB04","billing_code":"0270","description":"MEDICAL\/SURGICAL SUPPLIES","allowed_amounts":[{"tin":{"type":"ein","value":"261948844"},"service_code":["65"],"billing_class":"institutional","payments":[{"allowed_amount":4.05,"billing_code_modifier":[""],"providers":[{"billed_charge":135.24,"npi":[1023214491,1609044569]}]}]},{"tin":{"type":"ein","value":"261948844"},"service_code":["65"],"billing_class":"institutional","payments":[{"allowed_amount":4.08,"billing_code_modifier":[""],"providers":[{"billed_charge":135.24,"npi":[1023214491,1609044569]}]}]},{"tin":{"type":"ein","value":"261948844"},"service_code":["65"],"billing_class":"institutional","payments":[{"allowed_amount":4.71,"billing_code_modifier":[""],"providers":[{"billed_charge":135.24,"npi":[1023214491,1609044569]}]}]},{"tin":{"type":"ein","value":"261948844"},"service_code":["65"],"billing_class":"institutional","payments":[{"allowed_amount":4.87,"billing_code_modifier":[""],"providers":[{"billed_charge":135.24,"npi":[1023214491,1609044569]}]}]}]},{"name":"OFFICE\/OUTPATIENT ESTABLISHED LOW MDM 20-29 MIN","billing_code_type":"CPT","billing_code_type_version":"2020","billing_code":"99213","description":"OFFICE\/OUTPATIENT ESTABLISHED LOW MDM 20-29 MIN","allowed_amounts":[{"tin":{"type":"ein","value":"452419394"},"service_code":["11"],"billing_class":"professional","payments":[{"allowed_amount":87.53,"billing_code_modifier":[""],"providers":[{"billed_charge":167.00,"npi":[1427035211,1881639797]}]}]},{"tin":{"type":"ein","value":"452716351"},"service_code":["20"],"billing_class":"professional","payments":[{"allowed_amount":87.53,"billing_code_modifier":[""],"providers":[{"billed_charge":200.00,"npi":[1053870576,1629560347]}]}]},{"tin":{"type":"ein","value":"462605366"},"service_code":["02"],"billing_class":"professional","payments":[{"allowed_amount":87.53,"billing_code_modifier":[""],"providers":[{"billed_charge":100.00,"npi":[1437639242,1639518087]}]}]},{"tin":{"type":"ein","value":"720839724"},"service_code":["11"],"billing_class":"professional","payments":[{"allowed_amount":87.53,"billing_code_modifier":[""],"providers":[{"billed_charge":145.00,"npi":[1710944012,1730120809,1851855639,1912203191]}]}]},{"tin":{"type":"ein","value":"720880080"},"service_code":["11"],"billing_class":"professional","payments":[{"allowed_amount":87.53,"billing_code_modifier":[""],"providers":[{"billed_charge":150.00,"npi":[1174732424,1457362899,1902064520]}]}]},{"tin":{"type":"ein","value":"721005645"},"service_code":["11"],"billing_class":"professional","payments":[{"allowed_amount":87.53,"billing_code_modifier":[""],"providers":[{"billed_charge":160.00,"npi":[1053352401,1235592262,1861701161]}]}]},{"tin":{"type":"ein","value":"721466002"},"service_code":["11"],"billing_class":"professional","payments":[{"allowed_amount":87.53,"billing_code_modifier":[""],"providers":[{"billed_charge":145.00,"npi":[1013988799,1932272150]}]}]},{"tin":{"type":"ein","value":"721485730"},"service_code":["02"],"billing_class":"professional","payments":[{"allowed_amount":87.53,"billing_code_modifier":[""],"providers":[{"billed_charge":150.00,"npi":[1083727838,1699792564]}]}]},{"tin":{"type":"ein","value":"721490565"},"service_code":["11"],"billing_class":"professional","payments":[{"allowed_amount":87.53,"billing_code_modifier":[""],"providers":[{"billed_charge":120.00,"npi":[1265499628,1588942064]}]}]},{"tin":{"type":"ein","value":"726012041"},"service_code":["72"],"billing_class":"professional","payments":[{"allowed_amount":87.53,"billing_code_modifier":[""],"providers":[{"billed_charge":90.00,"npi":[1902846603,1952729840]}]}]},{"tin":{"type":"ein","value":"824676679"},"service_code":["02"],"billing_class":"professional","payments":[{"allowed_amount":87.53,"billing_code_modifier":[""],"providers":[{"billed_charge":100.00,"npi":[1659762839,1689224321]}]}]},{"tin":{"type":"ein","value":"830360451"},"service_code":["11"],"billing_class":"professional","payments":[{"allowed_amount":87.53,"billing_code_modifier":[""],"providers":[{"billed_charge":90.00,"npi":[1285958926,1326022252]}]}]}]},{"name":"OFFICE\/OUTPATIENT ESTABLISHED MOD MDM 30-39 MIN","billing_code_type":"CPT","billing_code_type_version":"2020","billing_code":"99214","description":"OFFICE\/OUTPATIENT ESTABLISHED MOD MDM 30-39 MIN","allowed_amounts":[{"tin":{"type":"ein","value":"261242934"},"service_code":["19"],"billing_class":"professional","payments":[{"allowed_amount":123.47,"billing_code_modifier":[""],"providers":[{"billed_charge":342.00,"npi":[1396926069,1760703763]}]}]},{"tin":{"type":"ein","value":"364774713"},"service_code":["22"],"billing_class":"professional","payments":[{"allowed_amount":123.47,"billing_code_modifier":[""],"providers":[{"billed_charge":195.00,"npi":[1013374222,1427536325,1821520115]}]}]},{"tin":{"type":"ein","value":"452419394"},"service_code":["11"],"billing_class":"professional","payments":[{"allowed_amount":123.47,"billing_code_modifier":[""],"providers":[{"billed_charge":245.00,"npi":[1427035211,1881639797]}]}]},{"tin":{"type":"ein","value":"462605366"},"service_code":["02","22"],"billing_class":"professional","payments":[{"allowed_amount":123.47,"billing_code_modifier":[""],"providers":[{"billed_charge":262.00,"npi":[1073919189,1437639242,1447637780,1639518087]}]}]},{"tin":{"type":"ein","value":"463767619"},"service_code":["11"],"billing_class":"professional","payments":[{"allowed_amount":123.47,"billing_code_modifier":[""],"providers":[{"billed_charge":210.00,"npi":[1124403001,1326598434]}]}]},{"tin":{"type":"ein","value":"720839724"},"service_code":["11"],"billing_class":"professional","payments":[{"allowed_amount":123.47,"billing_code_modifier":[""],"providers":[{"billed_charge":210.00,"npi":[1164889382,1710944012,1730120809,1912203191]}]}]},{"tin":{"type":"ein","value":"720993441"},"service_code":["11"],"billing_class":"professional","payments":[{"allowed_amount":123.47,"billing_code_modifier":[""],"providers":[{"billed_charge":175.00,"npi":[1215935986,1609894724,1982689113]}]}]},{"tin":{"type":"ein","value":"721261901"},"service_code":["20"],"billing_class":"professional","payments":[{"allowed_amount":123.47,"billing_code_modifier":[""],"providers":[{"billed_charge":250.22,"npi":[1154845808,1639234495]}]}]},{"tin":{"type":"ein","value":"721485730"},"service_code":["11"],"billing_class":"professional","payments":[{"allowed_amount":123.47,"billing_code_modifier":[""],"providers":[{"billed_charge":175.00,"npi":[1083727838,1699792564]}]}]},{"tin":{"type":"ein","value":"824676679"},"service_code":["11"],"billing_class":"professional","payments":[{"allowed_amount":123.47,"billing_code_modifier":[""],"providers":[{"billed_charge":150.00,"npi":[1659762839,1689224321]}]}]},{"tin":{"type":"ein","value":"830360451"},"service_code":["11"],"billing_class":"professional","payments":[{"allowed_amount":123.47,"billing_code_modifier":[""],"providers":[{"billed_charge":140.00,"npi":[1285958926,1326022252]}]}]},{"tin":{"type":"ein","value":"943421503"},"service_code":["11"],"billing_class":"professional","payments":[{"allowed_amount":123.47,"billing_code_modifier":[""],"providers":[{"billed_charge":260.00,"npi":[1184058109,1184631210,1942206727]}]}]}]}]}
