{"reporting_entity_name": "IEC Group_DBA AmeriBen",
	"reporting_entity_type": "Third Party Administrator",
	"plan_name": "PBG",
	"plan_id_type": "ein",
	"plan_id": "237688845",
	"plan_market_type": "group",
	"last_updated_on": "2024-04-01","Version": "1.0.0","out_of_network":[{"name":"MANUAL THERAPY TQS 1\/> REGIONS EACH 15 MINUTES","billing_code_type":"CPT","billing_code_type_version":"2020","billing_code":"97140","description":"MANUAL THERAPY TQS 1\/> REGIONS EACH 15 MINUTES","allowed_amounts":[{"tin":{"type":"ein","value":"455634811"},"service_code":["11"],"billing_class":"professional","payments":[{"allowed_amount":68.63,"billing_code_modifier":[""],"providers":[{"billed_charge":125.00,"npi":[1174758668,1720359136,1790021830]}]}]},{"tin":{"type":"ein","value":"834599366"},"service_code":["11"],"billing_class":"professional","payments":[{"allowed_amount":68.63,"billing_code_modifier":[""],"providers":[{"billed_charge":100.00,"npi":[1538492004]}]}]}]},{"name":"PSYCHIATRIC\/PSYCHOLOGICAL TRT: INTENSIVE OUT SERV","billing_code_type":"RC","billing_code_type_version":"UB04","billing_code":"0906","description":"PSYCHIATRIC\/PSYCHOLOGICAL TRT: INTENSIVE OUT SERV","allowed_amounts":[{"tin":{"type":"ein","value":"273511307"},"service_code":["22"],"billing_class":"institutional","payments":[{"allowed_amount":300.00,"billing_code_modifier":[""],"providers":[{"billed_charge":1595.00,"npi":[1861431595,1962750505]}]}]}]},{"name":"PSYCHOTHERAPY W\/PATIENT 45 MINUTES","billing_code_type":"CPT","billing_code_type_version":"2020","billing_code":"90834","description":"PSYCHOTHERAPY W\/PATIENT 45 MINUTES","allowed_amounts":[{"tin":{"type":"ein","value":"131739954"},"service_code":["11"],"billing_class":"professional","payments":[{"allowed_amount":160.00,"billing_code_modifier":[""],"providers":[{"billed_charge":160.00,"npi":[1003839366,1023654928]}]}]},{"tin":{"type":"ein","value":"131739954"},"service_code":["11"],"billing_class":"professional","payments":[{"allowed_amount":175.00,"billing_code_modifier":[""],"providers":[{"billed_charge":175.00,"npi":[1003839366,1023654928]}]}]}]},{"name":"THER PX 1\/> AREAS EACH 15 MIN NEUROMUSC REEDUCA","billing_code_type":"CPT","billing_code_type_version":"2020","billing_code":"97112","description":"THER PX 1\/> AREAS EACH 15 MIN NEUROMUSC REEDUCA","allowed_amounts":[{"tin":{"type":"ein","value":"455634811"},"service_code":["11"],"billing_class":"professional","payments":[{"allowed_amount":85.58,"billing_code_modifier":[""],"providers":[{"billed_charge":125.00,"npi":[1174758668,1720359136,1790021830]}]}]},{"tin":{"type":"ein","value":"834599366"},"service_code":["11"],"billing_class":"professional","payments":[{"allowed_amount":85.58,"billing_code_modifier":[""],"providers":[{"billed_charge":100.00,"npi":[1538492004]}]}]}]}]}
