{"reporting_entity_name": "IEC Group_DBA AmeriBen",
	"reporting_entity_type": "Third Party Administrator",
	"plan_name": "DARTMOUTH HEALTH",
	"plan_id_type": "ein",
	"plan_id": "222519596",
	"plan_market_type": "group",
	"last_updated_on": "2026-01-01","Version": "1.0.0","out_of_network":[{"name":"CHIROPRACTIC MANIPULATIVE TX SPINAL 3-4 REGIONS","billing_code_type":"CPT","billing_code_type_version":"2020","billing_code":"98941","description":"CHIROPRACTIC MANIPULATIVE TX SPINAL 3-4 REGIONS","allowed_amounts":[{"tin":{"type":"ein","value":"134316093"},"service_code":["11"],"billing_class":"professional","payments":[{"allowed_amount":32.77,"billing_code_modifier":[""],"providers":[{"billed_charge":55.00,"npi":[1023010501]}]}]},{"tin":{"type":"ein","value":"464177650"},"service_code":["11"],"billing_class":"professional","payments":[{"allowed_amount":32.77,"billing_code_modifier":[""],"providers":[{"billed_charge":85.00,"npi":[1003826595,1710389663]}]}]}]},{"name":"DEEP SEDAT\/GEN ANESTHESIA-EA SUBSQT 15 MIN INCR","billing_code_type":"HCPCS","billing_code_type_version":"HCPCS LEVEL II 2021","billing_code":"D9223","description":"DEEP SEDAT\/GEN ANESTHESIA-EA SUBSQT 15 MIN INCR","allowed_amounts":[{"tin":{"type":"ein","value":"020334854"},"service_code":["11"],"billing_class":"professional","payments":[{"allowed_amount":100.00,"billing_code_modifier":[""],"providers":[{"billed_charge":315.00,"npi":[1073600706,1811033434,1922214469]}]}]},{"tin":{"type":"ein","value":"042572209"},"service_code":["11"],"billing_class":"professional","payments":[{"allowed_amount":100.00,"billing_code_modifier":[""],"providers":[{"billed_charge":288.00,"npi":[1417328162,1548277262,1679602577,1699796318,1710964028,1932242112]},{"billed_charge":302.00,"npi":[1225419328,1417328162,1699796318,1710964028,1790918837]}]},{"allowed_amount":100.00,"billing_code_modifier":[""],"providers":[{"billed_charge":288.00,"npi":[1417328162,1548277262,1679602577,1699796318,1710964028,1932242112]},{"billed_charge":302.00,"npi":[1225419328,1417328162,1699796318,1710964028,1790918837]}]}]},{"tin":{"type":"ein","value":"042572209"},"service_code":["11"],"billing_class":"professional","payments":[{"allowed_amount":100.00,"billing_code_modifier":[""],"providers":[{"billed_charge":288.00,"npi":[1417328162,1548277262,1679602577,1699796318,1710964028,1932242112]},{"billed_charge":302.00,"npi":[1225419328,1417328162,1699796318,1710964028,1790918837]}]},{"allowed_amount":100.00,"billing_code_modifier":[""],"providers":[{"billed_charge":288.00,"npi":[1417328162,1548277262,1679602577,1699796318,1710964028,1932242112]},{"billed_charge":302.00,"npi":[1225419328,1417328162,1699796318,1710964028,1790918837]}]}]},{"tin":{"type":"ein","value":"203948453"},"service_code":["11"],"billing_class":"professional","payments":[{"allowed_amount":100.00,"billing_code_modifier":[""],"providers":[{"billed_charge":300.00,"npi":[1023452240]}]}]},{"tin":{"type":"ein","value":"833370836"},"service_code":["11"],"billing_class":"professional","payments":[{"allowed_amount":100.00,"billing_code_modifier":[""],"providers":[{"billed_charge":212.50,"npi":[1740887876]},{"billed_charge":275.00,"npi":[1740887876]}]},{"allowed_amount":100.00,"billing_code_modifier":[""],"providers":[{"billed_charge":212.50,"npi":[1740887876]},{"billed_charge":275.00,"npi":[1740887876]}]}]},{"tin":{"type":"ein","value":"833370836"},"service_code":["11"],"billing_class":"professional","payments":[{"allowed_amount":100.00,"billing_code_modifier":[""],"providers":[{"billed_charge":212.50,"npi":[1740887876]},{"billed_charge":275.00,"npi":[1740887876]}]},{"allowed_amount":100.00,"billing_code_modifier":[""],"providers":[{"billed_charge":212.50,"npi":[1740887876]},{"billed_charge":275.00,"npi":[1740887876]}]}]}]},{"name":"DEEP SEDATION\/GENERAL ANESTHESIA-1ST 15 MINUTES","billing_code_type":"HCPCS","billing_code_type_version":"HCPCS LEVEL II 2021","billing_code":"D9222","description":"DEEP SEDATION\/GENERAL ANESTHESIA-1ST 15 MINUTES","allowed_amounts":[{"tin":{"type":"ein","value":"020334854"},"service_code":["11"],"billing_class":"professional","payments":[{"allowed_amount":100.00,"billing_code_modifier":[""],"providers":[{"billed_charge":450.00,"npi":[1073600706,1811033434,1922214469]}]}]},{"tin":{"type":"ein","value":"042572209"},"service_code":["11"],"billing_class":"professional","payments":[{"allowed_amount":100.00,"billing_code_modifier":[""],"providers":[{"billed_charge":288.00,"npi":[1417328162,1548277262,1679602577,1710964028]},{"billed_charge":302.00,"npi":[1225419328,1417328162,1699796318,1710964028,1790918837]}]},{"allowed_amount":100.00,"billing_code_modifier":[""],"providers":[{"billed_charge":288.00,"npi":[1417328162,1548277262,1679602577,1710964028]},{"billed_charge":302.00,"npi":[1225419328,1417328162,1699796318,1710964028,1790918837]}]}]},{"tin":{"type":"ein","value":"042572209"},"service_code":["11"],"billing_class":"professional","payments":[{"allowed_amount":100.00,"billing_code_modifier":[""],"providers":[{"billed_charge":288.00,"npi":[1417328162,1548277262,1679602577,1710964028]},{"billed_charge":302.00,"npi":[1225419328,1417328162,1699796318,1710964028,1790918837]}]},{"allowed_amount":100.00,"billing_code_modifier":[""],"providers":[{"billed_charge":288.00,"npi":[1417328162,1548277262,1679602577,1710964028]},{"billed_charge":302.00,"npi":[1225419328,1417328162,1699796318,1710964028,1790918837]}]}]},{"tin":{"type":"ein","value":"203948453"},"service_code":["11"],"billing_class":"professional","payments":[{"allowed_amount":100.00,"billing_code_modifier":[""],"providers":[{"billed_charge":350.00,"npi":[1023452240]}]}]},{"tin":{"type":"ein","value":"833370836"},"service_code":["11"],"billing_class":"professional","payments":[{"allowed_amount":100.00,"billing_code_modifier":[""],"providers":[{"billed_charge":275.00,"npi":[1740887876]}]}]}]},{"name":"EXTRACTION ERU TOOTH RQR REMV BONE &\/SECTN TOOTH","billing_code_type":"HCPCS","billing_code_type_version":"HCPCS LEVEL II 2021","billing_code":"D7210","description":"EXTRACTION ERU TOOTH RQR REMV BONE &\/SECTN TOOTH","allowed_amounts":[{"tin":{"type":"ein","value":"020334854"},"service_code":["11"],"billing_class":"professional","payments":[{"allowed_amount":111.04,"billing_code_modifier":[""],"providers":[{"billed_charge":657.00,"npi":[1073600706,1154609535,1245442276,1265010847,1568949253,1922214469]}]}]},{"tin":{"type":"ein","value":"042572209"},"service_code":["11"],"billing_class":"professional","payments":[{"allowed_amount":111.04,"billing_code_modifier":[""],"providers":[{"billed_charge":412.00,"npi":[1225419328,1417328162,1699796318]}]}]}]},{"name":"LABORATORY - CLINICAL DIAGNOSTIC","billing_code_type":"RC","billing_code_type_version":"UB04","billing_code":"0300","description":"LABORATORY - CLINICAL DIAGNOSTIC","allowed_amounts":[{"tin":{"type":"ein","value":"832273950"},"service_code":["22"],"billing_class":"institutional","payments":[{"allowed_amount":40.43,"billing_code_modifier":[""],"providers":[{"billed_charge":1200.00,"npi":[1184190738,1962416982]}]}]}]},{"name":"OFFICE\/OUTPATIENT NEW LOW MDM 30 MINUTES","billing_code_type":"CPT","billing_code_type_version":"2020","billing_code":"99203","description":"OFFICE\/OUTPATIENT NEW LOW MDM 30 MINUTES","allowed_amounts":[{"tin":{"type":"ein","value":"020334854"},"service_code":["11"],"billing_class":"professional","payments":[{"allowed_amount":140.31,"billing_code_modifier":[""],"providers":[{"billed_charge":192.00,"npi":[1073600706,1083685374,1093725194,1114235785,1376117606,1407926934,1477679280,1619710365,1811021819,1922214469]},{"billed_charge":262.00,"npi":[1073600706,1083685374]}]},{"allowed_amount":140.31,"billing_code_modifier":[""],"providers":[{"billed_charge":192.00,"npi":[1073600706,1083685374,1093725194,1114235785,1376117606,1407926934,1477679280,1619710365,1811021819,1922214469]},{"billed_charge":262.00,"npi":[1073600706,1083685374]}]}]},{"tin":{"type":"ein","value":"020334854"},"service_code":["11"],"billing_class":"professional","payments":[{"allowed_amount":140.31,"billing_code_modifier":[""],"providers":[{"billed_charge":192.00,"npi":[1073600706,1083685374,1093725194,1114235785,1376117606,1407926934,1477679280,1619710365,1811021819,1922214469]},{"billed_charge":262.00,"npi":[1073600706,1083685374]}]},{"allowed_amount":140.31,"billing_code_modifier":[""],"providers":[{"billed_charge":192.00,"npi":[1073600706,1083685374,1093725194,1114235785,1376117606,1407926934,1477679280,1619710365,1811021819,1922214469]},{"billed_charge":262.00,"npi":[1073600706,1083685374]}]}]}]},{"name":"PSYCHIATRIC\/PSYCHOLOGICAL SVCS: PARTIAL HOSP - INT","billing_code_type":"RC","billing_code_type_version":"UB04","billing_code":"0913","description":"PSYCHIATRIC\/PSYCHOLOGICAL SVCS: PARTIAL HOSP - INT","allowed_amounts":[{"tin":{"type":"ein","value":"832273950"},"service_code":["22"],"billing_class":"institutional","payments":[{"allowed_amount":469.32,"billing_code_modifier":[""],"providers":[{"billed_charge":3000.00,"npi":[1184190738,1962416982]}]}]}]},{"name":"PSYCHIATRIC\/PSYCHOLOGICAL SVCS: PARTIAL HOSP - LES","billing_code_type":"RC","billing_code_type_version":"UB04","billing_code":"0912","description":"PSYCHIATRIC\/PSYCHOLOGICAL SVCS: PARTIAL HOSP - LES","allowed_amounts":[{"tin":{"type":"ein","value":"202072437"},"service_code":["52","99"],"billing_class":"institutional","payments":[{"allowed_amount":179.94,"billing_code_modifier":[""],"providers":[{"billed_charge":1300.00,"npi":[1518099126,1730220971]}]}]}]},{"name":"PSYCHIATRIC\/PSYCHOLOGICAL TRT: INTENSIVE OUT SERV","billing_code_type":"RC","billing_code_type_version":"UB04","billing_code":"0906","description":"PSYCHIATRIC\/PSYCHOLOGICAL TRT: INTENSIVE OUT SERV","allowed_amounts":[{"tin":{"type":"ein","value":"832273950"},"service_code":["22"],"billing_class":"institutional","payments":[{"allowed_amount":215.86,"billing_code_modifier":[""],"providers":[{"billed_charge":2100.00,"npi":[1184190738,1962416982]}]}]},{"tin":{"type":"ein","value":"921659445"},"service_code":["22"],"billing_class":"institutional","payments":[{"allowed_amount":244.46,"billing_code_modifier":[""],"providers":[{"billed_charge":2950.00,"npi":[1285405753]}]}]}]},{"name":"REM INTERROG SCRMS <30 D PHYS\/QHP","billing_code_type":"CPT","billing_code_type_version":"2020","billing_code":"93298","description":"REM INTERROG SCRMS <30 D PHYS\/QHP","allowed_amounts":[{"tin":{"type":"ein","value":"330604557"},"service_code":["11"],"billing_class":"professional","payments":[{"allowed_amount":0.00,"billing_code_modifier":[""],"providers":[{"billed_charge":1000.00,"npi":[1144546771,1689263147]}]}]}]},{"name":"REMOVAL OF IMPACTED TOOTH - COMPLETELY BONY","billing_code_type":"HCPCS","billing_code_type_version":"HCPCS LEVEL II 2021","billing_code":"D7240","description":"REMOVAL OF IMPACTED TOOTH - COMPLETELY BONY","allowed_amounts":[{"tin":{"type":"ein","value":"020334854"},"service_code":["11"],"billing_class":"professional","payments":[{"allowed_amount":216.27,"billing_code_modifier":[""],"providers":[{"billed_charge":892.00,"npi":[1073600706,1265010847,1811033434,1922214469]}]}]},{"tin":{"type":"ein","value":"042572209"},"service_code":["11"],"billing_class":"professional","payments":[{"allowed_amount":216.27,"billing_code_modifier":[""],"providers":[{"billed_charge":840.00,"npi":[1013587278,1417328162,1548277262,1679602577,1699796318,1710964028]},{"billed_charge":882.00,"npi":[1417328162,1710964028,1790918837]}]},{"allowed_amount":216.27,"billing_code_modifier":[""],"providers":[{"billed_charge":840.00,"npi":[1013587278,1417328162,1548277262,1679602577,1699796318,1710964028]},{"billed_charge":882.00,"npi":[1417328162,1710964028,1790918837]}]}]},{"tin":{"type":"ein","value":"042572209"},"service_code":["11"],"billing_class":"professional","payments":[{"allowed_amount":216.27,"billing_code_modifier":[""],"providers":[{"billed_charge":840.00,"npi":[1013587278,1417328162,1548277262,1679602577,1699796318,1710964028]},{"billed_charge":882.00,"npi":[1417328162,1710964028,1790918837]}]},{"allowed_amount":216.27,"billing_code_modifier":[""],"providers":[{"billed_charge":840.00,"npi":[1013587278,1417328162,1548277262,1679602577,1699796318,1710964028]},{"billed_charge":882.00,"npi":[1417328162,1710964028,1790918837]}]}]},{"tin":{"type":"ein","value":"203948453"},"service_code":["11"],"billing_class":"professional","payments":[{"allowed_amount":216.27,"billing_code_modifier":[""],"providers":[{"billed_charge":750.00,"npi":[1023452240]}]}]}]},{"name":"REMOVAL OF IMPACTED TOOTH - PARTIALLY BONY","billing_code_type":"HCPCS","billing_code_type_version":"HCPCS LEVEL II 2021","billing_code":"D7230","description":"REMOVAL OF IMPACTED TOOTH - PARTIALLY BONY","allowed_amounts":[{"tin":{"type":"ein","value":"020334854"},"service_code":["11"],"billing_class":"professional","payments":[{"allowed_amount":184.82,"billing_code_modifier":[""],"providers":[{"billed_charge":780.00,"npi":[1073600706,1083685374,1265010847,1922214469]}]}]},{"tin":{"type":"ein","value":"042572209"},"service_code":["11"],"billing_class":"professional","payments":[{"allowed_amount":184.82,"billing_code_modifier":[""],"providers":[{"billed_charge":682.00,"npi":[1417328162,1679602577,1710964028]},{"billed_charge":716.00,"npi":[1417328162,1710964028,1790918837]}]},{"allowed_amount":184.82,"billing_code_modifier":[""],"providers":[{"billed_charge":682.00,"npi":[1417328162,1679602577,1710964028]},{"billed_charge":716.00,"npi":[1417328162,1710964028,1790918837]}]}]},{"tin":{"type":"ein","value":"042572209"},"service_code":["11"],"billing_class":"professional","payments":[{"allowed_amount":184.82,"billing_code_modifier":[""],"providers":[{"billed_charge":682.00,"npi":[1417328162,1679602577,1710964028]},{"billed_charge":716.00,"npi":[1417328162,1710964028,1790918837]}]},{"allowed_amount":184.82,"billing_code_modifier":[""],"providers":[{"billed_charge":682.00,"npi":[1417328162,1679602577,1710964028]},{"billed_charge":716.00,"npi":[1417328162,1710964028,1790918837]}]}]}]},{"name":"RESIDENTIAL TREATMENT-PSYCHIATRIC","billing_code_type":"RC","billing_code_type_version":"UB04","billing_code":"1001","description":"RESIDENTIAL TREATMENT-PSYCHIATRIC","allowed_amounts":[{"tin":{"type":"ein","value":"850942534"},"service_code":["21"],"billing_class":"institutional","payments":[{"allowed_amount":1777.18,"billing_code_modifier":[""],"providers":[{"billed_charge":5125.00,"npi":[1770159105,1962813295]}]}]}]},{"name":"TX PARENTERAL DRUGS 2\/> ADMINISTRATIONS DIFF MED","billing_code_type":"HCPCS","billing_code_type_version":"HCPCS LEVEL II 2021","billing_code":"D9612","description":"TX PARENTERAL DRUGS 2\/> ADMINISTRATIONS DIFF MED","allowed_amounts":[{"tin":{"type":"ein","value":"042572209"},"service_code":["11"],"billing_class":"professional","payments":[{"allowed_amount":51.00,"billing_code_modifier":[""],"providers":[{"billed_charge":124.00,"npi":[1013587278,1417328162,1548277262,1679602577,1699796318,1710964028]},{"billed_charge":130.00,"npi":[1225419328,1417328162,1699796318,1710964028,1790918837]}]},{"allowed_amount":51.00,"billing_code_modifier":[""],"providers":[{"billed_charge":124.00,"npi":[1013587278,1417328162,1548277262,1679602577,1699796318,1710964028]},{"billed_charge":130.00,"npi":[1225419328,1417328162,1699796318,1710964028,1790918837]}]}]},{"tin":{"type":"ein","value":"042572209"},"service_code":["11"],"billing_class":"professional","payments":[{"allowed_amount":51.00,"billing_code_modifier":[""],"providers":[{"billed_charge":124.00,"npi":[1013587278,1417328162,1548277262,1679602577,1699796318,1710964028]},{"billed_charge":130.00,"npi":[1225419328,1417328162,1699796318,1710964028,1790918837]}]},{"allowed_amount":51.00,"billing_code_modifier":[""],"providers":[{"billed_charge":124.00,"npi":[1013587278,1417328162,1548277262,1679602577,1699796318,1710964028]},{"billed_charge":130.00,"npi":[1225419328,1417328162,1699796318,1710964028,1790918837]}]}]}]}]}
