{"reporting_entity_name": "IEC Group_DBA AmeriBen",
	"reporting_entity_type": "Third Party Administrator",
	"plan_name": "UVA HEALTH",
	"plan_id_type": "ein",
	"plan_id": "810868533",
	"plan_market_type": "group",
	"last_updated_on": "2024-11-01","Version": "1.0.0","out_of_network":[{"name":"RESIDENTIAL TREATMENT-CHEMICAL DEPENDENCY","billing_code_type":"RC","billing_code_type_version":"UB04","billing_code":"1002","description":"RESIDENTIAL TREATMENT-CHEMICAL DEPENDENCY","allowed_amounts":[{"tin":{"type":"ein","value":"824753270"},"service_code":["21"],"billing_class":"institutional","payments":[{"allowed_amount":1500.00,"billing_code_modifier":[""],"providers":[{"billed_charge":3995.00,"npi":[1518671486,1790045102]}]}]}]}]}
