{"reporting_entity_name": "IEC Group_DBA AmeriBen",
	"reporting_entity_type": "Third Party Administrator",
	"plan_name": "CONCORD HOSPITAL",
	"plan_id_type": "ein",
	"plan_id": "222594672",
	"plan_market_type": "group",
	"last_updated_on": "2023-11-01","Version": "1.0.0","out_of_network":[{"name":"HHCP-SVS OF AIDE,EA 15 MIN","billing_code_type":"HCPCS","billing_code_type_version":"HCPCS LEVEL II 2021","billing_code":"G0156","description":"HHCP-SVS OF AIDE,EA 15 MIN","allowed_amounts":[{"tin":{"type":"ein","value":"043256116"},"service_code":["12"],"billing_class":"professional","payments":[{"allowed_amount":0.00,"billing_code_modifier":[""],"providers":[{"billed_charge":488.00,"npi":[1790913028,1972640407]},{"billed_charge":878.40,"npi":[1790913028,1972640407]},{"billed_charge":976.00,"npi":[1790913028,1972640407]},{"billed_charge":1268.80,"npi":[1790913028,1972640407]}]},{"allowed_amount":0.00,"billing_code_modifier":[""],"providers":[{"billed_charge":488.00,"npi":[1790913028,1972640407]},{"billed_charge":878.40,"npi":[1790913028,1972640407]},{"billed_charge":976.00,"npi":[1790913028,1972640407]},{"billed_charge":1268.80,"npi":[1790913028,1972640407]}]},{"allowed_amount":0.00,"billing_code_modifier":[""],"providers":[{"billed_charge":488.00,"npi":[1790913028,1972640407]},{"billed_charge":878.40,"npi":[1790913028,1972640407]},{"billed_charge":976.00,"npi":[1790913028,1972640407]},{"billed_charge":1268.80,"npi":[1790913028,1972640407]}]},{"allowed_amount":0.00,"billing_code_modifier":[""],"providers":[{"billed_charge":488.00,"npi":[1790913028,1972640407]},{"billed_charge":878.40,"npi":[1790913028,1972640407]},{"billed_charge":976.00,"npi":[1790913028,1972640407]},{"billed_charge":1268.80,"npi":[1790913028,1972640407]}]}]},{"tin":{"type":"ein","value":"043256116"},"service_code":["12"],"billing_class":"professional","payments":[{"allowed_amount":0.00,"billing_code_modifier":[""],"providers":[{"billed_charge":488.00,"npi":[1790913028,1972640407]},{"billed_charge":878.40,"npi":[1790913028,1972640407]},{"billed_charge":976.00,"npi":[1790913028,1972640407]},{"billed_charge":1268.80,"npi":[1790913028,1972640407]}]},{"allowed_amount":0.00,"billing_code_modifier":[""],"providers":[{"billed_charge":488.00,"npi":[1790913028,1972640407]},{"billed_charge":878.40,"npi":[1790913028,1972640407]},{"billed_charge":976.00,"npi":[1790913028,1972640407]},{"billed_charge":1268.80,"npi":[1790913028,1972640407]}]},{"allowed_amount":0.00,"billing_code_modifier":[""],"providers":[{"billed_charge":488.00,"npi":[1790913028,1972640407]},{"billed_charge":878.40,"npi":[1790913028,1972640407]},{"billed_charge":976.00,"npi":[1790913028,1972640407]},{"billed_charge":1268.80,"npi":[1790913028,1972640407]}]},{"allowed_amount":0.00,"billing_code_modifier":[""],"providers":[{"billed_charge":488.00,"npi":[1790913028,1972640407]},{"billed_charge":878.40,"npi":[1790913028,1972640407]},{"billed_charge":976.00,"npi":[1790913028,1972640407]},{"billed_charge":1268.80,"npi":[1790913028,1972640407]}]}]},{"tin":{"type":"ein","value":"043256116"},"service_code":["12"],"billing_class":"professional","payments":[{"allowed_amount":0.00,"billing_code_modifier":[""],"providers":[{"billed_charge":488.00,"npi":[1790913028,1972640407]},{"billed_charge":878.40,"npi":[1790913028,1972640407]},{"billed_charge":976.00,"npi":[1790913028,1972640407]},{"billed_charge":1268.80,"npi":[1790913028,1972640407]}]},{"allowed_amount":0.00,"billing_code_modifier":[""],"providers":[{"billed_charge":488.00,"npi":[1790913028,1972640407]},{"billed_charge":878.40,"npi":[1790913028,1972640407]},{"billed_charge":976.00,"npi":[1790913028,1972640407]},{"billed_charge":1268.80,"npi":[1790913028,1972640407]}]},{"allowed_amount":0.00,"billing_code_modifier":[""],"providers":[{"billed_charge":488.00,"npi":[1790913028,1972640407]},{"billed_charge":878.40,"npi":[1790913028,1972640407]},{"billed_charge":976.00,"npi":[1790913028,1972640407]},{"billed_charge":1268.80,"npi":[1790913028,1972640407]}]},{"allowed_amount":0.00,"billing_code_modifier":[""],"providers":[{"billed_charge":488.00,"npi":[1790913028,1972640407]},{"billed_charge":878.40,"npi":[1790913028,1972640407]},{"billed_charge":976.00,"npi":[1790913028,1972640407]},{"billed_charge":1268.80,"npi":[1790913028,1972640407]}]}]},{"tin":{"type":"ein","value":"043256116"},"service_code":["12"],"billing_class":"professional","payments":[{"allowed_amount":0.00,"billing_code_modifier":[""],"providers":[{"billed_charge":488.00,"npi":[1790913028,1972640407]},{"billed_charge":878.40,"npi":[1790913028,1972640407]},{"billed_charge":976.00,"npi":[1790913028,1972640407]},{"billed_charge":1268.80,"npi":[1790913028,1972640407]}]},{"allowed_amount":0.00,"billing_code_modifier":[""],"providers":[{"billed_charge":488.00,"npi":[1790913028,1972640407]},{"billed_charge":878.40,"npi":[1790913028,1972640407]},{"billed_charge":976.00,"npi":[1790913028,1972640407]},{"billed_charge":1268.80,"npi":[1790913028,1972640407]}]},{"allowed_amount":0.00,"billing_code_modifier":[""],"providers":[{"billed_charge":488.00,"npi":[1790913028,1972640407]},{"billed_charge":878.40,"npi":[1790913028,1972640407]},{"billed_charge":976.00,"npi":[1790913028,1972640407]},{"billed_charge":1268.80,"npi":[1790913028,1972640407]}]},{"allowed_amount":0.00,"billing_code_modifier":[""],"providers":[{"billed_charge":488.00,"npi":[1790913028,1972640407]},{"billed_charge":878.40,"npi":[1790913028,1972640407]},{"billed_charge":976.00,"npi":[1790913028,1972640407]},{"billed_charge":1268.80,"npi":[1790913028,1972640407]}]}]}]}]}
