{"reporting_entity_name": "IEC Group_DBA AmeriBen",
	"reporting_entity_type": "Third Party Administrator",
	"plan_name": "ROBINSON HELICOPTER COMPANY",
	"plan_id_type": "ein",
	"plan_id": "952834107",
	"plan_market_type": "group",
	"last_updated_on": "2025-12-01","Version": "1.0.0","out_of_network":[{"name":"CRITICAL CARE ILL\/INJURED PATIENT INIT 30-74 MIN","billing_code_type":"CPT","billing_code_type_version":"2020","billing_code":"99291","description":"CRITICAL CARE ILL\/INJURED PATIENT INIT 30-74 MIN","allowed_amounts":[{"tin":{"type":"ein","value":"862767498"},"service_code":["23"],"billing_class":"professional","payments":[{"allowed_amount":400.12,"billing_code_modifier":[""],"providers":[{"billed_charge":1375.00,"npi":[1275720377,1366021834,1487186425]}]}]},{"tin":{"type":"ein","value":"954481360"},"service_code":["23"],"billing_class":"professional","payments":[{"allowed_amount":400.12,"billing_code_modifier":[""],"providers":[{"billed_charge":1197.00,"npi":[1518917913,1821355850,1902844988,1982231270]}]}]},{"tin":{"type":"ein","value":"954534163"},"service_code":["23"],"billing_class":"professional","payments":[{"allowed_amount":400.12,"billing_code_modifier":[""],"providers":[{"billed_charge":1158.00,"npi":[1043773930,1184048712,1194773424,1265798433,1467459776,1467815936]}]}]}]},{"name":"EMERGENCY DEPARTMENT VISIT HIGH MDM","billing_code_type":"CPT","billing_code_type_version":"2020","billing_code":"99285","description":"EMERGENCY DEPARTMENT VISIT HIGH MDM","allowed_amounts":[{"tin":{"type":"ein","value":"465768230"},"service_code":["23"],"billing_class":"professional","payments":[{"allowed_amount":250.97,"billing_code_modifier":[""],"providers":[{"billed_charge":1609.33,"npi":[1194016923,1629305479,1912308446]}]}]},{"tin":{"type":"ein","value":"850806620"},"service_code":["23"],"billing_class":"professional","payments":[{"allowed_amount":250.97,"billing_code_modifier":[""],"providers":[{"billed_charge":915.00,"npi":[1316989791,1518588433,1578849527,1932518974]}]}]},{"tin":{"type":"ein","value":"953192932"},"service_code":["23"],"billing_class":"professional","payments":[{"allowed_amount":250.97,"billing_code_modifier":[""],"providers":[{"billed_charge":1110.00,"npi":[1043215379,1114422938,1265433551,1871535286,1922269950]}]}]},{"tin":{"type":"ein","value":"954481360"},"service_code":["23"],"billing_class":"professional","payments":[{"allowed_amount":250.97,"billing_code_modifier":[""],"providers":[{"billed_charge":853.00,"npi":[1093986788,1386906311,1477116051,1518917913,1902844988]}]}]},{"tin":{"type":"ein","value":"954534163"},"service_code":["23"],"billing_class":"professional","payments":[{"allowed_amount":250.97,"billing_code_modifier":[""],"providers":[{"billed_charge":746.00,"npi":[1043773930,1114956299,1124123054,1184048712,1184974842,1225148042,1235363193,1467459776,1588612477,1649663394,1801183173]}]}]}]},{"name":"EMERGENCY DEPARTMENT VISIT MODERATE MDM","billing_code_type":"CPT","billing_code_type_version":"2020","billing_code":"99284","description":"EMERGENCY DEPARTMENT VISIT MODERATE MDM","allowed_amounts":[{"tin":{"type":"ein","value":"454130305"},"service_code":["23"],"billing_class":"professional","payments":[{"allowed_amount":180.99,"billing_code_modifier":[""],"providers":[{"billed_charge":1009.64,"npi":[1275199374,1336328244,1528333101]}]}]},{"tin":{"type":"ein","value":"850806620"},"service_code":["23"],"billing_class":"professional","payments":[{"allowed_amount":180.99,"billing_code_modifier":[""],"providers":[{"billed_charge":815.00,"npi":[1316989791,1518588433,1689089195]}]}]},{"tin":{"type":"ein","value":"951750445"},"service_code":["23"],"billing_class":"professional","payments":[{"allowed_amount":180.99,"billing_code_modifier":[""],"providers":[{"billed_charge":682.00,"npi":[1295963254,1336294040,1598797011,1780779041]}]}]},{"tin":{"type":"ein","value":"953056292"},"service_code":["23"],"billing_class":"professional","payments":[{"allowed_amount":180.99,"billing_code_modifier":[""],"providers":[{"billed_charge":992.00,"npi":[1740214733,1811080526,1912948720]}]}]},{"tin":{"type":"ein","value":"954534163"},"service_code":["23"],"billing_class":"professional","payments":[{"allowed_amount":180.99,"billing_code_modifier":[""],"providers":[{"billed_charge":515.00,"npi":[1013334168,1114956299,1184048712,1215961628,1235363193,1467459776,1598127284,1649663394]}]}]}]}]}
