{"reporting_entity_name": "IEC Group_DBA AmeriBen",
	"reporting_entity_type": "Third Party Administrator",
	"plan_name": "DARTMOUTH HEALTH",
	"plan_id_type": "ein",
	"plan_id": "222519596",
	"plan_market_type": "group",
	"last_updated_on": "2025-04-01","Version": "1.0.0","out_of_network":[{"name":"AMB SRVC ALS EMERG TRANSPORT LEVL 1","billing_code_type":"HCPCS","billing_code_type_version":"HCPCS LEVEL II 2021","billing_code":"A0427","description":"AMB SRVC ALS EMERG TRANSPORT LEVL 1","allowed_amounts":[{"tin":{"type":"ein","value":"020312941"},"service_code":["41"],"billing_class":"professional","payments":[{"allowed_amount":480.25,"billing_code_modifier":[""],"providers":[{"billed_charge":2419.00,"npi":[1225029267]}]}]},{"tin":{"type":"ein","value":"020458498"},"service_code":["41"],"billing_class":"professional","payments":[{"allowed_amount":480.25,"billing_code_modifier":[""],"providers":[{"billed_charge":904.00,"npi":[1790775187]}]}]},{"tin":{"type":"ein","value":"026000038"},"service_code":["41"],"billing_class":"professional","payments":[{"allowed_amount":480.25,"billing_code_modifier":[""],"providers":[{"billed_charge":1223.08,"npi":[1346242450]}]}]},{"tin":{"type":"ein","value":"026000112"},"service_code":["41"],"billing_class":"professional","payments":[{"allowed_amount":480.25,"billing_code_modifier":[""],"providers":[{"billed_charge":1105.00,"npi":[1942767017]}]}]},{"tin":{"type":"ein","value":"026000141"},"service_code":["41"],"billing_class":"professional","payments":[{"allowed_amount":480.25,"billing_code_modifier":[""],"providers":[{"billed_charge":2000.00,"npi":[1417614827]}]}]},{"tin":{"type":"ein","value":"026000177"},"service_code":["41"],"billing_class":"professional","payments":[{"allowed_amount":480.25,"billing_code_modifier":[""],"providers":[{"billed_charge":1600.00,"npi":[1740298660]}]}]},{"tin":{"type":"ein","value":"026000371"},"service_code":["41"],"billing_class":"professional","payments":[{"allowed_amount":480.25,"billing_code_modifier":[""],"providers":[{"billed_charge":990.00,"npi":[1497852487]}]}]},{"tin":{"type":"ein","value":"026000407"},"service_code":["41"],"billing_class":"professional","payments":[{"allowed_amount":480.25,"billing_code_modifier":[""],"providers":[{"billed_charge":1200.00,"npi":[1952383499]}]}]},{"tin":{"type":"ein","value":"026000441"},"service_code":["41"],"billing_class":"professional","payments":[{"allowed_amount":480.25,"billing_code_modifier":[""],"providers":[{"billed_charge":1879.92,"npi":[1861475949]}]}]},{"tin":{"type":"ein","value":"026000473"},"service_code":["41"],"billing_class":"professional","payments":[{"allowed_amount":480.25,"billing_code_modifier":[""],"providers":[{"billed_charge":1146.20,"npi":[1174681712]},{"billed_charge":1230.84,"npi":[1174681712]}]},{"allowed_amount":480.25,"billing_code_modifier":[""],"providers":[{"billed_charge":1146.20,"npi":[1174681712]},{"billed_charge":1230.84,"npi":[1174681712]}]}]},{"tin":{"type":"ein","value":"026000473"},"service_code":["41"],"billing_class":"professional","payments":[{"allowed_amount":480.25,"billing_code_modifier":[""],"providers":[{"billed_charge":1146.20,"npi":[1174681712]},{"billed_charge":1230.84,"npi":[1174681712]}]},{"allowed_amount":480.25,"billing_code_modifier":[""],"providers":[{"billed_charge":1146.20,"npi":[1174681712]},{"billed_charge":1230.84,"npi":[1174681712]}]}]},{"tin":{"type":"ein","value":"026000647"},"service_code":["41"],"billing_class":"professional","payments":[{"allowed_amount":480.25,"billing_code_modifier":[""],"providers":[{"billed_charge":1200.00,"npi":[1215930680]}]}]},{"tin":{"type":"ein","value":"026002175"},"service_code":["41"],"billing_class":"professional","payments":[{"allowed_amount":480.25,"billing_code_modifier":[""],"providers":[{"billed_charge":1365.00,"npi":[1457476509]}]}]},{"tin":{"type":"ein","value":"992089164"},"service_code":["41"],"billing_class":"professional","payments":[{"allowed_amount":480.25,"billing_code_modifier":[""],"providers":[{"billed_charge":2500.00,"npi":[1922854801]}]}]}]},{"name":"DEEP SEDATION\/GENERAL ANESTHESIA-1ST 15 MINUTES","billing_code_type":"HCPCS","billing_code_type_version":"HCPCS LEVEL II 2021","billing_code":"D9222","description":"DEEP SEDATION\/GENERAL ANESTHESIA-1ST 15 MINUTES","allowed_amounts":[{"tin":{"type":"ein","value":"020334854"},"service_code":["11"],"billing_class":"professional","payments":[{"allowed_amount":100.00,"billing_code_modifier":[""],"providers":[{"billed_charge":437.00,"npi":[1073600706,1083685374,1114235785,1134807308,1568949253,1598756629,1811021819,1922214469]}]}]},{"tin":{"type":"ein","value":"042572209"},"service_code":["11"],"billing_class":"professional","payments":[{"allowed_amount":100.00,"billing_code_modifier":[""],"providers":[{"billed_charge":288.00,"npi":[1346580974,1477618635]}]}]},{"tin":{"type":"ein","value":"203948453"},"service_code":["11"],"billing_class":"professional","payments":[{"allowed_amount":100.00,"billing_code_modifier":[""],"providers":[{"billed_charge":350.00,"npi":[1023452240]}]}]}]},{"name":"EMERGENCY DEPARTMENT VISIT HIGH MDM","billing_code_type":"CPT","billing_code_type_version":"2020","billing_code":"99285","description":"EMERGENCY DEPARTMENT VISIT HIGH MDM","allowed_amounts":[{"tin":{"type":"ein","value":"463717586"},"service_code":["23"],"billing_class":"professional","payments":[{"allowed_amount":235.66,"billing_code_modifier":[""],"providers":[{"billed_charge":965.00,"npi":[1043640204,1093153793,1346209582,1346451200,1649617440,1770663312,1780203893]}]}]}]},{"name":"PSYCHIATRIC\/PSYCHOLOGICAL SVCS: PARTIAL HOSP - LES","billing_code_type":"RC","billing_code_type_version":"UB04","billing_code":"0912","description":"PSYCHIATRIC\/PSYCHOLOGICAL SVCS: PARTIAL HOSP - LES","allowed_amounts":[{"tin":{"type":"ein","value":"592500657"},"service_code":["22"],"billing_class":"institutional","payments":[{"allowed_amount":178.13,"billing_code_modifier":[""],"providers":[{"billed_charge":862.15,"npi":[1356503015]}]}]}]},{"name":"REMOVAL OF IMPACTED TOOTH - COMPLETELY BONY","billing_code_type":"HCPCS","billing_code_type_version":"HCPCS LEVEL II 2021","billing_code":"D7240","description":"REMOVAL OF IMPACTED TOOTH - COMPLETELY BONY","allowed_amounts":[{"tin":{"type":"ein","value":"020334854"},"service_code":["11"],"billing_class":"professional","payments":[{"allowed_amount":216.27,"billing_code_modifier":[""],"providers":[{"billed_charge":866.00,"npi":[1063772523,1073600706,1083685374,1114235785,1134807308,1386663334,1568949253,1598756629,1811021819,1922214469]}]}]},{"tin":{"type":"ein","value":"042572209"},"service_code":["11"],"billing_class":"professional","payments":[{"allowed_amount":216.27,"billing_code_modifier":[""],"providers":[{"billed_charge":840.00,"npi":[1346580974,1790918837]}]}]},{"tin":{"type":"ein","value":"203948453"},"service_code":["11"],"billing_class":"professional","payments":[{"allowed_amount":216.27,"billing_code_modifier":[""],"providers":[{"billed_charge":750.00,"npi":[1023452240,1992728133]}]}]}]},{"name":"REMOVAL OF IMPACTED TOOTH - SOFT TISSUE","billing_code_type":"HCPCS","billing_code_type_version":"HCPCS LEVEL II 2021","billing_code":"D7220","description":"REMOVAL OF IMPACTED TOOTH - SOFT TISSUE","allowed_amounts":[{"tin":{"type":"ein","value":"020334854"},"service_code":["11"],"billing_class":"professional","payments":[{"allowed_amount":138.62,"billing_code_modifier":[""],"providers":[{"billed_charge":682.00,"npi":[1073600706,1083685374,1598756629,1649359746,1922214469]}]}]}]},{"name":"RESIDENTIAL TREATMENT-CHEMICAL DEPENDENCY","billing_code_type":"RC","billing_code_type_version":"UB04","billing_code":"1002","description":"RESIDENTIAL TREATMENT-CHEMICAL DEPENDENCY","allowed_amounts":[{"tin":{"type":"ein","value":"861655892"},"service_code":["21"],"billing_class":"institutional","payments":[{"allowed_amount":1772.73,"billing_code_modifier":[""],"providers":[{"billed_charge":4995.00,"npi":[1033796982]}]}]}]},{"name":"THER PROPH\/DX NJX IV PUSH SINGLE\/1ST SBST\/DRUG","billing_code_type":"CPT","billing_code_type_version":"2020","billing_code":"96374","description":"THER PROPH\/DX NJX IV PUSH SINGLE\/1ST SBST\/DRUG","allowed_amounts":[{"tin":{"type":"ein","value":"020334854"},"service_code":["11"],"billing_class":"professional","payments":[{"allowed_amount":87.47,"billing_code_modifier":[""],"providers":[{"billed_charge":153.00,"npi":[1073600706,1083685374,1114235785,1134807308,1568949253,1598756629,1811021819,1922214469]}]}]}]},{"name":"THERAPEUTIC INJECTION IV PUSH EACH NEW DRUG","billing_code_type":"CPT","billing_code_type_version":"2020","billing_code":"96375","description":"THERAPEUTIC INJECTION IV PUSH EACH NEW DRUG","allowed_amounts":[{"tin":{"type":"ein","value":"020334854"},"service_code":["11"],"billing_class":"professional","payments":[{"allowed_amount":36.58,"billing_code_modifier":[""],"providers":[{"billed_charge":292.00,"npi":[1073600706,1083685374,1114235785,1134807308,1568949253,1598756629,1811021819,1922214469]}]}]}]}]}
