{"reporting_entity_name": "IEC Group_DBA AmeriBen",
	"reporting_entity_type": "Third Party Administrator",
	"plan_name": "AVALON HEALTH CARE GROUP",
	"plan_id_type": "ein",
	"plan_id": "200020934",
	"plan_market_type": "group",
	"last_updated_on": "2025-02-01","Version": "1.0.0","out_of_network":[{"name":"HEMO OPD\/HOME: HEMODIALYSIS COMP OR OTHER RATE","billing_code_type":"RC","billing_code_type_version":"UB04","billing_code":"0821","description":"HEMO OPD\/HOME: HEMODIALYSIS COMP OR OTHER RATE","allowed_amounts":[{"tin":{"type":"ein","value":"453040157"},"service_code":["65"],"billing_class":"institutional","payments":[{"allowed_amount":274.72,"billing_code_modifier":[""],"providers":[{"billed_charge":9298.59,"npi":[1629344122,1912314626]}]}]}]},{"name":"MEDICAL\/SURGICAL SUPPLIES","billing_code_type":"RC","billing_code_type_version":"UB04","billing_code":"0270","description":"MEDICAL\/SURGICAL SUPPLIES","allowed_amounts":[{"tin":{"type":"ein","value":"841300520"},"service_code":["65"],"billing_class":"institutional","payments":[{"allowed_amount":3.78,"billing_code_modifier":[""],"providers":[{"billed_charge":149.10,"npi":[1134115850,1982706818]}]}]}]},{"name":"ROUTINE HOME CARE","billing_code_type":"RC","billing_code_type_version":"UB04","billing_code":"0651","description":"ROUTINE HOME CARE","allowed_amounts":[{"tin":{"type":"ein","value":"205513524"},"service_code":["34"],"billing_class":"institutional","payments":[{"allowed_amount":210.00,"billing_code_modifier":[""],"providers":[{"billed_charge":210.00,"npi":[1093702672,1164527792]}]}]}]}]}
