{"reporting_entity_name": "IEC Group_DBA AmeriBen",
	"reporting_entity_type": "Third Party Administrator",
	"plan_name": "CITY OF SIERRA VISTA",
	"plan_id_type": "ein",
	"plan_id": "866005496",
	"plan_market_type": "group",
	"last_updated_on": "2025-03-01","Version": "1.0.0","out_of_network":[{"name":"CRITICAL CARE ILL\/INJURED PATIENT INIT 30-74 MIN","billing_code_type":"CPT","billing_code_type_version":"2020","billing_code":"99291","description":"CRITICAL CARE ILL\/INJURED PATIENT INIT 30-74 MIN","allowed_amounts":[{"tin":{"type":"ein","value":"452464437"},"service_code":["21"],"billing_class":"professional","payments":[{"allowed_amount":816.15,"billing_code_modifier":[""],"providers":[{"billed_charge":1534.00,"npi":[1063095800,1194766543,1437407921,1568758266]}]}]}]},{"name":"EMERGENCY DEPARTMENT VISIT MODERATE MDM","billing_code_type":"CPT","billing_code_type_version":"2020","billing_code":"99284","description":"EMERGENCY DEPARTMENT VISIT MODERATE MDM","allowed_amounts":[{"tin":{"type":"ein","value":"352574944"},"service_code":["23"],"billing_class":"professional","payments":[{"allowed_amount":464.32,"billing_code_modifier":[""],"providers":[{"billed_charge":2392.00,"npi":[1154352508,1194766543,1336445857,1366563249,1669733580,1700328663,1831765585,1922067768]}]}]}]},{"name":"RESIDENTIAL TREATMENT-PSYCHIATRIC","billing_code_type":"RC","billing_code_type_version":"UB04","billing_code":"1001","description":"RESIDENTIAL TREATMENT-PSYCHIATRIC","allowed_amounts":[{"tin":{"type":"ein","value":"824186089"},"service_code":["21"],"billing_class":"institutional","payments":[{"allowed_amount":4000.00,"billing_code_modifier":[""],"providers":[{"billed_charge":5000.00,"npi":[1558767392,1962991364]}]}]}]}]}
