{"reporting_entity_name": "IEC Group_DBA AmeriBen",
	"reporting_entity_type": "Third Party Administrator",
	"plan_name": "BURGER SPECIALTY FOODS",
	"issuer_name": "IEC Group_DBA AmeriBen",
	"plan_sponsor_name": "BURGER SPECIALTY FOODS",
	"plan_id_type": "ein",
	"plan_id": "440622339",
	"plan_market_type": "group",
	"last_updated_on": "2026-02-01","reporting_period": {
		"start_date": "2025-08-05",
		"end_date": "2025-11-03"
	},"version": "2.0.0","out_of_network":[{"name":"AMB SRVC ALS EMERG TRANSPORT LEVL 1","billing_code_type":"HCPCS","billing_code_type_version":"HCPCS LEVEL II 2021","billing_code":"A0427","description":"AMB SRVC ALS EMERG TRANSPORT LEVL 1","allowed_amounts":[{"tin":{"type":"ein","value":"431124485"},"service_code":["41"],"billing_class":"professional","setting":"outpatient","payments":[{"allowed_amount":459.00,"providers":[{"billed_charge":500.00,"npi":[1124235866]}]}]},{"tin":{"type":"ein","value":"621642499"},"service_code":["41"],"billing_class":"professional","setting":"outpatient","payments":[{"allowed_amount":1564.51,"providers":[{"billed_charge":1564.51,"npi":[1750688172]}]}]}]},{"name":"CRITICAL CARE ILL\/INJURED PATIENT INIT 30-74 MIN","billing_code_type":"CPT","billing_code_type_version":"2020","billing_code":"99291","description":"CRITICAL CARE ILL\/INJURED PATIENT INIT 30-74 MIN","allowed_amounts":[{"tin":{"type":"ein","value":"431594187"},"service_code":["23"],"billing_class":"professional","setting":"outpatient","payments":[{"allowed_amount":345.77,"providers":[{"billed_charge":1552.00,"npi":[1467465799,1518065523,1871626309]}]}]}]},{"name":"DR TST DEFIN DR ID M P D 22\/M DR CL","billing_code_type":"HCPCS","billing_code_type_version":"HCPCS LEVEL II 2021","billing_code":"G0483","description":"DR TST DEFIN DR ID M P D 22\/M DR CL","allowed_amounts":[{"tin":{"type":"ein","value":"880241758"},"service_code":["81"],"billing_class":"professional","setting":"outpatient","payments":[{"allowed_amount":0.00,"providers":[{"billed_charge":926.00,"npi":[1053982918,1699782722]}]}]}]},{"name":"DRUG TST PRSMV INSTRMNT CHEM ANALYZERS PR DATE","billing_code_type":"CPT","billing_code_type_version":"2020","billing_code":"80307","description":"DRUG TST PRSMV INSTRMNT CHEM ANALYZERS PR DATE","allowed_amounts":[{"tin":{"type":"ein","value":"880241758"},"service_code":["81"],"billing_class":"professional","setting":"outpatient","payments":[{"allowed_amount":24.42,"providers":[{"billed_charge":242.00,"npi":[1053982918,1699782722]}]}]}]},{"name":"EMERGENCY DEPARTMENT VISIT HIGH MDM","billing_code_type":"CPT","billing_code_type_version":"2020","billing_code":"99285","description":"EMERGENCY DEPARTMENT VISIT HIGH MDM","allowed_amounts":[{"tin":{"type":"ein","value":"440552485"},"service_code":["23"],"billing_class":"professional","setting":"outpatient","payments":[{"allowed_amount":256.36,"providers":[{"billed_charge":1193.00,"npi":[1033141775,1043242159]}]}]}]},{"name":"EMERGENCY DEPARTMENT VISIT MODERATE MDM","billing_code_type":"CPT","billing_code_type_version":"2020","billing_code":"99284","description":"EMERGENCY DEPARTMENT VISIT MODERATE MDM","allowed_amounts":[{"tin":{"type":"ein","value":"431594187"},"service_code":["23"],"billing_class":"professional","setting":"outpatient","payments":[{"allowed_amount":150.12,"providers":[{"billed_charge":845.00,"npi":[1104347392,1518065523,1871626309]},{"billed_charge":1230.00,"npi":[1518065523,1629342217,1871626309]}]},{"allowed_amount":150.12,"providers":[{"billed_charge":845.00,"npi":[1104347392,1518065523,1871626309]},{"billed_charge":1230.00,"npi":[1518065523,1629342217,1871626309]}]}]},{"tin":{"type":"ein","value":"431594187"},"service_code":["23"],"billing_class":"professional","setting":"outpatient","payments":[{"allowed_amount":150.12,"providers":[{"billed_charge":845.00,"npi":[1104347392,1518065523,1871626309]},{"billed_charge":1230.00,"npi":[1518065523,1629342217,1871626309]}]},{"allowed_amount":150.12,"providers":[{"billed_charge":845.00,"npi":[1104347392,1518065523,1871626309]},{"billed_charge":1230.00,"npi":[1518065523,1629342217,1871626309]}]}]}]},{"name":"EMERGENCY ROOM: URGENT CARE","billing_code_type":"RC","billing_code_type_version":"UB04","billing_code":"0456","description":"EMERGENCY ROOM: URGENT CARE","allowed_amounts":[{"tin":{"type":"ein","value":"436003859"},"billing_class":"institutional","setting":"inpatient","payments":[{"allowed_amount":126.59,"providers":[{"billed_charge":488.00,"npi":[1023491099,1699769901]}]}]}]},{"name":"GROUND MILEAGE","billing_code_type":"HCPCS","billing_code_type_version":"HCPCS LEVEL II 2021","billing_code":"A0425","description":"GROUND MILEAGE","allowed_amounts":[{"tin":{"type":"ein","value":"431124485"},"service_code":["41"],"billing_class":"professional","setting":"outpatient","payments":[{"allowed_amount":175.78,"providers":[{"billed_charge":268.80,"npi":[1124235866]}]}]},{"tin":{"type":"ein","value":"621642499"},"service_code":["41"],"billing_class":"professional","setting":"outpatient","payments":[{"allowed_amount":62.84,"providers":[{"billed_charge":62.84,"npi":[1750688172]}]}]}]},{"name":"IADNA CANDIDA SPECIES AMPLIFIED PROBE TQ","billing_code_type":"CPT","billing_code_type_version":"2020","billing_code":"87481","description":"IADNA CANDIDA SPECIES AMPLIFIED PROBE TQ","allowed_amounts":[{"tin":{"type":"ein","value":"474795263"},"service_code":["81"],"billing_class":"professional","setting":"outpatient","payments":[{"allowed_amount":210.54,"providers":[{"billed_charge":210.54,"npi":[1205127982,1518325562]}]}]}]},{"name":"IADNA NOS AMPLIFIED PROBE TQ EACH ORGANISM","billing_code_type":"CPT","billing_code_type_version":"2020","billing_code":"87798","description":"IADNA NOS AMPLIFIED PROBE TQ EACH ORGANISM","allowed_amounts":[{"tin":{"type":"ein","value":"474795263"},"service_code":["81"],"billing_class":"professional","setting":"outpatient","payments":[{"allowed_amount":547.40,"providers":[{"billed_charge":547.40,"npi":[1205127982,1518325562]}]}]}]},{"name":"IADNA S AUREUS AMPLIFIED PROBE TQ","billing_code_type":"CPT","billing_code_type_version":"2020","billing_code":"87640","description":"IADNA S AUREUS AMPLIFIED PROBE TQ","allowed_amounts":[{"tin":{"type":"ein","value":"474795263"},"service_code":["81"],"billing_class":"professional","setting":"outpatient","payments":[{"allowed_amount":42.11,"providers":[{"billed_charge":42.11,"npi":[1205127982,1518325562]}]}]}]},{"name":"IADNA STREPTOCOCCUS GROUP A AMPLIFIED PROBE TQ","billing_code_type":"CPT","billing_code_type_version":"2020","billing_code":"87651","description":"IADNA STREPTOCOCCUS GROUP A AMPLIFIED PROBE TQ","allowed_amounts":[{"tin":{"type":"ein","value":"474795263"},"service_code":["81"],"billing_class":"professional","setting":"outpatient","payments":[{"allowed_amount":42.11,"providers":[{"billed_charge":42.11,"npi":[1205127982,1518325562]}]}]}]},{"name":"IADNA STREPTOCOCCUS GROUP B AMPLIFIED PROBE TQ","billing_code_type":"CPT","billing_code_type_version":"2020","billing_code":"87653","description":"IADNA STREPTOCOCCUS GROUP B AMPLIFIED PROBE TQ","allowed_amounts":[{"tin":{"type":"ein","value":"474795263"},"service_code":["81"],"billing_class":"professional","setting":"outpatient","payments":[{"allowed_amount":42.11,"providers":[{"billed_charge":42.11,"npi":[1205127982,1518325562]}]}]}]},{"name":"LABORATORY - CLINICAL DIAGNOSTIC: BACTERIOLOGY\/MIC","billing_code_type":"RC","billing_code_type_version":"UB04","billing_code":"0306","description":"LABORATORY - CLINICAL DIAGNOSTIC: BACTERIOLOGY\/MIC","allowed_amounts":[{"tin":{"type":"ein","value":"436003859"},"billing_class":"institutional","setting":"inpatient","payments":[{"allowed_amount":6.63,"providers":[{"billed_charge":66.40,"npi":[1023491099,1699769901]}]}]},{"tin":{"type":"ein","value":"436003859"},"billing_class":"institutional","setting":"inpatient","payments":[{"allowed_amount":16.53,"providers":[{"billed_charge":121.50,"npi":[1023491099,1699769901]}]}]}]},{"name":"LABORATORY - CLINICAL DIAGNOSTIC: IMMUNOLOGY","billing_code_type":"RC","billing_code_type_version":"UB04","billing_code":"0302","description":"LABORATORY - CLINICAL DIAGNOSTIC: IMMUNOLOGY","allowed_amounts":[{"tin":{"type":"ein","value":"436003859"},"billing_class":"institutional","setting":"inpatient","payments":[{"allowed_amount":70.29,"providers":[{"billed_charge":268.10,"npi":[1023491099,1699769901]}]}]}]},{"name":"MICRODISSECTION PREP IDENTIFIED TARGET MANUAL","billing_code_type":"CPT","billing_code_type_version":"2020","billing_code":"88381","description":"MICRODISSECTION PREP IDENTIFIED TARGET MANUAL","allowed_amounts":[{"tin":{"type":"ein","value":"260691876"},"service_code":["81"],"billing_class":"professional","setting":"outpatient","payments":[{"allowed_amount":54.86,"providers":[{"billed_charge":200.00,"npi":[1043344435,1073611919]}]}]}]},{"name":"PNEUMAT COMPRS DEVC HI PRESS RAPID","billing_code_type":"HCPCS","billing_code_type_version":"HCPCS LEVEL II 2021","billing_code":"E0675","description":"PNEUMAT COMPRS DEVC HI PRESS RAPID","allowed_amounts":[{"tin":{"type":"ein","value":"431941519"},"service_code":["24"],"billing_class":"professional","setting":"outpatient","payments":[{"allowed_amount":342.89,"providers":[{"billed_charge":525.00,"npi":[1134448293,1366553323]}]}]}]},{"name":"PRESSURE PNEUM APPL HALF LEG","billing_code_type":"HCPCS","billing_code_type_version":"HCPCS LEVEL II 2021","billing_code":"E0673","description":"PRESSURE PNEUM APPL HALF LEG","allowed_amounts":[{"tin":{"type":"ein","value":"431941519"},"service_code":["24"],"billing_class":"professional","setting":"outpatient","payments":[{"allowed_amount":209.69,"providers":[{"billed_charge":365.00,"npi":[1134448293,1366553323]}]}]}]},{"name":"PSYC GENOMIC ALYS PANEL VARIANT ALYS 15 GENES","billing_code_type":"CPT","billing_code_type_version":"2020","billing_code":"0345U","description":"PSYC GENOMIC ALYS PANEL VARIANT ALYS 15 GENES","allowed_amounts":[{"tin":{"type":"ein","value":"271453375"},"service_code":["81"],"billing_class":"professional","setting":"outpatient","payments":[{"allowed_amount":0.00,"providers":[{"billed_charge":5500.00,"npi":[1124571674,1235363052]}]}]}]},{"name":"RADIOLOGIC EXAM CHEST 2 VIEWS","billing_code_type":"CPT","billing_code_type_version":"2020","billing_code":"71046","description":"RADIOLOGIC EXAM CHEST 2 VIEWS","allowed_amounts":[{"tin":{"type":"ein","value":"465104391"},"service_code":["22"],"billing_class":"professional","setting":"outpatient","payments":[{"allowed_amount":13.03,"providers":[{"billed_charge":29.00,"npi":[1538518766,1699742205]}]}]}]},{"name":"US SOFT TISSUE HEAD & NECK REAL TIME IMGE DOCM","billing_code_type":"CPT","billing_code_type_version":"2020","billing_code":"76536","description":"US SOFT TISSUE HEAD & NECK REAL TIME IMGE DOCM","allowed_amounts":[{"tin":{"type":"ein","value":"465104391"},"service_code":["22"],"billing_class":"professional","setting":"outpatient","payments":[{"allowed_amount":49.51,"providers":[{"billed_charge":71.00,"npi":[1659505089,1841649076]}]}]}]},{"name":"XTRNL PT ACTIVATED ECG REC DWNLD 30 DAYS","billing_code_type":"CPT","billing_code_type_version":"2020","billing_code":"93271","description":"XTRNL PT ACTIVATED ECG REC DWNLD 30 DAYS","allowed_amounts":[{"tin":{"type":"ein","value":"274533011"},"service_code":["11"],"billing_class":"professional","setting":"outpatient","payments":[{"allowed_amount":223.64,"providers":[{"billed_charge":925.00,"npi":[1407471550,1740807031]}]}]}]},{"name":"XTRNL PT ACTIVATED ECG RECORD MONITOR 30 DAYS","billing_code_type":"CPT","billing_code_type_version":"2020","billing_code":"93270","description":"XTRNL PT ACTIVATED ECG RECORD MONITOR 30 DAYS","allowed_amounts":[{"tin":{"type":"ein","value":"274533011"},"service_code":["11"],"billing_class":"professional","setting":"outpatient","payments":[{"allowed_amount":12.54,"providers":[{"billed_charge":84.00,"npi":[1407471550,1740807031]}]}]}]}]}
