{"reporting_entity_name": "IEC Group_DBA AmeriBen",
	"reporting_entity_type": "Third Party Administrator",
	"plan_name": "ABBOTT LABORATORIES",
	"plan_id_type": "ein",
	"plan_id": "360698440",
	"plan_market_type": "group",
	"last_updated_on": "2023-07-01","Version": "1.0.0","out_of_network":[{"name":"2019-NCOV CORONAVIRUS SARS-COV-2\/COVID-19 ANY T","billing_code_type":"HCPCS","billing_code_type_version":"HCPCS LEVEL II 2021","billing_code":"U0004","description":"2019-NCOV CORONAVIRUS SARS-COV-2\/COVID-19 ANY T","allowed_amounts":[{"tin":{"type":"ein","value":"263844242"},"service_code":["81"],"billing_class":"professional","payments":[{"allowed_amount":100.00,"billing_code_modifier":[""],"providers":[{"billed_charge":513.00,"npi":[1063619294,1346472859,1992876023]},{"billed_charge":514.00,"npi":[1346472859,1558439877]}]},{"allowed_amount":100.00,"billing_code_modifier":[""],"providers":[{"billed_charge":513.00,"npi":[1063619294,1346472859,1992876023]},{"billed_charge":514.00,"npi":[1346472859,1558439877]}]}]},{"tin":{"type":"ein","value":"263844242"},"service_code":["81"],"billing_class":"professional","payments":[{"allowed_amount":100.00,"billing_code_modifier":[""],"providers":[{"billed_charge":513.00,"npi":[1063619294,1346472859,1992876023]},{"billed_charge":514.00,"npi":[1346472859,1558439877]}]},{"allowed_amount":100.00,"billing_code_modifier":[""],"providers":[{"billed_charge":513.00,"npi":[1063619294,1346472859,1992876023]},{"billed_charge":514.00,"npi":[1346472859,1558439877]}]}]},{"tin":{"type":"ein","value":"431580575"},"service_code":["81"],"billing_class":"professional","payments":[{"allowed_amount":100.00,"billing_code_modifier":[""],"providers":[{"billed_charge":200.00,"npi":[1033239413,1447709498]}]}]},{"tin":{"type":"ein","value":"474903308"},"service_code":["81"],"billing_class":"professional","payments":[{"allowed_amount":100.00,"billing_code_modifier":[""],"providers":[{"billed_charge":100.00,"npi":[1164575544,1447389994,1740733708]}]}]},{"tin":{"type":"ein","value":"475605297"},"service_code":["81"],"billing_class":"professional","payments":[{"allowed_amount":100.00,"billing_code_modifier":[""],"providers":[{"billed_charge":100.00,"npi":[1134588817,1699746875]}]}]},{"tin":{"type":"ein","value":"820600568"},"service_code":["81"],"billing_class":"professional","payments":[{"allowed_amount":100.00,"billing_code_modifier":[""],"providers":[{"billed_charge":150.00,"npi":[1316962459,1780125633]}]}]},{"tin":{"type":"ein","value":"820888370"},"service_code":["81"],"billing_class":"professional","payments":[{"allowed_amount":100.00,"billing_code_modifier":[""],"providers":[{"billed_charge":250.00,"npi":[1487135448,1932187895]}]}]}]},{"name":"ACUP 1\/> NDLS W\/ELEC STIMJ EA 15 MIN W\/RE-INSJ","billing_code_type":"CPT","billing_code_type_version":"2020","billing_code":"97814","description":"ACUP 1\/> NDLS W\/ELEC STIMJ EA 15 MIN W\/RE-INSJ","allowed_amounts":[{"tin":{"type":"ein","value":"202701575"},"service_code":["11"],"billing_class":"professional","payments":[{"allowed_amount":123.58,"billing_code_modifier":[""],"providers":[{"billed_charge":150.00,"npi":[1245456953,1821203829]}]}]},{"tin":{"type":"ein","value":"330663564"},"service_code":["11"],"billing_class":"professional","payments":[{"allowed_amount":30.00,"billing_code_modifier":[""],"providers":[{"billed_charge":60.00,"npi":[1174668560]}]}]},{"tin":{"type":"ein","value":"330798219"},"service_code":["11"],"billing_class":"professional","payments":[{"allowed_amount":60.00,"billing_code_modifier":[""],"providers":[{"billed_charge":60.00,"npi":[1477704740]}]}]},{"tin":{"type":"ein","value":"558870967"},"service_code":["11"],"billing_class":"professional","payments":[{"allowed_amount":60.00,"billing_code_modifier":[""],"providers":[{"billed_charge":60.00,"npi":[1043784192]}]}]},{"tin":{"type":"ein","value":"576874431"},"service_code":["11"],"billing_class":"professional","payments":[{"allowed_amount":50.00,"billing_code_modifier":[""],"providers":[{"billed_charge":50.00,"npi":[1376613216]}]}]},{"tin":{"type":"ein","value":"617824454"},"service_code":["11"],"billing_class":"professional","payments":[{"allowed_amount":123.58,"billing_code_modifier":[""],"providers":[{"billed_charge":170.00,"npi":[1184949448]}]}]},{"tin":{"type":"ein","value":"822638648"},"service_code":["11"],"billing_class":"professional","payments":[{"allowed_amount":123.58,"billing_code_modifier":[""],"providers":[{"billed_charge":200.00,"npi":[1083131080,1225206972]}]}]}]},{"name":"ACUPUNCTURE 1\/> NDLES W\/O ELEC STIMJ INIT 15 MIN","billing_code_type":"CPT","billing_code_type_version":"2020","billing_code":"97810","description":"ACUPUNCTURE 1\/> NDLES W\/O ELEC STIMJ INIT 15 MIN","allowed_amounts":[{"tin":{"type":"ein","value":"555842044"},"service_code":["11"],"billing_class":"professional","payments":[{"allowed_amount":28.55,"billing_code_modifier":[""],"providers":[{"billed_charge":115.00,"npi":[1508007915]}]}]}]},{"name":"ACUPUNCTURE 1\/> NDLS W\/ELEC STIMJ 1ST 15 MIN","billing_code_type":"CPT","billing_code_type_version":"2020","billing_code":"97813","description":"ACUPUNCTURE 1\/> NDLS W\/ELEC STIMJ 1ST 15 MIN","allowed_amounts":[{"tin":{"type":"ein","value":"202701575"},"service_code":["11"],"billing_class":"professional","payments":[{"allowed_amount":75.76,"billing_code_modifier":[""],"providers":[{"billed_charge":105.00,"npi":[1245456953,1821203829]}]}]},{"tin":{"type":"ein","value":"330663564"},"service_code":["11"],"billing_class":"professional","payments":[{"allowed_amount":40.00,"billing_code_modifier":[""],"providers":[{"billed_charge":80.00,"npi":[1174668560]}]}]},{"tin":{"type":"ein","value":"330798219"},"service_code":["11"],"billing_class":"professional","payments":[{"allowed_amount":75.76,"billing_code_modifier":[""],"providers":[{"billed_charge":85.00,"npi":[1477704740]}]}]},{"tin":{"type":"ein","value":"558870967"},"service_code":["11"],"billing_class":"professional","payments":[{"allowed_amount":75.76,"billing_code_modifier":[""],"providers":[{"billed_charge":80.00,"npi":[1043784192]}]}]},{"tin":{"type":"ein","value":"576874431"},"service_code":["11"],"billing_class":"professional","payments":[{"allowed_amount":75.76,"billing_code_modifier":[""],"providers":[{"billed_charge":100.00,"npi":[1376613216]}]}]},{"tin":{"type":"ein","value":"617824454"},"service_code":["11"],"billing_class":"professional","payments":[{"allowed_amount":75.76,"billing_code_modifier":[""],"providers":[{"billed_charge":95.00,"npi":[1184949448]}]}]},{"tin":{"type":"ein","value":"822638648"},"service_code":["11"],"billing_class":"professional","payments":[{"allowed_amount":75.76,"billing_code_modifier":[""],"providers":[{"billed_charge":150.00,"npi":[1083131080,1225206972]}]}]}]},{"name":"ACUPUNCTURE 1\/> NDLS W\/O ELEC STIMJ EA 15 MIN","billing_code_type":"CPT","billing_code_type_version":"2020","billing_code":"97811","description":"ACUPUNCTURE 1\/> NDLS W\/O ELEC STIMJ EA 15 MIN","allowed_amounts":[{"tin":{"type":"ein","value":"555842044"},"service_code":["11"],"billing_class":"professional","payments":[{"allowed_amount":21.51,"billing_code_modifier":[""],"providers":[{"billed_charge":90.00,"npi":[1508007915]}]}]},{"tin":{"type":"ein","value":"617824454"},"service_code":["11"],"billing_class":"professional","payments":[{"allowed_amount":93.36,"billing_code_modifier":[""],"providers":[{"billed_charge":170.00,"npi":[1184949448]}]}]}]},{"name":"APPL MODALITY 1\/> AREAS ELEC STIMJ EA 15 MIN","billing_code_type":"CPT","billing_code_type_version":"2020","billing_code":"97032","description":"APPL MODALITY 1\/> AREAS ELEC STIMJ EA 15 MIN","allowed_amounts":[{"tin":{"type":"ein","value":"202184402"},"service_code":["11"],"billing_class":"professional","payments":[{"allowed_amount":27.96,"billing_code_modifier":[""],"providers":[{"billed_charge":30.00,"npi":[1720202955]}]}]},{"tin":{"type":"ein","value":"452221395"},"service_code":["11"],"billing_class":"professional","payments":[{"allowed_amount":27.19,"billing_code_modifier":[""],"providers":[{"billed_charge":70.00,"npi":[1215015284,1932287943,1972897965]}]}]},{"tin":{"type":"ein","value":"822157287"},"service_code":["11"],"billing_class":"professional","payments":[{"allowed_amount":27.19,"billing_code_modifier":[""],"providers":[{"billed_charge":50.00,"npi":[1386161370,1538287487]}]}]}]},{"name":"APPL MODALITY 1\/> AREAS ELEC STIMJ UNATTENDED","billing_code_type":"CPT","billing_code_type_version":"2020","billing_code":"97014","description":"APPL MODALITY 1\/> AREAS ELEC STIMJ UNATTENDED","allowed_amounts":[{"tin":{"type":"ein","value":"271647645"},"service_code":["11"],"billing_class":"professional","payments":[{"allowed_amount":19.17,"billing_code_modifier":[""],"providers":[{"billed_charge":35.00,"npi":[1316979776,1649593997]}]}]},{"tin":{"type":"ein","value":"586282248"},"service_code":["11"],"billing_class":"professional","payments":[{"allowed_amount":21.89,"billing_code_modifier":[""],"providers":[{"billed_charge":40.00,"npi":[1093879561]}]}]},{"tin":{"type":"ein","value":"812865808"},"service_code":["11"],"billing_class":"professional","payments":[{"allowed_amount":21.89,"billing_code_modifier":[""],"providers":[{"billed_charge":40.00,"npi":[1093879561,1518454065]}]}]}]},{"name":"APPL MODALITY 1\/> AREAS TRACTION MECHANICAL","billing_code_type":"CPT","billing_code_type_version":"2020","billing_code":"97012","description":"APPL MODALITY 1\/> AREAS TRACTION MECHANICAL","allowed_amounts":[{"tin":{"type":"ein","value":"261268387"},"service_code":["11"],"billing_class":"professional","payments":[{"allowed_amount":25.05,"billing_code_modifier":[""],"providers":[{"billed_charge":60.00,"npi":[1053591958,1558465559]}]}]},{"tin":{"type":"ein","value":"271647645"},"service_code":["11"],"billing_class":"professional","payments":[{"allowed_amount":22.09,"billing_code_modifier":[""],"providers":[{"billed_charge":35.00,"npi":[1316979776,1649593997]}]}]},{"tin":{"type":"ein","value":"586282248"},"service_code":["11"],"billing_class":"professional","payments":[{"allowed_amount":25.05,"billing_code_modifier":[""],"providers":[{"billed_charge":40.00,"npi":[1093879561]},{"billed_charge":45.00,"npi":[1093879561]}]},{"allowed_amount":25.05,"billing_code_modifier":[""],"providers":[{"billed_charge":40.00,"npi":[1093879561]},{"billed_charge":45.00,"npi":[1093879561]}]}]},{"tin":{"type":"ein","value":"586282248"},"service_code":["11"],"billing_class":"professional","payments":[{"allowed_amount":25.05,"billing_code_modifier":[""],"providers":[{"billed_charge":40.00,"npi":[1093879561]},{"billed_charge":45.00,"npi":[1093879561]}]},{"allowed_amount":25.05,"billing_code_modifier":[""],"providers":[{"billed_charge":40.00,"npi":[1093879561]},{"billed_charge":45.00,"npi":[1093879561]}]}]},{"tin":{"type":"ein","value":"812865808"},"service_code":["11"],"billing_class":"professional","payments":[{"allowed_amount":25.05,"billing_code_modifier":[""],"providers":[{"billed_charge":40.00,"npi":[1093879561,1518454065]}]}]}]},{"name":"APPL MODALITY 1\/> AREAS ULTRASOUND EA 15 MIN","billing_code_type":"CPT","billing_code_type_version":"2020","billing_code":"97035","description":"APPL MODALITY 1\/> AREAS ULTRASOUND EA 15 MIN","allowed_amounts":[{"tin":{"type":"ein","value":"452221395"},"service_code":["11"],"billing_class":"professional","payments":[{"allowed_amount":23.85,"billing_code_modifier":[""],"providers":[{"billed_charge":70.00,"npi":[1215015284,1932287943,1972897965]}]}]},{"tin":{"type":"ein","value":"586282248"},"service_code":["11"],"billing_class":"professional","payments":[{"allowed_amount":23.85,"billing_code_modifier":[""],"providers":[{"billed_charge":45.00,"npi":[1093879561]}]}]},{"tin":{"type":"ein","value":"812865808"},"service_code":["11"],"billing_class":"professional","payments":[{"allowed_amount":23.85,"billing_code_modifier":[""],"providers":[{"billed_charge":45.00,"npi":[1093879561,1518454065]}]}]}]},{"name":"APPLICATION MODALITY 1\/> AREAS INFRARED","billing_code_type":"CPT","billing_code_type_version":"2020","billing_code":"97026","description":"APPLICATION MODALITY 1\/> AREAS INFRARED","allowed_amounts":[{"tin":{"type":"ein","value":"202701575"},"service_code":["11"],"billing_class":"professional","payments":[{"allowed_amount":12.32,"billing_code_modifier":[""],"providers":[{"billed_charge":40.00,"npi":[1245456953,1821203829]}]}]},{"tin":{"type":"ein","value":"330663564"},"service_code":["11"],"billing_class":"professional","payments":[{"allowed_amount":20.00,"billing_code_modifier":[""],"providers":[{"billed_charge":40.00,"npi":[1174668560]}]}]},{"tin":{"type":"ein","value":"558870967"},"service_code":["11"],"billing_class":"professional","payments":[{"allowed_amount":12.32,"billing_code_modifier":[""],"providers":[{"billed_charge":30.00,"npi":[1043784192]}]}]},{"tin":{"type":"ein","value":"822638648"},"service_code":["11"],"billing_class":"professional","payments":[{"allowed_amount":12.32,"billing_code_modifier":[""],"providers":[{"billed_charge":40.00,"npi":[1083131080,1225206972]}]}]}]},{"name":"CHIROPRACTIC MANIPLTV TX EXTRASPINAL 1\/> REGION","billing_code_type":"CPT","billing_code_type_version":"2020","billing_code":"98943","description":"CHIROPRACTIC MANIPLTV TX EXTRASPINAL 1\/> REGION","allowed_amounts":[{"tin":{"type":"ein","value":"043747644"},"service_code":["11"],"billing_class":"professional","payments":[{"allowed_amount":36.39,"billing_code_modifier":[""],"providers":[{"billed_charge":79.00,"npi":[1295780328]}]}]},{"tin":{"type":"ein","value":"271647645"},"service_code":["11"],"billing_class":"professional","payments":[{"allowed_amount":31.93,"billing_code_modifier":[""],"providers":[{"billed_charge":65.00,"npi":[1316979776,1649593997]},{"billed_charge":75.00,"npi":[1316979776,1649593997]}]},{"allowed_amount":31.93,"billing_code_modifier":[""],"providers":[{"billed_charge":65.00,"npi":[1316979776,1649593997]},{"billed_charge":75.00,"npi":[1316979776,1649593997]}]}]},{"tin":{"type":"ein","value":"271647645"},"service_code":["11"],"billing_class":"professional","payments":[{"allowed_amount":31.93,"billing_code_modifier":[""],"providers":[{"billed_charge":65.00,"npi":[1316979776,1649593997]},{"billed_charge":75.00,"npi":[1316979776,1649593997]}]},{"allowed_amount":31.93,"billing_code_modifier":[""],"providers":[{"billed_charge":65.00,"npi":[1316979776,1649593997]},{"billed_charge":75.00,"npi":[1316979776,1649593997]}]}]},{"tin":{"type":"ein","value":"451203756"},"service_code":["11"],"billing_class":"professional","payments":[{"allowed_amount":26.40,"billing_code_modifier":[""],"providers":[{"billed_charge":40.00,"npi":[1538415484,1801152087]}]}]},{"tin":{"type":"ein","value":"452221395"},"service_code":["11"],"billing_class":"professional","payments":[{"allowed_amount":33.71,"billing_code_modifier":[""],"providers":[{"billed_charge":75.00,"npi":[1215015284,1932287943,1972897965]}]}]},{"tin":{"type":"ein","value":"461204608"},"service_code":["11"],"billing_class":"professional","payments":[{"allowed_amount":26.40,"billing_code_modifier":[""],"providers":[{"billed_charge":30.00,"npi":[1265704688]}]}]},{"tin":{"type":"ein","value":"554974641"},"service_code":["11"],"billing_class":"professional","payments":[{"allowed_amount":26.40,"billing_code_modifier":[""],"providers":[{"billed_charge":65.00,"npi":[1508186529]}]}]},{"tin":{"type":"ein","value":"822157287"},"service_code":["11"],"billing_class":"professional","payments":[{"allowed_amount":33.71,"billing_code_modifier":[""],"providers":[{"billed_charge":60.00,"npi":[1386161370,1538287487]}]}]},{"tin":{"type":"ein","value":"863151195"},"service_code":["11"],"billing_class":"professional","payments":[{"allowed_amount":26.40,"billing_code_modifier":[""],"providers":[{"billed_charge":135.00,"npi":[1154904662,1992179626]}]}]},{"tin":{"type":"ein","value":"954879514"},"service_code":["11"],"billing_class":"professional","payments":[{"allowed_amount":26.40,"billing_code_modifier":[""],"providers":[{"billed_charge":35.00,"npi":[1730110685,1881758258]}]}]}]},{"name":"CHIROPRACTIC MANIPULATIVE TX SPINAL 3-4 REGIONS","billing_code_type":"CPT","billing_code_type_version":"2020","billing_code":"98941","description":"CHIROPRACTIC MANIPULATIVE TX SPINAL 3-4 REGIONS","allowed_amounts":[{"tin":{"type":"ein","value":"261268387"},"service_code":["11"],"billing_class":"professional","payments":[{"allowed_amount":48.13,"billing_code_modifier":[""],"providers":[{"billed_charge":80.00,"npi":[1053591958,1558465559]}]}]},{"tin":{"type":"ein","value":"271647645"},"service_code":["11"],"billing_class":"professional","payments":[{"allowed_amount":42.63,"billing_code_modifier":[""],"providers":[{"billed_charge":75.00,"npi":[1316979776,1649593997]}]}]},{"tin":{"type":"ein","value":"391987456"},"service_code":["11"],"billing_class":"professional","payments":[{"allowed_amount":36.30,"billing_code_modifier":[""],"providers":[{"billed_charge":55.00,"npi":[1003973108,1053615138]}]}]},{"tin":{"type":"ein","value":"451203756"},"service_code":["11"],"billing_class":"professional","payments":[{"allowed_amount":36.30,"billing_code_modifier":[""],"providers":[{"billed_charge":65.00,"npi":[1538415484,1801152087]}]}]},{"tin":{"type":"ein","value":"461204608"},"service_code":["11"],"billing_class":"professional","payments":[{"allowed_amount":36.30,"billing_code_modifier":[""],"providers":[{"billed_charge":40.00,"npi":[1265704688]}]}]},{"tin":{"type":"ein","value":"554974641"},"service_code":["11"],"billing_class":"professional","payments":[{"allowed_amount":36.30,"billing_code_modifier":[""],"providers":[{"billed_charge":85.00,"npi":[1508186529]}]}]},{"tin":{"type":"ein","value":"586282248"},"service_code":["11"],"billing_class":"professional","payments":[{"allowed_amount":48.13,"billing_code_modifier":[""],"providers":[{"billed_charge":75.00,"npi":[1093879561]}]}]},{"tin":{"type":"ein","value":"811274067"},"service_code":["11"],"billing_class":"professional","payments":[{"allowed_amount":48.13,"billing_code_modifier":[""],"providers":[{"billed_charge":115.00,"npi":[1518326867]}]}]},{"tin":{"type":"ein","value":"812865808"},"service_code":["11"],"billing_class":"professional","payments":[{"allowed_amount":48.13,"billing_code_modifier":[""],"providers":[{"billed_charge":75.00,"npi":[1093879561,1518454065]}]}]},{"tin":{"type":"ein","value":"853354914"},"service_code":["11"],"billing_class":"professional","payments":[{"allowed_amount":36.30,"billing_code_modifier":[""],"providers":[{"billed_charge":60.00,"npi":[1265030589,1881230688]}]}]},{"tin":{"type":"ein","value":"954879514"},"service_code":["11"],"billing_class":"professional","payments":[{"allowed_amount":36.30,"billing_code_modifier":[""],"providers":[{"billed_charge":65.00,"npi":[1730110685,1881758258]}]}]}]},{"name":"DRUG TST PRSMV INSTRMNT CHEM ANALYZERS PR DATE","billing_code_type":"CPT","billing_code_type_version":"2020","billing_code":"80307","description":"DRUG TST PRSMV INSTRMNT CHEM ANALYZERS PR DATE","allowed_amounts":[{"tin":{"type":"ein","value":"811890117"},"service_code":["81"],"billing_class":"professional","payments":[{"allowed_amount":76.08,"billing_code_modifier":[""],"providers":[{"billed_charge":750.00,"npi":[1073961108,1538353255]}]}]}]},{"name":"FLUOR NEEDLE\/CATH SPINE\/PARASPINAL DX\/THER ADDON","billing_code_type":"CPT","billing_code_type_version":"2020","billing_code":"77003","description":"FLUOR NEEDLE\/CATH SPINE\/PARASPINAL DX\/THER ADDON","allowed_amounts":[{"tin":{"type":"ein","value":"863630884"},"service_code":["24"],"billing_class":"professional","payments":[{"allowed_amount":32.50,"billing_code_modifier":[""],"providers":[{"billed_charge":3172.26,"npi":[1326091976,1699359737,1811458243]}]}]}]},{"name":"GROUP PSYCHOTHERAPY","billing_code_type":"CPT","billing_code_type_version":"2020","billing_code":"90853","description":"GROUP PSYCHOTHERAPY","allowed_amounts":[{"tin":{"type":"ein","value":"462755887"},"service_code":["57"],"billing_class":"professional","payments":[{"allowed_amount":195.00,"billing_code_modifier":[""],"providers":[{"billed_charge":300.00,"npi":[1164815106,1235761677,1376010959]}]}]},{"tin":{"type":"ein","value":"582579953"},"service_code":["11"],"billing_class":"professional","payments":[{"allowed_amount":137.50,"billing_code_modifier":[""],"providers":[{"billed_charge":275.00,"npi":[1437519451,1558809822]}]}]}]},{"name":"IA DET NA;SEV AC RES SYND SARS-COV-2 COVID-19","billing_code_type":"HCPCS","billing_code_type_version":"HCPCS LEVEL II 2021","billing_code":"U0005","description":"IA DET NA;SEV AC RES SYND SARS-COV-2 COVID-19","allowed_amounts":[{"tin":{"type":"ein","value":"845066720"},"service_code":["81"],"billing_class":"professional","payments":[{"allowed_amount":30.00,"billing_code_modifier":[""],"providers":[{"billed_charge":50.00,"npi":[1033282967,1265482830,1316573827]}]}]},{"tin":{"type":"ein","value":"853720606"},"service_code":["81"],"billing_class":"professional","payments":[{"allowed_amount":30.00,"billing_code_modifier":[""],"providers":[{"billed_charge":30.00,"npi":[1083232276,1366045932]}]}]}]},{"name":"INF AGT DET DNA\/RNA;SARS-COV-2 COVID-19 AMP P T","billing_code_type":"HCPCS","billing_code_type_version":"HCPCS LEVEL II 2021","billing_code":"U0003","description":"INF AGT DET DNA\/RNA;SARS-COV-2 COVID-19 AMP P T","allowed_amounts":[{"tin":{"type":"ein","value":"208833340"},"service_code":["81"],"billing_class":"professional","payments":[{"allowed_amount":100.00,"billing_code_modifier":[""],"providers":[{"billed_charge":343.00,"npi":[1164539391,1922259753]}]}]},{"tin":{"type":"ein","value":"412007276"},"service_code":["81"],"billing_class":"professional","payments":[{"allowed_amount":100.00,"billing_code_modifier":[""],"providers":[{"billed_charge":125.00,"npi":[1265458921,1568481109]}]}]},{"tin":{"type":"ein","value":"463908799"},"service_code":["03"],"billing_class":"professional","payments":[{"allowed_amount":90.00,"billing_code_modifier":[""],"providers":[{"billed_charge":150.00,"npi":[1093136418]}]}]},{"tin":{"type":"ein","value":"840611484"},"service_code":["81"],"billing_class":"professional","payments":[{"allowed_amount":100.00,"billing_code_modifier":[""],"providers":[{"billed_charge":100.00,"npi":[1073581179,1336311653,1376516005,1902376924]}]}]},{"tin":{"type":"ein","value":"850602662"},"service_code":["81"],"billing_class":"professional","payments":[{"allowed_amount":100.00,"billing_code_modifier":[""],"providers":[{"billed_charge":100.00,"npi":[1194067298,1518445543,1659754588,1801132360,1821624768,1881215622,1881222354,1922561794]}]}]},{"tin":{"type":"ein","value":"852421177"},"service_code":["81"],"billing_class":"professional","payments":[{"allowed_amount":100.00,"billing_code_modifier":[""],"providers":[{"billed_charge":200.00,"npi":[1043313992,1366048019]}]}]},{"tin":{"type":"ein","value":"880241758"},"service_code":["81"],"billing_class":"professional","payments":[{"allowed_amount":100.00,"billing_code_modifier":[""],"providers":[{"billed_charge":100.00,"npi":[1124417357,1437196144]}]}]}]},{"name":"MANUAL THERAPY TQS 1\/> REGIONS EACH 15 MINUTES","billing_code_type":"CPT","billing_code_type_version":"2020","billing_code":"97140","description":"MANUAL THERAPY TQS 1\/> REGIONS EACH 15 MINUTES","allowed_amounts":[{"tin":{"type":"ein","value":"043747644"},"service_code":["11"],"billing_class":"professional","payments":[{"allowed_amount":46.46,"billing_code_modifier":[""],"providers":[{"billed_charge":66.00,"npi":[1295780328]}]}]},{"tin":{"type":"ein","value":"202184402"},"service_code":["11"],"billing_class":"professional","payments":[{"allowed_amount":40.00,"billing_code_modifier":[""],"providers":[{"billed_charge":40.00,"npi":[1720202955]}]}]},{"tin":{"type":"ein","value":"330798219"},"service_code":["11"],"billing_class":"professional","payments":[{"allowed_amount":46.54,"billing_code_modifier":[""],"providers":[{"billed_charge":75.00,"npi":[1477704740]}]}]},{"tin":{"type":"ein","value":"462247420"},"service_code":["11"],"billing_class":"professional","payments":[{"allowed_amount":40.00,"billing_code_modifier":[""],"providers":[{"billed_charge":40.00,"npi":[1316288657,1891932836]}]}]},{"tin":{"type":"ein","value":"474986531"},"service_code":["11"],"billing_class":"professional","payments":[{"allowed_amount":16.25,"billing_code_modifier":[""],"providers":[{"billed_charge":45.00,"npi":[1215017637,1407155740,1891167649]}]}]},{"tin":{"type":"ein","value":"576874431"},"service_code":["11"],"billing_class":"professional","payments":[{"allowed_amount":46.54,"billing_code_modifier":[""],"providers":[{"billed_charge":150.00,"npi":[1376613216]}]}]},{"tin":{"type":"ein","value":"586282248"},"service_code":["11"],"billing_class":"professional","payments":[{"allowed_amount":46.54,"billing_code_modifier":[""],"providers":[{"billed_charge":57.20,"npi":[1093879561]}]}]},{"tin":{"type":"ein","value":"611405246"},"service_code":["11"],"billing_class":"professional","payments":[{"allowed_amount":46.46,"billing_code_modifier":[""],"providers":[{"billed_charge":110.00,"npi":[1619033529,1710490370,1902012578]}]}]},{"tin":{"type":"ein","value":"811274067"},"service_code":["11"],"billing_class":"professional","payments":[{"allowed_amount":46.54,"billing_code_modifier":[""],"providers":[{"billed_charge":85.00,"npi":[1518326867]}]}]},{"tin":{"type":"ein","value":"812865808"},"service_code":["11"],"billing_class":"professional","payments":[{"allowed_amount":46.54,"billing_code_modifier":[""],"providers":[{"billed_charge":57.20,"npi":[1093879561,1518454065]}]}]},{"tin":{"type":"ein","value":"812865808"},"service_code":["11"],"billing_class":"professional","payments":[{"allowed_amount":93.08,"billing_code_modifier":[""],"providers":[{"billed_charge":114.40,"npi":[1093879561,1518454065]}]}]},{"tin":{"type":"ein","value":"814229786"},"service_code":["11"],"billing_class":"professional","payments":[{"allowed_amount":41.25,"billing_code_modifier":[""],"providers":[{"billed_charge":41.25,"npi":[1234567893]}]}]},{"tin":{"type":"ein","value":"822157287"},"service_code":["11"],"billing_class":"professional","payments":[{"allowed_amount":46.54,"billing_code_modifier":[""],"providers":[{"billed_charge":65.00,"npi":[1386161370,1538287487]}]}]},{"tin":{"type":"ein","value":"822515018"},"service_code":["11"],"billing_class":"professional","payments":[{"allowed_amount":46.54,"billing_code_modifier":[""],"providers":[{"billed_charge":60.00,"npi":[1396162996,1528586468,1902023666]}]}]},{"tin":{"type":"ein","value":"822515018"},"service_code":["11"],"billing_class":"professional","payments":[{"allowed_amount":93.08,"billing_code_modifier":[""],"providers":[{"billed_charge":120.00,"npi":[1396162996,1528586468,1902023666]}]}]},{"tin":{"type":"ein","value":"831228249"},"service_code":["11"],"billing_class":"professional","payments":[{"allowed_amount":40.00,"billing_code_modifier":[""],"providers":[{"billed_charge":40.00,"npi":[1386007607,1578041471]}]}]},{"tin":{"type":"ein","value":"833861235"},"service_code":["11"],"billing_class":"professional","payments":[{"allowed_amount":40.00,"billing_code_modifier":[""],"providers":[{"billed_charge":40.00,"npi":[1366087298,1720034309]}]}]}]},{"name":"PHYSICAL THERAPY RE-EVAL EST PLAN CARE 20 MINS","billing_code_type":"CPT","billing_code_type_version":"2020","billing_code":"97164","description":"PHYSICAL THERAPY RE-EVAL EST PLAN CARE 20 MINS","allowed_amounts":[{"tin":{"type":"ein","value":"822515018"},"service_code":["11"],"billing_class":"professional","payments":[{"allowed_amount":100.00,"billing_code_modifier":[""],"providers":[{"billed_charge":100.00,"npi":[1396162996,1528586468,1902023666]}]}]}]},{"name":"PSYCHIATRIC\/PSYCHOLOGICAL SVCS: PARTIAL HOSP - LES","billing_code_type":"RC","billing_code_type_version":"UB04","billing_code":"0912","description":"PSYCHIATRIC\/PSYCHOLOGICAL SVCS: PARTIAL HOSP - LES","allowed_amounts":[{"tin":{"type":"ein","value":"453536330"},"service_code":["22"],"billing_class":"institutional","payments":[{"allowed_amount":561.39,"billing_code_modifier":[""],"providers":[{"billed_charge":1625.00,"npi":[1700874724,1780941112]}]}]},{"tin":{"type":"ein","value":"453536330"},"service_code":["22"],"billing_class":"institutional","payments":[{"allowed_amount":740.00,"billing_code_modifier":[""],"providers":[{"billed_charge":1480.00,"npi":[1700874724,1780941112]}]}]},{"tin":{"type":"ein","value":"453536330"},"service_code":["22"],"billing_class":"institutional","payments":[{"allowed_amount":812.50,"billing_code_modifier":[""],"providers":[{"billed_charge":1625.00,"npi":[1700874724,1780941112]}]}]},{"tin":{"type":"ein","value":"844619549"},"service_code":["22"],"billing_class":"institutional","payments":[{"allowed_amount":1714.30,"billing_code_modifier":[""],"providers":[{"billed_charge":3600.00,"npi":[1558986448,1598878324]}]}]}]},{"name":"PSYCHIATRIC\/PSYCHOLOGICAL TRT: INTENSIVE OUT SERV","billing_code_type":"RC","billing_code_type_version":"UB04","billing_code":"0906","description":"PSYCHIATRIC\/PSYCHOLOGICAL TRT: INTENSIVE OUT SERV","allowed_amounts":[{"tin":{"type":"ein","value":"462632127"},"service_code":["22"],"billing_class":"institutional","payments":[{"allowed_amount":960.00,"billing_code_modifier":[""],"providers":[{"billed_charge":1600.00,"npi":[1255767125,1982751756]}]}]},{"tin":{"type":"ein","value":"462755887"},"service_code":["22"],"billing_class":"institutional","payments":[{"allowed_amount":715.00,"billing_code_modifier":[""],"providers":[{"billed_charge":1100.00,"npi":[1164815106,1235761677,1699869784]}]}]},{"tin":{"type":"ein","value":"473422344"},"service_code":["22","99"],"billing_class":"institutional","payments":[{"allowed_amount":1747.50,"billing_code_modifier":[""],"providers":[{"billed_charge":3495.00,"npi":[1134235484,1295235950]}]}]},{"tin":{"type":"ein","value":"844619549"},"service_code":["22"],"billing_class":"institutional","payments":[{"allowed_amount":1286.50,"billing_code_modifier":[""],"providers":[{"billed_charge":3000.00,"npi":[1558986448,1699214601]}]}]}]},{"name":"PSYCHIATRIC\/PSYCHOLOGICAL TRT: INTENSIVE OUTPATIEN","billing_code_type":"RC","billing_code_type_version":"UB04","billing_code":"0905","description":"PSYCHIATRIC\/PSYCHOLOGICAL TRT: INTENSIVE OUTPATIEN","allowed_amounts":[{"tin":{"type":"ein","value":"874620239"},"service_code":["22"],"billing_class":"institutional","payments":[{"allowed_amount":1500.00,"billing_code_modifier":[""],"providers":[{"billed_charge":2000.00,"npi":[1750037024,1841297009]}]}]}]},{"name":"PSYCHOTHERAPY W\/PATIENT 45 MINUTES","billing_code_type":"CPT","billing_code_type_version":"2020","billing_code":"90834","description":"PSYCHOTHERAPY W\/PATIENT 45 MINUTES","allowed_amounts":[{"tin":{"type":"ein","value":"474582976"},"service_code":["02","11"],"billing_class":"professional","payments":[{"allowed_amount":144.00,"billing_code_modifier":[""],"providers":[{"billed_charge":300.00,"npi":[1053692772,1457722431]}]}]}]},{"name":"PSYCHOTHERAPY W\/PATIENT 60 MINUTES","billing_code_type":"CPT","billing_code_type_version":"2020","billing_code":"90837","description":"PSYCHOTHERAPY W\/PATIENT 60 MINUTES","allowed_amounts":[{"tin":{"type":"ein","value":"582579953"},"service_code":["11"],"billing_class":"professional","payments":[{"allowed_amount":75.00,"billing_code_modifier":[""],"providers":[{"billed_charge":150.00,"npi":[1437519451,1558809822]}]}]}]},{"name":"RESIDENTIAL TREATMENT-CHEMICAL DEPENDENCY","billing_code_type":"RC","billing_code_type_version":"UB04","billing_code":"1002","description":"RESIDENTIAL TREATMENT-CHEMICAL DEPENDENCY","allowed_amounts":[{"tin":{"type":"ein","value":"844619549"},"service_code":["21"],"billing_class":"institutional","payments":[{"allowed_amount":1286.50,"billing_code_modifier":[""],"providers":[{"billed_charge":4300.00,"npi":[1558986448,1598878324]}]}]},{"tin":{"type":"ein","value":"852469391"},"service_code":["21"],"billing_class":"institutional","payments":[{"allowed_amount":3937.50,"billing_code_modifier":[""],"providers":[{"billed_charge":5250.00,"npi":[1699755264,1790398170]}]}]}]},{"name":"RESIDENTIAL TREATMENT-PSYCHIATRIC","billing_code_type":"RC","billing_code_type_version":"UB04","billing_code":"1001","description":"RESIDENTIAL TREATMENT-PSYCHIATRIC","allowed_amounts":[{"tin":{"type":"ein","value":"651005595"},"service_code":["21"],"billing_class":"institutional","payments":[{"allowed_amount":1844.50,"billing_code_modifier":[""],"providers":[{"billed_charge":2170.00,"npi":[1700874724,1891122396]}]}]}]},{"name":"SELF-CARE\/HOME MGMT TRAINING EACH 15 MINUTES","billing_code_type":"CPT","billing_code_type_version":"2020","billing_code":"97535","description":"SELF-CARE\/HOME MGMT TRAINING EACH 15 MINUTES","allowed_amounts":[{"tin":{"type":"ein","value":"586282248"},"service_code":["11"],"billing_class":"professional","payments":[{"allowed_amount":57.20,"billing_code_modifier":[""],"providers":[{"billed_charge":57.20,"npi":[1093879561]}]}]},{"tin":{"type":"ein","value":"812865808"},"service_code":["11"],"billing_class":"professional","payments":[{"allowed_amount":57.20,"billing_code_modifier":[""],"providers":[{"billed_charge":57.20,"npi":[1093879561,1518454065]}]}]}]},{"name":"SPEC CLCT FOR SARS-COV-2 COVID-19 ANY SPEC SRC","billing_code_type":"HCPCS","billing_code_type_version":"HCPCS LEVEL II 2021","billing_code":"G2023","description":"SPEC CLCT FOR SARS-COV-2 COVID-19 ANY SPEC SRC","allowed_amounts":[{"tin":{"type":"ein","value":"463908799"},"service_code":["03"],"billing_class":"professional","payments":[{"allowed_amount":21.00,"billing_code_modifier":[""],"providers":[{"billed_charge":35.00,"npi":[1093136418]}]}]}]},{"name":"THER PX 1\/> AREAS EACH 15 MIN NEUROMUSC REEDUCA","billing_code_type":"CPT","billing_code_type_version":"2020","billing_code":"97112","description":"THER PX 1\/> AREAS EACH 15 MIN NEUROMUSC REEDUCA","allowed_amounts":[{"tin":{"type":"ein","value":"363343009"},"service_code":["11"],"billing_class":"professional","payments":[{"allowed_amount":58.00,"billing_code_modifier":[""],"providers":[{"billed_charge":85.00,"npi":[1053477083,1881812162]}]}]},{"tin":{"type":"ein","value":"474986531"},"service_code":["11"],"billing_class":"professional","payments":[{"allowed_amount":16.25,"billing_code_modifier":[""],"providers":[{"billed_charge":45.00,"npi":[1215017637,1407155740,1891167649]}]}]},{"tin":{"type":"ein","value":"822515018"},"service_code":["11"],"billing_class":"professional","payments":[{"allowed_amount":61.18,"billing_code_modifier":[""],"providers":[{"billed_charge":75.00,"npi":[1396162996,1528586468,1902023666]}]}]}]},{"name":"THERAPEUT ACTVITY DIRECT PT CONTACT EACH 15 MIN","billing_code_type":"CPT","billing_code_type_version":"2020","billing_code":"97530","description":"THERAPEUT ACTVITY DIRECT PT CONTACT EACH 15 MIN","allowed_amounts":[{"tin":{"type":"ein","value":"043747644"},"service_code":["11"],"billing_class":"professional","payments":[{"allowed_amount":67.39,"billing_code_modifier":[""],"providers":[{"billed_charge":79.00,"npi":[1295780328]}]}]}]},{"name":"THERAPEUTIC PX 1\/> AREAS EACH 15 MIN EXERCISES","billing_code_type":"CPT","billing_code_type_version":"2020","billing_code":"97110","description":"THERAPEUTIC PX 1\/> AREAS EACH 15 MIN EXERCISES","allowed_amounts":[{"tin":{"type":"ein","value":"043747644"},"service_code":["11"],"billing_class":"professional","payments":[{"allowed_amount":99.58,"billing_code_modifier":[""],"providers":[{"billed_charge":148.00,"npi":[1295780328]}]}]},{"tin":{"type":"ein","value":"452221395"},"service_code":["11"],"billing_class":"professional","payments":[{"allowed_amount":49.89,"billing_code_modifier":[""],"providers":[{"billed_charge":85.00,"npi":[1215015284,1932287943,1972897965]}]}]},{"tin":{"type":"ein","value":"462247420"},"service_code":["11"],"billing_class":"professional","payments":[{"allowed_amount":40.00,"billing_code_modifier":[""],"providers":[{"billed_charge":40.00,"npi":[1316288657,1891932836]}]}]},{"tin":{"type":"ein","value":"474986531"},"service_code":["11"],"billing_class":"professional","payments":[{"allowed_amount":16.25,"billing_code_modifier":[""],"providers":[{"billed_charge":45.00,"npi":[1215017637,1407155740,1891167649]}]}]},{"tin":{"type":"ein","value":"586282248"},"service_code":["11"],"billing_class":"professional","payments":[{"allowed_amount":49.89,"billing_code_modifier":[""],"providers":[{"billed_charge":57.20,"npi":[1093879561]},{"billed_charge":70.00,"npi":[1093879561]}]},{"allowed_amount":49.89,"billing_code_modifier":[""],"providers":[{"billed_charge":57.20,"npi":[1093879561]},{"billed_charge":70.00,"npi":[1093879561]}]}]},{"tin":{"type":"ein","value":"586282248"},"service_code":["11"],"billing_class":"professional","payments":[{"allowed_amount":49.89,"billing_code_modifier":[""],"providers":[{"billed_charge":57.20,"npi":[1093879561]},{"billed_charge":70.00,"npi":[1093879561]}]},{"allowed_amount":49.89,"billing_code_modifier":[""],"providers":[{"billed_charge":57.20,"npi":[1093879561]},{"billed_charge":70.00,"npi":[1093879561]}]}]},{"tin":{"type":"ein","value":"611405246"},"service_code":["11"],"billing_class":"professional","payments":[{"allowed_amount":99.58,"billing_code_modifier":[""],"providers":[{"billed_charge":220.00,"npi":[1619033529,1710490370,1902012578]}]}]},{"tin":{"type":"ein","value":"812865808"},"service_code":["11"],"billing_class":"professional","payments":[{"allowed_amount":49.89,"billing_code_modifier":[""],"providers":[{"billed_charge":57.20,"npi":[1093879561,1518454065]}]}]},{"tin":{"type":"ein","value":"822157287"},"service_code":["11"],"billing_class":"professional","payments":[{"allowed_amount":49.89,"billing_code_modifier":[""],"providers":[{"billed_charge":60.00,"npi":[1386161370,1538287487]}]}]},{"tin":{"type":"ein","value":"822157287"},"service_code":["11"],"billing_class":"professional","payments":[{"allowed_amount":99.78,"billing_code_modifier":[""],"providers":[{"billed_charge":120.00,"npi":[1386161370,1538287487]}]}]},{"tin":{"type":"ein","value":"822515018"},"service_code":["11"],"billing_class":"professional","payments":[{"allowed_amount":49.89,"billing_code_modifier":[""],"providers":[{"billed_charge":75.00,"npi":[1396162996,1528586468,1902023666]}]}]},{"tin":{"type":"ein","value":"822515018"},"service_code":["11"],"billing_class":"professional","payments":[{"allowed_amount":99.78,"billing_code_modifier":[""],"providers":[{"billed_charge":150.00,"npi":[1396162996,1528586468,1902023666]}]}]},{"tin":{"type":"ein","value":"831228249"},"service_code":["11"],"billing_class":"professional","payments":[{"allowed_amount":40.00,"billing_code_modifier":[""],"providers":[{"billed_charge":40.00,"npi":[1386007607,1578041471]}]}]},{"tin":{"type":"ein","value":"833861235"},"service_code":["11"],"billing_class":"professional","payments":[{"allowed_amount":40.00,"billing_code_modifier":[""],"providers":[{"billed_charge":40.00,"npi":[1366087298,1720034309]}]}]}]}]}
