{"reporting_entity_name": "IEC Group_DBA AmeriBen",
	"reporting_entity_type": "Third Party Administrator",
	"plan_name": "RYOBI DIE CASTING USA INC",
	"plan_id_type": "ein",
	"plan_id": "382604602",
	"plan_market_type": "group",
	"last_updated_on": "2026-01-01","Version": "1.0.0","out_of_network":[{"name":"DRUGS REQUIRE SPECIFIC ID: EPO UNDER 10,000 UNITS","billing_code_type":"RC","billing_code_type_version":"UB04","billing_code":"0634","description":"DRUGS REQUIRE SPECIFIC ID: EPO UNDER 10,000 UNITS","allowed_amounts":[{"tin":{"type":"ein","value":"611890163"},"service_code":["65"],"billing_class":"institutional","payments":[{"allowed_amount":79.78,"billing_code_modifier":[""],"providers":[{"billed_charge":4608.40,"npi":[1043875180,1669400198]}]}]}]},{"name":"HEMO OPD\/HOME: HEMODIALYSIS COMP OR OTHER RATE","billing_code_type":"RC","billing_code_type_version":"UB04","billing_code":"0821","description":"HEMO OPD\/HOME: HEMODIALYSIS COMP OR OTHER RATE","allowed_amounts":[{"tin":{"type":"ein","value":"611890163"},"service_code":["65"],"billing_class":"institutional","payments":[{"allowed_amount":197.13,"billing_code_modifier":[""],"providers":[{"billed_charge":11388.21,"npi":[1043875180,1669400198]}]}]},{"tin":{"type":"ein","value":"611890163"},"service_code":["65"],"billing_class":"institutional","payments":[{"allowed_amount":207.55,"billing_code_modifier":[""],"providers":[{"billed_charge":11388.21,"npi":[1043875180,1669400198]}]}]},{"tin":{"type":"ein","value":"611890163"},"service_code":["65"],"billing_class":"institutional","payments":[{"allowed_amount":249.96,"billing_code_modifier":[""],"providers":[{"billed_charge":11388.21,"npi":[1043875180,1669400198]}]}]}]},{"name":"PSYCHIATRIC\/PSYCHOLOGICAL SVCS: PARTIAL HOSP - INT","billing_code_type":"RC","billing_code_type_version":"UB04","billing_code":"0913","description":"PSYCHIATRIC\/PSYCHOLOGICAL SVCS: PARTIAL HOSP - INT","allowed_amounts":[{"tin":{"type":"ein","value":"823508457"},"service_code":["22"],"billing_class":"institutional","payments":[{"allowed_amount":3109.00,"billing_code_modifier":[""],"providers":[{"billed_charge":7250.00,"npi":[1437658572,1871559385]}]}]}]}]}
