{"reporting_entity_name": "IEC Group_DBA AmeriBen",
	"reporting_entity_type": "Third Party Administrator",
	"plan_name": "TYLER TECHNOLOGIES INC",
	"plan_id_type": "ein",
	"plan_id": "752303920",
	"plan_market_type": "group",
	"last_updated_on": "2024-11-01","Version": "1.0.0","out_of_network":[{"name":"ACUPUNCTURE 1\/> NDLES W\/O ELEC STIMJ INIT 15 MIN","billing_code_type":"CPT","billing_code_type_version":"2020","billing_code":"97810","description":"ACUPUNCTURE 1\/> NDLES W\/O ELEC STIMJ INIT 15 MIN","allowed_amounts":[{"tin":{"type":"ein","value":"863087127"},"service_code":["11"],"billing_class":"professional","payments":[{"allowed_amount":94.15,"billing_code_modifier":[""],"providers":[{"billed_charge":275.00,"npi":[1144809948,1700154564]}]}]}]},{"name":"ACUPUNCTURE 1\/> NDLS W\/O ELEC STIMJ EA 15 MIN","billing_code_type":"CPT","billing_code_type_version":"2020","billing_code":"97811","description":"ACUPUNCTURE 1\/> NDLS W\/O ELEC STIMJ EA 15 MIN","allowed_amounts":[{"tin":{"type":"ein","value":"863087127"},"service_code":["11"],"billing_class":"professional","payments":[{"allowed_amount":139.16,"billing_code_modifier":[""],"providers":[{"billed_charge":450.00,"npi":[1144809948,1700154564]}]}]}]},{"name":"APPL MODALITY 1\/> AREAS TRACTION MECHANICAL","billing_code_type":"CPT","billing_code_type_version":"2020","billing_code":"97012","description":"APPL MODALITY 1\/> AREAS TRACTION MECHANICAL","allowed_amounts":[{"tin":{"type":"ein","value":"824913997"},"service_code":["11"],"billing_class":"professional","payments":[{"allowed_amount":32.40,"billing_code_modifier":[""],"providers":[{"billed_charge":135.00,"npi":[1134690787,1841787645]}]}]}]},{"name":"CCPD OPD\/HOME: CCPD COMP OR OTHER RATE","billing_code_type":"RC","billing_code_type_version":"UB04","billing_code":"0851","description":"CCPD OPD\/HOME: CCPD COMP OR OTHER RATE","allowed_amounts":[{"tin":{"type":"ein","value":"460536117"},"service_code":["65"],"billing_class":"institutional","payments":[{"allowed_amount":434.82,"billing_code_modifier":[""],"providers":[{"billed_charge":3543.00,"npi":[1326480567,1598755993]}]}]}]},{"name":"CHIROPRACTIC MANIPLTV TX EXTRASPINAL 1\/> REGION","billing_code_type":"CPT","billing_code_type_version":"2020","billing_code":"98943","description":"CHIROPRACTIC MANIPLTV TX EXTRASPINAL 1\/> REGION","allowed_amounts":[{"tin":{"type":"ein","value":"202901918"},"service_code":["11"],"billing_class":"professional","payments":[{"allowed_amount":20.69,"billing_code_modifier":[""],"providers":[{"billed_charge":80.00,"npi":[1619077435,1619932431]}]}]},{"tin":{"type":"ein","value":"301326427"},"service_code":["11"],"billing_class":"professional","payments":[{"allowed_amount":20.69,"billing_code_modifier":[""],"providers":[{"billed_charge":75.00,"npi":[1962108365]}]}]},{"tin":{"type":"ein","value":"991493723"},"service_code":["11"],"billing_class":"professional","payments":[{"allowed_amount":20.69,"billing_code_modifier":[""],"providers":[{"billed_charge":75.00,"npi":[1548802333,1730945171]}]}]}]},{"name":"CHIROPRACTIC MANIPULATIVE TX SPINAL 3-4 REGIONS","billing_code_type":"CPT","billing_code_type_version":"2020","billing_code":"98941","description":"CHIROPRACTIC MANIPULATIVE TX SPINAL 3-4 REGIONS","allowed_amounts":[{"tin":{"type":"ein","value":"202901918"},"service_code":["11"],"billing_class":"professional","payments":[{"allowed_amount":27.00,"billing_code_modifier":[""],"providers":[{"billed_charge":100.00,"npi":[1619077435,1619932431]}]}]},{"tin":{"type":"ein","value":"824913997"},"service_code":["11"],"billing_class":"professional","payments":[{"allowed_amount":70.00,"billing_code_modifier":[""],"providers":[{"billed_charge":132.00,"npi":[1134690787,1841787645]}]}]},{"tin":{"type":"ein","value":"991493723"},"service_code":["11"],"billing_class":"professional","payments":[{"allowed_amount":27.00,"billing_code_modifier":[""],"providers":[{"billed_charge":120.00,"npi":[1548802333,1730945171]}]}]}]},{"name":"DEBRIDEMENT MUSCLE &\/FASCIA 1ST 20 SQ CM\/<","billing_code_type":"CPT","billing_code_type_version":"2020","billing_code":"11043","description":"DEBRIDEMENT MUSCLE &\/FASCIA 1ST 20 SQ CM\/<","allowed_amounts":[{"tin":{"type":"ein","value":"862984378"},"service_code":["12"],"billing_class":"professional","payments":[{"allowed_amount":246.62,"billing_code_modifier":[""],"providers":[{"billed_charge":400.00,"npi":[1063094183,1417934902,1972132652]}]}]}]},{"name":"DEBRIDEMENT MUSCLE &\/FASCIA EA ADDL 20 SQ CM","billing_code_type":"CPT","billing_code_type_version":"2020","billing_code":"11046","description":"DEBRIDEMENT MUSCLE &\/FASCIA EA ADDL 20 SQ CM","allowed_amounts":[{"tin":{"type":"ein","value":"862984378"},"service_code":["12"],"billing_class":"professional","payments":[{"allowed_amount":0.00,"billing_code_modifier":[""],"providers":[{"billed_charge":150.00,"npi":[1063094183,1417934902,1972132652]},{"billed_charge":300.00,"npi":[1063094183,1972132652]}]},{"allowed_amount":0.00,"billing_code_modifier":[""],"providers":[{"billed_charge":150.00,"npi":[1063094183,1417934902,1972132652]},{"billed_charge":300.00,"npi":[1063094183,1972132652]}]}]},{"tin":{"type":"ein","value":"862984378"},"service_code":["12"],"billing_class":"professional","payments":[{"allowed_amount":0.00,"billing_code_modifier":[""],"providers":[{"billed_charge":150.00,"npi":[1063094183,1417934902,1972132652]},{"billed_charge":300.00,"npi":[1063094183,1972132652]}]},{"allowed_amount":0.00,"billing_code_modifier":[""],"providers":[{"billed_charge":150.00,"npi":[1063094183,1417934902,1972132652]},{"billed_charge":300.00,"npi":[1063094183,1972132652]}]}]}]},{"name":"DRUGS REQUIRE SPECIFIC ID: DRUGS REQUIRING DETAIL","billing_code_type":"RC","billing_code_type_version":"UB04","billing_code":"0636","description":"DRUGS REQUIRE SPECIFIC ID: DRUGS REQUIRING DETAIL","allowed_amounts":[{"tin":{"type":"ein","value":"810747649"},"service_code":["65"],"billing_class":"institutional","payments":[{"allowed_amount":3.42,"billing_code_modifier":[""],"providers":[{"billed_charge":77.35,"npi":[1588023683,1730175332]}]}]},{"tin":{"type":"ein","value":"810747649"},"service_code":["65"],"billing_class":"institutional","payments":[{"allowed_amount":27.38,"billing_code_modifier":[""],"providers":[{"billed_charge":618.80,"npi":[1588023683,1730175332]}]}]}]},{"name":"IADNA NOS AMPLIFIED PROBE TQ EACH ORGANISM","billing_code_type":"CPT","billing_code_type_version":"2020","billing_code":"87798","description":"IADNA NOS AMPLIFIED PROBE TQ EACH ORGANISM","allowed_amounts":[{"tin":{"type":"ein","value":"223510467"},"service_code":["81"],"billing_class":"professional","payments":[{"allowed_amount":24.56,"billing_code_modifier":[""],"providers":[{"billed_charge":50.00,"npi":[1477911279,1750373908]}]}]}]},{"name":"MANUAL THERAPY TQS 1\/> REGIONS EACH 15 MINUTES","billing_code_type":"CPT","billing_code_type_version":"2020","billing_code":"97140","description":"MANUAL THERAPY TQS 1\/> REGIONS EACH 15 MINUTES","allowed_amounts":[{"tin":{"type":"ein","value":"834259014"},"service_code":["11"],"billing_class":"professional","payments":[{"allowed_amount":79.76,"billing_code_modifier":[""],"providers":[{"billed_charge":300.00,"npi":[1275978876,1447875497]}]}]}]},{"name":"MEDICAL\/SURGICAL SUPPLIES","billing_code_type":"RC","billing_code_type_version":"UB04","billing_code":"0270","description":"MEDICAL\/SURGICAL SUPPLIES","allowed_amounts":[{"tin":{"type":"ein","value":"810747649"},"service_code":["65"],"billing_class":"institutional","payments":[{"allowed_amount":6.60,"billing_code_modifier":[""],"providers":[{"billed_charge":149.10,"npi":[1588023683,1730175332]}]}]}]},{"name":"OFFICE\/OUTPATIENT EST PT MAY NOT REQ PHYS\/QHP","billing_code_type":"CPT","billing_code_type_version":"2020","billing_code":"99211","description":"OFFICE\/OUTPATIENT EST PT MAY NOT REQ PHYS\/QHP","allowed_amounts":[{"tin":{"type":"ein","value":"834259014"},"service_code":["11"],"billing_class":"professional","payments":[{"allowed_amount":22.60,"billing_code_modifier":[""],"providers":[{"billed_charge":50.00,"npi":[1275978876,1447875497]}]}]}]},{"name":"OFFICE\/OUTPATIENT ESTABLISHED LOW MDM 20 MIN","billing_code_type":"CPT","billing_code_type_version":"2020","billing_code":"99213","description":"OFFICE\/OUTPATIENT ESTABLISHED LOW MDM 20 MIN","allowed_amounts":[{"tin":{"type":"ein","value":"274510731"},"service_code":["11"],"billing_class":"professional","payments":[{"allowed_amount":160.91,"billing_code_modifier":[""],"providers":[{"billed_charge":850.00,"npi":[1447342449,1881043669]}]}]}]},{"name":"PHARMACY","billing_code_type":"RC","billing_code_type_version":"UB04","billing_code":"0250","description":"PHARMACY","allowed_amounts":[{"tin":{"type":"ein","value":"810747649"},"service_code":["65"],"billing_class":"institutional","payments":[{"allowed_amount":8.79,"billing_code_modifier":[""],"providers":[{"billed_charge":198.60,"npi":[1588023683,1730175332]}]}]}]},{"name":"PSYCHIATRIC\/PSYCHOLOGICAL TRT: INTENSIVE OUTPATIEN","billing_code_type":"RC","billing_code_type_version":"UB04","billing_code":"0905","description":"PSYCHIATRIC\/PSYCHOLOGICAL TRT: INTENSIVE OUTPATIEN","allowed_amounts":[{"tin":{"type":"ein","value":"874620239"},"service_code":["22"],"billing_class":"institutional","payments":[{"allowed_amount":437.50,"billing_code_modifier":[""],"providers":[{"billed_charge":2000.00,"npi":[1750037024]},{"billed_charge":2195.00,"npi":[1750037024]}]},{"allowed_amount":437.50,"billing_code_modifier":[""],"providers":[{"billed_charge":2000.00,"npi":[1750037024]},{"billed_charge":2195.00,"npi":[1750037024]}]}]},{"tin":{"type":"ein","value":"874620239"},"service_code":["22"],"billing_class":"institutional","payments":[{"allowed_amount":437.50,"billing_code_modifier":[""],"providers":[{"billed_charge":2000.00,"npi":[1750037024]},{"billed_charge":2195.00,"npi":[1750037024]}]},{"allowed_amount":437.50,"billing_code_modifier":[""],"providers":[{"billed_charge":2000.00,"npi":[1750037024]},{"billed_charge":2195.00,"npi":[1750037024]}]}]}]},{"name":"PSYCHOTHERAPY W\/PATIENT 45 MINUTES","billing_code_type":"CPT","billing_code_type_version":"2020","billing_code":"90834","description":"PSYCHOTHERAPY W\/PATIENT 45 MINUTES","allowed_amounts":[{"tin":{"type":"ein","value":"227667343"},"service_code":["11"],"billing_class":"professional","payments":[{"allowed_amount":100.00,"billing_code_modifier":[""],"providers":[{"billed_charge":100.00,"npi":[1265625586]}]}]},{"tin":{"type":"ein","value":"841995192"},"service_code":["11"],"billing_class":"professional","payments":[{"allowed_amount":127.15,"billing_code_modifier":[""],"providers":[{"billed_charge":150.00,"npi":[1518614965]}]}]},{"tin":{"type":"ein","value":"844162435"},"service_code":["02"],"billing_class":"professional","payments":[{"allowed_amount":127.15,"billing_code_modifier":[""],"providers":[{"billed_charge":130.00,"npi":[1952941452]}]}]},{"tin":{"type":"ein","value":"862431553"},"service_code":["02"],"billing_class":"professional","payments":[{"allowed_amount":100.00,"billing_code_modifier":[""],"providers":[{"billed_charge":100.00,"npi":[1518550458]}]}]},{"tin":{"type":"ein","value":"911856170"},"service_code":["02"],"billing_class":"professional","payments":[{"allowed_amount":127.15,"billing_code_modifier":[""],"providers":[{"billed_charge":130.00,"npi":[1528776523]}]}]},{"tin":{"type":"ein","value":"920613532"},"service_code":["11"],"billing_class":"professional","payments":[{"allowed_amount":127.15,"billing_code_modifier":[""],"providers":[{"billed_charge":230.00,"npi":[1629602446]}]}]}]},{"name":"PSYCHOTHERAPY W\/PATIENT 60 MINUTES","billing_code_type":"CPT","billing_code_type_version":"2020","billing_code":"90837","description":"PSYCHOTHERAPY W\/PATIENT 60 MINUTES","allowed_amounts":[{"tin":{"type":"ein","value":"546251680"},"service_code":["11"],"billing_class":"professional","payments":[{"allowed_amount":130.00,"billing_code_modifier":[""],"providers":[{"billed_charge":130.00,"npi":[1235307349]}]}]},{"tin":{"type":"ein","value":"873878722"},"service_code":["02","11"],"billing_class":"professional","payments":[{"allowed_amount":130.00,"billing_code_modifier":[""],"providers":[{"billed_charge":130.00,"npi":[1871032250]}]}]}]},{"name":"THERAPEUT ACTVITY DIRECT PT CONTACT EACH 15 MIN","billing_code_type":"CPT","billing_code_type_version":"2020","billing_code":"97530","description":"THERAPEUT ACTVITY DIRECT PT CONTACT EACH 15 MIN","allowed_amounts":[{"tin":{"type":"ein","value":"824913997"},"service_code":["11"],"billing_class":"professional","payments":[{"allowed_amount":138.02,"billing_code_modifier":[""],"providers":[{"billed_charge":290.00,"npi":[1134690787,1720297138,1841787645]}]}]},{"tin":{"type":"ein","value":"834259014"},"service_code":["11"],"billing_class":"professional","payments":[{"allowed_amount":32.95,"billing_code_modifier":[""],"providers":[{"billed_charge":65.00,"npi":[1275978876,1447875497]},{"billed_charge":80.00,"npi":[1275978876,1447875497]}]},{"allowed_amount":32.95,"billing_code_modifier":[""],"providers":[{"billed_charge":65.00,"npi":[1275978876,1447875497]},{"billed_charge":80.00,"npi":[1275978876,1447875497]}]}]},{"tin":{"type":"ein","value":"834259014"},"service_code":["11"],"billing_class":"professional","payments":[{"allowed_amount":32.95,"billing_code_modifier":[""],"providers":[{"billed_charge":65.00,"npi":[1275978876,1447875497]},{"billed_charge":80.00,"npi":[1275978876,1447875497]}]},{"allowed_amount":32.95,"billing_code_modifier":[""],"providers":[{"billed_charge":65.00,"npi":[1275978876,1447875497]},{"billed_charge":80.00,"npi":[1275978876,1447875497]}]}]},{"tin":{"type":"ein","value":"853123939"},"service_code":["11"],"billing_class":"professional","payments":[{"allowed_amount":26.07,"billing_code_modifier":[""],"providers":[{"billed_charge":82.50,"npi":[1124175948,1881459485]}]}]},{"tin":{"type":"ein","value":"991493723"},"service_code":["11"],"billing_class":"professional","payments":[{"allowed_amount":32.95,"billing_code_modifier":[""],"providers":[{"billed_charge":119.00,"npi":[1548802333,1730945171]}]}]}]},{"name":"THERAPEUTIC PX 1\/> AREAS EACH 15 MIN EXERCISES","billing_code_type":"CPT","billing_code_type_version":"2020","billing_code":"97110","description":"THERAPEUTIC PX 1\/> AREAS EACH 15 MIN EXERCISES","allowed_amounts":[{"tin":{"type":"ein","value":"202901918"},"service_code":["11"],"billing_class":"professional","payments":[{"allowed_amount":25.55,"billing_code_modifier":[""],"providers":[{"billed_charge":80.00,"npi":[1619077435,1619932431]}]}]},{"tin":{"type":"ein","value":"301326427"},"service_code":["11"],"billing_class":"professional","payments":[{"allowed_amount":25.55,"billing_code_modifier":[""],"providers":[{"billed_charge":115.00,"npi":[1962108365]}]}]},{"tin":{"type":"ein","value":"834259014"},"service_code":["11"],"billing_class":"professional","payments":[{"allowed_amount":25.55,"billing_code_modifier":[""],"providers":[{"billed_charge":75.00,"npi":[1275978876,1447875497]}]}]},{"tin":{"type":"ein","value":"991493723"},"service_code":["11"],"billing_class":"professional","payments":[{"allowed_amount":25.55,"billing_code_modifier":[""],"providers":[{"billed_charge":98.00,"npi":[1548802333,1730945171]}]}]}]}]}
