{"reporting_entity_name": "IEC Group_DBA AmeriBen",
	"reporting_entity_type": "Third Party Administrator",
	"plan_name": "KING'S HAWAIIAN MEDICAL PLAN",
	"plan_id_type": "ein",
	"plan_id": "330747313",
	"plan_market_type": "group",
	"last_updated_on": "2025-09-01","Version": "1.0.0","out_of_network":[{"name":"BLS","billing_code_type":"HCPCS","billing_code_type_version":"HCPCS LEVEL II 2021","billing_code":"A0428","description":"BLS","allowed_amounts":[{"tin":{"type":"ein","value":"473855143"},"service_code":["41"],"billing_class":"professional","payments":[{"allowed_amount":452.48,"billing_code_modifier":[""],"providers":[{"billed_charge":825.00,"npi":[1487007662]}]}]}]},{"name":"CRITICAL CARE ILL\/INJURED PATIENT INIT 30-74 MIN","billing_code_type":"CPT","billing_code_type_version":"2020","billing_code":"99291","description":"CRITICAL CARE ILL\/INJURED PATIENT INIT 30-74 MIN","allowed_amounts":[{"tin":{"type":"ein","value":"270929943"},"service_code":["21"],"billing_class":"professional","payments":[{"allowed_amount":316.02,"billing_code_modifier":[""],"providers":[{"billed_charge":1534.00,"npi":[1043510183,1346869955,1639172372]}]}]},{"tin":{"type":"ein","value":"452647136"},"service_code":["21"],"billing_class":"professional","payments":[{"allowed_amount":319.67,"billing_code_modifier":[""],"providers":[{"billed_charge":1150.00,"npi":[1639172372,1790715241,1942597265]}]}]},{"tin":{"type":"ein","value":"474798414"},"service_code":["21"],"billing_class":"professional","payments":[{"allowed_amount":319.67,"billing_code_modifier":[""],"providers":[{"billed_charge":800.00,"npi":[1639172372,1841403029,1881068807]}]}]}]},{"name":"GROUND MILEAGE","billing_code_type":"HCPCS","billing_code_type_version":"HCPCS LEVEL II 2021","billing_code":"A0425","description":"GROUND MILEAGE","allowed_amounts":[{"tin":{"type":"ein","value":"473855143"},"service_code":["41"],"billing_class":"professional","payments":[{"allowed_amount":12.81,"billing_code_modifier":[""],"providers":[{"billed_charge":21.00,"npi":[1487007662]}]}]}]},{"name":"SBSQ HOSPITAL IP\/OBS CARE HIGH MDM 50 MINUTES","billing_code_type":"CPT","billing_code_type_version":"2020","billing_code":"99233","description":"SBSQ HOSPITAL IP\/OBS CARE HIGH MDM 50 MINUTES","allowed_amounts":[{"tin":{"type":"ein","value":"270929943"},"service_code":["21"],"billing_class":"professional","payments":[{"allowed_amount":113.93,"billing_code_modifier":[""],"providers":[{"billed_charge":718.00,"npi":[1043510183,1346869955,1457980500,1639172372,1881829661]}]}]},{"tin":{"type":"ein","value":"270929943"},"service_code":["21"],"billing_class":"professional","payments":[{"allowed_amount":169.93,"billing_code_modifier":[""],"providers":[{"billed_charge":718.00,"npi":[1043510183,1104352608,1346869955,1548616873,1639172372,1881829661]}]}]},{"tin":{"type":"ein","value":"452647136"},"service_code":["21"],"billing_class":"professional","payments":[{"allowed_amount":114.90,"billing_code_modifier":[""],"providers":[{"billed_charge":930.00,"npi":[1639172372,1790715241,1942597265]}]}]},{"tin":{"type":"ein","value":"474798414"},"service_code":["21"],"billing_class":"professional","payments":[{"allowed_amount":114.90,"billing_code_modifier":[""],"providers":[{"billed_charge":600.00,"npi":[1639172372,1720267990,1881068807]}]}]}]}]}
