{"reporting_entity_name": "IEC Group_DBA AmeriBen",
	"reporting_entity_type": "Third Party Administrator",
	"plan_name": "JACOBS ENTERTAINMENT INC.",
	"plan_id_type": "ein",
	"plan_id": "341959351",
	"plan_market_type": "group",
	"last_updated_on": "2023-06-01","Version": "1.0.0","out_of_network":[{"name":"IAADIADOO INFLUENZA","billing_code_type":"CPT","billing_code_type_version":"2020","billing_code":"87804","description":"IAADIADOO INFLUENZA","allowed_amounts":[{"tin":{"type":"ein","value":"452716351"},"service_code":["20"],"billing_class":"professional","payments":[{"allowed_amount":16.55,"billing_code_modifier":[""],"providers":[{"billed_charge":67.00,"npi":[1093376873,1346887098,1447635016,1952951287]}]}]},{"tin":{"type":"ein","value":"824676679"},"service_code":["11"],"billing_class":"professional","payments":[{"allowed_amount":16.55,"billing_code_modifier":[""],"providers":[{"billed_charge":30.00,"npi":[1659762839,1689224321]}]}]}]}]}
