{"reporting_entity_name": "IEC Group_DBA AmeriBen",
	"reporting_entity_type": "Third Party Administrator",
	"plan_name": "US ECOLOGY HOLDINGS, INC",
	"plan_id_type": "ein",
	"plan_id": "953889638",
	"plan_market_type": "group",
	"last_updated_on": "2022-11-01","Version": "1.0.0","out_of_network":[{"name":"INFEC AGEN DETEC AMPLI PROBE","billing_code_type":"HCPCS","billing_code_type_version":"HCPCS LEVEL II 2021","billing_code":"U0005","description":"INFEC AGEN DETEC AMPLI PROBE","allowed_amounts":[{"tin":{"type":"ein","value":"133757370"},"service_code":["81"],"billing_class":"professional","payments":[{"allowed_amount":25.00,"billing_code_modifier":[""],"providers":[{"billed_charge":25.00,"npi":[1902809940]}]}]},{"tin":{"type":"ein","value":"450454268"},"service_code":["81"],"billing_class":"professional","payments":[{"allowed_amount":0.00,"billing_code_modifier":[""],"providers":[{"billed_charge":82.00,"npi":[1588004410]}]}]},{"tin":{"type":"ein","value":"471926617"},"service_code":["81"],"billing_class":"professional","payments":[{"allowed_amount":25.00,"billing_code_modifier":[""],"providers":[{"billed_charge":150.00,"npi":[1376926196]}]}]},{"tin":{"type":"ein","value":"472462178"},"service_code":["81"],"billing_class":"professional","payments":[{"allowed_amount":0.00,"billing_code_modifier":[""],"providers":[{"billed_charge":50.00,"npi":[1144731605,1508484569,1962018374]}]}]},{"tin":{"type":"ein","value":"473727159"},"service_code":["81"],"billing_class":"professional","payments":[{"allowed_amount":25.00,"billing_code_modifier":[""],"providers":[{"billed_charge":25.00,"npi":[1025345665,1861066151,1912521568]}]}]},{"tin":{"type":"ein","value":"474172816"},"service_code":["81"],"billing_class":"professional","payments":[{"allowed_amount":0.00,"billing_code_modifier":[""],"providers":[{"billed_charge":50.00,"npi":[1467073460]}]}]},{"tin":{"type":"ein","value":"475502891"},"service_code":["81"],"billing_class":"professional","payments":[{"allowed_amount":0.00,"billing_code_modifier":[""],"providers":[{"billed_charge":65.00,"npi":[1902840283]}]}]},{"tin":{"type":"ein","value":"813546703"},"service_code":["81"],"billing_class":"professional","payments":[{"allowed_amount":25.00,"billing_code_modifier":[""],"providers":[{"billed_charge":50.00,"npi":[1033655303]}]}]},{"tin":{"type":"ein","value":"820973231"},"service_code":["81"],"billing_class":"professional","payments":[{"allowed_amount":25.00,"billing_code_modifier":[""],"providers":[{"billed_charge":25.00,"npi":[1205362522]}]}]},{"tin":{"type":"ein","value":"843447582"},"service_code":["81"],"billing_class":"professional","payments":[{"allowed_amount":25.00,"billing_code_modifier":[""],"providers":[{"billed_charge":50.00,"npi":[1346696648]}]}]},{"tin":{"type":"ein","value":"853270362"},"service_code":["81"],"billing_class":"professional","payments":[{"allowed_amount":0.00,"billing_code_modifier":[""],"providers":[{"billed_charge":50.00,"npi":[1841865219]}]}]},{"tin":{"type":"ein","value":"862097450"},"service_code":["81"],"billing_class":"professional","payments":[{"allowed_amount":25.00,"billing_code_modifier":[""],"providers":[{"billed_charge":62.50,"npi":[1033880224]}]}]},{"tin":{"type":"ein","value":"880241758"},"service_code":["81"],"billing_class":"professional","payments":[{"allowed_amount":0.00,"billing_code_modifier":[""],"providers":[{"billed_charge":25.00,"npi":[1124417357]}]}]},{"tin":{"type":"ein","value":"880241758"},"service_code":["81"],"billing_class":"professional","payments":[{"allowed_amount":25.00,"billing_code_modifier":[""],"providers":[{"billed_charge":25.00,"npi":[1124417357]}]}]}]},{"name":"MEDICAL\/SURGICAL SUPPLIES: STERILE SUPPLIES","billing_code_type":"RC","billing_code_type_version":"UB04","billing_code":"0272","description":"MEDICAL\/SURGICAL SUPPLIES: STERILE SUPPLIES","allowed_amounts":[{"tin":{"type":"ein","value":"473248194"},"service_code":["23"],"billing_class":"institutional","payments":[{"allowed_amount":0.00,"billing_code_modifier":[""],"providers":[{"billed_charge":2.00,"npi":[1115456786,1588111082]},{"billed_charge":4.00,"npi":[1115456786,1588111082]},{"billed_charge":6.00,"npi":[1115456786,1588111082]},{"billed_charge":10.00,"npi":[1115456786,1588111082]},{"billed_charge":20.00,"npi":[1115456786,1588111082]},{"billed_charge":60.00,"npi":[1115456786,1588111082]},{"billed_charge":120.00,"npi":[1115456786,1588111082]}]},{"allowed_amount":0.00,"billing_code_modifier":[""],"providers":[{"billed_charge":2.00,"npi":[1115456786,1588111082]},{"billed_charge":4.00,"npi":[1115456786,1588111082]},{"billed_charge":6.00,"npi":[1115456786,1588111082]},{"billed_charge":10.00,"npi":[1115456786,1588111082]},{"billed_charge":20.00,"npi":[1115456786,1588111082]},{"billed_charge":60.00,"npi":[1115456786,1588111082]},{"billed_charge":120.00,"npi":[1115456786,1588111082]}]},{"allowed_amount":0.00,"billing_code_modifier":[""],"providers":[{"billed_charge":2.00,"npi":[1115456786,1588111082]},{"billed_charge":4.00,"npi":[1115456786,1588111082]},{"billed_charge":6.00,"npi":[1115456786,1588111082]},{"billed_charge":10.00,"npi":[1115456786,1588111082]},{"billed_charge":20.00,"npi":[1115456786,1588111082]},{"billed_charge":60.00,"npi":[1115456786,1588111082]},{"billed_charge":120.00,"npi":[1115456786,1588111082]}]},{"allowed_amount":0.00,"billing_code_modifier":[""],"providers":[{"billed_charge":2.00,"npi":[1115456786,1588111082]},{"billed_charge":4.00,"npi":[1115456786,1588111082]},{"billed_charge":6.00,"npi":[1115456786,1588111082]},{"billed_charge":10.00,"npi":[1115456786,1588111082]},{"billed_charge":20.00,"npi":[1115456786,1588111082]},{"billed_charge":60.00,"npi":[1115456786,1588111082]},{"billed_charge":120.00,"npi":[1115456786,1588111082]}]},{"allowed_amount":0.00,"billing_code_modifier":[""],"providers":[{"billed_charge":2.00,"npi":[1115456786,1588111082]},{"billed_charge":4.00,"npi":[1115456786,1588111082]},{"billed_charge":6.00,"npi":[1115456786,1588111082]},{"billed_charge":10.00,"npi":[1115456786,1588111082]},{"billed_charge":20.00,"npi":[1115456786,1588111082]},{"billed_charge":60.00,"npi":[1115456786,1588111082]},{"billed_charge":120.00,"npi":[1115456786,1588111082]}]},{"allowed_amount":0.00,"billing_code_modifier":[""],"providers":[{"billed_charge":2.00,"npi":[1115456786,1588111082]},{"billed_charge":4.00,"npi":[1115456786,1588111082]},{"billed_charge":6.00,"npi":[1115456786,1588111082]},{"billed_charge":10.00,"npi":[1115456786,1588111082]},{"billed_charge":20.00,"npi":[1115456786,1588111082]},{"billed_charge":60.00,"npi":[1115456786,1588111082]},{"billed_charge":120.00,"npi":[1115456786,1588111082]}]},{"allowed_amount":0.00,"billing_code_modifier":[""],"providers":[{"billed_charge":2.00,"npi":[1115456786,1588111082]},{"billed_charge":4.00,"npi":[1115456786,1588111082]},{"billed_charge":6.00,"npi":[1115456786,1588111082]},{"billed_charge":10.00,"npi":[1115456786,1588111082]},{"billed_charge":20.00,"npi":[1115456786,1588111082]},{"billed_charge":60.00,"npi":[1115456786,1588111082]},{"billed_charge":120.00,"npi":[1115456786,1588111082]}]}]},{"tin":{"type":"ein","value":"473248194"},"service_code":["23"],"billing_class":"institutional","payments":[{"allowed_amount":0.00,"billing_code_modifier":[""],"providers":[{"billed_charge":2.00,"npi":[1115456786,1588111082]},{"billed_charge":4.00,"npi":[1115456786,1588111082]},{"billed_charge":6.00,"npi":[1115456786,1588111082]},{"billed_charge":10.00,"npi":[1115456786,1588111082]},{"billed_charge":20.00,"npi":[1115456786,1588111082]},{"billed_charge":60.00,"npi":[1115456786,1588111082]},{"billed_charge":120.00,"npi":[1115456786,1588111082]}]},{"allowed_amount":0.00,"billing_code_modifier":[""],"providers":[{"billed_charge":2.00,"npi":[1115456786,1588111082]},{"billed_charge":4.00,"npi":[1115456786,1588111082]},{"billed_charge":6.00,"npi":[1115456786,1588111082]},{"billed_charge":10.00,"npi":[1115456786,1588111082]},{"billed_charge":20.00,"npi":[1115456786,1588111082]},{"billed_charge":60.00,"npi":[1115456786,1588111082]},{"billed_charge":120.00,"npi":[1115456786,1588111082]}]},{"allowed_amount":0.00,"billing_code_modifier":[""],"providers":[{"billed_charge":2.00,"npi":[1115456786,1588111082]},{"billed_charge":4.00,"npi":[1115456786,1588111082]},{"billed_charge":6.00,"npi":[1115456786,1588111082]},{"billed_charge":10.00,"npi":[1115456786,1588111082]},{"billed_charge":20.00,"npi":[1115456786,1588111082]},{"billed_charge":60.00,"npi":[1115456786,1588111082]},{"billed_charge":120.00,"npi":[1115456786,1588111082]}]},{"allowed_amount":0.00,"billing_code_modifier":[""],"providers":[{"billed_charge":2.00,"npi":[1115456786,1588111082]},{"billed_charge":4.00,"npi":[1115456786,1588111082]},{"billed_charge":6.00,"npi":[1115456786,1588111082]},{"billed_charge":10.00,"npi":[1115456786,1588111082]},{"billed_charge":20.00,"npi":[1115456786,1588111082]},{"billed_charge":60.00,"npi":[1115456786,1588111082]},{"billed_charge":120.00,"npi":[1115456786,1588111082]}]},{"allowed_amount":0.00,"billing_code_modifier":[""],"providers":[{"billed_charge":2.00,"npi":[1115456786,1588111082]},{"billed_charge":4.00,"npi":[1115456786,1588111082]},{"billed_charge":6.00,"npi":[1115456786,1588111082]},{"billed_charge":10.00,"npi":[1115456786,1588111082]},{"billed_charge":20.00,"npi":[1115456786,1588111082]},{"billed_charge":60.00,"npi":[1115456786,1588111082]},{"billed_charge":120.00,"npi":[1115456786,1588111082]}]},{"allowed_amount":0.00,"billing_code_modifier":[""],"providers":[{"billed_charge":2.00,"npi":[1115456786,1588111082]},{"billed_charge":4.00,"npi":[1115456786,1588111082]},{"billed_charge":6.00,"npi":[1115456786,1588111082]},{"billed_charge":10.00,"npi":[1115456786,1588111082]},{"billed_charge":20.00,"npi":[1115456786,1588111082]},{"billed_charge":60.00,"npi":[1115456786,1588111082]},{"billed_charge":120.00,"npi":[1115456786,1588111082]}]},{"allowed_amount":0.00,"billing_code_modifier":[""],"providers":[{"billed_charge":2.00,"npi":[1115456786,1588111082]},{"billed_charge":4.00,"npi":[1115456786,1588111082]},{"billed_charge":6.00,"npi":[1115456786,1588111082]},{"billed_charge":10.00,"npi":[1115456786,1588111082]},{"billed_charge":20.00,"npi":[1115456786,1588111082]},{"billed_charge":60.00,"npi":[1115456786,1588111082]},{"billed_charge":120.00,"npi":[1115456786,1588111082]}]}]},{"tin":{"type":"ein","value":"473248194"},"service_code":["23"],"billing_class":"institutional","payments":[{"allowed_amount":0.00,"billing_code_modifier":[""],"providers":[{"billed_charge":2.00,"npi":[1115456786,1588111082]},{"billed_charge":4.00,"npi":[1115456786,1588111082]},{"billed_charge":6.00,"npi":[1115456786,1588111082]},{"billed_charge":10.00,"npi":[1115456786,1588111082]},{"billed_charge":20.00,"npi":[1115456786,1588111082]},{"billed_charge":60.00,"npi":[1115456786,1588111082]},{"billed_charge":120.00,"npi":[1115456786,1588111082]}]},{"allowed_amount":0.00,"billing_code_modifier":[""],"providers":[{"billed_charge":2.00,"npi":[1115456786,1588111082]},{"billed_charge":4.00,"npi":[1115456786,1588111082]},{"billed_charge":6.00,"npi":[1115456786,1588111082]},{"billed_charge":10.00,"npi":[1115456786,1588111082]},{"billed_charge":20.00,"npi":[1115456786,1588111082]},{"billed_charge":60.00,"npi":[1115456786,1588111082]},{"billed_charge":120.00,"npi":[1115456786,1588111082]}]},{"allowed_amount":0.00,"billing_code_modifier":[""],"providers":[{"billed_charge":2.00,"npi":[1115456786,1588111082]},{"billed_charge":4.00,"npi":[1115456786,1588111082]},{"billed_charge":6.00,"npi":[1115456786,1588111082]},{"billed_charge":10.00,"npi":[1115456786,1588111082]},{"billed_charge":20.00,"npi":[1115456786,1588111082]},{"billed_charge":60.00,"npi":[1115456786,1588111082]},{"billed_charge":120.00,"npi":[1115456786,1588111082]}]},{"allowed_amount":0.00,"billing_code_modifier":[""],"providers":[{"billed_charge":2.00,"npi":[1115456786,1588111082]},{"billed_charge":4.00,"npi":[1115456786,1588111082]},{"billed_charge":6.00,"npi":[1115456786,1588111082]},{"billed_charge":10.00,"npi":[1115456786,1588111082]},{"billed_charge":20.00,"npi":[1115456786,1588111082]},{"billed_charge":60.00,"npi":[1115456786,1588111082]},{"billed_charge":120.00,"npi":[1115456786,1588111082]}]},{"allowed_amount":0.00,"billing_code_modifier":[""],"providers":[{"billed_charge":2.00,"npi":[1115456786,1588111082]},{"billed_charge":4.00,"npi":[1115456786,1588111082]},{"billed_charge":6.00,"npi":[1115456786,1588111082]},{"billed_charge":10.00,"npi":[1115456786,1588111082]},{"billed_charge":20.00,"npi":[1115456786,1588111082]},{"billed_charge":60.00,"npi":[1115456786,1588111082]},{"billed_charge":120.00,"npi":[1115456786,1588111082]}]},{"allowed_amount":0.00,"billing_code_modifier":[""],"providers":[{"billed_charge":2.00,"npi":[1115456786,1588111082]},{"billed_charge":4.00,"npi":[1115456786,1588111082]},{"billed_charge":6.00,"npi":[1115456786,1588111082]},{"billed_charge":10.00,"npi":[1115456786,1588111082]},{"billed_charge":20.00,"npi":[1115456786,1588111082]},{"billed_charge":60.00,"npi":[1115456786,1588111082]},{"billed_charge":120.00,"npi":[1115456786,1588111082]}]},{"allowed_amount":0.00,"billing_code_modifier":[""],"providers":[{"billed_charge":2.00,"npi":[1115456786,1588111082]},{"billed_charge":4.00,"npi":[1115456786,1588111082]},{"billed_charge":6.00,"npi":[1115456786,1588111082]},{"billed_charge":10.00,"npi":[1115456786,1588111082]},{"billed_charge":20.00,"npi":[1115456786,1588111082]},{"billed_charge":60.00,"npi":[1115456786,1588111082]},{"billed_charge":120.00,"npi":[1115456786,1588111082]}]}]},{"tin":{"type":"ein","value":"473248194"},"service_code":["23"],"billing_class":"institutional","payments":[{"allowed_amount":0.00,"billing_code_modifier":[""],"providers":[{"billed_charge":2.00,"npi":[1115456786,1588111082]},{"billed_charge":4.00,"npi":[1115456786,1588111082]},{"billed_charge":6.00,"npi":[1115456786,1588111082]},{"billed_charge":10.00,"npi":[1115456786,1588111082]},{"billed_charge":20.00,"npi":[1115456786,1588111082]},{"billed_charge":60.00,"npi":[1115456786,1588111082]},{"billed_charge":120.00,"npi":[1115456786,1588111082]}]},{"allowed_amount":0.00,"billing_code_modifier":[""],"providers":[{"billed_charge":2.00,"npi":[1115456786,1588111082]},{"billed_charge":4.00,"npi":[1115456786,1588111082]},{"billed_charge":6.00,"npi":[1115456786,1588111082]},{"billed_charge":10.00,"npi":[1115456786,1588111082]},{"billed_charge":20.00,"npi":[1115456786,1588111082]},{"billed_charge":60.00,"npi":[1115456786,1588111082]},{"billed_charge":120.00,"npi":[1115456786,1588111082]}]},{"allowed_amount":0.00,"billing_code_modifier":[""],"providers":[{"billed_charge":2.00,"npi":[1115456786,1588111082]},{"billed_charge":4.00,"npi":[1115456786,1588111082]},{"billed_charge":6.00,"npi":[1115456786,1588111082]},{"billed_charge":10.00,"npi":[1115456786,1588111082]},{"billed_charge":20.00,"npi":[1115456786,1588111082]},{"billed_charge":60.00,"npi":[1115456786,1588111082]},{"billed_charge":120.00,"npi":[1115456786,1588111082]}]},{"allowed_amount":0.00,"billing_code_modifier":[""],"providers":[{"billed_charge":2.00,"npi":[1115456786,1588111082]},{"billed_charge":4.00,"npi":[1115456786,1588111082]},{"billed_charge":6.00,"npi":[1115456786,1588111082]},{"billed_charge":10.00,"npi":[1115456786,1588111082]},{"billed_charge":20.00,"npi":[1115456786,1588111082]},{"billed_charge":60.00,"npi":[1115456786,1588111082]},{"billed_charge":120.00,"npi":[1115456786,1588111082]}]},{"allowed_amount":0.00,"billing_code_modifier":[""],"providers":[{"billed_charge":2.00,"npi":[1115456786,1588111082]},{"billed_charge":4.00,"npi":[1115456786,1588111082]},{"billed_charge":6.00,"npi":[1115456786,1588111082]},{"billed_charge":10.00,"npi":[1115456786,1588111082]},{"billed_charge":20.00,"npi":[1115456786,1588111082]},{"billed_charge":60.00,"npi":[1115456786,1588111082]},{"billed_charge":120.00,"npi":[1115456786,1588111082]}]},{"allowed_amount":0.00,"billing_code_modifier":[""],"providers":[{"billed_charge":2.00,"npi":[1115456786,1588111082]},{"billed_charge":4.00,"npi":[1115456786,1588111082]},{"billed_charge":6.00,"npi":[1115456786,1588111082]},{"billed_charge":10.00,"npi":[1115456786,1588111082]},{"billed_charge":20.00,"npi":[1115456786,1588111082]},{"billed_charge":60.00,"npi":[1115456786,1588111082]},{"billed_charge":120.00,"npi":[1115456786,1588111082]}]},{"allowed_amount":0.00,"billing_code_modifier":[""],"providers":[{"billed_charge":2.00,"npi":[1115456786,1588111082]},{"billed_charge":4.00,"npi":[1115456786,1588111082]},{"billed_charge":6.00,"npi":[1115456786,1588111082]},{"billed_charge":10.00,"npi":[1115456786,1588111082]},{"billed_charge":20.00,"npi":[1115456786,1588111082]},{"billed_charge":60.00,"npi":[1115456786,1588111082]},{"billed_charge":120.00,"npi":[1115456786,1588111082]}]}]},{"tin":{"type":"ein","value":"473248194"},"service_code":["23"],"billing_class":"institutional","payments":[{"allowed_amount":0.00,"billing_code_modifier":[""],"providers":[{"billed_charge":2.00,"npi":[1115456786,1588111082]},{"billed_charge":4.00,"npi":[1115456786,1588111082]},{"billed_charge":6.00,"npi":[1115456786,1588111082]},{"billed_charge":10.00,"npi":[1115456786,1588111082]},{"billed_charge":20.00,"npi":[1115456786,1588111082]},{"billed_charge":60.00,"npi":[1115456786,1588111082]},{"billed_charge":120.00,"npi":[1115456786,1588111082]}]},{"allowed_amount":0.00,"billing_code_modifier":[""],"providers":[{"billed_charge":2.00,"npi":[1115456786,1588111082]},{"billed_charge":4.00,"npi":[1115456786,1588111082]},{"billed_charge":6.00,"npi":[1115456786,1588111082]},{"billed_charge":10.00,"npi":[1115456786,1588111082]},{"billed_charge":20.00,"npi":[1115456786,1588111082]},{"billed_charge":60.00,"npi":[1115456786,1588111082]},{"billed_charge":120.00,"npi":[1115456786,1588111082]}]},{"allowed_amount":0.00,"billing_code_modifier":[""],"providers":[{"billed_charge":2.00,"npi":[1115456786,1588111082]},{"billed_charge":4.00,"npi":[1115456786,1588111082]},{"billed_charge":6.00,"npi":[1115456786,1588111082]},{"billed_charge":10.00,"npi":[1115456786,1588111082]},{"billed_charge":20.00,"npi":[1115456786,1588111082]},{"billed_charge":60.00,"npi":[1115456786,1588111082]},{"billed_charge":120.00,"npi":[1115456786,1588111082]}]},{"allowed_amount":0.00,"billing_code_modifier":[""],"providers":[{"billed_charge":2.00,"npi":[1115456786,1588111082]},{"billed_charge":4.00,"npi":[1115456786,1588111082]},{"billed_charge":6.00,"npi":[1115456786,1588111082]},{"billed_charge":10.00,"npi":[1115456786,1588111082]},{"billed_charge":20.00,"npi":[1115456786,1588111082]},{"billed_charge":60.00,"npi":[1115456786,1588111082]},{"billed_charge":120.00,"npi":[1115456786,1588111082]}]},{"allowed_amount":0.00,"billing_code_modifier":[""],"providers":[{"billed_charge":2.00,"npi":[1115456786,1588111082]},{"billed_charge":4.00,"npi":[1115456786,1588111082]},{"billed_charge":6.00,"npi":[1115456786,1588111082]},{"billed_charge":10.00,"npi":[1115456786,1588111082]},{"billed_charge":20.00,"npi":[1115456786,1588111082]},{"billed_charge":60.00,"npi":[1115456786,1588111082]},{"billed_charge":120.00,"npi":[1115456786,1588111082]}]},{"allowed_amount":0.00,"billing_code_modifier":[""],"providers":[{"billed_charge":2.00,"npi":[1115456786,1588111082]},{"billed_charge":4.00,"npi":[1115456786,1588111082]},{"billed_charge":6.00,"npi":[1115456786,1588111082]},{"billed_charge":10.00,"npi":[1115456786,1588111082]},{"billed_charge":20.00,"npi":[1115456786,1588111082]},{"billed_charge":60.00,"npi":[1115456786,1588111082]},{"billed_charge":120.00,"npi":[1115456786,1588111082]}]},{"allowed_amount":0.00,"billing_code_modifier":[""],"providers":[{"billed_charge":2.00,"npi":[1115456786,1588111082]},{"billed_charge":4.00,"npi":[1115456786,1588111082]},{"billed_charge":6.00,"npi":[1115456786,1588111082]},{"billed_charge":10.00,"npi":[1115456786,1588111082]},{"billed_charge":20.00,"npi":[1115456786,1588111082]},{"billed_charge":60.00,"npi":[1115456786,1588111082]},{"billed_charge":120.00,"npi":[1115456786,1588111082]}]}]},{"tin":{"type":"ein","value":"473248194"},"service_code":["23"],"billing_class":"institutional","payments":[{"allowed_amount":0.00,"billing_code_modifier":[""],"providers":[{"billed_charge":2.00,"npi":[1115456786,1588111082]},{"billed_charge":4.00,"npi":[1115456786,1588111082]},{"billed_charge":6.00,"npi":[1115456786,1588111082]},{"billed_charge":10.00,"npi":[1115456786,1588111082]},{"billed_charge":20.00,"npi":[1115456786,1588111082]},{"billed_charge":60.00,"npi":[1115456786,1588111082]},{"billed_charge":120.00,"npi":[1115456786,1588111082]}]},{"allowed_amount":0.00,"billing_code_modifier":[""],"providers":[{"billed_charge":2.00,"npi":[1115456786,1588111082]},{"billed_charge":4.00,"npi":[1115456786,1588111082]},{"billed_charge":6.00,"npi":[1115456786,1588111082]},{"billed_charge":10.00,"npi":[1115456786,1588111082]},{"billed_charge":20.00,"npi":[1115456786,1588111082]},{"billed_charge":60.00,"npi":[1115456786,1588111082]},{"billed_charge":120.00,"npi":[1115456786,1588111082]}]},{"allowed_amount":0.00,"billing_code_modifier":[""],"providers":[{"billed_charge":2.00,"npi":[1115456786,1588111082]},{"billed_charge":4.00,"npi":[1115456786,1588111082]},{"billed_charge":6.00,"npi":[1115456786,1588111082]},{"billed_charge":10.00,"npi":[1115456786,1588111082]},{"billed_charge":20.00,"npi":[1115456786,1588111082]},{"billed_charge":60.00,"npi":[1115456786,1588111082]},{"billed_charge":120.00,"npi":[1115456786,1588111082]}]},{"allowed_amount":0.00,"billing_code_modifier":[""],"providers":[{"billed_charge":2.00,"npi":[1115456786,1588111082]},{"billed_charge":4.00,"npi":[1115456786,1588111082]},{"billed_charge":6.00,"npi":[1115456786,1588111082]},{"billed_charge":10.00,"npi":[1115456786,1588111082]},{"billed_charge":20.00,"npi":[1115456786,1588111082]},{"billed_charge":60.00,"npi":[1115456786,1588111082]},{"billed_charge":120.00,"npi":[1115456786,1588111082]}]},{"allowed_amount":0.00,"billing_code_modifier":[""],"providers":[{"billed_charge":2.00,"npi":[1115456786,1588111082]},{"billed_charge":4.00,"npi":[1115456786,1588111082]},{"billed_charge":6.00,"npi":[1115456786,1588111082]},{"billed_charge":10.00,"npi":[1115456786,1588111082]},{"billed_charge":20.00,"npi":[1115456786,1588111082]},{"billed_charge":60.00,"npi":[1115456786,1588111082]},{"billed_charge":120.00,"npi":[1115456786,1588111082]}]},{"allowed_amount":0.00,"billing_code_modifier":[""],"providers":[{"billed_charge":2.00,"npi":[1115456786,1588111082]},{"billed_charge":4.00,"npi":[1115456786,1588111082]},{"billed_charge":6.00,"npi":[1115456786,1588111082]},{"billed_charge":10.00,"npi":[1115456786,1588111082]},{"billed_charge":20.00,"npi":[1115456786,1588111082]},{"billed_charge":60.00,"npi":[1115456786,1588111082]},{"billed_charge":120.00,"npi":[1115456786,1588111082]}]},{"allowed_amount":0.00,"billing_code_modifier":[""],"providers":[{"billed_charge":2.00,"npi":[1115456786,1588111082]},{"billed_charge":4.00,"npi":[1115456786,1588111082]},{"billed_charge":6.00,"npi":[1115456786,1588111082]},{"billed_charge":10.00,"npi":[1115456786,1588111082]},{"billed_charge":20.00,"npi":[1115456786,1588111082]},{"billed_charge":60.00,"npi":[1115456786,1588111082]},{"billed_charge":120.00,"npi":[1115456786,1588111082]}]}]},{"tin":{"type":"ein","value":"473248194"},"service_code":["23"],"billing_class":"institutional","payments":[{"allowed_amount":0.00,"billing_code_modifier":[""],"providers":[{"billed_charge":2.00,"npi":[1115456786,1588111082]},{"billed_charge":4.00,"npi":[1115456786,1588111082]},{"billed_charge":6.00,"npi":[1115456786,1588111082]},{"billed_charge":10.00,"npi":[1115456786,1588111082]},{"billed_charge":20.00,"npi":[1115456786,1588111082]},{"billed_charge":60.00,"npi":[1115456786,1588111082]},{"billed_charge":120.00,"npi":[1115456786,1588111082]}]},{"allowed_amount":0.00,"billing_code_modifier":[""],"providers":[{"billed_charge":2.00,"npi":[1115456786,1588111082]},{"billed_charge":4.00,"npi":[1115456786,1588111082]},{"billed_charge":6.00,"npi":[1115456786,1588111082]},{"billed_charge":10.00,"npi":[1115456786,1588111082]},{"billed_charge":20.00,"npi":[1115456786,1588111082]},{"billed_charge":60.00,"npi":[1115456786,1588111082]},{"billed_charge":120.00,"npi":[1115456786,1588111082]}]},{"allowed_amount":0.00,"billing_code_modifier":[""],"providers":[{"billed_charge":2.00,"npi":[1115456786,1588111082]},{"billed_charge":4.00,"npi":[1115456786,1588111082]},{"billed_charge":6.00,"npi":[1115456786,1588111082]},{"billed_charge":10.00,"npi":[1115456786,1588111082]},{"billed_charge":20.00,"npi":[1115456786,1588111082]},{"billed_charge":60.00,"npi":[1115456786,1588111082]},{"billed_charge":120.00,"npi":[1115456786,1588111082]}]},{"allowed_amount":0.00,"billing_code_modifier":[""],"providers":[{"billed_charge":2.00,"npi":[1115456786,1588111082]},{"billed_charge":4.00,"npi":[1115456786,1588111082]},{"billed_charge":6.00,"npi":[1115456786,1588111082]},{"billed_charge":10.00,"npi":[1115456786,1588111082]},{"billed_charge":20.00,"npi":[1115456786,1588111082]},{"billed_charge":60.00,"npi":[1115456786,1588111082]},{"billed_charge":120.00,"npi":[1115456786,1588111082]}]},{"allowed_amount":0.00,"billing_code_modifier":[""],"providers":[{"billed_charge":2.00,"npi":[1115456786,1588111082]},{"billed_charge":4.00,"npi":[1115456786,1588111082]},{"billed_charge":6.00,"npi":[1115456786,1588111082]},{"billed_charge":10.00,"npi":[1115456786,1588111082]},{"billed_charge":20.00,"npi":[1115456786,1588111082]},{"billed_charge":60.00,"npi":[1115456786,1588111082]},{"billed_charge":120.00,"npi":[1115456786,1588111082]}]},{"allowed_amount":0.00,"billing_code_modifier":[""],"providers":[{"billed_charge":2.00,"npi":[1115456786,1588111082]},{"billed_charge":4.00,"npi":[1115456786,1588111082]},{"billed_charge":6.00,"npi":[1115456786,1588111082]},{"billed_charge":10.00,"npi":[1115456786,1588111082]},{"billed_charge":20.00,"npi":[1115456786,1588111082]},{"billed_charge":60.00,"npi":[1115456786,1588111082]},{"billed_charge":120.00,"npi":[1115456786,1588111082]}]},{"allowed_amount":0.00,"billing_code_modifier":[""],"providers":[{"billed_charge":2.00,"npi":[1115456786,1588111082]},{"billed_charge":4.00,"npi":[1115456786,1588111082]},{"billed_charge":6.00,"npi":[1115456786,1588111082]},{"billed_charge":10.00,"npi":[1115456786,1588111082]},{"billed_charge":20.00,"npi":[1115456786,1588111082]},{"billed_charge":60.00,"npi":[1115456786,1588111082]},{"billed_charge":120.00,"npi":[1115456786,1588111082]}]}]}]},{"name":"SARS-COV-2 COVID-19 AMP PRB HTT","billing_code_type":"HCPCS","billing_code_type_version":"HCPCS LEVEL II 2021","billing_code":"U0003","description":"SARS-COV-2 COVID-19 AMP PRB HTT","allowed_amounts":[{"tin":{"type":"ein","value":"133757370"},"service_code":["81"],"billing_class":"professional","payments":[{"allowed_amount":75.00,"billing_code_modifier":[""],"providers":[{"billed_charge":100.00,"npi":[1902809940]}]}]},{"tin":{"type":"ein","value":"472462178"},"service_code":["81"],"billing_class":"professional","payments":[{"allowed_amount":125.00,"billing_code_modifier":[""],"providers":[{"billed_charge":250.00,"npi":[1144731605,1508484569,1962018374]}]}]},{"tin":{"type":"ein","value":"473727159"},"service_code":["81"],"billing_class":"professional","payments":[{"allowed_amount":75.00,"billing_code_modifier":[""],"providers":[{"billed_charge":125.00,"npi":[1912521568]}]}]},{"tin":{"type":"ein","value":"473727159"},"service_code":["81"],"billing_class":"professional","payments":[{"allowed_amount":125.00,"billing_code_modifier":[""],"providers":[{"billed_charge":125.00,"npi":[1025345665,1861066151,1912521568]}]}]},{"tin":{"type":"ein","value":"820973231"},"service_code":["81"],"billing_class":"professional","payments":[{"allowed_amount":75.00,"billing_code_modifier":[""],"providers":[{"billed_charge":195.00,"npi":[1205362522]}]}]},{"tin":{"type":"ein","value":"823473048"},"service_code":["81"],"billing_class":"professional","payments":[{"allowed_amount":75.00,"billing_code_modifier":[""],"providers":[{"billed_charge":200.00,"npi":[1164924254]}]}]},{"tin":{"type":"ein","value":"862097450"},"service_code":["81"],"billing_class":"professional","payments":[{"allowed_amount":75.00,"billing_code_modifier":[""],"providers":[{"billed_charge":187.50,"npi":[1033880224]}]}]},{"tin":{"type":"ein","value":"880241758"},"service_code":["81"],"billing_class":"professional","payments":[{"allowed_amount":75.00,"billing_code_modifier":[""],"providers":[{"billed_charge":100.00,"npi":[1124417357]}]}]}]},{"name":"SPECIMEN COLLECT COVID-19","billing_code_type":"HCPCS","billing_code_type_version":"HCPCS LEVEL II 2021","billing_code":"G2023","description":"SPECIMEN COLLECT COVID-19","allowed_amounts":[{"tin":{"type":"ein","value":"471926617"},"service_code":["81"],"billing_class":"professional","payments":[{"allowed_amount":23.46,"billing_code_modifier":[""],"providers":[{"billed_charge":120.00,"npi":[1376926196]}]}]},{"tin":{"type":"ein","value":"475502891"},"service_code":["81"],"billing_class":"professional","payments":[{"allowed_amount":23.46,"billing_code_modifier":[""],"providers":[{"billed_charge":50.00,"npi":[1902840283]}]}]},{"tin":{"type":"ein","value":"810766596"},"service_code":["81"],"billing_class":"professional","payments":[{"allowed_amount":23.46,"billing_code_modifier":[""],"providers":[{"billed_charge":140.76,"npi":[1902267164]}]}]},{"tin":{"type":"ein","value":"820973231"},"service_code":["81"],"billing_class":"professional","payments":[{"allowed_amount":23.46,"billing_code_modifier":[""],"providers":[{"billed_charge":65.00,"npi":[1205362522]}]}]},{"tin":{"type":"ein","value":"842096458"},"service_code":["11"],"billing_class":"professional","payments":[{"allowed_amount":23.46,"billing_code_modifier":[""],"providers":[{"billed_charge":80.00,"npi":[1730698317]}]}]},{"tin":{"type":"ein","value":"843447582"},"service_code":["81"],"billing_class":"professional","payments":[{"allowed_amount":23.46,"billing_code_modifier":[""],"providers":[{"billed_charge":100.00,"npi":[1346696648]}]}]},{"tin":{"type":"ein","value":"850758148"},"service_code":["81"],"billing_class":"professional","payments":[{"allowed_amount":23.46,"billing_code_modifier":[""],"providers":[{"billed_charge":35.00,"npi":[1538835939]}]}]}]}]}
