{"reporting_entity_name": "IEC Group_DBA AmeriBen",
	"reporting_entity_type": "Third Party Administrator",
	"plan_name": "GKN SINTER METALS LLC",
	"plan_id_type": "ein",
	"plan_id": "383354796",
	"plan_market_type": "group",
	"last_updated_on": "2024-11-01","Version": "1.0.0","out_of_network":[{"name":"DRUGS REQUIRE SPECIFIC ID: DRUGS REQUIRING DETAIL","billing_code_type":"RC","billing_code_type_version":"UB04","billing_code":"0636","description":"DRUGS REQUIRE SPECIFIC ID: DRUGS REQUIRING DETAIL","allowed_amounts":[{"tin":{"type":"ein","value":"042894956"},"service_code":["65"],"billing_class":"institutional","payments":[{"allowed_amount":7.89,"billing_code_modifier":[""],"providers":[{"billed_charge":309.40,"npi":[1245342062,1770593063]}]}]}]},{"name":"HEMO OPD\/HOME: HEMODIALYSIS COMP OR OTHER RATE","billing_code_type":"RC","billing_code_type_version":"UB04","billing_code":"0821","description":"HEMO OPD\/HOME: HEMODIALYSIS COMP OR OTHER RATE","allowed_amounts":[{"tin":{"type":"ein","value":"042894956"},"service_code":["65"],"billing_class":"institutional","payments":[{"allowed_amount":240.62,"billing_code_modifier":[""],"providers":[{"billed_charge":8832.00,"npi":[1245342062,1770593063]}]}]}]},{"name":"MEDICAL\/SURGICAL SUPPLIES","billing_code_type":"RC","billing_code_type_version":"UB04","billing_code":"0270","description":"MEDICAL\/SURGICAL SUPPLIES","allowed_amounts":[{"tin":{"type":"ein","value":"042894956"},"service_code":["65"],"billing_class":"institutional","payments":[{"allowed_amount":2.87,"billing_code_modifier":[""],"providers":[{"billed_charge":149.10,"npi":[1245342062,1770593063]}]}]},{"tin":{"type":"ein","value":"042894956"},"service_code":["65"],"billing_class":"institutional","payments":[{"allowed_amount":3.80,"billing_code_modifier":[""],"providers":[{"billed_charge":149.10,"npi":[1245342062,1770593063]}]}]}]},{"name":"PSYCHOTHERAPY W\/PATIENT 45 MINUTES","billing_code_type":"CPT","billing_code_type_version":"2020","billing_code":"90834","description":"PSYCHOTHERAPY W\/PATIENT 45 MINUTES","allowed_amounts":[{"tin":{"type":"ein","value":"842627091"},"service_code":["11"],"billing_class":"professional","payments":[{"allowed_amount":102.06,"billing_code_modifier":[""],"providers":[{"billed_charge":200.00,"npi":[1255117628,1780467464]}]}]}]}]}
