{"reporting_entity_name": "IEC Group_DBA AmeriBen",
	"reporting_entity_type": "Third Party Administrator",
	"plan_name": "UVA HEALTH",
	"plan_id_type": "ein",
	"plan_id": "810868533",
	"plan_market_type": "group",
	"last_updated_on": "2023-08-01","Version": "1.0.0","out_of_network":[{"name":"ADDL SUPL MATRL&STAF TM DRG PHE RES-TR NFCT DS","billing_code_type":"CPT","billing_code_type_version":"2020","billing_code":"99072","description":"ADDL SUPL MATRL&STAF TM DRG PHE RES-TR NFCT DS","allowed_amounts":[{"tin":{"type":"ein","value":"200555844"},"service_code":["11"],"billing_class":"professional","payments":[{"allowed_amount":0.00,"billing_code_modifier":[""],"providers":[{"billed_charge":10.00,"npi":[1134265150]},{"billed_charge":49.19,"npi":[1134265150]}]},{"allowed_amount":0.00,"billing_code_modifier":[""],"providers":[{"billed_charge":10.00,"npi":[1134265150]},{"billed_charge":49.19,"npi":[1134265150]}]}]},{"tin":{"type":"ein","value":"200555844"},"service_code":["11"],"billing_class":"professional","payments":[{"allowed_amount":0.00,"billing_code_modifier":[""],"providers":[{"billed_charge":10.00,"npi":[1134265150]},{"billed_charge":49.19,"npi":[1134265150]}]},{"allowed_amount":0.00,"billing_code_modifier":[""],"providers":[{"billed_charge":10.00,"npi":[1134265150]},{"billed_charge":49.19,"npi":[1134265150]}]}]}]},{"name":"IADNA NOS AMPLIFIED PROBE TQ EACH ORGANISM","billing_code_type":"CPT","billing_code_type_version":"2020","billing_code":"87798","description":"IADNA NOS AMPLIFIED PROBE TQ EACH ORGANISM","allowed_amounts":[{"tin":{"type":"ein","value":"820934837"},"service_code":["81"],"billing_class":"professional","payments":[{"allowed_amount":16.49,"billing_code_modifier":[""],"providers":[{"billed_charge":40.35,"npi":[1609446269,1629531769]}]}]}]},{"name":"INFEC AGEN DETEC AMPLI PROBE","billing_code_type":"HCPCS","billing_code_type_version":"HCPCS LEVEL II 2021","billing_code":"U0005","description":"INFEC AGEN DETEC AMPLI PROBE","allowed_amounts":[{"tin":{"type":"ein","value":"273269339"},"service_code":["81"],"billing_class":"professional","payments":[{"allowed_amount":25.00,"billing_code_modifier":[""],"providers":[{"billed_charge":75.00,"npi":[1295703890,1356657787]}]}]},{"tin":{"type":"ein","value":"823438908"},"service_code":["11"],"billing_class":"professional","payments":[{"allowed_amount":25.00,"billing_code_modifier":[""],"providers":[{"billed_charge":75.00,"npi":[1114431087,1447528328]}]}]},{"tin":{"type":"ein","value":"831342609"},"service_code":["81"],"billing_class":"professional","payments":[{"allowed_amount":25.00,"billing_code_modifier":[""],"providers":[{"billed_charge":100.00,"npi":[1053541581,1356913446]}]}]},{"tin":{"type":"ein","value":"880241758"},"service_code":["81"],"billing_class":"professional","payments":[{"allowed_amount":25.00,"billing_code_modifier":[""],"providers":[{"billed_charge":25.00,"npi":[1124417357,1821068420]}]}]}]},{"name":"RESIDENTIAL TREATMENT-PSYCHIATRIC","billing_code_type":"RC","billing_code_type_version":"UB04","billing_code":"1001","description":"RESIDENTIAL TREATMENT-PSYCHIATRIC","allowed_amounts":[{"tin":{"type":"ein","value":"204046700"},"service_code":["21"],"billing_class":"institutional","payments":[{"allowed_amount":1200.00,"billing_code_modifier":[""],"providers":[{"billed_charge":4880.00,"npi":[1376518977,1487245015]}]}]}]},{"name":"SPECIMEN COLLECT COVID-19","billing_code_type":"HCPCS","billing_code_type_version":"HCPCS LEVEL II 2021","billing_code":"G2023","description":"SPECIMEN COLLECT COVID-19","allowed_amounts":[{"tin":{"type":"ein","value":"361924025"},"service_code":["21"],"billing_class":"professional","payments":[{"allowed_amount":23.46,"billing_code_modifier":[""],"providers":[{"billed_charge":28.99,"npi":[1457679151,1821068420]}]}]},{"tin":{"type":"ein","value":"831342609"},"service_code":["81"],"billing_class":"professional","payments":[{"allowed_amount":23.46,"billing_code_modifier":[""],"providers":[{"billed_charge":50.00,"npi":[1053541581,1356913446]}]}]}]},{"name":"TENS SUPPL 2 LEAD PER MONTH","billing_code_type":"HCPCS","billing_code_type_version":"HCPCS LEVEL II 2021","billing_code":"A4595","description":"TENS SUPPL 2 LEAD PER MONTH","allowed_amounts":[{"tin":{"type":"ein","value":"841451963"},"service_code":["12"],"billing_class":"professional","payments":[{"allowed_amount":163.49,"billing_code_modifier":[""],"providers":[{"billed_charge":217.98,"npi":[1043747983,1124432299,1700300811,1770511552,1982120242]}]}]}]}]}
