{"reporting_entity_name": "IEC Group_DBA AmeriBen",
	"reporting_entity_type": "Third Party Administrator",
	"plan_name": "COAST ALUMINUM, INC.",
	"issuer_name": "IEC Group_DBA AmeriBen",
	"plan_sponsor_name": "COAST ALUMINUM, INC.",
	"plan_id_type": "ein",
	"plan_id": "943146270",
	"plan_market_type": "group",
	"last_updated_on": "2026-02-01","reporting_period": {
		"start_date": "2025-08-05",
		"end_date": "2025-11-03"
	},"version": "2.0.0","out_of_network":[{"name":"AMB SRVC ALS EMERG TRANSPORT LEVL 1","billing_code_type":"HCPCS","billing_code_type_version":"HCPCS LEVEL II 2021","billing_code":"A0427","description":"AMB SRVC ALS EMERG TRANSPORT LEVL 1","allowed_amounts":[{"tin":{"type":"ein","value":"930567420"},"service_code":["41"],"billing_class":"professional","setting":"outpatient","payments":[{"allowed_amount":1744.28,"providers":[{"billed_charge":1744.28,"npi":[1447200167]}]}]},{"tin":{"type":"ein","value":"942281434"},"service_code":["41"],"billing_class":"professional","setting":"outpatient","payments":[{"allowed_amount":2344.00,"providers":[{"billed_charge":2344.00,"npi":[1598767501]}]}]},{"tin":{"type":"ein","value":"952426613"},"service_code":["41"],"billing_class":"professional","setting":"outpatient","payments":[{"allowed_amount":2334.50,"providers":[{"billed_charge":3446.16,"npi":[1689608994]}]}]}]},{"name":"ANES INTEG EXTREMITIES ANT TRUNK & PERINEUM NOS","billing_code_type":"CPT","billing_code_type_version":"2020","billing_code":"00400","description":"ANES INTEG EXTREMITIES ANT TRUNK & PERINEUM NOS","allowed_amounts":[{"tin":{"type":"ein","value":"931013923"},"service_code":["21"],"billing_class":"professional","setting":"inpatient","payments":[{"allowed_amount":631.10,"providers":[{"billed_charge":1233.00,"npi":[1457325029,1528001195]}]}]}]},{"name":"ASSAY OF LACTATE","billing_code_type":"CPT","billing_code_type_version":"2020","billing_code":"83605","description":"ASSAY OF LACTATE","allowed_amounts":[{"tin":{"type":"ein","value":"463599411"},"service_code":["23"],"billing_class":"professional","setting":"outpatient","payments":[{"allowed_amount":0.00,"providers":[{"billed_charge":36.80,"npi":[1225310675]}]}]}]},{"name":"ASSAY OF LIPASE","billing_code_type":"CPT","billing_code_type_version":"2020","billing_code":"83690","description":"ASSAY OF LIPASE","allowed_amounts":[{"tin":{"type":"ein","value":"463599411"},"service_code":["23"],"billing_class":"professional","setting":"outpatient","payments":[{"allowed_amount":0.00,"providers":[{"billed_charge":24.15,"npi":[1225310675,1245506898]}]}]}]},{"name":"ASSAY OF MAGNESIUM","billing_code_type":"CPT","billing_code_type_version":"2020","billing_code":"83735","description":"ASSAY OF MAGNESIUM","allowed_amounts":[{"tin":{"type":"ein","value":"463599411"},"service_code":["23"],"billing_class":"professional","setting":"outpatient","payments":[{"allowed_amount":0.00,"providers":[{"billed_charge":24.15,"npi":[1225310675,1245506898]}]}]}]},{"name":"ASSAY OF PHOSPHORUS INORGANIC","billing_code_type":"CPT","billing_code_type_version":"2020","billing_code":"84100","description":"ASSAY OF PHOSPHORUS INORGANIC","allowed_amounts":[{"tin":{"type":"ein","value":"463599411"},"service_code":["23"],"billing_class":"professional","setting":"outpatient","payments":[{"allowed_amount":0.00,"providers":[{"billed_charge":9.20,"npi":[1225310675]}]}]}]},{"name":"ASSAY OF THYROID STIMULATING HORMONE TSH","billing_code_type":"CPT","billing_code_type_version":"2020","billing_code":"84443","description":"ASSAY OF THYROID STIMULATING HORMONE TSH","allowed_amounts":[{"tin":{"type":"ein","value":"463599411"},"service_code":["23"],"billing_class":"professional","setting":"outpatient","payments":[{"allowed_amount":0.00,"providers":[{"billed_charge":32.20,"npi":[1225310675,1245506898]}]}]}]},{"name":"ASSAY OF TROPONIN QUANTITATIVE","billing_code_type":"CPT","billing_code_type_version":"2020","billing_code":"84484","description":"ASSAY OF TROPONIN QUANTITATIVE","allowed_amounts":[{"tin":{"type":"ein","value":"463599411"},"service_code":["23"],"billing_class":"professional","setting":"outpatient","payments":[{"allowed_amount":0.00,"providers":[{"billed_charge":34.50,"npi":[1225310675]}]}]}]},{"name":"BLOOD COUNT COMPLETE AUTO&AUTO DIFRNTL WBC","billing_code_type":"CPT","billing_code_type_version":"2020","billing_code":"85025","description":"BLOOD COUNT COMPLETE AUTO&AUTO DIFRNTL WBC","allowed_amounts":[{"tin":{"type":"ein","value":"463599411"},"service_code":["23"],"billing_class":"professional","setting":"outpatient","payments":[{"allowed_amount":0.00,"providers":[{"billed_charge":24.15,"npi":[1225310675,1245506898]}]}]}]},{"name":"CLINIC","billing_code_type":"RC","billing_code_type_version":"UB04","billing_code":"0510","description":"CLINIC","allowed_amounts":[{"tin":{"type":"ein","value":"956000927"},"billing_class":"institutional","setting":"inpatient","payments":[{"allowed_amount":123.32,"providers":[{"billed_charge":424.00,"npi":[1114019478,1487865184]}]}]}]},{"name":"COMPREHENSIVE METABOLIC PANEL","billing_code_type":"CPT","billing_code_type_version":"2020","billing_code":"80053","description":"COMPREHENSIVE METABOLIC PANEL","allowed_amounts":[{"tin":{"type":"ein","value":"463599411"},"service_code":["23"],"billing_class":"professional","setting":"outpatient","payments":[{"allowed_amount":0.00,"providers":[{"billed_charge":19.55,"npi":[1225310675,1245506898]}]}]}]},{"name":"CRITICAL CARE ILL\/INJURED PATIENT INIT 30-74 MIN","billing_code_type":"CPT","billing_code_type_version":"2020","billing_code":"99291","description":"CRITICAL CARE ILL\/INJURED PATIENT INIT 30-74 MIN","allowed_amounts":[{"tin":{"type":"ein","value":"953192932"},"service_code":["23"],"billing_class":"professional","setting":"outpatient","payments":[{"allowed_amount":400.12,"providers":[{"billed_charge":1292.00,"npi":[1043215379,1629575014,1871535286]}]}]}]},{"name":"CT ABDOMEN & PELVIS W\/O CONTRAST MATERIAL","billing_code_type":"CPT","billing_code_type_version":"2020","billing_code":"74176","description":"CT ABDOMEN & PELVIS W\/O CONTRAST MATERIAL","allowed_amounts":[{"tin":{"type":"ein","value":"951750445"},"service_code":["23"],"billing_class":"professional","setting":"outpatient","payments":[{"allowed_amount":109.83,"providers":[{"billed_charge":483.00,"npi":[1144375056,1427586841,1669634432,1952333460]}]}]}]},{"name":"CT ANGIOGRAPHY HEAD W\/CONTRAST\/NONCONTRAST","billing_code_type":"CPT","billing_code_type_version":"2020","billing_code":"70496","description":"CT ANGIOGRAPHY HEAD W\/CONTRAST\/NONCONTRAST","allowed_amounts":[{"tin":{"type":"ein","value":"921281848"},"service_code":["23"],"billing_class":"professional","setting":"outpatient","payments":[{"allowed_amount":189.29,"providers":[{"billed_charge":361.00,"npi":[1659639557,1861666067]}]}]}]},{"name":"CT ANGIOGRAPHY NECK W\/CONTRAST\/NONCONTRAST","billing_code_type":"CPT","billing_code_type_version":"2020","billing_code":"70498","description":"CT ANGIOGRAPHY NECK W\/CONTRAST\/NONCONTRAST","allowed_amounts":[{"tin":{"type":"ein","value":"921281848"},"service_code":["23"],"billing_class":"professional","setting":"outpatient","payments":[{"allowed_amount":189.29,"providers":[{"billed_charge":361.00,"npi":[1659639557,1861666067]}]}]}]},{"name":"CT HEAD\/BRAIN W\/O CONTRAST MATERIAL","billing_code_type":"CPT","billing_code_type_version":"2020","billing_code":"70450","description":"CT HEAD\/BRAIN W\/O CONTRAST MATERIAL","allowed_amounts":[{"tin":{"type":"ein","value":"921281848"},"service_code":["23"],"billing_class":"professional","setting":"outpatient","payments":[{"allowed_amount":92.37,"providers":[{"billed_charge":176.00,"npi":[1659639557,1861666067]}]}]}]},{"name":"CT SCAN","billing_code_type":"RC","billing_code_type_version":"UB04","billing_code":"0350","description":"CT SCAN","allowed_amounts":[{"tin":{"type":"ein","value":"941105628"},"billing_class":"institutional","setting":"inpatient","payments":[{"allowed_amount":1136.62,"providers":[{"billed_charge":5227.00,"npi":[1144375056,1649456682]}]}]}]},{"name":"DRUG SCREEN QUANTITATIVE ALCOHOLS","billing_code_type":"CPT","billing_code_type_version":"2020","billing_code":"80320","description":"DRUG SCREEN QUANTITATIVE ALCOHOLS","allowed_amounts":[{"tin":{"type":"ein","value":"463599411"},"service_code":["23"],"billing_class":"professional","setting":"outpatient","payments":[{"allowed_amount":0.00,"providers":[{"billed_charge":59.80,"npi":[1225310675,1245506898]}]}]}]},{"name":"DRUG TST PRSMV INSTRMNT CHEM ANALYZERS PR DATE","billing_code_type":"CPT","billing_code_type_version":"2020","billing_code":"80307","description":"DRUG TST PRSMV INSTRMNT CHEM ANALYZERS PR DATE","allowed_amounts":[{"tin":{"type":"ein","value":"463599411"},"service_code":["23"],"billing_class":"professional","setting":"outpatient","payments":[{"allowed_amount":0.00,"providers":[{"billed_charge":35.65,"npi":[1225310675,1245506898]}]}]}]},{"name":"DRUGS REQUIRE SPECIFIC ID: DRUGS REQUIRING DETAIL","billing_code_type":"RC","billing_code_type_version":"UB04","billing_code":"0636","description":"DRUGS REQUIRE SPECIFIC ID: DRUGS REQUIRING DETAIL","allowed_amounts":[{"tin":{"type":"ein","value":"941105628"},"billing_class":"institutional","setting":"inpatient","payments":[{"allowed_amount":8.90,"providers":[{"billed_charge":8.90,"npi":[1144375056,1649456682]}]}]},{"tin":{"type":"ein","value":"941105628"},"billing_class":"institutional","setting":"inpatient","payments":[{"allowed_amount":13.16,"providers":[{"billed_charge":16.65,"npi":[1144375056,1649456682]}]}]},{"tin":{"type":"ein","value":"941105628"},"billing_class":"institutional","setting":"inpatient","payments":[{"allowed_amount":25.20,"providers":[{"billed_charge":25.20,"npi":[1144375056,1649456682]}]}]}]},{"name":"EMERGENCY DEPARTMENT VISIT HIGH MDM","billing_code_type":"CPT","billing_code_type_version":"2020","billing_code":"99285","description":"EMERGENCY DEPARTMENT VISIT HIGH MDM","allowed_amounts":[{"tin":{"type":"ein","value":"943056706"},"service_code":["23"],"billing_class":"professional","setting":"outpatient","payments":[{"allowed_amount":355.44,"providers":[{"billed_charge":1617.00,"npi":[1063812907,1083233175,1891786240]}]}]},{"tin":{"type":"ein","value":"951750445"},"service_code":["23"],"billing_class":"professional","setting":"outpatient","payments":[{"allowed_amount":250.97,"providers":[{"billed_charge":987.00,"npi":[1144375056,1649456682,1952333460]}]}]}]},{"name":"EMERGENCY DEPARTMENT VISIT LOW MDM","billing_code_type":"CPT","billing_code_type_version":"2020","billing_code":"99283","description":"EMERGENCY DEPARTMENT VISIT LOW MDM","allowed_amounts":[{"tin":{"type":"ein","value":"463490058"},"service_code":["23"],"billing_class":"professional","setting":"outpatient","payments":[{"allowed_amount":130.23,"providers":[{"billed_charge":598.48,"npi":[1184935173,1407281223,1679816201]}]}]}]},{"name":"EMERGENCY DEPARTMENT VISIT MODERATE MDM","billing_code_type":"CPT","billing_code_type_version":"2020","billing_code":"99284","description":"EMERGENCY DEPARTMENT VISIT MODERATE MDM","allowed_amounts":[{"tin":{"type":"ein","value":"814399995"},"service_code":["23"],"billing_class":"professional","setting":"outpatient","payments":[{"allowed_amount":170.63,"providers":[{"billed_charge":895.00,"npi":[1245772870,1669874533]}]}]},{"tin":{"type":"ein","value":"943056706"},"service_code":["23"],"billing_class":"professional","setting":"outpatient","payments":[{"allowed_amount":219.48,"providers":[{"billed_charge":1098.00,"npi":[1063812907,1083233175,1891786240]}]}]},{"tin":{"type":"ein","value":"953192932"},"service_code":["23"],"billing_class":"professional","setting":"outpatient","payments":[{"allowed_amount":146.00,"providers":[{"billed_charge":829.00,"npi":[1871535286,1952622540]}]}]},{"tin":{"type":"ein","value":"953192932"},"service_code":["23"],"billing_class":"professional","setting":"outpatient","payments":[{"allowed_amount":155.06,"providers":[{"billed_charge":841.00,"npi":[1043215379,1174991954,1659307908,1871535286]}]}]}]},{"name":"EMERGENCY ROOM","billing_code_type":"RC","billing_code_type_version":"UB04","billing_code":"0450","description":"EMERGENCY ROOM","allowed_amounts":[{"tin":{"type":"ein","value":"364827272"},"billing_class":"institutional","setting":"inpatient","payments":[{"allowed_amount":1322.62,"providers":[{"billed_charge":2790.15,"npi":[1437413549,1922542968]}]}]},{"tin":{"type":"ein","value":"941105628"},"billing_class":"institutional","setting":"inpatient","payments":[{"allowed_amount":78.42,"providers":[{"billed_charge":371.00,"npi":[1144375056,1649456682]}]}]},{"tin":{"type":"ein","value":"941105628"},"billing_class":"institutional","setting":"inpatient","payments":[{"allowed_amount":123.32,"providers":[{"billed_charge":664.00,"npi":[1144375056,1649456682]}]}]},{"tin":{"type":"ein","value":"941105628"},"billing_class":"institutional","setting":"inpatient","payments":[{"allowed_amount":267.01,"providers":[{"billed_charge":3342.00,"npi":[1144375056,1649456682]}]}]},{"tin":{"type":"ein","value":"956000927"},"billing_class":"institutional","setting":"inpatient","payments":[{"allowed_amount":101.20,"providers":[{"billed_charge":5673.00,"npi":[1114019478,1487865184]}]}]},{"tin":{"type":"ein","value":"956000927"},"billing_class":"institutional","setting":"inpatient","payments":[{"allowed_amount":267.01,"providers":[{"billed_charge":6097.00,"npi":[1124446133,1699986331]}]}]}]},{"name":"GROUND MILEAGE","billing_code_type":"HCPCS","billing_code_type_version":"HCPCS LEVEL II 2021","billing_code":"A0425","description":"GROUND MILEAGE","allowed_amounts":[{"tin":{"type":"ein","value":"930567420"},"service_code":["41"],"billing_class":"professional","setting":"outpatient","payments":[{"allowed_amount":215.46,"providers":[{"billed_charge":215.46,"npi":[1447200167]}]}]},{"tin":{"type":"ein","value":"930567420"},"service_code":["41"],"billing_class":"professional","setting":"outpatient","payments":[{"allowed_amount":502.74,"providers":[{"billed_charge":502.74,"npi":[1447200167]}]}]},{"tin":{"type":"ein","value":"942281434"},"service_code":["41"],"billing_class":"professional","setting":"outpatient","payments":[{"allowed_amount":98.00,"providers":[{"billed_charge":98.00,"npi":[1598767501]}]}]},{"tin":{"type":"ein","value":"952426613"},"service_code":["41"],"billing_class":"professional","setting":"outpatient","payments":[{"allowed_amount":178.00,"providers":[{"billed_charge":419.00,"npi":[1689608994]}]}]}]},{"name":"LABORATORY - CLINICAL DIAGNOSTIC: CHEMISTRY","billing_code_type":"RC","billing_code_type_version":"UB04","billing_code":"0301","description":"LABORATORY - CLINICAL DIAGNOSTIC: CHEMISTRY","allowed_amounts":[{"tin":{"type":"ein","value":"941105628"},"billing_class":"institutional","setting":"inpatient","payments":[{"allowed_amount":23.22,"providers":[{"billed_charge":73.00,"npi":[1144375056,1649456682]}]}]},{"tin":{"type":"ein","value":"941105628"},"billing_class":"institutional","setting":"inpatient","payments":[{"allowed_amount":24.97,"providers":[{"billed_charge":84.00,"npi":[1144375056,1649456682]}]}]},{"tin":{"type":"ein","value":"941105628"},"billing_class":"institutional","setting":"inpatient","payments":[{"allowed_amount":28.38,"providers":[{"billed_charge":72.00,"npi":[1144375056,1649456682]}]}]},{"tin":{"type":"ein","value":"941105628"},"billing_class":"institutional","setting":"inpatient","payments":[{"allowed_amount":80.36,"providers":[{"billed_charge":157.00,"npi":[1144375056,1649456682]}]}]}]},{"name":"LABORATORY - CLINICAL DIAGNOSTIC: HEMATOLOGY","billing_code_type":"RC","billing_code_type_version":"UB04","billing_code":"0305","description":"LABORATORY - CLINICAL DIAGNOSTIC: HEMATOLOGY","allowed_amounts":[{"tin":{"type":"ein","value":"941105628"},"billing_class":"institutional","setting":"inpatient","payments":[{"allowed_amount":59.23,"providers":[{"billed_charge":207.00,"npi":[1144375056,1649456682]}]}]}]},{"name":"LABORATORY - CLINICAL DIAGNOSTIC: UROLOGY","billing_code_type":"RC","billing_code_type_version":"UB04","billing_code":"0307","description":"LABORATORY - CLINICAL DIAGNOSTIC: UROLOGY","allowed_amounts":[{"tin":{"type":"ein","value":"941105628"},"billing_class":"institutional","setting":"inpatient","payments":[{"allowed_amount":25.25,"providers":[{"billed_charge":112.00,"npi":[1144375056,1649456682]}]}]}]},{"name":"MRI ANY JT UPPER EXTREMITY W\/O CONTRAST MATRL","billing_code_type":"CPT","billing_code_type_version":"2020","billing_code":"73221","description":"MRI ANY JT UPPER EXTREMITY W\/O CONTRAST MATRL","allowed_amounts":[{"tin":{"type":"ein","value":"921281848"},"service_code":["22"],"billing_class":"professional","setting":"outpatient","payments":[{"allowed_amount":147.65,"providers":[{"billed_charge":281.00,"npi":[1841241106,1861087538]}]}]}]},{"name":"OFFICE\/OUTPATIENT ESTABLISHED HIGH MDM 40 MIN","billing_code_type":"CPT","billing_code_type_version":"2020","billing_code":"99215","description":"OFFICE\/OUTPATIENT ESTABLISHED HIGH MDM 40 MIN","allowed_amounts":[{"tin":{"type":"ein","value":"930223960"},"service_code":["22"],"billing_class":"professional","setting":"outpatient","payments":[{"allowed_amount":248.72,"providers":[{"billed_charge":460.00,"npi":[1306135488]}]}]}]},{"name":"PROSTATE NEEDLE BIOPSY ANY APPROACH","billing_code_type":"CPT","billing_code_type_version":"2020","billing_code":"55700","description":"PROSTATE NEEDLE BIOPSY ANY APPROACH","allowed_amounts":[{"tin":{"type":"ein","value":"930223960"},"service_code":["22"],"billing_class":"professional","setting":"outpatient","payments":[{"allowed_amount":308.48,"providers":[{"billed_charge":405.00,"npi":[1306135488]}]}]}]},{"name":"RADEX ANKLE COMPLETE MINIMUM 3 VIEWS","billing_code_type":"CPT","billing_code_type_version":"2020","billing_code":"73610","description":"RADEX ANKLE COMPLETE MINIMUM 3 VIEWS","allowed_amounts":[{"tin":{"type":"ein","value":"921281848"},"service_code":["23"],"billing_class":"professional","setting":"outpatient","payments":[{"allowed_amount":18.94,"providers":[{"billed_charge":37.00,"npi":[1184671620,1912365347]}]}]}]},{"name":"RADEX FINGR MINIMUM 2 VIEWS","billing_code_type":"CPT","billing_code_type_version":"2020","billing_code":"73140","description":"RADEX FINGR MINIMUM 2 VIEWS","allowed_amounts":[{"tin":{"type":"ein","value":"921281848"},"service_code":["22"],"billing_class":"professional","setting":"outpatient","payments":[{"allowed_amount":15.14,"providers":[{"billed_charge":29.00,"npi":[1417008517,1962453217]}]}]}]},{"name":"RADEX FOOT COMPLETE MINIMUM 3 VIEWS","billing_code_type":"CPT","billing_code_type_version":"2020","billing_code":"73630","description":"RADEX FOOT COMPLETE MINIMUM 3 VIEWS","allowed_amounts":[{"tin":{"type":"ein","value":"911853574"},"service_code":["22"],"billing_class":"professional","setting":"outpatient","payments":[{"allowed_amount":14.97,"providers":[{"billed_charge":97.20,"npi":[1578910915,1699855130]}]}]}]},{"name":"RADEX WRIST COMPLETE MINIMUM 3 VIEWS","billing_code_type":"CPT","billing_code_type_version":"2020","billing_code":"73110","description":"RADEX WRIST COMPLETE MINIMUM 3 VIEWS","allowed_amounts":[{"tin":{"type":"ein","value":"921281848"},"service_code":["22"],"billing_class":"professional","setting":"outpatient","payments":[{"allowed_amount":18.94,"providers":[{"billed_charge":37.00,"npi":[1417008517,1962453217]}]}]}]},{"name":"URNLS DIP STICK\/TABLET RGNT AUTO W\/O MICROSCOPY","billing_code_type":"CPT","billing_code_type_version":"2020","billing_code":"81003","description":"URNLS DIP STICK\/TABLET RGNT AUTO W\/O MICROSCOPY","allowed_amounts":[{"tin":{"type":"ein","value":"463599411"},"service_code":["23"],"billing_class":"professional","setting":"outpatient","payments":[{"allowed_amount":0.00,"providers":[{"billed_charge":9.20,"npi":[1225310675,1245506898]}]}]}]},{"name":"US TRANSRECTAL","billing_code_type":"CPT","billing_code_type_version":"2020","billing_code":"76872","description":"US TRANSRECTAL","allowed_amounts":[{"tin":{"type":"ein","value":"930223960"},"service_code":["22"],"billing_class":"professional","setting":"outpatient","payments":[{"allowed_amount":71.94,"providers":[{"billed_charge":634.00,"npi":[1306135488]}]}]}]},{"name":"VISIT CPLX INHERENT E&M ASSOC MCS","billing_code_type":"HCPCS","billing_code_type_version":"HCPCS LEVEL II 2021","billing_code":"G2211","description":"VISIT CPLX INHERENT E&M ASSOC MCS","allowed_amounts":[{"tin":{"type":"ein","value":"930223960"},"service_code":["22"],"billing_class":"professional","setting":"outpatient","payments":[{"allowed_amount":38.76,"providers":[{"billed_charge":51.00,"npi":[1306135488]}]}]}]}]}
