{"reporting_entity_name": "IEC Group_DBA AmeriBen",
	"reporting_entity_type": "Third Party Administrator",
	"plan_name": "ARIZONA LOCAL GOVERNMENT EBT",
	"plan_id_type": "ein",
	"plan_id": "860765362",
	"plan_market_type": "group",
	"last_updated_on": "2023-08-01","Version": "1.0.0","out_of_network":[{"name":"CCPD OPD\/HOME: CCPD COMP OR OTHER RATE","billing_code_type":"RC","billing_code_type_version":"UB04","billing_code":"0851","description":"CCPD OPD\/HOME: CCPD COMP OR OTHER RATE","allowed_amounts":[{"tin":{"type":"ein","value":"263105284"},"service_code":["65"],"billing_class":"institutional","payments":[{"allowed_amount":917.25,"billing_code_modifier":[""],"providers":[{"billed_charge":4586.27,"npi":[1497733810,1780915298]}]}]},{"tin":{"type":"ein","value":"263105284"},"service_code":["65"],"billing_class":"institutional","payments":[{"allowed_amount":999.81,"billing_code_modifier":[""],"providers":[{"billed_charge":4999.03,"npi":[1497733810,1780915298]}]}]},{"tin":{"type":"ein","value":"263105284"},"service_code":["65"],"billing_class":"institutional","payments":[{"allowed_amount":1089.79,"billing_code_modifier":[""],"providers":[{"billed_charge":5448.94,"npi":[1497733810,1780915298]}]}]}]},{"name":"DRUGS UNCLASSIFIED INJECTION","billing_code_type":"HCPCS","billing_code_type_version":"HCPCS LEVEL II 2021","billing_code":"J3490","description":"DRUGS UNCLASSIFIED INJECTION","allowed_amounts":[{"tin":{"type":"ein","value":"834425637"},"service_code":["11"],"billing_class":"professional","payments":[{"allowed_amount":13.00,"billing_code_modifier":[""],"providers":[{"billed_charge":20.00,"npi":[1003864380,1083741037,1093370918,1114945201,1528230737,1740249986]}]}]}]},{"name":"GRANISETRON HCL INJECTION","billing_code_type":"HCPCS","billing_code_type_version":"HCPCS LEVEL II 2021","billing_code":"J1626","description":"GRANISETRON HCL INJECTION","allowed_amounts":[{"tin":{"type":"ein","value":"834425637"},"service_code":["11"],"billing_class":"professional","payments":[{"allowed_amount":7.72,"billing_code_modifier":[""],"providers":[{"billed_charge":50.00,"npi":[1003864380,1083741037,1093370918,1114945201,1528230737,1740249986]}]}]}]},{"name":"IV INFUSION HYDRATION EACH ADDITIONAL HOUR","billing_code_type":"CPT","billing_code_type_version":"2020","billing_code":"96361","description":"IV INFUSION HYDRATION EACH ADDITIONAL HOUR","allowed_amounts":[{"tin":{"type":"ein","value":"834425637"},"service_code":["11"],"billing_class":"professional","payments":[{"allowed_amount":25.26,"billing_code_modifier":[""],"providers":[{"billed_charge":45.00,"npi":[1003864380,1083741037,1093370918,1114945201,1528230737,1740249986]}]}]}]},{"name":"IV INFUSION THERAPY\/PROPHYLAXIS \/DX 1ST TO 1 HR","billing_code_type":"CPT","billing_code_type_version":"2020","billing_code":"96365","description":"IV INFUSION THERAPY\/PROPHYLAXIS \/DX 1ST TO 1 HR","allowed_amounts":[{"tin":{"type":"ein","value":"834425637"},"service_code":["11"],"billing_class":"professional","payments":[{"allowed_amount":132.10,"billing_code_modifier":[""],"providers":[{"billed_charge":215.00,"npi":[1003864380,1083741037,1093370918,1114945201,1528230737,1740249986]}]}]}]},{"name":"LABORATORY - CLINICAL DIAGNOSTIC","billing_code_type":"RC","billing_code_type_version":"UB04","billing_code":"0300","description":"LABORATORY - CLINICAL DIAGNOSTIC","allowed_amounts":[{"tin":{"type":"ein","value":"860817397"},"service_code":["22","23"],"billing_class":"institutional","payments":[{"allowed_amount":56.00,"billing_code_modifier":[""],"providers":[{"billed_charge":70.00,"npi":[1013020460,1164953857,1477876639,1528075066,1528416088,1558749309]}]}]}]},{"name":"NORMAL SALINE SOLUTION INFUS","billing_code_type":"HCPCS","billing_code_type_version":"HCPCS LEVEL II 2021","billing_code":"J7030","description":"NORMAL SALINE SOLUTION INFUS","allowed_amounts":[{"tin":{"type":"ein","value":"834425637"},"service_code":["11"],"billing_class":"professional","payments":[{"allowed_amount":5.38,"billing_code_modifier":[""],"providers":[{"billed_charge":10.00,"npi":[1003864380,1083741037,1093370918,1114945201,1528230737,1740249986]}]}]}]},{"name":"PSYCHOTHERAPY W\/PATIENT 60 MINUTES","billing_code_type":"CPT","billing_code_type_version":"2020","billing_code":"90837","description":"PSYCHOTHERAPY W\/PATIENT 60 MINUTES","allowed_amounts":[{"tin":{"type":"ein","value":"464971292"},"service_code":["11"],"billing_class":"professional","payments":[{"allowed_amount":241.33,"billing_code_modifier":[""],"providers":[{"billed_charge":383.07,"npi":[1619279155,1669897385]}]}]}]}]}
