{"reporting_entity_name": "IEC Group_DBA AmeriBen",
	"reporting_entity_type": "Third Party Administrator",
	"plan_name": "THOMAS CONCRETE INC",
	"plan_id_type": "ein",
	"plan_id": "592820172",
	"plan_market_type": "group",
	"last_updated_on": "2024-12-01","Version": "1.0.0","out_of_network":[{"name":"DRUGS REQUIRE SPECIFIC ID: DRUGS REQUIRING DETAIL","billing_code_type":"RC","billing_code_type_version":"UB04","billing_code":"0636","description":"DRUGS REQUIRE SPECIFIC ID: DRUGS REQUIRING DETAIL","allowed_amounts":[{"tin":{"type":"ein","value":"042835488"},"service_code":["65"],"billing_class":"institutional","payments":[{"allowed_amount":13.65,"billing_code_modifier":[""],"providers":[{"billed_charge":380.95,"npi":[1053423889,1639173248]}]}]},{"tin":{"type":"ein","value":"272561091"},"service_code":["65"],"billing_class":"institutional","payments":[{"allowed_amount":4.60,"billing_code_modifier":[""],"providers":[{"billed_charge":124.20,"npi":[1245325547,1972857423]},{"billed_charge":130.20,"npi":[1245325547,1972857423]}]},{"allowed_amount":4.60,"billing_code_modifier":[""],"providers":[{"billed_charge":124.20,"npi":[1245325547,1972857423]},{"billed_charge":130.20,"npi":[1245325547,1972857423]}]}]},{"tin":{"type":"ein","value":"272561091"},"service_code":["65"],"billing_class":"institutional","payments":[{"allowed_amount":4.60,"billing_code_modifier":[""],"providers":[{"billed_charge":124.20,"npi":[1245325547,1972857423]},{"billed_charge":130.20,"npi":[1245325547,1972857423]}]},{"allowed_amount":4.60,"billing_code_modifier":[""],"providers":[{"billed_charge":124.20,"npi":[1245325547,1972857423]},{"billed_charge":130.20,"npi":[1245325547,1972857423]}]}]},{"tin":{"type":"ein","value":"272561091"},"service_code":["65"],"billing_class":"institutional","payments":[{"allowed_amount":4.61,"billing_code_modifier":[""],"providers":[{"billed_charge":124.20,"npi":[1245325547,1972857423]},{"billed_charge":130.20,"npi":[1245325547,1972857423]}]},{"allowed_amount":4.61,"billing_code_modifier":[""],"providers":[{"billed_charge":124.20,"npi":[1245325547,1972857423]},{"billed_charge":130.20,"npi":[1245325547,1972857423]}]}]},{"tin":{"type":"ein","value":"272561091"},"service_code":["65"],"billing_class":"institutional","payments":[{"allowed_amount":4.61,"billing_code_modifier":[""],"providers":[{"billed_charge":124.20,"npi":[1245325547,1972857423]},{"billed_charge":130.20,"npi":[1245325547,1972857423]}]},{"allowed_amount":4.61,"billing_code_modifier":[""],"providers":[{"billed_charge":124.20,"npi":[1245325547,1972857423]},{"billed_charge":130.20,"npi":[1245325547,1972857423]}]}]},{"tin":{"type":"ein","value":"272561091"},"service_code":["65"],"billing_class":"institutional","payments":[{"allowed_amount":13.65,"billing_code_modifier":[""],"providers":[{"billed_charge":386.75,"npi":[1245325547,1972857423]}]}]},{"tin":{"type":"ein","value":"272561091"},"service_code":["65"],"billing_class":"institutional","payments":[{"allowed_amount":13.66,"billing_code_modifier":[""],"providers":[{"billed_charge":368.33,"npi":[1245325547,1972857423]}]}]},{"tin":{"type":"ein","value":"621323090"},"service_code":["65"],"billing_class":"institutional","payments":[{"allowed_amount":15.57,"billing_code_modifier":[""],"providers":[{"billed_charge":255.00,"npi":[1548222615,1710927421]}]}]}]},{"name":"HEMO OPD\/HOME: HEMODIALYSIS COMP OR OTHER RATE","billing_code_type":"RC","billing_code_type_version":"UB04","billing_code":"0821","description":"HEMO OPD\/HOME: HEMODIALYSIS COMP OR OTHER RATE","allowed_amounts":[{"tin":{"type":"ein","value":"621323090"},"service_code":["65"],"billing_class":"institutional","payments":[{"allowed_amount":351.67,"billing_code_modifier":[""],"providers":[{"billed_charge":5762.00,"npi":[1548222615,1710927421]}]}]}]},{"name":"HEMODIALYSIS PROCEDURE W\/ PHYS\/QHP EVALUATION","billing_code_type":"CPT","billing_code_type_version":"2020","billing_code":"90935","description":"HEMODIALYSIS PROCEDURE W\/ PHYS\/QHP EVALUATION","allowed_amounts":[{"tin":{"type":"ein","value":"561378901"},"service_code":["65"],"billing_class":"professional","payments":[{"allowed_amount":81.38,"billing_code_modifier":[""],"providers":[{"billed_charge":390.00,"npi":[1083664189,1114684172,1548222615,1710927421]}]}]}]},{"name":"HEMOGLOBIN GLYCOSYLATED A1C","billing_code_type":"CPT","billing_code_type_version":"2020","billing_code":"83036","description":"HEMOGLOBIN GLYCOSYLATED A1C","allowed_amounts":[{"tin":{"type":"ein","value":"382084239"},"service_code":["81"],"billing_class":"professional","payments":[{"allowed_amount":4.68,"billing_code_modifier":[""],"providers":[{"billed_charge":81.68,"npi":[1124614631,1265538854,1386663367,1447250170,1770132698,1932166386,1932558137]}]}]},{"tin":{"type":"ein","value":"471359076"},"service_code":["81"],"billing_class":"professional","payments":[{"allowed_amount":4.68,"billing_code_modifier":[""],"providers":[{"billed_charge":114.43,"npi":[1134538713,1801517446]}]}]},{"tin":{"type":"ein","value":"742554159"},"service_code":["81"],"billing_class":"professional","payments":[{"allowed_amount":4.68,"billing_code_modifier":[""],"providers":[{"billed_charge":82.00,"npi":[1194769497,1760412308]}]}]},{"tin":{"type":"ein","value":"810576059"},"service_code":["81"],"billing_class":"professional","payments":[{"allowed_amount":4.68,"billing_code_modifier":[""],"providers":[{"billed_charge":40.68,"npi":[1235186800,1396138368,1770655987,1821447434]}]}]}]},{"name":"LABORATORY - CLINICAL DIAGNOSTIC: NONROUTINE DIALY","billing_code_type":"RC","billing_code_type_version":"UB04","billing_code":"0304","description":"LABORATORY - CLINICAL DIAGNOSTIC: NONROUTINE DIALY","allowed_amounts":[{"tin":{"type":"ein","value":"042835488"},"service_code":["65"],"billing_class":"institutional","payments":[{"allowed_amount":3.65,"billing_code_modifier":[""],"providers":[{"billed_charge":103.43,"npi":[1053423889,1639173248]},{"billed_charge":160.34,"npi":[1053423889,1639173248]}]},{"allowed_amount":3.65,"billing_code_modifier":[""],"providers":[{"billed_charge":103.43,"npi":[1053423889,1639173248]},{"billed_charge":160.34,"npi":[1053423889,1639173248]}]}]},{"tin":{"type":"ein","value":"042835488"},"service_code":["65"],"billing_class":"institutional","payments":[{"allowed_amount":3.65,"billing_code_modifier":[""],"providers":[{"billed_charge":103.43,"npi":[1053423889,1639173248]},{"billed_charge":160.34,"npi":[1053423889,1639173248]}]},{"allowed_amount":3.65,"billing_code_modifier":[""],"providers":[{"billed_charge":103.43,"npi":[1053423889,1639173248]},{"billed_charge":160.34,"npi":[1053423889,1639173248]}]}]},{"tin":{"type":"ein","value":"272561091"},"service_code":["65"],"billing_class":"institutional","payments":[{"allowed_amount":3.65,"billing_code_modifier":[""],"providers":[{"billed_charge":98.50,"npi":[1245325547,1316266711,1972857423]},{"billed_charge":103.43,"npi":[1245325547,1972857423]}]},{"allowed_amount":3.65,"billing_code_modifier":[""],"providers":[{"billed_charge":98.50,"npi":[1245325547,1316266711,1972857423]},{"billed_charge":103.43,"npi":[1245325547,1972857423]}]}]},{"tin":{"type":"ein","value":"272561091"},"service_code":["65"],"billing_class":"institutional","payments":[{"allowed_amount":3.65,"billing_code_modifier":[""],"providers":[{"billed_charge":98.50,"npi":[1245325547,1316266711,1972857423]},{"billed_charge":103.43,"npi":[1245325547,1972857423]}]},{"allowed_amount":3.65,"billing_code_modifier":[""],"providers":[{"billed_charge":98.50,"npi":[1245325547,1316266711,1972857423]},{"billed_charge":103.43,"npi":[1245325547,1972857423]}]}]}]},{"name":"LIPID PANEL","billing_code_type":"CPT","billing_code_type_version":"2020","billing_code":"80061","description":"LIPID PANEL","allowed_amounts":[{"tin":{"type":"ein","value":"382084239"},"service_code":["81"],"billing_class":"professional","payments":[{"allowed_amount":7.68,"billing_code_modifier":[""],"providers":[{"billed_charge":162.91,"npi":[1124614631,1265538854,1316045503,1386663367,1447250170,1770132698,1932166386,1932558137]}]}]},{"tin":{"type":"ein","value":"471359076"},"service_code":["81"],"billing_class":"professional","payments":[{"allowed_amount":7.68,"billing_code_modifier":[""],"providers":[{"billed_charge":40.17,"npi":[1134538713,1467416602,1801517446]}]}]},{"tin":{"type":"ein","value":"742554159"},"service_code":["81"],"billing_class":"professional","payments":[{"allowed_amount":7.68,"billing_code_modifier":[""],"providers":[{"billed_charge":90.75,"npi":[1194769497,1760412308]}]}]},{"tin":{"type":"ein","value":"810576059"},"service_code":["81"],"billing_class":"professional","payments":[{"allowed_amount":7.68,"billing_code_modifier":[""],"providers":[{"billed_charge":56.16,"npi":[1235186800,1396138368,1770655987,1821447434]}]}]}]},{"name":"MEDICAL\/SURGICAL SUPPLIES","billing_code_type":"RC","billing_code_type_version":"UB04","billing_code":"0270","description":"MEDICAL\/SURGICAL SUPPLIES","allowed_amounts":[{"tin":{"type":"ein","value":"272561091"},"service_code":["65"],"billing_class":"institutional","payments":[{"allowed_amount":5.26,"billing_code_modifier":[""],"providers":[{"billed_charge":142.00,"npi":[1245325547,1972857423]},{"billed_charge":149.10,"npi":[1245325547,1972857423]}]},{"allowed_amount":5.26,"billing_code_modifier":[""],"providers":[{"billed_charge":142.00,"npi":[1245325547,1972857423]},{"billed_charge":149.10,"npi":[1245325547,1972857423]}]}]},{"tin":{"type":"ein","value":"272561091"},"service_code":["65"],"billing_class":"institutional","payments":[{"allowed_amount":5.26,"billing_code_modifier":[""],"providers":[{"billed_charge":142.00,"npi":[1245325547,1972857423]},{"billed_charge":149.10,"npi":[1245325547,1972857423]}]},{"allowed_amount":5.26,"billing_code_modifier":[""],"providers":[{"billed_charge":142.00,"npi":[1245325547,1972857423]},{"billed_charge":149.10,"npi":[1245325547,1972857423]}]}]},{"tin":{"type":"ein","value":"621323090"},"service_code":["65"],"billing_class":"institutional","payments":[{"allowed_amount":8.30,"billing_code_modifier":[""],"providers":[{"billed_charge":136.05,"npi":[1548222615,1710927421]}]}]}]},{"name":"PHARMACY","billing_code_type":"RC","billing_code_type_version":"UB04","billing_code":"0250","description":"PHARMACY","allowed_amounts":[{"tin":{"type":"ein","value":"272561091"},"service_code":["65"],"billing_class":"institutional","payments":[{"allowed_amount":1.96,"billing_code_modifier":[""],"providers":[{"billed_charge":52.90,"npi":[1245325547,1316266711,1972857423]},{"billed_charge":55.55,"npi":[1245325547,1972857423]}]},{"allowed_amount":1.96,"billing_code_modifier":[""],"providers":[{"billed_charge":52.90,"npi":[1245325547,1316266711,1972857423]},{"billed_charge":55.55,"npi":[1245325547,1972857423]}]}]},{"tin":{"type":"ein","value":"272561091"},"service_code":["65"],"billing_class":"institutional","payments":[{"allowed_amount":1.96,"billing_code_modifier":[""],"providers":[{"billed_charge":52.90,"npi":[1245325547,1316266711,1972857423]},{"billed_charge":55.55,"npi":[1245325547,1972857423]}]},{"allowed_amount":1.96,"billing_code_modifier":[""],"providers":[{"billed_charge":52.90,"npi":[1245325547,1316266711,1972857423]},{"billed_charge":55.55,"npi":[1245325547,1972857423]}]}]},{"tin":{"type":"ein","value":"272561091"},"service_code":["65"],"billing_class":"institutional","payments":[{"allowed_amount":3.51,"billing_code_modifier":[""],"providers":[{"billed_charge":94.57,"npi":[1245325547,1316266711,1972857423]},{"billed_charge":99.30,"npi":[1245325547,1972857423]}]},{"allowed_amount":3.51,"billing_code_modifier":[""],"providers":[{"billed_charge":94.57,"npi":[1245325547,1316266711,1972857423]},{"billed_charge":99.30,"npi":[1245325547,1972857423]}]}]},{"tin":{"type":"ein","value":"272561091"},"service_code":["65"],"billing_class":"institutional","payments":[{"allowed_amount":3.51,"billing_code_modifier":[""],"providers":[{"billed_charge":94.57,"npi":[1245325547,1316266711,1972857423]},{"billed_charge":99.30,"npi":[1245325547,1972857423]}]},{"allowed_amount":3.51,"billing_code_modifier":[""],"providers":[{"billed_charge":94.57,"npi":[1245325547,1316266711,1972857423]},{"billed_charge":99.30,"npi":[1245325547,1972857423]}]}]}]},{"name":"PSYCHIATRIC\/PSYCHOLOGICAL SVCS: PARTIAL HOSP - LES","billing_code_type":"RC","billing_code_type_version":"UB04","billing_code":"0912","description":"PSYCHIATRIC\/PSYCHOLOGICAL SVCS: PARTIAL HOSP - LES","allowed_amounts":[{"tin":{"type":"ein","value":"921028195"},"service_code":["22"],"billing_class":"institutional","payments":[{"allowed_amount":885.00,"billing_code_modifier":[""],"providers":[{"billed_charge":3000.00,"npi":[1124703988,1437417789]}]}]}]}]}
