{"reporting_entity_name": "IEC Group_DBA AmeriBen",
	"reporting_entity_type": "Third Party Administrator",
	"plan_name": "SPARTECH, LLC",
	"plan_id_type": "ein",
	"plan_id": "822450614",
	"plan_market_type": "group",
	"last_updated_on": "2024-12-01","Version": "1.0.0","out_of_network":[{"name":"DETOXIFICATION","billing_code_type":"RC","billing_code_type_version":"UB04","billing_code":"0126","description":"DETOXIFICATION","allowed_amounts":[{"tin":{"type":"ein","value":"611914073"},"service_code":["21"],"billing_class":"institutional","payments":[{"allowed_amount":5907.50,"billing_code_modifier":[""],"providers":[{"billed_charge":6950.00,"npi":[1508408378,1871559385]}]}]}]},{"name":"REHAB","billing_code_type":"RC","billing_code_type_version":"UB04","billing_code":"0128","description":"REHAB","allowed_amounts":[{"tin":{"type":"ein","value":"611914073"},"service_code":["21"],"billing_class":"institutional","payments":[{"allowed_amount":5525.00,"billing_code_modifier":[""],"providers":[{"billed_charge":6500.00,"npi":[1508408378,1871559385]}]}]}]}]}
