{"reporting_entity_name": "IEC Group_DBA AmeriBen",
	"reporting_entity_type": "Third Party Administrator",
	"plan_name": "BORDERLAND CONSTRUCTION",
	"plan_id_type": "ein",
	"plan_id": "860323497",
	"plan_market_type": "group",
	"last_updated_on": "2024-04-01","Version": "1.0.0","out_of_network":[{"name":"EMERGENCY DEPARTMENT VISIT MODERATE MDM","billing_code_type":"CPT","billing_code_type_version":"2020","billing_code":"99284","description":"EMERGENCY DEPARTMENT VISIT MODERATE MDM","allowed_amounts":[{"tin":{"type":"ein","value":"352574944"},"service_code":["23"],"billing_class":"professional","payments":[{"allowed_amount":479.21,"billing_code_modifier":[""],"providers":[{"billed_charge":1196.00,"npi":[1063628618,1144607722,1245312289,1386647766,1447647664,1497375000,1518042670,1578025193,1639240336,1649355702,1700328663,1811598121,1942200696,1992705818]}]}]}]}]}
