{"reporting_entity_name": "IEC Group_DBA AmeriBen",
	"reporting_entity_type": "Third Party Administrator",
	"plan_name": "NFI INDUSTRIES",
	"plan_id_type": "ein",
	"plan_id": "222543994",
	"plan_market_type": "group",
	"last_updated_on": "2022-12-01","Version": "1.0.0","out_of_network":[{"name":"CCPD OPD\/HOME: CCPD COMP OR OTHER RATE","billing_code_type":"RC","billing_code_type_version":"UB04","billing_code":"0851","description":"CCPD OPD\/HOME: CCPD COMP OR OTHER RATE","allowed_amounts":[{"tin":{"type":"ein","value":"824664784"},"service_code":["65"],"billing_class":"institutional","payments":[{"allowed_amount":971.52,"billing_code_modifier":[""],"providers":[{"billed_charge":3617.00,"npi":[1245620731,1245853654]}]}]}]},{"name":"COVID-19 LAB TEST NON-CDC HTT","billing_code_type":"HCPCS","billing_code_type_version":"HCPCS LEVEL II 2021","billing_code":"U0004","description":"COVID-19 LAB TEST NON-CDC HTT","allowed_amounts":[{"tin":{"type":"ein","value":"010612023"},"service_code":["81"],"billing_class":"professional","payments":[{"allowed_amount":75.00,"billing_code_modifier":[""],"providers":[{"billed_charge":300.00,"npi":[1104910306,1396842472]}]}]},{"tin":{"type":"ein","value":"462909664"},"service_code":["81"],"billing_class":"professional","payments":[{"allowed_amount":75.00,"billing_code_modifier":[""],"providers":[{"billed_charge":150.00,"npi":[1003244880,1770877060]}]}]},{"tin":{"type":"ein","value":"471431584"},"service_code":["81"],"billing_class":"professional","payments":[{"allowed_amount":75.00,"billing_code_modifier":[""],"providers":[{"billed_charge":200.00,"npi":[1033227459,1568839173]}]}]},{"tin":{"type":"ein","value":"851795945"},"service_code":["81"],"billing_class":"professional","payments":[{"allowed_amount":75.00,"billing_code_modifier":[""],"providers":[{"billed_charge":125.00,"npi":[1114218682,1902403926]}]}]},{"tin":{"type":"ein","value":"861229252"},"service_code":["81"],"billing_class":"professional","payments":[{"allowed_amount":75.00,"billing_code_modifier":[""],"providers":[{"billed_charge":250.00,"npi":[1306599451]}]}]}]},{"name":"DRUGS REQUIRE SPECIFIC ID: DRUGS REQUIRING DETAIL","billing_code_type":"RC","billing_code_type_version":"UB04","billing_code":"0636","description":"DRUGS REQUIRE SPECIFIC ID: DRUGS REQUIRING DETAIL","allowed_amounts":[{"tin":{"type":"ein","value":"202898771"},"service_code":["23"],"billing_class":"institutional","payments":[{"allowed_amount":0.00,"billing_code_modifier":[""],"providers":[{"billed_charge":362.75,"npi":[1992075246,1992721161]}]}]},{"tin":{"type":"ein","value":"330502805"},"service_code":["21"],"billing_class":"institutional","payments":[{"allowed_amount":0.00,"billing_code_modifier":[""],"providers":[{"billed_charge":2753.70,"npi":[1144483256,1275563967,1851396576]}]}]},{"tin":{"type":"ein","value":"330928285"},"service_code":["23"],"billing_class":"institutional","payments":[{"allowed_amount":0.00,"billing_code_modifier":[""],"providers":[{"billed_charge":38.75,"npi":[1336183730,1962407460]},{"billed_charge":156.25,"npi":[1396125134,1962407460]},{"billed_charge":186.25,"npi":[1396125134,1962407460]}]},{"allowed_amount":0.00,"billing_code_modifier":[""],"providers":[{"billed_charge":38.75,"npi":[1336183730,1962407460]},{"billed_charge":156.25,"npi":[1396125134,1962407460]},{"billed_charge":186.25,"npi":[1396125134,1962407460]}]},{"allowed_amount":0.00,"billing_code_modifier":[""],"providers":[{"billed_charge":38.75,"npi":[1336183730,1962407460]},{"billed_charge":156.25,"npi":[1396125134,1962407460]},{"billed_charge":186.25,"npi":[1396125134,1962407460]}]}]},{"tin":{"type":"ein","value":"330928285"},"service_code":["23"],"billing_class":"institutional","payments":[{"allowed_amount":0.00,"billing_code_modifier":[""],"providers":[{"billed_charge":38.75,"npi":[1336183730,1962407460]},{"billed_charge":156.25,"npi":[1396125134,1962407460]},{"billed_charge":186.25,"npi":[1396125134,1962407460]}]},{"allowed_amount":0.00,"billing_code_modifier":[""],"providers":[{"billed_charge":38.75,"npi":[1336183730,1962407460]},{"billed_charge":156.25,"npi":[1396125134,1962407460]},{"billed_charge":186.25,"npi":[1396125134,1962407460]}]},{"allowed_amount":0.00,"billing_code_modifier":[""],"providers":[{"billed_charge":38.75,"npi":[1336183730,1962407460]},{"billed_charge":156.25,"npi":[1396125134,1962407460]},{"billed_charge":186.25,"npi":[1396125134,1962407460]}]}]},{"tin":{"type":"ein","value":"330928285"},"service_code":["23"],"billing_class":"institutional","payments":[{"allowed_amount":0.00,"billing_code_modifier":[""],"providers":[{"billed_charge":38.75,"npi":[1336183730,1962407460]},{"billed_charge":156.25,"npi":[1396125134,1962407460]},{"billed_charge":186.25,"npi":[1396125134,1962407460]}]},{"allowed_amount":0.00,"billing_code_modifier":[""],"providers":[{"billed_charge":38.75,"npi":[1336183730,1962407460]},{"billed_charge":156.25,"npi":[1396125134,1962407460]},{"billed_charge":186.25,"npi":[1396125134,1962407460]}]},{"allowed_amount":0.00,"billing_code_modifier":[""],"providers":[{"billed_charge":38.75,"npi":[1336183730,1962407460]},{"billed_charge":156.25,"npi":[1396125134,1962407460]},{"billed_charge":186.25,"npi":[1396125134,1962407460]}]}]},{"tin":{"type":"ein","value":"464901030"},"service_code":["23"],"billing_class":"institutional","payments":[{"allowed_amount":0.00,"billing_code_modifier":[""],"providers":[{"billed_charge":250.00,"npi":[1679976120]}]}]},{"tin":{"type":"ein","value":"812098192"},"service_code":["23"],"billing_class":"institutional","payments":[{"allowed_amount":0.00,"billing_code_modifier":[""],"providers":[{"billed_charge":5.00,"npi":[1649722463]},{"billed_charge":29.80,"npi":[1649722463]},{"billed_charge":89.20,"npi":[1649722463]}]},{"allowed_amount":0.00,"billing_code_modifier":[""],"providers":[{"billed_charge":5.00,"npi":[1649722463]},{"billed_charge":29.80,"npi":[1649722463]},{"billed_charge":89.20,"npi":[1649722463]}]},{"allowed_amount":0.00,"billing_code_modifier":[""],"providers":[{"billed_charge":5.00,"npi":[1649722463]},{"billed_charge":29.80,"npi":[1649722463]},{"billed_charge":89.20,"npi":[1649722463]}]}]},{"tin":{"type":"ein","value":"812098192"},"service_code":["23"],"billing_class":"institutional","payments":[{"allowed_amount":0.00,"billing_code_modifier":[""],"providers":[{"billed_charge":5.00,"npi":[1649722463]},{"billed_charge":29.80,"npi":[1649722463]},{"billed_charge":89.20,"npi":[1649722463]}]},{"allowed_amount":0.00,"billing_code_modifier":[""],"providers":[{"billed_charge":5.00,"npi":[1649722463]},{"billed_charge":29.80,"npi":[1649722463]},{"billed_charge":89.20,"npi":[1649722463]}]},{"allowed_amount":0.00,"billing_code_modifier":[""],"providers":[{"billed_charge":5.00,"npi":[1649722463]},{"billed_charge":29.80,"npi":[1649722463]},{"billed_charge":89.20,"npi":[1649722463]}]}]},{"tin":{"type":"ein","value":"812098192"},"service_code":["23"],"billing_class":"institutional","payments":[{"allowed_amount":0.00,"billing_code_modifier":[""],"providers":[{"billed_charge":5.00,"npi":[1649722463]},{"billed_charge":29.80,"npi":[1649722463]},{"billed_charge":89.20,"npi":[1649722463]}]},{"allowed_amount":0.00,"billing_code_modifier":[""],"providers":[{"billed_charge":5.00,"npi":[1649722463]},{"billed_charge":29.80,"npi":[1649722463]},{"billed_charge":89.20,"npi":[1649722463]}]},{"allowed_amount":0.00,"billing_code_modifier":[""],"providers":[{"billed_charge":5.00,"npi":[1649722463]},{"billed_charge":29.80,"npi":[1649722463]},{"billed_charge":89.20,"npi":[1649722463]}]}]},{"tin":{"type":"ein","value":"850737566"},"service_code":["23"],"billing_class":"institutional","payments":[{"allowed_amount":0.00,"billing_code_modifier":[""],"providers":[{"billed_charge":7.00,"npi":[1114547114,1366671083]},{"billed_charge":7.20,"npi":[1114547114,1366671083]},{"billed_charge":8.76,"npi":[1114547114,1659696987]},{"billed_charge":9.84,"npi":[1114547114,1659696987]},{"billed_charge":122.06,"npi":[1114547114,1659696987]}]},{"allowed_amount":0.00,"billing_code_modifier":[""],"providers":[{"billed_charge":7.00,"npi":[1114547114,1366671083]},{"billed_charge":7.20,"npi":[1114547114,1366671083]},{"billed_charge":8.76,"npi":[1114547114,1659696987]},{"billed_charge":9.84,"npi":[1114547114,1659696987]},{"billed_charge":122.06,"npi":[1114547114,1659696987]}]},{"allowed_amount":0.00,"billing_code_modifier":[""],"providers":[{"billed_charge":7.00,"npi":[1114547114,1366671083]},{"billed_charge":7.20,"npi":[1114547114,1366671083]},{"billed_charge":8.76,"npi":[1114547114,1659696987]},{"billed_charge":9.84,"npi":[1114547114,1659696987]},{"billed_charge":122.06,"npi":[1114547114,1659696987]}]},{"allowed_amount":0.00,"billing_code_modifier":[""],"providers":[{"billed_charge":7.00,"npi":[1114547114,1366671083]},{"billed_charge":7.20,"npi":[1114547114,1366671083]},{"billed_charge":8.76,"npi":[1114547114,1659696987]},{"billed_charge":9.84,"npi":[1114547114,1659696987]},{"billed_charge":122.06,"npi":[1114547114,1659696987]}]},{"allowed_amount":0.00,"billing_code_modifier":[""],"providers":[{"billed_charge":7.00,"npi":[1114547114,1366671083]},{"billed_charge":7.20,"npi":[1114547114,1366671083]},{"billed_charge":8.76,"npi":[1114547114,1659696987]},{"billed_charge":9.84,"npi":[1114547114,1659696987]},{"billed_charge":122.06,"npi":[1114547114,1659696987]}]}]},{"tin":{"type":"ein","value":"850737566"},"service_code":["23"],"billing_class":"institutional","payments":[{"allowed_amount":0.00,"billing_code_modifier":[""],"providers":[{"billed_charge":7.00,"npi":[1114547114,1366671083]},{"billed_charge":7.20,"npi":[1114547114,1366671083]},{"billed_charge":8.76,"npi":[1114547114,1659696987]},{"billed_charge":9.84,"npi":[1114547114,1659696987]},{"billed_charge":122.06,"npi":[1114547114,1659696987]}]},{"allowed_amount":0.00,"billing_code_modifier":[""],"providers":[{"billed_charge":7.00,"npi":[1114547114,1366671083]},{"billed_charge":7.20,"npi":[1114547114,1366671083]},{"billed_charge":8.76,"npi":[1114547114,1659696987]},{"billed_charge":9.84,"npi":[1114547114,1659696987]},{"billed_charge":122.06,"npi":[1114547114,1659696987]}]},{"allowed_amount":0.00,"billing_code_modifier":[""],"providers":[{"billed_charge":7.00,"npi":[1114547114,1366671083]},{"billed_charge":7.20,"npi":[1114547114,1366671083]},{"billed_charge":8.76,"npi":[1114547114,1659696987]},{"billed_charge":9.84,"npi":[1114547114,1659696987]},{"billed_charge":122.06,"npi":[1114547114,1659696987]}]},{"allowed_amount":0.00,"billing_code_modifier":[""],"providers":[{"billed_charge":7.00,"npi":[1114547114,1366671083]},{"billed_charge":7.20,"npi":[1114547114,1366671083]},{"billed_charge":8.76,"npi":[1114547114,1659696987]},{"billed_charge":9.84,"npi":[1114547114,1659696987]},{"billed_charge":122.06,"npi":[1114547114,1659696987]}]},{"allowed_amount":0.00,"billing_code_modifier":[""],"providers":[{"billed_charge":7.00,"npi":[1114547114,1366671083]},{"billed_charge":7.20,"npi":[1114547114,1366671083]},{"billed_charge":8.76,"npi":[1114547114,1659696987]},{"billed_charge":9.84,"npi":[1114547114,1659696987]},{"billed_charge":122.06,"npi":[1114547114,1659696987]}]}]},{"tin":{"type":"ein","value":"850737566"},"service_code":["23"],"billing_class":"institutional","payments":[{"allowed_amount":0.00,"billing_code_modifier":[""],"providers":[{"billed_charge":7.00,"npi":[1114547114,1366671083]},{"billed_charge":7.20,"npi":[1114547114,1366671083]},{"billed_charge":8.76,"npi":[1114547114,1659696987]},{"billed_charge":9.84,"npi":[1114547114,1659696987]},{"billed_charge":122.06,"npi":[1114547114,1659696987]}]},{"allowed_amount":0.00,"billing_code_modifier":[""],"providers":[{"billed_charge":7.00,"npi":[1114547114,1366671083]},{"billed_charge":7.20,"npi":[1114547114,1366671083]},{"billed_charge":8.76,"npi":[1114547114,1659696987]},{"billed_charge":9.84,"npi":[1114547114,1659696987]},{"billed_charge":122.06,"npi":[1114547114,1659696987]}]},{"allowed_amount":0.00,"billing_code_modifier":[""],"providers":[{"billed_charge":7.00,"npi":[1114547114,1366671083]},{"billed_charge":7.20,"npi":[1114547114,1366671083]},{"billed_charge":8.76,"npi":[1114547114,1659696987]},{"billed_charge":9.84,"npi":[1114547114,1659696987]},{"billed_charge":122.06,"npi":[1114547114,1659696987]}]},{"allowed_amount":0.00,"billing_code_modifier":[""],"providers":[{"billed_charge":7.00,"npi":[1114547114,1366671083]},{"billed_charge":7.20,"npi":[1114547114,1366671083]},{"billed_charge":8.76,"npi":[1114547114,1659696987]},{"billed_charge":9.84,"npi":[1114547114,1659696987]},{"billed_charge":122.06,"npi":[1114547114,1659696987]}]},{"allowed_amount":0.00,"billing_code_modifier":[""],"providers":[{"billed_charge":7.00,"npi":[1114547114,1366671083]},{"billed_charge":7.20,"npi":[1114547114,1366671083]},{"billed_charge":8.76,"npi":[1114547114,1659696987]},{"billed_charge":9.84,"npi":[1114547114,1659696987]},{"billed_charge":122.06,"npi":[1114547114,1659696987]}]}]},{"tin":{"type":"ein","value":"850737566"},"service_code":["23"],"billing_class":"institutional","payments":[{"allowed_amount":0.00,"billing_code_modifier":[""],"providers":[{"billed_charge":7.00,"npi":[1114547114,1366671083]},{"billed_charge":7.20,"npi":[1114547114,1366671083]},{"billed_charge":8.76,"npi":[1114547114,1659696987]},{"billed_charge":9.84,"npi":[1114547114,1659696987]},{"billed_charge":122.06,"npi":[1114547114,1659696987]}]},{"allowed_amount":0.00,"billing_code_modifier":[""],"providers":[{"billed_charge":7.00,"npi":[1114547114,1366671083]},{"billed_charge":7.20,"npi":[1114547114,1366671083]},{"billed_charge":8.76,"npi":[1114547114,1659696987]},{"billed_charge":9.84,"npi":[1114547114,1659696987]},{"billed_charge":122.06,"npi":[1114547114,1659696987]}]},{"allowed_amount":0.00,"billing_code_modifier":[""],"providers":[{"billed_charge":7.00,"npi":[1114547114,1366671083]},{"billed_charge":7.20,"npi":[1114547114,1366671083]},{"billed_charge":8.76,"npi":[1114547114,1659696987]},{"billed_charge":9.84,"npi":[1114547114,1659696987]},{"billed_charge":122.06,"npi":[1114547114,1659696987]}]},{"allowed_amount":0.00,"billing_code_modifier":[""],"providers":[{"billed_charge":7.00,"npi":[1114547114,1366671083]},{"billed_charge":7.20,"npi":[1114547114,1366671083]},{"billed_charge":8.76,"npi":[1114547114,1659696987]},{"billed_charge":9.84,"npi":[1114547114,1659696987]},{"billed_charge":122.06,"npi":[1114547114,1659696987]}]},{"allowed_amount":0.00,"billing_code_modifier":[""],"providers":[{"billed_charge":7.00,"npi":[1114547114,1366671083]},{"billed_charge":7.20,"npi":[1114547114,1366671083]},{"billed_charge":8.76,"npi":[1114547114,1659696987]},{"billed_charge":9.84,"npi":[1114547114,1659696987]},{"billed_charge":122.06,"npi":[1114547114,1659696987]}]}]},{"tin":{"type":"ein","value":"850737566"},"service_code":["23"],"billing_class":"institutional","payments":[{"allowed_amount":0.00,"billing_code_modifier":[""],"providers":[{"billed_charge":7.00,"npi":[1114547114,1366671083]},{"billed_charge":7.20,"npi":[1114547114,1366671083]},{"billed_charge":8.76,"npi":[1114547114,1659696987]},{"billed_charge":9.84,"npi":[1114547114,1659696987]},{"billed_charge":122.06,"npi":[1114547114,1659696987]}]},{"allowed_amount":0.00,"billing_code_modifier":[""],"providers":[{"billed_charge":7.00,"npi":[1114547114,1366671083]},{"billed_charge":7.20,"npi":[1114547114,1366671083]},{"billed_charge":8.76,"npi":[1114547114,1659696987]},{"billed_charge":9.84,"npi":[1114547114,1659696987]},{"billed_charge":122.06,"npi":[1114547114,1659696987]}]},{"allowed_amount":0.00,"billing_code_modifier":[""],"providers":[{"billed_charge":7.00,"npi":[1114547114,1366671083]},{"billed_charge":7.20,"npi":[1114547114,1366671083]},{"billed_charge":8.76,"npi":[1114547114,1659696987]},{"billed_charge":9.84,"npi":[1114547114,1659696987]},{"billed_charge":122.06,"npi":[1114547114,1659696987]}]},{"allowed_amount":0.00,"billing_code_modifier":[""],"providers":[{"billed_charge":7.00,"npi":[1114547114,1366671083]},{"billed_charge":7.20,"npi":[1114547114,1366671083]},{"billed_charge":8.76,"npi":[1114547114,1659696987]},{"billed_charge":9.84,"npi":[1114547114,1659696987]},{"billed_charge":122.06,"npi":[1114547114,1659696987]}]},{"allowed_amount":0.00,"billing_code_modifier":[""],"providers":[{"billed_charge":7.00,"npi":[1114547114,1366671083]},{"billed_charge":7.20,"npi":[1114547114,1366671083]},{"billed_charge":8.76,"npi":[1114547114,1659696987]},{"billed_charge":9.84,"npi":[1114547114,1659696987]},{"billed_charge":122.06,"npi":[1114547114,1659696987]}]}]},{"tin":{"type":"ein","value":"851931245"},"service_code":["23"],"billing_class":"institutional","payments":[{"allowed_amount":0.00,"billing_code_modifier":[""],"providers":[{"billed_charge":31.86,"npi":[1750909974]},{"billed_charge":84.24,"npi":[1750909974]},{"billed_charge":105.84,"npi":[1750909974]}]},{"allowed_amount":0.00,"billing_code_modifier":[""],"providers":[{"billed_charge":31.86,"npi":[1750909974]},{"billed_charge":84.24,"npi":[1750909974]},{"billed_charge":105.84,"npi":[1750909974]}]},{"allowed_amount":0.00,"billing_code_modifier":[""],"providers":[{"billed_charge":31.86,"npi":[1750909974]},{"billed_charge":84.24,"npi":[1750909974]},{"billed_charge":105.84,"npi":[1750909974]}]}]},{"tin":{"type":"ein","value":"851931245"},"service_code":["23"],"billing_class":"institutional","payments":[{"allowed_amount":0.00,"billing_code_modifier":[""],"providers":[{"billed_charge":31.86,"npi":[1750909974]},{"billed_charge":84.24,"npi":[1750909974]},{"billed_charge":105.84,"npi":[1750909974]}]},{"allowed_amount":0.00,"billing_code_modifier":[""],"providers":[{"billed_charge":31.86,"npi":[1750909974]},{"billed_charge":84.24,"npi":[1750909974]},{"billed_charge":105.84,"npi":[1750909974]}]},{"allowed_amount":0.00,"billing_code_modifier":[""],"providers":[{"billed_charge":31.86,"npi":[1750909974]},{"billed_charge":84.24,"npi":[1750909974]},{"billed_charge":105.84,"npi":[1750909974]}]}]},{"tin":{"type":"ein","value":"851931245"},"service_code":["23"],"billing_class":"institutional","payments":[{"allowed_amount":0.00,"billing_code_modifier":[""],"providers":[{"billed_charge":31.86,"npi":[1750909974]},{"billed_charge":84.24,"npi":[1750909974]},{"billed_charge":105.84,"npi":[1750909974]}]},{"allowed_amount":0.00,"billing_code_modifier":[""],"providers":[{"billed_charge":31.86,"npi":[1750909974]},{"billed_charge":84.24,"npi":[1750909974]},{"billed_charge":105.84,"npi":[1750909974]}]},{"allowed_amount":0.00,"billing_code_modifier":[""],"providers":[{"billed_charge":31.86,"npi":[1750909974]},{"billed_charge":84.24,"npi":[1750909974]},{"billed_charge":105.84,"npi":[1750909974]}]}]},{"tin":{"type":"ein","value":"851961472"},"service_code":["23"],"billing_class":"institutional","payments":[{"allowed_amount":0.00,"billing_code_modifier":[""],"providers":[{"billed_charge":168.48,"npi":[1235747304]}]}]},{"tin":{"type":"ein","value":"851984103"},"service_code":["23"],"billing_class":"institutional","payments":[{"allowed_amount":0.00,"billing_code_modifier":[""],"providers":[{"billed_charge":31.86,"npi":[1376151365]},{"billed_charge":84.24,"npi":[1376151365]}]},{"allowed_amount":0.00,"billing_code_modifier":[""],"providers":[{"billed_charge":31.86,"npi":[1376151365]},{"billed_charge":84.24,"npi":[1376151365]}]}]},{"tin":{"type":"ein","value":"851984103"},"service_code":["23"],"billing_class":"institutional","payments":[{"allowed_amount":0.00,"billing_code_modifier":[""],"providers":[{"billed_charge":31.86,"npi":[1376151365]},{"billed_charge":84.24,"npi":[1376151365]}]},{"allowed_amount":0.00,"billing_code_modifier":[""],"providers":[{"billed_charge":31.86,"npi":[1376151365]},{"billed_charge":84.24,"npi":[1376151365]}]}]}]},{"name":"ECG ROUTINE ECG W\/LEAST 12 LDS I&R ONLY","billing_code_type":"CPT","billing_code_type_version":"2020","billing_code":"93010","description":"ECG ROUTINE ECG W\/LEAST 12 LDS I&R ONLY","allowed_amounts":[{"tin":{"type":"ein","value":"200463713"},"service_code":["23"],"billing_class":"professional","payments":[{"allowed_amount":0.00,"billing_code_modifier":[""],"providers":[{"billed_charge":23.00,"npi":[1184655581,1235507724,1730250580]}]}]},{"tin":{"type":"ein","value":"200481876"},"service_code":["23"],"billing_class":"professional","payments":[{"allowed_amount":0.00,"billing_code_modifier":[""],"providers":[{"billed_charge":86.00,"npi":[1629145362,1871848242]}]}]},{"tin":{"type":"ein","value":"273816791"},"service_code":["23"],"billing_class":"professional","payments":[{"allowed_amount":0.00,"billing_code_modifier":[""],"providers":[{"billed_charge":94.00,"npi":[1114423225,1568763290]}]}]},{"tin":{"type":"ein","value":"824486211"},"service_code":["23"],"billing_class":"professional","payments":[{"allowed_amount":0.00,"billing_code_modifier":[""],"providers":[{"billed_charge":87.00,"npi":[1053824292,1205375839,1306325840,1346391299,1427348853,1669424164,1841427374,1982994190]}]}]},{"tin":{"type":"ein","value":"851762272"},"service_code":["23"],"billing_class":"professional","payments":[{"allowed_amount":0.00,"billing_code_modifier":[""],"providers":[{"billed_charge":573.20,"npi":[1417260845,1831717677]}]}]},{"tin":{"type":"ein","value":"851931322"},"service_code":["23"],"billing_class":"professional","payments":[{"allowed_amount":0.00,"billing_code_modifier":[""],"providers":[{"billed_charge":573.20,"npi":[1467070698,1639265283]}]}]}]},{"name":"EMERGENCY DEPT VISIT HIGH SEVERITY&THREAT FUNCJ","billing_code_type":"CPT","billing_code_type_version":"2020","billing_code":"99285","description":"EMERGENCY DEPT VISIT HIGH SEVERITY&THREAT FUNCJ","allowed_amounts":[{"tin":{"type":"ein","value":"824486211"},"service_code":["23"],"billing_class":"professional","payments":[{"allowed_amount":209.83,"billing_code_modifier":[""],"providers":[{"billed_charge":1761.00,"npi":[1053824292,1205375839,1306325840,1346391299,1467405761,1669424164,1811962756,1841427374,1982994190]}]}]}]},{"name":"EMERGENCY ROOM","billing_code_type":"RC","billing_code_type_version":"UB04","billing_code":"0450","description":"EMERGENCY ROOM","allowed_amounts":[{"tin":{"type":"ein","value":"202898771"},"service_code":["23"],"billing_class":"institutional","payments":[{"allowed_amount":0.00,"billing_code_modifier":[""],"providers":[{"billed_charge":265.85,"npi":[1992075246,1992721161]},{"billed_charge":1188.60,"npi":[1992075246,1992721161]}]},{"allowed_amount":0.00,"billing_code_modifier":[""],"providers":[{"billed_charge":265.85,"npi":[1992075246,1992721161]},{"billed_charge":1188.60,"npi":[1992075246,1992721161]}]}]},{"tin":{"type":"ein","value":"202898771"},"service_code":["23"],"billing_class":"institutional","payments":[{"allowed_amount":0.00,"billing_code_modifier":[""],"providers":[{"billed_charge":265.85,"npi":[1992075246,1992721161]},{"billed_charge":1188.60,"npi":[1992075246,1992721161]}]},{"allowed_amount":0.00,"billing_code_modifier":[""],"providers":[{"billed_charge":265.85,"npi":[1992075246,1992721161]},{"billed_charge":1188.60,"npi":[1992075246,1992721161]}]}]},{"tin":{"type":"ein","value":"330502805"},"service_code":["21"],"billing_class":"institutional","payments":[{"allowed_amount":0.00,"billing_code_modifier":[""],"providers":[{"billed_charge":4826.15,"npi":[1144483256,1275563967,1851396576]}]}]},{"tin":{"type":"ein","value":"330928285"},"service_code":["23"],"billing_class":"institutional","payments":[{"allowed_amount":0.00,"billing_code_modifier":[""],"providers":[{"billed_charge":280.41,"npi":[1336183730,1962407460]},{"billed_charge":1188.60,"npi":[1336183730,1962407460]},{"billed_charge":2999.00,"npi":[1396125134,1962407460]}]},{"allowed_amount":0.00,"billing_code_modifier":[""],"providers":[{"billed_charge":280.41,"npi":[1336183730,1962407460]},{"billed_charge":1188.60,"npi":[1336183730,1962407460]},{"billed_charge":2999.00,"npi":[1396125134,1962407460]}]},{"allowed_amount":0.00,"billing_code_modifier":[""],"providers":[{"billed_charge":280.41,"npi":[1336183730,1962407460]},{"billed_charge":1188.60,"npi":[1336183730,1962407460]},{"billed_charge":2999.00,"npi":[1396125134,1962407460]}]}]},{"tin":{"type":"ein","value":"330928285"},"service_code":["23"],"billing_class":"institutional","payments":[{"allowed_amount":0.00,"billing_code_modifier":[""],"providers":[{"billed_charge":280.41,"npi":[1336183730,1962407460]},{"billed_charge":1188.60,"npi":[1336183730,1962407460]},{"billed_charge":2999.00,"npi":[1396125134,1962407460]}]},{"allowed_amount":0.00,"billing_code_modifier":[""],"providers":[{"billed_charge":280.41,"npi":[1336183730,1962407460]},{"billed_charge":1188.60,"npi":[1336183730,1962407460]},{"billed_charge":2999.00,"npi":[1396125134,1962407460]}]},{"allowed_amount":0.00,"billing_code_modifier":[""],"providers":[{"billed_charge":280.41,"npi":[1336183730,1962407460]},{"billed_charge":1188.60,"npi":[1336183730,1962407460]},{"billed_charge":2999.00,"npi":[1396125134,1962407460]}]}]},{"tin":{"type":"ein","value":"330928285"},"service_code":["23"],"billing_class":"institutional","payments":[{"allowed_amount":0.00,"billing_code_modifier":[""],"providers":[{"billed_charge":280.41,"npi":[1336183730,1962407460]},{"billed_charge":1188.60,"npi":[1336183730,1962407460]},{"billed_charge":2999.00,"npi":[1396125134,1962407460]}]},{"allowed_amount":0.00,"billing_code_modifier":[""],"providers":[{"billed_charge":280.41,"npi":[1336183730,1962407460]},{"billed_charge":1188.60,"npi":[1336183730,1962407460]},{"billed_charge":2999.00,"npi":[1396125134,1962407460]}]},{"allowed_amount":0.00,"billing_code_modifier":[""],"providers":[{"billed_charge":280.41,"npi":[1336183730,1962407460]},{"billed_charge":1188.60,"npi":[1336183730,1962407460]},{"billed_charge":2999.00,"npi":[1396125134,1962407460]}]}]},{"tin":{"type":"ein","value":"465557331"},"service_code":["23"],"billing_class":"institutional","payments":[{"allowed_amount":0.00,"billing_code_modifier":[""],"providers":[{"billed_charge":2265.32,"npi":[1194125146]}]}]},{"tin":{"type":"ein","value":"812098192"},"service_code":["23"],"billing_class":"institutional","payments":[{"allowed_amount":0.00,"billing_code_modifier":[""],"providers":[{"billed_charge":152.36,"npi":[1649722463]},{"billed_charge":324.00,"npi":[1649722463]}]},{"allowed_amount":0.00,"billing_code_modifier":[""],"providers":[{"billed_charge":152.36,"npi":[1649722463]},{"billed_charge":324.00,"npi":[1649722463]}]}]},{"tin":{"type":"ein","value":"812098192"},"service_code":["23"],"billing_class":"institutional","payments":[{"allowed_amount":0.00,"billing_code_modifier":[""],"providers":[{"billed_charge":152.36,"npi":[1649722463]},{"billed_charge":324.00,"npi":[1649722463]}]},{"allowed_amount":0.00,"billing_code_modifier":[""],"providers":[{"billed_charge":152.36,"npi":[1649722463]},{"billed_charge":324.00,"npi":[1649722463]}]}]},{"tin":{"type":"ein","value":"812527918"},"service_code":["23"],"billing_class":"institutional","payments":[{"allowed_amount":0.00,"billing_code_modifier":[""],"providers":[{"billed_charge":240.00,"npi":[1396280756]},{"billed_charge":2609.00,"npi":[1396280756]}]},{"allowed_amount":0.00,"billing_code_modifier":[""],"providers":[{"billed_charge":240.00,"npi":[1396280756]},{"billed_charge":2609.00,"npi":[1396280756]}]}]},{"tin":{"type":"ein","value":"812527918"},"service_code":["23"],"billing_class":"institutional","payments":[{"allowed_amount":0.00,"billing_code_modifier":[""],"providers":[{"billed_charge":240.00,"npi":[1396280756]},{"billed_charge":2609.00,"npi":[1396280756]}]},{"allowed_amount":0.00,"billing_code_modifier":[""],"providers":[{"billed_charge":240.00,"npi":[1396280756]},{"billed_charge":2609.00,"npi":[1396280756]}]}]},{"tin":{"type":"ein","value":"850737566"},"service_code":["23"],"billing_class":"institutional","payments":[{"allowed_amount":0.00,"billing_code_modifier":[""],"providers":[{"billed_charge":342.99,"npi":[1114547114,1366671083]},{"billed_charge":685.98,"npi":[1114547114,1659696987]},{"billed_charge":918.70,"npi":[1114547114,1366671083,1659696987]},{"billed_charge":3131.00,"npi":[1114547114,1366671083,1659696987]}]},{"allowed_amount":0.00,"billing_code_modifier":[""],"providers":[{"billed_charge":342.99,"npi":[1114547114,1366671083]},{"billed_charge":685.98,"npi":[1114547114,1659696987]},{"billed_charge":918.70,"npi":[1114547114,1366671083,1659696987]},{"billed_charge":3131.00,"npi":[1114547114,1366671083,1659696987]}]},{"allowed_amount":0.00,"billing_code_modifier":[""],"providers":[{"billed_charge":342.99,"npi":[1114547114,1366671083]},{"billed_charge":685.98,"npi":[1114547114,1659696987]},{"billed_charge":918.70,"npi":[1114547114,1366671083,1659696987]},{"billed_charge":3131.00,"npi":[1114547114,1366671083,1659696987]}]},{"allowed_amount":0.00,"billing_code_modifier":[""],"providers":[{"billed_charge":342.99,"npi":[1114547114,1366671083]},{"billed_charge":685.98,"npi":[1114547114,1659696987]},{"billed_charge":918.70,"npi":[1114547114,1366671083,1659696987]},{"billed_charge":3131.00,"npi":[1114547114,1366671083,1659696987]}]}]},{"tin":{"type":"ein","value":"850737566"},"service_code":["23"],"billing_class":"institutional","payments":[{"allowed_amount":0.00,"billing_code_modifier":[""],"providers":[{"billed_charge":342.99,"npi":[1114547114,1366671083]},{"billed_charge":685.98,"npi":[1114547114,1659696987]},{"billed_charge":918.70,"npi":[1114547114,1366671083,1659696987]},{"billed_charge":3131.00,"npi":[1114547114,1366671083,1659696987]}]},{"allowed_amount":0.00,"billing_code_modifier":[""],"providers":[{"billed_charge":342.99,"npi":[1114547114,1366671083]},{"billed_charge":685.98,"npi":[1114547114,1659696987]},{"billed_charge":918.70,"npi":[1114547114,1366671083,1659696987]},{"billed_charge":3131.00,"npi":[1114547114,1366671083,1659696987]}]},{"allowed_amount":0.00,"billing_code_modifier":[""],"providers":[{"billed_charge":342.99,"npi":[1114547114,1366671083]},{"billed_charge":685.98,"npi":[1114547114,1659696987]},{"billed_charge":918.70,"npi":[1114547114,1366671083,1659696987]},{"billed_charge":3131.00,"npi":[1114547114,1366671083,1659696987]}]},{"allowed_amount":0.00,"billing_code_modifier":[""],"providers":[{"billed_charge":342.99,"npi":[1114547114,1366671083]},{"billed_charge":685.98,"npi":[1114547114,1659696987]},{"billed_charge":918.70,"npi":[1114547114,1366671083,1659696987]},{"billed_charge":3131.00,"npi":[1114547114,1366671083,1659696987]}]}]},{"tin":{"type":"ein","value":"850737566"},"service_code":["23"],"billing_class":"institutional","payments":[{"allowed_amount":0.00,"billing_code_modifier":[""],"providers":[{"billed_charge":342.99,"npi":[1114547114,1366671083]},{"billed_charge":685.98,"npi":[1114547114,1659696987]},{"billed_charge":918.70,"npi":[1114547114,1366671083,1659696987]},{"billed_charge":3131.00,"npi":[1114547114,1366671083,1659696987]}]},{"allowed_amount":0.00,"billing_code_modifier":[""],"providers":[{"billed_charge":342.99,"npi":[1114547114,1366671083]},{"billed_charge":685.98,"npi":[1114547114,1659696987]},{"billed_charge":918.70,"npi":[1114547114,1366671083,1659696987]},{"billed_charge":3131.00,"npi":[1114547114,1366671083,1659696987]}]},{"allowed_amount":0.00,"billing_code_modifier":[""],"providers":[{"billed_charge":342.99,"npi":[1114547114,1366671083]},{"billed_charge":685.98,"npi":[1114547114,1659696987]},{"billed_charge":918.70,"npi":[1114547114,1366671083,1659696987]},{"billed_charge":3131.00,"npi":[1114547114,1366671083,1659696987]}]},{"allowed_amount":0.00,"billing_code_modifier":[""],"providers":[{"billed_charge":342.99,"npi":[1114547114,1366671083]},{"billed_charge":685.98,"npi":[1114547114,1659696987]},{"billed_charge":918.70,"npi":[1114547114,1366671083,1659696987]},{"billed_charge":3131.00,"npi":[1114547114,1366671083,1659696987]}]}]},{"tin":{"type":"ein","value":"850737566"},"service_code":["23"],"billing_class":"institutional","payments":[{"allowed_amount":0.00,"billing_code_modifier":[""],"providers":[{"billed_charge":342.99,"npi":[1114547114,1366671083]},{"billed_charge":685.98,"npi":[1114547114,1659696987]},{"billed_charge":918.70,"npi":[1114547114,1366671083,1659696987]},{"billed_charge":3131.00,"npi":[1114547114,1366671083,1659696987]}]},{"allowed_amount":0.00,"billing_code_modifier":[""],"providers":[{"billed_charge":342.99,"npi":[1114547114,1366671083]},{"billed_charge":685.98,"npi":[1114547114,1659696987]},{"billed_charge":918.70,"npi":[1114547114,1366671083,1659696987]},{"billed_charge":3131.00,"npi":[1114547114,1366671083,1659696987]}]},{"allowed_amount":0.00,"billing_code_modifier":[""],"providers":[{"billed_charge":342.99,"npi":[1114547114,1366671083]},{"billed_charge":685.98,"npi":[1114547114,1659696987]},{"billed_charge":918.70,"npi":[1114547114,1366671083,1659696987]},{"billed_charge":3131.00,"npi":[1114547114,1366671083,1659696987]}]},{"allowed_amount":0.00,"billing_code_modifier":[""],"providers":[{"billed_charge":342.99,"npi":[1114547114,1366671083]},{"billed_charge":685.98,"npi":[1114547114,1659696987]},{"billed_charge":918.70,"npi":[1114547114,1366671083,1659696987]},{"billed_charge":3131.00,"npi":[1114547114,1366671083,1659696987]}]}]},{"tin":{"type":"ein","value":"851931245"},"service_code":["23"],"billing_class":"institutional","payments":[{"allowed_amount":0.00,"billing_code_modifier":[""],"providers":[{"billed_charge":644.28,"npi":[1750909974]},{"billed_charge":963.28,"npi":[1750909974]},{"billed_charge":1102.19,"npi":[1750909974]},{"billed_charge":3550.96,"npi":[1750909974]},{"billed_charge":9656.00,"npi":[1750909974]}]},{"allowed_amount":0.00,"billing_code_modifier":[""],"providers":[{"billed_charge":644.28,"npi":[1750909974]},{"billed_charge":963.28,"npi":[1750909974]},{"billed_charge":1102.19,"npi":[1750909974]},{"billed_charge":3550.96,"npi":[1750909974]},{"billed_charge":9656.00,"npi":[1750909974]}]},{"allowed_amount":0.00,"billing_code_modifier":[""],"providers":[{"billed_charge":644.28,"npi":[1750909974]},{"billed_charge":963.28,"npi":[1750909974]},{"billed_charge":1102.19,"npi":[1750909974]},{"billed_charge":3550.96,"npi":[1750909974]},{"billed_charge":9656.00,"npi":[1750909974]}]},{"allowed_amount":0.00,"billing_code_modifier":[""],"providers":[{"billed_charge":644.28,"npi":[1750909974]},{"billed_charge":963.28,"npi":[1750909974]},{"billed_charge":1102.19,"npi":[1750909974]},{"billed_charge":3550.96,"npi":[1750909974]},{"billed_charge":9656.00,"npi":[1750909974]}]},{"allowed_amount":0.00,"billing_code_modifier":[""],"providers":[{"billed_charge":644.28,"npi":[1750909974]},{"billed_charge":963.28,"npi":[1750909974]},{"billed_charge":1102.19,"npi":[1750909974]},{"billed_charge":3550.96,"npi":[1750909974]},{"billed_charge":9656.00,"npi":[1750909974]}]}]},{"tin":{"type":"ein","value":"851931245"},"service_code":["23"],"billing_class":"institutional","payments":[{"allowed_amount":0.00,"billing_code_modifier":[""],"providers":[{"billed_charge":644.28,"npi":[1750909974]},{"billed_charge":963.28,"npi":[1750909974]},{"billed_charge":1102.19,"npi":[1750909974]},{"billed_charge":3550.96,"npi":[1750909974]},{"billed_charge":9656.00,"npi":[1750909974]}]},{"allowed_amount":0.00,"billing_code_modifier":[""],"providers":[{"billed_charge":644.28,"npi":[1750909974]},{"billed_charge":963.28,"npi":[1750909974]},{"billed_charge":1102.19,"npi":[1750909974]},{"billed_charge":3550.96,"npi":[1750909974]},{"billed_charge":9656.00,"npi":[1750909974]}]},{"allowed_amount":0.00,"billing_code_modifier":[""],"providers":[{"billed_charge":644.28,"npi":[1750909974]},{"billed_charge":963.28,"npi":[1750909974]},{"billed_charge":1102.19,"npi":[1750909974]},{"billed_charge":3550.96,"npi":[1750909974]},{"billed_charge":9656.00,"npi":[1750909974]}]},{"allowed_amount":0.00,"billing_code_modifier":[""],"providers":[{"billed_charge":644.28,"npi":[1750909974]},{"billed_charge":963.28,"npi":[1750909974]},{"billed_charge":1102.19,"npi":[1750909974]},{"billed_charge":3550.96,"npi":[1750909974]},{"billed_charge":9656.00,"npi":[1750909974]}]},{"allowed_amount":0.00,"billing_code_modifier":[""],"providers":[{"billed_charge":644.28,"npi":[1750909974]},{"billed_charge":963.28,"npi":[1750909974]},{"billed_charge":1102.19,"npi":[1750909974]},{"billed_charge":3550.96,"npi":[1750909974]},{"billed_charge":9656.00,"npi":[1750909974]}]}]},{"tin":{"type":"ein","value":"851931245"},"service_code":["23"],"billing_class":"institutional","payments":[{"allowed_amount":0.00,"billing_code_modifier":[""],"providers":[{"billed_charge":644.28,"npi":[1750909974]},{"billed_charge":963.28,"npi":[1750909974]},{"billed_charge":1102.19,"npi":[1750909974]},{"billed_charge":3550.96,"npi":[1750909974]},{"billed_charge":9656.00,"npi":[1750909974]}]},{"allowed_amount":0.00,"billing_code_modifier":[""],"providers":[{"billed_charge":644.28,"npi":[1750909974]},{"billed_charge":963.28,"npi":[1750909974]},{"billed_charge":1102.19,"npi":[1750909974]},{"billed_charge":3550.96,"npi":[1750909974]},{"billed_charge":9656.00,"npi":[1750909974]}]},{"allowed_amount":0.00,"billing_code_modifier":[""],"providers":[{"billed_charge":644.28,"npi":[1750909974]},{"billed_charge":963.28,"npi":[1750909974]},{"billed_charge":1102.19,"npi":[1750909974]},{"billed_charge":3550.96,"npi":[1750909974]},{"billed_charge":9656.00,"npi":[1750909974]}]},{"allowed_amount":0.00,"billing_code_modifier":[""],"providers":[{"billed_charge":644.28,"npi":[1750909974]},{"billed_charge":963.28,"npi":[1750909974]},{"billed_charge":1102.19,"npi":[1750909974]},{"billed_charge":3550.96,"npi":[1750909974]},{"billed_charge":9656.00,"npi":[1750909974]}]},{"allowed_amount":0.00,"billing_code_modifier":[""],"providers":[{"billed_charge":644.28,"npi":[1750909974]},{"billed_charge":963.28,"npi":[1750909974]},{"billed_charge":1102.19,"npi":[1750909974]},{"billed_charge":3550.96,"npi":[1750909974]},{"billed_charge":9656.00,"npi":[1750909974]}]}]},{"tin":{"type":"ein","value":"851931245"},"service_code":["23"],"billing_class":"institutional","payments":[{"allowed_amount":0.00,"billing_code_modifier":[""],"providers":[{"billed_charge":644.28,"npi":[1750909974]},{"billed_charge":963.28,"npi":[1750909974]},{"billed_charge":1102.19,"npi":[1750909974]},{"billed_charge":3550.96,"npi":[1750909974]},{"billed_charge":9656.00,"npi":[1750909974]}]},{"allowed_amount":0.00,"billing_code_modifier":[""],"providers":[{"billed_charge":644.28,"npi":[1750909974]},{"billed_charge":963.28,"npi":[1750909974]},{"billed_charge":1102.19,"npi":[1750909974]},{"billed_charge":3550.96,"npi":[1750909974]},{"billed_charge":9656.00,"npi":[1750909974]}]},{"allowed_amount":0.00,"billing_code_modifier":[""],"providers":[{"billed_charge":644.28,"npi":[1750909974]},{"billed_charge":963.28,"npi":[1750909974]},{"billed_charge":1102.19,"npi":[1750909974]},{"billed_charge":3550.96,"npi":[1750909974]},{"billed_charge":9656.00,"npi":[1750909974]}]},{"allowed_amount":0.00,"billing_code_modifier":[""],"providers":[{"billed_charge":644.28,"npi":[1750909974]},{"billed_charge":963.28,"npi":[1750909974]},{"billed_charge":1102.19,"npi":[1750909974]},{"billed_charge":3550.96,"npi":[1750909974]},{"billed_charge":9656.00,"npi":[1750909974]}]},{"allowed_amount":0.00,"billing_code_modifier":[""],"providers":[{"billed_charge":644.28,"npi":[1750909974]},{"billed_charge":963.28,"npi":[1750909974]},{"billed_charge":1102.19,"npi":[1750909974]},{"billed_charge":3550.96,"npi":[1750909974]},{"billed_charge":9656.00,"npi":[1750909974]}]}]},{"tin":{"type":"ein","value":"851931245"},"service_code":["23"],"billing_class":"institutional","payments":[{"allowed_amount":0.00,"billing_code_modifier":[""],"providers":[{"billed_charge":644.28,"npi":[1750909974]},{"billed_charge":963.28,"npi":[1750909974]},{"billed_charge":1102.19,"npi":[1750909974]},{"billed_charge":3550.96,"npi":[1750909974]},{"billed_charge":9656.00,"npi":[1750909974]}]},{"allowed_amount":0.00,"billing_code_modifier":[""],"providers":[{"billed_charge":644.28,"npi":[1750909974]},{"billed_charge":963.28,"npi":[1750909974]},{"billed_charge":1102.19,"npi":[1750909974]},{"billed_charge":3550.96,"npi":[1750909974]},{"billed_charge":9656.00,"npi":[1750909974]}]},{"allowed_amount":0.00,"billing_code_modifier":[""],"providers":[{"billed_charge":644.28,"npi":[1750909974]},{"billed_charge":963.28,"npi":[1750909974]},{"billed_charge":1102.19,"npi":[1750909974]},{"billed_charge":3550.96,"npi":[1750909974]},{"billed_charge":9656.00,"npi":[1750909974]}]},{"allowed_amount":0.00,"billing_code_modifier":[""],"providers":[{"billed_charge":644.28,"npi":[1750909974]},{"billed_charge":963.28,"npi":[1750909974]},{"billed_charge":1102.19,"npi":[1750909974]},{"billed_charge":3550.96,"npi":[1750909974]},{"billed_charge":9656.00,"npi":[1750909974]}]},{"allowed_amount":0.00,"billing_code_modifier":[""],"providers":[{"billed_charge":644.28,"npi":[1750909974]},{"billed_charge":963.28,"npi":[1750909974]},{"billed_charge":1102.19,"npi":[1750909974]},{"billed_charge":3550.96,"npi":[1750909974]},{"billed_charge":9656.00,"npi":[1750909974]}]}]},{"tin":{"type":"ein","value":"851961472"},"service_code":["23"],"billing_class":"institutional","payments":[{"allowed_amount":0.00,"billing_code_modifier":[""],"providers":[{"billed_charge":675.02,"npi":[1235747304]},{"billed_charge":9656.00,"npi":[1235747304]}]},{"allowed_amount":0.00,"billing_code_modifier":[""],"providers":[{"billed_charge":675.02,"npi":[1235747304]},{"billed_charge":9656.00,"npi":[1235747304]}]}]},{"tin":{"type":"ein","value":"851961472"},"service_code":["23"],"billing_class":"institutional","payments":[{"allowed_amount":0.00,"billing_code_modifier":[""],"providers":[{"billed_charge":675.02,"npi":[1235747304]},{"billed_charge":9656.00,"npi":[1235747304]}]},{"allowed_amount":0.00,"billing_code_modifier":[""],"providers":[{"billed_charge":675.02,"npi":[1235747304]},{"billed_charge":9656.00,"npi":[1235747304]}]}]},{"tin":{"type":"ein","value":"851984103"},"service_code":["23"],"billing_class":"institutional","payments":[{"allowed_amount":0.00,"billing_code_modifier":[""],"providers":[{"billed_charge":675.02,"npi":[1376151365]},{"billed_charge":1102.19,"npi":[1376151365]},{"billed_charge":9656.00,"npi":[1376151365]}]},{"allowed_amount":0.00,"billing_code_modifier":[""],"providers":[{"billed_charge":675.02,"npi":[1376151365]},{"billed_charge":1102.19,"npi":[1376151365]},{"billed_charge":9656.00,"npi":[1376151365]}]},{"allowed_amount":0.00,"billing_code_modifier":[""],"providers":[{"billed_charge":675.02,"npi":[1376151365]},{"billed_charge":1102.19,"npi":[1376151365]},{"billed_charge":9656.00,"npi":[1376151365]}]}]},{"tin":{"type":"ein","value":"851984103"},"service_code":["23"],"billing_class":"institutional","payments":[{"allowed_amount":0.00,"billing_code_modifier":[""],"providers":[{"billed_charge":675.02,"npi":[1376151365]},{"billed_charge":1102.19,"npi":[1376151365]},{"billed_charge":9656.00,"npi":[1376151365]}]},{"allowed_amount":0.00,"billing_code_modifier":[""],"providers":[{"billed_charge":675.02,"npi":[1376151365]},{"billed_charge":1102.19,"npi":[1376151365]},{"billed_charge":9656.00,"npi":[1376151365]}]},{"allowed_amount":0.00,"billing_code_modifier":[""],"providers":[{"billed_charge":675.02,"npi":[1376151365]},{"billed_charge":1102.19,"npi":[1376151365]},{"billed_charge":9656.00,"npi":[1376151365]}]}]},{"tin":{"type":"ein","value":"851984103"},"service_code":["23"],"billing_class":"institutional","payments":[{"allowed_amount":0.00,"billing_code_modifier":[""],"providers":[{"billed_charge":675.02,"npi":[1376151365]},{"billed_charge":1102.19,"npi":[1376151365]},{"billed_charge":9656.00,"npi":[1376151365]}]},{"allowed_amount":0.00,"billing_code_modifier":[""],"providers":[{"billed_charge":675.02,"npi":[1376151365]},{"billed_charge":1102.19,"npi":[1376151365]},{"billed_charge":9656.00,"npi":[1376151365]}]},{"allowed_amount":0.00,"billing_code_modifier":[""],"providers":[{"billed_charge":675.02,"npi":[1376151365]},{"billed_charge":1102.19,"npi":[1376151365]},{"billed_charge":9656.00,"npi":[1376151365]}]}]},{"tin":{"type":"ein","value":"852850836"},"service_code":["23"],"billing_class":"institutional","payments":[{"allowed_amount":0.00,"billing_code_modifier":[""],"providers":[{"billed_charge":7040.95,"npi":[1760075865]}]}]},{"tin":{"type":"ein","value":"862982502"},"service_code":["23"],"billing_class":"institutional","payments":[{"allowed_amount":0.00,"billing_code_modifier":[""],"providers":[{"billed_charge":6374.00,"npi":[1053081315]}]}]}]},{"name":"IA DET DNA\/RNA; COVID-19 AMP P T","billing_code_type":"HCPCS","billing_code_type_version":"HCPCS LEVEL II 2021","billing_code":"U0003","description":"IA DET DNA\/RNA; COVID-19 AMP P T","allowed_amounts":[{"tin":{"type":"ein","value":"472462178"},"service_code":["81"],"billing_class":"professional","payments":[{"allowed_amount":125.00,"billing_code_modifier":[""],"providers":[{"billed_charge":250.00,"npi":[1144731605,1467854497,1639311509,1962018374]}]}]},{"tin":{"type":"ein","value":"473727159"},"service_code":["81"],"billing_class":"professional","payments":[{"allowed_amount":75.00,"billing_code_modifier":[""],"providers":[{"billed_charge":125.00,"npi":[1326271883,1740753003,1912521568]}]}]},{"tin":{"type":"ein","value":"811501590"},"service_code":["81"],"billing_class":"professional","payments":[{"allowed_amount":75.00,"billing_code_modifier":[""],"providers":[{"billed_charge":500.00,"npi":[1043688161,1548771736]}]}]},{"tin":{"type":"ein","value":"830822047"},"service_code":["81"],"billing_class":"professional","payments":[{"allowed_amount":75.00,"billing_code_modifier":[""],"providers":[{"billed_charge":250.00,"npi":[1255827135,1669652533]}]}]},{"tin":{"type":"ein","value":"843801868"},"service_code":["81"],"billing_class":"professional","payments":[{"allowed_amount":75.00,"billing_code_modifier":[""],"providers":[{"billed_charge":150.00,"npi":[1568133411,1912008087]}]}]},{"tin":{"type":"ein","value":"852364612"},"service_code":["81"],"billing_class":"professional","payments":[{"allowed_amount":75.00,"billing_code_modifier":[""],"providers":[{"billed_charge":225.00,"npi":[1740685387,1790386746]}]}]},{"tin":{"type":"ein","value":"863165150"},"service_code":["81"],"billing_class":"professional","payments":[{"allowed_amount":75.00,"billing_code_modifier":[""],"providers":[{"billed_charge":249.00,"npi":[1467023499,1801023783]}]}]},{"tin":{"type":"ein","value":"872720757"},"service_code":["81"],"billing_class":"professional","payments":[{"allowed_amount":75.00,"billing_code_modifier":[""],"providers":[{"billed_charge":112.50,"npi":[1306418934,1306593595,1548287543]}]}]},{"tin":{"type":"ein","value":"873102949"},"service_code":["81"],"billing_class":"professional","payments":[{"allowed_amount":75.00,"billing_code_modifier":[""],"providers":[{"billed_charge":249.00,"npi":[1184268708,1356005920]}]}]},{"tin":{"type":"ein","value":"874135119"},"service_code":["81"],"billing_class":"professional","payments":[{"allowed_amount":75.00,"billing_code_modifier":[""],"providers":[{"billed_charge":112.50,"npi":[1275288409,1881121929]}]}]},{"tin":{"type":"ein","value":"880241758"},"service_code":["81"],"billing_class":"professional","payments":[{"allowed_amount":75.00,"billing_code_modifier":[""],"providers":[{"billed_charge":100.00,"npi":[1124417357,1639279417,1992847644]}]}]}]},{"name":"INFEC AGEN DETEC AMPLI PROBE","billing_code_type":"HCPCS","billing_code_type_version":"HCPCS LEVEL II 2021","billing_code":"U0005","description":"INFEC AGEN DETEC AMPLI PROBE","allowed_amounts":[{"tin":{"type":"ein","value":"010612023"},"service_code":["81"],"billing_class":"professional","payments":[{"allowed_amount":25.00,"billing_code_modifier":[""],"providers":[{"billed_charge":75.00,"npi":[1104910306,1396842472]}]}]},{"tin":{"type":"ein","value":"462909664"},"service_code":["81"],"billing_class":"professional","payments":[{"allowed_amount":25.00,"billing_code_modifier":[""],"providers":[{"billed_charge":25.00,"npi":[1003244880,1770877060]}]}]},{"tin":{"type":"ein","value":"463371474"},"service_code":["81"],"billing_class":"professional","payments":[{"allowed_amount":0.00,"billing_code_modifier":[""],"providers":[{"billed_charge":30.00,"npi":[1114422888,1700212735,1831296185]}]}]},{"tin":{"type":"ein","value":"470964778"},"service_code":["81"],"billing_class":"professional","payments":[{"allowed_amount":25.00,"billing_code_modifier":[""],"providers":[{"billed_charge":25.00,"npi":[1376944793,1477594521]}]}]},{"tin":{"type":"ein","value":"471431584"},"service_code":["81"],"billing_class":"professional","payments":[{"allowed_amount":25.00,"billing_code_modifier":[""],"providers":[{"billed_charge":50.00,"npi":[1033227459,1568839173]}]}]},{"tin":{"type":"ein","value":"472462178"},"service_code":["81"],"billing_class":"professional","payments":[{"allowed_amount":0.00,"billing_code_modifier":[""],"providers":[{"billed_charge":50.00,"npi":[1144731605,1467854497,1639311509,1962018374]}]}]},{"tin":{"type":"ein","value":"473727159"},"service_code":["81"],"billing_class":"professional","payments":[{"allowed_amount":0.00,"billing_code_modifier":[""],"providers":[{"billed_charge":25.00,"npi":[1326271883,1912521568]}]}]},{"tin":{"type":"ein","value":"473727159"},"service_code":["81"],"billing_class":"professional","payments":[{"allowed_amount":25.00,"billing_code_modifier":[""],"providers":[{"billed_charge":25.00,"npi":[1740753003,1912521568]}]}]},{"tin":{"type":"ein","value":"810766596"},"service_code":["81"],"billing_class":"professional","payments":[{"allowed_amount":0.00,"billing_code_modifier":[""],"providers":[{"billed_charge":150.00,"npi":[1831296185,1902267164]}]}]},{"tin":{"type":"ein","value":"811501590"},"service_code":["81"],"billing_class":"professional","payments":[{"allowed_amount":25.00,"billing_code_modifier":[""],"providers":[{"billed_charge":125.00,"npi":[1043688161,1548771736]}]}]},{"tin":{"type":"ein","value":"830822047"},"service_code":["81"],"billing_class":"professional","payments":[{"allowed_amount":25.00,"billing_code_modifier":[""],"providers":[{"billed_charge":50.00,"npi":[1255827135,1669652533]}]}]},{"tin":{"type":"ein","value":"831454255"},"service_code":["81"],"billing_class":"professional","payments":[{"allowed_amount":0.00,"billing_code_modifier":[""],"providers":[{"billed_charge":37.50,"npi":[1043858996,1932511151]}]}]},{"tin":{"type":"ein","value":"843801868"},"service_code":["81"],"billing_class":"professional","payments":[{"allowed_amount":25.00,"billing_code_modifier":[""],"providers":[{"billed_charge":50.00,"npi":[1568133411,1912008087]}]}]},{"tin":{"type":"ein","value":"851795945"},"service_code":["81"],"billing_class":"professional","payments":[{"allowed_amount":25.00,"billing_code_modifier":[""],"providers":[{"billed_charge":25.00,"npi":[1114218682,1902403926]}]}]},{"tin":{"type":"ein","value":"852364612"},"service_code":["81"],"billing_class":"professional","payments":[{"allowed_amount":25.00,"billing_code_modifier":[""],"providers":[{"billed_charge":75.00,"npi":[1740685387,1790386746]}]}]},{"tin":{"type":"ein","value":"861229252"},"service_code":["81"],"billing_class":"professional","payments":[{"allowed_amount":25.00,"billing_code_modifier":[""],"providers":[{"billed_charge":50.00,"npi":[1306599451]}]}]},{"tin":{"type":"ein","value":"863165150"},"service_code":["81"],"billing_class":"professional","payments":[{"allowed_amount":25.00,"billing_code_modifier":[""],"providers":[{"billed_charge":25.00,"npi":[1467023499,1801023783]}]}]},{"tin":{"type":"ein","value":"872720757"},"service_code":["81"],"billing_class":"professional","payments":[{"allowed_amount":25.00,"billing_code_modifier":[""],"providers":[{"billed_charge":37.50,"npi":[1306418934,1306593595,1548287543]}]}]},{"tin":{"type":"ein","value":"873102949"},"service_code":["81"],"billing_class":"professional","payments":[{"allowed_amount":25.00,"billing_code_modifier":[""],"providers":[{"billed_charge":75.00,"npi":[1184268708,1356005920]}]}]},{"tin":{"type":"ein","value":"874135119"},"service_code":["81"],"billing_class":"professional","payments":[{"allowed_amount":25.00,"billing_code_modifier":[""],"providers":[{"billed_charge":37.50,"npi":[1275288409,1881121929]}]}]},{"tin":{"type":"ein","value":"880241758"},"service_code":["81"],"billing_class":"professional","payments":[{"allowed_amount":0.00,"billing_code_modifier":[""],"providers":[{"billed_charge":25.00,"npi":[1003840778,1124417357]}]}]},{"tin":{"type":"ein","value":"880241758"},"service_code":["81"],"billing_class":"professional","payments":[{"allowed_amount":25.00,"billing_code_modifier":[""],"providers":[{"billed_charge":25.00,"npi":[1124417357,1639279417,1992847644]}]}]}]},{"name":"LABORATORY - CLINICAL DIAGNOSTIC: CHEMISTRY","billing_code_type":"RC","billing_code_type_version":"UB04","billing_code":"0301","description":"LABORATORY - CLINICAL DIAGNOSTIC: CHEMISTRY","allowed_amounts":[{"tin":{"type":"ein","value":"330502805"},"service_code":["21"],"billing_class":"institutional","payments":[{"allowed_amount":0.00,"billing_code_modifier":[""],"providers":[{"billed_charge":3590.90,"npi":[1144483256,1275563967,1851396576]}]}]},{"tin":{"type":"ein","value":"330928285"},"service_code":["23"],"billing_class":"institutional","payments":[{"allowed_amount":0.00,"billing_code_modifier":[""],"providers":[{"billed_charge":204.00,"npi":[1396125134,1962407460]},{"billed_charge":246.00,"npi":[1396125134,1962407460]},{"billed_charge":523.00,"npi":[1396125134,1962407460]}]},{"allowed_amount":0.00,"billing_code_modifier":[""],"providers":[{"billed_charge":204.00,"npi":[1396125134,1962407460]},{"billed_charge":246.00,"npi":[1396125134,1962407460]},{"billed_charge":523.00,"npi":[1396125134,1962407460]}]},{"allowed_amount":0.00,"billing_code_modifier":[""],"providers":[{"billed_charge":204.00,"npi":[1396125134,1962407460]},{"billed_charge":246.00,"npi":[1396125134,1962407460]},{"billed_charge":523.00,"npi":[1396125134,1962407460]}]}]},{"tin":{"type":"ein","value":"330928285"},"service_code":["23"],"billing_class":"institutional","payments":[{"allowed_amount":0.00,"billing_code_modifier":[""],"providers":[{"billed_charge":204.00,"npi":[1396125134,1962407460]},{"billed_charge":246.00,"npi":[1396125134,1962407460]},{"billed_charge":523.00,"npi":[1396125134,1962407460]}]},{"allowed_amount":0.00,"billing_code_modifier":[""],"providers":[{"billed_charge":204.00,"npi":[1396125134,1962407460]},{"billed_charge":246.00,"npi":[1396125134,1962407460]},{"billed_charge":523.00,"npi":[1396125134,1962407460]}]},{"allowed_amount":0.00,"billing_code_modifier":[""],"providers":[{"billed_charge":204.00,"npi":[1396125134,1962407460]},{"billed_charge":246.00,"npi":[1396125134,1962407460]},{"billed_charge":523.00,"npi":[1396125134,1962407460]}]}]},{"tin":{"type":"ein","value":"330928285"},"service_code":["23"],"billing_class":"institutional","payments":[{"allowed_amount":0.00,"billing_code_modifier":[""],"providers":[{"billed_charge":204.00,"npi":[1396125134,1962407460]},{"billed_charge":246.00,"npi":[1396125134,1962407460]},{"billed_charge":523.00,"npi":[1396125134,1962407460]}]},{"allowed_amount":0.00,"billing_code_modifier":[""],"providers":[{"billed_charge":204.00,"npi":[1396125134,1962407460]},{"billed_charge":246.00,"npi":[1396125134,1962407460]},{"billed_charge":523.00,"npi":[1396125134,1962407460]}]},{"allowed_amount":0.00,"billing_code_modifier":[""],"providers":[{"billed_charge":204.00,"npi":[1396125134,1962407460]},{"billed_charge":246.00,"npi":[1396125134,1962407460]},{"billed_charge":523.00,"npi":[1396125134,1962407460]}]}]},{"tin":{"type":"ein","value":"850737566"},"service_code":["23"],"billing_class":"institutional","payments":[{"allowed_amount":0.00,"billing_code_modifier":[""],"providers":[{"billed_charge":353.00,"npi":[1114547114,1366671083]},{"billed_charge":785.00,"npi":[1114547114,1366671083]}]},{"allowed_amount":0.00,"billing_code_modifier":[""],"providers":[{"billed_charge":353.00,"npi":[1114547114,1366671083]},{"billed_charge":785.00,"npi":[1114547114,1366671083]}]}]},{"tin":{"type":"ein","value":"850737566"},"service_code":["23"],"billing_class":"institutional","payments":[{"allowed_amount":0.00,"billing_code_modifier":[""],"providers":[{"billed_charge":353.00,"npi":[1114547114,1366671083]},{"billed_charge":785.00,"npi":[1114547114,1366671083]}]},{"allowed_amount":0.00,"billing_code_modifier":[""],"providers":[{"billed_charge":353.00,"npi":[1114547114,1366671083]},{"billed_charge":785.00,"npi":[1114547114,1366671083]}]}]},{"tin":{"type":"ein","value":"851931245"},"service_code":["23"],"billing_class":"institutional","payments":[{"allowed_amount":0.00,"billing_code_modifier":[""],"providers":[{"billed_charge":243.00,"npi":[1750909974]},{"billed_charge":379.08,"npi":[1750909974]},{"billed_charge":425.60,"npi":[1750909974]}]},{"allowed_amount":0.00,"billing_code_modifier":[""],"providers":[{"billed_charge":243.00,"npi":[1750909974]},{"billed_charge":379.08,"npi":[1750909974]},{"billed_charge":425.60,"npi":[1750909974]}]},{"allowed_amount":0.00,"billing_code_modifier":[""],"providers":[{"billed_charge":243.00,"npi":[1750909974]},{"billed_charge":379.08,"npi":[1750909974]},{"billed_charge":425.60,"npi":[1750909974]}]}]},{"tin":{"type":"ein","value":"851931245"},"service_code":["23"],"billing_class":"institutional","payments":[{"allowed_amount":0.00,"billing_code_modifier":[""],"providers":[{"billed_charge":243.00,"npi":[1750909974]},{"billed_charge":379.08,"npi":[1750909974]},{"billed_charge":425.60,"npi":[1750909974]}]},{"allowed_amount":0.00,"billing_code_modifier":[""],"providers":[{"billed_charge":243.00,"npi":[1750909974]},{"billed_charge":379.08,"npi":[1750909974]},{"billed_charge":425.60,"npi":[1750909974]}]},{"allowed_amount":0.00,"billing_code_modifier":[""],"providers":[{"billed_charge":243.00,"npi":[1750909974]},{"billed_charge":379.08,"npi":[1750909974]},{"billed_charge":425.60,"npi":[1750909974]}]}]},{"tin":{"type":"ein","value":"851931245"},"service_code":["23"],"billing_class":"institutional","payments":[{"allowed_amount":0.00,"billing_code_modifier":[""],"providers":[{"billed_charge":243.00,"npi":[1750909974]},{"billed_charge":379.08,"npi":[1750909974]},{"billed_charge":425.60,"npi":[1750909974]}]},{"allowed_amount":0.00,"billing_code_modifier":[""],"providers":[{"billed_charge":243.00,"npi":[1750909974]},{"billed_charge":379.08,"npi":[1750909974]},{"billed_charge":425.60,"npi":[1750909974]}]},{"allowed_amount":0.00,"billing_code_modifier":[""],"providers":[{"billed_charge":243.00,"npi":[1750909974]},{"billed_charge":379.08,"npi":[1750909974]},{"billed_charge":425.60,"npi":[1750909974]}]}]},{"tin":{"type":"ein","value":"851984103"},"service_code":["23"],"billing_class":"institutional","payments":[{"allowed_amount":0.00,"billing_code_modifier":[""],"providers":[{"billed_charge":255.15,"npi":[1376151365]},{"billed_charge":379.08,"npi":[1376151365]},{"billed_charge":391.50,"npi":[1376151365]},{"billed_charge":1158.30,"npi":[1376151365]}]},{"allowed_amount":0.00,"billing_code_modifier":[""],"providers":[{"billed_charge":255.15,"npi":[1376151365]},{"billed_charge":379.08,"npi":[1376151365]},{"billed_charge":391.50,"npi":[1376151365]},{"billed_charge":1158.30,"npi":[1376151365]}]},{"allowed_amount":0.00,"billing_code_modifier":[""],"providers":[{"billed_charge":255.15,"npi":[1376151365]},{"billed_charge":379.08,"npi":[1376151365]},{"billed_charge":391.50,"npi":[1376151365]},{"billed_charge":1158.30,"npi":[1376151365]}]},{"allowed_amount":0.00,"billing_code_modifier":[""],"providers":[{"billed_charge":255.15,"npi":[1376151365]},{"billed_charge":379.08,"npi":[1376151365]},{"billed_charge":391.50,"npi":[1376151365]},{"billed_charge":1158.30,"npi":[1376151365]}]}]},{"tin":{"type":"ein","value":"851984103"},"service_code":["23"],"billing_class":"institutional","payments":[{"allowed_amount":0.00,"billing_code_modifier":[""],"providers":[{"billed_charge":255.15,"npi":[1376151365]},{"billed_charge":379.08,"npi":[1376151365]},{"billed_charge":391.50,"npi":[1376151365]},{"billed_charge":1158.30,"npi":[1376151365]}]},{"allowed_amount":0.00,"billing_code_modifier":[""],"providers":[{"billed_charge":255.15,"npi":[1376151365]},{"billed_charge":379.08,"npi":[1376151365]},{"billed_charge":391.50,"npi":[1376151365]},{"billed_charge":1158.30,"npi":[1376151365]}]},{"allowed_amount":0.00,"billing_code_modifier":[""],"providers":[{"billed_charge":255.15,"npi":[1376151365]},{"billed_charge":379.08,"npi":[1376151365]},{"billed_charge":391.50,"npi":[1376151365]},{"billed_charge":1158.30,"npi":[1376151365]}]},{"allowed_amount":0.00,"billing_code_modifier":[""],"providers":[{"billed_charge":255.15,"npi":[1376151365]},{"billed_charge":379.08,"npi":[1376151365]},{"billed_charge":391.50,"npi":[1376151365]},{"billed_charge":1158.30,"npi":[1376151365]}]}]},{"tin":{"type":"ein","value":"851984103"},"service_code":["23"],"billing_class":"institutional","payments":[{"allowed_amount":0.00,"billing_code_modifier":[""],"providers":[{"billed_charge":255.15,"npi":[1376151365]},{"billed_charge":379.08,"npi":[1376151365]},{"billed_charge":391.50,"npi":[1376151365]},{"billed_charge":1158.30,"npi":[1376151365]}]},{"allowed_amount":0.00,"billing_code_modifier":[""],"providers":[{"billed_charge":255.15,"npi":[1376151365]},{"billed_charge":379.08,"npi":[1376151365]},{"billed_charge":391.50,"npi":[1376151365]},{"billed_charge":1158.30,"npi":[1376151365]}]},{"allowed_amount":0.00,"billing_code_modifier":[""],"providers":[{"billed_charge":255.15,"npi":[1376151365]},{"billed_charge":379.08,"npi":[1376151365]},{"billed_charge":391.50,"npi":[1376151365]},{"billed_charge":1158.30,"npi":[1376151365]}]},{"allowed_amount":0.00,"billing_code_modifier":[""],"providers":[{"billed_charge":255.15,"npi":[1376151365]},{"billed_charge":379.08,"npi":[1376151365]},{"billed_charge":391.50,"npi":[1376151365]},{"billed_charge":1158.30,"npi":[1376151365]}]}]},{"tin":{"type":"ein","value":"851984103"},"service_code":["23"],"billing_class":"institutional","payments":[{"allowed_amount":0.00,"billing_code_modifier":[""],"providers":[{"billed_charge":255.15,"npi":[1376151365]},{"billed_charge":379.08,"npi":[1376151365]},{"billed_charge":391.50,"npi":[1376151365]},{"billed_charge":1158.30,"npi":[1376151365]}]},{"allowed_amount":0.00,"billing_code_modifier":[""],"providers":[{"billed_charge":255.15,"npi":[1376151365]},{"billed_charge":379.08,"npi":[1376151365]},{"billed_charge":391.50,"npi":[1376151365]},{"billed_charge":1158.30,"npi":[1376151365]}]},{"allowed_amount":0.00,"billing_code_modifier":[""],"providers":[{"billed_charge":255.15,"npi":[1376151365]},{"billed_charge":379.08,"npi":[1376151365]},{"billed_charge":391.50,"npi":[1376151365]},{"billed_charge":1158.30,"npi":[1376151365]}]},{"allowed_amount":0.00,"billing_code_modifier":[""],"providers":[{"billed_charge":255.15,"npi":[1376151365]},{"billed_charge":379.08,"npi":[1376151365]},{"billed_charge":391.50,"npi":[1376151365]},{"billed_charge":1158.30,"npi":[1376151365]}]}]}]},{"name":"RADIATION TREATMENT MANAGEMENT 5 TREATMENTS","billing_code_type":"CPT","billing_code_type_version":"2020","billing_code":"77427","description":"RADIATION TREATMENT MANAGEMENT 5 TREATMENTS","allowed_amounts":[{"tin":{"type":"ein","value":"853972091"},"service_code":["22"],"billing_class":"professional","payments":[{"allowed_amount":211.49,"billing_code_modifier":[""],"providers":[{"billed_charge":600.00,"npi":[1043354111,1043813140,1598706129,1699962936]}]}]}]},{"name":"SPECIMEN COLLECT COVID-19","billing_code_type":"HCPCS","billing_code_type_version":"HCPCS LEVEL II 2021","billing_code":"G2023","description":"SPECIMEN COLLECT COVID-19","allowed_amounts":[{"tin":{"type":"ein","value":"361924025"},"service_code":["21"],"billing_class":"professional","payments":[{"allowed_amount":23.46,"billing_code_modifier":[""],"providers":[{"billed_charge":28.99,"npi":[1033124326,1639279417,1710992003,1992712954]}]}]},{"tin":{"type":"ein","value":"810766596"},"service_code":["81"],"billing_class":"professional","payments":[{"allowed_amount":23.46,"billing_code_modifier":[""],"providers":[{"billed_charge":140.76,"npi":[1831296185,1902267164]}]}]},{"tin":{"type":"ein","value":"811501590"},"service_code":["81"],"billing_class":"professional","payments":[{"allowed_amount":23.46,"billing_code_modifier":[""],"providers":[{"billed_charge":100.00,"npi":[1043688161,1548771736]}]}]},{"tin":{"type":"ein","value":"852364612"},"service_code":["81"],"billing_class":"professional","payments":[{"allowed_amount":23.46,"billing_code_modifier":[""],"providers":[{"billed_charge":70.00,"npi":[1740685387,1790386746]}]}]},{"tin":{"type":"ein","value":"852421177"},"service_code":["81"],"billing_class":"professional","payments":[{"allowed_amount":23.46,"billing_code_modifier":[""],"providers":[{"billed_charge":48.00,"npi":[1043313992,1366048019]}]}]},{"tin":{"type":"ein","value":"861229252"},"service_code":["81"],"billing_class":"professional","payments":[{"allowed_amount":23.46,"billing_code_modifier":[""],"providers":[{"billed_charge":50.00,"npi":[1306599451]}]}]},{"tin":{"type":"ein","value":"874135119"},"service_code":["81"],"billing_class":"professional","payments":[{"allowed_amount":23.46,"billing_code_modifier":[""],"providers":[{"billed_charge":35.19,"npi":[1275288409,1881121929]}]}]},{"tin":{"type":"ein","value":"990370089"},"service_code":["81"],"billing_class":"professional","payments":[{"allowed_amount":23.46,"billing_code_modifier":[""],"providers":[{"billed_charge":46.92,"npi":[1265897078,1750798682]}]}]}]}]}
