{"reporting_entity_name": "IEC Group_DBA AmeriBen",
	"reporting_entity_type": "Third Party Administrator",
	"plan_name": "AVALON HEALTH CARE GROUP",
	"plan_id_type": "ein",
	"plan_id": "200020934",
	"plan_market_type": "group",
	"last_updated_on": "2024-09-01","Version": "1.0.0","out_of_network":[{"name":"MEDICAL\/SURGICAL SUPPLIES","billing_code_type":"RC","billing_code_type_version":"UB04","billing_code":"0270","description":"MEDICAL\/SURGICAL SUPPLIES","allowed_amounts":[{"tin":{"type":"ein","value":"841300520"},"service_code":["65"],"billing_class":"institutional","payments":[{"allowed_amount":2.84,"billing_code_modifier":[""],"providers":[{"billed_charge":149.10,"npi":[1134115850,1982706818]}]}]}]}]}
