{"reporting_entity_name": "IEC Group_DBA AmeriBen",
	"reporting_entity_type": "Third Party Administrator",
	"plan_name": "SYNOVUS FINANCIAL",
	"plan_id_type": "ein",
	"plan_id": "581134883",
	"plan_market_type": "group",
	"last_updated_on": "2024-05-02","Version": "1.0.0","out_of_network":[{"name":"BLOOD COUNT COMPLETE AUTO&AUTO DIFRNTL WBC","billing_code_type":"CPT","billing_code_type_version":"2020","billing_code":"85025","description":"BLOOD COUNT COMPLETE AUTO&AUTO DIFRNTL WBC","allowed_amounts":[{"tin":{"type":"ein","value":"382084239"},"service_code":["81"],"billing_class":"professional","payments":[{"allowed_amount":3.75,"billing_code_modifier":[""],"providers":[{"billed_charge":50.05,"npi":[1174887004,1205924289,1346420494,1497082499,1528370426,1730316902,1841859014,1932166386,1952373615,1992807242]}]}]},{"tin":{"type":"ein","value":"810576059"},"service_code":["81"],"billing_class":"professional","payments":[{"allowed_amount":3.75,"billing_code_modifier":[""],"providers":[{"billed_charge":15.54,"npi":[1235186800,1285418392,1861509184]}]}]}]},{"name":"CCPD OPD\/HOME: CCPD COMP OR OTHER RATE","billing_code_type":"RC","billing_code_type_version":"UB04","billing_code":"0851","description":"CCPD OPD\/HOME: CCPD COMP OR OTHER RATE","allowed_amounts":[{"tin":{"type":"ein","value":"852145923"},"service_code":["65"],"billing_class":"institutional","payments":[{"allowed_amount":139.17,"billing_code_modifier":[""],"providers":[{"billed_charge":5448.94,"npi":[1255528949,1871190207]}]}]}]},{"name":"CHIROPRACTIC MANIPULATIVE TX SPINAL 3-4 REGIONS","billing_code_type":"CPT","billing_code_type_version":"2020","billing_code":"98941","description":"CHIROPRACTIC MANIPULATIVE TX SPINAL 3-4 REGIONS","allowed_amounts":[{"tin":{"type":"ein","value":"262092907"},"service_code":["11"],"billing_class":"professional","payments":[{"allowed_amount":27.44,"billing_code_modifier":[""],"providers":[{"billed_charge":85.00,"npi":[1790933364,1851378251]}]}]},{"tin":{"type":"ein","value":"452126847"},"service_code":["11"],"billing_class":"professional","payments":[{"allowed_amount":35.25,"billing_code_modifier":[""],"providers":[{"billed_charge":65.00,"npi":[1962848267]}]}]},{"tin":{"type":"ein","value":"455245554"},"service_code":["11"],"billing_class":"professional","payments":[{"allowed_amount":27.44,"billing_code_modifier":[""],"providers":[{"billed_charge":82.96,"npi":[1598002313]},{"billed_charge":85.00,"npi":[1598002313]}]},{"allowed_amount":27.44,"billing_code_modifier":[""],"providers":[{"billed_charge":82.96,"npi":[1598002313]},{"billed_charge":85.00,"npi":[1598002313]}]}]},{"tin":{"type":"ein","value":"455245554"},"service_code":["11"],"billing_class":"professional","payments":[{"allowed_amount":27.44,"billing_code_modifier":[""],"providers":[{"billed_charge":82.96,"npi":[1598002313]},{"billed_charge":85.00,"npi":[1598002313]}]},{"allowed_amount":27.44,"billing_code_modifier":[""],"providers":[{"billed_charge":82.96,"npi":[1598002313]},{"billed_charge":85.00,"npi":[1598002313]}]}]},{"tin":{"type":"ein","value":"582449299"},"service_code":["11"],"billing_class":"professional","payments":[{"allowed_amount":35.25,"billing_code_modifier":[""],"providers":[{"billed_charge":65.00,"npi":[1104959683]}]}]},{"tin":{"type":"ein","value":"582654357"},"service_code":["11"],"billing_class":"professional","payments":[{"allowed_amount":35.25,"billing_code_modifier":[""],"providers":[{"billed_charge":65.00,"npi":[1669691846,1841417631]},{"billed_charge":70.00,"npi":[1669691846,1841417631]}]},{"allowed_amount":35.25,"billing_code_modifier":[""],"providers":[{"billed_charge":65.00,"npi":[1669691846,1841417631]},{"billed_charge":70.00,"npi":[1669691846,1841417631]}]}]},{"tin":{"type":"ein","value":"582654357"},"service_code":["11"],"billing_class":"professional","payments":[{"allowed_amount":35.25,"billing_code_modifier":[""],"providers":[{"billed_charge":65.00,"npi":[1669691846,1841417631]},{"billed_charge":70.00,"npi":[1669691846,1841417631]}]},{"allowed_amount":35.25,"billing_code_modifier":[""],"providers":[{"billed_charge":65.00,"npi":[1669691846,1841417631]},{"billed_charge":70.00,"npi":[1669691846,1841417631]}]}]},{"tin":{"type":"ein","value":"593157069"},"service_code":["11"],"billing_class":"professional","payments":[{"allowed_amount":27.44,"billing_code_modifier":[""],"providers":[{"billed_charge":44.10,"npi":[1174596845,1831117936]}]}]},{"tin":{"type":"ein","value":"593693149"},"service_code":["11"],"billing_class":"professional","payments":[{"allowed_amount":27.44,"billing_code_modifier":[""],"providers":[{"billed_charge":60.00,"npi":[1306905427]},{"billed_charge":65.00,"npi":[1306905427]}]},{"allowed_amount":27.44,"billing_code_modifier":[""],"providers":[{"billed_charge":60.00,"npi":[1306905427]},{"billed_charge":65.00,"npi":[1306905427]}]}]},{"tin":{"type":"ein","value":"593693149"},"service_code":["11"],"billing_class":"professional","payments":[{"allowed_amount":27.44,"billing_code_modifier":[""],"providers":[{"billed_charge":60.00,"npi":[1306905427]},{"billed_charge":65.00,"npi":[1306905427]}]},{"allowed_amount":27.44,"billing_code_modifier":[""],"providers":[{"billed_charge":60.00,"npi":[1306905427]},{"billed_charge":65.00,"npi":[1306905427]}]}]},{"tin":{"type":"ein","value":"651132786"},"service_code":["11"],"billing_class":"professional","payments":[{"allowed_amount":27.44,"billing_code_modifier":[""],"providers":[{"billed_charge":95.00,"npi":[1073793121,1164502282]}]}]},{"tin":{"type":"ein","value":"814635293"},"service_code":["11"],"billing_class":"professional","payments":[{"allowed_amount":27.44,"billing_code_modifier":[""],"providers":[{"billed_charge":50.00,"npi":[1528504156,1619411485]}]}]},{"tin":{"type":"ein","value":"832167435"},"service_code":["11"],"billing_class":"professional","payments":[{"allowed_amount":35.25,"billing_code_modifier":[""],"providers":[{"billed_charge":69.00,"npi":[1093892929,1841825122]}]}]}]},{"name":"COLLECTION VENOUS BLOOD VENIPUNCTURE","billing_code_type":"CPT","billing_code_type_version":"2020","billing_code":"36415","description":"COLLECTION VENOUS BLOOD VENIPUNCTURE","allowed_amounts":[{"tin":{"type":"ein","value":"262922713"},"service_code":["11"],"billing_class":"professional","payments":[{"allowed_amount":1.02,"billing_code_modifier":[""],"providers":[{"billed_charge":10.00,"npi":[1356315535,1659523207]}]}]},{"tin":{"type":"ein","value":"382084239"},"service_code":["81"],"billing_class":"professional","payments":[{"allowed_amount":1.02,"billing_code_modifier":[""],"providers":[{"billed_charge":35.00,"npi":[1023739075,1063435428,1104036854,1124062534,1174887004,1184719122,1194784181,1205924289,1245323468,1255712337,1306935283,1346420494,1417188103,1447770532,1457317307,1467403303,1477903961,1487212551,1528370426,1730316902,1760470124,1770021958,1780620526,1841859014,1891184636,1891918108,1932166386,1952373615]}]}]},{"tin":{"type":"ein","value":"581448125"},"service_code":["11"],"billing_class":"professional","payments":[{"allowed_amount":1.02,"billing_code_modifier":[""],"providers":[{"billed_charge":25.00,"npi":[1053306399,1518949171]}]}]},{"tin":{"type":"ein","value":"742554159"},"service_code":["81"],"billing_class":"professional","payments":[{"allowed_amount":1.02,"billing_code_modifier":[""],"providers":[{"billed_charge":15.30,"npi":[1003586348,1194769497]}]}]},{"tin":{"type":"ein","value":"751093698"},"service_code":["81"],"billing_class":"professional","payments":[{"allowed_amount":1.02,"billing_code_modifier":[""],"providers":[{"billed_charge":12.00,"npi":[1962481820,1982833117]}]}]}]},{"name":"COMPREHENSIVE METABOLIC PANEL","billing_code_type":"CPT","billing_code_type_version":"2020","billing_code":"80053","description":"COMPREHENSIVE METABOLIC PANEL","allowed_amounts":[{"tin":{"type":"ein","value":"382084239"},"service_code":["81"],"billing_class":"professional","payments":[{"allowed_amount":5.09,"billing_code_modifier":[""],"providers":[{"billed_charge":66.66,"npi":[1457317307,1932166386]},{"billed_charge":88.07,"npi":[1497926430,1932166386]},{"billed_charge":96.88,"npi":[1174887004,1194784181,1245323468,1306860044,1306935283,1497082499,1770021958,1841859014,1851627624,1932166386,1952373615]}]},{"allowed_amount":5.09,"billing_code_modifier":[""],"providers":[{"billed_charge":66.66,"npi":[1457317307,1932166386]},{"billed_charge":88.07,"npi":[1497926430,1932166386]},{"billed_charge":96.88,"npi":[1174887004,1194784181,1245323468,1306860044,1306935283,1497082499,1770021958,1841859014,1851627624,1932166386,1952373615]}]},{"allowed_amount":5.09,"billing_code_modifier":[""],"providers":[{"billed_charge":66.66,"npi":[1457317307,1932166386]},{"billed_charge":88.07,"npi":[1497926430,1932166386]},{"billed_charge":96.88,"npi":[1174887004,1194784181,1245323468,1306860044,1306935283,1497082499,1770021958,1841859014,1851627624,1932166386,1952373615]}]}]},{"tin":{"type":"ein","value":"382084239"},"service_code":["81"],"billing_class":"professional","payments":[{"allowed_amount":5.09,"billing_code_modifier":[""],"providers":[{"billed_charge":66.66,"npi":[1457317307,1932166386]},{"billed_charge":88.07,"npi":[1497926430,1932166386]},{"billed_charge":96.88,"npi":[1174887004,1194784181,1245323468,1306860044,1306935283,1497082499,1770021958,1841859014,1851627624,1932166386,1952373615]}]},{"allowed_amount":5.09,"billing_code_modifier":[""],"providers":[{"billed_charge":66.66,"npi":[1457317307,1932166386]},{"billed_charge":88.07,"npi":[1497926430,1932166386]},{"billed_charge":96.88,"npi":[1174887004,1194784181,1245323468,1306860044,1306935283,1497082499,1770021958,1841859014,1851627624,1932166386,1952373615]}]},{"allowed_amount":5.09,"billing_code_modifier":[""],"providers":[{"billed_charge":66.66,"npi":[1457317307,1932166386]},{"billed_charge":88.07,"npi":[1497926430,1932166386]},{"billed_charge":96.88,"npi":[1174887004,1194784181,1245323468,1306860044,1306935283,1497082499,1770021958,1841859014,1851627624,1932166386,1952373615]}]}]},{"tin":{"type":"ein","value":"382084239"},"service_code":["81"],"billing_class":"professional","payments":[{"allowed_amount":5.09,"billing_code_modifier":[""],"providers":[{"billed_charge":66.66,"npi":[1457317307,1932166386]},{"billed_charge":88.07,"npi":[1497926430,1932166386]},{"billed_charge":96.88,"npi":[1174887004,1194784181,1245323468,1306860044,1306935283,1497082499,1770021958,1841859014,1851627624,1932166386,1952373615]}]},{"allowed_amount":5.09,"billing_code_modifier":[""],"providers":[{"billed_charge":66.66,"npi":[1457317307,1932166386]},{"billed_charge":88.07,"npi":[1497926430,1932166386]},{"billed_charge":96.88,"npi":[1174887004,1194784181,1245323468,1306860044,1306935283,1497082499,1770021958,1841859014,1851627624,1932166386,1952373615]}]},{"allowed_amount":5.09,"billing_code_modifier":[""],"providers":[{"billed_charge":66.66,"npi":[1457317307,1932166386]},{"billed_charge":88.07,"npi":[1497926430,1932166386]},{"billed_charge":96.88,"npi":[1174887004,1194784181,1245323468,1306860044,1306935283,1497082499,1770021958,1841859014,1851627624,1932166386,1952373615]}]}]},{"tin":{"type":"ein","value":"751093698"},"service_code":["81"],"billing_class":"professional","payments":[{"allowed_amount":5.09,"billing_code_modifier":[""],"providers":[{"billed_charge":29.00,"npi":[1962481820,1982833117]}]}]},{"tin":{"type":"ein","value":"810576059"},"service_code":["81"],"billing_class":"professional","payments":[{"allowed_amount":5.09,"billing_code_modifier":[""],"providers":[{"billed_charge":21.12,"npi":[1235186800,1285418392,1861422743,1861509184]}]}]}]},{"name":"CULTURE BACTERIAL QUANTTATIVE COLONY COUNT URINE","billing_code_type":"CPT","billing_code_type_version":"2020","billing_code":"87086","description":"CULTURE BACTERIAL QUANTTATIVE COLONY COUNT URINE","allowed_amounts":[{"tin":{"type":"ein","value":"382084239"},"service_code":["81"],"billing_class":"professional","payments":[{"allowed_amount":3.38,"billing_code_modifier":[""],"providers":[{"billed_charge":66.83,"npi":[1124542295,1336681782,1417190901,1689693079,1831817980,1932166386]}]}]},{"tin":{"type":"ein","value":"810576059"},"service_code":["81"],"billing_class":"professional","payments":[{"allowed_amount":3.38,"billing_code_modifier":[""],"providers":[{"billed_charge":33.84,"npi":[1043262991,1235186800,1275949992,1366768376,1437256401,1578721155,1831505361]}]}]}]},{"name":"GENERAL HEALTH PANEL","billing_code_type":"CPT","billing_code_type_version":"2020","billing_code":"80050","description":"GENERAL HEALTH PANEL","allowed_amounts":[{"tin":{"type":"ein","value":"382084239"},"service_code":["81"],"billing_class":"professional","payments":[{"allowed_amount":14.76,"billing_code_modifier":[""],"providers":[{"billed_charge":290.47,"npi":[1477903961,1497926430,1528370426,1932166386]}]}]},{"tin":{"type":"ein","value":"742554159"},"service_code":["81"],"billing_class":"professional","payments":[{"allowed_amount":14.76,"billing_code_modifier":[""],"providers":[{"billed_charge":211.25,"npi":[1003586348,1194769497]}]}]},{"tin":{"type":"ein","value":"810576059"},"service_code":["81"],"billing_class":"professional","payments":[{"allowed_amount":14.76,"billing_code_modifier":[""],"providers":[{"billed_charge":60.00,"npi":[1073977781,1134691512,1235186800,1255668182,1285418392,1417373820,1477613990,1679912877,1700820198,1780687954,1851394969]}]}]}]},{"name":"IADNA RESPIRATRY PROBE & REV TRNSCR 3-5 TARGETS","billing_code_type":"CPT","billing_code_type_version":"2020","billing_code":"87631","description":"IADNA RESPIRATRY PROBE & REV TRNSCR 3-5 TARGETS","allowed_amounts":[{"tin":{"type":"ein","value":"873826903"},"service_code":["81"],"billing_class":"professional","payments":[{"allowed_amount":53.85,"billing_code_modifier":[""],"providers":[{"billed_charge":178.29,"npi":[1073239935,1073547600,1093765067,1265815005,1508851908,1518954627,1609814250,1639136997,1679950729,1881352979]}]}]}]},{"name":"IADNA SARS-COV-2 COVID-19 AMPLIFIED PROBE TQ","billing_code_type":"CPT","billing_code_type_version":"2020","billing_code":"87635","description":"IADNA SARS-COV-2 COVID-19 AMPLIFIED PROBE TQ","allowed_amounts":[{"tin":{"type":"ein","value":"621433252"},"service_code":["81"],"billing_class":"professional","payments":[{"allowed_amount":17.44,"billing_code_modifier":[""],"providers":[{"billed_charge":125.00,"npi":[1124645957,1689639544,1811624976,1881352979]}]}]},{"tin":{"type":"ein","value":"873826903"},"service_code":["81"],"billing_class":"professional","payments":[{"allowed_amount":17.44,"billing_code_modifier":[""],"providers":[{"billed_charge":125.00,"npi":[1073239935,1073547600,1093765067,1265815005,1508851908,1518954627,1609814250,1639136997,1679950729,1881352979]}]}]}]},{"name":"LIPID PANEL","billing_code_type":"CPT","billing_code_type_version":"2020","billing_code":"80061","description":"LIPID PANEL","allowed_amounts":[{"tin":{"type":"ein","value":"382084239"},"service_code":["81"],"billing_class":"professional","payments":[{"allowed_amount":7.68,"billing_code_modifier":[""],"providers":[{"billed_charge":148.10,"npi":[1497926430,1932166386]},{"billed_charge":162.91,"npi":[1174887004,1194784181,1205924289,1306860044,1306935283,1477903961,1497082499,1497926430,1528370426,1851627624,1932166386]}]},{"allowed_amount":7.68,"billing_code_modifier":[""],"providers":[{"billed_charge":148.10,"npi":[1497926430,1932166386]},{"billed_charge":162.91,"npi":[1174887004,1194784181,1205924289,1306860044,1306935283,1477903961,1497082499,1497926430,1528370426,1851627624,1932166386]}]}]},{"tin":{"type":"ein","value":"382084239"},"service_code":["81"],"billing_class":"professional","payments":[{"allowed_amount":7.68,"billing_code_modifier":[""],"providers":[{"billed_charge":148.10,"npi":[1497926430,1932166386]},{"billed_charge":162.91,"npi":[1174887004,1194784181,1205924289,1306860044,1306935283,1477903961,1497082499,1497926430,1528370426,1851627624,1932166386]}]},{"allowed_amount":7.68,"billing_code_modifier":[""],"providers":[{"billed_charge":148.10,"npi":[1497926430,1932166386]},{"billed_charge":162.91,"npi":[1174887004,1194784181,1205924289,1306860044,1306935283,1477903961,1497082499,1497926430,1528370426,1851627624,1932166386]}]}]},{"tin":{"type":"ein","value":"751093698"},"service_code":["81"],"billing_class":"professional","payments":[{"allowed_amount":7.68,"billing_code_modifier":[""],"providers":[{"billed_charge":36.75,"npi":[1962481820,1982833117]}]}]},{"tin":{"type":"ein","value":"810576059"},"service_code":["81"],"billing_class":"professional","payments":[{"allowed_amount":7.68,"billing_code_modifier":[""],"providers":[{"billed_charge":56.16,"npi":[1235186800,1255668182,1285418392,1679912877,1851394969,1861509184]}]}]},{"tin":{"type":"ein","value":"810576059"},"service_code":["81"],"billing_class":"professional","payments":[{"allowed_amount":42.12,"billing_code_modifier":[""],"providers":[{"billed_charge":56.16,"npi":[1073977781,1134691512,1235186800,1417373820,1477613990,1568705135,1700820198,1780687954,1801837455,1841202868,1861422743,1861509184]}]}]}]},{"name":"PSYCHIATRIC\/PSYCHOLOGICAL TRT: INTENSIVE OUT SERV","billing_code_type":"RC","billing_code_type_version":"UB04","billing_code":"0906","description":"PSYCHIATRIC\/PSYCHOLOGICAL TRT: INTENSIVE OUT SERV","allowed_amounts":[{"tin":{"type":"ein","value":"582059038"},"service_code":["22"],"billing_class":"institutional","payments":[{"allowed_amount":168.73,"billing_code_modifier":[""],"providers":[{"billed_charge":1600.00,"npi":[1326364233,1497922801,1811433386]}]}]},{"tin":{"type":"ein","value":"582059038"},"service_code":["22"],"billing_class":"institutional","payments":[{"allowed_amount":170.73,"billing_code_modifier":[""],"providers":[{"billed_charge":1600.00,"npi":[1326364233,1811433386]}]}]}]},{"name":"PSYCHOTHERAPY W\/PATIENT 45 MINUTES","billing_code_type":"CPT","billing_code_type_version":"2020","billing_code":"90834","description":"PSYCHOTHERAPY W\/PATIENT 45 MINUTES","allowed_amounts":[{"tin":{"type":"ein","value":"999999999"},"service_code":["02","10"],"billing_class":"professional","payments":[{"allowed_amount":115.50,"billing_code_modifier":[""],"providers":[{"billed_charge":250.00,"npi":[1982248431]}]}]},{"tin":{"type":"ein","value":"999999999"},"service_code":["11"],"billing_class":"professional","payments":[{"allowed_amount":119.20,"billing_code_modifier":[""],"providers":[{"billed_charge":155.00,"npi":[1083023915]},{"billed_charge":165.00,"npi":[1083023915]}]},{"allowed_amount":119.20,"billing_code_modifier":[""],"providers":[{"billed_charge":155.00,"npi":[1083023915]},{"billed_charge":165.00,"npi":[1083023915]}]}]},{"tin":{"type":"ein","value":"999999999"},"service_code":["11"],"billing_class":"professional","payments":[{"allowed_amount":119.20,"billing_code_modifier":[""],"providers":[{"billed_charge":155.00,"npi":[1083023915]},{"billed_charge":165.00,"npi":[1083023915]}]},{"allowed_amount":119.20,"billing_code_modifier":[""],"providers":[{"billed_charge":155.00,"npi":[1083023915]},{"billed_charge":165.00,"npi":[1083023915]}]}]}]},{"name":"PSYCHOTHERAPY W\/PATIENT 60 MINUTES","billing_code_type":"CPT","billing_code_type_version":"2020","billing_code":"90837","description":"PSYCHOTHERAPY W\/PATIENT 60 MINUTES","allowed_amounts":[{"tin":{"type":"ein","value":"270997764"},"service_code":["11"],"billing_class":"professional","payments":[{"allowed_amount":135.00,"billing_code_modifier":[""],"providers":[{"billed_charge":135.00,"npi":[1649765017]}]}]},{"tin":{"type":"ein","value":"999999999"},"service_code":["02"],"billing_class":"professional","payments":[{"allowed_amount":135.00,"billing_code_modifier":[""],"providers":[{"billed_charge":135.00,"npi":[1467637413]}]}]},{"tin":{"type":"ein","value":"999999999"},"service_code":["02","11"],"billing_class":"professional","payments":[{"allowed_amount":165.00,"billing_code_modifier":[""],"providers":[{"billed_charge":165.00,"npi":[1053078378,1083023915,1124776588]}]}]}]},{"name":"RADIOLOGIC EXAM CHEST 2 VIEWS","billing_code_type":"CPT","billing_code_type_version":"2020","billing_code":"71046","description":"RADIOLOGIC EXAM CHEST 2 VIEWS","allowed_amounts":[{"tin":{"type":"ein","value":"853256127"},"service_code":["22"],"billing_class":"professional","payments":[{"allowed_amount":18.47,"billing_code_modifier":[""],"providers":[{"billed_charge":36.00,"npi":[1033228168,1215508114,1215565551,1437180676,1497702542,1598752560,1821021544,1821040866,1932194545,1952902116]}]}]}]},{"name":"RADIOLOGIC EXAM CHEST SINGLE VIEW","billing_code_type":"CPT","billing_code_type_version":"2020","billing_code":"71045","description":"RADIOLOGIC EXAM CHEST SINGLE VIEW","allowed_amounts":[{"tin":{"type":"ein","value":"853256127"},"service_code":["22"],"billing_class":"professional","payments":[{"allowed_amount":15.48,"billing_code_modifier":[""],"providers":[{"billed_charge":26.00,"npi":[1033228168,1215565551,1649411422,1851828479,1932194545,1952902116]},{"billed_charge":30.00,"npi":[1033228168,1144974270,1265631808,1598091951,1649411422,1801205323,1932194545,1952902116,1992797377]}]},{"allowed_amount":15.48,"billing_code_modifier":[""],"providers":[{"billed_charge":26.00,"npi":[1033228168,1215565551,1649411422,1851828479,1932194545,1952902116]},{"billed_charge":30.00,"npi":[1033228168,1144974270,1265631808,1598091951,1649411422,1801205323,1932194545,1952902116,1992797377]}]}]},{"tin":{"type":"ein","value":"853256127"},"service_code":["22","23"],"billing_class":"professional","payments":[{"allowed_amount":15.48,"billing_code_modifier":[""],"providers":[{"billed_charge":26.00,"npi":[1033228168,1215565551,1649411422,1851828479,1932194545,1952902116]},{"billed_charge":30.00,"npi":[1033228168,1144974270,1265631808,1598091951,1649411422,1801205323,1932194545,1952902116,1992797377]}]},{"allowed_amount":15.48,"billing_code_modifier":[""],"providers":[{"billed_charge":26.00,"npi":[1033228168,1215565551,1649411422,1851828479,1932194545,1952902116]},{"billed_charge":30.00,"npi":[1033228168,1144974270,1265631808,1598091951,1649411422,1801205323,1932194545,1952902116,1992797377]}]}]}]},{"name":"SBSQ HOSPITAL IP\/OBS CARE HIGH MDM 50 MINUTES","billing_code_type":"CPT","billing_code_type_version":"2020","billing_code":"99233","description":"SBSQ HOSPITAL IP\/OBS CARE HIGH MDM 50 MINUTES","allowed_amounts":[{"tin":{"type":"ein","value":"883492530"},"service_code":["21"],"billing_class":"professional","payments":[{"allowed_amount":130.88,"billing_code_modifier":[""],"providers":[{"billed_charge":650.00,"npi":[1013536549,1063943801,1497482350,1538168968,1588003479,1720043276,1780638833,1851508964,1891282596]}]}]}]}]}
