{"reporting_entity_name": "IEC Group_DBA AmeriBen",
	"reporting_entity_type": "Third Party Administrator",
	"plan_name": "OLD NATIONAL BANK",
	"plan_id_type": "ein",
	"plan_id": "351539838",
	"plan_market_type": "group",
	"last_updated_on": "2024-09-01","Version": "1.0.0","out_of_network":[{"name":"GROUP PSYCHOTHERAPY","billing_code_type":"CPT","billing_code_type_version":"2020","billing_code":"90853","description":"GROUP PSYCHOTHERAPY","allowed_amounts":[{"tin":{"type":"ein","value":"364574515"},"service_code":["11"],"billing_class":"professional","payments":[{"allowed_amount":31.64,"billing_code_modifier":[""],"providers":[{"billed_charge":65.00,"npi":[1265691919,1518999846]}]}]}]},{"name":"IA INFECTIOUS AGT ANTIBODY SARS-COV-2 COVID-19","billing_code_type":"CPT","billing_code_type_version":"2020","billing_code":"86328","description":"IA INFECTIOUS AGT ANTIBODY SARS-COV-2 COVID-19","allowed_amounts":[{"tin":{"type":"ein","value":"873855130"},"service_code":["81"],"billing_class":"professional","payments":[{"allowed_amount":45.28,"billing_code_modifier":[""],"providers":[{"billed_charge":121.35,"npi":[1073272134,1235148982,1821043290]}]}]}]},{"name":"IADNA SARSCOV2 & INF A&B & RSV MULT AMP PROBE TQ","billing_code_type":"CPT","billing_code_type_version":"2020","billing_code":"87637","description":"IADNA SARSCOV2 & INF A&B & RSV MULT AMP PROBE TQ","allowed_amounts":[{"tin":{"type":"ein","value":"873855130"},"service_code":["81"],"billing_class":"professional","payments":[{"allowed_amount":142.63,"billing_code_modifier":[""],"providers":[{"billed_charge":241.95,"npi":[1073272134,1235148982,1821043290]}]}]}]},{"name":"NFCT AGENT GENOTYPE ALYS NUCLEIC ACID SARSCOV2","billing_code_type":"CPT","billing_code_type_version":"2020","billing_code":"87913","description":"NFCT AGENT GENOTYPE ALYS NUCLEIC ACID SARSCOV2","allowed_amounts":[{"tin":{"type":"ein","value":"873855130"},"service_code":["81"],"billing_class":"professional","payments":[{"allowed_amount":176.25,"billing_code_modifier":[""],"providers":[{"billed_charge":176.25,"npi":[1073272134,1235148982,1821043290]}]}]}]},{"name":"PSYCHIATRIC\/PSYCHOLOGICAL SVCS: PARTIAL HOSP - INT","billing_code_type":"RC","billing_code_type_version":"UB04","billing_code":"0913","description":"PSYCHIATRIC\/PSYCHOLOGICAL SVCS: PARTIAL HOSP - INT","allowed_amounts":[{"tin":{"type":"ein","value":"270284847"},"service_code":["99"],"billing_class":"institutional","payments":[{"allowed_amount":1150.00,"billing_code_modifier":[""],"providers":[{"billed_charge":5500.00,"npi":[1770668345,1811223076]}]}]}]},{"name":"RESIDENTIAL TREATMENT-CHEMICAL DEPENDENCY","billing_code_type":"RC","billing_code_type_version":"UB04","billing_code":"1002","description":"RESIDENTIAL TREATMENT-CHEMICAL DEPENDENCY","allowed_amounts":[{"tin":{"type":"ein","value":"863705984"},"service_code":["21"],"billing_class":"institutional","payments":[{"allowed_amount":2275.00,"billing_code_modifier":[""],"providers":[{"billed_charge":4550.00,"npi":[1558027482]}]}]}]}]}
