{"reporting_entity_name": "IEC Group_DBA AmeriBen",
	"reporting_entity_type": "Third Party Administrator",
	"plan_name": "CKS PACKAGING INC",
	"plan_id_type": "ein",
	"plan_id": "581645660",
	"plan_market_type": "group",
	"last_updated_on": "2025-03-03","Version": "1.0.0","out_of_network":[{"name":"25 HYDROXY INCLUDES FRACTIONS IF PERFORMED","billing_code_type":"CPT","billing_code_type_version":"2020","billing_code":"82306","description":"25 HYDROXY INCLUDES FRACTIONS IF PERFORMED","allowed_amounts":[{"tin":{"type":"ein","value":"271117058"},"service_code":["81"],"billing_class":"professional","payments":[{"allowed_amount":14.26,"billing_code_modifier":[""],"providers":[{"billed_charge":348.92,"npi":[1063734739,1154318004,1780620526]}]}]},{"tin":{"type":"ein","value":"382084239"},"service_code":["81"],"billing_class":"professional","payments":[{"allowed_amount":14.26,"billing_code_modifier":[""],"providers":[{"billed_charge":266.02,"npi":[1184673238,1871997866,1932166386]},{"billed_charge":276.66,"npi":[1528591716,1932166386]}]},{"allowed_amount":14.26,"billing_code_modifier":[""],"providers":[{"billed_charge":266.02,"npi":[1184673238,1871997866,1932166386]},{"billed_charge":276.66,"npi":[1528591716,1932166386]}]}]},{"tin":{"type":"ein","value":"382084239"},"service_code":["81"],"billing_class":"professional","payments":[{"allowed_amount":14.26,"billing_code_modifier":[""],"providers":[{"billed_charge":266.02,"npi":[1184673238,1871997866,1932166386]},{"billed_charge":276.66,"npi":[1528591716,1932166386]}]},{"allowed_amount":14.26,"billing_code_modifier":[""],"providers":[{"billed_charge":266.02,"npi":[1184673238,1871997866,1932166386]},{"billed_charge":276.66,"npi":[1528591716,1932166386]}]}]},{"tin":{"type":"ein","value":"742554159"},"service_code":["81"],"billing_class":"professional","payments":[{"allowed_amount":14.26,"billing_code_modifier":[""],"providers":[{"billed_charge":99.00,"npi":[1194769497,1730763582]}]}]},{"tin":{"type":"ein","value":"810576059"},"service_code":["81"],"billing_class":"professional","payments":[{"allowed_amount":14.26,"billing_code_modifier":[""],"providers":[{"billed_charge":124.08,"npi":[1144865197,1235186800,1770655987,1770909236,1922096882,1962441493]}]}]},{"tin":{"type":"ein","value":"881986507"},"service_code":["81"],"billing_class":"professional","payments":[{"allowed_amount":14.26,"billing_code_modifier":[""],"providers":[{"billed_charge":60.00,"npi":[1215633185,1609874023]}]}]}]},{"name":"BLOOD COUNT COMPLETE AUTO&AUTO DIFRNTL WBC","billing_code_type":"CPT","billing_code_type_version":"2020","billing_code":"85025","description":"BLOOD COUNT COMPLETE AUTO&AUTO DIFRNTL WBC","allowed_amounts":[{"tin":{"type":"ein","value":"382084239"},"service_code":["81"],"billing_class":"professional","payments":[{"allowed_amount":3.75,"billing_code_modifier":[""],"providers":[{"billed_charge":50.05,"npi":[1184673238,1932166386,1932569258]},{"billed_charge":52.05,"npi":[1528591716,1770655987,1932166386]}]},{"allowed_amount":3.75,"billing_code_modifier":[""],"providers":[{"billed_charge":50.05,"npi":[1184673238,1932166386,1932569258]},{"billed_charge":52.05,"npi":[1528591716,1770655987,1932166386]}]}]},{"tin":{"type":"ein","value":"382084239"},"service_code":["81"],"billing_class":"professional","payments":[{"allowed_amount":3.75,"billing_code_modifier":[""],"providers":[{"billed_charge":50.05,"npi":[1184673238,1932166386,1932569258]},{"billed_charge":52.05,"npi":[1528591716,1770655987,1932166386]}]},{"allowed_amount":3.75,"billing_code_modifier":[""],"providers":[{"billed_charge":50.05,"npi":[1184673238,1932166386,1932569258]},{"billed_charge":52.05,"npi":[1528591716,1770655987,1932166386]}]}]},{"tin":{"type":"ein","value":"810576059"},"service_code":["81"],"billing_class":"professional","payments":[{"allowed_amount":3.75,"billing_code_modifier":[""],"providers":[{"billed_charge":15.54,"npi":[1235186800,1336542943,1417343088,1730404948,1770655987,1922096882]}]}]},{"tin":{"type":"ein","value":"881986507"},"service_code":["81"],"billing_class":"professional","payments":[{"allowed_amount":3.75,"billing_code_modifier":[""],"providers":[{"billed_charge":15.00,"npi":[1215633185,1609874023]}]}]}]},{"name":"COLLECTION VENOUS BLOOD VENIPUNCTURE","billing_code_type":"CPT","billing_code_type_version":"2020","billing_code":"36415","description":"COLLECTION VENOUS BLOOD VENIPUNCTURE","allowed_amounts":[{"tin":{"type":"ein","value":"382084239"},"service_code":["81"],"billing_class":"professional","payments":[{"allowed_amount":1.02,"billing_code_modifier":[""],"providers":[{"billed_charge":6.50,"npi":[1467511709,1477968675,1932166386]},{"billed_charge":35.00,"npi":[1063485332,1134233620,1194440917,1417062530,1699171223,1932166386]},{"billed_charge":36.40,"npi":[1154318004,1447296272,1528591716,1699171223,1730250077,1932166386]}]},{"allowed_amount":1.02,"billing_code_modifier":[""],"providers":[{"billed_charge":6.50,"npi":[1467511709,1477968675,1932166386]},{"billed_charge":35.00,"npi":[1063485332,1134233620,1194440917,1417062530,1699171223,1932166386]},{"billed_charge":36.40,"npi":[1154318004,1447296272,1528591716,1699171223,1730250077,1932166386]}]},{"allowed_amount":1.02,"billing_code_modifier":[""],"providers":[{"billed_charge":6.50,"npi":[1467511709,1477968675,1932166386]},{"billed_charge":35.00,"npi":[1063485332,1134233620,1194440917,1417062530,1699171223,1932166386]},{"billed_charge":36.40,"npi":[1154318004,1447296272,1528591716,1699171223,1730250077,1932166386]}]}]},{"tin":{"type":"ein","value":"382084239"},"service_code":["81"],"billing_class":"professional","payments":[{"allowed_amount":1.02,"billing_code_modifier":[""],"providers":[{"billed_charge":6.50,"npi":[1467511709,1477968675,1932166386]},{"billed_charge":35.00,"npi":[1063485332,1134233620,1194440917,1417062530,1699171223,1932166386]},{"billed_charge":36.40,"npi":[1154318004,1447296272,1528591716,1699171223,1730250077,1932166386]}]},{"allowed_amount":1.02,"billing_code_modifier":[""],"providers":[{"billed_charge":6.50,"npi":[1467511709,1477968675,1932166386]},{"billed_charge":35.00,"npi":[1063485332,1134233620,1194440917,1417062530,1699171223,1932166386]},{"billed_charge":36.40,"npi":[1154318004,1447296272,1528591716,1699171223,1730250077,1932166386]}]},{"allowed_amount":1.02,"billing_code_modifier":[""],"providers":[{"billed_charge":6.50,"npi":[1467511709,1477968675,1932166386]},{"billed_charge":35.00,"npi":[1063485332,1134233620,1194440917,1417062530,1699171223,1932166386]},{"billed_charge":36.40,"npi":[1154318004,1447296272,1528591716,1699171223,1730250077,1932166386]}]}]},{"tin":{"type":"ein","value":"382084239"},"service_code":["81"],"billing_class":"professional","payments":[{"allowed_amount":1.02,"billing_code_modifier":[""],"providers":[{"billed_charge":6.50,"npi":[1467511709,1477968675,1932166386]},{"billed_charge":35.00,"npi":[1063485332,1134233620,1194440917,1417062530,1699171223,1932166386]},{"billed_charge":36.40,"npi":[1154318004,1447296272,1528591716,1699171223,1730250077,1932166386]}]},{"allowed_amount":1.02,"billing_code_modifier":[""],"providers":[{"billed_charge":6.50,"npi":[1467511709,1477968675,1932166386]},{"billed_charge":35.00,"npi":[1063485332,1134233620,1194440917,1417062530,1699171223,1932166386]},{"billed_charge":36.40,"npi":[1154318004,1447296272,1528591716,1699171223,1730250077,1932166386]}]},{"allowed_amount":1.02,"billing_code_modifier":[""],"providers":[{"billed_charge":6.50,"npi":[1467511709,1477968675,1932166386]},{"billed_charge":35.00,"npi":[1063485332,1134233620,1194440917,1417062530,1699171223,1932166386]},{"billed_charge":36.40,"npi":[1154318004,1447296272,1528591716,1699171223,1730250077,1932166386]}]}]},{"tin":{"type":"ein","value":"453455306"},"service_code":["11"],"billing_class":"professional","payments":[{"allowed_amount":1.02,"billing_code_modifier":[""],"providers":[{"billed_charge":20.00,"npi":[1770655987,1922553023]}]}]},{"tin":{"type":"ein","value":"463285783"},"service_code":["11"],"billing_class":"professional","payments":[{"allowed_amount":1.02,"billing_code_modifier":[""],"providers":[{"billed_charge":20.00,"npi":[1770909236,1972056380]}]}]},{"tin":{"type":"ein","value":"742554159"},"service_code":["81"],"billing_class":"professional","payments":[{"allowed_amount":1.02,"billing_code_modifier":[""],"providers":[{"billed_charge":15.30,"npi":[1194769497,1730763582]}]}]},{"tin":{"type":"ein","value":"751093698"},"service_code":["81"],"billing_class":"professional","payments":[{"allowed_amount":1.02,"billing_code_modifier":[""],"providers":[{"billed_charge":12.00,"npi":[1659339711,1962481820]}]}]},{"tin":{"type":"ein","value":"824492154"},"service_code":["11"],"billing_class":"professional","payments":[{"allowed_amount":1.02,"billing_code_modifier":[""],"providers":[{"billed_charge":50.00,"npi":[1598269250,1912434168]}]}]},{"tin":{"type":"ein","value":"881986507"},"service_code":["81"],"billing_class":"professional","payments":[{"allowed_amount":1.02,"billing_code_modifier":[""],"providers":[{"billed_charge":25.00,"npi":[1215633185,1609874023]}]}]}]},{"name":"COMPREHENSIVE METABOLIC PANEL","billing_code_type":"CPT","billing_code_type_version":"2020","billing_code":"80053","description":"COMPREHENSIVE METABOLIC PANEL","allowed_amounts":[{"tin":{"type":"ein","value":"271117058"},"service_code":["81"],"billing_class":"professional","payments":[{"allowed_amount":5.09,"billing_code_modifier":[""],"providers":[{"billed_charge":100.75,"npi":[1063734739,1154318004,1780620526]}]}]},{"tin":{"type":"ein","value":"382084239"},"service_code":["81"],"billing_class":"professional","payments":[{"allowed_amount":5.09,"billing_code_modifier":[""],"providers":[{"billed_charge":96.88,"npi":[1134233620,1194440917,1679913628,1912953340,1932166386,1932569258]},{"billed_charge":100.75,"npi":[1194188516,1275175838,1528591716,1770655987,1932166386]}]},{"allowed_amount":5.09,"billing_code_modifier":[""],"providers":[{"billed_charge":96.88,"npi":[1134233620,1194440917,1679913628,1912953340,1932166386,1932569258]},{"billed_charge":100.75,"npi":[1194188516,1275175838,1528591716,1770655987,1932166386]}]}]},{"tin":{"type":"ein","value":"382084239"},"service_code":["81"],"billing_class":"professional","payments":[{"allowed_amount":5.09,"billing_code_modifier":[""],"providers":[{"billed_charge":96.88,"npi":[1134233620,1194440917,1679913628,1912953340,1932166386,1932569258]},{"billed_charge":100.75,"npi":[1194188516,1275175838,1528591716,1770655987,1932166386]}]},{"allowed_amount":5.09,"billing_code_modifier":[""],"providers":[{"billed_charge":96.88,"npi":[1134233620,1194440917,1679913628,1912953340,1932166386,1932569258]},{"billed_charge":100.75,"npi":[1194188516,1275175838,1528591716,1770655987,1932166386]}]}]},{"tin":{"type":"ein","value":"810576059"},"service_code":["81"],"billing_class":"professional","payments":[{"allowed_amount":5.09,"billing_code_modifier":[""],"providers":[{"billed_charge":21.12,"npi":[1235186800,1730404948,1770215287,1770655987,1922096882]}]}]},{"tin":{"type":"ein","value":"881986507"},"service_code":["81"],"billing_class":"professional","payments":[{"allowed_amount":5.09,"billing_code_modifier":[""],"providers":[{"billed_charge":20.00,"npi":[1215633185,1609874023]}]}]}]},{"name":"GENERAL HEALTH PANEL","billing_code_type":"CPT","billing_code_type_version":"2020","billing_code":"80050","description":"GENERAL HEALTH PANEL","allowed_amounts":[{"tin":{"type":"ein","value":"382084239"},"service_code":["81"],"billing_class":"professional","payments":[{"allowed_amount":14.76,"billing_code_modifier":[""],"providers":[{"billed_charge":290.47,"npi":[1134233620,1144681016,1275175838,1679913628,1871997866,1932166386]},{"billed_charge":302.08,"npi":[1144681016,1528591716,1679913628,1932166386]}]},{"allowed_amount":14.76,"billing_code_modifier":[""],"providers":[{"billed_charge":290.47,"npi":[1134233620,1144681016,1275175838,1679913628,1871997866,1932166386]},{"billed_charge":302.08,"npi":[1144681016,1528591716,1679913628,1932166386]}]}]},{"tin":{"type":"ein","value":"382084239"},"service_code":["81"],"billing_class":"professional","payments":[{"allowed_amount":14.76,"billing_code_modifier":[""],"providers":[{"billed_charge":290.47,"npi":[1134233620,1144681016,1275175838,1679913628,1871997866,1932166386]},{"billed_charge":302.08,"npi":[1144681016,1528591716,1679913628,1932166386]}]},{"allowed_amount":14.76,"billing_code_modifier":[""],"providers":[{"billed_charge":290.47,"npi":[1134233620,1144681016,1275175838,1679913628,1871997866,1932166386]},{"billed_charge":302.08,"npi":[1144681016,1528591716,1679913628,1932166386]}]}]},{"tin":{"type":"ein","value":"742554159"},"service_code":["81"],"billing_class":"professional","payments":[{"allowed_amount":14.76,"billing_code_modifier":[""],"providers":[{"billed_charge":211.25,"npi":[1194769497,1730763582]},{"billed_charge":265.33,"npi":[1194769497,1912434168]}]},{"allowed_amount":14.76,"billing_code_modifier":[""],"providers":[{"billed_charge":211.25,"npi":[1194769497,1730763582]},{"billed_charge":265.33,"npi":[1194769497,1912434168]}]}]},{"tin":{"type":"ein","value":"742554159"},"service_code":["81"],"billing_class":"professional","payments":[{"allowed_amount":14.76,"billing_code_modifier":[""],"providers":[{"billed_charge":211.25,"npi":[1194769497,1730763582]},{"billed_charge":265.33,"npi":[1194769497,1912434168]}]},{"allowed_amount":14.76,"billing_code_modifier":[""],"providers":[{"billed_charge":211.25,"npi":[1194769497,1730763582]},{"billed_charge":265.33,"npi":[1194769497,1912434168]}]}]},{"tin":{"type":"ein","value":"810576059"},"service_code":["81"],"billing_class":"professional","payments":[{"allowed_amount":14.76,"billing_code_modifier":[""],"providers":[{"billed_charge":60.00,"npi":[1144865197,1184614380,1235186800,1770215287,1770655987,1811323249,1922096882,1962441493]}]}]}]},{"name":"HEMO OPD\/HOME: HEMODIALYSIS COMP OR OTHER RATE","billing_code_type":"RC","billing_code_type_version":"UB04","billing_code":"0821","description":"HEMO OPD\/HOME: HEMODIALYSIS COMP OR OTHER RATE","allowed_amounts":[{"tin":{"type":"ein","value":"460996241"},"service_code":["65"],"billing_class":"institutional","payments":[{"allowed_amount":463.08,"billing_code_modifier":[""],"providers":[{"billed_charge":7821.03,"npi":[1205187903,1619978772]}]}]}]},{"name":"HEMOGLOBIN GLYCOSYLATED A1C","billing_code_type":"CPT","billing_code_type_version":"2020","billing_code":"83036","description":"HEMOGLOBIN GLYCOSYLATED A1C","allowed_amounts":[{"tin":{"type":"ein","value":"382084239"},"service_code":["81"],"billing_class":"professional","payments":[{"allowed_amount":4.68,"billing_code_modifier":[""],"providers":[{"billed_charge":81.68,"npi":[1134233620,1144681016,1275175838,1679913628,1871997866,1932166386]},{"billed_charge":84.95,"npi":[1134233620,1144681016,1194188516,1528591716,1679913628,1770655987,1932166386]}]},{"allowed_amount":4.68,"billing_code_modifier":[""],"providers":[{"billed_charge":81.68,"npi":[1134233620,1144681016,1275175838,1679913628,1871997866,1932166386]},{"billed_charge":84.95,"npi":[1134233620,1144681016,1194188516,1528591716,1679913628,1770655987,1932166386]}]}]},{"tin":{"type":"ein","value":"382084239"},"service_code":["81"],"billing_class":"professional","payments":[{"allowed_amount":4.68,"billing_code_modifier":[""],"providers":[{"billed_charge":81.68,"npi":[1134233620,1144681016,1275175838,1679913628,1871997866,1932166386]},{"billed_charge":84.95,"npi":[1134233620,1144681016,1194188516,1528591716,1679913628,1770655987,1932166386]}]},{"allowed_amount":4.68,"billing_code_modifier":[""],"providers":[{"billed_charge":81.68,"npi":[1134233620,1144681016,1275175838,1679913628,1871997866,1932166386]},{"billed_charge":84.95,"npi":[1134233620,1144681016,1194188516,1528591716,1679913628,1770655987,1932166386]}]}]},{"tin":{"type":"ein","value":"742554159"},"service_code":["81"],"billing_class":"professional","payments":[{"allowed_amount":4.68,"billing_code_modifier":[""],"providers":[{"billed_charge":82.00,"npi":[1194769497,1730763582,1912434168]}]}]},{"tin":{"type":"ein","value":"810576059"},"service_code":["81"],"billing_class":"professional","payments":[{"allowed_amount":4.68,"billing_code_modifier":[""],"providers":[{"billed_charge":40.68,"npi":[1144865197,1235186800,1770215287,1770655987,1770909236,1811323249,1922096882,1962441493]}]}]},{"tin":{"type":"ein","value":"881986507"},"service_code":["81"],"billing_class":"professional","payments":[{"allowed_amount":4.68,"billing_code_modifier":[""],"providers":[{"billed_charge":20.00,"npi":[1215633185,1609874023]}]}]}]},{"name":"IADNA SARS-COV-2 COVID-19 AMPLIFIED PROBE TQ","billing_code_type":"CPT","billing_code_type_version":"2020","billing_code":"87635","description":"IADNA SARS-COV-2 COVID-19 AMPLIFIED PROBE TQ","allowed_amounts":[{"tin":{"type":"ein","value":"260880495"},"service_code":["81"],"billing_class":"professional","payments":[{"allowed_amount":17.44,"billing_code_modifier":[""],"providers":[{"billed_charge":60.00,"npi":[1134377781,1205826500,1275175838,1932730306]}]}]},{"tin":{"type":"ein","value":"621433252"},"service_code":["81"],"billing_class":"professional","payments":[{"allowed_amount":17.44,"billing_code_modifier":[""],"providers":[{"billed_charge":125.00,"npi":[1174065411,1689639544,1881352979]}]}]},{"tin":{"type":"ein","value":"873826903"},"service_code":["81"],"billing_class":"professional","payments":[{"allowed_amount":17.44,"billing_code_modifier":[""],"providers":[{"billed_charge":125.00,"npi":[1063055473,1114760840,1477190189,1487746483,1760071484,1881352979]}]}]}]},{"name":"LIPID PANEL","billing_code_type":"CPT","billing_code_type_version":"2020","billing_code":"80061","description":"LIPID PANEL","allowed_amounts":[{"tin":{"type":"ein","value":"271117058"},"service_code":["81"],"billing_class":"professional","payments":[{"allowed_amount":7.68,"billing_code_modifier":[""],"providers":[{"billed_charge":168.55,"npi":[1063734739,1154318004,1780620526]}]}]},{"tin":{"type":"ein","value":"382084239"},"service_code":["81"],"billing_class":"professional","payments":[{"allowed_amount":7.68,"billing_code_modifier":[""],"providers":[{"billed_charge":162.91,"npi":[1134233620,1144681016,1275175838,1679913628,1871997866,1912953340,1932166386]},{"billed_charge":169.43,"npi":[1144681016,1194188516,1528591716,1679913628,1770655987,1932166386]}]},{"allowed_amount":7.68,"billing_code_modifier":[""],"providers":[{"billed_charge":162.91,"npi":[1134233620,1144681016,1275175838,1679913628,1871997866,1912953340,1932166386]},{"billed_charge":169.43,"npi":[1144681016,1194188516,1528591716,1679913628,1770655987,1932166386]}]}]},{"tin":{"type":"ein","value":"382084239"},"service_code":["81"],"billing_class":"professional","payments":[{"allowed_amount":7.68,"billing_code_modifier":[""],"providers":[{"billed_charge":162.91,"npi":[1134233620,1144681016,1275175838,1679913628,1871997866,1912953340,1932166386]},{"billed_charge":169.43,"npi":[1144681016,1194188516,1528591716,1679913628,1770655987,1932166386]}]},{"allowed_amount":7.68,"billing_code_modifier":[""],"providers":[{"billed_charge":162.91,"npi":[1134233620,1144681016,1275175838,1679913628,1871997866,1912953340,1932166386]},{"billed_charge":169.43,"npi":[1144681016,1194188516,1528591716,1679913628,1770655987,1932166386]}]}]},{"tin":{"type":"ein","value":"742554159"},"service_code":["81"],"billing_class":"professional","payments":[{"allowed_amount":7.68,"billing_code_modifier":[""],"providers":[{"billed_charge":90.75,"npi":[1194769497,1730763582,1912434168]}]}]},{"tin":{"type":"ein","value":"810576059"},"service_code":["81"],"billing_class":"professional","payments":[{"allowed_amount":7.68,"billing_code_modifier":[""],"providers":[{"billed_charge":56.16,"npi":[1144865197,1184614380,1235186800,1770215287,1770655987,1770909236,1811323249,1922096882,1962441493]}]}]},{"tin":{"type":"ein","value":"881986507"},"service_code":["81"],"billing_class":"professional","payments":[{"allowed_amount":7.68,"billing_code_modifier":[""],"providers":[{"billed_charge":30.00,"npi":[1215633185,1609874023]}]}]}]}]}
