{"reporting_entity_name": "IEC Group_DBA AmeriBen",
	"reporting_entity_type": "Third Party Administrator",
	"plan_name": "SPARTECH, LLC",
	"plan_id_type": "ein",
	"plan_id": "822450614",
	"plan_market_type": "group",
	"last_updated_on": "2024-07-01","Version": "1.0.0","out_of_network":[{"name":"APPL MODALITY 1\/> AREAS VASOPNEUMATIC DEVICES","billing_code_type":"CPT","billing_code_type_version":"2020","billing_code":"97016","description":"APPL MODALITY 1\/> AREAS VASOPNEUMATIC DEVICES","allowed_amounts":[{"tin":{"type":"ein","value":"270340751"},"service_code":["11"],"billing_class":"professional","payments":[{"allowed_amount":38.55,"billing_code_modifier":[""],"providers":[{"billed_charge":195.00,"npi":[1366906315,1487885141,1962804245]}]}]}]},{"name":"THERAPEUTIC PX 1\/> AREAS EACH 15 MIN EXERCISES","billing_code_type":"CPT","billing_code_type_version":"2020","billing_code":"97110","description":"THERAPEUTIC PX 1\/> AREAS EACH 15 MIN EXERCISES","allowed_amounts":[{"tin":{"type":"ein","value":"270340751"},"service_code":["11"],"billing_class":"professional","payments":[{"allowed_amount":196.79,"billing_code_modifier":[""],"providers":[{"billed_charge":750.00,"npi":[1366906315,1487885141,1962804245]}]}]}]}]}
