{"reporting_entity_name": "IEC Group_DBA AmeriBen",
	"reporting_entity_type": "Third Party Administrator",
	"plan_name": "JACOBS ENTERTAINMENT INC.",
	"plan_id_type": "ein",
	"plan_id": "341959351",
	"plan_market_type": "group",
	"last_updated_on": "2023-04-26","Version": "1.0.0","out_of_network":[{"name":"OFFICE\/OUTPATIENT ESTABLISHED LOW MDM 20-29 MIN","billing_code_type":"CPT","billing_code_type_version":"2020","billing_code":"99213","description":"OFFICE\/OUTPATIENT ESTABLISHED LOW MDM 20-29 MIN","allowed_amounts":[{"tin":{"type":"ein","value":"208912920"},"service_code":["11"],"billing_class":"professional","payments":[{"allowed_amount":87.53,"billing_code_modifier":[""],"providers":[{"billed_charge":140.00,"npi":[1538372883,1730335753]}]}]},{"tin":{"type":"ein","value":"261531455"},"service_code":["22"],"billing_class":"professional","payments":[{"allowed_amount":87.53,"billing_code_modifier":[""],"providers":[{"billed_charge":197.00,"npi":[1508030958,1912943184,1992975775]}]}]},{"tin":{"type":"ein","value":"452716351"},"service_code":["20"],"billing_class":"professional","payments":[{"allowed_amount":87.53,"billing_code_modifier":[""],"providers":[{"billed_charge":200.00,"npi":[1093376873,1952951287]}]}]},{"tin":{"type":"ein","value":"463767619"},"service_code":["11"],"billing_class":"professional","payments":[{"allowed_amount":87.53,"billing_code_modifier":[""],"providers":[{"billed_charge":145.00,"npi":[1124403001,1326598434]}]}]},{"tin":{"type":"ein","value":"464849117"},"service_code":["11"],"billing_class":"professional","payments":[{"allowed_amount":87.53,"billing_code_modifier":[""],"providers":[{"billed_charge":100.00,"npi":[1366766388,1508283052]}]}]},{"tin":{"type":"ein","value":"720880080"},"service_code":["11"],"billing_class":"professional","payments":[{"allowed_amount":87.53,"billing_code_modifier":[""],"providers":[{"billed_charge":150.00,"npi":[1457362899,1902064520]}]}]},{"tin":{"type":"ein","value":"720993441"},"service_code":["11"],"billing_class":"professional","payments":[{"allowed_amount":87.53,"billing_code_modifier":[""],"providers":[{"billed_charge":120.00,"npi":[1215935986,1982689113]}]}]},{"tin":{"type":"ein","value":"721212880"},"service_code":["50"],"billing_class":"professional","payments":[{"allowed_amount":87.53,"billing_code_modifier":[""],"providers":[{"billed_charge":138.00,"npi":[1023147113,1720006315]}]}]},{"tin":{"type":"ein","value":"721471028"},"service_code":["11"],"billing_class":"professional","payments":[{"allowed_amount":87.53,"billing_code_modifier":[""],"providers":[{"billed_charge":100.00,"npi":[1093904708,1538263728]}]}]},{"tin":{"type":"ein","value":"726000821"},"service_code":["11"],"billing_class":"professional","payments":[{"allowed_amount":87.53,"billing_code_modifier":[""],"providers":[{"billed_charge":92.00,"npi":[1649355561,1710440466]}]}]},{"tin":{"type":"ein","value":"726008355"},"service_code":["11"],"billing_class":"professional","payments":[{"allowed_amount":87.53,"billing_code_modifier":[""],"providers":[{"billed_charge":158.00,"npi":[1215560974,1528040938]}]}]}]}]}
