{"reporting_entity_name": "IEC Group_DBA AmeriBen",
	"reporting_entity_type": "Third Party Administrator",
	"plan_name": "SHEPHERD CENTER",
	"plan_id_type": "ein",
	"plan_id": "510141601",
	"plan_market_type": "group",
	"last_updated_on": "2025-03-03","Version": "1.0.0","out_of_network":[{"name":"25 HYDROXY INCLUDES FRACTIONS IF PERFORMED","billing_code_type":"CPT","billing_code_type_version":"2020","billing_code":"82306","description":"25 HYDROXY INCLUDES FRACTIONS IF PERFORMED","allowed_amounts":[{"tin":{"type":"ein","value":"112981841"},"service_code":["81"],"billing_class":"professional","payments":[{"allowed_amount":14.26,"billing_code_modifier":[""],"providers":[{"billed_charge":100.00,"npi":[1033281126,1154329613]}]}]},{"tin":{"type":"ein","value":"382084239"},"service_code":["81"],"billing_class":"professional","payments":[{"allowed_amount":14.26,"billing_code_modifier":[""],"providers":[{"billed_charge":266.02,"npi":[1124212881,1376586347,1801860986,1932166386]},{"billed_charge":276.66,"npi":[1437264553,1932166386]}]},{"allowed_amount":14.26,"billing_code_modifier":[""],"providers":[{"billed_charge":266.02,"npi":[1124212881,1376586347,1801860986,1932166386]},{"billed_charge":276.66,"npi":[1437264553,1932166386]}]}]},{"tin":{"type":"ein","value":"382084239"},"service_code":["81"],"billing_class":"professional","payments":[{"allowed_amount":14.26,"billing_code_modifier":[""],"providers":[{"billed_charge":266.02,"npi":[1124212881,1376586347,1801860986,1932166386]},{"billed_charge":276.66,"npi":[1437264553,1932166386]}]},{"allowed_amount":14.26,"billing_code_modifier":[""],"providers":[{"billed_charge":266.02,"npi":[1124212881,1376586347,1801860986,1932166386]},{"billed_charge":276.66,"npi":[1437264553,1932166386]}]}]},{"tin":{"type":"ein","value":"742554159"},"service_code":["81"],"billing_class":"professional","payments":[{"allowed_amount":14.26,"billing_code_modifier":[""],"providers":[{"billed_charge":99.00,"npi":[1124086020,1194769497]}]}]},{"tin":{"type":"ein","value":"810576059"},"service_code":["81"],"billing_class":"professional","payments":[{"allowed_amount":14.26,"billing_code_modifier":[""],"providers":[{"billed_charge":124.08,"npi":[1235186800,1407528896,1457515835,1639354434]}]}]},{"tin":{"type":"ein","value":"881986507"},"service_code":["81"],"billing_class":"professional","payments":[{"allowed_amount":14.26,"billing_code_modifier":[""],"providers":[{"billed_charge":60.00,"npi":[1215633185,1609874023]}]}]}]},{"name":"BLOOD COUNT COMPLETE AUTO&AUTO DIFRNTL WBC","billing_code_type":"CPT","billing_code_type_version":"2020","billing_code":"85025","description":"BLOOD COUNT COMPLETE AUTO&AUTO DIFRNTL WBC","allowed_amounts":[{"tin":{"type":"ein","value":"382084239"},"service_code":["81"],"billing_class":"professional","payments":[{"allowed_amount":3.75,"billing_code_modifier":[""],"providers":[{"billed_charge":50.05,"npi":[1194440917,1376681411,1801860986,1932166386]},{"billed_charge":52.05,"npi":[1326224007,1386635795,1437264553,1932166386]}]},{"allowed_amount":3.75,"billing_code_modifier":[""],"providers":[{"billed_charge":50.05,"npi":[1194440917,1376681411,1801860986,1932166386]},{"billed_charge":52.05,"npi":[1326224007,1386635795,1437264553,1932166386]}]}]},{"tin":{"type":"ein","value":"382084239"},"service_code":["81"],"billing_class":"professional","payments":[{"allowed_amount":3.75,"billing_code_modifier":[""],"providers":[{"billed_charge":50.05,"npi":[1194440917,1376681411,1801860986,1932166386]},{"billed_charge":52.05,"npi":[1326224007,1386635795,1437264553,1932166386]}]},{"allowed_amount":3.75,"billing_code_modifier":[""],"providers":[{"billed_charge":50.05,"npi":[1194440917,1376681411,1801860986,1932166386]},{"billed_charge":52.05,"npi":[1326224007,1386635795,1437264553,1932166386]}]}]},{"tin":{"type":"ein","value":"810576059"},"service_code":["81"],"billing_class":"professional","payments":[{"allowed_amount":3.75,"billing_code_modifier":[""],"providers":[{"billed_charge":15.54,"npi":[1033131610,1235186800,1639354434]}]}]},{"tin":{"type":"ein","value":"881986507"},"service_code":["81"],"billing_class":"professional","payments":[{"allowed_amount":3.75,"billing_code_modifier":[""],"providers":[{"billed_charge":15.00,"npi":[1215633185,1609874023]}]}]}]},{"name":"COLLECTION VENOUS BLOOD VENIPUNCTURE","billing_code_type":"CPT","billing_code_type_version":"2020","billing_code":"36415","description":"COLLECTION VENOUS BLOOD VENIPUNCTURE","allowed_amounts":[{"tin":{"type":"ein","value":"274272846"},"service_code":["11"],"billing_class":"professional","payments":[{"allowed_amount":1.02,"billing_code_modifier":[""],"providers":[{"billed_charge":10.00,"npi":[1033413018,1508951112]}]}]},{"tin":{"type":"ein","value":"382084239"},"service_code":["81"],"billing_class":"professional","payments":[{"allowed_amount":1.02,"billing_code_modifier":[""],"providers":[{"billed_charge":35.00,"npi":[1083147961,1124212881,1194440917,1376586347,1376681411,1760455125,1801860986,1932166386,1962443051]},{"billed_charge":36.40,"npi":[1255712337,1326224007,1376681411,1386635795,1437264553,1831775691,1932166386]}]},{"allowed_amount":1.02,"billing_code_modifier":[""],"providers":[{"billed_charge":35.00,"npi":[1083147961,1124212881,1194440917,1376586347,1376681411,1760455125,1801860986,1932166386,1962443051]},{"billed_charge":36.40,"npi":[1255712337,1326224007,1376681411,1386635795,1437264553,1831775691,1932166386]}]}]},{"tin":{"type":"ein","value":"382084239"},"service_code":["81"],"billing_class":"professional","payments":[{"allowed_amount":1.02,"billing_code_modifier":[""],"providers":[{"billed_charge":35.00,"npi":[1083147961,1124212881,1194440917,1376586347,1376681411,1760455125,1801860986,1932166386,1962443051]},{"billed_charge":36.40,"npi":[1255712337,1326224007,1376681411,1386635795,1437264553,1831775691,1932166386]}]},{"allowed_amount":1.02,"billing_code_modifier":[""],"providers":[{"billed_charge":35.00,"npi":[1083147961,1124212881,1194440917,1376586347,1376681411,1760455125,1801860986,1932166386,1962443051]},{"billed_charge":36.40,"npi":[1255712337,1326224007,1376681411,1386635795,1437264553,1831775691,1932166386]}]}]},{"tin":{"type":"ein","value":"742554159"},"service_code":["81"],"billing_class":"professional","payments":[{"allowed_amount":1.02,"billing_code_modifier":[""],"providers":[{"billed_charge":15.30,"npi":[1124086020,1194769497]}]}]},{"tin":{"type":"ein","value":"751093698"},"service_code":["81"],"billing_class":"professional","payments":[{"allowed_amount":1.02,"billing_code_modifier":[""],"providers":[{"billed_charge":12.00,"npi":[1073501169,1144286865,1487629655,1962481820]}]}]},{"tin":{"type":"ein","value":"881986507"},"service_code":["81"],"billing_class":"professional","payments":[{"allowed_amount":1.02,"billing_code_modifier":[""],"providers":[{"billed_charge":25.00,"npi":[1215633185,1609874023]}]}]}]},{"name":"COMPREHENSIVE METABOLIC PANEL","billing_code_type":"CPT","billing_code_type_version":"2020","billing_code":"80053","description":"COMPREHENSIVE METABOLIC PANEL","allowed_amounts":[{"tin":{"type":"ein","value":"382084239"},"service_code":["81"],"billing_class":"professional","payments":[{"allowed_amount":5.09,"billing_code_modifier":[""],"providers":[{"billed_charge":96.88,"npi":[1124212881,1194440917,1376681411,1801860986,1932166386]},{"billed_charge":100.75,"npi":[1326224007,1386635795,1437264553,1932166386]}]},{"allowed_amount":5.09,"billing_code_modifier":[""],"providers":[{"billed_charge":96.88,"npi":[1124212881,1194440917,1376681411,1801860986,1932166386]},{"billed_charge":100.75,"npi":[1326224007,1386635795,1437264553,1932166386]}]}]},{"tin":{"type":"ein","value":"382084239"},"service_code":["81"],"billing_class":"professional","payments":[{"allowed_amount":5.09,"billing_code_modifier":[""],"providers":[{"billed_charge":96.88,"npi":[1124212881,1194440917,1376681411,1801860986,1932166386]},{"billed_charge":100.75,"npi":[1326224007,1386635795,1437264553,1932166386]}]},{"allowed_amount":5.09,"billing_code_modifier":[""],"providers":[{"billed_charge":96.88,"npi":[1124212881,1194440917,1376681411,1801860986,1932166386]},{"billed_charge":100.75,"npi":[1326224007,1386635795,1437264553,1932166386]}]}]},{"tin":{"type":"ein","value":"742554159"},"service_code":["81"],"billing_class":"professional","payments":[{"allowed_amount":5.09,"billing_code_modifier":[""],"providers":[{"billed_charge":78.25,"npi":[1124086020,1194769497]}]}]},{"tin":{"type":"ein","value":"810576059"},"service_code":["81"],"billing_class":"professional","payments":[{"allowed_amount":5.09,"billing_code_modifier":[""],"providers":[{"billed_charge":21.12,"npi":[1033131610,1235186800]}]}]},{"tin":{"type":"ein","value":"881986507"},"service_code":["81"],"billing_class":"professional","payments":[{"allowed_amount":5.09,"billing_code_modifier":[""],"providers":[{"billed_charge":20.00,"npi":[1215633185,1609874023]}]}]}]},{"name":"DRUG TEST PRSMV READ DIRECT OPTICAL OBS PR DATE","billing_code_type":"CPT","billing_code_type_version":"2020","billing_code":"80305","description":"DRUG TEST PRSMV READ DIRECT OPTICAL OBS PR DATE","allowed_amounts":[{"tin":{"type":"ein","value":"274272846"},"service_code":["11"],"billing_class":"professional","payments":[{"allowed_amount":4.57,"billing_code_modifier":[""],"providers":[{"billed_charge":15.00,"npi":[1033413018,1063784676,1508951112]}]}]}]},{"name":"HEMOGLOBIN GLYCOSYLATED A1C","billing_code_type":"CPT","billing_code_type_version":"2020","billing_code":"83036","description":"HEMOGLOBIN GLYCOSYLATED A1C","allowed_amounts":[{"tin":{"type":"ein","value":"382084239"},"service_code":["81"],"billing_class":"professional","payments":[{"allowed_amount":4.68,"billing_code_modifier":[""],"providers":[{"billed_charge":81.68,"npi":[1083147961,1336419829,1376586347,1376700989,1932166386]},{"billed_charge":84.95,"npi":[1386635795,1437264553,1932166386]}]},{"allowed_amount":4.68,"billing_code_modifier":[""],"providers":[{"billed_charge":81.68,"npi":[1083147961,1336419829,1376586347,1376700989,1932166386]},{"billed_charge":84.95,"npi":[1386635795,1437264553,1932166386]}]}]},{"tin":{"type":"ein","value":"382084239"},"service_code":["81"],"billing_class":"professional","payments":[{"allowed_amount":4.68,"billing_code_modifier":[""],"providers":[{"billed_charge":81.68,"npi":[1083147961,1336419829,1376586347,1376700989,1932166386]},{"billed_charge":84.95,"npi":[1386635795,1437264553,1932166386]}]},{"allowed_amount":4.68,"billing_code_modifier":[""],"providers":[{"billed_charge":81.68,"npi":[1083147961,1336419829,1376586347,1376700989,1932166386]},{"billed_charge":84.95,"npi":[1386635795,1437264553,1932166386]}]}]},{"tin":{"type":"ein","value":"742554159"},"service_code":["81"],"billing_class":"professional","payments":[{"allowed_amount":4.68,"billing_code_modifier":[""],"providers":[{"billed_charge":82.00,"npi":[1124086020,1194769497]}]}]},{"tin":{"type":"ein","value":"810576059"},"service_code":["81"],"billing_class":"professional","payments":[{"allowed_amount":4.68,"billing_code_modifier":[""],"providers":[{"billed_charge":40.68,"npi":[1235186800,1639354434]}]}]},{"tin":{"type":"ein","value":"881986507"},"service_code":["81"],"billing_class":"professional","payments":[{"allowed_amount":4.68,"billing_code_modifier":[""],"providers":[{"billed_charge":20.00,"npi":[1215633185,1609874023]}]}]}]},{"name":"IADNA CHLAMYDIA TRACHOMATIS AMPLIFIED PROBE TQ","billing_code_type":"CPT","billing_code_type_version":"2020","billing_code":"87491","description":"IADNA CHLAMYDIA TRACHOMATIS AMPLIFIED PROBE TQ","allowed_amounts":[{"tin":{"type":"ein","value":"382084239"},"service_code":["81"],"billing_class":"professional","payments":[{"allowed_amount":16.90,"billing_code_modifier":[""],"providers":[{"billed_charge":113.84,"npi":[1083147961,1821660051,1932166386,1972988442]}]}]},{"tin":{"type":"ein","value":"751093698"},"service_code":["81"],"billing_class":"professional","payments":[{"allowed_amount":16.90,"billing_code_modifier":[""],"providers":[{"billed_charge":75.00,"npi":[1104819689,1144286865,1407311012,1487629655,1588347793,1962481820,1972795995]}]}]}]},{"name":"LIPID PANEL","billing_code_type":"CPT","billing_code_type_version":"2020","billing_code":"80061","description":"LIPID PANEL","allowed_amounts":[{"tin":{"type":"ein","value":"382084239"},"service_code":["81"],"billing_class":"professional","payments":[{"allowed_amount":7.68,"billing_code_modifier":[""],"providers":[{"billed_charge":162.91,"npi":[1083147961,1124212881,1336419829,1376586347,1376700989,1619280237,1932166386]},{"billed_charge":169.43,"npi":[1386635795,1437264553,1932166386]}]},{"allowed_amount":7.68,"billing_code_modifier":[""],"providers":[{"billed_charge":162.91,"npi":[1083147961,1124212881,1336419829,1376586347,1376700989,1619280237,1932166386]},{"billed_charge":169.43,"npi":[1386635795,1437264553,1932166386]}]}]},{"tin":{"type":"ein","value":"382084239"},"service_code":["81"],"billing_class":"professional","payments":[{"allowed_amount":7.68,"billing_code_modifier":[""],"providers":[{"billed_charge":162.91,"npi":[1083147961,1124212881,1336419829,1376586347,1376700989,1619280237,1932166386]},{"billed_charge":169.43,"npi":[1386635795,1437264553,1932166386]}]},{"allowed_amount":7.68,"billing_code_modifier":[""],"providers":[{"billed_charge":162.91,"npi":[1083147961,1124212881,1336419829,1376586347,1376700989,1619280237,1932166386]},{"billed_charge":169.43,"npi":[1386635795,1437264553,1932166386]}]}]},{"tin":{"type":"ein","value":"742554159"},"service_code":["81"],"billing_class":"professional","payments":[{"allowed_amount":7.68,"billing_code_modifier":[""],"providers":[{"billed_charge":90.75,"npi":[1124086020,1194769497]}]}]},{"tin":{"type":"ein","value":"810576059"},"service_code":["81"],"billing_class":"professional","payments":[{"allowed_amount":7.68,"billing_code_modifier":[""],"providers":[{"billed_charge":56.16,"npi":[1235186800,1407528896,1639354434,1841476736]}]}]},{"tin":{"type":"ein","value":"881986507"},"service_code":["81"],"billing_class":"professional","payments":[{"allowed_amount":7.68,"billing_code_modifier":[""],"providers":[{"billed_charge":30.00,"npi":[1215633185,1609874023]}]}]}]},{"name":"MEDICAL\/SURGICAL SUPPLIES","billing_code_type":"RC","billing_code_type_version":"UB04","billing_code":"0270","description":"MEDICAL\/SURGICAL SUPPLIES","allowed_amounts":[{"tin":{"type":"ein","value":"582415318"},"service_code":["65"],"billing_class":"institutional","payments":[{"allowed_amount":3.48,"billing_code_modifier":[""],"providers":[{"billed_charge":149.10,"npi":[1336215037,1821100645]}]}]}]},{"name":"OFFICE\/OUTPATIENT ESTABLISHED LOW MDM 20 MIN","billing_code_type":"CPT","billing_code_type_version":"2020","billing_code":"99213","description":"OFFICE\/OUTPATIENT ESTABLISHED LOW MDM 20 MIN","allowed_amounts":[{"tin":{"type":"ein","value":"274272846"},"service_code":["11"],"billing_class":"professional","payments":[{"allowed_amount":77.57,"billing_code_modifier":[""],"providers":[{"billed_charge":166.00,"npi":[1033413018,1508951112]}]}]},{"tin":{"type":"ein","value":"453191160"},"service_code":["20"],"billing_class":"professional","payments":[{"allowed_amount":77.57,"billing_code_modifier":[""],"providers":[{"billed_charge":220.00,"npi":[1235411547,1588028344]}]}]},{"tin":{"type":"ein","value":"581131002"},"service_code":["02"],"billing_class":"professional","payments":[{"allowed_amount":77.57,"billing_code_modifier":[""],"providers":[{"billed_charge":225.00,"npi":[1124086020,1235123993]}]}]},{"tin":{"type":"ein","value":"581635081"},"service_code":["11"],"billing_class":"professional","payments":[{"allowed_amount":77.57,"billing_code_modifier":[""],"providers":[{"billed_charge":185.00,"npi":[1245266956,1245536655,1366858235]}]}]},{"tin":{"type":"ein","value":"582259936"},"service_code":["11"],"billing_class":"professional","payments":[{"allowed_amount":77.57,"billing_code_modifier":[""],"providers":[{"billed_charge":200.00,"npi":[1710017132,1891822235]}]}]},{"tin":{"type":"ein","value":"582540874"},"service_code":["11"],"billing_class":"professional","payments":[{"allowed_amount":77.57,"billing_code_modifier":[""],"providers":[{"billed_charge":253.00,"npi":[1336215037,1548273592,1689075715]}]}]}]},{"name":"PSYCHOTHERAPY W\/PATIENT 45 MINUTES","billing_code_type":"CPT","billing_code_type_version":"2020","billing_code":"90834","description":"PSYCHOTHERAPY W\/PATIENT 45 MINUTES","allowed_amounts":[{"tin":{"type":"ein","value":"872984864"},"service_code":["10","11"],"billing_class":"professional","payments":[{"allowed_amount":80.40,"billing_code_modifier":[""],"providers":[{"billed_charge":190.00,"npi":[1336837111,1598425506]}]}]}]},{"name":"PSYCHOTHERAPY W\/PATIENT W\/E&M SRVCS 45 MIN","billing_code_type":"CPT","billing_code_type_version":"2020","billing_code":"90836","description":"PSYCHOTHERAPY W\/PATIENT W\/E&M SRVCS 45 MIN","allowed_amounts":[{"tin":{"type":"ein","value":"582259936"},"service_code":["11"],"billing_class":"professional","payments":[{"allowed_amount":110.80,"billing_code_modifier":[""],"providers":[{"billed_charge":150.00,"npi":[1710017132,1891822235]},{"billed_charge":160.00,"npi":[1710017132,1891822235]}]},{"allowed_amount":110.80,"billing_code_modifier":[""],"providers":[{"billed_charge":150.00,"npi":[1710017132,1891822235]},{"billed_charge":160.00,"npi":[1710017132,1891822235]}]}]},{"tin":{"type":"ein","value":"582259936"},"service_code":["11"],"billing_class":"professional","payments":[{"allowed_amount":110.80,"billing_code_modifier":[""],"providers":[{"billed_charge":150.00,"npi":[1710017132,1891822235]},{"billed_charge":160.00,"npi":[1710017132,1891822235]}]},{"allowed_amount":110.80,"billing_code_modifier":[""],"providers":[{"billed_charge":150.00,"npi":[1710017132,1891822235]},{"billed_charge":160.00,"npi":[1710017132,1891822235]}]}]}]},{"name":"THER PX 1\/> AREAS EACH 15 MIN NEUROMUSC REEDUCA","billing_code_type":"CPT","billing_code_type_version":"2020","billing_code":"97112","description":"THER PX 1\/> AREAS EACH 15 MIN NEUROMUSC REEDUCA","allowed_amounts":[{"tin":{"type":"ein","value":"271178999"},"service_code":["11"],"billing_class":"professional","payments":[{"allowed_amount":32.17,"billing_code_modifier":[""],"providers":[{"billed_charge":37.00,"npi":[1326564097,1962727719]}]}]},{"tin":{"type":"ein","value":"450469764"},"service_code":["11"],"billing_class":"professional","payments":[{"allowed_amount":32.17,"billing_code_modifier":[""],"providers":[{"billed_charge":62.00,"npi":[1477961118,1902390057]}]}]}]},{"name":"THERAPEUT ACTVITY DIRECT PT CONTACT EACH 15 MIN","billing_code_type":"CPT","billing_code_type_version":"2020","billing_code":"97530","description":"THERAPEUT ACTVITY DIRECT PT CONTACT EACH 15 MIN","allowed_amounts":[{"tin":{"type":"ein","value":"061753491"},"service_code":["11"],"billing_class":"professional","payments":[{"allowed_amount":36.02,"billing_code_modifier":[""],"providers":[{"billed_charge":100.00,"npi":[1578574455,1689625774]}]}]},{"tin":{"type":"ein","value":"450469764"},"service_code":["11"],"billing_class":"professional","payments":[{"allowed_amount":36.02,"billing_code_modifier":[""],"providers":[{"billed_charge":62.00,"npi":[1477961118,1902390057]}]}]}]},{"name":"THERAPEUTIC PX 1\/> AREAS EACH 15 MIN EXERCISES","billing_code_type":"CPT","billing_code_type_version":"2020","billing_code":"97110","description":"THERAPEUTIC PX 1\/> AREAS EACH 15 MIN EXERCISES","allowed_amounts":[{"tin":{"type":"ein","value":"061753491"},"service_code":["11"],"billing_class":"professional","payments":[{"allowed_amount":27.99,"billing_code_modifier":[""],"providers":[{"billed_charge":70.00,"npi":[1578574455,1689625774]}]}]},{"tin":{"type":"ein","value":"271178999"},"service_code":["11"],"billing_class":"professional","payments":[{"allowed_amount":27.99,"billing_code_modifier":[""],"providers":[{"billed_charge":37.00,"npi":[1326564097,1962727719]}]}]},{"tin":{"type":"ein","value":"450469764"},"service_code":["11"],"billing_class":"professional","payments":[{"allowed_amount":27.99,"billing_code_modifier":[""],"providers":[{"billed_charge":62.00,"npi":[1477961118,1902390057]}]}]}]}]}
