{"reporting_entity_name": "IEC Group_DBA AmeriBen",
	"reporting_entity_type": "Third Party Administrator",
	"plan_name": "PAUL HASTINGS LLP",
	"plan_id_type": "ein",
	"plan_id": "952209675",
	"plan_market_type": "group",
	"last_updated_on": "2023-06-01","Version": "1.0.0","out_of_network":[{"name":"2019-NCOV CORONAVIRUS SARS-COV-2\/COVID-19 ANY T","billing_code_type":"HCPCS","billing_code_type_version":"HCPCS LEVEL II 2021","billing_code":"U0004","description":"2019-NCOV CORONAVIRUS SARS-COV-2\/COVID-19 ANY T","allowed_amounts":[{"tin":{"type":"ein","value":"462303470"},"service_code":["81"],"billing_class":"professional","payments":[{"allowed_amount":225.00,"billing_code_modifier":[""],"providers":[{"billed_charge":450.00,"npi":[1205435989,1376629030]}]}]},{"tin":{"type":"ein","value":"463342144"},"service_code":["81"],"billing_class":"professional","payments":[{"allowed_amount":225.00,"billing_code_modifier":[""],"providers":[{"billed_charge":350.00,"npi":[1053541581,1417355678]}]}]},{"tin":{"type":"ein","value":"472429195"},"service_code":["81"],"billing_class":"professional","payments":[{"allowed_amount":225.00,"billing_code_modifier":[""],"providers":[{"billed_charge":300.00,"npi":[1598054710,1619357183]}]}]},{"tin":{"type":"ein","value":"812571646"},"service_code":["81"],"billing_class":"professional","payments":[{"allowed_amount":225.00,"billing_code_modifier":[""],"providers":[{"billed_charge":300.00,"npi":[1467999516,1629579826]}]}]},{"tin":{"type":"ein","value":"821256541"},"service_code":["81"],"billing_class":"professional","payments":[{"allowed_amount":225.00,"billing_code_modifier":[""],"providers":[{"billed_charge":500.00,"npi":[1952876203]}]}]},{"tin":{"type":"ein","value":"831342609"},"service_code":["81"],"billing_class":"professional","payments":[{"allowed_amount":225.00,"billing_code_modifier":[""],"providers":[{"billed_charge":350.00,"npi":[1033301247,1053541581,1073101028,1306211081,1336191980,1356913446,1366425100,1487815387,1619106119,1760622153]}]}]},{"tin":{"type":"ein","value":"861328448"},"service_code":["11"],"billing_class":"professional","payments":[{"allowed_amount":225.00,"billing_code_modifier":[""],"providers":[{"billed_charge":750.00,"npi":[1376128090,1841671476]}]}]}]},{"name":"ADAPTIVE BEHAVIOR TX BY PROTOCOL TECH EA 15 MIN","billing_code_type":"CPT","billing_code_type_version":"2020","billing_code":"97153","description":"ADAPTIVE BEHAVIOR TX BY PROTOCOL TECH EA 15 MIN","allowed_amounts":[{"tin":{"type":"ein","value":"470986503"},"service_code":["12"],"billing_class":"professional","payments":[{"allowed_amount":381.44,"billing_code_modifier":[""],"providers":[{"billed_charge":630.00,"npi":[1295148146,1578974317]}]}]}]},{"name":"APPL MODALITY 1\/> AREAS ELEC STIMJ UNATTENDED","billing_code_type":"CPT","billing_code_type_version":"2020","billing_code":"97014","description":"APPL MODALITY 1\/> AREAS ELEC STIMJ UNATTENDED","allowed_amounts":[{"tin":{"type":"ein","value":"274409938"},"service_code":["11"],"billing_class":"professional","payments":[{"allowed_amount":21.85,"billing_code_modifier":[""],"providers":[{"billed_charge":60.00,"npi":[1649590035,1659036457,1861440737]}]}]},{"tin":{"type":"ein","value":"813151511"},"service_code":["11"],"billing_class":"professional","payments":[{"allowed_amount":21.85,"billing_code_modifier":[""],"providers":[{"billed_charge":125.00,"npi":[1003361494,1497194963]}]}]}]},{"name":"IA DET NA;SEV AC RES SYND SARS-COV-2 COVID-19","billing_code_type":"HCPCS","billing_code_type_version":"HCPCS LEVEL II 2021","billing_code":"U0005","description":"IA DET NA;SEV AC RES SYND SARS-COV-2 COVID-19","allowed_amounts":[{"tin":{"type":"ein","value":"030511037"},"service_code":["81"],"billing_class":"professional","payments":[{"allowed_amount":75.00,"billing_code_modifier":[""],"providers":[{"billed_charge":125.00,"npi":[1790234839,1821110453]}]}]},{"tin":{"type":"ein","value":"113630760"},"service_code":["81"],"billing_class":"professional","payments":[{"allowed_amount":75.00,"billing_code_modifier":[""],"providers":[{"billed_charge":101.25,"npi":[1003917980,1255468328]}]}]},{"tin":{"type":"ein","value":"133934292"},"service_code":["81"],"billing_class":"professional","payments":[{"allowed_amount":75.00,"billing_code_modifier":[""],"providers":[{"billed_charge":100.00,"npi":[1134316441,1215053962,1720303902,1942873484]}]}]},{"tin":{"type":"ein","value":"272872791"},"service_code":["11"],"billing_class":"professional","payments":[{"allowed_amount":50.00,"billing_code_modifier":[""],"providers":[{"billed_charge":50.00,"npi":[1043815848,1942254347]}]}]},{"tin":{"type":"ein","value":"273237160"},"service_code":["81"],"billing_class":"professional","payments":[{"allowed_amount":50.00,"billing_code_modifier":[""],"providers":[{"billed_charge":50.00,"npi":[1124316138,1366736977]}]}]},{"tin":{"type":"ein","value":"454333998"},"service_code":["81"],"billing_class":"professional","payments":[{"allowed_amount":75.00,"billing_code_modifier":[""],"providers":[{"billed_charge":75.00,"npi":[1851726731]}]}]},{"tin":{"type":"ein","value":"462303470"},"service_code":["81"],"billing_class":"professional","payments":[{"allowed_amount":50.00,"billing_code_modifier":[""],"providers":[{"billed_charge":50.00,"npi":[1205435989,1376629030]}]}]},{"tin":{"type":"ein","value":"463342144"},"service_code":["81"],"billing_class":"professional","payments":[{"allowed_amount":75.00,"billing_code_modifier":[""],"providers":[{"billed_charge":100.00,"npi":[1053541581,1417355678]}]}]},{"tin":{"type":"ein","value":"471431584"},"service_code":["81"],"billing_class":"professional","payments":[{"allowed_amount":50.00,"billing_code_modifier":[""],"providers":[{"billed_charge":50.00,"npi":[1477590644,1568839173]}]}]},{"tin":{"type":"ein","value":"472429195"},"service_code":["81"],"billing_class":"professional","payments":[{"allowed_amount":75.00,"billing_code_modifier":[""],"providers":[{"billed_charge":300.00,"npi":[1598054710,1619357183]}]}]},{"tin":{"type":"ein","value":"472462178"},"service_code":["81"],"billing_class":"professional","payments":[{"allowed_amount":50.00,"billing_code_modifier":[""],"providers":[{"billed_charge":50.00,"npi":[1114183555,1144731605,1174824726,1508484569,1639311509,1962018374]}]}]},{"tin":{"type":"ein","value":"474777175"},"service_code":["81"],"billing_class":"professional","payments":[{"allowed_amount":75.00,"billing_code_modifier":[""],"providers":[{"billed_charge":95.00,"npi":[1205410933,1497015085,1801292925]}]}]},{"tin":{"type":"ein","value":"812571646"},"service_code":["81"],"billing_class":"professional","payments":[{"allowed_amount":75.00,"billing_code_modifier":[""],"providers":[{"billed_charge":100.00,"npi":[1467999516,1629579826]}]}]},{"tin":{"type":"ein","value":"821256541"},"service_code":["81"],"billing_class":"professional","payments":[{"allowed_amount":75.00,"billing_code_modifier":[""],"providers":[{"billed_charge":100.00,"npi":[1952876203]}]}]},{"tin":{"type":"ein","value":"823438908"},"service_code":["11"],"billing_class":"professional","payments":[{"allowed_amount":75.00,"billing_code_modifier":[""],"providers":[{"billed_charge":75.00,"npi":[1023360542,1114431087]}]}]},{"tin":{"type":"ein","value":"831342609"},"service_code":["81"],"billing_class":"professional","payments":[{"allowed_amount":75.00,"billing_code_modifier":[""],"providers":[{"billed_charge":100.00,"npi":[1033301247,1053541581,1073101028,1306211081,1336191980,1356913446,1366425100,1487815387,1619106119,1760622153]},{"billed_charge":350.00,"npi":[1073101028,1487815387,1760622153]}]},{"allowed_amount":75.00,"billing_code_modifier":[""],"providers":[{"billed_charge":100.00,"npi":[1033301247,1053541581,1073101028,1306211081,1336191980,1356913446,1366425100,1487815387,1619106119,1760622153]},{"billed_charge":350.00,"npi":[1073101028,1487815387,1760622153]}]}]},{"tin":{"type":"ein","value":"831342609"},"service_code":["81"],"billing_class":"professional","payments":[{"allowed_amount":75.00,"billing_code_modifier":[""],"providers":[{"billed_charge":100.00,"npi":[1033301247,1053541581,1073101028,1306211081,1336191980,1356913446,1366425100,1487815387,1619106119,1760622153]},{"billed_charge":350.00,"npi":[1073101028,1487815387,1760622153]}]},{"allowed_amount":75.00,"billing_code_modifier":[""],"providers":[{"billed_charge":100.00,"npi":[1033301247,1053541581,1073101028,1306211081,1336191980,1356913446,1366425100,1487815387,1619106119,1760622153]},{"billed_charge":350.00,"npi":[1073101028,1487815387,1760622153]}]}]},{"tin":{"type":"ein","value":"831929928"},"service_code":["81"],"billing_class":"professional","payments":[{"allowed_amount":50.00,"billing_code_modifier":[""],"providers":[{"billed_charge":50.00,"npi":[1336871607,1659675320,1902480296]}]}]},{"tin":{"type":"ein","value":"843016042"},"service_code":["81"],"billing_class":"professional","payments":[{"allowed_amount":75.00,"billing_code_modifier":[""],"providers":[{"billed_charge":100.00,"npi":[1033123930,1598315574]}]}]},{"tin":{"type":"ein","value":"852364612"},"service_code":["81"],"billing_class":"professional","payments":[{"allowed_amount":75.00,"billing_code_modifier":[""],"providers":[{"billed_charge":75.00,"npi":[1740685387,1790386746]}]}]},{"tin":{"type":"ein","value":"853312450"},"service_code":["81"],"billing_class":"professional","payments":[{"allowed_amount":75.00,"billing_code_modifier":[""],"providers":[{"billed_charge":150.00,"npi":[1033701701,1073629069,1902480296]}]}]},{"tin":{"type":"ein","value":"861328448"},"service_code":["11"],"billing_class":"professional","payments":[{"allowed_amount":75.00,"billing_code_modifier":[""],"providers":[{"billed_charge":600.00,"npi":[1376128090,1841671476]}]}]},{"tin":{"type":"ein","value":"861826385"},"service_code":["81"],"billing_class":"professional","payments":[{"allowed_amount":75.00,"billing_code_modifier":[""],"providers":[{"billed_charge":100.00,"npi":[1346914843]}]}]},{"tin":{"type":"ein","value":"873102949"},"service_code":["81"],"billing_class":"professional","payments":[{"allowed_amount":75.00,"billing_code_modifier":[""],"providers":[{"billed_charge":75.00,"npi":[1356005920,1760604979]}]}]},{"tin":{"type":"ein","value":"874022290"},"service_code":["81"],"billing_class":"professional","payments":[{"allowed_amount":75.00,"billing_code_modifier":[""],"providers":[{"billed_charge":100.00,"npi":[1770236127,1780620997]}]}]},{"tin":{"type":"ein","value":"953926170"},"service_code":["81"],"billing_class":"professional","payments":[{"allowed_amount":50.00,"billing_code_modifier":[""],"providers":[{"billed_charge":50.00,"npi":[1003950585,1033373899]}]}]}]},{"name":"IAAD IA SEVERE AQT RESPIR SYND CORONAVIRUS","billing_code_type":"CPT","billing_code_type_version":"2020","billing_code":"87426","description":"IAAD IA SEVERE AQT RESPIR SYND CORONAVIRUS","allowed_amounts":[{"tin":{"type":"ein","value":"853107000"},"service_code":["11"],"billing_class":"professional","payments":[{"allowed_amount":95.00,"billing_code_modifier":[""],"providers":[{"billed_charge":95.00,"npi":[1265011464,1437418803,1487815387,1922462084]}]}]}]},{"name":"INF AGT DET DNA\/RNA;SARS-COV-2 COVID-19 AMP P T","billing_code_type":"HCPCS","billing_code_type_version":"HCPCS LEVEL II 2021","billing_code":"U0003","description":"INF AGT DET DNA\/RNA;SARS-COV-2 COVID-19 AMP P T","allowed_amounts":[{"tin":{"type":"ein","value":"030511037"},"service_code":["81"],"billing_class":"professional","payments":[{"allowed_amount":225.00,"billing_code_modifier":[""],"providers":[{"billed_charge":375.00,"npi":[1790234839,1821110453]}]}]},{"tin":{"type":"ein","value":"113630760"},"service_code":["81"],"billing_class":"professional","payments":[{"allowed_amount":225.00,"billing_code_modifier":[""],"providers":[{"billed_charge":303.75,"npi":[1003917980,1255468328]}]}]},{"tin":{"type":"ein","value":"133934292"},"service_code":["81"],"billing_class":"professional","payments":[{"allowed_amount":225.00,"billing_code_modifier":[""],"providers":[{"billed_charge":300.00,"npi":[1134316441,1215053962,1720303902,1942873484]}]}]},{"tin":{"type":"ein","value":"273237160"},"service_code":["81"],"billing_class":"professional","payments":[{"allowed_amount":225.00,"billing_code_modifier":[""],"providers":[{"billed_charge":250.00,"npi":[1124316138,1366736977]}]}]},{"tin":{"type":"ein","value":"454333998"},"service_code":["81"],"billing_class":"professional","payments":[{"allowed_amount":225.00,"billing_code_modifier":[""],"providers":[{"billed_charge":300.00,"npi":[1851726731]}]}]},{"tin":{"type":"ein","value":"472462178"},"service_code":["81"],"billing_class":"professional","payments":[{"allowed_amount":225.00,"billing_code_modifier":[""],"providers":[{"billed_charge":250.00,"npi":[1114183555,1144731605,1174824726,1508484569,1639311509,1962018374]}]}]},{"tin":{"type":"ein","value":"474777175"},"service_code":["81"],"billing_class":"professional","payments":[{"allowed_amount":225.00,"billing_code_modifier":[""],"providers":[{"billed_charge":275.00,"npi":[1205410933,1497015085]},{"billed_charge":295.00,"npi":[1205410933,1497015085,1801292925]}]},{"allowed_amount":225.00,"billing_code_modifier":[""],"providers":[{"billed_charge":275.00,"npi":[1205410933,1497015085]},{"billed_charge":295.00,"npi":[1205410933,1497015085,1801292925]}]}]},{"tin":{"type":"ein","value":"474777175"},"service_code":["81"],"billing_class":"professional","payments":[{"allowed_amount":225.00,"billing_code_modifier":[""],"providers":[{"billed_charge":275.00,"npi":[1205410933,1497015085]},{"billed_charge":295.00,"npi":[1205410933,1497015085,1801292925]}]},{"allowed_amount":225.00,"billing_code_modifier":[""],"providers":[{"billed_charge":275.00,"npi":[1205410933,1497015085]},{"billed_charge":295.00,"npi":[1205410933,1497015085,1801292925]}]}]},{"tin":{"type":"ein","value":"823438908"},"service_code":["11"],"billing_class":"professional","payments":[{"allowed_amount":225.00,"billing_code_modifier":[""],"providers":[{"billed_charge":300.00,"npi":[1023360542,1114431087]}]}]},{"tin":{"type":"ein","value":"843016042"},"service_code":["81"],"billing_class":"professional","payments":[{"allowed_amount":225.00,"billing_code_modifier":[""],"providers":[{"billed_charge":250.00,"npi":[1033123930,1598315574]}]}]},{"tin":{"type":"ein","value":"852364612"},"service_code":["81"],"billing_class":"professional","payments":[{"allowed_amount":225.00,"billing_code_modifier":[""],"providers":[{"billed_charge":225.00,"npi":[1740685387,1790386746]}]}]},{"tin":{"type":"ein","value":"853312450"},"service_code":["81"],"billing_class":"professional","payments":[{"allowed_amount":225.00,"billing_code_modifier":[""],"providers":[{"billed_charge":250.00,"npi":[1033701701,1073629069,1902480296]}]}]},{"tin":{"type":"ein","value":"861826385"},"service_code":["81"],"billing_class":"professional","payments":[{"allowed_amount":225.00,"billing_code_modifier":[""],"providers":[{"billed_charge":300.00,"npi":[1346914843]}]}]},{"tin":{"type":"ein","value":"873102949"},"service_code":["81"],"billing_class":"professional","payments":[{"allowed_amount":225.00,"billing_code_modifier":[""],"providers":[{"billed_charge":249.00,"npi":[1356005920,1760604979]}]}]}]},{"name":"LIPID PANEL","billing_code_type":"CPT","billing_code_type_version":"2020","billing_code":"80061","description":"LIPID PANEL","allowed_amounts":[{"tin":{"type":"ein","value":"161387862"},"service_code":["81"],"billing_class":"professional","payments":[{"allowed_amount":40.17,"billing_code_modifier":[""],"providers":[{"billed_charge":148.10,"npi":[1134117856,1932145778]}]}]},{"tin":{"type":"ein","value":"208927080"},"service_code":["81"],"billing_class":"professional","payments":[{"allowed_amount":40.17,"billing_code_modifier":[""],"providers":[{"billed_charge":120.00,"npi":[1114978160,1194971085]}]}]},{"tin":{"type":"ein","value":"454408188"},"service_code":["11"],"billing_class":"professional","payments":[{"allowed_amount":40.17,"billing_code_modifier":[""],"providers":[{"billed_charge":160.00,"npi":[1548471675,1659615045]}]}]},{"tin":{"type":"ein","value":"521017612"},"service_code":["11"],"billing_class":"professional","payments":[{"allowed_amount":40.17,"billing_code_modifier":[""],"providers":[{"billed_charge":52.00,"npi":[1467431155,1922290931]}]}]},{"tin":{"type":"ein","value":"593776473"},"service_code":["11"],"billing_class":"professional","payments":[{"allowed_amount":40.17,"billing_code_modifier":[""],"providers":[{"billed_charge":45.00,"npi":[1639241771,1760664007]}]}]},{"tin":{"type":"ein","value":"843016042"},"service_code":["81"],"billing_class":"professional","payments":[{"allowed_amount":40.17,"billing_code_modifier":[""],"providers":[{"billed_charge":141.00,"npi":[1033737440,1598315574]}]}]},{"tin":{"type":"ein","value":"953702470"},"service_code":["11"],"billing_class":"professional","payments":[{"allowed_amount":40.17,"billing_code_modifier":[""],"providers":[{"billed_charge":60.00,"npi":[1023223229,1497827448]}]}]},{"tin":{"type":"ein","value":"953793242"},"service_code":["11"],"billing_class":"professional","payments":[{"allowed_amount":40.17,"billing_code_modifier":[""],"providers":[{"billed_charge":85.00,"npi":[1184631251,1447262126]}]}]},{"tin":{"type":"ein","value":"953956688"},"service_code":["11"],"billing_class":"professional","payments":[{"allowed_amount":40.17,"billing_code_modifier":[""],"providers":[{"billed_charge":45.00,"npi":[1124120787]}]}]},{"tin":{"type":"ein","value":"954776905"},"service_code":["11"],"billing_class":"professional","payments":[{"allowed_amount":40.17,"billing_code_modifier":[""],"providers":[{"billed_charge":205.00,"npi":[1205807146,1285737353]}]}]}]},{"name":"MANUAL THERAPY TQS 1\/> REGIONS EACH 15 MINUTES","billing_code_type":"CPT","billing_code_type_version":"2020","billing_code":"97140","description":"MANUAL THERAPY TQS 1\/> REGIONS EACH 15 MINUTES","allowed_amounts":[{"tin":{"type":"ein","value":"133946940"},"service_code":["11"],"billing_class":"professional","payments":[{"allowed_amount":90.54,"billing_code_modifier":[""],"providers":[{"billed_charge":130.00,"npi":[1164485637,1235174228,1568701399,1699937722]}]}]},{"tin":{"type":"ein","value":"133946940"},"service_code":["11"],"billing_class":"professional","payments":[{"allowed_amount":181.08,"billing_code_modifier":[""],"providers":[{"billed_charge":260.00,"npi":[1164485637,1235174228,1568701399,1699937722]}]}]},{"tin":{"type":"ein","value":"202775993"},"service_code":["11"],"billing_class":"professional","payments":[{"allowed_amount":95.00,"billing_code_modifier":[""],"providers":[{"billed_charge":95.00,"npi":[1063454577,1184021529,1720051006,1790457448,1861633695,1982293494]}]}]},{"tin":{"type":"ein","value":"270210070"},"service_code":["11"],"billing_class":"professional","payments":[{"allowed_amount":90.54,"billing_code_modifier":[""],"providers":[{"billed_charge":125.00,"npi":[1043488281,1790935302,1861767741]}]}]},{"tin":{"type":"ein","value":"270210070"},"service_code":["11"],"billing_class":"professional","payments":[{"allowed_amount":181.08,"billing_code_modifier":[""],"providers":[{"billed_charge":250.00,"npi":[1043488281,1790935302,1861767741]}]}]},{"tin":{"type":"ein","value":"274409938"},"service_code":["11"],"billing_class":"professional","payments":[{"allowed_amount":86.58,"billing_code_modifier":[""],"providers":[{"billed_charge":115.00,"npi":[1649590035,1659036457,1861440737]}]}]},{"tin":{"type":"ein","value":"274409938"},"service_code":["11"],"billing_class":"professional","payments":[{"allowed_amount":89.73,"billing_code_modifier":[""],"providers":[{"billed_charge":115.00,"npi":[1649590035,1659036457,1861440737]}]}]},{"tin":{"type":"ein","value":"813151511"},"service_code":["11"],"billing_class":"professional","payments":[{"allowed_amount":89.73,"billing_code_modifier":[""],"providers":[{"billed_charge":100.00,"npi":[1003361494,1497194963]}]}]},{"tin":{"type":"ein","value":"841755130"},"service_code":["11"],"billing_class":"professional","payments":[{"allowed_amount":181.08,"billing_code_modifier":[""],"providers":[{"billed_charge":300.00,"npi":[1477103380,1952070161]}]}]},{"tin":{"type":"ein","value":"953641765"},"service_code":["11"],"billing_class":"professional","payments":[{"allowed_amount":100.00,"billing_code_modifier":[""],"providers":[{"billed_charge":100.00,"npi":[1104304971,1154098424,1730268251,1821707910,1972660579]}]}]}]},{"name":"OFFICE\/OUTPATIENT EST PT MAY NOT REQ PHYS\/QHP","billing_code_type":"CPT","billing_code_type_version":"2020","billing_code":"99211","description":"OFFICE\/OUTPATIENT EST PT MAY NOT REQ PHYS\/QHP","allowed_amounts":[{"tin":{"type":"ein","value":"853107000"},"service_code":["11"],"billing_class":"professional","payments":[{"allowed_amount":75.00,"billing_code_modifier":[""],"providers":[{"billed_charge":75.00,"npi":[1265011464,1437418803,1487815387,1922462084]}]}]}]},{"name":"PSYCHOTHERAPY W\/PATIENT 45 MINUTES","billing_code_type":"CPT","billing_code_type_version":"2020","billing_code":"90834","description":"PSYCHOTHERAPY W\/PATIENT 45 MINUTES","allowed_amounts":[{"tin":{"type":"ein","value":"054502433"},"service_code":["11"],"billing_class":"professional","payments":[{"allowed_amount":175.00,"billing_code_modifier":[""],"providers":[{"billed_charge":175.00,"npi":[1043383490]}]}]},{"tin":{"type":"ein","value":"225783202"},"service_code":["02","11"],"billing_class":"professional","payments":[{"allowed_amount":250.00,"billing_code_modifier":[""],"providers":[{"billed_charge":250.00,"npi":[1033243308]}]}]},{"tin":{"type":"ein","value":"301130652"},"service_code":["02"],"billing_class":"professional","payments":[{"allowed_amount":250.00,"billing_code_modifier":[""],"providers":[{"billed_charge":250.00,"npi":[1104392604,1548280563]}]}]},{"tin":{"type":"ein","value":"811255637"},"service_code":["02"],"billing_class":"professional","payments":[{"allowed_amount":175.00,"billing_code_modifier":[""],"providers":[{"billed_charge":175.00,"npi":[1194019752]}]}]},{"tin":{"type":"ein","value":"815204468"},"service_code":["02"],"billing_class":"professional","payments":[{"allowed_amount":250.00,"billing_code_modifier":[""],"providers":[{"billed_charge":250.00,"npi":[1033645270,1306477559]}]}]},{"tin":{"type":"ein","value":"823719621"},"service_code":["11"],"billing_class":"professional","payments":[{"allowed_amount":285.00,"billing_code_modifier":[""],"providers":[{"billed_charge":285.00,"npi":[1811121866]}]}]},{"tin":{"type":"ein","value":"830896430"},"service_code":["10"],"billing_class":"professional","payments":[{"allowed_amount":275.00,"billing_code_modifier":[""],"providers":[{"billed_charge":275.00,"npi":[1063998102,1710262548]}]}]},{"tin":{"type":"ein","value":"831318835"},"service_code":["02"],"billing_class":"professional","payments":[{"allowed_amount":190.00,"billing_code_modifier":[""],"providers":[{"billed_charge":190.00,"npi":[1508330440,1750769030]}]}]},{"tin":{"type":"ein","value":"833738969"},"service_code":["11"],"billing_class":"professional","payments":[{"allowed_amount":275.00,"billing_code_modifier":[""],"providers":[{"billed_charge":275.00,"npi":[1275957094]}]}]},{"tin":{"type":"ein","value":"853777091"},"service_code":["02"],"billing_class":"professional","payments":[{"allowed_amount":275.00,"billing_code_modifier":[""],"providers":[{"billed_charge":275.00,"npi":[1205315892,1407442809]}]}]},{"tin":{"type":"ein","value":"871113726"},"service_code":["02"],"billing_class":"professional","payments":[{"allowed_amount":275.00,"billing_code_modifier":[""],"providers":[{"billed_charge":275.00,"npi":[1053588053]}]}]},{"tin":{"type":"ein","value":"873134337"},"service_code":["11"],"billing_class":"professional","payments":[{"allowed_amount":250.00,"billing_code_modifier":[""],"providers":[{"billed_charge":250.00,"npi":[1942841481]}]}]}]},{"name":"PSYCHOTHERAPY W\/PATIENT 60 MINUTES","billing_code_type":"CPT","billing_code_type_version":"2020","billing_code":"90837","description":"PSYCHOTHERAPY W\/PATIENT 60 MINUTES","allowed_amounts":[{"tin":{"type":"ein","value":"200000969"},"service_code":["02"],"billing_class":"professional","payments":[{"allowed_amount":400.00,"billing_code_modifier":[""],"providers":[{"billed_charge":400.00,"npi":[1538364633,1609306125]}]}]},{"tin":{"type":"ein","value":"521136447"},"service_code":["22"],"billing_class":"professional","payments":[{"allowed_amount":400.00,"billing_code_modifier":[""],"providers":[{"billed_charge":400.00,"npi":[1518054253]}]}]},{"tin":{"type":"ein","value":"850790118"},"service_code":["10","11"],"billing_class":"professional","payments":[{"allowed_amount":400.00,"billing_code_modifier":[""],"providers":[{"billed_charge":400.00,"npi":[1639703481,1942685805]}]}]}]},{"name":"SPEC CLCT FOR SARS-COV-2 COVID-19 ANY SPEC SRC","billing_code_type":"HCPCS","billing_code_type_version":"HCPCS LEVEL II 2021","billing_code":"G2023","description":"SPEC CLCT FOR SARS-COV-2 COVID-19 ANY SPEC SRC","allowed_amounts":[{"tin":{"type":"ein","value":"030511037"},"service_code":["81"],"billing_class":"professional","payments":[{"allowed_amount":70.38,"billing_code_modifier":[""],"providers":[{"billed_charge":117.00,"npi":[1790234839,1821110453]}]}]},{"tin":{"type":"ein","value":"133934292"},"service_code":["81"],"billing_class":"professional","payments":[{"allowed_amount":50.00,"billing_code_modifier":[""],"providers":[{"billed_charge":50.00,"npi":[1134316441,1215053962,1720303902,1942873484]}]}]},{"tin":{"type":"ein","value":"262904042"},"service_code":["11"],"billing_class":"professional","payments":[{"allowed_amount":70.38,"billing_code_modifier":[""],"providers":[{"billed_charge":85.00,"npi":[1669618559,1770773830]}]}]},{"tin":{"type":"ein","value":"454333998"},"service_code":["81"],"billing_class":"professional","payments":[{"allowed_amount":70.38,"billing_code_modifier":[""],"providers":[{"billed_charge":70.38,"npi":[1851726731]}]}]},{"tin":{"type":"ein","value":"462303470"},"service_code":["81"],"billing_class":"professional","payments":[{"allowed_amount":50.00,"billing_code_modifier":[""],"providers":[{"billed_charge":50.00,"npi":[1205435989,1376629030]}]}]},{"tin":{"type":"ein","value":"463342144"},"service_code":["81"],"billing_class":"professional","payments":[{"allowed_amount":50.00,"billing_code_modifier":[""],"providers":[{"billed_charge":50.00,"npi":[1053541581,1417355678]}]}]},{"tin":{"type":"ein","value":"471431584"},"service_code":["81"],"billing_class":"professional","payments":[{"allowed_amount":70.38,"billing_code_modifier":[""],"providers":[{"billed_charge":250.00,"npi":[1477590644,1568839173]}]}]},{"tin":{"type":"ein","value":"472429195"},"service_code":["81"],"billing_class":"professional","payments":[{"allowed_amount":70.38,"billing_code_modifier":[""],"providers":[{"billed_charge":150.00,"npi":[1598054710,1619357183]}]}]},{"tin":{"type":"ein","value":"474777175"},"service_code":["20","81"],"billing_class":"professional","payments":[{"allowed_amount":70.38,"billing_code_modifier":[""],"providers":[{"billed_charge":150.00,"npi":[1205410933,1497015085,1508881574,1801292925,1861845802]}]}]},{"tin":{"type":"ein","value":"812571646"},"service_code":["81"],"billing_class":"professional","payments":[{"allowed_amount":70.38,"billing_code_modifier":[""],"providers":[{"billed_charge":75.00,"npi":[1467999516,1629579826]}]}]},{"tin":{"type":"ein","value":"831136751"},"service_code":["81"],"billing_class":"professional","payments":[{"allowed_amount":50.00,"billing_code_modifier":[""],"providers":[{"billed_charge":50.00,"npi":[1023586260,1942495460]}]}]},{"tin":{"type":"ein","value":"831342609"},"service_code":["81"],"billing_class":"professional","payments":[{"allowed_amount":50.00,"billing_code_modifier":[""],"providers":[{"billed_charge":50.00,"npi":[1033301247,1053541581,1073101028,1306211081,1336191980,1356913446,1366425100,1487815387,1619106119,1760622153]}]}]},{"tin":{"type":"ein","value":"831929928"},"service_code":["11"],"billing_class":"professional","payments":[{"allowed_amount":50.00,"billing_code_modifier":[""],"providers":[{"billed_charge":50.00,"npi":[1336871607,1659675320]}]}]},{"tin":{"type":"ein","value":"851729048"},"service_code":["11"],"billing_class":"professional","payments":[{"allowed_amount":70.38,"billing_code_modifier":[""],"providers":[{"billed_charge":80.00,"npi":[1750970109,1952400715]}]}]},{"tin":{"type":"ein","value":"852364612"},"service_code":["81"],"billing_class":"professional","payments":[{"allowed_amount":70.00,"billing_code_modifier":[""],"providers":[{"billed_charge":70.00,"npi":[1740685387,1790386746]}]}]},{"tin":{"type":"ein","value":"861287804"},"service_code":["11"],"billing_class":"professional","payments":[{"allowed_amount":70.38,"billing_code_modifier":[""],"providers":[{"billed_charge":75.00,"npi":[1336191980,1952067027]}]}]},{"tin":{"type":"ein","value":"861328448"},"service_code":["11"],"billing_class":"professional","payments":[{"allowed_amount":70.38,"billing_code_modifier":[""],"providers":[{"billed_charge":150.00,"npi":[1376128090,1841671476]}]}]},{"tin":{"type":"ein","value":"874022290"},"service_code":["81"],"billing_class":"professional","payments":[{"allowed_amount":70.38,"billing_code_modifier":[""],"providers":[{"billed_charge":100.00,"npi":[1770236127,1780620997]}]}]},{"tin":{"type":"ein","value":"954776905"},"service_code":["11"],"billing_class":"professional","payments":[{"allowed_amount":70.38,"billing_code_modifier":[""],"providers":[{"billed_charge":200.00,"npi":[1205807146,1285737353]}]}]}]},{"name":"THER PX 1\/> AREAS EACH 15 MIN NEUROMUSC REEDUCA","billing_code_type":"CPT","billing_code_type_version":"2020","billing_code":"97112","description":"THER PX 1\/> AREAS EACH 15 MIN NEUROMUSC REEDUCA","allowed_amounts":[{"tin":{"type":"ein","value":"202775993"},"service_code":["11"],"billing_class":"professional","payments":[{"allowed_amount":97.00,"billing_code_modifier":[""],"providers":[{"billed_charge":97.00,"npi":[1063454577,1184021529,1720051006,1790457448,1861633695,1982293494]}]}]},{"tin":{"type":"ein","value":"274409938"},"service_code":["11"],"billing_class":"professional","payments":[{"allowed_amount":108.27,"billing_code_modifier":[""],"providers":[{"billed_charge":125.00,"npi":[1649590035,1659036457,1861440737]}]}]},{"tin":{"type":"ein","value":"274409938"},"service_code":["11"],"billing_class":"professional","payments":[{"allowed_amount":113.88,"billing_code_modifier":[""],"providers":[{"billed_charge":125.00,"npi":[1649590035,1659036457,1861440737]}]}]},{"tin":{"type":"ein","value":"453856022"},"service_code":["11"],"billing_class":"professional","payments":[{"allowed_amount":113.88,"billing_code_modifier":[""],"providers":[{"billed_charge":125.00,"npi":[1881839884]}]}]}]},{"name":"THERAPEUT ACTVITY DIRECT PT CONTACT EACH 15 MIN","billing_code_type":"CPT","billing_code_type_version":"2020","billing_code":"97530","description":"THERAPEUT ACTVITY DIRECT PT CONTACT EACH 15 MIN","allowed_amounts":[{"tin":{"type":"ein","value":"953641765"},"service_code":["11"],"billing_class":"professional","payments":[{"allowed_amount":100.00,"billing_code_modifier":[""],"providers":[{"billed_charge":100.00,"npi":[1104304971,1154098424,1730268251,1821707910,1972660579]}]}]}]},{"name":"THERAPEUTIC PX 1\/> AREAS EACH 15 MIN EXERCISES","billing_code_type":"CPT","billing_code_type_version":"2020","billing_code":"97110","description":"THERAPEUTIC PX 1\/> AREAS EACH 15 MIN EXERCISES","allowed_amounts":[{"tin":{"type":"ein","value":"133946940"},"service_code":["11"],"billing_class":"professional","payments":[{"allowed_amount":196.98,"billing_code_modifier":[""],"providers":[{"billed_charge":260.00,"npi":[1164485637,1235174228,1568701399,1699937722]}]}]},{"tin":{"type":"ein","value":"202775993"},"service_code":["11"],"billing_class":"professional","payments":[{"allowed_amount":291.00,"billing_code_modifier":[""],"providers":[{"billed_charge":291.00,"npi":[1063454577,1184021529,1720051006,1982293494]}]}]},{"tin":{"type":"ein","value":"274409938"},"service_code":["11"],"billing_class":"professional","payments":[{"allowed_amount":188.40,"billing_code_modifier":[""],"providers":[{"billed_charge":240.00,"npi":[1649590035,1659036457,1861440737]}]}]},{"tin":{"type":"ein","value":"841755130"},"service_code":["11"],"billing_class":"professional","payments":[{"allowed_amount":196.98,"billing_code_modifier":[""],"providers":[{"billed_charge":300.00,"npi":[1477103380,1952070161]}]}]},{"tin":{"type":"ein","value":"953641765"},"service_code":["11"],"billing_class":"professional","payments":[{"allowed_amount":50.00,"billing_code_modifier":[""],"providers":[{"billed_charge":50.00,"npi":[1104304971,1154098424,1730268251,1821707910,1972660579]}]}]}]}]}
