{"reporting_entity_name": "IEC Group_DBA AmeriBen",
	"reporting_entity_type": "Third Party Administrator",
	"plan_name": "ARIZONA METROPOLITAN TRUST",
	"plan_id_type": "ein",
	"plan_id": "306316739",
	"plan_market_type": "group",
	"last_updated_on": "2024-01-01","Version": "1.0.0","out_of_network":[{"name":"CHIROPRACTIC MANIPLTV TX EXTRASPINAL 1\/> REGION","billing_code_type":"CPT","billing_code_type_version":"2020","billing_code":"98943","description":"CHIROPRACTIC MANIPLTV TX EXTRASPINAL 1\/> REGION","allowed_amounts":[{"tin":{"type":"ein","value":"300393112"},"service_code":["11"],"billing_class":"professional","payments":[{"allowed_amount":34.32,"billing_code_modifier":[""],"providers":[{"billed_charge":50.00,"npi":[1518092360]}]}]},{"tin":{"type":"ein","value":"474111615"},"service_code":["11"],"billing_class":"professional","payments":[{"allowed_amount":34.32,"billing_code_modifier":[""],"providers":[{"billed_charge":68.00,"npi":[1245605583,1558728949]}]}]},{"tin":{"type":"ein","value":"760797987"},"service_code":["11"],"billing_class":"professional","payments":[{"allowed_amount":34.32,"billing_code_modifier":[""],"providers":[{"billed_charge":40.00,"npi":[1376785055,1841373701]}]}]},{"tin":{"type":"ein","value":"832619393"},"service_code":["11"],"billing_class":"professional","payments":[{"allowed_amount":34.32,"billing_code_modifier":[""],"providers":[{"billed_charge":65.00,"npi":[1114497864,1245718931]}]}]},{"tin":{"type":"ein","value":"843837543"},"service_code":["11"],"billing_class":"professional","payments":[{"allowed_amount":34.32,"billing_code_modifier":[""],"providers":[{"billed_charge":75.00,"npi":[1194351379,1548802333]}]}]},{"tin":{"type":"ein","value":"922726999"},"service_code":["11"],"billing_class":"professional","payments":[{"allowed_amount":34.32,"billing_code_modifier":[""],"providers":[{"billed_charge":58.21,"npi":[1821260423,1972675262]}]}]}]},{"name":"CHIROPRACTIC MANIPULATIVE TX SPINAL 3-4 REGIONS","billing_code_type":"CPT","billing_code_type_version":"2020","billing_code":"98941","description":"CHIROPRACTIC MANIPULATIVE TX SPINAL 3-4 REGIONS","allowed_amounts":[{"tin":{"type":"ein","value":"205581984"},"service_code":["11"],"billing_class":"professional","payments":[{"allowed_amount":57.60,"billing_code_modifier":[""],"providers":[{"billed_charge":75.00,"npi":[1750418240,1750575205]}]}]},{"tin":{"type":"ein","value":"300393112"},"service_code":["11"],"billing_class":"professional","payments":[{"allowed_amount":57.60,"billing_code_modifier":[""],"providers":[{"billed_charge":70.00,"npi":[1518092360]}]}]},{"tin":{"type":"ein","value":"832619393"},"service_code":["11"],"billing_class":"professional","payments":[{"allowed_amount":57.60,"billing_code_modifier":[""],"providers":[{"billed_charge":120.00,"npi":[1114497864,1245718931]}]}]},{"tin":{"type":"ein","value":"843837543"},"service_code":["11"],"billing_class":"professional","payments":[{"allowed_amount":57.60,"billing_code_modifier":[""],"providers":[{"billed_charge":120.00,"npi":[1194351379,1548802333]}]}]},{"tin":{"type":"ein","value":"845044322"},"service_code":["11"],"billing_class":"professional","payments":[{"allowed_amount":57.60,"billing_code_modifier":[""],"providers":[{"billed_charge":100.00,"npi":[1316919822,1952922668]}]}]},{"tin":{"type":"ein","value":"922726999"},"service_code":["11"],"billing_class":"professional","payments":[{"allowed_amount":57.60,"billing_code_modifier":[""],"providers":[{"billed_charge":86.18,"npi":[1821260423,1972675262]}]}]}]},{"name":"INJ LEVOCARNITINE PER 1 GM","billing_code_type":"HCPCS","billing_code_type_version":"HCPCS LEVEL II 2021","billing_code":"J1955","description":"INJ LEVOCARNITINE PER 1 GM","allowed_amounts":[{"tin":{"type":"ein","value":"461978352"},"service_code":["11"],"billing_class":"professional","payments":[{"allowed_amount":181.32,"billing_code_modifier":[""],"providers":[{"billed_charge":356.88,"npi":[1114364049,1740529536]}]}]}]},{"name":"OFFICE\/OUTPATIENT ESTABLISHED LOW MDM 20-29 MIN","billing_code_type":"CPT","billing_code_type_version":"2020","billing_code":"99213","description":"OFFICE\/OUTPATIENT ESTABLISHED LOW MDM 20-29 MIN","allowed_amounts":[{"tin":{"type":"ein","value":"201778316"},"service_code":["11"],"billing_class":"professional","payments":[{"allowed_amount":129.84,"billing_code_modifier":[""],"providers":[{"billed_charge":224.58,"npi":[1427095801,1700389988]}]}]},{"tin":{"type":"ein","value":"300393112"},"service_code":["11"],"billing_class":"professional","payments":[{"allowed_amount":129.84,"billing_code_modifier":[""],"providers":[{"billed_charge":150.00,"npi":[1518092360]}]}]},{"tin":{"type":"ein","value":"832619393"},"service_code":["11"],"billing_class":"professional","payments":[{"allowed_amount":129.84,"billing_code_modifier":[""],"providers":[{"billed_charge":210.00,"npi":[1114497864,1245718931]}]}]},{"tin":{"type":"ein","value":"843837543"},"service_code":["11"],"billing_class":"professional","payments":[{"allowed_amount":129.84,"billing_code_modifier":[""],"providers":[{"billed_charge":220.00,"npi":[1194351379,1548802333]}]}]},{"tin":{"type":"ein","value":"860212139"},"service_code":["22"],"billing_class":"professional","payments":[{"allowed_amount":129.84,"billing_code_modifier":[""],"providers":[{"billed_charge":230.00,"npi":[1184738049,1417394073]}]}]},{"tin":{"type":"ein","value":"860726458"},"service_code":["11"],"billing_class":"professional","payments":[{"allowed_amount":129.84,"billing_code_modifier":[""],"providers":[{"billed_charge":174.00,"npi":[1033835087,1437140589,1588654560]}]}]}]}]}
