{"reporting_entity_name": "IEC Group_DBA AmeriBen",
	"reporting_entity_type": "Third Party Administrator",
	"plan_name": "NEW BELGIUM BREWING",
	"plan_id_type": "ein",
	"plan_id": "841225570",
	"plan_market_type": "group",
	"last_updated_on": "2025-05-01","Version": "1.0.0","out_of_network":[{"name":"DRUGS UNCLASSIFIED INJECTION","billing_code_type":"HCPCS","billing_code_type_version":"HCPCS LEVEL II 2021","billing_code":"J3490","description":"DRUGS UNCLASSIFIED INJECTION","allowed_amounts":[{"tin":{"type":"ein","value":"841512383"},"service_code":["55"],"billing_class":"professional","payments":[{"allowed_amount":0.00,"billing_code_modifier":[""],"providers":[{"billed_charge":3.00,"npi":[1407888191,1487265278,1760421051,1811503766,1821552738,1992486278]}]}]}]},{"name":"ORAL PRESCRIP DRUG NON CHEMO","billing_code_type":"HCPCS","billing_code_type_version":"HCPCS LEVEL II 2021","billing_code":"J8499","description":"ORAL PRESCRIP DRUG NON CHEMO","allowed_amounts":[{"tin":{"type":"ein","value":"841512383"},"service_code":["55"],"billing_class":"professional","payments":[{"allowed_amount":0.00,"billing_code_modifier":[""],"providers":[{"billed_charge":3.00,"npi":[1407888191,1487265278,1760421051,1811503766,1821552738,1992486278]}]}]}]}]}
