{"reporting_entity_name": "IEC Group_DBA AmeriBen",
	"reporting_entity_type": "Third Party Administrator",
	"plan_name": "ROGERS",
	"plan_id_type": "ein",
	"plan_id": "581539550",
	"plan_market_type": "group",
	"last_updated_on": "2024-12-01","Version": "1.0.0","out_of_network":[{"name":"CCPD OPD\/HOME: CCPD COMP OR OTHER RATE","billing_code_type":"RC","billing_code_type_version":"UB04","billing_code":"0851","description":"CCPD OPD\/HOME: CCPD COMP OR OTHER RATE","allowed_amounts":[{"tin":{"type":"ein","value":"953372911"},"service_code":["65"],"billing_class":"institutional","payments":[{"allowed_amount":360.22,"billing_code_modifier":[""],"providers":[{"billed_charge":3543.00,"npi":[1174558753,1720538556]}]}]},{"tin":{"type":"ein","value":"953372911"},"service_code":["65"],"billing_class":"institutional","payments":[{"allowed_amount":360.57,"billing_code_modifier":[""],"providers":[{"billed_charge":3543.00,"npi":[1174558753,1720538556]}]}]}]},{"name":"PSYCHIATRIC\/PSYCHOLOGICAL SVCS: PARTIAL HOSP - INT","billing_code_type":"RC","billing_code_type_version":"UB04","billing_code":"0913","description":"PSYCHIATRIC\/PSYCHOLOGICAL SVCS: PARTIAL HOSP - INT","allowed_amounts":[{"tin":{"type":"ein","value":"882460184"},"service_code":["22"],"billing_class":"institutional","payments":[{"allowed_amount":870.00,"billing_code_modifier":[""],"providers":[{"billed_charge":3000.00,"npi":[1558510453,1730816828]}]}]}]},{"name":"RADIOLOGIC EXAM CHEST SINGLE VIEW","billing_code_type":"CPT","billing_code_type_version":"2020","billing_code":"71045","description":"RADIOLOGIC EXAM CHEST SINGLE VIEW","allowed_amounts":[{"tin":{"type":"ein","value":"853256127"},"service_code":["21","22"],"billing_class":"professional","payments":[{"allowed_amount":16.32,"billing_code_modifier":[""],"providers":[{"billed_charge":26.00,"npi":[1033228168,1326320094,1437139540,1629311451,1649411422,1932194545,1952902116]}]}]}]}]}
