{"reporting_entity_name": "IEC Group_DBA AmeriBen",
	"reporting_entity_type": "Third Party Administrator",
	"plan_name": "ISAS GROUP BENEFITS TRUST",
	"plan_id_type": "ein",
	"plan_id": "731366012",
	"plan_market_type": "group",
	"last_updated_on": "2022-08-31","Version": "1.0.0","out_of_network":[{"name":"COVID-19 LAB TEST NON-CDC HTT","billing_code_type":"HCPCS","billing_code_type_version":"HCPCS LEVEL II 2021","billing_code":"U0004","description":"COVID-19 LAB TEST NON-CDC HTT","allowed_amounts":[{"tin":{"type":"ein","value":"471926617"},"service_code":["81"],"billing_class":"professional","payments":[{"allowed_amount":75.00,"billing_code_modifier":[""],"providers":[{"billed_charge":550.00,"npi":[1063677672,1376926196]}]}]},{"tin":{"type":"ein","value":"852766187"},"service_code":["81"],"billing_class":"professional","payments":[{"allowed_amount":75.00,"billing_code_modifier":[""],"providers":[{"billed_charge":150.00,"npi":[1255946869,1306194329]}]}]},{"tin":{"type":"ein","value":"853720606"},"service_code":["81"],"billing_class":"professional","payments":[{"allowed_amount":75.00,"billing_code_modifier":[""],"providers":[{"billed_charge":150.00,"npi":[1366045932,1689004996,1841339025,1912417858]}]}]},{"tin":{"type":"ein","value":"871908536"},"service_code":["81"],"billing_class":"professional","payments":[{"allowed_amount":75.00,"billing_code_modifier":[""],"providers":[{"billed_charge":200.00,"npi":[1104216605,1447552039]}]}]}]},{"name":"ECG ROUTINE ECG W\/LEAST 12 LDS I&R ONLY","billing_code_type":"CPT","billing_code_type_version":"2020","billing_code":"93010","description":"ECG ROUTINE ECG W\/LEAST 12 LDS I&R ONLY","allowed_amounts":[{"tin":{"type":"ein","value":"200642634"},"service_code":["23"],"billing_class":"professional","payments":[{"allowed_amount":0.00,"billing_code_modifier":[""],"providers":[{"billed_charge":94.00,"npi":[1093212896,1831142769]}]}]},{"tin":{"type":"ein","value":"262847748"},"service_code":["23"],"billing_class":"professional","payments":[{"allowed_amount":0.00,"billing_code_modifier":[""],"providers":[{"billed_charge":86.00,"npi":[1376720771,1679040562]}]}]},{"tin":{"type":"ein","value":"270350159"},"service_code":["23"],"billing_class":"professional","payments":[{"allowed_amount":0.00,"billing_code_modifier":[""],"providers":[{"billed_charge":94.00,"npi":[1356592893,1548480858,1568699445,1710090329]}]}]},{"tin":{"type":"ein","value":"273816791"},"service_code":["23"],"billing_class":"professional","payments":[{"allowed_amount":0.00,"billing_code_modifier":[""],"providers":[{"billed_charge":94.00,"npi":[1568763290,1821363136]}]}]},{"tin":{"type":"ein","value":"455637445"},"service_code":["23"],"billing_class":"professional","payments":[{"allowed_amount":0.00,"billing_code_modifier":[""],"providers":[{"billed_charge":93.00,"npi":[1164770996,1194761775]}]}]},{"tin":{"type":"ein","value":"471692221"},"service_code":["23"],"billing_class":"professional","payments":[{"allowed_amount":0.00,"billing_code_modifier":[""],"providers":[{"billed_charge":108.72,"npi":[1437177029,1467852418]}]}]},{"tin":{"type":"ein","value":"472003367"},"service_code":["23"],"billing_class":"professional","payments":[{"allowed_amount":0.00,"billing_code_modifier":[""],"providers":[{"billed_charge":239.18,"npi":[1144296237,1174989404]}]}]},{"tin":{"type":"ein","value":"752737522"},"service_code":["23"],"billing_class":"professional","payments":[{"allowed_amount":0.00,"billing_code_modifier":[""],"providers":[{"billed_charge":72.00,"npi":[1376581900,1508031204]}]}]},{"tin":{"type":"ein","value":"834087816"},"service_code":["23"],"billing_class":"professional","payments":[{"allowed_amount":0.00,"billing_code_modifier":[""],"providers":[{"billed_charge":108.72,"npi":[1346302080,1407317910]}]}]},{"tin":{"type":"ein","value":"871284181"},"service_code":["23"],"billing_class":"professional","payments":[{"allowed_amount":0.00,"billing_code_modifier":[""],"providers":[{"billed_charge":108.72,"npi":[1215166277,1740859321]}]}]}]},{"name":"EMERGENCY DEPARTMENT VISIT MODERATE SEVERITY","billing_code_type":"CPT","billing_code_type_version":"2020","billing_code":"99283","description":"EMERGENCY DEPARTMENT VISIT MODERATE SEVERITY","allowed_amounts":[{"tin":{"type":"ein","value":"270350159"},"service_code":["23"],"billing_class":"professional","payments":[{"allowed_amount":111.46,"billing_code_modifier":[""],"providers":[{"billed_charge":822.00,"npi":[1114956463,1508002312,1548480858,1568699445]}]}]},{"tin":{"type":"ein","value":"272955668"},"service_code":["23"],"billing_class":"professional","payments":[{"allowed_amount":111.46,"billing_code_modifier":[""],"providers":[{"billed_charge":1437.50,"npi":[1093732620,1104867415,1851695167]}]}]},{"tin":{"type":"ein","value":"274498176"},"service_code":["23"],"billing_class":"professional","payments":[{"allowed_amount":111.46,"billing_code_modifier":[""],"providers":[{"billed_charge":900.00,"npi":[1447554191,1457572679]},{"billed_charge":1400.00,"npi":[1447554191,1457572679]}]},{"allowed_amount":111.46,"billing_code_modifier":[""],"providers":[{"billed_charge":900.00,"npi":[1447554191,1457572679]},{"billed_charge":1400.00,"npi":[1447554191,1457572679]}]}]},{"tin":{"type":"ein","value":"274498176"},"service_code":["23"],"billing_class":"professional","payments":[{"allowed_amount":111.46,"billing_code_modifier":[""],"providers":[{"billed_charge":900.00,"npi":[1447554191,1457572679]},{"billed_charge":1400.00,"npi":[1447554191,1457572679]}]},{"allowed_amount":111.46,"billing_code_modifier":[""],"providers":[{"billed_charge":900.00,"npi":[1447554191,1457572679]},{"billed_charge":1400.00,"npi":[1447554191,1457572679]}]}]},{"tin":{"type":"ein","value":"463902289"},"service_code":["23"],"billing_class":"professional","payments":[{"allowed_amount":111.46,"billing_code_modifier":[""],"providers":[{"billed_charge":486.00,"npi":[1023439114,1619989415,1730394040,1790075943,1891716601]}]}]},{"tin":{"type":"ein","value":"471692221"},"service_code":["23"],"billing_class":"professional","payments":[{"allowed_amount":111.46,"billing_code_modifier":[""],"providers":[{"billed_charge":1395.26,"npi":[1215979265,1386661908,1407846181,1437177029,1467852418]}]}]},{"tin":{"type":"ein","value":"800598244"},"service_code":["23"],"billing_class":"professional","payments":[{"allowed_amount":111.46,"billing_code_modifier":[""],"providers":[{"billed_charge":1650.00,"npi":[1134433642,1417903956]}]}]},{"tin":{"type":"ein","value":"814581950"},"service_code":["23"],"billing_class":"professional","payments":[{"allowed_amount":111.46,"billing_code_modifier":[""],"providers":[{"billed_charge":1336.04,"npi":[1487186649,1750330932]}]}]},{"tin":{"type":"ein","value":"814588386"},"service_code":["23"],"billing_class":"professional","payments":[{"allowed_amount":111.46,"billing_code_modifier":[""],"providers":[{"billed_charge":554.40,"npi":[1285178509,1922275627]}]}]},{"tin":{"type":"ein","value":"824528458"},"service_code":["23"],"billing_class":"professional","payments":[{"allowed_amount":111.46,"billing_code_modifier":[""],"providers":[{"billed_charge":2350.00,"npi":[1346225018,1407016405,1467432617,1588855282,1649772328,1699729491,1841452893,1881919793]}]}]},{"tin":{"type":"ein","value":"844964431"},"service_code":["23"],"billing_class":"professional","payments":[{"allowed_amount":111.46,"billing_code_modifier":[""],"providers":[{"billed_charge":654.40,"npi":[1194162065,1740268366,1912510710]}]}]},{"tin":{"type":"ein","value":"862559925"},"service_code":["23"],"billing_class":"professional","payments":[{"allowed_amount":111.46,"billing_code_modifier":[""],"providers":[{"billed_charge":900.00,"npi":[1801126735,1912586637]}]}]}]},{"name":"EMERGENCY ROOM","billing_code_type":"RC","billing_code_type_version":"UB04","billing_code":"0450","description":"EMERGENCY ROOM","allowed_amounts":[{"tin":{"type":"ein","value":"273017667"},"service_code":["23"],"billing_class":"institutional","payments":[{"allowed_amount":583.50,"billing_code_modifier":[""],"providers":[{"billed_charge":2100.00,"npi":[1659675882]}]}]},{"tin":{"type":"ein","value":"464084062"},"service_code":["23"],"billing_class":"institutional","payments":[{"allowed_amount":583.50,"billing_code_modifier":[""],"providers":[{"billed_charge":2265.32,"npi":[1669872610]}]}]},{"tin":{"type":"ein","value":"760431829"},"service_code":["23"],"billing_class":"institutional","payments":[{"allowed_amount":583.50,"billing_code_modifier":[""],"providers":[{"billed_charge":1437.50,"npi":[1104199017]}]}]},{"tin":{"type":"ein","value":"800598230"},"service_code":["23"],"billing_class":"institutional","payments":[{"allowed_amount":583.50,"billing_code_modifier":[""],"providers":[{"billed_charge":1900.00,"npi":[1467768770]}]}]},{"tin":{"type":"ein","value":"813460167"},"service_code":["23"],"billing_class":"institutional","payments":[{"allowed_amount":583.50,"billing_code_modifier":[""],"providers":[{"billed_charge":1784.00,"npi":[1184157034]}]}]},{"tin":{"type":"ein","value":"813556450"},"service_code":["23"],"billing_class":"institutional","payments":[{"allowed_amount":583.50,"billing_code_modifier":[""],"providers":[{"billed_charge":2100.00,"npi":[1467935866]}]}]},{"tin":{"type":"ein","value":"820736583"},"service_code":["23"],"billing_class":"institutional","payments":[{"allowed_amount":583.50,"billing_code_modifier":[""],"providers":[{"billed_charge":2490.93,"npi":[1164900239]}]}]},{"tin":{"type":"ein","value":"824529315"},"service_code":["23"],"billing_class":"institutional","payments":[{"allowed_amount":583.50,"billing_code_modifier":[""],"providers":[{"billed_charge":2350.00,"npi":[1851893531]}]}]},{"tin":{"type":"ein","value":"831705541"},"service_code":["23"],"billing_class":"institutional","payments":[{"allowed_amount":583.50,"billing_code_modifier":[""],"providers":[{"billed_charge":2725.00,"npi":[1205494101]}]}]},{"tin":{"type":"ein","value":"831886165"},"service_code":["23"],"billing_class":"institutional","payments":[{"allowed_amount":583.50,"billing_code_modifier":[""],"providers":[{"billed_charge":1784.00,"npi":[1295200202]}]}]},{"tin":{"type":"ein","value":"832804506"},"service_code":["23"],"billing_class":"institutional","payments":[{"allowed_amount":583.50,"billing_code_modifier":[""],"providers":[{"billed_charge":1485.00,"npi":[1174089866]}]}]},{"tin":{"type":"ein","value":"843505417"},"service_code":["23"],"billing_class":"institutional","payments":[{"allowed_amount":583.50,"billing_code_modifier":[""],"providers":[{"billed_charge":1485.00,"npi":[1255978722]}]}]},{"tin":{"type":"ein","value":"844983621"},"service_code":["23"],"billing_class":"institutional","payments":[{"allowed_amount":583.50,"billing_code_modifier":[""],"providers":[{"billed_charge":2073.90,"npi":[1780297598]}]}]},{"tin":{"type":"ein","value":"851978933"},"service_code":["23"],"billing_class":"institutional","payments":[{"allowed_amount":583.50,"billing_code_modifier":[""],"providers":[{"billed_charge":2100.00,"npi":[1265044333]}]}]},{"tin":{"type":"ein","value":"861380690"},"service_code":["23"],"billing_class":"institutional","payments":[{"allowed_amount":583.50,"billing_code_modifier":[""],"providers":[{"billed_charge":1684.48,"npi":[1477130276]}]}]},{"tin":{"type":"ein","value":"871558323"},"service_code":["23"],"billing_class":"institutional","payments":[{"allowed_amount":583.50,"billing_code_modifier":[""],"providers":[{"billed_charge":2725.00,"npi":[1063084820]}]}]}]},{"name":"IAAD IA SEVERE AQT RESPIR SYND CORONAVIRUS","billing_code_type":"CPT","billing_code_type_version":"2020","billing_code":"87426","description":"IAAD IA SEVERE AQT RESPIR SYND CORONAVIRUS","allowed_amounts":[{"tin":{"type":"ein","value":"475865693"},"service_code":["11"],"billing_class":"professional","payments":[{"allowed_amount":45.23,"billing_code_modifier":[""],"providers":[{"billed_charge":125.00,"npi":[1184679847]}]}]},{"tin":{"type":"ein","value":"742634443"},"service_code":["11"],"billing_class":"professional","payments":[{"allowed_amount":45.23,"billing_code_modifier":[""],"providers":[{"billed_charge":180.00,"npi":[1659424992]}]}]},{"tin":{"type":"ein","value":"821445590"},"service_code":["11"],"billing_class":"professional","payments":[{"allowed_amount":45.23,"billing_code_modifier":[""],"providers":[{"billed_charge":70.00,"npi":[1245754316,1962921445]}]}]},{"tin":{"type":"ein","value":"851055537"},"service_code":["11"],"billing_class":"professional","payments":[{"allowed_amount":45.23,"billing_code_modifier":[""],"providers":[{"billed_charge":200.00,"npi":[1528658648,1568816692,1740623032]}]}]},{"tin":{"type":"ein","value":"861545062"},"service_code":["11"],"billing_class":"professional","payments":[{"allowed_amount":45.23,"billing_code_modifier":[""],"providers":[{"billed_charge":200.00,"npi":[1346915782,1568816692]}]}]},{"tin":{"type":"ein","value":"863912320"},"service_code":["11"],"billing_class":"professional","payments":[{"allowed_amount":45.23,"billing_code_modifier":[""],"providers":[{"billed_charge":100.00,"npi":[1134890742,1255330478]}]}]}]},{"name":"INFEC AGEN DETEC AMPLI PROBE","billing_code_type":"HCPCS","billing_code_type_version":"HCPCS LEVEL II 2021","billing_code":"U0005","description":"INFEC AGEN DETEC AMPLI PROBE","allowed_amounts":[{"tin":{"type":"ein","value":"450669342"},"service_code":["81"],"billing_class":"professional","payments":[{"allowed_amount":25.00,"billing_code_modifier":[""],"providers":[{"billed_charge":25.00,"npi":[1093099558,1609000249]}]}]},{"tin":{"type":"ein","value":"464067873"},"service_code":["81"],"billing_class":"professional","payments":[{"allowed_amount":25.00,"billing_code_modifier":[""],"providers":[{"billed_charge":50.00,"npi":[1275960866,1821281734]}]}]},{"tin":{"type":"ein","value":"471926617"},"service_code":["81"],"billing_class":"professional","payments":[{"allowed_amount":25.00,"billing_code_modifier":[""],"providers":[{"billed_charge":150.00,"npi":[1063677672,1376926196]}]}]},{"tin":{"type":"ein","value":"472462178"},"service_code":["81"],"billing_class":"professional","payments":[{"allowed_amount":0.00,"billing_code_modifier":[""],"providers":[{"billed_charge":50.00,"npi":[1639311509,1962018374]}]}]},{"tin":{"type":"ein","value":"472462178"},"service_code":["81"],"billing_class":"professional","payments":[{"allowed_amount":25.00,"billing_code_modifier":[""],"providers":[{"billed_charge":50.00,"npi":[1144731605,1467854497,1639311509,1962018374]}]}]},{"tin":{"type":"ein","value":"473727159"},"service_code":["81"],"billing_class":"professional","payments":[{"allowed_amount":25.00,"billing_code_modifier":[""],"providers":[{"billed_charge":25.00,"npi":[1497120265,1528692290,1588281596,1730792805,1780249821,1912521568]}]}]},{"tin":{"type":"ein","value":"474943249"},"service_code":["81"],"billing_class":"professional","payments":[{"allowed_amount":25.00,"billing_code_modifier":[""],"providers":[{"billed_charge":75.00,"npi":[1306213756]}]}]},{"tin":{"type":"ein","value":"833210967"},"service_code":["81"],"billing_class":"professional","payments":[{"allowed_amount":25.00,"billing_code_modifier":[""],"providers":[{"billed_charge":25.00,"npi":[1417574666,1861623951]}]}]},{"tin":{"type":"ein","value":"845172222"},"service_code":["81"],"billing_class":"professional","payments":[{"allowed_amount":25.00,"billing_code_modifier":[""],"providers":[{"billed_charge":75.00,"npi":[1346769593,1659588762]}]}]},{"tin":{"type":"ein","value":"852533341"},"service_code":["81"],"billing_class":"professional","payments":[{"allowed_amount":25.00,"billing_code_modifier":[""],"providers":[{"billed_charge":30.00,"npi":[1174137368,1962020701]}]}]},{"tin":{"type":"ein","value":"852766187"},"service_code":["81"],"billing_class":"professional","payments":[{"allowed_amount":25.00,"billing_code_modifier":[""],"providers":[{"billed_charge":50.00,"npi":[1255946869,1306194329]}]}]},{"tin":{"type":"ein","value":"853138773"},"service_code":["81"],"billing_class":"professional","payments":[{"allowed_amount":25.00,"billing_code_modifier":[""],"providers":[{"billed_charge":75.00,"npi":[1417342908,1801492558]}]}]},{"tin":{"type":"ein","value":"853720606"},"service_code":["81"],"billing_class":"professional","payments":[{"allowed_amount":25.00,"billing_code_modifier":[""],"providers":[{"billed_charge":30.00,"npi":[1366045932,1689004996,1841339025,1912417858]}]}]},{"tin":{"type":"ein","value":"854322824"},"service_code":["81"],"billing_class":"professional","payments":[{"allowed_amount":25.00,"billing_code_modifier":[""],"providers":[{"billed_charge":50.00,"npi":[1245825686]}]}]},{"tin":{"type":"ein","value":"872336634"},"service_code":["81"],"billing_class":"professional","payments":[{"allowed_amount":25.00,"billing_code_modifier":[""],"providers":[{"billed_charge":50.00,"npi":[1265534465,1861162455]}]}]},{"tin":{"type":"ein","value":"880241758"},"service_code":["81"],"billing_class":"professional","payments":[{"allowed_amount":25.00,"billing_code_modifier":[""],"providers":[{"billed_charge":25.00,"npi":[1124417357,1184883993,1376633586]}]}]}]},{"name":"SARS-COV-2 COVID-19 AMP PRB HTT","billing_code_type":"HCPCS","billing_code_type_version":"HCPCS LEVEL II 2021","billing_code":"U0003","description":"SARS-COV-2 COVID-19 AMP PRB HTT","allowed_amounts":[{"tin":{"type":"ein","value":"450669342"},"service_code":["81"],"billing_class":"professional","payments":[{"allowed_amount":75.00,"billing_code_modifier":[""],"providers":[{"billed_charge":100.00,"npi":[1093099558,1609000249]}]}]},{"tin":{"type":"ein","value":"462543758"},"service_code":["81"],"billing_class":"professional","payments":[{"allowed_amount":75.00,"billing_code_modifier":[""],"providers":[{"billed_charge":187.50,"npi":[1417391533,1689633711]}]}]},{"tin":{"type":"ein","value":"464067873"},"service_code":["81"],"billing_class":"professional","payments":[{"allowed_amount":75.00,"billing_code_modifier":[""],"providers":[{"billed_charge":250.00,"npi":[1275960866,1821281734]}]}]},{"tin":{"type":"ein","value":"472462178"},"service_code":["81"],"billing_class":"professional","payments":[{"allowed_amount":125.00,"billing_code_modifier":[""],"providers":[{"billed_charge":250.00,"npi":[1144731605,1467854497,1639311509,1962018374]}]}]},{"tin":{"type":"ein","value":"473727159"},"service_code":["81"],"billing_class":"professional","payments":[{"allowed_amount":125.00,"billing_code_modifier":[""],"providers":[{"billed_charge":125.00,"npi":[1497120265,1528692290,1588281596,1730792805,1780249821,1912521568]}]}]},{"tin":{"type":"ein","value":"474943249"},"service_code":["81"],"billing_class":"professional","payments":[{"allowed_amount":75.00,"billing_code_modifier":[""],"providers":[{"billed_charge":250.00,"npi":[1306213756]}]}]},{"tin":{"type":"ein","value":"475375456"},"service_code":["81"],"billing_class":"professional","payments":[{"allowed_amount":75.00,"billing_code_modifier":[""],"providers":[{"billed_charge":105.00,"npi":[1265437925,1598138562]}]}]},{"tin":{"type":"ein","value":"821445590"},"service_code":["81"],"billing_class":"professional","payments":[{"allowed_amount":75.00,"billing_code_modifier":[""],"providers":[{"billed_charge":150.00,"npi":[1245754316,1962921445]}]}]},{"tin":{"type":"ein","value":"833210967"},"service_code":["81"],"billing_class":"professional","payments":[{"allowed_amount":75.00,"billing_code_modifier":[""],"providers":[{"billed_charge":100.00,"npi":[1417574666,1861623951]}]}]},{"tin":{"type":"ein","value":"845172222"},"service_code":["81"],"billing_class":"professional","payments":[{"allowed_amount":75.00,"billing_code_modifier":[""],"providers":[{"billed_charge":225.00,"npi":[1346769593,1659588762]}]}]},{"tin":{"type":"ein","value":"852533341"},"service_code":["81"],"billing_class":"professional","payments":[{"allowed_amount":75.00,"billing_code_modifier":[""],"providers":[{"billed_charge":100.00,"npi":[1174137368,1962020701]}]}]},{"tin":{"type":"ein","value":"853138773"},"service_code":["81"],"billing_class":"professional","payments":[{"allowed_amount":75.00,"billing_code_modifier":[""],"providers":[{"billed_charge":230.00,"npi":[1417342908,1801492558]}]}]},{"tin":{"type":"ein","value":"854322824"},"service_code":["81"],"billing_class":"professional","payments":[{"allowed_amount":75.00,"billing_code_modifier":[""],"providers":[{"billed_charge":150.00,"npi":[1245825686]}]}]},{"tin":{"type":"ein","value":"863976575"},"service_code":["11"],"billing_class":"professional","payments":[{"allowed_amount":75.00,"billing_code_modifier":[""],"providers":[{"billed_charge":199.00,"npi":[1841583192]}]}]},{"tin":{"type":"ein","value":"870957296"},"service_code":["81"],"billing_class":"professional","payments":[{"allowed_amount":75.00,"billing_code_modifier":[""],"providers":[{"billed_charge":150.00,"npi":[1750047049,1750355103]}]}]},{"tin":{"type":"ein","value":"871908536"},"service_code":["81"],"billing_class":"professional","payments":[{"allowed_amount":75.00,"billing_code_modifier":[""],"providers":[{"billed_charge":200.00,"npi":[1104216605,1447552039]}]}]},{"tin":{"type":"ein","value":"872336634"},"service_code":["81"],"billing_class":"professional","payments":[{"allowed_amount":75.00,"billing_code_modifier":[""],"providers":[{"billed_charge":150.00,"npi":[1265534465,1861162455]}]}]},{"tin":{"type":"ein","value":"880241758"},"service_code":["81"],"billing_class":"professional","payments":[{"allowed_amount":75.00,"billing_code_modifier":[""],"providers":[{"billed_charge":100.00,"npi":[1124417357,1184883993,1376633586]}]}]}]},{"name":"SPECIMEN COLLECT COVID-19","billing_code_type":"HCPCS","billing_code_type_version":"HCPCS LEVEL II 2021","billing_code":"G2023","description":"SPECIMEN COLLECT COVID-19","allowed_amounts":[{"tin":{"type":"ein","value":"450669342"},"service_code":["81"],"billing_class":"professional","payments":[{"allowed_amount":23.46,"billing_code_modifier":[""],"providers":[{"billed_charge":25.00,"npi":[1093099558,1609000249]}]}]},{"tin":{"type":"ein","value":"462543758"},"service_code":["81"],"billing_class":"professional","payments":[{"allowed_amount":23.46,"billing_code_modifier":[""],"providers":[{"billed_charge":58.65,"npi":[1417391533,1689633711]}]}]},{"tin":{"type":"ein","value":"464067873"},"service_code":["81"],"billing_class":"professional","payments":[{"allowed_amount":23.46,"billing_code_modifier":[""],"providers":[{"billed_charge":50.00,"npi":[1275960866,1821281734]}]}]},{"tin":{"type":"ein","value":"471926617"},"service_code":["81"],"billing_class":"professional","payments":[{"allowed_amount":23.46,"billing_code_modifier":[""],"providers":[{"billed_charge":120.00,"npi":[1063677672,1376926196]}]}]},{"tin":{"type":"ein","value":"474943249"},"service_code":["81"],"billing_class":"professional","payments":[{"allowed_amount":23.46,"billing_code_modifier":[""],"providers":[{"billed_charge":75.00,"npi":[1306213756]}]}]},{"tin":{"type":"ein","value":"742634443"},"service_code":["11"],"billing_class":"professional","payments":[{"allowed_amount":23.46,"billing_code_modifier":[""],"providers":[{"billed_charge":45.00,"npi":[1659424992]}]}]},{"tin":{"type":"ein","value":"810766596"},"service_code":["81"],"billing_class":"professional","payments":[{"allowed_amount":23.46,"billing_code_modifier":[""],"providers":[{"billed_charge":140.76,"npi":[1083645998,1609363951,1740623032,1902267164]}]}]},{"tin":{"type":"ein","value":"821445590"},"service_code":["11","81"],"billing_class":"professional","payments":[{"allowed_amount":23.46,"billing_code_modifier":[""],"providers":[{"billed_charge":50.00,"npi":[1245754316,1962921445]}]}]},{"tin":{"type":"ein","value":"843840568"},"service_code":["81"],"billing_class":"professional","payments":[{"allowed_amount":23.46,"billing_code_modifier":[""],"providers":[{"billed_charge":50.00,"npi":[1346841202,1992996680]}]}]},{"tin":{"type":"ein","value":"844848564"},"service_code":["11"],"billing_class":"professional","payments":[{"allowed_amount":23.46,"billing_code_modifier":[""],"providers":[{"billed_charge":150.00,"npi":[1275167801,1619501939]}]}]},{"tin":{"type":"ein","value":"853138773"},"service_code":["81"],"billing_class":"professional","payments":[{"allowed_amount":23.46,"billing_code_modifier":[""],"providers":[{"billed_charge":120.00,"npi":[1417342908,1801492558]}]}]},{"tin":{"type":"ein","value":"853720606"},"service_code":["81"],"billing_class":"professional","payments":[{"allowed_amount":23.46,"billing_code_modifier":[""],"providers":[{"billed_charge":30.00,"npi":[1366045932,1689004996,1841339025,1912417858]}]}]},{"tin":{"type":"ein","value":"854322824"},"service_code":["81"],"billing_class":"professional","payments":[{"allowed_amount":23.46,"billing_code_modifier":[""],"providers":[{"billed_charge":46.92,"npi":[1245825686]}]}]},{"tin":{"type":"ein","value":"872336634"},"service_code":["81"],"billing_class":"professional","payments":[{"allowed_amount":23.46,"billing_code_modifier":[""],"providers":[{"billed_charge":46.00,"npi":[1265534465,1861162455]}]}]}]}]}
