{"reporting_entity_name": "IEC Group_DBA AmeriBen",
	"reporting_entity_type": "Third Party Administrator",
	"plan_name": "EPISCOPAL CHURCH MEDICAL TRUST",
	"plan_id_type": "ein",
	"plan_id": "753089458",
	"plan_market_type": "group",
	"last_updated_on": "2025-07-01","Version": "1.0.0","out_of_network":[{"name":"ACUPUNCTURE 1\/> NDLS W\/ESTIM 1ST 15 MIN","billing_code_type":"CPT","billing_code_type_version":"2020","billing_code":"97813","description":"ACUPUNCTURE 1\/> NDLS W\/ESTIM 1ST 15 MIN","allowed_amounts":[{"tin":{"type":"ein","value":"822666405"},"service_code":["11"],"billing_class":"professional","payments":[{"allowed_amount":12.95,"billing_code_modifier":[""],"providers":[{"billed_charge":95.00,"npi":[1588990840,1811406325]}]}]},{"tin":{"type":"ein","value":"832016969"},"service_code":["11"],"billing_class":"professional","payments":[{"allowed_amount":12.95,"billing_code_modifier":[""],"providers":[{"billed_charge":85.00,"npi":[1164765020,1306311295]}]}]}]},{"name":"ACUPUNCTURE 1\/> NDLS W\/ESTIM EACH ADDL 15 MIN","billing_code_type":"CPT","billing_code_type_version":"2020","billing_code":"97814","description":"ACUPUNCTURE 1\/> NDLS W\/ESTIM EACH ADDL 15 MIN","allowed_amounts":[{"tin":{"type":"ein","value":"822666405"},"service_code":["11"],"billing_class":"professional","payments":[{"allowed_amount":20.86,"billing_code_modifier":[""],"providers":[{"billed_charge":120.00,"npi":[1588990840,1811406325]}]}]},{"tin":{"type":"ein","value":"832016969"},"service_code":["11"],"billing_class":"professional","payments":[{"allowed_amount":20.86,"billing_code_modifier":[""],"providers":[{"billed_charge":190.00,"npi":[1164765020,1306311295]}]}]}]},{"name":"ACUPUNCTURE 1\/> NDLS W\/O ESTIM EACH ADDL 15 MIN","billing_code_type":"CPT","billing_code_type_version":"2020","billing_code":"97811","description":"ACUPUNCTURE 1\/> NDLS W\/O ESTIM EACH ADDL 15 MIN","allowed_amounts":[{"tin":{"type":"ein","value":"462770652"},"service_code":["11"],"billing_class":"professional","payments":[{"allowed_amount":80.63,"billing_code_modifier":[""],"providers":[{"billed_charge":90.00,"npi":[1649616749]}]}]},{"tin":{"type":"ein","value":"465024302"},"service_code":["11"],"billing_class":"professional","payments":[{"allowed_amount":80.63,"billing_code_modifier":[""],"providers":[{"billed_charge":125.00,"npi":[1417373200,1700441946]}]}]},{"tin":{"type":"ein","value":"862051820"},"service_code":["11"],"billing_class":"professional","payments":[{"allowed_amount":80.63,"billing_code_modifier":[""],"providers":[{"billed_charge":100.00,"npi":[1477193290]}]}]}]},{"name":"APPL MODALITY 1\/> AREAS ELEC STIMJ UNATTENDED","billing_code_type":"CPT","billing_code_type_version":"2020","billing_code":"97014","description":"APPL MODALITY 1\/> AREAS ELEC STIMJ UNATTENDED","allowed_amounts":[{"tin":{"type":"ein","value":"134195673"},"service_code":["11"],"billing_class":"professional","payments":[{"allowed_amount":35.11,"billing_code_modifier":[""],"providers":[{"billed_charge":140.00,"npi":[1154717270,1184823247,1285322578]}]}]},{"tin":{"type":"ein","value":"200845292"},"service_code":["11"],"billing_class":"professional","payments":[{"allowed_amount":35.11,"billing_code_modifier":[""],"providers":[{"billed_charge":140.00,"npi":[1407124555]}]}]}]},{"name":"APPLICATION MODALITY 1\/> AREAS INFRARED","billing_code_type":"CPT","billing_code_type_version":"2020","billing_code":"97026","description":"APPLICATION MODALITY 1\/> AREAS INFRARED","allowed_amounts":[{"tin":{"type":"ein","value":"462770652"},"service_code":["11"],"billing_class":"professional","payments":[{"allowed_amount":18.98,"billing_code_modifier":[""],"providers":[{"billed_charge":45.00,"npi":[1649616749]}]}]},{"tin":{"type":"ein","value":"465024302"},"service_code":["11"],"billing_class":"professional","payments":[{"allowed_amount":18.98,"billing_code_modifier":[""],"providers":[{"billed_charge":60.00,"npi":[1417373200,1700441946]}]}]},{"tin":{"type":"ein","value":"824962617"},"service_code":["11"],"billing_class":"professional","payments":[{"allowed_amount":0.00,"billing_code_modifier":[""],"providers":[{"billed_charge":50.00,"npi":[1437510583]}]}]},{"tin":{"type":"ein","value":"832016969"},"service_code":["11"],"billing_class":"professional","payments":[{"allowed_amount":0.00,"billing_code_modifier":[""],"providers":[{"billed_charge":50.00,"npi":[1164765020,1306311295]}]}]},{"tin":{"type":"ein","value":"862051820"},"service_code":["11"],"billing_class":"professional","payments":[{"allowed_amount":18.98,"billing_code_modifier":[""],"providers":[{"billed_charge":30.00,"npi":[1477193290]}]}]}]},{"name":"CHIROPRACTIC MANIPULATIVE TX SPINAL 1-2 REGIONS","billing_code_type":"CPT","billing_code_type_version":"2020","billing_code":"98940","description":"CHIROPRACTIC MANIPULATIVE TX SPINAL 1-2 REGIONS","allowed_amounts":[{"tin":{"type":"ein","value":"133618749"},"service_code":["11"],"billing_class":"professional","payments":[{"allowed_amount":77.81,"billing_code_modifier":[""],"providers":[{"billed_charge":80.00,"npi":[1447377262]}]}]},{"tin":{"type":"ein","value":"134195673"},"service_code":["11"],"billing_class":"professional","payments":[{"allowed_amount":77.81,"billing_code_modifier":[""],"providers":[{"billed_charge":175.00,"npi":[1154717270,1184823247,1285322578]}]}]},{"tin":{"type":"ein","value":"475209457"},"service_code":["11"],"billing_class":"professional","payments":[{"allowed_amount":77.81,"billing_code_modifier":[""],"providers":[{"billed_charge":210.00,"npi":[1679936330,1710927876]}]}]}]},{"name":"MANUAL THERAPY TQS 1\/> REGIONS EACH 15 MINUTES","billing_code_type":"CPT","billing_code_type_version":"2020","billing_code":"97140","description":"MANUAL THERAPY TQS 1\/> REGIONS EACH 15 MINUTES","allowed_amounts":[{"tin":{"type":"ein","value":"134265917"},"service_code":["11"],"billing_class":"professional","payments":[{"allowed_amount":153.68,"billing_code_modifier":[""],"providers":[{"billed_charge":350.00,"npi":[1023614732,1417047523]}]}]},{"tin":{"type":"ein","value":"200845292"},"service_code":["11"],"billing_class":"professional","payments":[{"allowed_amount":76.84,"billing_code_modifier":[""],"providers":[{"billed_charge":175.00,"npi":[1407124555]}]}]},{"tin":{"type":"ein","value":"264058872"},"service_code":["11"],"billing_class":"professional","payments":[{"allowed_amount":58.75,"billing_code_modifier":[""],"providers":[{"billed_charge":58.75,"npi":[1265679849,1457598039,1912009358]}]}]},{"tin":{"type":"ein","value":"270242223"},"service_code":["11"],"billing_class":"professional","payments":[{"allowed_amount":76.84,"billing_code_modifier":[""],"providers":[{"billed_charge":100.00,"npi":[1174243620,1245727122,1790013282]}]}]},{"tin":{"type":"ein","value":"271900214"},"service_code":["11"],"billing_class":"professional","payments":[{"allowed_amount":63.75,"billing_code_modifier":[""],"providers":[{"billed_charge":180.00,"npi":[1881916260]}]}]},{"tin":{"type":"ein","value":"274228292"},"service_code":["11"],"billing_class":"professional","payments":[{"allowed_amount":63.75,"billing_code_modifier":[""],"providers":[{"billed_charge":70.00,"npi":[1215048731,1417253410]}]}]},{"tin":{"type":"ein","value":"421690083"},"service_code":["11"],"billing_class":"professional","payments":[{"allowed_amount":76.84,"billing_code_modifier":[""],"providers":[{"billed_charge":125.00,"npi":[1013005909,1194993519]}]}]},{"tin":{"type":"ein","value":"463405338"},"service_code":["11"],"billing_class":"professional","payments":[{"allowed_amount":76.84,"billing_code_modifier":[""],"providers":[{"billed_charge":150.00,"npi":[1093141533,1285961177]}]}]},{"tin":{"type":"ein","value":"465467079"},"service_code":["11"],"billing_class":"professional","payments":[{"allowed_amount":63.75,"billing_code_modifier":[""],"providers":[{"billed_charge":90.00,"npi":[1104472752,1508948712,1629676184,1699917492,1871645192]}]}]},{"tin":{"type":"ein","value":"471865171"},"service_code":["11"],"billing_class":"professional","payments":[{"allowed_amount":73.06,"billing_code_modifier":[""],"providers":[{"billed_charge":330.00,"npi":[1225431208,1588374722]}]}]},{"tin":{"type":"ein","value":"473186564"},"service_code":["11"],"billing_class":"professional","payments":[{"allowed_amount":76.84,"billing_code_modifier":[""],"providers":[{"billed_charge":150.00,"npi":[1336756758,1518639277]}]}]},{"tin":{"type":"ein","value":"473602775"},"service_code":["11"],"billing_class":"professional","payments":[{"allowed_amount":153.68,"billing_code_modifier":[""],"providers":[{"billed_charge":250.00,"npi":[1174260327,1457746505]}]}]},{"tin":{"type":"ein","value":"820612983"},"service_code":["11"],"billing_class":"professional","payments":[{"allowed_amount":76.84,"billing_code_modifier":[""],"providers":[{"billed_charge":80.00,"npi":[1215477492,1821498742,1962028506]}]}]},{"tin":{"type":"ein","value":"842926099"},"service_code":["11"],"billing_class":"professional","payments":[{"allowed_amount":153.68,"billing_code_modifier":[""],"providers":[{"billed_charge":350.00,"npi":[1831564640,1922643683]}]}]},{"tin":{"type":"ein","value":"852570286"},"service_code":["11"],"billing_class":"professional","payments":[{"allowed_amount":76.84,"billing_code_modifier":[""],"providers":[{"billed_charge":110.00,"npi":[1427071778,1649053307,1689343063]}]}]},{"tin":{"type":"ein","value":"863386288"},"service_code":["11"],"billing_class":"professional","payments":[{"allowed_amount":76.84,"billing_code_modifier":[""],"providers":[{"billed_charge":170.00,"npi":[1275072431,1841874500]}]}]},{"tin":{"type":"ein","value":"921502849"},"service_code":["11"],"billing_class":"professional","payments":[{"allowed_amount":76.84,"billing_code_modifier":[""],"providers":[{"billed_charge":199.20,"npi":[1427693431,1740032564]}]}]},{"tin":{"type":"ein","value":"921502849"},"service_code":["11"],"billing_class":"professional","payments":[{"allowed_amount":153.68,"billing_code_modifier":[""],"providers":[{"billed_charge":398.40,"npi":[1427693431,1740032564]}]}]},{"tin":{"type":"ein","value":"994042249"},"service_code":["11"],"billing_class":"professional","payments":[{"allowed_amount":76.84,"billing_code_modifier":[""],"providers":[{"billed_charge":200.00,"npi":[1689184251,1891523908]}]}]}]},{"name":"RESIDENTIAL TREATMENT-CHEMICAL DEPENDENCY","billing_code_type":"RC","billing_code_type_version":"UB04","billing_code":"1002","description":"RESIDENTIAL TREATMENT-CHEMICAL DEPENDENCY","allowed_amounts":[{"tin":{"type":"ein","value":"861558263"},"service_code":["21"],"billing_class":"institutional","payments":[{"allowed_amount":2612.50,"billing_code_modifier":[""],"providers":[{"billed_charge":5225.00,"npi":[1023360542,1548049687]}]}]}]},{"name":"RESIDENTIAL TREATMENT-PSYCHIATRIC","billing_code_type":"RC","billing_code_type_version":"UB04","billing_code":"1001","description":"RESIDENTIAL TREATMENT-PSYCHIATRIC","allowed_amounts":[{"tin":{"type":"ein","value":"821140375"},"service_code":["21"],"billing_class":"institutional","payments":[{"allowed_amount":1760.40,"billing_code_modifier":[""],"providers":[{"billed_charge":4550.00,"npi":[1619076205,1730843293]}]}]}]},{"name":"THER PX 1\/> AREAS EACH 15 MIN NEUROMUSC REEDUCA","billing_code_type":"CPT","billing_code_type_version":"2020","billing_code":"97112","description":"THER PX 1\/> AREAS EACH 15 MIN NEUROMUSC REEDUCA","allowed_amounts":[{"tin":{"type":"ein","value":"264058872"},"service_code":["11"],"billing_class":"professional","payments":[{"allowed_amount":58.75,"billing_code_modifier":[""],"providers":[{"billed_charge":58.75,"npi":[1265679849,1457598039,1912009358]}]}]},{"tin":{"type":"ein","value":"270242223"},"service_code":["11"],"billing_class":"professional","payments":[{"allowed_amount":95.82,"billing_code_modifier":[""],"providers":[{"billed_charge":100.00,"npi":[1174243620,1245727122,1790013282]}]}]},{"tin":{"type":"ein","value":"272842757"},"service_code":["11"],"billing_class":"professional","payments":[{"allowed_amount":26.47,"billing_code_modifier":[""],"providers":[{"billed_charge":200.00,"npi":[1205091964,1417295171]}]}]},{"tin":{"type":"ein","value":"421690083"},"service_code":["11"],"billing_class":"professional","payments":[{"allowed_amount":95.82,"billing_code_modifier":[""],"providers":[{"billed_charge":150.00,"npi":[1013005909,1194993519]}]}]},{"tin":{"type":"ein","value":"463405338"},"service_code":["11"],"billing_class":"professional","payments":[{"allowed_amount":95.82,"billing_code_modifier":[""],"providers":[{"billed_charge":150.00,"npi":[1093141533,1285961177]}]}]},{"tin":{"type":"ein","value":"465024302"},"service_code":["11"],"billing_class":"professional","payments":[{"allowed_amount":95.82,"billing_code_modifier":[""],"providers":[{"billed_charge":150.00,"npi":[1154355766,1417373200]}]}]},{"tin":{"type":"ein","value":"465467079"},"service_code":["11"],"billing_class":"professional","payments":[{"allowed_amount":0.00,"billing_code_modifier":[""],"providers":[{"billed_charge":45.00,"npi":[1104472752,1508948712,1629676184,1699917492,1871645192]}]}]},{"tin":{"type":"ein","value":"471865171"},"service_code":["11"],"billing_class":"professional","payments":[{"allowed_amount":43.03,"billing_code_modifier":[""],"providers":[{"billed_charge":195.00,"npi":[1225431208,1588374722]}]}]},{"tin":{"type":"ein","value":"473186564"},"service_code":["11"],"billing_class":"professional","payments":[{"allowed_amount":95.82,"billing_code_modifier":[""],"providers":[{"billed_charge":150.00,"npi":[1336756758,1518639277]}]}]},{"tin":{"type":"ein","value":"473602775"},"service_code":["11"],"billing_class":"professional","payments":[{"allowed_amount":95.82,"billing_code_modifier":[""],"providers":[{"billed_charge":125.00,"npi":[1174260327,1457746505]}]}]},{"tin":{"type":"ein","value":"820612983"},"service_code":["11"],"billing_class":"professional","payments":[{"allowed_amount":95.00,"billing_code_modifier":[""],"providers":[{"billed_charge":95.00,"npi":[1215477492,1821498742,1962028506]}]}]},{"tin":{"type":"ein","value":"842926099"},"service_code":["11"],"billing_class":"professional","payments":[{"allowed_amount":95.82,"billing_code_modifier":[""],"providers":[{"billed_charge":195.00,"npi":[1831564640,1922643683]}]}]},{"tin":{"type":"ein","value":"863386288"},"service_code":["11"],"billing_class":"professional","payments":[{"allowed_amount":95.82,"billing_code_modifier":[""],"providers":[{"billed_charge":150.00,"npi":[1275072431,1841874500]}]}]},{"tin":{"type":"ein","value":"994042249"},"service_code":["11"],"billing_class":"professional","payments":[{"allowed_amount":95.82,"billing_code_modifier":[""],"providers":[{"billed_charge":151.00,"npi":[1689184251,1891523908]}]}]}]},{"name":"THERAPEUT ACTVITY DIRECT PT CONTACT EACH 15 MIN","billing_code_type":"CPT","billing_code_type_version":"2020","billing_code":"97530","description":"THERAPEUT ACTVITY DIRECT PT CONTACT EACH 15 MIN","allowed_amounts":[{"tin":{"type":"ein","value":"264058872"},"service_code":["11"],"billing_class":"professional","payments":[{"allowed_amount":58.75,"billing_code_modifier":[""],"providers":[{"billed_charge":58.75,"npi":[1265679849,1457598039,1912009358]}]}]},{"tin":{"type":"ein","value":"272842757"},"service_code":["11"],"billing_class":"professional","payments":[{"allowed_amount":29.16,"billing_code_modifier":[""],"providers":[{"billed_charge":200.00,"npi":[1205091964,1417295171]}]}]},{"tin":{"type":"ein","value":"272842757"},"service_code":["11"],"billing_class":"professional","payments":[{"allowed_amount":58.32,"billing_code_modifier":[""],"providers":[{"billed_charge":200.00,"npi":[1205091964,1417295171]},{"billed_charge":400.00,"npi":[1205091964,1417295171]}]},{"allowed_amount":58.32,"billing_code_modifier":[""],"providers":[{"billed_charge":200.00,"npi":[1205091964,1417295171]},{"billed_charge":400.00,"npi":[1205091964,1417295171]}]}]},{"tin":{"type":"ein","value":"272842757"},"service_code":["11"],"billing_class":"professional","payments":[{"allowed_amount":58.32,"billing_code_modifier":[""],"providers":[{"billed_charge":200.00,"npi":[1205091964,1417295171]},{"billed_charge":400.00,"npi":[1205091964,1417295171]}]},{"allowed_amount":58.32,"billing_code_modifier":[""],"providers":[{"billed_charge":200.00,"npi":[1205091964,1417295171]},{"billed_charge":400.00,"npi":[1205091964,1417295171]}]}]},{"tin":{"type":"ein","value":"452838188"},"service_code":["11"],"billing_class":"professional","payments":[{"allowed_amount":104.37,"billing_code_modifier":[""],"providers":[{"billed_charge":150.00,"npi":[1285985754,1518161702]}]}]},{"tin":{"type":"ein","value":"465024302"},"service_code":["11"],"billing_class":"professional","payments":[{"allowed_amount":104.37,"billing_code_modifier":[""],"providers":[{"billed_charge":150.00,"npi":[1154355766,1417373200]}]}]},{"tin":{"type":"ein","value":"473186564"},"service_code":["11"],"billing_class":"professional","payments":[{"allowed_amount":208.74,"billing_code_modifier":[""],"providers":[{"billed_charge":320.00,"npi":[1336756758,1518639277]}]}]},{"tin":{"type":"ein","value":"820612983"},"service_code":["11"],"billing_class":"professional","payments":[{"allowed_amount":85.00,"billing_code_modifier":[""],"providers":[{"billed_charge":85.00,"npi":[1215477492,1821498742,1962028506]}]}]},{"tin":{"type":"ein","value":"842926099"},"service_code":["11"],"billing_class":"professional","payments":[{"allowed_amount":104.37,"billing_code_modifier":[""],"providers":[{"billed_charge":195.00,"npi":[1831564640,1922643683]}]}]},{"tin":{"type":"ein","value":"842926099"},"service_code":["11"],"billing_class":"professional","payments":[{"allowed_amount":208.74,"billing_code_modifier":[""],"providers":[{"billed_charge":390.00,"npi":[1831564640,1922643683]}]}]}]},{"name":"THERAPEUTIC PX 1\/> AREAS EACH 15 MIN EXERCISES","billing_code_type":"CPT","billing_code_type_version":"2020","billing_code":"97110","description":"THERAPEUTIC PX 1\/> AREAS EACH 15 MIN EXERCISES","allowed_amounts":[{"tin":{"type":"ein","value":"061655704"},"service_code":["11"],"billing_class":"professional","payments":[{"allowed_amount":83.48,"billing_code_modifier":[""],"providers":[{"billed_charge":375.00,"npi":[1003227554,1235686619,1770540593]}]}]},{"tin":{"type":"ein","value":"134195673"},"service_code":["11"],"billing_class":"professional","payments":[{"allowed_amount":83.48,"billing_code_modifier":[""],"providers":[{"billed_charge":175.00,"npi":[1154717270,1184823247,1285322578]}]}]},{"tin":{"type":"ein","value":"200845292"},"service_code":["11"],"billing_class":"professional","payments":[{"allowed_amount":83.48,"billing_code_modifier":[""],"providers":[{"billed_charge":175.00,"npi":[1407124555]}]}]},{"tin":{"type":"ein","value":"264058872"},"service_code":["11"],"billing_class":"professional","payments":[{"allowed_amount":58.75,"billing_code_modifier":[""],"providers":[{"billed_charge":58.75,"npi":[1265679849,1457598039,1912009358]}]}]},{"tin":{"type":"ein","value":"270242223"},"service_code":["11"],"billing_class":"professional","payments":[{"allowed_amount":83.48,"billing_code_modifier":[""],"providers":[{"billed_charge":100.00,"npi":[1174243620,1245727122,1790013282]}]}]},{"tin":{"type":"ein","value":"272842757"},"service_code":["11"],"billing_class":"professional","payments":[{"allowed_amount":23.24,"billing_code_modifier":[""],"providers":[{"billed_charge":150.00,"npi":[1205091964,1417295171]}]}]},{"tin":{"type":"ein","value":"272842757"},"service_code":["11"],"billing_class":"professional","payments":[{"allowed_amount":46.48,"billing_code_modifier":[""],"providers":[{"billed_charge":150.00,"npi":[1205091964,1417295171]},{"billed_charge":300.00,"npi":[1205091964,1417295171]}]},{"allowed_amount":46.48,"billing_code_modifier":[""],"providers":[{"billed_charge":150.00,"npi":[1205091964,1417295171]},{"billed_charge":300.00,"npi":[1205091964,1417295171]}]}]},{"tin":{"type":"ein","value":"272842757"},"service_code":["11"],"billing_class":"professional","payments":[{"allowed_amount":46.48,"billing_code_modifier":[""],"providers":[{"billed_charge":150.00,"npi":[1205091964,1417295171]},{"billed_charge":300.00,"npi":[1205091964,1417295171]}]},{"allowed_amount":46.48,"billing_code_modifier":[""],"providers":[{"billed_charge":150.00,"npi":[1205091964,1417295171]},{"billed_charge":300.00,"npi":[1205091964,1417295171]}]}]},{"tin":{"type":"ein","value":"421690083"},"service_code":["11"],"billing_class":"professional","payments":[{"allowed_amount":166.96,"billing_code_modifier":[""],"providers":[{"billed_charge":300.00,"npi":[1013005909,1194993519]}]}]},{"tin":{"type":"ein","value":"452838188"},"service_code":["11"],"billing_class":"professional","payments":[{"allowed_amount":166.96,"billing_code_modifier":[""],"providers":[{"billed_charge":300.00,"npi":[1285985754,1518161702]}]}]},{"tin":{"type":"ein","value":"463405338"},"service_code":["11"],"billing_class":"professional","payments":[{"allowed_amount":166.96,"billing_code_modifier":[""],"providers":[{"billed_charge":300.00,"npi":[1093141533,1285961177]}]}]},{"tin":{"type":"ein","value":"465467079"},"service_code":["11"],"billing_class":"professional","payments":[{"allowed_amount":0.00,"billing_code_modifier":[""],"providers":[{"billed_charge":40.00,"npi":[1104472752,1508948712,1629676184,1699917492,1871645192]},{"billed_charge":80.00,"npi":[1104472752,1629676184,1699917492]}]},{"allowed_amount":0.00,"billing_code_modifier":[""],"providers":[{"billed_charge":40.00,"npi":[1104472752,1508948712,1629676184,1699917492,1871645192]},{"billed_charge":80.00,"npi":[1104472752,1629676184,1699917492]}]}]},{"tin":{"type":"ein","value":"465467079"},"service_code":["11"],"billing_class":"professional","payments":[{"allowed_amount":0.00,"billing_code_modifier":[""],"providers":[{"billed_charge":40.00,"npi":[1104472752,1508948712,1629676184,1699917492,1871645192]},{"billed_charge":80.00,"npi":[1104472752,1629676184,1699917492]}]},{"allowed_amount":0.00,"billing_code_modifier":[""],"providers":[{"billed_charge":40.00,"npi":[1104472752,1508948712,1629676184,1699917492,1871645192]},{"billed_charge":80.00,"npi":[1104472752,1629676184,1699917492]}]}]},{"tin":{"type":"ein","value":"471865171"},"service_code":["11"],"billing_class":"professional","payments":[{"allowed_amount":38.71,"billing_code_modifier":[""],"providers":[{"billed_charge":193.00,"npi":[1225431208,1588374722]}]}]},{"tin":{"type":"ein","value":"473186564"},"service_code":["11"],"billing_class":"professional","payments":[{"allowed_amount":166.96,"billing_code_modifier":[""],"providers":[{"billed_charge":300.00,"npi":[1336756758,1518639277]}]}]},{"tin":{"type":"ein","value":"473602775"},"service_code":["11"],"billing_class":"professional","payments":[{"allowed_amount":83.48,"billing_code_modifier":[""],"providers":[{"billed_charge":125.00,"npi":[1174260327,1457746505]}]}]},{"tin":{"type":"ein","value":"475209457"},"service_code":["11"],"billing_class":"professional","payments":[{"allowed_amount":83.48,"billing_code_modifier":[""],"providers":[{"billed_charge":105.00,"npi":[1679936330,1710927876]}]}]},{"tin":{"type":"ein","value":"820612983"},"service_code":["11"],"billing_class":"professional","payments":[{"allowed_amount":83.48,"billing_code_modifier":[""],"providers":[{"billed_charge":95.00,"npi":[1215477492,1821498742,1962028506]}]}]},{"tin":{"type":"ein","value":"852570286"},"service_code":["11"],"billing_class":"professional","payments":[{"allowed_amount":166.96,"billing_code_modifier":[""],"providers":[{"billed_charge":220.00,"npi":[1427071778,1649053307,1689343063]}]}]},{"tin":{"type":"ein","value":"861103011"},"service_code":["11"],"billing_class":"professional","payments":[{"allowed_amount":0.00,"billing_code_modifier":[""],"providers":[{"billed_charge":56.00,"npi":[1053320325,1497507073,1942671904]}]}]},{"tin":{"type":"ein","value":"862051820"},"service_code":["11"],"billing_class":"professional","payments":[{"allowed_amount":83.48,"billing_code_modifier":[""],"providers":[{"billed_charge":100.00,"npi":[1477193290]}]}]},{"tin":{"type":"ein","value":"921502849"},"service_code":["11"],"billing_class":"professional","payments":[{"allowed_amount":83.48,"billing_code_modifier":[""],"providers":[{"billed_charge":182.40,"npi":[1427693431,1740032564]}]}]},{"tin":{"type":"ein","value":"921502849"},"service_code":["11"],"billing_class":"professional","payments":[{"allowed_amount":166.96,"billing_code_modifier":[""],"providers":[{"billed_charge":364.80,"npi":[1427693431,1740032564]}]}]},{"tin":{"type":"ein","value":"994042249"},"service_code":["11"],"billing_class":"professional","payments":[{"allowed_amount":83.48,"billing_code_modifier":[""],"providers":[{"billed_charge":200.00,"npi":[1689184251,1891523908]}]}]},{"tin":{"type":"ein","value":"994042249"},"service_code":["11"],"billing_class":"professional","payments":[{"allowed_amount":166.96,"billing_code_modifier":[""],"providers":[{"billed_charge":400.00,"npi":[1689184251,1891523908]}]}]}]},{"name":"US COMPL JOINT R-T W\/IMAGE DOCUMENTATION","billing_code_type":"CPT","billing_code_type_version":"2020","billing_code":"76881","description":"US COMPL JOINT R-T W\/IMAGE DOCUMENTATION","allowed_amounts":[{"tin":{"type":"ein","value":"465024302"},"service_code":["11"],"billing_class":"professional","payments":[{"allowed_amount":152.73,"billing_code_modifier":[""],"providers":[{"billed_charge":400.00,"npi":[1154355766,1417373200]}]}]},{"tin":{"type":"ein","value":"465304642"},"service_code":["11"],"billing_class":"professional","payments":[{"allowed_amount":152.73,"billing_code_modifier":[""],"providers":[{"billed_charge":400.00,"npi":[1154355766,1376094391,1558472233]}]}]}]}]}
