{"reporting_entity_name": "IEC Group_DBA AmeriBen",
	"reporting_entity_type": "Third Party Administrator",
	"plan_name": "URSCHEL LABORATORIES INC",
	"plan_id_type": "ein",
	"plan_id": "350726105",
	"plan_market_type": "group",
	"last_updated_on": "2024-10-01","Version": "1.0.0","out_of_network":[{"name":"CHIROPRACTIC MANIPULATIVE TX SPINAL 3-4 REGIONS","billing_code_type":"CPT","billing_code_type_version":"2020","billing_code":"98941","description":"CHIROPRACTIC MANIPULATIVE TX SPINAL 3-4 REGIONS","allowed_amounts":[{"tin":{"type":"ein","value":"475274061"},"service_code":["11"],"billing_class":"professional","payments":[{"allowed_amount":26.96,"billing_code_modifier":[""],"providers":[{"billed_charge":211.00,"npi":[1255703989,1538113410]}]}]},{"tin":{"type":"ein","value":"650088713"},"service_code":["11"],"billing_class":"professional","payments":[{"allowed_amount":26.96,"billing_code_modifier":[""],"providers":[{"billed_charge":109.00,"npi":[1053530550,1437347176]}]}]},{"tin":{"type":"ein","value":"812431199"},"service_code":["11"],"billing_class":"professional","payments":[{"allowed_amount":26.96,"billing_code_modifier":[""],"providers":[{"billed_charge":95.00,"npi":[1659726388,1922238492]}]}]}]},{"name":"HIT TPN 2 LITER DIEM","billing_code_type":"HCPCS","billing_code_type_version":"HCPCS LEVEL II 2021","billing_code":"S9366","description":"HIT TPN 2 LITER DIEM","allowed_amounts":[{"tin":{"type":"ein","value":"562554975"},"service_code":["12"],"billing_class":"professional","payments":[{"allowed_amount":0.00,"billing_code_modifier":[""],"providers":[{"billed_charge":844.80,"npi":[1821060286,1841372638]},{"billed_charge":965.48,"npi":[1821060286,1841372638]},{"billed_charge":965.52,"npi":[1821060286,1841372638]},{"billed_charge":5913.60,"npi":[1821060286,1841372638]}]},{"allowed_amount":0.00,"billing_code_modifier":[""],"providers":[{"billed_charge":844.80,"npi":[1821060286,1841372638]},{"billed_charge":965.48,"npi":[1821060286,1841372638]},{"billed_charge":965.52,"npi":[1821060286,1841372638]},{"billed_charge":5913.60,"npi":[1821060286,1841372638]}]},{"allowed_amount":0.00,"billing_code_modifier":[""],"providers":[{"billed_charge":844.80,"npi":[1821060286,1841372638]},{"billed_charge":965.48,"npi":[1821060286,1841372638]},{"billed_charge":965.52,"npi":[1821060286,1841372638]},{"billed_charge":5913.60,"npi":[1821060286,1841372638]}]},{"allowed_amount":0.00,"billing_code_modifier":[""],"providers":[{"billed_charge":844.80,"npi":[1821060286,1841372638]},{"billed_charge":965.48,"npi":[1821060286,1841372638]},{"billed_charge":965.52,"npi":[1821060286,1841372638]},{"billed_charge":5913.60,"npi":[1821060286,1841372638]}]}]},{"tin":{"type":"ein","value":"562554975"},"service_code":["12"],"billing_class":"professional","payments":[{"allowed_amount":0.00,"billing_code_modifier":[""],"providers":[{"billed_charge":844.80,"npi":[1821060286,1841372638]},{"billed_charge":965.48,"npi":[1821060286,1841372638]},{"billed_charge":965.52,"npi":[1821060286,1841372638]},{"billed_charge":5913.60,"npi":[1821060286,1841372638]}]},{"allowed_amount":0.00,"billing_code_modifier":[""],"providers":[{"billed_charge":844.80,"npi":[1821060286,1841372638]},{"billed_charge":965.48,"npi":[1821060286,1841372638]},{"billed_charge":965.52,"npi":[1821060286,1841372638]},{"billed_charge":5913.60,"npi":[1821060286,1841372638]}]},{"allowed_amount":0.00,"billing_code_modifier":[""],"providers":[{"billed_charge":844.80,"npi":[1821060286,1841372638]},{"billed_charge":965.48,"npi":[1821060286,1841372638]},{"billed_charge":965.52,"npi":[1821060286,1841372638]},{"billed_charge":5913.60,"npi":[1821060286,1841372638]}]},{"allowed_amount":0.00,"billing_code_modifier":[""],"providers":[{"billed_charge":844.80,"npi":[1821060286,1841372638]},{"billed_charge":965.48,"npi":[1821060286,1841372638]},{"billed_charge":965.52,"npi":[1821060286,1841372638]},{"billed_charge":5913.60,"npi":[1821060286,1841372638]}]}]},{"tin":{"type":"ein","value":"562554975"},"service_code":["12"],"billing_class":"professional","payments":[{"allowed_amount":0.00,"billing_code_modifier":[""],"providers":[{"billed_charge":844.80,"npi":[1821060286,1841372638]},{"billed_charge":965.48,"npi":[1821060286,1841372638]},{"billed_charge":965.52,"npi":[1821060286,1841372638]},{"billed_charge":5913.60,"npi":[1821060286,1841372638]}]},{"allowed_amount":0.00,"billing_code_modifier":[""],"providers":[{"billed_charge":844.80,"npi":[1821060286,1841372638]},{"billed_charge":965.48,"npi":[1821060286,1841372638]},{"billed_charge":965.52,"npi":[1821060286,1841372638]},{"billed_charge":5913.60,"npi":[1821060286,1841372638]}]},{"allowed_amount":0.00,"billing_code_modifier":[""],"providers":[{"billed_charge":844.80,"npi":[1821060286,1841372638]},{"billed_charge":965.48,"npi":[1821060286,1841372638]},{"billed_charge":965.52,"npi":[1821060286,1841372638]},{"billed_charge":5913.60,"npi":[1821060286,1841372638]}]},{"allowed_amount":0.00,"billing_code_modifier":[""],"providers":[{"billed_charge":844.80,"npi":[1821060286,1841372638]},{"billed_charge":965.48,"npi":[1821060286,1841372638]},{"billed_charge":965.52,"npi":[1821060286,1841372638]},{"billed_charge":5913.60,"npi":[1821060286,1841372638]}]}]},{"tin":{"type":"ein","value":"562554975"},"service_code":["12"],"billing_class":"professional","payments":[{"allowed_amount":0.00,"billing_code_modifier":[""],"providers":[{"billed_charge":844.80,"npi":[1821060286,1841372638]},{"billed_charge":965.48,"npi":[1821060286,1841372638]},{"billed_charge":965.52,"npi":[1821060286,1841372638]},{"billed_charge":5913.60,"npi":[1821060286,1841372638]}]},{"allowed_amount":0.00,"billing_code_modifier":[""],"providers":[{"billed_charge":844.80,"npi":[1821060286,1841372638]},{"billed_charge":965.48,"npi":[1821060286,1841372638]},{"billed_charge":965.52,"npi":[1821060286,1841372638]},{"billed_charge":5913.60,"npi":[1821060286,1841372638]}]},{"allowed_amount":0.00,"billing_code_modifier":[""],"providers":[{"billed_charge":844.80,"npi":[1821060286,1841372638]},{"billed_charge":965.48,"npi":[1821060286,1841372638]},{"billed_charge":965.52,"npi":[1821060286,1841372638]},{"billed_charge":5913.60,"npi":[1821060286,1841372638]}]},{"allowed_amount":0.00,"billing_code_modifier":[""],"providers":[{"billed_charge":844.80,"npi":[1821060286,1841372638]},{"billed_charge":965.48,"npi":[1821060286,1841372638]},{"billed_charge":965.52,"npi":[1821060286,1841372638]},{"billed_charge":5913.60,"npi":[1821060286,1841372638]}]}]}]},{"name":"PN SOLN NOS 10 GRAMS LIPIDS","billing_code_type":"HCPCS","billing_code_type_version":"HCPCS LEVEL II 2021","billing_code":"B4185","description":"PN SOLN NOS 10 GRAMS LIPIDS","allowed_amounts":[{"tin":{"type":"ein","value":"562554975"},"service_code":["12"],"billing_class":"professional","payments":[{"allowed_amount":24.36,"billing_code_modifier":[""],"providers":[{"billed_charge":332.12,"npi":[1821060286,1841372638]},{"billed_charge":332.15,"npi":[1821060286,1841372638]},{"billed_charge":332.16,"npi":[1821060286,1841372638]}]},{"allowed_amount":24.36,"billing_code_modifier":[""],"providers":[{"billed_charge":332.12,"npi":[1821060286,1841372638]},{"billed_charge":332.15,"npi":[1821060286,1841372638]},{"billed_charge":332.16,"npi":[1821060286,1841372638]}]},{"allowed_amount":24.36,"billing_code_modifier":[""],"providers":[{"billed_charge":332.12,"npi":[1821060286,1841372638]},{"billed_charge":332.15,"npi":[1821060286,1841372638]},{"billed_charge":332.16,"npi":[1821060286,1841372638]}]}]},{"tin":{"type":"ein","value":"562554975"},"service_code":["12"],"billing_class":"professional","payments":[{"allowed_amount":24.36,"billing_code_modifier":[""],"providers":[{"billed_charge":332.12,"npi":[1821060286,1841372638]},{"billed_charge":332.15,"npi":[1821060286,1841372638]},{"billed_charge":332.16,"npi":[1821060286,1841372638]}]},{"allowed_amount":24.36,"billing_code_modifier":[""],"providers":[{"billed_charge":332.12,"npi":[1821060286,1841372638]},{"billed_charge":332.15,"npi":[1821060286,1841372638]},{"billed_charge":332.16,"npi":[1821060286,1841372638]}]},{"allowed_amount":24.36,"billing_code_modifier":[""],"providers":[{"billed_charge":332.12,"npi":[1821060286,1841372638]},{"billed_charge":332.15,"npi":[1821060286,1841372638]},{"billed_charge":332.16,"npi":[1821060286,1841372638]}]}]},{"tin":{"type":"ein","value":"562554975"},"service_code":["12"],"billing_class":"professional","payments":[{"allowed_amount":24.36,"billing_code_modifier":[""],"providers":[{"billed_charge":332.12,"npi":[1821060286,1841372638]},{"billed_charge":332.15,"npi":[1821060286,1841372638]},{"billed_charge":332.16,"npi":[1821060286,1841372638]}]},{"allowed_amount":24.36,"billing_code_modifier":[""],"providers":[{"billed_charge":332.12,"npi":[1821060286,1841372638]},{"billed_charge":332.15,"npi":[1821060286,1841372638]},{"billed_charge":332.16,"npi":[1821060286,1841372638]}]},{"allowed_amount":24.36,"billing_code_modifier":[""],"providers":[{"billed_charge":332.12,"npi":[1821060286,1841372638]},{"billed_charge":332.15,"npi":[1821060286,1841372638]},{"billed_charge":332.16,"npi":[1821060286,1841372638]}]}]}]},{"name":"PSYCHIATRIC\/PSYCHOLOGICAL SVCS: PARTIAL HOSP - INT","billing_code_type":"RC","billing_code_type_version":"UB04","billing_code":"0913","description":"PSYCHIATRIC\/PSYCHOLOGICAL SVCS: PARTIAL HOSP - INT","allowed_amounts":[{"tin":{"type":"ein","value":"474102611"},"service_code":["22"],"billing_class":"institutional","payments":[{"allowed_amount":173.67,"billing_code_modifier":[""],"providers":[{"billed_charge":2990.00,"npi":[1679952345]}]}]}]},{"name":"RESIDENTIAL TREATMENT-PSYCHIATRIC","billing_code_type":"RC","billing_code_type_version":"UB04","billing_code":"1001","description":"RESIDENTIAL TREATMENT-PSYCHIATRIC","allowed_amounts":[{"tin":{"type":"ein","value":"460921214"},"service_code":["21"],"billing_class":"institutional","payments":[{"allowed_amount":1723.65,"billing_code_modifier":[""],"providers":[{"billed_charge":4720.00,"npi":[1093059784]}]}]},{"tin":{"type":"ein","value":"933716234"},"service_code":["21"],"billing_class":"institutional","payments":[{"allowed_amount":1723.65,"billing_code_modifier":[""],"providers":[{"billed_charge":5000.00,"npi":[1649044041]}]}]}]}]}
