{"reporting_entity_name": "IEC Group_DBA AmeriBen",
	"reporting_entity_type": "Third Party Administrator",
	"plan_name": "Solution Health  Elliot Health",
	"plan_id_type": "ein",
	"plan_id": "020509911",
	"plan_market_type": "group",
	"last_updated_on": "2024-03-01","Version": "1.0.0","out_of_network":[{"name":"CHIROPRACTIC MANIPULATIVE TX SPINAL 3-4 REGIONS","billing_code_type":"CPT","billing_code_type_version":"2020","billing_code":"98941","description":"CHIROPRACTIC MANIPULATIVE TX SPINAL 3-4 REGIONS","allowed_amounts":[{"tin":{"type":"ein","value":"862854507"},"service_code":["11"],"billing_class":"professional","payments":[{"allowed_amount":27.44,"billing_code_modifier":[""],"providers":[{"billed_charge":95.00,"npi":[1215511258,1346683711]}]}]}]},{"name":"MANUAL THERAPY TQS 1\/> REGIONS EACH 15 MINUTES","billing_code_type":"CPT","billing_code_type_version":"2020","billing_code":"97140","description":"MANUAL THERAPY TQS 1\/> REGIONS EACH 15 MINUTES","allowed_amounts":[{"tin":{"type":"ein","value":"862854507"},"service_code":["11"],"billing_class":"professional","payments":[{"allowed_amount":14.09,"billing_code_modifier":[""],"providers":[{"billed_charge":65.00,"npi":[1215511258,1346683711]}]}]}]},{"name":"PSYCHIATRIC\/PSYCHOLOGICAL SVCS: PARTIAL HOSP - INT","billing_code_type":"RC","billing_code_type_version":"UB04","billing_code":"0913","description":"PSYCHIATRIC\/PSYCHOLOGICAL SVCS: PARTIAL HOSP - INT","allowed_amounts":[{"tin":{"type":"ein","value":"880561385"},"service_code":["22"],"billing_class":"institutional","payments":[{"allowed_amount":418.48,"billing_code_modifier":[""],"providers":[{"billed_charge":3750.00,"npi":[1992459929]}]}]}]},{"name":"PSYCHIATRIC\/PSYCHOLOGICAL TRT: INTENSIVE OUTPATIEN","billing_code_type":"RC","billing_code_type_version":"UB04","billing_code":"0905","description":"PSYCHIATRIC\/PSYCHOLOGICAL TRT: INTENSIVE OUTPATIEN","allowed_amounts":[{"tin":{"type":"ein","value":"880561385"},"service_code":["22"],"billing_class":"institutional","payments":[{"allowed_amount":193.95,"billing_code_modifier":[""],"providers":[{"billed_charge":2750.00,"npi":[1992459929]}]}]}]},{"name":"PSYCHOTHERAPY W\/PATIENT 45 MINUTES","billing_code_type":"CPT","billing_code_type_version":"2020","billing_code":"90834","description":"PSYCHOTHERAPY W\/PATIENT 45 MINUTES","allowed_amounts":[{"tin":{"type":"ein","value":"461184045"},"service_code":["11"],"billing_class":"professional","payments":[{"allowed_amount":100.00,"billing_code_modifier":[""],"providers":[{"billed_charge":100.00,"npi":[1881947745]}]}]}]},{"name":"THER PX 1\/> AREAS EACH 15 MIN NEUROMUSC REEDUCA","billing_code_type":"CPT","billing_code_type_version":"2020","billing_code":"97112","description":"THER PX 1\/> AREAS EACH 15 MIN NEUROMUSC REEDUCA","allowed_amounts":[{"tin":{"type":"ein","value":"862854507"},"service_code":["11"],"billing_class":"professional","payments":[{"allowed_amount":23.35,"billing_code_modifier":[""],"providers":[{"billed_charge":80.00,"npi":[1215511258,1346683711]}]}]}]},{"name":"THERAPEUTIC PX 1\/> AREAS EACH 15 MIN EXERCISES","billing_code_type":"CPT","billing_code_type_version":"2020","billing_code":"97110","description":"THERAPEUTIC PX 1\/> AREAS EACH 15 MIN EXERCISES","allowed_amounts":[{"tin":{"type":"ein","value":"862854507"},"service_code":["11"],"billing_class":"professional","payments":[{"allowed_amount":15.29,"billing_code_modifier":[""],"providers":[{"billed_charge":75.00,"npi":[1215511258,1346683711]}]}]}]}]}
