{"reporting_entity_name": "IEC Group_DBA AmeriBen",
	"reporting_entity_type": "Third Party Administrator",
	"plan_name": "NEW BELGIUM BREWING",
	"plan_id_type": "ein",
	"plan_id": "841225570",
	"plan_market_type": "group",
	"last_updated_on": "2025-09-01","Version": "1.0.0","out_of_network":[{"name":"PSYCHOTHERAPY W\/PATIENT 60 MINUTES","billing_code_type":"CPT","billing_code_type_version":"2020","billing_code":"90837","description":"PSYCHOTHERAPY W\/PATIENT 60 MINUTES","allowed_amounts":[{"tin":{"type":"ein","value":"273995406"},"service_code":["10","11"],"billing_class":"professional","payments":[{"allowed_amount":177.05,"billing_code_modifier":[""],"providers":[{"billed_charge":200.00,"npi":[1114148020,1427460237,1538462783]}]}]},{"tin":{"type":"ein","value":"811541867"},"service_code":["10"],"billing_class":"professional","payments":[{"allowed_amount":177.05,"billing_code_modifier":[""],"providers":[{"billed_charge":180.00,"npi":[1861859407]}]}]},{"tin":{"type":"ein","value":"852938829"},"service_code":["11"],"billing_class":"professional","payments":[{"allowed_amount":177.05,"billing_code_modifier":[""],"providers":[{"billed_charge":350.00,"npi":[1245845932,1942808845]}]}]}]},{"name":"THERAPEUT ACTVITY DIRECT PT CONTACT EACH 15 MIN","billing_code_type":"CPT","billing_code_type_version":"2020","billing_code":"97530","description":"THERAPEUT ACTVITY DIRECT PT CONTACT EACH 15 MIN","allowed_amounts":[{"tin":{"type":"ein","value":"204437997"},"service_code":["11"],"billing_class":"professional","payments":[{"allowed_amount":59.50,"billing_code_modifier":[""],"providers":[{"billed_charge":300.00,"npi":[1174568653,1497523351,1811021157]}]}]}]}]}
