{"reporting_entity_name": "IEC Group_DBA AmeriBen",
	"reporting_entity_type": "Third Party Administrator",
	"plan_name": "ARIZONA METROPOLITAN TRUST",
	"plan_id_type": "ein",
	"plan_id": "306316739",
	"plan_market_type": "group",
	"last_updated_on": "2024-12-01","Version": "1.0.0","out_of_network":[{"name":"CHIROPRACTIC MANIPLTV TX EXTRASPINAL 1\/> REGION","billing_code_type":"CPT","billing_code_type_version":"2020","billing_code":"98943","description":"CHIROPRACTIC MANIPLTV TX EXTRASPINAL 1\/> REGION","allowed_amounts":[{"tin":{"type":"ein","value":"010732821"},"service_code":["11"],"billing_class":"professional","payments":[{"allowed_amount":37.88,"billing_code_modifier":[""],"providers":[{"billed_charge":55.00,"npi":[1659694156,1912933227]}]}]},{"tin":{"type":"ein","value":"300393112"},"service_code":["11"],"billing_class":"professional","payments":[{"allowed_amount":37.88,"billing_code_modifier":[""],"providers":[{"billed_charge":50.00,"npi":[1518092360]}]}]},{"tin":{"type":"ein","value":"922398520"},"service_code":["11"],"billing_class":"professional","payments":[{"allowed_amount":37.88,"billing_code_modifier":[""],"providers":[{"billed_charge":83.00,"npi":[1043923501,1346933942,1417450479]}]}]},{"tin":{"type":"ein","value":"990438610"},"service_code":["11"],"billing_class":"professional","payments":[{"allowed_amount":37.88,"billing_code_modifier":[""],"providers":[{"billed_charge":75.00,"npi":[1184247256,1326818360]}]}]}]},{"name":"CHIROPRACTIC MANIPULATIVE TX SPINAL 3-4 REGIONS","billing_code_type":"CPT","billing_code_type_version":"2020","billing_code":"98941","description":"CHIROPRACTIC MANIPULATIVE TX SPINAL 3-4 REGIONS","allowed_amounts":[{"tin":{"type":"ein","value":"010732821"},"service_code":["11"],"billing_class":"professional","payments":[{"allowed_amount":58.28,"billing_code_modifier":[""],"providers":[{"billed_charge":75.00,"npi":[1659694156,1912933227]}]}]},{"tin":{"type":"ein","value":"205581984"},"service_code":["11"],"billing_class":"professional","payments":[{"allowed_amount":58.28,"billing_code_modifier":[""],"providers":[{"billed_charge":75.00,"npi":[1750418240,1750575205]}]}]},{"tin":{"type":"ein","value":"300393112"},"service_code":["11"],"billing_class":"professional","payments":[{"allowed_amount":58.28,"billing_code_modifier":[""],"providers":[{"billed_charge":70.00,"npi":[1518092360]}]}]},{"tin":{"type":"ein","value":"462865021"},"service_code":["11"],"billing_class":"professional","payments":[{"allowed_amount":55.00,"billing_code_modifier":[""],"providers":[{"billed_charge":55.00,"npi":[1174950943,1760438188]}]}]},{"tin":{"type":"ein","value":"481269732"},"service_code":["11"],"billing_class":"professional","payments":[{"allowed_amount":55.00,"billing_code_modifier":[""],"providers":[{"billed_charge":55.00,"npi":[1801890512,1891799516]}]}]},{"tin":{"type":"ein","value":"922398520"},"service_code":["11"],"billing_class":"professional","payments":[{"allowed_amount":58.28,"billing_code_modifier":[""],"providers":[{"billed_charge":89.00,"npi":[1346933942,1417450479]}]}]},{"tin":{"type":"ein","value":"990438610"},"service_code":["11"],"billing_class":"professional","payments":[{"allowed_amount":58.28,"billing_code_modifier":[""],"providers":[{"billed_charge":120.00,"npi":[1184247256,1326818360]}]}]}]},{"name":"THERAPEUTIC PX 1\/> AREAS EACH 15 MIN EXERCISES","billing_code_type":"CPT","billing_code_type_version":"2020","billing_code":"97110","description":"THERAPEUTIC PX 1\/> AREAS EACH 15 MIN EXERCISES","allowed_amounts":[{"tin":{"type":"ein","value":"922398520"},"service_code":["11"],"billing_class":"professional","payments":[{"allowed_amount":33.12,"billing_code_modifier":[""],"providers":[{"billed_charge":89.00,"npi":[1043923501,1245718931,1346933942,1417450479]}]}]},{"tin":{"type":"ein","value":"990438610"},"service_code":["11"],"billing_class":"professional","payments":[{"allowed_amount":33.12,"billing_code_modifier":[""],"providers":[{"billed_charge":98.00,"npi":[1184247256,1326818360]}]}]}]}]}
