{"reporting_entity_name": "IEC Group_DBA AmeriBen",
	"reporting_entity_type": "Third Party Administrator",
	"plan_name": "BOB'S DISCOUNT FURNITURE, LLC",
	"plan_id_type": "ein",
	"plan_id": "202149352",
	"plan_market_type": "group",
	"last_updated_on": "2026-01-01","Version": "1.0.0","out_of_network":[{"name":"ASSAY OF LACTATE","billing_code_type":"CPT","billing_code_type_version":"2020","billing_code":"83605","description":"ASSAY OF LACTATE","allowed_amounts":[{"tin":{"type":"ein","value":"270592929"},"service_code":["21"],"billing_class":"professional","payments":[{"allowed_amount":0.00,"billing_code_modifier":[""],"providers":[{"billed_charge":37.00,"npi":[1447251806,1528024510,1750399192,1801129549]}]}]}]},{"name":"BLOOD COUNT HEMATOCRIT","billing_code_type":"CPT","billing_code_type_version":"2020","billing_code":"85014","description":"BLOOD COUNT HEMATOCRIT","allowed_amounts":[{"tin":{"type":"ein","value":"270592929"},"service_code":["21"],"billing_class":"professional","payments":[{"allowed_amount":0.00,"billing_code_modifier":[""],"providers":[{"billed_charge":6.00,"npi":[1447251806,1528024510,1750399192,1801129549]}]}]}]},{"name":"BLOOD GASES ANY COMBINATION PH PCO2 PO2 CO2 HCO3","billing_code_type":"CPT","billing_code_type_version":"2020","billing_code":"82803","description":"BLOOD GASES ANY COMBINATION PH PCO2 PO2 CO2 HCO3","allowed_amounts":[{"tin":{"type":"ein","value":"270592929"},"service_code":["21"],"billing_class":"professional","payments":[{"allowed_amount":0.00,"billing_code_modifier":[""],"providers":[{"billed_charge":53.00,"npi":[1447251806,1528024510,1750399192,1801129549]}]}]}]},{"name":"CALCIUM IONIZED","billing_code_type":"CPT","billing_code_type_version":"2020","billing_code":"82330","description":"CALCIUM IONIZED","allowed_amounts":[{"tin":{"type":"ein","value":"270592929"},"service_code":["21"],"billing_class":"professional","payments":[{"allowed_amount":0.00,"billing_code_modifier":[""],"providers":[{"billed_charge":40.00,"npi":[1447251806,1528024510,1750399192,1801129549]}]}]}]},{"name":"CCPD OPD\/HOME: CCPD COMP OR OTHER RATE","billing_code_type":"RC","billing_code_type_version":"UB04","billing_code":"0851","description":"CCPD OPD\/HOME: CCPD COMP OR OTHER RATE","allowed_amounts":[{"tin":{"type":"ein","value":"611713824"},"service_code":["65"],"billing_class":"institutional","payments":[{"allowed_amount":219.41,"billing_code_modifier":[""],"providers":[{"billed_charge":6122.43,"npi":[1053374934,1275970980]}]}]},{"tin":{"type":"ein","value":"611713824"},"service_code":["65"],"billing_class":"institutional","payments":[{"allowed_amount":232.64,"billing_code_modifier":[""],"providers":[{"billed_charge":6122.43,"npi":[1053374934,1275970980]}]}]},{"tin":{"type":"ein","value":"611713824"},"service_code":["65"],"billing_class":"institutional","payments":[{"allowed_amount":234.83,"billing_code_modifier":[""],"providers":[{"billed_charge":6122.43,"npi":[1053374934,1275970980]}]}]},{"tin":{"type":"ein","value":"611713824"},"service_code":["65"],"billing_class":"institutional","payments":[{"allowed_amount":315.60,"billing_code_modifier":[""],"providers":[{"billed_charge":6122.43,"npi":[1053374934,1275970980]}]}]}]},{"name":"CHIROPRACTIC MANIPLTV TX EXTRASPINAL 1\/> REGION","billing_code_type":"CPT","billing_code_type_version":"2020","billing_code":"98943","description":"CHIROPRACTIC MANIPLTV TX EXTRASPINAL 1\/> REGION","allowed_amounts":[{"tin":{"type":"ein","value":"010932340"},"service_code":["11"],"billing_class":"professional","payments":[{"allowed_amount":5.81,"billing_code_modifier":[""],"providers":[{"billed_charge":55.00,"npi":[1366757809,1912077827]}]}]}]},{"name":"CHIROPRACTIC MANIPULATIVE TX SPINAL 3-4 REGIONS","billing_code_type":"CPT","billing_code_type_version":"2020","billing_code":"98941","description":"CHIROPRACTIC MANIPULATIVE TX SPINAL 3-4 REGIONS","allowed_amounts":[{"tin":{"type":"ein","value":"010932340"},"service_code":["11"],"billing_class":"professional","payments":[{"allowed_amount":8.42,"billing_code_modifier":[""],"providers":[{"billed_charge":70.00,"npi":[1366757809,1912077827]}]}]}]},{"name":"DRUGS REQUIRE SPECIFIC ID: DRUGS REQUIRING DETAIL","billing_code_type":"RC","billing_code_type_version":"UB04","billing_code":"0636","description":"DRUGS REQUIRE SPECIFIC ID: DRUGS REQUIRING DETAIL","allowed_amounts":[{"tin":{"type":"ein","value":"043106961"},"service_code":["65"],"billing_class":"institutional","payments":[{"allowed_amount":22.70,"billing_code_modifier":[""],"providers":[{"billed_charge":618.80,"npi":[1053561167,1780921288]}]}]},{"tin":{"type":"ein","value":"621529463"},"service_code":["65"],"billing_class":"institutional","payments":[{"allowed_amount":18.35,"billing_code_modifier":[""],"providers":[{"billed_charge":306.00,"npi":[1184628158,1932168879]}]}]}]},{"name":"EMERGENCY DEPARTMENT VISIT HIGH MDM","billing_code_type":"CPT","billing_code_type_version":"2020","billing_code":"99285","description":"EMERGENCY DEPARTMENT VISIT HIGH MDM","allowed_amounts":[{"tin":{"type":"ein","value":"261569466"},"service_code":["23"],"billing_class":"professional","payments":[{"allowed_amount":292.54,"billing_code_modifier":[""],"providers":[{"billed_charge":1681.00,"npi":[1255622759,1477888055,1477902641,1497710115,1598386468,1639148653,1700298429,1740441385,1982889598]}]}]},{"tin":{"type":"ein","value":"833359672"},"service_code":["23"],"billing_class":"professional","payments":[{"allowed_amount":292.54,"billing_code_modifier":[""],"providers":[{"billed_charge":1681.00,"npi":[1114482882,1184707226,1609353887,1669524187]}]}]}]},{"name":"GLUC BLD GLUC MNTR DEV CLEARED FDA SPEC HOME USE","billing_code_type":"CPT","billing_code_type_version":"2020","billing_code":"82962","description":"GLUC BLD GLUC MNTR DEV CLEARED FDA SPEC HOME USE","allowed_amounts":[{"tin":{"type":"ein","value":"270592929"},"service_code":["21"],"billing_class":"professional","payments":[{"allowed_amount":0.00,"billing_code_modifier":[""],"providers":[{"billed_charge":8.00,"npi":[1447251806,1528024510,1750399192,1801129549]}]}]}]},{"name":"GLUCOSE QUANTITATIVE BLOOD XCPT REAGENT STRIP","billing_code_type":"CPT","billing_code_type_version":"2020","billing_code":"82947","description":"GLUCOSE QUANTITATIVE BLOOD XCPT REAGENT STRIP","allowed_amounts":[{"tin":{"type":"ein","value":"270592929"},"service_code":["21"],"billing_class":"professional","payments":[{"allowed_amount":0.00,"billing_code_modifier":[""],"providers":[{"billed_charge":9.00,"npi":[1447251806,1528024510,1750399192,1801129549]}]}]}]},{"name":"HEMO OPD\/HOME: HEMODIALYSIS COMP OR OTHER RATE","billing_code_type":"RC","billing_code_type_version":"UB04","billing_code":"0821","description":"HEMO OPD\/HOME: HEMODIALYSIS COMP OR OTHER RATE","allowed_amounts":[{"tin":{"type":"ein","value":"043106961"},"service_code":["65"],"billing_class":"institutional","payments":[{"allowed_amount":323.91,"billing_code_modifier":[""],"providers":[{"billed_charge":8832.00,"npi":[1053561167,1780921288]}]}]},{"tin":{"type":"ein","value":"621529463"},"service_code":["65"],"billing_class":"institutional","payments":[{"allowed_amount":345.58,"billing_code_modifier":[""],"providers":[{"billed_charge":5762.00,"npi":[1184628158,1932168879]}]}]}]},{"name":"INJ VIT B-12 CYNOCOBLMN TO 1000 MCG","billing_code_type":"HCPCS","billing_code_type_version":"HCPCS LEVEL II 2021","billing_code":"J3420","description":"INJ VIT B-12 CYNOCOBLMN TO 1000 MCG","allowed_amounts":[{"tin":{"type":"ein","value":"061602483"},"service_code":["11"],"billing_class":"professional","payments":[{"allowed_amount":15.00,"billing_code_modifier":[""],"providers":[{"billed_charge":90.00,"npi":[1003288101,1568530210]}]}]}]},{"name":"MEDICAL\/SURGICAL SUPPLIES","billing_code_type":"RC","billing_code_type_version":"UB04","billing_code":"0270","description":"MEDICAL\/SURGICAL SUPPLIES","allowed_amounts":[{"tin":{"type":"ein","value":"043106961"},"service_code":["65"],"billing_class":"institutional","payments":[{"allowed_amount":5.47,"billing_code_modifier":[""],"providers":[{"billed_charge":149.10,"npi":[1053561167,1780921288]}]}]},{"tin":{"type":"ein","value":"621529463"},"service_code":["65"],"billing_class":"institutional","payments":[{"allowed_amount":8.16,"billing_code_modifier":[""],"providers":[{"billed_charge":136.05,"npi":[1184628158,1932168879]}]}]},{"tin":{"type":"ein","value":"831862693"},"service_code":["65"],"billing_class":"institutional","payments":[{"allowed_amount":3.26,"billing_code_modifier":[""],"providers":[{"billed_charge":149.10,"npi":[1366074874,1528021318]}]}]},{"tin":{"type":"ein","value":"831862693"},"service_code":["65"],"billing_class":"institutional","payments":[{"allowed_amount":4.69,"billing_code_modifier":[""],"providers":[{"billed_charge":149.10,"npi":[1366074874,1528021318]}]}]}]},{"name":"OFFICE\/OUTPATIENT ESTABLISHED LOW MDM 20 MIN","billing_code_type":"CPT","billing_code_type_version":"2020","billing_code":"99213","description":"OFFICE\/OUTPATIENT ESTABLISHED LOW MDM 20 MIN","allowed_amounts":[{"tin":{"type":"ein","value":"061602483"},"service_code":["11"],"billing_class":"professional","payments":[{"allowed_amount":214.00,"billing_code_modifier":[""],"providers":[{"billed_charge":450.00,"npi":[1003288101,1568530210]}]}]},{"tin":{"type":"ein","value":"223818066"},"service_code":["11"],"billing_class":"professional","payments":[{"allowed_amount":214.00,"billing_code_modifier":[""],"providers":[{"billed_charge":450.00,"npi":[1780762898,1932315363]}]}]},{"tin":{"type":"ein","value":"810699468"},"service_code":["11"],"billing_class":"professional","payments":[{"allowed_amount":214.00,"billing_code_modifier":[""],"providers":[{"billed_charge":400.00,"npi":[1225494016,1356315519]},{"billed_charge":500.00,"npi":[1225494016,1356315519]}]},{"allowed_amount":214.00,"billing_code_modifier":[""],"providers":[{"billed_charge":400.00,"npi":[1225494016,1356315519]},{"billed_charge":500.00,"npi":[1225494016,1356315519]}]}]},{"tin":{"type":"ein","value":"810699468"},"service_code":["11"],"billing_class":"professional","payments":[{"allowed_amount":214.00,"billing_code_modifier":[""],"providers":[{"billed_charge":400.00,"npi":[1225494016,1356315519]},{"billed_charge":500.00,"npi":[1225494016,1356315519]}]},{"allowed_amount":214.00,"billing_code_modifier":[""],"providers":[{"billed_charge":400.00,"npi":[1225494016,1356315519]},{"billed_charge":500.00,"npi":[1225494016,1356315519]}]}]},{"tin":{"type":"ein","value":"874464334"},"service_code":["11"],"billing_class":"professional","payments":[{"allowed_amount":214.00,"billing_code_modifier":[""],"providers":[{"billed_charge":350.00,"npi":[1275286148,1417492604]}]}]},{"tin":{"type":"ein","value":"874489423"},"service_code":["11"],"billing_class":"professional","payments":[{"allowed_amount":214.00,"billing_code_modifier":[""],"providers":[{"billed_charge":400.00,"npi":[1285350017,1780904359]}]}]}]},{"name":"PHARMACY","billing_code_type":"RC","billing_code_type_version":"UB04","billing_code":"0250","description":"PHARMACY","allowed_amounts":[{"tin":{"type":"ein","value":"043106961"},"service_code":["65"],"billing_class":"institutional","payments":[{"allowed_amount":2.03,"billing_code_modifier":[""],"providers":[{"billed_charge":55.55,"npi":[1053561167,1780921288]},{"billed_charge":198.60,"npi":[1053561167,1780921288]}]},{"allowed_amount":2.03,"billing_code_modifier":[""],"providers":[{"billed_charge":55.55,"npi":[1053561167,1780921288]},{"billed_charge":198.60,"npi":[1053561167,1780921288]}]}]},{"tin":{"type":"ein","value":"043106961"},"service_code":["65"],"billing_class":"institutional","payments":[{"allowed_amount":2.03,"billing_code_modifier":[""],"providers":[{"billed_charge":55.55,"npi":[1053561167,1780921288]},{"billed_charge":198.60,"npi":[1053561167,1780921288]}]},{"allowed_amount":2.03,"billing_code_modifier":[""],"providers":[{"billed_charge":55.55,"npi":[1053561167,1780921288]},{"billed_charge":198.60,"npi":[1053561167,1780921288]}]}]},{"tin":{"type":"ein","value":"043106961"},"service_code":["65"],"billing_class":"institutional","payments":[{"allowed_amount":7.28,"billing_code_modifier":[""],"providers":[{"billed_charge":55.55,"npi":[1053561167,1780921288]},{"billed_charge":198.60,"npi":[1053561167,1780921288]}]},{"allowed_amount":7.28,"billing_code_modifier":[""],"providers":[{"billed_charge":55.55,"npi":[1053561167,1780921288]},{"billed_charge":198.60,"npi":[1053561167,1780921288]}]}]},{"tin":{"type":"ein","value":"043106961"},"service_code":["65"],"billing_class":"institutional","payments":[{"allowed_amount":7.28,"billing_code_modifier":[""],"providers":[{"billed_charge":55.55,"npi":[1053561167,1780921288]},{"billed_charge":198.60,"npi":[1053561167,1780921288]}]},{"allowed_amount":7.28,"billing_code_modifier":[""],"providers":[{"billed_charge":55.55,"npi":[1053561167,1780921288]},{"billed_charge":198.60,"npi":[1053561167,1780921288]}]}]},{"tin":{"type":"ein","value":"621529463"},"service_code":["65"],"billing_class":"institutional","payments":[{"allowed_amount":0.04,"billing_code_modifier":[""],"providers":[{"billed_charge":0.68,"npi":[1184628158,1932168879]}]}]},{"tin":{"type":"ein","value":"621529463"},"service_code":["65"],"billing_class":"institutional","payments":[{"allowed_amount":0.05,"billing_code_modifier":[""],"providers":[{"billed_charge":0.94,"npi":[1184628158,1932168879]}]}]}]},{"name":"RENAL FUNCTION PANEL","billing_code_type":"CPT","billing_code_type_version":"2020","billing_code":"80069","description":"RENAL FUNCTION PANEL","allowed_amounts":[{"tin":{"type":"ein","value":"270592929"},"service_code":["21"],"billing_class":"professional","payments":[{"allowed_amount":0.00,"billing_code_modifier":[""],"providers":[{"billed_charge":19.00,"npi":[1447251806,1528024510,1750399192,1801129549]}]}]}]},{"name":"SODIUM SERUM PLASMA OR WHOLE BLOOD","billing_code_type":"CPT","billing_code_type_version":"2020","billing_code":"84295","description":"SODIUM SERUM PLASMA OR WHOLE BLOOD","allowed_amounts":[{"tin":{"type":"ein","value":"270592929"},"service_code":["21"],"billing_class":"professional","payments":[{"allowed_amount":0.00,"billing_code_modifier":[""],"providers":[{"billed_charge":11.00,"npi":[1447251806,1528024510,1750399192,1801129549]}]}]}]},{"name":"THERAPEUTIC PROPHYLACTIC\/DX INJECTION SUBQ\/IM","billing_code_type":"CPT","billing_code_type_version":"2020","billing_code":"96372","description":"THERAPEUTIC PROPHYLACTIC\/DX INJECTION SUBQ\/IM","allowed_amounts":[{"tin":{"type":"ein","value":"061602483"},"service_code":["11"],"billing_class":"professional","payments":[{"allowed_amount":60.00,"billing_code_modifier":[""],"providers":[{"billed_charge":125.00,"npi":[1003288101,1568530210]}]}]}]},{"name":"THERAPEUTIC PX 1\/> AREAS EACH 15 MIN EXERCISES","billing_code_type":"CPT","billing_code_type_version":"2020","billing_code":"97110","description":"THERAPEUTIC PX 1\/> AREAS EACH 15 MIN EXERCISES","allowed_amounts":[{"tin":{"type":"ein","value":"010932340"},"service_code":["11"],"billing_class":"professional","payments":[{"allowed_amount":50.00,"billing_code_modifier":[""],"providers":[{"billed_charge":50.00,"npi":[1366757809,1912077827]}]}]}]}]}
