{"reporting_entity_name": "IEC Group_DBA AmeriBen",
	"reporting_entity_type": "Third Party Administrator",
	"plan_name": "BOB'S DISCOUNT FURNITURE, LLC",
	"plan_id_type": "ein",
	"plan_id": "202149352",
	"plan_market_type": "group",
	"last_updated_on": "2024-08-01","Version": "1.0.0","out_of_network":[{"name":"ALCOHOL AND\/OR DRUG SERVICES","billing_code_type":"HCPCS","billing_code_type_version":"HCPCS LEVEL II 2021","billing_code":"H0020","description":"ALCOHOL AND\/OR DRUG SERVICES","allowed_amounts":[{"tin":{"type":"ein","value":"521680265"},"service_code":["11"],"billing_class":"professional","payments":[{"allowed_amount":12.86,"billing_code_modifier":[""],"providers":[{"billed_charge":12.86,"npi":[1689937260]}]}]}]},{"name":"MANUAL THERAPY TQS 1\/> REGIONS EACH 15 MINUTES","billing_code_type":"CPT","billing_code_type_version":"2020","billing_code":"97140","description":"MANUAL THERAPY TQS 1\/> REGIONS EACH 15 MINUTES","allowed_amounts":[{"tin":{"type":"ein","value":"921032596"},"service_code":["11"],"billing_class":"professional","payments":[{"allowed_amount":57.90,"billing_code_modifier":[""],"providers":[{"billed_charge":115.00,"npi":[1114637188,1871027169,1891446209]}]}]}]},{"name":"PSYCHIATRIC","billing_code_type":"RC","billing_code_type_version":"UB04","billing_code":"0154","description":"PSYCHIATRIC","allowed_amounts":[{"tin":{"type":"ein","value":"862942505"},"service_code":["21"],"billing_class":"institutional","payments":[{"allowed_amount":2100.00,"billing_code_modifier":[""],"providers":[{"billed_charge":4725.00,"npi":[1568162493,1609922400]}]}]}]},{"name":"PSYCHIATRIC\/PSYCHOLOGICAL SVCS: PARTIAL HOSP - LES","billing_code_type":"RC","billing_code_type_version":"UB04","billing_code":"0912","description":"PSYCHIATRIC\/PSYCHOLOGICAL SVCS: PARTIAL HOSP - LES","allowed_amounts":[{"tin":{"type":"ein","value":"873581824"},"service_code":["22"],"billing_class":"institutional","payments":[{"allowed_amount":4017.00,"billing_code_modifier":[""],"providers":[{"billed_charge":4600.02,"npi":[1295466266,1750724886]}]}]}]},{"name":"PSYCHIATRIC\/PSYCHOLOGICAL TRT: INTENSIVE OUT SERV","billing_code_type":"RC","billing_code_type_version":"UB04","billing_code":"0906","description":"PSYCHIATRIC\/PSYCHOLOGICAL TRT: INTENSIVE OUT SERV","allowed_amounts":[{"tin":{"type":"ein","value":"873581824"},"service_code":["22"],"billing_class":"institutional","payments":[{"allowed_amount":1057.81,"billing_code_modifier":[""],"providers":[{"billed_charge":3738.00,"npi":[1295466266,1750724886]}]}]}]},{"name":"PSYCHOTHERAPY W\/PATIENT 45 MINUTES","billing_code_type":"CPT","billing_code_type_version":"2020","billing_code":"90834","description":"PSYCHOTHERAPY W\/PATIENT 45 MINUTES","allowed_amounts":[{"tin":{"type":"ein","value":"463636954"},"service_code":["11"],"billing_class":"professional","payments":[{"allowed_amount":81.40,"billing_code_modifier":[""],"providers":[{"billed_charge":230.00,"npi":[1073804290,1245895812,1417614272]}]}]}]},{"name":"THERAPEUTIC PX 1\/> AREAS EACH 15 MIN EXERCISES","billing_code_type":"CPT","billing_code_type_version":"2020","billing_code":"97110","description":"THERAPEUTIC PX 1\/> AREAS EACH 15 MIN EXERCISES","allowed_amounts":[{"tin":{"type":"ein","value":"921032596"},"service_code":["11"],"billing_class":"professional","payments":[{"allowed_amount":121.76,"billing_code_modifier":[""],"providers":[{"billed_charge":250.00,"npi":[1114637188,1871027169,1891446209]}]}]}]}]}
