{"reporting_entity_name": "IEC Group_DBA AmeriBen",
	"reporting_entity_type": "Third Party Administrator",
	"plan_name": "NEVADA GOLD MINES LLC",
	"plan_id_type": "ein",
	"plan_id": "834447381",
	"plan_market_type": "group",
	"last_updated_on": "2024-07-01","Version": "1.0.0","out_of_network":[{"name":"25 HYDROXY INCLUDES FRACTIONS IF PERFORMED","billing_code_type":"CPT","billing_code_type_version":"2020","billing_code":"82306","description":"25 HYDROXY INCLUDES FRACTIONS IF PERFORMED","allowed_amounts":[{"tin":{"type":"ein","value":"571207559"},"service_code":["11"],"billing_class":"professional","payments":[{"allowed_amount":0.00,"billing_code_modifier":[""],"providers":[{"billed_charge":298.00,"npi":[1740531466,1770981839,1780961102]}]}]},{"tin":{"type":"ein","value":"840611484"},"service_code":["81"],"billing_class":"professional","payments":[{"allowed_amount":0.00,"billing_code_modifier":[""],"providers":[{"billed_charge":306.60,"npi":[1740262880,1760574776,1932156692]}]}]},{"tin":{"type":"ein","value":"930587431"},"service_code":["81"],"billing_class":"professional","payments":[{"allowed_amount":0.00,"billing_code_modifier":[""],"providers":[{"billed_charge":70.41,"npi":[1548208440,1932156692]}]}]}]},{"name":"BLOOD COUNT COMPLETE AUTO&AUTO DIFRNTL WBC","billing_code_type":"CPT","billing_code_type_version":"2020","billing_code":"85025","description":"BLOOD COUNT COMPLETE AUTO&AUTO DIFRNTL WBC","allowed_amounts":[{"tin":{"type":"ein","value":"571207559"},"service_code":["11"],"billing_class":"professional","payments":[{"allowed_amount":0.00,"billing_code_modifier":[""],"providers":[{"billed_charge":44.00,"npi":[1659436038,1740531466,1770981839,1780961102]}]}]},{"tin":{"type":"ein","value":"840611484"},"service_code":["81"],"billing_class":"professional","payments":[{"allowed_amount":0.00,"billing_code_modifier":[""],"providers":[{"billed_charge":39.90,"npi":[1740262880,1932156692]}]}]},{"tin":{"type":"ein","value":"841688728"},"service_code":["11"],"billing_class":"professional","payments":[{"allowed_amount":0.00,"billing_code_modifier":[""],"providers":[{"billed_charge":30.00,"npi":[1962416701]}]}]},{"tin":{"type":"ein","value":"883286578"},"service_code":["81"],"billing_class":"professional","payments":[{"allowed_amount":0.00,"billing_code_modifier":[""],"providers":[{"billed_charge":57.20,"npi":[1366150773,1710970553]}]}]}]},{"name":"CCPD OPD\/HOME: CCPD COMP OR OTHER RATE","billing_code_type":"RC","billing_code_type_version":"UB04","billing_code":"0851","description":"CCPD OPD\/HOME: CCPD COMP OR OTHER RATE","allowed_amounts":[{"tin":{"type":"ein","value":"620850498"},"service_code":["65"],"billing_class":"institutional","payments":[{"allowed_amount":293.42,"billing_code_modifier":[""],"providers":[{"billed_charge":1200.00,"npi":[1467560292,1841223237]}]}]},{"tin":{"type":"ein","value":"620850498"},"service_code":["65"],"billing_class":"institutional","payments":[{"allowed_amount":334.57,"billing_code_modifier":[""],"providers":[{"billed_charge":1200.00,"npi":[1467560292,1841223237]}]}]},{"tin":{"type":"ein","value":"620850498"},"service_code":["65"],"billing_class":"institutional","payments":[{"allowed_amount":351.09,"billing_code_modifier":[""],"providers":[{"billed_charge":1200.00,"npi":[1467560292,1841223237]}]}]},{"tin":{"type":"ein","value":"831522514"},"service_code":["65"],"billing_class":"institutional","payments":[{"allowed_amount":302.58,"billing_code_modifier":[""],"providers":[{"billed_charge":1200.00,"npi":[1902986987,1992284814]}]}]},{"tin":{"type":"ein","value":"831522514"},"service_code":["65"],"billing_class":"institutional","payments":[{"allowed_amount":304.69,"billing_code_modifier":[""],"providers":[{"billed_charge":1200.00,"npi":[1902986987,1992284814]}]}]},{"tin":{"type":"ein","value":"831522514"},"service_code":["65"],"billing_class":"institutional","payments":[{"allowed_amount":306.22,"billing_code_modifier":[""],"providers":[{"billed_charge":1200.00,"npi":[1902986987,1992284814]}]}]},{"tin":{"type":"ein","value":"831522514"},"service_code":["65"],"billing_class":"institutional","payments":[{"allowed_amount":307.15,"billing_code_modifier":[""],"providers":[{"billed_charge":1200.00,"npi":[1902986987,1992284814]}]}]}]},{"name":"COLLECTION VENOUS BLOOD VENIPUNCTURE","billing_code_type":"CPT","billing_code_type_version":"2020","billing_code":"36415","description":"COLLECTION VENOUS BLOOD VENIPUNCTURE","allowed_amounts":[{"tin":{"type":"ein","value":"571207559"},"service_code":["11"],"billing_class":"professional","payments":[{"allowed_amount":0.00,"billing_code_modifier":[""],"providers":[{"billed_charge":25.00,"npi":[1659436038,1740531466,1770981839,1780961102]}]}]},{"tin":{"type":"ein","value":"841688728"},"service_code":["11"],"billing_class":"professional","payments":[{"allowed_amount":0.00,"billing_code_modifier":[""],"providers":[{"billed_charge":16.00,"npi":[1962416701]}]}]},{"tin":{"type":"ein","value":"942854057"},"service_code":["81"],"billing_class":"professional","payments":[{"allowed_amount":0.00,"billing_code_modifier":[""],"providers":[{"billed_charge":15.00,"npi":[1639371149,1720029960]}]}]}]},{"name":"COMPREHENSIVE METABOLIC PANEL","billing_code_type":"CPT","billing_code_type_version":"2020","billing_code":"80053","description":"COMPREHENSIVE METABOLIC PANEL","allowed_amounts":[{"tin":{"type":"ein","value":"571207559"},"service_code":["11"],"billing_class":"professional","payments":[{"allowed_amount":0.00,"billing_code_modifier":[""],"providers":[{"billed_charge":63.00,"npi":[1659436038,1740531466,1770981839,1780961102]}]}]},{"tin":{"type":"ein","value":"840611484"},"service_code":["81"],"billing_class":"professional","payments":[{"allowed_amount":0.00,"billing_code_modifier":[""],"providers":[{"billed_charge":58.01,"npi":[1417261926,1740262880]}]}]},{"tin":{"type":"ein","value":"841688728"},"service_code":["11"],"billing_class":"professional","payments":[{"allowed_amount":0.00,"billing_code_modifier":[""],"providers":[{"billed_charge":53.00,"npi":[1962416701]}]}]},{"tin":{"type":"ein","value":"883286578"},"service_code":["81"],"billing_class":"professional","payments":[{"allowed_amount":0.00,"billing_code_modifier":[""],"providers":[{"billed_charge":74.25,"npi":[1366150773,1710970553]}]}]}]},{"name":"DETOXIFICATION","billing_code_type":"RC","billing_code_type_version":"UB04","billing_code":"0126","description":"DETOXIFICATION","allowed_amounts":[{"tin":{"type":"ein","value":"850958497"},"service_code":["21"],"billing_class":"institutional","payments":[{"allowed_amount":0.00,"billing_code_modifier":[""],"providers":[{"billed_charge":6200.00,"npi":[1285734194,1932727096]}]}]}]},{"name":"DRUG TST PRSMV INSTRMNT CHEM ANALYZERS PR DATE","billing_code_type":"CPT","billing_code_type_version":"2020","billing_code":"80307","description":"DRUG TST PRSMV INSTRMNT CHEM ANALYZERS PR DATE","allowed_amounts":[{"tin":{"type":"ein","value":"261565558"},"service_code":["81"],"billing_class":"professional","payments":[{"allowed_amount":0.00,"billing_code_modifier":[""],"providers":[{"billed_charge":124.00,"npi":[1386970614,1457962227,1497933162]}]}]},{"tin":{"type":"ein","value":"474815114"},"service_code":["11"],"billing_class":"professional","payments":[{"allowed_amount":0.00,"billing_code_modifier":[""],"providers":[{"billed_charge":99.42,"npi":[1033373865,1215302245]}]}]},{"tin":{"type":"ein","value":"822808179"},"service_code":["81"],"billing_class":"professional","payments":[{"allowed_amount":0.00,"billing_code_modifier":[""],"providers":[{"billed_charge":1900.00,"npi":[1700392180,1710970553]}]}]}]},{"name":"DRUGS REQUIRE SPECIFIC ID: DRUGS REQUIRING DETAIL","billing_code_type":"RC","billing_code_type_version":"UB04","billing_code":"0636","description":"DRUGS REQUIRE SPECIFIC ID: DRUGS REQUIRING DETAIL","allowed_amounts":[{"tin":{"type":"ein","value":"620850498"},"service_code":["65"],"billing_class":"institutional","payments":[{"allowed_amount":2.37,"billing_code_modifier":[""],"providers":[{"billed_charge":27.90,"npi":[1467560292,1841223237]}]}]},{"tin":{"type":"ein","value":"620850498"},"service_code":["65"],"billing_class":"institutional","payments":[{"allowed_amount":3.16,"billing_code_modifier":[""],"providers":[{"billed_charge":27.90,"npi":[1467560292,1841223237]}]}]},{"tin":{"type":"ein","value":"620850498"},"service_code":["65"],"billing_class":"institutional","payments":[{"allowed_amount":3.56,"billing_code_modifier":[""],"providers":[{"billed_charge":41.85,"npi":[1467560292,1841223237]}]}]},{"tin":{"type":"ein","value":"620850498"},"service_code":["65"],"billing_class":"institutional","payments":[{"allowed_amount":4.74,"billing_code_modifier":[""],"providers":[{"billed_charge":41.85,"npi":[1467560292,1841223237]},{"billed_charge":55.80,"npi":[1467560292,1841223237]}]},{"allowed_amount":4.74,"billing_code_modifier":[""],"providers":[{"billed_charge":41.85,"npi":[1467560292,1841223237]},{"billed_charge":55.80,"npi":[1467560292,1841223237]}]}]},{"tin":{"type":"ein","value":"620850498"},"service_code":["65"],"billing_class":"institutional","payments":[{"allowed_amount":4.74,"billing_code_modifier":[""],"providers":[{"billed_charge":41.85,"npi":[1467560292,1841223237]},{"billed_charge":55.80,"npi":[1467560292,1841223237]}]},{"allowed_amount":4.74,"billing_code_modifier":[""],"providers":[{"billed_charge":41.85,"npi":[1467560292,1841223237]},{"billed_charge":55.80,"npi":[1467560292,1841223237]}]}]},{"tin":{"type":"ein","value":"620850498"},"service_code":["65"],"billing_class":"institutional","payments":[{"allowed_amount":118.60,"billing_code_modifier":[""],"providers":[{"billed_charge":1394.00,"npi":[1467560292,1841223237]}]}]}]},{"name":"HANDLG&\/OR CONVEY OF SPEC FOR TR OFFICE TO LAB","billing_code_type":"CPT","billing_code_type_version":"2020","billing_code":"99000","description":"HANDLG&\/OR CONVEY OF SPEC FOR TR OFFICE TO LAB","allowed_amounts":[{"tin":{"type":"ein","value":"571207559"},"service_code":["11"],"billing_class":"professional","payments":[{"allowed_amount":0.00,"billing_code_modifier":[""],"providers":[{"billed_charge":21.00,"npi":[1659436038,1740531466,1770981839,1780961102]}]}]},{"tin":{"type":"ein","value":"882805785"},"service_code":["20"],"billing_class":"professional","payments":[{"allowed_amount":0.00,"billing_code_modifier":[""],"providers":[{"billed_charge":10.00,"npi":[1417901901,1518691724]}]}]}]},{"name":"HEMO OPD\/HOME: HEMODIALYSIS COMP OR OTHER RATE","billing_code_type":"RC","billing_code_type_version":"UB04","billing_code":"0821","description":"HEMO OPD\/HOME: HEMODIALYSIS COMP OR OTHER RATE","allowed_amounts":[{"tin":{"type":"ein","value":"620850498"},"service_code":["65"],"billing_class":"institutional","payments":[{"allowed_amount":232.26,"billing_code_modifier":[""],"providers":[{"billed_charge":2730.00,"npi":[1467560292,1841223237]}]}]},{"tin":{"type":"ein","value":"620850498"},"service_code":["65"],"billing_class":"institutional","payments":[{"allowed_amount":309.52,"billing_code_modifier":[""],"providers":[{"billed_charge":2730.00,"npi":[1467560292,1841223237]}]}]}]},{"name":"HEMOGLOBIN GLYCOSYLATED A1C","billing_code_type":"CPT","billing_code_type_version":"2020","billing_code":"83036","description":"HEMOGLOBIN GLYCOSYLATED A1C","allowed_amounts":[{"tin":{"type":"ein","value":"571207559"},"service_code":["11"],"billing_class":"professional","payments":[{"allowed_amount":0.00,"billing_code_modifier":[""],"providers":[{"billed_charge":82.00,"npi":[1659436038,1740531466,1770981839,1780961102]}]}]},{"tin":{"type":"ein","value":"840611484"},"service_code":["81"],"billing_class":"professional","payments":[{"allowed_amount":0.00,"billing_code_modifier":[""],"providers":[{"billed_charge":81.90,"npi":[1740262880,1932156692]},{"billed_charge":86.28,"npi":[1740262880,1952629867]},{"billed_charge":88.46,"npi":[1417261926,1740262880]}]},{"allowed_amount":0.00,"billing_code_modifier":[""],"providers":[{"billed_charge":81.90,"npi":[1740262880,1932156692]},{"billed_charge":86.28,"npi":[1740262880,1952629867]},{"billed_charge":88.46,"npi":[1417261926,1740262880]}]},{"allowed_amount":0.00,"billing_code_modifier":[""],"providers":[{"billed_charge":81.90,"npi":[1740262880,1932156692]},{"billed_charge":86.28,"npi":[1740262880,1952629867]},{"billed_charge":88.46,"npi":[1417261926,1740262880]}]}]},{"tin":{"type":"ein","value":"840611484"},"service_code":["81"],"billing_class":"professional","payments":[{"allowed_amount":0.00,"billing_code_modifier":[""],"providers":[{"billed_charge":81.90,"npi":[1740262880,1932156692]},{"billed_charge":86.28,"npi":[1740262880,1952629867]},{"billed_charge":88.46,"npi":[1417261926,1740262880]}]},{"allowed_amount":0.00,"billing_code_modifier":[""],"providers":[{"billed_charge":81.90,"npi":[1740262880,1932156692]},{"billed_charge":86.28,"npi":[1740262880,1952629867]},{"billed_charge":88.46,"npi":[1417261926,1740262880]}]},{"allowed_amount":0.00,"billing_code_modifier":[""],"providers":[{"billed_charge":81.90,"npi":[1740262880,1932156692]},{"billed_charge":86.28,"npi":[1740262880,1952629867]},{"billed_charge":88.46,"npi":[1417261926,1740262880]}]}]},{"tin":{"type":"ein","value":"840611484"},"service_code":["81"],"billing_class":"professional","payments":[{"allowed_amount":0.00,"billing_code_modifier":[""],"providers":[{"billed_charge":81.90,"npi":[1740262880,1932156692]},{"billed_charge":86.28,"npi":[1740262880,1952629867]},{"billed_charge":88.46,"npi":[1417261926,1740262880]}]},{"allowed_amount":0.00,"billing_code_modifier":[""],"providers":[{"billed_charge":81.90,"npi":[1740262880,1932156692]},{"billed_charge":86.28,"npi":[1740262880,1952629867]},{"billed_charge":88.46,"npi":[1417261926,1740262880]}]},{"allowed_amount":0.00,"billing_code_modifier":[""],"providers":[{"billed_charge":81.90,"npi":[1740262880,1932156692]},{"billed_charge":86.28,"npi":[1740262880,1952629867]},{"billed_charge":88.46,"npi":[1417261926,1740262880]}]}]},{"tin":{"type":"ein","value":"841688728"},"service_code":["11"],"billing_class":"professional","payments":[{"allowed_amount":0.00,"billing_code_modifier":[""],"providers":[{"billed_charge":41.00,"npi":[1962416701]}]}]},{"tin":{"type":"ein","value":"930587431"},"service_code":["81"],"billing_class":"professional","payments":[{"allowed_amount":0.00,"billing_code_modifier":[""],"providers":[{"billed_charge":35.60,"npi":[1548208440,1932156692]}]}]}]},{"name":"IADNA NOS AMPLIFIED PROBE TQ EACH ORGANISM","billing_code_type":"CPT","billing_code_type_version":"2020","billing_code":"87798","description":"IADNA NOS AMPLIFIED PROBE TQ EACH ORGANISM","allowed_amounts":[{"tin":{"type":"ein","value":"223510467"},"service_code":["81"],"billing_class":"professional","payments":[{"allowed_amount":18.25,"billing_code_modifier":[""],"providers":[{"billed_charge":50.00,"npi":[1750373908,1841815701]},{"billed_charge":80.50,"npi":[1750373908,1841815701]}]},{"allowed_amount":18.25,"billing_code_modifier":[""],"providers":[{"billed_charge":50.00,"npi":[1750373908,1841815701]},{"billed_charge":80.50,"npi":[1750373908,1841815701]}]}]},{"tin":{"type":"ein","value":"223510467"},"service_code":["81"],"billing_class":"professional","payments":[{"allowed_amount":18.25,"billing_code_modifier":[""],"providers":[{"billed_charge":50.00,"npi":[1750373908,1841815701]},{"billed_charge":80.50,"npi":[1750373908,1841815701]}]},{"allowed_amount":18.25,"billing_code_modifier":[""],"providers":[{"billed_charge":50.00,"npi":[1750373908,1841815701]},{"billed_charge":80.50,"npi":[1750373908,1841815701]}]}]}]},{"name":"IIV4 VACC PRESRV FREE 0.5 ML DOS FOR IM USE","billing_code_type":"CPT","billing_code_type_version":"2020","billing_code":"90686","description":"IIV4 VACC PRESRV FREE 0.5 ML DOS FOR IM USE","allowed_amounts":[{"tin":{"type":"ein","value":"571207559"},"service_code":["11"],"billing_class":"professional","payments":[{"allowed_amount":0.00,"billing_code_modifier":[""],"providers":[{"billed_charge":50.00,"npi":[1659436038,1740531466,1770981839,1780961102]}]}]}]},{"name":"IM ADM PRQ ID SUBQ\/IM NJXS 1 VACCINE","billing_code_type":"CPT","billing_code_type_version":"2020","billing_code":"90471","description":"IM ADM PRQ ID SUBQ\/IM NJXS 1 VACCINE","allowed_amounts":[{"tin":{"type":"ein","value":"571207559"},"service_code":["11"],"billing_class":"professional","payments":[{"allowed_amount":0.00,"billing_code_modifier":[""],"providers":[{"billed_charge":54.00,"npi":[1659436038,1740531466,1770981839,1780961102]}]}]},{"tin":{"type":"ein","value":"571207559"},"service_code":["11"],"billing_class":"professional","payments":[{"allowed_amount":23.22,"billing_code_modifier":[""],"providers":[{"billed_charge":54.00,"npi":[1659436038,1740531466,1770981839,1780961102]}]}]}]},{"name":"LABORATORY - CLINICAL DIAGNOSTIC: CHEMISTRY","billing_code_type":"RC","billing_code_type_version":"UB04","billing_code":"0301","description":"LABORATORY - CLINICAL DIAGNOSTIC: CHEMISTRY","allowed_amounts":[{"tin":{"type":"ein","value":"813562144"},"service_code":["23"],"billing_class":"institutional","payments":[{"allowed_amount":0.00,"billing_code_modifier":[""],"providers":[{"billed_charge":101.34,"npi":[1639663370]},{"billed_charge":430.00,"npi":[1639663370]},{"billed_charge":500.00,"npi":[1639663370]},{"billed_charge":850.00,"npi":[1639663370]}]},{"allowed_amount":0.00,"billing_code_modifier":[""],"providers":[{"billed_charge":101.34,"npi":[1639663370]},{"billed_charge":430.00,"npi":[1639663370]},{"billed_charge":500.00,"npi":[1639663370]},{"billed_charge":850.00,"npi":[1639663370]}]},{"allowed_amount":0.00,"billing_code_modifier":[""],"providers":[{"billed_charge":101.34,"npi":[1639663370]},{"billed_charge":430.00,"npi":[1639663370]},{"billed_charge":500.00,"npi":[1639663370]},{"billed_charge":850.00,"npi":[1639663370]}]},{"allowed_amount":0.00,"billing_code_modifier":[""],"providers":[{"billed_charge":101.34,"npi":[1639663370]},{"billed_charge":430.00,"npi":[1639663370]},{"billed_charge":500.00,"npi":[1639663370]},{"billed_charge":850.00,"npi":[1639663370]}]}]},{"tin":{"type":"ein","value":"813562144"},"service_code":["23"],"billing_class":"institutional","payments":[{"allowed_amount":0.00,"billing_code_modifier":[""],"providers":[{"billed_charge":101.34,"npi":[1639663370]},{"billed_charge":430.00,"npi":[1639663370]},{"billed_charge":500.00,"npi":[1639663370]},{"billed_charge":850.00,"npi":[1639663370]}]},{"allowed_amount":0.00,"billing_code_modifier":[""],"providers":[{"billed_charge":101.34,"npi":[1639663370]},{"billed_charge":430.00,"npi":[1639663370]},{"billed_charge":500.00,"npi":[1639663370]},{"billed_charge":850.00,"npi":[1639663370]}]},{"allowed_amount":0.00,"billing_code_modifier":[""],"providers":[{"billed_charge":101.34,"npi":[1639663370]},{"billed_charge":430.00,"npi":[1639663370]},{"billed_charge":500.00,"npi":[1639663370]},{"billed_charge":850.00,"npi":[1639663370]}]},{"allowed_amount":0.00,"billing_code_modifier":[""],"providers":[{"billed_charge":101.34,"npi":[1639663370]},{"billed_charge":430.00,"npi":[1639663370]},{"billed_charge":500.00,"npi":[1639663370]},{"billed_charge":850.00,"npi":[1639663370]}]}]},{"tin":{"type":"ein","value":"813562144"},"service_code":["23"],"billing_class":"institutional","payments":[{"allowed_amount":0.00,"billing_code_modifier":[""],"providers":[{"billed_charge":101.34,"npi":[1639663370]},{"billed_charge":430.00,"npi":[1639663370]},{"billed_charge":500.00,"npi":[1639663370]},{"billed_charge":850.00,"npi":[1639663370]}]},{"allowed_amount":0.00,"billing_code_modifier":[""],"providers":[{"billed_charge":101.34,"npi":[1639663370]},{"billed_charge":430.00,"npi":[1639663370]},{"billed_charge":500.00,"npi":[1639663370]},{"billed_charge":850.00,"npi":[1639663370]}]},{"allowed_amount":0.00,"billing_code_modifier":[""],"providers":[{"billed_charge":101.34,"npi":[1639663370]},{"billed_charge":430.00,"npi":[1639663370]},{"billed_charge":500.00,"npi":[1639663370]},{"billed_charge":850.00,"npi":[1639663370]}]},{"allowed_amount":0.00,"billing_code_modifier":[""],"providers":[{"billed_charge":101.34,"npi":[1639663370]},{"billed_charge":430.00,"npi":[1639663370]},{"billed_charge":500.00,"npi":[1639663370]},{"billed_charge":850.00,"npi":[1639663370]}]}]},{"tin":{"type":"ein","value":"813562144"},"service_code":["23"],"billing_class":"institutional","payments":[{"allowed_amount":0.00,"billing_code_modifier":[""],"providers":[{"billed_charge":101.34,"npi":[1639663370]},{"billed_charge":430.00,"npi":[1639663370]},{"billed_charge":500.00,"npi":[1639663370]},{"billed_charge":850.00,"npi":[1639663370]}]},{"allowed_amount":0.00,"billing_code_modifier":[""],"providers":[{"billed_charge":101.34,"npi":[1639663370]},{"billed_charge":430.00,"npi":[1639663370]},{"billed_charge":500.00,"npi":[1639663370]},{"billed_charge":850.00,"npi":[1639663370]}]},{"allowed_amount":0.00,"billing_code_modifier":[""],"providers":[{"billed_charge":101.34,"npi":[1639663370]},{"billed_charge":430.00,"npi":[1639663370]},{"billed_charge":500.00,"npi":[1639663370]},{"billed_charge":850.00,"npi":[1639663370]}]},{"allowed_amount":0.00,"billing_code_modifier":[""],"providers":[{"billed_charge":101.34,"npi":[1639663370]},{"billed_charge":430.00,"npi":[1639663370]},{"billed_charge":500.00,"npi":[1639663370]},{"billed_charge":850.00,"npi":[1639663370]}]}]},{"tin":{"type":"ein","value":"942854057"},"service_code":["21"],"billing_class":"institutional","payments":[{"allowed_amount":0.00,"billing_code_modifier":[""],"providers":[{"billed_charge":666.96,"npi":[1114025491,1720234776]},{"billed_charge":54.05,"npi":[1063708725,1528078581]},{"billed_charge":58.75,"npi":[1043220650,1063708725,1184008369,1528078581]},{"billed_charge":62.32,"npi":[1043220650,1184008369]},{"billed_charge":72.75,"npi":[1063708725,1528078581]},{"billed_charge":72.85,"npi":[1063708725,1528078581]},{"billed_charge":116.02,"npi":[1063708725,1528078581]},{"billed_charge":237.94,"npi":[1063708725,1528078581]}]},{"allowed_amount":0.00,"billing_code_modifier":[""],"providers":[{"billed_charge":666.96,"npi":[1114025491,1720234776]},{"billed_charge":54.05,"npi":[1063708725,1528078581]},{"billed_charge":58.75,"npi":[1043220650,1063708725,1184008369,1528078581]},{"billed_charge":62.32,"npi":[1043220650,1184008369]},{"billed_charge":72.75,"npi":[1063708725,1528078581]},{"billed_charge":72.85,"npi":[1063708725,1528078581]},{"billed_charge":116.02,"npi":[1063708725,1528078581]},{"billed_charge":237.94,"npi":[1063708725,1528078581]}]},{"allowed_amount":0.00,"billing_code_modifier":[""],"providers":[{"billed_charge":666.96,"npi":[1114025491,1720234776]},{"billed_charge":54.05,"npi":[1063708725,1528078581]},{"billed_charge":58.75,"npi":[1043220650,1063708725,1184008369,1528078581]},{"billed_charge":62.32,"npi":[1043220650,1184008369]},{"billed_charge":72.75,"npi":[1063708725,1528078581]},{"billed_charge":72.85,"npi":[1063708725,1528078581]},{"billed_charge":116.02,"npi":[1063708725,1528078581]},{"billed_charge":237.94,"npi":[1063708725,1528078581]}]},{"allowed_amount":0.00,"billing_code_modifier":[""],"providers":[{"billed_charge":666.96,"npi":[1114025491,1720234776]},{"billed_charge":54.05,"npi":[1063708725,1528078581]},{"billed_charge":58.75,"npi":[1043220650,1063708725,1184008369,1528078581]},{"billed_charge":62.32,"npi":[1043220650,1184008369]},{"billed_charge":72.75,"npi":[1063708725,1528078581]},{"billed_charge":72.85,"npi":[1063708725,1528078581]},{"billed_charge":116.02,"npi":[1063708725,1528078581]},{"billed_charge":237.94,"npi":[1063708725,1528078581]}]},{"allowed_amount":0.00,"billing_code_modifier":[""],"providers":[{"billed_charge":666.96,"npi":[1114025491,1720234776]},{"billed_charge":54.05,"npi":[1063708725,1528078581]},{"billed_charge":58.75,"npi":[1043220650,1063708725,1184008369,1528078581]},{"billed_charge":62.32,"npi":[1043220650,1184008369]},{"billed_charge":72.75,"npi":[1063708725,1528078581]},{"billed_charge":72.85,"npi":[1063708725,1528078581]},{"billed_charge":116.02,"npi":[1063708725,1528078581]},{"billed_charge":237.94,"npi":[1063708725,1528078581]}]},{"allowed_amount":0.00,"billing_code_modifier":[""],"providers":[{"billed_charge":666.96,"npi":[1114025491,1720234776]},{"billed_charge":54.05,"npi":[1063708725,1528078581]},{"billed_charge":58.75,"npi":[1043220650,1063708725,1184008369,1528078581]},{"billed_charge":62.32,"npi":[1043220650,1184008369]},{"billed_charge":72.75,"npi":[1063708725,1528078581]},{"billed_charge":72.85,"npi":[1063708725,1528078581]},{"billed_charge":116.02,"npi":[1063708725,1528078581]},{"billed_charge":237.94,"npi":[1063708725,1528078581]}]},{"allowed_amount":0.00,"billing_code_modifier":[""],"providers":[{"billed_charge":666.96,"npi":[1114025491,1720234776]},{"billed_charge":54.05,"npi":[1063708725,1528078581]},{"billed_charge":58.75,"npi":[1043220650,1063708725,1184008369,1528078581]},{"billed_charge":62.32,"npi":[1043220650,1184008369]},{"billed_charge":72.75,"npi":[1063708725,1528078581]},{"billed_charge":72.85,"npi":[1063708725,1528078581]},{"billed_charge":116.02,"npi":[1063708725,1528078581]},{"billed_charge":237.94,"npi":[1063708725,1528078581]}]},{"allowed_amount":0.00,"billing_code_modifier":[""],"providers":[{"billed_charge":666.96,"npi":[1114025491,1720234776]},{"billed_charge":54.05,"npi":[1063708725,1528078581]},{"billed_charge":58.75,"npi":[1043220650,1063708725,1184008369,1528078581]},{"billed_charge":62.32,"npi":[1043220650,1184008369]},{"billed_charge":72.75,"npi":[1063708725,1528078581]},{"billed_charge":72.85,"npi":[1063708725,1528078581]},{"billed_charge":116.02,"npi":[1063708725,1528078581]},{"billed_charge":237.94,"npi":[1063708725,1528078581]}]}]},{"tin":{"type":"ein","value":"942854057"},"service_code":["22"],"billing_class":"institutional","payments":[{"allowed_amount":0.00,"billing_code_modifier":[""],"providers":[{"billed_charge":666.96,"npi":[1114025491,1720234776]},{"billed_charge":54.05,"npi":[1063708725,1528078581]},{"billed_charge":58.75,"npi":[1043220650,1063708725,1184008369,1528078581]},{"billed_charge":62.32,"npi":[1043220650,1184008369]},{"billed_charge":72.75,"npi":[1063708725,1528078581]},{"billed_charge":72.85,"npi":[1063708725,1528078581]},{"billed_charge":116.02,"npi":[1063708725,1528078581]},{"billed_charge":237.94,"npi":[1063708725,1528078581]}]},{"allowed_amount":0.00,"billing_code_modifier":[""],"providers":[{"billed_charge":666.96,"npi":[1114025491,1720234776]},{"billed_charge":54.05,"npi":[1063708725,1528078581]},{"billed_charge":58.75,"npi":[1043220650,1063708725,1184008369,1528078581]},{"billed_charge":62.32,"npi":[1043220650,1184008369]},{"billed_charge":72.75,"npi":[1063708725,1528078581]},{"billed_charge":72.85,"npi":[1063708725,1528078581]},{"billed_charge":116.02,"npi":[1063708725,1528078581]},{"billed_charge":237.94,"npi":[1063708725,1528078581]}]},{"allowed_amount":0.00,"billing_code_modifier":[""],"providers":[{"billed_charge":666.96,"npi":[1114025491,1720234776]},{"billed_charge":54.05,"npi":[1063708725,1528078581]},{"billed_charge":58.75,"npi":[1043220650,1063708725,1184008369,1528078581]},{"billed_charge":62.32,"npi":[1043220650,1184008369]},{"billed_charge":72.75,"npi":[1063708725,1528078581]},{"billed_charge":72.85,"npi":[1063708725,1528078581]},{"billed_charge":116.02,"npi":[1063708725,1528078581]},{"billed_charge":237.94,"npi":[1063708725,1528078581]}]},{"allowed_amount":0.00,"billing_code_modifier":[""],"providers":[{"billed_charge":666.96,"npi":[1114025491,1720234776]},{"billed_charge":54.05,"npi":[1063708725,1528078581]},{"billed_charge":58.75,"npi":[1043220650,1063708725,1184008369,1528078581]},{"billed_charge":62.32,"npi":[1043220650,1184008369]},{"billed_charge":72.75,"npi":[1063708725,1528078581]},{"billed_charge":72.85,"npi":[1063708725,1528078581]},{"billed_charge":116.02,"npi":[1063708725,1528078581]},{"billed_charge":237.94,"npi":[1063708725,1528078581]}]},{"allowed_amount":0.00,"billing_code_modifier":[""],"providers":[{"billed_charge":666.96,"npi":[1114025491,1720234776]},{"billed_charge":54.05,"npi":[1063708725,1528078581]},{"billed_charge":58.75,"npi":[1043220650,1063708725,1184008369,1528078581]},{"billed_charge":62.32,"npi":[1043220650,1184008369]},{"billed_charge":72.75,"npi":[1063708725,1528078581]},{"billed_charge":72.85,"npi":[1063708725,1528078581]},{"billed_charge":116.02,"npi":[1063708725,1528078581]},{"billed_charge":237.94,"npi":[1063708725,1528078581]}]},{"allowed_amount":0.00,"billing_code_modifier":[""],"providers":[{"billed_charge":666.96,"npi":[1114025491,1720234776]},{"billed_charge":54.05,"npi":[1063708725,1528078581]},{"billed_charge":58.75,"npi":[1043220650,1063708725,1184008369,1528078581]},{"billed_charge":62.32,"npi":[1043220650,1184008369]},{"billed_charge":72.75,"npi":[1063708725,1528078581]},{"billed_charge":72.85,"npi":[1063708725,1528078581]},{"billed_charge":116.02,"npi":[1063708725,1528078581]},{"billed_charge":237.94,"npi":[1063708725,1528078581]}]},{"allowed_amount":0.00,"billing_code_modifier":[""],"providers":[{"billed_charge":666.96,"npi":[1114025491,1720234776]},{"billed_charge":54.05,"npi":[1063708725,1528078581]},{"billed_charge":58.75,"npi":[1043220650,1063708725,1184008369,1528078581]},{"billed_charge":62.32,"npi":[1043220650,1184008369]},{"billed_charge":72.75,"npi":[1063708725,1528078581]},{"billed_charge":72.85,"npi":[1063708725,1528078581]},{"billed_charge":116.02,"npi":[1063708725,1528078581]},{"billed_charge":237.94,"npi":[1063708725,1528078581]}]},{"allowed_amount":0.00,"billing_code_modifier":[""],"providers":[{"billed_charge":666.96,"npi":[1114025491,1720234776]},{"billed_charge":54.05,"npi":[1063708725,1528078581]},{"billed_charge":58.75,"npi":[1043220650,1063708725,1184008369,1528078581]},{"billed_charge":62.32,"npi":[1043220650,1184008369]},{"billed_charge":72.75,"npi":[1063708725,1528078581]},{"billed_charge":72.85,"npi":[1063708725,1528078581]},{"billed_charge":116.02,"npi":[1063708725,1528078581]},{"billed_charge":237.94,"npi":[1063708725,1528078581]}]}]},{"tin":{"type":"ein","value":"942854057"},"service_code":["22"],"billing_class":"institutional","payments":[{"allowed_amount":0.00,"billing_code_modifier":[""],"providers":[{"billed_charge":666.96,"npi":[1114025491,1720234776]},{"billed_charge":54.05,"npi":[1063708725,1528078581]},{"billed_charge":58.75,"npi":[1043220650,1063708725,1184008369,1528078581]},{"billed_charge":62.32,"npi":[1043220650,1184008369]},{"billed_charge":72.75,"npi":[1063708725,1528078581]},{"billed_charge":72.85,"npi":[1063708725,1528078581]},{"billed_charge":116.02,"npi":[1063708725,1528078581]},{"billed_charge":237.94,"npi":[1063708725,1528078581]}]},{"allowed_amount":0.00,"billing_code_modifier":[""],"providers":[{"billed_charge":666.96,"npi":[1114025491,1720234776]},{"billed_charge":54.05,"npi":[1063708725,1528078581]},{"billed_charge":58.75,"npi":[1043220650,1063708725,1184008369,1528078581]},{"billed_charge":62.32,"npi":[1043220650,1184008369]},{"billed_charge":72.75,"npi":[1063708725,1528078581]},{"billed_charge":72.85,"npi":[1063708725,1528078581]},{"billed_charge":116.02,"npi":[1063708725,1528078581]},{"billed_charge":237.94,"npi":[1063708725,1528078581]}]},{"allowed_amount":0.00,"billing_code_modifier":[""],"providers":[{"billed_charge":666.96,"npi":[1114025491,1720234776]},{"billed_charge":54.05,"npi":[1063708725,1528078581]},{"billed_charge":58.75,"npi":[1043220650,1063708725,1184008369,1528078581]},{"billed_charge":62.32,"npi":[1043220650,1184008369]},{"billed_charge":72.75,"npi":[1063708725,1528078581]},{"billed_charge":72.85,"npi":[1063708725,1528078581]},{"billed_charge":116.02,"npi":[1063708725,1528078581]},{"billed_charge":237.94,"npi":[1063708725,1528078581]}]},{"allowed_amount":0.00,"billing_code_modifier":[""],"providers":[{"billed_charge":666.96,"npi":[1114025491,1720234776]},{"billed_charge":54.05,"npi":[1063708725,1528078581]},{"billed_charge":58.75,"npi":[1043220650,1063708725,1184008369,1528078581]},{"billed_charge":62.32,"npi":[1043220650,1184008369]},{"billed_charge":72.75,"npi":[1063708725,1528078581]},{"billed_charge":72.85,"npi":[1063708725,1528078581]},{"billed_charge":116.02,"npi":[1063708725,1528078581]},{"billed_charge":237.94,"npi":[1063708725,1528078581]}]},{"allowed_amount":0.00,"billing_code_modifier":[""],"providers":[{"billed_charge":666.96,"npi":[1114025491,1720234776]},{"billed_charge":54.05,"npi":[1063708725,1528078581]},{"billed_charge":58.75,"npi":[1043220650,1063708725,1184008369,1528078581]},{"billed_charge":62.32,"npi":[1043220650,1184008369]},{"billed_charge":72.75,"npi":[1063708725,1528078581]},{"billed_charge":72.85,"npi":[1063708725,1528078581]},{"billed_charge":116.02,"npi":[1063708725,1528078581]},{"billed_charge":237.94,"npi":[1063708725,1528078581]}]},{"allowed_amount":0.00,"billing_code_modifier":[""],"providers":[{"billed_charge":666.96,"npi":[1114025491,1720234776]},{"billed_charge":54.05,"npi":[1063708725,1528078581]},{"billed_charge":58.75,"npi":[1043220650,1063708725,1184008369,1528078581]},{"billed_charge":62.32,"npi":[1043220650,1184008369]},{"billed_charge":72.75,"npi":[1063708725,1528078581]},{"billed_charge":72.85,"npi":[1063708725,1528078581]},{"billed_charge":116.02,"npi":[1063708725,1528078581]},{"billed_charge":237.94,"npi":[1063708725,1528078581]}]},{"allowed_amount":0.00,"billing_code_modifier":[""],"providers":[{"billed_charge":666.96,"npi":[1114025491,1720234776]},{"billed_charge":54.05,"npi":[1063708725,1528078581]},{"billed_charge":58.75,"npi":[1043220650,1063708725,1184008369,1528078581]},{"billed_charge":62.32,"npi":[1043220650,1184008369]},{"billed_charge":72.75,"npi":[1063708725,1528078581]},{"billed_charge":72.85,"npi":[1063708725,1528078581]},{"billed_charge":116.02,"npi":[1063708725,1528078581]},{"billed_charge":237.94,"npi":[1063708725,1528078581]}]},{"allowed_amount":0.00,"billing_code_modifier":[""],"providers":[{"billed_charge":666.96,"npi":[1114025491,1720234776]},{"billed_charge":54.05,"npi":[1063708725,1528078581]},{"billed_charge":58.75,"npi":[1043220650,1063708725,1184008369,1528078581]},{"billed_charge":62.32,"npi":[1043220650,1184008369]},{"billed_charge":72.75,"npi":[1063708725,1528078581]},{"billed_charge":72.85,"npi":[1063708725,1528078581]},{"billed_charge":116.02,"npi":[1063708725,1528078581]},{"billed_charge":237.94,"npi":[1063708725,1528078581]}]}]},{"tin":{"type":"ein","value":"942854057"},"service_code":["22"],"billing_class":"institutional","payments":[{"allowed_amount":0.00,"billing_code_modifier":[""],"providers":[{"billed_charge":666.96,"npi":[1114025491,1720234776]},{"billed_charge":54.05,"npi":[1063708725,1528078581]},{"billed_charge":58.75,"npi":[1043220650,1063708725,1184008369,1528078581]},{"billed_charge":62.32,"npi":[1043220650,1184008369]},{"billed_charge":72.75,"npi":[1063708725,1528078581]},{"billed_charge":72.85,"npi":[1063708725,1528078581]},{"billed_charge":116.02,"npi":[1063708725,1528078581]},{"billed_charge":237.94,"npi":[1063708725,1528078581]}]},{"allowed_amount":0.00,"billing_code_modifier":[""],"providers":[{"billed_charge":666.96,"npi":[1114025491,1720234776]},{"billed_charge":54.05,"npi":[1063708725,1528078581]},{"billed_charge":58.75,"npi":[1043220650,1063708725,1184008369,1528078581]},{"billed_charge":62.32,"npi":[1043220650,1184008369]},{"billed_charge":72.75,"npi":[1063708725,1528078581]},{"billed_charge":72.85,"npi":[1063708725,1528078581]},{"billed_charge":116.02,"npi":[1063708725,1528078581]},{"billed_charge":237.94,"npi":[1063708725,1528078581]}]},{"allowed_amount":0.00,"billing_code_modifier":[""],"providers":[{"billed_charge":666.96,"npi":[1114025491,1720234776]},{"billed_charge":54.05,"npi":[1063708725,1528078581]},{"billed_charge":58.75,"npi":[1043220650,1063708725,1184008369,1528078581]},{"billed_charge":62.32,"npi":[1043220650,1184008369]},{"billed_charge":72.75,"npi":[1063708725,1528078581]},{"billed_charge":72.85,"npi":[1063708725,1528078581]},{"billed_charge":116.02,"npi":[1063708725,1528078581]},{"billed_charge":237.94,"npi":[1063708725,1528078581]}]},{"allowed_amount":0.00,"billing_code_modifier":[""],"providers":[{"billed_charge":666.96,"npi":[1114025491,1720234776]},{"billed_charge":54.05,"npi":[1063708725,1528078581]},{"billed_charge":58.75,"npi":[1043220650,1063708725,1184008369,1528078581]},{"billed_charge":62.32,"npi":[1043220650,1184008369]},{"billed_charge":72.75,"npi":[1063708725,1528078581]},{"billed_charge":72.85,"npi":[1063708725,1528078581]},{"billed_charge":116.02,"npi":[1063708725,1528078581]},{"billed_charge":237.94,"npi":[1063708725,1528078581]}]},{"allowed_amount":0.00,"billing_code_modifier":[""],"providers":[{"billed_charge":666.96,"npi":[1114025491,1720234776]},{"billed_charge":54.05,"npi":[1063708725,1528078581]},{"billed_charge":58.75,"npi":[1043220650,1063708725,1184008369,1528078581]},{"billed_charge":62.32,"npi":[1043220650,1184008369]},{"billed_charge":72.75,"npi":[1063708725,1528078581]},{"billed_charge":72.85,"npi":[1063708725,1528078581]},{"billed_charge":116.02,"npi":[1063708725,1528078581]},{"billed_charge":237.94,"npi":[1063708725,1528078581]}]},{"allowed_amount":0.00,"billing_code_modifier":[""],"providers":[{"billed_charge":666.96,"npi":[1114025491,1720234776]},{"billed_charge":54.05,"npi":[1063708725,1528078581]},{"billed_charge":58.75,"npi":[1043220650,1063708725,1184008369,1528078581]},{"billed_charge":62.32,"npi":[1043220650,1184008369]},{"billed_charge":72.75,"npi":[1063708725,1528078581]},{"billed_charge":72.85,"npi":[1063708725,1528078581]},{"billed_charge":116.02,"npi":[1063708725,1528078581]},{"billed_charge":237.94,"npi":[1063708725,1528078581]}]},{"allowed_amount":0.00,"billing_code_modifier":[""],"providers":[{"billed_charge":666.96,"npi":[1114025491,1720234776]},{"billed_charge":54.05,"npi":[1063708725,1528078581]},{"billed_charge":58.75,"npi":[1043220650,1063708725,1184008369,1528078581]},{"billed_charge":62.32,"npi":[1043220650,1184008369]},{"billed_charge":72.75,"npi":[1063708725,1528078581]},{"billed_charge":72.85,"npi":[1063708725,1528078581]},{"billed_charge":116.02,"npi":[1063708725,1528078581]},{"billed_charge":237.94,"npi":[1063708725,1528078581]}]},{"allowed_amount":0.00,"billing_code_modifier":[""],"providers":[{"billed_charge":666.96,"npi":[1114025491,1720234776]},{"billed_charge":54.05,"npi":[1063708725,1528078581]},{"billed_charge":58.75,"npi":[1043220650,1063708725,1184008369,1528078581]},{"billed_charge":62.32,"npi":[1043220650,1184008369]},{"billed_charge":72.75,"npi":[1063708725,1528078581]},{"billed_charge":72.85,"npi":[1063708725,1528078581]},{"billed_charge":116.02,"npi":[1063708725,1528078581]},{"billed_charge":237.94,"npi":[1063708725,1528078581]}]}]},{"tin":{"type":"ein","value":"942854057"},"service_code":["22"],"billing_class":"institutional","payments":[{"allowed_amount":0.00,"billing_code_modifier":[""],"providers":[{"billed_charge":666.96,"npi":[1114025491,1720234776]},{"billed_charge":54.05,"npi":[1063708725,1528078581]},{"billed_charge":58.75,"npi":[1043220650,1063708725,1184008369,1528078581]},{"billed_charge":62.32,"npi":[1043220650,1184008369]},{"billed_charge":72.75,"npi":[1063708725,1528078581]},{"billed_charge":72.85,"npi":[1063708725,1528078581]},{"billed_charge":116.02,"npi":[1063708725,1528078581]},{"billed_charge":237.94,"npi":[1063708725,1528078581]}]},{"allowed_amount":0.00,"billing_code_modifier":[""],"providers":[{"billed_charge":666.96,"npi":[1114025491,1720234776]},{"billed_charge":54.05,"npi":[1063708725,1528078581]},{"billed_charge":58.75,"npi":[1043220650,1063708725,1184008369,1528078581]},{"billed_charge":62.32,"npi":[1043220650,1184008369]},{"billed_charge":72.75,"npi":[1063708725,1528078581]},{"billed_charge":72.85,"npi":[1063708725,1528078581]},{"billed_charge":116.02,"npi":[1063708725,1528078581]},{"billed_charge":237.94,"npi":[1063708725,1528078581]}]},{"allowed_amount":0.00,"billing_code_modifier":[""],"providers":[{"billed_charge":666.96,"npi":[1114025491,1720234776]},{"billed_charge":54.05,"npi":[1063708725,1528078581]},{"billed_charge":58.75,"npi":[1043220650,1063708725,1184008369,1528078581]},{"billed_charge":62.32,"npi":[1043220650,1184008369]},{"billed_charge":72.75,"npi":[1063708725,1528078581]},{"billed_charge":72.85,"npi":[1063708725,1528078581]},{"billed_charge":116.02,"npi":[1063708725,1528078581]},{"billed_charge":237.94,"npi":[1063708725,1528078581]}]},{"allowed_amount":0.00,"billing_code_modifier":[""],"providers":[{"billed_charge":666.96,"npi":[1114025491,1720234776]},{"billed_charge":54.05,"npi":[1063708725,1528078581]},{"billed_charge":58.75,"npi":[1043220650,1063708725,1184008369,1528078581]},{"billed_charge":62.32,"npi":[1043220650,1184008369]},{"billed_charge":72.75,"npi":[1063708725,1528078581]},{"billed_charge":72.85,"npi":[1063708725,1528078581]},{"billed_charge":116.02,"npi":[1063708725,1528078581]},{"billed_charge":237.94,"npi":[1063708725,1528078581]}]},{"allowed_amount":0.00,"billing_code_modifier":[""],"providers":[{"billed_charge":666.96,"npi":[1114025491,1720234776]},{"billed_charge":54.05,"npi":[1063708725,1528078581]},{"billed_charge":58.75,"npi":[1043220650,1063708725,1184008369,1528078581]},{"billed_charge":62.32,"npi":[1043220650,1184008369]},{"billed_charge":72.75,"npi":[1063708725,1528078581]},{"billed_charge":72.85,"npi":[1063708725,1528078581]},{"billed_charge":116.02,"npi":[1063708725,1528078581]},{"billed_charge":237.94,"npi":[1063708725,1528078581]}]},{"allowed_amount":0.00,"billing_code_modifier":[""],"providers":[{"billed_charge":666.96,"npi":[1114025491,1720234776]},{"billed_charge":54.05,"npi":[1063708725,1528078581]},{"billed_charge":58.75,"npi":[1043220650,1063708725,1184008369,1528078581]},{"billed_charge":62.32,"npi":[1043220650,1184008369]},{"billed_charge":72.75,"npi":[1063708725,1528078581]},{"billed_charge":72.85,"npi":[1063708725,1528078581]},{"billed_charge":116.02,"npi":[1063708725,1528078581]},{"billed_charge":237.94,"npi":[1063708725,1528078581]}]},{"allowed_amount":0.00,"billing_code_modifier":[""],"providers":[{"billed_charge":666.96,"npi":[1114025491,1720234776]},{"billed_charge":54.05,"npi":[1063708725,1528078581]},{"billed_charge":58.75,"npi":[1043220650,1063708725,1184008369,1528078581]},{"billed_charge":62.32,"npi":[1043220650,1184008369]},{"billed_charge":72.75,"npi":[1063708725,1528078581]},{"billed_charge":72.85,"npi":[1063708725,1528078581]},{"billed_charge":116.02,"npi":[1063708725,1528078581]},{"billed_charge":237.94,"npi":[1063708725,1528078581]}]},{"allowed_amount":0.00,"billing_code_modifier":[""],"providers":[{"billed_charge":666.96,"npi":[1114025491,1720234776]},{"billed_charge":54.05,"npi":[1063708725,1528078581]},{"billed_charge":58.75,"npi":[1043220650,1063708725,1184008369,1528078581]},{"billed_charge":62.32,"npi":[1043220650,1184008369]},{"billed_charge":72.75,"npi":[1063708725,1528078581]},{"billed_charge":72.85,"npi":[1063708725,1528078581]},{"billed_charge":116.02,"npi":[1063708725,1528078581]},{"billed_charge":237.94,"npi":[1063708725,1528078581]}]}]},{"tin":{"type":"ein","value":"942854057"},"service_code":["22"],"billing_class":"institutional","payments":[{"allowed_amount":0.00,"billing_code_modifier":[""],"providers":[{"billed_charge":666.96,"npi":[1114025491,1720234776]},{"billed_charge":54.05,"npi":[1063708725,1528078581]},{"billed_charge":58.75,"npi":[1043220650,1063708725,1184008369,1528078581]},{"billed_charge":62.32,"npi":[1043220650,1184008369]},{"billed_charge":72.75,"npi":[1063708725,1528078581]},{"billed_charge":72.85,"npi":[1063708725,1528078581]},{"billed_charge":116.02,"npi":[1063708725,1528078581]},{"billed_charge":237.94,"npi":[1063708725,1528078581]}]},{"allowed_amount":0.00,"billing_code_modifier":[""],"providers":[{"billed_charge":666.96,"npi":[1114025491,1720234776]},{"billed_charge":54.05,"npi":[1063708725,1528078581]},{"billed_charge":58.75,"npi":[1043220650,1063708725,1184008369,1528078581]},{"billed_charge":62.32,"npi":[1043220650,1184008369]},{"billed_charge":72.75,"npi":[1063708725,1528078581]},{"billed_charge":72.85,"npi":[1063708725,1528078581]},{"billed_charge":116.02,"npi":[1063708725,1528078581]},{"billed_charge":237.94,"npi":[1063708725,1528078581]}]},{"allowed_amount":0.00,"billing_code_modifier":[""],"providers":[{"billed_charge":666.96,"npi":[1114025491,1720234776]},{"billed_charge":54.05,"npi":[1063708725,1528078581]},{"billed_charge":58.75,"npi":[1043220650,1063708725,1184008369,1528078581]},{"billed_charge":62.32,"npi":[1043220650,1184008369]},{"billed_charge":72.75,"npi":[1063708725,1528078581]},{"billed_charge":72.85,"npi":[1063708725,1528078581]},{"billed_charge":116.02,"npi":[1063708725,1528078581]},{"billed_charge":237.94,"npi":[1063708725,1528078581]}]},{"allowed_amount":0.00,"billing_code_modifier":[""],"providers":[{"billed_charge":666.96,"npi":[1114025491,1720234776]},{"billed_charge":54.05,"npi":[1063708725,1528078581]},{"billed_charge":58.75,"npi":[1043220650,1063708725,1184008369,1528078581]},{"billed_charge":62.32,"npi":[1043220650,1184008369]},{"billed_charge":72.75,"npi":[1063708725,1528078581]},{"billed_charge":72.85,"npi":[1063708725,1528078581]},{"billed_charge":116.02,"npi":[1063708725,1528078581]},{"billed_charge":237.94,"npi":[1063708725,1528078581]}]},{"allowed_amount":0.00,"billing_code_modifier":[""],"providers":[{"billed_charge":666.96,"npi":[1114025491,1720234776]},{"billed_charge":54.05,"npi":[1063708725,1528078581]},{"billed_charge":58.75,"npi":[1043220650,1063708725,1184008369,1528078581]},{"billed_charge":62.32,"npi":[1043220650,1184008369]},{"billed_charge":72.75,"npi":[1063708725,1528078581]},{"billed_charge":72.85,"npi":[1063708725,1528078581]},{"billed_charge":116.02,"npi":[1063708725,1528078581]},{"billed_charge":237.94,"npi":[1063708725,1528078581]}]},{"allowed_amount":0.00,"billing_code_modifier":[""],"providers":[{"billed_charge":666.96,"npi":[1114025491,1720234776]},{"billed_charge":54.05,"npi":[1063708725,1528078581]},{"billed_charge":58.75,"npi":[1043220650,1063708725,1184008369,1528078581]},{"billed_charge":62.32,"npi":[1043220650,1184008369]},{"billed_charge":72.75,"npi":[1063708725,1528078581]},{"billed_charge":72.85,"npi":[1063708725,1528078581]},{"billed_charge":116.02,"npi":[1063708725,1528078581]},{"billed_charge":237.94,"npi":[1063708725,1528078581]}]},{"allowed_amount":0.00,"billing_code_modifier":[""],"providers":[{"billed_charge":666.96,"npi":[1114025491,1720234776]},{"billed_charge":54.05,"npi":[1063708725,1528078581]},{"billed_charge":58.75,"npi":[1043220650,1063708725,1184008369,1528078581]},{"billed_charge":62.32,"npi":[1043220650,1184008369]},{"billed_charge":72.75,"npi":[1063708725,1528078581]},{"billed_charge":72.85,"npi":[1063708725,1528078581]},{"billed_charge":116.02,"npi":[1063708725,1528078581]},{"billed_charge":237.94,"npi":[1063708725,1528078581]}]},{"allowed_amount":0.00,"billing_code_modifier":[""],"providers":[{"billed_charge":666.96,"npi":[1114025491,1720234776]},{"billed_charge":54.05,"npi":[1063708725,1528078581]},{"billed_charge":58.75,"npi":[1043220650,1063708725,1184008369,1528078581]},{"billed_charge":62.32,"npi":[1043220650,1184008369]},{"billed_charge":72.75,"npi":[1063708725,1528078581]},{"billed_charge":72.85,"npi":[1063708725,1528078581]},{"billed_charge":116.02,"npi":[1063708725,1528078581]},{"billed_charge":237.94,"npi":[1063708725,1528078581]}]}]},{"tin":{"type":"ein","value":"942854057"},"service_code":["22"],"billing_class":"institutional","payments":[{"allowed_amount":0.00,"billing_code_modifier":[""],"providers":[{"billed_charge":666.96,"npi":[1114025491,1720234776]},{"billed_charge":54.05,"npi":[1063708725,1528078581]},{"billed_charge":58.75,"npi":[1043220650,1063708725,1184008369,1528078581]},{"billed_charge":62.32,"npi":[1043220650,1184008369]},{"billed_charge":72.75,"npi":[1063708725,1528078581]},{"billed_charge":72.85,"npi":[1063708725,1528078581]},{"billed_charge":116.02,"npi":[1063708725,1528078581]},{"billed_charge":237.94,"npi":[1063708725,1528078581]}]},{"allowed_amount":0.00,"billing_code_modifier":[""],"providers":[{"billed_charge":666.96,"npi":[1114025491,1720234776]},{"billed_charge":54.05,"npi":[1063708725,1528078581]},{"billed_charge":58.75,"npi":[1043220650,1063708725,1184008369,1528078581]},{"billed_charge":62.32,"npi":[1043220650,1184008369]},{"billed_charge":72.75,"npi":[1063708725,1528078581]},{"billed_charge":72.85,"npi":[1063708725,1528078581]},{"billed_charge":116.02,"npi":[1063708725,1528078581]},{"billed_charge":237.94,"npi":[1063708725,1528078581]}]},{"allowed_amount":0.00,"billing_code_modifier":[""],"providers":[{"billed_charge":666.96,"npi":[1114025491,1720234776]},{"billed_charge":54.05,"npi":[1063708725,1528078581]},{"billed_charge":58.75,"npi":[1043220650,1063708725,1184008369,1528078581]},{"billed_charge":62.32,"npi":[1043220650,1184008369]},{"billed_charge":72.75,"npi":[1063708725,1528078581]},{"billed_charge":72.85,"npi":[1063708725,1528078581]},{"billed_charge":116.02,"npi":[1063708725,1528078581]},{"billed_charge":237.94,"npi":[1063708725,1528078581]}]},{"allowed_amount":0.00,"billing_code_modifier":[""],"providers":[{"billed_charge":666.96,"npi":[1114025491,1720234776]},{"billed_charge":54.05,"npi":[1063708725,1528078581]},{"billed_charge":58.75,"npi":[1043220650,1063708725,1184008369,1528078581]},{"billed_charge":62.32,"npi":[1043220650,1184008369]},{"billed_charge":72.75,"npi":[1063708725,1528078581]},{"billed_charge":72.85,"npi":[1063708725,1528078581]},{"billed_charge":116.02,"npi":[1063708725,1528078581]},{"billed_charge":237.94,"npi":[1063708725,1528078581]}]},{"allowed_amount":0.00,"billing_code_modifier":[""],"providers":[{"billed_charge":666.96,"npi":[1114025491,1720234776]},{"billed_charge":54.05,"npi":[1063708725,1528078581]},{"billed_charge":58.75,"npi":[1043220650,1063708725,1184008369,1528078581]},{"billed_charge":62.32,"npi":[1043220650,1184008369]},{"billed_charge":72.75,"npi":[1063708725,1528078581]},{"billed_charge":72.85,"npi":[1063708725,1528078581]},{"billed_charge":116.02,"npi":[1063708725,1528078581]},{"billed_charge":237.94,"npi":[1063708725,1528078581]}]},{"allowed_amount":0.00,"billing_code_modifier":[""],"providers":[{"billed_charge":666.96,"npi":[1114025491,1720234776]},{"billed_charge":54.05,"npi":[1063708725,1528078581]},{"billed_charge":58.75,"npi":[1043220650,1063708725,1184008369,1528078581]},{"billed_charge":62.32,"npi":[1043220650,1184008369]},{"billed_charge":72.75,"npi":[1063708725,1528078581]},{"billed_charge":72.85,"npi":[1063708725,1528078581]},{"billed_charge":116.02,"npi":[1063708725,1528078581]},{"billed_charge":237.94,"npi":[1063708725,1528078581]}]},{"allowed_amount":0.00,"billing_code_modifier":[""],"providers":[{"billed_charge":666.96,"npi":[1114025491,1720234776]},{"billed_charge":54.05,"npi":[1063708725,1528078581]},{"billed_charge":58.75,"npi":[1043220650,1063708725,1184008369,1528078581]},{"billed_charge":62.32,"npi":[1043220650,1184008369]},{"billed_charge":72.75,"npi":[1063708725,1528078581]},{"billed_charge":72.85,"npi":[1063708725,1528078581]},{"billed_charge":116.02,"npi":[1063708725,1528078581]},{"billed_charge":237.94,"npi":[1063708725,1528078581]}]},{"allowed_amount":0.00,"billing_code_modifier":[""],"providers":[{"billed_charge":666.96,"npi":[1114025491,1720234776]},{"billed_charge":54.05,"npi":[1063708725,1528078581]},{"billed_charge":58.75,"npi":[1043220650,1063708725,1184008369,1528078581]},{"billed_charge":62.32,"npi":[1043220650,1184008369]},{"billed_charge":72.75,"npi":[1063708725,1528078581]},{"billed_charge":72.85,"npi":[1063708725,1528078581]},{"billed_charge":116.02,"npi":[1063708725,1528078581]},{"billed_charge":237.94,"npi":[1063708725,1528078581]}]}]},{"tin":{"type":"ein","value":"942854057"},"service_code":["22"],"billing_class":"institutional","payments":[{"allowed_amount":0.00,"billing_code_modifier":[""],"providers":[{"billed_charge":666.96,"npi":[1114025491,1720234776]},{"billed_charge":54.05,"npi":[1063708725,1528078581]},{"billed_charge":58.75,"npi":[1043220650,1063708725,1184008369,1528078581]},{"billed_charge":62.32,"npi":[1043220650,1184008369]},{"billed_charge":72.75,"npi":[1063708725,1528078581]},{"billed_charge":72.85,"npi":[1063708725,1528078581]},{"billed_charge":116.02,"npi":[1063708725,1528078581]},{"billed_charge":237.94,"npi":[1063708725,1528078581]}]},{"allowed_amount":0.00,"billing_code_modifier":[""],"providers":[{"billed_charge":666.96,"npi":[1114025491,1720234776]},{"billed_charge":54.05,"npi":[1063708725,1528078581]},{"billed_charge":58.75,"npi":[1043220650,1063708725,1184008369,1528078581]},{"billed_charge":62.32,"npi":[1043220650,1184008369]},{"billed_charge":72.75,"npi":[1063708725,1528078581]},{"billed_charge":72.85,"npi":[1063708725,1528078581]},{"billed_charge":116.02,"npi":[1063708725,1528078581]},{"billed_charge":237.94,"npi":[1063708725,1528078581]}]},{"allowed_amount":0.00,"billing_code_modifier":[""],"providers":[{"billed_charge":666.96,"npi":[1114025491,1720234776]},{"billed_charge":54.05,"npi":[1063708725,1528078581]},{"billed_charge":58.75,"npi":[1043220650,1063708725,1184008369,1528078581]},{"billed_charge":62.32,"npi":[1043220650,1184008369]},{"billed_charge":72.75,"npi":[1063708725,1528078581]},{"billed_charge":72.85,"npi":[1063708725,1528078581]},{"billed_charge":116.02,"npi":[1063708725,1528078581]},{"billed_charge":237.94,"npi":[1063708725,1528078581]}]},{"allowed_amount":0.00,"billing_code_modifier":[""],"providers":[{"billed_charge":666.96,"npi":[1114025491,1720234776]},{"billed_charge":54.05,"npi":[1063708725,1528078581]},{"billed_charge":58.75,"npi":[1043220650,1063708725,1184008369,1528078581]},{"billed_charge":62.32,"npi":[1043220650,1184008369]},{"billed_charge":72.75,"npi":[1063708725,1528078581]},{"billed_charge":72.85,"npi":[1063708725,1528078581]},{"billed_charge":116.02,"npi":[1063708725,1528078581]},{"billed_charge":237.94,"npi":[1063708725,1528078581]}]},{"allowed_amount":0.00,"billing_code_modifier":[""],"providers":[{"billed_charge":666.96,"npi":[1114025491,1720234776]},{"billed_charge":54.05,"npi":[1063708725,1528078581]},{"billed_charge":58.75,"npi":[1043220650,1063708725,1184008369,1528078581]},{"billed_charge":62.32,"npi":[1043220650,1184008369]},{"billed_charge":72.75,"npi":[1063708725,1528078581]},{"billed_charge":72.85,"npi":[1063708725,1528078581]},{"billed_charge":116.02,"npi":[1063708725,1528078581]},{"billed_charge":237.94,"npi":[1063708725,1528078581]}]},{"allowed_amount":0.00,"billing_code_modifier":[""],"providers":[{"billed_charge":666.96,"npi":[1114025491,1720234776]},{"billed_charge":54.05,"npi":[1063708725,1528078581]},{"billed_charge":58.75,"npi":[1043220650,1063708725,1184008369,1528078581]},{"billed_charge":62.32,"npi":[1043220650,1184008369]},{"billed_charge":72.75,"npi":[1063708725,1528078581]},{"billed_charge":72.85,"npi":[1063708725,1528078581]},{"billed_charge":116.02,"npi":[1063708725,1528078581]},{"billed_charge":237.94,"npi":[1063708725,1528078581]}]},{"allowed_amount":0.00,"billing_code_modifier":[""],"providers":[{"billed_charge":666.96,"npi":[1114025491,1720234776]},{"billed_charge":54.05,"npi":[1063708725,1528078581]},{"billed_charge":58.75,"npi":[1043220650,1063708725,1184008369,1528078581]},{"billed_charge":62.32,"npi":[1043220650,1184008369]},{"billed_charge":72.75,"npi":[1063708725,1528078581]},{"billed_charge":72.85,"npi":[1063708725,1528078581]},{"billed_charge":116.02,"npi":[1063708725,1528078581]},{"billed_charge":237.94,"npi":[1063708725,1528078581]}]},{"allowed_amount":0.00,"billing_code_modifier":[""],"providers":[{"billed_charge":666.96,"npi":[1114025491,1720234776]},{"billed_charge":54.05,"npi":[1063708725,1528078581]},{"billed_charge":58.75,"npi":[1043220650,1063708725,1184008369,1528078581]},{"billed_charge":62.32,"npi":[1043220650,1184008369]},{"billed_charge":72.75,"npi":[1063708725,1528078581]},{"billed_charge":72.85,"npi":[1063708725,1528078581]},{"billed_charge":116.02,"npi":[1063708725,1528078581]},{"billed_charge":237.94,"npi":[1063708725,1528078581]}]}]}]},{"name":"LIPID PANEL","billing_code_type":"CPT","billing_code_type_version":"2020","billing_code":"80061","description":"LIPID PANEL","allowed_amounts":[{"tin":{"type":"ein","value":"571207559"},"service_code":["11"],"billing_class":"professional","payments":[{"allowed_amount":0.00,"billing_code_modifier":[""],"providers":[{"billed_charge":114.00,"npi":[1659436038,1740531466,1770981839,1780961102]}]}]},{"tin":{"type":"ein","value":"840611484"},"service_code":["81"],"billing_class":"professional","payments":[{"allowed_amount":0.00,"billing_code_modifier":[""],"providers":[{"billed_charge":63.01,"npi":[1740262880,1932156692]},{"billed_charge":107.10,"npi":[1740262880,1760574776]},{"billed_charge":113.66,"npi":[1417261926,1740262880]}]},{"allowed_amount":0.00,"billing_code_modifier":[""],"providers":[{"billed_charge":63.01,"npi":[1740262880,1932156692]},{"billed_charge":107.10,"npi":[1740262880,1760574776]},{"billed_charge":113.66,"npi":[1417261926,1740262880]}]},{"allowed_amount":0.00,"billing_code_modifier":[""],"providers":[{"billed_charge":63.01,"npi":[1740262880,1932156692]},{"billed_charge":107.10,"npi":[1740262880,1760574776]},{"billed_charge":113.66,"npi":[1417261926,1740262880]}]}]},{"tin":{"type":"ein","value":"840611484"},"service_code":["81"],"billing_class":"professional","payments":[{"allowed_amount":0.00,"billing_code_modifier":[""],"providers":[{"billed_charge":63.01,"npi":[1740262880,1932156692]},{"billed_charge":107.10,"npi":[1740262880,1760574776]},{"billed_charge":113.66,"npi":[1417261926,1740262880]}]},{"allowed_amount":0.00,"billing_code_modifier":[""],"providers":[{"billed_charge":63.01,"npi":[1740262880,1932156692]},{"billed_charge":107.10,"npi":[1740262880,1760574776]},{"billed_charge":113.66,"npi":[1417261926,1740262880]}]},{"allowed_amount":0.00,"billing_code_modifier":[""],"providers":[{"billed_charge":63.01,"npi":[1740262880,1932156692]},{"billed_charge":107.10,"npi":[1740262880,1760574776]},{"billed_charge":113.66,"npi":[1417261926,1740262880]}]}]},{"tin":{"type":"ein","value":"840611484"},"service_code":["81"],"billing_class":"professional","payments":[{"allowed_amount":0.00,"billing_code_modifier":[""],"providers":[{"billed_charge":63.01,"npi":[1740262880,1932156692]},{"billed_charge":107.10,"npi":[1740262880,1760574776]},{"billed_charge":113.66,"npi":[1417261926,1740262880]}]},{"allowed_amount":0.00,"billing_code_modifier":[""],"providers":[{"billed_charge":63.01,"npi":[1740262880,1932156692]},{"billed_charge":107.10,"npi":[1740262880,1760574776]},{"billed_charge":113.66,"npi":[1417261926,1740262880]}]},{"allowed_amount":0.00,"billing_code_modifier":[""],"providers":[{"billed_charge":63.01,"npi":[1740262880,1932156692]},{"billed_charge":107.10,"npi":[1740262880,1760574776]},{"billed_charge":113.66,"npi":[1417261926,1740262880]}]}]},{"tin":{"type":"ein","value":"841688728"},"service_code":["11"],"billing_class":"professional","payments":[{"allowed_amount":0.00,"billing_code_modifier":[""],"providers":[{"billed_charge":57.00,"npi":[1962416701]}]}]},{"tin":{"type":"ein","value":"883286578"},"service_code":["81"],"billing_class":"professional","payments":[{"allowed_amount":0.00,"billing_code_modifier":[""],"providers":[{"billed_charge":145.92,"npi":[1366150773,1710970553]}]}]}]},{"name":"MEDICAL\/SURGICAL SUPPLIES","billing_code_type":"RC","billing_code_type_version":"UB04","billing_code":"0270","description":"MEDICAL\/SURGICAL SUPPLIES","allowed_amounts":[{"tin":{"type":"ein","value":"620850498"},"service_code":["65"],"billing_class":"institutional","payments":[{"allowed_amount":0.96,"billing_code_modifier":[""],"providers":[{"billed_charge":11.32,"npi":[1467560292,1841223237]}]}]},{"tin":{"type":"ein","value":"620850498"},"service_code":["65"],"billing_class":"institutional","payments":[{"allowed_amount":1.28,"billing_code_modifier":[""],"providers":[{"billed_charge":11.32,"npi":[1467560292,1841223237]}]}]},{"tin":{"type":"ein","value":"620850498"},"service_code":["65"],"billing_class":"institutional","payments":[{"allowed_amount":8.98,"billing_code_modifier":[""],"providers":[{"billed_charge":79.20,"npi":[1467560292,1841223237]}]}]},{"tin":{"type":"ein","value":"620850498"},"service_code":["65"],"billing_class":"institutional","payments":[{"allowed_amount":8.99,"billing_code_modifier":[""],"providers":[{"billed_charge":105.60,"npi":[1467560292,1841223237]}]}]}]},{"name":"OFFICE\/OUTPATIENT ESTABLISHED LOW MDM 20 MIN","billing_code_type":"CPT","billing_code_type_version":"2020","billing_code":"99213","description":"OFFICE\/OUTPATIENT ESTABLISHED LOW MDM 20 MIN","allowed_amounts":[{"tin":{"type":"ein","value":"202092147"},"service_code":["11"],"billing_class":"professional","payments":[{"allowed_amount":0.00,"billing_code_modifier":[""],"providers":[{"billed_charge":120.00,"npi":[1417036583]}]}]},{"tin":{"type":"ein","value":"571207559"},"service_code":["11"],"billing_class":"professional","payments":[{"allowed_amount":0.00,"billing_code_modifier":[""],"providers":[{"billed_charge":216.00,"npi":[1659436038,1770981839,1780961102]}]}]},{"tin":{"type":"ein","value":"571207559"},"service_code":["11"],"billing_class":"professional","payments":[{"allowed_amount":30.73,"billing_code_modifier":[""],"providers":[{"billed_charge":216.00,"npi":[1659436038,1740531466,1770981839,1780961102]}]}]},{"tin":{"type":"ein","value":"931652400"},"service_code":["11"],"billing_class":"professional","payments":[{"allowed_amount":0.00,"billing_code_modifier":[""],"providers":[{"billed_charge":258.00,"npi":[1255624441]}]}]}]},{"name":"OFFICE\/OUTPATIENT ESTABLISHED MOD MDM 30 MIN","billing_code_type":"CPT","billing_code_type_version":"2020","billing_code":"99214","description":"OFFICE\/OUTPATIENT ESTABLISHED MOD MDM 30 MIN","allowed_amounts":[{"tin":{"type":"ein","value":"452716222"},"service_code":["22"],"billing_class":"professional","payments":[{"allowed_amount":47.37,"billing_code_modifier":[""],"providers":[{"billed_charge":217.00,"npi":[1326336058,1871737973]}]}]},{"tin":{"type":"ein","value":"571207559"},"service_code":["11"],"billing_class":"professional","payments":[{"allowed_amount":0.00,"billing_code_modifier":[""],"providers":[{"billed_charge":329.00,"npi":[1659436038,1740531466,1780961102,1942612650]}]}]},{"tin":{"type":"ein","value":"571207559"},"service_code":["11"],"billing_class":"professional","payments":[{"allowed_amount":47.37,"billing_code_modifier":[""],"providers":[{"billed_charge":329.00,"npi":[1033543772,1659436038,1740531466,1780961102,1942612650]}]}]},{"tin":{"type":"ein","value":"810444758"},"service_code":["11"],"billing_class":"professional","payments":[{"allowed_amount":0.00,"billing_code_modifier":[""],"providers":[{"billed_charge":202.00,"npi":[1053342006,1265026033]}]}]},{"tin":{"type":"ein","value":"841688728"},"service_code":["11"],"billing_class":"professional","payments":[{"allowed_amount":0.00,"billing_code_modifier":[""],"providers":[{"billed_charge":248.00,"npi":[1962416701]}]}]},{"tin":{"type":"ein","value":"870468377"},"service_code":["11"],"billing_class":"professional","payments":[{"allowed_amount":47.37,"billing_code_modifier":[""],"providers":[{"billed_charge":242.61,"npi":[1215181797,1922096114]}]}]}]},{"name":"OFFICE\/OUTPATIENT ESTABLISHED SF MDM 10 MIN","billing_code_type":"CPT","billing_code_type_version":"2020","billing_code":"99212","description":"OFFICE\/OUTPATIENT ESTABLISHED SF MDM 10 MIN","allowed_amounts":[{"tin":{"type":"ein","value":"270982413"},"service_code":["02"],"billing_class":"professional","payments":[{"allowed_amount":21.77,"billing_code_modifier":[""],"providers":[{"billed_charge":42.00,"npi":[1477881506,1720240666]}]}]},{"tin":{"type":"ein","value":"571207559"},"service_code":["11"],"billing_class":"professional","payments":[{"allowed_amount":21.77,"billing_code_modifier":[""],"providers":[{"billed_charge":144.00,"npi":[1770981839,1780961102]}]}]},{"tin":{"type":"ein","value":"860857176"},"service_code":["10"],"billing_class":"professional","payments":[{"allowed_amount":21.77,"billing_code_modifier":[""],"providers":[{"billed_charge":166.00,"npi":[1790329407,1871564351]}]}]},{"tin":{"type":"ein","value":"863126396"},"service_code":["11"],"billing_class":"professional","payments":[{"allowed_amount":21.77,"billing_code_modifier":[""],"providers":[{"billed_charge":82.00,"npi":[1619433307]}]}]}]},{"name":"PHARMACY","billing_code_type":"RC","billing_code_type_version":"UB04","billing_code":"0250","description":"PHARMACY","allowed_amounts":[{"tin":{"type":"ein","value":"620850498"},"service_code":["65"],"billing_class":"institutional","payments":[{"allowed_amount":0.70,"billing_code_modifier":[""],"providers":[{"billed_charge":6.15,"npi":[1467560292,1841223237]}]}]}]},{"name":"PSYCHIATRIC\/PSYCHOLOGICAL SVCS: PARTIAL HOSP - INT","billing_code_type":"RC","billing_code_type_version":"UB04","billing_code":"0913","description":"PSYCHIATRIC\/PSYCHOLOGICAL SVCS: PARTIAL HOSP - INT","allowed_amounts":[{"tin":{"type":"ein","value":"263072065"},"service_code":["52"],"billing_class":"institutional","payments":[{"allowed_amount":0.00,"billing_code_modifier":[""],"providers":[{"billed_charge":2500.00,"npi":[1033373865,1497319214]}]}]}]},{"name":"PSYCHIATRIC\/PSYCHOLOGICAL SVCS: PARTIAL HOSP - LES","billing_code_type":"RC","billing_code_type_version":"UB04","billing_code":"0912","description":"PSYCHIATRIC\/PSYCHOLOGICAL SVCS: PARTIAL HOSP - LES","allowed_amounts":[{"tin":{"type":"ein","value":"850958497"},"service_code":["22"],"billing_class":"institutional","payments":[{"allowed_amount":306.00,"billing_code_modifier":[""],"providers":[{"billed_charge":3800.00,"npi":[1285734194,1932727096]}]}]}]},{"name":"PSYCHIATRIC\/PSYCHOLOGICAL TRT: INTENSIVE OUTPATIEN","billing_code_type":"RC","billing_code_type_version":"UB04","billing_code":"0905","description":"PSYCHIATRIC\/PSYCHOLOGICAL TRT: INTENSIVE OUTPATIEN","allowed_amounts":[{"tin":{"type":"ein","value":"263072065"},"service_code":["22"],"billing_class":"institutional","payments":[{"allowed_amount":0.00,"billing_code_modifier":[""],"providers":[{"billed_charge":1800.00,"npi":[1033373865,1497319214]}]}]}]},{"name":"RESIDENTIAL TREATMENT-CHEMICAL DEPENDENCY","billing_code_type":"RC","billing_code_type_version":"UB04","billing_code":"1002","description":"RESIDENTIAL TREATMENT-CHEMICAL DEPENDENCY","allowed_amounts":[{"tin":{"type":"ein","value":"850958497"},"service_code":["21"],"billing_class":"institutional","payments":[{"allowed_amount":0.00,"billing_code_modifier":[""],"providers":[{"billed_charge":5400.00,"npi":[1285734194,1932727096]}]}]},{"tin":{"type":"ein","value":"850958497"},"service_code":["21"],"billing_class":"institutional","payments":[{"allowed_amount":643.00,"billing_code_modifier":[""],"providers":[{"billed_charge":5400.00,"npi":[1285734194,1932727096]}]}]}]},{"name":"THERAPEUTIC PROPHYLACTIC\/DX INJECTION SUBQ\/IM","billing_code_type":"CPT","billing_code_type_version":"2020","billing_code":"96372","description":"THERAPEUTIC PROPHYLACTIC\/DX INJECTION SUBQ\/IM","allowed_amounts":[{"tin":{"type":"ein","value":"571207559"},"service_code":["11"],"billing_class":"professional","payments":[{"allowed_amount":19.90,"billing_code_modifier":[""],"providers":[{"billed_charge":66.00,"npi":[1659436038,1740531466,1770981839,1780961102,1942612650]}]}]}]}]}
