{"reporting_entity_name": "IEC Group_DBA AmeriBen",
	"reporting_entity_type": "Third Party Administrator",
	"plan_name": "GKN AEROSPACE INC",
	"plan_id_type": "ein",
	"plan_id": "541566763",
	"plan_market_type": "group",
	"last_updated_on": "2022-09-30","Version": "1.0.0","out_of_network":[{"name":"APPL MODALITY 1\/> AREAS TRACTION MECHANICAL","billing_code_type":"CPT","billing_code_type_version":"2020","billing_code":"97012","description":"APPL MODALITY 1\/> AREAS TRACTION MECHANICAL","allowed_amounts":[{"tin":{"type":"ein","value":"461579060"},"service_code":["11"],"billing_class":"professional","payments":[{"allowed_amount":17.23,"billing_code_modifier":[""],"providers":[{"billed_charge":65.00,"npi":[1942547062]}]}]},{"tin":{"type":"ein","value":"812599031"},"service_code":["11"],"billing_class":"professional","payments":[{"allowed_amount":17.23,"billing_code_modifier":[""],"providers":[{"billed_charge":20.00,"npi":[1336596055,1952758674]}]}]},{"tin":{"type":"ein","value":"823404419"},"service_code":["11"],"billing_class":"professional","payments":[{"allowed_amount":17.23,"billing_code_modifier":[""],"providers":[{"billed_charge":25.00,"npi":[1023511532,1104329614]}]}]},{"tin":{"type":"ein","value":"861276213"},"service_code":["11"],"billing_class":"professional","payments":[{"allowed_amount":17.23,"billing_code_modifier":[""],"providers":[{"billed_charge":35.00,"npi":[1154093151,1568077907]}]}]}]},{"name":"BASIC METABOLIC PANEL CALCIUM TOTAL","billing_code_type":"CPT","billing_code_type_version":"2020","billing_code":"80048","description":"BASIC METABOLIC PANEL CALCIUM TOTAL","allowed_amounts":[{"tin":{"type":"ein","value":"952645519"},"service_code":["21"],"billing_class":"professional","payments":[{"allowed_amount":10.15,"billing_code_modifier":[""],"providers":[{"billed_charge":73.60,"npi":[1407839921,1467560920,1568431088,1649232182]}]}]}]},{"name":"BLOOD COUNT COMPLETE AUTO&AUTO DIFRNTL WBC","billing_code_type":"CPT","billing_code_type_version":"2020","billing_code":"85025","description":"BLOOD COUNT COMPLETE AUTO&AUTO DIFRNTL WBC","allowed_amounts":[{"tin":{"type":"ein","value":"161387862"},"service_code":["81"],"billing_class":"professional","payments":[{"allowed_amount":9.32,"billing_code_modifier":[""],"providers":[{"billed_charge":13.00,"npi":[1851532493,1932145778]},{"billed_charge":45.50,"npi":[1831436153,1932145778]}]},{"allowed_amount":9.32,"billing_code_modifier":[""],"providers":[{"billed_charge":13.00,"npi":[1851532493,1932145778]},{"billed_charge":45.50,"npi":[1831436153,1932145778]}]}]},{"tin":{"type":"ein","value":"161387862"},"service_code":["81"],"billing_class":"professional","payments":[{"allowed_amount":9.32,"billing_code_modifier":[""],"providers":[{"billed_charge":13.00,"npi":[1851532493,1932145778]},{"billed_charge":45.50,"npi":[1831436153,1932145778]}]},{"allowed_amount":9.32,"billing_code_modifier":[""],"providers":[{"billed_charge":13.00,"npi":[1851532493,1932145778]},{"billed_charge":45.50,"npi":[1831436153,1932145778]}]}]},{"tin":{"type":"ein","value":"630047680"},"service_code":["11"],"billing_class":"professional","payments":[{"allowed_amount":9.32,"billing_code_modifier":[""],"providers":[{"billed_charge":25.00,"npi":[1063011005]}]}]},{"tin":{"type":"ein","value":"952645519"},"service_code":["21"],"billing_class":"professional","payments":[{"allowed_amount":9.32,"billing_code_modifier":[""],"providers":[{"billed_charge":27.60,"npi":[1407839921,1467560920,1568431088,1649232182]}]}]}]},{"name":"CCPD OPD\/HOME: CCPD COMP OR OTHER RATE","billing_code_type":"RC","billing_code_type_version":"UB04","billing_code":"0851","description":"CCPD OPD\/HOME: CCPD COMP OR OTHER RATE","allowed_amounts":[{"tin":{"type":"ein","value":"463621746"},"service_code":["65"],"billing_class":"institutional","payments":[{"allowed_amount":228.16,"billing_code_modifier":[""],"providers":[{"billed_charge":3937.55,"npi":[1770663890,1962839183]}]}]},{"tin":{"type":"ein","value":"463621746"},"service_code":["65"],"billing_class":"institutional","payments":[{"allowed_amount":232.09,"billing_code_modifier":[""],"providers":[{"billed_charge":3937.55,"npi":[1770663890,1962839183]}]}]},{"tin":{"type":"ein","value":"463621746"},"service_code":["65"],"billing_class":"institutional","payments":[{"allowed_amount":327.10,"billing_code_modifier":[""],"providers":[{"billed_charge":3937.55,"npi":[1770663890,1962839183]}]}]}]},{"name":"CHIROPRACTIC MANIPLTV TX EXTRASPINAL 1\/> REGION","billing_code_type":"CPT","billing_code_type_version":"2020","billing_code":"98943","description":"CHIROPRACTIC MANIPLTV TX EXTRASPINAL 1\/> REGION","allowed_amounts":[{"tin":{"type":"ein","value":"010932340"},"service_code":["11"],"billing_class":"professional","payments":[{"allowed_amount":30.05,"billing_code_modifier":[""],"providers":[{"billed_charge":50.00,"npi":[1366757809,1912077827]}]}]}]},{"name":"CHIROPRACTIC MANIPULATIVE TX SPINAL 3-4 REGIONS","billing_code_type":"CPT","billing_code_type_version":"2020","billing_code":"98941","description":"CHIROPRACTIC MANIPULATIVE TX SPINAL 3-4 REGIONS","allowed_amounts":[{"tin":{"type":"ein","value":"010932340"},"service_code":["11"],"billing_class":"professional","payments":[{"allowed_amount":52.03,"billing_code_modifier":[""],"providers":[{"billed_charge":65.00,"npi":[1366757809,1912077827]}]}]},{"tin":{"type":"ein","value":"202490579"},"service_code":["11"],"billing_class":"professional","payments":[{"allowed_amount":40.00,"billing_code_modifier":[""],"providers":[{"billed_charge":40.00,"npi":[1356402713,1770652802]}]}]},{"tin":{"type":"ein","value":"461579060"},"service_code":["11"],"billing_class":"professional","payments":[{"allowed_amount":47.69,"billing_code_modifier":[""],"providers":[{"billed_charge":72.00,"npi":[1942547062]}]}]},{"tin":{"type":"ein","value":"743122808"},"service_code":["11"],"billing_class":"professional","payments":[{"allowed_amount":47.69,"billing_code_modifier":[""],"providers":[{"billed_charge":65.00,"npi":[1124146832,1548273725,1699788810]}]}]},{"tin":{"type":"ein","value":"812599031"},"service_code":["11"],"billing_class":"professional","payments":[{"allowed_amount":47.69,"billing_code_modifier":[""],"providers":[{"billed_charge":60.00,"npi":[1336596055,1952758674]}]}]},{"tin":{"type":"ein","value":"823404419"},"service_code":["11"],"billing_class":"professional","payments":[{"allowed_amount":47.69,"billing_code_modifier":[""],"providers":[{"billed_charge":55.00,"npi":[1023511532,1104329614]}]}]},{"tin":{"type":"ein","value":"861276213"},"service_code":["11"],"billing_class":"professional","payments":[{"allowed_amount":47.69,"billing_code_modifier":[""],"providers":[{"billed_charge":95.00,"npi":[1154093151,1568077907]}]}]}]},{"name":"COLLECTION VENOUS BLOOD VENIPUNCTURE","billing_code_type":"CPT","billing_code_type_version":"2020","billing_code":"36415","description":"COLLECTION VENOUS BLOOD VENIPUNCTURE","allowed_amounts":[{"tin":{"type":"ein","value":"112981841"},"service_code":["81"],"billing_class":"professional","payments":[{"allowed_amount":3.60,"billing_code_modifier":[""],"providers":[{"billed_charge":25.00,"npi":[1033281126,1952466583]}]}]},{"tin":{"type":"ein","value":"161387862"},"service_code":["81"],"billing_class":"professional","payments":[{"allowed_amount":3.60,"billing_code_modifier":[""],"providers":[{"billed_charge":10.00,"npi":[1851532493,1932145778]}]}]},{"tin":{"type":"ein","value":"203763659"},"service_code":["11"],"billing_class":"professional","payments":[{"allowed_amount":3.60,"billing_code_modifier":[""],"providers":[{"billed_charge":21.00,"npi":[1598926917,1831148469]}]}]},{"tin":{"type":"ein","value":"263847741"},"service_code":["11"],"billing_class":"professional","payments":[{"allowed_amount":3.60,"billing_code_modifier":[""],"providers":[{"billed_charge":18.00,"npi":[1205074739,1801863659]}]}]},{"tin":{"type":"ein","value":"263858113"},"service_code":["11"],"billing_class":"professional","payments":[{"allowed_amount":3.60,"billing_code_modifier":[""],"providers":[{"billed_charge":15.00,"npi":[1245662477,1679681407]}]}]},{"tin":{"type":"ein","value":"350867958"},"service_code":["81"],"billing_class":"professional","payments":[{"allowed_amount":3.60,"billing_code_modifier":[""],"providers":[{"billed_charge":14.00,"npi":[1225195340,1235116443]}]}]},{"tin":{"type":"ein","value":"431039532"},"service_code":["81"],"billing_class":"professional","payments":[{"allowed_amount":3.60,"billing_code_modifier":[""],"providers":[{"billed_charge":21.37,"npi":[1053428177,1609812445]}]}]},{"tin":{"type":"ein","value":"451045993"},"service_code":["81"],"billing_class":"professional","payments":[{"allowed_amount":3.60,"billing_code_modifier":[""],"providers":[{"billed_charge":3.60,"npi":[1346220423,1952693277]}]}]},{"tin":{"type":"ein","value":"630047680"},"service_code":["11"],"billing_class":"professional","payments":[{"allowed_amount":3.60,"billing_code_modifier":[""],"providers":[{"billed_charge":8.00,"npi":[1063011005]}]}]}]},{"name":"DRUG TST PRSMV INSTRMNT CHEM ANALYZERS PR DATE","billing_code_type":"CPT","billing_code_type_version":"2020","billing_code":"80307","description":"DRUG TST PRSMV INSTRMNT CHEM ANALYZERS PR DATE","allowed_amounts":[{"tin":{"type":"ein","value":"113630760"},"service_code":["81"],"billing_class":"professional","payments":[{"allowed_amount":74.57,"billing_code_modifier":[""],"providers":[{"billed_charge":120.00,"npi":[1255468328,1699793034]}]}]},{"tin":{"type":"ein","value":"465330784"},"service_code":["81"],"billing_class":"professional","payments":[{"allowed_amount":74.57,"billing_code_modifier":[""],"providers":[{"billed_charge":155.00,"npi":[1649395229,1932586427]}]}]},{"tin":{"type":"ein","value":"472390897"},"service_code":["81"],"billing_class":"professional","payments":[{"allowed_amount":74.57,"billing_code_modifier":[""],"providers":[{"billed_charge":235.00,"npi":[1023439809,1528069820]}]}]},{"tin":{"type":"ein","value":"850734712"},"service_code":["81"],"billing_class":"professional","payments":[{"allowed_amount":74.57,"billing_code_modifier":[""],"providers":[{"billed_charge":186.00,"npi":[1740220557,1942825633]}]}]},{"tin":{"type":"ein","value":"853163633"},"service_code":["81"],"billing_class":"professional","payments":[{"allowed_amount":74.57,"billing_code_modifier":[""],"providers":[{"billed_charge":2996.30,"npi":[1063011898,1205923224]}]}]}]},{"name":"DRUGS REQUIRE SPECIFIC ID: DRUGS REQUIRING DETAIL","billing_code_type":"RC","billing_code_type_version":"UB04","billing_code":"0636","description":"DRUGS REQUIRE SPECIFIC ID: DRUGS REQUIRING DETAIL","allowed_amounts":[{"tin":{"type":"ein","value":"042625090"},"service_code":["65"],"billing_class":"institutional","payments":[{"allowed_amount":4.39,"billing_code_modifier":[""],"providers":[{"billed_charge":140.30,"npi":[1215931191,1356732424]}]}]},{"tin":{"type":"ein","value":"042625090"},"service_code":["65"],"billing_class":"institutional","payments":[{"allowed_amount":8.77,"billing_code_modifier":[""],"providers":[{"billed_charge":280.60,"npi":[1215931191,1356732424]}]}]}]},{"name":"EMERGENCY DEPARTMENT VISIT HIGH\/URGENT SEVERITY","billing_code_type":"CPT","billing_code_type_version":"2020","billing_code":"99284","description":"EMERGENCY DEPARTMENT VISIT HIGH\/URGENT SEVERITY","allowed_amounts":[{"tin":{"type":"ein","value":"630047680"},"service_code":["23"],"billing_class":"professional","payments":[{"allowed_amount":154.40,"billing_code_modifier":[""],"providers":[{"billed_charge":223.00,"npi":[1457492340,1730120726]}]}]}]},{"name":"EMERGENCY DEPT VISIT HIGH SEVERITY&THREAT FUNCJ","billing_code_type":"CPT","billing_code_type_version":"2020","billing_code":"99285","description":"EMERGENCY DEPT VISIT HIGH SEVERITY&THREAT FUNCJ","allowed_amounts":[{"tin":{"type":"ein","value":"330830630"},"service_code":["23"],"billing_class":"professional","payments":[{"allowed_amount":190.46,"billing_code_modifier":[""],"providers":[{"billed_charge":665.00,"npi":[1265920722,1528041811,1609915990]}]}]},{"tin":{"type":"ein","value":"464467849"},"service_code":["23"],"billing_class":"professional","payments":[{"allowed_amount":190.46,"billing_code_modifier":[""],"providers":[{"billed_charge":1100.00,"npi":[1154777415,1255694238,1306022959,1316168479,1487795811,1528041811,1649692716,1770538662,1962503805]}]}]},{"tin":{"type":"ein","value":"871451688"},"service_code":["23"],"billing_class":"professional","payments":[{"allowed_amount":190.46,"billing_code_modifier":[""],"providers":[{"billed_charge":1573.91,"npi":[1124698139,1376513754,1417274044]}]}]}]},{"name":"HEMO OPD\/HOME: HEMODIALYSIS COMP OR OTHER RATE","billing_code_type":"RC","billing_code_type_version":"UB04","billing_code":"0821","description":"HEMO OPD\/HOME: HEMODIALYSIS COMP OR OTHER RATE","allowed_amounts":[{"tin":{"type":"ein","value":"042625090"},"service_code":["65"],"billing_class":"institutional","payments":[{"allowed_amount":250.53,"billing_code_modifier":[""],"providers":[{"billed_charge":8010.89,"npi":[1215931191,1356732424]}]}]},{"tin":{"type":"ein","value":"824214731"},"service_code":["65"],"billing_class":"institutional","payments":[{"allowed_amount":272.09,"billing_code_modifier":[""],"providers":[{"billed_charge":7448.60,"npi":[1194072405,1407494362]}]}]}]},{"name":"INFEC AGEN DETEC AMPLI PROBE","billing_code_type":"HCPCS","billing_code_type_version":"HCPCS LEVEL II 2021","billing_code":"U0005","description":"INFEC AGEN DETEC AMPLI PROBE","allowed_amounts":[{"tin":{"type":"ein","value":"030511037"},"service_code":["81"],"billing_class":"professional","payments":[{"allowed_amount":30.00,"billing_code_modifier":[""],"providers":[{"billed_charge":125.00,"npi":[1730455783,1790234839,1821110453]}]}]},{"tin":{"type":"ein","value":"112019482"},"service_code":["81"],"billing_class":"professional","payments":[{"allowed_amount":25.00,"billing_code_modifier":[""],"providers":[{"billed_charge":100.00,"npi":[1356819635,1598820235]}]}]},{"tin":{"type":"ein","value":"113630760"},"service_code":["81"],"billing_class":"professional","payments":[{"allowed_amount":25.00,"billing_code_modifier":[""],"providers":[{"billed_charge":101.25,"npi":[1255468328,1316192958]}]}]},{"tin":{"type":"ein","value":"133757370"},"service_code":["81"],"billing_class":"professional","payments":[{"allowed_amount":25.00,"billing_code_modifier":[""],"providers":[{"billed_charge":25.00,"npi":[1063497451,1811514904]}]}]},{"tin":{"type":"ein","value":"203734391"},"service_code":["81"],"billing_class":"professional","payments":[{"allowed_amount":25.00,"billing_code_modifier":[""],"providers":[{"billed_charge":50.00,"npi":[1053584482,1528092020]}]}]},{"tin":{"type":"ein","value":"273440467"},"service_code":["81"],"billing_class":"professional","payments":[{"allowed_amount":30.00,"billing_code_modifier":[""],"providers":[{"billed_charge":38.00,"npi":[1194700179,1447592308]}]}]},{"tin":{"type":"ein","value":"462303470"},"service_code":["81"],"billing_class":"professional","payments":[{"allowed_amount":30.00,"billing_code_modifier":[""],"providers":[{"billed_charge":50.00,"npi":[1205435989,1871021030]}]}]},{"tin":{"type":"ein","value":"473727159"},"service_code":["81"],"billing_class":"professional","payments":[{"allowed_amount":25.00,"billing_code_modifier":[""],"providers":[{"billed_charge":25.00,"npi":[1225685902,1912521568]}]}]},{"tin":{"type":"ein","value":"474777175"},"service_code":["81"],"billing_class":"professional","payments":[{"allowed_amount":30.00,"billing_code_modifier":[""],"providers":[{"billed_charge":95.00,"npi":[1205410933,1497015085]}]}]},{"tin":{"type":"ein","value":"800943522"},"service_code":["81"],"billing_class":"professional","payments":[{"allowed_amount":25.00,"billing_code_modifier":[""],"providers":[{"billed_charge":25.00,"npi":[1013927425,1902070030]}]}]},{"tin":{"type":"ein","value":"840611484"},"service_code":["81"],"billing_class":"professional","payments":[{"allowed_amount":25.00,"billing_code_modifier":[""],"providers":[{"billed_charge":25.00,"npi":[1083241582,1255314704]}]}]},{"tin":{"type":"ein","value":"841905194"},"service_code":["81"],"billing_class":"professional","payments":[{"allowed_amount":30.00,"billing_code_modifier":[""],"providers":[{"billed_charge":40.00,"npi":[1386240786,1891733374]}]}]},{"tin":{"type":"ein","value":"852421177"},"service_code":["81"],"billing_class":"professional","payments":[{"allowed_amount":30.00,"billing_code_modifier":[""],"providers":[{"billed_charge":50.00,"npi":[1043313992,1366048019]}]}]},{"tin":{"type":"ein","value":"871544922"},"service_code":["81"],"billing_class":"professional","payments":[{"allowed_amount":30.00,"billing_code_modifier":[""],"providers":[{"billed_charge":50.00,"npi":[1720752538,1871533380]}]}]},{"tin":{"type":"ein","value":"872391019"},"service_code":["81"],"billing_class":"professional","payments":[{"allowed_amount":30.00,"billing_code_modifier":[""],"providers":[{"billed_charge":100.00,"npi":[1780356725,1972504447]}]}]},{"tin":{"type":"ein","value":"873007294"},"service_code":["81"],"billing_class":"professional","payments":[{"allowed_amount":30.00,"billing_code_modifier":[""],"providers":[{"billed_charge":75.00,"npi":[1043973456,1356728091]}]}]},{"tin":{"type":"ein","value":"880099333"},"service_code":["81"],"billing_class":"professional","payments":[{"allowed_amount":25.00,"billing_code_modifier":[""],"providers":[{"billed_charge":25.00,"npi":[1043256886,1376884122]}]}]},{"tin":{"type":"ein","value":"880241758"},"service_code":["81"],"billing_class":"professional","payments":[{"allowed_amount":25.00,"billing_code_modifier":[""],"providers":[{"billed_charge":25.00,"npi":[1124417357,1992847644]}]}]},{"tin":{"type":"ein","value":"952645519"},"service_code":["21"],"billing_class":"professional","payments":[{"allowed_amount":30.00,"billing_code_modifier":[""],"providers":[{"billed_charge":57.50,"npi":[1407839921,1467560920,1568431088,1649232182]}]}]}]},{"name":"MANUAL THERAPY TQS 1\/> REGIONS EACH 15 MINUTES","billing_code_type":"CPT","billing_code_type_version":"2020","billing_code":"97140","description":"MANUAL THERAPY TQS 1\/> REGIONS EACH 15 MINUTES","allowed_amounts":[{"tin":{"type":"ein","value":"450491475"},"service_code":["11"],"billing_class":"professional","payments":[{"allowed_amount":36.42,"billing_code_modifier":[""],"providers":[{"billed_charge":55.00,"npi":[1083706451,1124792635,1184714883,1710117163,1902993462]}]}]}]},{"name":"MEDICAL\/SURGICAL SUPPLIES","billing_code_type":"RC","billing_code_type_version":"UB04","billing_code":"0270","description":"MEDICAL\/SURGICAL SUPPLIES","allowed_amounts":[{"tin":{"type":"ein","value":"042625090"},"service_code":["65"],"billing_class":"institutional","payments":[{"allowed_amount":4.23,"billing_code_modifier":[""],"providers":[{"billed_charge":135.24,"npi":[1215931191,1356732424]}]}]}]},{"name":"PHARMACY","billing_code_type":"RC","billing_code_type_version":"UB04","billing_code":"0250","description":"PHARMACY","allowed_amounts":[{"tin":{"type":"ein","value":"042625090"},"service_code":["65"],"billing_class":"institutional","payments":[{"allowed_amount":1.57,"billing_code_modifier":[""],"providers":[{"billed_charge":50.38,"npi":[1215931191,1356732424]}]}]}]},{"name":"PSYCHIATRIC\/PSYCHOLOGICAL SVCS: PARTIAL HOSP - INT","billing_code_type":"RC","billing_code_type_version":"UB04","billing_code":"0913","description":"PSYCHIATRIC\/PSYCHOLOGICAL SVCS: PARTIAL HOSP - INT","allowed_amounts":[{"tin":{"type":"ein","value":"320572774"},"service_code":["99"],"billing_class":"institutional","payments":[{"allowed_amount":802.12,"billing_code_modifier":[""],"providers":[{"billed_charge":3995.00,"npi":[1326294844,1417425604]}]}]},{"tin":{"type":"ein","value":"812580179"},"service_code":["22"],"billing_class":"institutional","payments":[{"allowed_amount":810.84,"billing_code_modifier":[""],"providers":[{"billed_charge":3200.00,"npi":[1205923224,1679924666]}]}]}]},{"name":"PSYCHIATRIC\/PSYCHOLOGICAL TRT: INTENSIVE OUT SERV","billing_code_type":"RC","billing_code_type_version":"UB04","billing_code":"0906","description":"PSYCHIATRIC\/PSYCHOLOGICAL TRT: INTENSIVE OUT SERV","allowed_amounts":[{"tin":{"type":"ein","value":"812580179"},"service_code":["22"],"billing_class":"institutional","payments":[{"allowed_amount":109.42,"billing_code_modifier":[""],"providers":[{"billed_charge":2800.00,"npi":[1205923224,1679924666]}]}]},{"tin":{"type":"ein","value":"843891104"},"service_code":["22"],"billing_class":"institutional","payments":[{"allowed_amount":107.23,"billing_code_modifier":[""],"providers":[{"billed_charge":2300.00,"npi":[1205462124]}]}]}]},{"name":"RESIDENTIAL TREATMENT-CHEMICAL DEPENDENCY","billing_code_type":"RC","billing_code_type_version":"UB04","billing_code":"1002","description":"RESIDENTIAL TREATMENT-CHEMICAL DEPENDENCY","allowed_amounts":[{"tin":{"type":"ein","value":"850957390"},"service_code":["21"],"billing_class":"institutional","payments":[{"allowed_amount":1195.15,"billing_code_modifier":[""],"providers":[{"billed_charge":4495.00,"npi":[1083687891,1750976064]}]}]}]},{"name":"SARS-COV-2 COVID-19 AMP PRB HTT","billing_code_type":"HCPCS","billing_code_type_version":"HCPCS LEVEL II 2021","billing_code":"U0003","description":"SARS-COV-2 COVID-19 AMP PRB HTT","allowed_amounts":[{"tin":{"type":"ein","value":"030511037"},"service_code":["81"],"billing_class":"professional","payments":[{"allowed_amount":90.00,"billing_code_modifier":[""],"providers":[{"billed_charge":375.00,"npi":[1730455783,1790234839,1821110453]}]}]},{"tin":{"type":"ein","value":"113630760"},"service_code":["81"],"billing_class":"professional","payments":[{"allowed_amount":100.00,"billing_code_modifier":[""],"providers":[{"billed_charge":303.75,"npi":[1255468328,1316192958]}]}]},{"tin":{"type":"ein","value":"133757370"},"service_code":["81"],"billing_class":"professional","payments":[{"allowed_amount":100.00,"billing_code_modifier":[""],"providers":[{"billed_charge":100.00,"npi":[1063497451,1811514904]}]}]},{"tin":{"type":"ein","value":"203734391"},"service_code":["81"],"billing_class":"professional","payments":[{"allowed_amount":100.00,"billing_code_modifier":[""],"providers":[{"billed_charge":200.00,"npi":[1053584482,1528092020]}]}]},{"tin":{"type":"ein","value":"473727159"},"service_code":["81"],"billing_class":"professional","payments":[{"allowed_amount":100.00,"billing_code_modifier":[""],"providers":[{"billed_charge":125.00,"npi":[1225685902,1245769298,1679880876,1912521568]}]}]},{"tin":{"type":"ein","value":"474777175"},"service_code":["81"],"billing_class":"professional","payments":[{"allowed_amount":90.00,"billing_code_modifier":[""],"providers":[{"billed_charge":295.00,"npi":[1205410933,1497015085]}]}]},{"tin":{"type":"ein","value":"800943522"},"service_code":["81"],"billing_class":"professional","payments":[{"allowed_amount":90.00,"billing_code_modifier":[""],"providers":[{"billed_charge":225.00,"npi":[1013927425,1902070030]}]}]},{"tin":{"type":"ein","value":"840611484"},"service_code":["81"],"billing_class":"professional","payments":[{"allowed_amount":100.00,"billing_code_modifier":[""],"providers":[{"billed_charge":100.00,"npi":[1083241582,1255314704]}]}]},{"tin":{"type":"ein","value":"852421177"},"service_code":["81"],"billing_class":"professional","payments":[{"allowed_amount":90.00,"billing_code_modifier":[""],"providers":[{"billed_charge":200.00,"npi":[1043313992,1366048019]}]}]},{"tin":{"type":"ein","value":"871544922"},"service_code":["81"],"billing_class":"professional","payments":[{"allowed_amount":90.00,"billing_code_modifier":[""],"providers":[{"billed_charge":375.00,"npi":[1720752538,1871533380]}]}]},{"tin":{"type":"ein","value":"872391019"},"service_code":["81"],"billing_class":"professional","payments":[{"allowed_amount":90.00,"billing_code_modifier":[""],"providers":[{"billed_charge":250.00,"npi":[1780356725,1972504447]}]}]},{"tin":{"type":"ein","value":"880099333"},"service_code":["81"],"billing_class":"professional","payments":[{"allowed_amount":100.00,"billing_code_modifier":[""],"providers":[{"billed_charge":100.00,"npi":[1043256886,1376884122]}]}]},{"tin":{"type":"ein","value":"880241758"},"service_code":["81"],"billing_class":"professional","payments":[{"allowed_amount":100.00,"billing_code_modifier":[""],"providers":[{"billed_charge":100.00,"npi":[1124417357,1639279417,1992847644]}]}]},{"tin":{"type":"ein","value":"952645519"},"service_code":["21"],"billing_class":"professional","payments":[{"allowed_amount":90.00,"billing_code_modifier":[""],"providers":[{"billed_charge":201.25,"npi":[1407839921,1467560920,1568431088,1649232182]}]}]}]},{"name":"SBSQ HOSPITAL CARE\/DAY 15 MINUTES","billing_code_type":"CPT","billing_code_type_version":"2020","billing_code":"99231","description":"SBSQ HOSPITAL CARE\/DAY 15 MINUTES","allowed_amounts":[{"tin":{"type":"ein","value":"330515386"},"service_code":["21"],"billing_class":"professional","payments":[{"allowed_amount":41.15,"billing_code_modifier":[""],"providers":[{"billed_charge":100.00,"npi":[1437103942,1528041811,1568624336,1659359446,1720014038,1831134162]}]}]}]},{"name":"SBSQ HOSPITAL CARE\/DAY 25 MINUTES","billing_code_type":"CPT","billing_code_type_version":"2020","billing_code":"99232","description":"SBSQ HOSPITAL CARE\/DAY 25 MINUTES","allowed_amounts":[{"tin":{"type":"ein","value":"203007678"},"service_code":["21"],"billing_class":"professional","payments":[{"allowed_amount":101.38,"billing_code_modifier":[""],"providers":[{"billed_charge":341.42,"npi":[1154423622,1821252024,1902865355]}]}]},{"tin":{"type":"ein","value":"330515386"},"service_code":["21"],"billing_class":"professional","payments":[{"allowed_amount":74.62,"billing_code_modifier":[""],"providers":[{"billed_charge":184.00,"npi":[1437103942,1528041811,1568624336,1689692956,1902928260]}]}]}]},{"name":"SBSQ HOSPITAL CARE\/DAY 35 MINUTES","billing_code_type":"CPT","billing_code_type_version":"2020","billing_code":"99233","description":"SBSQ HOSPITAL CARE\/DAY 35 MINUTES","allowed_amounts":[{"tin":{"type":"ein","value":"330515386"},"service_code":["21"],"billing_class":"professional","payments":[{"allowed_amount":107.12,"billing_code_modifier":[""],"providers":[{"billed_charge":265.00,"npi":[1386936862,1437103942,1528041811,1689692956,1740467224,1760773725]}]}]}]},{"name":"SPECIMEN COLLECT COVID-19","billing_code_type":"HCPCS","billing_code_type_version":"HCPCS LEVEL II 2021","billing_code":"G2023","description":"SPECIMEN COLLECT COVID-19","allowed_amounts":[{"tin":{"type":"ein","value":"030511037"},"service_code":["81"],"billing_class":"professional","payments":[{"allowed_amount":28.15,"billing_code_modifier":[""],"providers":[{"billed_charge":117.00,"npi":[1730455783,1790234839,1821110453]}]}]},{"tin":{"type":"ein","value":"474777175"},"service_code":["81"],"billing_class":"professional","payments":[{"allowed_amount":28.15,"billing_code_modifier":[""],"providers":[{"billed_charge":150.00,"npi":[1205410933,1497015085]}]}]},{"tin":{"type":"ein","value":"841905194"},"service_code":["81"],"billing_class":"professional","payments":[{"allowed_amount":28.15,"billing_code_modifier":[""],"providers":[{"billed_charge":40.00,"npi":[1386240786,1891733374]}]}]},{"tin":{"type":"ein","value":"852421177"},"service_code":["81"],"billing_class":"professional","payments":[{"allowed_amount":28.15,"billing_code_modifier":[""],"providers":[{"billed_charge":48.00,"npi":[1043313992,1366048019]}]}]},{"tin":{"type":"ein","value":"862763302"},"service_code":["11"],"billing_class":"professional","payments":[{"allowed_amount":28.15,"billing_code_modifier":[""],"providers":[{"billed_charge":40.00,"npi":[1285737569,1407432289]}]}]},{"tin":{"type":"ein","value":"871544922"},"service_code":["81"],"billing_class":"professional","payments":[{"allowed_amount":28.15,"billing_code_modifier":[""],"providers":[{"billed_charge":50.00,"npi":[1720752538,1871533380]}]}]},{"tin":{"type":"ein","value":"872391019"},"service_code":["81"],"billing_class":"professional","payments":[{"allowed_amount":28.15,"billing_code_modifier":[""],"providers":[{"billed_charge":50.00,"npi":[1780356725,1972504447]}]}]}]},{"name":"THER PX 1\/> AREAS EACH 15 MIN NEUROMUSC REEDUCA","billing_code_type":"CPT","billing_code_type_version":"2020","billing_code":"97112","description":"THER PX 1\/> AREAS EACH 15 MIN NEUROMUSC REEDUCA","allowed_amounts":[{"tin":{"type":"ein","value":"450491475"},"service_code":["11"],"billing_class":"professional","payments":[{"allowed_amount":46.30,"billing_code_modifier":[""],"providers":[{"billed_charge":59.00,"npi":[1083706451,1124792635,1184714883,1710117163,1902993462]}]}]},{"tin":{"type":"ein","value":"853483331"},"service_code":["11"],"billing_class":"professional","payments":[{"allowed_amount":41.36,"billing_code_modifier":[""],"providers":[{"billed_charge":58.00,"npi":[1093250334,1245839166,1477964203]}]}]}]},{"name":"THERAPEUT ACTVITY DIRECT PT CONTACT EACH 15 MIN","billing_code_type":"CPT","billing_code_type_version":"2020","billing_code":"97530","description":"THERAPEUT ACTVITY DIRECT PT CONTACT EACH 15 MIN","allowed_amounts":[{"tin":{"type":"ein","value":"450491475"},"service_code":["11"],"billing_class":"professional","payments":[{"allowed_amount":51.01,"billing_code_modifier":[""],"providers":[{"billed_charge":60.00,"npi":[1083706451,1124792635,1184714883,1710117163]}]}]}]},{"name":"THERAPEUTIC PX 1\/> AREAS EACH 15 MIN EXERCISES","billing_code_type":"CPT","billing_code_type_version":"2020","billing_code":"97110","description":"THERAPEUTIC PX 1\/> AREAS EACH 15 MIN EXERCISES","allowed_amounts":[{"tin":{"type":"ein","value":"010932340"},"service_code":["11"],"billing_class":"professional","payments":[{"allowed_amount":39.17,"billing_code_modifier":[""],"providers":[{"billed_charge":45.00,"npi":[1366757809,1912077827]}]}]},{"tin":{"type":"ein","value":"450491475"},"service_code":["11"],"billing_class":"professional","payments":[{"allowed_amount":79.46,"billing_code_modifier":[""],"providers":[{"billed_charge":114.00,"npi":[1083706451,1124792635,1184714883,1710117163,1902993462]}]}]},{"tin":{"type":"ein","value":"825387674"},"service_code":["11"],"billing_class":"professional","payments":[{"allowed_amount":39.17,"billing_code_modifier":[""],"providers":[{"billed_charge":55.00,"npi":[1013408434,1679921084,1780024588]}]}]},{"tin":{"type":"ein","value":"853483331"},"service_code":["11"],"billing_class":"professional","payments":[{"allowed_amount":71.28,"billing_code_modifier":[""],"providers":[{"billed_charge":112.00,"npi":[1093250334,1245839166,1477964203]}]}]}]}]}
