{"reporting_entity_name": "IEC Group_DBA AmeriBen",
	"reporting_entity_type": "Third Party Administrator",
	"plan_name": "CHAMBERLAIN HRDLICKA",
	"plan_id_type": "ein",
	"plan_id": "823774540",
	"plan_market_type": "group",
	"last_updated_on": "2022-11-01","Version": "1.0.0","out_of_network":[{"name":"THERAPEUT ACTVITY DIRECT PT CONTACT EACH 15 MIN","billing_code_type":"CPT","billing_code_type_version":"2020","billing_code":"97530","description":"THERAPEUT ACTVITY DIRECT PT CONTACT EACH 15 MIN","allowed_amounts":[{"tin":{"type":"ein","value":"473010314"},"service_code":["11"],"billing_class":"professional","payments":[{"allowed_amount":91.74,"billing_code_modifier":[""],"providers":[{"billed_charge":200.00,"npi":[1093035230,1538531041]}]}]}]}]}
