{"reporting_entity_name": "IEC Group_DBA AmeriBen",
	"reporting_entity_type": "Third Party Administrator",
	"plan_name": "GKN AEROSPACE INC",
	"plan_id_type": "ein",
	"plan_id": "541566763",
	"plan_market_type": "group",
	"last_updated_on": "2024-07-01","Version": "1.0.0","out_of_network":[{"name":"ASSAY OF QUININE","billing_code_type":"CPT","billing_code_type_version":"2020","billing_code":"84228","description":"ASSAY OF QUININE","allowed_amounts":[{"tin":{"type":"ein","value":"880241758"},"service_code":["81"],"billing_class":"professional","payments":[{"allowed_amount":13.96,"billing_code_modifier":[""],"providers":[{"billed_charge":48.00,"npi":[1699782722,1750437695]}]}]}]},{"name":"BLOOD COUNT COMPLETE AUTO&AUTO DIFRNTL WBC","billing_code_type":"CPT","billing_code_type_version":"2020","billing_code":"85025","description":"BLOOD COUNT COMPLETE AUTO&AUTO DIFRNTL WBC","allowed_amounts":[{"tin":{"type":"ein","value":"952645519"},"service_code":["21"],"billing_class":"professional","payments":[{"allowed_amount":4.85,"billing_code_modifier":[""],"providers":[{"billed_charge":30.36,"npi":[1285693424,1447448493,1568431088]}]}]}]},{"name":"BLOOD COUNT HEMOGLOBIN","billing_code_type":"CPT","billing_code_type_version":"2020","billing_code":"85018","description":"BLOOD COUNT HEMOGLOBIN","allowed_amounts":[{"tin":{"type":"ein","value":"208845872"},"service_code":["11"],"billing_class":"professional","payments":[{"allowed_amount":2.84,"billing_code_modifier":[""],"providers":[{"billed_charge":16.00,"npi":[1053388678,1477761161]}]}]},{"tin":{"type":"ein","value":"751093698"},"service_code":["81"],"billing_class":"professional","payments":[{"allowed_amount":2.84,"billing_code_modifier":[""],"providers":[{"billed_charge":6.50,"npi":[1659339711,1962481820]}]}]},{"tin":{"type":"ein","value":"943357013"},"service_code":["81"],"billing_class":"professional","payments":[{"allowed_amount":2.84,"billing_code_modifier":[""],"providers":[{"billed_charge":29.00,"npi":[1194072405,1982606992]}]}]}]},{"name":"CHIROPRACTIC MANIPULATIVE TX SPINAL 3-4 REGIONS","billing_code_type":"CPT","billing_code_type_version":"2020","billing_code":"98941","description":"CHIROPRACTIC MANIPULATIVE TX SPINAL 3-4 REGIONS","allowed_amounts":[{"tin":{"type":"ein","value":"202490579"},"service_code":["11"],"billing_class":"professional","payments":[{"allowed_amount":40.00,"billing_code_modifier":[""],"providers":[{"billed_charge":40.00,"npi":[1356402713,1770652802]}]}]},{"tin":{"type":"ein","value":"743122808"},"service_code":["11"],"billing_class":"professional","payments":[{"allowed_amount":45.49,"billing_code_modifier":[""],"providers":[{"billed_charge":65.00,"npi":[1124146832,1548273725,1699788810]}]}]},{"tin":{"type":"ein","value":"845163103"},"service_code":["11"],"billing_class":"professional","payments":[{"allowed_amount":40.00,"billing_code_modifier":[""],"providers":[{"billed_charge":40.00,"npi":[1699397687,1851919203]}]}]}]},{"name":"CHIROPRACTIC MANIPULATIVE TX SPINAL 5 REGIONS","billing_code_type":"CPT","billing_code_type_version":"2020","billing_code":"98942","description":"CHIROPRACTIC MANIPULATIVE TX SPINAL 5 REGIONS","allowed_amounts":[{"tin":{"type":"ein","value":"463629109"},"service_code":["11"],"billing_class":"professional","payments":[{"allowed_amount":52.00,"billing_code_modifier":[""],"providers":[{"billed_charge":52.00,"npi":[1811908247,1942636048]}]}]}]},{"name":"COL-CHR\/MS NONDRUG ANALYTE NES QUAL\/QUAN EA SPEC","billing_code_type":"CPT","billing_code_type_version":"2020","billing_code":"82542","description":"COL-CHR\/MS NONDRUG ANALYTE NES QUAL\/QUAN EA SPEC","allowed_amounts":[{"tin":{"type":"ein","value":"880241758"},"service_code":["81"],"billing_class":"professional","payments":[{"allowed_amount":28.91,"billing_code_modifier":[""],"providers":[{"billed_charge":90.00,"npi":[1699782722,1750437695]}]}]}]},{"name":"COMPREHENSIVE METABOLIC PANEL","billing_code_type":"CPT","billing_code_type_version":"2020","billing_code":"80053","description":"COMPREHENSIVE METABOLIC PANEL","allowed_amounts":[{"tin":{"type":"ein","value":"952645519"},"service_code":["21"],"billing_class":"professional","payments":[{"allowed_amount":10.88,"billing_code_modifier":[""],"providers":[{"billed_charge":93.61,"npi":[1285693424,1447448493,1568431088]}]}]}]},{"name":"DRUG TST DEFINITV DR ID METH P DAY 22\/MORE DR CL","billing_code_type":"HCPCS","billing_code_type_version":"HCPCS LEVEL II 2021","billing_code":"G0483","description":"DRUG TST DEFINITV DR ID METH P DAY 22\/MORE DR CL","allowed_amounts":[{"tin":{"type":"ein","value":"113387538"},"service_code":["81"],"billing_class":"professional","payments":[{"allowed_amount":296.30,"billing_code_modifier":[""],"providers":[{"billed_charge":617.30,"npi":[1093135154,1336361575]}]}]},{"tin":{"type":"ein","value":"880241758"},"service_code":["81"],"billing_class":"professional","payments":[{"allowed_amount":296.30,"billing_code_modifier":[""],"providers":[{"billed_charge":926.00,"npi":[1699782722,1750437695]}]}]}]},{"name":"SBSQ HOSPITAL IP\/OBS CARE MOD MDM 35 MINUTES","billing_code_type":"CPT","billing_code_type_version":"2020","billing_code":"99232","description":"SBSQ HOSPITAL IP\/OBS CARE MOD MDM 35 MINUTES","allowed_amounts":[{"tin":{"type":"ein","value":"271661214"},"service_code":["21"],"billing_class":"professional","payments":[{"allowed_amount":85.84,"billing_code_modifier":[""],"providers":[{"billed_charge":500.00,"npi":[1043598865,1093975419,1124361746,1366682239,1598835308,1700174562,1871665380]}]}]},{"tin":{"type":"ein","value":"844907368"},"service_code":["21"],"billing_class":"professional","payments":[{"allowed_amount":78.80,"billing_code_modifier":[""],"providers":[{"billed_charge":322.00,"npi":[1053555961,1467087627,1902865355]}]}]}]}]}
