{"reporting_entity_name": "IEC Group_DBA AmeriBen",
	"reporting_entity_type": "Third Party Administrator",
	"plan_name": "CASELLA WASTE SYSTEMS, INC.",
	"plan_id_type": "ein",
	"plan_id": "030338873",
	"plan_market_type": "group",
	"last_updated_on": "2025-08-01","Version": "1.0.0","out_of_network":[{"name":"MEDICAL\/SURGICAL SUPPLIES","billing_code_type":"RC","billing_code_type_version":"UB04","billing_code":"0270","description":"MEDICAL\/SURGICAL SUPPLIES","allowed_amounts":[{"tin":{"type":"ein","value":"232536597"},"service_code":["65"],"billing_class":"institutional","payments":[{"allowed_amount":8.03,"billing_code_modifier":[""],"providers":[{"billed_charge":140.95,"npi":[1326008756,1811160518]}]}]},{"tin":{"type":"ein","value":"822830112"},"service_code":["65"],"billing_class":"institutional","payments":[{"allowed_amount":8.03,"billing_code_modifier":[""],"providers":[{"billed_charge":140.95,"npi":[1578083648,1962744268]}]}]},{"tin":{"type":"ein","value":"841377630"},"service_code":["65"],"billing_class":"institutional","payments":[{"allowed_amount":8.03,"billing_code_modifier":[""],"providers":[{"billed_charge":140.95,"npi":[1750539367,1851327902]}]}]}]},{"name":"OTHER THERAPEUTIC SERV: DRUG REHAB","billing_code_type":"RC","billing_code_type_version":"UB04","billing_code":"0944","description":"OTHER THERAPEUTIC SERV: DRUG REHAB","allowed_amounts":[{"tin":{"type":"ein","value":"510278050"},"service_code":["22"],"billing_class":"institutional","payments":[{"allowed_amount":12.00,"billing_code_modifier":[""],"providers":[{"billed_charge":12.00,"npi":[1346320983,1790063378]}]}]}]},{"name":"PHARMACY","billing_code_type":"RC","billing_code_type_version":"UB04","billing_code":"0250","description":"PHARMACY","allowed_amounts":[{"tin":{"type":"ein","value":"232536597"},"service_code":["65"],"billing_class":"institutional","payments":[{"allowed_amount":0.04,"billing_code_modifier":[""],"providers":[{"billed_charge":0.70,"npi":[1326008756,1811160518]}]}]},{"tin":{"type":"ein","value":"232536597"},"service_code":["65"],"billing_class":"institutional","payments":[{"allowed_amount":0.05,"billing_code_modifier":[""],"providers":[{"billed_charge":0.70,"npi":[1326008756,1811160518]}]}]},{"tin":{"type":"ein","value":"232536597"},"service_code":["65"],"billing_class":"institutional","payments":[{"allowed_amount":0.08,"billing_code_modifier":[""],"providers":[{"billed_charge":1.84,"npi":[1326008756,1811160518]}]}]},{"tin":{"type":"ein","value":"232536597"},"service_code":["65"],"billing_class":"institutional","payments":[{"allowed_amount":0.10,"billing_code_modifier":[""],"providers":[{"billed_charge":1.84,"npi":[1326008756,1811160518]}]}]},{"tin":{"type":"ein","value":"232536597"},"service_code":["65"],"billing_class":"institutional","payments":[{"allowed_amount":0.11,"billing_code_modifier":[""],"providers":[{"billed_charge":1.84,"npi":[1326008756,1811160518]}]}]},{"tin":{"type":"ein","value":"822830112"},"service_code":["65"],"billing_class":"institutional","payments":[{"allowed_amount":0.04,"billing_code_modifier":[""],"providers":[{"billed_charge":0.68,"npi":[1578083648,1962744268]},{"billed_charge":0.70,"npi":[1578083648,1962744268]},{"billed_charge":0.92,"npi":[1578083648,1962744268]},{"billed_charge":0.94,"npi":[1578083648,1962744268]}]},{"allowed_amount":0.04,"billing_code_modifier":[""],"providers":[{"billed_charge":0.68,"npi":[1578083648,1962744268]},{"billed_charge":0.70,"npi":[1578083648,1962744268]},{"billed_charge":0.92,"npi":[1578083648,1962744268]},{"billed_charge":0.94,"npi":[1578083648,1962744268]}]},{"allowed_amount":0.04,"billing_code_modifier":[""],"providers":[{"billed_charge":0.68,"npi":[1578083648,1962744268]},{"billed_charge":0.70,"npi":[1578083648,1962744268]},{"billed_charge":0.92,"npi":[1578083648,1962744268]},{"billed_charge":0.94,"npi":[1578083648,1962744268]}]},{"allowed_amount":0.04,"billing_code_modifier":[""],"providers":[{"billed_charge":0.68,"npi":[1578083648,1962744268]},{"billed_charge":0.70,"npi":[1578083648,1962744268]},{"billed_charge":0.92,"npi":[1578083648,1962744268]},{"billed_charge":0.94,"npi":[1578083648,1962744268]}]}]},{"tin":{"type":"ein","value":"822830112"},"service_code":["65"],"billing_class":"institutional","payments":[{"allowed_amount":0.04,"billing_code_modifier":[""],"providers":[{"billed_charge":0.68,"npi":[1578083648,1962744268]},{"billed_charge":0.70,"npi":[1578083648,1962744268]},{"billed_charge":0.92,"npi":[1578083648,1962744268]},{"billed_charge":0.94,"npi":[1578083648,1962744268]}]},{"allowed_amount":0.04,"billing_code_modifier":[""],"providers":[{"billed_charge":0.68,"npi":[1578083648,1962744268]},{"billed_charge":0.70,"npi":[1578083648,1962744268]},{"billed_charge":0.92,"npi":[1578083648,1962744268]},{"billed_charge":0.94,"npi":[1578083648,1962744268]}]},{"allowed_amount":0.04,"billing_code_modifier":[""],"providers":[{"billed_charge":0.68,"npi":[1578083648,1962744268]},{"billed_charge":0.70,"npi":[1578083648,1962744268]},{"billed_charge":0.92,"npi":[1578083648,1962744268]},{"billed_charge":0.94,"npi":[1578083648,1962744268]}]},{"allowed_amount":0.04,"billing_code_modifier":[""],"providers":[{"billed_charge":0.68,"npi":[1578083648,1962744268]},{"billed_charge":0.70,"npi":[1578083648,1962744268]},{"billed_charge":0.92,"npi":[1578083648,1962744268]},{"billed_charge":0.94,"npi":[1578083648,1962744268]}]}]},{"tin":{"type":"ein","value":"822830112"},"service_code":["65"],"billing_class":"institutional","payments":[{"allowed_amount":0.04,"billing_code_modifier":[""],"providers":[{"billed_charge":0.68,"npi":[1578083648,1962744268]},{"billed_charge":0.70,"npi":[1578083648,1962744268]},{"billed_charge":0.92,"npi":[1578083648,1962744268]},{"billed_charge":0.94,"npi":[1578083648,1962744268]}]},{"allowed_amount":0.04,"billing_code_modifier":[""],"providers":[{"billed_charge":0.68,"npi":[1578083648,1962744268]},{"billed_charge":0.70,"npi":[1578083648,1962744268]},{"billed_charge":0.92,"npi":[1578083648,1962744268]},{"billed_charge":0.94,"npi":[1578083648,1962744268]}]},{"allowed_amount":0.04,"billing_code_modifier":[""],"providers":[{"billed_charge":0.68,"npi":[1578083648,1962744268]},{"billed_charge":0.70,"npi":[1578083648,1962744268]},{"billed_charge":0.92,"npi":[1578083648,1962744268]},{"billed_charge":0.94,"npi":[1578083648,1962744268]}]},{"allowed_amount":0.04,"billing_code_modifier":[""],"providers":[{"billed_charge":0.68,"npi":[1578083648,1962744268]},{"billed_charge":0.70,"npi":[1578083648,1962744268]},{"billed_charge":0.92,"npi":[1578083648,1962744268]},{"billed_charge":0.94,"npi":[1578083648,1962744268]}]}]},{"tin":{"type":"ein","value":"822830112"},"service_code":["65"],"billing_class":"institutional","payments":[{"allowed_amount":0.04,"billing_code_modifier":[""],"providers":[{"billed_charge":0.68,"npi":[1578083648,1962744268]},{"billed_charge":0.70,"npi":[1578083648,1962744268]},{"billed_charge":0.92,"npi":[1578083648,1962744268]},{"billed_charge":0.94,"npi":[1578083648,1962744268]}]},{"allowed_amount":0.04,"billing_code_modifier":[""],"providers":[{"billed_charge":0.68,"npi":[1578083648,1962744268]},{"billed_charge":0.70,"npi":[1578083648,1962744268]},{"billed_charge":0.92,"npi":[1578083648,1962744268]},{"billed_charge":0.94,"npi":[1578083648,1962744268]}]},{"allowed_amount":0.04,"billing_code_modifier":[""],"providers":[{"billed_charge":0.68,"npi":[1578083648,1962744268]},{"billed_charge":0.70,"npi":[1578083648,1962744268]},{"billed_charge":0.92,"npi":[1578083648,1962744268]},{"billed_charge":0.94,"npi":[1578083648,1962744268]}]},{"allowed_amount":0.04,"billing_code_modifier":[""],"providers":[{"billed_charge":0.68,"npi":[1578083648,1962744268]},{"billed_charge":0.70,"npi":[1578083648,1962744268]},{"billed_charge":0.92,"npi":[1578083648,1962744268]},{"billed_charge":0.94,"npi":[1578083648,1962744268]}]}]},{"tin":{"type":"ein","value":"822830112"},"service_code":["65"],"billing_class":"institutional","payments":[{"allowed_amount":0.05,"billing_code_modifier":[""],"providers":[{"billed_charge":0.92,"npi":[1578083648,1962744268]},{"billed_charge":0.94,"npi":[1578083648,1962744268]}]},{"allowed_amount":0.05,"billing_code_modifier":[""],"providers":[{"billed_charge":0.92,"npi":[1578083648,1962744268]},{"billed_charge":0.94,"npi":[1578083648,1962744268]}]}]},{"tin":{"type":"ein","value":"822830112"},"service_code":["65"],"billing_class":"institutional","payments":[{"allowed_amount":0.05,"billing_code_modifier":[""],"providers":[{"billed_charge":0.92,"npi":[1578083648,1962744268]},{"billed_charge":0.94,"npi":[1578083648,1962744268]}]},{"allowed_amount":0.05,"billing_code_modifier":[""],"providers":[{"billed_charge":0.92,"npi":[1578083648,1962744268]},{"billed_charge":0.94,"npi":[1578083648,1962744268]}]}]},{"tin":{"type":"ein","value":"822830112"},"service_code":["65"],"billing_class":"institutional","payments":[{"allowed_amount":0.10,"billing_code_modifier":[""],"providers":[{"billed_charge":1.84,"npi":[1578083648,1962744268]}]}]}]}]}
