{"reporting_entity_name": "IEC Group_DBA AmeriBen",
	"reporting_entity_type": "Third Party Administrator",
	"plan_name": "CENTRAL ARIZONA PROJECT",
	"issuer_name": "IEC Group_DBA AmeriBen",
	"plan_sponsor_name": "CENTRAL ARIZONA PROJECT",
	"plan_id_type": "ein",
	"plan_id": "860349262",
	"plan_market_type": "group",
	"last_updated_on": "2026-02-01","reporting_period": {
		"start_date": "2025-08-05",
		"end_date": "2025-11-03"
	},"version": "2.0.0","out_of_network":[{"name":"AMB SRVC ALS EMERG TRANSPORT LEVL 1","billing_code_type":"HCPCS","billing_code_type_version":"HCPCS LEVEL II 2021","billing_code":"A0427","description":"AMB SRVC ALS EMERG TRANSPORT LEVL 1","allowed_amounts":[{"tin":{"type":"ein","value":"880125707"},"service_code":["41"],"billing_class":"professional","setting":"outpatient","payments":[{"allowed_amount":662.57,"providers":[{"billed_charge":1312.34,"npi":[1235232562]}]}]}]},{"name":"ANES DX\/THER NERVE BLOCK\/INJECTION PRONE POS","billing_code_type":"CPT","billing_code_type_version":"2020","billing_code":"01992","description":"ANES DX\/THER NERVE BLOCK\/INJECTION PRONE POS","allowed_amounts":[{"tin":{"type":"ein","value":"843471566"},"service_code":["24"],"billing_class":"professional","setting":"outpatient","payments":[{"allowed_amount":0.00,"providers":[{"billed_charge":9000.00,"npi":[1003223314,1205193109]}]}]}]},{"name":"ANESTHESIA","billing_code_type":"RC","billing_code_type_version":"UB04","billing_code":"0370","description":"ANESTHESIA","allowed_amounts":[{"tin":{"type":"ein","value":"951644600"},"billing_class":"institutional","setting":"inpatient","payments":[{"allowed_amount":14147.97,"providers":[{"billed_charge":65886.46,"npi":[1639172372]}]}]}]},{"name":"ANESTHESIA COMBINED UPPER&LOWER GI ENDOSCOPIC PX","billing_code_type":"CPT","billing_code_type_version":"2020","billing_code":"00813","description":"ANESTHESIA COMBINED UPPER&LOWER GI ENDOSCOPIC PX","allowed_amounts":[{"tin":{"type":"ein","value":"364890668"},"service_code":["22"],"billing_class":"professional","setting":"outpatient","payments":[{"allowed_amount":824.00,"providers":[{"billed_charge":824.00,"npi":[1407353006,1851592570,1912397969]}]}]},{"tin":{"type":"ein","value":"932795252"},"service_code":["24"],"billing_class":"professional","setting":"outpatient","payments":[{"allowed_amount":276.56,"providers":[{"billed_charge":3600.00,"npi":[1144970112,1508142167,1770583601]}]}]}]},{"name":"ANESTHESIA EYE LENS SURGERY","billing_code_type":"CPT","billing_code_type_version":"2020","billing_code":"00142","description":"ANESTHESIA EYE LENS SURGERY","allowed_amounts":[{"tin":{"type":"ein","value":"823204385"},"service_code":["24"],"billing_class":"professional","setting":"outpatient","payments":[{"allowed_amount":244.02,"providers":[{"billed_charge":1800.00,"npi":[1255337010,1306806732,1598277832,1962943118]}]}]}]},{"name":"ANESTHESIA LOWER INTST ENDOSCOPIC PX NOS","billing_code_type":"CPT","billing_code_type_version":"2020","billing_code":"00811","description":"ANESTHESIA LOWER INTST ENDOSCOPIC PX NOS","allowed_amounts":[{"tin":{"type":"ein","value":"273431600"},"service_code":["24"],"billing_class":"professional","setting":"outpatient","payments":[{"allowed_amount":172.85,"providers":[{"billed_charge":3900.00,"npi":[1164836516,1407934516,1831408038]}]}]},{"tin":{"type":"ein","value":"871610185"},"service_code":["24"],"billing_class":"professional","setting":"outpatient","payments":[{"allowed_amount":236.94,"providers":[{"billed_charge":6995.00,"npi":[1518997774,1881968857,1891749313]}]}]}]},{"name":"ANESTHESIA LOWER INTST ENDOSCOPIC PX SCR COLSC","billing_code_type":"CPT","billing_code_type_version":"2020","billing_code":"00812","description":"ANESTHESIA LOWER INTST ENDOSCOPIC PX SCR COLSC","allowed_amounts":[{"tin":{"type":"ein","value":"274839290"},"service_code":["24"],"billing_class":"professional","setting":"outpatient","payments":[{"allowed_amount":438.00,"providers":[{"billed_charge":438.00,"npi":[1407821770,1609087568,1720386832]}]}]}]},{"name":"ANESTHESIA UPPER GI ENDOSCOPIC PX NOS","billing_code_type":"CPT","billing_code_type_version":"2020","billing_code":"00731","description":"ANESTHESIA UPPER GI ENDOSCOPIC PX NOS","allowed_amounts":[{"tin":{"type":"ein","value":"334608346"},"service_code":["24"],"billing_class":"professional","setting":"outpatient","payments":[{"allowed_amount":241.99,"providers":[{"billed_charge":17500.00,"npi":[1659351187,1679566582,1790962470]}]}]}]},{"name":"ASSAY OF CALPROTECTIN FECAL","billing_code_type":"CPT","billing_code_type_version":"2020","billing_code":"83993","description":"ASSAY OF CALPROTECTIN FECAL","allowed_amounts":[{"tin":{"type":"ein","value":"223699755"},"service_code":["11"],"billing_class":"professional","setting":"outpatient","payments":[{"allowed_amount":17.66,"providers":[{"billed_charge":59.00,"npi":[1104903723,1114986940,1164836516,1366992802]}]}]}]},{"name":"ASSAY OF FREE THYROXINE","billing_code_type":"CPT","billing_code_type_version":"2020","billing_code":"84439","description":"ASSAY OF FREE THYROXINE","allowed_amounts":[{"tin":{"type":"ein","value":"472221436"},"service_code":["11"],"billing_class":"professional","setting":"outpatient","payments":[{"allowed_amount":8.11,"providers":[{"billed_charge":37.00,"npi":[1013313857,1467451922,1629155676]}]}]}]},{"name":"ASSAY OF THYROID STIMULATING HORMONE TSH","billing_code_type":"CPT","billing_code_type_version":"2020","billing_code":"84443","description":"ASSAY OF THYROID STIMULATING HORMONE TSH","allowed_amounts":[{"tin":{"type":"ein","value":"472221436"},"service_code":["11"],"billing_class":"professional","setting":"outpatient","payments":[{"allowed_amount":13.99,"providers":[{"billed_charge":69.00,"npi":[1013313857,1467451922,1629155676]}]}]},{"tin":{"type":"ein","value":"472221436"},"service_code":["11"],"billing_class":"professional","setting":"outpatient","payments":[{"allowed_amount":14.64,"providers":[{"billed_charge":69.00,"npi":[1013313857,1467451922,1629155676]}]}]}]},{"name":"ASSAY OF TRIIODOTHYRONINE T3 FREE","billing_code_type":"CPT","billing_code_type_version":"2020","billing_code":"84481","description":"ASSAY OF TRIIODOTHYRONINE T3 FREE","allowed_amounts":[{"tin":{"type":"ein","value":"472221436"},"service_code":["11"],"billing_class":"professional","setting":"outpatient","payments":[{"allowed_amount":15.24,"providers":[{"billed_charge":69.00,"npi":[1013313857,1467451922,1629155676]}]}]}]},{"name":"BEHAV ASSMT W\/SCORE & DOCD\/STAND INSTRUMENT","billing_code_type":"CPT","billing_code_type_version":"2020","billing_code":"96127","description":"BEHAV ASSMT W\/SCORE & DOCD\/STAND INSTRUMENT","allowed_amounts":[{"tin":{"type":"ein","value":"270851352"},"service_code":["20"],"billing_class":"professional","setting":"outpatient","payments":[{"allowed_amount":10.76,"providers":[{"billed_charge":22.00,"npi":[1407954696,1649770769]}]}]}]},{"name":"BLOOD OCCULT FECAL HGB DETER IA QUAL FECES 1-3","billing_code_type":"CPT","billing_code_type_version":"2020","billing_code":"82274","description":"BLOOD OCCULT FECAL HGB DETER IA QUAL FECES 1-3","allowed_amounts":[{"tin":{"type":"ein","value":"223699755"},"service_code":["11"],"billing_class":"professional","setting":"outpatient","payments":[{"allowed_amount":14.32,"providers":[{"billed_charge":48.00,"npi":[1104903723,1114986940,1164836516,1366992802]}]}]}]},{"name":"CHEMOTHERAPY ADMN IV INFUSION TQ EA HR","billing_code_type":"CPT","billing_code_type_version":"2020","billing_code":"96415","description":"CHEMOTHERAPY ADMN IV INFUSION TQ EA HR","allowed_amounts":[{"tin":{"type":"ein","value":"870281028"},"service_code":["11"],"billing_class":"professional","setting":"outpatient","payments":[{"allowed_amount":32.82,"providers":[{"billed_charge":74.00,"npi":[1093764805,1285929430]}]}]}]},{"name":"CHEMOTX ADMN IV NFS TQ UP 1 HR 1\/1ST SBST\/DRUG","billing_code_type":"CPT","billing_code_type_version":"2020","billing_code":"96413","description":"CHEMOTX ADMN IV NFS TQ UP 1 HR 1\/1ST SBST\/DRUG","allowed_amounts":[{"tin":{"type":"ein","value":"870281028"},"service_code":["11"],"billing_class":"professional","setting":"outpatient","payments":[{"allowed_amount":154.43,"providers":[{"billed_charge":340.00,"npi":[1093764805,1285929430]}]}]}]},{"name":"CLSD TX CLAVICULAR FRACTURE W\/O MANIPULATION","billing_code_type":"CPT","billing_code_type_version":"2020","billing_code":"23500","description":"CLSD TX CLAVICULAR FRACTURE W\/O MANIPULATION","allowed_amounts":[{"tin":{"type":"ein","value":"841099826"},"service_code":["23"],"billing_class":"professional","setting":"outpatient","payments":[{"allowed_amount":199.61,"providers":[{"billed_charge":1965.11,"npi":[1255967345,1720096092,1811156656]}]}]}]},{"name":"COLLECTION VENOUS BLOOD VENIPUNCTURE","billing_code_type":"CPT","billing_code_type_version":"2020","billing_code":"36415","description":"COLLECTION VENOUS BLOOD VENIPUNCTURE","allowed_amounts":[{"tin":{"type":"ein","value":"472221436"},"service_code":["11"],"billing_class":"professional","setting":"outpatient","payments":[{"allowed_amount":5.30,"providers":[{"billed_charge":18.00,"npi":[1013313857,1467451922,1629155676]}]}]},{"tin":{"type":"ein","value":"472221436"},"service_code":["11"],"billing_class":"professional","setting":"outpatient","payments":[{"allowed_amount":5.54,"providers":[{"billed_charge":18.00,"npi":[1013313857,1467451922,1629155676]}]}]}]},{"name":"CT ABDOMEN & PELVIS W\/O CONTRAST MATERIAL","billing_code_type":"CPT","billing_code_type_version":"2020","billing_code":"74176","description":"CT ABDOMEN & PELVIS W\/O CONTRAST MATERIAL","allowed_amounts":[{"tin":{"type":"ein","value":"741680498"},"service_code":["22"],"billing_class":"professional","setting":"outpatient","payments":[{"allowed_amount":103.75,"providers":[{"billed_charge":1617.00,"npi":[1255597803,1316920994,1316931835,1538107875]}]}]}]},{"name":"CT HEAD\/BRAIN W\/O CONTRAST MATERIAL","billing_code_type":"CPT","billing_code_type_version":"2020","billing_code":"70450","description":"CT HEAD\/BRAIN W\/O CONTRAST MATERIAL","allowed_amounts":[{"tin":{"type":"ein","value":"954352141"},"service_code":["23"],"billing_class":"professional","setting":"outpatient","payments":[{"allowed_amount":54.36,"providers":[{"billed_charge":605.00,"npi":[1639172372,1679935597,1912042276,1922135359]}]}]}]},{"name":"CT SCAN","billing_code_type":"RC","billing_code_type_version":"UB04","billing_code":"0350","description":"CT SCAN","allowed_amounts":[{"tin":{"type":"ein","value":"951644600"},"billing_class":"institutional","setting":"inpatient","payments":[{"allowed_amount":0.43,"providers":[{"billed_charge":2.00,"npi":[1639172372]}]}]}]},{"name":"CT SCAN: BODY","billing_code_type":"RC","billing_code_type_version":"UB04","billing_code":"0352","description":"CT SCAN: BODY","allowed_amounts":[{"tin":{"type":"ein","value":"620544855"},"billing_class":"institutional","setting":"inpatient","payments":[{"allowed_amount":973.89,"providers":[{"billed_charge":2820.30,"npi":[1295093052,1366441370]}]}]},{"tin":{"type":"ein","value":"821703810"},"billing_class":"institutional","setting":"inpatient","payments":[{"allowed_amount":307.08,"providers":[{"billed_charge":7072.00,"npi":[1033477112,1356818496]}]}]},{"tin":{"type":"ein","value":"821703810"},"billing_class":"institutional","setting":"inpatient","payments":[{"allowed_amount":342.04,"providers":[{"billed_charge":7877.00,"npi":[1033477112,1356818496]}]}]},{"tin":{"type":"ein","value":"821703810"},"billing_class":"institutional","setting":"inpatient","payments":[{"allowed_amount":423.49,"providers":[{"billed_charge":9753.00,"npi":[1033477112,1356818496]}]}]},{"tin":{"type":"ein","value":"884230887"},"billing_class":"institutional","setting":"inpatient","payments":[{"allowed_amount":655.84,"providers":[{"billed_charge":6700.00,"npi":[1154343358,1396452108]}]}]},{"tin":{"type":"ein","value":"884230887"},"billing_class":"institutional","setting":"inpatient","payments":[{"allowed_amount":710.96,"providers":[{"billed_charge":6804.00,"npi":[1154332807,1396452108]}]}]}]},{"name":"CT SCAN: HEAD","billing_code_type":"RC","billing_code_type_version":"UB04","billing_code":"0351","description":"CT SCAN: HEAD","allowed_amounts":[{"tin":{"type":"ein","value":"420680407"},"billing_class":"institutional","setting":"inpatient","payments":[{"allowed_amount":180.34,"providers":[{"billed_charge":3125.00,"npi":[1134168263]}]}]},{"tin":{"type":"ein","value":"821703810"},"billing_class":"institutional","setting":"inpatient","payments":[{"allowed_amount":408.86,"providers":[{"billed_charge":9416.00,"npi":[1033477112,1356818496]}]}]},{"tin":{"type":"ein","value":"951644600"},"billing_class":"institutional","setting":"inpatient","payments":[{"allowed_amount":1765.31,"providers":[{"billed_charge":8220.94,"npi":[1639172372]}]}]}]},{"name":"DIAGNOSTIC MAMMOGRAPHY COMPUTER-AIDED DETCJ UNI","billing_code_type":"CPT","billing_code_type_version":"2020","billing_code":"77065","description":"DIAGNOSTIC MAMMOGRAPHY COMPUTER-AIDED DETCJ UNI","allowed_amounts":[{"tin":{"type":"ein","value":"741680498"},"service_code":["22"],"billing_class":"professional","setting":"outpatient","payments":[{"allowed_amount":47.93,"providers":[{"billed_charge":319.00,"npi":[1043549231,1053841163,1316931835,1538107875]}]}]}]},{"name":"DME MISCELLANEOUS","billing_code_type":"HCPCS","billing_code_type_version":"HCPCS LEVEL II 2021","billing_code":"E1399","description":"DME MISCELLANEOUS","allowed_amounts":[{"tin":{"type":"ein","value":"680574833"},"service_code":["12"],"billing_class":"professional","setting":"outpatient","payments":[{"allowed_amount":5040.00,"providers":[{"billed_charge":8400.00,"npi":[1972697068]}]}]}]},{"name":"DR TST DEFIN DR ID M P D 22\/M DR CL","billing_code_type":"HCPCS","billing_code_type_version":"HCPCS LEVEL II 2021","billing_code":"G0483","description":"DR TST DEFIN DR ID M P D 22\/M DR CL","allowed_amounts":[{"tin":{"type":"ein","value":"261565558"},"service_code":["81"],"billing_class":"professional","setting":"outpatient","payments":[{"allowed_amount":211.95,"providers":[{"billed_charge":499.00,"npi":[1124246921,1497933162]}]}]}]},{"name":"DRUGS REQUIRE SPECIFIC ID: DRUGS REQUIRING DETAIL","billing_code_type":"RC","billing_code_type_version":"UB04","billing_code":"0636","description":"DRUGS REQUIRE SPECIFIC ID: DRUGS REQUIRING DETAIL","allowed_amounts":[{"tin":{"type":"ein","value":"420680407"},"billing_class":"institutional","setting":"inpatient","payments":[{"allowed_amount":0.50,"providers":[{"billed_charge":8.70,"npi":[1134168263]}]}]},{"tin":{"type":"ein","value":"420680407"},"billing_class":"institutional","setting":"inpatient","payments":[{"allowed_amount":6.75,"providers":[{"billed_charge":117.00,"npi":[1134168263]}]}]},{"tin":{"type":"ein","value":"461382538"},"billing_class":"institutional","setting":"inpatient","payments":[{"allowed_amount":2.01,"providers":[{"billed_charge":6.34,"npi":[1043569577,1043641897]}]}]},{"tin":{"type":"ein","value":"461382538"},"billing_class":"institutional","setting":"inpatient","payments":[{"allowed_amount":2.60,"providers":[{"billed_charge":8.19,"npi":[1043569577,1043641897]}]}]},{"tin":{"type":"ein","value":"821703810"},"billing_class":"institutional","setting":"inpatient","payments":[{"allowed_amount":0.32,"providers":[{"billed_charge":7.31,"npi":[1033477112,1356818496]}]}]},{"tin":{"type":"ein","value":"821703810"},"billing_class":"institutional","setting":"inpatient","payments":[{"allowed_amount":0.67,"providers":[{"billed_charge":15.50,"npi":[1033477112,1356818496]}]}]},{"tin":{"type":"ein","value":"821703810"},"billing_class":"institutional","setting":"inpatient","payments":[{"allowed_amount":0.84,"providers":[{"billed_charge":19.38,"npi":[1033477112,1356818496]}]}]},{"tin":{"type":"ein","value":"840405257"},"billing_class":"institutional","setting":"inpatient","payments":[{"allowed_amount":20.33,"providers":[{"billed_charge":213.60,"npi":[1720096092]}]}]},{"tin":{"type":"ein","value":"884230887"},"billing_class":"institutional","setting":"inpatient","payments":[{"allowed_amount":3.43,"providers":[{"billed_charge":35.12,"npi":[1154343358,1396452108]}]}]},{"tin":{"type":"ein","value":"884230887"},"billing_class":"institutional","setting":"inpatient","payments":[{"allowed_amount":5.30,"providers":[{"billed_charge":50.80,"npi":[1154332807,1396452108]}]}]},{"tin":{"type":"ein","value":"884230887"},"billing_class":"institutional","setting":"inpatient","payments":[{"allowed_amount":8.36,"providers":[{"billed_charge":80.00,"npi":[1154332807,1396452108]}]}]},{"tin":{"type":"ein","value":"884230887"},"billing_class":"institutional","setting":"inpatient","payments":[{"allowed_amount":16.81,"providers":[{"billed_charge":171.68,"npi":[1154343358,1396452108]}]}]},{"tin":{"type":"ein","value":"884230887"},"billing_class":"institutional","setting":"inpatient","payments":[{"allowed_amount":17.94,"providers":[{"billed_charge":171.68,"npi":[1154332807,1396452108]}]}]},{"tin":{"type":"ein","value":"884230887"},"billing_class":"institutional","setting":"inpatient","payments":[{"allowed_amount":20.20,"providers":[{"billed_charge":193.28,"npi":[1154332807,1396452108]}]}]},{"tin":{"type":"ein","value":"884230887"},"billing_class":"institutional","setting":"inpatient","payments":[{"allowed_amount":68.08,"providers":[{"billed_charge":695.55,"npi":[1154343358,1396452108]}]}]},{"tin":{"type":"ein","value":"884230887"},"billing_class":"institutional","setting":"inpatient","payments":[{"allowed_amount":146.83,"providers":[{"billed_charge":1500.00,"npi":[1154343358,1396452108]}]}]},{"tin":{"type":"ein","value":"884230887"},"billing_class":"institutional","setting":"inpatient","payments":[{"allowed_amount":156.74,"providers":[{"billed_charge":1500.00,"npi":[1154332807,1396452108]}]}]},{"tin":{"type":"ein","value":"884230887"},"billing_class":"institutional","setting":"inpatient","payments":[{"allowed_amount":293.67,"providers":[{"billed_charge":3000.00,"npi":[1154343358,1396452108]}]}]},{"tin":{"type":"ein","value":"884230887"},"billing_class":"institutional","setting":"inpatient","payments":[{"allowed_amount":317.66,"providers":[{"billed_charge":3040.00,"npi":[1154332807,1396452108]}]}]},{"tin":{"type":"ein","value":"884230887"},"billing_class":"institutional","setting":"inpatient","payments":[{"allowed_amount":562.86,"providers":[{"billed_charge":5750.00,"npi":[1154343358,1396452108]}]}]}]},{"name":"DXA BONE DENSITY STUDY 1\/> SITES AXIAL SKEL","billing_code_type":"CPT","billing_code_type_version":"2020","billing_code":"77080","description":"DXA BONE DENSITY STUDY 1\/> SITES AXIAL SKEL","allowed_amounts":[{"tin":{"type":"ein","value":"741680498"},"service_code":["22"],"billing_class":"professional","setting":"outpatient","payments":[{"allowed_amount":13.54,"providers":[{"billed_charge":194.00,"npi":[1053841163,1316931835,1538107875,1700132842]}]}]}]},{"name":"EKG\/ECG","billing_code_type":"RC","billing_code_type_version":"UB04","billing_code":"0730","description":"EKG\/ECG","allowed_amounts":[{"tin":{"type":"ein","value":"620544855"},"billing_class":"institutional","setting":"inpatient","payments":[{"allowed_amount":128.72,"providers":[{"billed_charge":372.75,"npi":[1295093052,1366441370]}]}]},{"tin":{"type":"ein","value":"821703810"},"billing_class":"institutional","setting":"inpatient","payments":[{"allowed_amount":26.22,"providers":[{"billed_charge":604.00,"npi":[1033477112,1356818496]}]}]},{"tin":{"type":"ein","value":"951644600"},"billing_class":"institutional","setting":"inpatient","payments":[{"allowed_amount":274.44,"providers":[{"billed_charge":1278.04,"npi":[1639172372]}]}]}]},{"name":"ELASTASE PANCREATIC FECAL QUAL\/SEMI-QUANTITATIVE","billing_code_type":"CPT","billing_code_type_version":"2020","billing_code":"82656","description":"ELASTASE PANCREATIC FECAL QUAL\/SEMI-QUANTITATIVE","allowed_amounts":[{"tin":{"type":"ein","value":"223699755"},"service_code":["11"],"billing_class":"professional","setting":"outpatient","payments":[{"allowed_amount":10.37,"providers":[{"billed_charge":35.00,"npi":[1104903723,1114986940,1164836516,1366992802]}]}]}]},{"name":"EMERGENCY DEPARTMENT VISIT HIGH MDM","billing_code_type":"CPT","billing_code_type_version":"2020","billing_code":"99285","description":"EMERGENCY DEPARTMENT VISIT HIGH MDM","allowed_amounts":[{"tin":{"type":"ein","value":"205048404"},"service_code":["23"],"billing_class":"professional","setting":"outpatient","payments":[{"allowed_amount":280.11,"providers":[{"billed_charge":1800.00,"npi":[1225618895]}]}]},{"tin":{"type":"ein","value":"621266047"},"service_code":["23"],"billing_class":"professional","setting":"outpatient","payments":[{"allowed_amount":251.86,"providers":[{"billed_charge":1107.00,"npi":[1356379382,1366441370,1831128404]}]}]},{"tin":{"type":"ein","value":"994454977"},"service_code":["23"],"billing_class":"professional","setting":"outpatient","payments":[{"allowed_amount":280.11,"providers":[{"billed_charge":3500.00,"npi":[1154332807]}]}]}]},{"name":"EMERGENCY DEPARTMENT VISIT MODERATE MDM","billing_code_type":"CPT","billing_code_type_version":"2020","billing_code":"99284","description":"EMERGENCY DEPARTMENT VISIT MODERATE MDM","allowed_amounts":[{"tin":{"type":"ein","value":"204374426"},"service_code":["23"],"billing_class":"professional","setting":"outpatient","payments":[{"allowed_amount":206.07,"providers":[{"billed_charge":874.00,"npi":[1245312289,1538535158,1841021581]}]}]},{"tin":{"type":"ein","value":"841099826"},"service_code":["23"],"billing_class":"professional","setting":"outpatient","payments":[{"allowed_amount":205.77,"providers":[{"billed_charge":1033.94,"npi":[1255967345,1720096092,1811156656]}]}]}]},{"name":"EMERGENCY ROOM","billing_code_type":"RC","billing_code_type_version":"UB04","billing_code":"0450","description":"EMERGENCY ROOM","allowed_amounts":[{"tin":{"type":"ein","value":"461382538"},"billing_class":"institutional","setting":"inpatient","payments":[{"allowed_amount":543.75,"providers":[{"billed_charge":1711.00,"npi":[1043569577,1043641897]}]}]},{"tin":{"type":"ein","value":"620544855"},"billing_class":"institutional","setting":"inpatient","payments":[{"allowed_amount":1269.04,"providers":[{"billed_charge":3675.00,"npi":[1295093052,1366441370]}]}]},{"tin":{"type":"ein","value":"821703810"},"billing_class":"institutional","setting":"inpatient","payments":[{"allowed_amount":199.49,"providers":[{"billed_charge":4594.21,"npi":[1033477112,1356818496]}]}]},{"tin":{"type":"ein","value":"840405257"},"billing_class":"institutional","setting":"inpatient","payments":[{"allowed_amount":757.00,"providers":[{"billed_charge":7950.67,"npi":[1720096092]}]}]},{"tin":{"type":"ein","value":"884230887"},"billing_class":"institutional","setting":"inpatient","payments":[{"allowed_amount":587.34,"providers":[{"billed_charge":6000.00,"npi":[1154343358,1396452108]}]}]},{"tin":{"type":"ein","value":"884230887"},"billing_class":"institutional","setting":"inpatient","payments":[{"allowed_amount":626.95,"providers":[{"billed_charge":6000.00,"npi":[1154332807,1396452108]}]}]},{"tin":{"type":"ein","value":"951644600"},"billing_class":"institutional","setting":"inpatient","payments":[{"allowed_amount":3220.85,"providers":[{"billed_charge":14999.36,"npi":[1639172372]}]}]}]},{"name":"EXTERNAL ECG REC>7D<15D SCANNING ALYS W\/REPORT","billing_code_type":"CPT","billing_code_type_version":"2020","billing_code":"93247","description":"EXTERNAL ECG REC>7D<15D SCANNING ALYS W\/REPORT","allowed_amounts":[{"tin":{"type":"ein","value":"208149544"},"service_code":["11"],"billing_class":"professional","setting":"outpatient","payments":[{"allowed_amount":325.22,"providers":[{"billed_charge":995.00,"npi":[1710130539,1740266550]}]}]}]},{"name":"FAT\/LIPIDS FECES QUALITATIVE","billing_code_type":"CPT","billing_code_type_version":"2020","billing_code":"82705","description":"FAT\/LIPIDS FECES QUALITATIVE","allowed_amounts":[{"tin":{"type":"ein","value":"223699755"},"service_code":["11"],"billing_class":"professional","setting":"outpatient","payments":[{"allowed_amount":4.47,"providers":[{"billed_charge":16.00,"npi":[1104903723,1114986940,1164836516]}]}]}]},{"name":"GROUND MILEAGE","billing_code_type":"HCPCS","billing_code_type_version":"HCPCS LEVEL II 2021","billing_code":"A0425","description":"GROUND MILEAGE","allowed_amounts":[{"tin":{"type":"ein","value":"880125707"},"service_code":["41"],"billing_class":"professional","setting":"outpatient","payments":[{"allowed_amount":67.26,"providers":[{"billed_charge":222.72,"npi":[1235232562]}]}]}]},{"name":"HEMOGLOBIN GLYCOSYLATED A1C","billing_code_type":"CPT","billing_code_type_version":"2020","billing_code":"83036","description":"HEMOGLOBIN GLYCOSYLATED A1C","allowed_amounts":[{"tin":{"type":"ein","value":"472221436"},"service_code":["11"],"billing_class":"professional","setting":"outpatient","payments":[{"allowed_amount":8.73,"providers":[{"billed_charge":40.00,"npi":[1013313857,1467451922,1629155676]}]}]}]},{"name":"IAAD IA HPYLORI STOOL","billing_code_type":"CPT","billing_code_type_version":"2020","billing_code":"87338","description":"IAAD IA HPYLORI STOOL","allowed_amounts":[{"tin":{"type":"ein","value":"223699755"},"service_code":["11"],"billing_class":"professional","setting":"outpatient","payments":[{"allowed_amount":12.28,"providers":[{"billed_charge":43.00,"npi":[1104903723,1114986940,1164836516,1366992802]}]}]}]},{"name":"IADNA NOS AMPLIFIED PROBE TQ EACH ORGANISM","billing_code_type":"CPT","billing_code_type_version":"2020","billing_code":"87798","description":"IADNA NOS AMPLIFIED PROBE TQ EACH ORGANISM","allowed_amounts":[{"tin":{"type":"ein","value":"223699755"},"service_code":["11"],"billing_class":"professional","setting":"outpatient","payments":[{"allowed_amount":25.57,"providers":[{"billed_charge":105.00,"npi":[1104903723,1114986940,1164836516]}]}]}]},{"name":"IADNA-DNA\/RNA GI PTHGN MULTIPLEX PROBE TQ 6-11","billing_code_type":"CPT","billing_code_type_version":"2020","billing_code":"87506","description":"IADNA-DNA\/RNA GI PTHGN MULTIPLEX PROBE TQ 6-11","allowed_amounts":[{"tin":{"type":"ein","value":"223699755"},"service_code":["11"],"billing_class":"professional","setting":"outpatient","payments":[{"allowed_amount":218.14,"providers":[{"billed_charge":658.00,"npi":[1104903723,1114986940,1366992802]}]}]}]},{"name":"IMMUNOASSAY ANALYTE QUANTITATIVE NOS","billing_code_type":"CPT","billing_code_type_version":"2020","billing_code":"83520","description":"IMMUNOASSAY ANALYTE QUANTITATIVE NOS","allowed_amounts":[{"tin":{"type":"ein","value":"223699755"},"service_code":["11"],"billing_class":"professional","setting":"outpatient","payments":[{"allowed_amount":15.24,"providers":[{"billed_charge":43.00,"npi":[1104903723,1114986940,1366992802]},{"billed_charge":104.00,"npi":[1104903723,1114986940,1164836516]}]},{"allowed_amount":15.24,"providers":[{"billed_charge":43.00,"npi":[1104903723,1114986940,1366992802]},{"billed_charge":104.00,"npi":[1104903723,1114986940,1164836516]}]}]},{"tin":{"type":"ein","value":"223699755"},"service_code":["11"],"billing_class":"professional","setting":"outpatient","payments":[{"allowed_amount":15.24,"providers":[{"billed_charge":43.00,"npi":[1104903723,1114986940,1366992802]},{"billed_charge":104.00,"npi":[1104903723,1114986940,1164836516]}]},{"allowed_amount":15.24,"providers":[{"billed_charge":43.00,"npi":[1104903723,1114986940,1366992802]},{"billed_charge":104.00,"npi":[1104903723,1114986940,1164836516]}]}]}]},{"name":"INFLIXIMAB NOT BIOSIMIL 10MG","billing_code_type":"HCPCS","billing_code_type_version":"HCPCS LEVEL II 2021","billing_code":"J1745","description":"INFLIXIMAB NOT BIOSIMIL 10MG","allowed_amounts":[{"tin":{"type":"ein","value":"870281028"},"service_code":["11"],"billing_class":"professional","setting":"outpatient","payments":[{"allowed_amount":3419.20,"providers":[{"billed_charge":9680.00,"npi":[1093764805,1285929430]}]}]}]},{"name":"INJECTION AA&\/STRD FEMORAL NERVE W\/IMG GDN","billing_code_type":"CPT","billing_code_type_version":"2020","billing_code":"64447","description":"INJECTION AA&\/STRD FEMORAL NERVE W\/IMG GDN","allowed_amounts":[{"tin":{"type":"ein","value":"843471566"},"service_code":["22"],"billing_class":"professional","setting":"outpatient","payments":[{"allowed_amount":7995.00,"providers":[{"billed_charge":7995.00,"npi":[1417356130,1790044204]}]}]}]},{"name":"IONM 1 ON 1 IN OR W\/ATTENDANCE EACH 15 MINUTES","billing_code_type":"CPT","billing_code_type_version":"2020","billing_code":"95940","description":"IONM 1 ON 1 IN OR W\/ATTENDANCE EACH 15 MINUTES","allowed_amounts":[{"tin":{"type":"ein","value":"881892864"},"service_code":["22"],"billing_class":"professional","setting":"outpatient","payments":[{"allowed_amount":1026.22,"providers":[{"billed_charge":15600.00,"npi":[1437363538,1457518391,1467183103,1902881295]}]}]}]},{"name":"IONM REMOTE\/NEARBY\/>1 PATIENT IN OR PER HOUR","billing_code_type":"CPT","billing_code_type_version":"2020","billing_code":"95941","description":"IONM REMOTE\/NEARBY\/>1 PATIENT IN OR PER HOUR","allowed_amounts":[{"tin":{"type":"ein","value":"881892864"},"service_code":["22"],"billing_class":"professional","setting":"outpatient","payments":[{"allowed_amount":1559.70,"providers":[{"billed_charge":16000.00,"npi":[1437363538,1457518391,1467183103,1902881295]}]}]}]},{"name":"IV THERAPY","billing_code_type":"RC","billing_code_type_version":"UB04","billing_code":"0260","description":"IV THERAPY","allowed_amounts":[{"tin":{"type":"ein","value":"461382538"},"billing_class":"institutional","setting":"inpatient","payments":[{"allowed_amount":109.00,"providers":[{"billed_charge":343.00,"npi":[1043569577,1043641897]}]}]},{"tin":{"type":"ein","value":"461382538"},"billing_class":"institutional","setting":"inpatient","payments":[{"allowed_amount":120.45,"providers":[{"billed_charge":379.00,"npi":[1043569577,1043641897]}]}]},{"tin":{"type":"ein","value":"620544855"},"billing_class":"institutional","setting":"inpatient","payments":[{"allowed_amount":3609.57,"providers":[{"billed_charge":10453.00,"npi":[1295093052,1366441370]}]}]},{"tin":{"type":"ein","value":"821703810"},"billing_class":"institutional","setting":"inpatient","payments":[{"allowed_amount":14.25,"providers":[{"billed_charge":328.10,"npi":[1033477112,1356818496]}]}]},{"tin":{"type":"ein","value":"821703810"},"billing_class":"institutional","setting":"inpatient","payments":[{"allowed_amount":24.18,"providers":[{"billed_charge":557.00,"npi":[1033477112,1356818496]}]}]},{"tin":{"type":"ein","value":"884230887"},"billing_class":"institutional","setting":"inpatient","payments":[{"allowed_amount":83.21,"providers":[{"billed_charge":850.00,"npi":[1154343358,1396452108]}]}]},{"tin":{"type":"ein","value":"884230887"},"billing_class":"institutional","setting":"inpatient","payments":[{"allowed_amount":88.82,"providers":[{"billed_charge":850.00,"npi":[1154332807,1396452108]}]}]},{"tin":{"type":"ein","value":"884230887"},"billing_class":"institutional","setting":"inpatient","payments":[{"allowed_amount":104.49,"providers":[{"billed_charge":1000.00,"npi":[1154332807,1396452108]}]}]},{"tin":{"type":"ein","value":"884230887"},"billing_class":"institutional","setting":"inpatient","payments":[{"allowed_amount":107.66,"providers":[{"billed_charge":1030.40,"npi":[1154332807,1396452108]}]}]},{"tin":{"type":"ein","value":"884230887"},"billing_class":"institutional","setting":"inpatient","payments":[{"allowed_amount":122.07,"providers":[{"billed_charge":1247.00,"npi":[1154343358,1396452108]}]}]},{"tin":{"type":"ein","value":"884230887"},"billing_class":"institutional","setting":"inpatient","payments":[{"allowed_amount":148.01,"providers":[{"billed_charge":1512.00,"npi":[1154343358,1396452108]}]}]},{"tin":{"type":"ein","value":"951644600"},"billing_class":"institutional","setting":"inpatient","payments":[{"allowed_amount":1836.63,"providers":[{"billed_charge":8553.09,"npi":[1639172372]}]}]}]},{"name":"KIDNEY IMG MORPHOLOGY VASCULAR FLOW MULTIPLE","billing_code_type":"CPT","billing_code_type_version":"2020","billing_code":"78709","description":"KIDNEY IMG MORPHOLOGY VASCULAR FLOW MULTIPLE","allowed_amounts":[{"tin":{"type":"ein","value":"933105944"},"service_code":["22"],"billing_class":"professional","setting":"outpatient","payments":[{"allowed_amount":80.38,"providers":[{"billed_charge":242.40,"npi":[1003025875,1073385423,1134314537,1689755670]}]}]}]},{"name":"LABORATORY - CLINICAL DIAGNOSTIC","billing_code_type":"RC","billing_code_type_version":"UB04","billing_code":"0300","description":"LABORATORY - CLINICAL DIAGNOSTIC","allowed_amounts":[{"tin":{"type":"ein","value":"420680407"},"billing_class":"institutional","setting":"inpatient","payments":[{"allowed_amount":1.56,"providers":[{"billed_charge":27.00,"npi":[1134168263]}]}]},{"tin":{"type":"ein","value":"420680407"},"billing_class":"institutional","setting":"inpatient","payments":[{"allowed_amount":3.52,"providers":[{"billed_charge":61.00,"npi":[1134168263]}]}]},{"tin":{"type":"ein","value":"420680407"},"billing_class":"institutional","setting":"inpatient","payments":[{"allowed_amount":7.56,"providers":[{"billed_charge":131.00,"npi":[1134168263]}]}]},{"tin":{"type":"ein","value":"620544855"},"billing_class":"institutional","setting":"inpatient","payments":[{"allowed_amount":13.81,"providers":[{"billed_charge":40.00,"npi":[1295093052,1366441370]}]}]},{"tin":{"type":"ein","value":"821703810"},"billing_class":"institutional","setting":"inpatient","payments":[{"allowed_amount":17.27,"providers":[{"billed_charge":397.79,"npi":[1033477112,1356818496]}]}]},{"tin":{"type":"ein","value":"821703810"},"billing_class":"institutional","setting":"inpatient","payments":[{"allowed_amount":35.78,"providers":[{"billed_charge":823.85,"npi":[1033477112,1356818496]}]}]},{"tin":{"type":"ein","value":"951644600"},"billing_class":"institutional","setting":"inpatient","payments":[{"allowed_amount":847.94,"providers":[{"billed_charge":3948.81,"npi":[1639172372]}]}]}]},{"name":"LABORATORY - CLINICAL DIAGNOSTIC: CHEMISTRY","billing_code_type":"RC","billing_code_type_version":"UB04","billing_code":"0301","description":"LABORATORY - CLINICAL DIAGNOSTIC: CHEMISTRY","allowed_amounts":[{"tin":{"type":"ein","value":"620544855"},"billing_class":"institutional","setting":"inpatient","payments":[{"allowed_amount":129.08,"providers":[{"billed_charge":373.80,"npi":[1295093052,1366441370]}]}]},{"tin":{"type":"ein","value":"884230887"},"billing_class":"institutional","setting":"inpatient","payments":[{"allowed_amount":54.43,"providers":[{"billed_charge":556.00,"npi":[1154343358,1396452108]}]}]},{"tin":{"type":"ein","value":"884230887"},"billing_class":"institutional","setting":"inpatient","payments":[{"allowed_amount":55.80,"providers":[{"billed_charge":570.00,"npi":[1154343358,1396452108]}]}]},{"tin":{"type":"ein","value":"884230887"},"billing_class":"institutional","setting":"inpatient","payments":[{"allowed_amount":55.99,"providers":[{"billed_charge":572.00,"npi":[1154343358,1396452108]}]}]},{"tin":{"type":"ein","value":"884230887"},"billing_class":"institutional","setting":"inpatient","payments":[{"allowed_amount":58.10,"providers":[{"billed_charge":556.00,"npi":[1154332807,1396452108]}]}]},{"tin":{"type":"ein","value":"884230887"},"billing_class":"institutional","setting":"inpatient","payments":[{"allowed_amount":58.73,"providers":[{"billed_charge":600.00,"npi":[1154343358,1396452108]}]}]},{"tin":{"type":"ein","value":"884230887"},"billing_class":"institutional","setting":"inpatient","payments":[{"allowed_amount":59.56,"providers":[{"billed_charge":570.00,"npi":[1154332807,1396452108]}]}]},{"tin":{"type":"ein","value":"884230887"},"billing_class":"institutional","setting":"inpatient","payments":[{"allowed_amount":62.70,"providers":[{"billed_charge":600.00,"npi":[1154332807,1396452108]}]}]},{"tin":{"type":"ein","value":"884230887"},"billing_class":"institutional","setting":"inpatient","payments":[{"allowed_amount":63.53,"providers":[{"billed_charge":649.00,"npi":[1154343358,1396452108]}]}]},{"tin":{"type":"ein","value":"884230887"},"billing_class":"institutional","setting":"inpatient","payments":[{"allowed_amount":103.27,"providers":[{"billed_charge":1055.00,"npi":[1154343358,1396452108]}]}]},{"tin":{"type":"ein","value":"884230887"},"billing_class":"institutional","setting":"inpatient","payments":[{"allowed_amount":103.37,"providers":[{"billed_charge":1056.00,"npi":[1154343358,1396452108]}]}]},{"tin":{"type":"ein","value":"884230887"},"billing_class":"institutional","setting":"inpatient","payments":[{"allowed_amount":175.61,"providers":[{"billed_charge":1794.00,"npi":[1154343358,1396452108]}]}]},{"tin":{"type":"ein","value":"884230887"},"billing_class":"institutional","setting":"inpatient","payments":[{"allowed_amount":187.45,"providers":[{"billed_charge":1794.00,"npi":[1154332807,1396452108]}]}]},{"tin":{"type":"ein","value":"951644600"},"billing_class":"institutional","setting":"inpatient","payments":[{"allowed_amount":11094.37,"providers":[{"billed_charge":51665.93,"npi":[1639172372]}]}]}]},{"name":"LABORATORY - CLINICAL DIAGNOSTIC: HEMATOLOGY","billing_code_type":"RC","billing_code_type_version":"UB04","billing_code":"0305","description":"LABORATORY - CLINICAL DIAGNOSTIC: HEMATOLOGY","allowed_amounts":[{"tin":{"type":"ein","value":"620544855"},"billing_class":"institutional","setting":"inpatient","payments":[{"allowed_amount":86.29,"providers":[{"billed_charge":249.90,"npi":[1295093052,1366441370]}]}]},{"tin":{"type":"ein","value":"821703810"},"billing_class":"institutional","setting":"inpatient","payments":[{"allowed_amount":13.44,"providers":[{"billed_charge":309.38,"npi":[1033477112,1356818496]}]}]},{"tin":{"type":"ein","value":"821703810"},"billing_class":"institutional","setting":"inpatient","payments":[{"allowed_amount":20.75,"providers":[{"billed_charge":477.86,"npi":[1033477112,1356818496]}]}]},{"tin":{"type":"ein","value":"884230887"},"billing_class":"institutional","setting":"inpatient","payments":[{"allowed_amount":102.78,"providers":[{"billed_charge":1050.00,"npi":[1154343358,1396452108]}]}]},{"tin":{"type":"ein","value":"884230887"},"billing_class":"institutional","setting":"inpatient","payments":[{"allowed_amount":148.01,"providers":[{"billed_charge":1512.00,"npi":[1154343358,1396452108]}]}]},{"tin":{"type":"ein","value":"884230887"},"billing_class":"institutional","setting":"inpatient","payments":[{"allowed_amount":157.99,"providers":[{"billed_charge":1512.00,"npi":[1154332807,1396452108]}]}]},{"tin":{"type":"ein","value":"951644600"},"billing_class":"institutional","setting":"inpatient","payments":[{"allowed_amount":1063.61,"providers":[{"billed_charge":4953.18,"npi":[1639172372]}]}]}]},{"name":"LABORATORY - CLINICAL DIAGNOSTIC: IMMUNOLOGY","billing_code_type":"RC","billing_code_type_version":"UB04","billing_code":"0302","description":"LABORATORY - CLINICAL DIAGNOSTIC: IMMUNOLOGY","allowed_amounts":[{"tin":{"type":"ein","value":"884230887"},"billing_class":"institutional","setting":"inpatient","payments":[{"allowed_amount":52.67,"providers":[{"billed_charge":504.00,"npi":[1154332807,1396452108]}]}]}]},{"name":"LABORATORY - CLINICAL DIAGNOSTIC: OTHER LABORATORY","billing_code_type":"RC","billing_code_type_version":"UB04","billing_code":"0309","description":"LABORATORY - CLINICAL DIAGNOSTIC: OTHER LABORATORY","allowed_amounts":[{"tin":{"type":"ein","value":"951644600"},"billing_class":"institutional","setting":"inpatient","payments":[{"allowed_amount":136.35,"providers":[{"billed_charge":635.00,"npi":[1639172372]}]}]}]},{"name":"LABORATORY - CLINICAL DIAGNOSTIC: UROLOGY","billing_code_type":"RC","billing_code_type_version":"UB04","billing_code":"0307","description":"LABORATORY - CLINICAL DIAGNOSTIC: UROLOGY","allowed_amounts":[{"tin":{"type":"ein","value":"620544855"},"billing_class":"institutional","setting":"inpatient","payments":[{"allowed_amount":23.57,"providers":[{"billed_charge":68.25,"npi":[1295093052,1366441370]}]}]},{"tin":{"type":"ein","value":"884230887"},"billing_class":"institutional","setting":"inpatient","payments":[{"allowed_amount":53.35,"providers":[{"billed_charge":545.00,"npi":[1154343358,1396452108]}]}]}]},{"name":"LABORATORY - PATHOLOGY","billing_code_type":"RC","billing_code_type_version":"UB04","billing_code":"0310","description":"LABORATORY - PATHOLOGY","allowed_amounts":[{"tin":{"type":"ein","value":"951644600"},"billing_class":"institutional","setting":"inpatient","payments":[{"allowed_amount":1783.76,"providers":[{"billed_charge":8306.90,"npi":[1639172372]}]}]}]},{"name":"LABORATORY - PATHOLOGY: HISTOLOGY","billing_code_type":"RC","billing_code_type_version":"UB04","billing_code":"0312","description":"LABORATORY - PATHOLOGY: HISTOLOGY","allowed_amounts":[{"tin":{"type":"ein","value":"951644600"},"billing_class":"institutional","setting":"inpatient","payments":[{"allowed_amount":521.47,"providers":[{"billed_charge":2428.44,"npi":[1639172372]}]}]}]},{"name":"LACTOFERRIN FECAL QUANTITATIVE","billing_code_type":"CPT","billing_code_type_version":"2020","billing_code":"83631","description":"LACTOFERRIN FECAL QUANTITATIVE","allowed_amounts":[{"tin":{"type":"ein","value":"223699755"},"service_code":["11"],"billing_class":"professional","setting":"outpatient","payments":[{"allowed_amount":17.66,"providers":[{"billed_charge":59.00,"npi":[1104903723,1114986940,1164836516,1366992802]}]}]}]},{"name":"LEVEL III SURG PATHOLOGY GROSS&MICROSCOPIC EXAM","billing_code_type":"CPT","billing_code_type_version":"2020","billing_code":"88304","description":"LEVEL III SURG PATHOLOGY GROSS&MICROSCOPIC EXAM","allowed_amounts":[{"tin":{"type":"ein","value":"452235203"},"service_code":["22"],"billing_class":"professional","setting":"outpatient","payments":[{"allowed_amount":11.00,"providers":[{"billed_charge":32.00,"npi":[1194011080,1295093052,1720518186]}]}]},{"tin":{"type":"ein","value":"472190514"},"service_code":["11"],"billing_class":"professional","setting":"outpatient","payments":[{"allowed_amount":35.46,"providers":[{"billed_charge":118.53,"npi":[1043615263,1346498755,1992118434]}]}]}]},{"name":"LEVEL IV SURG PATHOLOGY GROSS&MICROSCOPIC EXAM","billing_code_type":"CPT","billing_code_type_version":"2020","billing_code":"88305","description":"LEVEL IV SURG PATHOLOGY GROSS&MICROSCOPIC EXAM","allowed_amounts":[{"tin":{"type":"ein","value":"462899482"},"service_code":["81"],"billing_class":"professional","setting":"outpatient","payments":[{"allowed_amount":74.26,"providers":[{"billed_charge":165.00,"npi":[1205835600,1528495793,1831530641]}]}]},{"tin":{"type":"ein","value":"471404474"},"service_code":["11"],"billing_class":"professional","setting":"outpatient","payments":[{"allowed_amount":52.25,"providers":[{"billed_charge":253.00,"npi":[1154757995,1528454907,1710370648]}]}]},{"tin":{"type":"ein","value":"815095434"},"service_code":["11"],"billing_class":"professional","setting":"outpatient","payments":[{"allowed_amount":50.49,"providers":[{"billed_charge":216.66,"npi":[1245280031,1508283821,1861930984]}]}]}]},{"name":"MAGNETIC RESONANCE TECH. (MRT): BRAIN (INCL. BRAIN","billing_code_type":"RC","billing_code_type_version":"UB04","billing_code":"0611","description":"MAGNETIC RESONANCE TECH. (MRT): BRAIN (INCL. BRAIN","allowed_amounts":[{"tin":{"type":"ein","value":"951644600"},"billing_class":"institutional","setting":"inpatient","payments":[{"allowed_amount":8159.25,"providers":[{"billed_charge":37997.24,"npi":[1639172372]}]}]}]},{"name":"MEDICAL\/SURGICAL SUPPLIES","billing_code_type":"RC","billing_code_type_version":"UB04","billing_code":"0270","description":"MEDICAL\/SURGICAL SUPPLIES","allowed_amounts":[{"tin":{"type":"ein","value":"620544855"},"billing_class":"institutional","setting":"inpatient","payments":[{"allowed_amount":84.46,"providers":[{"billed_charge":244.60,"npi":[1295093052,1366441370]}]}]}]},{"name":"MEDICAL\/SURGICAL SUPPLIES: NONSTERILE SUPPLIES","billing_code_type":"RC","billing_code_type_version":"UB04","billing_code":"0271","description":"MEDICAL\/SURGICAL SUPPLIES: NONSTERILE SUPPLIES","allowed_amounts":[{"tin":{"type":"ein","value":"620544855"},"billing_class":"institutional","setting":"inpatient","payments":[{"allowed_amount":3.99,"providers":[{"billed_charge":11.55,"npi":[1295093052,1366441370]}]}]}]},{"name":"MEDICAL\/SURGICAL SUPPLIES: OTHER IMPLANTS","billing_code_type":"RC","billing_code_type_version":"UB04","billing_code":"0278","description":"MEDICAL\/SURGICAL SUPPLIES: OTHER IMPLANTS","allowed_amounts":[{"tin":{"type":"ein","value":"951644600"},"billing_class":"institutional","setting":"inpatient","payments":[{"allowed_amount":6809.76,"providers":[{"billed_charge":31712.75,"npi":[1639172372]}]}]}]},{"name":"MEDICAL\/SURGICAL SUPPLIES: STERILE SUPPLIES","billing_code_type":"RC","billing_code_type_version":"UB04","billing_code":"0272","description":"MEDICAL\/SURGICAL SUPPLIES: STERILE SUPPLIES","allowed_amounts":[{"tin":{"type":"ein","value":"620544855"},"billing_class":"institutional","setting":"inpatient","payments":[{"allowed_amount":684.43,"providers":[{"billed_charge":1982.05,"npi":[1295093052,1366441370]}]}]},{"tin":{"type":"ein","value":"951644600"},"billing_class":"institutional","setting":"inpatient","payments":[{"allowed_amount":1579.14,"providers":[{"billed_charge":7354.00,"npi":[1639172372]}]}]}]},{"name":"MEDROXYPROGESTERONE ACETATE","billing_code_type":"HCPCS","billing_code_type_version":"HCPCS LEVEL II 2021","billing_code":"J1050","description":"MEDROXYPROGESTERONE ACETATE","allowed_amounts":[{"tin":{"type":"ein","value":"411761760"},"service_code":["11"],"billing_class":"professional","setting":"outpatient","payments":[{"allowed_amount":62.00,"providers":[{"billed_charge":62.00,"npi":[1013383355,1568038875]}]}]}]},{"name":"MRI BRAIN BRAIN STEM W\/O W\/CONTRAST MATERIAL","billing_code_type":"CPT","billing_code_type_version":"2020","billing_code":"70553","description":"MRI BRAIN BRAIN STEM W\/O W\/CONTRAST MATERIAL","allowed_amounts":[{"tin":{"type":"ein","value":"954352141"},"service_code":["22"],"billing_class":"professional","setting":"outpatient","payments":[{"allowed_amount":146.57,"providers":[{"billed_charge":924.00,"npi":[1205978053,1285603860,1619000668,1639172372,1912042276,1922135359]}]}]}]},{"name":"NEEDLE EMG EA EXTREMTY W\/PARASPINL AREA COMPLETE","billing_code_type":"CPT","billing_code_type_version":"2020","billing_code":"95886","description":"NEEDLE EMG EA EXTREMTY W\/PARASPINL AREA COMPLETE","allowed_amounts":[{"tin":{"type":"ein","value":"881892864"},"service_code":["22"],"billing_class":"professional","setting":"outpatient","payments":[{"allowed_amount":110.72,"providers":[{"billed_charge":2660.10,"npi":[1437363538,1457518391,1467183103,1902881295]}]}]}]},{"name":"NEG DEP SYMP CAT USING STAND DEP ASSESS TOOL","billing_code_type":"CPT","billing_code_type_version":"2020","billing_code":"3351F","description":"NEG DEP SYMP CAT USING STAND DEP ASSESS TOOL","allowed_amounts":[{"tin":{"type":"ein","value":"270851352"},"service_code":["20"],"billing_class":"professional","setting":"outpatient","payments":[{"allowed_amount":0.01,"providers":[{"billed_charge":0.01,"npi":[1407954696,1649770769]}]}]}]},{"name":"NERVE CONDUCTION STUDIES 5-6 STUDIES","billing_code_type":"CPT","billing_code_type_version":"2020","billing_code":"95909","description":"NERVE CONDUCTION STUDIES 5-6 STUDIES","allowed_amounts":[{"tin":{"type":"ein","value":"881892864"},"service_code":["22"],"billing_class":"professional","setting":"outpatient","payments":[{"allowed_amount":96.21,"providers":[{"billed_charge":1204.48,"npi":[1437363538,1457518391,1467183103,1902881295]}]}]}]},{"name":"NEUROMUSCULAR JUNCT TSTG EA NRV ANY 1 METH","billing_code_type":"CPT","billing_code_type_version":"2020","billing_code":"95937","description":"NEUROMUSCULAR JUNCT TSTG EA NRV ANY 1 METH","allowed_amounts":[{"tin":{"type":"ein","value":"881892864"},"service_code":["22"],"billing_class":"professional","setting":"outpatient","payments":[{"allowed_amount":41.99,"providers":[{"billed_charge":1186.80,"npi":[1437363538,1457518391,1467183103,1902881295]}]}]}]},{"name":"NFCT AGENT DNA\/RNA GASTROINTESTINAL PATHOGEN","billing_code_type":"CPT","billing_code_type_version":"2020","billing_code":"87505","description":"NFCT AGENT DNA\/RNA GASTROINTESTINAL PATHOGEN","allowed_amounts":[{"tin":{"type":"ein","value":"223699755"},"service_code":["11"],"billing_class":"professional","setting":"outpatient","payments":[{"allowed_amount":94.72,"providers":[{"billed_charge":320.00,"npi":[1104903723,1114986940,1164836516]}]}]}]},{"name":"OFFICE\/OP CONSLTJ NEW\/EST PT MOD MDM 40 MINUTES","billing_code_type":"CPT","billing_code_type_version":"2020","billing_code":"99244","description":"OFFICE\/OP CONSLTJ NEW\/EST PT MOD MDM 40 MINUTES","allowed_amounts":[{"tin":{"type":"ein","value":"205996177"},"service_code":["11"],"billing_class":"professional","setting":"outpatient","payments":[{"allowed_amount":137.88,"providers":[{"billed_charge":594.00,"npi":[1083806772,1306005111,1962402834]}]}]}]},{"name":"OFFICE\/OUTPATIENT ESTABLISHED HIGH MDM 40 MIN","billing_code_type":"CPT","billing_code_type_version":"2020","billing_code":"99215","description":"OFFICE\/OUTPATIENT ESTABLISHED HIGH MDM 40 MIN","allowed_amounts":[{"tin":{"type":"ein","value":"472221436"},"service_code":["11"],"billing_class":"professional","setting":"outpatient","payments":[{"allowed_amount":142.31,"providers":[{"billed_charge":362.00,"npi":[1013313857,1467451922,1629155676]}]}]}]},{"name":"OFFICE\/OUTPATIENT ESTABLISHED LOW MDM 20 MIN","billing_code_type":"CPT","billing_code_type_version":"2020","billing_code":"99213","description":"OFFICE\/OUTPATIENT ESTABLISHED LOW MDM 20 MIN","allowed_amounts":[{"tin":{"type":"ein","value":"931280224"},"service_code":["11"],"billing_class":"professional","setting":"outpatient","payments":[{"allowed_amount":77.63,"providers":[{"billed_charge":320.00,"npi":[1003025875,1447799523,1699160903]}]}]}]},{"name":"OFFICE\/OUTPATIENT ESTABLISHED MOD MDM 30 MIN","billing_code_type":"CPT","billing_code_type_version":"2020","billing_code":"99214","description":"OFFICE\/OUTPATIENT ESTABLISHED MOD MDM 30 MIN","allowed_amounts":[{"tin":{"type":"ein","value":"420680407"},"service_code":["22"],"billing_class":"professional","setting":"outpatient","payments":[{"allowed_amount":78.16,"providers":[{"billed_charge":155.00,"npi":[1134168263,1164433884,1831775576]}]}]},{"tin":{"type":"ein","value":"421703993"},"service_code":["10"],"billing_class":"professional","setting":"outpatient","payments":[{"allowed_amount":137.11,"providers":[{"billed_charge":360.00,"npi":[1003140336,1023125465]}]}]}]},{"name":"OFFICE\/OUTPATIENT NEW HIGH MDM 60 MINUTES","billing_code_type":"CPT","billing_code_type_version":"2020","billing_code":"99205","description":"OFFICE\/OUTPATIENT NEW HIGH MDM 60 MINUTES","allowed_amounts":[{"tin":{"type":"ein","value":"472221436"},"service_code":["11"],"billing_class":"professional","setting":"outpatient","payments":[{"allowed_amount":211.08,"providers":[{"billed_charge":519.00,"npi":[1013313857,1467451922,1629155676]}]}]}]},{"name":"OFFICE\/OUTPATIENT NEW LOW MDM 30 MINUTES","billing_code_type":"CPT","billing_code_type_version":"2020","billing_code":"99203","description":"OFFICE\/OUTPATIENT NEW LOW MDM 30 MINUTES","allowed_amounts":[{"tin":{"type":"ein","value":"465736753"},"service_code":["20"],"billing_class":"professional","setting":"outpatient","payments":[{"allowed_amount":91.71,"providers":[{"billed_charge":180.00,"npi":[1083018485,1346064177,1801004155]}]}]}]},{"name":"OFFICE\/OUTPATIENT NEW MODERATE MDM 45 MINUTES","billing_code_type":"CPT","billing_code_type_version":"2020","billing_code":"99204","description":"OFFICE\/OUTPATIENT NEW MODERATE MDM 45 MINUTES","allowed_amounts":[{"tin":{"type":"ein","value":"270851352"},"service_code":["20"],"billing_class":"professional","setting":"outpatient","payments":[{"allowed_amount":122.52,"providers":[{"billed_charge":395.00,"npi":[1407954696,1649770769]}]}]},{"tin":{"type":"ein","value":"420680407"},"service_code":["22"],"billing_class":"professional","setting":"outpatient","payments":[{"allowed_amount":107.02,"providers":[{"billed_charge":216.00,"npi":[1134168263,1164433884,1831775576]}]}]}]},{"name":"OPERATING ROOM SERVICES","billing_code_type":"RC","billing_code_type_version":"UB04","billing_code":"0360","description":"OPERATING ROOM SERVICES","allowed_amounts":[{"tin":{"type":"ein","value":"620544855"},"billing_class":"institutional","setting":"inpatient","payments":[{"allowed_amount":1980.39,"providers":[{"billed_charge":5735.00,"npi":[1295093052,1366441370]}]}]},{"tin":{"type":"ein","value":"951644600"},"billing_class":"institutional","setting":"inpatient","payments":[{"allowed_amount":40133.66,"providers":[{"billed_charge":186900.56,"npi":[1639172372]}]}]}]},{"name":"OVA&PARASITES DIRECT SMEARS CONCENTRATION & ID","billing_code_type":"CPT","billing_code_type_version":"2020","billing_code":"87177","description":"OVA&PARASITES DIRECT SMEARS CONCENTRATION & ID","allowed_amounts":[{"tin":{"type":"ein","value":"223699755"},"service_code":["11"],"billing_class":"professional","setting":"outpatient","payments":[{"allowed_amount":7.93,"providers":[{"billed_charge":27.00,"npi":[1104903723,1114986940,1164836516,1366992802]}]}]}]},{"name":"PERIODIC PREVENTIVE MED EST PATIENT 40-64YRS","billing_code_type":"CPT","billing_code_type_version":"2020","billing_code":"99396","description":"PERIODIC PREVENTIVE MED EST PATIENT 40-64YRS","allowed_amounts":[{"tin":{"type":"ein","value":"931280224"},"service_code":["11"],"billing_class":"professional","setting":"outpatient","payments":[{"allowed_amount":123.21,"providers":[{"billed_charge":435.00,"npi":[1184621559,1346619467]}]}]}]},{"name":"PHARMACY","billing_code_type":"RC","billing_code_type_version":"UB04","billing_code":"0250","description":"PHARMACY","allowed_amounts":[{"tin":{"type":"ein","value":"620544855"},"billing_class":"institutional","setting":"inpatient","payments":[{"allowed_amount":635.22,"providers":[{"billed_charge":1839.52,"npi":[1295093052,1366441370]}]}]},{"tin":{"type":"ein","value":"821703810"},"billing_class":"institutional","setting":"inpatient","payments":[{"allowed_amount":0.49,"providers":[{"billed_charge":11.25,"npi":[1033477112,1356818496]}]}]},{"tin":{"type":"ein","value":"840405257"},"billing_class":"institutional","setting":"inpatient","payments":[{"allowed_amount":0.62,"providers":[{"billed_charge":6.50,"npi":[1720096092]}]}]},{"tin":{"type":"ein","value":"840405257"},"billing_class":"institutional","setting":"inpatient","payments":[{"allowed_amount":0.86,"providers":[{"billed_charge":9.00,"npi":[1720096092]}]}]},{"tin":{"type":"ein","value":"840405257"},"billing_class":"institutional","setting":"inpatient","payments":[{"allowed_amount":3.71,"providers":[{"billed_charge":39.00,"npi":[1720096092]}]}]},{"tin":{"type":"ein","value":"951644600"},"billing_class":"institutional","setting":"inpatient","payments":[{"allowed_amount":4439.40,"providers":[{"billed_charge":20674.09,"npi":[1639172372]}]}]}]},{"name":"PHARMACY: INCIDENT TO OTHER DIAGNOSTIC SERVICES","billing_code_type":"RC","billing_code_type_version":"UB04","billing_code":"0254","description":"PHARMACY: INCIDENT TO OTHER DIAGNOSTIC SERVICES","allowed_amounts":[{"tin":{"type":"ein","value":"620544855"},"billing_class":"institutional","setting":"inpatient","payments":[{"allowed_amount":113.86,"providers":[{"billed_charge":329.70,"npi":[1295093052,1366441370]}]}]}]},{"name":"PHARMACY: INCIDENT TO RADIOLOGY","billing_code_type":"RC","billing_code_type_version":"UB04","billing_code":"0255","description":"PHARMACY: INCIDENT TO RADIOLOGY","allowed_amounts":[{"tin":{"type":"ein","value":"951644600"},"billing_class":"institutional","setting":"inpatient","payments":[{"allowed_amount":172.88,"providers":[{"billed_charge":805.10,"npi":[1639172372]}]}]}]},{"name":"PHYSICAL THERAPY: EVALUATION\/RE-EVALUATION","billing_code_type":"RC","billing_code_type_version":"UB04","billing_code":"0424","description":"PHYSICAL THERAPY: EVALUATION\/RE-EVALUATION","allowed_amounts":[{"tin":{"type":"ein","value":"951644600"},"billing_class":"institutional","setting":"inpatient","payments":[{"allowed_amount":294.10,"providers":[{"billed_charge":1369.63,"npi":[1639172372]}]}]}]},{"name":"PREVENTIVE CARE SERVICES: ADMIN. OF VACCINE","billing_code_type":"RC","billing_code_type_version":"UB04","billing_code":"0771","description":"PREVENTIVE CARE SERVICES: ADMIN. OF VACCINE","allowed_amounts":[{"tin":{"type":"ein","value":"840405257"},"billing_class":"institutional","setting":"inpatient","payments":[{"allowed_amount":11.93,"providers":[{"billed_charge":125.27,"npi":[1720096092]}]}]}]},{"name":"PSYCHOTHERAPY COMPLEX INTERACTIVE","billing_code_type":"CPT","billing_code_type_version":"2020","billing_code":"90785","description":"PSYCHOTHERAPY COMPLEX INTERACTIVE","allowed_amounts":[{"tin":{"type":"ein","value":"205996177"},"service_code":["10"],"billing_class":"professional","setting":"outpatient","payments":[{"allowed_amount":23.58,"providers":[{"billed_charge":55.00,"npi":[1093402273,1841428745]}]}]}]},{"name":"PSYCHOTHERAPY W\/PATIENT 30 MINUTES","billing_code_type":"CPT","billing_code_type_version":"2020","billing_code":"90832","description":"PSYCHOTHERAPY W\/PATIENT 30 MINUTES","allowed_amounts":[{"tin":{"type":"ein","value":"205996177"},"service_code":["10"],"billing_class":"professional","setting":"outpatient","payments":[{"allowed_amount":86.41,"providers":[{"billed_charge":273.00,"npi":[1093402273,1841428745]}]}]}]},{"name":"PSYCHOTHERAPY W\/PATIENT 60 MINUTES","billing_code_type":"CPT","billing_code_type_version":"2020","billing_code":"90837","description":"PSYCHOTHERAPY W\/PATIENT 60 MINUTES","allowed_amounts":[{"tin":{"type":"ein","value":"205996177"},"service_code":["10"],"billing_class":"professional","setting":"outpatient","payments":[{"allowed_amount":203.71,"providers":[{"billed_charge":532.00,"npi":[1093402273,1841428745]}]}]}]},{"name":"PSYCHOTHERAPY W\/PATIENT W\/E&M SRVCS 30 MIN","billing_code_type":"CPT","billing_code_type_version":"2020","billing_code":"90833","description":"PSYCHOTHERAPY W\/PATIENT W\/E&M SRVCS 30 MIN","allowed_amounts":[{"tin":{"type":"ein","value":"421703993"},"service_code":["10"],"billing_class":"professional","setting":"outpatient","payments":[{"allowed_amount":111.15,"providers":[{"billed_charge":170.00,"npi":[1003140336,1023125465]}]}]}]},{"name":"PULMONARY FUNCTION","billing_code_type":"RC","billing_code_type_version":"UB04","billing_code":"0460","description":"PULMONARY FUNCTION","allowed_amounts":[{"tin":{"type":"ein","value":"620544855"},"billing_class":"institutional","setting":"inpatient","payments":[{"allowed_amount":9.06,"providers":[{"billed_charge":26.25,"npi":[1295093052,1366441370]}]}]}]},{"name":"RADEX FOOT COMPLETE MINIMUM 3 VIEWS","billing_code_type":"CPT","billing_code_type_version":"2020","billing_code":"73630","description":"RADEX FOOT COMPLETE MINIMUM 3 VIEWS","allowed_amounts":[{"tin":{"type":"ein","value":"205996177"},"service_code":["11"],"billing_class":"professional","setting":"outpatient","payments":[{"allowed_amount":30.24,"providers":[{"billed_charge":96.00,"npi":[1083806772,1306005111]}]}]},{"tin":{"type":"ein","value":"410916626"},"service_code":["11"],"billing_class":"professional","setting":"outpatient","payments":[{"allowed_amount":8.92,"providers":[{"billed_charge":25.00,"npi":[1023514148,1306005111,1417277294,1952307175]}]}]},{"tin":{"type":"ein","value":"870286381"},"service_code":["11"],"billing_class":"professional","setting":"outpatient","payments":[{"allowed_amount":28.59,"providers":[{"billed_charge":57.00,"npi":[1285698241,1568789295,1578550083]}]}]}]},{"name":"RADIOLOGIC EXAM ABDOMEN 1 VIEW","billing_code_type":"CPT","billing_code_type_version":"2020","billing_code":"74018","description":"RADIOLOGIC EXAM ABDOMEN 1 VIEW","allowed_amounts":[{"tin":{"type":"ein","value":"851067265"},"service_code":["11"],"billing_class":"professional","setting":"outpatient","payments":[{"allowed_amount":28.40,"providers":[{"billed_charge":83.00,"npi":[1144982752,1225212491,1336757699]}]}]}]},{"name":"RADIOLOGIC EXAM CHEST SINGLE VIEW","billing_code_type":"CPT","billing_code_type_version":"2020","billing_code":"71045","description":"RADIOLOGIC EXAM CHEST SINGLE VIEW","allowed_amounts":[{"tin":{"type":"ein","value":"954352141"},"service_code":["23"],"billing_class":"professional","setting":"outpatient","payments":[{"allowed_amount":11.78,"providers":[{"billed_charge":68.00,"npi":[1154309599,1205978053,1639172372,1922135359]}]}]}]},{"name":"RADIOLOGIC EXAM KNEE COMPLETE 4\/MORE VIEWS","billing_code_type":"CPT","billing_code_type_version":"2020","billing_code":"73564","description":"RADIOLOGIC EXAM KNEE COMPLETE 4\/MORE VIEWS","allowed_amounts":[{"tin":{"type":"ein","value":"204881619"},"service_code":["23"],"billing_class":"professional","setting":"outpatient","payments":[{"allowed_amount":15.35,"providers":[{"billed_charge":45.00,"npi":[1043569577,1043641897,1366978876,1669499414]}]}]}]},{"name":"RADIOLOGIC EXAMINATION FEMUR MINIMUM 2 VIEWS","billing_code_type":"CPT","billing_code_type_version":"2020","billing_code":"73552","description":"RADIOLOGIC EXAMINATION FEMUR MINIMUM 2 VIEWS","allowed_amounts":[{"tin":{"type":"ein","value":"204881619"},"service_code":["23"],"billing_class":"professional","setting":"outpatient","payments":[{"allowed_amount":12.16,"providers":[{"billed_charge":24.00,"npi":[1043569577,1043641897,1366978876,1669499414]}]}]}]},{"name":"RADIOLOGY - DIAGNOSTIC","billing_code_type":"RC","billing_code_type_version":"UB04","billing_code":"0320","description":"RADIOLOGY - DIAGNOSTIC","allowed_amounts":[{"tin":{"type":"ein","value":"461382538"},"billing_class":"institutional","setting":"inpatient","payments":[{"allowed_amount":122.67,"providers":[{"billed_charge":386.00,"npi":[1043569577,1043641897]}]}]},{"tin":{"type":"ein","value":"461382538"},"billing_class":"institutional","setting":"inpatient","payments":[{"allowed_amount":207.21,"providers":[{"billed_charge":652.00,"npi":[1043569577,1043641897]}]}]},{"tin":{"type":"ein","value":"840405257"},"billing_class":"institutional","setting":"inpatient","payments":[{"allowed_amount":52.91,"providers":[{"billed_charge":555.67,"npi":[1720096092]}]}]},{"tin":{"type":"ein","value":"884230887"},"billing_class":"institutional","setting":"inpatient","payments":[{"allowed_amount":326.51,"providers":[{"billed_charge":3335.50,"npi":[1154343358,1396452108]}]}]}]},{"name":"RADIOLOGY - DIAGNOSTIC: CHEST X-RAY","billing_code_type":"RC","billing_code_type_version":"UB04","billing_code":"0324","description":"RADIOLOGY - DIAGNOSTIC: CHEST X-RAY","allowed_amounts":[{"tin":{"type":"ein","value":"951644600"},"billing_class":"institutional","setting":"inpatient","payments":[{"allowed_amount":355.74,"providers":[{"billed_charge":1656.68,"npi":[1639172372]}]}]}]},{"name":"RECOVERY ROOM","billing_code_type":"RC","billing_code_type_version":"UB04","billing_code":"0710","description":"RECOVERY ROOM","allowed_amounts":[{"tin":{"type":"ein","value":"620544855"},"billing_class":"institutional","setting":"inpatient","payments":[{"allowed_amount":95.35,"providers":[{"billed_charge":276.15,"npi":[1295093052,1366441370]}]}]},{"tin":{"type":"ein","value":"951644600"},"billing_class":"institutional","setting":"inpatient","payments":[{"allowed_amount":2555.91,"providers":[{"billed_charge":11902.75,"npi":[1639172372]}]}]}]},{"name":"ROOM & BOARD (SEMI-PRIVATE 2 BEDS)","billing_code_type":"RC","billing_code_type_version":"UB04","billing_code":"0120","description":"ROOM & BOARD (SEMI-PRIVATE 2 BEDS)","allowed_amounts":[{"tin":{"type":"ein","value":"620544855"},"billing_class":"institutional","setting":"inpatient","payments":[{"allowed_amount":690.63,"providers":[{"billed_charge":2000.00,"npi":[1295093052,1366441370]}]}]},{"tin":{"type":"ein","value":"951644600"},"billing_class":"institutional","setting":"inpatient","payments":[{"allowed_amount":5277.27,"providers":[{"billed_charge":24576.00,"npi":[1639172372]}]}]}]},{"name":"SBSQ HOSPITAL IP\/OBS CARE HIGH MDM 50 MINUTES","billing_code_type":"CPT","billing_code_type_version":"2020","billing_code":"99233","description":"SBSQ HOSPITAL IP\/OBS CARE HIGH MDM 50 MINUTES","allowed_amounts":[{"tin":{"type":"ein","value":"844284477"},"service_code":["21"],"billing_class":"professional","setting":"inpatient","payments":[{"allowed_amount":138.12,"providers":[{"billed_charge":647.00,"npi":[1528169125,1912629916,1962065425]}]}]},{"tin":{"type":"ein","value":"954457756"},"service_code":["21"],"billing_class":"professional","setting":"inpatient","payments":[{"allowed_amount":147.98,"providers":[{"billed_charge":437.00,"npi":[1083293252,1316984388,1639172372]}]}]},{"tin":{"type":"ein","value":"954457756"},"service_code":["21"],"billing_class":"professional","setting":"inpatient","payments":[{"allowed_amount":437.00,"providers":[{"billed_charge":437.00,"npi":[1083293252,1316984388,1639172372]}]}]}]},{"name":"SCREENING DIGITAL BREAST TOMOSYNTHESIS BI","billing_code_type":"CPT","billing_code_type_version":"2020","billing_code":"77063","description":"SCREENING DIGITAL BREAST TOMOSYNTHESIS BI","allowed_amounts":[{"tin":{"type":"ein","value":"741680498"},"service_code":["22"],"billing_class":"professional","setting":"outpatient","payments":[{"allowed_amount":42.07,"providers":[{"billed_charge":199.00,"npi":[1053841163,1316357932,1316931835,1538107875]}]}]}]},{"name":"SCREENING MAMMOGRAPHY BI 2-VIEW BREAST INC CAD","billing_code_type":"CPT","billing_code_type_version":"2020","billing_code":"77067","description":"SCREENING MAMMOGRAPHY BI 2-VIEW BREAST INC CAD","allowed_amounts":[{"tin":{"type":"ein","value":"741680498"},"service_code":["22"],"billing_class":"professional","setting":"outpatient","payments":[{"allowed_amount":44.42,"providers":[{"billed_charge":295.00,"npi":[1053841163,1316357932,1316931835,1538107875]}]}]}]},{"name":"SEDIMENTATION RATE RBC AUTOMATED","billing_code_type":"CPT","billing_code_type_version":"2020","billing_code":"85652","description":"SEDIMENTATION RATE RBC AUTOMATED","allowed_amounts":[{"tin":{"type":"ein","value":"364895458"},"service_code":["81"],"billing_class":"professional","setting":"outpatient","payments":[{"allowed_amount":2.70,"providers":[{"billed_charge":2.70,"npi":[1821527375,1891280541]}]}]}]},{"name":"SHORT-LATENCY SOMATOSENS EP STD UPR & LOW LIMB","billing_code_type":"CPT","billing_code_type_version":"2020","billing_code":"95938","description":"SHORT-LATENCY SOMATOSENS EP STD UPR & LOW LIMB","allowed_amounts":[{"tin":{"type":"ein","value":"881892864"},"service_code":["22"],"billing_class":"professional","setting":"outpatient","payments":[{"allowed_amount":54.96,"providers":[{"billed_charge":4905.15,"npi":[1437363538,1457518391,1467183103,1902881295]}]}]}]},{"name":"SMR PRIM SRC CPLX SPEC STAIN OVA&PARASITS","billing_code_type":"CPT","billing_code_type_version":"2020","billing_code":"87209","description":"SMR PRIM SRC CPLX SPEC STAIN OVA&PARASITS","allowed_amounts":[{"tin":{"type":"ein","value":"223699755"},"service_code":["11"],"billing_class":"professional","setting":"outpatient","payments":[{"allowed_amount":15.68,"providers":[{"billed_charge":54.00,"npi":[1104903723,1114986940,1164836516,1366992802]}]}]}]},{"name":"SYNCHRONOUS AUDIO-ONLY VISIT EST HIGH MDM 40 MIN","billing_code_type":"CPT","billing_code_type_version":"2020","billing_code":"98015","description":"SYNCHRONOUS AUDIO-ONLY VISIT EST HIGH MDM 40 MIN","allowed_amounts":[{"tin":{"type":"ein","value":"411761760"},"service_code":["10"],"billing_class":"professional","setting":"outpatient","payments":[{"allowed_amount":191.64,"providers":[{"billed_charge":570.00,"npi":[1598072183,1962402834]}]}]}]},{"name":"THERAPEUTIC PROPHYLACTIC\/DX INJECTION SUBQ\/IM","billing_code_type":"CPT","billing_code_type_version":"2020","billing_code":"96372","description":"THERAPEUTIC PROPHYLACTIC\/DX INJECTION SUBQ\/IM","allowed_amounts":[{"tin":{"type":"ein","value":"411761760"},"service_code":["11"],"billing_class":"professional","setting":"outpatient","payments":[{"allowed_amount":19.12,"providers":[{"billed_charge":53.00,"npi":[1013383355,1568038875]}]}]}]},{"name":"TREATMENT\/OBSERVATION ROOM: OBSERVATION ROOM","billing_code_type":"RC","billing_code_type_version":"UB04","billing_code":"0762","description":"TREATMENT\/OBSERVATION ROOM: OBSERVATION ROOM","allowed_amounts":[{"tin":{"type":"ein","value":"951644600"},"billing_class":"institutional","setting":"inpatient","payments":[{"allowed_amount":4397.73,"providers":[{"billed_charge":20480.00,"npi":[1639172372]}]}]}]},{"name":"US BREAST UNI REAL TIME WITH IMAGE LIMITED","billing_code_type":"CPT","billing_code_type_version":"2020","billing_code":"76642","description":"US BREAST UNI REAL TIME WITH IMAGE LIMITED","allowed_amounts":[{"tin":{"type":"ein","value":"741680498"},"service_code":["22"],"billing_class":"professional","setting":"outpatient","payments":[{"allowed_amount":40.35,"providers":[{"billed_charge":470.00,"npi":[1043549231,1053841163,1316931835,1538107875]}]}]}]},{"name":"US SOFT TISSUE HEAD & NECK REAL TIME IMGE DOCM","billing_code_type":"CPT","billing_code_type_version":"2020","billing_code":"76536","description":"US SOFT TISSUE HEAD & NECK REAL TIME IMGE DOCM","allowed_amounts":[{"tin":{"type":"ein","value":"741680498"},"service_code":["22"],"billing_class":"professional","setting":"outpatient","payments":[{"allowed_amount":35.78,"providers":[{"billed_charge":401.00,"npi":[1003343492,1053841163,1316931835,1538107875]}]}]}]},{"name":"VISIT CPLX INHERENT E&M ASSOC MCS","billing_code_type":"HCPCS","billing_code_type_version":"HCPCS LEVEL II 2021","billing_code":"G2211","description":"VISIT CPLX INHERENT E&M ASSOC MCS","allowed_amounts":[{"tin":{"type":"ein","value":"472221436"},"service_code":["11"],"billing_class":"professional","setting":"outpatient","payments":[{"allowed_amount":20.67,"providers":[{"billed_charge":40.00,"npi":[1013313857,1467451922,1629155676]}]}]}]}]}
