{"reporting_entity_name": "IEC Group_DBA AmeriBen",
	"reporting_entity_type": "Third Party Administrator",
	"plan_name": "THOMAS CONCRETE INC",
	"plan_id_type": "ein",
	"plan_id": "592820172",
	"plan_market_type": "group",
	"last_updated_on": "2025-09-01","Version": "1.0.0","out_of_network":[{"name":"CAPD OPD\/HOME: CAPD COMP OR OTHER RATE","billing_code_type":"RC","billing_code_type_version":"UB04","billing_code":"0841","description":"CAPD OPD\/HOME: CAPD COMP OR OTHER RATE","allowed_amounts":[{"tin":{"type":"ein","value":"042835488"},"service_code":["65"],"billing_class":"institutional","payments":[{"allowed_amount":274.03,"billing_code_modifier":[""],"providers":[{"billed_charge":4091.00,"npi":[1053423889,1235133869]}]}]}]}]}
