{"reporting_entity_name": "IEC Group_DBA AmeriBen",
	"reporting_entity_type": "Third Party Administrator",
	"plan_name": "ZELIS HEALTHCARE",
	"plan_id_type": "ein",
	"plan_id": "582167964",
	"plan_market_type": "group",
	"last_updated_on": "2025-12-01","Version": "1.0.0","out_of_network":[{"name":"ADAPTIVE BEHAVIOR TX BY PROTOCOL TECH EA 15 MIN","billing_code_type":"CPT","billing_code_type_version":"2020","billing_code":"97153","description":"ADAPTIVE BEHAVIOR TX BY PROTOCOL TECH EA 15 MIN","allowed_amounts":[{"tin":{"type":"ein","value":"262488659"},"service_code":["12"],"billing_class":"professional","payments":[{"allowed_amount":444.00,"billing_code_modifier":[""],"providers":[{"billed_charge":640.00,"npi":[1063993269,1093125429]}]}]}]},{"name":"CCPD OPD\/HOME: CCPD COMP OR OTHER RATE","billing_code_type":"RC","billing_code_type_version":"UB04","billing_code":"0851","description":"CCPD OPD\/HOME: CCPD COMP OR OTHER RATE","allowed_amounts":[{"tin":{"type":"ein","value":"203275837"},"service_code":["65"],"billing_class":"institutional","payments":[{"allowed_amount":143.37,"billing_code_modifier":[""],"providers":[{"billed_charge":4134.43,"npi":[1346271145,1437168440]}]}]}]},{"name":"IADNA NOS AMPLIFIED PROBE TQ EACH ORGANISM","billing_code_type":"CPT","billing_code_type_version":"2020","billing_code":"87798","description":"IADNA NOS AMPLIFIED PROBE TQ EACH ORGANISM","allowed_amounts":[{"tin":{"type":"ein","value":"133757370"},"service_code":["81"],"billing_class":"professional","payments":[{"allowed_amount":24.56,"billing_code_modifier":[""],"providers":[{"billed_charge":256.80,"npi":[1194012732,1538144910]}]}]},{"tin":{"type":"ein","value":"223510467"},"service_code":["81"],"billing_class":"professional","payments":[{"allowed_amount":24.56,"billing_code_modifier":[""],"providers":[{"billed_charge":50.00,"npi":[1750373908,1932503844]},{"billed_charge":80.50,"npi":[1750373908,1932503844]}]},{"allowed_amount":24.56,"billing_code_modifier":[""],"providers":[{"billed_charge":50.00,"npi":[1750373908,1932503844]},{"billed_charge":80.50,"npi":[1750373908,1932503844]}]}]},{"tin":{"type":"ein","value":"223510467"},"service_code":["81"],"billing_class":"professional","payments":[{"allowed_amount":24.56,"billing_code_modifier":[""],"providers":[{"billed_charge":50.00,"npi":[1750373908,1932503844]},{"billed_charge":80.50,"npi":[1750373908,1932503844]}]},{"allowed_amount":24.56,"billing_code_modifier":[""],"providers":[{"billed_charge":50.00,"npi":[1750373908,1932503844]},{"billed_charge":80.50,"npi":[1750373908,1932503844]}]}]},{"tin":{"type":"ein","value":"840611484"},"service_code":["81"],"billing_class":"professional","payments":[{"allowed_amount":24.56,"billing_code_modifier":[""],"providers":[{"billed_charge":136.35,"npi":[1255314704,1952321903]}]}]}]},{"name":"MANUAL THERAPY TQS 1\/> REGIONS EACH 15 MINUTES","billing_code_type":"CPT","billing_code_type_version":"2020","billing_code":"97140","description":"MANUAL THERAPY TQS 1\/> REGIONS EACH 15 MINUTES","allowed_amounts":[{"tin":{"type":"ein","value":"473602775"},"service_code":["11"],"billing_class":"professional","payments":[{"allowed_amount":81.52,"billing_code_modifier":[""],"providers":[{"billed_charge":250.00,"npi":[1174260327,1457746505,1538475686]}]}]},{"tin":{"type":"ein","value":"933064231"},"service_code":["11"],"billing_class":"professional","payments":[{"allowed_amount":81.52,"billing_code_modifier":[""],"providers":[{"billed_charge":300.00,"npi":[1285369819,1346022910]}]}]}]},{"name":"PSYCHOTHERAPY W\/PATIENT 60 MINUTES","billing_code_type":"CPT","billing_code_type_version":"2020","billing_code":"90837","description":"PSYCHOTHERAPY W\/PATIENT 60 MINUTES","allowed_amounts":[{"tin":{"type":"ein","value":"834084306"},"service_code":["02"],"billing_class":"professional","payments":[{"allowed_amount":201.00,"billing_code_modifier":[""],"providers":[{"billed_charge":350.00,"npi":[1043783293,1912468844]}]}]},{"tin":{"type":"ein","value":"874585391"},"service_code":["11"],"billing_class":"professional","payments":[{"allowed_amount":134.89,"billing_code_modifier":[""],"providers":[{"billed_charge":190.00,"npi":[1114235793,1114673654]}]}]}]},{"name":"THERAPEUTIC PX 1\/> AREAS EACH 15 MIN EXERCISES","billing_code_type":"CPT","billing_code_type_version":"2020","billing_code":"97110","description":"THERAPEUTIC PX 1\/> AREAS EACH 15 MIN EXERCISES","allowed_amounts":[{"tin":{"type":"ein","value":"473602775"},"service_code":["11"],"billing_class":"professional","payments":[{"allowed_amount":43.19,"billing_code_modifier":[""],"providers":[{"billed_charge":125.00,"npi":[1174260327,1457746505,1538475686]}]}]},{"tin":{"type":"ein","value":"933039993"},"service_code":["11"],"billing_class":"professional","payments":[{"allowed_amount":43.19,"billing_code_modifier":[""],"providers":[{"billed_charge":150.00,"npi":[1346711280,1679355309,1750101614]}]}]}]}]}
