{"reporting_entity_name": "IEC Group_DBA AmeriBen",
	"reporting_entity_type": "Third Party Administrator",
	"plan_name": "ROBINSON HELICOPTER COMPANY",
	"plan_id_type": "ein",
	"plan_id": "952834107",
	"plan_market_type": "group",
	"last_updated_on": "2026-01-01","Version": "1.0.0","out_of_network":[{"name":"EMERGENCY DEPARTMENT VISIT HIGH MDM","billing_code_type":"CPT","billing_code_type_version":"2020","billing_code":"99285","description":"EMERGENCY DEPARTMENT VISIT HIGH MDM","allowed_amounts":[{"tin":{"type":"ein","value":"454130305"},"service_code":["23"],"billing_class":"professional","payments":[{"allowed_amount":250.97,"billing_code_modifier":[""],"providers":[{"billed_charge":1609.33,"npi":[1528333101,1649212408]}]}]},{"tin":{"type":"ein","value":"850806620"},"service_code":["23"],"billing_class":"professional","payments":[{"allowed_amount":250.97,"billing_code_modifier":[""],"providers":[{"billed_charge":915.00,"npi":[1316989791,1518588433,1578849527,1932518974]}]}]},{"tin":{"type":"ein","value":"953192932"},"service_code":["23"],"billing_class":"professional","payments":[{"allowed_amount":250.97,"billing_code_modifier":[""],"providers":[{"billed_charge":1110.00,"npi":[1043215379,1114422938,1265433551,1871535286,1922269950]}]}]},{"tin":{"type":"ein","value":"954481360"},"service_code":["23"],"billing_class":"professional","payments":[{"allowed_amount":250.97,"billing_code_modifier":[""],"providers":[{"billed_charge":853.00,"npi":[1093986788,1447605407,1477116051,1518917913,1902844988]}]}]},{"tin":{"type":"ein","value":"954534163"},"service_code":["23"],"billing_class":"professional","payments":[{"allowed_amount":250.97,"billing_code_modifier":[""],"providers":[{"billed_charge":746.00,"npi":[1013334168,1043444615,1043773930,1114956299,1124123054,1184048712,1184974842,1225148042,1285925271,1467459776,1467815936,1578149415,1588600993,1588612477,1801183173]}]}]}]},{"name":"EMERGENCY DEPARTMENT VISIT MODERATE MDM","billing_code_type":"CPT","billing_code_type_version":"2020","billing_code":"99284","description":"EMERGENCY DEPARTMENT VISIT MODERATE MDM","allowed_amounts":[{"tin":{"type":"ein","value":"850806620"},"service_code":["23"],"billing_class":"professional","payments":[{"allowed_amount":180.99,"billing_code_modifier":[""],"providers":[{"billed_charge":815.00,"npi":[1316989791,1518588433,1689089195]}]}]},{"tin":{"type":"ein","value":"951750445"},"service_code":["23"],"billing_class":"professional","payments":[{"allowed_amount":180.99,"billing_code_modifier":[""],"providers":[{"billed_charge":682.00,"npi":[1295963254,1336294040,1598797011,1780779041]}]}]},{"tin":{"type":"ein","value":"953056292"},"service_code":["23"],"billing_class":"professional","payments":[{"allowed_amount":180.99,"billing_code_modifier":[""],"providers":[{"billed_charge":992.00,"npi":[1740214733,1811080526,1912948720]}]}]},{"tin":{"type":"ein","value":"953192932"},"service_code":["23"],"billing_class":"professional","payments":[{"allowed_amount":180.99,"billing_code_modifier":[""],"providers":[{"billed_charge":841.00,"npi":[1265433551,1467571091,1609653252,1659307908,1871535286]}]}]},{"tin":{"type":"ein","value":"954534163"},"service_code":["23"],"billing_class":"professional","payments":[{"allowed_amount":180.99,"billing_code_modifier":[""],"providers":[{"billed_charge":515.00,"npi":[1184048712,1194773424,1215961628,1467459776,1598127284,1649663394]}]}]}]}]}
