{"reporting_entity_name": "IEC Group_DBA AmeriBen",
	"reporting_entity_type": "Third Party Administrator",
	"plan_name": "AHLSTROM",
	"plan_id_type": "ein",
	"plan_id": "133509370",
	"plan_market_type": "group",
	"last_updated_on": "2024-02-01","Version": "1.0.0","out_of_network":[{"name":"ALCOHL&\/RX SRVC;METHDONE ADMN&\/SRVC","billing_code_type":"HCPCS","billing_code_type_version":"HCPCS LEVEL II 2021","billing_code":"H0020","description":"ALCOHL&\/RX SRVC;METHDONE ADMN&\/SRVC","allowed_amounts":[{"tin":{"type":"ein","value":"391498501"},"service_code":["11"],"billing_class":"professional","payments":[{"allowed_amount":11.43,"billing_code_modifier":[""],"providers":[{"billed_charge":22.86,"npi":[1629282470,1679885776,1700202892]}]}]}]},{"name":"CHIROPRACTIC MANIPULATIVE TX SPINAL 3-4 REGIONS","billing_code_type":"CPT","billing_code_type_version":"2020","billing_code":"98941","description":"CHIROPRACTIC MANIPULATIVE TX SPINAL 3-4 REGIONS","allowed_amounts":[{"tin":{"type":"ein","value":"391784227"},"service_code":["11"],"billing_class":"professional","payments":[{"allowed_amount":31.08,"billing_code_modifier":[""],"providers":[{"billed_charge":78.00,"npi":[1154502524,1336204627]}]}]},{"tin":{"type":"ein","value":"463929365"},"service_code":["11"],"billing_class":"professional","payments":[{"allowed_amount":31.08,"billing_code_modifier":[""],"providers":[{"billed_charge":90.00,"npi":[1073943437,1700216801]}]}]},{"tin":{"type":"ein","value":"825292911"},"service_code":["11"],"billing_class":"professional","payments":[{"allowed_amount":31.08,"billing_code_modifier":[""],"providers":[{"billed_charge":52.94,"npi":[1740775279,1780913202]}]}]}]},{"name":"RESIDENTIAL TREATMENT-CHEMICAL DEPENDENCY","billing_code_type":"RC","billing_code_type_version":"UB04","billing_code":"1002","description":"RESIDENTIAL TREATMENT-CHEMICAL DEPENDENCY","allowed_amounts":[{"tin":{"type":"ein","value":"884220766"},"service_code":["21"],"billing_class":"institutional","payments":[{"allowed_amount":2870.00,"billing_code_modifier":[""],"providers":[{"billed_charge":4100.00,"npi":[1740371038,1831880665]}]}]}]}]}
