{"reporting_entity_name": "IEC Group_DBA AmeriBen",
	"reporting_entity_type": "Third Party Administrator",
	"plan_name": "COCHISE COMBINED TRUST",
	"plan_id_type": "ein",
	"plan_id": "721525748",
	"plan_market_type": "group",
	"last_updated_on": "2024-07-01","Version": "1.0.0","out_of_network":[{"name":"EMERGENCY DEPARTMENT VISIT HIGH MDM","billing_code_type":"CPT","billing_code_type_version":"2020","billing_code":"99285","description":"EMERGENCY DEPARTMENT VISIT HIGH MDM","allowed_amounts":[{"tin":{"type":"ein","value":"352574944"},"service_code":["23"],"billing_class":"professional","payments":[{"allowed_amount":288.52,"billing_code_modifier":[""],"providers":[{"billed_charge":1761.00,"npi":[1154352508,1194766543,1417419771,1659640977,1700328663,1922067768]}]}]}]},{"name":"PSYCHOTHERAPY W\/PATIENT 60 MINUTES","billing_code_type":"CPT","billing_code_type_version":"2020","billing_code":"90837","description":"PSYCHOTHERAPY W\/PATIENT 60 MINUTES","allowed_amounts":[{"tin":{"type":"ein","value":"450553806"},"service_code":["02"],"billing_class":"professional","payments":[{"allowed_amount":75.00,"billing_code_modifier":[""],"providers":[{"billed_charge":125.00,"npi":[1215024781,1750586103]}]}]}]}]}
