{"reporting_entity_name": "IEC Group_DBA AmeriBen",
	"reporting_entity_type": "Third Party Administrator",
	"plan_name": "BASHAS' WELFARE BENEFIT PLAN",
	"plan_id_type": "ein",
	"plan_id": "860110430",
	"plan_market_type": "group",
	"last_updated_on": "2022-06-28","Version": "1.0.0","out_of_network":[{"name":"CCPD OPD\/HOME: CCPD COMP OR OTHER RATE","billing_code_type":"RC","billing_code_type_version":"UB04","billing_code":"0851","description":"CCPD OPD\/HOME: CCPD COMP OR OTHER RATE","allowed_amounts":[{"tin":{"type":"ein","value":"042977283"},"service_code":["65"],"billing_class":"institutional","payments":[{"allowed_amount":261.41,"billing_code_modifier":[""],"providers":[{"billed_charge":3750.05,"npi":[1538661483,1780713032]}]}]},{"tin":{"type":"ein","value":"042977283"},"service_code":["65"],"billing_class":"institutional","payments":[{"allowed_amount":287.61,"billing_code_modifier":[""],"providers":[{"billed_charge":3750.05,"npi":[1538661483,1780713032]}]}]},{"tin":{"type":"ein","value":"042977283"},"service_code":["65"],"billing_class":"institutional","payments":[{"allowed_amount":292.81,"billing_code_modifier":[""],"providers":[{"billed_charge":3750.05,"npi":[1538661483,1780713032]}]}]}]},{"name":"DRUG TST PRSMV INSTRMNT CHEM ANALYZERS PR DATE","billing_code_type":"CPT","billing_code_type_version":"2020","billing_code":"80307","description":"DRUG TST PRSMV INSTRMNT CHEM ANALYZERS PR DATE","allowed_amounts":[{"tin":{"type":"ein","value":"273035832"},"service_code":["81"],"billing_class":"professional","payments":[{"allowed_amount":71.46,"billing_code_modifier":[""],"providers":[{"billed_charge":193.96,"npi":[1568016368,1972888139]}]}]},{"tin":{"type":"ein","value":"453782366"},"service_code":["81"],"billing_class":"professional","payments":[{"allowed_amount":71.46,"billing_code_modifier":[""],"providers":[{"billed_charge":226.00,"npi":[1255608469,1881741726]}]}]},{"tin":{"type":"ein","value":"464450977"},"service_code":["81"],"billing_class":"professional","payments":[{"allowed_amount":71.46,"billing_code_modifier":[""],"providers":[{"billed_charge":124.28,"npi":[1184041949,1558879106,1750373718]}]}]},{"tin":{"type":"ein","value":"471831269"},"service_code":["81"],"billing_class":"professional","payments":[{"allowed_amount":71.46,"billing_code_modifier":[""],"providers":[{"billed_charge":320.00,"npi":[1134279375,1164826111]}]}]},{"tin":{"type":"ein","value":"474815114"},"service_code":["81"],"billing_class":"professional","payments":[{"allowed_amount":71.46,"billing_code_modifier":[""],"providers":[{"billed_charge":103.00,"npi":[1215302245,1659391704]}]}]},{"tin":{"type":"ein","value":"541882269"},"service_code":["81"],"billing_class":"professional","payments":[{"allowed_amount":71.46,"billing_code_modifier":[""],"providers":[{"billed_charge":345.00,"npi":[1568460566,1912903717]}]}]},{"tin":{"type":"ein","value":"953926170"},"service_code":["81"],"billing_class":"professional","payments":[{"allowed_amount":71.46,"billing_code_modifier":[""],"providers":[{"billed_charge":160.00,"npi":[1003950585,1326558222]}]}]}]},{"name":"DRUGS REQUIRE SPECIFIC ID: DRUGS REQUIRING DETAIL","billing_code_type":"RC","billing_code_type_version":"UB04","billing_code":"0636","description":"DRUGS REQUIRE SPECIFIC ID: DRUGS REQUIRING DETAIL","allowed_amounts":[{"tin":{"type":"ein","value":"042977283"},"service_code":["65"],"billing_class":"institutional","payments":[{"allowed_amount":6.94,"billing_code_modifier":[""],"providers":[{"billed_charge":240.53,"npi":[1851403752,1932249612]}]}]},{"tin":{"type":"ein","value":"042977283"},"service_code":["65"],"billing_class":"institutional","payments":[{"allowed_amount":7.33,"billing_code_modifier":[""],"providers":[{"billed_charge":253.90,"npi":[1851403752,1932249612]}]}]},{"tin":{"type":"ein","value":"042977283"},"service_code":["65"],"billing_class":"institutional","payments":[{"allowed_amount":13.50,"billing_code_modifier":[""],"providers":[{"billed_charge":467.71,"npi":[1851403752,1932249612]}]}]}]},{"name":"EMERGENCY DEPARTMENT VISIT MODERATE SEVERITY","billing_code_type":"CPT","billing_code_type_version":"2020","billing_code":"99283","description":"EMERGENCY DEPARTMENT VISIT MODERATE SEVERITY","allowed_amounts":[{"tin":{"type":"ein","value":"814399995"},"service_code":["23"],"billing_class":"professional","payments":[{"allowed_amount":82.29,"billing_code_modifier":[""],"providers":[{"billed_charge":637.25,"npi":[1023074317,1043269467,1043848294,1053310052,1083165849,1104807213,1114466950,1124656376,1164050316,1164822904,1215974258,1235680034,1245772870,1275161523,1376631077,1417995796,1457313728,1578875811,1629176433,1841294378,1891886479,1942228093,1952569600,1972794295]}]}]},{"tin":{"type":"ein","value":"823394691"},"service_code":["23"],"billing_class":"professional","payments":[{"allowed_amount":82.29,"billing_code_modifier":[""],"providers":[{"billed_charge":1316.28,"npi":[1023090099,1154898435,1174759807,1689170813]}]}]},{"tin":{"type":"ein","value":"823537014"},"service_code":["23"],"billing_class":"professional","payments":[{"allowed_amount":82.29,"billing_code_modifier":[""],"providers":[{"billed_charge":1316.28,"npi":[1033477112,1356818496,1750895686]}]}]},{"tin":{"type":"ein","value":"860212139"},"service_code":["23"],"billing_class":"professional","payments":[{"allowed_amount":82.29,"billing_code_modifier":[""],"providers":[{"billed_charge":852.00,"npi":[1083643738,1457896672]},{"billed_charge":912.00,"npi":[1083695563,1184738049]}]},{"allowed_amount":82.29,"billing_code_modifier":[""],"providers":[{"billed_charge":852.00,"npi":[1083643738,1457896672]},{"billed_charge":912.00,"npi":[1083695563,1184738049]}]}]},{"tin":{"type":"ein","value":"860212139"},"service_code":["23"],"billing_class":"professional","payments":[{"allowed_amount":82.29,"billing_code_modifier":[""],"providers":[{"billed_charge":852.00,"npi":[1083643738,1457896672]},{"billed_charge":912.00,"npi":[1083695563,1184738049]}]},{"allowed_amount":82.29,"billing_code_modifier":[""],"providers":[{"billed_charge":852.00,"npi":[1083643738,1457896672]},{"billed_charge":912.00,"npi":[1083695563,1184738049]}]}]},{"tin":{"type":"ein","value":"860719858"},"service_code":["23"],"billing_class":"professional","payments":[{"allowed_amount":82.29,"billing_code_modifier":[""],"providers":[{"billed_charge":201.00,"npi":[1376929380,1588848543]}]}]}]},{"name":"HEMO OPD\/HOME: HEMODIALYSIS COMP OR OTHER RATE","billing_code_type":"RC","billing_code_type_version":"UB04","billing_code":"0821","description":"HEMO OPD\/HOME: HEMODIALYSIS COMP OR OTHER RATE","allowed_amounts":[{"tin":{"type":"ein","value":"042977283"},"service_code":["65"],"billing_class":"institutional","payments":[{"allowed_amount":220.21,"billing_code_modifier":[""],"providers":[{"billed_charge":7629.42,"npi":[1851403752,1932249612]}]}]}]},{"name":"IA DET NA;SEV AC RES SYND SARS-COV-2 COVID-19","billing_code_type":"HCPCS","billing_code_type_version":"HCPCS LEVEL II 2021","billing_code":"U0005","description":"IA DET NA;SEV AC RES SYND SARS-COV-2 COVID-19","allowed_amounts":[{"tin":{"type":"ein","value":"133934292"},"service_code":["81"],"billing_class":"professional","payments":[{"allowed_amount":28.75,"billing_code_modifier":[""],"providers":[{"billed_charge":100.00,"npi":[1134316441,1578109815,1588757033]}]}]},{"tin":{"type":"ein","value":"203734391"},"service_code":["81"],"billing_class":"professional","payments":[{"allowed_amount":28.75,"billing_code_modifier":[""],"providers":[{"billed_charge":50.00,"npi":[1053584482,1548201551]}]}]},{"tin":{"type":"ein","value":"363999311"},"service_code":["81"],"billing_class":"professional","payments":[{"allowed_amount":28.75,"billing_code_modifier":[""],"providers":[{"billed_charge":35.00,"npi":[1033421953,1477671345]}]}]},{"tin":{"type":"ein","value":"473727159"},"service_code":["81"],"billing_class":"professional","payments":[{"allowed_amount":25.00,"billing_code_modifier":[""],"providers":[{"billed_charge":25.00,"npi":[1225702269,1760051205,1912521568]}]}]},{"tin":{"type":"ein","value":"611803788"},"service_code":["81"],"billing_class":"professional","payments":[{"allowed_amount":25.00,"billing_code_modifier":[""],"providers":[{"billed_charge":50.00,"npi":[1053841023,1285733782]}]}]},{"tin":{"type":"ein","value":"621433252"},"service_code":["81"],"billing_class":"professional","payments":[{"allowed_amount":28.75,"billing_code_modifier":[""],"providers":[{"billed_charge":31.25,"npi":[1083703045,1689639544]}]}]},{"tin":{"type":"ein","value":"842079572"},"service_code":["81"],"billing_class":"professional","payments":[{"allowed_amount":28.75,"billing_code_modifier":[""],"providers":[{"billed_charge":75.00,"npi":[1285287821,1396392056]}]}]},{"tin":{"type":"ein","value":"850602662"},"service_code":["81"],"billing_class":"professional","payments":[{"allowed_amount":28.75,"billing_code_modifier":[""],"providers":[{"billed_charge":50.00,"npi":[1114014263,1881215622]}]}]},{"tin":{"type":"ein","value":"853163633"},"service_code":["81"],"billing_class":"professional","payments":[{"allowed_amount":28.75,"billing_code_modifier":[""],"providers":[{"billed_charge":100.00,"npi":[1063011898,1669453262]}]}]},{"tin":{"type":"ein","value":"854289083"},"service_code":["81"],"billing_class":"professional","payments":[{"allowed_amount":28.75,"billing_code_modifier":[""],"providers":[{"billed_charge":50.00,"npi":[1336757780,1639369036,1699309104]}]}]},{"tin":{"type":"ein","value":"861213775"},"service_code":["81"],"billing_class":"professional","payments":[{"allowed_amount":28.75,"billing_code_modifier":[""],"providers":[{"billed_charge":60.00,"npi":[1083703045,1831780402]}]}]},{"tin":{"type":"ein","value":"880241758"},"service_code":["81"],"billing_class":"professional","payments":[{"allowed_amount":25.00,"billing_code_modifier":[""],"providers":[{"billed_charge":25.00,"npi":[1114014263,1124417357,1801806294]}]}]},{"tin":{"type":"ein","value":"942958258"},"service_code":["21"],"billing_class":"professional","payments":[{"allowed_amount":28.75,"billing_code_modifier":[""],"providers":[{"billed_charge":100.00,"npi":[1265820179,1508809427,1821197112,1912301623]}]}]}]},{"name":"INF AGT DET DNA\/RNA;SARS-COV-2 COVID-19 AMP P T","billing_code_type":"HCPCS","billing_code_type_version":"HCPCS LEVEL II 2021","billing_code":"U0003","description":"INF AGT DET DNA\/RNA;SARS-COV-2 COVID-19 AMP P T","allowed_amounts":[{"tin":{"type":"ein","value":"133934292"},"service_code":["81"],"billing_class":"professional","payments":[{"allowed_amount":86.25,"billing_code_modifier":[""],"providers":[{"billed_charge":300.00,"npi":[1134316441,1578109815,1588757033]}]}]},{"tin":{"type":"ein","value":"203734391"},"service_code":["81"],"billing_class":"professional","payments":[{"allowed_amount":86.25,"billing_code_modifier":[""],"providers":[{"billed_charge":200.00,"npi":[1053584482,1548201551]}]}]},{"tin":{"type":"ein","value":"363999311"},"service_code":["81"],"billing_class":"professional","payments":[{"allowed_amount":86.25,"billing_code_modifier":[""],"providers":[{"billed_charge":135.00,"npi":[1033421953,1477671345]}]}]},{"tin":{"type":"ein","value":"473727159"},"service_code":["81"],"billing_class":"professional","payments":[{"allowed_amount":86.25,"billing_code_modifier":[""],"providers":[{"billed_charge":125.00,"npi":[1225702269,1760051205,1912521568,1982943700]}]}]},{"tin":{"type":"ein","value":"621433252"},"service_code":["81"],"billing_class":"professional","payments":[{"allowed_amount":86.25,"billing_code_modifier":[""],"providers":[{"billed_charge":125.00,"npi":[1083703045,1689639544]}]}]},{"tin":{"type":"ein","value":"710897031"},"service_code":["81"],"billing_class":"professional","payments":[{"allowed_amount":86.25,"billing_code_modifier":[""],"providers":[{"billed_charge":100.00,"npi":[1366479099,1972571008]}]}]},{"tin":{"type":"ein","value":"800879942"},"service_code":["81"],"billing_class":"professional","payments":[{"allowed_amount":86.25,"billing_code_modifier":[""],"providers":[{"billed_charge":175.00,"npi":[1538105366]}]}]},{"tin":{"type":"ein","value":"814460406"},"service_code":["81"],"billing_class":"professional","payments":[{"allowed_amount":86.25,"billing_code_modifier":[""],"providers":[{"billed_charge":200.00,"npi":[1366001257,1538507819,1831684851]}]}]},{"tin":{"type":"ein","value":"850602662"},"service_code":["81"],"billing_class":"professional","payments":[{"allowed_amount":86.25,"billing_code_modifier":[""],"providers":[{"billed_charge":150.00,"npi":[1114014263,1881215622]}]}]},{"tin":{"type":"ein","value":"853163633"},"service_code":["81"],"billing_class":"professional","payments":[{"allowed_amount":86.25,"billing_code_modifier":[""],"providers":[{"billed_charge":700.00,"npi":[1063011898,1669453262]}]}]},{"tin":{"type":"ein","value":"854289083"},"service_code":["81"],"billing_class":"professional","payments":[{"allowed_amount":86.25,"billing_code_modifier":[""],"providers":[{"billed_charge":225.00,"npi":[1336757780,1639369036,1699309104]}]}]},{"tin":{"type":"ein","value":"861213775"},"service_code":["81"],"billing_class":"professional","payments":[{"allowed_amount":86.25,"billing_code_modifier":[""],"providers":[{"billed_charge":190.00,"npi":[1083703045,1831780402]}]}]},{"tin":{"type":"ein","value":"880099333"},"service_code":["81"],"billing_class":"professional","payments":[{"allowed_amount":86.25,"billing_code_modifier":[""],"providers":[{"billed_charge":100.00,"npi":[1043256886,1629571161]}]}]},{"tin":{"type":"ein","value":"880241758"},"service_code":["81"],"billing_class":"professional","payments":[{"allowed_amount":86.25,"billing_code_modifier":[""],"providers":[{"billed_charge":100.00,"npi":[1114014263,1124417357,1801806294]}]}]}]},{"name":"LEVEL IV SURG PATHOLOGY GROSS&MICROSCOPIC EXAM","billing_code_type":"CPT","billing_code_type_version":"2020","billing_code":"88305","description":"LEVEL IV SURG PATHOLOGY GROSS&MICROSCOPIC EXAM","allowed_amounts":[{"tin":{"type":"ein","value":"751093698"},"service_code":["81"],"billing_class":"professional","payments":[{"allowed_amount":83.93,"billing_code_modifier":[""],"providers":[{"billed_charge":250.00,"npi":[1700128139,1962481820]}]}]}]},{"name":"MEDICAL\/SURGICAL SUPPLIES","billing_code_type":"RC","billing_code_type_version":"UB04","billing_code":"0270","description":"MEDICAL\/SURGICAL SUPPLIES","allowed_amounts":[{"tin":{"type":"ein","value":"042977283"},"service_code":["65"],"billing_class":"institutional","payments":[{"allowed_amount":3.72,"billing_code_modifier":[""],"providers":[{"billed_charge":128.80,"npi":[1851403752,1932249612]}]}]}]},{"name":"MEDICAL\/SURGICAL SUPPLIES: NONSTERILE SUPPLIES","billing_code_type":"RC","billing_code_type_version":"UB04","billing_code":"0271","description":"MEDICAL\/SURGICAL SUPPLIES: NONSTERILE SUPPLIES","allowed_amounts":[{"tin":{"type":"ein","value":"042977283"},"service_code":["65"],"billing_class":"institutional","payments":[{"allowed_amount":6.08,"billing_code_modifier":[""],"providers":[{"billed_charge":210.77,"npi":[1851403752,1932249612]}]}]}]},{"name":"OFFICE\/OUTPATIENT ESTABLISHED LOW MDM 20-29 MIN","billing_code_type":"CPT","billing_code_type_version":"2020","billing_code":"99213","description":"OFFICE\/OUTPATIENT ESTABLISHED LOW MDM 20-29 MIN","allowed_amounts":[{"tin":{"type":"ein","value":"273188239"},"service_code":["02"],"billing_class":"professional","payments":[{"allowed_amount":103.30,"billing_code_modifier":[""],"providers":[{"billed_charge":148.00,"npi":[1467030486]}]}]},{"tin":{"type":"ein","value":"461551319"},"service_code":["12"],"billing_class":"professional","payments":[{"allowed_amount":103.30,"billing_code_modifier":[""],"providers":[{"billed_charge":175.44,"npi":[1548496706]}]}]},{"tin":{"type":"ein","value":"475181686"},"service_code":["11"],"billing_class":"professional","payments":[{"allowed_amount":103.30,"billing_code_modifier":[""],"providers":[{"billed_charge":147.00,"npi":[1174745095,1356714638]}]}]},{"tin":{"type":"ein","value":"562462585"},"service_code":["22"],"billing_class":"professional","payments":[{"allowed_amount":103.30,"billing_code_modifier":[""],"providers":[{"billed_charge":186.00,"npi":[1134209323]}]}]},{"tin":{"type":"ein","value":"753122676"},"service_code":["11"],"billing_class":"professional","payments":[{"allowed_amount":103.30,"billing_code_modifier":[""],"providers":[{"billed_charge":135.00,"npi":[1073132940]}]}]},{"tin":{"type":"ein","value":"860212139"},"service_code":["22"],"billing_class":"professional","payments":[{"allowed_amount":103.30,"billing_code_modifier":[""],"providers":[{"billed_charge":200.00,"npi":[1144314600,1184627648,1184738049,1215112545,1821231440,1891752283]},{"billed_charge":208.00,"npi":[1073839155,1184738049]}]},{"allowed_amount":103.30,"billing_code_modifier":[""],"providers":[{"billed_charge":200.00,"npi":[1144314600,1184627648,1184738049,1215112545,1821231440,1891752283]},{"billed_charge":208.00,"npi":[1073839155,1184738049]}]}]},{"tin":{"type":"ein","value":"860212139"},"service_code":["22"],"billing_class":"professional","payments":[{"allowed_amount":103.30,"billing_code_modifier":[""],"providers":[{"billed_charge":200.00,"npi":[1144314600,1184627648,1184738049,1215112545,1821231440,1891752283]},{"billed_charge":208.00,"npi":[1073839155,1184738049]}]},{"allowed_amount":103.30,"billing_code_modifier":[""],"providers":[{"billed_charge":200.00,"npi":[1144314600,1184627648,1184738049,1215112545,1821231440,1891752283]},{"billed_charge":208.00,"npi":[1073839155,1184738049]}]}]},{"tin":{"type":"ein","value":"860377821"},"service_code":["11"],"billing_class":"professional","payments":[{"allowed_amount":103.30,"billing_code_modifier":[""],"providers":[{"billed_charge":130.00,"npi":[1205339090,1205994761,1528126133]}]}]},{"tin":{"type":"ein","value":"860554593"},"service_code":["50"],"billing_class":"professional","payments":[{"allowed_amount":103.30,"billing_code_modifier":[""],"providers":[{"billed_charge":250.00,"npi":[1215502471,1659308989,1689116501]}]}]},{"tin":{"type":"ein","value":"860719854"},"service_code":["11"],"billing_class":"professional","payments":[{"allowed_amount":103.30,"billing_code_modifier":[""],"providers":[{"billed_charge":152.00,"npi":[1174692529,1558342576]}]}]},{"tin":{"type":"ein","value":"860719858"},"service_code":["22"],"billing_class":"professional","payments":[{"allowed_amount":103.30,"billing_code_modifier":[""],"providers":[{"billed_charge":116.00,"npi":[1124689047,1144270554,1265587653,1285238899,1295153773,1346397981,1396761565,1497199947,1508176694,1588848543]}]}]},{"tin":{"type":"ein","value":"860830701"},"service_code":["02","19"],"billing_class":"professional","payments":[{"allowed_amount":103.30,"billing_code_modifier":[""],"providers":[{"billed_charge":325.00,"npi":[1649828070]}]}]},{"tin":{"type":"ein","value":"942540194"},"service_code":["02"],"billing_class":"professional","payments":[{"allowed_amount":103.30,"billing_code_modifier":[""],"providers":[{"billed_charge":200.00,"npi":[1043984339,1700904075]}]}]}]},{"name":"OFFICE\/OUTPATIENT ESTABLISHED MOD MDM 30-39 MIN","billing_code_type":"CPT","billing_code_type_version":"2020","billing_code":"99214","description":"OFFICE\/OUTPATIENT ESTABLISHED MOD MDM 30-39 MIN","allowed_amounts":[{"tin":{"type":"ein","value":"371869324"},"service_code":["11"],"billing_class":"professional","payments":[{"allowed_amount":146.73,"billing_code_modifier":[""],"providers":[{"billed_charge":269.00,"npi":[1053810622,1083813331]},{"billed_charge":292.00,"npi":[1053810622,1063781797]}]},{"allowed_amount":146.73,"billing_code_modifier":[""],"providers":[{"billed_charge":269.00,"npi":[1053810622,1083813331]},{"billed_charge":292.00,"npi":[1053810622,1063781797]}]}]},{"tin":{"type":"ein","value":"371869324"},"service_code":["11"],"billing_class":"professional","payments":[{"allowed_amount":146.73,"billing_code_modifier":[""],"providers":[{"billed_charge":269.00,"npi":[1053810622,1083813331]},{"billed_charge":292.00,"npi":[1053810622,1063781797]}]},{"allowed_amount":146.73,"billing_code_modifier":[""],"providers":[{"billed_charge":269.00,"npi":[1053810622,1083813331]},{"billed_charge":292.00,"npi":[1053810622,1063781797]}]}]},{"tin":{"type":"ein","value":"452402948"},"service_code":["11"],"billing_class":"professional","payments":[{"allowed_amount":146.73,"billing_code_modifier":[""],"providers":[{"billed_charge":323.00,"npi":[1689628513]}]}]},{"tin":{"type":"ein","value":"461551319"},"service_code":["12"],"billing_class":"professional","payments":[{"allowed_amount":146.73,"billing_code_modifier":[""],"providers":[{"billed_charge":273.71,"npi":[1548496706]}]}]},{"tin":{"type":"ein","value":"842096114"},"service_code":["11"],"billing_class":"professional","payments":[{"allowed_amount":146.73,"billing_code_modifier":[""],"providers":[{"billed_charge":160.00,"npi":[1114970324,1578125233]}]}]},{"tin":{"type":"ein","value":"860212139"},"service_code":["22"],"billing_class":"professional","payments":[{"allowed_amount":146.73,"billing_code_modifier":[""],"providers":[{"billed_charge":303.00,"npi":[1073839155,1184738049,1205098902,1215046974,1467748319,1578771952,1710375621,1891752283]},{"billed_charge":304.00,"npi":[1184738049,1629140744]}]},{"allowed_amount":146.73,"billing_code_modifier":[""],"providers":[{"billed_charge":303.00,"npi":[1073839155,1184738049,1205098902,1215046974,1467748319,1578771952,1710375621,1891752283]},{"billed_charge":304.00,"npi":[1184738049,1629140744]}]}]},{"tin":{"type":"ein","value":"860212139"},"service_code":["22"],"billing_class":"professional","payments":[{"allowed_amount":146.73,"billing_code_modifier":[""],"providers":[{"billed_charge":303.00,"npi":[1073839155,1184738049,1205098902,1215046974,1467748319,1578771952,1710375621,1891752283]},{"billed_charge":304.00,"npi":[1184738049,1629140744]}]},{"allowed_amount":146.73,"billing_code_modifier":[""],"providers":[{"billed_charge":303.00,"npi":[1073839155,1184738049,1205098902,1215046974,1467748319,1578771952,1710375621,1891752283]},{"billed_charge":304.00,"npi":[1184738049,1629140744]}]}]},{"tin":{"type":"ein","value":"860377821"},"service_code":["11"],"billing_class":"professional","payments":[{"allowed_amount":146.73,"billing_code_modifier":[""],"providers":[{"billed_charge":160.00,"npi":[1528126133,1891853446,1962615856]}]}]},{"tin":{"type":"ein","value":"860783428"},"service_code":["11"],"billing_class":"professional","payments":[{"allowed_amount":146.73,"billing_code_modifier":[""],"providers":[{"billed_charge":268.00,"npi":[1710481411,1740459700,1760441141]}]}]},{"tin":{"type":"ein","value":"860817397"},"service_code":["22"],"billing_class":"professional","payments":[{"allowed_amount":146.73,"billing_code_modifier":[""],"providers":[{"billed_charge":266.00,"npi":[1477876639,1487187183,1518458389]}]}]},{"tin":{"type":"ein","value":"860830701"},"service_code":["19"],"billing_class":"professional","payments":[{"allowed_amount":146.73,"billing_code_modifier":[""],"providers":[{"billed_charge":335.00,"npi":[1508360587]}]}]}]},{"name":"PHARMACY","billing_code_type":"RC","billing_code_type_version":"UB04","billing_code":"0250","description":"PHARMACY","allowed_amounts":[{"tin":{"type":"ein","value":"042977283"},"service_code":["65"],"billing_class":"institutional","payments":[{"allowed_amount":2.47,"billing_code_modifier":[""],"providers":[{"billed_charge":85.78,"npi":[1851403752,1932249612]}]}]}]},{"name":"RADIOLOGIC EXAM CHEST 2 VIEWS","billing_code_type":"CPT","billing_code_type_version":"2020","billing_code":"71046","description":"RADIOLOGIC EXAM CHEST 2 VIEWS","allowed_amounts":[{"tin":{"type":"ein","value":"741666524"},"service_code":["23"],"billing_class":"professional","payments":[{"allowed_amount":12.22,"billing_code_modifier":[""],"providers":[{"billed_charge":45.00,"npi":[1154748416,1366737157,1417240755,1528148335,1780624254,1902802986]}]}]},{"tin":{"type":"ein","value":"845116186"},"service_code":["22","23"],"billing_class":"professional","payments":[{"allowed_amount":12.22,"billing_code_modifier":[""],"providers":[{"billed_charge":138.00,"npi":[1033598792,1033745708,1093791170,1124439856,1366433088,1477751584,1770690695]},{"billed_charge":147.00,"npi":[1033745708,1629067244,1669600078]}]},{"allowed_amount":12.22,"billing_code_modifier":[""],"providers":[{"billed_charge":138.00,"npi":[1033598792,1033745708,1093791170,1124439856,1366433088,1477751584,1770690695]},{"billed_charge":147.00,"npi":[1033745708,1629067244,1669600078]}]}]},{"tin":{"type":"ein","value":"845116186"},"service_code":["23"],"billing_class":"professional","payments":[{"allowed_amount":12.22,"billing_code_modifier":[""],"providers":[{"billed_charge":138.00,"npi":[1033598792,1033745708,1093791170,1124439856,1366433088,1477751584,1770690695]},{"billed_charge":147.00,"npi":[1033745708,1629067244,1669600078]}]},{"allowed_amount":12.22,"billing_code_modifier":[""],"providers":[{"billed_charge":138.00,"npi":[1033598792,1033745708,1093791170,1124439856,1366433088,1477751584,1770690695]},{"billed_charge":147.00,"npi":[1033745708,1629067244,1669600078]}]}]},{"tin":{"type":"ein","value":"860757465"},"service_code":["22"],"billing_class":"professional","payments":[{"allowed_amount":12.22,"billing_code_modifier":[""],"providers":[{"billed_charge":82.00,"npi":[1134178833,1386602076,1467883975,1992735088]}]}]}]},{"name":"RADIOLOGIC EXAM CHEST SINGLE VIEW","billing_code_type":"CPT","billing_code_type_version":"2020","billing_code":"71045","description":"RADIOLOGIC EXAM CHEST SINGLE VIEW","allowed_amounts":[{"tin":{"type":"ein","value":"741666524"},"service_code":["23"],"billing_class":"professional","payments":[{"allowed_amount":10.24,"billing_code_modifier":[""],"providers":[{"billed_charge":38.00,"npi":[1154748416,1386832434,1902802986,1912221821]}]}]},{"tin":{"type":"ein","value":"845116186"},"service_code":["21","22","23"],"billing_class":"professional","payments":[{"allowed_amount":10.24,"billing_code_modifier":[""],"providers":[{"billed_charge":119.00,"npi":[1003805052,1003911561,1033281878,1033598792,1033745708,1043451461,1073131421,1093707457,1255560884,1326022765,1326425463,1376594507,1376594978,1376862888,1396169694,1407821283,1417318361,1427025923,1457367864,1467680454,1477537363,1487675120,1497744577,1518408772,1528057569,1528169125,1578851374,1588911259,1649768938,1659688364,1659995652,1679553689,1699789297,1700875515,1710103023,1710954516,1730182544,1730529306,1760878383,1770569766,1770690695,1780761866,1801478250,1801885694,1841202462,1851316954,1871534925,1881608594,1922050004,1962477414,1972139004,1972921344]},{"billed_charge":126.00,"npi":[1013096106,1013974948,1033745708,1053809343,1255560884,1326022732,1487675120,1649432022,1659647386,1669565941,1780761866]}]},{"allowed_amount":10.24,"billing_code_modifier":[""],"providers":[{"billed_charge":119.00,"npi":[1003805052,1003911561,1033281878,1033598792,1033745708,1043451461,1073131421,1093707457,1255560884,1326022765,1326425463,1376594507,1376594978,1376862888,1396169694,1407821283,1417318361,1427025923,1457367864,1467680454,1477537363,1487675120,1497744577,1518408772,1528057569,1528169125,1578851374,1588911259,1649768938,1659688364,1659995652,1679553689,1699789297,1700875515,1710103023,1710954516,1730182544,1730529306,1760878383,1770569766,1770690695,1780761866,1801478250,1801885694,1841202462,1851316954,1871534925,1881608594,1922050004,1962477414,1972139004,1972921344]},{"billed_charge":126.00,"npi":[1013096106,1013974948,1033745708,1053809343,1255560884,1326022732,1487675120,1649432022,1659647386,1669565941,1780761866]}]}]},{"tin":{"type":"ein","value":"845116186"},"service_code":["21","23"],"billing_class":"professional","payments":[{"allowed_amount":10.24,"billing_code_modifier":[""],"providers":[{"billed_charge":119.00,"npi":[1003805052,1003911561,1033281878,1033598792,1033745708,1043451461,1073131421,1093707457,1255560884,1326022765,1326425463,1376594507,1376594978,1376862888,1396169694,1407821283,1417318361,1427025923,1457367864,1467680454,1477537363,1487675120,1497744577,1518408772,1528057569,1528169125,1578851374,1588911259,1649768938,1659688364,1659995652,1679553689,1699789297,1700875515,1710103023,1710954516,1730182544,1730529306,1760878383,1770569766,1770690695,1780761866,1801478250,1801885694,1841202462,1851316954,1871534925,1881608594,1922050004,1962477414,1972139004,1972921344]},{"billed_charge":126.00,"npi":[1013096106,1013974948,1033745708,1053809343,1255560884,1326022732,1487675120,1649432022,1659647386,1669565941,1780761866]}]},{"allowed_amount":10.24,"billing_code_modifier":[""],"providers":[{"billed_charge":119.00,"npi":[1003805052,1003911561,1033281878,1033598792,1033745708,1043451461,1073131421,1093707457,1255560884,1326022765,1326425463,1376594507,1376594978,1376862888,1396169694,1407821283,1417318361,1427025923,1457367864,1467680454,1477537363,1487675120,1497744577,1518408772,1528057569,1528169125,1578851374,1588911259,1649768938,1659688364,1659995652,1679553689,1699789297,1700875515,1710103023,1710954516,1730182544,1730529306,1760878383,1770569766,1770690695,1780761866,1801478250,1801885694,1841202462,1851316954,1871534925,1881608594,1922050004,1962477414,1972139004,1972921344]},{"billed_charge":126.00,"npi":[1013096106,1013974948,1033745708,1053809343,1255560884,1326022732,1487675120,1649432022,1659647386,1669565941,1780761866]}]}]},{"tin":{"type":"ein","value":"860757465"},"service_code":["21"],"billing_class":"professional","payments":[{"allowed_amount":10.24,"billing_code_modifier":[""],"providers":[{"billed_charge":70.00,"npi":[1588953285,1700910189,1962472464]}]}]}]},{"name":"SPEC CLCT FOR SARS-COV-2 COVID-19 ANY SPEC SRC","billing_code_type":"HCPCS","billing_code_type_version":"HCPCS LEVEL II 2021","billing_code":"G2023","description":"SPEC CLCT FOR SARS-COV-2 COVID-19 ANY SPEC SRC","allowed_amounts":[{"tin":{"type":"ein","value":"133934292"},"service_code":["81"],"billing_class":"professional","payments":[{"allowed_amount":26.98,"billing_code_modifier":[""],"providers":[{"billed_charge":50.00,"npi":[1134316441,1578109815,1588757033]}]}]},{"tin":{"type":"ein","value":"204767711"},"service_code":["11"],"billing_class":"professional","payments":[{"allowed_amount":26.98,"billing_code_modifier":[""],"providers":[{"billed_charge":39.00,"npi":[1518539550,1578940631,1629245311]}]}]},{"tin":{"type":"ein","value":"205818281"},"service_code":["11"],"billing_class":"professional","payments":[{"allowed_amount":26.98,"billing_code_modifier":[""],"providers":[{"billed_charge":39.00,"npi":[1093485948,1205421815,1356485809]}]}]},{"tin":{"type":"ein","value":"261393906"},"service_code":["20"],"billing_class":"professional","payments":[{"allowed_amount":26.98,"billing_code_modifier":[""],"providers":[{"billed_charge":30.00,"npi":[1689984593,1962684886]}]}]},{"tin":{"type":"ein","value":"363999311"},"service_code":["81"],"billing_class":"professional","payments":[{"allowed_amount":26.98,"billing_code_modifier":[""],"providers":[{"billed_charge":35.00,"npi":[1033421953,1477671345]}]}]},{"tin":{"type":"ein","value":"850602662"},"service_code":["81"],"billing_class":"professional","payments":[{"allowed_amount":26.98,"billing_code_modifier":[""],"providers":[{"billed_charge":50.00,"npi":[1114014263,1881215622]}]}]}]},{"name":"VISIT CHARGE","billing_code_type":"RC","billing_code_type_version":"UB04","billing_code":"0551","description":"VISIT CHARGE","allowed_amounts":[{"tin":{"type":"ein","value":"860594796"},"service_code":["12"],"billing_class":"institutional","payments":[{"allowed_amount":95.70,"billing_code_modifier":[""],"providers":[{"billed_charge":95.70,"npi":[1215990486,1316965502]}]}]}]}]}
