{"reporting_entity_name": "IEC Group_DBA AmeriBen",
	"reporting_entity_type": "Third Party Administrator",
	"plan_name": "ZAXBYS FRANCHISING LLC",
	"plan_id_type": "ein",
	"plan_id": "582129090",
	"plan_market_type": "group",
	"last_updated_on": "2023-04-03","Version": "1.0.0","out_of_network":[{"name":"PSYCHIATRIC\/PSYCHOLOGICAL SVCS: PARTIAL HOSP - INT","billing_code_type":"RC","billing_code_type_version":"UB04","billing_code":"0913","description":"PSYCHIATRIC\/PSYCHOLOGICAL SVCS: PARTIAL HOSP - INT","allowed_amounts":[{"tin":{"type":"ein","value":"823187624"},"service_code":["22"],"billing_class":"institutional","payments":[{"allowed_amount":566.01,"billing_code_modifier":[""],"providers":[{"billed_charge":2200.00,"npi":[1124197686,1538671011]}]}]}]},{"name":"PSYCHIATRIC\/PSYCHOLOGICAL TRT: INTENSIVE OUT SERV","billing_code_type":"RC","billing_code_type_version":"UB04","billing_code":"0906","description":"PSYCHIATRIC\/PSYCHOLOGICAL TRT: INTENSIVE OUT SERV","allowed_amounts":[{"tin":{"type":"ein","value":"823187624"},"service_code":["22"],"billing_class":"institutional","payments":[{"allowed_amount":279.65,"billing_code_modifier":[""],"providers":[{"billed_charge":2000.00,"npi":[1124197686,1497711550,1538671011]}]}]}]},{"name":"SBSQ HOSPITAL IP\/OBS CARE HIGH MDM 50 MINUTES","billing_code_type":"CPT","billing_code_type_version":"2020","billing_code":"99233","description":"SBSQ HOSPITAL IP\/OBS CARE HIGH MDM 50 MINUTES","allowed_amounts":[{"tin":{"type":"ein","value":"200401785"},"service_code":["21"],"billing_class":"professional","payments":[{"allowed_amount":121.55,"billing_code_modifier":[""],"providers":[{"billed_charge":718.00,"npi":[1023506854,1598719643,1609827823,1790849495]}]}]}]}]}
