{"reporting_entity_name": "IEC Group_DBA AmeriBen",
	"reporting_entity_type": "Third Party Administrator",
	"plan_name": "ROBINSON HELICOPTER COMPANY",
	"plan_id_type": "ein",
	"plan_id": "952834107",
	"plan_market_type": "group",
	"last_updated_on": "2024-07-01","Version": "1.0.0","out_of_network":[{"name":"CRITICAL CARE ILL\/INJURED PATIENT INIT 30-74 MIN","billing_code_type":"CPT","billing_code_type_version":"2020","billing_code":"99291","description":"CRITICAL CARE ILL\/INJURED PATIENT INIT 30-74 MIN","allowed_amounts":[{"tin":{"type":"ein","value":"951750445"},"service_code":["21"],"billing_class":"professional","payments":[{"allowed_amount":305.34,"billing_code_modifier":[""],"providers":[{"billed_charge":1323.00,"npi":[1316127624,1336294040,1598797011,1972651941]}]}]},{"tin":{"type":"ein","value":"954481360"},"service_code":["23"],"billing_class":"professional","payments":[{"allowed_amount":305.34,"billing_code_modifier":[""],"providers":[{"billed_charge":985.00,"npi":[1518917913,1750368577,1902844988]}]}]}]},{"name":"DRUGS REQUIRE SPECIFIC ID: DRUGS REQUIRING DETAIL","billing_code_type":"RC","billing_code_type_version":"UB04","billing_code":"0636","description":"DRUGS REQUIRE SPECIFIC ID: DRUGS REQUIRING DETAIL","allowed_amounts":[{"tin":{"type":"ein","value":"475239554"},"service_code":["65"],"billing_class":"institutional","payments":[{"allowed_amount":22.02,"billing_code_modifier":[""],"providers":[{"billed_charge":441.99,"npi":[1023483328,1952356214]}]}]},{"tin":{"type":"ein","value":"475239554"},"service_code":["65"],"billing_class":"institutional","payments":[{"allowed_amount":23.23,"billing_code_modifier":[""],"providers":[{"billed_charge":441.99,"npi":[1023483328,1952356214]}]}]}]},{"name":"ECG ROUTINE ECG W\/LEAST 12 LDS I&R ONLY","billing_code_type":"CPT","billing_code_type_version":"2020","billing_code":"93010","description":"ECG ROUTINE ECG W\/LEAST 12 LDS I&R ONLY","allowed_amounts":[{"tin":{"type":"ein","value":"330847507"},"service_code":["21","23"],"billing_class":"professional","payments":[{"allowed_amount":16.32,"billing_code_modifier":[""],"providers":[{"billed_charge":55.07,"npi":[1609883438,1609914340,1639564610,1790880458,1902844988,1972958775,1992071211]}]}]}]},{"name":"EMERGENCY DEPARTMENT VISIT HIGH MDM","billing_code_type":"CPT","billing_code_type_version":"2020","billing_code":"99285","description":"EMERGENCY DEPARTMENT VISIT HIGH MDM","allowed_amounts":[{"tin":{"type":"ein","value":"330729128"},"service_code":["23"],"billing_class":"professional","payments":[{"allowed_amount":264.56,"billing_code_modifier":[""],"providers":[{"billed_charge":1361.95,"npi":[1073542916,1275829665,1992752315]}]}]},{"tin":{"type":"ein","value":"850806620"},"service_code":["23"],"billing_class":"professional","payments":[{"allowed_amount":278.93,"billing_code_modifier":[""],"providers":[{"billed_charge":915.00,"npi":[1316989791,1518588433,1588026546]}]}]},{"tin":{"type":"ein","value":"862767498"},"service_code":["23"],"billing_class":"professional","payments":[{"allowed_amount":278.93,"billing_code_modifier":[""],"providers":[{"billed_charge":1215.00,"npi":[1275720377,1366021834,1386201259]}]}]},{"tin":{"type":"ein","value":"953101325"},"service_code":["23"],"billing_class":"professional","payments":[{"allowed_amount":227.04,"billing_code_modifier":[""],"providers":[{"billed_charge":700.00,"npi":[1508202144,1831294594,1871501916]}]}]},{"tin":{"type":"ein","value":"953192932"},"service_code":["23"],"billing_class":"professional","payments":[{"allowed_amount":264.56,"billing_code_modifier":[""],"providers":[{"billed_charge":829.00,"npi":[1194767814,1871535286]}]}]},{"tin":{"type":"ein","value":"954481360"},"service_code":["23"],"billing_class":"professional","payments":[{"allowed_amount":227.04,"billing_code_modifier":[""],"providers":[{"billed_charge":796.00,"npi":[1265836696,1518917913,1649475401,1750368577,1902844988]},{"billed_charge":834.00,"npi":[1124292701,1265836696,1518917913,1750368577,1902844988]}]},{"allowed_amount":227.04,"billing_code_modifier":[""],"providers":[{"billed_charge":796.00,"npi":[1265836696,1518917913,1649475401,1750368577,1902844988]},{"billed_charge":834.00,"npi":[1124292701,1265836696,1518917913,1750368577,1902844988]}]}]},{"tin":{"type":"ein","value":"954481360"},"service_code":["23"],"billing_class":"professional","payments":[{"allowed_amount":227.04,"billing_code_modifier":[""],"providers":[{"billed_charge":796.00,"npi":[1265836696,1518917913,1649475401,1750368577,1902844988]},{"billed_charge":834.00,"npi":[1124292701,1265836696,1518917913,1750368577,1902844988]}]},{"allowed_amount":227.04,"billing_code_modifier":[""],"providers":[{"billed_charge":796.00,"npi":[1265836696,1518917913,1649475401,1750368577,1902844988]},{"billed_charge":834.00,"npi":[1124292701,1265836696,1518917913,1750368577,1902844988]}]}]},{"tin":{"type":"ein","value":"954481360"},"service_code":["23"],"billing_class":"professional","payments":[{"allowed_amount":264.56,"billing_code_modifier":[""],"providers":[{"billed_charge":796.00,"npi":[1518151968,1518917913,1770528945,1902844988]}]}]},{"tin":{"type":"ein","value":"954481360"},"service_code":["23"],"billing_class":"professional","payments":[{"allowed_amount":278.93,"billing_code_modifier":[""],"providers":[{"billed_charge":834.00,"npi":[1073558235,1447400528,1477116051,1518917913,1902844988]}]}]},{"tin":{"type":"ein","value":"954534163"},"service_code":["23"],"billing_class":"professional","payments":[{"allowed_amount":227.04,"billing_code_modifier":[""],"providers":[{"billed_charge":746.00,"npi":[1043773930,1184048712,1467459776]}]}]},{"tin":{"type":"ein","value":"954534163"},"service_code":["23"],"billing_class":"professional","payments":[{"allowed_amount":264.56,"billing_code_modifier":[""],"providers":[{"billed_charge":746.00,"npi":[1013334168,1124211248,1184048712,1225148042,1467459776,1487882841,1922030238]}]}]},{"tin":{"type":"ein","value":"954534163"},"service_code":["23"],"billing_class":"professional","payments":[{"allowed_amount":278.93,"billing_code_modifier":[""],"providers":[{"billed_charge":746.00,"npi":[1013334168,1043444615,1184048712,1467459776,1467815936,1487882841,1508391681,1598838443,1649663394,1669542841,1740721679]}]}]}]},{"name":"EMERGENCY DEPARTMENT VISIT MODERATE MDM","billing_code_type":"CPT","billing_code_type_version":"2020","billing_code":"99284","description":"EMERGENCY DEPARTMENT VISIT MODERATE MDM","allowed_amounts":[{"tin":{"type":"ein","value":"881040917"},"service_code":["23"],"billing_class":"professional","payments":[{"allowed_amount":184.93,"billing_code_modifier":[""],"providers":[{"billed_charge":718.00,"npi":[1023000569,1689364721,1912352170]}]}]},{"tin":{"type":"ein","value":"954534163"},"service_code":["23"],"billing_class":"professional","payments":[{"allowed_amount":184.93,"billing_code_modifier":[""],"providers":[{"billed_charge":515.00,"npi":[1043444615,1184048712,1215961628,1235363193,1467459776,1487882841,1508391681,1598127284,1801183173]}]}]}]},{"name":"HEMO OPD\/HOME: HEMODIALYSIS COMP OR OTHER RATE","billing_code_type":"RC","billing_code_type_version":"UB04","billing_code":"0821","description":"HEMO OPD\/HOME: HEMODIALYSIS COMP OR OTHER RATE","allowed_amounts":[{"tin":{"type":"ein","value":"475239554"},"service_code":["65"],"billing_class":"institutional","payments":[{"allowed_amount":419.00,"billing_code_modifier":[""],"providers":[{"billed_charge":8411.43,"npi":[1023483328,1952356214]}]}]},{"tin":{"type":"ein","value":"475239554"},"service_code":["65"],"billing_class":"institutional","payments":[{"allowed_amount":442.21,"billing_code_modifier":[""],"providers":[{"billed_charge":8411.43,"npi":[1023483328,1952356214]}]}]}]},{"name":"MEDICAL\/SURGICAL SUPPLIES","billing_code_type":"RC","billing_code_type_version":"UB04","billing_code":"0270","description":"MEDICAL\/SURGICAL SUPPLIES","allowed_amounts":[{"tin":{"type":"ein","value":"475239554"},"service_code":["65"],"billing_class":"institutional","payments":[{"allowed_amount":5.43,"billing_code_modifier":[""],"providers":[{"billed_charge":142.00,"npi":[1023483328,1952356214]}]}]},{"tin":{"type":"ein","value":"475239554"},"service_code":["65"],"billing_class":"institutional","payments":[{"allowed_amount":5.93,"billing_code_modifier":[""],"providers":[{"billed_charge":142.00,"npi":[1023483328,1952356214]}]}]},{"tin":{"type":"ein","value":"475239554"},"service_code":["65"],"billing_class":"institutional","payments":[{"allowed_amount":6.84,"billing_code_modifier":[""],"providers":[{"billed_charge":142.00,"npi":[1023483328,1952356214]}]}]},{"tin":{"type":"ein","value":"475239554"},"service_code":["65"],"billing_class":"institutional","payments":[{"allowed_amount":7.00,"billing_code_modifier":[""],"providers":[{"billed_charge":142.00,"npi":[1023483328,1952356214]}]}]},{"tin":{"type":"ein","value":"475239554"},"service_code":["65"],"billing_class":"institutional","payments":[{"allowed_amount":7.07,"billing_code_modifier":[""],"providers":[{"billed_charge":142.00,"npi":[1023483328,1952356214]}]}]},{"tin":{"type":"ein","value":"475239554"},"service_code":["65"],"billing_class":"institutional","payments":[{"allowed_amount":7.47,"billing_code_modifier":[""],"providers":[{"billed_charge":142.00,"npi":[1023483328,1952356214]},{"billed_charge":149.10,"npi":[1023483328,1952356214]}]},{"allowed_amount":7.47,"billing_code_modifier":[""],"providers":[{"billed_charge":142.00,"npi":[1023483328,1952356214]},{"billed_charge":149.10,"npi":[1023483328,1952356214]}]}]},{"tin":{"type":"ein","value":"475239554"},"service_code":["65"],"billing_class":"institutional","payments":[{"allowed_amount":7.47,"billing_code_modifier":[""],"providers":[{"billed_charge":142.00,"npi":[1023483328,1952356214]},{"billed_charge":149.10,"npi":[1023483328,1952356214]}]},{"allowed_amount":7.47,"billing_code_modifier":[""],"providers":[{"billed_charge":142.00,"npi":[1023483328,1952356214]},{"billed_charge":149.10,"npi":[1023483328,1952356214]}]}]}]},{"name":"PHARMACY","billing_code_type":"RC","billing_code_type_version":"UB04","billing_code":"0250","description":"PHARMACY","allowed_amounts":[{"tin":{"type":"ein","value":"475239554"},"service_code":["65"],"billing_class":"institutional","payments":[{"allowed_amount":4.71,"billing_code_modifier":[""],"providers":[{"billed_charge":94.57,"npi":[1023483328,1952356214]}]}]},{"tin":{"type":"ein","value":"475239554"},"service_code":["65"],"billing_class":"institutional","payments":[{"allowed_amount":9.94,"billing_code_modifier":[""],"providers":[{"billed_charge":189.14,"npi":[1023483328,1952356214]},{"billed_charge":198.60,"npi":[1023483328,1952356214]}]},{"allowed_amount":9.94,"billing_code_modifier":[""],"providers":[{"billed_charge":189.14,"npi":[1023483328,1952356214]},{"billed_charge":198.60,"npi":[1023483328,1952356214]}]}]},{"tin":{"type":"ein","value":"475239554"},"service_code":["65"],"billing_class":"institutional","payments":[{"allowed_amount":9.94,"billing_code_modifier":[""],"providers":[{"billed_charge":189.14,"npi":[1023483328,1952356214]},{"billed_charge":198.60,"npi":[1023483328,1952356214]}]},{"allowed_amount":9.94,"billing_code_modifier":[""],"providers":[{"billed_charge":189.14,"npi":[1023483328,1952356214]},{"billed_charge":198.60,"npi":[1023483328,1952356214]}]}]}]},{"name":"RADIOLOGIC EXAM CHEST SINGLE VIEW","billing_code_type":"CPT","billing_code_type_version":"2020","billing_code":"71045","description":"RADIOLOGIC EXAM CHEST SINGLE VIEW","allowed_amounts":[{"tin":{"type":"ein","value":"951750445"},"service_code":["21"],"billing_class":"professional","payments":[{"allowed_amount":17.29,"billing_code_modifier":[""],"providers":[{"billed_charge":31.00,"npi":[1023166097,1205903135,1336294040,1588822696,1598797011,1609076546,1760910822,1801138151]}]}]},{"tin":{"type":"ein","value":"951750445"},"service_code":["21"],"billing_class":"professional","payments":[{"allowed_amount":31.00,"billing_code_modifier":[""],"providers":[{"billed_charge":31.00,"npi":[1023166097,1336294040,1336375021,1598797011,1720260953,1760541320,1760910822,1811197544,1912989724]}]}]},{"tin":{"type":"ein","value":"956000927"},"service_code":["21"],"billing_class":"professional","payments":[{"allowed_amount":17.29,"billing_code_modifier":[""],"providers":[{"billed_charge":100.00,"npi":[1487865184,1720259476,1780703900]}]}]}]},{"name":"SBSQ HOSPITAL IP\/OBS CARE MOD MDM 35 MINUTES","billing_code_type":"CPT","billing_code_type_version":"2020","billing_code":"99232","description":"SBSQ HOSPITAL IP\/OBS CARE MOD MDM 35 MINUTES","allowed_amounts":[{"tin":{"type":"ein","value":"462270609"},"service_code":["21"],"billing_class":"professional","payments":[{"allowed_amount":84.32,"billing_code_modifier":[""],"providers":[{"billed_charge":600.00,"npi":[1215247978,1396751541,1861835357]}]}]},{"tin":{"type":"ein","value":"951750445"},"service_code":["21"],"billing_class":"professional","payments":[{"allowed_amount":84.32,"billing_code_modifier":[""],"providers":[{"billed_charge":184.00,"npi":[1336294040,1598797011,1669660684]}]}]}]},{"name":"SERVICES PROVIDED BTW 10 PM&8 AM AT 24-HR FACI","billing_code_type":"CPT","billing_code_type_version":"2020","billing_code":"99053","description":"SERVICES PROVIDED BTW 10 PM&8 AM AT 24-HR FACI","allowed_amounts":[{"tin":{"type":"ein","value":"954534163"},"service_code":["23"],"billing_class":"professional","payments":[{"allowed_amount":0.00,"billing_code_modifier":[""],"providers":[{"billed_charge":100.00,"npi":[1013334168,1043444615,1124123054,1184048712,1184974842,1467459776,1487882841,1508391681,1801183173,1922030238]}]}]}]}]}
