{"reporting_entity_name": "IEC Group_DBA AmeriBen",
	"reporting_entity_type": "Third Party Administrator",
	"plan_name": "UVA HEALTH",
	"plan_id_type": "ein",
	"plan_id": "810868533",
	"plan_market_type": "group",
	"last_updated_on": "2025-09-01","Version": "1.0.0","out_of_network":[{"name":"DRUG TEST DEF 1-7 CLASSES","billing_code_type":"HCPCS","billing_code_type_version":"HCPCS LEVEL II 2021","billing_code":"G0480","description":"DRUG TEST DEF 1-7 CLASSES","allowed_amounts":[{"tin":{"type":"ein","value":"843172409"},"service_code":["81"],"billing_class":"professional","payments":[{"allowed_amount":27.18,"billing_code_modifier":[""],"providers":[{"billed_charge":1540.50,"npi":[1003437500,1083380885,1598364887]}]}]}]},{"name":"DRUG TST PRSMV INSTRMNT CHEM ANALYZERS PR DATE","billing_code_type":"CPT","billing_code_type_version":"2020","billing_code":"80307","description":"DRUG TST PRSMV INSTRMNT CHEM ANALYZERS PR DATE","allowed_amounts":[{"tin":{"type":"ein","value":"843172409"},"service_code":["81"],"billing_class":"professional","payments":[{"allowed_amount":24.42,"billing_code_modifier":[""],"providers":[{"billed_charge":4198.40,"npi":[1003437500,1083380885,1598364887]}]}]}]},{"name":"PSYCHOTHERAPY W\/PATIENT 45 MINUTES","billing_code_type":"CPT","billing_code_type_version":"2020","billing_code":"90834","description":"PSYCHOTHERAPY W\/PATIENT 45 MINUTES","allowed_amounts":[{"tin":{"type":"ein","value":"882789143"},"service_code":["02"],"billing_class":"professional","payments":[{"allowed_amount":103.80,"billing_code_modifier":[""],"providers":[{"billed_charge":155.00,"npi":[1205566072]},{"billed_charge":205.00,"npi":[1205566072]},{"billed_charge":215.00,"npi":[1205566072]}]},{"allowed_amount":103.80,"billing_code_modifier":[""],"providers":[{"billed_charge":155.00,"npi":[1205566072]},{"billed_charge":205.00,"npi":[1205566072]},{"billed_charge":215.00,"npi":[1205566072]}]},{"allowed_amount":103.80,"billing_code_modifier":[""],"providers":[{"billed_charge":155.00,"npi":[1205566072]},{"billed_charge":205.00,"npi":[1205566072]},{"billed_charge":215.00,"npi":[1205566072]}]}]},{"tin":{"type":"ein","value":"882789143"},"service_code":["02","11"],"billing_class":"professional","payments":[{"allowed_amount":103.80,"billing_code_modifier":[""],"providers":[{"billed_charge":155.00,"npi":[1205566072]},{"billed_charge":205.00,"npi":[1205566072]},{"billed_charge":215.00,"npi":[1205566072]}]},{"allowed_amount":103.80,"billing_code_modifier":[""],"providers":[{"billed_charge":155.00,"npi":[1205566072]},{"billed_charge":205.00,"npi":[1205566072]},{"billed_charge":215.00,"npi":[1205566072]}]},{"allowed_amount":103.80,"billing_code_modifier":[""],"providers":[{"billed_charge":155.00,"npi":[1205566072]},{"billed_charge":205.00,"npi":[1205566072]},{"billed_charge":215.00,"npi":[1205566072]}]}]},{"tin":{"type":"ein","value":"882789143"},"service_code":["02","11"],"billing_class":"professional","payments":[{"allowed_amount":103.80,"billing_code_modifier":[""],"providers":[{"billed_charge":155.00,"npi":[1205566072]},{"billed_charge":205.00,"npi":[1205566072]},{"billed_charge":215.00,"npi":[1205566072]}]},{"allowed_amount":103.80,"billing_code_modifier":[""],"providers":[{"billed_charge":155.00,"npi":[1205566072]},{"billed_charge":205.00,"npi":[1205566072]},{"billed_charge":215.00,"npi":[1205566072]}]},{"allowed_amount":103.80,"billing_code_modifier":[""],"providers":[{"billed_charge":155.00,"npi":[1205566072]},{"billed_charge":205.00,"npi":[1205566072]},{"billed_charge":215.00,"npi":[1205566072]}]}]}]}]}
