{"reporting_entity_name": "IEC Group_DBA AmeriBen",
	"reporting_entity_type": "Third Party Administrator",
	"plan_name": "CONCORD HOSPITAL",
	"plan_id_type": "ein",
	"plan_id": "222594672",
	"plan_market_type": "group",
	"last_updated_on": "2025-02-03","Version": "1.0.0","out_of_network":[{"name":"DETOXIFICATION","billing_code_type":"RC","billing_code_type_version":"UB04","billing_code":"0126","description":"DETOXIFICATION","allowed_amounts":[{"tin":{"type":"ein","value":"852831387"},"service_code":["21"],"billing_class":"institutional","payments":[{"allowed_amount":2772.00,"billing_code_modifier":[""],"providers":[{"billed_charge":4400.00,"npi":[1164408498,1568031615]}]}]}]},{"name":"PSYCHIATRIC\/PSYCHOLOGICAL SVCS: PARTIAL HOSP - INT","billing_code_type":"RC","billing_code_type_version":"UB04","billing_code":"0913","description":"PSYCHIATRIC\/PSYCHOLOGICAL SVCS: PARTIAL HOSP - INT","allowed_amounts":[{"tin":{"type":"ein","value":"992635261"},"service_code":["22"],"billing_class":"institutional","payments":[{"allowed_amount":800.00,"billing_code_modifier":[""],"providers":[{"billed_charge":2650.00,"npi":[1134161383,1447091988]}]}]}]},{"name":"PSYCHIATRIC\/PSYCHOLOGICAL TRT: INTENSIVE OUT SERV","billing_code_type":"RC","billing_code_type_version":"UB04","billing_code":"0906","description":"PSYCHIATRIC\/PSYCHOLOGICAL TRT: INTENSIVE OUT SERV","allowed_amounts":[{"tin":{"type":"ein","value":"992635261"},"service_code":["22"],"billing_class":"institutional","payments":[{"allowed_amount":226.12,"billing_code_modifier":[""],"providers":[{"billed_charge":2080.00,"npi":[1134161383,1447091988]},{"billed_charge":2450.00,"npi":[1134161383,1447091988]}]},{"allowed_amount":226.12,"billing_code_modifier":[""],"providers":[{"billed_charge":2080.00,"npi":[1134161383,1447091988]},{"billed_charge":2450.00,"npi":[1134161383,1447091988]}]}]},{"tin":{"type":"ein","value":"992635261"},"service_code":["22"],"billing_class":"institutional","payments":[{"allowed_amount":226.12,"billing_code_modifier":[""],"providers":[{"billed_charge":2080.00,"npi":[1134161383,1447091988]},{"billed_charge":2450.00,"npi":[1134161383,1447091988]}]},{"allowed_amount":226.12,"billing_code_modifier":[""],"providers":[{"billed_charge":2080.00,"npi":[1134161383,1447091988]},{"billed_charge":2450.00,"npi":[1134161383,1447091988]}]}]}]}]}
