{"reporting_entity_name": "IEC Group_DBA AmeriBen",
	"reporting_entity_type": "Third Party Administrator",
	"plan_name": "CHG COMPANIES INC",
	"plan_id_type": "ein",
	"plan_id": "870502658",
	"plan_market_type": "group",
	"last_updated_on": "2024-11-01","Version": "1.0.0","out_of_network":[{"name":"ADAPTIVE BEHAVIOR TX BY PROTOCOL TECH EA 15 MIN","billing_code_type":"CPT","billing_code_type_version":"2020","billing_code":"97153","description":"ADAPTIVE BEHAVIOR TX BY PROTOCOL TECH EA 15 MIN","allowed_amounts":[{"tin":{"type":"ein","value":"193862313"},"service_code":["12"],"billing_class":"professional","payments":[{"allowed_amount":285.00,"billing_code_modifier":[""],"providers":[{"billed_charge":6270.00,"npi":[1215449913]}]}]},{"tin":{"type":"ein","value":"863661185"},"service_code":["12"],"billing_class":"professional","payments":[{"allowed_amount":285.00,"billing_code_modifier":[""],"providers":[{"billed_charge":5415.00,"npi":[1972187250]},{"billed_charge":6270.00,"npi":[1972187250]}]},{"allowed_amount":285.00,"billing_code_modifier":[""],"providers":[{"billed_charge":5415.00,"npi":[1972187250]},{"billed_charge":6270.00,"npi":[1972187250]}]}]},{"tin":{"type":"ein","value":"863661185"},"service_code":["12"],"billing_class":"professional","payments":[{"allowed_amount":285.00,"billing_code_modifier":[""],"providers":[{"billed_charge":5415.00,"npi":[1972187250]},{"billed_charge":6270.00,"npi":[1972187250]}]},{"allowed_amount":285.00,"billing_code_modifier":[""],"providers":[{"billed_charge":5415.00,"npi":[1972187250]},{"billed_charge":6270.00,"npi":[1972187250]}]}]}]},{"name":"RESIDENTIAL TREATMENT-PSYCHIATRIC","billing_code_type":"RC","billing_code_type_version":"UB04","billing_code":"1001","description":"RESIDENTIAL TREATMENT-PSYCHIATRIC","allowed_amounts":[{"tin":{"type":"ein","value":"871427350"},"service_code":["21"],"billing_class":"institutional","payments":[{"allowed_amount":1235.00,"billing_code_modifier":[""],"providers":[{"billed_charge":5800.00,"npi":[1115456786,1952047128]}]}]}]}]}
