{"reporting_entity_name": "IEC Group_DBA AmeriBen",
	"reporting_entity_type": "Third Party Administrator",
	"plan_name": "SoutheastHEALTH",
	"plan_id_type": "ein",
	"plan_id": "461480915",
	"plan_market_type": "group",
	"last_updated_on": "2022-12-01","Version": "1.0.0","out_of_network":[{"name":"CHIROPRACTIC MANIPULATIVE TX SPINAL 1-2 REGIONS","billing_code_type":"CPT","billing_code_type_version":"2020","billing_code":"98940","description":"CHIROPRACTIC MANIPULATIVE TX SPINAL 1-2 REGIONS","allowed_amounts":[{"tin":{"type":"ein","value":"274966430"},"service_code":["11"],"billing_class":"professional","payments":[{"allowed_amount":22.10,"billing_code_modifier":[""],"providers":[{"billed_charge":35.00,"npi":[1033416326,1316257868]}]}]},{"tin":{"type":"ein","value":"461032229"},"service_code":["11"],"billing_class":"professional","payments":[{"allowed_amount":22.10,"billing_code_modifier":[""],"providers":[{"billed_charge":65.00,"npi":[1114173143,1306197504]},{"billed_charge":75.00,"npi":[1114173143,1306197504]}]},{"allowed_amount":22.10,"billing_code_modifier":[""],"providers":[{"billed_charge":65.00,"npi":[1114173143,1306197504]},{"billed_charge":75.00,"npi":[1114173143,1306197504]}]}]},{"tin":{"type":"ein","value":"461032229"},"service_code":["11"],"billing_class":"professional","payments":[{"allowed_amount":22.10,"billing_code_modifier":[""],"providers":[{"billed_charge":65.00,"npi":[1114173143,1306197504]},{"billed_charge":75.00,"npi":[1114173143,1306197504]}]},{"allowed_amount":22.10,"billing_code_modifier":[""],"providers":[{"billed_charge":65.00,"npi":[1114173143,1306197504]},{"billed_charge":75.00,"npi":[1114173143,1306197504]}]}]},{"tin":{"type":"ein","value":"813127110"},"service_code":["11"],"billing_class":"professional","payments":[{"allowed_amount":22.10,"billing_code_modifier":[""],"providers":[{"billed_charge":38.00,"npi":[1104278399,1205297074]}]}]}]}]}
