{"reporting_entity_name": "IEC Group_DBA AmeriBen",
	"reporting_entity_type": "Third Party Administrator",
	"plan_name": "RYOBI DIE CASTING USA INC",
	"plan_id_type": "ein",
	"plan_id": "382604602",
	"plan_market_type": "group",
	"last_updated_on": "2025-10-01","Version": "1.0.0","out_of_network":[{"name":"REHAB","billing_code_type":"RC","billing_code_type_version":"UB04","billing_code":"0128","description":"REHAB","allowed_amounts":[{"tin":{"type":"ein","value":"881397744"},"service_code":["21"],"billing_class":"institutional","payments":[{"allowed_amount":2912.25,"billing_code_modifier":[""],"providers":[{"billed_charge":5295.00,"npi":[1255075008,1396779054]}]}]}]}]}
