{"reporting_entity_name": "IEC Group_DBA AmeriBen",
	"reporting_entity_type": "Third Party Administrator",
	"plan_name": "THE HOME DEPOT",
	"plan_id_type": "ein",
	"plan_id": "581853319",
	"plan_market_type": "group",
	"last_updated_on": "2023-01-03","Version": "1.0.0","out_of_network":[{"name":"ASSAY OF LACTATE","billing_code_type":"CPT","billing_code_type_version":"2020","billing_code":"83605","description":"ASSAY OF LACTATE","allowed_amounts":[{"tin":{"type":"ein","value":"751664109"},"service_code":["21"],"billing_class":"professional","payments":[{"allowed_amount":1.11,"billing_code_modifier":[""],"providers":[{"billed_charge":10.00,"npi":[1003252651,1336304468,1902885890]}]}]},{"tin":{"type":"ein","value":"751788181"},"service_code":["23"],"billing_class":"professional","payments":[{"allowed_amount":1.11,"billing_code_modifier":[""],"providers":[{"billed_charge":11.00,"npi":[1457381352,1457383705,1528027786,1881823672]}]}]},{"tin":{"type":"ein","value":"756002868"},"service_code":["21"],"billing_class":"professional","payments":[{"allowed_amount":1.11,"billing_code_modifier":[""],"providers":[{"billed_charge":19.00,"npi":[1104891050,1245702836,1265493688,1285798918,1578207270]},{"billed_charge":38.00,"npi":[1104891050,1184128878,1265493688,1285798918]}]},{"allowed_amount":1.11,"billing_code_modifier":[""],"providers":[{"billed_charge":19.00,"npi":[1104891050,1245702836,1265493688,1285798918,1578207270]},{"billed_charge":38.00,"npi":[1104891050,1184128878,1265493688,1285798918]}]}]},{"tin":{"type":"ein","value":"756002868"},"service_code":["21"],"billing_class":"professional","payments":[{"allowed_amount":1.11,"billing_code_modifier":[""],"providers":[{"billed_charge":19.00,"npi":[1104891050,1245702836,1265493688,1285798918,1578207270]},{"billed_charge":38.00,"npi":[1104891050,1184128878,1265493688,1285798918]}]},{"allowed_amount":1.11,"billing_code_modifier":[""],"providers":[{"billed_charge":19.00,"npi":[1104891050,1245702836,1265493688,1285798918,1578207270]},{"billed_charge":38.00,"npi":[1104891050,1184128878,1265493688,1285798918]}]}]}]},{"name":"ASSAY OF LIPASE","billing_code_type":"CPT","billing_code_type_version":"2020","billing_code":"83690","description":"ASSAY OF LIPASE","allowed_amounts":[{"tin":{"type":"ein","value":"751049190"},"service_code":["23"],"billing_class":"professional","payments":[{"allowed_amount":0.83,"billing_code_modifier":[""],"providers":[{"billed_charge":14.20,"npi":[1265477707,1639108186,1649273434,1760556419]}]}]},{"tin":{"type":"ein","value":"751664109"},"service_code":["21"],"billing_class":"professional","payments":[{"allowed_amount":0.83,"billing_code_modifier":[""],"providers":[{"billed_charge":11.10,"npi":[1003252651,1336304468,1902885890]}]}]},{"tin":{"type":"ein","value":"751788181"},"service_code":["22","23"],"billing_class":"professional","payments":[{"allowed_amount":0.83,"billing_code_modifier":[""],"providers":[{"billed_charge":9.00,"npi":[1275592131,1336569078,1457381352,1457383705,1528027786,1558565242,1720010077,1881823672]}]}]},{"tin":{"type":"ein","value":"756002868"},"service_code":["21"],"billing_class":"professional","payments":[{"allowed_amount":0.83,"billing_code_modifier":[""],"providers":[{"billed_charge":13.00,"npi":[1104891050,1265493688,1285798918,1578207270,1700273406]}]}]}]},{"name":"ASSAY OF MAGNESIUM","billing_code_type":"CPT","billing_code_type_version":"2020","billing_code":"83735","description":"ASSAY OF MAGNESIUM","allowed_amounts":[{"tin":{"type":"ein","value":"204249832"},"service_code":["21"],"billing_class":"professional","payments":[{"allowed_amount":2.39,"billing_code_modifier":[""],"providers":[{"billed_charge":15.00,"npi":[1003864810,1164480505,1245605732,1396901088,1881625341]}]}]},{"tin":{"type":"ein","value":"320056775"},"service_code":["23"],"billing_class":"professional","payments":[{"allowed_amount":2.39,"billing_code_modifier":[""],"providers":[{"billed_charge":12.00,"npi":[1386740587,1699757369,1902902281,1922177229]}]}]},{"tin":{"type":"ein","value":"363947062"},"service_code":["21","22"],"billing_class":"professional","payments":[{"allowed_amount":2.39,"billing_code_modifier":[""],"providers":[{"billed_charge":21.00,"npi":[1114952520,1598705196,1699774059,1770531600,1922055144,1952453995]}]}]}]},{"name":"ASSAY OF PHOSPHORUS INORGANIC","billing_code_type":"CPT","billing_code_type_version":"2020","billing_code":"84100","description":"ASSAY OF PHOSPHORUS INORGANIC","allowed_amounts":[{"tin":{"type":"ein","value":"363947062"},"service_code":["21","22"],"billing_class":"professional","payments":[{"allowed_amount":0.67,"billing_code_modifier":[""],"providers":[{"billed_charge":13.00,"npi":[1114952520,1598705196,1699774059,1770531600,1922055144,1952453995]}]}]}]},{"name":"ASSAY OF TROPONIN QUANTITATIVE","billing_code_type":"CPT","billing_code_type_version":"2020","billing_code":"84484","description":"ASSAY OF TROPONIN QUANTITATIVE","allowed_amounts":[{"tin":{"type":"ein","value":"320056775"},"service_code":["22","23"],"billing_class":"professional","payments":[{"allowed_amount":1.90,"billing_code_modifier":[""],"providers":[{"billed_charge":25.00,"npi":[1326536921,1386740587,1598845828,1609909217,1699757369,1902902281,1922177229]}]}]},{"tin":{"type":"ein","value":"363947062"},"service_code":["21","23"],"billing_class":"professional","payments":[{"allowed_amount":1.90,"billing_code_modifier":[""],"providers":[{"billed_charge":43.00,"npi":[1053938332,1548866551,1598705196,1699774059,1770531600,1922055144]}]}]}]},{"name":"BASIC METABOLIC PANEL CALCIUM TOTAL","billing_code_type":"CPT","billing_code_type_version":"2020","billing_code":"80048","description":"BASIC METABOLIC PANEL CALCIUM TOTAL","allowed_amounts":[{"tin":{"type":"ein","value":"202844581"},"service_code":["21"],"billing_class":"professional","payments":[{"allowed_amount":6.88,"billing_code_modifier":[""],"providers":[{"billed_charge":22.00,"npi":[1083112023,1679573299,1982666210,1992766356]}]}]},{"tin":{"type":"ein","value":"204249832"},"service_code":["21","22"],"billing_class":"professional","payments":[{"allowed_amount":7.54,"billing_code_modifier":[""],"providers":[{"billed_charge":18.00,"npi":[1003864810,1245605732,1396901088,1669628814,1821651415,1881625341,1982165262]}]}]},{"tin":{"type":"ein","value":"320056775"},"service_code":["22"],"billing_class":"professional","payments":[{"allowed_amount":7.54,"billing_code_modifier":[""],"providers":[{"billed_charge":15.00,"npi":[1326536921,1598845828,1609909217,1902902281]}]}]},{"tin":{"type":"ein","value":"363947062"},"service_code":["21"],"billing_class":"professional","payments":[{"allowed_amount":7.54,"billing_code_modifier":[""],"providers":[{"billed_charge":21.00,"npi":[1114952520,1164738787,1598705196,1699774059,1770531600,1922055144,1952453995]}]}]},{"tin":{"type":"ein","value":"751664109"},"service_code":["22"],"billing_class":"professional","payments":[{"allowed_amount":6.88,"billing_code_modifier":[""],"providers":[{"billed_charge":15.25,"npi":[1053360271,1336304468,1902885890]}]}]},{"tin":{"type":"ein","value":"751788181"},"service_code":["22"],"billing_class":"professional","payments":[{"allowed_amount":6.88,"billing_code_modifier":[""],"providers":[{"billed_charge":18.00,"npi":[1033165501,1225211162,1457381352,1770774580]}]}]},{"tin":{"type":"ein","value":"756002868"},"service_code":["21","22"],"billing_class":"professional","payments":[{"allowed_amount":6.88,"billing_code_modifier":[""],"providers":[{"billed_charge":15.00,"npi":[1033485420,1104891050,1184128878,1215431051,1265493688,1285798918,1447511365]}]}]}]},{"name":"BLOOD COUNT COMPLETE AUTO&AUTO DIFRNTL WBC","billing_code_type":"CPT","billing_code_type_version":"2020","billing_code":"85025","description":"BLOOD COUNT COMPLETE AUTO&AUTO DIFRNTL WBC","allowed_amounts":[{"tin":{"type":"ein","value":"204249832"},"service_code":["21","22","23"],"billing_class":"professional","payments":[{"allowed_amount":2.99,"billing_code_modifier":[""],"providers":[{"billed_charge":25.00,"npi":[1003864810,1083870703,1245605732,1396901088,1740216480,1881625341,1982165262]}]}]},{"tin":{"type":"ein","value":"320056775"},"service_code":["22","23"],"billing_class":"professional","payments":[{"allowed_amount":2.99,"billing_code_modifier":[""],"providers":[{"billed_charge":13.00,"npi":[1205923539,1326536921,1598845828,1609909217,1699757369,1902902281,1912908583]}]}]},{"tin":{"type":"ein","value":"363947062"},"service_code":["21","23"],"billing_class":"professional","payments":[{"allowed_amount":2.99,"billing_code_modifier":[""],"providers":[{"billed_charge":22.00,"npi":[1053307132,1053938332,1164738787,1538181375,1548866551,1699774059,1770531600,1871784405,1922055144]}]}]},{"tin":{"type":"ein","value":"751049190"},"service_code":["23"],"billing_class":"professional","payments":[{"allowed_amount":2.73,"billing_code_modifier":[""],"providers":[{"billed_charge":14.20,"npi":[1265477707,1639108186,1649273434,1760556419]}]}]},{"tin":{"type":"ein","value":"751664109"},"service_code":["21","22"],"billing_class":"professional","payments":[{"allowed_amount":2.73,"billing_code_modifier":[""],"providers":[{"billed_charge":10.20,"npi":[1003252651,1053360271,1164410668,1336304468,1902885890]}]}]},{"tin":{"type":"ein","value":"751788181"},"service_code":["22","23"],"billing_class":"professional","payments":[{"allowed_amount":2.73,"billing_code_modifier":[""],"providers":[{"billed_charge":10.00,"npi":[1033165501,1225211162,1275592131,1336569078,1457381352,1457383705,1528027786,1558565242,1720010077,1770774580,1881823672]}]}]},{"tin":{"type":"ein","value":"756002868"},"service_code":["21","22"],"billing_class":"professional","payments":[{"allowed_amount":2.73,"billing_code_modifier":[""],"providers":[{"billed_charge":14.00,"npi":[1104891050,1215431051,1265493688,1285798918,1447511365]}]}]}]},{"name":"BLOOD COUNT COMPLETE AUTOMATED","billing_code_type":"CPT","billing_code_type_version":"2020","billing_code":"85027","description":"BLOOD COUNT COMPLETE AUTOMATED","allowed_amounts":[{"tin":{"type":"ein","value":"202844581"},"service_code":["21"],"billing_class":"professional","payments":[{"allowed_amount":1.39,"billing_code_modifier":[""],"providers":[{"billed_charge":16.00,"npi":[1083112023,1679573299,1982666210,1992766356]}]}]},{"tin":{"type":"ein","value":"204249832"},"service_code":["21","22"],"billing_class":"professional","payments":[{"allowed_amount":1.53,"billing_code_modifier":[""],"providers":[{"billed_charge":28.00,"npi":[1003864810,1245605732,1396901088,1669628814,1881625341,1982165262]}]}]},{"tin":{"type":"ein","value":"363947062"},"service_code":["21","22"],"billing_class":"professional","payments":[{"allowed_amount":1.53,"billing_code_modifier":[""],"providers":[{"billed_charge":21.00,"npi":[1639551716,1699774059,1770531600,1922055144,1952453995]}]}]},{"tin":{"type":"ein","value":"371451229"},"service_code":["21"],"billing_class":"professional","payments":[{"allowed_amount":1.53,"billing_code_modifier":[""],"providers":[{"billed_charge":25.22,"npi":[1407859655,1437185147,1669554663,1710906235]}]}]},{"tin":{"type":"ein","value":"751049190"},"service_code":["22"],"billing_class":"professional","payments":[{"allowed_amount":1.39,"billing_code_modifier":[""],"providers":[{"billed_charge":12.20,"npi":[1265477707,1437544483,1447250253,1619903226]}]}]},{"tin":{"type":"ein","value":"756002868"},"service_code":["21"],"billing_class":"professional","payments":[{"allowed_amount":1.39,"billing_code_modifier":[""],"providers":[{"billed_charge":12.00,"npi":[1053594002,1104891050,1215431051,1245702836,1265493688,1285798918]}]}]}]},{"name":"COLLECTION VENOUS BLOOD VENIPUNCTURE","billing_code_type":"CPT","billing_code_type_version":"2020","billing_code":"36415","description":"COLLECTION VENOUS BLOOD VENIPUNCTURE","allowed_amounts":[{"tin":{"type":"ein","value":"821606706"},"service_code":["81"],"billing_class":"professional","payments":[{"allowed_amount":3.33,"billing_code_modifier":[""],"providers":[{"billed_charge":9.00,"npi":[1720195779,1730617523]}]}]},{"tin":{"type":"ein","value":"840611484"},"service_code":["81"],"billing_class":"professional","payments":[{"allowed_amount":3.33,"billing_code_modifier":[""],"providers":[{"billed_charge":10.00,"npi":[1205826112,1265418669]},{"billed_charge":18.46,"npi":[1265418669,1821418658]},{"billed_charge":25.00,"npi":[1033135066,1043987746,1063622322,1265418669,1427163286,1639583925,1699008672,1750959714]}]},{"allowed_amount":3.33,"billing_code_modifier":[""],"providers":[{"billed_charge":10.00,"npi":[1205826112,1265418669]},{"billed_charge":18.46,"npi":[1265418669,1821418658]},{"billed_charge":25.00,"npi":[1033135066,1043987746,1063622322,1265418669,1427163286,1639583925,1699008672,1750959714]}]},{"allowed_amount":3.33,"billing_code_modifier":[""],"providers":[{"billed_charge":10.00,"npi":[1205826112,1265418669]},{"billed_charge":18.46,"npi":[1265418669,1821418658]},{"billed_charge":25.00,"npi":[1033135066,1043987746,1063622322,1265418669,1427163286,1639583925,1699008672,1750959714]}]}]},{"tin":{"type":"ein","value":"840611484"},"service_code":["81"],"billing_class":"professional","payments":[{"allowed_amount":3.33,"billing_code_modifier":[""],"providers":[{"billed_charge":10.00,"npi":[1205826112,1265418669]},{"billed_charge":18.46,"npi":[1265418669,1821418658]},{"billed_charge":25.00,"npi":[1033135066,1043987746,1063622322,1265418669,1427163286,1639583925,1699008672,1750959714]}]},{"allowed_amount":3.33,"billing_code_modifier":[""],"providers":[{"billed_charge":10.00,"npi":[1205826112,1265418669]},{"billed_charge":18.46,"npi":[1265418669,1821418658]},{"billed_charge":25.00,"npi":[1033135066,1043987746,1063622322,1265418669,1427163286,1639583925,1699008672,1750959714]}]},{"allowed_amount":3.33,"billing_code_modifier":[""],"providers":[{"billed_charge":10.00,"npi":[1205826112,1265418669]},{"billed_charge":18.46,"npi":[1265418669,1821418658]},{"billed_charge":25.00,"npi":[1033135066,1043987746,1063622322,1265418669,1427163286,1639583925,1699008672,1750959714]}]}]},{"tin":{"type":"ein","value":"840611484"},"service_code":["81"],"billing_class":"professional","payments":[{"allowed_amount":3.33,"billing_code_modifier":[""],"providers":[{"billed_charge":10.00,"npi":[1205826112,1265418669]},{"billed_charge":18.46,"npi":[1265418669,1821418658]},{"billed_charge":25.00,"npi":[1033135066,1043987746,1063622322,1265418669,1427163286,1639583925,1699008672,1750959714]}]},{"allowed_amount":3.33,"billing_code_modifier":[""],"providers":[{"billed_charge":10.00,"npi":[1205826112,1265418669]},{"billed_charge":18.46,"npi":[1265418669,1821418658]},{"billed_charge":25.00,"npi":[1033135066,1043987746,1063622322,1265418669,1427163286,1639583925,1699008672,1750959714]}]},{"allowed_amount":3.33,"billing_code_modifier":[""],"providers":[{"billed_charge":10.00,"npi":[1205826112,1265418669]},{"billed_charge":18.46,"npi":[1265418669,1821418658]},{"billed_charge":25.00,"npi":[1033135066,1043987746,1063622322,1265418669,1427163286,1639583925,1699008672,1750959714]}]}]}]},{"name":"COMPREHENSIVE METABOLIC PANEL","billing_code_type":"CPT","billing_code_type_version":"2020","billing_code":"80053","description":"COMPREHENSIVE METABOLIC PANEL","allowed_amounts":[{"tin":{"type":"ein","value":"202844581"},"service_code":["21"],"billing_class":"professional","payments":[{"allowed_amount":4.37,"billing_code_modifier":[""],"providers":[{"billed_charge":28.00,"npi":[1083112023,1679573299,1982666210,1992766356]}]}]},{"tin":{"type":"ein","value":"204249832"},"service_code":["21","22","23"],"billing_class":"professional","payments":[{"allowed_amount":4.78,"billing_code_modifier":[""],"providers":[{"billed_charge":38.00,"npi":[1003864810,1083870703,1245605732,1396901088,1740216480,1821651415,1881625341,1982165262]}]}]},{"tin":{"type":"ein","value":"363947062"},"service_code":["21","22","23"],"billing_class":"professional","payments":[{"allowed_amount":4.78,"billing_code_modifier":[""],"providers":[{"billed_charge":30.00,"npi":[1053938332,1538181375,1548866551,1639551716,1699774059,1770531600,1871784405,1922055144,1952453995]}]}]},{"tin":{"type":"ein","value":"751049190"},"service_code":["22","23"],"billing_class":"professional","payments":[{"allowed_amount":4.37,"billing_code_modifier":[""],"providers":[{"billed_charge":33.90,"npi":[1265477707,1437544483,1447250253,1619903226,1639108186,1649273434,1760556419]}]}]},{"tin":{"type":"ein","value":"751664109"},"service_code":["21"],"billing_class":"professional","payments":[{"allowed_amount":4.37,"billing_code_modifier":[""],"providers":[{"billed_charge":17.75,"npi":[1003252651,1164410668,1336304468,1902885890]}]}]},{"tin":{"type":"ein","value":"751788181"},"service_code":["22","23"],"billing_class":"professional","payments":[{"allowed_amount":4.37,"billing_code_modifier":[""],"providers":[{"billed_charge":22.00,"npi":[1033165501,1225211162,1275592131,1336569078,1457381352,1457383705,1528027786,1558565242,1720010077,1770774580,1881823672,1932158292]}]}]},{"tin":{"type":"ein","value":"756002868"},"service_code":["21"],"billing_class":"professional","payments":[{"allowed_amount":4.37,"billing_code_modifier":[""],"providers":[{"billed_charge":19.00,"npi":[1053594002,1104891050,1184128878,1215431051,1265493688,1285798918]}]}]}]},{"name":"CRITICAL CARE ILL\/INJURED PATIENT INIT 30-74 MIN","billing_code_type":"CPT","billing_code_type_version":"2020","billing_code":"99291","description":"CRITICAL CARE ILL\/INJURED PATIENT INIT 30-74 MIN","allowed_amounts":[{"tin":{"type":"ein","value":"271072321"},"service_code":["21"],"billing_class":"professional","payments":[{"allowed_amount":286.62,"billing_code_modifier":[""],"providers":[{"billed_charge":903.00,"npi":[1134172406,1184860926,1659631869,1760920995]}]}]},{"tin":{"type":"ein","value":"752684562"},"service_code":["23"],"billing_class":"professional","payments":[{"allowed_amount":286.62,"billing_code_modifier":[""],"providers":[{"billed_charge":1754.00,"npi":[1134172406,1497807713,1750731147]}]}]}]},{"name":"CT HEAD\/BRAIN W\/O CONTRAST MATERIAL","billing_code_type":"CPT","billing_code_type_version":"2020","billing_code":"70450","description":"CT HEAD\/BRAIN W\/O CONTRAST MATERIAL","allowed_amounts":[{"tin":{"type":"ein","value":"362664075"},"service_code":["21","23"],"billing_class":"professional","payments":[{"allowed_amount":57.92,"billing_code_modifier":[""],"providers":[{"billed_charge":139.00,"npi":[1023076379,1124020532,1366444770,1639551716,1649929035,1770531600,1821097288,1902880834,1942201728,1952453995]}]}]},{"tin":{"type":"ein","value":"473109067"},"service_code":["23"],"billing_class":"professional","payments":[{"allowed_amount":57.92,"billing_code_modifier":[""],"providers":[{"billed_charge":458.00,"npi":[1629254750,1720055320,1841687951,1922177229]}]}]}]},{"name":"ECG ROUTINE ECG W\/LEAST 12 LDS I&R ONLY","billing_code_type":"CPT","billing_code_type_version":"2020","billing_code":"93010","description":"ECG ROUTINE ECG W\/LEAST 12 LDS I&R ONLY","allowed_amounts":[{"tin":{"type":"ein","value":"752636676"},"service_code":["23"],"billing_class":"professional","payments":[{"allowed_amount":8.84,"billing_code_modifier":[""],"providers":[{"billed_charge":97.00,"npi":[1033165501,1427008523,1932178191]}]}]},{"tin":{"type":"ein","value":"752684562"},"service_code":["23"],"billing_class":"professional","payments":[{"allowed_amount":8.84,"billing_code_modifier":[""],"providers":[{"billed_charge":116.00,"npi":[1134172406,1497807713,1508271446,1689628984,1730500547,1912059247,1922002682]}]}]},{"tin":{"type":"ein","value":"752896138"},"service_code":["23"],"billing_class":"professional","payments":[{"allowed_amount":8.84,"billing_code_modifier":[""],"providers":[{"billed_charge":36.00,"npi":[1528027786,1720004708,1891798856,1912957200,1932178191]}]}]},{"tin":{"type":"ein","value":"843864427"},"service_code":["23"],"billing_class":"professional","payments":[{"allowed_amount":8.84,"billing_code_modifier":[""],"providers":[{"billed_charge":260.00,"npi":[1124386321,1407494289]}]}]}]},{"name":"EMERGENCY DEPARTMENT VISIT HIGH\/URGENT SEVERITY","billing_code_type":"CPT","billing_code_type_version":"2020","billing_code":"99284","description":"EMERGENCY DEPARTMENT VISIT HIGH\/URGENT SEVERITY","allowed_amounts":[{"tin":{"type":"ein","value":"274526253"},"service_code":["23"],"billing_class":"professional","payments":[{"allowed_amount":170.22,"billing_code_modifier":[""],"providers":[{"billed_charge":763.00,"npi":[1043641749,1124316393,1396083424,1598196206,1629058169,1689002651,1811152416,1821417155,1891957924]}]}]},{"tin":{"type":"ein","value":"752737522"},"service_code":["23"],"billing_class":"professional","payments":[{"allowed_amount":170.22,"billing_code_modifier":[""],"providers":[{"billed_charge":984.00,"npi":[1093248205,1104845015,1376581900,1629138029,1700086378,1710482765,1770514077,1851683148]}]}]},{"tin":{"type":"ein","value":"834114783"},"service_code":["23"],"billing_class":"professional","payments":[{"allowed_amount":170.22,"billing_code_modifier":[""],"providers":[{"billed_charge":1893.58,"npi":[1023065562,1114489390]}]}]}]},{"name":"EMERGENCY DEPT VISIT HIGH SEVERITY&THREAT FUNCJ","billing_code_type":"CPT","billing_code_type_version":"2020","billing_code":"99285","description":"EMERGENCY DEPT VISIT HIGH SEVERITY&THREAT FUNCJ","allowed_amounts":[{"tin":{"type":"ein","value":"200481876"},"service_code":["23"],"billing_class":"professional","payments":[{"allowed_amount":254.69,"billing_code_modifier":[""],"providers":[{"billed_charge":2260.00,"npi":[1003252651,1255579389,1629145362]}]}]},{"tin":{"type":"ein","value":"274526253"},"service_code":["23"],"billing_class":"professional","payments":[{"allowed_amount":257.31,"billing_code_modifier":[""],"providers":[{"billed_charge":1127.00,"npi":[1215953666,1396083424,1598196206,1679903967,1811152416]}]}]},{"tin":{"type":"ein","value":"752636676"},"service_code":["23"],"billing_class":"professional","payments":[{"allowed_amount":254.69,"billing_code_modifier":[""],"providers":[{"billed_charge":2260.00,"npi":[1003046020,1033165501,1427008523,1700855905,1891719407,1932178191]}]}]},{"tin":{"type":"ein","value":"752684562"},"service_code":["23"],"billing_class":"professional","payments":[{"allowed_amount":254.69,"billing_code_modifier":[""],"providers":[{"billed_charge":1516.00,"npi":[1043656788,1508271446,1689628984,1912059247,1922002682]}]}]},{"tin":{"type":"ein","value":"752737522"},"service_code":["23"],"billing_class":"professional","payments":[{"allowed_amount":254.69,"billing_code_modifier":[""],"providers":[{"billed_charge":1566.00,"npi":[1376581900,1396779948,1528227782]}]}]},{"tin":{"type":"ein","value":"752737522"},"service_code":["23"],"billing_class":"professional","payments":[{"allowed_amount":257.31,"billing_code_modifier":[""],"providers":[{"billed_charge":1566.00,"npi":[1376581900,1548291883,1619082872,1629138029,1700828118,1710482765,1730122219,1770514077]}]}]},{"tin":{"type":"ein","value":"756002868"},"service_code":["23"],"billing_class":"professional","payments":[{"allowed_amount":254.69,"billing_code_modifier":[""],"providers":[{"billed_charge":583.00,"npi":[1205880036,1285798918,1336407501,1356795546]}]}]},{"tin":{"type":"ein","value":"842988873"},"service_code":["23"],"billing_class":"professional","payments":[{"allowed_amount":257.31,"billing_code_modifier":[""],"providers":[{"billed_charge":1486.00,"npi":[1134769789,1477596872,1952509465]}]}]},{"tin":{"type":"ein","value":"843864427"},"service_code":["23"],"billing_class":"professional","payments":[{"allowed_amount":254.69,"billing_code_modifier":[""],"providers":[{"billed_charge":9464.50,"npi":[1124386321,1407494289]}]}]}]},{"name":"GLUC BLD GLUC MNTR DEV CLEARED FDA SPEC HOME USE","billing_code_type":"CPT","billing_code_type_version":"2020","billing_code":"82962","description":"GLUC BLD GLUC MNTR DEV CLEARED FDA SPEC HOME USE","allowed_amounts":[{"tin":{"type":"ein","value":"363947062"},"service_code":["21","22"],"billing_class":"professional","payments":[{"allowed_amount":2.85,"billing_code_modifier":[""],"providers":[{"billed_charge":8.00,"npi":[1699774059,1770531600,1922055144]}]}]}]},{"name":"IADNA SARSCOV2& INF A&B MULT AMPLIFIED PROBE TQ","billing_code_type":"CPT","billing_code_type_version":"2020","billing_code":"87636","description":"IADNA SARSCOV2& INF A&B MULT AMPLIFIED PROBE TQ","allowed_amounts":[{"tin":{"type":"ein","value":"363947062"},"service_code":["21","22","23"],"billing_class":"professional","payments":[{"allowed_amount":71.00,"billing_code_modifier":[""],"providers":[{"billed_charge":71.00,"npi":[1053938332,1639551716,1699774059,1770531600,1780620781,1912428129,1922055144,1952453995]}]}]}]},{"name":"LIPID PANEL","billing_code_type":"CPT","billing_code_type_version":"2020","billing_code":"80061","description":"LIPID PANEL","allowed_amounts":[{"tin":{"type":"ein","value":"821606706"},"service_code":["81"],"billing_class":"professional","payments":[{"allowed_amount":14.34,"billing_code_modifier":[""],"providers":[{"billed_charge":29.00,"npi":[1720195779,1730617523]}]}]},{"tin":{"type":"ein","value":"840611484"},"service_code":["81"],"billing_class":"professional","payments":[{"allowed_amount":14.34,"billing_code_modifier":[""],"providers":[{"billed_charge":51.00,"npi":[1205826112,1265418669]},{"billed_charge":89.54,"npi":[1265418669,1821418658]},{"billed_charge":98.00,"npi":[1033135066,1063622322,1265418669,1659445898,1699008672,1730127705,1750959714,1982624029]}]},{"allowed_amount":14.34,"billing_code_modifier":[""],"providers":[{"billed_charge":51.00,"npi":[1205826112,1265418669]},{"billed_charge":89.54,"npi":[1265418669,1821418658]},{"billed_charge":98.00,"npi":[1033135066,1063622322,1265418669,1659445898,1699008672,1730127705,1750959714,1982624029]}]},{"allowed_amount":14.34,"billing_code_modifier":[""],"providers":[{"billed_charge":51.00,"npi":[1205826112,1265418669]},{"billed_charge":89.54,"npi":[1265418669,1821418658]},{"billed_charge":98.00,"npi":[1033135066,1063622322,1265418669,1659445898,1699008672,1730127705,1750959714,1982624029]}]}]},{"tin":{"type":"ein","value":"840611484"},"service_code":["81"],"billing_class":"professional","payments":[{"allowed_amount":14.34,"billing_code_modifier":[""],"providers":[{"billed_charge":51.00,"npi":[1205826112,1265418669]},{"billed_charge":89.54,"npi":[1265418669,1821418658]},{"billed_charge":98.00,"npi":[1033135066,1063622322,1265418669,1659445898,1699008672,1730127705,1750959714,1982624029]}]},{"allowed_amount":14.34,"billing_code_modifier":[""],"providers":[{"billed_charge":51.00,"npi":[1205826112,1265418669]},{"billed_charge":89.54,"npi":[1265418669,1821418658]},{"billed_charge":98.00,"npi":[1033135066,1063622322,1265418669,1659445898,1699008672,1730127705,1750959714,1982624029]}]},{"allowed_amount":14.34,"billing_code_modifier":[""],"providers":[{"billed_charge":51.00,"npi":[1205826112,1265418669]},{"billed_charge":89.54,"npi":[1265418669,1821418658]},{"billed_charge":98.00,"npi":[1033135066,1063622322,1265418669,1659445898,1699008672,1730127705,1750959714,1982624029]}]}]},{"tin":{"type":"ein","value":"840611484"},"service_code":["81"],"billing_class":"professional","payments":[{"allowed_amount":14.34,"billing_code_modifier":[""],"providers":[{"billed_charge":51.00,"npi":[1205826112,1265418669]},{"billed_charge":89.54,"npi":[1265418669,1821418658]},{"billed_charge":98.00,"npi":[1033135066,1063622322,1265418669,1659445898,1699008672,1730127705,1750959714,1982624029]}]},{"allowed_amount":14.34,"billing_code_modifier":[""],"providers":[{"billed_charge":51.00,"npi":[1205826112,1265418669]},{"billed_charge":89.54,"npi":[1265418669,1821418658]},{"billed_charge":98.00,"npi":[1033135066,1063622322,1265418669,1659445898,1699008672,1730127705,1750959714,1982624029]}]},{"allowed_amount":14.34,"billing_code_modifier":[""],"providers":[{"billed_charge":51.00,"npi":[1205826112,1265418669]},{"billed_charge":89.54,"npi":[1265418669,1821418658]},{"billed_charge":98.00,"npi":[1033135066,1063622322,1265418669,1659445898,1699008672,1730127705,1750959714,1982624029]}]}]}]},{"name":"NATRIURETIC PEPTIDE","billing_code_type":"CPT","billing_code_type_version":"2020","billing_code":"83880","description":"NATRIURETIC PEPTIDE","allowed_amounts":[{"tin":{"type":"ein","value":"751049190"},"service_code":["22"],"billing_class":"professional","payments":[{"allowed_amount":8.53,"billing_code_modifier":[""],"providers":[{"billed_charge":30.30,"npi":[1265477707,1518435197,1548299092,1659368199,1962504340]}]}]},{"tin":{"type":"ein","value":"751788181"},"service_code":["22"],"billing_class":"professional","payments":[{"allowed_amount":8.53,"billing_code_modifier":[""],"providers":[{"billed_charge":26.00,"npi":[1033165501,1225211162,1457381352,1770774580]}]}]},{"tin":{"type":"ein","value":"756002868"},"service_code":["21"],"billing_class":"professional","payments":[{"allowed_amount":8.53,"billing_code_modifier":[""],"providers":[{"billed_charge":61.00,"npi":[1104891050,1265493688,1285798918,1578207270,1700273406]}]}]}]},{"name":"PROTHROMBIN TIME","billing_code_type":"CPT","billing_code_type_version":"2020","billing_code":"85610","description":"PROTHROMBIN TIME","allowed_amounts":[{"tin":{"type":"ein","value":"204249832"},"service_code":["21"],"billing_class":"professional","payments":[{"allowed_amount":1.48,"billing_code_modifier":[""],"providers":[{"billed_charge":32.00,"npi":[1003864810,1164480505,1396901088,1881625341]}]}]},{"tin":{"type":"ein","value":"363947062"},"service_code":["21","23"],"billing_class":"professional","payments":[{"allowed_amount":1.48,"billing_code_modifier":[""],"providers":[{"billed_charge":13.00,"npi":[1053938332,1548866551,1639551716,1699774059,1770531600,1912428129,1922055144]}]}]},{"tin":{"type":"ein","value":"751664109"},"service_code":["21"],"billing_class":"professional","payments":[{"allowed_amount":1.35,"billing_code_modifier":[""],"providers":[{"billed_charge":16.75,"npi":[1003252651,1336304468,1902885890]}]}]},{"tin":{"type":"ein","value":"751788181"},"service_code":["22"],"billing_class":"professional","payments":[{"allowed_amount":1.35,"billing_code_modifier":[""],"providers":[{"billed_charge":9.00,"npi":[1033165501,1225211162,1457381352,1770774580]}]}]},{"tin":{"type":"ein","value":"756002868"},"service_code":["21"],"billing_class":"professional","payments":[{"allowed_amount":1.35,"billing_code_modifier":[""],"providers":[{"billed_charge":7.50,"npi":[1104891050,1215431051,1265493688,1285798918,1578207270,1700273406]}]}]}]},{"name":"RADIOLOGIC EXAM CHEST SINGLE VIEW","billing_code_type":"CPT","billing_code_type_version":"2020","billing_code":"71045","description":"RADIOLOGIC EXAM CHEST SINGLE VIEW","allowed_amounts":[{"tin":{"type":"ein","value":"362607520"},"service_code":["21"],"billing_class":"professional","payments":[{"allowed_amount":12.32,"billing_code_modifier":[""],"providers":[{"billed_charge":32.00,"npi":[1023021524,1205887353,1255537858]}]}]},{"tin":{"type":"ein","value":"362664075"},"service_code":["21","23"],"billing_class":"professional","payments":[{"allowed_amount":12.32,"billing_code_modifier":[""],"providers":[{"billed_charge":32.00,"npi":[1053519959,1053938332,1164424933,1598705196,1770531600,1821097288,1912428129]}]}]},{"tin":{"type":"ein","value":"363525186"},"service_code":["23"],"billing_class":"professional","payments":[{"allowed_amount":12.32,"billing_code_modifier":[""],"providers":[{"billed_charge":34.00,"npi":[1215987045,1295882561,1568463586,1699228338]}]}]},{"tin":{"type":"ein","value":"473109067"},"service_code":["23"],"billing_class":"professional","payments":[{"allowed_amount":12.32,"billing_code_modifier":[""],"providers":[{"billed_charge":126.00,"npi":[1558625947,1841687951,1902007339,1922177229]}]}]},{"tin":{"type":"ein","value":"751286819"},"service_code":["23"],"billing_class":"professional","payments":[{"allowed_amount":11.39,"billing_code_modifier":[""],"providers":[{"billed_charge":36.00,"npi":[1124348073,1265812960,1578079182,1689628984,1710970975,1972698793]}]}]},{"tin":{"type":"ein","value":"756002868"},"service_code":["21","23"],"billing_class":"professional","payments":[{"allowed_amount":11.39,"billing_code_modifier":[""],"providers":[{"billed_charge":78.00,"npi":[1164443727,1215431051,1285798918,1295782506,1336407501,1356795546,1487756532,1972579365]}]}]},{"tin":{"type":"ein","value":"814239184"},"service_code":["23"],"billing_class":"professional","payments":[{"allowed_amount":12.32,"billing_code_modifier":[""],"providers":[{"billed_charge":63.00,"npi":[1104378942,1124516794,1740230895,1760877385]}]}]}]},{"name":"SBSQ HOSPITAL CARE\/DAY 25 MINUTES","billing_code_type":"CPT","billing_code_type_version":"2020","billing_code":"99232","description":"SBSQ HOSPITAL CARE\/DAY 25 MINUTES","allowed_amounts":[{"tin":{"type":"ein","value":"201392013"},"service_code":["21"],"billing_class":"professional","payments":[{"allowed_amount":86.90,"billing_code_modifier":[""],"providers":[{"billed_charge":185.00,"npi":[1053307132,1205913308,1619270089,1952453995]}]}]},{"tin":{"type":"ein","value":"205036495"},"service_code":["21"],"billing_class":"professional","payments":[{"allowed_amount":74.56,"billing_code_modifier":[""],"providers":[{"billed_charge":373.00,"npi":[1265441620,1477937431,1699726406,1932143898]}]}]},{"tin":{"type":"ein","value":"272663826"},"service_code":["21"],"billing_class":"professional","payments":[{"allowed_amount":86.90,"billing_code_modifier":[""],"providers":[{"billed_charge":110.00,"npi":[1184165433,1528379195,1770531600]}]}]},{"tin":{"type":"ein","value":"363738206"},"service_code":["21"],"billing_class":"professional","payments":[{"allowed_amount":86.90,"billing_code_modifier":[""],"providers":[{"billed_charge":217.00,"npi":[1083811418,1497701882,1770531600]}]}]},{"tin":{"type":"ein","value":"463457611"},"service_code":["61"],"billing_class":"professional","payments":[{"allowed_amount":74.56,"billing_code_modifier":[""],"providers":[{"billed_charge":113.00,"npi":[1194883207,1215114319,1497189526]}]}]},{"tin":{"type":"ein","value":"522306954"},"service_code":["51"],"billing_class":"professional","payments":[{"allowed_amount":74.56,"billing_code_modifier":[""],"providers":[{"billed_charge":121.00,"npi":[1134401466,1316044530,1861835787]}]}]},{"tin":{"type":"ein","value":"752943993"},"service_code":["21"],"billing_class":"professional","payments":[{"allowed_amount":74.56,"billing_code_modifier":[""],"providers":[{"billed_charge":142.00,"npi":[1285930891,1619583531,1821169632,1952612053]}]}]},{"tin":{"type":"ein","value":"800710751"},"service_code":["21"],"billing_class":"professional","payments":[{"allowed_amount":86.90,"billing_code_modifier":[""],"providers":[{"billed_charge":162.00,"npi":[1598845828,1629463427,1720371669,1811935844,1841250958]}]}]},{"tin":{"type":"ein","value":"834322158"},"service_code":["21"],"billing_class":"professional","payments":[{"allowed_amount":86.90,"billing_code_modifier":[""],"providers":[{"billed_charge":120.00,"npi":[1013551472,1568812253,1922177229]}]}]},{"tin":{"type":"ein","value":"845158969"},"service_code":["21"],"billing_class":"professional","payments":[{"allowed_amount":86.90,"billing_code_modifier":[""],"providers":[{"billed_charge":120.00,"npi":[1457802365,1508437484,1952937104,1992168322]}]}]}]},{"name":"SBSQ HOSPITAL CARE\/DAY 35 MINUTES","billing_code_type":"CPT","billing_code_type_version":"2020","billing_code":"99233","description":"SBSQ HOSPITAL CARE\/DAY 35 MINUTES","allowed_amounts":[{"tin":{"type":"ein","value":"205036495"},"service_code":["21"],"billing_class":"professional","payments":[{"allowed_amount":115.06,"billing_code_modifier":[""],"providers":[{"billed_charge":536.00,"npi":[1265441620,1568485084,1699726406]}]}]},{"tin":{"type":"ein","value":"205036495"},"service_code":["61"],"billing_class":"professional","payments":[{"allowed_amount":117.53,"billing_code_modifier":[""],"providers":[{"billed_charge":536.00,"npi":[1265441620,1821062050,1932327533]}]}]},{"tin":{"type":"ein","value":"271072321"},"service_code":["21"],"billing_class":"professional","payments":[{"allowed_amount":115.06,"billing_code_modifier":[""],"providers":[{"billed_charge":460.00,"npi":[1053699694,1164758074,1275580599,1699726406]}]}]},{"tin":{"type":"ein","value":"522306954"},"service_code":["51"],"billing_class":"professional","payments":[{"allowed_amount":115.06,"billing_code_modifier":[""],"providers":[{"billed_charge":150.00,"npi":[1134401466,1316044530,1861835787]}]}]},{"tin":{"type":"ein","value":"752390999"},"service_code":["61"],"billing_class":"professional","payments":[{"allowed_amount":117.53,"billing_code_modifier":[""],"providers":[{"billed_charge":200.00,"npi":[1376763946,1821062050,1922041599]}]}]}]}]}
