{"reporting_entity_name": "IEC Group_DBA AmeriBen",
	"reporting_entity_type": "Third Party Administrator",
	"plan_name": "CONFLUENT HEALTH",
	"plan_id_type": "ein",
	"plan_id": "471584422",
	"plan_market_type": "group",
	"last_updated_on": "2025-03-03","Version": "1.0.0","out_of_network":[{"name":"IADNA NOS AMPLIFIED PROBE TQ EACH ORGANISM","billing_code_type":"CPT","billing_code_type_version":"2020","billing_code":"87798","description":"IADNA NOS AMPLIFIED PROBE TQ EACH ORGANISM","allowed_amounts":[{"tin":{"type":"ein","value":"223510467"},"service_code":["81"],"billing_class":"professional","payments":[{"allowed_amount":24.56,"billing_code_modifier":[""],"providers":[{"billed_charge":50.00,"npi":[1164421301,1750373908]},{"billed_charge":80.50,"npi":[1164421301,1750373908]}]},{"allowed_amount":24.56,"billing_code_modifier":[""],"providers":[{"billed_charge":50.00,"npi":[1164421301,1750373908]},{"billed_charge":80.50,"npi":[1164421301,1750373908]}]}]},{"tin":{"type":"ein","value":"223510467"},"service_code":["81"],"billing_class":"professional","payments":[{"allowed_amount":24.56,"billing_code_modifier":[""],"providers":[{"billed_charge":50.00,"npi":[1164421301,1750373908]},{"billed_charge":80.50,"npi":[1164421301,1750373908]}]},{"allowed_amount":24.56,"billing_code_modifier":[""],"providers":[{"billed_charge":50.00,"npi":[1164421301,1750373908]},{"billed_charge":80.50,"npi":[1164421301,1750373908]}]}]}]},{"name":"LABORATORY - CLINICAL DIAGNOSTIC","billing_code_type":"RC","billing_code_type_version":"UB04","billing_code":"0300","description":"LABORATORY - CLINICAL DIAGNOSTIC","allowed_amounts":[{"tin":{"type":"ein","value":"812527918"},"service_code":["23"],"billing_class":"institutional","payments":[{"allowed_amount":0.00,"billing_code_modifier":[""],"providers":[{"billed_charge":111.00,"npi":[1396280756]},{"billed_charge":186.00,"npi":[1396280756]},{"billed_charge":249.00,"npi":[1396280756]},{"billed_charge":297.00,"npi":[1396280756]},{"billed_charge":305.00,"npi":[1396280756]},{"billed_charge":380.00,"npi":[1396280756]},{"billed_charge":458.00,"npi":[1396280756]},{"billed_charge":788.00,"npi":[1396280756]}]},{"allowed_amount":0.00,"billing_code_modifier":[""],"providers":[{"billed_charge":111.00,"npi":[1396280756]},{"billed_charge":186.00,"npi":[1396280756]},{"billed_charge":249.00,"npi":[1396280756]},{"billed_charge":297.00,"npi":[1396280756]},{"billed_charge":305.00,"npi":[1396280756]},{"billed_charge":380.00,"npi":[1396280756]},{"billed_charge":458.00,"npi":[1396280756]},{"billed_charge":788.00,"npi":[1396280756]}]},{"allowed_amount":0.00,"billing_code_modifier":[""],"providers":[{"billed_charge":111.00,"npi":[1396280756]},{"billed_charge":186.00,"npi":[1396280756]},{"billed_charge":249.00,"npi":[1396280756]},{"billed_charge":297.00,"npi":[1396280756]},{"billed_charge":305.00,"npi":[1396280756]},{"billed_charge":380.00,"npi":[1396280756]},{"billed_charge":458.00,"npi":[1396280756]},{"billed_charge":788.00,"npi":[1396280756]}]},{"allowed_amount":0.00,"billing_code_modifier":[""],"providers":[{"billed_charge":111.00,"npi":[1396280756]},{"billed_charge":186.00,"npi":[1396280756]},{"billed_charge":249.00,"npi":[1396280756]},{"billed_charge":297.00,"npi":[1396280756]},{"billed_charge":305.00,"npi":[1396280756]},{"billed_charge":380.00,"npi":[1396280756]},{"billed_charge":458.00,"npi":[1396280756]},{"billed_charge":788.00,"npi":[1396280756]}]},{"allowed_amount":0.00,"billing_code_modifier":[""],"providers":[{"billed_charge":111.00,"npi":[1396280756]},{"billed_charge":186.00,"npi":[1396280756]},{"billed_charge":249.00,"npi":[1396280756]},{"billed_charge":297.00,"npi":[1396280756]},{"billed_charge":305.00,"npi":[1396280756]},{"billed_charge":380.00,"npi":[1396280756]},{"billed_charge":458.00,"npi":[1396280756]},{"billed_charge":788.00,"npi":[1396280756]}]},{"allowed_amount":0.00,"billing_code_modifier":[""],"providers":[{"billed_charge":111.00,"npi":[1396280756]},{"billed_charge":186.00,"npi":[1396280756]},{"billed_charge":249.00,"npi":[1396280756]},{"billed_charge":297.00,"npi":[1396280756]},{"billed_charge":305.00,"npi":[1396280756]},{"billed_charge":380.00,"npi":[1396280756]},{"billed_charge":458.00,"npi":[1396280756]},{"billed_charge":788.00,"npi":[1396280756]}]},{"allowed_amount":0.00,"billing_code_modifier":[""],"providers":[{"billed_charge":111.00,"npi":[1396280756]},{"billed_charge":186.00,"npi":[1396280756]},{"billed_charge":249.00,"npi":[1396280756]},{"billed_charge":297.00,"npi":[1396280756]},{"billed_charge":305.00,"npi":[1396280756]},{"billed_charge":380.00,"npi":[1396280756]},{"billed_charge":458.00,"npi":[1396280756]},{"billed_charge":788.00,"npi":[1396280756]}]},{"allowed_amount":0.00,"billing_code_modifier":[""],"providers":[{"billed_charge":111.00,"npi":[1396280756]},{"billed_charge":186.00,"npi":[1396280756]},{"billed_charge":249.00,"npi":[1396280756]},{"billed_charge":297.00,"npi":[1396280756]},{"billed_charge":305.00,"npi":[1396280756]},{"billed_charge":380.00,"npi":[1396280756]},{"billed_charge":458.00,"npi":[1396280756]},{"billed_charge":788.00,"npi":[1396280756]}]}]},{"tin":{"type":"ein","value":"812527918"},"service_code":["23"],"billing_class":"institutional","payments":[{"allowed_amount":0.00,"billing_code_modifier":[""],"providers":[{"billed_charge":111.00,"npi":[1396280756]},{"billed_charge":186.00,"npi":[1396280756]},{"billed_charge":249.00,"npi":[1396280756]},{"billed_charge":297.00,"npi":[1396280756]},{"billed_charge":305.00,"npi":[1396280756]},{"billed_charge":380.00,"npi":[1396280756]},{"billed_charge":458.00,"npi":[1396280756]},{"billed_charge":788.00,"npi":[1396280756]}]},{"allowed_amount":0.00,"billing_code_modifier":[""],"providers":[{"billed_charge":111.00,"npi":[1396280756]},{"billed_charge":186.00,"npi":[1396280756]},{"billed_charge":249.00,"npi":[1396280756]},{"billed_charge":297.00,"npi":[1396280756]},{"billed_charge":305.00,"npi":[1396280756]},{"billed_charge":380.00,"npi":[1396280756]},{"billed_charge":458.00,"npi":[1396280756]},{"billed_charge":788.00,"npi":[1396280756]}]},{"allowed_amount":0.00,"billing_code_modifier":[""],"providers":[{"billed_charge":111.00,"npi":[1396280756]},{"billed_charge":186.00,"npi":[1396280756]},{"billed_charge":249.00,"npi":[1396280756]},{"billed_charge":297.00,"npi":[1396280756]},{"billed_charge":305.00,"npi":[1396280756]},{"billed_charge":380.00,"npi":[1396280756]},{"billed_charge":458.00,"npi":[1396280756]},{"billed_charge":788.00,"npi":[1396280756]}]},{"allowed_amount":0.00,"billing_code_modifier":[""],"providers":[{"billed_charge":111.00,"npi":[1396280756]},{"billed_charge":186.00,"npi":[1396280756]},{"billed_charge":249.00,"npi":[1396280756]},{"billed_charge":297.00,"npi":[1396280756]},{"billed_charge":305.00,"npi":[1396280756]},{"billed_charge":380.00,"npi":[1396280756]},{"billed_charge":458.00,"npi":[1396280756]},{"billed_charge":788.00,"npi":[1396280756]}]},{"allowed_amount":0.00,"billing_code_modifier":[""],"providers":[{"billed_charge":111.00,"npi":[1396280756]},{"billed_charge":186.00,"npi":[1396280756]},{"billed_charge":249.00,"npi":[1396280756]},{"billed_charge":297.00,"npi":[1396280756]},{"billed_charge":305.00,"npi":[1396280756]},{"billed_charge":380.00,"npi":[1396280756]},{"billed_charge":458.00,"npi":[1396280756]},{"billed_charge":788.00,"npi":[1396280756]}]},{"allowed_amount":0.00,"billing_code_modifier":[""],"providers":[{"billed_charge":111.00,"npi":[1396280756]},{"billed_charge":186.00,"npi":[1396280756]},{"billed_charge":249.00,"npi":[1396280756]},{"billed_charge":297.00,"npi":[1396280756]},{"billed_charge":305.00,"npi":[1396280756]},{"billed_charge":380.00,"npi":[1396280756]},{"billed_charge":458.00,"npi":[1396280756]},{"billed_charge":788.00,"npi":[1396280756]}]},{"allowed_amount":0.00,"billing_code_modifier":[""],"providers":[{"billed_charge":111.00,"npi":[1396280756]},{"billed_charge":186.00,"npi":[1396280756]},{"billed_charge":249.00,"npi":[1396280756]},{"billed_charge":297.00,"npi":[1396280756]},{"billed_charge":305.00,"npi":[1396280756]},{"billed_charge":380.00,"npi":[1396280756]},{"billed_charge":458.00,"npi":[1396280756]},{"billed_charge":788.00,"npi":[1396280756]}]},{"allowed_amount":0.00,"billing_code_modifier":[""],"providers":[{"billed_charge":111.00,"npi":[1396280756]},{"billed_charge":186.00,"npi":[1396280756]},{"billed_charge":249.00,"npi":[1396280756]},{"billed_charge":297.00,"npi":[1396280756]},{"billed_charge":305.00,"npi":[1396280756]},{"billed_charge":380.00,"npi":[1396280756]},{"billed_charge":458.00,"npi":[1396280756]},{"billed_charge":788.00,"npi":[1396280756]}]}]},{"tin":{"type":"ein","value":"812527918"},"service_code":["23"],"billing_class":"institutional","payments":[{"allowed_amount":0.00,"billing_code_modifier":[""],"providers":[{"billed_charge":111.00,"npi":[1396280756]},{"billed_charge":186.00,"npi":[1396280756]},{"billed_charge":249.00,"npi":[1396280756]},{"billed_charge":297.00,"npi":[1396280756]},{"billed_charge":305.00,"npi":[1396280756]},{"billed_charge":380.00,"npi":[1396280756]},{"billed_charge":458.00,"npi":[1396280756]},{"billed_charge":788.00,"npi":[1396280756]}]},{"allowed_amount":0.00,"billing_code_modifier":[""],"providers":[{"billed_charge":111.00,"npi":[1396280756]},{"billed_charge":186.00,"npi":[1396280756]},{"billed_charge":249.00,"npi":[1396280756]},{"billed_charge":297.00,"npi":[1396280756]},{"billed_charge":305.00,"npi":[1396280756]},{"billed_charge":380.00,"npi":[1396280756]},{"billed_charge":458.00,"npi":[1396280756]},{"billed_charge":788.00,"npi":[1396280756]}]},{"allowed_amount":0.00,"billing_code_modifier":[""],"providers":[{"billed_charge":111.00,"npi":[1396280756]},{"billed_charge":186.00,"npi":[1396280756]},{"billed_charge":249.00,"npi":[1396280756]},{"billed_charge":297.00,"npi":[1396280756]},{"billed_charge":305.00,"npi":[1396280756]},{"billed_charge":380.00,"npi":[1396280756]},{"billed_charge":458.00,"npi":[1396280756]},{"billed_charge":788.00,"npi":[1396280756]}]},{"allowed_amount":0.00,"billing_code_modifier":[""],"providers":[{"billed_charge":111.00,"npi":[1396280756]},{"billed_charge":186.00,"npi":[1396280756]},{"billed_charge":249.00,"npi":[1396280756]},{"billed_charge":297.00,"npi":[1396280756]},{"billed_charge":305.00,"npi":[1396280756]},{"billed_charge":380.00,"npi":[1396280756]},{"billed_charge":458.00,"npi":[1396280756]},{"billed_charge":788.00,"npi":[1396280756]}]},{"allowed_amount":0.00,"billing_code_modifier":[""],"providers":[{"billed_charge":111.00,"npi":[1396280756]},{"billed_charge":186.00,"npi":[1396280756]},{"billed_charge":249.00,"npi":[1396280756]},{"billed_charge":297.00,"npi":[1396280756]},{"billed_charge":305.00,"npi":[1396280756]},{"billed_charge":380.00,"npi":[1396280756]},{"billed_charge":458.00,"npi":[1396280756]},{"billed_charge":788.00,"npi":[1396280756]}]},{"allowed_amount":0.00,"billing_code_modifier":[""],"providers":[{"billed_charge":111.00,"npi":[1396280756]},{"billed_charge":186.00,"npi":[1396280756]},{"billed_charge":249.00,"npi":[1396280756]},{"billed_charge":297.00,"npi":[1396280756]},{"billed_charge":305.00,"npi":[1396280756]},{"billed_charge":380.00,"npi":[1396280756]},{"billed_charge":458.00,"npi":[1396280756]},{"billed_charge":788.00,"npi":[1396280756]}]},{"allowed_amount":0.00,"billing_code_modifier":[""],"providers":[{"billed_charge":111.00,"npi":[1396280756]},{"billed_charge":186.00,"npi":[1396280756]},{"billed_charge":249.00,"npi":[1396280756]},{"billed_charge":297.00,"npi":[1396280756]},{"billed_charge":305.00,"npi":[1396280756]},{"billed_charge":380.00,"npi":[1396280756]},{"billed_charge":458.00,"npi":[1396280756]},{"billed_charge":788.00,"npi":[1396280756]}]},{"allowed_amount":0.00,"billing_code_modifier":[""],"providers":[{"billed_charge":111.00,"npi":[1396280756]},{"billed_charge":186.00,"npi":[1396280756]},{"billed_charge":249.00,"npi":[1396280756]},{"billed_charge":297.00,"npi":[1396280756]},{"billed_charge":305.00,"npi":[1396280756]},{"billed_charge":380.00,"npi":[1396280756]},{"billed_charge":458.00,"npi":[1396280756]},{"billed_charge":788.00,"npi":[1396280756]}]}]},{"tin":{"type":"ein","value":"812527918"},"service_code":["23"],"billing_class":"institutional","payments":[{"allowed_amount":0.00,"billing_code_modifier":[""],"providers":[{"billed_charge":111.00,"npi":[1396280756]},{"billed_charge":186.00,"npi":[1396280756]},{"billed_charge":249.00,"npi":[1396280756]},{"billed_charge":297.00,"npi":[1396280756]},{"billed_charge":305.00,"npi":[1396280756]},{"billed_charge":380.00,"npi":[1396280756]},{"billed_charge":458.00,"npi":[1396280756]},{"billed_charge":788.00,"npi":[1396280756]}]},{"allowed_amount":0.00,"billing_code_modifier":[""],"providers":[{"billed_charge":111.00,"npi":[1396280756]},{"billed_charge":186.00,"npi":[1396280756]},{"billed_charge":249.00,"npi":[1396280756]},{"billed_charge":297.00,"npi":[1396280756]},{"billed_charge":305.00,"npi":[1396280756]},{"billed_charge":380.00,"npi":[1396280756]},{"billed_charge":458.00,"npi":[1396280756]},{"billed_charge":788.00,"npi":[1396280756]}]},{"allowed_amount":0.00,"billing_code_modifier":[""],"providers":[{"billed_charge":111.00,"npi":[1396280756]},{"billed_charge":186.00,"npi":[1396280756]},{"billed_charge":249.00,"npi":[1396280756]},{"billed_charge":297.00,"npi":[1396280756]},{"billed_charge":305.00,"npi":[1396280756]},{"billed_charge":380.00,"npi":[1396280756]},{"billed_charge":458.00,"npi":[1396280756]},{"billed_charge":788.00,"npi":[1396280756]}]},{"allowed_amount":0.00,"billing_code_modifier":[""],"providers":[{"billed_charge":111.00,"npi":[1396280756]},{"billed_charge":186.00,"npi":[1396280756]},{"billed_charge":249.00,"npi":[1396280756]},{"billed_charge":297.00,"npi":[1396280756]},{"billed_charge":305.00,"npi":[1396280756]},{"billed_charge":380.00,"npi":[1396280756]},{"billed_charge":458.00,"npi":[1396280756]},{"billed_charge":788.00,"npi":[1396280756]}]},{"allowed_amount":0.00,"billing_code_modifier":[""],"providers":[{"billed_charge":111.00,"npi":[1396280756]},{"billed_charge":186.00,"npi":[1396280756]},{"billed_charge":249.00,"npi":[1396280756]},{"billed_charge":297.00,"npi":[1396280756]},{"billed_charge":305.00,"npi":[1396280756]},{"billed_charge":380.00,"npi":[1396280756]},{"billed_charge":458.00,"npi":[1396280756]},{"billed_charge":788.00,"npi":[1396280756]}]},{"allowed_amount":0.00,"billing_code_modifier":[""],"providers":[{"billed_charge":111.00,"npi":[1396280756]},{"billed_charge":186.00,"npi":[1396280756]},{"billed_charge":249.00,"npi":[1396280756]},{"billed_charge":297.00,"npi":[1396280756]},{"billed_charge":305.00,"npi":[1396280756]},{"billed_charge":380.00,"npi":[1396280756]},{"billed_charge":458.00,"npi":[1396280756]},{"billed_charge":788.00,"npi":[1396280756]}]},{"allowed_amount":0.00,"billing_code_modifier":[""],"providers":[{"billed_charge":111.00,"npi":[1396280756]},{"billed_charge":186.00,"npi":[1396280756]},{"billed_charge":249.00,"npi":[1396280756]},{"billed_charge":297.00,"npi":[1396280756]},{"billed_charge":305.00,"npi":[1396280756]},{"billed_charge":380.00,"npi":[1396280756]},{"billed_charge":458.00,"npi":[1396280756]},{"billed_charge":788.00,"npi":[1396280756]}]},{"allowed_amount":0.00,"billing_code_modifier":[""],"providers":[{"billed_charge":111.00,"npi":[1396280756]},{"billed_charge":186.00,"npi":[1396280756]},{"billed_charge":249.00,"npi":[1396280756]},{"billed_charge":297.00,"npi":[1396280756]},{"billed_charge":305.00,"npi":[1396280756]},{"billed_charge":380.00,"npi":[1396280756]},{"billed_charge":458.00,"npi":[1396280756]},{"billed_charge":788.00,"npi":[1396280756]}]}]},{"tin":{"type":"ein","value":"812527918"},"service_code":["23"],"billing_class":"institutional","payments":[{"allowed_amount":0.00,"billing_code_modifier":[""],"providers":[{"billed_charge":111.00,"npi":[1396280756]},{"billed_charge":186.00,"npi":[1396280756]},{"billed_charge":249.00,"npi":[1396280756]},{"billed_charge":297.00,"npi":[1396280756]},{"billed_charge":305.00,"npi":[1396280756]},{"billed_charge":380.00,"npi":[1396280756]},{"billed_charge":458.00,"npi":[1396280756]},{"billed_charge":788.00,"npi":[1396280756]}]},{"allowed_amount":0.00,"billing_code_modifier":[""],"providers":[{"billed_charge":111.00,"npi":[1396280756]},{"billed_charge":186.00,"npi":[1396280756]},{"billed_charge":249.00,"npi":[1396280756]},{"billed_charge":297.00,"npi":[1396280756]},{"billed_charge":305.00,"npi":[1396280756]},{"billed_charge":380.00,"npi":[1396280756]},{"billed_charge":458.00,"npi":[1396280756]},{"billed_charge":788.00,"npi":[1396280756]}]},{"allowed_amount":0.00,"billing_code_modifier":[""],"providers":[{"billed_charge":111.00,"npi":[1396280756]},{"billed_charge":186.00,"npi":[1396280756]},{"billed_charge":249.00,"npi":[1396280756]},{"billed_charge":297.00,"npi":[1396280756]},{"billed_charge":305.00,"npi":[1396280756]},{"billed_charge":380.00,"npi":[1396280756]},{"billed_charge":458.00,"npi":[1396280756]},{"billed_charge":788.00,"npi":[1396280756]}]},{"allowed_amount":0.00,"billing_code_modifier":[""],"providers":[{"billed_charge":111.00,"npi":[1396280756]},{"billed_charge":186.00,"npi":[1396280756]},{"billed_charge":249.00,"npi":[1396280756]},{"billed_charge":297.00,"npi":[1396280756]},{"billed_charge":305.00,"npi":[1396280756]},{"billed_charge":380.00,"npi":[1396280756]},{"billed_charge":458.00,"npi":[1396280756]},{"billed_charge":788.00,"npi":[1396280756]}]},{"allowed_amount":0.00,"billing_code_modifier":[""],"providers":[{"billed_charge":111.00,"npi":[1396280756]},{"billed_charge":186.00,"npi":[1396280756]},{"billed_charge":249.00,"npi":[1396280756]},{"billed_charge":297.00,"npi":[1396280756]},{"billed_charge":305.00,"npi":[1396280756]},{"billed_charge":380.00,"npi":[1396280756]},{"billed_charge":458.00,"npi":[1396280756]},{"billed_charge":788.00,"npi":[1396280756]}]},{"allowed_amount":0.00,"billing_code_modifier":[""],"providers":[{"billed_charge":111.00,"npi":[1396280756]},{"billed_charge":186.00,"npi":[1396280756]},{"billed_charge":249.00,"npi":[1396280756]},{"billed_charge":297.00,"npi":[1396280756]},{"billed_charge":305.00,"npi":[1396280756]},{"billed_charge":380.00,"npi":[1396280756]},{"billed_charge":458.00,"npi":[1396280756]},{"billed_charge":788.00,"npi":[1396280756]}]},{"allowed_amount":0.00,"billing_code_modifier":[""],"providers":[{"billed_charge":111.00,"npi":[1396280756]},{"billed_charge":186.00,"npi":[1396280756]},{"billed_charge":249.00,"npi":[1396280756]},{"billed_charge":297.00,"npi":[1396280756]},{"billed_charge":305.00,"npi":[1396280756]},{"billed_charge":380.00,"npi":[1396280756]},{"billed_charge":458.00,"npi":[1396280756]},{"billed_charge":788.00,"npi":[1396280756]}]},{"allowed_amount":0.00,"billing_code_modifier":[""],"providers":[{"billed_charge":111.00,"npi":[1396280756]},{"billed_charge":186.00,"npi":[1396280756]},{"billed_charge":249.00,"npi":[1396280756]},{"billed_charge":297.00,"npi":[1396280756]},{"billed_charge":305.00,"npi":[1396280756]},{"billed_charge":380.00,"npi":[1396280756]},{"billed_charge":458.00,"npi":[1396280756]},{"billed_charge":788.00,"npi":[1396280756]}]}]},{"tin":{"type":"ein","value":"812527918"},"service_code":["23"],"billing_class":"institutional","payments":[{"allowed_amount":0.00,"billing_code_modifier":[""],"providers":[{"billed_charge":111.00,"npi":[1396280756]},{"billed_charge":186.00,"npi":[1396280756]},{"billed_charge":249.00,"npi":[1396280756]},{"billed_charge":297.00,"npi":[1396280756]},{"billed_charge":305.00,"npi":[1396280756]},{"billed_charge":380.00,"npi":[1396280756]},{"billed_charge":458.00,"npi":[1396280756]},{"billed_charge":788.00,"npi":[1396280756]}]},{"allowed_amount":0.00,"billing_code_modifier":[""],"providers":[{"billed_charge":111.00,"npi":[1396280756]},{"billed_charge":186.00,"npi":[1396280756]},{"billed_charge":249.00,"npi":[1396280756]},{"billed_charge":297.00,"npi":[1396280756]},{"billed_charge":305.00,"npi":[1396280756]},{"billed_charge":380.00,"npi":[1396280756]},{"billed_charge":458.00,"npi":[1396280756]},{"billed_charge":788.00,"npi":[1396280756]}]},{"allowed_amount":0.00,"billing_code_modifier":[""],"providers":[{"billed_charge":111.00,"npi":[1396280756]},{"billed_charge":186.00,"npi":[1396280756]},{"billed_charge":249.00,"npi":[1396280756]},{"billed_charge":297.00,"npi":[1396280756]},{"billed_charge":305.00,"npi":[1396280756]},{"billed_charge":380.00,"npi":[1396280756]},{"billed_charge":458.00,"npi":[1396280756]},{"billed_charge":788.00,"npi":[1396280756]}]},{"allowed_amount":0.00,"billing_code_modifier":[""],"providers":[{"billed_charge":111.00,"npi":[1396280756]},{"billed_charge":186.00,"npi":[1396280756]},{"billed_charge":249.00,"npi":[1396280756]},{"billed_charge":297.00,"npi":[1396280756]},{"billed_charge":305.00,"npi":[1396280756]},{"billed_charge":380.00,"npi":[1396280756]},{"billed_charge":458.00,"npi":[1396280756]},{"billed_charge":788.00,"npi":[1396280756]}]},{"allowed_amount":0.00,"billing_code_modifier":[""],"providers":[{"billed_charge":111.00,"npi":[1396280756]},{"billed_charge":186.00,"npi":[1396280756]},{"billed_charge":249.00,"npi":[1396280756]},{"billed_charge":297.00,"npi":[1396280756]},{"billed_charge":305.00,"npi":[1396280756]},{"billed_charge":380.00,"npi":[1396280756]},{"billed_charge":458.00,"npi":[1396280756]},{"billed_charge":788.00,"npi":[1396280756]}]},{"allowed_amount":0.00,"billing_code_modifier":[""],"providers":[{"billed_charge":111.00,"npi":[1396280756]},{"billed_charge":186.00,"npi":[1396280756]},{"billed_charge":249.00,"npi":[1396280756]},{"billed_charge":297.00,"npi":[1396280756]},{"billed_charge":305.00,"npi":[1396280756]},{"billed_charge":380.00,"npi":[1396280756]},{"billed_charge":458.00,"npi":[1396280756]},{"billed_charge":788.00,"npi":[1396280756]}]},{"allowed_amount":0.00,"billing_code_modifier":[""],"providers":[{"billed_charge":111.00,"npi":[1396280756]},{"billed_charge":186.00,"npi":[1396280756]},{"billed_charge":249.00,"npi":[1396280756]},{"billed_charge":297.00,"npi":[1396280756]},{"billed_charge":305.00,"npi":[1396280756]},{"billed_charge":380.00,"npi":[1396280756]},{"billed_charge":458.00,"npi":[1396280756]},{"billed_charge":788.00,"npi":[1396280756]}]},{"allowed_amount":0.00,"billing_code_modifier":[""],"providers":[{"billed_charge":111.00,"npi":[1396280756]},{"billed_charge":186.00,"npi":[1396280756]},{"billed_charge":249.00,"npi":[1396280756]},{"billed_charge":297.00,"npi":[1396280756]},{"billed_charge":305.00,"npi":[1396280756]},{"billed_charge":380.00,"npi":[1396280756]},{"billed_charge":458.00,"npi":[1396280756]},{"billed_charge":788.00,"npi":[1396280756]}]}]},{"tin":{"type":"ein","value":"812527918"},"service_code":["23"],"billing_class":"institutional","payments":[{"allowed_amount":0.00,"billing_code_modifier":[""],"providers":[{"billed_charge":111.00,"npi":[1396280756]},{"billed_charge":186.00,"npi":[1396280756]},{"billed_charge":249.00,"npi":[1396280756]},{"billed_charge":297.00,"npi":[1396280756]},{"billed_charge":305.00,"npi":[1396280756]},{"billed_charge":380.00,"npi":[1396280756]},{"billed_charge":458.00,"npi":[1396280756]},{"billed_charge":788.00,"npi":[1396280756]}]},{"allowed_amount":0.00,"billing_code_modifier":[""],"providers":[{"billed_charge":111.00,"npi":[1396280756]},{"billed_charge":186.00,"npi":[1396280756]},{"billed_charge":249.00,"npi":[1396280756]},{"billed_charge":297.00,"npi":[1396280756]},{"billed_charge":305.00,"npi":[1396280756]},{"billed_charge":380.00,"npi":[1396280756]},{"billed_charge":458.00,"npi":[1396280756]},{"billed_charge":788.00,"npi":[1396280756]}]},{"allowed_amount":0.00,"billing_code_modifier":[""],"providers":[{"billed_charge":111.00,"npi":[1396280756]},{"billed_charge":186.00,"npi":[1396280756]},{"billed_charge":249.00,"npi":[1396280756]},{"billed_charge":297.00,"npi":[1396280756]},{"billed_charge":305.00,"npi":[1396280756]},{"billed_charge":380.00,"npi":[1396280756]},{"billed_charge":458.00,"npi":[1396280756]},{"billed_charge":788.00,"npi":[1396280756]}]},{"allowed_amount":0.00,"billing_code_modifier":[""],"providers":[{"billed_charge":111.00,"npi":[1396280756]},{"billed_charge":186.00,"npi":[1396280756]},{"billed_charge":249.00,"npi":[1396280756]},{"billed_charge":297.00,"npi":[1396280756]},{"billed_charge":305.00,"npi":[1396280756]},{"billed_charge":380.00,"npi":[1396280756]},{"billed_charge":458.00,"npi":[1396280756]},{"billed_charge":788.00,"npi":[1396280756]}]},{"allowed_amount":0.00,"billing_code_modifier":[""],"providers":[{"billed_charge":111.00,"npi":[1396280756]},{"billed_charge":186.00,"npi":[1396280756]},{"billed_charge":249.00,"npi":[1396280756]},{"billed_charge":297.00,"npi":[1396280756]},{"billed_charge":305.00,"npi":[1396280756]},{"billed_charge":380.00,"npi":[1396280756]},{"billed_charge":458.00,"npi":[1396280756]},{"billed_charge":788.00,"npi":[1396280756]}]},{"allowed_amount":0.00,"billing_code_modifier":[""],"providers":[{"billed_charge":111.00,"npi":[1396280756]},{"billed_charge":186.00,"npi":[1396280756]},{"billed_charge":249.00,"npi":[1396280756]},{"billed_charge":297.00,"npi":[1396280756]},{"billed_charge":305.00,"npi":[1396280756]},{"billed_charge":380.00,"npi":[1396280756]},{"billed_charge":458.00,"npi":[1396280756]},{"billed_charge":788.00,"npi":[1396280756]}]},{"allowed_amount":0.00,"billing_code_modifier":[""],"providers":[{"billed_charge":111.00,"npi":[1396280756]},{"billed_charge":186.00,"npi":[1396280756]},{"billed_charge":249.00,"npi":[1396280756]},{"billed_charge":297.00,"npi":[1396280756]},{"billed_charge":305.00,"npi":[1396280756]},{"billed_charge":380.00,"npi":[1396280756]},{"billed_charge":458.00,"npi":[1396280756]},{"billed_charge":788.00,"npi":[1396280756]}]},{"allowed_amount":0.00,"billing_code_modifier":[""],"providers":[{"billed_charge":111.00,"npi":[1396280756]},{"billed_charge":186.00,"npi":[1396280756]},{"billed_charge":249.00,"npi":[1396280756]},{"billed_charge":297.00,"npi":[1396280756]},{"billed_charge":305.00,"npi":[1396280756]},{"billed_charge":380.00,"npi":[1396280756]},{"billed_charge":458.00,"npi":[1396280756]},{"billed_charge":788.00,"npi":[1396280756]}]}]},{"tin":{"type":"ein","value":"812527918"},"service_code":["23"],"billing_class":"institutional","payments":[{"allowed_amount":0.00,"billing_code_modifier":[""],"providers":[{"billed_charge":111.00,"npi":[1396280756]},{"billed_charge":186.00,"npi":[1396280756]},{"billed_charge":249.00,"npi":[1396280756]},{"billed_charge":297.00,"npi":[1396280756]},{"billed_charge":305.00,"npi":[1396280756]},{"billed_charge":380.00,"npi":[1396280756]},{"billed_charge":458.00,"npi":[1396280756]},{"billed_charge":788.00,"npi":[1396280756]}]},{"allowed_amount":0.00,"billing_code_modifier":[""],"providers":[{"billed_charge":111.00,"npi":[1396280756]},{"billed_charge":186.00,"npi":[1396280756]},{"billed_charge":249.00,"npi":[1396280756]},{"billed_charge":297.00,"npi":[1396280756]},{"billed_charge":305.00,"npi":[1396280756]},{"billed_charge":380.00,"npi":[1396280756]},{"billed_charge":458.00,"npi":[1396280756]},{"billed_charge":788.00,"npi":[1396280756]}]},{"allowed_amount":0.00,"billing_code_modifier":[""],"providers":[{"billed_charge":111.00,"npi":[1396280756]},{"billed_charge":186.00,"npi":[1396280756]},{"billed_charge":249.00,"npi":[1396280756]},{"billed_charge":297.00,"npi":[1396280756]},{"billed_charge":305.00,"npi":[1396280756]},{"billed_charge":380.00,"npi":[1396280756]},{"billed_charge":458.00,"npi":[1396280756]},{"billed_charge":788.00,"npi":[1396280756]}]},{"allowed_amount":0.00,"billing_code_modifier":[""],"providers":[{"billed_charge":111.00,"npi":[1396280756]},{"billed_charge":186.00,"npi":[1396280756]},{"billed_charge":249.00,"npi":[1396280756]},{"billed_charge":297.00,"npi":[1396280756]},{"billed_charge":305.00,"npi":[1396280756]},{"billed_charge":380.00,"npi":[1396280756]},{"billed_charge":458.00,"npi":[1396280756]},{"billed_charge":788.00,"npi":[1396280756]}]},{"allowed_amount":0.00,"billing_code_modifier":[""],"providers":[{"billed_charge":111.00,"npi":[1396280756]},{"billed_charge":186.00,"npi":[1396280756]},{"billed_charge":249.00,"npi":[1396280756]},{"billed_charge":297.00,"npi":[1396280756]},{"billed_charge":305.00,"npi":[1396280756]},{"billed_charge":380.00,"npi":[1396280756]},{"billed_charge":458.00,"npi":[1396280756]},{"billed_charge":788.00,"npi":[1396280756]}]},{"allowed_amount":0.00,"billing_code_modifier":[""],"providers":[{"billed_charge":111.00,"npi":[1396280756]},{"billed_charge":186.00,"npi":[1396280756]},{"billed_charge":249.00,"npi":[1396280756]},{"billed_charge":297.00,"npi":[1396280756]},{"billed_charge":305.00,"npi":[1396280756]},{"billed_charge":380.00,"npi":[1396280756]},{"billed_charge":458.00,"npi":[1396280756]},{"billed_charge":788.00,"npi":[1396280756]}]},{"allowed_amount":0.00,"billing_code_modifier":[""],"providers":[{"billed_charge":111.00,"npi":[1396280756]},{"billed_charge":186.00,"npi":[1396280756]},{"billed_charge":249.00,"npi":[1396280756]},{"billed_charge":297.00,"npi":[1396280756]},{"billed_charge":305.00,"npi":[1396280756]},{"billed_charge":380.00,"npi":[1396280756]},{"billed_charge":458.00,"npi":[1396280756]},{"billed_charge":788.00,"npi":[1396280756]}]},{"allowed_amount":0.00,"billing_code_modifier":[""],"providers":[{"billed_charge":111.00,"npi":[1396280756]},{"billed_charge":186.00,"npi":[1396280756]},{"billed_charge":249.00,"npi":[1396280756]},{"billed_charge":297.00,"npi":[1396280756]},{"billed_charge":305.00,"npi":[1396280756]},{"billed_charge":380.00,"npi":[1396280756]},{"billed_charge":458.00,"npi":[1396280756]},{"billed_charge":788.00,"npi":[1396280756]}]}]},{"tin":{"type":"ein","value":"813334196"},"service_code":["23"],"billing_class":"institutional","payments":[{"allowed_amount":0.00,"billing_code_modifier":[""],"providers":[{"billed_charge":1500.00,"npi":[1013499383]}]}]},{"tin":{"type":"ein","value":"815038663"},"service_code":["23"],"billing_class":"institutional","payments":[{"allowed_amount":0.00,"billing_code_modifier":[""],"providers":[{"billed_charge":101.34,"npi":[1821565961]},{"billed_charge":123.28,"npi":[1821565961]},{"billed_charge":143.36,"npi":[1821565961]},{"billed_charge":227.71,"npi":[1821565961]},{"billed_charge":397.79,"npi":[1821565961]},{"billed_charge":430.05,"npi":[1821565961]}]},{"allowed_amount":0.00,"billing_code_modifier":[""],"providers":[{"billed_charge":101.34,"npi":[1821565961]},{"billed_charge":123.28,"npi":[1821565961]},{"billed_charge":143.36,"npi":[1821565961]},{"billed_charge":227.71,"npi":[1821565961]},{"billed_charge":397.79,"npi":[1821565961]},{"billed_charge":430.05,"npi":[1821565961]}]},{"allowed_amount":0.00,"billing_code_modifier":[""],"providers":[{"billed_charge":101.34,"npi":[1821565961]},{"billed_charge":123.28,"npi":[1821565961]},{"billed_charge":143.36,"npi":[1821565961]},{"billed_charge":227.71,"npi":[1821565961]},{"billed_charge":397.79,"npi":[1821565961]},{"billed_charge":430.05,"npi":[1821565961]}]},{"allowed_amount":0.00,"billing_code_modifier":[""],"providers":[{"billed_charge":101.34,"npi":[1821565961]},{"billed_charge":123.28,"npi":[1821565961]},{"billed_charge":143.36,"npi":[1821565961]},{"billed_charge":227.71,"npi":[1821565961]},{"billed_charge":397.79,"npi":[1821565961]},{"billed_charge":430.05,"npi":[1821565961]}]},{"allowed_amount":0.00,"billing_code_modifier":[""],"providers":[{"billed_charge":101.34,"npi":[1821565961]},{"billed_charge":123.28,"npi":[1821565961]},{"billed_charge":143.36,"npi":[1821565961]},{"billed_charge":227.71,"npi":[1821565961]},{"billed_charge":397.79,"npi":[1821565961]},{"billed_charge":430.05,"npi":[1821565961]}]},{"allowed_amount":0.00,"billing_code_modifier":[""],"providers":[{"billed_charge":101.34,"npi":[1821565961]},{"billed_charge":123.28,"npi":[1821565961]},{"billed_charge":143.36,"npi":[1821565961]},{"billed_charge":227.71,"npi":[1821565961]},{"billed_charge":397.79,"npi":[1821565961]},{"billed_charge":430.05,"npi":[1821565961]}]}]},{"tin":{"type":"ein","value":"815038663"},"service_code":["23"],"billing_class":"institutional","payments":[{"allowed_amount":0.00,"billing_code_modifier":[""],"providers":[{"billed_charge":101.34,"npi":[1821565961]},{"billed_charge":123.28,"npi":[1821565961]},{"billed_charge":143.36,"npi":[1821565961]},{"billed_charge":227.71,"npi":[1821565961]},{"billed_charge":397.79,"npi":[1821565961]},{"billed_charge":430.05,"npi":[1821565961]}]},{"allowed_amount":0.00,"billing_code_modifier":[""],"providers":[{"billed_charge":101.34,"npi":[1821565961]},{"billed_charge":123.28,"npi":[1821565961]},{"billed_charge":143.36,"npi":[1821565961]},{"billed_charge":227.71,"npi":[1821565961]},{"billed_charge":397.79,"npi":[1821565961]},{"billed_charge":430.05,"npi":[1821565961]}]},{"allowed_amount":0.00,"billing_code_modifier":[""],"providers":[{"billed_charge":101.34,"npi":[1821565961]},{"billed_charge":123.28,"npi":[1821565961]},{"billed_charge":143.36,"npi":[1821565961]},{"billed_charge":227.71,"npi":[1821565961]},{"billed_charge":397.79,"npi":[1821565961]},{"billed_charge":430.05,"npi":[1821565961]}]},{"allowed_amount":0.00,"billing_code_modifier":[""],"providers":[{"billed_charge":101.34,"npi":[1821565961]},{"billed_charge":123.28,"npi":[1821565961]},{"billed_charge":143.36,"npi":[1821565961]},{"billed_charge":227.71,"npi":[1821565961]},{"billed_charge":397.79,"npi":[1821565961]},{"billed_charge":430.05,"npi":[1821565961]}]},{"allowed_amount":0.00,"billing_code_modifier":[""],"providers":[{"billed_charge":101.34,"npi":[1821565961]},{"billed_charge":123.28,"npi":[1821565961]},{"billed_charge":143.36,"npi":[1821565961]},{"billed_charge":227.71,"npi":[1821565961]},{"billed_charge":397.79,"npi":[1821565961]},{"billed_charge":430.05,"npi":[1821565961]}]},{"allowed_amount":0.00,"billing_code_modifier":[""],"providers":[{"billed_charge":101.34,"npi":[1821565961]},{"billed_charge":123.28,"npi":[1821565961]},{"billed_charge":143.36,"npi":[1821565961]},{"billed_charge":227.71,"npi":[1821565961]},{"billed_charge":397.79,"npi":[1821565961]},{"billed_charge":430.05,"npi":[1821565961]}]}]},{"tin":{"type":"ein","value":"815038663"},"service_code":["23"],"billing_class":"institutional","payments":[{"allowed_amount":0.00,"billing_code_modifier":[""],"providers":[{"billed_charge":101.34,"npi":[1821565961]},{"billed_charge":123.28,"npi":[1821565961]},{"billed_charge":143.36,"npi":[1821565961]},{"billed_charge":227.71,"npi":[1821565961]},{"billed_charge":397.79,"npi":[1821565961]},{"billed_charge":430.05,"npi":[1821565961]}]},{"allowed_amount":0.00,"billing_code_modifier":[""],"providers":[{"billed_charge":101.34,"npi":[1821565961]},{"billed_charge":123.28,"npi":[1821565961]},{"billed_charge":143.36,"npi":[1821565961]},{"billed_charge":227.71,"npi":[1821565961]},{"billed_charge":397.79,"npi":[1821565961]},{"billed_charge":430.05,"npi":[1821565961]}]},{"allowed_amount":0.00,"billing_code_modifier":[""],"providers":[{"billed_charge":101.34,"npi":[1821565961]},{"billed_charge":123.28,"npi":[1821565961]},{"billed_charge":143.36,"npi":[1821565961]},{"billed_charge":227.71,"npi":[1821565961]},{"billed_charge":397.79,"npi":[1821565961]},{"billed_charge":430.05,"npi":[1821565961]}]},{"allowed_amount":0.00,"billing_code_modifier":[""],"providers":[{"billed_charge":101.34,"npi":[1821565961]},{"billed_charge":123.28,"npi":[1821565961]},{"billed_charge":143.36,"npi":[1821565961]},{"billed_charge":227.71,"npi":[1821565961]},{"billed_charge":397.79,"npi":[1821565961]},{"billed_charge":430.05,"npi":[1821565961]}]},{"allowed_amount":0.00,"billing_code_modifier":[""],"providers":[{"billed_charge":101.34,"npi":[1821565961]},{"billed_charge":123.28,"npi":[1821565961]},{"billed_charge":143.36,"npi":[1821565961]},{"billed_charge":227.71,"npi":[1821565961]},{"billed_charge":397.79,"npi":[1821565961]},{"billed_charge":430.05,"npi":[1821565961]}]},{"allowed_amount":0.00,"billing_code_modifier":[""],"providers":[{"billed_charge":101.34,"npi":[1821565961]},{"billed_charge":123.28,"npi":[1821565961]},{"billed_charge":143.36,"npi":[1821565961]},{"billed_charge":227.71,"npi":[1821565961]},{"billed_charge":397.79,"npi":[1821565961]},{"billed_charge":430.05,"npi":[1821565961]}]}]},{"tin":{"type":"ein","value":"815038663"},"service_code":["23"],"billing_class":"institutional","payments":[{"allowed_amount":0.00,"billing_code_modifier":[""],"providers":[{"billed_charge":101.34,"npi":[1821565961]},{"billed_charge":123.28,"npi":[1821565961]},{"billed_charge":143.36,"npi":[1821565961]},{"billed_charge":227.71,"npi":[1821565961]},{"billed_charge":397.79,"npi":[1821565961]},{"billed_charge":430.05,"npi":[1821565961]}]},{"allowed_amount":0.00,"billing_code_modifier":[""],"providers":[{"billed_charge":101.34,"npi":[1821565961]},{"billed_charge":123.28,"npi":[1821565961]},{"billed_charge":143.36,"npi":[1821565961]},{"billed_charge":227.71,"npi":[1821565961]},{"billed_charge":397.79,"npi":[1821565961]},{"billed_charge":430.05,"npi":[1821565961]}]},{"allowed_amount":0.00,"billing_code_modifier":[""],"providers":[{"billed_charge":101.34,"npi":[1821565961]},{"billed_charge":123.28,"npi":[1821565961]},{"billed_charge":143.36,"npi":[1821565961]},{"billed_charge":227.71,"npi":[1821565961]},{"billed_charge":397.79,"npi":[1821565961]},{"billed_charge":430.05,"npi":[1821565961]}]},{"allowed_amount":0.00,"billing_code_modifier":[""],"providers":[{"billed_charge":101.34,"npi":[1821565961]},{"billed_charge":123.28,"npi":[1821565961]},{"billed_charge":143.36,"npi":[1821565961]},{"billed_charge":227.71,"npi":[1821565961]},{"billed_charge":397.79,"npi":[1821565961]},{"billed_charge":430.05,"npi":[1821565961]}]},{"allowed_amount":0.00,"billing_code_modifier":[""],"providers":[{"billed_charge":101.34,"npi":[1821565961]},{"billed_charge":123.28,"npi":[1821565961]},{"billed_charge":143.36,"npi":[1821565961]},{"billed_charge":227.71,"npi":[1821565961]},{"billed_charge":397.79,"npi":[1821565961]},{"billed_charge":430.05,"npi":[1821565961]}]},{"allowed_amount":0.00,"billing_code_modifier":[""],"providers":[{"billed_charge":101.34,"npi":[1821565961]},{"billed_charge":123.28,"npi":[1821565961]},{"billed_charge":143.36,"npi":[1821565961]},{"billed_charge":227.71,"npi":[1821565961]},{"billed_charge":397.79,"npi":[1821565961]},{"billed_charge":430.05,"npi":[1821565961]}]}]},{"tin":{"type":"ein","value":"815038663"},"service_code":["23"],"billing_class":"institutional","payments":[{"allowed_amount":0.00,"billing_code_modifier":[""],"providers":[{"billed_charge":101.34,"npi":[1821565961]},{"billed_charge":123.28,"npi":[1821565961]},{"billed_charge":143.36,"npi":[1821565961]},{"billed_charge":227.71,"npi":[1821565961]},{"billed_charge":397.79,"npi":[1821565961]},{"billed_charge":430.05,"npi":[1821565961]}]},{"allowed_amount":0.00,"billing_code_modifier":[""],"providers":[{"billed_charge":101.34,"npi":[1821565961]},{"billed_charge":123.28,"npi":[1821565961]},{"billed_charge":143.36,"npi":[1821565961]},{"billed_charge":227.71,"npi":[1821565961]},{"billed_charge":397.79,"npi":[1821565961]},{"billed_charge":430.05,"npi":[1821565961]}]},{"allowed_amount":0.00,"billing_code_modifier":[""],"providers":[{"billed_charge":101.34,"npi":[1821565961]},{"billed_charge":123.28,"npi":[1821565961]},{"billed_charge":143.36,"npi":[1821565961]},{"billed_charge":227.71,"npi":[1821565961]},{"billed_charge":397.79,"npi":[1821565961]},{"billed_charge":430.05,"npi":[1821565961]}]},{"allowed_amount":0.00,"billing_code_modifier":[""],"providers":[{"billed_charge":101.34,"npi":[1821565961]},{"billed_charge":123.28,"npi":[1821565961]},{"billed_charge":143.36,"npi":[1821565961]},{"billed_charge":227.71,"npi":[1821565961]},{"billed_charge":397.79,"npi":[1821565961]},{"billed_charge":430.05,"npi":[1821565961]}]},{"allowed_amount":0.00,"billing_code_modifier":[""],"providers":[{"billed_charge":101.34,"npi":[1821565961]},{"billed_charge":123.28,"npi":[1821565961]},{"billed_charge":143.36,"npi":[1821565961]},{"billed_charge":227.71,"npi":[1821565961]},{"billed_charge":397.79,"npi":[1821565961]},{"billed_charge":430.05,"npi":[1821565961]}]},{"allowed_amount":0.00,"billing_code_modifier":[""],"providers":[{"billed_charge":101.34,"npi":[1821565961]},{"billed_charge":123.28,"npi":[1821565961]},{"billed_charge":143.36,"npi":[1821565961]},{"billed_charge":227.71,"npi":[1821565961]},{"billed_charge":397.79,"npi":[1821565961]},{"billed_charge":430.05,"npi":[1821565961]}]}]},{"tin":{"type":"ein","value":"815038663"},"service_code":["23"],"billing_class":"institutional","payments":[{"allowed_amount":0.00,"billing_code_modifier":[""],"providers":[{"billed_charge":101.34,"npi":[1821565961]},{"billed_charge":123.28,"npi":[1821565961]},{"billed_charge":143.36,"npi":[1821565961]},{"billed_charge":227.71,"npi":[1821565961]},{"billed_charge":397.79,"npi":[1821565961]},{"billed_charge":430.05,"npi":[1821565961]}]},{"allowed_amount":0.00,"billing_code_modifier":[""],"providers":[{"billed_charge":101.34,"npi":[1821565961]},{"billed_charge":123.28,"npi":[1821565961]},{"billed_charge":143.36,"npi":[1821565961]},{"billed_charge":227.71,"npi":[1821565961]},{"billed_charge":397.79,"npi":[1821565961]},{"billed_charge":430.05,"npi":[1821565961]}]},{"allowed_amount":0.00,"billing_code_modifier":[""],"providers":[{"billed_charge":101.34,"npi":[1821565961]},{"billed_charge":123.28,"npi":[1821565961]},{"billed_charge":143.36,"npi":[1821565961]},{"billed_charge":227.71,"npi":[1821565961]},{"billed_charge":397.79,"npi":[1821565961]},{"billed_charge":430.05,"npi":[1821565961]}]},{"allowed_amount":0.00,"billing_code_modifier":[""],"providers":[{"billed_charge":101.34,"npi":[1821565961]},{"billed_charge":123.28,"npi":[1821565961]},{"billed_charge":143.36,"npi":[1821565961]},{"billed_charge":227.71,"npi":[1821565961]},{"billed_charge":397.79,"npi":[1821565961]},{"billed_charge":430.05,"npi":[1821565961]}]},{"allowed_amount":0.00,"billing_code_modifier":[""],"providers":[{"billed_charge":101.34,"npi":[1821565961]},{"billed_charge":123.28,"npi":[1821565961]},{"billed_charge":143.36,"npi":[1821565961]},{"billed_charge":227.71,"npi":[1821565961]},{"billed_charge":397.79,"npi":[1821565961]},{"billed_charge":430.05,"npi":[1821565961]}]},{"allowed_amount":0.00,"billing_code_modifier":[""],"providers":[{"billed_charge":101.34,"npi":[1821565961]},{"billed_charge":123.28,"npi":[1821565961]},{"billed_charge":143.36,"npi":[1821565961]},{"billed_charge":227.71,"npi":[1821565961]},{"billed_charge":397.79,"npi":[1821565961]},{"billed_charge":430.05,"npi":[1821565961]}]}]},{"tin":{"type":"ein","value":"843475920"},"service_code":["23"],"billing_class":"institutional","payments":[{"allowed_amount":0.00,"billing_code_modifier":[""],"providers":[{"billed_charge":70.00,"npi":[1063051159]},{"billed_charge":100.00,"npi":[1063051159]},{"billed_charge":111.00,"npi":[1063051159]}]},{"allowed_amount":0.00,"billing_code_modifier":[""],"providers":[{"billed_charge":70.00,"npi":[1063051159]},{"billed_charge":100.00,"npi":[1063051159]},{"billed_charge":111.00,"npi":[1063051159]}]},{"allowed_amount":0.00,"billing_code_modifier":[""],"providers":[{"billed_charge":70.00,"npi":[1063051159]},{"billed_charge":100.00,"npi":[1063051159]},{"billed_charge":111.00,"npi":[1063051159]}]}]},{"tin":{"type":"ein","value":"843475920"},"service_code":["23"],"billing_class":"institutional","payments":[{"allowed_amount":0.00,"billing_code_modifier":[""],"providers":[{"billed_charge":70.00,"npi":[1063051159]},{"billed_charge":100.00,"npi":[1063051159]},{"billed_charge":111.00,"npi":[1063051159]}]},{"allowed_amount":0.00,"billing_code_modifier":[""],"providers":[{"billed_charge":70.00,"npi":[1063051159]},{"billed_charge":100.00,"npi":[1063051159]},{"billed_charge":111.00,"npi":[1063051159]}]},{"allowed_amount":0.00,"billing_code_modifier":[""],"providers":[{"billed_charge":70.00,"npi":[1063051159]},{"billed_charge":100.00,"npi":[1063051159]},{"billed_charge":111.00,"npi":[1063051159]}]}]},{"tin":{"type":"ein","value":"843475920"},"service_code":["23"],"billing_class":"institutional","payments":[{"allowed_amount":0.00,"billing_code_modifier":[""],"providers":[{"billed_charge":70.00,"npi":[1063051159]},{"billed_charge":100.00,"npi":[1063051159]},{"billed_charge":111.00,"npi":[1063051159]}]},{"allowed_amount":0.00,"billing_code_modifier":[""],"providers":[{"billed_charge":70.00,"npi":[1063051159]},{"billed_charge":100.00,"npi":[1063051159]},{"billed_charge":111.00,"npi":[1063051159]}]},{"allowed_amount":0.00,"billing_code_modifier":[""],"providers":[{"billed_charge":70.00,"npi":[1063051159]},{"billed_charge":100.00,"npi":[1063051159]},{"billed_charge":111.00,"npi":[1063051159]}]}]},{"tin":{"type":"ein","value":"884062444"},"service_code":["23"],"billing_class":"institutional","payments":[{"allowed_amount":0.00,"billing_code_modifier":[""],"providers":[{"billed_charge":15.75,"npi":[1942921929]},{"billed_charge":45.90,"npi":[1942921929]},{"billed_charge":137.70,"npi":[1942921929]}]},{"allowed_amount":0.00,"billing_code_modifier":[""],"providers":[{"billed_charge":15.75,"npi":[1942921929]},{"billed_charge":45.90,"npi":[1942921929]},{"billed_charge":137.70,"npi":[1942921929]}]},{"allowed_amount":0.00,"billing_code_modifier":[""],"providers":[{"billed_charge":15.75,"npi":[1942921929]},{"billed_charge":45.90,"npi":[1942921929]},{"billed_charge":137.70,"npi":[1942921929]}]}]},{"tin":{"type":"ein","value":"884062444"},"service_code":["23"],"billing_class":"institutional","payments":[{"allowed_amount":0.00,"billing_code_modifier":[""],"providers":[{"billed_charge":15.75,"npi":[1942921929]},{"billed_charge":45.90,"npi":[1942921929]},{"billed_charge":137.70,"npi":[1942921929]}]},{"allowed_amount":0.00,"billing_code_modifier":[""],"providers":[{"billed_charge":15.75,"npi":[1942921929]},{"billed_charge":45.90,"npi":[1942921929]},{"billed_charge":137.70,"npi":[1942921929]}]},{"allowed_amount":0.00,"billing_code_modifier":[""],"providers":[{"billed_charge":15.75,"npi":[1942921929]},{"billed_charge":45.90,"npi":[1942921929]},{"billed_charge":137.70,"npi":[1942921929]}]}]},{"tin":{"type":"ein","value":"884062444"},"service_code":["23"],"billing_class":"institutional","payments":[{"allowed_amount":0.00,"billing_code_modifier":[""],"providers":[{"billed_charge":15.75,"npi":[1942921929]},{"billed_charge":45.90,"npi":[1942921929]},{"billed_charge":137.70,"npi":[1942921929]}]},{"allowed_amount":0.00,"billing_code_modifier":[""],"providers":[{"billed_charge":15.75,"npi":[1942921929]},{"billed_charge":45.90,"npi":[1942921929]},{"billed_charge":137.70,"npi":[1942921929]}]},{"allowed_amount":0.00,"billing_code_modifier":[""],"providers":[{"billed_charge":15.75,"npi":[1942921929]},{"billed_charge":45.90,"npi":[1942921929]},{"billed_charge":137.70,"npi":[1942921929]}]}]},{"tin":{"type":"ein","value":"922631837"},"service_code":["23"],"billing_class":"institutional","payments":[{"allowed_amount":0.00,"billing_code_modifier":[""],"providers":[{"billed_charge":2031.23,"npi":[1457047664]}]}]}]},{"name":"LACTATION CLASS","billing_code_type":"HCPCS","billing_code_type_version":"HCPCS LEVEL II 2021","billing_code":"S9443","description":"LACTATION CLASS","allowed_amounts":[{"tin":{"type":"ein","value":"850867370"},"service_code":["02"],"billing_class":"professional","payments":[{"allowed_amount":35.33,"billing_code_modifier":[""],"providers":[{"billed_charge":300.00,"npi":[1104414697,1235904855,1790306819,1790467686,1912489337,1972198216]}]}]}]},{"name":"PSYCHOTHERAPY W\/PATIENT 45 MINUTES","billing_code_type":"CPT","billing_code_type_version":"2020","billing_code":"90834","description":"PSYCHOTHERAPY W\/PATIENT 45 MINUTES","allowed_amounts":[{"tin":{"type":"ein","value":"061792285"},"service_code":["11"],"billing_class":"professional","payments":[{"allowed_amount":152.27,"billing_code_modifier":[""],"providers":[{"billed_charge":210.00,"npi":[1790901445]}]}]},{"tin":{"type":"ein","value":"271579958"},"service_code":["11"],"billing_class":"professional","payments":[{"allowed_amount":152.27,"billing_code_modifier":[""],"providers":[{"billed_charge":200.00,"npi":[1043892870]}]}]},{"tin":{"type":"ein","value":"831864620"},"service_code":["11"],"billing_class":"professional","payments":[{"allowed_amount":152.27,"billing_code_modifier":[""],"providers":[{"billed_charge":250.00,"npi":[1215685631,1629681689,1720703705,1811532385]}]}]}]},{"name":"PSYCHOTHERAPY W\/PATIENT 60 MINUTES","billing_code_type":"CPT","billing_code_type_version":"2020","billing_code":"90837","description":"PSYCHOTHERAPY W\/PATIENT 60 MINUTES","allowed_amounts":[{"tin":{"type":"ein","value":"923627673"},"service_code":["02"],"billing_class":"professional","payments":[{"allowed_amount":111.94,"billing_code_modifier":[""],"providers":[{"billed_charge":114.75,"npi":[1609302678,1841970670]},{"billed_charge":225.00,"npi":[1609302678,1841970670]}]},{"allowed_amount":111.94,"billing_code_modifier":[""],"providers":[{"billed_charge":114.75,"npi":[1609302678,1841970670]},{"billed_charge":225.00,"npi":[1609302678,1841970670]}]}]},{"tin":{"type":"ein","value":"923627673"},"service_code":["02"],"billing_class":"professional","payments":[{"allowed_amount":111.94,"billing_code_modifier":[""],"providers":[{"billed_charge":114.75,"npi":[1609302678,1841970670]},{"billed_charge":225.00,"npi":[1609302678,1841970670]}]},{"allowed_amount":111.94,"billing_code_modifier":[""],"providers":[{"billed_charge":114.75,"npi":[1609302678,1841970670]},{"billed_charge":225.00,"npi":[1609302678,1841970670]}]}]}]}]}
