{"reporting_entity_name": "IEC Group_DBA AmeriBen",
	"reporting_entity_type": "Third Party Administrator",
	"plan_name": "LOGAN ALUMINUM INC",
	"plan_id_type": "ein",
	"plan_id": "611064243",
	"plan_market_type": "group",
	"last_updated_on": "2022-06-28","Version": "1.0.0","out_of_network":[{"name":"DRUGS REQUIRE SPECIFIC ID: DRUGS REQUIRING DETAIL","billing_code_type":"RC","billing_code_type_version":"UB04","billing_code":"0636","description":"DRUGS REQUIRE SPECIFIC ID: DRUGS REQUIRING DETAIL","allowed_amounts":[{"tin":{"type":"ein","value":"620850498"},"service_code":["65"],"billing_class":"institutional","payments":[{"allowed_amount":4.15,"billing_code_modifier":[""],"providers":[{"billed_charge":50.64,"npi":[1659304038,1831169069]}]}]},{"tin":{"type":"ein","value":"620850498"},"service_code":["65"],"billing_class":"institutional","payments":[{"allowed_amount":4.19,"billing_code_modifier":[""],"providers":[{"billed_charge":50.64,"npi":[1659304038,1831169069]}]}]},{"tin":{"type":"ein","value":"620850498"},"service_code":["65"],"billing_class":"institutional","payments":[{"allowed_amount":4.50,"billing_code_modifier":[""],"providers":[{"billed_charge":50.64,"npi":[1659304038,1831169069]}]}]},{"tin":{"type":"ein","value":"620850498"},"service_code":["65"],"billing_class":"institutional","payments":[{"allowed_amount":59.60,"billing_code_modifier":[""],"providers":[{"billed_charge":670.98,"npi":[1659304038,1831169069]}]}]},{"tin":{"type":"ein","value":"620850498"},"service_code":["65"],"billing_class":"institutional","payments":[{"allowed_amount":73.31,"billing_code_modifier":[""],"providers":[{"billed_charge":894.64,"npi":[1659304038,1831169069]}]}]},{"tin":{"type":"ein","value":"620850498"},"service_code":["65"],"billing_class":"institutional","payments":[{"allowed_amount":74.05,"billing_code_modifier":[""],"providers":[{"billed_charge":894.64,"npi":[1659304038,1831169069]}]}]}]},{"name":"HEMO OPD\/HOME: HEMODIALYSIS COMP OR OTHER RATE","billing_code_type":"RC","billing_code_type_version":"UB04","billing_code":"0821","description":"HEMO OPD\/HOME: HEMODIALYSIS COMP OR OTHER RATE","allowed_amounts":[{"tin":{"type":"ein","value":"620850498"},"service_code":["65"],"billing_class":"institutional","payments":[{"allowed_amount":202.40,"billing_code_modifier":[""],"providers":[{"billed_charge":2470.00,"npi":[1659304038,1831169069]}]}]},{"tin":{"type":"ein","value":"620850498"},"service_code":["65"],"billing_class":"institutional","payments":[{"allowed_amount":204.42,"billing_code_modifier":[""],"providers":[{"billed_charge":2470.00,"npi":[1659304038,1831169069]}]}]},{"tin":{"type":"ein","value":"620850498"},"service_code":["65"],"billing_class":"institutional","payments":[{"allowed_amount":219.41,"billing_code_modifier":[""],"providers":[{"billed_charge":2470.00,"npi":[1659304038,1831169069]}]}]}]},{"name":"MEDICAL\/SURGICAL SUPPLIES","billing_code_type":"RC","billing_code_type_version":"UB04","billing_code":"0270","description":"MEDICAL\/SURGICAL SUPPLIES","allowed_amounts":[{"tin":{"type":"ein","value":"620850498"},"service_code":["65"],"billing_class":"institutional","payments":[{"allowed_amount":3.92,"billing_code_modifier":[""],"providers":[{"billed_charge":47.88,"npi":[1659304038,1831169069]}]}]},{"tin":{"type":"ein","value":"620850498"},"service_code":["65"],"billing_class":"institutional","payments":[{"allowed_amount":3.96,"billing_code_modifier":[""],"providers":[{"billed_charge":47.88,"npi":[1659304038,1831169069]}]}]},{"tin":{"type":"ein","value":"620850498"},"service_code":["65"],"billing_class":"institutional","payments":[{"allowed_amount":4.25,"billing_code_modifier":[""],"providers":[{"billed_charge":47.88,"npi":[1659304038,1831169069]}]}]}]}]}
