{"reporting_entity_name": "IEC Group_DBA AmeriBen",
	"reporting_entity_type": "Third Party Administrator",
	"plan_name": "CONFLUENT HEALTH",
	"plan_id_type": "ein",
	"plan_id": "471584422",
	"plan_market_type": "group",
	"last_updated_on": "2023-04-03","Version": "1.0.0","out_of_network":[{"name":"IADNA NOS AMPLIFIED PROBE TQ EACH ORGANISM","billing_code_type":"CPT","billing_code_type_version":"2020","billing_code":"87798","description":"IADNA NOS AMPLIFIED PROBE TQ EACH ORGANISM","allowed_amounts":[{"tin":{"type":"ein","value":"261454419"},"service_code":["81"],"billing_class":"professional","payments":[{"allowed_amount":22.81,"billing_code_modifier":[""],"providers":[{"billed_charge":40.00,"npi":[1073776860,1528637022]}]}]},{"tin":{"type":"ein","value":"473208084"},"service_code":["81"],"billing_class":"professional","payments":[{"allowed_amount":22.81,"billing_code_modifier":[""],"providers":[{"billed_charge":55.00,"npi":[1053388504,1811379001]}]}]}]},{"name":"SPEC CLCT FOR SARS-COV-2 COVID-19 ANY SPEC SRC","billing_code_type":"HCPCS","billing_code_type_version":"HCPCS LEVEL II 2021","billing_code":"G2023","description":"SPEC CLCT FOR SARS-COV-2 COVID-19 ANY SPEC SRC","allowed_amounts":[{"tin":{"type":"ein","value":"262911443"},"service_code":["81"],"billing_class":"professional","payments":[{"allowed_amount":23.46,"billing_code_modifier":[""],"providers":[{"billed_charge":30.00,"npi":[1184861353,1679503577]}]}]},{"tin":{"type":"ein","value":"361924025"},"service_code":["21","81"],"billing_class":"professional","payments":[{"allowed_amount":23.46,"billing_code_modifier":[""],"providers":[{"billed_charge":28.99,"npi":[1154613768,1255536215,1295742203,1568477719,1760497911,1770598906,1780699934]}]}]},{"tin":{"type":"ein","value":"850602662"},"service_code":["81"],"billing_class":"professional","payments":[{"allowed_amount":23.46,"billing_code_modifier":[""],"providers":[{"billed_charge":23.46,"npi":[1184883993,1881215622]}]}]}]}]}
