{"reporting_entity_name": "IEC Group_DBA AmeriBen",
	"reporting_entity_type": "Third Party Administrator",
	"plan_name": "MARICOPA USD #20",
	"plan_id_type": "ein",
	"plan_id": "521671314",
	"plan_market_type": "group",
	"last_updated_on": "2024-01-01","Version": "1.0.0","out_of_network":[{"name":"EMERGENCY DEPARTMENT VISIT LOW MDM","billing_code_type":"CPT","billing_code_type_version":"2020","billing_code":"99283","description":"EMERGENCY DEPARTMENT VISIT LOW MDM","allowed_amounts":[{"tin":{"type":"ein","value":"823394691"},"service_code":["23"],"billing_class":"professional","payments":[{"allowed_amount":133.98,"billing_code_modifier":[""],"providers":[{"billed_charge":1395.26,"npi":[1578875811,1689170813]}]}]},{"tin":{"type":"ein","value":"873768007"},"service_code":["23"],"billing_class":"professional","payments":[{"allowed_amount":133.98,"billing_code_modifier":[""],"providers":[{"billed_charge":1932.00,"npi":[1043521313,1447910229,1508007477,1588669402,1841723202,1922259001,1932190683]}]}]}]}]}
