{"reporting_entity_name": "IEC Group_DBA AmeriBen",
	"reporting_entity_type": "Third Party Administrator",
	"plan_name": "NEVADA GOLD MINES LLC",
	"plan_id_type": "ein",
	"plan_id": "834447381",
	"plan_market_type": "group",
	"last_updated_on": "2025-03-01","Version": "1.0.0","out_of_network":[{"name":"25 HYDROXY INCLUDES FRACTIONS IF PERFORMED","billing_code_type":"CPT","billing_code_type_version":"2020","billing_code":"82306","description":"25 HYDROXY INCLUDES FRACTIONS IF PERFORMED","allowed_amounts":[{"tin":{"type":"ein","value":"571207559"},"service_code":["11"],"billing_class":"professional","payments":[{"allowed_amount":0.00,"billing_code_modifier":[""],"providers":[{"billed_charge":298.00,"npi":[1740531466,1770981839,1780961102]}]}]},{"tin":{"type":"ein","value":"840611484"},"service_code":["81"],"billing_class":"professional","payments":[{"allowed_amount":0.00,"billing_code_modifier":[""],"providers":[{"billed_charge":306.60,"npi":[1568961514,1740262880,1952924011]}]}]},{"tin":{"type":"ein","value":"840611484"},"service_code":["81"],"billing_class":"professional","payments":[{"allowed_amount":14.26,"billing_code_modifier":[""],"providers":[{"billed_charge":306.60,"npi":[1568961514,1740262880]}]}]},{"tin":{"type":"ein","value":"951750445"},"service_code":["81"],"billing_class":"professional","payments":[{"allowed_amount":14.26,"billing_code_modifier":[""],"providers":[{"billed_charge":155.00,"npi":[1760682058,1891873303]}]}]}]},{"name":"ASSAY OF FERRITIN","billing_code_type":"CPT","billing_code_type_version":"2020","billing_code":"82728","description":"ASSAY OF FERRITIN","allowed_amounts":[{"tin":{"type":"ein","value":"840611484"},"service_code":["81"],"billing_class":"professional","payments":[{"allowed_amount":5.72,"billing_code_modifier":[""],"providers":[{"billed_charge":89.25,"npi":[1568961514,1740262880]}]}]},{"tin":{"type":"ein","value":"951750445"},"service_code":["81"],"billing_class":"professional","payments":[{"allowed_amount":5.72,"billing_code_modifier":[""],"providers":[{"billed_charge":71.00,"npi":[1053602946,1396287082]}]}]}]},{"name":"ASSAY OF IRON","billing_code_type":"CPT","billing_code_type_version":"2020","billing_code":"83540","description":"ASSAY OF IRON","allowed_amounts":[{"tin":{"type":"ein","value":"840611484"},"service_code":["81"],"billing_class":"professional","payments":[{"allowed_amount":2.72,"billing_code_modifier":[""],"providers":[{"billed_charge":38.86,"npi":[1568961514,1740262880]}]}]},{"tin":{"type":"ein","value":"951750445"},"service_code":["81"],"billing_class":"professional","payments":[{"allowed_amount":2.72,"billing_code_modifier":[""],"providers":[{"billed_charge":34.00,"npi":[1053602946,1396287082]}]}]}]},{"name":"ASSAY OF THYROID STIMULATING HORMONE TSH","billing_code_type":"CPT","billing_code_type_version":"2020","billing_code":"84443","description":"ASSAY OF THYROID STIMULATING HORMONE TSH","allowed_amounts":[{"tin":{"type":"ein","value":"571207559"},"service_code":["11"],"billing_class":"professional","payments":[{"allowed_amount":0.00,"billing_code_modifier":[""],"providers":[{"billed_charge":164.00,"npi":[1740531466,1770981839,1780961102]}]}]},{"tin":{"type":"ein","value":"840611484"},"service_code":["81"],"billing_class":"professional","payments":[{"allowed_amount":0.00,"billing_code_modifier":[""],"providers":[{"billed_charge":109.20,"npi":[1275524779,1568961514,1740262880,1952924011]}]}]}]},{"name":"BLOOD COUNT COMPLETE AUTO&AUTO DIFRNTL WBC","billing_code_type":"CPT","billing_code_type_version":"2020","billing_code":"85025","description":"BLOOD COUNT COMPLETE AUTO&AUTO DIFRNTL WBC","allowed_amounts":[{"tin":{"type":"ein","value":"571207559"},"service_code":["11"],"billing_class":"professional","payments":[{"allowed_amount":0.00,"billing_code_modifier":[""],"providers":[{"billed_charge":44.00,"npi":[1659436038,1740531466,1770981839,1780961102]}]}]},{"tin":{"type":"ein","value":"840611484"},"service_code":["81"],"billing_class":"professional","payments":[{"allowed_amount":0.00,"billing_code_modifier":[""],"providers":[{"billed_charge":39.90,"npi":[1275524779,1568961514,1740262880,1952924011]}]}]},{"tin":{"type":"ein","value":"840611484"},"service_code":["81"],"billing_class":"professional","payments":[{"allowed_amount":3.75,"billing_code_modifier":[""],"providers":[{"billed_charge":39.90,"npi":[1275524779,1568961514,1740262880,1952924011]}]}]}]},{"name":"CCPD OPD\/HOME: CCPD COMP OR OTHER RATE","billing_code_type":"RC","billing_code_type_version":"UB04","billing_code":"0851","description":"CCPD OPD\/HOME: CCPD COMP OR OTHER RATE","allowed_amounts":[{"tin":{"type":"ein","value":"620850498"},"service_code":["65"],"billing_class":"institutional","payments":[{"allowed_amount":324.12,"billing_code_modifier":[""],"providers":[{"billed_charge":1260.00,"npi":[1467560292,1841223237]}]}]},{"tin":{"type":"ein","value":"620850498"},"service_code":["65"],"billing_class":"institutional","payments":[{"allowed_amount":325.21,"billing_code_modifier":[""],"providers":[{"billed_charge":1200.00,"npi":[1467560292,1841223237]}]}]},{"tin":{"type":"ein","value":"620850498"},"service_code":["65"],"billing_class":"institutional","payments":[{"allowed_amount":338.47,"billing_code_modifier":[""],"providers":[{"billed_charge":1200.00,"npi":[1467560292,1841223237]}]}]},{"tin":{"type":"ein","value":"620850498"},"service_code":["65"],"billing_class":"institutional","payments":[{"allowed_amount":340.97,"billing_code_modifier":[""],"providers":[{"billed_charge":1200.00,"npi":[1467560292,1841223237]}]}]},{"tin":{"type":"ein","value":"831522514"},"service_code":["65"],"billing_class":"institutional","payments":[{"allowed_amount":304.97,"billing_code_modifier":[""],"providers":[{"billed_charge":1200.00,"npi":[1902986987,1992284814]}]}]},{"tin":{"type":"ein","value":"831522514"},"service_code":["65"],"billing_class":"institutional","payments":[{"allowed_amount":306.19,"billing_code_modifier":[""],"providers":[{"billed_charge":1200.00,"npi":[1902986987,1992284814]}]}]},{"tin":{"type":"ein","value":"831522514"},"service_code":["65"],"billing_class":"institutional","payments":[{"allowed_amount":306.22,"billing_code_modifier":[""],"providers":[{"billed_charge":1260.00,"npi":[1902986987,1992284814]}]}]}]},{"name":"COLLECTION VENOUS BLOOD VENIPUNCTURE","billing_code_type":"CPT","billing_code_type_version":"2020","billing_code":"36415","description":"COLLECTION VENOUS BLOOD VENIPUNCTURE","allowed_amounts":[{"tin":{"type":"ein","value":"571207559"},"service_code":["11"],"billing_class":"professional","payments":[{"allowed_amount":4.26,"billing_code_modifier":[""],"providers":[{"billed_charge":25.00,"npi":[1659436038,1740531466,1770981839,1780961102]}]}]}]},{"name":"COMPREHENSIVE METABOLIC PANEL","billing_code_type":"CPT","billing_code_type_version":"2020","billing_code":"80053","description":"COMPREHENSIVE METABOLIC PANEL","allowed_amounts":[{"tin":{"type":"ein","value":"571207559"},"service_code":["11"],"billing_class":"professional","payments":[{"allowed_amount":0.00,"billing_code_modifier":[""],"providers":[{"billed_charge":63.00,"npi":[1659436038,1740531466,1770981839,1780961102]}]}]},{"tin":{"type":"ein","value":"840611484"},"service_code":["81"],"billing_class":"professional","payments":[{"allowed_amount":0.00,"billing_code_modifier":[""],"providers":[{"billed_charge":44.09,"npi":[1568961514,1740262880]},{"billed_charge":50.16,"npi":[1740262880,1952924011]},{"billed_charge":51.45,"npi":[1275524779,1568961514,1740262880]}]},{"allowed_amount":0.00,"billing_code_modifier":[""],"providers":[{"billed_charge":44.09,"npi":[1568961514,1740262880]},{"billed_charge":50.16,"npi":[1740262880,1952924011]},{"billed_charge":51.45,"npi":[1275524779,1568961514,1740262880]}]},{"allowed_amount":0.00,"billing_code_modifier":[""],"providers":[{"billed_charge":44.09,"npi":[1568961514,1740262880]},{"billed_charge":50.16,"npi":[1740262880,1952924011]},{"billed_charge":51.45,"npi":[1275524779,1568961514,1740262880]}]}]},{"tin":{"type":"ein","value":"840611484"},"service_code":["81"],"billing_class":"professional","payments":[{"allowed_amount":0.00,"billing_code_modifier":[""],"providers":[{"billed_charge":44.09,"npi":[1568961514,1740262880]},{"billed_charge":50.16,"npi":[1740262880,1952924011]},{"billed_charge":51.45,"npi":[1275524779,1568961514,1740262880]}]},{"allowed_amount":0.00,"billing_code_modifier":[""],"providers":[{"billed_charge":44.09,"npi":[1568961514,1740262880]},{"billed_charge":50.16,"npi":[1740262880,1952924011]},{"billed_charge":51.45,"npi":[1275524779,1568961514,1740262880]}]},{"allowed_amount":0.00,"billing_code_modifier":[""],"providers":[{"billed_charge":44.09,"npi":[1568961514,1740262880]},{"billed_charge":50.16,"npi":[1740262880,1952924011]},{"billed_charge":51.45,"npi":[1275524779,1568961514,1740262880]}]}]},{"tin":{"type":"ein","value":"840611484"},"service_code":["81"],"billing_class":"professional","payments":[{"allowed_amount":0.00,"billing_code_modifier":[""],"providers":[{"billed_charge":44.09,"npi":[1568961514,1740262880]},{"billed_charge":50.16,"npi":[1740262880,1952924011]},{"billed_charge":51.45,"npi":[1275524779,1568961514,1740262880]}]},{"allowed_amount":0.00,"billing_code_modifier":[""],"providers":[{"billed_charge":44.09,"npi":[1568961514,1740262880]},{"billed_charge":50.16,"npi":[1740262880,1952924011]},{"billed_charge":51.45,"npi":[1275524779,1568961514,1740262880]}]},{"allowed_amount":0.00,"billing_code_modifier":[""],"providers":[{"billed_charge":44.09,"npi":[1568961514,1740262880]},{"billed_charge":50.16,"npi":[1740262880,1952924011]},{"billed_charge":51.45,"npi":[1275524779,1568961514,1740262880]}]}]},{"tin":{"type":"ein","value":"840611484"},"service_code":["81"],"billing_class":"professional","payments":[{"allowed_amount":5.09,"billing_code_modifier":[""],"providers":[{"billed_charge":50.16,"npi":[1740262880,1952924011]},{"billed_charge":51.45,"npi":[1275524779,1568961514,1740262880]}]},{"allowed_amount":5.09,"billing_code_modifier":[""],"providers":[{"billed_charge":50.16,"npi":[1740262880,1952924011]},{"billed_charge":51.45,"npi":[1275524779,1568961514,1740262880]}]}]},{"tin":{"type":"ein","value":"840611484"},"service_code":["81"],"billing_class":"professional","payments":[{"allowed_amount":5.09,"billing_code_modifier":[""],"providers":[{"billed_charge":50.16,"npi":[1740262880,1952924011]},{"billed_charge":51.45,"npi":[1275524779,1568961514,1740262880]}]},{"allowed_amount":5.09,"billing_code_modifier":[""],"providers":[{"billed_charge":50.16,"npi":[1740262880,1952924011]},{"billed_charge":51.45,"npi":[1275524779,1568961514,1740262880]}]}]}]},{"name":"DRUG TEST DEF 1-7 CLASSES","billing_code_type":"HCPCS","billing_code_type_version":"HCPCS LEVEL II 2021","billing_code":"G0480","description":"DRUG TEST DEF 1-7 CLASSES","allowed_amounts":[{"tin":{"type":"ein","value":"474815114"},"service_code":["81"],"billing_class":"professional","payments":[{"allowed_amount":27.18,"billing_code_modifier":[""],"providers":[{"billed_charge":183.09,"npi":[1215302245,1598252173]}]}]},{"tin":{"type":"ein","value":"843172409"},"service_code":["81"],"billing_class":"professional","payments":[{"allowed_amount":27.18,"billing_code_modifier":[""],"providers":[{"billed_charge":1540.50,"npi":[1003437500,1609303924,1740546209]}]}]}]},{"name":"DRUG TEST DEF 8-14 CLASSES","billing_code_type":"HCPCS","billing_code_type_version":"HCPCS LEVEL II 2021","billing_code":"G0481","description":"DRUG TEST DEF 8-14 CLASSES","allowed_amounts":[{"tin":{"type":"ein","value":"261565558"},"service_code":["81"],"billing_class":"professional","payments":[{"allowed_amount":0.00,"billing_code_modifier":[""],"providers":[{"billed_charge":320.00,"npi":[1497933162,1689605545,1821232067]}]}]},{"tin":{"type":"ein","value":"474815114"},"service_code":["11"],"billing_class":"professional","payments":[{"allowed_amount":27.18,"billing_code_modifier":[""],"providers":[{"billed_charge":250.54,"npi":[1215302245,1598252173]}]}]},{"tin":{"type":"ein","value":"474815114"},"service_code":["11","81"],"billing_class":"professional","payments":[{"allowed_amount":0.00,"billing_code_modifier":[""],"providers":[{"billed_charge":250.54,"npi":[1215302245,1598252173]}]}]}]},{"name":"DRUG TST PRSMV INSTRMNT CHEM ANALYZERS PR DATE","billing_code_type":"CPT","billing_code_type_version":"2020","billing_code":"80307","description":"DRUG TST PRSMV INSTRMNT CHEM ANALYZERS PR DATE","allowed_amounts":[{"tin":{"type":"ein","value":"261565558"},"service_code":["81"],"billing_class":"professional","payments":[{"allowed_amount":0.00,"billing_code_modifier":[""],"providers":[{"billed_charge":124.00,"npi":[1497933162,1689605545]}]}]},{"tin":{"type":"ein","value":"474815114"},"service_code":["11","81"],"billing_class":"professional","payments":[{"allowed_amount":0.00,"billing_code_modifier":[""],"providers":[{"billed_charge":99.42,"npi":[1215302245,1225327927,1598252173]}]}]},{"tin":{"type":"ein","value":"474815114"},"service_code":["11","81"],"billing_class":"professional","payments":[{"allowed_amount":24.42,"billing_code_modifier":[""],"providers":[{"billed_charge":99.42,"npi":[1215302245,1598252173]}]}]},{"tin":{"type":"ein","value":"824323767"},"service_code":["81"],"billing_class":"professional","payments":[{"allowed_amount":0.00,"billing_code_modifier":[""],"providers":[{"billed_charge":3795.00,"npi":[1194201558,1699906750]}]}]},{"tin":{"type":"ein","value":"824323767"},"service_code":["81"],"billing_class":"professional","payments":[{"allowed_amount":24.42,"billing_code_modifier":[""],"providers":[{"billed_charge":3795.00,"npi":[1194201558,1699906750]}]}]},{"tin":{"type":"ein","value":"843172409"},"service_code":["81"],"billing_class":"professional","payments":[{"allowed_amount":0.00,"billing_code_modifier":[""],"providers":[{"billed_charge":4198.40,"npi":[1003437500,1609303924,1740546209]}]}]},{"tin":{"type":"ein","value":"843172409"},"service_code":["81"],"billing_class":"professional","payments":[{"allowed_amount":24.42,"billing_code_modifier":[""],"providers":[{"billed_charge":4198.40,"npi":[1003437500,1609303924,1740546209]}]}]}]},{"name":"DRUGS REQUIRE SPECIFIC ID: DRUGS REQUIRING DETAIL","billing_code_type":"RC","billing_code_type_version":"UB04","billing_code":"0636","description":"DRUGS REQUIRE SPECIFIC ID: DRUGS REQUIRING DETAIL","allowed_amounts":[{"tin":{"type":"ein","value":"620850498"},"service_code":["65"],"billing_class":"institutional","payments":[{"allowed_amount":6.07,"billing_code_modifier":[""],"providers":[{"billed_charge":55.80,"npi":[1467560292,1841223237]}]}]},{"tin":{"type":"ein","value":"620850498"},"service_code":["65"],"billing_class":"institutional","payments":[{"allowed_amount":6.56,"billing_code_modifier":[""],"providers":[{"billed_charge":58.60,"npi":[1467560292,1841223237]}]}]},{"tin":{"type":"ein","value":"620850498"},"service_code":["65"],"billing_class":"institutional","payments":[{"allowed_amount":6.71,"billing_code_modifier":[""],"providers":[{"billed_charge":55.80,"npi":[1467560292,1841223237]}]}]}]},{"name":"GENERAL HEALTH PANEL","billing_code_type":"CPT","billing_code_type_version":"2020","billing_code":"80050","description":"GENERAL HEALTH PANEL","allowed_amounts":[{"tin":{"type":"ein","value":"840611484"},"service_code":["81"],"billing_class":"professional","payments":[{"allowed_amount":14.76,"billing_code_modifier":[""],"providers":[{"billed_charge":200.55,"npi":[1275524779,1568961514,1740262880]}]}]}]},{"name":"HANDLG&\/OR CONVEY OF SPEC FOR TR OFFICE TO LAB","billing_code_type":"CPT","billing_code_type_version":"2020","billing_code":"99000","description":"HANDLG&\/OR CONVEY OF SPEC FOR TR OFFICE TO LAB","allowed_amounts":[{"tin":{"type":"ein","value":"571207559"},"service_code":["11"],"billing_class":"professional","payments":[{"allowed_amount":0.00,"billing_code_modifier":[""],"providers":[{"billed_charge":21.00,"npi":[1659436038,1740531466,1770981839,1780961102]}]}]},{"tin":{"type":"ein","value":"920384236"},"service_code":["20"],"billing_class":"professional","payments":[{"allowed_amount":0.00,"billing_code_modifier":[""],"providers":[{"billed_charge":30.00,"npi":[1093439762,1679253124]}]}]}]},{"name":"HEMO OPD\/HOME: HEMODIALYSIS COMP OR OTHER RATE","billing_code_type":"RC","billing_code_type_version":"UB04","billing_code":"0821","description":"HEMO OPD\/HOME: HEMODIALYSIS COMP OR OTHER RATE","allowed_amounts":[{"tin":{"type":"ein","value":"620850498"},"service_code":["65"],"billing_class":"institutional","payments":[{"allowed_amount":297.25,"billing_code_modifier":[""],"providers":[{"billed_charge":2730.00,"npi":[1467560292,1841223237]}]}]},{"tin":{"type":"ein","value":"620850498"},"service_code":["65"],"billing_class":"institutional","payments":[{"allowed_amount":321.46,"billing_code_modifier":[""],"providers":[{"billed_charge":2870.00,"npi":[1467560292,1841223237]}]}]},{"tin":{"type":"ein","value":"620850498"},"service_code":["65"],"billing_class":"institutional","payments":[{"allowed_amount":328.30,"billing_code_modifier":[""],"providers":[{"billed_charge":2730.00,"npi":[1467560292,1841223237]}]}]}]},{"name":"HEMOGLOBIN GLYCOSYLATED A1C","billing_code_type":"CPT","billing_code_type_version":"2020","billing_code":"83036","description":"HEMOGLOBIN GLYCOSYLATED A1C","allowed_amounts":[{"tin":{"type":"ein","value":"571207559"},"service_code":["11"],"billing_class":"professional","payments":[{"allowed_amount":0.00,"billing_code_modifier":[""],"providers":[{"billed_charge":82.00,"npi":[1740531466,1780961102]}]}]},{"tin":{"type":"ein","value":"571207559"},"service_code":["11"],"billing_class":"professional","payments":[{"allowed_amount":4.80,"billing_code_modifier":[""],"providers":[{"billed_charge":82.00,"npi":[1659436038,1740531466,1770981839,1780961102]}]}]},{"tin":{"type":"ein","value":"840611484"},"service_code":["81"],"billing_class":"professional","payments":[{"allowed_amount":0.00,"billing_code_modifier":[""],"providers":[{"billed_charge":81.90,"npi":[1275524779,1568961514,1740262880,1952924011]}]}]},{"tin":{"type":"ein","value":"840611484"},"service_code":["81"],"billing_class":"professional","payments":[{"allowed_amount":4.68,"billing_code_modifier":[""],"providers":[{"billed_charge":81.90,"npi":[1275524779,1568961514,1740262880,1952924011]}]}]},{"tin":{"type":"ein","value":"840611484"},"service_code":["81"],"billing_class":"professional","payments":[{"allowed_amount":4.80,"billing_code_modifier":[""],"providers":[{"billed_charge":81.90,"npi":[1275524779,1740262880]}]}]}]},{"name":"IADNA CHLAMYDIA TRACHOMATIS AMPLIFIED PROBE TQ","billing_code_type":"CPT","billing_code_type_version":"2020","billing_code":"87491","description":"IADNA CHLAMYDIA TRACHOMATIS AMPLIFIED PROBE TQ","allowed_amounts":[{"tin":{"type":"ein","value":"571207559"},"service_code":["11"],"billing_class":"professional","payments":[{"allowed_amount":0.00,"billing_code_modifier":[""],"providers":[{"billed_charge":97.00,"npi":[1659436038,1740531466,1770981839,1780961102]}]}]},{"tin":{"type":"ein","value":"840611484"},"service_code":["81"],"billing_class":"professional","payments":[{"allowed_amount":0.00,"billing_code_modifier":[""],"providers":[{"billed_charge":130.04,"npi":[1568961514,1740262880]},{"billed_charge":179.79,"npi":[1568961514,1740262880]}]},{"allowed_amount":0.00,"billing_code_modifier":[""],"providers":[{"billed_charge":130.04,"npi":[1568961514,1740262880]},{"billed_charge":179.79,"npi":[1568961514,1740262880]}]}]},{"tin":{"type":"ein","value":"840611484"},"service_code":["81"],"billing_class":"professional","payments":[{"allowed_amount":0.00,"billing_code_modifier":[""],"providers":[{"billed_charge":130.04,"npi":[1568961514,1740262880]},{"billed_charge":179.79,"npi":[1568961514,1740262880]}]},{"allowed_amount":0.00,"billing_code_modifier":[""],"providers":[{"billed_charge":130.04,"npi":[1568961514,1740262880]},{"billed_charge":179.79,"npi":[1568961514,1740262880]}]}]},{"tin":{"type":"ein","value":"840611484"},"service_code":["81"],"billing_class":"professional","payments":[{"allowed_amount":16.90,"billing_code_modifier":[""],"providers":[{"billed_charge":120.26,"npi":[1740262880,1952924011]},{"billed_charge":179.79,"npi":[1568961514,1740262880]},{"billed_charge":206.80,"npi":[1386170348,1568961514,1740262880]}]},{"allowed_amount":16.90,"billing_code_modifier":[""],"providers":[{"billed_charge":120.26,"npi":[1740262880,1952924011]},{"billed_charge":179.79,"npi":[1568961514,1740262880]},{"billed_charge":206.80,"npi":[1386170348,1568961514,1740262880]}]},{"allowed_amount":16.90,"billing_code_modifier":[""],"providers":[{"billed_charge":120.26,"npi":[1740262880,1952924011]},{"billed_charge":179.79,"npi":[1568961514,1740262880]},{"billed_charge":206.80,"npi":[1386170348,1568961514,1740262880]}]}]},{"tin":{"type":"ein","value":"840611484"},"service_code":["81"],"billing_class":"professional","payments":[{"allowed_amount":16.90,"billing_code_modifier":[""],"providers":[{"billed_charge":120.26,"npi":[1740262880,1952924011]},{"billed_charge":179.79,"npi":[1568961514,1740262880]},{"billed_charge":206.80,"npi":[1386170348,1568961514,1740262880]}]},{"allowed_amount":16.90,"billing_code_modifier":[""],"providers":[{"billed_charge":120.26,"npi":[1740262880,1952924011]},{"billed_charge":179.79,"npi":[1568961514,1740262880]},{"billed_charge":206.80,"npi":[1386170348,1568961514,1740262880]}]},{"allowed_amount":16.90,"billing_code_modifier":[""],"providers":[{"billed_charge":120.26,"npi":[1740262880,1952924011]},{"billed_charge":179.79,"npi":[1568961514,1740262880]},{"billed_charge":206.80,"npi":[1386170348,1568961514,1740262880]}]}]},{"tin":{"type":"ein","value":"840611484"},"service_code":["81"],"billing_class":"professional","payments":[{"allowed_amount":16.90,"billing_code_modifier":[""],"providers":[{"billed_charge":120.26,"npi":[1740262880,1952924011]},{"billed_charge":179.79,"npi":[1568961514,1740262880]},{"billed_charge":206.80,"npi":[1386170348,1568961514,1740262880]}]},{"allowed_amount":16.90,"billing_code_modifier":[""],"providers":[{"billed_charge":120.26,"npi":[1740262880,1952924011]},{"billed_charge":179.79,"npi":[1568961514,1740262880]},{"billed_charge":206.80,"npi":[1386170348,1568961514,1740262880]}]},{"allowed_amount":16.90,"billing_code_modifier":[""],"providers":[{"billed_charge":120.26,"npi":[1740262880,1952924011]},{"billed_charge":179.79,"npi":[1568961514,1740262880]},{"billed_charge":206.80,"npi":[1386170348,1568961514,1740262880]}]}]}]},{"name":"IADNA MULTIPLE ORGANISMS AMPLIFIED PROBE TQ","billing_code_type":"CPT","billing_code_type_version":"2020","billing_code":"87801","description":"IADNA MULTIPLE ORGANISMS AMPLIFIED PROBE TQ","allowed_amounts":[{"tin":{"type":"ein","value":"840611484"},"service_code":["81"],"billing_class":"professional","payments":[{"allowed_amount":29.46,"billing_code_modifier":[""],"providers":[{"billed_charge":240.51,"npi":[1740262880,1952924011]},{"billed_charge":359.58,"npi":[1568961514,1740262880]}]},{"allowed_amount":29.46,"billing_code_modifier":[""],"providers":[{"billed_charge":240.51,"npi":[1740262880,1952924011]},{"billed_charge":359.58,"npi":[1568961514,1740262880]}]}]},{"tin":{"type":"ein","value":"840611484"},"service_code":["81"],"billing_class":"professional","payments":[{"allowed_amount":29.46,"billing_code_modifier":[""],"providers":[{"billed_charge":240.51,"npi":[1740262880,1952924011]},{"billed_charge":359.58,"npi":[1568961514,1740262880]}]},{"allowed_amount":29.46,"billing_code_modifier":[""],"providers":[{"billed_charge":240.51,"npi":[1740262880,1952924011]},{"billed_charge":359.58,"npi":[1568961514,1740262880]}]}]}]},{"name":"IADNA NEISSERIA GONORRHOEAE AMPLIFIED PROBE TQ","billing_code_type":"CPT","billing_code_type_version":"2020","billing_code":"87591","description":"IADNA NEISSERIA GONORRHOEAE AMPLIFIED PROBE TQ","allowed_amounts":[{"tin":{"type":"ein","value":"571207559"},"service_code":["11"],"billing_class":"professional","payments":[{"allowed_amount":0.00,"billing_code_modifier":[""],"providers":[{"billed_charge":97.00,"npi":[1659436038,1740531466,1770981839,1780961102]}]}]},{"tin":{"type":"ein","value":"840611484"},"service_code":["81"],"billing_class":"professional","payments":[{"allowed_amount":0.00,"billing_code_modifier":[""],"providers":[{"billed_charge":130.04,"npi":[1568961514,1740262880]},{"billed_charge":179.79,"npi":[1568961514,1740262880]}]},{"allowed_amount":0.00,"billing_code_modifier":[""],"providers":[{"billed_charge":130.04,"npi":[1568961514,1740262880]},{"billed_charge":179.79,"npi":[1568961514,1740262880]}]}]},{"tin":{"type":"ein","value":"840611484"},"service_code":["81"],"billing_class":"professional","payments":[{"allowed_amount":0.00,"billing_code_modifier":[""],"providers":[{"billed_charge":130.04,"npi":[1568961514,1740262880]},{"billed_charge":179.79,"npi":[1568961514,1740262880]}]},{"allowed_amount":0.00,"billing_code_modifier":[""],"providers":[{"billed_charge":130.04,"npi":[1568961514,1740262880]},{"billed_charge":179.79,"npi":[1568961514,1740262880]}]}]},{"tin":{"type":"ein","value":"840611484"},"service_code":["81"],"billing_class":"professional","payments":[{"allowed_amount":16.90,"billing_code_modifier":[""],"providers":[{"billed_charge":120.26,"npi":[1740262880,1952924011]},{"billed_charge":179.79,"npi":[1568961514,1740262880]},{"billed_charge":206.80,"npi":[1386170348,1568961514,1740262880]}]},{"allowed_amount":16.90,"billing_code_modifier":[""],"providers":[{"billed_charge":120.26,"npi":[1740262880,1952924011]},{"billed_charge":179.79,"npi":[1568961514,1740262880]},{"billed_charge":206.80,"npi":[1386170348,1568961514,1740262880]}]},{"allowed_amount":16.90,"billing_code_modifier":[""],"providers":[{"billed_charge":120.26,"npi":[1740262880,1952924011]},{"billed_charge":179.79,"npi":[1568961514,1740262880]},{"billed_charge":206.80,"npi":[1386170348,1568961514,1740262880]}]}]},{"tin":{"type":"ein","value":"840611484"},"service_code":["81"],"billing_class":"professional","payments":[{"allowed_amount":16.90,"billing_code_modifier":[""],"providers":[{"billed_charge":120.26,"npi":[1740262880,1952924011]},{"billed_charge":179.79,"npi":[1568961514,1740262880]},{"billed_charge":206.80,"npi":[1386170348,1568961514,1740262880]}]},{"allowed_amount":16.90,"billing_code_modifier":[""],"providers":[{"billed_charge":120.26,"npi":[1740262880,1952924011]},{"billed_charge":179.79,"npi":[1568961514,1740262880]},{"billed_charge":206.80,"npi":[1386170348,1568961514,1740262880]}]},{"allowed_amount":16.90,"billing_code_modifier":[""],"providers":[{"billed_charge":120.26,"npi":[1740262880,1952924011]},{"billed_charge":179.79,"npi":[1568961514,1740262880]},{"billed_charge":206.80,"npi":[1386170348,1568961514,1740262880]}]}]},{"tin":{"type":"ein","value":"840611484"},"service_code":["81"],"billing_class":"professional","payments":[{"allowed_amount":16.90,"billing_code_modifier":[""],"providers":[{"billed_charge":120.26,"npi":[1740262880,1952924011]},{"billed_charge":179.79,"npi":[1568961514,1740262880]},{"billed_charge":206.80,"npi":[1386170348,1568961514,1740262880]}]},{"allowed_amount":16.90,"billing_code_modifier":[""],"providers":[{"billed_charge":120.26,"npi":[1740262880,1952924011]},{"billed_charge":179.79,"npi":[1568961514,1740262880]},{"billed_charge":206.80,"npi":[1386170348,1568961514,1740262880]}]},{"allowed_amount":16.90,"billing_code_modifier":[""],"providers":[{"billed_charge":120.26,"npi":[1740262880,1952924011]},{"billed_charge":179.79,"npi":[1568961514,1740262880]},{"billed_charge":206.80,"npi":[1386170348,1568961514,1740262880]}]}]}]},{"name":"IADNA NOS AMPLIFIED PROBE TQ EACH ORGANISM","billing_code_type":"CPT","billing_code_type_version":"2020","billing_code":"87798","description":"IADNA NOS AMPLIFIED PROBE TQ EACH ORGANISM","allowed_amounts":[{"tin":{"type":"ein","value":"840611484"},"service_code":["81"],"billing_class":"professional","payments":[{"allowed_amount":16.90,"billing_code_modifier":[""],"providers":[{"billed_charge":120.25,"npi":[1740262880,1952924011]},{"billed_charge":179.80,"npi":[1568961514,1740262880]}]},{"allowed_amount":16.90,"billing_code_modifier":[""],"providers":[{"billed_charge":120.25,"npi":[1740262880,1952924011]},{"billed_charge":179.80,"npi":[1568961514,1740262880]}]}]},{"tin":{"type":"ein","value":"840611484"},"service_code":["81"],"billing_class":"professional","payments":[{"allowed_amount":16.90,"billing_code_modifier":[""],"providers":[{"billed_charge":120.25,"npi":[1740262880,1952924011]},{"billed_charge":179.80,"npi":[1568961514,1740262880]}]},{"allowed_amount":16.90,"billing_code_modifier":[""],"providers":[{"billed_charge":120.25,"npi":[1740262880,1952924011]},{"billed_charge":179.80,"npi":[1568961514,1740262880]}]}]},{"tin":{"type":"ein","value":"840611484"},"service_code":["81"],"billing_class":"professional","payments":[{"allowed_amount":33.80,"billing_code_modifier":[""],"providers":[{"billed_charge":240.52,"npi":[1740262880,1952924011]},{"billed_charge":359.58,"npi":[1568961514,1740262880]}]},{"allowed_amount":33.80,"billing_code_modifier":[""],"providers":[{"billed_charge":240.52,"npi":[1740262880,1952924011]},{"billed_charge":359.58,"npi":[1568961514,1740262880]}]}]},{"tin":{"type":"ein","value":"840611484"},"service_code":["81"],"billing_class":"professional","payments":[{"allowed_amount":33.80,"billing_code_modifier":[""],"providers":[{"billed_charge":240.52,"npi":[1740262880,1952924011]},{"billed_charge":359.58,"npi":[1568961514,1740262880]}]},{"allowed_amount":33.80,"billing_code_modifier":[""],"providers":[{"billed_charge":240.52,"npi":[1740262880,1952924011]},{"billed_charge":359.58,"npi":[1568961514,1740262880]}]}]}]},{"name":"IADNA TRICHOMONAS VAGINALIS AMPLIFIED PROBE TECH","billing_code_type":"CPT","billing_code_type_version":"2020","billing_code":"87661","description":"IADNA TRICHOMONAS VAGINALIS AMPLIFIED PROBE TECH","allowed_amounts":[{"tin":{"type":"ein","value":"840611484"},"service_code":["81"],"billing_class":"professional","payments":[{"allowed_amount":16.28,"billing_code_modifier":[""],"providers":[{"billed_charge":112.65,"npi":[1740262880,1952924011]},{"billed_charge":168.41,"npi":[1568961514,1740262880]},{"billed_charge":193.70,"npi":[1386170348,1568961514,1740262880]}]},{"allowed_amount":16.28,"billing_code_modifier":[""],"providers":[{"billed_charge":112.65,"npi":[1740262880,1952924011]},{"billed_charge":168.41,"npi":[1568961514,1740262880]},{"billed_charge":193.70,"npi":[1386170348,1568961514,1740262880]}]},{"allowed_amount":16.28,"billing_code_modifier":[""],"providers":[{"billed_charge":112.65,"npi":[1740262880,1952924011]},{"billed_charge":168.41,"npi":[1568961514,1740262880]},{"billed_charge":193.70,"npi":[1386170348,1568961514,1740262880]}]}]},{"tin":{"type":"ein","value":"840611484"},"service_code":["81"],"billing_class":"professional","payments":[{"allowed_amount":16.28,"billing_code_modifier":[""],"providers":[{"billed_charge":112.65,"npi":[1740262880,1952924011]},{"billed_charge":168.41,"npi":[1568961514,1740262880]},{"billed_charge":193.70,"npi":[1386170348,1568961514,1740262880]}]},{"allowed_amount":16.28,"billing_code_modifier":[""],"providers":[{"billed_charge":112.65,"npi":[1740262880,1952924011]},{"billed_charge":168.41,"npi":[1568961514,1740262880]},{"billed_charge":193.70,"npi":[1386170348,1568961514,1740262880]}]},{"allowed_amount":16.28,"billing_code_modifier":[""],"providers":[{"billed_charge":112.65,"npi":[1740262880,1952924011]},{"billed_charge":168.41,"npi":[1568961514,1740262880]},{"billed_charge":193.70,"npi":[1386170348,1568961514,1740262880]}]}]},{"tin":{"type":"ein","value":"840611484"},"service_code":["81"],"billing_class":"professional","payments":[{"allowed_amount":16.28,"billing_code_modifier":[""],"providers":[{"billed_charge":112.65,"npi":[1740262880,1952924011]},{"billed_charge":168.41,"npi":[1568961514,1740262880]},{"billed_charge":193.70,"npi":[1386170348,1568961514,1740262880]}]},{"allowed_amount":16.28,"billing_code_modifier":[""],"providers":[{"billed_charge":112.65,"npi":[1740262880,1952924011]},{"billed_charge":168.41,"npi":[1568961514,1740262880]},{"billed_charge":193.70,"npi":[1386170348,1568961514,1740262880]}]},{"allowed_amount":16.28,"billing_code_modifier":[""],"providers":[{"billed_charge":112.65,"npi":[1740262880,1952924011]},{"billed_charge":168.41,"npi":[1568961514,1740262880]},{"billed_charge":193.70,"npi":[1386170348,1568961514,1740262880]}]}]},{"tin":{"type":"ein","value":"942227764"},"service_code":["81"],"billing_class":"professional","payments":[{"allowed_amount":16.28,"billing_code_modifier":[""],"providers":[{"billed_charge":80.40,"npi":[1235138868,1922044437,1952592743]}]}]}]},{"name":"IRON BINDING CAPACITY","billing_code_type":"CPT","billing_code_type_version":"2020","billing_code":"83550","description":"IRON BINDING CAPACITY","allowed_amounts":[{"tin":{"type":"ein","value":"840611484"},"service_code":["81"],"billing_class":"professional","payments":[{"allowed_amount":3.67,"billing_code_modifier":[""],"providers":[{"billed_charge":47.24,"npi":[1568961514,1740262880]}]}]},{"tin":{"type":"ein","value":"951750445"},"service_code":["81"],"billing_class":"professional","payments":[{"allowed_amount":3.67,"billing_code_modifier":[""],"providers":[{"billed_charge":46.00,"npi":[1053602946,1396287082]}]}]}]},{"name":"LAVAGE CANNULATION MAXILLARY SINUS","billing_code_type":"CPT","billing_code_type_version":"2020","billing_code":"31000","description":"LAVAGE CANNULATION MAXILLARY SINUS","allowed_amounts":[{"tin":{"type":"ein","value":"202125925"},"service_code":["11"],"billing_class":"professional","payments":[{"allowed_amount":0.00,"billing_code_modifier":[""],"providers":[{"billed_charge":400.00,"npi":[1336134030,1508814328]},{"billed_charge":500.00,"npi":[1336134030,1508814328]}]},{"allowed_amount":0.00,"billing_code_modifier":[""],"providers":[{"billed_charge":400.00,"npi":[1336134030,1508814328]},{"billed_charge":500.00,"npi":[1336134030,1508814328]}]}]},{"tin":{"type":"ein","value":"202125925"},"service_code":["11"],"billing_class":"professional","payments":[{"allowed_amount":0.00,"billing_code_modifier":[""],"providers":[{"billed_charge":400.00,"npi":[1336134030,1508814328]},{"billed_charge":500.00,"npi":[1336134030,1508814328]}]},{"allowed_amount":0.00,"billing_code_modifier":[""],"providers":[{"billed_charge":400.00,"npi":[1336134030,1508814328]},{"billed_charge":500.00,"npi":[1336134030,1508814328]}]}]},{"tin":{"type":"ein","value":"202125925"},"service_code":["11"],"billing_class":"professional","payments":[{"allowed_amount":196.16,"billing_code_modifier":[""],"providers":[{"billed_charge":400.00,"npi":[1336134030,1508814328]},{"billed_charge":500.00,"npi":[1336134030,1508814328]}]},{"allowed_amount":196.16,"billing_code_modifier":[""],"providers":[{"billed_charge":400.00,"npi":[1336134030,1508814328]},{"billed_charge":500.00,"npi":[1336134030,1508814328]}]}]},{"tin":{"type":"ein","value":"202125925"},"service_code":["11"],"billing_class":"professional","payments":[{"allowed_amount":196.16,"billing_code_modifier":[""],"providers":[{"billed_charge":400.00,"npi":[1336134030,1508814328]},{"billed_charge":500.00,"npi":[1336134030,1508814328]}]},{"allowed_amount":196.16,"billing_code_modifier":[""],"providers":[{"billed_charge":400.00,"npi":[1336134030,1508814328]},{"billed_charge":500.00,"npi":[1336134030,1508814328]}]}]},{"tin":{"type":"ein","value":"202125925"},"service_code":["11"],"billing_class":"professional","payments":[{"allowed_amount":209.77,"billing_code_modifier":[""],"providers":[{"billed_charge":500.00,"npi":[1336134030,1508814328]}]}]},{"tin":{"type":"ein","value":"202125925"},"service_code":["11"],"billing_class":"professional","payments":[{"allowed_amount":500.00,"billing_code_modifier":[""],"providers":[{"billed_charge":500.00,"npi":[1336134030,1508814328]}]}]},{"tin":{"type":"ein","value":"202125925"},"service_code":["11"],"billing_class":"professional","payments":[{"allowed_amount":523.08,"billing_code_modifier":[""],"providers":[{"billed_charge":640.00,"npi":[1336134030]}]}]}]},{"name":"LIPID PANEL","billing_code_type":"CPT","billing_code_type_version":"2020","billing_code":"80061","description":"LIPID PANEL","allowed_amounts":[{"tin":{"type":"ein","value":"571207559"},"service_code":["11"],"billing_class":"professional","payments":[{"allowed_amount":0.00,"billing_code_modifier":[""],"providers":[{"billed_charge":114.00,"npi":[1659436038,1740531466,1770981839,1780961102]}]}]},{"tin":{"type":"ein","value":"840611484"},"service_code":["81"],"billing_class":"professional","payments":[{"allowed_amount":0.00,"billing_code_modifier":[""],"providers":[{"billed_charge":107.10,"npi":[1275524779,1568961514,1740262880,1952924011]}]}]},{"tin":{"type":"ein","value":"840611484"},"service_code":["81"],"billing_class":"professional","payments":[{"allowed_amount":7.68,"billing_code_modifier":[""],"providers":[{"billed_charge":107.10,"npi":[1275524779,1568961514,1740262880,1952924011]}]}]}]},{"name":"MEDICAL\/SURGICAL SUPPLIES","billing_code_type":"RC","billing_code_type_version":"UB04","billing_code":"0270","description":"MEDICAL\/SURGICAL SUPPLIES","allowed_amounts":[{"tin":{"type":"ein","value":"620850498"},"service_code":["65"],"billing_class":"institutional","payments":[{"allowed_amount":3.17,"billing_code_modifier":[""],"providers":[{"billed_charge":26.40,"npi":[1467560292,1841223237]}]}]}]},{"name":"OFFICE\/OUTPATIENT EST PT MAY NOT REQ PHYS\/QHP","billing_code_type":"CPT","billing_code_type_version":"2020","billing_code":"99211","description":"OFFICE\/OUTPATIENT EST PT MAY NOT REQ PHYS\/QHP","allowed_amounts":[{"tin":{"type":"ein","value":"571207559"},"service_code":["11"],"billing_class":"professional","payments":[{"allowed_amount":0.00,"billing_code_modifier":[""],"providers":[{"billed_charge":64.00,"npi":[1659436038,1740531466,1770981839,1780961102]},{"billed_charge":77.91,"npi":[1740531466,1780961102]},{"billed_charge":101.00,"npi":[1659436038,1780961102]}]},{"allowed_amount":0.00,"billing_code_modifier":[""],"providers":[{"billed_charge":64.00,"npi":[1659436038,1740531466,1770981839,1780961102]},{"billed_charge":77.91,"npi":[1740531466,1780961102]},{"billed_charge":101.00,"npi":[1659436038,1780961102]}]},{"allowed_amount":0.00,"billing_code_modifier":[""],"providers":[{"billed_charge":64.00,"npi":[1659436038,1740531466,1770981839,1780961102]},{"billed_charge":77.91,"npi":[1740531466,1780961102]},{"billed_charge":101.00,"npi":[1659436038,1780961102]}]}]},{"tin":{"type":"ein","value":"571207559"},"service_code":["11"],"billing_class":"professional","payments":[{"allowed_amount":0.00,"billing_code_modifier":[""],"providers":[{"billed_charge":64.00,"npi":[1659436038,1740531466,1770981839,1780961102]},{"billed_charge":77.91,"npi":[1740531466,1780961102]},{"billed_charge":101.00,"npi":[1659436038,1780961102]}]},{"allowed_amount":0.00,"billing_code_modifier":[""],"providers":[{"billed_charge":64.00,"npi":[1659436038,1740531466,1770981839,1780961102]},{"billed_charge":77.91,"npi":[1740531466,1780961102]},{"billed_charge":101.00,"npi":[1659436038,1780961102]}]},{"allowed_amount":0.00,"billing_code_modifier":[""],"providers":[{"billed_charge":64.00,"npi":[1659436038,1740531466,1770981839,1780961102]},{"billed_charge":77.91,"npi":[1740531466,1780961102]},{"billed_charge":101.00,"npi":[1659436038,1780961102]}]}]},{"tin":{"type":"ein","value":"571207559"},"service_code":["11"],"billing_class":"professional","payments":[{"allowed_amount":0.00,"billing_code_modifier":[""],"providers":[{"billed_charge":64.00,"npi":[1659436038,1740531466,1770981839,1780961102]},{"billed_charge":77.91,"npi":[1740531466,1780961102]},{"billed_charge":101.00,"npi":[1659436038,1780961102]}]},{"allowed_amount":0.00,"billing_code_modifier":[""],"providers":[{"billed_charge":64.00,"npi":[1659436038,1740531466,1770981839,1780961102]},{"billed_charge":77.91,"npi":[1740531466,1780961102]},{"billed_charge":101.00,"npi":[1659436038,1780961102]}]},{"allowed_amount":0.00,"billing_code_modifier":[""],"providers":[{"billed_charge":64.00,"npi":[1659436038,1740531466,1770981839,1780961102]},{"billed_charge":77.91,"npi":[1740531466,1780961102]},{"billed_charge":101.00,"npi":[1659436038,1780961102]}]}]}]},{"name":"OFFICE\/OUTPATIENT ESTABLISHED HIGH MDM 40 MIN","billing_code_type":"CPT","billing_code_type_version":"2020","billing_code":"99215","description":"OFFICE\/OUTPATIENT ESTABLISHED HIGH MDM 40 MIN","allowed_amounts":[{"tin":{"type":"ein","value":"202125925"},"service_code":["11"],"billing_class":"professional","payments":[{"allowed_amount":74.87,"billing_code_modifier":[""],"providers":[{"billed_charge":475.00,"npi":[1336134030,1508814328]}]}]},{"tin":{"type":"ein","value":"886000022"},"service_code":["11"],"billing_class":"professional","payments":[{"allowed_amount":74.87,"billing_code_modifier":[""],"providers":[{"billed_charge":236.75,"npi":[1437691037,1568538460]}]}]}]},{"name":"OFFICE\/OUTPATIENT ESTABLISHED LOW MDM 20 MIN","billing_code_type":"CPT","billing_code_type_version":"2020","billing_code":"99213","description":"OFFICE\/OUTPATIENT ESTABLISHED LOW MDM 20 MIN","allowed_amounts":[{"tin":{"type":"ein","value":"202125925"},"service_code":["11"],"billing_class":"professional","payments":[{"allowed_amount":0.00,"billing_code_modifier":[""],"providers":[{"billed_charge":175.00,"npi":[1336134030,1508814328]}]}]},{"tin":{"type":"ein","value":"202125925"},"service_code":["11"],"billing_class":"professional","payments":[{"allowed_amount":30.73,"billing_code_modifier":[""],"providers":[{"billed_charge":175.00,"npi":[1336134030,1508814328]}]}]},{"tin":{"type":"ein","value":"474661062"},"service_code":["11"],"billing_class":"professional","payments":[{"allowed_amount":0.00,"billing_code_modifier":[""],"providers":[{"billed_charge":262.00,"npi":[1447636378,1619243268]}]}]},{"tin":{"type":"ein","value":"571207559"},"service_code":["11"],"billing_class":"professional","payments":[{"allowed_amount":0.00,"billing_code_modifier":[""],"providers":[{"billed_charge":216.00,"npi":[1770981839,1780961102]}]}]},{"tin":{"type":"ein","value":"571207559"},"service_code":["11"],"billing_class":"professional","payments":[{"allowed_amount":30.73,"billing_code_modifier":[""],"providers":[{"billed_charge":216.00,"npi":[1659436038,1740531466,1770981839,1780961102]},{"billed_charge":230.69,"npi":[1770981839,1780961102]}]},{"allowed_amount":30.73,"billing_code_modifier":[""],"providers":[{"billed_charge":216.00,"npi":[1659436038,1740531466,1770981839,1780961102]},{"billed_charge":230.69,"npi":[1770981839,1780961102]}]}]},{"tin":{"type":"ein","value":"571207559"},"service_code":["11"],"billing_class":"professional","payments":[{"allowed_amount":30.73,"billing_code_modifier":[""],"providers":[{"billed_charge":216.00,"npi":[1659436038,1740531466,1770981839,1780961102]},{"billed_charge":230.69,"npi":[1770981839,1780961102]}]},{"allowed_amount":30.73,"billing_code_modifier":[""],"providers":[{"billed_charge":216.00,"npi":[1659436038,1740531466,1770981839,1780961102]},{"billed_charge":230.69,"npi":[1770981839,1780961102]}]}]},{"tin":{"type":"ein","value":"820468716"},"service_code":["11"],"billing_class":"professional","payments":[{"allowed_amount":0.00,"billing_code_modifier":[""],"providers":[{"billed_charge":180.00,"npi":[1215448246,1427138734]}]}]},{"tin":{"type":"ein","value":"820468716"},"service_code":["11"],"billing_class":"professional","payments":[{"allowed_amount":30.73,"billing_code_modifier":[""],"providers":[{"billed_charge":180.00,"npi":[1215448246,1427138734,1750344834,1972578672]}]}]},{"tin":{"type":"ein","value":"830937393"},"service_code":["11"],"billing_class":"professional","payments":[{"allowed_amount":0.00,"billing_code_modifier":[""],"providers":[{"billed_charge":180.00,"npi":[1467770537,1760563696]}]}]},{"tin":{"type":"ein","value":"870372919"},"service_code":["11"],"billing_class":"professional","payments":[{"allowed_amount":30.73,"billing_code_modifier":[""],"providers":[{"billed_charge":382.41,"npi":[1235672817,1295126621]},{"billed_charge":160.12,"npi":[1235672817,1295126621]}]},{"allowed_amount":30.73,"billing_code_modifier":[""],"providers":[{"billed_charge":382.41,"npi":[1235672817,1295126621]},{"billed_charge":160.12,"npi":[1235672817,1295126621]}]}]},{"tin":{"type":"ein","value":"870372919"},"service_code":["19"],"billing_class":"professional","payments":[{"allowed_amount":30.73,"billing_code_modifier":[""],"providers":[{"billed_charge":382.41,"npi":[1235672817,1295126621]},{"billed_charge":160.12,"npi":[1235672817,1295126621]}]},{"allowed_amount":30.73,"billing_code_modifier":[""],"providers":[{"billed_charge":382.41,"npi":[1235672817,1295126621]},{"billed_charge":160.12,"npi":[1235672817,1295126621]}]}]},{"tin":{"type":"ein","value":"870468377"},"service_code":["11"],"billing_class":"professional","payments":[{"allowed_amount":30.73,"billing_code_modifier":[""],"providers":[{"billed_charge":180.25,"npi":[1922096114,1982022497]}]}]},{"tin":{"type":"ein","value":"880313763"},"service_code":["11"],"billing_class":"professional","payments":[{"allowed_amount":30.73,"billing_code_modifier":[""],"providers":[{"billed_charge":300.00,"npi":[1730350398,1871655092]}]}]},{"tin":{"type":"ein","value":"934334838"},"service_code":["11"],"billing_class":"professional","payments":[{"allowed_amount":0.00,"billing_code_modifier":[""],"providers":[{"billed_charge":88.88,"npi":[1487989661,1629846266]}]}]}]},{"name":"OFFICE\/OUTPATIENT ESTABLISHED MOD MDM 30 MIN","billing_code_type":"CPT","billing_code_type_version":"2020","billing_code":"99214","description":"OFFICE\/OUTPATIENT ESTABLISHED MOD MDM 30 MIN","allowed_amounts":[{"tin":{"type":"ein","value":"202125925"},"service_code":["11"],"billing_class":"professional","payments":[{"allowed_amount":47.37,"billing_code_modifier":[""],"providers":[{"billed_charge":265.00,"npi":[1336134030,1508814328]}]}]},{"tin":{"type":"ein","value":"465313925"},"service_code":["11"],"billing_class":"professional","payments":[{"allowed_amount":47.37,"billing_code_modifier":[""],"providers":[{"billed_charge":275.00,"npi":[1497144828,1518929967]}]}]},{"tin":{"type":"ein","value":"571207559"},"service_code":["11"],"billing_class":"professional","payments":[{"allowed_amount":47.37,"billing_code_modifier":[""],"providers":[{"billed_charge":329.00,"npi":[1659436038,1740531466,1780961102,1942612650]},{"billed_charge":332.18,"npi":[1740531466,1780961102]}]},{"allowed_amount":47.37,"billing_code_modifier":[""],"providers":[{"billed_charge":329.00,"npi":[1659436038,1740531466,1780961102,1942612650]},{"billed_charge":332.18,"npi":[1740531466,1780961102]}]}]},{"tin":{"type":"ein","value":"571207559"},"service_code":["11"],"billing_class":"professional","payments":[{"allowed_amount":47.37,"billing_code_modifier":[""],"providers":[{"billed_charge":329.00,"npi":[1659436038,1740531466,1780961102,1942612650]},{"billed_charge":332.18,"npi":[1740531466,1780961102]}]},{"allowed_amount":47.37,"billing_code_modifier":[""],"providers":[{"billed_charge":329.00,"npi":[1659436038,1740531466,1780961102,1942612650]},{"billed_charge":332.18,"npi":[1740531466,1780961102]}]}]},{"tin":{"type":"ein","value":"813155563"},"service_code":["11"],"billing_class":"professional","payments":[{"allowed_amount":47.37,"billing_code_modifier":[""],"providers":[{"billed_charge":333.00,"npi":[1174011928,1841721917]}]}]},{"tin":{"type":"ein","value":"870468377"},"service_code":["11"],"billing_class":"professional","payments":[{"allowed_amount":47.37,"billing_code_modifier":[""],"providers":[{"billed_charge":262.01,"npi":[1639793649,1922096114,1962744029]}]}]},{"tin":{"type":"ein","value":"886000022"},"service_code":["02"],"billing_class":"professional","payments":[{"allowed_amount":47.37,"billing_code_modifier":[""],"providers":[{"billed_charge":199.89,"npi":[1144751629,1275623530]}]}]},{"tin":{"type":"ein","value":"934334838"},"service_code":["11"],"billing_class":"professional","payments":[{"allowed_amount":47.37,"billing_code_modifier":[""],"providers":[{"billed_charge":125.35,"npi":[1518692771,1629846266]}]}]}]},{"name":"OFFICE\/OUTPATIENT ESTABLISHED SF MDM 10 MIN","billing_code_type":"CPT","billing_code_type_version":"2020","billing_code":"99212","description":"OFFICE\/OUTPATIENT ESTABLISHED SF MDM 10 MIN","allowed_amounts":[{"tin":{"type":"ein","value":"571207559"},"service_code":["11"],"billing_class":"professional","payments":[{"allowed_amount":21.77,"billing_code_modifier":[""],"providers":[{"billed_charge":144.00,"npi":[1770981839,1780961102]}]}]},{"tin":{"type":"ein","value":"820468716"},"service_code":["11"],"billing_class":"professional","payments":[{"allowed_amount":21.77,"billing_code_modifier":[""],"providers":[{"billed_charge":110.00,"npi":[1427138734,1972578672]}]}]},{"tin":{"type":"ein","value":"886000022"},"service_code":["11"],"billing_class":"professional","payments":[{"allowed_amount":21.77,"billing_code_modifier":[""],"providers":[{"billed_charge":98.40,"npi":[1144751629,1306936653]}]}]}]},{"name":"PHARMACY","billing_code_type":"RC","billing_code_type_version":"UB04","billing_code":"0250","description":"PHARMACY","allowed_amounts":[{"tin":{"type":"ein","value":"620850498"},"service_code":["65"],"billing_class":"institutional","payments":[{"allowed_amount":0.72,"billing_code_modifier":[""],"providers":[{"billed_charge":6.46,"npi":[1467560292,1841223237]}]}]}]},{"name":"PSYCHIATRIC\/PSYCHOLOGICAL SVCS: PARTIAL HOSP - LES","billing_code_type":"RC","billing_code_type_version":"UB04","billing_code":"0912","description":"PSYCHIATRIC\/PSYCHOLOGICAL SVCS: PARTIAL HOSP - LES","allowed_amounts":[{"tin":{"type":"ein","value":"812907253"},"service_code":["22","52","99"],"billing_class":"institutional","payments":[{"allowed_amount":550.00,"billing_code_modifier":[""],"providers":[{"billed_charge":4250.00,"npi":[1609303924,1740546209]}]}]}]},{"name":"PSYCHIATRIC\/PSYCHOLOGICAL TRT: INTENSIVE OUT SERV","billing_code_type":"RC","billing_code_type_version":"UB04","billing_code":"0906","description":"PSYCHIATRIC\/PSYCHOLOGICAL TRT: INTENSIVE OUT SERV","allowed_amounts":[{"tin":{"type":"ein","value":"812907253"},"service_code":["22","52","99"],"billing_class":"institutional","payments":[{"allowed_amount":312.00,"billing_code_modifier":[""],"providers":[{"billed_charge":3750.00,"npi":[1609303924,1740546209]}]}]}]},{"name":"RESIDENTIAL TREATMENT-CHEMICAL DEPENDENCY","billing_code_type":"RC","billing_code_type_version":"UB04","billing_code":"1002","description":"RESIDENTIAL TREATMENT-CHEMICAL DEPENDENCY","allowed_amounts":[{"tin":{"type":"ein","value":"861256494"},"service_code":["21"],"billing_class":"institutional","payments":[{"allowed_amount":5450.00,"billing_code_modifier":[""],"providers":[{"billed_charge":5450.00,"npi":[1013069962,1528723665,1912991159]}]}]}]},{"name":"THERAPEUTIC PROPHYLACTIC\/DX INJECTION SUBQ\/IM","billing_code_type":"CPT","billing_code_type_version":"2020","billing_code":"96372","description":"THERAPEUTIC PROPHYLACTIC\/DX INJECTION SUBQ\/IM","allowed_amounts":[{"tin":{"type":"ein","value":"202125925"},"service_code":["11"],"billing_class":"professional","payments":[{"allowed_amount":0.00,"billing_code_modifier":[""],"providers":[{"billed_charge":88.00,"npi":[1336134030]}]}]},{"tin":{"type":"ein","value":"571207559"},"service_code":["11"],"billing_class":"professional","payments":[{"allowed_amount":0.00,"billing_code_modifier":[""],"providers":[{"billed_charge":79.00,"npi":[1659436038,1780961102]}]}]}]},{"name":"URNLS DIP STICK\/TABLET RGNT AUTO W\/O MICROSCOPY","billing_code_type":"CPT","billing_code_type_version":"2020","billing_code":"81003","description":"URNLS DIP STICK\/TABLET RGNT AUTO W\/O MICROSCOPY","allowed_amounts":[{"tin":{"type":"ein","value":"571207559"},"service_code":["11"],"billing_class":"professional","payments":[{"allowed_amount":1.11,"billing_code_modifier":[""],"providers":[{"billed_charge":18.00,"npi":[1659436038,1740531466,1770981839,1780961102]}]}]}]}]}
