{"reporting_entity_name": "IEC Group_DBA AmeriBen",
	"reporting_entity_type": "Third Party Administrator",
	"plan_name": "PRO MACH, INC.",
	"plan_id_type": "ein",
	"plan_id": "582402604",
	"plan_market_type": "group",
	"last_updated_on": "2024-02-01","Version": "1.0.0","out_of_network":[{"name":"APPLICATION MODALITY 1\/> AREAS HOT\/COLD PACKS","billing_code_type":"CPT","billing_code_type_version":"2020","billing_code":"97010","description":"APPLICATION MODALITY 1\/> AREAS HOT\/COLD PACKS","allowed_amounts":[{"tin":{"type":"ein","value":"204154737"},"service_code":["11"],"billing_class":"professional","payments":[{"allowed_amount":64.80,"billing_code_modifier":[""],"providers":[{"billed_charge":81.00,"npi":[1184639940,1841818440,1851484380]}]}]}]},{"name":"MANUAL THERAPY TQS 1\/> REGIONS EACH 15 MINUTES","billing_code_type":"CPT","billing_code_type_version":"2020","billing_code":"97140","description":"MANUAL THERAPY TQS 1\/> REGIONS EACH 15 MINUTES","allowed_amounts":[{"tin":{"type":"ein","value":"204154737"},"service_code":["11"],"billing_class":"professional","payments":[{"allowed_amount":120.00,"billing_code_modifier":[""],"providers":[{"billed_charge":150.00,"npi":[1184639940,1639547508,1801435763,1841818440,1851484380]}]}]}]},{"name":"THER PX 1\/> AREAS EACH 15 MIN NEUROMUSC REEDUCA","billing_code_type":"CPT","billing_code_type_version":"2020","billing_code":"97112","description":"THER PX 1\/> AREAS EACH 15 MIN NEUROMUSC REEDUCA","allowed_amounts":[{"tin":{"type":"ein","value":"204154737"},"service_code":["11"],"billing_class":"professional","payments":[{"allowed_amount":132.80,"billing_code_modifier":[""],"providers":[{"billed_charge":166.00,"npi":[1184639940,1639547508,1801435763,1841818440,1851484380]}]}]}]},{"name":"THERAPEUT ACTVITY DIRECT PT CONTACT EACH 15 MIN","billing_code_type":"CPT","billing_code_type_version":"2020","billing_code":"97530","description":"THERAPEUT ACTVITY DIRECT PT CONTACT EACH 15 MIN","allowed_amounts":[{"tin":{"type":"ein","value":"204154737"},"service_code":["11"],"billing_class":"professional","payments":[{"allowed_amount":95.20,"billing_code_modifier":[""],"providers":[{"billed_charge":119.00,"npi":[1184639940,1801435763,1841818440,1851484380]}]}]}]},{"name":"THERAPEUTIC PX 1\/> AREAS EACH 15 MIN EXERCISES","billing_code_type":"CPT","billing_code_type_version":"2020","billing_code":"97110","description":"THERAPEUTIC PX 1\/> AREAS EACH 15 MIN EXERCISES","allowed_amounts":[{"tin":{"type":"ein","value":"204154737"},"service_code":["11"],"billing_class":"professional","payments":[{"allowed_amount":708.00,"billing_code_modifier":[""],"providers":[{"billed_charge":885.00,"npi":[1184639940,1639547508,1801435763,1841818440,1851484380]}]}]}]}]}
