{"reporting_entity_name": "IEC Group_DBA AmeriBen",
	"reporting_entity_type": "Third Party Administrator",
	"plan_name": "SWAGELOK",
	"plan_id_type": "ein",
	"plan_id": "340688825",
	"plan_market_type": "group",
	"last_updated_on": "2025-06-01","Version": "1.0.0","out_of_network":[{"name":"APPL MODALITY 1\/> AREAS ELEC STIMJ UNATTENDED","billing_code_type":"CPT","billing_code_type_version":"2020","billing_code":"97014","description":"APPL MODALITY 1\/> AREAS ELEC STIMJ UNATTENDED","allowed_amounts":[{"tin":{"type":"ein","value":"455467942"},"service_code":["11"],"billing_class":"professional","payments":[{"allowed_amount":7.85,"billing_code_modifier":[""],"providers":[{"billed_charge":25.00,"npi":[1386764637,1518359488,1689956518,1841552205]}]}]}]},{"name":"CHIROPRACTIC MANIPULATIVE TX SPINAL 1-2 REGIONS","billing_code_type":"CPT","billing_code_type_version":"2020","billing_code":"98940","description":"CHIROPRACTIC MANIPULATIVE TX SPINAL 1-2 REGIONS","allowed_amounts":[{"tin":{"type":"ein","value":"311633330"},"service_code":["11"],"billing_class":"professional","payments":[{"allowed_amount":14.30,"billing_code_modifier":[""],"providers":[{"billed_charge":70.00,"npi":[1700037280]}]}]},{"tin":{"type":"ein","value":"352168253"},"service_code":["11"],"billing_class":"professional","payments":[{"allowed_amount":14.30,"billing_code_modifier":[""],"providers":[{"billed_charge":45.00,"npi":[1154507010,1497715320]}]}]},{"tin":{"type":"ein","value":"753193190"},"service_code":["11"],"billing_class":"professional","payments":[{"allowed_amount":14.30,"billing_code_modifier":[""],"providers":[{"billed_charge":83.00,"npi":[1073147416,1073667416,1361151127,1366972427,1366975427,1730233180]}]}]}]},{"name":"CHIROPRACTIC MANIPULATIVE TX SPINAL 3-4 REGIONS","billing_code_type":"CPT","billing_code_type_version":"2020","billing_code":"98941","description":"CHIROPRACTIC MANIPULATIVE TX SPINAL 3-4 REGIONS","allowed_amounts":[{"tin":{"type":"ein","value":"311557753"},"service_code":["11"],"billing_class":"professional","payments":[{"allowed_amount":19.79,"billing_code_modifier":[""],"providers":[{"billed_charge":79.00,"npi":[1225130503,1619947694]}]}]},{"tin":{"type":"ein","value":"341737573"},"service_code":["11"],"billing_class":"professional","payments":[{"allowed_amount":19.79,"billing_code_modifier":[""],"providers":[{"billed_charge":50.00,"npi":[1063767697,1851335541]}]}]},{"tin":{"type":"ein","value":"341883685"},"service_code":["11"],"billing_class":"professional","payments":[{"allowed_amount":19.79,"billing_code_modifier":[""],"providers":[{"billed_charge":60.00,"npi":[1013509249,1902941313,1982728077]}]}]},{"tin":{"type":"ein","value":"455467942"},"service_code":["11"],"billing_class":"professional","payments":[{"allowed_amount":19.79,"billing_code_modifier":[""],"providers":[{"billed_charge":69.00,"npi":[1386764637,1518359488,1689956518,1841552205]}]}]},{"tin":{"type":"ein","value":"472868974"},"service_code":["11"],"billing_class":"professional","payments":[{"allowed_amount":19.79,"billing_code_modifier":[""],"providers":[{"billed_charge":69.00,"npi":[1386764637,1518359488]}]}]},{"tin":{"type":"ein","value":"844609217"},"service_code":["11"],"billing_class":"professional","payments":[{"allowed_amount":19.79,"billing_code_modifier":[""],"providers":[{"billed_charge":70.00,"npi":[1285256727,1306492244]}]}]}]},{"name":"ELECTROENCEPHALOGRAM W\/REC AWAKE&DROWSY","billing_code_type":"CPT","billing_code_type_version":"2020","billing_code":"95816","description":"ELECTROENCEPHALOGRAM W\/REC AWAKE&DROWSY","allowed_amounts":[{"tin":{"type":"ein","value":"883839275"},"service_code":["11"],"billing_class":"professional","payments":[{"allowed_amount":435.94,"billing_code_modifier":[""],"providers":[{"billed_charge":750.00,"npi":[1235192659,1841919032]}]}]}]},{"name":"PSYCHIATRIC\/PSYCHOLOGICAL SVCS: GROUP THERAPY","billing_code_type":"RC","billing_code_type_version":"UB04","billing_code":"0915","description":"PSYCHIATRIC\/PSYCHOLOGICAL SVCS: GROUP THERAPY","allowed_amounts":[{"tin":{"type":"ein","value":"873581824"},"service_code":["22"],"billing_class":"institutional","payments":[{"allowed_amount":278.10,"billing_code_modifier":[""],"providers":[{"billed_charge":1409.00,"npi":[1295466266,1750724886]}]}]}]},{"name":"PSYCHIATRIC\/PSYCHOLOGICAL SVCS: PARTIAL HOSP - LES","billing_code_type":"RC","billing_code_type_version":"UB04","billing_code":"0912","description":"PSYCHIATRIC\/PSYCHOLOGICAL SVCS: PARTIAL HOSP - LES","allowed_amounts":[{"tin":{"type":"ein","value":"273483854"},"service_code":["22"],"billing_class":"institutional","payments":[{"allowed_amount":178.13,"billing_code_modifier":[""],"providers":[{"billed_charge":4750.00,"npi":[1174864839]}]}]}]},{"name":"RESIDENTIAL TREATMENT-PSYCHIATRIC","billing_code_type":"RC","billing_code_type_version":"UB04","billing_code":"1001","description":"RESIDENTIAL TREATMENT-PSYCHIATRIC","allowed_amounts":[{"tin":{"type":"ein","value":"922593646"},"service_code":["21"],"billing_class":"institutional","payments":[{"allowed_amount":1504.00,"billing_code_modifier":[""],"providers":[{"billed_charge":5000.00,"npi":[1679272686]}]}]}]},{"name":"THER PX 1\/> AREAS EACH 15 MIN NEUROMUSC REEDUCA","billing_code_type":"CPT","billing_code_type_version":"2020","billing_code":"97112","description":"THER PX 1\/> AREAS EACH 15 MIN NEUROMUSC REEDUCA","allowed_amounts":[{"tin":{"type":"ein","value":"271245265"},"service_code":["11"],"billing_class":"professional","payments":[{"allowed_amount":50.94,"billing_code_modifier":[""],"providers":[{"billed_charge":165.00,"npi":[1043956766,1366428484,1417184094,1790014165]}]}]}]},{"name":"THERAPEUTIC PX 1\/> AREAS EACH 15 MIN EXERCISES","billing_code_type":"CPT","billing_code_type_version":"2020","billing_code":"97110","description":"THERAPEUTIC PX 1\/> AREAS EACH 15 MIN EXERCISES","allowed_amounts":[{"tin":{"type":"ein","value":"455467942"},"service_code":["11"],"billing_class":"professional","payments":[{"allowed_amount":49.92,"billing_code_modifier":[""],"providers":[{"billed_charge":150.00,"npi":[1386764637,1518359488,1689956518,1841552205]}]}]},{"tin":{"type":"ein","value":"811902834"},"service_code":["11"],"billing_class":"professional","payments":[{"allowed_amount":49.92,"billing_code_modifier":[""],"providers":[{"billed_charge":450.00,"npi":[1699027805,1902362692]}]}]}]}]}
