{"reporting_entity_name": "IEC Group_DBA AmeriBen",
	"reporting_entity_type": "Third Party Administrator",
	"plan_name": "LA POSADA AT PARK CENTRE INC",
	"plan_id_type": "ein",
	"plan_id": "860828160",
	"plan_market_type": "group",
	"last_updated_on": "2024-04-01","Version": "1.0.0","out_of_network":[{"name":"CAPD OPD\/HOME: CAPD COMP OR OTHER RATE","billing_code_type":"RC","billing_code_type_version":"UB04","billing_code":"0841","description":"CAPD OPD\/HOME: CAPD COMP OR OTHER RATE","allowed_amounts":[{"tin":{"type":"ein","value":"621323090"},"service_code":["65"],"billing_class":"institutional","payments":[{"allowed_amount":325.44,"billing_code_modifier":[""],"providers":[{"billed_charge":3374.00,"npi":[1306187570,1861465684]},{"billed_charge":8007.00,"npi":[1306187570,1861465684]}]},{"allowed_amount":325.44,"billing_code_modifier":[""],"providers":[{"billed_charge":3374.00,"npi":[1306187570,1861465684]},{"billed_charge":8007.00,"npi":[1306187570,1861465684]}]}]},{"tin":{"type":"ein","value":"621323090"},"service_code":["65"],"billing_class":"institutional","payments":[{"allowed_amount":325.44,"billing_code_modifier":[""],"providers":[{"billed_charge":3374.00,"npi":[1306187570,1861465684]},{"billed_charge":8007.00,"npi":[1306187570,1861465684]}]},{"allowed_amount":325.44,"billing_code_modifier":[""],"providers":[{"billed_charge":3374.00,"npi":[1306187570,1861465684]},{"billed_charge":8007.00,"npi":[1306187570,1861465684]}]}]}]}]}
