{"reporting_entity_name": "IEC Group_DBA AmeriBen",
	"reporting_entity_type": "Third Party Administrator",
	"plan_name": "ANALEX CORP DBA ARCFIELD",
	"plan_id_type": "ein",
	"plan_id": "710869563",
	"plan_market_type": "group",
	"last_updated_on": "2024-02-01","Version": "1.0.0","out_of_network":[{"name":"APPL MODALITY 1\/> AREAS ELEC STIMJ UNATTENDED","billing_code_type":"CPT","billing_code_type_version":"2020","billing_code":"97014","description":"APPL MODALITY 1\/> AREAS ELEC STIMJ UNATTENDED","allowed_amounts":[{"tin":{"type":"ein","value":"204492098"},"service_code":["11"],"billing_class":"professional","payments":[{"allowed_amount":13.57,"billing_code_modifier":[""],"providers":[{"billed_charge":19.74,"npi":[1780860254,1831133388]}]}]},{"tin":{"type":"ein","value":"260789334"},"service_code":["11"],"billing_class":"professional","payments":[{"allowed_amount":13.57,"billing_code_modifier":[""],"providers":[{"billed_charge":48.95,"npi":[1124209952]}]}]},{"tin":{"type":"ein","value":"823816594"},"service_code":["11"],"billing_class":"professional","payments":[{"allowed_amount":13.57,"billing_code_modifier":[""],"providers":[{"billed_charge":48.95,"npi":[1083896179]}]}]}]},{"name":"CHIROPRACTIC MANIPLTV TX EXTRASPINAL 1\/> REGION","billing_code_type":"CPT","billing_code_type_version":"2020","billing_code":"98943","description":"CHIROPRACTIC MANIPLTV TX EXTRASPINAL 1\/> REGION","allowed_amounts":[{"tin":{"type":"ein","value":"204492098"},"service_code":["11"],"billing_class":"professional","payments":[{"allowed_amount":35.54,"billing_code_modifier":[""],"providers":[{"billed_charge":58.73,"npi":[1780860254,1831133388]}]}]},{"tin":{"type":"ein","value":"260789334"},"service_code":["11"],"billing_class":"professional","payments":[{"allowed_amount":35.54,"billing_code_modifier":[""],"providers":[{"billed_charge":86.95,"npi":[1124209952]}]}]},{"tin":{"type":"ein","value":"823816594"},"service_code":["11"],"billing_class":"professional","payments":[{"allowed_amount":35.54,"billing_code_modifier":[""],"providers":[{"billed_charge":86.95,"npi":[1083896179]}]}]}]},{"name":"CHIROPRACTIC MANIPULATIVE TX SPINAL 3-4 REGIONS","billing_code_type":"CPT","billing_code_type_version":"2020","billing_code":"98941","description":"CHIROPRACTIC MANIPULATIVE TX SPINAL 3-4 REGIONS","allowed_amounts":[{"tin":{"type":"ein","value":"204492098"},"service_code":["11"],"billing_class":"professional","payments":[{"allowed_amount":47.78,"billing_code_modifier":[""],"providers":[{"billed_charge":100.80,"npi":[1780860254,1831133388]}]}]},{"tin":{"type":"ein","value":"260789334"},"service_code":["11"],"billing_class":"professional","payments":[{"allowed_amount":47.78,"billing_code_modifier":[""],"providers":[{"billed_charge":110.95,"npi":[1124209952]}]}]}]},{"name":"MEDICAL NUTRITION RE-ASSMT&IVNTJ INDIV EA 15 M","billing_code_type":"CPT","billing_code_type_version":"2020","billing_code":"97803","description":"MEDICAL NUTRITION RE-ASSMT&IVNTJ INDIV EA 15 M","allowed_amounts":[{"tin":{"type":"ein","value":"844102715"},"service_code":["02","10","11"],"billing_class":"professional","payments":[{"allowed_amount":39.94,"billing_code_modifier":[""],"providers":[{"billed_charge":190.00,"npi":[1265026314,1922617141]}]}]}]},{"name":"PHARMACY","billing_code_type":"RC","billing_code_type_version":"UB04","billing_code":"0250","description":"PHARMACY","allowed_amounts":[{"tin":{"type":"ein","value":"953372911"},"service_code":["65"],"billing_class":"institutional","payments":[{"allowed_amount":0.05,"billing_code_modifier":[""],"providers":[{"billed_charge":0.90,"npi":[1275531832,1295078277]},{"billed_charge":1.30,"npi":[1275531832,1295078277]}]},{"allowed_amount":0.05,"billing_code_modifier":[""],"providers":[{"billed_charge":0.90,"npi":[1275531832,1295078277]},{"billed_charge":1.30,"npi":[1275531832,1295078277]}]}]},{"tin":{"type":"ein","value":"953372911"},"service_code":["65"],"billing_class":"institutional","payments":[{"allowed_amount":0.05,"billing_code_modifier":[""],"providers":[{"billed_charge":0.90,"npi":[1275531832,1295078277]},{"billed_charge":1.30,"npi":[1275531832,1295078277]}]},{"allowed_amount":0.05,"billing_code_modifier":[""],"providers":[{"billed_charge":0.90,"npi":[1275531832,1295078277]},{"billed_charge":1.30,"npi":[1275531832,1295078277]}]}]}]}]}
