{"reporting_entity_name": "IEC Group_DBA AmeriBen",
	"reporting_entity_type": "Third Party Administrator",
	"plan_name": "WESTERN HEALTH ADVANTAGE",
	"plan_id_type": "ein",
	"plan_id": "680393304",
	"plan_market_type": "group",
	"last_updated_on": "2024-01-01","Version": "1.0.0","out_of_network":[{"name":"EMERGENCY DEPARTMENT VISIT MODERATE MDM","billing_code_type":"CPT","billing_code_type_version":"2020","billing_code":"99284","description":"EMERGENCY DEPARTMENT VISIT MODERATE MDM","allowed_amounts":[{"tin":{"type":"ein","value":"814978794"},"service_code":["23"],"billing_class":"professional","payments":[{"allowed_amount":152.64,"billing_code_modifier":[""],"providers":[{"billed_charge":792.00,"npi":[1073028569,1275913923,1629059746]}]}]},{"tin":{"type":"ein","value":"942706692"},"service_code":["23"],"billing_class":"professional","payments":[{"allowed_amount":152.64,"billing_code_modifier":[""],"providers":[{"billed_charge":815.00,"npi":[1306011127,1336499789,1659361392,1972500593]}]}]},{"tin":{"type":"ein","value":"942769209"},"service_code":["23"],"billing_class":"professional","payments":[{"allowed_amount":152.64,"billing_code_modifier":[""],"providers":[{"billed_charge":1014.00,"npi":[1164928800,1528190931,1841220720]}]}]},{"tin":{"type":"ein","value":"943302301"},"service_code":["23"],"billing_class":"professional","payments":[{"allowed_amount":152.64,"billing_code_modifier":[""],"providers":[{"billed_charge":1064.00,"npi":[1316938301,1447288345,1629069935,1629337449]}]}]}]},{"name":"SERVICES PROVIDED BTW 10 PM&8 AM AT 24-HR FACI","billing_code_type":"CPT","billing_code_type_version":"2020","billing_code":"99053","description":"SERVICES PROVIDED BTW 10 PM&8 AM AT 24-HR FACI","allowed_amounts":[{"tin":{"type":"ein","value":"271369141"},"service_code":["23"],"billing_class":"professional","payments":[{"allowed_amount":0.00,"billing_code_modifier":[""],"providers":[{"billed_charge":52.00,"npi":[1275621104,1811357023,1992736649]}]}]},{"tin":{"type":"ein","value":"371759104"},"service_code":["23"],"billing_class":"professional","payments":[{"allowed_amount":0.00,"billing_code_modifier":[""],"providers":[{"billed_charge":52.00,"npi":[1093944134,1629167457,1639577802]}]}]},{"tin":{"type":"ein","value":"752979118"},"service_code":["23"],"billing_class":"professional","payments":[{"allowed_amount":0.00,"billing_code_modifier":[""],"providers":[{"billed_charge":41.00,"npi":[1285688267,1750319273,1952344293]}]}]},{"tin":{"type":"ein","value":"942706692"},"service_code":["23"],"billing_class":"professional","payments":[{"allowed_amount":0.00,"billing_code_modifier":[""],"providers":[{"billed_charge":65.00,"npi":[1508122276,1972500593]}]}]},{"tin":{"type":"ein","value":"943226120"},"service_code":["23"],"billing_class":"professional","payments":[{"allowed_amount":0.00,"billing_code_modifier":[""],"providers":[{"billed_charge":55.00,"npi":[1013906221,1265883276,1780692632]}]}]},{"tin":{"type":"ein","value":"943302301"},"service_code":["23"],"billing_class":"professional","payments":[{"allowed_amount":0.00,"billing_code_modifier":[""],"providers":[{"billed_charge":47.00,"npi":[1053595231,1316938301,1447288345,1790118651]}]}]}]}]}
