{"reporting_entity_name": "IEC Group_DBA AmeriBen",
	"reporting_entity_type": "Third Party Administrator",
	"plan_name": "SYNOVUS FINANCIAL",
	"plan_id_type": "ein",
	"plan_id": "581134883",
	"plan_market_type": "group",
	"last_updated_on": "2023-02-01","Version": "1.0.0","out_of_network":[{"name":"BLOOD TYPING SEROLOGIC ABO","billing_code_type":"CPT","billing_code_type_version":"2020","billing_code":"86900","description":"BLOOD TYPING SEROLOGIC ABO","allowed_amounts":[{"tin":{"type":"ein","value":"200253166"},"service_code":["21"],"billing_class":"professional","payments":[{"allowed_amount":0.00,"billing_code_modifier":[""],"providers":[{"billed_charge":14.00,"npi":[1134193634,1326364902,1912979626]}]}]},{"tin":{"type":"ein","value":"591559063"},"service_code":["21"],"billing_class":"professional","payments":[{"allowed_amount":0.00,"billing_code_modifier":[""],"providers":[{"billed_charge":31.00,"npi":[1093957201,1497727895,1871567289]}]}]},{"tin":{"type":"ein","value":"650275837"},"service_code":["22"],"billing_class":"professional","payments":[{"allowed_amount":0.00,"billing_code_modifier":[""],"providers":[{"billed_charge":21.00,"npi":[1215909536,1659572022,1922159292]}]}]}]},{"name":"COLLECTION VENOUS BLOOD VENIPUNCTURE","billing_code_type":"CPT","billing_code_type_version":"2020","billing_code":"36415","description":"COLLECTION VENOUS BLOOD VENIPUNCTURE","allowed_amounts":[{"tin":{"type":"ein","value":"382084239"},"service_code":["81"],"billing_class":"professional","payments":[{"allowed_amount":1.02,"billing_code_modifier":[""],"providers":[{"billed_charge":21.37,"npi":[1073606661,1073695292,1124062534,1174554455,1194784181,1245323468,1245980903,1306935283,1346420494,1407369200,1407849888,1447437322,1467618900,1467651711,1518903350,1528517802,1538226220,1629070289,1669642484,1669728697,1689659260,1750964011,1760740492,1770078420,1902819667,1932166386,1952406134,1972581015]}]}]},{"tin":{"type":"ein","value":"751093698"},"service_code":["81"],"billing_class":"professional","payments":[{"allowed_amount":1.02,"billing_code_modifier":[""],"providers":[{"billed_charge":6.00,"npi":[1659339711,1730380916,1962481820]}]}]}]},{"name":"COMPREHENSIVE METABOLIC PANEL","billing_code_type":"CPT","billing_code_type_version":"2020","billing_code":"80053","description":"COMPREHENSIVE METABOLIC PANEL","allowed_amounts":[{"tin":{"type":"ein","value":"382084239"},"service_code":["81"],"billing_class":"professional","payments":[{"allowed_amount":5.09,"billing_code_modifier":[""],"providers":[{"billed_charge":60.60,"npi":[1770118747,1932166386]},{"billed_charge":88.07,"npi":[1073606661,1073695292,1194784181,1306935283,1407849888,1447437322,1932166386]}]},{"allowed_amount":5.09,"billing_code_modifier":[""],"providers":[{"billed_charge":60.60,"npi":[1770118747,1932166386]},{"billed_charge":88.07,"npi":[1073606661,1073695292,1194784181,1306935283,1407849888,1447437322,1932166386]}]}]},{"tin":{"type":"ein","value":"382084239"},"service_code":["81"],"billing_class":"professional","payments":[{"allowed_amount":5.09,"billing_code_modifier":[""],"providers":[{"billed_charge":60.60,"npi":[1770118747,1932166386]},{"billed_charge":88.07,"npi":[1073606661,1073695292,1194784181,1306935283,1407849888,1447437322,1932166386]}]},{"allowed_amount":5.09,"billing_code_modifier":[""],"providers":[{"billed_charge":60.60,"npi":[1770118747,1932166386]},{"billed_charge":88.07,"npi":[1073606661,1073695292,1194784181,1306935283,1407849888,1447437322,1932166386]}]}]},{"tin":{"type":"ein","value":"751093698"},"service_code":["81"],"billing_class":"professional","payments":[{"allowed_amount":5.09,"billing_code_modifier":[""],"providers":[{"billed_charge":29.00,"npi":[1659339711,1962481820]}]}]},{"tin":{"type":"ein","value":"810576059"},"service_code":["81"],"billing_class":"professional","payments":[{"allowed_amount":5.09,"billing_code_modifier":[""],"providers":[{"billed_charge":21.12,"npi":[1093268138,1235186800,1841317138,1861422743]}]}]}]},{"name":"DRUG TEST PRSMV READ DIRECT OPTICAL OBS PR DATE","billing_code_type":"CPT","billing_code_type_version":"2020","billing_code":"80305","description":"DRUG TEST PRSMV READ DIRECT OPTICAL OBS PR DATE","allowed_amounts":[{"tin":{"type":"ein","value":"271294959"},"service_code":["57"],"billing_class":"professional","payments":[{"allowed_amount":8.82,"billing_code_modifier":[""],"providers":[{"billed_charge":1200.00,"npi":[1730496126,1942234810]}]}]},{"tin":{"type":"ein","value":"811883329"},"service_code":["57"],"billing_class":"professional","payments":[{"allowed_amount":8.82,"billing_code_modifier":[""],"providers":[{"billed_charge":1200.00,"npi":[1235192659,1760056808]}]}]}]},{"name":"DRUGS REQUIRE SPECIFIC ID: DRUGS REQUIRING DETAIL","billing_code_type":"RC","billing_code_type_version":"UB04","billing_code":"0636","description":"DRUGS REQUIRE SPECIFIC ID: DRUGS REQUIRING DETAIL","allowed_amounts":[{"tin":{"type":"ein","value":"042832065"},"service_code":["65"],"billing_class":"institutional","payments":[{"allowed_amount":4.88,"billing_code_modifier":[""],"providers":[{"billed_charge":140.30,"npi":[1295721124,1871712927]}]}]},{"tin":{"type":"ein","value":"042832065"},"service_code":["65"],"billing_class":"institutional","payments":[{"allowed_amount":5.22,"billing_code_modifier":[""],"providers":[{"billed_charge":140.30,"npi":[1295721124,1871712927]}]}]},{"tin":{"type":"ein","value":"042832065"},"service_code":["65"],"billing_class":"institutional","payments":[{"allowed_amount":34.15,"billing_code_modifier":[""],"providers":[{"billed_charge":982.10,"npi":[1295721124,1871712927]}]}]},{"tin":{"type":"ein","value":"042832065"},"service_code":["65"],"billing_class":"institutional","payments":[{"allowed_amount":36.53,"billing_code_modifier":[""],"providers":[{"billed_charge":982.10,"npi":[1295721124,1871712927]}]}]}]},{"name":"GENERAL HEALTH PANEL","billing_code_type":"CPT","billing_code_type_version":"2020","billing_code":"80050","description":"GENERAL HEALTH PANEL","allowed_amounts":[{"tin":{"type":"ein","value":"382084239"},"service_code":["81"],"billing_class":"professional","payments":[{"allowed_amount":14.76,"billing_code_modifier":[""],"providers":[{"billed_charge":236.59,"npi":[1760740492,1932166386]},{"billed_charge":264.06,"npi":[1033134556,1245323468,1306935283,1407369200,1417944513,1538226220,1588609838,1669642484,1669728697,1932166386,1952406134,1962799734]}]},{"allowed_amount":14.76,"billing_code_modifier":[""],"providers":[{"billed_charge":236.59,"npi":[1760740492,1932166386]},{"billed_charge":264.06,"npi":[1033134556,1245323468,1306935283,1407369200,1417944513,1538226220,1588609838,1669642484,1669728697,1932166386,1952406134,1962799734]}]}]},{"tin":{"type":"ein","value":"382084239"},"service_code":["81"],"billing_class":"professional","payments":[{"allowed_amount":14.76,"billing_code_modifier":[""],"providers":[{"billed_charge":236.59,"npi":[1760740492,1932166386]},{"billed_charge":264.06,"npi":[1033134556,1245323468,1306935283,1407369200,1417944513,1538226220,1588609838,1669642484,1669728697,1932166386,1952406134,1962799734]}]},{"allowed_amount":14.76,"billing_code_modifier":[""],"providers":[{"billed_charge":236.59,"npi":[1760740492,1932166386]},{"billed_charge":264.06,"npi":[1033134556,1245323468,1306935283,1407369200,1417944513,1538226220,1588609838,1669642484,1669728697,1932166386,1952406134,1962799734]}]}]},{"tin":{"type":"ein","value":"751093698"},"service_code":["81"],"billing_class":"professional","payments":[{"allowed_amount":14.76,"billing_code_modifier":[""],"providers":[{"billed_charge":59.15,"npi":[1730380916,1962481820]}]}]},{"tin":{"type":"ein","value":"810576059"},"service_code":["81"],"billing_class":"professional","payments":[{"allowed_amount":45.00,"billing_code_modifier":[""],"providers":[{"billed_charge":60.00,"npi":[1073977781,1134761125,1144239104,1184614380,1235186800,1235287004,1497317937,1720077225,1780687954,1871038679,1952849721,1962926279,1992042402]}]}]}]},{"name":"HEMO OPD\/HOME: HEMODIALYSIS COMP OR OTHER RATE","billing_code_type":"RC","billing_code_type_version":"UB04","billing_code":"0821","description":"HEMO OPD\/HOME: HEMODIALYSIS COMP OR OTHER RATE","allowed_amounts":[{"tin":{"type":"ein","value":"042832065"},"service_code":["65"],"billing_class":"institutional","payments":[{"allowed_amount":278.56,"billing_code_modifier":[""],"providers":[{"billed_charge":8010.89,"npi":[1295721124,1871712927]}]}]},{"tin":{"type":"ein","value":"042832065"},"service_code":["65"],"billing_class":"institutional","payments":[{"allowed_amount":297.92,"billing_code_modifier":[""],"providers":[{"billed_charge":8010.89,"npi":[1295721124,1871712927]}]}]}]},{"name":"HEMOGLOBIN GLYCOSYLATED A1C","billing_code_type":"CPT","billing_code_type_version":"2020","billing_code":"83036","description":"HEMOGLOBIN GLYCOSYLATED A1C","allowed_amounts":[{"tin":{"type":"ein","value":"382084239"},"service_code":["81"],"billing_class":"professional","payments":[{"allowed_amount":4.68,"billing_code_modifier":[""],"providers":[{"billed_charge":74.25,"npi":[1033134556,1194784181,1245323468,1538226220,1659716587,1669642484,1669728697,1760740492,1770118747,1932166386,1952406134]}]}]},{"tin":{"type":"ein","value":"751093698"},"service_code":["81"],"billing_class":"professional","payments":[{"allowed_amount":4.68,"billing_code_modifier":[""],"providers":[{"billed_charge":26.65,"npi":[1659339711,1730380916,1962481820]}]}]},{"tin":{"type":"ein","value":"810576059"},"service_code":["81"],"billing_class":"professional","payments":[{"allowed_amount":4.68,"billing_code_modifier":[""],"providers":[{"billed_charge":40.68,"npi":[1235186800,1841317138]}]}]},{"tin":{"type":"ein","value":"810576059"},"service_code":["81"],"billing_class":"professional","payments":[{"allowed_amount":30.51,"billing_code_modifier":[""],"providers":[{"billed_charge":40.68,"npi":[1073977781,1144239104,1184614380,1235186800,1235287004,1720077225,1780687954,1861422743,1871038679,1952849721,1962926279,1992042402]}]}]}]},{"name":"IA DET NA;SEV AC RES SYND SARS-COV-2 COVID-19","billing_code_type":"HCPCS","billing_code_type_version":"HCPCS LEVEL II 2021","billing_code":"U0005","description":"IA DET NA;SEV AC RES SYND SARS-COV-2 COVID-19","allowed_amounts":[{"tin":{"type":"ein","value":"030511037"},"service_code":["81"],"billing_class":"professional","payments":[{"allowed_amount":25.00,"billing_code_modifier":[""],"providers":[{"billed_charge":125.00,"npi":[1790234839,1821110453]}]}]},{"tin":{"type":"ein","value":"262911443"},"service_code":["81"],"billing_class":"professional","payments":[{"allowed_amount":25.00,"billing_code_modifier":[""],"providers":[{"billed_charge":150.00,"npi":[1184861353,1447250170]}]}]},{"tin":{"type":"ein","value":"382084239"},"service_code":["81"],"billing_class":"professional","payments":[{"allowed_amount":25.00,"billing_code_modifier":[""],"providers":[{"billed_charge":25.00,"npi":[1295328664,1487996153,1508406182,1659758175,1700842176,1932166386]}]}]},{"tin":{"type":"ein","value":"464163620"},"service_code":["81"],"billing_class":"professional","payments":[{"allowed_amount":25.00,"billing_code_modifier":[""],"providers":[{"billed_charge":25.00,"npi":[1265854855,1912008087]}]}]},{"tin":{"type":"ein","value":"471359076"},"service_code":["81"],"billing_class":"professional","payments":[{"allowed_amount":0.00,"billing_code_modifier":[""],"providers":[{"billed_charge":25.00,"npi":[1134538713,1497846133,1952411399]}]}]},{"tin":{"type":"ein","value":"472462178"},"service_code":["81"],"billing_class":"professional","payments":[{"allowed_amount":0.00,"billing_code_modifier":[""],"providers":[{"billed_charge":50.00,"npi":[1639311509,1962018374]}]}]},{"tin":{"type":"ein","value":"472462178"},"service_code":["81"],"billing_class":"professional","payments":[{"allowed_amount":25.00,"billing_code_modifier":[""],"providers":[{"billed_charge":50.00,"npi":[1639311509,1962018374]}]}]},{"tin":{"type":"ein","value":"473727159"},"service_code":["81"],"billing_class":"professional","payments":[{"allowed_amount":25.00,"billing_code_modifier":[""],"providers":[{"billed_charge":25.00,"npi":[1053821777,1306513007,1740753003,1912521568]}]}]},{"tin":{"type":"ein","value":"475502891"},"service_code":["81"],"billing_class":"professional","payments":[{"allowed_amount":0.00,"billing_code_modifier":[""],"providers":[{"billed_charge":65.00,"npi":[1851992127,1902840283]}]}]},{"tin":{"type":"ein","value":"621433252"},"service_code":["81"],"billing_class":"professional","payments":[{"allowed_amount":25.00,"billing_code_modifier":[""],"providers":[{"billed_charge":31.25,"npi":[1114381282,1205465895,1689639544,1730725276,1831692979,1881352979,1902213853]}]}]},{"tin":{"type":"ein","value":"820980741"},"service_code":["81"],"billing_class":"professional","payments":[{"allowed_amount":25.00,"billing_code_modifier":[""],"providers":[{"billed_charge":25.00,"npi":[1447783923,1982997953]}]}]},{"tin":{"type":"ein","value":"831005259"},"service_code":["81"],"billing_class":"professional","payments":[{"allowed_amount":25.00,"billing_code_modifier":[""],"providers":[{"billed_charge":50.00,"npi":[1174092548,1881645174]}]}]},{"tin":{"type":"ein","value":"831454255"},"service_code":["81"],"billing_class":"professional","payments":[{"allowed_amount":0.00,"billing_code_modifier":[""],"providers":[{"billed_charge":37.50,"npi":[1043858996,1932511151]}]}]},{"tin":{"type":"ein","value":"840611484"},"service_code":["81"],"billing_class":"professional","payments":[{"allowed_amount":25.00,"billing_code_modifier":[""],"providers":[{"billed_charge":25.00,"npi":[1255314704,1730672643]}]}]},{"tin":{"type":"ein","value":"841905194"},"service_code":["60","81"],"billing_class":"professional","payments":[{"allowed_amount":40.00,"billing_code_modifier":[""],"providers":[{"billed_charge":40.00,"npi":[1386240786,1891733374]}]}]},{"tin":{"type":"ein","value":"845172222"},"service_code":["81"],"billing_class":"professional","payments":[{"allowed_amount":25.00,"billing_code_modifier":[""],"providers":[{"billed_charge":75.00,"npi":[1346769593,1659588762]}]}]},{"tin":{"type":"ein","value":"853253201"},"service_code":["81"],"billing_class":"professional","payments":[{"allowed_amount":25.00,"billing_code_modifier":[""],"providers":[{"billed_charge":25.00,"npi":[1326639519,1932867371,1982202453]}]}]},{"tin":{"type":"ein","value":"861287316"},"service_code":["81"],"billing_class":"professional","payments":[{"allowed_amount":25.00,"billing_code_modifier":[""],"providers":[{"billed_charge":50.00,"npi":[1669053286,1689633711]}]}]},{"tin":{"type":"ein","value":"873007294"},"service_code":["81"],"billing_class":"professional","payments":[{"allowed_amount":25.00,"billing_code_modifier":[""],"providers":[{"billed_charge":75.00,"npi":[1043973456,1356728091]}]}]},{"tin":{"type":"ein","value":"873826903"},"service_code":["81"],"billing_class":"professional","payments":[{"allowed_amount":25.00,"billing_code_modifier":[""],"providers":[{"billed_charge":31.25,"npi":[1508396755,1881352979]}]}]},{"tin":{"type":"ein","value":"880241758"},"service_code":["81"],"billing_class":"professional","payments":[{"allowed_amount":25.00,"billing_code_modifier":[""],"providers":[{"billed_charge":25.00,"npi":[1124417357,1356534994,1376633586,1841253705]}]}]}]},{"name":"IADNA SARS-COV-2 COVID-19 AMPLIFIED PROBE TQ","billing_code_type":"CPT","billing_code_type_version":"2020","billing_code":"87635","description":"IADNA SARS-COV-2 COVID-19 AMPLIFIED PROBE TQ","allowed_amounts":[{"tin":{"type":"ein","value":"361924025"},"service_code":["81"],"billing_class":"professional","payments":[{"allowed_amount":51.31,"billing_code_modifier":[""],"providers":[{"billed_charge":100.00,"npi":[1346403045,1376633586,1386659589,1386930071,1699782672,1700309317,1750659421,1780107334]}]}]},{"tin":{"type":"ein","value":"453191160"},"service_code":["20"],"billing_class":"professional","payments":[{"allowed_amount":51.31,"billing_code_modifier":[""],"providers":[{"billed_charge":120.00,"npi":[1023245388,1043440811,1235411547,1548498660,1598958894,1760730071,1982991873]}]}]},{"tin":{"type":"ein","value":"472300556"},"service_code":["11"],"billing_class":"professional","payments":[{"allowed_amount":51.31,"billing_code_modifier":[""],"providers":[{"billed_charge":150.00,"npi":[1083005565,1356715726]}]}]}]},{"name":"INF AGT DET DNA\/RNA;SARS-COV-2 COVID-19 AMP P T","billing_code_type":"HCPCS","billing_code_type_version":"HCPCS LEVEL II 2021","billing_code":"U0003","description":"INF AGT DET DNA\/RNA;SARS-COV-2 COVID-19 AMP P T","allowed_amounts":[{"tin":{"type":"ein","value":"030511037"},"service_code":["81"],"billing_class":"professional","payments":[{"allowed_amount":75.00,"billing_code_modifier":[""],"providers":[{"billed_charge":375.00,"npi":[1790234839,1821110453]}]}]},{"tin":{"type":"ein","value":"331168930"},"service_code":["81"],"billing_class":"professional","payments":[{"allowed_amount":75.00,"billing_code_modifier":[""],"providers":[{"billed_charge":125.00,"npi":[1184814014,1558504308]}]}]},{"tin":{"type":"ein","value":"382084239"},"service_code":["81"],"billing_class":"professional","payments":[{"allowed_amount":75.00,"billing_code_modifier":[""],"providers":[{"billed_charge":100.00,"npi":[1295328664,1487996153,1508406182,1659758175,1700842176,1932166386]}]}]},{"tin":{"type":"ein","value":"464163620"},"service_code":["81"],"billing_class":"professional","payments":[{"allowed_amount":75.00,"billing_code_modifier":[""],"providers":[{"billed_charge":250.00,"npi":[1265854855,1912008087]}]}]},{"tin":{"type":"ein","value":"472462178"},"service_code":["81"],"billing_class":"professional","payments":[{"allowed_amount":125.00,"billing_code_modifier":[""],"providers":[{"billed_charge":250.00,"npi":[1639311509,1962018374]}]}]},{"tin":{"type":"ein","value":"473727159"},"service_code":["81"],"billing_class":"professional","payments":[{"allowed_amount":75.00,"billing_code_modifier":[""],"providers":[{"billed_charge":125.00,"npi":[1053821777,1306513007,1740753003,1912521568]}]}]},{"tin":{"type":"ein","value":"473727159"},"service_code":["81"],"billing_class":"professional","payments":[{"allowed_amount":125.00,"billing_code_modifier":[""],"providers":[{"billed_charge":125.00,"npi":[1184136681,1447725551,1912521568]}]}]},{"tin":{"type":"ein","value":"621433252"},"service_code":["81"],"billing_class":"professional","payments":[{"allowed_amount":75.00,"billing_code_modifier":[""],"providers":[{"billed_charge":125.00,"npi":[1114381282,1205465895,1689639544,1730725276,1831692979,1881352979,1902213853]}]}]},{"tin":{"type":"ein","value":"621433252"},"service_code":["81"],"billing_class":"professional","payments":[{"allowed_amount":125.00,"billing_code_modifier":[""],"providers":[{"billed_charge":125.00,"npi":[1255755450,1376794982,1407518442,1689639544]}]}]},{"tin":{"type":"ein","value":"841905194"},"service_code":["60","81"],"billing_class":"professional","payments":[{"allowed_amount":140.00,"billing_code_modifier":[""],"providers":[{"billed_charge":140.00,"npi":[1386240786,1891733374]}]}]},{"tin":{"type":"ein","value":"845172222"},"service_code":["81"],"billing_class":"professional","payments":[{"allowed_amount":75.00,"billing_code_modifier":[""],"providers":[{"billed_charge":225.00,"npi":[1346769593,1659588762]}]}]},{"tin":{"type":"ein","value":"861287316"},"service_code":["81"],"billing_class":"professional","payments":[{"allowed_amount":75.00,"billing_code_modifier":[""],"providers":[{"billed_charge":200.00,"npi":[1669053286,1689633711]}]}]},{"tin":{"type":"ein","value":"873826903"},"service_code":["81"],"billing_class":"professional","payments":[{"allowed_amount":75.00,"billing_code_modifier":[""],"providers":[{"billed_charge":125.00,"npi":[1508396755,1881352979]}]}]},{"tin":{"type":"ein","value":"880241758"},"service_code":["81"],"billing_class":"professional","payments":[{"allowed_amount":75.00,"billing_code_modifier":[""],"providers":[{"billed_charge":100.00,"npi":[1124417357,1376633586]}]}]}]},{"name":"LIPID PANEL","billing_code_type":"CPT","billing_code_type_version":"2020","billing_code":"80061","description":"LIPID PANEL","allowed_amounts":[{"tin":{"type":"ein","value":"271117058"},"service_code":["81"],"billing_class":"professional","payments":[{"allowed_amount":7.68,"billing_code_modifier":[""],"providers":[{"billed_charge":90.05,"npi":[1063734739,1588743165]}]}]},{"tin":{"type":"ein","value":"382084239"},"service_code":["81"],"billing_class":"professional","payments":[{"allowed_amount":7.68,"billing_code_modifier":[""],"providers":[{"billed_charge":148.10,"npi":[1033134556,1073695292,1194784181,1245323468,1245980903,1306935283,1417944513,1447437322,1538226220,1588609838,1669642484,1669728697,1760740492,1770118747,1932166386,1962799734,1972581015]}]}]},{"tin":{"type":"ein","value":"751093698"},"service_code":["81"],"billing_class":"professional","payments":[{"allowed_amount":7.68,"billing_code_modifier":[""],"providers":[{"billed_charge":36.75,"npi":[1659339711,1962481820]}]}]},{"tin":{"type":"ein","value":"810576059"},"service_code":["81"],"billing_class":"professional","payments":[{"allowed_amount":7.68,"billing_code_modifier":[""],"providers":[{"billed_charge":56.16,"npi":[1235186800,1841317138]}]}]},{"tin":{"type":"ein","value":"810576059"},"service_code":["81"],"billing_class":"professional","payments":[{"allowed_amount":42.12,"billing_code_modifier":[""],"providers":[{"billed_charge":56.16,"npi":[1073977781,1134761125,1144239104,1184614380,1235186800,1235287004,1497317937,1720077225,1780687954,1801833173,1861422743,1871038679,1952849721,1962926279,1992042402]}]}]}]},{"name":"MEDICAL\/SURGICAL SUPPLIES","billing_code_type":"RC","billing_code_type_version":"UB04","billing_code":"0270","description":"MEDICAL\/SURGICAL SUPPLIES","allowed_amounts":[{"tin":{"type":"ein","value":"042832065"},"service_code":["65"],"billing_class":"institutional","payments":[{"allowed_amount":2.67,"billing_code_modifier":[""],"providers":[{"billed_charge":135.24,"npi":[1295721124,1871712927]}]}]},{"tin":{"type":"ein","value":"042832065"},"service_code":["65"],"billing_class":"institutional","payments":[{"allowed_amount":4.70,"billing_code_modifier":[""],"providers":[{"billed_charge":135.24,"npi":[1295721124,1871712927]}]}]},{"tin":{"type":"ein","value":"042832065"},"service_code":["65"],"billing_class":"institutional","payments":[{"allowed_amount":5.03,"billing_code_modifier":[""],"providers":[{"billed_charge":135.24,"npi":[1295721124,1871712927]}]}]},{"tin":{"type":"ein","value":"042832065"},"service_code":["65"],"billing_class":"institutional","payments":[{"allowed_amount":5.38,"billing_code_modifier":[""],"providers":[{"billed_charge":135.24,"npi":[1295721124,1871712927]}]}]}]},{"name":"ONCOLOGY COLORECTAL SCREENING QUAN 10 DNA MARKRS","billing_code_type":"CPT","billing_code_type_version":"2020","billing_code":"81528","description":"ONCOLOGY COLORECTAL SCREENING QUAN 10 DNA MARKRS","allowed_amounts":[{"tin":{"type":"ein","value":"463095174"},"service_code":["81"],"billing_class":"professional","payments":[{"allowed_amount":173.02,"billing_code_modifier":[""],"providers":[{"billed_charge":681.00,"npi":[1033497318,1124062534,1134116106,1427437797,1437340148,1629236286,1629407069,1689871295,1699731679,1699794818,1700879244,1831134881,1982678702]}]}]}]},{"name":"PHARMACY","billing_code_type":"RC","billing_code_type_version":"UB04","billing_code":"0250","description":"PHARMACY","allowed_amounts":[{"tin":{"type":"ein","value":"042832065"},"service_code":["65"],"billing_class":"institutional","payments":[{"allowed_amount":6.26,"billing_code_modifier":[""],"providers":[{"billed_charge":180.13,"npi":[1295721124,1871712927]}]}]},{"tin":{"type":"ein","value":"042832065"},"service_code":["65"],"billing_class":"institutional","payments":[{"allowed_amount":6.70,"billing_code_modifier":[""],"providers":[{"billed_charge":180.13,"npi":[1295721124,1871712927]}]}]}]},{"name":"PSYCHIATRIC\/PSYCHOLOGICAL SVCS: PARTIAL HOSP - INT","billing_code_type":"RC","billing_code_type_version":"UB04","billing_code":"0913","description":"PSYCHIATRIC\/PSYCHOLOGICAL SVCS: PARTIAL HOSP - INT","allowed_amounts":[{"tin":{"type":"ein","value":"813344261"},"service_code":["22"],"billing_class":"institutional","payments":[{"allowed_amount":800.00,"billing_code_modifier":[""],"providers":[{"billed_charge":3000.00,"npi":[1750822847,1932387842]}]}]}]},{"name":"PSYCHIATRIC\/PSYCHOLOGICAL TRT: INTENSIVE OUT SERV","billing_code_type":"RC","billing_code_type_version":"UB04","billing_code":"0906","description":"PSYCHIATRIC\/PSYCHOLOGICAL TRT: INTENSIVE OUT SERV","allowed_amounts":[{"tin":{"type":"ein","value":"273973022"},"service_code":["22"],"billing_class":"institutional","payments":[{"allowed_amount":500.00,"billing_code_modifier":[""],"providers":[{"billed_charge":1250.00,"npi":[1528274552]}]}]},{"tin":{"type":"ein","value":"813344261"},"service_code":["22"],"billing_class":"institutional","payments":[{"allowed_amount":500.00,"billing_code_modifier":[""],"providers":[{"billed_charge":2100.00,"npi":[1750822847,1932387842]}]}]}]},{"name":"PSYCHOTHERAPY W\/PATIENT 45 MINUTES","billing_code_type":"CPT","billing_code_type_version":"2020","billing_code":"90834","description":"PSYCHOTHERAPY W\/PATIENT 45 MINUTES","allowed_amounts":[{"tin":{"type":"ein","value":"581284210"},"service_code":["11"],"billing_class":"professional","payments":[{"allowed_amount":113.40,"billing_code_modifier":[""],"providers":[{"billed_charge":195.00,"npi":[1750403416]}]}]},{"tin":{"type":"ein","value":"999999999"},"service_code":["11"],"billing_class":"professional","payments":[{"allowed_amount":113.40,"billing_code_modifier":[""],"providers":[{"billed_charge":150.00,"npi":[1316519994]}]}]}]},{"name":"PSYCHOTHERAPY W\/PATIENT 60 MINUTES","billing_code_type":"CPT","billing_code_type_version":"2020","billing_code":"90837","description":"PSYCHOTHERAPY W\/PATIENT 60 MINUTES","allowed_amounts":[{"tin":{"type":"ein","value":"270997764"},"service_code":["02","11"],"billing_class":"professional","payments":[{"allowed_amount":135.00,"billing_code_modifier":[""],"providers":[{"billed_charge":135.00,"npi":[1023447216,1649765017]}]}]}]},{"name":"SPEC CLCT FOR SARS-COV-2 COVID-19 ANY SPEC SRC","billing_code_type":"HCPCS","billing_code_type_version":"HCPCS LEVEL II 2021","billing_code":"G2023","description":"SPEC CLCT FOR SARS-COV-2 COVID-19 ANY SPEC SRC","allowed_amounts":[{"tin":{"type":"ein","value":"030511037"},"service_code":["81"],"billing_class":"professional","payments":[{"allowed_amount":0.00,"billing_code_modifier":[""],"providers":[{"billed_charge":117.00,"npi":[1790234839,1821110453]}]}]},{"tin":{"type":"ein","value":"202236284"},"service_code":["11"],"billing_class":"professional","payments":[{"allowed_amount":23.46,"billing_code_modifier":[""],"providers":[{"billed_charge":35.00,"npi":[1164198677,1730175969,1831205228]}]}]},{"tin":{"type":"ein","value":"262911443"},"service_code":["81"],"billing_class":"professional","payments":[{"allowed_amount":23.46,"billing_code_modifier":[""],"providers":[{"billed_charge":30.00,"npi":[1184861353,1447250170]}]}]},{"tin":{"type":"ein","value":"361924025"},"service_code":["21","81"],"billing_class":"professional","payments":[{"allowed_amount":23.46,"billing_code_modifier":[""],"providers":[{"billed_charge":28.99,"npi":[1164437422,1184639452,1346403045,1376633586,1376719849,1386659589,1386930071,1437164795,1699782672,1700309317,1750396958,1750659421,1780107334,1952316168]}]}]},{"tin":{"type":"ein","value":"361924025"},"service_code":["81"],"billing_class":"professional","payments":[{"allowed_amount":0.00,"billing_code_modifier":[""],"providers":[{"billed_charge":28.99,"npi":[1053326264,1164438594,1356534994,1366457509,1376558502,1972510055]}]}]},{"tin":{"type":"ein","value":"464163620"},"service_code":["81"],"billing_class":"professional","payments":[{"allowed_amount":23.46,"billing_code_modifier":[""],"providers":[{"billed_charge":50.00,"npi":[1265854855,1912008087]}]}]},{"tin":{"type":"ein","value":"475502891"},"service_code":["81"],"billing_class":"professional","payments":[{"allowed_amount":23.46,"billing_code_modifier":[""],"providers":[{"billed_charge":50.00,"npi":[1851992127,1902840283]}]}]},{"tin":{"type":"ein","value":"831454255"},"service_code":["81"],"billing_class":"professional","payments":[{"allowed_amount":0.00,"billing_code_modifier":[""],"providers":[{"billed_charge":35.19,"npi":[1043858996,1932511151]}]}]},{"tin":{"type":"ein","value":"841905194"},"service_code":["60","81"],"billing_class":"professional","payments":[{"allowed_amount":0.00,"billing_code_modifier":[""],"providers":[{"billed_charge":40.00,"npi":[1386240786,1891733374]}]}]},{"tin":{"type":"ein","value":"845172222"},"service_code":["81"],"billing_class":"professional","payments":[{"allowed_amount":0.00,"billing_code_modifier":[""],"providers":[{"billed_charge":70.38,"npi":[1346769593,1659588762]}]}]},{"tin":{"type":"ein","value":"845172222"},"service_code":["81"],"billing_class":"professional","payments":[{"allowed_amount":23.46,"billing_code_modifier":[""],"providers":[{"billed_charge":70.38,"npi":[1346769593,1659588762]}]}]},{"tin":{"type":"ein","value":"853253201"},"service_code":["81"],"billing_class":"professional","payments":[{"allowed_amount":23.46,"billing_code_modifier":[""],"providers":[{"billed_charge":28.00,"npi":[1326639519,1932867371,1982202453]}]}]}]}]}
