{"reporting_entity_name": "IEC Group_DBA AmeriBen",
	"reporting_entity_type": "Third Party Administrator",
	"plan_name": "CARTER'S",
	"plan_id_type": "ein",
	"plan_id": "041156680",
	"plan_market_type": "group",
	"last_updated_on": "2022-11-01","Version": "1.0.0","out_of_network":[{"name":"25 HYDROXY INCLUDES FRACTIONS IF PERFORMED","billing_code_type":"CPT","billing_code_type_version":"2020","billing_code":"82306","description":"25 HYDROXY INCLUDES FRACTIONS IF PERFORMED","allowed_amounts":[{"tin":{"type":"ein","value":"112019482"},"service_code":["81"],"billing_class":"professional","payments":[{"allowed_amount":35.52,"billing_code_modifier":[""],"providers":[{"billed_charge":118.40,"npi":[1548285497,1598820235]}]}]},{"tin":{"type":"ein","value":"133757370"},"service_code":["81"],"billing_class":"professional","payments":[{"allowed_amount":35.52,"billing_code_modifier":[""],"providers":[{"billed_charge":234.46,"npi":[1295726032,1366984080]}]}]},{"tin":{"type":"ein","value":"205765514"},"service_code":["11"],"billing_class":"professional","payments":[{"allowed_amount":35.52,"billing_code_modifier":[""],"providers":[{"billed_charge":65.00,"npi":[1477562858,1528198223,1568471910]}]}]},{"tin":{"type":"ein","value":"223685980"},"service_code":["81"],"billing_class":"professional","payments":[{"allowed_amount":35.52,"billing_code_modifier":[""],"providers":[{"billed_charge":300.00,"npi":[1669515391,1851351571]}]}]},{"tin":{"type":"ein","value":"382084239"},"service_code":["81"],"billing_class":"professional","payments":[{"allowed_amount":35.52,"billing_code_modifier":[""],"providers":[{"billed_charge":241.84,"npi":[1245249333,1619935624,1902423841,1932166386]}]}]},{"tin":{"type":"ein","value":"742554159"},"service_code":["81"],"billing_class":"professional","payments":[{"allowed_amount":35.52,"billing_code_modifier":[""],"providers":[{"billed_charge":99.00,"npi":[1194769497,1568092518]}]}]},{"tin":{"type":"ein","value":"810576059"},"service_code":["81"],"billing_class":"professional","payments":[{"allowed_amount":35.52,"billing_code_modifier":[""],"providers":[{"billed_charge":124.08,"npi":[1073977781,1235186800,1730283284,1851986285,1952797730]}]}]}]},{"name":"ADDL SUPL MATRL&STAF TM DRG PHE RES-TR NFCT DS","billing_code_type":"CPT","billing_code_type_version":"2020","billing_code":"99072","description":"ADDL SUPL MATRL&STAF TM DRG PHE RES-TR NFCT DS","allowed_amounts":[{"tin":{"type":"ein","value":"586001996"},"service_code":["11"],"billing_class":"professional","payments":[{"allowed_amount":36.30,"billing_code_modifier":[""],"providers":[{"billed_charge":75.00,"npi":[1598284408,1760703557]}]}]},{"tin":{"type":"ein","value":"853060721"},"service_code":["11"],"billing_class":"professional","payments":[{"allowed_amount":31.15,"billing_code_modifier":[""],"providers":[{"billed_charge":50.00,"npi":[1013523802,1841227592]}]}]},{"tin":{"type":"ein","value":"872904955"},"service_code":["11"],"billing_class":"professional","payments":[{"allowed_amount":31.15,"billing_code_modifier":[""],"providers":[{"billed_charge":50.00,"npi":[1508324526,1710642343]}]}]}]},{"name":"APPL MODALITY 1\/> AREAS ELEC STIMJ UNATTENDED","billing_code_type":"CPT","billing_code_type_version":"2020","billing_code":"97014","description":"APPL MODALITY 1\/> AREAS ELEC STIMJ UNATTENDED","allowed_amounts":[{"tin":{"type":"ein","value":"814047904"},"service_code":["11"],"billing_class":"professional","payments":[{"allowed_amount":14.35,"billing_code_modifier":[""],"providers":[{"billed_charge":40.00,"npi":[1295285641,1356667505,1730193400]}]}]}]},{"name":"CHIROPRACTIC MANIPULATIVE TX SPINAL 3-4 REGIONS","billing_code_type":"CPT","billing_code_type_version":"2020","billing_code":"98941","description":"CHIROPRACTIC MANIPULATIVE TX SPINAL 3-4 REGIONS","allowed_amounts":[{"tin":{"type":"ein","value":"300956213"},"service_code":["11"],"billing_class":"professional","payments":[{"allowed_amount":48.10,"billing_code_modifier":[""],"providers":[{"billed_charge":75.00,"npi":[1134201395,1225462369]}]}]},{"tin":{"type":"ein","value":"814047904"},"service_code":["11"],"billing_class":"professional","payments":[{"allowed_amount":48.10,"billing_code_modifier":[""],"providers":[{"billed_charge":80.00,"npi":[1295285641,1730193400]}]}]},{"tin":{"type":"ein","value":"832167435"},"service_code":["11"],"billing_class":"professional","payments":[{"allowed_amount":48.10,"billing_code_modifier":[""],"providers":[{"billed_charge":67.00,"npi":[1093892929,1841825122]},{"billed_charge":69.00,"npi":[1093892929,1841825122]}]},{"allowed_amount":48.10,"billing_code_modifier":[""],"providers":[{"billed_charge":67.00,"npi":[1093892929,1841825122]},{"billed_charge":69.00,"npi":[1093892929,1841825122]}]}]},{"tin":{"type":"ein","value":"832167435"},"service_code":["11"],"billing_class":"professional","payments":[{"allowed_amount":48.10,"billing_code_modifier":[""],"providers":[{"billed_charge":67.00,"npi":[1093892929,1841825122]},{"billed_charge":69.00,"npi":[1093892929,1841825122]}]},{"allowed_amount":48.10,"billing_code_modifier":[""],"providers":[{"billed_charge":67.00,"npi":[1093892929,1841825122]},{"billed_charge":69.00,"npi":[1093892929,1841825122]}]}]}]},{"name":"COLLECTION VENOUS BLOOD VENIPUNCTURE","billing_code_type":"CPT","billing_code_type_version":"2020","billing_code":"36415","description":"COLLECTION VENOUS BLOOD VENIPUNCTURE","allowed_amounts":[{"tin":{"type":"ein","value":"112019482"},"service_code":["81"],"billing_class":"professional","payments":[{"allowed_amount":3.60,"billing_code_modifier":[""],"providers":[{"billed_charge":12.00,"npi":[1548285497,1598820235]}]}]},{"tin":{"type":"ein","value":"201722595"},"service_code":["11"],"billing_class":"professional","payments":[{"allowed_amount":3.60,"billing_code_modifier":[""],"providers":[{"billed_charge":15.00,"npi":[1639521420,1669570990]}]}]},{"tin":{"type":"ein","value":"205765514"},"service_code":["11"],"billing_class":"professional","payments":[{"allowed_amount":3.60,"billing_code_modifier":[""],"providers":[{"billed_charge":12.00,"npi":[1477562858,1528198223,1568471910,1609885094]}]}]},{"tin":{"type":"ein","value":"382084239"},"service_code":["81"],"billing_class":"professional","payments":[{"allowed_amount":3.60,"billing_code_modifier":[""],"providers":[{"billed_charge":6.66,"npi":[1619935624,1932166386]},{"billed_charge":21.37,"npi":[1013469329,1205002151,1558355685,1568420081,1730722851,1831129261,1831232024,1831373992,1932166386,1932381464]}]},{"allowed_amount":3.60,"billing_code_modifier":[""],"providers":[{"billed_charge":6.66,"npi":[1619935624,1932166386]},{"billed_charge":21.37,"npi":[1013469329,1205002151,1558355685,1568420081,1730722851,1831129261,1831232024,1831373992,1932166386,1932381464]}]}]},{"tin":{"type":"ein","value":"382084239"},"service_code":["81"],"billing_class":"professional","payments":[{"allowed_amount":3.60,"billing_code_modifier":[""],"providers":[{"billed_charge":6.66,"npi":[1619935624,1932166386]},{"billed_charge":21.37,"npi":[1013469329,1205002151,1558355685,1568420081,1730722851,1831129261,1831232024,1831373992,1932166386,1932381464]}]},{"allowed_amount":3.60,"billing_code_modifier":[""],"providers":[{"billed_charge":6.66,"npi":[1619935624,1932166386]},{"billed_charge":21.37,"npi":[1013469329,1205002151,1558355685,1568420081,1730722851,1831129261,1831232024,1831373992,1932166386,1932381464]}]}]},{"tin":{"type":"ein","value":"751093698"},"service_code":["81"],"billing_class":"professional","payments":[{"allowed_amount":3.60,"billing_code_modifier":[""],"providers":[{"billed_charge":6.00,"npi":[1023783099,1093974784,1508029067,1962481820]}]}]},{"tin":{"type":"ein","value":"822337459"},"service_code":["11"],"billing_class":"professional","payments":[{"allowed_amount":3.60,"billing_code_modifier":[""],"providers":[{"billed_charge":25.00,"npi":[1528129624,1538411749,1982122453]}]}]},{"tin":{"type":"ein","value":"854129730"},"service_code":["11"],"billing_class":"professional","payments":[{"allowed_amount":3.60,"billing_code_modifier":[""],"providers":[{"billed_charge":25.00,"npi":[1790077246]}]}]}]},{"name":"COVID-19 LAB TEST NON-CDC HTT","billing_code_type":"HCPCS","billing_code_type_version":"HCPCS LEVEL II 2021","billing_code":"U0004","description":"COVID-19 LAB TEST NON-CDC HTT","allowed_amounts":[{"tin":{"type":"ein","value":"262911443"},"service_code":["81"],"billing_class":"professional","payments":[{"allowed_amount":90.00,"billing_code_modifier":[""],"providers":[{"billed_charge":400.00,"npi":[1184861353,1861812117]}]}]},{"tin":{"type":"ein","value":"273440467"},"service_code":["81"],"billing_class":"professional","payments":[{"allowed_amount":90.00,"billing_code_modifier":[""],"providers":[{"billed_charge":150.00,"npi":[1447592308,1467437442]}]}]},{"tin":{"type":"ein","value":"471215487"},"service_code":["81"],"billing_class":"professional","payments":[{"allowed_amount":90.00,"billing_code_modifier":[""],"providers":[{"billed_charge":175.00,"npi":[1841808276]}]}]},{"tin":{"type":"ein","value":"471921087"},"service_code":["81"],"billing_class":"professional","payments":[{"allowed_amount":90.00,"billing_code_modifier":[""],"providers":[{"billed_charge":300.00,"npi":[1831592096,1912944455]}]}]},{"tin":{"type":"ein","value":"812571646"},"service_code":["81"],"billing_class":"professional","payments":[{"allowed_amount":90.00,"billing_code_modifier":[""],"providers":[{"billed_charge":300.00,"npi":[1437186749,1629579826]}]}]},{"tin":{"type":"ein","value":"821623492"},"service_code":["81"],"billing_class":"professional","payments":[{"allowed_amount":90.00,"billing_code_modifier":[""],"providers":[{"billed_charge":600.00,"npi":[1255316675,1669990701]}]}]},{"tin":{"type":"ein","value":"841905194"},"service_code":["81"],"billing_class":"professional","payments":[{"allowed_amount":90.00,"billing_code_modifier":[""],"providers":[{"billed_charge":130.00,"npi":[1386240786,1891733374]}]}]},{"tin":{"type":"ein","value":"852120487"},"service_code":["81"],"billing_class":"professional","payments":[{"allowed_amount":90.00,"billing_code_modifier":[""],"providers":[{"billed_charge":175.00,"npi":[1669079208]}]}]},{"tin":{"type":"ein","value":"861328448"},"service_code":["11"],"billing_class":"professional","payments":[{"allowed_amount":90.00,"billing_code_modifier":[""],"providers":[{"billed_charge":750.00,"npi":[1376128090,1841671476]}]}]}]},{"name":"CULTURE BACTERIAL QUANTTATIVE COLONY COUNT URINE","billing_code_type":"CPT","billing_code_type_version":"2020","billing_code":"87086","description":"CULTURE BACTERIAL QUANTTATIVE COLONY COUNT URINE","allowed_amounts":[{"tin":{"type":"ein","value":"223685980"},"service_code":["81"],"billing_class":"professional","payments":[{"allowed_amount":9.68,"billing_code_modifier":[""],"providers":[{"billed_charge":95.00,"npi":[1669515391,1851351571]}]}]},{"tin":{"type":"ein","value":"382084239"},"service_code":["81"],"billing_class":"professional","payments":[{"allowed_amount":9.68,"billing_code_modifier":[""],"providers":[{"billed_charge":60.75,"npi":[1912944083,1932166386]}]}]},{"tin":{"type":"ein","value":"751093698"},"service_code":["81"],"billing_class":"professional","payments":[{"allowed_amount":9.68,"billing_code_modifier":[""],"providers":[{"billed_charge":22.15,"npi":[1023783099,1962481820]}]}]},{"tin":{"type":"ein","value":"810576059"},"service_code":["81"],"billing_class":"professional","payments":[{"allowed_amount":9.68,"billing_code_modifier":[""],"providers":[{"billed_charge":33.84,"npi":[1063652212,1154383743,1194081422,1235186800,1376982124,1417290974,1770710865,1851986285]}]}]}]},{"name":"GENERAL HEALTH PANEL","billing_code_type":"CPT","billing_code_type_version":"2020","billing_code":"80050","description":"GENERAL HEALTH PANEL","allowed_amounts":[{"tin":{"type":"ein","value":"205765514"},"service_code":["11"],"billing_class":"professional","payments":[{"allowed_amount":54.43,"billing_code_modifier":[""],"providers":[{"billed_charge":166.25,"npi":[1477562858,1528198223,1568471910]}]}]},{"tin":{"type":"ein","value":"382084239"},"service_code":["81"],"billing_class":"professional","payments":[{"allowed_amount":54.43,"billing_code_modifier":[""],"providers":[{"billed_charge":264.06,"npi":[1134310147,1205002151,1245249333,1508877556,1568420081,1619935624,1932166386]}]}]},{"tin":{"type":"ein","value":"810576059"},"service_code":["81"],"billing_class":"professional","payments":[{"allowed_amount":54.43,"billing_code_modifier":[""],"providers":[{"billed_charge":60.00,"npi":[1073977781,1235186800,1558925933,1770710865,1841476736,1952797730]}]}]}]},{"name":"HEMOGLOBIN GLYCOSYLATED A1C","billing_code_type":"CPT","billing_code_type_version":"2020","billing_code":"83036","description":"HEMOGLOBIN GLYCOSYLATED A1C","allowed_amounts":[{"tin":{"type":"ein","value":"112019482"},"service_code":["81"],"billing_class":"professional","payments":[{"allowed_amount":11.65,"billing_code_modifier":[""],"providers":[{"billed_charge":38.84,"npi":[1548285497,1598820235]}]}]},{"tin":{"type":"ein","value":"133757370"},"service_code":["81"],"billing_class":"professional","payments":[{"allowed_amount":11.65,"billing_code_modifier":[""],"providers":[{"billed_charge":72.02,"npi":[1295726032,1366984080]}]}]},{"tin":{"type":"ein","value":"201236503"},"service_code":["81"],"billing_class":"professional","payments":[{"allowed_amount":11.65,"billing_code_modifier":[""],"providers":[{"billed_charge":35.97,"npi":[1225110497,1992750715]}]}]},{"tin":{"type":"ein","value":"205765514"},"service_code":["11"],"billing_class":"professional","payments":[{"allowed_amount":11.65,"billing_code_modifier":[""],"providers":[{"billed_charge":55.00,"npi":[1477562858,1528198223,1568471910]}]}]},{"tin":{"type":"ein","value":"223685980"},"service_code":["81"],"billing_class":"professional","payments":[{"allowed_amount":11.65,"billing_code_modifier":[""],"providers":[{"billed_charge":80.00,"npi":[1669515391,1851351571]}]}]},{"tin":{"type":"ein","value":"382084239"},"service_code":["81"],"billing_class":"professional","payments":[{"allowed_amount":11.65,"billing_code_modifier":[""],"providers":[{"billed_charge":74.25,"npi":[1568420081,1932166386]}]}]},{"tin":{"type":"ein","value":"580568702"},"service_code":["81"],"billing_class":"professional","payments":[{"allowed_amount":11.65,"billing_code_modifier":[""],"providers":[{"billed_charge":53.00,"npi":[1063406684,1083842694,1205858750]}]}]},{"tin":{"type":"ein","value":"742554159"},"service_code":["81"],"billing_class":"professional","payments":[{"allowed_amount":11.65,"billing_code_modifier":[""],"providers":[{"billed_charge":82.00,"npi":[1194769497,1568092518]}]}]},{"tin":{"type":"ein","value":"751093698"},"service_code":["81"],"billing_class":"professional","payments":[{"allowed_amount":11.65,"billing_code_modifier":[""],"providers":[{"billed_charge":26.65,"npi":[1023783099,1962481820]}]}]},{"tin":{"type":"ein","value":"810576059"},"service_code":["81"],"billing_class":"professional","payments":[{"allowed_amount":11.65,"billing_code_modifier":[""],"providers":[{"billed_charge":40.68,"npi":[1073977781,1235186800,1235376658,1558925933,1770710865,1952797730]}]}]}]},{"name":"IAAD IA SEVERE AQT RESPIR SYND CORONAVIRUS","billing_code_type":"CPT","billing_code_type_version":"2020","billing_code":"87426","description":"IAAD IA SEVERE AQT RESPIR SYND CORONAVIRUS","allowed_amounts":[{"tin":{"type":"ein","value":"451055445"},"service_code":["20"],"billing_class":"professional","payments":[{"allowed_amount":45.23,"billing_code_modifier":[""],"providers":[{"billed_charge":100.00,"npi":[1770103327,1821387382]}]}]},{"tin":{"type":"ein","value":"452119198"},"service_code":["20"],"billing_class":"professional","payments":[{"allowed_amount":45.23,"billing_code_modifier":[""],"providers":[{"billed_charge":150.00,"npi":[1356306377,1396038774,1508277559]}]}]},{"tin":{"type":"ein","value":"821445590"},"service_code":["11"],"billing_class":"professional","payments":[{"allowed_amount":45.23,"billing_code_modifier":[""],"providers":[{"billed_charge":70.00,"npi":[1962921445]}]}]},{"tin":{"type":"ein","value":"833901286"},"service_code":["20"],"billing_class":"professional","payments":[{"allowed_amount":45.23,"billing_code_modifier":[""],"providers":[{"billed_charge":100.00,"npi":[1154976876]}]}]},{"tin":{"type":"ein","value":"845172222"},"service_code":["81"],"billing_class":"professional","payments":[{"allowed_amount":45.23,"billing_code_modifier":[""],"providers":[{"billed_charge":105.99,"npi":[1346769593,1659588762]}]}]}]},{"name":"IAADIADOO SEVERE AQT RESPIR SYND CORONAVIRUS","billing_code_type":"CPT","billing_code_type_version":"2020","billing_code":"87811","description":"IAADIADOO SEVERE AQT RESPIR SYND CORONAVIRUS","allowed_amounts":[{"tin":{"type":"ein","value":"471198641"},"service_code":["20"],"billing_class":"professional","payments":[{"allowed_amount":62.07,"billing_code_modifier":[""],"providers":[{"billed_charge":82.76,"npi":[1366049991,1497159560]}]}]},{"tin":{"type":"ein","value":"510586004"},"service_code":["11"],"billing_class":"professional","payments":[{"allowed_amount":62.07,"billing_code_modifier":[""],"providers":[{"billed_charge":100.00,"npi":[1467643544,1942308424]}]}]},{"tin":{"type":"ein","value":"586001996"},"service_code":["11"],"billing_class":"professional","payments":[{"allowed_amount":62.07,"billing_code_modifier":[""],"providers":[{"billed_charge":150.00,"npi":[1598284408,1760703557]}]}]},{"tin":{"type":"ein","value":"853194536"},"service_code":["02","11"],"billing_class":"professional","payments":[{"allowed_amount":62.07,"billing_code_modifier":[""],"providers":[{"billed_charge":65.00,"npi":[1043467608,1053919225,1407481864,1669736559]}]}]}]},{"name":"INFEC AGEN DETEC AMPLI PROBE","billing_code_type":"HCPCS","billing_code_type_version":"HCPCS LEVEL II 2021","billing_code":"U0005","description":"INFEC AGEN DETEC AMPLI PROBE","allowed_amounts":[{"tin":{"type":"ein","value":"030511037"},"service_code":["81"],"billing_class":"professional","payments":[{"allowed_amount":30.00,"billing_code_modifier":[""],"providers":[{"billed_charge":125.00,"npi":[1790234839,1821110453]}]}]},{"tin":{"type":"ein","value":"262911443"},"service_code":["81"],"billing_class":"professional","payments":[{"allowed_amount":30.00,"billing_code_modifier":[""],"providers":[{"billed_charge":150.00,"npi":[1184861353,1861812117]}]}]},{"tin":{"type":"ein","value":"273440467"},"service_code":["81"],"billing_class":"professional","payments":[{"allowed_amount":30.00,"billing_code_modifier":[""],"providers":[{"billed_charge":38.00,"npi":[1447592308,1467437442]}]}]},{"tin":{"type":"ein","value":"362169147"},"service_code":["60"],"billing_class":"professional","payments":[{"allowed_amount":30.00,"billing_code_modifier":[""],"providers":[{"billed_charge":40.00,"npi":[1407887938,1700824455]}]}]},{"tin":{"type":"ein","value":"471921087"},"service_code":["81"],"billing_class":"professional","payments":[{"allowed_amount":30.00,"billing_code_modifier":[""],"providers":[{"billed_charge":75.00,"npi":[1831592096,1912944455]}]}]},{"tin":{"type":"ein","value":"812571646"},"service_code":["81"],"billing_class":"professional","payments":[{"allowed_amount":30.00,"billing_code_modifier":[""],"providers":[{"billed_charge":100.00,"npi":[1437186749,1629579826]}]}]},{"tin":{"type":"ein","value":"821623492"},"service_code":["81"],"billing_class":"professional","payments":[{"allowed_amount":30.00,"billing_code_modifier":[""],"providers":[{"billed_charge":100.00,"npi":[1255316675,1669990701]}]}]},{"tin":{"type":"ein","value":"822369612"},"service_code":["81"],"billing_class":"professional","payments":[{"allowed_amount":30.00,"billing_code_modifier":[""],"providers":[{"billed_charge":150.00,"npi":[1710477344,1770103327]}]}]},{"tin":{"type":"ein","value":"833648025"},"service_code":["81"],"billing_class":"professional","payments":[{"allowed_amount":30.00,"billing_code_modifier":[""],"providers":[{"billed_charge":62.50,"npi":[1124040167,1356618912,1528525045]}]}]},{"tin":{"type":"ein","value":"833901286"},"service_code":["20"],"billing_class":"professional","payments":[{"allowed_amount":30.00,"billing_code_modifier":[""],"providers":[{"billed_charge":75.00,"npi":[1154976876]}]}]},{"tin":{"type":"ein","value":"841905194"},"service_code":["81"],"billing_class":"professional","payments":[{"allowed_amount":30.00,"billing_code_modifier":[""],"providers":[{"billed_charge":40.00,"npi":[1386240786,1891733374]}]}]},{"tin":{"type":"ein","value":"843016042"},"service_code":["81"],"billing_class":"professional","payments":[{"allowed_amount":30.00,"billing_code_modifier":[""],"providers":[{"billed_charge":100.00,"npi":[1063008498,1205063294,1598315574,1689767147,1831566561]}]}]},{"tin":{"type":"ein","value":"845172222"},"service_code":["81"],"billing_class":"professional","payments":[{"allowed_amount":30.00,"billing_code_modifier":[""],"providers":[{"billed_charge":75.00,"npi":[1346769593,1659588762]}]}]},{"tin":{"type":"ein","value":"852421177"},"service_code":["81"],"billing_class":"professional","payments":[{"allowed_amount":30.00,"billing_code_modifier":[""],"providers":[{"billed_charge":50.00,"npi":[1043313992,1366048019]}]}]},{"tin":{"type":"ein","value":"852981413"},"service_code":["81"],"billing_class":"professional","payments":[{"allowed_amount":30.00,"billing_code_modifier":[""],"providers":[{"billed_charge":35.00,"npi":[1295323053,1790170272]}]}]},{"tin":{"type":"ein","value":"853312450"},"service_code":["81"],"billing_class":"professional","payments":[{"allowed_amount":30.00,"billing_code_modifier":[""],"providers":[{"billed_charge":150.00,"npi":[1033701701,1073629069,1902480296]}]}]},{"tin":{"type":"ein","value":"861328448"},"service_code":["11"],"billing_class":"professional","payments":[{"allowed_amount":30.00,"billing_code_modifier":[""],"providers":[{"billed_charge":600.00,"npi":[1376128090,1841671476]}]}]},{"tin":{"type":"ein","value":"872048137"},"service_code":["81"],"billing_class":"professional","payments":[{"allowed_amount":30.00,"billing_code_modifier":[""],"providers":[{"billed_charge":50.00,"npi":[1356645899,1629737200]}]}]}]},{"name":"INJECTION SINGLE\/MLT TRIGGER POINT 3\/> MUSCLES","billing_code_type":"CPT","billing_code_type_version":"2020","billing_code":"20553","description":"INJECTION SINGLE\/MLT TRIGGER POINT 3\/> MUSCLES","allowed_amounts":[{"tin":{"type":"ein","value":"814047904"},"service_code":["11"],"billing_class":"professional","payments":[{"allowed_amount":75.52,"billing_code_modifier":[""],"providers":[{"billed_charge":340.00,"npi":[1295285641,1356667505]}]}]}]},{"name":"LIDOCAINE INJECTION","billing_code_type":"HCPCS","billing_code_type_version":"HCPCS LEVEL II 2021","billing_code":"J2001","description":"LIDOCAINE INJECTION","allowed_amounts":[{"tin":{"type":"ein","value":"814047904"},"service_code":["11"],"billing_class":"professional","payments":[{"allowed_amount":0.06,"billing_code_modifier":[""],"providers":[{"billed_charge":30.00,"npi":[1295285641,1356667505]}]}]}]},{"name":"LIPID PANEL","billing_code_type":"CPT","billing_code_type_version":"2020","billing_code":"80061","description":"LIPID PANEL","allowed_amounts":[{"tin":{"type":"ein","value":"112019482"},"service_code":["81"],"billing_class":"professional","payments":[{"allowed_amount":16.07,"billing_code_modifier":[""],"providers":[{"billed_charge":53.56,"npi":[1548285497,1598820235]}]}]},{"tin":{"type":"ein","value":"133757370"},"service_code":["81"],"billing_class":"professional","payments":[{"allowed_amount":16.07,"billing_code_modifier":[""],"providers":[{"billed_charge":98.00,"npi":[1295726032,1942476643]},{"billed_charge":98.44,"npi":[1295726032,1366984080]}]},{"allowed_amount":16.07,"billing_code_modifier":[""],"providers":[{"billed_charge":98.00,"npi":[1295726032,1942476643]},{"billed_charge":98.44,"npi":[1295726032,1366984080]}]}]},{"tin":{"type":"ein","value":"133757370"},"service_code":["81"],"billing_class":"professional","payments":[{"allowed_amount":16.07,"billing_code_modifier":[""],"providers":[{"billed_charge":98.00,"npi":[1295726032,1942476643]},{"billed_charge":98.44,"npi":[1295726032,1366984080]}]},{"allowed_amount":16.07,"billing_code_modifier":[""],"providers":[{"billed_charge":98.00,"npi":[1295726032,1942476643]},{"billed_charge":98.44,"npi":[1295726032,1366984080]}]}]},{"tin":{"type":"ein","value":"205765514"},"service_code":["11"],"billing_class":"professional","payments":[{"allowed_amount":16.07,"billing_code_modifier":[""],"providers":[{"billed_charge":100.00,"npi":[1477562858,1528198223,1568471910]}]}]},{"tin":{"type":"ein","value":"223685980"},"service_code":["81"],"billing_class":"professional","payments":[{"allowed_amount":16.07,"billing_code_modifier":[""],"providers":[{"billed_charge":110.00,"npi":[1669515391,1851351571]}]}]},{"tin":{"type":"ein","value":"382084239"},"service_code":["81"],"billing_class":"professional","payments":[{"allowed_amount":16.07,"billing_code_modifier":[""],"providers":[{"billed_charge":148.10,"npi":[1134310147,1245249333,1508877556,1568420081,1902423841,1932166386,1932381464]}]}]},{"tin":{"type":"ein","value":"580568702"},"service_code":["81"],"billing_class":"professional","payments":[{"allowed_amount":16.07,"billing_code_modifier":[""],"providers":[{"billed_charge":66.00,"npi":[1063406684,1083842694,1205858750]}]}]},{"tin":{"type":"ein","value":"742554159"},"service_code":["81"],"billing_class":"professional","payments":[{"allowed_amount":16.07,"billing_code_modifier":[""],"providers":[{"billed_charge":90.75,"npi":[1194769497,1568092518]}]}]},{"tin":{"type":"ein","value":"751093698"},"service_code":["81"],"billing_class":"professional","payments":[{"allowed_amount":16.07,"billing_code_modifier":[""],"providers":[{"billed_charge":36.75,"npi":[1023783099,1962481820]}]}]},{"tin":{"type":"ein","value":"810576059"},"service_code":["81"],"billing_class":"professional","payments":[{"allowed_amount":16.07,"billing_code_modifier":[""],"providers":[{"billed_charge":56.16,"npi":[1073977781,1235186800,1558925933,1770710865,1841476736,1952797730]}]}]}]},{"name":"MANUAL THERAPY TQS 1\/> REGIONS EACH 15 MINUTES","billing_code_type":"CPT","billing_code_type_version":"2020","billing_code":"97140","description":"MANUAL THERAPY TQS 1\/> REGIONS EACH 15 MINUTES","allowed_amounts":[{"tin":{"type":"ein","value":"814047904"},"service_code":["11"],"billing_class":"professional","payments":[{"allowed_amount":66.22,"billing_code_modifier":[""],"providers":[{"billed_charge":140.00,"npi":[1295285641,1356667505]}]}]},{"tin":{"type":"ein","value":"842578340"},"service_code":["11"],"billing_class":"professional","payments":[{"allowed_amount":66.22,"billing_code_modifier":[""],"providers":[{"billed_charge":100.00,"npi":[1083952394,1528517026]}]}]}]},{"name":"OFFICE\/OUTPATIENT EST PT MAY NOT REQ PHYS\/QHP","billing_code_type":"CPT","billing_code_type_version":"2020","billing_code":"99211","description":"OFFICE\/OUTPATIENT EST PT MAY NOT REQ PHYS\/QHP","allowed_amounts":[{"tin":{"type":"ein","value":"586001996"},"service_code":["11"],"billing_class":"professional","payments":[{"allowed_amount":28.75,"billing_code_modifier":[""],"providers":[{"billed_charge":87.00,"npi":[1598284408,1760703557]}]}]}]},{"name":"OFFICE\/OUTPATIENT ESTABLISHED MOD MDM 30-39 MIN","billing_code_type":"CPT","billing_code_type_version":"2020","billing_code":"99214","description":"OFFICE\/OUTPATIENT ESTABLISHED MOD MDM 30-39 MIN","allowed_amounts":[{"tin":{"type":"ein","value":"473057443"},"service_code":["02"],"billing_class":"professional","payments":[{"allowed_amount":156.73,"billing_code_modifier":[""],"providers":[{"billed_charge":195.00,"npi":[1437320348]}]}]}]},{"name":"OFFICE\/OUTPATIENT ESTABLISHED SF MDM 10-19 MIN","billing_code_type":"CPT","billing_code_type_version":"2020","billing_code":"99212","description":"OFFICE\/OUTPATIENT ESTABLISHED SF MDM 10-19 MIN","allowed_amounts":[{"tin":{"type":"ein","value":"581131002"},"service_code":["11"],"billing_class":"professional","payments":[{"allowed_amount":68.58,"billing_code_modifier":[""],"providers":[{"billed_charge":125.00,"npi":[1235123993,1588088025,1962518316]}]}]},{"tin":{"type":"ein","value":"581273770"},"service_code":["11"],"billing_class":"professional","payments":[{"allowed_amount":68.58,"billing_code_modifier":[""],"providers":[{"billed_charge":70.00,"npi":[1386078152,1922156611]}]}]},{"tin":{"type":"ein","value":"821715544"},"service_code":["11"],"billing_class":"professional","payments":[{"allowed_amount":68.58,"billing_code_modifier":[""],"providers":[{"billed_charge":175.23,"npi":[1659588762,1922517945]}]}]},{"tin":{"type":"ein","value":"853194536"},"service_code":["11"],"billing_class":"professional","payments":[{"allowed_amount":68.58,"billing_code_modifier":[""],"providers":[{"billed_charge":117.45,"npi":[1053919225,1407481864,1669736559]}]}]},{"tin":{"type":"ein","value":"872904955"},"service_code":["11"],"billing_class":"professional","payments":[{"allowed_amount":68.58,"billing_code_modifier":[""],"providers":[{"billed_charge":75.00,"npi":[1508324526,1710642343]}]}]}]},{"name":"OFFICE\/OUTPATIENT NEW SF MDM 15-29 MINUTES","billing_code_type":"CPT","billing_code_type_version":"2020","billing_code":"99202","description":"OFFICE\/OUTPATIENT NEW SF MDM 15-29 MINUTES","allowed_amounts":[{"tin":{"type":"ein","value":"821715544"},"service_code":["11"],"billing_class":"professional","payments":[{"allowed_amount":88.42,"billing_code_modifier":[""],"providers":[{"billed_charge":226.26,"npi":[1659588762,1922517945]}]}]},{"tin":{"type":"ein","value":"832167435"},"service_code":["11"],"billing_class":"professional","payments":[{"allowed_amount":88.42,"billing_code_modifier":[""],"providers":[{"billed_charge":150.00,"npi":[1093892929,1841825122]}]}]},{"tin":{"type":"ein","value":"853194536"},"service_code":["02","11"],"billing_class":"professional","payments":[{"allowed_amount":88.42,"billing_code_modifier":[""],"providers":[{"billed_charge":195.25,"npi":[1053919225,1669736559]},{"billed_charge":118.25,"npi":[1043467608,1053919225,1669736559]}]},{"allowed_amount":88.42,"billing_code_modifier":[""],"providers":[{"billed_charge":195.25,"npi":[1053919225,1669736559]},{"billed_charge":118.25,"npi":[1043467608,1053919225,1669736559]}]}]},{"tin":{"type":"ein","value":"853194536"},"service_code":["11"],"billing_class":"professional","payments":[{"allowed_amount":88.42,"billing_code_modifier":[""],"providers":[{"billed_charge":195.25,"npi":[1053919225,1669736559]},{"billed_charge":118.25,"npi":[1043467608,1053919225,1669736559]}]},{"allowed_amount":88.42,"billing_code_modifier":[""],"providers":[{"billed_charge":195.25,"npi":[1053919225,1669736559]},{"billed_charge":118.25,"npi":[1043467608,1053919225,1669736559]}]}]}]},{"name":"PSYCHOTHERAPY W\/PATIENT 45 MINUTES","billing_code_type":"CPT","billing_code_type_version":"2020","billing_code":"90834","description":"PSYCHOTHERAPY W\/PATIENT 45 MINUTES","allowed_amounts":[{"tin":{"type":"ein","value":"454399106"},"service_code":["11"],"billing_class":"professional","payments":[{"allowed_amount":137.80,"billing_code_modifier":[""],"providers":[{"billed_charge":260.00,"npi":[1518166032,1962750455]}]}]},{"tin":{"type":"ein","value":"474582976"},"service_code":["11"],"billing_class":"professional","payments":[{"allowed_amount":137.80,"billing_code_modifier":[""],"providers":[{"billed_charge":300.00,"npi":[1053692772,1457722431]}]}]},{"tin":{"type":"ein","value":"474582976"},"service_code":["11"],"billing_class":"professional","payments":[{"allowed_amount":138.43,"billing_code_modifier":[""],"providers":[{"billed_charge":275.00,"npi":[1053692772,1457722431]}]}]},{"tin":{"type":"ein","value":"841829381"},"service_code":["11"],"billing_class":"professional","payments":[{"allowed_amount":137.80,"billing_code_modifier":[""],"providers":[{"billed_charge":225.00,"npi":[1780338384,1982088969]}]}]}]},{"name":"PSYCHOTHERAPY W\/PATIENT W\/E&M SRVCS 30 MIN","billing_code_type":"CPT","billing_code_type_version":"2020","billing_code":"90833","description":"PSYCHOTHERAPY W\/PATIENT W\/E&M SRVCS 30 MIN","allowed_amounts":[{"tin":{"type":"ein","value":"473057443"},"service_code":["02"],"billing_class":"professional","payments":[{"allowed_amount":55.00,"billing_code_modifier":[""],"providers":[{"billed_charge":55.00,"npi":[1437320348]}]}]}]},{"name":"SARS-COV-2 COVID-19 AMP PRB HTT","billing_code_type":"HCPCS","billing_code_type_version":"HCPCS LEVEL II 2021","billing_code":"U0003","description":"SARS-COV-2 COVID-19 AMP PRB HTT","allowed_amounts":[{"tin":{"type":"ein","value":"030511037"},"service_code":["81"],"billing_class":"professional","payments":[{"allowed_amount":90.00,"billing_code_modifier":[""],"providers":[{"billed_charge":375.00,"npi":[1790234839,1821110453]}]}]},{"tin":{"type":"ein","value":"362169147"},"service_code":["60"],"billing_class":"professional","payments":[{"allowed_amount":90.00,"billing_code_modifier":[""],"providers":[{"billed_charge":120.00,"npi":[1407887938,1700824455]}]}]},{"tin":{"type":"ein","value":"821445590"},"service_code":["81"],"billing_class":"professional","payments":[{"allowed_amount":90.00,"billing_code_modifier":[""],"providers":[{"billed_charge":150.00,"npi":[1518502889,1962921445]}]}]},{"tin":{"type":"ein","value":"822369612"},"service_code":["81"],"billing_class":"professional","payments":[{"allowed_amount":90.00,"billing_code_modifier":[""],"providers":[{"billed_charge":250.00,"npi":[1710477344,1770103327]}]}]},{"tin":{"type":"ein","value":"831136751"},"service_code":["81"],"billing_class":"professional","payments":[{"allowed_amount":90.00,"billing_code_modifier":[""],"providers":[{"billed_charge":100.00,"npi":[1023586260,1275586687]}]}]},{"tin":{"type":"ein","value":"833648025"},"service_code":["81"],"billing_class":"professional","payments":[{"allowed_amount":90.00,"billing_code_modifier":[""],"providers":[{"billed_charge":250.00,"npi":[1124040167,1356618912,1528525045]}]}]},{"tin":{"type":"ein","value":"833901286"},"service_code":["20"],"billing_class":"professional","payments":[{"allowed_amount":90.00,"billing_code_modifier":[""],"providers":[{"billed_charge":200.00,"npi":[1154976876]}]}]},{"tin":{"type":"ein","value":"841905194"},"service_code":["81"],"billing_class":"professional","payments":[{"allowed_amount":90.00,"billing_code_modifier":[""],"providers":[{"billed_charge":140.00,"npi":[1386240786,1891733374]}]}]},{"tin":{"type":"ein","value":"843016042"},"service_code":["81"],"billing_class":"professional","payments":[{"allowed_amount":90.00,"billing_code_modifier":[""],"providers":[{"billed_charge":250.00,"npi":[1063008498,1205063294,1598315574,1689767147,1730727876,1831566561]}]}]},{"tin":{"type":"ein","value":"845172222"},"service_code":["81"],"billing_class":"professional","payments":[{"allowed_amount":90.00,"billing_code_modifier":[""],"providers":[{"billed_charge":225.00,"npi":[1346769593,1659588762]}]}]},{"tin":{"type":"ein","value":"851805696"},"service_code":["81"],"billing_class":"professional","payments":[{"allowed_amount":90.00,"billing_code_modifier":[""],"providers":[{"billed_charge":200.00,"npi":[1649878364,1982704300]}]}]},{"tin":{"type":"ein","value":"852421177"},"service_code":["81"],"billing_class":"professional","payments":[{"allowed_amount":90.00,"billing_code_modifier":[""],"providers":[{"billed_charge":200.00,"npi":[1043313992,1366048019]}]}]},{"tin":{"type":"ein","value":"852981413"},"service_code":["81"],"billing_class":"professional","payments":[{"allowed_amount":90.00,"billing_code_modifier":[""],"providers":[{"billed_charge":110.00,"npi":[1295323053,1790170272]}]}]},{"tin":{"type":"ein","value":"853312450"},"service_code":["81"],"billing_class":"professional","payments":[{"allowed_amount":90.00,"billing_code_modifier":[""],"providers":[{"billed_charge":250.00,"npi":[1033701701,1073629069,1902480296]}]}]},{"tin":{"type":"ein","value":"872048137"},"service_code":["81"],"billing_class":"professional","payments":[{"allowed_amount":90.00,"billing_code_modifier":[""],"providers":[{"billed_charge":300.00,"npi":[1356645899,1629737200]}]}]}]},{"name":"SBSQ HOSPITAL CARE\/DAY 35 MINUTES","billing_code_type":"CPT","billing_code_type_version":"2020","billing_code":"99233","description":"SBSQ HOSPITAL CARE\/DAY 35 MINUTES","allowed_amounts":[{"tin":{"type":"ein","value":"208281993"},"service_code":["21"],"billing_class":"professional","payments":[{"allowed_amount":121.55,"billing_code_modifier":[""],"providers":[{"billed_charge":326.00,"npi":[1053670133,1093716979,1568661510,1972789378]}]}]},{"tin":{"type":"ein","value":"582540964"},"service_code":["21"],"billing_class":"professional","payments":[{"allowed_amount":121.55,"billing_code_modifier":[""],"providers":[{"billed_charge":355.00,"npi":[1225034333,1548219660,1710963814]}]}]}]},{"name":"SPECIMEN COLLECT COVID-19","billing_code_type":"HCPCS","billing_code_type_version":"HCPCS LEVEL II 2021","billing_code":"G2023","description":"SPECIMEN COLLECT COVID-19","allowed_amounts":[{"tin":{"type":"ein","value":"030511037"},"service_code":["81"],"billing_class":"professional","payments":[{"allowed_amount":28.15,"billing_code_modifier":[""],"providers":[{"billed_charge":117.00,"npi":[1790234839,1821110453]}]}]},{"tin":{"type":"ein","value":"262911443"},"service_code":["81"],"billing_class":"professional","payments":[{"allowed_amount":28.15,"billing_code_modifier":[""],"providers":[{"billed_charge":30.00,"npi":[1184861353,1861812117]}]}]},{"tin":{"type":"ein","value":"812571646"},"service_code":["81"],"billing_class":"professional","payments":[{"allowed_amount":28.15,"billing_code_modifier":[""],"providers":[{"billed_charge":75.00,"npi":[1437186749,1629579826]}]}]},{"tin":{"type":"ein","value":"821445590"},"service_code":["81"],"billing_class":"professional","payments":[{"allowed_amount":28.15,"billing_code_modifier":[""],"providers":[{"billed_charge":50.00,"npi":[1518502889,1962921445]}]}]},{"tin":{"type":"ein","value":"831136751"},"service_code":["81"],"billing_class":"professional","payments":[{"allowed_amount":28.15,"billing_code_modifier":[""],"providers":[{"billed_charge":35.00,"npi":[1023586260,1275586687]}]}]},{"tin":{"type":"ein","value":"841905194"},"service_code":["81"],"billing_class":"professional","payments":[{"allowed_amount":28.15,"billing_code_modifier":[""],"providers":[{"billed_charge":40.00,"npi":[1386240786,1891733374]}]}]},{"tin":{"type":"ein","value":"845172222"},"service_code":["81"],"billing_class":"professional","payments":[{"allowed_amount":28.15,"billing_code_modifier":[""],"providers":[{"billed_charge":70.38,"npi":[1346769593,1659588762]}]}]},{"tin":{"type":"ein","value":"851805696"},"service_code":["81"],"billing_class":"professional","payments":[{"allowed_amount":28.15,"billing_code_modifier":[""],"providers":[{"billed_charge":50.00,"npi":[1649878364,1982704300]}]}]},{"tin":{"type":"ein","value":"852421177"},"service_code":["81"],"billing_class":"professional","payments":[{"allowed_amount":28.15,"billing_code_modifier":[""],"providers":[{"billed_charge":48.00,"npi":[1043313992,1366048019]}]}]},{"tin":{"type":"ein","value":"853214477"},"service_code":["20"],"billing_class":"professional","payments":[{"allowed_amount":28.15,"billing_code_modifier":[""],"providers":[{"billed_charge":51.18,"npi":[1508453044,1760425789]}]}]},{"tin":{"type":"ein","value":"861328448"},"service_code":["11"],"billing_class":"professional","payments":[{"allowed_amount":28.15,"billing_code_modifier":[""],"providers":[{"billed_charge":150.00,"npi":[1376128090,1841671476]}]}]},{"tin":{"type":"ein","value":"872048137"},"service_code":["81"],"billing_class":"professional","payments":[{"allowed_amount":28.15,"billing_code_modifier":[""],"providers":[{"billed_charge":100.00,"npi":[1356645899,1629737200]}]}]}]},{"name":"THERAPEUTIC PROPHYLACTIC\/DX INJECTION SUBQ\/IM","billing_code_type":"CPT","billing_code_type_version":"2020","billing_code":"96372","description":"THERAPEUTIC PROPHYLACTIC\/DX INJECTION SUBQ\/IM","allowed_amounts":[{"tin":{"type":"ein","value":"814047904"},"service_code":["11"],"billing_class":"professional","payments":[{"allowed_amount":17.38,"billing_code_modifier":[""],"providers":[{"billed_charge":125.00,"npi":[1295285641,1356667505]}]}]}]},{"name":"THERAPEUTIC PX 1\/> AREAS EACH 15 MIN EXERCISES","billing_code_type":"CPT","billing_code_type_version":"2020","billing_code":"97110","description":"THERAPEUTIC PX 1\/> AREAS EACH 15 MIN EXERCISES","allowed_amounts":[{"tin":{"type":"ein","value":"300956213"},"service_code":["11"],"billing_class":"professional","payments":[{"allowed_amount":72.02,"billing_code_modifier":[""],"providers":[{"billed_charge":100.00,"npi":[1134201395,1225462369]}]}]},{"tin":{"type":"ein","value":"814047904"},"service_code":["11"],"billing_class":"professional","payments":[{"allowed_amount":72.02,"billing_code_modifier":[""],"providers":[{"billed_charge":140.00,"npi":[1295285641,1356667505]}]}]}]}]}
