{"reporting_entity_name": "IEC Group_DBA AmeriBen",
	"reporting_entity_type": "Third Party Administrator",
	"plan_name": "ABA EMPLOYEE SERVICES",
	"plan_id_type": "ein",
	"plan_id": "832007393",
	"plan_market_type": "group",
	"last_updated_on": "2025-06-01","Version": "1.0.0","out_of_network":[{"name":"PSYCHIATRIC\/PSYCHOLOGICAL TRT: INTENSIVE OUTPATIEN","billing_code_type":"RC","billing_code_type_version":"UB04","billing_code":"0905","description":"PSYCHIATRIC\/PSYCHOLOGICAL TRT: INTENSIVE OUTPATIEN","allowed_amounts":[{"tin":{"type":"ein","value":"853525556"},"service_code":["22"],"billing_class":"institutional","payments":[{"allowed_amount":400.00,"billing_code_modifier":[""],"providers":[{"billed_charge":2420.00,"npi":[1326790262]}]}]}]}]}
