{"reporting_entity_name": "IEC Group_DBA AmeriBen",
	"reporting_entity_type": "Third Party Administrator",
	"plan_name": "METALSA STRUCTURAL PRODUCTS",
	"plan_id_type": "ein",
	"plan_id": "980643737",
	"plan_market_type": "group",
	"last_updated_on": "2023-02-01","Version": "1.0.0","out_of_network":[{"name":"CHIROPRACTIC MANIPULATIVE TX SPINAL 5 REGIONS","billing_code_type":"CPT","billing_code_type_version":"2020","billing_code":"98942","description":"CHIROPRACTIC MANIPULATIVE TX SPINAL 5 REGIONS","allowed_amounts":[{"tin":{"type":"ein","value":"541803712"},"service_code":["11"],"billing_class":"professional","payments":[{"allowed_amount":49.00,"billing_code_modifier":[""],"providers":[{"billed_charge":49.00,"npi":[1225057458,1720007966]}]}]}]},{"name":"DRUG TST DEFINITV DR ID METH P DAY 22\/MORE DR CL","billing_code_type":"HCPCS","billing_code_type_version":"HCPCS LEVEL II 2021","billing_code":"G0483","description":"DRUG TST DEFINITV DR ID METH P DAY 22\/MORE DR CL","allowed_amounts":[{"tin":{"type":"ein","value":"843645461"},"service_code":["81"],"billing_class":"professional","payments":[{"allowed_amount":296.30,"billing_code_modifier":[""],"providers":[{"billed_charge":620.00,"npi":[1073519468,1396384251,1598078651]}]}]}]},{"name":"DRUG TST PRSMV INSTRMNT CHEM ANALYZERS PR DATE","billing_code_type":"CPT","billing_code_type_version":"2020","billing_code":"80307","description":"DRUG TST PRSMV INSTRMNT CHEM ANALYZERS PR DATE","allowed_amounts":[{"tin":{"type":"ein","value":"233079507"},"service_code":["81"],"billing_class":"professional","payments":[{"allowed_amount":74.57,"billing_code_modifier":[""],"providers":[{"billed_charge":562.50,"npi":[1043271539]}]}]},{"tin":{"type":"ein","value":"463127405"},"service_code":["81"],"billing_class":"professional","payments":[{"allowed_amount":74.57,"billing_code_modifier":[""],"providers":[{"billed_charge":143.00,"npi":[1093140618,1235773953]}]}]},{"tin":{"type":"ein","value":"830676333"},"service_code":["81"],"billing_class":"professional","payments":[{"allowed_amount":74.57,"billing_code_modifier":[""],"providers":[{"billed_charge":2300.00,"npi":[1386130607]}]}]},{"tin":{"type":"ein","value":"831005259"},"service_code":["81"],"billing_class":"professional","payments":[{"allowed_amount":74.57,"billing_code_modifier":[""],"providers":[{"billed_charge":124.28,"npi":[1174092548,1194708776,1881060754,1942250139]}]}]}]},{"name":"DRUGS REQUIRE SPECIFIC ID: DRUGS REQUIRING DETAIL","billing_code_type":"RC","billing_code_type_version":"UB04","billing_code":"0636","description":"DRUGS REQUIRE SPECIFIC ID: DRUGS REQUIRING DETAIL","allowed_amounts":[{"tin":{"type":"ein","value":"271199399"},"service_code":["65"],"billing_class":"institutional","payments":[{"allowed_amount":15.79,"billing_code_modifier":[""],"providers":[{"billed_charge":561.20,"npi":[1013245018,1578672507]}]}]},{"tin":{"type":"ein","value":"271199399"},"service_code":["65"],"billing_class":"institutional","payments":[{"allowed_amount":15.92,"billing_code_modifier":[""],"providers":[{"billed_charge":561.20,"npi":[1013245018,1578672507]}]}]},{"tin":{"type":"ein","value":"271199399"},"service_code":["65"],"billing_class":"institutional","payments":[{"allowed_amount":16.93,"billing_code_modifier":[""],"providers":[{"billed_charge":561.20,"npi":[1013245018,1578672507]}]}]}]},{"name":"HEALTH BEHAVIOR IVNTJ INDIV F2F 1ST 30 MIN","billing_code_type":"CPT","billing_code_type_version":"2020","billing_code":"96158","description":"HEALTH BEHAVIOR IVNTJ INDIV F2F 1ST 30 MIN","allowed_amounts":[{"tin":{"type":"ein","value":"202485892"},"service_code":["12"],"billing_class":"professional","payments":[{"allowed_amount":89.00,"billing_code_modifier":[""],"providers":[{"billed_charge":89.00,"npi":[1750943247]}]}]},{"tin":{"type":"ein","value":"263488503"},"service_code":["12"],"billing_class":"professional","payments":[{"allowed_amount":89.00,"billing_code_modifier":[""],"providers":[{"billed_charge":89.00,"npi":[1023279189,1639526940]}]}]},{"tin":{"type":"ein","value":"812275518"},"service_code":["12"],"billing_class":"professional","payments":[{"allowed_amount":89.00,"billing_code_modifier":[""],"providers":[{"billed_charge":89.00,"npi":[1699129486]}]}]}]},{"name":"HEMO OPD\/HOME: HEMODIALYSIS COMP OR OTHER RATE","billing_code_type":"RC","billing_code_type_version":"UB04","billing_code":"0821","description":"HEMO OPD\/HOME: HEMODIALYSIS COMP OR OTHER RATE","allowed_amounts":[{"tin":{"type":"ein","value":"271199399"},"service_code":["65"],"billing_class":"institutional","payments":[{"allowed_amount":225.35,"billing_code_modifier":[""],"providers":[{"billed_charge":8010.89,"npi":[1013245018,1578672507]}]}]},{"tin":{"type":"ein","value":"271199399"},"service_code":["65"],"billing_class":"institutional","payments":[{"allowed_amount":227.34,"billing_code_modifier":[""],"providers":[{"billed_charge":8010.89,"npi":[1013245018,1578672507]}]}]},{"tin":{"type":"ein","value":"271199399"},"service_code":["65"],"billing_class":"institutional","payments":[{"allowed_amount":241.67,"billing_code_modifier":[""],"providers":[{"billed_charge":8010.89,"npi":[1013245018,1578672507]}]}]}]},{"name":"IADNA NOS AMPLIFIED PROBE TQ EACH ORGANISM","billing_code_type":"CPT","billing_code_type_version":"2020","billing_code":"87798","description":"IADNA NOS AMPLIFIED PROBE TQ EACH ORGANISM","allowed_amounts":[{"tin":{"type":"ein","value":"473588569"},"service_code":["81"],"billing_class":"professional","payments":[{"allowed_amount":42.11,"billing_code_modifier":[""],"providers":[{"billed_charge":105.27,"npi":[1285672451,1982091617]}]}]}]},{"name":"IADNA SARS-COV-2 COVID-19 AMPLIFIED PROBE TQ","billing_code_type":"CPT","billing_code_type_version":"2020","billing_code":"87635","description":"IADNA SARS-COV-2 COVID-19 AMPLIFIED PROBE TQ","allowed_amounts":[{"tin":{"type":"ein","value":"263083364"},"service_code":["11"],"billing_class":"professional","payments":[{"allowed_amount":61.57,"billing_code_modifier":[""],"providers":[{"billed_charge":150.00,"npi":[1457843815,1528799913]}]}]},{"tin":{"type":"ein","value":"361924025"},"service_code":["81"],"billing_class":"professional","payments":[{"allowed_amount":61.57,"billing_code_modifier":[""],"providers":[{"billed_charge":100.00,"npi":[1073036307,1124033360,1154613768,1174046437,1194028167,1194966721,1609882166]}]}]}]},{"name":"MEDICAL\/SURGICAL SUPPLIES","billing_code_type":"RC","billing_code_type_version":"UB04","billing_code":"0270","description":"MEDICAL\/SURGICAL SUPPLIES","allowed_amounts":[{"tin":{"type":"ein","value":"271199399"},"service_code":["65"],"billing_class":"institutional","payments":[{"allowed_amount":3.80,"billing_code_modifier":[""],"providers":[{"billed_charge":135.24,"npi":[1013245018,1578672507]}]}]},{"tin":{"type":"ein","value":"271199399"},"service_code":["65"],"billing_class":"institutional","payments":[{"allowed_amount":3.84,"billing_code_modifier":[""],"providers":[{"billed_charge":135.24,"npi":[1013245018,1578672507]}]}]},{"tin":{"type":"ein","value":"271199399"},"service_code":["65"],"billing_class":"institutional","payments":[{"allowed_amount":4.08,"billing_code_modifier":[""],"providers":[{"billed_charge":135.24,"npi":[1013245018,1578672507]}]}]}]},{"name":"OCCUPATIONAL THERAPY IN THE HOME PER DIEM","billing_code_type":"HCPCS","billing_code_type_version":"HCPCS LEVEL II 2021","billing_code":"S9129","description":"OCCUPATIONAL THERAPY IN THE HOME PER DIEM","allowed_amounts":[{"tin":{"type":"ein","value":"611010686"},"service_code":["12"],"billing_class":"professional","payments":[{"allowed_amount":107.37,"billing_code_modifier":[""],"providers":[{"billed_charge":123.00,"npi":[1124160296,1508865783,1558493270]}]}]}]},{"name":"OFFICE\/OUTPATIENT ESTABLISHED LOW MDM 20-29 MIN","billing_code_type":"CPT","billing_code_type_version":"2020","billing_code":"99213","description":"OFFICE\/OUTPATIENT ESTABLISHED LOW MDM 20-29 MIN","allowed_amounts":[{"tin":{"type":"ein","value":"200374492"},"service_code":["11"],"billing_class":"professional","payments":[{"allowed_amount":102.89,"billing_code_modifier":[""],"providers":[{"billed_charge":175.00,"npi":[1366499931,1932140878]}]}]},{"tin":{"type":"ein","value":"263083364"},"service_code":["11"],"billing_class":"professional","payments":[{"allowed_amount":102.89,"billing_code_modifier":[""],"providers":[{"billed_charge":170.00,"npi":[1457843815,1528799913]}]}]},{"tin":{"type":"ein","value":"611389493"},"service_code":["11"],"billing_class":"professional","payments":[{"allowed_amount":102.89,"billing_code_modifier":[""],"providers":[{"billed_charge":120.00,"npi":[1497968366,1881785947]}]}]},{"tin":{"type":"ein","value":"621529858"},"service_code":["11"],"billing_class":"professional","payments":[{"allowed_amount":102.89,"billing_code_modifier":[""],"providers":[{"billed_charge":137.00,"npi":[1235109463,1437194669]}]}]},{"tin":{"type":"ein","value":"822305517"},"service_code":["11"],"billing_class":"professional","payments":[{"allowed_amount":102.89,"billing_code_modifier":[""],"providers":[{"billed_charge":175.00,"npi":[1548916158,1699197939]}]}]}]},{"name":"PHARMACY","billing_code_type":"RC","billing_code_type_version":"UB04","billing_code":"0250","description":"PHARMACY","allowed_amounts":[{"tin":{"type":"ein","value":"271199399"},"service_code":["65"],"billing_class":"institutional","payments":[{"allowed_amount":1.42,"billing_code_modifier":[""],"providers":[{"billed_charge":50.38,"npi":[1013245018,1578672507]}]}]},{"tin":{"type":"ein","value":"271199399"},"service_code":["65"],"billing_class":"institutional","payments":[{"allowed_amount":1.43,"billing_code_modifier":[""],"providers":[{"billed_charge":50.38,"npi":[1013245018,1578672507]}]}]},{"tin":{"type":"ein","value":"271199399"},"service_code":["65"],"billing_class":"institutional","payments":[{"allowed_amount":1.52,"billing_code_modifier":[""],"providers":[{"billed_charge":50.38,"npi":[1013245018,1578672507]}]}]}]},{"name":"PHYSICAL THERAPY; IN THE HOME PER DIEM","billing_code_type":"HCPCS","billing_code_type_version":"HCPCS LEVEL II 2021","billing_code":"S9131","description":"PHYSICAL THERAPY; IN THE HOME PER DIEM","allowed_amounts":[{"tin":{"type":"ein","value":"611010686"},"service_code":["12"],"billing_class":"professional","payments":[{"allowed_amount":90.76,"billing_code_modifier":[""],"providers":[{"billed_charge":117.00,"npi":[1124160296,1508865783,1558493270]}]}]}]},{"name":"SPEC CLCT FOR SARS-COV-2 COVID-19 ANY SPEC SRC","billing_code_type":"HCPCS","billing_code_type_version":"HCPCS LEVEL II 2021","billing_code":"G2023","description":"SPEC CLCT FOR SARS-COV-2 COVID-19 ANY SPEC SRC","allowed_amounts":[{"tin":{"type":"ein","value":"361924025"},"service_code":["21","81"],"billing_class":"professional","payments":[{"allowed_amount":28.15,"billing_code_modifier":[""],"providers":[{"billed_charge":28.99,"npi":[1033124284,1073036307,1124033360,1154613768,1174046437,1194028167,1194966721,1528225224,1609882166]}]}]}]},{"name":"SPEECH THERAPY IN THE HOME PER DIEM","billing_code_type":"HCPCS","billing_code_type_version":"HCPCS LEVEL II 2021","billing_code":"S9128","description":"SPEECH THERAPY IN THE HOME PER DIEM","allowed_amounts":[{"tin":{"type":"ein","value":"611010686"},"service_code":["12"],"billing_class":"professional","payments":[{"allowed_amount":99.29,"billing_code_modifier":[""],"providers":[{"billed_charge":123.00,"npi":[1508865783,1558493270]}]}]}]}]}
