{"reporting_entity_name": "IEC Group_DBA AmeriBen",
	"reporting_entity_type": "Third Party Administrator",
	"plan_name": "CORE & MAIN LP",
	"plan_id_type": "ein",
	"plan_id": "030550887",
	"plan_market_type": "group",
	"last_updated_on": "2023-09-01","Version": "1.0.0","out_of_network":[{"name":"CCPD OPD\/HOME: CCPD COMP OR OTHER RATE","billing_code_type":"RC","billing_code_type_version":"UB04","billing_code":"0851","description":"CCPD OPD\/HOME: CCPD COMP OR OTHER RATE","allowed_amounts":[{"tin":{"type":"ein","value":"431690517"},"service_code":["65"],"billing_class":"institutional","payments":[{"allowed_amount":302.94,"billing_code_modifier":[""],"providers":[{"billed_charge":3750.05,"npi":[1548372444,1619957917]}]}]},{"tin":{"type":"ein","value":"710728066"},"service_code":["65"],"billing_class":"institutional","payments":[{"allowed_amount":242.96,"billing_code_modifier":[""],"providers":[{"billed_charge":3750.05,"npi":[1467564369,1689789984]}]}]},{"tin":{"type":"ein","value":"800060772"},"service_code":["65"],"billing_class":"institutional","payments":[{"allowed_amount":298.55,"billing_code_modifier":[""],"providers":[{"billed_charge":927.74,"npi":[1548232572,1760490510]}]}]},{"tin":{"type":"ein","value":"800060772"},"service_code":["65"],"billing_class":"institutional","payments":[{"allowed_amount":339.39,"billing_code_modifier":[""],"providers":[{"billed_charge":900.72,"npi":[1548232572,1760490510]}]}]},{"tin":{"type":"ein","value":"800060772"},"service_code":["65"],"billing_class":"institutional","payments":[{"allowed_amount":376.05,"billing_code_modifier":[""],"providers":[{"billed_charge":927.74,"npi":[1548232572,1760490510]}]}]}]},{"name":"DRUGS REQUIRE SPECIFIC ID: DRUGS REQUIRING DETAIL","billing_code_type":"RC","billing_code_type_version":"UB04","billing_code":"0636","description":"DRUGS REQUIRE SPECIFIC ID: DRUGS REQUIRING DETAIL","allowed_amounts":[{"tin":{"type":"ein","value":"042975268"},"service_code":["65"],"billing_class":"institutional","payments":[{"allowed_amount":16.04,"billing_code_modifier":[""],"providers":[{"billed_charge":441.99,"npi":[1184860371,1619957917]}]}]},{"tin":{"type":"ein","value":"042975268"},"service_code":["65"],"billing_class":"institutional","payments":[{"allowed_amount":16.58,"billing_code_modifier":[""],"providers":[{"billed_charge":441.99,"npi":[1184860371,1619957917]}]}]},{"tin":{"type":"ein","value":"710728066"},"service_code":["65"],"billing_class":"institutional","payments":[{"allowed_amount":5.47,"billing_code_modifier":[""],"providers":[{"billed_charge":309.39,"npi":[1467564369,1689789984]}]}]},{"tin":{"type":"ein","value":"710728066"},"service_code":["65"],"billing_class":"institutional","payments":[{"allowed_amount":8.44,"billing_code_modifier":[""],"providers":[{"billed_charge":309.39,"npi":[1467564369,1689789984]}]}]},{"tin":{"type":"ein","value":"710728066"},"service_code":["65"],"billing_class":"institutional","payments":[{"allowed_amount":8.53,"billing_code_modifier":[""],"providers":[{"billed_charge":309.39,"npi":[1467564369,1689789984]}]}]},{"tin":{"type":"ein","value":"710728066"},"service_code":["65"],"billing_class":"institutional","payments":[{"allowed_amount":8.70,"billing_code_modifier":[""],"providers":[{"billed_charge":309.39,"npi":[1467564369,1689789984]}]}]},{"tin":{"type":"ein","value":"710728066"},"service_code":["65"],"billing_class":"institutional","payments":[{"allowed_amount":8.73,"billing_code_modifier":[""],"providers":[{"billed_charge":309.39,"npi":[1467564369,1689789984]}]}]},{"tin":{"type":"ein","value":"710728066"},"service_code":["65"],"billing_class":"institutional","payments":[{"allowed_amount":8.93,"billing_code_modifier":[""],"providers":[{"billed_charge":324.13,"npi":[1467564369,1689789984]}]}]},{"tin":{"type":"ein","value":"710728066"},"service_code":["65"],"billing_class":"institutional","payments":[{"allowed_amount":10.07,"billing_code_modifier":[""],"providers":[{"billed_charge":309.39,"npi":[1467564369,1689789984]}]}]},{"tin":{"type":"ein","value":"710728066"},"service_code":["65"],"billing_class":"institutional","payments":[{"allowed_amount":24.48,"billing_code_modifier":[""],"providers":[{"billed_charge":294.63,"npi":[1467564369,1689789984]}]}]},{"tin":{"type":"ein","value":"710728066"},"service_code":["65"],"billing_class":"institutional","payments":[{"allowed_amount":25.65,"billing_code_modifier":[""],"providers":[{"billed_charge":308.66,"npi":[1467564369,1689789984]}]}]}]},{"name":"HEMO OPD\/HOME: HEMODIALYSIS COMP OR OTHER RATE","billing_code_type":"RC","billing_code_type_version":"UB04","billing_code":"0821","description":"HEMO OPD\/HOME: HEMODIALYSIS COMP OR OTHER RATE","allowed_amounts":[{"tin":{"type":"ein","value":"042975268"},"service_code":["65"],"billing_class":"institutional","payments":[{"allowed_amount":260.48,"billing_code_modifier":[""],"providers":[{"billed_charge":8010.89,"npi":[1184860371,1619957917]}]}]},{"tin":{"type":"ein","value":"042975268"},"service_code":["65"],"billing_class":"institutional","payments":[{"allowed_amount":305.41,"billing_code_modifier":[""],"providers":[{"billed_charge":8411.43,"npi":[1184860371,1619957917]}]}]},{"tin":{"type":"ein","value":"042975268"},"service_code":["65"],"billing_class":"institutional","payments":[{"allowed_amount":315.64,"billing_code_modifier":[""],"providers":[{"billed_charge":8411.43,"npi":[1184860371,1619957917]}]}]},{"tin":{"type":"ein","value":"710728066"},"service_code":["65"],"billing_class":"institutional","payments":[{"allowed_amount":318.12,"billing_code_modifier":[""],"providers":[{"billed_charge":8411.43,"npi":[1467564369,1689789984]}]}]},{"tin":{"type":"ein","value":"710728066"},"service_code":["65"],"billing_class":"institutional","payments":[{"allowed_amount":665.82,"billing_code_modifier":[""],"providers":[{"billed_charge":8010.89,"npi":[1467564369,1689789984]}]}]}]},{"name":"LABORATORY - CLINICAL DIAGNOSTIC","billing_code_type":"RC","billing_code_type_version":"UB04","billing_code":"0300","description":"LABORATORY - CLINICAL DIAGNOSTIC","allowed_amounts":[{"tin":{"type":"ein","value":"141338544"},"service_code":["21"],"billing_class":"institutional","payments":[{"allowed_amount":0.00,"billing_code_modifier":[""],"providers":[{"billed_charge":576.00,"npi":[1043267727,1205826088,1366436230]}]}]},{"tin":{"type":"ein","value":"346004382"},"service_code":["21"],"billing_class":"institutional","payments":[{"allowed_amount":0.00,"billing_code_modifier":[""],"providers":[{"billed_charge":104.00,"npi":[1578853198,1700828852,1952667289]}]}]},{"tin":{"type":"ein","value":"381459362"},"service_code":["21"],"billing_class":"institutional","payments":[{"allowed_amount":0.00,"billing_code_modifier":[""],"providers":[{"billed_charge":28.00,"npi":[1427289883,1689653305]}]}]},{"tin":{"type":"ein","value":"474187773"},"service_code":["23"],"billing_class":"institutional","payments":[{"allowed_amount":0.00,"billing_code_modifier":[""],"providers":[{"billed_charge":35.26,"npi":[1619321742]},{"billed_charge":180.00,"npi":[1619321742]},{"billed_charge":187.51,"npi":[1619321742]},{"billed_charge":221.95,"npi":[1619321742]},{"billed_charge":265.25,"npi":[1619321742]},{"billed_charge":267.87,"npi":[1619321742]}]},{"allowed_amount":0.00,"billing_code_modifier":[""],"providers":[{"billed_charge":35.26,"npi":[1619321742]},{"billed_charge":180.00,"npi":[1619321742]},{"billed_charge":187.51,"npi":[1619321742]},{"billed_charge":221.95,"npi":[1619321742]},{"billed_charge":265.25,"npi":[1619321742]},{"billed_charge":267.87,"npi":[1619321742]}]},{"allowed_amount":0.00,"billing_code_modifier":[""],"providers":[{"billed_charge":35.26,"npi":[1619321742]},{"billed_charge":180.00,"npi":[1619321742]},{"billed_charge":187.51,"npi":[1619321742]},{"billed_charge":221.95,"npi":[1619321742]},{"billed_charge":265.25,"npi":[1619321742]},{"billed_charge":267.87,"npi":[1619321742]}]},{"allowed_amount":0.00,"billing_code_modifier":[""],"providers":[{"billed_charge":35.26,"npi":[1619321742]},{"billed_charge":180.00,"npi":[1619321742]},{"billed_charge":187.51,"npi":[1619321742]},{"billed_charge":221.95,"npi":[1619321742]},{"billed_charge":265.25,"npi":[1619321742]},{"billed_charge":267.87,"npi":[1619321742]}]},{"allowed_amount":0.00,"billing_code_modifier":[""],"providers":[{"billed_charge":35.26,"npi":[1619321742]},{"billed_charge":180.00,"npi":[1619321742]},{"billed_charge":187.51,"npi":[1619321742]},{"billed_charge":221.95,"npi":[1619321742]},{"billed_charge":265.25,"npi":[1619321742]},{"billed_charge":267.87,"npi":[1619321742]}]},{"allowed_amount":0.00,"billing_code_modifier":[""],"providers":[{"billed_charge":35.26,"npi":[1619321742]},{"billed_charge":180.00,"npi":[1619321742]},{"billed_charge":187.51,"npi":[1619321742]},{"billed_charge":221.95,"npi":[1619321742]},{"billed_charge":265.25,"npi":[1619321742]},{"billed_charge":267.87,"npi":[1619321742]}]}]},{"tin":{"type":"ein","value":"474187773"},"service_code":["23"],"billing_class":"institutional","payments":[{"allowed_amount":0.00,"billing_code_modifier":[""],"providers":[{"billed_charge":35.26,"npi":[1619321742]},{"billed_charge":180.00,"npi":[1619321742]},{"billed_charge":187.51,"npi":[1619321742]},{"billed_charge":221.95,"npi":[1619321742]},{"billed_charge":265.25,"npi":[1619321742]},{"billed_charge":267.87,"npi":[1619321742]}]},{"allowed_amount":0.00,"billing_code_modifier":[""],"providers":[{"billed_charge":35.26,"npi":[1619321742]},{"billed_charge":180.00,"npi":[1619321742]},{"billed_charge":187.51,"npi":[1619321742]},{"billed_charge":221.95,"npi":[1619321742]},{"billed_charge":265.25,"npi":[1619321742]},{"billed_charge":267.87,"npi":[1619321742]}]},{"allowed_amount":0.00,"billing_code_modifier":[""],"providers":[{"billed_charge":35.26,"npi":[1619321742]},{"billed_charge":180.00,"npi":[1619321742]},{"billed_charge":187.51,"npi":[1619321742]},{"billed_charge":221.95,"npi":[1619321742]},{"billed_charge":265.25,"npi":[1619321742]},{"billed_charge":267.87,"npi":[1619321742]}]},{"allowed_amount":0.00,"billing_code_modifier":[""],"providers":[{"billed_charge":35.26,"npi":[1619321742]},{"billed_charge":180.00,"npi":[1619321742]},{"billed_charge":187.51,"npi":[1619321742]},{"billed_charge":221.95,"npi":[1619321742]},{"billed_charge":265.25,"npi":[1619321742]},{"billed_charge":267.87,"npi":[1619321742]}]},{"allowed_amount":0.00,"billing_code_modifier":[""],"providers":[{"billed_charge":35.26,"npi":[1619321742]},{"billed_charge":180.00,"npi":[1619321742]},{"billed_charge":187.51,"npi":[1619321742]},{"billed_charge":221.95,"npi":[1619321742]},{"billed_charge":265.25,"npi":[1619321742]},{"billed_charge":267.87,"npi":[1619321742]}]},{"allowed_amount":0.00,"billing_code_modifier":[""],"providers":[{"billed_charge":35.26,"npi":[1619321742]},{"billed_charge":180.00,"npi":[1619321742]},{"billed_charge":187.51,"npi":[1619321742]},{"billed_charge":221.95,"npi":[1619321742]},{"billed_charge":265.25,"npi":[1619321742]},{"billed_charge":267.87,"npi":[1619321742]}]}]},{"tin":{"type":"ein","value":"474187773"},"service_code":["23"],"billing_class":"institutional","payments":[{"allowed_amount":0.00,"billing_code_modifier":[""],"providers":[{"billed_charge":35.26,"npi":[1619321742]},{"billed_charge":180.00,"npi":[1619321742]},{"billed_charge":187.51,"npi":[1619321742]},{"billed_charge":221.95,"npi":[1619321742]},{"billed_charge":265.25,"npi":[1619321742]},{"billed_charge":267.87,"npi":[1619321742]}]},{"allowed_amount":0.00,"billing_code_modifier":[""],"providers":[{"billed_charge":35.26,"npi":[1619321742]},{"billed_charge":180.00,"npi":[1619321742]},{"billed_charge":187.51,"npi":[1619321742]},{"billed_charge":221.95,"npi":[1619321742]},{"billed_charge":265.25,"npi":[1619321742]},{"billed_charge":267.87,"npi":[1619321742]}]},{"allowed_amount":0.00,"billing_code_modifier":[""],"providers":[{"billed_charge":35.26,"npi":[1619321742]},{"billed_charge":180.00,"npi":[1619321742]},{"billed_charge":187.51,"npi":[1619321742]},{"billed_charge":221.95,"npi":[1619321742]},{"billed_charge":265.25,"npi":[1619321742]},{"billed_charge":267.87,"npi":[1619321742]}]},{"allowed_amount":0.00,"billing_code_modifier":[""],"providers":[{"billed_charge":35.26,"npi":[1619321742]},{"billed_charge":180.00,"npi":[1619321742]},{"billed_charge":187.51,"npi":[1619321742]},{"billed_charge":221.95,"npi":[1619321742]},{"billed_charge":265.25,"npi":[1619321742]},{"billed_charge":267.87,"npi":[1619321742]}]},{"allowed_amount":0.00,"billing_code_modifier":[""],"providers":[{"billed_charge":35.26,"npi":[1619321742]},{"billed_charge":180.00,"npi":[1619321742]},{"billed_charge":187.51,"npi":[1619321742]},{"billed_charge":221.95,"npi":[1619321742]},{"billed_charge":265.25,"npi":[1619321742]},{"billed_charge":267.87,"npi":[1619321742]}]},{"allowed_amount":0.00,"billing_code_modifier":[""],"providers":[{"billed_charge":35.26,"npi":[1619321742]},{"billed_charge":180.00,"npi":[1619321742]},{"billed_charge":187.51,"npi":[1619321742]},{"billed_charge":221.95,"npi":[1619321742]},{"billed_charge":265.25,"npi":[1619321742]},{"billed_charge":267.87,"npi":[1619321742]}]}]},{"tin":{"type":"ein","value":"474187773"},"service_code":["23"],"billing_class":"institutional","payments":[{"allowed_amount":0.00,"billing_code_modifier":[""],"providers":[{"billed_charge":35.26,"npi":[1619321742]},{"billed_charge":180.00,"npi":[1619321742]},{"billed_charge":187.51,"npi":[1619321742]},{"billed_charge":221.95,"npi":[1619321742]},{"billed_charge":265.25,"npi":[1619321742]},{"billed_charge":267.87,"npi":[1619321742]}]},{"allowed_amount":0.00,"billing_code_modifier":[""],"providers":[{"billed_charge":35.26,"npi":[1619321742]},{"billed_charge":180.00,"npi":[1619321742]},{"billed_charge":187.51,"npi":[1619321742]},{"billed_charge":221.95,"npi":[1619321742]},{"billed_charge":265.25,"npi":[1619321742]},{"billed_charge":267.87,"npi":[1619321742]}]},{"allowed_amount":0.00,"billing_code_modifier":[""],"providers":[{"billed_charge":35.26,"npi":[1619321742]},{"billed_charge":180.00,"npi":[1619321742]},{"billed_charge":187.51,"npi":[1619321742]},{"billed_charge":221.95,"npi":[1619321742]},{"billed_charge":265.25,"npi":[1619321742]},{"billed_charge":267.87,"npi":[1619321742]}]},{"allowed_amount":0.00,"billing_code_modifier":[""],"providers":[{"billed_charge":35.26,"npi":[1619321742]},{"billed_charge":180.00,"npi":[1619321742]},{"billed_charge":187.51,"npi":[1619321742]},{"billed_charge":221.95,"npi":[1619321742]},{"billed_charge":265.25,"npi":[1619321742]},{"billed_charge":267.87,"npi":[1619321742]}]},{"allowed_amount":0.00,"billing_code_modifier":[""],"providers":[{"billed_charge":35.26,"npi":[1619321742]},{"billed_charge":180.00,"npi":[1619321742]},{"billed_charge":187.51,"npi":[1619321742]},{"billed_charge":221.95,"npi":[1619321742]},{"billed_charge":265.25,"npi":[1619321742]},{"billed_charge":267.87,"npi":[1619321742]}]},{"allowed_amount":0.00,"billing_code_modifier":[""],"providers":[{"billed_charge":35.26,"npi":[1619321742]},{"billed_charge":180.00,"npi":[1619321742]},{"billed_charge":187.51,"npi":[1619321742]},{"billed_charge":221.95,"npi":[1619321742]},{"billed_charge":265.25,"npi":[1619321742]},{"billed_charge":267.87,"npi":[1619321742]}]}]},{"tin":{"type":"ein","value":"474187773"},"service_code":["23"],"billing_class":"institutional","payments":[{"allowed_amount":0.00,"billing_code_modifier":[""],"providers":[{"billed_charge":35.26,"npi":[1619321742]},{"billed_charge":180.00,"npi":[1619321742]},{"billed_charge":187.51,"npi":[1619321742]},{"billed_charge":221.95,"npi":[1619321742]},{"billed_charge":265.25,"npi":[1619321742]},{"billed_charge":267.87,"npi":[1619321742]}]},{"allowed_amount":0.00,"billing_code_modifier":[""],"providers":[{"billed_charge":35.26,"npi":[1619321742]},{"billed_charge":180.00,"npi":[1619321742]},{"billed_charge":187.51,"npi":[1619321742]},{"billed_charge":221.95,"npi":[1619321742]},{"billed_charge":265.25,"npi":[1619321742]},{"billed_charge":267.87,"npi":[1619321742]}]},{"allowed_amount":0.00,"billing_code_modifier":[""],"providers":[{"billed_charge":35.26,"npi":[1619321742]},{"billed_charge":180.00,"npi":[1619321742]},{"billed_charge":187.51,"npi":[1619321742]},{"billed_charge":221.95,"npi":[1619321742]},{"billed_charge":265.25,"npi":[1619321742]},{"billed_charge":267.87,"npi":[1619321742]}]},{"allowed_amount":0.00,"billing_code_modifier":[""],"providers":[{"billed_charge":35.26,"npi":[1619321742]},{"billed_charge":180.00,"npi":[1619321742]},{"billed_charge":187.51,"npi":[1619321742]},{"billed_charge":221.95,"npi":[1619321742]},{"billed_charge":265.25,"npi":[1619321742]},{"billed_charge":267.87,"npi":[1619321742]}]},{"allowed_amount":0.00,"billing_code_modifier":[""],"providers":[{"billed_charge":35.26,"npi":[1619321742]},{"billed_charge":180.00,"npi":[1619321742]},{"billed_charge":187.51,"npi":[1619321742]},{"billed_charge":221.95,"npi":[1619321742]},{"billed_charge":265.25,"npi":[1619321742]},{"billed_charge":267.87,"npi":[1619321742]}]},{"allowed_amount":0.00,"billing_code_modifier":[""],"providers":[{"billed_charge":35.26,"npi":[1619321742]},{"billed_charge":180.00,"npi":[1619321742]},{"billed_charge":187.51,"npi":[1619321742]},{"billed_charge":221.95,"npi":[1619321742]},{"billed_charge":265.25,"npi":[1619321742]},{"billed_charge":267.87,"npi":[1619321742]}]}]},{"tin":{"type":"ein","value":"474187773"},"service_code":["23"],"billing_class":"institutional","payments":[{"allowed_amount":0.00,"billing_code_modifier":[""],"providers":[{"billed_charge":35.26,"npi":[1619321742]},{"billed_charge":180.00,"npi":[1619321742]},{"billed_charge":187.51,"npi":[1619321742]},{"billed_charge":221.95,"npi":[1619321742]},{"billed_charge":265.25,"npi":[1619321742]},{"billed_charge":267.87,"npi":[1619321742]}]},{"allowed_amount":0.00,"billing_code_modifier":[""],"providers":[{"billed_charge":35.26,"npi":[1619321742]},{"billed_charge":180.00,"npi":[1619321742]},{"billed_charge":187.51,"npi":[1619321742]},{"billed_charge":221.95,"npi":[1619321742]},{"billed_charge":265.25,"npi":[1619321742]},{"billed_charge":267.87,"npi":[1619321742]}]},{"allowed_amount":0.00,"billing_code_modifier":[""],"providers":[{"billed_charge":35.26,"npi":[1619321742]},{"billed_charge":180.00,"npi":[1619321742]},{"billed_charge":187.51,"npi":[1619321742]},{"billed_charge":221.95,"npi":[1619321742]},{"billed_charge":265.25,"npi":[1619321742]},{"billed_charge":267.87,"npi":[1619321742]}]},{"allowed_amount":0.00,"billing_code_modifier":[""],"providers":[{"billed_charge":35.26,"npi":[1619321742]},{"billed_charge":180.00,"npi":[1619321742]},{"billed_charge":187.51,"npi":[1619321742]},{"billed_charge":221.95,"npi":[1619321742]},{"billed_charge":265.25,"npi":[1619321742]},{"billed_charge":267.87,"npi":[1619321742]}]},{"allowed_amount":0.00,"billing_code_modifier":[""],"providers":[{"billed_charge":35.26,"npi":[1619321742]},{"billed_charge":180.00,"npi":[1619321742]},{"billed_charge":187.51,"npi":[1619321742]},{"billed_charge":221.95,"npi":[1619321742]},{"billed_charge":265.25,"npi":[1619321742]},{"billed_charge":267.87,"npi":[1619321742]}]},{"allowed_amount":0.00,"billing_code_modifier":[""],"providers":[{"billed_charge":35.26,"npi":[1619321742]},{"billed_charge":180.00,"npi":[1619321742]},{"billed_charge":187.51,"npi":[1619321742]},{"billed_charge":221.95,"npi":[1619321742]},{"billed_charge":265.25,"npi":[1619321742]},{"billed_charge":267.87,"npi":[1619321742]}]}]},{"tin":{"type":"ein","value":"566017737"},"service_code":["21"],"billing_class":"institutional","payments":[{"allowed_amount":0.00,"billing_code_modifier":[""],"providers":[{"billed_charge":24.00,"npi":[1972579837]}]}]},{"tin":{"type":"ein","value":"611269295"},"service_code":["21"],"billing_class":"institutional","payments":[{"allowed_amount":0.00,"billing_code_modifier":[""],"providers":[{"billed_charge":1188.00,"npi":[1689611501,1720583792,1972525327]}]}]},{"tin":{"type":"ein","value":"840482695"},"service_code":["21"],"billing_class":"institutional","payments":[{"allowed_amount":0.00,"billing_code_modifier":[""],"providers":[{"billed_charge":185.96,"npi":[1629071758]}]}]}]},{"name":"LABORATORY - CLINICAL DIAGNOSTIC: CHEMISTRY","billing_code_type":"RC","billing_code_type_version":"UB04","billing_code":"0301","description":"LABORATORY - CLINICAL DIAGNOSTIC: CHEMISTRY","allowed_amounts":[{"tin":{"type":"ein","value":"141338544"},"service_code":["21"],"billing_class":"institutional","payments":[{"allowed_amount":0.00,"billing_code_modifier":[""],"providers":[{"billed_charge":1841.00,"npi":[1043267727,1205826088,1366436230]}]}]},{"tin":{"type":"ein","value":"346004382"},"service_code":["21"],"billing_class":"institutional","payments":[{"allowed_amount":0.00,"billing_code_modifier":[""],"providers":[{"billed_charge":1443.00,"npi":[1578853198,1700828852,1952667289]}]}]},{"tin":{"type":"ein","value":"381459362"},"service_code":["21"],"billing_class":"institutional","payments":[{"allowed_amount":0.00,"billing_code_modifier":[""],"providers":[{"billed_charge":484.00,"npi":[1427289883,1689653305]}]}]},{"tin":{"type":"ein","value":"566017737"},"service_code":["21"],"billing_class":"institutional","payments":[{"allowed_amount":0.00,"billing_code_modifier":[""],"providers":[{"billed_charge":1560.11,"npi":[1972579837]}]}]},{"tin":{"type":"ein","value":"611269295"},"service_code":["21"],"billing_class":"institutional","payments":[{"allowed_amount":0.00,"billing_code_modifier":[""],"providers":[{"billed_charge":29940.00,"npi":[1689611501,1720583792,1972525327]}]}]},{"tin":{"type":"ein","value":"840482695"},"service_code":["21"],"billing_class":"institutional","payments":[{"allowed_amount":0.00,"billing_code_modifier":[""],"providers":[{"billed_charge":767.94,"npi":[1629071758]}]}]},{"tin":{"type":"ein","value":"873083628"},"service_code":["23"],"billing_class":"institutional","payments":[{"allowed_amount":0.00,"billing_code_modifier":[""],"providers":[{"billed_charge":30.00,"npi":[1013670132]},{"billed_charge":40.00,"npi":[1013670132]},{"billed_charge":50.00,"npi":[1013670132]},{"billed_charge":55.00,"npi":[1013670132]},{"billed_charge":130.84,"npi":[1013670132]},{"billed_charge":268.69,"npi":[1013670132]},{"billed_charge":399.06,"npi":[1013670132]},{"billed_charge":622.32,"npi":[1013670132]}]},{"allowed_amount":0.00,"billing_code_modifier":[""],"providers":[{"billed_charge":30.00,"npi":[1013670132]},{"billed_charge":40.00,"npi":[1013670132]},{"billed_charge":50.00,"npi":[1013670132]},{"billed_charge":55.00,"npi":[1013670132]},{"billed_charge":130.84,"npi":[1013670132]},{"billed_charge":268.69,"npi":[1013670132]},{"billed_charge":399.06,"npi":[1013670132]},{"billed_charge":622.32,"npi":[1013670132]}]},{"allowed_amount":0.00,"billing_code_modifier":[""],"providers":[{"billed_charge":30.00,"npi":[1013670132]},{"billed_charge":40.00,"npi":[1013670132]},{"billed_charge":50.00,"npi":[1013670132]},{"billed_charge":55.00,"npi":[1013670132]},{"billed_charge":130.84,"npi":[1013670132]},{"billed_charge":268.69,"npi":[1013670132]},{"billed_charge":399.06,"npi":[1013670132]},{"billed_charge":622.32,"npi":[1013670132]}]},{"allowed_amount":0.00,"billing_code_modifier":[""],"providers":[{"billed_charge":30.00,"npi":[1013670132]},{"billed_charge":40.00,"npi":[1013670132]},{"billed_charge":50.00,"npi":[1013670132]},{"billed_charge":55.00,"npi":[1013670132]},{"billed_charge":130.84,"npi":[1013670132]},{"billed_charge":268.69,"npi":[1013670132]},{"billed_charge":399.06,"npi":[1013670132]},{"billed_charge":622.32,"npi":[1013670132]}]},{"allowed_amount":0.00,"billing_code_modifier":[""],"providers":[{"billed_charge":30.00,"npi":[1013670132]},{"billed_charge":40.00,"npi":[1013670132]},{"billed_charge":50.00,"npi":[1013670132]},{"billed_charge":55.00,"npi":[1013670132]},{"billed_charge":130.84,"npi":[1013670132]},{"billed_charge":268.69,"npi":[1013670132]},{"billed_charge":399.06,"npi":[1013670132]},{"billed_charge":622.32,"npi":[1013670132]}]},{"allowed_amount":0.00,"billing_code_modifier":[""],"providers":[{"billed_charge":30.00,"npi":[1013670132]},{"billed_charge":40.00,"npi":[1013670132]},{"billed_charge":50.00,"npi":[1013670132]},{"billed_charge":55.00,"npi":[1013670132]},{"billed_charge":130.84,"npi":[1013670132]},{"billed_charge":268.69,"npi":[1013670132]},{"billed_charge":399.06,"npi":[1013670132]},{"billed_charge":622.32,"npi":[1013670132]}]},{"allowed_amount":0.00,"billing_code_modifier":[""],"providers":[{"billed_charge":30.00,"npi":[1013670132]},{"billed_charge":40.00,"npi":[1013670132]},{"billed_charge":50.00,"npi":[1013670132]},{"billed_charge":55.00,"npi":[1013670132]},{"billed_charge":130.84,"npi":[1013670132]},{"billed_charge":268.69,"npi":[1013670132]},{"billed_charge":399.06,"npi":[1013670132]},{"billed_charge":622.32,"npi":[1013670132]}]},{"allowed_amount":0.00,"billing_code_modifier":[""],"providers":[{"billed_charge":30.00,"npi":[1013670132]},{"billed_charge":40.00,"npi":[1013670132]},{"billed_charge":50.00,"npi":[1013670132]},{"billed_charge":55.00,"npi":[1013670132]},{"billed_charge":130.84,"npi":[1013670132]},{"billed_charge":268.69,"npi":[1013670132]},{"billed_charge":399.06,"npi":[1013670132]},{"billed_charge":622.32,"npi":[1013670132]}]}]},{"tin":{"type":"ein","value":"873083628"},"service_code":["23"],"billing_class":"institutional","payments":[{"allowed_amount":0.00,"billing_code_modifier":[""],"providers":[{"billed_charge":30.00,"npi":[1013670132]},{"billed_charge":40.00,"npi":[1013670132]},{"billed_charge":50.00,"npi":[1013670132]},{"billed_charge":55.00,"npi":[1013670132]},{"billed_charge":130.84,"npi":[1013670132]},{"billed_charge":268.69,"npi":[1013670132]},{"billed_charge":399.06,"npi":[1013670132]},{"billed_charge":622.32,"npi":[1013670132]}]},{"allowed_amount":0.00,"billing_code_modifier":[""],"providers":[{"billed_charge":30.00,"npi":[1013670132]},{"billed_charge":40.00,"npi":[1013670132]},{"billed_charge":50.00,"npi":[1013670132]},{"billed_charge":55.00,"npi":[1013670132]},{"billed_charge":130.84,"npi":[1013670132]},{"billed_charge":268.69,"npi":[1013670132]},{"billed_charge":399.06,"npi":[1013670132]},{"billed_charge":622.32,"npi":[1013670132]}]},{"allowed_amount":0.00,"billing_code_modifier":[""],"providers":[{"billed_charge":30.00,"npi":[1013670132]},{"billed_charge":40.00,"npi":[1013670132]},{"billed_charge":50.00,"npi":[1013670132]},{"billed_charge":55.00,"npi":[1013670132]},{"billed_charge":130.84,"npi":[1013670132]},{"billed_charge":268.69,"npi":[1013670132]},{"billed_charge":399.06,"npi":[1013670132]},{"billed_charge":622.32,"npi":[1013670132]}]},{"allowed_amount":0.00,"billing_code_modifier":[""],"providers":[{"billed_charge":30.00,"npi":[1013670132]},{"billed_charge":40.00,"npi":[1013670132]},{"billed_charge":50.00,"npi":[1013670132]},{"billed_charge":55.00,"npi":[1013670132]},{"billed_charge":130.84,"npi":[1013670132]},{"billed_charge":268.69,"npi":[1013670132]},{"billed_charge":399.06,"npi":[1013670132]},{"billed_charge":622.32,"npi":[1013670132]}]},{"allowed_amount":0.00,"billing_code_modifier":[""],"providers":[{"billed_charge":30.00,"npi":[1013670132]},{"billed_charge":40.00,"npi":[1013670132]},{"billed_charge":50.00,"npi":[1013670132]},{"billed_charge":55.00,"npi":[1013670132]},{"billed_charge":130.84,"npi":[1013670132]},{"billed_charge":268.69,"npi":[1013670132]},{"billed_charge":399.06,"npi":[1013670132]},{"billed_charge":622.32,"npi":[1013670132]}]},{"allowed_amount":0.00,"billing_code_modifier":[""],"providers":[{"billed_charge":30.00,"npi":[1013670132]},{"billed_charge":40.00,"npi":[1013670132]},{"billed_charge":50.00,"npi":[1013670132]},{"billed_charge":55.00,"npi":[1013670132]},{"billed_charge":130.84,"npi":[1013670132]},{"billed_charge":268.69,"npi":[1013670132]},{"billed_charge":399.06,"npi":[1013670132]},{"billed_charge":622.32,"npi":[1013670132]}]},{"allowed_amount":0.00,"billing_code_modifier":[""],"providers":[{"billed_charge":30.00,"npi":[1013670132]},{"billed_charge":40.00,"npi":[1013670132]},{"billed_charge":50.00,"npi":[1013670132]},{"billed_charge":55.00,"npi":[1013670132]},{"billed_charge":130.84,"npi":[1013670132]},{"billed_charge":268.69,"npi":[1013670132]},{"billed_charge":399.06,"npi":[1013670132]},{"billed_charge":622.32,"npi":[1013670132]}]},{"allowed_amount":0.00,"billing_code_modifier":[""],"providers":[{"billed_charge":30.00,"npi":[1013670132]},{"billed_charge":40.00,"npi":[1013670132]},{"billed_charge":50.00,"npi":[1013670132]},{"billed_charge":55.00,"npi":[1013670132]},{"billed_charge":130.84,"npi":[1013670132]},{"billed_charge":268.69,"npi":[1013670132]},{"billed_charge":399.06,"npi":[1013670132]},{"billed_charge":622.32,"npi":[1013670132]}]}]},{"tin":{"type":"ein","value":"873083628"},"service_code":["23"],"billing_class":"institutional","payments":[{"allowed_amount":0.00,"billing_code_modifier":[""],"providers":[{"billed_charge":30.00,"npi":[1013670132]},{"billed_charge":40.00,"npi":[1013670132]},{"billed_charge":50.00,"npi":[1013670132]},{"billed_charge":55.00,"npi":[1013670132]},{"billed_charge":130.84,"npi":[1013670132]},{"billed_charge":268.69,"npi":[1013670132]},{"billed_charge":399.06,"npi":[1013670132]},{"billed_charge":622.32,"npi":[1013670132]}]},{"allowed_amount":0.00,"billing_code_modifier":[""],"providers":[{"billed_charge":30.00,"npi":[1013670132]},{"billed_charge":40.00,"npi":[1013670132]},{"billed_charge":50.00,"npi":[1013670132]},{"billed_charge":55.00,"npi":[1013670132]},{"billed_charge":130.84,"npi":[1013670132]},{"billed_charge":268.69,"npi":[1013670132]},{"billed_charge":399.06,"npi":[1013670132]},{"billed_charge":622.32,"npi":[1013670132]}]},{"allowed_amount":0.00,"billing_code_modifier":[""],"providers":[{"billed_charge":30.00,"npi":[1013670132]},{"billed_charge":40.00,"npi":[1013670132]},{"billed_charge":50.00,"npi":[1013670132]},{"billed_charge":55.00,"npi":[1013670132]},{"billed_charge":130.84,"npi":[1013670132]},{"billed_charge":268.69,"npi":[1013670132]},{"billed_charge":399.06,"npi":[1013670132]},{"billed_charge":622.32,"npi":[1013670132]}]},{"allowed_amount":0.00,"billing_code_modifier":[""],"providers":[{"billed_charge":30.00,"npi":[1013670132]},{"billed_charge":40.00,"npi":[1013670132]},{"billed_charge":50.00,"npi":[1013670132]},{"billed_charge":55.00,"npi":[1013670132]},{"billed_charge":130.84,"npi":[1013670132]},{"billed_charge":268.69,"npi":[1013670132]},{"billed_charge":399.06,"npi":[1013670132]},{"billed_charge":622.32,"npi":[1013670132]}]},{"allowed_amount":0.00,"billing_code_modifier":[""],"providers":[{"billed_charge":30.00,"npi":[1013670132]},{"billed_charge":40.00,"npi":[1013670132]},{"billed_charge":50.00,"npi":[1013670132]},{"billed_charge":55.00,"npi":[1013670132]},{"billed_charge":130.84,"npi":[1013670132]},{"billed_charge":268.69,"npi":[1013670132]},{"billed_charge":399.06,"npi":[1013670132]},{"billed_charge":622.32,"npi":[1013670132]}]},{"allowed_amount":0.00,"billing_code_modifier":[""],"providers":[{"billed_charge":30.00,"npi":[1013670132]},{"billed_charge":40.00,"npi":[1013670132]},{"billed_charge":50.00,"npi":[1013670132]},{"billed_charge":55.00,"npi":[1013670132]},{"billed_charge":130.84,"npi":[1013670132]},{"billed_charge":268.69,"npi":[1013670132]},{"billed_charge":399.06,"npi":[1013670132]},{"billed_charge":622.32,"npi":[1013670132]}]},{"allowed_amount":0.00,"billing_code_modifier":[""],"providers":[{"billed_charge":30.00,"npi":[1013670132]},{"billed_charge":40.00,"npi":[1013670132]},{"billed_charge":50.00,"npi":[1013670132]},{"billed_charge":55.00,"npi":[1013670132]},{"billed_charge":130.84,"npi":[1013670132]},{"billed_charge":268.69,"npi":[1013670132]},{"billed_charge":399.06,"npi":[1013670132]},{"billed_charge":622.32,"npi":[1013670132]}]},{"allowed_amount":0.00,"billing_code_modifier":[""],"providers":[{"billed_charge":30.00,"npi":[1013670132]},{"billed_charge":40.00,"npi":[1013670132]},{"billed_charge":50.00,"npi":[1013670132]},{"billed_charge":55.00,"npi":[1013670132]},{"billed_charge":130.84,"npi":[1013670132]},{"billed_charge":268.69,"npi":[1013670132]},{"billed_charge":399.06,"npi":[1013670132]},{"billed_charge":622.32,"npi":[1013670132]}]}]},{"tin":{"type":"ein","value":"873083628"},"service_code":["23"],"billing_class":"institutional","payments":[{"allowed_amount":0.00,"billing_code_modifier":[""],"providers":[{"billed_charge":30.00,"npi":[1013670132]},{"billed_charge":40.00,"npi":[1013670132]},{"billed_charge":50.00,"npi":[1013670132]},{"billed_charge":55.00,"npi":[1013670132]},{"billed_charge":130.84,"npi":[1013670132]},{"billed_charge":268.69,"npi":[1013670132]},{"billed_charge":399.06,"npi":[1013670132]},{"billed_charge":622.32,"npi":[1013670132]}]},{"allowed_amount":0.00,"billing_code_modifier":[""],"providers":[{"billed_charge":30.00,"npi":[1013670132]},{"billed_charge":40.00,"npi":[1013670132]},{"billed_charge":50.00,"npi":[1013670132]},{"billed_charge":55.00,"npi":[1013670132]},{"billed_charge":130.84,"npi":[1013670132]},{"billed_charge":268.69,"npi":[1013670132]},{"billed_charge":399.06,"npi":[1013670132]},{"billed_charge":622.32,"npi":[1013670132]}]},{"allowed_amount":0.00,"billing_code_modifier":[""],"providers":[{"billed_charge":30.00,"npi":[1013670132]},{"billed_charge":40.00,"npi":[1013670132]},{"billed_charge":50.00,"npi":[1013670132]},{"billed_charge":55.00,"npi":[1013670132]},{"billed_charge":130.84,"npi":[1013670132]},{"billed_charge":268.69,"npi":[1013670132]},{"billed_charge":399.06,"npi":[1013670132]},{"billed_charge":622.32,"npi":[1013670132]}]},{"allowed_amount":0.00,"billing_code_modifier":[""],"providers":[{"billed_charge":30.00,"npi":[1013670132]},{"billed_charge":40.00,"npi":[1013670132]},{"billed_charge":50.00,"npi":[1013670132]},{"billed_charge":55.00,"npi":[1013670132]},{"billed_charge":130.84,"npi":[1013670132]},{"billed_charge":268.69,"npi":[1013670132]},{"billed_charge":399.06,"npi":[1013670132]},{"billed_charge":622.32,"npi":[1013670132]}]},{"allowed_amount":0.00,"billing_code_modifier":[""],"providers":[{"billed_charge":30.00,"npi":[1013670132]},{"billed_charge":40.00,"npi":[1013670132]},{"billed_charge":50.00,"npi":[1013670132]},{"billed_charge":55.00,"npi":[1013670132]},{"billed_charge":130.84,"npi":[1013670132]},{"billed_charge":268.69,"npi":[1013670132]},{"billed_charge":399.06,"npi":[1013670132]},{"billed_charge":622.32,"npi":[1013670132]}]},{"allowed_amount":0.00,"billing_code_modifier":[""],"providers":[{"billed_charge":30.00,"npi":[1013670132]},{"billed_charge":40.00,"npi":[1013670132]},{"billed_charge":50.00,"npi":[1013670132]},{"billed_charge":55.00,"npi":[1013670132]},{"billed_charge":130.84,"npi":[1013670132]},{"billed_charge":268.69,"npi":[1013670132]},{"billed_charge":399.06,"npi":[1013670132]},{"billed_charge":622.32,"npi":[1013670132]}]},{"allowed_amount":0.00,"billing_code_modifier":[""],"providers":[{"billed_charge":30.00,"npi":[1013670132]},{"billed_charge":40.00,"npi":[1013670132]},{"billed_charge":50.00,"npi":[1013670132]},{"billed_charge":55.00,"npi":[1013670132]},{"billed_charge":130.84,"npi":[1013670132]},{"billed_charge":268.69,"npi":[1013670132]},{"billed_charge":399.06,"npi":[1013670132]},{"billed_charge":622.32,"npi":[1013670132]}]},{"allowed_amount":0.00,"billing_code_modifier":[""],"providers":[{"billed_charge":30.00,"npi":[1013670132]},{"billed_charge":40.00,"npi":[1013670132]},{"billed_charge":50.00,"npi":[1013670132]},{"billed_charge":55.00,"npi":[1013670132]},{"billed_charge":130.84,"npi":[1013670132]},{"billed_charge":268.69,"npi":[1013670132]},{"billed_charge":399.06,"npi":[1013670132]},{"billed_charge":622.32,"npi":[1013670132]}]}]},{"tin":{"type":"ein","value":"873083628"},"service_code":["23"],"billing_class":"institutional","payments":[{"allowed_amount":0.00,"billing_code_modifier":[""],"providers":[{"billed_charge":30.00,"npi":[1013670132]},{"billed_charge":40.00,"npi":[1013670132]},{"billed_charge":50.00,"npi":[1013670132]},{"billed_charge":55.00,"npi":[1013670132]},{"billed_charge":130.84,"npi":[1013670132]},{"billed_charge":268.69,"npi":[1013670132]},{"billed_charge":399.06,"npi":[1013670132]},{"billed_charge":622.32,"npi":[1013670132]}]},{"allowed_amount":0.00,"billing_code_modifier":[""],"providers":[{"billed_charge":30.00,"npi":[1013670132]},{"billed_charge":40.00,"npi":[1013670132]},{"billed_charge":50.00,"npi":[1013670132]},{"billed_charge":55.00,"npi":[1013670132]},{"billed_charge":130.84,"npi":[1013670132]},{"billed_charge":268.69,"npi":[1013670132]},{"billed_charge":399.06,"npi":[1013670132]},{"billed_charge":622.32,"npi":[1013670132]}]},{"allowed_amount":0.00,"billing_code_modifier":[""],"providers":[{"billed_charge":30.00,"npi":[1013670132]},{"billed_charge":40.00,"npi":[1013670132]},{"billed_charge":50.00,"npi":[1013670132]},{"billed_charge":55.00,"npi":[1013670132]},{"billed_charge":130.84,"npi":[1013670132]},{"billed_charge":268.69,"npi":[1013670132]},{"billed_charge":399.06,"npi":[1013670132]},{"billed_charge":622.32,"npi":[1013670132]}]},{"allowed_amount":0.00,"billing_code_modifier":[""],"providers":[{"billed_charge":30.00,"npi":[1013670132]},{"billed_charge":40.00,"npi":[1013670132]},{"billed_charge":50.00,"npi":[1013670132]},{"billed_charge":55.00,"npi":[1013670132]},{"billed_charge":130.84,"npi":[1013670132]},{"billed_charge":268.69,"npi":[1013670132]},{"billed_charge":399.06,"npi":[1013670132]},{"billed_charge":622.32,"npi":[1013670132]}]},{"allowed_amount":0.00,"billing_code_modifier":[""],"providers":[{"billed_charge":30.00,"npi":[1013670132]},{"billed_charge":40.00,"npi":[1013670132]},{"billed_charge":50.00,"npi":[1013670132]},{"billed_charge":55.00,"npi":[1013670132]},{"billed_charge":130.84,"npi":[1013670132]},{"billed_charge":268.69,"npi":[1013670132]},{"billed_charge":399.06,"npi":[1013670132]},{"billed_charge":622.32,"npi":[1013670132]}]},{"allowed_amount":0.00,"billing_code_modifier":[""],"providers":[{"billed_charge":30.00,"npi":[1013670132]},{"billed_charge":40.00,"npi":[1013670132]},{"billed_charge":50.00,"npi":[1013670132]},{"billed_charge":55.00,"npi":[1013670132]},{"billed_charge":130.84,"npi":[1013670132]},{"billed_charge":268.69,"npi":[1013670132]},{"billed_charge":399.06,"npi":[1013670132]},{"billed_charge":622.32,"npi":[1013670132]}]},{"allowed_amount":0.00,"billing_code_modifier":[""],"providers":[{"billed_charge":30.00,"npi":[1013670132]},{"billed_charge":40.00,"npi":[1013670132]},{"billed_charge":50.00,"npi":[1013670132]},{"billed_charge":55.00,"npi":[1013670132]},{"billed_charge":130.84,"npi":[1013670132]},{"billed_charge":268.69,"npi":[1013670132]},{"billed_charge":399.06,"npi":[1013670132]},{"billed_charge":622.32,"npi":[1013670132]}]},{"allowed_amount":0.00,"billing_code_modifier":[""],"providers":[{"billed_charge":30.00,"npi":[1013670132]},{"billed_charge":40.00,"npi":[1013670132]},{"billed_charge":50.00,"npi":[1013670132]},{"billed_charge":55.00,"npi":[1013670132]},{"billed_charge":130.84,"npi":[1013670132]},{"billed_charge":268.69,"npi":[1013670132]},{"billed_charge":399.06,"npi":[1013670132]},{"billed_charge":622.32,"npi":[1013670132]}]}]},{"tin":{"type":"ein","value":"873083628"},"service_code":["23"],"billing_class":"institutional","payments":[{"allowed_amount":0.00,"billing_code_modifier":[""],"providers":[{"billed_charge":30.00,"npi":[1013670132]},{"billed_charge":40.00,"npi":[1013670132]},{"billed_charge":50.00,"npi":[1013670132]},{"billed_charge":55.00,"npi":[1013670132]},{"billed_charge":130.84,"npi":[1013670132]},{"billed_charge":268.69,"npi":[1013670132]},{"billed_charge":399.06,"npi":[1013670132]},{"billed_charge":622.32,"npi":[1013670132]}]},{"allowed_amount":0.00,"billing_code_modifier":[""],"providers":[{"billed_charge":30.00,"npi":[1013670132]},{"billed_charge":40.00,"npi":[1013670132]},{"billed_charge":50.00,"npi":[1013670132]},{"billed_charge":55.00,"npi":[1013670132]},{"billed_charge":130.84,"npi":[1013670132]},{"billed_charge":268.69,"npi":[1013670132]},{"billed_charge":399.06,"npi":[1013670132]},{"billed_charge":622.32,"npi":[1013670132]}]},{"allowed_amount":0.00,"billing_code_modifier":[""],"providers":[{"billed_charge":30.00,"npi":[1013670132]},{"billed_charge":40.00,"npi":[1013670132]},{"billed_charge":50.00,"npi":[1013670132]},{"billed_charge":55.00,"npi":[1013670132]},{"billed_charge":130.84,"npi":[1013670132]},{"billed_charge":268.69,"npi":[1013670132]},{"billed_charge":399.06,"npi":[1013670132]},{"billed_charge":622.32,"npi":[1013670132]}]},{"allowed_amount":0.00,"billing_code_modifier":[""],"providers":[{"billed_charge":30.00,"npi":[1013670132]},{"billed_charge":40.00,"npi":[1013670132]},{"billed_charge":50.00,"npi":[1013670132]},{"billed_charge":55.00,"npi":[1013670132]},{"billed_charge":130.84,"npi":[1013670132]},{"billed_charge":268.69,"npi":[1013670132]},{"billed_charge":399.06,"npi":[1013670132]},{"billed_charge":622.32,"npi":[1013670132]}]},{"allowed_amount":0.00,"billing_code_modifier":[""],"providers":[{"billed_charge":30.00,"npi":[1013670132]},{"billed_charge":40.00,"npi":[1013670132]},{"billed_charge":50.00,"npi":[1013670132]},{"billed_charge":55.00,"npi":[1013670132]},{"billed_charge":130.84,"npi":[1013670132]},{"billed_charge":268.69,"npi":[1013670132]},{"billed_charge":399.06,"npi":[1013670132]},{"billed_charge":622.32,"npi":[1013670132]}]},{"allowed_amount":0.00,"billing_code_modifier":[""],"providers":[{"billed_charge":30.00,"npi":[1013670132]},{"billed_charge":40.00,"npi":[1013670132]},{"billed_charge":50.00,"npi":[1013670132]},{"billed_charge":55.00,"npi":[1013670132]},{"billed_charge":130.84,"npi":[1013670132]},{"billed_charge":268.69,"npi":[1013670132]},{"billed_charge":399.06,"npi":[1013670132]},{"billed_charge":622.32,"npi":[1013670132]}]},{"allowed_amount":0.00,"billing_code_modifier":[""],"providers":[{"billed_charge":30.00,"npi":[1013670132]},{"billed_charge":40.00,"npi":[1013670132]},{"billed_charge":50.00,"npi":[1013670132]},{"billed_charge":55.00,"npi":[1013670132]},{"billed_charge":130.84,"npi":[1013670132]},{"billed_charge":268.69,"npi":[1013670132]},{"billed_charge":399.06,"npi":[1013670132]},{"billed_charge":622.32,"npi":[1013670132]}]},{"allowed_amount":0.00,"billing_code_modifier":[""],"providers":[{"billed_charge":30.00,"npi":[1013670132]},{"billed_charge":40.00,"npi":[1013670132]},{"billed_charge":50.00,"npi":[1013670132]},{"billed_charge":55.00,"npi":[1013670132]},{"billed_charge":130.84,"npi":[1013670132]},{"billed_charge":268.69,"npi":[1013670132]},{"billed_charge":399.06,"npi":[1013670132]},{"billed_charge":622.32,"npi":[1013670132]}]}]},{"tin":{"type":"ein","value":"873083628"},"service_code":["23"],"billing_class":"institutional","payments":[{"allowed_amount":0.00,"billing_code_modifier":[""],"providers":[{"billed_charge":30.00,"npi":[1013670132]},{"billed_charge":40.00,"npi":[1013670132]},{"billed_charge":50.00,"npi":[1013670132]},{"billed_charge":55.00,"npi":[1013670132]},{"billed_charge":130.84,"npi":[1013670132]},{"billed_charge":268.69,"npi":[1013670132]},{"billed_charge":399.06,"npi":[1013670132]},{"billed_charge":622.32,"npi":[1013670132]}]},{"allowed_amount":0.00,"billing_code_modifier":[""],"providers":[{"billed_charge":30.00,"npi":[1013670132]},{"billed_charge":40.00,"npi":[1013670132]},{"billed_charge":50.00,"npi":[1013670132]},{"billed_charge":55.00,"npi":[1013670132]},{"billed_charge":130.84,"npi":[1013670132]},{"billed_charge":268.69,"npi":[1013670132]},{"billed_charge":399.06,"npi":[1013670132]},{"billed_charge":622.32,"npi":[1013670132]}]},{"allowed_amount":0.00,"billing_code_modifier":[""],"providers":[{"billed_charge":30.00,"npi":[1013670132]},{"billed_charge":40.00,"npi":[1013670132]},{"billed_charge":50.00,"npi":[1013670132]},{"billed_charge":55.00,"npi":[1013670132]},{"billed_charge":130.84,"npi":[1013670132]},{"billed_charge":268.69,"npi":[1013670132]},{"billed_charge":399.06,"npi":[1013670132]},{"billed_charge":622.32,"npi":[1013670132]}]},{"allowed_amount":0.00,"billing_code_modifier":[""],"providers":[{"billed_charge":30.00,"npi":[1013670132]},{"billed_charge":40.00,"npi":[1013670132]},{"billed_charge":50.00,"npi":[1013670132]},{"billed_charge":55.00,"npi":[1013670132]},{"billed_charge":130.84,"npi":[1013670132]},{"billed_charge":268.69,"npi":[1013670132]},{"billed_charge":399.06,"npi":[1013670132]},{"billed_charge":622.32,"npi":[1013670132]}]},{"allowed_amount":0.00,"billing_code_modifier":[""],"providers":[{"billed_charge":30.00,"npi":[1013670132]},{"billed_charge":40.00,"npi":[1013670132]},{"billed_charge":50.00,"npi":[1013670132]},{"billed_charge":55.00,"npi":[1013670132]},{"billed_charge":130.84,"npi":[1013670132]},{"billed_charge":268.69,"npi":[1013670132]},{"billed_charge":399.06,"npi":[1013670132]},{"billed_charge":622.32,"npi":[1013670132]}]},{"allowed_amount":0.00,"billing_code_modifier":[""],"providers":[{"billed_charge":30.00,"npi":[1013670132]},{"billed_charge":40.00,"npi":[1013670132]},{"billed_charge":50.00,"npi":[1013670132]},{"billed_charge":55.00,"npi":[1013670132]},{"billed_charge":130.84,"npi":[1013670132]},{"billed_charge":268.69,"npi":[1013670132]},{"billed_charge":399.06,"npi":[1013670132]},{"billed_charge":622.32,"npi":[1013670132]}]},{"allowed_amount":0.00,"billing_code_modifier":[""],"providers":[{"billed_charge":30.00,"npi":[1013670132]},{"billed_charge":40.00,"npi":[1013670132]},{"billed_charge":50.00,"npi":[1013670132]},{"billed_charge":55.00,"npi":[1013670132]},{"billed_charge":130.84,"npi":[1013670132]},{"billed_charge":268.69,"npi":[1013670132]},{"billed_charge":399.06,"npi":[1013670132]},{"billed_charge":622.32,"npi":[1013670132]}]},{"allowed_amount":0.00,"billing_code_modifier":[""],"providers":[{"billed_charge":30.00,"npi":[1013670132]},{"billed_charge":40.00,"npi":[1013670132]},{"billed_charge":50.00,"npi":[1013670132]},{"billed_charge":55.00,"npi":[1013670132]},{"billed_charge":130.84,"npi":[1013670132]},{"billed_charge":268.69,"npi":[1013670132]},{"billed_charge":399.06,"npi":[1013670132]},{"billed_charge":622.32,"npi":[1013670132]}]}]},{"tin":{"type":"ein","value":"873083628"},"service_code":["23"],"billing_class":"institutional","payments":[{"allowed_amount":0.00,"billing_code_modifier":[""],"providers":[{"billed_charge":30.00,"npi":[1013670132]},{"billed_charge":40.00,"npi":[1013670132]},{"billed_charge":50.00,"npi":[1013670132]},{"billed_charge":55.00,"npi":[1013670132]},{"billed_charge":130.84,"npi":[1013670132]},{"billed_charge":268.69,"npi":[1013670132]},{"billed_charge":399.06,"npi":[1013670132]},{"billed_charge":622.32,"npi":[1013670132]}]},{"allowed_amount":0.00,"billing_code_modifier":[""],"providers":[{"billed_charge":30.00,"npi":[1013670132]},{"billed_charge":40.00,"npi":[1013670132]},{"billed_charge":50.00,"npi":[1013670132]},{"billed_charge":55.00,"npi":[1013670132]},{"billed_charge":130.84,"npi":[1013670132]},{"billed_charge":268.69,"npi":[1013670132]},{"billed_charge":399.06,"npi":[1013670132]},{"billed_charge":622.32,"npi":[1013670132]}]},{"allowed_amount":0.00,"billing_code_modifier":[""],"providers":[{"billed_charge":30.00,"npi":[1013670132]},{"billed_charge":40.00,"npi":[1013670132]},{"billed_charge":50.00,"npi":[1013670132]},{"billed_charge":55.00,"npi":[1013670132]},{"billed_charge":130.84,"npi":[1013670132]},{"billed_charge":268.69,"npi":[1013670132]},{"billed_charge":399.06,"npi":[1013670132]},{"billed_charge":622.32,"npi":[1013670132]}]},{"allowed_amount":0.00,"billing_code_modifier":[""],"providers":[{"billed_charge":30.00,"npi":[1013670132]},{"billed_charge":40.00,"npi":[1013670132]},{"billed_charge":50.00,"npi":[1013670132]},{"billed_charge":55.00,"npi":[1013670132]},{"billed_charge":130.84,"npi":[1013670132]},{"billed_charge":268.69,"npi":[1013670132]},{"billed_charge":399.06,"npi":[1013670132]},{"billed_charge":622.32,"npi":[1013670132]}]},{"allowed_amount":0.00,"billing_code_modifier":[""],"providers":[{"billed_charge":30.00,"npi":[1013670132]},{"billed_charge":40.00,"npi":[1013670132]},{"billed_charge":50.00,"npi":[1013670132]},{"billed_charge":55.00,"npi":[1013670132]},{"billed_charge":130.84,"npi":[1013670132]},{"billed_charge":268.69,"npi":[1013670132]},{"billed_charge":399.06,"npi":[1013670132]},{"billed_charge":622.32,"npi":[1013670132]}]},{"allowed_amount":0.00,"billing_code_modifier":[""],"providers":[{"billed_charge":30.00,"npi":[1013670132]},{"billed_charge":40.00,"npi":[1013670132]},{"billed_charge":50.00,"npi":[1013670132]},{"billed_charge":55.00,"npi":[1013670132]},{"billed_charge":130.84,"npi":[1013670132]},{"billed_charge":268.69,"npi":[1013670132]},{"billed_charge":399.06,"npi":[1013670132]},{"billed_charge":622.32,"npi":[1013670132]}]},{"allowed_amount":0.00,"billing_code_modifier":[""],"providers":[{"billed_charge":30.00,"npi":[1013670132]},{"billed_charge":40.00,"npi":[1013670132]},{"billed_charge":50.00,"npi":[1013670132]},{"billed_charge":55.00,"npi":[1013670132]},{"billed_charge":130.84,"npi":[1013670132]},{"billed_charge":268.69,"npi":[1013670132]},{"billed_charge":399.06,"npi":[1013670132]},{"billed_charge":622.32,"npi":[1013670132]}]},{"allowed_amount":0.00,"billing_code_modifier":[""],"providers":[{"billed_charge":30.00,"npi":[1013670132]},{"billed_charge":40.00,"npi":[1013670132]},{"billed_charge":50.00,"npi":[1013670132]},{"billed_charge":55.00,"npi":[1013670132]},{"billed_charge":130.84,"npi":[1013670132]},{"billed_charge":268.69,"npi":[1013670132]},{"billed_charge":399.06,"npi":[1013670132]},{"billed_charge":622.32,"npi":[1013670132]}]}]}]},{"name":"MANUAL THERAPY TQS 1\/> REGIONS EACH 15 MINUTES","billing_code_type":"CPT","billing_code_type_version":"2020","billing_code":"97140","description":"MANUAL THERAPY TQS 1\/> REGIONS EACH 15 MINUTES","allowed_amounts":[{"tin":{"type":"ein","value":"522372304"},"service_code":["11"],"billing_class":"professional","payments":[{"allowed_amount":46.19,"billing_code_modifier":[""],"providers":[{"billed_charge":50.00,"npi":[1730119074,1841330701,1851589402]}]}]}]},{"name":"MEDICAL\/SURGICAL SUPPLIES","billing_code_type":"RC","billing_code_type_version":"UB04","billing_code":"0270","description":"MEDICAL\/SURGICAL SUPPLIES","allowed_amounts":[{"tin":{"type":"ein","value":"042975268"},"service_code":["65"],"billing_class":"institutional","payments":[{"allowed_amount":4.40,"billing_code_modifier":[""],"providers":[{"billed_charge":135.24,"npi":[1184860371,1619957917]}]}]},{"tin":{"type":"ein","value":"042975268"},"service_code":["65"],"billing_class":"institutional","payments":[{"allowed_amount":5.15,"billing_code_modifier":[""],"providers":[{"billed_charge":142.00,"npi":[1184860371,1619957917]}]}]},{"tin":{"type":"ein","value":"042975268"},"service_code":["65"],"billing_class":"institutional","payments":[{"allowed_amount":5.33,"billing_code_modifier":[""],"providers":[{"billed_charge":142.00,"npi":[1184860371,1619957917]}]}]},{"tin":{"type":"ein","value":"710728066"},"service_code":["65"],"billing_class":"institutional","payments":[{"allowed_amount":2.51,"billing_code_modifier":[""],"providers":[{"billed_charge":135.24,"npi":[1467564369,1689789984]},{"billed_charge":142.00,"npi":[1467564369,1689789984]}]},{"allowed_amount":2.51,"billing_code_modifier":[""],"providers":[{"billed_charge":135.24,"npi":[1467564369,1689789984]},{"billed_charge":142.00,"npi":[1467564369,1689789984]}]}]},{"tin":{"type":"ein","value":"710728066"},"service_code":["65"],"billing_class":"institutional","payments":[{"allowed_amount":2.51,"billing_code_modifier":[""],"providers":[{"billed_charge":135.24,"npi":[1467564369,1689789984]},{"billed_charge":142.00,"npi":[1467564369,1689789984]}]},{"allowed_amount":2.51,"billing_code_modifier":[""],"providers":[{"billed_charge":135.24,"npi":[1467564369,1689789984]},{"billed_charge":142.00,"npi":[1467564369,1689789984]}]}]},{"tin":{"type":"ein","value":"710728066"},"service_code":["65"],"billing_class":"institutional","payments":[{"allowed_amount":3.87,"billing_code_modifier":[""],"providers":[{"billed_charge":142.00,"npi":[1467564369,1689789984]}]}]},{"tin":{"type":"ein","value":"710728066"},"service_code":["65"],"billing_class":"institutional","payments":[{"allowed_amount":3.92,"billing_code_modifier":[""],"providers":[{"billed_charge":142.00,"npi":[1467564369,1689789984]}]}]},{"tin":{"type":"ein","value":"710728066"},"service_code":["65"],"billing_class":"institutional","payments":[{"allowed_amount":4.00,"billing_code_modifier":[""],"providers":[{"billed_charge":142.00,"npi":[1467564369,1689789984]}]}]},{"tin":{"type":"ein","value":"710728066"},"service_code":["65"],"billing_class":"institutional","payments":[{"allowed_amount":4.01,"billing_code_modifier":[""],"providers":[{"billed_charge":142.00,"npi":[1467564369,1689789984]}]}]},{"tin":{"type":"ein","value":"710728066"},"service_code":["65"],"billing_class":"institutional","payments":[{"allowed_amount":4.05,"billing_code_modifier":[""],"providers":[{"billed_charge":142.00,"npi":[1467564369,1689789984]}]}]},{"tin":{"type":"ein","value":"710728066"},"service_code":["65"],"billing_class":"institutional","payments":[{"allowed_amount":4.41,"billing_code_modifier":[""],"providers":[{"billed_charge":142.00,"npi":[1467564369,1689789984]}]}]},{"tin":{"type":"ein","value":"710728066"},"service_code":["65"],"billing_class":"institutional","payments":[{"allowed_amount":4.42,"billing_code_modifier":[""],"providers":[{"billed_charge":135.24,"npi":[1467564369,1689789984]}]}]},{"tin":{"type":"ein","value":"710728066"},"service_code":["65"],"billing_class":"institutional","payments":[{"allowed_amount":4.62,"billing_code_modifier":[""],"providers":[{"billed_charge":142.00,"npi":[1467564369,1689789984]}]}]},{"tin":{"type":"ein","value":"710728066"},"service_code":["65"],"billing_class":"institutional","payments":[{"allowed_amount":11.24,"billing_code_modifier":[""],"providers":[{"billed_charge":135.24,"npi":[1467564369,1689789984]}]}]}]},{"name":"PHARMACY","billing_code_type":"RC","billing_code_type_version":"UB04","billing_code":"0250","description":"PHARMACY","allowed_amounts":[{"tin":{"type":"ein","value":"133964321"},"service_code":["23"],"billing_class":"institutional","payments":[{"allowed_amount":6.08,"billing_code_modifier":[""],"providers":[{"billed_charge":8.00,"npi":[1598181091]}]}]},{"tin":{"type":"ein","value":"311518658"},"service_code":["23"],"billing_class":"institutional","payments":[{"allowed_amount":3.04,"billing_code_modifier":[""],"providers":[{"billed_charge":4.00,"npi":[1770957185,1821093071]}]}]},{"tin":{"type":"ein","value":"311518658"},"service_code":["23"],"billing_class":"institutional","payments":[{"allowed_amount":6.08,"billing_code_modifier":[""],"providers":[{"billed_charge":8.00,"npi":[1770957185,1821093071]}]}]},{"tin":{"type":"ein","value":"651191375"},"service_code":["23"],"billing_class":"institutional","payments":[{"allowed_amount":6.08,"billing_code_modifier":[""],"providers":[{"billed_charge":8.00,"npi":[1922116037]}]}]}]},{"name":"THER PX 1\/> AREAS EACH 15 MIN NEUROMUSC REEDUCA","billing_code_type":"CPT","billing_code_type_version":"2020","billing_code":"97112","description":"THER PX 1\/> AREAS EACH 15 MIN NEUROMUSC REEDUCA","allowed_amounts":[{"tin":{"type":"ein","value":"522372304"},"service_code":["11"],"billing_class":"professional","payments":[{"allowed_amount":46.19,"billing_code_modifier":[""],"providers":[{"billed_charge":50.00,"npi":[1730119074,1841330701,1851589402]}]}]}]},{"name":"THERAPEUT ACTVITY DIRECT PT CONTACT EACH 15 MIN","billing_code_type":"CPT","billing_code_type_version":"2020","billing_code":"97530","description":"THERAPEUT ACTVITY DIRECT PT CONTACT EACH 15 MIN","allowed_amounts":[{"tin":{"type":"ein","value":"522372304"},"service_code":["11"],"billing_class":"professional","payments":[{"allowed_amount":92.36,"billing_code_modifier":[""],"providers":[{"billed_charge":100.00,"npi":[1730119074,1841330701,1851589402]}]}]}]}]}
