{"reporting_entity_name": "IEC Group_DBA AmeriBen",
	"reporting_entity_type": "Third Party Administrator",
	"plan_name": "WORTHINGTON ENTERPRISES",
	"plan_id_type": "ein",
	"plan_id": "311189815",
	"plan_market_type": "group",
	"last_updated_on": "2024-11-01","Version": "1.0.0","out_of_network":[{"name":"ADAPTIVE BEHAVIOR TX BY PROTOCOL TECH EA 15 MIN","billing_code_type":"CPT","billing_code_type_version":"2020","billing_code":"97153","description":"ADAPTIVE BEHAVIOR TX BY PROTOCOL TECH EA 15 MIN","allowed_amounts":[{"tin":{"type":"ein","value":"832232525"},"service_code":["12"],"billing_class":"professional","payments":[{"allowed_amount":180.00,"billing_code_modifier":[""],"providers":[{"billed_charge":945.00,"npi":[1043780695,1295148146,1689446783]}]}]},{"tin":{"type":"ein","value":"832232525"},"service_code":["12"],"billing_class":"professional","payments":[{"allowed_amount":360.00,"billing_code_modifier":[""],"providers":[{"billed_charge":1890.00,"npi":[1043780695,1295148146,1689446783]}]}]}]},{"name":"CCPD OPD\/HOME: CCPD COMP OR OTHER RATE","billing_code_type":"RC","billing_code_type_version":"UB04","billing_code":"0851","description":"CCPD OPD\/HOME: CCPD COMP OR OTHER RATE","allowed_amounts":[{"tin":{"type":"ein","value":"450985042"},"service_code":["65"],"billing_class":"institutional","payments":[{"allowed_amount":345.45,"billing_code_modifier":[""],"providers":[{"billed_charge":3543.00,"npi":[1053689216,1982662078]}]}]},{"tin":{"type":"ein","value":"450985042"},"service_code":["65"],"billing_class":"institutional","payments":[{"allowed_amount":403.03,"billing_code_modifier":[""],"providers":[{"billed_charge":3543.00,"npi":[1053689216,1982662078]}]}]},{"tin":{"type":"ein","value":"450985042"},"service_code":["65"],"billing_class":"institutional","payments":[{"allowed_amount":409.67,"billing_code_modifier":[""],"providers":[{"billed_charge":3543.00,"npi":[1053689216,1982662078]}]}]}]},{"name":"DRUGS REQUIRE SPECIFIC ID: DRUGS REQUIRING DETAIL","billing_code_type":"RC","billing_code_type_version":"UB04","billing_code":"0636","description":"DRUGS REQUIRE SPECIFIC ID: DRUGS REQUIRING DETAIL","allowed_amounts":[{"tin":{"type":"ein","value":"450985042"},"service_code":["65"],"billing_class":"institutional","payments":[{"allowed_amount":1.41,"billing_code_modifier":[""],"providers":[{"billed_charge":36.75,"npi":[1053689216,1396959755]}]}]},{"tin":{"type":"ein","value":"450985042"},"service_code":["65"],"billing_class":"institutional","payments":[{"allowed_amount":9.81,"billing_code_modifier":[""],"providers":[{"billed_charge":255.00,"npi":[1053689216,1396959755]}]}]},{"tin":{"type":"ein","value":"450985042"},"service_code":["65"],"billing_class":"institutional","payments":[{"allowed_amount":85.13,"billing_code_modifier":[""],"providers":[{"billed_charge":2212.20,"npi":[1053689216,1396959755]}]}]}]},{"name":"HEMO OPD\/HOME: HEMODIALYSIS COMP OR OTHER RATE","billing_code_type":"RC","billing_code_type_version":"UB04","billing_code":"0821","description":"HEMO OPD\/HOME: HEMODIALYSIS COMP OR OTHER RATE","allowed_amounts":[{"tin":{"type":"ein","value":"450985042"},"service_code":["65"],"billing_class":"institutional","payments":[{"allowed_amount":221.73,"billing_code_modifier":[""],"providers":[{"billed_charge":5762.00,"npi":[1053689216,1396959755]}]}]}]},{"name":"MEDICAL\/SURGICAL SUPPLIES","billing_code_type":"RC","billing_code_type_version":"UB04","billing_code":"0270","description":"MEDICAL\/SURGICAL SUPPLIES","allowed_amounts":[{"tin":{"type":"ein","value":"450985042"},"service_code":["65"],"billing_class":"institutional","payments":[{"allowed_amount":15.70,"billing_code_modifier":[""],"providers":[{"billed_charge":408.15,"npi":[1053689216,1396959755]}]}]}]},{"name":"PHARMACY","billing_code_type":"RC","billing_code_type_version":"UB04","billing_code":"0250","description":"PHARMACY","allowed_amounts":[{"tin":{"type":"ein","value":"208658239"},"service_code":["65"],"billing_class":"institutional","payments":[{"allowed_amount":0.02,"billing_code_modifier":[""],"providers":[{"billed_charge":0.68,"npi":[1336156660,1770768673]}]}]},{"tin":{"type":"ein","value":"208658239"},"service_code":["65"],"billing_class":"institutional","payments":[{"allowed_amount":0.03,"billing_code_modifier":[""],"providers":[{"billed_charge":0.68,"npi":[1336156660,1770768673]}]}]},{"tin":{"type":"ein","value":"208658239"},"service_code":["65"],"billing_class":"institutional","payments":[{"allowed_amount":0.08,"billing_code_modifier":[""],"providers":[{"billed_charge":1.88,"npi":[1336156660,1770768673]},{"billed_charge":2.82,"npi":[1336156660,1770768673]}]},{"allowed_amount":0.08,"billing_code_modifier":[""],"providers":[{"billed_charge":1.88,"npi":[1336156660,1770768673]},{"billed_charge":2.82,"npi":[1336156660,1770768673]}]}]},{"tin":{"type":"ein","value":"208658239"},"service_code":["65"],"billing_class":"institutional","payments":[{"allowed_amount":0.08,"billing_code_modifier":[""],"providers":[{"billed_charge":1.88,"npi":[1336156660,1770768673]},{"billed_charge":2.82,"npi":[1336156660,1770768673]}]},{"allowed_amount":0.08,"billing_code_modifier":[""],"providers":[{"billed_charge":1.88,"npi":[1336156660,1770768673]},{"billed_charge":2.82,"npi":[1336156660,1770768673]}]}]},{"tin":{"type":"ein","value":"450985042"},"service_code":["65"],"billing_class":"institutional","payments":[{"allowed_amount":0.02,"billing_code_modifier":[""],"providers":[{"billed_charge":0.68,"npi":[1053689216,1396959755]}]}]},{"tin":{"type":"ein","value":"450985042"},"service_code":["65"],"billing_class":"institutional","payments":[{"allowed_amount":0.03,"billing_code_modifier":[""],"providers":[{"billed_charge":0.68,"npi":[1053689216,1396959755]},{"billed_charge":0.94,"npi":[1053689216,1396959755]}]},{"allowed_amount":0.03,"billing_code_modifier":[""],"providers":[{"billed_charge":0.68,"npi":[1053689216,1396959755]},{"billed_charge":0.94,"npi":[1053689216,1396959755]}]}]},{"tin":{"type":"ein","value":"450985042"},"service_code":["65"],"billing_class":"institutional","payments":[{"allowed_amount":0.03,"billing_code_modifier":[""],"providers":[{"billed_charge":0.68,"npi":[1053689216,1396959755]},{"billed_charge":0.94,"npi":[1053689216,1396959755]}]},{"allowed_amount":0.03,"billing_code_modifier":[""],"providers":[{"billed_charge":0.68,"npi":[1053689216,1396959755]},{"billed_charge":0.94,"npi":[1053689216,1396959755]}]}]},{"tin":{"type":"ein","value":"450985042"},"service_code":["65"],"billing_class":"institutional","payments":[{"allowed_amount":0.04,"billing_code_modifier":[""],"providers":[{"billed_charge":0.94,"npi":[1053689216,1396959755]}]}]},{"tin":{"type":"ein","value":"450985042"},"service_code":["65"],"billing_class":"institutional","payments":[{"allowed_amount":0.08,"billing_code_modifier":[""],"providers":[{"billed_charge":0.94,"npi":[1053689216,1396959755]}]}]}]},{"name":"PSYCHOTHERAPY W\/PATIENT 60 MINUTES","billing_code_type":"CPT","billing_code_type_version":"2020","billing_code":"90837","description":"PSYCHOTHERAPY W\/PATIENT 60 MINUTES","allowed_amounts":[{"tin":{"type":"ein","value":"346004382"},"service_code":["10"],"billing_class":"professional","payments":[{"allowed_amount":100.67,"billing_code_modifier":[""],"providers":[{"billed_charge":277.00,"npi":[1053353896,1619587243]}]}]},{"tin":{"type":"ein","value":"823059614"},"service_code":["02","10","11"],"billing_class":"professional","payments":[{"allowed_amount":100.67,"billing_code_modifier":[""],"providers":[{"billed_charge":325.00,"npi":[1023591815,1144810185]}]}]}]}]}
