{"reporting_entity_name": "IEC Group_DBA AmeriBen",
	"reporting_entity_type": "Third Party Administrator",
	"plan_name": "BASHAS' WELFARE BENEFIT PLAN",
	"plan_id_type": "ein",
	"plan_id": "860110430",
	"plan_market_type": "group",
	"last_updated_on": "2022-08-01","Version": "1.0.0","out_of_network":[{"name":"CCPD OPD\/HOME: CCPD COMP OR OTHER RATE","billing_code_type":"RC","billing_code_type_version":"UB04","billing_code":"0851","description":"CCPD OPD\/HOME: CCPD COMP OR OTHER RATE","allowed_amounts":[{"tin":{"type":"ein","value":"042977283"},"service_code":["65"],"billing_class":"institutional","payments":[{"allowed_amount":261.41,"billing_code_modifier":[""],"providers":[{"billed_charge":3750.05,"npi":[1538661483,1780713032]}]}]},{"tin":{"type":"ein","value":"042977283"},"service_code":["65"],"billing_class":"institutional","payments":[{"allowed_amount":287.61,"billing_code_modifier":[""],"providers":[{"billed_charge":3750.05,"npi":[1538661483,1780713032]}]}]},{"tin":{"type":"ein","value":"042977283"},"service_code":["65"],"billing_class":"institutional","payments":[{"allowed_amount":292.81,"billing_code_modifier":[""],"providers":[{"billed_charge":3750.05,"npi":[1538661483,1780713032]}]}]}]},{"name":"CRITICAL CARE ILL\/INJURED PATIENT INIT 30-74 MIN","billing_code_type":"CPT","billing_code_type_version":"2020","billing_code":"99291","description":"CRITICAL CARE ILL\/INJURED PATIENT INIT 30-74 MIN","allowed_amounts":[{"tin":{"type":"ein","value":"813346959"},"service_code":["21"],"billing_class":"professional","payments":[{"allowed_amount":246.81,"billing_code_modifier":[""],"providers":[{"billed_charge":400.00,"npi":[1811951429,1881670263]}]}]}]},{"name":"DRUGS REQUIRE SPECIFIC ID: DRUGS REQUIRING DETAIL","billing_code_type":"RC","billing_code_type_version":"UB04","billing_code":"0636","description":"DRUGS REQUIRE SPECIFIC ID: DRUGS REQUIRING DETAIL","allowed_amounts":[{"tin":{"type":"ein","value":"042977283"},"service_code":["65"],"billing_class":"institutional","payments":[{"allowed_amount":3.51,"billing_code_modifier":[""],"providers":[{"billed_charge":133.63,"npi":[1851403752,1932249612]}]}]},{"tin":{"type":"ein","value":"042977283"},"service_code":["65"],"billing_class":"institutional","payments":[{"allowed_amount":3.93,"billing_code_modifier":[""],"providers":[{"billed_charge":133.63,"npi":[1851403752,1932249612]}]}]},{"tin":{"type":"ein","value":"042977283"},"service_code":["65"],"billing_class":"institutional","payments":[{"allowed_amount":6.34,"billing_code_modifier":[""],"providers":[{"billed_charge":240.53,"npi":[1851403752,1932249612]}]}]},{"tin":{"type":"ein","value":"042977283"},"service_code":["65"],"billing_class":"institutional","payments":[{"allowed_amount":6.69,"billing_code_modifier":[""],"providers":[{"billed_charge":253.90,"npi":[1851403752,1932249612]}]}]},{"tin":{"type":"ein","value":"042977283"},"service_code":["65"],"billing_class":"institutional","payments":[{"allowed_amount":7.04,"billing_code_modifier":[""],"providers":[{"billed_charge":252.54,"npi":[1851403752,1932249612]}]}]},{"tin":{"type":"ein","value":"042977283"},"service_code":["65"],"billing_class":"institutional","payments":[{"allowed_amount":7.07,"billing_code_modifier":[""],"providers":[{"billed_charge":240.53,"npi":[1851403752,1932249612]}]}]},{"tin":{"type":"ein","value":"042977283"},"service_code":["65"],"billing_class":"institutional","payments":[{"allowed_amount":7.43,"billing_code_modifier":[""],"providers":[{"billed_charge":266.57,"npi":[1851403752,1932249612]}]}]},{"tin":{"type":"ein","value":"042977283"},"service_code":["65"],"billing_class":"institutional","payments":[{"allowed_amount":7.46,"billing_code_modifier":[""],"providers":[{"billed_charge":253.90,"npi":[1851403752,1932249612]}]}]},{"tin":{"type":"ein","value":"042977283"},"service_code":["65"],"billing_class":"institutional","payments":[{"allowed_amount":12.31,"billing_code_modifier":[""],"providers":[{"billed_charge":467.71,"npi":[1851403752,1932249612]}]}]},{"tin":{"type":"ein","value":"042977283"},"service_code":["65"],"billing_class":"institutional","payments":[{"allowed_amount":13.68,"billing_code_modifier":[""],"providers":[{"billed_charge":491.05,"npi":[1851403752,1932249612]}]}]},{"tin":{"type":"ein","value":"042977283"},"service_code":["65"],"billing_class":"institutional","payments":[{"allowed_amount":13.76,"billing_code_modifier":[""],"providers":[{"billed_charge":467.71,"npi":[1851403752,1932249612]}]}]}]},{"name":"EMERGENCY DEPARTMENT VISIT MODERATE SEVERITY","billing_code_type":"CPT","billing_code_type_version":"2020","billing_code":"99283","description":"EMERGENCY DEPARTMENT VISIT MODERATE SEVERITY","allowed_amounts":[{"tin":{"type":"ein","value":"043651340"},"service_code":["23"],"billing_class":"professional","payments":[{"allowed_amount":82.29,"billing_code_modifier":[""],"providers":[{"billed_charge":145.00,"npi":[1669905600]}]}]},{"tin":{"type":"ein","value":"562462581"},"service_code":["23"],"billing_class":"professional","payments":[{"allowed_amount":116.84,"billing_code_modifier":[""],"providers":[{"billed_charge":814.00,"npi":[1427335140,1942720032]}]}]},{"tin":{"type":"ein","value":"814399995"},"service_code":["23"],"billing_class":"professional","payments":[{"allowed_amount":82.29,"billing_code_modifier":[""],"providers":[{"billed_charge":637.25,"npi":[1043269467,1083165849,1104807213,1114466950,1124656376,1164050316,1164450961,1164822904,1215974258,1235680034,1245772870,1417995796,1457313728,1528525227,1578875811,1629176433,1669961157,1891886479,1972794295]}]}]},{"tin":{"type":"ein","value":"814399995"},"service_code":["23"],"billing_class":"professional","payments":[{"allowed_amount":116.84,"billing_code_modifier":[""],"providers":[{"billed_charge":637.25,"npi":[1033360995,1104807213,1164822904,1174924039,1245772870,1275084030,1285708172,1568428431,1669056933,1679750483,1790341170,1881185486,1932737277]}]}]},{"tin":{"type":"ein","value":"823394691"},"service_code":["23"],"billing_class":"professional","payments":[{"allowed_amount":82.29,"billing_code_modifier":[""],"providers":[{"billed_charge":1316.28,"npi":[1023090099,1154898435,1174759807,1689170813]}]}]},{"tin":{"type":"ein","value":"823394691"},"service_code":["23"],"billing_class":"professional","payments":[{"allowed_amount":116.84,"billing_code_modifier":[""],"providers":[{"billed_charge":1395.26,"npi":[1154898435,1689170813,1982938502]}]}]},{"tin":{"type":"ein","value":"823537014"},"service_code":["23"],"billing_class":"professional","payments":[{"allowed_amount":82.29,"billing_code_modifier":[""],"providers":[{"billed_charge":1316.28,"npi":[1033477112,1356818496,1750895686]}]}]},{"tin":{"type":"ein","value":"823537014"},"service_code":["23"],"billing_class":"professional","payments":[{"allowed_amount":116.84,"billing_code_modifier":[""],"providers":[{"billed_charge":1395.26,"npi":[1033477112,1194091256,1356818496,1750895686]}]}]},{"tin":{"type":"ein","value":"860212139"},"service_code":["23"],"billing_class":"professional","payments":[{"allowed_amount":82.29,"billing_code_modifier":[""],"providers":[{"billed_charge":852.00,"npi":[1083643738,1457896672,1700161791,1942775275]},{"billed_charge":912.00,"npi":[1083695563,1184738049]}]},{"allowed_amount":82.29,"billing_code_modifier":[""],"providers":[{"billed_charge":852.00,"npi":[1083643738,1457896672,1700161791,1942775275]},{"billed_charge":912.00,"npi":[1083695563,1184738049]}]}]},{"tin":{"type":"ein","value":"860212139"},"service_code":["23"],"billing_class":"professional","payments":[{"allowed_amount":82.29,"billing_code_modifier":[""],"providers":[{"billed_charge":852.00,"npi":[1083643738,1457896672,1700161791,1942775275]},{"billed_charge":912.00,"npi":[1083695563,1184738049]}]},{"allowed_amount":82.29,"billing_code_modifier":[""],"providers":[{"billed_charge":852.00,"npi":[1083643738,1457896672,1700161791,1942775275]},{"billed_charge":912.00,"npi":[1083695563,1184738049]}]}]},{"tin":{"type":"ein","value":"860212139"},"service_code":["23"],"billing_class":"professional","payments":[{"allowed_amount":116.84,"billing_code_modifier":[""],"providers":[{"billed_charge":852.00,"npi":[1083643738,1407308497]}]}]},{"tin":{"type":"ein","value":"860719858"},"service_code":["23"],"billing_class":"professional","payments":[{"allowed_amount":82.29,"billing_code_modifier":[""],"providers":[{"billed_charge":201.00,"npi":[1376929380,1588848543]}]}]},{"tin":{"type":"ein","value":"860719858"},"service_code":["23"],"billing_class":"professional","payments":[{"allowed_amount":116.84,"billing_code_modifier":[""],"providers":[{"billed_charge":201.00,"npi":[1588848543,1891817706]}]}]}]},{"name":"HEMO OPD\/HOME: HEMODIALYSIS COMP OR OTHER RATE","billing_code_type":"RC","billing_code_type_version":"UB04","billing_code":"0821","description":"HEMO OPD\/HOME: HEMODIALYSIS COMP OR OTHER RATE","allowed_amounts":[{"tin":{"type":"ein","value":"042977283"},"service_code":["65"],"billing_class":"institutional","payments":[{"allowed_amount":200.86,"billing_code_modifier":[""],"providers":[{"billed_charge":7629.42,"npi":[1851403752,1932249612]}]}]},{"tin":{"type":"ein","value":"042977283"},"service_code":["65"],"billing_class":"institutional","payments":[{"allowed_amount":223.26,"billing_code_modifier":[""],"providers":[{"billed_charge":8010.89,"npi":[1851403752,1932249612]}]}]},{"tin":{"type":"ein","value":"042977283"},"service_code":["65"],"billing_class":"institutional","payments":[{"allowed_amount":224.43,"billing_code_modifier":[""],"providers":[{"billed_charge":7629.42,"npi":[1851403752,1932249612]}]}]}]},{"name":"INFEC AGEN DETEC AMPLI PROBE","billing_code_type":"HCPCS","billing_code_type_version":"HCPCS LEVEL II 2021","billing_code":"U0005","description":"INFEC AGEN DETEC AMPLI PROBE","allowed_amounts":[{"tin":{"type":"ein","value":"133934292"},"service_code":["81"],"billing_class":"professional","payments":[{"allowed_amount":28.75,"billing_code_modifier":[""],"providers":[{"billed_charge":100.00,"npi":[1134316441,1578109815,1588757033]}]}]},{"tin":{"type":"ein","value":"261454419"},"service_code":["81"],"billing_class":"professional","payments":[{"allowed_amount":28.75,"billing_code_modifier":[""],"providers":[{"billed_charge":75.00,"npi":[1073776860,1972814374]}]}]},{"tin":{"type":"ein","value":"363999311"},"service_code":["81"],"billing_class":"professional","payments":[{"allowed_amount":28.75,"billing_code_modifier":[""],"providers":[{"billed_charge":35.00,"npi":[1033421953,1477671345]}]}]},{"tin":{"type":"ein","value":"473727159"},"service_code":["81"],"billing_class":"professional","payments":[{"allowed_amount":25.00,"billing_code_modifier":[""],"providers":[{"billed_charge":25.00,"npi":[1225702269,1578940631,1760051205,1912521568]}]}]},{"tin":{"type":"ein","value":"611803788"},"service_code":["81"],"billing_class":"professional","payments":[{"allowed_amount":25.00,"billing_code_modifier":[""],"providers":[{"billed_charge":50.00,"npi":[1053841023,1285733782]}]}]},{"tin":{"type":"ein","value":"621433252"},"service_code":["81"],"billing_class":"professional","payments":[{"allowed_amount":28.75,"billing_code_modifier":[""],"providers":[{"billed_charge":31.25,"npi":[1083703045,1689639544]}]}]},{"tin":{"type":"ein","value":"811008582"},"service_code":["81"],"billing_class":"professional","payments":[{"allowed_amount":28.75,"billing_code_modifier":[""],"providers":[{"billed_charge":38.00,"npi":[1225588767,1659726487]}]}]},{"tin":{"type":"ein","value":"842079572"},"service_code":["81"],"billing_class":"professional","payments":[{"allowed_amount":28.75,"billing_code_modifier":[""],"providers":[{"billed_charge":75.00,"npi":[1285287821,1396392056]}]}]},{"tin":{"type":"ein","value":"850602662"},"service_code":["81"],"billing_class":"professional","payments":[{"allowed_amount":28.75,"billing_code_modifier":[""],"providers":[{"billed_charge":50.00,"npi":[1114014263,1881215622]}]}]},{"tin":{"type":"ein","value":"853163633"},"service_code":["81"],"billing_class":"professional","payments":[{"allowed_amount":28.75,"billing_code_modifier":[""],"providers":[{"billed_charge":100.00,"npi":[1063011898,1669453262]}]}]},{"tin":{"type":"ein","value":"854289083"},"service_code":["81"],"billing_class":"professional","payments":[{"allowed_amount":28.75,"billing_code_modifier":[""],"providers":[{"billed_charge":50.00,"npi":[1336757780,1639369036,1699309104]}]}]},{"tin":{"type":"ein","value":"861213775"},"service_code":["81"],"billing_class":"professional","payments":[{"allowed_amount":28.75,"billing_code_modifier":[""],"providers":[{"billed_charge":60.00,"npi":[1083703045,1831780402]}]}]},{"tin":{"type":"ein","value":"880241758"},"service_code":["81"],"billing_class":"professional","payments":[{"allowed_amount":25.00,"billing_code_modifier":[""],"providers":[{"billed_charge":25.00,"npi":[1114014263,1124417357,1801806294]}]}]}]},{"name":"LABORATORY - CLINICAL DIAGNOSTIC: BACTERIOLOGY\/MIC","billing_code_type":"RC","billing_code_type_version":"UB04","billing_code":"0306","description":"LABORATORY - CLINICAL DIAGNOSTIC: BACTERIOLOGY\/MIC","allowed_amounts":[{"tin":{"type":"ein","value":"562462581"},"service_code":["22"],"billing_class":"institutional","payments":[{"allowed_amount":41.31,"billing_code_modifier":[""],"providers":[{"billed_charge":100.00,"npi":[1003040940,1427335140,1477104842,1831451442]}]}]}]},{"name":"LEVEL IV SURG PATHOLOGY GROSS&MICROSCOPIC EXAM","billing_code_type":"CPT","billing_code_type_version":"2020","billing_code":"88305","description":"LEVEL IV SURG PATHOLOGY GROSS&MICROSCOPIC EXAM","allowed_amounts":[{"tin":{"type":"ein","value":"751093698"},"service_code":["81"],"billing_class":"professional","payments":[{"allowed_amount":83.93,"billing_code_modifier":[""],"providers":[{"billed_charge":250.00,"npi":[1700128139,1962481820]}]}]}]},{"name":"MEDICAL\/SURGICAL SUPPLIES","billing_code_type":"RC","billing_code_type_version":"UB04","billing_code":"0270","description":"MEDICAL\/SURGICAL SUPPLIES","allowed_amounts":[{"tin":{"type":"ein","value":"042977283"},"service_code":["65"],"billing_class":"institutional","payments":[{"allowed_amount":3.39,"billing_code_modifier":[""],"providers":[{"billed_charge":128.80,"npi":[1851403752,1932249612]}]}]},{"tin":{"type":"ein","value":"042977283"},"service_code":["65"],"billing_class":"institutional","payments":[{"allowed_amount":3.50,"billing_code_modifier":[""],"providers":[{"billed_charge":128.80,"npi":[1851403752,1932249612]}]}]},{"tin":{"type":"ein","value":"042977283"},"service_code":["65"],"billing_class":"institutional","payments":[{"allowed_amount":3.77,"billing_code_modifier":[""],"providers":[{"billed_charge":135.24,"npi":[1851403752,1932249612]}]}]},{"tin":{"type":"ein","value":"042977283"},"service_code":["65"],"billing_class":"institutional","payments":[{"allowed_amount":3.79,"billing_code_modifier":[""],"providers":[{"billed_charge":128.80,"npi":[1851403752,1932249612]}]}]},{"tin":{"type":"ein","value":"042977283"},"service_code":["65"],"billing_class":"institutional","payments":[{"allowed_amount":4.25,"billing_code_modifier":[""],"providers":[{"billed_charge":128.80,"npi":[1851403752,1932249612]}]}]},{"tin":{"type":"ein","value":"042977283"},"service_code":["65"],"billing_class":"institutional","payments":[{"allowed_amount":4.32,"billing_code_modifier":[""],"providers":[{"billed_charge":128.80,"npi":[1851403752,1932249612]}]}]}]},{"name":"MEDICAL\/SURGICAL SUPPLIES: NONSTERILE SUPPLIES","billing_code_type":"RC","billing_code_type_version":"UB04","billing_code":"0271","description":"MEDICAL\/SURGICAL SUPPLIES: NONSTERILE SUPPLIES","allowed_amounts":[{"tin":{"type":"ein","value":"042977283"},"service_code":["65"],"billing_class":"institutional","payments":[{"allowed_amount":5.55,"billing_code_modifier":[""],"providers":[{"billed_charge":210.77,"npi":[1851403752,1932249612]}]}]},{"tin":{"type":"ein","value":"042977283"},"service_code":["65"],"billing_class":"institutional","payments":[{"allowed_amount":6.17,"billing_code_modifier":[""],"providers":[{"billed_charge":221.31,"npi":[1851403752,1932249612]}]}]},{"tin":{"type":"ein","value":"042977283"},"service_code":["65"],"billing_class":"institutional","payments":[{"allowed_amount":6.20,"billing_code_modifier":[""],"providers":[{"billed_charge":210.77,"npi":[1851403752,1932249612]}]}]}]},{"name":"OFFICE\/OUTPATIENT ESTABLISHED LOW MDM 20-29 MIN","billing_code_type":"CPT","billing_code_type_version":"2020","billing_code":"99213","description":"OFFICE\/OUTPATIENT ESTABLISHED LOW MDM 20-29 MIN","allowed_amounts":[{"tin":{"type":"ein","value":"362739571"},"service_code":["12"],"billing_class":"professional","payments":[{"allowed_amount":103.30,"billing_code_modifier":[""],"providers":[{"billed_charge":269.00,"npi":[1417114901,1508271800,1609392208]}]}]},{"tin":{"type":"ein","value":"461551319"},"service_code":["12"],"billing_class":"professional","payments":[{"allowed_amount":103.30,"billing_code_modifier":[""],"providers":[{"billed_charge":175.44,"npi":[1548496706]}]}]},{"tin":{"type":"ein","value":"562462581"},"service_code":["22"],"billing_class":"professional","payments":[{"allowed_amount":103.30,"billing_code_modifier":[""],"providers":[{"billed_charge":185.00,"npi":[1295725067,1427335140,1639185739]}]}]},{"tin":{"type":"ein","value":"562462585"},"service_code":["22"],"billing_class":"professional","payments":[{"allowed_amount":103.30,"billing_code_modifier":[""],"providers":[{"billed_charge":186.00,"npi":[1437157302,1811169329]}]}]},{"tin":{"type":"ein","value":"860212139"},"service_code":["22"],"billing_class":"professional","payments":[{"allowed_amount":102.83,"billing_code_modifier":[""],"providers":[{"billed_charge":200.00,"npi":[1184738049,1750461034]}]}]},{"tin":{"type":"ein","value":"860212139"},"service_code":["22"],"billing_class":"professional","payments":[{"allowed_amount":103.30,"billing_code_modifier":[""],"providers":[{"billed_charge":200.00,"npi":[1144314600,1184738049,1215112545]},{"billed_charge":208.00,"npi":[1073839155,1184738049]}]},{"allowed_amount":103.30,"billing_code_modifier":[""],"providers":[{"billed_charge":200.00,"npi":[1144314600,1184738049,1215112545]},{"billed_charge":208.00,"npi":[1073839155,1184738049]}]}]},{"tin":{"type":"ein","value":"860212139"},"service_code":["22"],"billing_class":"professional","payments":[{"allowed_amount":103.30,"billing_code_modifier":[""],"providers":[{"billed_charge":200.00,"npi":[1144314600,1184738049,1215112545]},{"billed_charge":208.00,"npi":[1073839155,1184738049]}]},{"allowed_amount":103.30,"billing_code_modifier":[""],"providers":[{"billed_charge":200.00,"npi":[1144314600,1184738049,1215112545]},{"billed_charge":208.00,"npi":[1073839155,1184738049]}]}]},{"tin":{"type":"ein","value":"860214457"},"service_code":["99"],"billing_class":"professional","payments":[{"allowed_amount":103.30,"billing_code_modifier":[""],"providers":[{"billed_charge":120.83,"npi":[1316023864,1841286820,1922275692]}]}]},{"tin":{"type":"ein","value":"860377821"},"service_code":["11"],"billing_class":"professional","payments":[{"allowed_amount":103.30,"billing_code_modifier":[""],"providers":[{"billed_charge":130.00,"npi":[1205339090,1205994761,1528126133]}]}]},{"tin":{"type":"ein","value":"860719852"},"service_code":["22"],"billing_class":"professional","payments":[{"allowed_amount":102.83,"billing_code_modifier":[""],"providers":[{"billed_charge":116.80,"npi":[1255592317,1477615789]}]}]},{"tin":{"type":"ein","value":"860719854"},"service_code":["11"],"billing_class":"professional","payments":[{"allowed_amount":102.83,"billing_code_modifier":[""],"providers":[{"billed_charge":160.00,"npi":[1174692529,1912423302]}]}]},{"tin":{"type":"ein","value":"860719858"},"service_code":["22"],"billing_class":"professional","payments":[{"allowed_amount":102.83,"billing_code_modifier":[""],"providers":[{"billed_charge":116.00,"npi":[1144505256,1285121038,1376955534,1396761565,1588848543,1780980698,1841615580,1851382915]}]}]},{"tin":{"type":"ein","value":"860719858"},"service_code":["22"],"billing_class":"professional","payments":[{"allowed_amount":103.30,"billing_code_modifier":[""],"providers":[{"billed_charge":116.00,"npi":[1124689047,1265587653,1285238899,1295153773,1396761565,1508176694,1548396591,1588848543,1700264637]}]}]},{"tin":{"type":"ein","value":"860735726"},"service_code":["11"],"billing_class":"professional","payments":[{"allowed_amount":102.83,"billing_code_modifier":[""],"providers":[{"billed_charge":152.00,"npi":[1205865169,1578220430,1700860996]}]}]},{"tin":{"type":"ein","value":"860814898"},"service_code":["11"],"billing_class":"professional","payments":[{"allowed_amount":103.30,"billing_code_modifier":[""],"providers":[{"billed_charge":136.19,"npi":[1366556706,1417331711]}]}]},{"tin":{"type":"ein","value":"860817397"},"service_code":["22"],"billing_class":"professional","payments":[{"allowed_amount":102.83,"billing_code_modifier":[""],"providers":[{"billed_charge":183.00,"npi":[1174784482,1407121734,1477876639,1487187183]}]}]},{"tin":{"type":"ein","value":"860830701"},"service_code":["19"],"billing_class":"professional","payments":[{"allowed_amount":102.83,"billing_code_modifier":[""],"providers":[{"billed_charge":325.00,"npi":[1508360587]}]}]},{"tin":{"type":"ein","value":"860830701"},"service_code":["19"],"billing_class":"professional","payments":[{"allowed_amount":103.30,"billing_code_modifier":[""],"providers":[{"billed_charge":325.00,"npi":[1649828070]}]}]},{"tin":{"type":"ein","value":"942540194"},"service_code":["02"],"billing_class":"professional","payments":[{"allowed_amount":103.30,"billing_code_modifier":[""],"providers":[{"billed_charge":200.00,"npi":[1043984339,1700904075]}]}]},{"tin":{"type":"ein","value":"942735850"},"service_code":["02"],"billing_class":"professional","payments":[{"allowed_amount":103.30,"billing_code_modifier":[""],"providers":[{"billed_charge":269.00,"npi":[1225323785]}]}]}]},{"name":"OFFICE\/OUTPATIENT ESTABLISHED MOD MDM 30-39 MIN","billing_code_type":"CPT","billing_code_type_version":"2020","billing_code":"99214","description":"OFFICE\/OUTPATIENT ESTABLISHED MOD MDM 30-39 MIN","allowed_amounts":[{"tin":{"type":"ein","value":"260889239"},"service_code":["11"],"billing_class":"professional","payments":[{"allowed_amount":145.22,"billing_code_modifier":[""],"providers":[{"billed_charge":379.00,"npi":[1427230788,1558879106,1710947502]}]}]},{"tin":{"type":"ein","value":"371869324"},"service_code":["11"],"billing_class":"professional","payments":[{"allowed_amount":146.73,"billing_code_modifier":[""],"providers":[{"billed_charge":269.00,"npi":[1053810622,1083813331]}]}]},{"tin":{"type":"ein","value":"452402948"},"service_code":["11"],"billing_class":"professional","payments":[{"allowed_amount":146.73,"billing_code_modifier":[""],"providers":[{"billed_charge":323.00,"npi":[1689628513]}]}]},{"tin":{"type":"ein","value":"461551319"},"service_code":["12"],"billing_class":"professional","payments":[{"allowed_amount":146.73,"billing_code_modifier":[""],"providers":[{"billed_charge":273.71,"npi":[1548496706]}]}]},{"tin":{"type":"ein","value":"562462581"},"service_code":["22"],"billing_class":"professional","payments":[{"allowed_amount":146.73,"billing_code_modifier":[""],"providers":[{"billed_charge":270.00,"npi":[1053866475,1427335140]}]}]},{"tin":{"type":"ein","value":"562462585"},"service_code":["22"],"billing_class":"professional","payments":[{"allowed_amount":146.73,"billing_code_modifier":[""],"providers":[{"billed_charge":274.00,"npi":[1306926324,1437157302]}]}]},{"tin":{"type":"ein","value":"753122676"},"service_code":["11"],"billing_class":"professional","payments":[{"allowed_amount":146.73,"billing_code_modifier":[""],"providers":[{"billed_charge":192.00,"npi":[1073132940,1164693974]}]}]},{"tin":{"type":"ein","value":"842096114"},"service_code":["11"],"billing_class":"professional","payments":[{"allowed_amount":146.73,"billing_code_modifier":[""],"providers":[{"billed_charge":160.00,"npi":[1114970324,1578125233]}]}]},{"tin":{"type":"ein","value":"860212139"},"service_code":["22"],"billing_class":"professional","payments":[{"allowed_amount":145.22,"billing_code_modifier":[""],"providers":[{"billed_charge":303.00,"npi":[1184627648,1184738049]}]}]},{"tin":{"type":"ein","value":"860212139"},"service_code":["22"],"billing_class":"professional","payments":[{"allowed_amount":146.73,"billing_code_modifier":[""],"providers":[{"billed_charge":303.00,"npi":[1073839155,1184738049,1205098902,1215046974,1578771952]}]}]},{"tin":{"type":"ein","value":"860252067"},"service_code":["02"],"billing_class":"professional","payments":[{"allowed_amount":145.22,"billing_code_modifier":[""],"providers":[{"billed_charge":227.07,"npi":[1841498060,1841527736,1972988657]}]}]},{"tin":{"type":"ein","value":"860377821"},"service_code":["11"],"billing_class":"professional","payments":[{"allowed_amount":146.73,"billing_code_modifier":[""],"providers":[{"billed_charge":160.00,"npi":[1528126133,1891853446,1962615856]}]}]},{"tin":{"type":"ein","value":"860498020"},"service_code":["11"],"billing_class":"professional","payments":[{"allowed_amount":146.73,"billing_code_modifier":[""],"providers":[{"billed_charge":297.40,"npi":[1558308825,1831705524]}]}]},{"tin":{"type":"ein","value":"860719852"},"service_code":["22"],"billing_class":"professional","payments":[{"allowed_amount":145.22,"billing_code_modifier":[""],"providers":[{"billed_charge":180.00,"npi":[1477615789,1568532562]}]}]},{"tin":{"type":"ein","value":"860719858"},"service_code":["22"],"billing_class":"professional","payments":[{"allowed_amount":145.22,"billing_code_modifier":[""],"providers":[{"billed_charge":167.00,"npi":[1396761565,1639174915]}]}]},{"tin":{"type":"ein","value":"860817397"},"service_code":["22"],"billing_class":"professional","payments":[{"allowed_amount":145.22,"billing_code_modifier":[""],"providers":[{"billed_charge":269.00,"npi":[1477876639,1487187183]}]}]},{"tin":{"type":"ein","value":"860830701"},"service_code":["19"],"billing_class":"professional","payments":[{"allowed_amount":145.22,"billing_code_modifier":[""],"providers":[{"billed_charge":335.00,"npi":[1508360587]}]}]},{"tin":{"type":"ein","value":"860830701"},"service_code":["19"],"billing_class":"professional","payments":[{"allowed_amount":146.73,"billing_code_modifier":[""],"providers":[{"billed_charge":335.00,"npi":[1508360587]}]}]},{"tin":{"type":"ein","value":"861007379"},"service_code":["10"],"billing_class":"professional","payments":[{"allowed_amount":145.22,"billing_code_modifier":[""],"providers":[{"billed_charge":170.00,"npi":[1508824855,1679637342]}]}]},{"tin":{"type":"ein","value":"900730387"},"service_code":["11"],"billing_class":"professional","payments":[{"allowed_amount":145.22,"billing_code_modifier":[""],"providers":[{"billed_charge":251.00,"npi":[1518253152,1568800233]}]}]},{"tin":{"type":"ein","value":"942735850"},"service_code":["02","11"],"billing_class":"professional","payments":[{"allowed_amount":146.73,"billing_code_modifier":[""],"providers":[{"billed_charge":383.00,"npi":[1225323785,1508815267]}]}]}]},{"name":"OFFICE\/OUTPATIENT ESTABLISHED SF MDM 10-19 MIN","billing_code_type":"CPT","billing_code_type_version":"2020","billing_code":"99212","description":"OFFICE\/OUTPATIENT ESTABLISHED SF MDM 10-19 MIN","allowed_amounts":[{"tin":{"type":"ein","value":"562462581"},"service_code":["22"],"billing_class":"professional","payments":[{"allowed_amount":63.39,"billing_code_modifier":[""],"providers":[{"billed_charge":110.00,"npi":[1003040940,1215280805,1295725067,1427335140,1639185739]}]}]},{"tin":{"type":"ein","value":"562462585"},"service_code":["22"],"billing_class":"professional","payments":[{"allowed_amount":63.39,"billing_code_modifier":[""],"providers":[{"billed_charge":119.00,"npi":[1437157302,1457431561]}]}]},{"tin":{"type":"ein","value":"860719858"},"service_code":["22"],"billing_class":"professional","payments":[{"allowed_amount":63.39,"billing_code_modifier":[""],"providers":[{"billed_charge":92.00,"npi":[1174659197,1184641854,1215293105,1396761565,1528354560,1588848543,1700264637,1720668502,1780980698]}]}]},{"tin":{"type":"ein","value":"860959327"},"service_code":["11"],"billing_class":"professional","payments":[{"allowed_amount":63.39,"billing_code_modifier":[""],"providers":[{"billed_charge":104.00,"npi":[1255441143]}]}]}]},{"name":"PHARMACY","billing_code_type":"RC","billing_code_type_version":"UB04","billing_code":"0250","description":"PHARMACY","allowed_amounts":[{"tin":{"type":"ein","value":"042977283"},"service_code":["65"],"billing_class":"institutional","payments":[{"allowed_amount":2.26,"billing_code_modifier":[""],"providers":[{"billed_charge":85.78,"npi":[1851403752,1932249612]}]}]},{"tin":{"type":"ein","value":"042977283"},"service_code":["65"],"billing_class":"institutional","payments":[{"allowed_amount":2.51,"billing_code_modifier":[""],"providers":[{"billed_charge":90.07,"npi":[1851403752,1932249612]}]}]},{"tin":{"type":"ein","value":"042977283"},"service_code":["65"],"billing_class":"institutional","payments":[{"allowed_amount":2.52,"billing_code_modifier":[""],"providers":[{"billed_charge":85.78,"npi":[1851403752,1932249612]}]}]}]},{"name":"RADIOLOGIC EXAM CHEST SINGLE VIEW","billing_code_type":"CPT","billing_code_type_version":"2020","billing_code":"71045","description":"RADIOLOGIC EXAM CHEST SINGLE VIEW","allowed_amounts":[{"tin":{"type":"ein","value":"845116186"},"service_code":["21","22","23"],"billing_class":"professional","payments":[{"allowed_amount":10.11,"billing_code_modifier":[""],"providers":[{"billed_charge":126.00,"npi":[1013908607,1033315601,1033745708,1053671677,1063413904,1083965651,1184026155,1184613168,1194720334,1205328382,1205801016,1215318951,1235102369,1285841916,1295858439,1326022732,1326091786,1326425463,1356738801,1376594507,1417117268,1437345337,1457664427,1497755615,1508834466,1598754533,1639581366,1649219270,1649348608,1740250323,1770945545,1780663609,1780761866,1811157530,1861405003,1871624668,1891858585,1891952099,1932149986,1942476585,1962539049,1982679411]}]}]},{"tin":{"type":"ein","value":"845116186"},"service_code":["21","22","23"],"billing_class":"professional","payments":[{"allowed_amount":10.24,"billing_code_modifier":[""],"providers":[{"billed_charge":119.00,"npi":[1033598792,1033745708,1255560884,1265456149,1326022765,1326425463,1376594507,1417318361,1427025923,1528169125,1588911259,1659688364,1700875515,1730182544,1730529306,1770690695,1780761866,1972139004,1972921344]}]}]}]},{"name":"SARS-COV-2 COVID-19 AMP PRB HTT","billing_code_type":"HCPCS","billing_code_type_version":"HCPCS LEVEL II 2021","billing_code":"U0003","description":"SARS-COV-2 COVID-19 AMP PRB HTT","allowed_amounts":[{"tin":{"type":"ein","value":"133934292"},"service_code":["81"],"billing_class":"professional","payments":[{"allowed_amount":86.25,"billing_code_modifier":[""],"providers":[{"billed_charge":300.00,"npi":[1134316441,1578109815,1588757033]}]}]},{"tin":{"type":"ein","value":"363999311"},"service_code":["81"],"billing_class":"professional","payments":[{"allowed_amount":86.25,"billing_code_modifier":[""],"providers":[{"billed_charge":135.00,"npi":[1033421953,1477671345]}]}]},{"tin":{"type":"ein","value":"473727159"},"service_code":["81"],"billing_class":"professional","payments":[{"allowed_amount":86.25,"billing_code_modifier":[""],"providers":[{"billed_charge":125.00,"npi":[1083155048,1225702269,1578940631,1760051205,1912521568]}]}]},{"tin":{"type":"ein","value":"621433252"},"service_code":["81"],"billing_class":"professional","payments":[{"allowed_amount":86.25,"billing_code_modifier":[""],"providers":[{"billed_charge":125.00,"npi":[1083703045,1689639544,1962425660]}]}]},{"tin":{"type":"ein","value":"800879942"},"service_code":["81"],"billing_class":"professional","payments":[{"allowed_amount":86.25,"billing_code_modifier":[""],"providers":[{"billed_charge":175.00,"npi":[1538105366]}]}]},{"tin":{"type":"ein","value":"814460406"},"service_code":["81"],"billing_class":"professional","payments":[{"allowed_amount":86.25,"billing_code_modifier":[""],"providers":[{"billed_charge":200.00,"npi":[1194312520,1538507819]}]}]},{"tin":{"type":"ein","value":"850602662"},"service_code":["81"],"billing_class":"professional","payments":[{"allowed_amount":86.25,"billing_code_modifier":[""],"providers":[{"billed_charge":150.00,"npi":[1114014263,1881215622]}]}]},{"tin":{"type":"ein","value":"853163633"},"service_code":["81"],"billing_class":"professional","payments":[{"allowed_amount":86.25,"billing_code_modifier":[""],"providers":[{"billed_charge":700.00,"npi":[1063011898,1669453262]}]}]},{"tin":{"type":"ein","value":"854289083"},"service_code":["81"],"billing_class":"professional","payments":[{"allowed_amount":86.25,"billing_code_modifier":[""],"providers":[{"billed_charge":225.00,"npi":[1336757780,1639369036,1699309104]}]}]},{"tin":{"type":"ein","value":"861213775"},"service_code":["81"],"billing_class":"professional","payments":[{"allowed_amount":86.25,"billing_code_modifier":[""],"providers":[{"billed_charge":190.00,"npi":[1083703045,1831780402]}]}]},{"tin":{"type":"ein","value":"880241758"},"service_code":["81"],"billing_class":"professional","payments":[{"allowed_amount":86.25,"billing_code_modifier":[""],"providers":[{"billed_charge":100.00,"npi":[1114014263,1124417357,1801806294]}]}]}]},{"name":"SBSQ HOSPITAL CARE\/DAY 35 MINUTES","billing_code_type":"CPT","billing_code_type_version":"2020","billing_code":"99233","description":"SBSQ HOSPITAL CARE\/DAY 35 MINUTES","allowed_amounts":[{"tin":{"type":"ein","value":"263668328"},"service_code":["21"],"billing_class":"professional","payments":[{"allowed_amount":120.15,"billing_code_modifier":[""],"providers":[{"billed_charge":320.00,"npi":[1457306359,1821459736,1841566973,1861627242]}]}]},{"tin":{"type":"ein","value":"880136773"},"service_code":["21"],"billing_class":"professional","payments":[{"allowed_amount":120.15,"billing_code_modifier":[""],"providers":[{"billed_charge":316.00,"npi":[1801886700,1962633057]}]}]}]}]}
