{"reporting_entity_name": "IEC Group_DBA AmeriBen",
	"reporting_entity_type": "Third Party Administrator",
	"plan_name": "SISC",
	"plan_id_type": "ein",
	"plan_id": "770162263",
	"plan_market_type": "group",
	"last_updated_on": "2024-08-01","Version": "1.0.0","out_of_network":[{"name":"ACNE SURGERY","billing_code_type":"CPT","billing_code_type_version":"2020","billing_code":"10040","description":"ACNE SURGERY","allowed_amounts":[{"tin":{"type":"ein","value":"464130448"},"service_code":["11"],"billing_class":"professional","payments":[{"allowed_amount":69.70,"billing_code_modifier":[""],"providers":[{"billed_charge":230.00,"npi":[1053742106,1174634513]}]}]}]},{"name":"ACUPUNCTURE 1\/> NDLES W\/O ELEC STIMJ INIT 15 MIN","billing_code_type":"CPT","billing_code_type_version":"2020","billing_code":"97810","description":"ACUPUNCTURE 1\/> NDLES W\/O ELEC STIMJ INIT 15 MIN","allowed_amounts":[{"tin":{"type":"ein","value":"832972996"},"service_code":["11"],"billing_class":"professional","payments":[{"allowed_amount":11.84,"billing_code_modifier":[""],"providers":[{"billed_charge":80.00,"npi":[1003128018]}]}]},{"tin":{"type":"ein","value":"861124562"},"service_code":["11"],"billing_class":"professional","payments":[{"allowed_amount":11.84,"billing_code_modifier":[""],"providers":[{"billed_charge":60.00,"npi":[1669507869]}]}]},{"tin":{"type":"ein","value":"934441141"},"service_code":["11"],"billing_class":"professional","payments":[{"allowed_amount":11.84,"billing_code_modifier":[""],"providers":[{"billed_charge":80.00,"npi":[1336353879,1669242616]}]}]}]},{"name":"ACUPUNCTURE 1\/> NDLS W\/O ELEC STIMJ EA 15 MIN","billing_code_type":"CPT","billing_code_type_version":"2020","billing_code":"97811","description":"ACUPUNCTURE 1\/> NDLS W\/O ELEC STIMJ EA 15 MIN","allowed_amounts":[{"tin":{"type":"ein","value":"934441141"},"service_code":["11"],"billing_class":"professional","payments":[{"allowed_amount":17.85,"billing_code_modifier":[""],"providers":[{"billed_charge":60.00,"npi":[1336353879,1669242616]}]}]}]},{"name":"DESTRUCTION BENIGN LESIONS UP TO 14","billing_code_type":"CPT","billing_code_type_version":"2020","billing_code":"17110","description":"DESTRUCTION BENIGN LESIONS UP TO 14","allowed_amounts":[{"tin":{"type":"ein","value":"464130448"},"service_code":["11"],"billing_class":"professional","payments":[{"allowed_amount":80.45,"billing_code_modifier":[""],"providers":[{"billed_charge":135.00,"npi":[1053742106,1174634513]}]}]},{"tin":{"type":"ein","value":"680430396"},"service_code":["11"],"billing_class":"professional","payments":[{"allowed_amount":80.45,"billing_code_modifier":[""],"providers":[{"billed_charge":125.00,"npi":[1558466680,1669501664]}]}]}]},{"name":"DESTRUCTION PREMALIGNANT LESION 1ST","billing_code_type":"CPT","billing_code_type_version":"2020","billing_code":"17000","description":"DESTRUCTION PREMALIGNANT LESION 1ST","allowed_amounts":[{"tin":{"type":"ein","value":"464130448"},"service_code":["11"],"billing_class":"professional","payments":[{"allowed_amount":29.42,"billing_code_modifier":[""],"providers":[{"billed_charge":150.00,"npi":[1053742106,1174634513]}]}]},{"tin":{"type":"ein","value":"464130448"},"service_code":["11"],"billing_class":"professional","payments":[{"allowed_amount":58.84,"billing_code_modifier":[""],"providers":[{"billed_charge":150.00,"npi":[1053742106,1174634513]}]}]}]},{"name":"DESTRUCTION PREMALIGNANT LESION 2-14 EA","billing_code_type":"CPT","billing_code_type_version":"2020","billing_code":"17003","description":"DESTRUCTION PREMALIGNANT LESION 2-14 EA","allowed_amounts":[{"tin":{"type":"ein","value":"464130448"},"service_code":["11"],"billing_class":"professional","payments":[{"allowed_amount":0.00,"billing_code_modifier":[""],"providers":[{"billed_charge":15.00,"npi":[1053742106,1174634513]},{"billed_charge":30.00,"npi":[1053742106,1174634513]},{"billed_charge":45.00,"npi":[1053742106,1174634513]},{"billed_charge":60.00,"npi":[1053742106,1174634513]},{"billed_charge":75.00,"npi":[1053742106,1174634513]},{"billed_charge":90.00,"npi":[1053742106,1174634513]},{"billed_charge":105.00,"npi":[1053742106,1174634513]},{"billed_charge":135.00,"npi":[1053742106,1174634513]},{"billed_charge":165.00,"npi":[1053742106,1174634513]}]},{"allowed_amount":0.00,"billing_code_modifier":[""],"providers":[{"billed_charge":15.00,"npi":[1053742106,1174634513]},{"billed_charge":30.00,"npi":[1053742106,1174634513]},{"billed_charge":45.00,"npi":[1053742106,1174634513]},{"billed_charge":60.00,"npi":[1053742106,1174634513]},{"billed_charge":75.00,"npi":[1053742106,1174634513]},{"billed_charge":90.00,"npi":[1053742106,1174634513]},{"billed_charge":105.00,"npi":[1053742106,1174634513]},{"billed_charge":135.00,"npi":[1053742106,1174634513]},{"billed_charge":165.00,"npi":[1053742106,1174634513]}]},{"allowed_amount":0.00,"billing_code_modifier":[""],"providers":[{"billed_charge":15.00,"npi":[1053742106,1174634513]},{"billed_charge":30.00,"npi":[1053742106,1174634513]},{"billed_charge":45.00,"npi":[1053742106,1174634513]},{"billed_charge":60.00,"npi":[1053742106,1174634513]},{"billed_charge":75.00,"npi":[1053742106,1174634513]},{"billed_charge":90.00,"npi":[1053742106,1174634513]},{"billed_charge":105.00,"npi":[1053742106,1174634513]},{"billed_charge":135.00,"npi":[1053742106,1174634513]},{"billed_charge":165.00,"npi":[1053742106,1174634513]}]},{"allowed_amount":0.00,"billing_code_modifier":[""],"providers":[{"billed_charge":15.00,"npi":[1053742106,1174634513]},{"billed_charge":30.00,"npi":[1053742106,1174634513]},{"billed_charge":45.00,"npi":[1053742106,1174634513]},{"billed_charge":60.00,"npi":[1053742106,1174634513]},{"billed_charge":75.00,"npi":[1053742106,1174634513]},{"billed_charge":90.00,"npi":[1053742106,1174634513]},{"billed_charge":105.00,"npi":[1053742106,1174634513]},{"billed_charge":135.00,"npi":[1053742106,1174634513]},{"billed_charge":165.00,"npi":[1053742106,1174634513]}]},{"allowed_amount":0.00,"billing_code_modifier":[""],"providers":[{"billed_charge":15.00,"npi":[1053742106,1174634513]},{"billed_charge":30.00,"npi":[1053742106,1174634513]},{"billed_charge":45.00,"npi":[1053742106,1174634513]},{"billed_charge":60.00,"npi":[1053742106,1174634513]},{"billed_charge":75.00,"npi":[1053742106,1174634513]},{"billed_charge":90.00,"npi":[1053742106,1174634513]},{"billed_charge":105.00,"npi":[1053742106,1174634513]},{"billed_charge":135.00,"npi":[1053742106,1174634513]},{"billed_charge":165.00,"npi":[1053742106,1174634513]}]},{"allowed_amount":0.00,"billing_code_modifier":[""],"providers":[{"billed_charge":15.00,"npi":[1053742106,1174634513]},{"billed_charge":30.00,"npi":[1053742106,1174634513]},{"billed_charge":45.00,"npi":[1053742106,1174634513]},{"billed_charge":60.00,"npi":[1053742106,1174634513]},{"billed_charge":75.00,"npi":[1053742106,1174634513]},{"billed_charge":90.00,"npi":[1053742106,1174634513]},{"billed_charge":105.00,"npi":[1053742106,1174634513]},{"billed_charge":135.00,"npi":[1053742106,1174634513]},{"billed_charge":165.00,"npi":[1053742106,1174634513]}]},{"allowed_amount":0.00,"billing_code_modifier":[""],"providers":[{"billed_charge":15.00,"npi":[1053742106,1174634513]},{"billed_charge":30.00,"npi":[1053742106,1174634513]},{"billed_charge":45.00,"npi":[1053742106,1174634513]},{"billed_charge":60.00,"npi":[1053742106,1174634513]},{"billed_charge":75.00,"npi":[1053742106,1174634513]},{"billed_charge":90.00,"npi":[1053742106,1174634513]},{"billed_charge":105.00,"npi":[1053742106,1174634513]},{"billed_charge":135.00,"npi":[1053742106,1174634513]},{"billed_charge":165.00,"npi":[1053742106,1174634513]}]},{"allowed_amount":0.00,"billing_code_modifier":[""],"providers":[{"billed_charge":15.00,"npi":[1053742106,1174634513]},{"billed_charge":30.00,"npi":[1053742106,1174634513]},{"billed_charge":45.00,"npi":[1053742106,1174634513]},{"billed_charge":60.00,"npi":[1053742106,1174634513]},{"billed_charge":75.00,"npi":[1053742106,1174634513]},{"billed_charge":90.00,"npi":[1053742106,1174634513]},{"billed_charge":105.00,"npi":[1053742106,1174634513]},{"billed_charge":135.00,"npi":[1053742106,1174634513]},{"billed_charge":165.00,"npi":[1053742106,1174634513]}]},{"allowed_amount":0.00,"billing_code_modifier":[""],"providers":[{"billed_charge":15.00,"npi":[1053742106,1174634513]},{"billed_charge":30.00,"npi":[1053742106,1174634513]},{"billed_charge":45.00,"npi":[1053742106,1174634513]},{"billed_charge":60.00,"npi":[1053742106,1174634513]},{"billed_charge":75.00,"npi":[1053742106,1174634513]},{"billed_charge":90.00,"npi":[1053742106,1174634513]},{"billed_charge":105.00,"npi":[1053742106,1174634513]},{"billed_charge":135.00,"npi":[1053742106,1174634513]},{"billed_charge":165.00,"npi":[1053742106,1174634513]}]}]},{"tin":{"type":"ein","value":"464130448"},"service_code":["11"],"billing_class":"professional","payments":[{"allowed_amount":0.00,"billing_code_modifier":[""],"providers":[{"billed_charge":15.00,"npi":[1053742106,1174634513]},{"billed_charge":30.00,"npi":[1053742106,1174634513]},{"billed_charge":45.00,"npi":[1053742106,1174634513]},{"billed_charge":60.00,"npi":[1053742106,1174634513]},{"billed_charge":75.00,"npi":[1053742106,1174634513]},{"billed_charge":90.00,"npi":[1053742106,1174634513]},{"billed_charge":105.00,"npi":[1053742106,1174634513]},{"billed_charge":135.00,"npi":[1053742106,1174634513]},{"billed_charge":165.00,"npi":[1053742106,1174634513]}]},{"allowed_amount":0.00,"billing_code_modifier":[""],"providers":[{"billed_charge":15.00,"npi":[1053742106,1174634513]},{"billed_charge":30.00,"npi":[1053742106,1174634513]},{"billed_charge":45.00,"npi":[1053742106,1174634513]},{"billed_charge":60.00,"npi":[1053742106,1174634513]},{"billed_charge":75.00,"npi":[1053742106,1174634513]},{"billed_charge":90.00,"npi":[1053742106,1174634513]},{"billed_charge":105.00,"npi":[1053742106,1174634513]},{"billed_charge":135.00,"npi":[1053742106,1174634513]},{"billed_charge":165.00,"npi":[1053742106,1174634513]}]},{"allowed_amount":0.00,"billing_code_modifier":[""],"providers":[{"billed_charge":15.00,"npi":[1053742106,1174634513]},{"billed_charge":30.00,"npi":[1053742106,1174634513]},{"billed_charge":45.00,"npi":[1053742106,1174634513]},{"billed_charge":60.00,"npi":[1053742106,1174634513]},{"billed_charge":75.00,"npi":[1053742106,1174634513]},{"billed_charge":90.00,"npi":[1053742106,1174634513]},{"billed_charge":105.00,"npi":[1053742106,1174634513]},{"billed_charge":135.00,"npi":[1053742106,1174634513]},{"billed_charge":165.00,"npi":[1053742106,1174634513]}]},{"allowed_amount":0.00,"billing_code_modifier":[""],"providers":[{"billed_charge":15.00,"npi":[1053742106,1174634513]},{"billed_charge":30.00,"npi":[1053742106,1174634513]},{"billed_charge":45.00,"npi":[1053742106,1174634513]},{"billed_charge":60.00,"npi":[1053742106,1174634513]},{"billed_charge":75.00,"npi":[1053742106,1174634513]},{"billed_charge":90.00,"npi":[1053742106,1174634513]},{"billed_charge":105.00,"npi":[1053742106,1174634513]},{"billed_charge":135.00,"npi":[1053742106,1174634513]},{"billed_charge":165.00,"npi":[1053742106,1174634513]}]},{"allowed_amount":0.00,"billing_code_modifier":[""],"providers":[{"billed_charge":15.00,"npi":[1053742106,1174634513]},{"billed_charge":30.00,"npi":[1053742106,1174634513]},{"billed_charge":45.00,"npi":[1053742106,1174634513]},{"billed_charge":60.00,"npi":[1053742106,1174634513]},{"billed_charge":75.00,"npi":[1053742106,1174634513]},{"billed_charge":90.00,"npi":[1053742106,1174634513]},{"billed_charge":105.00,"npi":[1053742106,1174634513]},{"billed_charge":135.00,"npi":[1053742106,1174634513]},{"billed_charge":165.00,"npi":[1053742106,1174634513]}]},{"allowed_amount":0.00,"billing_code_modifier":[""],"providers":[{"billed_charge":15.00,"npi":[1053742106,1174634513]},{"billed_charge":30.00,"npi":[1053742106,1174634513]},{"billed_charge":45.00,"npi":[1053742106,1174634513]},{"billed_charge":60.00,"npi":[1053742106,1174634513]},{"billed_charge":75.00,"npi":[1053742106,1174634513]},{"billed_charge":90.00,"npi":[1053742106,1174634513]},{"billed_charge":105.00,"npi":[1053742106,1174634513]},{"billed_charge":135.00,"npi":[1053742106,1174634513]},{"billed_charge":165.00,"npi":[1053742106,1174634513]}]},{"allowed_amount":0.00,"billing_code_modifier":[""],"providers":[{"billed_charge":15.00,"npi":[1053742106,1174634513]},{"billed_charge":30.00,"npi":[1053742106,1174634513]},{"billed_charge":45.00,"npi":[1053742106,1174634513]},{"billed_charge":60.00,"npi":[1053742106,1174634513]},{"billed_charge":75.00,"npi":[1053742106,1174634513]},{"billed_charge":90.00,"npi":[1053742106,1174634513]},{"billed_charge":105.00,"npi":[1053742106,1174634513]},{"billed_charge":135.00,"npi":[1053742106,1174634513]},{"billed_charge":165.00,"npi":[1053742106,1174634513]}]},{"allowed_amount":0.00,"billing_code_modifier":[""],"providers":[{"billed_charge":15.00,"npi":[1053742106,1174634513]},{"billed_charge":30.00,"npi":[1053742106,1174634513]},{"billed_charge":45.00,"npi":[1053742106,1174634513]},{"billed_charge":60.00,"npi":[1053742106,1174634513]},{"billed_charge":75.00,"npi":[1053742106,1174634513]},{"billed_charge":90.00,"npi":[1053742106,1174634513]},{"billed_charge":105.00,"npi":[1053742106,1174634513]},{"billed_charge":135.00,"npi":[1053742106,1174634513]},{"billed_charge":165.00,"npi":[1053742106,1174634513]}]},{"allowed_amount":0.00,"billing_code_modifier":[""],"providers":[{"billed_charge":15.00,"npi":[1053742106,1174634513]},{"billed_charge":30.00,"npi":[1053742106,1174634513]},{"billed_charge":45.00,"npi":[1053742106,1174634513]},{"billed_charge":60.00,"npi":[1053742106,1174634513]},{"billed_charge":75.00,"npi":[1053742106,1174634513]},{"billed_charge":90.00,"npi":[1053742106,1174634513]},{"billed_charge":105.00,"npi":[1053742106,1174634513]},{"billed_charge":135.00,"npi":[1053742106,1174634513]},{"billed_charge":165.00,"npi":[1053742106,1174634513]}]}]},{"tin":{"type":"ein","value":"464130448"},"service_code":["11"],"billing_class":"professional","payments":[{"allowed_amount":0.00,"billing_code_modifier":[""],"providers":[{"billed_charge":15.00,"npi":[1053742106,1174634513]},{"billed_charge":30.00,"npi":[1053742106,1174634513]},{"billed_charge":45.00,"npi":[1053742106,1174634513]},{"billed_charge":60.00,"npi":[1053742106,1174634513]},{"billed_charge":75.00,"npi":[1053742106,1174634513]},{"billed_charge":90.00,"npi":[1053742106,1174634513]},{"billed_charge":105.00,"npi":[1053742106,1174634513]},{"billed_charge":135.00,"npi":[1053742106,1174634513]},{"billed_charge":165.00,"npi":[1053742106,1174634513]}]},{"allowed_amount":0.00,"billing_code_modifier":[""],"providers":[{"billed_charge":15.00,"npi":[1053742106,1174634513]},{"billed_charge":30.00,"npi":[1053742106,1174634513]},{"billed_charge":45.00,"npi":[1053742106,1174634513]},{"billed_charge":60.00,"npi":[1053742106,1174634513]},{"billed_charge":75.00,"npi":[1053742106,1174634513]},{"billed_charge":90.00,"npi":[1053742106,1174634513]},{"billed_charge":105.00,"npi":[1053742106,1174634513]},{"billed_charge":135.00,"npi":[1053742106,1174634513]},{"billed_charge":165.00,"npi":[1053742106,1174634513]}]},{"allowed_amount":0.00,"billing_code_modifier":[""],"providers":[{"billed_charge":15.00,"npi":[1053742106,1174634513]},{"billed_charge":30.00,"npi":[1053742106,1174634513]},{"billed_charge":45.00,"npi":[1053742106,1174634513]},{"billed_charge":60.00,"npi":[1053742106,1174634513]},{"billed_charge":75.00,"npi":[1053742106,1174634513]},{"billed_charge":90.00,"npi":[1053742106,1174634513]},{"billed_charge":105.00,"npi":[1053742106,1174634513]},{"billed_charge":135.00,"npi":[1053742106,1174634513]},{"billed_charge":165.00,"npi":[1053742106,1174634513]}]},{"allowed_amount":0.00,"billing_code_modifier":[""],"providers":[{"billed_charge":15.00,"npi":[1053742106,1174634513]},{"billed_charge":30.00,"npi":[1053742106,1174634513]},{"billed_charge":45.00,"npi":[1053742106,1174634513]},{"billed_charge":60.00,"npi":[1053742106,1174634513]},{"billed_charge":75.00,"npi":[1053742106,1174634513]},{"billed_charge":90.00,"npi":[1053742106,1174634513]},{"billed_charge":105.00,"npi":[1053742106,1174634513]},{"billed_charge":135.00,"npi":[1053742106,1174634513]},{"billed_charge":165.00,"npi":[1053742106,1174634513]}]},{"allowed_amount":0.00,"billing_code_modifier":[""],"providers":[{"billed_charge":15.00,"npi":[1053742106,1174634513]},{"billed_charge":30.00,"npi":[1053742106,1174634513]},{"billed_charge":45.00,"npi":[1053742106,1174634513]},{"billed_charge":60.00,"npi":[1053742106,1174634513]},{"billed_charge":75.00,"npi":[1053742106,1174634513]},{"billed_charge":90.00,"npi":[1053742106,1174634513]},{"billed_charge":105.00,"npi":[1053742106,1174634513]},{"billed_charge":135.00,"npi":[1053742106,1174634513]},{"billed_charge":165.00,"npi":[1053742106,1174634513]}]},{"allowed_amount":0.00,"billing_code_modifier":[""],"providers":[{"billed_charge":15.00,"npi":[1053742106,1174634513]},{"billed_charge":30.00,"npi":[1053742106,1174634513]},{"billed_charge":45.00,"npi":[1053742106,1174634513]},{"billed_charge":60.00,"npi":[1053742106,1174634513]},{"billed_charge":75.00,"npi":[1053742106,1174634513]},{"billed_charge":90.00,"npi":[1053742106,1174634513]},{"billed_charge":105.00,"npi":[1053742106,1174634513]},{"billed_charge":135.00,"npi":[1053742106,1174634513]},{"billed_charge":165.00,"npi":[1053742106,1174634513]}]},{"allowed_amount":0.00,"billing_code_modifier":[""],"providers":[{"billed_charge":15.00,"npi":[1053742106,1174634513]},{"billed_charge":30.00,"npi":[1053742106,1174634513]},{"billed_charge":45.00,"npi":[1053742106,1174634513]},{"billed_charge":60.00,"npi":[1053742106,1174634513]},{"billed_charge":75.00,"npi":[1053742106,1174634513]},{"billed_charge":90.00,"npi":[1053742106,1174634513]},{"billed_charge":105.00,"npi":[1053742106,1174634513]},{"billed_charge":135.00,"npi":[1053742106,1174634513]},{"billed_charge":165.00,"npi":[1053742106,1174634513]}]},{"allowed_amount":0.00,"billing_code_modifier":[""],"providers":[{"billed_charge":15.00,"npi":[1053742106,1174634513]},{"billed_charge":30.00,"npi":[1053742106,1174634513]},{"billed_charge":45.00,"npi":[1053742106,1174634513]},{"billed_charge":60.00,"npi":[1053742106,1174634513]},{"billed_charge":75.00,"npi":[1053742106,1174634513]},{"billed_charge":90.00,"npi":[1053742106,1174634513]},{"billed_charge":105.00,"npi":[1053742106,1174634513]},{"billed_charge":135.00,"npi":[1053742106,1174634513]},{"billed_charge":165.00,"npi":[1053742106,1174634513]}]},{"allowed_amount":0.00,"billing_code_modifier":[""],"providers":[{"billed_charge":15.00,"npi":[1053742106,1174634513]},{"billed_charge":30.00,"npi":[1053742106,1174634513]},{"billed_charge":45.00,"npi":[1053742106,1174634513]},{"billed_charge":60.00,"npi":[1053742106,1174634513]},{"billed_charge":75.00,"npi":[1053742106,1174634513]},{"billed_charge":90.00,"npi":[1053742106,1174634513]},{"billed_charge":105.00,"npi":[1053742106,1174634513]},{"billed_charge":135.00,"npi":[1053742106,1174634513]},{"billed_charge":165.00,"npi":[1053742106,1174634513]}]}]},{"tin":{"type":"ein","value":"464130448"},"service_code":["11"],"billing_class":"professional","payments":[{"allowed_amount":0.00,"billing_code_modifier":[""],"providers":[{"billed_charge":15.00,"npi":[1053742106,1174634513]},{"billed_charge":30.00,"npi":[1053742106,1174634513]},{"billed_charge":45.00,"npi":[1053742106,1174634513]},{"billed_charge":60.00,"npi":[1053742106,1174634513]},{"billed_charge":75.00,"npi":[1053742106,1174634513]},{"billed_charge":90.00,"npi":[1053742106,1174634513]},{"billed_charge":105.00,"npi":[1053742106,1174634513]},{"billed_charge":135.00,"npi":[1053742106,1174634513]},{"billed_charge":165.00,"npi":[1053742106,1174634513]}]},{"allowed_amount":0.00,"billing_code_modifier":[""],"providers":[{"billed_charge":15.00,"npi":[1053742106,1174634513]},{"billed_charge":30.00,"npi":[1053742106,1174634513]},{"billed_charge":45.00,"npi":[1053742106,1174634513]},{"billed_charge":60.00,"npi":[1053742106,1174634513]},{"billed_charge":75.00,"npi":[1053742106,1174634513]},{"billed_charge":90.00,"npi":[1053742106,1174634513]},{"billed_charge":105.00,"npi":[1053742106,1174634513]},{"billed_charge":135.00,"npi":[1053742106,1174634513]},{"billed_charge":165.00,"npi":[1053742106,1174634513]}]},{"allowed_amount":0.00,"billing_code_modifier":[""],"providers":[{"billed_charge":15.00,"npi":[1053742106,1174634513]},{"billed_charge":30.00,"npi":[1053742106,1174634513]},{"billed_charge":45.00,"npi":[1053742106,1174634513]},{"billed_charge":60.00,"npi":[1053742106,1174634513]},{"billed_charge":75.00,"npi":[1053742106,1174634513]},{"billed_charge":90.00,"npi":[1053742106,1174634513]},{"billed_charge":105.00,"npi":[1053742106,1174634513]},{"billed_charge":135.00,"npi":[1053742106,1174634513]},{"billed_charge":165.00,"npi":[1053742106,1174634513]}]},{"allowed_amount":0.00,"billing_code_modifier":[""],"providers":[{"billed_charge":15.00,"npi":[1053742106,1174634513]},{"billed_charge":30.00,"npi":[1053742106,1174634513]},{"billed_charge":45.00,"npi":[1053742106,1174634513]},{"billed_charge":60.00,"npi":[1053742106,1174634513]},{"billed_charge":75.00,"npi":[1053742106,1174634513]},{"billed_charge":90.00,"npi":[1053742106,1174634513]},{"billed_charge":105.00,"npi":[1053742106,1174634513]},{"billed_charge":135.00,"npi":[1053742106,1174634513]},{"billed_charge":165.00,"npi":[1053742106,1174634513]}]},{"allowed_amount":0.00,"billing_code_modifier":[""],"providers":[{"billed_charge":15.00,"npi":[1053742106,1174634513]},{"billed_charge":30.00,"npi":[1053742106,1174634513]},{"billed_charge":45.00,"npi":[1053742106,1174634513]},{"billed_charge":60.00,"npi":[1053742106,1174634513]},{"billed_charge":75.00,"npi":[1053742106,1174634513]},{"billed_charge":90.00,"npi":[1053742106,1174634513]},{"billed_charge":105.00,"npi":[1053742106,1174634513]},{"billed_charge":135.00,"npi":[1053742106,1174634513]},{"billed_charge":165.00,"npi":[1053742106,1174634513]}]},{"allowed_amount":0.00,"billing_code_modifier":[""],"providers":[{"billed_charge":15.00,"npi":[1053742106,1174634513]},{"billed_charge":30.00,"npi":[1053742106,1174634513]},{"billed_charge":45.00,"npi":[1053742106,1174634513]},{"billed_charge":60.00,"npi":[1053742106,1174634513]},{"billed_charge":75.00,"npi":[1053742106,1174634513]},{"billed_charge":90.00,"npi":[1053742106,1174634513]},{"billed_charge":105.00,"npi":[1053742106,1174634513]},{"billed_charge":135.00,"npi":[1053742106,1174634513]},{"billed_charge":165.00,"npi":[1053742106,1174634513]}]},{"allowed_amount":0.00,"billing_code_modifier":[""],"providers":[{"billed_charge":15.00,"npi":[1053742106,1174634513]},{"billed_charge":30.00,"npi":[1053742106,1174634513]},{"billed_charge":45.00,"npi":[1053742106,1174634513]},{"billed_charge":60.00,"npi":[1053742106,1174634513]},{"billed_charge":75.00,"npi":[1053742106,1174634513]},{"billed_charge":90.00,"npi":[1053742106,1174634513]},{"billed_charge":105.00,"npi":[1053742106,1174634513]},{"billed_charge":135.00,"npi":[1053742106,1174634513]},{"billed_charge":165.00,"npi":[1053742106,1174634513]}]},{"allowed_amount":0.00,"billing_code_modifier":[""],"providers":[{"billed_charge":15.00,"npi":[1053742106,1174634513]},{"billed_charge":30.00,"npi":[1053742106,1174634513]},{"billed_charge":45.00,"npi":[1053742106,1174634513]},{"billed_charge":60.00,"npi":[1053742106,1174634513]},{"billed_charge":75.00,"npi":[1053742106,1174634513]},{"billed_charge":90.00,"npi":[1053742106,1174634513]},{"billed_charge":105.00,"npi":[1053742106,1174634513]},{"billed_charge":135.00,"npi":[1053742106,1174634513]},{"billed_charge":165.00,"npi":[1053742106,1174634513]}]},{"allowed_amount":0.00,"billing_code_modifier":[""],"providers":[{"billed_charge":15.00,"npi":[1053742106,1174634513]},{"billed_charge":30.00,"npi":[1053742106,1174634513]},{"billed_charge":45.00,"npi":[1053742106,1174634513]},{"billed_charge":60.00,"npi":[1053742106,1174634513]},{"billed_charge":75.00,"npi":[1053742106,1174634513]},{"billed_charge":90.00,"npi":[1053742106,1174634513]},{"billed_charge":105.00,"npi":[1053742106,1174634513]},{"billed_charge":135.00,"npi":[1053742106,1174634513]},{"billed_charge":165.00,"npi":[1053742106,1174634513]}]}]},{"tin":{"type":"ein","value":"464130448"},"service_code":["11"],"billing_class":"professional","payments":[{"allowed_amount":0.00,"billing_code_modifier":[""],"providers":[{"billed_charge":15.00,"npi":[1053742106,1174634513]},{"billed_charge":30.00,"npi":[1053742106,1174634513]},{"billed_charge":45.00,"npi":[1053742106,1174634513]},{"billed_charge":60.00,"npi":[1053742106,1174634513]},{"billed_charge":75.00,"npi":[1053742106,1174634513]},{"billed_charge":90.00,"npi":[1053742106,1174634513]},{"billed_charge":105.00,"npi":[1053742106,1174634513]},{"billed_charge":135.00,"npi":[1053742106,1174634513]},{"billed_charge":165.00,"npi":[1053742106,1174634513]}]},{"allowed_amount":0.00,"billing_code_modifier":[""],"providers":[{"billed_charge":15.00,"npi":[1053742106,1174634513]},{"billed_charge":30.00,"npi":[1053742106,1174634513]},{"billed_charge":45.00,"npi":[1053742106,1174634513]},{"billed_charge":60.00,"npi":[1053742106,1174634513]},{"billed_charge":75.00,"npi":[1053742106,1174634513]},{"billed_charge":90.00,"npi":[1053742106,1174634513]},{"billed_charge":105.00,"npi":[1053742106,1174634513]},{"billed_charge":135.00,"npi":[1053742106,1174634513]},{"billed_charge":165.00,"npi":[1053742106,1174634513]}]},{"allowed_amount":0.00,"billing_code_modifier":[""],"providers":[{"billed_charge":15.00,"npi":[1053742106,1174634513]},{"billed_charge":30.00,"npi":[1053742106,1174634513]},{"billed_charge":45.00,"npi":[1053742106,1174634513]},{"billed_charge":60.00,"npi":[1053742106,1174634513]},{"billed_charge":75.00,"npi":[1053742106,1174634513]},{"billed_charge":90.00,"npi":[1053742106,1174634513]},{"billed_charge":105.00,"npi":[1053742106,1174634513]},{"billed_charge":135.00,"npi":[1053742106,1174634513]},{"billed_charge":165.00,"npi":[1053742106,1174634513]}]},{"allowed_amount":0.00,"billing_code_modifier":[""],"providers":[{"billed_charge":15.00,"npi":[1053742106,1174634513]},{"billed_charge":30.00,"npi":[1053742106,1174634513]},{"billed_charge":45.00,"npi":[1053742106,1174634513]},{"billed_charge":60.00,"npi":[1053742106,1174634513]},{"billed_charge":75.00,"npi":[1053742106,1174634513]},{"billed_charge":90.00,"npi":[1053742106,1174634513]},{"billed_charge":105.00,"npi":[1053742106,1174634513]},{"billed_charge":135.00,"npi":[1053742106,1174634513]},{"billed_charge":165.00,"npi":[1053742106,1174634513]}]},{"allowed_amount":0.00,"billing_code_modifier":[""],"providers":[{"billed_charge":15.00,"npi":[1053742106,1174634513]},{"billed_charge":30.00,"npi":[1053742106,1174634513]},{"billed_charge":45.00,"npi":[1053742106,1174634513]},{"billed_charge":60.00,"npi":[1053742106,1174634513]},{"billed_charge":75.00,"npi":[1053742106,1174634513]},{"billed_charge":90.00,"npi":[1053742106,1174634513]},{"billed_charge":105.00,"npi":[1053742106,1174634513]},{"billed_charge":135.00,"npi":[1053742106,1174634513]},{"billed_charge":165.00,"npi":[1053742106,1174634513]}]},{"allowed_amount":0.00,"billing_code_modifier":[""],"providers":[{"billed_charge":15.00,"npi":[1053742106,1174634513]},{"billed_charge":30.00,"npi":[1053742106,1174634513]},{"billed_charge":45.00,"npi":[1053742106,1174634513]},{"billed_charge":60.00,"npi":[1053742106,1174634513]},{"billed_charge":75.00,"npi":[1053742106,1174634513]},{"billed_charge":90.00,"npi":[1053742106,1174634513]},{"billed_charge":105.00,"npi":[1053742106,1174634513]},{"billed_charge":135.00,"npi":[1053742106,1174634513]},{"billed_charge":165.00,"npi":[1053742106,1174634513]}]},{"allowed_amount":0.00,"billing_code_modifier":[""],"providers":[{"billed_charge":15.00,"npi":[1053742106,1174634513]},{"billed_charge":30.00,"npi":[1053742106,1174634513]},{"billed_charge":45.00,"npi":[1053742106,1174634513]},{"billed_charge":60.00,"npi":[1053742106,1174634513]},{"billed_charge":75.00,"npi":[1053742106,1174634513]},{"billed_charge":90.00,"npi":[1053742106,1174634513]},{"billed_charge":105.00,"npi":[1053742106,1174634513]},{"billed_charge":135.00,"npi":[1053742106,1174634513]},{"billed_charge":165.00,"npi":[1053742106,1174634513]}]},{"allowed_amount":0.00,"billing_code_modifier":[""],"providers":[{"billed_charge":15.00,"npi":[1053742106,1174634513]},{"billed_charge":30.00,"npi":[1053742106,1174634513]},{"billed_charge":45.00,"npi":[1053742106,1174634513]},{"billed_charge":60.00,"npi":[1053742106,1174634513]},{"billed_charge":75.00,"npi":[1053742106,1174634513]},{"billed_charge":90.00,"npi":[1053742106,1174634513]},{"billed_charge":105.00,"npi":[1053742106,1174634513]},{"billed_charge":135.00,"npi":[1053742106,1174634513]},{"billed_charge":165.00,"npi":[1053742106,1174634513]}]},{"allowed_amount":0.00,"billing_code_modifier":[""],"providers":[{"billed_charge":15.00,"npi":[1053742106,1174634513]},{"billed_charge":30.00,"npi":[1053742106,1174634513]},{"billed_charge":45.00,"npi":[1053742106,1174634513]},{"billed_charge":60.00,"npi":[1053742106,1174634513]},{"billed_charge":75.00,"npi":[1053742106,1174634513]},{"billed_charge":90.00,"npi":[1053742106,1174634513]},{"billed_charge":105.00,"npi":[1053742106,1174634513]},{"billed_charge":135.00,"npi":[1053742106,1174634513]},{"billed_charge":165.00,"npi":[1053742106,1174634513]}]}]},{"tin":{"type":"ein","value":"464130448"},"service_code":["11"],"billing_class":"professional","payments":[{"allowed_amount":0.00,"billing_code_modifier":[""],"providers":[{"billed_charge":15.00,"npi":[1053742106,1174634513]},{"billed_charge":30.00,"npi":[1053742106,1174634513]},{"billed_charge":45.00,"npi":[1053742106,1174634513]},{"billed_charge":60.00,"npi":[1053742106,1174634513]},{"billed_charge":75.00,"npi":[1053742106,1174634513]},{"billed_charge":90.00,"npi":[1053742106,1174634513]},{"billed_charge":105.00,"npi":[1053742106,1174634513]},{"billed_charge":135.00,"npi":[1053742106,1174634513]},{"billed_charge":165.00,"npi":[1053742106,1174634513]}]},{"allowed_amount":0.00,"billing_code_modifier":[""],"providers":[{"billed_charge":15.00,"npi":[1053742106,1174634513]},{"billed_charge":30.00,"npi":[1053742106,1174634513]},{"billed_charge":45.00,"npi":[1053742106,1174634513]},{"billed_charge":60.00,"npi":[1053742106,1174634513]},{"billed_charge":75.00,"npi":[1053742106,1174634513]},{"billed_charge":90.00,"npi":[1053742106,1174634513]},{"billed_charge":105.00,"npi":[1053742106,1174634513]},{"billed_charge":135.00,"npi":[1053742106,1174634513]},{"billed_charge":165.00,"npi":[1053742106,1174634513]}]},{"allowed_amount":0.00,"billing_code_modifier":[""],"providers":[{"billed_charge":15.00,"npi":[1053742106,1174634513]},{"billed_charge":30.00,"npi":[1053742106,1174634513]},{"billed_charge":45.00,"npi":[1053742106,1174634513]},{"billed_charge":60.00,"npi":[1053742106,1174634513]},{"billed_charge":75.00,"npi":[1053742106,1174634513]},{"billed_charge":90.00,"npi":[1053742106,1174634513]},{"billed_charge":105.00,"npi":[1053742106,1174634513]},{"billed_charge":135.00,"npi":[1053742106,1174634513]},{"billed_charge":165.00,"npi":[1053742106,1174634513]}]},{"allowed_amount":0.00,"billing_code_modifier":[""],"providers":[{"billed_charge":15.00,"npi":[1053742106,1174634513]},{"billed_charge":30.00,"npi":[1053742106,1174634513]},{"billed_charge":45.00,"npi":[1053742106,1174634513]},{"billed_charge":60.00,"npi":[1053742106,1174634513]},{"billed_charge":75.00,"npi":[1053742106,1174634513]},{"billed_charge":90.00,"npi":[1053742106,1174634513]},{"billed_charge":105.00,"npi":[1053742106,1174634513]},{"billed_charge":135.00,"npi":[1053742106,1174634513]},{"billed_charge":165.00,"npi":[1053742106,1174634513]}]},{"allowed_amount":0.00,"billing_code_modifier":[""],"providers":[{"billed_charge":15.00,"npi":[1053742106,1174634513]},{"billed_charge":30.00,"npi":[1053742106,1174634513]},{"billed_charge":45.00,"npi":[1053742106,1174634513]},{"billed_charge":60.00,"npi":[1053742106,1174634513]},{"billed_charge":75.00,"npi":[1053742106,1174634513]},{"billed_charge":90.00,"npi":[1053742106,1174634513]},{"billed_charge":105.00,"npi":[1053742106,1174634513]},{"billed_charge":135.00,"npi":[1053742106,1174634513]},{"billed_charge":165.00,"npi":[1053742106,1174634513]}]},{"allowed_amount":0.00,"billing_code_modifier":[""],"providers":[{"billed_charge":15.00,"npi":[1053742106,1174634513]},{"billed_charge":30.00,"npi":[1053742106,1174634513]},{"billed_charge":45.00,"npi":[1053742106,1174634513]},{"billed_charge":60.00,"npi":[1053742106,1174634513]},{"billed_charge":75.00,"npi":[1053742106,1174634513]},{"billed_charge":90.00,"npi":[1053742106,1174634513]},{"billed_charge":105.00,"npi":[1053742106,1174634513]},{"billed_charge":135.00,"npi":[1053742106,1174634513]},{"billed_charge":165.00,"npi":[1053742106,1174634513]}]},{"allowed_amount":0.00,"billing_code_modifier":[""],"providers":[{"billed_charge":15.00,"npi":[1053742106,1174634513]},{"billed_charge":30.00,"npi":[1053742106,1174634513]},{"billed_charge":45.00,"npi":[1053742106,1174634513]},{"billed_charge":60.00,"npi":[1053742106,1174634513]},{"billed_charge":75.00,"npi":[1053742106,1174634513]},{"billed_charge":90.00,"npi":[1053742106,1174634513]},{"billed_charge":105.00,"npi":[1053742106,1174634513]},{"billed_charge":135.00,"npi":[1053742106,1174634513]},{"billed_charge":165.00,"npi":[1053742106,1174634513]}]},{"allowed_amount":0.00,"billing_code_modifier":[""],"providers":[{"billed_charge":15.00,"npi":[1053742106,1174634513]},{"billed_charge":30.00,"npi":[1053742106,1174634513]},{"billed_charge":45.00,"npi":[1053742106,1174634513]},{"billed_charge":60.00,"npi":[1053742106,1174634513]},{"billed_charge":75.00,"npi":[1053742106,1174634513]},{"billed_charge":90.00,"npi":[1053742106,1174634513]},{"billed_charge":105.00,"npi":[1053742106,1174634513]},{"billed_charge":135.00,"npi":[1053742106,1174634513]},{"billed_charge":165.00,"npi":[1053742106,1174634513]}]},{"allowed_amount":0.00,"billing_code_modifier":[""],"providers":[{"billed_charge":15.00,"npi":[1053742106,1174634513]},{"billed_charge":30.00,"npi":[1053742106,1174634513]},{"billed_charge":45.00,"npi":[1053742106,1174634513]},{"billed_charge":60.00,"npi":[1053742106,1174634513]},{"billed_charge":75.00,"npi":[1053742106,1174634513]},{"billed_charge":90.00,"npi":[1053742106,1174634513]},{"billed_charge":105.00,"npi":[1053742106,1174634513]},{"billed_charge":135.00,"npi":[1053742106,1174634513]},{"billed_charge":165.00,"npi":[1053742106,1174634513]}]}]},{"tin":{"type":"ein","value":"464130448"},"service_code":["11"],"billing_class":"professional","payments":[{"allowed_amount":0.00,"billing_code_modifier":[""],"providers":[{"billed_charge":15.00,"npi":[1053742106,1174634513]},{"billed_charge":30.00,"npi":[1053742106,1174634513]},{"billed_charge":45.00,"npi":[1053742106,1174634513]},{"billed_charge":60.00,"npi":[1053742106,1174634513]},{"billed_charge":75.00,"npi":[1053742106,1174634513]},{"billed_charge":90.00,"npi":[1053742106,1174634513]},{"billed_charge":105.00,"npi":[1053742106,1174634513]},{"billed_charge":135.00,"npi":[1053742106,1174634513]},{"billed_charge":165.00,"npi":[1053742106,1174634513]}]},{"allowed_amount":0.00,"billing_code_modifier":[""],"providers":[{"billed_charge":15.00,"npi":[1053742106,1174634513]},{"billed_charge":30.00,"npi":[1053742106,1174634513]},{"billed_charge":45.00,"npi":[1053742106,1174634513]},{"billed_charge":60.00,"npi":[1053742106,1174634513]},{"billed_charge":75.00,"npi":[1053742106,1174634513]},{"billed_charge":90.00,"npi":[1053742106,1174634513]},{"billed_charge":105.00,"npi":[1053742106,1174634513]},{"billed_charge":135.00,"npi":[1053742106,1174634513]},{"billed_charge":165.00,"npi":[1053742106,1174634513]}]},{"allowed_amount":0.00,"billing_code_modifier":[""],"providers":[{"billed_charge":15.00,"npi":[1053742106,1174634513]},{"billed_charge":30.00,"npi":[1053742106,1174634513]},{"billed_charge":45.00,"npi":[1053742106,1174634513]},{"billed_charge":60.00,"npi":[1053742106,1174634513]},{"billed_charge":75.00,"npi":[1053742106,1174634513]},{"billed_charge":90.00,"npi":[1053742106,1174634513]},{"billed_charge":105.00,"npi":[1053742106,1174634513]},{"billed_charge":135.00,"npi":[1053742106,1174634513]},{"billed_charge":165.00,"npi":[1053742106,1174634513]}]},{"allowed_amount":0.00,"billing_code_modifier":[""],"providers":[{"billed_charge":15.00,"npi":[1053742106,1174634513]},{"billed_charge":30.00,"npi":[1053742106,1174634513]},{"billed_charge":45.00,"npi":[1053742106,1174634513]},{"billed_charge":60.00,"npi":[1053742106,1174634513]},{"billed_charge":75.00,"npi":[1053742106,1174634513]},{"billed_charge":90.00,"npi":[1053742106,1174634513]},{"billed_charge":105.00,"npi":[1053742106,1174634513]},{"billed_charge":135.00,"npi":[1053742106,1174634513]},{"billed_charge":165.00,"npi":[1053742106,1174634513]}]},{"allowed_amount":0.00,"billing_code_modifier":[""],"providers":[{"billed_charge":15.00,"npi":[1053742106,1174634513]},{"billed_charge":30.00,"npi":[1053742106,1174634513]},{"billed_charge":45.00,"npi":[1053742106,1174634513]},{"billed_charge":60.00,"npi":[1053742106,1174634513]},{"billed_charge":75.00,"npi":[1053742106,1174634513]},{"billed_charge":90.00,"npi":[1053742106,1174634513]},{"billed_charge":105.00,"npi":[1053742106,1174634513]},{"billed_charge":135.00,"npi":[1053742106,1174634513]},{"billed_charge":165.00,"npi":[1053742106,1174634513]}]},{"allowed_amount":0.00,"billing_code_modifier":[""],"providers":[{"billed_charge":15.00,"npi":[1053742106,1174634513]},{"billed_charge":30.00,"npi":[1053742106,1174634513]},{"billed_charge":45.00,"npi":[1053742106,1174634513]},{"billed_charge":60.00,"npi":[1053742106,1174634513]},{"billed_charge":75.00,"npi":[1053742106,1174634513]},{"billed_charge":90.00,"npi":[1053742106,1174634513]},{"billed_charge":105.00,"npi":[1053742106,1174634513]},{"billed_charge":135.00,"npi":[1053742106,1174634513]},{"billed_charge":165.00,"npi":[1053742106,1174634513]}]},{"allowed_amount":0.00,"billing_code_modifier":[""],"providers":[{"billed_charge":15.00,"npi":[1053742106,1174634513]},{"billed_charge":30.00,"npi":[1053742106,1174634513]},{"billed_charge":45.00,"npi":[1053742106,1174634513]},{"billed_charge":60.00,"npi":[1053742106,1174634513]},{"billed_charge":75.00,"npi":[1053742106,1174634513]},{"billed_charge":90.00,"npi":[1053742106,1174634513]},{"billed_charge":105.00,"npi":[1053742106,1174634513]},{"billed_charge":135.00,"npi":[1053742106,1174634513]},{"billed_charge":165.00,"npi":[1053742106,1174634513]}]},{"allowed_amount":0.00,"billing_code_modifier":[""],"providers":[{"billed_charge":15.00,"npi":[1053742106,1174634513]},{"billed_charge":30.00,"npi":[1053742106,1174634513]},{"billed_charge":45.00,"npi":[1053742106,1174634513]},{"billed_charge":60.00,"npi":[1053742106,1174634513]},{"billed_charge":75.00,"npi":[1053742106,1174634513]},{"billed_charge":90.00,"npi":[1053742106,1174634513]},{"billed_charge":105.00,"npi":[1053742106,1174634513]},{"billed_charge":135.00,"npi":[1053742106,1174634513]},{"billed_charge":165.00,"npi":[1053742106,1174634513]}]},{"allowed_amount":0.00,"billing_code_modifier":[""],"providers":[{"billed_charge":15.00,"npi":[1053742106,1174634513]},{"billed_charge":30.00,"npi":[1053742106,1174634513]},{"billed_charge":45.00,"npi":[1053742106,1174634513]},{"billed_charge":60.00,"npi":[1053742106,1174634513]},{"billed_charge":75.00,"npi":[1053742106,1174634513]},{"billed_charge":90.00,"npi":[1053742106,1174634513]},{"billed_charge":105.00,"npi":[1053742106,1174634513]},{"billed_charge":135.00,"npi":[1053742106,1174634513]},{"billed_charge":165.00,"npi":[1053742106,1174634513]}]}]},{"tin":{"type":"ein","value":"464130448"},"service_code":["11"],"billing_class":"professional","payments":[{"allowed_amount":0.00,"billing_code_modifier":[""],"providers":[{"billed_charge":15.00,"npi":[1053742106,1174634513]},{"billed_charge":30.00,"npi":[1053742106,1174634513]},{"billed_charge":45.00,"npi":[1053742106,1174634513]},{"billed_charge":60.00,"npi":[1053742106,1174634513]},{"billed_charge":75.00,"npi":[1053742106,1174634513]},{"billed_charge":90.00,"npi":[1053742106,1174634513]},{"billed_charge":105.00,"npi":[1053742106,1174634513]},{"billed_charge":135.00,"npi":[1053742106,1174634513]},{"billed_charge":165.00,"npi":[1053742106,1174634513]}]},{"allowed_amount":0.00,"billing_code_modifier":[""],"providers":[{"billed_charge":15.00,"npi":[1053742106,1174634513]},{"billed_charge":30.00,"npi":[1053742106,1174634513]},{"billed_charge":45.00,"npi":[1053742106,1174634513]},{"billed_charge":60.00,"npi":[1053742106,1174634513]},{"billed_charge":75.00,"npi":[1053742106,1174634513]},{"billed_charge":90.00,"npi":[1053742106,1174634513]},{"billed_charge":105.00,"npi":[1053742106,1174634513]},{"billed_charge":135.00,"npi":[1053742106,1174634513]},{"billed_charge":165.00,"npi":[1053742106,1174634513]}]},{"allowed_amount":0.00,"billing_code_modifier":[""],"providers":[{"billed_charge":15.00,"npi":[1053742106,1174634513]},{"billed_charge":30.00,"npi":[1053742106,1174634513]},{"billed_charge":45.00,"npi":[1053742106,1174634513]},{"billed_charge":60.00,"npi":[1053742106,1174634513]},{"billed_charge":75.00,"npi":[1053742106,1174634513]},{"billed_charge":90.00,"npi":[1053742106,1174634513]},{"billed_charge":105.00,"npi":[1053742106,1174634513]},{"billed_charge":135.00,"npi":[1053742106,1174634513]},{"billed_charge":165.00,"npi":[1053742106,1174634513]}]},{"allowed_amount":0.00,"billing_code_modifier":[""],"providers":[{"billed_charge":15.00,"npi":[1053742106,1174634513]},{"billed_charge":30.00,"npi":[1053742106,1174634513]},{"billed_charge":45.00,"npi":[1053742106,1174634513]},{"billed_charge":60.00,"npi":[1053742106,1174634513]},{"billed_charge":75.00,"npi":[1053742106,1174634513]},{"billed_charge":90.00,"npi":[1053742106,1174634513]},{"billed_charge":105.00,"npi":[1053742106,1174634513]},{"billed_charge":135.00,"npi":[1053742106,1174634513]},{"billed_charge":165.00,"npi":[1053742106,1174634513]}]},{"allowed_amount":0.00,"billing_code_modifier":[""],"providers":[{"billed_charge":15.00,"npi":[1053742106,1174634513]},{"billed_charge":30.00,"npi":[1053742106,1174634513]},{"billed_charge":45.00,"npi":[1053742106,1174634513]},{"billed_charge":60.00,"npi":[1053742106,1174634513]},{"billed_charge":75.00,"npi":[1053742106,1174634513]},{"billed_charge":90.00,"npi":[1053742106,1174634513]},{"billed_charge":105.00,"npi":[1053742106,1174634513]},{"billed_charge":135.00,"npi":[1053742106,1174634513]},{"billed_charge":165.00,"npi":[1053742106,1174634513]}]},{"allowed_amount":0.00,"billing_code_modifier":[""],"providers":[{"billed_charge":15.00,"npi":[1053742106,1174634513]},{"billed_charge":30.00,"npi":[1053742106,1174634513]},{"billed_charge":45.00,"npi":[1053742106,1174634513]},{"billed_charge":60.00,"npi":[1053742106,1174634513]},{"billed_charge":75.00,"npi":[1053742106,1174634513]},{"billed_charge":90.00,"npi":[1053742106,1174634513]},{"billed_charge":105.00,"npi":[1053742106,1174634513]},{"billed_charge":135.00,"npi":[1053742106,1174634513]},{"billed_charge":165.00,"npi":[1053742106,1174634513]}]},{"allowed_amount":0.00,"billing_code_modifier":[""],"providers":[{"billed_charge":15.00,"npi":[1053742106,1174634513]},{"billed_charge":30.00,"npi":[1053742106,1174634513]},{"billed_charge":45.00,"npi":[1053742106,1174634513]},{"billed_charge":60.00,"npi":[1053742106,1174634513]},{"billed_charge":75.00,"npi":[1053742106,1174634513]},{"billed_charge":90.00,"npi":[1053742106,1174634513]},{"billed_charge":105.00,"npi":[1053742106,1174634513]},{"billed_charge":135.00,"npi":[1053742106,1174634513]},{"billed_charge":165.00,"npi":[1053742106,1174634513]}]},{"allowed_amount":0.00,"billing_code_modifier":[""],"providers":[{"billed_charge":15.00,"npi":[1053742106,1174634513]},{"billed_charge":30.00,"npi":[1053742106,1174634513]},{"billed_charge":45.00,"npi":[1053742106,1174634513]},{"billed_charge":60.00,"npi":[1053742106,1174634513]},{"billed_charge":75.00,"npi":[1053742106,1174634513]},{"billed_charge":90.00,"npi":[1053742106,1174634513]},{"billed_charge":105.00,"npi":[1053742106,1174634513]},{"billed_charge":135.00,"npi":[1053742106,1174634513]},{"billed_charge":165.00,"npi":[1053742106,1174634513]}]},{"allowed_amount":0.00,"billing_code_modifier":[""],"providers":[{"billed_charge":15.00,"npi":[1053742106,1174634513]},{"billed_charge":30.00,"npi":[1053742106,1174634513]},{"billed_charge":45.00,"npi":[1053742106,1174634513]},{"billed_charge":60.00,"npi":[1053742106,1174634513]},{"billed_charge":75.00,"npi":[1053742106,1174634513]},{"billed_charge":90.00,"npi":[1053742106,1174634513]},{"billed_charge":105.00,"npi":[1053742106,1174634513]},{"billed_charge":135.00,"npi":[1053742106,1174634513]},{"billed_charge":165.00,"npi":[1053742106,1174634513]}]}]},{"tin":{"type":"ein","value":"464130448"},"service_code":["11"],"billing_class":"professional","payments":[{"allowed_amount":0.00,"billing_code_modifier":[""],"providers":[{"billed_charge":15.00,"npi":[1053742106,1174634513]},{"billed_charge":30.00,"npi":[1053742106,1174634513]},{"billed_charge":45.00,"npi":[1053742106,1174634513]},{"billed_charge":60.00,"npi":[1053742106,1174634513]},{"billed_charge":75.00,"npi":[1053742106,1174634513]},{"billed_charge":90.00,"npi":[1053742106,1174634513]},{"billed_charge":105.00,"npi":[1053742106,1174634513]},{"billed_charge":135.00,"npi":[1053742106,1174634513]},{"billed_charge":165.00,"npi":[1053742106,1174634513]}]},{"allowed_amount":0.00,"billing_code_modifier":[""],"providers":[{"billed_charge":15.00,"npi":[1053742106,1174634513]},{"billed_charge":30.00,"npi":[1053742106,1174634513]},{"billed_charge":45.00,"npi":[1053742106,1174634513]},{"billed_charge":60.00,"npi":[1053742106,1174634513]},{"billed_charge":75.00,"npi":[1053742106,1174634513]},{"billed_charge":90.00,"npi":[1053742106,1174634513]},{"billed_charge":105.00,"npi":[1053742106,1174634513]},{"billed_charge":135.00,"npi":[1053742106,1174634513]},{"billed_charge":165.00,"npi":[1053742106,1174634513]}]},{"allowed_amount":0.00,"billing_code_modifier":[""],"providers":[{"billed_charge":15.00,"npi":[1053742106,1174634513]},{"billed_charge":30.00,"npi":[1053742106,1174634513]},{"billed_charge":45.00,"npi":[1053742106,1174634513]},{"billed_charge":60.00,"npi":[1053742106,1174634513]},{"billed_charge":75.00,"npi":[1053742106,1174634513]},{"billed_charge":90.00,"npi":[1053742106,1174634513]},{"billed_charge":105.00,"npi":[1053742106,1174634513]},{"billed_charge":135.00,"npi":[1053742106,1174634513]},{"billed_charge":165.00,"npi":[1053742106,1174634513]}]},{"allowed_amount":0.00,"billing_code_modifier":[""],"providers":[{"billed_charge":15.00,"npi":[1053742106,1174634513]},{"billed_charge":30.00,"npi":[1053742106,1174634513]},{"billed_charge":45.00,"npi":[1053742106,1174634513]},{"billed_charge":60.00,"npi":[1053742106,1174634513]},{"billed_charge":75.00,"npi":[1053742106,1174634513]},{"billed_charge":90.00,"npi":[1053742106,1174634513]},{"billed_charge":105.00,"npi":[1053742106,1174634513]},{"billed_charge":135.00,"npi":[1053742106,1174634513]},{"billed_charge":165.00,"npi":[1053742106,1174634513]}]},{"allowed_amount":0.00,"billing_code_modifier":[""],"providers":[{"billed_charge":15.00,"npi":[1053742106,1174634513]},{"billed_charge":30.00,"npi":[1053742106,1174634513]},{"billed_charge":45.00,"npi":[1053742106,1174634513]},{"billed_charge":60.00,"npi":[1053742106,1174634513]},{"billed_charge":75.00,"npi":[1053742106,1174634513]},{"billed_charge":90.00,"npi":[1053742106,1174634513]},{"billed_charge":105.00,"npi":[1053742106,1174634513]},{"billed_charge":135.00,"npi":[1053742106,1174634513]},{"billed_charge":165.00,"npi":[1053742106,1174634513]}]},{"allowed_amount":0.00,"billing_code_modifier":[""],"providers":[{"billed_charge":15.00,"npi":[1053742106,1174634513]},{"billed_charge":30.00,"npi":[1053742106,1174634513]},{"billed_charge":45.00,"npi":[1053742106,1174634513]},{"billed_charge":60.00,"npi":[1053742106,1174634513]},{"billed_charge":75.00,"npi":[1053742106,1174634513]},{"billed_charge":90.00,"npi":[1053742106,1174634513]},{"billed_charge":105.00,"npi":[1053742106,1174634513]},{"billed_charge":135.00,"npi":[1053742106,1174634513]},{"billed_charge":165.00,"npi":[1053742106,1174634513]}]},{"allowed_amount":0.00,"billing_code_modifier":[""],"providers":[{"billed_charge":15.00,"npi":[1053742106,1174634513]},{"billed_charge":30.00,"npi":[1053742106,1174634513]},{"billed_charge":45.00,"npi":[1053742106,1174634513]},{"billed_charge":60.00,"npi":[1053742106,1174634513]},{"billed_charge":75.00,"npi":[1053742106,1174634513]},{"billed_charge":90.00,"npi":[1053742106,1174634513]},{"billed_charge":105.00,"npi":[1053742106,1174634513]},{"billed_charge":135.00,"npi":[1053742106,1174634513]},{"billed_charge":165.00,"npi":[1053742106,1174634513]}]},{"allowed_amount":0.00,"billing_code_modifier":[""],"providers":[{"billed_charge":15.00,"npi":[1053742106,1174634513]},{"billed_charge":30.00,"npi":[1053742106,1174634513]},{"billed_charge":45.00,"npi":[1053742106,1174634513]},{"billed_charge":60.00,"npi":[1053742106,1174634513]},{"billed_charge":75.00,"npi":[1053742106,1174634513]},{"billed_charge":90.00,"npi":[1053742106,1174634513]},{"billed_charge":105.00,"npi":[1053742106,1174634513]},{"billed_charge":135.00,"npi":[1053742106,1174634513]},{"billed_charge":165.00,"npi":[1053742106,1174634513]}]},{"allowed_amount":0.00,"billing_code_modifier":[""],"providers":[{"billed_charge":15.00,"npi":[1053742106,1174634513]},{"billed_charge":30.00,"npi":[1053742106,1174634513]},{"billed_charge":45.00,"npi":[1053742106,1174634513]},{"billed_charge":60.00,"npi":[1053742106,1174634513]},{"billed_charge":75.00,"npi":[1053742106,1174634513]},{"billed_charge":90.00,"npi":[1053742106,1174634513]},{"billed_charge":105.00,"npi":[1053742106,1174634513]},{"billed_charge":135.00,"npi":[1053742106,1174634513]},{"billed_charge":165.00,"npi":[1053742106,1174634513]}]}]},{"tin":{"type":"ein","value":"464130448"},"service_code":["11"],"billing_class":"professional","payments":[{"allowed_amount":10.81,"billing_code_modifier":[""],"providers":[{"billed_charge":30.00,"npi":[1053742106,1174634513]}]}]}]},{"name":"GROUP PSYCHOTHERAPY","billing_code_type":"CPT","billing_code_type_version":"2020","billing_code":"90853","description":"GROUP PSYCHOTHERAPY","allowed_amounts":[{"tin":{"type":"ein","value":"200617525"},"service_code":["11"],"billing_class":"professional","payments":[{"allowed_amount":15.89,"billing_code_modifier":[""],"providers":[{"billed_charge":600.00,"npi":[1437438900,1932622321,1962686105]}]}]}]},{"name":"OFFICE\/OUTPATIENT ESTABLISHED LOW MDM 20 MIN","billing_code_type":"CPT","billing_code_type_version":"2020","billing_code":"99213","description":"OFFICE\/OUTPATIENT ESTABLISHED LOW MDM 20 MIN","allowed_amounts":[{"tin":{"type":"ein","value":"201471031"},"service_code":["11"],"billing_class":"professional","payments":[{"allowed_amount":64.57,"billing_code_modifier":[""],"providers":[{"billed_charge":110.00,"npi":[1528059300,1700881448]}]}]},{"tin":{"type":"ein","value":"454465270"},"service_code":["11"],"billing_class":"professional","payments":[{"allowed_amount":64.57,"billing_code_modifier":[""],"providers":[{"billed_charge":354.00,"npi":[1427322635,1558432021,1982342325]}]}]},{"tin":{"type":"ein","value":"464130448"},"service_code":["11"],"billing_class":"professional","payments":[{"allowed_amount":64.57,"billing_code_modifier":[""],"providers":[{"billed_charge":175.00,"npi":[1053742106,1174634513]}]}]},{"tin":{"type":"ein","value":"680478163"},"service_code":["11"],"billing_class":"professional","payments":[{"allowed_amount":64.57,"billing_code_modifier":[""],"providers":[{"billed_charge":120.00,"npi":[1235111006,1730107400]}]}]},{"tin":{"type":"ein","value":"731630244"},"service_code":["11"],"billing_class":"professional","payments":[{"allowed_amount":64.57,"billing_code_modifier":[""],"providers":[{"billed_charge":95.00,"npi":[1013970342,1184813339]}]}]},{"tin":{"type":"ein","value":"942728480"},"service_code":["11"],"billing_class":"professional","payments":[{"allowed_amount":64.57,"billing_code_modifier":[""],"providers":[{"billed_charge":205.00,"npi":[1154409837,1548343510]}]}]},{"tin":{"type":"ein","value":"942994776"},"service_code":["11"],"billing_class":"professional","payments":[{"allowed_amount":64.57,"billing_code_modifier":[""],"providers":[{"billed_charge":154.00,"npi":[1013933167,1992364939]}]}]}]},{"name":"OFFICE\/OUTPATIENT ESTABLISHED MOD MDM 30 MIN","billing_code_type":"CPT","billing_code_type_version":"2020","billing_code":"99214","description":"OFFICE\/OUTPATIENT ESTABLISHED MOD MDM 30 MIN","allowed_amounts":[{"tin":{"type":"ein","value":"464130448"},"service_code":["11"],"billing_class":"professional","payments":[{"allowed_amount":86.04,"billing_code_modifier":[""],"providers":[{"billed_charge":225.00,"npi":[1053742106,1174634513]}]}]},{"tin":{"type":"ein","value":"680357690"},"service_code":["11"],"billing_class":"professional","payments":[{"allowed_amount":86.04,"billing_code_modifier":[""],"providers":[{"billed_charge":280.00,"npi":[1326544586,1598451627]}]}]},{"tin":{"type":"ein","value":"680430396"},"service_code":["11"],"billing_class":"professional","payments":[{"allowed_amount":86.04,"billing_code_modifier":[""],"providers":[{"billed_charge":136.00,"npi":[1558466680,1669501664]}]}]},{"tin":{"type":"ein","value":"680478163"},"service_code":["11"],"billing_class":"professional","payments":[{"allowed_amount":86.04,"billing_code_modifier":[""],"providers":[{"billed_charge":170.00,"npi":[1235111006,1477584001]}]}]},{"tin":{"type":"ein","value":"824939727"},"service_code":["10"],"billing_class":"professional","payments":[{"allowed_amount":86.04,"billing_code_modifier":[""],"providers":[{"billed_charge":139.00,"npi":[1013237619]}]}]},{"tin":{"type":"ein","value":"921102415"},"service_code":["11"],"billing_class":"professional","payments":[{"allowed_amount":86.04,"billing_code_modifier":[""],"providers":[{"billed_charge":165.00,"npi":[1316657729,1538237235,1962903427]}]}]},{"tin":{"type":"ein","value":"946000506"},"service_code":["02"],"billing_class":"professional","payments":[{"allowed_amount":86.04,"billing_code_modifier":[""],"providers":[{"billed_charge":829.30,"npi":[1215296041,1386704393,1982109740]}]}]},{"tin":{"type":"ein","value":"946000542"},"service_code":["11"],"billing_class":"professional","payments":[{"allowed_amount":86.04,"billing_code_modifier":[""],"providers":[{"billed_charge":576.42,"npi":[1215320486,1639397417]}]}]}]},{"name":"OFFICE\/OUTPATIENT NEW LOW MDM 30 MINUTES","billing_code_type":"CPT","billing_code_type_version":"2020","billing_code":"99203","description":"OFFICE\/OUTPATIENT NEW LOW MDM 30 MINUTES","allowed_amounts":[{"tin":{"type":"ein","value":"464130448"},"service_code":["11"],"billing_class":"professional","payments":[{"allowed_amount":92.60,"billing_code_modifier":[""],"providers":[{"billed_charge":180.00,"npi":[1053742106,1174634513]}]}]},{"tin":{"type":"ein","value":"680357690"},"service_code":["11"],"billing_class":"professional","payments":[{"allowed_amount":92.60,"billing_code_modifier":[""],"providers":[{"billed_charge":244.00,"npi":[1598806390,1740368463,1891450987]}]}]},{"tin":{"type":"ein","value":"812481179"},"service_code":["10"],"billing_class":"professional","payments":[{"allowed_amount":92.60,"billing_code_modifier":[""],"providers":[{"billed_charge":167.00,"npi":[1548309651]}]}]},{"tin":{"type":"ein","value":"921102415"},"service_code":["11"],"billing_class":"professional","payments":[{"allowed_amount":92.60,"billing_code_modifier":[""],"providers":[{"billed_charge":180.00,"npi":[1316657729,1538237235,1962903427]}]}]}]},{"name":"PSYCHIATRIC DIAGNOSTIC EVALUATION","billing_code_type":"CPT","billing_code_type_version":"2020","billing_code":"90791","description":"PSYCHIATRIC DIAGNOSTIC EVALUATION","allowed_amounts":[{"tin":{"type":"ein","value":"371947960"},"service_code":["11"],"billing_class":"professional","payments":[{"allowed_amount":102.00,"billing_code_modifier":[""],"providers":[{"billed_charge":120.00,"npi":[1790849511]}]}]},{"tin":{"type":"ein","value":"554453945"},"service_code":["11"],"billing_class":"professional","payments":[{"allowed_amount":102.00,"billing_code_modifier":[""],"providers":[{"billed_charge":160.00,"npi":[1497779524]}]}]},{"tin":{"type":"ein","value":"558559780"},"service_code":["11"],"billing_class":"professional","payments":[{"allowed_amount":102.00,"billing_code_modifier":[""],"providers":[{"billed_charge":200.00,"npi":[1174612667]}]}]},{"tin":{"type":"ein","value":"843864602"},"service_code":["02","10","11"],"billing_class":"professional","payments":[{"allowed_amount":102.00,"billing_code_modifier":[""],"providers":[{"billed_charge":195.00,"npi":[1437624921,1598314478,1861535981,1912221458,1932641214,1992984561]},{"billed_charge":185.00,"npi":[1437624921,1992984561]}]},{"allowed_amount":102.00,"billing_code_modifier":[""],"providers":[{"billed_charge":195.00,"npi":[1437624921,1598314478,1861535981,1912221458,1932641214,1992984561]},{"billed_charge":185.00,"npi":[1437624921,1992984561]}]}]},{"tin":{"type":"ein","value":"843864602"},"service_code":["11"],"billing_class":"professional","payments":[{"allowed_amount":102.00,"billing_code_modifier":[""],"providers":[{"billed_charge":195.00,"npi":[1437624921,1598314478,1861535981,1912221458,1932641214,1992984561]},{"billed_charge":185.00,"npi":[1437624921,1992984561]}]},{"allowed_amount":102.00,"billing_code_modifier":[""],"providers":[{"billed_charge":195.00,"npi":[1437624921,1598314478,1861535981,1912221458,1932641214,1992984561]},{"billed_charge":185.00,"npi":[1437624921,1992984561]}]}]},{"tin":{"type":"ein","value":"844375916"},"service_code":["11"],"billing_class":"professional","payments":[{"allowed_amount":102.00,"billing_code_modifier":[""],"providers":[{"billed_charge":160.00,"npi":[1306362397]}]}]},{"tin":{"type":"ein","value":"871814484"},"service_code":["11"],"billing_class":"professional","payments":[{"allowed_amount":102.00,"billing_code_modifier":[""],"providers":[{"billed_charge":150.00,"npi":[1184256869]}]}]},{"tin":{"type":"ein","value":"872764959"},"service_code":["11"],"billing_class":"professional","payments":[{"allowed_amount":102.00,"billing_code_modifier":[""],"providers":[{"billed_charge":150.00,"npi":[1043776966]}]}]},{"tin":{"type":"ein","value":"882834536"},"service_code":["11"],"billing_class":"professional","payments":[{"allowed_amount":102.00,"billing_code_modifier":[""],"providers":[{"billed_charge":165.00,"npi":[1144419482,1376274639]}]}]},{"tin":{"type":"ein","value":"883817813"},"service_code":["11"],"billing_class":"professional","payments":[{"allowed_amount":102.00,"billing_code_modifier":[""],"providers":[{"billed_charge":120.00,"npi":[1518307842]}]}]}]},{"name":"PSYCHIATRIC\/PSYCHOLOGICAL SVCS: GROUP THERAPY","billing_code_type":"RC","billing_code_type_version":"UB04","billing_code":"0915","description":"PSYCHIATRIC\/PSYCHOLOGICAL SVCS: GROUP THERAPY","allowed_amounts":[{"tin":{"type":"ein","value":"874425380"},"service_code":["99"],"billing_class":"institutional","payments":[{"allowed_amount":540.00,"billing_code_modifier":[""],"providers":[{"billed_charge":1995.00,"npi":[1023065570,1861144347]}]}]}]},{"name":"PSYCHIATRIC\/PSYCHOLOGICAL TRT: INTENSIVE OUTPATIEN","billing_code_type":"RC","billing_code_type_version":"UB04","billing_code":"0905","description":"PSYCHIATRIC\/PSYCHOLOGICAL TRT: INTENSIVE OUTPATIEN","allowed_amounts":[{"tin":{"type":"ein","value":"830599870"},"service_code":["99"],"billing_class":"institutional","payments":[{"allowed_amount":350.00,"billing_code_modifier":[""],"providers":[{"billed_charge":1000.00,"npi":[1154815033,1962611947]}]}]}]},{"name":"PSYCHOTHERAPY W\/PATIENT 30 MINUTES","billing_code_type":"CPT","billing_code_type_version":"2020","billing_code":"90832","description":"PSYCHOTHERAPY W\/PATIENT 30 MINUTES","allowed_amounts":[{"tin":{"type":"ein","value":"815379241"},"service_code":["02"],"billing_class":"professional","payments":[{"allowed_amount":42.00,"billing_code_modifier":[""],"providers":[{"billed_charge":125.00,"npi":[1760808323]}]}]},{"tin":{"type":"ein","value":"842260557"},"service_code":["10"],"billing_class":"professional","payments":[{"allowed_amount":42.00,"billing_code_modifier":[""],"providers":[{"billed_charge":75.00,"npi":[1639443955]}]}]},{"tin":{"type":"ein","value":"853347681"},"service_code":["11"],"billing_class":"professional","payments":[{"allowed_amount":42.00,"billing_code_modifier":[""],"providers":[{"billed_charge":75.00,"npi":[1043701980]}]}]},{"tin":{"type":"ein","value":"871775986"},"service_code":["10"],"billing_class":"professional","payments":[{"allowed_amount":42.00,"billing_code_modifier":[""],"providers":[{"billed_charge":80.46,"npi":[1164808770,1386306876]}]}]}]},{"name":"PSYCHOTHERAPY W\/PATIENT 45 MINUTES","billing_code_type":"CPT","billing_code_type_version":"2020","billing_code":"90834","description":"PSYCHOTHERAPY W\/PATIENT 45 MINUTES","allowed_amounts":[{"tin":{"type":"ein","value":"273809744"},"service_code":["11"],"billing_class":"professional","payments":[{"allowed_amount":60.60,"billing_code_modifier":[""],"providers":[{"billed_charge":135.00,"npi":[1164722674]}]}]},{"tin":{"type":"ein","value":"365462299"},"service_code":["11"],"billing_class":"professional","payments":[{"allowed_amount":80.80,"billing_code_modifier":[""],"providers":[{"billed_charge":140.00,"npi":[1376670471]}]}]},{"tin":{"type":"ein","value":"546085962"},"service_code":["11"],"billing_class":"professional","payments":[{"allowed_amount":60.60,"billing_code_modifier":[""],"providers":[{"billed_charge":150.00,"npi":[1407996077]}]}]},{"tin":{"type":"ein","value":"548333673"},"service_code":["11"],"billing_class":"professional","payments":[{"allowed_amount":60.60,"billing_code_modifier":[""],"providers":[{"billed_charge":150.00,"npi":[1386018026]}]}]},{"tin":{"type":"ein","value":"558864839"},"service_code":["11"],"billing_class":"professional","payments":[{"allowed_amount":60.60,"billing_code_modifier":[""],"providers":[{"billed_charge":85.00,"npi":[1942352133]}]}]},{"tin":{"type":"ein","value":"573665066"},"service_code":["11"],"billing_class":"professional","payments":[{"allowed_amount":60.60,"billing_code_modifier":[""],"providers":[{"billed_charge":150.00,"npi":[1275616559]}]}]},{"tin":{"type":"ein","value":"842260557"},"service_code":["11"],"billing_class":"professional","payments":[{"allowed_amount":60.60,"billing_code_modifier":[""],"providers":[{"billed_charge":112.50,"npi":[1639443955]}]}]},{"tin":{"type":"ein","value":"853546460"},"service_code":["11"],"billing_class":"professional","payments":[{"allowed_amount":80.80,"billing_code_modifier":[""],"providers":[{"billed_charge":155.00,"npi":[1073067633]}]}]},{"tin":{"type":"ein","value":"861269165"},"service_code":["11"],"billing_class":"professional","payments":[{"allowed_amount":60.60,"billing_code_modifier":[""],"providers":[{"billed_charge":160.00,"npi":[1366825663]}]}]},{"tin":{"type":"ein","value":"871026403"},"service_code":["10"],"billing_class":"professional","payments":[{"allowed_amount":60.60,"billing_code_modifier":[""],"providers":[{"billed_charge":150.00,"npi":[1497891634,1558712042,1669049581]}]}]},{"tin":{"type":"ein","value":"872751585"},"service_code":["02"],"billing_class":"professional","payments":[{"allowed_amount":60.60,"billing_code_modifier":[""],"providers":[{"billed_charge":140.00,"npi":[1700330222]}]}]},{"tin":{"type":"ein","value":"923983563"},"service_code":["11"],"billing_class":"professional","payments":[{"allowed_amount":80.80,"billing_code_modifier":[""],"providers":[{"billed_charge":180.00,"npi":[1487120630]}]}]}]},{"name":"PSYCHOTHERAPY W\/PATIENT 60 MINUTES","billing_code_type":"CPT","billing_code_type_version":"2020","billing_code":"90837","description":"PSYCHOTHERAPY W\/PATIENT 60 MINUTES","allowed_amounts":[{"tin":{"type":"ein","value":"050521872"},"service_code":["02"],"billing_class":"professional","payments":[{"allowed_amount":105.60,"billing_code_modifier":[""],"providers":[{"billed_charge":150.00,"npi":[1992856363]}]}]},{"tin":{"type":"ein","value":"113763213"},"service_code":["11"],"billing_class":"professional","payments":[{"allowed_amount":105.60,"billing_code_modifier":[""],"providers":[{"billed_charge":250.00,"npi":[1194801340]}]}]},{"tin":{"type":"ein","value":"205915490"},"service_code":["11"],"billing_class":"professional","payments":[{"allowed_amount":79.20,"billing_code_modifier":[""],"providers":[{"billed_charge":169.00,"npi":[1457411878]}]}]},{"tin":{"type":"ein","value":"228647902"},"service_code":["11"],"billing_class":"professional","payments":[{"allowed_amount":79.20,"billing_code_modifier":[""],"providers":[{"billed_charge":180.00,"npi":[1073051348]}]}]},{"tin":{"type":"ein","value":"236683144"},"service_code":["11"],"billing_class":"professional","payments":[{"allowed_amount":79.20,"billing_code_modifier":[""],"providers":[{"billed_charge":140.00,"npi":[1902026602]}]}]},{"tin":{"type":"ein","value":"262984341"},"service_code":["02","11"],"billing_class":"professional","payments":[{"allowed_amount":79.20,"billing_code_modifier":[""],"providers":[{"billed_charge":110.00,"npi":[1841421518]}]}]},{"tin":{"type":"ein","value":"272446876"},"service_code":["02"],"billing_class":"professional","payments":[{"allowed_amount":79.99,"billing_code_modifier":[""],"providers":[{"billed_charge":275.00,"npi":[1073850681,1558679696]}]}]},{"tin":{"type":"ein","value":"273380441"},"service_code":["11"],"billing_class":"professional","payments":[{"allowed_amount":79.20,"billing_code_modifier":[""],"providers":[{"billed_charge":125.00,"npi":[1265752984]}]}]},{"tin":{"type":"ein","value":"275550457"},"service_code":["11"],"billing_class":"professional","payments":[{"allowed_amount":79.20,"billing_code_modifier":[""],"providers":[{"billed_charge":120.00,"npi":[1770645186]}]}]},{"tin":{"type":"ein","value":"352257955"},"service_code":["11"],"billing_class":"professional","payments":[{"allowed_amount":105.60,"billing_code_modifier":[""],"providers":[{"billed_charge":170.00,"npi":[1609932011]}]}]},{"tin":{"type":"ein","value":"371947960"},"service_code":["11"],"billing_class":"professional","payments":[{"allowed_amount":79.20,"billing_code_modifier":[""],"providers":[{"billed_charge":85.00,"npi":[1790849511]},{"billed_charge":120.00,"npi":[1790849511]}]},{"allowed_amount":79.20,"billing_code_modifier":[""],"providers":[{"billed_charge":85.00,"npi":[1790849511]},{"billed_charge":120.00,"npi":[1790849511]}]}]},{"tin":{"type":"ein","value":"371947960"},"service_code":["11"],"billing_class":"professional","payments":[{"allowed_amount":79.20,"billing_code_modifier":[""],"providers":[{"billed_charge":85.00,"npi":[1790849511]},{"billed_charge":120.00,"npi":[1790849511]}]},{"allowed_amount":79.20,"billing_code_modifier":[""],"providers":[{"billed_charge":85.00,"npi":[1790849511]},{"billed_charge":120.00,"npi":[1790849511]}]}]},{"tin":{"type":"ein","value":"452572636"},"service_code":["11"],"billing_class":"professional","payments":[{"allowed_amount":79.20,"billing_code_modifier":[""],"providers":[{"billed_charge":140.00,"npi":[1598291148,1790449338,1952849622]}]}]},{"tin":{"type":"ein","value":"461091270"},"service_code":["11"],"billing_class":"professional","payments":[{"allowed_amount":79.20,"billing_code_modifier":[""],"providers":[{"billed_charge":145.00,"npi":[1578064507]}]}]},{"tin":{"type":"ein","value":"462090696"},"service_code":["11"],"billing_class":"professional","payments":[{"allowed_amount":105.60,"billing_code_modifier":[""],"providers":[{"billed_charge":140.00,"npi":[1568650109]}]}]},{"tin":{"type":"ein","value":"462737832"},"service_code":["02"],"billing_class":"professional","payments":[{"allowed_amount":79.20,"billing_code_modifier":[""],"providers":[{"billed_charge":120.00,"npi":[1700121597]},{"billed_charge":110.00,"npi":[1700121597]}]},{"allowed_amount":79.20,"billing_code_modifier":[""],"providers":[{"billed_charge":120.00,"npi":[1700121597]},{"billed_charge":110.00,"npi":[1700121597]}]}]},{"tin":{"type":"ein","value":"462737832"},"service_code":["11"],"billing_class":"professional","payments":[{"allowed_amount":79.20,"billing_code_modifier":[""],"providers":[{"billed_charge":120.00,"npi":[1700121597]},{"billed_charge":110.00,"npi":[1700121597]}]},{"allowed_amount":79.20,"billing_code_modifier":[""],"providers":[{"billed_charge":120.00,"npi":[1700121597]},{"billed_charge":110.00,"npi":[1700121597]}]}]},{"tin":{"type":"ein","value":"471037452"},"service_code":["11"],"billing_class":"professional","payments":[{"allowed_amount":79.20,"billing_code_modifier":[""],"providers":[{"billed_charge":130.00,"npi":[1255520284]},{"billed_charge":175.00,"npi":[1255520284]}]},{"allowed_amount":79.20,"billing_code_modifier":[""],"providers":[{"billed_charge":130.00,"npi":[1255520284]},{"billed_charge":175.00,"npi":[1255520284]}]}]},{"tin":{"type":"ein","value":"471037452"},"service_code":["11"],"billing_class":"professional","payments":[{"allowed_amount":79.20,"billing_code_modifier":[""],"providers":[{"billed_charge":130.00,"npi":[1255520284]},{"billed_charge":175.00,"npi":[1255520284]}]},{"allowed_amount":79.20,"billing_code_modifier":[""],"providers":[{"billed_charge":130.00,"npi":[1255520284]},{"billed_charge":175.00,"npi":[1255520284]}]}]},{"tin":{"type":"ein","value":"472817156"},"service_code":["02","11"],"billing_class":"professional","payments":[{"allowed_amount":79.20,"billing_code_modifier":[""],"providers":[{"billed_charge":140.00,"npi":[1366881856]}]}]},{"tin":{"type":"ein","value":"474249784"},"service_code":["11"],"billing_class":"professional","payments":[{"allowed_amount":79.20,"billing_code_modifier":[""],"providers":[{"billed_charge":140.00,"npi":[1801234703]}]}]},{"tin":{"type":"ein","value":"522233574"},"service_code":["11"],"billing_class":"professional","payments":[{"allowed_amount":79.20,"billing_code_modifier":[""],"providers":[{"billed_charge":175.00,"npi":[1558565556]}]}]},{"tin":{"type":"ein","value":"546290720"},"service_code":["11"],"billing_class":"professional","payments":[{"allowed_amount":79.20,"billing_code_modifier":[""],"providers":[{"billed_charge":155.00,"npi":[1790924033]}]}]},{"tin":{"type":"ein","value":"546632884"},"service_code":["02"],"billing_class":"professional","payments":[{"allowed_amount":79.20,"billing_code_modifier":[""],"providers":[{"billed_charge":125.00,"npi":[1316337017]}]}]},{"tin":{"type":"ein","value":"546085962"},"service_code":["02","11"],"billing_class":"professional","payments":[{"allowed_amount":79.20,"billing_code_modifier":[""],"providers":[{"billed_charge":150.00,"npi":[1407996077]}]}]},{"tin":{"type":"ein","value":"551946993"},"service_code":["11"],"billing_class":"professional","payments":[{"allowed_amount":79.20,"billing_code_modifier":[""],"providers":[{"billed_charge":130.00,"npi":[1760604367]}]}]},{"tin":{"type":"ein","value":"556705515"},"service_code":["11"],"billing_class":"professional","payments":[{"allowed_amount":79.20,"billing_code_modifier":[""],"providers":[{"billed_charge":130.00,"npi":[1700922556]}]}]},{"tin":{"type":"ein","value":"551352254"},"service_code":["11"],"billing_class":"professional","payments":[{"allowed_amount":79.20,"billing_code_modifier":[""],"providers":[{"billed_charge":110.00,"npi":[1770644122]}]}]},{"tin":{"type":"ein","value":"552110619"},"service_code":["11"],"billing_class":"professional","payments":[{"allowed_amount":79.20,"billing_code_modifier":[""],"providers":[{"billed_charge":140.00,"npi":[1518029800]}]}]},{"tin":{"type":"ein","value":"554453945"},"service_code":["11"],"billing_class":"professional","payments":[{"allowed_amount":79.20,"billing_code_modifier":[""],"providers":[{"billed_charge":160.00,"npi":[1497779524]}]}]},{"tin":{"type":"ein","value":"555783423"},"service_code":["10"],"billing_class":"professional","payments":[{"allowed_amount":79.20,"billing_code_modifier":[""],"providers":[{"billed_charge":120.00,"npi":[1548374630]}]}]},{"tin":{"type":"ein","value":"558864839"},"service_code":["11"],"billing_class":"professional","payments":[{"allowed_amount":79.20,"billing_code_modifier":[""],"providers":[{"billed_charge":125.00,"npi":[1942352133]}]}]},{"tin":{"type":"ein","value":"568233959"},"service_code":["11"],"billing_class":"professional","payments":[{"allowed_amount":79.20,"billing_code_modifier":[""],"providers":[{"billed_charge":130.00,"npi":[1568675973]}]}]},{"tin":{"type":"ein","value":"573472434"},"service_code":["10"],"billing_class":"professional","payments":[{"allowed_amount":79.20,"billing_code_modifier":[""],"providers":[{"billed_charge":120.00,"npi":[1770834822]}]}]},{"tin":{"type":"ein","value":"611843778"},"service_code":["10","11"],"billing_class":"professional","payments":[{"allowed_amount":79.20,"billing_code_modifier":[""],"providers":[{"billed_charge":175.00,"npi":[1417346297,1952837247]}]}]},{"tin":{"type":"ein","value":"610031005"},"service_code":["10"],"billing_class":"professional","payments":[{"allowed_amount":79.20,"billing_code_modifier":[""],"providers":[{"billed_charge":150.00,"npi":[1073773966]}]}]},{"tin":{"type":"ein","value":"611038135"},"service_code":["11"],"billing_class":"professional","payments":[{"allowed_amount":79.20,"billing_code_modifier":[""],"providers":[{"billed_charge":280.00,"npi":[1881959690]}]}]},{"tin":{"type":"ein","value":"811192469"},"service_code":["02","11"],"billing_class":"professional","payments":[{"allowed_amount":79.20,"billing_code_modifier":[""],"providers":[{"billed_charge":150.00,"npi":[1871778506]}]}]},{"tin":{"type":"ein","value":"815379241"},"service_code":["02"],"billing_class":"professional","payments":[{"allowed_amount":79.20,"billing_code_modifier":[""],"providers":[{"billed_charge":250.00,"npi":[1760808323]}]}]},{"tin":{"type":"ein","value":"821014256"},"service_code":["11"],"billing_class":"professional","payments":[{"allowed_amount":79.20,"billing_code_modifier":[""],"providers":[{"billed_charge":160.00,"npi":[1992025993]}]}]},{"tin":{"type":"ein","value":"822419635"},"service_code":["11"],"billing_class":"professional","payments":[{"allowed_amount":79.20,"billing_code_modifier":[""],"providers":[{"billed_charge":135.00,"npi":[1417023961]}]}]},{"tin":{"type":"ein","value":"822889496"},"service_code":["11"],"billing_class":"professional","payments":[{"allowed_amount":79.20,"billing_code_modifier":[""],"providers":[{"billed_charge":125.00,"npi":[1730418971]}]}]},{"tin":{"type":"ein","value":"824485935"},"service_code":["10","11"],"billing_class":"professional","payments":[{"allowed_amount":79.20,"billing_code_modifier":[""],"providers":[{"billed_charge":160.00,"npi":[1528384369]},{"billed_charge":150.00,"npi":[1528384369]}]},{"allowed_amount":79.20,"billing_code_modifier":[""],"providers":[{"billed_charge":160.00,"npi":[1528384369]},{"billed_charge":150.00,"npi":[1528384369]}]}]},{"tin":{"type":"ein","value":"824485935"},"service_code":["11"],"billing_class":"professional","payments":[{"allowed_amount":79.20,"billing_code_modifier":[""],"providers":[{"billed_charge":160.00,"npi":[1528384369]},{"billed_charge":150.00,"npi":[1528384369]}]},{"allowed_amount":79.20,"billing_code_modifier":[""],"providers":[{"billed_charge":160.00,"npi":[1528384369]},{"billed_charge":150.00,"npi":[1528384369]}]}]},{"tin":{"type":"ein","value":"825481200"},"service_code":["02","10","11"],"billing_class":"professional","payments":[{"allowed_amount":105.60,"billing_code_modifier":[""],"providers":[{"billed_charge":150.00,"npi":[1316307747,1700986908]}]}]},{"tin":{"type":"ein","value":"825481200"},"service_code":["02","11","12"],"billing_class":"professional","payments":[{"allowed_amount":79.20,"billing_code_modifier":[""],"providers":[{"billed_charge":150.00,"npi":[1275980609,1316307747]}]}]},{"tin":{"type":"ein","value":"831089169"},"service_code":["11"],"billing_class":"professional","payments":[{"allowed_amount":79.20,"billing_code_modifier":[""],"providers":[{"billed_charge":150.00,"npi":[1639445059]}]}]},{"tin":{"type":"ein","value":"831523138"},"service_code":["11"],"billing_class":"professional","payments":[{"allowed_amount":79.20,"billing_code_modifier":[""],"providers":[{"billed_charge":120.00,"npi":[1215346309]}]}]},{"tin":{"type":"ein","value":"832106083"},"service_code":["11"],"billing_class":"professional","payments":[{"allowed_amount":79.20,"billing_code_modifier":[""],"providers":[{"billed_charge":150.00,"npi":[1184067720]}]}]},{"tin":{"type":"ein","value":"832250518"},"service_code":["02"],"billing_class":"professional","payments":[{"allowed_amount":79.20,"billing_code_modifier":[""],"providers":[{"billed_charge":130.00,"npi":[1952804205]}]}]},{"tin":{"type":"ein","value":"833514350"},"service_code":["11"],"billing_class":"professional","payments":[{"allowed_amount":132.00,"billing_code_modifier":[""],"providers":[{"billed_charge":140.00,"npi":[1255587788]},{"billed_charge":150.00,"npi":[1255587788,1417414285]}]},{"allowed_amount":132.00,"billing_code_modifier":[""],"providers":[{"billed_charge":140.00,"npi":[1255587788]},{"billed_charge":150.00,"npi":[1255587788,1417414285]}]}]},{"tin":{"type":"ein","value":"833514350"},"service_code":["11"],"billing_class":"professional","payments":[{"allowed_amount":132.00,"billing_code_modifier":[""],"providers":[{"billed_charge":140.00,"npi":[1255587788]},{"billed_charge":150.00,"npi":[1255587788,1417414285]}]},{"allowed_amount":132.00,"billing_code_modifier":[""],"providers":[{"billed_charge":140.00,"npi":[1255587788]},{"billed_charge":150.00,"npi":[1255587788,1417414285]}]}]},{"tin":{"type":"ein","value":"841994517"},"service_code":["02","10"],"billing_class":"professional","payments":[{"allowed_amount":79.20,"billing_code_modifier":[""],"providers":[{"billed_charge":175.00,"npi":[1023676079]}]}]},{"tin":{"type":"ein","value":"842260557"},"service_code":["11"],"billing_class":"professional","payments":[{"allowed_amount":79.20,"billing_code_modifier":[""],"providers":[{"billed_charge":150.00,"npi":[1639443955]}]}]},{"tin":{"type":"ein","value":"843169848"},"service_code":["02","11"],"billing_class":"professional","payments":[{"allowed_amount":79.20,"billing_code_modifier":[""],"providers":[{"billed_charge":120.00,"npi":[1063579613,1952655631]}]}]},{"tin":{"type":"ein","value":"843864602"},"service_code":["10","11"],"billing_class":"professional","payments":[{"allowed_amount":79.20,"billing_code_modifier":[""],"providers":[{"billed_charge":165.00,"npi":[1437624921,1912221458,1932641214,1992984561]},{"billed_charge":175.00,"npi":[1437624921,1598314478,1861535981,1912221458,1932641214,1992984561]}]},{"allowed_amount":79.20,"billing_code_modifier":[""],"providers":[{"billed_charge":165.00,"npi":[1437624921,1912221458,1932641214,1992984561]},{"billed_charge":175.00,"npi":[1437624921,1598314478,1861535981,1912221458,1932641214,1992984561]}]}]},{"tin":{"type":"ein","value":"843864602"},"service_code":["10","11"],"billing_class":"professional","payments":[{"allowed_amount":79.20,"billing_code_modifier":[""],"providers":[{"billed_charge":165.00,"npi":[1437624921,1912221458,1932641214,1992984561]},{"billed_charge":175.00,"npi":[1437624921,1598314478,1861535981,1912221458,1932641214,1992984561]}]},{"allowed_amount":79.20,"billing_code_modifier":[""],"providers":[{"billed_charge":165.00,"npi":[1437624921,1912221458,1932641214,1992984561]},{"billed_charge":175.00,"npi":[1437624921,1598314478,1861535981,1912221458,1932641214,1992984561]}]}]},{"tin":{"type":"ein","value":"844375916"},"service_code":["11"],"billing_class":"professional","payments":[{"allowed_amount":79.20,"billing_code_modifier":[""],"providers":[{"billed_charge":150.00,"npi":[1306362397]}]}]},{"tin":{"type":"ein","value":"851246373"},"service_code":["02","11"],"billing_class":"professional","payments":[{"allowed_amount":79.20,"billing_code_modifier":[""],"providers":[{"billed_charge":140.00,"npi":[1487926275]}]}]},{"tin":{"type":"ein","value":"851662894"},"service_code":["11"],"billing_class":"professional","payments":[{"allowed_amount":79.20,"billing_code_modifier":[""],"providers":[{"billed_charge":150.00,"npi":[1053796722]}]}]},{"tin":{"type":"ein","value":"851938916"},"service_code":["11"],"billing_class":"professional","payments":[{"allowed_amount":79.20,"billing_code_modifier":[""],"providers":[{"billed_charge":140.00,"npi":[1972013100]}]}]},{"tin":{"type":"ein","value":"861269165"},"service_code":["11"],"billing_class":"professional","payments":[{"allowed_amount":79.20,"billing_code_modifier":[""],"providers":[{"billed_charge":190.00,"npi":[1366825663]}]}]},{"tin":{"type":"ein","value":"861712117"},"service_code":["10"],"billing_class":"professional","payments":[{"allowed_amount":79.20,"billing_code_modifier":[""],"providers":[{"billed_charge":160.00,"npi":[1124493861]}]}]},{"tin":{"type":"ein","value":"871026403"},"service_code":["10"],"billing_class":"professional","payments":[{"allowed_amount":79.20,"billing_code_modifier":[""],"providers":[{"billed_charge":150.00,"npi":[1497891634,1558712042,1669049581]}]}]},{"tin":{"type":"ein","value":"871814484"},"service_code":["11"],"billing_class":"professional","payments":[{"allowed_amount":79.20,"billing_code_modifier":[""],"providers":[{"billed_charge":140.00,"npi":[1184256869]}]}]},{"tin":{"type":"ein","value":"872764959"},"service_code":["11"],"billing_class":"professional","payments":[{"allowed_amount":79.20,"billing_code_modifier":[""],"providers":[{"billed_charge":130.00,"npi":[1043776966]},{"billed_charge":150.00,"npi":[1043776966]}]},{"allowed_amount":79.20,"billing_code_modifier":[""],"providers":[{"billed_charge":130.00,"npi":[1043776966]},{"billed_charge":150.00,"npi":[1043776966]}]}]},{"tin":{"type":"ein","value":"872764959"},"service_code":["11"],"billing_class":"professional","payments":[{"allowed_amount":79.20,"billing_code_modifier":[""],"providers":[{"billed_charge":130.00,"npi":[1043776966]},{"billed_charge":150.00,"npi":[1043776966]}]},{"allowed_amount":79.20,"billing_code_modifier":[""],"providers":[{"billed_charge":130.00,"npi":[1043776966]},{"billed_charge":150.00,"npi":[1043776966]}]}]},{"tin":{"type":"ein","value":"873691870"},"service_code":["02","11"],"billing_class":"professional","payments":[{"allowed_amount":79.20,"billing_code_modifier":[""],"providers":[{"billed_charge":130.00,"npi":[1417488107]}]}]},{"tin":{"type":"ein","value":"882680252"},"service_code":["11"],"billing_class":"professional","payments":[{"allowed_amount":79.20,"billing_code_modifier":[""],"providers":[{"billed_charge":120.00,"npi":[1558407783]}]}]},{"tin":{"type":"ein","value":"882834536"},"service_code":["02","11"],"billing_class":"professional","payments":[{"allowed_amount":79.20,"billing_code_modifier":[""],"providers":[{"billed_charge":110.00,"npi":[1376274639,1609166750]},{"billed_charge":135.00,"npi":[1376274639,1609166750]},{"billed_charge":145.00,"npi":[1164464442,1376274639]},{"billed_charge":160.00,"npi":[1033411020,1376274639]},{"billed_charge":165.00,"npi":[1144419482,1164464442,1376274639]}]},{"allowed_amount":79.20,"billing_code_modifier":[""],"providers":[{"billed_charge":110.00,"npi":[1376274639,1609166750]},{"billed_charge":135.00,"npi":[1376274639,1609166750]},{"billed_charge":145.00,"npi":[1164464442,1376274639]},{"billed_charge":160.00,"npi":[1033411020,1376274639]},{"billed_charge":165.00,"npi":[1144419482,1164464442,1376274639]}]},{"allowed_amount":79.20,"billing_code_modifier":[""],"providers":[{"billed_charge":110.00,"npi":[1376274639,1609166750]},{"billed_charge":135.00,"npi":[1376274639,1609166750]},{"billed_charge":145.00,"npi":[1164464442,1376274639]},{"billed_charge":160.00,"npi":[1033411020,1376274639]},{"billed_charge":165.00,"npi":[1144419482,1164464442,1376274639]}]},{"allowed_amount":79.20,"billing_code_modifier":[""],"providers":[{"billed_charge":110.00,"npi":[1376274639,1609166750]},{"billed_charge":135.00,"npi":[1376274639,1609166750]},{"billed_charge":145.00,"npi":[1164464442,1376274639]},{"billed_charge":160.00,"npi":[1033411020,1376274639]},{"billed_charge":165.00,"npi":[1144419482,1164464442,1376274639]}]},{"allowed_amount":79.20,"billing_code_modifier":[""],"providers":[{"billed_charge":110.00,"npi":[1376274639,1609166750]},{"billed_charge":135.00,"npi":[1376274639,1609166750]},{"billed_charge":145.00,"npi":[1164464442,1376274639]},{"billed_charge":160.00,"npi":[1033411020,1376274639]},{"billed_charge":165.00,"npi":[1144419482,1164464442,1376274639]}]}]},{"tin":{"type":"ein","value":"882834536"},"service_code":["11"],"billing_class":"professional","payments":[{"allowed_amount":79.20,"billing_code_modifier":[""],"providers":[{"billed_charge":110.00,"npi":[1376274639,1609166750]},{"billed_charge":135.00,"npi":[1376274639,1609166750]},{"billed_charge":145.00,"npi":[1164464442,1376274639]},{"billed_charge":160.00,"npi":[1033411020,1376274639]},{"billed_charge":165.00,"npi":[1144419482,1164464442,1376274639]}]},{"allowed_amount":79.20,"billing_code_modifier":[""],"providers":[{"billed_charge":110.00,"npi":[1376274639,1609166750]},{"billed_charge":135.00,"npi":[1376274639,1609166750]},{"billed_charge":145.00,"npi":[1164464442,1376274639]},{"billed_charge":160.00,"npi":[1033411020,1376274639]},{"billed_charge":165.00,"npi":[1144419482,1164464442,1376274639]}]},{"allowed_amount":79.20,"billing_code_modifier":[""],"providers":[{"billed_charge":110.00,"npi":[1376274639,1609166750]},{"billed_charge":135.00,"npi":[1376274639,1609166750]},{"billed_charge":145.00,"npi":[1164464442,1376274639]},{"billed_charge":160.00,"npi":[1033411020,1376274639]},{"billed_charge":165.00,"npi":[1144419482,1164464442,1376274639]}]},{"allowed_amount":79.20,"billing_code_modifier":[""],"providers":[{"billed_charge":110.00,"npi":[1376274639,1609166750]},{"billed_charge":135.00,"npi":[1376274639,1609166750]},{"billed_charge":145.00,"npi":[1164464442,1376274639]},{"billed_charge":160.00,"npi":[1033411020,1376274639]},{"billed_charge":165.00,"npi":[1144419482,1164464442,1376274639]}]},{"allowed_amount":79.20,"billing_code_modifier":[""],"providers":[{"billed_charge":110.00,"npi":[1376274639,1609166750]},{"billed_charge":135.00,"npi":[1376274639,1609166750]},{"billed_charge":145.00,"npi":[1164464442,1376274639]},{"billed_charge":160.00,"npi":[1033411020,1376274639]},{"billed_charge":165.00,"npi":[1144419482,1164464442,1376274639]}]}]},{"tin":{"type":"ein","value":"882834536"},"service_code":["11"],"billing_class":"professional","payments":[{"allowed_amount":79.20,"billing_code_modifier":[""],"providers":[{"billed_charge":110.00,"npi":[1376274639,1609166750]},{"billed_charge":135.00,"npi":[1376274639,1609166750]},{"billed_charge":145.00,"npi":[1164464442,1376274639]},{"billed_charge":160.00,"npi":[1033411020,1376274639]},{"billed_charge":165.00,"npi":[1144419482,1164464442,1376274639]}]},{"allowed_amount":79.20,"billing_code_modifier":[""],"providers":[{"billed_charge":110.00,"npi":[1376274639,1609166750]},{"billed_charge":135.00,"npi":[1376274639,1609166750]},{"billed_charge":145.00,"npi":[1164464442,1376274639]},{"billed_charge":160.00,"npi":[1033411020,1376274639]},{"billed_charge":165.00,"npi":[1144419482,1164464442,1376274639]}]},{"allowed_amount":79.20,"billing_code_modifier":[""],"providers":[{"billed_charge":110.00,"npi":[1376274639,1609166750]},{"billed_charge":135.00,"npi":[1376274639,1609166750]},{"billed_charge":145.00,"npi":[1164464442,1376274639]},{"billed_charge":160.00,"npi":[1033411020,1376274639]},{"billed_charge":165.00,"npi":[1144419482,1164464442,1376274639]}]},{"allowed_amount":79.20,"billing_code_modifier":[""],"providers":[{"billed_charge":110.00,"npi":[1376274639,1609166750]},{"billed_charge":135.00,"npi":[1376274639,1609166750]},{"billed_charge":145.00,"npi":[1164464442,1376274639]},{"billed_charge":160.00,"npi":[1033411020,1376274639]},{"billed_charge":165.00,"npi":[1144419482,1164464442,1376274639]}]},{"allowed_amount":79.20,"billing_code_modifier":[""],"providers":[{"billed_charge":110.00,"npi":[1376274639,1609166750]},{"billed_charge":135.00,"npi":[1376274639,1609166750]},{"billed_charge":145.00,"npi":[1164464442,1376274639]},{"billed_charge":160.00,"npi":[1033411020,1376274639]},{"billed_charge":165.00,"npi":[1144419482,1164464442,1376274639]}]}]},{"tin":{"type":"ein","value":"882834536"},"service_code":["11"],"billing_class":"professional","payments":[{"allowed_amount":79.20,"billing_code_modifier":[""],"providers":[{"billed_charge":110.00,"npi":[1376274639,1609166750]},{"billed_charge":135.00,"npi":[1376274639,1609166750]},{"billed_charge":145.00,"npi":[1164464442,1376274639]},{"billed_charge":160.00,"npi":[1033411020,1376274639]},{"billed_charge":165.00,"npi":[1144419482,1164464442,1376274639]}]},{"allowed_amount":79.20,"billing_code_modifier":[""],"providers":[{"billed_charge":110.00,"npi":[1376274639,1609166750]},{"billed_charge":135.00,"npi":[1376274639,1609166750]},{"billed_charge":145.00,"npi":[1164464442,1376274639]},{"billed_charge":160.00,"npi":[1033411020,1376274639]},{"billed_charge":165.00,"npi":[1144419482,1164464442,1376274639]}]},{"allowed_amount":79.20,"billing_code_modifier":[""],"providers":[{"billed_charge":110.00,"npi":[1376274639,1609166750]},{"billed_charge":135.00,"npi":[1376274639,1609166750]},{"billed_charge":145.00,"npi":[1164464442,1376274639]},{"billed_charge":160.00,"npi":[1033411020,1376274639]},{"billed_charge":165.00,"npi":[1144419482,1164464442,1376274639]}]},{"allowed_amount":79.20,"billing_code_modifier":[""],"providers":[{"billed_charge":110.00,"npi":[1376274639,1609166750]},{"billed_charge":135.00,"npi":[1376274639,1609166750]},{"billed_charge":145.00,"npi":[1164464442,1376274639]},{"billed_charge":160.00,"npi":[1033411020,1376274639]},{"billed_charge":165.00,"npi":[1144419482,1164464442,1376274639]}]},{"allowed_amount":79.20,"billing_code_modifier":[""],"providers":[{"billed_charge":110.00,"npi":[1376274639,1609166750]},{"billed_charge":135.00,"npi":[1376274639,1609166750]},{"billed_charge":145.00,"npi":[1164464442,1376274639]},{"billed_charge":160.00,"npi":[1033411020,1376274639]},{"billed_charge":165.00,"npi":[1144419482,1164464442,1376274639]}]}]},{"tin":{"type":"ein","value":"882834536"},"service_code":["11"],"billing_class":"professional","payments":[{"allowed_amount":79.20,"billing_code_modifier":[""],"providers":[{"billed_charge":110.00,"npi":[1376274639,1609166750]},{"billed_charge":135.00,"npi":[1376274639,1609166750]},{"billed_charge":145.00,"npi":[1164464442,1376274639]},{"billed_charge":160.00,"npi":[1033411020,1376274639]},{"billed_charge":165.00,"npi":[1144419482,1164464442,1376274639]}]},{"allowed_amount":79.20,"billing_code_modifier":[""],"providers":[{"billed_charge":110.00,"npi":[1376274639,1609166750]},{"billed_charge":135.00,"npi":[1376274639,1609166750]},{"billed_charge":145.00,"npi":[1164464442,1376274639]},{"billed_charge":160.00,"npi":[1033411020,1376274639]},{"billed_charge":165.00,"npi":[1144419482,1164464442,1376274639]}]},{"allowed_amount":79.20,"billing_code_modifier":[""],"providers":[{"billed_charge":110.00,"npi":[1376274639,1609166750]},{"billed_charge":135.00,"npi":[1376274639,1609166750]},{"billed_charge":145.00,"npi":[1164464442,1376274639]},{"billed_charge":160.00,"npi":[1033411020,1376274639]},{"billed_charge":165.00,"npi":[1144419482,1164464442,1376274639]}]},{"allowed_amount":79.20,"billing_code_modifier":[""],"providers":[{"billed_charge":110.00,"npi":[1376274639,1609166750]},{"billed_charge":135.00,"npi":[1376274639,1609166750]},{"billed_charge":145.00,"npi":[1164464442,1376274639]},{"billed_charge":160.00,"npi":[1033411020,1376274639]},{"billed_charge":165.00,"npi":[1144419482,1164464442,1376274639]}]},{"allowed_amount":79.20,"billing_code_modifier":[""],"providers":[{"billed_charge":110.00,"npi":[1376274639,1609166750]},{"billed_charge":135.00,"npi":[1376274639,1609166750]},{"billed_charge":145.00,"npi":[1164464442,1376274639]},{"billed_charge":160.00,"npi":[1033411020,1376274639]},{"billed_charge":165.00,"npi":[1144419482,1164464442,1376274639]}]}]},{"tin":{"type":"ein","value":"883110296"},"service_code":["11"],"billing_class":"professional","payments":[{"allowed_amount":79.20,"billing_code_modifier":[""],"providers":[{"billed_charge":95.00,"npi":[1043974512]},{"billed_charge":175.00,"npi":[1043974512]}]},{"allowed_amount":79.20,"billing_code_modifier":[""],"providers":[{"billed_charge":95.00,"npi":[1043974512]},{"billed_charge":175.00,"npi":[1043974512]}]}]},{"tin":{"type":"ein","value":"883110296"},"service_code":["11"],"billing_class":"professional","payments":[{"allowed_amount":79.20,"billing_code_modifier":[""],"providers":[{"billed_charge":95.00,"npi":[1043974512]},{"billed_charge":175.00,"npi":[1043974512]}]},{"allowed_amount":79.20,"billing_code_modifier":[""],"providers":[{"billed_charge":95.00,"npi":[1043974512]},{"billed_charge":175.00,"npi":[1043974512]}]}]},{"tin":{"type":"ein","value":"883817813"},"service_code":["11"],"billing_class":"professional","payments":[{"allowed_amount":79.20,"billing_code_modifier":[""],"providers":[{"billed_charge":140.00,"npi":[1518307842]}]}]},{"tin":{"type":"ein","value":"884192577"},"service_code":["11"],"billing_class":"professional","payments":[{"allowed_amount":79.20,"billing_code_modifier":[""],"providers":[{"billed_charge":150.00,"npi":[1528381696]}]}]},{"tin":{"type":"ein","value":"922330249"},"service_code":["11"],"billing_class":"professional","payments":[{"allowed_amount":79.20,"billing_code_modifier":[""],"providers":[{"billed_charge":130.00,"npi":[1336304013]}]}]},{"tin":{"type":"ein","value":"923983563"},"service_code":["11"],"billing_class":"professional","payments":[{"allowed_amount":105.60,"billing_code_modifier":[""],"providers":[{"billed_charge":180.00,"npi":[1487120630]}]}]},{"tin":{"type":"ein","value":"932885762"},"service_code":["02"],"billing_class":"professional","payments":[{"allowed_amount":79.20,"billing_code_modifier":[""],"providers":[{"billed_charge":150.00,"npi":[1275155236]}]}]},{"tin":{"type":"ein","value":"946000506"},"service_code":["99"],"billing_class":"professional","payments":[{"allowed_amount":132.00,"billing_code_modifier":[""],"providers":[{"billed_charge":369.99,"npi":[1386704393,1447325584]}]}]},{"tin":{"type":"ein","value":"999999999"},"service_code":["55"],"billing_class":"professional","payments":[{"allowed_amount":132.00,"billing_code_modifier":[""],"providers":[{"billed_charge":135.00,"npi":[1932402732]}]}]}]}]}
