{"reporting_entity_name": "IEC Group_DBA AmeriBen",
	"reporting_entity_type": "Third Party Administrator",
	"plan_name": "TYLER TECHNOLOGIES INC",
	"plan_id_type": "ein",
	"plan_id": "752303920",
	"plan_market_type": "group",
	"last_updated_on": "2023-12-01","Version": "1.0.0","out_of_network":[{"name":"BIOFEEDBACK TRAINING ANY MODALITY","billing_code_type":"CPT","billing_code_type_version":"2020","billing_code":"90901","description":"BIOFEEDBACK TRAINING ANY MODALITY","allowed_amounts":[{"tin":{"type":"ein","value":"582269712"},"service_code":["02"],"billing_class":"professional","payments":[{"allowed_amount":39.87,"billing_code_modifier":[""],"providers":[{"billed_charge":50.00,"npi":[1639194145]},{"billed_charge":150.00,"npi":[1639194145]},{"billed_charge":175.00,"npi":[1639194145]},{"billed_charge":200.00,"npi":[1639194145]}]},{"allowed_amount":39.87,"billing_code_modifier":[""],"providers":[{"billed_charge":50.00,"npi":[1639194145]},{"billed_charge":150.00,"npi":[1639194145]},{"billed_charge":175.00,"npi":[1639194145]},{"billed_charge":200.00,"npi":[1639194145]}]},{"allowed_amount":39.87,"billing_code_modifier":[""],"providers":[{"billed_charge":50.00,"npi":[1639194145]},{"billed_charge":150.00,"npi":[1639194145]},{"billed_charge":175.00,"npi":[1639194145]},{"billed_charge":200.00,"npi":[1639194145]}]},{"allowed_amount":39.87,"billing_code_modifier":[""],"providers":[{"billed_charge":50.00,"npi":[1639194145]},{"billed_charge":150.00,"npi":[1639194145]},{"billed_charge":175.00,"npi":[1639194145]},{"billed_charge":200.00,"npi":[1639194145]}]}]},{"tin":{"type":"ein","value":"582269712"},"service_code":["02"],"billing_class":"professional","payments":[{"allowed_amount":39.87,"billing_code_modifier":[""],"providers":[{"billed_charge":50.00,"npi":[1639194145]},{"billed_charge":150.00,"npi":[1639194145]},{"billed_charge":175.00,"npi":[1639194145]},{"billed_charge":200.00,"npi":[1639194145]}]},{"allowed_amount":39.87,"billing_code_modifier":[""],"providers":[{"billed_charge":50.00,"npi":[1639194145]},{"billed_charge":150.00,"npi":[1639194145]},{"billed_charge":175.00,"npi":[1639194145]},{"billed_charge":200.00,"npi":[1639194145]}]},{"allowed_amount":39.87,"billing_code_modifier":[""],"providers":[{"billed_charge":50.00,"npi":[1639194145]},{"billed_charge":150.00,"npi":[1639194145]},{"billed_charge":175.00,"npi":[1639194145]},{"billed_charge":200.00,"npi":[1639194145]}]},{"allowed_amount":39.87,"billing_code_modifier":[""],"providers":[{"billed_charge":50.00,"npi":[1639194145]},{"billed_charge":150.00,"npi":[1639194145]},{"billed_charge":175.00,"npi":[1639194145]},{"billed_charge":200.00,"npi":[1639194145]}]}]},{"tin":{"type":"ein","value":"582269712"},"service_code":["02"],"billing_class":"professional","payments":[{"allowed_amount":39.87,"billing_code_modifier":[""],"providers":[{"billed_charge":50.00,"npi":[1639194145]},{"billed_charge":150.00,"npi":[1639194145]},{"billed_charge":175.00,"npi":[1639194145]},{"billed_charge":200.00,"npi":[1639194145]}]},{"allowed_amount":39.87,"billing_code_modifier":[""],"providers":[{"billed_charge":50.00,"npi":[1639194145]},{"billed_charge":150.00,"npi":[1639194145]},{"billed_charge":175.00,"npi":[1639194145]},{"billed_charge":200.00,"npi":[1639194145]}]},{"allowed_amount":39.87,"billing_code_modifier":[""],"providers":[{"billed_charge":50.00,"npi":[1639194145]},{"billed_charge":150.00,"npi":[1639194145]},{"billed_charge":175.00,"npi":[1639194145]},{"billed_charge":200.00,"npi":[1639194145]}]},{"allowed_amount":39.87,"billing_code_modifier":[""],"providers":[{"billed_charge":50.00,"npi":[1639194145]},{"billed_charge":150.00,"npi":[1639194145]},{"billed_charge":175.00,"npi":[1639194145]},{"billed_charge":200.00,"npi":[1639194145]}]}]},{"tin":{"type":"ein","value":"582269712"},"service_code":["02"],"billing_class":"professional","payments":[{"allowed_amount":39.87,"billing_code_modifier":[""],"providers":[{"billed_charge":50.00,"npi":[1639194145]},{"billed_charge":150.00,"npi":[1639194145]},{"billed_charge":175.00,"npi":[1639194145]},{"billed_charge":200.00,"npi":[1639194145]}]},{"allowed_amount":39.87,"billing_code_modifier":[""],"providers":[{"billed_charge":50.00,"npi":[1639194145]},{"billed_charge":150.00,"npi":[1639194145]},{"billed_charge":175.00,"npi":[1639194145]},{"billed_charge":200.00,"npi":[1639194145]}]},{"allowed_amount":39.87,"billing_code_modifier":[""],"providers":[{"billed_charge":50.00,"npi":[1639194145]},{"billed_charge":150.00,"npi":[1639194145]},{"billed_charge":175.00,"npi":[1639194145]},{"billed_charge":200.00,"npi":[1639194145]}]},{"allowed_amount":39.87,"billing_code_modifier":[""],"providers":[{"billed_charge":50.00,"npi":[1639194145]},{"billed_charge":150.00,"npi":[1639194145]},{"billed_charge":175.00,"npi":[1639194145]},{"billed_charge":200.00,"npi":[1639194145]}]}]}]},{"name":"CHIROPRACTIC MANIPLTV TX EXTRASPINAL 1\/> REGION","billing_code_type":"CPT","billing_code_type_version":"2020","billing_code":"98943","description":"CHIROPRACTIC MANIPLTV TX EXTRASPINAL 1\/> REGION","allowed_amounts":[{"tin":{"type":"ein","value":"273718183"},"service_code":["11"],"billing_class":"professional","payments":[{"allowed_amount":6.94,"billing_code_modifier":[""],"providers":[{"billed_charge":55.00,"npi":[1386945343]}]}]}]},{"name":"CHIROPRACTIC MANIPULATIVE TX SPINAL 1-2 REGIONS","billing_code_type":"CPT","billing_code_type_version":"2020","billing_code":"98940","description":"CHIROPRACTIC MANIPULATIVE TX SPINAL 1-2 REGIONS","allowed_amounts":[{"tin":{"type":"ein","value":"854314512"},"service_code":["11"],"billing_class":"professional","payments":[{"allowed_amount":31.69,"billing_code_modifier":[""],"providers":[{"billed_charge":64.00,"npi":[1356056758,1407310386]}]}]}]},{"name":"CHIROPRACTIC MANIPULATIVE TX SPINAL 3-4 REGIONS","billing_code_type":"CPT","billing_code_type_version":"2020","billing_code":"98941","description":"CHIROPRACTIC MANIPULATIVE TX SPINAL 3-4 REGIONS","allowed_amounts":[{"tin":{"type":"ein","value":"273718183"},"service_code":["11"],"billing_class":"professional","payments":[{"allowed_amount":8.83,"billing_code_modifier":[""],"providers":[{"billed_charge":70.00,"npi":[1386945343]}]}]},{"tin":{"type":"ein","value":"463287377"},"service_code":["11"],"billing_class":"professional","payments":[{"allowed_amount":31.08,"billing_code_modifier":[""],"providers":[{"billed_charge":80.00,"npi":[1124460183,1154752954,1952743916]}]}]}]},{"name":"DR TST DEFIN DR ID M P D 22\/M DR CL","billing_code_type":"HCPCS","billing_code_type_version":"HCPCS LEVEL II 2021","billing_code":"G0483","description":"DR TST DEFIN DR ID M P D 22\/M DR CL","allowed_amounts":[{"tin":{"type":"ein","value":"821874122"},"service_code":["81"],"billing_class":"professional","payments":[{"allowed_amount":56.92,"billing_code_modifier":[""],"providers":[{"billed_charge":1975.36,"npi":[1366190688,1578941415,1669613816]}]}]}]},{"name":"DRUGS REQUIRE SPECIFIC ID: DRUGS REQUIRING DETAIL","billing_code_type":"RC","billing_code_type_version":"UB04","billing_code":"0636","description":"DRUGS REQUIRE SPECIFIC ID: DRUGS REQUIRING DETAIL","allowed_amounts":[{"tin":{"type":"ein","value":"810747649"},"service_code":["65"],"billing_class":"institutional","payments":[{"allowed_amount":2.65,"billing_code_modifier":[""],"providers":[{"billed_charge":73.67,"npi":[1588023683,1730175332]}]}]},{"tin":{"type":"ein","value":"810747649"},"service_code":["65"],"billing_class":"institutional","payments":[{"allowed_amount":2.73,"billing_code_modifier":[""],"providers":[{"billed_charge":73.67,"npi":[1588023683,1730175332]}]}]},{"tin":{"type":"ein","value":"810747649"},"service_code":["65"],"billing_class":"institutional","payments":[{"allowed_amount":11.14,"billing_code_modifier":[""],"providers":[{"billed_charge":309.39,"npi":[1588023683,1730175332]}]}]},{"tin":{"type":"ein","value":"810747649"},"service_code":["65"],"billing_class":"institutional","payments":[{"allowed_amount":11.50,"billing_code_modifier":[""],"providers":[{"billed_charge":309.39,"npi":[1588023683,1730175332]}]}]},{"tin":{"type":"ein","value":"810747649"},"service_code":["65"],"billing_class":"institutional","payments":[{"allowed_amount":11.67,"billing_code_modifier":[""],"providers":[{"billed_charge":324.13,"npi":[1588023683,1730175332]}]}]},{"tin":{"type":"ein","value":"810747649"},"service_code":["65"],"billing_class":"institutional","payments":[{"allowed_amount":12.05,"billing_code_modifier":[""],"providers":[{"billed_charge":324.13,"npi":[1588023683,1730175332]}]}]},{"tin":{"type":"ein","value":"810747649"},"service_code":["65"],"billing_class":"institutional","payments":[{"allowed_amount":21.23,"billing_code_modifier":[""],"providers":[{"billed_charge":589.32,"npi":[1588023683,1730175332]}]}]},{"tin":{"type":"ein","value":"810747649"},"service_code":["65"],"billing_class":"institutional","payments":[{"allowed_amount":21.89,"billing_code_modifier":[""],"providers":[{"billed_charge":589.32,"npi":[1588023683,1730175332]}]}]}]},{"name":"HEMO OPD\/HOME: HEMODIALYSIS COMP OR OTHER RATE","billing_code_type":"RC","billing_code_type_version":"UB04","billing_code":"0821","description":"HEMO OPD\/HOME: HEMODIALYSIS COMP OR OTHER RATE","allowed_amounts":[{"tin":{"type":"ein","value":"620850498"},"service_code":["65"],"billing_class":"institutional","payments":[{"allowed_amount":272.00,"billing_code_modifier":[""],"providers":[{"billed_charge":2600.00,"npi":[1063789865,1093362618]}]}]},{"tin":{"type":"ein","value":"620850498"},"service_code":["65"],"billing_class":"institutional","payments":[{"allowed_amount":305.05,"billing_code_modifier":[""],"providers":[{"billed_charge":2600.00,"npi":[1063789865,1093362618]}]}]},{"tin":{"type":"ein","value":"810747649"},"service_code":["65"],"billing_class":"institutional","payments":[{"allowed_amount":302.92,"billing_code_modifier":[""],"providers":[{"billed_charge":8411.43,"npi":[1588023683,1730175332]}]}]},{"tin":{"type":"ein","value":"810747649"},"service_code":["65"],"billing_class":"institutional","payments":[{"allowed_amount":312.52,"billing_code_modifier":[""],"providers":[{"billed_charge":8411.43,"npi":[1588023683,1730175332]}]}]}]},{"name":"LABORATORY - CLINICAL DIAGNOSTIC","billing_code_type":"RC","billing_code_type_version":"UB04","billing_code":"0300","description":"LABORATORY - CLINICAL DIAGNOSTIC","allowed_amounts":[{"tin":{"type":"ein","value":"320493679"},"service_code":["23"],"billing_class":"institutional","payments":[{"allowed_amount":0.00,"billing_code_modifier":[""],"providers":[{"billed_charge":55.95,"npi":[1134570922]},{"billed_charge":117.42,"npi":[1134570922]},{"billed_charge":254.41,"npi":[1134570922]},{"billed_charge":677.74,"npi":[1134570922]}]},{"allowed_amount":0.00,"billing_code_modifier":[""],"providers":[{"billed_charge":55.95,"npi":[1134570922]},{"billed_charge":117.42,"npi":[1134570922]},{"billed_charge":254.41,"npi":[1134570922]},{"billed_charge":677.74,"npi":[1134570922]}]},{"allowed_amount":0.00,"billing_code_modifier":[""],"providers":[{"billed_charge":55.95,"npi":[1134570922]},{"billed_charge":117.42,"npi":[1134570922]},{"billed_charge":254.41,"npi":[1134570922]},{"billed_charge":677.74,"npi":[1134570922]}]},{"allowed_amount":0.00,"billing_code_modifier":[""],"providers":[{"billed_charge":55.95,"npi":[1134570922]},{"billed_charge":117.42,"npi":[1134570922]},{"billed_charge":254.41,"npi":[1134570922]},{"billed_charge":677.74,"npi":[1134570922]}]}]},{"tin":{"type":"ein","value":"320493679"},"service_code":["23"],"billing_class":"institutional","payments":[{"allowed_amount":0.00,"billing_code_modifier":[""],"providers":[{"billed_charge":55.95,"npi":[1134570922]},{"billed_charge":117.42,"npi":[1134570922]},{"billed_charge":254.41,"npi":[1134570922]},{"billed_charge":677.74,"npi":[1134570922]}]},{"allowed_amount":0.00,"billing_code_modifier":[""],"providers":[{"billed_charge":55.95,"npi":[1134570922]},{"billed_charge":117.42,"npi":[1134570922]},{"billed_charge":254.41,"npi":[1134570922]},{"billed_charge":677.74,"npi":[1134570922]}]},{"allowed_amount":0.00,"billing_code_modifier":[""],"providers":[{"billed_charge":55.95,"npi":[1134570922]},{"billed_charge":117.42,"npi":[1134570922]},{"billed_charge":254.41,"npi":[1134570922]},{"billed_charge":677.74,"npi":[1134570922]}]},{"allowed_amount":0.00,"billing_code_modifier":[""],"providers":[{"billed_charge":55.95,"npi":[1134570922]},{"billed_charge":117.42,"npi":[1134570922]},{"billed_charge":254.41,"npi":[1134570922]},{"billed_charge":677.74,"npi":[1134570922]}]}]},{"tin":{"type":"ein","value":"320493679"},"service_code":["23"],"billing_class":"institutional","payments":[{"allowed_amount":0.00,"billing_code_modifier":[""],"providers":[{"billed_charge":55.95,"npi":[1134570922]},{"billed_charge":117.42,"npi":[1134570922]},{"billed_charge":254.41,"npi":[1134570922]},{"billed_charge":677.74,"npi":[1134570922]}]},{"allowed_amount":0.00,"billing_code_modifier":[""],"providers":[{"billed_charge":55.95,"npi":[1134570922]},{"billed_charge":117.42,"npi":[1134570922]},{"billed_charge":254.41,"npi":[1134570922]},{"billed_charge":677.74,"npi":[1134570922]}]},{"allowed_amount":0.00,"billing_code_modifier":[""],"providers":[{"billed_charge":55.95,"npi":[1134570922]},{"billed_charge":117.42,"npi":[1134570922]},{"billed_charge":254.41,"npi":[1134570922]},{"billed_charge":677.74,"npi":[1134570922]}]},{"allowed_amount":0.00,"billing_code_modifier":[""],"providers":[{"billed_charge":55.95,"npi":[1134570922]},{"billed_charge":117.42,"npi":[1134570922]},{"billed_charge":254.41,"npi":[1134570922]},{"billed_charge":677.74,"npi":[1134570922]}]}]},{"tin":{"type":"ein","value":"320493679"},"service_code":["23"],"billing_class":"institutional","payments":[{"allowed_amount":0.00,"billing_code_modifier":[""],"providers":[{"billed_charge":55.95,"npi":[1134570922]},{"billed_charge":117.42,"npi":[1134570922]},{"billed_charge":254.41,"npi":[1134570922]},{"billed_charge":677.74,"npi":[1134570922]}]},{"allowed_amount":0.00,"billing_code_modifier":[""],"providers":[{"billed_charge":55.95,"npi":[1134570922]},{"billed_charge":117.42,"npi":[1134570922]},{"billed_charge":254.41,"npi":[1134570922]},{"billed_charge":677.74,"npi":[1134570922]}]},{"allowed_amount":0.00,"billing_code_modifier":[""],"providers":[{"billed_charge":55.95,"npi":[1134570922]},{"billed_charge":117.42,"npi":[1134570922]},{"billed_charge":254.41,"npi":[1134570922]},{"billed_charge":677.74,"npi":[1134570922]}]},{"allowed_amount":0.00,"billing_code_modifier":[""],"providers":[{"billed_charge":55.95,"npi":[1134570922]},{"billed_charge":117.42,"npi":[1134570922]},{"billed_charge":254.41,"npi":[1134570922]},{"billed_charge":677.74,"npi":[1134570922]}]}]},{"tin":{"type":"ein","value":"460955393"},"service_code":["22"],"billing_class":"institutional","payments":[{"allowed_amount":0.00,"billing_code_modifier":[""],"providers":[{"billed_charge":900.00,"npi":[1033452974]}]}]},{"tin":{"type":"ein","value":"473923087"},"service_code":["23"],"billing_class":"institutional","payments":[{"allowed_amount":0.00,"billing_code_modifier":[""],"providers":[{"billed_charge":38.25,"npi":[1366815144]},{"billed_charge":42.88,"npi":[1366815144]},{"billed_charge":44.60,"npi":[1366815144]},{"billed_charge":102.17,"npi":[1366815144]},{"billed_charge":195.82,"npi":[1366815144]},{"billed_charge":229.60,"npi":[1366815144]},{"billed_charge":267.87,"npi":[1366815144]},{"billed_charge":275.52,"npi":[1366815144]},{"billed_charge":334.45,"npi":[1366815144]}]},{"allowed_amount":0.00,"billing_code_modifier":[""],"providers":[{"billed_charge":38.25,"npi":[1366815144]},{"billed_charge":42.88,"npi":[1366815144]},{"billed_charge":44.60,"npi":[1366815144]},{"billed_charge":102.17,"npi":[1366815144]},{"billed_charge":195.82,"npi":[1366815144]},{"billed_charge":229.60,"npi":[1366815144]},{"billed_charge":267.87,"npi":[1366815144]},{"billed_charge":275.52,"npi":[1366815144]},{"billed_charge":334.45,"npi":[1366815144]}]},{"allowed_amount":0.00,"billing_code_modifier":[""],"providers":[{"billed_charge":38.25,"npi":[1366815144]},{"billed_charge":42.88,"npi":[1366815144]},{"billed_charge":44.60,"npi":[1366815144]},{"billed_charge":102.17,"npi":[1366815144]},{"billed_charge":195.82,"npi":[1366815144]},{"billed_charge":229.60,"npi":[1366815144]},{"billed_charge":267.87,"npi":[1366815144]},{"billed_charge":275.52,"npi":[1366815144]},{"billed_charge":334.45,"npi":[1366815144]}]},{"allowed_amount":0.00,"billing_code_modifier":[""],"providers":[{"billed_charge":38.25,"npi":[1366815144]},{"billed_charge":42.88,"npi":[1366815144]},{"billed_charge":44.60,"npi":[1366815144]},{"billed_charge":102.17,"npi":[1366815144]},{"billed_charge":195.82,"npi":[1366815144]},{"billed_charge":229.60,"npi":[1366815144]},{"billed_charge":267.87,"npi":[1366815144]},{"billed_charge":275.52,"npi":[1366815144]},{"billed_charge":334.45,"npi":[1366815144]}]},{"allowed_amount":0.00,"billing_code_modifier":[""],"providers":[{"billed_charge":38.25,"npi":[1366815144]},{"billed_charge":42.88,"npi":[1366815144]},{"billed_charge":44.60,"npi":[1366815144]},{"billed_charge":102.17,"npi":[1366815144]},{"billed_charge":195.82,"npi":[1366815144]},{"billed_charge":229.60,"npi":[1366815144]},{"billed_charge":267.87,"npi":[1366815144]},{"billed_charge":275.52,"npi":[1366815144]},{"billed_charge":334.45,"npi":[1366815144]}]},{"allowed_amount":0.00,"billing_code_modifier":[""],"providers":[{"billed_charge":38.25,"npi":[1366815144]},{"billed_charge":42.88,"npi":[1366815144]},{"billed_charge":44.60,"npi":[1366815144]},{"billed_charge":102.17,"npi":[1366815144]},{"billed_charge":195.82,"npi":[1366815144]},{"billed_charge":229.60,"npi":[1366815144]},{"billed_charge":267.87,"npi":[1366815144]},{"billed_charge":275.52,"npi":[1366815144]},{"billed_charge":334.45,"npi":[1366815144]}]},{"allowed_amount":0.00,"billing_code_modifier":[""],"providers":[{"billed_charge":38.25,"npi":[1366815144]},{"billed_charge":42.88,"npi":[1366815144]},{"billed_charge":44.60,"npi":[1366815144]},{"billed_charge":102.17,"npi":[1366815144]},{"billed_charge":195.82,"npi":[1366815144]},{"billed_charge":229.60,"npi":[1366815144]},{"billed_charge":267.87,"npi":[1366815144]},{"billed_charge":275.52,"npi":[1366815144]},{"billed_charge":334.45,"npi":[1366815144]}]},{"allowed_amount":0.00,"billing_code_modifier":[""],"providers":[{"billed_charge":38.25,"npi":[1366815144]},{"billed_charge":42.88,"npi":[1366815144]},{"billed_charge":44.60,"npi":[1366815144]},{"billed_charge":102.17,"npi":[1366815144]},{"billed_charge":195.82,"npi":[1366815144]},{"billed_charge":229.60,"npi":[1366815144]},{"billed_charge":267.87,"npi":[1366815144]},{"billed_charge":275.52,"npi":[1366815144]},{"billed_charge":334.45,"npi":[1366815144]}]},{"allowed_amount":0.00,"billing_code_modifier":[""],"providers":[{"billed_charge":38.25,"npi":[1366815144]},{"billed_charge":42.88,"npi":[1366815144]},{"billed_charge":44.60,"npi":[1366815144]},{"billed_charge":102.17,"npi":[1366815144]},{"billed_charge":195.82,"npi":[1366815144]},{"billed_charge":229.60,"npi":[1366815144]},{"billed_charge":267.87,"npi":[1366815144]},{"billed_charge":275.52,"npi":[1366815144]},{"billed_charge":334.45,"npi":[1366815144]}]}]},{"tin":{"type":"ein","value":"473923087"},"service_code":["23"],"billing_class":"institutional","payments":[{"allowed_amount":0.00,"billing_code_modifier":[""],"providers":[{"billed_charge":38.25,"npi":[1366815144]},{"billed_charge":42.88,"npi":[1366815144]},{"billed_charge":44.60,"npi":[1366815144]},{"billed_charge":102.17,"npi":[1366815144]},{"billed_charge":195.82,"npi":[1366815144]},{"billed_charge":229.60,"npi":[1366815144]},{"billed_charge":267.87,"npi":[1366815144]},{"billed_charge":275.52,"npi":[1366815144]},{"billed_charge":334.45,"npi":[1366815144]}]},{"allowed_amount":0.00,"billing_code_modifier":[""],"providers":[{"billed_charge":38.25,"npi":[1366815144]},{"billed_charge":42.88,"npi":[1366815144]},{"billed_charge":44.60,"npi":[1366815144]},{"billed_charge":102.17,"npi":[1366815144]},{"billed_charge":195.82,"npi":[1366815144]},{"billed_charge":229.60,"npi":[1366815144]},{"billed_charge":267.87,"npi":[1366815144]},{"billed_charge":275.52,"npi":[1366815144]},{"billed_charge":334.45,"npi":[1366815144]}]},{"allowed_amount":0.00,"billing_code_modifier":[""],"providers":[{"billed_charge":38.25,"npi":[1366815144]},{"billed_charge":42.88,"npi":[1366815144]},{"billed_charge":44.60,"npi":[1366815144]},{"billed_charge":102.17,"npi":[1366815144]},{"billed_charge":195.82,"npi":[1366815144]},{"billed_charge":229.60,"npi":[1366815144]},{"billed_charge":267.87,"npi":[1366815144]},{"billed_charge":275.52,"npi":[1366815144]},{"billed_charge":334.45,"npi":[1366815144]}]},{"allowed_amount":0.00,"billing_code_modifier":[""],"providers":[{"billed_charge":38.25,"npi":[1366815144]},{"billed_charge":42.88,"npi":[1366815144]},{"billed_charge":44.60,"npi":[1366815144]},{"billed_charge":102.17,"npi":[1366815144]},{"billed_charge":195.82,"npi":[1366815144]},{"billed_charge":229.60,"npi":[1366815144]},{"billed_charge":267.87,"npi":[1366815144]},{"billed_charge":275.52,"npi":[1366815144]},{"billed_charge":334.45,"npi":[1366815144]}]},{"allowed_amount":0.00,"billing_code_modifier":[""],"providers":[{"billed_charge":38.25,"npi":[1366815144]},{"billed_charge":42.88,"npi":[1366815144]},{"billed_charge":44.60,"npi":[1366815144]},{"billed_charge":102.17,"npi":[1366815144]},{"billed_charge":195.82,"npi":[1366815144]},{"billed_charge":229.60,"npi":[1366815144]},{"billed_charge":267.87,"npi":[1366815144]},{"billed_charge":275.52,"npi":[1366815144]},{"billed_charge":334.45,"npi":[1366815144]}]},{"allowed_amount":0.00,"billing_code_modifier":[""],"providers":[{"billed_charge":38.25,"npi":[1366815144]},{"billed_charge":42.88,"npi":[1366815144]},{"billed_charge":44.60,"npi":[1366815144]},{"billed_charge":102.17,"npi":[1366815144]},{"billed_charge":195.82,"npi":[1366815144]},{"billed_charge":229.60,"npi":[1366815144]},{"billed_charge":267.87,"npi":[1366815144]},{"billed_charge":275.52,"npi":[1366815144]},{"billed_charge":334.45,"npi":[1366815144]}]},{"allowed_amount":0.00,"billing_code_modifier":[""],"providers":[{"billed_charge":38.25,"npi":[1366815144]},{"billed_charge":42.88,"npi":[1366815144]},{"billed_charge":44.60,"npi":[1366815144]},{"billed_charge":102.17,"npi":[1366815144]},{"billed_charge":195.82,"npi":[1366815144]},{"billed_charge":229.60,"npi":[1366815144]},{"billed_charge":267.87,"npi":[1366815144]},{"billed_charge":275.52,"npi":[1366815144]},{"billed_charge":334.45,"npi":[1366815144]}]},{"allowed_amount":0.00,"billing_code_modifier":[""],"providers":[{"billed_charge":38.25,"npi":[1366815144]},{"billed_charge":42.88,"npi":[1366815144]},{"billed_charge":44.60,"npi":[1366815144]},{"billed_charge":102.17,"npi":[1366815144]},{"billed_charge":195.82,"npi":[1366815144]},{"billed_charge":229.60,"npi":[1366815144]},{"billed_charge":267.87,"npi":[1366815144]},{"billed_charge":275.52,"npi":[1366815144]},{"billed_charge":334.45,"npi":[1366815144]}]},{"allowed_amount":0.00,"billing_code_modifier":[""],"providers":[{"billed_charge":38.25,"npi":[1366815144]},{"billed_charge":42.88,"npi":[1366815144]},{"billed_charge":44.60,"npi":[1366815144]},{"billed_charge":102.17,"npi":[1366815144]},{"billed_charge":195.82,"npi":[1366815144]},{"billed_charge":229.60,"npi":[1366815144]},{"billed_charge":267.87,"npi":[1366815144]},{"billed_charge":275.52,"npi":[1366815144]},{"billed_charge":334.45,"npi":[1366815144]}]}]},{"tin":{"type":"ein","value":"473923087"},"service_code":["23"],"billing_class":"institutional","payments":[{"allowed_amount":0.00,"billing_code_modifier":[""],"providers":[{"billed_charge":38.25,"npi":[1366815144]},{"billed_charge":42.88,"npi":[1366815144]},{"billed_charge":44.60,"npi":[1366815144]},{"billed_charge":102.17,"npi":[1366815144]},{"billed_charge":195.82,"npi":[1366815144]},{"billed_charge":229.60,"npi":[1366815144]},{"billed_charge":267.87,"npi":[1366815144]},{"billed_charge":275.52,"npi":[1366815144]},{"billed_charge":334.45,"npi":[1366815144]}]},{"allowed_amount":0.00,"billing_code_modifier":[""],"providers":[{"billed_charge":38.25,"npi":[1366815144]},{"billed_charge":42.88,"npi":[1366815144]},{"billed_charge":44.60,"npi":[1366815144]},{"billed_charge":102.17,"npi":[1366815144]},{"billed_charge":195.82,"npi":[1366815144]},{"billed_charge":229.60,"npi":[1366815144]},{"billed_charge":267.87,"npi":[1366815144]},{"billed_charge":275.52,"npi":[1366815144]},{"billed_charge":334.45,"npi":[1366815144]}]},{"allowed_amount":0.00,"billing_code_modifier":[""],"providers":[{"billed_charge":38.25,"npi":[1366815144]},{"billed_charge":42.88,"npi":[1366815144]},{"billed_charge":44.60,"npi":[1366815144]},{"billed_charge":102.17,"npi":[1366815144]},{"billed_charge":195.82,"npi":[1366815144]},{"billed_charge":229.60,"npi":[1366815144]},{"billed_charge":267.87,"npi":[1366815144]},{"billed_charge":275.52,"npi":[1366815144]},{"billed_charge":334.45,"npi":[1366815144]}]},{"allowed_amount":0.00,"billing_code_modifier":[""],"providers":[{"billed_charge":38.25,"npi":[1366815144]},{"billed_charge":42.88,"npi":[1366815144]},{"billed_charge":44.60,"npi":[1366815144]},{"billed_charge":102.17,"npi":[1366815144]},{"billed_charge":195.82,"npi":[1366815144]},{"billed_charge":229.60,"npi":[1366815144]},{"billed_charge":267.87,"npi":[1366815144]},{"billed_charge":275.52,"npi":[1366815144]},{"billed_charge":334.45,"npi":[1366815144]}]},{"allowed_amount":0.00,"billing_code_modifier":[""],"providers":[{"billed_charge":38.25,"npi":[1366815144]},{"billed_charge":42.88,"npi":[1366815144]},{"billed_charge":44.60,"npi":[1366815144]},{"billed_charge":102.17,"npi":[1366815144]},{"billed_charge":195.82,"npi":[1366815144]},{"billed_charge":229.60,"npi":[1366815144]},{"billed_charge":267.87,"npi":[1366815144]},{"billed_charge":275.52,"npi":[1366815144]},{"billed_charge":334.45,"npi":[1366815144]}]},{"allowed_amount":0.00,"billing_code_modifier":[""],"providers":[{"billed_charge":38.25,"npi":[1366815144]},{"billed_charge":42.88,"npi":[1366815144]},{"billed_charge":44.60,"npi":[1366815144]},{"billed_charge":102.17,"npi":[1366815144]},{"billed_charge":195.82,"npi":[1366815144]},{"billed_charge":229.60,"npi":[1366815144]},{"billed_charge":267.87,"npi":[1366815144]},{"billed_charge":275.52,"npi":[1366815144]},{"billed_charge":334.45,"npi":[1366815144]}]},{"allowed_amount":0.00,"billing_code_modifier":[""],"providers":[{"billed_charge":38.25,"npi":[1366815144]},{"billed_charge":42.88,"npi":[1366815144]},{"billed_charge":44.60,"npi":[1366815144]},{"billed_charge":102.17,"npi":[1366815144]},{"billed_charge":195.82,"npi":[1366815144]},{"billed_charge":229.60,"npi":[1366815144]},{"billed_charge":267.87,"npi":[1366815144]},{"billed_charge":275.52,"npi":[1366815144]},{"billed_charge":334.45,"npi":[1366815144]}]},{"allowed_amount":0.00,"billing_code_modifier":[""],"providers":[{"billed_charge":38.25,"npi":[1366815144]},{"billed_charge":42.88,"npi":[1366815144]},{"billed_charge":44.60,"npi":[1366815144]},{"billed_charge":102.17,"npi":[1366815144]},{"billed_charge":195.82,"npi":[1366815144]},{"billed_charge":229.60,"npi":[1366815144]},{"billed_charge":267.87,"npi":[1366815144]},{"billed_charge":275.52,"npi":[1366815144]},{"billed_charge":334.45,"npi":[1366815144]}]},{"allowed_amount":0.00,"billing_code_modifier":[""],"providers":[{"billed_charge":38.25,"npi":[1366815144]},{"billed_charge":42.88,"npi":[1366815144]},{"billed_charge":44.60,"npi":[1366815144]},{"billed_charge":102.17,"npi":[1366815144]},{"billed_charge":195.82,"npi":[1366815144]},{"billed_charge":229.60,"npi":[1366815144]},{"billed_charge":267.87,"npi":[1366815144]},{"billed_charge":275.52,"npi":[1366815144]},{"billed_charge":334.45,"npi":[1366815144]}]}]},{"tin":{"type":"ein","value":"473923087"},"service_code":["23"],"billing_class":"institutional","payments":[{"allowed_amount":0.00,"billing_code_modifier":[""],"providers":[{"billed_charge":38.25,"npi":[1366815144]},{"billed_charge":42.88,"npi":[1366815144]},{"billed_charge":44.60,"npi":[1366815144]},{"billed_charge":102.17,"npi":[1366815144]},{"billed_charge":195.82,"npi":[1366815144]},{"billed_charge":229.60,"npi":[1366815144]},{"billed_charge":267.87,"npi":[1366815144]},{"billed_charge":275.52,"npi":[1366815144]},{"billed_charge":334.45,"npi":[1366815144]}]},{"allowed_amount":0.00,"billing_code_modifier":[""],"providers":[{"billed_charge":38.25,"npi":[1366815144]},{"billed_charge":42.88,"npi":[1366815144]},{"billed_charge":44.60,"npi":[1366815144]},{"billed_charge":102.17,"npi":[1366815144]},{"billed_charge":195.82,"npi":[1366815144]},{"billed_charge":229.60,"npi":[1366815144]},{"billed_charge":267.87,"npi":[1366815144]},{"billed_charge":275.52,"npi":[1366815144]},{"billed_charge":334.45,"npi":[1366815144]}]},{"allowed_amount":0.00,"billing_code_modifier":[""],"providers":[{"billed_charge":38.25,"npi":[1366815144]},{"billed_charge":42.88,"npi":[1366815144]},{"billed_charge":44.60,"npi":[1366815144]},{"billed_charge":102.17,"npi":[1366815144]},{"billed_charge":195.82,"npi":[1366815144]},{"billed_charge":229.60,"npi":[1366815144]},{"billed_charge":267.87,"npi":[1366815144]},{"billed_charge":275.52,"npi":[1366815144]},{"billed_charge":334.45,"npi":[1366815144]}]},{"allowed_amount":0.00,"billing_code_modifier":[""],"providers":[{"billed_charge":38.25,"npi":[1366815144]},{"billed_charge":42.88,"npi":[1366815144]},{"billed_charge":44.60,"npi":[1366815144]},{"billed_charge":102.17,"npi":[1366815144]},{"billed_charge":195.82,"npi":[1366815144]},{"billed_charge":229.60,"npi":[1366815144]},{"billed_charge":267.87,"npi":[1366815144]},{"billed_charge":275.52,"npi":[1366815144]},{"billed_charge":334.45,"npi":[1366815144]}]},{"allowed_amount":0.00,"billing_code_modifier":[""],"providers":[{"billed_charge":38.25,"npi":[1366815144]},{"billed_charge":42.88,"npi":[1366815144]},{"billed_charge":44.60,"npi":[1366815144]},{"billed_charge":102.17,"npi":[1366815144]},{"billed_charge":195.82,"npi":[1366815144]},{"billed_charge":229.60,"npi":[1366815144]},{"billed_charge":267.87,"npi":[1366815144]},{"billed_charge":275.52,"npi":[1366815144]},{"billed_charge":334.45,"npi":[1366815144]}]},{"allowed_amount":0.00,"billing_code_modifier":[""],"providers":[{"billed_charge":38.25,"npi":[1366815144]},{"billed_charge":42.88,"npi":[1366815144]},{"billed_charge":44.60,"npi":[1366815144]},{"billed_charge":102.17,"npi":[1366815144]},{"billed_charge":195.82,"npi":[1366815144]},{"billed_charge":229.60,"npi":[1366815144]},{"billed_charge":267.87,"npi":[1366815144]},{"billed_charge":275.52,"npi":[1366815144]},{"billed_charge":334.45,"npi":[1366815144]}]},{"allowed_amount":0.00,"billing_code_modifier":[""],"providers":[{"billed_charge":38.25,"npi":[1366815144]},{"billed_charge":42.88,"npi":[1366815144]},{"billed_charge":44.60,"npi":[1366815144]},{"billed_charge":102.17,"npi":[1366815144]},{"billed_charge":195.82,"npi":[1366815144]},{"billed_charge":229.60,"npi":[1366815144]},{"billed_charge":267.87,"npi":[1366815144]},{"billed_charge":275.52,"npi":[1366815144]},{"billed_charge":334.45,"npi":[1366815144]}]},{"allowed_amount":0.00,"billing_code_modifier":[""],"providers":[{"billed_charge":38.25,"npi":[1366815144]},{"billed_charge":42.88,"npi":[1366815144]},{"billed_charge":44.60,"npi":[1366815144]},{"billed_charge":102.17,"npi":[1366815144]},{"billed_charge":195.82,"npi":[1366815144]},{"billed_charge":229.60,"npi":[1366815144]},{"billed_charge":267.87,"npi":[1366815144]},{"billed_charge":275.52,"npi":[1366815144]},{"billed_charge":334.45,"npi":[1366815144]}]},{"allowed_amount":0.00,"billing_code_modifier":[""],"providers":[{"billed_charge":38.25,"npi":[1366815144]},{"billed_charge":42.88,"npi":[1366815144]},{"billed_charge":44.60,"npi":[1366815144]},{"billed_charge":102.17,"npi":[1366815144]},{"billed_charge":195.82,"npi":[1366815144]},{"billed_charge":229.60,"npi":[1366815144]},{"billed_charge":267.87,"npi":[1366815144]},{"billed_charge":275.52,"npi":[1366815144]},{"billed_charge":334.45,"npi":[1366815144]}]}]},{"tin":{"type":"ein","value":"473923087"},"service_code":["23"],"billing_class":"institutional","payments":[{"allowed_amount":0.00,"billing_code_modifier":[""],"providers":[{"billed_charge":38.25,"npi":[1366815144]},{"billed_charge":42.88,"npi":[1366815144]},{"billed_charge":44.60,"npi":[1366815144]},{"billed_charge":102.17,"npi":[1366815144]},{"billed_charge":195.82,"npi":[1366815144]},{"billed_charge":229.60,"npi":[1366815144]},{"billed_charge":267.87,"npi":[1366815144]},{"billed_charge":275.52,"npi":[1366815144]},{"billed_charge":334.45,"npi":[1366815144]}]},{"allowed_amount":0.00,"billing_code_modifier":[""],"providers":[{"billed_charge":38.25,"npi":[1366815144]},{"billed_charge":42.88,"npi":[1366815144]},{"billed_charge":44.60,"npi":[1366815144]},{"billed_charge":102.17,"npi":[1366815144]},{"billed_charge":195.82,"npi":[1366815144]},{"billed_charge":229.60,"npi":[1366815144]},{"billed_charge":267.87,"npi":[1366815144]},{"billed_charge":275.52,"npi":[1366815144]},{"billed_charge":334.45,"npi":[1366815144]}]},{"allowed_amount":0.00,"billing_code_modifier":[""],"providers":[{"billed_charge":38.25,"npi":[1366815144]},{"billed_charge":42.88,"npi":[1366815144]},{"billed_charge":44.60,"npi":[1366815144]},{"billed_charge":102.17,"npi":[1366815144]},{"billed_charge":195.82,"npi":[1366815144]},{"billed_charge":229.60,"npi":[1366815144]},{"billed_charge":267.87,"npi":[1366815144]},{"billed_charge":275.52,"npi":[1366815144]},{"billed_charge":334.45,"npi":[1366815144]}]},{"allowed_amount":0.00,"billing_code_modifier":[""],"providers":[{"billed_charge":38.25,"npi":[1366815144]},{"billed_charge":42.88,"npi":[1366815144]},{"billed_charge":44.60,"npi":[1366815144]},{"billed_charge":102.17,"npi":[1366815144]},{"billed_charge":195.82,"npi":[1366815144]},{"billed_charge":229.60,"npi":[1366815144]},{"billed_charge":267.87,"npi":[1366815144]},{"billed_charge":275.52,"npi":[1366815144]},{"billed_charge":334.45,"npi":[1366815144]}]},{"allowed_amount":0.00,"billing_code_modifier":[""],"providers":[{"billed_charge":38.25,"npi":[1366815144]},{"billed_charge":42.88,"npi":[1366815144]},{"billed_charge":44.60,"npi":[1366815144]},{"billed_charge":102.17,"npi":[1366815144]},{"billed_charge":195.82,"npi":[1366815144]},{"billed_charge":229.60,"npi":[1366815144]},{"billed_charge":267.87,"npi":[1366815144]},{"billed_charge":275.52,"npi":[1366815144]},{"billed_charge":334.45,"npi":[1366815144]}]},{"allowed_amount":0.00,"billing_code_modifier":[""],"providers":[{"billed_charge":38.25,"npi":[1366815144]},{"billed_charge":42.88,"npi":[1366815144]},{"billed_charge":44.60,"npi":[1366815144]},{"billed_charge":102.17,"npi":[1366815144]},{"billed_charge":195.82,"npi":[1366815144]},{"billed_charge":229.60,"npi":[1366815144]},{"billed_charge":267.87,"npi":[1366815144]},{"billed_charge":275.52,"npi":[1366815144]},{"billed_charge":334.45,"npi":[1366815144]}]},{"allowed_amount":0.00,"billing_code_modifier":[""],"providers":[{"billed_charge":38.25,"npi":[1366815144]},{"billed_charge":42.88,"npi":[1366815144]},{"billed_charge":44.60,"npi":[1366815144]},{"billed_charge":102.17,"npi":[1366815144]},{"billed_charge":195.82,"npi":[1366815144]},{"billed_charge":229.60,"npi":[1366815144]},{"billed_charge":267.87,"npi":[1366815144]},{"billed_charge":275.52,"npi":[1366815144]},{"billed_charge":334.45,"npi":[1366815144]}]},{"allowed_amount":0.00,"billing_code_modifier":[""],"providers":[{"billed_charge":38.25,"npi":[1366815144]},{"billed_charge":42.88,"npi":[1366815144]},{"billed_charge":44.60,"npi":[1366815144]},{"billed_charge":102.17,"npi":[1366815144]},{"billed_charge":195.82,"npi":[1366815144]},{"billed_charge":229.60,"npi":[1366815144]},{"billed_charge":267.87,"npi":[1366815144]},{"billed_charge":275.52,"npi":[1366815144]},{"billed_charge":334.45,"npi":[1366815144]}]},{"allowed_amount":0.00,"billing_code_modifier":[""],"providers":[{"billed_charge":38.25,"npi":[1366815144]},{"billed_charge":42.88,"npi":[1366815144]},{"billed_charge":44.60,"npi":[1366815144]},{"billed_charge":102.17,"npi":[1366815144]},{"billed_charge":195.82,"npi":[1366815144]},{"billed_charge":229.60,"npi":[1366815144]},{"billed_charge":267.87,"npi":[1366815144]},{"billed_charge":275.52,"npi":[1366815144]},{"billed_charge":334.45,"npi":[1366815144]}]}]},{"tin":{"type":"ein","value":"473923087"},"service_code":["23"],"billing_class":"institutional","payments":[{"allowed_amount":0.00,"billing_code_modifier":[""],"providers":[{"billed_charge":38.25,"npi":[1366815144]},{"billed_charge":42.88,"npi":[1366815144]},{"billed_charge":44.60,"npi":[1366815144]},{"billed_charge":102.17,"npi":[1366815144]},{"billed_charge":195.82,"npi":[1366815144]},{"billed_charge":229.60,"npi":[1366815144]},{"billed_charge":267.87,"npi":[1366815144]},{"billed_charge":275.52,"npi":[1366815144]},{"billed_charge":334.45,"npi":[1366815144]}]},{"allowed_amount":0.00,"billing_code_modifier":[""],"providers":[{"billed_charge":38.25,"npi":[1366815144]},{"billed_charge":42.88,"npi":[1366815144]},{"billed_charge":44.60,"npi":[1366815144]},{"billed_charge":102.17,"npi":[1366815144]},{"billed_charge":195.82,"npi":[1366815144]},{"billed_charge":229.60,"npi":[1366815144]},{"billed_charge":267.87,"npi":[1366815144]},{"billed_charge":275.52,"npi":[1366815144]},{"billed_charge":334.45,"npi":[1366815144]}]},{"allowed_amount":0.00,"billing_code_modifier":[""],"providers":[{"billed_charge":38.25,"npi":[1366815144]},{"billed_charge":42.88,"npi":[1366815144]},{"billed_charge":44.60,"npi":[1366815144]},{"billed_charge":102.17,"npi":[1366815144]},{"billed_charge":195.82,"npi":[1366815144]},{"billed_charge":229.60,"npi":[1366815144]},{"billed_charge":267.87,"npi":[1366815144]},{"billed_charge":275.52,"npi":[1366815144]},{"billed_charge":334.45,"npi":[1366815144]}]},{"allowed_amount":0.00,"billing_code_modifier":[""],"providers":[{"billed_charge":38.25,"npi":[1366815144]},{"billed_charge":42.88,"npi":[1366815144]},{"billed_charge":44.60,"npi":[1366815144]},{"billed_charge":102.17,"npi":[1366815144]},{"billed_charge":195.82,"npi":[1366815144]},{"billed_charge":229.60,"npi":[1366815144]},{"billed_charge":267.87,"npi":[1366815144]},{"billed_charge":275.52,"npi":[1366815144]},{"billed_charge":334.45,"npi":[1366815144]}]},{"allowed_amount":0.00,"billing_code_modifier":[""],"providers":[{"billed_charge":38.25,"npi":[1366815144]},{"billed_charge":42.88,"npi":[1366815144]},{"billed_charge":44.60,"npi":[1366815144]},{"billed_charge":102.17,"npi":[1366815144]},{"billed_charge":195.82,"npi":[1366815144]},{"billed_charge":229.60,"npi":[1366815144]},{"billed_charge":267.87,"npi":[1366815144]},{"billed_charge":275.52,"npi":[1366815144]},{"billed_charge":334.45,"npi":[1366815144]}]},{"allowed_amount":0.00,"billing_code_modifier":[""],"providers":[{"billed_charge":38.25,"npi":[1366815144]},{"billed_charge":42.88,"npi":[1366815144]},{"billed_charge":44.60,"npi":[1366815144]},{"billed_charge":102.17,"npi":[1366815144]},{"billed_charge":195.82,"npi":[1366815144]},{"billed_charge":229.60,"npi":[1366815144]},{"billed_charge":267.87,"npi":[1366815144]},{"billed_charge":275.52,"npi":[1366815144]},{"billed_charge":334.45,"npi":[1366815144]}]},{"allowed_amount":0.00,"billing_code_modifier":[""],"providers":[{"billed_charge":38.25,"npi":[1366815144]},{"billed_charge":42.88,"npi":[1366815144]},{"billed_charge":44.60,"npi":[1366815144]},{"billed_charge":102.17,"npi":[1366815144]},{"billed_charge":195.82,"npi":[1366815144]},{"billed_charge":229.60,"npi":[1366815144]},{"billed_charge":267.87,"npi":[1366815144]},{"billed_charge":275.52,"npi":[1366815144]},{"billed_charge":334.45,"npi":[1366815144]}]},{"allowed_amount":0.00,"billing_code_modifier":[""],"providers":[{"billed_charge":38.25,"npi":[1366815144]},{"billed_charge":42.88,"npi":[1366815144]},{"billed_charge":44.60,"npi":[1366815144]},{"billed_charge":102.17,"npi":[1366815144]},{"billed_charge":195.82,"npi":[1366815144]},{"billed_charge":229.60,"npi":[1366815144]},{"billed_charge":267.87,"npi":[1366815144]},{"billed_charge":275.52,"npi":[1366815144]},{"billed_charge":334.45,"npi":[1366815144]}]},{"allowed_amount":0.00,"billing_code_modifier":[""],"providers":[{"billed_charge":38.25,"npi":[1366815144]},{"billed_charge":42.88,"npi":[1366815144]},{"billed_charge":44.60,"npi":[1366815144]},{"billed_charge":102.17,"npi":[1366815144]},{"billed_charge":195.82,"npi":[1366815144]},{"billed_charge":229.60,"npi":[1366815144]},{"billed_charge":267.87,"npi":[1366815144]},{"billed_charge":275.52,"npi":[1366815144]},{"billed_charge":334.45,"npi":[1366815144]}]}]},{"tin":{"type":"ein","value":"473923087"},"service_code":["23"],"billing_class":"institutional","payments":[{"allowed_amount":0.00,"billing_code_modifier":[""],"providers":[{"billed_charge":38.25,"npi":[1366815144]},{"billed_charge":42.88,"npi":[1366815144]},{"billed_charge":44.60,"npi":[1366815144]},{"billed_charge":102.17,"npi":[1366815144]},{"billed_charge":195.82,"npi":[1366815144]},{"billed_charge":229.60,"npi":[1366815144]},{"billed_charge":267.87,"npi":[1366815144]},{"billed_charge":275.52,"npi":[1366815144]},{"billed_charge":334.45,"npi":[1366815144]}]},{"allowed_amount":0.00,"billing_code_modifier":[""],"providers":[{"billed_charge":38.25,"npi":[1366815144]},{"billed_charge":42.88,"npi":[1366815144]},{"billed_charge":44.60,"npi":[1366815144]},{"billed_charge":102.17,"npi":[1366815144]},{"billed_charge":195.82,"npi":[1366815144]},{"billed_charge":229.60,"npi":[1366815144]},{"billed_charge":267.87,"npi":[1366815144]},{"billed_charge":275.52,"npi":[1366815144]},{"billed_charge":334.45,"npi":[1366815144]}]},{"allowed_amount":0.00,"billing_code_modifier":[""],"providers":[{"billed_charge":38.25,"npi":[1366815144]},{"billed_charge":42.88,"npi":[1366815144]},{"billed_charge":44.60,"npi":[1366815144]},{"billed_charge":102.17,"npi":[1366815144]},{"billed_charge":195.82,"npi":[1366815144]},{"billed_charge":229.60,"npi":[1366815144]},{"billed_charge":267.87,"npi":[1366815144]},{"billed_charge":275.52,"npi":[1366815144]},{"billed_charge":334.45,"npi":[1366815144]}]},{"allowed_amount":0.00,"billing_code_modifier":[""],"providers":[{"billed_charge":38.25,"npi":[1366815144]},{"billed_charge":42.88,"npi":[1366815144]},{"billed_charge":44.60,"npi":[1366815144]},{"billed_charge":102.17,"npi":[1366815144]},{"billed_charge":195.82,"npi":[1366815144]},{"billed_charge":229.60,"npi":[1366815144]},{"billed_charge":267.87,"npi":[1366815144]},{"billed_charge":275.52,"npi":[1366815144]},{"billed_charge":334.45,"npi":[1366815144]}]},{"allowed_amount":0.00,"billing_code_modifier":[""],"providers":[{"billed_charge":38.25,"npi":[1366815144]},{"billed_charge":42.88,"npi":[1366815144]},{"billed_charge":44.60,"npi":[1366815144]},{"billed_charge":102.17,"npi":[1366815144]},{"billed_charge":195.82,"npi":[1366815144]},{"billed_charge":229.60,"npi":[1366815144]},{"billed_charge":267.87,"npi":[1366815144]},{"billed_charge":275.52,"npi":[1366815144]},{"billed_charge":334.45,"npi":[1366815144]}]},{"allowed_amount":0.00,"billing_code_modifier":[""],"providers":[{"billed_charge":38.25,"npi":[1366815144]},{"billed_charge":42.88,"npi":[1366815144]},{"billed_charge":44.60,"npi":[1366815144]},{"billed_charge":102.17,"npi":[1366815144]},{"billed_charge":195.82,"npi":[1366815144]},{"billed_charge":229.60,"npi":[1366815144]},{"billed_charge":267.87,"npi":[1366815144]},{"billed_charge":275.52,"npi":[1366815144]},{"billed_charge":334.45,"npi":[1366815144]}]},{"allowed_amount":0.00,"billing_code_modifier":[""],"providers":[{"billed_charge":38.25,"npi":[1366815144]},{"billed_charge":42.88,"npi":[1366815144]},{"billed_charge":44.60,"npi":[1366815144]},{"billed_charge":102.17,"npi":[1366815144]},{"billed_charge":195.82,"npi":[1366815144]},{"billed_charge":229.60,"npi":[1366815144]},{"billed_charge":267.87,"npi":[1366815144]},{"billed_charge":275.52,"npi":[1366815144]},{"billed_charge":334.45,"npi":[1366815144]}]},{"allowed_amount":0.00,"billing_code_modifier":[""],"providers":[{"billed_charge":38.25,"npi":[1366815144]},{"billed_charge":42.88,"npi":[1366815144]},{"billed_charge":44.60,"npi":[1366815144]},{"billed_charge":102.17,"npi":[1366815144]},{"billed_charge":195.82,"npi":[1366815144]},{"billed_charge":229.60,"npi":[1366815144]},{"billed_charge":267.87,"npi":[1366815144]},{"billed_charge":275.52,"npi":[1366815144]},{"billed_charge":334.45,"npi":[1366815144]}]},{"allowed_amount":0.00,"billing_code_modifier":[""],"providers":[{"billed_charge":38.25,"npi":[1366815144]},{"billed_charge":42.88,"npi":[1366815144]},{"billed_charge":44.60,"npi":[1366815144]},{"billed_charge":102.17,"npi":[1366815144]},{"billed_charge":195.82,"npi":[1366815144]},{"billed_charge":229.60,"npi":[1366815144]},{"billed_charge":267.87,"npi":[1366815144]},{"billed_charge":275.52,"npi":[1366815144]},{"billed_charge":334.45,"npi":[1366815144]}]}]},{"tin":{"type":"ein","value":"473923087"},"service_code":["23"],"billing_class":"institutional","payments":[{"allowed_amount":0.00,"billing_code_modifier":[""],"providers":[{"billed_charge":38.25,"npi":[1366815144]},{"billed_charge":42.88,"npi":[1366815144]},{"billed_charge":44.60,"npi":[1366815144]},{"billed_charge":102.17,"npi":[1366815144]},{"billed_charge":195.82,"npi":[1366815144]},{"billed_charge":229.60,"npi":[1366815144]},{"billed_charge":267.87,"npi":[1366815144]},{"billed_charge":275.52,"npi":[1366815144]},{"billed_charge":334.45,"npi":[1366815144]}]},{"allowed_amount":0.00,"billing_code_modifier":[""],"providers":[{"billed_charge":38.25,"npi":[1366815144]},{"billed_charge":42.88,"npi":[1366815144]},{"billed_charge":44.60,"npi":[1366815144]},{"billed_charge":102.17,"npi":[1366815144]},{"billed_charge":195.82,"npi":[1366815144]},{"billed_charge":229.60,"npi":[1366815144]},{"billed_charge":267.87,"npi":[1366815144]},{"billed_charge":275.52,"npi":[1366815144]},{"billed_charge":334.45,"npi":[1366815144]}]},{"allowed_amount":0.00,"billing_code_modifier":[""],"providers":[{"billed_charge":38.25,"npi":[1366815144]},{"billed_charge":42.88,"npi":[1366815144]},{"billed_charge":44.60,"npi":[1366815144]},{"billed_charge":102.17,"npi":[1366815144]},{"billed_charge":195.82,"npi":[1366815144]},{"billed_charge":229.60,"npi":[1366815144]},{"billed_charge":267.87,"npi":[1366815144]},{"billed_charge":275.52,"npi":[1366815144]},{"billed_charge":334.45,"npi":[1366815144]}]},{"allowed_amount":0.00,"billing_code_modifier":[""],"providers":[{"billed_charge":38.25,"npi":[1366815144]},{"billed_charge":42.88,"npi":[1366815144]},{"billed_charge":44.60,"npi":[1366815144]},{"billed_charge":102.17,"npi":[1366815144]},{"billed_charge":195.82,"npi":[1366815144]},{"billed_charge":229.60,"npi":[1366815144]},{"billed_charge":267.87,"npi":[1366815144]},{"billed_charge":275.52,"npi":[1366815144]},{"billed_charge":334.45,"npi":[1366815144]}]},{"allowed_amount":0.00,"billing_code_modifier":[""],"providers":[{"billed_charge":38.25,"npi":[1366815144]},{"billed_charge":42.88,"npi":[1366815144]},{"billed_charge":44.60,"npi":[1366815144]},{"billed_charge":102.17,"npi":[1366815144]},{"billed_charge":195.82,"npi":[1366815144]},{"billed_charge":229.60,"npi":[1366815144]},{"billed_charge":267.87,"npi":[1366815144]},{"billed_charge":275.52,"npi":[1366815144]},{"billed_charge":334.45,"npi":[1366815144]}]},{"allowed_amount":0.00,"billing_code_modifier":[""],"providers":[{"billed_charge":38.25,"npi":[1366815144]},{"billed_charge":42.88,"npi":[1366815144]},{"billed_charge":44.60,"npi":[1366815144]},{"billed_charge":102.17,"npi":[1366815144]},{"billed_charge":195.82,"npi":[1366815144]},{"billed_charge":229.60,"npi":[1366815144]},{"billed_charge":267.87,"npi":[1366815144]},{"billed_charge":275.52,"npi":[1366815144]},{"billed_charge":334.45,"npi":[1366815144]}]},{"allowed_amount":0.00,"billing_code_modifier":[""],"providers":[{"billed_charge":38.25,"npi":[1366815144]},{"billed_charge":42.88,"npi":[1366815144]},{"billed_charge":44.60,"npi":[1366815144]},{"billed_charge":102.17,"npi":[1366815144]},{"billed_charge":195.82,"npi":[1366815144]},{"billed_charge":229.60,"npi":[1366815144]},{"billed_charge":267.87,"npi":[1366815144]},{"billed_charge":275.52,"npi":[1366815144]},{"billed_charge":334.45,"npi":[1366815144]}]},{"allowed_amount":0.00,"billing_code_modifier":[""],"providers":[{"billed_charge":38.25,"npi":[1366815144]},{"billed_charge":42.88,"npi":[1366815144]},{"billed_charge":44.60,"npi":[1366815144]},{"billed_charge":102.17,"npi":[1366815144]},{"billed_charge":195.82,"npi":[1366815144]},{"billed_charge":229.60,"npi":[1366815144]},{"billed_charge":267.87,"npi":[1366815144]},{"billed_charge":275.52,"npi":[1366815144]},{"billed_charge":334.45,"npi":[1366815144]}]},{"allowed_amount":0.00,"billing_code_modifier":[""],"providers":[{"billed_charge":38.25,"npi":[1366815144]},{"billed_charge":42.88,"npi":[1366815144]},{"billed_charge":44.60,"npi":[1366815144]},{"billed_charge":102.17,"npi":[1366815144]},{"billed_charge":195.82,"npi":[1366815144]},{"billed_charge":229.60,"npi":[1366815144]},{"billed_charge":267.87,"npi":[1366815144]},{"billed_charge":275.52,"npi":[1366815144]},{"billed_charge":334.45,"npi":[1366815144]}]}]},{"tin":{"type":"ein","value":"473923087"},"service_code":["23"],"billing_class":"institutional","payments":[{"allowed_amount":0.00,"billing_code_modifier":[""],"providers":[{"billed_charge":38.25,"npi":[1366815144]},{"billed_charge":42.88,"npi":[1366815144]},{"billed_charge":44.60,"npi":[1366815144]},{"billed_charge":102.17,"npi":[1366815144]},{"billed_charge":195.82,"npi":[1366815144]},{"billed_charge":229.60,"npi":[1366815144]},{"billed_charge":267.87,"npi":[1366815144]},{"billed_charge":275.52,"npi":[1366815144]},{"billed_charge":334.45,"npi":[1366815144]}]},{"allowed_amount":0.00,"billing_code_modifier":[""],"providers":[{"billed_charge":38.25,"npi":[1366815144]},{"billed_charge":42.88,"npi":[1366815144]},{"billed_charge":44.60,"npi":[1366815144]},{"billed_charge":102.17,"npi":[1366815144]},{"billed_charge":195.82,"npi":[1366815144]},{"billed_charge":229.60,"npi":[1366815144]},{"billed_charge":267.87,"npi":[1366815144]},{"billed_charge":275.52,"npi":[1366815144]},{"billed_charge":334.45,"npi":[1366815144]}]},{"allowed_amount":0.00,"billing_code_modifier":[""],"providers":[{"billed_charge":38.25,"npi":[1366815144]},{"billed_charge":42.88,"npi":[1366815144]},{"billed_charge":44.60,"npi":[1366815144]},{"billed_charge":102.17,"npi":[1366815144]},{"billed_charge":195.82,"npi":[1366815144]},{"billed_charge":229.60,"npi":[1366815144]},{"billed_charge":267.87,"npi":[1366815144]},{"billed_charge":275.52,"npi":[1366815144]},{"billed_charge":334.45,"npi":[1366815144]}]},{"allowed_amount":0.00,"billing_code_modifier":[""],"providers":[{"billed_charge":38.25,"npi":[1366815144]},{"billed_charge":42.88,"npi":[1366815144]},{"billed_charge":44.60,"npi":[1366815144]},{"billed_charge":102.17,"npi":[1366815144]},{"billed_charge":195.82,"npi":[1366815144]},{"billed_charge":229.60,"npi":[1366815144]},{"billed_charge":267.87,"npi":[1366815144]},{"billed_charge":275.52,"npi":[1366815144]},{"billed_charge":334.45,"npi":[1366815144]}]},{"allowed_amount":0.00,"billing_code_modifier":[""],"providers":[{"billed_charge":38.25,"npi":[1366815144]},{"billed_charge":42.88,"npi":[1366815144]},{"billed_charge":44.60,"npi":[1366815144]},{"billed_charge":102.17,"npi":[1366815144]},{"billed_charge":195.82,"npi":[1366815144]},{"billed_charge":229.60,"npi":[1366815144]},{"billed_charge":267.87,"npi":[1366815144]},{"billed_charge":275.52,"npi":[1366815144]},{"billed_charge":334.45,"npi":[1366815144]}]},{"allowed_amount":0.00,"billing_code_modifier":[""],"providers":[{"billed_charge":38.25,"npi":[1366815144]},{"billed_charge":42.88,"npi":[1366815144]},{"billed_charge":44.60,"npi":[1366815144]},{"billed_charge":102.17,"npi":[1366815144]},{"billed_charge":195.82,"npi":[1366815144]},{"billed_charge":229.60,"npi":[1366815144]},{"billed_charge":267.87,"npi":[1366815144]},{"billed_charge":275.52,"npi":[1366815144]},{"billed_charge":334.45,"npi":[1366815144]}]},{"allowed_amount":0.00,"billing_code_modifier":[""],"providers":[{"billed_charge":38.25,"npi":[1366815144]},{"billed_charge":42.88,"npi":[1366815144]},{"billed_charge":44.60,"npi":[1366815144]},{"billed_charge":102.17,"npi":[1366815144]},{"billed_charge":195.82,"npi":[1366815144]},{"billed_charge":229.60,"npi":[1366815144]},{"billed_charge":267.87,"npi":[1366815144]},{"billed_charge":275.52,"npi":[1366815144]},{"billed_charge":334.45,"npi":[1366815144]}]},{"allowed_amount":0.00,"billing_code_modifier":[""],"providers":[{"billed_charge":38.25,"npi":[1366815144]},{"billed_charge":42.88,"npi":[1366815144]},{"billed_charge":44.60,"npi":[1366815144]},{"billed_charge":102.17,"npi":[1366815144]},{"billed_charge":195.82,"npi":[1366815144]},{"billed_charge":229.60,"npi":[1366815144]},{"billed_charge":267.87,"npi":[1366815144]},{"billed_charge":275.52,"npi":[1366815144]},{"billed_charge":334.45,"npi":[1366815144]}]},{"allowed_amount":0.00,"billing_code_modifier":[""],"providers":[{"billed_charge":38.25,"npi":[1366815144]},{"billed_charge":42.88,"npi":[1366815144]},{"billed_charge":44.60,"npi":[1366815144]},{"billed_charge":102.17,"npi":[1366815144]},{"billed_charge":195.82,"npi":[1366815144]},{"billed_charge":229.60,"npi":[1366815144]},{"billed_charge":267.87,"npi":[1366815144]},{"billed_charge":275.52,"npi":[1366815144]},{"billed_charge":334.45,"npi":[1366815144]}]}]},{"tin":{"type":"ein","value":"822437084"},"service_code":["23"],"billing_class":"institutional","payments":[{"allowed_amount":0.00,"billing_code_modifier":[""],"providers":[{"billed_charge":100.00,"npi":[1205342755]},{"billed_charge":111.00,"npi":[1205342755]}]},{"allowed_amount":0.00,"billing_code_modifier":[""],"providers":[{"billed_charge":100.00,"npi":[1205342755]},{"billed_charge":111.00,"npi":[1205342755]}]}]},{"tin":{"type":"ein","value":"822437084"},"service_code":["23"],"billing_class":"institutional","payments":[{"allowed_amount":0.00,"billing_code_modifier":[""],"providers":[{"billed_charge":100.00,"npi":[1205342755]},{"billed_charge":111.00,"npi":[1205342755]}]},{"allowed_amount":0.00,"billing_code_modifier":[""],"providers":[{"billed_charge":100.00,"npi":[1205342755]},{"billed_charge":111.00,"npi":[1205342755]}]}]},{"tin":{"type":"ein","value":"831886652"},"service_code":["23"],"billing_class":"institutional","payments":[{"allowed_amount":0.00,"billing_code_modifier":[""],"providers":[{"billed_charge":834.00,"npi":[1912472929]}]}]},{"tin":{"type":"ein","value":"851820777"},"service_code":["23"],"billing_class":"institutional","payments":[{"allowed_amount":0.00,"billing_code_modifier":[""],"providers":[{"billed_charge":820.00,"npi":[1245844034]}]}]}]},{"name":"MEDICAL\/SURGICAL SUPPLIES","billing_code_type":"RC","billing_code_type_version":"UB04","billing_code":"0270","description":"MEDICAL\/SURGICAL SUPPLIES","allowed_amounts":[{"tin":{"type":"ein","value":"810747649"},"service_code":["65"],"billing_class":"institutional","payments":[{"allowed_amount":5.11,"billing_code_modifier":[""],"providers":[{"billed_charge":142.00,"npi":[1588023683,1730175332]}]}]},{"tin":{"type":"ein","value":"810747649"},"service_code":["65"],"billing_class":"institutional","payments":[{"allowed_amount":5.28,"billing_code_modifier":[""],"providers":[{"billed_charge":142.00,"npi":[1588023683,1730175332]}]}]},{"tin":{"type":"ein","value":"810747649"},"service_code":["65"],"billing_class":"institutional","payments":[{"allowed_amount":5.34,"billing_code_modifier":[""],"providers":[{"billed_charge":142.00,"npi":[1588023683,1730175332]}]}]},{"tin":{"type":"ein","value":"810747649"},"service_code":["65"],"billing_class":"institutional","payments":[{"allowed_amount":5.65,"billing_code_modifier":[""],"providers":[{"billed_charge":142.00,"npi":[1588023683,1730175332]}]}]}]},{"name":"MEDICAL\/SURGICAL SUPPLIES: NONSTERILE SUPPLIES","billing_code_type":"RC","billing_code_type_version":"UB04","billing_code":"0271","description":"MEDICAL\/SURGICAL SUPPLIES: NONSTERILE SUPPLIES","allowed_amounts":[{"tin":{"type":"ein","value":"810747649"},"service_code":["65"],"billing_class":"institutional","payments":[{"allowed_amount":8.37,"billing_code_modifier":[""],"providers":[{"billed_charge":232.38,"npi":[1588023683,1730175332]}]}]},{"tin":{"type":"ein","value":"810747649"},"service_code":["65"],"billing_class":"institutional","payments":[{"allowed_amount":8.63,"billing_code_modifier":[""],"providers":[{"billed_charge":232.38,"npi":[1588023683,1730175332]}]}]}]},{"name":"OFFICE\/OUTPATIENT EST PT MAY NOT REQ PHYS\/QHP","billing_code_type":"CPT","billing_code_type_version":"2020","billing_code":"99211","description":"OFFICE\/OUTPATIENT EST PT MAY NOT REQ PHYS\/QHP","allowed_amounts":[{"tin":{"type":"ein","value":"834259014"},"service_code":["11"],"billing_class":"professional","payments":[{"allowed_amount":22.60,"billing_code_modifier":[""],"providers":[{"billed_charge":46.00,"npi":[1275978876,1447875497]},{"billed_charge":50.00,"npi":[1447875497]}]},{"allowed_amount":22.60,"billing_code_modifier":[""],"providers":[{"billed_charge":46.00,"npi":[1275978876,1447875497]},{"billed_charge":50.00,"npi":[1447875497]}]}]},{"tin":{"type":"ein","value":"834259014"},"service_code":["11"],"billing_class":"professional","payments":[{"allowed_amount":22.60,"billing_code_modifier":[""],"providers":[{"billed_charge":46.00,"npi":[1275978876,1447875497]},{"billed_charge":50.00,"npi":[1447875497]}]},{"allowed_amount":22.60,"billing_code_modifier":[""],"providers":[{"billed_charge":46.00,"npi":[1275978876,1447875497]},{"billed_charge":50.00,"npi":[1447875497]}]}]}]},{"name":"OFFICE\/OUTPATIENT ESTABLISHED MOD MDM 30-39 MIN","billing_code_type":"CPT","billing_code_type_version":"2020","billing_code":"99214","description":"OFFICE\/OUTPATIENT ESTABLISHED MOD MDM 30-39 MIN","allowed_amounts":[{"tin":{"type":"ein","value":"274415643"},"service_code":["11"],"billing_class":"professional","payments":[{"allowed_amount":113.27,"billing_code_modifier":[""],"providers":[{"billed_charge":1250.00,"npi":[1609166545,1669613816]}]}]}]},{"name":"PHARMACY","billing_code_type":"RC","billing_code_type_version":"UB04","billing_code":"0250","description":"PHARMACY","allowed_amounts":[{"tin":{"type":"ein","value":"810747649"},"service_code":["65"],"billing_class":"institutional","payments":[{"allowed_amount":1.96,"billing_code_modifier":[""],"providers":[{"billed_charge":52.90,"npi":[1588023683,1730175332]}]}]}]},{"name":"PHYS\/MANIP TX MAINT NOT RESTORATION","billing_code_type":"HCPCS","billing_code_type_version":"HCPCS LEVEL II 2021","billing_code":"S8990","description":"PHYS\/MANIP TX MAINT NOT RESTORATION","allowed_amounts":[{"tin":{"type":"ein","value":"471419598"},"service_code":["11"],"billing_class":"professional","payments":[{"allowed_amount":19.86,"billing_code_modifier":[""],"providers":[{"billed_charge":60.00,"npi":[1457743072]}]}]},{"tin":{"type":"ein","value":"999999999"},"service_code":["11"],"billing_class":"professional","payments":[{"allowed_amount":31.86,"billing_code_modifier":[""],"providers":[{"billed_charge":60.00,"npi":[1457743072,1811389430]}]}]}]},{"name":"PSYCHIATRIC\/PSYCHOLOGICAL SVCS: PARTIAL HOSP - INT","billing_code_type":"RC","billing_code_type_version":"UB04","billing_code":"0913","description":"PSYCHIATRIC\/PSYCHOLOGICAL SVCS: PARTIAL HOSP - INT","allowed_amounts":[{"tin":{"type":"ein","value":"460955393"},"service_code":["21","22"],"billing_class":"institutional","payments":[{"allowed_amount":0.00,"billing_code_modifier":[""],"providers":[{"billed_charge":2200.00,"npi":[1033452974]}]}]}]},{"name":"PSYCHIATRIC\/PSYCHOLOGICAL SVCS: PARTIAL HOSP - LES","billing_code_type":"RC","billing_code_type_version":"UB04","billing_code":"0912","description":"PSYCHIATRIC\/PSYCHOLOGICAL SVCS: PARTIAL HOSP - LES","allowed_amounts":[{"tin":{"type":"ein","value":"473422344"},"service_code":["21","22"],"billing_class":"institutional","payments":[{"allowed_amount":553.00,"billing_code_modifier":[""],"providers":[{"billed_charge":3995.00,"npi":[1295235950]}]}]}]},{"name":"PSYCHIATRIC\/PSYCHOLOGICAL TRT: INTENSIVE OUT SERV","billing_code_type":"RC","billing_code_type_version":"UB04","billing_code":"0906","description":"PSYCHIATRIC\/PSYCHOLOGICAL TRT: INTENSIVE OUT SERV","allowed_amounts":[{"tin":{"type":"ein","value":"473422344"},"service_code":["22","99"],"billing_class":"institutional","payments":[{"allowed_amount":300.00,"billing_code_modifier":[""],"providers":[{"billed_charge":3495.00,"npi":[1295235950]}]}]}]},{"name":"PSYCHIATRIC\/PSYCHOLOGICAL TRT: INTENSIVE OUTPATIEN","billing_code_type":"RC","billing_code_type_version":"UB04","billing_code":"0905","description":"PSYCHIATRIC\/PSYCHOLOGICAL TRT: INTENSIVE OUTPATIEN","allowed_amounts":[{"tin":{"type":"ein","value":"874620239"},"service_code":["22"],"billing_class":"institutional","payments":[{"allowed_amount":439.00,"billing_code_modifier":[""],"providers":[{"billed_charge":2000.00,"npi":[1750037024]}]}]}]},{"name":"PSYCHOTHERAPY W\/PATIENT 45 MINUTES","billing_code_type":"CPT","billing_code_type_version":"2020","billing_code":"90834","description":"PSYCHOTHERAPY W\/PATIENT 45 MINUTES","allowed_amounts":[{"tin":{"type":"ein","value":"844162435"},"service_code":["02","11"],"billing_class":"professional","payments":[{"allowed_amount":123.43,"billing_code_modifier":[""],"providers":[{"billed_charge":130.00,"npi":[1952941452]}]}]},{"tin":{"type":"ein","value":"850844265"},"service_code":["11"],"billing_class":"professional","payments":[{"allowed_amount":123.43,"billing_code_modifier":[""],"providers":[{"billed_charge":140.00,"npi":[1760623995]}]}]}]},{"name":"PSYCHOTHERAPY W\/PATIENT 60 MINUTES","billing_code_type":"CPT","billing_code_type_version":"2020","billing_code":"90837","description":"PSYCHOTHERAPY W\/PATIENT 60 MINUTES","allowed_amounts":[{"tin":{"type":"ein","value":"260340084"},"service_code":["10","11"],"billing_class":"professional","payments":[{"allowed_amount":135.00,"billing_code_modifier":[""],"providers":[{"billed_charge":135.00,"npi":[1407920234]}]}]}]},{"name":"RESIDENTIAL TREATMENT-PSYCHIATRIC","billing_code_type":"RC","billing_code_type_version":"UB04","billing_code":"1001","description":"RESIDENTIAL TREATMENT-PSYCHIATRIC","allowed_amounts":[{"tin":{"type":"ein","value":"271459725"},"service_code":["21"],"billing_class":"institutional","payments":[{"allowed_amount":620.00,"billing_code_modifier":[""],"providers":[{"billed_charge":3500.00,"npi":[1396052825]}]}]},{"tin":{"type":"ein","value":"460955393"},"service_code":["21"],"billing_class":"institutional","payments":[{"allowed_amount":464.00,"billing_code_modifier":[""],"providers":[{"billed_charge":3400.00,"npi":[1033452974]}]}]},{"tin":{"type":"ein","value":"873431600"},"service_code":["21"],"billing_class":"institutional","payments":[{"allowed_amount":357.41,"billing_code_modifier":[""],"providers":[{"billed_charge":4150.00,"npi":[1851048995]}]}]}]},{"name":"SBSQ HOSPITAL IP\/OBS CARE MOD MDM 35 MINUTES","billing_code_type":"CPT","billing_code_type_version":"2020","billing_code":"99232","description":"SBSQ HOSPITAL IP\/OBS CARE MOD MDM 35 MINUTES","allowed_amounts":[{"tin":{"type":"ein","value":"251473689"},"service_code":["21"],"billing_class":"professional","payments":[{"allowed_amount":89.44,"billing_code_modifier":[""],"providers":[{"billed_charge":130.00,"npi":[1821128109]}]}]}]},{"name":"THERAPEUTIC PX 1\/> AREAS EACH 15 MIN EXERCISES","billing_code_type":"CPT","billing_code_type_version":"2020","billing_code":"97110","description":"THERAPEUTIC PX 1\/> AREAS EACH 15 MIN EXERCISES","allowed_amounts":[{"tin":{"type":"ein","value":"200956738"},"service_code":["11"],"billing_class":"professional","payments":[{"allowed_amount":25.55,"billing_code_modifier":[""],"providers":[{"billed_charge":62.66,"npi":[1588849269]}]}]},{"tin":{"type":"ein","value":"273718183"},"service_code":["11"],"billing_class":"professional","payments":[{"allowed_amount":25.23,"billing_code_modifier":[""],"providers":[{"billed_charge":200.00,"npi":[1386945343]}]}]},{"tin":{"type":"ein","value":"834259014"},"service_code":["11"],"billing_class":"professional","payments":[{"allowed_amount":25.55,"billing_code_modifier":[""],"providers":[{"billed_charge":75.00,"npi":[1447875497]}]}]}]}]}
