{"reporting_entity_name": "IEC Group_DBA AmeriBen",
	"reporting_entity_type": "Third Party Administrator",
	"plan_name": "CITY OF SIERRA VISTA",
	"plan_id_type": "ein",
	"plan_id": "866005496",
	"plan_market_type": "group",
	"last_updated_on": "2023-11-01","Version": "1.0.0","out_of_network":[{"name":"EMERGENCY DEPARTMENT VISIT MODERATE MDM","billing_code_type":"CPT","billing_code_type_version":"2020","billing_code":"99284","description":"EMERGENCY DEPARTMENT VISIT MODERATE MDM","allowed_amounts":[{"tin":{"type":"ein","value":"352574944"},"service_code":["23"],"billing_class":"professional","payments":[{"allowed_amount":479.21,"billing_code_modifier":[""],"providers":[{"billed_charge":1196.00,"npi":[1154332807,1184669749,1194766543,1457304925,1659640977,1700328663,1811072051]}]}]}]},{"name":"SBSQ HOSPITAL IP\/OBS CARE HIGH MDM 50 MINUTES","billing_code_type":"CPT","billing_code_type_version":"2020","billing_code":"99233","description":"SBSQ HOSPITAL IP\/OBS CARE HIGH MDM 50 MINUTES","allowed_amounts":[{"tin":{"type":"ein","value":"452464437"},"service_code":["61"],"billing_class":"professional","payments":[{"allowed_amount":471.16,"billing_code_modifier":[""],"providers":[{"billed_charge":718.00,"npi":[1043692593,1265818488,1447768130,1568758266,1871944777]}]}]}]},{"name":"SBSQ HOSPITAL IP\/OBS CARE MOD MDM 35 MINUTES","billing_code_type":"CPT","billing_code_type_version":"2020","billing_code":"99232","description":"SBSQ HOSPITAL IP\/OBS CARE MOD MDM 35 MINUTES","allowed_amounts":[{"tin":{"type":"ein","value":"452464437"},"service_code":["21","61"],"billing_class":"professional","payments":[{"allowed_amount":313.24,"billing_code_modifier":[""],"providers":[{"billed_charge":500.00,"npi":[1043692593,1104206895,1265818488,1447768130,1568758266,1750510327]}]}]}]}]}
