{"reporting_entity_name": "IEC Group_DBA AmeriBen",
	"reporting_entity_type": "Third Party Administrator",
	"plan_name": "INGRAM MICRO, INC",
	"plan_id_type": "ein",
	"plan_id": "621644402",
	"plan_market_type": "group",
	"last_updated_on": "2025-03-03","Version": "1.0.0","out_of_network":[{"name":"APPLICATION MODALITY 1\/> AREAS INFRARED","billing_code_type":"CPT","billing_code_type_version":"2020","billing_code":"97026","description":"APPLICATION MODALITY 1\/> AREAS INFRARED","allowed_amounts":[{"tin":{"type":"ein","value":"900777857"},"service_code":["11"],"billing_class":"professional","payments":[{"allowed_amount":30.00,"billing_code_modifier":[""],"providers":[{"billed_charge":45.00,"npi":[1598808404,1629321260]}]}]}]},{"name":"CHIROPRACTIC MANIPULATIVE TX SPINAL 3-4 REGIONS","billing_code_type":"CPT","billing_code_type_version":"2020","billing_code":"98941","description":"CHIROPRACTIC MANIPULATIVE TX SPINAL 3-4 REGIONS","allowed_amounts":[{"tin":{"type":"ein","value":"900777857"},"service_code":["11"],"billing_class":"professional","payments":[{"allowed_amount":65.00,"billing_code_modifier":[""],"providers":[{"billed_charge":65.00,"npi":[1598808404,1629321260]}]}]}]},{"name":"MANUAL THERAPY TQS 1\/> REGIONS EACH 15 MINUTES","billing_code_type":"CPT","billing_code_type_version":"2020","billing_code":"97140","description":"MANUAL THERAPY TQS 1\/> REGIONS EACH 15 MINUTES","allowed_amounts":[{"tin":{"type":"ein","value":"753174935"},"service_code":["11"],"billing_class":"professional","payments":[{"allowed_amount":17.86,"billing_code_modifier":[""],"providers":[{"billed_charge":75.00,"npi":[1225551047,1437447844,1548409626]}]}]}]},{"name":"PARNTRAL NUTRIT SPL KIT; PREMIX-DAY","billing_code_type":"HCPCS","billing_code_type_version":"HCPCS LEVEL II 2021","billing_code":"B4220","description":"PARNTRAL NUTRIT SPL KIT; PREMIX-DAY","allowed_amounts":[{"tin":{"type":"ein","value":"232474589"},"service_code":["65"],"billing_class":"professional","payments":[{"allowed_amount":4.13,"billing_code_modifier":[""],"providers":[{"billed_charge":15.00,"npi":[1114470390,1477946069]}]}]}]},{"name":"PARNTRAL NUTRITION ADMIN KIT-DAY","billing_code_type":"HCPCS","billing_code_type_version":"HCPCS LEVEL II 2021","billing_code":"B4224","description":"PARNTRAL NUTRITION ADMIN KIT-DAY","allowed_amounts":[{"tin":{"type":"ein","value":"232474589"},"service_code":["65"],"billing_class":"professional","payments":[{"allowed_amount":12.88,"billing_code_modifier":[""],"providers":[{"billed_charge":60.00,"npi":[1114470390,1477946069]}]}]}]},{"name":"PARNTRL NUT;AMINOACID&CARB 74-100GM","billing_code_type":"HCPCS","billing_code_type_version":"HCPCS LEVEL II 2021","billing_code":"B4197","description":"PARNTRL NUT;AMINOACID&CARB 74-100GM","allowed_amounts":[{"tin":{"type":"ein","value":"232474589"},"service_code":["65"],"billing_class":"professional","payments":[{"allowed_amount":131.39,"billing_code_modifier":[""],"providers":[{"billed_charge":667.00,"npi":[1114470390,1477946069]}]}]}]},{"name":"PSYCHOTHERAPY W\/PATIENT 45 MINUTES","billing_code_type":"CPT","billing_code_type_version":"2020","billing_code":"90834","description":"PSYCHOTHERAPY W\/PATIENT 45 MINUTES","allowed_amounts":[{"tin":{"type":"ein","value":"862427171"},"service_code":["02"],"billing_class":"professional","payments":[{"allowed_amount":219.84,"billing_code_modifier":[""],"providers":[{"billed_charge":250.00,"npi":[1144885351,1386398568]}]}]},{"tin":{"type":"ein","value":"862427171"},"service_code":["02"],"billing_class":"professional","payments":[{"allowed_amount":232.39,"billing_code_modifier":[""],"providers":[{"billed_charge":250.00,"npi":[1144885351,1386398568]}]}]}]},{"name":"THER PX 1\/> AREAS EACH 15 MIN NEUROMUSC REEDUCA","billing_code_type":"CPT","billing_code_type_version":"2020","billing_code":"97112","description":"THER PX 1\/> AREAS EACH 15 MIN NEUROMUSC REEDUCA","allowed_amounts":[{"tin":{"type":"ein","value":"753174935"},"service_code":["11"],"billing_class":"professional","payments":[{"allowed_amount":22.23,"billing_code_modifier":[""],"providers":[{"billed_charge":65.00,"npi":[1225551047,1437447844,1548409626]}]}]}]},{"name":"THERAPEUTIC PX 1\/> AREAS EACH 15 MIN EXERCISES","billing_code_type":"CPT","billing_code_type_version":"2020","billing_code":"97110","description":"THERAPEUTIC PX 1\/> AREAS EACH 15 MIN EXERCISES","allowed_amounts":[{"tin":{"type":"ein","value":"753174935"},"service_code":["11"],"billing_class":"professional","payments":[{"allowed_amount":19.38,"billing_code_modifier":[""],"providers":[{"billed_charge":65.00,"npi":[1225551047,1437447844,1548409626]}]}]},{"tin":{"type":"ein","value":"900777857"},"service_code":["11"],"billing_class":"professional","payments":[{"allowed_amount":55.00,"billing_code_modifier":[""],"providers":[{"billed_charge":75.00,"npi":[1598808404,1629321260]}]}]}]}]}
