{"reporting_entity_name": "IEC Group_DBA AmeriBen",
	"reporting_entity_type": "Third Party Administrator",
	"plan_name": "GKN SINTER METALS LLC",
	"plan_id_type": "ein",
	"plan_id": "383354796",
	"plan_market_type": "group",
	"last_updated_on": "2025-12-01","Version": "1.0.0","out_of_network":[{"name":"MEDICAL\/SURGICAL SUPPLIES","billing_code_type":"RC","billing_code_type_version":"UB04","billing_code":"0270","description":"MEDICAL\/SURGICAL SUPPLIES","allowed_amounts":[{"tin":{"type":"ein","value":"273316749"},"service_code":["65"],"billing_class":"institutional","payments":[{"allowed_amount":4.92,"billing_code_modifier":[""],"providers":[{"billed_charge":149.10,"npi":[1376545327,1518267566]}]}]}]}]}
