{"reporting_entity_name": "IEC Group_DBA AmeriBen",
	"reporting_entity_type": "Third Party Administrator",
	"plan_name": "FIVE RIVERS CATTLE FEEDING LLC",
	"plan_id_type": "ein",
	"plan_id": "260111691",
	"plan_market_type": "group",
	"last_updated_on": "2024-11-01","Version": "1.0.0","out_of_network":[{"name":"DRUGS REQUIRE SPECIFIC ID: DRUGS REQUIRING DETAIL","billing_code_type":"RC","billing_code_type_version":"UB04","billing_code":"0636","description":"DRUGS REQUIRE SPECIFIC ID: DRUGS REQUIRING DETAIL","allowed_amounts":[{"tin":{"type":"ein","value":"232763722"},"service_code":["65"],"billing_class":"institutional","payments":[{"allowed_amount":10.11,"billing_code_modifier":[""],"providers":[{"billed_charge":255.00,"npi":[1265446660,1487068326,1619936283]}]}]}]}]}
