{"reporting_entity_name": "IEC Group_DBA AmeriBen",
	"reporting_entity_type": "Third Party Administrator",
	"plan_name": "TECK AMERICAN INCORPORATED",
	"plan_id_type": "ein",
	"plan_id": "261974324",
	"plan_market_type": "group",
	"last_updated_on": "2022-08-01","Version": "1.0.0","out_of_network":[{"name":"ALCOHOL AND\/OR DRUG SERVICES","billing_code_type":"HCPCS","billing_code_type_version":"HCPCS LEVEL II 2021","billing_code":"H0005","description":"ALCOHOL AND\/OR DRUG SERVICES","allowed_amounts":[{"tin":{"type":"ein","value":"920078235"},"service_code":["02"],"billing_class":"professional","payments":[{"allowed_amount":20.04,"billing_code_modifier":[""],"providers":[{"billed_charge":120.00,"npi":[1992836670]}]}]}]}]}
