{"reporting_entity_name": "IEC Group_DBA AmeriBen",
	"reporting_entity_type": "Third Party Administrator",
	"plan_name": "RYOBI DIE CASTING USA INC",
	"plan_id_type": "ein",
	"plan_id": "382604602",
	"plan_market_type": "group",
	"last_updated_on": "2023-02-01","Version": "1.0.0","out_of_network":[{"name":"OFFICE\/OUTPATIENT ESTABLISHED MOD MDM 30-39 MIN","billing_code_type":"CPT","billing_code_type_version":"2020","billing_code":"99214","description":"OFFICE\/OUTPATIENT ESTABLISHED MOD MDM 30-39 MIN","allowed_amounts":[{"tin":{"type":"ein","value":"872338976"},"service_code":["02","11"],"billing_class":"professional","payments":[{"allowed_amount":89.71,"billing_code_modifier":[""],"providers":[{"billed_charge":290.00,"npi":[1497426050,1558015990,1912965849]},{"billed_charge":608.15,"npi":[1497426050,1558015990,1912965849]}]},{"allowed_amount":89.71,"billing_code_modifier":[""],"providers":[{"billed_charge":290.00,"npi":[1497426050,1558015990,1912965849]},{"billed_charge":608.15,"npi":[1497426050,1558015990,1912965849]}]}]},{"tin":{"type":"ein","value":"872338976"},"service_code":["11"],"billing_class":"professional","payments":[{"allowed_amount":89.71,"billing_code_modifier":[""],"providers":[{"billed_charge":290.00,"npi":[1497426050,1558015990,1912965849]},{"billed_charge":608.15,"npi":[1497426050,1558015990,1912965849]}]},{"allowed_amount":89.71,"billing_code_modifier":[""],"providers":[{"billed_charge":290.00,"npi":[1497426050,1558015990,1912965849]},{"billed_charge":608.15,"npi":[1497426050,1558015990,1912965849]}]}]}]},{"name":"PSYCHOTHERAPY W\/PATIENT 60 MINUTES","billing_code_type":"CPT","billing_code_type_version":"2020","billing_code":"90837","description":"PSYCHOTHERAPY W\/PATIENT 60 MINUTES","allowed_amounts":[{"tin":{"type":"ein","value":"833075318"},"service_code":["11"],"billing_class":"professional","payments":[{"allowed_amount":129.95,"billing_code_modifier":[""],"providers":[{"billed_charge":135.00,"npi":[1215565494]}]}]}]}]}
