{"reporting_entity_name": "IEC Group_DBA AmeriBen",
	"reporting_entity_type": "Third Party Administrator",
	"plan_name": "FC COMPASSUS LLC",
	"plan_id_type": "ein",
	"plan_id": "843139096",
	"plan_market_type": "group",
	"last_updated_on": "2022-09-30","Version": "1.0.0","out_of_network":[{"name":"CHIROPRACTIC MANIPULATIVE TX SPINAL 1-2 REGIONS","billing_code_type":"CPT","billing_code_type_version":"2020","billing_code":"98940","description":"CHIROPRACTIC MANIPULATIVE TX SPINAL 1-2 REGIONS","allowed_amounts":[{"tin":{"type":"ein","value":"391357790"},"service_code":["11"],"billing_class":"professional","payments":[{"allowed_amount":85.00,"billing_code_modifier":[""],"providers":[{"billed_charge":85.00,"npi":[1093702920,1578694253]}]}]}]},{"name":"CHIROPRACTIC MANIPULATIVE TX SPINAL 3-4 REGIONS","billing_code_type":"CPT","billing_code_type_version":"2020","billing_code":"98941","description":"CHIROPRACTIC MANIPULATIVE TX SPINAL 3-4 REGIONS","allowed_amounts":[{"tin":{"type":"ein","value":"263442799"},"service_code":["11"],"billing_class":"professional","payments":[{"allowed_amount":33.80,"billing_code_modifier":[""],"providers":[{"billed_charge":50.00,"npi":[1447409610,1467754085]}]}]}]},{"name":"COVID-19 LAB TEST NON-CDC HTT","billing_code_type":"HCPCS","billing_code_type_version":"HCPCS LEVEL II 2021","billing_code":"U0004","description":"COVID-19 LAB TEST NON-CDC HTT","allowed_amounts":[{"tin":{"type":"ein","value":"845066720"},"service_code":["81"],"billing_class":"professional","payments":[{"allowed_amount":75.00,"billing_code_modifier":[""],"providers":[{"billed_charge":220.00,"npi":[1033282967,1265482830,1316573827]}]}]},{"tin":{"type":"ein","value":"853664779"},"service_code":["81"],"billing_class":"professional","payments":[{"allowed_amount":75.00,"billing_code_modifier":[""],"providers":[{"billed_charge":113.00,"npi":[1437561099,1518555069]}]}]}]},{"name":"DRUGS REQUIRE SPECIFIC ID: DRUGS REQUIRING DETAIL","billing_code_type":"RC","billing_code_type_version":"UB04","billing_code":"0636","description":"DRUGS REQUIRE SPECIFIC ID: DRUGS REQUIRING DETAIL","allowed_amounts":[{"tin":{"type":"ein","value":"112226275"},"service_code":["65"],"billing_class":"institutional","payments":[{"allowed_amount":6.21,"billing_code_modifier":[""],"providers":[{"billed_charge":280.60,"npi":[1972615862,1982643656]}]}]}]},{"name":"IMHISTOCHEM\/CYTCHM 1ST ANTIBODY STAIN PROCEDURE","billing_code_type":"CPT","billing_code_type_version":"2020","billing_code":"88342","description":"IMHISTOCHEM\/CYTCHM 1ST ANTIBODY STAIN PROCEDURE","allowed_amounts":[{"tin":{"type":"ein","value":"646008520"},"service_code":["21"],"billing_class":"professional","payments":[{"allowed_amount":0.00,"billing_code_modifier":[""],"providers":[{"billed_charge":224.00,"npi":[1013132406,1154317527,1295151801]}]}]}]},{"name":"INFEC AGEN DETEC AMPLI PROBE","billing_code_type":"HCPCS","billing_code_type_version":"HCPCS LEVEL II 2021","billing_code":"U0005","description":"INFEC AGEN DETEC AMPLI PROBE","allowed_amounts":[{"tin":{"type":"ein","value":"133757370"},"service_code":["81"],"billing_class":"professional","payments":[{"allowed_amount":25.00,"billing_code_modifier":[""],"providers":[{"billed_charge":25.00,"npi":[1659501518,1750368700]}]}]},{"tin":{"type":"ein","value":"263844242"},"service_code":["81"],"billing_class":"professional","payments":[{"allowed_amount":25.00,"billing_code_modifier":[""],"providers":[{"billed_charge":37.50,"npi":[1346472859]}]}]},{"tin":{"type":"ein","value":"463663879"},"service_code":["81"],"billing_class":"professional","payments":[{"allowed_amount":0.00,"billing_code_modifier":[""],"providers":[{"billed_charge":25.00,"npi":[1154901445,1760897755]}]}]},{"tin":{"type":"ein","value":"471359076"},"service_code":["81"],"billing_class":"professional","payments":[{"allowed_amount":0.00,"billing_code_modifier":[""],"providers":[{"billed_charge":25.00,"npi":[1134538713,1821005554]}]}]},{"tin":{"type":"ein","value":"472462178"},"service_code":["81"],"billing_class":"professional","payments":[{"allowed_amount":0.00,"billing_code_modifier":[""],"providers":[{"billed_charge":50.00,"npi":[1144731605,1639311509,1962018374]}]}]},{"tin":{"type":"ein","value":"473727159"},"service_code":["81"],"billing_class":"professional","payments":[{"allowed_amount":0.00,"billing_code_modifier":[""],"providers":[{"billed_charge":25.00,"npi":[1104476779,1154937654,1225640030,1912521568]}]}]},{"tin":{"type":"ein","value":"621433252"},"service_code":["81"],"billing_class":"professional","payments":[{"allowed_amount":25.00,"billing_code_modifier":[""],"providers":[{"billed_charge":31.25,"npi":[1689639544,1710310479,1881352979]}]}]},{"tin":{"type":"ein","value":"845066720"},"service_code":["81"],"billing_class":"professional","payments":[{"allowed_amount":0.00,"billing_code_modifier":[""],"providers":[{"billed_charge":50.00,"npi":[1265482830,1316573827]}]}]},{"tin":{"type":"ein","value":"845066720"},"service_code":["81"],"billing_class":"professional","payments":[{"allowed_amount":25.00,"billing_code_modifier":[""],"providers":[{"billed_charge":50.00,"npi":[1033282967,1265482830,1316573827]}]}]},{"tin":{"type":"ein","value":"852364612"},"service_code":["81"],"billing_class":"professional","payments":[{"allowed_amount":25.00,"billing_code_modifier":[""],"providers":[{"billed_charge":75.00,"npi":[1740685387,1790386746]}]}]},{"tin":{"type":"ein","value":"853664779"},"service_code":["81"],"billing_class":"professional","payments":[{"allowed_amount":25.00,"billing_code_modifier":[""],"providers":[{"billed_charge":25.00,"npi":[1437561099,1518555069]}]}]},{"tin":{"type":"ein","value":"862091392"},"service_code":["81"],"billing_class":"professional","payments":[{"allowed_amount":25.00,"billing_code_modifier":[""],"providers":[{"billed_charge":50.00,"npi":[1275115529,1346417086]}]}]},{"tin":{"type":"ein","value":"880241758"},"service_code":["81"],"billing_class":"professional","payments":[{"allowed_amount":0.00,"billing_code_modifier":[""],"providers":[{"billed_charge":25.00,"npi":[1124417357,1508058017]}]}]},{"tin":{"type":"ein","value":"880241758"},"service_code":["81"],"billing_class":"professional","payments":[{"allowed_amount":25.00,"billing_code_modifier":[""],"providers":[{"billed_charge":25.00,"npi":[1124417357,1598714016]}]}]}]},{"name":"LABORATORY - CLINICAL DIAGNOSTIC","billing_code_type":"RC","billing_code_type_version":"UB04","billing_code":"0300","description":"LABORATORY - CLINICAL DIAGNOSTIC","allowed_amounts":[{"tin":{"type":"ein","value":"060646652"},"service_code":["22"],"billing_class":"institutional","payments":[{"allowed_amount":0.00,"billing_code_modifier":[""],"providers":[{"billed_charge":33.00,"npi":[1376537530,1578778726]},{"billed_charge":83.00,"npi":[1376537530,1578778726]},{"billed_charge":89.00,"npi":[1376537530,1578778726]}]},{"allowed_amount":0.00,"billing_code_modifier":[""],"providers":[{"billed_charge":33.00,"npi":[1376537530,1578778726]},{"billed_charge":83.00,"npi":[1376537530,1578778726]},{"billed_charge":89.00,"npi":[1376537530,1578778726]}]},{"allowed_amount":0.00,"billing_code_modifier":[""],"providers":[{"billed_charge":33.00,"npi":[1376537530,1578778726]},{"billed_charge":83.00,"npi":[1376537530,1578778726]},{"billed_charge":89.00,"npi":[1376537530,1578778726]}]}]},{"tin":{"type":"ein","value":"060646652"},"service_code":["22"],"billing_class":"institutional","payments":[{"allowed_amount":0.00,"billing_code_modifier":[""],"providers":[{"billed_charge":33.00,"npi":[1376537530,1578778726]},{"billed_charge":83.00,"npi":[1376537530,1578778726]},{"billed_charge":89.00,"npi":[1376537530,1578778726]}]},{"allowed_amount":0.00,"billing_code_modifier":[""],"providers":[{"billed_charge":33.00,"npi":[1376537530,1578778726]},{"billed_charge":83.00,"npi":[1376537530,1578778726]},{"billed_charge":89.00,"npi":[1376537530,1578778726]}]},{"allowed_amount":0.00,"billing_code_modifier":[""],"providers":[{"billed_charge":33.00,"npi":[1376537530,1578778726]},{"billed_charge":83.00,"npi":[1376537530,1578778726]},{"billed_charge":89.00,"npi":[1376537530,1578778726]}]}]},{"tin":{"type":"ein","value":"060646652"},"service_code":["22"],"billing_class":"institutional","payments":[{"allowed_amount":0.00,"billing_code_modifier":[""],"providers":[{"billed_charge":33.00,"npi":[1376537530,1578778726]},{"billed_charge":83.00,"npi":[1376537530,1578778726]},{"billed_charge":89.00,"npi":[1376537530,1578778726]}]},{"allowed_amount":0.00,"billing_code_modifier":[""],"providers":[{"billed_charge":33.00,"npi":[1376537530,1578778726]},{"billed_charge":83.00,"npi":[1376537530,1578778726]},{"billed_charge":89.00,"npi":[1376537530,1578778726]}]},{"allowed_amount":0.00,"billing_code_modifier":[""],"providers":[{"billed_charge":33.00,"npi":[1376537530,1578778726]},{"billed_charge":83.00,"npi":[1376537530,1578778726]},{"billed_charge":89.00,"npi":[1376537530,1578778726]}]}]},{"tin":{"type":"ein","value":"431142176"},"service_code":["23"],"billing_class":"institutional","payments":[{"allowed_amount":0.00,"billing_code_modifier":[""],"providers":[{"billed_charge":26.00,"npi":[1003981549]},{"billed_charge":99.75,"npi":[1003981549]}]},{"allowed_amount":0.00,"billing_code_modifier":[""],"providers":[{"billed_charge":26.00,"npi":[1003981549]},{"billed_charge":99.75,"npi":[1003981549]}]}]},{"tin":{"type":"ein","value":"431142176"},"service_code":["23"],"billing_class":"institutional","payments":[{"allowed_amount":0.00,"billing_code_modifier":[""],"providers":[{"billed_charge":26.00,"npi":[1003981549]},{"billed_charge":99.75,"npi":[1003981549]}]},{"allowed_amount":0.00,"billing_code_modifier":[""],"providers":[{"billed_charge":26.00,"npi":[1003981549]},{"billed_charge":99.75,"npi":[1003981549]}]}]},{"tin":{"type":"ein","value":"646008520"},"service_code":["21"],"billing_class":"institutional","payments":[{"allowed_amount":0.00,"billing_code_modifier":[""],"providers":[{"billed_charge":15726.00,"npi":[1013132406,1154317527]}]}]},{"tin":{"type":"ein","value":"810977948"},"service_code":["23"],"billing_class":"institutional","payments":[{"allowed_amount":0.00,"billing_code_modifier":[""],"providers":[{"billed_charge":29.70,"npi":[1821597600,1942749387]},{"billed_charge":52.20,"npi":[1821597600,1942749387]},{"billed_charge":75.20,"npi":[1821597600,1942749387]},{"billed_charge":76.40,"npi":[1821597600,1942749387]},{"billed_charge":78.10,"npi":[1821597600,1942749387]},{"billed_charge":90.70,"npi":[1821597600,1942749387]},{"billed_charge":103.20,"npi":[1821597600,1942749387]},{"billed_charge":108.30,"npi":[1821597600,1942749387]},{"billed_charge":143.90,"npi":[1821597600,1942749387]},{"billed_charge":159.20,"npi":[1821597600,1942749387]},{"billed_charge":225.40,"npi":[1821597600,1942749387]}]},{"allowed_amount":0.00,"billing_code_modifier":[""],"providers":[{"billed_charge":29.70,"npi":[1821597600,1942749387]},{"billed_charge":52.20,"npi":[1821597600,1942749387]},{"billed_charge":75.20,"npi":[1821597600,1942749387]},{"billed_charge":76.40,"npi":[1821597600,1942749387]},{"billed_charge":78.10,"npi":[1821597600,1942749387]},{"billed_charge":90.70,"npi":[1821597600,1942749387]},{"billed_charge":103.20,"npi":[1821597600,1942749387]},{"billed_charge":108.30,"npi":[1821597600,1942749387]},{"billed_charge":143.90,"npi":[1821597600,1942749387]},{"billed_charge":159.20,"npi":[1821597600,1942749387]},{"billed_charge":225.40,"npi":[1821597600,1942749387]}]},{"allowed_amount":0.00,"billing_code_modifier":[""],"providers":[{"billed_charge":29.70,"npi":[1821597600,1942749387]},{"billed_charge":52.20,"npi":[1821597600,1942749387]},{"billed_charge":75.20,"npi":[1821597600,1942749387]},{"billed_charge":76.40,"npi":[1821597600,1942749387]},{"billed_charge":78.10,"npi":[1821597600,1942749387]},{"billed_charge":90.70,"npi":[1821597600,1942749387]},{"billed_charge":103.20,"npi":[1821597600,1942749387]},{"billed_charge":108.30,"npi":[1821597600,1942749387]},{"billed_charge":143.90,"npi":[1821597600,1942749387]},{"billed_charge":159.20,"npi":[1821597600,1942749387]},{"billed_charge":225.40,"npi":[1821597600,1942749387]}]},{"allowed_amount":0.00,"billing_code_modifier":[""],"providers":[{"billed_charge":29.70,"npi":[1821597600,1942749387]},{"billed_charge":52.20,"npi":[1821597600,1942749387]},{"billed_charge":75.20,"npi":[1821597600,1942749387]},{"billed_charge":76.40,"npi":[1821597600,1942749387]},{"billed_charge":78.10,"npi":[1821597600,1942749387]},{"billed_charge":90.70,"npi":[1821597600,1942749387]},{"billed_charge":103.20,"npi":[1821597600,1942749387]},{"billed_charge":108.30,"npi":[1821597600,1942749387]},{"billed_charge":143.90,"npi":[1821597600,1942749387]},{"billed_charge":159.20,"npi":[1821597600,1942749387]},{"billed_charge":225.40,"npi":[1821597600,1942749387]}]},{"allowed_amount":0.00,"billing_code_modifier":[""],"providers":[{"billed_charge":29.70,"npi":[1821597600,1942749387]},{"billed_charge":52.20,"npi":[1821597600,1942749387]},{"billed_charge":75.20,"npi":[1821597600,1942749387]},{"billed_charge":76.40,"npi":[1821597600,1942749387]},{"billed_charge":78.10,"npi":[1821597600,1942749387]},{"billed_charge":90.70,"npi":[1821597600,1942749387]},{"billed_charge":103.20,"npi":[1821597600,1942749387]},{"billed_charge":108.30,"npi":[1821597600,1942749387]},{"billed_charge":143.90,"npi":[1821597600,1942749387]},{"billed_charge":159.20,"npi":[1821597600,1942749387]},{"billed_charge":225.40,"npi":[1821597600,1942749387]}]},{"allowed_amount":0.00,"billing_code_modifier":[""],"providers":[{"billed_charge":29.70,"npi":[1821597600,1942749387]},{"billed_charge":52.20,"npi":[1821597600,1942749387]},{"billed_charge":75.20,"npi":[1821597600,1942749387]},{"billed_charge":76.40,"npi":[1821597600,1942749387]},{"billed_charge":78.10,"npi":[1821597600,1942749387]},{"billed_charge":90.70,"npi":[1821597600,1942749387]},{"billed_charge":103.20,"npi":[1821597600,1942749387]},{"billed_charge":108.30,"npi":[1821597600,1942749387]},{"billed_charge":143.90,"npi":[1821597600,1942749387]},{"billed_charge":159.20,"npi":[1821597600,1942749387]},{"billed_charge":225.40,"npi":[1821597600,1942749387]}]},{"allowed_amount":0.00,"billing_code_modifier":[""],"providers":[{"billed_charge":29.70,"npi":[1821597600,1942749387]},{"billed_charge":52.20,"npi":[1821597600,1942749387]},{"billed_charge":75.20,"npi":[1821597600,1942749387]},{"billed_charge":76.40,"npi":[1821597600,1942749387]},{"billed_charge":78.10,"npi":[1821597600,1942749387]},{"billed_charge":90.70,"npi":[1821597600,1942749387]},{"billed_charge":103.20,"npi":[1821597600,1942749387]},{"billed_charge":108.30,"npi":[1821597600,1942749387]},{"billed_charge":143.90,"npi":[1821597600,1942749387]},{"billed_charge":159.20,"npi":[1821597600,1942749387]},{"billed_charge":225.40,"npi":[1821597600,1942749387]}]},{"allowed_amount":0.00,"billing_code_modifier":[""],"providers":[{"billed_charge":29.70,"npi":[1821597600,1942749387]},{"billed_charge":52.20,"npi":[1821597600,1942749387]},{"billed_charge":75.20,"npi":[1821597600,1942749387]},{"billed_charge":76.40,"npi":[1821597600,1942749387]},{"billed_charge":78.10,"npi":[1821597600,1942749387]},{"billed_charge":90.70,"npi":[1821597600,1942749387]},{"billed_charge":103.20,"npi":[1821597600,1942749387]},{"billed_charge":108.30,"npi":[1821597600,1942749387]},{"billed_charge":143.90,"npi":[1821597600,1942749387]},{"billed_charge":159.20,"npi":[1821597600,1942749387]},{"billed_charge":225.40,"npi":[1821597600,1942749387]}]},{"allowed_amount":0.00,"billing_code_modifier":[""],"providers":[{"billed_charge":29.70,"npi":[1821597600,1942749387]},{"billed_charge":52.20,"npi":[1821597600,1942749387]},{"billed_charge":75.20,"npi":[1821597600,1942749387]},{"billed_charge":76.40,"npi":[1821597600,1942749387]},{"billed_charge":78.10,"npi":[1821597600,1942749387]},{"billed_charge":90.70,"npi":[1821597600,1942749387]},{"billed_charge":103.20,"npi":[1821597600,1942749387]},{"billed_charge":108.30,"npi":[1821597600,1942749387]},{"billed_charge":143.90,"npi":[1821597600,1942749387]},{"billed_charge":159.20,"npi":[1821597600,1942749387]},{"billed_charge":225.40,"npi":[1821597600,1942749387]}]},{"allowed_amount":0.00,"billing_code_modifier":[""],"providers":[{"billed_charge":29.70,"npi":[1821597600,1942749387]},{"billed_charge":52.20,"npi":[1821597600,1942749387]},{"billed_charge":75.20,"npi":[1821597600,1942749387]},{"billed_charge":76.40,"npi":[1821597600,1942749387]},{"billed_charge":78.10,"npi":[1821597600,1942749387]},{"billed_charge":90.70,"npi":[1821597600,1942749387]},{"billed_charge":103.20,"npi":[1821597600,1942749387]},{"billed_charge":108.30,"npi":[1821597600,1942749387]},{"billed_charge":143.90,"npi":[1821597600,1942749387]},{"billed_charge":159.20,"npi":[1821597600,1942749387]},{"billed_charge":225.40,"npi":[1821597600,1942749387]}]},{"allowed_amount":0.00,"billing_code_modifier":[""],"providers":[{"billed_charge":29.70,"npi":[1821597600,1942749387]},{"billed_charge":52.20,"npi":[1821597600,1942749387]},{"billed_charge":75.20,"npi":[1821597600,1942749387]},{"billed_charge":76.40,"npi":[1821597600,1942749387]},{"billed_charge":78.10,"npi":[1821597600,1942749387]},{"billed_charge":90.70,"npi":[1821597600,1942749387]},{"billed_charge":103.20,"npi":[1821597600,1942749387]},{"billed_charge":108.30,"npi":[1821597600,1942749387]},{"billed_charge":143.90,"npi":[1821597600,1942749387]},{"billed_charge":159.20,"npi":[1821597600,1942749387]},{"billed_charge":225.40,"npi":[1821597600,1942749387]}]}]},{"tin":{"type":"ein","value":"810977948"},"service_code":["23"],"billing_class":"institutional","payments":[{"allowed_amount":0.00,"billing_code_modifier":[""],"providers":[{"billed_charge":29.70,"npi":[1821597600,1942749387]},{"billed_charge":52.20,"npi":[1821597600,1942749387]},{"billed_charge":75.20,"npi":[1821597600,1942749387]},{"billed_charge":76.40,"npi":[1821597600,1942749387]},{"billed_charge":78.10,"npi":[1821597600,1942749387]},{"billed_charge":90.70,"npi":[1821597600,1942749387]},{"billed_charge":103.20,"npi":[1821597600,1942749387]},{"billed_charge":108.30,"npi":[1821597600,1942749387]},{"billed_charge":143.90,"npi":[1821597600,1942749387]},{"billed_charge":159.20,"npi":[1821597600,1942749387]},{"billed_charge":225.40,"npi":[1821597600,1942749387]}]},{"allowed_amount":0.00,"billing_code_modifier":[""],"providers":[{"billed_charge":29.70,"npi":[1821597600,1942749387]},{"billed_charge":52.20,"npi":[1821597600,1942749387]},{"billed_charge":75.20,"npi":[1821597600,1942749387]},{"billed_charge":76.40,"npi":[1821597600,1942749387]},{"billed_charge":78.10,"npi":[1821597600,1942749387]},{"billed_charge":90.70,"npi":[1821597600,1942749387]},{"billed_charge":103.20,"npi":[1821597600,1942749387]},{"billed_charge":108.30,"npi":[1821597600,1942749387]},{"billed_charge":143.90,"npi":[1821597600,1942749387]},{"billed_charge":159.20,"npi":[1821597600,1942749387]},{"billed_charge":225.40,"npi":[1821597600,1942749387]}]},{"allowed_amount":0.00,"billing_code_modifier":[""],"providers":[{"billed_charge":29.70,"npi":[1821597600,1942749387]},{"billed_charge":52.20,"npi":[1821597600,1942749387]},{"billed_charge":75.20,"npi":[1821597600,1942749387]},{"billed_charge":76.40,"npi":[1821597600,1942749387]},{"billed_charge":78.10,"npi":[1821597600,1942749387]},{"billed_charge":90.70,"npi":[1821597600,1942749387]},{"billed_charge":103.20,"npi":[1821597600,1942749387]},{"billed_charge":108.30,"npi":[1821597600,1942749387]},{"billed_charge":143.90,"npi":[1821597600,1942749387]},{"billed_charge":159.20,"npi":[1821597600,1942749387]},{"billed_charge":225.40,"npi":[1821597600,1942749387]}]},{"allowed_amount":0.00,"billing_code_modifier":[""],"providers":[{"billed_charge":29.70,"npi":[1821597600,1942749387]},{"billed_charge":52.20,"npi":[1821597600,1942749387]},{"billed_charge":75.20,"npi":[1821597600,1942749387]},{"billed_charge":76.40,"npi":[1821597600,1942749387]},{"billed_charge":78.10,"npi":[1821597600,1942749387]},{"billed_charge":90.70,"npi":[1821597600,1942749387]},{"billed_charge":103.20,"npi":[1821597600,1942749387]},{"billed_charge":108.30,"npi":[1821597600,1942749387]},{"billed_charge":143.90,"npi":[1821597600,1942749387]},{"billed_charge":159.20,"npi":[1821597600,1942749387]},{"billed_charge":225.40,"npi":[1821597600,1942749387]}]},{"allowed_amount":0.00,"billing_code_modifier":[""],"providers":[{"billed_charge":29.70,"npi":[1821597600,1942749387]},{"billed_charge":52.20,"npi":[1821597600,1942749387]},{"billed_charge":75.20,"npi":[1821597600,1942749387]},{"billed_charge":76.40,"npi":[1821597600,1942749387]},{"billed_charge":78.10,"npi":[1821597600,1942749387]},{"billed_charge":90.70,"npi":[1821597600,1942749387]},{"billed_charge":103.20,"npi":[1821597600,1942749387]},{"billed_charge":108.30,"npi":[1821597600,1942749387]},{"billed_charge":143.90,"npi":[1821597600,1942749387]},{"billed_charge":159.20,"npi":[1821597600,1942749387]},{"billed_charge":225.40,"npi":[1821597600,1942749387]}]},{"allowed_amount":0.00,"billing_code_modifier":[""],"providers":[{"billed_charge":29.70,"npi":[1821597600,1942749387]},{"billed_charge":52.20,"npi":[1821597600,1942749387]},{"billed_charge":75.20,"npi":[1821597600,1942749387]},{"billed_charge":76.40,"npi":[1821597600,1942749387]},{"billed_charge":78.10,"npi":[1821597600,1942749387]},{"billed_charge":90.70,"npi":[1821597600,1942749387]},{"billed_charge":103.20,"npi":[1821597600,1942749387]},{"billed_charge":108.30,"npi":[1821597600,1942749387]},{"billed_charge":143.90,"npi":[1821597600,1942749387]},{"billed_charge":159.20,"npi":[1821597600,1942749387]},{"billed_charge":225.40,"npi":[1821597600,1942749387]}]},{"allowed_amount":0.00,"billing_code_modifier":[""],"providers":[{"billed_charge":29.70,"npi":[1821597600,1942749387]},{"billed_charge":52.20,"npi":[1821597600,1942749387]},{"billed_charge":75.20,"npi":[1821597600,1942749387]},{"billed_charge":76.40,"npi":[1821597600,1942749387]},{"billed_charge":78.10,"npi":[1821597600,1942749387]},{"billed_charge":90.70,"npi":[1821597600,1942749387]},{"billed_charge":103.20,"npi":[1821597600,1942749387]},{"billed_charge":108.30,"npi":[1821597600,1942749387]},{"billed_charge":143.90,"npi":[1821597600,1942749387]},{"billed_charge":159.20,"npi":[1821597600,1942749387]},{"billed_charge":225.40,"npi":[1821597600,1942749387]}]},{"allowed_amount":0.00,"billing_code_modifier":[""],"providers":[{"billed_charge":29.70,"npi":[1821597600,1942749387]},{"billed_charge":52.20,"npi":[1821597600,1942749387]},{"billed_charge":75.20,"npi":[1821597600,1942749387]},{"billed_charge":76.40,"npi":[1821597600,1942749387]},{"billed_charge":78.10,"npi":[1821597600,1942749387]},{"billed_charge":90.70,"npi":[1821597600,1942749387]},{"billed_charge":103.20,"npi":[1821597600,1942749387]},{"billed_charge":108.30,"npi":[1821597600,1942749387]},{"billed_charge":143.90,"npi":[1821597600,1942749387]},{"billed_charge":159.20,"npi":[1821597600,1942749387]},{"billed_charge":225.40,"npi":[1821597600,1942749387]}]},{"allowed_amount":0.00,"billing_code_modifier":[""],"providers":[{"billed_charge":29.70,"npi":[1821597600,1942749387]},{"billed_charge":52.20,"npi":[1821597600,1942749387]},{"billed_charge":75.20,"npi":[1821597600,1942749387]},{"billed_charge":76.40,"npi":[1821597600,1942749387]},{"billed_charge":78.10,"npi":[1821597600,1942749387]},{"billed_charge":90.70,"npi":[1821597600,1942749387]},{"billed_charge":103.20,"npi":[1821597600,1942749387]},{"billed_charge":108.30,"npi":[1821597600,1942749387]},{"billed_charge":143.90,"npi":[1821597600,1942749387]},{"billed_charge":159.20,"npi":[1821597600,1942749387]},{"billed_charge":225.40,"npi":[1821597600,1942749387]}]},{"allowed_amount":0.00,"billing_code_modifier":[""],"providers":[{"billed_charge":29.70,"npi":[1821597600,1942749387]},{"billed_charge":52.20,"npi":[1821597600,1942749387]},{"billed_charge":75.20,"npi":[1821597600,1942749387]},{"billed_charge":76.40,"npi":[1821597600,1942749387]},{"billed_charge":78.10,"npi":[1821597600,1942749387]},{"billed_charge":90.70,"npi":[1821597600,1942749387]},{"billed_charge":103.20,"npi":[1821597600,1942749387]},{"billed_charge":108.30,"npi":[1821597600,1942749387]},{"billed_charge":143.90,"npi":[1821597600,1942749387]},{"billed_charge":159.20,"npi":[1821597600,1942749387]},{"billed_charge":225.40,"npi":[1821597600,1942749387]}]},{"allowed_amount":0.00,"billing_code_modifier":[""],"providers":[{"billed_charge":29.70,"npi":[1821597600,1942749387]},{"billed_charge":52.20,"npi":[1821597600,1942749387]},{"billed_charge":75.20,"npi":[1821597600,1942749387]},{"billed_charge":76.40,"npi":[1821597600,1942749387]},{"billed_charge":78.10,"npi":[1821597600,1942749387]},{"billed_charge":90.70,"npi":[1821597600,1942749387]},{"billed_charge":103.20,"npi":[1821597600,1942749387]},{"billed_charge":108.30,"npi":[1821597600,1942749387]},{"billed_charge":143.90,"npi":[1821597600,1942749387]},{"billed_charge":159.20,"npi":[1821597600,1942749387]},{"billed_charge":225.40,"npi":[1821597600,1942749387]}]}]},{"tin":{"type":"ein","value":"810977948"},"service_code":["23"],"billing_class":"institutional","payments":[{"allowed_amount":0.00,"billing_code_modifier":[""],"providers":[{"billed_charge":29.70,"npi":[1821597600,1942749387]},{"billed_charge":52.20,"npi":[1821597600,1942749387]},{"billed_charge":75.20,"npi":[1821597600,1942749387]},{"billed_charge":76.40,"npi":[1821597600,1942749387]},{"billed_charge":78.10,"npi":[1821597600,1942749387]},{"billed_charge":90.70,"npi":[1821597600,1942749387]},{"billed_charge":103.20,"npi":[1821597600,1942749387]},{"billed_charge":108.30,"npi":[1821597600,1942749387]},{"billed_charge":143.90,"npi":[1821597600,1942749387]},{"billed_charge":159.20,"npi":[1821597600,1942749387]},{"billed_charge":225.40,"npi":[1821597600,1942749387]}]},{"allowed_amount":0.00,"billing_code_modifier":[""],"providers":[{"billed_charge":29.70,"npi":[1821597600,1942749387]},{"billed_charge":52.20,"npi":[1821597600,1942749387]},{"billed_charge":75.20,"npi":[1821597600,1942749387]},{"billed_charge":76.40,"npi":[1821597600,1942749387]},{"billed_charge":78.10,"npi":[1821597600,1942749387]},{"billed_charge":90.70,"npi":[1821597600,1942749387]},{"billed_charge":103.20,"npi":[1821597600,1942749387]},{"billed_charge":108.30,"npi":[1821597600,1942749387]},{"billed_charge":143.90,"npi":[1821597600,1942749387]},{"billed_charge":159.20,"npi":[1821597600,1942749387]},{"billed_charge":225.40,"npi":[1821597600,1942749387]}]},{"allowed_amount":0.00,"billing_code_modifier":[""],"providers":[{"billed_charge":29.70,"npi":[1821597600,1942749387]},{"billed_charge":52.20,"npi":[1821597600,1942749387]},{"billed_charge":75.20,"npi":[1821597600,1942749387]},{"billed_charge":76.40,"npi":[1821597600,1942749387]},{"billed_charge":78.10,"npi":[1821597600,1942749387]},{"billed_charge":90.70,"npi":[1821597600,1942749387]},{"billed_charge":103.20,"npi":[1821597600,1942749387]},{"billed_charge":108.30,"npi":[1821597600,1942749387]},{"billed_charge":143.90,"npi":[1821597600,1942749387]},{"billed_charge":159.20,"npi":[1821597600,1942749387]},{"billed_charge":225.40,"npi":[1821597600,1942749387]}]},{"allowed_amount":0.00,"billing_code_modifier":[""],"providers":[{"billed_charge":29.70,"npi":[1821597600,1942749387]},{"billed_charge":52.20,"npi":[1821597600,1942749387]},{"billed_charge":75.20,"npi":[1821597600,1942749387]},{"billed_charge":76.40,"npi":[1821597600,1942749387]},{"billed_charge":78.10,"npi":[1821597600,1942749387]},{"billed_charge":90.70,"npi":[1821597600,1942749387]},{"billed_charge":103.20,"npi":[1821597600,1942749387]},{"billed_charge":108.30,"npi":[1821597600,1942749387]},{"billed_charge":143.90,"npi":[1821597600,1942749387]},{"billed_charge":159.20,"npi":[1821597600,1942749387]},{"billed_charge":225.40,"npi":[1821597600,1942749387]}]},{"allowed_amount":0.00,"billing_code_modifier":[""],"providers":[{"billed_charge":29.70,"npi":[1821597600,1942749387]},{"billed_charge":52.20,"npi":[1821597600,1942749387]},{"billed_charge":75.20,"npi":[1821597600,1942749387]},{"billed_charge":76.40,"npi":[1821597600,1942749387]},{"billed_charge":78.10,"npi":[1821597600,1942749387]},{"billed_charge":90.70,"npi":[1821597600,1942749387]},{"billed_charge":103.20,"npi":[1821597600,1942749387]},{"billed_charge":108.30,"npi":[1821597600,1942749387]},{"billed_charge":143.90,"npi":[1821597600,1942749387]},{"billed_charge":159.20,"npi":[1821597600,1942749387]},{"billed_charge":225.40,"npi":[1821597600,1942749387]}]},{"allowed_amount":0.00,"billing_code_modifier":[""],"providers":[{"billed_charge":29.70,"npi":[1821597600,1942749387]},{"billed_charge":52.20,"npi":[1821597600,1942749387]},{"billed_charge":75.20,"npi":[1821597600,1942749387]},{"billed_charge":76.40,"npi":[1821597600,1942749387]},{"billed_charge":78.10,"npi":[1821597600,1942749387]},{"billed_charge":90.70,"npi":[1821597600,1942749387]},{"billed_charge":103.20,"npi":[1821597600,1942749387]},{"billed_charge":108.30,"npi":[1821597600,1942749387]},{"billed_charge":143.90,"npi":[1821597600,1942749387]},{"billed_charge":159.20,"npi":[1821597600,1942749387]},{"billed_charge":225.40,"npi":[1821597600,1942749387]}]},{"allowed_amount":0.00,"billing_code_modifier":[""],"providers":[{"billed_charge":29.70,"npi":[1821597600,1942749387]},{"billed_charge":52.20,"npi":[1821597600,1942749387]},{"billed_charge":75.20,"npi":[1821597600,1942749387]},{"billed_charge":76.40,"npi":[1821597600,1942749387]},{"billed_charge":78.10,"npi":[1821597600,1942749387]},{"billed_charge":90.70,"npi":[1821597600,1942749387]},{"billed_charge":103.20,"npi":[1821597600,1942749387]},{"billed_charge":108.30,"npi":[1821597600,1942749387]},{"billed_charge":143.90,"npi":[1821597600,1942749387]},{"billed_charge":159.20,"npi":[1821597600,1942749387]},{"billed_charge":225.40,"npi":[1821597600,1942749387]}]},{"allowed_amount":0.00,"billing_code_modifier":[""],"providers":[{"billed_charge":29.70,"npi":[1821597600,1942749387]},{"billed_charge":52.20,"npi":[1821597600,1942749387]},{"billed_charge":75.20,"npi":[1821597600,1942749387]},{"billed_charge":76.40,"npi":[1821597600,1942749387]},{"billed_charge":78.10,"npi":[1821597600,1942749387]},{"billed_charge":90.70,"npi":[1821597600,1942749387]},{"billed_charge":103.20,"npi":[1821597600,1942749387]},{"billed_charge":108.30,"npi":[1821597600,1942749387]},{"billed_charge":143.90,"npi":[1821597600,1942749387]},{"billed_charge":159.20,"npi":[1821597600,1942749387]},{"billed_charge":225.40,"npi":[1821597600,1942749387]}]},{"allowed_amount":0.00,"billing_code_modifier":[""],"providers":[{"billed_charge":29.70,"npi":[1821597600,1942749387]},{"billed_charge":52.20,"npi":[1821597600,1942749387]},{"billed_charge":75.20,"npi":[1821597600,1942749387]},{"billed_charge":76.40,"npi":[1821597600,1942749387]},{"billed_charge":78.10,"npi":[1821597600,1942749387]},{"billed_charge":90.70,"npi":[1821597600,1942749387]},{"billed_charge":103.20,"npi":[1821597600,1942749387]},{"billed_charge":108.30,"npi":[1821597600,1942749387]},{"billed_charge":143.90,"npi":[1821597600,1942749387]},{"billed_charge":159.20,"npi":[1821597600,1942749387]},{"billed_charge":225.40,"npi":[1821597600,1942749387]}]},{"allowed_amount":0.00,"billing_code_modifier":[""],"providers":[{"billed_charge":29.70,"npi":[1821597600,1942749387]},{"billed_charge":52.20,"npi":[1821597600,1942749387]},{"billed_charge":75.20,"npi":[1821597600,1942749387]},{"billed_charge":76.40,"npi":[1821597600,1942749387]},{"billed_charge":78.10,"npi":[1821597600,1942749387]},{"billed_charge":90.70,"npi":[1821597600,1942749387]},{"billed_charge":103.20,"npi":[1821597600,1942749387]},{"billed_charge":108.30,"npi":[1821597600,1942749387]},{"billed_charge":143.90,"npi":[1821597600,1942749387]},{"billed_charge":159.20,"npi":[1821597600,1942749387]},{"billed_charge":225.40,"npi":[1821597600,1942749387]}]},{"allowed_amount":0.00,"billing_code_modifier":[""],"providers":[{"billed_charge":29.70,"npi":[1821597600,1942749387]},{"billed_charge":52.20,"npi":[1821597600,1942749387]},{"billed_charge":75.20,"npi":[1821597600,1942749387]},{"billed_charge":76.40,"npi":[1821597600,1942749387]},{"billed_charge":78.10,"npi":[1821597600,1942749387]},{"billed_charge":90.70,"npi":[1821597600,1942749387]},{"billed_charge":103.20,"npi":[1821597600,1942749387]},{"billed_charge":108.30,"npi":[1821597600,1942749387]},{"billed_charge":143.90,"npi":[1821597600,1942749387]},{"billed_charge":159.20,"npi":[1821597600,1942749387]},{"billed_charge":225.40,"npi":[1821597600,1942749387]}]}]},{"tin":{"type":"ein","value":"810977948"},"service_code":["23"],"billing_class":"institutional","payments":[{"allowed_amount":0.00,"billing_code_modifier":[""],"providers":[{"billed_charge":29.70,"npi":[1821597600,1942749387]},{"billed_charge":52.20,"npi":[1821597600,1942749387]},{"billed_charge":75.20,"npi":[1821597600,1942749387]},{"billed_charge":76.40,"npi":[1821597600,1942749387]},{"billed_charge":78.10,"npi":[1821597600,1942749387]},{"billed_charge":90.70,"npi":[1821597600,1942749387]},{"billed_charge":103.20,"npi":[1821597600,1942749387]},{"billed_charge":108.30,"npi":[1821597600,1942749387]},{"billed_charge":143.90,"npi":[1821597600,1942749387]},{"billed_charge":159.20,"npi":[1821597600,1942749387]},{"billed_charge":225.40,"npi":[1821597600,1942749387]}]},{"allowed_amount":0.00,"billing_code_modifier":[""],"providers":[{"billed_charge":29.70,"npi":[1821597600,1942749387]},{"billed_charge":52.20,"npi":[1821597600,1942749387]},{"billed_charge":75.20,"npi":[1821597600,1942749387]},{"billed_charge":76.40,"npi":[1821597600,1942749387]},{"billed_charge":78.10,"npi":[1821597600,1942749387]},{"billed_charge":90.70,"npi":[1821597600,1942749387]},{"billed_charge":103.20,"npi":[1821597600,1942749387]},{"billed_charge":108.30,"npi":[1821597600,1942749387]},{"billed_charge":143.90,"npi":[1821597600,1942749387]},{"billed_charge":159.20,"npi":[1821597600,1942749387]},{"billed_charge":225.40,"npi":[1821597600,1942749387]}]},{"allowed_amount":0.00,"billing_code_modifier":[""],"providers":[{"billed_charge":29.70,"npi":[1821597600,1942749387]},{"billed_charge":52.20,"npi":[1821597600,1942749387]},{"billed_charge":75.20,"npi":[1821597600,1942749387]},{"billed_charge":76.40,"npi":[1821597600,1942749387]},{"billed_charge":78.10,"npi":[1821597600,1942749387]},{"billed_charge":90.70,"npi":[1821597600,1942749387]},{"billed_charge":103.20,"npi":[1821597600,1942749387]},{"billed_charge":108.30,"npi":[1821597600,1942749387]},{"billed_charge":143.90,"npi":[1821597600,1942749387]},{"billed_charge":159.20,"npi":[1821597600,1942749387]},{"billed_charge":225.40,"npi":[1821597600,1942749387]}]},{"allowed_amount":0.00,"billing_code_modifier":[""],"providers":[{"billed_charge":29.70,"npi":[1821597600,1942749387]},{"billed_charge":52.20,"npi":[1821597600,1942749387]},{"billed_charge":75.20,"npi":[1821597600,1942749387]},{"billed_charge":76.40,"npi":[1821597600,1942749387]},{"billed_charge":78.10,"npi":[1821597600,1942749387]},{"billed_charge":90.70,"npi":[1821597600,1942749387]},{"billed_charge":103.20,"npi":[1821597600,1942749387]},{"billed_charge":108.30,"npi":[1821597600,1942749387]},{"billed_charge":143.90,"npi":[1821597600,1942749387]},{"billed_charge":159.20,"npi":[1821597600,1942749387]},{"billed_charge":225.40,"npi":[1821597600,1942749387]}]},{"allowed_amount":0.00,"billing_code_modifier":[""],"providers":[{"billed_charge":29.70,"npi":[1821597600,1942749387]},{"billed_charge":52.20,"npi":[1821597600,1942749387]},{"billed_charge":75.20,"npi":[1821597600,1942749387]},{"billed_charge":76.40,"npi":[1821597600,1942749387]},{"billed_charge":78.10,"npi":[1821597600,1942749387]},{"billed_charge":90.70,"npi":[1821597600,1942749387]},{"billed_charge":103.20,"npi":[1821597600,1942749387]},{"billed_charge":108.30,"npi":[1821597600,1942749387]},{"billed_charge":143.90,"npi":[1821597600,1942749387]},{"billed_charge":159.20,"npi":[1821597600,1942749387]},{"billed_charge":225.40,"npi":[1821597600,1942749387]}]},{"allowed_amount":0.00,"billing_code_modifier":[""],"providers":[{"billed_charge":29.70,"npi":[1821597600,1942749387]},{"billed_charge":52.20,"npi":[1821597600,1942749387]},{"billed_charge":75.20,"npi":[1821597600,1942749387]},{"billed_charge":76.40,"npi":[1821597600,1942749387]},{"billed_charge":78.10,"npi":[1821597600,1942749387]},{"billed_charge":90.70,"npi":[1821597600,1942749387]},{"billed_charge":103.20,"npi":[1821597600,1942749387]},{"billed_charge":108.30,"npi":[1821597600,1942749387]},{"billed_charge":143.90,"npi":[1821597600,1942749387]},{"billed_charge":159.20,"npi":[1821597600,1942749387]},{"billed_charge":225.40,"npi":[1821597600,1942749387]}]},{"allowed_amount":0.00,"billing_code_modifier":[""],"providers":[{"billed_charge":29.70,"npi":[1821597600,1942749387]},{"billed_charge":52.20,"npi":[1821597600,1942749387]},{"billed_charge":75.20,"npi":[1821597600,1942749387]},{"billed_charge":76.40,"npi":[1821597600,1942749387]},{"billed_charge":78.10,"npi":[1821597600,1942749387]},{"billed_charge":90.70,"npi":[1821597600,1942749387]},{"billed_charge":103.20,"npi":[1821597600,1942749387]},{"billed_charge":108.30,"npi":[1821597600,1942749387]},{"billed_charge":143.90,"npi":[1821597600,1942749387]},{"billed_charge":159.20,"npi":[1821597600,1942749387]},{"billed_charge":225.40,"npi":[1821597600,1942749387]}]},{"allowed_amount":0.00,"billing_code_modifier":[""],"providers":[{"billed_charge":29.70,"npi":[1821597600,1942749387]},{"billed_charge":52.20,"npi":[1821597600,1942749387]},{"billed_charge":75.20,"npi":[1821597600,1942749387]},{"billed_charge":76.40,"npi":[1821597600,1942749387]},{"billed_charge":78.10,"npi":[1821597600,1942749387]},{"billed_charge":90.70,"npi":[1821597600,1942749387]},{"billed_charge":103.20,"npi":[1821597600,1942749387]},{"billed_charge":108.30,"npi":[1821597600,1942749387]},{"billed_charge":143.90,"npi":[1821597600,1942749387]},{"billed_charge":159.20,"npi":[1821597600,1942749387]},{"billed_charge":225.40,"npi":[1821597600,1942749387]}]},{"allowed_amount":0.00,"billing_code_modifier":[""],"providers":[{"billed_charge":29.70,"npi":[1821597600,1942749387]},{"billed_charge":52.20,"npi":[1821597600,1942749387]},{"billed_charge":75.20,"npi":[1821597600,1942749387]},{"billed_charge":76.40,"npi":[1821597600,1942749387]},{"billed_charge":78.10,"npi":[1821597600,1942749387]},{"billed_charge":90.70,"npi":[1821597600,1942749387]},{"billed_charge":103.20,"npi":[1821597600,1942749387]},{"billed_charge":108.30,"npi":[1821597600,1942749387]},{"billed_charge":143.90,"npi":[1821597600,1942749387]},{"billed_charge":159.20,"npi":[1821597600,1942749387]},{"billed_charge":225.40,"npi":[1821597600,1942749387]}]},{"allowed_amount":0.00,"billing_code_modifier":[""],"providers":[{"billed_charge":29.70,"npi":[1821597600,1942749387]},{"billed_charge":52.20,"npi":[1821597600,1942749387]},{"billed_charge":75.20,"npi":[1821597600,1942749387]},{"billed_charge":76.40,"npi":[1821597600,1942749387]},{"billed_charge":78.10,"npi":[1821597600,1942749387]},{"billed_charge":90.70,"npi":[1821597600,1942749387]},{"billed_charge":103.20,"npi":[1821597600,1942749387]},{"billed_charge":108.30,"npi":[1821597600,1942749387]},{"billed_charge":143.90,"npi":[1821597600,1942749387]},{"billed_charge":159.20,"npi":[1821597600,1942749387]},{"billed_charge":225.40,"npi":[1821597600,1942749387]}]},{"allowed_amount":0.00,"billing_code_modifier":[""],"providers":[{"billed_charge":29.70,"npi":[1821597600,1942749387]},{"billed_charge":52.20,"npi":[1821597600,1942749387]},{"billed_charge":75.20,"npi":[1821597600,1942749387]},{"billed_charge":76.40,"npi":[1821597600,1942749387]},{"billed_charge":78.10,"npi":[1821597600,1942749387]},{"billed_charge":90.70,"npi":[1821597600,1942749387]},{"billed_charge":103.20,"npi":[1821597600,1942749387]},{"billed_charge":108.30,"npi":[1821597600,1942749387]},{"billed_charge":143.90,"npi":[1821597600,1942749387]},{"billed_charge":159.20,"npi":[1821597600,1942749387]},{"billed_charge":225.40,"npi":[1821597600,1942749387]}]}]},{"tin":{"type":"ein","value":"810977948"},"service_code":["23"],"billing_class":"institutional","payments":[{"allowed_amount":0.00,"billing_code_modifier":[""],"providers":[{"billed_charge":29.70,"npi":[1821597600,1942749387]},{"billed_charge":52.20,"npi":[1821597600,1942749387]},{"billed_charge":75.20,"npi":[1821597600,1942749387]},{"billed_charge":76.40,"npi":[1821597600,1942749387]},{"billed_charge":78.10,"npi":[1821597600,1942749387]},{"billed_charge":90.70,"npi":[1821597600,1942749387]},{"billed_charge":103.20,"npi":[1821597600,1942749387]},{"billed_charge":108.30,"npi":[1821597600,1942749387]},{"billed_charge":143.90,"npi":[1821597600,1942749387]},{"billed_charge":159.20,"npi":[1821597600,1942749387]},{"billed_charge":225.40,"npi":[1821597600,1942749387]}]},{"allowed_amount":0.00,"billing_code_modifier":[""],"providers":[{"billed_charge":29.70,"npi":[1821597600,1942749387]},{"billed_charge":52.20,"npi":[1821597600,1942749387]},{"billed_charge":75.20,"npi":[1821597600,1942749387]},{"billed_charge":76.40,"npi":[1821597600,1942749387]},{"billed_charge":78.10,"npi":[1821597600,1942749387]},{"billed_charge":90.70,"npi":[1821597600,1942749387]},{"billed_charge":103.20,"npi":[1821597600,1942749387]},{"billed_charge":108.30,"npi":[1821597600,1942749387]},{"billed_charge":143.90,"npi":[1821597600,1942749387]},{"billed_charge":159.20,"npi":[1821597600,1942749387]},{"billed_charge":225.40,"npi":[1821597600,1942749387]}]},{"allowed_amount":0.00,"billing_code_modifier":[""],"providers":[{"billed_charge":29.70,"npi":[1821597600,1942749387]},{"billed_charge":52.20,"npi":[1821597600,1942749387]},{"billed_charge":75.20,"npi":[1821597600,1942749387]},{"billed_charge":76.40,"npi":[1821597600,1942749387]},{"billed_charge":78.10,"npi":[1821597600,1942749387]},{"billed_charge":90.70,"npi":[1821597600,1942749387]},{"billed_charge":103.20,"npi":[1821597600,1942749387]},{"billed_charge":108.30,"npi":[1821597600,1942749387]},{"billed_charge":143.90,"npi":[1821597600,1942749387]},{"billed_charge":159.20,"npi":[1821597600,1942749387]},{"billed_charge":225.40,"npi":[1821597600,1942749387]}]},{"allowed_amount":0.00,"billing_code_modifier":[""],"providers":[{"billed_charge":29.70,"npi":[1821597600,1942749387]},{"billed_charge":52.20,"npi":[1821597600,1942749387]},{"billed_charge":75.20,"npi":[1821597600,1942749387]},{"billed_charge":76.40,"npi":[1821597600,1942749387]},{"billed_charge":78.10,"npi":[1821597600,1942749387]},{"billed_charge":90.70,"npi":[1821597600,1942749387]},{"billed_charge":103.20,"npi":[1821597600,1942749387]},{"billed_charge":108.30,"npi":[1821597600,1942749387]},{"billed_charge":143.90,"npi":[1821597600,1942749387]},{"billed_charge":159.20,"npi":[1821597600,1942749387]},{"billed_charge":225.40,"npi":[1821597600,1942749387]}]},{"allowed_amount":0.00,"billing_code_modifier":[""],"providers":[{"billed_charge":29.70,"npi":[1821597600,1942749387]},{"billed_charge":52.20,"npi":[1821597600,1942749387]},{"billed_charge":75.20,"npi":[1821597600,1942749387]},{"billed_charge":76.40,"npi":[1821597600,1942749387]},{"billed_charge":78.10,"npi":[1821597600,1942749387]},{"billed_charge":90.70,"npi":[1821597600,1942749387]},{"billed_charge":103.20,"npi":[1821597600,1942749387]},{"billed_charge":108.30,"npi":[1821597600,1942749387]},{"billed_charge":143.90,"npi":[1821597600,1942749387]},{"billed_charge":159.20,"npi":[1821597600,1942749387]},{"billed_charge":225.40,"npi":[1821597600,1942749387]}]},{"allowed_amount":0.00,"billing_code_modifier":[""],"providers":[{"billed_charge":29.70,"npi":[1821597600,1942749387]},{"billed_charge":52.20,"npi":[1821597600,1942749387]},{"billed_charge":75.20,"npi":[1821597600,1942749387]},{"billed_charge":76.40,"npi":[1821597600,1942749387]},{"billed_charge":78.10,"npi":[1821597600,1942749387]},{"billed_charge":90.70,"npi":[1821597600,1942749387]},{"billed_charge":103.20,"npi":[1821597600,1942749387]},{"billed_charge":108.30,"npi":[1821597600,1942749387]},{"billed_charge":143.90,"npi":[1821597600,1942749387]},{"billed_charge":159.20,"npi":[1821597600,1942749387]},{"billed_charge":225.40,"npi":[1821597600,1942749387]}]},{"allowed_amount":0.00,"billing_code_modifier":[""],"providers":[{"billed_charge":29.70,"npi":[1821597600,1942749387]},{"billed_charge":52.20,"npi":[1821597600,1942749387]},{"billed_charge":75.20,"npi":[1821597600,1942749387]},{"billed_charge":76.40,"npi":[1821597600,1942749387]},{"billed_charge":78.10,"npi":[1821597600,1942749387]},{"billed_charge":90.70,"npi":[1821597600,1942749387]},{"billed_charge":103.20,"npi":[1821597600,1942749387]},{"billed_charge":108.30,"npi":[1821597600,1942749387]},{"billed_charge":143.90,"npi":[1821597600,1942749387]},{"billed_charge":159.20,"npi":[1821597600,1942749387]},{"billed_charge":225.40,"npi":[1821597600,1942749387]}]},{"allowed_amount":0.00,"billing_code_modifier":[""],"providers":[{"billed_charge":29.70,"npi":[1821597600,1942749387]},{"billed_charge":52.20,"npi":[1821597600,1942749387]},{"billed_charge":75.20,"npi":[1821597600,1942749387]},{"billed_charge":76.40,"npi":[1821597600,1942749387]},{"billed_charge":78.10,"npi":[1821597600,1942749387]},{"billed_charge":90.70,"npi":[1821597600,1942749387]},{"billed_charge":103.20,"npi":[1821597600,1942749387]},{"billed_charge":108.30,"npi":[1821597600,1942749387]},{"billed_charge":143.90,"npi":[1821597600,1942749387]},{"billed_charge":159.20,"npi":[1821597600,1942749387]},{"billed_charge":225.40,"npi":[1821597600,1942749387]}]},{"allowed_amount":0.00,"billing_code_modifier":[""],"providers":[{"billed_charge":29.70,"npi":[1821597600,1942749387]},{"billed_charge":52.20,"npi":[1821597600,1942749387]},{"billed_charge":75.20,"npi":[1821597600,1942749387]},{"billed_charge":76.40,"npi":[1821597600,1942749387]},{"billed_charge":78.10,"npi":[1821597600,1942749387]},{"billed_charge":90.70,"npi":[1821597600,1942749387]},{"billed_charge":103.20,"npi":[1821597600,1942749387]},{"billed_charge":108.30,"npi":[1821597600,1942749387]},{"billed_charge":143.90,"npi":[1821597600,1942749387]},{"billed_charge":159.20,"npi":[1821597600,1942749387]},{"billed_charge":225.40,"npi":[1821597600,1942749387]}]},{"allowed_amount":0.00,"billing_code_modifier":[""],"providers":[{"billed_charge":29.70,"npi":[1821597600,1942749387]},{"billed_charge":52.20,"npi":[1821597600,1942749387]},{"billed_charge":75.20,"npi":[1821597600,1942749387]},{"billed_charge":76.40,"npi":[1821597600,1942749387]},{"billed_charge":78.10,"npi":[1821597600,1942749387]},{"billed_charge":90.70,"npi":[1821597600,1942749387]},{"billed_charge":103.20,"npi":[1821597600,1942749387]},{"billed_charge":108.30,"npi":[1821597600,1942749387]},{"billed_charge":143.90,"npi":[1821597600,1942749387]},{"billed_charge":159.20,"npi":[1821597600,1942749387]},{"billed_charge":225.40,"npi":[1821597600,1942749387]}]},{"allowed_amount":0.00,"billing_code_modifier":[""],"providers":[{"billed_charge":29.70,"npi":[1821597600,1942749387]},{"billed_charge":52.20,"npi":[1821597600,1942749387]},{"billed_charge":75.20,"npi":[1821597600,1942749387]},{"billed_charge":76.40,"npi":[1821597600,1942749387]},{"billed_charge":78.10,"npi":[1821597600,1942749387]},{"billed_charge":90.70,"npi":[1821597600,1942749387]},{"billed_charge":103.20,"npi":[1821597600,1942749387]},{"billed_charge":108.30,"npi":[1821597600,1942749387]},{"billed_charge":143.90,"npi":[1821597600,1942749387]},{"billed_charge":159.20,"npi":[1821597600,1942749387]},{"billed_charge":225.40,"npi":[1821597600,1942749387]}]}]},{"tin":{"type":"ein","value":"810977948"},"service_code":["23"],"billing_class":"institutional","payments":[{"allowed_amount":0.00,"billing_code_modifier":[""],"providers":[{"billed_charge":29.70,"npi":[1821597600,1942749387]},{"billed_charge":52.20,"npi":[1821597600,1942749387]},{"billed_charge":75.20,"npi":[1821597600,1942749387]},{"billed_charge":76.40,"npi":[1821597600,1942749387]},{"billed_charge":78.10,"npi":[1821597600,1942749387]},{"billed_charge":90.70,"npi":[1821597600,1942749387]},{"billed_charge":103.20,"npi":[1821597600,1942749387]},{"billed_charge":108.30,"npi":[1821597600,1942749387]},{"billed_charge":143.90,"npi":[1821597600,1942749387]},{"billed_charge":159.20,"npi":[1821597600,1942749387]},{"billed_charge":225.40,"npi":[1821597600,1942749387]}]},{"allowed_amount":0.00,"billing_code_modifier":[""],"providers":[{"billed_charge":29.70,"npi":[1821597600,1942749387]},{"billed_charge":52.20,"npi":[1821597600,1942749387]},{"billed_charge":75.20,"npi":[1821597600,1942749387]},{"billed_charge":76.40,"npi":[1821597600,1942749387]},{"billed_charge":78.10,"npi":[1821597600,1942749387]},{"billed_charge":90.70,"npi":[1821597600,1942749387]},{"billed_charge":103.20,"npi":[1821597600,1942749387]},{"billed_charge":108.30,"npi":[1821597600,1942749387]},{"billed_charge":143.90,"npi":[1821597600,1942749387]},{"billed_charge":159.20,"npi":[1821597600,1942749387]},{"billed_charge":225.40,"npi":[1821597600,1942749387]}]},{"allowed_amount":0.00,"billing_code_modifier":[""],"providers":[{"billed_charge":29.70,"npi":[1821597600,1942749387]},{"billed_charge":52.20,"npi":[1821597600,1942749387]},{"billed_charge":75.20,"npi":[1821597600,1942749387]},{"billed_charge":76.40,"npi":[1821597600,1942749387]},{"billed_charge":78.10,"npi":[1821597600,1942749387]},{"billed_charge":90.70,"npi":[1821597600,1942749387]},{"billed_charge":103.20,"npi":[1821597600,1942749387]},{"billed_charge":108.30,"npi":[1821597600,1942749387]},{"billed_charge":143.90,"npi":[1821597600,1942749387]},{"billed_charge":159.20,"npi":[1821597600,1942749387]},{"billed_charge":225.40,"npi":[1821597600,1942749387]}]},{"allowed_amount":0.00,"billing_code_modifier":[""],"providers":[{"billed_charge":29.70,"npi":[1821597600,1942749387]},{"billed_charge":52.20,"npi":[1821597600,1942749387]},{"billed_charge":75.20,"npi":[1821597600,1942749387]},{"billed_charge":76.40,"npi":[1821597600,1942749387]},{"billed_charge":78.10,"npi":[1821597600,1942749387]},{"billed_charge":90.70,"npi":[1821597600,1942749387]},{"billed_charge":103.20,"npi":[1821597600,1942749387]},{"billed_charge":108.30,"npi":[1821597600,1942749387]},{"billed_charge":143.90,"npi":[1821597600,1942749387]},{"billed_charge":159.20,"npi":[1821597600,1942749387]},{"billed_charge":225.40,"npi":[1821597600,1942749387]}]},{"allowed_amount":0.00,"billing_code_modifier":[""],"providers":[{"billed_charge":29.70,"npi":[1821597600,1942749387]},{"billed_charge":52.20,"npi":[1821597600,1942749387]},{"billed_charge":75.20,"npi":[1821597600,1942749387]},{"billed_charge":76.40,"npi":[1821597600,1942749387]},{"billed_charge":78.10,"npi":[1821597600,1942749387]},{"billed_charge":90.70,"npi":[1821597600,1942749387]},{"billed_charge":103.20,"npi":[1821597600,1942749387]},{"billed_charge":108.30,"npi":[1821597600,1942749387]},{"billed_charge":143.90,"npi":[1821597600,1942749387]},{"billed_charge":159.20,"npi":[1821597600,1942749387]},{"billed_charge":225.40,"npi":[1821597600,1942749387]}]},{"allowed_amount":0.00,"billing_code_modifier":[""],"providers":[{"billed_charge":29.70,"npi":[1821597600,1942749387]},{"billed_charge":52.20,"npi":[1821597600,1942749387]},{"billed_charge":75.20,"npi":[1821597600,1942749387]},{"billed_charge":76.40,"npi":[1821597600,1942749387]},{"billed_charge":78.10,"npi":[1821597600,1942749387]},{"billed_charge":90.70,"npi":[1821597600,1942749387]},{"billed_charge":103.20,"npi":[1821597600,1942749387]},{"billed_charge":108.30,"npi":[1821597600,1942749387]},{"billed_charge":143.90,"npi":[1821597600,1942749387]},{"billed_charge":159.20,"npi":[1821597600,1942749387]},{"billed_charge":225.40,"npi":[1821597600,1942749387]}]},{"allowed_amount":0.00,"billing_code_modifier":[""],"providers":[{"billed_charge":29.70,"npi":[1821597600,1942749387]},{"billed_charge":52.20,"npi":[1821597600,1942749387]},{"billed_charge":75.20,"npi":[1821597600,1942749387]},{"billed_charge":76.40,"npi":[1821597600,1942749387]},{"billed_charge":78.10,"npi":[1821597600,1942749387]},{"billed_charge":90.70,"npi":[1821597600,1942749387]},{"billed_charge":103.20,"npi":[1821597600,1942749387]},{"billed_charge":108.30,"npi":[1821597600,1942749387]},{"billed_charge":143.90,"npi":[1821597600,1942749387]},{"billed_charge":159.20,"npi":[1821597600,1942749387]},{"billed_charge":225.40,"npi":[1821597600,1942749387]}]},{"allowed_amount":0.00,"billing_code_modifier":[""],"providers":[{"billed_charge":29.70,"npi":[1821597600,1942749387]},{"billed_charge":52.20,"npi":[1821597600,1942749387]},{"billed_charge":75.20,"npi":[1821597600,1942749387]},{"billed_charge":76.40,"npi":[1821597600,1942749387]},{"billed_charge":78.10,"npi":[1821597600,1942749387]},{"billed_charge":90.70,"npi":[1821597600,1942749387]},{"billed_charge":103.20,"npi":[1821597600,1942749387]},{"billed_charge":108.30,"npi":[1821597600,1942749387]},{"billed_charge":143.90,"npi":[1821597600,1942749387]},{"billed_charge":159.20,"npi":[1821597600,1942749387]},{"billed_charge":225.40,"npi":[1821597600,1942749387]}]},{"allowed_amount":0.00,"billing_code_modifier":[""],"providers":[{"billed_charge":29.70,"npi":[1821597600,1942749387]},{"billed_charge":52.20,"npi":[1821597600,1942749387]},{"billed_charge":75.20,"npi":[1821597600,1942749387]},{"billed_charge":76.40,"npi":[1821597600,1942749387]},{"billed_charge":78.10,"npi":[1821597600,1942749387]},{"billed_charge":90.70,"npi":[1821597600,1942749387]},{"billed_charge":103.20,"npi":[1821597600,1942749387]},{"billed_charge":108.30,"npi":[1821597600,1942749387]},{"billed_charge":143.90,"npi":[1821597600,1942749387]},{"billed_charge":159.20,"npi":[1821597600,1942749387]},{"billed_charge":225.40,"npi":[1821597600,1942749387]}]},{"allowed_amount":0.00,"billing_code_modifier":[""],"providers":[{"billed_charge":29.70,"npi":[1821597600,1942749387]},{"billed_charge":52.20,"npi":[1821597600,1942749387]},{"billed_charge":75.20,"npi":[1821597600,1942749387]},{"billed_charge":76.40,"npi":[1821597600,1942749387]},{"billed_charge":78.10,"npi":[1821597600,1942749387]},{"billed_charge":90.70,"npi":[1821597600,1942749387]},{"billed_charge":103.20,"npi":[1821597600,1942749387]},{"billed_charge":108.30,"npi":[1821597600,1942749387]},{"billed_charge":143.90,"npi":[1821597600,1942749387]},{"billed_charge":159.20,"npi":[1821597600,1942749387]},{"billed_charge":225.40,"npi":[1821597600,1942749387]}]},{"allowed_amount":0.00,"billing_code_modifier":[""],"providers":[{"billed_charge":29.70,"npi":[1821597600,1942749387]},{"billed_charge":52.20,"npi":[1821597600,1942749387]},{"billed_charge":75.20,"npi":[1821597600,1942749387]},{"billed_charge":76.40,"npi":[1821597600,1942749387]},{"billed_charge":78.10,"npi":[1821597600,1942749387]},{"billed_charge":90.70,"npi":[1821597600,1942749387]},{"billed_charge":103.20,"npi":[1821597600,1942749387]},{"billed_charge":108.30,"npi":[1821597600,1942749387]},{"billed_charge":143.90,"npi":[1821597600,1942749387]},{"billed_charge":159.20,"npi":[1821597600,1942749387]},{"billed_charge":225.40,"npi":[1821597600,1942749387]}]}]},{"tin":{"type":"ein","value":"810977948"},"service_code":["23"],"billing_class":"institutional","payments":[{"allowed_amount":0.00,"billing_code_modifier":[""],"providers":[{"billed_charge":29.70,"npi":[1821597600,1942749387]},{"billed_charge":52.20,"npi":[1821597600,1942749387]},{"billed_charge":75.20,"npi":[1821597600,1942749387]},{"billed_charge":76.40,"npi":[1821597600,1942749387]},{"billed_charge":78.10,"npi":[1821597600,1942749387]},{"billed_charge":90.70,"npi":[1821597600,1942749387]},{"billed_charge":103.20,"npi":[1821597600,1942749387]},{"billed_charge":108.30,"npi":[1821597600,1942749387]},{"billed_charge":143.90,"npi":[1821597600,1942749387]},{"billed_charge":159.20,"npi":[1821597600,1942749387]},{"billed_charge":225.40,"npi":[1821597600,1942749387]}]},{"allowed_amount":0.00,"billing_code_modifier":[""],"providers":[{"billed_charge":29.70,"npi":[1821597600,1942749387]},{"billed_charge":52.20,"npi":[1821597600,1942749387]},{"billed_charge":75.20,"npi":[1821597600,1942749387]},{"billed_charge":76.40,"npi":[1821597600,1942749387]},{"billed_charge":78.10,"npi":[1821597600,1942749387]},{"billed_charge":90.70,"npi":[1821597600,1942749387]},{"billed_charge":103.20,"npi":[1821597600,1942749387]},{"billed_charge":108.30,"npi":[1821597600,1942749387]},{"billed_charge":143.90,"npi":[1821597600,1942749387]},{"billed_charge":159.20,"npi":[1821597600,1942749387]},{"billed_charge":225.40,"npi":[1821597600,1942749387]}]},{"allowed_amount":0.00,"billing_code_modifier":[""],"providers":[{"billed_charge":29.70,"npi":[1821597600,1942749387]},{"billed_charge":52.20,"npi":[1821597600,1942749387]},{"billed_charge":75.20,"npi":[1821597600,1942749387]},{"billed_charge":76.40,"npi":[1821597600,1942749387]},{"billed_charge":78.10,"npi":[1821597600,1942749387]},{"billed_charge":90.70,"npi":[1821597600,1942749387]},{"billed_charge":103.20,"npi":[1821597600,1942749387]},{"billed_charge":108.30,"npi":[1821597600,1942749387]},{"billed_charge":143.90,"npi":[1821597600,1942749387]},{"billed_charge":159.20,"npi":[1821597600,1942749387]},{"billed_charge":225.40,"npi":[1821597600,1942749387]}]},{"allowed_amount":0.00,"billing_code_modifier":[""],"providers":[{"billed_charge":29.70,"npi":[1821597600,1942749387]},{"billed_charge":52.20,"npi":[1821597600,1942749387]},{"billed_charge":75.20,"npi":[1821597600,1942749387]},{"billed_charge":76.40,"npi":[1821597600,1942749387]},{"billed_charge":78.10,"npi":[1821597600,1942749387]},{"billed_charge":90.70,"npi":[1821597600,1942749387]},{"billed_charge":103.20,"npi":[1821597600,1942749387]},{"billed_charge":108.30,"npi":[1821597600,1942749387]},{"billed_charge":143.90,"npi":[1821597600,1942749387]},{"billed_charge":159.20,"npi":[1821597600,1942749387]},{"billed_charge":225.40,"npi":[1821597600,1942749387]}]},{"allowed_amount":0.00,"billing_code_modifier":[""],"providers":[{"billed_charge":29.70,"npi":[1821597600,1942749387]},{"billed_charge":52.20,"npi":[1821597600,1942749387]},{"billed_charge":75.20,"npi":[1821597600,1942749387]},{"billed_charge":76.40,"npi":[1821597600,1942749387]},{"billed_charge":78.10,"npi":[1821597600,1942749387]},{"billed_charge":90.70,"npi":[1821597600,1942749387]},{"billed_charge":103.20,"npi":[1821597600,1942749387]},{"billed_charge":108.30,"npi":[1821597600,1942749387]},{"billed_charge":143.90,"npi":[1821597600,1942749387]},{"billed_charge":159.20,"npi":[1821597600,1942749387]},{"billed_charge":225.40,"npi":[1821597600,1942749387]}]},{"allowed_amount":0.00,"billing_code_modifier":[""],"providers":[{"billed_charge":29.70,"npi":[1821597600,1942749387]},{"billed_charge":52.20,"npi":[1821597600,1942749387]},{"billed_charge":75.20,"npi":[1821597600,1942749387]},{"billed_charge":76.40,"npi":[1821597600,1942749387]},{"billed_charge":78.10,"npi":[1821597600,1942749387]},{"billed_charge":90.70,"npi":[1821597600,1942749387]},{"billed_charge":103.20,"npi":[1821597600,1942749387]},{"billed_charge":108.30,"npi":[1821597600,1942749387]},{"billed_charge":143.90,"npi":[1821597600,1942749387]},{"billed_charge":159.20,"npi":[1821597600,1942749387]},{"billed_charge":225.40,"npi":[1821597600,1942749387]}]},{"allowed_amount":0.00,"billing_code_modifier":[""],"providers":[{"billed_charge":29.70,"npi":[1821597600,1942749387]},{"billed_charge":52.20,"npi":[1821597600,1942749387]},{"billed_charge":75.20,"npi":[1821597600,1942749387]},{"billed_charge":76.40,"npi":[1821597600,1942749387]},{"billed_charge":78.10,"npi":[1821597600,1942749387]},{"billed_charge":90.70,"npi":[1821597600,1942749387]},{"billed_charge":103.20,"npi":[1821597600,1942749387]},{"billed_charge":108.30,"npi":[1821597600,1942749387]},{"billed_charge":143.90,"npi":[1821597600,1942749387]},{"billed_charge":159.20,"npi":[1821597600,1942749387]},{"billed_charge":225.40,"npi":[1821597600,1942749387]}]},{"allowed_amount":0.00,"billing_code_modifier":[""],"providers":[{"billed_charge":29.70,"npi":[1821597600,1942749387]},{"billed_charge":52.20,"npi":[1821597600,1942749387]},{"billed_charge":75.20,"npi":[1821597600,1942749387]},{"billed_charge":76.40,"npi":[1821597600,1942749387]},{"billed_charge":78.10,"npi":[1821597600,1942749387]},{"billed_charge":90.70,"npi":[1821597600,1942749387]},{"billed_charge":103.20,"npi":[1821597600,1942749387]},{"billed_charge":108.30,"npi":[1821597600,1942749387]},{"billed_charge":143.90,"npi":[1821597600,1942749387]},{"billed_charge":159.20,"npi":[1821597600,1942749387]},{"billed_charge":225.40,"npi":[1821597600,1942749387]}]},{"allowed_amount":0.00,"billing_code_modifier":[""],"providers":[{"billed_charge":29.70,"npi":[1821597600,1942749387]},{"billed_charge":52.20,"npi":[1821597600,1942749387]},{"billed_charge":75.20,"npi":[1821597600,1942749387]},{"billed_charge":76.40,"npi":[1821597600,1942749387]},{"billed_charge":78.10,"npi":[1821597600,1942749387]},{"billed_charge":90.70,"npi":[1821597600,1942749387]},{"billed_charge":103.20,"npi":[1821597600,1942749387]},{"billed_charge":108.30,"npi":[1821597600,1942749387]},{"billed_charge":143.90,"npi":[1821597600,1942749387]},{"billed_charge":159.20,"npi":[1821597600,1942749387]},{"billed_charge":225.40,"npi":[1821597600,1942749387]}]},{"allowed_amount":0.00,"billing_code_modifier":[""],"providers":[{"billed_charge":29.70,"npi":[1821597600,1942749387]},{"billed_charge":52.20,"npi":[1821597600,1942749387]},{"billed_charge":75.20,"npi":[1821597600,1942749387]},{"billed_charge":76.40,"npi":[1821597600,1942749387]},{"billed_charge":78.10,"npi":[1821597600,1942749387]},{"billed_charge":90.70,"npi":[1821597600,1942749387]},{"billed_charge":103.20,"npi":[1821597600,1942749387]},{"billed_charge":108.30,"npi":[1821597600,1942749387]},{"billed_charge":143.90,"npi":[1821597600,1942749387]},{"billed_charge":159.20,"npi":[1821597600,1942749387]},{"billed_charge":225.40,"npi":[1821597600,1942749387]}]},{"allowed_amount":0.00,"billing_code_modifier":[""],"providers":[{"billed_charge":29.70,"npi":[1821597600,1942749387]},{"billed_charge":52.20,"npi":[1821597600,1942749387]},{"billed_charge":75.20,"npi":[1821597600,1942749387]},{"billed_charge":76.40,"npi":[1821597600,1942749387]},{"billed_charge":78.10,"npi":[1821597600,1942749387]},{"billed_charge":90.70,"npi":[1821597600,1942749387]},{"billed_charge":103.20,"npi":[1821597600,1942749387]},{"billed_charge":108.30,"npi":[1821597600,1942749387]},{"billed_charge":143.90,"npi":[1821597600,1942749387]},{"billed_charge":159.20,"npi":[1821597600,1942749387]},{"billed_charge":225.40,"npi":[1821597600,1942749387]}]}]},{"tin":{"type":"ein","value":"810977948"},"service_code":["23"],"billing_class":"institutional","payments":[{"allowed_amount":0.00,"billing_code_modifier":[""],"providers":[{"billed_charge":29.70,"npi":[1821597600,1942749387]},{"billed_charge":52.20,"npi":[1821597600,1942749387]},{"billed_charge":75.20,"npi":[1821597600,1942749387]},{"billed_charge":76.40,"npi":[1821597600,1942749387]},{"billed_charge":78.10,"npi":[1821597600,1942749387]},{"billed_charge":90.70,"npi":[1821597600,1942749387]},{"billed_charge":103.20,"npi":[1821597600,1942749387]},{"billed_charge":108.30,"npi":[1821597600,1942749387]},{"billed_charge":143.90,"npi":[1821597600,1942749387]},{"billed_charge":159.20,"npi":[1821597600,1942749387]},{"billed_charge":225.40,"npi":[1821597600,1942749387]}]},{"allowed_amount":0.00,"billing_code_modifier":[""],"providers":[{"billed_charge":29.70,"npi":[1821597600,1942749387]},{"billed_charge":52.20,"npi":[1821597600,1942749387]},{"billed_charge":75.20,"npi":[1821597600,1942749387]},{"billed_charge":76.40,"npi":[1821597600,1942749387]},{"billed_charge":78.10,"npi":[1821597600,1942749387]},{"billed_charge":90.70,"npi":[1821597600,1942749387]},{"billed_charge":103.20,"npi":[1821597600,1942749387]},{"billed_charge":108.30,"npi":[1821597600,1942749387]},{"billed_charge":143.90,"npi":[1821597600,1942749387]},{"billed_charge":159.20,"npi":[1821597600,1942749387]},{"billed_charge":225.40,"npi":[1821597600,1942749387]}]},{"allowed_amount":0.00,"billing_code_modifier":[""],"providers":[{"billed_charge":29.70,"npi":[1821597600,1942749387]},{"billed_charge":52.20,"npi":[1821597600,1942749387]},{"billed_charge":75.20,"npi":[1821597600,1942749387]},{"billed_charge":76.40,"npi":[1821597600,1942749387]},{"billed_charge":78.10,"npi":[1821597600,1942749387]},{"billed_charge":90.70,"npi":[1821597600,1942749387]},{"billed_charge":103.20,"npi":[1821597600,1942749387]},{"billed_charge":108.30,"npi":[1821597600,1942749387]},{"billed_charge":143.90,"npi":[1821597600,1942749387]},{"billed_charge":159.20,"npi":[1821597600,1942749387]},{"billed_charge":225.40,"npi":[1821597600,1942749387]}]},{"allowed_amount":0.00,"billing_code_modifier":[""],"providers":[{"billed_charge":29.70,"npi":[1821597600,1942749387]},{"billed_charge":52.20,"npi":[1821597600,1942749387]},{"billed_charge":75.20,"npi":[1821597600,1942749387]},{"billed_charge":76.40,"npi":[1821597600,1942749387]},{"billed_charge":78.10,"npi":[1821597600,1942749387]},{"billed_charge":90.70,"npi":[1821597600,1942749387]},{"billed_charge":103.20,"npi":[1821597600,1942749387]},{"billed_charge":108.30,"npi":[1821597600,1942749387]},{"billed_charge":143.90,"npi":[1821597600,1942749387]},{"billed_charge":159.20,"npi":[1821597600,1942749387]},{"billed_charge":225.40,"npi":[1821597600,1942749387]}]},{"allowed_amount":0.00,"billing_code_modifier":[""],"providers":[{"billed_charge":29.70,"npi":[1821597600,1942749387]},{"billed_charge":52.20,"npi":[1821597600,1942749387]},{"billed_charge":75.20,"npi":[1821597600,1942749387]},{"billed_charge":76.40,"npi":[1821597600,1942749387]},{"billed_charge":78.10,"npi":[1821597600,1942749387]},{"billed_charge":90.70,"npi":[1821597600,1942749387]},{"billed_charge":103.20,"npi":[1821597600,1942749387]},{"billed_charge":108.30,"npi":[1821597600,1942749387]},{"billed_charge":143.90,"npi":[1821597600,1942749387]},{"billed_charge":159.20,"npi":[1821597600,1942749387]},{"billed_charge":225.40,"npi":[1821597600,1942749387]}]},{"allowed_amount":0.00,"billing_code_modifier":[""],"providers":[{"billed_charge":29.70,"npi":[1821597600,1942749387]},{"billed_charge":52.20,"npi":[1821597600,1942749387]},{"billed_charge":75.20,"npi":[1821597600,1942749387]},{"billed_charge":76.40,"npi":[1821597600,1942749387]},{"billed_charge":78.10,"npi":[1821597600,1942749387]},{"billed_charge":90.70,"npi":[1821597600,1942749387]},{"billed_charge":103.20,"npi":[1821597600,1942749387]},{"billed_charge":108.30,"npi":[1821597600,1942749387]},{"billed_charge":143.90,"npi":[1821597600,1942749387]},{"billed_charge":159.20,"npi":[1821597600,1942749387]},{"billed_charge":225.40,"npi":[1821597600,1942749387]}]},{"allowed_amount":0.00,"billing_code_modifier":[""],"providers":[{"billed_charge":29.70,"npi":[1821597600,1942749387]},{"billed_charge":52.20,"npi":[1821597600,1942749387]},{"billed_charge":75.20,"npi":[1821597600,1942749387]},{"billed_charge":76.40,"npi":[1821597600,1942749387]},{"billed_charge":78.10,"npi":[1821597600,1942749387]},{"billed_charge":90.70,"npi":[1821597600,1942749387]},{"billed_charge":103.20,"npi":[1821597600,1942749387]},{"billed_charge":108.30,"npi":[1821597600,1942749387]},{"billed_charge":143.90,"npi":[1821597600,1942749387]},{"billed_charge":159.20,"npi":[1821597600,1942749387]},{"billed_charge":225.40,"npi":[1821597600,1942749387]}]},{"allowed_amount":0.00,"billing_code_modifier":[""],"providers":[{"billed_charge":29.70,"npi":[1821597600,1942749387]},{"billed_charge":52.20,"npi":[1821597600,1942749387]},{"billed_charge":75.20,"npi":[1821597600,1942749387]},{"billed_charge":76.40,"npi":[1821597600,1942749387]},{"billed_charge":78.10,"npi":[1821597600,1942749387]},{"billed_charge":90.70,"npi":[1821597600,1942749387]},{"billed_charge":103.20,"npi":[1821597600,1942749387]},{"billed_charge":108.30,"npi":[1821597600,1942749387]},{"billed_charge":143.90,"npi":[1821597600,1942749387]},{"billed_charge":159.20,"npi":[1821597600,1942749387]},{"billed_charge":225.40,"npi":[1821597600,1942749387]}]},{"allowed_amount":0.00,"billing_code_modifier":[""],"providers":[{"billed_charge":29.70,"npi":[1821597600,1942749387]},{"billed_charge":52.20,"npi":[1821597600,1942749387]},{"billed_charge":75.20,"npi":[1821597600,1942749387]},{"billed_charge":76.40,"npi":[1821597600,1942749387]},{"billed_charge":78.10,"npi":[1821597600,1942749387]},{"billed_charge":90.70,"npi":[1821597600,1942749387]},{"billed_charge":103.20,"npi":[1821597600,1942749387]},{"billed_charge":108.30,"npi":[1821597600,1942749387]},{"billed_charge":143.90,"npi":[1821597600,1942749387]},{"billed_charge":159.20,"npi":[1821597600,1942749387]},{"billed_charge":225.40,"npi":[1821597600,1942749387]}]},{"allowed_amount":0.00,"billing_code_modifier":[""],"providers":[{"billed_charge":29.70,"npi":[1821597600,1942749387]},{"billed_charge":52.20,"npi":[1821597600,1942749387]},{"billed_charge":75.20,"npi":[1821597600,1942749387]},{"billed_charge":76.40,"npi":[1821597600,1942749387]},{"billed_charge":78.10,"npi":[1821597600,1942749387]},{"billed_charge":90.70,"npi":[1821597600,1942749387]},{"billed_charge":103.20,"npi":[1821597600,1942749387]},{"billed_charge":108.30,"npi":[1821597600,1942749387]},{"billed_charge":143.90,"npi":[1821597600,1942749387]},{"billed_charge":159.20,"npi":[1821597600,1942749387]},{"billed_charge":225.40,"npi":[1821597600,1942749387]}]},{"allowed_amount":0.00,"billing_code_modifier":[""],"providers":[{"billed_charge":29.70,"npi":[1821597600,1942749387]},{"billed_charge":52.20,"npi":[1821597600,1942749387]},{"billed_charge":75.20,"npi":[1821597600,1942749387]},{"billed_charge":76.40,"npi":[1821597600,1942749387]},{"billed_charge":78.10,"npi":[1821597600,1942749387]},{"billed_charge":90.70,"npi":[1821597600,1942749387]},{"billed_charge":103.20,"npi":[1821597600,1942749387]},{"billed_charge":108.30,"npi":[1821597600,1942749387]},{"billed_charge":143.90,"npi":[1821597600,1942749387]},{"billed_charge":159.20,"npi":[1821597600,1942749387]},{"billed_charge":225.40,"npi":[1821597600,1942749387]}]}]},{"tin":{"type":"ein","value":"810977948"},"service_code":["23"],"billing_class":"institutional","payments":[{"allowed_amount":0.00,"billing_code_modifier":[""],"providers":[{"billed_charge":29.70,"npi":[1821597600,1942749387]},{"billed_charge":52.20,"npi":[1821597600,1942749387]},{"billed_charge":75.20,"npi":[1821597600,1942749387]},{"billed_charge":76.40,"npi":[1821597600,1942749387]},{"billed_charge":78.10,"npi":[1821597600,1942749387]},{"billed_charge":90.70,"npi":[1821597600,1942749387]},{"billed_charge":103.20,"npi":[1821597600,1942749387]},{"billed_charge":108.30,"npi":[1821597600,1942749387]},{"billed_charge":143.90,"npi":[1821597600,1942749387]},{"billed_charge":159.20,"npi":[1821597600,1942749387]},{"billed_charge":225.40,"npi":[1821597600,1942749387]}]},{"allowed_amount":0.00,"billing_code_modifier":[""],"providers":[{"billed_charge":29.70,"npi":[1821597600,1942749387]},{"billed_charge":52.20,"npi":[1821597600,1942749387]},{"billed_charge":75.20,"npi":[1821597600,1942749387]},{"billed_charge":76.40,"npi":[1821597600,1942749387]},{"billed_charge":78.10,"npi":[1821597600,1942749387]},{"billed_charge":90.70,"npi":[1821597600,1942749387]},{"billed_charge":103.20,"npi":[1821597600,1942749387]},{"billed_charge":108.30,"npi":[1821597600,1942749387]},{"billed_charge":143.90,"npi":[1821597600,1942749387]},{"billed_charge":159.20,"npi":[1821597600,1942749387]},{"billed_charge":225.40,"npi":[1821597600,1942749387]}]},{"allowed_amount":0.00,"billing_code_modifier":[""],"providers":[{"billed_charge":29.70,"npi":[1821597600,1942749387]},{"billed_charge":52.20,"npi":[1821597600,1942749387]},{"billed_charge":75.20,"npi":[1821597600,1942749387]},{"billed_charge":76.40,"npi":[1821597600,1942749387]},{"billed_charge":78.10,"npi":[1821597600,1942749387]},{"billed_charge":90.70,"npi":[1821597600,1942749387]},{"billed_charge":103.20,"npi":[1821597600,1942749387]},{"billed_charge":108.30,"npi":[1821597600,1942749387]},{"billed_charge":143.90,"npi":[1821597600,1942749387]},{"billed_charge":159.20,"npi":[1821597600,1942749387]},{"billed_charge":225.40,"npi":[1821597600,1942749387]}]},{"allowed_amount":0.00,"billing_code_modifier":[""],"providers":[{"billed_charge":29.70,"npi":[1821597600,1942749387]},{"billed_charge":52.20,"npi":[1821597600,1942749387]},{"billed_charge":75.20,"npi":[1821597600,1942749387]},{"billed_charge":76.40,"npi":[1821597600,1942749387]},{"billed_charge":78.10,"npi":[1821597600,1942749387]},{"billed_charge":90.70,"npi":[1821597600,1942749387]},{"billed_charge":103.20,"npi":[1821597600,1942749387]},{"billed_charge":108.30,"npi":[1821597600,1942749387]},{"billed_charge":143.90,"npi":[1821597600,1942749387]},{"billed_charge":159.20,"npi":[1821597600,1942749387]},{"billed_charge":225.40,"npi":[1821597600,1942749387]}]},{"allowed_amount":0.00,"billing_code_modifier":[""],"providers":[{"billed_charge":29.70,"npi":[1821597600,1942749387]},{"billed_charge":52.20,"npi":[1821597600,1942749387]},{"billed_charge":75.20,"npi":[1821597600,1942749387]},{"billed_charge":76.40,"npi":[1821597600,1942749387]},{"billed_charge":78.10,"npi":[1821597600,1942749387]},{"billed_charge":90.70,"npi":[1821597600,1942749387]},{"billed_charge":103.20,"npi":[1821597600,1942749387]},{"billed_charge":108.30,"npi":[1821597600,1942749387]},{"billed_charge":143.90,"npi":[1821597600,1942749387]},{"billed_charge":159.20,"npi":[1821597600,1942749387]},{"billed_charge":225.40,"npi":[1821597600,1942749387]}]},{"allowed_amount":0.00,"billing_code_modifier":[""],"providers":[{"billed_charge":29.70,"npi":[1821597600,1942749387]},{"billed_charge":52.20,"npi":[1821597600,1942749387]},{"billed_charge":75.20,"npi":[1821597600,1942749387]},{"billed_charge":76.40,"npi":[1821597600,1942749387]},{"billed_charge":78.10,"npi":[1821597600,1942749387]},{"billed_charge":90.70,"npi":[1821597600,1942749387]},{"billed_charge":103.20,"npi":[1821597600,1942749387]},{"billed_charge":108.30,"npi":[1821597600,1942749387]},{"billed_charge":143.90,"npi":[1821597600,1942749387]},{"billed_charge":159.20,"npi":[1821597600,1942749387]},{"billed_charge":225.40,"npi":[1821597600,1942749387]}]},{"allowed_amount":0.00,"billing_code_modifier":[""],"providers":[{"billed_charge":29.70,"npi":[1821597600,1942749387]},{"billed_charge":52.20,"npi":[1821597600,1942749387]},{"billed_charge":75.20,"npi":[1821597600,1942749387]},{"billed_charge":76.40,"npi":[1821597600,1942749387]},{"billed_charge":78.10,"npi":[1821597600,1942749387]},{"billed_charge":90.70,"npi":[1821597600,1942749387]},{"billed_charge":103.20,"npi":[1821597600,1942749387]},{"billed_charge":108.30,"npi":[1821597600,1942749387]},{"billed_charge":143.90,"npi":[1821597600,1942749387]},{"billed_charge":159.20,"npi":[1821597600,1942749387]},{"billed_charge":225.40,"npi":[1821597600,1942749387]}]},{"allowed_amount":0.00,"billing_code_modifier":[""],"providers":[{"billed_charge":29.70,"npi":[1821597600,1942749387]},{"billed_charge":52.20,"npi":[1821597600,1942749387]},{"billed_charge":75.20,"npi":[1821597600,1942749387]},{"billed_charge":76.40,"npi":[1821597600,1942749387]},{"billed_charge":78.10,"npi":[1821597600,1942749387]},{"billed_charge":90.70,"npi":[1821597600,1942749387]},{"billed_charge":103.20,"npi":[1821597600,1942749387]},{"billed_charge":108.30,"npi":[1821597600,1942749387]},{"billed_charge":143.90,"npi":[1821597600,1942749387]},{"billed_charge":159.20,"npi":[1821597600,1942749387]},{"billed_charge":225.40,"npi":[1821597600,1942749387]}]},{"allowed_amount":0.00,"billing_code_modifier":[""],"providers":[{"billed_charge":29.70,"npi":[1821597600,1942749387]},{"billed_charge":52.20,"npi":[1821597600,1942749387]},{"billed_charge":75.20,"npi":[1821597600,1942749387]},{"billed_charge":76.40,"npi":[1821597600,1942749387]},{"billed_charge":78.10,"npi":[1821597600,1942749387]},{"billed_charge":90.70,"npi":[1821597600,1942749387]},{"billed_charge":103.20,"npi":[1821597600,1942749387]},{"billed_charge":108.30,"npi":[1821597600,1942749387]},{"billed_charge":143.90,"npi":[1821597600,1942749387]},{"billed_charge":159.20,"npi":[1821597600,1942749387]},{"billed_charge":225.40,"npi":[1821597600,1942749387]}]},{"allowed_amount":0.00,"billing_code_modifier":[""],"providers":[{"billed_charge":29.70,"npi":[1821597600,1942749387]},{"billed_charge":52.20,"npi":[1821597600,1942749387]},{"billed_charge":75.20,"npi":[1821597600,1942749387]},{"billed_charge":76.40,"npi":[1821597600,1942749387]},{"billed_charge":78.10,"npi":[1821597600,1942749387]},{"billed_charge":90.70,"npi":[1821597600,1942749387]},{"billed_charge":103.20,"npi":[1821597600,1942749387]},{"billed_charge":108.30,"npi":[1821597600,1942749387]},{"billed_charge":143.90,"npi":[1821597600,1942749387]},{"billed_charge":159.20,"npi":[1821597600,1942749387]},{"billed_charge":225.40,"npi":[1821597600,1942749387]}]},{"allowed_amount":0.00,"billing_code_modifier":[""],"providers":[{"billed_charge":29.70,"npi":[1821597600,1942749387]},{"billed_charge":52.20,"npi":[1821597600,1942749387]},{"billed_charge":75.20,"npi":[1821597600,1942749387]},{"billed_charge":76.40,"npi":[1821597600,1942749387]},{"billed_charge":78.10,"npi":[1821597600,1942749387]},{"billed_charge":90.70,"npi":[1821597600,1942749387]},{"billed_charge":103.20,"npi":[1821597600,1942749387]},{"billed_charge":108.30,"npi":[1821597600,1942749387]},{"billed_charge":143.90,"npi":[1821597600,1942749387]},{"billed_charge":159.20,"npi":[1821597600,1942749387]},{"billed_charge":225.40,"npi":[1821597600,1942749387]}]}]},{"tin":{"type":"ein","value":"810977948"},"service_code":["23"],"billing_class":"institutional","payments":[{"allowed_amount":0.00,"billing_code_modifier":[""],"providers":[{"billed_charge":29.70,"npi":[1821597600,1942749387]},{"billed_charge":52.20,"npi":[1821597600,1942749387]},{"billed_charge":75.20,"npi":[1821597600,1942749387]},{"billed_charge":76.40,"npi":[1821597600,1942749387]},{"billed_charge":78.10,"npi":[1821597600,1942749387]},{"billed_charge":90.70,"npi":[1821597600,1942749387]},{"billed_charge":103.20,"npi":[1821597600,1942749387]},{"billed_charge":108.30,"npi":[1821597600,1942749387]},{"billed_charge":143.90,"npi":[1821597600,1942749387]},{"billed_charge":159.20,"npi":[1821597600,1942749387]},{"billed_charge":225.40,"npi":[1821597600,1942749387]}]},{"allowed_amount":0.00,"billing_code_modifier":[""],"providers":[{"billed_charge":29.70,"npi":[1821597600,1942749387]},{"billed_charge":52.20,"npi":[1821597600,1942749387]},{"billed_charge":75.20,"npi":[1821597600,1942749387]},{"billed_charge":76.40,"npi":[1821597600,1942749387]},{"billed_charge":78.10,"npi":[1821597600,1942749387]},{"billed_charge":90.70,"npi":[1821597600,1942749387]},{"billed_charge":103.20,"npi":[1821597600,1942749387]},{"billed_charge":108.30,"npi":[1821597600,1942749387]},{"billed_charge":143.90,"npi":[1821597600,1942749387]},{"billed_charge":159.20,"npi":[1821597600,1942749387]},{"billed_charge":225.40,"npi":[1821597600,1942749387]}]},{"allowed_amount":0.00,"billing_code_modifier":[""],"providers":[{"billed_charge":29.70,"npi":[1821597600,1942749387]},{"billed_charge":52.20,"npi":[1821597600,1942749387]},{"billed_charge":75.20,"npi":[1821597600,1942749387]},{"billed_charge":76.40,"npi":[1821597600,1942749387]},{"billed_charge":78.10,"npi":[1821597600,1942749387]},{"billed_charge":90.70,"npi":[1821597600,1942749387]},{"billed_charge":103.20,"npi":[1821597600,1942749387]},{"billed_charge":108.30,"npi":[1821597600,1942749387]},{"billed_charge":143.90,"npi":[1821597600,1942749387]},{"billed_charge":159.20,"npi":[1821597600,1942749387]},{"billed_charge":225.40,"npi":[1821597600,1942749387]}]},{"allowed_amount":0.00,"billing_code_modifier":[""],"providers":[{"billed_charge":29.70,"npi":[1821597600,1942749387]},{"billed_charge":52.20,"npi":[1821597600,1942749387]},{"billed_charge":75.20,"npi":[1821597600,1942749387]},{"billed_charge":76.40,"npi":[1821597600,1942749387]},{"billed_charge":78.10,"npi":[1821597600,1942749387]},{"billed_charge":90.70,"npi":[1821597600,1942749387]},{"billed_charge":103.20,"npi":[1821597600,1942749387]},{"billed_charge":108.30,"npi":[1821597600,1942749387]},{"billed_charge":143.90,"npi":[1821597600,1942749387]},{"billed_charge":159.20,"npi":[1821597600,1942749387]},{"billed_charge":225.40,"npi":[1821597600,1942749387]}]},{"allowed_amount":0.00,"billing_code_modifier":[""],"providers":[{"billed_charge":29.70,"npi":[1821597600,1942749387]},{"billed_charge":52.20,"npi":[1821597600,1942749387]},{"billed_charge":75.20,"npi":[1821597600,1942749387]},{"billed_charge":76.40,"npi":[1821597600,1942749387]},{"billed_charge":78.10,"npi":[1821597600,1942749387]},{"billed_charge":90.70,"npi":[1821597600,1942749387]},{"billed_charge":103.20,"npi":[1821597600,1942749387]},{"billed_charge":108.30,"npi":[1821597600,1942749387]},{"billed_charge":143.90,"npi":[1821597600,1942749387]},{"billed_charge":159.20,"npi":[1821597600,1942749387]},{"billed_charge":225.40,"npi":[1821597600,1942749387]}]},{"allowed_amount":0.00,"billing_code_modifier":[""],"providers":[{"billed_charge":29.70,"npi":[1821597600,1942749387]},{"billed_charge":52.20,"npi":[1821597600,1942749387]},{"billed_charge":75.20,"npi":[1821597600,1942749387]},{"billed_charge":76.40,"npi":[1821597600,1942749387]},{"billed_charge":78.10,"npi":[1821597600,1942749387]},{"billed_charge":90.70,"npi":[1821597600,1942749387]},{"billed_charge":103.20,"npi":[1821597600,1942749387]},{"billed_charge":108.30,"npi":[1821597600,1942749387]},{"billed_charge":143.90,"npi":[1821597600,1942749387]},{"billed_charge":159.20,"npi":[1821597600,1942749387]},{"billed_charge":225.40,"npi":[1821597600,1942749387]}]},{"allowed_amount":0.00,"billing_code_modifier":[""],"providers":[{"billed_charge":29.70,"npi":[1821597600,1942749387]},{"billed_charge":52.20,"npi":[1821597600,1942749387]},{"billed_charge":75.20,"npi":[1821597600,1942749387]},{"billed_charge":76.40,"npi":[1821597600,1942749387]},{"billed_charge":78.10,"npi":[1821597600,1942749387]},{"billed_charge":90.70,"npi":[1821597600,1942749387]},{"billed_charge":103.20,"npi":[1821597600,1942749387]},{"billed_charge":108.30,"npi":[1821597600,1942749387]},{"billed_charge":143.90,"npi":[1821597600,1942749387]},{"billed_charge":159.20,"npi":[1821597600,1942749387]},{"billed_charge":225.40,"npi":[1821597600,1942749387]}]},{"allowed_amount":0.00,"billing_code_modifier":[""],"providers":[{"billed_charge":29.70,"npi":[1821597600,1942749387]},{"billed_charge":52.20,"npi":[1821597600,1942749387]},{"billed_charge":75.20,"npi":[1821597600,1942749387]},{"billed_charge":76.40,"npi":[1821597600,1942749387]},{"billed_charge":78.10,"npi":[1821597600,1942749387]},{"billed_charge":90.70,"npi":[1821597600,1942749387]},{"billed_charge":103.20,"npi":[1821597600,1942749387]},{"billed_charge":108.30,"npi":[1821597600,1942749387]},{"billed_charge":143.90,"npi":[1821597600,1942749387]},{"billed_charge":159.20,"npi":[1821597600,1942749387]},{"billed_charge":225.40,"npi":[1821597600,1942749387]}]},{"allowed_amount":0.00,"billing_code_modifier":[""],"providers":[{"billed_charge":29.70,"npi":[1821597600,1942749387]},{"billed_charge":52.20,"npi":[1821597600,1942749387]},{"billed_charge":75.20,"npi":[1821597600,1942749387]},{"billed_charge":76.40,"npi":[1821597600,1942749387]},{"billed_charge":78.10,"npi":[1821597600,1942749387]},{"billed_charge":90.70,"npi":[1821597600,1942749387]},{"billed_charge":103.20,"npi":[1821597600,1942749387]},{"billed_charge":108.30,"npi":[1821597600,1942749387]},{"billed_charge":143.90,"npi":[1821597600,1942749387]},{"billed_charge":159.20,"npi":[1821597600,1942749387]},{"billed_charge":225.40,"npi":[1821597600,1942749387]}]},{"allowed_amount":0.00,"billing_code_modifier":[""],"providers":[{"billed_charge":29.70,"npi":[1821597600,1942749387]},{"billed_charge":52.20,"npi":[1821597600,1942749387]},{"billed_charge":75.20,"npi":[1821597600,1942749387]},{"billed_charge":76.40,"npi":[1821597600,1942749387]},{"billed_charge":78.10,"npi":[1821597600,1942749387]},{"billed_charge":90.70,"npi":[1821597600,1942749387]},{"billed_charge":103.20,"npi":[1821597600,1942749387]},{"billed_charge":108.30,"npi":[1821597600,1942749387]},{"billed_charge":143.90,"npi":[1821597600,1942749387]},{"billed_charge":159.20,"npi":[1821597600,1942749387]},{"billed_charge":225.40,"npi":[1821597600,1942749387]}]},{"allowed_amount":0.00,"billing_code_modifier":[""],"providers":[{"billed_charge":29.70,"npi":[1821597600,1942749387]},{"billed_charge":52.20,"npi":[1821597600,1942749387]},{"billed_charge":75.20,"npi":[1821597600,1942749387]},{"billed_charge":76.40,"npi":[1821597600,1942749387]},{"billed_charge":78.10,"npi":[1821597600,1942749387]},{"billed_charge":90.70,"npi":[1821597600,1942749387]},{"billed_charge":103.20,"npi":[1821597600,1942749387]},{"billed_charge":108.30,"npi":[1821597600,1942749387]},{"billed_charge":143.90,"npi":[1821597600,1942749387]},{"billed_charge":159.20,"npi":[1821597600,1942749387]},{"billed_charge":225.40,"npi":[1821597600,1942749387]}]}]},{"tin":{"type":"ein","value":"810977948"},"service_code":["23"],"billing_class":"institutional","payments":[{"allowed_amount":0.00,"billing_code_modifier":[""],"providers":[{"billed_charge":29.70,"npi":[1821597600,1942749387]},{"billed_charge":52.20,"npi":[1821597600,1942749387]},{"billed_charge":75.20,"npi":[1821597600,1942749387]},{"billed_charge":76.40,"npi":[1821597600,1942749387]},{"billed_charge":78.10,"npi":[1821597600,1942749387]},{"billed_charge":90.70,"npi":[1821597600,1942749387]},{"billed_charge":103.20,"npi":[1821597600,1942749387]},{"billed_charge":108.30,"npi":[1821597600,1942749387]},{"billed_charge":143.90,"npi":[1821597600,1942749387]},{"billed_charge":159.20,"npi":[1821597600,1942749387]},{"billed_charge":225.40,"npi":[1821597600,1942749387]}]},{"allowed_amount":0.00,"billing_code_modifier":[""],"providers":[{"billed_charge":29.70,"npi":[1821597600,1942749387]},{"billed_charge":52.20,"npi":[1821597600,1942749387]},{"billed_charge":75.20,"npi":[1821597600,1942749387]},{"billed_charge":76.40,"npi":[1821597600,1942749387]},{"billed_charge":78.10,"npi":[1821597600,1942749387]},{"billed_charge":90.70,"npi":[1821597600,1942749387]},{"billed_charge":103.20,"npi":[1821597600,1942749387]},{"billed_charge":108.30,"npi":[1821597600,1942749387]},{"billed_charge":143.90,"npi":[1821597600,1942749387]},{"billed_charge":159.20,"npi":[1821597600,1942749387]},{"billed_charge":225.40,"npi":[1821597600,1942749387]}]},{"allowed_amount":0.00,"billing_code_modifier":[""],"providers":[{"billed_charge":29.70,"npi":[1821597600,1942749387]},{"billed_charge":52.20,"npi":[1821597600,1942749387]},{"billed_charge":75.20,"npi":[1821597600,1942749387]},{"billed_charge":76.40,"npi":[1821597600,1942749387]},{"billed_charge":78.10,"npi":[1821597600,1942749387]},{"billed_charge":90.70,"npi":[1821597600,1942749387]},{"billed_charge":103.20,"npi":[1821597600,1942749387]},{"billed_charge":108.30,"npi":[1821597600,1942749387]},{"billed_charge":143.90,"npi":[1821597600,1942749387]},{"billed_charge":159.20,"npi":[1821597600,1942749387]},{"billed_charge":225.40,"npi":[1821597600,1942749387]}]},{"allowed_amount":0.00,"billing_code_modifier":[""],"providers":[{"billed_charge":29.70,"npi":[1821597600,1942749387]},{"billed_charge":52.20,"npi":[1821597600,1942749387]},{"billed_charge":75.20,"npi":[1821597600,1942749387]},{"billed_charge":76.40,"npi":[1821597600,1942749387]},{"billed_charge":78.10,"npi":[1821597600,1942749387]},{"billed_charge":90.70,"npi":[1821597600,1942749387]},{"billed_charge":103.20,"npi":[1821597600,1942749387]},{"billed_charge":108.30,"npi":[1821597600,1942749387]},{"billed_charge":143.90,"npi":[1821597600,1942749387]},{"billed_charge":159.20,"npi":[1821597600,1942749387]},{"billed_charge":225.40,"npi":[1821597600,1942749387]}]},{"allowed_amount":0.00,"billing_code_modifier":[""],"providers":[{"billed_charge":29.70,"npi":[1821597600,1942749387]},{"billed_charge":52.20,"npi":[1821597600,1942749387]},{"billed_charge":75.20,"npi":[1821597600,1942749387]},{"billed_charge":76.40,"npi":[1821597600,1942749387]},{"billed_charge":78.10,"npi":[1821597600,1942749387]},{"billed_charge":90.70,"npi":[1821597600,1942749387]},{"billed_charge":103.20,"npi":[1821597600,1942749387]},{"billed_charge":108.30,"npi":[1821597600,1942749387]},{"billed_charge":143.90,"npi":[1821597600,1942749387]},{"billed_charge":159.20,"npi":[1821597600,1942749387]},{"billed_charge":225.40,"npi":[1821597600,1942749387]}]},{"allowed_amount":0.00,"billing_code_modifier":[""],"providers":[{"billed_charge":29.70,"npi":[1821597600,1942749387]},{"billed_charge":52.20,"npi":[1821597600,1942749387]},{"billed_charge":75.20,"npi":[1821597600,1942749387]},{"billed_charge":76.40,"npi":[1821597600,1942749387]},{"billed_charge":78.10,"npi":[1821597600,1942749387]},{"billed_charge":90.70,"npi":[1821597600,1942749387]},{"billed_charge":103.20,"npi":[1821597600,1942749387]},{"billed_charge":108.30,"npi":[1821597600,1942749387]},{"billed_charge":143.90,"npi":[1821597600,1942749387]},{"billed_charge":159.20,"npi":[1821597600,1942749387]},{"billed_charge":225.40,"npi":[1821597600,1942749387]}]},{"allowed_amount":0.00,"billing_code_modifier":[""],"providers":[{"billed_charge":29.70,"npi":[1821597600,1942749387]},{"billed_charge":52.20,"npi":[1821597600,1942749387]},{"billed_charge":75.20,"npi":[1821597600,1942749387]},{"billed_charge":76.40,"npi":[1821597600,1942749387]},{"billed_charge":78.10,"npi":[1821597600,1942749387]},{"billed_charge":90.70,"npi":[1821597600,1942749387]},{"billed_charge":103.20,"npi":[1821597600,1942749387]},{"billed_charge":108.30,"npi":[1821597600,1942749387]},{"billed_charge":143.90,"npi":[1821597600,1942749387]},{"billed_charge":159.20,"npi":[1821597600,1942749387]},{"billed_charge":225.40,"npi":[1821597600,1942749387]}]},{"allowed_amount":0.00,"billing_code_modifier":[""],"providers":[{"billed_charge":29.70,"npi":[1821597600,1942749387]},{"billed_charge":52.20,"npi":[1821597600,1942749387]},{"billed_charge":75.20,"npi":[1821597600,1942749387]},{"billed_charge":76.40,"npi":[1821597600,1942749387]},{"billed_charge":78.10,"npi":[1821597600,1942749387]},{"billed_charge":90.70,"npi":[1821597600,1942749387]},{"billed_charge":103.20,"npi":[1821597600,1942749387]},{"billed_charge":108.30,"npi":[1821597600,1942749387]},{"billed_charge":143.90,"npi":[1821597600,1942749387]},{"billed_charge":159.20,"npi":[1821597600,1942749387]},{"billed_charge":225.40,"npi":[1821597600,1942749387]}]},{"allowed_amount":0.00,"billing_code_modifier":[""],"providers":[{"billed_charge":29.70,"npi":[1821597600,1942749387]},{"billed_charge":52.20,"npi":[1821597600,1942749387]},{"billed_charge":75.20,"npi":[1821597600,1942749387]},{"billed_charge":76.40,"npi":[1821597600,1942749387]},{"billed_charge":78.10,"npi":[1821597600,1942749387]},{"billed_charge":90.70,"npi":[1821597600,1942749387]},{"billed_charge":103.20,"npi":[1821597600,1942749387]},{"billed_charge":108.30,"npi":[1821597600,1942749387]},{"billed_charge":143.90,"npi":[1821597600,1942749387]},{"billed_charge":159.20,"npi":[1821597600,1942749387]},{"billed_charge":225.40,"npi":[1821597600,1942749387]}]},{"allowed_amount":0.00,"billing_code_modifier":[""],"providers":[{"billed_charge":29.70,"npi":[1821597600,1942749387]},{"billed_charge":52.20,"npi":[1821597600,1942749387]},{"billed_charge":75.20,"npi":[1821597600,1942749387]},{"billed_charge":76.40,"npi":[1821597600,1942749387]},{"billed_charge":78.10,"npi":[1821597600,1942749387]},{"billed_charge":90.70,"npi":[1821597600,1942749387]},{"billed_charge":103.20,"npi":[1821597600,1942749387]},{"billed_charge":108.30,"npi":[1821597600,1942749387]},{"billed_charge":143.90,"npi":[1821597600,1942749387]},{"billed_charge":159.20,"npi":[1821597600,1942749387]},{"billed_charge":225.40,"npi":[1821597600,1942749387]}]},{"allowed_amount":0.00,"billing_code_modifier":[""],"providers":[{"billed_charge":29.70,"npi":[1821597600,1942749387]},{"billed_charge":52.20,"npi":[1821597600,1942749387]},{"billed_charge":75.20,"npi":[1821597600,1942749387]},{"billed_charge":76.40,"npi":[1821597600,1942749387]},{"billed_charge":78.10,"npi":[1821597600,1942749387]},{"billed_charge":90.70,"npi":[1821597600,1942749387]},{"billed_charge":103.20,"npi":[1821597600,1942749387]},{"billed_charge":108.30,"npi":[1821597600,1942749387]},{"billed_charge":143.90,"npi":[1821597600,1942749387]},{"billed_charge":159.20,"npi":[1821597600,1942749387]},{"billed_charge":225.40,"npi":[1821597600,1942749387]}]}]}]},{"name":"MEDICAL\/SURGICAL SUPPLIES","billing_code_type":"RC","billing_code_type_version":"UB04","billing_code":"0270","description":"MEDICAL\/SURGICAL SUPPLIES","allowed_amounts":[{"tin":{"type":"ein","value":"112226275"},"service_code":["65"],"billing_class":"institutional","payments":[{"allowed_amount":2.45,"billing_code_modifier":[""],"providers":[{"billed_charge":135.24,"npi":[1972615862,1982643656]}]}]},{"tin":{"type":"ein","value":"112226275"},"service_code":["65"],"billing_class":"institutional","payments":[{"allowed_amount":2.66,"billing_code_modifier":[""],"providers":[{"billed_charge":135.24,"npi":[1972615862,1982643656]}]}]},{"tin":{"type":"ein","value":"112226275"},"service_code":["65"],"billing_class":"institutional","payments":[{"allowed_amount":2.85,"billing_code_modifier":[""],"providers":[{"billed_charge":135.24,"npi":[1972615862,1982643656]}]}]},{"tin":{"type":"ein","value":"112226275"},"service_code":["65"],"billing_class":"institutional","payments":[{"allowed_amount":3.00,"billing_code_modifier":[""],"providers":[{"billed_charge":135.24,"npi":[1972615862,1982643656]}]}]}]},{"name":"PSYCHOTHERAPY W\/PATIENT 45 MINUTES","billing_code_type":"CPT","billing_code_type_version":"2020","billing_code":"90834","description":"PSYCHOTHERAPY W\/PATIENT 45 MINUTES","allowed_amounts":[{"tin":{"type":"ein","value":"831099676"},"service_code":["11"],"billing_class":"professional","payments":[{"allowed_amount":112.49,"billing_code_modifier":[""],"providers":[{"billed_charge":125.00,"npi":[1932730041,1972099760]}]}]}]},{"name":"SARS-COV-2 COVID-19 AMP PRB HTT","billing_code_type":"HCPCS","billing_code_type_version":"HCPCS LEVEL II 2021","billing_code":"U0003","description":"SARS-COV-2 COVID-19 AMP PRB HTT","allowed_amounts":[{"tin":{"type":"ein","value":"472462178"},"service_code":["81"],"billing_class":"professional","payments":[{"allowed_amount":125.00,"billing_code_modifier":[""],"providers":[{"billed_charge":250.00,"npi":[1144731605,1639311509,1962018374]}]}]}]}]}
