{"reporting_entity_name": "IEC Group_DBA AmeriBen",
	"reporting_entity_type": "Third Party Administrator",
	"plan_name": "FC COMPASSUS LLC",
	"plan_id_type": "ein",
	"plan_id": "843139096",
	"plan_market_type": "group",
	"last_updated_on": "2023-04-26","Version": "1.0.0","out_of_network":[{"name":"IA DET NA;SEV AC RES SYND SARS-COV-2 COVID-19","billing_code_type":"HCPCS","billing_code_type_version":"HCPCS LEVEL II 2021","billing_code":"U0005","description":"IA DET NA;SEV AC RES SYND SARS-COV-2 COVID-19","allowed_amounts":[{"tin":{"type":"ein","value":"263844242"},"service_code":["81"],"billing_class":"professional","payments":[{"allowed_amount":25.00,"billing_code_modifier":[""],"providers":[{"billed_charge":37.50,"npi":[1346472859]}]}]},{"tin":{"type":"ein","value":"460227855"},"service_code":["81"],"billing_class":"professional","payments":[{"allowed_amount":25.00,"billing_code_modifier":[""],"providers":[{"billed_charge":77.00,"npi":[1184664765,1841242542]}]}]},{"tin":{"type":"ein","value":"464163620"},"service_code":["81"],"billing_class":"professional","payments":[{"allowed_amount":25.00,"billing_code_modifier":[""],"providers":[{"billed_charge":25.00,"npi":[1265854855,1609364314]}]}]},{"tin":{"type":"ein","value":"472462178"},"service_code":["81"],"billing_class":"professional","payments":[{"allowed_amount":25.00,"billing_code_modifier":[""],"providers":[{"billed_charge":50.00,"npi":[1174824726,1467854497,1962018374]}]}]},{"tin":{"type":"ein","value":"473727159"},"service_code":["81"],"billing_class":"professional","payments":[{"allowed_amount":25.00,"billing_code_modifier":[""],"providers":[{"billed_charge":25.00,"npi":[1154937654,1639675911,1912521568]}]}]},{"tin":{"type":"ein","value":"812868546"},"service_code":["81"],"billing_class":"professional","payments":[{"allowed_amount":25.00,"billing_code_modifier":[""],"providers":[{"billed_charge":50.00,"npi":[1447601695,1831829332]}]}]},{"tin":{"type":"ein","value":"845066720"},"service_code":["81"],"billing_class":"professional","payments":[{"allowed_amount":25.00,"billing_code_modifier":[""],"providers":[{"billed_charge":50.00,"npi":[1033282967,1316573827]}]}]},{"tin":{"type":"ein","value":"851054301"},"service_code":["81"],"billing_class":"professional","payments":[{"allowed_amount":25.00,"billing_code_modifier":[""],"providers":[{"billed_charge":75.00,"npi":[1336191980,1467030536]}]}]},{"tin":{"type":"ein","value":"860872873"},"service_code":["81"],"billing_class":"professional","payments":[{"allowed_amount":25.00,"billing_code_modifier":[""],"providers":[{"billed_charge":50.00,"npi":[1326257114,1538105366]}]}]},{"tin":{"type":"ein","value":"873102949"},"service_code":["81"],"billing_class":"professional","payments":[{"allowed_amount":25.00,"billing_code_modifier":[""],"providers":[{"billed_charge":75.00,"npi":[1184268708,1356005920,1841825965]}]}]}]},{"name":"IAAD IA SEVERE AQT RESPIR SYND CORONAVIRUS","billing_code_type":"CPT","billing_code_type_version":"2020","billing_code":"87426","description":"IAAD IA SEVERE AQT RESPIR SYND CORONAVIRUS","allowed_amounts":[{"tin":{"type":"ein","value":"852564108"},"service_code":["11"],"billing_class":"professional","payments":[{"allowed_amount":272.00,"billing_code_modifier":[""],"providers":[{"billed_charge":272.00,"npi":[1053901256,1639311509]}]}]}]},{"name":"MEDICAL\/SURGICAL SUPPLIES","billing_code_type":"RC","billing_code_type_version":"UB04","billing_code":"0270","description":"MEDICAL\/SURGICAL SUPPLIES","allowed_amounts":[{"tin":{"type":"ein","value":"112226275"},"service_code":["65"],"billing_class":"institutional","payments":[{"allowed_amount":2.56,"billing_code_modifier":[""],"providers":[{"billed_charge":135.24,"npi":[1972615862,1982643656]}]}]},{"tin":{"type":"ein","value":"112226275"},"service_code":["65"],"billing_class":"institutional","payments":[{"allowed_amount":2.58,"billing_code_modifier":[""],"providers":[{"billed_charge":135.24,"npi":[1972615862,1982643656]}]}]},{"tin":{"type":"ein","value":"112226275"},"service_code":["65"],"billing_class":"institutional","payments":[{"allowed_amount":2.63,"billing_code_modifier":[""],"providers":[{"billed_charge":135.24,"npi":[1972615862,1982643656]}]}]},{"tin":{"type":"ein","value":"112226275"},"service_code":["65"],"billing_class":"institutional","payments":[{"allowed_amount":2.92,"billing_code_modifier":[""],"providers":[{"billed_charge":135.24,"npi":[1972615862,1982643656]}]}]},{"tin":{"type":"ein","value":"112226275"},"service_code":["65"],"billing_class":"institutional","payments":[{"allowed_amount":2.93,"billing_code_modifier":[""],"providers":[{"billed_charge":135.24,"npi":[1972615862,1982643656]}]}]},{"tin":{"type":"ein","value":"112226275"},"service_code":["65"],"billing_class":"institutional","payments":[{"allowed_amount":3.04,"billing_code_modifier":[""],"providers":[{"billed_charge":135.24,"npi":[1972615862,1982643656]}]}]},{"tin":{"type":"ein","value":"112226275"},"service_code":["65"],"billing_class":"institutional","payments":[{"allowed_amount":3.23,"billing_code_modifier":[""],"providers":[{"billed_charge":135.24,"npi":[1972615862,1982643656]}]}]},{"tin":{"type":"ein","value":"112226275"},"service_code":["65"],"billing_class":"institutional","payments":[{"allowed_amount":3.33,"billing_code_modifier":[""],"providers":[{"billed_charge":135.24,"npi":[1972615862,1982643656]}]}]},{"tin":{"type":"ein","value":"112226275"},"service_code":["65"],"billing_class":"institutional","payments":[{"allowed_amount":3.93,"billing_code_modifier":[""],"providers":[{"billed_charge":135.24,"npi":[1972615862,1982643656]}]}]}]},{"name":"PHYSICAL THERAPY","billing_code_type":"RC","billing_code_type_version":"UB04","billing_code":"0420","description":"PHYSICAL THERAPY","allowed_amounts":[{"tin":{"type":"ein","value":"390806315"},"service_code":["22"],"billing_class":"institutional","payments":[{"allowed_amount":0.00,"billing_code_modifier":[""],"providers":[{"billed_charge":183.00,"npi":[1871656082,1972643252]},{"billed_charge":203.00,"npi":[1871656082,1972643252]},{"billed_charge":372.00,"npi":[1871656082,1972643252]}]},{"allowed_amount":0.00,"billing_code_modifier":[""],"providers":[{"billed_charge":183.00,"npi":[1871656082,1972643252]},{"billed_charge":203.00,"npi":[1871656082,1972643252]},{"billed_charge":372.00,"npi":[1871656082,1972643252]}]},{"allowed_amount":0.00,"billing_code_modifier":[""],"providers":[{"billed_charge":183.00,"npi":[1871656082,1972643252]},{"billed_charge":203.00,"npi":[1871656082,1972643252]},{"billed_charge":372.00,"npi":[1871656082,1972643252]}]}]},{"tin":{"type":"ein","value":"390806315"},"service_code":["22"],"billing_class":"institutional","payments":[{"allowed_amount":0.00,"billing_code_modifier":[""],"providers":[{"billed_charge":183.00,"npi":[1871656082,1972643252]},{"billed_charge":203.00,"npi":[1871656082,1972643252]},{"billed_charge":372.00,"npi":[1871656082,1972643252]}]},{"allowed_amount":0.00,"billing_code_modifier":[""],"providers":[{"billed_charge":183.00,"npi":[1871656082,1972643252]},{"billed_charge":203.00,"npi":[1871656082,1972643252]},{"billed_charge":372.00,"npi":[1871656082,1972643252]}]},{"allowed_amount":0.00,"billing_code_modifier":[""],"providers":[{"billed_charge":183.00,"npi":[1871656082,1972643252]},{"billed_charge":203.00,"npi":[1871656082,1972643252]},{"billed_charge":372.00,"npi":[1871656082,1972643252]}]}]},{"tin":{"type":"ein","value":"390806315"},"service_code":["22"],"billing_class":"institutional","payments":[{"allowed_amount":0.00,"billing_code_modifier":[""],"providers":[{"billed_charge":183.00,"npi":[1871656082,1972643252]},{"billed_charge":203.00,"npi":[1871656082,1972643252]},{"billed_charge":372.00,"npi":[1871656082,1972643252]}]},{"allowed_amount":0.00,"billing_code_modifier":[""],"providers":[{"billed_charge":183.00,"npi":[1871656082,1972643252]},{"billed_charge":203.00,"npi":[1871656082,1972643252]},{"billed_charge":372.00,"npi":[1871656082,1972643252]}]},{"allowed_amount":0.00,"billing_code_modifier":[""],"providers":[{"billed_charge":183.00,"npi":[1871656082,1972643252]},{"billed_charge":203.00,"npi":[1871656082,1972643252]},{"billed_charge":372.00,"npi":[1871656082,1972643252]}]}]}]}]}
