{"reporting_entity_name": "IEC Group_DBA AmeriBen",
	"reporting_entity_type": "Third Party Administrator",
	"plan_name": "COTERRA ENERGY INC",
	"plan_id_type": "ein",
	"plan_id": "450466694",
	"plan_market_type": "group",
	"last_updated_on": "2024-06-01","Version": "1.0.0","out_of_network":[{"name":"PSYCHIATRIC\/PSYCHOLOGICAL TRT: INTENSIVE OUT SERV","billing_code_type":"RC","billing_code_type_version":"UB04","billing_code":"0906","description":"PSYCHIATRIC\/PSYCHOLOGICAL TRT: INTENSIVE OUT SERV","allowed_amounts":[{"tin":{"type":"ein","value":"273511307"},"service_code":["22"],"billing_class":"institutional","payments":[{"allowed_amount":232.42,"billing_code_modifier":[""],"providers":[{"billed_charge":1595.00,"npi":[1538712195,1558716548]}]}]}]}]}
