{"reporting_entity_name": "IEC Group_DBA AmeriBen",
	"reporting_entity_type": "Third Party Administrator",
	"plan_name": "ABBOTT LABORATORIES",
	"plan_id_type": "ein",
	"plan_id": "360698440",
	"plan_market_type": "group",
	"last_updated_on": "2022-11-01","Version": "1.0.0","out_of_network":[{"name":"ACUP 1\/> NDLS W\/ELEC STIMJ EA 15 MIN W\/RE-INSJ","billing_code_type":"CPT","billing_code_type_version":"2020","billing_code":"97814","description":"ACUP 1\/> NDLS W\/ELEC STIMJ EA 15 MIN W\/RE-INSJ","allowed_amounts":[{"tin":{"type":"ein","value":"455391327"},"service_code":["11"],"billing_class":"professional","payments":[{"allowed_amount":113.94,"billing_code_modifier":[""],"providers":[{"billed_charge":200.00,"npi":[1194009696,1831535657]}]}]}]},{"name":"ACUPUNCTURE 1\/> NDLES W\/O ELEC STIMJ INIT 15 MIN","billing_code_type":"CPT","billing_code_type_version":"2020","billing_code":"97810","description":"ACUPUNCTURE 1\/> NDLES W\/O ELEC STIMJ INIT 15 MIN","allowed_amounts":[{"tin":{"type":"ein","value":"853528127"},"service_code":["11"],"billing_class":"professional","payments":[{"allowed_amount":65.23,"billing_code_modifier":[""],"providers":[{"billed_charge":165.00,"npi":[1346311842,1952906976]}]}]},{"tin":{"type":"ein","value":"874649841"},"service_code":["11"],"billing_class":"professional","payments":[{"allowed_amount":65.23,"billing_code_modifier":[""],"providers":[{"billed_charge":200.00,"npi":[1598336778]}]}]}]},{"name":"ACUPUNCTURE 1\/> NDLS W\/ELEC STIMJ 1ST 15 MIN","billing_code_type":"CPT","billing_code_type_version":"2020","billing_code":"97813","description":"ACUPUNCTURE 1\/> NDLS W\/ELEC STIMJ 1ST 15 MIN","allowed_amounts":[{"tin":{"type":"ein","value":"010508791"},"service_code":["11"],"billing_class":"professional","payments":[{"allowed_amount":59.09,"billing_code_modifier":[""],"providers":[{"billed_charge":80.00,"npi":[1750412755]}]}]},{"tin":{"type":"ein","value":"341975130"},"service_code":["11"],"billing_class":"professional","payments":[{"allowed_amount":59.09,"billing_code_modifier":[""],"providers":[{"billed_charge":100.00,"npi":[1538261771]}]}]},{"tin":{"type":"ein","value":"455391327"},"service_code":["11"],"billing_class":"professional","payments":[{"allowed_amount":71.57,"billing_code_modifier":[""],"providers":[{"billed_charge":100.00,"npi":[1194009696,1831535657]}]}]}]},{"name":"ACUPUNCTURE 1\/> NDLS W\/O ELEC STIMJ EA 15 MIN","billing_code_type":"CPT","billing_code_type_version":"2020","billing_code":"97811","description":"ACUPUNCTURE 1\/> NDLS W\/O ELEC STIMJ EA 15 MIN","allowed_amounts":[{"tin":{"type":"ein","value":"273903940"},"service_code":["11"],"billing_class":"professional","payments":[{"allowed_amount":60.21,"billing_code_modifier":[""],"providers":[{"billed_charge":80.00,"npi":[1225332828,1710300389]}]}]},{"tin":{"type":"ein","value":"853528127"},"service_code":["11"],"billing_class":"professional","payments":[{"allowed_amount":91.06,"billing_code_modifier":[""],"providers":[{"billed_charge":130.00,"npi":[1346311842,1952906976]}]}]},{"tin":{"type":"ein","value":"861775724"},"service_code":["11"],"billing_class":"professional","payments":[{"allowed_amount":60.21,"billing_code_modifier":[""],"providers":[{"billed_charge":150.00,"npi":[1376117853,1609531573]}]}]}]},{"name":"ALLERGEN SPEC IGE CRUDE ALLERGEN EXTRACT EACH","billing_code_type":"CPT","billing_code_type_version":"2020","billing_code":"86003","description":"ALLERGEN SPEC IGE CRUDE ALLERGEN EXTRACT EACH","allowed_amounts":[{"tin":{"type":"ein","value":"999999999"},"service_code":["81","99"],"billing_class":"professional","payments":[{"allowed_amount":19.25,"billing_code_modifier":[""],"providers":[{"billed_charge":19.25,"npi":[1234567893]}]}]}]},{"name":"ALLERGEN SPEC IGE RECOMBINANT\/PURIFIED COMPNT EA","billing_code_type":"CPT","billing_code_type_version":"2020","billing_code":"86008","description":"ALLERGEN SPEC IGE RECOMBINANT\/PURIFIED COMPNT EA","allowed_amounts":[{"tin":{"type":"ein","value":"999999999"},"service_code":["81","99"],"billing_class":"professional","payments":[{"allowed_amount":53.79,"billing_code_modifier":[""],"providers":[{"billed_charge":67.30,"npi":[1234567893]}]}]}]},{"name":"APPL MODALITY 1\/> AREAS ELEC STIMJ UNATTENDED","billing_code_type":"CPT","billing_code_type_version":"2020","billing_code":"97014","description":"APPL MODALITY 1\/> AREAS ELEC STIMJ UNATTENDED","allowed_amounts":[{"tin":{"type":"ein","value":"471913743"},"service_code":["11"],"billing_class":"professional","payments":[{"allowed_amount":33.00,"billing_code_modifier":[""],"providers":[{"billed_charge":55.00,"npi":[1073915732,1386068658]}]}]}]},{"name":"APPL MODALITY 1\/> AREAS IONTOPHORESIS EA 15 MIN","billing_code_type":"CPT","billing_code_type_version":"2020","billing_code":"97033","description":"APPL MODALITY 1\/> AREAS IONTOPHORESIS EA 15 MIN","allowed_amounts":[{"tin":{"type":"ein","value":"820533425"},"service_code":["11"],"billing_class":"professional","payments":[{"allowed_amount":16.20,"billing_code_modifier":[""],"providers":[{"billed_charge":18.00,"npi":[1689684813,1841357100]}]}]}]},{"name":"APPL MODALITY 1\/> AREAS TRACTION MECHANICAL","billing_code_type":"CPT","billing_code_type_version":"2020","billing_code":"97012","description":"APPL MODALITY 1\/> AREAS TRACTION MECHANICAL","allowed_amounts":[{"tin":{"type":"ein","value":"129642759"},"service_code":["11"],"billing_class":"professional","payments":[{"allowed_amount":22.95,"billing_code_modifier":[""],"providers":[{"billed_charge":50.00,"npi":[1740359124]}]}]},{"tin":{"type":"ein","value":"273859030"},"service_code":["11"],"billing_class":"professional","payments":[{"allowed_amount":4.40,"billing_code_modifier":[""],"providers":[{"billed_charge":45.00,"npi":[1427352608]}]}]},{"tin":{"type":"ein","value":"330266964"},"service_code":["11"],"billing_class":"professional","payments":[{"allowed_amount":17.20,"billing_code_modifier":[""],"providers":[{"billed_charge":26.00,"npi":[1891866406]}]}]},{"tin":{"type":"ein","value":"554974641"},"service_code":["11"],"billing_class":"professional","payments":[{"allowed_amount":4.40,"billing_code_modifier":[""],"providers":[{"billed_charge":45.00,"npi":[1508186529]}]}]}]},{"name":"APPL MODALITY 1\/> AREAS ULTRASOUND EA 15 MIN","billing_code_type":"CPT","billing_code_type_version":"2020","billing_code":"97035","description":"APPL MODALITY 1\/> AREAS ULTRASOUND EA 15 MIN","allowed_amounts":[{"tin":{"type":"ein","value":"202858762"},"service_code":["11"],"billing_class":"professional","payments":[{"allowed_amount":29.85,"billing_code_modifier":[""],"providers":[{"billed_charge":42.00,"npi":[1124157698,1235202789]}]}]},{"tin":{"type":"ein","value":"452221395"},"service_code":["11"],"billing_class":"professional","payments":[{"allowed_amount":22.71,"billing_code_modifier":[""],"providers":[{"billed_charge":70.00,"npi":[1124462346,1215015284,1932287943,1972897965]}]}]},{"tin":{"type":"ein","value":"853528127"},"service_code":["11"],"billing_class":"professional","payments":[{"allowed_amount":29.85,"billing_code_modifier":[""],"providers":[{"billed_charge":70.00,"npi":[1346311842,1952906976]}]}]},{"tin":{"type":"ein","value":"954533551"},"service_code":["11"],"billing_class":"professional","payments":[{"allowed_amount":22.71,"billing_code_modifier":[""],"providers":[{"billed_charge":60.00,"npi":[1447309653]}]}]}]},{"name":"APPL MODALITY 1\/> AREAS VASOPNEUMATIC DEVICES","billing_code_type":"CPT","billing_code_type_version":"2020","billing_code":"97016","description":"APPL MODALITY 1\/> AREAS VASOPNEUMATIC DEVICES","allowed_amounts":[{"tin":{"type":"ein","value":"202952256"},"service_code":["11"],"billing_class":"professional","payments":[{"allowed_amount":17.21,"billing_code_modifier":[""],"providers":[{"billed_charge":65.00,"npi":[1356405583,1770802647,1891834982]}]}]}]},{"name":"APPLICATION MODALITY 1\/> AREAS INFRARED","billing_code_type":"CPT","billing_code_type_version":"2020","billing_code":"97026","description":"APPLICATION MODALITY 1\/> AREAS INFRARED","allowed_amounts":[{"tin":{"type":"ein","value":"010508791"},"service_code":["11"],"billing_class":"professional","payments":[{"allowed_amount":10.00,"billing_code_modifier":[""],"providers":[{"billed_charge":10.00,"npi":[1750412755]}]}]},{"tin":{"type":"ein","value":"262299776"},"service_code":["11"],"billing_class":"professional","payments":[{"allowed_amount":10.00,"billing_code_modifier":[""],"providers":[{"billed_charge":10.00,"npi":[1275779811]}]}]},{"tin":{"type":"ein","value":"455391327"},"service_code":["11"],"billing_class":"professional","payments":[{"allowed_amount":5.00,"billing_code_modifier":[""],"providers":[{"billed_charge":5.00,"npi":[1194009696,1831535657]}]}]},{"tin":{"type":"ein","value":"853528127"},"service_code":["11"],"billing_class":"professional","payments":[{"allowed_amount":15.97,"billing_code_modifier":[""],"providers":[{"billed_charge":50.00,"npi":[1346311842,1952906976]}]}]}]},{"name":"CHIROPRACTIC MANIPLTV TX EXTRASPINAL 1\/> REGION","billing_code_type":"CPT","billing_code_type_version":"2020","billing_code":"98943","description":"CHIROPRACTIC MANIPLTV TX EXTRASPINAL 1\/> REGION","allowed_amounts":[{"tin":{"type":"ein","value":"043747644"},"service_code":["11"],"billing_class":"professional","payments":[{"allowed_amount":41.78,"billing_code_modifier":[""],"providers":[{"billed_charge":79.00,"npi":[1295780328]}]}]},{"tin":{"type":"ein","value":"129642759"},"service_code":["11"],"billing_class":"professional","payments":[{"allowed_amount":42.22,"billing_code_modifier":[""],"providers":[{"billed_charge":55.00,"npi":[1740359124]}]}]}]},{"name":"CHIROPRACTIC MANIPULATIVE TX SPINAL 3-4 REGIONS","billing_code_type":"CPT","billing_code_type_version":"2020","billing_code":"98941","description":"CHIROPRACTIC MANIPULATIVE TX SPINAL 3-4 REGIONS","allowed_amounts":[{"tin":{"type":"ein","value":"129642759"},"service_code":["11"],"billing_class":"professional","payments":[{"allowed_amount":63.66,"billing_code_modifier":[""],"providers":[{"billed_charge":75.00,"npi":[1740359124]}]}]},{"tin":{"type":"ein","value":"273859030"},"service_code":["11"],"billing_class":"professional","payments":[{"allowed_amount":36.30,"billing_code_modifier":[""],"providers":[{"billed_charge":75.00,"npi":[1427352608]}]}]},{"tin":{"type":"ein","value":"471913743"},"service_code":["11"],"billing_class":"professional","payments":[{"allowed_amount":48.00,"billing_code_modifier":[""],"providers":[{"billed_charge":80.00,"npi":[1073915732,1386068658]}]}]},{"tin":{"type":"ein","value":"554974641"},"service_code":["11"],"billing_class":"professional","payments":[{"allowed_amount":36.30,"billing_code_modifier":[""],"providers":[{"billed_charge":85.00,"npi":[1508186529]}]}]},{"tin":{"type":"ein","value":"820533425"},"service_code":["11"],"billing_class":"professional","payments":[{"allowed_amount":36.00,"billing_code_modifier":[""],"providers":[{"billed_charge":40.00,"npi":[1689684813,1841357100]}]}]},{"tin":{"type":"ein","value":"831315063"},"service_code":["11"],"billing_class":"professional","payments":[{"allowed_amount":36.30,"billing_code_modifier":[""],"providers":[{"billed_charge":76.50,"npi":[1225516594,1821463837]}]}]}]},{"name":"CHIROPRACTIC MANIPULATIVE TX SPINAL 5 REGIONS","billing_code_type":"CPT","billing_code_type_version":"2020","billing_code":"98942","description":"CHIROPRACTIC MANIPULATIVE TX SPINAL 5 REGIONS","allowed_amounts":[{"tin":{"type":"ein","value":"043747644"},"service_code":["11"],"billing_class":"professional","payments":[{"allowed_amount":71.51,"billing_code_modifier":[""],"providers":[{"billed_charge":102.00,"npi":[1295780328]}]}]}]},{"name":"ELEC STIM OTHER THAN WOUND","billing_code_type":"HCPCS","billing_code_type_version":"HCPCS LEVEL II 2021","billing_code":"G0283","description":"ELEC STIM OTHER THAN WOUND","allowed_amounts":[{"tin":{"type":"ein","value":"202858762"},"service_code":["11"],"billing_class":"professional","payments":[{"allowed_amount":25.14,"billing_code_modifier":[""],"providers":[{"billed_charge":38.00,"npi":[1124157698,1235202789]}]}]},{"tin":{"type":"ein","value":"330266964"},"service_code":["11"],"billing_class":"professional","payments":[{"allowed_amount":15.37,"billing_code_modifier":[""],"providers":[{"billed_charge":26.00,"npi":[1891866406]}]}]}]},{"name":"ELECTRIC BREAST PUMP","billing_code_type":"HCPCS","billing_code_type_version":"HCPCS LEVEL II 2021","billing_code":"E0603","description":"ELECTRIC BREAST PUMP","allowed_amounts":[{"tin":{"type":"ein","value":"562222382"},"service_code":["12"],"billing_class":"professional","payments":[{"allowed_amount":99.60,"billing_code_modifier":[""],"providers":[{"billed_charge":249.00,"npi":[1174111413,1225232838,1245447606,1497722714,1548339021,1588089536,1609317817,1750572566,1750578613,1770568925,1801108709,1811085715,1851421606,1891728697,1952714222]}]}]}]},{"name":"FAMILY PSYCHOTHERAPY W\/PATIENT PRESENT 50 MINS","billing_code_type":"CPT","billing_code_type_version":"2020","billing_code":"90847","description":"FAMILY PSYCHOTHERAPY W\/PATIENT PRESENT 50 MINS","allowed_amounts":[{"tin":{"type":"ein","value":"474083928"},"service_code":["02","11"],"billing_class":"professional","payments":[{"allowed_amount":121.42,"billing_code_modifier":[""],"providers":[{"billed_charge":475.00,"npi":[1336781962,1427642560,1487272936]}]}]},{"tin":{"type":"ein","value":"814866701"},"service_code":["02"],"billing_class":"professional","payments":[{"allowed_amount":110.43,"billing_code_modifier":[""],"providers":[{"billed_charge":200.00,"npi":[1376089094,1699113084]}]}]}]},{"name":"INFEC AGEN DETEC AMPLI PROBE","billing_code_type":"HCPCS","billing_code_type_version":"HCPCS LEVEL II 2021","billing_code":"U0005","description":"INFEC AGEN DETEC AMPLI PROBE","allowed_amounts":[{"tin":{"type":"ein","value":"472462178"},"service_code":["81"],"billing_class":"professional","payments":[{"allowed_amount":35.00,"billing_code_modifier":[""],"providers":[{"billed_charge":50.00,"npi":[1114183555,1144731605,1174824726,1467854497,1508484569,1639311509,1962018374]}]}]},{"tin":{"type":"ein","value":"823146637"},"service_code":["81"],"billing_class":"professional","payments":[{"allowed_amount":35.00,"billing_code_modifier":[""],"providers":[{"billed_charge":50.00,"npi":[1629305479,1861994600]}]}]}]},{"name":"MANUAL THERAPY TQS 1\/> REGIONS EACH 15 MINUTES","billing_code_type":"CPT","billing_code_type_version":"2020","billing_code":"97140","description":"MANUAL THERAPY TQS 1\/> REGIONS EACH 15 MINUTES","allowed_amounts":[{"tin":{"type":"ein","value":"043747644"},"service_code":["11"],"billing_class":"professional","payments":[{"allowed_amount":47.78,"billing_code_modifier":[""],"providers":[{"billed_charge":66.00,"npi":[1295780328]}]}]},{"tin":{"type":"ein","value":"129642759"},"service_code":["11"],"billing_class":"professional","payments":[{"allowed_amount":88.02,"billing_code_modifier":[""],"providers":[{"billed_charge":110.00,"npi":[1740359124]}]}]},{"tin":{"type":"ein","value":"202858762"},"service_code":["11"],"billing_class":"professional","payments":[{"allowed_amount":50.90,"billing_code_modifier":[""],"providers":[{"billed_charge":53.00,"npi":[1124157698,1235202789]}]}]},{"tin":{"type":"ein","value":"202952256"},"service_code":["11"],"billing_class":"professional","payments":[{"allowed_amount":39.25,"billing_code_modifier":[""],"providers":[{"billed_charge":118.00,"npi":[1356405583,1770802647,1891834982]}]}]},{"tin":{"type":"ein","value":"455391327"},"service_code":["11"],"billing_class":"professional","payments":[{"allowed_amount":41.18,"billing_code_modifier":[""],"providers":[{"billed_charge":75.00,"npi":[1194009696,1831535657]}]}]},{"tin":{"type":"ein","value":"611405246"},"service_code":["11"],"billing_class":"professional","payments":[{"allowed_amount":47.78,"billing_code_modifier":[""],"providers":[{"billed_charge":110.00,"npi":[1710490370,1902012578]}]}]},{"tin":{"type":"ein","value":"680625019"},"service_code":["11"],"billing_class":"professional","payments":[{"allowed_amount":60.00,"billing_code_modifier":[""],"providers":[{"billed_charge":100.00,"npi":[1326260126]}]}]},{"tin":{"type":"ein","value":"853528127"},"service_code":["11"],"billing_class":"professional","payments":[{"allowed_amount":50.90,"billing_code_modifier":[""],"providers":[{"billed_charge":75.00,"npi":[1346311842,1952906976]}]}]},{"tin":{"type":"ein","value":"874649841"},"service_code":["11"],"billing_class":"professional","payments":[{"allowed_amount":50.90,"billing_code_modifier":[""],"providers":[{"billed_charge":120.00,"npi":[1598336778]}]}]}]},{"name":"OFFICE\/OUTPATIENT ESTABLISHED LOW MDM 20-29 MIN","billing_code_type":"CPT","billing_code_type_version":"2020","billing_code":"99213","description":"OFFICE\/OUTPATIENT ESTABLISHED LOW MDM 20-29 MIN","allowed_amounts":[{"tin":{"type":"ein","value":"680625019"},"service_code":["11"],"billing_class":"professional","payments":[{"allowed_amount":150.00,"billing_code_modifier":[""],"providers":[{"billed_charge":250.00,"npi":[1326260126]}]}]}]},{"name":"OFFICE\/OUTPATIENT ESTABLISHED MOD MDM 30-39 MIN","billing_code_type":"CPT","billing_code_type_version":"2020","billing_code":"99214","description":"OFFICE\/OUTPATIENT ESTABLISHED MOD MDM 30-39 MIN","allowed_amounts":[{"tin":{"type":"ein","value":"832631626"},"service_code":["10","11"],"billing_class":"professional","payments":[{"allowed_amount":185.63,"billing_code_modifier":[""],"providers":[{"billed_charge":367.83,"npi":[1487112801,1952631715]},{"billed_charge":398.00,"npi":[1487112801,1952631715]},{"billed_charge":434.00,"npi":[1487112801,1952631715]}]},{"allowed_amount":185.63,"billing_code_modifier":[""],"providers":[{"billed_charge":367.83,"npi":[1487112801,1952631715]},{"billed_charge":398.00,"npi":[1487112801,1952631715]},{"billed_charge":434.00,"npi":[1487112801,1952631715]}]},{"allowed_amount":185.63,"billing_code_modifier":[""],"providers":[{"billed_charge":367.83,"npi":[1487112801,1952631715]},{"billed_charge":398.00,"npi":[1487112801,1952631715]},{"billed_charge":434.00,"npi":[1487112801,1952631715]}]}]},{"tin":{"type":"ein","value":"832631626"},"service_code":["11"],"billing_class":"professional","payments":[{"allowed_amount":185.63,"billing_code_modifier":[""],"providers":[{"billed_charge":367.83,"npi":[1487112801,1952631715]},{"billed_charge":398.00,"npi":[1487112801,1952631715]},{"billed_charge":434.00,"npi":[1487112801,1952631715]}]},{"allowed_amount":185.63,"billing_code_modifier":[""],"providers":[{"billed_charge":367.83,"npi":[1487112801,1952631715]},{"billed_charge":398.00,"npi":[1487112801,1952631715]},{"billed_charge":434.00,"npi":[1487112801,1952631715]}]},{"allowed_amount":185.63,"billing_code_modifier":[""],"providers":[{"billed_charge":367.83,"npi":[1487112801,1952631715]},{"billed_charge":398.00,"npi":[1487112801,1952631715]},{"billed_charge":434.00,"npi":[1487112801,1952631715]}]}]},{"tin":{"type":"ein","value":"832631626"},"service_code":["11"],"billing_class":"professional","payments":[{"allowed_amount":185.63,"billing_code_modifier":[""],"providers":[{"billed_charge":367.83,"npi":[1487112801,1952631715]},{"billed_charge":398.00,"npi":[1487112801,1952631715]},{"billed_charge":434.00,"npi":[1487112801,1952631715]}]},{"allowed_amount":185.63,"billing_code_modifier":[""],"providers":[{"billed_charge":367.83,"npi":[1487112801,1952631715]},{"billed_charge":398.00,"npi":[1487112801,1952631715]},{"billed_charge":434.00,"npi":[1487112801,1952631715]}]},{"allowed_amount":185.63,"billing_code_modifier":[""],"providers":[{"billed_charge":367.83,"npi":[1487112801,1952631715]},{"billed_charge":398.00,"npi":[1487112801,1952631715]},{"billed_charge":434.00,"npi":[1487112801,1952631715]}]}]}]},{"name":"OFFICE\/OUTPATIENT ESTABLISHED SF MDM 10-19 MIN","billing_code_type":"CPT","billing_code_type_version":"2020","billing_code":"99212","description":"OFFICE\/OUTPATIENT ESTABLISHED SF MDM 10-19 MIN","allowed_amounts":[{"tin":{"type":"ein","value":"821597874"},"service_code":["11"],"billing_class":"professional","payments":[{"allowed_amount":252.00,"billing_code_modifier":[""],"providers":[{"billed_charge":300.00,"npi":[1104346600,1528163532]}]}]},{"tin":{"type":"ein","value":"853528127"},"service_code":["11"],"billing_class":"professional","payments":[{"allowed_amount":80.00,"billing_code_modifier":[""],"providers":[{"billed_charge":80.00,"npi":[1346311842,1952906976]}]}]}]},{"name":"ORTHOTICS MGMT & TRAING INITIAL ENCTR EA 15 MINS","billing_code_type":"CPT","billing_code_type_version":"2020","billing_code":"97760","description":"ORTHOTICS MGMT & TRAING INITIAL ENCTR EA 15 MINS","allowed_amounts":[{"tin":{"type":"ein","value":"820533425"},"service_code":["11"],"billing_class":"professional","payments":[{"allowed_amount":18.00,"billing_code_modifier":[""],"providers":[{"billed_charge":20.00,"npi":[1689684813,1841357100]}]}]}]},{"name":"PSYCHIATRIC\/PSYCHOLOGICAL SVCS: PARTIAL HOSP - LES","billing_code_type":"RC","billing_code_type_version":"UB04","billing_code":"0912","description":"PSYCHIATRIC\/PSYCHOLOGICAL SVCS: PARTIAL HOSP - LES","allowed_amounts":[{"tin":{"type":"ein","value":"263441447"},"service_code":["22"],"billing_class":"institutional","payments":[{"allowed_amount":1746.50,"billing_code_modifier":[""],"providers":[{"billed_charge":2495.00,"npi":[1861646291]}]}]},{"tin":{"type":"ein","value":"811056354"},"service_code":["22"],"billing_class":"institutional","payments":[{"allowed_amount":2596.75,"billing_code_modifier":[""],"providers":[{"billed_charge":3995.00,"npi":[1447328109,1497253561]}]}]},{"tin":{"type":"ein","value":"823622229"},"service_code":["22"],"billing_class":"institutional","payments":[{"allowed_amount":900.00,"billing_code_modifier":[""],"providers":[{"billed_charge":3900.00,"npi":[1639677768,1659382588]}]}]},{"tin":{"type":"ein","value":"843693806"},"service_code":["22"],"billing_class":"institutional","payments":[{"allowed_amount":1497.50,"billing_code_modifier":[""],"providers":[{"billed_charge":2995.00,"npi":[1235766619]}]}]},{"tin":{"type":"ein","value":"845145619"},"service_code":["22"],"billing_class":"institutional","payments":[{"allowed_amount":1746.50,"billing_code_modifier":[""],"providers":[{"billed_charge":2495.00,"npi":[1245254937,1669008736]}]}]}]},{"name":"PSYCHIATRIC\/PSYCHOLOGICAL TRT: INTENSIVE OUT SERV","billing_code_type":"RC","billing_code_type_version":"UB04","billing_code":"0906","description":"PSYCHIATRIC\/PSYCHOLOGICAL TRT: INTENSIVE OUT SERV","allowed_amounts":[{"tin":{"type":"ein","value":"475118962"},"service_code":["22"],"billing_class":"institutional","payments":[{"allowed_amount":2160.00,"billing_code_modifier":[""],"providers":[{"billed_charge":2400.00,"npi":[1225496052,1689622938]}]}]},{"tin":{"type":"ein","value":"823622229"},"service_code":["22"],"billing_class":"institutional","payments":[{"allowed_amount":600.00,"billing_code_modifier":[""],"providers":[{"billed_charge":2800.00,"npi":[1639677768,1659382588]}]}]}]},{"name":"PSYCHOTHERAPY W\/PATIENT 45 MINUTES","billing_code_type":"CPT","billing_code_type_version":"2020","billing_code":"90834","description":"PSYCHOTHERAPY W\/PATIENT 45 MINUTES","allowed_amounts":[{"tin":{"type":"ein","value":"201996750"},"service_code":["11"],"billing_class":"professional","payments":[{"allowed_amount":84.00,"billing_code_modifier":[""],"providers":[{"billed_charge":140.00,"npi":[1447314489,1982873196]}]}]},{"tin":{"type":"ein","value":"831545172"},"service_code":["02"],"billing_class":"professional","payments":[{"allowed_amount":105.27,"billing_code_modifier":[""],"providers":[{"billed_charge":200.00,"npi":[1871762419]}]}]},{"tin":{"type":"ein","value":"851333275"},"service_code":["02"],"billing_class":"professional","payments":[{"allowed_amount":137.15,"billing_code_modifier":[""],"providers":[{"billed_charge":300.00,"npi":[1124614920,1841841897]}]}]}]},{"name":"PSYCHOTHERAPY W\/PATIENT W\/E&M SRVCS 30 MIN","billing_code_type":"CPT","billing_code_type_version":"2020","billing_code":"90833","description":"PSYCHOTHERAPY W\/PATIENT W\/E&M SRVCS 30 MIN","allowed_amounts":[{"tin":{"type":"ein","value":"832631626"},"service_code":["10","11"],"billing_class":"professional","payments":[{"allowed_amount":100.43,"billing_code_modifier":[""],"providers":[{"billed_charge":235.14,"npi":[1487112801,1952631715]},{"billed_charge":193.00,"npi":[1487112801,1952631715]},{"billed_charge":212.00,"npi":[1487112801,1952631715]},{"billed_charge":231.00,"npi":[1487112801,1952631715]}]},{"allowed_amount":100.43,"billing_code_modifier":[""],"providers":[{"billed_charge":235.14,"npi":[1487112801,1952631715]},{"billed_charge":193.00,"npi":[1487112801,1952631715]},{"billed_charge":212.00,"npi":[1487112801,1952631715]},{"billed_charge":231.00,"npi":[1487112801,1952631715]}]},{"allowed_amount":100.43,"billing_code_modifier":[""],"providers":[{"billed_charge":235.14,"npi":[1487112801,1952631715]},{"billed_charge":193.00,"npi":[1487112801,1952631715]},{"billed_charge":212.00,"npi":[1487112801,1952631715]},{"billed_charge":231.00,"npi":[1487112801,1952631715]}]},{"allowed_amount":100.43,"billing_code_modifier":[""],"providers":[{"billed_charge":235.14,"npi":[1487112801,1952631715]},{"billed_charge":193.00,"npi":[1487112801,1952631715]},{"billed_charge":212.00,"npi":[1487112801,1952631715]},{"billed_charge":231.00,"npi":[1487112801,1952631715]}]}]},{"tin":{"type":"ein","value":"832631626"},"service_code":["11"],"billing_class":"professional","payments":[{"allowed_amount":100.43,"billing_code_modifier":[""],"providers":[{"billed_charge":235.14,"npi":[1487112801,1952631715]},{"billed_charge":193.00,"npi":[1487112801,1952631715]},{"billed_charge":212.00,"npi":[1487112801,1952631715]},{"billed_charge":231.00,"npi":[1487112801,1952631715]}]},{"allowed_amount":100.43,"billing_code_modifier":[""],"providers":[{"billed_charge":235.14,"npi":[1487112801,1952631715]},{"billed_charge":193.00,"npi":[1487112801,1952631715]},{"billed_charge":212.00,"npi":[1487112801,1952631715]},{"billed_charge":231.00,"npi":[1487112801,1952631715]}]},{"allowed_amount":100.43,"billing_code_modifier":[""],"providers":[{"billed_charge":235.14,"npi":[1487112801,1952631715]},{"billed_charge":193.00,"npi":[1487112801,1952631715]},{"billed_charge":212.00,"npi":[1487112801,1952631715]},{"billed_charge":231.00,"npi":[1487112801,1952631715]}]},{"allowed_amount":100.43,"billing_code_modifier":[""],"providers":[{"billed_charge":235.14,"npi":[1487112801,1952631715]},{"billed_charge":193.00,"npi":[1487112801,1952631715]},{"billed_charge":212.00,"npi":[1487112801,1952631715]},{"billed_charge":231.00,"npi":[1487112801,1952631715]}]}]},{"tin":{"type":"ein","value":"832631626"},"service_code":["11"],"billing_class":"professional","payments":[{"allowed_amount":100.43,"billing_code_modifier":[""],"providers":[{"billed_charge":235.14,"npi":[1487112801,1952631715]},{"billed_charge":193.00,"npi":[1487112801,1952631715]},{"billed_charge":212.00,"npi":[1487112801,1952631715]},{"billed_charge":231.00,"npi":[1487112801,1952631715]}]},{"allowed_amount":100.43,"billing_code_modifier":[""],"providers":[{"billed_charge":235.14,"npi":[1487112801,1952631715]},{"billed_charge":193.00,"npi":[1487112801,1952631715]},{"billed_charge":212.00,"npi":[1487112801,1952631715]},{"billed_charge":231.00,"npi":[1487112801,1952631715]}]},{"allowed_amount":100.43,"billing_code_modifier":[""],"providers":[{"billed_charge":235.14,"npi":[1487112801,1952631715]},{"billed_charge":193.00,"npi":[1487112801,1952631715]},{"billed_charge":212.00,"npi":[1487112801,1952631715]},{"billed_charge":231.00,"npi":[1487112801,1952631715]}]},{"allowed_amount":100.43,"billing_code_modifier":[""],"providers":[{"billed_charge":235.14,"npi":[1487112801,1952631715]},{"billed_charge":193.00,"npi":[1487112801,1952631715]},{"billed_charge":212.00,"npi":[1487112801,1952631715]},{"billed_charge":231.00,"npi":[1487112801,1952631715]}]}]},{"tin":{"type":"ein","value":"832631626"},"service_code":["11"],"billing_class":"professional","payments":[{"allowed_amount":100.43,"billing_code_modifier":[""],"providers":[{"billed_charge":235.14,"npi":[1487112801,1952631715]},{"billed_charge":193.00,"npi":[1487112801,1952631715]},{"billed_charge":212.00,"npi":[1487112801,1952631715]},{"billed_charge":231.00,"npi":[1487112801,1952631715]}]},{"allowed_amount":100.43,"billing_code_modifier":[""],"providers":[{"billed_charge":235.14,"npi":[1487112801,1952631715]},{"billed_charge":193.00,"npi":[1487112801,1952631715]},{"billed_charge":212.00,"npi":[1487112801,1952631715]},{"billed_charge":231.00,"npi":[1487112801,1952631715]}]},{"allowed_amount":100.43,"billing_code_modifier":[""],"providers":[{"billed_charge":235.14,"npi":[1487112801,1952631715]},{"billed_charge":193.00,"npi":[1487112801,1952631715]},{"billed_charge":212.00,"npi":[1487112801,1952631715]},{"billed_charge":231.00,"npi":[1487112801,1952631715]}]},{"allowed_amount":100.43,"billing_code_modifier":[""],"providers":[{"billed_charge":235.14,"npi":[1487112801,1952631715]},{"billed_charge":193.00,"npi":[1487112801,1952631715]},{"billed_charge":212.00,"npi":[1487112801,1952631715]},{"billed_charge":231.00,"npi":[1487112801,1952631715]}]}]}]},{"name":"RESIDENTIAL TREATMENT-CHEMICAL DEPENDENCY","billing_code_type":"RC","billing_code_type_version":"UB04","billing_code":"1002","description":"RESIDENTIAL TREATMENT-CHEMICAL DEPENDENCY","allowed_amounts":[{"tin":{"type":"ein","value":"221656055"},"service_code":["21"],"billing_class":"institutional","payments":[{"allowed_amount":2475.00,"billing_code_modifier":[""],"providers":[{"billed_charge":2750.00,"npi":[1235306903,1912938671]}]}]},{"tin":{"type":"ein","value":"352449513"},"service_code":["21"],"billing_class":"institutional","payments":[{"allowed_amount":2397.00,"billing_code_modifier":[""],"providers":[{"billed_charge":3995.00,"npi":[1386812451,1558616375]}]}]},{"tin":{"type":"ein","value":"475118962"},"service_code":["21"],"billing_class":"institutional","payments":[{"allowed_amount":4275.00,"billing_code_modifier":[""],"providers":[{"billed_charge":4750.00,"npi":[1225496052,1689622938]}]}]},{"tin":{"type":"ein","value":"811056354"},"service_code":["21"],"billing_class":"institutional","payments":[{"allowed_amount":3246.75,"billing_code_modifier":[""],"providers":[{"billed_charge":4995.00,"npi":[1447328109,1881269967]}]}]},{"tin":{"type":"ein","value":"862335407"},"service_code":["21"],"billing_class":"institutional","payments":[{"allowed_amount":1496.16,"billing_code_modifier":[""],"providers":[{"billed_charge":4944.00,"npi":[1740546209,1891464467]}]}]}]},{"name":"RESIDENTIAL TREATMENT-PSYCHIATRIC","billing_code_type":"RC","billing_code_type_version":"UB04","billing_code":"1001","description":"RESIDENTIAL TREATMENT-PSYCHIATRIC","allowed_amounts":[{"tin":{"type":"ein","value":"134343743"},"service_code":["21"],"billing_class":"institutional","payments":[{"allowed_amount":386.51,"billing_code_modifier":[""],"providers":[{"billed_charge":1496.36,"npi":[1902487507]}]}]}]},{"name":"SARS-COV-2 COVID-19 AMP PRB HTT","billing_code_type":"HCPCS","billing_code_type_version":"HCPCS LEVEL II 2021","billing_code":"U0003","description":"SARS-COV-2 COVID-19 AMP PRB HTT","allowed_amounts":[{"tin":{"type":"ein","value":"113540038"},"service_code":["11"],"billing_class":"professional","payments":[{"allowed_amount":175.00,"billing_code_modifier":[""],"providers":[{"billed_charge":250.00,"npi":[1235295213,1235742941,1811939465]}]}]},{"tin":{"type":"ein","value":"260880495"},"service_code":["81"],"billing_class":"professional","payments":[{"allowed_amount":90.00,"billing_code_modifier":[""],"providers":[{"billed_charge":150.00,"npi":[1134377781,1356438436]}]}]},{"tin":{"type":"ein","value":"463908799"},"service_code":["03","81"],"billing_class":"professional","payments":[{"allowed_amount":90.00,"billing_code_modifier":[""],"providers":[{"billed_charge":150.00,"npi":[1093136418]}]}]},{"tin":{"type":"ein","value":"472462178"},"service_code":["81"],"billing_class":"professional","payments":[{"allowed_amount":175.00,"billing_code_modifier":[""],"providers":[{"billed_charge":250.00,"npi":[1114183555,1144731605,1174824726,1467854497,1508484569,1639311509,1962018374]}]}]},{"tin":{"type":"ein","value":"823146637"},"service_code":["81"],"billing_class":"professional","payments":[{"allowed_amount":140.00,"billing_code_modifier":[""],"providers":[{"billed_charge":200.00,"npi":[1629305479,1861994600]}]}]},{"tin":{"type":"ein","value":"871963792"},"service_code":["81"],"billing_class":"professional","payments":[{"allowed_amount":90.00,"billing_code_modifier":[""],"providers":[{"billed_charge":150.00,"npi":[1083710685,1083920888,1851059588]}]}]}]},{"name":"SELF-CARE\/HOME MGMT TRAINING EACH 15 MINUTES","billing_code_type":"CPT","billing_code_type_version":"2020","billing_code":"97535","description":"SELF-CARE\/HOME MGMT TRAINING EACH 15 MINUTES","allowed_amounts":[{"tin":{"type":"ein","value":"860937113"},"service_code":["12"],"billing_class":"professional","payments":[{"allowed_amount":123.20,"billing_code_modifier":[""],"providers":[{"billed_charge":176.00,"npi":[1134119365,1356556492]}]}]}]},{"name":"THER PX 1\/> AREAS EACH 15 MIN NEUROMUSC REEDUCA","billing_code_type":"CPT","billing_code_type_version":"2020","billing_code":"97112","description":"THER PX 1\/> AREAS EACH 15 MIN NEUROMUSC REEDUCA","allowed_amounts":[{"tin":{"type":"ein","value":"202952256"},"service_code":["11"],"billing_class":"professional","payments":[{"allowed_amount":50.20,"billing_code_modifier":[""],"providers":[{"billed_charge":119.00,"npi":[1356405583,1770802647,1891834982]}]}]},{"tin":{"type":"ein","value":"455391327"},"service_code":["11"],"billing_class":"professional","payments":[{"allowed_amount":45.00,"billing_code_modifier":[""],"providers":[{"billed_charge":45.00,"npi":[1194009696,1831535657]}]}]},{"tin":{"type":"ein","value":"822314391"},"service_code":["11"],"billing_class":"professional","payments":[{"allowed_amount":58.34,"billing_code_modifier":[""],"providers":[{"billed_charge":80.00,"npi":[1619318953,1891202925,1952698896]}]}]}]},{"name":"THERAPEUT ACTVITY DIRECT PT CONTACT EACH 15 MIN","billing_code_type":"CPT","billing_code_type_version":"2020","billing_code":"97530","description":"THERAPEUT ACTVITY DIRECT PT CONTACT EACH 15 MIN","allowed_amounts":[{"tin":{"type":"ein","value":"043747644"},"service_code":["11"],"billing_class":"professional","payments":[{"allowed_amount":64.18,"billing_code_modifier":[""],"providers":[{"billed_charge":79.00,"npi":[1295780328]}]}]},{"tin":{"type":"ein","value":"330266964"},"service_code":["11"],"billing_class":"professional","payments":[{"allowed_amount":36.80,"billing_code_modifier":[""],"providers":[{"billed_charge":46.00,"npi":[1891866406]}]}]}]},{"name":"THERAPEUTIC PROPHYLACTIC\/DX INJECTION SUBQ\/IM","billing_code_type":"CPT","billing_code_type_version":"2020","billing_code":"96372","description":"THERAPEUTIC PROPHYLACTIC\/DX INJECTION SUBQ\/IM","allowed_amounts":[{"tin":{"type":"ein","value":"821597874"},"service_code":["11"],"billing_class":"professional","payments":[{"allowed_amount":252.00,"billing_code_modifier":[""],"providers":[{"billed_charge":300.00,"npi":[1104346600,1528163532]}]}]}]},{"name":"THERAPEUTIC PX 1\/> AREAS EACH 15 MIN EXERCISES","billing_code_type":"CPT","billing_code_type_version":"2020","billing_code":"97110","description":"THERAPEUTIC PX 1\/> AREAS EACH 15 MIN EXERCISES","allowed_amounts":[{"tin":{"type":"ein","value":"043747644"},"service_code":["11"],"billing_class":"professional","payments":[{"allowed_amount":99.22,"billing_code_modifier":[""],"providers":[{"billed_charge":148.00,"npi":[1295780328]}]}]},{"tin":{"type":"ein","value":"202952256"},"service_code":["11"],"billing_class":"professional","payments":[{"allowed_amount":42.94,"billing_code_modifier":[""],"providers":[{"billed_charge":120.00,"npi":[1356405583,1770802647,1891834982]}]}]},{"tin":{"type":"ein","value":"202952256"},"service_code":["11"],"billing_class":"professional","payments":[{"allowed_amount":85.87,"billing_code_modifier":[""],"providers":[{"billed_charge":240.00,"npi":[1356405583,1770802647,1891834982]}]}]},{"tin":{"type":"ein","value":"273859030"},"service_code":["11"],"billing_class":"professional","payments":[{"allowed_amount":39.60,"billing_code_modifier":[""],"providers":[{"billed_charge":130.00,"npi":[1427352608]}]}]},{"tin":{"type":"ein","value":"330266964"},"service_code":["11"],"billing_class":"professional","payments":[{"allowed_amount":35.05,"billing_code_modifier":[""],"providers":[{"billed_charge":46.00,"npi":[1891866406]}]}]},{"tin":{"type":"ein","value":"455612442"},"service_code":["11"],"billing_class":"professional","payments":[{"allowed_amount":39.60,"billing_code_modifier":[""],"providers":[{"billed_charge":120.00,"npi":[1033129481,1093058497]}]}]},{"tin":{"type":"ein","value":"556374552"},"service_code":["11"],"billing_class":"professional","payments":[{"allowed_amount":35.05,"billing_code_modifier":[""],"providers":[{"billed_charge":45.00,"npi":[1902907256]}]}]},{"tin":{"type":"ein","value":"611405246"},"service_code":["11"],"billing_class":"professional","payments":[{"allowed_amount":99.22,"billing_code_modifier":[""],"providers":[{"billed_charge":220.00,"npi":[1710490370,1902012578]}]}]},{"tin":{"type":"ein","value":"822314391"},"service_code":["11"],"billing_class":"professional","payments":[{"allowed_amount":153.63,"billing_code_modifier":[""],"providers":[{"billed_charge":240.00,"npi":[1619318953,1891202925,1952698896]}]}]},{"tin":{"type":"ein","value":"853528127"},"service_code":["11"],"billing_class":"professional","payments":[{"allowed_amount":41.47,"billing_code_modifier":[""],"providers":[{"billed_charge":70.00,"npi":[1346311842,1952906976]}]}]},{"tin":{"type":"ein","value":"874649841"},"service_code":["11"],"billing_class":"professional","payments":[{"allowed_amount":41.47,"billing_code_modifier":[""],"providers":[{"billed_charge":120.00,"npi":[1598336778]}]}]}]}]}
