{"reporting_entity_name": "IEC Group_DBA AmeriBen",
	"reporting_entity_type": "Third Party Administrator",
	"plan_name": "ARIZONA METROPOLITAN TRUST",
	"plan_id_type": "ein",
	"plan_id": "306316739",
	"plan_market_type": "group",
	"last_updated_on": "2026-01-01","Version": "1.0.0","out_of_network":[{"name":"CHIROPRACTIC MANIPLTV TX EXTRASPINAL 1\/> REGION","billing_code_type":"CPT","billing_code_type_version":"2020","billing_code":"98943","description":"CHIROPRACTIC MANIPLTV TX EXTRASPINAL 1\/> REGION","allowed_amounts":[{"tin":{"type":"ein","value":"880528238"},"service_code":["11"],"billing_class":"professional","payments":[{"allowed_amount":61.35,"billing_code_modifier":[""],"providers":[{"billed_charge":65.00,"npi":[1003902560,1760296271]}]}]},{"tin":{"type":"ein","value":"990438610"},"service_code":["11"],"billing_class":"professional","payments":[{"allowed_amount":61.35,"billing_code_modifier":[""],"providers":[{"billed_charge":75.00,"npi":[1184247256,1326818360]}]}]},{"tin":{"type":"ein","value":"473633767"},"service_code":["11"],"billing_class":"professional","payments":[{"allowed_amount":61.35,"billing_code_modifier":[""],"providers":[{"billed_charge":70.43,"npi":[1326005984,1891179552]}]}]},{"tin":{"type":"ein","value":"473633767"},"service_code":["11"],"billing_class":"professional","payments":[{"allowed_amount":61.35,"billing_code_modifier":[""],"providers":[{"billed_charge":70.43,"npi":[1891179552,1932101714]}]}]},{"tin":{"type":"ein","value":"753202440"},"service_code":["11"],"billing_class":"professional","payments":[{"allowed_amount":61.35,"billing_code_modifier":[""],"providers":[{"billed_charge":75.16,"npi":[1003807967]}]}]}]},{"name":"CHIROPRACTIC MANIPULATIVE TX SPINAL 3-4 REGIONS","billing_code_type":"CPT","billing_code_type_version":"2020","billing_code":"98941","description":"CHIROPRACTIC MANIPULATIVE TX SPINAL 3-4 REGIONS","allowed_amounts":[{"tin":{"type":"ein","value":"880528238"},"service_code":["11"],"billing_class":"professional","payments":[{"allowed_amount":75.00,"billing_code_modifier":[""],"providers":[{"billed_charge":75.00,"npi":[1003902560,1760296271]}]}]},{"tin":{"type":"ein","value":"990438610"},"service_code":["11"],"billing_class":"professional","payments":[{"allowed_amount":95.18,"billing_code_modifier":[""],"providers":[{"billed_charge":125.00,"npi":[1184247256,1326818360]}]}]},{"tin":{"type":"ein","value":"205581984"},"service_code":["11"],"billing_class":"professional","payments":[{"allowed_amount":75.00,"billing_code_modifier":[""],"providers":[{"billed_charge":75.00,"npi":[1750418240,1750575205]}]}]},{"tin":{"type":"ein","value":"473633767"},"service_code":["11"],"billing_class":"professional","payments":[{"allowed_amount":95.18,"billing_code_modifier":[""],"providers":[{"billed_charge":108.84,"npi":[1326005984,1891179552]}]}]},{"tin":{"type":"ein","value":"473633767"},"service_code":["11"],"billing_class":"professional","payments":[{"allowed_amount":95.18,"billing_code_modifier":[""],"providers":[{"billed_charge":108.84,"npi":[1891179552,1932101714]}]}]},{"tin":{"type":"ein","value":"753202440"},"service_code":["11"],"billing_class":"professional","payments":[{"allowed_amount":95.18,"billing_code_modifier":[""],"providers":[{"billed_charge":123.72,"npi":[1003807967]}]}]},{"tin":{"type":"ein","value":"845044322"},"service_code":["11"],"billing_class":"professional","payments":[{"allowed_amount":95.18,"billing_code_modifier":[""],"providers":[{"billed_charge":100.00,"npi":[1316919822,1952922668]},{"billed_charge":125.00,"npi":[1316919822,1952922668]}]},{"allowed_amount":95.18,"billing_code_modifier":[""],"providers":[{"billed_charge":100.00,"npi":[1316919822,1952922668]},{"billed_charge":125.00,"npi":[1316919822,1952922668]}]}]},{"tin":{"type":"ein","value":"845044322"},"service_code":["11"],"billing_class":"professional","payments":[{"allowed_amount":95.18,"billing_code_modifier":[""],"providers":[{"billed_charge":100.00,"npi":[1316919822,1952922668]},{"billed_charge":125.00,"npi":[1316919822,1952922668]}]},{"allowed_amount":95.18,"billing_code_modifier":[""],"providers":[{"billed_charge":100.00,"npi":[1316919822,1952922668]},{"billed_charge":125.00,"npi":[1316919822,1952922668]}]}]}]},{"name":"THERAPEUTIC PX 1\/> AREAS EACH 15 MIN EXERCISES","billing_code_type":"CPT","billing_code_type_version":"2020","billing_code":"97110","description":"THERAPEUTIC PX 1\/> AREAS EACH 15 MIN EXERCISES","allowed_amounts":[{"tin":{"type":"ein","value":"300393112"},"service_code":["11"],"billing_class":"professional","payments":[{"allowed_amount":233.05,"billing_code_modifier":[""],"providers":[{"billed_charge":236.00,"npi":[1518092360]}]}]},{"tin":{"type":"ein","value":"473633767"},"service_code":["11"],"billing_class":"professional","payments":[{"allowed_amount":233.05,"billing_code_modifier":[""],"providers":[{"billed_charge":325.60,"npi":[1326005984,1891179552]}]}]},{"tin":{"type":"ein","value":"473633767"},"service_code":["11"],"billing_class":"professional","payments":[{"allowed_amount":233.05,"billing_code_modifier":[""],"providers":[{"billed_charge":325.60,"npi":[1891179552,1932101714]}]}]},{"tin":{"type":"ein","value":"753202440"},"service_code":["11"],"billing_class":"professional","payments":[{"allowed_amount":233.05,"billing_code_modifier":[""],"providers":[{"billed_charge":391.40,"npi":[1003807967]}]}]}]}]}
