{"reporting_entity_name": "IEC Group_DBA AmeriBen",
	"reporting_entity_type": "Third Party Administrator",
	"plan_name": "CITY OF COLORADO SPRINGS",
	"plan_id_type": "ein",
	"plan_id": "846000573",
	"plan_market_type": "group",
	"last_updated_on": "2025-03-01","Version": "1.0.0","out_of_network":[{"name":"CHIROPRACTIC MANIPULATIVE TX SPINAL 3-4 REGIONS","billing_code_type":"CPT","billing_code_type_version":"2020","billing_code":"98941","description":"CHIROPRACTIC MANIPULATIVE TX SPINAL 3-4 REGIONS","allowed_amounts":[{"tin":{"type":"ein","value":"260789334"},"service_code":["11"],"billing_class":"professional","payments":[{"allowed_amount":41.00,"billing_code_modifier":[""],"providers":[{"billed_charge":110.95,"npi":[1124209952,1619147337]}]}]},{"tin":{"type":"ein","value":"274241764"},"service_code":["11"],"billing_class":"professional","payments":[{"allowed_amount":41.00,"billing_code_modifier":[""],"providers":[{"billed_charge":70.00,"npi":[1801159038,1801190382,1801190384]}]}]},{"tin":{"type":"ein","value":"840832336"},"service_code":["11"],"billing_class":"professional","payments":[{"allowed_amount":42.52,"billing_code_modifier":[""],"providers":[{"billed_charge":128.40,"npi":[1316287311,1760599724,1962098509]}]}]}]},{"name":"COLLECTION VENOUS BLOOD VENIPUNCTURE","billing_code_type":"CPT","billing_code_type_version":"2020","billing_code":"36415","description":"COLLECTION VENOUS BLOOD VENIPUNCTURE","allowed_amounts":[{"tin":{"type":"ein","value":"431039532"},"service_code":["81"],"billing_class":"professional","payments":[{"allowed_amount":1.02,"billing_code_modifier":[""],"providers":[{"billed_charge":35.00,"npi":[1013431741,1073822664,1083032908,1134163819,1144397134,1154386795,1194705244,1194773531,1306813191,1356591762,1427287002,1447296272,1588643290,1609812445,1629013628,1629414016,1720306566,1760906499,1780653444,1811940067,1851376842,1992857577]},{"billed_charge":36.40,"npi":[1013431741,1073185047,1194705244,1316983539,1366424699,1477227288,1538672522,1568600450,1609812445,1780620526,1851656623]}]},{"allowed_amount":1.02,"billing_code_modifier":[""],"providers":[{"billed_charge":35.00,"npi":[1013431741,1073822664,1083032908,1134163819,1144397134,1154386795,1194705244,1194773531,1306813191,1356591762,1427287002,1447296272,1588643290,1609812445,1629013628,1629414016,1720306566,1760906499,1780653444,1811940067,1851376842,1992857577]},{"billed_charge":36.40,"npi":[1013431741,1073185047,1194705244,1316983539,1366424699,1477227288,1538672522,1568600450,1609812445,1780620526,1851656623]}]}]},{"tin":{"type":"ein","value":"431039532"},"service_code":["81"],"billing_class":"professional","payments":[{"allowed_amount":1.02,"billing_code_modifier":[""],"providers":[{"billed_charge":35.00,"npi":[1013431741,1073822664,1083032908,1134163819,1144397134,1154386795,1194705244,1194773531,1306813191,1356591762,1427287002,1447296272,1588643290,1609812445,1629013628,1629414016,1720306566,1760906499,1780653444,1811940067,1851376842,1992857577]},{"billed_charge":36.40,"npi":[1013431741,1073185047,1194705244,1316983539,1366424699,1477227288,1538672522,1568600450,1609812445,1780620526,1851656623]}]},{"allowed_amount":1.02,"billing_code_modifier":[""],"providers":[{"billed_charge":35.00,"npi":[1013431741,1073822664,1083032908,1134163819,1144397134,1154386795,1194705244,1194773531,1306813191,1356591762,1427287002,1447296272,1588643290,1609812445,1629013628,1629414016,1720306566,1760906499,1780653444,1811940067,1851376842,1992857577]},{"billed_charge":36.40,"npi":[1013431741,1073185047,1194705244,1316983539,1366424699,1477227288,1538672522,1568600450,1609812445,1780620526,1851656623]}]}]},{"tin":{"type":"ein","value":"840591617"},"service_code":["81"],"billing_class":"professional","payments":[{"allowed_amount":1.02,"billing_code_modifier":[""],"providers":[{"billed_charge":7.20,"npi":[1760713465,1811261043]},{"billed_charge":22.80,"npi":[1487881470,1760713465,1811261043]}]},{"allowed_amount":1.02,"billing_code_modifier":[""],"providers":[{"billed_charge":7.20,"npi":[1760713465,1811261043]},{"billed_charge":22.80,"npi":[1487881470,1760713465,1811261043]}]}]},{"tin":{"type":"ein","value":"840591617"},"service_code":["81"],"billing_class":"professional","payments":[{"allowed_amount":1.02,"billing_code_modifier":[""],"providers":[{"billed_charge":7.20,"npi":[1760713465,1811261043]},{"billed_charge":22.80,"npi":[1487881470,1760713465,1811261043]}]},{"allowed_amount":1.02,"billing_code_modifier":[""],"providers":[{"billed_charge":7.20,"npi":[1760713465,1811261043]},{"billed_charge":22.80,"npi":[1487881470,1760713465,1811261043]}]}]},{"tin":{"type":"ein","value":"840611484"},"service_code":["81"],"billing_class":"professional","payments":[{"allowed_amount":1.02,"billing_code_modifier":[""],"providers":[{"billed_charge":26.25,"npi":[1427131986,1598747651]}]}]}]},{"name":"CONTINUOUS POS AIRWAY PRESSURE DEVC","billing_code_type":"HCPCS","billing_code_type_version":"HCPCS LEVEL II 2021","billing_code":"E0601","description":"CONTINUOUS POS AIRWAY PRESSURE DEVC","allowed_amounts":[{"tin":{"type":"ein","value":"452683127"},"service_code":["12"],"billing_class":"professional","payments":[{"allowed_amount":34.09,"billing_code_modifier":[""],"providers":[{"billed_charge":140.00,"npi":[1144767542,1457828139,1962487587]}]}]},{"tin":{"type":"ein","value":"611423158"},"service_code":["12"],"billing_class":"professional","payments":[{"allowed_amount":34.09,"billing_code_modifier":[""],"providers":[{"billed_charge":252.00,"npi":[1073551446]}]}]}]},{"name":"FETAL CHROMOSOMAL ANEUPLOIDY GENOMIC SEQ ANALYS","billing_code_type":"CPT","billing_code_type_version":"2020","billing_code":"81420","description":"FETAL CHROMOSOMAL ANEUPLOIDY GENOMIC SEQ ANALYS","allowed_amounts":[{"tin":{"type":"ein","value":"010894487"},"service_code":["81"],"billing_class":"professional","payments":[{"allowed_amount":425.00,"billing_code_modifier":[""],"providers":[{"billed_charge":3900.00,"npi":[1093834145,1124289277,1235528225,1558672279,1679520373,1891841490]}]}]},{"tin":{"type":"ein","value":"811082020"},"service_code":["81"],"billing_class":"professional","payments":[{"allowed_amount":425.00,"billing_code_modifier":[""],"providers":[{"billed_charge":6072.40,"npi":[1023404894,1093193609,1356729974,1518606722,1528389368,1598314437]}]}]}]},{"name":"HEMOGLOBIN GLYCOSYLATED A1C","billing_code_type":"CPT","billing_code_type_version":"2020","billing_code":"83036","description":"HEMOGLOBIN GLYCOSYLATED A1C","allowed_amounts":[{"tin":{"type":"ein","value":"431039532"},"service_code":["81"],"billing_class":"professional","payments":[{"allowed_amount":4.08,"billing_code_modifier":[""],"providers":[{"billed_charge":81.68,"npi":[1013431741,1306813191,1356591762,1609812445,1720306566,1780653444]},{"billed_charge":84.95,"npi":[1013431741,1073185047,1194705244,1477138824,1477227288,1538672522,1609812445,1851656623,1881630614]}]},{"allowed_amount":4.08,"billing_code_modifier":[""],"providers":[{"billed_charge":81.68,"npi":[1013431741,1306813191,1356591762,1609812445,1720306566,1780653444]},{"billed_charge":84.95,"npi":[1013431741,1073185047,1194705244,1477138824,1477227288,1538672522,1609812445,1851656623,1881630614]}]}]},{"tin":{"type":"ein","value":"431039532"},"service_code":["81"],"billing_class":"professional","payments":[{"allowed_amount":4.08,"billing_code_modifier":[""],"providers":[{"billed_charge":81.68,"npi":[1013431741,1306813191,1356591762,1609812445,1720306566,1780653444]},{"billed_charge":84.95,"npi":[1013431741,1073185047,1194705244,1477138824,1477227288,1538672522,1609812445,1851656623,1881630614]}]},{"allowed_amount":4.08,"billing_code_modifier":[""],"providers":[{"billed_charge":81.68,"npi":[1013431741,1306813191,1356591762,1609812445,1720306566,1780653444]},{"billed_charge":84.95,"npi":[1013431741,1073185047,1194705244,1477138824,1477227288,1538672522,1609812445,1851656623,1881630614]}]}]},{"tin":{"type":"ein","value":"840591617"},"service_code":["81"],"billing_class":"professional","payments":[{"allowed_amount":4.08,"billing_code_modifier":[""],"providers":[{"billed_charge":24.00,"npi":[1518071067,1578174934]},{"billed_charge":25.20,"npi":[1518071067,1578174934]}]},{"allowed_amount":4.08,"billing_code_modifier":[""],"providers":[{"billed_charge":24.00,"npi":[1518071067,1578174934]},{"billed_charge":25.20,"npi":[1518071067,1578174934]}]}]},{"tin":{"type":"ein","value":"840591617"},"service_code":["81"],"billing_class":"professional","payments":[{"allowed_amount":4.08,"billing_code_modifier":[""],"providers":[{"billed_charge":24.00,"npi":[1518071067,1578174934]},{"billed_charge":25.20,"npi":[1518071067,1578174934]}]},{"allowed_amount":4.08,"billing_code_modifier":[""],"providers":[{"billed_charge":24.00,"npi":[1518071067,1578174934]},{"billed_charge":25.20,"npi":[1518071067,1578174934]}]}]}]},{"name":"HUMIDIFIER HEATED USED W PAP","billing_code_type":"HCPCS","billing_code_type_version":"HCPCS LEVEL II 2021","billing_code":"E0562","description":"HUMIDIFIER HEATED USED W PAP","allowed_amounts":[{"tin":{"type":"ein","value":"452683127"},"service_code":["12"],"billing_class":"professional","payments":[{"allowed_amount":11.43,"billing_code_modifier":[""],"providers":[{"billed_charge":40.00,"npi":[1144767542,1457828139,1962487587]}]}]},{"tin":{"type":"ein","value":"611423158"},"service_code":["12"],"billing_class":"professional","payments":[{"allowed_amount":11.43,"billing_code_modifier":[""],"providers":[{"billed_charge":49.99,"npi":[1073551446]}]}]}]},{"name":"LIPID PANEL","billing_code_type":"CPT","billing_code_type_version":"2020","billing_code":"80061","description":"LIPID PANEL","allowed_amounts":[{"tin":{"type":"ein","value":"431039532"},"service_code":["81"],"billing_class":"professional","payments":[{"allowed_amount":7.68,"billing_code_modifier":[""],"providers":[{"billed_charge":162.91,"npi":[1013431741,1134163819,1154386795,1194773531,1306813191,1356591762,1609812445,1720306566,1760906499]},{"billed_charge":169.43,"npi":[1013431741,1073185047,1194705244,1366424699,1477227288,1538672522,1609812445,1851656623]}]},{"allowed_amount":7.68,"billing_code_modifier":[""],"providers":[{"billed_charge":162.91,"npi":[1013431741,1134163819,1154386795,1194773531,1306813191,1356591762,1609812445,1720306566,1760906499]},{"billed_charge":169.43,"npi":[1013431741,1073185047,1194705244,1366424699,1477227288,1538672522,1609812445,1851656623]}]}]},{"tin":{"type":"ein","value":"431039532"},"service_code":["81"],"billing_class":"professional","payments":[{"allowed_amount":7.68,"billing_code_modifier":[""],"providers":[{"billed_charge":162.91,"npi":[1013431741,1134163819,1154386795,1194773531,1306813191,1356591762,1609812445,1720306566,1760906499]},{"billed_charge":169.43,"npi":[1013431741,1073185047,1194705244,1366424699,1477227288,1538672522,1609812445,1851656623]}]},{"allowed_amount":7.68,"billing_code_modifier":[""],"providers":[{"billed_charge":162.91,"npi":[1013431741,1134163819,1154386795,1194773531,1306813191,1356591762,1609812445,1720306566,1760906499]},{"billed_charge":169.43,"npi":[1013431741,1073185047,1194705244,1366424699,1477227288,1538672522,1609812445,1851656623]}]}]},{"tin":{"type":"ein","value":"840591617"},"service_code":["81"],"billing_class":"professional","payments":[{"allowed_amount":7.68,"billing_code_modifier":[""],"providers":[{"billed_charge":34.80,"npi":[1518071067]}]}]}]},{"name":"NDL EMG 2 XTR W\/WO RELATED PARASPINAL AREAS","billing_code_type":"CPT","billing_code_type_version":"2020","billing_code":"95861","description":"NDL EMG 2 XTR W\/WO RELATED PARASPINAL AREAS","allowed_amounts":[{"tin":{"type":"ein","value":"261562366"},"service_code":["21"],"billing_class":"professional","payments":[{"allowed_amount":0.00,"billing_code_modifier":[""],"providers":[{"billed_charge":3000.00,"npi":[1174813174,1336245828,1487851838,1932651726]}]}]},{"tin":{"type":"ein","value":"271622508"},"service_code":["22"],"billing_class":"professional","payments":[{"allowed_amount":0.00,"billing_code_modifier":[""],"providers":[{"billed_charge":1614.00,"npi":[1174916522,1275707978,1942540851]}]}]},{"tin":{"type":"ein","value":"853229794"},"service_code":["11"],"billing_class":"professional","payments":[{"allowed_amount":0.00,"billing_code_modifier":[""],"providers":[{"billed_charge":3139.00,"npi":[1114139888,1336746122,1578296265,1942540851]}]}]}]},{"name":"OFFICE\/OUTPATIENT ESTABLISHED MOD MDM 30 MIN","billing_code_type":"CPT","billing_code_type_version":"2020","billing_code":"99214","description":"OFFICE\/OUTPATIENT ESTABLISHED MOD MDM 30 MIN","allowed_amounts":[{"tin":{"type":"ein","value":"205928086"},"service_code":["20"],"billing_class":"professional","payments":[{"allowed_amount":109.95,"billing_code_modifier":[""],"providers":[{"billed_charge":215.00,"npi":[1437121597,1982819025]}]}]},{"tin":{"type":"ein","value":"452668894"},"service_code":["10"],"billing_class":"professional","payments":[{"allowed_amount":109.95,"billing_code_modifier":[""],"providers":[{"billed_charge":300.00,"npi":[1457833568,1588038681,1922510544]},{"billed_charge":235.00,"npi":[1588038681,1811466071]}]},{"allowed_amount":109.95,"billing_code_modifier":[""],"providers":[{"billed_charge":300.00,"npi":[1457833568,1588038681,1922510544]},{"billed_charge":235.00,"npi":[1588038681,1811466071]}]}]},{"tin":{"type":"ein","value":"452668894"},"service_code":["10"],"billing_class":"professional","payments":[{"allowed_amount":128.25,"billing_code_modifier":[""],"providers":[{"billed_charge":235.00,"npi":[1235441486,1588038681,1962092098]}]}]},{"tin":{"type":"ein","value":"452668894"},"service_code":["10","11"],"billing_class":"professional","payments":[{"allowed_amount":109.95,"billing_code_modifier":[""],"providers":[{"billed_charge":300.00,"npi":[1457833568,1588038681,1922510544]},{"billed_charge":235.00,"npi":[1588038681,1811466071]}]},{"allowed_amount":109.95,"billing_code_modifier":[""],"providers":[{"billed_charge":300.00,"npi":[1457833568,1588038681,1922510544]},{"billed_charge":235.00,"npi":[1588038681,1811466071]}]}]},{"tin":{"type":"ein","value":"460862530"},"service_code":["11"],"billing_class":"professional","payments":[{"allowed_amount":109.95,"billing_code_modifier":[""],"providers":[{"billed_charge":330.00,"npi":[1639510803,1700107323,1710919865]}]}]},{"tin":{"type":"ein","value":"810970561"},"service_code":["10"],"billing_class":"professional","payments":[{"allowed_amount":128.25,"billing_code_modifier":[""],"providers":[{"billed_charge":398.73,"npi":[1366646069,1689441255,1790141984]}]}]},{"tin":{"type":"ein","value":"810970561"},"service_code":["10","11"],"billing_class":"professional","payments":[{"allowed_amount":109.95,"billing_code_modifier":[""],"providers":[{"billed_charge":398.73,"npi":[1306894464,1366646069,1528715604,1689441255,1780326603,1790141984,1992345565]}]}]},{"tin":{"type":"ein","value":"815153902"},"service_code":["11"],"billing_class":"professional","payments":[{"allowed_amount":128.25,"billing_code_modifier":[""],"providers":[{"billed_charge":218.02,"npi":[1013456383,1366548133]}]}]},{"tin":{"type":"ein","value":"815398347"},"service_code":["11"],"billing_class":"professional","payments":[{"allowed_amount":109.95,"billing_code_modifier":[""],"providers":[{"billed_charge":180.00,"npi":[1407492531,1942775150]}]}]},{"tin":{"type":"ein","value":"833801205"},"service_code":["11"],"billing_class":"professional","payments":[{"allowed_amount":109.95,"billing_code_modifier":[""],"providers":[{"billed_charge":522.92,"npi":[1154889608,1538525639]}]}]},{"tin":{"type":"ein","value":"833801205"},"service_code":["11"],"billing_class":"professional","payments":[{"allowed_amount":128.25,"billing_code_modifier":[""],"providers":[{"billed_charge":522.92,"npi":[1154889608,1538525639]}]}]},{"tin":{"type":"ein","value":"833882262"},"service_code":["11"],"billing_class":"professional","payments":[{"allowed_amount":128.25,"billing_code_modifier":[""],"providers":[{"billed_charge":255.00,"npi":[1538478458]}]}]},{"tin":{"type":"ein","value":"840405257"},"service_code":["11"],"billing_class":"professional","payments":[{"allowed_amount":128.25,"billing_code_modifier":[""],"providers":[{"billed_charge":346.00,"npi":[1427131986,1689173262]}]}]},{"tin":{"type":"ein","value":"840832336"},"service_code":["11"],"billing_class":"professional","payments":[{"allowed_amount":128.25,"billing_code_modifier":[""],"providers":[{"billed_charge":222.00,"npi":[1275640690,1568599504,1760599724]}]}]},{"tin":{"type":"ein","value":"841549616"},"service_code":["10"],"billing_class":"professional","payments":[{"allowed_amount":109.95,"billing_code_modifier":[""],"providers":[{"billed_charge":272.00,"npi":[1154419281,1366530404,1962135822]}]}]},{"tin":{"type":"ein","value":"842223798"},"service_code":["10"],"billing_class":"professional","payments":[{"allowed_amount":109.95,"billing_code_modifier":[""],"providers":[{"billed_charge":120.00,"npi":[1144810235,1568016038]}]}]},{"tin":{"type":"ein","value":"861747274"},"service_code":["02","11"],"billing_class":"professional","payments":[{"allowed_amount":109.95,"billing_code_modifier":[""],"providers":[{"billed_charge":245.44,"npi":[1164014874,1528524592,1710357462,1821798877]}]}]},{"tin":{"type":"ein","value":"922506102"},"service_code":["02"],"billing_class":"professional","payments":[{"allowed_amount":109.95,"billing_code_modifier":[""],"providers":[{"billed_charge":175.00,"npi":[1609576784,1710357462]}]}]},{"tin":{"type":"ein","value":"922506102"},"service_code":["02"],"billing_class":"professional","payments":[{"allowed_amount":128.25,"billing_code_modifier":[""],"providers":[{"billed_charge":175.00,"npi":[1609576784,1710357462]}]}]}]},{"name":"PSYCHOTHERAPY W\/PATIENT W\/E&M SRVCS 30 MIN","billing_code_type":"CPT","billing_code_type_version":"2020","billing_code":"90833","description":"PSYCHOTHERAPY W\/PATIENT W\/E&M SRVCS 30 MIN","allowed_amounts":[{"tin":{"type":"ein","value":"452668894"},"service_code":["10","11"],"billing_class":"professional","payments":[{"allowed_amount":87.19,"billing_code_modifier":[""],"providers":[{"billed_charge":145.00,"npi":[1588038681,1811466071]}]}]},{"tin":{"type":"ein","value":"810970561"},"service_code":["10","11"],"billing_class":"professional","payments":[{"allowed_amount":87.19,"billing_code_modifier":[""],"providers":[{"billed_charge":214.89,"npi":[1366646069,1528715604,1689441255,1780326603,1790141984,1992345565]}]}]},{"tin":{"type":"ein","value":"861747274"},"service_code":["02"],"billing_class":"professional","payments":[{"allowed_amount":87.19,"billing_code_modifier":[""],"providers":[{"billed_charge":155.76,"npi":[1164014874,1528524592,1710357462,1821798877]}]}]}]},{"name":"RESIDENTIAL TREATMENT-PSYCHIATRIC","billing_code_type":"RC","billing_code_type_version":"UB04","billing_code":"1001","description":"RESIDENTIAL TREATMENT-PSYCHIATRIC","allowed_amounts":[{"tin":{"type":"ein","value":"822998089"},"service_code":["21"],"billing_class":"institutional","payments":[{"allowed_amount":602.00,"billing_code_modifier":[""],"providers":[{"billed_charge":4495.00,"npi":[1528687852,1861469603]}]}]}]},{"name":"THERAPEUT ACTVITY DIRECT PT CONTACT EACH 15 MIN","billing_code_type":"CPT","billing_code_type_version":"2020","billing_code":"97530","description":"THERAPEUT ACTVITY DIRECT PT CONTACT EACH 15 MIN","allowed_amounts":[{"tin":{"type":"ein","value":"364794715"},"service_code":["11"],"billing_class":"professional","payments":[{"allowed_amount":59.50,"billing_code_modifier":[""],"providers":[{"billed_charge":65.00,"npi":[1336542125,1659850410,1689193120]}]}]},{"tin":{"type":"ein","value":"840532684"},"service_code":["10","12"],"billing_class":"professional","payments":[{"allowed_amount":59.50,"billing_code_modifier":[""],"providers":[{"billed_charge":160.00,"npi":[1538592829,1700928348,1962736942]},{"billed_charge":120.00,"npi":[1538592829,1700928348,1962736942]},{"billed_charge":200.00,"npi":[1538592829,1962736942]}]},{"allowed_amount":59.50,"billing_code_modifier":[""],"providers":[{"billed_charge":160.00,"npi":[1538592829,1700928348,1962736942]},{"billed_charge":120.00,"npi":[1538592829,1700928348,1962736942]},{"billed_charge":200.00,"npi":[1538592829,1962736942]}]},{"allowed_amount":59.50,"billing_code_modifier":[""],"providers":[{"billed_charge":160.00,"npi":[1538592829,1700928348,1962736942]},{"billed_charge":120.00,"npi":[1538592829,1700928348,1962736942]},{"billed_charge":200.00,"npi":[1538592829,1962736942]}]}]},{"tin":{"type":"ein","value":"840532684"},"service_code":["12"],"billing_class":"professional","payments":[{"allowed_amount":59.50,"billing_code_modifier":[""],"providers":[{"billed_charge":160.00,"npi":[1538592829,1700928348,1962736942]},{"billed_charge":120.00,"npi":[1538592829,1700928348,1962736942]},{"billed_charge":200.00,"npi":[1538592829,1962736942]}]},{"allowed_amount":59.50,"billing_code_modifier":[""],"providers":[{"billed_charge":160.00,"npi":[1538592829,1700928348,1962736942]},{"billed_charge":120.00,"npi":[1538592829,1700928348,1962736942]},{"billed_charge":200.00,"npi":[1538592829,1962736942]}]},{"allowed_amount":59.50,"billing_code_modifier":[""],"providers":[{"billed_charge":160.00,"npi":[1538592829,1700928348,1962736942]},{"billed_charge":120.00,"npi":[1538592829,1700928348,1962736942]},{"billed_charge":200.00,"npi":[1538592829,1962736942]}]}]},{"tin":{"type":"ein","value":"840532684"},"service_code":["12"],"billing_class":"professional","payments":[{"allowed_amount":59.50,"billing_code_modifier":[""],"providers":[{"billed_charge":160.00,"npi":[1538592829,1700928348,1962736942]},{"billed_charge":120.00,"npi":[1538592829,1700928348,1962736942]},{"billed_charge":200.00,"npi":[1538592829,1962736942]}]},{"allowed_amount":59.50,"billing_code_modifier":[""],"providers":[{"billed_charge":160.00,"npi":[1538592829,1700928348,1962736942]},{"billed_charge":120.00,"npi":[1538592829,1700928348,1962736942]},{"billed_charge":200.00,"npi":[1538592829,1962736942]}]},{"allowed_amount":59.50,"billing_code_modifier":[""],"providers":[{"billed_charge":160.00,"npi":[1538592829,1700928348,1962736942]},{"billed_charge":120.00,"npi":[1538592829,1700928348,1962736942]},{"billed_charge":200.00,"npi":[1538592829,1962736942]}]}]},{"tin":{"type":"ein","value":"841554677"},"service_code":["12"],"billing_class":"professional","payments":[{"allowed_amount":59.50,"billing_code_modifier":[""],"providers":[{"billed_charge":144.01,"npi":[1629094909]}]}]}]}]}
