{"reporting_entity_name": "IEC Group_DBA AmeriBen",
	"reporting_entity_type": "Third Party Administrator",
	"plan_name": "THE HOME DEPOT",
	"plan_id_type": "ein",
	"plan_id": "581853319",
	"plan_market_type": "group",
	"last_updated_on": "2023-06-01","Version": "1.0.0","out_of_network":[{"name":"ASSAY OF TROPONIN QUANTITATIVE","billing_code_type":"CPT","billing_code_type_version":"2020","billing_code":"84484","description":"ASSAY OF TROPONIN QUANTITATIVE","allowed_amounts":[{"tin":{"type":"ein","value":"363947062"},"service_code":["21","22","23"],"billing_class":"professional","payments":[{"allowed_amount":2.09,"billing_code_modifier":[""],"providers":[{"billed_charge":43.00,"npi":[1699774059,1770531600,1871784405,1922055144,1942648274,1982896460]}]}]},{"tin":{"type":"ein","value":"364386543"},"service_code":["21"],"billing_class":"professional","payments":[{"allowed_amount":2.09,"billing_code_modifier":[""],"providers":[{"billed_charge":43.00,"npi":[1013596386,1457343931,1548375082,1750382974,1982606380]}]}]},{"tin":{"type":"ein","value":"451827035"},"service_code":["23"],"billing_class":"professional","payments":[{"allowed_amount":2.09,"billing_code_modifier":[""],"providers":[{"billed_charge":45.80,"npi":[1033368774,1457642969,1710917836,1780720664]}]}]}]},{"name":"BASIC METABOLIC PANEL CALCIUM TOTAL","billing_code_type":"CPT","billing_code_type_version":"2020","billing_code":"80048","description":"BASIC METABOLIC PANEL CALCIUM TOTAL","allowed_amounts":[{"tin":{"type":"ein","value":"320056775"},"service_code":["23"],"billing_class":"professional","payments":[{"allowed_amount":8.21,"billing_code_modifier":[""],"providers":[{"billed_charge":15.00,"npi":[1386740587,1699757369,1902902281,1922177229]}]}]},{"tin":{"type":"ein","value":"363947062"},"service_code":["21"],"billing_class":"professional","payments":[{"allowed_amount":8.21,"billing_code_modifier":[""],"providers":[{"billed_charge":21.00,"npi":[1194836858,1699774059,1770531600,1922055144]}]}]},{"tin":{"type":"ein","value":"364386543"},"service_code":["21"],"billing_class":"professional","payments":[{"allowed_amount":8.21,"billing_code_modifier":[""],"providers":[{"billed_charge":10.00,"npi":[1063090595,1174084305,1457343931,1548375082,1699353821,1982606380]}]}]}]},{"name":"BLOOD COUNT COMPLETE AUTO&AUTO DIFRNTL WBC","billing_code_type":"CPT","billing_code_type_version":"2020","billing_code":"85025","description":"BLOOD COUNT COMPLETE AUTO&AUTO DIFRNTL WBC","allowed_amounts":[{"tin":{"type":"ein","value":"202844581"},"service_code":["21"],"billing_class":"professional","payments":[{"allowed_amount":2.91,"billing_code_modifier":[""],"providers":[{"billed_charge":18.00,"npi":[1083112023,1447403563,1982666210,1992766356]}]}]},{"tin":{"type":"ein","value":"204249832"},"service_code":["22","23"],"billing_class":"professional","payments":[{"allowed_amount":3.18,"billing_code_modifier":[""],"providers":[{"billed_charge":25.00,"npi":[1003864810,1386733293,1396901088,1881625341]}]}]},{"tin":{"type":"ein","value":"320056775"},"service_code":["21","22"],"billing_class":"professional","payments":[{"allowed_amount":3.18,"billing_code_modifier":[""],"providers":[{"billed_charge":13.00,"npi":[1083836027,1306000765,1598845828,1609909217,1780977975,1902902281,1972572675]}]}]},{"tin":{"type":"ein","value":"320056775"},"service_code":["23"],"billing_class":"professional","payments":[{"allowed_amount":3.26,"billing_code_modifier":[""],"providers":[{"billed_charge":13.00,"npi":[1386740587,1699757369,1902902281,1922177229]}]}]},{"tin":{"type":"ein","value":"363028437"},"service_code":["23"],"billing_class":"professional","payments":[{"allowed_amount":3.18,"billing_code_modifier":[""],"providers":[{"billed_charge":22.00,"npi":[1003815457,1053813360,1164530465,1699715870]}]}]},{"tin":{"type":"ein","value":"363947062"},"service_code":["21","22","23"],"billing_class":"professional","payments":[{"allowed_amount":3.26,"billing_code_modifier":[""],"providers":[{"billed_charge":22.00,"npi":[1558362079,1699774059,1770531600,1871784405,1922055144,1942648274,1982896460]}]}]},{"tin":{"type":"ein","value":"364386543"},"service_code":["21"],"billing_class":"professional","payments":[{"allowed_amount":3.26,"billing_code_modifier":[""],"providers":[{"billed_charge":21.00,"npi":[1114554300,1457343931,1487280301,1548375082,1750382974,1982606380]}]}]},{"tin":{"type":"ein","value":"364386543"},"service_code":["21","22"],"billing_class":"professional","payments":[{"allowed_amount":3.18,"billing_code_modifier":[""],"providers":[{"billed_charge":21.00,"npi":[1235227851,1629026364,1831330877,1881632107,1982606380,1982928404]}]}]},{"tin":{"type":"ein","value":"451827035"},"service_code":["23"],"billing_class":"professional","payments":[{"allowed_amount":3.26,"billing_code_modifier":[""],"providers":[{"billed_charge":20.90,"npi":[1033368774,1457642969,1710917836,1780720664]}]}]},{"tin":{"type":"ein","value":"751049190"},"service_code":["22"],"billing_class":"professional","payments":[{"allowed_amount":2.91,"billing_code_modifier":[""],"providers":[{"billed_charge":14.20,"npi":[1265477707,1447250253,1619903226,1689990228]}]}]},{"tin":{"type":"ein","value":"751049190"},"service_code":["22","23"],"billing_class":"professional","payments":[{"allowed_amount":2.79,"billing_code_modifier":[""],"providers":[{"billed_charge":14.20,"npi":[1023456761,1083925424,1265430177,1265477707,1457380909,1467494690,1639108186,1649273434,1871099986]}]}]},{"tin":{"type":"ein","value":"751625363"},"service_code":["23"],"billing_class":"professional","payments":[{"allowed_amount":2.79,"billing_code_modifier":[""],"providers":[{"billed_charge":12.00,"npi":[1033120423,1184738361,1275650715,1891786976]}]}]},{"tin":{"type":"ein","value":"751664109"},"service_code":["23"],"billing_class":"professional","payments":[{"allowed_amount":2.91,"billing_code_modifier":[""],"providers":[{"billed_charge":10.20,"npi":[1124344734,1336304468,1902885890]}]}]},{"tin":{"type":"ein","value":"751788181"},"service_code":["23"],"billing_class":"professional","payments":[{"allowed_amount":2.91,"billing_code_modifier":[""],"providers":[{"billed_charge":10.00,"npi":[1033165501,1225211162,1457381352,1528095361,1558472530]}]}]},{"tin":{"type":"ein","value":"756002868"},"service_code":["23"],"billing_class":"professional","payments":[{"allowed_amount":2.91,"billing_code_modifier":[""],"providers":[{"billed_charge":14.00,"npi":[1023027554,1104891050,1194743013,1639445943]}]}]}]},{"name":"BLOOD COUNT COMPLETE AUTOMATED","billing_code_type":"CPT","billing_code_type_version":"2020","billing_code":"85027","description":"BLOOD COUNT COMPLETE AUTOMATED","allowed_amounts":[{"tin":{"type":"ein","value":"363947062"},"service_code":["21"],"billing_class":"professional","payments":[{"allowed_amount":1.67,"billing_code_modifier":[""],"providers":[{"billed_charge":21.00,"npi":[1194836858,1346656493,1699774059,1770531600,1922055144]}]}]},{"tin":{"type":"ein","value":"364015560"},"service_code":["21"],"billing_class":"professional","payments":[{"allowed_amount":1.57,"billing_code_modifier":[""],"providers":[{"billed_charge":18.00,"npi":[1336159961,1376521575,1700850005,1861873226,1972582062]}]}]}]},{"name":"COMPREHENSIVE METABOLIC PANEL","billing_code_type":"CPT","billing_code_type_version":"2020","billing_code":"80053","description":"COMPREHENSIVE METABOLIC PANEL","allowed_amounts":[{"tin":{"type":"ein","value":"204249832"},"service_code":["22","23"],"billing_class":"professional","payments":[{"allowed_amount":5.09,"billing_code_modifier":[""],"providers":[{"billed_charge":38.00,"npi":[1003864810,1386733293,1396901088,1881625341]}]}]},{"tin":{"type":"ein","value":"320056775"},"service_code":["21","22"],"billing_class":"professional","payments":[{"allowed_amount":5.09,"billing_code_modifier":[""],"providers":[{"billed_charge":20.00,"npi":[1083836027,1306000765,1598845828,1609909217,1700881737,1780977975,1902902281,1972572675]}]}]},{"tin":{"type":"ein","value":"363028437"},"service_code":["23"],"billing_class":"professional","payments":[{"allowed_amount":5.09,"billing_code_modifier":[""],"providers":[{"billed_charge":36.00,"npi":[1003815457,1053813360,1164530465,1699715870]}]}]},{"tin":{"type":"ein","value":"363947062"},"service_code":["21","22","23"],"billing_class":"professional","payments":[{"allowed_amount":5.20,"billing_code_modifier":[""],"providers":[{"billed_charge":30.00,"npi":[1699774059,1770531600,1871784405,1922055144,1942648274,1982896460]}]}]},{"tin":{"type":"ein","value":"364386543"},"service_code":["21"],"billing_class":"professional","payments":[{"allowed_amount":5.09,"billing_code_modifier":[""],"providers":[{"billed_charge":30.00,"npi":[1629026364,1831330877,1881632107,1982606380,1982928404]}]}]},{"tin":{"type":"ein","value":"364386543"},"service_code":["21"],"billing_class":"professional","payments":[{"allowed_amount":5.20,"billing_code_modifier":[""],"providers":[{"billed_charge":30.00,"npi":[1114554300,1457343931,1548375082,1750382974,1982606380]}]}]},{"tin":{"type":"ein","value":"451827035"},"service_code":["23"],"billing_class":"professional","payments":[{"allowed_amount":5.20,"billing_code_modifier":[""],"providers":[{"billed_charge":29.30,"npi":[1033368774,1457642969,1710917836,1780720664]}]}]}]},{"name":"CT ABDOMEN & PELVIS W\/O CONTRAST MATERIAL","billing_code_type":"CPT","billing_code_type_version":"2020","billing_code":"74176","description":"CT ABDOMEN & PELVIS W\/O CONTRAST MATERIAL","allowed_amounts":[{"tin":{"type":"ein","value":"751286819"},"service_code":["21"],"billing_class":"professional","payments":[{"allowed_amount":101.97,"billing_code_modifier":[""],"providers":[{"billed_charge":210.53,"npi":[1417980202,1487608923,1578587069,1710970975]},{"billed_charge":345.00,"npi":[1023695046,1073842126,1164539631,1255981965,1538802384,1629397245,1639121254,1649265612,1669472387,1710970975]}]},{"allowed_amount":101.97,"billing_code_modifier":[""],"providers":[{"billed_charge":210.53,"npi":[1417980202,1487608923,1578587069,1710970975]},{"billed_charge":345.00,"npi":[1023695046,1073842126,1164539631,1255981965,1538802384,1629397245,1639121254,1649265612,1669472387,1710970975]}]}]},{"tin":{"type":"ein","value":"751286819"},"service_code":["21","23"],"billing_class":"professional","payments":[{"allowed_amount":101.97,"billing_code_modifier":[""],"providers":[{"billed_charge":210.53,"npi":[1417980202,1487608923,1578587069,1710970975]},{"billed_charge":345.00,"npi":[1023695046,1073842126,1164539631,1255981965,1538802384,1629397245,1639121254,1649265612,1669472387,1710970975]}]},{"allowed_amount":101.97,"billing_code_modifier":[""],"providers":[{"billed_charge":210.53,"npi":[1417980202,1487608923,1578587069,1710970975]},{"billed_charge":345.00,"npi":[1023695046,1073842126,1164539631,1255981965,1538802384,1629397245,1639121254,1649265612,1669472387,1710970975]}]}]},{"tin":{"type":"ein","value":"751459885"},"service_code":["21"],"billing_class":"professional","payments":[{"allowed_amount":101.97,"billing_code_modifier":[""],"providers":[{"billed_charge":1637.00,"npi":[1124302179,1134172406,1306954615,1427016161]}]}]}]},{"name":"CULTURE BACTERIAL BLOOD AEROBIC W\/ID ISOLATES","billing_code_type":"CPT","billing_code_type_version":"2020","billing_code":"87040","description":"CULTURE BACTERIAL BLOOD AEROBIC W\/ID ISOLATES","allowed_amounts":[{"tin":{"type":"ein","value":"364386543"},"service_code":["21"],"billing_class":"professional","payments":[{"allowed_amount":3.03,"billing_code_modifier":[""],"providers":[{"billed_charge":33.00,"npi":[1114367778,1407234255,1629026364,1881632107,1982606380,1982928404]}]}]}]},{"name":"IADNA SARS-COV-2 COVID-19 AMPLIFIED PROBE TQ","billing_code_type":"CPT","billing_code_type_version":"2020","billing_code":"87635","description":"IADNA SARS-COV-2 COVID-19 AMPLIFIED PROBE TQ","allowed_amounts":[{"tin":{"type":"ein","value":"861681086"},"service_code":["11"],"billing_class":"professional","payments":[{"allowed_amount":59.01,"billing_code_modifier":[""],"providers":[{"billed_charge":92.00,"npi":[1285763607,1720750045]},{"billed_charge":95.00,"npi":[1285763607,1720750045]}]},{"allowed_amount":59.01,"billing_code_modifier":[""],"providers":[{"billed_charge":92.00,"npi":[1285763607,1720750045]},{"billed_charge":95.00,"npi":[1285763607,1720750045]}]}]},{"tin":{"type":"ein","value":"861681086"},"service_code":["11"],"billing_class":"professional","payments":[{"allowed_amount":59.01,"billing_code_modifier":[""],"providers":[{"billed_charge":92.00,"npi":[1285763607,1720750045]},{"billed_charge":95.00,"npi":[1285763607,1720750045]}]},{"allowed_amount":59.01,"billing_code_modifier":[""],"providers":[{"billed_charge":92.00,"npi":[1285763607,1720750045]},{"billed_charge":95.00,"npi":[1285763607,1720750045]}]}]}]},{"name":"INJECTION ERTAPENEM SODIUM 500 MG","billing_code_type":"HCPCS","billing_code_type_version":"HCPCS LEVEL II 2021","billing_code":"J1335","description":"INJECTION ERTAPENEM SODIUM 500 MG","allowed_amounts":[{"tin":{"type":"ein","value":"260362434"},"service_code":["11"],"billing_class":"professional","payments":[{"allowed_amount":297.00,"billing_code_modifier":[""],"providers":[{"billed_charge":540.00,"npi":[1215116660,1487608923]}]}]}]},{"name":"RADIOLOGIC EXAM ABDOMEN 1 VIEW","billing_code_type":"CPT","billing_code_type_version":"2020","billing_code":"74018","description":"RADIOLOGIC EXAM ABDOMEN 1 VIEW","allowed_amounts":[{"tin":{"type":"ein","value":"751286819"},"service_code":["21","22"],"billing_class":"professional","payments":[{"allowed_amount":11.67,"billing_code_modifier":[""],"providers":[{"billed_charge":36.00,"npi":[1023228525,1154499879,1275969834,1306427620,1376960997,1457437048,1538802384,1568628246,1598348583,1629020243,1629397245,1669472387,1689897977,1710970975,1730839986,1790995207,1891765178,1932164753,1962833228,1992198188]}]}]}]},{"name":"RADIOLOGIC EXAM CHEST 2 VIEWS","billing_code_type":"CPT","billing_code_type_version":"2020","billing_code":"71046","description":"RADIOLOGIC EXAM CHEST 2 VIEWS","allowed_amounts":[{"tin":{"type":"ein","value":"364015560"},"service_code":["23"],"billing_class":"professional","payments":[{"allowed_amount":13.86,"billing_code_modifier":[""],"providers":[{"billed_charge":48.00,"npi":[1144541871,1336159961,1376521575,1588019293,1649566480,1669837001,1831170232]}]}]},{"tin":{"type":"ein","value":"473109067"},"service_code":["22","23"],"billing_class":"professional","payments":[{"allowed_amount":13.86,"billing_code_modifier":[""],"providers":[{"billed_charge":147.00,"npi":[1053612275,1598756686,1619914496,1669847307,1760404958,1841687951,1922036797]}]}]},{"tin":{"type":"ein","value":"880602985"},"service_code":["23"],"billing_class":"professional","payments":[{"allowed_amount":13.86,"billing_code_modifier":[""],"providers":[{"billed_charge":39.00,"npi":[1083234694,1760686646,1780720664,1790421089]}]}]}]},{"name":"RADIOLOGIC EXAM CHEST SINGLE VIEW","billing_code_type":"CPT","billing_code_type_version":"2020","billing_code":"71045","description":"RADIOLOGIC EXAM CHEST SINGLE VIEW","allowed_amounts":[{"tin":{"type":"ein","value":"751286819"},"service_code":["21","23"],"billing_class":"professional","payments":[{"allowed_amount":11.28,"billing_code_modifier":[""],"providers":[{"billed_charge":36.00,"npi":[1093373581,1306427620,1467744573,1538802384,1629397245,1669472387,1710970975,1821314667]}]}]},{"tin":{"type":"ein","value":"751459885"},"service_code":["21","23"],"billing_class":"professional","payments":[{"allowed_amount":11.28,"billing_code_modifier":[""],"providers":[{"billed_charge":248.00,"npi":[1003874744,1124302179,1134172406,1306954615,1427016161,1629207907]}]}]}]},{"name":"SBSQ HOSPITAL IP\/OBS CARE HIGH MDM 50 MINUTES","billing_code_type":"CPT","billing_code_type_version":"2020","billing_code":"99233","description":"SBSQ HOSPITAL IP\/OBS CARE HIGH MDM 50 MINUTES","allowed_amounts":[{"tin":{"type":"ein","value":"522306954"},"service_code":["51"],"billing_class":"professional","payments":[{"allowed_amount":122.52,"billing_code_modifier":[""],"providers":[{"billed_charge":150.00,"npi":[1134401466,1316044530,1861835787]}]}]},{"tin":{"type":"ein","value":"752905110"},"service_code":["21"],"billing_class":"professional","payments":[{"allowed_amount":122.52,"billing_code_modifier":[""],"providers":[{"billed_charge":265.00,"npi":[1265810089,1649273434,1699113910,1962523852]}]}]}]},{"name":"SBSQ HOSPITAL IP\/OBS CARE MOD MDM 35 MINUTES","billing_code_type":"CPT","billing_code_type_version":"2020","billing_code":"99232","description":"SBSQ HOSPITAL IP\/OBS CARE MOD MDM 35 MINUTES","allowed_amounts":[{"tin":{"type":"ein","value":"320552496"},"service_code":["21"],"billing_class":"professional","payments":[{"allowed_amount":92.54,"billing_code_modifier":[""],"providers":[{"billed_charge":186.00,"npi":[1295710580,1376041954,1487639514]}]}]},{"tin":{"type":"ein","value":"364015560"},"service_code":["21"],"billing_class":"professional","payments":[{"allowed_amount":92.54,"billing_code_modifier":[""],"providers":[{"billed_charge":186.00,"npi":[1093998502,1336159961,1376521575]}]}]},{"tin":{"type":"ein","value":"471930457"},"service_code":["21"],"billing_class":"professional","payments":[{"allowed_amount":92.54,"billing_code_modifier":[""],"providers":[{"billed_charge":228.00,"npi":[1003305368,1073597795,1225012990,1346318813,1518420413,1619280708]}]}]},{"tin":{"type":"ein","value":"752005254"},"service_code":["21"],"billing_class":"professional","payments":[{"allowed_amount":81.09,"billing_code_modifier":[""],"providers":[{"billed_charge":146.00,"npi":[1487654018,1558375634,1639348469,1649256546,1679512370]}]}]},{"tin":{"type":"ein","value":"752131429"},"service_code":["21"],"billing_class":"professional","payments":[{"allowed_amount":81.09,"billing_code_modifier":[""],"providers":[{"billed_charge":247.00,"npi":[1669472387,1811944101,1942858998]}]}]},{"tin":{"type":"ein","value":"752613493"},"service_code":["21"],"billing_class":"professional","payments":[{"allowed_amount":81.09,"billing_code_modifier":[""],"providers":[{"billed_charge":238.00,"npi":[1164669305,1174573596,1417980202,1487821898]}]}]}]},{"name":"SPEC CLCT FOR SARS-COV-2 COVID-19 ANY SPEC SRC","billing_code_type":"HCPCS","billing_code_type_version":"HCPCS LEVEL II 2021","billing_code":"G2023","description":"SPEC CLCT FOR SARS-COV-2 COVID-19 ANY SPEC SRC","allowed_amounts":[{"tin":{"type":"ein","value":"861681086"},"service_code":["11"],"billing_class":"professional","payments":[{"allowed_amount":26.98,"billing_code_modifier":[""],"providers":[{"billed_charge":50.00,"npi":[1285763607,1720750045]}]}]},{"tin":{"type":"ein","value":"873640625"},"service_code":["81"],"billing_class":"professional","payments":[{"allowed_amount":26.98,"billing_code_modifier":[""],"providers":[{"billed_charge":50.00,"npi":[1184385379]}]}]}]}]}
