{"reporting_entity_name": "IEC Group_DBA AmeriBen",
	"reporting_entity_type": "Third Party Administrator",
	"plan_name": "CKS PACKAGING INC",
	"plan_id_type": "ein",
	"plan_id": "581645660",
	"plan_market_type": "group",
	"last_updated_on": "2025-05-01","Version": "1.0.0","out_of_network":[{"name":"25 HYDROXY INCLUDES FRACTIONS IF PERFORMED","billing_code_type":"CPT","billing_code_type_version":"2020","billing_code":"82306","description":"25 HYDROXY INCLUDES FRACTIONS IF PERFORMED","allowed_amounts":[{"tin":{"type":"ein","value":"000000008"},"service_code":["81"],"billing_class":"professional","payments":[{"allowed_amount":14.26,"billing_code_modifier":[""],"providers":[{"billed_charge":124.08,"npi":[1083688873,1235186800]}]}]},{"tin":{"type":"ein","value":"271117058"},"service_code":["81"],"billing_class":"professional","payments":[{"allowed_amount":14.26,"billing_code_modifier":[""],"providers":[{"billed_charge":348.92,"npi":[1063734739,1154318004,1780620526]}]}]},{"tin":{"type":"ein","value":"382084239"},"service_code":["81"],"billing_class":"professional","payments":[{"allowed_amount":14.26,"billing_code_modifier":[""],"providers":[{"billed_charge":276.66,"npi":[1528591716,1871997866,1932166386,1952833543]}]}]},{"tin":{"type":"ein","value":"810576059"},"service_code":["81"],"billing_class":"professional","payments":[{"allowed_amount":14.26,"billing_code_modifier":[""],"providers":[{"billed_charge":124.08,"npi":[1083688873,1144865197,1235186800,1598739609,1770655987,1770821621,1770909236,1861483877,1962441493]}]}]},{"tin":{"type":"ein","value":"852981413"},"service_code":["81"],"billing_class":"professional","payments":[{"allowed_amount":14.26,"billing_code_modifier":[""],"providers":[{"billed_charge":45.00,"npi":[1144224957,1295323053]}]}]},{"tin":{"type":"ein","value":"881986507"},"service_code":["81"],"billing_class":"professional","payments":[{"allowed_amount":14.26,"billing_code_modifier":[""],"providers":[{"billed_charge":60.00,"npi":[1215633185,1609874023]}]}]}]},{"name":"ASSAY OF FOLIC ACID SERUM","billing_code_type":"CPT","billing_code_type_version":"2020","billing_code":"82746","description":"ASSAY OF FOLIC ACID SERUM","allowed_amounts":[{"tin":{"type":"ein","value":"000000008"},"service_code":["81"],"billing_class":"professional","payments":[{"allowed_amount":6.17,"billing_code_modifier":[""],"providers":[{"billed_charge":61.62,"npi":[1083688873,1235186800]}]}]},{"tin":{"type":"ein","value":"271117058"},"service_code":["81"],"billing_class":"professional","payments":[{"allowed_amount":6.17,"billing_code_modifier":[""],"providers":[{"billed_charge":135.12,"npi":[1063734739,1154318004,1780620526]}]}]},{"tin":{"type":"ein","value":"382084239"},"service_code":["81"],"billing_class":"professional","payments":[{"allowed_amount":6.17,"billing_code_modifier":[""],"providers":[{"billed_charge":135.12,"npi":[1528591716,1932166386]}]}]},{"tin":{"type":"ein","value":"810576059"},"service_code":["81"],"billing_class":"professional","payments":[{"allowed_amount":6.17,"billing_code_modifier":[""],"providers":[{"billed_charge":61.62,"npi":[1083688873,1144865197,1235186800,1598739609,1639174600,1770655987,1861483877]}]}]}]},{"name":"ASSAY OF PROSTATE SPECIFIC ANTIGEN TOTAL","billing_code_type":"CPT","billing_code_type_version":"2020","billing_code":"84153","description":"ASSAY OF PROSTATE SPECIFIC ANTIGEN TOTAL","allowed_amounts":[{"tin":{"type":"ein","value":"000000008"},"service_code":["81"],"billing_class":"professional","payments":[{"allowed_amount":8.86,"billing_code_modifier":[""],"providers":[{"billed_charge":77.10,"npi":[1083688873,1235186800]}]}]},{"tin":{"type":"ein","value":"382084239"},"service_code":["81"],"billing_class":"professional","payments":[{"allowed_amount":8.86,"billing_code_modifier":[""],"providers":[{"billed_charge":106.81,"npi":[1528591716,1932166386]},{"billed_charge":169.86,"npi":[1033193800,1144681016,1205250487,1679913628,1932166386]}]},{"allowed_amount":8.86,"billing_code_modifier":[""],"providers":[{"billed_charge":106.81,"npi":[1528591716,1932166386]},{"billed_charge":169.86,"npi":[1033193800,1144681016,1205250487,1679913628,1932166386]}]}]},{"tin":{"type":"ein","value":"382084239"},"service_code":["81"],"billing_class":"professional","payments":[{"allowed_amount":8.86,"billing_code_modifier":[""],"providers":[{"billed_charge":106.81,"npi":[1528591716,1932166386]},{"billed_charge":169.86,"npi":[1033193800,1144681016,1205250487,1679913628,1932166386]}]},{"allowed_amount":8.86,"billing_code_modifier":[""],"providers":[{"billed_charge":106.81,"npi":[1528591716,1932166386]},{"billed_charge":169.86,"npi":[1033193800,1144681016,1205250487,1679913628,1932166386]}]}]},{"tin":{"type":"ein","value":"810576059"},"service_code":["81"],"billing_class":"professional","payments":[{"allowed_amount":8.86,"billing_code_modifier":[""],"providers":[{"billed_charge":77.10,"npi":[1184614380,1235186800,1770655987,1811323249,1861483877]}]}]}]},{"name":"BLOOD COUNT COMPLETE AUTO&AUTO DIFRNTL WBC","billing_code_type":"CPT","billing_code_type_version":"2020","billing_code":"85025","description":"BLOOD COUNT COMPLETE AUTO&AUTO DIFRNTL WBC","allowed_amounts":[{"tin":{"type":"ein","value":"382084239"},"service_code":["81"],"billing_class":"professional","payments":[{"allowed_amount":3.75,"billing_code_modifier":[""],"providers":[{"billed_charge":52.05,"npi":[1205250487,1306533864,1528591716,1770655987,1871997866,1932166386,1932569258]}]}]},{"tin":{"type":"ein","value":"810576059"},"service_code":["81"],"billing_class":"professional","payments":[{"allowed_amount":3.75,"billing_code_modifier":[""],"providers":[{"billed_charge":15.54,"npi":[1083688873,1235186800,1285922450,1639174600,1730404948,1770655987]}]}]},{"tin":{"type":"ein","value":"881986507"},"service_code":["81"],"billing_class":"professional","payments":[{"allowed_amount":3.75,"billing_code_modifier":[""],"providers":[{"billed_charge":15.00,"npi":[1215633185,1609874023]}]}]}]},{"name":"COLLECTION VENOUS BLOOD VENIPUNCTURE","billing_code_type":"CPT","billing_code_type_version":"2020","billing_code":"36415","description":"COLLECTION VENOUS BLOOD VENIPUNCTURE","allowed_amounts":[{"tin":{"type":"ein","value":"382084239"},"service_code":["81"],"billing_class":"professional","payments":[{"allowed_amount":1.02,"billing_code_modifier":[""],"providers":[{"billed_charge":6.50,"npi":[1477968675,1932166386]},{"billed_charge":36.40,"npi":[1134233620,1154318004,1205250487,1275620452,1306533864,1447296272,1528591716,1932166386]}]},{"allowed_amount":1.02,"billing_code_modifier":[""],"providers":[{"billed_charge":6.50,"npi":[1477968675,1932166386]},{"billed_charge":36.40,"npi":[1134233620,1154318004,1205250487,1275620452,1306533864,1447296272,1528591716,1932166386]}]}]},{"tin":{"type":"ein","value":"382084239"},"service_code":["81"],"billing_class":"professional","payments":[{"allowed_amount":1.02,"billing_code_modifier":[""],"providers":[{"billed_charge":6.50,"npi":[1477968675,1932166386]},{"billed_charge":36.40,"npi":[1134233620,1154318004,1205250487,1275620452,1306533864,1447296272,1528591716,1932166386]}]},{"allowed_amount":1.02,"billing_code_modifier":[""],"providers":[{"billed_charge":6.50,"npi":[1477968675,1932166386]},{"billed_charge":36.40,"npi":[1134233620,1154318004,1205250487,1275620452,1306533864,1447296272,1528591716,1932166386]}]}]},{"tin":{"type":"ein","value":"463285783"},"service_code":["11"],"billing_class":"professional","payments":[{"allowed_amount":1.02,"billing_code_modifier":[""],"providers":[{"billed_charge":20.00,"npi":[1770909236,1972056380]}]}]},{"tin":{"type":"ein","value":"751093698"},"service_code":["81"],"billing_class":"professional","payments":[{"allowed_amount":1.02,"billing_code_modifier":[""],"providers":[{"billed_charge":12.00,"npi":[1659339711,1962481820]}]}]},{"tin":{"type":"ein","value":"852981413"},"service_code":["81"],"billing_class":"professional","payments":[{"allowed_amount":1.02,"billing_code_modifier":[""],"providers":[{"billed_charge":15.00,"npi":[1144224957,1295323053]}]}]},{"tin":{"type":"ein","value":"881986507"},"service_code":["81"],"billing_class":"professional","payments":[{"allowed_amount":1.02,"billing_code_modifier":[""],"providers":[{"billed_charge":25.00,"npi":[1215633185,1609874023]}]}]}]},{"name":"COMPREHENSIVE METABOLIC PANEL","billing_code_type":"CPT","billing_code_type_version":"2020","billing_code":"80053","description":"COMPREHENSIVE METABOLIC PANEL","allowed_amounts":[{"tin":{"type":"ein","value":"271117058"},"service_code":["81"],"billing_class":"professional","payments":[{"allowed_amount":5.09,"billing_code_modifier":[""],"providers":[{"billed_charge":100.75,"npi":[1063734739,1154318004,1780620526]}]}]},{"tin":{"type":"ein","value":"382084239"},"service_code":["81"],"billing_class":"professional","payments":[{"allowed_amount":5.09,"billing_code_modifier":[""],"providers":[{"billed_charge":100.75,"npi":[1194188516,1205250487,1275175838,1306533864,1528591716,1770655987,1871997866,1932166386,1932569258,1952833543]}]}]},{"tin":{"type":"ein","value":"810576059"},"service_code":["81"],"billing_class":"professional","payments":[{"allowed_amount":5.09,"billing_code_modifier":[""],"providers":[{"billed_charge":21.12,"npi":[1083688873,1235186800,1285922450,1730404948,1770655987]}]}]},{"tin":{"type":"ein","value":"881986507"},"service_code":["81"],"billing_class":"professional","payments":[{"allowed_amount":5.09,"billing_code_modifier":[""],"providers":[{"billed_charge":20.00,"npi":[1215633185,1609874023]}]}]}]},{"name":"CYANOCOBALAMIN VITAMIN B-12","billing_code_type":"CPT","billing_code_type_version":"2020","billing_code":"82607","description":"CYANOCOBALAMIN VITAMIN B-12","allowed_amounts":[{"tin":{"type":"ein","value":"000000008"},"service_code":["81"],"billing_class":"professional","payments":[{"allowed_amount":7.26,"billing_code_modifier":[""],"providers":[{"billed_charge":63.18,"npi":[1083688873,1235186800]}]}]},{"tin":{"type":"ein","value":"271117058"},"service_code":["81"],"billing_class":"professional","payments":[{"allowed_amount":7.26,"billing_code_modifier":[""],"providers":[{"billed_charge":137.70,"npi":[1063734739,1154318004,1780620526]}]}]},{"tin":{"type":"ein","value":"382084239"},"service_code":["81"],"billing_class":"professional","payments":[{"allowed_amount":7.26,"billing_code_modifier":[""],"providers":[{"billed_charge":137.70,"npi":[1528591716,1932166386,1952833543]}]}]},{"tin":{"type":"ein","value":"810576059"},"service_code":["81"],"billing_class":"professional","payments":[{"allowed_amount":7.26,"billing_code_modifier":[""],"providers":[{"billed_charge":63.18,"npi":[1083688873,1144865197,1235186800,1598739609,1639174600,1770655987,1861483877,1962441493]}]}]}]},{"name":"GENERAL HEALTH PANEL","billing_code_type":"CPT","billing_code_type_version":"2020","billing_code":"80050","description":"GENERAL HEALTH PANEL","allowed_amounts":[{"tin":{"type":"ein","value":"382084239"},"service_code":["81"],"billing_class":"professional","payments":[{"allowed_amount":14.76,"billing_code_modifier":[""],"providers":[{"billed_charge":302.08,"npi":[1144681016,1205250487,1528055589,1528591716,1679913628,1932166386]}]}]},{"tin":{"type":"ein","value":"742554159"},"service_code":["81"],"billing_class":"professional","payments":[{"allowed_amount":14.76,"billing_code_modifier":[""],"providers":[{"billed_charge":265.33,"npi":[1194769497,1912434168]}]}]},{"tin":{"type":"ein","value":"810576059"},"service_code":["81"],"billing_class":"professional","payments":[{"allowed_amount":14.76,"billing_code_modifier":[""],"providers":[{"billed_charge":60.00,"npi":[1083688873,1184614380,1235186800,1598739609,1770655987,1770821621,1770909236,1811323249,1861483877,1912434168,1992201495]}]}]},{"tin":{"type":"ein","value":"852981413"},"service_code":["81"],"billing_class":"professional","payments":[{"allowed_amount":14.76,"billing_code_modifier":[""],"providers":[{"billed_charge":65.00,"npi":[1144224957,1295323053]}]}]}]},{"name":"HEMO OPD\/HOME: HEMODIALYSIS COMP OR OTHER RATE","billing_code_type":"RC","billing_code_type_version":"UB04","billing_code":"0821","description":"HEMO OPD\/HOME: HEMODIALYSIS COMP OR OTHER RATE","allowed_amounts":[{"tin":{"type":"ein","value":"460996241"},"service_code":["65"],"billing_class":"institutional","payments":[{"allowed_amount":460.67,"billing_code_modifier":[""],"providers":[{"billed_charge":7821.03,"npi":[1205187903,1619978772]}]}]}]},{"name":"HEMOGLOBIN GLYCOSYLATED A1C","billing_code_type":"CPT","billing_code_type_version":"2020","billing_code":"83036","description":"HEMOGLOBIN GLYCOSYLATED A1C","allowed_amounts":[{"tin":{"type":"ein","value":"000000008"},"service_code":["81"],"billing_class":"professional","payments":[{"allowed_amount":4.68,"billing_code_modifier":[""],"providers":[{"billed_charge":40.68,"npi":[1083688873,1235186800]}]}]},{"tin":{"type":"ein","value":"382084239"},"service_code":["81"],"billing_class":"professional","payments":[{"allowed_amount":4.68,"billing_code_modifier":[""],"providers":[{"billed_charge":84.95,"npi":[1144681016,1194188516,1205250487,1528591716,1679913628,1770655987,1871997866,1932166386]}]}]},{"tin":{"type":"ein","value":"742554159"},"service_code":["81"],"billing_class":"professional","payments":[{"allowed_amount":4.68,"billing_code_modifier":[""],"providers":[{"billed_charge":82.00,"npi":[1194769497,1912434168]}]}]},{"tin":{"type":"ein","value":"810576059"},"service_code":["81"],"billing_class":"professional","payments":[{"allowed_amount":4.68,"billing_code_modifier":[""],"providers":[{"billed_charge":40.68,"npi":[1083688873,1144865197,1184614380,1235186800,1285607648,1770655987,1770821621,1770909236,1811323249,1861483877,1962441493,1992201495]}]}]},{"tin":{"type":"ein","value":"852981413"},"service_code":["81"],"billing_class":"professional","payments":[{"allowed_amount":4.68,"billing_code_modifier":[""],"providers":[{"billed_charge":15.00,"npi":[1144224957,1295323053]}]}]},{"tin":{"type":"ein","value":"881986507"},"service_code":["81"],"billing_class":"professional","payments":[{"allowed_amount":4.68,"billing_code_modifier":[""],"providers":[{"billed_charge":20.00,"npi":[1215633185,1609874023]}]}]}]},{"name":"LIPID PANEL","billing_code_type":"CPT","billing_code_type_version":"2020","billing_code":"80061","description":"LIPID PANEL","allowed_amounts":[{"tin":{"type":"ein","value":"000000008"},"service_code":["81"],"billing_class":"professional","payments":[{"allowed_amount":7.68,"billing_code_modifier":[""],"providers":[{"billed_charge":56.16,"npi":[1083688873,1235186800]}]}]},{"tin":{"type":"ein","value":"271117058"},"service_code":["81"],"billing_class":"professional","payments":[{"allowed_amount":7.68,"billing_code_modifier":[""],"providers":[{"billed_charge":168.55,"npi":[1063734739,1154318004,1780620526]}]}]},{"tin":{"type":"ein","value":"382084239"},"service_code":["81"],"billing_class":"professional","payments":[{"allowed_amount":7.68,"billing_code_modifier":[""],"providers":[{"billed_charge":169.43,"npi":[1144681016,1194188516,1205250487,1528055589,1528591716,1679913628,1770655987,1871997866,1932166386,1952833543]}]}]},{"tin":{"type":"ein","value":"742554159"},"service_code":["81"],"billing_class":"professional","payments":[{"allowed_amount":7.68,"billing_code_modifier":[""],"providers":[{"billed_charge":90.75,"npi":[1194769497,1912434168]}]}]},{"tin":{"type":"ein","value":"810576059"},"service_code":["81"],"billing_class":"professional","payments":[{"allowed_amount":7.68,"billing_code_modifier":[""],"providers":[{"billed_charge":56.16,"npi":[1083688873,1144865197,1184614380,1235186800,1285922450,1598739609,1770655987,1770821621,1770909236,1811323249,1861483877,1962441493,1992201495]}]}]},{"tin":{"type":"ein","value":"840611484"},"service_code":["81"],"billing_class":"professional","payments":[{"allowed_amount":9.37,"billing_code_modifier":[""],"providers":[{"billed_charge":99.29,"npi":[1255314704,1679654727]},{"billed_charge":102.90,"npi":[1255314704,1376001966,1467984898]},{"billed_charge":105.29,"npi":[1255314704,1720442130]},{"billed_charge":106.10,"npi":[1134102874,1255314704]},{"billed_charge":106.65,"npi":[1003496993,1255314704,1578519344]},{"billed_charge":107.28,"npi":[1124236773,1255314704,1578519344]},{"billed_charge":108.15,"npi":[1255314704,1508845116]},{"billed_charge":109.46,"npi":[1255314704,1396990461]}]},{"allowed_amount":9.37,"billing_code_modifier":[""],"providers":[{"billed_charge":99.29,"npi":[1255314704,1679654727]},{"billed_charge":102.90,"npi":[1255314704,1376001966,1467984898]},{"billed_charge":105.29,"npi":[1255314704,1720442130]},{"billed_charge":106.10,"npi":[1134102874,1255314704]},{"billed_charge":106.65,"npi":[1003496993,1255314704,1578519344]},{"billed_charge":107.28,"npi":[1124236773,1255314704,1578519344]},{"billed_charge":108.15,"npi":[1255314704,1508845116]},{"billed_charge":109.46,"npi":[1255314704,1396990461]}]},{"allowed_amount":9.37,"billing_code_modifier":[""],"providers":[{"billed_charge":99.29,"npi":[1255314704,1679654727]},{"billed_charge":102.90,"npi":[1255314704,1376001966,1467984898]},{"billed_charge":105.29,"npi":[1255314704,1720442130]},{"billed_charge":106.10,"npi":[1134102874,1255314704]},{"billed_charge":106.65,"npi":[1003496993,1255314704,1578519344]},{"billed_charge":107.28,"npi":[1124236773,1255314704,1578519344]},{"billed_charge":108.15,"npi":[1255314704,1508845116]},{"billed_charge":109.46,"npi":[1255314704,1396990461]}]},{"allowed_amount":9.37,"billing_code_modifier":[""],"providers":[{"billed_charge":99.29,"npi":[1255314704,1679654727]},{"billed_charge":102.90,"npi":[1255314704,1376001966,1467984898]},{"billed_charge":105.29,"npi":[1255314704,1720442130]},{"billed_charge":106.10,"npi":[1134102874,1255314704]},{"billed_charge":106.65,"npi":[1003496993,1255314704,1578519344]},{"billed_charge":107.28,"npi":[1124236773,1255314704,1578519344]},{"billed_charge":108.15,"npi":[1255314704,1508845116]},{"billed_charge":109.46,"npi":[1255314704,1396990461]}]},{"allowed_amount":9.37,"billing_code_modifier":[""],"providers":[{"billed_charge":99.29,"npi":[1255314704,1679654727]},{"billed_charge":102.90,"npi":[1255314704,1376001966,1467984898]},{"billed_charge":105.29,"npi":[1255314704,1720442130]},{"billed_charge":106.10,"npi":[1134102874,1255314704]},{"billed_charge":106.65,"npi":[1003496993,1255314704,1578519344]},{"billed_charge":107.28,"npi":[1124236773,1255314704,1578519344]},{"billed_charge":108.15,"npi":[1255314704,1508845116]},{"billed_charge":109.46,"npi":[1255314704,1396990461]}]},{"allowed_amount":9.37,"billing_code_modifier":[""],"providers":[{"billed_charge":99.29,"npi":[1255314704,1679654727]},{"billed_charge":102.90,"npi":[1255314704,1376001966,1467984898]},{"billed_charge":105.29,"npi":[1255314704,1720442130]},{"billed_charge":106.10,"npi":[1134102874,1255314704]},{"billed_charge":106.65,"npi":[1003496993,1255314704,1578519344]},{"billed_charge":107.28,"npi":[1124236773,1255314704,1578519344]},{"billed_charge":108.15,"npi":[1255314704,1508845116]},{"billed_charge":109.46,"npi":[1255314704,1396990461]}]},{"allowed_amount":9.37,"billing_code_modifier":[""],"providers":[{"billed_charge":99.29,"npi":[1255314704,1679654727]},{"billed_charge":102.90,"npi":[1255314704,1376001966,1467984898]},{"billed_charge":105.29,"npi":[1255314704,1720442130]},{"billed_charge":106.10,"npi":[1134102874,1255314704]},{"billed_charge":106.65,"npi":[1003496993,1255314704,1578519344]},{"billed_charge":107.28,"npi":[1124236773,1255314704,1578519344]},{"billed_charge":108.15,"npi":[1255314704,1508845116]},{"billed_charge":109.46,"npi":[1255314704,1396990461]}]},{"allowed_amount":9.37,"billing_code_modifier":[""],"providers":[{"billed_charge":99.29,"npi":[1255314704,1679654727]},{"billed_charge":102.90,"npi":[1255314704,1376001966,1467984898]},{"billed_charge":105.29,"npi":[1255314704,1720442130]},{"billed_charge":106.10,"npi":[1134102874,1255314704]},{"billed_charge":106.65,"npi":[1003496993,1255314704,1578519344]},{"billed_charge":107.28,"npi":[1124236773,1255314704,1578519344]},{"billed_charge":108.15,"npi":[1255314704,1508845116]},{"billed_charge":109.46,"npi":[1255314704,1396990461]}]}]},{"tin":{"type":"ein","value":"840611484"},"service_code":["81"],"billing_class":"professional","payments":[{"allowed_amount":9.37,"billing_code_modifier":[""],"providers":[{"billed_charge":99.29,"npi":[1255314704,1679654727]},{"billed_charge":102.90,"npi":[1255314704,1376001966,1467984898]},{"billed_charge":105.29,"npi":[1255314704,1720442130]},{"billed_charge":106.10,"npi":[1134102874,1255314704]},{"billed_charge":106.65,"npi":[1003496993,1255314704,1578519344]},{"billed_charge":107.28,"npi":[1124236773,1255314704,1578519344]},{"billed_charge":108.15,"npi":[1255314704,1508845116]},{"billed_charge":109.46,"npi":[1255314704,1396990461]}]},{"allowed_amount":9.37,"billing_code_modifier":[""],"providers":[{"billed_charge":99.29,"npi":[1255314704,1679654727]},{"billed_charge":102.90,"npi":[1255314704,1376001966,1467984898]},{"billed_charge":105.29,"npi":[1255314704,1720442130]},{"billed_charge":106.10,"npi":[1134102874,1255314704]},{"billed_charge":106.65,"npi":[1003496993,1255314704,1578519344]},{"billed_charge":107.28,"npi":[1124236773,1255314704,1578519344]},{"billed_charge":108.15,"npi":[1255314704,1508845116]},{"billed_charge":109.46,"npi":[1255314704,1396990461]}]},{"allowed_amount":9.37,"billing_code_modifier":[""],"providers":[{"billed_charge":99.29,"npi":[1255314704,1679654727]},{"billed_charge":102.90,"npi":[1255314704,1376001966,1467984898]},{"billed_charge":105.29,"npi":[1255314704,1720442130]},{"billed_charge":106.10,"npi":[1134102874,1255314704]},{"billed_charge":106.65,"npi":[1003496993,1255314704,1578519344]},{"billed_charge":107.28,"npi":[1124236773,1255314704,1578519344]},{"billed_charge":108.15,"npi":[1255314704,1508845116]},{"billed_charge":109.46,"npi":[1255314704,1396990461]}]},{"allowed_amount":9.37,"billing_code_modifier":[""],"providers":[{"billed_charge":99.29,"npi":[1255314704,1679654727]},{"billed_charge":102.90,"npi":[1255314704,1376001966,1467984898]},{"billed_charge":105.29,"npi":[1255314704,1720442130]},{"billed_charge":106.10,"npi":[1134102874,1255314704]},{"billed_charge":106.65,"npi":[1003496993,1255314704,1578519344]},{"billed_charge":107.28,"npi":[1124236773,1255314704,1578519344]},{"billed_charge":108.15,"npi":[1255314704,1508845116]},{"billed_charge":109.46,"npi":[1255314704,1396990461]}]},{"allowed_amount":9.37,"billing_code_modifier":[""],"providers":[{"billed_charge":99.29,"npi":[1255314704,1679654727]},{"billed_charge":102.90,"npi":[1255314704,1376001966,1467984898]},{"billed_charge":105.29,"npi":[1255314704,1720442130]},{"billed_charge":106.10,"npi":[1134102874,1255314704]},{"billed_charge":106.65,"npi":[1003496993,1255314704,1578519344]},{"billed_charge":107.28,"npi":[1124236773,1255314704,1578519344]},{"billed_charge":108.15,"npi":[1255314704,1508845116]},{"billed_charge":109.46,"npi":[1255314704,1396990461]}]},{"allowed_amount":9.37,"billing_code_modifier":[""],"providers":[{"billed_charge":99.29,"npi":[1255314704,1679654727]},{"billed_charge":102.90,"npi":[1255314704,1376001966,1467984898]},{"billed_charge":105.29,"npi":[1255314704,1720442130]},{"billed_charge":106.10,"npi":[1134102874,1255314704]},{"billed_charge":106.65,"npi":[1003496993,1255314704,1578519344]},{"billed_charge":107.28,"npi":[1124236773,1255314704,1578519344]},{"billed_charge":108.15,"npi":[1255314704,1508845116]},{"billed_charge":109.46,"npi":[1255314704,1396990461]}]},{"allowed_amount":9.37,"billing_code_modifier":[""],"providers":[{"billed_charge":99.29,"npi":[1255314704,1679654727]},{"billed_charge":102.90,"npi":[1255314704,1376001966,1467984898]},{"billed_charge":105.29,"npi":[1255314704,1720442130]},{"billed_charge":106.10,"npi":[1134102874,1255314704]},{"billed_charge":106.65,"npi":[1003496993,1255314704,1578519344]},{"billed_charge":107.28,"npi":[1124236773,1255314704,1578519344]},{"billed_charge":108.15,"npi":[1255314704,1508845116]},{"billed_charge":109.46,"npi":[1255314704,1396990461]}]},{"allowed_amount":9.37,"billing_code_modifier":[""],"providers":[{"billed_charge":99.29,"npi":[1255314704,1679654727]},{"billed_charge":102.90,"npi":[1255314704,1376001966,1467984898]},{"billed_charge":105.29,"npi":[1255314704,1720442130]},{"billed_charge":106.10,"npi":[1134102874,1255314704]},{"billed_charge":106.65,"npi":[1003496993,1255314704,1578519344]},{"billed_charge":107.28,"npi":[1124236773,1255314704,1578519344]},{"billed_charge":108.15,"npi":[1255314704,1508845116]},{"billed_charge":109.46,"npi":[1255314704,1396990461]}]}]},{"tin":{"type":"ein","value":"840611484"},"service_code":["81"],"billing_class":"professional","payments":[{"allowed_amount":9.37,"billing_code_modifier":[""],"providers":[{"billed_charge":99.29,"npi":[1255314704,1679654727]},{"billed_charge":102.90,"npi":[1255314704,1376001966,1467984898]},{"billed_charge":105.29,"npi":[1255314704,1720442130]},{"billed_charge":106.10,"npi":[1134102874,1255314704]},{"billed_charge":106.65,"npi":[1003496993,1255314704,1578519344]},{"billed_charge":107.28,"npi":[1124236773,1255314704,1578519344]},{"billed_charge":108.15,"npi":[1255314704,1508845116]},{"billed_charge":109.46,"npi":[1255314704,1396990461]}]},{"allowed_amount":9.37,"billing_code_modifier":[""],"providers":[{"billed_charge":99.29,"npi":[1255314704,1679654727]},{"billed_charge":102.90,"npi":[1255314704,1376001966,1467984898]},{"billed_charge":105.29,"npi":[1255314704,1720442130]},{"billed_charge":106.10,"npi":[1134102874,1255314704]},{"billed_charge":106.65,"npi":[1003496993,1255314704,1578519344]},{"billed_charge":107.28,"npi":[1124236773,1255314704,1578519344]},{"billed_charge":108.15,"npi":[1255314704,1508845116]},{"billed_charge":109.46,"npi":[1255314704,1396990461]}]},{"allowed_amount":9.37,"billing_code_modifier":[""],"providers":[{"billed_charge":99.29,"npi":[1255314704,1679654727]},{"billed_charge":102.90,"npi":[1255314704,1376001966,1467984898]},{"billed_charge":105.29,"npi":[1255314704,1720442130]},{"billed_charge":106.10,"npi":[1134102874,1255314704]},{"billed_charge":106.65,"npi":[1003496993,1255314704,1578519344]},{"billed_charge":107.28,"npi":[1124236773,1255314704,1578519344]},{"billed_charge":108.15,"npi":[1255314704,1508845116]},{"billed_charge":109.46,"npi":[1255314704,1396990461]}]},{"allowed_amount":9.37,"billing_code_modifier":[""],"providers":[{"billed_charge":99.29,"npi":[1255314704,1679654727]},{"billed_charge":102.90,"npi":[1255314704,1376001966,1467984898]},{"billed_charge":105.29,"npi":[1255314704,1720442130]},{"billed_charge":106.10,"npi":[1134102874,1255314704]},{"billed_charge":106.65,"npi":[1003496993,1255314704,1578519344]},{"billed_charge":107.28,"npi":[1124236773,1255314704,1578519344]},{"billed_charge":108.15,"npi":[1255314704,1508845116]},{"billed_charge":109.46,"npi":[1255314704,1396990461]}]},{"allowed_amount":9.37,"billing_code_modifier":[""],"providers":[{"billed_charge":99.29,"npi":[1255314704,1679654727]},{"billed_charge":102.90,"npi":[1255314704,1376001966,1467984898]},{"billed_charge":105.29,"npi":[1255314704,1720442130]},{"billed_charge":106.10,"npi":[1134102874,1255314704]},{"billed_charge":106.65,"npi":[1003496993,1255314704,1578519344]},{"billed_charge":107.28,"npi":[1124236773,1255314704,1578519344]},{"billed_charge":108.15,"npi":[1255314704,1508845116]},{"billed_charge":109.46,"npi":[1255314704,1396990461]}]},{"allowed_amount":9.37,"billing_code_modifier":[""],"providers":[{"billed_charge":99.29,"npi":[1255314704,1679654727]},{"billed_charge":102.90,"npi":[1255314704,1376001966,1467984898]},{"billed_charge":105.29,"npi":[1255314704,1720442130]},{"billed_charge":106.10,"npi":[1134102874,1255314704]},{"billed_charge":106.65,"npi":[1003496993,1255314704,1578519344]},{"billed_charge":107.28,"npi":[1124236773,1255314704,1578519344]},{"billed_charge":108.15,"npi":[1255314704,1508845116]},{"billed_charge":109.46,"npi":[1255314704,1396990461]}]},{"allowed_amount":9.37,"billing_code_modifier":[""],"providers":[{"billed_charge":99.29,"npi":[1255314704,1679654727]},{"billed_charge":102.90,"npi":[1255314704,1376001966,1467984898]},{"billed_charge":105.29,"npi":[1255314704,1720442130]},{"billed_charge":106.10,"npi":[1134102874,1255314704]},{"billed_charge":106.65,"npi":[1003496993,1255314704,1578519344]},{"billed_charge":107.28,"npi":[1124236773,1255314704,1578519344]},{"billed_charge":108.15,"npi":[1255314704,1508845116]},{"billed_charge":109.46,"npi":[1255314704,1396990461]}]},{"allowed_amount":9.37,"billing_code_modifier":[""],"providers":[{"billed_charge":99.29,"npi":[1255314704,1679654727]},{"billed_charge":102.90,"npi":[1255314704,1376001966,1467984898]},{"billed_charge":105.29,"npi":[1255314704,1720442130]},{"billed_charge":106.10,"npi":[1134102874,1255314704]},{"billed_charge":106.65,"npi":[1003496993,1255314704,1578519344]},{"billed_charge":107.28,"npi":[1124236773,1255314704,1578519344]},{"billed_charge":108.15,"npi":[1255314704,1508845116]},{"billed_charge":109.46,"npi":[1255314704,1396990461]}]}]},{"tin":{"type":"ein","value":"840611484"},"service_code":["81"],"billing_class":"professional","payments":[{"allowed_amount":9.37,"billing_code_modifier":[""],"providers":[{"billed_charge":99.29,"npi":[1255314704,1679654727]},{"billed_charge":102.90,"npi":[1255314704,1376001966,1467984898]},{"billed_charge":105.29,"npi":[1255314704,1720442130]},{"billed_charge":106.10,"npi":[1134102874,1255314704]},{"billed_charge":106.65,"npi":[1003496993,1255314704,1578519344]},{"billed_charge":107.28,"npi":[1124236773,1255314704,1578519344]},{"billed_charge":108.15,"npi":[1255314704,1508845116]},{"billed_charge":109.46,"npi":[1255314704,1396990461]}]},{"allowed_amount":9.37,"billing_code_modifier":[""],"providers":[{"billed_charge":99.29,"npi":[1255314704,1679654727]},{"billed_charge":102.90,"npi":[1255314704,1376001966,1467984898]},{"billed_charge":105.29,"npi":[1255314704,1720442130]},{"billed_charge":106.10,"npi":[1134102874,1255314704]},{"billed_charge":106.65,"npi":[1003496993,1255314704,1578519344]},{"billed_charge":107.28,"npi":[1124236773,1255314704,1578519344]},{"billed_charge":108.15,"npi":[1255314704,1508845116]},{"billed_charge":109.46,"npi":[1255314704,1396990461]}]},{"allowed_amount":9.37,"billing_code_modifier":[""],"providers":[{"billed_charge":99.29,"npi":[1255314704,1679654727]},{"billed_charge":102.90,"npi":[1255314704,1376001966,1467984898]},{"billed_charge":105.29,"npi":[1255314704,1720442130]},{"billed_charge":106.10,"npi":[1134102874,1255314704]},{"billed_charge":106.65,"npi":[1003496993,1255314704,1578519344]},{"billed_charge":107.28,"npi":[1124236773,1255314704,1578519344]},{"billed_charge":108.15,"npi":[1255314704,1508845116]},{"billed_charge":109.46,"npi":[1255314704,1396990461]}]},{"allowed_amount":9.37,"billing_code_modifier":[""],"providers":[{"billed_charge":99.29,"npi":[1255314704,1679654727]},{"billed_charge":102.90,"npi":[1255314704,1376001966,1467984898]},{"billed_charge":105.29,"npi":[1255314704,1720442130]},{"billed_charge":106.10,"npi":[1134102874,1255314704]},{"billed_charge":106.65,"npi":[1003496993,1255314704,1578519344]},{"billed_charge":107.28,"npi":[1124236773,1255314704,1578519344]},{"billed_charge":108.15,"npi":[1255314704,1508845116]},{"billed_charge":109.46,"npi":[1255314704,1396990461]}]},{"allowed_amount":9.37,"billing_code_modifier":[""],"providers":[{"billed_charge":99.29,"npi":[1255314704,1679654727]},{"billed_charge":102.90,"npi":[1255314704,1376001966,1467984898]},{"billed_charge":105.29,"npi":[1255314704,1720442130]},{"billed_charge":106.10,"npi":[1134102874,1255314704]},{"billed_charge":106.65,"npi":[1003496993,1255314704,1578519344]},{"billed_charge":107.28,"npi":[1124236773,1255314704,1578519344]},{"billed_charge":108.15,"npi":[1255314704,1508845116]},{"billed_charge":109.46,"npi":[1255314704,1396990461]}]},{"allowed_amount":9.37,"billing_code_modifier":[""],"providers":[{"billed_charge":99.29,"npi":[1255314704,1679654727]},{"billed_charge":102.90,"npi":[1255314704,1376001966,1467984898]},{"billed_charge":105.29,"npi":[1255314704,1720442130]},{"billed_charge":106.10,"npi":[1134102874,1255314704]},{"billed_charge":106.65,"npi":[1003496993,1255314704,1578519344]},{"billed_charge":107.28,"npi":[1124236773,1255314704,1578519344]},{"billed_charge":108.15,"npi":[1255314704,1508845116]},{"billed_charge":109.46,"npi":[1255314704,1396990461]}]},{"allowed_amount":9.37,"billing_code_modifier":[""],"providers":[{"billed_charge":99.29,"npi":[1255314704,1679654727]},{"billed_charge":102.90,"npi":[1255314704,1376001966,1467984898]},{"billed_charge":105.29,"npi":[1255314704,1720442130]},{"billed_charge":106.10,"npi":[1134102874,1255314704]},{"billed_charge":106.65,"npi":[1003496993,1255314704,1578519344]},{"billed_charge":107.28,"npi":[1124236773,1255314704,1578519344]},{"billed_charge":108.15,"npi":[1255314704,1508845116]},{"billed_charge":109.46,"npi":[1255314704,1396990461]}]},{"allowed_amount":9.37,"billing_code_modifier":[""],"providers":[{"billed_charge":99.29,"npi":[1255314704,1679654727]},{"billed_charge":102.90,"npi":[1255314704,1376001966,1467984898]},{"billed_charge":105.29,"npi":[1255314704,1720442130]},{"billed_charge":106.10,"npi":[1134102874,1255314704]},{"billed_charge":106.65,"npi":[1003496993,1255314704,1578519344]},{"billed_charge":107.28,"npi":[1124236773,1255314704,1578519344]},{"billed_charge":108.15,"npi":[1255314704,1508845116]},{"billed_charge":109.46,"npi":[1255314704,1396990461]}]}]},{"tin":{"type":"ein","value":"840611484"},"service_code":["81"],"billing_class":"professional","payments":[{"allowed_amount":9.37,"billing_code_modifier":[""],"providers":[{"billed_charge":99.29,"npi":[1255314704,1679654727]},{"billed_charge":102.90,"npi":[1255314704,1376001966,1467984898]},{"billed_charge":105.29,"npi":[1255314704,1720442130]},{"billed_charge":106.10,"npi":[1134102874,1255314704]},{"billed_charge":106.65,"npi":[1003496993,1255314704,1578519344]},{"billed_charge":107.28,"npi":[1124236773,1255314704,1578519344]},{"billed_charge":108.15,"npi":[1255314704,1508845116]},{"billed_charge":109.46,"npi":[1255314704,1396990461]}]},{"allowed_amount":9.37,"billing_code_modifier":[""],"providers":[{"billed_charge":99.29,"npi":[1255314704,1679654727]},{"billed_charge":102.90,"npi":[1255314704,1376001966,1467984898]},{"billed_charge":105.29,"npi":[1255314704,1720442130]},{"billed_charge":106.10,"npi":[1134102874,1255314704]},{"billed_charge":106.65,"npi":[1003496993,1255314704,1578519344]},{"billed_charge":107.28,"npi":[1124236773,1255314704,1578519344]},{"billed_charge":108.15,"npi":[1255314704,1508845116]},{"billed_charge":109.46,"npi":[1255314704,1396990461]}]},{"allowed_amount":9.37,"billing_code_modifier":[""],"providers":[{"billed_charge":99.29,"npi":[1255314704,1679654727]},{"billed_charge":102.90,"npi":[1255314704,1376001966,1467984898]},{"billed_charge":105.29,"npi":[1255314704,1720442130]},{"billed_charge":106.10,"npi":[1134102874,1255314704]},{"billed_charge":106.65,"npi":[1003496993,1255314704,1578519344]},{"billed_charge":107.28,"npi":[1124236773,1255314704,1578519344]},{"billed_charge":108.15,"npi":[1255314704,1508845116]},{"billed_charge":109.46,"npi":[1255314704,1396990461]}]},{"allowed_amount":9.37,"billing_code_modifier":[""],"providers":[{"billed_charge":99.29,"npi":[1255314704,1679654727]},{"billed_charge":102.90,"npi":[1255314704,1376001966,1467984898]},{"billed_charge":105.29,"npi":[1255314704,1720442130]},{"billed_charge":106.10,"npi":[1134102874,1255314704]},{"billed_charge":106.65,"npi":[1003496993,1255314704,1578519344]},{"billed_charge":107.28,"npi":[1124236773,1255314704,1578519344]},{"billed_charge":108.15,"npi":[1255314704,1508845116]},{"billed_charge":109.46,"npi":[1255314704,1396990461]}]},{"allowed_amount":9.37,"billing_code_modifier":[""],"providers":[{"billed_charge":99.29,"npi":[1255314704,1679654727]},{"billed_charge":102.90,"npi":[1255314704,1376001966,1467984898]},{"billed_charge":105.29,"npi":[1255314704,1720442130]},{"billed_charge":106.10,"npi":[1134102874,1255314704]},{"billed_charge":106.65,"npi":[1003496993,1255314704,1578519344]},{"billed_charge":107.28,"npi":[1124236773,1255314704,1578519344]},{"billed_charge":108.15,"npi":[1255314704,1508845116]},{"billed_charge":109.46,"npi":[1255314704,1396990461]}]},{"allowed_amount":9.37,"billing_code_modifier":[""],"providers":[{"billed_charge":99.29,"npi":[1255314704,1679654727]},{"billed_charge":102.90,"npi":[1255314704,1376001966,1467984898]},{"billed_charge":105.29,"npi":[1255314704,1720442130]},{"billed_charge":106.10,"npi":[1134102874,1255314704]},{"billed_charge":106.65,"npi":[1003496993,1255314704,1578519344]},{"billed_charge":107.28,"npi":[1124236773,1255314704,1578519344]},{"billed_charge":108.15,"npi":[1255314704,1508845116]},{"billed_charge":109.46,"npi":[1255314704,1396990461]}]},{"allowed_amount":9.37,"billing_code_modifier":[""],"providers":[{"billed_charge":99.29,"npi":[1255314704,1679654727]},{"billed_charge":102.90,"npi":[1255314704,1376001966,1467984898]},{"billed_charge":105.29,"npi":[1255314704,1720442130]},{"billed_charge":106.10,"npi":[1134102874,1255314704]},{"billed_charge":106.65,"npi":[1003496993,1255314704,1578519344]},{"billed_charge":107.28,"npi":[1124236773,1255314704,1578519344]},{"billed_charge":108.15,"npi":[1255314704,1508845116]},{"billed_charge":109.46,"npi":[1255314704,1396990461]}]},{"allowed_amount":9.37,"billing_code_modifier":[""],"providers":[{"billed_charge":99.29,"npi":[1255314704,1679654727]},{"billed_charge":102.90,"npi":[1255314704,1376001966,1467984898]},{"billed_charge":105.29,"npi":[1255314704,1720442130]},{"billed_charge":106.10,"npi":[1134102874,1255314704]},{"billed_charge":106.65,"npi":[1003496993,1255314704,1578519344]},{"billed_charge":107.28,"npi":[1124236773,1255314704,1578519344]},{"billed_charge":108.15,"npi":[1255314704,1508845116]},{"billed_charge":109.46,"npi":[1255314704,1396990461]}]}]},{"tin":{"type":"ein","value":"840611484"},"service_code":["81"],"billing_class":"professional","payments":[{"allowed_amount":9.37,"billing_code_modifier":[""],"providers":[{"billed_charge":99.29,"npi":[1255314704,1679654727]},{"billed_charge":102.90,"npi":[1255314704,1376001966,1467984898]},{"billed_charge":105.29,"npi":[1255314704,1720442130]},{"billed_charge":106.10,"npi":[1134102874,1255314704]},{"billed_charge":106.65,"npi":[1003496993,1255314704,1578519344]},{"billed_charge":107.28,"npi":[1124236773,1255314704,1578519344]},{"billed_charge":108.15,"npi":[1255314704,1508845116]},{"billed_charge":109.46,"npi":[1255314704,1396990461]}]},{"allowed_amount":9.37,"billing_code_modifier":[""],"providers":[{"billed_charge":99.29,"npi":[1255314704,1679654727]},{"billed_charge":102.90,"npi":[1255314704,1376001966,1467984898]},{"billed_charge":105.29,"npi":[1255314704,1720442130]},{"billed_charge":106.10,"npi":[1134102874,1255314704]},{"billed_charge":106.65,"npi":[1003496993,1255314704,1578519344]},{"billed_charge":107.28,"npi":[1124236773,1255314704,1578519344]},{"billed_charge":108.15,"npi":[1255314704,1508845116]},{"billed_charge":109.46,"npi":[1255314704,1396990461]}]},{"allowed_amount":9.37,"billing_code_modifier":[""],"providers":[{"billed_charge":99.29,"npi":[1255314704,1679654727]},{"billed_charge":102.90,"npi":[1255314704,1376001966,1467984898]},{"billed_charge":105.29,"npi":[1255314704,1720442130]},{"billed_charge":106.10,"npi":[1134102874,1255314704]},{"billed_charge":106.65,"npi":[1003496993,1255314704,1578519344]},{"billed_charge":107.28,"npi":[1124236773,1255314704,1578519344]},{"billed_charge":108.15,"npi":[1255314704,1508845116]},{"billed_charge":109.46,"npi":[1255314704,1396990461]}]},{"allowed_amount":9.37,"billing_code_modifier":[""],"providers":[{"billed_charge":99.29,"npi":[1255314704,1679654727]},{"billed_charge":102.90,"npi":[1255314704,1376001966,1467984898]},{"billed_charge":105.29,"npi":[1255314704,1720442130]},{"billed_charge":106.10,"npi":[1134102874,1255314704]},{"billed_charge":106.65,"npi":[1003496993,1255314704,1578519344]},{"billed_charge":107.28,"npi":[1124236773,1255314704,1578519344]},{"billed_charge":108.15,"npi":[1255314704,1508845116]},{"billed_charge":109.46,"npi":[1255314704,1396990461]}]},{"allowed_amount":9.37,"billing_code_modifier":[""],"providers":[{"billed_charge":99.29,"npi":[1255314704,1679654727]},{"billed_charge":102.90,"npi":[1255314704,1376001966,1467984898]},{"billed_charge":105.29,"npi":[1255314704,1720442130]},{"billed_charge":106.10,"npi":[1134102874,1255314704]},{"billed_charge":106.65,"npi":[1003496993,1255314704,1578519344]},{"billed_charge":107.28,"npi":[1124236773,1255314704,1578519344]},{"billed_charge":108.15,"npi":[1255314704,1508845116]},{"billed_charge":109.46,"npi":[1255314704,1396990461]}]},{"allowed_amount":9.37,"billing_code_modifier":[""],"providers":[{"billed_charge":99.29,"npi":[1255314704,1679654727]},{"billed_charge":102.90,"npi":[1255314704,1376001966,1467984898]},{"billed_charge":105.29,"npi":[1255314704,1720442130]},{"billed_charge":106.10,"npi":[1134102874,1255314704]},{"billed_charge":106.65,"npi":[1003496993,1255314704,1578519344]},{"billed_charge":107.28,"npi":[1124236773,1255314704,1578519344]},{"billed_charge":108.15,"npi":[1255314704,1508845116]},{"billed_charge":109.46,"npi":[1255314704,1396990461]}]},{"allowed_amount":9.37,"billing_code_modifier":[""],"providers":[{"billed_charge":99.29,"npi":[1255314704,1679654727]},{"billed_charge":102.90,"npi":[1255314704,1376001966,1467984898]},{"billed_charge":105.29,"npi":[1255314704,1720442130]},{"billed_charge":106.10,"npi":[1134102874,1255314704]},{"billed_charge":106.65,"npi":[1003496993,1255314704,1578519344]},{"billed_charge":107.28,"npi":[1124236773,1255314704,1578519344]},{"billed_charge":108.15,"npi":[1255314704,1508845116]},{"billed_charge":109.46,"npi":[1255314704,1396990461]}]},{"allowed_amount":9.37,"billing_code_modifier":[""],"providers":[{"billed_charge":99.29,"npi":[1255314704,1679654727]},{"billed_charge":102.90,"npi":[1255314704,1376001966,1467984898]},{"billed_charge":105.29,"npi":[1255314704,1720442130]},{"billed_charge":106.10,"npi":[1134102874,1255314704]},{"billed_charge":106.65,"npi":[1003496993,1255314704,1578519344]},{"billed_charge":107.28,"npi":[1124236773,1255314704,1578519344]},{"billed_charge":108.15,"npi":[1255314704,1508845116]},{"billed_charge":109.46,"npi":[1255314704,1396990461]}]}]},{"tin":{"type":"ein","value":"840611484"},"service_code":["81"],"billing_class":"professional","payments":[{"allowed_amount":9.37,"billing_code_modifier":[""],"providers":[{"billed_charge":99.29,"npi":[1255314704,1679654727]},{"billed_charge":102.90,"npi":[1255314704,1376001966,1467984898]},{"billed_charge":105.29,"npi":[1255314704,1720442130]},{"billed_charge":106.10,"npi":[1134102874,1255314704]},{"billed_charge":106.65,"npi":[1003496993,1255314704,1578519344]},{"billed_charge":107.28,"npi":[1124236773,1255314704,1578519344]},{"billed_charge":108.15,"npi":[1255314704,1508845116]},{"billed_charge":109.46,"npi":[1255314704,1396990461]}]},{"allowed_amount":9.37,"billing_code_modifier":[""],"providers":[{"billed_charge":99.29,"npi":[1255314704,1679654727]},{"billed_charge":102.90,"npi":[1255314704,1376001966,1467984898]},{"billed_charge":105.29,"npi":[1255314704,1720442130]},{"billed_charge":106.10,"npi":[1134102874,1255314704]},{"billed_charge":106.65,"npi":[1003496993,1255314704,1578519344]},{"billed_charge":107.28,"npi":[1124236773,1255314704,1578519344]},{"billed_charge":108.15,"npi":[1255314704,1508845116]},{"billed_charge":109.46,"npi":[1255314704,1396990461]}]},{"allowed_amount":9.37,"billing_code_modifier":[""],"providers":[{"billed_charge":99.29,"npi":[1255314704,1679654727]},{"billed_charge":102.90,"npi":[1255314704,1376001966,1467984898]},{"billed_charge":105.29,"npi":[1255314704,1720442130]},{"billed_charge":106.10,"npi":[1134102874,1255314704]},{"billed_charge":106.65,"npi":[1003496993,1255314704,1578519344]},{"billed_charge":107.28,"npi":[1124236773,1255314704,1578519344]},{"billed_charge":108.15,"npi":[1255314704,1508845116]},{"billed_charge":109.46,"npi":[1255314704,1396990461]}]},{"allowed_amount":9.37,"billing_code_modifier":[""],"providers":[{"billed_charge":99.29,"npi":[1255314704,1679654727]},{"billed_charge":102.90,"npi":[1255314704,1376001966,1467984898]},{"billed_charge":105.29,"npi":[1255314704,1720442130]},{"billed_charge":106.10,"npi":[1134102874,1255314704]},{"billed_charge":106.65,"npi":[1003496993,1255314704,1578519344]},{"billed_charge":107.28,"npi":[1124236773,1255314704,1578519344]},{"billed_charge":108.15,"npi":[1255314704,1508845116]},{"billed_charge":109.46,"npi":[1255314704,1396990461]}]},{"allowed_amount":9.37,"billing_code_modifier":[""],"providers":[{"billed_charge":99.29,"npi":[1255314704,1679654727]},{"billed_charge":102.90,"npi":[1255314704,1376001966,1467984898]},{"billed_charge":105.29,"npi":[1255314704,1720442130]},{"billed_charge":106.10,"npi":[1134102874,1255314704]},{"billed_charge":106.65,"npi":[1003496993,1255314704,1578519344]},{"billed_charge":107.28,"npi":[1124236773,1255314704,1578519344]},{"billed_charge":108.15,"npi":[1255314704,1508845116]},{"billed_charge":109.46,"npi":[1255314704,1396990461]}]},{"allowed_amount":9.37,"billing_code_modifier":[""],"providers":[{"billed_charge":99.29,"npi":[1255314704,1679654727]},{"billed_charge":102.90,"npi":[1255314704,1376001966,1467984898]},{"billed_charge":105.29,"npi":[1255314704,1720442130]},{"billed_charge":106.10,"npi":[1134102874,1255314704]},{"billed_charge":106.65,"npi":[1003496993,1255314704,1578519344]},{"billed_charge":107.28,"npi":[1124236773,1255314704,1578519344]},{"billed_charge":108.15,"npi":[1255314704,1508845116]},{"billed_charge":109.46,"npi":[1255314704,1396990461]}]},{"allowed_amount":9.37,"billing_code_modifier":[""],"providers":[{"billed_charge":99.29,"npi":[1255314704,1679654727]},{"billed_charge":102.90,"npi":[1255314704,1376001966,1467984898]},{"billed_charge":105.29,"npi":[1255314704,1720442130]},{"billed_charge":106.10,"npi":[1134102874,1255314704]},{"billed_charge":106.65,"npi":[1003496993,1255314704,1578519344]},{"billed_charge":107.28,"npi":[1124236773,1255314704,1578519344]},{"billed_charge":108.15,"npi":[1255314704,1508845116]},{"billed_charge":109.46,"npi":[1255314704,1396990461]}]},{"allowed_amount":9.37,"billing_code_modifier":[""],"providers":[{"billed_charge":99.29,"npi":[1255314704,1679654727]},{"billed_charge":102.90,"npi":[1255314704,1376001966,1467984898]},{"billed_charge":105.29,"npi":[1255314704,1720442130]},{"billed_charge":106.10,"npi":[1134102874,1255314704]},{"billed_charge":106.65,"npi":[1003496993,1255314704,1578519344]},{"billed_charge":107.28,"npi":[1124236773,1255314704,1578519344]},{"billed_charge":108.15,"npi":[1255314704,1508845116]},{"billed_charge":109.46,"npi":[1255314704,1396990461]}]}]},{"tin":{"type":"ein","value":"840611484"},"service_code":["81"],"billing_class":"professional","payments":[{"allowed_amount":9.37,"billing_code_modifier":[""],"providers":[{"billed_charge":99.29,"npi":[1255314704,1679654727]},{"billed_charge":102.90,"npi":[1255314704,1376001966,1467984898]},{"billed_charge":105.29,"npi":[1255314704,1720442130]},{"billed_charge":106.10,"npi":[1134102874,1255314704]},{"billed_charge":106.65,"npi":[1003496993,1255314704,1578519344]},{"billed_charge":107.28,"npi":[1124236773,1255314704,1578519344]},{"billed_charge":108.15,"npi":[1255314704,1508845116]},{"billed_charge":109.46,"npi":[1255314704,1396990461]}]},{"allowed_amount":9.37,"billing_code_modifier":[""],"providers":[{"billed_charge":99.29,"npi":[1255314704,1679654727]},{"billed_charge":102.90,"npi":[1255314704,1376001966,1467984898]},{"billed_charge":105.29,"npi":[1255314704,1720442130]},{"billed_charge":106.10,"npi":[1134102874,1255314704]},{"billed_charge":106.65,"npi":[1003496993,1255314704,1578519344]},{"billed_charge":107.28,"npi":[1124236773,1255314704,1578519344]},{"billed_charge":108.15,"npi":[1255314704,1508845116]},{"billed_charge":109.46,"npi":[1255314704,1396990461]}]},{"allowed_amount":9.37,"billing_code_modifier":[""],"providers":[{"billed_charge":99.29,"npi":[1255314704,1679654727]},{"billed_charge":102.90,"npi":[1255314704,1376001966,1467984898]},{"billed_charge":105.29,"npi":[1255314704,1720442130]},{"billed_charge":106.10,"npi":[1134102874,1255314704]},{"billed_charge":106.65,"npi":[1003496993,1255314704,1578519344]},{"billed_charge":107.28,"npi":[1124236773,1255314704,1578519344]},{"billed_charge":108.15,"npi":[1255314704,1508845116]},{"billed_charge":109.46,"npi":[1255314704,1396990461]}]},{"allowed_amount":9.37,"billing_code_modifier":[""],"providers":[{"billed_charge":99.29,"npi":[1255314704,1679654727]},{"billed_charge":102.90,"npi":[1255314704,1376001966,1467984898]},{"billed_charge":105.29,"npi":[1255314704,1720442130]},{"billed_charge":106.10,"npi":[1134102874,1255314704]},{"billed_charge":106.65,"npi":[1003496993,1255314704,1578519344]},{"billed_charge":107.28,"npi":[1124236773,1255314704,1578519344]},{"billed_charge":108.15,"npi":[1255314704,1508845116]},{"billed_charge":109.46,"npi":[1255314704,1396990461]}]},{"allowed_amount":9.37,"billing_code_modifier":[""],"providers":[{"billed_charge":99.29,"npi":[1255314704,1679654727]},{"billed_charge":102.90,"npi":[1255314704,1376001966,1467984898]},{"billed_charge":105.29,"npi":[1255314704,1720442130]},{"billed_charge":106.10,"npi":[1134102874,1255314704]},{"billed_charge":106.65,"npi":[1003496993,1255314704,1578519344]},{"billed_charge":107.28,"npi":[1124236773,1255314704,1578519344]},{"billed_charge":108.15,"npi":[1255314704,1508845116]},{"billed_charge":109.46,"npi":[1255314704,1396990461]}]},{"allowed_amount":9.37,"billing_code_modifier":[""],"providers":[{"billed_charge":99.29,"npi":[1255314704,1679654727]},{"billed_charge":102.90,"npi":[1255314704,1376001966,1467984898]},{"billed_charge":105.29,"npi":[1255314704,1720442130]},{"billed_charge":106.10,"npi":[1134102874,1255314704]},{"billed_charge":106.65,"npi":[1003496993,1255314704,1578519344]},{"billed_charge":107.28,"npi":[1124236773,1255314704,1578519344]},{"billed_charge":108.15,"npi":[1255314704,1508845116]},{"billed_charge":109.46,"npi":[1255314704,1396990461]}]},{"allowed_amount":9.37,"billing_code_modifier":[""],"providers":[{"billed_charge":99.29,"npi":[1255314704,1679654727]},{"billed_charge":102.90,"npi":[1255314704,1376001966,1467984898]},{"billed_charge":105.29,"npi":[1255314704,1720442130]},{"billed_charge":106.10,"npi":[1134102874,1255314704]},{"billed_charge":106.65,"npi":[1003496993,1255314704,1578519344]},{"billed_charge":107.28,"npi":[1124236773,1255314704,1578519344]},{"billed_charge":108.15,"npi":[1255314704,1508845116]},{"billed_charge":109.46,"npi":[1255314704,1396990461]}]},{"allowed_amount":9.37,"billing_code_modifier":[""],"providers":[{"billed_charge":99.29,"npi":[1255314704,1679654727]},{"billed_charge":102.90,"npi":[1255314704,1376001966,1467984898]},{"billed_charge":105.29,"npi":[1255314704,1720442130]},{"billed_charge":106.10,"npi":[1134102874,1255314704]},{"billed_charge":106.65,"npi":[1003496993,1255314704,1578519344]},{"billed_charge":107.28,"npi":[1124236773,1255314704,1578519344]},{"billed_charge":108.15,"npi":[1255314704,1508845116]},{"billed_charge":109.46,"npi":[1255314704,1396990461]}]}]},{"tin":{"type":"ein","value":"852981413"},"service_code":["81"],"billing_class":"professional","payments":[{"allowed_amount":7.68,"billing_code_modifier":[""],"providers":[{"billed_charge":20.00,"npi":[1144224957,1295323053]}]}]},{"tin":{"type":"ein","value":"881986507"},"service_code":["81"],"billing_class":"professional","payments":[{"allowed_amount":7.68,"billing_code_modifier":[""],"providers":[{"billed_charge":30.00,"npi":[1215633185,1609874023]}]}]}]},{"name":"PSYCHIATRIC\/PSYCHOLOGICAL SVCS: PARTIAL HOSP - INT","billing_code_type":"RC","billing_code_type_version":"UB04","billing_code":"0913","description":"PSYCHIATRIC\/PSYCHOLOGICAL SVCS: PARTIAL HOSP - INT","allowed_amounts":[{"tin":{"type":"ein","value":"934140375"},"service_code":["22"],"billing_class":"institutional","payments":[{"allowed_amount":245.00,"billing_code_modifier":[""],"providers":[{"billed_charge":2800.00,"npi":[1760481477,1881458685]}]}]}]}]}
