{"reporting_entity_name": "IEC Group_DBA AmeriBen",
	"reporting_entity_type": "Third Party Administrator",
	"plan_name": "FRONTIER BEHAVIORAL HEALTH",
	"plan_id_type": "ein",
	"plan_id": "910853801",
	"plan_market_type": "group",
	"last_updated_on": "2025-11-01","Version": "1.0.0","out_of_network":[{"name":"BLOOD COUNT COMPLETE AUTO&AUTO DIFRNTL WBC","billing_code_type":"CPT","billing_code_type_version":"2020","billing_code":"85025","description":"BLOOD COUNT COMPLETE AUTO&AUTO DIFRNTL WBC","allowed_amounts":[{"tin":{"type":"ein","value":"454772236"},"service_code":["21","22","23"],"billing_class":"professional","payments":[{"allowed_amount":0.00,"billing_code_modifier":[""],"providers":[{"billed_charge":11.66,"npi":[1013293422,1194950295,1376121541,1407133986,1407134174,1407341183,1447406095,1558924449,1619229168,1720468267,1811636756,1952805913,1962064683,1962908996]}]}]}]},{"name":"COMPREHENSIVE METABOLIC PANEL","billing_code_type":"CPT","billing_code_type_version":"2020","billing_code":"80053","description":"COMPREHENSIVE METABOLIC PANEL","allowed_amounts":[{"tin":{"type":"ein","value":"454772236"},"service_code":["21","22","23"],"billing_class":"professional","payments":[{"allowed_amount":0.00,"billing_code_modifier":[""],"providers":[{"billed_charge":15.84,"npi":[1013293422,1194950295,1376121541,1407133986,1407134174,1407341183,1447406095,1487844874,1558924449,1619229168,1720468267,1811636756,1952805913,1962064683,1962613059]}]}]}]},{"name":"PSYCHOTHERAPY W\/PATIENT 60 MINUTES","billing_code_type":"CPT","billing_code_type_version":"2020","billing_code":"90837","description":"PSYCHOTHERAPY W\/PATIENT 60 MINUTES","allowed_amounts":[{"tin":{"type":"ein","value":"812464939"},"service_code":["11"],"billing_class":"professional","payments":[{"allowed_amount":140.00,"billing_code_modifier":[""],"providers":[{"billed_charge":140.00,"npi":[1427405893]}]}]}]}]}
