{"reporting_entity_name": "IEC Group_DBA AmeriBen",
	"reporting_entity_type": "Third Party Administrator",
	"plan_name": "DELTA DENTAL OF WISCONSIN INC",
	"plan_id_type": "ein",
	"plan_id": "396094742",
	"plan_market_type": "group",
	"last_updated_on": "2025-05-01","Version": "1.0.0","out_of_network":[{"name":"CHIROPRACTIC MANIPULATIVE TX SPINAL 3-4 REGIONS","billing_code_type":"CPT","billing_code_type_version":"2020","billing_code":"98941","description":"CHIROPRACTIC MANIPULATIVE TX SPINAL 3-4 REGIONS","allowed_amounts":[{"tin":{"type":"ein","value":"821340948"},"service_code":["11"],"billing_class":"professional","payments":[{"allowed_amount":32.35,"billing_code_modifier":[""],"providers":[{"billed_charge":55.00,"npi":[1184136111,1902271232]}]}]}]}]}
