{"reporting_entity_name": "IEC Group_DBA AmeriBen",
	"reporting_entity_type": "Third Party Administrator",
	"plan_name": "TYLER TECHNOLOGIES INC",
	"plan_id_type": "ein",
	"plan_id": "752303920",
	"plan_market_type": "group",
	"last_updated_on": "2022-09-30","Version": "1.0.0","out_of_network":[{"name":"CHIROPRACTIC MANIPLTV TX EXTRASPINAL 1\/> REGION","billing_code_type":"CPT","billing_code_type_version":"2020","billing_code":"98943","description":"CHIROPRACTIC MANIPLTV TX EXTRASPINAL 1\/> REGION","allowed_amounts":[{"tin":{"type":"ein","value":"812911206"},"service_code":["11"],"billing_class":"professional","payments":[{"allowed_amount":45.47,"billing_code_modifier":[""],"providers":[{"billed_charge":115.00,"npi":[1073978649,1457686032,1518166644,1942755103]}]}]}]},{"name":"CHIROPRACTIC MANIPULATIVE TX SPINAL 3-4 REGIONS","billing_code_type":"CPT","billing_code_type_version":"2020","billing_code":"98941","description":"CHIROPRACTIC MANIPULATIVE TX SPINAL 3-4 REGIONS","allowed_amounts":[{"tin":{"type":"ein","value":"812911206"},"service_code":["11"],"billing_class":"professional","payments":[{"allowed_amount":67.10,"billing_code_modifier":[""],"providers":[{"billed_charge":140.00,"npi":[1073978649,1457686032,1518166644,1942755103]}]}]}]},{"name":"IADNA NOS AMPLIFIED PROBE TQ EACH ORGANISM","billing_code_type":"CPT","billing_code_type_version":"2020","billing_code":"87798","description":"IADNA NOS AMPLIFIED PROBE TQ EACH ORGANISM","allowed_amounts":[{"tin":{"type":"ein","value":"331168930"},"service_code":["81"],"billing_class":"professional","payments":[{"allowed_amount":24.56,"billing_code_modifier":[""],"providers":[{"billed_charge":44.99,"npi":[1184814014,1619979457]},{"billed_charge":45.00,"npi":[1184814014,1619979457]},{"billed_charge":45.01,"npi":[1184814014,1619979457]},{"billed_charge":45.02,"npi":[1184814014,1619979457]}]},{"allowed_amount":24.56,"billing_code_modifier":[""],"providers":[{"billed_charge":44.99,"npi":[1184814014,1619979457]},{"billed_charge":45.00,"npi":[1184814014,1619979457]},{"billed_charge":45.01,"npi":[1184814014,1619979457]},{"billed_charge":45.02,"npi":[1184814014,1619979457]}]},{"allowed_amount":24.56,"billing_code_modifier":[""],"providers":[{"billed_charge":44.99,"npi":[1184814014,1619979457]},{"billed_charge":45.00,"npi":[1184814014,1619979457]},{"billed_charge":45.01,"npi":[1184814014,1619979457]},{"billed_charge":45.02,"npi":[1184814014,1619979457]}]},{"allowed_amount":24.56,"billing_code_modifier":[""],"providers":[{"billed_charge":44.99,"npi":[1184814014,1619979457]},{"billed_charge":45.00,"npi":[1184814014,1619979457]},{"billed_charge":45.01,"npi":[1184814014,1619979457]},{"billed_charge":45.02,"npi":[1184814014,1619979457]}]}]},{"tin":{"type":"ein","value":"331168930"},"service_code":["81"],"billing_class":"professional","payments":[{"allowed_amount":24.56,"billing_code_modifier":[""],"providers":[{"billed_charge":44.99,"npi":[1184814014,1619979457]},{"billed_charge":45.00,"npi":[1184814014,1619979457]},{"billed_charge":45.01,"npi":[1184814014,1619979457]},{"billed_charge":45.02,"npi":[1184814014,1619979457]}]},{"allowed_amount":24.56,"billing_code_modifier":[""],"providers":[{"billed_charge":44.99,"npi":[1184814014,1619979457]},{"billed_charge":45.00,"npi":[1184814014,1619979457]},{"billed_charge":45.01,"npi":[1184814014,1619979457]},{"billed_charge":45.02,"npi":[1184814014,1619979457]}]},{"allowed_amount":24.56,"billing_code_modifier":[""],"providers":[{"billed_charge":44.99,"npi":[1184814014,1619979457]},{"billed_charge":45.00,"npi":[1184814014,1619979457]},{"billed_charge":45.01,"npi":[1184814014,1619979457]},{"billed_charge":45.02,"npi":[1184814014,1619979457]}]},{"allowed_amount":24.56,"billing_code_modifier":[""],"providers":[{"billed_charge":44.99,"npi":[1184814014,1619979457]},{"billed_charge":45.00,"npi":[1184814014,1619979457]},{"billed_charge":45.01,"npi":[1184814014,1619979457]},{"billed_charge":45.02,"npi":[1184814014,1619979457]}]}]},{"tin":{"type":"ein","value":"331168930"},"service_code":["81"],"billing_class":"professional","payments":[{"allowed_amount":24.56,"billing_code_modifier":[""],"providers":[{"billed_charge":44.99,"npi":[1184814014,1619979457]},{"billed_charge":45.00,"npi":[1184814014,1619979457]},{"billed_charge":45.01,"npi":[1184814014,1619979457]},{"billed_charge":45.02,"npi":[1184814014,1619979457]}]},{"allowed_amount":24.56,"billing_code_modifier":[""],"providers":[{"billed_charge":44.99,"npi":[1184814014,1619979457]},{"billed_charge":45.00,"npi":[1184814014,1619979457]},{"billed_charge":45.01,"npi":[1184814014,1619979457]},{"billed_charge":45.02,"npi":[1184814014,1619979457]}]},{"allowed_amount":24.56,"billing_code_modifier":[""],"providers":[{"billed_charge":44.99,"npi":[1184814014,1619979457]},{"billed_charge":45.00,"npi":[1184814014,1619979457]},{"billed_charge":45.01,"npi":[1184814014,1619979457]},{"billed_charge":45.02,"npi":[1184814014,1619979457]}]},{"allowed_amount":24.56,"billing_code_modifier":[""],"providers":[{"billed_charge":44.99,"npi":[1184814014,1619979457]},{"billed_charge":45.00,"npi":[1184814014,1619979457]},{"billed_charge":45.01,"npi":[1184814014,1619979457]},{"billed_charge":45.02,"npi":[1184814014,1619979457]}]}]},{"tin":{"type":"ein","value":"331168930"},"service_code":["81"],"billing_class":"professional","payments":[{"allowed_amount":24.56,"billing_code_modifier":[""],"providers":[{"billed_charge":44.99,"npi":[1184814014,1619979457]},{"billed_charge":45.00,"npi":[1184814014,1619979457]},{"billed_charge":45.01,"npi":[1184814014,1619979457]},{"billed_charge":45.02,"npi":[1184814014,1619979457]}]},{"allowed_amount":24.56,"billing_code_modifier":[""],"providers":[{"billed_charge":44.99,"npi":[1184814014,1619979457]},{"billed_charge":45.00,"npi":[1184814014,1619979457]},{"billed_charge":45.01,"npi":[1184814014,1619979457]},{"billed_charge":45.02,"npi":[1184814014,1619979457]}]},{"allowed_amount":24.56,"billing_code_modifier":[""],"providers":[{"billed_charge":44.99,"npi":[1184814014,1619979457]},{"billed_charge":45.00,"npi":[1184814014,1619979457]},{"billed_charge":45.01,"npi":[1184814014,1619979457]},{"billed_charge":45.02,"npi":[1184814014,1619979457]}]},{"allowed_amount":24.56,"billing_code_modifier":[""],"providers":[{"billed_charge":44.99,"npi":[1184814014,1619979457]},{"billed_charge":45.00,"npi":[1184814014,1619979457]},{"billed_charge":45.01,"npi":[1184814014,1619979457]},{"billed_charge":45.02,"npi":[1184814014,1619979457]}]}]},{"tin":{"type":"ein","value":"561565047"},"service_code":["81"],"billing_class":"professional","payments":[{"allowed_amount":0.00,"billing_code_modifier":[""],"providers":[{"billed_charge":60.22,"npi":[1073591822,1336542687]}]}]}]},{"name":"INFEC AGEN DETEC AMPLI PROBE","billing_code_type":"HCPCS","billing_code_type_version":"HCPCS LEVEL II 2021","billing_code":"U0005","description":"INFEC AGEN DETEC AMPLI PROBE","allowed_amounts":[{"tin":{"type":"ein","value":"061460613"},"service_code":["81"],"billing_class":"professional","payments":[{"allowed_amount":25.00,"billing_code_modifier":[""],"providers":[{"billed_charge":25.00,"npi":[1174569909,1629594882,1992920599]}]}]},{"tin":{"type":"ein","value":"133757370"},"service_code":["81"],"billing_class":"professional","payments":[{"allowed_amount":25.00,"billing_code_modifier":[""],"providers":[{"billed_charge":25.00,"npi":[1477544450,1750368700]}]}]},{"tin":{"type":"ein","value":"201236503"},"service_code":["81"],"billing_class":"professional","payments":[{"allowed_amount":25.00,"billing_code_modifier":[""],"providers":[{"billed_charge":50.00,"npi":[1225110497,1619966959]}]}]},{"tin":{"type":"ein","value":"452172398"},"service_code":["81"],"billing_class":"professional","payments":[{"allowed_amount":25.00,"billing_code_modifier":[""],"providers":[{"billed_charge":50.00,"npi":[1235499724,1316378789]}]}]},{"tin":{"type":"ein","value":"464067873"},"service_code":["81"],"billing_class":"professional","payments":[{"allowed_amount":25.00,"billing_code_modifier":[""],"providers":[{"billed_charge":50.00,"npi":[1275960866,1821281734]}]}]},{"tin":{"type":"ein","value":"472231080"},"service_code":["81"],"billing_class":"professional","payments":[{"allowed_amount":25.00,"billing_code_modifier":[""],"providers":[{"billed_charge":25.00,"npi":[1285868984,1619580891]}]}]},{"tin":{"type":"ein","value":"472462178"},"service_code":["81"],"billing_class":"professional","payments":[{"allowed_amount":0.00,"billing_code_modifier":[""],"providers":[{"billed_charge":50.00,"npi":[1144731605,1508484569,1639311509,1962018374]}]}]},{"tin":{"type":"ein","value":"472462178"},"service_code":["81"],"billing_class":"professional","payments":[{"allowed_amount":25.00,"billing_code_modifier":[""],"providers":[{"billed_charge":50.00,"npi":[1144731605,1508484569,1639311509,1962018374]}]}]},{"tin":{"type":"ein","value":"472462178"},"service_code":["81"],"billing_class":"professional","payments":[{"allowed_amount":50.00,"billing_code_modifier":[""],"providers":[{"billed_charge":50.00,"npi":[1144731605,1508484569,1639311509,1962018374]}]}]},{"tin":{"type":"ein","value":"473727159"},"service_code":["81"],"billing_class":"professional","payments":[{"allowed_amount":0.00,"billing_code_modifier":[""],"providers":[{"billed_charge":25.00,"npi":[1740753003,1912521568]}]}]},{"tin":{"type":"ein","value":"831342609"},"service_code":["81"],"billing_class":"professional","payments":[{"allowed_amount":0.00,"billing_code_modifier":[""],"providers":[{"billed_charge":100.00,"npi":[1073101028,1487815387]}]}]},{"tin":{"type":"ein","value":"831342609"},"service_code":["81"],"billing_class":"professional","payments":[{"allowed_amount":50.00,"billing_code_modifier":[""],"providers":[{"billed_charge":100.00,"npi":[1073101028,1487815387]}]}]},{"tin":{"type":"ein","value":"831454255"},"service_code":["81"],"billing_class":"professional","payments":[{"allowed_amount":0.00,"billing_code_modifier":[""],"providers":[{"billed_charge":37.50,"npi":[1043858996,1932511151]}]}]},{"tin":{"type":"ein","value":"832522386"},"service_code":["81"],"billing_class":"professional","payments":[{"allowed_amount":50.00,"billing_code_modifier":[""],"providers":[{"billed_charge":50.00,"npi":[1184253650,1316245558]}]}]},{"tin":{"type":"ein","value":"833210967"},"service_code":["81"],"billing_class":"professional","payments":[{"allowed_amount":25.00,"billing_code_modifier":[""],"providers":[{"billed_charge":25.00,"npi":[1417574666,1861623951]}]}]},{"tin":{"type":"ein","value":"842377669"},"service_code":["81"],"billing_class":"professional","payments":[{"allowed_amount":25.00,"billing_code_modifier":[""],"providers":[{"billed_charge":25.00,"npi":[1649829987,1720127970]}]}]},{"tin":{"type":"ein","value":"844799737"},"service_code":["81"],"billing_class":"professional","payments":[{"allowed_amount":25.00,"billing_code_modifier":[""],"providers":[{"billed_charge":37.50,"npi":[1023631579,1265400634]}]}]},{"tin":{"type":"ein","value":"845172222"},"service_code":["81"],"billing_class":"professional","payments":[{"allowed_amount":25.00,"billing_code_modifier":[""],"providers":[{"billed_charge":75.00,"npi":[1346769593,1659588762]}]}]},{"tin":{"type":"ein","value":"850852990"},"service_code":["81"],"billing_class":"professional","payments":[{"allowed_amount":0.00,"billing_code_modifier":[""],"providers":[{"billed_charge":65.00,"npi":[1205445491,1427473511]}]}]},{"tin":{"type":"ein","value":"852766187"},"service_code":["81"],"billing_class":"professional","payments":[{"allowed_amount":25.00,"billing_code_modifier":[""],"providers":[{"billed_charge":50.00,"npi":[1255946869,1992110555]}]}]},{"tin":{"type":"ein","value":"853253201"},"service_code":["81"],"billing_class":"professional","payments":[{"allowed_amount":25.00,"billing_code_modifier":[""],"providers":[{"billed_charge":25.00,"npi":[1457413072,1982202453]}]}]},{"tin":{"type":"ein","value":"861213775"},"service_code":["81"],"billing_class":"professional","payments":[{"allowed_amount":25.00,"billing_code_modifier":[""],"providers":[{"billed_charge":60.00,"npi":[1083703045,1831780402]}]}]},{"tin":{"type":"ein","value":"861287316"},"service_code":["81"],"billing_class":"professional","payments":[{"allowed_amount":0.00,"billing_code_modifier":[""],"providers":[{"billed_charge":50.00,"npi":[1073602066,1669053286]}]}]},{"tin":{"type":"ein","value":"863907656"},"service_code":["81"],"billing_class":"professional","payments":[{"allowed_amount":25.00,"billing_code_modifier":[""],"providers":[{"billed_charge":50.00,"npi":[1396313813,1528068103]}]}]},{"tin":{"type":"ein","value":"873007294"},"service_code":["81"],"billing_class":"professional","payments":[{"allowed_amount":25.00,"billing_code_modifier":[""],"providers":[{"billed_charge":75.00,"npi":[1043973456,1386908010]}]}]},{"tin":{"type":"ein","value":"880241758"},"service_code":["81"],"billing_class":"professional","payments":[{"allowed_amount":0.00,"billing_code_modifier":[""],"providers":[{"billed_charge":25.00,"npi":[1003840778,1124417357]}]}]},{"tin":{"type":"ein","value":"880241758"},"service_code":["81"],"billing_class":"professional","payments":[{"allowed_amount":25.00,"billing_code_modifier":[""],"providers":[{"billed_charge":25.00,"npi":[1003840778,1053316364,1124417357,1184063067,1376633586,1467427740,1598714016,1629057542,1982688024]}]}]},{"tin":{"type":"ein","value":"900863464"},"service_code":["81"],"billing_class":"professional","payments":[{"allowed_amount":25.00,"billing_code_modifier":[""],"providers":[{"billed_charge":25.00,"npi":[1215272406,1841875697]}]}]},{"tin":{"type":"ein","value":"911385504"},"service_code":["81"],"billing_class":"professional","payments":[{"allowed_amount":50.00,"billing_code_modifier":[""],"providers":[{"billed_charge":50.00,"npi":[1134721756,1356361588]}]}]},{"tin":{"type":"ein","value":"942854057"},"service_code":["81"],"billing_class":"professional","payments":[{"allowed_amount":25.00,"billing_code_modifier":[""],"providers":[{"billed_charge":25.00,"npi":[1467469239,1720029960,1750389805]}]}]}]},{"name":"MANUAL THERAPY TQS 1\/> REGIONS EACH 15 MINUTES","billing_code_type":"CPT","billing_code_type_version":"2020","billing_code":"97140","description":"MANUAL THERAPY TQS 1\/> REGIONS EACH 15 MINUTES","allowed_amounts":[{"tin":{"type":"ein","value":"834259014"},"service_code":["11"],"billing_class":"professional","payments":[{"allowed_amount":40.34,"billing_code_modifier":[""],"providers":[{"billed_charge":150.00,"npi":[1275978876,1447875497]}]}]}]},{"name":"PSYCHIATRIC\/PSYCHOLOGICAL SVCS: PARTIAL HOSP - INT","billing_code_type":"RC","billing_code_type_version":"UB04","billing_code":"0913","description":"PSYCHIATRIC\/PSYCHOLOGICAL SVCS: PARTIAL HOSP - INT","allowed_amounts":[{"tin":{"type":"ein","value":"841788491"},"service_code":["21","22"],"billing_class":"institutional","payments":[{"allowed_amount":406.00,"billing_code_modifier":[""],"providers":[{"billed_charge":3200.00,"npi":[1164043956]}]}]}]},{"name":"PSYCHIATRIC\/PSYCHOLOGICAL SVCS: PARTIAL HOSP - LES","billing_code_type":"RC","billing_code_type_version":"UB04","billing_code":"0912","description":"PSYCHIATRIC\/PSYCHOLOGICAL SVCS: PARTIAL HOSP - LES","allowed_amounts":[{"tin":{"type":"ein","value":"710551941"},"service_code":["21","22"],"billing_class":"institutional","payments":[{"allowed_amount":266.21,"billing_code_modifier":[""],"providers":[{"billed_charge":2995.00,"npi":[1508259169]}]}]}]},{"name":"PSYCHOTHERAPY W\/PATIENT 45 MINUTES","billing_code_type":"CPT","billing_code_type_version":"2020","billing_code":"90834","description":"PSYCHOTHERAPY W\/PATIENT 45 MINUTES","allowed_amounts":[{"tin":{"type":"ein","value":"211707517"},"service_code":["11","99"],"billing_class":"professional","payments":[{"allowed_amount":114.83,"billing_code_modifier":[""],"providers":[{"billed_charge":180.00,"npi":[1821526955]}]}]},{"tin":{"type":"ein","value":"211707517"},"service_code":["11"],"billing_class":"professional","payments":[{"allowed_amount":114.83,"billing_code_modifier":[""],"providers":[{"billed_charge":180.00,"npi":[1234567893]}]}]}]},{"name":"SARS-COV-2 COVID-19 AMP PRB HTT","billing_code_type":"HCPCS","billing_code_type_version":"HCPCS LEVEL II 2021","billing_code":"U0003","description":"SARS-COV-2 COVID-19 AMP PRB HTT","allowed_amounts":[{"tin":{"type":"ein","value":"061460613"},"service_code":["81"],"billing_class":"professional","payments":[{"allowed_amount":75.00,"billing_code_modifier":[""],"providers":[{"billed_charge":100.00,"npi":[1174569909,1629594882,1992920599]}]}]},{"tin":{"type":"ein","value":"133757370"},"service_code":["81"],"billing_class":"professional","payments":[{"allowed_amount":100.00,"billing_code_modifier":[""],"providers":[{"billed_charge":100.00,"npi":[1477544450,1750368700]}]}]},{"tin":{"type":"ein","value":"201236503"},"service_code":["81"],"billing_class":"professional","payments":[{"allowed_amount":75.00,"billing_code_modifier":[""],"providers":[{"billed_charge":100.00,"npi":[1225110497,1619966959]}]}]},{"tin":{"type":"ein","value":"203734391"},"service_code":["81"],"billing_class":"professional","payments":[{"allowed_amount":75.00,"billing_code_modifier":[""],"providers":[{"billed_charge":200.00,"npi":[1053584482,1346450897]}]}]},{"tin":{"type":"ein","value":"464067873"},"service_code":["81"],"billing_class":"professional","payments":[{"allowed_amount":75.00,"billing_code_modifier":[""],"providers":[{"billed_charge":250.00,"npi":[1275960866,1821281734]}]}]},{"tin":{"type":"ein","value":"472231080"},"service_code":["81"],"billing_class":"professional","payments":[{"allowed_amount":100.00,"billing_code_modifier":[""],"providers":[{"billed_charge":100.00,"npi":[1285868984,1619580891]}]}]},{"tin":{"type":"ein","value":"472462178"},"service_code":["81"],"billing_class":"professional","payments":[{"allowed_amount":125.00,"billing_code_modifier":[""],"providers":[{"billed_charge":250.00,"npi":[1144731605,1508484569,1639311509,1962018374]}]}]},{"tin":{"type":"ein","value":"472462178"},"service_code":["81"],"billing_class":"professional","payments":[{"allowed_amount":250.00,"billing_code_modifier":[""],"providers":[{"billed_charge":250.00,"npi":[1144731605,1508484569,1639311509,1962018374]}]}]},{"tin":{"type":"ein","value":"473727159"},"service_code":["81"],"billing_class":"professional","payments":[{"allowed_amount":75.00,"billing_code_modifier":[""],"providers":[{"billed_charge":125.00,"npi":[1740753003,1912521568]}]}]},{"tin":{"type":"ein","value":"473727159"},"service_code":["81"],"billing_class":"professional","payments":[{"allowed_amount":100.00,"billing_code_modifier":[""],"providers":[{"billed_charge":125.00,"npi":[1730792805,1912521568]}]}]},{"tin":{"type":"ein","value":"814460406"},"service_code":["81"],"billing_class":"professional","payments":[{"allowed_amount":75.00,"billing_code_modifier":[""],"providers":[{"billed_charge":200.00,"npi":[1306045521,1538507819]}]}]},{"tin":{"type":"ein","value":"833210967"},"service_code":["81"],"billing_class":"professional","payments":[{"allowed_amount":100.00,"billing_code_modifier":[""],"providers":[{"billed_charge":100.00,"npi":[1417574666,1861623951]}]}]},{"tin":{"type":"ein","value":"844799737"},"service_code":["81"],"billing_class":"professional","payments":[{"allowed_amount":75.00,"billing_code_modifier":[""],"providers":[{"billed_charge":125.00,"npi":[1023631579,1265400634]}]}]},{"tin":{"type":"ein","value":"845172222"},"service_code":["81"],"billing_class":"professional","payments":[{"allowed_amount":75.00,"billing_code_modifier":[""],"providers":[{"billed_charge":225.00,"npi":[1346769593,1659588762]}]}]},{"tin":{"type":"ein","value":"861213775"},"service_code":["81"],"billing_class":"professional","payments":[{"allowed_amount":75.00,"billing_code_modifier":[""],"providers":[{"billed_charge":190.00,"npi":[1083703045,1831780402]}]}]},{"tin":{"type":"ein","value":"871908536"},"service_code":["81"],"billing_class":"professional","payments":[{"allowed_amount":75.00,"billing_code_modifier":[""],"providers":[{"billed_charge":200.00,"npi":[1104216605,1447552039]}]}]},{"tin":{"type":"ein","value":"880241758"},"service_code":["81"],"billing_class":"professional","payments":[{"allowed_amount":75.00,"billing_code_modifier":[""],"providers":[{"billed_charge":100.00,"npi":[1053316364,1124417357,1184063067,1376633586,1598714016,1982688024]}]}]},{"tin":{"type":"ein","value":"880241758"},"service_code":["81"],"billing_class":"professional","payments":[{"allowed_amount":100.00,"billing_code_modifier":[""],"providers":[{"billed_charge":100.00,"npi":[1003840778,1124417357,1184063067,1467427740,1629057542,1639279417]}]}]},{"tin":{"type":"ein","value":"900863464"},"service_code":["81"],"billing_class":"professional","payments":[{"allowed_amount":75.00,"billing_code_modifier":[""],"providers":[{"billed_charge":130.00,"npi":[1215272406,1841875697]}]}]},{"tin":{"type":"ein","value":"942854057"},"service_code":["81"],"billing_class":"professional","payments":[{"allowed_amount":100.00,"billing_code_modifier":[""],"providers":[{"billed_charge":145.00,"npi":[1467469239,1720029960,1750389805]}]}]}]},{"name":"SPECIMEN COLLECT COVID-19","billing_code_type":"HCPCS","billing_code_type_version":"HCPCS LEVEL II 2021","billing_code":"G2023","description":"SPECIMEN COLLECT COVID-19","allowed_amounts":[{"tin":{"type":"ein","value":"263086555"},"service_code":["81"],"billing_class":"professional","payments":[{"allowed_amount":23.46,"billing_code_modifier":[""],"providers":[{"billed_charge":56.00,"npi":[1083206841,1821093758]}]}]},{"tin":{"type":"ein","value":"292825067"},"service_code":["11"],"billing_class":"professional","payments":[{"allowed_amount":23.46,"billing_code_modifier":[""],"providers":[{"billed_charge":100.00,"npi":[1316197296]}]}]},{"tin":{"type":"ein","value":"464067873"},"service_code":["81"],"billing_class":"professional","payments":[{"allowed_amount":23.46,"billing_code_modifier":[""],"providers":[{"billed_charge":50.00,"npi":[1275960866,1821281734]}]}]},{"tin":{"type":"ein","value":"831342609"},"service_code":["81"],"billing_class":"professional","payments":[{"allowed_amount":23.46,"billing_code_modifier":[""],"providers":[{"billed_charge":50.00,"npi":[1073101028,1487815387]}]}]},{"tin":{"type":"ein","value":"832522386"},"service_code":["81"],"billing_class":"professional","payments":[{"allowed_amount":23.46,"billing_code_modifier":[""],"providers":[{"billed_charge":46.92,"npi":[1184253650,1316245558]}]}]}]},{"name":"STRAPPING HIP","billing_code_type":"CPT","billing_code_type_version":"2020","billing_code":"29520","description":"STRAPPING HIP","allowed_amounts":[{"tin":{"type":"ein","value":"834259014"},"service_code":["11"],"billing_class":"professional","payments":[{"allowed_amount":6.00,"billing_code_modifier":[""],"providers":[{"billed_charge":225.00,"npi":[1275978876,1447875497]}]}]}]},{"name":"THERAPEUT ACTVITY DIRECT PT CONTACT EACH 15 MIN","billing_code_type":"CPT","billing_code_type_version":"2020","billing_code":"97530","description":"THERAPEUT ACTVITY DIRECT PT CONTACT EACH 15 MIN","allowed_amounts":[{"tin":{"type":"ein","value":"834259014"},"service_code":["11"],"billing_class":"professional","payments":[{"allowed_amount":56.34,"billing_code_modifier":[""],"providers":[{"billed_charge":160.00,"npi":[1275978876,1447875497]}]}]}]},{"name":"THERAPEUTIC PX 1\/> AREAS EACH 15 MIN EXERCISES","billing_code_type":"CPT","billing_code_type_version":"2020","billing_code":"97110","description":"THERAPEUTIC PX 1\/> AREAS EACH 15 MIN EXERCISES","allowed_amounts":[{"tin":{"type":"ein","value":"834259014"},"service_code":["11"],"billing_class":"professional","payments":[{"allowed_amount":19.67,"billing_code_modifier":[""],"providers":[{"billed_charge":75.00,"npi":[1275978876,1447875497]}]}]}]},{"name":"TX SPEECH LANG VOICE COMMJ &\/AUDITORY PROC IND","billing_code_type":"CPT","billing_code_type_version":"2020","billing_code":"92507","description":"TX SPEECH LANG VOICE COMMJ &\/AUDITORY PROC IND","allowed_amounts":[{"tin":{"type":"ein","value":"464053647"},"service_code":["11"],"billing_class":"professional","payments":[{"allowed_amount":115.00,"billing_code_modifier":[""],"providers":[{"billed_charge":115.00,"npi":[1043598691,1104937481,1952732448]}]}]}]},{"name":"UNLISTED MOLECULAR PATHOLOGY PROCEDURE","billing_code_type":"CPT","billing_code_type_version":"2020","billing_code":"81479","description":"UNLISTED MOLECULAR PATHOLOGY PROCEDURE","allowed_amounts":[{"tin":{"type":"ein","value":"465193717"},"service_code":["81"],"billing_class":"professional","payments":[{"allowed_amount":0.00,"billing_code_modifier":[""],"providers":[{"billed_charge":50.00,"npi":[1326215047,1467850859]}]}]}]}]}
