{"reporting_entity_name": "IEC Group_DBA AmeriBen",
	"reporting_entity_type": "Third Party Administrator",
	"plan_name": "GKN SINTER METALS LLC",
	"plan_id_type": "ein",
	"plan_id": "383354796",
	"plan_market_type": "group",
	"last_updated_on": "2022-08-01","Version": "1.0.0","out_of_network":[{"name":"ALCOHOL AND\/OR DRUG SCREENIN","billing_code_type":"HCPCS","billing_code_type_version":"HCPCS LEVEL II 2021","billing_code":"H0003","description":"ALCOHOL AND\/OR DRUG SCREENIN","allowed_amounts":[{"tin":{"type":"ein","value":"391498501"},"service_code":["11"],"billing_class":"professional","payments":[{"allowed_amount":35.04,"billing_code_modifier":[""],"providers":[{"billed_charge":153.76,"npi":[1083830335,1629282470]}]}]}]},{"name":"APPL MODALITY 1\/> AREAS TRACTION MECHANICAL","billing_code_type":"CPT","billing_code_type_version":"2020","billing_code":"97012","description":"APPL MODALITY 1\/> AREAS TRACTION MECHANICAL","allowed_amounts":[{"tin":{"type":"ein","value":"273398392"},"service_code":["11"],"billing_class":"professional","payments":[{"allowed_amount":16.76,"billing_code_modifier":[""],"providers":[{"billed_charge":35.00,"npi":[1023349321,1437469400]}]}]}]},{"name":"INFEC AGEN DETEC AMPLI PROBE","billing_code_type":"HCPCS","billing_code_type_version":"HCPCS LEVEL II 2021","billing_code":"U0005","description":"INFEC AGEN DETEC AMPLI PROBE","allowed_amounts":[{"tin":{"type":"ein","value":"201236503"},"service_code":["81"],"billing_class":"professional","payments":[{"allowed_amount":25.00,"billing_code_modifier":[""],"providers":[{"billed_charge":50.00,"npi":[1225110497,1649387283]}]}]},{"tin":{"type":"ein","value":"473727159"},"service_code":["81"],"billing_class":"professional","payments":[{"allowed_amount":25.00,"billing_code_modifier":[""],"providers":[{"billed_charge":25.00,"npi":[1023539004,1023784790,1063175206,1093346397,1235516592,1306242334,1306867940,1457967945,1508471962,1538647409,1548365158,1801119144,1851801229,1871184812,1871915637,1902455520,1912521568,1922521608]}]}]},{"tin":{"type":"ein","value":"880241758"},"service_code":["81"],"billing_class":"professional","payments":[{"allowed_amount":25.00,"billing_code_modifier":[""],"providers":[{"billed_charge":25.00,"npi":[1043416696,1114694726,1124417357,1376633586,1598714016,1982964664]}]}]}]},{"name":"SARS-COV-2 COVID-19 AMP PRB HTT","billing_code_type":"HCPCS","billing_code_type_version":"HCPCS LEVEL II 2021","billing_code":"U0003","description":"SARS-COV-2 COVID-19 AMP PRB HTT","allowed_amounts":[{"tin":{"type":"ein","value":"133757370"},"service_code":["81"],"billing_class":"professional","payments":[{"allowed_amount":90.00,"billing_code_modifier":[""],"providers":[{"billed_charge":100.00,"npi":[1538144910,1811130826]}]}]},{"tin":{"type":"ein","value":"201236503"},"service_code":["81"],"billing_class":"professional","payments":[{"allowed_amount":90.00,"billing_code_modifier":[""],"providers":[{"billed_charge":150.00,"npi":[1225110497,1649387283]}]}]},{"tin":{"type":"ein","value":"201236503"},"service_code":["81"],"billing_class":"professional","payments":[{"allowed_amount":100.00,"billing_code_modifier":[""],"providers":[{"billed_charge":150.00,"npi":[1225110497,1649387283]}]}]},{"tin":{"type":"ein","value":"472462178"},"service_code":["81"],"billing_class":"professional","payments":[{"allowed_amount":90.00,"billing_code_modifier":[""],"providers":[{"billed_charge":250.00,"npi":[1508484569,1639311509]}]}]},{"tin":{"type":"ein","value":"473727159"},"service_code":["81"],"billing_class":"professional","payments":[{"allowed_amount":90.00,"billing_code_modifier":[""],"providers":[{"billed_charge":125.00,"npi":[1023784790,1063175206,1093346397,1306867940,1457967945,1508471962,1538647409,1548365158,1871184812,1871915637,1902455520,1912521568,1922521608]}]}]},{"tin":{"type":"ein","value":"473727159"},"service_code":["81"],"billing_class":"professional","payments":[{"allowed_amount":100.00,"billing_code_modifier":[""],"providers":[{"billed_charge":125.00,"npi":[1023539004,1063175206,1093346397,1114153756,1235516592,1306242334,1457967945,1497990139,1538647409,1568760924,1801119144,1851801229,1871915637,1912521568,1922521608]}]}]},{"tin":{"type":"ein","value":"880241758"},"service_code":["81"],"billing_class":"professional","payments":[{"allowed_amount":90.00,"billing_code_modifier":[""],"providers":[{"billed_charge":100.00,"npi":[1043416696,1124417357,1376633586,1598714016,1982964664]}]}]},{"tin":{"type":"ein","value":"880241758"},"service_code":["81"],"billing_class":"professional","payments":[{"allowed_amount":100.00,"billing_code_modifier":[""],"providers":[{"billed_charge":100.00,"npi":[1114694726,1124417357,1598714016]}]}]},{"tin":{"type":"ein","value":"900863464"},"service_code":["81"],"billing_class":"professional","payments":[{"allowed_amount":90.00,"billing_code_modifier":[""],"providers":[{"billed_charge":130.00,"npi":[1215272406,1770571192]}]}]}]},{"name":"THERAPEUTIC PX 1\/> AREAS EACH 15 MIN EXERCISES","billing_code_type":"CPT","billing_code_type_version":"2020","billing_code":"97110","description":"THERAPEUTIC PX 1\/> AREAS EACH 15 MIN EXERCISES","allowed_amounts":[{"tin":{"type":"ein","value":"273398392"},"service_code":["11"],"billing_class":"professional","payments":[{"allowed_amount":34.58,"billing_code_modifier":[""],"providers":[{"billed_charge":50.00,"npi":[1023349321,1437469400]}]}]}]}]}
