{"reporting_entity_name": "IEC Group_DBA AmeriBen",
	"reporting_entity_type": "Third Party Administrator",
	"plan_name": "CONFLUENT HEALTH",
	"plan_id_type": "ein",
	"plan_id": "471584422",
	"plan_market_type": "group",
	"last_updated_on": "2024-06-01","Version": "1.0.0","out_of_network":[{"name":"LACTATION CLASS NON-PHYS PROV-SESS","billing_code_type":"HCPCS","billing_code_type_version":"HCPCS LEVEL II 2021","billing_code":"S9443","description":"LACTATION CLASS NON-PHYS PROV-SESS","allowed_amounts":[{"tin":{"type":"ein","value":"822736113"},"service_code":["10","11","12"],"billing_class":"professional","payments":[{"allowed_amount":225.00,"billing_code_modifier":[""],"providers":[{"billed_charge":900.00,"npi":[1144749391]}]}]}]},{"name":"PSYCHOTHERAPY W\/PATIENT 60 MINUTES","billing_code_type":"CPT","billing_code_type_version":"2020","billing_code":"90837","description":"PSYCHOTHERAPY W\/PATIENT 60 MINUTES","allowed_amounts":[{"tin":{"type":"ein","value":"102408888"},"service_code":["11"],"billing_class":"professional","payments":[{"allowed_amount":220.61,"billing_code_modifier":[""],"providers":[{"billed_charge":250.00,"npi":[1629114988]}]}]},{"tin":{"type":"ein","value":"825256765"},"service_code":["02"],"billing_class":"professional","payments":[{"allowed_amount":220.61,"billing_code_modifier":[""],"providers":[{"billed_charge":300.00,"npi":[1235530437,1891259727]},{"billed_charge":340.00,"npi":[1235530437,1891259727]}]},{"allowed_amount":220.61,"billing_code_modifier":[""],"providers":[{"billed_charge":300.00,"npi":[1235530437,1891259727]},{"billed_charge":340.00,"npi":[1235530437,1891259727]}]}]},{"tin":{"type":"ein","value":"825256765"},"service_code":["02"],"billing_class":"professional","payments":[{"allowed_amount":220.61,"billing_code_modifier":[""],"providers":[{"billed_charge":300.00,"npi":[1235530437,1891259727]},{"billed_charge":340.00,"npi":[1235530437,1891259727]}]},{"allowed_amount":220.61,"billing_code_modifier":[""],"providers":[{"billed_charge":300.00,"npi":[1235530437,1891259727]},{"billed_charge":340.00,"npi":[1235530437,1891259727]}]}]}]}]}
