{"reporting_entity_name": "IEC Group_DBA AmeriBen",
	"reporting_entity_type": "Third Party Administrator",
	"plan_name": "WESTMORELAND MINING, LLC",
	"plan_id_type": "ein",
	"plan_id": "833555130",
	"plan_market_type": "group",
	"last_updated_on": "2023-04-26","Version": "1.0.0","out_of_network":[{"name":"IA DET NA;SEV AC RES SYND SARS-COV-2 COVID-19","billing_code_type":"HCPCS","billing_code_type_version":"HCPCS LEVEL II 2021","billing_code":"U0005","description":"IA DET NA;SEV AC RES SYND SARS-COV-2 COVID-19","allowed_amounts":[{"tin":{"type":"ein","value":"472462178"},"service_code":["81"],"billing_class":"professional","payments":[{"allowed_amount":25.00,"billing_code_modifier":[""],"providers":[{"billed_charge":50.00,"npi":[1114183555,1467854497,1639311509,1962018374]}]}]}]},{"name":"INF AGT DET DNA\/RNA;SARS-COV-2 COVID-19 AMP P T","billing_code_type":"HCPCS","billing_code_type_version":"HCPCS LEVEL II 2021","billing_code":"U0003","description":"INF AGT DET DNA\/RNA;SARS-COV-2 COVID-19 AMP P T","allowed_amounts":[{"tin":{"type":"ein","value":"472462178"},"service_code":["81"],"billing_class":"professional","payments":[{"allowed_amount":125.00,"billing_code_modifier":[""],"providers":[{"billed_charge":250.00,"npi":[1114183555,1467854497,1639311509,1962018374]}]}]}]},{"name":"OUTPATIENT SERVICES","billing_code_type":"RC","billing_code_type_version":"UB04","billing_code":"0500","description":"OUTPATIENT SERVICES","allowed_amounts":[{"tin":{"type":"ein","value":"860719852"},"service_code":["22"],"billing_class":"institutional","payments":[{"allowed_amount":266.40,"billing_code_modifier":[""],"providers":[{"billed_charge":266.40,"npi":[1780639971]}]}]}]},{"name":"RESIDENTIAL TREATMENT-PSYCHIATRIC","billing_code_type":"RC","billing_code_type_version":"UB04","billing_code":"1001","description":"RESIDENTIAL TREATMENT-PSYCHIATRIC","allowed_amounts":[{"tin":{"type":"ein","value":"874182151"},"service_code":["21"],"billing_class":"institutional","payments":[{"allowed_amount":2700.00,"billing_code_modifier":[""],"providers":[{"billed_charge":5600.00,"npi":[1023761673]}]}]}]}]}
