{"reporting_entity_name": "IEC Group_DBA AmeriBen",
	"reporting_entity_type": "Third Party Administrator",
	"plan_name": "HEALTHPRO",
	"plan_id_type": "ein",
	"plan_id": "562657137",
	"plan_market_type": "group",
	"last_updated_on": "2025-06-01","Version": "1.0.0","out_of_network":[{"name":"IADNA NOS AMPLIFIED PROBE TQ EACH ORGANISM","billing_code_type":"CPT","billing_code_type_version":"2020","billing_code":"87798","description":"IADNA NOS AMPLIFIED PROBE TQ EACH ORGANISM","allowed_amounts":[{"tin":{"type":"ein","value":"223510467"},"service_code":["81"],"billing_class":"professional","payments":[{"allowed_amount":24.56,"billing_code_modifier":[""],"providers":[{"billed_charge":50.00,"npi":[1730504770,1750373908]},{"billed_charge":80.50,"npi":[1730504770,1750373908]}]},{"allowed_amount":24.56,"billing_code_modifier":[""],"providers":[{"billed_charge":50.00,"npi":[1730504770,1750373908]},{"billed_charge":80.50,"npi":[1730504770,1750373908]}]}]},{"tin":{"type":"ein","value":"223510467"},"service_code":["81"],"billing_class":"professional","payments":[{"allowed_amount":24.56,"billing_code_modifier":[""],"providers":[{"billed_charge":50.00,"npi":[1730504770,1750373908]},{"billed_charge":80.50,"npi":[1730504770,1750373908]}]},{"allowed_amount":24.56,"billing_code_modifier":[""],"providers":[{"billed_charge":50.00,"npi":[1730504770,1750373908]},{"billed_charge":80.50,"npi":[1730504770,1750373908]}]}]}]}]}
