{"reporting_entity_name": "IEC Group_DBA AmeriBen",
	"reporting_entity_type": "Third Party Administrator",
	"plan_name": "SPARTECH, LLC",
	"plan_id_type": "ein",
	"plan_id": "822450614",
	"plan_market_type": "group",
	"last_updated_on": "2024-05-02","Version": "1.0.0","out_of_network":[{"name":"PSYCHIATRIC\/PSYCHOLOGICAL TRT: INTENSIVE OUT SERV","billing_code_type":"RC","billing_code_type_version":"UB04","billing_code":"0906","description":"PSYCHIATRIC\/PSYCHOLOGICAL TRT: INTENSIVE OUT SERV","allowed_amounts":[{"tin":{"type":"ein","value":"824633757"},"service_code":["22"],"billing_class":"institutional","payments":[{"allowed_amount":155.73,"billing_code_modifier":[""],"providers":[{"billed_charge":2400.00,"npi":[1154888469,1285665208]}]}]}]}]}
