{"reporting_entity_name": "IEC Group_DBA AmeriBen",
	"reporting_entity_type": "Third Party Administrator",
	"plan_name": "SYNOVUS FINANCIAL",
	"plan_id_type": "ein",
	"plan_id": "581134883",
	"plan_market_type": "group",
	"last_updated_on": "2025-06-02","Version": "1.0.0","out_of_network":[{"name":"25 HYDROXY INCLUDES FRACTIONS IF PERFORMED","billing_code_type":"CPT","billing_code_type_version":"2020","billing_code":"82306","description":"25 HYDROXY INCLUDES FRACTIONS IF PERFORMED","allowed_amounts":[{"tin":{"type":"ein","value":"751093698"},"service_code":["81"],"billing_class":"professional","payments":[{"allowed_amount":14.26,"billing_code_modifier":[""],"providers":[{"billed_charge":81.25,"npi":[1073501169,1962481820]}]}]},{"tin":{"type":"ein","value":"810576059"},"service_code":["81"],"billing_class":"professional","payments":[{"allowed_amount":14.26,"billing_code_modifier":[""],"providers":[{"billed_charge":124.08,"npi":[1235186800,1285607648,1316478332,1477136349,1629767355,1649473497,1700820198,1841202868,1891388278,1972824712]}]}]},{"tin":{"type":"ein","value":"382084239"},"service_code":["81"],"billing_class":"professional","payments":[{"allowed_amount":14.26,"billing_code_modifier":[""],"providers":[{"billed_charge":276.66,"npi":[1497926430,1689383671,1932166386]},{"billed_charge":348.92,"npi":[1447250170,1447296272,1932166386]}]},{"allowed_amount":14.26,"billing_code_modifier":[""],"providers":[{"billed_charge":276.66,"npi":[1497926430,1689383671,1932166386]},{"billed_charge":348.92,"npi":[1447250170,1447296272,1932166386]}]}]},{"tin":{"type":"ein","value":"382084239"},"service_code":["81"],"billing_class":"professional","payments":[{"allowed_amount":14.26,"billing_code_modifier":[""],"providers":[{"billed_charge":276.66,"npi":[1497926430,1689383671,1932166386]},{"billed_charge":348.92,"npi":[1447250170,1447296272,1932166386]}]},{"allowed_amount":14.26,"billing_code_modifier":[""],"providers":[{"billed_charge":276.66,"npi":[1497926430,1689383671,1932166386]},{"billed_charge":348.92,"npi":[1447250170,1447296272,1932166386]}]}]},{"tin":{"type":"ein","value":"471359076"},"service_code":["81"],"billing_class":"professional","payments":[{"allowed_amount":14.26,"billing_code_modifier":[""],"providers":[{"billed_charge":88.80,"npi":[1114540010,1134538713]}]}]}]},{"name":"ASSAY OF PROSTATE SPECIFIC ANTIGEN TOTAL","billing_code_type":"CPT","billing_code_type_version":"2020","billing_code":"84153","description":"ASSAY OF PROSTATE SPECIFIC ANTIGEN TOTAL","allowed_amounts":[{"tin":{"type":"ein","value":"810576059"},"service_code":["81"],"billing_class":"professional","payments":[{"allowed_amount":8.86,"billing_code_modifier":[""],"providers":[{"billed_charge":77.10,"npi":[1205273091,1235186800,1275949992,1316478332,1407849706,1801215983,1841202868,1871938415,1952716730]}]}]},{"tin":{"type":"ein","value":"382084239"},"service_code":["81"],"billing_class":"professional","payments":[{"allowed_amount":8.86,"billing_code_modifier":[""],"providers":[{"billed_charge":169.86,"npi":[1447250170,1932166386]}]}]}]},{"name":"ASSAY OF SEX HORMONE BINDING GLOBULIN","billing_code_type":"CPT","billing_code_type_version":"2020","billing_code":"84270","description":"ASSAY OF SEX HORMONE BINDING GLOBULIN","allowed_amounts":[{"tin":{"type":"ein","value":"751093698"},"service_code":["81"],"billing_class":"professional","payments":[{"allowed_amount":9.12,"billing_code_modifier":[""],"providers":[{"billed_charge":59.65,"npi":[1073501169,1649289331,1962481820]}]}]},{"tin":{"type":"ein","value":"810576059"},"service_code":["81"],"billing_class":"professional","payments":[{"allowed_amount":9.12,"billing_code_modifier":[""],"providers":[{"billed_charge":91.08,"npi":[1073732426,1194820753,1235186800,1275949992,1477136349,1528474988,1629767355,1891016846]}]}]},{"tin":{"type":"ein","value":"382084239"},"service_code":["81"],"billing_class":"professional","payments":[{"allowed_amount":9.12,"billing_code_modifier":[""],"providers":[{"billed_charge":158.29,"npi":[1447250170,1689664856,1720306566,1932166386]}]}]}]},{"name":"ASSAY OF TESTOSTERONE TOTAL","billing_code_type":"CPT","billing_code_type_version":"2020","billing_code":"84403","description":"ASSAY OF TESTOSTERONE TOTAL","allowed_amounts":[{"tin":{"type":"ein","value":"751093698"},"service_code":["81"],"billing_class":"professional","payments":[{"allowed_amount":10.84,"billing_code_modifier":[""],"providers":[{"billed_charge":70.85,"npi":[1073501169,1649289331,1659339711,1962481820]}]}]},{"tin":{"type":"ein","value":"810576059"},"service_code":["81"],"billing_class":"professional","payments":[{"allowed_amount":10.84,"billing_code_modifier":[""],"providers":[{"billed_charge":108.24,"npi":[1073732426,1194820753,1205273091,1235186800,1275949992,1477136349,1528474988,1629767355,1801215983,1891016846,1952716730]}]}]},{"tin":{"type":"ein","value":"382084239"},"service_code":["81"],"billing_class":"professional","payments":[{"allowed_amount":10.84,"billing_code_modifier":[""],"providers":[{"billed_charge":252.22,"npi":[1447250170,1689664856,1720306566,1932166386]}]}]}]},{"name":"ASSAY OF TOTAL ESTRADIOL","billing_code_type":"CPT","billing_code_type_version":"2020","billing_code":"82670","description":"ASSAY OF TOTAL ESTRADIOL","allowed_amounts":[{"tin":{"type":"ein","value":"751093698"},"service_code":["81"],"billing_class":"professional","payments":[{"allowed_amount":11.73,"billing_code_modifier":[""],"providers":[{"billed_charge":76.65,"npi":[1073501169,1649289331,1659339711,1962481820]}]}]},{"tin":{"type":"ein","value":"810576059"},"service_code":["81"],"billing_class":"professional","payments":[{"allowed_amount":11.73,"billing_code_modifier":[""],"providers":[{"billed_charge":117.12,"npi":[1073732426,1134658420,1194820753,1205273091,1235186800,1275949992,1477136349,1629767355,1801215983,1891016846,1952716730]}]}]},{"tin":{"type":"ein","value":"382084239"},"service_code":["81"],"billing_class":"professional","payments":[{"allowed_amount":11.73,"billing_code_modifier":[""],"providers":[{"billed_charge":244.49,"npi":[1689664856,1780620526,1932166386]}]}]}]},{"name":"BLOOD COUNT COMPLETE AUTO&AUTO DIFRNTL WBC","billing_code_type":"CPT","billing_code_type_version":"2020","billing_code":"85025","description":"BLOOD COUNT COMPLETE AUTO&AUTO DIFRNTL WBC","allowed_amounts":[{"tin":{"type":"ein","value":"742554159"},"service_code":["81"],"billing_class":"professional","payments":[{"allowed_amount":3.75,"billing_code_modifier":[""],"providers":[{"billed_charge":41.50,"npi":[1194769497,1265998439,1467963892]}]}]},{"tin":{"type":"ein","value":"810576059"},"service_code":["81"],"billing_class":"professional","payments":[{"allowed_amount":3.75,"billing_code_modifier":[""],"providers":[{"billed_charge":15.54,"npi":[1235186800,1285418392,1508639220,1649473497,1679912877,1700820198]}]}]},{"tin":{"type":"ein","value":"133757370"},"service_code":["81"],"billing_class":"professional","payments":[{"allowed_amount":3.75,"billing_code_modifier":[""],"providers":[{"billed_charge":32.55,"npi":[1295726032,1578080784]}]}]},{"tin":{"type":"ein","value":"382084239"},"service_code":["81"],"billing_class":"professional","payments":[{"allowed_amount":3.75,"billing_code_modifier":[""],"providers":[{"billed_charge":52.05,"npi":[1013276518,1124085972,1497926430,1841798550,1932166386,1952373615]}]}]},{"tin":{"type":"ein","value":"581436087"},"service_code":["11"],"billing_class":"professional","payments":[{"allowed_amount":3.75,"billing_code_modifier":[""],"providers":[{"billed_charge":35.00,"npi":[1174629208,1811037336]}]}]}]},{"name":"CHIROPRACTIC MANIPULATIVE TX SPINAL 3-4 REGIONS","billing_code_type":"CPT","billing_code_type_version":"2020","billing_code":"98941","description":"CHIROPRACTIC MANIPULATIVE TX SPINAL 3-4 REGIONS","allowed_amounts":[{"tin":{"type":"ein","value":"651132786"},"service_code":["11"],"billing_class":"professional","payments":[{"allowed_amount":26.96,"billing_code_modifier":[""],"providers":[{"billed_charge":95.00,"npi":[1073793121,1164502282]}]}]},{"tin":{"type":"ein","value":"832167435"},"service_code":["11"],"billing_class":"professional","payments":[{"allowed_amount":35.25,"billing_code_modifier":[""],"providers":[{"billed_charge":70.00,"npi":[1093892929,1841825122]}]}]},{"tin":{"type":"ein","value":"884416011"},"service_code":["11"],"billing_class":"professional","payments":[{"allowed_amount":26.96,"billing_code_modifier":[""],"providers":[{"billed_charge":85.00,"npi":[1285321109,1285805556]}]}]},{"tin":{"type":"ein","value":"991041229"},"service_code":["11"],"billing_class":"professional","payments":[{"allowed_amount":26.96,"billing_code_modifier":[""],"providers":[{"billed_charge":82.00,"npi":[1588767560,1740045574]}]}]},{"tin":{"type":"ein","value":"202894139"},"service_code":["11"],"billing_class":"professional","payments":[{"allowed_amount":35.25,"billing_code_modifier":[""],"providers":[{"billed_charge":60.00,"npi":[1306891858]}]}]},{"tin":{"type":"ein","value":"582418695"},"service_code":["11"],"billing_class":"professional","payments":[{"allowed_amount":35.25,"billing_code_modifier":[""],"providers":[{"billed_charge":60.00,"npi":[1124115381,1124377734]}]}]}]},{"name":"COLLECTION VENOUS BLOOD VENIPUNCTURE","billing_code_type":"CPT","billing_code_type_version":"2020","billing_code":"36415","description":"COLLECTION VENOUS BLOOD VENIPUNCTURE","allowed_amounts":[{"tin":{"type":"ein","value":"742554159"},"service_code":["81"],"billing_class":"professional","payments":[{"allowed_amount":1.02,"billing_code_modifier":[""],"providers":[{"billed_charge":15.30,"npi":[1194769497,1265998439,1467963892]}]}]},{"tin":{"type":"ein","value":"751093698"},"service_code":["81"],"billing_class":"professional","payments":[{"allowed_amount":1.02,"billing_code_modifier":[""],"providers":[{"billed_charge":12.00,"npi":[1073501169,1649289331,1659339711,1962481820]}]}]},{"tin":{"type":"ein","value":"382084239"},"service_code":["81"],"billing_class":"professional","payments":[{"allowed_amount":1.02,"billing_code_modifier":[""],"providers":[{"billed_charge":36.40,"npi":[1013276518,1073134938,1093915464,1306057328,1558748244,1689664856,1841798550,1932166386,1952373615]}]}]},{"tin":{"type":"ein","value":"431039532"},"service_code":["81"],"billing_class":"professional","payments":[{"allowed_amount":1.02,"billing_code_modifier":[""],"providers":[{"billed_charge":36.40,"npi":[1063753481,1609812445]}]}]},{"tin":{"type":"ein","value":"471359076"},"service_code":["81"],"billing_class":"professional","payments":[{"allowed_amount":1.02,"billing_code_modifier":[""],"providers":[{"billed_charge":9.00,"npi":[1114540010,1134538713]}]}]},{"tin":{"type":"ein","value":"581436087"},"service_code":["11"],"billing_class":"professional","payments":[{"allowed_amount":1.02,"billing_code_modifier":[""],"providers":[{"billed_charge":23.00,"npi":[1063857803,1811037336]}]}]}]},{"name":"COMPREHENSIVE METABOLIC PANEL","billing_code_type":"CPT","billing_code_type_version":"2020","billing_code":"80053","description":"COMPREHENSIVE METABOLIC PANEL","allowed_amounts":[{"tin":{"type":"ein","value":"742554159"},"service_code":["81"],"billing_class":"professional","payments":[{"allowed_amount":5.09,"billing_code_modifier":[""],"providers":[{"billed_charge":78.25,"npi":[1194769497,1265998439,1467963892]}]}]},{"tin":{"type":"ein","value":"751093698"},"service_code":["81"],"billing_class":"professional","payments":[{"allowed_amount":5.09,"billing_code_modifier":[""],"providers":[{"billed_charge":29.00,"npi":[1073501169,1962481820,1982833117]}]}]},{"tin":{"type":"ein","value":"810576059"},"service_code":["81"],"billing_class":"professional","payments":[{"allowed_amount":5.09,"billing_code_modifier":[""],"providers":[{"billed_charge":21.12,"npi":[1134182330,1205822657,1235186800,1275532160,1508639220,1689725301,1700820198]}]}]},{"tin":{"type":"ein","value":"133757370"},"service_code":["81"],"billing_class":"professional","payments":[{"allowed_amount":5.09,"billing_code_modifier":[""],"providers":[{"billed_charge":48.30,"npi":[1295726032,1578080784]}]}]},{"tin":{"type":"ein","value":"201236503"},"service_code":["81"],"billing_class":"professional","payments":[{"allowed_amount":5.09,"billing_code_modifier":[""],"providers":[{"billed_charge":42.24,"npi":[1225110497,1629219118]}]}]},{"tin":{"type":"ein","value":"382084239"},"service_code":["81"],"billing_class":"professional","payments":[{"allowed_amount":5.09,"billing_code_modifier":[""],"providers":[{"billed_charge":100.75,"npi":[1013276518,1124085972,1497926430,1831622984,1841798550,1932166386,1952373615]}]}]},{"tin":{"type":"ein","value":"581436087"},"service_code":["11"],"billing_class":"professional","payments":[{"allowed_amount":5.09,"billing_code_modifier":[""],"providers":[{"billed_charge":45.00,"npi":[1174629208,1811037336]}]}]}]},{"name":"CYANOCOBALAMIN VITAMIN B-12","billing_code_type":"CPT","billing_code_type_version":"2020","billing_code":"82607","description":"CYANOCOBALAMIN VITAMIN B-12","allowed_amounts":[{"tin":{"type":"ein","value":"751093698"},"service_code":["81"],"billing_class":"professional","payments":[{"allowed_amount":7.26,"billing_code_modifier":[""],"providers":[{"billed_charge":41.40,"npi":[1073501169,1659339711,1962481820]}]}]},{"tin":{"type":"ein","value":"810576059"},"service_code":["81"],"billing_class":"professional","payments":[{"allowed_amount":7.26,"billing_code_modifier":[""],"providers":[{"billed_charge":63.18,"npi":[1194820753,1235186800,1316478332,1477136349,1629767355,1679912877,1891388278,1972824712]}]}]},{"tin":{"type":"ein","value":"382084239"},"service_code":["81"],"billing_class":"professional","payments":[{"allowed_amount":7.26,"billing_code_modifier":[""],"providers":[{"billed_charge":137.70,"npi":[1447250170,1497926430,1689383671,1932166386]}]}]},{"tin":{"type":"ein","value":"471359076"},"service_code":["81"],"billing_class":"professional","payments":[{"allowed_amount":7.26,"billing_code_modifier":[""],"providers":[{"billed_charge":45.24,"npi":[1114540010,1134538713]}]}]}]},{"name":"DR TST DEFIN DR ID M P D 1-7 DR CL","billing_code_type":"HCPCS","billing_code_type_version":"HCPCS LEVEL II 2021","billing_code":"G0480","description":"DR TST DEFIN DR ID M P D 1-7 DR CL","allowed_amounts":[{"tin":{"type":"ein","value":"462993772"},"service_code":["81"],"billing_class":"professional","payments":[{"allowed_amount":80.10,"billing_code_modifier":[""],"providers":[{"billed_charge":230.00,"npi":[1003952029,1790386746]}]}]}]},{"name":"DRUG TST PRSMV INSTRMNT CHEM ANALYZERS PR DATE","billing_code_type":"CPT","billing_code_type_version":"2020","billing_code":"80307","description":"DRUG TST PRSMV INSTRMNT CHEM ANALYZERS PR DATE","allowed_amounts":[{"tin":{"type":"ein","value":"462993772"},"service_code":["81"],"billing_class":"professional","payments":[{"allowed_amount":43.50,"billing_code_modifier":[""],"providers":[{"billed_charge":125.00,"npi":[1003952029,1790386746]}]}]}]},{"name":"GENERAL HEALTH PANEL","billing_code_type":"CPT","billing_code_type_version":"2020","billing_code":"80050","description":"GENERAL HEALTH PANEL","allowed_amounts":[{"tin":{"type":"ein","value":"810576059"},"service_code":["81"],"billing_class":"professional","payments":[{"allowed_amount":14.76,"billing_code_modifier":[""],"providers":[{"billed_charge":60.00,"npi":[1134658420,1134691512,1144781980,1194820753,1235186800,1285418392,1285607648,1316478332,1437557287,1477136349,1609880707,1629767355,1679912877,1710923438,1841202868,1891016846,1891388278,1972824712]},{"billed_charge":107.07,"npi":[1235186800,1841202868]}]},{"allowed_amount":14.76,"billing_code_modifier":[""],"providers":[{"billed_charge":60.00,"npi":[1134658420,1134691512,1144781980,1194820753,1235186800,1285418392,1285607648,1316478332,1437557287,1477136349,1609880707,1629767355,1679912877,1710923438,1841202868,1891016846,1891388278,1972824712]},{"billed_charge":107.07,"npi":[1235186800,1841202868]}]}]},{"tin":{"type":"ein","value":"810576059"},"service_code":["81"],"billing_class":"professional","payments":[{"allowed_amount":14.76,"billing_code_modifier":[""],"providers":[{"billed_charge":60.00,"npi":[1134658420,1134691512,1144781980,1194820753,1235186800,1285418392,1285607648,1316478332,1437557287,1477136349,1609880707,1629767355,1679912877,1710923438,1841202868,1891016846,1891388278,1972824712]},{"billed_charge":107.07,"npi":[1235186800,1841202868]}]},{"allowed_amount":14.76,"billing_code_modifier":[""],"providers":[{"billed_charge":60.00,"npi":[1134658420,1134691512,1144781980,1194820753,1235186800,1285418392,1285607648,1316478332,1437557287,1477136349,1609880707,1629767355,1679912877,1710923438,1841202868,1891016846,1891388278,1972824712]},{"billed_charge":107.07,"npi":[1235186800,1841202868]}]}]},{"tin":{"type":"ein","value":"382084239"},"service_code":["81"],"billing_class":"professional","payments":[{"allowed_amount":14.76,"billing_code_modifier":[""],"providers":[{"billed_charge":302.08,"npi":[1093915464,1407431174,1447250170,1689383671,1932166386,1962023689]}]}]},{"tin":{"type":"ein","value":"471359076"},"service_code":["81"],"billing_class":"professional","payments":[{"allowed_amount":14.76,"billing_code_modifier":[""],"providers":[{"billed_charge":105.39,"npi":[1114540010,1134538713]}]}]}]},{"name":"HEMOGLOBIN GLYCOSYLATED A1C","billing_code_type":"CPT","billing_code_type_version":"2020","billing_code":"83036","description":"HEMOGLOBIN GLYCOSYLATED A1C","allowed_amounts":[{"tin":{"type":"ein","value":"751093698"},"service_code":["81"],"billing_class":"professional","payments":[{"allowed_amount":4.68,"billing_code_modifier":[""],"providers":[{"billed_charge":26.65,"npi":[1073501169,1962481820,1982833117]}]}]},{"tin":{"type":"ein","value":"810576059"},"service_code":["81"],"billing_class":"professional","payments":[{"allowed_amount":4.68,"billing_code_modifier":[""],"providers":[{"billed_charge":40.68,"npi":[1013475029,1134182330,1134658420,1134691512,1235186800,1275532160,1285418392,1285607648,1316478332,1477136349,1629767355,1700820198,1710923438,1841202868,1891388278,1972824712]}]}]},{"tin":{"type":"ein","value":"382084239"},"service_code":["81"],"billing_class":"professional","payments":[{"allowed_amount":4.68,"billing_code_modifier":[""],"providers":[{"billed_charge":84.95,"npi":[1407431174,1447250170,1497926430,1689383671,1831622984,1932166386]}]}]},{"tin":{"type":"ein","value":"471359076"},"service_code":["81"],"billing_class":"professional","payments":[{"allowed_amount":4.68,"billing_code_modifier":[""],"providers":[{"billed_charge":29.13,"npi":[1114540010,1134538713]}]}]}]},{"name":"IADNA NOS AMPLIFIED PROBE TQ EACH ORGANISM","billing_code_type":"CPT","billing_code_type_version":"2020","billing_code":"87798","description":"IADNA NOS AMPLIFIED PROBE TQ EACH ORGANISM","allowed_amounts":[{"tin":{"type":"ein","value":"223510467"},"service_code":["81"],"billing_class":"professional","payments":[{"allowed_amount":24.56,"billing_code_modifier":[""],"providers":[{"billed_charge":50.00,"npi":[1184602583,1750373908]}]}]}]},{"name":"IADNA RESPIRATRY PROBE & REV TRNSCR 3-5 TARGETS","billing_code_type":"CPT","billing_code_type_version":"2020","billing_code":"87631","description":"IADNA RESPIRATRY PROBE & REV TRNSCR 3-5 TARGETS","allowed_amounts":[{"tin":{"type":"ein","value":"873826903"},"service_code":["81"],"billing_class":"professional","payments":[{"allowed_amount":48.46,"billing_code_modifier":[""],"providers":[{"billed_charge":142.63,"npi":[1497448237,1518954627,1881352979,1962403808,1992955181]}]}]},{"tin":{"type":"ein","value":"873826903"},"service_code":["81"],"billing_class":"professional","payments":[{"allowed_amount":53.85,"billing_code_modifier":[""],"providers":[{"billed_charge":142.63,"npi":[1396104659,1881352979]},{"billed_charge":178.29,"npi":[1023229143,1639805344,1740755941,1881352979,1992955181]}]},{"allowed_amount":53.85,"billing_code_modifier":[""],"providers":[{"billed_charge":142.63,"npi":[1396104659,1881352979]},{"billed_charge":178.29,"npi":[1023229143,1639805344,1740755941,1881352979,1992955181]}]}]},{"tin":{"type":"ein","value":"873826903"},"service_code":["81"],"billing_class":"professional","payments":[{"allowed_amount":53.85,"billing_code_modifier":[""],"providers":[{"billed_charge":142.63,"npi":[1396104659,1881352979]},{"billed_charge":178.29,"npi":[1023229143,1639805344,1740755941,1881352979,1992955181]}]},{"allowed_amount":53.85,"billing_code_modifier":[""],"providers":[{"billed_charge":142.63,"npi":[1396104659,1881352979]},{"billed_charge":178.29,"npi":[1023229143,1639805344,1740755941,1881352979,1992955181]}]}]},{"tin":{"type":"ein","value":"621433252"},"service_code":["81"],"billing_class":"professional","payments":[{"allowed_amount":48.46,"billing_code_modifier":[""],"providers":[{"billed_charge":142.63,"npi":[1215385992,1225737752,1326743535,1417780016,1689639544,1881352979,1992955181]}]}]},{"tin":{"type":"ein","value":"621433252"},"service_code":["81"],"billing_class":"professional","payments":[{"allowed_amount":53.85,"billing_code_modifier":[""],"providers":[{"billed_charge":142.63,"npi":[1063020428,1639805344,1689639544,1881352979]},{"billed_charge":178.29,"npi":[1225257488,1326743535,1376767822,1417306622,1417939182,1639683790,1639805344,1689639544,1881352979,1992955181]}]},{"allowed_amount":53.85,"billing_code_modifier":[""],"providers":[{"billed_charge":142.63,"npi":[1063020428,1639805344,1689639544,1881352979]},{"billed_charge":178.29,"npi":[1225257488,1326743535,1376767822,1417306622,1417939182,1639683790,1639805344,1689639544,1881352979,1992955181]}]}]},{"tin":{"type":"ein","value":"621433252"},"service_code":["81"],"billing_class":"professional","payments":[{"allowed_amount":53.85,"billing_code_modifier":[""],"providers":[{"billed_charge":142.63,"npi":[1063020428,1639805344,1689639544,1881352979]},{"billed_charge":178.29,"npi":[1225257488,1326743535,1376767822,1417306622,1417939182,1639683790,1639805344,1689639544,1881352979,1992955181]}]},{"allowed_amount":53.85,"billing_code_modifier":[""],"providers":[{"billed_charge":142.63,"npi":[1063020428,1639805344,1689639544,1881352979]},{"billed_charge":178.29,"npi":[1225257488,1326743535,1376767822,1417306622,1417939182,1639683790,1639805344,1689639544,1881352979,1992955181]}]}]}]},{"name":"IADNA SARS-COV-2 COVID-19 AMPLIFIED PROBE TQ","billing_code_type":"CPT","billing_code_type_version":"2020","billing_code":"87635","description":"IADNA SARS-COV-2 COVID-19 AMPLIFIED PROBE TQ","allowed_amounts":[{"tin":{"type":"ein","value":"851486076"},"service_code":["81"],"billing_class":"professional","payments":[{"allowed_amount":17.44,"billing_code_modifier":[""],"providers":[{"billed_charge":150.00,"npi":[1447250170,1972117349]}]}]},{"tin":{"type":"ein","value":"873826903"},"service_code":["81"],"billing_class":"professional","payments":[{"allowed_amount":17.44,"billing_code_modifier":[""],"providers":[{"billed_charge":125.00,"npi":[1023229143,1639805344,1740755941,1881352979,1992955181]}]}]},{"tin":{"type":"ein","value":"260880495"},"service_code":["81"],"billing_class":"professional","payments":[{"allowed_amount":17.44,"billing_code_modifier":[""],"providers":[{"billed_charge":60.00,"npi":[1134377781,1336146174]}]}]},{"tin":{"type":"ein","value":"431580575"},"service_code":["81"],"billing_class":"professional","payments":[{"allowed_amount":17.44,"billing_code_modifier":[""],"providers":[{"billed_charge":200.00,"npi":[1033239413,1295733269]}]}]},{"tin":{"type":"ein","value":"621433252"},"service_code":["81"],"billing_class":"professional","payments":[{"allowed_amount":17.44,"billing_code_modifier":[""],"providers":[{"billed_charge":125.00,"npi":[1225257488,1326743535,1376767822,1417306622,1417939182,1639683790,1639805344,1689639544,1881352979,1992955181]}]}]}]},{"name":"LIPID PANEL","billing_code_type":"CPT","billing_code_type_version":"2020","billing_code":"80061","description":"LIPID PANEL","allowed_amounts":[{"tin":{"type":"ein","value":"742554159"},"service_code":["81"],"billing_class":"professional","payments":[{"allowed_amount":7.68,"billing_code_modifier":[""],"providers":[{"billed_charge":90.75,"npi":[1194769497,1265998439]}]}]},{"tin":{"type":"ein","value":"751093698"},"service_code":["81"],"billing_class":"professional","payments":[{"allowed_amount":7.68,"billing_code_modifier":[""],"providers":[{"billed_charge":36.75,"npi":[1962481820,1982833117]}]}]},{"tin":{"type":"ein","value":"810576059"},"service_code":["81"],"billing_class":"professional","payments":[{"allowed_amount":7.68,"billing_code_modifier":[""],"providers":[{"billed_charge":56.16,"npi":[1013475029,1073732426,1134182330,1134658420,1134691512,1235186800,1285418392,1285607648,1316478332,1477136349,1609880707,1629767355,1679912877,1700820198,1710923438,1841202868,1891388278]}]}]},{"tin":{"type":"ein","value":"133757370"},"service_code":["81"],"billing_class":"professional","payments":[{"allowed_amount":7.68,"billing_code_modifier":[""],"providers":[{"billed_charge":102.90,"npi":[1295726032,1578080784]}]}]},{"tin":{"type":"ein","value":"201236503"},"service_code":["81"],"billing_class":"professional","payments":[{"allowed_amount":7.68,"billing_code_modifier":[""],"providers":[{"billed_charge":53.56,"npi":[1225110497,1629219118]}]}]},{"tin":{"type":"ein","value":"382084239"},"service_code":["81"],"billing_class":"professional","payments":[{"allowed_amount":7.68,"billing_code_modifier":[""],"providers":[{"billed_charge":169.43,"npi":[1124085972,1407431174,1447250170,1497926430,1689383671,1932166386]}]}]},{"tin":{"type":"ein","value":"471359076"},"service_code":["81"],"billing_class":"professional","payments":[{"allowed_amount":7.68,"billing_code_modifier":[""],"providers":[{"billed_charge":40.17,"npi":[1114540010,1134538713]}]}]}]},{"name":"ONCOLOGY COLORECTAL SCREENING QUAN 10 DNA MARKRS","billing_code_type":"CPT","billing_code_type_version":"2020","billing_code":"81528","description":"ONCOLOGY COLORECTAL SCREENING QUAN 10 DNA MARKRS","allowed_amounts":[{"tin":{"type":"ein","value":"463095174"},"service_code":["81"],"billing_class":"professional","payments":[{"allowed_amount":173.02,"billing_code_modifier":[""],"providers":[{"billed_charge":681.00,"npi":[1003013236,1033497318,1134116106,1235140286,1255542361,1295910073,1366716029,1538768866,1629407069,1740701887,1851392575,1972684546]}]}]}]},{"name":"PSYCHIATRIC\/PSYCHOLOGICAL TRT: INTENSIVE OUT SERV","billing_code_type":"RC","billing_code_type_version":"UB04","billing_code":"0906","description":"PSYCHIATRIC\/PSYCHOLOGICAL TRT: INTENSIVE OUT SERV","allowed_amounts":[{"tin":{"type":"ein","value":"582059038"},"service_code":["22"],"billing_class":"institutional","payments":[{"allowed_amount":202.35,"billing_code_modifier":[""],"providers":[{"billed_charge":1900.00,"npi":[1326364233,1811433386]}]}]},{"tin":{"type":"ein","value":"582059038"},"service_code":["22"],"billing_class":"institutional","payments":[{"allowed_amount":408.50,"billing_code_modifier":[""],"providers":[{"billed_charge":1900.00,"npi":[1326364233,1811433386]}]}]}]},{"name":"THERAPEUTIC PX 1\/> AREAS EACH 15 MIN EXERCISES","billing_code_type":"CPT","billing_code_type_version":"2020","billing_code":"97110","description":"THERAPEUTIC PX 1\/> AREAS EACH 15 MIN EXERCISES","allowed_amounts":[{"tin":{"type":"ein","value":"884416011"},"service_code":["11"],"billing_class":"professional","payments":[{"allowed_amount":35.05,"billing_code_modifier":[""],"providers":[{"billed_charge":150.00,"npi":[1285321109,1285805556]}]}]}]}]}
