{"reporting_entity_name": "IEC Group_DBA AmeriBen",
	"reporting_entity_type": "Third Party Administrator",
	"plan_name": "THE MORNING STAR INSTITUTE",
	"plan_id_type": "ein",
	"plan_id": "510350573",
	"plan_market_type": "group",
	"last_updated_on": "2023-10-01","Version": "1.0.0","out_of_network":[{"name":"PHARMACY","billing_code_type":"RC","billing_code_type_version":"UB04","billing_code":"0250","description":"PHARMACY","allowed_amounts":[{"tin":{"type":"ein","value":"952977916"},"service_code":["65"],"billing_class":"institutional","payments":[{"allowed_amount":0.19,"billing_code_modifier":[""],"providers":[{"billed_charge":2.60,"npi":[1134193006,1467496505]}]}]},{"tin":{"type":"ein","value":"952977916"},"service_code":["65"],"billing_class":"institutional","payments":[{"allowed_amount":0.20,"billing_code_modifier":[""],"providers":[{"billed_charge":2.60,"npi":[1134193006,1467496505]}]}]}]},{"name":"THER PX 1\/> AREAS EACH 15 MIN NEUROMUSC REEDUCA","billing_code_type":"CPT","billing_code_type_version":"2020","billing_code":"97112","description":"THER PX 1\/> AREAS EACH 15 MIN NEUROMUSC REEDUCA","allowed_amounts":[{"tin":{"type":"ein","value":"450946475"},"service_code":["11"],"billing_class":"professional","payments":[{"allowed_amount":230.00,"billing_code_modifier":[""],"providers":[{"billed_charge":230.00,"npi":[1154613495,1366119117]}]}]}]}]}
