{"reporting_entity_name": "IEC Group_DBA AmeriBen",
	"reporting_entity_type": "Third Party Administrator",
	"plan_name": "TUBA CITY REGIONAL HEALTH CARE",
	"plan_id_type": "ein",
	"plan_id": "043651340",
	"plan_market_type": "group",
	"last_updated_on": "2023-01-03","Version": "1.0.0","out_of_network":[{"name":"CAPD OPD\/HOME: CAPD COMP OR OTHER RATE","billing_code_type":"RC","billing_code_type_version":"UB04","billing_code":"0841","description":"CAPD OPD\/HOME: CAPD COMP OR OTHER RATE","allowed_amounts":[{"tin":{"type":"ein","value":"853247972"},"service_code":["65"],"billing_class":"institutional","payments":[{"allowed_amount":276.44,"billing_code_modifier":[""],"providers":[{"billed_charge":1566.00,"npi":[1326145392,1710587571]}]}]}]},{"name":"CCPD OPD\/HOME: CCPD COMP OR OTHER RATE","billing_code_type":"RC","billing_code_type_version":"UB04","billing_code":"0851","description":"CCPD OPD\/HOME: CCPD COMP OR OTHER RATE","allowed_amounts":[{"tin":{"type":"ein","value":"853247972"},"service_code":["65"],"billing_class":"institutional","payments":[{"allowed_amount":297.60,"billing_code_modifier":[""],"providers":[{"billed_charge":1566.00,"npi":[1326145392,1710587571]}]}]}]},{"name":"EMERGENCY DEPARTMENT VISIT HIGH\/URGENT SEVERITY","billing_code_type":"CPT","billing_code_type_version":"2020","billing_code":"99284","description":"EMERGENCY DEPARTMENT VISIT HIGH\/URGENT SEVERITY","allowed_amounts":[{"tin":{"type":"ein","value":"043651340"},"service_code":["23"],"billing_class":"professional","payments":[{"allowed_amount":154.01,"billing_code_modifier":[""],"providers":[{"billed_charge":230.00,"npi":[1154717072,1548294424,1669905600]}]}]}]},{"name":"PSYCHIATRIC\/PSYCHOLOGICAL SVCS: PARTIAL HOSP - INT","billing_code_type":"RC","billing_code_type_version":"UB04","billing_code":"0913","description":"PSYCHIATRIC\/PSYCHOLOGICAL SVCS: PARTIAL HOSP - INT","allowed_amounts":[{"tin":{"type":"ein","value":"464900162"},"service_code":["99"],"billing_class":"institutional","payments":[{"allowed_amount":1030.56,"billing_code_modifier":[""],"providers":[{"billed_charge":1600.00,"npi":[1003998659,1144590902,1811301542]}]}]}]},{"name":"RESIDENTIAL TREATMENT-CHEMICAL DEPENDENCY","billing_code_type":"RC","billing_code_type_version":"UB04","billing_code":"1002","description":"RESIDENTIAL TREATMENT-CHEMICAL DEPENDENCY","allowed_amounts":[{"tin":{"type":"ein","value":"263538695"},"service_code":["21"],"billing_class":"institutional","payments":[{"allowed_amount":1600.00,"billing_code_modifier":[""],"providers":[{"billed_charge":2000.00,"npi":[1487996955,1598087702]}]}]}]}]}
