{"reporting_entity_name": "IEC Group_DBA AmeriBen",
	"reporting_entity_type": "Third Party Administrator",
	"plan_name": "CONCORD HOSPITAL",
	"plan_id_type": "ein",
	"plan_id": "222594672",
	"plan_market_type": "group",
	"last_updated_on": "2024-12-01","Version": "1.0.0","out_of_network":[{"name":"HOME HEALTH AIDE OR CERTIFIE","billing_code_type":"HCPCS","billing_code_type_version":"HCPCS LEVEL II 2021","billing_code":"S9122","description":"HOME HEALTH AIDE OR CERTIFIE","allowed_amounts":[{"tin":{"type":"ein","value":"043256116"},"service_code":["12"],"billing_class":"professional","payments":[{"allowed_amount":795.84,"billing_code_modifier":[""],"providers":[{"billed_charge":1326.40,"npi":[1790913028,1972640407]}]}]}]},{"name":"RESIDENTIAL TREATMENT-CHEMICAL DEPENDENCY","billing_code_type":"RC","billing_code_type_version":"UB04","billing_code":"1002","description":"RESIDENTIAL TREATMENT-CHEMICAL DEPENDENCY","allowed_amounts":[{"tin":{"type":"ein","value":"852831387"},"service_code":["21"],"billing_class":"institutional","payments":[{"allowed_amount":2438.10,"billing_code_modifier":[""],"providers":[{"billed_charge":3870.00,"npi":[1164408498,1568031615]}]}]}]}]}
