{"reporting_entity_name": "IEC Group_DBA AmeriBen",
	"reporting_entity_type": "Third Party Administrator",
	"plan_name": "COAST ALUMINUM, INC.",
	"plan_id_type": "ein",
	"plan_id": "943146270",
	"plan_market_type": "group",
	"last_updated_on": "2025-03-01","Version": "1.0.0","out_of_network":[{"name":"HEMO OPD\/HOME: HEMODIALYSIS COMP OR OTHER RATE","billing_code_type":"RC","billing_code_type_version":"UB04","billing_code":"0821","description":"HEMO OPD\/HOME: HEMODIALYSIS COMP OR OTHER RATE","allowed_amounts":[{"tin":{"type":"ein","value":"330488354"},"service_code":["65"],"billing_class":"institutional","payments":[{"allowed_amount":403.82,"billing_code_modifier":[""],"providers":[{"billed_charge":800.00,"npi":[1477645786,1841201738]}]}]},{"tin":{"type":"ein","value":"330488354"},"service_code":["65"],"billing_class":"institutional","payments":[{"allowed_amount":461.85,"billing_code_modifier":[""],"providers":[{"billed_charge":800.00,"npi":[1477645786,1841201738]}]}]},{"tin":{"type":"ein","value":"330488354"},"service_code":["65"],"billing_class":"institutional","payments":[{"allowed_amount":496.91,"billing_code_modifier":[""],"providers":[{"billed_charge":800.00,"npi":[1477645786,1841201738]}]}]}]},{"name":"SBSQ HOSPITAL IP\/OBS CARE HIGH MDM 50 MINUTES","billing_code_type":"CPT","billing_code_type_version":"2020","billing_code":"99233","description":"SBSQ HOSPITAL IP\/OBS CARE HIGH MDM 50 MINUTES","allowed_amounts":[{"tin":{"type":"ein","value":"454575968"},"service_code":["21"],"billing_class":"professional","payments":[{"allowed_amount":103.56,"billing_code_modifier":[""],"providers":[{"billed_charge":550.00,"npi":[1154766921,1578989703,1750306189]}]}]}]},{"name":"SBSQ HOSPITAL IP\/OBS CARE MOD MDM 35 MINUTES","billing_code_type":"CPT","billing_code_type_version":"2020","billing_code":"99232","description":"SBSQ HOSPITAL IP\/OBS CARE MOD MDM 35 MINUTES","allowed_amounts":[{"tin":{"type":"ein","value":"454575968"},"service_code":["21"],"billing_class":"professional","payments":[{"allowed_amount":72.13,"billing_code_modifier":[""],"providers":[{"billed_charge":375.00,"npi":[1154766921,1578989703,1750306189]}]}]}]}]}
