{"reporting_entity_name": "IEC Group_DBA AmeriBen",
	"reporting_entity_type": "Third Party Administrator",
	"plan_name": "CITY OF SIERRA VISTA",
	"plan_id_type": "ein",
	"plan_id": "866005496",
	"plan_market_type": "group",
	"last_updated_on": "2025-09-01","Version": "1.0.0","out_of_network":[{"name":"APPL MODALITY 1\/> AREAS ELEC STIMJ UNATTENDED","billing_code_type":"CPT","billing_code_type_version":"2020","billing_code":"97014","description":"APPL MODALITY 1\/> AREAS ELEC STIMJ UNATTENDED","allowed_amounts":[{"tin":{"type":"ein","value":"163988733"},"service_code":["11"],"billing_class":"professional","payments":[{"allowed_amount":29.60,"billing_code_modifier":[""],"providers":[{"billed_charge":37.00,"npi":[1396037065,1417198227,1710928130]}]}]},{"tin":{"type":"ein","value":"263988733"},"service_code":["11"],"billing_class":"professional","payments":[{"allowed_amount":29.60,"billing_code_modifier":[""],"providers":[{"billed_charge":37.00,"npi":[1366909608,1396037065,1396937595,1417198227,1619918836,1710928130]}]}]}]},{"name":"APPLICATION MODALITY 1\/> AREAS HOT\/COLD PACKS","billing_code_type":"CPT","billing_code_type_version":"2020","billing_code":"97010","description":"APPLICATION MODALITY 1\/> AREAS HOT\/COLD PACKS","allowed_amounts":[{"tin":{"type":"ein","value":"163988733"},"service_code":["11"],"billing_class":"professional","payments":[{"allowed_amount":0.00,"billing_code_modifier":[""],"providers":[{"billed_charge":16.00,"npi":[1396037065,1417198227,1710928130]}]}]},{"tin":{"type":"ein","value":"263988733"},"service_code":["11"],"billing_class":"professional","payments":[{"allowed_amount":0.00,"billing_code_modifier":[""],"providers":[{"billed_charge":16.00,"npi":[1366909608,1396037065,1396937595,1417198227,1619918836,1710928130]}]}]}]},{"name":"ASSAY OF FERRITIN","billing_code_type":"CPT","billing_code_type_version":"2020","billing_code":"82728","description":"ASSAY OF FERRITIN","allowed_amounts":[{"tin":{"type":"ein","value":"840611484"},"service_code":["81"],"billing_class":"professional","payments":[{"allowed_amount":28.11,"billing_code_modifier":[""],"providers":[{"billed_charge":54.04,"npi":[1740262880,1851973192]},{"billed_charge":82.87,"npi":[1316399397,1457760340,1710659230,1740262880]},{"billed_charge":89.25,"npi":[1184060832,1710659230,1740262880,1790057123]},{"billed_charge":89.43,"npi":[1457760340,1740262880]},{"billed_charge":91.08,"npi":[1194161505,1740262880]}]},{"allowed_amount":28.11,"billing_code_modifier":[""],"providers":[{"billed_charge":54.04,"npi":[1740262880,1851973192]},{"billed_charge":82.87,"npi":[1316399397,1457760340,1710659230,1740262880]},{"billed_charge":89.25,"npi":[1184060832,1710659230,1740262880,1790057123]},{"billed_charge":89.43,"npi":[1457760340,1740262880]},{"billed_charge":91.08,"npi":[1194161505,1740262880]}]},{"allowed_amount":28.11,"billing_code_modifier":[""],"providers":[{"billed_charge":54.04,"npi":[1740262880,1851973192]},{"billed_charge":82.87,"npi":[1316399397,1457760340,1710659230,1740262880]},{"billed_charge":89.25,"npi":[1184060832,1710659230,1740262880,1790057123]},{"billed_charge":89.43,"npi":[1457760340,1740262880]},{"billed_charge":91.08,"npi":[1194161505,1740262880]}]},{"allowed_amount":28.11,"billing_code_modifier":[""],"providers":[{"billed_charge":54.04,"npi":[1740262880,1851973192]},{"billed_charge":82.87,"npi":[1316399397,1457760340,1710659230,1740262880]},{"billed_charge":89.25,"npi":[1184060832,1710659230,1740262880,1790057123]},{"billed_charge":89.43,"npi":[1457760340,1740262880]},{"billed_charge":91.08,"npi":[1194161505,1740262880]}]},{"allowed_amount":28.11,"billing_code_modifier":[""],"providers":[{"billed_charge":54.04,"npi":[1740262880,1851973192]},{"billed_charge":82.87,"npi":[1316399397,1457760340,1710659230,1740262880]},{"billed_charge":89.25,"npi":[1184060832,1710659230,1740262880,1790057123]},{"billed_charge":89.43,"npi":[1457760340,1740262880]},{"billed_charge":91.08,"npi":[1194161505,1740262880]}]}]},{"tin":{"type":"ein","value":"840611484"},"service_code":["81"],"billing_class":"professional","payments":[{"allowed_amount":28.11,"billing_code_modifier":[""],"providers":[{"billed_charge":54.04,"npi":[1740262880,1851973192]},{"billed_charge":82.87,"npi":[1316399397,1457760340,1710659230,1740262880]},{"billed_charge":89.25,"npi":[1184060832,1710659230,1740262880,1790057123]},{"billed_charge":89.43,"npi":[1457760340,1740262880]},{"billed_charge":91.08,"npi":[1194161505,1740262880]}]},{"allowed_amount":28.11,"billing_code_modifier":[""],"providers":[{"billed_charge":54.04,"npi":[1740262880,1851973192]},{"billed_charge":82.87,"npi":[1316399397,1457760340,1710659230,1740262880]},{"billed_charge":89.25,"npi":[1184060832,1710659230,1740262880,1790057123]},{"billed_charge":89.43,"npi":[1457760340,1740262880]},{"billed_charge":91.08,"npi":[1194161505,1740262880]}]},{"allowed_amount":28.11,"billing_code_modifier":[""],"providers":[{"billed_charge":54.04,"npi":[1740262880,1851973192]},{"billed_charge":82.87,"npi":[1316399397,1457760340,1710659230,1740262880]},{"billed_charge":89.25,"npi":[1184060832,1710659230,1740262880,1790057123]},{"billed_charge":89.43,"npi":[1457760340,1740262880]},{"billed_charge":91.08,"npi":[1194161505,1740262880]}]},{"allowed_amount":28.11,"billing_code_modifier":[""],"providers":[{"billed_charge":54.04,"npi":[1740262880,1851973192]},{"billed_charge":82.87,"npi":[1316399397,1457760340,1710659230,1740262880]},{"billed_charge":89.25,"npi":[1184060832,1710659230,1740262880,1790057123]},{"billed_charge":89.43,"npi":[1457760340,1740262880]},{"billed_charge":91.08,"npi":[1194161505,1740262880]}]},{"allowed_amount":28.11,"billing_code_modifier":[""],"providers":[{"billed_charge":54.04,"npi":[1740262880,1851973192]},{"billed_charge":82.87,"npi":[1316399397,1457760340,1710659230,1740262880]},{"billed_charge":89.25,"npi":[1184060832,1710659230,1740262880,1790057123]},{"billed_charge":89.43,"npi":[1457760340,1740262880]},{"billed_charge":91.08,"npi":[1194161505,1740262880]}]}]},{"tin":{"type":"ein","value":"840611484"},"service_code":["81"],"billing_class":"professional","payments":[{"allowed_amount":28.11,"billing_code_modifier":[""],"providers":[{"billed_charge":54.04,"npi":[1740262880,1851973192]},{"billed_charge":82.87,"npi":[1316399397,1457760340,1710659230,1740262880]},{"billed_charge":89.25,"npi":[1184060832,1710659230,1740262880,1790057123]},{"billed_charge":89.43,"npi":[1457760340,1740262880]},{"billed_charge":91.08,"npi":[1194161505,1740262880]}]},{"allowed_amount":28.11,"billing_code_modifier":[""],"providers":[{"billed_charge":54.04,"npi":[1740262880,1851973192]},{"billed_charge":82.87,"npi":[1316399397,1457760340,1710659230,1740262880]},{"billed_charge":89.25,"npi":[1184060832,1710659230,1740262880,1790057123]},{"billed_charge":89.43,"npi":[1457760340,1740262880]},{"billed_charge":91.08,"npi":[1194161505,1740262880]}]},{"allowed_amount":28.11,"billing_code_modifier":[""],"providers":[{"billed_charge":54.04,"npi":[1740262880,1851973192]},{"billed_charge":82.87,"npi":[1316399397,1457760340,1710659230,1740262880]},{"billed_charge":89.25,"npi":[1184060832,1710659230,1740262880,1790057123]},{"billed_charge":89.43,"npi":[1457760340,1740262880]},{"billed_charge":91.08,"npi":[1194161505,1740262880]}]},{"allowed_amount":28.11,"billing_code_modifier":[""],"providers":[{"billed_charge":54.04,"npi":[1740262880,1851973192]},{"billed_charge":82.87,"npi":[1316399397,1457760340,1710659230,1740262880]},{"billed_charge":89.25,"npi":[1184060832,1710659230,1740262880,1790057123]},{"billed_charge":89.43,"npi":[1457760340,1740262880]},{"billed_charge":91.08,"npi":[1194161505,1740262880]}]},{"allowed_amount":28.11,"billing_code_modifier":[""],"providers":[{"billed_charge":54.04,"npi":[1740262880,1851973192]},{"billed_charge":82.87,"npi":[1316399397,1457760340,1710659230,1740262880]},{"billed_charge":89.25,"npi":[1184060832,1710659230,1740262880,1790057123]},{"billed_charge":89.43,"npi":[1457760340,1740262880]},{"billed_charge":91.08,"npi":[1194161505,1740262880]}]}]},{"tin":{"type":"ein","value":"840611484"},"service_code":["81"],"billing_class":"professional","payments":[{"allowed_amount":28.11,"billing_code_modifier":[""],"providers":[{"billed_charge":54.04,"npi":[1740262880,1851973192]},{"billed_charge":82.87,"npi":[1316399397,1457760340,1710659230,1740262880]},{"billed_charge":89.25,"npi":[1184060832,1710659230,1740262880,1790057123]},{"billed_charge":89.43,"npi":[1457760340,1740262880]},{"billed_charge":91.08,"npi":[1194161505,1740262880]}]},{"allowed_amount":28.11,"billing_code_modifier":[""],"providers":[{"billed_charge":54.04,"npi":[1740262880,1851973192]},{"billed_charge":82.87,"npi":[1316399397,1457760340,1710659230,1740262880]},{"billed_charge":89.25,"npi":[1184060832,1710659230,1740262880,1790057123]},{"billed_charge":89.43,"npi":[1457760340,1740262880]},{"billed_charge":91.08,"npi":[1194161505,1740262880]}]},{"allowed_amount":28.11,"billing_code_modifier":[""],"providers":[{"billed_charge":54.04,"npi":[1740262880,1851973192]},{"billed_charge":82.87,"npi":[1316399397,1457760340,1710659230,1740262880]},{"billed_charge":89.25,"npi":[1184060832,1710659230,1740262880,1790057123]},{"billed_charge":89.43,"npi":[1457760340,1740262880]},{"billed_charge":91.08,"npi":[1194161505,1740262880]}]},{"allowed_amount":28.11,"billing_code_modifier":[""],"providers":[{"billed_charge":54.04,"npi":[1740262880,1851973192]},{"billed_charge":82.87,"npi":[1316399397,1457760340,1710659230,1740262880]},{"billed_charge":89.25,"npi":[1184060832,1710659230,1740262880,1790057123]},{"billed_charge":89.43,"npi":[1457760340,1740262880]},{"billed_charge":91.08,"npi":[1194161505,1740262880]}]},{"allowed_amount":28.11,"billing_code_modifier":[""],"providers":[{"billed_charge":54.04,"npi":[1740262880,1851973192]},{"billed_charge":82.87,"npi":[1316399397,1457760340,1710659230,1740262880]},{"billed_charge":89.25,"npi":[1184060832,1710659230,1740262880,1790057123]},{"billed_charge":89.43,"npi":[1457760340,1740262880]},{"billed_charge":91.08,"npi":[1194161505,1740262880]}]}]},{"tin":{"type":"ein","value":"840611484"},"service_code":["81"],"billing_class":"professional","payments":[{"allowed_amount":28.11,"billing_code_modifier":[""],"providers":[{"billed_charge":54.04,"npi":[1740262880,1851973192]},{"billed_charge":82.87,"npi":[1316399397,1457760340,1710659230,1740262880]},{"billed_charge":89.25,"npi":[1184060832,1710659230,1740262880,1790057123]},{"billed_charge":89.43,"npi":[1457760340,1740262880]},{"billed_charge":91.08,"npi":[1194161505,1740262880]}]},{"allowed_amount":28.11,"billing_code_modifier":[""],"providers":[{"billed_charge":54.04,"npi":[1740262880,1851973192]},{"billed_charge":82.87,"npi":[1316399397,1457760340,1710659230,1740262880]},{"billed_charge":89.25,"npi":[1184060832,1710659230,1740262880,1790057123]},{"billed_charge":89.43,"npi":[1457760340,1740262880]},{"billed_charge":91.08,"npi":[1194161505,1740262880]}]},{"allowed_amount":28.11,"billing_code_modifier":[""],"providers":[{"billed_charge":54.04,"npi":[1740262880,1851973192]},{"billed_charge":82.87,"npi":[1316399397,1457760340,1710659230,1740262880]},{"billed_charge":89.25,"npi":[1184060832,1710659230,1740262880,1790057123]},{"billed_charge":89.43,"npi":[1457760340,1740262880]},{"billed_charge":91.08,"npi":[1194161505,1740262880]}]},{"allowed_amount":28.11,"billing_code_modifier":[""],"providers":[{"billed_charge":54.04,"npi":[1740262880,1851973192]},{"billed_charge":82.87,"npi":[1316399397,1457760340,1710659230,1740262880]},{"billed_charge":89.25,"npi":[1184060832,1710659230,1740262880,1790057123]},{"billed_charge":89.43,"npi":[1457760340,1740262880]},{"billed_charge":91.08,"npi":[1194161505,1740262880]}]},{"allowed_amount":28.11,"billing_code_modifier":[""],"providers":[{"billed_charge":54.04,"npi":[1740262880,1851973192]},{"billed_charge":82.87,"npi":[1316399397,1457760340,1710659230,1740262880]},{"billed_charge":89.25,"npi":[1184060832,1710659230,1740262880,1790057123]},{"billed_charge":89.43,"npi":[1457760340,1740262880]},{"billed_charge":91.08,"npi":[1194161505,1740262880]}]}]}]},{"name":"ASSAY OF IRON","billing_code_type":"CPT","billing_code_type_version":"2020","billing_code":"83540","description":"ASSAY OF IRON","allowed_amounts":[{"tin":{"type":"ein","value":"840611484"},"service_code":["81"],"billing_class":"professional","payments":[{"allowed_amount":13.37,"billing_code_modifier":[""],"providers":[{"billed_charge":36.61,"npi":[1073231742,1184060832,1710659230,1740262880,1790057123,1851973192]},{"billed_charge":38.44,"npi":[1194161505,1740262880]},{"billed_charge":39.32,"npi":[1316399397,1457760340,1710659230,1740262880]},{"billed_charge":45.92,"npi":[1457760340,1740262880]}]},{"allowed_amount":13.37,"billing_code_modifier":[""],"providers":[{"billed_charge":36.61,"npi":[1073231742,1184060832,1710659230,1740262880,1790057123,1851973192]},{"billed_charge":38.44,"npi":[1194161505,1740262880]},{"billed_charge":39.32,"npi":[1316399397,1457760340,1710659230,1740262880]},{"billed_charge":45.92,"npi":[1457760340,1740262880]}]},{"allowed_amount":13.37,"billing_code_modifier":[""],"providers":[{"billed_charge":36.61,"npi":[1073231742,1184060832,1710659230,1740262880,1790057123,1851973192]},{"billed_charge":38.44,"npi":[1194161505,1740262880]},{"billed_charge":39.32,"npi":[1316399397,1457760340,1710659230,1740262880]},{"billed_charge":45.92,"npi":[1457760340,1740262880]}]},{"allowed_amount":13.37,"billing_code_modifier":[""],"providers":[{"billed_charge":36.61,"npi":[1073231742,1184060832,1710659230,1740262880,1790057123,1851973192]},{"billed_charge":38.44,"npi":[1194161505,1740262880]},{"billed_charge":39.32,"npi":[1316399397,1457760340,1710659230,1740262880]},{"billed_charge":45.92,"npi":[1457760340,1740262880]}]}]},{"tin":{"type":"ein","value":"840611484"},"service_code":["81"],"billing_class":"professional","payments":[{"allowed_amount":13.37,"billing_code_modifier":[""],"providers":[{"billed_charge":36.61,"npi":[1073231742,1184060832,1710659230,1740262880,1790057123,1851973192]},{"billed_charge":38.44,"npi":[1194161505,1740262880]},{"billed_charge":39.32,"npi":[1316399397,1457760340,1710659230,1740262880]},{"billed_charge":45.92,"npi":[1457760340,1740262880]}]},{"allowed_amount":13.37,"billing_code_modifier":[""],"providers":[{"billed_charge":36.61,"npi":[1073231742,1184060832,1710659230,1740262880,1790057123,1851973192]},{"billed_charge":38.44,"npi":[1194161505,1740262880]},{"billed_charge":39.32,"npi":[1316399397,1457760340,1710659230,1740262880]},{"billed_charge":45.92,"npi":[1457760340,1740262880]}]},{"allowed_amount":13.37,"billing_code_modifier":[""],"providers":[{"billed_charge":36.61,"npi":[1073231742,1184060832,1710659230,1740262880,1790057123,1851973192]},{"billed_charge":38.44,"npi":[1194161505,1740262880]},{"billed_charge":39.32,"npi":[1316399397,1457760340,1710659230,1740262880]},{"billed_charge":45.92,"npi":[1457760340,1740262880]}]},{"allowed_amount":13.37,"billing_code_modifier":[""],"providers":[{"billed_charge":36.61,"npi":[1073231742,1184060832,1710659230,1740262880,1790057123,1851973192]},{"billed_charge":38.44,"npi":[1194161505,1740262880]},{"billed_charge":39.32,"npi":[1316399397,1457760340,1710659230,1740262880]},{"billed_charge":45.92,"npi":[1457760340,1740262880]}]}]},{"tin":{"type":"ein","value":"840611484"},"service_code":["81"],"billing_class":"professional","payments":[{"allowed_amount":13.37,"billing_code_modifier":[""],"providers":[{"billed_charge":36.61,"npi":[1073231742,1184060832,1710659230,1740262880,1790057123,1851973192]},{"billed_charge":38.44,"npi":[1194161505,1740262880]},{"billed_charge":39.32,"npi":[1316399397,1457760340,1710659230,1740262880]},{"billed_charge":45.92,"npi":[1457760340,1740262880]}]},{"allowed_amount":13.37,"billing_code_modifier":[""],"providers":[{"billed_charge":36.61,"npi":[1073231742,1184060832,1710659230,1740262880,1790057123,1851973192]},{"billed_charge":38.44,"npi":[1194161505,1740262880]},{"billed_charge":39.32,"npi":[1316399397,1457760340,1710659230,1740262880]},{"billed_charge":45.92,"npi":[1457760340,1740262880]}]},{"allowed_amount":13.37,"billing_code_modifier":[""],"providers":[{"billed_charge":36.61,"npi":[1073231742,1184060832,1710659230,1740262880,1790057123,1851973192]},{"billed_charge":38.44,"npi":[1194161505,1740262880]},{"billed_charge":39.32,"npi":[1316399397,1457760340,1710659230,1740262880]},{"billed_charge":45.92,"npi":[1457760340,1740262880]}]},{"allowed_amount":13.37,"billing_code_modifier":[""],"providers":[{"billed_charge":36.61,"npi":[1073231742,1184060832,1710659230,1740262880,1790057123,1851973192]},{"billed_charge":38.44,"npi":[1194161505,1740262880]},{"billed_charge":39.32,"npi":[1316399397,1457760340,1710659230,1740262880]},{"billed_charge":45.92,"npi":[1457760340,1740262880]}]}]},{"tin":{"type":"ein","value":"840611484"},"service_code":["81"],"billing_class":"professional","payments":[{"allowed_amount":13.37,"billing_code_modifier":[""],"providers":[{"billed_charge":36.61,"npi":[1073231742,1184060832,1710659230,1740262880,1790057123,1851973192]},{"billed_charge":38.44,"npi":[1194161505,1740262880]},{"billed_charge":39.32,"npi":[1316399397,1457760340,1710659230,1740262880]},{"billed_charge":45.92,"npi":[1457760340,1740262880]}]},{"allowed_amount":13.37,"billing_code_modifier":[""],"providers":[{"billed_charge":36.61,"npi":[1073231742,1184060832,1710659230,1740262880,1790057123,1851973192]},{"billed_charge":38.44,"npi":[1194161505,1740262880]},{"billed_charge":39.32,"npi":[1316399397,1457760340,1710659230,1740262880]},{"billed_charge":45.92,"npi":[1457760340,1740262880]}]},{"allowed_amount":13.37,"billing_code_modifier":[""],"providers":[{"billed_charge":36.61,"npi":[1073231742,1184060832,1710659230,1740262880,1790057123,1851973192]},{"billed_charge":38.44,"npi":[1194161505,1740262880]},{"billed_charge":39.32,"npi":[1316399397,1457760340,1710659230,1740262880]},{"billed_charge":45.92,"npi":[1457760340,1740262880]}]},{"allowed_amount":13.37,"billing_code_modifier":[""],"providers":[{"billed_charge":36.61,"npi":[1073231742,1184060832,1710659230,1740262880,1790057123,1851973192]},{"billed_charge":38.44,"npi":[1194161505,1740262880]},{"billed_charge":39.32,"npi":[1316399397,1457760340,1710659230,1740262880]},{"billed_charge":45.92,"npi":[1457760340,1740262880]}]}]}]},{"name":"COLLECTION VENOUS BLOOD VENIPUNCTURE","billing_code_type":"CPT","billing_code_type_version":"2020","billing_code":"36415","description":"COLLECTION VENOUS BLOOD VENIPUNCTURE","allowed_amounts":[{"tin":{"type":"ein","value":"840611484"},"service_code":["81"],"billing_class":"professional","payments":[{"allowed_amount":3.30,"billing_code_modifier":[""],"providers":[{"billed_charge":10.00,"npi":[1235119421,1316101918,1740262880]},{"billed_charge":26.25,"npi":[1073580924,1104809854,1144338039,1184060832,1215241518,1235103508,1295240885,1295453165,1316399397,1427837343,1457760340,1467485169,1619256807,1669124814,1710659230,1740262880,1740274190,1790057123,1851973192,1962021378]},{"billed_charge":28.16,"npi":[1194161505,1740262880]}]},{"allowed_amount":3.30,"billing_code_modifier":[""],"providers":[{"billed_charge":10.00,"npi":[1235119421,1316101918,1740262880]},{"billed_charge":26.25,"npi":[1073580924,1104809854,1144338039,1184060832,1215241518,1235103508,1295240885,1295453165,1316399397,1427837343,1457760340,1467485169,1619256807,1669124814,1710659230,1740262880,1740274190,1790057123,1851973192,1962021378]},{"billed_charge":28.16,"npi":[1194161505,1740262880]}]},{"allowed_amount":3.30,"billing_code_modifier":[""],"providers":[{"billed_charge":10.00,"npi":[1235119421,1316101918,1740262880]},{"billed_charge":26.25,"npi":[1073580924,1104809854,1144338039,1184060832,1215241518,1235103508,1295240885,1295453165,1316399397,1427837343,1457760340,1467485169,1619256807,1669124814,1710659230,1740262880,1740274190,1790057123,1851973192,1962021378]},{"billed_charge":28.16,"npi":[1194161505,1740262880]}]}]},{"tin":{"type":"ein","value":"840611484"},"service_code":["81"],"billing_class":"professional","payments":[{"allowed_amount":3.30,"billing_code_modifier":[""],"providers":[{"billed_charge":10.00,"npi":[1235119421,1316101918,1740262880]},{"billed_charge":26.25,"npi":[1073580924,1104809854,1144338039,1184060832,1215241518,1235103508,1295240885,1295453165,1316399397,1427837343,1457760340,1467485169,1619256807,1669124814,1710659230,1740262880,1740274190,1790057123,1851973192,1962021378]},{"billed_charge":28.16,"npi":[1194161505,1740262880]}]},{"allowed_amount":3.30,"billing_code_modifier":[""],"providers":[{"billed_charge":10.00,"npi":[1235119421,1316101918,1740262880]},{"billed_charge":26.25,"npi":[1073580924,1104809854,1144338039,1184060832,1215241518,1235103508,1295240885,1295453165,1316399397,1427837343,1457760340,1467485169,1619256807,1669124814,1710659230,1740262880,1740274190,1790057123,1851973192,1962021378]},{"billed_charge":28.16,"npi":[1194161505,1740262880]}]},{"allowed_amount":3.30,"billing_code_modifier":[""],"providers":[{"billed_charge":10.00,"npi":[1235119421,1316101918,1740262880]},{"billed_charge":26.25,"npi":[1073580924,1104809854,1144338039,1184060832,1215241518,1235103508,1295240885,1295453165,1316399397,1427837343,1457760340,1467485169,1619256807,1669124814,1710659230,1740262880,1740274190,1790057123,1851973192,1962021378]},{"billed_charge":28.16,"npi":[1194161505,1740262880]}]}]},{"tin":{"type":"ein","value":"840611484"},"service_code":["81"],"billing_class":"professional","payments":[{"allowed_amount":3.30,"billing_code_modifier":[""],"providers":[{"billed_charge":10.00,"npi":[1235119421,1316101918,1740262880]},{"billed_charge":26.25,"npi":[1073580924,1104809854,1144338039,1184060832,1215241518,1235103508,1295240885,1295453165,1316399397,1427837343,1457760340,1467485169,1619256807,1669124814,1710659230,1740262880,1740274190,1790057123,1851973192,1962021378]},{"billed_charge":28.16,"npi":[1194161505,1740262880]}]},{"allowed_amount":3.30,"billing_code_modifier":[""],"providers":[{"billed_charge":10.00,"npi":[1235119421,1316101918,1740262880]},{"billed_charge":26.25,"npi":[1073580924,1104809854,1144338039,1184060832,1215241518,1235103508,1295240885,1295453165,1316399397,1427837343,1457760340,1467485169,1619256807,1669124814,1710659230,1740262880,1740274190,1790057123,1851973192,1962021378]},{"billed_charge":28.16,"npi":[1194161505,1740262880]}]},{"allowed_amount":3.30,"billing_code_modifier":[""],"providers":[{"billed_charge":10.00,"npi":[1235119421,1316101918,1740262880]},{"billed_charge":26.25,"npi":[1073580924,1104809854,1144338039,1184060832,1215241518,1235103508,1295240885,1295453165,1316399397,1427837343,1457760340,1467485169,1619256807,1669124814,1710659230,1740262880,1740274190,1790057123,1851973192,1962021378]},{"billed_charge":28.16,"npi":[1194161505,1740262880]}]}]},{"tin":{"type":"ein","value":"860872873"},"service_code":["81"],"billing_class":"professional","payments":[{"allowed_amount":7.00,"billing_code_modifier":[""],"providers":[{"billed_charge":12.05,"npi":[1003824442,1023697828,1053147488,1083001242,1194161505,1194800607,1275762130,1316960016,1346236882,1346890068,1497755177,1538105366,1538639497,1588215743,1619256807,1619918836,1669124814,1679862999,1700363991,1972978328]}]}]}]},{"name":"COMPREHENSIVE METABOLIC PANEL","billing_code_type":"CPT","billing_code_type_version":"2020","billing_code":"80053","description":"COMPREHENSIVE METABOLIC PANEL","allowed_amounts":[{"tin":{"type":"ein","value":"840611484"},"service_code":["81"],"billing_class":"professional","payments":[{"allowed_amount":20.23,"billing_code_modifier":[""],"providers":[{"billed_charge":51.45,"npi":[1073580924,1144338039,1184060832,1215241518,1316399397,1457760340,1669124814,1710659230,1740262880]},{"billed_charge":53.55,"npi":[1104809854,1740262880]}]},{"allowed_amount":20.23,"billing_code_modifier":[""],"providers":[{"billed_charge":51.45,"npi":[1073580924,1144338039,1184060832,1215241518,1316399397,1457760340,1669124814,1710659230,1740262880]},{"billed_charge":53.55,"npi":[1104809854,1740262880]}]}]},{"tin":{"type":"ein","value":"840611484"},"service_code":["81"],"billing_class":"professional","payments":[{"allowed_amount":20.23,"billing_code_modifier":[""],"providers":[{"billed_charge":51.45,"npi":[1073580924,1144338039,1184060832,1215241518,1316399397,1457760340,1669124814,1710659230,1740262880]},{"billed_charge":53.55,"npi":[1104809854,1740262880]}]},{"allowed_amount":20.23,"billing_code_modifier":[""],"providers":[{"billed_charge":51.45,"npi":[1073580924,1144338039,1184060832,1215241518,1316399397,1457760340,1669124814,1710659230,1740262880]},{"billed_charge":53.55,"npi":[1104809854,1740262880]}]}]}]},{"name":"EMERGENCY DEPARTMENT VISIT MODERATE MDM","billing_code_type":"CPT","billing_code_type_version":"2020","billing_code":"99284","description":"EMERGENCY DEPARTMENT VISIT MODERATE MDM","allowed_amounts":[{"tin":{"type":"ein","value":"352574944"},"service_code":["23"],"billing_class":"professional","payments":[{"allowed_amount":464.32,"billing_code_modifier":[""],"providers":[{"billed_charge":464.32,"npi":[1194766543,1700328663,1922067768]},{"billed_charge":2392.00,"npi":[1194766543,1336445857,1366563249,1669733580,1700328663,1982854980]}]},{"allowed_amount":464.32,"billing_code_modifier":[""],"providers":[{"billed_charge":464.32,"npi":[1194766543,1700328663,1922067768]},{"billed_charge":2392.00,"npi":[1194766543,1336445857,1366563249,1669733580,1700328663,1982854980]}]}]},{"tin":{"type":"ein","value":"352574944"},"service_code":["23"],"billing_class":"professional","payments":[{"allowed_amount":464.32,"billing_code_modifier":[""],"providers":[{"billed_charge":464.32,"npi":[1194766543,1700328663,1922067768]},{"billed_charge":2392.00,"npi":[1194766543,1336445857,1366563249,1669733580,1700328663,1982854980]}]},{"allowed_amount":464.32,"billing_code_modifier":[""],"providers":[{"billed_charge":464.32,"npi":[1194766543,1700328663,1922067768]},{"billed_charge":2392.00,"npi":[1194766543,1336445857,1366563249,1669733580,1700328663,1982854980]}]}]}]},{"name":"GENERAL HEALTH PANEL","billing_code_type":"CPT","billing_code_type_version":"2020","billing_code":"80050","description":"GENERAL HEALTH PANEL","allowed_amounts":[{"tin":{"type":"ein","value":"840611484"},"service_code":["81"],"billing_class":"professional","payments":[{"allowed_amount":67.32,"billing_code_modifier":[""],"providers":[{"billed_charge":105.27,"npi":[1235119421,1740262880]},{"billed_charge":175.36,"npi":[1740262880,1851973192]},{"billed_charge":200.55,"npi":[1295240885,1467972133,1740262880,1962021378]},{"billed_charge":202.38,"npi":[1194161505,1740262880]},{"billed_charge":207.23,"npi":[1073231742,1740262880]},{"billed_charge":258.71,"npi":[1427837343,1740262880,1740274190]}]},{"allowed_amount":67.32,"billing_code_modifier":[""],"providers":[{"billed_charge":105.27,"npi":[1235119421,1740262880]},{"billed_charge":175.36,"npi":[1740262880,1851973192]},{"billed_charge":200.55,"npi":[1295240885,1467972133,1740262880,1962021378]},{"billed_charge":202.38,"npi":[1194161505,1740262880]},{"billed_charge":207.23,"npi":[1073231742,1740262880]},{"billed_charge":258.71,"npi":[1427837343,1740262880,1740274190]}]},{"allowed_amount":67.32,"billing_code_modifier":[""],"providers":[{"billed_charge":105.27,"npi":[1235119421,1740262880]},{"billed_charge":175.36,"npi":[1740262880,1851973192]},{"billed_charge":200.55,"npi":[1295240885,1467972133,1740262880,1962021378]},{"billed_charge":202.38,"npi":[1194161505,1740262880]},{"billed_charge":207.23,"npi":[1073231742,1740262880]},{"billed_charge":258.71,"npi":[1427837343,1740262880,1740274190]}]},{"allowed_amount":67.32,"billing_code_modifier":[""],"providers":[{"billed_charge":105.27,"npi":[1235119421,1740262880]},{"billed_charge":175.36,"npi":[1740262880,1851973192]},{"billed_charge":200.55,"npi":[1295240885,1467972133,1740262880,1962021378]},{"billed_charge":202.38,"npi":[1194161505,1740262880]},{"billed_charge":207.23,"npi":[1073231742,1740262880]},{"billed_charge":258.71,"npi":[1427837343,1740262880,1740274190]}]},{"allowed_amount":67.32,"billing_code_modifier":[""],"providers":[{"billed_charge":105.27,"npi":[1235119421,1740262880]},{"billed_charge":175.36,"npi":[1740262880,1851973192]},{"billed_charge":200.55,"npi":[1295240885,1467972133,1740262880,1962021378]},{"billed_charge":202.38,"npi":[1194161505,1740262880]},{"billed_charge":207.23,"npi":[1073231742,1740262880]},{"billed_charge":258.71,"npi":[1427837343,1740262880,1740274190]}]},{"allowed_amount":67.32,"billing_code_modifier":[""],"providers":[{"billed_charge":105.27,"npi":[1235119421,1740262880]},{"billed_charge":175.36,"npi":[1740262880,1851973192]},{"billed_charge":200.55,"npi":[1295240885,1467972133,1740262880,1962021378]},{"billed_charge":202.38,"npi":[1194161505,1740262880]},{"billed_charge":207.23,"npi":[1073231742,1740262880]},{"billed_charge":258.71,"npi":[1427837343,1740262880,1740274190]}]}]},{"tin":{"type":"ein","value":"840611484"},"service_code":["81"],"billing_class":"professional","payments":[{"allowed_amount":67.32,"billing_code_modifier":[""],"providers":[{"billed_charge":105.27,"npi":[1235119421,1740262880]},{"billed_charge":175.36,"npi":[1740262880,1851973192]},{"billed_charge":200.55,"npi":[1295240885,1467972133,1740262880,1962021378]},{"billed_charge":202.38,"npi":[1194161505,1740262880]},{"billed_charge":207.23,"npi":[1073231742,1740262880]},{"billed_charge":258.71,"npi":[1427837343,1740262880,1740274190]}]},{"allowed_amount":67.32,"billing_code_modifier":[""],"providers":[{"billed_charge":105.27,"npi":[1235119421,1740262880]},{"billed_charge":175.36,"npi":[1740262880,1851973192]},{"billed_charge":200.55,"npi":[1295240885,1467972133,1740262880,1962021378]},{"billed_charge":202.38,"npi":[1194161505,1740262880]},{"billed_charge":207.23,"npi":[1073231742,1740262880]},{"billed_charge":258.71,"npi":[1427837343,1740262880,1740274190]}]},{"allowed_amount":67.32,"billing_code_modifier":[""],"providers":[{"billed_charge":105.27,"npi":[1235119421,1740262880]},{"billed_charge":175.36,"npi":[1740262880,1851973192]},{"billed_charge":200.55,"npi":[1295240885,1467972133,1740262880,1962021378]},{"billed_charge":202.38,"npi":[1194161505,1740262880]},{"billed_charge":207.23,"npi":[1073231742,1740262880]},{"billed_charge":258.71,"npi":[1427837343,1740262880,1740274190]}]},{"allowed_amount":67.32,"billing_code_modifier":[""],"providers":[{"billed_charge":105.27,"npi":[1235119421,1740262880]},{"billed_charge":175.36,"npi":[1740262880,1851973192]},{"billed_charge":200.55,"npi":[1295240885,1467972133,1740262880,1962021378]},{"billed_charge":202.38,"npi":[1194161505,1740262880]},{"billed_charge":207.23,"npi":[1073231742,1740262880]},{"billed_charge":258.71,"npi":[1427837343,1740262880,1740274190]}]},{"allowed_amount":67.32,"billing_code_modifier":[""],"providers":[{"billed_charge":105.27,"npi":[1235119421,1740262880]},{"billed_charge":175.36,"npi":[1740262880,1851973192]},{"billed_charge":200.55,"npi":[1295240885,1467972133,1740262880,1962021378]},{"billed_charge":202.38,"npi":[1194161505,1740262880]},{"billed_charge":207.23,"npi":[1073231742,1740262880]},{"billed_charge":258.71,"npi":[1427837343,1740262880,1740274190]}]},{"allowed_amount":67.32,"billing_code_modifier":[""],"providers":[{"billed_charge":105.27,"npi":[1235119421,1740262880]},{"billed_charge":175.36,"npi":[1740262880,1851973192]},{"billed_charge":200.55,"npi":[1295240885,1467972133,1740262880,1962021378]},{"billed_charge":202.38,"npi":[1194161505,1740262880]},{"billed_charge":207.23,"npi":[1073231742,1740262880]},{"billed_charge":258.71,"npi":[1427837343,1740262880,1740274190]}]}]},{"tin":{"type":"ein","value":"840611484"},"service_code":["81"],"billing_class":"professional","payments":[{"allowed_amount":67.32,"billing_code_modifier":[""],"providers":[{"billed_charge":105.27,"npi":[1235119421,1740262880]},{"billed_charge":175.36,"npi":[1740262880,1851973192]},{"billed_charge":200.55,"npi":[1295240885,1467972133,1740262880,1962021378]},{"billed_charge":202.38,"npi":[1194161505,1740262880]},{"billed_charge":207.23,"npi":[1073231742,1740262880]},{"billed_charge":258.71,"npi":[1427837343,1740262880,1740274190]}]},{"allowed_amount":67.32,"billing_code_modifier":[""],"providers":[{"billed_charge":105.27,"npi":[1235119421,1740262880]},{"billed_charge":175.36,"npi":[1740262880,1851973192]},{"billed_charge":200.55,"npi":[1295240885,1467972133,1740262880,1962021378]},{"billed_charge":202.38,"npi":[1194161505,1740262880]},{"billed_charge":207.23,"npi":[1073231742,1740262880]},{"billed_charge":258.71,"npi":[1427837343,1740262880,1740274190]}]},{"allowed_amount":67.32,"billing_code_modifier":[""],"providers":[{"billed_charge":105.27,"npi":[1235119421,1740262880]},{"billed_charge":175.36,"npi":[1740262880,1851973192]},{"billed_charge":200.55,"npi":[1295240885,1467972133,1740262880,1962021378]},{"billed_charge":202.38,"npi":[1194161505,1740262880]},{"billed_charge":207.23,"npi":[1073231742,1740262880]},{"billed_charge":258.71,"npi":[1427837343,1740262880,1740274190]}]},{"allowed_amount":67.32,"billing_code_modifier":[""],"providers":[{"billed_charge":105.27,"npi":[1235119421,1740262880]},{"billed_charge":175.36,"npi":[1740262880,1851973192]},{"billed_charge":200.55,"npi":[1295240885,1467972133,1740262880,1962021378]},{"billed_charge":202.38,"npi":[1194161505,1740262880]},{"billed_charge":207.23,"npi":[1073231742,1740262880]},{"billed_charge":258.71,"npi":[1427837343,1740262880,1740274190]}]},{"allowed_amount":67.32,"billing_code_modifier":[""],"providers":[{"billed_charge":105.27,"npi":[1235119421,1740262880]},{"billed_charge":175.36,"npi":[1740262880,1851973192]},{"billed_charge":200.55,"npi":[1295240885,1467972133,1740262880,1962021378]},{"billed_charge":202.38,"npi":[1194161505,1740262880]},{"billed_charge":207.23,"npi":[1073231742,1740262880]},{"billed_charge":258.71,"npi":[1427837343,1740262880,1740274190]}]},{"allowed_amount":67.32,"billing_code_modifier":[""],"providers":[{"billed_charge":105.27,"npi":[1235119421,1740262880]},{"billed_charge":175.36,"npi":[1740262880,1851973192]},{"billed_charge":200.55,"npi":[1295240885,1467972133,1740262880,1962021378]},{"billed_charge":202.38,"npi":[1194161505,1740262880]},{"billed_charge":207.23,"npi":[1073231742,1740262880]},{"billed_charge":258.71,"npi":[1427837343,1740262880,1740274190]}]}]},{"tin":{"type":"ein","value":"840611484"},"service_code":["81"],"billing_class":"professional","payments":[{"allowed_amount":67.32,"billing_code_modifier":[""],"providers":[{"billed_charge":105.27,"npi":[1235119421,1740262880]},{"billed_charge":175.36,"npi":[1740262880,1851973192]},{"billed_charge":200.55,"npi":[1295240885,1467972133,1740262880,1962021378]},{"billed_charge":202.38,"npi":[1194161505,1740262880]},{"billed_charge":207.23,"npi":[1073231742,1740262880]},{"billed_charge":258.71,"npi":[1427837343,1740262880,1740274190]}]},{"allowed_amount":67.32,"billing_code_modifier":[""],"providers":[{"billed_charge":105.27,"npi":[1235119421,1740262880]},{"billed_charge":175.36,"npi":[1740262880,1851973192]},{"billed_charge":200.55,"npi":[1295240885,1467972133,1740262880,1962021378]},{"billed_charge":202.38,"npi":[1194161505,1740262880]},{"billed_charge":207.23,"npi":[1073231742,1740262880]},{"billed_charge":258.71,"npi":[1427837343,1740262880,1740274190]}]},{"allowed_amount":67.32,"billing_code_modifier":[""],"providers":[{"billed_charge":105.27,"npi":[1235119421,1740262880]},{"billed_charge":175.36,"npi":[1740262880,1851973192]},{"billed_charge":200.55,"npi":[1295240885,1467972133,1740262880,1962021378]},{"billed_charge":202.38,"npi":[1194161505,1740262880]},{"billed_charge":207.23,"npi":[1073231742,1740262880]},{"billed_charge":258.71,"npi":[1427837343,1740262880,1740274190]}]},{"allowed_amount":67.32,"billing_code_modifier":[""],"providers":[{"billed_charge":105.27,"npi":[1235119421,1740262880]},{"billed_charge":175.36,"npi":[1740262880,1851973192]},{"billed_charge":200.55,"npi":[1295240885,1467972133,1740262880,1962021378]},{"billed_charge":202.38,"npi":[1194161505,1740262880]},{"billed_charge":207.23,"npi":[1073231742,1740262880]},{"billed_charge":258.71,"npi":[1427837343,1740262880,1740274190]}]},{"allowed_amount":67.32,"billing_code_modifier":[""],"providers":[{"billed_charge":105.27,"npi":[1235119421,1740262880]},{"billed_charge":175.36,"npi":[1740262880,1851973192]},{"billed_charge":200.55,"npi":[1295240885,1467972133,1740262880,1962021378]},{"billed_charge":202.38,"npi":[1194161505,1740262880]},{"billed_charge":207.23,"npi":[1073231742,1740262880]},{"billed_charge":258.71,"npi":[1427837343,1740262880,1740274190]}]},{"allowed_amount":67.32,"billing_code_modifier":[""],"providers":[{"billed_charge":105.27,"npi":[1235119421,1740262880]},{"billed_charge":175.36,"npi":[1740262880,1851973192]},{"billed_charge":200.55,"npi":[1295240885,1467972133,1740262880,1962021378]},{"billed_charge":202.38,"npi":[1194161505,1740262880]},{"billed_charge":207.23,"npi":[1073231742,1740262880]},{"billed_charge":258.71,"npi":[1427837343,1740262880,1740274190]}]}]},{"tin":{"type":"ein","value":"840611484"},"service_code":["81"],"billing_class":"professional","payments":[{"allowed_amount":67.32,"billing_code_modifier":[""],"providers":[{"billed_charge":105.27,"npi":[1235119421,1740262880]},{"billed_charge":175.36,"npi":[1740262880,1851973192]},{"billed_charge":200.55,"npi":[1295240885,1467972133,1740262880,1962021378]},{"billed_charge":202.38,"npi":[1194161505,1740262880]},{"billed_charge":207.23,"npi":[1073231742,1740262880]},{"billed_charge":258.71,"npi":[1427837343,1740262880,1740274190]}]},{"allowed_amount":67.32,"billing_code_modifier":[""],"providers":[{"billed_charge":105.27,"npi":[1235119421,1740262880]},{"billed_charge":175.36,"npi":[1740262880,1851973192]},{"billed_charge":200.55,"npi":[1295240885,1467972133,1740262880,1962021378]},{"billed_charge":202.38,"npi":[1194161505,1740262880]},{"billed_charge":207.23,"npi":[1073231742,1740262880]},{"billed_charge":258.71,"npi":[1427837343,1740262880,1740274190]}]},{"allowed_amount":67.32,"billing_code_modifier":[""],"providers":[{"billed_charge":105.27,"npi":[1235119421,1740262880]},{"billed_charge":175.36,"npi":[1740262880,1851973192]},{"billed_charge":200.55,"npi":[1295240885,1467972133,1740262880,1962021378]},{"billed_charge":202.38,"npi":[1194161505,1740262880]},{"billed_charge":207.23,"npi":[1073231742,1740262880]},{"billed_charge":258.71,"npi":[1427837343,1740262880,1740274190]}]},{"allowed_amount":67.32,"billing_code_modifier":[""],"providers":[{"billed_charge":105.27,"npi":[1235119421,1740262880]},{"billed_charge":175.36,"npi":[1740262880,1851973192]},{"billed_charge":200.55,"npi":[1295240885,1467972133,1740262880,1962021378]},{"billed_charge":202.38,"npi":[1194161505,1740262880]},{"billed_charge":207.23,"npi":[1073231742,1740262880]},{"billed_charge":258.71,"npi":[1427837343,1740262880,1740274190]}]},{"allowed_amount":67.32,"billing_code_modifier":[""],"providers":[{"billed_charge":105.27,"npi":[1235119421,1740262880]},{"billed_charge":175.36,"npi":[1740262880,1851973192]},{"billed_charge":200.55,"npi":[1295240885,1467972133,1740262880,1962021378]},{"billed_charge":202.38,"npi":[1194161505,1740262880]},{"billed_charge":207.23,"npi":[1073231742,1740262880]},{"billed_charge":258.71,"npi":[1427837343,1740262880,1740274190]}]},{"allowed_amount":67.32,"billing_code_modifier":[""],"providers":[{"billed_charge":105.27,"npi":[1235119421,1740262880]},{"billed_charge":175.36,"npi":[1740262880,1851973192]},{"billed_charge":200.55,"npi":[1295240885,1467972133,1740262880,1962021378]},{"billed_charge":202.38,"npi":[1194161505,1740262880]},{"billed_charge":207.23,"npi":[1073231742,1740262880]},{"billed_charge":258.71,"npi":[1427837343,1740262880,1740274190]}]}]},{"tin":{"type":"ein","value":"840611484"},"service_code":["81"],"billing_class":"professional","payments":[{"allowed_amount":67.32,"billing_code_modifier":[""],"providers":[{"billed_charge":105.27,"npi":[1235119421,1740262880]},{"billed_charge":175.36,"npi":[1740262880,1851973192]},{"billed_charge":200.55,"npi":[1295240885,1467972133,1740262880,1962021378]},{"billed_charge":202.38,"npi":[1194161505,1740262880]},{"billed_charge":207.23,"npi":[1073231742,1740262880]},{"billed_charge":258.71,"npi":[1427837343,1740262880,1740274190]}]},{"allowed_amount":67.32,"billing_code_modifier":[""],"providers":[{"billed_charge":105.27,"npi":[1235119421,1740262880]},{"billed_charge":175.36,"npi":[1740262880,1851973192]},{"billed_charge":200.55,"npi":[1295240885,1467972133,1740262880,1962021378]},{"billed_charge":202.38,"npi":[1194161505,1740262880]},{"billed_charge":207.23,"npi":[1073231742,1740262880]},{"billed_charge":258.71,"npi":[1427837343,1740262880,1740274190]}]},{"allowed_amount":67.32,"billing_code_modifier":[""],"providers":[{"billed_charge":105.27,"npi":[1235119421,1740262880]},{"billed_charge":175.36,"npi":[1740262880,1851973192]},{"billed_charge":200.55,"npi":[1295240885,1467972133,1740262880,1962021378]},{"billed_charge":202.38,"npi":[1194161505,1740262880]},{"billed_charge":207.23,"npi":[1073231742,1740262880]},{"billed_charge":258.71,"npi":[1427837343,1740262880,1740274190]}]},{"allowed_amount":67.32,"billing_code_modifier":[""],"providers":[{"billed_charge":105.27,"npi":[1235119421,1740262880]},{"billed_charge":175.36,"npi":[1740262880,1851973192]},{"billed_charge":200.55,"npi":[1295240885,1467972133,1740262880,1962021378]},{"billed_charge":202.38,"npi":[1194161505,1740262880]},{"billed_charge":207.23,"npi":[1073231742,1740262880]},{"billed_charge":258.71,"npi":[1427837343,1740262880,1740274190]}]},{"allowed_amount":67.32,"billing_code_modifier":[""],"providers":[{"billed_charge":105.27,"npi":[1235119421,1740262880]},{"billed_charge":175.36,"npi":[1740262880,1851973192]},{"billed_charge":200.55,"npi":[1295240885,1467972133,1740262880,1962021378]},{"billed_charge":202.38,"npi":[1194161505,1740262880]},{"billed_charge":207.23,"npi":[1073231742,1740262880]},{"billed_charge":258.71,"npi":[1427837343,1740262880,1740274190]}]},{"allowed_amount":67.32,"billing_code_modifier":[""],"providers":[{"billed_charge":105.27,"npi":[1235119421,1740262880]},{"billed_charge":175.36,"npi":[1740262880,1851973192]},{"billed_charge":200.55,"npi":[1295240885,1467972133,1740262880,1962021378]},{"billed_charge":202.38,"npi":[1194161505,1740262880]},{"billed_charge":207.23,"npi":[1073231742,1740262880]},{"billed_charge":258.71,"npi":[1427837343,1740262880,1740274190]}]}]}]},{"name":"HEMOGLOBIN GLYCOSYLATED A1C","billing_code_type":"CPT","billing_code_type_version":"2020","billing_code":"83036","description":"HEMOGLOBIN GLYCOSYLATED A1C","allowed_amounts":[{"tin":{"type":"ein","value":"840611484"},"service_code":["81"],"billing_class":"professional","payments":[{"allowed_amount":20.02,"billing_code_modifier":[""],"providers":[{"billed_charge":35.00,"npi":[1235119421,1740262880]},{"billed_charge":77.70,"npi":[1104809854,1740262880]},{"billed_charge":81.90,"npi":[1073231742,1215241518,1295240885,1295453165,1427837343,1467972133,1669124814,1740262880,1740274190,1851973192,1962021378]},{"billed_charge":83.73,"npi":[1194161505,1740262880]}]},{"allowed_amount":20.02,"billing_code_modifier":[""],"providers":[{"billed_charge":35.00,"npi":[1235119421,1740262880]},{"billed_charge":77.70,"npi":[1104809854,1740262880]},{"billed_charge":81.90,"npi":[1073231742,1215241518,1295240885,1295453165,1427837343,1467972133,1669124814,1740262880,1740274190,1851973192,1962021378]},{"billed_charge":83.73,"npi":[1194161505,1740262880]}]},{"allowed_amount":20.02,"billing_code_modifier":[""],"providers":[{"billed_charge":35.00,"npi":[1235119421,1740262880]},{"billed_charge":77.70,"npi":[1104809854,1740262880]},{"billed_charge":81.90,"npi":[1073231742,1215241518,1295240885,1295453165,1427837343,1467972133,1669124814,1740262880,1740274190,1851973192,1962021378]},{"billed_charge":83.73,"npi":[1194161505,1740262880]}]},{"allowed_amount":20.02,"billing_code_modifier":[""],"providers":[{"billed_charge":35.00,"npi":[1235119421,1740262880]},{"billed_charge":77.70,"npi":[1104809854,1740262880]},{"billed_charge":81.90,"npi":[1073231742,1215241518,1295240885,1295453165,1427837343,1467972133,1669124814,1740262880,1740274190,1851973192,1962021378]},{"billed_charge":83.73,"npi":[1194161505,1740262880]}]}]},{"tin":{"type":"ein","value":"840611484"},"service_code":["81"],"billing_class":"professional","payments":[{"allowed_amount":20.02,"billing_code_modifier":[""],"providers":[{"billed_charge":35.00,"npi":[1235119421,1740262880]},{"billed_charge":77.70,"npi":[1104809854,1740262880]},{"billed_charge":81.90,"npi":[1073231742,1215241518,1295240885,1295453165,1427837343,1467972133,1669124814,1740262880,1740274190,1851973192,1962021378]},{"billed_charge":83.73,"npi":[1194161505,1740262880]}]},{"allowed_amount":20.02,"billing_code_modifier":[""],"providers":[{"billed_charge":35.00,"npi":[1235119421,1740262880]},{"billed_charge":77.70,"npi":[1104809854,1740262880]},{"billed_charge":81.90,"npi":[1073231742,1215241518,1295240885,1295453165,1427837343,1467972133,1669124814,1740262880,1740274190,1851973192,1962021378]},{"billed_charge":83.73,"npi":[1194161505,1740262880]}]},{"allowed_amount":20.02,"billing_code_modifier":[""],"providers":[{"billed_charge":35.00,"npi":[1235119421,1740262880]},{"billed_charge":77.70,"npi":[1104809854,1740262880]},{"billed_charge":81.90,"npi":[1073231742,1215241518,1295240885,1295453165,1427837343,1467972133,1669124814,1740262880,1740274190,1851973192,1962021378]},{"billed_charge":83.73,"npi":[1194161505,1740262880]}]},{"allowed_amount":20.02,"billing_code_modifier":[""],"providers":[{"billed_charge":35.00,"npi":[1235119421,1740262880]},{"billed_charge":77.70,"npi":[1104809854,1740262880]},{"billed_charge":81.90,"npi":[1073231742,1215241518,1295240885,1295453165,1427837343,1467972133,1669124814,1740262880,1740274190,1851973192,1962021378]},{"billed_charge":83.73,"npi":[1194161505,1740262880]}]}]},{"tin":{"type":"ein","value":"840611484"},"service_code":["81"],"billing_class":"professional","payments":[{"allowed_amount":20.02,"billing_code_modifier":[""],"providers":[{"billed_charge":35.00,"npi":[1235119421,1740262880]},{"billed_charge":77.70,"npi":[1104809854,1740262880]},{"billed_charge":81.90,"npi":[1073231742,1215241518,1295240885,1295453165,1427837343,1467972133,1669124814,1740262880,1740274190,1851973192,1962021378]},{"billed_charge":83.73,"npi":[1194161505,1740262880]}]},{"allowed_amount":20.02,"billing_code_modifier":[""],"providers":[{"billed_charge":35.00,"npi":[1235119421,1740262880]},{"billed_charge":77.70,"npi":[1104809854,1740262880]},{"billed_charge":81.90,"npi":[1073231742,1215241518,1295240885,1295453165,1427837343,1467972133,1669124814,1740262880,1740274190,1851973192,1962021378]},{"billed_charge":83.73,"npi":[1194161505,1740262880]}]},{"allowed_amount":20.02,"billing_code_modifier":[""],"providers":[{"billed_charge":35.00,"npi":[1235119421,1740262880]},{"billed_charge":77.70,"npi":[1104809854,1740262880]},{"billed_charge":81.90,"npi":[1073231742,1215241518,1295240885,1295453165,1427837343,1467972133,1669124814,1740262880,1740274190,1851973192,1962021378]},{"billed_charge":83.73,"npi":[1194161505,1740262880]}]},{"allowed_amount":20.02,"billing_code_modifier":[""],"providers":[{"billed_charge":35.00,"npi":[1235119421,1740262880]},{"billed_charge":77.70,"npi":[1104809854,1740262880]},{"billed_charge":81.90,"npi":[1073231742,1215241518,1295240885,1295453165,1427837343,1467972133,1669124814,1740262880,1740274190,1851973192,1962021378]},{"billed_charge":83.73,"npi":[1194161505,1740262880]}]}]},{"tin":{"type":"ein","value":"840611484"},"service_code":["81"],"billing_class":"professional","payments":[{"allowed_amount":20.02,"billing_code_modifier":[""],"providers":[{"billed_charge":35.00,"npi":[1235119421,1740262880]},{"billed_charge":77.70,"npi":[1104809854,1740262880]},{"billed_charge":81.90,"npi":[1073231742,1215241518,1295240885,1295453165,1427837343,1467972133,1669124814,1740262880,1740274190,1851973192,1962021378]},{"billed_charge":83.73,"npi":[1194161505,1740262880]}]},{"allowed_amount":20.02,"billing_code_modifier":[""],"providers":[{"billed_charge":35.00,"npi":[1235119421,1740262880]},{"billed_charge":77.70,"npi":[1104809854,1740262880]},{"billed_charge":81.90,"npi":[1073231742,1215241518,1295240885,1295453165,1427837343,1467972133,1669124814,1740262880,1740274190,1851973192,1962021378]},{"billed_charge":83.73,"npi":[1194161505,1740262880]}]},{"allowed_amount":20.02,"billing_code_modifier":[""],"providers":[{"billed_charge":35.00,"npi":[1235119421,1740262880]},{"billed_charge":77.70,"npi":[1104809854,1740262880]},{"billed_charge":81.90,"npi":[1073231742,1215241518,1295240885,1295453165,1427837343,1467972133,1669124814,1740262880,1740274190,1851973192,1962021378]},{"billed_charge":83.73,"npi":[1194161505,1740262880]}]},{"allowed_amount":20.02,"billing_code_modifier":[""],"providers":[{"billed_charge":35.00,"npi":[1235119421,1740262880]},{"billed_charge":77.70,"npi":[1104809854,1740262880]},{"billed_charge":81.90,"npi":[1073231742,1215241518,1295240885,1295453165,1427837343,1467972133,1669124814,1740262880,1740274190,1851973192,1962021378]},{"billed_charge":83.73,"npi":[1194161505,1740262880]}]}]}]},{"name":"IRON BINDING CAPACITY","billing_code_type":"CPT","billing_code_type_version":"2020","billing_code":"83550","description":"IRON BINDING CAPACITY","allowed_amounts":[{"tin":{"type":"ein","value":"840611484"},"service_code":["81"],"billing_class":"professional","payments":[{"allowed_amount":18.03,"billing_code_modifier":[""],"providers":[{"billed_charge":49.49,"npi":[1073231742,1184060832,1710659230,1740262880,1790057123,1851973192]},{"billed_charge":53.16,"npi":[1316399397,1457760340,1710659230,1740262880]},{"billed_charge":59.68,"npi":[1457760340,1740262880]}]},{"allowed_amount":18.03,"billing_code_modifier":[""],"providers":[{"billed_charge":49.49,"npi":[1073231742,1184060832,1710659230,1740262880,1790057123,1851973192]},{"billed_charge":53.16,"npi":[1316399397,1457760340,1710659230,1740262880]},{"billed_charge":59.68,"npi":[1457760340,1740262880]}]},{"allowed_amount":18.03,"billing_code_modifier":[""],"providers":[{"billed_charge":49.49,"npi":[1073231742,1184060832,1710659230,1740262880,1790057123,1851973192]},{"billed_charge":53.16,"npi":[1316399397,1457760340,1710659230,1740262880]},{"billed_charge":59.68,"npi":[1457760340,1740262880]}]}]},{"tin":{"type":"ein","value":"840611484"},"service_code":["81"],"billing_class":"professional","payments":[{"allowed_amount":18.03,"billing_code_modifier":[""],"providers":[{"billed_charge":49.49,"npi":[1073231742,1184060832,1710659230,1740262880,1790057123,1851973192]},{"billed_charge":53.16,"npi":[1316399397,1457760340,1710659230,1740262880]},{"billed_charge":59.68,"npi":[1457760340,1740262880]}]},{"allowed_amount":18.03,"billing_code_modifier":[""],"providers":[{"billed_charge":49.49,"npi":[1073231742,1184060832,1710659230,1740262880,1790057123,1851973192]},{"billed_charge":53.16,"npi":[1316399397,1457760340,1710659230,1740262880]},{"billed_charge":59.68,"npi":[1457760340,1740262880]}]},{"allowed_amount":18.03,"billing_code_modifier":[""],"providers":[{"billed_charge":49.49,"npi":[1073231742,1184060832,1710659230,1740262880,1790057123,1851973192]},{"billed_charge":53.16,"npi":[1316399397,1457760340,1710659230,1740262880]},{"billed_charge":59.68,"npi":[1457760340,1740262880]}]}]},{"tin":{"type":"ein","value":"840611484"},"service_code":["81"],"billing_class":"professional","payments":[{"allowed_amount":18.03,"billing_code_modifier":[""],"providers":[{"billed_charge":49.49,"npi":[1073231742,1184060832,1710659230,1740262880,1790057123,1851973192]},{"billed_charge":53.16,"npi":[1316399397,1457760340,1710659230,1740262880]},{"billed_charge":59.68,"npi":[1457760340,1740262880]}]},{"allowed_amount":18.03,"billing_code_modifier":[""],"providers":[{"billed_charge":49.49,"npi":[1073231742,1184060832,1710659230,1740262880,1790057123,1851973192]},{"billed_charge":53.16,"npi":[1316399397,1457760340,1710659230,1740262880]},{"billed_charge":59.68,"npi":[1457760340,1740262880]}]},{"allowed_amount":18.03,"billing_code_modifier":[""],"providers":[{"billed_charge":49.49,"npi":[1073231742,1184060832,1710659230,1740262880,1790057123,1851973192]},{"billed_charge":53.16,"npi":[1316399397,1457760340,1710659230,1740262880]},{"billed_charge":59.68,"npi":[1457760340,1740262880]}]}]}]},{"name":"LIPID PANEL","billing_code_type":"CPT","billing_code_type_version":"2020","billing_code":"80061","description":"LIPID PANEL","allowed_amounts":[{"tin":{"type":"ein","value":"840611484"},"service_code":["81"],"billing_class":"professional","payments":[{"allowed_amount":25.66,"billing_code_modifier":[""],"providers":[{"billed_charge":40.80,"npi":[1316101918,1740262880]},{"billed_charge":59.59,"npi":[1740262880,1851973192]},{"billed_charge":91.00,"npi":[1215241518,1295240885,1295453165,1740262880,1962021378]},{"billed_charge":107.10,"npi":[1073231742,1104809854,1144338039,1740262880,1740274190]}]},{"allowed_amount":25.66,"billing_code_modifier":[""],"providers":[{"billed_charge":40.80,"npi":[1316101918,1740262880]},{"billed_charge":59.59,"npi":[1740262880,1851973192]},{"billed_charge":91.00,"npi":[1215241518,1295240885,1295453165,1740262880,1962021378]},{"billed_charge":107.10,"npi":[1073231742,1104809854,1144338039,1740262880,1740274190]}]},{"allowed_amount":25.66,"billing_code_modifier":[""],"providers":[{"billed_charge":40.80,"npi":[1316101918,1740262880]},{"billed_charge":59.59,"npi":[1740262880,1851973192]},{"billed_charge":91.00,"npi":[1215241518,1295240885,1295453165,1740262880,1962021378]},{"billed_charge":107.10,"npi":[1073231742,1104809854,1144338039,1740262880,1740274190]}]},{"allowed_amount":25.66,"billing_code_modifier":[""],"providers":[{"billed_charge":40.80,"npi":[1316101918,1740262880]},{"billed_charge":59.59,"npi":[1740262880,1851973192]},{"billed_charge":91.00,"npi":[1215241518,1295240885,1295453165,1740262880,1962021378]},{"billed_charge":107.10,"npi":[1073231742,1104809854,1144338039,1740262880,1740274190]}]}]},{"tin":{"type":"ein","value":"840611484"},"service_code":["81"],"billing_class":"professional","payments":[{"allowed_amount":25.66,"billing_code_modifier":[""],"providers":[{"billed_charge":40.80,"npi":[1316101918,1740262880]},{"billed_charge":59.59,"npi":[1740262880,1851973192]},{"billed_charge":91.00,"npi":[1215241518,1295240885,1295453165,1740262880,1962021378]},{"billed_charge":107.10,"npi":[1073231742,1104809854,1144338039,1740262880,1740274190]}]},{"allowed_amount":25.66,"billing_code_modifier":[""],"providers":[{"billed_charge":40.80,"npi":[1316101918,1740262880]},{"billed_charge":59.59,"npi":[1740262880,1851973192]},{"billed_charge":91.00,"npi":[1215241518,1295240885,1295453165,1740262880,1962021378]},{"billed_charge":107.10,"npi":[1073231742,1104809854,1144338039,1740262880,1740274190]}]},{"allowed_amount":25.66,"billing_code_modifier":[""],"providers":[{"billed_charge":40.80,"npi":[1316101918,1740262880]},{"billed_charge":59.59,"npi":[1740262880,1851973192]},{"billed_charge":91.00,"npi":[1215241518,1295240885,1295453165,1740262880,1962021378]},{"billed_charge":107.10,"npi":[1073231742,1104809854,1144338039,1740262880,1740274190]}]},{"allowed_amount":25.66,"billing_code_modifier":[""],"providers":[{"billed_charge":40.80,"npi":[1316101918,1740262880]},{"billed_charge":59.59,"npi":[1740262880,1851973192]},{"billed_charge":91.00,"npi":[1215241518,1295240885,1295453165,1740262880,1962021378]},{"billed_charge":107.10,"npi":[1073231742,1104809854,1144338039,1740262880,1740274190]}]}]},{"tin":{"type":"ein","value":"840611484"},"service_code":["81"],"billing_class":"professional","payments":[{"allowed_amount":25.66,"billing_code_modifier":[""],"providers":[{"billed_charge":40.80,"npi":[1316101918,1740262880]},{"billed_charge":59.59,"npi":[1740262880,1851973192]},{"billed_charge":91.00,"npi":[1215241518,1295240885,1295453165,1740262880,1962021378]},{"billed_charge":107.10,"npi":[1073231742,1104809854,1144338039,1740262880,1740274190]}]},{"allowed_amount":25.66,"billing_code_modifier":[""],"providers":[{"billed_charge":40.80,"npi":[1316101918,1740262880]},{"billed_charge":59.59,"npi":[1740262880,1851973192]},{"billed_charge":91.00,"npi":[1215241518,1295240885,1295453165,1740262880,1962021378]},{"billed_charge":107.10,"npi":[1073231742,1104809854,1144338039,1740262880,1740274190]}]},{"allowed_amount":25.66,"billing_code_modifier":[""],"providers":[{"billed_charge":40.80,"npi":[1316101918,1740262880]},{"billed_charge":59.59,"npi":[1740262880,1851973192]},{"billed_charge":91.00,"npi":[1215241518,1295240885,1295453165,1740262880,1962021378]},{"billed_charge":107.10,"npi":[1073231742,1104809854,1144338039,1740262880,1740274190]}]},{"allowed_amount":25.66,"billing_code_modifier":[""],"providers":[{"billed_charge":40.80,"npi":[1316101918,1740262880]},{"billed_charge":59.59,"npi":[1740262880,1851973192]},{"billed_charge":91.00,"npi":[1215241518,1295240885,1295453165,1740262880,1962021378]},{"billed_charge":107.10,"npi":[1073231742,1104809854,1144338039,1740262880,1740274190]}]}]},{"tin":{"type":"ein","value":"840611484"},"service_code":["81"],"billing_class":"professional","payments":[{"allowed_amount":25.66,"billing_code_modifier":[""],"providers":[{"billed_charge":40.80,"npi":[1316101918,1740262880]},{"billed_charge":59.59,"npi":[1740262880,1851973192]},{"billed_charge":91.00,"npi":[1215241518,1295240885,1295453165,1740262880,1962021378]},{"billed_charge":107.10,"npi":[1073231742,1104809854,1144338039,1740262880,1740274190]}]},{"allowed_amount":25.66,"billing_code_modifier":[""],"providers":[{"billed_charge":40.80,"npi":[1316101918,1740262880]},{"billed_charge":59.59,"npi":[1740262880,1851973192]},{"billed_charge":91.00,"npi":[1215241518,1295240885,1295453165,1740262880,1962021378]},{"billed_charge":107.10,"npi":[1073231742,1104809854,1144338039,1740262880,1740274190]}]},{"allowed_amount":25.66,"billing_code_modifier":[""],"providers":[{"billed_charge":40.80,"npi":[1316101918,1740262880]},{"billed_charge":59.59,"npi":[1740262880,1851973192]},{"billed_charge":91.00,"npi":[1215241518,1295240885,1295453165,1740262880,1962021378]},{"billed_charge":107.10,"npi":[1073231742,1104809854,1144338039,1740262880,1740274190]}]},{"allowed_amount":25.66,"billing_code_modifier":[""],"providers":[{"billed_charge":40.80,"npi":[1316101918,1740262880]},{"billed_charge":59.59,"npi":[1740262880,1851973192]},{"billed_charge":91.00,"npi":[1215241518,1295240885,1295453165,1740262880,1962021378]},{"billed_charge":107.10,"npi":[1073231742,1104809854,1144338039,1740262880,1740274190]}]}]}]},{"name":"MANUAL THERAPY TQS 1\/> REGIONS EACH 15 MINUTES","billing_code_type":"CPT","billing_code_type_version":"2020","billing_code":"97140","description":"MANUAL THERAPY TQS 1\/> REGIONS EACH 15 MINUTES","allowed_amounts":[{"tin":{"type":"ein","value":"163988733"},"service_code":["11"],"billing_class":"professional","payments":[{"allowed_amount":58.40,"billing_code_modifier":[""],"providers":[{"billed_charge":73.00,"npi":[1396037065,1417198227,1710928130]}]}]},{"tin":{"type":"ein","value":"263988733"},"service_code":["11"],"billing_class":"professional","payments":[{"allowed_amount":58.40,"billing_code_modifier":[""],"providers":[{"billed_charge":73.00,"npi":[1366909608,1396037065,1396937595,1417198227,1619918836,1710928130,1740274190]}]}]}]},{"name":"PSYCHIATRIC\/PSYCHOLOGICAL TRT: INTENSIVE OUT SERV","billing_code_type":"RC","billing_code_type_version":"UB04","billing_code":"0906","description":"PSYCHIATRIC\/PSYCHOLOGICAL TRT: INTENSIVE OUT SERV","allowed_amounts":[{"tin":{"type":"ein","value":"880538106"},"service_code":["22"],"billing_class":"institutional","payments":[{"allowed_amount":1960.00,"billing_code_modifier":[""],"providers":[{"billed_charge":2800.00,"npi":[1043963440,1881641272]}]}]}]},{"name":"SBSQ HOSPITAL IP\/OBS CARE HIGH MDM 50 MINUTES","billing_code_type":"CPT","billing_code_type_version":"2020","billing_code":"99233","description":"SBSQ HOSPITAL IP\/OBS CARE HIGH MDM 50 MINUTES","allowed_amounts":[{"tin":{"type":"ein","value":"452464437"},"service_code":["21","22"],"billing_class":"professional","payments":[{"allowed_amount":455.28,"billing_code_modifier":[""],"providers":[{"billed_charge":718.00,"npi":[1194766543,1437407921,1568758266,1750875191,1992376057]}]}]}]},{"name":"THERAPEUTIC PX 1\/> AREAS EACH 15 MIN EXERCISES","billing_code_type":"CPT","billing_code_type_version":"2020","billing_code":"97110","description":"THERAPEUTIC PX 1\/> AREAS EACH 15 MIN EXERCISES","allowed_amounts":[{"tin":{"type":"ein","value":"163988733"},"service_code":["11"],"billing_class":"professional","payments":[{"allowed_amount":189.60,"billing_code_modifier":[""],"providers":[{"billed_charge":237.00,"npi":[1396037065,1417198227,1710928130]}]}]},{"tin":{"type":"ein","value":"263988733"},"service_code":["11"],"billing_class":"professional","payments":[{"allowed_amount":189.60,"billing_code_modifier":[""],"providers":[{"billed_charge":237.00,"npi":[1366909608,1396037065,1396937595,1417198227,1619918836,1710928130,1740274190]}]}]}]}]}
