{"reporting_entity_name": "IEC Group_DBA AmeriBen",
	"reporting_entity_type": "Third Party Administrator",
	"plan_name": "GKN AEROSPACE INC",
	"plan_id_type": "ein",
	"plan_id": "541566763",
	"plan_market_type": "group",
	"last_updated_on": "2025-12-01","Version": "1.0.0","out_of_network":[{"name":"CCPD OPD\/HOME: CCPD COMP OR OTHER RATE","billing_code_type":"RC","billing_code_type_version":"UB04","billing_code":"0851","description":"CCPD OPD\/HOME: CCPD COMP OR OTHER RATE","allowed_amounts":[{"tin":{"type":"ein","value":"455499992"},"service_code":["65"],"billing_class":"institutional","payments":[{"allowed_amount":192.35,"billing_code_modifier":[""],"providers":[{"billed_charge":3671.00,"npi":[1679817258,1851513287]}]}]},{"tin":{"type":"ein","value":"455499992"},"service_code":["65"],"billing_class":"institutional","payments":[{"allowed_amount":320.36,"billing_code_modifier":[""],"providers":[{"billed_charge":3671.00,"npi":[1679817258,1851513287]}]}]}]},{"name":"CHIROPRACTIC MANIPULATIVE TX SPINAL 1-2 REGIONS","billing_code_type":"CPT","billing_code_type_version":"2020","billing_code":"98940","description":"CHIROPRACTIC MANIPULATIVE TX SPINAL 1-2 REGIONS","allowed_amounts":[{"tin":{"type":"ein","value":"472428154"},"service_code":["11"],"billing_class":"professional","payments":[{"allowed_amount":0.00,"billing_code_modifier":[""],"providers":[{"billed_charge":65.00,"npi":[1306243696,1558670067]}]}]},{"tin":{"type":"ein","value":"630818712"},"service_code":["11"],"billing_class":"professional","payments":[{"allowed_amount":0.00,"billing_code_modifier":[""],"providers":[{"billed_charge":30.00,"npi":[1003957119]}]}]},{"tin":{"type":"ein","value":"872477087"},"service_code":["11"],"billing_class":"professional","payments":[{"allowed_amount":0.00,"billing_code_modifier":[""],"providers":[{"billed_charge":55.26,"npi":[1396414223,1770028672]},{"billed_charge":57.26,"npi":[1396414223,1770028672]}]},{"allowed_amount":0.00,"billing_code_modifier":[""],"providers":[{"billed_charge":55.26,"npi":[1396414223,1770028672]},{"billed_charge":57.26,"npi":[1396414223,1770028672]}]}]},{"tin":{"type":"ein","value":"872477087"},"service_code":["11"],"billing_class":"professional","payments":[{"allowed_amount":0.00,"billing_code_modifier":[""],"providers":[{"billed_charge":55.26,"npi":[1396414223,1770028672]},{"billed_charge":57.26,"npi":[1396414223,1770028672]}]},{"allowed_amount":0.00,"billing_code_modifier":[""],"providers":[{"billed_charge":55.26,"npi":[1396414223,1770028672]},{"billed_charge":57.26,"npi":[1396414223,1770028672]}]}]}]},{"name":"HOURLY CHARGE","billing_code_type":"RC","billing_code_type_version":"UB04","billing_code":"0552","description":"HOURLY CHARGE","allowed_amounts":[{"tin":{"type":"ein","value":"770646160"},"service_code":["12"],"billing_class":"institutional","payments":[{"allowed_amount":0.00,"billing_code_modifier":[""],"providers":[{"billed_charge":925.00,"npi":[1205371721]},{"billed_charge":960.00,"npi":[1205371721]},{"billed_charge":1110.00,"npi":[1205371721]},{"billed_charge":1240.00,"npi":[1205371721]},{"billed_charge":1280.00,"npi":[1205371721]},{"billed_charge":1295.00,"npi":[1205371721]},{"billed_charge":1360.00,"npi":[1205371721]},{"billed_charge":2035.00,"npi":[1205371721]},{"billed_charge":2220.00,"npi":[1205371721]},{"billed_charge":2405.00,"npi":[1205371721]}]},{"allowed_amount":0.00,"billing_code_modifier":[""],"providers":[{"billed_charge":925.00,"npi":[1205371721]},{"billed_charge":960.00,"npi":[1205371721]},{"billed_charge":1110.00,"npi":[1205371721]},{"billed_charge":1240.00,"npi":[1205371721]},{"billed_charge":1280.00,"npi":[1205371721]},{"billed_charge":1295.00,"npi":[1205371721]},{"billed_charge":1360.00,"npi":[1205371721]},{"billed_charge":2035.00,"npi":[1205371721]},{"billed_charge":2220.00,"npi":[1205371721]},{"billed_charge":2405.00,"npi":[1205371721]}]},{"allowed_amount":0.00,"billing_code_modifier":[""],"providers":[{"billed_charge":925.00,"npi":[1205371721]},{"billed_charge":960.00,"npi":[1205371721]},{"billed_charge":1110.00,"npi":[1205371721]},{"billed_charge":1240.00,"npi":[1205371721]},{"billed_charge":1280.00,"npi":[1205371721]},{"billed_charge":1295.00,"npi":[1205371721]},{"billed_charge":1360.00,"npi":[1205371721]},{"billed_charge":2035.00,"npi":[1205371721]},{"billed_charge":2220.00,"npi":[1205371721]},{"billed_charge":2405.00,"npi":[1205371721]}]},{"allowed_amount":0.00,"billing_code_modifier":[""],"providers":[{"billed_charge":925.00,"npi":[1205371721]},{"billed_charge":960.00,"npi":[1205371721]},{"billed_charge":1110.00,"npi":[1205371721]},{"billed_charge":1240.00,"npi":[1205371721]},{"billed_charge":1280.00,"npi":[1205371721]},{"billed_charge":1295.00,"npi":[1205371721]},{"billed_charge":1360.00,"npi":[1205371721]},{"billed_charge":2035.00,"npi":[1205371721]},{"billed_charge":2220.00,"npi":[1205371721]},{"billed_charge":2405.00,"npi":[1205371721]}]},{"allowed_amount":0.00,"billing_code_modifier":[""],"providers":[{"billed_charge":925.00,"npi":[1205371721]},{"billed_charge":960.00,"npi":[1205371721]},{"billed_charge":1110.00,"npi":[1205371721]},{"billed_charge":1240.00,"npi":[1205371721]},{"billed_charge":1280.00,"npi":[1205371721]},{"billed_charge":1295.00,"npi":[1205371721]},{"billed_charge":1360.00,"npi":[1205371721]},{"billed_charge":2035.00,"npi":[1205371721]},{"billed_charge":2220.00,"npi":[1205371721]},{"billed_charge":2405.00,"npi":[1205371721]}]},{"allowed_amount":0.00,"billing_code_modifier":[""],"providers":[{"billed_charge":925.00,"npi":[1205371721]},{"billed_charge":960.00,"npi":[1205371721]},{"billed_charge":1110.00,"npi":[1205371721]},{"billed_charge":1240.00,"npi":[1205371721]},{"billed_charge":1280.00,"npi":[1205371721]},{"billed_charge":1295.00,"npi":[1205371721]},{"billed_charge":1360.00,"npi":[1205371721]},{"billed_charge":2035.00,"npi":[1205371721]},{"billed_charge":2220.00,"npi":[1205371721]},{"billed_charge":2405.00,"npi":[1205371721]}]},{"allowed_amount":0.00,"billing_code_modifier":[""],"providers":[{"billed_charge":925.00,"npi":[1205371721]},{"billed_charge":960.00,"npi":[1205371721]},{"billed_charge":1110.00,"npi":[1205371721]},{"billed_charge":1240.00,"npi":[1205371721]},{"billed_charge":1280.00,"npi":[1205371721]},{"billed_charge":1295.00,"npi":[1205371721]},{"billed_charge":1360.00,"npi":[1205371721]},{"billed_charge":2035.00,"npi":[1205371721]},{"billed_charge":2220.00,"npi":[1205371721]},{"billed_charge":2405.00,"npi":[1205371721]}]},{"allowed_amount":0.00,"billing_code_modifier":[""],"providers":[{"billed_charge":925.00,"npi":[1205371721]},{"billed_charge":960.00,"npi":[1205371721]},{"billed_charge":1110.00,"npi":[1205371721]},{"billed_charge":1240.00,"npi":[1205371721]},{"billed_charge":1280.00,"npi":[1205371721]},{"billed_charge":1295.00,"npi":[1205371721]},{"billed_charge":1360.00,"npi":[1205371721]},{"billed_charge":2035.00,"npi":[1205371721]},{"billed_charge":2220.00,"npi":[1205371721]},{"billed_charge":2405.00,"npi":[1205371721]}]},{"allowed_amount":0.00,"billing_code_modifier":[""],"providers":[{"billed_charge":925.00,"npi":[1205371721]},{"billed_charge":960.00,"npi":[1205371721]},{"billed_charge":1110.00,"npi":[1205371721]},{"billed_charge":1240.00,"npi":[1205371721]},{"billed_charge":1280.00,"npi":[1205371721]},{"billed_charge":1295.00,"npi":[1205371721]},{"billed_charge":1360.00,"npi":[1205371721]},{"billed_charge":2035.00,"npi":[1205371721]},{"billed_charge":2220.00,"npi":[1205371721]},{"billed_charge":2405.00,"npi":[1205371721]}]},{"allowed_amount":0.00,"billing_code_modifier":[""],"providers":[{"billed_charge":925.00,"npi":[1205371721]},{"billed_charge":960.00,"npi":[1205371721]},{"billed_charge":1110.00,"npi":[1205371721]},{"billed_charge":1240.00,"npi":[1205371721]},{"billed_charge":1280.00,"npi":[1205371721]},{"billed_charge":1295.00,"npi":[1205371721]},{"billed_charge":1360.00,"npi":[1205371721]},{"billed_charge":2035.00,"npi":[1205371721]},{"billed_charge":2220.00,"npi":[1205371721]},{"billed_charge":2405.00,"npi":[1205371721]}]}]},{"tin":{"type":"ein","value":"770646160"},"service_code":["12"],"billing_class":"institutional","payments":[{"allowed_amount":0.00,"billing_code_modifier":[""],"providers":[{"billed_charge":925.00,"npi":[1205371721]},{"billed_charge":960.00,"npi":[1205371721]},{"billed_charge":1110.00,"npi":[1205371721]},{"billed_charge":1240.00,"npi":[1205371721]},{"billed_charge":1280.00,"npi":[1205371721]},{"billed_charge":1295.00,"npi":[1205371721]},{"billed_charge":1360.00,"npi":[1205371721]},{"billed_charge":2035.00,"npi":[1205371721]},{"billed_charge":2220.00,"npi":[1205371721]},{"billed_charge":2405.00,"npi":[1205371721]}]},{"allowed_amount":0.00,"billing_code_modifier":[""],"providers":[{"billed_charge":925.00,"npi":[1205371721]},{"billed_charge":960.00,"npi":[1205371721]},{"billed_charge":1110.00,"npi":[1205371721]},{"billed_charge":1240.00,"npi":[1205371721]},{"billed_charge":1280.00,"npi":[1205371721]},{"billed_charge":1295.00,"npi":[1205371721]},{"billed_charge":1360.00,"npi":[1205371721]},{"billed_charge":2035.00,"npi":[1205371721]},{"billed_charge":2220.00,"npi":[1205371721]},{"billed_charge":2405.00,"npi":[1205371721]}]},{"allowed_amount":0.00,"billing_code_modifier":[""],"providers":[{"billed_charge":925.00,"npi":[1205371721]},{"billed_charge":960.00,"npi":[1205371721]},{"billed_charge":1110.00,"npi":[1205371721]},{"billed_charge":1240.00,"npi":[1205371721]},{"billed_charge":1280.00,"npi":[1205371721]},{"billed_charge":1295.00,"npi":[1205371721]},{"billed_charge":1360.00,"npi":[1205371721]},{"billed_charge":2035.00,"npi":[1205371721]},{"billed_charge":2220.00,"npi":[1205371721]},{"billed_charge":2405.00,"npi":[1205371721]}]},{"allowed_amount":0.00,"billing_code_modifier":[""],"providers":[{"billed_charge":925.00,"npi":[1205371721]},{"billed_charge":960.00,"npi":[1205371721]},{"billed_charge":1110.00,"npi":[1205371721]},{"billed_charge":1240.00,"npi":[1205371721]},{"billed_charge":1280.00,"npi":[1205371721]},{"billed_charge":1295.00,"npi":[1205371721]},{"billed_charge":1360.00,"npi":[1205371721]},{"billed_charge":2035.00,"npi":[1205371721]},{"billed_charge":2220.00,"npi":[1205371721]},{"billed_charge":2405.00,"npi":[1205371721]}]},{"allowed_amount":0.00,"billing_code_modifier":[""],"providers":[{"billed_charge":925.00,"npi":[1205371721]},{"billed_charge":960.00,"npi":[1205371721]},{"billed_charge":1110.00,"npi":[1205371721]},{"billed_charge":1240.00,"npi":[1205371721]},{"billed_charge":1280.00,"npi":[1205371721]},{"billed_charge":1295.00,"npi":[1205371721]},{"billed_charge":1360.00,"npi":[1205371721]},{"billed_charge":2035.00,"npi":[1205371721]},{"billed_charge":2220.00,"npi":[1205371721]},{"billed_charge":2405.00,"npi":[1205371721]}]},{"allowed_amount":0.00,"billing_code_modifier":[""],"providers":[{"billed_charge":925.00,"npi":[1205371721]},{"billed_charge":960.00,"npi":[1205371721]},{"billed_charge":1110.00,"npi":[1205371721]},{"billed_charge":1240.00,"npi":[1205371721]},{"billed_charge":1280.00,"npi":[1205371721]},{"billed_charge":1295.00,"npi":[1205371721]},{"billed_charge":1360.00,"npi":[1205371721]},{"billed_charge":2035.00,"npi":[1205371721]},{"billed_charge":2220.00,"npi":[1205371721]},{"billed_charge":2405.00,"npi":[1205371721]}]},{"allowed_amount":0.00,"billing_code_modifier":[""],"providers":[{"billed_charge":925.00,"npi":[1205371721]},{"billed_charge":960.00,"npi":[1205371721]},{"billed_charge":1110.00,"npi":[1205371721]},{"billed_charge":1240.00,"npi":[1205371721]},{"billed_charge":1280.00,"npi":[1205371721]},{"billed_charge":1295.00,"npi":[1205371721]},{"billed_charge":1360.00,"npi":[1205371721]},{"billed_charge":2035.00,"npi":[1205371721]},{"billed_charge":2220.00,"npi":[1205371721]},{"billed_charge":2405.00,"npi":[1205371721]}]},{"allowed_amount":0.00,"billing_code_modifier":[""],"providers":[{"billed_charge":925.00,"npi":[1205371721]},{"billed_charge":960.00,"npi":[1205371721]},{"billed_charge":1110.00,"npi":[1205371721]},{"billed_charge":1240.00,"npi":[1205371721]},{"billed_charge":1280.00,"npi":[1205371721]},{"billed_charge":1295.00,"npi":[1205371721]},{"billed_charge":1360.00,"npi":[1205371721]},{"billed_charge":2035.00,"npi":[1205371721]},{"billed_charge":2220.00,"npi":[1205371721]},{"billed_charge":2405.00,"npi":[1205371721]}]},{"allowed_amount":0.00,"billing_code_modifier":[""],"providers":[{"billed_charge":925.00,"npi":[1205371721]},{"billed_charge":960.00,"npi":[1205371721]},{"billed_charge":1110.00,"npi":[1205371721]},{"billed_charge":1240.00,"npi":[1205371721]},{"billed_charge":1280.00,"npi":[1205371721]},{"billed_charge":1295.00,"npi":[1205371721]},{"billed_charge":1360.00,"npi":[1205371721]},{"billed_charge":2035.00,"npi":[1205371721]},{"billed_charge":2220.00,"npi":[1205371721]},{"billed_charge":2405.00,"npi":[1205371721]}]},{"allowed_amount":0.00,"billing_code_modifier":[""],"providers":[{"billed_charge":925.00,"npi":[1205371721]},{"billed_charge":960.00,"npi":[1205371721]},{"billed_charge":1110.00,"npi":[1205371721]},{"billed_charge":1240.00,"npi":[1205371721]},{"billed_charge":1280.00,"npi":[1205371721]},{"billed_charge":1295.00,"npi":[1205371721]},{"billed_charge":1360.00,"npi":[1205371721]},{"billed_charge":2035.00,"npi":[1205371721]},{"billed_charge":2220.00,"npi":[1205371721]},{"billed_charge":2405.00,"npi":[1205371721]}]}]},{"tin":{"type":"ein","value":"770646160"},"service_code":["12"],"billing_class":"institutional","payments":[{"allowed_amount":0.00,"billing_code_modifier":[""],"providers":[{"billed_charge":925.00,"npi":[1205371721]},{"billed_charge":960.00,"npi":[1205371721]},{"billed_charge":1110.00,"npi":[1205371721]},{"billed_charge":1240.00,"npi":[1205371721]},{"billed_charge":1280.00,"npi":[1205371721]},{"billed_charge":1295.00,"npi":[1205371721]},{"billed_charge":1360.00,"npi":[1205371721]},{"billed_charge":2035.00,"npi":[1205371721]},{"billed_charge":2220.00,"npi":[1205371721]},{"billed_charge":2405.00,"npi":[1205371721]}]},{"allowed_amount":0.00,"billing_code_modifier":[""],"providers":[{"billed_charge":925.00,"npi":[1205371721]},{"billed_charge":960.00,"npi":[1205371721]},{"billed_charge":1110.00,"npi":[1205371721]},{"billed_charge":1240.00,"npi":[1205371721]},{"billed_charge":1280.00,"npi":[1205371721]},{"billed_charge":1295.00,"npi":[1205371721]},{"billed_charge":1360.00,"npi":[1205371721]},{"billed_charge":2035.00,"npi":[1205371721]},{"billed_charge":2220.00,"npi":[1205371721]},{"billed_charge":2405.00,"npi":[1205371721]}]},{"allowed_amount":0.00,"billing_code_modifier":[""],"providers":[{"billed_charge":925.00,"npi":[1205371721]},{"billed_charge":960.00,"npi":[1205371721]},{"billed_charge":1110.00,"npi":[1205371721]},{"billed_charge":1240.00,"npi":[1205371721]},{"billed_charge":1280.00,"npi":[1205371721]},{"billed_charge":1295.00,"npi":[1205371721]},{"billed_charge":1360.00,"npi":[1205371721]},{"billed_charge":2035.00,"npi":[1205371721]},{"billed_charge":2220.00,"npi":[1205371721]},{"billed_charge":2405.00,"npi":[1205371721]}]},{"allowed_amount":0.00,"billing_code_modifier":[""],"providers":[{"billed_charge":925.00,"npi":[1205371721]},{"billed_charge":960.00,"npi":[1205371721]},{"billed_charge":1110.00,"npi":[1205371721]},{"billed_charge":1240.00,"npi":[1205371721]},{"billed_charge":1280.00,"npi":[1205371721]},{"billed_charge":1295.00,"npi":[1205371721]},{"billed_charge":1360.00,"npi":[1205371721]},{"billed_charge":2035.00,"npi":[1205371721]},{"billed_charge":2220.00,"npi":[1205371721]},{"billed_charge":2405.00,"npi":[1205371721]}]},{"allowed_amount":0.00,"billing_code_modifier":[""],"providers":[{"billed_charge":925.00,"npi":[1205371721]},{"billed_charge":960.00,"npi":[1205371721]},{"billed_charge":1110.00,"npi":[1205371721]},{"billed_charge":1240.00,"npi":[1205371721]},{"billed_charge":1280.00,"npi":[1205371721]},{"billed_charge":1295.00,"npi":[1205371721]},{"billed_charge":1360.00,"npi":[1205371721]},{"billed_charge":2035.00,"npi":[1205371721]},{"billed_charge":2220.00,"npi":[1205371721]},{"billed_charge":2405.00,"npi":[1205371721]}]},{"allowed_amount":0.00,"billing_code_modifier":[""],"providers":[{"billed_charge":925.00,"npi":[1205371721]},{"billed_charge":960.00,"npi":[1205371721]},{"billed_charge":1110.00,"npi":[1205371721]},{"billed_charge":1240.00,"npi":[1205371721]},{"billed_charge":1280.00,"npi":[1205371721]},{"billed_charge":1295.00,"npi":[1205371721]},{"billed_charge":1360.00,"npi":[1205371721]},{"billed_charge":2035.00,"npi":[1205371721]},{"billed_charge":2220.00,"npi":[1205371721]},{"billed_charge":2405.00,"npi":[1205371721]}]},{"allowed_amount":0.00,"billing_code_modifier":[""],"providers":[{"billed_charge":925.00,"npi":[1205371721]},{"billed_charge":960.00,"npi":[1205371721]},{"billed_charge":1110.00,"npi":[1205371721]},{"billed_charge":1240.00,"npi":[1205371721]},{"billed_charge":1280.00,"npi":[1205371721]},{"billed_charge":1295.00,"npi":[1205371721]},{"billed_charge":1360.00,"npi":[1205371721]},{"billed_charge":2035.00,"npi":[1205371721]},{"billed_charge":2220.00,"npi":[1205371721]},{"billed_charge":2405.00,"npi":[1205371721]}]},{"allowed_amount":0.00,"billing_code_modifier":[""],"providers":[{"billed_charge":925.00,"npi":[1205371721]},{"billed_charge":960.00,"npi":[1205371721]},{"billed_charge":1110.00,"npi":[1205371721]},{"billed_charge":1240.00,"npi":[1205371721]},{"billed_charge":1280.00,"npi":[1205371721]},{"billed_charge":1295.00,"npi":[1205371721]},{"billed_charge":1360.00,"npi":[1205371721]},{"billed_charge":2035.00,"npi":[1205371721]},{"billed_charge":2220.00,"npi":[1205371721]},{"billed_charge":2405.00,"npi":[1205371721]}]},{"allowed_amount":0.00,"billing_code_modifier":[""],"providers":[{"billed_charge":925.00,"npi":[1205371721]},{"billed_charge":960.00,"npi":[1205371721]},{"billed_charge":1110.00,"npi":[1205371721]},{"billed_charge":1240.00,"npi":[1205371721]},{"billed_charge":1280.00,"npi":[1205371721]},{"billed_charge":1295.00,"npi":[1205371721]},{"billed_charge":1360.00,"npi":[1205371721]},{"billed_charge":2035.00,"npi":[1205371721]},{"billed_charge":2220.00,"npi":[1205371721]},{"billed_charge":2405.00,"npi":[1205371721]}]},{"allowed_amount":0.00,"billing_code_modifier":[""],"providers":[{"billed_charge":925.00,"npi":[1205371721]},{"billed_charge":960.00,"npi":[1205371721]},{"billed_charge":1110.00,"npi":[1205371721]},{"billed_charge":1240.00,"npi":[1205371721]},{"billed_charge":1280.00,"npi":[1205371721]},{"billed_charge":1295.00,"npi":[1205371721]},{"billed_charge":1360.00,"npi":[1205371721]},{"billed_charge":2035.00,"npi":[1205371721]},{"billed_charge":2220.00,"npi":[1205371721]},{"billed_charge":2405.00,"npi":[1205371721]}]}]},{"tin":{"type":"ein","value":"770646160"},"service_code":["12"],"billing_class":"institutional","payments":[{"allowed_amount":0.00,"billing_code_modifier":[""],"providers":[{"billed_charge":925.00,"npi":[1205371721]},{"billed_charge":960.00,"npi":[1205371721]},{"billed_charge":1110.00,"npi":[1205371721]},{"billed_charge":1240.00,"npi":[1205371721]},{"billed_charge":1280.00,"npi":[1205371721]},{"billed_charge":1295.00,"npi":[1205371721]},{"billed_charge":1360.00,"npi":[1205371721]},{"billed_charge":2035.00,"npi":[1205371721]},{"billed_charge":2220.00,"npi":[1205371721]},{"billed_charge":2405.00,"npi":[1205371721]}]},{"allowed_amount":0.00,"billing_code_modifier":[""],"providers":[{"billed_charge":925.00,"npi":[1205371721]},{"billed_charge":960.00,"npi":[1205371721]},{"billed_charge":1110.00,"npi":[1205371721]},{"billed_charge":1240.00,"npi":[1205371721]},{"billed_charge":1280.00,"npi":[1205371721]},{"billed_charge":1295.00,"npi":[1205371721]},{"billed_charge":1360.00,"npi":[1205371721]},{"billed_charge":2035.00,"npi":[1205371721]},{"billed_charge":2220.00,"npi":[1205371721]},{"billed_charge":2405.00,"npi":[1205371721]}]},{"allowed_amount":0.00,"billing_code_modifier":[""],"providers":[{"billed_charge":925.00,"npi":[1205371721]},{"billed_charge":960.00,"npi":[1205371721]},{"billed_charge":1110.00,"npi":[1205371721]},{"billed_charge":1240.00,"npi":[1205371721]},{"billed_charge":1280.00,"npi":[1205371721]},{"billed_charge":1295.00,"npi":[1205371721]},{"billed_charge":1360.00,"npi":[1205371721]},{"billed_charge":2035.00,"npi":[1205371721]},{"billed_charge":2220.00,"npi":[1205371721]},{"billed_charge":2405.00,"npi":[1205371721]}]},{"allowed_amount":0.00,"billing_code_modifier":[""],"providers":[{"billed_charge":925.00,"npi":[1205371721]},{"billed_charge":960.00,"npi":[1205371721]},{"billed_charge":1110.00,"npi":[1205371721]},{"billed_charge":1240.00,"npi":[1205371721]},{"billed_charge":1280.00,"npi":[1205371721]},{"billed_charge":1295.00,"npi":[1205371721]},{"billed_charge":1360.00,"npi":[1205371721]},{"billed_charge":2035.00,"npi":[1205371721]},{"billed_charge":2220.00,"npi":[1205371721]},{"billed_charge":2405.00,"npi":[1205371721]}]},{"allowed_amount":0.00,"billing_code_modifier":[""],"providers":[{"billed_charge":925.00,"npi":[1205371721]},{"billed_charge":960.00,"npi":[1205371721]},{"billed_charge":1110.00,"npi":[1205371721]},{"billed_charge":1240.00,"npi":[1205371721]},{"billed_charge":1280.00,"npi":[1205371721]},{"billed_charge":1295.00,"npi":[1205371721]},{"billed_charge":1360.00,"npi":[1205371721]},{"billed_charge":2035.00,"npi":[1205371721]},{"billed_charge":2220.00,"npi":[1205371721]},{"billed_charge":2405.00,"npi":[1205371721]}]},{"allowed_amount":0.00,"billing_code_modifier":[""],"providers":[{"billed_charge":925.00,"npi":[1205371721]},{"billed_charge":960.00,"npi":[1205371721]},{"billed_charge":1110.00,"npi":[1205371721]},{"billed_charge":1240.00,"npi":[1205371721]},{"billed_charge":1280.00,"npi":[1205371721]},{"billed_charge":1295.00,"npi":[1205371721]},{"billed_charge":1360.00,"npi":[1205371721]},{"billed_charge":2035.00,"npi":[1205371721]},{"billed_charge":2220.00,"npi":[1205371721]},{"billed_charge":2405.00,"npi":[1205371721]}]},{"allowed_amount":0.00,"billing_code_modifier":[""],"providers":[{"billed_charge":925.00,"npi":[1205371721]},{"billed_charge":960.00,"npi":[1205371721]},{"billed_charge":1110.00,"npi":[1205371721]},{"billed_charge":1240.00,"npi":[1205371721]},{"billed_charge":1280.00,"npi":[1205371721]},{"billed_charge":1295.00,"npi":[1205371721]},{"billed_charge":1360.00,"npi":[1205371721]},{"billed_charge":2035.00,"npi":[1205371721]},{"billed_charge":2220.00,"npi":[1205371721]},{"billed_charge":2405.00,"npi":[1205371721]}]},{"allowed_amount":0.00,"billing_code_modifier":[""],"providers":[{"billed_charge":925.00,"npi":[1205371721]},{"billed_charge":960.00,"npi":[1205371721]},{"billed_charge":1110.00,"npi":[1205371721]},{"billed_charge":1240.00,"npi":[1205371721]},{"billed_charge":1280.00,"npi":[1205371721]},{"billed_charge":1295.00,"npi":[1205371721]},{"billed_charge":1360.00,"npi":[1205371721]},{"billed_charge":2035.00,"npi":[1205371721]},{"billed_charge":2220.00,"npi":[1205371721]},{"billed_charge":2405.00,"npi":[1205371721]}]},{"allowed_amount":0.00,"billing_code_modifier":[""],"providers":[{"billed_charge":925.00,"npi":[1205371721]},{"billed_charge":960.00,"npi":[1205371721]},{"billed_charge":1110.00,"npi":[1205371721]},{"billed_charge":1240.00,"npi":[1205371721]},{"billed_charge":1280.00,"npi":[1205371721]},{"billed_charge":1295.00,"npi":[1205371721]},{"billed_charge":1360.00,"npi":[1205371721]},{"billed_charge":2035.00,"npi":[1205371721]},{"billed_charge":2220.00,"npi":[1205371721]},{"billed_charge":2405.00,"npi":[1205371721]}]},{"allowed_amount":0.00,"billing_code_modifier":[""],"providers":[{"billed_charge":925.00,"npi":[1205371721]},{"billed_charge":960.00,"npi":[1205371721]},{"billed_charge":1110.00,"npi":[1205371721]},{"billed_charge":1240.00,"npi":[1205371721]},{"billed_charge":1280.00,"npi":[1205371721]},{"billed_charge":1295.00,"npi":[1205371721]},{"billed_charge":1360.00,"npi":[1205371721]},{"billed_charge":2035.00,"npi":[1205371721]},{"billed_charge":2220.00,"npi":[1205371721]},{"billed_charge":2405.00,"npi":[1205371721]}]}]},{"tin":{"type":"ein","value":"770646160"},"service_code":["12"],"billing_class":"institutional","payments":[{"allowed_amount":0.00,"billing_code_modifier":[""],"providers":[{"billed_charge":925.00,"npi":[1205371721]},{"billed_charge":960.00,"npi":[1205371721]},{"billed_charge":1110.00,"npi":[1205371721]},{"billed_charge":1240.00,"npi":[1205371721]},{"billed_charge":1280.00,"npi":[1205371721]},{"billed_charge":1295.00,"npi":[1205371721]},{"billed_charge":1360.00,"npi":[1205371721]},{"billed_charge":2035.00,"npi":[1205371721]},{"billed_charge":2220.00,"npi":[1205371721]},{"billed_charge":2405.00,"npi":[1205371721]}]},{"allowed_amount":0.00,"billing_code_modifier":[""],"providers":[{"billed_charge":925.00,"npi":[1205371721]},{"billed_charge":960.00,"npi":[1205371721]},{"billed_charge":1110.00,"npi":[1205371721]},{"billed_charge":1240.00,"npi":[1205371721]},{"billed_charge":1280.00,"npi":[1205371721]},{"billed_charge":1295.00,"npi":[1205371721]},{"billed_charge":1360.00,"npi":[1205371721]},{"billed_charge":2035.00,"npi":[1205371721]},{"billed_charge":2220.00,"npi":[1205371721]},{"billed_charge":2405.00,"npi":[1205371721]}]},{"allowed_amount":0.00,"billing_code_modifier":[""],"providers":[{"billed_charge":925.00,"npi":[1205371721]},{"billed_charge":960.00,"npi":[1205371721]},{"billed_charge":1110.00,"npi":[1205371721]},{"billed_charge":1240.00,"npi":[1205371721]},{"billed_charge":1280.00,"npi":[1205371721]},{"billed_charge":1295.00,"npi":[1205371721]},{"billed_charge":1360.00,"npi":[1205371721]},{"billed_charge":2035.00,"npi":[1205371721]},{"billed_charge":2220.00,"npi":[1205371721]},{"billed_charge":2405.00,"npi":[1205371721]}]},{"allowed_amount":0.00,"billing_code_modifier":[""],"providers":[{"billed_charge":925.00,"npi":[1205371721]},{"billed_charge":960.00,"npi":[1205371721]},{"billed_charge":1110.00,"npi":[1205371721]},{"billed_charge":1240.00,"npi":[1205371721]},{"billed_charge":1280.00,"npi":[1205371721]},{"billed_charge":1295.00,"npi":[1205371721]},{"billed_charge":1360.00,"npi":[1205371721]},{"billed_charge":2035.00,"npi":[1205371721]},{"billed_charge":2220.00,"npi":[1205371721]},{"billed_charge":2405.00,"npi":[1205371721]}]},{"allowed_amount":0.00,"billing_code_modifier":[""],"providers":[{"billed_charge":925.00,"npi":[1205371721]},{"billed_charge":960.00,"npi":[1205371721]},{"billed_charge":1110.00,"npi":[1205371721]},{"billed_charge":1240.00,"npi":[1205371721]},{"billed_charge":1280.00,"npi":[1205371721]},{"billed_charge":1295.00,"npi":[1205371721]},{"billed_charge":1360.00,"npi":[1205371721]},{"billed_charge":2035.00,"npi":[1205371721]},{"billed_charge":2220.00,"npi":[1205371721]},{"billed_charge":2405.00,"npi":[1205371721]}]},{"allowed_amount":0.00,"billing_code_modifier":[""],"providers":[{"billed_charge":925.00,"npi":[1205371721]},{"billed_charge":960.00,"npi":[1205371721]},{"billed_charge":1110.00,"npi":[1205371721]},{"billed_charge":1240.00,"npi":[1205371721]},{"billed_charge":1280.00,"npi":[1205371721]},{"billed_charge":1295.00,"npi":[1205371721]},{"billed_charge":1360.00,"npi":[1205371721]},{"billed_charge":2035.00,"npi":[1205371721]},{"billed_charge":2220.00,"npi":[1205371721]},{"billed_charge":2405.00,"npi":[1205371721]}]},{"allowed_amount":0.00,"billing_code_modifier":[""],"providers":[{"billed_charge":925.00,"npi":[1205371721]},{"billed_charge":960.00,"npi":[1205371721]},{"billed_charge":1110.00,"npi":[1205371721]},{"billed_charge":1240.00,"npi":[1205371721]},{"billed_charge":1280.00,"npi":[1205371721]},{"billed_charge":1295.00,"npi":[1205371721]},{"billed_charge":1360.00,"npi":[1205371721]},{"billed_charge":2035.00,"npi":[1205371721]},{"billed_charge":2220.00,"npi":[1205371721]},{"billed_charge":2405.00,"npi":[1205371721]}]},{"allowed_amount":0.00,"billing_code_modifier":[""],"providers":[{"billed_charge":925.00,"npi":[1205371721]},{"billed_charge":960.00,"npi":[1205371721]},{"billed_charge":1110.00,"npi":[1205371721]},{"billed_charge":1240.00,"npi":[1205371721]},{"billed_charge":1280.00,"npi":[1205371721]},{"billed_charge":1295.00,"npi":[1205371721]},{"billed_charge":1360.00,"npi":[1205371721]},{"billed_charge":2035.00,"npi":[1205371721]},{"billed_charge":2220.00,"npi":[1205371721]},{"billed_charge":2405.00,"npi":[1205371721]}]},{"allowed_amount":0.00,"billing_code_modifier":[""],"providers":[{"billed_charge":925.00,"npi":[1205371721]},{"billed_charge":960.00,"npi":[1205371721]},{"billed_charge":1110.00,"npi":[1205371721]},{"billed_charge":1240.00,"npi":[1205371721]},{"billed_charge":1280.00,"npi":[1205371721]},{"billed_charge":1295.00,"npi":[1205371721]},{"billed_charge":1360.00,"npi":[1205371721]},{"billed_charge":2035.00,"npi":[1205371721]},{"billed_charge":2220.00,"npi":[1205371721]},{"billed_charge":2405.00,"npi":[1205371721]}]},{"allowed_amount":0.00,"billing_code_modifier":[""],"providers":[{"billed_charge":925.00,"npi":[1205371721]},{"billed_charge":960.00,"npi":[1205371721]},{"billed_charge":1110.00,"npi":[1205371721]},{"billed_charge":1240.00,"npi":[1205371721]},{"billed_charge":1280.00,"npi":[1205371721]},{"billed_charge":1295.00,"npi":[1205371721]},{"billed_charge":1360.00,"npi":[1205371721]},{"billed_charge":2035.00,"npi":[1205371721]},{"billed_charge":2220.00,"npi":[1205371721]},{"billed_charge":2405.00,"npi":[1205371721]}]}]},{"tin":{"type":"ein","value":"770646160"},"service_code":["12"],"billing_class":"institutional","payments":[{"allowed_amount":0.00,"billing_code_modifier":[""],"providers":[{"billed_charge":925.00,"npi":[1205371721]},{"billed_charge":960.00,"npi":[1205371721]},{"billed_charge":1110.00,"npi":[1205371721]},{"billed_charge":1240.00,"npi":[1205371721]},{"billed_charge":1280.00,"npi":[1205371721]},{"billed_charge":1295.00,"npi":[1205371721]},{"billed_charge":1360.00,"npi":[1205371721]},{"billed_charge":2035.00,"npi":[1205371721]},{"billed_charge":2220.00,"npi":[1205371721]},{"billed_charge":2405.00,"npi":[1205371721]}]},{"allowed_amount":0.00,"billing_code_modifier":[""],"providers":[{"billed_charge":925.00,"npi":[1205371721]},{"billed_charge":960.00,"npi":[1205371721]},{"billed_charge":1110.00,"npi":[1205371721]},{"billed_charge":1240.00,"npi":[1205371721]},{"billed_charge":1280.00,"npi":[1205371721]},{"billed_charge":1295.00,"npi":[1205371721]},{"billed_charge":1360.00,"npi":[1205371721]},{"billed_charge":2035.00,"npi":[1205371721]},{"billed_charge":2220.00,"npi":[1205371721]},{"billed_charge":2405.00,"npi":[1205371721]}]},{"allowed_amount":0.00,"billing_code_modifier":[""],"providers":[{"billed_charge":925.00,"npi":[1205371721]},{"billed_charge":960.00,"npi":[1205371721]},{"billed_charge":1110.00,"npi":[1205371721]},{"billed_charge":1240.00,"npi":[1205371721]},{"billed_charge":1280.00,"npi":[1205371721]},{"billed_charge":1295.00,"npi":[1205371721]},{"billed_charge":1360.00,"npi":[1205371721]},{"billed_charge":2035.00,"npi":[1205371721]},{"billed_charge":2220.00,"npi":[1205371721]},{"billed_charge":2405.00,"npi":[1205371721]}]},{"allowed_amount":0.00,"billing_code_modifier":[""],"providers":[{"billed_charge":925.00,"npi":[1205371721]},{"billed_charge":960.00,"npi":[1205371721]},{"billed_charge":1110.00,"npi":[1205371721]},{"billed_charge":1240.00,"npi":[1205371721]},{"billed_charge":1280.00,"npi":[1205371721]},{"billed_charge":1295.00,"npi":[1205371721]},{"billed_charge":1360.00,"npi":[1205371721]},{"billed_charge":2035.00,"npi":[1205371721]},{"billed_charge":2220.00,"npi":[1205371721]},{"billed_charge":2405.00,"npi":[1205371721]}]},{"allowed_amount":0.00,"billing_code_modifier":[""],"providers":[{"billed_charge":925.00,"npi":[1205371721]},{"billed_charge":960.00,"npi":[1205371721]},{"billed_charge":1110.00,"npi":[1205371721]},{"billed_charge":1240.00,"npi":[1205371721]},{"billed_charge":1280.00,"npi":[1205371721]},{"billed_charge":1295.00,"npi":[1205371721]},{"billed_charge":1360.00,"npi":[1205371721]},{"billed_charge":2035.00,"npi":[1205371721]},{"billed_charge":2220.00,"npi":[1205371721]},{"billed_charge":2405.00,"npi":[1205371721]}]},{"allowed_amount":0.00,"billing_code_modifier":[""],"providers":[{"billed_charge":925.00,"npi":[1205371721]},{"billed_charge":960.00,"npi":[1205371721]},{"billed_charge":1110.00,"npi":[1205371721]},{"billed_charge":1240.00,"npi":[1205371721]},{"billed_charge":1280.00,"npi":[1205371721]},{"billed_charge":1295.00,"npi":[1205371721]},{"billed_charge":1360.00,"npi":[1205371721]},{"billed_charge":2035.00,"npi":[1205371721]},{"billed_charge":2220.00,"npi":[1205371721]},{"billed_charge":2405.00,"npi":[1205371721]}]},{"allowed_amount":0.00,"billing_code_modifier":[""],"providers":[{"billed_charge":925.00,"npi":[1205371721]},{"billed_charge":960.00,"npi":[1205371721]},{"billed_charge":1110.00,"npi":[1205371721]},{"billed_charge":1240.00,"npi":[1205371721]},{"billed_charge":1280.00,"npi":[1205371721]},{"billed_charge":1295.00,"npi":[1205371721]},{"billed_charge":1360.00,"npi":[1205371721]},{"billed_charge":2035.00,"npi":[1205371721]},{"billed_charge":2220.00,"npi":[1205371721]},{"billed_charge":2405.00,"npi":[1205371721]}]},{"allowed_amount":0.00,"billing_code_modifier":[""],"providers":[{"billed_charge":925.00,"npi":[1205371721]},{"billed_charge":960.00,"npi":[1205371721]},{"billed_charge":1110.00,"npi":[1205371721]},{"billed_charge":1240.00,"npi":[1205371721]},{"billed_charge":1280.00,"npi":[1205371721]},{"billed_charge":1295.00,"npi":[1205371721]},{"billed_charge":1360.00,"npi":[1205371721]},{"billed_charge":2035.00,"npi":[1205371721]},{"billed_charge":2220.00,"npi":[1205371721]},{"billed_charge":2405.00,"npi":[1205371721]}]},{"allowed_amount":0.00,"billing_code_modifier":[""],"providers":[{"billed_charge":925.00,"npi":[1205371721]},{"billed_charge":960.00,"npi":[1205371721]},{"billed_charge":1110.00,"npi":[1205371721]},{"billed_charge":1240.00,"npi":[1205371721]},{"billed_charge":1280.00,"npi":[1205371721]},{"billed_charge":1295.00,"npi":[1205371721]},{"billed_charge":1360.00,"npi":[1205371721]},{"billed_charge":2035.00,"npi":[1205371721]},{"billed_charge":2220.00,"npi":[1205371721]},{"billed_charge":2405.00,"npi":[1205371721]}]},{"allowed_amount":0.00,"billing_code_modifier":[""],"providers":[{"billed_charge":925.00,"npi":[1205371721]},{"billed_charge":960.00,"npi":[1205371721]},{"billed_charge":1110.00,"npi":[1205371721]},{"billed_charge":1240.00,"npi":[1205371721]},{"billed_charge":1280.00,"npi":[1205371721]},{"billed_charge":1295.00,"npi":[1205371721]},{"billed_charge":1360.00,"npi":[1205371721]},{"billed_charge":2035.00,"npi":[1205371721]},{"billed_charge":2220.00,"npi":[1205371721]},{"billed_charge":2405.00,"npi":[1205371721]}]}]},{"tin":{"type":"ein","value":"770646160"},"service_code":["12"],"billing_class":"institutional","payments":[{"allowed_amount":0.00,"billing_code_modifier":[""],"providers":[{"billed_charge":925.00,"npi":[1205371721]},{"billed_charge":960.00,"npi":[1205371721]},{"billed_charge":1110.00,"npi":[1205371721]},{"billed_charge":1240.00,"npi":[1205371721]},{"billed_charge":1280.00,"npi":[1205371721]},{"billed_charge":1295.00,"npi":[1205371721]},{"billed_charge":1360.00,"npi":[1205371721]},{"billed_charge":2035.00,"npi":[1205371721]},{"billed_charge":2220.00,"npi":[1205371721]},{"billed_charge":2405.00,"npi":[1205371721]}]},{"allowed_amount":0.00,"billing_code_modifier":[""],"providers":[{"billed_charge":925.00,"npi":[1205371721]},{"billed_charge":960.00,"npi":[1205371721]},{"billed_charge":1110.00,"npi":[1205371721]},{"billed_charge":1240.00,"npi":[1205371721]},{"billed_charge":1280.00,"npi":[1205371721]},{"billed_charge":1295.00,"npi":[1205371721]},{"billed_charge":1360.00,"npi":[1205371721]},{"billed_charge":2035.00,"npi":[1205371721]},{"billed_charge":2220.00,"npi":[1205371721]},{"billed_charge":2405.00,"npi":[1205371721]}]},{"allowed_amount":0.00,"billing_code_modifier":[""],"providers":[{"billed_charge":925.00,"npi":[1205371721]},{"billed_charge":960.00,"npi":[1205371721]},{"billed_charge":1110.00,"npi":[1205371721]},{"billed_charge":1240.00,"npi":[1205371721]},{"billed_charge":1280.00,"npi":[1205371721]},{"billed_charge":1295.00,"npi":[1205371721]},{"billed_charge":1360.00,"npi":[1205371721]},{"billed_charge":2035.00,"npi":[1205371721]},{"billed_charge":2220.00,"npi":[1205371721]},{"billed_charge":2405.00,"npi":[1205371721]}]},{"allowed_amount":0.00,"billing_code_modifier":[""],"providers":[{"billed_charge":925.00,"npi":[1205371721]},{"billed_charge":960.00,"npi":[1205371721]},{"billed_charge":1110.00,"npi":[1205371721]},{"billed_charge":1240.00,"npi":[1205371721]},{"billed_charge":1280.00,"npi":[1205371721]},{"billed_charge":1295.00,"npi":[1205371721]},{"billed_charge":1360.00,"npi":[1205371721]},{"billed_charge":2035.00,"npi":[1205371721]},{"billed_charge":2220.00,"npi":[1205371721]},{"billed_charge":2405.00,"npi":[1205371721]}]},{"allowed_amount":0.00,"billing_code_modifier":[""],"providers":[{"billed_charge":925.00,"npi":[1205371721]},{"billed_charge":960.00,"npi":[1205371721]},{"billed_charge":1110.00,"npi":[1205371721]},{"billed_charge":1240.00,"npi":[1205371721]},{"billed_charge":1280.00,"npi":[1205371721]},{"billed_charge":1295.00,"npi":[1205371721]},{"billed_charge":1360.00,"npi":[1205371721]},{"billed_charge":2035.00,"npi":[1205371721]},{"billed_charge":2220.00,"npi":[1205371721]},{"billed_charge":2405.00,"npi":[1205371721]}]},{"allowed_amount":0.00,"billing_code_modifier":[""],"providers":[{"billed_charge":925.00,"npi":[1205371721]},{"billed_charge":960.00,"npi":[1205371721]},{"billed_charge":1110.00,"npi":[1205371721]},{"billed_charge":1240.00,"npi":[1205371721]},{"billed_charge":1280.00,"npi":[1205371721]},{"billed_charge":1295.00,"npi":[1205371721]},{"billed_charge":1360.00,"npi":[1205371721]},{"billed_charge":2035.00,"npi":[1205371721]},{"billed_charge":2220.00,"npi":[1205371721]},{"billed_charge":2405.00,"npi":[1205371721]}]},{"allowed_amount":0.00,"billing_code_modifier":[""],"providers":[{"billed_charge":925.00,"npi":[1205371721]},{"billed_charge":960.00,"npi":[1205371721]},{"billed_charge":1110.00,"npi":[1205371721]},{"billed_charge":1240.00,"npi":[1205371721]},{"billed_charge":1280.00,"npi":[1205371721]},{"billed_charge":1295.00,"npi":[1205371721]},{"billed_charge":1360.00,"npi":[1205371721]},{"billed_charge":2035.00,"npi":[1205371721]},{"billed_charge":2220.00,"npi":[1205371721]},{"billed_charge":2405.00,"npi":[1205371721]}]},{"allowed_amount":0.00,"billing_code_modifier":[""],"providers":[{"billed_charge":925.00,"npi":[1205371721]},{"billed_charge":960.00,"npi":[1205371721]},{"billed_charge":1110.00,"npi":[1205371721]},{"billed_charge":1240.00,"npi":[1205371721]},{"billed_charge":1280.00,"npi":[1205371721]},{"billed_charge":1295.00,"npi":[1205371721]},{"billed_charge":1360.00,"npi":[1205371721]},{"billed_charge":2035.00,"npi":[1205371721]},{"billed_charge":2220.00,"npi":[1205371721]},{"billed_charge":2405.00,"npi":[1205371721]}]},{"allowed_amount":0.00,"billing_code_modifier":[""],"providers":[{"billed_charge":925.00,"npi":[1205371721]},{"billed_charge":960.00,"npi":[1205371721]},{"billed_charge":1110.00,"npi":[1205371721]},{"billed_charge":1240.00,"npi":[1205371721]},{"billed_charge":1280.00,"npi":[1205371721]},{"billed_charge":1295.00,"npi":[1205371721]},{"billed_charge":1360.00,"npi":[1205371721]},{"billed_charge":2035.00,"npi":[1205371721]},{"billed_charge":2220.00,"npi":[1205371721]},{"billed_charge":2405.00,"npi":[1205371721]}]},{"allowed_amount":0.00,"billing_code_modifier":[""],"providers":[{"billed_charge":925.00,"npi":[1205371721]},{"billed_charge":960.00,"npi":[1205371721]},{"billed_charge":1110.00,"npi":[1205371721]},{"billed_charge":1240.00,"npi":[1205371721]},{"billed_charge":1280.00,"npi":[1205371721]},{"billed_charge":1295.00,"npi":[1205371721]},{"billed_charge":1360.00,"npi":[1205371721]},{"billed_charge":2035.00,"npi":[1205371721]},{"billed_charge":2220.00,"npi":[1205371721]},{"billed_charge":2405.00,"npi":[1205371721]}]}]},{"tin":{"type":"ein","value":"770646160"},"service_code":["12"],"billing_class":"institutional","payments":[{"allowed_amount":0.00,"billing_code_modifier":[""],"providers":[{"billed_charge":925.00,"npi":[1205371721]},{"billed_charge":960.00,"npi":[1205371721]},{"billed_charge":1110.00,"npi":[1205371721]},{"billed_charge":1240.00,"npi":[1205371721]},{"billed_charge":1280.00,"npi":[1205371721]},{"billed_charge":1295.00,"npi":[1205371721]},{"billed_charge":1360.00,"npi":[1205371721]},{"billed_charge":2035.00,"npi":[1205371721]},{"billed_charge":2220.00,"npi":[1205371721]},{"billed_charge":2405.00,"npi":[1205371721]}]},{"allowed_amount":0.00,"billing_code_modifier":[""],"providers":[{"billed_charge":925.00,"npi":[1205371721]},{"billed_charge":960.00,"npi":[1205371721]},{"billed_charge":1110.00,"npi":[1205371721]},{"billed_charge":1240.00,"npi":[1205371721]},{"billed_charge":1280.00,"npi":[1205371721]},{"billed_charge":1295.00,"npi":[1205371721]},{"billed_charge":1360.00,"npi":[1205371721]},{"billed_charge":2035.00,"npi":[1205371721]},{"billed_charge":2220.00,"npi":[1205371721]},{"billed_charge":2405.00,"npi":[1205371721]}]},{"allowed_amount":0.00,"billing_code_modifier":[""],"providers":[{"billed_charge":925.00,"npi":[1205371721]},{"billed_charge":960.00,"npi":[1205371721]},{"billed_charge":1110.00,"npi":[1205371721]},{"billed_charge":1240.00,"npi":[1205371721]},{"billed_charge":1280.00,"npi":[1205371721]},{"billed_charge":1295.00,"npi":[1205371721]},{"billed_charge":1360.00,"npi":[1205371721]},{"billed_charge":2035.00,"npi":[1205371721]},{"billed_charge":2220.00,"npi":[1205371721]},{"billed_charge":2405.00,"npi":[1205371721]}]},{"allowed_amount":0.00,"billing_code_modifier":[""],"providers":[{"billed_charge":925.00,"npi":[1205371721]},{"billed_charge":960.00,"npi":[1205371721]},{"billed_charge":1110.00,"npi":[1205371721]},{"billed_charge":1240.00,"npi":[1205371721]},{"billed_charge":1280.00,"npi":[1205371721]},{"billed_charge":1295.00,"npi":[1205371721]},{"billed_charge":1360.00,"npi":[1205371721]},{"billed_charge":2035.00,"npi":[1205371721]},{"billed_charge":2220.00,"npi":[1205371721]},{"billed_charge":2405.00,"npi":[1205371721]}]},{"allowed_amount":0.00,"billing_code_modifier":[""],"providers":[{"billed_charge":925.00,"npi":[1205371721]},{"billed_charge":960.00,"npi":[1205371721]},{"billed_charge":1110.00,"npi":[1205371721]},{"billed_charge":1240.00,"npi":[1205371721]},{"billed_charge":1280.00,"npi":[1205371721]},{"billed_charge":1295.00,"npi":[1205371721]},{"billed_charge":1360.00,"npi":[1205371721]},{"billed_charge":2035.00,"npi":[1205371721]},{"billed_charge":2220.00,"npi":[1205371721]},{"billed_charge":2405.00,"npi":[1205371721]}]},{"allowed_amount":0.00,"billing_code_modifier":[""],"providers":[{"billed_charge":925.00,"npi":[1205371721]},{"billed_charge":960.00,"npi":[1205371721]},{"billed_charge":1110.00,"npi":[1205371721]},{"billed_charge":1240.00,"npi":[1205371721]},{"billed_charge":1280.00,"npi":[1205371721]},{"billed_charge":1295.00,"npi":[1205371721]},{"billed_charge":1360.00,"npi":[1205371721]},{"billed_charge":2035.00,"npi":[1205371721]},{"billed_charge":2220.00,"npi":[1205371721]},{"billed_charge":2405.00,"npi":[1205371721]}]},{"allowed_amount":0.00,"billing_code_modifier":[""],"providers":[{"billed_charge":925.00,"npi":[1205371721]},{"billed_charge":960.00,"npi":[1205371721]},{"billed_charge":1110.00,"npi":[1205371721]},{"billed_charge":1240.00,"npi":[1205371721]},{"billed_charge":1280.00,"npi":[1205371721]},{"billed_charge":1295.00,"npi":[1205371721]},{"billed_charge":1360.00,"npi":[1205371721]},{"billed_charge":2035.00,"npi":[1205371721]},{"billed_charge":2220.00,"npi":[1205371721]},{"billed_charge":2405.00,"npi":[1205371721]}]},{"allowed_amount":0.00,"billing_code_modifier":[""],"providers":[{"billed_charge":925.00,"npi":[1205371721]},{"billed_charge":960.00,"npi":[1205371721]},{"billed_charge":1110.00,"npi":[1205371721]},{"billed_charge":1240.00,"npi":[1205371721]},{"billed_charge":1280.00,"npi":[1205371721]},{"billed_charge":1295.00,"npi":[1205371721]},{"billed_charge":1360.00,"npi":[1205371721]},{"billed_charge":2035.00,"npi":[1205371721]},{"billed_charge":2220.00,"npi":[1205371721]},{"billed_charge":2405.00,"npi":[1205371721]}]},{"allowed_amount":0.00,"billing_code_modifier":[""],"providers":[{"billed_charge":925.00,"npi":[1205371721]},{"billed_charge":960.00,"npi":[1205371721]},{"billed_charge":1110.00,"npi":[1205371721]},{"billed_charge":1240.00,"npi":[1205371721]},{"billed_charge":1280.00,"npi":[1205371721]},{"billed_charge":1295.00,"npi":[1205371721]},{"billed_charge":1360.00,"npi":[1205371721]},{"billed_charge":2035.00,"npi":[1205371721]},{"billed_charge":2220.00,"npi":[1205371721]},{"billed_charge":2405.00,"npi":[1205371721]}]},{"allowed_amount":0.00,"billing_code_modifier":[""],"providers":[{"billed_charge":925.00,"npi":[1205371721]},{"billed_charge":960.00,"npi":[1205371721]},{"billed_charge":1110.00,"npi":[1205371721]},{"billed_charge":1240.00,"npi":[1205371721]},{"billed_charge":1280.00,"npi":[1205371721]},{"billed_charge":1295.00,"npi":[1205371721]},{"billed_charge":1360.00,"npi":[1205371721]},{"billed_charge":2035.00,"npi":[1205371721]},{"billed_charge":2220.00,"npi":[1205371721]},{"billed_charge":2405.00,"npi":[1205371721]}]}]},{"tin":{"type":"ein","value":"770646160"},"service_code":["12"],"billing_class":"institutional","payments":[{"allowed_amount":0.00,"billing_code_modifier":[""],"providers":[{"billed_charge":925.00,"npi":[1205371721]},{"billed_charge":960.00,"npi":[1205371721]},{"billed_charge":1110.00,"npi":[1205371721]},{"billed_charge":1240.00,"npi":[1205371721]},{"billed_charge":1280.00,"npi":[1205371721]},{"billed_charge":1295.00,"npi":[1205371721]},{"billed_charge":1360.00,"npi":[1205371721]},{"billed_charge":2035.00,"npi":[1205371721]},{"billed_charge":2220.00,"npi":[1205371721]},{"billed_charge":2405.00,"npi":[1205371721]}]},{"allowed_amount":0.00,"billing_code_modifier":[""],"providers":[{"billed_charge":925.00,"npi":[1205371721]},{"billed_charge":960.00,"npi":[1205371721]},{"billed_charge":1110.00,"npi":[1205371721]},{"billed_charge":1240.00,"npi":[1205371721]},{"billed_charge":1280.00,"npi":[1205371721]},{"billed_charge":1295.00,"npi":[1205371721]},{"billed_charge":1360.00,"npi":[1205371721]},{"billed_charge":2035.00,"npi":[1205371721]},{"billed_charge":2220.00,"npi":[1205371721]},{"billed_charge":2405.00,"npi":[1205371721]}]},{"allowed_amount":0.00,"billing_code_modifier":[""],"providers":[{"billed_charge":925.00,"npi":[1205371721]},{"billed_charge":960.00,"npi":[1205371721]},{"billed_charge":1110.00,"npi":[1205371721]},{"billed_charge":1240.00,"npi":[1205371721]},{"billed_charge":1280.00,"npi":[1205371721]},{"billed_charge":1295.00,"npi":[1205371721]},{"billed_charge":1360.00,"npi":[1205371721]},{"billed_charge":2035.00,"npi":[1205371721]},{"billed_charge":2220.00,"npi":[1205371721]},{"billed_charge":2405.00,"npi":[1205371721]}]},{"allowed_amount":0.00,"billing_code_modifier":[""],"providers":[{"billed_charge":925.00,"npi":[1205371721]},{"billed_charge":960.00,"npi":[1205371721]},{"billed_charge":1110.00,"npi":[1205371721]},{"billed_charge":1240.00,"npi":[1205371721]},{"billed_charge":1280.00,"npi":[1205371721]},{"billed_charge":1295.00,"npi":[1205371721]},{"billed_charge":1360.00,"npi":[1205371721]},{"billed_charge":2035.00,"npi":[1205371721]},{"billed_charge":2220.00,"npi":[1205371721]},{"billed_charge":2405.00,"npi":[1205371721]}]},{"allowed_amount":0.00,"billing_code_modifier":[""],"providers":[{"billed_charge":925.00,"npi":[1205371721]},{"billed_charge":960.00,"npi":[1205371721]},{"billed_charge":1110.00,"npi":[1205371721]},{"billed_charge":1240.00,"npi":[1205371721]},{"billed_charge":1280.00,"npi":[1205371721]},{"billed_charge":1295.00,"npi":[1205371721]},{"billed_charge":1360.00,"npi":[1205371721]},{"billed_charge":2035.00,"npi":[1205371721]},{"billed_charge":2220.00,"npi":[1205371721]},{"billed_charge":2405.00,"npi":[1205371721]}]},{"allowed_amount":0.00,"billing_code_modifier":[""],"providers":[{"billed_charge":925.00,"npi":[1205371721]},{"billed_charge":960.00,"npi":[1205371721]},{"billed_charge":1110.00,"npi":[1205371721]},{"billed_charge":1240.00,"npi":[1205371721]},{"billed_charge":1280.00,"npi":[1205371721]},{"billed_charge":1295.00,"npi":[1205371721]},{"billed_charge":1360.00,"npi":[1205371721]},{"billed_charge":2035.00,"npi":[1205371721]},{"billed_charge":2220.00,"npi":[1205371721]},{"billed_charge":2405.00,"npi":[1205371721]}]},{"allowed_amount":0.00,"billing_code_modifier":[""],"providers":[{"billed_charge":925.00,"npi":[1205371721]},{"billed_charge":960.00,"npi":[1205371721]},{"billed_charge":1110.00,"npi":[1205371721]},{"billed_charge":1240.00,"npi":[1205371721]},{"billed_charge":1280.00,"npi":[1205371721]},{"billed_charge":1295.00,"npi":[1205371721]},{"billed_charge":1360.00,"npi":[1205371721]},{"billed_charge":2035.00,"npi":[1205371721]},{"billed_charge":2220.00,"npi":[1205371721]},{"billed_charge":2405.00,"npi":[1205371721]}]},{"allowed_amount":0.00,"billing_code_modifier":[""],"providers":[{"billed_charge":925.00,"npi":[1205371721]},{"billed_charge":960.00,"npi":[1205371721]},{"billed_charge":1110.00,"npi":[1205371721]},{"billed_charge":1240.00,"npi":[1205371721]},{"billed_charge":1280.00,"npi":[1205371721]},{"billed_charge":1295.00,"npi":[1205371721]},{"billed_charge":1360.00,"npi":[1205371721]},{"billed_charge":2035.00,"npi":[1205371721]},{"billed_charge":2220.00,"npi":[1205371721]},{"billed_charge":2405.00,"npi":[1205371721]}]},{"allowed_amount":0.00,"billing_code_modifier":[""],"providers":[{"billed_charge":925.00,"npi":[1205371721]},{"billed_charge":960.00,"npi":[1205371721]},{"billed_charge":1110.00,"npi":[1205371721]},{"billed_charge":1240.00,"npi":[1205371721]},{"billed_charge":1280.00,"npi":[1205371721]},{"billed_charge":1295.00,"npi":[1205371721]},{"billed_charge":1360.00,"npi":[1205371721]},{"billed_charge":2035.00,"npi":[1205371721]},{"billed_charge":2220.00,"npi":[1205371721]},{"billed_charge":2405.00,"npi":[1205371721]}]},{"allowed_amount":0.00,"billing_code_modifier":[""],"providers":[{"billed_charge":925.00,"npi":[1205371721]},{"billed_charge":960.00,"npi":[1205371721]},{"billed_charge":1110.00,"npi":[1205371721]},{"billed_charge":1240.00,"npi":[1205371721]},{"billed_charge":1280.00,"npi":[1205371721]},{"billed_charge":1295.00,"npi":[1205371721]},{"billed_charge":1360.00,"npi":[1205371721]},{"billed_charge":2035.00,"npi":[1205371721]},{"billed_charge":2220.00,"npi":[1205371721]},{"billed_charge":2405.00,"npi":[1205371721]}]}]},{"tin":{"type":"ein","value":"770646160"},"service_code":["12"],"billing_class":"institutional","payments":[{"allowed_amount":0.00,"billing_code_modifier":[""],"providers":[{"billed_charge":925.00,"npi":[1205371721]},{"billed_charge":960.00,"npi":[1205371721]},{"billed_charge":1110.00,"npi":[1205371721]},{"billed_charge":1240.00,"npi":[1205371721]},{"billed_charge":1280.00,"npi":[1205371721]},{"billed_charge":1295.00,"npi":[1205371721]},{"billed_charge":1360.00,"npi":[1205371721]},{"billed_charge":2035.00,"npi":[1205371721]},{"billed_charge":2220.00,"npi":[1205371721]},{"billed_charge":2405.00,"npi":[1205371721]}]},{"allowed_amount":0.00,"billing_code_modifier":[""],"providers":[{"billed_charge":925.00,"npi":[1205371721]},{"billed_charge":960.00,"npi":[1205371721]},{"billed_charge":1110.00,"npi":[1205371721]},{"billed_charge":1240.00,"npi":[1205371721]},{"billed_charge":1280.00,"npi":[1205371721]},{"billed_charge":1295.00,"npi":[1205371721]},{"billed_charge":1360.00,"npi":[1205371721]},{"billed_charge":2035.00,"npi":[1205371721]},{"billed_charge":2220.00,"npi":[1205371721]},{"billed_charge":2405.00,"npi":[1205371721]}]},{"allowed_amount":0.00,"billing_code_modifier":[""],"providers":[{"billed_charge":925.00,"npi":[1205371721]},{"billed_charge":960.00,"npi":[1205371721]},{"billed_charge":1110.00,"npi":[1205371721]},{"billed_charge":1240.00,"npi":[1205371721]},{"billed_charge":1280.00,"npi":[1205371721]},{"billed_charge":1295.00,"npi":[1205371721]},{"billed_charge":1360.00,"npi":[1205371721]},{"billed_charge":2035.00,"npi":[1205371721]},{"billed_charge":2220.00,"npi":[1205371721]},{"billed_charge":2405.00,"npi":[1205371721]}]},{"allowed_amount":0.00,"billing_code_modifier":[""],"providers":[{"billed_charge":925.00,"npi":[1205371721]},{"billed_charge":960.00,"npi":[1205371721]},{"billed_charge":1110.00,"npi":[1205371721]},{"billed_charge":1240.00,"npi":[1205371721]},{"billed_charge":1280.00,"npi":[1205371721]},{"billed_charge":1295.00,"npi":[1205371721]},{"billed_charge":1360.00,"npi":[1205371721]},{"billed_charge":2035.00,"npi":[1205371721]},{"billed_charge":2220.00,"npi":[1205371721]},{"billed_charge":2405.00,"npi":[1205371721]}]},{"allowed_amount":0.00,"billing_code_modifier":[""],"providers":[{"billed_charge":925.00,"npi":[1205371721]},{"billed_charge":960.00,"npi":[1205371721]},{"billed_charge":1110.00,"npi":[1205371721]},{"billed_charge":1240.00,"npi":[1205371721]},{"billed_charge":1280.00,"npi":[1205371721]},{"billed_charge":1295.00,"npi":[1205371721]},{"billed_charge":1360.00,"npi":[1205371721]},{"billed_charge":2035.00,"npi":[1205371721]},{"billed_charge":2220.00,"npi":[1205371721]},{"billed_charge":2405.00,"npi":[1205371721]}]},{"allowed_amount":0.00,"billing_code_modifier":[""],"providers":[{"billed_charge":925.00,"npi":[1205371721]},{"billed_charge":960.00,"npi":[1205371721]},{"billed_charge":1110.00,"npi":[1205371721]},{"billed_charge":1240.00,"npi":[1205371721]},{"billed_charge":1280.00,"npi":[1205371721]},{"billed_charge":1295.00,"npi":[1205371721]},{"billed_charge":1360.00,"npi":[1205371721]},{"billed_charge":2035.00,"npi":[1205371721]},{"billed_charge":2220.00,"npi":[1205371721]},{"billed_charge":2405.00,"npi":[1205371721]}]},{"allowed_amount":0.00,"billing_code_modifier":[""],"providers":[{"billed_charge":925.00,"npi":[1205371721]},{"billed_charge":960.00,"npi":[1205371721]},{"billed_charge":1110.00,"npi":[1205371721]},{"billed_charge":1240.00,"npi":[1205371721]},{"billed_charge":1280.00,"npi":[1205371721]},{"billed_charge":1295.00,"npi":[1205371721]},{"billed_charge":1360.00,"npi":[1205371721]},{"billed_charge":2035.00,"npi":[1205371721]},{"billed_charge":2220.00,"npi":[1205371721]},{"billed_charge":2405.00,"npi":[1205371721]}]},{"allowed_amount":0.00,"billing_code_modifier":[""],"providers":[{"billed_charge":925.00,"npi":[1205371721]},{"billed_charge":960.00,"npi":[1205371721]},{"billed_charge":1110.00,"npi":[1205371721]},{"billed_charge":1240.00,"npi":[1205371721]},{"billed_charge":1280.00,"npi":[1205371721]},{"billed_charge":1295.00,"npi":[1205371721]},{"billed_charge":1360.00,"npi":[1205371721]},{"billed_charge":2035.00,"npi":[1205371721]},{"billed_charge":2220.00,"npi":[1205371721]},{"billed_charge":2405.00,"npi":[1205371721]}]},{"allowed_amount":0.00,"billing_code_modifier":[""],"providers":[{"billed_charge":925.00,"npi":[1205371721]},{"billed_charge":960.00,"npi":[1205371721]},{"billed_charge":1110.00,"npi":[1205371721]},{"billed_charge":1240.00,"npi":[1205371721]},{"billed_charge":1280.00,"npi":[1205371721]},{"billed_charge":1295.00,"npi":[1205371721]},{"billed_charge":1360.00,"npi":[1205371721]},{"billed_charge":2035.00,"npi":[1205371721]},{"billed_charge":2220.00,"npi":[1205371721]},{"billed_charge":2405.00,"npi":[1205371721]}]},{"allowed_amount":0.00,"billing_code_modifier":[""],"providers":[{"billed_charge":925.00,"npi":[1205371721]},{"billed_charge":960.00,"npi":[1205371721]},{"billed_charge":1110.00,"npi":[1205371721]},{"billed_charge":1240.00,"npi":[1205371721]},{"billed_charge":1280.00,"npi":[1205371721]},{"billed_charge":1295.00,"npi":[1205371721]},{"billed_charge":1360.00,"npi":[1205371721]},{"billed_charge":2035.00,"npi":[1205371721]},{"billed_charge":2220.00,"npi":[1205371721]},{"billed_charge":2405.00,"npi":[1205371721]}]}]}]},{"name":"PSYCHOTHERAPY W\/PATIENT 60 MINUTES","billing_code_type":"CPT","billing_code_type_version":"2020","billing_code":"90837","description":"PSYCHOTHERAPY W\/PATIENT 60 MINUTES","allowed_amounts":[{"tin":{"type":"ein","value":"264769635"},"service_code":["11"],"billing_class":"professional","payments":[{"allowed_amount":0.00,"billing_code_modifier":[""],"providers":[{"billed_charge":155.00,"npi":[1679231476]}]}]},{"tin":{"type":"ein","value":"815254528"},"service_code":["02"],"billing_class":"professional","payments":[{"allowed_amount":0.00,"billing_code_modifier":[""],"providers":[{"billed_charge":125.00,"npi":[1285240911,1538561485]}]}]},{"tin":{"type":"ein","value":"842757766"},"service_code":["10","11"],"billing_class":"professional","payments":[{"allowed_amount":0.00,"billing_code_modifier":[""],"providers":[{"billed_charge":175.00,"npi":[1437506656,1891216412]},{"billed_charge":75.00,"npi":[1437506656,1891216412]}]},{"allowed_amount":0.00,"billing_code_modifier":[""],"providers":[{"billed_charge":175.00,"npi":[1437506656,1891216412]},{"billed_charge":75.00,"npi":[1437506656,1891216412]}]}]},{"tin":{"type":"ein","value":"842757766"},"service_code":["11"],"billing_class":"professional","payments":[{"allowed_amount":0.00,"billing_code_modifier":[""],"providers":[{"billed_charge":175.00,"npi":[1437506656,1891216412]},{"billed_charge":75.00,"npi":[1437506656,1891216412]}]},{"allowed_amount":0.00,"billing_code_modifier":[""],"providers":[{"billed_charge":175.00,"npi":[1437506656,1891216412]},{"billed_charge":75.00,"npi":[1437506656,1891216412]}]}]},{"tin":{"type":"ein","value":"852938829"},"service_code":["11"],"billing_class":"professional","payments":[{"allowed_amount":0.00,"billing_code_modifier":[""],"providers":[{"billed_charge":350.00,"npi":[1245845932,1689988172]}]}]},{"tin":{"type":"ein","value":"872835013"},"service_code":["11"],"billing_class":"professional","payments":[{"allowed_amount":0.00,"billing_code_modifier":[""],"providers":[{"billed_charge":120.00,"npi":[1750194536,1952089641]}]}]}]}]}
