{"reporting_entity_name": "IEC Group_DBA AmeriBen",
	"reporting_entity_type": "Third Party Administrator",
	"plan_name": "SMILE BRANDS INC",
	"plan_id_type": "ein",
	"plan_id": "911643507",
	"plan_market_type": "group",
	"last_updated_on": "2025-09-01","Version": "1.0.0","out_of_network":[{"name":"APPL MODALITY 1\/> AREAS TRACTION MECHANICAL","billing_code_type":"CPT","billing_code_type_version":"2020","billing_code":"97012","description":"APPL MODALITY 1\/> AREAS TRACTION MECHANICAL","allowed_amounts":[{"tin":{"type":"ein","value":"923095835"},"service_code":["11"],"billing_class":"professional","payments":[{"allowed_amount":17.21,"billing_code_modifier":[""],"providers":[{"billed_charge":25.00,"npi":[1306524178,1417635277]}]}]},{"tin":{"type":"ein","value":"999999999"},"service_code":["11"],"billing_class":"professional","payments":[{"allowed_amount":17.21,"billing_code_modifier":[""],"providers":[{"billed_charge":25.00,"npi":[1306524178]}]}]}]},{"name":"CHIROPRACTIC MANIPULATIVE TX SPINAL 1-2 REGIONS","billing_code_type":"CPT","billing_code_type_version":"2020","billing_code":"98940","description":"CHIROPRACTIC MANIPULATIVE TX SPINAL 1-2 REGIONS","allowed_amounts":[{"tin":{"type":"ein","value":"474460565"},"service_code":["11"],"billing_class":"professional","payments":[{"allowed_amount":32.28,"billing_code_modifier":[""],"providers":[{"billed_charge":60.00,"npi":[1003156985,1861878928]}]}]},{"tin":{"type":"ein","value":"923095835"},"service_code":["11"],"billing_class":"professional","payments":[{"allowed_amount":32.28,"billing_code_modifier":[""],"providers":[{"billed_charge":55.00,"npi":[1306524178,1417635277]}]}]},{"tin":{"type":"ein","value":"999999999"},"service_code":["11"],"billing_class":"professional","payments":[{"allowed_amount":32.28,"billing_code_modifier":[""],"providers":[{"billed_charge":55.00,"npi":[1306524178]}]}]}]},{"name":"HIT HYDRA 1 LITER DIEM","billing_code_type":"HCPCS","billing_code_type_version":"HCPCS LEVEL II 2021","billing_code":"S9374","description":"HIT HYDRA 1 LITER DIEM","allowed_amounts":[{"tin":{"type":"ein","value":"832289684"},"service_code":["12"],"billing_class":"professional","payments":[{"allowed_amount":79.90,"billing_code_modifier":[""],"providers":[{"billed_charge":115.00,"npi":[1568559680,1891268017]}]}]}]},{"name":"HIT NOC PER DIEM","billing_code_type":"HCPCS","billing_code_type_version":"HCPCS LEVEL II 2021","billing_code":"S9379","description":"HIT NOC PER DIEM","allowed_amounts":[{"tin":{"type":"ein","value":"832289684"},"service_code":["12"],"billing_class":"professional","payments":[{"allowed_amount":57.45,"billing_code_modifier":[""],"providers":[{"billed_charge":375.00,"npi":[1568559680,1891268017]}]}]},{"tin":{"type":"ein","value":"832289684"},"service_code":["12"],"billing_class":"professional","payments":[{"allowed_amount":68.40,"billing_code_modifier":[""],"providers":[{"billed_charge":375.00,"npi":[1568559680,1891268017]}]}]},{"tin":{"type":"ein","value":"832289684"},"service_code":["12"],"billing_class":"professional","payments":[{"allowed_amount":71.81,"billing_code_modifier":[""],"providers":[{"billed_charge":375.00,"npi":[1568559680,1891268017]}]}]}]},{"name":"IADNA NOS AMPLIFIED PROBE TQ EACH ORGANISM","billing_code_type":"CPT","billing_code_type_version":"2020","billing_code":"87798","description":"IADNA NOS AMPLIFIED PROBE TQ EACH ORGANISM","allowed_amounts":[{"tin":{"type":"ein","value":"223510467"},"service_code":["81"],"billing_class":"professional","payments":[{"allowed_amount":43.86,"billing_code_modifier":[""],"providers":[{"billed_charge":50.00,"npi":[1548255490,1750373908]}]}]}]},{"name":"INFEC AGEN DETEC AMPLI PROBE","billing_code_type":"HCPCS","billing_code_type_version":"HCPCS LEVEL II 2021","billing_code":"U0005","description":"INFEC AGEN DETEC AMPLI PROBE","allowed_amounts":[{"tin":{"type":"ein","value":"852364612"},"service_code":["81"],"billing_class":"professional","payments":[{"allowed_amount":31.25,"billing_code_modifier":[""],"providers":[{"billed_charge":75.00,"npi":[1740685387,1790386746]}]}]}]},{"name":"PSYCHIATRIC\/PSYCHOLOGICAL SVCS: PARTIAL HOSP - LES","billing_code_type":"RC","billing_code_type_version":"UB04","billing_code":"0912","description":"PSYCHIATRIC\/PSYCHOLOGICAL SVCS: PARTIAL HOSP - LES","allowed_amounts":[{"tin":{"type":"ein","value":"880766580"},"service_code":["22"],"billing_class":"institutional","payments":[{"allowed_amount":427.54,"billing_code_modifier":[""],"providers":[{"billed_charge":3000.00,"npi":[1568191658,1740546209]}]}]}]},{"name":"SARS-COV-2 COVID-19 AMP PRB HTT","billing_code_type":"HCPCS","billing_code_type_version":"HCPCS LEVEL II 2021","billing_code":"U0003","description":"SARS-COV-2 COVID-19 AMP PRB HTT","allowed_amounts":[{"tin":{"type":"ein","value":"852364612"},"service_code":["81"],"billing_class":"professional","payments":[{"allowed_amount":93.75,"billing_code_modifier":[""],"providers":[{"billed_charge":225.00,"npi":[1740685387,1790386746]}]}]}]}]}
