{"reporting_entity_name": "IEC Group_DBA AmeriBen",
	"reporting_entity_type": "Third Party Administrator",
	"plan_name": "SoutheastHEALTH",
	"plan_id_type": "ein",
	"plan_id": "461480915",
	"plan_market_type": "group",
	"last_updated_on": "2024-08-01","Version": "1.0.0","out_of_network":[{"name":"PSYCHIATRIC\/PSYCHOLOGICAL SVCS: PARTIAL HOSP - LES","billing_code_type":"RC","billing_code_type_version":"UB04","billing_code":"0912","description":"PSYCHIATRIC\/PSYCHOLOGICAL SVCS: PARTIAL HOSP - LES","allowed_amounts":[{"tin":{"type":"ein","value":"873106521"},"service_code":["22"],"billing_class":"institutional","payments":[{"allowed_amount":1170.00,"billing_code_modifier":[""],"providers":[{"billed_charge":3994.98,"npi":[1366949976,1396460788]}]}]}]}]}
