{"reporting_entity_name": "IEC Group_DBA AmeriBen",
	"reporting_entity_type": "Third Party Administrator",
	"plan_name": "ROGERS",
	"plan_id_type": "ein",
	"plan_id": "581539550",
	"plan_market_type": "group",
	"last_updated_on": "2025-10-01","Version": "1.0.0","out_of_network":[{"name":"CCPD OPD\/HOME: CCPD COMP OR OTHER RATE","billing_code_type":"RC","billing_code_type_version":"UB04","billing_code":"0851","description":"CCPD OPD\/HOME: CCPD COMP OR OTHER RATE","allowed_amounts":[{"tin":{"type":"ein","value":"953372911"},"service_code":["65"],"billing_class":"institutional","payments":[{"allowed_amount":269.93,"billing_code_modifier":[""],"providers":[{"billed_charge":3671.00,"npi":[1174558753,1720538556]}]}]}]},{"name":"IADNA NOS AMPLIFIED PROBE TQ EACH ORGANISM","billing_code_type":"CPT","billing_code_type_version":"2020","billing_code":"87798","description":"IADNA NOS AMPLIFIED PROBE TQ EACH ORGANISM","allowed_amounts":[{"tin":{"type":"ein","value":"873826903"},"service_code":["81"],"billing_class":"professional","payments":[{"allowed_amount":12.31,"billing_code_modifier":[""],"providers":[{"billed_charge":35.09,"npi":[1457882755,1881352979]}]}]}]},{"name":"MEDICAL NUTRITION RE-ASSMT&IVNTJ INDIV EA 15 M","billing_code_type":"CPT","billing_code_type_version":"2020","billing_code":"97803","description":"MEDICAL NUTRITION RE-ASSMT&IVNTJ INDIV EA 15 M","allowed_amounts":[{"tin":{"type":"ein","value":"823355234"},"service_code":["11"],"billing_class":"professional","payments":[{"allowed_amount":181.36,"billing_code_modifier":[""],"providers":[{"billed_charge":500.00,"npi":[1134619208,1366963068,1598255655]}]}]}]},{"name":"THERAPEUT ACTVITY DIRECT PT CONTACT EACH 15 MIN","billing_code_type":"CPT","billing_code_type_version":"2020","billing_code":"97530","description":"THERAPEUT ACTVITY DIRECT PT CONTACT EACH 15 MIN","allowed_amounts":[{"tin":{"type":"ein","value":"834259014"},"service_code":["11"],"billing_class":"professional","payments":[{"allowed_amount":19.77,"billing_code_modifier":[""],"providers":[{"billed_charge":80.00,"npi":[1356640775,1447875497]}]}]}]},{"name":"THERAPEUTIC PX 1\/> AREAS EACH 15 MIN EXERCISES","billing_code_type":"CPT","billing_code_type_version":"2020","billing_code":"97110","description":"THERAPEUTIC PX 1\/> AREAS EACH 15 MIN EXERCISES","allowed_amounts":[{"tin":{"type":"ein","value":"834259014"},"service_code":["11"],"billing_class":"professional","payments":[{"allowed_amount":11.61,"billing_code_modifier":[""],"providers":[{"billed_charge":75.00,"npi":[1356640775,1447875497]}]}]}]}]}
