{"reporting_entity_name": "IEC Group_DBA AmeriBen",
	"reporting_entity_type": "Third Party Administrator",
	"plan_name": "INSIGHT ENTERPRISES INC",
	"plan_id_type": "ein",
	"plan_id": "860766246",
	"plan_market_type": "group",
	"last_updated_on": "2023-04-26","Version": "1.0.0","out_of_network":[{"name":"2019-NCOV CORONAVIRUS SARS-COV-2\/COVID-19 ANY T","billing_code_type":"HCPCS","billing_code_type_version":"HCPCS LEVEL II 2021","billing_code":"U0004","description":"2019-NCOV CORONAVIRUS SARS-COV-2\/COVID-19 ANY T","allowed_amounts":[{"tin":{"type":"ein","value":"201117882"},"service_code":["81"],"billing_class":"professional","payments":[{"allowed_amount":112.50,"billing_code_modifier":[""],"providers":[{"billed_charge":350.00,"npi":[1073629069,1205447992,1215038310]}]}]},{"tin":{"type":"ein","value":"208946055"},"service_code":["81"],"billing_class":"professional","payments":[{"allowed_amount":112.50,"billing_code_modifier":[""],"providers":[{"billed_charge":125.00,"npi":[1770909319,1891876371]}]}]},{"tin":{"type":"ein","value":"473588569"},"service_code":["81"],"billing_class":"professional","payments":[{"allowed_amount":112.50,"billing_code_modifier":[""],"providers":[{"billed_charge":225.00,"npi":[1053303446,1982091617]}]}]},{"tin":{"type":"ein","value":"821376555"},"service_code":["81"],"billing_class":"professional","payments":[{"allowed_amount":112.50,"billing_code_modifier":[""],"providers":[{"billed_charge":450.00,"npi":[1083236020,1679759492]}]}]},{"tin":{"type":"ein","value":"822809864"},"service_code":["81"],"billing_class":"professional","payments":[{"allowed_amount":112.50,"billing_code_modifier":[""],"providers":[{"billed_charge":300.00,"npi":[1306518659,1386908010]}]}]},{"tin":{"type":"ein","value":"831342609"},"service_code":["81"],"billing_class":"professional","payments":[{"allowed_amount":112.50,"billing_code_modifier":[""],"providers":[{"billed_charge":350.00,"npi":[1033301247,1073101028,1356913446,1366425100,1487815387,1760622153]}]}]},{"tin":{"type":"ein","value":"842079572"},"service_code":["81"],"billing_class":"professional","payments":[{"allowed_amount":112.50,"billing_code_modifier":[""],"providers":[{"billed_charge":300.00,"npi":[1285287821,1700210861]}]}]},{"tin":{"type":"ein","value":"851365411"},"service_code":["81"],"billing_class":"professional","payments":[{"allowed_amount":112.50,"billing_code_modifier":[""],"providers":[{"billed_charge":150.00,"npi":[1033724109,1609086404]}]}]},{"tin":{"type":"ein","value":"852766187"},"service_code":["81"],"billing_class":"professional","payments":[{"allowed_amount":112.50,"billing_code_modifier":[""],"providers":[{"billed_charge":150.00,"npi":[1255946869,1992110555]}]}]},{"tin":{"type":"ein","value":"853664779"},"service_code":["81"],"billing_class":"professional","payments":[{"allowed_amount":112.50,"billing_code_modifier":[""],"providers":[{"billed_charge":113.00,"npi":[1184288730,1518555069]}]}]},{"tin":{"type":"ein","value":"861229252"},"service_code":["81"],"billing_class":"professional","payments":[{"allowed_amount":112.50,"billing_code_modifier":[""],"providers":[{"billed_charge":250.00,"npi":[1306599451]}]}]},{"tin":{"type":"ein","value":"861328448"},"service_code":["11"],"billing_class":"professional","payments":[{"allowed_amount":112.50,"billing_code_modifier":[""],"providers":[{"billed_charge":750.00,"npi":[1376128090]}]}]},{"tin":{"type":"ein","value":"873298854"},"service_code":["81"],"billing_class":"professional","payments":[{"allowed_amount":112.50,"billing_code_modifier":[""],"providers":[{"billed_charge":200.00,"npi":[1194481440,1679757561]}]}]},{"tin":{"type":"ein","value":"880906795"},"service_code":["81"],"billing_class":"professional","payments":[{"allowed_amount":112.50,"billing_code_modifier":[""],"providers":[{"billed_charge":450.00,"npi":[1265182984,1710913876]}]}]}]},{"name":"ADAPTIVE BEHAVIOR TX BY PROTOCOL TECH EA 15 MIN","billing_code_type":"CPT","billing_code_type_version":"2020","billing_code":"97153","description":"ADAPTIVE BEHAVIOR TX BY PROTOCOL TECH EA 15 MIN","allowed_amounts":[{"tin":{"type":"ein","value":"822465485"},"service_code":["11"],"billing_class":"professional","payments":[{"allowed_amount":348.50,"billing_code_modifier":[""],"providers":[{"billed_charge":593.00,"npi":[1871847921,1881101780]},{"billed_charge":649.24,"npi":[1871847921,1881101780]}]},{"allowed_amount":348.50,"billing_code_modifier":[""],"providers":[{"billed_charge":593.00,"npi":[1871847921,1881101780]},{"billed_charge":649.24,"npi":[1871847921,1881101780]}]}]},{"tin":{"type":"ein","value":"822465485"},"service_code":["11"],"billing_class":"professional","payments":[{"allowed_amount":348.50,"billing_code_modifier":[""],"providers":[{"billed_charge":593.00,"npi":[1871847921,1881101780]},{"billed_charge":649.24,"npi":[1871847921,1881101780]}]},{"allowed_amount":348.50,"billing_code_modifier":[""],"providers":[{"billed_charge":593.00,"npi":[1871847921,1881101780]},{"billed_charge":649.24,"npi":[1871847921,1881101780]}]}]},{"tin":{"type":"ein","value":"822465485"},"service_code":["11"],"billing_class":"professional","payments":[{"allowed_amount":697.00,"billing_code_modifier":[""],"providers":[{"billed_charge":1186.00,"npi":[1225663859,1306349691,1871847921,1881101780]}]}]}]},{"name":"ANES INTEG MUSC & NRV HEAD NECK&POSTERIOR TRUNK","billing_code_type":"CPT","billing_code_type_version":"2020","billing_code":"00300","description":"ANES INTEG MUSC & NRV HEAD NECK&POSTERIOR TRUNK","allowed_amounts":[{"tin":{"type":"ein","value":"820768158"},"service_code":["24"],"billing_class":"professional","payments":[{"allowed_amount":128.52,"billing_code_modifier":[""],"providers":[{"billed_charge":9380.00,"npi":[1003884826,1346248150,1558446997,1780632398,1962943241]}]}]},{"tin":{"type":"ein","value":"823274512"},"service_code":["24"],"billing_class":"professional","payments":[{"allowed_amount":128.52,"billing_code_modifier":[""],"providers":[{"billed_charge":9415.00,"npi":[1205906674,1528108701,1710486329]}]}]}]},{"name":"APPL MODALITY 1\/> AREAS ELEC STIMJ UNATTENDED","billing_code_type":"CPT","billing_code_type_version":"2020","billing_code":"97014","description":"APPL MODALITY 1\/> AREAS ELEC STIMJ UNATTENDED","allowed_amounts":[{"tin":{"type":"ein","value":"680444175"},"service_code":["11"],"billing_class":"professional","payments":[{"allowed_amount":22.98,"billing_code_modifier":[""],"providers":[{"billed_charge":28.00,"npi":[1205942653,1396759171,1508224353,1619434412]}]}]}]},{"name":"APPL MODALITY 1\/> AREAS VASOPNEUMATIC DEVICES","billing_code_type":"CPT","billing_code_type_version":"2020","billing_code":"97016","description":"APPL MODALITY 1\/> AREAS VASOPNEUMATIC DEVICES","allowed_amounts":[{"tin":{"type":"ein","value":"680444175"},"service_code":["11"],"billing_class":"professional","payments":[{"allowed_amount":21.34,"billing_code_modifier":[""],"providers":[{"billed_charge":36.00,"npi":[1205942653,1396759171,1508224353,1619434412]}]}]}]},{"name":"APPLICATION MODALITY 1\/> AREAS HOT\/COLD PACKS","billing_code_type":"CPT","billing_code_type_version":"2020","billing_code":"97010","description":"APPLICATION MODALITY 1\/> AREAS HOT\/COLD PACKS","allowed_amounts":[{"tin":{"type":"ein","value":"680444175"},"service_code":["11"],"billing_class":"professional","payments":[{"allowed_amount":12.89,"billing_code_modifier":[""],"providers":[{"billed_charge":20.00,"npi":[1205942653,1396759171,1508224353,1619434412]}]}]}]},{"name":"AUDITORY REHABILITATION PRELINGUAL HEARING LOSS","billing_code_type":"CPT","billing_code_type_version":"2020","billing_code":"92630","description":"AUDITORY REHABILITATION PRELINGUAL HEARING LOSS","allowed_amounts":[{"tin":{"type":"ein","value":"860884442"},"service_code":["11"],"billing_class":"professional","payments":[{"allowed_amount":104.14,"billing_code_modifier":[""],"providers":[{"billed_charge":135.00,"npi":[1053527671,1225282882,1659474070]}]}]}]},{"name":"BLOOD COUNT COMPLETE AUTOMATED","billing_code_type":"CPT","billing_code_type_version":"2020","billing_code":"85027","description":"BLOOD COUNT COMPLETE AUTOMATED","allowed_amounts":[{"tin":{"type":"ein","value":"454772236"},"service_code":["21","22","23"],"billing_class":"professional","payments":[{"allowed_amount":0.00,"billing_code_modifier":[""],"providers":[{"billed_charge":10.00,"npi":[1225027436,1619229168,1619972320,1639197577,1659351344,1659638021]}]}]},{"tin":{"type":"ein","value":"591559063"},"service_code":["21"],"billing_class":"professional","payments":[{"allowed_amount":0.00,"billing_code_modifier":[""],"providers":[{"billed_charge":19.00,"npi":[1497727895,1720032899,1871567289]}]}]}]},{"name":"DRUGS REQUIRE SPECIFIC ID: DRUGS REQUIRING DETAIL","billing_code_type":"RC","billing_code_type_version":"UB04","billing_code":"0636","description":"DRUGS REQUIRE SPECIFIC ID: DRUGS REQUIRING DETAIL","allowed_amounts":[{"tin":{"type":"ein","value":"043110360"},"service_code":["65"],"billing_class":"institutional","payments":[{"allowed_amount":12.97,"billing_code_modifier":[""],"providers":[{"billed_charge":561.20,"npi":[1710092556,1881645315]}]}]},{"tin":{"type":"ein","value":"043110360"},"service_code":["65"],"billing_class":"institutional","payments":[{"allowed_amount":13.81,"billing_code_modifier":[""],"providers":[{"billed_charge":561.20,"npi":[1710092556,1881645315]}]}]},{"tin":{"type":"ein","value":"043110360"},"service_code":["65"],"billing_class":"institutional","payments":[{"allowed_amount":15.89,"billing_code_modifier":[""],"providers":[{"billed_charge":561.20,"npi":[1710092556,1881645315]}]}]},{"tin":{"type":"ein","value":"043110360"},"service_code":["65"],"billing_class":"institutional","payments":[{"allowed_amount":25.94,"billing_code_modifier":[""],"providers":[{"billed_charge":1122.40,"npi":[1710092556,1881645315]}]}]},{"tin":{"type":"ein","value":"043110360"},"service_code":["65"],"billing_class":"institutional","payments":[{"allowed_amount":27.61,"billing_code_modifier":[""],"providers":[{"billed_charge":1122.40,"npi":[1710092556,1881645315]}]}]},{"tin":{"type":"ein","value":"043110360"},"service_code":["65"],"billing_class":"institutional","payments":[{"allowed_amount":31.77,"billing_code_modifier":[""],"providers":[{"billed_charge":1122.40,"npi":[1710092556,1881645315]}]}]}]},{"name":"DRUGS REQUIRE SPECIFIC ID: EPO OVER 10,000 UNITS","billing_code_type":"RC","billing_code_type_version":"UB04","billing_code":"0635","description":"DRUGS REQUIRE SPECIFIC ID: EPO OVER 10,000 UNITS","allowed_amounts":[{"tin":{"type":"ein","value":"043110360"},"service_code":["65"],"billing_class":"institutional","payments":[{"allowed_amount":192.40,"billing_code_modifier":[""],"providers":[{"billed_charge":8325.00,"npi":[1710092556,1881645315]}]}]}]},{"name":"ECG ROUTINE ECG W\/LEAST 12 LDS I&R ONLY","billing_code_type":"CPT","billing_code_type_version":"2020","billing_code":"93010","description":"ECG ROUTINE ECG W\/LEAST 12 LDS I&R ONLY","allowed_amounts":[{"tin":{"type":"ein","value":"330629949"},"service_code":["23"],"billing_class":"professional","payments":[{"allowed_amount":0.00,"billing_code_modifier":[""],"providers":[{"billed_charge":100.00,"npi":[1407845092,1992794424]}]}]},{"tin":{"type":"ein","value":"454130519"},"service_code":["23"],"billing_class":"professional","payments":[{"allowed_amount":0.00,"billing_code_modifier":[""],"providers":[{"billed_charge":71.38,"npi":[1013282029,1336183730,1962407460]}]}]},{"tin":{"type":"ein","value":"462690851"},"service_code":["23"],"billing_class":"professional","payments":[{"allowed_amount":0.00,"billing_code_modifier":[""],"providers":[{"billed_charge":55.00,"npi":[1164614012,1710315353,1841277704]}]}]},{"tin":{"type":"ein","value":"475454741"},"service_code":["23"],"billing_class":"professional","payments":[{"allowed_amount":0.00,"billing_code_modifier":[""],"providers":[{"billed_charge":84.00,"npi":[1215959507,1487027488]}]}]},{"tin":{"type":"ein","value":"823165169"},"service_code":["23"],"billing_class":"professional","payments":[{"allowed_amount":0.00,"billing_code_modifier":[""],"providers":[{"billed_charge":111.00,"npi":[1255820775,1770787699]}]}]},{"tin":{"type":"ein","value":"824557408"},"service_code":["23"],"billing_class":"professional","payments":[{"allowed_amount":0.00,"billing_code_modifier":[""],"providers":[{"billed_charge":87.00,"npi":[1205858271,1760028740]}]}]},{"tin":{"type":"ein","value":"851762272"},"service_code":["23"],"billing_class":"professional","payments":[{"allowed_amount":0.00,"billing_code_modifier":[""],"providers":[{"billed_charge":573.20,"npi":[1821187873,1831717677]}]}]},{"tin":{"type":"ein","value":"871448102"},"service_code":["23"],"billing_class":"professional","payments":[{"allowed_amount":0.00,"billing_code_modifier":[""],"providers":[{"billed_charge":70.24,"npi":[1376114587,1508083346]}]}]}]},{"name":"HEMO OPD\/HOME: HEMODIALYSIS COMP OR OTHER RATE","billing_code_type":"RC","billing_code_type_version":"UB04","billing_code":"0821","description":"HEMO OPD\/HOME: HEMODIALYSIS COMP OR OTHER RATE","allowed_amounts":[{"tin":{"type":"ein","value":"043110360"},"service_code":["65"],"billing_class":"institutional","payments":[{"allowed_amount":185.13,"billing_code_modifier":[""],"providers":[{"billed_charge":8010.89,"npi":[1710092556,1881645315]}]}]},{"tin":{"type":"ein","value":"043110360"},"service_code":["65"],"billing_class":"institutional","payments":[{"allowed_amount":197.08,"billing_code_modifier":[""],"providers":[{"billed_charge":8010.89,"npi":[1710092556,1881645315]}]}]},{"tin":{"type":"ein","value":"043110360"},"service_code":["65"],"billing_class":"institutional","payments":[{"allowed_amount":226.82,"billing_code_modifier":[""],"providers":[{"billed_charge":8010.89,"npi":[1710092556,1881645315]}]}]},{"tin":{"type":"ein","value":"611712581"},"service_code":["65"],"billing_class":"institutional","payments":[{"allowed_amount":339.76,"billing_code_modifier":[""],"providers":[{"billed_charge":8010.89,"npi":[1457793150,1609207372]}]}]},{"tin":{"type":"ein","value":"611712581"},"service_code":["65"],"billing_class":"institutional","payments":[{"allowed_amount":380.86,"billing_code_modifier":[""],"providers":[{"billed_charge":8010.89,"npi":[1457793150,1609207372]}]}]}]},{"name":"IA DET NA;SEV AC RES SYND SARS-COV-2 COVID-19","billing_code_type":"HCPCS","billing_code_type_version":"HCPCS LEVEL II 2021","billing_code":"U0005","description":"IA DET NA;SEV AC RES SYND SARS-COV-2 COVID-19","allowed_amounts":[{"tin":{"type":"ein","value":"030511037"},"service_code":["81"],"billing_class":"professional","payments":[{"allowed_amount":37.50,"billing_code_modifier":[""],"providers":[{"billed_charge":125.00,"npi":[1790234839,1821110453]}]}]},{"tin":{"type":"ein","value":"133934292"},"service_code":["81"],"billing_class":"professional","payments":[{"allowed_amount":37.50,"billing_code_modifier":[""],"providers":[{"billed_charge":100.00,"npi":[1134316441,1215053962,1942873484]}]}]},{"tin":{"type":"ein","value":"201117882"},"service_code":["81"],"billing_class":"professional","payments":[{"allowed_amount":37.50,"billing_code_modifier":[""],"providers":[{"billed_charge":100.00,"npi":[1073629069,1205447992,1215038310]}]}]},{"tin":{"type":"ein","value":"208833340"},"service_code":["81"],"billing_class":"professional","payments":[{"allowed_amount":25.00,"billing_code_modifier":[""],"providers":[{"billed_charge":25.00,"npi":[1497283907,1922259753]}]}]},{"tin":{"type":"ein","value":"272872791"},"service_code":["11"],"billing_class":"professional","payments":[{"allowed_amount":37.50,"billing_code_modifier":[""],"providers":[{"billed_charge":50.00,"npi":[1043815848,1942254347]}]}]},{"tin":{"type":"ein","value":"371416874"},"service_code":["81"],"billing_class":"professional","payments":[{"allowed_amount":37.50,"billing_code_modifier":[""],"providers":[{"billed_charge":75.00,"npi":[1255400065]}]}]},{"tin":{"type":"ein","value":"472462178"},"service_code":["81"],"billing_class":"professional","payments":[{"allowed_amount":37.50,"billing_code_modifier":[""],"providers":[{"billed_charge":50.00,"npi":[1467854497,1508484569,1639311509,1962018374]}]}]},{"tin":{"type":"ein","value":"473588569"},"service_code":["81"],"billing_class":"professional","payments":[{"allowed_amount":37.50,"billing_code_modifier":[""],"providers":[{"billed_charge":75.00,"npi":[1053303446,1982091617]}]}]},{"tin":{"type":"ein","value":"473727159"},"service_code":["81"],"billing_class":"professional","payments":[{"allowed_amount":25.00,"billing_code_modifier":[""],"providers":[{"billed_charge":25.00,"npi":[1164095808,1245679711,1376733758,1427671601,1518539550,1760051205,1831621119,1912521568]}]}]},{"tin":{"type":"ein","value":"474777175"},"service_code":["81"],"billing_class":"professional","payments":[{"allowed_amount":37.50,"billing_code_modifier":[""],"providers":[{"billed_charge":95.00,"npi":[1205410933,1497015085]}]}]},{"tin":{"type":"ein","value":"820973231"},"service_code":["81"],"billing_class":"professional","payments":[{"allowed_amount":25.00,"billing_code_modifier":[""],"providers":[{"billed_charge":25.00,"npi":[1205362522,1700958667]}]}]},{"tin":{"type":"ein","value":"822369612"},"service_code":["81"],"billing_class":"professional","payments":[{"allowed_amount":37.50,"billing_code_modifier":[""],"providers":[{"billed_charge":150.00,"npi":[1710477344,1992304349]}]}]},{"tin":{"type":"ein","value":"822809864"},"service_code":["81"],"billing_class":"professional","payments":[{"allowed_amount":37.50,"billing_code_modifier":[""],"providers":[{"billed_charge":100.00,"npi":[1306518659,1386908010]}]}]},{"tin":{"type":"ein","value":"831342609"},"service_code":["81"],"billing_class":"professional","payments":[{"allowed_amount":37.50,"billing_code_modifier":[""],"providers":[{"billed_charge":100.00,"npi":[1033301247,1073101028,1356913446,1366425100,1487815387,1760622153]}]}]},{"tin":{"type":"ein","value":"831929928"},"service_code":["81"],"billing_class":"professional","payments":[{"allowed_amount":37.50,"billing_code_modifier":[""],"providers":[{"billed_charge":50.00,"npi":[1336871607,1659675320,1902480296]}]}]},{"tin":{"type":"ein","value":"841905194"},"service_code":["60","81"],"billing_class":"professional","payments":[{"allowed_amount":37.50,"billing_code_modifier":[""],"providers":[{"billed_charge":40.00,"npi":[1386240786,1891733374]}]}]},{"tin":{"type":"ein","value":"842079572"},"service_code":["81"],"billing_class":"professional","payments":[{"allowed_amount":37.50,"billing_code_modifier":[""],"providers":[{"billed_charge":75.00,"npi":[1285287821,1700210861]}]}]},{"tin":{"type":"ein","value":"845172222"},"service_code":["81"],"billing_class":"professional","payments":[{"allowed_amount":37.50,"billing_code_modifier":[""],"providers":[{"billed_charge":75.00,"npi":[1346769593,1659588762]}]}]},{"tin":{"type":"ein","value":"845176341"},"service_code":["81"],"billing_class":"professional","payments":[{"allowed_amount":25.00,"billing_code_modifier":[""],"providers":[{"billed_charge":25.00,"npi":[1083237374]}]}]},{"tin":{"type":"ein","value":"850602662"},"service_code":["81"],"billing_class":"professional","payments":[{"allowed_amount":25.00,"billing_code_modifier":[""],"providers":[{"billed_charge":25.00,"npi":[1184883993,1881215622]}]}]},{"tin":{"type":"ein","value":"851054301"},"service_code":["81"],"billing_class":"professional","payments":[{"allowed_amount":37.50,"billing_code_modifier":[""],"providers":[{"billed_charge":75.00,"npi":[1467030536,1871630319]}]}]},{"tin":{"type":"ein","value":"851365411"},"service_code":["81"],"billing_class":"professional","payments":[{"allowed_amount":37.50,"billing_code_modifier":[""],"providers":[{"billed_charge":50.00,"npi":[1033724109,1609086404]}]}]},{"tin":{"type":"ein","value":"852329590"},"service_code":["81"],"billing_class":"professional","payments":[{"allowed_amount":37.50,"billing_code_modifier":[""],"providers":[{"billed_charge":50.00,"npi":[1437209178,1760079404]}]}]},{"tin":{"type":"ein","value":"852364612"},"service_code":["81"],"billing_class":"professional","payments":[{"allowed_amount":37.50,"billing_code_modifier":[""],"providers":[{"billed_charge":75.00,"npi":[1154385961,1740685387,1790386746]}]}]},{"tin":{"type":"ein","value":"852421177"},"service_code":["81"],"billing_class":"professional","payments":[{"allowed_amount":37.50,"billing_code_modifier":[""],"providers":[{"billed_charge":50.00,"npi":[1043313992,1366048019]}]}]},{"tin":{"type":"ein","value":"854289083"},"service_code":["81"],"billing_class":"professional","payments":[{"allowed_amount":37.50,"billing_code_modifier":[""],"providers":[{"billed_charge":50.00,"npi":[1316048358,1336757780,1699309104]}]}]},{"tin":{"type":"ein","value":"861213775"},"service_code":["81"],"billing_class":"professional","payments":[{"allowed_amount":37.50,"billing_code_modifier":[""],"providers":[{"billed_charge":60.00,"npi":[1831780402,1942278676]}]}]},{"tin":{"type":"ein","value":"861229252"},"service_code":["81"],"billing_class":"professional","payments":[{"allowed_amount":37.50,"billing_code_modifier":[""],"providers":[{"billed_charge":50.00,"npi":[1306599451]}]}]},{"tin":{"type":"ein","value":"861328448"},"service_code":["11"],"billing_class":"professional","payments":[{"allowed_amount":37.50,"billing_code_modifier":[""],"providers":[{"billed_charge":600.00,"npi":[1376128090]}]}]},{"tin":{"type":"ein","value":"872488369"},"service_code":["81"],"billing_class":"professional","payments":[{"allowed_amount":37.50,"billing_code_modifier":[""],"providers":[{"billed_charge":100.00,"npi":[1225706179]}]}]},{"tin":{"type":"ein","value":"873298854"},"service_code":["81"],"billing_class":"professional","payments":[{"allowed_amount":37.50,"billing_code_modifier":[""],"providers":[{"billed_charge":50.00,"npi":[1194481440,1679757561]}]}]},{"tin":{"type":"ein","value":"880241758"},"service_code":["81"],"billing_class":"professional","payments":[{"allowed_amount":25.00,"billing_code_modifier":[""],"providers":[{"billed_charge":25.00,"npi":[1053316364,1124417357]}]}]},{"tin":{"type":"ein","value":"880906795"},"service_code":["81"],"billing_class":"professional","payments":[{"allowed_amount":37.50,"billing_code_modifier":[""],"providers":[{"billed_charge":100.00,"npi":[1265182984,1710913876]}]}]},{"tin":{"type":"ein","value":"910845805"},"service_code":["81"],"billing_class":"professional","payments":[{"allowed_amount":25.00,"billing_code_modifier":[""],"providers":[{"billed_charge":25.00,"npi":[1316251358,1346287471]}]}]}]},{"name":"IAAD IA SEVERE AQT RESPIR SYND CORONAVIRUS","billing_code_type":"CPT","billing_code_type_version":"2020","billing_code":"87426","description":"IAAD IA SEVERE AQT RESPIR SYND CORONAVIRUS","allowed_amounts":[{"tin":{"type":"ein","value":"852564108"},"service_code":["11"],"billing_class":"professional","payments":[{"allowed_amount":272.00,"billing_code_modifier":[""],"providers":[{"billed_charge":272.00,"npi":[1053901256,1639311509]}]}]}]},{"name":"INF AGT DET DNA\/RNA;SARS-COV-2 COVID-19 AMP P T","billing_code_type":"HCPCS","billing_code_type_version":"HCPCS LEVEL II 2021","billing_code":"U0003","description":"INF AGT DET DNA\/RNA;SARS-COV-2 COVID-19 AMP P T","allowed_amounts":[{"tin":{"type":"ein","value":"030511037"},"service_code":["81"],"billing_class":"professional","payments":[{"allowed_amount":112.50,"billing_code_modifier":[""],"providers":[{"billed_charge":375.00,"npi":[1790234839,1821110453]}]}]},{"tin":{"type":"ein","value":"133934292"},"service_code":["81"],"billing_class":"professional","payments":[{"allowed_amount":112.50,"billing_code_modifier":[""],"providers":[{"billed_charge":300.00,"npi":[1134316441,1215053962,1942873484]}]}]},{"tin":{"type":"ein","value":"208833340"},"service_code":["81"],"billing_class":"professional","payments":[{"allowed_amount":112.50,"billing_code_modifier":[""],"providers":[{"billed_charge":150.00,"npi":[1497283907,1922259753]}]}]},{"tin":{"type":"ein","value":"271861731"},"service_code":["81"],"billing_class":"professional","payments":[{"allowed_amount":112.50,"billing_code_modifier":[""],"providers":[{"billed_charge":160.00,"npi":[1225347099,1972515781]}]}]},{"tin":{"type":"ein","value":"272872791"},"service_code":["11"],"billing_class":"professional","payments":[{"allowed_amount":112.50,"billing_code_modifier":[""],"providers":[{"billed_charge":200.00,"npi":[1043815848,1942254347]}]}]},{"tin":{"type":"ein","value":"371416874"},"service_code":["81"],"billing_class":"professional","payments":[{"allowed_amount":112.50,"billing_code_modifier":[""],"providers":[{"billed_charge":350.00,"npi":[1255400065]}]}]},{"tin":{"type":"ein","value":"472462178"},"service_code":["81"],"billing_class":"professional","payments":[{"allowed_amount":112.50,"billing_code_modifier":[""],"providers":[{"billed_charge":250.00,"npi":[1467854497,1508484569,1639311509,1962018374]}]}]},{"tin":{"type":"ein","value":"473727159"},"service_code":["81"],"billing_class":"professional","payments":[{"allowed_amount":112.50,"billing_code_modifier":[""],"providers":[{"billed_charge":125.00,"npi":[1164095808,1245679711,1376733758,1427671601,1518539550,1760051205,1831621119,1912521568]}]}]},{"tin":{"type":"ein","value":"474777175"},"service_code":["81"],"billing_class":"professional","payments":[{"allowed_amount":112.50,"billing_code_modifier":[""],"providers":[{"billed_charge":295.00,"npi":[1205410933,1497015085]}]}]},{"tin":{"type":"ein","value":"820973231"},"service_code":["81"],"billing_class":"professional","payments":[{"allowed_amount":112.50,"billing_code_modifier":[""],"providers":[{"billed_charge":195.00,"npi":[1205362522,1700958667]}]}]},{"tin":{"type":"ein","value":"822369612"},"service_code":["81"],"billing_class":"professional","payments":[{"allowed_amount":112.50,"billing_code_modifier":[""],"providers":[{"billed_charge":250.00,"npi":[1710477344,1992304349]}]}]},{"tin":{"type":"ein","value":"831929928"},"service_code":["81"],"billing_class":"professional","payments":[{"allowed_amount":112.50,"billing_code_modifier":[""],"providers":[{"billed_charge":150.00,"npi":[1336871607,1659675320,1902480296]}]}]},{"tin":{"type":"ein","value":"841905194"},"service_code":["60","81"],"billing_class":"professional","payments":[{"allowed_amount":112.50,"billing_code_modifier":[""],"providers":[{"billed_charge":140.00,"npi":[1386240786,1891733374]}]}]},{"tin":{"type":"ein","value":"845172222"},"service_code":["81"],"billing_class":"professional","payments":[{"allowed_amount":112.50,"billing_code_modifier":[""],"providers":[{"billed_charge":225.00,"npi":[1346769593,1659588762]}]}]},{"tin":{"type":"ein","value":"845176341"},"service_code":["81"],"billing_class":"professional","payments":[{"allowed_amount":112.50,"billing_code_modifier":[""],"providers":[{"billed_charge":200.00,"npi":[1083237374]}]}]},{"tin":{"type":"ein","value":"850602662"},"service_code":["81"],"billing_class":"professional","payments":[{"allowed_amount":112.50,"billing_code_modifier":[""],"providers":[{"billed_charge":150.00,"npi":[1184883993,1861994600,1881215622]}]}]},{"tin":{"type":"ein","value":"851054301"},"service_code":["81"],"billing_class":"professional","payments":[{"allowed_amount":112.50,"billing_code_modifier":[""],"providers":[{"billed_charge":225.00,"npi":[1467030536,1871630319]}]}]},{"tin":{"type":"ein","value":"852329590"},"service_code":["81"],"billing_class":"professional","payments":[{"allowed_amount":112.50,"billing_code_modifier":[""],"providers":[{"billed_charge":150.00,"npi":[1437209178,1760079404]}]}]},{"tin":{"type":"ein","value":"852364612"},"service_code":["81"],"billing_class":"professional","payments":[{"allowed_amount":112.50,"billing_code_modifier":[""],"providers":[{"billed_charge":225.00,"npi":[1154385961,1740685387,1790386746]}]}]},{"tin":{"type":"ein","value":"852421177"},"service_code":["81"],"billing_class":"professional","payments":[{"allowed_amount":112.50,"billing_code_modifier":[""],"providers":[{"billed_charge":200.00,"npi":[1043313992,1366048019]}]}]},{"tin":{"type":"ein","value":"854289083"},"service_code":["81"],"billing_class":"professional","payments":[{"allowed_amount":112.50,"billing_code_modifier":[""],"providers":[{"billed_charge":225.00,"npi":[1316048358,1336757780,1699309104]}]}]},{"tin":{"type":"ein","value":"861213775"},"service_code":["81"],"billing_class":"professional","payments":[{"allowed_amount":112.50,"billing_code_modifier":[""],"providers":[{"billed_charge":190.00,"npi":[1831780402,1942278676]}]}]},{"tin":{"type":"ein","value":"872488369"},"service_code":["81"],"billing_class":"professional","payments":[{"allowed_amount":112.50,"billing_code_modifier":[""],"providers":[{"billed_charge":400.00,"npi":[1225706179]}]}]},{"tin":{"type":"ein","value":"910845805"},"service_code":["81"],"billing_class":"professional","payments":[{"allowed_amount":112.50,"billing_code_modifier":[""],"providers":[{"billed_charge":125.00,"npi":[1316251358,1346287471]}]}]}]},{"name":"INJECTION 1 TENDON SHEATH\/LIGAMENT APONEUROSIS","billing_code_type":"CPT","billing_code_type_version":"2020","billing_code":"20550","description":"INJECTION 1 TENDON SHEATH\/LIGAMENT APONEUROSIS","allowed_amounts":[{"tin":{"type":"ein","value":"862123125"},"service_code":["11"],"billing_class":"professional","payments":[{"allowed_amount":85.34,"billing_code_modifier":[""],"providers":[{"billed_charge":179.91,"npi":[1063006989,1174584510]}]}]}]},{"name":"INJECTION SINGLE\/MLT TRIGGER POINT 3\/> MUSCLES","billing_code_type":"CPT","billing_code_type_version":"2020","billing_code":"20553","description":"INJECTION SINGLE\/MLT TRIGGER POINT 3\/> MUSCLES","allowed_amounts":[{"tin":{"type":"ein","value":"862123125"},"service_code":["11"],"billing_class":"professional","payments":[{"allowed_amount":91.76,"billing_code_modifier":[""],"providers":[{"billed_charge":208.44,"npi":[1063006989,1174584510]}]}]}]},{"name":"LABORATORY - CLINICAL DIAGNOSTIC","billing_code_type":"RC","billing_code_type_version":"UB04","billing_code":"0300","description":"LABORATORY - CLINICAL DIAGNOSTIC","allowed_amounts":[{"tin":{"type":"ein","value":"273908339"},"service_code":["23"],"billing_class":"institutional","payments":[{"allowed_amount":0.00,"billing_code_modifier":[""],"providers":[{"billed_charge":62.21,"npi":[1871864611]},{"billed_charge":297.02,"npi":[1871864611]},{"billed_charge":472.54,"npi":[1871864611]},{"billed_charge":607.56,"npi":[1871864611]},{"billed_charge":1258.32,"npi":[1871864611]}]},{"allowed_amount":0.00,"billing_code_modifier":[""],"providers":[{"billed_charge":62.21,"npi":[1871864611]},{"billed_charge":297.02,"npi":[1871864611]},{"billed_charge":472.54,"npi":[1871864611]},{"billed_charge":607.56,"npi":[1871864611]},{"billed_charge":1258.32,"npi":[1871864611]}]},{"allowed_amount":0.00,"billing_code_modifier":[""],"providers":[{"billed_charge":62.21,"npi":[1871864611]},{"billed_charge":297.02,"npi":[1871864611]},{"billed_charge":472.54,"npi":[1871864611]},{"billed_charge":607.56,"npi":[1871864611]},{"billed_charge":1258.32,"npi":[1871864611]}]},{"allowed_amount":0.00,"billing_code_modifier":[""],"providers":[{"billed_charge":62.21,"npi":[1871864611]},{"billed_charge":297.02,"npi":[1871864611]},{"billed_charge":472.54,"npi":[1871864611]},{"billed_charge":607.56,"npi":[1871864611]},{"billed_charge":1258.32,"npi":[1871864611]}]},{"allowed_amount":0.00,"billing_code_modifier":[""],"providers":[{"billed_charge":62.21,"npi":[1871864611]},{"billed_charge":297.02,"npi":[1871864611]},{"billed_charge":472.54,"npi":[1871864611]},{"billed_charge":607.56,"npi":[1871864611]},{"billed_charge":1258.32,"npi":[1871864611]}]}]},{"tin":{"type":"ein","value":"273908339"},"service_code":["23"],"billing_class":"institutional","payments":[{"allowed_amount":0.00,"billing_code_modifier":[""],"providers":[{"billed_charge":62.21,"npi":[1871864611]},{"billed_charge":297.02,"npi":[1871864611]},{"billed_charge":472.54,"npi":[1871864611]},{"billed_charge":607.56,"npi":[1871864611]},{"billed_charge":1258.32,"npi":[1871864611]}]},{"allowed_amount":0.00,"billing_code_modifier":[""],"providers":[{"billed_charge":62.21,"npi":[1871864611]},{"billed_charge":297.02,"npi":[1871864611]},{"billed_charge":472.54,"npi":[1871864611]},{"billed_charge":607.56,"npi":[1871864611]},{"billed_charge":1258.32,"npi":[1871864611]}]},{"allowed_amount":0.00,"billing_code_modifier":[""],"providers":[{"billed_charge":62.21,"npi":[1871864611]},{"billed_charge":297.02,"npi":[1871864611]},{"billed_charge":472.54,"npi":[1871864611]},{"billed_charge":607.56,"npi":[1871864611]},{"billed_charge":1258.32,"npi":[1871864611]}]},{"allowed_amount":0.00,"billing_code_modifier":[""],"providers":[{"billed_charge":62.21,"npi":[1871864611]},{"billed_charge":297.02,"npi":[1871864611]},{"billed_charge":472.54,"npi":[1871864611]},{"billed_charge":607.56,"npi":[1871864611]},{"billed_charge":1258.32,"npi":[1871864611]}]},{"allowed_amount":0.00,"billing_code_modifier":[""],"providers":[{"billed_charge":62.21,"npi":[1871864611]},{"billed_charge":297.02,"npi":[1871864611]},{"billed_charge":472.54,"npi":[1871864611]},{"billed_charge":607.56,"npi":[1871864611]},{"billed_charge":1258.32,"npi":[1871864611]}]}]},{"tin":{"type":"ein","value":"273908339"},"service_code":["23"],"billing_class":"institutional","payments":[{"allowed_amount":0.00,"billing_code_modifier":[""],"providers":[{"billed_charge":62.21,"npi":[1871864611]},{"billed_charge":297.02,"npi":[1871864611]},{"billed_charge":472.54,"npi":[1871864611]},{"billed_charge":607.56,"npi":[1871864611]},{"billed_charge":1258.32,"npi":[1871864611]}]},{"allowed_amount":0.00,"billing_code_modifier":[""],"providers":[{"billed_charge":62.21,"npi":[1871864611]},{"billed_charge":297.02,"npi":[1871864611]},{"billed_charge":472.54,"npi":[1871864611]},{"billed_charge":607.56,"npi":[1871864611]},{"billed_charge":1258.32,"npi":[1871864611]}]},{"allowed_amount":0.00,"billing_code_modifier":[""],"providers":[{"billed_charge":62.21,"npi":[1871864611]},{"billed_charge":297.02,"npi":[1871864611]},{"billed_charge":472.54,"npi":[1871864611]},{"billed_charge":607.56,"npi":[1871864611]},{"billed_charge":1258.32,"npi":[1871864611]}]},{"allowed_amount":0.00,"billing_code_modifier":[""],"providers":[{"billed_charge":62.21,"npi":[1871864611]},{"billed_charge":297.02,"npi":[1871864611]},{"billed_charge":472.54,"npi":[1871864611]},{"billed_charge":607.56,"npi":[1871864611]},{"billed_charge":1258.32,"npi":[1871864611]}]},{"allowed_amount":0.00,"billing_code_modifier":[""],"providers":[{"billed_charge":62.21,"npi":[1871864611]},{"billed_charge":297.02,"npi":[1871864611]},{"billed_charge":472.54,"npi":[1871864611]},{"billed_charge":607.56,"npi":[1871864611]},{"billed_charge":1258.32,"npi":[1871864611]}]}]},{"tin":{"type":"ein","value":"273908339"},"service_code":["23"],"billing_class":"institutional","payments":[{"allowed_amount":0.00,"billing_code_modifier":[""],"providers":[{"billed_charge":62.21,"npi":[1871864611]},{"billed_charge":297.02,"npi":[1871864611]},{"billed_charge":472.54,"npi":[1871864611]},{"billed_charge":607.56,"npi":[1871864611]},{"billed_charge":1258.32,"npi":[1871864611]}]},{"allowed_amount":0.00,"billing_code_modifier":[""],"providers":[{"billed_charge":62.21,"npi":[1871864611]},{"billed_charge":297.02,"npi":[1871864611]},{"billed_charge":472.54,"npi":[1871864611]},{"billed_charge":607.56,"npi":[1871864611]},{"billed_charge":1258.32,"npi":[1871864611]}]},{"allowed_amount":0.00,"billing_code_modifier":[""],"providers":[{"billed_charge":62.21,"npi":[1871864611]},{"billed_charge":297.02,"npi":[1871864611]},{"billed_charge":472.54,"npi":[1871864611]},{"billed_charge":607.56,"npi":[1871864611]},{"billed_charge":1258.32,"npi":[1871864611]}]},{"allowed_amount":0.00,"billing_code_modifier":[""],"providers":[{"billed_charge":62.21,"npi":[1871864611]},{"billed_charge":297.02,"npi":[1871864611]},{"billed_charge":472.54,"npi":[1871864611]},{"billed_charge":607.56,"npi":[1871864611]},{"billed_charge":1258.32,"npi":[1871864611]}]},{"allowed_amount":0.00,"billing_code_modifier":[""],"providers":[{"billed_charge":62.21,"npi":[1871864611]},{"billed_charge":297.02,"npi":[1871864611]},{"billed_charge":472.54,"npi":[1871864611]},{"billed_charge":607.56,"npi":[1871864611]},{"billed_charge":1258.32,"npi":[1871864611]}]}]},{"tin":{"type":"ein","value":"273908339"},"service_code":["23"],"billing_class":"institutional","payments":[{"allowed_amount":0.00,"billing_code_modifier":[""],"providers":[{"billed_charge":62.21,"npi":[1871864611]},{"billed_charge":297.02,"npi":[1871864611]},{"billed_charge":472.54,"npi":[1871864611]},{"billed_charge":607.56,"npi":[1871864611]},{"billed_charge":1258.32,"npi":[1871864611]}]},{"allowed_amount":0.00,"billing_code_modifier":[""],"providers":[{"billed_charge":62.21,"npi":[1871864611]},{"billed_charge":297.02,"npi":[1871864611]},{"billed_charge":472.54,"npi":[1871864611]},{"billed_charge":607.56,"npi":[1871864611]},{"billed_charge":1258.32,"npi":[1871864611]}]},{"allowed_amount":0.00,"billing_code_modifier":[""],"providers":[{"billed_charge":62.21,"npi":[1871864611]},{"billed_charge":297.02,"npi":[1871864611]},{"billed_charge":472.54,"npi":[1871864611]},{"billed_charge":607.56,"npi":[1871864611]},{"billed_charge":1258.32,"npi":[1871864611]}]},{"allowed_amount":0.00,"billing_code_modifier":[""],"providers":[{"billed_charge":62.21,"npi":[1871864611]},{"billed_charge":297.02,"npi":[1871864611]},{"billed_charge":472.54,"npi":[1871864611]},{"billed_charge":607.56,"npi":[1871864611]},{"billed_charge":1258.32,"npi":[1871864611]}]},{"allowed_amount":0.00,"billing_code_modifier":[""],"providers":[{"billed_charge":62.21,"npi":[1871864611]},{"billed_charge":297.02,"npi":[1871864611]},{"billed_charge":472.54,"npi":[1871864611]},{"billed_charge":607.56,"npi":[1871864611]},{"billed_charge":1258.32,"npi":[1871864611]}]}]},{"tin":{"type":"ein","value":"364857242"},"service_code":["23"],"billing_class":"institutional","payments":[{"allowed_amount":0.00,"billing_code_modifier":[""],"providers":[{"billed_charge":354.82,"npi":[1689170813]}]}]},{"tin":{"type":"ein","value":"464901030"},"service_code":["23"],"billing_class":"institutional","payments":[{"allowed_amount":0.00,"billing_code_modifier":[""],"providers":[{"billed_charge":126.59,"npi":[1679976120]},{"billed_charge":210.46,"npi":[1679976120]},{"billed_charge":287.00,"npi":[1679976120]},{"billed_charge":300.30,"npi":[1679976120]},{"billed_charge":334.84,"npi":[1679976120]},{"billed_charge":891.61,"npi":[1679976120]}]},{"allowed_amount":0.00,"billing_code_modifier":[""],"providers":[{"billed_charge":126.59,"npi":[1679976120]},{"billed_charge":210.46,"npi":[1679976120]},{"billed_charge":287.00,"npi":[1679976120]},{"billed_charge":300.30,"npi":[1679976120]},{"billed_charge":334.84,"npi":[1679976120]},{"billed_charge":891.61,"npi":[1679976120]}]},{"allowed_amount":0.00,"billing_code_modifier":[""],"providers":[{"billed_charge":126.59,"npi":[1679976120]},{"billed_charge":210.46,"npi":[1679976120]},{"billed_charge":287.00,"npi":[1679976120]},{"billed_charge":300.30,"npi":[1679976120]},{"billed_charge":334.84,"npi":[1679976120]},{"billed_charge":891.61,"npi":[1679976120]}]},{"allowed_amount":0.00,"billing_code_modifier":[""],"providers":[{"billed_charge":126.59,"npi":[1679976120]},{"billed_charge":210.46,"npi":[1679976120]},{"billed_charge":287.00,"npi":[1679976120]},{"billed_charge":300.30,"npi":[1679976120]},{"billed_charge":334.84,"npi":[1679976120]},{"billed_charge":891.61,"npi":[1679976120]}]},{"allowed_amount":0.00,"billing_code_modifier":[""],"providers":[{"billed_charge":126.59,"npi":[1679976120]},{"billed_charge":210.46,"npi":[1679976120]},{"billed_charge":287.00,"npi":[1679976120]},{"billed_charge":300.30,"npi":[1679976120]},{"billed_charge":334.84,"npi":[1679976120]},{"billed_charge":891.61,"npi":[1679976120]}]},{"allowed_amount":0.00,"billing_code_modifier":[""],"providers":[{"billed_charge":126.59,"npi":[1679976120]},{"billed_charge":210.46,"npi":[1679976120]},{"billed_charge":287.00,"npi":[1679976120]},{"billed_charge":300.30,"npi":[1679976120]},{"billed_charge":334.84,"npi":[1679976120]},{"billed_charge":891.61,"npi":[1679976120]}]}]},{"tin":{"type":"ein","value":"464901030"},"service_code":["23"],"billing_class":"institutional","payments":[{"allowed_amount":0.00,"billing_code_modifier":[""],"providers":[{"billed_charge":126.59,"npi":[1679976120]},{"billed_charge":210.46,"npi":[1679976120]},{"billed_charge":287.00,"npi":[1679976120]},{"billed_charge":300.30,"npi":[1679976120]},{"billed_charge":334.84,"npi":[1679976120]},{"billed_charge":891.61,"npi":[1679976120]}]},{"allowed_amount":0.00,"billing_code_modifier":[""],"providers":[{"billed_charge":126.59,"npi":[1679976120]},{"billed_charge":210.46,"npi":[1679976120]},{"billed_charge":287.00,"npi":[1679976120]},{"billed_charge":300.30,"npi":[1679976120]},{"billed_charge":334.84,"npi":[1679976120]},{"billed_charge":891.61,"npi":[1679976120]}]},{"allowed_amount":0.00,"billing_code_modifier":[""],"providers":[{"billed_charge":126.59,"npi":[1679976120]},{"billed_charge":210.46,"npi":[1679976120]},{"billed_charge":287.00,"npi":[1679976120]},{"billed_charge":300.30,"npi":[1679976120]},{"billed_charge":334.84,"npi":[1679976120]},{"billed_charge":891.61,"npi":[1679976120]}]},{"allowed_amount":0.00,"billing_code_modifier":[""],"providers":[{"billed_charge":126.59,"npi":[1679976120]},{"billed_charge":210.46,"npi":[1679976120]},{"billed_charge":287.00,"npi":[1679976120]},{"billed_charge":300.30,"npi":[1679976120]},{"billed_charge":334.84,"npi":[1679976120]},{"billed_charge":891.61,"npi":[1679976120]}]},{"allowed_amount":0.00,"billing_code_modifier":[""],"providers":[{"billed_charge":126.59,"npi":[1679976120]},{"billed_charge":210.46,"npi":[1679976120]},{"billed_charge":287.00,"npi":[1679976120]},{"billed_charge":300.30,"npi":[1679976120]},{"billed_charge":334.84,"npi":[1679976120]},{"billed_charge":891.61,"npi":[1679976120]}]},{"allowed_amount":0.00,"billing_code_modifier":[""],"providers":[{"billed_charge":126.59,"npi":[1679976120]},{"billed_charge":210.46,"npi":[1679976120]},{"billed_charge":287.00,"npi":[1679976120]},{"billed_charge":300.30,"npi":[1679976120]},{"billed_charge":334.84,"npi":[1679976120]},{"billed_charge":891.61,"npi":[1679976120]}]}]},{"tin":{"type":"ein","value":"464901030"},"service_code":["23"],"billing_class":"institutional","payments":[{"allowed_amount":0.00,"billing_code_modifier":[""],"providers":[{"billed_charge":126.59,"npi":[1679976120]},{"billed_charge":210.46,"npi":[1679976120]},{"billed_charge":287.00,"npi":[1679976120]},{"billed_charge":300.30,"npi":[1679976120]},{"billed_charge":334.84,"npi":[1679976120]},{"billed_charge":891.61,"npi":[1679976120]}]},{"allowed_amount":0.00,"billing_code_modifier":[""],"providers":[{"billed_charge":126.59,"npi":[1679976120]},{"billed_charge":210.46,"npi":[1679976120]},{"billed_charge":287.00,"npi":[1679976120]},{"billed_charge":300.30,"npi":[1679976120]},{"billed_charge":334.84,"npi":[1679976120]},{"billed_charge":891.61,"npi":[1679976120]}]},{"allowed_amount":0.00,"billing_code_modifier":[""],"providers":[{"billed_charge":126.59,"npi":[1679976120]},{"billed_charge":210.46,"npi":[1679976120]},{"billed_charge":287.00,"npi":[1679976120]},{"billed_charge":300.30,"npi":[1679976120]},{"billed_charge":334.84,"npi":[1679976120]},{"billed_charge":891.61,"npi":[1679976120]}]},{"allowed_amount":0.00,"billing_code_modifier":[""],"providers":[{"billed_charge":126.59,"npi":[1679976120]},{"billed_charge":210.46,"npi":[1679976120]},{"billed_charge":287.00,"npi":[1679976120]},{"billed_charge":300.30,"npi":[1679976120]},{"billed_charge":334.84,"npi":[1679976120]},{"billed_charge":891.61,"npi":[1679976120]}]},{"allowed_amount":0.00,"billing_code_modifier":[""],"providers":[{"billed_charge":126.59,"npi":[1679976120]},{"billed_charge":210.46,"npi":[1679976120]},{"billed_charge":287.00,"npi":[1679976120]},{"billed_charge":300.30,"npi":[1679976120]},{"billed_charge":334.84,"npi":[1679976120]},{"billed_charge":891.61,"npi":[1679976120]}]},{"allowed_amount":0.00,"billing_code_modifier":[""],"providers":[{"billed_charge":126.59,"npi":[1679976120]},{"billed_charge":210.46,"npi":[1679976120]},{"billed_charge":287.00,"npi":[1679976120]},{"billed_charge":300.30,"npi":[1679976120]},{"billed_charge":334.84,"npi":[1679976120]},{"billed_charge":891.61,"npi":[1679976120]}]}]},{"tin":{"type":"ein","value":"464901030"},"service_code":["23"],"billing_class":"institutional","payments":[{"allowed_amount":0.00,"billing_code_modifier":[""],"providers":[{"billed_charge":126.59,"npi":[1679976120]},{"billed_charge":210.46,"npi":[1679976120]},{"billed_charge":287.00,"npi":[1679976120]},{"billed_charge":300.30,"npi":[1679976120]},{"billed_charge":334.84,"npi":[1679976120]},{"billed_charge":891.61,"npi":[1679976120]}]},{"allowed_amount":0.00,"billing_code_modifier":[""],"providers":[{"billed_charge":126.59,"npi":[1679976120]},{"billed_charge":210.46,"npi":[1679976120]},{"billed_charge":287.00,"npi":[1679976120]},{"billed_charge":300.30,"npi":[1679976120]},{"billed_charge":334.84,"npi":[1679976120]},{"billed_charge":891.61,"npi":[1679976120]}]},{"allowed_amount":0.00,"billing_code_modifier":[""],"providers":[{"billed_charge":126.59,"npi":[1679976120]},{"billed_charge":210.46,"npi":[1679976120]},{"billed_charge":287.00,"npi":[1679976120]},{"billed_charge":300.30,"npi":[1679976120]},{"billed_charge":334.84,"npi":[1679976120]},{"billed_charge":891.61,"npi":[1679976120]}]},{"allowed_amount":0.00,"billing_code_modifier":[""],"providers":[{"billed_charge":126.59,"npi":[1679976120]},{"billed_charge":210.46,"npi":[1679976120]},{"billed_charge":287.00,"npi":[1679976120]},{"billed_charge":300.30,"npi":[1679976120]},{"billed_charge":334.84,"npi":[1679976120]},{"billed_charge":891.61,"npi":[1679976120]}]},{"allowed_amount":0.00,"billing_code_modifier":[""],"providers":[{"billed_charge":126.59,"npi":[1679976120]},{"billed_charge":210.46,"npi":[1679976120]},{"billed_charge":287.00,"npi":[1679976120]},{"billed_charge":300.30,"npi":[1679976120]},{"billed_charge":334.84,"npi":[1679976120]},{"billed_charge":891.61,"npi":[1679976120]}]},{"allowed_amount":0.00,"billing_code_modifier":[""],"providers":[{"billed_charge":126.59,"npi":[1679976120]},{"billed_charge":210.46,"npi":[1679976120]},{"billed_charge":287.00,"npi":[1679976120]},{"billed_charge":300.30,"npi":[1679976120]},{"billed_charge":334.84,"npi":[1679976120]},{"billed_charge":891.61,"npi":[1679976120]}]}]},{"tin":{"type":"ein","value":"464901030"},"service_code":["23"],"billing_class":"institutional","payments":[{"allowed_amount":0.00,"billing_code_modifier":[""],"providers":[{"billed_charge":126.59,"npi":[1679976120]},{"billed_charge":210.46,"npi":[1679976120]},{"billed_charge":287.00,"npi":[1679976120]},{"billed_charge":300.30,"npi":[1679976120]},{"billed_charge":334.84,"npi":[1679976120]},{"billed_charge":891.61,"npi":[1679976120]}]},{"allowed_amount":0.00,"billing_code_modifier":[""],"providers":[{"billed_charge":126.59,"npi":[1679976120]},{"billed_charge":210.46,"npi":[1679976120]},{"billed_charge":287.00,"npi":[1679976120]},{"billed_charge":300.30,"npi":[1679976120]},{"billed_charge":334.84,"npi":[1679976120]},{"billed_charge":891.61,"npi":[1679976120]}]},{"allowed_amount":0.00,"billing_code_modifier":[""],"providers":[{"billed_charge":126.59,"npi":[1679976120]},{"billed_charge":210.46,"npi":[1679976120]},{"billed_charge":287.00,"npi":[1679976120]},{"billed_charge":300.30,"npi":[1679976120]},{"billed_charge":334.84,"npi":[1679976120]},{"billed_charge":891.61,"npi":[1679976120]}]},{"allowed_amount":0.00,"billing_code_modifier":[""],"providers":[{"billed_charge":126.59,"npi":[1679976120]},{"billed_charge":210.46,"npi":[1679976120]},{"billed_charge":287.00,"npi":[1679976120]},{"billed_charge":300.30,"npi":[1679976120]},{"billed_charge":334.84,"npi":[1679976120]},{"billed_charge":891.61,"npi":[1679976120]}]},{"allowed_amount":0.00,"billing_code_modifier":[""],"providers":[{"billed_charge":126.59,"npi":[1679976120]},{"billed_charge":210.46,"npi":[1679976120]},{"billed_charge":287.00,"npi":[1679976120]},{"billed_charge":300.30,"npi":[1679976120]},{"billed_charge":334.84,"npi":[1679976120]},{"billed_charge":891.61,"npi":[1679976120]}]},{"allowed_amount":0.00,"billing_code_modifier":[""],"providers":[{"billed_charge":126.59,"npi":[1679976120]},{"billed_charge":210.46,"npi":[1679976120]},{"billed_charge":287.00,"npi":[1679976120]},{"billed_charge":300.30,"npi":[1679976120]},{"billed_charge":334.84,"npi":[1679976120]},{"billed_charge":891.61,"npi":[1679976120]}]}]},{"tin":{"type":"ein","value":"464901030"},"service_code":["23"],"billing_class":"institutional","payments":[{"allowed_amount":0.00,"billing_code_modifier":[""],"providers":[{"billed_charge":126.59,"npi":[1679976120]},{"billed_charge":210.46,"npi":[1679976120]},{"billed_charge":287.00,"npi":[1679976120]},{"billed_charge":300.30,"npi":[1679976120]},{"billed_charge":334.84,"npi":[1679976120]},{"billed_charge":891.61,"npi":[1679976120]}]},{"allowed_amount":0.00,"billing_code_modifier":[""],"providers":[{"billed_charge":126.59,"npi":[1679976120]},{"billed_charge":210.46,"npi":[1679976120]},{"billed_charge":287.00,"npi":[1679976120]},{"billed_charge":300.30,"npi":[1679976120]},{"billed_charge":334.84,"npi":[1679976120]},{"billed_charge":891.61,"npi":[1679976120]}]},{"allowed_amount":0.00,"billing_code_modifier":[""],"providers":[{"billed_charge":126.59,"npi":[1679976120]},{"billed_charge":210.46,"npi":[1679976120]},{"billed_charge":287.00,"npi":[1679976120]},{"billed_charge":300.30,"npi":[1679976120]},{"billed_charge":334.84,"npi":[1679976120]},{"billed_charge":891.61,"npi":[1679976120]}]},{"allowed_amount":0.00,"billing_code_modifier":[""],"providers":[{"billed_charge":126.59,"npi":[1679976120]},{"billed_charge":210.46,"npi":[1679976120]},{"billed_charge":287.00,"npi":[1679976120]},{"billed_charge":300.30,"npi":[1679976120]},{"billed_charge":334.84,"npi":[1679976120]},{"billed_charge":891.61,"npi":[1679976120]}]},{"allowed_amount":0.00,"billing_code_modifier":[""],"providers":[{"billed_charge":126.59,"npi":[1679976120]},{"billed_charge":210.46,"npi":[1679976120]},{"billed_charge":287.00,"npi":[1679976120]},{"billed_charge":300.30,"npi":[1679976120]},{"billed_charge":334.84,"npi":[1679976120]},{"billed_charge":891.61,"npi":[1679976120]}]},{"allowed_amount":0.00,"billing_code_modifier":[""],"providers":[{"billed_charge":126.59,"npi":[1679976120]},{"billed_charge":210.46,"npi":[1679976120]},{"billed_charge":287.00,"npi":[1679976120]},{"billed_charge":300.30,"npi":[1679976120]},{"billed_charge":334.84,"npi":[1679976120]},{"billed_charge":891.61,"npi":[1679976120]}]}]},{"tin":{"type":"ein","value":"814623955"},"service_code":["23"],"billing_class":"institutional","payments":[{"allowed_amount":0.00,"billing_code_modifier":[""],"providers":[{"billed_charge":63.65,"npi":[1154868503]},{"billed_charge":131.71,"npi":[1154868503]},{"billed_charge":263.42,"npi":[1154868503]},{"billed_charge":450.00,"npi":[1427624709]}]},{"allowed_amount":0.00,"billing_code_modifier":[""],"providers":[{"billed_charge":63.65,"npi":[1154868503]},{"billed_charge":131.71,"npi":[1154868503]},{"billed_charge":263.42,"npi":[1154868503]},{"billed_charge":450.00,"npi":[1427624709]}]},{"allowed_amount":0.00,"billing_code_modifier":[""],"providers":[{"billed_charge":63.65,"npi":[1154868503]},{"billed_charge":131.71,"npi":[1154868503]},{"billed_charge":263.42,"npi":[1154868503]},{"billed_charge":450.00,"npi":[1427624709]}]},{"allowed_amount":0.00,"billing_code_modifier":[""],"providers":[{"billed_charge":63.65,"npi":[1154868503]},{"billed_charge":131.71,"npi":[1154868503]},{"billed_charge":263.42,"npi":[1154868503]},{"billed_charge":450.00,"npi":[1427624709]}]}]},{"tin":{"type":"ein","value":"814623955"},"service_code":["23"],"billing_class":"institutional","payments":[{"allowed_amount":0.00,"billing_code_modifier":[""],"providers":[{"billed_charge":63.65,"npi":[1154868503]},{"billed_charge":131.71,"npi":[1154868503]},{"billed_charge":263.42,"npi":[1154868503]},{"billed_charge":450.00,"npi":[1427624709]}]},{"allowed_amount":0.00,"billing_code_modifier":[""],"providers":[{"billed_charge":63.65,"npi":[1154868503]},{"billed_charge":131.71,"npi":[1154868503]},{"billed_charge":263.42,"npi":[1154868503]},{"billed_charge":450.00,"npi":[1427624709]}]},{"allowed_amount":0.00,"billing_code_modifier":[""],"providers":[{"billed_charge":63.65,"npi":[1154868503]},{"billed_charge":131.71,"npi":[1154868503]},{"billed_charge":263.42,"npi":[1154868503]},{"billed_charge":450.00,"npi":[1427624709]}]},{"allowed_amount":0.00,"billing_code_modifier":[""],"providers":[{"billed_charge":63.65,"npi":[1154868503]},{"billed_charge":131.71,"npi":[1154868503]},{"billed_charge":263.42,"npi":[1154868503]},{"billed_charge":450.00,"npi":[1427624709]}]}]},{"tin":{"type":"ein","value":"814623955"},"service_code":["23"],"billing_class":"institutional","payments":[{"allowed_amount":0.00,"billing_code_modifier":[""],"providers":[{"billed_charge":63.65,"npi":[1154868503]},{"billed_charge":131.71,"npi":[1154868503]},{"billed_charge":263.42,"npi":[1154868503]},{"billed_charge":450.00,"npi":[1427624709]}]},{"allowed_amount":0.00,"billing_code_modifier":[""],"providers":[{"billed_charge":63.65,"npi":[1154868503]},{"billed_charge":131.71,"npi":[1154868503]},{"billed_charge":263.42,"npi":[1154868503]},{"billed_charge":450.00,"npi":[1427624709]}]},{"allowed_amount":0.00,"billing_code_modifier":[""],"providers":[{"billed_charge":63.65,"npi":[1154868503]},{"billed_charge":131.71,"npi":[1154868503]},{"billed_charge":263.42,"npi":[1154868503]},{"billed_charge":450.00,"npi":[1427624709]}]},{"allowed_amount":0.00,"billing_code_modifier":[""],"providers":[{"billed_charge":63.65,"npi":[1154868503]},{"billed_charge":131.71,"npi":[1154868503]},{"billed_charge":263.42,"npi":[1154868503]},{"billed_charge":450.00,"npi":[1427624709]}]}]},{"tin":{"type":"ein","value":"814623955"},"service_code":["23"],"billing_class":"institutional","payments":[{"allowed_amount":0.00,"billing_code_modifier":[""],"providers":[{"billed_charge":63.65,"npi":[1154868503]},{"billed_charge":131.71,"npi":[1154868503]},{"billed_charge":263.42,"npi":[1154868503]},{"billed_charge":450.00,"npi":[1427624709]}]},{"allowed_amount":0.00,"billing_code_modifier":[""],"providers":[{"billed_charge":63.65,"npi":[1154868503]},{"billed_charge":131.71,"npi":[1154868503]},{"billed_charge":263.42,"npi":[1154868503]},{"billed_charge":450.00,"npi":[1427624709]}]},{"allowed_amount":0.00,"billing_code_modifier":[""],"providers":[{"billed_charge":63.65,"npi":[1154868503]},{"billed_charge":131.71,"npi":[1154868503]},{"billed_charge":263.42,"npi":[1154868503]},{"billed_charge":450.00,"npi":[1427624709]}]},{"allowed_amount":0.00,"billing_code_modifier":[""],"providers":[{"billed_charge":63.65,"npi":[1154868503]},{"billed_charge":131.71,"npi":[1154868503]},{"billed_charge":263.42,"npi":[1154868503]},{"billed_charge":450.00,"npi":[1427624709]}]}]},{"tin":{"type":"ein","value":"823205577"},"service_code":["23"],"billing_class":"institutional","payments":[{"allowed_amount":0.00,"billing_code_modifier":[""],"providers":[{"billed_charge":480.00,"npi":[1033636865]},{"billed_charge":575.00,"npi":[1033636865]},{"billed_charge":1038.00,"npi":[1033636865]}]},{"allowed_amount":0.00,"billing_code_modifier":[""],"providers":[{"billed_charge":480.00,"npi":[1033636865]},{"billed_charge":575.00,"npi":[1033636865]},{"billed_charge":1038.00,"npi":[1033636865]}]},{"allowed_amount":0.00,"billing_code_modifier":[""],"providers":[{"billed_charge":480.00,"npi":[1033636865]},{"billed_charge":575.00,"npi":[1033636865]},{"billed_charge":1038.00,"npi":[1033636865]}]}]},{"tin":{"type":"ein","value":"823205577"},"service_code":["23"],"billing_class":"institutional","payments":[{"allowed_amount":0.00,"billing_code_modifier":[""],"providers":[{"billed_charge":480.00,"npi":[1033636865]},{"billed_charge":575.00,"npi":[1033636865]},{"billed_charge":1038.00,"npi":[1033636865]}]},{"allowed_amount":0.00,"billing_code_modifier":[""],"providers":[{"billed_charge":480.00,"npi":[1033636865]},{"billed_charge":575.00,"npi":[1033636865]},{"billed_charge":1038.00,"npi":[1033636865]}]},{"allowed_amount":0.00,"billing_code_modifier":[""],"providers":[{"billed_charge":480.00,"npi":[1033636865]},{"billed_charge":575.00,"npi":[1033636865]},{"billed_charge":1038.00,"npi":[1033636865]}]}]},{"tin":{"type":"ein","value":"823205577"},"service_code":["23"],"billing_class":"institutional","payments":[{"allowed_amount":0.00,"billing_code_modifier":[""],"providers":[{"billed_charge":480.00,"npi":[1033636865]},{"billed_charge":575.00,"npi":[1033636865]},{"billed_charge":1038.00,"npi":[1033636865]}]},{"allowed_amount":0.00,"billing_code_modifier":[""],"providers":[{"billed_charge":480.00,"npi":[1033636865]},{"billed_charge":575.00,"npi":[1033636865]},{"billed_charge":1038.00,"npi":[1033636865]}]},{"allowed_amount":0.00,"billing_code_modifier":[""],"providers":[{"billed_charge":480.00,"npi":[1033636865]},{"billed_charge":575.00,"npi":[1033636865]},{"billed_charge":1038.00,"npi":[1033636865]}]}]},{"tin":{"type":"ein","value":"851516898"},"service_code":["23"],"billing_class":"institutional","payments":[{"allowed_amount":0.00,"billing_code_modifier":[""],"providers":[{"billed_charge":690.00,"npi":[1114930492,1518539048]}]}]},{"tin":{"type":"ein","value":"861337129"},"service_code":["23"],"billing_class":"institutional","payments":[{"allowed_amount":0.00,"billing_code_modifier":[""],"providers":[{"billed_charge":255.09,"npi":[1871170753]},{"billed_charge":260.28,"npi":[1871170753]},{"billed_charge":303.67,"npi":[1871170753]},{"billed_charge":390.44,"npi":[1871170753]},{"billed_charge":469.02,"npi":[1871170753]},{"billed_charge":808.63,"npi":[1871170753]}]},{"allowed_amount":0.00,"billing_code_modifier":[""],"providers":[{"billed_charge":255.09,"npi":[1871170753]},{"billed_charge":260.28,"npi":[1871170753]},{"billed_charge":303.67,"npi":[1871170753]},{"billed_charge":390.44,"npi":[1871170753]},{"billed_charge":469.02,"npi":[1871170753]},{"billed_charge":808.63,"npi":[1871170753]}]},{"allowed_amount":0.00,"billing_code_modifier":[""],"providers":[{"billed_charge":255.09,"npi":[1871170753]},{"billed_charge":260.28,"npi":[1871170753]},{"billed_charge":303.67,"npi":[1871170753]},{"billed_charge":390.44,"npi":[1871170753]},{"billed_charge":469.02,"npi":[1871170753]},{"billed_charge":808.63,"npi":[1871170753]}]},{"allowed_amount":0.00,"billing_code_modifier":[""],"providers":[{"billed_charge":255.09,"npi":[1871170753]},{"billed_charge":260.28,"npi":[1871170753]},{"billed_charge":303.67,"npi":[1871170753]},{"billed_charge":390.44,"npi":[1871170753]},{"billed_charge":469.02,"npi":[1871170753]},{"billed_charge":808.63,"npi":[1871170753]}]},{"allowed_amount":0.00,"billing_code_modifier":[""],"providers":[{"billed_charge":255.09,"npi":[1871170753]},{"billed_charge":260.28,"npi":[1871170753]},{"billed_charge":303.67,"npi":[1871170753]},{"billed_charge":390.44,"npi":[1871170753]},{"billed_charge":469.02,"npi":[1871170753]},{"billed_charge":808.63,"npi":[1871170753]}]},{"allowed_amount":0.00,"billing_code_modifier":[""],"providers":[{"billed_charge":255.09,"npi":[1871170753]},{"billed_charge":260.28,"npi":[1871170753]},{"billed_charge":303.67,"npi":[1871170753]},{"billed_charge":390.44,"npi":[1871170753]},{"billed_charge":469.02,"npi":[1871170753]},{"billed_charge":808.63,"npi":[1871170753]}]}]},{"tin":{"type":"ein","value":"861337129"},"service_code":["23"],"billing_class":"institutional","payments":[{"allowed_amount":0.00,"billing_code_modifier":[""],"providers":[{"billed_charge":255.09,"npi":[1871170753]},{"billed_charge":260.28,"npi":[1871170753]},{"billed_charge":303.67,"npi":[1871170753]},{"billed_charge":390.44,"npi":[1871170753]},{"billed_charge":469.02,"npi":[1871170753]},{"billed_charge":808.63,"npi":[1871170753]}]},{"allowed_amount":0.00,"billing_code_modifier":[""],"providers":[{"billed_charge":255.09,"npi":[1871170753]},{"billed_charge":260.28,"npi":[1871170753]},{"billed_charge":303.67,"npi":[1871170753]},{"billed_charge":390.44,"npi":[1871170753]},{"billed_charge":469.02,"npi":[1871170753]},{"billed_charge":808.63,"npi":[1871170753]}]},{"allowed_amount":0.00,"billing_code_modifier":[""],"providers":[{"billed_charge":255.09,"npi":[1871170753]},{"billed_charge":260.28,"npi":[1871170753]},{"billed_charge":303.67,"npi":[1871170753]},{"billed_charge":390.44,"npi":[1871170753]},{"billed_charge":469.02,"npi":[1871170753]},{"billed_charge":808.63,"npi":[1871170753]}]},{"allowed_amount":0.00,"billing_code_modifier":[""],"providers":[{"billed_charge":255.09,"npi":[1871170753]},{"billed_charge":260.28,"npi":[1871170753]},{"billed_charge":303.67,"npi":[1871170753]},{"billed_charge":390.44,"npi":[1871170753]},{"billed_charge":469.02,"npi":[1871170753]},{"billed_charge":808.63,"npi":[1871170753]}]},{"allowed_amount":0.00,"billing_code_modifier":[""],"providers":[{"billed_charge":255.09,"npi":[1871170753]},{"billed_charge":260.28,"npi":[1871170753]},{"billed_charge":303.67,"npi":[1871170753]},{"billed_charge":390.44,"npi":[1871170753]},{"billed_charge":469.02,"npi":[1871170753]},{"billed_charge":808.63,"npi":[1871170753]}]},{"allowed_amount":0.00,"billing_code_modifier":[""],"providers":[{"billed_charge":255.09,"npi":[1871170753]},{"billed_charge":260.28,"npi":[1871170753]},{"billed_charge":303.67,"npi":[1871170753]},{"billed_charge":390.44,"npi":[1871170753]},{"billed_charge":469.02,"npi":[1871170753]},{"billed_charge":808.63,"npi":[1871170753]}]}]},{"tin":{"type":"ein","value":"861337129"},"service_code":["23"],"billing_class":"institutional","payments":[{"allowed_amount":0.00,"billing_code_modifier":[""],"providers":[{"billed_charge":255.09,"npi":[1871170753]},{"billed_charge":260.28,"npi":[1871170753]},{"billed_charge":303.67,"npi":[1871170753]},{"billed_charge":390.44,"npi":[1871170753]},{"billed_charge":469.02,"npi":[1871170753]},{"billed_charge":808.63,"npi":[1871170753]}]},{"allowed_amount":0.00,"billing_code_modifier":[""],"providers":[{"billed_charge":255.09,"npi":[1871170753]},{"billed_charge":260.28,"npi":[1871170753]},{"billed_charge":303.67,"npi":[1871170753]},{"billed_charge":390.44,"npi":[1871170753]},{"billed_charge":469.02,"npi":[1871170753]},{"billed_charge":808.63,"npi":[1871170753]}]},{"allowed_amount":0.00,"billing_code_modifier":[""],"providers":[{"billed_charge":255.09,"npi":[1871170753]},{"billed_charge":260.28,"npi":[1871170753]},{"billed_charge":303.67,"npi":[1871170753]},{"billed_charge":390.44,"npi":[1871170753]},{"billed_charge":469.02,"npi":[1871170753]},{"billed_charge":808.63,"npi":[1871170753]}]},{"allowed_amount":0.00,"billing_code_modifier":[""],"providers":[{"billed_charge":255.09,"npi":[1871170753]},{"billed_charge":260.28,"npi":[1871170753]},{"billed_charge":303.67,"npi":[1871170753]},{"billed_charge":390.44,"npi":[1871170753]},{"billed_charge":469.02,"npi":[1871170753]},{"billed_charge":808.63,"npi":[1871170753]}]},{"allowed_amount":0.00,"billing_code_modifier":[""],"providers":[{"billed_charge":255.09,"npi":[1871170753]},{"billed_charge":260.28,"npi":[1871170753]},{"billed_charge":303.67,"npi":[1871170753]},{"billed_charge":390.44,"npi":[1871170753]},{"billed_charge":469.02,"npi":[1871170753]},{"billed_charge":808.63,"npi":[1871170753]}]},{"allowed_amount":0.00,"billing_code_modifier":[""],"providers":[{"billed_charge":255.09,"npi":[1871170753]},{"billed_charge":260.28,"npi":[1871170753]},{"billed_charge":303.67,"npi":[1871170753]},{"billed_charge":390.44,"npi":[1871170753]},{"billed_charge":469.02,"npi":[1871170753]},{"billed_charge":808.63,"npi":[1871170753]}]}]},{"tin":{"type":"ein","value":"861337129"},"service_code":["23"],"billing_class":"institutional","payments":[{"allowed_amount":0.00,"billing_code_modifier":[""],"providers":[{"billed_charge":255.09,"npi":[1871170753]},{"billed_charge":260.28,"npi":[1871170753]},{"billed_charge":303.67,"npi":[1871170753]},{"billed_charge":390.44,"npi":[1871170753]},{"billed_charge":469.02,"npi":[1871170753]},{"billed_charge":808.63,"npi":[1871170753]}]},{"allowed_amount":0.00,"billing_code_modifier":[""],"providers":[{"billed_charge":255.09,"npi":[1871170753]},{"billed_charge":260.28,"npi":[1871170753]},{"billed_charge":303.67,"npi":[1871170753]},{"billed_charge":390.44,"npi":[1871170753]},{"billed_charge":469.02,"npi":[1871170753]},{"billed_charge":808.63,"npi":[1871170753]}]},{"allowed_amount":0.00,"billing_code_modifier":[""],"providers":[{"billed_charge":255.09,"npi":[1871170753]},{"billed_charge":260.28,"npi":[1871170753]},{"billed_charge":303.67,"npi":[1871170753]},{"billed_charge":390.44,"npi":[1871170753]},{"billed_charge":469.02,"npi":[1871170753]},{"billed_charge":808.63,"npi":[1871170753]}]},{"allowed_amount":0.00,"billing_code_modifier":[""],"providers":[{"billed_charge":255.09,"npi":[1871170753]},{"billed_charge":260.28,"npi":[1871170753]},{"billed_charge":303.67,"npi":[1871170753]},{"billed_charge":390.44,"npi":[1871170753]},{"billed_charge":469.02,"npi":[1871170753]},{"billed_charge":808.63,"npi":[1871170753]}]},{"allowed_amount":0.00,"billing_code_modifier":[""],"providers":[{"billed_charge":255.09,"npi":[1871170753]},{"billed_charge":260.28,"npi":[1871170753]},{"billed_charge":303.67,"npi":[1871170753]},{"billed_charge":390.44,"npi":[1871170753]},{"billed_charge":469.02,"npi":[1871170753]},{"billed_charge":808.63,"npi":[1871170753]}]},{"allowed_amount":0.00,"billing_code_modifier":[""],"providers":[{"billed_charge":255.09,"npi":[1871170753]},{"billed_charge":260.28,"npi":[1871170753]},{"billed_charge":303.67,"npi":[1871170753]},{"billed_charge":390.44,"npi":[1871170753]},{"billed_charge":469.02,"npi":[1871170753]},{"billed_charge":808.63,"npi":[1871170753]}]}]},{"tin":{"type":"ein","value":"861337129"},"service_code":["23"],"billing_class":"institutional","payments":[{"allowed_amount":0.00,"billing_code_modifier":[""],"providers":[{"billed_charge":255.09,"npi":[1871170753]},{"billed_charge":260.28,"npi":[1871170753]},{"billed_charge":303.67,"npi":[1871170753]},{"billed_charge":390.44,"npi":[1871170753]},{"billed_charge":469.02,"npi":[1871170753]},{"billed_charge":808.63,"npi":[1871170753]}]},{"allowed_amount":0.00,"billing_code_modifier":[""],"providers":[{"billed_charge":255.09,"npi":[1871170753]},{"billed_charge":260.28,"npi":[1871170753]},{"billed_charge":303.67,"npi":[1871170753]},{"billed_charge":390.44,"npi":[1871170753]},{"billed_charge":469.02,"npi":[1871170753]},{"billed_charge":808.63,"npi":[1871170753]}]},{"allowed_amount":0.00,"billing_code_modifier":[""],"providers":[{"billed_charge":255.09,"npi":[1871170753]},{"billed_charge":260.28,"npi":[1871170753]},{"billed_charge":303.67,"npi":[1871170753]},{"billed_charge":390.44,"npi":[1871170753]},{"billed_charge":469.02,"npi":[1871170753]},{"billed_charge":808.63,"npi":[1871170753]}]},{"allowed_amount":0.00,"billing_code_modifier":[""],"providers":[{"billed_charge":255.09,"npi":[1871170753]},{"billed_charge":260.28,"npi":[1871170753]},{"billed_charge":303.67,"npi":[1871170753]},{"billed_charge":390.44,"npi":[1871170753]},{"billed_charge":469.02,"npi":[1871170753]},{"billed_charge":808.63,"npi":[1871170753]}]},{"allowed_amount":0.00,"billing_code_modifier":[""],"providers":[{"billed_charge":255.09,"npi":[1871170753]},{"billed_charge":260.28,"npi":[1871170753]},{"billed_charge":303.67,"npi":[1871170753]},{"billed_charge":390.44,"npi":[1871170753]},{"billed_charge":469.02,"npi":[1871170753]},{"billed_charge":808.63,"npi":[1871170753]}]},{"allowed_amount":0.00,"billing_code_modifier":[""],"providers":[{"billed_charge":255.09,"npi":[1871170753]},{"billed_charge":260.28,"npi":[1871170753]},{"billed_charge":303.67,"npi":[1871170753]},{"billed_charge":390.44,"npi":[1871170753]},{"billed_charge":469.02,"npi":[1871170753]},{"billed_charge":808.63,"npi":[1871170753]}]}]},{"tin":{"type":"ein","value":"861337129"},"service_code":["23"],"billing_class":"institutional","payments":[{"allowed_amount":0.00,"billing_code_modifier":[""],"providers":[{"billed_charge":255.09,"npi":[1871170753]},{"billed_charge":260.28,"npi":[1871170753]},{"billed_charge":303.67,"npi":[1871170753]},{"billed_charge":390.44,"npi":[1871170753]},{"billed_charge":469.02,"npi":[1871170753]},{"billed_charge":808.63,"npi":[1871170753]}]},{"allowed_amount":0.00,"billing_code_modifier":[""],"providers":[{"billed_charge":255.09,"npi":[1871170753]},{"billed_charge":260.28,"npi":[1871170753]},{"billed_charge":303.67,"npi":[1871170753]},{"billed_charge":390.44,"npi":[1871170753]},{"billed_charge":469.02,"npi":[1871170753]},{"billed_charge":808.63,"npi":[1871170753]}]},{"allowed_amount":0.00,"billing_code_modifier":[""],"providers":[{"billed_charge":255.09,"npi":[1871170753]},{"billed_charge":260.28,"npi":[1871170753]},{"billed_charge":303.67,"npi":[1871170753]},{"billed_charge":390.44,"npi":[1871170753]},{"billed_charge":469.02,"npi":[1871170753]},{"billed_charge":808.63,"npi":[1871170753]}]},{"allowed_amount":0.00,"billing_code_modifier":[""],"providers":[{"billed_charge":255.09,"npi":[1871170753]},{"billed_charge":260.28,"npi":[1871170753]},{"billed_charge":303.67,"npi":[1871170753]},{"billed_charge":390.44,"npi":[1871170753]},{"billed_charge":469.02,"npi":[1871170753]},{"billed_charge":808.63,"npi":[1871170753]}]},{"allowed_amount":0.00,"billing_code_modifier":[""],"providers":[{"billed_charge":255.09,"npi":[1871170753]},{"billed_charge":260.28,"npi":[1871170753]},{"billed_charge":303.67,"npi":[1871170753]},{"billed_charge":390.44,"npi":[1871170753]},{"billed_charge":469.02,"npi":[1871170753]},{"billed_charge":808.63,"npi":[1871170753]}]},{"allowed_amount":0.00,"billing_code_modifier":[""],"providers":[{"billed_charge":255.09,"npi":[1871170753]},{"billed_charge":260.28,"npi":[1871170753]},{"billed_charge":303.67,"npi":[1871170753]},{"billed_charge":390.44,"npi":[1871170753]},{"billed_charge":469.02,"npi":[1871170753]},{"billed_charge":808.63,"npi":[1871170753]}]}]},{"tin":{"type":"ein","value":"862195601"},"service_code":["23"],"billing_class":"institutional","payments":[{"allowed_amount":0.00,"billing_code_modifier":[""],"providers":[{"billed_charge":143.36,"npi":[1881352037]},{"billed_charge":823.85,"npi":[1881352037]}]},{"allowed_amount":0.00,"billing_code_modifier":[""],"providers":[{"billed_charge":143.36,"npi":[1881352037]},{"billed_charge":823.85,"npi":[1881352037]}]}]},{"tin":{"type":"ein","value":"862195601"},"service_code":["23"],"billing_class":"institutional","payments":[{"allowed_amount":0.00,"billing_code_modifier":[""],"providers":[{"billed_charge":143.36,"npi":[1881352037]},{"billed_charge":823.85,"npi":[1881352037]}]},{"allowed_amount":0.00,"billing_code_modifier":[""],"providers":[{"billed_charge":143.36,"npi":[1881352037]},{"billed_charge":823.85,"npi":[1881352037]}]}]}]},{"name":"MANUAL THERAPY TQS 1\/> REGIONS EACH 15 MINUTES","billing_code_type":"CPT","billing_code_type_version":"2020","billing_code":"97140","description":"MANUAL THERAPY TQS 1\/> REGIONS EACH 15 MINUTES","allowed_amounts":[{"tin":{"type":"ein","value":"202775993"},"service_code":["11"],"billing_class":"professional","payments":[{"allowed_amount":47.54,"billing_code_modifier":[""],"providers":[{"billed_charge":95.00,"npi":[1043883986,1063454577,1528363777]}]}]},{"tin":{"type":"ein","value":"202775993"},"service_code":["11"],"billing_class":"professional","payments":[{"allowed_amount":48.38,"billing_code_modifier":[""],"providers":[{"billed_charge":95.00,"npi":[1063454577,1144481748,1790283489,1790456853]}]}]}]},{"name":"MEDICAL\/SURGICAL SUPPLIES","billing_code_type":"RC","billing_code_type_version":"UB04","billing_code":"0270","description":"MEDICAL\/SURGICAL SUPPLIES","allowed_amounts":[{"tin":{"type":"ein","value":"043110360"},"service_code":["65"],"billing_class":"institutional","payments":[{"allowed_amount":3.12,"billing_code_modifier":[""],"providers":[{"billed_charge":135.24,"npi":[1710092556,1881645315]}]}]},{"tin":{"type":"ein","value":"043110360"},"service_code":["65"],"billing_class":"institutional","payments":[{"allowed_amount":3.33,"billing_code_modifier":[""],"providers":[{"billed_charge":135.24,"npi":[1710092556,1881645315]}]}]},{"tin":{"type":"ein","value":"043110360"},"service_code":["65"],"billing_class":"institutional","payments":[{"allowed_amount":3.83,"billing_code_modifier":[""],"providers":[{"billed_charge":135.24,"npi":[1710092556,1881645315]}]}]}]},{"name":"OFFICE\/OUTPATIENT ESTABLISHED LOW MDM 20-29 MIN","billing_code_type":"CPT","billing_code_type_version":"2020","billing_code":"99213","description":"OFFICE\/OUTPATIENT ESTABLISHED LOW MDM 20-29 MIN","allowed_amounts":[{"tin":{"type":"ein","value":"208987853"},"service_code":["11"],"billing_class":"professional","payments":[{"allowed_amount":154.18,"billing_code_modifier":[""],"providers":[{"billed_charge":210.00,"npi":[1104008374,1891723136]}]}]},{"tin":{"type":"ein","value":"465699234"},"service_code":["11"],"billing_class":"professional","payments":[{"allowed_amount":154.18,"billing_code_modifier":[""],"providers":[{"billed_charge":297.00,"npi":[1013228386,1245281773,1790190015]}]}]},{"tin":{"type":"ein","value":"862123125"},"service_code":["11"],"billing_class":"professional","payments":[{"allowed_amount":134.13,"billing_code_modifier":[""],"providers":[{"billed_charge":219.12,"npi":[1063006989,1174584510]}]}]}]},{"name":"PSYCHIATRIC\/PSYCHOLOGICAL SVCS: PARTIAL HOSP - INT","billing_code_type":"RC","billing_code_type_version":"UB04","billing_code":"0913","description":"PSYCHIATRIC\/PSYCHOLOGICAL SVCS: PARTIAL HOSP - INT","allowed_amounts":[{"tin":{"type":"ein","value":"863154836"},"service_code":["51","53","99"],"billing_class":"institutional","payments":[{"allowed_amount":764.11,"billing_code_modifier":[""],"providers":[{"billed_charge":2400.00,"npi":[1689790586,1952042632]}]}]}]},{"name":"PSYCHIATRIC\/PSYCHOLOGICAL SVCS: PARTIAL HOSP - LES","billing_code_type":"RC","billing_code_type_version":"UB04","billing_code":"0912","description":"PSYCHIATRIC\/PSYCHOLOGICAL SVCS: PARTIAL HOSP - LES","allowed_amounts":[{"tin":{"type":"ein","value":"472526675"},"service_code":["22"],"billing_class":"institutional","payments":[{"allowed_amount":717.20,"billing_code_modifier":[""],"providers":[{"billed_charge":2625.00,"npi":[1750363032,1942684238]}]}]}]},{"name":"PSYCHIATRIC\/PSYCHOLOGICAL TRT: INTENSIVE OUTPATIEN","billing_code_type":"RC","billing_code_type_version":"UB04","billing_code":"0905","description":"PSYCHIATRIC\/PSYCHOLOGICAL TRT: INTENSIVE OUTPATIEN","allowed_amounts":[{"tin":{"type":"ein","value":"273973022"},"service_code":["22","99"],"billing_class":"institutional","payments":[{"allowed_amount":150.28,"billing_code_modifier":[""],"providers":[{"billed_charge":1625.00,"npi":[1528274552]}]}]}]},{"name":"PSYCHOTHERAPY W\/PATIENT 45 MINUTES","billing_code_type":"CPT","billing_code_type_version":"2020","billing_code":"90834","description":"PSYCHOTHERAPY W\/PATIENT 45 MINUTES","allowed_amounts":[{"tin":{"type":"ein","value":"464792086"},"service_code":["02","11"],"billing_class":"professional","payments":[{"allowed_amount":166.29,"billing_code_modifier":[""],"providers":[{"billed_charge":200.00,"npi":[1386306066,1497170971]}]}]},{"tin":{"type":"ein","value":"871639933"},"service_code":["10"],"billing_class":"professional","payments":[{"allowed_amount":165.87,"billing_code_modifier":[""],"providers":[{"billed_charge":180.00,"npi":[1225390396,1831868660]}]}]}]},{"name":"PSYCHOTHERAPY W\/PATIENT 60 MINUTES","billing_code_type":"CPT","billing_code_type_version":"2020","billing_code":"90837","description":"PSYCHOTHERAPY W\/PATIENT 60 MINUTES","allowed_amounts":[{"tin":{"type":"ein","value":"223356594"},"service_code":["11"],"billing_class":"professional","payments":[{"allowed_amount":200.00,"billing_code_modifier":[""],"providers":[{"billed_charge":200.00,"npi":[1710064720]}]}]},{"tin":{"type":"ein","value":"260413257"},"service_code":["02"],"billing_class":"professional","payments":[{"allowed_amount":200.00,"billing_code_modifier":[""],"providers":[{"billed_charge":200.00,"npi":[1265550719]}]}]},{"tin":{"type":"ein","value":"332464152"},"service_code":["02"],"billing_class":"professional","payments":[{"allowed_amount":200.00,"billing_code_modifier":[""],"providers":[{"billed_charge":200.00,"npi":[1982748125]}]}]},{"tin":{"type":"ein","value":"371551595"},"service_code":["11"],"billing_class":"professional","payments":[{"allowed_amount":200.00,"billing_code_modifier":[""],"providers":[{"billed_charge":200.00,"npi":[1811053523]}]}]}]},{"name":"RESIDENTIAL TREATMENT-PSYCHIATRIC","billing_code_type":"RC","billing_code_type_version":"UB04","billing_code":"1001","description":"RESIDENTIAL TREATMENT-PSYCHIATRIC","allowed_amounts":[{"tin":{"type":"ein","value":"273973022"},"service_code":["21"],"billing_class":"institutional","payments":[{"allowed_amount":1128.59,"billing_code_modifier":[""],"providers":[{"billed_charge":2125.00,"npi":[1528274552]},{"billed_charge":2762.50,"npi":[1528274552]}]},{"allowed_amount":1128.59,"billing_code_modifier":[""],"providers":[{"billed_charge":2125.00,"npi":[1528274552]},{"billed_charge":2762.50,"npi":[1528274552]}]}]},{"tin":{"type":"ein","value":"273973022"},"service_code":["21"],"billing_class":"institutional","payments":[{"allowed_amount":1128.59,"billing_code_modifier":[""],"providers":[{"billed_charge":2125.00,"npi":[1528274552]},{"billed_charge":2762.50,"npi":[1528274552]}]},{"allowed_amount":1128.59,"billing_code_modifier":[""],"providers":[{"billed_charge":2125.00,"npi":[1528274552]},{"billed_charge":2762.50,"npi":[1528274552]}]}]}]},{"name":"SPEC CLCT FOR SARS-COV-2 COVID-19 ANY SPEC SRC","billing_code_type":"HCPCS","billing_code_type_version":"HCPCS LEVEL II 2021","billing_code":"G2023","description":"SPEC CLCT FOR SARS-COV-2 COVID-19 ANY SPEC SRC","allowed_amounts":[{"tin":{"type":"ein","value":"030511037"},"service_code":["81"],"billing_class":"professional","payments":[{"allowed_amount":35.19,"billing_code_modifier":[""],"providers":[{"billed_charge":117.00,"npi":[1790234839,1821110453]}]}]},{"tin":{"type":"ein","value":"133934292"},"service_code":["81"],"billing_class":"professional","payments":[{"allowed_amount":35.19,"billing_code_modifier":[""],"providers":[{"billed_charge":50.00,"npi":[1134316441,1215053962,1942873484]}]}]},{"tin":{"type":"ein","value":"204767711"},"service_code":["11"],"billing_class":"professional","payments":[{"allowed_amount":35.19,"billing_code_modifier":[""],"providers":[{"billed_charge":39.00,"npi":[1154850469,1629245311]}]}]},{"tin":{"type":"ein","value":"361924025"},"service_code":["21","81"],"billing_class":"professional","payments":[{"allowed_amount":28.99,"billing_code_modifier":[""],"providers":[{"billed_charge":28.99,"npi":[1053316364,1063427003,1134135700,1205841350,1235144288,1356534994,1356626121,1497760490,1578578761,1598714016,1639279417,1750396974,1801806294,1891093431,1992904890]}]}]},{"tin":{"type":"ein","value":"371416874"},"service_code":["81"],"billing_class":"professional","payments":[{"allowed_amount":35.19,"billing_code_modifier":[""],"providers":[{"billed_charge":75.00,"npi":[1255400065]}]}]},{"tin":{"type":"ein","value":"411939629"},"service_code":["11"],"billing_class":"professional","payments":[{"allowed_amount":35.19,"billing_code_modifier":[""],"providers":[{"billed_charge":39.00,"npi":[1134191836,1164095808,1285292334,1518539550,1578940631]}]}]},{"tin":{"type":"ein","value":"474777175"},"service_code":["81"],"billing_class":"professional","payments":[{"allowed_amount":35.19,"billing_code_modifier":[""],"providers":[{"billed_charge":150.00,"npi":[1205410933,1497015085]}]}]},{"tin":{"type":"ein","value":"820973231"},"service_code":["81"],"billing_class":"professional","payments":[{"allowed_amount":35.19,"billing_code_modifier":[""],"providers":[{"billed_charge":65.00,"npi":[1205362522,1700958667]}]}]},{"tin":{"type":"ein","value":"821376555"},"service_code":["81"],"billing_class":"professional","payments":[{"allowed_amount":35.19,"billing_code_modifier":[""],"providers":[{"billed_charge":55.00,"npi":[1083236020,1679759492]}]}]},{"tin":{"type":"ein","value":"823826671"},"service_code":["20"],"billing_class":"professional","payments":[{"allowed_amount":35.19,"billing_code_modifier":[""],"providers":[{"billed_charge":90.00,"npi":[1467814665,1538709837,1619043387]}]}]},{"tin":{"type":"ein","value":"831342609"},"service_code":["81"],"billing_class":"professional","payments":[{"allowed_amount":35.19,"billing_code_modifier":[""],"providers":[{"billed_charge":50.00,"npi":[1033301247,1053541581,1073101028,1356913446,1366425100,1487815387,1760622153]}]}]},{"tin":{"type":"ein","value":"832724704"},"service_code":["81"],"billing_class":"professional","payments":[{"allowed_amount":35.19,"billing_code_modifier":[""],"providers":[{"billed_charge":50.00,"npi":[1326694670,1528096781]}]}]},{"tin":{"type":"ein","value":"841905194"},"service_code":["60","81"],"billing_class":"professional","payments":[{"allowed_amount":35.19,"billing_code_modifier":[""],"providers":[{"billed_charge":40.00,"npi":[1386240786,1891733374]}]}]},{"tin":{"type":"ein","value":"845172222"},"service_code":["81"],"billing_class":"professional","payments":[{"allowed_amount":35.19,"billing_code_modifier":[""],"providers":[{"billed_charge":70.38,"npi":[1346769593,1659588762]}]}]},{"tin":{"type":"ein","value":"850602662"},"service_code":["81"],"billing_class":"professional","payments":[{"allowed_amount":35.19,"billing_code_modifier":[""],"providers":[{"billed_charge":50.00,"npi":[1184883993,1861994600,1881215622]}]}]},{"tin":{"type":"ein","value":"851054301"},"service_code":["81"],"billing_class":"professional","payments":[{"allowed_amount":35.19,"billing_code_modifier":[""],"providers":[{"billed_charge":70.00,"npi":[1467030536,1871630319]}]}]},{"tin":{"type":"ein","value":"851365411"},"service_code":["81"],"billing_class":"professional","payments":[{"allowed_amount":35.19,"billing_code_modifier":[""],"providers":[{"billed_charge":46.92,"npi":[1033724109,1609086404]}]}]},{"tin":{"type":"ein","value":"852364612"},"service_code":["81"],"billing_class":"professional","payments":[{"allowed_amount":35.19,"billing_code_modifier":[""],"providers":[{"billed_charge":70.00,"npi":[1154385961,1790386746]}]}]},{"tin":{"type":"ein","value":"852421177"},"service_code":["81"],"billing_class":"professional","payments":[{"allowed_amount":35.19,"billing_code_modifier":[""],"providers":[{"billed_charge":48.00,"npi":[1043313992,1366048019]}]}]},{"tin":{"type":"ein","value":"861229252"},"service_code":["81"],"billing_class":"professional","payments":[{"allowed_amount":35.19,"billing_code_modifier":[""],"providers":[{"billed_charge":50.00,"npi":[1306599451]}]}]},{"tin":{"type":"ein","value":"862743177"},"service_code":["81"],"billing_class":"professional","payments":[{"allowed_amount":35.19,"billing_code_modifier":[""],"providers":[{"billed_charge":70.38,"npi":[1174674352,1700958667,1750960415]}]}]},{"tin":{"type":"ein","value":"872488369"},"service_code":["81"],"billing_class":"professional","payments":[{"allowed_amount":35.19,"billing_code_modifier":[""],"providers":[{"billed_charge":100.00,"npi":[1225706179]}]}]},{"tin":{"type":"ein","value":"880593596"},"service_code":["81"],"billing_class":"professional","payments":[{"allowed_amount":35.19,"billing_code_modifier":[""],"providers":[{"billed_charge":100.00,"npi":[1790428969]}]}]},{"tin":{"type":"ein","value":"880748925"},"service_code":["81"],"billing_class":"professional","payments":[{"allowed_amount":35.19,"billing_code_modifier":[""],"providers":[{"billed_charge":100.00,"npi":[1124776638]}]}]}]},{"name":"STRAPPING SHOULDER","billing_code_type":"CPT","billing_code_type_version":"2020","billing_code":"29240","description":"STRAPPING SHOULDER","allowed_amounts":[{"tin":{"type":"ein","value":"862123125"},"service_code":["11"],"billing_class":"professional","payments":[{"allowed_amount":44.84,"billing_code_modifier":[""],"providers":[{"billed_charge":230.00,"npi":[1063006989,1174584510]}]}]}]},{"name":"THER PX 1\/> AREAS EACH 15 MIN NEUROMUSC REEDUCA","billing_code_type":"CPT","billing_code_type_version":"2020","billing_code":"97112","description":"THER PX 1\/> AREAS EACH 15 MIN NEUROMUSC REEDUCA","allowed_amounts":[{"tin":{"type":"ein","value":"202775993"},"service_code":["11"],"billing_class":"professional","payments":[{"allowed_amount":120.24,"billing_code_modifier":[""],"providers":[{"billed_charge":194.00,"npi":[1043883986,1063454577,1528363777]}]}]},{"tin":{"type":"ein","value":"205959213"},"service_code":["11"],"billing_class":"professional","payments":[{"allowed_amount":204.12,"billing_code_modifier":[""],"providers":[{"billed_charge":300.00,"npi":[1063636777,1407289572]}]}]},{"tin":{"type":"ein","value":"680444175"},"service_code":["11"],"billing_class":"professional","payments":[{"allowed_amount":124.47,"billing_code_modifier":[""],"providers":[{"billed_charge":142.00,"npi":[1205942653,1396759171,1508224353,1619434412]}]}]}]},{"name":"THERAPEUT ACTVITY DIRECT PT CONTACT EACH 15 MIN","billing_code_type":"CPT","billing_code_type_version":"2020","billing_code":"97530","description":"THERAPEUT ACTVITY DIRECT PT CONTACT EACH 15 MIN","allowed_amounts":[{"tin":{"type":"ein","value":"205959213"},"service_code":["11"],"billing_class":"professional","payments":[{"allowed_amount":221.28,"billing_code_modifier":[""],"providers":[{"billed_charge":300.00,"npi":[1063636777,1831367143]}]}]},{"tin":{"type":"ein","value":"460758517"},"service_code":["02","11"],"billing_class":"professional","payments":[{"allowed_amount":221.28,"billing_code_modifier":[""],"providers":[{"billed_charge":350.00,"npi":[1346781887,1356972392,1427305143,1588777387,1669982922]}]}]},{"tin":{"type":"ein","value":"680444175"},"service_code":["11"],"billing_class":"professional","payments":[{"allowed_amount":134.00,"billing_code_modifier":[""],"providers":[{"billed_charge":134.00,"npi":[1205942653,1396759171,1508224353,1619434412]}]}]}]},{"name":"THERAPEUTIC PX 1\/> AREAS EACH 15 MIN EXERCISES","billing_code_type":"CPT","billing_code_type_version":"2020","billing_code":"97110","description":"THERAPEUTIC PX 1\/> AREAS EACH 15 MIN EXERCISES","allowed_amounts":[{"tin":{"type":"ein","value":"202775993"},"service_code":["11"],"billing_class":"professional","payments":[{"allowed_amount":103.50,"billing_code_modifier":[""],"providers":[{"billed_charge":194.00,"npi":[1043883986,1063454577,1528363777]}]}]},{"tin":{"type":"ein","value":"202775993"},"service_code":["11"],"billing_class":"professional","payments":[{"allowed_amount":105.27,"billing_code_modifier":[""],"providers":[{"billed_charge":194.00,"npi":[1063454577,1144481748,1245713809,1790283489,1790456853]}]}]}]},{"name":"TX SPEECH LANG VOICE COMMJ &\/AUDITORY PROC IND","billing_code_type":"CPT","billing_code_type_version":"2020","billing_code":"92507","description":"TX SPEECH LANG VOICE COMMJ &\/AUDITORY PROC IND","allowed_amounts":[{"tin":{"type":"ein","value":"205959213"},"service_code":["11"],"billing_class":"professional","payments":[{"allowed_amount":114.63,"billing_code_modifier":[""],"providers":[{"billed_charge":300.00,"npi":[1053363069,1063636777,1245788850]}]}]},{"tin":{"type":"ein","value":"460758517"},"service_code":["11"],"billing_class":"professional","payments":[{"allowed_amount":114.63,"billing_code_modifier":[""],"providers":[{"billed_charge":350.00,"npi":[1073879565,1427305143,1588777387,1750698254]}]}]}]}]}
