{"reporting_entity_name": "IEC Group_DBA AmeriBen",
	"reporting_entity_type": "Third Party Administrator",
	"plan_name": "SYNOVUS FINANCIAL",
	"plan_id_type": "ein",
	"plan_id": "581134883",
	"plan_market_type": "group",
	"last_updated_on": "2025-01-01","Version": "1.0.0","out_of_network":[{"name":"25 HYDROXY INCLUDES FRACTIONS IF PERFORMED","billing_code_type":"CPT","billing_code_type_version":"2020","billing_code":"82306","description":"25 HYDROXY INCLUDES FRACTIONS IF PERFORMED","allowed_amounts":[{"tin":{"type":"ein","value":"382084239"},"service_code":["81"],"billing_class":"professional","payments":[{"allowed_amount":14.26,"billing_code_modifier":[""],"providers":[{"billed_charge":266.02,"npi":[1417944513,1497926430,1932166386]},{"billed_charge":335.50,"npi":[1447250170,1447296272,1932166386]}]},{"allowed_amount":14.26,"billing_code_modifier":[""],"providers":[{"billed_charge":266.02,"npi":[1417944513,1497926430,1932166386]},{"billed_charge":335.50,"npi":[1447250170,1447296272,1932166386]}]}]},{"tin":{"type":"ein","value":"382084239"},"service_code":["81"],"billing_class":"professional","payments":[{"allowed_amount":14.26,"billing_code_modifier":[""],"providers":[{"billed_charge":266.02,"npi":[1417944513,1497926430,1932166386]},{"billed_charge":335.50,"npi":[1447250170,1447296272,1932166386]}]},{"allowed_amount":14.26,"billing_code_modifier":[""],"providers":[{"billed_charge":266.02,"npi":[1417944513,1497926430,1932166386]},{"billed_charge":335.50,"npi":[1447250170,1447296272,1932166386]}]}]},{"tin":{"type":"ein","value":"810576059"},"service_code":["81"],"billing_class":"professional","payments":[{"allowed_amount":14.26,"billing_code_modifier":[""],"providers":[{"billed_charge":124.08,"npi":[1194820753,1235186800,1255668182,1437557287,1679007439,1730317918]}]}]}]},{"name":"ASSAY OF FREE THYROXINE","billing_code_type":"CPT","billing_code_type_version":"2020","billing_code":"84439","description":"ASSAY OF FREE THYROXINE","allowed_amounts":[{"tin":{"type":"ein","value":"382084239"},"service_code":["81"],"billing_class":"professional","payments":[{"allowed_amount":4.34,"billing_code_modifier":[""],"providers":[{"billed_charge":160.85,"npi":[1134439581,1689383671,1831629831,1912269390,1932166386]}]}]},{"tin":{"type":"ein","value":"742554159"},"service_code":["81"],"billing_class":"professional","payments":[{"allowed_amount":4.34,"billing_code_modifier":[""],"providers":[{"billed_charge":132.25,"npi":[1194769497,1588827513]}]}]},{"tin":{"type":"ein","value":"810576059"},"service_code":["81"],"billing_class":"professional","payments":[{"allowed_amount":4.34,"billing_code_modifier":[""],"providers":[{"billed_charge":37.80,"npi":[1013940030,1073977781,1194820753,1235186800,1285629907,1437256401,1437557287]}]}]}]},{"name":"ASSAY OF TESTOSTERONE TOTAL","billing_code_type":"CPT","billing_code_type_version":"2020","billing_code":"84403","description":"ASSAY OF TESTOSTERONE TOTAL","allowed_amounts":[{"tin":{"type":"ein","value":"382084239"},"service_code":["81"],"billing_class":"professional","payments":[{"allowed_amount":10.84,"billing_code_modifier":[""],"providers":[{"billed_charge":157.00,"npi":[1043270135,1720306566,1932166386]},{"billed_charge":242.52,"npi":[1174240808,1720306566,1831629831,1932166386]}]},{"allowed_amount":10.84,"billing_code_modifier":[""],"providers":[{"billed_charge":157.00,"npi":[1043270135,1720306566,1932166386]},{"billed_charge":242.52,"npi":[1174240808,1720306566,1831629831,1932166386]}]}]},{"tin":{"type":"ein","value":"382084239"},"service_code":["81"],"billing_class":"professional","payments":[{"allowed_amount":10.84,"billing_code_modifier":[""],"providers":[{"billed_charge":157.00,"npi":[1043270135,1720306566,1932166386]},{"billed_charge":242.52,"npi":[1174240808,1720306566,1831629831,1932166386]}]},{"allowed_amount":10.84,"billing_code_modifier":[""],"providers":[{"billed_charge":157.00,"npi":[1043270135,1720306566,1932166386]},{"billed_charge":242.52,"npi":[1174240808,1720306566,1831629831,1932166386]}]}]},{"tin":{"type":"ein","value":"751093698"},"service_code":["81"],"billing_class":"professional","payments":[{"allowed_amount":10.84,"billing_code_modifier":[""],"providers":[{"billed_charge":70.85,"npi":[1649289331,1962481820]}]}]},{"tin":{"type":"ein","value":"810576059"},"service_code":["81"],"billing_class":"professional","payments":[{"allowed_amount":10.84,"billing_code_modifier":[""],"providers":[{"billed_charge":108.24,"npi":[1194820753,1235186800,1255668182,1275949992,1285629907,1780687954]}]}]}]},{"name":"BLOOD COUNT COMPLETE AUTO&AUTO DIFRNTL WBC","billing_code_type":"CPT","billing_code_type_version":"2020","billing_code":"85025","description":"BLOOD COUNT COMPLETE AUTO&AUTO DIFRNTL WBC","allowed_amounts":[{"tin":{"type":"ein","value":"112981841"},"service_code":["81"],"billing_class":"professional","payments":[{"allowed_amount":3.75,"billing_code_modifier":[""],"providers":[{"billed_charge":110.00,"npi":[1033281126,1982645198]}]}]},{"tin":{"type":"ein","value":"133757370"},"service_code":["81"],"billing_class":"professional","payments":[{"allowed_amount":3.75,"billing_code_modifier":[""],"providers":[{"billed_charge":32.55,"npi":[1295726032,1447758305,1679557375]}]}]},{"tin":{"type":"ein","value":"382084239"},"service_code":["81"],"billing_class":"professional","payments":[{"allowed_amount":3.75,"billing_code_modifier":[""],"providers":[{"billed_charge":45.50,"npi":[1437263902,1932166386]},{"billed_charge":50.05,"npi":[1043270135,1093826760,1447250170,1932166386]}]},{"allowed_amount":3.75,"billing_code_modifier":[""],"providers":[{"billed_charge":45.50,"npi":[1437263902,1932166386]},{"billed_charge":50.05,"npi":[1043270135,1093826760,1447250170,1932166386]}]}]},{"tin":{"type":"ein","value":"382084239"},"service_code":["81"],"billing_class":"professional","payments":[{"allowed_amount":3.75,"billing_code_modifier":[""],"providers":[{"billed_charge":45.50,"npi":[1437263902,1932166386]},{"billed_charge":50.05,"npi":[1043270135,1093826760,1447250170,1932166386]}]},{"allowed_amount":3.75,"billing_code_modifier":[""],"providers":[{"billed_charge":45.50,"npi":[1437263902,1932166386]},{"billed_charge":50.05,"npi":[1043270135,1093826760,1447250170,1932166386]}]}]},{"tin":{"type":"ein","value":"810576059"},"service_code":["81"],"billing_class":"professional","payments":[{"allowed_amount":3.75,"billing_code_modifier":[""],"providers":[{"billed_charge":15.54,"npi":[1033131610,1073977781,1235186800,1255668182,1578721155]}]}]}]},{"name":"CHIROPRACTIC MANIPULATIVE TX SPINAL 1-2 REGIONS","billing_code_type":"CPT","billing_code_type_version":"2020","billing_code":"98940","description":"CHIROPRACTIC MANIPULATIVE TX SPINAL 1-2 REGIONS","allowed_amounts":[{"tin":{"type":"ein","value":"582485669"},"service_code":["11"],"billing_class":"professional","payments":[{"allowed_amount":23.41,"billing_code_modifier":[""],"providers":[{"billed_charge":38.00,"npi":[1548446891,1619151644]},{"billed_charge":43.00,"npi":[1548446891,1619151644]},{"billed_charge":50.00,"npi":[1548446891,1619151644]}]},{"allowed_amount":23.41,"billing_code_modifier":[""],"providers":[{"billed_charge":38.00,"npi":[1548446891,1619151644]},{"billed_charge":43.00,"npi":[1548446891,1619151644]},{"billed_charge":50.00,"npi":[1548446891,1619151644]}]},{"allowed_amount":23.41,"billing_code_modifier":[""],"providers":[{"billed_charge":38.00,"npi":[1548446891,1619151644]},{"billed_charge":43.00,"npi":[1548446891,1619151644]},{"billed_charge":50.00,"npi":[1548446891,1619151644]}]}]},{"tin":{"type":"ein","value":"582485669"},"service_code":["11"],"billing_class":"professional","payments":[{"allowed_amount":23.41,"billing_code_modifier":[""],"providers":[{"billed_charge":38.00,"npi":[1548446891,1619151644]},{"billed_charge":43.00,"npi":[1548446891,1619151644]},{"billed_charge":50.00,"npi":[1548446891,1619151644]}]},{"allowed_amount":23.41,"billing_code_modifier":[""],"providers":[{"billed_charge":38.00,"npi":[1548446891,1619151644]},{"billed_charge":43.00,"npi":[1548446891,1619151644]},{"billed_charge":50.00,"npi":[1548446891,1619151644]}]},{"allowed_amount":23.41,"billing_code_modifier":[""],"providers":[{"billed_charge":38.00,"npi":[1548446891,1619151644]},{"billed_charge":43.00,"npi":[1548446891,1619151644]},{"billed_charge":50.00,"npi":[1548446891,1619151644]}]}]},{"tin":{"type":"ein","value":"582485669"},"service_code":["11"],"billing_class":"professional","payments":[{"allowed_amount":23.41,"billing_code_modifier":[""],"providers":[{"billed_charge":38.00,"npi":[1548446891,1619151644]},{"billed_charge":43.00,"npi":[1548446891,1619151644]},{"billed_charge":50.00,"npi":[1548446891,1619151644]}]},{"allowed_amount":23.41,"billing_code_modifier":[""],"providers":[{"billed_charge":38.00,"npi":[1548446891,1619151644]},{"billed_charge":43.00,"npi":[1548446891,1619151644]},{"billed_charge":50.00,"npi":[1548446891,1619151644]}]},{"allowed_amount":23.41,"billing_code_modifier":[""],"providers":[{"billed_charge":38.00,"npi":[1548446891,1619151644]},{"billed_charge":43.00,"npi":[1548446891,1619151644]},{"billed_charge":50.00,"npi":[1548446891,1619151644]}]}]}]},{"name":"CHIROPRACTIC MANIPULATIVE TX SPINAL 3-4 REGIONS","billing_code_type":"CPT","billing_code_type_version":"2020","billing_code":"98941","description":"CHIROPRACTIC MANIPULATIVE TX SPINAL 3-4 REGIONS","allowed_amounts":[{"tin":{"type":"ein","value":"270438190"},"service_code":["11"],"billing_class":"professional","payments":[{"allowed_amount":26.96,"billing_code_modifier":[""],"providers":[{"billed_charge":70.00,"npi":[1326371121,1407188899]}]}]},{"tin":{"type":"ein","value":"593157069"},"service_code":["11"],"billing_class":"professional","payments":[{"allowed_amount":26.96,"billing_code_modifier":[""],"providers":[{"billed_charge":39.20,"npi":[1174596845,1831117936]},{"billed_charge":44.10,"npi":[1174596845,1831117936]}]},{"allowed_amount":26.96,"billing_code_modifier":[""],"providers":[{"billed_charge":39.20,"npi":[1174596845,1831117936]},{"billed_charge":44.10,"npi":[1174596845,1831117936]}]}]},{"tin":{"type":"ein","value":"593157069"},"service_code":["11"],"billing_class":"professional","payments":[{"allowed_amount":26.96,"billing_code_modifier":[""],"providers":[{"billed_charge":39.20,"npi":[1174596845,1831117936]},{"billed_charge":44.10,"npi":[1174596845,1831117936]}]},{"allowed_amount":26.96,"billing_code_modifier":[""],"providers":[{"billed_charge":39.20,"npi":[1174596845,1831117936]},{"billed_charge":44.10,"npi":[1174596845,1831117936]}]}]},{"tin":{"type":"ein","value":"593564335"},"service_code":["11"],"billing_class":"professional","payments":[{"allowed_amount":26.96,"billing_code_modifier":[""],"providers":[{"billed_charge":75.00,"npi":[1487696712,1902841851]}]}]}]},{"name":"COLLECTION VENOUS BLOOD VENIPUNCTURE","billing_code_type":"CPT","billing_code_type_version":"2020","billing_code":"36415","description":"COLLECTION VENOUS BLOOD VENIPUNCTURE","allowed_amounts":[{"tin":{"type":"ein","value":"262922713"},"service_code":["11"],"billing_class":"professional","payments":[{"allowed_amount":1.02,"billing_code_modifier":[""],"providers":[{"billed_charge":10.00,"npi":[1356315535,1659523207]}]}]},{"tin":{"type":"ein","value":"382084239"},"service_code":["81"],"billing_class":"professional","payments":[{"allowed_amount":1.02,"billing_code_modifier":[""],"providers":[{"billed_charge":35.00,"npi":[1073606661,1114982709,1124062534,1124550736,1134439581,1174240808,1194184408,1205250487,1295709541,1295754828,1326081647,1346341997,1346344405,1417227448,1457758823,1477903961,1487000501,1528473964,1558748244,1568750636,1649536145,1669648986,1750340352,1831629831,1912269390,1932166386,1992791628]}]}]},{"tin":{"type":"ein","value":"751093698"},"service_code":["81"],"billing_class":"professional","payments":[{"allowed_amount":1.02,"billing_code_modifier":[""],"providers":[{"billed_charge":12.00,"npi":[1649289331,1962481820]}]}]}]},{"name":"COMPREHENSIVE METABOLIC PANEL","billing_code_type":"CPT","billing_code_type_version":"2020","billing_code":"80053","description":"COMPREHENSIVE METABOLIC PANEL","allowed_amounts":[{"tin":{"type":"ein","value":"112981841"},"service_code":["81"],"billing_class":"professional","payments":[{"allowed_amount":5.09,"billing_code_modifier":[""],"providers":[{"billed_charge":120.00,"npi":[1033281126,1982645198]}]}]},{"tin":{"type":"ein","value":"133757370"},"service_code":["81"],"billing_class":"professional","payments":[{"allowed_amount":5.09,"billing_code_modifier":[""],"providers":[{"billed_charge":48.30,"npi":[1295726032,1447758305,1679557375]}]}]},{"tin":{"type":"ein","value":"382084239"},"service_code":["81"],"billing_class":"professional","payments":[{"allowed_amount":5.09,"billing_code_modifier":[""],"providers":[{"billed_charge":53.64,"npi":[1447250170,1932166386]},{"billed_charge":96.88,"npi":[1083663348,1093826760,1831385897,1932166386]}]},{"allowed_amount":5.09,"billing_code_modifier":[""],"providers":[{"billed_charge":53.64,"npi":[1447250170,1932166386]},{"billed_charge":96.88,"npi":[1083663348,1093826760,1831385897,1932166386]}]}]},{"tin":{"type":"ein","value":"382084239"},"service_code":["81"],"billing_class":"professional","payments":[{"allowed_amount":5.09,"billing_code_modifier":[""],"providers":[{"billed_charge":53.64,"npi":[1447250170,1932166386]},{"billed_charge":96.88,"npi":[1083663348,1093826760,1831385897,1932166386]}]},{"allowed_amount":5.09,"billing_code_modifier":[""],"providers":[{"billed_charge":53.64,"npi":[1447250170,1932166386]},{"billed_charge":96.88,"npi":[1083663348,1093826760,1831385897,1932166386]}]}]},{"tin":{"type":"ein","value":"580568702"},"service_code":["81"],"billing_class":"professional","payments":[{"allowed_amount":5.09,"billing_code_modifier":[""],"providers":[{"billed_charge":64.00,"npi":[1083842694,1598058703]}]}]},{"tin":{"type":"ein","value":"810576059"},"service_code":["81"],"billing_class":"professional","payments":[{"allowed_amount":5.09,"billing_code_modifier":[""],"providers":[{"billed_charge":21.12,"npi":[1033131610,1073977781,1205822657,1235186800,1285629907,1407842859,1730317918,1801833173]}]}]}]},{"name":"CULTURE BACTERIAL QUANTTATIVE COLONY COUNT URINE","billing_code_type":"CPT","billing_code_type_version":"2020","billing_code":"87086","description":"CULTURE BACTERIAL QUANTTATIVE COLONY COUNT URINE","allowed_amounts":[{"tin":{"type":"ein","value":"133757370"},"service_code":["81"],"billing_class":"professional","payments":[{"allowed_amount":3.38,"billing_code_modifier":[""],"providers":[{"billed_charge":25.18,"npi":[1134630585,1295726032]},{"billed_charge":75.60,"npi":[1013618719,1023532280,1295726032]}]},{"allowed_amount":3.38,"billing_code_modifier":[""],"providers":[{"billed_charge":25.18,"npi":[1134630585,1295726032]},{"billed_charge":75.60,"npi":[1013618719,1023532280,1295726032]}]}]},{"tin":{"type":"ein","value":"133757370"},"service_code":["81"],"billing_class":"professional","payments":[{"allowed_amount":3.38,"billing_code_modifier":[""],"providers":[{"billed_charge":25.18,"npi":[1134630585,1295726032]},{"billed_charge":75.60,"npi":[1013618719,1023532280,1295726032]}]},{"allowed_amount":3.38,"billing_code_modifier":[""],"providers":[{"billed_charge":25.18,"npi":[1134630585,1295726032]},{"billed_charge":75.60,"npi":[1013618719,1023532280,1295726032]}]}]},{"tin":{"type":"ein","value":"382084239"},"service_code":["81"],"billing_class":"professional","payments":[{"allowed_amount":3.38,"billing_code_modifier":[""],"providers":[{"billed_charge":66.83,"npi":[1093826760,1477903961,1497082499,1932166386]}]}]},{"tin":{"type":"ein","value":"810576059"},"service_code":["81"],"billing_class":"professional","payments":[{"allowed_amount":3.38,"billing_code_modifier":[""],"providers":[{"billed_charge":33.84,"npi":[1013940030,1225881287,1235186800,1245432178,1376942144,1417343088,1679912877]}]}]}]},{"name":"E-STIM 1\/>NOT WND CARE PART TX PLAN","billing_code_type":"HCPCS","billing_code_type_version":"HCPCS LEVEL II 2021","billing_code":"G0283","description":"E-STIM 1\/>NOT WND CARE PART TX PLAN","allowed_amounts":[{"tin":{"type":"ein","value":"223741484"},"service_code":["11"],"billing_class":"professional","payments":[{"allowed_amount":42.00,"billing_code_modifier":[""],"providers":[{"billed_charge":85.00,"npi":[1033530910,1063885861,1326053273,1356383566,1831256098]}]}]}]},{"name":"GENERAL HEALTH PANEL","billing_code_type":"CPT","billing_code_type_version":"2020","billing_code":"80050","description":"GENERAL HEALTH PANEL","allowed_amounts":[{"tin":{"type":"ein","value":"133757370"},"service_code":["81"],"billing_class":"professional","payments":[{"allowed_amount":14.76,"billing_code_modifier":[""],"providers":[{"billed_charge":179.55,"npi":[1295726032,1528713104]}]}]},{"tin":{"type":"ein","value":"382084239"},"service_code":["81"],"billing_class":"professional","payments":[{"allowed_amount":14.76,"billing_code_modifier":[""],"providers":[{"billed_charge":290.47,"npi":[1174240808,1346344405,1417944513,1477903961,1497926430,1508868704,1689383671,1790736262,1831629831,1912269390,1932166386]},{"billed_charge":290.94,"npi":[1134439581,1932166386]}]},{"allowed_amount":14.76,"billing_code_modifier":[""],"providers":[{"billed_charge":290.47,"npi":[1174240808,1346344405,1417944513,1477903961,1497926430,1508868704,1689383671,1790736262,1831629831,1912269390,1932166386]},{"billed_charge":290.94,"npi":[1134439581,1932166386]}]}]},{"tin":{"type":"ein","value":"382084239"},"service_code":["81"],"billing_class":"professional","payments":[{"allowed_amount":14.76,"billing_code_modifier":[""],"providers":[{"billed_charge":290.47,"npi":[1174240808,1346344405,1417944513,1477903961,1497926430,1508868704,1689383671,1790736262,1831629831,1912269390,1932166386]},{"billed_charge":290.94,"npi":[1134439581,1932166386]}]},{"allowed_amount":14.76,"billing_code_modifier":[""],"providers":[{"billed_charge":290.47,"npi":[1174240808,1346344405,1417944513,1477903961,1497926430,1508868704,1689383671,1790736262,1831629831,1912269390,1932166386]},{"billed_charge":290.94,"npi":[1134439581,1932166386]}]}]},{"tin":{"type":"ein","value":"742554159"},"service_code":["81"],"billing_class":"professional","payments":[{"allowed_amount":14.76,"billing_code_modifier":[""],"providers":[{"billed_charge":211.25,"npi":[1194769497,1588827513]}]}]},{"tin":{"type":"ein","value":"810576059"},"service_code":["81"],"billing_class":"professional","payments":[{"allowed_amount":14.76,"billing_code_modifier":[""],"providers":[{"billed_charge":60.00,"npi":[1073977781,1194820753,1235186800,1578721155,1679007439,1730949223,1750439436,1861509184]},{"billed_charge":107.07,"npi":[1235186800,1437557287,1780687954]}]},{"allowed_amount":14.76,"billing_code_modifier":[""],"providers":[{"billed_charge":60.00,"npi":[1073977781,1194820753,1235186800,1578721155,1679007439,1730949223,1750439436,1861509184]},{"billed_charge":107.07,"npi":[1235186800,1437557287,1780687954]}]}]},{"tin":{"type":"ein","value":"810576059"},"service_code":["81"],"billing_class":"professional","payments":[{"allowed_amount":14.76,"billing_code_modifier":[""],"providers":[{"billed_charge":60.00,"npi":[1073977781,1194820753,1235186800,1578721155,1679007439,1730949223,1750439436,1861509184]},{"billed_charge":107.07,"npi":[1235186800,1437557287,1780687954]}]},{"allowed_amount":14.76,"billing_code_modifier":[""],"providers":[{"billed_charge":60.00,"npi":[1073977781,1194820753,1235186800,1578721155,1679007439,1730949223,1750439436,1861509184]},{"billed_charge":107.07,"npi":[1235186800,1437557287,1780687954]}]}]}]},{"name":"HEMOGLOBIN GLYCOSYLATED A1C","billing_code_type":"CPT","billing_code_type_version":"2020","billing_code":"83036","description":"HEMOGLOBIN GLYCOSYLATED A1C","allowed_amounts":[{"tin":{"type":"ein","value":"382084239"},"service_code":["81"],"billing_class":"professional","payments":[{"allowed_amount":4.68,"billing_code_modifier":[""],"providers":[{"billed_charge":81.68,"npi":[1043270135,1083663348,1093826760,1447250170,1497926430,1508868704,1689383671,1831629831,1912269390,1932166386]}]}]},{"tin":{"type":"ein","value":"471359076"},"service_code":["81"],"billing_class":"professional","payments":[{"allowed_amount":4.68,"billing_code_modifier":[""],"providers":[{"billed_charge":114.43,"npi":[1134538713,1902832504]}]}]},{"tin":{"type":"ein","value":"810576059"},"service_code":["81"],"billing_class":"professional","payments":[{"allowed_amount":4.68,"billing_code_modifier":[""],"providers":[{"billed_charge":40.68,"npi":[1013940030,1235186800,1437557287,1699009993,1699184895,1730949223,1750439436]}]}]}]},{"name":"IADNA NOS AMPLIFIED PROBE TQ EACH ORGANISM","billing_code_type":"CPT","billing_code_type_version":"2020","billing_code":"87798","description":"IADNA NOS AMPLIFIED PROBE TQ EACH ORGANISM","allowed_amounts":[{"tin":{"type":"ein","value":"223510467"},"service_code":["81"],"billing_class":"professional","payments":[{"allowed_amount":24.56,"billing_code_modifier":[""],"providers":[{"billed_charge":50.00,"npi":[1275571135,1750373908]}]}]}]},{"name":"LACTATION CLASS","billing_code_type":"HCPCS","billing_code_type_version":"HCPCS LEVEL II 2021","billing_code":"S9443","description":"LACTATION CLASS","allowed_amounts":[{"tin":{"type":"ein","value":"822736113"},"service_code":["10","11","12"],"billing_class":"professional","payments":[{"allowed_amount":330.00,"billing_code_modifier":[""],"providers":[{"billed_charge":900.00,"npi":[1144749391]}]}]}]},{"name":"LIPID PANEL","billing_code_type":"CPT","billing_code_type_version":"2020","billing_code":"80061","description":"LIPID PANEL","allowed_amounts":[{"tin":{"type":"ein","value":"112981841"},"service_code":["81"],"billing_class":"professional","payments":[{"allowed_amount":7.68,"billing_code_modifier":[""],"providers":[{"billed_charge":150.00,"npi":[1033281126,1982645198]}]}]},{"tin":{"type":"ein","value":"133757370"},"service_code":["81"],"billing_class":"professional","payments":[{"allowed_amount":7.68,"billing_code_modifier":[""],"providers":[{"billed_charge":102.90,"npi":[1295726032,1679557375]}]}]},{"tin":{"type":"ein","value":"382084239"},"service_code":["81"],"billing_class":"professional","payments":[{"allowed_amount":7.68,"billing_code_modifier":[""],"providers":[{"billed_charge":162.91,"npi":[1083663348,1134439581,1174240808,1417944513,1447250170,1477903961,1497926430,1508868704,1689383671,1790736262,1932166386]}]}]},{"tin":{"type":"ein","value":"580568702"},"service_code":["81"],"billing_class":"professional","payments":[{"allowed_amount":7.68,"billing_code_modifier":[""],"providers":[{"billed_charge":66.00,"npi":[1083842694,1598058703]}]}]},{"tin":{"type":"ein","value":"742554159"},"service_code":["81"],"billing_class":"professional","payments":[{"allowed_amount":7.68,"billing_code_modifier":[""],"providers":[{"billed_charge":90.75,"npi":[1194769497,1588827513]}]}]},{"tin":{"type":"ein","value":"810576059"},"service_code":["81"],"billing_class":"professional","payments":[{"allowed_amount":7.68,"billing_code_modifier":[""],"providers":[{"billed_charge":56.16,"npi":[1033131610,1073977781,1235186800,1437557287,1679007439,1699009993,1730317918,1730949223,1750439436,1780687954,1801833173,1841476736,1861509184]}]}]}]},{"name":"MANUAL THERAPY TQS 1\/> REGIONS EACH 15 MINUTES","billing_code_type":"CPT","billing_code_type_version":"2020","billing_code":"97140","description":"MANUAL THERAPY TQS 1\/> REGIONS EACH 15 MINUTES","allowed_amounts":[{"tin":{"type":"ein","value":"223741484"},"service_code":["11"],"billing_class":"professional","payments":[{"allowed_amount":75.00,"billing_code_modifier":[""],"providers":[{"billed_charge":125.00,"npi":[1033530910,1063885861,1326053273,1356383566,1831256098]}]}]}]},{"name":"PSYCHIATRIC\/PSYCHOLOGICAL TRT: INTENSIVE OUTPATIEN","billing_code_type":"RC","billing_code_type_version":"UB04","billing_code":"0905","description":"PSYCHIATRIC\/PSYCHOLOGICAL TRT: INTENSIVE OUTPATIEN","allowed_amounts":[{"tin":{"type":"ein","value":"871049374"},"service_code":["99"],"billing_class":"institutional","payments":[{"allowed_amount":195.55,"billing_code_modifier":[""],"providers":[{"billed_charge":1100.00,"npi":[1922678689]}]}]}]},{"name":"RADIOLOGIC EXAM CHEST SINGLE VIEW","billing_code_type":"CPT","billing_code_type_version":"2020","billing_code":"71045","description":"RADIOLOGIC EXAM CHEST SINGLE VIEW","allowed_amounts":[{"tin":{"type":"ein","value":"853256127"},"service_code":["22","23"],"billing_class":"professional","payments":[{"allowed_amount":16.32,"billing_code_modifier":[""],"providers":[{"billed_charge":26.00,"npi":[1033228168,1215508114,1215565551,1265531248,1437139540,1487762084,1558312579,1649411422,1750547493,1821040866,1891058269,1932194545,1952902116]}]}]}]},{"name":"THER PX 1\/> AREAS EACH 15 MIN NEUROMUSC REEDUCA","billing_code_type":"CPT","billing_code_type_version":"2020","billing_code":"97112","description":"THER PX 1\/> AREAS EACH 15 MIN NEUROMUSC REEDUCA","allowed_amounts":[{"tin":{"type":"ein","value":"223741484"},"service_code":["11"],"billing_class":"professional","payments":[{"allowed_amount":84.00,"billing_code_modifier":[""],"providers":[{"billed_charge":125.00,"npi":[1033530910,1063885861,1326053273,1356383566,1831256098]}]}]}]},{"name":"THERAPEUTIC PX 1\/> AREAS EACH 15 MIN EXERCISES","billing_code_type":"CPT","billing_code_type_version":"2020","billing_code":"97110","description":"THERAPEUTIC PX 1\/> AREAS EACH 15 MIN EXERCISES","allowed_amounts":[{"tin":{"type":"ein","value":"223741484"},"service_code":["11"],"billing_class":"professional","payments":[{"allowed_amount":160.00,"billing_code_modifier":[""],"providers":[{"billed_charge":250.00,"npi":[1033530910,1063885861,1326053273,1356383566,1831256098]}]}]}]}]}
