{"reporting_entity_name": "IEC Group_DBA AmeriBen",
	"reporting_entity_type": "Third Party Administrator",
	"plan_name": "AMERICAN TRAILER WORLD CORP.",
	"plan_id_type": "ein",
	"plan_id": "475665675",
	"plan_market_type": "group",
	"last_updated_on": "2024-11-01","Version": "1.0.0","out_of_network":[{"name":"CAPD OPD\/HOME: CAPD COMP OR OTHER RATE","billing_code_type":"RC","billing_code_type_version":"UB04","billing_code":"0841","description":"CAPD OPD\/HOME: CAPD COMP OR OTHER RATE","allowed_amounts":[{"tin":{"type":"ein","value":"352606963"},"service_code":["65"],"billing_class":"institutional","payments":[{"allowed_amount":832.28,"billing_code_modifier":[""],"providers":[{"billed_charge":1869.00,"npi":[1114969110,1619473352]}]}]},{"tin":{"type":"ein","value":"352606963"},"service_code":["65"],"billing_class":"institutional","payments":[{"allowed_amount":864.54,"billing_code_modifier":[""],"providers":[{"billed_charge":1869.00,"npi":[1114969110,1619473352]}]}]}]},{"name":"CULTYP NUC ACID AMP PRB CULT\/ISOLATE EA ORGNISM","billing_code_type":"CPT","billing_code_type_version":"2020","billing_code":"87150","description":"CULTYP NUC ACID AMP PRB CULT\/ISOLATE EA ORGNISM","allowed_amounts":[{"tin":{"type":"ein","value":"821936336"},"service_code":["81"],"billing_class":"professional","payments":[{"allowed_amount":22.81,"billing_code_modifier":[""],"providers":[{"billed_charge":105.00,"npi":[1588295810,1619488418]}]}]}]},{"name":"DRUGS REQUIRE SPECIFIC ID: DRUGS REQUIRING DETAIL","billing_code_type":"RC","billing_code_type_version":"UB04","billing_code":"0636","description":"DRUGS REQUIRE SPECIFIC ID: DRUGS REQUIRING DETAIL","allowed_amounts":[{"tin":{"type":"ein","value":"020546217"},"service_code":["65"],"billing_class":"institutional","payments":[{"allowed_amount":11.98,"billing_code_modifier":[""],"providers":[{"billed_charge":1975.80,"npi":[1144394883,1871556381]}]}]},{"tin":{"type":"ein","value":"020546217"},"service_code":["65"],"billing_class":"institutional","payments":[{"allowed_amount":17.51,"billing_code_modifier":[""],"providers":[{"billed_charge":1272.56,"npi":[1144394883,1871556381]}]}]},{"tin":{"type":"ein","value":"020546217"},"service_code":["65"],"billing_class":"institutional","payments":[{"allowed_amount":23.70,"billing_code_modifier":[""],"providers":[{"billed_charge":1975.80,"npi":[1144394883,1871556381]}]}]},{"tin":{"type":"ein","value":"020546217"},"service_code":["65"],"billing_class":"institutional","payments":[{"allowed_amount":27.20,"billing_code_modifier":[""],"providers":[{"billed_charge":1975.80,"npi":[1144394883,1871556381]}]}]},{"tin":{"type":"ein","value":"020546217"},"service_code":["65"],"billing_class":"institutional","payments":[{"allowed_amount":38.09,"billing_code_modifier":[""],"providers":[{"billed_charge":2766.40,"npi":[1144394883,1871556381]}]}]}]},{"name":"DRUGS REQUIRE SPECIFIC ID: EPO UNDER 10,000 UNITS","billing_code_type":"RC","billing_code_type_version":"UB04","billing_code":"0634","description":"DRUGS REQUIRE SPECIFIC ID: EPO UNDER 10,000 UNITS","allowed_amounts":[{"tin":{"type":"ein","value":"020546217"},"service_code":["65"],"billing_class":"institutional","payments":[{"allowed_amount":112.23,"billing_code_modifier":[""],"providers":[{"billed_charge":8151.75,"npi":[1144394883,1871556381]}]}]}]},{"name":"HEMO OPD\/HOME: HEMODIALYSIS COMP OR OTHER RATE","billing_code_type":"RC","billing_code_type_version":"UB04","billing_code":"0821","description":"HEMO OPD\/HOME: HEMODIALYSIS COMP OR OTHER RATE","allowed_amounts":[{"tin":{"type":"ein","value":"020546217"},"service_code":["65"],"billing_class":"institutional","payments":[{"allowed_amount":128.86,"billing_code_modifier":[""],"providers":[{"billed_charge":10743.59,"npi":[1144394883,1871556381]}]}]},{"tin":{"type":"ein","value":"020546217"},"service_code":["65"],"billing_class":"institutional","payments":[{"allowed_amount":147.91,"billing_code_modifier":[""],"providers":[{"billed_charge":10743.59,"npi":[1144394883,1871556381]}]}]}]},{"name":"IADNA NOS AMPLIFIED PROBE TQ EACH ORGANISM","billing_code_type":"CPT","billing_code_type_version":"2020","billing_code":"87798","description":"IADNA NOS AMPLIFIED PROBE TQ EACH ORGANISM","allowed_amounts":[{"tin":{"type":"ein","value":"821936336"},"service_code":["81"],"billing_class":"professional","payments":[{"allowed_amount":22.81,"billing_code_modifier":[""],"providers":[{"billed_charge":105.00,"npi":[1588295810,1619488418]}]}]}]},{"name":"MEDICAL\/SURGICAL SUPPLIES","billing_code_type":"RC","billing_code_type_version":"UB04","billing_code":"0270","description":"MEDICAL\/SURGICAL SUPPLIES","allowed_amounts":[{"tin":{"type":"ein","value":"020546217"},"service_code":["65"],"billing_class":"institutional","payments":[{"allowed_amount":1.37,"billing_code_modifier":[""],"providers":[{"billed_charge":225.32,"npi":[1144394883,1871556381]}]}]},{"tin":{"type":"ein","value":"020546217"},"service_code":["65"],"billing_class":"institutional","payments":[{"allowed_amount":2.05,"billing_code_modifier":[""],"providers":[{"billed_charge":337.98,"npi":[1144394883,1871556381]}]}]},{"tin":{"type":"ein","value":"020546217"},"service_code":["65"],"billing_class":"institutional","payments":[{"allowed_amount":3.10,"billing_code_modifier":[""],"providers":[{"billed_charge":225.32,"npi":[1144394883,1871556381]},{"billed_charge":238.84,"npi":[1144394883,1871556381]}]},{"allowed_amount":3.10,"billing_code_modifier":[""],"providers":[{"billed_charge":225.32,"npi":[1144394883,1871556381]},{"billed_charge":238.84,"npi":[1144394883,1871556381]}]}]},{"tin":{"type":"ein","value":"020546217"},"service_code":["65"],"billing_class":"institutional","payments":[{"allowed_amount":3.10,"billing_code_modifier":[""],"providers":[{"billed_charge":225.32,"npi":[1144394883,1871556381]},{"billed_charge":238.84,"npi":[1144394883,1871556381]}]},{"allowed_amount":3.10,"billing_code_modifier":[""],"providers":[{"billed_charge":225.32,"npi":[1144394883,1871556381]},{"billed_charge":238.84,"npi":[1144394883,1871556381]}]}]},{"tin":{"type":"ein","value":"020546217"},"service_code":["65"],"billing_class":"institutional","payments":[{"allowed_amount":4.05,"billing_code_modifier":[""],"providers":[{"billed_charge":337.98,"npi":[1144394883,1871556381]}]}]},{"tin":{"type":"ein","value":"020546217"},"service_code":["65"],"billing_class":"institutional","payments":[{"allowed_amount":4.65,"billing_code_modifier":[""],"providers":[{"billed_charge":337.98,"npi":[1144394883,1871556381]}]}]},{"tin":{"type":"ein","value":"262409182"},"service_code":["65"],"billing_class":"institutional","payments":[{"allowed_amount":3.10,"billing_code_modifier":[""],"providers":[{"billed_charge":119.42,"npi":[1164536595,1750542213]}]}]}]}]}
