{"reporting_entity_name": "IEC Group_DBA AmeriBen",
	"reporting_entity_type": "Third Party Administrator",
	"plan_name": "VERITAS TECHNOLOGIES LLC",
	"plan_id_type": "ein",
	"plan_id": "472839960",
	"plan_market_type": "group",
	"last_updated_on": "2024-07-01","Version": "1.0.0","out_of_network":[{"name":"CHIROPRACTIC MANIPULATIVE TX SPINAL 3-4 REGIONS","billing_code_type":"CPT","billing_code_type_version":"2020","billing_code":"98941","description":"CHIROPRACTIC MANIPULATIVE TX SPINAL 3-4 REGIONS","allowed_amounts":[{"tin":{"type":"ein","value":"463991228"},"service_code":["11"],"billing_class":"professional","payments":[{"allowed_amount":21.47,"billing_code_modifier":[""],"providers":[{"billed_charge":50.00,"npi":[1891013405]}]}]},{"tin":{"type":"ein","value":"943257437"},"service_code":["11"],"billing_class":"professional","payments":[{"allowed_amount":74.00,"billing_code_modifier":[""],"providers":[{"billed_charge":80.00,"npi":[1114084852]},{"billed_charge":85.00,"npi":[1114084852]}]},{"allowed_amount":74.00,"billing_code_modifier":[""],"providers":[{"billed_charge":80.00,"npi":[1114084852]},{"billed_charge":85.00,"npi":[1114084852]}]}]},{"tin":{"type":"ein","value":"943257437"},"service_code":["11"],"billing_class":"professional","payments":[{"allowed_amount":74.00,"billing_code_modifier":[""],"providers":[{"billed_charge":80.00,"npi":[1114084852]},{"billed_charge":85.00,"npi":[1114084852]}]},{"allowed_amount":74.00,"billing_code_modifier":[""],"providers":[{"billed_charge":80.00,"npi":[1114084852]},{"billed_charge":85.00,"npi":[1114084852]}]}]}]},{"name":"PSYCHOTHERAPY W\/PATIENT 30 MINUTES","billing_code_type":"CPT","billing_code_type_version":"2020","billing_code":"90832","description":"PSYCHOTHERAPY W\/PATIENT 30 MINUTES","allowed_amounts":[{"tin":{"type":"ein","value":"921800810"},"service_code":["02"],"billing_class":"professional","payments":[{"allowed_amount":62.25,"billing_code_modifier":[""],"providers":[{"billed_charge":62.25,"npi":[1699493783]}]}]}]},{"name":"PSYCHOTHERAPY W\/PATIENT 45 MINUTES","billing_code_type":"CPT","billing_code_type_version":"2020","billing_code":"90834","description":"PSYCHOTHERAPY W\/PATIENT 45 MINUTES","allowed_amounts":[{"tin":{"type":"ein","value":"814899358"},"service_code":["11"],"billing_class":"professional","payments":[{"allowed_amount":112.96,"billing_code_modifier":[""],"providers":[{"billed_charge":190.00,"npi":[1629124813]}]}]},{"tin":{"type":"ein","value":"851536198"},"service_code":["10","11"],"billing_class":"professional","payments":[{"allowed_amount":112.96,"billing_code_modifier":[""],"providers":[{"billed_charge":165.00,"npi":[1801536149]}]}]}]},{"name":"PSYCHOTHERAPY W\/PATIENT 60 MINUTES","billing_code_type":"CPT","billing_code_type_version":"2020","billing_code":"90837","description":"PSYCHOTHERAPY W\/PATIENT 60 MINUTES","allowed_amounts":[{"tin":{"type":"ein","value":"203174526"},"service_code":["02"],"billing_class":"professional","payments":[{"allowed_amount":104.32,"billing_code_modifier":[""],"providers":[{"billed_charge":275.00,"npi":[1528032745]}]}]},{"tin":{"type":"ein","value":"883389956"},"service_code":["11"],"billing_class":"professional","payments":[{"allowed_amount":104.32,"billing_code_modifier":[""],"providers":[{"billed_charge":125.00,"npi":[1053028787,1588363741]}]}]}]},{"name":"THERAPEUT ACTVITY DIRECT PT CONTACT EACH 15 MIN","billing_code_type":"CPT","billing_code_type_version":"2020","billing_code":"97530","description":"THERAPEUT ACTVITY DIRECT PT CONTACT EACH 15 MIN","allowed_amounts":[{"tin":{"type":"ein","value":"383763661"},"service_code":["11"],"billing_class":"professional","payments":[{"allowed_amount":175.00,"billing_code_modifier":[""],"providers":[{"billed_charge":175.00,"npi":[1134216492]}]}]},{"tin":{"type":"ein","value":"833086851"},"service_code":["11"],"billing_class":"professional","payments":[{"allowed_amount":60.00,"billing_code_modifier":[""],"providers":[{"billed_charge":145.00,"npi":[1871867358]}]}]},{"tin":{"type":"ein","value":"833086851"},"service_code":["11"],"billing_class":"professional","payments":[{"allowed_amount":64.00,"billing_code_modifier":[""],"providers":[{"billed_charge":145.00,"npi":[1871867358]}]}]}]},{"name":"THERAPEUTIC PX 1\/> AREAS EACH 15 MIN EXERCISES","billing_code_type":"CPT","billing_code_type_version":"2020","billing_code":"97110","description":"THERAPEUTIC PX 1\/> AREAS EACH 15 MIN EXERCISES","allowed_amounts":[{"tin":{"type":"ein","value":"474975797"},"service_code":["11"],"billing_class":"professional","payments":[{"allowed_amount":55.00,"billing_code_modifier":[""],"providers":[{"billed_charge":55.00,"npi":[1366117285,1871267724]}]}]},{"tin":{"type":"ein","value":"833086851"},"service_code":["11"],"billing_class":"professional","payments":[{"allowed_amount":55.00,"billing_code_modifier":[""],"providers":[{"billed_charge":145.00,"npi":[1871867358]}]}]},{"tin":{"type":"ein","value":"943257437"},"service_code":["11"],"billing_class":"professional","payments":[{"allowed_amount":55.00,"billing_code_modifier":[""],"providers":[{"billed_charge":55.00,"npi":[1114084852]}]}]}]},{"name":"TX SPEECH LANG VOICE COMMJ &\/AUDITORY PROC IND","billing_code_type":"CPT","billing_code_type_version":"2020","billing_code":"92507","description":"TX SPEECH LANG VOICE COMMJ &\/AUDITORY PROC IND","allowed_amounts":[{"tin":{"type":"ein","value":"834163875"},"service_code":["11"],"billing_class":"professional","payments":[{"allowed_amount":55.17,"billing_code_modifier":[""],"providers":[{"billed_charge":100.00,"npi":[1255692711,1801453295]},{"billed_charge":120.00,"npi":[1255692711,1801453295]},{"billed_charge":200.00,"npi":[1255692711,1801453295]}]},{"allowed_amount":55.17,"billing_code_modifier":[""],"providers":[{"billed_charge":100.00,"npi":[1255692711,1801453295]},{"billed_charge":120.00,"npi":[1255692711,1801453295]},{"billed_charge":200.00,"npi":[1255692711,1801453295]}]},{"allowed_amount":55.17,"billing_code_modifier":[""],"providers":[{"billed_charge":100.00,"npi":[1255692711,1801453295]},{"billed_charge":120.00,"npi":[1255692711,1801453295]},{"billed_charge":200.00,"npi":[1255692711,1801453295]}]}]},{"tin":{"type":"ein","value":"834163875"},"service_code":["11"],"billing_class":"professional","payments":[{"allowed_amount":55.17,"billing_code_modifier":[""],"providers":[{"billed_charge":100.00,"npi":[1255692711,1801453295]},{"billed_charge":120.00,"npi":[1255692711,1801453295]},{"billed_charge":200.00,"npi":[1255692711,1801453295]}]},{"allowed_amount":55.17,"billing_code_modifier":[""],"providers":[{"billed_charge":100.00,"npi":[1255692711,1801453295]},{"billed_charge":120.00,"npi":[1255692711,1801453295]},{"billed_charge":200.00,"npi":[1255692711,1801453295]}]},{"allowed_amount":55.17,"billing_code_modifier":[""],"providers":[{"billed_charge":100.00,"npi":[1255692711,1801453295]},{"billed_charge":120.00,"npi":[1255692711,1801453295]},{"billed_charge":200.00,"npi":[1255692711,1801453295]}]}]},{"tin":{"type":"ein","value":"834163875"},"service_code":["11"],"billing_class":"professional","payments":[{"allowed_amount":55.17,"billing_code_modifier":[""],"providers":[{"billed_charge":100.00,"npi":[1255692711,1801453295]},{"billed_charge":120.00,"npi":[1255692711,1801453295]},{"billed_charge":200.00,"npi":[1255692711,1801453295]}]},{"allowed_amount":55.17,"billing_code_modifier":[""],"providers":[{"billed_charge":100.00,"npi":[1255692711,1801453295]},{"billed_charge":120.00,"npi":[1255692711,1801453295]},{"billed_charge":200.00,"npi":[1255692711,1801453295]}]},{"allowed_amount":55.17,"billing_code_modifier":[""],"providers":[{"billed_charge":100.00,"npi":[1255692711,1801453295]},{"billed_charge":120.00,"npi":[1255692711,1801453295]},{"billed_charge":200.00,"npi":[1255692711,1801453295]}]}]}]}]}
