{"reporting_entity_name": "IEC Group_DBA AmeriBen",
	"reporting_entity_type": "Third Party Administrator",
	"plan_name": "BOB'S DISCOUNT FURNITURE, LLC",
	"plan_id_type": "ein",
	"plan_id": "202149352",
	"plan_market_type": "group",
	"last_updated_on": "2025-07-01","Version": "1.0.0","out_of_network":[{"name":"CCPD OPD\/HOME: CCPD COMP OR OTHER RATE","billing_code_type":"RC","billing_code_type_version":"UB04","billing_code":"0851","description":"CCPD OPD\/HOME: CCPD COMP OR OTHER RATE","allowed_amounts":[{"tin":{"type":"ein","value":"611713824"},"service_code":["65"],"billing_class":"institutional","payments":[{"allowed_amount":274.23,"billing_code_modifier":[""],"providers":[{"billed_charge":6122.43,"npi":[1053374934,1275970980]}]}]},{"tin":{"type":"ein","value":"611713824"},"service_code":["65"],"billing_class":"institutional","payments":[{"allowed_amount":306.89,"billing_code_modifier":[""],"providers":[{"billed_charge":6122.43,"npi":[1053374934,1275970980]}]}]},{"tin":{"type":"ein","value":"611713824"},"service_code":["65"],"billing_class":"institutional","payments":[{"allowed_amount":307.94,"billing_code_modifier":[""],"providers":[{"billed_charge":6122.43,"npi":[1053374934,1275970980]}]}]}]},{"name":"DRUGS REQUIRE SPECIFIC ID: DRUGS REQUIRING DETAIL","billing_code_type":"RC","billing_code_type_version":"UB04","billing_code":"0636","description":"DRUGS REQUIRE SPECIFIC ID: DRUGS REQUIRING DETAIL","allowed_amounts":[{"tin":{"type":"ein","value":"043106961"},"service_code":["65"],"billing_class":"institutional","payments":[{"allowed_amount":21.23,"billing_code_modifier":[""],"providers":[{"billed_charge":618.80,"npi":[1053561167,1780921288]}]}]}]},{"name":"FLUOR NEEDLE\/CATH SPINE\/PARASPINAL DX\/THER ADDON","billing_code_type":"CPT","billing_code_type_version":"2020","billing_code":"77003","description":"FLUOR NEEDLE\/CATH SPINE\/PARASPINAL DX\/THER ADDON","allowed_amounts":[{"tin":{"type":"ein","value":"810699468"},"service_code":["24"],"billing_class":"professional","payments":[{"allowed_amount":0.00,"billing_code_modifier":[""],"providers":[{"billed_charge":1500.00,"npi":[1225494016,1891962528]}]}]}]},{"name":"HEMO OPD\/HOME: HEMODIALYSIS COMP OR OTHER RATE","billing_code_type":"RC","billing_code_type_version":"UB04","billing_code":"0821","description":"HEMO OPD\/HOME: HEMODIALYSIS COMP OR OTHER RATE","allowed_amounts":[{"tin":{"type":"ein","value":"043106961"},"service_code":["65"],"billing_class":"institutional","payments":[{"allowed_amount":303.04,"billing_code_modifier":[""],"providers":[{"billed_charge":8832.00,"npi":[1053561167,1780921288]}]}]},{"tin":{"type":"ein","value":"621323090"},"service_code":["65"],"billing_class":"institutional","payments":[{"allowed_amount":384.68,"billing_code_modifier":[""],"providers":[{"billed_charge":6348.00,"npi":[1003163593,1689640997]},{"billed_charge":6577.00,"npi":[1003163593,1689640997]}]},{"allowed_amount":384.68,"billing_code_modifier":[""],"providers":[{"billed_charge":6348.00,"npi":[1003163593,1689640997]},{"billed_charge":6577.00,"npi":[1003163593,1689640997]}]}]},{"tin":{"type":"ein","value":"621323090"},"service_code":["65"],"billing_class":"institutional","payments":[{"allowed_amount":384.68,"billing_code_modifier":[""],"providers":[{"billed_charge":6348.00,"npi":[1003163593,1689640997]},{"billed_charge":6577.00,"npi":[1003163593,1689640997]}]},{"allowed_amount":384.68,"billing_code_modifier":[""],"providers":[{"billed_charge":6348.00,"npi":[1003163593,1689640997]},{"billed_charge":6577.00,"npi":[1003163593,1689640997]}]}]},{"tin":{"type":"ein","value":"621323090"},"service_code":["65"],"billing_class":"institutional","payments":[{"allowed_amount":384.69,"billing_code_modifier":[""],"providers":[{"billed_charge":6348.00,"npi":[1003163593,1689640997]},{"billed_charge":6577.00,"npi":[1003163593,1689640997]}]},{"allowed_amount":384.69,"billing_code_modifier":[""],"providers":[{"billed_charge":6348.00,"npi":[1003163593,1689640997]},{"billed_charge":6577.00,"npi":[1003163593,1689640997]}]}]},{"tin":{"type":"ein","value":"621323090"},"service_code":["65"],"billing_class":"institutional","payments":[{"allowed_amount":384.69,"billing_code_modifier":[""],"providers":[{"billed_charge":6348.00,"npi":[1003163593,1689640997]},{"billed_charge":6577.00,"npi":[1003163593,1689640997]}]},{"allowed_amount":384.69,"billing_code_modifier":[""],"providers":[{"billed_charge":6348.00,"npi":[1003163593,1689640997]},{"billed_charge":6577.00,"npi":[1003163593,1689640997]}]}]}]},{"name":"INJ VIT B-12 CYNOCOBLMN TO 1000 MCG","billing_code_type":"HCPCS","billing_code_type_version":"HCPCS LEVEL II 2021","billing_code":"J3420","description":"INJ VIT B-12 CYNOCOBLMN TO 1000 MCG","allowed_amounts":[{"tin":{"type":"ein","value":"061602483"},"service_code":["11"],"billing_class":"professional","payments":[{"allowed_amount":15.00,"billing_code_modifier":[""],"providers":[{"billed_charge":90.00,"npi":[1003288101,1568530210]}]}]}]},{"name":"MEDICAL\/SURGICAL SUPPLIES","billing_code_type":"RC","billing_code_type_version":"UB04","billing_code":"0270","description":"MEDICAL\/SURGICAL SUPPLIES","allowed_amounts":[{"tin":{"type":"ein","value":"043106961"},"service_code":["65"],"billing_class":"institutional","payments":[{"allowed_amount":5.11,"billing_code_modifier":[""],"providers":[{"billed_charge":149.10,"npi":[1053561167,1780921288]}]}]}]},{"name":"OFFICE\/OUTPATIENT ESTABLISHED LOW MDM 20 MIN","billing_code_type":"CPT","billing_code_type_version":"2020","billing_code":"99213","description":"OFFICE\/OUTPATIENT ESTABLISHED LOW MDM 20 MIN","allowed_amounts":[{"tin":{"type":"ein","value":"061602483"},"service_code":["11"],"billing_class":"professional","payments":[{"allowed_amount":205.00,"billing_code_modifier":[""],"providers":[{"billed_charge":450.00,"npi":[1003288101,1568530210]}]}]},{"tin":{"type":"ein","value":"364761935"},"service_code":["11"],"billing_class":"professional","payments":[{"allowed_amount":205.00,"billing_code_modifier":[""],"providers":[{"billed_charge":290.00,"npi":[1861894982,1942341458]}]}]},{"tin":{"type":"ein","value":"810699468"},"service_code":["11"],"billing_class":"professional","payments":[{"allowed_amount":205.00,"billing_code_modifier":[""],"providers":[{"billed_charge":400.00,"npi":[1225494016,1861653826]}]}]}]},{"name":"PHARMACY","billing_code_type":"RC","billing_code_type_version":"UB04","billing_code":"0250","description":"PHARMACY","allowed_amounts":[{"tin":{"type":"ein","value":"043106961"},"service_code":["65"],"billing_class":"institutional","payments":[{"allowed_amount":10.22,"billing_code_modifier":[""],"providers":[{"billed_charge":297.90,"npi":[1053561167,1780921288]}]}]}]},{"name":"PSYCHIATRIC\/PSYCHOLOGICAL TRT: INTENSIVE OUT SERV","billing_code_type":"RC","billing_code_type_version":"UB04","billing_code":"0906","description":"PSYCHIATRIC\/PSYCHOLOGICAL TRT: INTENSIVE OUT SERV","allowed_amounts":[{"tin":{"type":"ein","value":"921659445"},"service_code":["22"],"billing_class":"institutional","payments":[{"allowed_amount":300.00,"billing_code_modifier":[""],"providers":[{"billed_charge":2750.00,"npi":[1285405753]},{"billed_charge":2950.00,"npi":[1285405753]}]},{"allowed_amount":300.00,"billing_code_modifier":[""],"providers":[{"billed_charge":2750.00,"npi":[1285405753]},{"billed_charge":2950.00,"npi":[1285405753]}]}]},{"tin":{"type":"ein","value":"921659445"},"service_code":["22"],"billing_class":"institutional","payments":[{"allowed_amount":300.00,"billing_code_modifier":[""],"providers":[{"billed_charge":2750.00,"npi":[1285405753]},{"billed_charge":2950.00,"npi":[1285405753]}]},{"allowed_amount":300.00,"billing_code_modifier":[""],"providers":[{"billed_charge":2750.00,"npi":[1285405753]},{"billed_charge":2950.00,"npi":[1285405753]}]}]}]},{"name":"RESIDENTIAL TREATMENT-CHEMICAL DEPENDENCY","billing_code_type":"RC","billing_code_type_version":"UB04","billing_code":"1002","description":"RESIDENTIAL TREATMENT-CHEMICAL DEPENDENCY","allowed_amounts":[{"tin":{"type":"ein","value":"872765503"},"service_code":["21"],"billing_class":"institutional","payments":[{"allowed_amount":4391.00,"billing_code_modifier":[""],"providers":[{"billed_charge":5750.00,"npi":[1144742420,1841957057]}]}]}]},{"name":"THERAPEUTIC PROPHYLACTIC\/DX INJECTION SUBQ\/IM","billing_code_type":"CPT","billing_code_type_version":"2020","billing_code":"96372","description":"THERAPEUTIC PROPHYLACTIC\/DX INJECTION SUBQ\/IM","allowed_amounts":[{"tin":{"type":"ein","value":"061602483"},"service_code":["11"],"billing_class":"professional","payments":[{"allowed_amount":60.00,"billing_code_modifier":[""],"providers":[{"billed_charge":125.00,"npi":[1003288101,1568530210]}]}]}]}]}
