{"reporting_entity_name": "IEC Group_DBA AmeriBen",
	"reporting_entity_type": "Third Party Administrator",
	"plan_name": "WILLDAN",
	"plan_id_type": "ein",
	"plan_id": "141951112",
	"plan_market_type": "group",
	"last_updated_on": "2024-02-01","Version": "1.0.0","out_of_network":[{"name":"APPL MODALITY 1\/> AREAS ELEC STIMJ UNATTENDED","billing_code_type":"CPT","billing_code_type_version":"2020","billing_code":"97014","description":"APPL MODALITY 1\/> AREAS ELEC STIMJ UNATTENDED","allowed_amounts":[{"tin":{"type":"ein","value":"770372743"},"service_code":["11"],"billing_class":"professional","payments":[{"allowed_amount":35.00,"billing_code_modifier":[""],"providers":[{"billed_charge":40.00,"npi":[1568572956,1972527299]}]}]}]},{"name":"CHIROPRACTIC MANIPULATIVE TX SPINAL 3-4 REGIONS","billing_code_type":"CPT","billing_code_type_version":"2020","billing_code":"98941","description":"CHIROPRACTIC MANIPULATIVE TX SPINAL 3-4 REGIONS","allowed_amounts":[{"tin":{"type":"ein","value":"770372743"},"service_code":["11"],"billing_class":"professional","payments":[{"allowed_amount":65.00,"billing_code_modifier":[""],"providers":[{"billed_charge":75.00,"npi":[1568572956,1972527299]}]}]}]},{"name":"PSYCHOTHERAPY W\/PATIENT 60 MINUTES","billing_code_type":"CPT","billing_code_type_version":"2020","billing_code":"90837","description":"PSYCHOTHERAPY W\/PATIENT 60 MINUTES","allowed_amounts":[{"tin":{"type":"ein","value":"271620688"},"service_code":["10","11"],"billing_class":"professional","payments":[{"allowed_amount":220.61,"billing_code_modifier":[""],"providers":[{"billed_charge":350.00,"npi":[1902429608,1972884153]},{"billed_charge":385.00,"npi":[1902429608,1972884153]}]},{"allowed_amount":220.61,"billing_code_modifier":[""],"providers":[{"billed_charge":350.00,"npi":[1902429608,1972884153]},{"billed_charge":385.00,"npi":[1902429608,1972884153]}]}]},{"tin":{"type":"ein","value":"271620688"},"service_code":["11"],"billing_class":"professional","payments":[{"allowed_amount":220.61,"billing_code_modifier":[""],"providers":[{"billed_charge":350.00,"npi":[1902429608,1972884153]},{"billed_charge":385.00,"npi":[1902429608,1972884153]}]},{"allowed_amount":220.61,"billing_code_modifier":[""],"providers":[{"billed_charge":350.00,"npi":[1902429608,1972884153]},{"billed_charge":385.00,"npi":[1902429608,1972884153]}]}]}]},{"name":"PSYCHOTHERAPY W\/PATIENT W\/E&M SRVCS 30 MIN","billing_code_type":"CPT","billing_code_type_version":"2020","billing_code":"90833","description":"PSYCHOTHERAPY W\/PATIENT W\/E&M SRVCS 30 MIN","allowed_amounts":[{"tin":{"type":"ein","value":"636727051"},"service_code":["51","52"],"billing_class":"professional","payments":[{"allowed_amount":225.00,"billing_code_modifier":[""],"providers":[{"billed_charge":225.00,"npi":[1548586951,1952350944]}]}]}]},{"name":"SBSQ HOSPITAL IP\/OBS CARE HIGH MDM 50 MINUTES","billing_code_type":"CPT","billing_code_type_version":"2020","billing_code":"99233","description":"SBSQ HOSPITAL IP\/OBS CARE HIGH MDM 50 MINUTES","allowed_amounts":[{"tin":{"type":"ein","value":"636727051"},"service_code":["51","52"],"billing_class":"professional","payments":[{"allowed_amount":300.00,"billing_code_modifier":[""],"providers":[{"billed_charge":300.00,"npi":[1548586951,1952350944]}]}]}]}]}
