{"reporting_entity_name": "IEC Group_DBA AmeriBen",
	"reporting_entity_type": "Third Party Administrator",
	"plan_name": "GKN AEROSPACE INC",
	"plan_id_type": "ein",
	"plan_id": "541566763",
	"plan_market_type": "group",
	"last_updated_on": "2024-10-01","Version": "1.0.0","out_of_network":[{"name":"25 HYDROXY INCLUDES FRACTIONS IF PERFORMED","billing_code_type":"CPT","billing_code_type_version":"2020","billing_code":"82306","description":"25 HYDROXY INCLUDES FRACTIONS IF PERFORMED","allowed_amounts":[{"tin":{"type":"ein","value":"112019482"},"service_code":["81"],"billing_class":"professional","payments":[{"allowed_amount":35.52,"billing_code_modifier":[""],"providers":[{"billed_charge":118.40,"npi":[1598820235,1942350780]}]}]},{"tin":{"type":"ein","value":"201236503"},"service_code":["81"],"billing_class":"professional","payments":[{"allowed_amount":35.52,"billing_code_modifier":[""],"providers":[{"billed_charge":118.40,"npi":[1144200122,1225110497]}]}]},{"tin":{"type":"ein","value":"203734391"},"service_code":["81"],"billing_class":"professional","payments":[{"allowed_amount":35.52,"billing_code_modifier":[""],"providers":[{"billed_charge":148.00,"npi":[1053584482,1154573947]}]}]},{"tin":{"type":"ein","value":"382084239"},"service_code":["81"],"billing_class":"professional","payments":[{"allowed_amount":35.52,"billing_code_modifier":[""],"providers":[{"billed_charge":266.02,"npi":[1114963956,1669603171,1699747709,1932166386]}]}]},{"tin":{"type":"ein","value":"450454268"},"service_code":["81"],"billing_class":"professional","payments":[{"allowed_amount":35.52,"billing_code_modifier":[""],"providers":[{"billed_charge":74.00,"npi":[1588004410,1780665901,1932618477]}]}]},{"tin":{"type":"ein","value":"474332775"},"service_code":["81"],"billing_class":"professional","payments":[{"allowed_amount":35.52,"billing_code_modifier":[""],"providers":[{"billed_charge":207.20,"npi":[1285018523,1508278730]}]}]},{"tin":{"type":"ein","value":"840611484"},"service_code":["81"],"billing_class":"professional","payments":[{"allowed_amount":35.52,"billing_code_modifier":[""],"providers":[{"billed_charge":375.90,"npi":[1659352276,1871563031]}]}]},{"tin":{"type":"ein","value":"860937486"},"service_code":["11"],"billing_class":"professional","payments":[{"allowed_amount":35.52,"billing_code_modifier":[""],"providers":[{"billed_charge":85.00,"npi":[1215916580,1972750529]}]}]}]},{"name":"ASSAY OF MAGNESIUM","billing_code_type":"CPT","billing_code_type_version":"2020","billing_code":"83735","description":"ASSAY OF MAGNESIUM","allowed_amounts":[{"tin":{"type":"ein","value":"112019482"},"service_code":["81"],"billing_class":"professional","payments":[{"allowed_amount":8.04,"billing_code_modifier":[""],"providers":[{"billed_charge":26.80,"npi":[1598820235,1942350780]}]}]},{"tin":{"type":"ein","value":"382084239"},"service_code":["81"],"billing_class":"professional","payments":[{"allowed_amount":8.04,"billing_code_modifier":[""],"providers":[{"billed_charge":60.63,"npi":[1699747709,1932166386]}]}]},{"tin":{"type":"ein","value":"450454268"},"service_code":["81"],"billing_class":"professional","payments":[{"allowed_amount":8.04,"billing_code_modifier":[""],"providers":[{"billed_charge":16.75,"npi":[1588004410,1780665901,1932618477]}]}]},{"tin":{"type":"ein","value":"474332775"},"service_code":["81"],"billing_class":"professional","payments":[{"allowed_amount":8.04,"billing_code_modifier":[""],"providers":[{"billed_charge":64.33,"npi":[1285018523,1508278730]}]}]},{"tin":{"type":"ein","value":"840611484"},"service_code":["81"],"billing_class":"professional","payments":[{"allowed_amount":8.04,"billing_code_modifier":[""],"providers":[{"billed_charge":123.68,"npi":[1659352276,1871563031]}]}]},{"tin":{"type":"ein","value":"943357013"},"service_code":["81"],"billing_class":"professional","payments":[{"allowed_amount":8.04,"billing_code_modifier":[""],"providers":[{"billed_charge":81.00,"npi":[1194072405,1194817932,1982606992]}]}]},{"tin":{"type":"ein","value":"952645519"},"service_code":["21"],"billing_class":"professional","payments":[{"allowed_amount":5.01,"billing_code_modifier":[""],"providers":[{"billed_charge":29.95,"npi":[1285693424,1528041811,1568431088,1851728141]}]}]}]},{"name":"ASSAY OF PHOSPHORUS INORGANIC","billing_code_type":"CPT","billing_code_type_version":"2020","billing_code":"84100","description":"ASSAY OF PHOSPHORUS INORGANIC","allowed_amounts":[{"tin":{"type":"ein","value":"952645519"},"service_code":["21"],"billing_class":"professional","payments":[{"allowed_amount":4.34,"billing_code_modifier":[""],"providers":[{"billed_charge":23.27,"npi":[1285693424,1528041811,1568431088,1851728141]}]}]}]},{"name":"BLOOD COUNT COMPLETE AUTOMATED","billing_code_type":"CPT","billing_code_type_version":"2020","billing_code":"85027","description":"BLOOD COUNT COMPLETE AUTOMATED","allowed_amounts":[{"tin":{"type":"ein","value":"952645519"},"service_code":["21"],"billing_class":"professional","payments":[{"allowed_amount":4.42,"billing_code_modifier":[""],"providers":[{"billed_charge":26.18,"npi":[1285693424,1528041811,1568431088,1851728141]}]}]},{"tin":{"type":"ein","value":"952645519"},"service_code":["21"],"billing_class":"professional","payments":[{"allowed_amount":8.84,"billing_code_modifier":[""],"providers":[{"billed_charge":52.36,"npi":[1285693424,1528041811,1568431088,1730546029,1851728141]}]}]}]},{"name":"BLOOD COUNT HEMOGLOBIN","billing_code_type":"CPT","billing_code_type_version":"2020","billing_code":"85018","description":"BLOOD COUNT HEMOGLOBIN","allowed_amounts":[{"tin":{"type":"ein","value":"943357013"},"service_code":["81"],"billing_class":"professional","payments":[{"allowed_amount":2.84,"billing_code_modifier":[""],"providers":[{"billed_charge":29.00,"npi":[1194072405,1194817932,1982606992]}]}]}]},{"name":"CCPD OPD\/HOME: CCPD COMP OR OTHER RATE","billing_code_type":"RC","billing_code_type_version":"UB04","billing_code":"0851","description":"CCPD OPD\/HOME: CCPD COMP OR OTHER RATE","allowed_amounts":[{"tin":{"type":"ein","value":"463621746"},"service_code":["65"],"billing_class":"institutional","payments":[{"allowed_amount":276.38,"billing_code_modifier":[""],"providers":[{"billed_charge":3937.55,"npi":[1770663890,1962839183]}]}]}]},{"name":"CHIROPRACTIC MANIPULATIVE TX SPINAL 3-4 REGIONS","billing_code_type":"CPT","billing_code_type_version":"2020","billing_code":"98941","description":"CHIROPRACTIC MANIPULATIVE TX SPINAL 3-4 REGIONS","allowed_amounts":[{"tin":{"type":"ein","value":"202490579"},"service_code":["11"],"billing_class":"professional","payments":[{"allowed_amount":40.00,"billing_code_modifier":[""],"providers":[{"billed_charge":40.00,"npi":[1356402713,1770652802]}]}]},{"tin":{"type":"ein","value":"204968588"},"service_code":["11"],"billing_class":"professional","payments":[{"allowed_amount":46.25,"billing_code_modifier":[""],"providers":[{"billed_charge":60.00,"npi":[1376510974,1518187616]}]}]},{"tin":{"type":"ein","value":"743122808"},"service_code":["11"],"billing_class":"professional","payments":[{"allowed_amount":46.25,"billing_code_modifier":[""],"providers":[{"billed_charge":65.00,"npi":[1124146832,1548273725,1699788810]}]}]}]},{"name":"COMPREHENSIVE METABOLIC PANEL","billing_code_type":"CPT","billing_code_type_version":"2020","billing_code":"80053","description":"COMPREHENSIVE METABOLIC PANEL","allowed_amounts":[{"tin":{"type":"ein","value":"952645519"},"service_code":["21"],"billing_class":"professional","payments":[{"allowed_amount":5.42,"billing_code_modifier":[""],"providers":[{"billed_charge":107.65,"npi":[1285693424,1528041811,1568431088,1851728141]}]}]}]},{"name":"DRUG TEST DEF 1-7 CLASSES","billing_code_type":"HCPCS","billing_code_type_version":"HCPCS LEVEL II 2021","billing_code":"G0480","description":"DRUG TEST DEF 1-7 CLASSES","allowed_amounts":[{"tin":{"type":"ein","value":"113387538"},"service_code":["81"],"billing_class":"professional","payments":[{"allowed_amount":137.32,"billing_code_modifier":[""],"providers":[{"billed_charge":286.07,"npi":[1093135154,1336361575]},{"billed_charge":286.08,"npi":[1093135154,1336361575]}]},{"allowed_amount":137.32,"billing_code_modifier":[""],"providers":[{"billed_charge":286.07,"npi":[1093135154,1336361575]},{"billed_charge":286.08,"npi":[1093135154,1336361575]}]}]},{"tin":{"type":"ein","value":"113387538"},"service_code":["81"],"billing_class":"professional","payments":[{"allowed_amount":137.32,"billing_code_modifier":[""],"providers":[{"billed_charge":286.07,"npi":[1093135154,1336361575]},{"billed_charge":286.08,"npi":[1093135154,1336361575]}]},{"allowed_amount":137.32,"billing_code_modifier":[""],"providers":[{"billed_charge":286.07,"npi":[1093135154,1336361575]},{"billed_charge":286.08,"npi":[1093135154,1336361575]}]}]},{"tin":{"type":"ein","value":"453350742"},"service_code":["81"],"billing_class":"professional","payments":[{"allowed_amount":137.32,"billing_code_modifier":[""],"providers":[{"billed_charge":1100.00,"npi":[1346342920,1982975421]}]}]},{"tin":{"type":"ein","value":"475605297"},"service_code":["81"],"billing_class":"professional","payments":[{"allowed_amount":137.32,"billing_code_modifier":[""],"providers":[{"billed_charge":750.00,"npi":[1134588817,1235402967]}]}]},{"tin":{"type":"ein","value":"822808179"},"service_code":["81"],"billing_class":"professional","payments":[{"allowed_amount":137.32,"billing_code_modifier":[""],"providers":[{"billed_charge":2150.00,"npi":[1700392180,1710970553]}]}]}]},{"name":"DRUG TST PRSMV INSTRMNT CHEM ANALYZERS PR DATE","billing_code_type":"CPT","billing_code_type_version":"2020","billing_code":"80307","description":"DRUG TST PRSMV INSTRMNT CHEM ANALYZERS PR DATE","allowed_amounts":[{"tin":{"type":"ein","value":"113387538"},"service_code":["81"],"billing_class":"professional","payments":[{"allowed_amount":74.57,"billing_code_modifier":[""],"providers":[{"billed_charge":155.35,"npi":[1093135154,1336361575]}]}]},{"tin":{"type":"ein","value":"453350742"},"service_code":["81"],"billing_class":"professional","payments":[{"allowed_amount":74.57,"billing_code_modifier":[""],"providers":[{"billed_charge":400.00,"npi":[1346342920,1982975421]}]}]},{"tin":{"type":"ein","value":"475605297"},"service_code":["81"],"billing_class":"professional","payments":[{"allowed_amount":74.57,"billing_code_modifier":[""],"providers":[{"billed_charge":500.00,"npi":[1134588817,1235402967]}]}]},{"tin":{"type":"ein","value":"811890117"},"service_code":["81"],"billing_class":"professional","payments":[{"allowed_amount":74.57,"billing_code_modifier":[""],"providers":[{"billed_charge":750.00,"npi":[1073961108,1093135154]}]}]},{"tin":{"type":"ein","value":"822808179"},"service_code":["81"],"billing_class":"professional","payments":[{"allowed_amount":74.57,"billing_code_modifier":[""],"providers":[{"billed_charge":1900.00,"npi":[1700392180,1710970553]}]}]}]},{"name":"DRUGS REQUIRE SPECIFIC ID: DRUGS REQUIRING DETAIL","billing_code_type":"RC","billing_code_type_version":"UB04","billing_code":"0636","description":"DRUGS REQUIRE SPECIFIC ID: DRUGS REQUIRING DETAIL","allowed_amounts":[{"tin":{"type":"ein","value":"042625090"},"service_code":["65"],"billing_class":"institutional","payments":[{"allowed_amount":4.39,"billing_code_modifier":[""],"providers":[{"billed_charge":140.30,"npi":[1215931191,1356732424]}]}]},{"tin":{"type":"ein","value":"042625090"},"service_code":["65"],"billing_class":"institutional","payments":[{"allowed_amount":4.42,"billing_code_modifier":[""],"providers":[{"billed_charge":140.30,"npi":[1215931191,1356732424]}]}]},{"tin":{"type":"ein","value":"042625090"},"service_code":["65"],"billing_class":"institutional","payments":[{"allowed_amount":8.77,"billing_code_modifier":[""],"providers":[{"billed_charge":280.60,"npi":[1215931191,1356732424]}]}]},{"tin":{"type":"ein","value":"042625090"},"service_code":["65"],"billing_class":"institutional","payments":[{"allowed_amount":8.83,"billing_code_modifier":[""],"providers":[{"billed_charge":280.60,"npi":[1215931191,1356732424]}]}]}]},{"name":"EMERGENCY DEPARTMENT VISIT HIGH MDM","billing_code_type":"CPT","billing_code_type_version":"2020","billing_code":"99285","description":"EMERGENCY DEPARTMENT VISIT HIGH MDM","allowed_amounts":[{"tin":{"type":"ein","value":"464467849"},"service_code":["23"],"billing_class":"professional","payments":[{"allowed_amount":301.22,"billing_code_modifier":[""],"providers":[{"billed_charge":1213.00,"npi":[1033776075,1326479213,1528041811,1629116058,1649692716,1669836524]}]}]},{"tin":{"type":"ein","value":"921846432"},"service_code":["23"],"billing_class":"professional","payments":[{"allowed_amount":301.22,"billing_code_modifier":[""],"providers":[{"billed_charge":1237.00,"npi":[1194429233,1407839921,1700265139,1881055853,1932392057]}]}]}]},{"name":"HEMO OPD\/HOME: HEMODIALYSIS COMP OR OTHER RATE","billing_code_type":"RC","billing_code_type_version":"UB04","billing_code":"0821","description":"HEMO OPD\/HOME: HEMODIALYSIS COMP OR OTHER RATE","allowed_amounts":[{"tin":{"type":"ein","value":"042625090"},"service_code":["65"],"billing_class":"institutional","payments":[{"allowed_amount":250.47,"billing_code_modifier":[""],"providers":[{"billed_charge":8010.89,"npi":[1215931191,1356732424]}]}]},{"tin":{"type":"ein","value":"042625090"},"service_code":["65"],"billing_class":"institutional","payments":[{"allowed_amount":252.01,"billing_code_modifier":[""],"providers":[{"billed_charge":8010.89,"npi":[1215931191,1356732424]}]}]},{"tin":{"type":"ein","value":"824214731"},"service_code":["65"],"billing_class":"institutional","payments":[{"allowed_amount":272.09,"billing_code_modifier":[""],"providers":[{"billed_charge":7448.60,"npi":[1194072405,1407494362]}]}]},{"tin":{"type":"ein","value":"824214731"},"service_code":["65"],"billing_class":"institutional","payments":[{"allowed_amount":292.37,"billing_code_modifier":[""],"providers":[{"billed_charge":7821.03,"npi":[1194072405,1407494362]}]}]},{"tin":{"type":"ein","value":"824214731"},"service_code":["65"],"billing_class":"institutional","payments":[{"allowed_amount":299.70,"billing_code_modifier":[""],"providers":[{"billed_charge":7821.03,"npi":[1194817932,1407494362]}]}]},{"tin":{"type":"ein","value":"952977916"},"service_code":["65"],"billing_class":"institutional","payments":[{"allowed_amount":313.54,"billing_code_modifier":[""],"providers":[{"billed_charge":6348.00,"npi":[1093777146,1275564965]}]}]}]},{"name":"IADNA NOS AMPLIFIED PROBE TQ EACH ORGANISM","billing_code_type":"CPT","billing_code_type_version":"2020","billing_code":"87798","description":"IADNA NOS AMPLIFIED PROBE TQ EACH ORGANISM","allowed_amounts":[{"tin":{"type":"ein","value":"814258707"},"service_code":["81"],"billing_class":"professional","payments":[{"allowed_amount":42.11,"billing_code_modifier":[""],"providers":[{"billed_charge":87.73,"npi":[1558808204,1750671137]}]}]}]},{"name":"MEDICAL\/SURGICAL SUPPLIES","billing_code_type":"RC","billing_code_type_version":"UB04","billing_code":"0270","description":"MEDICAL\/SURGICAL SUPPLIES","allowed_amounts":[{"tin":{"type":"ein","value":"042625090"},"service_code":["65"],"billing_class":"institutional","payments":[{"allowed_amount":4.23,"billing_code_modifier":[""],"providers":[{"billed_charge":135.24,"npi":[1215931191,1356732424]}]}]},{"tin":{"type":"ein","value":"042625090"},"service_code":["65"],"billing_class":"institutional","payments":[{"allowed_amount":4.26,"billing_code_modifier":[""],"providers":[{"billed_charge":135.24,"npi":[1215931191,1356732424]}]}]}]},{"name":"PHARMACY","billing_code_type":"RC","billing_code_type_version":"UB04","billing_code":"0250","description":"PHARMACY","allowed_amounts":[{"tin":{"type":"ein","value":"042625090"},"service_code":["65"],"billing_class":"institutional","payments":[{"allowed_amount":1.57,"billing_code_modifier":[""],"providers":[{"billed_charge":50.38,"npi":[1215931191,1356732424]}]}]},{"tin":{"type":"ein","value":"042625090"},"service_code":["65"],"billing_class":"institutional","payments":[{"allowed_amount":1.58,"billing_code_modifier":[""],"providers":[{"billed_charge":50.38,"npi":[1215931191,1356732424]}]}]}]},{"name":"PROTHROMBIN TIME","billing_code_type":"CPT","billing_code_type_version":"2020","billing_code":"85610","description":"PROTHROMBIN TIME","allowed_amounts":[{"tin":{"type":"ein","value":"952645519"},"service_code":["21"],"billing_class":"professional","payments":[{"allowed_amount":3.51,"billing_code_modifier":[""],"providers":[{"billed_charge":20.36,"npi":[1285693424,1528041811,1568431088,1851728141]}]}]}]},{"name":"PSYCHIATRIC\/PSYCHOLOGICAL SVCS: INDIVIDUAL THERAPY","billing_code_type":"RC","billing_code_type_version":"UB04","billing_code":"0914","description":"PSYCHIATRIC\/PSYCHOLOGICAL SVCS: INDIVIDUAL THERAPY","allowed_amounts":[{"tin":{"type":"ein","value":"863619543"},"service_code":["99"],"billing_class":"institutional","payments":[{"allowed_amount":42.89,"billing_code_modifier":[""],"providers":[{"billed_charge":1000.00,"npi":[1245814292,1326294844]}]}]}]},{"name":"PSYCHIATRIC\/PSYCHOLOGICAL SVCS: PARTIAL HOSP - LES","billing_code_type":"RC","billing_code_type_version":"UB04","billing_code":"0912","description":"PSYCHIATRIC\/PSYCHOLOGICAL SVCS: PARTIAL HOSP - LES","allowed_amounts":[{"tin":{"type":"ein","value":"874362887"},"service_code":["22"],"billing_class":"institutional","payments":[{"allowed_amount":616.59,"billing_code_modifier":[""],"providers":[{"billed_charge":4600.00,"npi":[1255037487,1710970553]}]}]}]},{"name":"SBSQ HOSPITAL IP\/OBS CARE HIGH MDM 50 MINUTES","billing_code_type":"CPT","billing_code_type_version":"2020","billing_code":"99233","description":"SBSQ HOSPITAL IP\/OBS CARE HIGH MDM 50 MINUTES","allowed_amounts":[{"tin":{"type":"ein","value":"271661214"},"service_code":["21"],"billing_class":"professional","payments":[{"allowed_amount":119.69,"billing_code_modifier":[""],"providers":[{"billed_charge":718.00,"npi":[1043598865,1093975419,1114155454,1427121227,1528563269,1538573092,1598835308,1700174562,1871665380]}]}]}]},{"name":"SBSQ HOSPITAL IP\/OBS CARE MOD MDM 35 MINUTES","billing_code_type":"CPT","billing_code_type_version":"2020","billing_code":"99232","description":"SBSQ HOSPITAL IP\/OBS CARE MOD MDM 35 MINUTES","allowed_amounts":[{"tin":{"type":"ein","value":"844907368"},"service_code":["21"],"billing_class":"professional","payments":[{"allowed_amount":78.80,"billing_code_modifier":[""],"providers":[{"billed_charge":322.00,"npi":[1053555961,1467087627,1902865355]}]}]}]}]}
