{"reporting_entity_name": "IEC Group_DBA AmeriBen",
	"reporting_entity_type": "Third Party Administrator",
	"plan_name": "CITY OF COLORADO SPRINGS",
	"plan_id_type": "ein",
	"plan_id": "846000573",
	"plan_market_type": "group",
	"last_updated_on": "2025-11-01","Version": "1.0.0","out_of_network":[{"name":"CHIROPRACTIC MANIPULATIVE TX SPINAL 3-4 REGIONS","billing_code_type":"CPT","billing_code_type_version":"2020","billing_code":"98941","description":"CHIROPRACTIC MANIPULATIVE TX SPINAL 3-4 REGIONS","allowed_amounts":[{"tin":{"type":"ein","value":"270740171"},"service_code":["11"],"billing_class":"professional","payments":[{"allowed_amount":41.00,"billing_code_modifier":[""],"providers":[{"billed_charge":70.60,"npi":[1669794350]}]}]},{"tin":{"type":"ein","value":"274241764"},"service_code":["11"],"billing_class":"professional","payments":[{"allowed_amount":41.00,"billing_code_modifier":[""],"providers":[{"billed_charge":70.00,"npi":[1801190384,1871670521]}]}]},{"tin":{"type":"ein","value":"503764954"},"service_code":["11"],"billing_class":"professional","payments":[{"allowed_amount":41.00,"billing_code_modifier":[""],"providers":[{"billed_charge":90.00,"npi":[1053517649]}]}]},{"tin":{"type":"ein","value":"813731757"},"service_code":["11"],"billing_class":"professional","payments":[{"allowed_amount":41.00,"billing_code_modifier":[""],"providers":[{"billed_charge":54.00,"npi":[1265979488]},{"billed_charge":108.00,"npi":[1265979488]}]},{"allowed_amount":41.00,"billing_code_modifier":[""],"providers":[{"billed_charge":54.00,"npi":[1265979488]},{"billed_charge":108.00,"npi":[1265979488]}]}]},{"tin":{"type":"ein","value":"813731757"},"service_code":["11"],"billing_class":"professional","payments":[{"allowed_amount":41.00,"billing_code_modifier":[""],"providers":[{"billed_charge":54.00,"npi":[1265979488]},{"billed_charge":108.00,"npi":[1265979488]}]},{"allowed_amount":41.00,"billing_code_modifier":[""],"providers":[{"billed_charge":54.00,"npi":[1265979488]},{"billed_charge":108.00,"npi":[1265979488]}]}]},{"tin":{"type":"ein","value":"814391581"},"service_code":["11"],"billing_class":"professional","payments":[{"allowed_amount":41.00,"billing_code_modifier":[""],"providers":[{"billed_charge":59.00,"npi":[1073059200,1154601888]}]}]}]},{"name":"DRUG TST PRSMV INSTRMNT CHEM ANALYZERS PR DATE","billing_code_type":"CPT","billing_code_type_version":"2020","billing_code":"80307","description":"DRUG TST PRSMV INSTRMNT CHEM ANALYZERS PR DATE","allowed_amounts":[{"tin":{"type":"ein","value":"261565558"},"service_code":["81"],"billing_class":"professional","payments":[{"allowed_amount":24.42,"billing_code_modifier":[""],"providers":[{"billed_charge":124.00,"npi":[1245466903,1376918722,1497933162,1730123746]}]}]},{"tin":{"type":"ein","value":"453717894"},"service_code":["81"],"billing_class":"professional","payments":[{"allowed_amount":24.42,"billing_code_modifier":[""],"providers":[{"billed_charge":99.00,"npi":[1538525639,1730466590]}]}]},{"tin":{"type":"ein","value":"463908799"},"service_code":["81"],"billing_class":"professional","payments":[{"allowed_amount":24.42,"billing_code_modifier":[""],"providers":[{"billed_charge":120.00,"npi":[1093136418,1487756243]}]}]},{"tin":{"type":"ein","value":"473588569"},"service_code":["81"],"billing_class":"professional","payments":[{"allowed_amount":24.42,"billing_code_modifier":[""],"providers":[{"billed_charge":186.42,"npi":[1174376610,1811758618,1881259224,1982091617]}]}]},{"tin":{"type":"ein","value":"541882269"},"service_code":["81"],"billing_class":"professional","payments":[{"allowed_amount":24.42,"billing_code_modifier":[""],"providers":[{"billed_charge":345.00,"npi":[1912903717,1932140498]}]}]},{"tin":{"type":"ein","value":"880241758"},"service_code":["81"],"billing_class":"professional","payments":[{"allowed_amount":24.42,"billing_code_modifier":[""],"providers":[{"billed_charge":242.00,"npi":[1053183095,1699782722]}]}]}]},{"name":"IMMUNOASSAY INFECTIOUS AGENT ANTIBODY QUAN NOS","billing_code_type":"CPT","billing_code_type_version":"2020","billing_code":"86317","description":"IMMUNOASSAY INFECTIOUS AGENT ANTIBODY QUAN NOS","allowed_amounts":[{"tin":{"type":"ein","value":"431039532"},"service_code":["81"],"billing_class":"professional","payments":[{"allowed_amount":0.00,"billing_code_modifier":[""],"providers":[{"billed_charge":44.01,"npi":[1568600450,1609812445,1780620526]},{"billed_charge":44.56,"npi":[1568600450,1609812445,1780620526]}]},{"allowed_amount":0.00,"billing_code_modifier":[""],"providers":[{"billed_charge":44.01,"npi":[1568600450,1609812445,1780620526]},{"billed_charge":44.56,"npi":[1568600450,1609812445,1780620526]}]}]},{"tin":{"type":"ein","value":"431039532"},"service_code":["81"],"billing_class":"professional","payments":[{"allowed_amount":0.00,"billing_code_modifier":[""],"providers":[{"billed_charge":44.01,"npi":[1568600450,1609812445,1780620526]},{"billed_charge":44.56,"npi":[1568600450,1609812445,1780620526]}]},{"allowed_amount":0.00,"billing_code_modifier":[""],"providers":[{"billed_charge":44.01,"npi":[1568600450,1609812445,1780620526]},{"billed_charge":44.56,"npi":[1568600450,1609812445,1780620526]}]}]}]},{"name":"OFFICE\/OUTPATIENT ESTABLISHED MOD MDM 30 MIN","billing_code_type":"CPT","billing_code_type_version":"2020","billing_code":"99214","description":"OFFICE\/OUTPATIENT ESTABLISHED MOD MDM 30 MIN","allowed_amounts":[{"tin":{"type":"ein","value":"810970561"},"service_code":["10"],"billing_class":"professional","payments":[{"allowed_amount":128.25,"billing_code_modifier":[""],"providers":[{"billed_charge":398.73,"npi":[1093447435,1366646069,1497745392,1689441255,1790141984]}]}]},{"tin":{"type":"ein","value":"812991903"},"service_code":["11"],"billing_class":"professional","payments":[{"allowed_amount":128.25,"billing_code_modifier":[""],"providers":[{"billed_charge":1031.00,"npi":[1083804694,1679923718]}]}]},{"tin":{"type":"ein","value":"815153902"},"service_code":["10","11"],"billing_class":"professional","payments":[{"allowed_amount":128.25,"billing_code_modifier":[""],"providers":[{"billed_charge":218.02,"npi":[1013456383,1366548133]}]}]},{"tin":{"type":"ein","value":"840832336"},"service_code":["11"],"billing_class":"professional","payments":[{"allowed_amount":128.25,"billing_code_modifier":[""],"providers":[{"billed_charge":223.20,"npi":[1558775049,1760599724,1962098509]}]}]},{"tin":{"type":"ein","value":"841074070"},"service_code":["11"],"billing_class":"professional","payments":[{"allowed_amount":128.25,"billing_code_modifier":[""],"providers":[{"billed_charge":233.00,"npi":[1285613554,1720873854]}]}]},{"tin":{"type":"ein","value":"851020339"},"service_code":["11"],"billing_class":"professional","payments":[{"allowed_amount":128.25,"billing_code_modifier":[""],"providers":[{"billed_charge":260.00,"npi":[1346865797,1821060062]}]}]},{"tin":{"type":"ein","value":"922506102"},"service_code":["02"],"billing_class":"professional","payments":[{"allowed_amount":128.25,"billing_code_modifier":[""],"providers":[{"billed_charge":200.00,"npi":[1609576784,1710357462]}]}]}]},{"name":"PSYCHOTHERAPY W\/PATIENT 45 MINUTES","billing_code_type":"CPT","billing_code_type_version":"2020","billing_code":"90834","description":"PSYCHOTHERAPY W\/PATIENT 45 MINUTES","allowed_amounts":[{"tin":{"type":"ein","value":"452668894"},"service_code":["10","11"],"billing_class":"professional","payments":[{"allowed_amount":120.18,"billing_code_modifier":[""],"providers":[{"billed_charge":165.00,"npi":[1003460387,1437554557,1447719075,1588038681]}]}]}]},{"name":"PSYCHOTHERAPY W\/PATIENT 60 MINUTES","billing_code_type":"CPT","billing_code_type_version":"2020","billing_code":"90837","description":"PSYCHOTHERAPY W\/PATIENT 60 MINUTES","allowed_amounts":[{"tin":{"type":"ein","value":"202495326"},"service_code":["11"],"billing_class":"professional","payments":[{"allowed_amount":169.22,"billing_code_modifier":[""],"providers":[{"billed_charge":175.00,"npi":[1427464932]}]}]},{"tin":{"type":"ein","value":"452668894"},"service_code":["10","11"],"billing_class":"professional","payments":[{"allowed_amount":177.05,"billing_code_modifier":[""],"providers":[{"billed_charge":315.00,"npi":[1003460387,1437554557,1447719075,1588038681]}]}]},{"tin":{"type":"ein","value":"475025949"},"service_code":["02"],"billing_class":"professional","payments":[{"allowed_amount":169.22,"billing_code_modifier":[""],"providers":[{"billed_charge":260.00,"npi":[1386150738,1760854442]},{"billed_charge":206.00,"npi":[1386150738,1386263838,1669920625,1760854442]}]},{"allowed_amount":169.22,"billing_code_modifier":[""],"providers":[{"billed_charge":260.00,"npi":[1386150738,1760854442]},{"billed_charge":206.00,"npi":[1386150738,1386263838,1669920625,1760854442]}]}]},{"tin":{"type":"ein","value":"475025949"},"service_code":["02","11"],"billing_class":"professional","payments":[{"allowed_amount":169.22,"billing_code_modifier":[""],"providers":[{"billed_charge":260.00,"npi":[1386150738,1760854442]},{"billed_charge":206.00,"npi":[1386150738,1386263838,1669920625,1760854442]}]},{"allowed_amount":169.22,"billing_code_modifier":[""],"providers":[{"billed_charge":260.00,"npi":[1386150738,1760854442]},{"billed_charge":206.00,"npi":[1386150738,1386263838,1669920625,1760854442]}]}]},{"tin":{"type":"ein","value":"475025949"},"service_code":["11"],"billing_class":"professional","payments":[{"allowed_amount":177.05,"billing_code_modifier":[""],"providers":[{"billed_charge":260.00,"npi":[1386150738,1760854442]}]}]},{"tin":{"type":"ein","value":"820671266"},"service_code":["10"],"billing_class":"professional","payments":[{"allowed_amount":177.05,"billing_code_modifier":[""],"providers":[{"billed_charge":300.00,"npi":[1104864255,1598218190]}]}]},{"tin":{"type":"ein","value":"823644535"},"service_code":["11"],"billing_class":"professional","payments":[{"allowed_amount":130.00,"billing_code_modifier":[""],"providers":[{"billed_charge":130.00,"npi":[1154690964]}]}]},{"tin":{"type":"ein","value":"841251585"},"service_code":["10","11"],"billing_class":"professional","payments":[{"allowed_amount":130.00,"billing_code_modifier":[""],"providers":[{"billed_charge":130.00,"npi":[1548440035,1629107255]}]}]}]},{"name":"THER PX 1\/> AREAS EACH 15 MIN NEUROMUSC REEDUCA","billing_code_type":"CPT","billing_code_type_version":"2020","billing_code":"97112","description":"THER PX 1\/> AREAS EACH 15 MIN NEUROMUSC REEDUCA","allowed_amounts":[{"tin":{"type":"ein","value":"810839710"},"service_code":["12"],"billing_class":"professional","payments":[{"allowed_amount":59.50,"billing_code_modifier":[""],"providers":[{"billed_charge":200.00,"npi":[1114275021,1639535206,1780208017]}]}]}]},{"name":"THER SP-GENRATJ DEV PRGRMG&MODIFICAJ","billing_code_type":"CPT","billing_code_type_version":"2020","billing_code":"92609","description":"THER SP-GENRATJ DEV PRGRMG&MODIFICAJ","allowed_amounts":[{"tin":{"type":"ein","value":"208352532"},"service_code":["10"],"billing_class":"professional","payments":[{"allowed_amount":0.00,"billing_code_modifier":[""],"providers":[{"billed_charge":150.00,"npi":[1194334169,1770958159,1881492650]}]}]},{"tin":{"type":"ein","value":"208352532"},"service_code":["11"],"billing_class":"professional","payments":[{"allowed_amount":108.49,"billing_code_modifier":[""],"providers":[{"billed_charge":150.00,"npi":[1194334169,1770958159,1881492650,1902067812]}]}]}]},{"name":"THERAPEUT ACTVITY DIRECT PT CONTACT EACH 15 MIN","billing_code_type":"CPT","billing_code_type_version":"2020","billing_code":"97530","description":"THERAPEUT ACTVITY DIRECT PT CONTACT EACH 15 MIN","allowed_amounts":[{"tin":{"type":"ein","value":"810839710"},"service_code":["12"],"billing_class":"professional","payments":[{"allowed_amount":0.00,"billing_code_modifier":[""],"providers":[{"billed_charge":200.00,"npi":[1114275021,1639535206,1780208017]}]}]},{"tin":{"type":"ein","value":"810839710"},"service_code":["12"],"billing_class":"professional","payments":[{"allowed_amount":59.50,"billing_code_modifier":[""],"providers":[{"billed_charge":200.00,"npi":[1114275021,1639535206,1780208017]}]}]},{"tin":{"type":"ein","value":"840532684"},"service_code":["10","12"],"billing_class":"professional","payments":[{"allowed_amount":59.50,"billing_code_modifier":[""],"providers":[{"billed_charge":160.00,"npi":[1518337310,1538592829,1932520657,1962736942]},{"billed_charge":120.00,"npi":[1932520657,1962736942]},{"billed_charge":200.00,"npi":[1538592829,1932520657,1962736942]}]},{"allowed_amount":59.50,"billing_code_modifier":[""],"providers":[{"billed_charge":160.00,"npi":[1518337310,1538592829,1932520657,1962736942]},{"billed_charge":120.00,"npi":[1932520657,1962736942]},{"billed_charge":200.00,"npi":[1538592829,1932520657,1962736942]}]},{"allowed_amount":59.50,"billing_code_modifier":[""],"providers":[{"billed_charge":160.00,"npi":[1518337310,1538592829,1932520657,1962736942]},{"billed_charge":120.00,"npi":[1932520657,1962736942]},{"billed_charge":200.00,"npi":[1538592829,1932520657,1962736942]}]}]},{"tin":{"type":"ein","value":"840532684"},"service_code":["12"],"billing_class":"professional","payments":[{"allowed_amount":59.50,"billing_code_modifier":[""],"providers":[{"billed_charge":160.00,"npi":[1518337310,1538592829,1932520657,1962736942]},{"billed_charge":120.00,"npi":[1932520657,1962736942]},{"billed_charge":200.00,"npi":[1538592829,1932520657,1962736942]}]},{"allowed_amount":59.50,"billing_code_modifier":[""],"providers":[{"billed_charge":160.00,"npi":[1518337310,1538592829,1932520657,1962736942]},{"billed_charge":120.00,"npi":[1932520657,1962736942]},{"billed_charge":200.00,"npi":[1538592829,1932520657,1962736942]}]},{"allowed_amount":59.50,"billing_code_modifier":[""],"providers":[{"billed_charge":160.00,"npi":[1518337310,1538592829,1932520657,1962736942]},{"billed_charge":120.00,"npi":[1932520657,1962736942]},{"billed_charge":200.00,"npi":[1538592829,1932520657,1962736942]}]}]},{"tin":{"type":"ein","value":"840532684"},"service_code":["12"],"billing_class":"professional","payments":[{"allowed_amount":59.50,"billing_code_modifier":[""],"providers":[{"billed_charge":160.00,"npi":[1518337310,1538592829,1932520657,1962736942]},{"billed_charge":120.00,"npi":[1932520657,1962736942]},{"billed_charge":200.00,"npi":[1538592829,1932520657,1962736942]}]},{"allowed_amount":59.50,"billing_code_modifier":[""],"providers":[{"billed_charge":160.00,"npi":[1518337310,1538592829,1932520657,1962736942]},{"billed_charge":120.00,"npi":[1932520657,1962736942]},{"billed_charge":200.00,"npi":[1538592829,1932520657,1962736942]}]},{"allowed_amount":59.50,"billing_code_modifier":[""],"providers":[{"billed_charge":160.00,"npi":[1518337310,1538592829,1932520657,1962736942]},{"billed_charge":120.00,"npi":[1932520657,1962736942]},{"billed_charge":200.00,"npi":[1538592829,1932520657,1962736942]}]}]},{"tin":{"type":"ein","value":"841554677"},"service_code":["11"],"billing_class":"professional","payments":[{"allowed_amount":0.00,"billing_code_modifier":[""],"providers":[{"billed_charge":34.97,"npi":[1629094909]},{"billed_charge":69.94,"npi":[1629094909]},{"billed_charge":71.06,"npi":[1629094909]}]},{"allowed_amount":0.00,"billing_code_modifier":[""],"providers":[{"billed_charge":34.97,"npi":[1629094909]},{"billed_charge":69.94,"npi":[1629094909]},{"billed_charge":71.06,"npi":[1629094909]}]},{"allowed_amount":0.00,"billing_code_modifier":[""],"providers":[{"billed_charge":34.97,"npi":[1629094909]},{"billed_charge":69.94,"npi":[1629094909]},{"billed_charge":71.06,"npi":[1629094909]}]}]},{"tin":{"type":"ein","value":"841554677"},"service_code":["11"],"billing_class":"professional","payments":[{"allowed_amount":0.00,"billing_code_modifier":[""],"providers":[{"billed_charge":34.97,"npi":[1629094909]},{"billed_charge":69.94,"npi":[1629094909]},{"billed_charge":71.06,"npi":[1629094909]}]},{"allowed_amount":0.00,"billing_code_modifier":[""],"providers":[{"billed_charge":34.97,"npi":[1629094909]},{"billed_charge":69.94,"npi":[1629094909]},{"billed_charge":71.06,"npi":[1629094909]}]},{"allowed_amount":0.00,"billing_code_modifier":[""],"providers":[{"billed_charge":34.97,"npi":[1629094909]},{"billed_charge":69.94,"npi":[1629094909]},{"billed_charge":71.06,"npi":[1629094909]}]}]},{"tin":{"type":"ein","value":"841554677"},"service_code":["11"],"billing_class":"professional","payments":[{"allowed_amount":0.00,"billing_code_modifier":[""],"providers":[{"billed_charge":34.97,"npi":[1629094909]},{"billed_charge":69.94,"npi":[1629094909]},{"billed_charge":71.06,"npi":[1629094909]}]},{"allowed_amount":0.00,"billing_code_modifier":[""],"providers":[{"billed_charge":34.97,"npi":[1629094909]},{"billed_charge":69.94,"npi":[1629094909]},{"billed_charge":71.06,"npi":[1629094909]}]},{"allowed_amount":0.00,"billing_code_modifier":[""],"providers":[{"billed_charge":34.97,"npi":[1629094909]},{"billed_charge":69.94,"npi":[1629094909]},{"billed_charge":71.06,"npi":[1629094909]}]}]},{"tin":{"type":"ein","value":"841554677"},"service_code":["11"],"billing_class":"professional","payments":[{"allowed_amount":59.50,"billing_code_modifier":[""],"providers":[{"billed_charge":69.94,"npi":[1629094909]},{"billed_charge":144.01,"npi":[1629094909]}]},{"allowed_amount":59.50,"billing_code_modifier":[""],"providers":[{"billed_charge":69.94,"npi":[1629094909]},{"billed_charge":144.01,"npi":[1629094909]}]}]},{"tin":{"type":"ein","value":"841554677"},"service_code":["12"],"billing_class":"professional","payments":[{"allowed_amount":59.50,"billing_code_modifier":[""],"providers":[{"billed_charge":69.94,"npi":[1629094909]},{"billed_charge":144.01,"npi":[1629094909]}]},{"allowed_amount":59.50,"billing_code_modifier":[""],"providers":[{"billed_charge":69.94,"npi":[1629094909]},{"billed_charge":144.01,"npi":[1629094909]}]}]},{"tin":{"type":"ein","value":"871178824"},"service_code":["11"],"billing_class":"professional","payments":[{"allowed_amount":59.50,"billing_code_modifier":[""],"providers":[{"billed_charge":158.00,"npi":[1023455763,1609542109]},{"billed_charge":225.00,"npi":[1023455763,1609542109]}]},{"allowed_amount":59.50,"billing_code_modifier":[""],"providers":[{"billed_charge":158.00,"npi":[1023455763,1609542109]},{"billed_charge":225.00,"npi":[1023455763,1609542109]}]}]},{"tin":{"type":"ein","value":"871178824"},"service_code":["11"],"billing_class":"professional","payments":[{"allowed_amount":59.50,"billing_code_modifier":[""],"providers":[{"billed_charge":158.00,"npi":[1023455763,1609542109]},{"billed_charge":225.00,"npi":[1023455763,1609542109]}]},{"allowed_amount":59.50,"billing_code_modifier":[""],"providers":[{"billed_charge":158.00,"npi":[1023455763,1609542109]},{"billed_charge":225.00,"npi":[1023455763,1609542109]}]}]}]},{"name":"THERAPEUTIC PX 1\/> AREAS EACH 15 MIN EXERCISES","billing_code_type":"CPT","billing_code_type_version":"2020","billing_code":"97110","description":"THERAPEUTIC PX 1\/> AREAS EACH 15 MIN EXERCISES","allowed_amounts":[{"tin":{"type":"ein","value":"810839710"},"service_code":["12"],"billing_class":"professional","payments":[{"allowed_amount":0.00,"billing_code_modifier":[""],"providers":[{"billed_charge":200.00,"npi":[1114275021,1639535206,1780208017]}]}]},{"tin":{"type":"ein","value":"810839710"},"service_code":["12"],"billing_class":"professional","payments":[{"allowed_amount":59.50,"billing_code_modifier":[""],"providers":[{"billed_charge":200.00,"npi":[1114275021,1639535206,1780208017]}]}]},{"tin":{"type":"ein","value":"813731757"},"service_code":["11"],"billing_class":"professional","payments":[{"allowed_amount":0.00,"billing_code_modifier":[""],"providers":[{"billed_charge":50.00,"npi":[1265979488]}]}]},{"tin":{"type":"ein","value":"840532684"},"service_code":["10"],"billing_class":"professional","payments":[{"allowed_amount":0.00,"billing_code_modifier":[""],"providers":[{"billed_charge":80.00,"npi":[1083043426,1962736942]}]}]},{"tin":{"type":"ein","value":"840532684"},"service_code":["10"],"billing_class":"professional","payments":[{"allowed_amount":59.50,"billing_code_modifier":[""],"providers":[{"billed_charge":160.00,"npi":[1083043426,1962736942]}]}]},{"tin":{"type":"ein","value":"841554677"},"service_code":["11"],"billing_class":"professional","payments":[{"allowed_amount":0.00,"billing_code_modifier":[""],"providers":[{"billed_charge":32.14,"npi":[1629094909]},{"billed_charge":64.28,"npi":[1629094909]}]},{"allowed_amount":0.00,"billing_code_modifier":[""],"providers":[{"billed_charge":32.14,"npi":[1629094909]},{"billed_charge":64.28,"npi":[1629094909]}]}]},{"tin":{"type":"ein","value":"841554677"},"service_code":["11"],"billing_class":"professional","payments":[{"allowed_amount":0.00,"billing_code_modifier":[""],"providers":[{"billed_charge":32.14,"npi":[1629094909]},{"billed_charge":64.28,"npi":[1629094909]}]},{"allowed_amount":0.00,"billing_code_modifier":[""],"providers":[{"billed_charge":32.14,"npi":[1629094909]},{"billed_charge":64.28,"npi":[1629094909]}]}]},{"tin":{"type":"ein","value":"841554677"},"service_code":["11"],"billing_class":"professional","payments":[{"allowed_amount":59.50,"billing_code_modifier":[""],"providers":[{"billed_charge":64.28,"npi":[1629094909]},{"billed_charge":65.30,"npi":[1629094909]},{"billed_charge":96.42,"npi":[1629094909]},{"billed_charge":128.56,"npi":[1629094909]}]},{"allowed_amount":59.50,"billing_code_modifier":[""],"providers":[{"billed_charge":64.28,"npi":[1629094909]},{"billed_charge":65.30,"npi":[1629094909]},{"billed_charge":96.42,"npi":[1629094909]},{"billed_charge":128.56,"npi":[1629094909]}]},{"allowed_amount":59.50,"billing_code_modifier":[""],"providers":[{"billed_charge":64.28,"npi":[1629094909]},{"billed_charge":65.30,"npi":[1629094909]},{"billed_charge":96.42,"npi":[1629094909]},{"billed_charge":128.56,"npi":[1629094909]}]},{"allowed_amount":59.50,"billing_code_modifier":[""],"providers":[{"billed_charge":64.28,"npi":[1629094909]},{"billed_charge":65.30,"npi":[1629094909]},{"billed_charge":96.42,"npi":[1629094909]},{"billed_charge":128.56,"npi":[1629094909]}]}]},{"tin":{"type":"ein","value":"841554677"},"service_code":["11"],"billing_class":"professional","payments":[{"allowed_amount":59.50,"billing_code_modifier":[""],"providers":[{"billed_charge":64.28,"npi":[1629094909]},{"billed_charge":65.30,"npi":[1629094909]},{"billed_charge":96.42,"npi":[1629094909]},{"billed_charge":128.56,"npi":[1629094909]}]},{"allowed_amount":59.50,"billing_code_modifier":[""],"providers":[{"billed_charge":64.28,"npi":[1629094909]},{"billed_charge":65.30,"npi":[1629094909]},{"billed_charge":96.42,"npi":[1629094909]},{"billed_charge":128.56,"npi":[1629094909]}]},{"allowed_amount":59.50,"billing_code_modifier":[""],"providers":[{"billed_charge":64.28,"npi":[1629094909]},{"billed_charge":65.30,"npi":[1629094909]},{"billed_charge":96.42,"npi":[1629094909]},{"billed_charge":128.56,"npi":[1629094909]}]},{"allowed_amount":59.50,"billing_code_modifier":[""],"providers":[{"billed_charge":64.28,"npi":[1629094909]},{"billed_charge":65.30,"npi":[1629094909]},{"billed_charge":96.42,"npi":[1629094909]},{"billed_charge":128.56,"npi":[1629094909]}]}]},{"tin":{"type":"ein","value":"841554677"},"service_code":["11"],"billing_class":"professional","payments":[{"allowed_amount":59.50,"billing_code_modifier":[""],"providers":[{"billed_charge":64.28,"npi":[1629094909]},{"billed_charge":65.30,"npi":[1629094909]},{"billed_charge":96.42,"npi":[1629094909]},{"billed_charge":128.56,"npi":[1629094909]}]},{"allowed_amount":59.50,"billing_code_modifier":[""],"providers":[{"billed_charge":64.28,"npi":[1629094909]},{"billed_charge":65.30,"npi":[1629094909]},{"billed_charge":96.42,"npi":[1629094909]},{"billed_charge":128.56,"npi":[1629094909]}]},{"allowed_amount":59.50,"billing_code_modifier":[""],"providers":[{"billed_charge":64.28,"npi":[1629094909]},{"billed_charge":65.30,"npi":[1629094909]},{"billed_charge":96.42,"npi":[1629094909]},{"billed_charge":128.56,"npi":[1629094909]}]},{"allowed_amount":59.50,"billing_code_modifier":[""],"providers":[{"billed_charge":64.28,"npi":[1629094909]},{"billed_charge":65.30,"npi":[1629094909]},{"billed_charge":96.42,"npi":[1629094909]},{"billed_charge":128.56,"npi":[1629094909]}]}]},{"tin":{"type":"ein","value":"841554677"},"service_code":["11"],"billing_class":"professional","payments":[{"allowed_amount":59.50,"billing_code_modifier":[""],"providers":[{"billed_charge":64.28,"npi":[1629094909]},{"billed_charge":65.30,"npi":[1629094909]},{"billed_charge":96.42,"npi":[1629094909]},{"billed_charge":128.56,"npi":[1629094909]}]},{"allowed_amount":59.50,"billing_code_modifier":[""],"providers":[{"billed_charge":64.28,"npi":[1629094909]},{"billed_charge":65.30,"npi":[1629094909]},{"billed_charge":96.42,"npi":[1629094909]},{"billed_charge":128.56,"npi":[1629094909]}]},{"allowed_amount":59.50,"billing_code_modifier":[""],"providers":[{"billed_charge":64.28,"npi":[1629094909]},{"billed_charge":65.30,"npi":[1629094909]},{"billed_charge":96.42,"npi":[1629094909]},{"billed_charge":128.56,"npi":[1629094909]}]},{"allowed_amount":59.50,"billing_code_modifier":[""],"providers":[{"billed_charge":64.28,"npi":[1629094909]},{"billed_charge":65.30,"npi":[1629094909]},{"billed_charge":96.42,"npi":[1629094909]},{"billed_charge":128.56,"npi":[1629094909]}]}]},{"tin":{"type":"ein","value":"871178824"},"service_code":["11"],"billing_class":"professional","payments":[{"allowed_amount":0.00,"billing_code_modifier":[""],"providers":[{"billed_charge":148.00,"npi":[1023455763,1609542109]}]}]}]},{"name":"TX SPEECH LANG VOICE COMMJ&\/AUD PROC DO INDIV","billing_code_type":"CPT","billing_code_type_version":"2020","billing_code":"92507","description":"TX SPEECH LANG VOICE COMMJ&\/AUD PROC DO INDIV","allowed_amounts":[{"tin":{"type":"ein","value":"208352532"},"service_code":["10","11"],"billing_class":"professional","payments":[{"allowed_amount":79.85,"billing_code_modifier":[""],"providers":[{"billed_charge":100.00,"npi":[1194334169,1770958159,1881492650,1902067812]}]}]},{"tin":{"type":"ein","value":"840532684"},"service_code":["12"],"billing_class":"professional","payments":[{"allowed_amount":79.85,"billing_code_modifier":[""],"providers":[{"billed_charge":160.00,"npi":[1639305824,1962736942]}]}]},{"tin":{"type":"ein","value":"841554677"},"service_code":["12"],"billing_class":"professional","payments":[{"allowed_amount":79.85,"billing_code_modifier":[""],"providers":[{"billed_charge":155.48,"npi":[1629094909]},{"billed_charge":157.97,"npi":[1629094909]}]},{"allowed_amount":79.85,"billing_code_modifier":[""],"providers":[{"billed_charge":155.48,"npi":[1629094909]},{"billed_charge":157.97,"npi":[1629094909]}]}]},{"tin":{"type":"ein","value":"841554677"},"service_code":["12"],"billing_class":"professional","payments":[{"allowed_amount":79.85,"billing_code_modifier":[""],"providers":[{"billed_charge":155.48,"npi":[1629094909]},{"billed_charge":157.97,"npi":[1629094909]}]},{"allowed_amount":79.85,"billing_code_modifier":[""],"providers":[{"billed_charge":155.48,"npi":[1629094909]},{"billed_charge":157.97,"npi":[1629094909]}]}]}]}]}
