{"reporting_entity_name": "IEC Group_DBA AmeriBen",
	"reporting_entity_type": "Third Party Administrator",
	"plan_name": "SWAGELOK",
	"plan_id_type": "ein",
	"plan_id": "340688825",
	"plan_market_type": "group",
	"last_updated_on": "2025-01-01","Version": "1.0.0","out_of_network":[{"name":"CHIROPRACTIC MANIPULATIVE TX SPINAL 1-2 REGIONS","billing_code_type":"CPT","billing_code_type_version":"2020","billing_code":"98940","description":"CHIROPRACTIC MANIPULATIVE TX SPINAL 1-2 REGIONS","allowed_amounts":[{"tin":{"type":"ein","value":"201156727"},"service_code":["11"],"billing_class":"professional","payments":[{"allowed_amount":14.30,"billing_code_modifier":[""],"providers":[{"billed_charge":37.50,"npi":[1083763205,1770632986]}]}]},{"tin":{"type":"ein","value":"263474404"},"service_code":["11"],"billing_class":"professional","payments":[{"allowed_amount":14.30,"billing_code_modifier":[""],"providers":[{"billed_charge":54.00,"npi":[1184479693,1386880342,1811460298]}]}]},{"tin":{"type":"ein","value":"311633330"},"service_code":["11"],"billing_class":"professional","payments":[{"allowed_amount":14.30,"billing_code_modifier":[""],"providers":[{"billed_charge":70.00,"npi":[1700037280]}]}]},{"tin":{"type":"ein","value":"753193190"},"service_code":["11"],"billing_class":"professional","payments":[{"allowed_amount":14.30,"billing_code_modifier":[""],"providers":[{"billed_charge":83.00,"npi":[1073667416,1730233180]}]}]},{"tin":{"type":"ein","value":"812797873"},"service_code":["11"],"billing_class":"professional","payments":[{"allowed_amount":14.30,"billing_code_modifier":[""],"providers":[{"billed_charge":45.00,"npi":[1730123654]}]}]}]},{"name":"CHIROPRACTIC MANIPULATIVE TX SPINAL 3-4 REGIONS","billing_code_type":"CPT","billing_code_type_version":"2020","billing_code":"98941","description":"CHIROPRACTIC MANIPULATIVE TX SPINAL 3-4 REGIONS","allowed_amounts":[{"tin":{"type":"ein","value":"311557753"},"service_code":["11"],"billing_class":"professional","payments":[{"allowed_amount":19.79,"billing_code_modifier":[""],"providers":[{"billed_charge":79.00,"npi":[1225130503,1619947694]}]}]},{"tin":{"type":"ein","value":"341292394"},"service_code":["11"],"billing_class":"professional","payments":[{"allowed_amount":19.79,"billing_code_modifier":[""],"providers":[{"billed_charge":40.00,"npi":[1194084582,1962454678]}]}]},{"tin":{"type":"ein","value":"341737573"},"service_code":["11"],"billing_class":"professional","payments":[{"allowed_amount":19.79,"billing_code_modifier":[""],"providers":[{"billed_charge":44.00,"npi":[1063767697,1730893280,1851335541]},{"billed_charge":46.00,"npi":[1063767697,1851335541]},{"billed_charge":50.00,"npi":[1063767697,1851335541]},{"billed_charge":55.00,"npi":[1063767697,1851335541]}]},{"allowed_amount":19.79,"billing_code_modifier":[""],"providers":[{"billed_charge":44.00,"npi":[1063767697,1730893280,1851335541]},{"billed_charge":46.00,"npi":[1063767697,1851335541]},{"billed_charge":50.00,"npi":[1063767697,1851335541]},{"billed_charge":55.00,"npi":[1063767697,1851335541]}]},{"allowed_amount":19.79,"billing_code_modifier":[""],"providers":[{"billed_charge":44.00,"npi":[1063767697,1730893280,1851335541]},{"billed_charge":46.00,"npi":[1063767697,1851335541]},{"billed_charge":50.00,"npi":[1063767697,1851335541]},{"billed_charge":55.00,"npi":[1063767697,1851335541]}]},{"allowed_amount":19.79,"billing_code_modifier":[""],"providers":[{"billed_charge":44.00,"npi":[1063767697,1730893280,1851335541]},{"billed_charge":46.00,"npi":[1063767697,1851335541]},{"billed_charge":50.00,"npi":[1063767697,1851335541]},{"billed_charge":55.00,"npi":[1063767697,1851335541]}]}]},{"tin":{"type":"ein","value":"341737573"},"service_code":["11"],"billing_class":"professional","payments":[{"allowed_amount":19.79,"billing_code_modifier":[""],"providers":[{"billed_charge":44.00,"npi":[1063767697,1730893280,1851335541]},{"billed_charge":46.00,"npi":[1063767697,1851335541]},{"billed_charge":50.00,"npi":[1063767697,1851335541]},{"billed_charge":55.00,"npi":[1063767697,1851335541]}]},{"allowed_amount":19.79,"billing_code_modifier":[""],"providers":[{"billed_charge":44.00,"npi":[1063767697,1730893280,1851335541]},{"billed_charge":46.00,"npi":[1063767697,1851335541]},{"billed_charge":50.00,"npi":[1063767697,1851335541]},{"billed_charge":55.00,"npi":[1063767697,1851335541]}]},{"allowed_amount":19.79,"billing_code_modifier":[""],"providers":[{"billed_charge":44.00,"npi":[1063767697,1730893280,1851335541]},{"billed_charge":46.00,"npi":[1063767697,1851335541]},{"billed_charge":50.00,"npi":[1063767697,1851335541]},{"billed_charge":55.00,"npi":[1063767697,1851335541]}]},{"allowed_amount":19.79,"billing_code_modifier":[""],"providers":[{"billed_charge":44.00,"npi":[1063767697,1730893280,1851335541]},{"billed_charge":46.00,"npi":[1063767697,1851335541]},{"billed_charge":50.00,"npi":[1063767697,1851335541]},{"billed_charge":55.00,"npi":[1063767697,1851335541]}]}]},{"tin":{"type":"ein","value":"341737573"},"service_code":["11"],"billing_class":"professional","payments":[{"allowed_amount":19.79,"billing_code_modifier":[""],"providers":[{"billed_charge":44.00,"npi":[1063767697,1730893280,1851335541]},{"billed_charge":46.00,"npi":[1063767697,1851335541]},{"billed_charge":50.00,"npi":[1063767697,1851335541]},{"billed_charge":55.00,"npi":[1063767697,1851335541]}]},{"allowed_amount":19.79,"billing_code_modifier":[""],"providers":[{"billed_charge":44.00,"npi":[1063767697,1730893280,1851335541]},{"billed_charge":46.00,"npi":[1063767697,1851335541]},{"billed_charge":50.00,"npi":[1063767697,1851335541]},{"billed_charge":55.00,"npi":[1063767697,1851335541]}]},{"allowed_amount":19.79,"billing_code_modifier":[""],"providers":[{"billed_charge":44.00,"npi":[1063767697,1730893280,1851335541]},{"billed_charge":46.00,"npi":[1063767697,1851335541]},{"billed_charge":50.00,"npi":[1063767697,1851335541]},{"billed_charge":55.00,"npi":[1063767697,1851335541]}]},{"allowed_amount":19.79,"billing_code_modifier":[""],"providers":[{"billed_charge":44.00,"npi":[1063767697,1730893280,1851335541]},{"billed_charge":46.00,"npi":[1063767697,1851335541]},{"billed_charge":50.00,"npi":[1063767697,1851335541]},{"billed_charge":55.00,"npi":[1063767697,1851335541]}]}]},{"tin":{"type":"ein","value":"341737573"},"service_code":["11"],"billing_class":"professional","payments":[{"allowed_amount":19.79,"billing_code_modifier":[""],"providers":[{"billed_charge":44.00,"npi":[1063767697,1730893280,1851335541]},{"billed_charge":46.00,"npi":[1063767697,1851335541]},{"billed_charge":50.00,"npi":[1063767697,1851335541]},{"billed_charge":55.00,"npi":[1063767697,1851335541]}]},{"allowed_amount":19.79,"billing_code_modifier":[""],"providers":[{"billed_charge":44.00,"npi":[1063767697,1730893280,1851335541]},{"billed_charge":46.00,"npi":[1063767697,1851335541]},{"billed_charge":50.00,"npi":[1063767697,1851335541]},{"billed_charge":55.00,"npi":[1063767697,1851335541]}]},{"allowed_amount":19.79,"billing_code_modifier":[""],"providers":[{"billed_charge":44.00,"npi":[1063767697,1730893280,1851335541]},{"billed_charge":46.00,"npi":[1063767697,1851335541]},{"billed_charge":50.00,"npi":[1063767697,1851335541]},{"billed_charge":55.00,"npi":[1063767697,1851335541]}]},{"allowed_amount":19.79,"billing_code_modifier":[""],"providers":[{"billed_charge":44.00,"npi":[1063767697,1730893280,1851335541]},{"billed_charge":46.00,"npi":[1063767697,1851335541]},{"billed_charge":50.00,"npi":[1063767697,1851335541]},{"billed_charge":55.00,"npi":[1063767697,1851335541]}]}]},{"tin":{"type":"ein","value":"341883685"},"service_code":["11"],"billing_class":"professional","payments":[{"allowed_amount":19.79,"billing_code_modifier":[""],"providers":[{"billed_charge":60.00,"npi":[1902941313,1982728077]}]}]},{"tin":{"type":"ein","value":"452557536"},"service_code":["11"],"billing_class":"professional","payments":[{"allowed_amount":19.79,"billing_code_modifier":[""],"providers":[{"billed_charge":60.00,"npi":[1356624860,1922345693]}]}]},{"tin":{"type":"ein","value":"812797873"},"service_code":["11"],"billing_class":"professional","payments":[{"allowed_amount":19.79,"billing_code_modifier":[""],"providers":[{"billed_charge":65.00,"npi":[1730123654]}]}]},{"tin":{"type":"ein","value":"844609217"},"service_code":["11"],"billing_class":"professional","payments":[{"allowed_amount":17.81,"billing_code_modifier":[""],"providers":[{"billed_charge":70.00,"npi":[1285256727,1306492244]}]}]}]},{"name":"MANUAL THERAPY TQS 1\/> REGIONS EACH 15 MINUTES","billing_code_type":"CPT","billing_code_type_version":"2020","billing_code":"97140","description":"MANUAL THERAPY TQS 1\/> REGIONS EACH 15 MINUTES","allowed_amounts":[{"tin":{"type":"ein","value":"201156727"},"service_code":["11"],"billing_class":"professional","payments":[{"allowed_amount":15.33,"billing_code_modifier":[""],"providers":[{"billed_charge":37.50,"npi":[1083763205,1770632986]}]}]},{"tin":{"type":"ein","value":"811902834"},"service_code":["11"],"billing_class":"professional","payments":[{"allowed_amount":15.33,"billing_code_modifier":[""],"providers":[{"billed_charge":150.00,"npi":[1699027805,1902362692]}]}]}]},{"name":"OFFICE\/OUTPATIENT ESTABLISHED MOD MDM 30 MIN","billing_code_type":"CPT","billing_code_type_version":"2020","billing_code":"99214","description":"OFFICE\/OUTPATIENT ESTABLISHED MOD MDM 30 MIN","allowed_amounts":[{"tin":{"type":"ein","value":"340715726"},"service_code":["02","19"],"billing_class":"professional","payments":[{"allowed_amount":61.07,"billing_code_modifier":[""],"providers":[{"billed_charge":213.94,"npi":[1124175153,1134179799,1356993935,1487648408,1730109455]},{"billed_charge":278.85,"npi":[1326016866,1477709947,1902844558]},{"billed_charge":281.55,"npi":[1326016866,1902844558]},{"billed_charge":317.31,"npi":[1093764219,1437276250,1467558452,1487926853,1992921787]},{"billed_charge":307.79,"npi":[1093764219,1437276250]}]},{"allowed_amount":61.07,"billing_code_modifier":[""],"providers":[{"billed_charge":213.94,"npi":[1124175153,1134179799,1356993935,1487648408,1730109455]},{"billed_charge":278.85,"npi":[1326016866,1477709947,1902844558]},{"billed_charge":281.55,"npi":[1326016866,1902844558]},{"billed_charge":317.31,"npi":[1093764219,1437276250,1467558452,1487926853,1992921787]},{"billed_charge":307.79,"npi":[1093764219,1437276250]}]},{"allowed_amount":61.07,"billing_code_modifier":[""],"providers":[{"billed_charge":213.94,"npi":[1124175153,1134179799,1356993935,1487648408,1730109455]},{"billed_charge":278.85,"npi":[1326016866,1477709947,1902844558]},{"billed_charge":281.55,"npi":[1326016866,1902844558]},{"billed_charge":317.31,"npi":[1093764219,1437276250,1467558452,1487926853,1992921787]},{"billed_charge":307.79,"npi":[1093764219,1437276250]}]},{"allowed_amount":61.07,"billing_code_modifier":[""],"providers":[{"billed_charge":213.94,"npi":[1124175153,1134179799,1356993935,1487648408,1730109455]},{"billed_charge":278.85,"npi":[1326016866,1477709947,1902844558]},{"billed_charge":281.55,"npi":[1326016866,1902844558]},{"billed_charge":317.31,"npi":[1093764219,1437276250,1467558452,1487926853,1992921787]},{"billed_charge":307.79,"npi":[1093764219,1437276250]}]},{"allowed_amount":61.07,"billing_code_modifier":[""],"providers":[{"billed_charge":213.94,"npi":[1124175153,1134179799,1356993935,1487648408,1730109455]},{"billed_charge":278.85,"npi":[1326016866,1477709947,1902844558]},{"billed_charge":281.55,"npi":[1326016866,1902844558]},{"billed_charge":317.31,"npi":[1093764219,1437276250,1467558452,1487926853,1992921787]},{"billed_charge":307.79,"npi":[1093764219,1437276250]}]}]},{"tin":{"type":"ein","value":"340715726"},"service_code":["19"],"billing_class":"professional","payments":[{"allowed_amount":61.07,"billing_code_modifier":[""],"providers":[{"billed_charge":213.94,"npi":[1124175153,1134179799,1356993935,1487648408,1730109455]},{"billed_charge":278.85,"npi":[1326016866,1477709947,1902844558]},{"billed_charge":281.55,"npi":[1326016866,1902844558]},{"billed_charge":317.31,"npi":[1093764219,1437276250,1467558452,1487926853,1992921787]},{"billed_charge":307.79,"npi":[1093764219,1437276250]}]},{"allowed_amount":61.07,"billing_code_modifier":[""],"providers":[{"billed_charge":213.94,"npi":[1124175153,1134179799,1356993935,1487648408,1730109455]},{"billed_charge":278.85,"npi":[1326016866,1477709947,1902844558]},{"billed_charge":281.55,"npi":[1326016866,1902844558]},{"billed_charge":317.31,"npi":[1093764219,1437276250,1467558452,1487926853,1992921787]},{"billed_charge":307.79,"npi":[1093764219,1437276250]}]},{"allowed_amount":61.07,"billing_code_modifier":[""],"providers":[{"billed_charge":213.94,"npi":[1124175153,1134179799,1356993935,1487648408,1730109455]},{"billed_charge":278.85,"npi":[1326016866,1477709947,1902844558]},{"billed_charge":281.55,"npi":[1326016866,1902844558]},{"billed_charge":317.31,"npi":[1093764219,1437276250,1467558452,1487926853,1992921787]},{"billed_charge":307.79,"npi":[1093764219,1437276250]}]},{"allowed_amount":61.07,"billing_code_modifier":[""],"providers":[{"billed_charge":213.94,"npi":[1124175153,1134179799,1356993935,1487648408,1730109455]},{"billed_charge":278.85,"npi":[1326016866,1477709947,1902844558]},{"billed_charge":281.55,"npi":[1326016866,1902844558]},{"billed_charge":317.31,"npi":[1093764219,1437276250,1467558452,1487926853,1992921787]},{"billed_charge":307.79,"npi":[1093764219,1437276250]}]},{"allowed_amount":61.07,"billing_code_modifier":[""],"providers":[{"billed_charge":213.94,"npi":[1124175153,1134179799,1356993935,1487648408,1730109455]},{"billed_charge":278.85,"npi":[1326016866,1477709947,1902844558]},{"billed_charge":281.55,"npi":[1326016866,1902844558]},{"billed_charge":317.31,"npi":[1093764219,1437276250,1467558452,1487926853,1992921787]},{"billed_charge":307.79,"npi":[1093764219,1437276250]}]}]},{"tin":{"type":"ein","value":"340715726"},"service_code":["19"],"billing_class":"professional","payments":[{"allowed_amount":61.07,"billing_code_modifier":[""],"providers":[{"billed_charge":213.94,"npi":[1124175153,1134179799,1356993935,1487648408,1730109455]},{"billed_charge":278.85,"npi":[1326016866,1477709947,1902844558]},{"billed_charge":281.55,"npi":[1326016866,1902844558]},{"billed_charge":317.31,"npi":[1093764219,1437276250,1467558452,1487926853,1992921787]},{"billed_charge":307.79,"npi":[1093764219,1437276250]}]},{"allowed_amount":61.07,"billing_code_modifier":[""],"providers":[{"billed_charge":213.94,"npi":[1124175153,1134179799,1356993935,1487648408,1730109455]},{"billed_charge":278.85,"npi":[1326016866,1477709947,1902844558]},{"billed_charge":281.55,"npi":[1326016866,1902844558]},{"billed_charge":317.31,"npi":[1093764219,1437276250,1467558452,1487926853,1992921787]},{"billed_charge":307.79,"npi":[1093764219,1437276250]}]},{"allowed_amount":61.07,"billing_code_modifier":[""],"providers":[{"billed_charge":213.94,"npi":[1124175153,1134179799,1356993935,1487648408,1730109455]},{"billed_charge":278.85,"npi":[1326016866,1477709947,1902844558]},{"billed_charge":281.55,"npi":[1326016866,1902844558]},{"billed_charge":317.31,"npi":[1093764219,1437276250,1467558452,1487926853,1992921787]},{"billed_charge":307.79,"npi":[1093764219,1437276250]}]},{"allowed_amount":61.07,"billing_code_modifier":[""],"providers":[{"billed_charge":213.94,"npi":[1124175153,1134179799,1356993935,1487648408,1730109455]},{"billed_charge":278.85,"npi":[1326016866,1477709947,1902844558]},{"billed_charge":281.55,"npi":[1326016866,1902844558]},{"billed_charge":317.31,"npi":[1093764219,1437276250,1467558452,1487926853,1992921787]},{"billed_charge":307.79,"npi":[1093764219,1437276250]}]},{"allowed_amount":61.07,"billing_code_modifier":[""],"providers":[{"billed_charge":213.94,"npi":[1124175153,1134179799,1356993935,1487648408,1730109455]},{"billed_charge":278.85,"npi":[1326016866,1477709947,1902844558]},{"billed_charge":281.55,"npi":[1326016866,1902844558]},{"billed_charge":317.31,"npi":[1093764219,1437276250,1467558452,1487926853,1992921787]},{"billed_charge":307.79,"npi":[1093764219,1437276250]}]}]},{"tin":{"type":"ein","value":"340715726"},"service_code":["19","22"],"billing_class":"professional","payments":[{"allowed_amount":61.07,"billing_code_modifier":[""],"providers":[{"billed_charge":213.94,"npi":[1124175153,1134179799,1356993935,1487648408,1730109455]},{"billed_charge":278.85,"npi":[1326016866,1477709947,1902844558]},{"billed_charge":281.55,"npi":[1326016866,1902844558]},{"billed_charge":317.31,"npi":[1093764219,1437276250,1467558452,1487926853,1992921787]},{"billed_charge":307.79,"npi":[1093764219,1437276250]}]},{"allowed_amount":61.07,"billing_code_modifier":[""],"providers":[{"billed_charge":213.94,"npi":[1124175153,1134179799,1356993935,1487648408,1730109455]},{"billed_charge":278.85,"npi":[1326016866,1477709947,1902844558]},{"billed_charge":281.55,"npi":[1326016866,1902844558]},{"billed_charge":317.31,"npi":[1093764219,1437276250,1467558452,1487926853,1992921787]},{"billed_charge":307.79,"npi":[1093764219,1437276250]}]},{"allowed_amount":61.07,"billing_code_modifier":[""],"providers":[{"billed_charge":213.94,"npi":[1124175153,1134179799,1356993935,1487648408,1730109455]},{"billed_charge":278.85,"npi":[1326016866,1477709947,1902844558]},{"billed_charge":281.55,"npi":[1326016866,1902844558]},{"billed_charge":317.31,"npi":[1093764219,1437276250,1467558452,1487926853,1992921787]},{"billed_charge":307.79,"npi":[1093764219,1437276250]}]},{"allowed_amount":61.07,"billing_code_modifier":[""],"providers":[{"billed_charge":213.94,"npi":[1124175153,1134179799,1356993935,1487648408,1730109455]},{"billed_charge":278.85,"npi":[1326016866,1477709947,1902844558]},{"billed_charge":281.55,"npi":[1326016866,1902844558]},{"billed_charge":317.31,"npi":[1093764219,1437276250,1467558452,1487926853,1992921787]},{"billed_charge":307.79,"npi":[1093764219,1437276250]}]},{"allowed_amount":61.07,"billing_code_modifier":[""],"providers":[{"billed_charge":213.94,"npi":[1124175153,1134179799,1356993935,1487648408,1730109455]},{"billed_charge":278.85,"npi":[1326016866,1477709947,1902844558]},{"billed_charge":281.55,"npi":[1326016866,1902844558]},{"billed_charge":317.31,"npi":[1093764219,1437276250,1467558452,1487926853,1992921787]},{"billed_charge":307.79,"npi":[1093764219,1437276250]}]}]},{"tin":{"type":"ein","value":"340715726"},"service_code":["22"],"billing_class":"professional","payments":[{"allowed_amount":61.07,"billing_code_modifier":[""],"providers":[{"billed_charge":213.94,"npi":[1124175153,1134179799,1356993935,1487648408,1730109455]},{"billed_charge":278.85,"npi":[1326016866,1477709947,1902844558]},{"billed_charge":281.55,"npi":[1326016866,1902844558]},{"billed_charge":317.31,"npi":[1093764219,1437276250,1467558452,1487926853,1992921787]},{"billed_charge":307.79,"npi":[1093764219,1437276250]}]},{"allowed_amount":61.07,"billing_code_modifier":[""],"providers":[{"billed_charge":213.94,"npi":[1124175153,1134179799,1356993935,1487648408,1730109455]},{"billed_charge":278.85,"npi":[1326016866,1477709947,1902844558]},{"billed_charge":281.55,"npi":[1326016866,1902844558]},{"billed_charge":317.31,"npi":[1093764219,1437276250,1467558452,1487926853,1992921787]},{"billed_charge":307.79,"npi":[1093764219,1437276250]}]},{"allowed_amount":61.07,"billing_code_modifier":[""],"providers":[{"billed_charge":213.94,"npi":[1124175153,1134179799,1356993935,1487648408,1730109455]},{"billed_charge":278.85,"npi":[1326016866,1477709947,1902844558]},{"billed_charge":281.55,"npi":[1326016866,1902844558]},{"billed_charge":317.31,"npi":[1093764219,1437276250,1467558452,1487926853,1992921787]},{"billed_charge":307.79,"npi":[1093764219,1437276250]}]},{"allowed_amount":61.07,"billing_code_modifier":[""],"providers":[{"billed_charge":213.94,"npi":[1124175153,1134179799,1356993935,1487648408,1730109455]},{"billed_charge":278.85,"npi":[1326016866,1477709947,1902844558]},{"billed_charge":281.55,"npi":[1326016866,1902844558]},{"billed_charge":317.31,"npi":[1093764219,1437276250,1467558452,1487926853,1992921787]},{"billed_charge":307.79,"npi":[1093764219,1437276250]}]},{"allowed_amount":61.07,"billing_code_modifier":[""],"providers":[{"billed_charge":213.94,"npi":[1124175153,1134179799,1356993935,1487648408,1730109455]},{"billed_charge":278.85,"npi":[1326016866,1477709947,1902844558]},{"billed_charge":281.55,"npi":[1326016866,1902844558]},{"billed_charge":317.31,"npi":[1093764219,1437276250,1467558452,1487926853,1992921787]},{"billed_charge":307.79,"npi":[1093764219,1437276250]}]}]}]},{"name":"PSYCHIATRIC\/PSYCHOLOGICAL SVCS: GROUP THERAPY","billing_code_type":"RC","billing_code_type_version":"UB04","billing_code":"0915","description":"PSYCHIATRIC\/PSYCHOLOGICAL SVCS: GROUP THERAPY","allowed_amounts":[{"tin":{"type":"ein","value":"873581824"},"service_code":["22"],"billing_class":"institutional","payments":[{"allowed_amount":278.10,"billing_code_modifier":[""],"providers":[{"billed_charge":1409.00,"npi":[1295466266,1750724886]}]}]}]},{"name":"PSYCHIATRIC\/PSYCHOLOGICAL TRT: INTENSIVE OUT SERV","billing_code_type":"RC","billing_code_type_version":"UB04","billing_code":"0906","description":"PSYCHIATRIC\/PSYCHOLOGICAL TRT: INTENSIVE OUT SERV","allowed_amounts":[{"tin":{"type":"ein","value":"873581824"},"service_code":["22"],"billing_class":"institutional","payments":[{"allowed_amount":1057.81,"billing_code_modifier":[""],"providers":[{"billed_charge":3738.00,"npi":[1295466266,1750724886]}]}]}]}]}
