{"reporting_entity_name": "IEC Group_DBA AmeriBen",
	"reporting_entity_type": "Third Party Administrator",
	"plan_name": "NEVADA GOLD MINES LLC",
	"plan_id_type": "ein",
	"plan_id": "834447381",
	"plan_market_type": "group",
	"last_updated_on": "2023-12-01","Version": "1.0.0","out_of_network":[{"name":"2019-NCOV COVID-19 SARS-COV-2\/2019","billing_code_type":"HCPCS","billing_code_type_version":"HCPCS LEVEL II 2021","billing_code":"U0002","description":"2019-NCOV COVID-19 SARS-COV-2\/2019","allowed_amounts":[{"tin":{"type":"ein","value":"571207559"},"service_code":["11"],"billing_class":"professional","payments":[{"allowed_amount":51.31,"billing_code_modifier":[""],"providers":[{"billed_charge":51.31,"npi":[1285798439,1659436038,1740531466,1770981839,1780961102]}]}]}]},{"name":"25 HYDROXY INCLUDES FRACTIONS IF PERFORMED","billing_code_type":"CPT","billing_code_type_version":"2020","billing_code":"82306","description":"25 HYDROXY INCLUDES FRACTIONS IF PERFORMED","allowed_amounts":[{"tin":{"type":"ein","value":"571207559"},"service_code":["11"],"billing_class":"professional","payments":[{"allowed_amount":32.56,"billing_code_modifier":[""],"providers":[{"billed_charge":298.00,"npi":[1740531466,1770981839,1780961102]},{"billed_charge":300.00,"npi":[1659436038,1740531466,1780961102]}]},{"allowed_amount":32.56,"billing_code_modifier":[""],"providers":[{"billed_charge":298.00,"npi":[1740531466,1770981839,1780961102]},{"billed_charge":300.00,"npi":[1659436038,1740531466,1780961102]}]}]},{"tin":{"type":"ein","value":"571207559"},"service_code":["11"],"billing_class":"professional","payments":[{"allowed_amount":32.56,"billing_code_modifier":[""],"providers":[{"billed_charge":298.00,"npi":[1740531466,1770981839,1780961102]},{"billed_charge":300.00,"npi":[1659436038,1740531466,1780961102]}]},{"allowed_amount":32.56,"billing_code_modifier":[""],"providers":[{"billed_charge":298.00,"npi":[1740531466,1770981839,1780961102]},{"billed_charge":300.00,"npi":[1659436038,1740531466,1780961102]}]}]},{"tin":{"type":"ein","value":"863126396"},"service_code":["11"],"billing_class":"professional","payments":[{"allowed_amount":32.56,"billing_code_modifier":[""],"providers":[{"billed_charge":38.00,"npi":[1619433307]}]}]}]},{"name":"ASSAY OF THYROID STIMULATING HORMONE TSH","billing_code_type":"CPT","billing_code_type_version":"2020","billing_code":"84443","description":"ASSAY OF THYROID STIMULATING HORMONE TSH","allowed_amounts":[{"tin":{"type":"ein","value":"571207559"},"service_code":["11"],"billing_class":"professional","payments":[{"allowed_amount":18.48,"billing_code_modifier":[""],"providers":[{"billed_charge":161.00,"npi":[1740531466,1770981839,1780961102]},{"billed_charge":164.00,"npi":[1740531466,1770981839,1780961102]}]},{"allowed_amount":18.48,"billing_code_modifier":[""],"providers":[{"billed_charge":161.00,"npi":[1740531466,1770981839,1780961102]},{"billed_charge":164.00,"npi":[1740531466,1770981839,1780961102]}]}]},{"tin":{"type":"ein","value":"571207559"},"service_code":["11"],"billing_class":"professional","payments":[{"allowed_amount":18.48,"billing_code_modifier":[""],"providers":[{"billed_charge":161.00,"npi":[1740531466,1770981839,1780961102]},{"billed_charge":164.00,"npi":[1740531466,1770981839,1780961102]}]},{"allowed_amount":18.48,"billing_code_modifier":[""],"providers":[{"billed_charge":161.00,"npi":[1740531466,1770981839,1780961102]},{"billed_charge":164.00,"npi":[1740531466,1770981839,1780961102]}]}]},{"tin":{"type":"ein","value":"840611484"},"service_code":["81"],"billing_class":"professional","payments":[{"allowed_amount":18.48,"billing_code_modifier":[""],"providers":[{"billed_charge":109.20,"npi":[1700254802,1740262880]}]}]},{"tin":{"type":"ein","value":"880099333"},"service_code":["81"],"billing_class":"professional","payments":[{"allowed_amount":18.48,"billing_code_modifier":[""],"providers":[{"billed_charge":130.49,"npi":[1043256886,1730161191]}]}]}]},{"name":"BLOOD COUNT COMPLETE AUTO&AUTO DIFRNTL WBC","billing_code_type":"CPT","billing_code_type_version":"2020","billing_code":"85025","description":"BLOOD COUNT COMPLETE AUTO&AUTO DIFRNTL WBC","allowed_amounts":[{"tin":{"type":"ein","value":"571207559"},"service_code":["11"],"billing_class":"professional","payments":[{"allowed_amount":8.55,"billing_code_modifier":[""],"providers":[{"billed_charge":43.00,"npi":[1659436038,1740531466,1770981839,1780961102]},{"billed_charge":44.00,"npi":[1740531466,1770981839,1780961102]}]},{"allowed_amount":8.55,"billing_code_modifier":[""],"providers":[{"billed_charge":43.00,"npi":[1659436038,1740531466,1770981839,1780961102]},{"billed_charge":44.00,"npi":[1740531466,1770981839,1780961102]}]}]},{"tin":{"type":"ein","value":"571207559"},"service_code":["11"],"billing_class":"professional","payments":[{"allowed_amount":8.55,"billing_code_modifier":[""],"providers":[{"billed_charge":43.00,"npi":[1659436038,1740531466,1770981839,1780961102]},{"billed_charge":44.00,"npi":[1740531466,1770981839,1780961102]}]},{"allowed_amount":8.55,"billing_code_modifier":[""],"providers":[{"billed_charge":43.00,"npi":[1659436038,1740531466,1770981839,1780961102]},{"billed_charge":44.00,"npi":[1740531466,1770981839,1780961102]}]}]},{"tin":{"type":"ein","value":"840611484"},"service_code":["81"],"billing_class":"professional","payments":[{"allowed_amount":8.55,"billing_code_modifier":[""],"providers":[{"billed_charge":39.90,"npi":[1013466200,1073776258,1144332735,1558399477,1568961514,1639728546,1659725851,1699059949,1740262880,1972742245]}]}]}]},{"name":"CCPD OPD\/HOME: CCPD COMP OR OTHER RATE","billing_code_type":"RC","billing_code_type_version":"UB04","billing_code":"0851","description":"CCPD OPD\/HOME: CCPD COMP OR OTHER RATE","allowed_amounts":[{"tin":{"type":"ein","value":"620850498"},"service_code":["65"],"billing_class":"institutional","payments":[{"allowed_amount":295.01,"billing_code_modifier":[""],"providers":[{"billed_charge":1140.00,"npi":[1467560292,1841223237]}]}]},{"tin":{"type":"ein","value":"620850498"},"service_code":["65"],"billing_class":"institutional","payments":[{"allowed_amount":320.86,"billing_code_modifier":[""],"providers":[{"billed_charge":1140.00,"npi":[1467560292,1841223237]}]}]},{"tin":{"type":"ein","value":"620850498"},"service_code":["65"],"billing_class":"institutional","payments":[{"allowed_amount":331.09,"billing_code_modifier":[""],"providers":[{"billed_charge":1140.00,"npi":[1467560292,1841223237]}]}]},{"tin":{"type":"ein","value":"831522514"},"service_code":["65"],"billing_class":"institutional","payments":[{"allowed_amount":307.15,"billing_code_modifier":[""],"providers":[{"billed_charge":1140.00,"npi":[1902986987,1992284814]}]}]}]},{"name":"COLLECTION VENOUS BLOOD VENIPUNCTURE","billing_code_type":"CPT","billing_code_type_version":"2020","billing_code":"36415","description":"COLLECTION VENOUS BLOOD VENIPUNCTURE","allowed_amounts":[{"tin":{"type":"ein","value":"571207559"},"service_code":["11"],"billing_class":"professional","payments":[{"allowed_amount":9.43,"billing_code_modifier":[""],"providers":[{"billed_charge":25.00,"npi":[1659436038,1740531466,1770981839,1780961102]}]}]},{"tin":{"type":"ein","value":"840611484"},"service_code":["81"],"billing_class":"professional","payments":[{"allowed_amount":9.43,"billing_code_modifier":[""],"providers":[{"billed_charge":10.00,"npi":[1700254802,1740262880,1851338917]}]}]},{"tin":{"type":"ein","value":"880099333"},"service_code":["81"],"billing_class":"professional","payments":[{"allowed_amount":9.43,"billing_code_modifier":[""],"providers":[{"billed_charge":22.50,"npi":[1043256886,1730161191]}]}]}]},{"name":"COMPREHENSIVE METABOLIC PANEL","billing_code_type":"CPT","billing_code_type_version":"2020","billing_code":"80053","description":"COMPREHENSIVE METABOLIC PANEL","allowed_amounts":[{"tin":{"type":"ein","value":"571207559"},"service_code":["11"],"billing_class":"professional","payments":[{"allowed_amount":11.62,"billing_code_modifier":[""],"providers":[{"billed_charge":63.00,"npi":[1659436038,1740531466,1770981839,1780961102]},{"billed_charge":65.00,"npi":[1659436038,1740531466,1770981839,1780961102]}]},{"allowed_amount":11.62,"billing_code_modifier":[""],"providers":[{"billed_charge":63.00,"npi":[1659436038,1740531466,1770981839,1780961102]},{"billed_charge":65.00,"npi":[1659436038,1740531466,1770981839,1780961102]}]}]},{"tin":{"type":"ein","value":"571207559"},"service_code":["11"],"billing_class":"professional","payments":[{"allowed_amount":11.62,"billing_code_modifier":[""],"providers":[{"billed_charge":63.00,"npi":[1659436038,1740531466,1770981839,1780961102]},{"billed_charge":65.00,"npi":[1659436038,1740531466,1770981839,1780961102]}]},{"allowed_amount":11.62,"billing_code_modifier":[""],"providers":[{"billed_charge":63.00,"npi":[1659436038,1740531466,1770981839,1780961102]},{"billed_charge":65.00,"npi":[1659436038,1740531466,1770981839,1780961102]}]}]},{"tin":{"type":"ein","value":"840611484"},"service_code":["81"],"billing_class":"professional","payments":[{"allowed_amount":11.62,"billing_code_modifier":[""],"providers":[{"billed_charge":51.45,"npi":[1013466200,1144332735,1568961514,1659725851,1740262880]}]}]}]},{"name":"CULTURE BACTERIAL QUANTTATIVE COLONY COUNT URINE","billing_code_type":"CPT","billing_code_type_version":"2020","billing_code":"87086","description":"CULTURE BACTERIAL QUANTTATIVE COLONY COUNT URINE","allowed_amounts":[{"tin":{"type":"ein","value":"571207559"},"service_code":["11"],"billing_class":"professional","payments":[{"allowed_amount":8.88,"billing_code_modifier":[""],"providers":[{"billed_charge":35.00,"npi":[1659436038,1740531466,1770981839,1780961102]},{"billed_charge":74.00,"npi":[1659436038,1770981839,1780961102]}]},{"allowed_amount":8.88,"billing_code_modifier":[""],"providers":[{"billed_charge":35.00,"npi":[1659436038,1740531466,1770981839,1780961102]},{"billed_charge":74.00,"npi":[1659436038,1770981839,1780961102]}]}]},{"tin":{"type":"ein","value":"571207559"},"service_code":["11"],"billing_class":"professional","payments":[{"allowed_amount":8.88,"billing_code_modifier":[""],"providers":[{"billed_charge":35.00,"npi":[1659436038,1740531466,1770981839,1780961102]},{"billed_charge":74.00,"npi":[1659436038,1770981839,1780961102]}]},{"allowed_amount":8.88,"billing_code_modifier":[""],"providers":[{"billed_charge":35.00,"npi":[1659436038,1740531466,1770981839,1780961102]},{"billed_charge":74.00,"npi":[1659436038,1770981839,1780961102]}]}]},{"tin":{"type":"ein","value":"840611484"},"service_code":["81"],"billing_class":"professional","payments":[{"allowed_amount":8.88,"billing_code_modifier":[""],"providers":[{"billed_charge":64.00,"npi":[1568961514,1740262880]},{"billed_charge":75.60,"npi":[1568961514,1740262880,1821640665]}]},{"allowed_amount":8.88,"billing_code_modifier":[""],"providers":[{"billed_charge":64.00,"npi":[1568961514,1740262880]},{"billed_charge":75.60,"npi":[1568961514,1740262880,1821640665]}]}]},{"tin":{"type":"ein","value":"840611484"},"service_code":["81"],"billing_class":"professional","payments":[{"allowed_amount":8.88,"billing_code_modifier":[""],"providers":[{"billed_charge":64.00,"npi":[1568961514,1740262880]},{"billed_charge":75.60,"npi":[1568961514,1740262880,1821640665]}]},{"allowed_amount":8.88,"billing_code_modifier":[""],"providers":[{"billed_charge":64.00,"npi":[1568961514,1740262880]},{"billed_charge":75.60,"npi":[1568961514,1740262880,1821640665]}]}]},{"tin":{"type":"ein","value":"942854057"},"service_code":["81"],"billing_class":"professional","payments":[{"allowed_amount":8.88,"billing_code_modifier":[""],"providers":[{"billed_charge":36.58,"npi":[1518194687,1720029960]}]}]}]},{"name":"DRUG TST PRSMV INSTRMNT CHEM ANALYZERS PR DATE","billing_code_type":"CPT","billing_code_type_version":"2020","billing_code":"80307","description":"DRUG TST PRSMV INSTRMNT CHEM ANALYZERS PR DATE","allowed_amounts":[{"tin":{"type":"ein","value":"261565558"},"service_code":["81"],"billing_class":"professional","payments":[{"allowed_amount":68.35,"billing_code_modifier":[""],"providers":[{"billed_charge":124.00,"npi":[1386970614,1497933162,1689605545,1821232067]}]}]},{"tin":{"type":"ein","value":"274653051"},"service_code":["81"],"billing_class":"professional","payments":[{"allowed_amount":68.35,"billing_code_modifier":[""],"providers":[{"billed_charge":2400.00,"npi":[1942545421]}]}]},{"tin":{"type":"ein","value":"474815114"},"service_code":["81"],"billing_class":"professional","payments":[{"allowed_amount":68.35,"billing_code_modifier":[""],"providers":[{"billed_charge":103.00,"npi":[1215302245,1922070093]}]}]},{"tin":{"type":"ein","value":"571207559"},"service_code":["11"],"billing_class":"professional","payments":[{"allowed_amount":68.35,"billing_code_modifier":[""],"providers":[{"billed_charge":2300.00,"npi":[1033543772,1770981839,1780961102]}]}]},{"tin":{"type":"ein","value":"823146637"},"service_code":["57"],"billing_class":"professional","payments":[{"allowed_amount":68.35,"billing_code_modifier":[""],"providers":[{"billed_charge":2277.20,"npi":[1477046902,1861994600]}]}]}]},{"name":"HANDLG&\/OR CONVEY OF SPEC FOR TR OFFICE TO LAB","billing_code_type":"CPT","billing_code_type_version":"2020","billing_code":"99000","description":"HANDLG&\/OR CONVEY OF SPEC FOR TR OFFICE TO LAB","allowed_amounts":[{"tin":{"type":"ein","value":"571207559"},"service_code":["11"],"billing_class":"professional","payments":[{"allowed_amount":7.90,"billing_code_modifier":[""],"providers":[{"billed_charge":21.00,"npi":[1033543772,1659436038,1740531466,1770981839,1780961102]}]}]}]},{"name":"HEMOGLOBIN GLYCOSYLATED A1C","billing_code_type":"CPT","billing_code_type_version":"2020","billing_code":"83036","description":"HEMOGLOBIN GLYCOSYLATED A1C","allowed_amounts":[{"tin":{"type":"ein","value":"571207559"},"service_code":["11"],"billing_class":"professional","payments":[{"allowed_amount":10.68,"billing_code_modifier":[""],"providers":[{"billed_charge":79.00,"npi":[1659436038,1740531466,1770981839,1780961102]},{"billed_charge":82.00,"npi":[1659436038,1740531466,1770981839,1780961102]}]},{"allowed_amount":10.68,"billing_code_modifier":[""],"providers":[{"billed_charge":79.00,"npi":[1659436038,1740531466,1770981839,1780961102]},{"billed_charge":82.00,"npi":[1659436038,1740531466,1770981839,1780961102]}]}]},{"tin":{"type":"ein","value":"571207559"},"service_code":["11"],"billing_class":"professional","payments":[{"allowed_amount":10.68,"billing_code_modifier":[""],"providers":[{"billed_charge":79.00,"npi":[1659436038,1740531466,1770981839,1780961102]},{"billed_charge":82.00,"npi":[1659436038,1740531466,1770981839,1780961102]}]},{"allowed_amount":10.68,"billing_code_modifier":[""],"providers":[{"billed_charge":79.00,"npi":[1659436038,1740531466,1770981839,1780961102]},{"billed_charge":82.00,"npi":[1659436038,1740531466,1770981839,1780961102]}]}]},{"tin":{"type":"ein","value":"840611484"},"service_code":["81"],"billing_class":"professional","payments":[{"allowed_amount":10.68,"billing_code_modifier":[""],"providers":[{"billed_charge":27.00,"npi":[1740262880,1851338917]},{"billed_charge":81.90,"npi":[1013466200,1457337230,1568961514,1700254802,1740262880]}]},{"allowed_amount":10.68,"billing_code_modifier":[""],"providers":[{"billed_charge":27.00,"npi":[1740262880,1851338917]},{"billed_charge":81.90,"npi":[1013466200,1457337230,1568961514,1700254802,1740262880]}]}]},{"tin":{"type":"ein","value":"840611484"},"service_code":["81"],"billing_class":"professional","payments":[{"allowed_amount":10.68,"billing_code_modifier":[""],"providers":[{"billed_charge":27.00,"npi":[1740262880,1851338917]},{"billed_charge":81.90,"npi":[1013466200,1457337230,1568961514,1700254802,1740262880]}]},{"allowed_amount":10.68,"billing_code_modifier":[""],"providers":[{"billed_charge":27.00,"npi":[1740262880,1851338917]},{"billed_charge":81.90,"npi":[1013466200,1457337230,1568961514,1700254802,1740262880]}]}]}]},{"name":"IAAD IA STREPTOCOCCUS GROUP A","billing_code_type":"CPT","billing_code_type_version":"2020","billing_code":"87430","description":"IAAD IA STREPTOCOCCUS GROUP A","allowed_amounts":[{"tin":{"type":"ein","value":"571207559"},"service_code":["11"],"billing_class":"professional","payments":[{"allowed_amount":18.49,"billing_code_modifier":[""],"providers":[{"billed_charge":25.00,"npi":[1285798439,1659436038,1740531466,1780961102]},{"billed_charge":30.00,"npi":[1659436038,1740531466,1770981839,1780961102]},{"billed_charge":51.31,"npi":[1285798439,1780961102]}]},{"allowed_amount":18.49,"billing_code_modifier":[""],"providers":[{"billed_charge":25.00,"npi":[1285798439,1659436038,1740531466,1780961102]},{"billed_charge":30.00,"npi":[1659436038,1740531466,1770981839,1780961102]},{"billed_charge":51.31,"npi":[1285798439,1780961102]}]},{"allowed_amount":18.49,"billing_code_modifier":[""],"providers":[{"billed_charge":25.00,"npi":[1285798439,1659436038,1740531466,1780961102]},{"billed_charge":30.00,"npi":[1659436038,1740531466,1770981839,1780961102]},{"billed_charge":51.31,"npi":[1285798439,1780961102]}]}]},{"tin":{"type":"ein","value":"571207559"},"service_code":["11"],"billing_class":"professional","payments":[{"allowed_amount":18.49,"billing_code_modifier":[""],"providers":[{"billed_charge":25.00,"npi":[1285798439,1659436038,1740531466,1780961102]},{"billed_charge":30.00,"npi":[1659436038,1740531466,1770981839,1780961102]},{"billed_charge":51.31,"npi":[1285798439,1780961102]}]},{"allowed_amount":18.49,"billing_code_modifier":[""],"providers":[{"billed_charge":25.00,"npi":[1285798439,1659436038,1740531466,1780961102]},{"billed_charge":30.00,"npi":[1659436038,1740531466,1770981839,1780961102]},{"billed_charge":51.31,"npi":[1285798439,1780961102]}]},{"allowed_amount":18.49,"billing_code_modifier":[""],"providers":[{"billed_charge":25.00,"npi":[1285798439,1659436038,1740531466,1780961102]},{"billed_charge":30.00,"npi":[1659436038,1740531466,1770981839,1780961102]},{"billed_charge":51.31,"npi":[1285798439,1780961102]}]}]},{"tin":{"type":"ein","value":"571207559"},"service_code":["11"],"billing_class":"professional","payments":[{"allowed_amount":18.49,"billing_code_modifier":[""],"providers":[{"billed_charge":25.00,"npi":[1285798439,1659436038,1740531466,1780961102]},{"billed_charge":30.00,"npi":[1659436038,1740531466,1770981839,1780961102]},{"billed_charge":51.31,"npi":[1285798439,1780961102]}]},{"allowed_amount":18.49,"billing_code_modifier":[""],"providers":[{"billed_charge":25.00,"npi":[1285798439,1659436038,1740531466,1780961102]},{"billed_charge":30.00,"npi":[1659436038,1740531466,1770981839,1780961102]},{"billed_charge":51.31,"npi":[1285798439,1780961102]}]},{"allowed_amount":18.49,"billing_code_modifier":[""],"providers":[{"billed_charge":25.00,"npi":[1285798439,1659436038,1740531466,1780961102]},{"billed_charge":30.00,"npi":[1659436038,1740531466,1770981839,1780961102]},{"billed_charge":51.31,"npi":[1285798439,1780961102]}]}]}]},{"name":"IAADIADOO INFLUENZA","billing_code_type":"CPT","billing_code_type_version":"2020","billing_code":"87804","description":"IAADIADOO INFLUENZA","allowed_amounts":[{"tin":{"type":"ein","value":"571207559"},"service_code":["11"],"billing_class":"professional","payments":[{"allowed_amount":18.20,"billing_code_modifier":[""],"providers":[{"billed_charge":39.00,"npi":[1285798439,1659436038,1770981839,1780961102]},{"billed_charge":47.00,"npi":[1740531466,1780961102]}]},{"allowed_amount":18.20,"billing_code_modifier":[""],"providers":[{"billed_charge":39.00,"npi":[1285798439,1659436038,1770981839,1780961102]},{"billed_charge":47.00,"npi":[1740531466,1780961102]}]}]},{"tin":{"type":"ein","value":"571207559"},"service_code":["11"],"billing_class":"professional","payments":[{"allowed_amount":18.20,"billing_code_modifier":[""],"providers":[{"billed_charge":39.00,"npi":[1285798439,1659436038,1770981839,1780961102]},{"billed_charge":47.00,"npi":[1740531466,1780961102]}]},{"allowed_amount":18.20,"billing_code_modifier":[""],"providers":[{"billed_charge":39.00,"npi":[1285798439,1659436038,1770981839,1780961102]},{"billed_charge":47.00,"npi":[1740531466,1780961102]}]}]}]},{"name":"IAADIADOO SEVERE AQT RESPIR SYND CORONAVIRUS","billing_code_type":"CPT","billing_code_type_version":"2020","billing_code":"87811","description":"IAADIADOO SEVERE AQT RESPIR SYND CORONAVIRUS","allowed_amounts":[{"tin":{"type":"ein","value":"571207559"},"service_code":["11"],"billing_class":"professional","payments":[{"allowed_amount":39.31,"billing_code_modifier":[""],"providers":[{"billed_charge":41.38,"npi":[1285798439,1659436038,1740531466,1780961102]},{"billed_charge":160.00,"npi":[1659436038,1780961102]}]},{"allowed_amount":39.31,"billing_code_modifier":[""],"providers":[{"billed_charge":41.38,"npi":[1285798439,1659436038,1740531466,1780961102]},{"billed_charge":160.00,"npi":[1659436038,1780961102]}]}]},{"tin":{"type":"ein","value":"571207559"},"service_code":["11"],"billing_class":"professional","payments":[{"allowed_amount":39.31,"billing_code_modifier":[""],"providers":[{"billed_charge":41.38,"npi":[1285798439,1659436038,1740531466,1780961102]},{"billed_charge":160.00,"npi":[1659436038,1780961102]}]},{"allowed_amount":39.31,"billing_code_modifier":[""],"providers":[{"billed_charge":41.38,"npi":[1285798439,1659436038,1740531466,1780961102]},{"billed_charge":160.00,"npi":[1659436038,1780961102]}]}]},{"tin":{"type":"ein","value":"571207559"},"service_code":["11"],"billing_class":"professional","payments":[{"allowed_amount":45.52,"billing_code_modifier":[""],"providers":[{"billed_charge":160.00,"npi":[1659436038,1740531466,1770981839,1780961102]}]}]}]},{"name":"IM ADM PRQ ID SUBQ\/IM NJXS 1 VACCINE","billing_code_type":"CPT","billing_code_type_version":"2020","billing_code":"90471","description":"IM ADM PRQ ID SUBQ\/IM NJXS 1 VACCINE","allowed_amounts":[{"tin":{"type":"ein","value":"571207559"},"service_code":["11"],"billing_class":"professional","payments":[{"allowed_amount":21.86,"billing_code_modifier":[""],"providers":[{"billed_charge":54.00,"npi":[1740531466,1770981839,1780961102]},{"billed_charge":77.00,"npi":[1659436038,1740531466,1770981839,1780961102]}]},{"allowed_amount":21.86,"billing_code_modifier":[""],"providers":[{"billed_charge":54.00,"npi":[1740531466,1770981839,1780961102]},{"billed_charge":77.00,"npi":[1659436038,1740531466,1770981839,1780961102]}]}]},{"tin":{"type":"ein","value":"571207559"},"service_code":["11"],"billing_class":"professional","payments":[{"allowed_amount":21.86,"billing_code_modifier":[""],"providers":[{"billed_charge":54.00,"npi":[1740531466,1770981839,1780961102]},{"billed_charge":77.00,"npi":[1659436038,1740531466,1770981839,1780961102]}]},{"allowed_amount":21.86,"billing_code_modifier":[""],"providers":[{"billed_charge":54.00,"npi":[1740531466,1770981839,1780961102]},{"billed_charge":77.00,"npi":[1659436038,1740531466,1770981839,1780961102]}]}]}]},{"name":"NDL EMG 2 XTR W\/WO RELATED PARASPINAL AREAS","billing_code_type":"CPT","billing_code_type_version":"2020","billing_code":"95861","description":"NDL EMG 2 XTR W\/WO RELATED PARASPINAL AREAS","allowed_amounts":[{"tin":{"type":"ein","value":"832225256"},"service_code":["21","22"],"billing_class":"professional","payments":[{"allowed_amount":0.00,"billing_code_modifier":[""],"providers":[{"billed_charge":1614.00,"npi":[1124067491,1255360160,1447728720,1821388562,1881910255]}]}]}]},{"name":"OFFICE\/OUTPATIENT ESTABLISHED LOW MDM 20-29 MIN","billing_code_type":"CPT","billing_code_type_version":"2020","billing_code":"99213","description":"OFFICE\/OUTPATIENT ESTABLISHED LOW MDM 20-29 MIN","allowed_amounts":[{"tin":{"type":"ein","value":"571207559"},"service_code":["11"],"billing_class":"professional","payments":[{"allowed_amount":97.82,"billing_code_modifier":[""],"providers":[{"billed_charge":192.00,"npi":[1659436038,1740531466,1770981839,1780961102]},{"billed_charge":216.00,"npi":[1659436038,1740531466,1770981839,1780961102]}]},{"allowed_amount":97.82,"billing_code_modifier":[""],"providers":[{"billed_charge":192.00,"npi":[1659436038,1740531466,1770981839,1780961102]},{"billed_charge":216.00,"npi":[1659436038,1740531466,1770981839,1780961102]}]}]},{"tin":{"type":"ein","value":"571207559"},"service_code":["11"],"billing_class":"professional","payments":[{"allowed_amount":97.82,"billing_code_modifier":[""],"providers":[{"billed_charge":192.00,"npi":[1659436038,1740531466,1770981839,1780961102]},{"billed_charge":216.00,"npi":[1659436038,1740531466,1770981839,1780961102]}]},{"allowed_amount":97.82,"billing_code_modifier":[""],"providers":[{"billed_charge":192.00,"npi":[1659436038,1740531466,1770981839,1780961102]},{"billed_charge":216.00,"npi":[1659436038,1740531466,1770981839,1780961102]}]}]},{"tin":{"type":"ein","value":"680403753"},"service_code":["11"],"billing_class":"professional","payments":[{"allowed_amount":97.82,"billing_code_modifier":[""],"providers":[{"billed_charge":225.00,"npi":[1043214935]}]}]},{"tin":{"type":"ein","value":"831518661"},"service_code":["11"],"billing_class":"professional","payments":[{"allowed_amount":97.82,"billing_code_modifier":[""],"providers":[{"billed_charge":229.00,"npi":[1154801546,1548385594,1992921316]}]}]},{"tin":{"type":"ein","value":"870372919"},"service_code":["19"],"billing_class":"professional","payments":[{"allowed_amount":97.82,"billing_code_modifier":[""],"providers":[{"billed_charge":160.05,"npi":[1235672817,1295126621]}]}]},{"tin":{"type":"ein","value":"870468377"},"service_code":["11"],"billing_class":"professional","payments":[{"allowed_amount":97.82,"billing_code_modifier":[""],"providers":[{"billed_charge":156.46,"npi":[1740346071,1922096114]},{"billed_charge":166.90,"npi":[1922096114,1982022497]}]},{"allowed_amount":97.82,"billing_code_modifier":[""],"providers":[{"billed_charge":156.46,"npi":[1740346071,1922096114]},{"billed_charge":166.90,"npi":[1922096114,1982022497]}]}]},{"tin":{"type":"ein","value":"870468377"},"service_code":["11"],"billing_class":"professional","payments":[{"allowed_amount":97.82,"billing_code_modifier":[""],"providers":[{"billed_charge":156.46,"npi":[1740346071,1922096114]},{"billed_charge":166.90,"npi":[1922096114,1982022497]}]},{"allowed_amount":97.82,"billing_code_modifier":[""],"providers":[{"billed_charge":156.46,"npi":[1740346071,1922096114]},{"billed_charge":166.90,"npi":[1922096114,1982022497]}]}]},{"tin":{"type":"ein","value":"880313763"},"service_code":["11"],"billing_class":"professional","payments":[{"allowed_amount":97.82,"billing_code_modifier":[""],"providers":[{"billed_charge":225.00,"npi":[1730350398,1871655092]}]}]},{"tin":{"type":"ein","value":"880514820"},"service_code":["11"],"billing_class":"professional","payments":[{"allowed_amount":97.82,"billing_code_modifier":[""],"providers":[{"billed_charge":150.00,"npi":[1760671887]}]}]}]},{"name":"OFFICE\/OUTPATIENT ESTABLISHED MOD MDM 30-39 MIN","billing_code_type":"CPT","billing_code_type_version":"2020","billing_code":"99214","description":"OFFICE\/OUTPATIENT ESTABLISHED MOD MDM 30-39 MIN","allowed_amounts":[{"tin":{"type":"ein","value":"571207559"},"service_code":["11"],"billing_class":"professional","payments":[{"allowed_amount":138.32,"billing_code_modifier":[""],"providers":[{"billed_charge":278.00,"npi":[1659436038,1740531466,1780961102]},{"billed_charge":329.00,"npi":[1659436038,1740531466,1780961102]}]},{"allowed_amount":138.32,"billing_code_modifier":[""],"providers":[{"billed_charge":278.00,"npi":[1659436038,1740531466,1780961102]},{"billed_charge":329.00,"npi":[1659436038,1740531466,1780961102]}]}]},{"tin":{"type":"ein","value":"571207559"},"service_code":["11"],"billing_class":"professional","payments":[{"allowed_amount":138.32,"billing_code_modifier":[""],"providers":[{"billed_charge":278.00,"npi":[1659436038,1740531466,1780961102]},{"billed_charge":329.00,"npi":[1659436038,1740531466,1780961102]}]},{"allowed_amount":138.32,"billing_code_modifier":[""],"providers":[{"billed_charge":278.00,"npi":[1659436038,1740531466,1780961102]},{"billed_charge":329.00,"npi":[1659436038,1740531466,1780961102]}]}]},{"tin":{"type":"ein","value":"870372919"},"service_code":["11"],"billing_class":"professional","payments":[{"allowed_amount":138.32,"billing_code_modifier":[""],"providers":[{"billed_charge":521.43,"npi":[1235672817,1295126621]}]}]}]},{"name":"OFFICE\/OUTPATIENT ESTABLISHED SF MDM 10-19 MIN","billing_code_type":"CPT","billing_code_type_version":"2020","billing_code":"99212","description":"OFFICE\/OUTPATIENT ESTABLISHED SF MDM 10-19 MIN","allowed_amounts":[{"tin":{"type":"ein","value":"571207559"},"service_code":["11"],"billing_class":"professional","payments":[{"allowed_amount":61.31,"billing_code_modifier":[""],"providers":[{"billed_charge":126.00,"npi":[1740531466,1770981839,1780961102]},{"billed_charge":144.00,"npi":[1770981839,1780961102]}]},{"allowed_amount":61.31,"billing_code_modifier":[""],"providers":[{"billed_charge":126.00,"npi":[1740531466,1770981839,1780961102]},{"billed_charge":144.00,"npi":[1770981839,1780961102]}]}]},{"tin":{"type":"ein","value":"571207559"},"service_code":["11"],"billing_class":"professional","payments":[{"allowed_amount":61.31,"billing_code_modifier":[""],"providers":[{"billed_charge":126.00,"npi":[1740531466,1770981839,1780961102]},{"billed_charge":144.00,"npi":[1770981839,1780961102]}]},{"allowed_amount":61.31,"billing_code_modifier":[""],"providers":[{"billed_charge":126.00,"npi":[1740531466,1770981839,1780961102]},{"billed_charge":144.00,"npi":[1770981839,1780961102]}]}]},{"tin":{"type":"ein","value":"860857176"},"service_code":["10"],"billing_class":"professional","payments":[{"allowed_amount":61.31,"billing_code_modifier":[""],"providers":[{"billed_charge":167.00,"npi":[1316174006,1326292624,1417424243,1790329407]}]}]}]},{"name":"PSYCHIATRIC\/PSYCHOLOGICAL SVCS: PARTIAL HOSP - INT","billing_code_type":"RC","billing_code_type_version":"UB04","billing_code":"0913","description":"PSYCHIATRIC\/PSYCHOLOGICAL SVCS: PARTIAL HOSP - INT","allowed_amounts":[{"tin":{"type":"ein","value":"204772878"},"service_code":["22"],"billing_class":"institutional","payments":[{"allowed_amount":1000.00,"billing_code_modifier":[""],"providers":[{"billed_charge":1000.00,"npi":[1215123567,1578662508]}]}]}]},{"name":"PSYCHIATRIC\/PSYCHOLOGICAL TRT: INTENSIVE OUTPATIEN","billing_code_type":"RC","billing_code_type_version":"UB04","billing_code":"0905","description":"PSYCHIATRIC\/PSYCHOLOGICAL TRT: INTENSIVE OUTPATIEN","allowed_amounts":[{"tin":{"type":"ein","value":"204772878"},"service_code":["22"],"billing_class":"institutional","payments":[{"allowed_amount":1000.00,"billing_code_modifier":[""],"providers":[{"billed_charge":1000.00,"npi":[1215123567,1578662508]}]}]}]},{"name":"RESIDENTIAL TREATMENT-CHEMICAL DEPENDENCY","billing_code_type":"RC","billing_code_type_version":"UB04","billing_code":"1002","description":"RESIDENTIAL TREATMENT-CHEMICAL DEPENDENCY","allowed_amounts":[{"tin":{"type":"ein","value":"862896887"},"service_code":["21"],"billing_class":"institutional","payments":[{"allowed_amount":1052.50,"billing_code_modifier":[""],"providers":[{"billed_charge":4500.00,"npi":[1699906750,1952975310]}]}]}]},{"name":"RESIDENTIAL TREATMENT-PSYCHIATRIC","billing_code_type":"RC","billing_code_type_version":"UB04","billing_code":"1001","description":"RESIDENTIAL TREATMENT-PSYCHIATRIC","allowed_amounts":[{"tin":{"type":"ein","value":"204772878"},"service_code":["21"],"billing_class":"institutional","payments":[{"allowed_amount":2000.00,"billing_code_modifier":[""],"providers":[{"billed_charge":2000.00,"npi":[1215123567,1578662508]}]}]},{"tin":{"type":"ein","value":"263072065"},"service_code":["21"],"billing_class":"institutional","payments":[{"allowed_amount":963.53,"billing_code_modifier":[""],"providers":[{"billed_charge":3500.00,"npi":[1497319214]}]}]},{"tin":{"type":"ein","value":"881608497"},"service_code":["21"],"billing_class":"institutional","payments":[{"allowed_amount":978.38,"billing_code_modifier":[""],"providers":[{"billed_charge":6000.00,"npi":[1184932782,1437894904]}]}]},{"tin":{"type":"ein","value":"881608497"},"service_code":["21"],"billing_class":"institutional","payments":[{"allowed_amount":2712.00,"billing_code_modifier":[""],"providers":[{"billed_charge":6000.00,"npi":[1184932782,1437894904]}]}]}]},{"name":"SYPHILIS TEST NON-TREPONEMAL ANTIBODY QUAL","billing_code_type":"CPT","billing_code_type_version":"2020","billing_code":"86592","description":"SYPHILIS TEST NON-TREPONEMAL ANTIBODY QUAL","allowed_amounts":[{"tin":{"type":"ein","value":"571207559"},"service_code":["11"],"billing_class":"professional","payments":[{"allowed_amount":4.70,"billing_code_modifier":[""],"providers":[{"billed_charge":47.00,"npi":[1659436038,1740531466,1770981839,1780961102]},{"billed_charge":49.00,"npi":[1740531466,1770981839,1780961102]}]},{"allowed_amount":4.70,"billing_code_modifier":[""],"providers":[{"billed_charge":47.00,"npi":[1659436038,1740531466,1770981839,1780961102]},{"billed_charge":49.00,"npi":[1740531466,1770981839,1780961102]}]}]},{"tin":{"type":"ein","value":"571207559"},"service_code":["11"],"billing_class":"professional","payments":[{"allowed_amount":4.70,"billing_code_modifier":[""],"providers":[{"billed_charge":47.00,"npi":[1659436038,1740531466,1770981839,1780961102]},{"billed_charge":49.00,"npi":[1740531466,1770981839,1780961102]}]},{"allowed_amount":4.70,"billing_code_modifier":[""],"providers":[{"billed_charge":47.00,"npi":[1659436038,1740531466,1770981839,1780961102]},{"billed_charge":49.00,"npi":[1740531466,1770981839,1780961102]}]}]},{"tin":{"type":"ein","value":"840611484"},"service_code":["81"],"billing_class":"professional","payments":[{"allowed_amount":4.70,"billing_code_modifier":[""],"providers":[{"billed_charge":39.00,"npi":[1568961514,1740262880]}]}]}]},{"name":"URNLS DIP STICK\/TABLET RGNT AUTO W\/O MICROSCOPY","billing_code_type":"CPT","billing_code_type_version":"2020","billing_code":"81003","description":"URNLS DIP STICK\/TABLET RGNT AUTO W\/O MICROSCOPY","allowed_amounts":[{"tin":{"type":"ein","value":"571207559"},"service_code":["11"],"billing_class":"professional","payments":[{"allowed_amount":2.48,"billing_code_modifier":[""],"providers":[{"billed_charge":18.00,"npi":[1659436038,1740531466,1770981839,1780961102]}]}]}]}]}
