{"reporting_entity_name": "IEC Group_DBA AmeriBen",
	"reporting_entity_type": "Third Party Administrator",
	"plan_name": "CLASSIC AIRE CARE INC",
	"plan_id_type": "ein",
	"plan_id": "364382268",
	"plan_market_type": "group",
	"last_updated_on": "2022-08-01","Version": "1.0.0","out_of_network":[{"name":"GLUCOSE QUANTITATIVE BLOOD XCPT REAGENT STRIP","billing_code_type":"CPT","billing_code_type_version":"2020","billing_code":"82947","description":"GLUCOSE QUANTITATIVE BLOOD XCPT REAGENT STRIP","allowed_amounts":[{"tin":{"type":"ein","value":"260230686"},"service_code":["21"],"billing_class":"professional","payments":[{"allowed_amount":5.50,"billing_code_modifier":[""],"providers":[{"billed_charge":26.00,"npi":[1427098169,1730105057,1811172349,1881006435]}]}]}]}]}
