{"reporting_entity_name": "IEC Group_DBA AmeriBen",
	"reporting_entity_type": "Third Party Administrator",
	"plan_name": "AK-CHIN INDIAN COMMUNITY/FARMS",
	"plan_id_type": "ein",
	"plan_id": "860148433",
	"plan_market_type": "group",
	"last_updated_on": "2022-06-28","Version": "1.0.0","out_of_network":[{"name":"CHIROPRACTIC MANIPULATIVE TX SPINAL 3-4 REGIONS","billing_code_type":"CPT","billing_code_type_version":"2020","billing_code":"98941","description":"CHIROPRACTIC MANIPULATIVE TX SPINAL 3-4 REGIONS","allowed_amounts":[{"tin":{"type":"ein","value":"464712771"},"service_code":["11"],"billing_class":"professional","payments":[{"allowed_amount":41.43,"billing_code_modifier":[""],"providers":[{"billed_charge":70.00,"npi":[1831536689,1992726616]}]}]},{"tin":{"type":"ein","value":"813217192"},"service_code":["11"],"billing_class":"professional","payments":[{"allowed_amount":41.43,"billing_code_modifier":[""],"providers":[{"billed_charge":66.01,"npi":[1326491408,1396955464]}]}]}]},{"name":"EMERGENCY DEPARTMENT VISIT MODERATE SEVERITY","billing_code_type":"CPT","billing_code_type_version":"2020","billing_code":"99283","description":"EMERGENCY DEPARTMENT VISIT MODERATE SEVERITY","allowed_amounts":[{"tin":{"type":"ein","value":"823394691"},"service_code":["23"],"billing_class":"professional","payments":[{"allowed_amount":114.50,"billing_code_modifier":[""],"providers":[{"billed_charge":1316.28,"npi":[1023090099,1154898435,1164465209,1467460766,1689170813,1932426012]}]}]}]},{"name":"INF AGT DET DNA\/RNA;SARS-COV-2 COVID-19 AMP P T","billing_code_type":"HCPCS","billing_code_type_version":"HCPCS LEVEL II 2021","billing_code":"U0003","description":"INF AGT DET DNA\/RNA;SARS-COV-2 COVID-19 AMP P T","allowed_amounts":[{"tin":{"type":"ein","value":"621433252"},"service_code":["81"],"billing_class":"professional","payments":[{"allowed_amount":87.50,"billing_code_modifier":[""],"providers":[{"billed_charge":125.00,"npi":[1083703045,1689639544]}]}]}]}]}
