{"reporting_entity_name": "IEC Group_DBA AmeriBen",
	"reporting_entity_type": "Third Party Administrator",
	"plan_name": "THE TIMKEN COMPANY",
	"plan_id_type": "ein",
	"plan_id": "340577130",
	"plan_market_type": "group",
	"last_updated_on": "2025-08-01","Version": "1.0.0","out_of_network":[{"name":"COMPREHENSIVE METABOLIC PANEL","billing_code_type":"CPT","billing_code_type_version":"2020","billing_code":"80053","description":"COMPREHENSIVE METABOLIC PANEL","allowed_amounts":[{"tin":{"type":"ein","value":"463599411"},"service_code":["21","23"],"billing_class":"professional","payments":[{"allowed_amount":0.00,"billing_code_modifier":[""],"providers":[{"billed_charge":19.55,"npi":[1184851305,1225310675,1336300177,1528386604,1558548156,1821520628]}]}]},{"tin":{"type":"ein","value":"883286578"},"service_code":["81"],"billing_class":"professional","payments":[{"allowed_amount":0.00,"billing_code_modifier":[""],"providers":[{"billed_charge":74.25,"npi":[1366150773,1558767392]}]}]}]},{"name":"DRUG TST PRSMV INSTRMNT CHEM ANALYZERS PR DATE","billing_code_type":"CPT","billing_code_type_version":"2020","billing_code":"80307","description":"DRUG TST PRSMV INSTRMNT CHEM ANALYZERS PR DATE","allowed_amounts":[{"tin":{"type":"ein","value":"821238389"},"service_code":["11"],"billing_class":"professional","payments":[{"allowed_amount":27.96,"billing_code_modifier":[""],"providers":[{"billed_charge":125.00,"npi":[1114145554,1538682216,1649928805]}]}]}]},{"name":"IADNA NOS AMPLIFIED PROBE TQ EACH ORGANISM","billing_code_type":"CPT","billing_code_type_version":"2020","billing_code":"87798","description":"IADNA NOS AMPLIFIED PROBE TQ EACH ORGANISM","allowed_amounts":[{"tin":{"type":"ein","value":"223510467"},"service_code":["81"],"billing_class":"professional","payments":[{"allowed_amount":24.56,"billing_code_modifier":[""],"providers":[{"billed_charge":50.00,"npi":[1649404070,1750373908]}]}]}]},{"name":"PARTIAL HOSPITALIZATION SERV","billing_code_type":"HCPCS","billing_code_type_version":"HCPCS LEVEL II 2021","billing_code":"S0201","description":"PARTIAL HOSPITALIZATION SERV","allowed_amounts":[{"tin":{"type":"ein","value":"464555080"},"service_code":["22"],"billing_class":"institutional","payments":[{"allowed_amount":444.68,"billing_code_modifier":[""],"providers":[{"billed_charge":2500.00,"npi":[1174914048]}]}]}]},{"name":"RESIDENTIAL TREATMENT-CHEMICAL DEPENDENCY","billing_code_type":"RC","billing_code_type_version":"UB04","billing_code":"1002","description":"RESIDENTIAL TREATMENT-CHEMICAL DEPENDENCY","allowed_amounts":[{"tin":{"type":"ein","value":"874570177"},"service_code":["21"],"billing_class":"institutional","payments":[{"allowed_amount":1688.31,"billing_code_modifier":[""],"providers":[{"billed_charge":7000.00,"npi":[1164176913]}]}]}]},{"name":"THERAPEUT ACTVITY DIRECT PT CONTACT EACH 15 MIN","billing_code_type":"CPT","billing_code_type_version":"2020","billing_code":"97530","description":"THERAPEUT ACTVITY DIRECT PT CONTACT EACH 15 MIN","allowed_amounts":[{"tin":{"type":"ein","value":"582634882"},"service_code":["12"],"billing_class":"professional","payments":[{"allowed_amount":144.08,"billing_code_modifier":[""],"providers":[{"billed_charge":400.00,"npi":[1215440599,1669714010,1891779096]}]}]}]}]}
