{"reporting_entity_name": "IEC Group_DBA AmeriBen",
	"reporting_entity_type": "Third Party Administrator",
	"plan_name": "MONTEREY MUSHROOMS LLC",
	"plan_id_type": "ein",
	"plan_id": "770185497",
	"plan_market_type": "group",
	"last_updated_on": "2023-12-01","Version": "1.0.0","out_of_network":[{"name":"BODY MASS INDEX DOCUMENTED","billing_code_type":"CPT","billing_code_type_version":"2020","billing_code":"3008F","description":"BODY MASS INDEX DOCUMENTED","allowed_amounts":[{"tin":{"type":"ein","value":"010640237"},"service_code":["11"],"billing_class":"professional","payments":[{"allowed_amount":0.01,"billing_code_modifier":[""],"providers":[{"billed_charge":0.01,"npi":[1447910062,1740206127]}]}]},{"tin":{"type":"ein","value":"263021328"},"service_code":["11"],"billing_class":"professional","payments":[{"allowed_amount":0.01,"billing_code_modifier":[""],"providers":[{"billed_charge":0.01,"npi":[1164880761,1184840803]}]}]},{"tin":{"type":"ein","value":"760314833"},"service_code":["11"],"billing_class":"professional","payments":[{"allowed_amount":0.01,"billing_code_modifier":[""],"providers":[{"billed_charge":0.01,"npi":[1144666785,1275767899,1679515076,1952474603]}]}]}]},{"name":"ECG ROUTINE ECG W\/LEAST 12 LDS I&R ONLY","billing_code_type":"CPT","billing_code_type_version":"2020","billing_code":"93010","description":"ECG ROUTINE ECG W\/LEAST 12 LDS I&R ONLY","allowed_amounts":[{"tin":{"type":"ein","value":"200642634"},"service_code":["23"],"billing_class":"professional","payments":[{"allowed_amount":10.15,"billing_code_modifier":[""],"providers":[{"billed_charge":94.00,"npi":[1497871628,1558526350,1831142769]}]}]},{"tin":{"type":"ein","value":"741282696"},"service_code":["21"],"billing_class":"professional","payments":[{"allowed_amount":10.15,"billing_code_modifier":[""],"providers":[{"billed_charge":52.00,"npi":[1376078915,1669557179,1740258508,1942294939]}]}]},{"tin":{"type":"ein","value":"841832545"},"service_code":["23"],"billing_class":"professional","payments":[{"allowed_amount":10.15,"billing_code_modifier":[""],"providers":[{"billed_charge":110.00,"npi":[1083146963,1114248614,1114965233,1679553820,1689650616,1710314141,1801458708,1912190729,1942208616]}]}]}]},{"name":"EMERGENCY DEPARTMENT VISIT MODERATE MDM","billing_code_type":"CPT","billing_code_type_version":"2020","billing_code":"99284","description":"EMERGENCY DEPARTMENT VISIT MODERATE MDM","allowed_amounts":[{"tin":{"type":"ein","value":"465400615"},"service_code":["23"],"billing_class":"professional","payments":[{"allowed_amount":127.00,"billing_code_modifier":[""],"providers":[{"billed_charge":1123.00,"npi":[1164438867,1225464860,1245878990,1255533410,1447570098,1518903640,1750790762,1922038223]}]}]},{"tin":{"type":"ein","value":"841832545"},"service_code":["23"],"billing_class":"professional","payments":[{"allowed_amount":127.00,"billing_code_modifier":[""],"providers":[{"billed_charge":1289.00,"npi":[1437129079,1801458708,1811290448,1942208616]}]}]}]},{"name":"EMERGENCY ROOM","billing_code_type":"RC","billing_code_type_version":"UB04","billing_code":"0450","description":"EMERGENCY ROOM","allowed_amounts":[{"tin":{"type":"ein","value":"742761145"},"service_code":["23"],"billing_class":"institutional","payments":[{"allowed_amount":780.93,"billing_code_modifier":[""],"providers":[{"billed_charge":1611.00,"npi":[1467956995,1487675260,1619923364,1780731737,1841296423,1932177474,1972943231]},{"billed_charge":1675.44,"npi":[1073579314,1780731737,1932177474,1972943231]}]},{"allowed_amount":780.93,"billing_code_modifier":[""],"providers":[{"billed_charge":1611.00,"npi":[1467956995,1487675260,1619923364,1780731737,1841296423,1932177474,1972943231]},{"billed_charge":1675.44,"npi":[1073579314,1780731737,1932177474,1972943231]}]}]},{"tin":{"type":"ein","value":"742761145"},"service_code":["23"],"billing_class":"institutional","payments":[{"allowed_amount":780.93,"billing_code_modifier":[""],"providers":[{"billed_charge":1611.00,"npi":[1467956995,1487675260,1619923364,1780731737,1841296423,1932177474,1972943231]},{"billed_charge":1675.44,"npi":[1073579314,1780731737,1932177474,1972943231]}]},{"allowed_amount":780.93,"billing_code_modifier":[""],"providers":[{"billed_charge":1611.00,"npi":[1467956995,1487675260,1619923364,1780731737,1841296423,1932177474,1972943231]},{"billed_charge":1675.44,"npi":[1073579314,1780731737,1932177474,1972943231]}]}]},{"tin":{"type":"ein","value":"843654542"},"service_code":["23"],"billing_class":"institutional","payments":[{"allowed_amount":780.93,"billing_code_modifier":[""],"providers":[{"billed_charge":1385.89,"npi":[1225464860,1245878990,1316357270,1447570098]}]}]}]},{"name":"LABORATORY - CLINICAL DIAGNOSTIC","billing_code_type":"RC","billing_code_type_version":"UB04","billing_code":"0300","description":"LABORATORY - CLINICAL DIAGNOSTIC","allowed_amounts":[{"tin":{"type":"ein","value":"362167785"},"service_code":["22"],"billing_class":"institutional","payments":[{"allowed_amount":7.10,"billing_code_modifier":[""],"providers":[{"billed_charge":35.00,"npi":[1184187767,1376566539,1376643007,1609803113,1629288659,1871708222,1962175562]}]}]},{"tin":{"type":"ein","value":"362167785"},"service_code":["22"],"billing_class":"institutional","payments":[{"allowed_amount":68.99,"billing_code_modifier":[""],"providers":[{"billed_charge":340.00,"npi":[1184187767,1306216098,1336148659,1376643007,1508319914,1609803113,1659772242,1962175562]}]}]}]},{"name":"OFFICE\/OUTPATIENT ESTABLISHED LOW MDM 20-29 MIN","billing_code_type":"CPT","billing_code_type_version":"2020","billing_code":"99213","description":"OFFICE\/OUTPATIENT ESTABLISHED LOW MDM 20-29 MIN","allowed_amounts":[{"tin":{"type":"ein","value":"205572694"},"service_code":["11"],"billing_class":"professional","payments":[{"allowed_amount":101.51,"billing_code_modifier":[""],"providers":[{"billed_charge":160.00,"npi":[1598746554]}]}]},{"tin":{"type":"ein","value":"237428303"},"service_code":["02"],"billing_class":"professional","payments":[{"allowed_amount":119.69,"billing_code_modifier":[""],"providers":[{"billed_charge":163.00,"npi":[1861704298,1952749541]}]}]},{"tin":{"type":"ein","value":"261960445"},"service_code":["11"],"billing_class":"professional","payments":[{"allowed_amount":119.69,"billing_code_modifier":[""],"providers":[{"billed_charge":150.00,"npi":[1427067768,1619263712]}]}]},{"tin":{"type":"ein","value":"342036638"},"service_code":["11"],"billing_class":"professional","payments":[{"allowed_amount":117.67,"billing_code_modifier":[""],"providers":[{"billed_charge":170.00,"npi":[1477511178,1871687301]}]}]},{"tin":{"type":"ein","value":"352401992"},"service_code":["02","11"],"billing_class":"professional","payments":[{"allowed_amount":117.67,"billing_code_modifier":[""],"providers":[{"billed_charge":166.88,"npi":[1093158347,1134126329,1144227372,1487682845]}]}]},{"tin":{"type":"ein","value":"452535719"},"service_code":["02"],"billing_class":"professional","payments":[{"allowed_amount":101.51,"billing_code_modifier":[""],"providers":[{"billed_charge":182.00,"npi":[1386681310,1629356969]}]}]},{"tin":{"type":"ein","value":"620544855"},"service_code":["11"],"billing_class":"professional","payments":[{"allowed_amount":101.51,"billing_code_modifier":[""],"providers":[{"billed_charge":265.25,"npi":[1013916691,1366441370,1376192286,1558995399,1609954569,1649654385,1730641614,1881951994]}]}]},{"tin":{"type":"ein","value":"621867833"},"service_code":["11"],"billing_class":"professional","payments":[{"allowed_amount":101.51,"billing_code_modifier":[""],"providers":[{"billed_charge":151.00,"npi":[1457363384,1629097738,1689055774]}]}]},{"tin":{"type":"ein","value":"770360380"},"service_code":["11"],"billing_class":"professional","payments":[{"allowed_amount":117.67,"billing_code_modifier":[""],"providers":[{"billed_charge":135.00,"npi":[1164425757,1275695678,1447563705,1538264080,1588754634]}]}]},{"tin":{"type":"ein","value":"770439213"},"service_code":["11"],"billing_class":"professional","payments":[{"allowed_amount":119.69,"billing_code_modifier":[""],"providers":[{"billed_charge":147.00,"npi":[1134122922,1194456004,1568465466]}]}]},{"tin":{"type":"ein","value":"770587038"},"service_code":["11"],"billing_class":"professional","payments":[{"allowed_amount":119.69,"billing_code_modifier":[""],"providers":[{"billed_charge":120.00,"npi":[1871715938,1932309770]}]}]},{"tin":{"type":"ein","value":"941156581"},"service_code":["02","11"],"billing_class":"professional","payments":[{"allowed_amount":119.69,"billing_code_modifier":[""],"providers":[{"billed_charge":247.00,"npi":[1013950807,1083911135,1114038064,1386624989,1407836737,1487748927,1558865238]}]}]},{"tin":{"type":"ein","value":"942753417"},"service_code":["11"],"billing_class":"professional","payments":[{"allowed_amount":117.67,"billing_code_modifier":[""],"providers":[{"billed_charge":130.00,"npi":[1023192846,1235230624]}]}]}]},{"name":"OFFICE\/OUTPATIENT ESTABLISHED MOD MDM 30-39 MIN","billing_code_type":"CPT","billing_code_type_version":"2020","billing_code":"99214","description":"OFFICE\/OUTPATIENT ESTABLISHED MOD MDM 30-39 MIN","allowed_amounts":[{"tin":{"type":"ein","value":"264826604"},"service_code":["11"],"billing_class":"professional","payments":[{"allowed_amount":166.10,"billing_code_modifier":[""],"providers":[{"billed_charge":238.00,"npi":[1427463140,1770710709]}]}]},{"tin":{"type":"ein","value":"273401099"},"service_code":["20"],"billing_class":"professional","payments":[{"allowed_amount":143.92,"billing_code_modifier":[""],"providers":[{"billed_charge":203.00,"npi":[1114234382,1790404564]}]}]},{"tin":{"type":"ein","value":"352401992"},"service_code":["11"],"billing_class":"professional","payments":[{"allowed_amount":166.10,"billing_code_modifier":[""],"providers":[{"billed_charge":249.85,"npi":[1093158347,1326477423,1710961552]}]}]},{"tin":{"type":"ein","value":"471388816"},"service_code":["11"],"billing_class":"professional","payments":[{"allowed_amount":166.10,"billing_code_modifier":[""],"providers":[{"billed_charge":250.00,"npi":[1770985582,1932341203]}]}]},{"tin":{"type":"ein","value":"620544855"},"service_code":["11"],"billing_class":"professional","payments":[{"allowed_amount":143.92,"billing_code_modifier":[""],"providers":[{"billed_charge":323.75,"npi":[1114405354,1366441370,1376192286,1558995399,1568460525,1649654385,1730641614]}]}]},{"tin":{"type":"ein","value":"621282917"},"service_code":["11"],"billing_class":"professional","payments":[{"allowed_amount":143.92,"billing_code_modifier":[""],"providers":[{"billed_charge":228.00,"npi":[1457302010,1689835944]}]}]},{"tin":{"type":"ein","value":"621766083"},"service_code":["11"],"billing_class":"professional","payments":[{"allowed_amount":143.92,"billing_code_modifier":[""],"providers":[{"billed_charge":164.00,"npi":[1477594521]}]}]},{"tin":{"type":"ein","value":"770360380"},"service_code":["02","11"],"billing_class":"professional","payments":[{"allowed_amount":166.10,"billing_code_modifier":[""],"providers":[{"billed_charge":170.00,"npi":[1144973249,1164425757,1538264080,1932335775]}]}]},{"tin":{"type":"ein","value":"770439213"},"service_code":["11"],"billing_class":"professional","payments":[{"allowed_amount":166.10,"billing_code_modifier":[""],"providers":[{"billed_charge":195.00,"npi":[1568465466,1619068103]}]}]},{"tin":{"type":"ein","value":"901118189"},"service_code":["02"],"billing_class":"professional","payments":[{"allowed_amount":166.10,"billing_code_modifier":[""],"providers":[{"billed_charge":200.00,"npi":[1447632773,1528448909,1578799193]}]}]},{"tin":{"type":"ein","value":"941156581"},"service_code":["02","11"],"billing_class":"professional","payments":[{"allowed_amount":168.71,"billing_code_modifier":[""],"providers":[{"billed_charge":364.00,"npi":[1013054378,1013176122,1013950807,1043362270,1053632356,1215269014,1275997512,1407836737,1659546893,1912907080,1982617890]}]}]}]},{"name":"OTHER THERAPEUTIC SERV: CARDIAC REHAB","billing_code_type":"RC","billing_code_type_version":"UB04","billing_code":"0943","description":"OTHER THERAPEUTIC SERV: CARDIAC REHAB","allowed_amounts":[{"tin":{"type":"ein","value":"362167884"},"service_code":["22"],"billing_class":"institutional","payments":[{"allowed_amount":152.54,"billing_code_modifier":[""],"providers":[{"billed_charge":273.00,"npi":[1861494072,1972562643]}]}]},{"tin":{"type":"ein","value":"370813229"},"service_code":["22"],"billing_class":"institutional","payments":[{"allowed_amount":29.48,"billing_code_modifier":[""],"providers":[{"billed_charge":256.00,"npi":[1093308439,1972562643]}]}]}]},{"name":"RADIOLOGIC EXAM COMPLETE ACUTE ABDOMEN SERIES","billing_code_type":"CPT","billing_code_type_version":"2020","billing_code":"74022","description":"RADIOLOGIC EXAM COMPLETE ACUTE ABDOMEN SERIES","allowed_amounts":[{"tin":{"type":"ein","value":"300976099"},"service_code":["21"],"billing_class":"professional","payments":[{"allowed_amount":18.34,"billing_code_modifier":[""],"providers":[{"billed_charge":40.00,"npi":[1053765537,1063685873,1235365347,1285688572,1457824013,1518352269,1568632263,1699734665,1750536702,1922009570]}]}]}]},{"name":"RESIDENTIAL TREATMENT-CHEMICAL DEPENDENCY","billing_code_type":"RC","billing_code_type_version":"UB04","billing_code":"1002","description":"RESIDENTIAL TREATMENT-CHEMICAL DEPENDENCY","allowed_amounts":[{"tin":{"type":"ein","value":"863705984"},"service_code":["21"],"billing_class":"institutional","payments":[{"allowed_amount":1638.14,"billing_code_modifier":[""],"providers":[{"billed_charge":4340.00,"npi":[1508082447,1558027482]}]}]}]}]}
