{"reporting_entity_name": "IEC Group_DBA AmeriBen",
	"reporting_entity_type": "Third Party Administrator",
	"plan_name": "MONTEREY MUSHROOMS LLC",
	"plan_id_type": "ein",
	"plan_id": "770185497",
	"plan_market_type": "group",
	"last_updated_on": "2023-06-01","Version": "1.0.0","out_of_network":[{"name":"BLOOD COUNT COMPLETE AUTO&AUTO DIFRNTL WBC","billing_code_type":"CPT","billing_code_type_version":"2020","billing_code":"85025","description":"BLOOD COUNT COMPLETE AUTO&AUTO DIFRNTL WBC","allowed_amounts":[{"tin":{"type":"ein","value":"741718997"},"service_code":["22"],"billing_class":"professional","payments":[{"allowed_amount":9.31,"billing_code_modifier":[""],"providers":[{"billed_charge":13.60,"npi":[1083980098,1386714871,1548549066,1871630509]}]}]}]},{"name":"COLLECTION VENOUS BLOOD VENIPUNCTURE","billing_code_type":"CPT","billing_code_type_version":"2020","billing_code":"36415","description":"COLLECTION VENOUS BLOOD VENIPUNCTURE","allowed_amounts":[{"tin":{"type":"ein","value":"741718997"},"service_code":["22"],"billing_class":"professional","payments":[{"allowed_amount":3.63,"billing_code_modifier":[""],"providers":[{"billed_charge":5.30,"npi":[1083980098,1386714871,1548549066,1871630509]}]}]}]},{"name":"EMERGENCY ROOM","billing_code_type":"RC","billing_code_type_version":"UB04","billing_code":"0450","description":"EMERGENCY ROOM","allowed_amounts":[{"tin":{"type":"ein","value":"742761145"},"service_code":["23"],"billing_class":"institutional","payments":[{"allowed_amount":1255.30,"billing_code_modifier":[""],"providers":[{"billed_charge":2808.00,"npi":[1194074112,1316357270,1467956995,1487015608,1669671657,1780731737,1932177474]}]}]},{"tin":{"type":"ein","value":"843654542"},"service_code":["23"],"billing_class":"institutional","payments":[{"allowed_amount":1255.30,"billing_code_modifier":[""],"providers":[{"billed_charge":2474.81,"npi":[1073530960,1245878990,1255533410]}]}]}]},{"name":"GLUCOSE QUANTITATIVE BLOOD XCPT REAGENT STRIP","billing_code_type":"CPT","billing_code_type_version":"2020","billing_code":"82947","description":"GLUCOSE QUANTITATIVE BLOOD XCPT REAGENT STRIP","allowed_amounts":[{"tin":{"type":"ein","value":"741718997"},"service_code":["22"],"billing_class":"professional","payments":[{"allowed_amount":4.72,"billing_code_modifier":[""],"providers":[{"billed_charge":6.90,"npi":[1083980098,1386714871,1548549066,1871630509]}]}]}]},{"name":"HEMOGLOBIN GLYCOSYLATED A1C","billing_code_type":"CPT","billing_code_type_version":"2020","billing_code":"83036","description":"HEMOGLOBIN GLYCOSYLATED A1C","allowed_amounts":[{"tin":{"type":"ein","value":"941156581"},"service_code":["11"],"billing_class":"professional","payments":[{"allowed_amount":11.65,"billing_code_modifier":[""],"providers":[{"billed_charge":58.00,"npi":[1013950807,1043309354,1235225558,1275997512,1407836737]},{"billed_charge":61.00,"npi":[1013176122,1013950807,1235225558,1407836737]}]},{"allowed_amount":11.65,"billing_code_modifier":[""],"providers":[{"billed_charge":58.00,"npi":[1013950807,1043309354,1235225558,1275997512,1407836737]},{"billed_charge":61.00,"npi":[1013176122,1013950807,1235225558,1407836737]}]}]},{"tin":{"type":"ein","value":"941156581"},"service_code":["11"],"billing_class":"professional","payments":[{"allowed_amount":11.65,"billing_code_modifier":[""],"providers":[{"billed_charge":58.00,"npi":[1013950807,1043309354,1235225558,1275997512,1407836737]},{"billed_charge":61.00,"npi":[1013176122,1013950807,1235225558,1407836737]}]},{"allowed_amount":11.65,"billing_code_modifier":[""],"providers":[{"billed_charge":58.00,"npi":[1013950807,1043309354,1235225558,1275997512,1407836737]},{"billed_charge":61.00,"npi":[1013176122,1013950807,1235225558,1407836737]}]}]},{"tin":{"type":"ein","value":"951750445"},"service_code":["81"],"billing_class":"professional","payments":[{"allowed_amount":11.65,"billing_code_modifier":[""],"providers":[{"billed_charge":60.00,"npi":[1073002101,1396287082]}]}]}]},{"name":"LABORATORY - CLINICAL DIAGNOSTIC","billing_code_type":"RC","billing_code_type_version":"UB04","billing_code":"0300","description":"LABORATORY - CLINICAL DIAGNOSTIC","allowed_amounts":[{"tin":{"type":"ein","value":"946034863"},"service_code":["22"],"billing_class":"institutional","payments":[{"allowed_amount":4.71,"billing_code_modifier":[""],"providers":[{"billed_charge":25.00,"npi":[1275578817,1649779109]}]}]}]},{"name":"OFFICE\/OUTPATIENT ESTABLISHED LOW MDM 20-29 MIN","billing_code_type":"CPT","billing_code_type_version":"2020","billing_code":"99213","description":"OFFICE\/OUTPATIENT ESTABLISHED LOW MDM 20-29 MIN","allowed_amounts":[{"tin":{"type":"ein","value":"621867833"},"service_code":["11"],"billing_class":"professional","payments":[{"allowed_amount":102.71,"billing_code_modifier":[""],"providers":[{"billed_charge":151.00,"npi":[1164415576,1629097738,1689055774]}]}]},{"tin":{"type":"ein","value":"690000247"},"service_code":["11"],"billing_class":"professional","payments":[{"allowed_amount":102.71,"billing_code_modifier":[""],"providers":[{"billed_charge":105.00,"npi":[1891720462,1982051298]}]}]},{"tin":{"type":"ein","value":"620544855"},"service_code":["11"],"billing_class":"professional","payments":[{"allowed_amount":102.71,"billing_code_modifier":[""],"providers":[{"billed_charge":258.68,"npi":[1013916691,1376192286,1508865445,1558995399,1609954569,1649654385,1881951994]}]}]},{"tin":{"type":"ein","value":"941156581"},"service_code":["02","11","20"],"billing_class":"professional","payments":[{"allowed_amount":121.94,"billing_code_modifier":[""],"providers":[{"billed_charge":247.00,"npi":[1013176122,1013950807,1114038064,1144548462,1144607466,1407836737,1639505175]},{"billed_charge":240.00,"npi":[1013176122,1013950807,1144607466,1306816277,1326238643,1477767648,1639505175,1649366691,1669528758,1891159984,1962793331]}]},{"allowed_amount":121.94,"billing_code_modifier":[""],"providers":[{"billed_charge":247.00,"npi":[1013176122,1013950807,1114038064,1144548462,1144607466,1407836737,1639505175]},{"billed_charge":240.00,"npi":[1013176122,1013950807,1144607466,1306816277,1326238643,1477767648,1639505175,1649366691,1669528758,1891159984,1962793331]}]}]},{"tin":{"type":"ein","value":"941156581"},"service_code":["11","20"],"billing_class":"professional","payments":[{"allowed_amount":121.94,"billing_code_modifier":[""],"providers":[{"billed_charge":247.00,"npi":[1013176122,1013950807,1114038064,1144548462,1144607466,1407836737,1639505175]},{"billed_charge":240.00,"npi":[1013176122,1013950807,1144607466,1306816277,1326238643,1477767648,1639505175,1649366691,1669528758,1891159984,1962793331]}]},{"allowed_amount":121.94,"billing_code_modifier":[""],"providers":[{"billed_charge":247.00,"npi":[1013176122,1013950807,1114038064,1144548462,1144607466,1407836737,1639505175]},{"billed_charge":240.00,"npi":[1013176122,1013950807,1144607466,1306816277,1326238643,1477767648,1639505175,1649366691,1669528758,1891159984,1962793331]}]}]},{"tin":{"type":"ein","value":"942705747"},"service_code":["02"],"billing_class":"professional","payments":[{"allowed_amount":121.94,"billing_code_modifier":[""],"providers":[{"billed_charge":193.95,"npi":[1275858409,1629269618]}]}]}]},{"name":"PSYCHIATRIC\/PSYCHOLOGICAL SVCS: PARTIAL HOSP - INT","billing_code_type":"RC","billing_code_type_version":"UB04","billing_code":"0913","description":"PSYCHIATRIC\/PSYCHOLOGICAL SVCS: PARTIAL HOSP - INT","allowed_amounts":[{"tin":{"type":"ein","value":"851683486"},"service_code":["99"],"billing_class":"institutional","payments":[{"allowed_amount":432.99,"billing_code_modifier":[""],"providers":[{"billed_charge":3495.00,"npi":[1992384663]}]}]}]},{"name":"RADIOLOGY - THERAPEUTIC: RADIATION THERAPY","billing_code_type":"RC","billing_code_type_version":"UB04","billing_code":"0333","description":"RADIOLOGY - THERAPEUTIC: RADIATION THERAPY","allowed_amounts":[{"tin":{"type":"ein","value":"741282696"},"service_code":["22"],"billing_class":"institutional","payments":[{"allowed_amount":769.64,"billing_code_modifier":[""],"providers":[{"billed_charge":6932.00,"npi":[1619355419,1942294939]}]}]}]},{"name":"RESIDENTIAL TREATMENT-CHEMICAL DEPENDENCY","billing_code_type":"RC","billing_code_type_version":"UB04","billing_code":"1002","description":"RESIDENTIAL TREATMENT-CHEMICAL DEPENDENCY","allowed_amounts":[{"tin":{"type":"ein","value":"863346171"},"service_code":["21"],"billing_class":"institutional","payments":[{"allowed_amount":4795.00,"billing_code_modifier":[""],"providers":[{"billed_charge":4795.00,"npi":[1518638964]}]}]}]},{"name":"SBSQ HOSPITAL IP\/OBS CARE HIGH MDM 50 MINUTES","billing_code_type":"CPT","billing_code_type_version":"2020","billing_code":"99233","description":"SBSQ HOSPITAL IP\/OBS CARE HIGH MDM 50 MINUTES","allowed_amounts":[{"tin":{"type":"ein","value":"941156581"},"service_code":["21"],"billing_class":"professional","payments":[{"allowed_amount":131.29,"billing_code_modifier":[""],"providers":[{"billed_charge":358.00,"npi":[1013950807,1275928764,1417391723,1427181007,1578735148,1588660401,1629129812,1790949618,1932189529]}]}]}]},{"name":"SBSQ HOSPITAL IP\/OBS CARE MOD MDM 35 MINUTES","billing_code_type":"CPT","billing_code_type_version":"2020","billing_code":"99232","description":"SBSQ HOSPITAL IP\/OBS CARE MOD MDM 35 MINUTES","allowed_amounts":[{"tin":{"type":"ein","value":"941156581"},"service_code":["21"],"billing_class":"professional","payments":[{"allowed_amount":91.32,"billing_code_modifier":[""],"providers":[{"billed_charge":247.00,"npi":[1013950807,1417391723,1427181007,1588644470,1629129812,1790949618,1932189529,1952796047]}]}]}]},{"name":"SBSQ HOSPITAL IP\/OBS CARE SF\/LOW MDM 25 MINUTES","billing_code_type":"CPT","billing_code_type_version":"2020","billing_code":"99231","description":"SBSQ HOSPITAL IP\/OBS CARE SF\/LOW MDM 25 MINUTES","allowed_amounts":[{"tin":{"type":"ein","value":"941156581"},"service_code":["21"],"billing_class":"professional","payments":[{"allowed_amount":49.22,"billing_code_modifier":[""],"providers":[{"billed_charge":136.00,"npi":[1013950807,1275928764,1427181007,1588644470]}]}]}]}]}
