{"reporting_entity_name": "IEC Group_DBA AmeriBen",
	"reporting_entity_type": "Third Party Administrator",
	"plan_name": "ROGERS",
	"plan_id_type": "ein",
	"plan_id": "581539550",
	"plan_market_type": "group",
	"last_updated_on": "2024-07-01","Version": "1.0.0","out_of_network":[{"name":"CCPD OPD\/HOME: CCPD COMP OR OTHER RATE","billing_code_type":"RC","billing_code_type_version":"UB04","billing_code":"0851","description":"CCPD OPD\/HOME: CCPD COMP OR OTHER RATE","allowed_amounts":[{"tin":{"type":"ein","value":"953372911"},"service_code":["65"],"billing_class":"institutional","payments":[{"allowed_amount":242.35,"billing_code_modifier":[""],"providers":[{"billed_charge":3374.00,"npi":[1174558753,1720538556]}]}]},{"tin":{"type":"ein","value":"953372911"},"service_code":["65"],"billing_class":"institutional","payments":[{"allowed_amount":259.42,"billing_code_modifier":[""],"providers":[{"billed_charge":3374.00,"npi":[1174558753,1720538556]}]}]},{"tin":{"type":"ein","value":"953372911"},"service_code":["65"],"billing_class":"institutional","payments":[{"allowed_amount":275.42,"billing_code_modifier":[""],"providers":[{"billed_charge":3374.00,"npi":[1174558753,1720538556]}]}]},{"tin":{"type":"ein","value":"953372911"},"service_code":["65"],"billing_class":"institutional","payments":[{"allowed_amount":275.43,"billing_code_modifier":[""],"providers":[{"billed_charge":3374.00,"npi":[1174558753,1720538556]},{"billed_charge":8007.00,"npi":[1174558753,1720538556]}]},{"allowed_amount":275.43,"billing_code_modifier":[""],"providers":[{"billed_charge":3374.00,"npi":[1174558753,1720538556]},{"billed_charge":8007.00,"npi":[1174558753,1720538556]}]}]},{"tin":{"type":"ein","value":"953372911"},"service_code":["65"],"billing_class":"institutional","payments":[{"allowed_amount":275.43,"billing_code_modifier":[""],"providers":[{"billed_charge":3374.00,"npi":[1174558753,1720538556]},{"billed_charge":8007.00,"npi":[1174558753,1720538556]}]},{"allowed_amount":275.43,"billing_code_modifier":[""],"providers":[{"billed_charge":3374.00,"npi":[1174558753,1720538556]},{"billed_charge":8007.00,"npi":[1174558753,1720538556]}]}]},{"tin":{"type":"ein","value":"953372911"},"service_code":["65"],"billing_class":"institutional","payments":[{"allowed_amount":319.04,"billing_code_modifier":[""],"providers":[{"billed_charge":3543.00,"npi":[1174558753,1720538556]}]}]},{"tin":{"type":"ein","value":"953372911"},"service_code":["65"],"billing_class":"institutional","payments":[{"allowed_amount":357.97,"billing_code_modifier":[""],"providers":[{"billed_charge":3374.00,"npi":[1174558753,1720538556]}]}]},{"tin":{"type":"ein","value":"953372911"},"service_code":["65"],"billing_class":"institutional","payments":[{"allowed_amount":365.32,"billing_code_modifier":[""],"providers":[{"billed_charge":3543.00,"npi":[1174558753,1720538556]}]}]}]},{"name":"MANUAL THERAPY TQS 1\/> REGIONS EACH 15 MINUTES","billing_code_type":"CPT","billing_code_type_version":"2020","billing_code":"97140","description":"MANUAL THERAPY TQS 1\/> REGIONS EACH 15 MINUTES","allowed_amounts":[{"tin":{"type":"ein","value":"834259014"},"service_code":["11"],"billing_class":"professional","payments":[{"allowed_amount":59.82,"billing_code_modifier":[""],"providers":[{"billed_charge":225.00,"npi":[1275978876,1447875497]}]}]}]},{"name":"OFFICE\/OUTPATIENT EST PT MAY NOT REQ PHYS\/QHP","billing_code_type":"CPT","billing_code_type_version":"2020","billing_code":"99211","description":"OFFICE\/OUTPATIENT EST PT MAY NOT REQ PHYS\/QHP","allowed_amounts":[{"tin":{"type":"ein","value":"834259014"},"service_code":["11"],"billing_class":"professional","payments":[{"allowed_amount":22.60,"billing_code_modifier":[""],"providers":[{"billed_charge":46.00,"npi":[1275978876,1447875497]}]}]}]},{"name":"RESIDENTIAL TREATMENT-PSYCHIATRIC","billing_code_type":"RC","billing_code_type_version":"UB04","billing_code":"1001","description":"RESIDENTIAL TREATMENT-PSYCHIATRIC","allowed_amounts":[{"tin":{"type":"ein","value":"871427350"},"service_code":["21"],"billing_class":"institutional","payments":[{"allowed_amount":3480.00,"billing_code_modifier":[""],"providers":[{"billed_charge":5800.00,"npi":[1801816764,1952047128]}]}]}]},{"name":"THERAPEUTIC PX 1\/> AREAS EACH 15 MIN EXERCISES","billing_code_type":"CPT","billing_code_type_version":"2020","billing_code":"97110","description":"THERAPEUTIC PX 1\/> AREAS EACH 15 MIN EXERCISES","allowed_amounts":[{"tin":{"type":"ein","value":"834259014"},"service_code":["11"],"billing_class":"professional","payments":[{"allowed_amount":25.55,"billing_code_modifier":[""],"providers":[{"billed_charge":75.00,"npi":[1275978876,1447875497]}]}]}]}]}
