{"reporting_entity_name": "IEC Group_DBA AmeriBen",
	"reporting_entity_type": "Third Party Administrator",
	"plan_name": "LOGAN ALUMINUM INC",
	"plan_id_type": "ein",
	"plan_id": "611064243",
	"plan_market_type": "group",
	"last_updated_on": "2024-07-01","Version": "1.0.0","out_of_network":[{"name":"CT HEAD\/BRAIN W\/O CONTRAST MATERIAL","billing_code_type":"CPT","billing_code_type_version":"2020","billing_code":"70450","description":"CT HEAD\/BRAIN W\/O CONTRAST MATERIAL","allowed_amounts":[{"tin":{"type":"ein","value":"621828139"},"service_code":["21"],"billing_class":"professional","payments":[{"allowed_amount":53.13,"billing_code_modifier":[""],"providers":[{"billed_charge":504.00,"npi":[1033389218,1083865976,1114152410,1184039885,1205923323,1396721106,1407830102,1457671760,1467568261,1487816948,1598898371,1619171279,1639226582,1659592236,1801089081,1811289135,1821060526,1841540457,1972650851]}]}]}]},{"name":"PHARMACY","billing_code_type":"RC","billing_code_type_version":"UB04","billing_code":"0250","description":"PHARMACY","allowed_amounts":[{"tin":{"type":"ein","value":"953372911"},"service_code":["65"],"billing_class":"institutional","payments":[{"allowed_amount":0.09,"billing_code_modifier":[""],"providers":[{"billed_charge":1.88,"npi":[1083969893,1538654876,1962195479]}]}]}]},{"name":"RADIOLOGIC EXAM CHEST SINGLE VIEW","billing_code_type":"CPT","billing_code_type_version":"2020","billing_code":"71045","description":"RADIOLOGIC EXAM CHEST SINGLE VIEW","allowed_amounts":[{"tin":{"type":"ein","value":"621828139"},"service_code":["21"],"billing_class":"professional","payments":[{"allowed_amount":11.47,"billing_code_modifier":[""],"providers":[{"billed_charge":139.00,"npi":[1013958883,1033389218,1073740890,1083865976,1114152410,1114952330,1457671760,1467568261,1639226582,1659592236,1699928150,1699938985,1801089081,1902801384]}]}]}]},{"name":"THERAPEUTIC PX 1\/> AREAS EACH 15 MIN EXERCISES","billing_code_type":"CPT","billing_code_type_version":"2020","billing_code":"97110","description":"THERAPEUTIC PX 1\/> AREAS EACH 15 MIN EXERCISES","allowed_amounts":[{"tin":{"type":"ein","value":"921013525"},"service_code":["02","12"],"billing_class":"professional","payments":[{"allowed_amount":76.08,"billing_code_modifier":[""],"providers":[{"billed_charge":250.00,"npi":[1689453748,1750648762]}]}]}]}]}
