{"reporting_entity_name": "IEC Group_DBA AmeriBen",
	"reporting_entity_type": "Third Party Administrator",
	"plan_name": "AHLSTROM-MUNKSJO",
	"plan_id_type": "ein",
	"plan_id": "133509370",
	"plan_market_type": "group",
	"last_updated_on": "2023-07-01","Version": "1.0.0","out_of_network":[{"name":"CHIROPRACTIC MANIPULATIVE TX SPINAL 1-2 REGIONS","billing_code_type":"CPT","billing_code_type_version":"2020","billing_code":"98940","description":"CHIROPRACTIC MANIPULATIVE TX SPINAL 1-2 REGIONS","allowed_amounts":[{"tin":{"type":"ein","value":"391501106"},"service_code":["11"],"billing_class":"professional","payments":[{"allowed_amount":21.59,"billing_code_modifier":[""],"providers":[{"billed_charge":40.00,"npi":[1306903810]}]}]},{"tin":{"type":"ein","value":"391987961"},"service_code":["11"],"billing_class":"professional","payments":[{"allowed_amount":21.59,"billing_code_modifier":[""],"providers":[{"billed_charge":60.00,"npi":[1730221250]},{"billed_charge":65.00,"npi":[1730221250]}]},{"allowed_amount":21.59,"billing_code_modifier":[""],"providers":[{"billed_charge":60.00,"npi":[1730221250]},{"billed_charge":65.00,"npi":[1730221250]}]}]},{"tin":{"type":"ein","value":"391987961"},"service_code":["11"],"billing_class":"professional","payments":[{"allowed_amount":21.59,"billing_code_modifier":[""],"providers":[{"billed_charge":60.00,"npi":[1730221250]},{"billed_charge":65.00,"npi":[1730221250]}]},{"allowed_amount":21.59,"billing_code_modifier":[""],"providers":[{"billed_charge":60.00,"npi":[1730221250]},{"billed_charge":65.00,"npi":[1730221250]}]}]},{"tin":{"type":"ein","value":"392039747"},"service_code":["11"],"billing_class":"professional","payments":[{"allowed_amount":21.59,"billing_code_modifier":[""],"providers":[{"billed_charge":40.00,"npi":[1003121450]}]}]}]},{"name":"CHIROPRACTIC MANIPULATIVE TX SPINAL 3-4 REGIONS","billing_code_type":"CPT","billing_code_type_version":"2020","billing_code":"98941","description":"CHIROPRACTIC MANIPULATIVE TX SPINAL 3-4 REGIONS","allowed_amounts":[{"tin":{"type":"ein","value":"391784227"},"service_code":["11"],"billing_class":"professional","payments":[{"allowed_amount":31.08,"billing_code_modifier":[""],"providers":[{"billed_charge":75.00,"npi":[1154502524,1336204627]}]}]},{"tin":{"type":"ein","value":"821510317"},"service_code":["11"],"billing_class":"professional","payments":[{"allowed_amount":31.08,"billing_code_modifier":[""],"providers":[{"billed_charge":65.00,"npi":[1518495886,1932649530]}]}]},{"tin":{"type":"ein","value":"825292911"},"service_code":["11"],"billing_class":"professional","payments":[{"allowed_amount":31.08,"billing_code_modifier":[""],"providers":[{"billed_charge":52.94,"npi":[1740775279,1780913202]},{"billed_charge":65.00,"npi":[1740775279,1780913202]}]},{"allowed_amount":31.08,"billing_code_modifier":[""],"providers":[{"billed_charge":52.94,"npi":[1740775279,1780913202]},{"billed_charge":65.00,"npi":[1740775279,1780913202]}]}]},{"tin":{"type":"ein","value":"825292911"},"service_code":["11"],"billing_class":"professional","payments":[{"allowed_amount":31.08,"billing_code_modifier":[""],"providers":[{"billed_charge":52.94,"npi":[1740775279,1780913202]},{"billed_charge":65.00,"npi":[1740775279,1780913202]}]},{"allowed_amount":31.08,"billing_code_modifier":[""],"providers":[{"billed_charge":52.94,"npi":[1740775279,1780913202]},{"billed_charge":65.00,"npi":[1740775279,1780913202]}]}]}]}]}
