{"reporting_entity_name": "IEC Group_DBA AmeriBen",
	"reporting_entity_type": "Third Party Administrator",
	"plan_name": "ANALEX CORP DBA ARCFIELD",
	"plan_id_type": "ein",
	"plan_id": "710869563",
	"plan_market_type": "group",
	"last_updated_on": "2024-09-01","Version": "1.0.0","out_of_network":[{"name":"APPL MODALITY 1\/> AREAS ELEC STIMJ UNATTENDED","billing_code_type":"CPT","billing_code_type_version":"2020","billing_code":"97014","description":"APPL MODALITY 1\/> AREAS ELEC STIMJ UNATTENDED","allowed_amounts":[{"tin":{"type":"ein","value":"204492098"},"service_code":["11"],"billing_class":"professional","payments":[{"allowed_amount":15.14,"billing_code_modifier":[""],"providers":[{"billed_charge":19.74,"npi":[1780860254,1831133388]}]}]}]},{"name":"CAPD OPD\/HOME: CAPD COMP OR OTHER RATE","billing_code_type":"RC","billing_code_type_version":"UB04","billing_code":"0841","description":"CAPD OPD\/HOME: CAPD COMP OR OTHER RATE","allowed_amounts":[{"tin":{"type":"ein","value":"232536597"},"service_code":["65"],"billing_class":"institutional","payments":[{"allowed_amount":332.41,"billing_code_modifier":[""],"providers":[{"billed_charge":3374.00,"npi":[1790997724,1952361370]}]}]}]},{"name":"CHIROPRACTIC MANIPLTV TX EXTRASPINAL 1\/> REGION","billing_code_type":"CPT","billing_code_type_version":"2020","billing_code":"98943","description":"CHIROPRACTIC MANIPLTV TX EXTRASPINAL 1\/> REGION","allowed_amounts":[{"tin":{"type":"ein","value":"204492098"},"service_code":["11"],"billing_class":"professional","payments":[{"allowed_amount":31.30,"billing_code_modifier":[""],"providers":[{"billed_charge":63.94,"npi":[1780860254,1831133388]}]}]},{"tin":{"type":"ein","value":"260789334"},"service_code":["11"],"billing_class":"professional","payments":[{"allowed_amount":31.30,"billing_code_modifier":[""],"providers":[{"billed_charge":86.95,"npi":[1124209952,1619147337]}]}]}]},{"name":"CHIROPRACTIC MANIPULATIVE TX SPINAL 3-4 REGIONS","billing_code_type":"CPT","billing_code_type_version":"2020","billing_code":"98941","description":"CHIROPRACTIC MANIPULATIVE TX SPINAL 3-4 REGIONS","allowed_amounts":[{"tin":{"type":"ein","value":"204492098"},"service_code":["11"],"billing_class":"professional","payments":[{"allowed_amount":48.26,"billing_code_modifier":[""],"providers":[{"billed_charge":123.24,"npi":[1780860254,1831133388]}]}]},{"tin":{"type":"ein","value":"260789334"},"service_code":["11"],"billing_class":"professional","payments":[{"allowed_amount":48.26,"billing_code_modifier":[""],"providers":[{"billed_charge":110.95,"npi":[1124209952,1619147337]}]}]},{"tin":{"type":"ein","value":"752914836"},"service_code":["11"],"billing_class":"professional","payments":[{"allowed_amount":48.26,"billing_code_modifier":[""],"providers":[{"billed_charge":65.00,"npi":[1093804155,1417268293]}]}]}]},{"name":"OCCUPATIONAL THERAPY: VISIT CHARGE","billing_code_type":"RC","billing_code_type_version":"UB04","billing_code":"0431","description":"OCCUPATIONAL THERAPY: VISIT CHARGE","allowed_amounts":[{"tin":{"type":"ein","value":"853217612"},"service_code":["12"],"billing_class":"institutional","payments":[{"allowed_amount":200.00,"billing_code_modifier":[""],"providers":[{"billed_charge":200.00,"npi":[1295051811,1952070179]}]}]}]},{"name":"PHYSICAL THERAPY: VISIT CHARGE","billing_code_type":"RC","billing_code_type_version":"UB04","billing_code":"0421","description":"PHYSICAL THERAPY: VISIT CHARGE","allowed_amounts":[{"tin":{"type":"ein","value":"853217612"},"service_code":["12"],"billing_class":"institutional","payments":[{"allowed_amount":200.00,"billing_code_modifier":[""],"providers":[{"billed_charge":200.00,"npi":[1295051811,1952070179]}]}]}]},{"name":"SPEECH-LANGUAGE PATHOLOGY: VISIT CHARGE","billing_code_type":"RC","billing_code_type_version":"UB04","billing_code":"0441","description":"SPEECH-LANGUAGE PATHOLOGY: VISIT CHARGE","allowed_amounts":[{"tin":{"type":"ein","value":"473710295"},"service_code":["12"],"billing_class":"institutional","payments":[{"allowed_amount":200.00,"billing_code_modifier":[""],"providers":[{"billed_charge":200.00,"npi":[1295051811,1649666801]}]}]}]}]}
