{"reporting_entity_name": "IEC Group_DBA AmeriBen",
	"reporting_entity_type": "Third Party Administrator",
	"plan_name": "YUMA AREA BENEFIT CONSORTIUM",
	"plan_id_type": "ein",
	"plan_id": "356906297",
	"plan_market_type": "group",
	"last_updated_on": "2022-08-01","Version": "1.0.0","out_of_network":[{"name":"CHIROPRACTIC MANIPULATIVE TX SPINAL 1-2 REGIONS","billing_code_type":"CPT","billing_code_type_version":"2020","billing_code":"98940","description":"CHIROPRACTIC MANIPULATIVE TX SPINAL 1-2 REGIONS","allowed_amounts":[{"tin":{"type":"ein","value":"204975801"},"service_code":["11"],"billing_class":"professional","payments":[{"allowed_amount":35.19,"billing_code_modifier":[""],"providers":[{"billed_charge":50.00,"npi":[1518994904,1548364862]}]}]},{"tin":{"type":"ein","value":"860975251"},"service_code":["11"],"billing_class":"professional","payments":[{"allowed_amount":35.19,"billing_code_modifier":[""],"providers":[{"billed_charge":50.00,"npi":[1700854684]}]}]}]},{"name":"CHIROPRACTIC MANIPULATIVE TX SPINAL 5 REGIONS","billing_code_type":"CPT","billing_code_type_version":"2020","billing_code":"98942","description":"CHIROPRACTIC MANIPULATIVE TX SPINAL 5 REGIONS","allowed_amounts":[{"tin":{"type":"ein","value":"204975801"},"service_code":["11"],"billing_class":"professional","payments":[{"allowed_amount":42.17,"billing_code_modifier":[""],"providers":[{"billed_charge":80.00,"npi":[1518994904,1548364862]}]}]}]},{"name":"COLLECTION VENOUS BLOOD VENIPUNCTURE","billing_code_type":"CPT","billing_code_type_version":"2020","billing_code":"36415","description":"COLLECTION VENOUS BLOOD VENIPUNCTURE","allowed_amounts":[{"tin":{"type":"ein","value":"201236503"},"service_code":["81"],"billing_class":"professional","payments":[{"allowed_amount":3.75,"billing_code_modifier":[""],"providers":[{"billed_charge":9.00,"npi":[1225110497,1518142546,1629018619,1841488491]},{"billed_charge":15.00,"npi":[1225110497]}]},{"allowed_amount":3.75,"billing_code_modifier":[""],"providers":[{"billed_charge":9.00,"npi":[1225110497,1518142546,1629018619,1841488491]},{"billed_charge":15.00,"npi":[1225110497]}]}]},{"tin":{"type":"ein","value":"201236503"},"service_code":["81"],"billing_class":"professional","payments":[{"allowed_amount":3.75,"billing_code_modifier":[""],"providers":[{"billed_charge":9.00,"npi":[1225110497,1518142546,1629018619,1841488491]},{"billed_charge":15.00,"npi":[1225110497]}]},{"allowed_amount":3.75,"billing_code_modifier":[""],"providers":[{"billed_charge":9.00,"npi":[1225110497,1518142546,1629018619,1841488491]},{"billed_charge":15.00,"npi":[1225110497]}]}]}]},{"name":"COVID VAC ADMIN - MODERNA LOW DOSE BOOSTER","billing_code_type":"CPT","billing_code_type_version":"2020","billing_code":"0064A","description":"COVID VAC ADMIN - MODERNA LOW DOSE BOOSTER","allowed_amounts":[{"tin":{"type":"ein","value":"050340626"},"service_code":["60"],"billing_class":"professional","payments":[{"allowed_amount":42.00,"billing_code_modifier":[""],"providers":[{"billed_charge":56.99,"npi":[1003857046,1013568245,1013952019,1114399763,1205315223,1386314235,1669514352]}]}]},{"tin":{"type":"ein","value":"050340626"},"service_code":["60"],"billing_class":"professional","payments":[{"allowed_amount":48.00,"billing_code_modifier":[""],"providers":[{"billed_charge":56.99,"npi":[1003857046,1013568245,1013952019,1669514352]}]}]},{"tin":{"type":"ein","value":"454185015"},"service_code":["11"],"billing_class":"professional","payments":[{"allowed_amount":42.00,"billing_code_modifier":[""],"providers":[{"billed_charge":83.00,"npi":[1174678577,1942532189]}]}]}]},{"name":"THERAPEUTIC PX 1\/> AREAS EACH 15 MIN EXERCISES","billing_code_type":"CPT","billing_code_type_version":"2020","billing_code":"97110","description":"THERAPEUTIC PX 1\/> AREAS EACH 15 MIN EXERCISES","allowed_amounts":[{"tin":{"type":"ein","value":"204975801"},"service_code":["11"],"billing_class":"professional","payments":[{"allowed_amount":30.80,"billing_code_modifier":[""],"providers":[{"billed_charge":48.50,"npi":[1518994904,1548364862]}]}]}]}]}
