{"reporting_entity_name": "IEC Group_DBA AmeriBen",
	"reporting_entity_type": "Third Party Administrator",
	"plan_name": "METALSA STRUCTURAL PRODUCTS",
	"plan_id_type": "ein",
	"plan_id": "980643737",
	"plan_market_type": "group",
	"last_updated_on": "2022-09-30","Version": "1.0.0","out_of_network":[{"name":"CHIROPRACTIC MANIPULATIVE TX SPINAL 5 REGIONS","billing_code_type":"CPT","billing_code_type_version":"2020","billing_code":"98942","description":"CHIROPRACTIC MANIPULATIVE TX SPINAL 5 REGIONS","allowed_amounts":[{"tin":{"type":"ein","value":"541803712"},"service_code":["11"],"billing_class":"professional","payments":[{"allowed_amount":49.00,"billing_code_modifier":[""],"providers":[{"billed_charge":49.00,"npi":[1225057458,1720007966]}]}]}]},{"name":"DRUG TEST DEF 15-21 CLASSES","billing_code_type":"HCPCS","billing_code_type_version":"HCPCS LEVEL II 2021","billing_code":"G0482","description":"DRUG TEST DEF 15-21 CLASSES","allowed_amounts":[{"tin":{"type":"ein","value":"453717894"},"service_code":["81"],"billing_class":"professional","payments":[{"allowed_amount":238.49,"billing_code_modifier":[""],"providers":[{"billed_charge":304.00,"npi":[1730466590,1922008440]}]}]},{"tin":{"type":"ein","value":"831005259"},"service_code":["81"],"billing_class":"professional","payments":[{"allowed_amount":238.49,"billing_code_modifier":[""],"providers":[{"billed_charge":397.48,"npi":[1174092548,1194708776,1841447059,1942250139]}]}]},{"tin":{"type":"ein","value":"880241758"},"service_code":["81"],"billing_class":"professional","payments":[{"allowed_amount":238.49,"billing_code_modifier":[""],"providers":[{"billed_charge":745.00,"npi":[1487842084,1699782722]}]}]}]},{"name":"DRUG TST PRSMV INSTRMNT CHEM ANALYZERS PR DATE","billing_code_type":"CPT","billing_code_type_version":"2020","billing_code":"80307","description":"DRUG TST PRSMV INSTRMNT CHEM ANALYZERS PR DATE","allowed_amounts":[{"tin":{"type":"ein","value":"233079507"},"service_code":["81"],"billing_class":"professional","payments":[{"allowed_amount":74.57,"billing_code_modifier":[""],"providers":[{"billed_charge":1187.50,"npi":[1043271539]}]}]},{"tin":{"type":"ein","value":"463127405"},"service_code":["81"],"billing_class":"professional","payments":[{"allowed_amount":74.57,"billing_code_modifier":[""],"providers":[{"billed_charge":187.00,"npi":[1093140618]}]}]},{"tin":{"type":"ein","value":"830676333"},"service_code":["81"],"billing_class":"professional","payments":[{"allowed_amount":74.57,"billing_code_modifier":[""],"providers":[{"billed_charge":2300.00,"npi":[1386130607]}]}]},{"tin":{"type":"ein","value":"831005259"},"service_code":["81"],"billing_class":"professional","payments":[{"allowed_amount":74.57,"billing_code_modifier":[""],"providers":[{"billed_charge":124.28,"npi":[1174092548,1194708776,1841447059,1881060754,1942250139]},{"billed_charge":186.42,"npi":[1174092548]}]},{"allowed_amount":74.57,"billing_code_modifier":[""],"providers":[{"billed_charge":124.28,"npi":[1174092548,1194708776,1841447059,1881060754,1942250139]},{"billed_charge":186.42,"npi":[1174092548]}]}]},{"tin":{"type":"ein","value":"831005259"},"service_code":["81"],"billing_class":"professional","payments":[{"allowed_amount":74.57,"billing_code_modifier":[""],"providers":[{"billed_charge":124.28,"npi":[1174092548,1194708776,1841447059,1881060754,1942250139]},{"billed_charge":186.42,"npi":[1174092548]}]},{"allowed_amount":74.57,"billing_code_modifier":[""],"providers":[{"billed_charge":124.28,"npi":[1174092548,1194708776,1841447059,1881060754,1942250139]},{"billed_charge":186.42,"npi":[1174092548]}]}]},{"tin":{"type":"ein","value":"912180910"},"service_code":["81"],"billing_class":"professional","payments":[{"allowed_amount":74.57,"billing_code_modifier":[""],"providers":[{"billed_charge":155.35,"npi":[1194708776,1821092297,1841447059]}]}]}]},{"name":"DRUGS REQUIRE SPECIFIC ID: DRUGS REQUIRING DETAIL","billing_code_type":"RC","billing_code_type_version":"UB04","billing_code":"0636","description":"DRUGS REQUIRE SPECIFIC ID: DRUGS REQUIRING DETAIL","allowed_amounts":[{"tin":{"type":"ein","value":"271199399"},"service_code":["65"],"billing_class":"institutional","payments":[{"allowed_amount":13.14,"billing_code_modifier":[""],"providers":[{"billed_charge":561.20,"npi":[1013245018,1578672507]}]}]},{"tin":{"type":"ein","value":"271199399"},"service_code":["65"],"billing_class":"institutional","payments":[{"allowed_amount":15.01,"billing_code_modifier":[""],"providers":[{"billed_charge":561.20,"npi":[1013245018,1578672507]}]}]},{"tin":{"type":"ein","value":"271199399"},"service_code":["65"],"billing_class":"institutional","payments":[{"allowed_amount":15.46,"billing_code_modifier":[""],"providers":[{"billed_charge":561.20,"npi":[1013245018,1578672507]}]}]},{"tin":{"type":"ein","value":"271199399"},"service_code":["65"],"billing_class":"institutional","payments":[{"allowed_amount":16.92,"billing_code_modifier":[""],"providers":[{"billed_charge":561.20,"npi":[1013245018,1578672507]}]}]}]},{"name":"HEALTH BEHAVIOR IVNTJ INDIV F2F 1ST 30 MIN","billing_code_type":"CPT","billing_code_type_version":"2020","billing_code":"96158","description":"HEALTH BEHAVIOR IVNTJ INDIV F2F 1ST 30 MIN","allowed_amounts":[{"tin":{"type":"ein","value":"202485892"},"service_code":["12"],"billing_class":"professional","payments":[{"allowed_amount":89.00,"billing_code_modifier":[""],"providers":[{"billed_charge":89.00,"npi":[1750943247]}]}]},{"tin":{"type":"ein","value":"263488503"},"service_code":["12"],"billing_class":"professional","payments":[{"allowed_amount":89.00,"billing_code_modifier":[""],"providers":[{"billed_charge":89.00,"npi":[1023279189,1639526940]}]}]},{"tin":{"type":"ein","value":"812275518"},"service_code":["12"],"billing_class":"professional","payments":[{"allowed_amount":89.00,"billing_code_modifier":[""],"providers":[{"billed_charge":89.00,"npi":[1699129486]}]}]}]},{"name":"HEMO OPD\/HOME: HEMODIALYSIS COMP OR OTHER RATE","billing_code_type":"RC","billing_code_type_version":"UB04","billing_code":"0821","description":"HEMO OPD\/HOME: HEMODIALYSIS COMP OR OTHER RATE","allowed_amounts":[{"tin":{"type":"ein","value":"271199399"},"service_code":["65"],"billing_class":"institutional","payments":[{"allowed_amount":187.55,"billing_code_modifier":[""],"providers":[{"billed_charge":8010.89,"npi":[1013245018,1578672507]}]}]},{"tin":{"type":"ein","value":"271199399"},"service_code":["65"],"billing_class":"institutional","payments":[{"allowed_amount":214.31,"billing_code_modifier":[""],"providers":[{"billed_charge":8010.89,"npi":[1013245018,1578672507]}]}]},{"tin":{"type":"ein","value":"271199399"},"service_code":["65"],"billing_class":"institutional","payments":[{"allowed_amount":220.80,"billing_code_modifier":[""],"providers":[{"billed_charge":8010.89,"npi":[1013245018,1578672507]}]}]},{"tin":{"type":"ein","value":"271199399"},"service_code":["65"],"billing_class":"institutional","payments":[{"allowed_amount":241.51,"billing_code_modifier":[""],"providers":[{"billed_charge":8010.89,"npi":[1013245018,1578672507]}]}]}]},{"name":"MEDICAL\/SURGICAL SUPPLIES","billing_code_type":"RC","billing_code_type_version":"UB04","billing_code":"0270","description":"MEDICAL\/SURGICAL SUPPLIES","allowed_amounts":[{"tin":{"type":"ein","value":"271199399"},"service_code":["65"],"billing_class":"institutional","payments":[{"allowed_amount":3.16,"billing_code_modifier":[""],"providers":[{"billed_charge":135.24,"npi":[1013245018,1578672507]}]}]},{"tin":{"type":"ein","value":"271199399"},"service_code":["65"],"billing_class":"institutional","payments":[{"allowed_amount":3.62,"billing_code_modifier":[""],"providers":[{"billed_charge":135.24,"npi":[1013245018,1578672507]}]}]},{"tin":{"type":"ein","value":"271199399"},"service_code":["65"],"billing_class":"institutional","payments":[{"allowed_amount":3.73,"billing_code_modifier":[""],"providers":[{"billed_charge":135.24,"npi":[1013245018,1578672507]}]}]},{"tin":{"type":"ein","value":"271199399"},"service_code":["65"],"billing_class":"institutional","payments":[{"allowed_amount":4.08,"billing_code_modifier":[""],"providers":[{"billed_charge":135.24,"npi":[1013245018,1578672507]}]}]}]},{"name":"OCCUPATIONAL THERAPY, IN THE","billing_code_type":"HCPCS","billing_code_type_version":"HCPCS LEVEL II 2021","billing_code":"S9129","description":"OCCUPATIONAL THERAPY, IN THE","allowed_amounts":[{"tin":{"type":"ein","value":"611010686"},"service_code":["02","12"],"billing_class":"professional","payments":[{"allowed_amount":107.37,"billing_code_modifier":[""],"providers":[{"billed_charge":123.00,"npi":[1124160296,1508865783,1558493270]}]}]}]},{"name":"OFFICE\/OUTPATIENT ESTABLISHED LOW MDM 20-29 MIN","billing_code_type":"CPT","billing_code_type_version":"2020","billing_code":"99213","description":"OFFICE\/OUTPATIENT ESTABLISHED LOW MDM 20-29 MIN","allowed_amounts":[{"tin":{"type":"ein","value":"200374492"},"service_code":["11"],"billing_class":"professional","payments":[{"allowed_amount":102.89,"billing_code_modifier":[""],"providers":[{"billed_charge":175.00,"npi":[1366499931,1932140878]}]}]},{"tin":{"type":"ein","value":"205497203"},"service_code":["11"],"billing_class":"professional","payments":[{"allowed_amount":102.89,"billing_code_modifier":[""],"providers":[{"billed_charge":137.00,"npi":[1093338527,1992474977]}]}]},{"tin":{"type":"ein","value":"611276316"},"service_code":["11"],"billing_class":"professional","payments":[{"allowed_amount":102.89,"billing_code_modifier":[""],"providers":[{"billed_charge":207.00,"npi":[1154303675,1255971131,1588614994]}]}]},{"tin":{"type":"ein","value":"621529858"},"service_code":["11"],"billing_class":"professional","payments":[{"allowed_amount":102.89,"billing_code_modifier":[""],"providers":[{"billed_charge":137.00,"npi":[1235109463,1437194669]}]}]}]},{"name":"PHARMACY","billing_code_type":"RC","billing_code_type_version":"UB04","billing_code":"0250","description":"PHARMACY","allowed_amounts":[{"tin":{"type":"ein","value":"271199399"},"service_code":["65"],"billing_class":"institutional","payments":[{"allowed_amount":1.18,"billing_code_modifier":[""],"providers":[{"billed_charge":50.38,"npi":[1013245018,1578672507]}]}]},{"tin":{"type":"ein","value":"271199399"},"service_code":["65"],"billing_class":"institutional","payments":[{"allowed_amount":1.35,"billing_code_modifier":[""],"providers":[{"billed_charge":50.38,"npi":[1013245018,1578672507]}]}]},{"tin":{"type":"ein","value":"271199399"},"service_code":["65"],"billing_class":"institutional","payments":[{"allowed_amount":1.39,"billing_code_modifier":[""],"providers":[{"billed_charge":50.38,"npi":[1013245018,1578672507]}]}]},{"tin":{"type":"ein","value":"271199399"},"service_code":["65"],"billing_class":"institutional","payments":[{"allowed_amount":1.52,"billing_code_modifier":[""],"providers":[{"billed_charge":50.38,"npi":[1013245018,1578672507]}]}]}]},{"name":"PT IN THE HOME PER DIEM","billing_code_type":"HCPCS","billing_code_type_version":"HCPCS LEVEL II 2021","billing_code":"S9131","description":"PT IN THE HOME PER DIEM","allowed_amounts":[{"tin":{"type":"ein","value":"611010686"},"service_code":["02","12"],"billing_class":"professional","payments":[{"allowed_amount":90.76,"billing_code_modifier":[""],"providers":[{"billed_charge":117.00,"npi":[1124160296,1508865783,1558493270]}]}]}]},{"name":"SPEECH THERAPY, IN THE HOME,","billing_code_type":"HCPCS","billing_code_type_version":"HCPCS LEVEL II 2021","billing_code":"S9128","description":"SPEECH THERAPY, IN THE HOME,","allowed_amounts":[{"tin":{"type":"ein","value":"611010686"},"service_code":["02","12"],"billing_class":"professional","payments":[{"allowed_amount":99.29,"billing_code_modifier":[""],"providers":[{"billed_charge":123.00,"npi":[1508865783,1558493270]}]}]}]},{"name":"TENS SUPPL 2 LEAD PER MONTH","billing_code_type":"HCPCS","billing_code_type_version":"HCPCS LEVEL II 2021","billing_code":"A4595","description":"TENS SUPPL 2 LEAD PER MONTH","allowed_amounts":[{"tin":{"type":"ein","value":"841451963"},"service_code":["12"],"billing_class":"professional","payments":[{"allowed_amount":56.47,"billing_code_modifier":[""],"providers":[{"billed_charge":217.98,"npi":[1245542331,1548781941,1770511552,1790396828]}]}]}]}]}
