{"reporting_entity_name": "IEC Group_DBA AmeriBen",
	"reporting_entity_type": "Third Party Administrator",
	"plan_name": "SMILE BRANDS INC",
	"plan_id_type": "ein",
	"plan_id": "911643507",
	"plan_market_type": "group",
	"last_updated_on": "2024-09-01","Version": "1.0.0","out_of_network":[{"name":"APPL MODALITY 1\/> AREAS ELEC STIMJ UNATTENDED","billing_code_type":"CPT","billing_code_type_version":"2020","billing_code":"97014","description":"APPL MODALITY 1\/> AREAS ELEC STIMJ UNATTENDED","allowed_amounts":[{"tin":{"type":"ein","value":"834101992"},"service_code":["11"],"billing_class":"professional","payments":[{"allowed_amount":16.69,"billing_code_modifier":[""],"providers":[{"billed_charge":22.00,"npi":[1053872713,1598232134]}]}]}]},{"name":"APPLICATION MODALITY 1\/> AREAS HOT\/COLD PACKS","billing_code_type":"CPT","billing_code_type_version":"2020","billing_code":"97010","description":"APPLICATION MODALITY 1\/> AREAS HOT\/COLD PACKS","allowed_amounts":[{"tin":{"type":"ein","value":"834101992"},"service_code":["11"],"billing_class":"professional","payments":[{"allowed_amount":8.65,"billing_code_modifier":[""],"providers":[{"billed_charge":22.00,"npi":[1053872713,1598232134]}]}]}]},{"name":"DRUG TST PRSMV INSTRMNT CHEM ANALYZERS PR DATE","billing_code_type":"CPT","billing_code_type_version":"2020","billing_code":"80307","description":"DRUG TST PRSMV INSTRMNT CHEM ANALYZERS PR DATE","allowed_amounts":[{"tin":{"type":"ein","value":"263806565"},"service_code":["81"],"billing_class":"professional","payments":[{"allowed_amount":77.68,"billing_code_modifier":[""],"providers":[{"billed_charge":250.00,"npi":[1407091101,1871748418]}]}]},{"tin":{"type":"ein","value":"465533448"},"service_code":["57"],"billing_class":"professional","payments":[{"allowed_amount":77.68,"billing_code_modifier":[""],"providers":[{"billed_charge":90.00,"npi":[1295324838,1558734731,1861898934]}]}]},{"tin":{"type":"ein","value":"541882269"},"service_code":["81"],"billing_class":"professional","payments":[{"allowed_amount":77.68,"billing_code_modifier":[""],"providers":[{"billed_charge":345.00,"npi":[1790984623,1912903717]}]}]},{"tin":{"type":"ein","value":"823146637"},"service_code":["81"],"billing_class":"professional","payments":[{"allowed_amount":77.68,"billing_code_modifier":[""],"providers":[{"billed_charge":2277.20,"npi":[1124746318,1861994600]}]}]}]},{"name":"DRUGS REQUIRE SPECIFIC ID: DRUGS REQUIRING DETAIL","billing_code_type":"RC","billing_code_type_version":"UB04","billing_code":"0636","description":"DRUGS REQUIRE SPECIFIC ID: DRUGS REQUIRING DETAIL","allowed_amounts":[{"tin":{"type":"ein","value":"203176826"},"service_code":["65"],"billing_class":"institutional","payments":[{"allowed_amount":13.46,"billing_code_modifier":[""],"providers":[{"billed_charge":204.00,"npi":[1639132772,1811350473]}]}]}]},{"name":"IADNA SARSCOV2 & INF A&B & RSV MULT AMP PROBE TQ","billing_code_type":"CPT","billing_code_type_version":"2020","billing_code":"87637","description":"IADNA SARSCOV2 & INF A&B & RSV MULT AMP PROBE TQ","allowed_amounts":[{"tin":{"type":"ein","value":"830578765"},"service_code":["81"],"billing_class":"professional","payments":[{"allowed_amount":178.29,"billing_code_modifier":[""],"providers":[{"billed_charge":500.00,"npi":[1033759089,1710516471,1861987083]}]}]},{"tin":{"type":"ein","value":"873855130"},"service_code":["81"],"billing_class":"professional","payments":[{"allowed_amount":178.29,"billing_code_modifier":[""],"providers":[{"billed_charge":241.95,"npi":[1073272134,1821043290]}]}]},{"tin":{"type":"ein","value":"880906795"},"service_code":["81"],"billing_class":"professional","payments":[{"allowed_amount":178.29,"billing_code_modifier":[""],"providers":[{"billed_charge":213.95,"npi":[1265182984,1831362748]}]}]}]},{"name":"LABORATORY - CLINICAL DIAGNOSTIC","billing_code_type":"RC","billing_code_type_version":"UB04","billing_code":"0300","description":"LABORATORY - CLINICAL DIAGNOSTIC","allowed_amounts":[{"tin":{"type":"ein","value":"352644167"},"service_code":["23"],"billing_class":"institutional","payments":[{"allowed_amount":0.00,"billing_code_modifier":[""],"providers":[{"billed_charge":470.88,"npi":[1801364450]},{"billed_charge":2050.00,"npi":[1801364450]}]},{"allowed_amount":0.00,"billing_code_modifier":[""],"providers":[{"billed_charge":470.88,"npi":[1801364450]},{"billed_charge":2050.00,"npi":[1801364450]}]}]},{"tin":{"type":"ein","value":"352644167"},"service_code":["23"],"billing_class":"institutional","payments":[{"allowed_amount":0.00,"billing_code_modifier":[""],"providers":[{"billed_charge":470.88,"npi":[1801364450]},{"billed_charge":2050.00,"npi":[1801364450]}]},{"allowed_amount":0.00,"billing_code_modifier":[""],"providers":[{"billed_charge":470.88,"npi":[1801364450]},{"billed_charge":2050.00,"npi":[1801364450]}]}]},{"tin":{"type":"ein","value":"464901030"},"service_code":["23"],"billing_class":"institutional","payments":[{"allowed_amount":0.00,"billing_code_modifier":[""],"providers":[{"billed_charge":234.39,"npi":[1679976120]}]}]},{"tin":{"type":"ein","value":"811407290"},"service_code":["23"],"billing_class":"institutional","payments":[{"allowed_amount":0.00,"billing_code_modifier":[""],"providers":[{"billed_charge":196.87,"npi":[1134654080]},{"billed_charge":233.06,"npi":[1134654080]},{"billed_charge":328.08,"npi":[1134654080]},{"billed_charge":330.33,"npi":[1134654080]},{"billed_charge":371.76,"npi":[1134654080]},{"billed_charge":405.21,"npi":[1134654080]},{"billed_charge":1349.79,"npi":[1134654080]}]},{"allowed_amount":0.00,"billing_code_modifier":[""],"providers":[{"billed_charge":196.87,"npi":[1134654080]},{"billed_charge":233.06,"npi":[1134654080]},{"billed_charge":328.08,"npi":[1134654080]},{"billed_charge":330.33,"npi":[1134654080]},{"billed_charge":371.76,"npi":[1134654080]},{"billed_charge":405.21,"npi":[1134654080]},{"billed_charge":1349.79,"npi":[1134654080]}]},{"allowed_amount":0.00,"billing_code_modifier":[""],"providers":[{"billed_charge":196.87,"npi":[1134654080]},{"billed_charge":233.06,"npi":[1134654080]},{"billed_charge":328.08,"npi":[1134654080]},{"billed_charge":330.33,"npi":[1134654080]},{"billed_charge":371.76,"npi":[1134654080]},{"billed_charge":405.21,"npi":[1134654080]},{"billed_charge":1349.79,"npi":[1134654080]}]},{"allowed_amount":0.00,"billing_code_modifier":[""],"providers":[{"billed_charge":196.87,"npi":[1134654080]},{"billed_charge":233.06,"npi":[1134654080]},{"billed_charge":328.08,"npi":[1134654080]},{"billed_charge":330.33,"npi":[1134654080]},{"billed_charge":371.76,"npi":[1134654080]},{"billed_charge":405.21,"npi":[1134654080]},{"billed_charge":1349.79,"npi":[1134654080]}]},{"allowed_amount":0.00,"billing_code_modifier":[""],"providers":[{"billed_charge":196.87,"npi":[1134654080]},{"billed_charge":233.06,"npi":[1134654080]},{"billed_charge":328.08,"npi":[1134654080]},{"billed_charge":330.33,"npi":[1134654080]},{"billed_charge":371.76,"npi":[1134654080]},{"billed_charge":405.21,"npi":[1134654080]},{"billed_charge":1349.79,"npi":[1134654080]}]},{"allowed_amount":0.00,"billing_code_modifier":[""],"providers":[{"billed_charge":196.87,"npi":[1134654080]},{"billed_charge":233.06,"npi":[1134654080]},{"billed_charge":328.08,"npi":[1134654080]},{"billed_charge":330.33,"npi":[1134654080]},{"billed_charge":371.76,"npi":[1134654080]},{"billed_charge":405.21,"npi":[1134654080]},{"billed_charge":1349.79,"npi":[1134654080]}]},{"allowed_amount":0.00,"billing_code_modifier":[""],"providers":[{"billed_charge":196.87,"npi":[1134654080]},{"billed_charge":233.06,"npi":[1134654080]},{"billed_charge":328.08,"npi":[1134654080]},{"billed_charge":330.33,"npi":[1134654080]},{"billed_charge":371.76,"npi":[1134654080]},{"billed_charge":405.21,"npi":[1134654080]},{"billed_charge":1349.79,"npi":[1134654080]}]}]},{"tin":{"type":"ein","value":"811407290"},"service_code":["23"],"billing_class":"institutional","payments":[{"allowed_amount":0.00,"billing_code_modifier":[""],"providers":[{"billed_charge":196.87,"npi":[1134654080]},{"billed_charge":233.06,"npi":[1134654080]},{"billed_charge":328.08,"npi":[1134654080]},{"billed_charge":330.33,"npi":[1134654080]},{"billed_charge":371.76,"npi":[1134654080]},{"billed_charge":405.21,"npi":[1134654080]},{"billed_charge":1349.79,"npi":[1134654080]}]},{"allowed_amount":0.00,"billing_code_modifier":[""],"providers":[{"billed_charge":196.87,"npi":[1134654080]},{"billed_charge":233.06,"npi":[1134654080]},{"billed_charge":328.08,"npi":[1134654080]},{"billed_charge":330.33,"npi":[1134654080]},{"billed_charge":371.76,"npi":[1134654080]},{"billed_charge":405.21,"npi":[1134654080]},{"billed_charge":1349.79,"npi":[1134654080]}]},{"allowed_amount":0.00,"billing_code_modifier":[""],"providers":[{"billed_charge":196.87,"npi":[1134654080]},{"billed_charge":233.06,"npi":[1134654080]},{"billed_charge":328.08,"npi":[1134654080]},{"billed_charge":330.33,"npi":[1134654080]},{"billed_charge":371.76,"npi":[1134654080]},{"billed_charge":405.21,"npi":[1134654080]},{"billed_charge":1349.79,"npi":[1134654080]}]},{"allowed_amount":0.00,"billing_code_modifier":[""],"providers":[{"billed_charge":196.87,"npi":[1134654080]},{"billed_charge":233.06,"npi":[1134654080]},{"billed_charge":328.08,"npi":[1134654080]},{"billed_charge":330.33,"npi":[1134654080]},{"billed_charge":371.76,"npi":[1134654080]},{"billed_charge":405.21,"npi":[1134654080]},{"billed_charge":1349.79,"npi":[1134654080]}]},{"allowed_amount":0.00,"billing_code_modifier":[""],"providers":[{"billed_charge":196.87,"npi":[1134654080]},{"billed_charge":233.06,"npi":[1134654080]},{"billed_charge":328.08,"npi":[1134654080]},{"billed_charge":330.33,"npi":[1134654080]},{"billed_charge":371.76,"npi":[1134654080]},{"billed_charge":405.21,"npi":[1134654080]},{"billed_charge":1349.79,"npi":[1134654080]}]},{"allowed_amount":0.00,"billing_code_modifier":[""],"providers":[{"billed_charge":196.87,"npi":[1134654080]},{"billed_charge":233.06,"npi":[1134654080]},{"billed_charge":328.08,"npi":[1134654080]},{"billed_charge":330.33,"npi":[1134654080]},{"billed_charge":371.76,"npi":[1134654080]},{"billed_charge":405.21,"npi":[1134654080]},{"billed_charge":1349.79,"npi":[1134654080]}]},{"allowed_amount":0.00,"billing_code_modifier":[""],"providers":[{"billed_charge":196.87,"npi":[1134654080]},{"billed_charge":233.06,"npi":[1134654080]},{"billed_charge":328.08,"npi":[1134654080]},{"billed_charge":330.33,"npi":[1134654080]},{"billed_charge":371.76,"npi":[1134654080]},{"billed_charge":405.21,"npi":[1134654080]},{"billed_charge":1349.79,"npi":[1134654080]}]}]},{"tin":{"type":"ein","value":"811407290"},"service_code":["23"],"billing_class":"institutional","payments":[{"allowed_amount":0.00,"billing_code_modifier":[""],"providers":[{"billed_charge":196.87,"npi":[1134654080]},{"billed_charge":233.06,"npi":[1134654080]},{"billed_charge":328.08,"npi":[1134654080]},{"billed_charge":330.33,"npi":[1134654080]},{"billed_charge":371.76,"npi":[1134654080]},{"billed_charge":405.21,"npi":[1134654080]},{"billed_charge":1349.79,"npi":[1134654080]}]},{"allowed_amount":0.00,"billing_code_modifier":[""],"providers":[{"billed_charge":196.87,"npi":[1134654080]},{"billed_charge":233.06,"npi":[1134654080]},{"billed_charge":328.08,"npi":[1134654080]},{"billed_charge":330.33,"npi":[1134654080]},{"billed_charge":371.76,"npi":[1134654080]},{"billed_charge":405.21,"npi":[1134654080]},{"billed_charge":1349.79,"npi":[1134654080]}]},{"allowed_amount":0.00,"billing_code_modifier":[""],"providers":[{"billed_charge":196.87,"npi":[1134654080]},{"billed_charge":233.06,"npi":[1134654080]},{"billed_charge":328.08,"npi":[1134654080]},{"billed_charge":330.33,"npi":[1134654080]},{"billed_charge":371.76,"npi":[1134654080]},{"billed_charge":405.21,"npi":[1134654080]},{"billed_charge":1349.79,"npi":[1134654080]}]},{"allowed_amount":0.00,"billing_code_modifier":[""],"providers":[{"billed_charge":196.87,"npi":[1134654080]},{"billed_charge":233.06,"npi":[1134654080]},{"billed_charge":328.08,"npi":[1134654080]},{"billed_charge":330.33,"npi":[1134654080]},{"billed_charge":371.76,"npi":[1134654080]},{"billed_charge":405.21,"npi":[1134654080]},{"billed_charge":1349.79,"npi":[1134654080]}]},{"allowed_amount":0.00,"billing_code_modifier":[""],"providers":[{"billed_charge":196.87,"npi":[1134654080]},{"billed_charge":233.06,"npi":[1134654080]},{"billed_charge":328.08,"npi":[1134654080]},{"billed_charge":330.33,"npi":[1134654080]},{"billed_charge":371.76,"npi":[1134654080]},{"billed_charge":405.21,"npi":[1134654080]},{"billed_charge":1349.79,"npi":[1134654080]}]},{"allowed_amount":0.00,"billing_code_modifier":[""],"providers":[{"billed_charge":196.87,"npi":[1134654080]},{"billed_charge":233.06,"npi":[1134654080]},{"billed_charge":328.08,"npi":[1134654080]},{"billed_charge":330.33,"npi":[1134654080]},{"billed_charge":371.76,"npi":[1134654080]},{"billed_charge":405.21,"npi":[1134654080]},{"billed_charge":1349.79,"npi":[1134654080]}]},{"allowed_amount":0.00,"billing_code_modifier":[""],"providers":[{"billed_charge":196.87,"npi":[1134654080]},{"billed_charge":233.06,"npi":[1134654080]},{"billed_charge":328.08,"npi":[1134654080]},{"billed_charge":330.33,"npi":[1134654080]},{"billed_charge":371.76,"npi":[1134654080]},{"billed_charge":405.21,"npi":[1134654080]},{"billed_charge":1349.79,"npi":[1134654080]}]}]},{"tin":{"type":"ein","value":"811407290"},"service_code":["23"],"billing_class":"institutional","payments":[{"allowed_amount":0.00,"billing_code_modifier":[""],"providers":[{"billed_charge":196.87,"npi":[1134654080]},{"billed_charge":233.06,"npi":[1134654080]},{"billed_charge":328.08,"npi":[1134654080]},{"billed_charge":330.33,"npi":[1134654080]},{"billed_charge":371.76,"npi":[1134654080]},{"billed_charge":405.21,"npi":[1134654080]},{"billed_charge":1349.79,"npi":[1134654080]}]},{"allowed_amount":0.00,"billing_code_modifier":[""],"providers":[{"billed_charge":196.87,"npi":[1134654080]},{"billed_charge":233.06,"npi":[1134654080]},{"billed_charge":328.08,"npi":[1134654080]},{"billed_charge":330.33,"npi":[1134654080]},{"billed_charge":371.76,"npi":[1134654080]},{"billed_charge":405.21,"npi":[1134654080]},{"billed_charge":1349.79,"npi":[1134654080]}]},{"allowed_amount":0.00,"billing_code_modifier":[""],"providers":[{"billed_charge":196.87,"npi":[1134654080]},{"billed_charge":233.06,"npi":[1134654080]},{"billed_charge":328.08,"npi":[1134654080]},{"billed_charge":330.33,"npi":[1134654080]},{"billed_charge":371.76,"npi":[1134654080]},{"billed_charge":405.21,"npi":[1134654080]},{"billed_charge":1349.79,"npi":[1134654080]}]},{"allowed_amount":0.00,"billing_code_modifier":[""],"providers":[{"billed_charge":196.87,"npi":[1134654080]},{"billed_charge":233.06,"npi":[1134654080]},{"billed_charge":328.08,"npi":[1134654080]},{"billed_charge":330.33,"npi":[1134654080]},{"billed_charge":371.76,"npi":[1134654080]},{"billed_charge":405.21,"npi":[1134654080]},{"billed_charge":1349.79,"npi":[1134654080]}]},{"allowed_amount":0.00,"billing_code_modifier":[""],"providers":[{"billed_charge":196.87,"npi":[1134654080]},{"billed_charge":233.06,"npi":[1134654080]},{"billed_charge":328.08,"npi":[1134654080]},{"billed_charge":330.33,"npi":[1134654080]},{"billed_charge":371.76,"npi":[1134654080]},{"billed_charge":405.21,"npi":[1134654080]},{"billed_charge":1349.79,"npi":[1134654080]}]},{"allowed_amount":0.00,"billing_code_modifier":[""],"providers":[{"billed_charge":196.87,"npi":[1134654080]},{"billed_charge":233.06,"npi":[1134654080]},{"billed_charge":328.08,"npi":[1134654080]},{"billed_charge":330.33,"npi":[1134654080]},{"billed_charge":371.76,"npi":[1134654080]},{"billed_charge":405.21,"npi":[1134654080]},{"billed_charge":1349.79,"npi":[1134654080]}]},{"allowed_amount":0.00,"billing_code_modifier":[""],"providers":[{"billed_charge":196.87,"npi":[1134654080]},{"billed_charge":233.06,"npi":[1134654080]},{"billed_charge":328.08,"npi":[1134654080]},{"billed_charge":330.33,"npi":[1134654080]},{"billed_charge":371.76,"npi":[1134654080]},{"billed_charge":405.21,"npi":[1134654080]},{"billed_charge":1349.79,"npi":[1134654080]}]}]},{"tin":{"type":"ein","value":"811407290"},"service_code":["23"],"billing_class":"institutional","payments":[{"allowed_amount":0.00,"billing_code_modifier":[""],"providers":[{"billed_charge":196.87,"npi":[1134654080]},{"billed_charge":233.06,"npi":[1134654080]},{"billed_charge":328.08,"npi":[1134654080]},{"billed_charge":330.33,"npi":[1134654080]},{"billed_charge":371.76,"npi":[1134654080]},{"billed_charge":405.21,"npi":[1134654080]},{"billed_charge":1349.79,"npi":[1134654080]}]},{"allowed_amount":0.00,"billing_code_modifier":[""],"providers":[{"billed_charge":196.87,"npi":[1134654080]},{"billed_charge":233.06,"npi":[1134654080]},{"billed_charge":328.08,"npi":[1134654080]},{"billed_charge":330.33,"npi":[1134654080]},{"billed_charge":371.76,"npi":[1134654080]},{"billed_charge":405.21,"npi":[1134654080]},{"billed_charge":1349.79,"npi":[1134654080]}]},{"allowed_amount":0.00,"billing_code_modifier":[""],"providers":[{"billed_charge":196.87,"npi":[1134654080]},{"billed_charge":233.06,"npi":[1134654080]},{"billed_charge":328.08,"npi":[1134654080]},{"billed_charge":330.33,"npi":[1134654080]},{"billed_charge":371.76,"npi":[1134654080]},{"billed_charge":405.21,"npi":[1134654080]},{"billed_charge":1349.79,"npi":[1134654080]}]},{"allowed_amount":0.00,"billing_code_modifier":[""],"providers":[{"billed_charge":196.87,"npi":[1134654080]},{"billed_charge":233.06,"npi":[1134654080]},{"billed_charge":328.08,"npi":[1134654080]},{"billed_charge":330.33,"npi":[1134654080]},{"billed_charge":371.76,"npi":[1134654080]},{"billed_charge":405.21,"npi":[1134654080]},{"billed_charge":1349.79,"npi":[1134654080]}]},{"allowed_amount":0.00,"billing_code_modifier":[""],"providers":[{"billed_charge":196.87,"npi":[1134654080]},{"billed_charge":233.06,"npi":[1134654080]},{"billed_charge":328.08,"npi":[1134654080]},{"billed_charge":330.33,"npi":[1134654080]},{"billed_charge":371.76,"npi":[1134654080]},{"billed_charge":405.21,"npi":[1134654080]},{"billed_charge":1349.79,"npi":[1134654080]}]},{"allowed_amount":0.00,"billing_code_modifier":[""],"providers":[{"billed_charge":196.87,"npi":[1134654080]},{"billed_charge":233.06,"npi":[1134654080]},{"billed_charge":328.08,"npi":[1134654080]},{"billed_charge":330.33,"npi":[1134654080]},{"billed_charge":371.76,"npi":[1134654080]},{"billed_charge":405.21,"npi":[1134654080]},{"billed_charge":1349.79,"npi":[1134654080]}]},{"allowed_amount":0.00,"billing_code_modifier":[""],"providers":[{"billed_charge":196.87,"npi":[1134654080]},{"billed_charge":233.06,"npi":[1134654080]},{"billed_charge":328.08,"npi":[1134654080]},{"billed_charge":330.33,"npi":[1134654080]},{"billed_charge":371.76,"npi":[1134654080]},{"billed_charge":405.21,"npi":[1134654080]},{"billed_charge":1349.79,"npi":[1134654080]}]}]},{"tin":{"type":"ein","value":"811407290"},"service_code":["23"],"billing_class":"institutional","payments":[{"allowed_amount":0.00,"billing_code_modifier":[""],"providers":[{"billed_charge":196.87,"npi":[1134654080]},{"billed_charge":233.06,"npi":[1134654080]},{"billed_charge":328.08,"npi":[1134654080]},{"billed_charge":330.33,"npi":[1134654080]},{"billed_charge":371.76,"npi":[1134654080]},{"billed_charge":405.21,"npi":[1134654080]},{"billed_charge":1349.79,"npi":[1134654080]}]},{"allowed_amount":0.00,"billing_code_modifier":[""],"providers":[{"billed_charge":196.87,"npi":[1134654080]},{"billed_charge":233.06,"npi":[1134654080]},{"billed_charge":328.08,"npi":[1134654080]},{"billed_charge":330.33,"npi":[1134654080]},{"billed_charge":371.76,"npi":[1134654080]},{"billed_charge":405.21,"npi":[1134654080]},{"billed_charge":1349.79,"npi":[1134654080]}]},{"allowed_amount":0.00,"billing_code_modifier":[""],"providers":[{"billed_charge":196.87,"npi":[1134654080]},{"billed_charge":233.06,"npi":[1134654080]},{"billed_charge":328.08,"npi":[1134654080]},{"billed_charge":330.33,"npi":[1134654080]},{"billed_charge":371.76,"npi":[1134654080]},{"billed_charge":405.21,"npi":[1134654080]},{"billed_charge":1349.79,"npi":[1134654080]}]},{"allowed_amount":0.00,"billing_code_modifier":[""],"providers":[{"billed_charge":196.87,"npi":[1134654080]},{"billed_charge":233.06,"npi":[1134654080]},{"billed_charge":328.08,"npi":[1134654080]},{"billed_charge":330.33,"npi":[1134654080]},{"billed_charge":371.76,"npi":[1134654080]},{"billed_charge":405.21,"npi":[1134654080]},{"billed_charge":1349.79,"npi":[1134654080]}]},{"allowed_amount":0.00,"billing_code_modifier":[""],"providers":[{"billed_charge":196.87,"npi":[1134654080]},{"billed_charge":233.06,"npi":[1134654080]},{"billed_charge":328.08,"npi":[1134654080]},{"billed_charge":330.33,"npi":[1134654080]},{"billed_charge":371.76,"npi":[1134654080]},{"billed_charge":405.21,"npi":[1134654080]},{"billed_charge":1349.79,"npi":[1134654080]}]},{"allowed_amount":0.00,"billing_code_modifier":[""],"providers":[{"billed_charge":196.87,"npi":[1134654080]},{"billed_charge":233.06,"npi":[1134654080]},{"billed_charge":328.08,"npi":[1134654080]},{"billed_charge":330.33,"npi":[1134654080]},{"billed_charge":371.76,"npi":[1134654080]},{"billed_charge":405.21,"npi":[1134654080]},{"billed_charge":1349.79,"npi":[1134654080]}]},{"allowed_amount":0.00,"billing_code_modifier":[""],"providers":[{"billed_charge":196.87,"npi":[1134654080]},{"billed_charge":233.06,"npi":[1134654080]},{"billed_charge":328.08,"npi":[1134654080]},{"billed_charge":330.33,"npi":[1134654080]},{"billed_charge":371.76,"npi":[1134654080]},{"billed_charge":405.21,"npi":[1134654080]},{"billed_charge":1349.79,"npi":[1134654080]}]}]},{"tin":{"type":"ein","value":"811407290"},"service_code":["23"],"billing_class":"institutional","payments":[{"allowed_amount":0.00,"billing_code_modifier":[""],"providers":[{"billed_charge":196.87,"npi":[1134654080]},{"billed_charge":233.06,"npi":[1134654080]},{"billed_charge":328.08,"npi":[1134654080]},{"billed_charge":330.33,"npi":[1134654080]},{"billed_charge":371.76,"npi":[1134654080]},{"billed_charge":405.21,"npi":[1134654080]},{"billed_charge":1349.79,"npi":[1134654080]}]},{"allowed_amount":0.00,"billing_code_modifier":[""],"providers":[{"billed_charge":196.87,"npi":[1134654080]},{"billed_charge":233.06,"npi":[1134654080]},{"billed_charge":328.08,"npi":[1134654080]},{"billed_charge":330.33,"npi":[1134654080]},{"billed_charge":371.76,"npi":[1134654080]},{"billed_charge":405.21,"npi":[1134654080]},{"billed_charge":1349.79,"npi":[1134654080]}]},{"allowed_amount":0.00,"billing_code_modifier":[""],"providers":[{"billed_charge":196.87,"npi":[1134654080]},{"billed_charge":233.06,"npi":[1134654080]},{"billed_charge":328.08,"npi":[1134654080]},{"billed_charge":330.33,"npi":[1134654080]},{"billed_charge":371.76,"npi":[1134654080]},{"billed_charge":405.21,"npi":[1134654080]},{"billed_charge":1349.79,"npi":[1134654080]}]},{"allowed_amount":0.00,"billing_code_modifier":[""],"providers":[{"billed_charge":196.87,"npi":[1134654080]},{"billed_charge":233.06,"npi":[1134654080]},{"billed_charge":328.08,"npi":[1134654080]},{"billed_charge":330.33,"npi":[1134654080]},{"billed_charge":371.76,"npi":[1134654080]},{"billed_charge":405.21,"npi":[1134654080]},{"billed_charge":1349.79,"npi":[1134654080]}]},{"allowed_amount":0.00,"billing_code_modifier":[""],"providers":[{"billed_charge":196.87,"npi":[1134654080]},{"billed_charge":233.06,"npi":[1134654080]},{"billed_charge":328.08,"npi":[1134654080]},{"billed_charge":330.33,"npi":[1134654080]},{"billed_charge":371.76,"npi":[1134654080]},{"billed_charge":405.21,"npi":[1134654080]},{"billed_charge":1349.79,"npi":[1134654080]}]},{"allowed_amount":0.00,"billing_code_modifier":[""],"providers":[{"billed_charge":196.87,"npi":[1134654080]},{"billed_charge":233.06,"npi":[1134654080]},{"billed_charge":328.08,"npi":[1134654080]},{"billed_charge":330.33,"npi":[1134654080]},{"billed_charge":371.76,"npi":[1134654080]},{"billed_charge":405.21,"npi":[1134654080]},{"billed_charge":1349.79,"npi":[1134654080]}]},{"allowed_amount":0.00,"billing_code_modifier":[""],"providers":[{"billed_charge":196.87,"npi":[1134654080]},{"billed_charge":233.06,"npi":[1134654080]},{"billed_charge":328.08,"npi":[1134654080]},{"billed_charge":330.33,"npi":[1134654080]},{"billed_charge":371.76,"npi":[1134654080]},{"billed_charge":405.21,"npi":[1134654080]},{"billed_charge":1349.79,"npi":[1134654080]}]}]},{"tin":{"type":"ein","value":"815287624"},"service_code":["23"],"billing_class":"institutional","payments":[{"allowed_amount":0.00,"billing_code_modifier":[""],"providers":[{"billed_charge":816.53,"npi":[1174059208]}]}]},{"tin":{"type":"ein","value":"843475920"},"service_code":["23"],"billing_class":"institutional","payments":[{"allowed_amount":0.00,"billing_code_modifier":[""],"providers":[{"billed_charge":100.00,"npi":[1063051159]},{"billed_charge":111.00,"npi":[1063051159]},{"billed_charge":200.00,"npi":[1063051159]},{"billed_charge":250.00,"npi":[1063051159]}]},{"allowed_amount":0.00,"billing_code_modifier":[""],"providers":[{"billed_charge":100.00,"npi":[1063051159]},{"billed_charge":111.00,"npi":[1063051159]},{"billed_charge":200.00,"npi":[1063051159]},{"billed_charge":250.00,"npi":[1063051159]}]},{"allowed_amount":0.00,"billing_code_modifier":[""],"providers":[{"billed_charge":100.00,"npi":[1063051159]},{"billed_charge":111.00,"npi":[1063051159]},{"billed_charge":200.00,"npi":[1063051159]},{"billed_charge":250.00,"npi":[1063051159]}]},{"allowed_amount":0.00,"billing_code_modifier":[""],"providers":[{"billed_charge":100.00,"npi":[1063051159]},{"billed_charge":111.00,"npi":[1063051159]},{"billed_charge":200.00,"npi":[1063051159]},{"billed_charge":250.00,"npi":[1063051159]}]}]},{"tin":{"type":"ein","value":"843475920"},"service_code":["23"],"billing_class":"institutional","payments":[{"allowed_amount":0.00,"billing_code_modifier":[""],"providers":[{"billed_charge":100.00,"npi":[1063051159]},{"billed_charge":111.00,"npi":[1063051159]},{"billed_charge":200.00,"npi":[1063051159]},{"billed_charge":250.00,"npi":[1063051159]}]},{"allowed_amount":0.00,"billing_code_modifier":[""],"providers":[{"billed_charge":100.00,"npi":[1063051159]},{"billed_charge":111.00,"npi":[1063051159]},{"billed_charge":200.00,"npi":[1063051159]},{"billed_charge":250.00,"npi":[1063051159]}]},{"allowed_amount":0.00,"billing_code_modifier":[""],"providers":[{"billed_charge":100.00,"npi":[1063051159]},{"billed_charge":111.00,"npi":[1063051159]},{"billed_charge":200.00,"npi":[1063051159]},{"billed_charge":250.00,"npi":[1063051159]}]},{"allowed_amount":0.00,"billing_code_modifier":[""],"providers":[{"billed_charge":100.00,"npi":[1063051159]},{"billed_charge":111.00,"npi":[1063051159]},{"billed_charge":200.00,"npi":[1063051159]},{"billed_charge":250.00,"npi":[1063051159]}]}]},{"tin":{"type":"ein","value":"843475920"},"service_code":["23"],"billing_class":"institutional","payments":[{"allowed_amount":0.00,"billing_code_modifier":[""],"providers":[{"billed_charge":100.00,"npi":[1063051159]},{"billed_charge":111.00,"npi":[1063051159]},{"billed_charge":200.00,"npi":[1063051159]},{"billed_charge":250.00,"npi":[1063051159]}]},{"allowed_amount":0.00,"billing_code_modifier":[""],"providers":[{"billed_charge":100.00,"npi":[1063051159]},{"billed_charge":111.00,"npi":[1063051159]},{"billed_charge":200.00,"npi":[1063051159]},{"billed_charge":250.00,"npi":[1063051159]}]},{"allowed_amount":0.00,"billing_code_modifier":[""],"providers":[{"billed_charge":100.00,"npi":[1063051159]},{"billed_charge":111.00,"npi":[1063051159]},{"billed_charge":200.00,"npi":[1063051159]},{"billed_charge":250.00,"npi":[1063051159]}]},{"allowed_amount":0.00,"billing_code_modifier":[""],"providers":[{"billed_charge":100.00,"npi":[1063051159]},{"billed_charge":111.00,"npi":[1063051159]},{"billed_charge":200.00,"npi":[1063051159]},{"billed_charge":250.00,"npi":[1063051159]}]}]},{"tin":{"type":"ein","value":"843475920"},"service_code":["23"],"billing_class":"institutional","payments":[{"allowed_amount":0.00,"billing_code_modifier":[""],"providers":[{"billed_charge":100.00,"npi":[1063051159]},{"billed_charge":111.00,"npi":[1063051159]},{"billed_charge":200.00,"npi":[1063051159]},{"billed_charge":250.00,"npi":[1063051159]}]},{"allowed_amount":0.00,"billing_code_modifier":[""],"providers":[{"billed_charge":100.00,"npi":[1063051159]},{"billed_charge":111.00,"npi":[1063051159]},{"billed_charge":200.00,"npi":[1063051159]},{"billed_charge":250.00,"npi":[1063051159]}]},{"allowed_amount":0.00,"billing_code_modifier":[""],"providers":[{"billed_charge":100.00,"npi":[1063051159]},{"billed_charge":111.00,"npi":[1063051159]},{"billed_charge":200.00,"npi":[1063051159]},{"billed_charge":250.00,"npi":[1063051159]}]},{"allowed_amount":0.00,"billing_code_modifier":[""],"providers":[{"billed_charge":100.00,"npi":[1063051159]},{"billed_charge":111.00,"npi":[1063051159]},{"billed_charge":200.00,"npi":[1063051159]},{"billed_charge":250.00,"npi":[1063051159]}]}]},{"tin":{"type":"ein","value":"862127343"},"service_code":["23"],"billing_class":"institutional","payments":[{"allowed_amount":0.00,"billing_code_modifier":[""],"providers":[{"billed_charge":339.11,"npi":[1457935611]},{"billed_charge":349.61,"npi":[1457935611]},{"billed_charge":372.05,"npi":[1457935611]},{"billed_charge":427.25,"npi":[1457935611]},{"billed_charge":556.19,"npi":[1457935611]},{"billed_charge":560.94,"npi":[1457935611]},{"billed_charge":579.35,"npi":[1457935611]}]},{"allowed_amount":0.00,"billing_code_modifier":[""],"providers":[{"billed_charge":339.11,"npi":[1457935611]},{"billed_charge":349.61,"npi":[1457935611]},{"billed_charge":372.05,"npi":[1457935611]},{"billed_charge":427.25,"npi":[1457935611]},{"billed_charge":556.19,"npi":[1457935611]},{"billed_charge":560.94,"npi":[1457935611]},{"billed_charge":579.35,"npi":[1457935611]}]},{"allowed_amount":0.00,"billing_code_modifier":[""],"providers":[{"billed_charge":339.11,"npi":[1457935611]},{"billed_charge":349.61,"npi":[1457935611]},{"billed_charge":372.05,"npi":[1457935611]},{"billed_charge":427.25,"npi":[1457935611]},{"billed_charge":556.19,"npi":[1457935611]},{"billed_charge":560.94,"npi":[1457935611]},{"billed_charge":579.35,"npi":[1457935611]}]},{"allowed_amount":0.00,"billing_code_modifier":[""],"providers":[{"billed_charge":339.11,"npi":[1457935611]},{"billed_charge":349.61,"npi":[1457935611]},{"billed_charge":372.05,"npi":[1457935611]},{"billed_charge":427.25,"npi":[1457935611]},{"billed_charge":556.19,"npi":[1457935611]},{"billed_charge":560.94,"npi":[1457935611]},{"billed_charge":579.35,"npi":[1457935611]}]},{"allowed_amount":0.00,"billing_code_modifier":[""],"providers":[{"billed_charge":339.11,"npi":[1457935611]},{"billed_charge":349.61,"npi":[1457935611]},{"billed_charge":372.05,"npi":[1457935611]},{"billed_charge":427.25,"npi":[1457935611]},{"billed_charge":556.19,"npi":[1457935611]},{"billed_charge":560.94,"npi":[1457935611]},{"billed_charge":579.35,"npi":[1457935611]}]},{"allowed_amount":0.00,"billing_code_modifier":[""],"providers":[{"billed_charge":339.11,"npi":[1457935611]},{"billed_charge":349.61,"npi":[1457935611]},{"billed_charge":372.05,"npi":[1457935611]},{"billed_charge":427.25,"npi":[1457935611]},{"billed_charge":556.19,"npi":[1457935611]},{"billed_charge":560.94,"npi":[1457935611]},{"billed_charge":579.35,"npi":[1457935611]}]},{"allowed_amount":0.00,"billing_code_modifier":[""],"providers":[{"billed_charge":339.11,"npi":[1457935611]},{"billed_charge":349.61,"npi":[1457935611]},{"billed_charge":372.05,"npi":[1457935611]},{"billed_charge":427.25,"npi":[1457935611]},{"billed_charge":556.19,"npi":[1457935611]},{"billed_charge":560.94,"npi":[1457935611]},{"billed_charge":579.35,"npi":[1457935611]}]}]},{"tin":{"type":"ein","value":"862127343"},"service_code":["23"],"billing_class":"institutional","payments":[{"allowed_amount":0.00,"billing_code_modifier":[""],"providers":[{"billed_charge":339.11,"npi":[1457935611]},{"billed_charge":349.61,"npi":[1457935611]},{"billed_charge":372.05,"npi":[1457935611]},{"billed_charge":427.25,"npi":[1457935611]},{"billed_charge":556.19,"npi":[1457935611]},{"billed_charge":560.94,"npi":[1457935611]},{"billed_charge":579.35,"npi":[1457935611]}]},{"allowed_amount":0.00,"billing_code_modifier":[""],"providers":[{"billed_charge":339.11,"npi":[1457935611]},{"billed_charge":349.61,"npi":[1457935611]},{"billed_charge":372.05,"npi":[1457935611]},{"billed_charge":427.25,"npi":[1457935611]},{"billed_charge":556.19,"npi":[1457935611]},{"billed_charge":560.94,"npi":[1457935611]},{"billed_charge":579.35,"npi":[1457935611]}]},{"allowed_amount":0.00,"billing_code_modifier":[""],"providers":[{"billed_charge":339.11,"npi":[1457935611]},{"billed_charge":349.61,"npi":[1457935611]},{"billed_charge":372.05,"npi":[1457935611]},{"billed_charge":427.25,"npi":[1457935611]},{"billed_charge":556.19,"npi":[1457935611]},{"billed_charge":560.94,"npi":[1457935611]},{"billed_charge":579.35,"npi":[1457935611]}]},{"allowed_amount":0.00,"billing_code_modifier":[""],"providers":[{"billed_charge":339.11,"npi":[1457935611]},{"billed_charge":349.61,"npi":[1457935611]},{"billed_charge":372.05,"npi":[1457935611]},{"billed_charge":427.25,"npi":[1457935611]},{"billed_charge":556.19,"npi":[1457935611]},{"billed_charge":560.94,"npi":[1457935611]},{"billed_charge":579.35,"npi":[1457935611]}]},{"allowed_amount":0.00,"billing_code_modifier":[""],"providers":[{"billed_charge":339.11,"npi":[1457935611]},{"billed_charge":349.61,"npi":[1457935611]},{"billed_charge":372.05,"npi":[1457935611]},{"billed_charge":427.25,"npi":[1457935611]},{"billed_charge":556.19,"npi":[1457935611]},{"billed_charge":560.94,"npi":[1457935611]},{"billed_charge":579.35,"npi":[1457935611]}]},{"allowed_amount":0.00,"billing_code_modifier":[""],"providers":[{"billed_charge":339.11,"npi":[1457935611]},{"billed_charge":349.61,"npi":[1457935611]},{"billed_charge":372.05,"npi":[1457935611]},{"billed_charge":427.25,"npi":[1457935611]},{"billed_charge":556.19,"npi":[1457935611]},{"billed_charge":560.94,"npi":[1457935611]},{"billed_charge":579.35,"npi":[1457935611]}]},{"allowed_amount":0.00,"billing_code_modifier":[""],"providers":[{"billed_charge":339.11,"npi":[1457935611]},{"billed_charge":349.61,"npi":[1457935611]},{"billed_charge":372.05,"npi":[1457935611]},{"billed_charge":427.25,"npi":[1457935611]},{"billed_charge":556.19,"npi":[1457935611]},{"billed_charge":560.94,"npi":[1457935611]},{"billed_charge":579.35,"npi":[1457935611]}]}]},{"tin":{"type":"ein","value":"862127343"},"service_code":["23"],"billing_class":"institutional","payments":[{"allowed_amount":0.00,"billing_code_modifier":[""],"providers":[{"billed_charge":339.11,"npi":[1457935611]},{"billed_charge":349.61,"npi":[1457935611]},{"billed_charge":372.05,"npi":[1457935611]},{"billed_charge":427.25,"npi":[1457935611]},{"billed_charge":556.19,"npi":[1457935611]},{"billed_charge":560.94,"npi":[1457935611]},{"billed_charge":579.35,"npi":[1457935611]}]},{"allowed_amount":0.00,"billing_code_modifier":[""],"providers":[{"billed_charge":339.11,"npi":[1457935611]},{"billed_charge":349.61,"npi":[1457935611]},{"billed_charge":372.05,"npi":[1457935611]},{"billed_charge":427.25,"npi":[1457935611]},{"billed_charge":556.19,"npi":[1457935611]},{"billed_charge":560.94,"npi":[1457935611]},{"billed_charge":579.35,"npi":[1457935611]}]},{"allowed_amount":0.00,"billing_code_modifier":[""],"providers":[{"billed_charge":339.11,"npi":[1457935611]},{"billed_charge":349.61,"npi":[1457935611]},{"billed_charge":372.05,"npi":[1457935611]},{"billed_charge":427.25,"npi":[1457935611]},{"billed_charge":556.19,"npi":[1457935611]},{"billed_charge":560.94,"npi":[1457935611]},{"billed_charge":579.35,"npi":[1457935611]}]},{"allowed_amount":0.00,"billing_code_modifier":[""],"providers":[{"billed_charge":339.11,"npi":[1457935611]},{"billed_charge":349.61,"npi":[1457935611]},{"billed_charge":372.05,"npi":[1457935611]},{"billed_charge":427.25,"npi":[1457935611]},{"billed_charge":556.19,"npi":[1457935611]},{"billed_charge":560.94,"npi":[1457935611]},{"billed_charge":579.35,"npi":[1457935611]}]},{"allowed_amount":0.00,"billing_code_modifier":[""],"providers":[{"billed_charge":339.11,"npi":[1457935611]},{"billed_charge":349.61,"npi":[1457935611]},{"billed_charge":372.05,"npi":[1457935611]},{"billed_charge":427.25,"npi":[1457935611]},{"billed_charge":556.19,"npi":[1457935611]},{"billed_charge":560.94,"npi":[1457935611]},{"billed_charge":579.35,"npi":[1457935611]}]},{"allowed_amount":0.00,"billing_code_modifier":[""],"providers":[{"billed_charge":339.11,"npi":[1457935611]},{"billed_charge":349.61,"npi":[1457935611]},{"billed_charge":372.05,"npi":[1457935611]},{"billed_charge":427.25,"npi":[1457935611]},{"billed_charge":556.19,"npi":[1457935611]},{"billed_charge":560.94,"npi":[1457935611]},{"billed_charge":579.35,"npi":[1457935611]}]},{"allowed_amount":0.00,"billing_code_modifier":[""],"providers":[{"billed_charge":339.11,"npi":[1457935611]},{"billed_charge":349.61,"npi":[1457935611]},{"billed_charge":372.05,"npi":[1457935611]},{"billed_charge":427.25,"npi":[1457935611]},{"billed_charge":556.19,"npi":[1457935611]},{"billed_charge":560.94,"npi":[1457935611]},{"billed_charge":579.35,"npi":[1457935611]}]}]},{"tin":{"type":"ein","value":"862127343"},"service_code":["23"],"billing_class":"institutional","payments":[{"allowed_amount":0.00,"billing_code_modifier":[""],"providers":[{"billed_charge":339.11,"npi":[1457935611]},{"billed_charge":349.61,"npi":[1457935611]},{"billed_charge":372.05,"npi":[1457935611]},{"billed_charge":427.25,"npi":[1457935611]},{"billed_charge":556.19,"npi":[1457935611]},{"billed_charge":560.94,"npi":[1457935611]},{"billed_charge":579.35,"npi":[1457935611]}]},{"allowed_amount":0.00,"billing_code_modifier":[""],"providers":[{"billed_charge":339.11,"npi":[1457935611]},{"billed_charge":349.61,"npi":[1457935611]},{"billed_charge":372.05,"npi":[1457935611]},{"billed_charge":427.25,"npi":[1457935611]},{"billed_charge":556.19,"npi":[1457935611]},{"billed_charge":560.94,"npi":[1457935611]},{"billed_charge":579.35,"npi":[1457935611]}]},{"allowed_amount":0.00,"billing_code_modifier":[""],"providers":[{"billed_charge":339.11,"npi":[1457935611]},{"billed_charge":349.61,"npi":[1457935611]},{"billed_charge":372.05,"npi":[1457935611]},{"billed_charge":427.25,"npi":[1457935611]},{"billed_charge":556.19,"npi":[1457935611]},{"billed_charge":560.94,"npi":[1457935611]},{"billed_charge":579.35,"npi":[1457935611]}]},{"allowed_amount":0.00,"billing_code_modifier":[""],"providers":[{"billed_charge":339.11,"npi":[1457935611]},{"billed_charge":349.61,"npi":[1457935611]},{"billed_charge":372.05,"npi":[1457935611]},{"billed_charge":427.25,"npi":[1457935611]},{"billed_charge":556.19,"npi":[1457935611]},{"billed_charge":560.94,"npi":[1457935611]},{"billed_charge":579.35,"npi":[1457935611]}]},{"allowed_amount":0.00,"billing_code_modifier":[""],"providers":[{"billed_charge":339.11,"npi":[1457935611]},{"billed_charge":349.61,"npi":[1457935611]},{"billed_charge":372.05,"npi":[1457935611]},{"billed_charge":427.25,"npi":[1457935611]},{"billed_charge":556.19,"npi":[1457935611]},{"billed_charge":560.94,"npi":[1457935611]},{"billed_charge":579.35,"npi":[1457935611]}]},{"allowed_amount":0.00,"billing_code_modifier":[""],"providers":[{"billed_charge":339.11,"npi":[1457935611]},{"billed_charge":349.61,"npi":[1457935611]},{"billed_charge":372.05,"npi":[1457935611]},{"billed_charge":427.25,"npi":[1457935611]},{"billed_charge":556.19,"npi":[1457935611]},{"billed_charge":560.94,"npi":[1457935611]},{"billed_charge":579.35,"npi":[1457935611]}]},{"allowed_amount":0.00,"billing_code_modifier":[""],"providers":[{"billed_charge":339.11,"npi":[1457935611]},{"billed_charge":349.61,"npi":[1457935611]},{"billed_charge":372.05,"npi":[1457935611]},{"billed_charge":427.25,"npi":[1457935611]},{"billed_charge":556.19,"npi":[1457935611]},{"billed_charge":560.94,"npi":[1457935611]},{"billed_charge":579.35,"npi":[1457935611]}]}]},{"tin":{"type":"ein","value":"862127343"},"service_code":["23"],"billing_class":"institutional","payments":[{"allowed_amount":0.00,"billing_code_modifier":[""],"providers":[{"billed_charge":339.11,"npi":[1457935611]},{"billed_charge":349.61,"npi":[1457935611]},{"billed_charge":372.05,"npi":[1457935611]},{"billed_charge":427.25,"npi":[1457935611]},{"billed_charge":556.19,"npi":[1457935611]},{"billed_charge":560.94,"npi":[1457935611]},{"billed_charge":579.35,"npi":[1457935611]}]},{"allowed_amount":0.00,"billing_code_modifier":[""],"providers":[{"billed_charge":339.11,"npi":[1457935611]},{"billed_charge":349.61,"npi":[1457935611]},{"billed_charge":372.05,"npi":[1457935611]},{"billed_charge":427.25,"npi":[1457935611]},{"billed_charge":556.19,"npi":[1457935611]},{"billed_charge":560.94,"npi":[1457935611]},{"billed_charge":579.35,"npi":[1457935611]}]},{"allowed_amount":0.00,"billing_code_modifier":[""],"providers":[{"billed_charge":339.11,"npi":[1457935611]},{"billed_charge":349.61,"npi":[1457935611]},{"billed_charge":372.05,"npi":[1457935611]},{"billed_charge":427.25,"npi":[1457935611]},{"billed_charge":556.19,"npi":[1457935611]},{"billed_charge":560.94,"npi":[1457935611]},{"billed_charge":579.35,"npi":[1457935611]}]},{"allowed_amount":0.00,"billing_code_modifier":[""],"providers":[{"billed_charge":339.11,"npi":[1457935611]},{"billed_charge":349.61,"npi":[1457935611]},{"billed_charge":372.05,"npi":[1457935611]},{"billed_charge":427.25,"npi":[1457935611]},{"billed_charge":556.19,"npi":[1457935611]},{"billed_charge":560.94,"npi":[1457935611]},{"billed_charge":579.35,"npi":[1457935611]}]},{"allowed_amount":0.00,"billing_code_modifier":[""],"providers":[{"billed_charge":339.11,"npi":[1457935611]},{"billed_charge":349.61,"npi":[1457935611]},{"billed_charge":372.05,"npi":[1457935611]},{"billed_charge":427.25,"npi":[1457935611]},{"billed_charge":556.19,"npi":[1457935611]},{"billed_charge":560.94,"npi":[1457935611]},{"billed_charge":579.35,"npi":[1457935611]}]},{"allowed_amount":0.00,"billing_code_modifier":[""],"providers":[{"billed_charge":339.11,"npi":[1457935611]},{"billed_charge":349.61,"npi":[1457935611]},{"billed_charge":372.05,"npi":[1457935611]},{"billed_charge":427.25,"npi":[1457935611]},{"billed_charge":556.19,"npi":[1457935611]},{"billed_charge":560.94,"npi":[1457935611]},{"billed_charge":579.35,"npi":[1457935611]}]},{"allowed_amount":0.00,"billing_code_modifier":[""],"providers":[{"billed_charge":339.11,"npi":[1457935611]},{"billed_charge":349.61,"npi":[1457935611]},{"billed_charge":372.05,"npi":[1457935611]},{"billed_charge":427.25,"npi":[1457935611]},{"billed_charge":556.19,"npi":[1457935611]},{"billed_charge":560.94,"npi":[1457935611]},{"billed_charge":579.35,"npi":[1457935611]}]}]},{"tin":{"type":"ein","value":"862127343"},"service_code":["23"],"billing_class":"institutional","payments":[{"allowed_amount":0.00,"billing_code_modifier":[""],"providers":[{"billed_charge":339.11,"npi":[1457935611]},{"billed_charge":349.61,"npi":[1457935611]},{"billed_charge":372.05,"npi":[1457935611]},{"billed_charge":427.25,"npi":[1457935611]},{"billed_charge":556.19,"npi":[1457935611]},{"billed_charge":560.94,"npi":[1457935611]},{"billed_charge":579.35,"npi":[1457935611]}]},{"allowed_amount":0.00,"billing_code_modifier":[""],"providers":[{"billed_charge":339.11,"npi":[1457935611]},{"billed_charge":349.61,"npi":[1457935611]},{"billed_charge":372.05,"npi":[1457935611]},{"billed_charge":427.25,"npi":[1457935611]},{"billed_charge":556.19,"npi":[1457935611]},{"billed_charge":560.94,"npi":[1457935611]},{"billed_charge":579.35,"npi":[1457935611]}]},{"allowed_amount":0.00,"billing_code_modifier":[""],"providers":[{"billed_charge":339.11,"npi":[1457935611]},{"billed_charge":349.61,"npi":[1457935611]},{"billed_charge":372.05,"npi":[1457935611]},{"billed_charge":427.25,"npi":[1457935611]},{"billed_charge":556.19,"npi":[1457935611]},{"billed_charge":560.94,"npi":[1457935611]},{"billed_charge":579.35,"npi":[1457935611]}]},{"allowed_amount":0.00,"billing_code_modifier":[""],"providers":[{"billed_charge":339.11,"npi":[1457935611]},{"billed_charge":349.61,"npi":[1457935611]},{"billed_charge":372.05,"npi":[1457935611]},{"billed_charge":427.25,"npi":[1457935611]},{"billed_charge":556.19,"npi":[1457935611]},{"billed_charge":560.94,"npi":[1457935611]},{"billed_charge":579.35,"npi":[1457935611]}]},{"allowed_amount":0.00,"billing_code_modifier":[""],"providers":[{"billed_charge":339.11,"npi":[1457935611]},{"billed_charge":349.61,"npi":[1457935611]},{"billed_charge":372.05,"npi":[1457935611]},{"billed_charge":427.25,"npi":[1457935611]},{"billed_charge":556.19,"npi":[1457935611]},{"billed_charge":560.94,"npi":[1457935611]},{"billed_charge":579.35,"npi":[1457935611]}]},{"allowed_amount":0.00,"billing_code_modifier":[""],"providers":[{"billed_charge":339.11,"npi":[1457935611]},{"billed_charge":349.61,"npi":[1457935611]},{"billed_charge":372.05,"npi":[1457935611]},{"billed_charge":427.25,"npi":[1457935611]},{"billed_charge":556.19,"npi":[1457935611]},{"billed_charge":560.94,"npi":[1457935611]},{"billed_charge":579.35,"npi":[1457935611]}]},{"allowed_amount":0.00,"billing_code_modifier":[""],"providers":[{"billed_charge":339.11,"npi":[1457935611]},{"billed_charge":349.61,"npi":[1457935611]},{"billed_charge":372.05,"npi":[1457935611]},{"billed_charge":427.25,"npi":[1457935611]},{"billed_charge":556.19,"npi":[1457935611]},{"billed_charge":560.94,"npi":[1457935611]},{"billed_charge":579.35,"npi":[1457935611]}]}]},{"tin":{"type":"ein","value":"862127343"},"service_code":["23"],"billing_class":"institutional","payments":[{"allowed_amount":0.00,"billing_code_modifier":[""],"providers":[{"billed_charge":339.11,"npi":[1457935611]},{"billed_charge":349.61,"npi":[1457935611]},{"billed_charge":372.05,"npi":[1457935611]},{"billed_charge":427.25,"npi":[1457935611]},{"billed_charge":556.19,"npi":[1457935611]},{"billed_charge":560.94,"npi":[1457935611]},{"billed_charge":579.35,"npi":[1457935611]}]},{"allowed_amount":0.00,"billing_code_modifier":[""],"providers":[{"billed_charge":339.11,"npi":[1457935611]},{"billed_charge":349.61,"npi":[1457935611]},{"billed_charge":372.05,"npi":[1457935611]},{"billed_charge":427.25,"npi":[1457935611]},{"billed_charge":556.19,"npi":[1457935611]},{"billed_charge":560.94,"npi":[1457935611]},{"billed_charge":579.35,"npi":[1457935611]}]},{"allowed_amount":0.00,"billing_code_modifier":[""],"providers":[{"billed_charge":339.11,"npi":[1457935611]},{"billed_charge":349.61,"npi":[1457935611]},{"billed_charge":372.05,"npi":[1457935611]},{"billed_charge":427.25,"npi":[1457935611]},{"billed_charge":556.19,"npi":[1457935611]},{"billed_charge":560.94,"npi":[1457935611]},{"billed_charge":579.35,"npi":[1457935611]}]},{"allowed_amount":0.00,"billing_code_modifier":[""],"providers":[{"billed_charge":339.11,"npi":[1457935611]},{"billed_charge":349.61,"npi":[1457935611]},{"billed_charge":372.05,"npi":[1457935611]},{"billed_charge":427.25,"npi":[1457935611]},{"billed_charge":556.19,"npi":[1457935611]},{"billed_charge":560.94,"npi":[1457935611]},{"billed_charge":579.35,"npi":[1457935611]}]},{"allowed_amount":0.00,"billing_code_modifier":[""],"providers":[{"billed_charge":339.11,"npi":[1457935611]},{"billed_charge":349.61,"npi":[1457935611]},{"billed_charge":372.05,"npi":[1457935611]},{"billed_charge":427.25,"npi":[1457935611]},{"billed_charge":556.19,"npi":[1457935611]},{"billed_charge":560.94,"npi":[1457935611]},{"billed_charge":579.35,"npi":[1457935611]}]},{"allowed_amount":0.00,"billing_code_modifier":[""],"providers":[{"billed_charge":339.11,"npi":[1457935611]},{"billed_charge":349.61,"npi":[1457935611]},{"billed_charge":372.05,"npi":[1457935611]},{"billed_charge":427.25,"npi":[1457935611]},{"billed_charge":556.19,"npi":[1457935611]},{"billed_charge":560.94,"npi":[1457935611]},{"billed_charge":579.35,"npi":[1457935611]}]},{"allowed_amount":0.00,"billing_code_modifier":[""],"providers":[{"billed_charge":339.11,"npi":[1457935611]},{"billed_charge":349.61,"npi":[1457935611]},{"billed_charge":372.05,"npi":[1457935611]},{"billed_charge":427.25,"npi":[1457935611]},{"billed_charge":556.19,"npi":[1457935611]},{"billed_charge":560.94,"npi":[1457935611]},{"billed_charge":579.35,"npi":[1457935611]}]}]},{"tin":{"type":"ein","value":"931585055"},"service_code":["23"],"billing_class":"institutional","payments":[{"allowed_amount":0.00,"billing_code_modifier":[""],"providers":[{"billed_charge":330.63,"npi":[1073297875]}]}]}]},{"name":"PHARMACY","billing_code_type":"RC","billing_code_type_version":"UB04","billing_code":"0250","description":"PHARMACY","allowed_amounts":[{"tin":{"type":"ein","value":"203176826"},"service_code":["65"],"billing_class":"institutional","payments":[{"allowed_amount":0.04,"billing_code_modifier":[""],"providers":[{"billed_charge":0.68,"npi":[1639132772,1811350473]}]}]},{"tin":{"type":"ein","value":"203176826"},"service_code":["65"],"billing_class":"institutional","payments":[{"allowed_amount":0.06,"billing_code_modifier":[""],"providers":[{"billed_charge":0.94,"npi":[1639132772,1811350473]}]}]}]},{"name":"PSYCHIATRIC\/PSYCHOLOGICAL TRT: INTENSIVE OUT SERV","billing_code_type":"RC","billing_code_type_version":"UB04","billing_code":"0906","description":"PSYCHIATRIC\/PSYCHOLOGICAL TRT: INTENSIVE OUT SERV","allowed_amounts":[{"tin":{"type":"ein","value":"371937501"},"service_code":["22","99"],"billing_class":"institutional","payments":[{"allowed_amount":278.23,"billing_code_modifier":[""],"providers":[{"billed_charge":2995.00,"npi":[1285742841,1306407549]}]}]}]},{"name":"SPECIMEN COLLECT COVID-19","billing_code_type":"HCPCS","billing_code_type_version":"HCPCS LEVEL II 2021","billing_code":"G2023","description":"SPECIMEN COLLECT COVID-19","allowed_amounts":[{"tin":{"type":"ein","value":"830578765"},"service_code":["81"],"billing_class":"professional","payments":[{"allowed_amount":29.32,"billing_code_modifier":[""],"providers":[{"billed_charge":50.00,"npi":[1033759089,1710516471,1861987083]}]}]},{"tin":{"type":"ein","value":"873741554"},"service_code":["81"],"billing_class":"professional","payments":[{"allowed_amount":29.32,"billing_code_modifier":[""],"providers":[{"billed_charge":97.00,"npi":[1073272613,1629073580]}]}]}]}]}
