{"reporting_entity_name": "IEC Group_DBA AmeriBen",
	"reporting_entity_type": "Third Party Administrator",
	"plan_name": "BELGIOIOSO CHEESE INC",
	"plan_id_type": "ein",
	"plan_id": "391324847",
	"plan_market_type": "group",
	"last_updated_on": "2025-07-01","Version": "1.0.0","out_of_network":[{"name":"APPL MODALITY 1\/> AREAS TRACTION MECHANICAL","billing_code_type":"CPT","billing_code_type_version":"2020","billing_code":"97012","description":"APPL MODALITY 1\/> AREAS TRACTION MECHANICAL","allowed_amounts":[{"tin":{"type":"ein","value":"274115874"},"service_code":["11"],"billing_class":"professional","payments":[{"allowed_amount":11.66,"billing_code_modifier":[""],"providers":[{"billed_charge":25.00,"npi":[1366745150,1639472772]}]}]}]},{"name":"CHIROPRACTIC MANIPULATIVE TX SPINAL 1-2 REGIONS","billing_code_type":"CPT","billing_code_type_version":"2020","billing_code":"98940","description":"CHIROPRACTIC MANIPULATIVE TX SPINAL 1-2 REGIONS","allowed_amounts":[{"tin":{"type":"ein","value":"274115874"},"service_code":["11"],"billing_class":"professional","payments":[{"allowed_amount":22.38,"billing_code_modifier":[""],"providers":[{"billed_charge":60.00,"npi":[1366745150,1639472772]}]}]},{"tin":{"type":"ein","value":"831272495"},"service_code":["11"],"billing_class":"professional","payments":[{"allowed_amount":22.38,"billing_code_modifier":[""],"providers":[{"billed_charge":30.59,"npi":[1457904609]},{"billed_charge":30.61,"npi":[1457904609]},{"billed_charge":30.63,"npi":[1457904609]}]},{"allowed_amount":22.38,"billing_code_modifier":[""],"providers":[{"billed_charge":30.59,"npi":[1457904609]},{"billed_charge":30.61,"npi":[1457904609]},{"billed_charge":30.63,"npi":[1457904609]}]},{"allowed_amount":22.38,"billing_code_modifier":[""],"providers":[{"billed_charge":30.59,"npi":[1457904609]},{"billed_charge":30.61,"npi":[1457904609]},{"billed_charge":30.63,"npi":[1457904609]}]}]},{"tin":{"type":"ein","value":"831272495"},"service_code":["11"],"billing_class":"professional","payments":[{"allowed_amount":22.38,"billing_code_modifier":[""],"providers":[{"billed_charge":30.59,"npi":[1457904609]},{"billed_charge":30.61,"npi":[1457904609]},{"billed_charge":30.63,"npi":[1457904609]}]},{"allowed_amount":22.38,"billing_code_modifier":[""],"providers":[{"billed_charge":30.59,"npi":[1457904609]},{"billed_charge":30.61,"npi":[1457904609]},{"billed_charge":30.63,"npi":[1457904609]}]},{"allowed_amount":22.38,"billing_code_modifier":[""],"providers":[{"billed_charge":30.59,"npi":[1457904609]},{"billed_charge":30.61,"npi":[1457904609]},{"billed_charge":30.63,"npi":[1457904609]}]}]},{"tin":{"type":"ein","value":"831272495"},"service_code":["11"],"billing_class":"professional","payments":[{"allowed_amount":22.38,"billing_code_modifier":[""],"providers":[{"billed_charge":30.59,"npi":[1457904609]},{"billed_charge":30.61,"npi":[1457904609]},{"billed_charge":30.63,"npi":[1457904609]}]},{"allowed_amount":22.38,"billing_code_modifier":[""],"providers":[{"billed_charge":30.59,"npi":[1457904609]},{"billed_charge":30.61,"npi":[1457904609]},{"billed_charge":30.63,"npi":[1457904609]}]},{"allowed_amount":22.38,"billing_code_modifier":[""],"providers":[{"billed_charge":30.59,"npi":[1457904609]},{"billed_charge":30.61,"npi":[1457904609]},{"billed_charge":30.63,"npi":[1457904609]}]}]},{"tin":{"type":"ein","value":"845005731"},"service_code":["11"],"billing_class":"professional","payments":[{"allowed_amount":22.38,"billing_code_modifier":[""],"providers":[{"billed_charge":50.00,"npi":[1104453570,1386263374]}]}]}]},{"name":"CHIROPRACTIC MANIPULATIVE TX SPINAL 3-4 REGIONS","billing_code_type":"CPT","billing_code_type_version":"2020","billing_code":"98941","description":"CHIROPRACTIC MANIPULATIVE TX SPINAL 3-4 REGIONS","allowed_amounts":[{"tin":{"type":"ein","value":"262949947"},"service_code":["11"],"billing_class":"professional","payments":[{"allowed_amount":32.35,"billing_code_modifier":[""],"providers":[{"billed_charge":70.00,"npi":[1508990680,1740439108]}]}]},{"tin":{"type":"ein","value":"272117230"},"service_code":["11"],"billing_class":"professional","payments":[{"allowed_amount":32.35,"billing_code_modifier":[""],"providers":[{"billed_charge":80.00,"npi":[1194815241]}]}]},{"tin":{"type":"ein","value":"391856574"},"service_code":["11"],"billing_class":"professional","payments":[{"allowed_amount":32.35,"billing_code_modifier":[""],"providers":[{"billed_charge":74.00,"npi":[1053319004,1437646593,1801965694]}]}]},{"tin":{"type":"ein","value":"824702412"},"service_code":["11"],"billing_class":"professional","payments":[{"allowed_amount":32.35,"billing_code_modifier":[""],"providers":[{"billed_charge":80.00,"npi":[1093218745,1689040180]}]}]},{"tin":{"type":"ein","value":"845005731"},"service_code":["11"],"billing_class":"professional","payments":[{"allowed_amount":32.35,"billing_code_modifier":[""],"providers":[{"billed_charge":65.00,"npi":[1104453570,1386263374]}]}]}]},{"name":"EXTRACTION ERU TOOTH RQR REMV BONE &\/SECTN TOOTH","billing_code_type":"HCPCS","billing_code_type_version":"HCPCS LEVEL II 2021","billing_code":"D7210","description":"EXTRACTION ERU TOOTH RQR REMV BONE &\/SECTN TOOTH","allowed_amounts":[{"tin":{"type":"ein","value":"391193991"},"service_code":["11"],"billing_class":"professional","payments":[{"allowed_amount":107.11,"billing_code_modifier":[""],"providers":[{"billed_charge":419.00,"npi":[1083805501,1861525289]}]}]}]},{"name":"PSYCHIATRIC\/PSYCHOLOGICAL SVCS: PARTIAL HOSP - LES","billing_code_type":"RC","billing_code_type_version":"UB04","billing_code":"0912","description":"PSYCHIATRIC\/PSYCHOLOGICAL SVCS: PARTIAL HOSP - LES","allowed_amounts":[{"tin":{"type":"ein","value":"463498437"},"service_code":["22"],"billing_class":"institutional","payments":[{"allowed_amount":1000.00,"billing_code_modifier":[""],"providers":[{"billed_charge":3445.00,"npi":[1396779054,1871923490]}]}]}]},{"name":"RESIDENTIAL TREATMENT-CHEMICAL DEPENDENCY","billing_code_type":"RC","billing_code_type_version":"UB04","billing_code":"1002","description":"RESIDENTIAL TREATMENT-CHEMICAL DEPENDENCY","allowed_amounts":[{"tin":{"type":"ein","value":"834048996"},"service_code":["21"],"billing_class":"institutional","payments":[{"allowed_amount":2141.79,"billing_code_modifier":[""],"providers":[{"billed_charge":4700.00,"npi":[1336175256,1952068132]}]}]}]}]}
