{"reporting_entity_name": "IEC Group_DBA AmeriBen",
	"reporting_entity_type": "Third Party Administrator",
	"plan_name": "SPECTRIS",
	"plan_id_type": "ein",
	"plan_id": "510363173",
	"plan_market_type": "group",
	"last_updated_on": "2025-06-02","Version": "1.0.0","out_of_network":[{"name":"PSYCHOTHERAPY W\/PATIENT 45 MINUTES","billing_code_type":"CPT","billing_code_type_version":"2020","billing_code":"90834","description":"PSYCHOTHERAPY W\/PATIENT 45 MINUTES","allowed_amounts":[{"tin":{"type":"ein","value":"853386371"},"service_code":["11"],"billing_class":"professional","payments":[{"allowed_amount":110.00,"billing_code_modifier":[""],"providers":[{"billed_charge":110.00,"npi":[1063029510]}]}]}]}]}
