{"reporting_entity_name": "IEC Group_DBA AmeriBen",
	"reporting_entity_type": "Third Party Administrator",
	"plan_name": "SOUTHERN GRAPHIC SYSTEM LLC",
	"plan_id_type": "ein",
	"plan_id": "562555719",
	"plan_market_type": "group",
	"last_updated_on": "2023-11-01","Version": "1.0.0","out_of_network":[{"name":"CCPD OPD\/HOME: CCPD COMP OR OTHER RATE","billing_code_type":"RC","billing_code_type_version":"UB04","billing_code":"0851","description":"CCPD OPD\/HOME: CCPD COMP OR OTHER RATE","allowed_amounts":[{"tin":{"type":"ein","value":"043085674"},"service_code":["65"],"billing_class":"institutional","payments":[{"allowed_amount":242.16,"billing_code_modifier":[""],"providers":[{"billed_charge":4134.43,"npi":[1174524920,1619394962]}]}]},{"tin":{"type":"ein","value":"043085674"},"service_code":["65"],"billing_class":"institutional","payments":[{"allowed_amount":300.14,"billing_code_modifier":[""],"providers":[{"billed_charge":4134.43,"npi":[1174524920,1619394962]}]}]},{"tin":{"type":"ein","value":"043085674"},"service_code":["65"],"billing_class":"institutional","payments":[{"allowed_amount":304.37,"billing_code_modifier":[""],"providers":[{"billed_charge":4134.43,"npi":[1174524920,1619394962]}]}]},{"tin":{"type":"ein","value":"043085674"},"service_code":["65"],"billing_class":"institutional","payments":[{"allowed_amount":345.71,"billing_code_modifier":[""],"providers":[{"billed_charge":4134.43,"npi":[1174524920,1619394962]}]}]}]},{"name":"ELEC STIM OTHER THAN WOUND","billing_code_type":"HCPCS","billing_code_type_version":"HCPCS LEVEL II 2021","billing_code":"G0283","description":"ELEC STIM OTHER THAN WOUND","allowed_amounts":[{"tin":{"type":"ein","value":"273514282"},"service_code":["11"],"billing_class":"professional","payments":[{"allowed_amount":15.94,"billing_code_modifier":[""],"providers":[{"billed_charge":55.00,"npi":[1053621318,1558484923,1972755254]}]}]}]},{"name":"MANUAL THERAPY TQS 1\/> REGIONS EACH 15 MINUTES","billing_code_type":"CPT","billing_code_type_version":"2020","billing_code":"97140","description":"MANUAL THERAPY TQS 1\/> REGIONS EACH 15 MINUTES","allowed_amounts":[{"tin":{"type":"ein","value":"273514282"},"service_code":["11"],"billing_class":"professional","payments":[{"allowed_amount":71.64,"billing_code_modifier":[""],"providers":[{"billed_charge":220.00,"npi":[1053621318,1558484923,1972755254]}]}]}]},{"name":"THERAPEUTIC PX 1\/> AREAS EACH 15 MIN EXERCISES","billing_code_type":"CPT","billing_code_type_version":"2020","billing_code":"97110","description":"THERAPEUTIC PX 1\/> AREAS EACH 15 MIN EXERCISES","allowed_amounts":[{"tin":{"type":"ein","value":"273514282"},"service_code":["11"],"billing_class":"professional","payments":[{"allowed_amount":78.02,"billing_code_modifier":[""],"providers":[{"billed_charge":270.00,"npi":[1053621318,1558484923,1972755254]}]}]}]}]}
