{"reporting_entity_name": "IEC Group_DBA AmeriBen",
	"reporting_entity_type": "Third Party Administrator",
	"plan_name": "CTI FOODS HOLDING CO., LLC",
	"plan_id_type": "ein",
	"plan_id": "141888320",
	"plan_market_type": "group",
	"last_updated_on": "2024-04-01","Version": "1.0.0","out_of_network":[{"name":"LABORATORY - CLINICAL DIAGNOSTIC","billing_code_type":"RC","billing_code_type_version":"UB04","billing_code":"0300","description":"LABORATORY - CLINICAL DIAGNOSTIC","allowed_amounts":[{"tin":{"type":"ein","value":"871585575"},"service_code":["23"],"billing_class":"institutional","payments":[{"allowed_amount":0.00,"billing_code_modifier":[""],"providers":[{"billed_charge":900.00,"npi":[1115456786,1619549474]},{"billed_charge":2020.00,"npi":[1115456786,1619549474]}]},{"allowed_amount":0.00,"billing_code_modifier":[""],"providers":[{"billed_charge":900.00,"npi":[1115456786,1619549474]},{"billed_charge":2020.00,"npi":[1115456786,1619549474]}]}]},{"tin":{"type":"ein","value":"871585575"},"service_code":["23"],"billing_class":"institutional","payments":[{"allowed_amount":0.00,"billing_code_modifier":[""],"providers":[{"billed_charge":900.00,"npi":[1115456786,1619549474]},{"billed_charge":2020.00,"npi":[1115456786,1619549474]}]},{"allowed_amount":0.00,"billing_code_modifier":[""],"providers":[{"billed_charge":900.00,"npi":[1115456786,1619549474]},{"billed_charge":2020.00,"npi":[1115456786,1619549474]}]}]},{"tin":{"type":"ein","value":"882931023"},"service_code":["23"],"billing_class":"institutional","payments":[{"allowed_amount":0.00,"billing_code_modifier":[""],"providers":[{"billed_charge":184.95,"npi":[1115456786,1740911213]},{"billed_charge":250.29,"npi":[1115456786,1740911213]},{"billed_charge":255.15,"npi":[1115456786,1740911213]},{"billed_charge":285.93,"npi":[1115456786,1740911213]},{"billed_charge":299.43,"npi":[1115456786,1740911213]},{"billed_charge":308.88,"npi":[1115456786,1740911213]},{"billed_charge":391.50,"npi":[1115456786,1740911213]},{"billed_charge":422.55,"npi":[1115456786,1740911213]},{"billed_charge":505.44,"npi":[1115456786,1740911213]},{"billed_charge":2050.00,"npi":[1115456786,1740911213]}]},{"allowed_amount":0.00,"billing_code_modifier":[""],"providers":[{"billed_charge":184.95,"npi":[1115456786,1740911213]},{"billed_charge":250.29,"npi":[1115456786,1740911213]},{"billed_charge":255.15,"npi":[1115456786,1740911213]},{"billed_charge":285.93,"npi":[1115456786,1740911213]},{"billed_charge":299.43,"npi":[1115456786,1740911213]},{"billed_charge":308.88,"npi":[1115456786,1740911213]},{"billed_charge":391.50,"npi":[1115456786,1740911213]},{"billed_charge":422.55,"npi":[1115456786,1740911213]},{"billed_charge":505.44,"npi":[1115456786,1740911213]},{"billed_charge":2050.00,"npi":[1115456786,1740911213]}]},{"allowed_amount":0.00,"billing_code_modifier":[""],"providers":[{"billed_charge":184.95,"npi":[1115456786,1740911213]},{"billed_charge":250.29,"npi":[1115456786,1740911213]},{"billed_charge":255.15,"npi":[1115456786,1740911213]},{"billed_charge":285.93,"npi":[1115456786,1740911213]},{"billed_charge":299.43,"npi":[1115456786,1740911213]},{"billed_charge":308.88,"npi":[1115456786,1740911213]},{"billed_charge":391.50,"npi":[1115456786,1740911213]},{"billed_charge":422.55,"npi":[1115456786,1740911213]},{"billed_charge":505.44,"npi":[1115456786,1740911213]},{"billed_charge":2050.00,"npi":[1115456786,1740911213]}]},{"allowed_amount":0.00,"billing_code_modifier":[""],"providers":[{"billed_charge":184.95,"npi":[1115456786,1740911213]},{"billed_charge":250.29,"npi":[1115456786,1740911213]},{"billed_charge":255.15,"npi":[1115456786,1740911213]},{"billed_charge":285.93,"npi":[1115456786,1740911213]},{"billed_charge":299.43,"npi":[1115456786,1740911213]},{"billed_charge":308.88,"npi":[1115456786,1740911213]},{"billed_charge":391.50,"npi":[1115456786,1740911213]},{"billed_charge":422.55,"npi":[1115456786,1740911213]},{"billed_charge":505.44,"npi":[1115456786,1740911213]},{"billed_charge":2050.00,"npi":[1115456786,1740911213]}]},{"allowed_amount":0.00,"billing_code_modifier":[""],"providers":[{"billed_charge":184.95,"npi":[1115456786,1740911213]},{"billed_charge":250.29,"npi":[1115456786,1740911213]},{"billed_charge":255.15,"npi":[1115456786,1740911213]},{"billed_charge":285.93,"npi":[1115456786,1740911213]},{"billed_charge":299.43,"npi":[1115456786,1740911213]},{"billed_charge":308.88,"npi":[1115456786,1740911213]},{"billed_charge":391.50,"npi":[1115456786,1740911213]},{"billed_charge":422.55,"npi":[1115456786,1740911213]},{"billed_charge":505.44,"npi":[1115456786,1740911213]},{"billed_charge":2050.00,"npi":[1115456786,1740911213]}]},{"allowed_amount":0.00,"billing_code_modifier":[""],"providers":[{"billed_charge":184.95,"npi":[1115456786,1740911213]},{"billed_charge":250.29,"npi":[1115456786,1740911213]},{"billed_charge":255.15,"npi":[1115456786,1740911213]},{"billed_charge":285.93,"npi":[1115456786,1740911213]},{"billed_charge":299.43,"npi":[1115456786,1740911213]},{"billed_charge":308.88,"npi":[1115456786,1740911213]},{"billed_charge":391.50,"npi":[1115456786,1740911213]},{"billed_charge":422.55,"npi":[1115456786,1740911213]},{"billed_charge":505.44,"npi":[1115456786,1740911213]},{"billed_charge":2050.00,"npi":[1115456786,1740911213]}]},{"allowed_amount":0.00,"billing_code_modifier":[""],"providers":[{"billed_charge":184.95,"npi":[1115456786,1740911213]},{"billed_charge":250.29,"npi":[1115456786,1740911213]},{"billed_charge":255.15,"npi":[1115456786,1740911213]},{"billed_charge":285.93,"npi":[1115456786,1740911213]},{"billed_charge":299.43,"npi":[1115456786,1740911213]},{"billed_charge":308.88,"npi":[1115456786,1740911213]},{"billed_charge":391.50,"npi":[1115456786,1740911213]},{"billed_charge":422.55,"npi":[1115456786,1740911213]},{"billed_charge":505.44,"npi":[1115456786,1740911213]},{"billed_charge":2050.00,"npi":[1115456786,1740911213]}]},{"allowed_amount":0.00,"billing_code_modifier":[""],"providers":[{"billed_charge":184.95,"npi":[1115456786,1740911213]},{"billed_charge":250.29,"npi":[1115456786,1740911213]},{"billed_charge":255.15,"npi":[1115456786,1740911213]},{"billed_charge":285.93,"npi":[1115456786,1740911213]},{"billed_charge":299.43,"npi":[1115456786,1740911213]},{"billed_charge":308.88,"npi":[1115456786,1740911213]},{"billed_charge":391.50,"npi":[1115456786,1740911213]},{"billed_charge":422.55,"npi":[1115456786,1740911213]},{"billed_charge":505.44,"npi":[1115456786,1740911213]},{"billed_charge":2050.00,"npi":[1115456786,1740911213]}]},{"allowed_amount":0.00,"billing_code_modifier":[""],"providers":[{"billed_charge":184.95,"npi":[1115456786,1740911213]},{"billed_charge":250.29,"npi":[1115456786,1740911213]},{"billed_charge":255.15,"npi":[1115456786,1740911213]},{"billed_charge":285.93,"npi":[1115456786,1740911213]},{"billed_charge":299.43,"npi":[1115456786,1740911213]},{"billed_charge":308.88,"npi":[1115456786,1740911213]},{"billed_charge":391.50,"npi":[1115456786,1740911213]},{"billed_charge":422.55,"npi":[1115456786,1740911213]},{"billed_charge":505.44,"npi":[1115456786,1740911213]},{"billed_charge":2050.00,"npi":[1115456786,1740911213]}]},{"allowed_amount":0.00,"billing_code_modifier":[""],"providers":[{"billed_charge":184.95,"npi":[1115456786,1740911213]},{"billed_charge":250.29,"npi":[1115456786,1740911213]},{"billed_charge":255.15,"npi":[1115456786,1740911213]},{"billed_charge":285.93,"npi":[1115456786,1740911213]},{"billed_charge":299.43,"npi":[1115456786,1740911213]},{"billed_charge":308.88,"npi":[1115456786,1740911213]},{"billed_charge":391.50,"npi":[1115456786,1740911213]},{"billed_charge":422.55,"npi":[1115456786,1740911213]},{"billed_charge":505.44,"npi":[1115456786,1740911213]},{"billed_charge":2050.00,"npi":[1115456786,1740911213]}]}]},{"tin":{"type":"ein","value":"882931023"},"service_code":["23"],"billing_class":"institutional","payments":[{"allowed_amount":0.00,"billing_code_modifier":[""],"providers":[{"billed_charge":184.95,"npi":[1115456786,1740911213]},{"billed_charge":250.29,"npi":[1115456786,1740911213]},{"billed_charge":255.15,"npi":[1115456786,1740911213]},{"billed_charge":285.93,"npi":[1115456786,1740911213]},{"billed_charge":299.43,"npi":[1115456786,1740911213]},{"billed_charge":308.88,"npi":[1115456786,1740911213]},{"billed_charge":391.50,"npi":[1115456786,1740911213]},{"billed_charge":422.55,"npi":[1115456786,1740911213]},{"billed_charge":505.44,"npi":[1115456786,1740911213]},{"billed_charge":2050.00,"npi":[1115456786,1740911213]}]},{"allowed_amount":0.00,"billing_code_modifier":[""],"providers":[{"billed_charge":184.95,"npi":[1115456786,1740911213]},{"billed_charge":250.29,"npi":[1115456786,1740911213]},{"billed_charge":255.15,"npi":[1115456786,1740911213]},{"billed_charge":285.93,"npi":[1115456786,1740911213]},{"billed_charge":299.43,"npi":[1115456786,1740911213]},{"billed_charge":308.88,"npi":[1115456786,1740911213]},{"billed_charge":391.50,"npi":[1115456786,1740911213]},{"billed_charge":422.55,"npi":[1115456786,1740911213]},{"billed_charge":505.44,"npi":[1115456786,1740911213]},{"billed_charge":2050.00,"npi":[1115456786,1740911213]}]},{"allowed_amount":0.00,"billing_code_modifier":[""],"providers":[{"billed_charge":184.95,"npi":[1115456786,1740911213]},{"billed_charge":250.29,"npi":[1115456786,1740911213]},{"billed_charge":255.15,"npi":[1115456786,1740911213]},{"billed_charge":285.93,"npi":[1115456786,1740911213]},{"billed_charge":299.43,"npi":[1115456786,1740911213]},{"billed_charge":308.88,"npi":[1115456786,1740911213]},{"billed_charge":391.50,"npi":[1115456786,1740911213]},{"billed_charge":422.55,"npi":[1115456786,1740911213]},{"billed_charge":505.44,"npi":[1115456786,1740911213]},{"billed_charge":2050.00,"npi":[1115456786,1740911213]}]},{"allowed_amount":0.00,"billing_code_modifier":[""],"providers":[{"billed_charge":184.95,"npi":[1115456786,1740911213]},{"billed_charge":250.29,"npi":[1115456786,1740911213]},{"billed_charge":255.15,"npi":[1115456786,1740911213]},{"billed_charge":285.93,"npi":[1115456786,1740911213]},{"billed_charge":299.43,"npi":[1115456786,1740911213]},{"billed_charge":308.88,"npi":[1115456786,1740911213]},{"billed_charge":391.50,"npi":[1115456786,1740911213]},{"billed_charge":422.55,"npi":[1115456786,1740911213]},{"billed_charge":505.44,"npi":[1115456786,1740911213]},{"billed_charge":2050.00,"npi":[1115456786,1740911213]}]},{"allowed_amount":0.00,"billing_code_modifier":[""],"providers":[{"billed_charge":184.95,"npi":[1115456786,1740911213]},{"billed_charge":250.29,"npi":[1115456786,1740911213]},{"billed_charge":255.15,"npi":[1115456786,1740911213]},{"billed_charge":285.93,"npi":[1115456786,1740911213]},{"billed_charge":299.43,"npi":[1115456786,1740911213]},{"billed_charge":308.88,"npi":[1115456786,1740911213]},{"billed_charge":391.50,"npi":[1115456786,1740911213]},{"billed_charge":422.55,"npi":[1115456786,1740911213]},{"billed_charge":505.44,"npi":[1115456786,1740911213]},{"billed_charge":2050.00,"npi":[1115456786,1740911213]}]},{"allowed_amount":0.00,"billing_code_modifier":[""],"providers":[{"billed_charge":184.95,"npi":[1115456786,1740911213]},{"billed_charge":250.29,"npi":[1115456786,1740911213]},{"billed_charge":255.15,"npi":[1115456786,1740911213]},{"billed_charge":285.93,"npi":[1115456786,1740911213]},{"billed_charge":299.43,"npi":[1115456786,1740911213]},{"billed_charge":308.88,"npi":[1115456786,1740911213]},{"billed_charge":391.50,"npi":[1115456786,1740911213]},{"billed_charge":422.55,"npi":[1115456786,1740911213]},{"billed_charge":505.44,"npi":[1115456786,1740911213]},{"billed_charge":2050.00,"npi":[1115456786,1740911213]}]},{"allowed_amount":0.00,"billing_code_modifier":[""],"providers":[{"billed_charge":184.95,"npi":[1115456786,1740911213]},{"billed_charge":250.29,"npi":[1115456786,1740911213]},{"billed_charge":255.15,"npi":[1115456786,1740911213]},{"billed_charge":285.93,"npi":[1115456786,1740911213]},{"billed_charge":299.43,"npi":[1115456786,1740911213]},{"billed_charge":308.88,"npi":[1115456786,1740911213]},{"billed_charge":391.50,"npi":[1115456786,1740911213]},{"billed_charge":422.55,"npi":[1115456786,1740911213]},{"billed_charge":505.44,"npi":[1115456786,1740911213]},{"billed_charge":2050.00,"npi":[1115456786,1740911213]}]},{"allowed_amount":0.00,"billing_code_modifier":[""],"providers":[{"billed_charge":184.95,"npi":[1115456786,1740911213]},{"billed_charge":250.29,"npi":[1115456786,1740911213]},{"billed_charge":255.15,"npi":[1115456786,1740911213]},{"billed_charge":285.93,"npi":[1115456786,1740911213]},{"billed_charge":299.43,"npi":[1115456786,1740911213]},{"billed_charge":308.88,"npi":[1115456786,1740911213]},{"billed_charge":391.50,"npi":[1115456786,1740911213]},{"billed_charge":422.55,"npi":[1115456786,1740911213]},{"billed_charge":505.44,"npi":[1115456786,1740911213]},{"billed_charge":2050.00,"npi":[1115456786,1740911213]}]},{"allowed_amount":0.00,"billing_code_modifier":[""],"providers":[{"billed_charge":184.95,"npi":[1115456786,1740911213]},{"billed_charge":250.29,"npi":[1115456786,1740911213]},{"billed_charge":255.15,"npi":[1115456786,1740911213]},{"billed_charge":285.93,"npi":[1115456786,1740911213]},{"billed_charge":299.43,"npi":[1115456786,1740911213]},{"billed_charge":308.88,"npi":[1115456786,1740911213]},{"billed_charge":391.50,"npi":[1115456786,1740911213]},{"billed_charge":422.55,"npi":[1115456786,1740911213]},{"billed_charge":505.44,"npi":[1115456786,1740911213]},{"billed_charge":2050.00,"npi":[1115456786,1740911213]}]},{"allowed_amount":0.00,"billing_code_modifier":[""],"providers":[{"billed_charge":184.95,"npi":[1115456786,1740911213]},{"billed_charge":250.29,"npi":[1115456786,1740911213]},{"billed_charge":255.15,"npi":[1115456786,1740911213]},{"billed_charge":285.93,"npi":[1115456786,1740911213]},{"billed_charge":299.43,"npi":[1115456786,1740911213]},{"billed_charge":308.88,"npi":[1115456786,1740911213]},{"billed_charge":391.50,"npi":[1115456786,1740911213]},{"billed_charge":422.55,"npi":[1115456786,1740911213]},{"billed_charge":505.44,"npi":[1115456786,1740911213]},{"billed_charge":2050.00,"npi":[1115456786,1740911213]}]}]},{"tin":{"type":"ein","value":"882931023"},"service_code":["23"],"billing_class":"institutional","payments":[{"allowed_amount":0.00,"billing_code_modifier":[""],"providers":[{"billed_charge":184.95,"npi":[1115456786,1740911213]},{"billed_charge":250.29,"npi":[1115456786,1740911213]},{"billed_charge":255.15,"npi":[1115456786,1740911213]},{"billed_charge":285.93,"npi":[1115456786,1740911213]},{"billed_charge":299.43,"npi":[1115456786,1740911213]},{"billed_charge":308.88,"npi":[1115456786,1740911213]},{"billed_charge":391.50,"npi":[1115456786,1740911213]},{"billed_charge":422.55,"npi":[1115456786,1740911213]},{"billed_charge":505.44,"npi":[1115456786,1740911213]},{"billed_charge":2050.00,"npi":[1115456786,1740911213]}]},{"allowed_amount":0.00,"billing_code_modifier":[""],"providers":[{"billed_charge":184.95,"npi":[1115456786,1740911213]},{"billed_charge":250.29,"npi":[1115456786,1740911213]},{"billed_charge":255.15,"npi":[1115456786,1740911213]},{"billed_charge":285.93,"npi":[1115456786,1740911213]},{"billed_charge":299.43,"npi":[1115456786,1740911213]},{"billed_charge":308.88,"npi":[1115456786,1740911213]},{"billed_charge":391.50,"npi":[1115456786,1740911213]},{"billed_charge":422.55,"npi":[1115456786,1740911213]},{"billed_charge":505.44,"npi":[1115456786,1740911213]},{"billed_charge":2050.00,"npi":[1115456786,1740911213]}]},{"allowed_amount":0.00,"billing_code_modifier":[""],"providers":[{"billed_charge":184.95,"npi":[1115456786,1740911213]},{"billed_charge":250.29,"npi":[1115456786,1740911213]},{"billed_charge":255.15,"npi":[1115456786,1740911213]},{"billed_charge":285.93,"npi":[1115456786,1740911213]},{"billed_charge":299.43,"npi":[1115456786,1740911213]},{"billed_charge":308.88,"npi":[1115456786,1740911213]},{"billed_charge":391.50,"npi":[1115456786,1740911213]},{"billed_charge":422.55,"npi":[1115456786,1740911213]},{"billed_charge":505.44,"npi":[1115456786,1740911213]},{"billed_charge":2050.00,"npi":[1115456786,1740911213]}]},{"allowed_amount":0.00,"billing_code_modifier":[""],"providers":[{"billed_charge":184.95,"npi":[1115456786,1740911213]},{"billed_charge":250.29,"npi":[1115456786,1740911213]},{"billed_charge":255.15,"npi":[1115456786,1740911213]},{"billed_charge":285.93,"npi":[1115456786,1740911213]},{"billed_charge":299.43,"npi":[1115456786,1740911213]},{"billed_charge":308.88,"npi":[1115456786,1740911213]},{"billed_charge":391.50,"npi":[1115456786,1740911213]},{"billed_charge":422.55,"npi":[1115456786,1740911213]},{"billed_charge":505.44,"npi":[1115456786,1740911213]},{"billed_charge":2050.00,"npi":[1115456786,1740911213]}]},{"allowed_amount":0.00,"billing_code_modifier":[""],"providers":[{"billed_charge":184.95,"npi":[1115456786,1740911213]},{"billed_charge":250.29,"npi":[1115456786,1740911213]},{"billed_charge":255.15,"npi":[1115456786,1740911213]},{"billed_charge":285.93,"npi":[1115456786,1740911213]},{"billed_charge":299.43,"npi":[1115456786,1740911213]},{"billed_charge":308.88,"npi":[1115456786,1740911213]},{"billed_charge":391.50,"npi":[1115456786,1740911213]},{"billed_charge":422.55,"npi":[1115456786,1740911213]},{"billed_charge":505.44,"npi":[1115456786,1740911213]},{"billed_charge":2050.00,"npi":[1115456786,1740911213]}]},{"allowed_amount":0.00,"billing_code_modifier":[""],"providers":[{"billed_charge":184.95,"npi":[1115456786,1740911213]},{"billed_charge":250.29,"npi":[1115456786,1740911213]},{"billed_charge":255.15,"npi":[1115456786,1740911213]},{"billed_charge":285.93,"npi":[1115456786,1740911213]},{"billed_charge":299.43,"npi":[1115456786,1740911213]},{"billed_charge":308.88,"npi":[1115456786,1740911213]},{"billed_charge":391.50,"npi":[1115456786,1740911213]},{"billed_charge":422.55,"npi":[1115456786,1740911213]},{"billed_charge":505.44,"npi":[1115456786,1740911213]},{"billed_charge":2050.00,"npi":[1115456786,1740911213]}]},{"allowed_amount":0.00,"billing_code_modifier":[""],"providers":[{"billed_charge":184.95,"npi":[1115456786,1740911213]},{"billed_charge":250.29,"npi":[1115456786,1740911213]},{"billed_charge":255.15,"npi":[1115456786,1740911213]},{"billed_charge":285.93,"npi":[1115456786,1740911213]},{"billed_charge":299.43,"npi":[1115456786,1740911213]},{"billed_charge":308.88,"npi":[1115456786,1740911213]},{"billed_charge":391.50,"npi":[1115456786,1740911213]},{"billed_charge":422.55,"npi":[1115456786,1740911213]},{"billed_charge":505.44,"npi":[1115456786,1740911213]},{"billed_charge":2050.00,"npi":[1115456786,1740911213]}]},{"allowed_amount":0.00,"billing_code_modifier":[""],"providers":[{"billed_charge":184.95,"npi":[1115456786,1740911213]},{"billed_charge":250.29,"npi":[1115456786,1740911213]},{"billed_charge":255.15,"npi":[1115456786,1740911213]},{"billed_charge":285.93,"npi":[1115456786,1740911213]},{"billed_charge":299.43,"npi":[1115456786,1740911213]},{"billed_charge":308.88,"npi":[1115456786,1740911213]},{"billed_charge":391.50,"npi":[1115456786,1740911213]},{"billed_charge":422.55,"npi":[1115456786,1740911213]},{"billed_charge":505.44,"npi":[1115456786,1740911213]},{"billed_charge":2050.00,"npi":[1115456786,1740911213]}]},{"allowed_amount":0.00,"billing_code_modifier":[""],"providers":[{"billed_charge":184.95,"npi":[1115456786,1740911213]},{"billed_charge":250.29,"npi":[1115456786,1740911213]},{"billed_charge":255.15,"npi":[1115456786,1740911213]},{"billed_charge":285.93,"npi":[1115456786,1740911213]},{"billed_charge":299.43,"npi":[1115456786,1740911213]},{"billed_charge":308.88,"npi":[1115456786,1740911213]},{"billed_charge":391.50,"npi":[1115456786,1740911213]},{"billed_charge":422.55,"npi":[1115456786,1740911213]},{"billed_charge":505.44,"npi":[1115456786,1740911213]},{"billed_charge":2050.00,"npi":[1115456786,1740911213]}]},{"allowed_amount":0.00,"billing_code_modifier":[""],"providers":[{"billed_charge":184.95,"npi":[1115456786,1740911213]},{"billed_charge":250.29,"npi":[1115456786,1740911213]},{"billed_charge":255.15,"npi":[1115456786,1740911213]},{"billed_charge":285.93,"npi":[1115456786,1740911213]},{"billed_charge":299.43,"npi":[1115456786,1740911213]},{"billed_charge":308.88,"npi":[1115456786,1740911213]},{"billed_charge":391.50,"npi":[1115456786,1740911213]},{"billed_charge":422.55,"npi":[1115456786,1740911213]},{"billed_charge":505.44,"npi":[1115456786,1740911213]},{"billed_charge":2050.00,"npi":[1115456786,1740911213]}]}]},{"tin":{"type":"ein","value":"882931023"},"service_code":["23"],"billing_class":"institutional","payments":[{"allowed_amount":0.00,"billing_code_modifier":[""],"providers":[{"billed_charge":184.95,"npi":[1115456786,1740911213]},{"billed_charge":250.29,"npi":[1115456786,1740911213]},{"billed_charge":255.15,"npi":[1115456786,1740911213]},{"billed_charge":285.93,"npi":[1115456786,1740911213]},{"billed_charge":299.43,"npi":[1115456786,1740911213]},{"billed_charge":308.88,"npi":[1115456786,1740911213]},{"billed_charge":391.50,"npi":[1115456786,1740911213]},{"billed_charge":422.55,"npi":[1115456786,1740911213]},{"billed_charge":505.44,"npi":[1115456786,1740911213]},{"billed_charge":2050.00,"npi":[1115456786,1740911213]}]},{"allowed_amount":0.00,"billing_code_modifier":[""],"providers":[{"billed_charge":184.95,"npi":[1115456786,1740911213]},{"billed_charge":250.29,"npi":[1115456786,1740911213]},{"billed_charge":255.15,"npi":[1115456786,1740911213]},{"billed_charge":285.93,"npi":[1115456786,1740911213]},{"billed_charge":299.43,"npi":[1115456786,1740911213]},{"billed_charge":308.88,"npi":[1115456786,1740911213]},{"billed_charge":391.50,"npi":[1115456786,1740911213]},{"billed_charge":422.55,"npi":[1115456786,1740911213]},{"billed_charge":505.44,"npi":[1115456786,1740911213]},{"billed_charge":2050.00,"npi":[1115456786,1740911213]}]},{"allowed_amount":0.00,"billing_code_modifier":[""],"providers":[{"billed_charge":184.95,"npi":[1115456786,1740911213]},{"billed_charge":250.29,"npi":[1115456786,1740911213]},{"billed_charge":255.15,"npi":[1115456786,1740911213]},{"billed_charge":285.93,"npi":[1115456786,1740911213]},{"billed_charge":299.43,"npi":[1115456786,1740911213]},{"billed_charge":308.88,"npi":[1115456786,1740911213]},{"billed_charge":391.50,"npi":[1115456786,1740911213]},{"billed_charge":422.55,"npi":[1115456786,1740911213]},{"billed_charge":505.44,"npi":[1115456786,1740911213]},{"billed_charge":2050.00,"npi":[1115456786,1740911213]}]},{"allowed_amount":0.00,"billing_code_modifier":[""],"providers":[{"billed_charge":184.95,"npi":[1115456786,1740911213]},{"billed_charge":250.29,"npi":[1115456786,1740911213]},{"billed_charge":255.15,"npi":[1115456786,1740911213]},{"billed_charge":285.93,"npi":[1115456786,1740911213]},{"billed_charge":299.43,"npi":[1115456786,1740911213]},{"billed_charge":308.88,"npi":[1115456786,1740911213]},{"billed_charge":391.50,"npi":[1115456786,1740911213]},{"billed_charge":422.55,"npi":[1115456786,1740911213]},{"billed_charge":505.44,"npi":[1115456786,1740911213]},{"billed_charge":2050.00,"npi":[1115456786,1740911213]}]},{"allowed_amount":0.00,"billing_code_modifier":[""],"providers":[{"billed_charge":184.95,"npi":[1115456786,1740911213]},{"billed_charge":250.29,"npi":[1115456786,1740911213]},{"billed_charge":255.15,"npi":[1115456786,1740911213]},{"billed_charge":285.93,"npi":[1115456786,1740911213]},{"billed_charge":299.43,"npi":[1115456786,1740911213]},{"billed_charge":308.88,"npi":[1115456786,1740911213]},{"billed_charge":391.50,"npi":[1115456786,1740911213]},{"billed_charge":422.55,"npi":[1115456786,1740911213]},{"billed_charge":505.44,"npi":[1115456786,1740911213]},{"billed_charge":2050.00,"npi":[1115456786,1740911213]}]},{"allowed_amount":0.00,"billing_code_modifier":[""],"providers":[{"billed_charge":184.95,"npi":[1115456786,1740911213]},{"billed_charge":250.29,"npi":[1115456786,1740911213]},{"billed_charge":255.15,"npi":[1115456786,1740911213]},{"billed_charge":285.93,"npi":[1115456786,1740911213]},{"billed_charge":299.43,"npi":[1115456786,1740911213]},{"billed_charge":308.88,"npi":[1115456786,1740911213]},{"billed_charge":391.50,"npi":[1115456786,1740911213]},{"billed_charge":422.55,"npi":[1115456786,1740911213]},{"billed_charge":505.44,"npi":[1115456786,1740911213]},{"billed_charge":2050.00,"npi":[1115456786,1740911213]}]},{"allowed_amount":0.00,"billing_code_modifier":[""],"providers":[{"billed_charge":184.95,"npi":[1115456786,1740911213]},{"billed_charge":250.29,"npi":[1115456786,1740911213]},{"billed_charge":255.15,"npi":[1115456786,1740911213]},{"billed_charge":285.93,"npi":[1115456786,1740911213]},{"billed_charge":299.43,"npi":[1115456786,1740911213]},{"billed_charge":308.88,"npi":[1115456786,1740911213]},{"billed_charge":391.50,"npi":[1115456786,1740911213]},{"billed_charge":422.55,"npi":[1115456786,1740911213]},{"billed_charge":505.44,"npi":[1115456786,1740911213]},{"billed_charge":2050.00,"npi":[1115456786,1740911213]}]},{"allowed_amount":0.00,"billing_code_modifier":[""],"providers":[{"billed_charge":184.95,"npi":[1115456786,1740911213]},{"billed_charge":250.29,"npi":[1115456786,1740911213]},{"billed_charge":255.15,"npi":[1115456786,1740911213]},{"billed_charge":285.93,"npi":[1115456786,1740911213]},{"billed_charge":299.43,"npi":[1115456786,1740911213]},{"billed_charge":308.88,"npi":[1115456786,1740911213]},{"billed_charge":391.50,"npi":[1115456786,1740911213]},{"billed_charge":422.55,"npi":[1115456786,1740911213]},{"billed_charge":505.44,"npi":[1115456786,1740911213]},{"billed_charge":2050.00,"npi":[1115456786,1740911213]}]},{"allowed_amount":0.00,"billing_code_modifier":[""],"providers":[{"billed_charge":184.95,"npi":[1115456786,1740911213]},{"billed_charge":250.29,"npi":[1115456786,1740911213]},{"billed_charge":255.15,"npi":[1115456786,1740911213]},{"billed_charge":285.93,"npi":[1115456786,1740911213]},{"billed_charge":299.43,"npi":[1115456786,1740911213]},{"billed_charge":308.88,"npi":[1115456786,1740911213]},{"billed_charge":391.50,"npi":[1115456786,1740911213]},{"billed_charge":422.55,"npi":[1115456786,1740911213]},{"billed_charge":505.44,"npi":[1115456786,1740911213]},{"billed_charge":2050.00,"npi":[1115456786,1740911213]}]},{"allowed_amount":0.00,"billing_code_modifier":[""],"providers":[{"billed_charge":184.95,"npi":[1115456786,1740911213]},{"billed_charge":250.29,"npi":[1115456786,1740911213]},{"billed_charge":255.15,"npi":[1115456786,1740911213]},{"billed_charge":285.93,"npi":[1115456786,1740911213]},{"billed_charge":299.43,"npi":[1115456786,1740911213]},{"billed_charge":308.88,"npi":[1115456786,1740911213]},{"billed_charge":391.50,"npi":[1115456786,1740911213]},{"billed_charge":422.55,"npi":[1115456786,1740911213]},{"billed_charge":505.44,"npi":[1115456786,1740911213]},{"billed_charge":2050.00,"npi":[1115456786,1740911213]}]}]},{"tin":{"type":"ein","value":"882931023"},"service_code":["23"],"billing_class":"institutional","payments":[{"allowed_amount":0.00,"billing_code_modifier":[""],"providers":[{"billed_charge":184.95,"npi":[1115456786,1740911213]},{"billed_charge":250.29,"npi":[1115456786,1740911213]},{"billed_charge":255.15,"npi":[1115456786,1740911213]},{"billed_charge":285.93,"npi":[1115456786,1740911213]},{"billed_charge":299.43,"npi":[1115456786,1740911213]},{"billed_charge":308.88,"npi":[1115456786,1740911213]},{"billed_charge":391.50,"npi":[1115456786,1740911213]},{"billed_charge":422.55,"npi":[1115456786,1740911213]},{"billed_charge":505.44,"npi":[1115456786,1740911213]},{"billed_charge":2050.00,"npi":[1115456786,1740911213]}]},{"allowed_amount":0.00,"billing_code_modifier":[""],"providers":[{"billed_charge":184.95,"npi":[1115456786,1740911213]},{"billed_charge":250.29,"npi":[1115456786,1740911213]},{"billed_charge":255.15,"npi":[1115456786,1740911213]},{"billed_charge":285.93,"npi":[1115456786,1740911213]},{"billed_charge":299.43,"npi":[1115456786,1740911213]},{"billed_charge":308.88,"npi":[1115456786,1740911213]},{"billed_charge":391.50,"npi":[1115456786,1740911213]},{"billed_charge":422.55,"npi":[1115456786,1740911213]},{"billed_charge":505.44,"npi":[1115456786,1740911213]},{"billed_charge":2050.00,"npi":[1115456786,1740911213]}]},{"allowed_amount":0.00,"billing_code_modifier":[""],"providers":[{"billed_charge":184.95,"npi":[1115456786,1740911213]},{"billed_charge":250.29,"npi":[1115456786,1740911213]},{"billed_charge":255.15,"npi":[1115456786,1740911213]},{"billed_charge":285.93,"npi":[1115456786,1740911213]},{"billed_charge":299.43,"npi":[1115456786,1740911213]},{"billed_charge":308.88,"npi":[1115456786,1740911213]},{"billed_charge":391.50,"npi":[1115456786,1740911213]},{"billed_charge":422.55,"npi":[1115456786,1740911213]},{"billed_charge":505.44,"npi":[1115456786,1740911213]},{"billed_charge":2050.00,"npi":[1115456786,1740911213]}]},{"allowed_amount":0.00,"billing_code_modifier":[""],"providers":[{"billed_charge":184.95,"npi":[1115456786,1740911213]},{"billed_charge":250.29,"npi":[1115456786,1740911213]},{"billed_charge":255.15,"npi":[1115456786,1740911213]},{"billed_charge":285.93,"npi":[1115456786,1740911213]},{"billed_charge":299.43,"npi":[1115456786,1740911213]},{"billed_charge":308.88,"npi":[1115456786,1740911213]},{"billed_charge":391.50,"npi":[1115456786,1740911213]},{"billed_charge":422.55,"npi":[1115456786,1740911213]},{"billed_charge":505.44,"npi":[1115456786,1740911213]},{"billed_charge":2050.00,"npi":[1115456786,1740911213]}]},{"allowed_amount":0.00,"billing_code_modifier":[""],"providers":[{"billed_charge":184.95,"npi":[1115456786,1740911213]},{"billed_charge":250.29,"npi":[1115456786,1740911213]},{"billed_charge":255.15,"npi":[1115456786,1740911213]},{"billed_charge":285.93,"npi":[1115456786,1740911213]},{"billed_charge":299.43,"npi":[1115456786,1740911213]},{"billed_charge":308.88,"npi":[1115456786,1740911213]},{"billed_charge":391.50,"npi":[1115456786,1740911213]},{"billed_charge":422.55,"npi":[1115456786,1740911213]},{"billed_charge":505.44,"npi":[1115456786,1740911213]},{"billed_charge":2050.00,"npi":[1115456786,1740911213]}]},{"allowed_amount":0.00,"billing_code_modifier":[""],"providers":[{"billed_charge":184.95,"npi":[1115456786,1740911213]},{"billed_charge":250.29,"npi":[1115456786,1740911213]},{"billed_charge":255.15,"npi":[1115456786,1740911213]},{"billed_charge":285.93,"npi":[1115456786,1740911213]},{"billed_charge":299.43,"npi":[1115456786,1740911213]},{"billed_charge":308.88,"npi":[1115456786,1740911213]},{"billed_charge":391.50,"npi":[1115456786,1740911213]},{"billed_charge":422.55,"npi":[1115456786,1740911213]},{"billed_charge":505.44,"npi":[1115456786,1740911213]},{"billed_charge":2050.00,"npi":[1115456786,1740911213]}]},{"allowed_amount":0.00,"billing_code_modifier":[""],"providers":[{"billed_charge":184.95,"npi":[1115456786,1740911213]},{"billed_charge":250.29,"npi":[1115456786,1740911213]},{"billed_charge":255.15,"npi":[1115456786,1740911213]},{"billed_charge":285.93,"npi":[1115456786,1740911213]},{"billed_charge":299.43,"npi":[1115456786,1740911213]},{"billed_charge":308.88,"npi":[1115456786,1740911213]},{"billed_charge":391.50,"npi":[1115456786,1740911213]},{"billed_charge":422.55,"npi":[1115456786,1740911213]},{"billed_charge":505.44,"npi":[1115456786,1740911213]},{"billed_charge":2050.00,"npi":[1115456786,1740911213]}]},{"allowed_amount":0.00,"billing_code_modifier":[""],"providers":[{"billed_charge":184.95,"npi":[1115456786,1740911213]},{"billed_charge":250.29,"npi":[1115456786,1740911213]},{"billed_charge":255.15,"npi":[1115456786,1740911213]},{"billed_charge":285.93,"npi":[1115456786,1740911213]},{"billed_charge":299.43,"npi":[1115456786,1740911213]},{"billed_charge":308.88,"npi":[1115456786,1740911213]},{"billed_charge":391.50,"npi":[1115456786,1740911213]},{"billed_charge":422.55,"npi":[1115456786,1740911213]},{"billed_charge":505.44,"npi":[1115456786,1740911213]},{"billed_charge":2050.00,"npi":[1115456786,1740911213]}]},{"allowed_amount":0.00,"billing_code_modifier":[""],"providers":[{"billed_charge":184.95,"npi":[1115456786,1740911213]},{"billed_charge":250.29,"npi":[1115456786,1740911213]},{"billed_charge":255.15,"npi":[1115456786,1740911213]},{"billed_charge":285.93,"npi":[1115456786,1740911213]},{"billed_charge":299.43,"npi":[1115456786,1740911213]},{"billed_charge":308.88,"npi":[1115456786,1740911213]},{"billed_charge":391.50,"npi":[1115456786,1740911213]},{"billed_charge":422.55,"npi":[1115456786,1740911213]},{"billed_charge":505.44,"npi":[1115456786,1740911213]},{"billed_charge":2050.00,"npi":[1115456786,1740911213]}]},{"allowed_amount":0.00,"billing_code_modifier":[""],"providers":[{"billed_charge":184.95,"npi":[1115456786,1740911213]},{"billed_charge":250.29,"npi":[1115456786,1740911213]},{"billed_charge":255.15,"npi":[1115456786,1740911213]},{"billed_charge":285.93,"npi":[1115456786,1740911213]},{"billed_charge":299.43,"npi":[1115456786,1740911213]},{"billed_charge":308.88,"npi":[1115456786,1740911213]},{"billed_charge":391.50,"npi":[1115456786,1740911213]},{"billed_charge":422.55,"npi":[1115456786,1740911213]},{"billed_charge":505.44,"npi":[1115456786,1740911213]},{"billed_charge":2050.00,"npi":[1115456786,1740911213]}]}]},{"tin":{"type":"ein","value":"882931023"},"service_code":["23"],"billing_class":"institutional","payments":[{"allowed_amount":0.00,"billing_code_modifier":[""],"providers":[{"billed_charge":184.95,"npi":[1115456786,1740911213]},{"billed_charge":250.29,"npi":[1115456786,1740911213]},{"billed_charge":255.15,"npi":[1115456786,1740911213]},{"billed_charge":285.93,"npi":[1115456786,1740911213]},{"billed_charge":299.43,"npi":[1115456786,1740911213]},{"billed_charge":308.88,"npi":[1115456786,1740911213]},{"billed_charge":391.50,"npi":[1115456786,1740911213]},{"billed_charge":422.55,"npi":[1115456786,1740911213]},{"billed_charge":505.44,"npi":[1115456786,1740911213]},{"billed_charge":2050.00,"npi":[1115456786,1740911213]}]},{"allowed_amount":0.00,"billing_code_modifier":[""],"providers":[{"billed_charge":184.95,"npi":[1115456786,1740911213]},{"billed_charge":250.29,"npi":[1115456786,1740911213]},{"billed_charge":255.15,"npi":[1115456786,1740911213]},{"billed_charge":285.93,"npi":[1115456786,1740911213]},{"billed_charge":299.43,"npi":[1115456786,1740911213]},{"billed_charge":308.88,"npi":[1115456786,1740911213]},{"billed_charge":391.50,"npi":[1115456786,1740911213]},{"billed_charge":422.55,"npi":[1115456786,1740911213]},{"billed_charge":505.44,"npi":[1115456786,1740911213]},{"billed_charge":2050.00,"npi":[1115456786,1740911213]}]},{"allowed_amount":0.00,"billing_code_modifier":[""],"providers":[{"billed_charge":184.95,"npi":[1115456786,1740911213]},{"billed_charge":250.29,"npi":[1115456786,1740911213]},{"billed_charge":255.15,"npi":[1115456786,1740911213]},{"billed_charge":285.93,"npi":[1115456786,1740911213]},{"billed_charge":299.43,"npi":[1115456786,1740911213]},{"billed_charge":308.88,"npi":[1115456786,1740911213]},{"billed_charge":391.50,"npi":[1115456786,1740911213]},{"billed_charge":422.55,"npi":[1115456786,1740911213]},{"billed_charge":505.44,"npi":[1115456786,1740911213]},{"billed_charge":2050.00,"npi":[1115456786,1740911213]}]},{"allowed_amount":0.00,"billing_code_modifier":[""],"providers":[{"billed_charge":184.95,"npi":[1115456786,1740911213]},{"billed_charge":250.29,"npi":[1115456786,1740911213]},{"billed_charge":255.15,"npi":[1115456786,1740911213]},{"billed_charge":285.93,"npi":[1115456786,1740911213]},{"billed_charge":299.43,"npi":[1115456786,1740911213]},{"billed_charge":308.88,"npi":[1115456786,1740911213]},{"billed_charge":391.50,"npi":[1115456786,1740911213]},{"billed_charge":422.55,"npi":[1115456786,1740911213]},{"billed_charge":505.44,"npi":[1115456786,1740911213]},{"billed_charge":2050.00,"npi":[1115456786,1740911213]}]},{"allowed_amount":0.00,"billing_code_modifier":[""],"providers":[{"billed_charge":184.95,"npi":[1115456786,1740911213]},{"billed_charge":250.29,"npi":[1115456786,1740911213]},{"billed_charge":255.15,"npi":[1115456786,1740911213]},{"billed_charge":285.93,"npi":[1115456786,1740911213]},{"billed_charge":299.43,"npi":[1115456786,1740911213]},{"billed_charge":308.88,"npi":[1115456786,1740911213]},{"billed_charge":391.50,"npi":[1115456786,1740911213]},{"billed_charge":422.55,"npi":[1115456786,1740911213]},{"billed_charge":505.44,"npi":[1115456786,1740911213]},{"billed_charge":2050.00,"npi":[1115456786,1740911213]}]},{"allowed_amount":0.00,"billing_code_modifier":[""],"providers":[{"billed_charge":184.95,"npi":[1115456786,1740911213]},{"billed_charge":250.29,"npi":[1115456786,1740911213]},{"billed_charge":255.15,"npi":[1115456786,1740911213]},{"billed_charge":285.93,"npi":[1115456786,1740911213]},{"billed_charge":299.43,"npi":[1115456786,1740911213]},{"billed_charge":308.88,"npi":[1115456786,1740911213]},{"billed_charge":391.50,"npi":[1115456786,1740911213]},{"billed_charge":422.55,"npi":[1115456786,1740911213]},{"billed_charge":505.44,"npi":[1115456786,1740911213]},{"billed_charge":2050.00,"npi":[1115456786,1740911213]}]},{"allowed_amount":0.00,"billing_code_modifier":[""],"providers":[{"billed_charge":184.95,"npi":[1115456786,1740911213]},{"billed_charge":250.29,"npi":[1115456786,1740911213]},{"billed_charge":255.15,"npi":[1115456786,1740911213]},{"billed_charge":285.93,"npi":[1115456786,1740911213]},{"billed_charge":299.43,"npi":[1115456786,1740911213]},{"billed_charge":308.88,"npi":[1115456786,1740911213]},{"billed_charge":391.50,"npi":[1115456786,1740911213]},{"billed_charge":422.55,"npi":[1115456786,1740911213]},{"billed_charge":505.44,"npi":[1115456786,1740911213]},{"billed_charge":2050.00,"npi":[1115456786,1740911213]}]},{"allowed_amount":0.00,"billing_code_modifier":[""],"providers":[{"billed_charge":184.95,"npi":[1115456786,1740911213]},{"billed_charge":250.29,"npi":[1115456786,1740911213]},{"billed_charge":255.15,"npi":[1115456786,1740911213]},{"billed_charge":285.93,"npi":[1115456786,1740911213]},{"billed_charge":299.43,"npi":[1115456786,1740911213]},{"billed_charge":308.88,"npi":[1115456786,1740911213]},{"billed_charge":391.50,"npi":[1115456786,1740911213]},{"billed_charge":422.55,"npi":[1115456786,1740911213]},{"billed_charge":505.44,"npi":[1115456786,1740911213]},{"billed_charge":2050.00,"npi":[1115456786,1740911213]}]},{"allowed_amount":0.00,"billing_code_modifier":[""],"providers":[{"billed_charge":184.95,"npi":[1115456786,1740911213]},{"billed_charge":250.29,"npi":[1115456786,1740911213]},{"billed_charge":255.15,"npi":[1115456786,1740911213]},{"billed_charge":285.93,"npi":[1115456786,1740911213]},{"billed_charge":299.43,"npi":[1115456786,1740911213]},{"billed_charge":308.88,"npi":[1115456786,1740911213]},{"billed_charge":391.50,"npi":[1115456786,1740911213]},{"billed_charge":422.55,"npi":[1115456786,1740911213]},{"billed_charge":505.44,"npi":[1115456786,1740911213]},{"billed_charge":2050.00,"npi":[1115456786,1740911213]}]},{"allowed_amount":0.00,"billing_code_modifier":[""],"providers":[{"billed_charge":184.95,"npi":[1115456786,1740911213]},{"billed_charge":250.29,"npi":[1115456786,1740911213]},{"billed_charge":255.15,"npi":[1115456786,1740911213]},{"billed_charge":285.93,"npi":[1115456786,1740911213]},{"billed_charge":299.43,"npi":[1115456786,1740911213]},{"billed_charge":308.88,"npi":[1115456786,1740911213]},{"billed_charge":391.50,"npi":[1115456786,1740911213]},{"billed_charge":422.55,"npi":[1115456786,1740911213]},{"billed_charge":505.44,"npi":[1115456786,1740911213]},{"billed_charge":2050.00,"npi":[1115456786,1740911213]}]}]},{"tin":{"type":"ein","value":"882931023"},"service_code":["23"],"billing_class":"institutional","payments":[{"allowed_amount":0.00,"billing_code_modifier":[""],"providers":[{"billed_charge":184.95,"npi":[1115456786,1740911213]},{"billed_charge":250.29,"npi":[1115456786,1740911213]},{"billed_charge":255.15,"npi":[1115456786,1740911213]},{"billed_charge":285.93,"npi":[1115456786,1740911213]},{"billed_charge":299.43,"npi":[1115456786,1740911213]},{"billed_charge":308.88,"npi":[1115456786,1740911213]},{"billed_charge":391.50,"npi":[1115456786,1740911213]},{"billed_charge":422.55,"npi":[1115456786,1740911213]},{"billed_charge":505.44,"npi":[1115456786,1740911213]},{"billed_charge":2050.00,"npi":[1115456786,1740911213]}]},{"allowed_amount":0.00,"billing_code_modifier":[""],"providers":[{"billed_charge":184.95,"npi":[1115456786,1740911213]},{"billed_charge":250.29,"npi":[1115456786,1740911213]},{"billed_charge":255.15,"npi":[1115456786,1740911213]},{"billed_charge":285.93,"npi":[1115456786,1740911213]},{"billed_charge":299.43,"npi":[1115456786,1740911213]},{"billed_charge":308.88,"npi":[1115456786,1740911213]},{"billed_charge":391.50,"npi":[1115456786,1740911213]},{"billed_charge":422.55,"npi":[1115456786,1740911213]},{"billed_charge":505.44,"npi":[1115456786,1740911213]},{"billed_charge":2050.00,"npi":[1115456786,1740911213]}]},{"allowed_amount":0.00,"billing_code_modifier":[""],"providers":[{"billed_charge":184.95,"npi":[1115456786,1740911213]},{"billed_charge":250.29,"npi":[1115456786,1740911213]},{"billed_charge":255.15,"npi":[1115456786,1740911213]},{"billed_charge":285.93,"npi":[1115456786,1740911213]},{"billed_charge":299.43,"npi":[1115456786,1740911213]},{"billed_charge":308.88,"npi":[1115456786,1740911213]},{"billed_charge":391.50,"npi":[1115456786,1740911213]},{"billed_charge":422.55,"npi":[1115456786,1740911213]},{"billed_charge":505.44,"npi":[1115456786,1740911213]},{"billed_charge":2050.00,"npi":[1115456786,1740911213]}]},{"allowed_amount":0.00,"billing_code_modifier":[""],"providers":[{"billed_charge":184.95,"npi":[1115456786,1740911213]},{"billed_charge":250.29,"npi":[1115456786,1740911213]},{"billed_charge":255.15,"npi":[1115456786,1740911213]},{"billed_charge":285.93,"npi":[1115456786,1740911213]},{"billed_charge":299.43,"npi":[1115456786,1740911213]},{"billed_charge":308.88,"npi":[1115456786,1740911213]},{"billed_charge":391.50,"npi":[1115456786,1740911213]},{"billed_charge":422.55,"npi":[1115456786,1740911213]},{"billed_charge":505.44,"npi":[1115456786,1740911213]},{"billed_charge":2050.00,"npi":[1115456786,1740911213]}]},{"allowed_amount":0.00,"billing_code_modifier":[""],"providers":[{"billed_charge":184.95,"npi":[1115456786,1740911213]},{"billed_charge":250.29,"npi":[1115456786,1740911213]},{"billed_charge":255.15,"npi":[1115456786,1740911213]},{"billed_charge":285.93,"npi":[1115456786,1740911213]},{"billed_charge":299.43,"npi":[1115456786,1740911213]},{"billed_charge":308.88,"npi":[1115456786,1740911213]},{"billed_charge":391.50,"npi":[1115456786,1740911213]},{"billed_charge":422.55,"npi":[1115456786,1740911213]},{"billed_charge":505.44,"npi":[1115456786,1740911213]},{"billed_charge":2050.00,"npi":[1115456786,1740911213]}]},{"allowed_amount":0.00,"billing_code_modifier":[""],"providers":[{"billed_charge":184.95,"npi":[1115456786,1740911213]},{"billed_charge":250.29,"npi":[1115456786,1740911213]},{"billed_charge":255.15,"npi":[1115456786,1740911213]},{"billed_charge":285.93,"npi":[1115456786,1740911213]},{"billed_charge":299.43,"npi":[1115456786,1740911213]},{"billed_charge":308.88,"npi":[1115456786,1740911213]},{"billed_charge":391.50,"npi":[1115456786,1740911213]},{"billed_charge":422.55,"npi":[1115456786,1740911213]},{"billed_charge":505.44,"npi":[1115456786,1740911213]},{"billed_charge":2050.00,"npi":[1115456786,1740911213]}]},{"allowed_amount":0.00,"billing_code_modifier":[""],"providers":[{"billed_charge":184.95,"npi":[1115456786,1740911213]},{"billed_charge":250.29,"npi":[1115456786,1740911213]},{"billed_charge":255.15,"npi":[1115456786,1740911213]},{"billed_charge":285.93,"npi":[1115456786,1740911213]},{"billed_charge":299.43,"npi":[1115456786,1740911213]},{"billed_charge":308.88,"npi":[1115456786,1740911213]},{"billed_charge":391.50,"npi":[1115456786,1740911213]},{"billed_charge":422.55,"npi":[1115456786,1740911213]},{"billed_charge":505.44,"npi":[1115456786,1740911213]},{"billed_charge":2050.00,"npi":[1115456786,1740911213]}]},{"allowed_amount":0.00,"billing_code_modifier":[""],"providers":[{"billed_charge":184.95,"npi":[1115456786,1740911213]},{"billed_charge":250.29,"npi":[1115456786,1740911213]},{"billed_charge":255.15,"npi":[1115456786,1740911213]},{"billed_charge":285.93,"npi":[1115456786,1740911213]},{"billed_charge":299.43,"npi":[1115456786,1740911213]},{"billed_charge":308.88,"npi":[1115456786,1740911213]},{"billed_charge":391.50,"npi":[1115456786,1740911213]},{"billed_charge":422.55,"npi":[1115456786,1740911213]},{"billed_charge":505.44,"npi":[1115456786,1740911213]},{"billed_charge":2050.00,"npi":[1115456786,1740911213]}]},{"allowed_amount":0.00,"billing_code_modifier":[""],"providers":[{"billed_charge":184.95,"npi":[1115456786,1740911213]},{"billed_charge":250.29,"npi":[1115456786,1740911213]},{"billed_charge":255.15,"npi":[1115456786,1740911213]},{"billed_charge":285.93,"npi":[1115456786,1740911213]},{"billed_charge":299.43,"npi":[1115456786,1740911213]},{"billed_charge":308.88,"npi":[1115456786,1740911213]},{"billed_charge":391.50,"npi":[1115456786,1740911213]},{"billed_charge":422.55,"npi":[1115456786,1740911213]},{"billed_charge":505.44,"npi":[1115456786,1740911213]},{"billed_charge":2050.00,"npi":[1115456786,1740911213]}]},{"allowed_amount":0.00,"billing_code_modifier":[""],"providers":[{"billed_charge":184.95,"npi":[1115456786,1740911213]},{"billed_charge":250.29,"npi":[1115456786,1740911213]},{"billed_charge":255.15,"npi":[1115456786,1740911213]},{"billed_charge":285.93,"npi":[1115456786,1740911213]},{"billed_charge":299.43,"npi":[1115456786,1740911213]},{"billed_charge":308.88,"npi":[1115456786,1740911213]},{"billed_charge":391.50,"npi":[1115456786,1740911213]},{"billed_charge":422.55,"npi":[1115456786,1740911213]},{"billed_charge":505.44,"npi":[1115456786,1740911213]},{"billed_charge":2050.00,"npi":[1115456786,1740911213]}]}]},{"tin":{"type":"ein","value":"882931023"},"service_code":["23"],"billing_class":"institutional","payments":[{"allowed_amount":0.00,"billing_code_modifier":[""],"providers":[{"billed_charge":184.95,"npi":[1115456786,1740911213]},{"billed_charge":250.29,"npi":[1115456786,1740911213]},{"billed_charge":255.15,"npi":[1115456786,1740911213]},{"billed_charge":285.93,"npi":[1115456786,1740911213]},{"billed_charge":299.43,"npi":[1115456786,1740911213]},{"billed_charge":308.88,"npi":[1115456786,1740911213]},{"billed_charge":391.50,"npi":[1115456786,1740911213]},{"billed_charge":422.55,"npi":[1115456786,1740911213]},{"billed_charge":505.44,"npi":[1115456786,1740911213]},{"billed_charge":2050.00,"npi":[1115456786,1740911213]}]},{"allowed_amount":0.00,"billing_code_modifier":[""],"providers":[{"billed_charge":184.95,"npi":[1115456786,1740911213]},{"billed_charge":250.29,"npi":[1115456786,1740911213]},{"billed_charge":255.15,"npi":[1115456786,1740911213]},{"billed_charge":285.93,"npi":[1115456786,1740911213]},{"billed_charge":299.43,"npi":[1115456786,1740911213]},{"billed_charge":308.88,"npi":[1115456786,1740911213]},{"billed_charge":391.50,"npi":[1115456786,1740911213]},{"billed_charge":422.55,"npi":[1115456786,1740911213]},{"billed_charge":505.44,"npi":[1115456786,1740911213]},{"billed_charge":2050.00,"npi":[1115456786,1740911213]}]},{"allowed_amount":0.00,"billing_code_modifier":[""],"providers":[{"billed_charge":184.95,"npi":[1115456786,1740911213]},{"billed_charge":250.29,"npi":[1115456786,1740911213]},{"billed_charge":255.15,"npi":[1115456786,1740911213]},{"billed_charge":285.93,"npi":[1115456786,1740911213]},{"billed_charge":299.43,"npi":[1115456786,1740911213]},{"billed_charge":308.88,"npi":[1115456786,1740911213]},{"billed_charge":391.50,"npi":[1115456786,1740911213]},{"billed_charge":422.55,"npi":[1115456786,1740911213]},{"billed_charge":505.44,"npi":[1115456786,1740911213]},{"billed_charge":2050.00,"npi":[1115456786,1740911213]}]},{"allowed_amount":0.00,"billing_code_modifier":[""],"providers":[{"billed_charge":184.95,"npi":[1115456786,1740911213]},{"billed_charge":250.29,"npi":[1115456786,1740911213]},{"billed_charge":255.15,"npi":[1115456786,1740911213]},{"billed_charge":285.93,"npi":[1115456786,1740911213]},{"billed_charge":299.43,"npi":[1115456786,1740911213]},{"billed_charge":308.88,"npi":[1115456786,1740911213]},{"billed_charge":391.50,"npi":[1115456786,1740911213]},{"billed_charge":422.55,"npi":[1115456786,1740911213]},{"billed_charge":505.44,"npi":[1115456786,1740911213]},{"billed_charge":2050.00,"npi":[1115456786,1740911213]}]},{"allowed_amount":0.00,"billing_code_modifier":[""],"providers":[{"billed_charge":184.95,"npi":[1115456786,1740911213]},{"billed_charge":250.29,"npi":[1115456786,1740911213]},{"billed_charge":255.15,"npi":[1115456786,1740911213]},{"billed_charge":285.93,"npi":[1115456786,1740911213]},{"billed_charge":299.43,"npi":[1115456786,1740911213]},{"billed_charge":308.88,"npi":[1115456786,1740911213]},{"billed_charge":391.50,"npi":[1115456786,1740911213]},{"billed_charge":422.55,"npi":[1115456786,1740911213]},{"billed_charge":505.44,"npi":[1115456786,1740911213]},{"billed_charge":2050.00,"npi":[1115456786,1740911213]}]},{"allowed_amount":0.00,"billing_code_modifier":[""],"providers":[{"billed_charge":184.95,"npi":[1115456786,1740911213]},{"billed_charge":250.29,"npi":[1115456786,1740911213]},{"billed_charge":255.15,"npi":[1115456786,1740911213]},{"billed_charge":285.93,"npi":[1115456786,1740911213]},{"billed_charge":299.43,"npi":[1115456786,1740911213]},{"billed_charge":308.88,"npi":[1115456786,1740911213]},{"billed_charge":391.50,"npi":[1115456786,1740911213]},{"billed_charge":422.55,"npi":[1115456786,1740911213]},{"billed_charge":505.44,"npi":[1115456786,1740911213]},{"billed_charge":2050.00,"npi":[1115456786,1740911213]}]},{"allowed_amount":0.00,"billing_code_modifier":[""],"providers":[{"billed_charge":184.95,"npi":[1115456786,1740911213]},{"billed_charge":250.29,"npi":[1115456786,1740911213]},{"billed_charge":255.15,"npi":[1115456786,1740911213]},{"billed_charge":285.93,"npi":[1115456786,1740911213]},{"billed_charge":299.43,"npi":[1115456786,1740911213]},{"billed_charge":308.88,"npi":[1115456786,1740911213]},{"billed_charge":391.50,"npi":[1115456786,1740911213]},{"billed_charge":422.55,"npi":[1115456786,1740911213]},{"billed_charge":505.44,"npi":[1115456786,1740911213]},{"billed_charge":2050.00,"npi":[1115456786,1740911213]}]},{"allowed_amount":0.00,"billing_code_modifier":[""],"providers":[{"billed_charge":184.95,"npi":[1115456786,1740911213]},{"billed_charge":250.29,"npi":[1115456786,1740911213]},{"billed_charge":255.15,"npi":[1115456786,1740911213]},{"billed_charge":285.93,"npi":[1115456786,1740911213]},{"billed_charge":299.43,"npi":[1115456786,1740911213]},{"billed_charge":308.88,"npi":[1115456786,1740911213]},{"billed_charge":391.50,"npi":[1115456786,1740911213]},{"billed_charge":422.55,"npi":[1115456786,1740911213]},{"billed_charge":505.44,"npi":[1115456786,1740911213]},{"billed_charge":2050.00,"npi":[1115456786,1740911213]}]},{"allowed_amount":0.00,"billing_code_modifier":[""],"providers":[{"billed_charge":184.95,"npi":[1115456786,1740911213]},{"billed_charge":250.29,"npi":[1115456786,1740911213]},{"billed_charge":255.15,"npi":[1115456786,1740911213]},{"billed_charge":285.93,"npi":[1115456786,1740911213]},{"billed_charge":299.43,"npi":[1115456786,1740911213]},{"billed_charge":308.88,"npi":[1115456786,1740911213]},{"billed_charge":391.50,"npi":[1115456786,1740911213]},{"billed_charge":422.55,"npi":[1115456786,1740911213]},{"billed_charge":505.44,"npi":[1115456786,1740911213]},{"billed_charge":2050.00,"npi":[1115456786,1740911213]}]},{"allowed_amount":0.00,"billing_code_modifier":[""],"providers":[{"billed_charge":184.95,"npi":[1115456786,1740911213]},{"billed_charge":250.29,"npi":[1115456786,1740911213]},{"billed_charge":255.15,"npi":[1115456786,1740911213]},{"billed_charge":285.93,"npi":[1115456786,1740911213]},{"billed_charge":299.43,"npi":[1115456786,1740911213]},{"billed_charge":308.88,"npi":[1115456786,1740911213]},{"billed_charge":391.50,"npi":[1115456786,1740911213]},{"billed_charge":422.55,"npi":[1115456786,1740911213]},{"billed_charge":505.44,"npi":[1115456786,1740911213]},{"billed_charge":2050.00,"npi":[1115456786,1740911213]}]}]},{"tin":{"type":"ein","value":"882931023"},"service_code":["23"],"billing_class":"institutional","payments":[{"allowed_amount":0.00,"billing_code_modifier":[""],"providers":[{"billed_charge":184.95,"npi":[1115456786,1740911213]},{"billed_charge":250.29,"npi":[1115456786,1740911213]},{"billed_charge":255.15,"npi":[1115456786,1740911213]},{"billed_charge":285.93,"npi":[1115456786,1740911213]},{"billed_charge":299.43,"npi":[1115456786,1740911213]},{"billed_charge":308.88,"npi":[1115456786,1740911213]},{"billed_charge":391.50,"npi":[1115456786,1740911213]},{"billed_charge":422.55,"npi":[1115456786,1740911213]},{"billed_charge":505.44,"npi":[1115456786,1740911213]},{"billed_charge":2050.00,"npi":[1115456786,1740911213]}]},{"allowed_amount":0.00,"billing_code_modifier":[""],"providers":[{"billed_charge":184.95,"npi":[1115456786,1740911213]},{"billed_charge":250.29,"npi":[1115456786,1740911213]},{"billed_charge":255.15,"npi":[1115456786,1740911213]},{"billed_charge":285.93,"npi":[1115456786,1740911213]},{"billed_charge":299.43,"npi":[1115456786,1740911213]},{"billed_charge":308.88,"npi":[1115456786,1740911213]},{"billed_charge":391.50,"npi":[1115456786,1740911213]},{"billed_charge":422.55,"npi":[1115456786,1740911213]},{"billed_charge":505.44,"npi":[1115456786,1740911213]},{"billed_charge":2050.00,"npi":[1115456786,1740911213]}]},{"allowed_amount":0.00,"billing_code_modifier":[""],"providers":[{"billed_charge":184.95,"npi":[1115456786,1740911213]},{"billed_charge":250.29,"npi":[1115456786,1740911213]},{"billed_charge":255.15,"npi":[1115456786,1740911213]},{"billed_charge":285.93,"npi":[1115456786,1740911213]},{"billed_charge":299.43,"npi":[1115456786,1740911213]},{"billed_charge":308.88,"npi":[1115456786,1740911213]},{"billed_charge":391.50,"npi":[1115456786,1740911213]},{"billed_charge":422.55,"npi":[1115456786,1740911213]},{"billed_charge":505.44,"npi":[1115456786,1740911213]},{"billed_charge":2050.00,"npi":[1115456786,1740911213]}]},{"allowed_amount":0.00,"billing_code_modifier":[""],"providers":[{"billed_charge":184.95,"npi":[1115456786,1740911213]},{"billed_charge":250.29,"npi":[1115456786,1740911213]},{"billed_charge":255.15,"npi":[1115456786,1740911213]},{"billed_charge":285.93,"npi":[1115456786,1740911213]},{"billed_charge":299.43,"npi":[1115456786,1740911213]},{"billed_charge":308.88,"npi":[1115456786,1740911213]},{"billed_charge":391.50,"npi":[1115456786,1740911213]},{"billed_charge":422.55,"npi":[1115456786,1740911213]},{"billed_charge":505.44,"npi":[1115456786,1740911213]},{"billed_charge":2050.00,"npi":[1115456786,1740911213]}]},{"allowed_amount":0.00,"billing_code_modifier":[""],"providers":[{"billed_charge":184.95,"npi":[1115456786,1740911213]},{"billed_charge":250.29,"npi":[1115456786,1740911213]},{"billed_charge":255.15,"npi":[1115456786,1740911213]},{"billed_charge":285.93,"npi":[1115456786,1740911213]},{"billed_charge":299.43,"npi":[1115456786,1740911213]},{"billed_charge":308.88,"npi":[1115456786,1740911213]},{"billed_charge":391.50,"npi":[1115456786,1740911213]},{"billed_charge":422.55,"npi":[1115456786,1740911213]},{"billed_charge":505.44,"npi":[1115456786,1740911213]},{"billed_charge":2050.00,"npi":[1115456786,1740911213]}]},{"allowed_amount":0.00,"billing_code_modifier":[""],"providers":[{"billed_charge":184.95,"npi":[1115456786,1740911213]},{"billed_charge":250.29,"npi":[1115456786,1740911213]},{"billed_charge":255.15,"npi":[1115456786,1740911213]},{"billed_charge":285.93,"npi":[1115456786,1740911213]},{"billed_charge":299.43,"npi":[1115456786,1740911213]},{"billed_charge":308.88,"npi":[1115456786,1740911213]},{"billed_charge":391.50,"npi":[1115456786,1740911213]},{"billed_charge":422.55,"npi":[1115456786,1740911213]},{"billed_charge":505.44,"npi":[1115456786,1740911213]},{"billed_charge":2050.00,"npi":[1115456786,1740911213]}]},{"allowed_amount":0.00,"billing_code_modifier":[""],"providers":[{"billed_charge":184.95,"npi":[1115456786,1740911213]},{"billed_charge":250.29,"npi":[1115456786,1740911213]},{"billed_charge":255.15,"npi":[1115456786,1740911213]},{"billed_charge":285.93,"npi":[1115456786,1740911213]},{"billed_charge":299.43,"npi":[1115456786,1740911213]},{"billed_charge":308.88,"npi":[1115456786,1740911213]},{"billed_charge":391.50,"npi":[1115456786,1740911213]},{"billed_charge":422.55,"npi":[1115456786,1740911213]},{"billed_charge":505.44,"npi":[1115456786,1740911213]},{"billed_charge":2050.00,"npi":[1115456786,1740911213]}]},{"allowed_amount":0.00,"billing_code_modifier":[""],"providers":[{"billed_charge":184.95,"npi":[1115456786,1740911213]},{"billed_charge":250.29,"npi":[1115456786,1740911213]},{"billed_charge":255.15,"npi":[1115456786,1740911213]},{"billed_charge":285.93,"npi":[1115456786,1740911213]},{"billed_charge":299.43,"npi":[1115456786,1740911213]},{"billed_charge":308.88,"npi":[1115456786,1740911213]},{"billed_charge":391.50,"npi":[1115456786,1740911213]},{"billed_charge":422.55,"npi":[1115456786,1740911213]},{"billed_charge":505.44,"npi":[1115456786,1740911213]},{"billed_charge":2050.00,"npi":[1115456786,1740911213]}]},{"allowed_amount":0.00,"billing_code_modifier":[""],"providers":[{"billed_charge":184.95,"npi":[1115456786,1740911213]},{"billed_charge":250.29,"npi":[1115456786,1740911213]},{"billed_charge":255.15,"npi":[1115456786,1740911213]},{"billed_charge":285.93,"npi":[1115456786,1740911213]},{"billed_charge":299.43,"npi":[1115456786,1740911213]},{"billed_charge":308.88,"npi":[1115456786,1740911213]},{"billed_charge":391.50,"npi":[1115456786,1740911213]},{"billed_charge":422.55,"npi":[1115456786,1740911213]},{"billed_charge":505.44,"npi":[1115456786,1740911213]},{"billed_charge":2050.00,"npi":[1115456786,1740911213]}]},{"allowed_amount":0.00,"billing_code_modifier":[""],"providers":[{"billed_charge":184.95,"npi":[1115456786,1740911213]},{"billed_charge":250.29,"npi":[1115456786,1740911213]},{"billed_charge":255.15,"npi":[1115456786,1740911213]},{"billed_charge":285.93,"npi":[1115456786,1740911213]},{"billed_charge":299.43,"npi":[1115456786,1740911213]},{"billed_charge":308.88,"npi":[1115456786,1740911213]},{"billed_charge":391.50,"npi":[1115456786,1740911213]},{"billed_charge":422.55,"npi":[1115456786,1740911213]},{"billed_charge":505.44,"npi":[1115456786,1740911213]},{"billed_charge":2050.00,"npi":[1115456786,1740911213]}]}]},{"tin":{"type":"ein","value":"882931023"},"service_code":["23"],"billing_class":"institutional","payments":[{"allowed_amount":0.00,"billing_code_modifier":[""],"providers":[{"billed_charge":184.95,"npi":[1115456786,1740911213]},{"billed_charge":250.29,"npi":[1115456786,1740911213]},{"billed_charge":255.15,"npi":[1115456786,1740911213]},{"billed_charge":285.93,"npi":[1115456786,1740911213]},{"billed_charge":299.43,"npi":[1115456786,1740911213]},{"billed_charge":308.88,"npi":[1115456786,1740911213]},{"billed_charge":391.50,"npi":[1115456786,1740911213]},{"billed_charge":422.55,"npi":[1115456786,1740911213]},{"billed_charge":505.44,"npi":[1115456786,1740911213]},{"billed_charge":2050.00,"npi":[1115456786,1740911213]}]},{"allowed_amount":0.00,"billing_code_modifier":[""],"providers":[{"billed_charge":184.95,"npi":[1115456786,1740911213]},{"billed_charge":250.29,"npi":[1115456786,1740911213]},{"billed_charge":255.15,"npi":[1115456786,1740911213]},{"billed_charge":285.93,"npi":[1115456786,1740911213]},{"billed_charge":299.43,"npi":[1115456786,1740911213]},{"billed_charge":308.88,"npi":[1115456786,1740911213]},{"billed_charge":391.50,"npi":[1115456786,1740911213]},{"billed_charge":422.55,"npi":[1115456786,1740911213]},{"billed_charge":505.44,"npi":[1115456786,1740911213]},{"billed_charge":2050.00,"npi":[1115456786,1740911213]}]},{"allowed_amount":0.00,"billing_code_modifier":[""],"providers":[{"billed_charge":184.95,"npi":[1115456786,1740911213]},{"billed_charge":250.29,"npi":[1115456786,1740911213]},{"billed_charge":255.15,"npi":[1115456786,1740911213]},{"billed_charge":285.93,"npi":[1115456786,1740911213]},{"billed_charge":299.43,"npi":[1115456786,1740911213]},{"billed_charge":308.88,"npi":[1115456786,1740911213]},{"billed_charge":391.50,"npi":[1115456786,1740911213]},{"billed_charge":422.55,"npi":[1115456786,1740911213]},{"billed_charge":505.44,"npi":[1115456786,1740911213]},{"billed_charge":2050.00,"npi":[1115456786,1740911213]}]},{"allowed_amount":0.00,"billing_code_modifier":[""],"providers":[{"billed_charge":184.95,"npi":[1115456786,1740911213]},{"billed_charge":250.29,"npi":[1115456786,1740911213]},{"billed_charge":255.15,"npi":[1115456786,1740911213]},{"billed_charge":285.93,"npi":[1115456786,1740911213]},{"billed_charge":299.43,"npi":[1115456786,1740911213]},{"billed_charge":308.88,"npi":[1115456786,1740911213]},{"billed_charge":391.50,"npi":[1115456786,1740911213]},{"billed_charge":422.55,"npi":[1115456786,1740911213]},{"billed_charge":505.44,"npi":[1115456786,1740911213]},{"billed_charge":2050.00,"npi":[1115456786,1740911213]}]},{"allowed_amount":0.00,"billing_code_modifier":[""],"providers":[{"billed_charge":184.95,"npi":[1115456786,1740911213]},{"billed_charge":250.29,"npi":[1115456786,1740911213]},{"billed_charge":255.15,"npi":[1115456786,1740911213]},{"billed_charge":285.93,"npi":[1115456786,1740911213]},{"billed_charge":299.43,"npi":[1115456786,1740911213]},{"billed_charge":308.88,"npi":[1115456786,1740911213]},{"billed_charge":391.50,"npi":[1115456786,1740911213]},{"billed_charge":422.55,"npi":[1115456786,1740911213]},{"billed_charge":505.44,"npi":[1115456786,1740911213]},{"billed_charge":2050.00,"npi":[1115456786,1740911213]}]},{"allowed_amount":0.00,"billing_code_modifier":[""],"providers":[{"billed_charge":184.95,"npi":[1115456786,1740911213]},{"billed_charge":250.29,"npi":[1115456786,1740911213]},{"billed_charge":255.15,"npi":[1115456786,1740911213]},{"billed_charge":285.93,"npi":[1115456786,1740911213]},{"billed_charge":299.43,"npi":[1115456786,1740911213]},{"billed_charge":308.88,"npi":[1115456786,1740911213]},{"billed_charge":391.50,"npi":[1115456786,1740911213]},{"billed_charge":422.55,"npi":[1115456786,1740911213]},{"billed_charge":505.44,"npi":[1115456786,1740911213]},{"billed_charge":2050.00,"npi":[1115456786,1740911213]}]},{"allowed_amount":0.00,"billing_code_modifier":[""],"providers":[{"billed_charge":184.95,"npi":[1115456786,1740911213]},{"billed_charge":250.29,"npi":[1115456786,1740911213]},{"billed_charge":255.15,"npi":[1115456786,1740911213]},{"billed_charge":285.93,"npi":[1115456786,1740911213]},{"billed_charge":299.43,"npi":[1115456786,1740911213]},{"billed_charge":308.88,"npi":[1115456786,1740911213]},{"billed_charge":391.50,"npi":[1115456786,1740911213]},{"billed_charge":422.55,"npi":[1115456786,1740911213]},{"billed_charge":505.44,"npi":[1115456786,1740911213]},{"billed_charge":2050.00,"npi":[1115456786,1740911213]}]},{"allowed_amount":0.00,"billing_code_modifier":[""],"providers":[{"billed_charge":184.95,"npi":[1115456786,1740911213]},{"billed_charge":250.29,"npi":[1115456786,1740911213]},{"billed_charge":255.15,"npi":[1115456786,1740911213]},{"billed_charge":285.93,"npi":[1115456786,1740911213]},{"billed_charge":299.43,"npi":[1115456786,1740911213]},{"billed_charge":308.88,"npi":[1115456786,1740911213]},{"billed_charge":391.50,"npi":[1115456786,1740911213]},{"billed_charge":422.55,"npi":[1115456786,1740911213]},{"billed_charge":505.44,"npi":[1115456786,1740911213]},{"billed_charge":2050.00,"npi":[1115456786,1740911213]}]},{"allowed_amount":0.00,"billing_code_modifier":[""],"providers":[{"billed_charge":184.95,"npi":[1115456786,1740911213]},{"billed_charge":250.29,"npi":[1115456786,1740911213]},{"billed_charge":255.15,"npi":[1115456786,1740911213]},{"billed_charge":285.93,"npi":[1115456786,1740911213]},{"billed_charge":299.43,"npi":[1115456786,1740911213]},{"billed_charge":308.88,"npi":[1115456786,1740911213]},{"billed_charge":391.50,"npi":[1115456786,1740911213]},{"billed_charge":422.55,"npi":[1115456786,1740911213]},{"billed_charge":505.44,"npi":[1115456786,1740911213]},{"billed_charge":2050.00,"npi":[1115456786,1740911213]}]},{"allowed_amount":0.00,"billing_code_modifier":[""],"providers":[{"billed_charge":184.95,"npi":[1115456786,1740911213]},{"billed_charge":250.29,"npi":[1115456786,1740911213]},{"billed_charge":255.15,"npi":[1115456786,1740911213]},{"billed_charge":285.93,"npi":[1115456786,1740911213]},{"billed_charge":299.43,"npi":[1115456786,1740911213]},{"billed_charge":308.88,"npi":[1115456786,1740911213]},{"billed_charge":391.50,"npi":[1115456786,1740911213]},{"billed_charge":422.55,"npi":[1115456786,1740911213]},{"billed_charge":505.44,"npi":[1115456786,1740911213]},{"billed_charge":2050.00,"npi":[1115456786,1740911213]}]}]}]}]}
