{"reporting_entity_name": "IEC Group_DBA AmeriBen",
	"reporting_entity_type": "Third Party Administrator",
	"plan_name": "ARIZONA LOCAL GOVERNMENT EBT",
	"plan_id_type": "ein",
	"plan_id": "860765362",
	"plan_market_type": "group",
	"last_updated_on": "2025-02-03","Version": "1.0.0","out_of_network":[{"name":"APPL MODALITY 1\/> AREAS TRACTION MECHANICAL","billing_code_type":"CPT","billing_code_type_version":"2020","billing_code":"97012","description":"APPL MODALITY 1\/> AREAS TRACTION MECHANICAL","allowed_amounts":[{"tin":{"type":"ein","value":"923343571"},"service_code":["11"],"billing_class":"professional","payments":[{"allowed_amount":20.36,"billing_code_modifier":[""],"providers":[{"billed_charge":45.00,"npi":[1346937026,1588365480]}]}]}]},{"name":"CHIROPRACTIC MANIPULATIVE TX SPINAL 3-4 REGIONS","billing_code_type":"CPT","billing_code_type_version":"2020","billing_code":"98941","description":"CHIROPRACTIC MANIPULATIVE TX SPINAL 3-4 REGIONS","allowed_amounts":[{"tin":{"type":"ein","value":"412085703"},"service_code":["11"],"billing_class":"professional","payments":[{"allowed_amount":64.00,"billing_code_modifier":[""],"providers":[{"billed_charge":80.00,"npi":[1457386062]}]}]},{"tin":{"type":"ein","value":"923343571"},"service_code":["11"],"billing_class":"professional","payments":[{"allowed_amount":47.97,"billing_code_modifier":[""],"providers":[{"billed_charge":60.00,"npi":[1346937026,1588365480]}]}]}]},{"name":"EMERGENCY DEPARTMENT VISIT HIGH MDM","billing_code_type":"CPT","billing_code_type_version":"2020","billing_code":"99285","description":"EMERGENCY DEPARTMENT VISIT HIGH MDM","allowed_amounts":[{"tin":{"type":"ein","value":"203136368"},"service_code":["23"],"billing_class":"professional","payments":[{"allowed_amount":221.05,"billing_code_modifier":[""],"providers":[{"billed_charge":1419.00,"npi":[1134439706,1356956015,1780761866,1932158771]}]}]},{"tin":{"type":"ein","value":"263853489"},"service_code":["23"],"billing_class":"professional","payments":[{"allowed_amount":221.05,"billing_code_modifier":[""],"providers":[{"billed_charge":1804.00,"npi":[1275855231,1295090355,1851333660,1891746541,1962493692]}]}]},{"tin":{"type":"ein","value":"352574944"},"service_code":["23"],"billing_class":"professional","payments":[{"allowed_amount":221.05,"billing_code_modifier":[""],"providers":[{"billed_charge":3522.00,"npi":[1174512792,1497375000,1518022961,1528231438,1568826923,1639240336,1649355702,1700328663,1922636976]}]}]},{"tin":{"type":"ein","value":"753010206"},"service_code":["23"],"billing_class":"professional","payments":[{"allowed_amount":221.05,"billing_code_modifier":[""],"providers":[{"billed_charge":1641.00,"npi":[1376577882]}]}]},{"tin":{"type":"ein","value":"814399995"},"service_code":["23"],"billing_class":"professional","payments":[{"allowed_amount":221.05,"billing_code_modifier":[""],"providers":[{"billed_charge":1418.00,"npi":[1568428431]}]}]},{"tin":{"type":"ein","value":"860593131"},"service_code":["23"],"billing_class":"professional","payments":[{"allowed_amount":221.05,"billing_code_modifier":[""],"providers":[{"billed_charge":1796.00,"npi":[1326481102]}]}]},{"tin":{"type":"ein","value":"873202637"},"service_code":["23"],"billing_class":"professional","payments":[{"allowed_amount":221.05,"billing_code_modifier":[""],"providers":[{"billed_charge":1141.00,"npi":[1174512792,1457790438,1629148556]}]}]}]},{"name":"EMERGENCY DEPARTMENT VISIT MODERATE MDM","billing_code_type":"CPT","billing_code_type_version":"2020","billing_code":"99284","description":"EMERGENCY DEPARTMENT VISIT MODERATE MDM","allowed_amounts":[{"tin":{"type":"ein","value":"263853489"},"service_code":["23"],"billing_class":"professional","payments":[{"allowed_amount":148.67,"billing_code_modifier":[""],"providers":[{"billed_charge":1226.00,"npi":[1275855231,1295090355,1518408772,1629500350,1891190062,1962493692]}]}]},{"tin":{"type":"ein","value":"352574944"},"service_code":["23"],"billing_class":"professional","payments":[{"allowed_amount":148.67,"billing_code_modifier":[""],"providers":[{"billed_charge":2392.00,"npi":[1184114977,1497375000,1568826923,1588227466,1598349342,1639240336,1700328663,1861469389,1922636976]}]}]},{"tin":{"type":"ein","value":"460508979"},"service_code":["23"],"billing_class":"professional","payments":[{"allowed_amount":148.67,"billing_code_modifier":[""],"providers":[{"billed_charge":1026.00,"npi":[1659759595]}]}]},{"tin":{"type":"ein","value":"814399995"},"service_code":["23"],"billing_class":"professional","payments":[{"allowed_amount":148.67,"billing_code_modifier":[""],"providers":[{"billed_charge":895.00,"npi":[1306297643,1588938724,1851397624]}]}]},{"tin":{"type":"ein","value":"873202637"},"service_code":["23"],"billing_class":"professional","payments":[{"allowed_amount":148.67,"billing_code_modifier":[""],"providers":[{"billed_charge":786.00,"npi":[1174512792,1548551310,1689028425,1902249527,1952335499]}]}]}]},{"name":"MANUAL THERAPY TQS 1\/> REGIONS EACH 15 MINUTES","billing_code_type":"CPT","billing_code_type_version":"2020","billing_code":"97140","description":"MANUAL THERAPY TQS 1\/> REGIONS EACH 15 MINUTES","allowed_amounts":[{"tin":{"type":"ein","value":"461070348"},"service_code":["11"],"billing_class":"professional","payments":[{"allowed_amount":72.00,"billing_code_modifier":[""],"providers":[{"billed_charge":120.00,"npi":[1417208778,1457386062]}]}]},{"tin":{"type":"ein","value":"860719854"},"service_code":["11"],"billing_class":"professional","payments":[{"allowed_amount":27.22,"billing_code_modifier":[""],"providers":[{"billed_charge":45.00,"npi":[1174692529,1417517533]}]}]},{"tin":{"type":"ein","value":"923343571"},"service_code":["11"],"billing_class":"professional","payments":[{"allowed_amount":27.22,"billing_code_modifier":[""],"providers":[{"billed_charge":50.00,"npi":[1346937026,1588365480]}]}]}]},{"name":"OFFICE\/OUTPATIENT ESTABLISHED LOW MDM 20 MIN","billing_code_type":"CPT","billing_code_type_version":"2020","billing_code":"99213","description":"OFFICE\/OUTPATIENT ESTABLISHED LOW MDM 20 MIN","allowed_amounts":[{"tin":{"type":"ein","value":"562462581"},"service_code":["22"],"billing_class":"professional","payments":[{"allowed_amount":56.92,"billing_code_modifier":[""],"providers":[{"billed_charge":222.00,"npi":[1073529145,1427335140]}]}]},{"tin":{"type":"ein","value":"860719858"},"service_code":["22"],"billing_class":"professional","payments":[{"allowed_amount":56.92,"billing_code_modifier":[""],"providers":[{"billed_charge":116.00,"npi":[1164042461,1588848543,1659628378,1912438482]}]}]},{"tin":{"type":"ein","value":"860817397"},"service_code":["22"],"billing_class":"professional","payments":[{"allowed_amount":56.92,"billing_code_modifier":[""],"providers":[{"billed_charge":202.00,"npi":[1194758789,1326353822,1326560426,1396201562,1477876639,1558789842,1710482971,1730562083]}]}]}]},{"name":"PRVS TST MATL&EQUIP HM INR MON;Q WK","billing_code_type":"HCPCS","billing_code_type_version":"HCPCS LEVEL II 2021","billing_code":"G0249","description":"PRVS TST MATL&EQUIP HM INR MON;Q WK","allowed_amounts":[{"tin":{"type":"ein","value":"953896101"},"service_code":["11"],"billing_class":"professional","payments":[{"allowed_amount":130.00,"billing_code_modifier":[""],"providers":[{"billed_charge":200.00,"npi":[1285932145,1386622645]}]}]}]},{"name":"PSYCHIATRIC\/PSYCHOLOGICAL SVCS: PARTIAL HOSP - LES","billing_code_type":"RC","billing_code_type_version":"UB04","billing_code":"0912","description":"PSYCHIATRIC\/PSYCHOLOGICAL SVCS: PARTIAL HOSP - LES","allowed_amounts":[{"tin":{"type":"ein","value":"811789530"},"service_code":["22"],"billing_class":"institutional","payments":[{"allowed_amount":1100.00,"billing_code_modifier":[""],"providers":[{"billed_charge":3495.00,"npi":[1174690606,1194278457]}]}]}]},{"name":"REM INTERROG ICPMS <30 D PHYS\/QHP","billing_code_type":"CPT","billing_code_type_version":"2020","billing_code":"93297","description":"REM INTERROG ICPMS <30 D PHYS\/QHP","allowed_amounts":[{"tin":{"type":"ein","value":"814227066"},"service_code":["11"],"billing_class":"professional","payments":[{"allowed_amount":68.27,"billing_code_modifier":[""],"providers":[{"billed_charge":280.00,"npi":[1023539053,1417950155,1457500613,1780951954]}]}]}]},{"name":"SERVICES PROVIDED BTW 10 PM&8 AM AT 24-HR FACI","billing_code_type":"CPT","billing_code_type_version":"2020","billing_code":"99053","description":"SERVICES PROVIDED BTW 10 PM&8 AM AT 24-HR FACI","allowed_amounts":[{"tin":{"type":"ein","value":"352574944"},"service_code":["23"],"billing_class":"professional","payments":[{"allowed_amount":23.76,"billing_code_modifier":[""],"providers":[{"billed_charge":88.00,"npi":[1497375000,1518022961,1568826923,1588227466,1639240336,1649355702,1700328663,1922636976]}]}]},{"tin":{"type":"ein","value":"873202637"},"service_code":["23"],"billing_class":"professional","payments":[{"allowed_amount":23.76,"billing_code_modifier":[""],"providers":[{"billed_charge":50.00,"npi":[1174512792,1689028425]}]}]}]},{"name":"THERAPEUTIC PX 1\/> AREAS EACH 15 MIN EXERCISES","billing_code_type":"CPT","billing_code_type_version":"2020","billing_code":"97110","description":"THERAPEUTIC PX 1\/> AREAS EACH 15 MIN EXERCISES","allowed_amounts":[{"tin":{"type":"ein","value":"412085703"},"service_code":["11"],"billing_class":"professional","payments":[{"allowed_amount":48.00,"billing_code_modifier":[""],"providers":[{"billed_charge":60.00,"npi":[1457386062]}]}]},{"tin":{"type":"ein","value":"461070348"},"service_code":["11"],"billing_class":"professional","payments":[{"allowed_amount":72.00,"billing_code_modifier":[""],"providers":[{"billed_charge":120.00,"npi":[1417208778,1457386062]}]}]}]}]}
