{"reporting_entity_name": "IEC Group_DBA AmeriBen",
	"reporting_entity_type": "Third Party Administrator",
	"plan_name": "WESTMORELAND MINING, LLC",
	"plan_id_type": "ein",
	"plan_id": "833555130",
	"plan_market_type": "group",
	"last_updated_on": "2024-01-01","Version": "1.0.0","out_of_network":[{"name":"LABORATORY - CLINICAL DIAGNOSTIC: CHEMISTRY","billing_code_type":"RC","billing_code_type_version":"UB04","billing_code":"0301","description":"LABORATORY - CLINICAL DIAGNOSTIC: CHEMISTRY","allowed_amounts":[{"tin":{"type":"ein","value":"860719852"},"service_code":["22"],"billing_class":"institutional","payments":[{"allowed_amount":0.00,"billing_code_modifier":[""],"providers":[{"billed_charge":17.78,"npi":[1780639971]},{"billed_charge":19.88,"npi":[1780639971]},{"billed_charge":22.25,"npi":[1780639971]},{"billed_charge":29.08,"npi":[1780639971]},{"billed_charge":30.05,"npi":[1780639971]},{"billed_charge":33.35,"npi":[1780639971]},{"billed_charge":46.05,"npi":[1780639971]},{"billed_charge":46.83,"npi":[1780639971]},{"billed_charge":57.75,"npi":[1780639971]}]},{"allowed_amount":0.00,"billing_code_modifier":[""],"providers":[{"billed_charge":17.78,"npi":[1780639971]},{"billed_charge":19.88,"npi":[1780639971]},{"billed_charge":22.25,"npi":[1780639971]},{"billed_charge":29.08,"npi":[1780639971]},{"billed_charge":30.05,"npi":[1780639971]},{"billed_charge":33.35,"npi":[1780639971]},{"billed_charge":46.05,"npi":[1780639971]},{"billed_charge":46.83,"npi":[1780639971]},{"billed_charge":57.75,"npi":[1780639971]}]},{"allowed_amount":0.00,"billing_code_modifier":[""],"providers":[{"billed_charge":17.78,"npi":[1780639971]},{"billed_charge":19.88,"npi":[1780639971]},{"billed_charge":22.25,"npi":[1780639971]},{"billed_charge":29.08,"npi":[1780639971]},{"billed_charge":30.05,"npi":[1780639971]},{"billed_charge":33.35,"npi":[1780639971]},{"billed_charge":46.05,"npi":[1780639971]},{"billed_charge":46.83,"npi":[1780639971]},{"billed_charge":57.75,"npi":[1780639971]}]},{"allowed_amount":0.00,"billing_code_modifier":[""],"providers":[{"billed_charge":17.78,"npi":[1780639971]},{"billed_charge":19.88,"npi":[1780639971]},{"billed_charge":22.25,"npi":[1780639971]},{"billed_charge":29.08,"npi":[1780639971]},{"billed_charge":30.05,"npi":[1780639971]},{"billed_charge":33.35,"npi":[1780639971]},{"billed_charge":46.05,"npi":[1780639971]},{"billed_charge":46.83,"npi":[1780639971]},{"billed_charge":57.75,"npi":[1780639971]}]},{"allowed_amount":0.00,"billing_code_modifier":[""],"providers":[{"billed_charge":17.78,"npi":[1780639971]},{"billed_charge":19.88,"npi":[1780639971]},{"billed_charge":22.25,"npi":[1780639971]},{"billed_charge":29.08,"npi":[1780639971]},{"billed_charge":30.05,"npi":[1780639971]},{"billed_charge":33.35,"npi":[1780639971]},{"billed_charge":46.05,"npi":[1780639971]},{"billed_charge":46.83,"npi":[1780639971]},{"billed_charge":57.75,"npi":[1780639971]}]},{"allowed_amount":0.00,"billing_code_modifier":[""],"providers":[{"billed_charge":17.78,"npi":[1780639971]},{"billed_charge":19.88,"npi":[1780639971]},{"billed_charge":22.25,"npi":[1780639971]},{"billed_charge":29.08,"npi":[1780639971]},{"billed_charge":30.05,"npi":[1780639971]},{"billed_charge":33.35,"npi":[1780639971]},{"billed_charge":46.05,"npi":[1780639971]},{"billed_charge":46.83,"npi":[1780639971]},{"billed_charge":57.75,"npi":[1780639971]}]},{"allowed_amount":0.00,"billing_code_modifier":[""],"providers":[{"billed_charge":17.78,"npi":[1780639971]},{"billed_charge":19.88,"npi":[1780639971]},{"billed_charge":22.25,"npi":[1780639971]},{"billed_charge":29.08,"npi":[1780639971]},{"billed_charge":30.05,"npi":[1780639971]},{"billed_charge":33.35,"npi":[1780639971]},{"billed_charge":46.05,"npi":[1780639971]},{"billed_charge":46.83,"npi":[1780639971]},{"billed_charge":57.75,"npi":[1780639971]}]},{"allowed_amount":0.00,"billing_code_modifier":[""],"providers":[{"billed_charge":17.78,"npi":[1780639971]},{"billed_charge":19.88,"npi":[1780639971]},{"billed_charge":22.25,"npi":[1780639971]},{"billed_charge":29.08,"npi":[1780639971]},{"billed_charge":30.05,"npi":[1780639971]},{"billed_charge":33.35,"npi":[1780639971]},{"billed_charge":46.05,"npi":[1780639971]},{"billed_charge":46.83,"npi":[1780639971]},{"billed_charge":57.75,"npi":[1780639971]}]},{"allowed_amount":0.00,"billing_code_modifier":[""],"providers":[{"billed_charge":17.78,"npi":[1780639971]},{"billed_charge":19.88,"npi":[1780639971]},{"billed_charge":22.25,"npi":[1780639971]},{"billed_charge":29.08,"npi":[1780639971]},{"billed_charge":30.05,"npi":[1780639971]},{"billed_charge":33.35,"npi":[1780639971]},{"billed_charge":46.05,"npi":[1780639971]},{"billed_charge":46.83,"npi":[1780639971]},{"billed_charge":57.75,"npi":[1780639971]}]}]},{"tin":{"type":"ein","value":"860719852"},"service_code":["22"],"billing_class":"institutional","payments":[{"allowed_amount":0.00,"billing_code_modifier":[""],"providers":[{"billed_charge":17.78,"npi":[1780639971]},{"billed_charge":19.88,"npi":[1780639971]},{"billed_charge":22.25,"npi":[1780639971]},{"billed_charge":29.08,"npi":[1780639971]},{"billed_charge":30.05,"npi":[1780639971]},{"billed_charge":33.35,"npi":[1780639971]},{"billed_charge":46.05,"npi":[1780639971]},{"billed_charge":46.83,"npi":[1780639971]},{"billed_charge":57.75,"npi":[1780639971]}]},{"allowed_amount":0.00,"billing_code_modifier":[""],"providers":[{"billed_charge":17.78,"npi":[1780639971]},{"billed_charge":19.88,"npi":[1780639971]},{"billed_charge":22.25,"npi":[1780639971]},{"billed_charge":29.08,"npi":[1780639971]},{"billed_charge":30.05,"npi":[1780639971]},{"billed_charge":33.35,"npi":[1780639971]},{"billed_charge":46.05,"npi":[1780639971]},{"billed_charge":46.83,"npi":[1780639971]},{"billed_charge":57.75,"npi":[1780639971]}]},{"allowed_amount":0.00,"billing_code_modifier":[""],"providers":[{"billed_charge":17.78,"npi":[1780639971]},{"billed_charge":19.88,"npi":[1780639971]},{"billed_charge":22.25,"npi":[1780639971]},{"billed_charge":29.08,"npi":[1780639971]},{"billed_charge":30.05,"npi":[1780639971]},{"billed_charge":33.35,"npi":[1780639971]},{"billed_charge":46.05,"npi":[1780639971]},{"billed_charge":46.83,"npi":[1780639971]},{"billed_charge":57.75,"npi":[1780639971]}]},{"allowed_amount":0.00,"billing_code_modifier":[""],"providers":[{"billed_charge":17.78,"npi":[1780639971]},{"billed_charge":19.88,"npi":[1780639971]},{"billed_charge":22.25,"npi":[1780639971]},{"billed_charge":29.08,"npi":[1780639971]},{"billed_charge":30.05,"npi":[1780639971]},{"billed_charge":33.35,"npi":[1780639971]},{"billed_charge":46.05,"npi":[1780639971]},{"billed_charge":46.83,"npi":[1780639971]},{"billed_charge":57.75,"npi":[1780639971]}]},{"allowed_amount":0.00,"billing_code_modifier":[""],"providers":[{"billed_charge":17.78,"npi":[1780639971]},{"billed_charge":19.88,"npi":[1780639971]},{"billed_charge":22.25,"npi":[1780639971]},{"billed_charge":29.08,"npi":[1780639971]},{"billed_charge":30.05,"npi":[1780639971]},{"billed_charge":33.35,"npi":[1780639971]},{"billed_charge":46.05,"npi":[1780639971]},{"billed_charge":46.83,"npi":[1780639971]},{"billed_charge":57.75,"npi":[1780639971]}]},{"allowed_amount":0.00,"billing_code_modifier":[""],"providers":[{"billed_charge":17.78,"npi":[1780639971]},{"billed_charge":19.88,"npi":[1780639971]},{"billed_charge":22.25,"npi":[1780639971]},{"billed_charge":29.08,"npi":[1780639971]},{"billed_charge":30.05,"npi":[1780639971]},{"billed_charge":33.35,"npi":[1780639971]},{"billed_charge":46.05,"npi":[1780639971]},{"billed_charge":46.83,"npi":[1780639971]},{"billed_charge":57.75,"npi":[1780639971]}]},{"allowed_amount":0.00,"billing_code_modifier":[""],"providers":[{"billed_charge":17.78,"npi":[1780639971]},{"billed_charge":19.88,"npi":[1780639971]},{"billed_charge":22.25,"npi":[1780639971]},{"billed_charge":29.08,"npi":[1780639971]},{"billed_charge":30.05,"npi":[1780639971]},{"billed_charge":33.35,"npi":[1780639971]},{"billed_charge":46.05,"npi":[1780639971]},{"billed_charge":46.83,"npi":[1780639971]},{"billed_charge":57.75,"npi":[1780639971]}]},{"allowed_amount":0.00,"billing_code_modifier":[""],"providers":[{"billed_charge":17.78,"npi":[1780639971]},{"billed_charge":19.88,"npi":[1780639971]},{"billed_charge":22.25,"npi":[1780639971]},{"billed_charge":29.08,"npi":[1780639971]},{"billed_charge":30.05,"npi":[1780639971]},{"billed_charge":33.35,"npi":[1780639971]},{"billed_charge":46.05,"npi":[1780639971]},{"billed_charge":46.83,"npi":[1780639971]},{"billed_charge":57.75,"npi":[1780639971]}]},{"allowed_amount":0.00,"billing_code_modifier":[""],"providers":[{"billed_charge":17.78,"npi":[1780639971]},{"billed_charge":19.88,"npi":[1780639971]},{"billed_charge":22.25,"npi":[1780639971]},{"billed_charge":29.08,"npi":[1780639971]},{"billed_charge":30.05,"npi":[1780639971]},{"billed_charge":33.35,"npi":[1780639971]},{"billed_charge":46.05,"npi":[1780639971]},{"billed_charge":46.83,"npi":[1780639971]},{"billed_charge":57.75,"npi":[1780639971]}]}]},{"tin":{"type":"ein","value":"860719852"},"service_code":["22"],"billing_class":"institutional","payments":[{"allowed_amount":0.00,"billing_code_modifier":[""],"providers":[{"billed_charge":17.78,"npi":[1780639971]},{"billed_charge":19.88,"npi":[1780639971]},{"billed_charge":22.25,"npi":[1780639971]},{"billed_charge":29.08,"npi":[1780639971]},{"billed_charge":30.05,"npi":[1780639971]},{"billed_charge":33.35,"npi":[1780639971]},{"billed_charge":46.05,"npi":[1780639971]},{"billed_charge":46.83,"npi":[1780639971]},{"billed_charge":57.75,"npi":[1780639971]}]},{"allowed_amount":0.00,"billing_code_modifier":[""],"providers":[{"billed_charge":17.78,"npi":[1780639971]},{"billed_charge":19.88,"npi":[1780639971]},{"billed_charge":22.25,"npi":[1780639971]},{"billed_charge":29.08,"npi":[1780639971]},{"billed_charge":30.05,"npi":[1780639971]},{"billed_charge":33.35,"npi":[1780639971]},{"billed_charge":46.05,"npi":[1780639971]},{"billed_charge":46.83,"npi":[1780639971]},{"billed_charge":57.75,"npi":[1780639971]}]},{"allowed_amount":0.00,"billing_code_modifier":[""],"providers":[{"billed_charge":17.78,"npi":[1780639971]},{"billed_charge":19.88,"npi":[1780639971]},{"billed_charge":22.25,"npi":[1780639971]},{"billed_charge":29.08,"npi":[1780639971]},{"billed_charge":30.05,"npi":[1780639971]},{"billed_charge":33.35,"npi":[1780639971]},{"billed_charge":46.05,"npi":[1780639971]},{"billed_charge":46.83,"npi":[1780639971]},{"billed_charge":57.75,"npi":[1780639971]}]},{"allowed_amount":0.00,"billing_code_modifier":[""],"providers":[{"billed_charge":17.78,"npi":[1780639971]},{"billed_charge":19.88,"npi":[1780639971]},{"billed_charge":22.25,"npi":[1780639971]},{"billed_charge":29.08,"npi":[1780639971]},{"billed_charge":30.05,"npi":[1780639971]},{"billed_charge":33.35,"npi":[1780639971]},{"billed_charge":46.05,"npi":[1780639971]},{"billed_charge":46.83,"npi":[1780639971]},{"billed_charge":57.75,"npi":[1780639971]}]},{"allowed_amount":0.00,"billing_code_modifier":[""],"providers":[{"billed_charge":17.78,"npi":[1780639971]},{"billed_charge":19.88,"npi":[1780639971]},{"billed_charge":22.25,"npi":[1780639971]},{"billed_charge":29.08,"npi":[1780639971]},{"billed_charge":30.05,"npi":[1780639971]},{"billed_charge":33.35,"npi":[1780639971]},{"billed_charge":46.05,"npi":[1780639971]},{"billed_charge":46.83,"npi":[1780639971]},{"billed_charge":57.75,"npi":[1780639971]}]},{"allowed_amount":0.00,"billing_code_modifier":[""],"providers":[{"billed_charge":17.78,"npi":[1780639971]},{"billed_charge":19.88,"npi":[1780639971]},{"billed_charge":22.25,"npi":[1780639971]},{"billed_charge":29.08,"npi":[1780639971]},{"billed_charge":30.05,"npi":[1780639971]},{"billed_charge":33.35,"npi":[1780639971]},{"billed_charge":46.05,"npi":[1780639971]},{"billed_charge":46.83,"npi":[1780639971]},{"billed_charge":57.75,"npi":[1780639971]}]},{"allowed_amount":0.00,"billing_code_modifier":[""],"providers":[{"billed_charge":17.78,"npi":[1780639971]},{"billed_charge":19.88,"npi":[1780639971]},{"billed_charge":22.25,"npi":[1780639971]},{"billed_charge":29.08,"npi":[1780639971]},{"billed_charge":30.05,"npi":[1780639971]},{"billed_charge":33.35,"npi":[1780639971]},{"billed_charge":46.05,"npi":[1780639971]},{"billed_charge":46.83,"npi":[1780639971]},{"billed_charge":57.75,"npi":[1780639971]}]},{"allowed_amount":0.00,"billing_code_modifier":[""],"providers":[{"billed_charge":17.78,"npi":[1780639971]},{"billed_charge":19.88,"npi":[1780639971]},{"billed_charge":22.25,"npi":[1780639971]},{"billed_charge":29.08,"npi":[1780639971]},{"billed_charge":30.05,"npi":[1780639971]},{"billed_charge":33.35,"npi":[1780639971]},{"billed_charge":46.05,"npi":[1780639971]},{"billed_charge":46.83,"npi":[1780639971]},{"billed_charge":57.75,"npi":[1780639971]}]},{"allowed_amount":0.00,"billing_code_modifier":[""],"providers":[{"billed_charge":17.78,"npi":[1780639971]},{"billed_charge":19.88,"npi":[1780639971]},{"billed_charge":22.25,"npi":[1780639971]},{"billed_charge":29.08,"npi":[1780639971]},{"billed_charge":30.05,"npi":[1780639971]},{"billed_charge":33.35,"npi":[1780639971]},{"billed_charge":46.05,"npi":[1780639971]},{"billed_charge":46.83,"npi":[1780639971]},{"billed_charge":57.75,"npi":[1780639971]}]}]},{"tin":{"type":"ein","value":"860719852"},"service_code":["22"],"billing_class":"institutional","payments":[{"allowed_amount":0.00,"billing_code_modifier":[""],"providers":[{"billed_charge":17.78,"npi":[1780639971]},{"billed_charge":19.88,"npi":[1780639971]},{"billed_charge":22.25,"npi":[1780639971]},{"billed_charge":29.08,"npi":[1780639971]},{"billed_charge":30.05,"npi":[1780639971]},{"billed_charge":33.35,"npi":[1780639971]},{"billed_charge":46.05,"npi":[1780639971]},{"billed_charge":46.83,"npi":[1780639971]},{"billed_charge":57.75,"npi":[1780639971]}]},{"allowed_amount":0.00,"billing_code_modifier":[""],"providers":[{"billed_charge":17.78,"npi":[1780639971]},{"billed_charge":19.88,"npi":[1780639971]},{"billed_charge":22.25,"npi":[1780639971]},{"billed_charge":29.08,"npi":[1780639971]},{"billed_charge":30.05,"npi":[1780639971]},{"billed_charge":33.35,"npi":[1780639971]},{"billed_charge":46.05,"npi":[1780639971]},{"billed_charge":46.83,"npi":[1780639971]},{"billed_charge":57.75,"npi":[1780639971]}]},{"allowed_amount":0.00,"billing_code_modifier":[""],"providers":[{"billed_charge":17.78,"npi":[1780639971]},{"billed_charge":19.88,"npi":[1780639971]},{"billed_charge":22.25,"npi":[1780639971]},{"billed_charge":29.08,"npi":[1780639971]},{"billed_charge":30.05,"npi":[1780639971]},{"billed_charge":33.35,"npi":[1780639971]},{"billed_charge":46.05,"npi":[1780639971]},{"billed_charge":46.83,"npi":[1780639971]},{"billed_charge":57.75,"npi":[1780639971]}]},{"allowed_amount":0.00,"billing_code_modifier":[""],"providers":[{"billed_charge":17.78,"npi":[1780639971]},{"billed_charge":19.88,"npi":[1780639971]},{"billed_charge":22.25,"npi":[1780639971]},{"billed_charge":29.08,"npi":[1780639971]},{"billed_charge":30.05,"npi":[1780639971]},{"billed_charge":33.35,"npi":[1780639971]},{"billed_charge":46.05,"npi":[1780639971]},{"billed_charge":46.83,"npi":[1780639971]},{"billed_charge":57.75,"npi":[1780639971]}]},{"allowed_amount":0.00,"billing_code_modifier":[""],"providers":[{"billed_charge":17.78,"npi":[1780639971]},{"billed_charge":19.88,"npi":[1780639971]},{"billed_charge":22.25,"npi":[1780639971]},{"billed_charge":29.08,"npi":[1780639971]},{"billed_charge":30.05,"npi":[1780639971]},{"billed_charge":33.35,"npi":[1780639971]},{"billed_charge":46.05,"npi":[1780639971]},{"billed_charge":46.83,"npi":[1780639971]},{"billed_charge":57.75,"npi":[1780639971]}]},{"allowed_amount":0.00,"billing_code_modifier":[""],"providers":[{"billed_charge":17.78,"npi":[1780639971]},{"billed_charge":19.88,"npi":[1780639971]},{"billed_charge":22.25,"npi":[1780639971]},{"billed_charge":29.08,"npi":[1780639971]},{"billed_charge":30.05,"npi":[1780639971]},{"billed_charge":33.35,"npi":[1780639971]},{"billed_charge":46.05,"npi":[1780639971]},{"billed_charge":46.83,"npi":[1780639971]},{"billed_charge":57.75,"npi":[1780639971]}]},{"allowed_amount":0.00,"billing_code_modifier":[""],"providers":[{"billed_charge":17.78,"npi":[1780639971]},{"billed_charge":19.88,"npi":[1780639971]},{"billed_charge":22.25,"npi":[1780639971]},{"billed_charge":29.08,"npi":[1780639971]},{"billed_charge":30.05,"npi":[1780639971]},{"billed_charge":33.35,"npi":[1780639971]},{"billed_charge":46.05,"npi":[1780639971]},{"billed_charge":46.83,"npi":[1780639971]},{"billed_charge":57.75,"npi":[1780639971]}]},{"allowed_amount":0.00,"billing_code_modifier":[""],"providers":[{"billed_charge":17.78,"npi":[1780639971]},{"billed_charge":19.88,"npi":[1780639971]},{"billed_charge":22.25,"npi":[1780639971]},{"billed_charge":29.08,"npi":[1780639971]},{"billed_charge":30.05,"npi":[1780639971]},{"billed_charge":33.35,"npi":[1780639971]},{"billed_charge":46.05,"npi":[1780639971]},{"billed_charge":46.83,"npi":[1780639971]},{"billed_charge":57.75,"npi":[1780639971]}]},{"allowed_amount":0.00,"billing_code_modifier":[""],"providers":[{"billed_charge":17.78,"npi":[1780639971]},{"billed_charge":19.88,"npi":[1780639971]},{"billed_charge":22.25,"npi":[1780639971]},{"billed_charge":29.08,"npi":[1780639971]},{"billed_charge":30.05,"npi":[1780639971]},{"billed_charge":33.35,"npi":[1780639971]},{"billed_charge":46.05,"npi":[1780639971]},{"billed_charge":46.83,"npi":[1780639971]},{"billed_charge":57.75,"npi":[1780639971]}]}]},{"tin":{"type":"ein","value":"860719852"},"service_code":["22"],"billing_class":"institutional","payments":[{"allowed_amount":0.00,"billing_code_modifier":[""],"providers":[{"billed_charge":17.78,"npi":[1780639971]},{"billed_charge":19.88,"npi":[1780639971]},{"billed_charge":22.25,"npi":[1780639971]},{"billed_charge":29.08,"npi":[1780639971]},{"billed_charge":30.05,"npi":[1780639971]},{"billed_charge":33.35,"npi":[1780639971]},{"billed_charge":46.05,"npi":[1780639971]},{"billed_charge":46.83,"npi":[1780639971]},{"billed_charge":57.75,"npi":[1780639971]}]},{"allowed_amount":0.00,"billing_code_modifier":[""],"providers":[{"billed_charge":17.78,"npi":[1780639971]},{"billed_charge":19.88,"npi":[1780639971]},{"billed_charge":22.25,"npi":[1780639971]},{"billed_charge":29.08,"npi":[1780639971]},{"billed_charge":30.05,"npi":[1780639971]},{"billed_charge":33.35,"npi":[1780639971]},{"billed_charge":46.05,"npi":[1780639971]},{"billed_charge":46.83,"npi":[1780639971]},{"billed_charge":57.75,"npi":[1780639971]}]},{"allowed_amount":0.00,"billing_code_modifier":[""],"providers":[{"billed_charge":17.78,"npi":[1780639971]},{"billed_charge":19.88,"npi":[1780639971]},{"billed_charge":22.25,"npi":[1780639971]},{"billed_charge":29.08,"npi":[1780639971]},{"billed_charge":30.05,"npi":[1780639971]},{"billed_charge":33.35,"npi":[1780639971]},{"billed_charge":46.05,"npi":[1780639971]},{"billed_charge":46.83,"npi":[1780639971]},{"billed_charge":57.75,"npi":[1780639971]}]},{"allowed_amount":0.00,"billing_code_modifier":[""],"providers":[{"billed_charge":17.78,"npi":[1780639971]},{"billed_charge":19.88,"npi":[1780639971]},{"billed_charge":22.25,"npi":[1780639971]},{"billed_charge":29.08,"npi":[1780639971]},{"billed_charge":30.05,"npi":[1780639971]},{"billed_charge":33.35,"npi":[1780639971]},{"billed_charge":46.05,"npi":[1780639971]},{"billed_charge":46.83,"npi":[1780639971]},{"billed_charge":57.75,"npi":[1780639971]}]},{"allowed_amount":0.00,"billing_code_modifier":[""],"providers":[{"billed_charge":17.78,"npi":[1780639971]},{"billed_charge":19.88,"npi":[1780639971]},{"billed_charge":22.25,"npi":[1780639971]},{"billed_charge":29.08,"npi":[1780639971]},{"billed_charge":30.05,"npi":[1780639971]},{"billed_charge":33.35,"npi":[1780639971]},{"billed_charge":46.05,"npi":[1780639971]},{"billed_charge":46.83,"npi":[1780639971]},{"billed_charge":57.75,"npi":[1780639971]}]},{"allowed_amount":0.00,"billing_code_modifier":[""],"providers":[{"billed_charge":17.78,"npi":[1780639971]},{"billed_charge":19.88,"npi":[1780639971]},{"billed_charge":22.25,"npi":[1780639971]},{"billed_charge":29.08,"npi":[1780639971]},{"billed_charge":30.05,"npi":[1780639971]},{"billed_charge":33.35,"npi":[1780639971]},{"billed_charge":46.05,"npi":[1780639971]},{"billed_charge":46.83,"npi":[1780639971]},{"billed_charge":57.75,"npi":[1780639971]}]},{"allowed_amount":0.00,"billing_code_modifier":[""],"providers":[{"billed_charge":17.78,"npi":[1780639971]},{"billed_charge":19.88,"npi":[1780639971]},{"billed_charge":22.25,"npi":[1780639971]},{"billed_charge":29.08,"npi":[1780639971]},{"billed_charge":30.05,"npi":[1780639971]},{"billed_charge":33.35,"npi":[1780639971]},{"billed_charge":46.05,"npi":[1780639971]},{"billed_charge":46.83,"npi":[1780639971]},{"billed_charge":57.75,"npi":[1780639971]}]},{"allowed_amount":0.00,"billing_code_modifier":[""],"providers":[{"billed_charge":17.78,"npi":[1780639971]},{"billed_charge":19.88,"npi":[1780639971]},{"billed_charge":22.25,"npi":[1780639971]},{"billed_charge":29.08,"npi":[1780639971]},{"billed_charge":30.05,"npi":[1780639971]},{"billed_charge":33.35,"npi":[1780639971]},{"billed_charge":46.05,"npi":[1780639971]},{"billed_charge":46.83,"npi":[1780639971]},{"billed_charge":57.75,"npi":[1780639971]}]},{"allowed_amount":0.00,"billing_code_modifier":[""],"providers":[{"billed_charge":17.78,"npi":[1780639971]},{"billed_charge":19.88,"npi":[1780639971]},{"billed_charge":22.25,"npi":[1780639971]},{"billed_charge":29.08,"npi":[1780639971]},{"billed_charge":30.05,"npi":[1780639971]},{"billed_charge":33.35,"npi":[1780639971]},{"billed_charge":46.05,"npi":[1780639971]},{"billed_charge":46.83,"npi":[1780639971]},{"billed_charge":57.75,"npi":[1780639971]}]}]},{"tin":{"type":"ein","value":"860719852"},"service_code":["22"],"billing_class":"institutional","payments":[{"allowed_amount":0.00,"billing_code_modifier":[""],"providers":[{"billed_charge":17.78,"npi":[1780639971]},{"billed_charge":19.88,"npi":[1780639971]},{"billed_charge":22.25,"npi":[1780639971]},{"billed_charge":29.08,"npi":[1780639971]},{"billed_charge":30.05,"npi":[1780639971]},{"billed_charge":33.35,"npi":[1780639971]},{"billed_charge":46.05,"npi":[1780639971]},{"billed_charge":46.83,"npi":[1780639971]},{"billed_charge":57.75,"npi":[1780639971]}]},{"allowed_amount":0.00,"billing_code_modifier":[""],"providers":[{"billed_charge":17.78,"npi":[1780639971]},{"billed_charge":19.88,"npi":[1780639971]},{"billed_charge":22.25,"npi":[1780639971]},{"billed_charge":29.08,"npi":[1780639971]},{"billed_charge":30.05,"npi":[1780639971]},{"billed_charge":33.35,"npi":[1780639971]},{"billed_charge":46.05,"npi":[1780639971]},{"billed_charge":46.83,"npi":[1780639971]},{"billed_charge":57.75,"npi":[1780639971]}]},{"allowed_amount":0.00,"billing_code_modifier":[""],"providers":[{"billed_charge":17.78,"npi":[1780639971]},{"billed_charge":19.88,"npi":[1780639971]},{"billed_charge":22.25,"npi":[1780639971]},{"billed_charge":29.08,"npi":[1780639971]},{"billed_charge":30.05,"npi":[1780639971]},{"billed_charge":33.35,"npi":[1780639971]},{"billed_charge":46.05,"npi":[1780639971]},{"billed_charge":46.83,"npi":[1780639971]},{"billed_charge":57.75,"npi":[1780639971]}]},{"allowed_amount":0.00,"billing_code_modifier":[""],"providers":[{"billed_charge":17.78,"npi":[1780639971]},{"billed_charge":19.88,"npi":[1780639971]},{"billed_charge":22.25,"npi":[1780639971]},{"billed_charge":29.08,"npi":[1780639971]},{"billed_charge":30.05,"npi":[1780639971]},{"billed_charge":33.35,"npi":[1780639971]},{"billed_charge":46.05,"npi":[1780639971]},{"billed_charge":46.83,"npi":[1780639971]},{"billed_charge":57.75,"npi":[1780639971]}]},{"allowed_amount":0.00,"billing_code_modifier":[""],"providers":[{"billed_charge":17.78,"npi":[1780639971]},{"billed_charge":19.88,"npi":[1780639971]},{"billed_charge":22.25,"npi":[1780639971]},{"billed_charge":29.08,"npi":[1780639971]},{"billed_charge":30.05,"npi":[1780639971]},{"billed_charge":33.35,"npi":[1780639971]},{"billed_charge":46.05,"npi":[1780639971]},{"billed_charge":46.83,"npi":[1780639971]},{"billed_charge":57.75,"npi":[1780639971]}]},{"allowed_amount":0.00,"billing_code_modifier":[""],"providers":[{"billed_charge":17.78,"npi":[1780639971]},{"billed_charge":19.88,"npi":[1780639971]},{"billed_charge":22.25,"npi":[1780639971]},{"billed_charge":29.08,"npi":[1780639971]},{"billed_charge":30.05,"npi":[1780639971]},{"billed_charge":33.35,"npi":[1780639971]},{"billed_charge":46.05,"npi":[1780639971]},{"billed_charge":46.83,"npi":[1780639971]},{"billed_charge":57.75,"npi":[1780639971]}]},{"allowed_amount":0.00,"billing_code_modifier":[""],"providers":[{"billed_charge":17.78,"npi":[1780639971]},{"billed_charge":19.88,"npi":[1780639971]},{"billed_charge":22.25,"npi":[1780639971]},{"billed_charge":29.08,"npi":[1780639971]},{"billed_charge":30.05,"npi":[1780639971]},{"billed_charge":33.35,"npi":[1780639971]},{"billed_charge":46.05,"npi":[1780639971]},{"billed_charge":46.83,"npi":[1780639971]},{"billed_charge":57.75,"npi":[1780639971]}]},{"allowed_amount":0.00,"billing_code_modifier":[""],"providers":[{"billed_charge":17.78,"npi":[1780639971]},{"billed_charge":19.88,"npi":[1780639971]},{"billed_charge":22.25,"npi":[1780639971]},{"billed_charge":29.08,"npi":[1780639971]},{"billed_charge":30.05,"npi":[1780639971]},{"billed_charge":33.35,"npi":[1780639971]},{"billed_charge":46.05,"npi":[1780639971]},{"billed_charge":46.83,"npi":[1780639971]},{"billed_charge":57.75,"npi":[1780639971]}]},{"allowed_amount":0.00,"billing_code_modifier":[""],"providers":[{"billed_charge":17.78,"npi":[1780639971]},{"billed_charge":19.88,"npi":[1780639971]},{"billed_charge":22.25,"npi":[1780639971]},{"billed_charge":29.08,"npi":[1780639971]},{"billed_charge":30.05,"npi":[1780639971]},{"billed_charge":33.35,"npi":[1780639971]},{"billed_charge":46.05,"npi":[1780639971]},{"billed_charge":46.83,"npi":[1780639971]},{"billed_charge":57.75,"npi":[1780639971]}]}]},{"tin":{"type":"ein","value":"860719852"},"service_code":["22"],"billing_class":"institutional","payments":[{"allowed_amount":0.00,"billing_code_modifier":[""],"providers":[{"billed_charge":17.78,"npi":[1780639971]},{"billed_charge":19.88,"npi":[1780639971]},{"billed_charge":22.25,"npi":[1780639971]},{"billed_charge":29.08,"npi":[1780639971]},{"billed_charge":30.05,"npi":[1780639971]},{"billed_charge":33.35,"npi":[1780639971]},{"billed_charge":46.05,"npi":[1780639971]},{"billed_charge":46.83,"npi":[1780639971]},{"billed_charge":57.75,"npi":[1780639971]}]},{"allowed_amount":0.00,"billing_code_modifier":[""],"providers":[{"billed_charge":17.78,"npi":[1780639971]},{"billed_charge":19.88,"npi":[1780639971]},{"billed_charge":22.25,"npi":[1780639971]},{"billed_charge":29.08,"npi":[1780639971]},{"billed_charge":30.05,"npi":[1780639971]},{"billed_charge":33.35,"npi":[1780639971]},{"billed_charge":46.05,"npi":[1780639971]},{"billed_charge":46.83,"npi":[1780639971]},{"billed_charge":57.75,"npi":[1780639971]}]},{"allowed_amount":0.00,"billing_code_modifier":[""],"providers":[{"billed_charge":17.78,"npi":[1780639971]},{"billed_charge":19.88,"npi":[1780639971]},{"billed_charge":22.25,"npi":[1780639971]},{"billed_charge":29.08,"npi":[1780639971]},{"billed_charge":30.05,"npi":[1780639971]},{"billed_charge":33.35,"npi":[1780639971]},{"billed_charge":46.05,"npi":[1780639971]},{"billed_charge":46.83,"npi":[1780639971]},{"billed_charge":57.75,"npi":[1780639971]}]},{"allowed_amount":0.00,"billing_code_modifier":[""],"providers":[{"billed_charge":17.78,"npi":[1780639971]},{"billed_charge":19.88,"npi":[1780639971]},{"billed_charge":22.25,"npi":[1780639971]},{"billed_charge":29.08,"npi":[1780639971]},{"billed_charge":30.05,"npi":[1780639971]},{"billed_charge":33.35,"npi":[1780639971]},{"billed_charge":46.05,"npi":[1780639971]},{"billed_charge":46.83,"npi":[1780639971]},{"billed_charge":57.75,"npi":[1780639971]}]},{"allowed_amount":0.00,"billing_code_modifier":[""],"providers":[{"billed_charge":17.78,"npi":[1780639971]},{"billed_charge":19.88,"npi":[1780639971]},{"billed_charge":22.25,"npi":[1780639971]},{"billed_charge":29.08,"npi":[1780639971]},{"billed_charge":30.05,"npi":[1780639971]},{"billed_charge":33.35,"npi":[1780639971]},{"billed_charge":46.05,"npi":[1780639971]},{"billed_charge":46.83,"npi":[1780639971]},{"billed_charge":57.75,"npi":[1780639971]}]},{"allowed_amount":0.00,"billing_code_modifier":[""],"providers":[{"billed_charge":17.78,"npi":[1780639971]},{"billed_charge":19.88,"npi":[1780639971]},{"billed_charge":22.25,"npi":[1780639971]},{"billed_charge":29.08,"npi":[1780639971]},{"billed_charge":30.05,"npi":[1780639971]},{"billed_charge":33.35,"npi":[1780639971]},{"billed_charge":46.05,"npi":[1780639971]},{"billed_charge":46.83,"npi":[1780639971]},{"billed_charge":57.75,"npi":[1780639971]}]},{"allowed_amount":0.00,"billing_code_modifier":[""],"providers":[{"billed_charge":17.78,"npi":[1780639971]},{"billed_charge":19.88,"npi":[1780639971]},{"billed_charge":22.25,"npi":[1780639971]},{"billed_charge":29.08,"npi":[1780639971]},{"billed_charge":30.05,"npi":[1780639971]},{"billed_charge":33.35,"npi":[1780639971]},{"billed_charge":46.05,"npi":[1780639971]},{"billed_charge":46.83,"npi":[1780639971]},{"billed_charge":57.75,"npi":[1780639971]}]},{"allowed_amount":0.00,"billing_code_modifier":[""],"providers":[{"billed_charge":17.78,"npi":[1780639971]},{"billed_charge":19.88,"npi":[1780639971]},{"billed_charge":22.25,"npi":[1780639971]},{"billed_charge":29.08,"npi":[1780639971]},{"billed_charge":30.05,"npi":[1780639971]},{"billed_charge":33.35,"npi":[1780639971]},{"billed_charge":46.05,"npi":[1780639971]},{"billed_charge":46.83,"npi":[1780639971]},{"billed_charge":57.75,"npi":[1780639971]}]},{"allowed_amount":0.00,"billing_code_modifier":[""],"providers":[{"billed_charge":17.78,"npi":[1780639971]},{"billed_charge":19.88,"npi":[1780639971]},{"billed_charge":22.25,"npi":[1780639971]},{"billed_charge":29.08,"npi":[1780639971]},{"billed_charge":30.05,"npi":[1780639971]},{"billed_charge":33.35,"npi":[1780639971]},{"billed_charge":46.05,"npi":[1780639971]},{"billed_charge":46.83,"npi":[1780639971]},{"billed_charge":57.75,"npi":[1780639971]}]}]},{"tin":{"type":"ein","value":"860719852"},"service_code":["22"],"billing_class":"institutional","payments":[{"allowed_amount":0.00,"billing_code_modifier":[""],"providers":[{"billed_charge":17.78,"npi":[1780639971]},{"billed_charge":19.88,"npi":[1780639971]},{"billed_charge":22.25,"npi":[1780639971]},{"billed_charge":29.08,"npi":[1780639971]},{"billed_charge":30.05,"npi":[1780639971]},{"billed_charge":33.35,"npi":[1780639971]},{"billed_charge":46.05,"npi":[1780639971]},{"billed_charge":46.83,"npi":[1780639971]},{"billed_charge":57.75,"npi":[1780639971]}]},{"allowed_amount":0.00,"billing_code_modifier":[""],"providers":[{"billed_charge":17.78,"npi":[1780639971]},{"billed_charge":19.88,"npi":[1780639971]},{"billed_charge":22.25,"npi":[1780639971]},{"billed_charge":29.08,"npi":[1780639971]},{"billed_charge":30.05,"npi":[1780639971]},{"billed_charge":33.35,"npi":[1780639971]},{"billed_charge":46.05,"npi":[1780639971]},{"billed_charge":46.83,"npi":[1780639971]},{"billed_charge":57.75,"npi":[1780639971]}]},{"allowed_amount":0.00,"billing_code_modifier":[""],"providers":[{"billed_charge":17.78,"npi":[1780639971]},{"billed_charge":19.88,"npi":[1780639971]},{"billed_charge":22.25,"npi":[1780639971]},{"billed_charge":29.08,"npi":[1780639971]},{"billed_charge":30.05,"npi":[1780639971]},{"billed_charge":33.35,"npi":[1780639971]},{"billed_charge":46.05,"npi":[1780639971]},{"billed_charge":46.83,"npi":[1780639971]},{"billed_charge":57.75,"npi":[1780639971]}]},{"allowed_amount":0.00,"billing_code_modifier":[""],"providers":[{"billed_charge":17.78,"npi":[1780639971]},{"billed_charge":19.88,"npi":[1780639971]},{"billed_charge":22.25,"npi":[1780639971]},{"billed_charge":29.08,"npi":[1780639971]},{"billed_charge":30.05,"npi":[1780639971]},{"billed_charge":33.35,"npi":[1780639971]},{"billed_charge":46.05,"npi":[1780639971]},{"billed_charge":46.83,"npi":[1780639971]},{"billed_charge":57.75,"npi":[1780639971]}]},{"allowed_amount":0.00,"billing_code_modifier":[""],"providers":[{"billed_charge":17.78,"npi":[1780639971]},{"billed_charge":19.88,"npi":[1780639971]},{"billed_charge":22.25,"npi":[1780639971]},{"billed_charge":29.08,"npi":[1780639971]},{"billed_charge":30.05,"npi":[1780639971]},{"billed_charge":33.35,"npi":[1780639971]},{"billed_charge":46.05,"npi":[1780639971]},{"billed_charge":46.83,"npi":[1780639971]},{"billed_charge":57.75,"npi":[1780639971]}]},{"allowed_amount":0.00,"billing_code_modifier":[""],"providers":[{"billed_charge":17.78,"npi":[1780639971]},{"billed_charge":19.88,"npi":[1780639971]},{"billed_charge":22.25,"npi":[1780639971]},{"billed_charge":29.08,"npi":[1780639971]},{"billed_charge":30.05,"npi":[1780639971]},{"billed_charge":33.35,"npi":[1780639971]},{"billed_charge":46.05,"npi":[1780639971]},{"billed_charge":46.83,"npi":[1780639971]},{"billed_charge":57.75,"npi":[1780639971]}]},{"allowed_amount":0.00,"billing_code_modifier":[""],"providers":[{"billed_charge":17.78,"npi":[1780639971]},{"billed_charge":19.88,"npi":[1780639971]},{"billed_charge":22.25,"npi":[1780639971]},{"billed_charge":29.08,"npi":[1780639971]},{"billed_charge":30.05,"npi":[1780639971]},{"billed_charge":33.35,"npi":[1780639971]},{"billed_charge":46.05,"npi":[1780639971]},{"billed_charge":46.83,"npi":[1780639971]},{"billed_charge":57.75,"npi":[1780639971]}]},{"allowed_amount":0.00,"billing_code_modifier":[""],"providers":[{"billed_charge":17.78,"npi":[1780639971]},{"billed_charge":19.88,"npi":[1780639971]},{"billed_charge":22.25,"npi":[1780639971]},{"billed_charge":29.08,"npi":[1780639971]},{"billed_charge":30.05,"npi":[1780639971]},{"billed_charge":33.35,"npi":[1780639971]},{"billed_charge":46.05,"npi":[1780639971]},{"billed_charge":46.83,"npi":[1780639971]},{"billed_charge":57.75,"npi":[1780639971]}]},{"allowed_amount":0.00,"billing_code_modifier":[""],"providers":[{"billed_charge":17.78,"npi":[1780639971]},{"billed_charge":19.88,"npi":[1780639971]},{"billed_charge":22.25,"npi":[1780639971]},{"billed_charge":29.08,"npi":[1780639971]},{"billed_charge":30.05,"npi":[1780639971]},{"billed_charge":33.35,"npi":[1780639971]},{"billed_charge":46.05,"npi":[1780639971]},{"billed_charge":46.83,"npi":[1780639971]},{"billed_charge":57.75,"npi":[1780639971]}]}]},{"tin":{"type":"ein","value":"860719852"},"service_code":["22"],"billing_class":"institutional","payments":[{"allowed_amount":0.00,"billing_code_modifier":[""],"providers":[{"billed_charge":17.78,"npi":[1780639971]},{"billed_charge":19.88,"npi":[1780639971]},{"billed_charge":22.25,"npi":[1780639971]},{"billed_charge":29.08,"npi":[1780639971]},{"billed_charge":30.05,"npi":[1780639971]},{"billed_charge":33.35,"npi":[1780639971]},{"billed_charge":46.05,"npi":[1780639971]},{"billed_charge":46.83,"npi":[1780639971]},{"billed_charge":57.75,"npi":[1780639971]}]},{"allowed_amount":0.00,"billing_code_modifier":[""],"providers":[{"billed_charge":17.78,"npi":[1780639971]},{"billed_charge":19.88,"npi":[1780639971]},{"billed_charge":22.25,"npi":[1780639971]},{"billed_charge":29.08,"npi":[1780639971]},{"billed_charge":30.05,"npi":[1780639971]},{"billed_charge":33.35,"npi":[1780639971]},{"billed_charge":46.05,"npi":[1780639971]},{"billed_charge":46.83,"npi":[1780639971]},{"billed_charge":57.75,"npi":[1780639971]}]},{"allowed_amount":0.00,"billing_code_modifier":[""],"providers":[{"billed_charge":17.78,"npi":[1780639971]},{"billed_charge":19.88,"npi":[1780639971]},{"billed_charge":22.25,"npi":[1780639971]},{"billed_charge":29.08,"npi":[1780639971]},{"billed_charge":30.05,"npi":[1780639971]},{"billed_charge":33.35,"npi":[1780639971]},{"billed_charge":46.05,"npi":[1780639971]},{"billed_charge":46.83,"npi":[1780639971]},{"billed_charge":57.75,"npi":[1780639971]}]},{"allowed_amount":0.00,"billing_code_modifier":[""],"providers":[{"billed_charge":17.78,"npi":[1780639971]},{"billed_charge":19.88,"npi":[1780639971]},{"billed_charge":22.25,"npi":[1780639971]},{"billed_charge":29.08,"npi":[1780639971]},{"billed_charge":30.05,"npi":[1780639971]},{"billed_charge":33.35,"npi":[1780639971]},{"billed_charge":46.05,"npi":[1780639971]},{"billed_charge":46.83,"npi":[1780639971]},{"billed_charge":57.75,"npi":[1780639971]}]},{"allowed_amount":0.00,"billing_code_modifier":[""],"providers":[{"billed_charge":17.78,"npi":[1780639971]},{"billed_charge":19.88,"npi":[1780639971]},{"billed_charge":22.25,"npi":[1780639971]},{"billed_charge":29.08,"npi":[1780639971]},{"billed_charge":30.05,"npi":[1780639971]},{"billed_charge":33.35,"npi":[1780639971]},{"billed_charge":46.05,"npi":[1780639971]},{"billed_charge":46.83,"npi":[1780639971]},{"billed_charge":57.75,"npi":[1780639971]}]},{"allowed_amount":0.00,"billing_code_modifier":[""],"providers":[{"billed_charge":17.78,"npi":[1780639971]},{"billed_charge":19.88,"npi":[1780639971]},{"billed_charge":22.25,"npi":[1780639971]},{"billed_charge":29.08,"npi":[1780639971]},{"billed_charge":30.05,"npi":[1780639971]},{"billed_charge":33.35,"npi":[1780639971]},{"billed_charge":46.05,"npi":[1780639971]},{"billed_charge":46.83,"npi":[1780639971]},{"billed_charge":57.75,"npi":[1780639971]}]},{"allowed_amount":0.00,"billing_code_modifier":[""],"providers":[{"billed_charge":17.78,"npi":[1780639971]},{"billed_charge":19.88,"npi":[1780639971]},{"billed_charge":22.25,"npi":[1780639971]},{"billed_charge":29.08,"npi":[1780639971]},{"billed_charge":30.05,"npi":[1780639971]},{"billed_charge":33.35,"npi":[1780639971]},{"billed_charge":46.05,"npi":[1780639971]},{"billed_charge":46.83,"npi":[1780639971]},{"billed_charge":57.75,"npi":[1780639971]}]},{"allowed_amount":0.00,"billing_code_modifier":[""],"providers":[{"billed_charge":17.78,"npi":[1780639971]},{"billed_charge":19.88,"npi":[1780639971]},{"billed_charge":22.25,"npi":[1780639971]},{"billed_charge":29.08,"npi":[1780639971]},{"billed_charge":30.05,"npi":[1780639971]},{"billed_charge":33.35,"npi":[1780639971]},{"billed_charge":46.05,"npi":[1780639971]},{"billed_charge":46.83,"npi":[1780639971]},{"billed_charge":57.75,"npi":[1780639971]}]},{"allowed_amount":0.00,"billing_code_modifier":[""],"providers":[{"billed_charge":17.78,"npi":[1780639971]},{"billed_charge":19.88,"npi":[1780639971]},{"billed_charge":22.25,"npi":[1780639971]},{"billed_charge":29.08,"npi":[1780639971]},{"billed_charge":30.05,"npi":[1780639971]},{"billed_charge":33.35,"npi":[1780639971]},{"billed_charge":46.05,"npi":[1780639971]},{"billed_charge":46.83,"npi":[1780639971]},{"billed_charge":57.75,"npi":[1780639971]}]}]}]},{"name":"PSYCHOTHERAPY W\/PATIENT 45 MINUTES","billing_code_type":"CPT","billing_code_type_version":"2020","billing_code":"90834","description":"PSYCHOTHERAPY W\/PATIENT 45 MINUTES","allowed_amounts":[{"tin":{"type":"ein","value":"852976403"},"service_code":["11"],"billing_class":"professional","payments":[{"allowed_amount":112.96,"billing_code_modifier":[""],"providers":[{"billed_charge":140.00,"npi":[1790266799]}]}]}]},{"name":"RESIDENTIAL TREATMENT-PSYCHIATRIC","billing_code_type":"RC","billing_code_type_version":"UB04","billing_code":"1001","description":"RESIDENTIAL TREATMENT-PSYCHIATRIC","allowed_amounts":[{"tin":{"type":"ein","value":"813805174"},"service_code":["21"],"billing_class":"institutional","payments":[{"allowed_amount":2274.14,"billing_code_modifier":[""],"providers":[{"billed_charge":5600.00,"npi":[1033140744,1104455534]}]}]}]}]}
