{"reporting_entity_name": "IEC Group_DBA AmeriBen",
	"reporting_entity_type": "Third Party Administrator",
	"plan_name": "PRO MACH, INC.",
	"plan_id_type": "ein",
	"plan_id": "582402604",
	"plan_market_type": "group",
	"last_updated_on": "2023-09-01","Version": "1.0.0","out_of_network":[{"name":"APPLICATION MODALITY 1\/> AREAS HOT\/COLD PACKS","billing_code_type":"CPT","billing_code_type_version":"2020","billing_code":"97010","description":"APPLICATION MODALITY 1\/> AREAS HOT\/COLD PACKS","allowed_amounts":[{"tin":{"type":"ein","value":"204154737"},"service_code":["11"],"billing_class":"professional","payments":[{"allowed_amount":0.00,"billing_code_modifier":[""],"providers":[{"billed_charge":81.00,"npi":[1093439218,1184639940,1851484380]}]}]}]},{"name":"CHIROPRACTIC MANIPULATIVE TX SPINAL 3-4 REGIONS","billing_code_type":"CPT","billing_code_type_version":"2020","billing_code":"98941","description":"CHIROPRACTIC MANIPULATIVE TX SPINAL 3-4 REGIONS","allowed_amounts":[{"tin":{"type":"ein","value":"223566132"},"service_code":["11"],"billing_class":"professional","payments":[{"allowed_amount":66.35,"billing_code_modifier":[""],"providers":[{"billed_charge":150.00,"npi":[1356409304,1366578213]}]}]},{"tin":{"type":"ein","value":"223566132"},"service_code":["11"],"billing_class":"professional","payments":[{"allowed_amount":66.54,"billing_code_modifier":[""],"providers":[{"billed_charge":150.00,"npi":[1356409304,1366578213]}]}]},{"tin":{"type":"ein","value":"475315215"},"service_code":["11"],"billing_class":"professional","payments":[{"allowed_amount":31.08,"billing_code_modifier":[""],"providers":[{"billed_charge":75.00,"npi":[1174064372,1265806236]}]}]}]},{"name":"GROUP PSYCHOTHERAPY","billing_code_type":"CPT","billing_code_type_version":"2020","billing_code":"90853","description":"GROUP PSYCHOTHERAPY","allowed_amounts":[{"tin":{"type":"ein","value":"999999999"},"service_code":["11"],"billing_class":"professional","payments":[{"allowed_amount":31.47,"billing_code_modifier":[""],"providers":[{"billed_charge":200.00,"npi":[1487012084,1730188376]}]}]}]},{"name":"MANUAL THERAPY TQS 1\/> REGIONS EACH 15 MINUTES","billing_code_type":"CPT","billing_code_type_version":"2020","billing_code":"97140","description":"MANUAL THERAPY TQS 1\/> REGIONS EACH 15 MINUTES","allowed_amounts":[{"tin":{"type":"ein","value":"204154737"},"service_code":["11"],"billing_class":"professional","payments":[{"allowed_amount":35.43,"billing_code_modifier":[""],"providers":[{"billed_charge":150.00,"npi":[1093439218,1184639940,1588398325,1851484380]}]}]},{"tin":{"type":"ein","value":"204154737"},"service_code":["11"],"billing_class":"professional","payments":[{"allowed_amount":35.67,"billing_code_modifier":[""],"providers":[{"billed_charge":150.00,"npi":[1093439218,1184639940,1851484380]}]}]},{"tin":{"type":"ein","value":"820914475"},"service_code":["11"],"billing_class":"professional","payments":[{"allowed_amount":35.43,"billing_code_modifier":[""],"providers":[{"billed_charge":98.00,"npi":[1396277299,1457474256]}]}]},{"tin":{"type":"ein","value":"820914475"},"service_code":["11"],"billing_class":"professional","payments":[{"allowed_amount":35.67,"billing_code_modifier":[""],"providers":[{"billed_charge":98.00,"npi":[1396277299,1457474256]}]}]}]},{"name":"PSYCHOTHERAPY COMPLEX INTERACTIVE","billing_code_type":"CPT","billing_code_type_version":"2020","billing_code":"90785","description":"PSYCHOTHERAPY COMPLEX INTERACTIVE","allowed_amounts":[{"tin":{"type":"ein","value":"999999999"},"service_code":["11"],"billing_class":"professional","payments":[{"allowed_amount":0.00,"billing_code_modifier":[""],"providers":[{"billed_charge":100.00,"npi":[1487012084,1730188376]}]}]}]},{"name":"PSYCHOTHERAPY W\/PATIENT 45 MINUTES","billing_code_type":"CPT","billing_code_type_version":"2020","billing_code":"90834","description":"PSYCHOTHERAPY W\/PATIENT 45 MINUTES","allowed_amounts":[{"tin":{"type":"ein","value":"999999999"},"service_code":["11"],"billing_class":"professional","payments":[{"allowed_amount":119.20,"billing_code_modifier":[""],"providers":[{"billed_charge":225.00,"npi":[1487012084,1730188376]}]}]}]},{"name":"THERAPEUTIC PX 1\/> AREAS EACH 15 MIN EXERCISES","billing_code_type":"CPT","billing_code_type_version":"2020","billing_code":"97110","description":"THERAPEUTIC PX 1\/> AREAS EACH 15 MIN EXERCISES","allowed_amounts":[{"tin":{"type":"ein","value":"475315215"},"service_code":["11"],"billing_class":"professional","payments":[{"allowed_amount":96.48,"billing_code_modifier":[""],"providers":[{"billed_charge":260.00,"npi":[1174064372,1265806236]}]}]},{"tin":{"type":"ein","value":"820914475"},"service_code":["11"],"billing_class":"professional","payments":[{"allowed_amount":88.06,"billing_code_modifier":[""],"providers":[{"billed_charge":196.00,"npi":[1396277299,1457474256]}]}]}]}]}
