{"reporting_entity_name": "IEC Group_DBA AmeriBen",
	"reporting_entity_type": "Third Party Administrator",
	"plan_name": "LA POSADA AT PARK CENTRE INC",
	"plan_id_type": "ein",
	"plan_id": "860828160",
	"plan_market_type": "group",
	"last_updated_on": "2025-01-01","Version": "1.0.0","out_of_network":[{"name":"DRUGS REQUIRE SPECIFIC ID: DRUGS REQUIRING DETAIL","billing_code_type":"RC","billing_code_type_version":"UB04","billing_code":"0636","description":"DRUGS REQUIRE SPECIFIC ID: DRUGS REQUIRING DETAIL","allowed_amounts":[{"tin":{"type":"ein","value":"621323090"},"service_code":["65"],"billing_class":"institutional","payments":[{"allowed_amount":17.57,"billing_code_modifier":[""],"providers":[{"billed_charge":357.00,"npi":[1306187570,1861465684]}]}]}]},{"name":"PHARMACY","billing_code_type":"RC","billing_code_type_version":"UB04","billing_code":"0250","description":"PHARMACY","allowed_amounts":[{"tin":{"type":"ein","value":"621323090"},"service_code":["65"],"billing_class":"institutional","payments":[{"allowed_amount":0.03,"billing_code_modifier":[""],"providers":[{"billed_charge":0.68,"npi":[1306187570,1861465684]}]}]}]}]}
