{"reporting_entity_name": "IEC Group_DBA AmeriBen",
	"reporting_entity_type": "Third Party Administrator",
	"plan_name": "CKS PACKAGING INC",
	"plan_id_type": "ein",
	"plan_id": "581645660",
	"plan_market_type": "group",
	"last_updated_on": "2025-08-01","Version": "1.0.0","out_of_network":[{"name":"25 HYDROXY INCLUDES FRACTIONS IF PERFORMED","billing_code_type":"CPT","billing_code_type_version":"2020","billing_code":"82306","description":"25 HYDROXY INCLUDES FRACTIONS IF PERFORMED","allowed_amounts":[{"tin":{"type":"ein","value":"382084239"},"service_code":["81"],"billing_class":"professional","payments":[{"allowed_amount":14.26,"billing_code_modifier":[""],"providers":[{"billed_charge":276.66,"npi":[1265505531,1770112484,1932166386]}]}]},{"tin":{"type":"ein","value":"810576059"},"service_code":["81"],"billing_class":"professional","payments":[{"allowed_amount":14.26,"billing_code_modifier":[""],"providers":[{"billed_charge":124.08,"npi":[1083688873,1235186800,1699789644,1770655987,1770909236,1831312081,1912434168,1942462684,1972824712]}]}]}]},{"name":"ASSAY OF FREE THYROXINE","billing_code_type":"CPT","billing_code_type_version":"2020","billing_code":"84439","description":"ASSAY OF FREE THYROXINE","allowed_amounts":[{"tin":{"type":"ein","value":"382084239"},"service_code":["81"],"billing_class":"professional","payments":[{"allowed_amount":4.34,"billing_code_modifier":[""],"providers":[{"billed_charge":167.28,"npi":[1265505531,1932166386]}]}]},{"tin":{"type":"ein","value":"810576059"},"service_code":["81"],"billing_class":"professional","payments":[{"allowed_amount":4.34,"billing_code_modifier":[""],"providers":[{"billed_charge":37.80,"npi":[1003190455,1083688873,1184614380,1235186800,1285607648,1356322424,1528628385,1538621099,1770909236,1942462684,1972824712]}]}]},{"tin":{"type":"ein","value":"852981413"},"service_code":["81"],"billing_class":"professional","payments":[{"allowed_amount":4.34,"billing_code_modifier":[""],"providers":[{"billed_charge":15.00,"npi":[1295323053,1497244875]}]}]}]},{"name":"CHIROPRACTIC MANIPULATIVE TX SPINAL 3-4 REGIONS","billing_code_type":"CPT","billing_code_type_version":"2020","billing_code":"98941","description":"CHIROPRACTIC MANIPULATIVE TX SPINAL 3-4 REGIONS","allowed_amounts":[{"tin":{"type":"ein","value":"582306585"},"service_code":["11"],"billing_class":"professional","payments":[{"allowed_amount":35.25,"billing_code_modifier":[""],"providers":[{"billed_charge":50.00,"npi":[1790043727,1922127448]}]}]}]},{"name":"COMPREHENSIVE METABOLIC PANEL","billing_code_type":"CPT","billing_code_type_version":"2020","billing_code":"80053","description":"COMPREHENSIVE METABOLIC PANEL","allowed_amounts":[{"tin":{"type":"ein","value":"382084239"},"service_code":["81"],"billing_class":"professional","payments":[{"allowed_amount":5.09,"billing_code_modifier":[""],"providers":[{"billed_charge":100.75,"npi":[1225126485,1932166386]}]}]},{"tin":{"type":"ein","value":"810576059"},"service_code":["81"],"billing_class":"professional","payments":[{"allowed_amount":5.09,"billing_code_modifier":[""],"providers":[{"billed_charge":21.12,"npi":[1093460727,1235186800,1285922450,1356322424,1386900488,1528628385,1699762419,1811323249,1902896293,1972824712]}]}]}]},{"name":"DRUG TEST DEF 8-14 CLASSES","billing_code_type":"HCPCS","billing_code_type_version":"HCPCS LEVEL II 2021","billing_code":"G0481","description":"DRUG TEST DEF 8-14 CLASSES","allowed_amounts":[{"tin":{"type":"ein","value":"474527287"},"service_code":["81"],"billing_class":"professional","payments":[{"allowed_amount":117.84,"billing_code_modifier":[""],"providers":[{"billed_charge":782.95,"npi":[1134282114,1851768097]}]}]}]},{"name":"GENERAL HEALTH PANEL","billing_code_type":"CPT","billing_code_type_version":"2020","billing_code":"80050","description":"GENERAL HEALTH PANEL","allowed_amounts":[{"tin":{"type":"ein","value":"382084239"},"service_code":["81"],"billing_class":"professional","payments":[{"allowed_amount":14.76,"billing_code_modifier":[""],"providers":[{"billed_charge":302.08,"npi":[1265505531,1770112484,1932166386]}]}]},{"tin":{"type":"ein","value":"810576059"},"service_code":["81"],"billing_class":"professional","payments":[{"allowed_amount":14.76,"billing_code_modifier":[""],"providers":[{"billed_charge":60.00,"npi":[1003190455,1083688873,1093460727,1184614380,1235186800,1255875167,1285607648,1538621099,1699789644,1770655987,1831312081]},{"billed_charge":107.07,"npi":[1235186800,1770909236]}]},{"allowed_amount":14.76,"billing_code_modifier":[""],"providers":[{"billed_charge":60.00,"npi":[1003190455,1083688873,1093460727,1184614380,1235186800,1255875167,1285607648,1538621099,1699789644,1770655987,1831312081]},{"billed_charge":107.07,"npi":[1235186800,1770909236]}]}]},{"tin":{"type":"ein","value":"810576059"},"service_code":["81"],"billing_class":"professional","payments":[{"allowed_amount":14.76,"billing_code_modifier":[""],"providers":[{"billed_charge":60.00,"npi":[1003190455,1083688873,1093460727,1184614380,1235186800,1255875167,1285607648,1538621099,1699789644,1770655987,1831312081]},{"billed_charge":107.07,"npi":[1235186800,1770909236]}]},{"allowed_amount":14.76,"billing_code_modifier":[""],"providers":[{"billed_charge":60.00,"npi":[1003190455,1083688873,1093460727,1184614380,1235186800,1255875167,1285607648,1538621099,1699789644,1770655987,1831312081]},{"billed_charge":107.07,"npi":[1235186800,1770909236]}]}]},{"tin":{"type":"ein","value":"852981413"},"service_code":["81"],"billing_class":"professional","payments":[{"allowed_amount":14.76,"billing_code_modifier":[""],"providers":[{"billed_charge":65.00,"npi":[1144224957,1295323053]}]}]}]},{"name":"HEMO OPD\/HOME: HEMODIALYSIS COMP OR OTHER RATE","billing_code_type":"RC","billing_code_type_version":"UB04","billing_code":"0821","description":"HEMO OPD\/HOME: HEMODIALYSIS COMP OR OTHER RATE","allowed_amounts":[{"tin":{"type":"ein","value":"460996241"},"service_code":["65"],"billing_class":"institutional","payments":[{"allowed_amount":459.12,"billing_code_modifier":[""],"providers":[{"billed_charge":8212.08,"npi":[1205187903,1619978772]}]}]},{"tin":{"type":"ein","value":"460996241"},"service_code":["65"],"billing_class":"institutional","payments":[{"allowed_amount":459.51,"billing_code_modifier":[""],"providers":[{"billed_charge":7821.03,"npi":[1205187903,1619978772]}]}]},{"tin":{"type":"ein","value":"460996241"},"service_code":["65"],"billing_class":"institutional","payments":[{"allowed_amount":459.68,"billing_code_modifier":[""],"providers":[{"billed_charge":8212.08,"npi":[1205187903,1619978772]}]}]},{"tin":{"type":"ein","value":"460996241"},"service_code":["65"],"billing_class":"institutional","payments":[{"allowed_amount":463.08,"billing_code_modifier":[""],"providers":[{"billed_charge":7821.03,"npi":[1205187903,1619978772]}]}]}]},{"name":"HEMOGLOBIN GLYCOSYLATED A1C","billing_code_type":"CPT","billing_code_type_version":"2020","billing_code":"83036","description":"HEMOGLOBIN GLYCOSYLATED A1C","allowed_amounts":[{"tin":{"type":"ein","value":"382084239"},"service_code":["81"],"billing_class":"professional","payments":[{"allowed_amount":4.68,"billing_code_modifier":[""],"providers":[{"billed_charge":84.95,"npi":[1225126485,1265505531,1932166386]}]}]},{"tin":{"type":"ein","value":"810576059"},"service_code":["81"],"billing_class":"professional","payments":[{"allowed_amount":4.68,"billing_code_modifier":[""],"providers":[{"billed_charge":40.68,"npi":[1003190455,1083688873,1093460727,1184614380,1235186800,1255875167,1285607648,1528628385,1699789644,1770655987,1770909236,1811323249,1912434168,1942462684,1972824712]}]}]}]},{"name":"IADNA NOS AMPLIFIED PROBE TQ EACH ORGANISM","billing_code_type":"CPT","billing_code_type_version":"2020","billing_code":"87798","description":"IADNA NOS AMPLIFIED PROBE TQ EACH ORGANISM","allowed_amounts":[{"tin":{"type":"ein","value":"043740411"},"service_code":["81"],"billing_class":"professional","payments":[{"allowed_amount":24.56,"billing_code_modifier":[""],"providers":[{"billed_charge":87.73,"npi":[1346573912,1396858791]}]}]}]},{"name":"LIPID PANEL","billing_code_type":"CPT","billing_code_type_version":"2020","billing_code":"80061","description":"LIPID PANEL","allowed_amounts":[{"tin":{"type":"ein","value":"133757370"},"service_code":["81"],"billing_class":"professional","payments":[{"allowed_amount":9.37,"billing_code_modifier":[""],"providers":[{"billed_charge":105.53,"npi":[1013133826,1295726032]}]}]},{"tin":{"type":"ein","value":"382084239"},"service_code":["81"],"billing_class":"professional","payments":[{"allowed_amount":7.68,"billing_code_modifier":[""],"providers":[{"billed_charge":169.43,"npi":[1225126485,1265505531,1932166386]}]}]},{"tin":{"type":"ein","value":"810576059"},"service_code":["81"],"billing_class":"professional","payments":[{"allowed_amount":7.68,"billing_code_modifier":[""],"providers":[{"billed_charge":56.16,"npi":[1003190455,1083688873,1093460727,1184614380,1235186800,1255875167,1285607648,1285922450,1356322424,1528628385,1699762419,1699789644,1770655987,1770909236,1831312081,1902896293,1912434168,1942462684,1972824712]}]}]},{"tin":{"type":"ein","value":"840611484"},"service_code":["81"],"billing_class":"professional","payments":[{"allowed_amount":9.37,"billing_code_modifier":[""],"providers":[{"billed_charge":102.90,"npi":[1134791973,1255314704,1376001966,1689073819]},{"billed_charge":106.65,"npi":[1255314704,1689634941]},{"billed_charge":107.28,"npi":[1124236773,1255314704]},{"billed_charge":108.15,"npi":[1255314704,1962769901]},{"billed_charge":111.65,"npi":[1124236773,1255314704,1396990461]},{"billed_charge":116.02,"npi":[1255314704,1407485071]}]},{"allowed_amount":9.37,"billing_code_modifier":[""],"providers":[{"billed_charge":102.90,"npi":[1134791973,1255314704,1376001966,1689073819]},{"billed_charge":106.65,"npi":[1255314704,1689634941]},{"billed_charge":107.28,"npi":[1124236773,1255314704]},{"billed_charge":108.15,"npi":[1255314704,1962769901]},{"billed_charge":111.65,"npi":[1124236773,1255314704,1396990461]},{"billed_charge":116.02,"npi":[1255314704,1407485071]}]},{"allowed_amount":9.37,"billing_code_modifier":[""],"providers":[{"billed_charge":102.90,"npi":[1134791973,1255314704,1376001966,1689073819]},{"billed_charge":106.65,"npi":[1255314704,1689634941]},{"billed_charge":107.28,"npi":[1124236773,1255314704]},{"billed_charge":108.15,"npi":[1255314704,1962769901]},{"billed_charge":111.65,"npi":[1124236773,1255314704,1396990461]},{"billed_charge":116.02,"npi":[1255314704,1407485071]}]},{"allowed_amount":9.37,"billing_code_modifier":[""],"providers":[{"billed_charge":102.90,"npi":[1134791973,1255314704,1376001966,1689073819]},{"billed_charge":106.65,"npi":[1255314704,1689634941]},{"billed_charge":107.28,"npi":[1124236773,1255314704]},{"billed_charge":108.15,"npi":[1255314704,1962769901]},{"billed_charge":111.65,"npi":[1124236773,1255314704,1396990461]},{"billed_charge":116.02,"npi":[1255314704,1407485071]}]},{"allowed_amount":9.37,"billing_code_modifier":[""],"providers":[{"billed_charge":102.90,"npi":[1134791973,1255314704,1376001966,1689073819]},{"billed_charge":106.65,"npi":[1255314704,1689634941]},{"billed_charge":107.28,"npi":[1124236773,1255314704]},{"billed_charge":108.15,"npi":[1255314704,1962769901]},{"billed_charge":111.65,"npi":[1124236773,1255314704,1396990461]},{"billed_charge":116.02,"npi":[1255314704,1407485071]}]},{"allowed_amount":9.37,"billing_code_modifier":[""],"providers":[{"billed_charge":102.90,"npi":[1134791973,1255314704,1376001966,1689073819]},{"billed_charge":106.65,"npi":[1255314704,1689634941]},{"billed_charge":107.28,"npi":[1124236773,1255314704]},{"billed_charge":108.15,"npi":[1255314704,1962769901]},{"billed_charge":111.65,"npi":[1124236773,1255314704,1396990461]},{"billed_charge":116.02,"npi":[1255314704,1407485071]}]}]},{"tin":{"type":"ein","value":"840611484"},"service_code":["81"],"billing_class":"professional","payments":[{"allowed_amount":9.37,"billing_code_modifier":[""],"providers":[{"billed_charge":102.90,"npi":[1134791973,1255314704,1376001966,1689073819]},{"billed_charge":106.65,"npi":[1255314704,1689634941]},{"billed_charge":107.28,"npi":[1124236773,1255314704]},{"billed_charge":108.15,"npi":[1255314704,1962769901]},{"billed_charge":111.65,"npi":[1124236773,1255314704,1396990461]},{"billed_charge":116.02,"npi":[1255314704,1407485071]}]},{"allowed_amount":9.37,"billing_code_modifier":[""],"providers":[{"billed_charge":102.90,"npi":[1134791973,1255314704,1376001966,1689073819]},{"billed_charge":106.65,"npi":[1255314704,1689634941]},{"billed_charge":107.28,"npi":[1124236773,1255314704]},{"billed_charge":108.15,"npi":[1255314704,1962769901]},{"billed_charge":111.65,"npi":[1124236773,1255314704,1396990461]},{"billed_charge":116.02,"npi":[1255314704,1407485071]}]},{"allowed_amount":9.37,"billing_code_modifier":[""],"providers":[{"billed_charge":102.90,"npi":[1134791973,1255314704,1376001966,1689073819]},{"billed_charge":106.65,"npi":[1255314704,1689634941]},{"billed_charge":107.28,"npi":[1124236773,1255314704]},{"billed_charge":108.15,"npi":[1255314704,1962769901]},{"billed_charge":111.65,"npi":[1124236773,1255314704,1396990461]},{"billed_charge":116.02,"npi":[1255314704,1407485071]}]},{"allowed_amount":9.37,"billing_code_modifier":[""],"providers":[{"billed_charge":102.90,"npi":[1134791973,1255314704,1376001966,1689073819]},{"billed_charge":106.65,"npi":[1255314704,1689634941]},{"billed_charge":107.28,"npi":[1124236773,1255314704]},{"billed_charge":108.15,"npi":[1255314704,1962769901]},{"billed_charge":111.65,"npi":[1124236773,1255314704,1396990461]},{"billed_charge":116.02,"npi":[1255314704,1407485071]}]},{"allowed_amount":9.37,"billing_code_modifier":[""],"providers":[{"billed_charge":102.90,"npi":[1134791973,1255314704,1376001966,1689073819]},{"billed_charge":106.65,"npi":[1255314704,1689634941]},{"billed_charge":107.28,"npi":[1124236773,1255314704]},{"billed_charge":108.15,"npi":[1255314704,1962769901]},{"billed_charge":111.65,"npi":[1124236773,1255314704,1396990461]},{"billed_charge":116.02,"npi":[1255314704,1407485071]}]},{"allowed_amount":9.37,"billing_code_modifier":[""],"providers":[{"billed_charge":102.90,"npi":[1134791973,1255314704,1376001966,1689073819]},{"billed_charge":106.65,"npi":[1255314704,1689634941]},{"billed_charge":107.28,"npi":[1124236773,1255314704]},{"billed_charge":108.15,"npi":[1255314704,1962769901]},{"billed_charge":111.65,"npi":[1124236773,1255314704,1396990461]},{"billed_charge":116.02,"npi":[1255314704,1407485071]}]}]},{"tin":{"type":"ein","value":"840611484"},"service_code":["81"],"billing_class":"professional","payments":[{"allowed_amount":9.37,"billing_code_modifier":[""],"providers":[{"billed_charge":102.90,"npi":[1134791973,1255314704,1376001966,1689073819]},{"billed_charge":106.65,"npi":[1255314704,1689634941]},{"billed_charge":107.28,"npi":[1124236773,1255314704]},{"billed_charge":108.15,"npi":[1255314704,1962769901]},{"billed_charge":111.65,"npi":[1124236773,1255314704,1396990461]},{"billed_charge":116.02,"npi":[1255314704,1407485071]}]},{"allowed_amount":9.37,"billing_code_modifier":[""],"providers":[{"billed_charge":102.90,"npi":[1134791973,1255314704,1376001966,1689073819]},{"billed_charge":106.65,"npi":[1255314704,1689634941]},{"billed_charge":107.28,"npi":[1124236773,1255314704]},{"billed_charge":108.15,"npi":[1255314704,1962769901]},{"billed_charge":111.65,"npi":[1124236773,1255314704,1396990461]},{"billed_charge":116.02,"npi":[1255314704,1407485071]}]},{"allowed_amount":9.37,"billing_code_modifier":[""],"providers":[{"billed_charge":102.90,"npi":[1134791973,1255314704,1376001966,1689073819]},{"billed_charge":106.65,"npi":[1255314704,1689634941]},{"billed_charge":107.28,"npi":[1124236773,1255314704]},{"billed_charge":108.15,"npi":[1255314704,1962769901]},{"billed_charge":111.65,"npi":[1124236773,1255314704,1396990461]},{"billed_charge":116.02,"npi":[1255314704,1407485071]}]},{"allowed_amount":9.37,"billing_code_modifier":[""],"providers":[{"billed_charge":102.90,"npi":[1134791973,1255314704,1376001966,1689073819]},{"billed_charge":106.65,"npi":[1255314704,1689634941]},{"billed_charge":107.28,"npi":[1124236773,1255314704]},{"billed_charge":108.15,"npi":[1255314704,1962769901]},{"billed_charge":111.65,"npi":[1124236773,1255314704,1396990461]},{"billed_charge":116.02,"npi":[1255314704,1407485071]}]},{"allowed_amount":9.37,"billing_code_modifier":[""],"providers":[{"billed_charge":102.90,"npi":[1134791973,1255314704,1376001966,1689073819]},{"billed_charge":106.65,"npi":[1255314704,1689634941]},{"billed_charge":107.28,"npi":[1124236773,1255314704]},{"billed_charge":108.15,"npi":[1255314704,1962769901]},{"billed_charge":111.65,"npi":[1124236773,1255314704,1396990461]},{"billed_charge":116.02,"npi":[1255314704,1407485071]}]},{"allowed_amount":9.37,"billing_code_modifier":[""],"providers":[{"billed_charge":102.90,"npi":[1134791973,1255314704,1376001966,1689073819]},{"billed_charge":106.65,"npi":[1255314704,1689634941]},{"billed_charge":107.28,"npi":[1124236773,1255314704]},{"billed_charge":108.15,"npi":[1255314704,1962769901]},{"billed_charge":111.65,"npi":[1124236773,1255314704,1396990461]},{"billed_charge":116.02,"npi":[1255314704,1407485071]}]}]},{"tin":{"type":"ein","value":"840611484"},"service_code":["81"],"billing_class":"professional","payments":[{"allowed_amount":9.37,"billing_code_modifier":[""],"providers":[{"billed_charge":102.90,"npi":[1134791973,1255314704,1376001966,1689073819]},{"billed_charge":106.65,"npi":[1255314704,1689634941]},{"billed_charge":107.28,"npi":[1124236773,1255314704]},{"billed_charge":108.15,"npi":[1255314704,1962769901]},{"billed_charge":111.65,"npi":[1124236773,1255314704,1396990461]},{"billed_charge":116.02,"npi":[1255314704,1407485071]}]},{"allowed_amount":9.37,"billing_code_modifier":[""],"providers":[{"billed_charge":102.90,"npi":[1134791973,1255314704,1376001966,1689073819]},{"billed_charge":106.65,"npi":[1255314704,1689634941]},{"billed_charge":107.28,"npi":[1124236773,1255314704]},{"billed_charge":108.15,"npi":[1255314704,1962769901]},{"billed_charge":111.65,"npi":[1124236773,1255314704,1396990461]},{"billed_charge":116.02,"npi":[1255314704,1407485071]}]},{"allowed_amount":9.37,"billing_code_modifier":[""],"providers":[{"billed_charge":102.90,"npi":[1134791973,1255314704,1376001966,1689073819]},{"billed_charge":106.65,"npi":[1255314704,1689634941]},{"billed_charge":107.28,"npi":[1124236773,1255314704]},{"billed_charge":108.15,"npi":[1255314704,1962769901]},{"billed_charge":111.65,"npi":[1124236773,1255314704,1396990461]},{"billed_charge":116.02,"npi":[1255314704,1407485071]}]},{"allowed_amount":9.37,"billing_code_modifier":[""],"providers":[{"billed_charge":102.90,"npi":[1134791973,1255314704,1376001966,1689073819]},{"billed_charge":106.65,"npi":[1255314704,1689634941]},{"billed_charge":107.28,"npi":[1124236773,1255314704]},{"billed_charge":108.15,"npi":[1255314704,1962769901]},{"billed_charge":111.65,"npi":[1124236773,1255314704,1396990461]},{"billed_charge":116.02,"npi":[1255314704,1407485071]}]},{"allowed_amount":9.37,"billing_code_modifier":[""],"providers":[{"billed_charge":102.90,"npi":[1134791973,1255314704,1376001966,1689073819]},{"billed_charge":106.65,"npi":[1255314704,1689634941]},{"billed_charge":107.28,"npi":[1124236773,1255314704]},{"billed_charge":108.15,"npi":[1255314704,1962769901]},{"billed_charge":111.65,"npi":[1124236773,1255314704,1396990461]},{"billed_charge":116.02,"npi":[1255314704,1407485071]}]},{"allowed_amount":9.37,"billing_code_modifier":[""],"providers":[{"billed_charge":102.90,"npi":[1134791973,1255314704,1376001966,1689073819]},{"billed_charge":106.65,"npi":[1255314704,1689634941]},{"billed_charge":107.28,"npi":[1124236773,1255314704]},{"billed_charge":108.15,"npi":[1255314704,1962769901]},{"billed_charge":111.65,"npi":[1124236773,1255314704,1396990461]},{"billed_charge":116.02,"npi":[1255314704,1407485071]}]}]},{"tin":{"type":"ein","value":"840611484"},"service_code":["81"],"billing_class":"professional","payments":[{"allowed_amount":9.37,"billing_code_modifier":[""],"providers":[{"billed_charge":102.90,"npi":[1134791973,1255314704,1376001966,1689073819]},{"billed_charge":106.65,"npi":[1255314704,1689634941]},{"billed_charge":107.28,"npi":[1124236773,1255314704]},{"billed_charge":108.15,"npi":[1255314704,1962769901]},{"billed_charge":111.65,"npi":[1124236773,1255314704,1396990461]},{"billed_charge":116.02,"npi":[1255314704,1407485071]}]},{"allowed_amount":9.37,"billing_code_modifier":[""],"providers":[{"billed_charge":102.90,"npi":[1134791973,1255314704,1376001966,1689073819]},{"billed_charge":106.65,"npi":[1255314704,1689634941]},{"billed_charge":107.28,"npi":[1124236773,1255314704]},{"billed_charge":108.15,"npi":[1255314704,1962769901]},{"billed_charge":111.65,"npi":[1124236773,1255314704,1396990461]},{"billed_charge":116.02,"npi":[1255314704,1407485071]}]},{"allowed_amount":9.37,"billing_code_modifier":[""],"providers":[{"billed_charge":102.90,"npi":[1134791973,1255314704,1376001966,1689073819]},{"billed_charge":106.65,"npi":[1255314704,1689634941]},{"billed_charge":107.28,"npi":[1124236773,1255314704]},{"billed_charge":108.15,"npi":[1255314704,1962769901]},{"billed_charge":111.65,"npi":[1124236773,1255314704,1396990461]},{"billed_charge":116.02,"npi":[1255314704,1407485071]}]},{"allowed_amount":9.37,"billing_code_modifier":[""],"providers":[{"billed_charge":102.90,"npi":[1134791973,1255314704,1376001966,1689073819]},{"billed_charge":106.65,"npi":[1255314704,1689634941]},{"billed_charge":107.28,"npi":[1124236773,1255314704]},{"billed_charge":108.15,"npi":[1255314704,1962769901]},{"billed_charge":111.65,"npi":[1124236773,1255314704,1396990461]},{"billed_charge":116.02,"npi":[1255314704,1407485071]}]},{"allowed_amount":9.37,"billing_code_modifier":[""],"providers":[{"billed_charge":102.90,"npi":[1134791973,1255314704,1376001966,1689073819]},{"billed_charge":106.65,"npi":[1255314704,1689634941]},{"billed_charge":107.28,"npi":[1124236773,1255314704]},{"billed_charge":108.15,"npi":[1255314704,1962769901]},{"billed_charge":111.65,"npi":[1124236773,1255314704,1396990461]},{"billed_charge":116.02,"npi":[1255314704,1407485071]}]},{"allowed_amount":9.37,"billing_code_modifier":[""],"providers":[{"billed_charge":102.90,"npi":[1134791973,1255314704,1376001966,1689073819]},{"billed_charge":106.65,"npi":[1255314704,1689634941]},{"billed_charge":107.28,"npi":[1124236773,1255314704]},{"billed_charge":108.15,"npi":[1255314704,1962769901]},{"billed_charge":111.65,"npi":[1124236773,1255314704,1396990461]},{"billed_charge":116.02,"npi":[1255314704,1407485071]}]}]},{"tin":{"type":"ein","value":"840611484"},"service_code":["81"],"billing_class":"professional","payments":[{"allowed_amount":9.37,"billing_code_modifier":[""],"providers":[{"billed_charge":102.90,"npi":[1134791973,1255314704,1376001966,1689073819]},{"billed_charge":106.65,"npi":[1255314704,1689634941]},{"billed_charge":107.28,"npi":[1124236773,1255314704]},{"billed_charge":108.15,"npi":[1255314704,1962769901]},{"billed_charge":111.65,"npi":[1124236773,1255314704,1396990461]},{"billed_charge":116.02,"npi":[1255314704,1407485071]}]},{"allowed_amount":9.37,"billing_code_modifier":[""],"providers":[{"billed_charge":102.90,"npi":[1134791973,1255314704,1376001966,1689073819]},{"billed_charge":106.65,"npi":[1255314704,1689634941]},{"billed_charge":107.28,"npi":[1124236773,1255314704]},{"billed_charge":108.15,"npi":[1255314704,1962769901]},{"billed_charge":111.65,"npi":[1124236773,1255314704,1396990461]},{"billed_charge":116.02,"npi":[1255314704,1407485071]}]},{"allowed_amount":9.37,"billing_code_modifier":[""],"providers":[{"billed_charge":102.90,"npi":[1134791973,1255314704,1376001966,1689073819]},{"billed_charge":106.65,"npi":[1255314704,1689634941]},{"billed_charge":107.28,"npi":[1124236773,1255314704]},{"billed_charge":108.15,"npi":[1255314704,1962769901]},{"billed_charge":111.65,"npi":[1124236773,1255314704,1396990461]},{"billed_charge":116.02,"npi":[1255314704,1407485071]}]},{"allowed_amount":9.37,"billing_code_modifier":[""],"providers":[{"billed_charge":102.90,"npi":[1134791973,1255314704,1376001966,1689073819]},{"billed_charge":106.65,"npi":[1255314704,1689634941]},{"billed_charge":107.28,"npi":[1124236773,1255314704]},{"billed_charge":108.15,"npi":[1255314704,1962769901]},{"billed_charge":111.65,"npi":[1124236773,1255314704,1396990461]},{"billed_charge":116.02,"npi":[1255314704,1407485071]}]},{"allowed_amount":9.37,"billing_code_modifier":[""],"providers":[{"billed_charge":102.90,"npi":[1134791973,1255314704,1376001966,1689073819]},{"billed_charge":106.65,"npi":[1255314704,1689634941]},{"billed_charge":107.28,"npi":[1124236773,1255314704]},{"billed_charge":108.15,"npi":[1255314704,1962769901]},{"billed_charge":111.65,"npi":[1124236773,1255314704,1396990461]},{"billed_charge":116.02,"npi":[1255314704,1407485071]}]},{"allowed_amount":9.37,"billing_code_modifier":[""],"providers":[{"billed_charge":102.90,"npi":[1134791973,1255314704,1376001966,1689073819]},{"billed_charge":106.65,"npi":[1255314704,1689634941]},{"billed_charge":107.28,"npi":[1124236773,1255314704]},{"billed_charge":108.15,"npi":[1255314704,1962769901]},{"billed_charge":111.65,"npi":[1124236773,1255314704,1396990461]},{"billed_charge":116.02,"npi":[1255314704,1407485071]}]}]}]},{"name":"MEDICAL\/SURGICAL SUPPLIES","billing_code_type":"RC","billing_code_type_version":"UB04","billing_code":"0270","description":"MEDICAL\/SURGICAL SUPPLIES","allowed_amounts":[{"tin":{"type":"ein","value":"042832065"},"service_code":["65"],"billing_class":"institutional","payments":[{"allowed_amount":2.75,"billing_code_modifier":[""],"providers":[{"billed_charge":149.10,"npi":[1124587936,1881706695]}]}]},{"tin":{"type":"ein","value":"042832065"},"service_code":["65"],"billing_class":"institutional","payments":[{"allowed_amount":4.10,"billing_code_modifier":[""],"providers":[{"billed_charge":149.10,"npi":[1124587936,1881706695]}]}]}]},{"name":"OFFICE\/OUTPATIENT ESTABLISHED MOD MDM 30 MIN","billing_code_type":"CPT","billing_code_type_version":"2020","billing_code":"99214","description":"OFFICE\/OUTPATIENT ESTABLISHED MOD MDM 30 MIN","allowed_amounts":[{"tin":{"type":"ein","value":"201703829"},"service_code":["10"],"billing_class":"professional","payments":[{"allowed_amount":112.51,"billing_code_modifier":[""],"providers":[{"billed_charge":208.00,"npi":[1144380056,1598718512]}]}]},{"tin":{"type":"ein","value":"473382621"},"service_code":["20"],"billing_class":"professional","payments":[{"allowed_amount":112.51,"billing_code_modifier":[""],"providers":[{"billed_charge":257.00,"npi":[1144367749,1679948988]}]}]},{"tin":{"type":"ein","value":"581436087"},"service_code":["11"],"billing_class":"professional","payments":[{"allowed_amount":112.51,"billing_code_modifier":[""],"providers":[{"billed_charge":386.00,"npi":[1063857803,1811037336]}]}]},{"tin":{"type":"ein","value":"582107034"},"service_code":["11"],"billing_class":"professional","payments":[{"allowed_amount":112.51,"billing_code_modifier":[""],"providers":[{"billed_charge":311.00,"npi":[1285649707,1427198878]}]}]},{"tin":{"type":"ein","value":"824492154"},"service_code":["11"],"billing_class":"professional","payments":[{"allowed_amount":112.51,"billing_code_modifier":[""],"providers":[{"billed_charge":180.00,"npi":[1598269250,1912434168]}]}]},{"tin":{"type":"ein","value":"831072238"},"service_code":["11"],"billing_class":"professional","payments":[{"allowed_amount":112.51,"billing_code_modifier":[""],"providers":[{"billed_charge":313.00,"npi":[1174843833,1558865709,1972080554]}]}]},{"tin":{"type":"ein","value":"933850075"},"service_code":["11"],"billing_class":"professional","payments":[{"allowed_amount":112.51,"billing_code_modifier":[""],"providers":[{"billed_charge":325.00,"npi":[1396527321,1467718767,1629407549,1942649785]}]}]}]},{"name":"RESIDENTIAL TREATMENT-CHEMICAL DEPENDENCY","billing_code_type":"RC","billing_code_type_version":"UB04","billing_code":"1002","description":"RESIDENTIAL TREATMENT-CHEMICAL DEPENDENCY","allowed_amounts":[{"tin":{"type":"ein","value":"920780443"},"service_code":["21"],"billing_class":"institutional","payments":[{"allowed_amount":2436.00,"billing_code_modifier":[""],"providers":[{"billed_charge":4060.00,"npi":[1316047400,1952093114]}]}]}]},{"name":"RESIDENTIAL TREATMENT-PSYCHIATRIC","billing_code_type":"RC","billing_code_type_version":"UB04","billing_code":"1001","description":"RESIDENTIAL TREATMENT-PSYCHIATRIC","allowed_amounts":[{"tin":{"type":"ein","value":"991656940"},"service_code":["21"],"billing_class":"institutional","payments":[{"allowed_amount":1675.00,"billing_code_modifier":[""],"providers":[{"billed_charge":5150.00,"npi":[1770343584,1811158082]}]}]}]}]}
