{"reporting_entity_name": "IEC Group_DBA AmeriBen",
	"reporting_entity_type": "Third Party Administrator",
	"plan_name": "AK-CHIN INDIAN COMMUNITY/FARMS",
	"plan_id_type": "ein",
	"plan_id": "860148433",
	"plan_market_type": "group",
	"last_updated_on": "2023-10-01","Version": "1.0.0","out_of_network":[{"name":"OFFICE\/OUTPATIENT ESTABLISHED SF MDM 10-19 MIN","billing_code_type":"CPT","billing_code_type_version":"2020","billing_code":"99212","description":"OFFICE\/OUTPATIENT ESTABLISHED SF MDM 10-19 MIN","allowed_amounts":[{"tin":{"type":"ein","value":"921446579"},"service_code":["11"],"billing_class":"professional","payments":[{"allowed_amount":56.59,"billing_code_modifier":[""],"providers":[{"billed_charge":275.60,"npi":[1457629982,1972215788]}]}]}]},{"name":"PSYCHIATRIC\/PSYCHOLOGICAL SVCS: PARTIAL HOSP - INT","billing_code_type":"RC","billing_code_type_version":"UB04","billing_code":"0913","description":"PSYCHIATRIC\/PSYCHOLOGICAL SVCS: PARTIAL HOSP - INT","allowed_amounts":[{"tin":{"type":"ein","value":"473616913"},"service_code":["22"],"billing_class":"institutional","payments":[{"allowed_amount":756.96,"billing_code_modifier":[""],"providers":[{"billed_charge":2000.00,"npi":[1427610104,1639681646]}]}]}]}]}
