{"reporting_entity_name": "IEC Group_DBA AmeriBen",
	"reporting_entity_type": "Third Party Administrator",
	"plan_name": "TUBA CITY REGIONAL HEALTH CARE",
	"plan_id_type": "ein",
	"plan_id": "043651340",
	"plan_market_type": "group",
	"last_updated_on": "2022-08-31","Version": "1.0.0","out_of_network":[{"name":"PSYCHIATRIC\/PSYCHOLOGICAL SVCS: PARTIAL HOSP - INT","billing_code_type":"RC","billing_code_type_version":"UB04","billing_code":"0913","description":"PSYCHIATRIC\/PSYCHOLOGICAL SVCS: PARTIAL HOSP - INT","allowed_amounts":[{"tin":{"type":"ein","value":"464900162"},"service_code":["22","99"],"billing_class":"institutional","payments":[{"allowed_amount":1030.56,"billing_code_modifier":[""],"providers":[{"billed_charge":1600.00,"npi":[1003998659,1811301542]}]}]}]},{"name":"RESIDENTIAL TREATMENT-CHEMICAL DEPENDENCY","billing_code_type":"RC","billing_code_type_version":"UB04","billing_code":"1002","description":"RESIDENTIAL TREATMENT-CHEMICAL DEPENDENCY","allowed_amounts":[{"tin":{"type":"ein","value":"263538695"},"service_code":["21"],"billing_class":"institutional","payments":[{"allowed_amount":1600.00,"billing_code_modifier":[""],"providers":[{"billed_charge":2000.00,"npi":[1487996955,1598087702]}]}]}]},{"name":"THER PX 1\/> AREAS EACH 15 MIN NEUROMUSC REEDUCA","billing_code_type":"CPT","billing_code_type_version":"2020","billing_code":"97112","description":"THER PX 1\/> AREAS EACH 15 MIN NEUROMUSC REEDUCA","allowed_amounts":[{"tin":{"type":"ein","value":"844620615"},"service_code":["11"],"billing_class":"professional","payments":[{"allowed_amount":48.00,"billing_code_modifier":[""],"providers":[{"billed_charge":60.00,"npi":[1245462019,1588037683,1790318137]}]}]}]}]}
