{"reporting_entity_name": "IEC Group_DBA AmeriBen",
	"reporting_entity_type": "Third Party Administrator",
	"plan_name": "ARIZONA METROPOLITAN TRUST",
	"plan_id_type": "ein",
	"plan_id": "306316739",
	"plan_market_type": "group",
	"last_updated_on": "2024-02-01","Version": "1.0.0","out_of_network":[{"name":"CHIROPRACTIC MANIPLTV TX EXTRASPINAL 1\/> REGION","billing_code_type":"CPT","billing_code_type_version":"2020","billing_code":"98943","description":"CHIROPRACTIC MANIPLTV TX EXTRASPINAL 1\/> REGION","allowed_amounts":[{"tin":{"type":"ein","value":"474111615"},"service_code":["11"],"billing_class":"professional","payments":[{"allowed_amount":34.32,"billing_code_modifier":[""],"providers":[{"billed_charge":68.00,"npi":[1245605583,1558728949]}]}]},{"tin":{"type":"ein","value":"760797987"},"service_code":["11"],"billing_class":"professional","payments":[{"allowed_amount":34.32,"billing_code_modifier":[""],"providers":[{"billed_charge":40.00,"npi":[1376785055,1841373701]}]}]},{"tin":{"type":"ein","value":"832619393"},"service_code":["11"],"billing_class":"professional","payments":[{"allowed_amount":34.32,"billing_code_modifier":[""],"providers":[{"billed_charge":65.00,"npi":[1114497864,1245718931]}]}]},{"tin":{"type":"ein","value":"843837543"},"service_code":["11"],"billing_class":"professional","payments":[{"allowed_amount":34.32,"billing_code_modifier":[""],"providers":[{"billed_charge":75.00,"npi":[1194351379,1548802333]}]}]},{"tin":{"type":"ein","value":"922726999"},"service_code":["11"],"billing_class":"professional","payments":[{"allowed_amount":34.32,"billing_code_modifier":[""],"providers":[{"billed_charge":58.21,"npi":[1821260423,1972675262]}]}]}]},{"name":"CHIROPRACTIC MANIPULATIVE TX SPINAL 3-4 REGIONS","billing_code_type":"CPT","billing_code_type_version":"2020","billing_code":"98941","description":"CHIROPRACTIC MANIPULATIVE TX SPINAL 3-4 REGIONS","allowed_amounts":[{"tin":{"type":"ein","value":"205581984"},"service_code":["11"],"billing_class":"professional","payments":[{"allowed_amount":57.60,"billing_code_modifier":[""],"providers":[{"billed_charge":75.00,"npi":[1750418240,1750575205]}]}]},{"tin":{"type":"ein","value":"300393112"},"service_code":["11"],"billing_class":"professional","payments":[{"allowed_amount":57.60,"billing_code_modifier":[""],"providers":[{"billed_charge":70.00,"npi":[1518092360]}]}]},{"tin":{"type":"ein","value":"832619393"},"service_code":["11"],"billing_class":"professional","payments":[{"allowed_amount":57.60,"billing_code_modifier":[""],"providers":[{"billed_charge":120.00,"npi":[1114497864,1245718931]}]}]},{"tin":{"type":"ein","value":"843837543"},"service_code":["11"],"billing_class":"professional","payments":[{"allowed_amount":57.60,"billing_code_modifier":[""],"providers":[{"billed_charge":120.00,"npi":[1194351379,1548802333]}]}]},{"tin":{"type":"ein","value":"845044322"},"service_code":["11"],"billing_class":"professional","payments":[{"allowed_amount":57.60,"billing_code_modifier":[""],"providers":[{"billed_charge":100.00,"npi":[1316919822,1952922668]}]}]},{"tin":{"type":"ein","value":"922726999"},"service_code":["11"],"billing_class":"professional","payments":[{"allowed_amount":57.60,"billing_code_modifier":[""],"providers":[{"billed_charge":86.18,"npi":[1821260423,1972675262]}]}]}]}]}
