{"reporting_entity_name": "IEC Group_DBA AmeriBen",
	"reporting_entity_type": "Third Party Administrator",
	"plan_name": "MARICOPA USD #20",
	"plan_id_type": "ein",
	"plan_id": "521671314",
	"plan_market_type": "group",
	"last_updated_on": "2023-05-01","Version": "1.0.0","out_of_network":[{"name":"THERAPEUTIC PX 1\/> AREAS EACH 15 MIN EXERCISES","billing_code_type":"CPT","billing_code_type_version":"2020","billing_code":"97110","description":"THERAPEUTIC PX 1\/> AREAS EACH 15 MIN EXERCISES","allowed_amounts":[{"tin":{"type":"ein","value":"464323285"},"service_code":["11"],"billing_class":"professional","payments":[{"allowed_amount":44.00,"billing_code_modifier":[""],"providers":[{"billed_charge":80.10,"npi":[1255698684,1386065183]}]}]},{"tin":{"type":"ein","value":"842490510"},"service_code":["11"],"billing_class":"professional","payments":[{"allowed_amount":44.00,"billing_code_modifier":[""],"providers":[{"billed_charge":89.00,"npi":[1033309976,1073131975,1962599472]}]}]}]}]}
