{"reporting_entity_name": "IEC Group_DBA AmeriBen",
	"reporting_entity_type": "Third Party Administrator",
	"plan_name": "SWAGELOK",
	"plan_id_type": "ein",
	"plan_id": "340688825",
	"plan_market_type": "group",
	"last_updated_on": "2024-08-01","Version": "1.0.0","out_of_network":[{"name":"APPL MODALITY 1\/> AREAS TRACTION MECHANICAL","billing_code_type":"CPT","billing_code_type_version":"2020","billing_code":"97012","description":"APPL MODALITY 1\/> AREAS TRACTION MECHANICAL","allowed_amounts":[{"tin":{"type":"ein","value":"341621793"},"service_code":["11"],"billing_class":"professional","payments":[{"allowed_amount":10.28,"billing_code_modifier":[""],"providers":[{"billed_charge":40.00,"npi":[1366598682,1750582409]}]}]},{"tin":{"type":"ein","value":"341843246"},"service_code":["11"],"billing_class":"professional","payments":[{"allowed_amount":10.28,"billing_code_modifier":[""],"providers":[{"billed_charge":45.00,"npi":[1407998628]}]}]}]},{"name":"CHIROPRACTIC MANIPULATIVE TX SPINAL 1-2 REGIONS","billing_code_type":"CPT","billing_code_type_version":"2020","billing_code":"98940","description":"CHIROPRACTIC MANIPULATIVE TX SPINAL 1-2 REGIONS","allowed_amounts":[{"tin":{"type":"ein","value":"263474404"},"service_code":["11"],"billing_class":"professional","payments":[{"allowed_amount":14.30,"billing_code_modifier":[""],"providers":[{"billed_charge":54.00,"npi":[1386880342,1508571548,1811460298]}]}]},{"tin":{"type":"ein","value":"311633330"},"service_code":["11"],"billing_class":"professional","payments":[{"allowed_amount":14.30,"billing_code_modifier":[""],"providers":[{"billed_charge":70.00,"npi":[1700037280]}]}]},{"tin":{"type":"ein","value":"352168253"},"service_code":["11"],"billing_class":"professional","payments":[{"allowed_amount":14.30,"billing_code_modifier":[""],"providers":[{"billed_charge":45.00,"npi":[1154507010,1497715320]}]}]},{"tin":{"type":"ein","value":"753193190"},"service_code":["11"],"billing_class":"professional","payments":[{"allowed_amount":14.30,"billing_code_modifier":[""],"providers":[{"billed_charge":83.00,"npi":[1073667416,1366975427,1730233180]}]}]}]},{"name":"CHIROPRACTIC MANIPULATIVE TX SPINAL 3-4 REGIONS","billing_code_type":"CPT","billing_code_type_version":"2020","billing_code":"98941","description":"CHIROPRACTIC MANIPULATIVE TX SPINAL 3-4 REGIONS","allowed_amounts":[{"tin":{"type":"ein","value":"311557753"},"service_code":["11"],"billing_class":"professional","payments":[{"allowed_amount":19.79,"billing_code_modifier":[""],"providers":[{"billed_charge":79.00,"npi":[1225130503,1619947694]}]}]},{"tin":{"type":"ein","value":"341292394"},"service_code":["11"],"billing_class":"professional","payments":[{"allowed_amount":19.79,"billing_code_modifier":[""],"providers":[{"billed_charge":40.00,"npi":[1194084582,1962454678]}]}]},{"tin":{"type":"ein","value":"341621793"},"service_code":["11"],"billing_class":"professional","payments":[{"allowed_amount":23.28,"billing_code_modifier":[""],"providers":[{"billed_charge":55.00,"npi":[1366598682,1750582409]}]}]},{"tin":{"type":"ein","value":"341737573"},"service_code":["11"],"billing_class":"professional","payments":[{"allowed_amount":19.79,"billing_code_modifier":[""],"providers":[{"billed_charge":50.00,"npi":[1063767697,1851335541]}]}]},{"tin":{"type":"ein","value":"341843246"},"service_code":["11"],"billing_class":"professional","payments":[{"allowed_amount":23.28,"billing_code_modifier":[""],"providers":[{"billed_charge":85.00,"npi":[1407998628]}]}]},{"tin":{"type":"ein","value":"341883685"},"service_code":["11"],"billing_class":"professional","payments":[{"allowed_amount":19.79,"billing_code_modifier":[""],"providers":[{"billed_charge":60.00,"npi":[1902941313,1982728077]}]}]},{"tin":{"type":"ein","value":"341935351"},"service_code":["11"],"billing_class":"professional","payments":[{"allowed_amount":23.28,"billing_code_modifier":[""],"providers":[{"billed_charge":50.00,"npi":[1871583948]}]}]}]},{"name":"PHYSICAL THERAPY: VISIT CHARGE","billing_code_type":"RC","billing_code_type_version":"UB04","billing_code":"0421","description":"PHYSICAL THERAPY: VISIT CHARGE","allowed_amounts":[{"tin":{"type":"ein","value":"341435257"},"service_code":["12"],"billing_class":"institutional","payments":[{"allowed_amount":80.00,"billing_code_modifier":[""],"providers":[{"billed_charge":225.00,"npi":[1093193591,1225009442,1710372933]}]}]}]}]}
