{"reporting_entity_name": "IEC Group_DBA AmeriBen",
	"reporting_entity_type": "Third Party Administrator",
	"plan_name": "GKN SINTER METALS LLC",
	"plan_id_type": "ein",
	"plan_id": "383354796",
	"plan_market_type": "group",
	"last_updated_on": "2025-03-03","Version": "1.0.0","out_of_network":[{"name":"HEMO OPD\/HOME: HEMODIALYSIS COMP OR OTHER RATE","billing_code_type":"RC","billing_code_type_version":"UB04","billing_code":"0821","description":"HEMO OPD\/HOME: HEMODIALYSIS COMP OR OTHER RATE","allowed_amounts":[{"tin":{"type":"ein","value":"042894956"},"service_code":["65"],"billing_class":"institutional","payments":[{"allowed_amount":290.37,"billing_code_modifier":[""],"providers":[{"billed_charge":8832.00,"npi":[1245342062,1770593063]}]}]},{"tin":{"type":"ein","value":"042894956"},"service_code":["65"],"billing_class":"institutional","payments":[{"allowed_amount":296.15,"billing_code_modifier":[""],"providers":[{"billed_charge":8832.00,"npi":[1245342062,1770593063]}]}]},{"tin":{"type":"ein","value":"042894956"},"service_code":["65"],"billing_class":"institutional","payments":[{"allowed_amount":300.65,"billing_code_modifier":[""],"providers":[{"billed_charge":8832.00,"npi":[1245342062,1770593063]}]}]}]},{"name":"MEDICAL\/SURGICAL SUPPLIES","billing_code_type":"RC","billing_code_type_version":"UB04","billing_code":"0270","description":"MEDICAL\/SURGICAL SUPPLIES","allowed_amounts":[{"tin":{"type":"ein","value":"273316749"},"service_code":["65"],"billing_class":"institutional","payments":[{"allowed_amount":2.84,"billing_code_modifier":[""],"providers":[{"billed_charge":142.00,"npi":[1376545327,1518267566]}]}]}]}]}
