{"reporting_entity_name": "IEC Group_DBA AmeriBen",
	"reporting_entity_type": "Third Party Administrator",
	"plan_name": "JACKSON HEALTHCARE LLC",
	"plan_id_type": "ein",
	"plan_id": "810652936",
	"plan_market_type": "group",
	"last_updated_on": "2022-06-28","Version": "1.0.0","out_of_network":[{"name":"IA DET NA;SEV AC RES SYND SARS-COV-2 COVID-19","billing_code_type":"HCPCS","billing_code_type_version":"HCPCS LEVEL II 2021","billing_code":"U0005","description":"IA DET NA;SEV AC RES SYND SARS-COV-2 COVID-19","allowed_amounts":[{"tin":{"type":"ein","value":"262911443"},"service_code":["81"],"billing_class":"professional","payments":[{"allowed_amount":31.25,"billing_code_modifier":[""],"providers":[{"billed_charge":150.00,"npi":[1114462488,1184861353,1407943301]}]}]},{"tin":{"type":"ein","value":"472462178"},"service_code":["81"],"billing_class":"professional","payments":[{"allowed_amount":31.25,"billing_code_modifier":[""],"providers":[{"billed_charge":50.00,"npi":[1508484569,1639311509]}]}]},{"tin":{"type":"ein","value":"823438908"},"service_code":["11"],"billing_class":"professional","payments":[{"allowed_amount":31.25,"billing_code_modifier":[""],"providers":[{"billed_charge":75.00,"npi":[1114431087,1487815387]}]}]},{"tin":{"type":"ein","value":"833648025"},"service_code":["81"],"billing_class":"professional","payments":[{"allowed_amount":31.25,"billing_code_modifier":[""],"providers":[{"billed_charge":62.50,"npi":[1124040167,1306860374,1336229178,1366534661,1528525045,1831350578]}]}]},{"tin":{"type":"ein","value":"845172222"},"service_code":["81"],"billing_class":"professional","payments":[{"allowed_amount":31.25,"billing_code_modifier":[""],"providers":[{"billed_charge":75.00,"npi":[1346769593,1790729911]}]}]}]},{"name":"INF AGT DET DNA\/RNA;SARS-COV-2 COVID-19 AMP P T","billing_code_type":"HCPCS","billing_code_type_version":"HCPCS LEVEL II 2021","billing_code":"U0003","description":"INF AGT DET DNA\/RNA;SARS-COV-2 COVID-19 AMP P T","allowed_amounts":[{"tin":{"type":"ein","value":"472462178"},"service_code":["81"],"billing_class":"professional","payments":[{"allowed_amount":93.75,"billing_code_modifier":[""],"providers":[{"billed_charge":250.00,"npi":[1508484569,1639311509]}]}]},{"tin":{"type":"ein","value":"473727159"},"service_code":["81"],"billing_class":"professional","payments":[{"allowed_amount":93.75,"billing_code_modifier":[""],"providers":[{"billed_charge":125.00,"npi":[1508406182,1912521568]}]}]},{"tin":{"type":"ein","value":"823438908"},"service_code":["11"],"billing_class":"professional","payments":[{"allowed_amount":93.75,"billing_code_modifier":[""],"providers":[{"billed_charge":300.00,"npi":[1114431087,1487815387]}]}]},{"tin":{"type":"ein","value":"833648025"},"service_code":["81"],"billing_class":"professional","payments":[{"allowed_amount":93.75,"billing_code_modifier":[""],"providers":[{"billed_charge":250.00,"npi":[1124040167,1306860374,1336229178,1366534661,1528525045]}]}]},{"tin":{"type":"ein","value":"845172222"},"service_code":["81"],"billing_class":"professional","payments":[{"allowed_amount":93.75,"billing_code_modifier":[""],"providers":[{"billed_charge":225.00,"npi":[1346769593,1790729911]}]}]}]},{"name":"SPEC CLCT FOR SARS-COV-2 COVID-19 ANY SPEC SRC","billing_code_type":"HCPCS","billing_code_type_version":"HCPCS LEVEL II 2021","billing_code":"G2023","description":"SPEC CLCT FOR SARS-COV-2 COVID-19 ANY SPEC SRC","allowed_amounts":[{"tin":{"type":"ein","value":"262911443"},"service_code":["81"],"billing_class":"professional","payments":[{"allowed_amount":29.32,"billing_code_modifier":[""],"providers":[{"billed_charge":30.00,"npi":[1114462488,1184861353,1407943301]}]}]},{"tin":{"type":"ein","value":"823438908"},"service_code":["11"],"billing_class":"professional","payments":[{"allowed_amount":29.32,"billing_code_modifier":[""],"providers":[{"billed_charge":70.38,"npi":[1114431087,1487815387]}]}]},{"tin":{"type":"ein","value":"833648025"},"service_code":["81"],"billing_class":"professional","payments":[{"allowed_amount":29.32,"billing_code_modifier":[""],"providers":[{"billed_charge":60.00,"npi":[1306860374,1528525045]}]}]},{"tin":{"type":"ein","value":"845172222"},"service_code":["81"],"billing_class":"professional","payments":[{"allowed_amount":29.32,"billing_code_modifier":[""],"providers":[{"billed_charge":70.38,"npi":[1346769593,1790729911]}]}]}]}]}
