{"reporting_entity_name": "IEC Group_DBA AmeriBen",
	"reporting_entity_type": "Third Party Administrator",
	"plan_name": "KENTUCKY RURAL ELECTRIC CO-OP",
	"plan_id_type": "ein",
	"plan_id": "610461919",
	"plan_market_type": "group",
	"last_updated_on": "2024-05-02","Version": "1.0.0","out_of_network":[{"name":"DRUG TEST DEFINITV DR ID METH P DAY 1-7 DRUG CL","billing_code_type":"HCPCS","billing_code_type_version":"HCPCS LEVEL II 2021","billing_code":"G0480","description":"DRUG TEST DEFINITV DR ID METH P DAY 1-7 DRUG CL","allowed_amounts":[{"tin":{"type":"ein","value":"473036554"},"service_code":["81"],"billing_class":"professional","payments":[{"allowed_amount":68.66,"billing_code_modifier":[""],"providers":[{"billed_charge":171.65,"npi":[1659755908,1730194978]}]}]},{"tin":{"type":"ein","value":"831005259"},"service_code":["81"],"billing_class":"professional","payments":[{"allowed_amount":68.66,"billing_code_modifier":[""],"providers":[{"billed_charge":343.29,"npi":[1124047717,1174092548,1649529470]}]}]}]}]}
