{"reporting_entity_name": "IEC Group_DBA AmeriBen",
	"reporting_entity_type": "Third Party Administrator",
	"plan_name": "KING'S HAWAIIAN MEDICAL PLAN",
	"plan_id_type": "ein",
	"plan_id": "330747313",
	"plan_market_type": "group",
	"last_updated_on": "2025-02-03","Version": "1.0.0","out_of_network":[{"name":"CHIROPRACTIC MANIPULATIVE TX SPINAL 1-2 REGIONS","billing_code_type":"CPT","billing_code_type_version":"2020","billing_code":"98940","description":"CHIROPRACTIC MANIPULATIVE TX SPINAL 1-2 REGIONS","allowed_amounts":[{"tin":{"type":"ein","value":"883481869"},"service_code":["11"],"billing_class":"professional","payments":[{"allowed_amount":42.14,"billing_code_modifier":[""],"providers":[{"billed_charge":72.00,"npi":[1598398604]}]}]}]}]}
