{"reporting_entity_name": "IEC Group_DBA AmeriBen",
	"reporting_entity_type": "Third Party Administrator",
	"plan_name": "METALSA STRUCTURAL PRODUCTS",
	"plan_id_type": "ein",
	"plan_id": "980643737",
	"plan_market_type": "group",
	"last_updated_on": "2023-11-01","Version": "1.0.0","out_of_network":[{"name":"CHIROPRACTIC MANIPULATIVE TX SPINAL 5 REGIONS","billing_code_type":"CPT","billing_code_type_version":"2020","billing_code":"98942","description":"CHIROPRACTIC MANIPULATIVE TX SPINAL 5 REGIONS","allowed_amounts":[{"tin":{"type":"ein","value":"541803712"},"service_code":["11"],"billing_class":"professional","payments":[{"allowed_amount":49.00,"billing_code_modifier":[""],"providers":[{"billed_charge":49.00,"npi":[1225057458,1720007966]}]}]}]},{"name":"CREATININE OTHER SOURCE","billing_code_type":"CPT","billing_code_type_version":"2020","billing_code":"82570","description":"CREATININE OTHER SOURCE","allowed_amounts":[{"tin":{"type":"ein","value":"474332775"},"service_code":["81"],"billing_class":"professional","payments":[{"allowed_amount":29.01,"billing_code_modifier":[""],"providers":[{"billed_charge":36.26,"npi":[1194708776,1245845544,1285018523,1760439616,1841447059]}]}]}]},{"name":"DRUG TST PRSMV INSTRMNT CHEM ANALYZERS PR DATE","billing_code_type":"CPT","billing_code_type_version":"2020","billing_code":"80307","description":"DRUG TST PRSMV INSTRMNT CHEM ANALYZERS PR DATE","allowed_amounts":[{"tin":{"type":"ein","value":"474332775"},"service_code":["81"],"billing_class":"professional","payments":[{"allowed_amount":446.94,"billing_code_modifier":[""],"providers":[{"billed_charge":558.67,"npi":[1194708776,1245845544,1285018523,1760439616,1841447059]}]}]}]},{"name":"DRUGS REQUIRE SPECIFIC ID: DRUGS REQUIRING DETAIL","billing_code_type":"RC","billing_code_type_version":"UB04","billing_code":"0636","description":"DRUGS REQUIRE SPECIFIC ID: DRUGS REQUIRING DETAIL","allowed_amounts":[{"tin":{"type":"ein","value":"271199399"},"service_code":["65"],"billing_class":"institutional","payments":[{"allowed_amount":20.58,"billing_code_modifier":[""],"providers":[{"billed_charge":589.32,"npi":[1013245018,1578672507]}]}]},{"tin":{"type":"ein","value":"621323090"},"service_code":["65"],"billing_class":"institutional","payments":[{"allowed_amount":27.63,"billing_code_modifier":[""],"providers":[{"billed_charge":631.15,"npi":[1073989323,1184687824]}]}]}]},{"name":"HEMO OPD\/HOME: HEMODIALYSIS COMP OR OTHER RATE","billing_code_type":"RC","billing_code_type_version":"UB04","billing_code":"0821","description":"HEMO OPD\/HOME: HEMODIALYSIS COMP OR OTHER RATE","allowed_amounts":[{"tin":{"type":"ein","value":"271199399"},"service_code":["65"],"billing_class":"institutional","payments":[{"allowed_amount":293.69,"billing_code_modifier":[""],"providers":[{"billed_charge":8411.43,"npi":[1013245018,1578672507]}]}]}]},{"name":"MEDICAL\/SURGICAL SUPPLIES","billing_code_type":"RC","billing_code_type_version":"UB04","billing_code":"0270","description":"MEDICAL\/SURGICAL SUPPLIES","allowed_amounts":[{"tin":{"type":"ein","value":"271199399"},"service_code":["65"],"billing_class":"institutional","payments":[{"allowed_amount":4.80,"billing_code_modifier":[""],"providers":[{"billed_charge":142.00,"npi":[1013245018,1578672507]}]}]},{"tin":{"type":"ein","value":"271199399"},"service_code":["65"],"billing_class":"institutional","payments":[{"allowed_amount":4.96,"billing_code_modifier":[""],"providers":[{"billed_charge":142.00,"npi":[1013245018,1578672507]}]}]},{"tin":{"type":"ein","value":"621323090"},"service_code":["65"],"billing_class":"institutional","payments":[{"allowed_amount":5.67,"billing_code_modifier":[""],"providers":[{"billed_charge":129.55,"npi":[1073989323,1184687824]}]}]}]},{"name":"OCCUPATIONAL THERAPY, IN THE","billing_code_type":"HCPCS","billing_code_type_version":"HCPCS LEVEL II 2021","billing_code":"S9129","description":"OCCUPATIONAL THERAPY, IN THE","allowed_amounts":[{"tin":{"type":"ein","value":"611010686"},"service_code":["12"],"billing_class":"professional","payments":[{"allowed_amount":76.97,"billing_code_modifier":[""],"providers":[{"billed_charge":123.00,"npi":[1124160296,1508865783,1558493270]}]}]}]},{"name":"OFFICE\/OUTPATIENT ESTABLISHED LOW MDM 20-29 MIN","billing_code_type":"CPT","billing_code_type_version":"2020","billing_code":"99213","description":"OFFICE\/OUTPATIENT ESTABLISHED LOW MDM 20-29 MIN","allowed_amounts":[{"tin":{"type":"ein","value":"205497203"},"service_code":["11"],"billing_class":"professional","payments":[{"allowed_amount":99.36,"billing_code_modifier":[""],"providers":[{"billed_charge":172.00,"npi":[1093338527,1457809279,1699017038]}]}]},{"tin":{"type":"ein","value":"274860627"},"service_code":["11"],"billing_class":"professional","payments":[{"allowed_amount":99.36,"billing_code_modifier":[""],"providers":[{"billed_charge":112.00,"npi":[1124325865,1467125278]}]}]},{"tin":{"type":"ein","value":"610482973"},"service_code":["11"],"billing_class":"professional","payments":[{"allowed_amount":99.36,"billing_code_modifier":[""],"providers":[{"billed_charge":165.60,"npi":[1588384671,1629792312,1790086767,1932509270]}]}]},{"tin":{"type":"ein","value":"611389493"},"service_code":["11"],"billing_class":"professional","payments":[{"allowed_amount":99.36,"billing_code_modifier":[""],"providers":[{"billed_charge":191.00,"npi":[1497755060,1831587831,1881785947]}]}]},{"tin":{"type":"ein","value":"621239604"},"service_code":["11"],"billing_class":"professional","payments":[{"allowed_amount":99.36,"billing_code_modifier":[""],"providers":[{"billed_charge":148.00,"npi":[1255062915,1407111974,1700878360]}]}]},{"tin":{"type":"ein","value":"621650124"},"service_code":["11"],"billing_class":"professional","payments":[{"allowed_amount":99.36,"billing_code_modifier":[""],"providers":[{"billed_charge":161.00,"npi":[1497719389,1780641605,1962585661,1982625091]}]}]}]},{"name":"OFFICE\/OUTPATIENT ESTABLISHED MOD MDM 30-39 MIN","billing_code_type":"CPT","billing_code_type_version":"2020","billing_code":"99214","description":"OFFICE\/OUTPATIENT ESTABLISHED MOD MDM 30-39 MIN","allowed_amounts":[{"tin":{"type":"ein","value":"205497203"},"service_code":["11"],"billing_class":"professional","payments":[{"allowed_amount":140.92,"billing_code_modifier":[""],"providers":[{"billed_charge":243.00,"npi":[1093338527,1235247990,1457809279,1679867014]}]}]},{"tin":{"type":"ein","value":"474537646"},"service_code":["11"],"billing_class":"professional","payments":[{"allowed_amount":140.92,"billing_code_modifier":[""],"providers":[{"billed_charge":210.00,"npi":[1326424177,1942437603]}]}]},{"tin":{"type":"ein","value":"610482973"},"service_code":["11"],"billing_class":"professional","payments":[{"allowed_amount":140.92,"billing_code_modifier":[""],"providers":[{"billed_charge":234.86,"npi":[1588384671,1629792312,1790086767,1932509270]}]}]},{"tin":{"type":"ein","value":"610700826"},"service_code":["11"],"billing_class":"professional","payments":[{"allowed_amount":140.92,"billing_code_modifier":[""],"providers":[{"billed_charge":175.00,"npi":[1114948288,1609507482,1942273073]}]}]}]},{"name":"PH BODY FLUID NOT ELSEWHERE SPECIFIED","billing_code_type":"CPT","billing_code_type_version":"2020","billing_code":"83986","description":"PH BODY FLUID NOT ELSEWHERE SPECIFIED","allowed_amounts":[{"tin":{"type":"ein","value":"474332775"},"service_code":["81"],"billing_class":"professional","payments":[{"allowed_amount":20.05,"billing_code_modifier":[""],"providers":[{"billed_charge":25.06,"npi":[1194708776,1245845544,1285018523,1760439616,1841447059]}]}]}]},{"name":"PHARMACY","billing_code_type":"RC","billing_code_type_version":"UB04","billing_code":"0250","description":"PHARMACY","allowed_amounts":[{"tin":{"type":"ein","value":"201557876"},"service_code":["65"],"billing_class":"institutional","payments":[{"allowed_amount":0.06,"billing_code_modifier":[""],"providers":[{"billed_charge":1.30,"npi":[1497824114,1861452302]}]}]},{"tin":{"type":"ein","value":"271199399"},"service_code":["65"],"billing_class":"institutional","payments":[{"allowed_amount":1.78,"billing_code_modifier":[""],"providers":[{"billed_charge":52.90,"npi":[1013245018,1578672507]}]}]},{"tin":{"type":"ein","value":"621323090"},"service_code":["65"],"billing_class":"institutional","payments":[{"allowed_amount":0.04,"billing_code_modifier":[""],"providers":[{"billed_charge":0.90,"npi":[1073989323,1184687824]},{"billed_charge":1.30,"npi":[1073989323,1184687824]}]},{"allowed_amount":0.04,"billing_code_modifier":[""],"providers":[{"billed_charge":0.90,"npi":[1073989323,1184687824]},{"billed_charge":1.30,"npi":[1073989323,1184687824]}]}]},{"tin":{"type":"ein","value":"621323090"},"service_code":["65"],"billing_class":"institutional","payments":[{"allowed_amount":0.04,"billing_code_modifier":[""],"providers":[{"billed_charge":0.90,"npi":[1073989323,1184687824]},{"billed_charge":1.30,"npi":[1073989323,1184687824]}]},{"allowed_amount":0.04,"billing_code_modifier":[""],"providers":[{"billed_charge":0.90,"npi":[1073989323,1184687824]},{"billed_charge":1.30,"npi":[1073989323,1184687824]}]}]},{"tin":{"type":"ein","value":"621323090"},"service_code":["65"],"billing_class":"institutional","payments":[{"allowed_amount":0.05,"billing_code_modifier":[""],"providers":[{"billed_charge":1.30,"npi":[1073989323,1184687824]}]}]},{"tin":{"type":"ein","value":"621323090"},"service_code":["65"],"billing_class":"institutional","payments":[{"allowed_amount":0.06,"billing_code_modifier":[""],"providers":[{"billed_charge":1.30,"npi":[1073989323,1184687824]}]}]}]},{"name":"PROF SVCS ALLG IMMNTX X W\/PRV ALLGIC XTRCS NJXS","billing_code_type":"CPT","billing_code_type_version":"2020","billing_code":"95117","description":"PROF SVCS ALLG IMMNTX X W\/PRV ALLGIC XTRCS NJXS","allowed_amounts":[{"tin":{"type":"ein","value":"611389493"},"service_code":["11"],"billing_class":"professional","payments":[{"allowed_amount":12.12,"billing_code_modifier":[""],"providers":[{"billed_charge":37.00,"npi":[1093056509,1467441907,1497755060,1720427115,1831587831,1881785947]}]}]}]},{"name":"PT IN THE HOME PER DIEM","billing_code_type":"HCPCS","billing_code_type_version":"HCPCS LEVEL II 2021","billing_code":"S9131","description":"PT IN THE HOME PER DIEM","allowed_amounts":[{"tin":{"type":"ein","value":"611010686"},"service_code":["12"],"billing_class":"professional","payments":[{"allowed_amount":73.47,"billing_code_modifier":[""],"providers":[{"billed_charge":117.00,"npi":[1124160296,1508865783,1558493270]}]}]}]},{"name":"RESIDENTIAL TREATMENT-CHEMICAL DEPENDENCY","billing_code_type":"RC","billing_code_type_version":"UB04","billing_code":"1002","description":"RESIDENTIAL TREATMENT-CHEMICAL DEPENDENCY","allowed_amounts":[{"tin":{"type":"ein","value":"831606392"},"service_code":["21"],"billing_class":"institutional","payments":[{"allowed_amount":3613.50,"billing_code_modifier":[""],"providers":[{"billed_charge":4015.00,"npi":[1750996971,1801825500]}]}]}]},{"name":"SPEECH THERAPY, IN THE HOME,","billing_code_type":"HCPCS","billing_code_type_version":"HCPCS LEVEL II 2021","billing_code":"S9128","description":"SPEECH THERAPY, IN THE HOME,","allowed_amounts":[{"tin":{"type":"ein","value":"611010686"},"service_code":["12"],"billing_class":"professional","payments":[{"allowed_amount":106.61,"billing_code_modifier":[""],"providers":[{"billed_charge":123.00,"npi":[1215217484,1508865783,1558493270]}]}]}]},{"name":"TENS SUPPL 2 LEAD PER MONTH","billing_code_type":"HCPCS","billing_code_type_version":"HCPCS LEVEL II 2021","billing_code":"A4595","description":"TENS SUPPL 2 LEAD PER MONTH","allowed_amounts":[{"tin":{"type":"ein","value":"841451963"},"service_code":["12"],"billing_class":"professional","payments":[{"allowed_amount":163.49,"billing_code_modifier":[""],"providers":[{"billed_charge":217.98,"npi":[1245542331,1265910251,1295078616,1366797201,1548781941,1770511552,1841643202,1861465254]}]}]}]}]}
