{"reporting_entity_name": "IEC Group_DBA AmeriBen",
	"reporting_entity_type": "Third Party Administrator",
	"plan_name": "AHLSTROM",
	"issuer_name": "IEC Group_DBA AmeriBen",
	"plan_sponsor_name": "AHLSTROM",
	"plan_id_type": "ein",
	"plan_id": "133509370",
	"plan_market_type": "group",
	"last_updated_on": "2026-02-01","reporting_period": {
		"start_date": "2025-08-05",
		"end_date": "2025-11-03"
	},"version": "2.0.0","out_of_network":[{"name":"AMB SRVC ALS EMERG TRANSPORT LEVL 1","billing_code_type":"HCPCS","billing_code_type_version":"HCPCS LEVEL II 2021","billing_code":"A0427","description":"AMB SRVC ALS EMERG TRANSPORT LEVL 1","allowed_amounts":[{"tin":{"type":"ein","value":"391702433"},"service_code":["41"],"billing_class":"professional","setting":"outpatient","payments":[{"allowed_amount":550.00,"providers":[{"billed_charge":1109.00,"npi":[1609868090]}]}]}]},{"name":"ANESTHESIA LOWER INTST ENDOSCOPIC PX NOS","billing_code_type":"CPT","billing_code_type_version":"2020","billing_code":"00811","description":"ANESTHESIA LOWER INTST ENDOSCOPIC PX NOS","allowed_amounts":[{"tin":{"type":"ein","value":"452920732"},"service_code":["24"],"billing_class":"professional","setting":"outpatient","payments":[{"allowed_amount":459.00,"providers":[{"billed_charge":540.00,"npi":[1033210760,1114942430,1699055251]}]}]}]},{"name":"ANESTHESIA UPPER GI ENDOSCOPIC PX NOS","billing_code_type":"CPT","billing_code_type_version":"2020","billing_code":"00731","description":"ANESTHESIA UPPER GI ENDOSCOPIC PX NOS","allowed_amounts":[{"tin":{"type":"ein","value":"853652858"},"service_code":["24"],"billing_class":"professional","setting":"outpatient","payments":[{"allowed_amount":456.52,"providers":[{"billed_charge":18695.00,"npi":[1093046138,1497356034,1982609335]}]}]}]},{"name":"APPL MODALITY 1+ AREAS ESTIM EA 15 MIN","billing_code_type":"CPT","billing_code_type_version":"2020","billing_code":"97032","description":"APPL MODALITY 1+ AREAS ESTIM EA 15 MIN","allowed_amounts":[{"tin":{"type":"ein","value":"391784227"},"service_code":["11"],"billing_class":"professional","setting":"outpatient","payments":[{"allowed_amount":11.66,"providers":[{"billed_charge":40.00,"npi":[1336204627]}]}]}]},{"name":"AQUAPORIN-4 ANTIBODY FLOW CYTOMETRY EACH","billing_code_type":"CPT","billing_code_type_version":"2020","billing_code":"86053","description":"AQUAPORIN-4 ANTIBODY FLOW CYTOMETRY EACH","allowed_amounts":[{"tin":{"type":"ein","value":"411346366"},"service_code":["81"],"billing_class":"professional","setting":"outpatient","payments":[{"allowed_amount":4.82,"providers":[{"billed_charge":386.38,"npi":[1093792350,1679506091]}]}]}]},{"name":"ASSAY OF AMYLASE","billing_code_type":"CPT","billing_code_type_version":"2020","billing_code":"82150","description":"ASSAY OF AMYLASE","allowed_amounts":[{"tin":{"type":"ein","value":"853680876"},"service_code":["11"],"billing_class":"professional","setting":"outpatient","payments":[{"allowed_amount":3.00,"providers":[{"billed_charge":3.00,"npi":[1093972754]}]}]}]},{"name":"ASSAY OF FREE THYROXINE","billing_code_type":"CPT","billing_code_type_version":"2020","billing_code":"84439","description":"ASSAY OF FREE THYROXINE","allowed_amounts":[{"tin":{"type":"ein","value":"853680876"},"service_code":["11"],"billing_class":"professional","setting":"outpatient","payments":[{"allowed_amount":4.00,"providers":[{"billed_charge":4.00,"npi":[1093972754]}]}]}]},{"name":"ASSAY OF INSULIN TOTAL","billing_code_type":"CPT","billing_code_type_version":"2020","billing_code":"83525","description":"ASSAY OF INSULIN TOTAL","allowed_amounts":[{"tin":{"type":"ein","value":"853680876"},"service_code":["11"],"billing_class":"professional","setting":"outpatient","payments":[{"allowed_amount":5.64,"providers":[{"billed_charge":6.00,"npi":[1093972754]}]}]}]},{"name":"ASSAY OF LIPASE","billing_code_type":"CPT","billing_code_type_version":"2020","billing_code":"83690","description":"ASSAY OF LIPASE","allowed_amounts":[{"tin":{"type":"ein","value":"853680876"},"service_code":["11"],"billing_class":"professional","setting":"outpatient","payments":[{"allowed_amount":3.00,"providers":[{"billed_charge":3.00,"npi":[1093972754]}]}]}]},{"name":"ASSAY OF PROGESTERONE","billing_code_type":"CPT","billing_code_type_version":"2020","billing_code":"84144","description":"ASSAY OF PROGESTERONE","allowed_amounts":[{"tin":{"type":"ein","value":"853680876"},"service_code":["11"],"billing_class":"professional","setting":"outpatient","payments":[{"allowed_amount":5.00,"providers":[{"billed_charge":5.00,"npi":[1093972754]}]}]}]},{"name":"ASSAY OF TESTOSTERONE FREE","billing_code_type":"CPT","billing_code_type_version":"2020","billing_code":"84402","description":"ASSAY OF TESTOSTERONE FREE","allowed_amounts":[{"tin":{"type":"ein","value":"853680876"},"service_code":["11"],"billing_class":"professional","setting":"outpatient","payments":[{"allowed_amount":9.00,"providers":[{"billed_charge":9.00,"npi":[1093972754]}]}]}]},{"name":"ASSAY OF TOTAL ESTRADIOL","billing_code_type":"CPT","billing_code_type_version":"2020","billing_code":"82670","description":"ASSAY OF TOTAL ESTRADIOL","allowed_amounts":[{"tin":{"type":"ein","value":"853680876"},"service_code":["11"],"billing_class":"professional","setting":"outpatient","payments":[{"allowed_amount":5.00,"providers":[{"billed_charge":5.00,"npi":[1093972754]}]}]}]},{"name":"ASSAY OF TRIIODOTHYRONINE T3 FREE","billing_code_type":"CPT","billing_code_type_version":"2020","billing_code":"84481","description":"ASSAY OF TRIIODOTHYRONINE T3 FREE","allowed_amounts":[{"tin":{"type":"ein","value":"853680876"},"service_code":["11"],"billing_class":"professional","setting":"outpatient","payments":[{"allowed_amount":4.00,"providers":[{"billed_charge":4.00,"npi":[1093972754]}]}]}]},{"name":"BRAF GENE ANALYSIS V600 VARIANT(S)","billing_code_type":"CPT","billing_code_type_version":"2020","billing_code":"81210","description":"BRAF GENE ANALYSIS V600 VARIANT(S)","allowed_amounts":[{"tin":{"type":"ein","value":"203986492"},"service_code":["81"],"billing_class":"professional","setting":"outpatient","payments":[{"allowed_amount":70.16,"providers":[{"billed_charge":515.00,"npi":[1184913568,1538559919]}]}]}]},{"name":"C-REACTIVE PROTEIN HIGH SENSITIVITY","billing_code_type":"CPT","billing_code_type_version":"2020","billing_code":"86141","description":"C-REACTIVE PROTEIN HIGH SENSITIVITY","allowed_amounts":[{"tin":{"type":"ein","value":"853680876"},"service_code":["11"],"billing_class":"professional","setting":"outpatient","payments":[{"allowed_amount":4.50,"providers":[{"billed_charge":4.50,"npi":[1093972754]}]}]}]},{"name":"CHIROPRACTIC MANIPLTV TX EXTRASPINAL 1\/> REGION","billing_code_type":"CPT","billing_code_type_version":"2020","billing_code":"98943","description":"CHIROPRACTIC MANIPLTV TX EXTRASPINAL 1\/> REGION","allowed_amounts":[{"tin":{"type":"ein","value":"262354349"},"service_code":["11"],"billing_class":"professional","setting":"outpatient","payments":[{"allowed_amount":20.77,"providers":[{"billed_charge":45.00,"npi":[1114283157,1386016384]}]}]}]},{"name":"CHIROPRACTIC MANIPULATIVE TX SPINAL 3-4 REGIONS","billing_code_type":"CPT","billing_code_type_version":"2020","billing_code":"98941","description":"CHIROPRACTIC MANIPULATIVE TX SPINAL 3-4 REGIONS","allowed_amounts":[{"tin":{"type":"ein","value":"208089068"},"service_code":["11"],"billing_class":"professional","setting":"outpatient","payments":[{"allowed_amount":32.35,"providers":[{"billed_charge":85.00,"npi":[1538217153,1821146424]}]}]},{"tin":{"type":"ein","value":"262354349"},"service_code":["11"],"billing_class":"professional","setting":"outpatient","payments":[{"allowed_amount":32.35,"providers":[{"billed_charge":75.00,"npi":[1114283157,1386016384]}]}]},{"tin":{"type":"ein","value":"391784227"},"service_code":["11"],"billing_class":"professional","setting":"outpatient","payments":[{"allowed_amount":32.35,"providers":[{"billed_charge":82.00,"npi":[1336204627]},{"billed_charge":85.00,"npi":[1336204627]}]},{"allowed_amount":32.35,"providers":[{"billed_charge":82.00,"npi":[1336204627]},{"billed_charge":85.00,"npi":[1336204627]}]}]},{"tin":{"type":"ein","value":"391784227"},"service_code":["11"],"billing_class":"professional","setting":"outpatient","payments":[{"allowed_amount":32.35,"providers":[{"billed_charge":82.00,"npi":[1336204627]},{"billed_charge":85.00,"npi":[1336204627]}]},{"allowed_amount":32.35,"providers":[{"billed_charge":82.00,"npi":[1336204627]},{"billed_charge":85.00,"npi":[1336204627]}]}]},{"tin":{"type":"ein","value":"391912017"},"service_code":["11"],"billing_class":"professional","setting":"outpatient","payments":[{"allowed_amount":32.35,"providers":[{"billed_charge":115.50,"npi":[1134586100,1659420537]}]}]},{"tin":{"type":"ein","value":"934743872"},"service_code":["11"],"billing_class":"professional","setting":"outpatient","payments":[{"allowed_amount":32.35,"providers":[{"billed_charge":72.00,"npi":[1033775143,1801637657]}]}]},{"tin":{"type":"ein","value":"994044966"},"service_code":["11"],"billing_class":"professional","setting":"outpatient","payments":[{"allowed_amount":32.35,"providers":[{"billed_charge":71.00,"npi":[1518063684,1689988495]}]}]}]},{"name":"CLINIC","billing_code_type":"RC","billing_code_type_version":"UB04","billing_code":"0510","description":"CLINIC","allowed_amounts":[{"tin":{"type":"ein","value":"381358898"},"billing_class":"institutional","setting":"inpatient","payments":[{"allowed_amount":377.53,"providers":[{"billed_charge":377.53,"npi":[1164460184,1578504189]}]}]},{"tin":{"type":"ein","value":"391326366"},"billing_class":"institutional","setting":"inpatient","payments":[{"allowed_amount":821.62,"providers":[{"billed_charge":821.62,"npi":[1073563417,1932532991,1962437558]}]}]},{"tin":{"type":"ein","value":"391765537"},"billing_class":"institutional","setting":"inpatient","payments":[{"allowed_amount":333.25,"providers":[{"billed_charge":333.25,"npi":[1124068168,1275573677]}]}]}]},{"name":"COLLECTION VENOUS BLOOD VENIPUNCTURE","billing_code_type":"CPT","billing_code_type_version":"2020","billing_code":"36415","description":"COLLECTION VENOUS BLOOD VENIPUNCTURE","allowed_amounts":[{"tin":{"type":"ein","value":"853680876"},"service_code":["11"],"billing_class":"professional","setting":"outpatient","payments":[{"allowed_amount":2.14,"providers":[{"billed_charge":55.00,"npi":[1093972754]}]}]}]},{"name":"CREATININE OTHER SOURCE","billing_code_type":"CPT","billing_code_type_version":"2020","billing_code":"82570","description":"CREATININE OTHER SOURCE","allowed_amounts":[{"tin":{"type":"ein","value":"474332775"},"service_code":["81"],"billing_class":"professional","setting":"outpatient","payments":[{"allowed_amount":0.00,"providers":[{"billed_charge":36.26,"npi":[1184253197,1285018523]}]}]}]},{"name":"CULTURE BACTERIAL QUANTTATIVE COLONY COUNT URINE","billing_code_type":"CPT","billing_code_type_version":"2020","billing_code":"87086","description":"CULTURE BACTERIAL QUANTTATIVE COLONY COUNT URINE","allowed_amounts":[{"tin":{"type":"ein","value":"133757370"},"service_code":["81"],"billing_class":"professional","setting":"outpatient","payments":[{"allowed_amount":8.07,"providers":[{"billed_charge":75.60,"npi":[1114792991,1629043625]}]}]}]},{"name":"DEEP SEDAT\/GEN ANESTHESIA-EA SUBSQT 15 MIN INCR","billing_code_type":"HCPCS","billing_code_type_version":"HCPCS LEVEL II 2021","billing_code":"D9223","description":"DEEP SEDAT\/GEN ANESTHESIA-EA SUBSQT 15 MIN INCR","allowed_amounts":[{"tin":{"type":"ein","value":"391193991"},"service_code":["11"],"billing_class":"professional","setting":"outpatient","payments":[{"allowed_amount":27.82,"providers":[{"billed_charge":384.00,"npi":[1083805501,1336599935,1578874426,1588183404,1861525289]}]}]},{"tin":{"type":"ein","value":"391825887"},"service_code":["11"],"billing_class":"professional","setting":"outpatient","payments":[{"allowed_amount":27.82,"providers":[{"billed_charge":250.00,"npi":[1205804663,1609496595]}]}]},{"tin":{"type":"ein","value":"990732882"},"service_code":["11"],"billing_class":"professional","setting":"outpatient","payments":[{"allowed_amount":27.82,"providers":[{"billed_charge":291.00,"npi":[1396001483,1609634351]}]}]}]},{"name":"DEEP SEDATION\/GENERAL ANESTHESIA-1ST 15 MINUTES","billing_code_type":"HCPCS","billing_code_type_version":"HCPCS LEVEL II 2021","billing_code":"D9222","description":"DEEP SEDATION\/GENERAL ANESTHESIA-1ST 15 MINUTES","allowed_amounts":[{"tin":{"type":"ein","value":"391193991"},"service_code":["11"],"billing_class":"professional","setting":"outpatient","payments":[{"allowed_amount":27.82,"providers":[{"billed_charge":384.00,"npi":[1083805501,1336599935,1578874426,1588183404,1861525289]}]}]},{"tin":{"type":"ein","value":"391825887"},"service_code":["11"],"billing_class":"professional","setting":"outpatient","payments":[{"allowed_amount":27.82,"providers":[{"billed_charge":250.00,"npi":[1205804663,1609496595]}]}]},{"tin":{"type":"ein","value":"990732882"},"service_code":["11"],"billing_class":"professional","setting":"outpatient","payments":[{"allowed_amount":27.82,"providers":[{"billed_charge":291.00,"npi":[1396001483,1609634351]}]}]}]},{"name":"DETOXIFICATION","billing_code_type":"RC","billing_code_type_version":"UB04","billing_code":"0126","description":"DETOXIFICATION","allowed_amounts":[{"tin":{"type":"ein","value":"850942534"},"billing_class":"institutional","setting":"inpatient","payments":[{"allowed_amount":1722.09,"providers":[{"billed_charge":5745.00,"npi":[1609808138,1770159105]}]}]}]},{"name":"DR TST DEFIN DR ID M P D 1-7 DR CL","billing_code_type":"HCPCS","billing_code_type_version":"HCPCS LEVEL II 2021","billing_code":"G0480","description":"DR TST DEFIN DR ID M P D 1-7 DR CL","allowed_amounts":[{"tin":{"type":"ein","value":"384090520"},"service_code":["81"],"billing_class":"professional","setting":"outpatient","payments":[{"allowed_amount":27.18,"providers":[{"billed_charge":2199.00,"npi":[1134870728,1780153668]}]}]}]},{"name":"DR TST DEFIN DR ID M P D 8-14 DR CL","billing_code_type":"HCPCS","billing_code_type_version":"HCPCS LEVEL II 2021","billing_code":"G0481","description":"DR TST DEFIN DR ID M P D 8-14 DR CL","allowed_amounts":[{"tin":{"type":"ein","value":"161418637"},"service_code":["81"],"billing_class":"professional","setting":"outpatient","payments":[{"allowed_amount":0.00,"providers":[{"billed_charge":313.18,"npi":[1184253197,1366468027]}]}]},{"tin":{"type":"ein","value":"474332775"},"service_code":["81"],"billing_class":"professional","setting":"outpatient","payments":[{"allowed_amount":0.00,"providers":[{"billed_charge":1126.93,"npi":[1184253197,1285018523]}]}]}]},{"name":"DRUG TST PRSMV INSTRMNT CHEM ANALYZERS PR DATE","billing_code_type":"CPT","billing_code_type_version":"2020","billing_code":"80307","description":"DRUG TST PRSMV INSTRMNT CHEM ANALYZERS PR DATE","allowed_amounts":[{"tin":{"type":"ein","value":"161418637"},"service_code":["81"],"billing_class":"professional","setting":"outpatient","payments":[{"allowed_amount":28.73,"providers":[{"billed_charge":124.28,"npi":[1184253197,1366468027]}]}]},{"tin":{"type":"ein","value":"384090520"},"service_code":["81"],"billing_class":"professional","setting":"outpatient","payments":[{"allowed_amount":24.42,"providers":[{"billed_charge":999.00,"npi":[1134870728,1780153668]}]}]},{"tin":{"type":"ein","value":"474332775"},"service_code":["81"],"billing_class":"professional","setting":"outpatient","payments":[{"allowed_amount":18.73,"providers":[{"billed_charge":558.67,"npi":[1184253197,1285018523]}]}]},{"tin":{"type":"ein","value":"474332775"},"service_code":["81"],"billing_class":"professional","setting":"outpatient","payments":[{"allowed_amount":23.73,"providers":[{"billed_charge":558.67,"npi":[1184253197,1285018523]}]}]},{"tin":{"type":"ein","value":"474332775"},"service_code":["81"],"billing_class":"professional","setting":"outpatient","payments":[{"allowed_amount":26.73,"providers":[{"billed_charge":558.67,"npi":[1184253197,1285018523]}]}]}]},{"name":"DRUGS REQUIRE SPECIFIC ID: DRUGS REQUIRING DETAIL","billing_code_type":"RC","billing_code_type_version":"UB04","billing_code":"0636","description":"DRUGS REQUIRE SPECIFIC ID: DRUGS REQUIRING DETAIL","allowed_amounts":[{"tin":{"type":"ein","value":"851919095"},"billing_class":"institutional","setting":"inpatient","payments":[{"allowed_amount":0.00,"providers":[{"billed_charge":16.27,"npi":[1316617707]}]}]}]},{"name":"EGFR GENE ANALYSIS COMMON VARIANTS","billing_code_type":"CPT","billing_code_type_version":"2020","billing_code":"81235","description":"EGFR GENE ANALYSIS COMMON VARIANTS","allowed_amounts":[{"tin":{"type":"ein","value":"203986492"},"service_code":["81"],"billing_class":"professional","setting":"outpatient","payments":[{"allowed_amount":129.83,"providers":[{"billed_charge":915.00,"npi":[1184913568,1538559919]}]}]}]},{"name":"EMERGENCY DEPARTMENT VISIT HIGH MDM","billing_code_type":"CPT","billing_code_type_version":"2020","billing_code":"99285","description":"EMERGENCY DEPARTMENT VISIT HIGH MDM","allowed_amounts":[{"tin":{"type":"ein","value":"271369141"},"service_code":["23"],"billing_class":"professional","setting":"outpatient","payments":[{"allowed_amount":240.72,"providers":[{"billed_charge":1286.00,"npi":[1427407006,1427853936]}]}]},{"tin":{"type":"ein","value":"271369141"},"service_code":["23"],"billing_class":"professional","setting":"outpatient","payments":[{"allowed_amount":266.21,"providers":[{"billed_charge":1286.00,"npi":[1154389351,1609671114]}]}]},{"tin":{"type":"ein","value":"271369141"},"service_code":["23"],"billing_class":"professional","setting":"outpatient","payments":[{"allowed_amount":292.54,"providers":[{"billed_charge":1286.00,"npi":[1104386440,1427853936,1538142328,1609671114]}]}]},{"tin":{"type":"ein","value":"833359672"},"service_code":["23"],"billing_class":"professional","setting":"outpatient","payments":[{"allowed_amount":256.31,"providers":[{"billed_charge":1681.00,"npi":[1114482882,1669524187,1922308147]}]}]},{"tin":{"type":"ein","value":"932543044"},"service_code":["23"],"billing_class":"professional","setting":"outpatient","payments":[{"allowed_amount":1621.00,"providers":[{"billed_charge":1621.00,"npi":[1538466206,1821779695]}]}]},{"tin":{"type":"ein","value":"932543044"},"service_code":["23"],"billing_class":"professional","setting":"outpatient","payments":[{"allowed_amount":2861.00,"providers":[{"billed_charge":2861.00,"npi":[1437814480,1750815643,1821779695]}]}]}]},{"name":"EMERGENCY DEPARTMENT VISIT LOW MDM","billing_code_type":"CPT","billing_code_type_version":"2020","billing_code":"99283","description":"EMERGENCY DEPARTMENT VISIT LOW MDM","allowed_amounts":[{"tin":{"type":"ein","value":"932543044"},"service_code":["23"],"billing_class":"professional","setting":"outpatient","payments":[{"allowed_amount":102.16,"providers":[{"billed_charge":1228.00,"npi":[1750815643,1821779695]}]}]}]},{"name":"EMERGENCY DEPARTMENT VISIT MODERATE MDM","billing_code_type":"CPT","billing_code_type_version":"2020","billing_code":"99284","description":"EMERGENCY DEPARTMENT VISIT MODERATE MDM","allowed_amounts":[{"tin":{"type":"ein","value":"261569466"},"service_code":["23"],"billing_class":"professional","setting":"outpatient","payments":[{"allowed_amount":165.32,"providers":[{"billed_charge":1154.00,"npi":[1073580874,1205283538,1316394638,1578754164,1982889598]}]}]},{"tin":{"type":"ein","value":"261569466"},"service_code":["23"],"billing_class":"professional","setting":"outpatient","payments":[{"allowed_amount":181.76,"providers":[{"billed_charge":1154.00,"npi":[1003307554,1477902641,1982889598]}]}]},{"tin":{"type":"ein","value":"261569466"},"service_code":["23"],"billing_class":"professional","setting":"outpatient","payments":[{"allowed_amount":182.02,"providers":[{"billed_charge":1154.00,"npi":[1124588041,1477902641,1982889598]}]}]},{"tin":{"type":"ein","value":"271369141"},"service_code":["23"],"billing_class":"professional","setting":"outpatient","payments":[{"allowed_amount":165.32,"providers":[{"billed_charge":874.00,"npi":[1003874769,1427853936]}]}]},{"tin":{"type":"ein","value":"271369141"},"service_code":["23"],"billing_class":"professional","setting":"outpatient","payments":[{"allowed_amount":185.59,"providers":[{"billed_charge":874.00,"npi":[1427853936,1598484065]}]}]},{"tin":{"type":"ein","value":"811220861"},"service_code":["23"],"billing_class":"professional","setting":"outpatient","payments":[{"allowed_amount":205.12,"providers":[{"billed_charge":2461.65,"npi":[1154768877,1194184606]}]}]}]},{"name":"EMERGENCY ROOM","billing_code_type":"RC","billing_code_type_version":"UB04","billing_code":"0450","description":"EMERGENCY ROOM","allowed_amounts":[{"tin":{"type":"ein","value":"851919095"},"billing_class":"institutional","setting":"inpatient","payments":[{"allowed_amount":2018.01,"providers":[{"billed_charge":3518.13,"npi":[1316617707]}]}]}]},{"name":"EXC LESION MUCOSA & SBMCSL VESTIBULE SMPL RPR","billing_code_type":"CPT","billing_code_type_version":"2020","billing_code":"40812","description":"EXC LESION MUCOSA & SBMCSL VESTIBULE SMPL RPR","allowed_amounts":[{"tin":{"type":"ein","value":"333858758"},"service_code":["11"],"billing_class":"professional","setting":"outpatient","payments":[{"allowed_amount":267.83,"providers":[{"billed_charge":829.00,"npi":[1669761250]}]}]}]},{"name":"EXTRACTION ERU TOOTH RQR REMV BONE &\/SECTN TOOTH","billing_code_type":"HCPCS","billing_code_type_version":"HCPCS LEVEL II 2021","billing_code":"D7210","description":"EXTRACTION ERU TOOTH RQR REMV BONE &\/SECTN TOOTH","allowed_amounts":[{"tin":{"type":"ein","value":"391193991"},"service_code":["11"],"billing_class":"professional","setting":"outpatient","payments":[{"allowed_amount":107.11,"providers":[{"billed_charge":431.00,"npi":[1083805501,1184019762,1215374376,1578874426,1588183404,1861525289,1912427642]}]}]},{"tin":{"type":"ein","value":"391252499"},"service_code":["11"],"billing_class":"professional","setting":"outpatient","payments":[{"allowed_amount":107.11,"providers":[{"billed_charge":386.00,"npi":[1013098698,1326420696,1427270776]},{"billed_charge":478.00,"npi":[1013098698,1427270776,1982196317]}]},{"allowed_amount":107.11,"providers":[{"billed_charge":386.00,"npi":[1013098698,1326420696,1427270776]},{"billed_charge":478.00,"npi":[1013098698,1427270776,1982196317]}]}]},{"tin":{"type":"ein","value":"391252499"},"service_code":["11"],"billing_class":"professional","setting":"outpatient","payments":[{"allowed_amount":107.11,"providers":[{"billed_charge":386.00,"npi":[1013098698,1326420696,1427270776]},{"billed_charge":478.00,"npi":[1013098698,1427270776,1982196317]}]},{"allowed_amount":107.11,"providers":[{"billed_charge":386.00,"npi":[1013098698,1326420696,1427270776]},{"billed_charge":478.00,"npi":[1013098698,1427270776,1982196317]}]}]}]},{"name":"FETAL CHROMOSOMAL ANEUPLOIDY GENOMIC SEQ ANALYS","billing_code_type":"CPT","billing_code_type_version":"2020","billing_code":"81420","description":"FETAL CHROMOSOMAL ANEUPLOIDY GENOMIC SEQ ANALYS","allowed_amounts":[{"tin":{"type":"ein","value":"472607687"},"service_code":["81"],"billing_class":"professional","setting":"outpatient","payments":[{"allowed_amount":1053.06,"providers":[{"billed_charge":3900.00,"npi":[1235528225,1316917131]}]}]},{"tin":{"type":"ein","value":"811082020"},"service_code":["81"],"billing_class":"professional","setting":"outpatient","payments":[{"allowed_amount":500.00,"providers":[{"billed_charge":3036.20,"npi":[1497884340,1598314437]}]}]}]},{"name":"FLUORESCENT NONNFCT AGT ANTB SCREEN EA ANTIBODY","billing_code_type":"CPT","billing_code_type_version":"2020","billing_code":"86255","description":"FLUORESCENT NONNFCT AGT ANTB SCREEN EA ANTIBODY","allowed_amounts":[{"tin":{"type":"ein","value":"411346366"},"service_code":["81"],"billing_class":"professional","setting":"outpatient","payments":[{"allowed_amount":29.75,"providers":[{"billed_charge":616.98,"npi":[1093792350,1679506091]}]}]}]},{"name":"FUNDUS PHOTOGRAPHY W\/INTERPRETATION & REPORT","billing_code_type":"CPT","billing_code_type_version":"2020","billing_code":"92250","description":"FUNDUS PHOTOGRAPHY W\/INTERPRETATION & REPORT","allowed_amounts":[{"tin":{"type":"ein","value":"391765537"},"service_code":["19"],"billing_class":"professional","setting":"outpatient","payments":[{"allowed_amount":20.42,"providers":[{"billed_charge":114.20,"npi":[1326580184,1538232749,1881634616]}]}]}]},{"name":"GENERAL HEALTH PANEL","billing_code_type":"CPT","billing_code_type_version":"2020","billing_code":"80050","description":"GENERAL HEALTH PANEL","allowed_amounts":[{"tin":{"type":"ein","value":"853680876"},"service_code":["11"],"billing_class":"professional","setting":"outpatient","payments":[{"allowed_amount":10.50,"providers":[{"billed_charge":10.50,"npi":[1093972754]}]}]}]},{"name":"GONADOTROPIN FOLLICLE STIMULATING HORMONE","billing_code_type":"CPT","billing_code_type_version":"2020","billing_code":"83001","description":"GONADOTROPIN FOLLICLE STIMULATING HORMONE","allowed_amounts":[{"tin":{"type":"ein","value":"853680876"},"service_code":["11"],"billing_class":"professional","setting":"outpatient","payments":[{"allowed_amount":5.00,"providers":[{"billed_charge":5.00,"npi":[1093972754]}]}]}]},{"name":"GROUND MILEAGE","billing_code_type":"HCPCS","billing_code_type_version":"HCPCS LEVEL II 2021","billing_code":"A0425","description":"GROUND MILEAGE","allowed_amounts":[{"tin":{"type":"ein","value":"391702433"},"service_code":["41"],"billing_class":"professional","setting":"outpatient","payments":[{"allowed_amount":38.40,"providers":[{"billed_charge":103.50,"npi":[1609868090]}]}]}]},{"name":"HEMOGLOBIN GLYCOSYLATED A1C","billing_code_type":"CPT","billing_code_type_version":"2020","billing_code":"83036","description":"HEMOGLOBIN GLYCOSYLATED A1C","allowed_amounts":[{"tin":{"type":"ein","value":"853680876"},"service_code":["11"],"billing_class":"professional","setting":"outpatient","payments":[{"allowed_amount":4.00,"providers":[{"billed_charge":4.00,"npi":[1093972754]}]}]}]},{"name":"HOSPITAL IP\/OBS DISCHARGE DAY MGMT > 30 MIN","billing_code_type":"CPT","billing_code_type_version":"2020","billing_code":"99239","description":"HOSPITAL IP\/OBS DISCHARGE DAY MGMT > 30 MIN","allowed_amounts":[{"tin":{"type":"ein","value":"823885673"},"service_code":["21"],"billing_class":"professional","setting":"inpatient","payments":[{"allowed_amount":228.82,"providers":[{"billed_charge":289.00,"npi":[1720595366,1831878628,1881034627]}]}]}]},{"name":"HOSPITAL IP\/OBS DISCHARGE DAY MGMT 30 MIN\/<","billing_code_type":"CPT","billing_code_type_version":"2020","billing_code":"99238","description":"HOSPITAL IP\/OBS DISCHARGE DAY MGMT 30 MIN\/<","allowed_amounts":[{"tin":{"type":"ein","value":"352285106"},"service_code":["21"],"billing_class":"professional","setting":"inpatient","payments":[{"allowed_amount":74.46,"providers":[{"billed_charge":406.00,"npi":[1639581903,1649437765,1831517606]}]}]}]},{"name":"IADNA CHLAMYDIA TRACHOMATIS AMPLIFIED PROBE TQ","billing_code_type":"CPT","billing_code_type_version":"2020","billing_code":"87491","description":"IADNA CHLAMYDIA TRACHOMATIS AMPLIFIED PROBE TQ","allowed_amounts":[{"tin":{"type":"ein","value":"133757370"},"service_code":["81"],"billing_class":"professional","setting":"outpatient","payments":[{"allowed_amount":35.09,"providers":[{"billed_charge":129.15,"npi":[1114792991,1861434607]}]}]}]},{"name":"IADNA NEISSERIA GONORRHOEAE AMPLIFIED PROBE TQ","billing_code_type":"CPT","billing_code_type_version":"2020","billing_code":"87591","description":"IADNA NEISSERIA GONORRHOEAE AMPLIFIED PROBE TQ","allowed_amounts":[{"tin":{"type":"ein","value":"133757370"},"service_code":["81"],"billing_class":"professional","setting":"outpatient","payments":[{"allowed_amount":35.09,"providers":[{"billed_charge":129.15,"npi":[1114792991,1861434607]}]}]}]},{"name":"IMHCHEM\/IMCYTCHM 1ST SINGLE ANTB STAIN PROCEDURE","billing_code_type":"CPT","billing_code_type_version":"2020","billing_code":"88342","description":"IMHCHEM\/IMCYTCHM 1ST SINGLE ANTB STAIN PROCEDURE","allowed_amounts":[{"tin":{"type":"ein","value":"474903308"},"service_code":["81"],"billing_class":"professional","setting":"outpatient","payments":[{"allowed_amount":44.64,"providers":[{"billed_charge":200.00,"npi":[1740733708,1801174354]}]}]}]},{"name":"IMHCHEM\/IMCYTCHM EA ADDL SINGLE ANTB STAIN PX","billing_code_type":"CPT","billing_code_type_version":"2020","billing_code":"88341","description":"IMHCHEM\/IMCYTCHM EA ADDL SINGLE ANTB STAIN PX","allowed_amounts":[{"tin":{"type":"ein","value":"474903308"},"service_code":["81"],"billing_class":"professional","setting":"outpatient","payments":[{"allowed_amount":37.87,"providers":[{"billed_charge":200.00,"npi":[1740733708,1801174354]}]}]}]},{"name":"INITIAL PREVENTIVE MEDICINE NEW PT AGE 18-39YRS","billing_code_type":"CPT","billing_code_type_version":"2020","billing_code":"99385","description":"INITIAL PREVENTIVE MEDICINE NEW PT AGE 18-39YRS","allowed_amounts":[{"tin":{"type":"ein","value":"391765537"},"service_code":["19"],"billing_class":"professional","setting":"outpatient","payments":[{"allowed_amount":90.16,"providers":[{"billed_charge":318.00,"npi":[1124068168,1275573677]}]}]}]},{"name":"IONM REMOTE\/NEARBY\/>1 PATIENT IN OR PER HOUR","billing_code_type":"CPT","billing_code_type_version":"2020","billing_code":"95941","description":"IONM REMOTE\/NEARBY\/>1 PATIENT IN OR PER HOUR","allowed_amounts":[{"tin":{"type":"ein","value":"932828731"},"service_code":["24"],"billing_class":"professional","setting":"outpatient","payments":[{"allowed_amount":0.00,"providers":[{"billed_charge":7959.00,"npi":[1316904238,1548943731]}]}]}]},{"name":"ISLET CELL ANTIBODY","billing_code_type":"CPT","billing_code_type_version":"2020","billing_code":"86341","description":"ISLET CELL ANTIBODY","allowed_amounts":[{"tin":{"type":"ein","value":"411346366"},"service_code":["81"],"billing_class":"professional","setting":"outpatient","payments":[{"allowed_amount":9.77,"providers":[{"billed_charge":241.37,"npi":[1093792350,1679506091]}]}]}]},{"name":"IV THERAPY","billing_code_type":"RC","billing_code_type_version":"UB04","billing_code":"0260","description":"IV THERAPY","allowed_amounts":[{"tin":{"type":"ein","value":"851919095"},"billing_class":"institutional","setting":"inpatient","payments":[{"allowed_amount":0.00,"providers":[{"billed_charge":328.10,"npi":[1316617707]}]}]}]},{"name":"KRAS GENE ANALYSIS VARIANTS IN EXON 2","billing_code_type":"CPT","billing_code_type_version":"2020","billing_code":"81275","description":"KRAS GENE ANALYSIS VARIANTS IN EXON 2","allowed_amounts":[{"tin":{"type":"ein","value":"203986492"},"service_code":["81"],"billing_class":"professional","setting":"outpatient","payments":[{"allowed_amount":77.30,"providers":[{"billed_charge":570.00,"npi":[1184913568,1538559919]}]}]}]},{"name":"LABORATORY - CLINICAL DIAGNOSTIC","billing_code_type":"RC","billing_code_type_version":"UB04","billing_code":"0300","description":"LABORATORY - CLINICAL DIAGNOSTIC","allowed_amounts":[{"tin":{"type":"ein","value":"851919095"},"billing_class":"institutional","setting":"inpatient","payments":[{"allowed_amount":0.00,"providers":[{"billed_charge":750.00,"npi":[1316617707]}]}]}]},{"name":"LABORATORY - CLINICAL DIAGNOSTIC: CHEMISTRY","billing_code_type":"RC","billing_code_type_version":"UB04","billing_code":"0301","description":"LABORATORY - CLINICAL DIAGNOSTIC: CHEMISTRY","allowed_amounts":[{"tin":{"type":"ein","value":"464402043"},"billing_class":"institutional","setting":"inpatient","payments":[{"allowed_amount":0.00,"providers":[{"billed_charge":800.00,"npi":[1265482830,1669889283]}]}]},{"tin":{"type":"ein","value":"464402043"},"billing_class":"institutional","setting":"inpatient","payments":[{"allowed_amount":79.52,"providers":[{"billed_charge":800.00,"npi":[1265482830,1669889283]}]}]},{"tin":{"type":"ein","value":"464402043"},"billing_class":"institutional","setting":"inpatient","payments":[{"allowed_amount":39.76,"providers":[{"billed_charge":800.00,"npi":[1265482830,1669889283]}]}]},{"tin":{"type":"ein","value":"464402043"},"billing_class":"institutional","setting":"inpatient","payments":[{"allowed_amount":53.67,"providers":[{"billed_charge":800.00,"npi":[1265482830,1669889283]}]}]}]},{"name":"M\/PHMTRC ALYS TUMOR IMHCHEM EA ANTIBODY MANUAL","billing_code_type":"CPT","billing_code_type_version":"2020","billing_code":"88360","description":"M\/PHMTRC ALYS TUMOR IMHCHEM EA ANTIBODY MANUAL","allowed_amounts":[{"tin":{"type":"ein","value":"474903308"},"service_code":["81"],"billing_class":"professional","setting":"outpatient","payments":[{"allowed_amount":54.58,"providers":[{"billed_charge":200.00,"npi":[1447437355,1740733708,1801174354]}]}]}]},{"name":"MEDICAL NUTRITION RE-ASSMT&IVNTJ INDIV EA 15 M","billing_code_type":"CPT","billing_code_type_version":"2020","billing_code":"97803","description":"MEDICAL NUTRITION RE-ASSMT&IVNTJ INDIV EA 15 M","allowed_amounts":[{"tin":{"type":"ein","value":"391947472"},"service_code":["11"],"billing_class":"professional","setting":"outpatient","payments":[{"allowed_amount":62.26,"providers":[{"billed_charge":280.00,"npi":[1255387726,1366812463,1922339126]}]}]}]},{"name":"MOG-IGG1 ANTIBODY FLOW CYTOMETRY EACH","billing_code_type":"CPT","billing_code_type_version":"2020","billing_code":"86363","description":"MOG-IGG1 ANTIBODY FLOW CYTOMETRY EACH","allowed_amounts":[{"tin":{"type":"ein","value":"411346366"},"service_code":["81"],"billing_class":"professional","setting":"outpatient","payments":[{"allowed_amount":4.82,"providers":[{"billed_charge":386.37,"npi":[1093792350,1679506091]}]}]}]},{"name":"MOLECULAR PATHOLOGY PROCEDURE LEVEL 2","billing_code_type":"CPT","billing_code_type_version":"2020","billing_code":"81401","description":"MOLECULAR PATHOLOGY PROCEDURE LEVEL 2","allowed_amounts":[{"tin":{"type":"ein","value":"203986492"},"service_code":["81"],"billing_class":"professional","setting":"outpatient","payments":[{"allowed_amount":54.80,"providers":[{"billed_charge":800.00,"npi":[1184913568,1538559919]}]}]}]},{"name":"NEUROMUSC STIM ELEC SHOCK UNIT","billing_code_type":"HCPCS","billing_code_type_version":"HCPCS LEVEL II 2021","billing_code":"E0745","description":"NEUROMUSC STIM ELEC SHOCK UNIT","allowed_amounts":[{"tin":{"type":"ein","value":"841451963"},"service_code":["12"],"billing_class":"professional","setting":"outpatient","payments":[{"allowed_amount":53.42,"providers":[{"billed_charge":449.00,"npi":[1699469452,1770511552]}]}]}]},{"name":"OB CARE ANTEPARTUM VAG DLVR & POSTPARTUM","billing_code_type":"CPT","billing_code_type_version":"2020","billing_code":"59400","description":"OB CARE ANTEPARTUM VAG DLVR & POSTPARTUM","allowed_amounts":[{"tin":{"type":"ein","value":"270243213"},"service_code":["25"],"billing_class":"professional","setting":"outpatient","payments":[{"allowed_amount":2164.36,"providers":[{"billed_charge":4950.00,"npi":[1013379742,1356850119]}]}]}]},{"name":"OFFICE\/OUTPATIENT ESTABLISHED HIGH MDM 40 MIN","billing_code_type":"CPT","billing_code_type_version":"2020","billing_code":"99215","description":"OFFICE\/OUTPATIENT ESTABLISHED HIGH MDM 40 MIN","allowed_amounts":[{"tin":{"type":"ein","value":"381358898"},"service_code":["19"],"billing_class":"professional","setting":"outpatient","payments":[{"allowed_amount":136.61,"providers":[{"billed_charge":448.78,"npi":[1164460184,1578504189]}]}]},{"tin":{"type":"ein","value":"464402043"},"service_code":["11"],"billing_class":"professional","setting":"outpatient","payments":[{"allowed_amount":171.38,"providers":[{"billed_charge":415.00,"npi":[1265482830,1669889283]}]}]}]},{"name":"OFFICE\/OUTPATIENT ESTABLISHED LOW MDM 20 MIN","billing_code_type":"CPT","billing_code_type_version":"2020","billing_code":"99213","description":"OFFICE\/OUTPATIENT ESTABLISHED LOW MDM 20 MIN","allowed_amounts":[{"tin":{"type":"ein","value":"391326366"},"service_code":["19"],"billing_class":"professional","setting":"outpatient","payments":[{"allowed_amount":62.82,"providers":[{"billed_charge":420.48,"npi":[1174630628,1518918705]}]}]}]},{"name":"OFFICE\/OUTPATIENT ESTABLISHED MOD MDM 30 MIN","billing_code_type":"CPT","billing_code_type_version":"2020","billing_code":"99214","description":"OFFICE\/OUTPATIENT ESTABLISHED MOD MDM 30 MIN","allowed_amounts":[{"tin":{"type":"ein","value":"464402043"},"service_code":["11"],"billing_class":"professional","setting":"outpatient","payments":[{"allowed_amount":122.25,"providers":[{"billed_charge":240.00,"npi":[1265482830,1669889283]}]}]},{"tin":{"type":"ein","value":"823885673"},"service_code":["11"],"billing_class":"professional","setting":"outpatient","payments":[{"allowed_amount":43.68,"providers":[{"billed_charge":130.48,"npi":[1720595366,1952496119]}]}]},{"tin":{"type":"ein","value":"823885673"},"service_code":["11"],"billing_class":"professional","setting":"outpatient","payments":[{"allowed_amount":46.36,"providers":[{"billed_charge":130.48,"npi":[1720595366,1952496119]}]}]}]},{"name":"OFFICE\/OUTPATIENT NEW LOW MDM 30 MINUTES","billing_code_type":"CPT","billing_code_type_version":"2020","billing_code":"99203","description":"OFFICE\/OUTPATIENT NEW LOW MDM 30 MINUTES","allowed_amounts":[{"tin":{"type":"ein","value":"208089068"},"service_code":["11"],"billing_class":"professional","setting":"outpatient","payments":[{"allowed_amount":106.25,"providers":[{"billed_charge":130.00,"npi":[1538217153,1821146424]}]}]},{"tin":{"type":"ein","value":"391912017"},"service_code":["11"],"billing_class":"professional","setting":"outpatient","payments":[{"allowed_amount":106.25,"providers":[{"billed_charge":232.25,"npi":[1134586100,1659420537]}]}]}]},{"name":"OFFICE\/OUTPATIENT NEW SF MDM 15 MINUTES","billing_code_type":"CPT","billing_code_type_version":"2020","billing_code":"99202","description":"OFFICE\/OUTPATIENT NEW SF MDM 15 MINUTES","allowed_amounts":[{"tin":{"type":"ein","value":"333858758"},"service_code":["11"],"billing_class":"professional","setting":"outpatient","payments":[{"allowed_amount":69.87,"providers":[{"billed_charge":244.00,"npi":[1669761250]}]}]}]},{"name":"ONC SOLID TUMOR NGS DNA FFPE TISS BLD\/SLV 648GEN","billing_code_type":"CPT","billing_code_type_version":"2020","billing_code":"0473U","description":"ONC SOLID TUMOR NGS DNA FFPE TISS BLD\/SLV 648GEN","allowed_amounts":[{"tin":{"type":"ein","value":"474903308"},"service_code":["81"],"billing_class":"professional","setting":"outpatient","payments":[{"allowed_amount":6.79,"providers":[{"billed_charge":5625.00,"npi":[1740733708,1801174354]}]}]}]},{"name":"OPH SVCS MEDICAL XM&EVAL COMPRE EST PT 1\/>VST","billing_code_type":"CPT","billing_code_type_version":"2020","billing_code":"92014","description":"OPH SVCS MEDICAL XM&EVAL COMPRE EST PT 1\/>VST","allowed_amounts":[{"tin":{"type":"ein","value":"391765537"},"service_code":["19"],"billing_class":"professional","setting":"outpatient","payments":[{"allowed_amount":73.66,"providers":[{"billed_charge":207.18,"npi":[1326580184,1538232749,1881634616]}]}]}]},{"name":"OPH SVCS MEDICAL XM&EVAL COMPRE NEW PT 1\/> VST","billing_code_type":"CPT","billing_code_type_version":"2020","billing_code":"92004","description":"OPH SVCS MEDICAL XM&EVAL COMPRE NEW PT 1\/> VST","allowed_amounts":[{"tin":{"type":"ein","value":"391765537"},"service_code":["19"],"billing_class":"professional","setting":"outpatient","payments":[{"allowed_amount":91.40,"providers":[{"billed_charge":267.73,"npi":[1538232749,1881634616]}]}]}]},{"name":"OTHER DIAGNOSTIC SERVICES","billing_code_type":"RC","billing_code_type_version":"UB04","billing_code":"0920","description":"OTHER DIAGNOSTIC SERVICES","allowed_amounts":[{"tin":{"type":"ein","value":"391765537"},"billing_class":"institutional","setting":"inpatient","payments":[{"allowed_amount":275.23,"providers":[{"billed_charge":275.23,"npi":[1538232749,1881634616]}]}]},{"tin":{"type":"ein","value":"391765537"},"billing_class":"institutional","setting":"inpatient","payments":[{"allowed_amount":445.62,"providers":[{"billed_charge":445.62,"npi":[1538232749,1881634616]}]}]}]},{"name":"PERIODIC PREVENTIVE MED EST PATIENT 5-11YRS","billing_code_type":"CPT","billing_code_type_version":"2020","billing_code":"99393","description":"PERIODIC PREVENTIVE MED EST PATIENT 5-11YRS","allowed_amounts":[{"tin":{"type":"ein","value":"391390638"},"service_code":["11"],"billing_class":"professional","setting":"outpatient","payments":[{"allowed_amount":99.86,"providers":[{"billed_charge":338.00,"npi":[1255440186,1598420218]}]}]}]},{"name":"PH BODY FLUID NOT ELSEWHERE SPECIFIED","billing_code_type":"CPT","billing_code_type_version":"2020","billing_code":"83986","description":"PH BODY FLUID NOT ELSEWHERE SPECIFIED","allowed_amounts":[{"tin":{"type":"ein","value":"474332775"},"service_code":["81"],"billing_class":"professional","setting":"outpatient","payments":[{"allowed_amount":0.00,"providers":[{"billed_charge":25.06,"npi":[1184253197,1285018523]}]}]}]},{"name":"PHYS\/QHP TELEPHONE EVALUATION 5-10 MIN","billing_code_type":"CPT","billing_code_type_version":"2020","billing_code":"99441","description":"PHYS\/QHP TELEPHONE EVALUATION 5-10 MIN","allowed_amounts":[{"tin":{"type":"ein","value":"391765537"},"service_code":["02"],"billing_class":"professional","setting":"outpatient","payments":[{"allowed_amount":33.48,"providers":[{"billed_charge":99.38,"npi":[1326580184,1881634616]}]}]}]},{"name":"PHYSICAL THERAPY","billing_code_type":"RC","billing_code_type_version":"UB04","billing_code":"0420","description":"PHYSICAL THERAPY","allowed_amounts":[{"tin":{"type":"ein","value":"381358898"},"billing_class":"institutional","setting":"inpatient","payments":[{"allowed_amount":93.07,"providers":[{"billed_charge":93.07,"npi":[1164460184,1578504189,1922310887]}]}]},{"tin":{"type":"ein","value":"381358898"},"billing_class":"institutional","setting":"inpatient","payments":[{"allowed_amount":101.13,"providers":[{"billed_charge":101.13,"npi":[1164460184,1578504189,1922310887]}]}]},{"tin":{"type":"ein","value":"381358898"},"billing_class":"institutional","setting":"inpatient","payments":[{"allowed_amount":186.14,"providers":[{"billed_charge":186.14,"npi":[1164460184,1578504189,1922310887]}]}]},{"tin":{"type":"ein","value":"381358898"},"billing_class":"institutional","setting":"inpatient","payments":[{"allowed_amount":321.61,"providers":[{"billed_charge":321.61,"npi":[1164460184,1578504189,1922310887]}]}]},{"tin":{"type":"ein","value":"391326366"},"billing_class":"institutional","setting":"inpatient","payments":[{"allowed_amount":104.12,"providers":[{"billed_charge":104.12,"npi":[1073563417,1093382814,1578110490]}]}]},{"tin":{"type":"ein","value":"391326366"},"billing_class":"institutional","setting":"inpatient","payments":[{"allowed_amount":113.31,"providers":[{"billed_charge":113.31,"npi":[1073563417,1093382814,1578110490]}]}]},{"tin":{"type":"ein","value":"391326366"},"billing_class":"institutional","setting":"inpatient","payments":[{"allowed_amount":146.76,"providers":[{"billed_charge":146.76,"npi":[1073563417,1093382814,1578110490]}]}]},{"tin":{"type":"ein","value":"391326366"},"billing_class":"institutional","setting":"inpatient","payments":[{"allowed_amount":226.62,"providers":[{"billed_charge":226.62,"npi":[1073563417,1093382814,1578110490]}]}]},{"tin":{"type":"ein","value":"396081138"},"billing_class":"institutional","setting":"inpatient","payments":[{"allowed_amount":45.72,"providers":[{"billed_charge":97.90,"npi":[1407916174,1730704420]}]}]},{"tin":{"type":"ein","value":"396081138"},"billing_class":"institutional","setting":"inpatient","payments":[{"allowed_amount":86.30,"providers":[{"billed_charge":184.80,"npi":[1407916174,1730704420]}]}]},{"tin":{"type":"ein","value":"396081138"},"billing_class":"institutional","setting":"inpatient","payments":[{"allowed_amount":91.44,"providers":[{"billed_charge":195.80,"npi":[1407916174,1730704420]}]}]},{"tin":{"type":"ein","value":"396081138"},"billing_class":"institutional","setting":"inpatient","payments":[{"allowed_amount":155.49,"providers":[{"billed_charge":332.96,"npi":[1407916174,1730704420]}]}]}]},{"name":"PRVS TST MATL&EQUIP HM INR MON;Q WK","billing_code_type":"HCPCS","billing_code_type_version":"HCPCS LEVEL II 2021","billing_code":"G0249","description":"PRVS TST MATL&EQUIP HM INR MON;Q WK","allowed_amounts":[{"tin":{"type":"ein","value":"264279439"},"service_code":["49"],"billing_class":"professional","setting":"outpatient","payments":[{"allowed_amount":99.95,"providers":[{"billed_charge":280.00,"npi":[1134671233,1336420140]}]}]}]},{"name":"PSYCHIATRIC DIAGNOSTIC EVAL W\/MEDICAL SERVICES","billing_code_type":"CPT","billing_code_type_version":"2020","billing_code":"90792","description":"PSYCHIATRIC DIAGNOSTIC EVAL W\/MEDICAL SERVICES","allowed_amounts":[{"tin":{"type":"ein","value":"823885673"},"service_code":["11"],"billing_class":"professional","setting":"outpatient","payments":[{"allowed_amount":67.84,"providers":[{"billed_charge":199.27,"npi":[1720595366,1952496119]}]}]}]},{"name":"PSYCHIATRIC\/PSYCHOLOGICAL SVCS: GROUP THERAPY","billing_code_type":"RC","billing_code_type_version":"UB04","billing_code":"0915","description":"PSYCHIATRIC\/PSYCHOLOGICAL SVCS: GROUP THERAPY","allowed_amounts":[{"tin":{"type":"ein","value":"464402043"},"billing_class":"institutional","setting":"inpatient","payments":[{"allowed_amount":167.72,"providers":[{"billed_charge":895.00,"npi":[1265482830,1669889283]}]}]}]},{"name":"PSYCHIATRIC\/PSYCHOLOGICAL SVCS: INDIVIDUAL THERAPY","billing_code_type":"RC","billing_code_type_version":"UB04","billing_code":"0914","description":"PSYCHIATRIC\/PSYCHOLOGICAL SVCS: INDIVIDUAL THERAPY","allowed_amounts":[{"tin":{"type":"ein","value":"464402043"},"billing_class":"institutional","setting":"inpatient","payments":[{"allowed_amount":153.55,"providers":[{"billed_charge":795.00,"npi":[1265482830,1669889283]}]}]},{"tin":{"type":"ein","value":"931720417"},"billing_class":"institutional","setting":"inpatient","payments":[{"allowed_amount":232.96,"providers":[{"billed_charge":1300.00,"npi":[1386658979,1548041924]}]}]},{"tin":{"type":"ein","value":"931720417"},"billing_class":"institutional","setting":"inpatient","payments":[{"allowed_amount":233.09,"providers":[{"billed_charge":1300.00,"npi":[1336224922,1548041924]}]}]}]},{"name":"PSYCHIATRIC\/PSYCHOLOGICAL SVCS: PARTIAL HOSP - INT","billing_code_type":"RC","billing_code_type_version":"UB04","billing_code":"0913","description":"PSYCHIATRIC\/PSYCHOLOGICAL SVCS: PARTIAL HOSP - INT","allowed_amounts":[{"tin":{"type":"ein","value":"464402043"},"billing_class":"institutional","setting":"inpatient","payments":[{"allowed_amount":560.00,"providers":[{"billed_charge":2800.00,"npi":[1265482830,1669889283]}]}]},{"tin":{"type":"ein","value":"464402043"},"billing_class":"institutional","setting":"inpatient","payments":[{"allowed_amount":0.00,"providers":[{"billed_charge":2800.00,"npi":[1265482830,1669889283]}]}]},{"tin":{"type":"ein","value":"464402043"},"billing_class":"institutional","setting":"inpatient","payments":[{"allowed_amount":2240.00,"providers":[{"billed_charge":2800.00,"npi":[1265482830,1669889283]}]}]},{"tin":{"type":"ein","value":"932137573"},"billing_class":"institutional","setting":"inpatient","payments":[{"allowed_amount":459.73,"providers":[{"billed_charge":4500.00,"npi":[1184253197,1184402968]}]}]}]},{"name":"PSYCHIATRIC\/PSYCHOLOGICAL TRT","billing_code_type":"RC","billing_code_type_version":"UB04","billing_code":"0900","description":"PSYCHIATRIC\/PSYCHOLOGICAL TRT","allowed_amounts":[{"tin":{"type":"ein","value":"931720417"},"billing_class":"institutional","setting":"inpatient","payments":[{"allowed_amount":232.96,"providers":[{"billed_charge":1300.00,"npi":[1386658979,1548041924]}]}]}]},{"name":"PSYCHIATRIC\/PSYCHOLOGICAL TRT: INTENSIVE OUT SERV","billing_code_type":"RC","billing_code_type_version":"UB04","billing_code":"0906","description":"PSYCHIATRIC\/PSYCHOLOGICAL TRT: INTENSIVE OUT SERV","allowed_amounts":[{"tin":{"type":"ein","value":"464402043"},"billing_class":"institutional","setting":"inpatient","payments":[{"allowed_amount":0.00,"providers":[{"billed_charge":2000.00,"npi":[1265482830,1669889283]}]}]},{"tin":{"type":"ein","value":"464402043"},"billing_class":"institutional","setting":"inpatient","payments":[{"allowed_amount":212.36,"providers":[{"billed_charge":2000.00,"npi":[1265482830,1669889283]}]}]},{"tin":{"type":"ein","value":"464402043"},"billing_class":"institutional","setting":"inpatient","payments":[{"allowed_amount":300.00,"providers":[{"billed_charge":2000.00,"npi":[1265482830,1669889283]}]}]},{"tin":{"type":"ein","value":"464402043"},"billing_class":"institutional","setting":"inpatient","payments":[{"allowed_amount":849.44,"providers":[{"billed_charge":2000.00,"npi":[1265482830,1669889283]}]}]},{"tin":{"type":"ein","value":"464402043"},"billing_class":"institutional","setting":"inpatient","payments":[{"allowed_amount":900.00,"providers":[{"billed_charge":2000.00,"npi":[1265482830,1669889283]}]}]},{"tin":{"type":"ein","value":"464402043"},"billing_class":"institutional","setting":"inpatient","payments":[{"allowed_amount":1200.00,"providers":[{"billed_charge":2000.00,"npi":[1265482830,1669889283]}]}]},{"tin":{"type":"ein","value":"932137573"},"billing_class":"institutional","setting":"inpatient","payments":[{"allowed_amount":211.45,"providers":[{"billed_charge":3800.00,"npi":[1184253197,1184402968]}]}]}]},{"name":"PSYCHIATRIC\/PSYCHOLOGICAL TRT: INTENSIVE OUTPATIEN","billing_code_type":"RC","billing_code_type_version":"UB04","billing_code":"0905","description":"PSYCHIATRIC\/PSYCHOLOGICAL TRT: INTENSIVE OUTPATIEN","allowed_amounts":[{"tin":{"type":"ein","value":"994508447"},"billing_class":"institutional","setting":"inpatient","payments":[{"allowed_amount":366.25,"providers":[{"billed_charge":2950.00,"npi":[1710709639]}]}]}]},{"name":"PSYCHOTHERAPY W\/PATIENT 60 MINUTES","billing_code_type":"CPT","billing_code_type_version":"2020","billing_code":"90837","description":"PSYCHOTHERAPY W\/PATIENT 60 MINUTES","allowed_amounts":[{"tin":{"type":"ein","value":"871533611"},"service_code":["11"],"billing_class":"professional","setting":"outpatient","payments":[{"allowed_amount":146.52,"providers":[{"billed_charge":250.00,"npi":[1932535168]}]}]}]},{"name":"PSYCHOTHERAPY W\/PATIENT W\/E&M SRVCS 30 MIN","billing_code_type":"CPT","billing_code_type_version":"2020","billing_code":"90833","description":"PSYCHOTHERAPY W\/PATIENT W\/E&M SRVCS 30 MIN","allowed_amounts":[{"tin":{"type":"ein","value":"823885673"},"service_code":["11"],"billing_class":"professional","setting":"outpatient","payments":[{"allowed_amount":25.50,"providers":[{"billed_charge":77.26,"npi":[1720595366,1952496119]}]}]}]},{"name":"RADEX SPINE 1 VIEW SPECIFY LEVEL","billing_code_type":"CPT","billing_code_type_version":"2020","billing_code":"72020","description":"RADEX SPINE 1 VIEW SPECIFY LEVEL","allowed_amounts":[{"tin":{"type":"ein","value":"814727837"},"service_code":["11"],"billing_class":"professional","setting":"outpatient","payments":[{"allowed_amount":23.66,"providers":[{"billed_charge":50.00,"npi":[1699076299,1770020810]}]}]}]},{"name":"RADIOLOGY - DIAGNOSTIC: CHEST X-RAY","billing_code_type":"RC","billing_code_type_version":"UB04","billing_code":"0324","description":"RADIOLOGY - DIAGNOSTIC: CHEST X-RAY","allowed_amounts":[{"tin":{"type":"ein","value":"851919095"},"billing_class":"institutional","setting":"inpatient","payments":[{"allowed_amount":0.00,"providers":[{"billed_charge":1198.00,"npi":[1316617707]}]}]}]},{"name":"REMOVAL OF IMPACTED TOOTH - COMPLETELY BONY","billing_code_type":"HCPCS","billing_code_type_version":"HCPCS LEVEL II 2021","billing_code":"D7240","description":"REMOVAL OF IMPACTED TOOTH - COMPLETELY BONY","allowed_amounts":[{"tin":{"type":"ein","value":"391193991"},"service_code":["11"],"billing_class":"professional","setting":"outpatient","payments":[{"allowed_amount":196.15,"providers":[{"billed_charge":841.00,"npi":[1083805501,1578874426,1588183404,1861525289]}]}]},{"tin":{"type":"ein","value":"391825887"},"service_code":["11"],"billing_class":"professional","setting":"outpatient","payments":[{"allowed_amount":196.15,"providers":[{"billed_charge":650.00,"npi":[1205804663,1609496595]}]}]}]},{"name":"REMOVAL OF IMPACTED TOOTH - PARTIALLY BONY","billing_code_type":"HCPCS","billing_code_type_version":"HCPCS LEVEL II 2021","billing_code":"D7230","description":"REMOVAL OF IMPACTED TOOTH - PARTIALLY BONY","allowed_amounts":[{"tin":{"type":"ein","value":"391193991"},"service_code":["11"],"billing_class":"professional","setting":"outpatient","payments":[{"allowed_amount":164.01,"providers":[{"billed_charge":715.00,"npi":[1083805501,1336599935,1578874426,1861525289]}]}]},{"tin":{"type":"ein","value":"990732882"},"service_code":["11"],"billing_class":"professional","setting":"outpatient","payments":[{"allowed_amount":164.01,"providers":[{"billed_charge":580.00,"npi":[1396001483,1609634351]}]}]}]},{"name":"REMOVAL OF IMPACTED TOOTH - SOFT TISSUE","billing_code_type":"HCPCS","billing_code_type_version":"HCPCS LEVEL II 2021","billing_code":"D7220","description":"REMOVAL OF IMPACTED TOOTH - SOFT TISSUE","allowed_amounts":[{"tin":{"type":"ein","value":"391193991"},"service_code":["11"],"billing_class":"professional","setting":"outpatient","payments":[{"allowed_amount":125.27,"providers":[{"billed_charge":539.00,"npi":[1083805501,1336599935,1588183404,1861525289]}]}]}]},{"name":"REMOVAL OF RESIDUAL TOOTH ROOTS","billing_code_type":"HCPCS","billing_code_type_version":"HCPCS LEVEL II 2021","billing_code":"D7250","description":"REMOVAL OF RESIDUAL TOOTH ROOTS","allowed_amounts":[{"tin":{"type":"ein","value":"391252499"},"service_code":["11"],"billing_class":"professional","setting":"outpatient","payments":[{"allowed_amount":108.54,"providers":[{"billed_charge":411.00,"npi":[1013098698,1326420696,1427270776]}]}]}]},{"name":"RESIDENTIAL TREATMENT-CHEMICAL DEPENDENCY","billing_code_type":"RC","billing_code_type_version":"UB04","billing_code":"1002","description":"RESIDENTIAL TREATMENT-CHEMICAL DEPENDENCY","allowed_amounts":[{"tin":{"type":"ein","value":"850942534"},"billing_class":"institutional","setting":"inpatient","payments":[{"allowed_amount":1722.09,"providers":[{"billed_charge":5125.00,"npi":[1609808138,1770159105]}]}]}]},{"name":"ROTARY WING AIR MILEAGE-STATUT MILE","billing_code_type":"HCPCS","billing_code_type_version":"HCPCS LEVEL II 2021","billing_code":"A0436","description":"ROTARY WING AIR MILEAGE-STATUT MILE","allowed_amounts":[{"tin":{"type":"ein","value":"411518013"},"service_code":["42"],"billing_class":"professional","setting":"outpatient","payments":[{"allowed_amount":13231.38,"providers":[{"billed_charge":43260.00,"npi":[1518964337]}]}]}]},{"name":"ROTARY WING AIR TRANSPORT","billing_code_type":"HCPCS","billing_code_type_version":"HCPCS LEVEL II 2021","billing_code":"A0431","description":"ROTARY WING AIR TRANSPORT","allowed_amounts":[{"tin":{"type":"ein","value":"411518013"},"service_code":["42"],"billing_class":"professional","setting":"outpatient","payments":[{"allowed_amount":20100.99,"providers":[{"billed_charge":31697.00,"npi":[1518964337]}]}]}]},{"name":"SBSQ HOSPITAL IP\/OBS CARE MOD MDM 35 MINUTES","billing_code_type":"CPT","billing_code_type_version":"2020","billing_code":"99232","description":"SBSQ HOSPITAL IP\/OBS CARE MOD MDM 35 MINUTES","allowed_amounts":[{"tin":{"type":"ein","value":"352285106"},"service_code":["21"],"billing_class":"professional","setting":"inpatient","payments":[{"allowed_amount":76.00,"providers":[{"billed_charge":398.00,"npi":[1639581903,1649437765,1831517606]}]}]},{"tin":{"type":"ein","value":"823885673"},"service_code":["21"],"billing_class":"professional","setting":"inpatient","payments":[{"allowed_amount":155.17,"providers":[{"billed_charge":198.00,"npi":[1720595366,1831878628,1881034627]}]}]},{"tin":{"type":"ein","value":"823885673"},"service_code":["21"],"billing_class":"professional","setting":"inpatient","payments":[{"allowed_amount":162.41,"providers":[{"billed_charge":198.00,"npi":[1659518199,1720595366,1831878628]}]}]}]},{"name":"SCREENING TEST PURE TONE AIR ONLY","billing_code_type":"CPT","billing_code_type_version":"2020","billing_code":"92551","description":"SCREENING TEST PURE TONE AIR ONLY","allowed_amounts":[{"tin":{"type":"ein","value":"391390638"},"service_code":["11"],"billing_class":"professional","setting":"outpatient","payments":[{"allowed_amount":11.37,"providers":[{"billed_charge":58.00,"npi":[1255440186,1598420218]}]}]}]},{"name":"SIMPLE REPAIR SCALP\/NECK\/AX\/GENIT\/TRUNK 2.5CM\/<","billing_code_type":"CPT","billing_code_type_version":"2020","billing_code":"12001","description":"SIMPLE REPAIR SCALP\/NECK\/AX\/GENIT\/TRUNK 2.5CM\/<","allowed_amounts":[{"tin":{"type":"ein","value":"932543044"},"service_code":["23"],"billing_class":"professional","setting":"outpatient","payments":[{"allowed_amount":408.00,"providers":[{"billed_charge":408.00,"npi":[1750815643,1821779695]}]}]}]},{"name":"TELEMEDICINE","billing_code_type":"RC","billing_code_type_version":"UB04","billing_code":"0780","description":"TELEMEDICINE","allowed_amounts":[{"tin":{"type":"ein","value":"381358898"},"billing_class":"institutional","setting":"inpatient","payments":[{"allowed_amount":93.06,"providers":[{"billed_charge":93.06,"npi":[1164460184,1437482197]}]}]},{"tin":{"type":"ein","value":"391765537"},"billing_class":"institutional","setting":"inpatient","payments":[{"allowed_amount":81.54,"providers":[{"billed_charge":81.54,"npi":[1326580184,1881634616]}]}]}]},{"name":"THERAPEUTIC PX 1\/> AREAS EACH 15 MIN EXERCISES","billing_code_type":"CPT","billing_code_type_version":"2020","billing_code":"97110","description":"THERAPEUTIC PX 1\/> AREAS EACH 15 MIN EXERCISES","allowed_amounts":[{"tin":{"type":"ein","value":"262354349"},"service_code":["11"],"billing_class":"professional","setting":"outpatient","payments":[{"allowed_amount":95.88,"providers":[{"billed_charge":260.00,"npi":[1114283157,1386016384]}]}]}]},{"name":"TRIIODOTHYRONINE T3 REVERSE","billing_code_type":"CPT","billing_code_type_version":"2020","billing_code":"84482","description":"TRIIODOTHYRONINE T3 REVERSE","allowed_amounts":[{"tin":{"type":"ein","value":"853680876"},"service_code":["11"],"billing_class":"professional","setting":"outpatient","payments":[{"allowed_amount":7.78,"providers":[{"billed_charge":16.00,"npi":[1093972754]}]}]}]},{"name":"UNLISTED MOLECULAR PATHOLOGY PROCEDURE","billing_code_type":"CPT","billing_code_type_version":"2020","billing_code":"81479","description":"UNLISTED MOLECULAR PATHOLOGY PROCEDURE","allowed_amounts":[{"tin":{"type":"ein","value":"275411038"},"service_code":["81"],"billing_class":"professional","setting":"outpatient","payments":[{"allowed_amount":1662.50,"providers":[{"billed_charge":4750.00,"npi":[1003232158,1083069470]}]}]}]}]}
