{"reporting_entity_name": "IEC Group_DBA AmeriBen",
	"reporting_entity_type": "Third Party Administrator",
	"plan_name": "SPECTRIS",
	"issuer_name": "IEC Group_DBA AmeriBen",
	"plan_sponsor_name": "SPECTRIS",
	"plan_id_type": "ein",
	"plan_id": "510363173",
	"plan_market_type": "group",
	"last_updated_on": "2026-02-01","reporting_period": {
		"start_date": "2025-08-05",
		"end_date": "2025-11-03"
	},"version": "2.0.0","out_of_network":[{"name":"1ST HOSPITAL IP\/OBS CARE HIGH MDM 75 MINUTES","billing_code_type":"CPT","billing_code_type_version":"2020","billing_code":"99223","description":"1ST HOSPITAL IP\/OBS CARE HIGH MDM 75 MINUTES","allowed_amounts":[{"tin":{"type":"ein","value":"821508027"},"service_code":["21"],"billing_class":"professional","setting":"inpatient","payments":[{"allowed_amount":218.90,"providers":[{"billed_charge":600.00,"npi":[1124544986,1417089350,1982752465]}]}]}]},{"name":"1ST HOSPITAL IP\/OBS CARE MODERATE MDM 55 MINUTES","billing_code_type":"CPT","billing_code_type_version":"2020","billing_code":"99222","description":"1ST HOSPITAL IP\/OBS CARE MODERATE MDM 55 MINUTES","allowed_amounts":[{"tin":{"type":"ein","value":"822994185"},"service_code":["61"],"billing_class":"professional","setting":"inpatient","payments":[{"allowed_amount":119.41,"providers":[{"billed_charge":420.00,"npi":[1558059428,1861986465,1942596168]}]}]}]},{"name":"25 HYDROXY INCLUDES FRACTIONS IF PERFORMED","billing_code_type":"CPT","billing_code_type_version":"2020","billing_code":"82306","description":"25 HYDROXY INCLUDES FRACTIONS IF PERFORMED","allowed_amounts":[{"tin":{"type":"ein","value":"352539778"},"service_code":["81"],"billing_class":"professional","setting":"outpatient","payments":[{"allowed_amount":10.90,"providers":[{"billed_charge":37.00,"npi":[1003919069,1972971265]}]}]}]},{"name":"3D RENDERING W\/INTERP&POSTPROC DIFF WORK STATION","billing_code_type":"CPT","billing_code_type_version":"2020","billing_code":"76377","description":"3D RENDERING W\/INTERP&POSTPROC DIFF WORK STATION","allowed_amounts":[{"tin":{"type":"ein","value":"932783318"},"service_code":["11"],"billing_class":"professional","setting":"outpatient","payments":[{"allowed_amount":40.00,"providers":[{"billed_charge":40.00,"npi":[1164095360,1346917192]}]}]}]},{"name":"ACOUSTIC IMMIT TEST TYMPANOM\/ACOUST REFLX\/DECAY","billing_code_type":"CPT","billing_code_type_version":"2020","billing_code":"92570","description":"ACOUSTIC IMMIT TEST TYMPANOM\/ACOUST REFLX\/DECAY","allowed_amounts":[{"tin":{"type":"ein","value":"611751378"},"service_code":["11"],"billing_class":"professional","setting":"outpatient","payments":[{"allowed_amount":28.43,"providers":[{"billed_charge":55.00,"npi":[1518359850,1942379755]}]}]}]},{"name":"ALCOHOL AND\/OR DRUG ASSESS","billing_code_type":"HCPCS","billing_code_type_version":"HCPCS LEVEL II 2021","billing_code":"H0001","description":"ALCOHOL AND\/OR DRUG ASSESS","allowed_amounts":[{"tin":{"type":"ein","value":"934117803"},"billing_class":"institutional","setting":"inpatient","payments":[{"allowed_amount":139.44,"providers":[{"billed_charge":3850.00,"npi":[1538977707]}]}]}]},{"name":"ALPHA-FETOPROTEIN SERUM","billing_code_type":"CPT","billing_code_type_version":"2020","billing_code":"82105","description":"ALPHA-FETOPROTEIN SERUM","allowed_amounts":[{"tin":{"type":"ein","value":"133757370"},"service_code":["81"],"billing_class":"professional","setting":"outpatient","payments":[{"allowed_amount":11.74,"providers":[{"billed_charge":103.95,"npi":[1649775529,1750368700]}]}]}]},{"name":"AMB SERVICE BLS EMERGENCY TRANSPORT","billing_code_type":"HCPCS","billing_code_type_version":"HCPCS LEVEL II 2021","billing_code":"A0429","description":"AMB SERVICE BLS EMERGENCY TRANSPORT","allowed_amounts":[{"tin":{"type":"ein","value":"166002545"},"service_code":["41"],"billing_class":"professional","setting":"outpatient","payments":[{"allowed_amount":950.00,"providers":[{"billed_charge":950.00,"npi":[1962669655]}]}]},{"tin":{"type":"ein","value":"201120657"},"service_code":["41"],"billing_class":"professional","setting":"outpatient","payments":[{"allowed_amount":1050.00,"providers":[{"billed_charge":1050.00,"npi":[1740263185]}]}]},{"tin":{"type":"ein","value":"436002546"},"service_code":["41"],"billing_class":"professional","setting":"outpatient","payments":[{"allowed_amount":386.75,"providers":[{"billed_charge":875.00,"npi":[1740268341]}]}]},{"tin":{"type":"ein","value":"596000319"},"service_code":["41"],"billing_class":"professional","setting":"outpatient","payments":[{"allowed_amount":454.66,"providers":[{"billed_charge":950.00,"npi":[1649281924]}]}]}]},{"name":"AMB SERVICE BLS NONEMERG TRANSPORT","billing_code_type":"HCPCS","billing_code_type_version":"HCPCS LEVEL II 2021","billing_code":"A0428","description":"AMB SERVICE BLS NONEMERG TRANSPORT","allowed_amounts":[{"tin":{"type":"ein","value":"841231591"},"service_code":["41"],"billing_class":"professional","setting":"outpatient","payments":[{"allowed_amount":1849.26,"providers":[{"billed_charge":1849.26,"npi":[1831865708]}]}]}]},{"name":"AMB SRVC ALS EMERG TRANSPORT LEVL 1","billing_code_type":"HCPCS","billing_code_type_version":"HCPCS LEVEL II 2021","billing_code":"A0427","description":"AMB SRVC ALS EMERG TRANSPORT LEVL 1","allowed_amounts":[{"tin":{"type":"ein","value":"591039552"},"service_code":["41"],"billing_class":"professional","setting":"outpatient","payments":[{"allowed_amount":539.91,"providers":[{"billed_charge":650.00,"npi":[1962414946]}]}]},{"tin":{"type":"ein","value":"770324739"},"service_code":["41"],"billing_class":"professional","setting":"outpatient","payments":[{"allowed_amount":3105.00,"providers":[{"billed_charge":4606.19,"npi":[1386678605]}]}]}]},{"name":"AMBULANCE RSPN&TREATMENT NO TRNSPRT","billing_code_type":"HCPCS","billing_code_type_version":"HCPCS LEVEL II 2021","billing_code":"A0998","description":"AMBULANCE RSPN&TREATMENT NO TRNSPRT","allowed_amounts":[{"tin":{"type":"ein","value":"383716596"},"service_code":["41"],"billing_class":"professional","setting":"outpatient","payments":[{"allowed_amount":501.13,"providers":[{"billed_charge":800.00,"npi":[1720046188]}]}]}]},{"name":"ANES PERQ IMG NJX DRG\/ASPIR PX SPI\/SP LMBR\/SAC","billing_code_type":"CPT","billing_code_type_version":"2020","billing_code":"01938","description":"ANES PERQ IMG NJX DRG\/ASPIR PX SPI\/SP LMBR\/SAC","allowed_amounts":[{"tin":{"type":"ein","value":"455344107"},"service_code":["22"],"billing_class":"professional","setting":"outpatient","payments":[{"allowed_amount":140.28,"providers":[{"billed_charge":1981.00,"npi":[1134465560,1740633593]}]}]}]},{"name":"ANESTHESIA","billing_code_type":"RC","billing_code_type_version":"UB04","billing_code":"0370","description":"ANESTHESIA","allowed_amounts":[{"tin":{"type":"ein","value":"221773439"},"billing_class":"institutional","setting":"inpatient","payments":[{"allowed_amount":3085.00,"providers":[{"billed_charge":15995.00,"npi":[1386746592,1730405762]}]}]}]},{"name":"ANESTHESIA COMBINED UPPER&LOWER GI ENDOSCOPIC PX","billing_code_type":"CPT","billing_code_type_version":"2020","billing_code":"00813","description":"ANESTHESIA COMBINED UPPER&LOWER GI ENDOSCOPIC PX","allowed_amounts":[{"tin":{"type":"ein","value":"273311857"},"service_code":["24"],"billing_class":"professional","setting":"outpatient","payments":[{"allowed_amount":402.34,"providers":[{"billed_charge":1800.00,"npi":[1407045933,1578049292,1710321328,1750547030]}]}]}]},{"name":"ANESTHESIA LOWER INTST ENDOSCOPIC PX NOS","billing_code_type":"CPT","billing_code_type_version":"2020","billing_code":"00811","description":"ANESTHESIA LOWER INTST ENDOSCOPIC PX NOS","allowed_amounts":[{"tin":{"type":"ein","value":"274283504"},"service_code":["24"],"billing_class":"professional","setting":"outpatient","payments":[{"allowed_amount":0.00,"providers":[{"billed_charge":6965.00,"npi":[1316383599,1619098712,1679740419]}]}]},{"tin":{"type":"ein","value":"994917766"},"service_code":["24"],"billing_class":"professional","setting":"outpatient","payments":[{"allowed_amount":0.00,"providers":[{"billed_charge":1620.00,"npi":[1629320742,1780006973,1841685781,1902624422]}]}]}]},{"name":"APPL MODALITY 1+ AREAS ESTIM EA 15 MIN","billing_code_type":"CPT","billing_code_type_version":"2020","billing_code":"97032","description":"APPL MODALITY 1+ AREAS ESTIM EA 15 MIN","allowed_amounts":[{"tin":{"type":"ein","value":"680040496"},"service_code":["11"],"billing_class":"professional","setting":"outpatient","payments":[{"allowed_amount":0.00,"providers":[{"billed_charge":20.00,"npi":[1750565123,1790702496]}]}]},{"tin":{"type":"ein","value":"871620263"},"service_code":["11"],"billing_class":"professional","setting":"outpatient","payments":[{"allowed_amount":0.00,"providers":[{"billed_charge":100.00,"npi":[1588255095]}]}]}]},{"name":"APPL MODALITY 1\/> AREAS ELEC STIMJ UNATTENDED","billing_code_type":"CPT","billing_code_type_version":"2020","billing_code":"97014","description":"APPL MODALITY 1\/> AREAS ELEC STIMJ UNATTENDED","allowed_amounts":[{"tin":{"type":"ein","value":"463378920"},"service_code":["11"],"billing_class":"professional","setting":"outpatient","payments":[{"allowed_amount":0.00,"providers":[{"billed_charge":125.00,"npi":[1780472357]}]}]}]},{"name":"APPL MODALITY 1\/> AREAS TRACTION MECHANICAL","billing_code_type":"CPT","billing_code_type_version":"2020","billing_code":"97012","description":"APPL MODALITY 1\/> AREAS TRACTION MECHANICAL","allowed_amounts":[{"tin":{"type":"ein","value":"463378920"},"service_code":["11"],"billing_class":"professional","setting":"outpatient","payments":[{"allowed_amount":0.00,"providers":[{"billed_charge":125.00,"npi":[1780472357]}]}]},{"tin":{"type":"ein","value":"871620263"},"service_code":["11"],"billing_class":"professional","setting":"outpatient","payments":[{"allowed_amount":0.00,"providers":[{"billed_charge":100.00,"npi":[1588255095]}]}]},{"tin":{"type":"ein","value":"901021784"},"service_code":["11"],"billing_class":"professional","setting":"outpatient","payments":[{"allowed_amount":41.00,"providers":[{"billed_charge":200.00,"npi":[1558393165]}]}]}]},{"name":"ASSAY OF TESTOSTERONE TOTAL","billing_code_type":"CPT","billing_code_type_version":"2020","billing_code":"84403","description":"ASSAY OF TESTOSTERONE TOTAL","allowed_amounts":[{"tin":{"type":"ein","value":"810576059"},"service_code":["81"],"billing_class":"professional","setting":"outpatient","payments":[{"allowed_amount":64.94,"providers":[{"billed_charge":108.24,"npi":[1235186800,1669129441]}]}]}]},{"name":"ASSAY OF THYROID STIMULATING HORMONE TSH","billing_code_type":"CPT","billing_code_type_version":"2020","billing_code":"84443","description":"ASSAY OF THYROID STIMULATING HORMONE TSH","allowed_amounts":[{"tin":{"type":"ein","value":"133757370"},"service_code":["81"],"billing_class":"professional","setting":"outpatient","payments":[{"allowed_amount":11.76,"providers":[{"billed_charge":98.70,"npi":[1649775529,1750368700]}]}]},{"tin":{"type":"ein","value":"800564919"},"service_code":["23"],"billing_class":"professional","setting":"outpatient","payments":[{"allowed_amount":0.00,"providers":[{"billed_charge":61.00,"npi":[1205850310,1790749935,1942526298]}]}]}]},{"name":"ASSAY OF TOTAL ESTRADIOL","billing_code_type":"CPT","billing_code_type_version":"2020","billing_code":"82670","description":"ASSAY OF TOTAL ESTRADIOL","allowed_amounts":[{"tin":{"type":"ein","value":"810576059"},"service_code":["81"],"billing_class":"professional","setting":"outpatient","payments":[{"allowed_amount":70.27,"providers":[{"billed_charge":117.12,"npi":[1235186800,1669129441]}]}]}]},{"name":"BLOOD COUNT COMPLETE AUTOMATED","billing_code_type":"CPT","billing_code_type_version":"2020","billing_code":"85027","description":"BLOOD COUNT COMPLETE AUTOMATED","allowed_amounts":[{"tin":{"type":"ein","value":"800564919"},"service_code":["23"],"billing_class":"professional","setting":"outpatient","payments":[{"allowed_amount":0.00,"providers":[{"billed_charge":27.00,"npi":[1205850310,1790749935,1942526298]}]}]}]},{"name":"BLOOD OCCULT FECAL HGB DETER IA QUAL FECES 1-3","billing_code_type":"CPT","billing_code_type_version":"2020","billing_code":"82274","description":"BLOOD OCCULT FECAL HGB DETER IA QUAL FECES 1-3","allowed_amounts":[{"tin":{"type":"ein","value":"930798039"},"service_code":["11"],"billing_class":"professional","setting":"outpatient","payments":[{"allowed_amount":9.47,"providers":[{"billed_charge":88.00,"npi":[1245382753,1477870715]}]}]}]},{"name":"BODY MASS INDEX DOCUMENTED","billing_code_type":"CPT","billing_code_type_version":"2020","billing_code":"3008F","description":"BODY MASS INDEX DOCUMENTED","allowed_amounts":[{"tin":{"type":"ein","value":"141628237"},"service_code":["11"],"billing_class":"professional","setting":"outpatient","payments":[{"allowed_amount":0.00,"providers":[{"billed_charge":0.01,"npi":[1013928159,1467896480]}]}]}]},{"name":"CFTR GENE ANALYSIS COMMON VARIANTS","billing_code_type":"CPT","billing_code_type_version":"2020","billing_code":"81220","description":"CFTR GENE ANALYSIS COMMON VARIANTS","allowed_amounts":[{"tin":{"type":"ein","value":"743238060"},"service_code":["81"],"billing_class":"professional","setting":"outpatient","payments":[{"allowed_amount":189.24,"providers":[{"billed_charge":3114.00,"npi":[1346479169,1992800478]}]}]}]},{"name":"CHIROPRACTIC MANIPLTV TX EXTRASPINAL 1\/> REGION","billing_code_type":"CPT","billing_code_type_version":"2020","billing_code":"98943","description":"CHIROPRACTIC MANIPLTV TX EXTRASPINAL 1\/> REGION","allowed_amounts":[{"tin":{"type":"ein","value":"871620263"},"service_code":["11"],"billing_class":"professional","setting":"outpatient","payments":[{"allowed_amount":0.00,"providers":[{"billed_charge":200.00,"npi":[1588255095]}]}]}]},{"name":"CHIROPRACTIC MANIPULATIVE TX SPINAL 1-2 REGIONS","billing_code_type":"CPT","billing_code_type_version":"2020","billing_code":"98940","description":"CHIROPRACTIC MANIPULATIVE TX SPINAL 1-2 REGIONS","allowed_amounts":[{"tin":{"type":"ein","value":"463378920"},"service_code":["11"],"billing_class":"professional","setting":"outpatient","payments":[{"allowed_amount":0.00,"providers":[{"billed_charge":125.00,"npi":[1780472357]}]}]},{"tin":{"type":"ein","value":"463378920"},"service_code":["11"],"billing_class":"professional","setting":"outpatient","payments":[{"allowed_amount":41.00,"providers":[{"billed_charge":125.00,"npi":[1780472357]}]}]},{"tin":{"type":"ein","value":"841199892"},"service_code":["11"],"billing_class":"professional","setting":"outpatient","payments":[{"allowed_amount":41.00,"providers":[{"billed_charge":75.00,"npi":[1225103385,1225331689]}]}]},{"tin":{"type":"ein","value":"871620263"},"service_code":["11"],"billing_class":"professional","setting":"outpatient","payments":[{"allowed_amount":0.00,"providers":[{"billed_charge":250.00,"npi":[1588255095]}]}]},{"tin":{"type":"ein","value":"901021784"},"service_code":["11"],"billing_class":"professional","setting":"outpatient","payments":[{"allowed_amount":0.00,"providers":[{"billed_charge":200.00,"npi":[1558393165]}]}]},{"tin":{"type":"ein","value":"901021784"},"service_code":["11"],"billing_class":"professional","setting":"outpatient","payments":[{"allowed_amount":41.00,"providers":[{"billed_charge":200.00,"npi":[1558393165]}]}]}]},{"name":"CHIROPRACTIC MANIPULATIVE TX SPINAL 3-4 REGIONS","billing_code_type":"CPT","billing_code_type_version":"2020","billing_code":"98941","description":"CHIROPRACTIC MANIPULATIVE TX SPINAL 3-4 REGIONS","allowed_amounts":[{"tin":{"type":"ein","value":"680040496"},"service_code":["11"],"billing_class":"professional","setting":"outpatient","payments":[{"allowed_amount":0.00,"providers":[{"billed_charge":65.00,"npi":[1750565123,1790702496]}]}]},{"tin":{"type":"ein","value":"680040496"},"service_code":["11"],"billing_class":"professional","setting":"outpatient","payments":[{"allowed_amount":41.00,"providers":[{"billed_charge":65.00,"npi":[1750565123,1790702496]}]}]},{"tin":{"type":"ein","value":"815234049"},"service_code":["11"],"billing_class":"professional","setting":"outpatient","payments":[{"allowed_amount":41.00,"providers":[{"billed_charge":85.00,"npi":[1427535525,1437350949]}]}]}]},{"name":"CHIROPRACTIC MANIPULATIVE TX SPINAL 5 REGIONS","billing_code_type":"CPT","billing_code_type_version":"2020","billing_code":"98942","description":"CHIROPRACTIC MANIPULATIVE TX SPINAL 5 REGIONS","allowed_amounts":[{"tin":{"type":"ein","value":"743200436"},"service_code":["11"],"billing_class":"professional","setting":"outpatient","payments":[{"allowed_amount":41.00,"providers":[{"billed_charge":60.00,"npi":[1013039346]}]}]}]},{"name":"CLTX RDL HEAD SUBLXTJ CHLD NURSEMAID ELBW W\/MANJ","billing_code_type":"CPT","billing_code_type_version":"2020","billing_code":"24640","description":"CLTX RDL HEAD SUBLXTJ CHLD NURSEMAID ELBW W\/MANJ","allowed_amounts":[{"tin":{"type":"ein","value":"873768007"},"service_code":["23"],"billing_class":"professional","setting":"outpatient","payments":[{"allowed_amount":0.00,"providers":[{"billed_charge":525.00,"npi":[1447910229,1972765253]}]}]}]},{"name":"COLLECTION & APPLIC AUTO BLOOD CONCENTRATE PROD","billing_code_type":"HCPCS","billing_code_type_version":"HCPCS LEVEL II 2021","billing_code":"D7921","description":"COLLECTION & APPLIC AUTO BLOOD CONCENTRATE PROD","allowed_amounts":[{"tin":{"type":"ein","value":"932783318"},"service_code":["11"],"billing_class":"professional","setting":"outpatient","payments":[{"allowed_amount":1132.00,"providers":[{"billed_charge":1132.00,"npi":[1346917192,1578919726]}]}]}]},{"name":"COLLECTION VENOUS BLOOD VENIPUNCTURE","billing_code_type":"CPT","billing_code_type_version":"2020","billing_code":"36415","description":"COLLECTION VENOUS BLOOD VENIPUNCTURE","allowed_amounts":[{"tin":{"type":"ein","value":"372101937"},"billing_class":"institutional","setting":"inpatient","payments":[{"allowed_amount":0.00,"providers":[{"billed_charge":23.00,"npi":[1023190733,1962109033]}]}]},{"tin":{"type":"ein","value":"372101937"},"billing_class":"institutional","setting":"inpatient","payments":[{"allowed_amount":11.62,"providers":[{"billed_charge":25.00,"npi":[1023190733,1093984437,1962109033]}]}]},{"tin":{"type":"ein","value":"372101937"},"billing_class":"institutional","setting":"inpatient","payments":[{"allowed_amount":182.91,"providers":[{"billed_charge":25.00,"npi":[1023190733,1962109033]}]}]},{"tin":{"type":"ein","value":"710897031"},"service_code":["81"],"billing_class":"professional","setting":"outpatient","payments":[{"allowed_amount":7.95,"providers":[{"billed_charge":36.40,"npi":[1164561155,1932145778]}]}]}]},{"name":"COMPRE AUDIOMETRY THRESHOLD EVAL SP RECOGNIJ","billing_code_type":"CPT","billing_code_type_version":"2020","billing_code":"92557","description":"COMPRE AUDIOMETRY THRESHOLD EVAL SP RECOGNIJ","allowed_amounts":[{"tin":{"type":"ein","value":"611751378"},"service_code":["11"],"billing_class":"professional","setting":"outpatient","payments":[{"allowed_amount":41.36,"providers":[{"billed_charge":80.00,"npi":[1518359850,1942379755]}]}]}]},{"name":"COMPREHENSIVE METABOLIC PANEL","billing_code_type":"CPT","billing_code_type_version":"2020","billing_code":"80053","description":"COMPREHENSIVE METABOLIC PANEL","allowed_amounts":[{"tin":{"type":"ein","value":"710897031"},"service_code":["81"],"billing_class":"professional","setting":"outpatient","payments":[{"allowed_amount":9.50,"providers":[{"billed_charge":100.75,"npi":[1164561155,1932145778]}]}]},{"tin":{"type":"ein","value":"800564919"},"service_code":["23"],"billing_class":"professional","setting":"outpatient","payments":[{"allowed_amount":0.00,"providers":[{"billed_charge":37.00,"npi":[1205850310,1790749935,1942526298]}]}]}]},{"name":"CRITICAL CARE ILL\/INJURED PATIENT INIT 30-74 MIN","billing_code_type":"CPT","billing_code_type_version":"2020","billing_code":"99291","description":"CRITICAL CARE ILL\/INJURED PATIENT INIT 30-74 MIN","allowed_amounts":[{"tin":{"type":"ein","value":"274096788"},"service_code":["23"],"billing_class":"professional","setting":"outpatient","payments":[{"allowed_amount":400.12,"providers":[{"billed_charge":1863.62,"npi":[1164981023,1417089350,1972953230]}]}]}]},{"name":"CT HEAD\/BRAIN W\/O CONTRAST MATERIAL","billing_code_type":"CPT","billing_code_type_version":"2020","billing_code":"70450","description":"CT HEAD\/BRAIN W\/O CONTRAST MATERIAL","allowed_amounts":[{"tin":{"type":"ein","value":"751286819"},"service_code":["23"],"billing_class":"professional","setting":"outpatient","payments":[{"allowed_amount":79.75,"providers":[{"billed_charge":168.00,"npi":[1710970975,1811164452]}]}]}]},{"name":"CT MAXILLOFACIAL W\/O CONTRAST MATERIAL","billing_code_type":"CPT","billing_code_type_version":"2020","billing_code":"70486","description":"CT MAXILLOFACIAL W\/O CONTRAST MATERIAL","allowed_amounts":[{"tin":{"type":"ein","value":"932783318"},"service_code":["11"],"billing_class":"professional","setting":"outpatient","payments":[{"allowed_amount":404.00,"providers":[{"billed_charge":404.00,"npi":[1164095360,1346917192]}]}]}]},{"name":"CT SCAN: BODY","billing_code_type":"RC","billing_code_type_version":"UB04","billing_code":"0352","description":"CT SCAN: BODY","allowed_amounts":[{"tin":{"type":"ein","value":"596012065"},"billing_class":"institutional","setting":"inpatient","payments":[{"allowed_amount":0.00,"providers":[{"billed_charge":7934.69,"npi":[1265460232]}]}]}]},{"name":"CURRENT TOBACCO NON-USER CAD CAP COPD PV DM","billing_code_type":"CPT","billing_code_type_version":"2020","billing_code":"1036F","description":"CURRENT TOBACCO NON-USER CAD CAP COPD PV DM","allowed_amounts":[{"tin":{"type":"ein","value":"141628237"},"service_code":["11"],"billing_class":"professional","setting":"outpatient","payments":[{"allowed_amount":0.00,"providers":[{"billed_charge":0.01,"npi":[1013928159,1467896480]}]}]}]},{"name":"DETOXIFICATION","billing_code_type":"RC","billing_code_type_version":"UB04","billing_code":"0126","description":"DETOXIFICATION","allowed_amounts":[{"tin":{"type":"ein","value":"863172351"},"billing_class":"institutional","setting":"inpatient","payments":[{"allowed_amount":3300.00,"providers":[{"billed_charge":8500.00,"npi":[1861613481,1962177428]}]}]},{"tin":{"type":"ein","value":"863172351"},"billing_class":"institutional","setting":"inpatient","payments":[{"allowed_amount":3333.00,"providers":[{"billed_charge":8500.00,"npi":[1861613481,1962177428]}]}]}]},{"name":"DEVELOPMENTAL TST ADMIN PHYS\/QHP 1ST HOUR","billing_code_type":"CPT","billing_code_type_version":"2020","billing_code":"96112","description":"DEVELOPMENTAL TST ADMIN PHYS\/QHP 1ST HOUR","allowed_amounts":[{"tin":{"type":"ein","value":"742161737"},"service_code":["11"],"billing_class":"professional","setting":"outpatient","payments":[{"allowed_amount":129.46,"providers":[{"billed_charge":675.00,"npi":[1750918850,1811569536,1962461889]}]}]}]},{"name":"DEVELOPMENTAL TST ADMIN PHYS\/QHP EA ADDL 30 MIN","billing_code_type":"CPT","billing_code_type_version":"2020","billing_code":"96113","description":"DEVELOPMENTAL TST ADMIN PHYS\/QHP EA ADDL 30 MIN","allowed_amounts":[{"tin":{"type":"ein","value":"742161737"},"service_code":["11"],"billing_class":"professional","setting":"outpatient","payments":[{"allowed_amount":183.90,"providers":[{"billed_charge":903.00,"npi":[1750918850,1811569536,1962461889]}]}]}]},{"name":"DIAGNOSTIC MAMMOGRAPHY COMPUTER-AIDED DETCJ UNI","billing_code_type":"CPT","billing_code_type_version":"2020","billing_code":"77065","description":"DIAGNOSTIC MAMMOGRAPHY COMPUTER-AIDED DETCJ UNI","allowed_amounts":[{"tin":{"type":"ein","value":"205633472"},"service_code":["11"],"billing_class":"professional","setting":"outpatient","payments":[{"allowed_amount":112.51,"providers":[{"billed_charge":780.00,"npi":[1033465802,1073247334,1346278637]}]}]}]},{"name":"DIGITAL BREAST TOMOSYNTHESIS UNILATERAL","billing_code_type":"CPT","billing_code_type_version":"2020","billing_code":"77061","description":"DIGITAL BREAST TOMOSYNTHESIS UNILATERAL","allowed_amounts":[{"tin":{"type":"ein","value":"205633472"},"service_code":["11"],"billing_class":"professional","setting":"outpatient","payments":[{"allowed_amount":112.51,"providers":[{"billed_charge":297.00,"npi":[1033465802,1073247334,1346278637]}]}]}]},{"name":"DISTRT PROD EVOKD OTOACOUSTIC EMSNS COMP\/DX EVAL","billing_code_type":"CPT","billing_code_type_version":"2020","billing_code":"92588","description":"DISTRT PROD EVOKD OTOACOUSTIC EMSNS COMP\/DX EVAL","allowed_amounts":[{"tin":{"type":"ein","value":"611751378"},"service_code":["11"],"billing_class":"professional","setting":"outpatient","payments":[{"allowed_amount":73.93,"providers":[{"billed_charge":143.00,"npi":[1518359850,1942379755]}]}]}]},{"name":"DR TST DEFIN DR ID M P D 1-7 DR CL","billing_code_type":"HCPCS","billing_code_type_version":"HCPCS LEVEL II 2021","billing_code":"G0480","description":"DR TST DEFIN DR ID M P D 1-7 DR CL","allowed_amounts":[{"tin":{"type":"ein","value":"352539778"},"service_code":["81"],"billing_class":"professional","setting":"outpatient","payments":[{"allowed_amount":0.00,"providers":[{"billed_charge":143.04,"npi":[1972971265,1982704300]}]}]},{"tin":{"type":"ein","value":"352539778"},"service_code":["81"],"billing_class":"professional","setting":"outpatient","payments":[{"allowed_amount":35.01,"providers":[{"billed_charge":143.04,"npi":[1972971265,1982704300]}]}]},{"tin":{"type":"ein","value":"352539778"},"service_code":["81"],"billing_class":"professional","setting":"outpatient","payments":[{"allowed_amount":38.90,"providers":[{"billed_charge":143.04,"npi":[1972971265,1982704300]}]}]}]},{"name":"DRUG SCREEN ANALGESICS NON-OPIOID 1 OR 2","billing_code_type":"CPT","billing_code_type_version":"2020","billing_code":"80329","description":"DRUG SCREEN ANALGESICS NON-OPIOID 1 OR 2","allowed_amounts":[{"tin":{"type":"ein","value":"800564919"},"service_code":["23"],"billing_class":"professional","setting":"outpatient","payments":[{"allowed_amount":0.00,"providers":[{"billed_charge":65.00,"npi":[1205850310,1790749935,1942526298]}]}]}]},{"name":"DRUG SCREEN QUANTITATIVE ALCOHOLS","billing_code_type":"CPT","billing_code_type_version":"2020","billing_code":"80320","description":"DRUG SCREEN QUANTITATIVE ALCOHOLS","allowed_amounts":[{"tin":{"type":"ein","value":"800564919"},"service_code":["23"],"billing_class":"professional","setting":"outpatient","payments":[{"allowed_amount":0.00,"providers":[{"billed_charge":65.00,"npi":[1205850310,1790749935,1942526298]}]}]}]},{"name":"DRUG TEST PRSMV READ DIRECT OPTICAL OBS PR DATE","billing_code_type":"CPT","billing_code_type_version":"2020","billing_code":"80305","description":"DRUG TEST PRSMV READ DIRECT OPTICAL OBS PR DATE","allowed_amounts":[{"tin":{"type":"ein","value":"141628237"},"service_code":["11"],"billing_class":"professional","setting":"outpatient","payments":[{"allowed_amount":18.93,"providers":[{"billed_charge":32.00,"npi":[1013928159,1467896480]}]}]}]},{"name":"DRUG TST PRSMV INSTRMNT CHEM ANALYZERS PR DATE","billing_code_type":"CPT","billing_code_type_version":"2020","billing_code":"80307","description":"DRUG TST PRSMV INSTRMNT CHEM ANALYZERS PR DATE","allowed_amounts":[{"tin":{"type":"ein","value":"352539778"},"service_code":["81"],"billing_class":"professional","setting":"outpatient","payments":[{"allowed_amount":24.41,"providers":[{"billed_charge":77.68,"npi":[1972971265,1982704300]}]}]},{"tin":{"type":"ein","value":"352539778"},"service_code":["81"],"billing_class":"professional","setting":"outpatient","payments":[{"allowed_amount":27.13,"providers":[{"billed_charge":77.68,"npi":[1972971265,1982704300]}]}]},{"tin":{"type":"ein","value":"800564919"},"service_code":["23"],"billing_class":"professional","setting":"outpatient","payments":[{"allowed_amount":0.00,"providers":[{"billed_charge":205.00,"npi":[1205850310,1790749935,1942526298]}]}]}]},{"name":"DRUGS REQUIRE SPECIFIC ID: DRUGS REQUIRING DETAIL","billing_code_type":"RC","billing_code_type_version":"UB04","billing_code":"0636","description":"DRUGS REQUIRE SPECIFIC ID: DRUGS REQUIRING DETAIL","allowed_amounts":[{"tin":{"type":"ein","value":"221773439"},"billing_class":"institutional","setting":"inpatient","payments":[{"allowed_amount":2.50,"providers":[{"billed_charge":2.50,"npi":[1386746592,1730405762]}]}]},{"tin":{"type":"ein","value":"221773439"},"billing_class":"institutional","setting":"inpatient","payments":[{"allowed_amount":5.00,"providers":[{"billed_charge":5.00,"npi":[1386746592,1730405762]}]}]},{"tin":{"type":"ein","value":"221773439"},"billing_class":"institutional","setting":"inpatient","payments":[{"allowed_amount":7.44,"providers":[{"billed_charge":44.75,"npi":[1386746592,1730405762]}]}]},{"tin":{"type":"ein","value":"221773439"},"billing_class":"institutional","setting":"inpatient","payments":[{"allowed_amount":10.00,"providers":[{"billed_charge":10.00,"npi":[1386746592,1730405762]}]}]},{"tin":{"type":"ein","value":"221773439"},"billing_class":"institutional","setting":"inpatient","payments":[{"allowed_amount":14.35,"providers":[{"billed_charge":36.00,"npi":[1386746592,1730405762]}]}]},{"tin":{"type":"ein","value":"221773439"},"billing_class":"institutional","setting":"inpatient","payments":[{"allowed_amount":14.88,"providers":[{"billed_charge":32.78,"npi":[1386746592,1730405762]}]}]},{"tin":{"type":"ein","value":"221773439"},"billing_class":"institutional","setting":"inpatient","payments":[{"allowed_amount":20.80,"providers":[{"billed_charge":20.80,"npi":[1386746592,1730405762]}]}]},{"tin":{"type":"ein","value":"221773439"},"billing_class":"institutional","setting":"inpatient","payments":[{"allowed_amount":23.80,"providers":[{"billed_charge":88.56,"npi":[1386746592,1730405762]}]}]},{"tin":{"type":"ein","value":"221773439"},"billing_class":"institutional","setting":"inpatient","payments":[{"allowed_amount":25.11,"providers":[{"billed_charge":45.00,"npi":[1386746592,1730405762]}]}]},{"tin":{"type":"ein","value":"221773439"},"billing_class":"institutional","setting":"inpatient","payments":[{"allowed_amount":63.00,"providers":[{"billed_charge":222.00,"npi":[1386746592,1730405762]}]}]},{"tin":{"type":"ein","value":"221773439"},"billing_class":"institutional","setting":"inpatient","payments":[{"allowed_amount":69.34,"providers":[{"billed_charge":80.85,"npi":[1386746592,1730405762]}]}]},{"tin":{"type":"ein","value":"596012065"},"billing_class":"institutional","setting":"inpatient","payments":[{"allowed_amount":0.00,"providers":[{"billed_charge":49.25,"npi":[1265460232]}]}]}]},{"name":"DRUGS REQUIRE SPECIFIC ID: SELF ADMIN DRUGS (INSUL","billing_code_type":"RC","billing_code_type_version":"UB04","billing_code":"0637","description":"DRUGS REQUIRE SPECIFIC ID: SELF ADMIN DRUGS (INSUL","allowed_amounts":[{"tin":{"type":"ein","value":"221773439"},"billing_class":"institutional","setting":"inpatient","payments":[{"allowed_amount":19.95,"providers":[{"billed_charge":19.95,"npi":[1386746592,1730405762]}]}]}]},{"name":"ECG ROUTINE ECG W\/LEAST 12 LDS I&R ONLY","billing_code_type":"CPT","billing_code_type_version":"2020","billing_code":"93010","description":"ECG ROUTINE ECG W\/LEAST 12 LDS I&R ONLY","allowed_amounts":[{"tin":{"type":"ein","value":"204374426"},"service_code":["23"],"billing_class":"professional","setting":"outpatient","payments":[{"allowed_amount":0.00,"providers":[{"billed_charge":67.00,"npi":[1841021581,1932308970]}]}]},{"tin":{"type":"ein","value":"274096788"},"service_code":["23"],"billing_class":"professional","setting":"outpatient","payments":[{"allowed_amount":19.79,"providers":[{"billed_charge":70.77,"npi":[1164981023,1417089350,1972953230]}]}]},{"tin":{"type":"ein","value":"650989157"},"service_code":["23"],"billing_class":"professional","setting":"outpatient","payments":[{"allowed_amount":15.98,"providers":[{"billed_charge":75.00,"npi":[1336112564,1386937613,1700938099]}]}]}]},{"name":"EDUCATION&TRAINING PT SELF-MGMT NQHP INDIV PT","billing_code_type":"CPT","billing_code_type_version":"2020","billing_code":"98960","description":"EDUCATION&TRAINING PT SELF-MGMT NQHP INDIV PT","allowed_amounts":[{"tin":{"type":"ein","value":"992705231"},"service_code":["12"],"billing_class":"professional","setting":"outpatient","payments":[{"allowed_amount":20.69,"providers":[{"billed_charge":300.00,"npi":[1083386908,1770370066]}]}]}]},{"name":"ELECTROENCEPHALOGRAM W\/REC AWAKE&DROWSY","billing_code_type":"CPT","billing_code_type_version":"2020","billing_code":"95816","description":"ELECTROENCEPHALOGRAM W\/REC AWAKE&DROWSY","allowed_amounts":[{"tin":{"type":"ein","value":"922230876"},"service_code":["11"],"billing_class":"professional","setting":"outpatient","payments":[{"allowed_amount":346.86,"providers":[{"billed_charge":2000.00,"npi":[1508563651,1982704300]}]}]}]},{"name":"EMERGENCY DEPARTMENT VISIT HIGH MDM","billing_code_type":"CPT","billing_code_type_version":"2020","billing_code":"99285","description":"EMERGENCY DEPARTMENT VISIT HIGH MDM","allowed_amounts":[{"tin":{"type":"ein","value":"204374426"},"service_code":["23"],"billing_class":"professional","setting":"outpatient","payments":[{"allowed_amount":0.00,"providers":[{"billed_charge":1286.00,"npi":[1841021581,1932308970]}]}]},{"tin":{"type":"ein","value":"464467849"},"service_code":["23"],"billing_class":"professional","setting":"outpatient","payments":[{"allowed_amount":367.86,"providers":[{"billed_charge":1213.00,"npi":[1528041811,1649692716,1871172023]}]}]},{"tin":{"type":"ein","value":"471370079"},"service_code":["23"],"billing_class":"professional","setting":"outpatient","payments":[{"allowed_amount":324.82,"providers":[{"billed_charge":1526.00,"npi":[1447223250,1457755688,1619985942]}]}]},{"tin":{"type":"ein","value":"621130266"},"service_code":["23"],"billing_class":"professional","setting":"outpatient","payments":[{"allowed_amount":256.58,"providers":[{"billed_charge":1659.00,"npi":[1023117140,1427005008,1649248626]}]}]}]},{"name":"EMERGENCY DEPARTMENT VISIT MODERATE MDM","billing_code_type":"CPT","billing_code_type_version":"2020","billing_code":"99284","description":"EMERGENCY DEPARTMENT VISIT MODERATE MDM","allowed_amounts":[{"tin":{"type":"ein","value":"384083619"},"service_code":["23"],"billing_class":"professional","setting":"outpatient","payments":[{"allowed_amount":148.69,"providers":[{"billed_charge":1534.00,"npi":[1215429600,1619914785]}]}]},{"tin":{"type":"ein","value":"471370079"},"service_code":["23"],"billing_class":"professional","setting":"outpatient","payments":[{"allowed_amount":223.39,"providers":[{"billed_charge":1033.94,"npi":[1205323771,1457755688,1619985942]}]}]},{"tin":{"type":"ein","value":"873768007"},"service_code":["23"],"billing_class":"professional","setting":"outpatient","payments":[{"allowed_amount":0.00,"providers":[{"billed_charge":2400.00,"npi":[1447910229,1972765253]}]}]},{"tin":{"type":"ein","value":"954873894"},"service_code":["23"],"billing_class":"professional","setting":"outpatient","payments":[{"allowed_amount":180.99,"providers":[{"billed_charge":1009.64,"npi":[1235176702,1235196288,1821250762]}]}]}]},{"name":"EMERGENCY ROOM","billing_code_type":"RC","billing_code_type_version":"UB04","billing_code":"0450","description":"EMERGENCY ROOM","allowed_amounts":[{"tin":{"type":"ein","value":"596012065"},"billing_class":"institutional","setting":"inpatient","payments":[{"allowed_amount":2740.00,"providers":[{"billed_charge":2707.46,"npi":[1265460232]}]}]},{"tin":{"type":"ein","value":"596014973"},"billing_class":"institutional","setting":"inpatient","payments":[{"allowed_amount":1787.00,"providers":[{"billed_charge":2291.00,"npi":[1780667923]}]}]},{"tin":{"type":"ein","value":"810801427"},"billing_class":"institutional","setting":"inpatient","payments":[{"allowed_amount":801.50,"providers":[{"billed_charge":5953.11,"npi":[1417312018]}]}]},{"tin":{"type":"ein","value":"851516898"},"billing_class":"institutional","setting":"inpatient","payments":[{"allowed_amount":0.00,"providers":[{"billed_charge":1260.00,"npi":[1518539048]},{"billed_charge":5400.00,"npi":[1518539048]}]},{"allowed_amount":0.00,"providers":[{"billed_charge":1260.00,"npi":[1518539048]},{"billed_charge":5400.00,"npi":[1518539048]}]}]},{"tin":{"type":"ein","value":"851516898"},"billing_class":"institutional","setting":"inpatient","payments":[{"allowed_amount":0.00,"providers":[{"billed_charge":1260.00,"npi":[1518539048]},{"billed_charge":5400.00,"npi":[1518539048]}]},{"allowed_amount":0.00,"providers":[{"billed_charge":1260.00,"npi":[1518539048]},{"billed_charge":5400.00,"npi":[1518539048]}]}]}]},{"name":"EXC LESION\/TUMOR DENTOALVEOLAR STRUX W\/SMPL RPR","billing_code_type":"CPT","billing_code_type_version":"2020","billing_code":"41826","description":"EXC LESION\/TUMOR DENTOALVEOLAR STRUX W\/SMPL RPR","allowed_amounts":[{"tin":{"type":"ein","value":"932783318"},"service_code":["11"],"billing_class":"professional","setting":"outpatient","payments":[{"allowed_amount":572.32,"providers":[{"billed_charge":988.00,"npi":[1346917192,1578919726]}]}]}]},{"name":"FUNDUS PHOTOGRAPHY W\/INTERPRETATION & REPORT","billing_code_type":"CPT","billing_code_type_version":"2020","billing_code":"92250","description":"FUNDUS PHOTOGRAPHY W\/INTERPRETATION & REPORT","allowed_amounts":[{"tin":{"type":"ein","value":"300098946"},"service_code":["11"],"billing_class":"professional","setting":"outpatient","payments":[{"allowed_amount":39.12,"providers":[{"billed_charge":83.00,"npi":[1346326626,1568580421]}]}]}]},{"name":"GENERAL HEALTH PANEL","billing_code_type":"CPT","billing_code_type_version":"2020","billing_code":"80050","description":"GENERAL HEALTH PANEL","allowed_amounts":[{"tin":{"type":"ein","value":"352539778"},"service_code":["81"],"billing_class":"professional","setting":"outpatient","payments":[{"allowed_amount":11.29,"providers":[{"billed_charge":43.91,"npi":[1003919069,1972971265]}]}]},{"tin":{"type":"ein","value":"810576059"},"service_code":["81"],"billing_class":"professional","setting":"outpatient","payments":[{"allowed_amount":64.24,"providers":[{"billed_charge":107.07,"npi":[1235186800,1669129441]}]}]}]},{"name":"GONADOTROPIN CHORIONIC QUALITATIVE","billing_code_type":"CPT","billing_code_type_version":"2020","billing_code":"84703","description":"GONADOTROPIN CHORIONIC QUALITATIVE","allowed_amounts":[{"tin":{"type":"ein","value":"800564919"},"service_code":["23"],"billing_class":"professional","setting":"outpatient","payments":[{"allowed_amount":0.00,"providers":[{"billed_charge":52.00,"npi":[1205850310,1790749935,1942526298]}]}]}]},{"name":"GONADOTROPIN FOLLICLE STIMULATING HORMONE","billing_code_type":"CPT","billing_code_type_version":"2020","billing_code":"83001","description":"GONADOTROPIN FOLLICLE STIMULATING HORMONE","allowed_amounts":[{"tin":{"type":"ein","value":"810576059"},"service_code":["81"],"billing_class":"professional","setting":"outpatient","payments":[{"allowed_amount":46.75,"providers":[{"billed_charge":77.91,"npi":[1235186800,1669129441]}]}]}]},{"name":"GONADOTROPIN LUTEINIZING HORMONE","billing_code_type":"CPT","billing_code_type_version":"2020","billing_code":"83002","description":"GONADOTROPIN LUTEINIZING HORMONE","allowed_amounts":[{"tin":{"type":"ein","value":"810576059"},"service_code":["81"],"billing_class":"professional","setting":"outpatient","payments":[{"allowed_amount":46.58,"providers":[{"billed_charge":77.64,"npi":[1235186800,1669129441]}]}]}]},{"name":"GROUND MILEAGE","billing_code_type":"HCPCS","billing_code_type_version":"HCPCS LEVEL II 2021","billing_code":"A0425","description":"GROUND MILEAGE","allowed_amounts":[{"tin":{"type":"ein","value":"166002545"},"service_code":["41"],"billing_class":"professional","setting":"outpatient","payments":[{"allowed_amount":57.00,"providers":[{"billed_charge":57.00,"npi":[1962669655]}]}]},{"tin":{"type":"ein","value":"201120657"},"service_code":["41"],"billing_class":"professional","setting":"outpatient","payments":[{"allowed_amount":90.00,"providers":[{"billed_charge":90.00,"npi":[1740263185]}]}]},{"tin":{"type":"ein","value":"383716596"},"service_code":["41"],"billing_class":"professional","setting":"outpatient","payments":[{"allowed_amount":402.74,"providers":[{"billed_charge":1560.00,"npi":[1720046188]}]}]},{"tin":{"type":"ein","value":"436002546"},"service_code":["41"],"billing_class":"professional","setting":"outpatient","payments":[{"allowed_amount":87.89,"providers":[{"billed_charge":165.00,"npi":[1740268341]}]}]},{"tin":{"type":"ein","value":"591039552"},"service_code":["41"],"billing_class":"professional","setting":"outpatient","payments":[{"allowed_amount":18.30,"providers":[{"billed_charge":20.00,"npi":[1962414946]}]}]},{"tin":{"type":"ein","value":"596000319"},"service_code":["41"],"billing_class":"professional","setting":"outpatient","payments":[{"allowed_amount":18.30,"providers":[{"billed_charge":26.00,"npi":[1649281924]}]}]},{"tin":{"type":"ein","value":"770324739"},"service_code":["41"],"billing_class":"professional","setting":"outpatient","payments":[{"allowed_amount":72.00,"providers":[{"billed_charge":269.97,"npi":[1386678605]}]}]},{"tin":{"type":"ein","value":"841231591"},"service_code":["41"],"billing_class":"professional","setting":"outpatient","payments":[{"allowed_amount":508.30,"providers":[{"billed_charge":508.30,"npi":[1831865708]}]}]}]},{"name":"HEARING AID DIGITAL BINAURAL BTE","billing_code_type":"HCPCS","billing_code_type_version":"HCPCS LEVEL II 2021","billing_code":"V5261","description":"HEARING AID DIGITAL BINAURAL BTE","allowed_amounts":[{"tin":{"type":"ein","value":"454080887"},"service_code":["11"],"billing_class":"professional","setting":"outpatient","payments":[{"allowed_amount":0.00,"providers":[{"billed_charge":6380.00,"npi":[1003123340,1932651296]}]}]}]},{"name":"HEARING AID DIGITAL MONAURAL ITE","billing_code_type":"HCPCS","billing_code_type_version":"HCPCS LEVEL II 2021","billing_code":"V5256","description":"HEARING AID DIGITAL MONAURAL ITE","allowed_amounts":[{"tin":{"type":"ein","value":"200415501"},"service_code":["11"],"billing_class":"professional","setting":"outpatient","payments":[{"allowed_amount":795.00,"providers":[{"billed_charge":795.00,"npi":[1891935292]}]}]}]},{"name":"HEMOGLOBIN GLYCOSYLATED A1C","billing_code_type":"CPT","billing_code_type_version":"2020","billing_code":"83036","description":"HEMOGLOBIN GLYCOSYLATED A1C","allowed_amounts":[{"tin":{"type":"ein","value":"352539778"},"service_code":["81"],"billing_class":"professional","setting":"outpatient","payments":[{"allowed_amount":3.58,"providers":[{"billed_charge":12.14,"npi":[1003919069,1972971265]}]}]},{"tin":{"type":"ein","value":"710897031"},"service_code":["81"],"billing_class":"professional","setting":"outpatient","payments":[{"allowed_amount":8.74,"providers":[{"billed_charge":84.95,"npi":[1164561155,1932145778]}]}]},{"tin":{"type":"ein","value":"810576059"},"service_code":["81"],"billing_class":"professional","setting":"outpatient","payments":[{"allowed_amount":24.41,"providers":[{"billed_charge":40.68,"npi":[1235186800,1669129441]}]}]}]},{"name":"HOSPITAL IP\/OBS DISCHARGE DAY MGMT > 30 MIN","billing_code_type":"CPT","billing_code_type_version":"2020","billing_code":"99239","description":"HOSPITAL IP\/OBS DISCHARGE DAY MGMT > 30 MIN","allowed_amounts":[{"tin":{"type":"ein","value":"883092015"},"service_code":["21"],"billing_class":"professional","setting":"inpatient","payments":[{"allowed_amount":115.77,"providers":[{"billed_charge":650.00,"npi":[1497311468,1568225712]}]}]}]},{"name":"IADNA CHLAMYDIA PNEUMONIAE AMPLIFIED PROBE TQ","billing_code_type":"CPT","billing_code_type_version":"2020","billing_code":"87486","description":"IADNA CHLAMYDIA PNEUMONIAE AMPLIFIED PROBE TQ","allowed_amounts":[{"tin":{"type":"ein","value":"465330784"},"service_code":["81"],"billing_class":"professional","setting":"outpatient","payments":[{"allowed_amount":28.06,"providers":[{"billed_charge":60.00,"npi":[1780612648,1932586427]}]}]}]},{"name":"IADNA MYCOPLSM PNEUMONIAE AMPLIFIED PROBE TQ","billing_code_type":"CPT","billing_code_type_version":"2020","billing_code":"87581","description":"IADNA MYCOPLSM PNEUMONIAE AMPLIFIED PROBE TQ","allowed_amounts":[{"tin":{"type":"ein","value":"465330784"},"service_code":["81"],"billing_class":"professional","setting":"outpatient","payments":[{"allowed_amount":28.06,"providers":[{"billed_charge":60.00,"npi":[1780612648,1932586427]}]}]}]},{"name":"IADNA NOS AMPLIFIED PROBE TQ EACH ORGANISM","billing_code_type":"CPT","billing_code_type_version":"2020","billing_code":"87798","description":"IADNA NOS AMPLIFIED PROBE TQ EACH ORGANISM","allowed_amounts":[{"tin":{"type":"ein","value":"465330784"},"service_code":["81"],"billing_class":"professional","setting":"outpatient","payments":[{"allowed_amount":84.19,"providers":[{"billed_charge":263.16,"npi":[1780612648,1932586427]}]}]}]},{"name":"IADNA STREPTOCOCCUS GROUP A AMPLIFIED PROBE TQ","billing_code_type":"CPT","billing_code_type_version":"2020","billing_code":"87651","description":"IADNA STREPTOCOCCUS GROUP A AMPLIFIED PROBE TQ","allowed_amounts":[{"tin":{"type":"ein","value":"465330784"},"service_code":["81"],"billing_class":"professional","setting":"outpatient","payments":[{"allowed_amount":28.06,"providers":[{"billed_charge":60.00,"npi":[1780612648,1932586427]}]}]}]},{"name":"IIV3 VACC PRESERVATIVE FREE 0.5 ML DOSAGE IM USE","billing_code_type":"CPT","billing_code_type_version":"2020","billing_code":"90656","description":"IIV3 VACC PRESERVATIVE FREE 0.5 ML DOSAGE IM USE","allowed_amounts":[{"tin":{"type":"ein","value":"141628237"},"service_code":["11"],"billing_class":"professional","setting":"outpatient","payments":[{"allowed_amount":31.35,"providers":[{"billed_charge":37.00,"npi":[1013928159,1467896480]}]}]}]},{"name":"IM ADM PRQ ID SUBQ\/IM NJXS 1 VACCINE","billing_code_type":"CPT","billing_code_type_version":"2020","billing_code":"90471","description":"IM ADM PRQ ID SUBQ\/IM NJXS 1 VACCINE","allowed_amounts":[{"tin":{"type":"ein","value":"141628237"},"service_code":["11"],"billing_class":"professional","setting":"outpatient","payments":[{"allowed_amount":30.08,"providers":[{"billed_charge":50.00,"npi":[1013928159,1467896480]}]}]}]},{"name":"INJ DEXMETHOSON SODIM PHOSHATE 1 MG","billing_code_type":"HCPCS","billing_code_type_version":"HCPCS LEVEL II 2021","billing_code":"J1100","description":"INJ DEXMETHOSON SODIM PHOSHATE 1 MG","allowed_amounts":[{"tin":{"type":"ein","value":"861738064"},"service_code":["20"],"billing_class":"professional","setting":"outpatient","payments":[{"allowed_amount":62.00,"providers":[{"billed_charge":100.00,"npi":[1235722430,1508072687]}]}]}]},{"name":"IONM REMOTE\/NEARBY\/>1 PATIENT IN OR PER HOUR","billing_code_type":"CPT","billing_code_type_version":"2020","billing_code":"95941","description":"IONM REMOTE\/NEARBY\/>1 PATIENT IN OR PER HOUR","allowed_amounts":[{"tin":{"type":"ein","value":"262188574"},"service_code":["24"],"billing_class":"professional","setting":"outpatient","payments":[{"allowed_amount":3550.00,"providers":[{"billed_charge":5820.00,"npi":[1124253075,1780612671,1972798379]}]}]}]},{"name":"IV THERAPY","billing_code_type":"RC","billing_code_type_version":"UB04","billing_code":"0260","description":"IV THERAPY","allowed_amounts":[{"tin":{"type":"ein","value":"596012065"},"billing_class":"institutional","setting":"inpatient","payments":[{"allowed_amount":0.00,"providers":[{"billed_charge":199.55,"npi":[1265460232]},{"billed_charge":394.70,"npi":[1265460232]}]},{"allowed_amount":0.00,"providers":[{"billed_charge":199.55,"npi":[1265460232]},{"billed_charge":394.70,"npi":[1265460232]}]}]},{"tin":{"type":"ein","value":"596012065"},"billing_class":"institutional","setting":"inpatient","payments":[{"allowed_amount":0.00,"providers":[{"billed_charge":199.55,"npi":[1265460232]},{"billed_charge":394.70,"npi":[1265460232]}]},{"allowed_amount":0.00,"providers":[{"billed_charge":199.55,"npi":[1265460232]},{"billed_charge":394.70,"npi":[1265460232]}]}]}]},{"name":"LABORATORY - CLINICAL DIAGNOSTIC","billing_code_type":"RC","billing_code_type_version":"UB04","billing_code":"0300","description":"LABORATORY - CLINICAL DIAGNOSTIC","allowed_amounts":[{"tin":{"type":"ein","value":"596012065"},"billing_class":"institutional","setting":"inpatient","payments":[{"allowed_amount":0.00,"providers":[{"billed_charge":29.40,"npi":[1265460232]}]}]},{"tin":{"type":"ein","value":"810801427"},"billing_class":"institutional","setting":"inpatient","payments":[{"allowed_amount":33.27,"providers":[{"billed_charge":247.13,"npi":[1417312018]}]}]},{"tin":{"type":"ein","value":"810801427"},"billing_class":"institutional","setting":"inpatient","payments":[{"allowed_amount":47.50,"providers":[{"billed_charge":352.77,"npi":[1417312018]}]}]},{"tin":{"type":"ein","value":"810801427"},"billing_class":"institutional","setting":"inpatient","payments":[{"allowed_amount":47.99,"providers":[{"billed_charge":356.43,"npi":[1417312018]}]}]},{"tin":{"type":"ein","value":"810801427"},"billing_class":"institutional","setting":"inpatient","payments":[{"allowed_amount":62.20,"providers":[{"billed_charge":462.02,"npi":[1417312018]}]}]}]},{"name":"LABORATORY - CLINICAL DIAGNOSTIC: CHEMISTRY","billing_code_type":"RC","billing_code_type_version":"UB04","billing_code":"0301","description":"LABORATORY - CLINICAL DIAGNOSTIC: CHEMISTRY","allowed_amounts":[{"tin":{"type":"ein","value":"596012065"},"billing_class":"institutional","setting":"inpatient","payments":[{"allowed_amount":0.00,"providers":[{"billed_charge":169.79,"npi":[1265460232]},{"billed_charge":325.24,"npi":[1265460232]},{"billed_charge":404.62,"npi":[1265460232]}]},{"allowed_amount":0.00,"providers":[{"billed_charge":169.79,"npi":[1265460232]},{"billed_charge":325.24,"npi":[1265460232]},{"billed_charge":404.62,"npi":[1265460232]}]},{"allowed_amount":0.00,"providers":[{"billed_charge":169.79,"npi":[1265460232]},{"billed_charge":325.24,"npi":[1265460232]},{"billed_charge":404.62,"npi":[1265460232]}]}]},{"tin":{"type":"ein","value":"596012065"},"billing_class":"institutional","setting":"inpatient","payments":[{"allowed_amount":0.00,"providers":[{"billed_charge":169.79,"npi":[1265460232]},{"billed_charge":325.24,"npi":[1265460232]},{"billed_charge":404.62,"npi":[1265460232]}]},{"allowed_amount":0.00,"providers":[{"billed_charge":169.79,"npi":[1265460232]},{"billed_charge":325.24,"npi":[1265460232]},{"billed_charge":404.62,"npi":[1265460232]}]},{"allowed_amount":0.00,"providers":[{"billed_charge":169.79,"npi":[1265460232]},{"billed_charge":325.24,"npi":[1265460232]},{"billed_charge":404.62,"npi":[1265460232]}]}]},{"tin":{"type":"ein","value":"596012065"},"billing_class":"institutional","setting":"inpatient","payments":[{"allowed_amount":0.00,"providers":[{"billed_charge":169.79,"npi":[1265460232]},{"billed_charge":325.24,"npi":[1265460232]},{"billed_charge":404.62,"npi":[1265460232]}]},{"allowed_amount":0.00,"providers":[{"billed_charge":169.79,"npi":[1265460232]},{"billed_charge":325.24,"npi":[1265460232]},{"billed_charge":404.62,"npi":[1265460232]}]},{"allowed_amount":0.00,"providers":[{"billed_charge":169.79,"npi":[1265460232]},{"billed_charge":325.24,"npi":[1265460232]},{"billed_charge":404.62,"npi":[1265460232]}]}]},{"tin":{"type":"ein","value":"810801427"},"billing_class":"institutional","setting":"inpatient","payments":[{"allowed_amount":143.59,"providers":[{"billed_charge":1066.54,"npi":[1417312018]}]}]}]},{"name":"LABORATORY - CLINICAL DIAGNOSTIC: HEMATOLOGY","billing_code_type":"RC","billing_code_type_version":"UB04","billing_code":"0305","description":"LABORATORY - CLINICAL DIAGNOSTIC: HEMATOLOGY","allowed_amounts":[{"tin":{"type":"ein","value":"596012065"},"billing_class":"institutional","setting":"inpatient","payments":[{"allowed_amount":0.00,"providers":[{"billed_charge":160.65,"npi":[1265460232]}]}]}]},{"name":"LABORATORY - CLINICAL DIAGNOSTIC: OTHER LABORATORY","billing_code_type":"RC","billing_code_type_version":"UB04","billing_code":"0309","description":"LABORATORY - CLINICAL DIAGNOSTIC: OTHER LABORATORY","allowed_amounts":[{"tin":{"type":"ein","value":"810801427"},"billing_class":"institutional","setting":"inpatient","payments":[{"allowed_amount":105.93,"providers":[{"billed_charge":786.78,"npi":[1417312018]}]}]}]},{"name":"LABORATORY - CLINICAL DIAGNOSTIC: UROLOGY","billing_code_type":"RC","billing_code_type_version":"UB04","billing_code":"0307","description":"LABORATORY - CLINICAL DIAGNOSTIC: UROLOGY","allowed_amounts":[{"tin":{"type":"ein","value":"596012065"},"billing_class":"institutional","setting":"inpatient","payments":[{"allowed_amount":0.00,"providers":[{"billed_charge":63.95,"npi":[1265460232]}]}]}]},{"name":"LABORATORY - PATHOLOGY","billing_code_type":"RC","billing_code_type_version":"UB04","billing_code":"0310","description":"LABORATORY - PATHOLOGY","allowed_amounts":[{"tin":{"type":"ein","value":"221773439"},"billing_class":"institutional","setting":"inpatient","payments":[{"allowed_amount":32.48,"providers":[{"billed_charge":105.00,"npi":[1386746592,1730405762]}]}]},{"tin":{"type":"ein","value":"221773439"},"billing_class":"institutional","setting":"inpatient","payments":[{"allowed_amount":108.76,"providers":[{"billed_charge":369.00,"npi":[1386746592,1730405762]}]}]}]},{"name":"LACTATION CLASS NON-PHYS PROV-SESS","billing_code_type":"HCPCS","billing_code_type_version":"HCPCS LEVEL II 2021","billing_code":"S9443","description":"LACTATION CLASS NON-PHYS PROV-SESS","allowed_amounts":[{"tin":{"type":"ein","value":"992705231"},"service_code":["12"],"billing_class":"professional","setting":"outpatient","payments":[{"allowed_amount":3.33,"providers":[{"billed_charge":900.00,"npi":[1083386908,1770370066]}]}]}]},{"name":"LIPID PANEL","billing_code_type":"CPT","billing_code_type_version":"2020","billing_code":"80061","description":"LIPID PANEL","allowed_amounts":[{"tin":{"type":"ein","value":"352539778"},"service_code":["81"],"billing_class":"professional","setting":"outpatient","payments":[{"allowed_amount":5.87,"providers":[{"billed_charge":16.74,"npi":[1003919069,1972971265]}]}]},{"tin":{"type":"ein","value":"710897031"},"service_code":["81"],"billing_class":"professional","setting":"outpatient","payments":[{"allowed_amount":12.05,"providers":[{"billed_charge":169.43,"npi":[1164561155,1932145778]}]}]},{"tin":{"type":"ein","value":"810576059"},"service_code":["81"],"billing_class":"professional","setting":"outpatient","payments":[{"allowed_amount":33.70,"providers":[{"billed_charge":56.16,"npi":[1235186800,1669129441]}]}]}]},{"name":"MANUAL THERAPY TQS 1\/> REGIONS EACH 15 MINUTES","billing_code_type":"CPT","billing_code_type_version":"2020","billing_code":"97140","description":"MANUAL THERAPY TQS 1\/> REGIONS EACH 15 MINUTES","allowed_amounts":[{"tin":{"type":"ein","value":"680040496"},"service_code":["11"],"billing_class":"professional","setting":"outpatient","payments":[{"allowed_amount":0.00,"providers":[{"billed_charge":20.00,"npi":[1750565123,1790702496]}]}]},{"tin":{"type":"ein","value":"871620263"},"service_code":["11"],"billing_class":"professional","setting":"outpatient","payments":[{"allowed_amount":0.00,"providers":[{"billed_charge":350.00,"npi":[1588255095]}]}]}]},{"name":"MEDICAL\/SURGICAL SUPPLIES","billing_code_type":"RC","billing_code_type_version":"UB04","billing_code":"0270","description":"MEDICAL\/SURGICAL SUPPLIES","allowed_amounts":[{"tin":{"type":"ein","value":"221773439"},"billing_class":"institutional","setting":"inpatient","payments":[{"allowed_amount":1356.00,"providers":[{"billed_charge":1446.10,"npi":[1386746592,1730405762]}]}]}]},{"name":"MEDICAL\/SURGICAL SUPPLIES: OTHER IMPLANTS","billing_code_type":"RC","billing_code_type_version":"UB04","billing_code":"0278","description":"MEDICAL\/SURGICAL SUPPLIES: OTHER IMPLANTS","allowed_amounts":[{"tin":{"type":"ein","value":"221773439"},"billing_class":"institutional","setting":"inpatient","payments":[{"allowed_amount":1494.29,"providers":[{"billed_charge":6983.26,"npi":[1386746592,1730405762]}]}]}]},{"name":"MEDICAL\/SURGICAL SUPPLIES: STERILE SUPPLIES","billing_code_type":"RC","billing_code_type_version":"UB04","billing_code":"0272","description":"MEDICAL\/SURGICAL SUPPLIES: STERILE SUPPLIES","allowed_amounts":[{"tin":{"type":"ein","value":"221773439"},"billing_class":"institutional","setting":"inpatient","payments":[{"allowed_amount":1304.00,"providers":[{"billed_charge":1389.88,"npi":[1386746592,1730405762]}]}]}]},{"name":"MOST RECENT DIASTOLIC BLOOD PRESSURE < 80 MM HG","billing_code_type":"CPT","billing_code_type_version":"2020","billing_code":"3078F","description":"MOST RECENT DIASTOLIC BLOOD PRESSURE < 80 MM HG","allowed_amounts":[{"tin":{"type":"ein","value":"141628237"},"service_code":["11"],"billing_class":"professional","setting":"outpatient","payments":[{"allowed_amount":0.00,"providers":[{"billed_charge":10.00,"npi":[1013928159,1467896480]}]}]},{"tin":{"type":"ein","value":"372101937"},"billing_class":"institutional","setting":"inpatient","payments":[{"allowed_amount":0.00,"providers":[{"billed_charge":25.00,"npi":[1023190733,1962109033]}]}]}]},{"name":"MOST RECENT SYSTOLIC BLOOD PRESS 130-139MM HG","billing_code_type":"CPT","billing_code_type_version":"2020","billing_code":"3075F","description":"MOST RECENT SYSTOLIC BLOOD PRESS 130-139MM HG","allowed_amounts":[{"tin":{"type":"ein","value":"141628237"},"service_code":["11"],"billing_class":"professional","setting":"outpatient","payments":[{"allowed_amount":0.00,"providers":[{"billed_charge":10.00,"npi":[1013928159,1467896480]}]}]}]},{"name":"MOST RECENT SYSTOLIC BLOOD PRESSURE <130 MM HG","billing_code_type":"CPT","billing_code_type_version":"2020","billing_code":"3074F","description":"MOST RECENT SYSTOLIC BLOOD PRESSURE <130 MM HG","allowed_amounts":[{"tin":{"type":"ein","value":"372101937"},"billing_class":"institutional","setting":"inpatient","payments":[{"allowed_amount":0.00,"providers":[{"billed_charge":25.00,"npi":[1023190733,1962109033]}]}]}]},{"name":"NEEDLE EMG EA EXTREMITY W\/PARASPINL AREA LIMITED","billing_code_type":"CPT","billing_code_type_version":"2020","billing_code":"95885","description":"NEEDLE EMG EA EXTREMITY W\/PARASPINL AREA LIMITED","allowed_amounts":[{"tin":{"type":"ein","value":"920813815"},"service_code":["11"],"billing_class":"professional","setting":"outpatient","payments":[{"allowed_amount":63.86,"providers":[{"billed_charge":280.00,"npi":[1225853617,1861697948]}]}]}]},{"name":"NEEDLE EMG EA EXTREMTY W\/PARASPINL AREA COMPLETE","billing_code_type":"CPT","billing_code_type_version":"2020","billing_code":"95886","description":"NEEDLE EMG EA EXTREMTY W\/PARASPINL AREA COMPLETE","allowed_amounts":[{"tin":{"type":"ein","value":"920813815"},"service_code":["11"],"billing_class":"professional","setting":"outpatient","payments":[{"allowed_amount":100.31,"providers":[{"billed_charge":200.00,"npi":[1225853617,1861697948]}]}]}]},{"name":"NEEDLE EMG LMTD STD MUSC 1 XTR\/NON-LIMB UNI\/BI","billing_code_type":"CPT","billing_code_type_version":"2020","billing_code":"95870","description":"NEEDLE EMG LMTD STD MUSC 1 XTR\/NON-LIMB UNI\/BI","allowed_amounts":[{"tin":{"type":"ein","value":"262188574"},"service_code":["24"],"billing_class":"professional","setting":"outpatient","payments":[{"allowed_amount":21.17,"providers":[{"billed_charge":406.00,"npi":[1124253075,1780612671,1972798379]}]}]}]},{"name":"NERVE CONDUCTION STUDIES 13\/> STUDIES","billing_code_type":"CPT","billing_code_type_version":"2020","billing_code":"95913","description":"NERVE CONDUCTION STUDIES 13\/> STUDIES","allowed_amounts":[{"tin":{"type":"ein","value":"920813815"},"service_code":["11"],"billing_class":"professional","setting":"outpatient","payments":[{"allowed_amount":306.76,"providers":[{"billed_charge":433.00,"npi":[1225853617,1861697948]}]}]}]},{"name":"OFFICE\/OUTPATIENT ESTABLISHED LOW MDM 20 MIN","billing_code_type":"CPT","billing_code_type_version":"2020","billing_code":"99213","description":"OFFICE\/OUTPATIENT ESTABLISHED LOW MDM 20 MIN","allowed_amounts":[{"tin":{"type":"ein","value":"277604488"},"service_code":["11"],"billing_class":"professional","setting":"outpatient","payments":[{"allowed_amount":140.00,"providers":[{"billed_charge":140.00,"npi":[1982644233]}]}]},{"tin":{"type":"ein","value":"372101937"},"billing_class":"institutional","setting":"inpatient","payments":[{"allowed_amount":163.63,"providers":[{"billed_charge":1426.00,"npi":[1023190733,1093984437,1962109033]}]}]},{"tin":{"type":"ein","value":"650887200"},"service_code":["11"],"billing_class":"professional","setting":"outpatient","payments":[{"allowed_amount":100.49,"providers":[{"billed_charge":172.00,"npi":[1154398477,1912113820]}]}]},{"tin":{"type":"ein","value":"900795697"},"service_code":["20"],"billing_class":"professional","setting":"outpatient","payments":[{"allowed_amount":60.08,"providers":[{"billed_charge":147.00,"npi":[1346834694,1558125815]}]}]},{"tin":{"type":"ein","value":"993559673"},"service_code":["11"],"billing_class":"professional","setting":"outpatient","payments":[{"allowed_amount":170.34,"providers":[{"billed_charge":200.00,"npi":[1184694523,1588400915]}]}]}]},{"name":"OFFICE\/OUTPATIENT ESTABLISHED MOD MDM 30 MIN","billing_code_type":"CPT","billing_code_type_version":"2020","billing_code":"99214","description":"OFFICE\/OUTPATIENT ESTABLISHED MOD MDM 30 MIN","allowed_amounts":[{"tin":{"type":"ein","value":"141628237"},"service_code":["11"],"billing_class":"professional","setting":"outpatient","payments":[{"allowed_amount":187.77,"providers":[{"billed_charge":315.00,"npi":[1013928159,1467896480]}]}]},{"tin":{"type":"ein","value":"223554900"},"service_code":["11"],"billing_class":"professional","setting":"outpatient","payments":[{"allowed_amount":65.00,"providers":[{"billed_charge":420.00,"npi":[1194781591,1992963409]}]}]},{"tin":{"type":"ein","value":"277604488"},"service_code":["11"],"billing_class":"professional","setting":"outpatient","payments":[{"allowed_amount":154.00,"providers":[{"billed_charge":154.00,"npi":[1982644233]}]}]},{"tin":{"type":"ein","value":"650887200"},"service_code":["11"],"billing_class":"professional","setting":"outpatient","payments":[{"allowed_amount":141.68,"providers":[{"billed_charge":273.00,"npi":[1154398477,1912113820]}]}]},{"tin":{"type":"ein","value":"861738064"},"service_code":["20"],"billing_class":"professional","setting":"outpatient","payments":[{"allowed_amount":124.45,"providers":[{"billed_charge":315.00,"npi":[1235722430,1508072687]}]}]},{"tin":{"type":"ein","value":"920813815"},"service_code":["11"],"billing_class":"professional","setting":"outpatient","payments":[{"allowed_amount":141.68,"providers":[{"billed_charge":464.00,"npi":[1225853617,1861697948]}]}]},{"tin":{"type":"ein","value":"922230876"},"service_code":["11"],"billing_class":"professional","setting":"outpatient","payments":[{"allowed_amount":112.51,"providers":[{"billed_charge":850.00,"npi":[1508563651,1609254051]}]}]},{"tin":{"type":"ein","value":"930798039"},"service_code":["10"],"billing_class":"professional","setting":"outpatient","payments":[{"allowed_amount":196.27,"providers":[{"billed_charge":366.00,"npi":[1184786527,1518333483]}]}]}]},{"name":"OFFICE\/OUTPATIENT ESTABLISHED SF MDM 10 MIN","billing_code_type":"CPT","billing_code_type_version":"2020","billing_code":"99212","description":"OFFICE\/OUTPATIENT ESTABLISHED SF MDM 10 MIN","allowed_amounts":[{"tin":{"type":"ein","value":"872538903"},"service_code":["11"],"billing_class":"professional","setting":"outpatient","payments":[{"allowed_amount":57.67,"providers":[{"billed_charge":105.00,"npi":[1366220113,1457020844]}]}]}]},{"name":"OFFICE\/OUTPATIENT NEW HIGH MDM 60 MINUTES","billing_code_type":"CPT","billing_code_type_version":"2020","billing_code":"99205","description":"OFFICE\/OUTPATIENT NEW HIGH MDM 60 MINUTES","allowed_amounts":[{"tin":{"type":"ein","value":"920813815"},"service_code":["11"],"billing_class":"professional","setting":"outpatient","payments":[{"allowed_amount":246.44,"providers":[{"billed_charge":976.00,"npi":[1225853617,1861697948]}]}]}]},{"name":"OFFICE\/OUTPATIENT NEW LOW MDM 30 MINUTES","billing_code_type":"CPT","billing_code_type_version":"2020","billing_code":"99203","description":"OFFICE\/OUTPATIENT NEW LOW MDM 30 MINUTES","allowed_amounts":[{"tin":{"type":"ein","value":"463378920"},"service_code":["11"],"billing_class":"professional","setting":"outpatient","payments":[{"allowed_amount":41.00,"providers":[{"billed_charge":500.00,"npi":[1780472357]}]}]},{"tin":{"type":"ein","value":"463877236"},"service_code":["11"],"billing_class":"professional","setting":"outpatient","payments":[{"allowed_amount":306.00,"providers":[{"billed_charge":1600.00,"npi":[1003112244,1528434842]}]}]},{"tin":{"type":"ein","value":"611751378"},"service_code":["11"],"billing_class":"professional","setting":"outpatient","payments":[{"allowed_amount":127.18,"providers":[{"billed_charge":250.00,"npi":[1518359850,1942379755]}]}]},{"tin":{"type":"ein","value":"871620263"},"service_code":["11"],"billing_class":"professional","setting":"outpatient","payments":[{"allowed_amount":41.00,"providers":[{"billed_charge":350.00,"npi":[1588255095]}]}]}]},{"name":"OFFICE\/OUTPATIENT NEW MODERATE MDM 45 MINUTES","billing_code_type":"CPT","billing_code_type_version":"2020","billing_code":"99204","description":"OFFICE\/OUTPATIENT NEW MODERATE MDM 45 MINUTES","allowed_amounts":[{"tin":{"type":"ein","value":"277604488"},"service_code":["11"],"billing_class":"professional","setting":"outpatient","payments":[{"allowed_amount":354.00,"providers":[{"billed_charge":354.00,"npi":[1982644233]}]}]}]},{"name":"OFFICE\/OUTPATIENT NEW SF MDM 15 MINUTES","billing_code_type":"CPT","billing_code_type_version":"2020","billing_code":"99202","description":"OFFICE\/OUTPATIENT NEW SF MDM 15 MINUTES","allowed_amounts":[{"tin":{"type":"ein","value":"680040496"},"service_code":["11"],"billing_class":"professional","setting":"outpatient","payments":[{"allowed_amount":41.00,"providers":[{"billed_charge":140.00,"npi":[1750565123,1790702496]}]}]}]},{"name":"ONDAN 1 MG ORL NOT EXCEED 48 HR DOS","billing_code_type":"HCPCS","billing_code_type_version":"HCPCS LEVEL II 2021","billing_code":"Q0162","description":"ONDAN 1 MG ORL NOT EXCEED 48 HR DOS","allowed_amounts":[{"tin":{"type":"ein","value":"372101937"},"billing_class":"institutional","setting":"inpatient","payments":[{"allowed_amount":0.00,"providers":[{"billed_charge":3000.00,"npi":[1023190733,1962109033]}]}]}]},{"name":"OPERATING ROOM SERVICES","billing_code_type":"RC","billing_code_type_version":"UB04","billing_code":"0360","description":"OPERATING ROOM SERVICES","allowed_amounts":[{"tin":{"type":"ein","value":"221773439"},"billing_class":"institutional","setting":"inpatient","payments":[{"allowed_amount":1313.31,"providers":[{"billed_charge":2488.50,"npi":[1386746592,1730405762]}]}]},{"tin":{"type":"ein","value":"221773439"},"billing_class":"institutional","setting":"inpatient","payments":[{"allowed_amount":1632.65,"providers":[{"billed_charge":2488.50,"npi":[1386746592,1730405762]}]}]},{"tin":{"type":"ein","value":"221773439"},"billing_class":"institutional","setting":"inpatient","payments":[{"allowed_amount":1647.43,"providers":[{"billed_charge":2488.50,"npi":[1386746592,1730405762]}]}]},{"tin":{"type":"ein","value":"221773439"},"billing_class":"institutional","setting":"inpatient","payments":[{"allowed_amount":1723.03,"providers":[{"billed_charge":2488.50,"npi":[1386746592,1730405762]}]}]},{"tin":{"type":"ein","value":"221773439"},"billing_class":"institutional","setting":"inpatient","payments":[{"allowed_amount":1809.48,"providers":[{"billed_charge":2488.50,"npi":[1386746592,1730405762]}]}]},{"tin":{"type":"ein","value":"221773439"},"billing_class":"institutional","setting":"inpatient","payments":[{"allowed_amount":1904.47,"providers":[{"billed_charge":2488.50,"npi":[1386746592,1730405762]}]}]}]},{"name":"OPH SVCS MEDICAL XM&EVAL INTERMEDIATE EST PT","billing_code_type":"CPT","billing_code_type_version":"2020","billing_code":"92012","description":"OPH SVCS MEDICAL XM&EVAL INTERMEDIATE EST PT","allowed_amounts":[{"tin":{"type":"ein","value":"300098946"},"service_code":["11"],"billing_class":"professional","setting":"outpatient","payments":[{"allowed_amount":89.40,"providers":[{"billed_charge":149.00,"npi":[1346326626,1568580421]}]}]}]},{"name":"OPH SVCS MEDICAL XM&EVAL INTERMEDIATE NEW PT","billing_code_type":"CPT","billing_code_type_version":"2020","billing_code":"92002","description":"OPH SVCS MEDICAL XM&EVAL INTERMEDIATE NEW PT","allowed_amounts":[{"tin":{"type":"ein","value":"300098946"},"service_code":["11"],"billing_class":"professional","setting":"outpatient","payments":[{"allowed_amount":89.94,"providers":[{"billed_charge":149.00,"npi":[1346326626,1568580421]}]}]}]},{"name":"OTHER IMAGING SERVICES: ULTRASOUND","billing_code_type":"RC","billing_code_type_version":"UB04","billing_code":"0402","description":"OTHER IMAGING SERVICES: ULTRASOUND","allowed_amounts":[{"tin":{"type":"ein","value":"810801427"},"billing_class":"institutional","setting":"inpatient","payments":[{"allowed_amount":689.47,"providers":[{"billed_charge":5121.00,"npi":[1417312018]}]}]}]},{"name":"PHARMACY","billing_code_type":"RC","billing_code_type_version":"UB04","billing_code":"0250","description":"PHARMACY","allowed_amounts":[{"tin":{"type":"ein","value":"221773439"},"billing_class":"institutional","setting":"inpatient","payments":[{"allowed_amount":343.00,"providers":[{"billed_charge":1140.00,"npi":[1386746592,1730405762]}]}]}]},{"name":"PHARMACY: IV SOLUTIONS","billing_code_type":"RC","billing_code_type_version":"UB04","billing_code":"0258","description":"PHARMACY: IV SOLUTIONS","allowed_amounts":[{"tin":{"type":"ein","value":"221773439"},"billing_class":"institutional","setting":"inpatient","payments":[{"allowed_amount":5.00,"providers":[{"billed_charge":16.25,"npi":[1386746592,1730405762]}]}]},{"tin":{"type":"ein","value":"221773439"},"billing_class":"institutional","setting":"inpatient","payments":[{"allowed_amount":6.00,"providers":[{"billed_charge":20.00,"npi":[1386746592,1730405762]}]}]},{"tin":{"type":"ein","value":"596012065"},"billing_class":"institutional","setting":"inpatient","payments":[{"allowed_amount":0.00,"providers":[{"billed_charge":190.00,"npi":[1265460232]}]}]}]},{"name":"PRLNG HI\/OBS CARE EM BYD TT;EA 15 M","billing_code_type":"HCPCS","billing_code_type_version":"HCPCS LEVEL II 2021","billing_code":"G0316","description":"PRLNG HI\/OBS CARE EM BYD TT;EA 15 M","allowed_amounts":[{"tin":{"type":"ein","value":"883092015"},"service_code":["21"],"billing_class":"professional","setting":"inpatient","payments":[{"allowed_amount":224.19,"providers":[{"billed_charge":450.00,"npi":[1497311468,1568225712]}]}]}]},{"name":"PRVS TST MATL&EQUIP HM INR MON;Q WK","billing_code_type":"HCPCS","billing_code_type_version":"HCPCS LEVEL II 2021","billing_code":"G0249","description":"PRVS TST MATL&EQUIP HM INR MON;Q WK","allowed_amounts":[{"tin":{"type":"ein","value":"592852900"},"service_code":["49"],"billing_class":"professional","setting":"outpatient","payments":[{"allowed_amount":99.95,"providers":[{"billed_charge":280.00,"npi":[1558395541]}]}]}]},{"name":"PSYCHIATRIC DIAGNOSTIC EVALUATION","billing_code_type":"CPT","billing_code_type_version":"2020","billing_code":"90791","description":"PSYCHIATRIC DIAGNOSTIC EVALUATION","allowed_amounts":[{"tin":{"type":"ein","value":"922935574"},"service_code":["02"],"billing_class":"professional","setting":"outpatient","payments":[{"allowed_amount":0.00,"providers":[{"billed_charge":250.00,"npi":[1750856506]}]}]},{"tin":{"type":"ein","value":"922935574"},"service_code":["02"],"billing_class":"professional","setting":"outpatient","payments":[{"allowed_amount":155.65,"providers":[{"billed_charge":250.00,"npi":[1750856506]}]}]}]},{"name":"PSYCHIATRIC\/PSYCHOLOGICAL SVCS: PARTIAL HOSP - LES","billing_code_type":"RC","billing_code_type_version":"UB04","billing_code":"0912","description":"PSYCHIATRIC\/PSYCHOLOGICAL SVCS: PARTIAL HOSP - LES","allowed_amounts":[{"tin":{"type":"ein","value":"863008699"},"billing_class":"institutional","setting":"inpatient","payments":[{"allowed_amount":635.06,"providers":[{"billed_charge":3500.00,"npi":[1063092294]}]}]},{"tin":{"type":"ein","value":"863357776"},"billing_class":"institutional","setting":"inpatient","payments":[{"allowed_amount":527.22,"providers":[{"billed_charge":3410.00,"npi":[1881265197]}]}]},{"tin":{"type":"ein","value":"863357776"},"billing_class":"institutional","setting":"inpatient","payments":[{"allowed_amount":790.00,"providers":[{"billed_charge":3410.00,"npi":[1881265197]}]}]}]},{"name":"PSYCHIATRIC\/PSYCHOLOGICAL TRT","billing_code_type":"RC","billing_code_type_version":"UB04","billing_code":"0900","description":"PSYCHIATRIC\/PSYCHOLOGICAL TRT","allowed_amounts":[{"tin":{"type":"ein","value":"863357776"},"billing_class":"institutional","setting":"inpatient","payments":[{"allowed_amount":240.01,"providers":[{"billed_charge":850.00,"npi":[1881265197]}]}]}]},{"name":"PSYCHIATRIC\/PSYCHOLOGICAL TRT: INTENSIVE OUT SERV","billing_code_type":"RC","billing_code_type_version":"UB04","billing_code":"0906","description":"PSYCHIATRIC\/PSYCHOLOGICAL TRT: INTENSIVE OUT SERV","allowed_amounts":[{"tin":{"type":"ein","value":"863008699"},"billing_class":"institutional","setting":"inpatient","payments":[{"allowed_amount":298.33,"providers":[{"billed_charge":2750.00,"npi":[1063092294]}]}]},{"tin":{"type":"ein","value":"863357776"},"billing_class":"institutional","setting":"inpatient","payments":[{"allowed_amount":363.00,"providers":[{"billed_charge":2540.00,"npi":[1881265197]}]}]},{"tin":{"type":"ein","value":"934117803"},"billing_class":"institutional","setting":"inpatient","payments":[{"allowed_amount":340.00,"providers":[{"billed_charge":2850.00,"npi":[1538977707]}]}]}]},{"name":"PSYCHOTHERAPY W\/PATIENT 60 MINUTES","billing_code_type":"CPT","billing_code_type_version":"2020","billing_code":"90837","description":"PSYCHOTHERAPY W\/PATIENT 60 MINUTES","allowed_amounts":[{"tin":{"type":"ein","value":"343362458"},"service_code":["10"],"billing_class":"professional","setting":"outpatient","payments":[{"allowed_amount":148.82,"providers":[{"billed_charge":200.00,"npi":[1669429767]}]}]},{"tin":{"type":"ein","value":"343362458"},"service_code":["10"],"billing_class":"professional","setting":"outpatient","payments":[{"allowed_amount":179.98,"providers":[{"billed_charge":200.00,"npi":[1669429767]}]}]},{"tin":{"type":"ein","value":"862124395"},"service_code":["02"],"billing_class":"professional","setting":"outpatient","payments":[{"allowed_amount":120.19,"providers":[{"billed_charge":133.58,"npi":[1265025597,1811580111]}]}]},{"tin":{"type":"ein","value":"862124395"},"service_code":["02"],"billing_class":"professional","setting":"outpatient","payments":[{"allowed_amount":120.21,"providers":[{"billed_charge":133.58,"npi":[1265025597,1811580111]}]}]},{"tin":{"type":"ein","value":"922935574"},"service_code":["02"],"billing_class":"professional","setting":"outpatient","payments":[{"allowed_amount":144.10,"providers":[{"billed_charge":250.00,"npi":[1750856506]}]}]}]},{"name":"PSYCHOTHERAPY W\/PATIENT W\/E&M SRVCS 30 MIN","billing_code_type":"CPT","billing_code_type_version":"2020","billing_code":"90833","description":"PSYCHOTHERAPY W\/PATIENT W\/E&M SRVCS 30 MIN","allowed_amounts":[{"tin":{"type":"ein","value":"922230876"},"service_code":["11"],"billing_class":"professional","setting":"outpatient","payments":[{"allowed_amount":87.43,"providers":[{"billed_charge":400.00,"npi":[1508563651,1609254051]}]}]}]},{"name":"RADEX ANKLE COMPLETE MINIMUM 3 VIEWS","billing_code_type":"CPT","billing_code_type_version":"2020","billing_code":"73610","description":"RADEX ANKLE COMPLETE MINIMUM 3 VIEWS","allowed_amounts":[{"tin":{"type":"ein","value":"332036791"},"service_code":["11"],"billing_class":"professional","setting":"outpatient","payments":[{"allowed_amount":7.81,"providers":[{"billed_charge":37.00,"npi":[1588624993,1841015245,1962028704]}]}]}]},{"name":"RADEX FOOT COMPLETE MINIMUM 3 VIEWS","billing_code_type":"CPT","billing_code_type_version":"2020","billing_code":"73630","description":"RADEX FOOT COMPLETE MINIMUM 3 VIEWS","allowed_amounts":[{"tin":{"type":"ein","value":"332036791"},"service_code":["11"],"billing_class":"professional","setting":"outpatient","payments":[{"allowed_amount":7.51,"providers":[{"billed_charge":35.00,"npi":[1588624993,1841015245,1962028704]}]}]}]},{"name":"RADEX SPINE LUMBOSACRAL 2\/3 VIEWS","billing_code_type":"CPT","billing_code_type_version":"2020","billing_code":"72100","description":"RADEX SPINE LUMBOSACRAL 2\/3 VIEWS","allowed_amounts":[{"tin":{"type":"ein","value":"463378920"},"service_code":["11"],"billing_class":"professional","setting":"outpatient","payments":[{"allowed_amount":0.00,"providers":[{"billed_charge":400.00,"npi":[1780472357]}]}]}]},{"name":"RADIOLOGY - DIAGNOSTIC","billing_code_type":"RC","billing_code_type_version":"UB04","billing_code":"0320","description":"RADIOLOGY - DIAGNOSTIC","allowed_amounts":[{"tin":{"type":"ein","value":"372101937"},"billing_class":"institutional","setting":"inpatient","payments":[{"allowed_amount":33.80,"providers":[{"billed_charge":100.00,"npi":[1902848864,1962109033]}]}]},{"tin":{"type":"ein","value":"596014973"},"billing_class":"institutional","setting":"inpatient","payments":[{"allowed_amount":953.00,"providers":[{"billed_charge":953.00,"npi":[1780667923]}]}]},{"tin":{"type":"ein","value":"851516898"},"billing_class":"institutional","setting":"inpatient","payments":[{"allowed_amount":0.00,"providers":[{"billed_charge":704.00,"npi":[1518539048]},{"billed_charge":1100.00,"npi":[1518539048]}]},{"allowed_amount":0.00,"providers":[{"billed_charge":704.00,"npi":[1518539048]},{"billed_charge":1100.00,"npi":[1518539048]}]}]},{"tin":{"type":"ein","value":"851516898"},"billing_class":"institutional","setting":"inpatient","payments":[{"allowed_amount":0.00,"providers":[{"billed_charge":704.00,"npi":[1518539048]},{"billed_charge":1100.00,"npi":[1518539048]}]},{"allowed_amount":0.00,"providers":[{"billed_charge":704.00,"npi":[1518539048]},{"billed_charge":1100.00,"npi":[1518539048]}]}]}]},{"name":"RADIOLOGY - DIAGNOSTIC: CHEST X-RAY","billing_code_type":"RC","billing_code_type_version":"UB04","billing_code":"0324","description":"RADIOLOGY - DIAGNOSTIC: CHEST X-RAY","allowed_amounts":[{"tin":{"type":"ein","value":"810801427"},"billing_class":"institutional","setting":"inpatient","payments":[{"allowed_amount":233.46,"providers":[{"billed_charge":1734.00,"npi":[1417312018]}]}]}]},{"name":"RECOVERY ROOM","billing_code_type":"RC","billing_code_type_version":"UB04","billing_code":"0710","description":"RECOVERY ROOM","allowed_amounts":[{"tin":{"type":"ein","value":"221773439"},"billing_class":"institutional","setting":"inpatient","payments":[{"allowed_amount":628.00,"providers":[{"billed_charge":5033.00,"npi":[1386746592,1730405762]}]}]}]},{"name":"RESIDENTIAL TREATMENT-CHEMICAL DEPENDENCY","billing_code_type":"RC","billing_code_type_version":"UB04","billing_code":"1002","description":"RESIDENTIAL TREATMENT-CHEMICAL DEPENDENCY","allowed_amounts":[{"tin":{"type":"ein","value":"852831387"},"billing_class":"institutional","setting":"inpatient","payments":[{"allowed_amount":2700.00,"providers":[{"billed_charge":4260.00,"npi":[1164408498,1568031615]}]}]},{"tin":{"type":"ein","value":"863172351"},"billing_class":"institutional","setting":"inpatient","payments":[{"allowed_amount":3300.00,"providers":[{"billed_charge":7500.00,"npi":[1861613481,1962177428]}]}]},{"tin":{"type":"ein","value":"863172351"},"billing_class":"institutional","setting":"inpatient","payments":[{"allowed_amount":3333.00,"providers":[{"billed_charge":7500.00,"npi":[1861613481,1962177428]}]}]}]},{"name":"SBSQ HOSPITAL IP\/OBS CARE HIGH MDM 50 MINUTES","billing_code_type":"CPT","billing_code_type_version":"2020","billing_code":"99233","description":"SBSQ HOSPITAL IP\/OBS CARE HIGH MDM 50 MINUTES","allowed_amounts":[{"tin":{"type":"ein","value":"752613493"},"service_code":["21"],"billing_class":"professional","setting":"inpatient","payments":[{"allowed_amount":117.86,"providers":[{"billed_charge":342.00,"npi":[1174573596,1356885974]}]}]},{"tin":{"type":"ein","value":"822994185"},"service_code":["61"],"billing_class":"professional","setting":"inpatient","payments":[{"allowed_amount":109.24,"providers":[{"billed_charge":315.00,"npi":[1558059428,1811526478,1861986465,1942596168]}]}]},{"tin":{"type":"ein","value":"883092015"},"service_code":["21"],"billing_class":"professional","setting":"inpatient","payments":[{"allowed_amount":113.93,"providers":[{"billed_charge":450.00,"npi":[1497311468,1568225712]}]}]}]},{"name":"SBSQ HOSPITAL IP\/OBS CARE MOD MDM 35 MINUTES","billing_code_type":"CPT","billing_code_type_version":"2020","billing_code":"99232","description":"SBSQ HOSPITAL IP\/OBS CARE MOD MDM 35 MINUTES","allowed_amounts":[{"tin":{"type":"ein","value":"822994185"},"service_code":["61"],"billing_class":"professional","setting":"inpatient","payments":[{"allowed_amount":72.94,"providers":[{"billed_charge":222.00,"npi":[1558059428,1861986465,1942596168]}]}]},{"tin":{"type":"ein","value":"822994185"},"service_code":["61"],"billing_class":"professional","setting":"inpatient","payments":[{"allowed_amount":72.95,"providers":[{"billed_charge":222.00,"npi":[1558059428,1811526478,1861986465,1942596168]}]}]}]},{"name":"SCREENING FOR DEPRESSION PERFORMED","billing_code_type":"CPT","billing_code_type_version":"2020","billing_code":"3725F","description":"SCREENING FOR DEPRESSION PERFORMED","allowed_amounts":[{"tin":{"type":"ein","value":"141628237"},"service_code":["11"],"billing_class":"professional","setting":"outpatient","payments":[{"allowed_amount":0.00,"providers":[{"billed_charge":0.01,"npi":[1013928159,1467896480]}]}]}]},{"name":"SCREENING TEST VISUAL ACUITY QUANTITATIVE BILAT","billing_code_type":"CPT","billing_code_type_version":"2020","billing_code":"99173","description":"SCREENING TEST VISUAL ACUITY QUANTITATIVE BILAT","allowed_amounts":[{"tin":{"type":"ein","value":"372101937"},"billing_class":"institutional","setting":"inpatient","payments":[{"allowed_amount":0.00,"providers":[{"billed_charge":23.00,"npi":[1023190733,1093984437,1962109033]},{"billed_charge":1426.00,"npi":[1023190733,1962109033]}]},{"allowed_amount":0.00,"providers":[{"billed_charge":23.00,"npi":[1023190733,1093984437,1962109033]},{"billed_charge":1426.00,"npi":[1023190733,1962109033]}]}]},{"tin":{"type":"ein","value":"372101937"},"billing_class":"institutional","setting":"inpatient","payments":[{"allowed_amount":0.00,"providers":[{"billed_charge":23.00,"npi":[1023190733,1093984437,1962109033]},{"billed_charge":1426.00,"npi":[1023190733,1962109033]}]},{"allowed_amount":0.00,"providers":[{"billed_charge":23.00,"npi":[1023190733,1093984437,1962109033]},{"billed_charge":1426.00,"npi":[1023190733,1962109033]}]}]}]},{"name":"SERVICES PROVIDED IN URGENT","billing_code_type":"HCPCS","billing_code_type_version":"HCPCS LEVEL II 2021","billing_code":"S9088","description":"SERVICES PROVIDED IN URGENT","allowed_amounts":[{"tin":{"type":"ein","value":"861738064"},"service_code":["20"],"billing_class":"professional","setting":"outpatient","payments":[{"allowed_amount":0.00,"providers":[{"billed_charge":0.01,"npi":[1235722430,1508072687]}]}]},{"tin":{"type":"ein","value":"900795697"},"service_code":["20"],"billing_class":"professional","setting":"outpatient","payments":[{"allowed_amount":0.00,"providers":[{"billed_charge":30.00,"npi":[1346834694,1558125815]}]}]}]},{"name":"SHORT-LATENCY SOMATOSENS EP STD UPR & LOW LIMB","billing_code_type":"CPT","billing_code_type_version":"2020","billing_code":"95938","description":"SHORT-LATENCY SOMATOSENS EP STD UPR & LOW LIMB","allowed_amounts":[{"tin":{"type":"ein","value":"262188574"},"service_code":["24"],"billing_class":"professional","setting":"outpatient","payments":[{"allowed_amount":1817.00,"providers":[{"billed_charge":3563.00,"npi":[1124253075,1780612671,1972798379]}]}]}]},{"name":"SLCTV CATH INTRNL CAROTID ART ANGIO INTRCRNL ART","billing_code_type":"CPT","billing_code_type_version":"2020","billing_code":"36224","description":"SLCTV CATH INTRNL CAROTID ART ANGIO INTRCRNL ART","allowed_amounts":[{"tin":{"type":"ein","value":"923721740"},"service_code":["21"],"billing_class":"professional","setting":"inpatient","payments":[{"allowed_amount":981.06,"providers":[{"billed_charge":84974.00,"npi":[1013123280,1942993043]}]}]}]},{"name":"SLCTV CATH VERTEBRAL ART ANGIO VERTEBRAL ARTERY","billing_code_type":"CPT","billing_code_type_version":"2020","billing_code":"36226","description":"SLCTV CATH VERTEBRAL ART ANGIO VERTEBRAL ARTERY","allowed_amounts":[{"tin":{"type":"ein","value":"923721740"},"service_code":["21"],"billing_class":"professional","setting":"inpatient","payments":[{"allowed_amount":491.69,"providers":[{"billed_charge":88865.00,"npi":[1013123280,1942993043]}]}]}]},{"name":"SLCTV CATH XTRNL CAROTID ANGIO XTRNL CAROTD CIRC","billing_code_type":"CPT","billing_code_type_version":"2020","billing_code":"36227","description":"SLCTV CATH XTRNL CAROTID ANGIO XTRNL CAROTD CIRC","allowed_amounts":[{"tin":{"type":"ein","value":"923721740"},"service_code":["21"],"billing_class":"professional","setting":"inpatient","payments":[{"allowed_amount":311.22,"providers":[{"billed_charge":16524.30,"npi":[1013123280,1942993043]}]}]}]},{"name":"SLCTV CATHJ EA 1ST ORD THRC\/BRCH\/CPHLC BRNCH","billing_code_type":"CPT","billing_code_type_version":"2020","billing_code":"36215","description":"SLCTV CATHJ EA 1ST ORD THRC\/BRCH\/CPHLC BRNCH","allowed_amounts":[{"tin":{"type":"ein","value":"923721740"},"service_code":["21"],"billing_class":"professional","setting":"inpatient","payments":[{"allowed_amount":0.00,"providers":[{"billed_charge":172239.60,"npi":[1013123280,1942993043]},{"billed_charge":364918.20,"npi":[1013123280,1942993043]}]},{"allowed_amount":0.00,"providers":[{"billed_charge":172239.60,"npi":[1013123280,1942993043]},{"billed_charge":364918.20,"npi":[1013123280,1942993043]}]}]},{"tin":{"type":"ein","value":"923721740"},"service_code":["21"],"billing_class":"professional","setting":"inpatient","payments":[{"allowed_amount":0.00,"providers":[{"billed_charge":172239.60,"npi":[1013123280,1942993043]},{"billed_charge":364918.20,"npi":[1013123280,1942993043]}]},{"allowed_amount":0.00,"providers":[{"billed_charge":172239.60,"npi":[1013123280,1942993043]},{"billed_charge":364918.20,"npi":[1013123280,1942993043]}]}]}]},{"name":"SLCTV CATHJ EA 2ND+ ORD THRC\/BRCH\/CPHLC BRNCH","billing_code_type":"CPT","billing_code_type_version":"2020","billing_code":"36218","description":"SLCTV CATHJ EA 2ND+ ORD THRC\/BRCH\/CPHLC BRNCH","allowed_amounts":[{"tin":{"type":"ein","value":"923721740"},"service_code":["21"],"billing_class":"professional","setting":"inpatient","payments":[{"allowed_amount":323.06,"providers":[{"billed_charge":7092.80,"npi":[1013123280,1942993043]}]}]}]},{"name":"SMN1 GENE ANALYSIS DOSAGE\/DELET ALYS W\/SMN2 ALYS","billing_code_type":"CPT","billing_code_type_version":"2020","billing_code":"81329","description":"SMN1 GENE ANALYSIS DOSAGE\/DELET ALYS W\/SMN2 ALYS","allowed_amounts":[{"tin":{"type":"ein","value":"743238060"},"service_code":["81"],"billing_class":"professional","setting":"outpatient","payments":[{"allowed_amount":46.58,"providers":[{"billed_charge":1050.00,"npi":[1346479169,1992800478]},{"billed_charge":1550.00,"npi":[1346479169,1992800478]}]},{"allowed_amount":46.58,"providers":[{"billed_charge":1050.00,"npi":[1346479169,1992800478]},{"billed_charge":1550.00,"npi":[1346479169,1992800478]}]}]},{"tin":{"type":"ein","value":"743238060"},"service_code":["81"],"billing_class":"professional","setting":"outpatient","payments":[{"allowed_amount":46.58,"providers":[{"billed_charge":1050.00,"npi":[1346479169,1992800478]},{"billed_charge":1550.00,"npi":[1346479169,1992800478]}]},{"allowed_amount":46.58,"providers":[{"billed_charge":1050.00,"npi":[1346479169,1992800478]},{"billed_charge":1550.00,"npi":[1346479169,1992800478]}]}]}]},{"name":"SPECIALTY CARE TRANSPORT","billing_code_type":"HCPCS","billing_code_type_version":"HCPCS LEVEL II 2021","billing_code":"A0434","description":"SPECIALTY CARE TRANSPORT","allowed_amounts":[{"tin":{"type":"ein","value":"383716596"},"service_code":["41"],"billing_class":"professional","setting":"outpatient","payments":[{"allowed_amount":1044.89,"providers":[{"billed_charge":6760.00,"npi":[1720046188]}]}]}]},{"name":"THERAPEUTIC PROPHYLACTIC\/DX INJECTION SUBQ\/IM","billing_code_type":"CPT","billing_code_type_version":"2020","billing_code":"96372","description":"THERAPEUTIC PROPHYLACTIC\/DX INJECTION SUBQ\/IM","allowed_amounts":[{"tin":{"type":"ein","value":"861738064"},"service_code":["20"],"billing_class":"professional","setting":"outpatient","payments":[{"allowed_amount":15.35,"providers":[{"billed_charge":40.00,"npi":[1235722430,1508072687]}]}]}]},{"name":"THERAPEUTIC PX 1\/> AREAS EACH 15 MIN EXERCISES","billing_code_type":"CPT","billing_code_type_version":"2020","billing_code":"97110","description":"THERAPEUTIC PX 1\/> AREAS EACH 15 MIN EXERCISES","allowed_amounts":[{"tin":{"type":"ein","value":"463378920"},"service_code":["11"],"billing_class":"professional","setting":"outpatient","payments":[{"allowed_amount":0.00,"providers":[{"billed_charge":125.00,"npi":[1780472357]}]}]},{"tin":{"type":"ein","value":"871620263"},"service_code":["11"],"billing_class":"professional","setting":"outpatient","payments":[{"allowed_amount":0.00,"providers":[{"billed_charge":220.00,"npi":[1588255095]}]}]}]},{"name":"TX INTER\/PR\/SUBTRCHNTRIC FEM FX IMED IMPLTSCREW","billing_code_type":"CPT","billing_code_type_version":"2020","billing_code":"27245","description":"TX INTER\/PR\/SUBTRCHNTRIC FEM FX IMED IMPLTSCREW","allowed_amounts":[{"tin":{"type":"ein","value":"824137362"},"service_code":["21"],"billing_class":"professional","setting":"inpatient","payments":[{"allowed_amount":1748.03,"providers":[{"billed_charge":3500.00,"npi":[1265859896,1679131114,1952629735]}]}]}]},{"name":"URNLS DIP STICK\/TABLET REAGENT AUTO MICROSCOPY","billing_code_type":"CPT","billing_code_type_version":"2020","billing_code":"81001","description":"URNLS DIP STICK\/TABLET REAGENT AUTO MICROSCOPY","allowed_amounts":[{"tin":{"type":"ein","value":"352539778"},"service_code":["81"],"billing_class":"professional","setting":"outpatient","payments":[{"allowed_amount":1.02,"providers":[{"billed_charge":3.96,"npi":[1003919069,1972971265]}]}]}]},{"name":"URNLS DIP STICK\/TABLET RGNT AUTO W\/O MICROSCOPY","billing_code_type":"CPT","billing_code_type_version":"2020","billing_code":"81003","description":"URNLS DIP STICK\/TABLET RGNT AUTO W\/O MICROSCOPY","allowed_amounts":[{"tin":{"type":"ein","value":"800564919"},"service_code":["23"],"billing_class":"professional","setting":"outpatient","payments":[{"allowed_amount":0.00,"providers":[{"billed_charge":22.00,"npi":[1205850310,1790749935,1942526298]}]}]},{"tin":{"type":"ein","value":"993559673"},"service_code":["11"],"billing_class":"professional","setting":"outpatient","payments":[{"allowed_amount":10.00,"providers":[{"billed_charge":10.00,"npi":[1184694523,1588400915]}]}]}]},{"name":"US PELVIC NONOBSTETRIC REAL-TIME IMAGE COMPLETE","billing_code_type":"CPT","billing_code_type_version":"2020","billing_code":"76856","description":"US PELVIC NONOBSTETRIC REAL-TIME IMAGE COMPLETE","allowed_amounts":[{"tin":{"type":"ein","value":"993559673"},"service_code":["11"],"billing_class":"professional","setting":"outpatient","payments":[{"allowed_amount":271.69,"providers":[{"billed_charge":350.00,"npi":[1184694523,1588400915]}]}]}]},{"name":"VISIT CPLX INHERENT E&M ASSOC MCS","billing_code_type":"HCPCS","billing_code_type_version":"HCPCS LEVEL II 2021","billing_code":"G2211","description":"VISIT CPLX INHERENT E&M ASSOC MCS","allowed_amounts":[{"tin":{"type":"ein","value":"920813815"},"service_code":["11"],"billing_class":"professional","setting":"outpatient","payments":[{"allowed_amount":0.00,"providers":[{"billed_charge":69.00,"npi":[1225853617,1861697948]}]}]}]},{"name":"WHO COCK-UP NONMOLDE PRE OTS","billing_code_type":"HCPCS","billing_code_type_version":"HCPCS LEVEL II 2021","billing_code":"L3908","description":"WHO COCK-UP NONMOLDE PRE OTS","allowed_amounts":[{"tin":{"type":"ein","value":"463877236"},"service_code":["11"],"billing_class":"professional","setting":"outpatient","payments":[{"allowed_amount":104.00,"providers":[{"billed_charge":780.00,"npi":[1003112244,1528434842]}]}]}]},{"name":"XTRNL PT ACTIVATED ECG REC DWNLD 30 DAYS","billing_code_type":"CPT","billing_code_type_version":"2020","billing_code":"93271","description":"XTRNL PT ACTIVATED ECG REC DWNLD 30 DAYS","allowed_amounts":[{"tin":{"type":"ein","value":"465119321"},"service_code":["81"],"billing_class":"professional","setting":"outpatient","payments":[{"allowed_amount":171.95,"providers":[{"billed_charge":1100.00,"npi":[1255607255,1912375148]}]}]}]}]}
