{"reporting_entity_name": "IEC Group_DBA AmeriBen",
	"reporting_entity_type": "Third Party Administrator",
	"plan_name": "LAZER SPOT, INC.",
	"plan_id_type": "ein",
	"plan_id": "582253369",
	"plan_market_type": "group",
	"last_updated_on": "2022-08-31","Version": "1.0.0","out_of_network":[{"name":"DRUGS REQUIRE SPECIFIC ID: DRUGS REQUIRING DETAIL","billing_code_type":"RC","billing_code_type_version":"UB04","billing_code":"0636","description":"DRUGS REQUIRE SPECIFIC ID: DRUGS REQUIRING DETAIL","allowed_amounts":[{"tin":{"type":"ein","value":"043110360"},"service_code":["65"],"billing_class":"institutional","payments":[{"allowed_amount":8.61,"billing_code_modifier":[""],"providers":[{"billed_charge":280.60,"npi":[1386877751,1407200074]}]}]},{"tin":{"type":"ein","value":"043110360"},"service_code":["65"],"billing_class":"institutional","payments":[{"allowed_amount":9.14,"billing_code_modifier":[""],"providers":[{"billed_charge":280.60,"npi":[1386877751,1407200074]}]}]},{"tin":{"type":"ein","value":"043110360"},"service_code":["65"],"billing_class":"institutional","payments":[{"allowed_amount":9.22,"billing_code_modifier":[""],"providers":[{"billed_charge":280.60,"npi":[1386877751,1407200074]}]}]}]},{"name":"MEDICAL\/SURGICAL SUPPLIES","billing_code_type":"RC","billing_code_type_version":"UB04","billing_code":"0270","description":"MEDICAL\/SURGICAL SUPPLIES","allowed_amounts":[{"tin":{"type":"ein","value":"043110360"},"service_code":["65"],"billing_class":"institutional","payments":[{"allowed_amount":4.15,"billing_code_modifier":[""],"providers":[{"billed_charge":135.24,"npi":[1386877751,1407200074]}]}]},{"tin":{"type":"ein","value":"043110360"},"service_code":["65"],"billing_class":"institutional","payments":[{"allowed_amount":4.41,"billing_code_modifier":[""],"providers":[{"billed_charge":135.24,"npi":[1386877751,1407200074]}]}]},{"tin":{"type":"ein","value":"043110360"},"service_code":["65"],"billing_class":"institutional","payments":[{"allowed_amount":4.45,"billing_code_modifier":[""],"providers":[{"billed_charge":135.24,"npi":[1386877751,1407200074]}]}]}]},{"name":"PSYCHOTHERAPY W\/PATIENT 30 MINUTES","billing_code_type":"CPT","billing_code_type_version":"2020","billing_code":"90832","description":"PSYCHOTHERAPY W\/PATIENT 30 MINUTES","allowed_amounts":[{"tin":{"type":"ein","value":"581958398"},"service_code":["11"],"billing_class":"professional","payments":[{"allowed_amount":99.00,"billing_code_modifier":[""],"providers":[{"billed_charge":99.00,"npi":[1215932215,1225586555,1750861308]}]}]}]},{"name":"REHAB","billing_code_type":"RC","billing_code_type_version":"UB04","billing_code":"0128","description":"REHAB","allowed_amounts":[{"tin":{"type":"ein","value":"453452287"},"service_code":["21"],"billing_class":"institutional","payments":[{"allowed_amount":1100.00,"billing_code_modifier":[""],"providers":[{"billed_charge":1995.00,"npi":[1295718237,1548512452]}]}]}]},{"name":"SBSQ HOSPITAL CARE\/DAY 25 MINUTES","billing_code_type":"CPT","billing_code_type_version":"2020","billing_code":"99232","description":"SBSQ HOSPITAL CARE\/DAY 25 MINUTES","allowed_amounts":[{"tin":{"type":"ein","value":"850900392"},"service_code":["21"],"billing_class":"professional","payments":[{"allowed_amount":104.00,"billing_code_modifier":[""],"providers":[{"billed_charge":104.00,"npi":[1134891559,1386106607,1396961983,1518589803,1649598004,1700221132,1730136839,1811939887]}]}]}]}]}
