{"reporting_entity_name": "IEC Group_DBA AmeriBen",
	"reporting_entity_type": "Third Party Administrator",
	"plan_name": "GKN AEROSPACE INC",
	"plan_id_type": "ein",
	"plan_id": "541566763",
	"plan_market_type": "group",
	"last_updated_on": "2025-09-01","Version": "1.0.0","out_of_network":[{"name":"ASSAY OF MAGNESIUM","billing_code_type":"CPT","billing_code_type_version":"2020","billing_code":"83735","description":"ASSAY OF MAGNESIUM","allowed_amounts":[{"tin":{"type":"ein","value":"800151023"},"service_code":["22"],"billing_class":"professional","payments":[{"allowed_amount":0.00,"billing_code_modifier":[""],"providers":[{"billed_charge":10.21,"npi":[1013277342,1194926279,1316196892,1528402427]}]}]},{"tin":{"type":"ein","value":"952645519"},"service_code":["21"],"billing_class":"professional","payments":[{"allowed_amount":0.00,"billing_code_modifier":[""],"providers":[{"billed_charge":38.93,"npi":[1528041811,1568431088,1588907174,1629047147]}]}]}]},{"name":"ASSAY OF PHOSPHORUS INORGANIC","billing_code_type":"CPT","billing_code_type_version":"2020","billing_code":"84100","description":"ASSAY OF PHOSPHORUS INORGANIC","allowed_amounts":[{"tin":{"type":"ein","value":"952645519"},"service_code":["21"],"billing_class":"professional","payments":[{"allowed_amount":0.00,"billing_code_modifier":[""],"providers":[{"billed_charge":30.25,"npi":[1528041811,1568431088,1588907174,1629047147]}]}]}]},{"name":"BASIC METABOLIC PANEL CALCIUM TOTAL","billing_code_type":"CPT","billing_code_type_version":"2020","billing_code":"80048","description":"BASIC METABOLIC PANEL CALCIUM TOTAL","allowed_amounts":[{"tin":{"type":"ein","value":"952645519"},"service_code":["21"],"billing_class":"professional","payments":[{"allowed_amount":0.00,"billing_code_modifier":[""],"providers":[{"billed_charge":121.30,"npi":[1528041811,1568431088,1588907174,1629047147]}]}]}]},{"name":"CHIROPRACTIC MANIPULATIVE TX SPINAL 1-2 REGIONS","billing_code_type":"CPT","billing_code_type_version":"2020","billing_code":"98940","description":"CHIROPRACTIC MANIPULATIVE TX SPINAL 1-2 REGIONS","allowed_amounts":[{"tin":{"type":"ein","value":"472428154"},"service_code":["11"],"billing_class":"professional","payments":[{"allowed_amount":0.00,"billing_code_modifier":[""],"providers":[{"billed_charge":65.00,"npi":[1306243696,1558670067]}]}]},{"tin":{"type":"ein","value":"872477087"},"service_code":["11"],"billing_class":"professional","payments":[{"allowed_amount":0.00,"billing_code_modifier":[""],"providers":[{"billed_charge":55.26,"npi":[1396414223,1770028672]}]}]}]},{"name":"CRITICAL CARE ILL\/INJURED PATIENT INIT 30-74 MIN","billing_code_type":"CPT","billing_code_type_version":"2020","billing_code":"99291","description":"CRITICAL CARE ILL\/INJURED PATIENT INIT 30-74 MIN","allowed_amounts":[{"tin":{"type":"ein","value":"271661214"},"service_code":["22"],"billing_class":"professional","payments":[{"allowed_amount":308.30,"billing_code_modifier":[""],"providers":[{"billed_charge":1534.00,"npi":[1043598865,1598835308,1861847790]}]}]},{"tin":{"type":"ein","value":"452723829"},"service_code":["21"],"billing_class":"professional","payments":[{"allowed_amount":308.30,"billing_code_modifier":[""],"providers":[{"billed_charge":1534.00,"npi":[1083077333,1194070169,1598835308,1780961599]}]}]}]},{"name":"EMERGENCY DEPARTMENT VISIT HIGH MDM","billing_code_type":"CPT","billing_code_type_version":"2020","billing_code":"99285","description":"EMERGENCY DEPARTMENT VISIT HIGH MDM","allowed_amounts":[{"tin":{"type":"ein","value":"201064117"},"service_code":["23"],"billing_class":"professional","payments":[{"allowed_amount":367.86,"billing_code_modifier":[""],"providers":[{"billed_charge":1211.00,"npi":[1497790539,1659359446,1669714523,1962439505]}]}]},{"tin":{"type":"ein","value":"464467849"},"service_code":["23"],"billing_class":"professional","payments":[{"allowed_amount":367.86,"billing_code_modifier":[""],"providers":[{"billed_charge":1213.00,"npi":[1306022959,1326579319,1477991859,1528041811,1629116058,1649692716,1932584612]}]}]},{"tin":{"type":"ein","value":"921846432"},"service_code":["23"],"billing_class":"professional","payments":[{"allowed_amount":367.86,"billing_code_modifier":[""],"providers":[{"billed_charge":1237.00,"npi":[1194429233,1407839921,1609041334,1760450340,1881893519]}]}]}]},{"name":"GLUC BLD GLUC MNTR DEV CLEARED FDA SPEC HOME USE","billing_code_type":"CPT","billing_code_type_version":"2020","billing_code":"82962","description":"GLUC BLD GLUC MNTR DEV CLEARED FDA SPEC HOME USE","allowed_amounts":[{"tin":{"type":"ein","value":"952645519"},"service_code":["21"],"billing_class":"professional","payments":[{"allowed_amount":0.00,"billing_code_modifier":[""],"providers":[{"billed_charge":35.93,"npi":[1528041811,1568431088,1588907174,1629047147]}]}]}]},{"name":"HOURLY CHARGE","billing_code_type":"RC","billing_code_type_version":"UB04","billing_code":"0552","description":"HOURLY CHARGE","allowed_amounts":[{"tin":{"type":"ein","value":"770646160"},"service_code":["12"],"billing_class":"institutional","payments":[{"allowed_amount":0.00,"billing_code_modifier":[""],"providers":[{"billed_charge":680.00,"npi":[1205371721]},{"billed_charge":925.00,"npi":[1205371721]},{"billed_charge":960.00,"npi":[1205371721]},{"billed_charge":1040.00,"npi":[1205371721]},{"billed_charge":1120.00,"npi":[1205371721]},{"billed_charge":1280.00,"npi":[1205371721]},{"billed_charge":1295.00,"npi":[1205371721]},{"billed_charge":1320.00,"npi":[1205371721]},{"billed_charge":1440.00,"npi":[1205371721]},{"billed_charge":1480.00,"npi":[1205371721]},{"billed_charge":2035.00,"npi":[1205371721]},{"billed_charge":2220.00,"npi":[1205371721]}]},{"allowed_amount":0.00,"billing_code_modifier":[""],"providers":[{"billed_charge":680.00,"npi":[1205371721]},{"billed_charge":925.00,"npi":[1205371721]},{"billed_charge":960.00,"npi":[1205371721]},{"billed_charge":1040.00,"npi":[1205371721]},{"billed_charge":1120.00,"npi":[1205371721]},{"billed_charge":1280.00,"npi":[1205371721]},{"billed_charge":1295.00,"npi":[1205371721]},{"billed_charge":1320.00,"npi":[1205371721]},{"billed_charge":1440.00,"npi":[1205371721]},{"billed_charge":1480.00,"npi":[1205371721]},{"billed_charge":2035.00,"npi":[1205371721]},{"billed_charge":2220.00,"npi":[1205371721]}]},{"allowed_amount":0.00,"billing_code_modifier":[""],"providers":[{"billed_charge":680.00,"npi":[1205371721]},{"billed_charge":925.00,"npi":[1205371721]},{"billed_charge":960.00,"npi":[1205371721]},{"billed_charge":1040.00,"npi":[1205371721]},{"billed_charge":1120.00,"npi":[1205371721]},{"billed_charge":1280.00,"npi":[1205371721]},{"billed_charge":1295.00,"npi":[1205371721]},{"billed_charge":1320.00,"npi":[1205371721]},{"billed_charge":1440.00,"npi":[1205371721]},{"billed_charge":1480.00,"npi":[1205371721]},{"billed_charge":2035.00,"npi":[1205371721]},{"billed_charge":2220.00,"npi":[1205371721]}]},{"allowed_amount":0.00,"billing_code_modifier":[""],"providers":[{"billed_charge":680.00,"npi":[1205371721]},{"billed_charge":925.00,"npi":[1205371721]},{"billed_charge":960.00,"npi":[1205371721]},{"billed_charge":1040.00,"npi":[1205371721]},{"billed_charge":1120.00,"npi":[1205371721]},{"billed_charge":1280.00,"npi":[1205371721]},{"billed_charge":1295.00,"npi":[1205371721]},{"billed_charge":1320.00,"npi":[1205371721]},{"billed_charge":1440.00,"npi":[1205371721]},{"billed_charge":1480.00,"npi":[1205371721]},{"billed_charge":2035.00,"npi":[1205371721]},{"billed_charge":2220.00,"npi":[1205371721]}]},{"allowed_amount":0.00,"billing_code_modifier":[""],"providers":[{"billed_charge":680.00,"npi":[1205371721]},{"billed_charge":925.00,"npi":[1205371721]},{"billed_charge":960.00,"npi":[1205371721]},{"billed_charge":1040.00,"npi":[1205371721]},{"billed_charge":1120.00,"npi":[1205371721]},{"billed_charge":1280.00,"npi":[1205371721]},{"billed_charge":1295.00,"npi":[1205371721]},{"billed_charge":1320.00,"npi":[1205371721]},{"billed_charge":1440.00,"npi":[1205371721]},{"billed_charge":1480.00,"npi":[1205371721]},{"billed_charge":2035.00,"npi":[1205371721]},{"billed_charge":2220.00,"npi":[1205371721]}]},{"allowed_amount":0.00,"billing_code_modifier":[""],"providers":[{"billed_charge":680.00,"npi":[1205371721]},{"billed_charge":925.00,"npi":[1205371721]},{"billed_charge":960.00,"npi":[1205371721]},{"billed_charge":1040.00,"npi":[1205371721]},{"billed_charge":1120.00,"npi":[1205371721]},{"billed_charge":1280.00,"npi":[1205371721]},{"billed_charge":1295.00,"npi":[1205371721]},{"billed_charge":1320.00,"npi":[1205371721]},{"billed_charge":1440.00,"npi":[1205371721]},{"billed_charge":1480.00,"npi":[1205371721]},{"billed_charge":2035.00,"npi":[1205371721]},{"billed_charge":2220.00,"npi":[1205371721]}]},{"allowed_amount":0.00,"billing_code_modifier":[""],"providers":[{"billed_charge":680.00,"npi":[1205371721]},{"billed_charge":925.00,"npi":[1205371721]},{"billed_charge":960.00,"npi":[1205371721]},{"billed_charge":1040.00,"npi":[1205371721]},{"billed_charge":1120.00,"npi":[1205371721]},{"billed_charge":1280.00,"npi":[1205371721]},{"billed_charge":1295.00,"npi":[1205371721]},{"billed_charge":1320.00,"npi":[1205371721]},{"billed_charge":1440.00,"npi":[1205371721]},{"billed_charge":1480.00,"npi":[1205371721]},{"billed_charge":2035.00,"npi":[1205371721]},{"billed_charge":2220.00,"npi":[1205371721]}]},{"allowed_amount":0.00,"billing_code_modifier":[""],"providers":[{"billed_charge":680.00,"npi":[1205371721]},{"billed_charge":925.00,"npi":[1205371721]},{"billed_charge":960.00,"npi":[1205371721]},{"billed_charge":1040.00,"npi":[1205371721]},{"billed_charge":1120.00,"npi":[1205371721]},{"billed_charge":1280.00,"npi":[1205371721]},{"billed_charge":1295.00,"npi":[1205371721]},{"billed_charge":1320.00,"npi":[1205371721]},{"billed_charge":1440.00,"npi":[1205371721]},{"billed_charge":1480.00,"npi":[1205371721]},{"billed_charge":2035.00,"npi":[1205371721]},{"billed_charge":2220.00,"npi":[1205371721]}]},{"allowed_amount":0.00,"billing_code_modifier":[""],"providers":[{"billed_charge":680.00,"npi":[1205371721]},{"billed_charge":925.00,"npi":[1205371721]},{"billed_charge":960.00,"npi":[1205371721]},{"billed_charge":1040.00,"npi":[1205371721]},{"billed_charge":1120.00,"npi":[1205371721]},{"billed_charge":1280.00,"npi":[1205371721]},{"billed_charge":1295.00,"npi":[1205371721]},{"billed_charge":1320.00,"npi":[1205371721]},{"billed_charge":1440.00,"npi":[1205371721]},{"billed_charge":1480.00,"npi":[1205371721]},{"billed_charge":2035.00,"npi":[1205371721]},{"billed_charge":2220.00,"npi":[1205371721]}]},{"allowed_amount":0.00,"billing_code_modifier":[""],"providers":[{"billed_charge":680.00,"npi":[1205371721]},{"billed_charge":925.00,"npi":[1205371721]},{"billed_charge":960.00,"npi":[1205371721]},{"billed_charge":1040.00,"npi":[1205371721]},{"billed_charge":1120.00,"npi":[1205371721]},{"billed_charge":1280.00,"npi":[1205371721]},{"billed_charge":1295.00,"npi":[1205371721]},{"billed_charge":1320.00,"npi":[1205371721]},{"billed_charge":1440.00,"npi":[1205371721]},{"billed_charge":1480.00,"npi":[1205371721]},{"billed_charge":2035.00,"npi":[1205371721]},{"billed_charge":2220.00,"npi":[1205371721]}]},{"allowed_amount":0.00,"billing_code_modifier":[""],"providers":[{"billed_charge":680.00,"npi":[1205371721]},{"billed_charge":925.00,"npi":[1205371721]},{"billed_charge":960.00,"npi":[1205371721]},{"billed_charge":1040.00,"npi":[1205371721]},{"billed_charge":1120.00,"npi":[1205371721]},{"billed_charge":1280.00,"npi":[1205371721]},{"billed_charge":1295.00,"npi":[1205371721]},{"billed_charge":1320.00,"npi":[1205371721]},{"billed_charge":1440.00,"npi":[1205371721]},{"billed_charge":1480.00,"npi":[1205371721]},{"billed_charge":2035.00,"npi":[1205371721]},{"billed_charge":2220.00,"npi":[1205371721]}]},{"allowed_amount":0.00,"billing_code_modifier":[""],"providers":[{"billed_charge":680.00,"npi":[1205371721]},{"billed_charge":925.00,"npi":[1205371721]},{"billed_charge":960.00,"npi":[1205371721]},{"billed_charge":1040.00,"npi":[1205371721]},{"billed_charge":1120.00,"npi":[1205371721]},{"billed_charge":1280.00,"npi":[1205371721]},{"billed_charge":1295.00,"npi":[1205371721]},{"billed_charge":1320.00,"npi":[1205371721]},{"billed_charge":1440.00,"npi":[1205371721]},{"billed_charge":1480.00,"npi":[1205371721]},{"billed_charge":2035.00,"npi":[1205371721]},{"billed_charge":2220.00,"npi":[1205371721]}]}]},{"tin":{"type":"ein","value":"770646160"},"service_code":["12"],"billing_class":"institutional","payments":[{"allowed_amount":0.00,"billing_code_modifier":[""],"providers":[{"billed_charge":680.00,"npi":[1205371721]},{"billed_charge":925.00,"npi":[1205371721]},{"billed_charge":960.00,"npi":[1205371721]},{"billed_charge":1040.00,"npi":[1205371721]},{"billed_charge":1120.00,"npi":[1205371721]},{"billed_charge":1280.00,"npi":[1205371721]},{"billed_charge":1295.00,"npi":[1205371721]},{"billed_charge":1320.00,"npi":[1205371721]},{"billed_charge":1440.00,"npi":[1205371721]},{"billed_charge":1480.00,"npi":[1205371721]},{"billed_charge":2035.00,"npi":[1205371721]},{"billed_charge":2220.00,"npi":[1205371721]}]},{"allowed_amount":0.00,"billing_code_modifier":[""],"providers":[{"billed_charge":680.00,"npi":[1205371721]},{"billed_charge":925.00,"npi":[1205371721]},{"billed_charge":960.00,"npi":[1205371721]},{"billed_charge":1040.00,"npi":[1205371721]},{"billed_charge":1120.00,"npi":[1205371721]},{"billed_charge":1280.00,"npi":[1205371721]},{"billed_charge":1295.00,"npi":[1205371721]},{"billed_charge":1320.00,"npi":[1205371721]},{"billed_charge":1440.00,"npi":[1205371721]},{"billed_charge":1480.00,"npi":[1205371721]},{"billed_charge":2035.00,"npi":[1205371721]},{"billed_charge":2220.00,"npi":[1205371721]}]},{"allowed_amount":0.00,"billing_code_modifier":[""],"providers":[{"billed_charge":680.00,"npi":[1205371721]},{"billed_charge":925.00,"npi":[1205371721]},{"billed_charge":960.00,"npi":[1205371721]},{"billed_charge":1040.00,"npi":[1205371721]},{"billed_charge":1120.00,"npi":[1205371721]},{"billed_charge":1280.00,"npi":[1205371721]},{"billed_charge":1295.00,"npi":[1205371721]},{"billed_charge":1320.00,"npi":[1205371721]},{"billed_charge":1440.00,"npi":[1205371721]},{"billed_charge":1480.00,"npi":[1205371721]},{"billed_charge":2035.00,"npi":[1205371721]},{"billed_charge":2220.00,"npi":[1205371721]}]},{"allowed_amount":0.00,"billing_code_modifier":[""],"providers":[{"billed_charge":680.00,"npi":[1205371721]},{"billed_charge":925.00,"npi":[1205371721]},{"billed_charge":960.00,"npi":[1205371721]},{"billed_charge":1040.00,"npi":[1205371721]},{"billed_charge":1120.00,"npi":[1205371721]},{"billed_charge":1280.00,"npi":[1205371721]},{"billed_charge":1295.00,"npi":[1205371721]},{"billed_charge":1320.00,"npi":[1205371721]},{"billed_charge":1440.00,"npi":[1205371721]},{"billed_charge":1480.00,"npi":[1205371721]},{"billed_charge":2035.00,"npi":[1205371721]},{"billed_charge":2220.00,"npi":[1205371721]}]},{"allowed_amount":0.00,"billing_code_modifier":[""],"providers":[{"billed_charge":680.00,"npi":[1205371721]},{"billed_charge":925.00,"npi":[1205371721]},{"billed_charge":960.00,"npi":[1205371721]},{"billed_charge":1040.00,"npi":[1205371721]},{"billed_charge":1120.00,"npi":[1205371721]},{"billed_charge":1280.00,"npi":[1205371721]},{"billed_charge":1295.00,"npi":[1205371721]},{"billed_charge":1320.00,"npi":[1205371721]},{"billed_charge":1440.00,"npi":[1205371721]},{"billed_charge":1480.00,"npi":[1205371721]},{"billed_charge":2035.00,"npi":[1205371721]},{"billed_charge":2220.00,"npi":[1205371721]}]},{"allowed_amount":0.00,"billing_code_modifier":[""],"providers":[{"billed_charge":680.00,"npi":[1205371721]},{"billed_charge":925.00,"npi":[1205371721]},{"billed_charge":960.00,"npi":[1205371721]},{"billed_charge":1040.00,"npi":[1205371721]},{"billed_charge":1120.00,"npi":[1205371721]},{"billed_charge":1280.00,"npi":[1205371721]},{"billed_charge":1295.00,"npi":[1205371721]},{"billed_charge":1320.00,"npi":[1205371721]},{"billed_charge":1440.00,"npi":[1205371721]},{"billed_charge":1480.00,"npi":[1205371721]},{"billed_charge":2035.00,"npi":[1205371721]},{"billed_charge":2220.00,"npi":[1205371721]}]},{"allowed_amount":0.00,"billing_code_modifier":[""],"providers":[{"billed_charge":680.00,"npi":[1205371721]},{"billed_charge":925.00,"npi":[1205371721]},{"billed_charge":960.00,"npi":[1205371721]},{"billed_charge":1040.00,"npi":[1205371721]},{"billed_charge":1120.00,"npi":[1205371721]},{"billed_charge":1280.00,"npi":[1205371721]},{"billed_charge":1295.00,"npi":[1205371721]},{"billed_charge":1320.00,"npi":[1205371721]},{"billed_charge":1440.00,"npi":[1205371721]},{"billed_charge":1480.00,"npi":[1205371721]},{"billed_charge":2035.00,"npi":[1205371721]},{"billed_charge":2220.00,"npi":[1205371721]}]},{"allowed_amount":0.00,"billing_code_modifier":[""],"providers":[{"billed_charge":680.00,"npi":[1205371721]},{"billed_charge":925.00,"npi":[1205371721]},{"billed_charge":960.00,"npi":[1205371721]},{"billed_charge":1040.00,"npi":[1205371721]},{"billed_charge":1120.00,"npi":[1205371721]},{"billed_charge":1280.00,"npi":[1205371721]},{"billed_charge":1295.00,"npi":[1205371721]},{"billed_charge":1320.00,"npi":[1205371721]},{"billed_charge":1440.00,"npi":[1205371721]},{"billed_charge":1480.00,"npi":[1205371721]},{"billed_charge":2035.00,"npi":[1205371721]},{"billed_charge":2220.00,"npi":[1205371721]}]},{"allowed_amount":0.00,"billing_code_modifier":[""],"providers":[{"billed_charge":680.00,"npi":[1205371721]},{"billed_charge":925.00,"npi":[1205371721]},{"billed_charge":960.00,"npi":[1205371721]},{"billed_charge":1040.00,"npi":[1205371721]},{"billed_charge":1120.00,"npi":[1205371721]},{"billed_charge":1280.00,"npi":[1205371721]},{"billed_charge":1295.00,"npi":[1205371721]},{"billed_charge":1320.00,"npi":[1205371721]},{"billed_charge":1440.00,"npi":[1205371721]},{"billed_charge":1480.00,"npi":[1205371721]},{"billed_charge":2035.00,"npi":[1205371721]},{"billed_charge":2220.00,"npi":[1205371721]}]},{"allowed_amount":0.00,"billing_code_modifier":[""],"providers":[{"billed_charge":680.00,"npi":[1205371721]},{"billed_charge":925.00,"npi":[1205371721]},{"billed_charge":960.00,"npi":[1205371721]},{"billed_charge":1040.00,"npi":[1205371721]},{"billed_charge":1120.00,"npi":[1205371721]},{"billed_charge":1280.00,"npi":[1205371721]},{"billed_charge":1295.00,"npi":[1205371721]},{"billed_charge":1320.00,"npi":[1205371721]},{"billed_charge":1440.00,"npi":[1205371721]},{"billed_charge":1480.00,"npi":[1205371721]},{"billed_charge":2035.00,"npi":[1205371721]},{"billed_charge":2220.00,"npi":[1205371721]}]},{"allowed_amount":0.00,"billing_code_modifier":[""],"providers":[{"billed_charge":680.00,"npi":[1205371721]},{"billed_charge":925.00,"npi":[1205371721]},{"billed_charge":960.00,"npi":[1205371721]},{"billed_charge":1040.00,"npi":[1205371721]},{"billed_charge":1120.00,"npi":[1205371721]},{"billed_charge":1280.00,"npi":[1205371721]},{"billed_charge":1295.00,"npi":[1205371721]},{"billed_charge":1320.00,"npi":[1205371721]},{"billed_charge":1440.00,"npi":[1205371721]},{"billed_charge":1480.00,"npi":[1205371721]},{"billed_charge":2035.00,"npi":[1205371721]},{"billed_charge":2220.00,"npi":[1205371721]}]},{"allowed_amount":0.00,"billing_code_modifier":[""],"providers":[{"billed_charge":680.00,"npi":[1205371721]},{"billed_charge":925.00,"npi":[1205371721]},{"billed_charge":960.00,"npi":[1205371721]},{"billed_charge":1040.00,"npi":[1205371721]},{"billed_charge":1120.00,"npi":[1205371721]},{"billed_charge":1280.00,"npi":[1205371721]},{"billed_charge":1295.00,"npi":[1205371721]},{"billed_charge":1320.00,"npi":[1205371721]},{"billed_charge":1440.00,"npi":[1205371721]},{"billed_charge":1480.00,"npi":[1205371721]},{"billed_charge":2035.00,"npi":[1205371721]},{"billed_charge":2220.00,"npi":[1205371721]}]}]},{"tin":{"type":"ein","value":"770646160"},"service_code":["12"],"billing_class":"institutional","payments":[{"allowed_amount":0.00,"billing_code_modifier":[""],"providers":[{"billed_charge":680.00,"npi":[1205371721]},{"billed_charge":925.00,"npi":[1205371721]},{"billed_charge":960.00,"npi":[1205371721]},{"billed_charge":1040.00,"npi":[1205371721]},{"billed_charge":1120.00,"npi":[1205371721]},{"billed_charge":1280.00,"npi":[1205371721]},{"billed_charge":1295.00,"npi":[1205371721]},{"billed_charge":1320.00,"npi":[1205371721]},{"billed_charge":1440.00,"npi":[1205371721]},{"billed_charge":1480.00,"npi":[1205371721]},{"billed_charge":2035.00,"npi":[1205371721]},{"billed_charge":2220.00,"npi":[1205371721]}]},{"allowed_amount":0.00,"billing_code_modifier":[""],"providers":[{"billed_charge":680.00,"npi":[1205371721]},{"billed_charge":925.00,"npi":[1205371721]},{"billed_charge":960.00,"npi":[1205371721]},{"billed_charge":1040.00,"npi":[1205371721]},{"billed_charge":1120.00,"npi":[1205371721]},{"billed_charge":1280.00,"npi":[1205371721]},{"billed_charge":1295.00,"npi":[1205371721]},{"billed_charge":1320.00,"npi":[1205371721]},{"billed_charge":1440.00,"npi":[1205371721]},{"billed_charge":1480.00,"npi":[1205371721]},{"billed_charge":2035.00,"npi":[1205371721]},{"billed_charge":2220.00,"npi":[1205371721]}]},{"allowed_amount":0.00,"billing_code_modifier":[""],"providers":[{"billed_charge":680.00,"npi":[1205371721]},{"billed_charge":925.00,"npi":[1205371721]},{"billed_charge":960.00,"npi":[1205371721]},{"billed_charge":1040.00,"npi":[1205371721]},{"billed_charge":1120.00,"npi":[1205371721]},{"billed_charge":1280.00,"npi":[1205371721]},{"billed_charge":1295.00,"npi":[1205371721]},{"billed_charge":1320.00,"npi":[1205371721]},{"billed_charge":1440.00,"npi":[1205371721]},{"billed_charge":1480.00,"npi":[1205371721]},{"billed_charge":2035.00,"npi":[1205371721]},{"billed_charge":2220.00,"npi":[1205371721]}]},{"allowed_amount":0.00,"billing_code_modifier":[""],"providers":[{"billed_charge":680.00,"npi":[1205371721]},{"billed_charge":925.00,"npi":[1205371721]},{"billed_charge":960.00,"npi":[1205371721]},{"billed_charge":1040.00,"npi":[1205371721]},{"billed_charge":1120.00,"npi":[1205371721]},{"billed_charge":1280.00,"npi":[1205371721]},{"billed_charge":1295.00,"npi":[1205371721]},{"billed_charge":1320.00,"npi":[1205371721]},{"billed_charge":1440.00,"npi":[1205371721]},{"billed_charge":1480.00,"npi":[1205371721]},{"billed_charge":2035.00,"npi":[1205371721]},{"billed_charge":2220.00,"npi":[1205371721]}]},{"allowed_amount":0.00,"billing_code_modifier":[""],"providers":[{"billed_charge":680.00,"npi":[1205371721]},{"billed_charge":925.00,"npi":[1205371721]},{"billed_charge":960.00,"npi":[1205371721]},{"billed_charge":1040.00,"npi":[1205371721]},{"billed_charge":1120.00,"npi":[1205371721]},{"billed_charge":1280.00,"npi":[1205371721]},{"billed_charge":1295.00,"npi":[1205371721]},{"billed_charge":1320.00,"npi":[1205371721]},{"billed_charge":1440.00,"npi":[1205371721]},{"billed_charge":1480.00,"npi":[1205371721]},{"billed_charge":2035.00,"npi":[1205371721]},{"billed_charge":2220.00,"npi":[1205371721]}]},{"allowed_amount":0.00,"billing_code_modifier":[""],"providers":[{"billed_charge":680.00,"npi":[1205371721]},{"billed_charge":925.00,"npi":[1205371721]},{"billed_charge":960.00,"npi":[1205371721]},{"billed_charge":1040.00,"npi":[1205371721]},{"billed_charge":1120.00,"npi":[1205371721]},{"billed_charge":1280.00,"npi":[1205371721]},{"billed_charge":1295.00,"npi":[1205371721]},{"billed_charge":1320.00,"npi":[1205371721]},{"billed_charge":1440.00,"npi":[1205371721]},{"billed_charge":1480.00,"npi":[1205371721]},{"billed_charge":2035.00,"npi":[1205371721]},{"billed_charge":2220.00,"npi":[1205371721]}]},{"allowed_amount":0.00,"billing_code_modifier":[""],"providers":[{"billed_charge":680.00,"npi":[1205371721]},{"billed_charge":925.00,"npi":[1205371721]},{"billed_charge":960.00,"npi":[1205371721]},{"billed_charge":1040.00,"npi":[1205371721]},{"billed_charge":1120.00,"npi":[1205371721]},{"billed_charge":1280.00,"npi":[1205371721]},{"billed_charge":1295.00,"npi":[1205371721]},{"billed_charge":1320.00,"npi":[1205371721]},{"billed_charge":1440.00,"npi":[1205371721]},{"billed_charge":1480.00,"npi":[1205371721]},{"billed_charge":2035.00,"npi":[1205371721]},{"billed_charge":2220.00,"npi":[1205371721]}]},{"allowed_amount":0.00,"billing_code_modifier":[""],"providers":[{"billed_charge":680.00,"npi":[1205371721]},{"billed_charge":925.00,"npi":[1205371721]},{"billed_charge":960.00,"npi":[1205371721]},{"billed_charge":1040.00,"npi":[1205371721]},{"billed_charge":1120.00,"npi":[1205371721]},{"billed_charge":1280.00,"npi":[1205371721]},{"billed_charge":1295.00,"npi":[1205371721]},{"billed_charge":1320.00,"npi":[1205371721]},{"billed_charge":1440.00,"npi":[1205371721]},{"billed_charge":1480.00,"npi":[1205371721]},{"billed_charge":2035.00,"npi":[1205371721]},{"billed_charge":2220.00,"npi":[1205371721]}]},{"allowed_amount":0.00,"billing_code_modifier":[""],"providers":[{"billed_charge":680.00,"npi":[1205371721]},{"billed_charge":925.00,"npi":[1205371721]},{"billed_charge":960.00,"npi":[1205371721]},{"billed_charge":1040.00,"npi":[1205371721]},{"billed_charge":1120.00,"npi":[1205371721]},{"billed_charge":1280.00,"npi":[1205371721]},{"billed_charge":1295.00,"npi":[1205371721]},{"billed_charge":1320.00,"npi":[1205371721]},{"billed_charge":1440.00,"npi":[1205371721]},{"billed_charge":1480.00,"npi":[1205371721]},{"billed_charge":2035.00,"npi":[1205371721]},{"billed_charge":2220.00,"npi":[1205371721]}]},{"allowed_amount":0.00,"billing_code_modifier":[""],"providers":[{"billed_charge":680.00,"npi":[1205371721]},{"billed_charge":925.00,"npi":[1205371721]},{"billed_charge":960.00,"npi":[1205371721]},{"billed_charge":1040.00,"npi":[1205371721]},{"billed_charge":1120.00,"npi":[1205371721]},{"billed_charge":1280.00,"npi":[1205371721]},{"billed_charge":1295.00,"npi":[1205371721]},{"billed_charge":1320.00,"npi":[1205371721]},{"billed_charge":1440.00,"npi":[1205371721]},{"billed_charge":1480.00,"npi":[1205371721]},{"billed_charge":2035.00,"npi":[1205371721]},{"billed_charge":2220.00,"npi":[1205371721]}]},{"allowed_amount":0.00,"billing_code_modifier":[""],"providers":[{"billed_charge":680.00,"npi":[1205371721]},{"billed_charge":925.00,"npi":[1205371721]},{"billed_charge":960.00,"npi":[1205371721]},{"billed_charge":1040.00,"npi":[1205371721]},{"billed_charge":1120.00,"npi":[1205371721]},{"billed_charge":1280.00,"npi":[1205371721]},{"billed_charge":1295.00,"npi":[1205371721]},{"billed_charge":1320.00,"npi":[1205371721]},{"billed_charge":1440.00,"npi":[1205371721]},{"billed_charge":1480.00,"npi":[1205371721]},{"billed_charge":2035.00,"npi":[1205371721]},{"billed_charge":2220.00,"npi":[1205371721]}]},{"allowed_amount":0.00,"billing_code_modifier":[""],"providers":[{"billed_charge":680.00,"npi":[1205371721]},{"billed_charge":925.00,"npi":[1205371721]},{"billed_charge":960.00,"npi":[1205371721]},{"billed_charge":1040.00,"npi":[1205371721]},{"billed_charge":1120.00,"npi":[1205371721]},{"billed_charge":1280.00,"npi":[1205371721]},{"billed_charge":1295.00,"npi":[1205371721]},{"billed_charge":1320.00,"npi":[1205371721]},{"billed_charge":1440.00,"npi":[1205371721]},{"billed_charge":1480.00,"npi":[1205371721]},{"billed_charge":2035.00,"npi":[1205371721]},{"billed_charge":2220.00,"npi":[1205371721]}]}]},{"tin":{"type":"ein","value":"770646160"},"service_code":["12"],"billing_class":"institutional","payments":[{"allowed_amount":0.00,"billing_code_modifier":[""],"providers":[{"billed_charge":680.00,"npi":[1205371721]},{"billed_charge":925.00,"npi":[1205371721]},{"billed_charge":960.00,"npi":[1205371721]},{"billed_charge":1040.00,"npi":[1205371721]},{"billed_charge":1120.00,"npi":[1205371721]},{"billed_charge":1280.00,"npi":[1205371721]},{"billed_charge":1295.00,"npi":[1205371721]},{"billed_charge":1320.00,"npi":[1205371721]},{"billed_charge":1440.00,"npi":[1205371721]},{"billed_charge":1480.00,"npi":[1205371721]},{"billed_charge":2035.00,"npi":[1205371721]},{"billed_charge":2220.00,"npi":[1205371721]}]},{"allowed_amount":0.00,"billing_code_modifier":[""],"providers":[{"billed_charge":680.00,"npi":[1205371721]},{"billed_charge":925.00,"npi":[1205371721]},{"billed_charge":960.00,"npi":[1205371721]},{"billed_charge":1040.00,"npi":[1205371721]},{"billed_charge":1120.00,"npi":[1205371721]},{"billed_charge":1280.00,"npi":[1205371721]},{"billed_charge":1295.00,"npi":[1205371721]},{"billed_charge":1320.00,"npi":[1205371721]},{"billed_charge":1440.00,"npi":[1205371721]},{"billed_charge":1480.00,"npi":[1205371721]},{"billed_charge":2035.00,"npi":[1205371721]},{"billed_charge":2220.00,"npi":[1205371721]}]},{"allowed_amount":0.00,"billing_code_modifier":[""],"providers":[{"billed_charge":680.00,"npi":[1205371721]},{"billed_charge":925.00,"npi":[1205371721]},{"billed_charge":960.00,"npi":[1205371721]},{"billed_charge":1040.00,"npi":[1205371721]},{"billed_charge":1120.00,"npi":[1205371721]},{"billed_charge":1280.00,"npi":[1205371721]},{"billed_charge":1295.00,"npi":[1205371721]},{"billed_charge":1320.00,"npi":[1205371721]},{"billed_charge":1440.00,"npi":[1205371721]},{"billed_charge":1480.00,"npi":[1205371721]},{"billed_charge":2035.00,"npi":[1205371721]},{"billed_charge":2220.00,"npi":[1205371721]}]},{"allowed_amount":0.00,"billing_code_modifier":[""],"providers":[{"billed_charge":680.00,"npi":[1205371721]},{"billed_charge":925.00,"npi":[1205371721]},{"billed_charge":960.00,"npi":[1205371721]},{"billed_charge":1040.00,"npi":[1205371721]},{"billed_charge":1120.00,"npi":[1205371721]},{"billed_charge":1280.00,"npi":[1205371721]},{"billed_charge":1295.00,"npi":[1205371721]},{"billed_charge":1320.00,"npi":[1205371721]},{"billed_charge":1440.00,"npi":[1205371721]},{"billed_charge":1480.00,"npi":[1205371721]},{"billed_charge":2035.00,"npi":[1205371721]},{"billed_charge":2220.00,"npi":[1205371721]}]},{"allowed_amount":0.00,"billing_code_modifier":[""],"providers":[{"billed_charge":680.00,"npi":[1205371721]},{"billed_charge":925.00,"npi":[1205371721]},{"billed_charge":960.00,"npi":[1205371721]},{"billed_charge":1040.00,"npi":[1205371721]},{"billed_charge":1120.00,"npi":[1205371721]},{"billed_charge":1280.00,"npi":[1205371721]},{"billed_charge":1295.00,"npi":[1205371721]},{"billed_charge":1320.00,"npi":[1205371721]},{"billed_charge":1440.00,"npi":[1205371721]},{"billed_charge":1480.00,"npi":[1205371721]},{"billed_charge":2035.00,"npi":[1205371721]},{"billed_charge":2220.00,"npi":[1205371721]}]},{"allowed_amount":0.00,"billing_code_modifier":[""],"providers":[{"billed_charge":680.00,"npi":[1205371721]},{"billed_charge":925.00,"npi":[1205371721]},{"billed_charge":960.00,"npi":[1205371721]},{"billed_charge":1040.00,"npi":[1205371721]},{"billed_charge":1120.00,"npi":[1205371721]},{"billed_charge":1280.00,"npi":[1205371721]},{"billed_charge":1295.00,"npi":[1205371721]},{"billed_charge":1320.00,"npi":[1205371721]},{"billed_charge":1440.00,"npi":[1205371721]},{"billed_charge":1480.00,"npi":[1205371721]},{"billed_charge":2035.00,"npi":[1205371721]},{"billed_charge":2220.00,"npi":[1205371721]}]},{"allowed_amount":0.00,"billing_code_modifier":[""],"providers":[{"billed_charge":680.00,"npi":[1205371721]},{"billed_charge":925.00,"npi":[1205371721]},{"billed_charge":960.00,"npi":[1205371721]},{"billed_charge":1040.00,"npi":[1205371721]},{"billed_charge":1120.00,"npi":[1205371721]},{"billed_charge":1280.00,"npi":[1205371721]},{"billed_charge":1295.00,"npi":[1205371721]},{"billed_charge":1320.00,"npi":[1205371721]},{"billed_charge":1440.00,"npi":[1205371721]},{"billed_charge":1480.00,"npi":[1205371721]},{"billed_charge":2035.00,"npi":[1205371721]},{"billed_charge":2220.00,"npi":[1205371721]}]},{"allowed_amount":0.00,"billing_code_modifier":[""],"providers":[{"billed_charge":680.00,"npi":[1205371721]},{"billed_charge":925.00,"npi":[1205371721]},{"billed_charge":960.00,"npi":[1205371721]},{"billed_charge":1040.00,"npi":[1205371721]},{"billed_charge":1120.00,"npi":[1205371721]},{"billed_charge":1280.00,"npi":[1205371721]},{"billed_charge":1295.00,"npi":[1205371721]},{"billed_charge":1320.00,"npi":[1205371721]},{"billed_charge":1440.00,"npi":[1205371721]},{"billed_charge":1480.00,"npi":[1205371721]},{"billed_charge":2035.00,"npi":[1205371721]},{"billed_charge":2220.00,"npi":[1205371721]}]},{"allowed_amount":0.00,"billing_code_modifier":[""],"providers":[{"billed_charge":680.00,"npi":[1205371721]},{"billed_charge":925.00,"npi":[1205371721]},{"billed_charge":960.00,"npi":[1205371721]},{"billed_charge":1040.00,"npi":[1205371721]},{"billed_charge":1120.00,"npi":[1205371721]},{"billed_charge":1280.00,"npi":[1205371721]},{"billed_charge":1295.00,"npi":[1205371721]},{"billed_charge":1320.00,"npi":[1205371721]},{"billed_charge":1440.00,"npi":[1205371721]},{"billed_charge":1480.00,"npi":[1205371721]},{"billed_charge":2035.00,"npi":[1205371721]},{"billed_charge":2220.00,"npi":[1205371721]}]},{"allowed_amount":0.00,"billing_code_modifier":[""],"providers":[{"billed_charge":680.00,"npi":[1205371721]},{"billed_charge":925.00,"npi":[1205371721]},{"billed_charge":960.00,"npi":[1205371721]},{"billed_charge":1040.00,"npi":[1205371721]},{"billed_charge":1120.00,"npi":[1205371721]},{"billed_charge":1280.00,"npi":[1205371721]},{"billed_charge":1295.00,"npi":[1205371721]},{"billed_charge":1320.00,"npi":[1205371721]},{"billed_charge":1440.00,"npi":[1205371721]},{"billed_charge":1480.00,"npi":[1205371721]},{"billed_charge":2035.00,"npi":[1205371721]},{"billed_charge":2220.00,"npi":[1205371721]}]},{"allowed_amount":0.00,"billing_code_modifier":[""],"providers":[{"billed_charge":680.00,"npi":[1205371721]},{"billed_charge":925.00,"npi":[1205371721]},{"billed_charge":960.00,"npi":[1205371721]},{"billed_charge":1040.00,"npi":[1205371721]},{"billed_charge":1120.00,"npi":[1205371721]},{"billed_charge":1280.00,"npi":[1205371721]},{"billed_charge":1295.00,"npi":[1205371721]},{"billed_charge":1320.00,"npi":[1205371721]},{"billed_charge":1440.00,"npi":[1205371721]},{"billed_charge":1480.00,"npi":[1205371721]},{"billed_charge":2035.00,"npi":[1205371721]},{"billed_charge":2220.00,"npi":[1205371721]}]},{"allowed_amount":0.00,"billing_code_modifier":[""],"providers":[{"billed_charge":680.00,"npi":[1205371721]},{"billed_charge":925.00,"npi":[1205371721]},{"billed_charge":960.00,"npi":[1205371721]},{"billed_charge":1040.00,"npi":[1205371721]},{"billed_charge":1120.00,"npi":[1205371721]},{"billed_charge":1280.00,"npi":[1205371721]},{"billed_charge":1295.00,"npi":[1205371721]},{"billed_charge":1320.00,"npi":[1205371721]},{"billed_charge":1440.00,"npi":[1205371721]},{"billed_charge":1480.00,"npi":[1205371721]},{"billed_charge":2035.00,"npi":[1205371721]},{"billed_charge":2220.00,"npi":[1205371721]}]}]},{"tin":{"type":"ein","value":"770646160"},"service_code":["12"],"billing_class":"institutional","payments":[{"allowed_amount":0.00,"billing_code_modifier":[""],"providers":[{"billed_charge":680.00,"npi":[1205371721]},{"billed_charge":925.00,"npi":[1205371721]},{"billed_charge":960.00,"npi":[1205371721]},{"billed_charge":1040.00,"npi":[1205371721]},{"billed_charge":1120.00,"npi":[1205371721]},{"billed_charge":1280.00,"npi":[1205371721]},{"billed_charge":1295.00,"npi":[1205371721]},{"billed_charge":1320.00,"npi":[1205371721]},{"billed_charge":1440.00,"npi":[1205371721]},{"billed_charge":1480.00,"npi":[1205371721]},{"billed_charge":2035.00,"npi":[1205371721]},{"billed_charge":2220.00,"npi":[1205371721]}]},{"allowed_amount":0.00,"billing_code_modifier":[""],"providers":[{"billed_charge":680.00,"npi":[1205371721]},{"billed_charge":925.00,"npi":[1205371721]},{"billed_charge":960.00,"npi":[1205371721]},{"billed_charge":1040.00,"npi":[1205371721]},{"billed_charge":1120.00,"npi":[1205371721]},{"billed_charge":1280.00,"npi":[1205371721]},{"billed_charge":1295.00,"npi":[1205371721]},{"billed_charge":1320.00,"npi":[1205371721]},{"billed_charge":1440.00,"npi":[1205371721]},{"billed_charge":1480.00,"npi":[1205371721]},{"billed_charge":2035.00,"npi":[1205371721]},{"billed_charge":2220.00,"npi":[1205371721]}]},{"allowed_amount":0.00,"billing_code_modifier":[""],"providers":[{"billed_charge":680.00,"npi":[1205371721]},{"billed_charge":925.00,"npi":[1205371721]},{"billed_charge":960.00,"npi":[1205371721]},{"billed_charge":1040.00,"npi":[1205371721]},{"billed_charge":1120.00,"npi":[1205371721]},{"billed_charge":1280.00,"npi":[1205371721]},{"billed_charge":1295.00,"npi":[1205371721]},{"billed_charge":1320.00,"npi":[1205371721]},{"billed_charge":1440.00,"npi":[1205371721]},{"billed_charge":1480.00,"npi":[1205371721]},{"billed_charge":2035.00,"npi":[1205371721]},{"billed_charge":2220.00,"npi":[1205371721]}]},{"allowed_amount":0.00,"billing_code_modifier":[""],"providers":[{"billed_charge":680.00,"npi":[1205371721]},{"billed_charge":925.00,"npi":[1205371721]},{"billed_charge":960.00,"npi":[1205371721]},{"billed_charge":1040.00,"npi":[1205371721]},{"billed_charge":1120.00,"npi":[1205371721]},{"billed_charge":1280.00,"npi":[1205371721]},{"billed_charge":1295.00,"npi":[1205371721]},{"billed_charge":1320.00,"npi":[1205371721]},{"billed_charge":1440.00,"npi":[1205371721]},{"billed_charge":1480.00,"npi":[1205371721]},{"billed_charge":2035.00,"npi":[1205371721]},{"billed_charge":2220.00,"npi":[1205371721]}]},{"allowed_amount":0.00,"billing_code_modifier":[""],"providers":[{"billed_charge":680.00,"npi":[1205371721]},{"billed_charge":925.00,"npi":[1205371721]},{"billed_charge":960.00,"npi":[1205371721]},{"billed_charge":1040.00,"npi":[1205371721]},{"billed_charge":1120.00,"npi":[1205371721]},{"billed_charge":1280.00,"npi":[1205371721]},{"billed_charge":1295.00,"npi":[1205371721]},{"billed_charge":1320.00,"npi":[1205371721]},{"billed_charge":1440.00,"npi":[1205371721]},{"billed_charge":1480.00,"npi":[1205371721]},{"billed_charge":2035.00,"npi":[1205371721]},{"billed_charge":2220.00,"npi":[1205371721]}]},{"allowed_amount":0.00,"billing_code_modifier":[""],"providers":[{"billed_charge":680.00,"npi":[1205371721]},{"billed_charge":925.00,"npi":[1205371721]},{"billed_charge":960.00,"npi":[1205371721]},{"billed_charge":1040.00,"npi":[1205371721]},{"billed_charge":1120.00,"npi":[1205371721]},{"billed_charge":1280.00,"npi":[1205371721]},{"billed_charge":1295.00,"npi":[1205371721]},{"billed_charge":1320.00,"npi":[1205371721]},{"billed_charge":1440.00,"npi":[1205371721]},{"billed_charge":1480.00,"npi":[1205371721]},{"billed_charge":2035.00,"npi":[1205371721]},{"billed_charge":2220.00,"npi":[1205371721]}]},{"allowed_amount":0.00,"billing_code_modifier":[""],"providers":[{"billed_charge":680.00,"npi":[1205371721]},{"billed_charge":925.00,"npi":[1205371721]},{"billed_charge":960.00,"npi":[1205371721]},{"billed_charge":1040.00,"npi":[1205371721]},{"billed_charge":1120.00,"npi":[1205371721]},{"billed_charge":1280.00,"npi":[1205371721]},{"billed_charge":1295.00,"npi":[1205371721]},{"billed_charge":1320.00,"npi":[1205371721]},{"billed_charge":1440.00,"npi":[1205371721]},{"billed_charge":1480.00,"npi":[1205371721]},{"billed_charge":2035.00,"npi":[1205371721]},{"billed_charge":2220.00,"npi":[1205371721]}]},{"allowed_amount":0.00,"billing_code_modifier":[""],"providers":[{"billed_charge":680.00,"npi":[1205371721]},{"billed_charge":925.00,"npi":[1205371721]},{"billed_charge":960.00,"npi":[1205371721]},{"billed_charge":1040.00,"npi":[1205371721]},{"billed_charge":1120.00,"npi":[1205371721]},{"billed_charge":1280.00,"npi":[1205371721]},{"billed_charge":1295.00,"npi":[1205371721]},{"billed_charge":1320.00,"npi":[1205371721]},{"billed_charge":1440.00,"npi":[1205371721]},{"billed_charge":1480.00,"npi":[1205371721]},{"billed_charge":2035.00,"npi":[1205371721]},{"billed_charge":2220.00,"npi":[1205371721]}]},{"allowed_amount":0.00,"billing_code_modifier":[""],"providers":[{"billed_charge":680.00,"npi":[1205371721]},{"billed_charge":925.00,"npi":[1205371721]},{"billed_charge":960.00,"npi":[1205371721]},{"billed_charge":1040.00,"npi":[1205371721]},{"billed_charge":1120.00,"npi":[1205371721]},{"billed_charge":1280.00,"npi":[1205371721]},{"billed_charge":1295.00,"npi":[1205371721]},{"billed_charge":1320.00,"npi":[1205371721]},{"billed_charge":1440.00,"npi":[1205371721]},{"billed_charge":1480.00,"npi":[1205371721]},{"billed_charge":2035.00,"npi":[1205371721]},{"billed_charge":2220.00,"npi":[1205371721]}]},{"allowed_amount":0.00,"billing_code_modifier":[""],"providers":[{"billed_charge":680.00,"npi":[1205371721]},{"billed_charge":925.00,"npi":[1205371721]},{"billed_charge":960.00,"npi":[1205371721]},{"billed_charge":1040.00,"npi":[1205371721]},{"billed_charge":1120.00,"npi":[1205371721]},{"billed_charge":1280.00,"npi":[1205371721]},{"billed_charge":1295.00,"npi":[1205371721]},{"billed_charge":1320.00,"npi":[1205371721]},{"billed_charge":1440.00,"npi":[1205371721]},{"billed_charge":1480.00,"npi":[1205371721]},{"billed_charge":2035.00,"npi":[1205371721]},{"billed_charge":2220.00,"npi":[1205371721]}]},{"allowed_amount":0.00,"billing_code_modifier":[""],"providers":[{"billed_charge":680.00,"npi":[1205371721]},{"billed_charge":925.00,"npi":[1205371721]},{"billed_charge":960.00,"npi":[1205371721]},{"billed_charge":1040.00,"npi":[1205371721]},{"billed_charge":1120.00,"npi":[1205371721]},{"billed_charge":1280.00,"npi":[1205371721]},{"billed_charge":1295.00,"npi":[1205371721]},{"billed_charge":1320.00,"npi":[1205371721]},{"billed_charge":1440.00,"npi":[1205371721]},{"billed_charge":1480.00,"npi":[1205371721]},{"billed_charge":2035.00,"npi":[1205371721]},{"billed_charge":2220.00,"npi":[1205371721]}]},{"allowed_amount":0.00,"billing_code_modifier":[""],"providers":[{"billed_charge":680.00,"npi":[1205371721]},{"billed_charge":925.00,"npi":[1205371721]},{"billed_charge":960.00,"npi":[1205371721]},{"billed_charge":1040.00,"npi":[1205371721]},{"billed_charge":1120.00,"npi":[1205371721]},{"billed_charge":1280.00,"npi":[1205371721]},{"billed_charge":1295.00,"npi":[1205371721]},{"billed_charge":1320.00,"npi":[1205371721]},{"billed_charge":1440.00,"npi":[1205371721]},{"billed_charge":1480.00,"npi":[1205371721]},{"billed_charge":2035.00,"npi":[1205371721]},{"billed_charge":2220.00,"npi":[1205371721]}]}]},{"tin":{"type":"ein","value":"770646160"},"service_code":["12"],"billing_class":"institutional","payments":[{"allowed_amount":0.00,"billing_code_modifier":[""],"providers":[{"billed_charge":680.00,"npi":[1205371721]},{"billed_charge":925.00,"npi":[1205371721]},{"billed_charge":960.00,"npi":[1205371721]},{"billed_charge":1040.00,"npi":[1205371721]},{"billed_charge":1120.00,"npi":[1205371721]},{"billed_charge":1280.00,"npi":[1205371721]},{"billed_charge":1295.00,"npi":[1205371721]},{"billed_charge":1320.00,"npi":[1205371721]},{"billed_charge":1440.00,"npi":[1205371721]},{"billed_charge":1480.00,"npi":[1205371721]},{"billed_charge":2035.00,"npi":[1205371721]},{"billed_charge":2220.00,"npi":[1205371721]}]},{"allowed_amount":0.00,"billing_code_modifier":[""],"providers":[{"billed_charge":680.00,"npi":[1205371721]},{"billed_charge":925.00,"npi":[1205371721]},{"billed_charge":960.00,"npi":[1205371721]},{"billed_charge":1040.00,"npi":[1205371721]},{"billed_charge":1120.00,"npi":[1205371721]},{"billed_charge":1280.00,"npi":[1205371721]},{"billed_charge":1295.00,"npi":[1205371721]},{"billed_charge":1320.00,"npi":[1205371721]},{"billed_charge":1440.00,"npi":[1205371721]},{"billed_charge":1480.00,"npi":[1205371721]},{"billed_charge":2035.00,"npi":[1205371721]},{"billed_charge":2220.00,"npi":[1205371721]}]},{"allowed_amount":0.00,"billing_code_modifier":[""],"providers":[{"billed_charge":680.00,"npi":[1205371721]},{"billed_charge":925.00,"npi":[1205371721]},{"billed_charge":960.00,"npi":[1205371721]},{"billed_charge":1040.00,"npi":[1205371721]},{"billed_charge":1120.00,"npi":[1205371721]},{"billed_charge":1280.00,"npi":[1205371721]},{"billed_charge":1295.00,"npi":[1205371721]},{"billed_charge":1320.00,"npi":[1205371721]},{"billed_charge":1440.00,"npi":[1205371721]},{"billed_charge":1480.00,"npi":[1205371721]},{"billed_charge":2035.00,"npi":[1205371721]},{"billed_charge":2220.00,"npi":[1205371721]}]},{"allowed_amount":0.00,"billing_code_modifier":[""],"providers":[{"billed_charge":680.00,"npi":[1205371721]},{"billed_charge":925.00,"npi":[1205371721]},{"billed_charge":960.00,"npi":[1205371721]},{"billed_charge":1040.00,"npi":[1205371721]},{"billed_charge":1120.00,"npi":[1205371721]},{"billed_charge":1280.00,"npi":[1205371721]},{"billed_charge":1295.00,"npi":[1205371721]},{"billed_charge":1320.00,"npi":[1205371721]},{"billed_charge":1440.00,"npi":[1205371721]},{"billed_charge":1480.00,"npi":[1205371721]},{"billed_charge":2035.00,"npi":[1205371721]},{"billed_charge":2220.00,"npi":[1205371721]}]},{"allowed_amount":0.00,"billing_code_modifier":[""],"providers":[{"billed_charge":680.00,"npi":[1205371721]},{"billed_charge":925.00,"npi":[1205371721]},{"billed_charge":960.00,"npi":[1205371721]},{"billed_charge":1040.00,"npi":[1205371721]},{"billed_charge":1120.00,"npi":[1205371721]},{"billed_charge":1280.00,"npi":[1205371721]},{"billed_charge":1295.00,"npi":[1205371721]},{"billed_charge":1320.00,"npi":[1205371721]},{"billed_charge":1440.00,"npi":[1205371721]},{"billed_charge":1480.00,"npi":[1205371721]},{"billed_charge":2035.00,"npi":[1205371721]},{"billed_charge":2220.00,"npi":[1205371721]}]},{"allowed_amount":0.00,"billing_code_modifier":[""],"providers":[{"billed_charge":680.00,"npi":[1205371721]},{"billed_charge":925.00,"npi":[1205371721]},{"billed_charge":960.00,"npi":[1205371721]},{"billed_charge":1040.00,"npi":[1205371721]},{"billed_charge":1120.00,"npi":[1205371721]},{"billed_charge":1280.00,"npi":[1205371721]},{"billed_charge":1295.00,"npi":[1205371721]},{"billed_charge":1320.00,"npi":[1205371721]},{"billed_charge":1440.00,"npi":[1205371721]},{"billed_charge":1480.00,"npi":[1205371721]},{"billed_charge":2035.00,"npi":[1205371721]},{"billed_charge":2220.00,"npi":[1205371721]}]},{"allowed_amount":0.00,"billing_code_modifier":[""],"providers":[{"billed_charge":680.00,"npi":[1205371721]},{"billed_charge":925.00,"npi":[1205371721]},{"billed_charge":960.00,"npi":[1205371721]},{"billed_charge":1040.00,"npi":[1205371721]},{"billed_charge":1120.00,"npi":[1205371721]},{"billed_charge":1280.00,"npi":[1205371721]},{"billed_charge":1295.00,"npi":[1205371721]},{"billed_charge":1320.00,"npi":[1205371721]},{"billed_charge":1440.00,"npi":[1205371721]},{"billed_charge":1480.00,"npi":[1205371721]},{"billed_charge":2035.00,"npi":[1205371721]},{"billed_charge":2220.00,"npi":[1205371721]}]},{"allowed_amount":0.00,"billing_code_modifier":[""],"providers":[{"billed_charge":680.00,"npi":[1205371721]},{"billed_charge":925.00,"npi":[1205371721]},{"billed_charge":960.00,"npi":[1205371721]},{"billed_charge":1040.00,"npi":[1205371721]},{"billed_charge":1120.00,"npi":[1205371721]},{"billed_charge":1280.00,"npi":[1205371721]},{"billed_charge":1295.00,"npi":[1205371721]},{"billed_charge":1320.00,"npi":[1205371721]},{"billed_charge":1440.00,"npi":[1205371721]},{"billed_charge":1480.00,"npi":[1205371721]},{"billed_charge":2035.00,"npi":[1205371721]},{"billed_charge":2220.00,"npi":[1205371721]}]},{"allowed_amount":0.00,"billing_code_modifier":[""],"providers":[{"billed_charge":680.00,"npi":[1205371721]},{"billed_charge":925.00,"npi":[1205371721]},{"billed_charge":960.00,"npi":[1205371721]},{"billed_charge":1040.00,"npi":[1205371721]},{"billed_charge":1120.00,"npi":[1205371721]},{"billed_charge":1280.00,"npi":[1205371721]},{"billed_charge":1295.00,"npi":[1205371721]},{"billed_charge":1320.00,"npi":[1205371721]},{"billed_charge":1440.00,"npi":[1205371721]},{"billed_charge":1480.00,"npi":[1205371721]},{"billed_charge":2035.00,"npi":[1205371721]},{"billed_charge":2220.00,"npi":[1205371721]}]},{"allowed_amount":0.00,"billing_code_modifier":[""],"providers":[{"billed_charge":680.00,"npi":[1205371721]},{"billed_charge":925.00,"npi":[1205371721]},{"billed_charge":960.00,"npi":[1205371721]},{"billed_charge":1040.00,"npi":[1205371721]},{"billed_charge":1120.00,"npi":[1205371721]},{"billed_charge":1280.00,"npi":[1205371721]},{"billed_charge":1295.00,"npi":[1205371721]},{"billed_charge":1320.00,"npi":[1205371721]},{"billed_charge":1440.00,"npi":[1205371721]},{"billed_charge":1480.00,"npi":[1205371721]},{"billed_charge":2035.00,"npi":[1205371721]},{"billed_charge":2220.00,"npi":[1205371721]}]},{"allowed_amount":0.00,"billing_code_modifier":[""],"providers":[{"billed_charge":680.00,"npi":[1205371721]},{"billed_charge":925.00,"npi":[1205371721]},{"billed_charge":960.00,"npi":[1205371721]},{"billed_charge":1040.00,"npi":[1205371721]},{"billed_charge":1120.00,"npi":[1205371721]},{"billed_charge":1280.00,"npi":[1205371721]},{"billed_charge":1295.00,"npi":[1205371721]},{"billed_charge":1320.00,"npi":[1205371721]},{"billed_charge":1440.00,"npi":[1205371721]},{"billed_charge":1480.00,"npi":[1205371721]},{"billed_charge":2035.00,"npi":[1205371721]},{"billed_charge":2220.00,"npi":[1205371721]}]},{"allowed_amount":0.00,"billing_code_modifier":[""],"providers":[{"billed_charge":680.00,"npi":[1205371721]},{"billed_charge":925.00,"npi":[1205371721]},{"billed_charge":960.00,"npi":[1205371721]},{"billed_charge":1040.00,"npi":[1205371721]},{"billed_charge":1120.00,"npi":[1205371721]},{"billed_charge":1280.00,"npi":[1205371721]},{"billed_charge":1295.00,"npi":[1205371721]},{"billed_charge":1320.00,"npi":[1205371721]},{"billed_charge":1440.00,"npi":[1205371721]},{"billed_charge":1480.00,"npi":[1205371721]},{"billed_charge":2035.00,"npi":[1205371721]},{"billed_charge":2220.00,"npi":[1205371721]}]}]},{"tin":{"type":"ein","value":"770646160"},"service_code":["12"],"billing_class":"institutional","payments":[{"allowed_amount":0.00,"billing_code_modifier":[""],"providers":[{"billed_charge":680.00,"npi":[1205371721]},{"billed_charge":925.00,"npi":[1205371721]},{"billed_charge":960.00,"npi":[1205371721]},{"billed_charge":1040.00,"npi":[1205371721]},{"billed_charge":1120.00,"npi":[1205371721]},{"billed_charge":1280.00,"npi":[1205371721]},{"billed_charge":1295.00,"npi":[1205371721]},{"billed_charge":1320.00,"npi":[1205371721]},{"billed_charge":1440.00,"npi":[1205371721]},{"billed_charge":1480.00,"npi":[1205371721]},{"billed_charge":2035.00,"npi":[1205371721]},{"billed_charge":2220.00,"npi":[1205371721]}]},{"allowed_amount":0.00,"billing_code_modifier":[""],"providers":[{"billed_charge":680.00,"npi":[1205371721]},{"billed_charge":925.00,"npi":[1205371721]},{"billed_charge":960.00,"npi":[1205371721]},{"billed_charge":1040.00,"npi":[1205371721]},{"billed_charge":1120.00,"npi":[1205371721]},{"billed_charge":1280.00,"npi":[1205371721]},{"billed_charge":1295.00,"npi":[1205371721]},{"billed_charge":1320.00,"npi":[1205371721]},{"billed_charge":1440.00,"npi":[1205371721]},{"billed_charge":1480.00,"npi":[1205371721]},{"billed_charge":2035.00,"npi":[1205371721]},{"billed_charge":2220.00,"npi":[1205371721]}]},{"allowed_amount":0.00,"billing_code_modifier":[""],"providers":[{"billed_charge":680.00,"npi":[1205371721]},{"billed_charge":925.00,"npi":[1205371721]},{"billed_charge":960.00,"npi":[1205371721]},{"billed_charge":1040.00,"npi":[1205371721]},{"billed_charge":1120.00,"npi":[1205371721]},{"billed_charge":1280.00,"npi":[1205371721]},{"billed_charge":1295.00,"npi":[1205371721]},{"billed_charge":1320.00,"npi":[1205371721]},{"billed_charge":1440.00,"npi":[1205371721]},{"billed_charge":1480.00,"npi":[1205371721]},{"billed_charge":2035.00,"npi":[1205371721]},{"billed_charge":2220.00,"npi":[1205371721]}]},{"allowed_amount":0.00,"billing_code_modifier":[""],"providers":[{"billed_charge":680.00,"npi":[1205371721]},{"billed_charge":925.00,"npi":[1205371721]},{"billed_charge":960.00,"npi":[1205371721]},{"billed_charge":1040.00,"npi":[1205371721]},{"billed_charge":1120.00,"npi":[1205371721]},{"billed_charge":1280.00,"npi":[1205371721]},{"billed_charge":1295.00,"npi":[1205371721]},{"billed_charge":1320.00,"npi":[1205371721]},{"billed_charge":1440.00,"npi":[1205371721]},{"billed_charge":1480.00,"npi":[1205371721]},{"billed_charge":2035.00,"npi":[1205371721]},{"billed_charge":2220.00,"npi":[1205371721]}]},{"allowed_amount":0.00,"billing_code_modifier":[""],"providers":[{"billed_charge":680.00,"npi":[1205371721]},{"billed_charge":925.00,"npi":[1205371721]},{"billed_charge":960.00,"npi":[1205371721]},{"billed_charge":1040.00,"npi":[1205371721]},{"billed_charge":1120.00,"npi":[1205371721]},{"billed_charge":1280.00,"npi":[1205371721]},{"billed_charge":1295.00,"npi":[1205371721]},{"billed_charge":1320.00,"npi":[1205371721]},{"billed_charge":1440.00,"npi":[1205371721]},{"billed_charge":1480.00,"npi":[1205371721]},{"billed_charge":2035.00,"npi":[1205371721]},{"billed_charge":2220.00,"npi":[1205371721]}]},{"allowed_amount":0.00,"billing_code_modifier":[""],"providers":[{"billed_charge":680.00,"npi":[1205371721]},{"billed_charge":925.00,"npi":[1205371721]},{"billed_charge":960.00,"npi":[1205371721]},{"billed_charge":1040.00,"npi":[1205371721]},{"billed_charge":1120.00,"npi":[1205371721]},{"billed_charge":1280.00,"npi":[1205371721]},{"billed_charge":1295.00,"npi":[1205371721]},{"billed_charge":1320.00,"npi":[1205371721]},{"billed_charge":1440.00,"npi":[1205371721]},{"billed_charge":1480.00,"npi":[1205371721]},{"billed_charge":2035.00,"npi":[1205371721]},{"billed_charge":2220.00,"npi":[1205371721]}]},{"allowed_amount":0.00,"billing_code_modifier":[""],"providers":[{"billed_charge":680.00,"npi":[1205371721]},{"billed_charge":925.00,"npi":[1205371721]},{"billed_charge":960.00,"npi":[1205371721]},{"billed_charge":1040.00,"npi":[1205371721]},{"billed_charge":1120.00,"npi":[1205371721]},{"billed_charge":1280.00,"npi":[1205371721]},{"billed_charge":1295.00,"npi":[1205371721]},{"billed_charge":1320.00,"npi":[1205371721]},{"billed_charge":1440.00,"npi":[1205371721]},{"billed_charge":1480.00,"npi":[1205371721]},{"billed_charge":2035.00,"npi":[1205371721]},{"billed_charge":2220.00,"npi":[1205371721]}]},{"allowed_amount":0.00,"billing_code_modifier":[""],"providers":[{"billed_charge":680.00,"npi":[1205371721]},{"billed_charge":925.00,"npi":[1205371721]},{"billed_charge":960.00,"npi":[1205371721]},{"billed_charge":1040.00,"npi":[1205371721]},{"billed_charge":1120.00,"npi":[1205371721]},{"billed_charge":1280.00,"npi":[1205371721]},{"billed_charge":1295.00,"npi":[1205371721]},{"billed_charge":1320.00,"npi":[1205371721]},{"billed_charge":1440.00,"npi":[1205371721]},{"billed_charge":1480.00,"npi":[1205371721]},{"billed_charge":2035.00,"npi":[1205371721]},{"billed_charge":2220.00,"npi":[1205371721]}]},{"allowed_amount":0.00,"billing_code_modifier":[""],"providers":[{"billed_charge":680.00,"npi":[1205371721]},{"billed_charge":925.00,"npi":[1205371721]},{"billed_charge":960.00,"npi":[1205371721]},{"billed_charge":1040.00,"npi":[1205371721]},{"billed_charge":1120.00,"npi":[1205371721]},{"billed_charge":1280.00,"npi":[1205371721]},{"billed_charge":1295.00,"npi":[1205371721]},{"billed_charge":1320.00,"npi":[1205371721]},{"billed_charge":1440.00,"npi":[1205371721]},{"billed_charge":1480.00,"npi":[1205371721]},{"billed_charge":2035.00,"npi":[1205371721]},{"billed_charge":2220.00,"npi":[1205371721]}]},{"allowed_amount":0.00,"billing_code_modifier":[""],"providers":[{"billed_charge":680.00,"npi":[1205371721]},{"billed_charge":925.00,"npi":[1205371721]},{"billed_charge":960.00,"npi":[1205371721]},{"billed_charge":1040.00,"npi":[1205371721]},{"billed_charge":1120.00,"npi":[1205371721]},{"billed_charge":1280.00,"npi":[1205371721]},{"billed_charge":1295.00,"npi":[1205371721]},{"billed_charge":1320.00,"npi":[1205371721]},{"billed_charge":1440.00,"npi":[1205371721]},{"billed_charge":1480.00,"npi":[1205371721]},{"billed_charge":2035.00,"npi":[1205371721]},{"billed_charge":2220.00,"npi":[1205371721]}]},{"allowed_amount":0.00,"billing_code_modifier":[""],"providers":[{"billed_charge":680.00,"npi":[1205371721]},{"billed_charge":925.00,"npi":[1205371721]},{"billed_charge":960.00,"npi":[1205371721]},{"billed_charge":1040.00,"npi":[1205371721]},{"billed_charge":1120.00,"npi":[1205371721]},{"billed_charge":1280.00,"npi":[1205371721]},{"billed_charge":1295.00,"npi":[1205371721]},{"billed_charge":1320.00,"npi":[1205371721]},{"billed_charge":1440.00,"npi":[1205371721]},{"billed_charge":1480.00,"npi":[1205371721]},{"billed_charge":2035.00,"npi":[1205371721]},{"billed_charge":2220.00,"npi":[1205371721]}]},{"allowed_amount":0.00,"billing_code_modifier":[""],"providers":[{"billed_charge":680.00,"npi":[1205371721]},{"billed_charge":925.00,"npi":[1205371721]},{"billed_charge":960.00,"npi":[1205371721]},{"billed_charge":1040.00,"npi":[1205371721]},{"billed_charge":1120.00,"npi":[1205371721]},{"billed_charge":1280.00,"npi":[1205371721]},{"billed_charge":1295.00,"npi":[1205371721]},{"billed_charge":1320.00,"npi":[1205371721]},{"billed_charge":1440.00,"npi":[1205371721]},{"billed_charge":1480.00,"npi":[1205371721]},{"billed_charge":2035.00,"npi":[1205371721]},{"billed_charge":2220.00,"npi":[1205371721]}]}]},{"tin":{"type":"ein","value":"770646160"},"service_code":["12"],"billing_class":"institutional","payments":[{"allowed_amount":0.00,"billing_code_modifier":[""],"providers":[{"billed_charge":680.00,"npi":[1205371721]},{"billed_charge":925.00,"npi":[1205371721]},{"billed_charge":960.00,"npi":[1205371721]},{"billed_charge":1040.00,"npi":[1205371721]},{"billed_charge":1120.00,"npi":[1205371721]},{"billed_charge":1280.00,"npi":[1205371721]},{"billed_charge":1295.00,"npi":[1205371721]},{"billed_charge":1320.00,"npi":[1205371721]},{"billed_charge":1440.00,"npi":[1205371721]},{"billed_charge":1480.00,"npi":[1205371721]},{"billed_charge":2035.00,"npi":[1205371721]},{"billed_charge":2220.00,"npi":[1205371721]}]},{"allowed_amount":0.00,"billing_code_modifier":[""],"providers":[{"billed_charge":680.00,"npi":[1205371721]},{"billed_charge":925.00,"npi":[1205371721]},{"billed_charge":960.00,"npi":[1205371721]},{"billed_charge":1040.00,"npi":[1205371721]},{"billed_charge":1120.00,"npi":[1205371721]},{"billed_charge":1280.00,"npi":[1205371721]},{"billed_charge":1295.00,"npi":[1205371721]},{"billed_charge":1320.00,"npi":[1205371721]},{"billed_charge":1440.00,"npi":[1205371721]},{"billed_charge":1480.00,"npi":[1205371721]},{"billed_charge":2035.00,"npi":[1205371721]},{"billed_charge":2220.00,"npi":[1205371721]}]},{"allowed_amount":0.00,"billing_code_modifier":[""],"providers":[{"billed_charge":680.00,"npi":[1205371721]},{"billed_charge":925.00,"npi":[1205371721]},{"billed_charge":960.00,"npi":[1205371721]},{"billed_charge":1040.00,"npi":[1205371721]},{"billed_charge":1120.00,"npi":[1205371721]},{"billed_charge":1280.00,"npi":[1205371721]},{"billed_charge":1295.00,"npi":[1205371721]},{"billed_charge":1320.00,"npi":[1205371721]},{"billed_charge":1440.00,"npi":[1205371721]},{"billed_charge":1480.00,"npi":[1205371721]},{"billed_charge":2035.00,"npi":[1205371721]},{"billed_charge":2220.00,"npi":[1205371721]}]},{"allowed_amount":0.00,"billing_code_modifier":[""],"providers":[{"billed_charge":680.00,"npi":[1205371721]},{"billed_charge":925.00,"npi":[1205371721]},{"billed_charge":960.00,"npi":[1205371721]},{"billed_charge":1040.00,"npi":[1205371721]},{"billed_charge":1120.00,"npi":[1205371721]},{"billed_charge":1280.00,"npi":[1205371721]},{"billed_charge":1295.00,"npi":[1205371721]},{"billed_charge":1320.00,"npi":[1205371721]},{"billed_charge":1440.00,"npi":[1205371721]},{"billed_charge":1480.00,"npi":[1205371721]},{"billed_charge":2035.00,"npi":[1205371721]},{"billed_charge":2220.00,"npi":[1205371721]}]},{"allowed_amount":0.00,"billing_code_modifier":[""],"providers":[{"billed_charge":680.00,"npi":[1205371721]},{"billed_charge":925.00,"npi":[1205371721]},{"billed_charge":960.00,"npi":[1205371721]},{"billed_charge":1040.00,"npi":[1205371721]},{"billed_charge":1120.00,"npi":[1205371721]},{"billed_charge":1280.00,"npi":[1205371721]},{"billed_charge":1295.00,"npi":[1205371721]},{"billed_charge":1320.00,"npi":[1205371721]},{"billed_charge":1440.00,"npi":[1205371721]},{"billed_charge":1480.00,"npi":[1205371721]},{"billed_charge":2035.00,"npi":[1205371721]},{"billed_charge":2220.00,"npi":[1205371721]}]},{"allowed_amount":0.00,"billing_code_modifier":[""],"providers":[{"billed_charge":680.00,"npi":[1205371721]},{"billed_charge":925.00,"npi":[1205371721]},{"billed_charge":960.00,"npi":[1205371721]},{"billed_charge":1040.00,"npi":[1205371721]},{"billed_charge":1120.00,"npi":[1205371721]},{"billed_charge":1280.00,"npi":[1205371721]},{"billed_charge":1295.00,"npi":[1205371721]},{"billed_charge":1320.00,"npi":[1205371721]},{"billed_charge":1440.00,"npi":[1205371721]},{"billed_charge":1480.00,"npi":[1205371721]},{"billed_charge":2035.00,"npi":[1205371721]},{"billed_charge":2220.00,"npi":[1205371721]}]},{"allowed_amount":0.00,"billing_code_modifier":[""],"providers":[{"billed_charge":680.00,"npi":[1205371721]},{"billed_charge":925.00,"npi":[1205371721]},{"billed_charge":960.00,"npi":[1205371721]},{"billed_charge":1040.00,"npi":[1205371721]},{"billed_charge":1120.00,"npi":[1205371721]},{"billed_charge":1280.00,"npi":[1205371721]},{"billed_charge":1295.00,"npi":[1205371721]},{"billed_charge":1320.00,"npi":[1205371721]},{"billed_charge":1440.00,"npi":[1205371721]},{"billed_charge":1480.00,"npi":[1205371721]},{"billed_charge":2035.00,"npi":[1205371721]},{"billed_charge":2220.00,"npi":[1205371721]}]},{"allowed_amount":0.00,"billing_code_modifier":[""],"providers":[{"billed_charge":680.00,"npi":[1205371721]},{"billed_charge":925.00,"npi":[1205371721]},{"billed_charge":960.00,"npi":[1205371721]},{"billed_charge":1040.00,"npi":[1205371721]},{"billed_charge":1120.00,"npi":[1205371721]},{"billed_charge":1280.00,"npi":[1205371721]},{"billed_charge":1295.00,"npi":[1205371721]},{"billed_charge":1320.00,"npi":[1205371721]},{"billed_charge":1440.00,"npi":[1205371721]},{"billed_charge":1480.00,"npi":[1205371721]},{"billed_charge":2035.00,"npi":[1205371721]},{"billed_charge":2220.00,"npi":[1205371721]}]},{"allowed_amount":0.00,"billing_code_modifier":[""],"providers":[{"billed_charge":680.00,"npi":[1205371721]},{"billed_charge":925.00,"npi":[1205371721]},{"billed_charge":960.00,"npi":[1205371721]},{"billed_charge":1040.00,"npi":[1205371721]},{"billed_charge":1120.00,"npi":[1205371721]},{"billed_charge":1280.00,"npi":[1205371721]},{"billed_charge":1295.00,"npi":[1205371721]},{"billed_charge":1320.00,"npi":[1205371721]},{"billed_charge":1440.00,"npi":[1205371721]},{"billed_charge":1480.00,"npi":[1205371721]},{"billed_charge":2035.00,"npi":[1205371721]},{"billed_charge":2220.00,"npi":[1205371721]}]},{"allowed_amount":0.00,"billing_code_modifier":[""],"providers":[{"billed_charge":680.00,"npi":[1205371721]},{"billed_charge":925.00,"npi":[1205371721]},{"billed_charge":960.00,"npi":[1205371721]},{"billed_charge":1040.00,"npi":[1205371721]},{"billed_charge":1120.00,"npi":[1205371721]},{"billed_charge":1280.00,"npi":[1205371721]},{"billed_charge":1295.00,"npi":[1205371721]},{"billed_charge":1320.00,"npi":[1205371721]},{"billed_charge":1440.00,"npi":[1205371721]},{"billed_charge":1480.00,"npi":[1205371721]},{"billed_charge":2035.00,"npi":[1205371721]},{"billed_charge":2220.00,"npi":[1205371721]}]},{"allowed_amount":0.00,"billing_code_modifier":[""],"providers":[{"billed_charge":680.00,"npi":[1205371721]},{"billed_charge":925.00,"npi":[1205371721]},{"billed_charge":960.00,"npi":[1205371721]},{"billed_charge":1040.00,"npi":[1205371721]},{"billed_charge":1120.00,"npi":[1205371721]},{"billed_charge":1280.00,"npi":[1205371721]},{"billed_charge":1295.00,"npi":[1205371721]},{"billed_charge":1320.00,"npi":[1205371721]},{"billed_charge":1440.00,"npi":[1205371721]},{"billed_charge":1480.00,"npi":[1205371721]},{"billed_charge":2035.00,"npi":[1205371721]},{"billed_charge":2220.00,"npi":[1205371721]}]},{"allowed_amount":0.00,"billing_code_modifier":[""],"providers":[{"billed_charge":680.00,"npi":[1205371721]},{"billed_charge":925.00,"npi":[1205371721]},{"billed_charge":960.00,"npi":[1205371721]},{"billed_charge":1040.00,"npi":[1205371721]},{"billed_charge":1120.00,"npi":[1205371721]},{"billed_charge":1280.00,"npi":[1205371721]},{"billed_charge":1295.00,"npi":[1205371721]},{"billed_charge":1320.00,"npi":[1205371721]},{"billed_charge":1440.00,"npi":[1205371721]},{"billed_charge":1480.00,"npi":[1205371721]},{"billed_charge":2035.00,"npi":[1205371721]},{"billed_charge":2220.00,"npi":[1205371721]}]}]},{"tin":{"type":"ein","value":"770646160"},"service_code":["12"],"billing_class":"institutional","payments":[{"allowed_amount":0.00,"billing_code_modifier":[""],"providers":[{"billed_charge":680.00,"npi":[1205371721]},{"billed_charge":925.00,"npi":[1205371721]},{"billed_charge":960.00,"npi":[1205371721]},{"billed_charge":1040.00,"npi":[1205371721]},{"billed_charge":1120.00,"npi":[1205371721]},{"billed_charge":1280.00,"npi":[1205371721]},{"billed_charge":1295.00,"npi":[1205371721]},{"billed_charge":1320.00,"npi":[1205371721]},{"billed_charge":1440.00,"npi":[1205371721]},{"billed_charge":1480.00,"npi":[1205371721]},{"billed_charge":2035.00,"npi":[1205371721]},{"billed_charge":2220.00,"npi":[1205371721]}]},{"allowed_amount":0.00,"billing_code_modifier":[""],"providers":[{"billed_charge":680.00,"npi":[1205371721]},{"billed_charge":925.00,"npi":[1205371721]},{"billed_charge":960.00,"npi":[1205371721]},{"billed_charge":1040.00,"npi":[1205371721]},{"billed_charge":1120.00,"npi":[1205371721]},{"billed_charge":1280.00,"npi":[1205371721]},{"billed_charge":1295.00,"npi":[1205371721]},{"billed_charge":1320.00,"npi":[1205371721]},{"billed_charge":1440.00,"npi":[1205371721]},{"billed_charge":1480.00,"npi":[1205371721]},{"billed_charge":2035.00,"npi":[1205371721]},{"billed_charge":2220.00,"npi":[1205371721]}]},{"allowed_amount":0.00,"billing_code_modifier":[""],"providers":[{"billed_charge":680.00,"npi":[1205371721]},{"billed_charge":925.00,"npi":[1205371721]},{"billed_charge":960.00,"npi":[1205371721]},{"billed_charge":1040.00,"npi":[1205371721]},{"billed_charge":1120.00,"npi":[1205371721]},{"billed_charge":1280.00,"npi":[1205371721]},{"billed_charge":1295.00,"npi":[1205371721]},{"billed_charge":1320.00,"npi":[1205371721]},{"billed_charge":1440.00,"npi":[1205371721]},{"billed_charge":1480.00,"npi":[1205371721]},{"billed_charge":2035.00,"npi":[1205371721]},{"billed_charge":2220.00,"npi":[1205371721]}]},{"allowed_amount":0.00,"billing_code_modifier":[""],"providers":[{"billed_charge":680.00,"npi":[1205371721]},{"billed_charge":925.00,"npi":[1205371721]},{"billed_charge":960.00,"npi":[1205371721]},{"billed_charge":1040.00,"npi":[1205371721]},{"billed_charge":1120.00,"npi":[1205371721]},{"billed_charge":1280.00,"npi":[1205371721]},{"billed_charge":1295.00,"npi":[1205371721]},{"billed_charge":1320.00,"npi":[1205371721]},{"billed_charge":1440.00,"npi":[1205371721]},{"billed_charge":1480.00,"npi":[1205371721]},{"billed_charge":2035.00,"npi":[1205371721]},{"billed_charge":2220.00,"npi":[1205371721]}]},{"allowed_amount":0.00,"billing_code_modifier":[""],"providers":[{"billed_charge":680.00,"npi":[1205371721]},{"billed_charge":925.00,"npi":[1205371721]},{"billed_charge":960.00,"npi":[1205371721]},{"billed_charge":1040.00,"npi":[1205371721]},{"billed_charge":1120.00,"npi":[1205371721]},{"billed_charge":1280.00,"npi":[1205371721]},{"billed_charge":1295.00,"npi":[1205371721]},{"billed_charge":1320.00,"npi":[1205371721]},{"billed_charge":1440.00,"npi":[1205371721]},{"billed_charge":1480.00,"npi":[1205371721]},{"billed_charge":2035.00,"npi":[1205371721]},{"billed_charge":2220.00,"npi":[1205371721]}]},{"allowed_amount":0.00,"billing_code_modifier":[""],"providers":[{"billed_charge":680.00,"npi":[1205371721]},{"billed_charge":925.00,"npi":[1205371721]},{"billed_charge":960.00,"npi":[1205371721]},{"billed_charge":1040.00,"npi":[1205371721]},{"billed_charge":1120.00,"npi":[1205371721]},{"billed_charge":1280.00,"npi":[1205371721]},{"billed_charge":1295.00,"npi":[1205371721]},{"billed_charge":1320.00,"npi":[1205371721]},{"billed_charge":1440.00,"npi":[1205371721]},{"billed_charge":1480.00,"npi":[1205371721]},{"billed_charge":2035.00,"npi":[1205371721]},{"billed_charge":2220.00,"npi":[1205371721]}]},{"allowed_amount":0.00,"billing_code_modifier":[""],"providers":[{"billed_charge":680.00,"npi":[1205371721]},{"billed_charge":925.00,"npi":[1205371721]},{"billed_charge":960.00,"npi":[1205371721]},{"billed_charge":1040.00,"npi":[1205371721]},{"billed_charge":1120.00,"npi":[1205371721]},{"billed_charge":1280.00,"npi":[1205371721]},{"billed_charge":1295.00,"npi":[1205371721]},{"billed_charge":1320.00,"npi":[1205371721]},{"billed_charge":1440.00,"npi":[1205371721]},{"billed_charge":1480.00,"npi":[1205371721]},{"billed_charge":2035.00,"npi":[1205371721]},{"billed_charge":2220.00,"npi":[1205371721]}]},{"allowed_amount":0.00,"billing_code_modifier":[""],"providers":[{"billed_charge":680.00,"npi":[1205371721]},{"billed_charge":925.00,"npi":[1205371721]},{"billed_charge":960.00,"npi":[1205371721]},{"billed_charge":1040.00,"npi":[1205371721]},{"billed_charge":1120.00,"npi":[1205371721]},{"billed_charge":1280.00,"npi":[1205371721]},{"billed_charge":1295.00,"npi":[1205371721]},{"billed_charge":1320.00,"npi":[1205371721]},{"billed_charge":1440.00,"npi":[1205371721]},{"billed_charge":1480.00,"npi":[1205371721]},{"billed_charge":2035.00,"npi":[1205371721]},{"billed_charge":2220.00,"npi":[1205371721]}]},{"allowed_amount":0.00,"billing_code_modifier":[""],"providers":[{"billed_charge":680.00,"npi":[1205371721]},{"billed_charge":925.00,"npi":[1205371721]},{"billed_charge":960.00,"npi":[1205371721]},{"billed_charge":1040.00,"npi":[1205371721]},{"billed_charge":1120.00,"npi":[1205371721]},{"billed_charge":1280.00,"npi":[1205371721]},{"billed_charge":1295.00,"npi":[1205371721]},{"billed_charge":1320.00,"npi":[1205371721]},{"billed_charge":1440.00,"npi":[1205371721]},{"billed_charge":1480.00,"npi":[1205371721]},{"billed_charge":2035.00,"npi":[1205371721]},{"billed_charge":2220.00,"npi":[1205371721]}]},{"allowed_amount":0.00,"billing_code_modifier":[""],"providers":[{"billed_charge":680.00,"npi":[1205371721]},{"billed_charge":925.00,"npi":[1205371721]},{"billed_charge":960.00,"npi":[1205371721]},{"billed_charge":1040.00,"npi":[1205371721]},{"billed_charge":1120.00,"npi":[1205371721]},{"billed_charge":1280.00,"npi":[1205371721]},{"billed_charge":1295.00,"npi":[1205371721]},{"billed_charge":1320.00,"npi":[1205371721]},{"billed_charge":1440.00,"npi":[1205371721]},{"billed_charge":1480.00,"npi":[1205371721]},{"billed_charge":2035.00,"npi":[1205371721]},{"billed_charge":2220.00,"npi":[1205371721]}]},{"allowed_amount":0.00,"billing_code_modifier":[""],"providers":[{"billed_charge":680.00,"npi":[1205371721]},{"billed_charge":925.00,"npi":[1205371721]},{"billed_charge":960.00,"npi":[1205371721]},{"billed_charge":1040.00,"npi":[1205371721]},{"billed_charge":1120.00,"npi":[1205371721]},{"billed_charge":1280.00,"npi":[1205371721]},{"billed_charge":1295.00,"npi":[1205371721]},{"billed_charge":1320.00,"npi":[1205371721]},{"billed_charge":1440.00,"npi":[1205371721]},{"billed_charge":1480.00,"npi":[1205371721]},{"billed_charge":2035.00,"npi":[1205371721]},{"billed_charge":2220.00,"npi":[1205371721]}]},{"allowed_amount":0.00,"billing_code_modifier":[""],"providers":[{"billed_charge":680.00,"npi":[1205371721]},{"billed_charge":925.00,"npi":[1205371721]},{"billed_charge":960.00,"npi":[1205371721]},{"billed_charge":1040.00,"npi":[1205371721]},{"billed_charge":1120.00,"npi":[1205371721]},{"billed_charge":1280.00,"npi":[1205371721]},{"billed_charge":1295.00,"npi":[1205371721]},{"billed_charge":1320.00,"npi":[1205371721]},{"billed_charge":1440.00,"npi":[1205371721]},{"billed_charge":1480.00,"npi":[1205371721]},{"billed_charge":2035.00,"npi":[1205371721]},{"billed_charge":2220.00,"npi":[1205371721]}]}]},{"tin":{"type":"ein","value":"770646160"},"service_code":["12"],"billing_class":"institutional","payments":[{"allowed_amount":0.00,"billing_code_modifier":[""],"providers":[{"billed_charge":680.00,"npi":[1205371721]},{"billed_charge":925.00,"npi":[1205371721]},{"billed_charge":960.00,"npi":[1205371721]},{"billed_charge":1040.00,"npi":[1205371721]},{"billed_charge":1120.00,"npi":[1205371721]},{"billed_charge":1280.00,"npi":[1205371721]},{"billed_charge":1295.00,"npi":[1205371721]},{"billed_charge":1320.00,"npi":[1205371721]},{"billed_charge":1440.00,"npi":[1205371721]},{"billed_charge":1480.00,"npi":[1205371721]},{"billed_charge":2035.00,"npi":[1205371721]},{"billed_charge":2220.00,"npi":[1205371721]}]},{"allowed_amount":0.00,"billing_code_modifier":[""],"providers":[{"billed_charge":680.00,"npi":[1205371721]},{"billed_charge":925.00,"npi":[1205371721]},{"billed_charge":960.00,"npi":[1205371721]},{"billed_charge":1040.00,"npi":[1205371721]},{"billed_charge":1120.00,"npi":[1205371721]},{"billed_charge":1280.00,"npi":[1205371721]},{"billed_charge":1295.00,"npi":[1205371721]},{"billed_charge":1320.00,"npi":[1205371721]},{"billed_charge":1440.00,"npi":[1205371721]},{"billed_charge":1480.00,"npi":[1205371721]},{"billed_charge":2035.00,"npi":[1205371721]},{"billed_charge":2220.00,"npi":[1205371721]}]},{"allowed_amount":0.00,"billing_code_modifier":[""],"providers":[{"billed_charge":680.00,"npi":[1205371721]},{"billed_charge":925.00,"npi":[1205371721]},{"billed_charge":960.00,"npi":[1205371721]},{"billed_charge":1040.00,"npi":[1205371721]},{"billed_charge":1120.00,"npi":[1205371721]},{"billed_charge":1280.00,"npi":[1205371721]},{"billed_charge":1295.00,"npi":[1205371721]},{"billed_charge":1320.00,"npi":[1205371721]},{"billed_charge":1440.00,"npi":[1205371721]},{"billed_charge":1480.00,"npi":[1205371721]},{"billed_charge":2035.00,"npi":[1205371721]},{"billed_charge":2220.00,"npi":[1205371721]}]},{"allowed_amount":0.00,"billing_code_modifier":[""],"providers":[{"billed_charge":680.00,"npi":[1205371721]},{"billed_charge":925.00,"npi":[1205371721]},{"billed_charge":960.00,"npi":[1205371721]},{"billed_charge":1040.00,"npi":[1205371721]},{"billed_charge":1120.00,"npi":[1205371721]},{"billed_charge":1280.00,"npi":[1205371721]},{"billed_charge":1295.00,"npi":[1205371721]},{"billed_charge":1320.00,"npi":[1205371721]},{"billed_charge":1440.00,"npi":[1205371721]},{"billed_charge":1480.00,"npi":[1205371721]},{"billed_charge":2035.00,"npi":[1205371721]},{"billed_charge":2220.00,"npi":[1205371721]}]},{"allowed_amount":0.00,"billing_code_modifier":[""],"providers":[{"billed_charge":680.00,"npi":[1205371721]},{"billed_charge":925.00,"npi":[1205371721]},{"billed_charge":960.00,"npi":[1205371721]},{"billed_charge":1040.00,"npi":[1205371721]},{"billed_charge":1120.00,"npi":[1205371721]},{"billed_charge":1280.00,"npi":[1205371721]},{"billed_charge":1295.00,"npi":[1205371721]},{"billed_charge":1320.00,"npi":[1205371721]},{"billed_charge":1440.00,"npi":[1205371721]},{"billed_charge":1480.00,"npi":[1205371721]},{"billed_charge":2035.00,"npi":[1205371721]},{"billed_charge":2220.00,"npi":[1205371721]}]},{"allowed_amount":0.00,"billing_code_modifier":[""],"providers":[{"billed_charge":680.00,"npi":[1205371721]},{"billed_charge":925.00,"npi":[1205371721]},{"billed_charge":960.00,"npi":[1205371721]},{"billed_charge":1040.00,"npi":[1205371721]},{"billed_charge":1120.00,"npi":[1205371721]},{"billed_charge":1280.00,"npi":[1205371721]},{"billed_charge":1295.00,"npi":[1205371721]},{"billed_charge":1320.00,"npi":[1205371721]},{"billed_charge":1440.00,"npi":[1205371721]},{"billed_charge":1480.00,"npi":[1205371721]},{"billed_charge":2035.00,"npi":[1205371721]},{"billed_charge":2220.00,"npi":[1205371721]}]},{"allowed_amount":0.00,"billing_code_modifier":[""],"providers":[{"billed_charge":680.00,"npi":[1205371721]},{"billed_charge":925.00,"npi":[1205371721]},{"billed_charge":960.00,"npi":[1205371721]},{"billed_charge":1040.00,"npi":[1205371721]},{"billed_charge":1120.00,"npi":[1205371721]},{"billed_charge":1280.00,"npi":[1205371721]},{"billed_charge":1295.00,"npi":[1205371721]},{"billed_charge":1320.00,"npi":[1205371721]},{"billed_charge":1440.00,"npi":[1205371721]},{"billed_charge":1480.00,"npi":[1205371721]},{"billed_charge":2035.00,"npi":[1205371721]},{"billed_charge":2220.00,"npi":[1205371721]}]},{"allowed_amount":0.00,"billing_code_modifier":[""],"providers":[{"billed_charge":680.00,"npi":[1205371721]},{"billed_charge":925.00,"npi":[1205371721]},{"billed_charge":960.00,"npi":[1205371721]},{"billed_charge":1040.00,"npi":[1205371721]},{"billed_charge":1120.00,"npi":[1205371721]},{"billed_charge":1280.00,"npi":[1205371721]},{"billed_charge":1295.00,"npi":[1205371721]},{"billed_charge":1320.00,"npi":[1205371721]},{"billed_charge":1440.00,"npi":[1205371721]},{"billed_charge":1480.00,"npi":[1205371721]},{"billed_charge":2035.00,"npi":[1205371721]},{"billed_charge":2220.00,"npi":[1205371721]}]},{"allowed_amount":0.00,"billing_code_modifier":[""],"providers":[{"billed_charge":680.00,"npi":[1205371721]},{"billed_charge":925.00,"npi":[1205371721]},{"billed_charge":960.00,"npi":[1205371721]},{"billed_charge":1040.00,"npi":[1205371721]},{"billed_charge":1120.00,"npi":[1205371721]},{"billed_charge":1280.00,"npi":[1205371721]},{"billed_charge":1295.00,"npi":[1205371721]},{"billed_charge":1320.00,"npi":[1205371721]},{"billed_charge":1440.00,"npi":[1205371721]},{"billed_charge":1480.00,"npi":[1205371721]},{"billed_charge":2035.00,"npi":[1205371721]},{"billed_charge":2220.00,"npi":[1205371721]}]},{"allowed_amount":0.00,"billing_code_modifier":[""],"providers":[{"billed_charge":680.00,"npi":[1205371721]},{"billed_charge":925.00,"npi":[1205371721]},{"billed_charge":960.00,"npi":[1205371721]},{"billed_charge":1040.00,"npi":[1205371721]},{"billed_charge":1120.00,"npi":[1205371721]},{"billed_charge":1280.00,"npi":[1205371721]},{"billed_charge":1295.00,"npi":[1205371721]},{"billed_charge":1320.00,"npi":[1205371721]},{"billed_charge":1440.00,"npi":[1205371721]},{"billed_charge":1480.00,"npi":[1205371721]},{"billed_charge":2035.00,"npi":[1205371721]},{"billed_charge":2220.00,"npi":[1205371721]}]},{"allowed_amount":0.00,"billing_code_modifier":[""],"providers":[{"billed_charge":680.00,"npi":[1205371721]},{"billed_charge":925.00,"npi":[1205371721]},{"billed_charge":960.00,"npi":[1205371721]},{"billed_charge":1040.00,"npi":[1205371721]},{"billed_charge":1120.00,"npi":[1205371721]},{"billed_charge":1280.00,"npi":[1205371721]},{"billed_charge":1295.00,"npi":[1205371721]},{"billed_charge":1320.00,"npi":[1205371721]},{"billed_charge":1440.00,"npi":[1205371721]},{"billed_charge":1480.00,"npi":[1205371721]},{"billed_charge":2035.00,"npi":[1205371721]},{"billed_charge":2220.00,"npi":[1205371721]}]},{"allowed_amount":0.00,"billing_code_modifier":[""],"providers":[{"billed_charge":680.00,"npi":[1205371721]},{"billed_charge":925.00,"npi":[1205371721]},{"billed_charge":960.00,"npi":[1205371721]},{"billed_charge":1040.00,"npi":[1205371721]},{"billed_charge":1120.00,"npi":[1205371721]},{"billed_charge":1280.00,"npi":[1205371721]},{"billed_charge":1295.00,"npi":[1205371721]},{"billed_charge":1320.00,"npi":[1205371721]},{"billed_charge":1440.00,"npi":[1205371721]},{"billed_charge":1480.00,"npi":[1205371721]},{"billed_charge":2035.00,"npi":[1205371721]},{"billed_charge":2220.00,"npi":[1205371721]}]}]},{"tin":{"type":"ein","value":"770646160"},"service_code":["12"],"billing_class":"institutional","payments":[{"allowed_amount":0.00,"billing_code_modifier":[""],"providers":[{"billed_charge":680.00,"npi":[1205371721]},{"billed_charge":925.00,"npi":[1205371721]},{"billed_charge":960.00,"npi":[1205371721]},{"billed_charge":1040.00,"npi":[1205371721]},{"billed_charge":1120.00,"npi":[1205371721]},{"billed_charge":1280.00,"npi":[1205371721]},{"billed_charge":1295.00,"npi":[1205371721]},{"billed_charge":1320.00,"npi":[1205371721]},{"billed_charge":1440.00,"npi":[1205371721]},{"billed_charge":1480.00,"npi":[1205371721]},{"billed_charge":2035.00,"npi":[1205371721]},{"billed_charge":2220.00,"npi":[1205371721]}]},{"allowed_amount":0.00,"billing_code_modifier":[""],"providers":[{"billed_charge":680.00,"npi":[1205371721]},{"billed_charge":925.00,"npi":[1205371721]},{"billed_charge":960.00,"npi":[1205371721]},{"billed_charge":1040.00,"npi":[1205371721]},{"billed_charge":1120.00,"npi":[1205371721]},{"billed_charge":1280.00,"npi":[1205371721]},{"billed_charge":1295.00,"npi":[1205371721]},{"billed_charge":1320.00,"npi":[1205371721]},{"billed_charge":1440.00,"npi":[1205371721]},{"billed_charge":1480.00,"npi":[1205371721]},{"billed_charge":2035.00,"npi":[1205371721]},{"billed_charge":2220.00,"npi":[1205371721]}]},{"allowed_amount":0.00,"billing_code_modifier":[""],"providers":[{"billed_charge":680.00,"npi":[1205371721]},{"billed_charge":925.00,"npi":[1205371721]},{"billed_charge":960.00,"npi":[1205371721]},{"billed_charge":1040.00,"npi":[1205371721]},{"billed_charge":1120.00,"npi":[1205371721]},{"billed_charge":1280.00,"npi":[1205371721]},{"billed_charge":1295.00,"npi":[1205371721]},{"billed_charge":1320.00,"npi":[1205371721]},{"billed_charge":1440.00,"npi":[1205371721]},{"billed_charge":1480.00,"npi":[1205371721]},{"billed_charge":2035.00,"npi":[1205371721]},{"billed_charge":2220.00,"npi":[1205371721]}]},{"allowed_amount":0.00,"billing_code_modifier":[""],"providers":[{"billed_charge":680.00,"npi":[1205371721]},{"billed_charge":925.00,"npi":[1205371721]},{"billed_charge":960.00,"npi":[1205371721]},{"billed_charge":1040.00,"npi":[1205371721]},{"billed_charge":1120.00,"npi":[1205371721]},{"billed_charge":1280.00,"npi":[1205371721]},{"billed_charge":1295.00,"npi":[1205371721]},{"billed_charge":1320.00,"npi":[1205371721]},{"billed_charge":1440.00,"npi":[1205371721]},{"billed_charge":1480.00,"npi":[1205371721]},{"billed_charge":2035.00,"npi":[1205371721]},{"billed_charge":2220.00,"npi":[1205371721]}]},{"allowed_amount":0.00,"billing_code_modifier":[""],"providers":[{"billed_charge":680.00,"npi":[1205371721]},{"billed_charge":925.00,"npi":[1205371721]},{"billed_charge":960.00,"npi":[1205371721]},{"billed_charge":1040.00,"npi":[1205371721]},{"billed_charge":1120.00,"npi":[1205371721]},{"billed_charge":1280.00,"npi":[1205371721]},{"billed_charge":1295.00,"npi":[1205371721]},{"billed_charge":1320.00,"npi":[1205371721]},{"billed_charge":1440.00,"npi":[1205371721]},{"billed_charge":1480.00,"npi":[1205371721]},{"billed_charge":2035.00,"npi":[1205371721]},{"billed_charge":2220.00,"npi":[1205371721]}]},{"allowed_amount":0.00,"billing_code_modifier":[""],"providers":[{"billed_charge":680.00,"npi":[1205371721]},{"billed_charge":925.00,"npi":[1205371721]},{"billed_charge":960.00,"npi":[1205371721]},{"billed_charge":1040.00,"npi":[1205371721]},{"billed_charge":1120.00,"npi":[1205371721]},{"billed_charge":1280.00,"npi":[1205371721]},{"billed_charge":1295.00,"npi":[1205371721]},{"billed_charge":1320.00,"npi":[1205371721]},{"billed_charge":1440.00,"npi":[1205371721]},{"billed_charge":1480.00,"npi":[1205371721]},{"billed_charge":2035.00,"npi":[1205371721]},{"billed_charge":2220.00,"npi":[1205371721]}]},{"allowed_amount":0.00,"billing_code_modifier":[""],"providers":[{"billed_charge":680.00,"npi":[1205371721]},{"billed_charge":925.00,"npi":[1205371721]},{"billed_charge":960.00,"npi":[1205371721]},{"billed_charge":1040.00,"npi":[1205371721]},{"billed_charge":1120.00,"npi":[1205371721]},{"billed_charge":1280.00,"npi":[1205371721]},{"billed_charge":1295.00,"npi":[1205371721]},{"billed_charge":1320.00,"npi":[1205371721]},{"billed_charge":1440.00,"npi":[1205371721]},{"billed_charge":1480.00,"npi":[1205371721]},{"billed_charge":2035.00,"npi":[1205371721]},{"billed_charge":2220.00,"npi":[1205371721]}]},{"allowed_amount":0.00,"billing_code_modifier":[""],"providers":[{"billed_charge":680.00,"npi":[1205371721]},{"billed_charge":925.00,"npi":[1205371721]},{"billed_charge":960.00,"npi":[1205371721]},{"billed_charge":1040.00,"npi":[1205371721]},{"billed_charge":1120.00,"npi":[1205371721]},{"billed_charge":1280.00,"npi":[1205371721]},{"billed_charge":1295.00,"npi":[1205371721]},{"billed_charge":1320.00,"npi":[1205371721]},{"billed_charge":1440.00,"npi":[1205371721]},{"billed_charge":1480.00,"npi":[1205371721]},{"billed_charge":2035.00,"npi":[1205371721]},{"billed_charge":2220.00,"npi":[1205371721]}]},{"allowed_amount":0.00,"billing_code_modifier":[""],"providers":[{"billed_charge":680.00,"npi":[1205371721]},{"billed_charge":925.00,"npi":[1205371721]},{"billed_charge":960.00,"npi":[1205371721]},{"billed_charge":1040.00,"npi":[1205371721]},{"billed_charge":1120.00,"npi":[1205371721]},{"billed_charge":1280.00,"npi":[1205371721]},{"billed_charge":1295.00,"npi":[1205371721]},{"billed_charge":1320.00,"npi":[1205371721]},{"billed_charge":1440.00,"npi":[1205371721]},{"billed_charge":1480.00,"npi":[1205371721]},{"billed_charge":2035.00,"npi":[1205371721]},{"billed_charge":2220.00,"npi":[1205371721]}]},{"allowed_amount":0.00,"billing_code_modifier":[""],"providers":[{"billed_charge":680.00,"npi":[1205371721]},{"billed_charge":925.00,"npi":[1205371721]},{"billed_charge":960.00,"npi":[1205371721]},{"billed_charge":1040.00,"npi":[1205371721]},{"billed_charge":1120.00,"npi":[1205371721]},{"billed_charge":1280.00,"npi":[1205371721]},{"billed_charge":1295.00,"npi":[1205371721]},{"billed_charge":1320.00,"npi":[1205371721]},{"billed_charge":1440.00,"npi":[1205371721]},{"billed_charge":1480.00,"npi":[1205371721]},{"billed_charge":2035.00,"npi":[1205371721]},{"billed_charge":2220.00,"npi":[1205371721]}]},{"allowed_amount":0.00,"billing_code_modifier":[""],"providers":[{"billed_charge":680.00,"npi":[1205371721]},{"billed_charge":925.00,"npi":[1205371721]},{"billed_charge":960.00,"npi":[1205371721]},{"billed_charge":1040.00,"npi":[1205371721]},{"billed_charge":1120.00,"npi":[1205371721]},{"billed_charge":1280.00,"npi":[1205371721]},{"billed_charge":1295.00,"npi":[1205371721]},{"billed_charge":1320.00,"npi":[1205371721]},{"billed_charge":1440.00,"npi":[1205371721]},{"billed_charge":1480.00,"npi":[1205371721]},{"billed_charge":2035.00,"npi":[1205371721]},{"billed_charge":2220.00,"npi":[1205371721]}]},{"allowed_amount":0.00,"billing_code_modifier":[""],"providers":[{"billed_charge":680.00,"npi":[1205371721]},{"billed_charge":925.00,"npi":[1205371721]},{"billed_charge":960.00,"npi":[1205371721]},{"billed_charge":1040.00,"npi":[1205371721]},{"billed_charge":1120.00,"npi":[1205371721]},{"billed_charge":1280.00,"npi":[1205371721]},{"billed_charge":1295.00,"npi":[1205371721]},{"billed_charge":1320.00,"npi":[1205371721]},{"billed_charge":1440.00,"npi":[1205371721]},{"billed_charge":1480.00,"npi":[1205371721]},{"billed_charge":2035.00,"npi":[1205371721]},{"billed_charge":2220.00,"npi":[1205371721]}]}]},{"tin":{"type":"ein","value":"770646160"},"service_code":["12"],"billing_class":"institutional","payments":[{"allowed_amount":0.00,"billing_code_modifier":[""],"providers":[{"billed_charge":680.00,"npi":[1205371721]},{"billed_charge":925.00,"npi":[1205371721]},{"billed_charge":960.00,"npi":[1205371721]},{"billed_charge":1040.00,"npi":[1205371721]},{"billed_charge":1120.00,"npi":[1205371721]},{"billed_charge":1280.00,"npi":[1205371721]},{"billed_charge":1295.00,"npi":[1205371721]},{"billed_charge":1320.00,"npi":[1205371721]},{"billed_charge":1440.00,"npi":[1205371721]},{"billed_charge":1480.00,"npi":[1205371721]},{"billed_charge":2035.00,"npi":[1205371721]},{"billed_charge":2220.00,"npi":[1205371721]}]},{"allowed_amount":0.00,"billing_code_modifier":[""],"providers":[{"billed_charge":680.00,"npi":[1205371721]},{"billed_charge":925.00,"npi":[1205371721]},{"billed_charge":960.00,"npi":[1205371721]},{"billed_charge":1040.00,"npi":[1205371721]},{"billed_charge":1120.00,"npi":[1205371721]},{"billed_charge":1280.00,"npi":[1205371721]},{"billed_charge":1295.00,"npi":[1205371721]},{"billed_charge":1320.00,"npi":[1205371721]},{"billed_charge":1440.00,"npi":[1205371721]},{"billed_charge":1480.00,"npi":[1205371721]},{"billed_charge":2035.00,"npi":[1205371721]},{"billed_charge":2220.00,"npi":[1205371721]}]},{"allowed_amount":0.00,"billing_code_modifier":[""],"providers":[{"billed_charge":680.00,"npi":[1205371721]},{"billed_charge":925.00,"npi":[1205371721]},{"billed_charge":960.00,"npi":[1205371721]},{"billed_charge":1040.00,"npi":[1205371721]},{"billed_charge":1120.00,"npi":[1205371721]},{"billed_charge":1280.00,"npi":[1205371721]},{"billed_charge":1295.00,"npi":[1205371721]},{"billed_charge":1320.00,"npi":[1205371721]},{"billed_charge":1440.00,"npi":[1205371721]},{"billed_charge":1480.00,"npi":[1205371721]},{"billed_charge":2035.00,"npi":[1205371721]},{"billed_charge":2220.00,"npi":[1205371721]}]},{"allowed_amount":0.00,"billing_code_modifier":[""],"providers":[{"billed_charge":680.00,"npi":[1205371721]},{"billed_charge":925.00,"npi":[1205371721]},{"billed_charge":960.00,"npi":[1205371721]},{"billed_charge":1040.00,"npi":[1205371721]},{"billed_charge":1120.00,"npi":[1205371721]},{"billed_charge":1280.00,"npi":[1205371721]},{"billed_charge":1295.00,"npi":[1205371721]},{"billed_charge":1320.00,"npi":[1205371721]},{"billed_charge":1440.00,"npi":[1205371721]},{"billed_charge":1480.00,"npi":[1205371721]},{"billed_charge":2035.00,"npi":[1205371721]},{"billed_charge":2220.00,"npi":[1205371721]}]},{"allowed_amount":0.00,"billing_code_modifier":[""],"providers":[{"billed_charge":680.00,"npi":[1205371721]},{"billed_charge":925.00,"npi":[1205371721]},{"billed_charge":960.00,"npi":[1205371721]},{"billed_charge":1040.00,"npi":[1205371721]},{"billed_charge":1120.00,"npi":[1205371721]},{"billed_charge":1280.00,"npi":[1205371721]},{"billed_charge":1295.00,"npi":[1205371721]},{"billed_charge":1320.00,"npi":[1205371721]},{"billed_charge":1440.00,"npi":[1205371721]},{"billed_charge":1480.00,"npi":[1205371721]},{"billed_charge":2035.00,"npi":[1205371721]},{"billed_charge":2220.00,"npi":[1205371721]}]},{"allowed_amount":0.00,"billing_code_modifier":[""],"providers":[{"billed_charge":680.00,"npi":[1205371721]},{"billed_charge":925.00,"npi":[1205371721]},{"billed_charge":960.00,"npi":[1205371721]},{"billed_charge":1040.00,"npi":[1205371721]},{"billed_charge":1120.00,"npi":[1205371721]},{"billed_charge":1280.00,"npi":[1205371721]},{"billed_charge":1295.00,"npi":[1205371721]},{"billed_charge":1320.00,"npi":[1205371721]},{"billed_charge":1440.00,"npi":[1205371721]},{"billed_charge":1480.00,"npi":[1205371721]},{"billed_charge":2035.00,"npi":[1205371721]},{"billed_charge":2220.00,"npi":[1205371721]}]},{"allowed_amount":0.00,"billing_code_modifier":[""],"providers":[{"billed_charge":680.00,"npi":[1205371721]},{"billed_charge":925.00,"npi":[1205371721]},{"billed_charge":960.00,"npi":[1205371721]},{"billed_charge":1040.00,"npi":[1205371721]},{"billed_charge":1120.00,"npi":[1205371721]},{"billed_charge":1280.00,"npi":[1205371721]},{"billed_charge":1295.00,"npi":[1205371721]},{"billed_charge":1320.00,"npi":[1205371721]},{"billed_charge":1440.00,"npi":[1205371721]},{"billed_charge":1480.00,"npi":[1205371721]},{"billed_charge":2035.00,"npi":[1205371721]},{"billed_charge":2220.00,"npi":[1205371721]}]},{"allowed_amount":0.00,"billing_code_modifier":[""],"providers":[{"billed_charge":680.00,"npi":[1205371721]},{"billed_charge":925.00,"npi":[1205371721]},{"billed_charge":960.00,"npi":[1205371721]},{"billed_charge":1040.00,"npi":[1205371721]},{"billed_charge":1120.00,"npi":[1205371721]},{"billed_charge":1280.00,"npi":[1205371721]},{"billed_charge":1295.00,"npi":[1205371721]},{"billed_charge":1320.00,"npi":[1205371721]},{"billed_charge":1440.00,"npi":[1205371721]},{"billed_charge":1480.00,"npi":[1205371721]},{"billed_charge":2035.00,"npi":[1205371721]},{"billed_charge":2220.00,"npi":[1205371721]}]},{"allowed_amount":0.00,"billing_code_modifier":[""],"providers":[{"billed_charge":680.00,"npi":[1205371721]},{"billed_charge":925.00,"npi":[1205371721]},{"billed_charge":960.00,"npi":[1205371721]},{"billed_charge":1040.00,"npi":[1205371721]},{"billed_charge":1120.00,"npi":[1205371721]},{"billed_charge":1280.00,"npi":[1205371721]},{"billed_charge":1295.00,"npi":[1205371721]},{"billed_charge":1320.00,"npi":[1205371721]},{"billed_charge":1440.00,"npi":[1205371721]},{"billed_charge":1480.00,"npi":[1205371721]},{"billed_charge":2035.00,"npi":[1205371721]},{"billed_charge":2220.00,"npi":[1205371721]}]},{"allowed_amount":0.00,"billing_code_modifier":[""],"providers":[{"billed_charge":680.00,"npi":[1205371721]},{"billed_charge":925.00,"npi":[1205371721]},{"billed_charge":960.00,"npi":[1205371721]},{"billed_charge":1040.00,"npi":[1205371721]},{"billed_charge":1120.00,"npi":[1205371721]},{"billed_charge":1280.00,"npi":[1205371721]},{"billed_charge":1295.00,"npi":[1205371721]},{"billed_charge":1320.00,"npi":[1205371721]},{"billed_charge":1440.00,"npi":[1205371721]},{"billed_charge":1480.00,"npi":[1205371721]},{"billed_charge":2035.00,"npi":[1205371721]},{"billed_charge":2220.00,"npi":[1205371721]}]},{"allowed_amount":0.00,"billing_code_modifier":[""],"providers":[{"billed_charge":680.00,"npi":[1205371721]},{"billed_charge":925.00,"npi":[1205371721]},{"billed_charge":960.00,"npi":[1205371721]},{"billed_charge":1040.00,"npi":[1205371721]},{"billed_charge":1120.00,"npi":[1205371721]},{"billed_charge":1280.00,"npi":[1205371721]},{"billed_charge":1295.00,"npi":[1205371721]},{"billed_charge":1320.00,"npi":[1205371721]},{"billed_charge":1440.00,"npi":[1205371721]},{"billed_charge":1480.00,"npi":[1205371721]},{"billed_charge":2035.00,"npi":[1205371721]},{"billed_charge":2220.00,"npi":[1205371721]}]},{"allowed_amount":0.00,"billing_code_modifier":[""],"providers":[{"billed_charge":680.00,"npi":[1205371721]},{"billed_charge":925.00,"npi":[1205371721]},{"billed_charge":960.00,"npi":[1205371721]},{"billed_charge":1040.00,"npi":[1205371721]},{"billed_charge":1120.00,"npi":[1205371721]},{"billed_charge":1280.00,"npi":[1205371721]},{"billed_charge":1295.00,"npi":[1205371721]},{"billed_charge":1320.00,"npi":[1205371721]},{"billed_charge":1440.00,"npi":[1205371721]},{"billed_charge":1480.00,"npi":[1205371721]},{"billed_charge":2035.00,"npi":[1205371721]},{"billed_charge":2220.00,"npi":[1205371721]}]}]}]},{"name":"SBSQ HOSPITAL IP\/OBS CARE HIGH MDM 50 MINUTES","billing_code_type":"CPT","billing_code_type_version":"2020","billing_code":"99233","description":"SBSQ HOSPITAL IP\/OBS CARE HIGH MDM 50 MINUTES","allowed_amounts":[{"tin":{"type":"ein","value":"271661214"},"service_code":["21"],"billing_class":"professional","payments":[{"allowed_amount":107.51,"billing_code_modifier":[""],"providers":[{"billed_charge":718.00,"npi":[1043598865,1114155454,1205143468,1598835308,1720494958]}]}]}]},{"name":"SBSQ HOSPITAL IP\/OBS CARE MOD MDM 35 MINUTES","billing_code_type":"CPT","billing_code_type_version":"2020","billing_code":"99232","description":"SBSQ HOSPITAL IP\/OBS CARE MOD MDM 35 MINUTES","allowed_amounts":[{"tin":{"type":"ein","value":"330515386"},"service_code":["21"],"billing_class":"professional","payments":[{"allowed_amount":78.46,"billing_code_modifier":[""],"providers":[{"billed_charge":184.00,"npi":[1295963460,1437103942,1528041811,1588907174]}]}]}]}]}
