{"reporting_entity_name": "IEC Group_DBA AmeriBen",
	"reporting_entity_type": "Third Party Administrator",
	"plan_name": "URSCHEL LABORATORIES INC",
	"plan_id_type": "ein",
	"plan_id": "350726105",
	"plan_market_type": "group",
	"last_updated_on": "2024-12-01","Version": "1.0.0","out_of_network":[{"name":"APPL MODALITY 1\/> AREAS TRACTION MECHANICAL","billing_code_type":"CPT","billing_code_type_version":"2020","billing_code":"97012","description":"APPL MODALITY 1\/> AREAS TRACTION MECHANICAL","allowed_amounts":[{"tin":{"type":"ein","value":"650088713"},"service_code":["11"],"billing_class":"professional","payments":[{"allowed_amount":9.67,"billing_code_modifier":[""],"providers":[{"billed_charge":40.00,"npi":[1053530550,1174282438,1437347176]}]}]}]},{"name":"CHIROPRACTIC MANIPLTV TX EXTRASPINAL 1\/> REGION","billing_code_type":"CPT","billing_code_type_version":"2020","billing_code":"98943","description":"CHIROPRACTIC MANIPLTV TX EXTRASPINAL 1\/> REGION","allowed_amounts":[{"tin":{"type":"ein","value":"650088713"},"service_code":["11"],"billing_class":"professional","payments":[{"allowed_amount":17.88,"billing_code_modifier":[""],"providers":[{"billed_charge":65.00,"npi":[1053530550,1174282438,1437347176]}]}]}]},{"name":"CHIROPRACTIC MANIPULATIVE TX SPINAL 3-4 REGIONS","billing_code_type":"CPT","billing_code_type_version":"2020","billing_code":"98941","description":"CHIROPRACTIC MANIPULATIVE TX SPINAL 3-4 REGIONS","allowed_amounts":[{"tin":{"type":"ein","value":"650088713"},"service_code":["11"],"billing_class":"professional","payments":[{"allowed_amount":26.96,"billing_code_modifier":[""],"providers":[{"billed_charge":109.00,"npi":[1053530550,1174282438,1437347176]}]}]}]}]}
