{"reporting_entity_name": "IEC Group_DBA AmeriBen",
	"reporting_entity_type": "Third Party Administrator",
	"plan_name": "LA POSADA AT PARK CENTRE INC",
	"plan_id_type": "ein",
	"plan_id": "860828160",
	"plan_market_type": "group",
	"last_updated_on": "2026-01-01","Version": "1.0.0","out_of_network":[{"name":"DRUGS REQUIRE SPECIFIC ID: DRUGS REQUIRING DETAIL","billing_code_type":"RC","billing_code_type_version":"UB04","billing_code":"0636","description":"DRUGS REQUIRE SPECIFIC ID: DRUGS REQUIRING DETAIL","allowed_amounts":[{"tin":{"type":"ein","value":"620850498"},"service_code":["65"],"billing_class":"institutional","payments":[{"allowed_amount":2.92,"billing_code_modifier":[""],"providers":[{"billed_charge":29.30,"npi":[1306187570,1972705648]}]}]},{"tin":{"type":"ein","value":"620850498"},"service_code":["65"],"billing_class":"institutional","payments":[{"allowed_amount":3.02,"billing_code_modifier":[""],"providers":[{"billed_charge":29.30,"npi":[1306187570,1972705648]}]}]},{"tin":{"type":"ein","value":"620850498"},"service_code":["65"],"billing_class":"institutional","payments":[{"allowed_amount":4.38,"billing_code_modifier":[""],"providers":[{"billed_charge":43.95,"npi":[1306187570,1972705648]}]}]},{"tin":{"type":"ein","value":"620850498"},"service_code":["65"],"billing_class":"institutional","payments":[{"allowed_amount":4.39,"billing_code_modifier":[""],"providers":[{"billed_charge":43.95,"npi":[1306187570,1972705648]}]}]},{"tin":{"type":"ein","value":"620850498"},"service_code":["65"],"billing_class":"institutional","payments":[{"allowed_amount":4.53,"billing_code_modifier":[""],"providers":[{"billed_charge":43.95,"npi":[1306187570,1972705648]}]}]}]},{"name":"HEMO OPD\/HOME: HEMODIALYSIS COMP OR OTHER RATE","billing_code_type":"RC","billing_code_type_version":"UB04","billing_code":"0821","description":"HEMO OPD\/HOME: HEMODIALYSIS COMP OR OTHER RATE","allowed_amounts":[{"tin":{"type":"ein","value":"620850498"},"service_code":["65"],"billing_class":"institutional","payments":[{"allowed_amount":286.41,"billing_code_modifier":[""],"providers":[{"billed_charge":2870.00,"npi":[1306187570,1972705648]}]}]},{"tin":{"type":"ein","value":"620850498"},"service_code":["65"],"billing_class":"institutional","payments":[{"allowed_amount":286.47,"billing_code_modifier":[""],"providers":[{"billed_charge":2870.00,"npi":[1306187570,1972705648]}]}]},{"tin":{"type":"ein","value":"620850498"},"service_code":["65"],"billing_class":"institutional","payments":[{"allowed_amount":286.59,"billing_code_modifier":[""],"providers":[{"billed_charge":2870.00,"npi":[1306187570,1972705648]}]}]}]},{"name":"MEDICAL\/SURGICAL SUPPLIES","billing_code_type":"RC","billing_code_type_version":"UB04","billing_code":"0270","description":"MEDICAL\/SURGICAL SUPPLIES","allowed_amounts":[{"tin":{"type":"ein","value":"620850498"},"service_code":["65"],"billing_class":"institutional","payments":[{"allowed_amount":5.33,"billing_code_modifier":[""],"providers":[{"billed_charge":53.45,"npi":[1306187570,1972705648]}]}]},{"tin":{"type":"ein","value":"620850498"},"service_code":["65"],"billing_class":"institutional","payments":[{"allowed_amount":8.30,"billing_code_modifier":[""],"providers":[{"billed_charge":83.16,"npi":[1306187570,1972705648]}]}]}]},{"name":"PHARMACY","billing_code_type":"RC","billing_code_type_version":"UB04","billing_code":"0250","description":"PHARMACY","allowed_amounts":[{"tin":{"type":"ein","value":"620850498"},"service_code":["65"],"billing_class":"institutional","payments":[{"allowed_amount":0.64,"billing_code_modifier":[""],"providers":[{"billed_charge":6.46,"npi":[1306187570,1972705648]}]}]},{"tin":{"type":"ein","value":"620850498"},"service_code":["65"],"billing_class":"institutional","payments":[{"allowed_amount":1.01,"billing_code_modifier":[""],"providers":[{"billed_charge":10.16,"npi":[1306187570,1972705648]}]}]}]}]}
