{"reporting_entity_name": "IEC Group_DBA AmeriBen",
	"reporting_entity_type": "Third Party Administrator",
	"plan_name": "CHEDRAUI USA, INC.",
	"plan_id_type": "ein",
	"plan_id": "954517472",
	"plan_market_type": "group",
	"last_updated_on": "2025-05-01","Version": "1.0.0","out_of_network":[{"name":"ANTIBODY SCREEN RBC EACH SERUM TECHNIQUE","billing_code_type":"CPT","billing_code_type_version":"2020","billing_code":"86850","description":"ANTIBODY SCREEN RBC EACH SERUM TECHNIQUE","allowed_amounts":[{"tin":{"type":"ein","value":"760182525"},"service_code":["22"],"billing_class":"professional","payments":[{"allowed_amount":6.65,"billing_code_modifier":[""],"providers":[{"billed_charge":8.75,"npi":[1437181799,1750367173]}]}]},{"tin":{"type":"ein","value":"371520288"},"service_code":["21"],"billing_class":"professional","payments":[{"allowed_amount":6.65,"billing_code_modifier":[""],"providers":[{"billed_charge":13.45,"npi":[1144288424,1508824806]}]}]},{"tin":{"type":"ein","value":"741703601"},"service_code":["21"],"billing_class":"professional","payments":[{"allowed_amount":6.65,"billing_code_modifier":[""],"providers":[{"billed_charge":8.00,"npi":[1669414330,1962628842]}]}]},{"tin":{"type":"ein","value":"741720245"},"service_code":["21","22"],"billing_class":"professional","payments":[{"allowed_amount":6.65,"billing_code_modifier":[""],"providers":[{"billed_charge":18.00,"npi":[1023074929,1255394615,1518254309,1699734053]}]}]}]},{"name":"ASSAY OF LIPASE","billing_code_type":"CPT","billing_code_type_version":"2020","billing_code":"83690","description":"ASSAY OF LIPASE","allowed_amounts":[{"tin":{"type":"ein","value":"371520288"},"service_code":["21","23"],"billing_class":"professional","payments":[{"allowed_amount":6.65,"billing_code_modifier":[""],"providers":[{"billed_charge":11.50,"npi":[1043268576,1144288424,1215995584,1508824806]}]}]},{"tin":{"type":"ein","value":"741209207"},"service_code":["22"],"billing_class":"professional","payments":[{"allowed_amount":6.65,"billing_code_modifier":[""],"providers":[{"billed_charge":12.00,"npi":[1609287739,1912981747]}]}]},{"tin":{"type":"ein","value":"741720245"},"service_code":["22"],"billing_class":"professional","payments":[{"allowed_amount":6.65,"billing_code_modifier":[""],"providers":[{"billed_charge":12.00,"npi":[1023074929,1255394615,1568425916,1780882381]}]}]},{"tin":{"type":"ein","value":"751788181"},"service_code":["22","23"],"billing_class":"professional","payments":[{"allowed_amount":6.65,"billing_code_modifier":[""],"providers":[{"billed_charge":9.00,"npi":[1457381352,1457383705,1720010077]}]}]}]},{"name":"ASSAY OF MAGNESIUM","billing_code_type":"CPT","billing_code_type_version":"2020","billing_code":"83735","description":"ASSAY OF MAGNESIUM","allowed_amounts":[{"tin":{"type":"ein","value":"760421006"},"service_code":["21"],"billing_class":"professional","payments":[{"allowed_amount":6.65,"billing_code_modifier":[""],"providers":[{"billed_charge":15.75,"npi":[1194929778,1316921026]}]}]},{"tin":{"type":"ein","value":"371520288"},"service_code":["21"],"billing_class":"professional","payments":[{"allowed_amount":6.65,"billing_code_modifier":[""],"providers":[{"billed_charge":15.05,"npi":[1144288424,1215995584,1508824806,1538117007]}]}]},{"tin":{"type":"ein","value":"741703601"},"service_code":["21"],"billing_class":"professional","payments":[{"allowed_amount":6.65,"billing_code_modifier":[""],"providers":[{"billed_charge":14.00,"npi":[1669414330,1962628842]}]}]},{"tin":{"type":"ein","value":"741720245"},"service_code":["21","22"],"billing_class":"professional","payments":[{"allowed_amount":6.65,"billing_code_modifier":[""],"providers":[{"billed_charge":11.00,"npi":[1023074929,1255394615,1780882381]}]}]},{"tin":{"type":"ein","value":"751788181"},"service_code":["22"],"billing_class":"professional","payments":[{"allowed_amount":6.65,"billing_code_modifier":[""],"providers":[{"billed_charge":10.00,"npi":[1457381352,1720010077]}]}]}]},{"name":"ASSAY OF TROPONIN QUANTITATIVE","billing_code_type":"CPT","billing_code_type_version":"2020","billing_code":"84484","description":"ASSAY OF TROPONIN QUANTITATIVE","allowed_amounts":[{"tin":{"type":"ein","value":"741209207"},"service_code":["22"],"billing_class":"professional","payments":[{"allowed_amount":6.65,"billing_code_modifier":[""],"providers":[{"billed_charge":19.50,"npi":[1124295092,1245238708,1912981747]}]}]},{"tin":{"type":"ein","value":"741720245"},"service_code":["21","22"],"billing_class":"professional","payments":[{"allowed_amount":6.65,"billing_code_modifier":[""],"providers":[{"billed_charge":18.00,"npi":[1023074929,1255394615,1568425916,1780882381,1841293206]}]}]},{"tin":{"type":"ein","value":"752141895"},"service_code":["23"],"billing_class":"professional","payments":[{"allowed_amount":6.65,"billing_code_modifier":[""],"providers":[{"billed_charge":24.00,"npi":[1073587564,1952375495]}]}]}]},{"name":"BASIC METABOLIC PANEL CALCIUM TOTAL","billing_code_type":"CPT","billing_code_type_version":"2020","billing_code":"80048","description":"BASIC METABOLIC PANEL CALCIUM TOTAL","allowed_amounts":[{"tin":{"type":"ein","value":"760421006"},"service_code":["21"],"billing_class":"professional","payments":[{"allowed_amount":6.65,"billing_code_modifier":[""],"providers":[{"billed_charge":20.90,"npi":[1194929778,1316921026]}]}]},{"tin":{"type":"ein","value":"371520288"},"service_code":["21"],"billing_class":"professional","payments":[{"allowed_amount":6.65,"billing_code_modifier":[""],"providers":[{"billed_charge":60.65,"npi":[1144288424,1215995584,1508824806,1538117007]}]}]},{"tin":{"type":"ein","value":"741209207"},"service_code":["22"],"billing_class":"professional","payments":[{"allowed_amount":6.65,"billing_code_modifier":[""],"providers":[{"billed_charge":25.80,"npi":[1609287739,1912981747]}]}]},{"tin":{"type":"ein","value":"741703601"},"service_code":["21"],"billing_class":"professional","payments":[{"allowed_amount":6.65,"billing_code_modifier":[""],"providers":[{"billed_charge":18.00,"npi":[1669414330,1962628842]}]}]},{"tin":{"type":"ein","value":"741720245"},"service_code":["21","22"],"billing_class":"professional","payments":[{"allowed_amount":6.65,"billing_code_modifier":[""],"providers":[{"billed_charge":24.00,"npi":[1023074929,1255394615,1518254309,1568425916,1699734053,1780882381,1841293206]}]}]},{"tin":{"type":"ein","value":"751788181"},"service_code":["22"],"billing_class":"professional","payments":[{"allowed_amount":6.65,"billing_code_modifier":[""],"providers":[{"billed_charge":18.00,"npi":[1457381352,1720010077]}]}]},{"tin":{"type":"ein","value":"760182525"},"service_code":["22"],"billing_class":"professional","payments":[{"allowed_amount":6.65,"billing_code_modifier":[""],"providers":[{"billed_charge":32.00,"npi":[1437181799,1750367173]}]}]}]},{"name":"BLOOD COUNT COMPLETE AUTO&AUTO DIFRNTL WBC","billing_code_type":"CPT","billing_code_type_version":"2020","billing_code":"85025","description":"BLOOD COUNT COMPLETE AUTO&AUTO DIFRNTL WBC","allowed_amounts":[{"tin":{"type":"ein","value":"760421006"},"service_code":["21"],"billing_class":"professional","payments":[{"allowed_amount":6.65,"billing_code_modifier":[""],"providers":[{"billed_charge":24.00,"npi":[1194929778,1316921026]}]}]},{"tin":{"type":"ein","value":"371520288"},"service_code":["21","23"],"billing_class":"professional","payments":[{"allowed_amount":6.65,"billing_code_modifier":[""],"providers":[{"billed_charge":20.55,"npi":[1043268576,1144288424,1215995584,1508824806,1538117007]}]}]},{"tin":{"type":"ein","value":"741209207"},"service_code":["22"],"billing_class":"professional","payments":[{"allowed_amount":6.65,"billing_code_modifier":[""],"providers":[{"billed_charge":17.70,"npi":[1245238708,1609287739,1912981747]}]}]},{"tin":{"type":"ein","value":"741720245"},"service_code":["21","22"],"billing_class":"professional","payments":[{"allowed_amount":6.65,"billing_code_modifier":[""],"providers":[{"billed_charge":12.00,"npi":[1023074929,1255394615,1518254309,1568425916,1780882381,1841293206]}]}]},{"tin":{"type":"ein","value":"751788181"},"service_code":["22","23"],"billing_class":"professional","payments":[{"allowed_amount":6.65,"billing_code_modifier":[""],"providers":[{"billed_charge":10.00,"npi":[1225211162,1457381352,1457383705,1720010077]}]}]},{"tin":{"type":"ein","value":"752141895"},"service_code":["23"],"billing_class":"professional","payments":[{"allowed_amount":6.65,"billing_code_modifier":[""],"providers":[{"billed_charge":11.00,"npi":[1073587564,1952375495]}]}]},{"tin":{"type":"ein","value":"760182525"},"service_code":["22"],"billing_class":"professional","payments":[{"allowed_amount":6.65,"billing_code_modifier":[""],"providers":[{"billed_charge":8.75,"npi":[1437181799,1750367173]}]}]}]},{"name":"BLOOD TYPING SEROLOGIC ABO","billing_code_type":"CPT","billing_code_type_version":"2020","billing_code":"86900","description":"BLOOD TYPING SEROLOGIC ABO","allowed_amounts":[{"tin":{"type":"ein","value":"760182525"},"service_code":["22"],"billing_class":"professional","payments":[{"allowed_amount":6.65,"billing_code_modifier":[""],"providers":[{"billed_charge":5.50,"npi":[1437181799,1750367173]}]}]},{"tin":{"type":"ein","value":"371520288"},"service_code":["21"],"billing_class":"professional","payments":[{"allowed_amount":6.65,"billing_code_modifier":[""],"providers":[{"billed_charge":8.10,"npi":[1144288424,1508824806]}]}]},{"tin":{"type":"ein","value":"741720245"},"service_code":["21","22"],"billing_class":"professional","payments":[{"allowed_amount":6.65,"billing_code_modifier":[""],"providers":[{"billed_charge":8.00,"npi":[1023074929,1255394615,1518254309,1699734053]}]}]}]},{"name":"BLOOD TYPING SEROLOGIC RH (D)","billing_code_type":"CPT","billing_code_type_version":"2020","billing_code":"86901","description":"BLOOD TYPING SEROLOGIC RH (D)","allowed_amounts":[{"tin":{"type":"ein","value":"760182525"},"service_code":["22"],"billing_class":"professional","payments":[{"allowed_amount":6.65,"billing_code_modifier":[""],"providers":[{"billed_charge":11.00,"npi":[1437181799,1750367173]}]}]},{"tin":{"type":"ein","value":"371520288"},"service_code":["21"],"billing_class":"professional","payments":[{"allowed_amount":6.65,"billing_code_modifier":[""],"providers":[{"billed_charge":9.05,"npi":[1144288424,1508824806]}]}]},{"tin":{"type":"ein","value":"741720245"},"service_code":["21","22"],"billing_class":"professional","payments":[{"allowed_amount":6.65,"billing_code_modifier":[""],"providers":[{"billed_charge":16.00,"npi":[1023074929,1255394615,1518254309,1699734053]}]}]}]},{"name":"CCPD OPD\/HOME: CCPD COMP OR OTHER RATE","billing_code_type":"RC","billing_code_type_version":"UB04","billing_code":"0851","description":"CCPD OPD\/HOME: CCPD COMP OR OTHER RATE","allowed_amounts":[{"tin":{"type":"ein","value":"473225626"},"service_code":["65"],"billing_class":"institutional","payments":[{"allowed_amount":287.95,"billing_code_modifier":[""],"providers":[{"billed_charge":3374.00,"npi":[1952783607]}]}]}]},{"name":"COMPREHENSIVE METABOLIC PANEL","billing_code_type":"CPT","billing_code_type_version":"2020","billing_code":"80053","description":"COMPREHENSIVE METABOLIC PANEL","allowed_amounts":[{"tin":{"type":"ein","value":"760421006"},"service_code":["21"],"billing_class":"professional","payments":[{"allowed_amount":6.65,"billing_code_modifier":[""],"providers":[{"billed_charge":23.60,"npi":[1194929778,1316921026]}]}]},{"tin":{"type":"ein","value":"371520288"},"service_code":["21","23"],"billing_class":"professional","payments":[{"allowed_amount":6.65,"billing_code_modifier":[""],"providers":[{"billed_charge":121.45,"npi":[1043268576,1144288424,1215995584,1508824806,1538117007]}]}]},{"tin":{"type":"ein","value":"741209207"},"service_code":["22"],"billing_class":"professional","payments":[{"allowed_amount":6.65,"billing_code_modifier":[""],"providers":[{"billed_charge":28.80,"npi":[1245238708,1912981747]}]}]},{"tin":{"type":"ein","value":"741703601"},"service_code":["21"],"billing_class":"professional","payments":[{"allowed_amount":6.65,"billing_code_modifier":[""],"providers":[{"billed_charge":22.00,"npi":[1669414330,1962628842]}]}]},{"tin":{"type":"ein","value":"741720245"},"service_code":["21","22"],"billing_class":"professional","payments":[{"allowed_amount":6.65,"billing_code_modifier":[""],"providers":[{"billed_charge":28.00,"npi":[1023074929,1255394615,1518254309,1568425916,1780882381,1841293206]}]}]},{"tin":{"type":"ein","value":"751788181"},"service_code":["22","23"],"billing_class":"professional","payments":[{"allowed_amount":6.65,"billing_code_modifier":[""],"providers":[{"billed_charge":22.00,"npi":[1225211162,1457381352,1457383705,1720010077]}]}]},{"tin":{"type":"ein","value":"752141895"},"service_code":["23"],"billing_class":"professional","payments":[{"allowed_amount":6.65,"billing_code_modifier":[""],"providers":[{"billed_charge":40.00,"npi":[1073587564,1952375495]}]}]}]},{"name":"PERITONEAL OPD\/HOME: PERITONEAL COMP OR OTHER RATE","billing_code_type":"RC","billing_code_type_version":"UB04","billing_code":"0831","description":"PERITONEAL OPD\/HOME: PERITONEAL COMP OR OTHER RATE","allowed_amounts":[{"tin":{"type":"ein","value":"464440245"},"service_code":["65"],"billing_class":"institutional","payments":[{"allowed_amount":363.66,"billing_code_modifier":[""],"providers":[{"billed_charge":8115.59,"npi":[1003227075,1376796656]}]}]}]},{"name":"PROTHROMBIN TIME","billing_code_type":"CPT","billing_code_type_version":"2020","billing_code":"85610","description":"PROTHROMBIN TIME","allowed_amounts":[{"tin":{"type":"ein","value":"760421006"},"service_code":["21"],"billing_class":"professional","payments":[{"allowed_amount":6.65,"billing_code_modifier":[""],"providers":[{"billed_charge":8.15,"npi":[1194929778,1316921026]}]}]},{"tin":{"type":"ein","value":"371520288"},"service_code":["21"],"billing_class":"professional","payments":[{"allowed_amount":6.65,"billing_code_modifier":[""],"providers":[{"billed_charge":7.40,"npi":[1144288424,1508824806]}]}]},{"tin":{"type":"ein","value":"741703601"},"service_code":["21"],"billing_class":"professional","payments":[{"allowed_amount":6.65,"billing_code_modifier":[""],"providers":[{"billed_charge":9.00,"npi":[1669414330,1962628842]}]}]},{"tin":{"type":"ein","value":"741720245"},"service_code":["21","22"],"billing_class":"professional","payments":[{"allowed_amount":6.65,"billing_code_modifier":[""],"providers":[{"billed_charge":11.00,"npi":[1023074929,1255394615,1518254309,1568425916,1780882381,1841293206]}]}]}]},{"name":"RADIOLOGIC EXAM CHEST SINGLE VIEW","billing_code_type":"CPT","billing_code_type_version":"2020","billing_code":"71045","description":"RADIOLOGIC EXAM CHEST SINGLE VIEW","allowed_amounts":[{"tin":{"type":"ein","value":"741680498"},"service_code":["21","22","23"],"billing_class":"professional","payments":[{"allowed_amount":16.47,"billing_code_modifier":[""],"providers":[{"billed_charge":153.00,"npi":[1073723144,1205832466,1275988719,1356324875,1538107875,1609254754,1689840076,1740361039,1760439129,1841287018,1881675585]}]}]},{"tin":{"type":"ein","value":"746223317"},"service_code":["23"],"billing_class":"professional","payments":[{"allowed_amount":16.47,"billing_code_modifier":[""],"providers":[{"billed_charge":49.00,"npi":[1023051851,1558868265]}]}]},{"tin":{"type":"ein","value":"751459885"},"service_code":["21","23"],"billing_class":"professional","payments":[{"allowed_amount":16.93,"billing_code_modifier":[""],"providers":[{"billed_charge":248.00,"npi":[1003018276,1023077401,1134515497,1164637682,1336161959,1427016161,1528551629,1538127196,1740777226,1841450376]}]}]},{"tin":{"type":"ein","value":"756002868"},"service_code":["23"],"billing_class":"professional","payments":[{"allowed_amount":16.93,"billing_code_modifier":[""],"providers":[{"billed_charge":81.00,"npi":[1366460180,1972579365]}]}]}]},{"name":"SBSQ HOSPITAL IP\/OBS CARE HIGH MDM 50 MINUTES","billing_code_type":"CPT","billing_code_type_version":"2020","billing_code":"99233","description":"SBSQ HOSPITAL IP\/OBS CARE HIGH MDM 50 MINUTES","allowed_amounts":[{"tin":{"type":"ein","value":"760664026"},"service_code":["21"],"billing_class":"professional","payments":[{"allowed_amount":124.44,"billing_code_modifier":[""],"providers":[{"billed_charge":150.00,"npi":[1124022868]}]}]},{"tin":{"type":"ein","value":"832991106"},"service_code":["21"],"billing_class":"professional","payments":[{"allowed_amount":105.77,"billing_code_modifier":[""],"providers":[{"billed_charge":160.00,"npi":[1043784887,1275262479,1669003760]}]}]},{"tin":{"type":"ein","value":"832991106"},"service_code":["21"],"billing_class":"professional","payments":[{"allowed_amount":124.44,"billing_code_modifier":[""],"providers":[{"billed_charge":160.00,"npi":[1043784887,1598952178]}]}]},{"tin":{"type":"ein","value":"201000287"},"service_code":["21"],"billing_class":"professional","payments":[{"allowed_amount":124.44,"billing_code_modifier":[""],"providers":[{"billed_charge":262.00,"npi":[1063464402,1396798153,1790737187]}]}]},{"tin":{"type":"ein","value":"205146786"},"service_code":["21"],"billing_class":"professional","payments":[{"allowed_amount":124.44,"billing_code_modifier":[""],"providers":[{"billed_charge":357.00,"npi":[1467476051,1831519511]}]}]},{"tin":{"type":"ein","value":"300520570"},"service_code":["21"],"billing_class":"professional","payments":[{"allowed_amount":105.77,"billing_code_modifier":[""],"providers":[{"billed_charge":302.00,"npi":[1275779225,1285842633,1962863373]}]}]},{"tin":{"type":"ein","value":"300520570"},"service_code":["21"],"billing_class":"professional","payments":[{"allowed_amount":124.44,"billing_code_modifier":[""],"providers":[{"billed_charge":226.00,"npi":[1164801569,1275779225,1427337930]},{"billed_charge":240.00,"npi":[1275779225,1346443843]}]},{"allowed_amount":124.44,"billing_code_modifier":[""],"providers":[{"billed_charge":226.00,"npi":[1164801569,1275779225,1427337930]},{"billed_charge":240.00,"npi":[1275779225,1346443843]}]}]},{"tin":{"type":"ein","value":"300520570"},"service_code":["21"],"billing_class":"professional","payments":[{"allowed_amount":124.44,"billing_code_modifier":[""],"providers":[{"billed_charge":226.00,"npi":[1164801569,1275779225,1427337930]},{"billed_charge":240.00,"npi":[1275779225,1346443843]}]},{"allowed_amount":124.44,"billing_code_modifier":[""],"providers":[{"billed_charge":226.00,"npi":[1164801569,1275779225,1427337930]},{"billed_charge":240.00,"npi":[1275779225,1346443843]}]}]},{"tin":{"type":"ein","value":"300791563"},"service_code":["21"],"billing_class":"professional","payments":[{"allowed_amount":124.44,"billing_code_modifier":[""],"providers":[{"billed_charge":327.00,"npi":[1386606309,1881026664]}]}]},{"tin":{"type":"ein","value":"454341486"},"service_code":["21"],"billing_class":"professional","payments":[{"allowed_amount":124.44,"billing_code_modifier":[""],"providers":[{"billed_charge":300.00,"npi":[1558882647,1770855710]}]}]}]},{"name":"SCREENING DIGITAL BREAST TOMOSYNTHESIS BI","billing_code_type":"CPT","billing_code_type_version":"2020","billing_code":"77063","description":"SCREENING DIGITAL BREAST TOMOSYNTHESIS BI","allowed_amounts":[{"tin":{"type":"ein","value":"383768845"},"service_code":["22"],"billing_class":"professional","payments":[{"allowed_amount":58.59,"billing_code_modifier":[""],"providers":[{"billed_charge":150.00,"npi":[1366820649,1427235704]}]}]},{"tin":{"type":"ein","value":"741680498"},"service_code":["19","22"],"billing_class":"professional","payments":[{"allowed_amount":58.59,"billing_code_modifier":[""],"providers":[{"billed_charge":186.00,"npi":[1083683015,1306813589,1407109770,1447450267,1477998607,1508181330,1538107875,1538122460,1598294738,1700877826,1750404380,1821138587,1871822544,1932527231]}]}]}]},{"name":"SCREENING MAMMOGRAPHY BI 2-VIEW BREAST INC CAD","billing_code_type":"CPT","billing_code_type_version":"2020","billing_code":"77067","description":"SCREENING MAMMOGRAPHY BI 2-VIEW BREAST INC CAD","allowed_amounts":[{"tin":{"type":"ein","value":"383768845"},"service_code":["22"],"billing_class":"professional","payments":[{"allowed_amount":69.48,"billing_code_modifier":[""],"providers":[{"billed_charge":200.00,"npi":[1366820649,1427235704]}]}]},{"tin":{"type":"ein","value":"741680498"},"service_code":["19","22"],"billing_class":"professional","payments":[{"allowed_amount":69.48,"billing_code_modifier":[""],"providers":[{"billed_charge":276.00,"npi":[1083683015,1306813589,1407109770,1447450267,1477998607,1508181330,1538107875,1538122460,1598294738,1700877826,1750404380,1821138587,1871822544,1932527231]}]}]}]},{"name":"THROMBOPLASTIN TIME PARTIAL PLASMA\/WHOLE BLOOD","billing_code_type":"CPT","billing_code_type_version":"2020","billing_code":"85730","description":"THROMBOPLASTIN TIME PARTIAL PLASMA\/WHOLE BLOOD","allowed_amounts":[{"tin":{"type":"ein","value":"760421006"},"service_code":["21"],"billing_class":"professional","payments":[{"allowed_amount":6.65,"billing_code_modifier":[""],"providers":[{"billed_charge":8.60,"npi":[1194929778,1316921026]}]}]},{"tin":{"type":"ein","value":"371520288"},"service_code":["21"],"billing_class":"professional","payments":[{"allowed_amount":6.65,"billing_code_modifier":[""],"providers":[{"billed_charge":9.00,"npi":[1144288424,1508824806]}]}]},{"tin":{"type":"ein","value":"741720245"},"service_code":["21","22"],"billing_class":"professional","payments":[{"allowed_amount":6.65,"billing_code_modifier":[""],"providers":[{"billed_charge":12.00,"npi":[1023074929,1255394615,1518254309,1568425916,1780882381,1841293206]}]}]}]},{"name":"URNLS DIP STICK\/TABLET REAGENT AUTO MICROSCOPY","billing_code_type":"CPT","billing_code_type_version":"2020","billing_code":"81001","description":"URNLS DIP STICK\/TABLET REAGENT AUTO MICROSCOPY","allowed_amounts":[{"tin":{"type":"ein","value":"760421006"},"service_code":["21","23"],"billing_class":"professional","payments":[{"allowed_amount":6.65,"billing_code_modifier":[""],"providers":[{"billed_charge":9.05,"npi":[1194929778,1316921026,1366447690]}]}]},{"tin":{"type":"ein","value":"371520288"},"service_code":["21","23"],"billing_class":"professional","payments":[{"allowed_amount":6.65,"billing_code_modifier":[""],"providers":[{"billed_charge":8.20,"npi":[1043268576,1215995584,1538117007]}]}]},{"tin":{"type":"ein","value":"741209207"},"service_code":["22"],"billing_class":"professional","payments":[{"allowed_amount":6.65,"billing_code_modifier":[""],"providers":[{"billed_charge":8.70,"npi":[1124295092,1609287739,1912981747]}]}]},{"tin":{"type":"ein","value":"741720245"},"service_code":["22"],"billing_class":"professional","payments":[{"allowed_amount":6.65,"billing_code_modifier":[""],"providers":[{"billed_charge":14.00,"npi":[1023074929,1255394615,1568425916,1780882381]}]}]},{"tin":{"type":"ein","value":"751788181"},"service_code":["22"],"billing_class":"professional","payments":[{"allowed_amount":6.65,"billing_code_modifier":[""],"providers":[{"billed_charge":7.00,"npi":[1457381352,1720010077]}]}]},{"tin":{"type":"ein","value":"752141895"},"service_code":["23"],"billing_class":"professional","payments":[{"allowed_amount":6.65,"billing_code_modifier":[""],"providers":[{"billed_charge":8.00,"npi":[1073587564,1952375495]}]}]}]}]}
