{"reporting_entity_name": "IEC Group_DBA AmeriBen",
	"reporting_entity_type": "Third Party Administrator",
	"plan_name": "AW HOLDINGS LLC - BENCHMARK",
	"plan_id_type": "ein",
	"plan_id": "208906852",
	"plan_market_type": "group",
	"last_updated_on": "2026-01-01","Version": "1.0.0","out_of_network":[{"name":"PSYCHIATRIC","billing_code_type":"RC","billing_code_type_version":"UB04","billing_code":"0124","description":"PSYCHIATRIC","allowed_amounts":[{"tin":{"type":"ein","value":"923718468"},"service_code":["21"],"billing_class":"institutional","payments":[{"allowed_amount":4875.00,"billing_code_modifier":[""],"providers":[{"billed_charge":7500.00,"npi":[1831959063,1871559385]}]}]}]}]}
