{"reporting_entity_name": "IEC Group_DBA AmeriBen",      "reporting_entity_type": "Third Party Administrator",      "plan_name": "WHITE CAP LTD",      "plan_id_type": "ein",      "plan_id": "260100647",      "plan_market_type": "group","out_of_network":[{"name":"2019 NCOV COVID 19 SARS COV 2 2019","billing_code_type":"HCPCS","billing_code":"U0002","billing_code_type_version":"","description":"","allowed_amounts":[{"tin":{"type":"npi","value":"1508851288"},"service_code":[],"billing_class":"institutional","payments":[{"allowed_amount":36.44,"billing_code_modifier":[],"providers":[{"billed_charge":200.00,"npi":[1508851288]}]}]},{"tin":{"type":"npi","value":"1578527172"},"service_code":[],"billing_class":"institutional","payments":[{"allowed_amount":25.87,"billing_code_modifier":[],"providers":[{"billed_charge":165.00,"npi":[1578527172]}]}]},{"tin":{"type":"npi","value":"1720396674"},"service_code":["72"],"billing_class":"professional","payments":[{"allowed_amount":143.38,"billing_code_modifier":[],"providers":[{"billed_charge":185.00,"npi":[1720396674]}]}]}]},{"name":"25 HYDROXY INCLUDES FRACTIONS IF PERFORMED","billing_code_type":"CPT","billing_code":"82306","billing_code_type_version":"","description":"","allowed_amounts":[{"tin":{"type":"npi","value":"1467446013"},"service_code":["22"],"billing_class":"professional","payments":[{"allowed_amount":13.37,"billing_code_modifier":[],"providers":[{"billed_charge":69.00,"npi":[1467446013]}]}]},{"tin":{"type":"npi","value":"1508851288"},"service_code":[],"billing_class":"institutional","payments":[{"allowed_amount":14.81,"billing_code_modifier":[],"providers":[{"billed_charge":275.00,"npi":[1508851288]}]}]}]},{"name":"ACTINOTHERAPY ULTRAVIOLET LIGHT","billing_code_type":"CPT","billing_code":"96900","billing_code_type_version":"","description":"","allowed_amounts":[{"tin":{"type":"npi","value":"1083668461"},"service_code":["11"],"billing_class":"professional","payments":[{"allowed_amount":27.00,"billing_code_modifier":[],"providers":[{"billed_charge":100.00,"npi":[1083668461]}]}]}]},{"name":"ADDL SUPL MATRL STAF TM DRG PHE RES TR NFCT D","billing_code_type":"CPT","billing_code":"99072","billing_code_type_version":"","description":"","allowed_amounts":[{"tin":{"type":"npi","value":"1821571647"},"service_code":["11"],"billing_class":"professional","payments":[{"allowed_amount":9.44,"billing_code_modifier":[],"providers":[{"billed_charge":15.00,"npi":[1821571647]}]}]}]},{"name":"ALCOHOL AND OR DRUG SERVICES","billing_code_type":"HCPCS","billing_code":"H0015","billing_code_type_version":"","description":"","allowed_amounts":[{"tin":{"type":"npi","value":"1457892432"},"service_code":[],"billing_class":"institutional","payments":[{"allowed_amount":379.64,"billing_code_modifier":[],"providers":[{"billed_charge":650.00,"npi":[1457892432]}]}]},{"tin":{"type":"npi","value":"1609303924"},"service_code":[],"billing_class":"institutional","payments":[{"allowed_amount":432.39,"billing_code_modifier":[],"providers":[{"billed_charge":3500.00,"npi":[1609303924]}]}]}]},{"name":"ALCOHOL DRUG ABUSE OR DEPENDENCE WITHOUT REHABILITATION THERAPY WITHOUT MCC","billing_code_type":"MS-DRG","billing_code":"897","billing_code_type_version":"v39","description":"","allowed_amounts":[{"tin":{"type":"npi","value":"1245856335"},"service_code":[],"billing_class":"institutional","payments":[{"allowed_amount":1775.44,"billing_code_modifier":[],"providers":[{"billed_charge":4500.00,"npi":[1245856335]}]}]},{"tin":{"type":"npi","value":"1265024566"},"service_code":[],"billing_class":"institutional","payments":[{"allowed_amount":1577.09,"billing_code_modifier":[],"providers":[{"billed_charge":4495.00,"npi":[1265024566]}]}]},{"tin":{"type":"npi","value":"1275029902"},"service_code":[],"billing_class":"institutional","payments":[{"allowed_amount":1230.24,"billing_code_modifier":[],"providers":[{"billed_charge":4500.00,"npi":[1275029902]}]}]},{"tin":{"type":"npi","value":"1407221328"},"service_code":[],"billing_class":"institutional","payments":[{"allowed_amount":1279.64,"billing_code_modifier":[],"providers":[{"billed_charge":3185.00,"npi":[1407221328]}]}]},{"tin":{"type":"npi","value":"1447802202"},"service_code":[],"billing_class":"institutional","payments":[{"allowed_amount":1618.06,"billing_code_modifier":[],"providers":[{"billed_charge":4500.00,"npi":[1447802202]}]}]},{"tin":{"type":"npi","value":"1619415197"},"service_code":[],"billing_class":"institutional","payments":[{"allowed_amount":1313.02,"billing_code_modifier":[],"providers":[{"billed_charge":3000.00,"npi":[1619415197]}]}]},{"tin":{"type":"npi","value":"1710511068"},"service_code":[],"billing_class":"institutional","payments":[{"allowed_amount":1256.23,"billing_code_modifier":[],"providers":[{"billed_charge":2000.00,"npi":[1710511068]}]}]},{"tin":{"type":"npi","value":"1871930966"},"service_code":[],"billing_class":"institutional","payments":[{"allowed_amount":1618.06,"billing_code_modifier":[],"providers":[{"billed_charge":5000.00,"npi":[1871930966]}]}]}]},{"name":"Anesthesia General Classification","billing_code_type":"RC","billing_code":"0370","billing_code_type_version":"","description":"","allowed_amounts":[{"tin":{"type":"npi","value":"1508851288"},"service_code":[],"billing_class":"institutional","payments":[{"allowed_amount":541.44,"billing_code_modifier":[],"providers":[{"billed_charge":2269.00,"npi":[1508851288]}]}]},{"tin":{"type":"npi","value":"1578527172"},"service_code":[],"billing_class":"institutional","payments":[{"allowed_amount":289.60,"billing_code_modifier":[],"providers":[{"billed_charge":1158.00,"npi":[1578527172]}]}]}]},{"name":"APPL MLTLAYR COMPRES LEG BELOW KNEE W ANKLE F","billing_code_type":"CPT","billing_code":"29581","billing_code_type_version":"","description":"","allowed_amounts":[{"tin":{"type":"npi","value":"1962987677"},"service_code":[],"billing_class":"institutional","payments":[{"allowed_amount":280.13,"billing_code_modifier":[],"providers":[{"billed_charge":946.98,"npi":[1962987677]}]}]}]},{"name":"APPL MODALITY 1  GT AREAS ELEC STIMJ UNATTEN","billing_code_type":"CPT","billing_code":"97014","billing_code_type_version":"","description":"","allowed_amounts":[{"tin":{"type":"npi","value":"1578761201"},"service_code":["11"],"billing_class":"professional","payments":[{"allowed_amount":14.50,"billing_code_modifier":[],"providers":[{"billed_charge":40.00,"npi":[1578761201]}]}]}]},{"name":"APPL MODALITY 1  GT AREAS VASOPNEUMATIC DEVI","billing_code_type":"CPT","billing_code":"97016","billing_code_type_version":"","description":"","allowed_amounts":[{"tin":{"type":"npi","value":"1164642583"},"service_code":["11"],"billing_class":"professional","payments":[{"allowed_amount":18.79,"billing_code_modifier":[],"providers":[{"billed_charge":46.00,"npi":[1164642583]}]}]}]},{"name":"APPLICATION MODALITY 1  GT AREAS HOT COLD PA","billing_code_type":"CPT","billing_code":"97010","billing_code_type_version":"","description":"","allowed_amounts":[{"tin":{"type":"npi","value":"1538465901"},"service_code":[],"billing_class":"institutional","payments":[{"allowed_amount":9.64,"billing_code_modifier":[],"providers":[{"billed_charge":21.22,"npi":[1538465901]}]}]}]},{"name":"ASSAY OF ALCOHOL ETHANOL BREATH","billing_code_type":"CPT","billing_code":"82075","billing_code_type_version":"","description":"","allowed_amounts":[{"tin":{"type":"npi","value":"1386159945"},"service_code":[],"billing_class":"institutional","payments":[{"allowed_amount":42.00,"billing_code_modifier":[],"providers":[{"billed_charge":156.00,"npi":[1386159945]}]}]},{"tin":{"type":"npi","value":"1922145499"},"service_code":[],"billing_class":"institutional","payments":[{"allowed_amount":42.00,"billing_code_modifier":[],"providers":[{"billed_charge":150.00,"npi":[1922145499]}]}]}]},{"name":"ASSAY OF BLOOD URIC ACID","billing_code_type":"CPT","billing_code":"84550","billing_code_type_version":"","description":"","allowed_amounts":[{"tin":{"type":"npi","value":"1508851288"},"service_code":[],"billing_class":"institutional","payments":[{"allowed_amount":11.32,"billing_code_modifier":[],"providers":[{"billed_charge":232.00,"npi":[1508851288]}]}]}]},{"name":"ASSAY OF FOLIC ACID SERUM","billing_code_type":"CPT","billing_code":"82746","billing_code_type_version":"","description":"","allowed_amounts":[{"tin":{"type":"npi","value":"1508851288"},"service_code":[],"billing_class":"institutional","payments":[{"allowed_amount":19.19,"billing_code_modifier":[],"providers":[{"billed_charge":341.00,"npi":[1508851288]}]}]}]},{"name":"ASSAY OF FREE THYROXINE","billing_code_type":"CPT","billing_code":"84439","billing_code_type_version":"","description":"","allowed_amounts":[{"tin":{"type":"npi","value":"1508851288"},"service_code":[],"billing_class":"institutional","payments":[{"allowed_amount":14.03,"billing_code_modifier":[],"providers":[{"billed_charge":260.00,"npi":[1508851288]}]}]}]},{"name":"ASSAY OF IRON","billing_code_type":"CPT","billing_code":"83540","billing_code_type_version":"","description":"","allowed_amounts":[{"tin":{"type":"npi","value":"1508851288"},"service_code":[],"billing_class":"institutional","payments":[{"allowed_amount":10.03,"billing_code_modifier":[],"providers":[{"billed_charge":213.00,"npi":[1508851288]}]}]}]},{"name":"ASSAY OF MAGNESIUM","billing_code_type":"CPT","billing_code":"83735","billing_code_type_version":"","description":"","allowed_amounts":[{"tin":{"type":"npi","value":"1376733675"},"service_code":["21"],"billing_class":"professional","payments":[{"allowed_amount":8.88,"billing_code_modifier":[],"providers":[{"billed_charge":15.75,"npi":[1376733675]}]}]},{"tin":{"type":"npi","value":"1508851288"},"service_code":[],"billing_class":"institutional","payments":[{"allowed_amount":13.33,"billing_code_modifier":[],"providers":[{"billed_charge":258.00,"npi":[1508851288]}]}]}]},{"name":"ASSAY OF PROSTATE SPECIFIC ANTIGEN TOTAL","billing_code_type":"CPT","billing_code":"84153","billing_code_type_version":"","description":"","allowed_amounts":[{"tin":{"type":"npi","value":"1508851288"},"service_code":[],"billing_class":"institutional","payments":[{"allowed_amount":17.87,"billing_code_modifier":[],"providers":[{"billed_charge":337.00,"npi":[1508851288]}]}]}]},{"name":"ASSAY OF THYROID STIMULATING HORMONE TSH","billing_code_type":"CPT","billing_code":"84443","billing_code_type_version":"","description":"","allowed_amounts":[{"tin":{"type":"npi","value":"1053360651"},"service_code":[],"billing_class":"institutional","payments":[{"allowed_amount":26.53,"billing_code_modifier":[],"providers":[{"billed_charge":106.00,"npi":[1053360651]}]}]},{"tin":{"type":"npi","value":"1194728808"},"service_code":[],"billing_class":"institutional","payments":[{"allowed_amount":40.06,"billing_code_modifier":[],"providers":[{"billed_charge":137.60,"npi":[1194728808]}]}]},{"tin":{"type":"npi","value":"1255422416"},"service_code":[],"billing_class":"institutional","payments":[{"allowed_amount":141.37,"billing_code_modifier":[],"providers":[{"billed_charge":211.00,"npi":[1255422416]}]}]},{"tin":{"type":"npi","value":"1285607416"},"service_code":[],"billing_class":"institutional","payments":[{"allowed_amount":23.69,"billing_code_modifier":[],"providers":[{"billed_charge":157.50,"npi":[1285607416]}]}]},{"tin":{"type":"npi","value":"1467446013"},"service_code":["22"],"billing_class":"professional","payments":[{"allowed_amount":15.46,"billing_code_modifier":[],"providers":[{"billed_charge":108.00,"npi":[1467446013]}]}]},{"tin":{"type":"npi","value":"1508851288"},"service_code":[],"billing_class":"institutional","payments":[{"allowed_amount":22.28,"billing_code_modifier":[],"providers":[{"billed_charge":434.00,"npi":[1508851288]}]}]},{"tin":{"type":"npi","value":"1649248626"},"service_code":[],"billing_class":"institutional","payments":[{"allowed_amount":34.13,"billing_code_modifier":[],"providers":[{"billed_charge":164.88,"npi":[1649248626]}]}]},{"tin":{"type":"npi","value":"1811973100"},"service_code":[],"billing_class":"institutional","payments":[{"allowed_amount":26.21,"billing_code_modifier":[],"providers":[{"billed_charge":111.00,"npi":[1811973100]}]}]}]},{"name":"ASSAY OF THYROXINE TOTAL","billing_code_type":"CPT","billing_code":"84436","billing_code_type_version":"","description":"","allowed_amounts":[{"tin":{"type":"npi","value":"1508851288"},"service_code":[],"billing_class":"institutional","payments":[{"allowed_amount":9.63,"billing_code_modifier":[],"providers":[{"billed_charge":188.00,"npi":[1508851288]}]}]}]},{"name":"BASIC METABOLIC PANEL CALCIUM TOTAL","billing_code_type":"CPT","billing_code":"80048","billing_code_type_version":"","description":"","allowed_amounts":[{"tin":{"type":"npi","value":"1376733675"},"service_code":["21"],"billing_class":"professional","payments":[{"allowed_amount":11.77,"billing_code_modifier":[],"providers":[{"billed_charge":20.90,"npi":[1376733675]}]}]},{"tin":{"type":"npi","value":"1508851288"},"service_code":[],"billing_class":"institutional","payments":[{"allowed_amount":23.44,"billing_code_modifier":[],"providers":[{"billed_charge":538.00,"npi":[1508851288]}]}]}]},{"name":"BILIRUBIN DIRECT","billing_code_type":"CPT","billing_code":"82248","billing_code_type_version":"","description":"","allowed_amounts":[{"tin":{"type":"npi","value":"1174582050"},"service_code":[],"billing_class":"institutional","payments":[{"allowed_amount":73.10,"billing_code_modifier":[],"providers":[{"billed_charge":86.00,"npi":[1174582050]}]}]}]},{"name":"BLOOD COUNT COMPLETE AUTO AUTO DIFRNTL WBC","billing_code_type":"CPT","billing_code":"85025","billing_code_type_version":"","description":"","allowed_amounts":[{"tin":{"type":"npi","value":"1003864810"},"service_code":[],"billing_class":"institutional","payments":[{"allowed_amount":10.66,"billing_code_modifier":[],"providers":[{"billed_charge":117.00,"npi":[1003864810]}]}]},{"tin":{"type":"npi","value":"1013993823"},"service_code":["22"],"billing_class":"professional","payments":[{"allowed_amount":7.17,"billing_code_modifier":[],"providers":[{"billed_charge":12.00,"npi":[1013993823]}]}]},{"tin":{"type":"npi","value":"1053339507"},"service_code":[],"billing_class":"institutional","payments":[{"allowed_amount":12.59,"billing_code_modifier":[],"providers":[{"billed_charge":115.00,"npi":[1053339507]}]}]},{"tin":{"type":"npi","value":"1053360651"},"service_code":[],"billing_class":"institutional","payments":[{"allowed_amount":11.56,"billing_code_modifier":[],"providers":[{"billed_charge":46.00,"npi":[1053360651]}]}]},{"tin":{"type":"npi","value":"1053361642"},"service_code":[],"billing_class":"institutional","payments":[{"allowed_amount":17.39,"billing_code_modifier":[],"providers":[{"billed_charge":51.00,"npi":[1053361642]}]}]},{"tin":{"type":"npi","value":"1184621161"},"service_code":[],"billing_class":"institutional","payments":[{"allowed_amount":51.00,"billing_code_modifier":[],"providers":[{"billed_charge":85.00,"npi":[1184621161]}]}]},{"tin":{"type":"npi","value":"1194728808"},"service_code":[],"billing_class":"institutional","payments":[{"allowed_amount":44.27,"billing_code_modifier":[],"providers":[{"billed_charge":152.05,"npi":[1194728808]}]}]},{"tin":{"type":"npi","value":"1194789818"},"service_code":[],"billing_class":"institutional","payments":[{"allowed_amount":19.39,"billing_code_modifier":[],"providers":[{"billed_charge":152.00,"npi":[1194789818]}]}]},{"tin":{"type":"npi","value":"1255422416"},"service_code":[],"billing_class":"institutional","payments":[{"allowed_amount":71.69,"billing_code_modifier":[],"providers":[{"billed_charge":107.00,"npi":[1255422416]}]}]},{"tin":{"type":"npi","value":"1275578817"},"service_code":[],"billing_class":"institutional","payments":[{"allowed_amount":10.81,"billing_code_modifier":[],"providers":[{"billed_charge":57.75,"npi":[1275578817]}]}]},{"tin":{"type":"npi","value":"1285607416"},"service_code":[],"billing_class":"institutional","payments":[{"allowed_amount":6.61,"billing_code_modifier":[],"providers":[{"billed_charge":44.25,"npi":[1285607416]}]}]},{"tin":{"type":"npi","value":"1285613612"},"service_code":[],"billing_class":"institutional","payments":[{"allowed_amount":5.28,"billing_code_modifier":[],"providers":[{"billed_charge":21.85,"npi":[1285613612]}]}]},{"tin":{"type":"npi","value":"1316901937"},"service_code":[],"billing_class":"institutional","payments":[{"allowed_amount":27.90,"billing_code_modifier":[],"providers":[{"billed_charge":152.00,"npi":[1316901937]}]}]},{"tin":{"type":"npi","value":"1366436123"},"service_code":[],"billing_class":"institutional","payments":[{"allowed_amount":40.13,"billing_code_modifier":[],"providers":[{"billed_charge":107.00,"npi":[1366436123]}]}]},{"tin":{"type":"npi","value":"1376881524"},"service_code":["81"],"billing_class":"professional","payments":[{"allowed_amount":9.63,"billing_code_modifier":[],"providers":[{"billed_charge":15.85,"npi":[1376881524]}]}]},{"tin":{"type":"npi","value":"1457351389"},"service_code":[],"billing_class":"institutional","payments":[{"allowed_amount":67.09,"billing_code_modifier":[],"providers":[{"billed_charge":139.00,"npi":[1457351389]}]}]},{"tin":{"type":"npi","value":"1467420448"},"service_code":[],"billing_class":"institutional","payments":[{"allowed_amount":9.97,"billing_code_modifier":[],"providers":[{"billed_charge":39.70,"npi":[1467420448]}]}]},{"tin":{"type":"npi","value":"1467446013"},"service_code":["22"],"billing_class":"professional","payments":[{"allowed_amount":9.26,"billing_code_modifier":[],"providers":[{"billed_charge":68.00,"npi":[1467446013]}]}]},{"tin":{"type":"npi","value":"1508835828"},"service_code":[],"billing_class":"institutional","payments":[{"allowed_amount":10.74,"billing_code_modifier":[],"providers":[{"billed_charge":35.38,"npi":[1508835828]}]}]},{"tin":{"type":"npi","value":"1508851288"},"service_code":[],"billing_class":"institutional","payments":[{"allowed_amount":14.35,"billing_code_modifier":[],"providers":[{"billed_charge":270.00,"npi":[1508851288]}]}]},{"tin":{"type":"npi","value":"1578527172"},"service_code":[],"billing_class":"institutional","payments":[{"allowed_amount":17.46,"billing_code_modifier":[],"providers":[{"billed_charge":152.00,"npi":[1578527172]}]}]},{"tin":{"type":"npi","value":"1578620449"},"service_code":[],"billing_class":"institutional","payments":[{"allowed_amount":16.11,"billing_code_modifier":[],"providers":[{"billed_charge":125.00,"npi":[1578620449]}]}]},{"tin":{"type":"npi","value":"1578778726"},"service_code":[],"billing_class":"institutional","payments":[{"allowed_amount":18.96,"billing_code_modifier":[],"providers":[{"billed_charge":80.00,"npi":[1578778726]}]}]},{"tin":{"type":"npi","value":"1639160799"},"service_code":[],"billing_class":"institutional","payments":[{"allowed_amount":15.83,"billing_code_modifier":[],"providers":[{"billed_charge":97.00,"npi":[1639160799]}]}]},{"tin":{"type":"npi","value":"1649248626"},"service_code":[],"billing_class":"institutional","payments":[{"allowed_amount":8.80,"billing_code_modifier":[],"providers":[{"billed_charge":39.70,"npi":[1649248626]}]}]},{"tin":{"type":"npi","value":"1760454334"},"service_code":[],"billing_class":"institutional","payments":[{"allowed_amount":9.70,"billing_code_modifier":[],"providers":[{"billed_charge":38.00,"npi":[1760454334]}]}]},{"tin":{"type":"npi","value":"1811973100"},"service_code":[],"billing_class":"institutional","payments":[{"allowed_amount":11.41,"billing_code_modifier":[],"providers":[{"billed_charge":48.00,"npi":[1811973100]}]}]},{"tin":{"type":"npi","value":"1821186313"},"service_code":[],"billing_class":"institutional","payments":[{"allowed_amount":22.63,"billing_code_modifier":[],"providers":[{"billed_charge":176.27,"npi":[1821186313]}]}]},{"tin":{"type":"npi","value":"1841271459"},"service_code":[],"billing_class":"institutional","payments":[{"allowed_amount":36.71,"billing_code_modifier":[],"providers":[{"billed_charge":144.00,"npi":[1841271459]}]}]},{"tin":{"type":"npi","value":"1881632818"},"service_code":[],"billing_class":"institutional","payments":[{"allowed_amount":10.55,"billing_code_modifier":[],"providers":[{"billed_charge":27.00,"npi":[1881632818]}]}]},{"tin":{"type":"npi","value":"1912099094"},"service_code":[],"billing_class":"institutional","payments":[{"allowed_amount":48.75,"billing_code_modifier":[],"providers":[{"billed_charge":65.00,"npi":[1912099094]}]}]},{"tin":{"type":"npi","value":"1912423260"},"service_code":[],"billing_class":"institutional","payments":[{"allowed_amount":6.63,"billing_code_modifier":[],"providers":[{"billed_charge":45.75,"npi":[1912423260]}]}]}]},{"name":"BLOOD COUNT COMPLETE AUTOMATED","billing_code_type":"CPT","billing_code":"85027","billing_code_type_version":"","description":"","allowed_amounts":[{"tin":{"type":"npi","value":"1578527172"},"service_code":[],"billing_class":"institutional","payments":[{"allowed_amount":16.11,"billing_code_modifier":[],"providers":[{"billed_charge":131.00,"npi":[1578527172]}]}]}]},{"name":"C REACTIVE PROTEIN","billing_code_type":"CPT","billing_code":"86140","billing_code_type_version":"","description":"","allowed_amounts":[{"tin":{"type":"npi","value":"1508851288"},"service_code":[],"billing_class":"institutional","payments":[{"allowed_amount":9.92,"billing_code_modifier":[],"providers":[{"billed_charge":177.00,"npi":[1508851288]}]}]}]},{"name":"CHIROPRACTIC MANIPULATIVE TX SPINAL 3 4 REGIO","billing_code_type":"CPT","billing_code":"98941","billing_code_type_version":"","description":"","allowed_amounts":[{"tin":{"type":"npi","value":"1023208303"},"service_code":["11"],"billing_class":"professional","payments":[{"allowed_amount":45.98,"billing_code_modifier":[],"providers":[{"billed_charge":60.00,"npi":[1023208303]}]}]},{"tin":{"type":"npi","value":"1144271859"},"service_code":["11"],"billing_class":"professional","payments":[{"allowed_amount":46.26,"billing_code_modifier":[],"providers":[{"billed_charge":48.00,"npi":[1144271859]}]}]},{"tin":{"type":"npi","value":"1942401393"},"service_code":["11"],"billing_class":"professional","payments":[{"allowed_amount":46.18,"billing_code_modifier":[],"providers":[{"billed_charge":48.00,"npi":[1942401393]}]}]}]},{"name":"COLLECTION VENOUS BLOOD VENIPUNCTURE","billing_code_type":"CPT","billing_code":"36415","billing_code_type_version":"","description":"","allowed_amounts":[{"tin":{"type":"npi","value":"1003864810"},"service_code":[],"billing_class":"institutional","payments":[{"allowed_amount":3.34,"billing_code_modifier":[],"providers":[{"billed_charge":34.00,"npi":[1003864810]}]}]},{"tin":{"type":"npi","value":"1053339507"},"service_code":[],"billing_class":"institutional","payments":[{"allowed_amount":3.22,"billing_code_modifier":[],"providers":[{"billed_charge":37.00,"npi":[1053339507]}]}]},{"tin":{"type":"npi","value":"1053342816"},"service_code":[],"billing_class":"institutional","payments":[{"allowed_amount":3.66,"billing_code_modifier":[],"providers":[{"billed_charge":20.00,"npi":[1053342816]}]}]},{"tin":{"type":"npi","value":"1053360651"},"service_code":[],"billing_class":"institutional","payments":[{"allowed_amount":3.30,"billing_code_modifier":[],"providers":[{"billed_charge":13.00,"npi":[1053360651]}]}]},{"tin":{"type":"npi","value":"1053361642"},"service_code":[],"billing_class":"institutional","payments":[{"allowed_amount":3.68,"billing_code_modifier":[],"providers":[{"billed_charge":17.00,"npi":[1053361642]}]}]},{"tin":{"type":"npi","value":"1073606901"},"service_code":[],"billing_class":"institutional","payments":[{"allowed_amount":1.75,"billing_code_modifier":[],"providers":[{"billed_charge":28.20,"npi":[1073606901]}]}]},{"tin":{"type":"npi","value":"1104875103"},"service_code":[],"billing_class":"institutional","payments":[{"allowed_amount":3.15,"billing_code_modifier":[],"providers":[{"billed_charge":15.00,"npi":[1104875103]}]}]},{"tin":{"type":"npi","value":"1154317527"},"service_code":[],"billing_class":"institutional","payments":[{"allowed_amount":3.05,"billing_code_modifier":[],"providers":[{"billed_charge":28.00,"npi":[1154317527]}]}]},{"tin":{"type":"npi","value":"1174582050"},"service_code":[],"billing_class":"institutional","payments":[{"allowed_amount":43.35,"billing_code_modifier":[],"providers":[{"billed_charge":51.00,"npi":[1174582050]}]}]},{"tin":{"type":"npi","value":"1184621161"},"service_code":[],"billing_class":"institutional","payments":[{"allowed_amount":7.80,"billing_code_modifier":[],"providers":[{"billed_charge":13.00,"npi":[1184621161]}]}]},{"tin":{"type":"npi","value":"1184691610"},"service_code":[],"billing_class":"institutional","payments":[{"allowed_amount":3.99,"billing_code_modifier":[],"providers":[{"billed_charge":26.92,"npi":[1184691610]}]}]},{"tin":{"type":"npi","value":"1194728808"},"service_code":[],"billing_class":"institutional","payments":[{"allowed_amount":6.41,"billing_code_modifier":[],"providers":[{"billed_charge":22.03,"npi":[1194728808]}]}]},{"tin":{"type":"npi","value":"1194789818"},"service_code":[],"billing_class":"institutional","payments":[{"allowed_amount":4.50,"billing_code_modifier":[],"providers":[{"billed_charge":35.00,"npi":[1194789818]}]}]},{"tin":{"type":"npi","value":"1235225558"},"service_code":["11"],"billing_class":"professional","payments":[{"allowed_amount":3.60,"billing_code_modifier":[],"providers":[{"billed_charge":14.00,"npi":[1235225558]}]}]},{"tin":{"type":"npi","value":"1255422416"},"service_code":[],"billing_class":"institutional","payments":[{"allowed_amount":18.76,"billing_code_modifier":[],"providers":[{"billed_charge":28.00,"npi":[1255422416]}]}]},{"tin":{"type":"npi","value":"1265445506"},"service_code":[],"billing_class":"institutional","payments":[{"allowed_amount":5.72,"billing_code_modifier":[],"providers":[{"billed_charge":24.00,"npi":[1265445506]}]}]},{"tin":{"type":"npi","value":"1275578817"},"service_code":[],"billing_class":"institutional","payments":[{"allowed_amount":4.45,"billing_code_modifier":[],"providers":[{"billed_charge":25.00,"npi":[1275578817]}]}]},{"tin":{"type":"npi","value":"1285607416"},"service_code":[],"billing_class":"institutional","payments":[{"allowed_amount":5.27,"billing_code_modifier":[],"providers":[{"billed_charge":39.00,"npi":[1285607416]}]}]},{"tin":{"type":"npi","value":"1316901937"},"service_code":[],"billing_class":"institutional","payments":[{"allowed_amount":4.40,"billing_code_modifier":[],"providers":[{"billed_charge":35.00,"npi":[1316901937]}]}]},{"tin":{"type":"npi","value":"1356320469"},"service_code":[],"billing_class":"institutional","payments":[{"allowed_amount":6.42,"billing_code_modifier":[],"providers":[{"billed_charge":24.00,"npi":[1356320469]}]}]},{"tin":{"type":"npi","value":"1356366991"},"service_code":[],"billing_class":"institutional","payments":[{"allowed_amount":3.89,"billing_code_modifier":[],"providers":[{"billed_charge":18.00,"npi":[1356366991]}]}]},{"tin":{"type":"npi","value":"1366436123"},"service_code":[],"billing_class":"institutional","payments":[{"allowed_amount":19.24,"billing_code_modifier":[],"providers":[{"billed_charge":33.00,"npi":[1366436123]}]}]},{"tin":{"type":"npi","value":"1366556227"},"service_code":[],"billing_class":"institutional","payments":[{"allowed_amount":4.79,"billing_code_modifier":[],"providers":[{"billed_charge":15.00,"npi":[1366556227]}]}]},{"tin":{"type":"npi","value":"1396714663"},"service_code":[],"billing_class":"institutional","payments":[{"allowed_amount":3.79,"billing_code_modifier":[],"providers":[{"billed_charge":12.30,"npi":[1396714663]}]}]},{"tin":{"type":"npi","value":"1396765681"},"service_code":["22"],"billing_class":"professional","payments":[{"allowed_amount":2.61,"billing_code_modifier":[],"providers":[{"billed_charge":26.75,"npi":[1396765681]}]}]},{"tin":{"type":"npi","value":"1427030774"},"service_code":[],"billing_class":"institutional","payments":[{"allowed_amount":4.91,"billing_code_modifier":[],"providers":[{"billed_charge":36.05,"npi":[1427030774]}]}]},{"tin":{"type":"npi","value":"1437186111"},"service_code":[],"billing_class":"institutional","payments":[{"allowed_amount":3.50,"billing_code_modifier":[],"providers":[{"billed_charge":22.50,"npi":[1437186111]}]}]},{"tin":{"type":"npi","value":"1457351389"},"service_code":[],"billing_class":"institutional","payments":[{"allowed_amount":14.48,"billing_code_modifier":[],"providers":[{"billed_charge":30.00,"npi":[1457351389]}]}]},{"tin":{"type":"npi","value":"1467420448"},"service_code":[],"billing_class":"institutional","payments":[{"allowed_amount":4.53,"billing_code_modifier":[],"providers":[{"billed_charge":19.64,"npi":[1467420448]}]}]},{"tin":{"type":"npi","value":"1467433763"},"service_code":[],"billing_class":"institutional","payments":[{"allowed_amount":4.43,"billing_code_modifier":[],"providers":[{"billed_charge":18.00,"npi":[1467433763]}]}]},{"tin":{"type":"npi","value":"1508851288"},"service_code":[],"billing_class":"institutional","payments":[{"allowed_amount":2.23,"billing_code_modifier":[],"providers":[{"billed_charge":42.00,"npi":[1508851288]}]}]},{"tin":{"type":"npi","value":"1578527172"},"service_code":[],"billing_class":"institutional","payments":[{"allowed_amount":4.78,"billing_code_modifier":[],"providers":[{"billed_charge":35.00,"npi":[1578527172]}]}]},{"tin":{"type":"npi","value":"1578778726"},"service_code":[],"billing_class":"institutional","payments":[{"allowed_amount":3.73,"billing_code_modifier":[],"providers":[{"billed_charge":23.00,"npi":[1578778726]}]}]},{"tin":{"type":"npi","value":"1598868655"},"service_code":[],"billing_class":"institutional","payments":[{"allowed_amount":4.20,"billing_code_modifier":[],"providers":[{"billed_charge":6.90,"npi":[1598868655]}]}]},{"tin":{"type":"npi","value":"1639160799"},"service_code":[],"billing_class":"institutional","payments":[{"allowed_amount":2.61,"billing_code_modifier":[],"providers":[{"billed_charge":16.00,"npi":[1639160799]}]}]},{"tin":{"type":"npi","value":"1649248626"},"service_code":[],"billing_class":"institutional","payments":[{"allowed_amount":4.35,"billing_code_modifier":[],"providers":[{"billed_charge":19.64,"npi":[1649248626]}]}]},{"tin":{"type":"npi","value":"1669466561"},"service_code":[],"billing_class":"institutional","payments":[{"allowed_amount":2.84,"billing_code_modifier":[],"providers":[{"billed_charge":11.00,"npi":[1669466561]}]}]},{"tin":{"type":"npi","value":"1710916945"},"service_code":["81"],"billing_class":"professional","payments":[{"allowed_amount":3.79,"billing_code_modifier":[],"providers":[{"billed_charge":15.00,"npi":[1710916945]}]}]},{"tin":{"type":"npi","value":"1760454334"},"service_code":[],"billing_class":"institutional","payments":[{"allowed_amount":5.54,"billing_code_modifier":[],"providers":[{"billed_charge":22.00,"npi":[1760454334]}]}]},{"tin":{"type":"npi","value":"1770511453"},"service_code":["11"],"billing_class":"professional","payments":[{"allowed_amount":6.90,"billing_code_modifier":[],"providers":[{"billed_charge":25.00,"npi":[1770511453]}]}]},{"tin":{"type":"npi","value":"1780633289"},"service_code":[],"billing_class":"institutional","payments":[{"allowed_amount":3.88,"billing_code_modifier":[],"providers":[{"billed_charge":28.00,"npi":[1780633289]}]}]},{"tin":{"type":"npi","value":"1811973100"},"service_code":[],"billing_class":"institutional","payments":[{"allowed_amount":3.11,"billing_code_modifier":[],"providers":[{"billed_charge":13.00,"npi":[1811973100]}]}]},{"tin":{"type":"npi","value":"1821035940"},"service_code":[],"billing_class":"institutional","payments":[{"allowed_amount":4.87,"billing_code_modifier":[],"providers":[{"billed_charge":31.00,"npi":[1821035940]}]}]},{"tin":{"type":"npi","value":"1821186313"},"service_code":[],"billing_class":"institutional","payments":[{"allowed_amount":4.33,"billing_code_modifier":[],"providers":[{"billed_charge":27.71,"npi":[1821186313]}]}]},{"tin":{"type":"npi","value":"1841271459"},"service_code":[],"billing_class":"institutional","payments":[{"allowed_amount":3.11,"billing_code_modifier":[],"providers":[{"billed_charge":16.00,"npi":[1841271459]}]}]},{"tin":{"type":"npi","value":"1881632818"},"service_code":[],"billing_class":"institutional","payments":[{"allowed_amount":6.75,"billing_code_modifier":[],"providers":[{"billed_charge":20.00,"npi":[1881632818]}]}]},{"tin":{"type":"npi","value":"1912099094"},"service_code":[],"billing_class":"institutional","payments":[{"allowed_amount":13.50,"billing_code_modifier":[],"providers":[{"billed_charge":18.00,"npi":[1912099094]}]}]},{"tin":{"type":"npi","value":"1912423260"},"service_code":[],"billing_class":"institutional","payments":[{"allowed_amount":3.53,"billing_code_modifier":[],"providers":[{"billed_charge":24.25,"npi":[1912423260]}]}]},{"tin":{"type":"npi","value":"1942294939"},"service_code":[],"billing_class":"institutional","payments":[{"allowed_amount":3.96,"billing_code_modifier":[],"providers":[{"billed_charge":20.00,"npi":[1942294939]}]}]}]},{"name":"COMPREHENSIVE METABOLIC PANEL","billing_code_type":"CPT","billing_code":"80053","billing_code_type_version":"","description":"","allowed_amounts":[{"tin":{"type":"npi","value":"1003864810"},"service_code":[],"billing_class":"institutional","payments":[{"allowed_amount":30.63,"billing_code_modifier":[],"providers":[{"billed_charge":368.00,"npi":[1003864810]}]}]},{"tin":{"type":"npi","value":"1013993823"},"service_code":["22"],"billing_class":"professional","payments":[{"allowed_amount":16.64,"billing_code_modifier":[],"providers":[{"billed_charge":26.00,"npi":[1013993823]}]}]},{"tin":{"type":"npi","value":"1053360651"},"service_code":[],"billing_class":"institutional","payments":[{"allowed_amount":16.03,"billing_code_modifier":[],"providers":[{"billed_charge":63.00,"npi":[1053360651]}]}]},{"tin":{"type":"npi","value":"1053361642"},"service_code":[],"billing_class":"institutional","payments":[{"allowed_amount":17.13,"billing_code_modifier":[],"providers":[{"billed_charge":70.00,"npi":[1053361642]}]}]},{"tin":{"type":"npi","value":"1184621161"},"service_code":[],"billing_class":"institutional","payments":[{"allowed_amount":52.20,"billing_code_modifier":[],"providers":[{"billed_charge":87.00,"npi":[1184621161]}]}]},{"tin":{"type":"npi","value":"1194728808"},"service_code":[],"billing_class":"institutional","payments":[{"allowed_amount":70.17,"billing_code_modifier":[],"providers":[{"billed_charge":241.03,"npi":[1194728808]}]}]},{"tin":{"type":"npi","value":"1194789818"},"service_code":[],"billing_class":"institutional","payments":[{"allowed_amount":96.03,"billing_code_modifier":[],"providers":[{"billed_charge":769.00,"npi":[1194789818]}]}]},{"tin":{"type":"npi","value":"1255422416"},"service_code":[],"billing_class":"institutional","payments":[{"allowed_amount":116.58,"billing_code_modifier":[],"providers":[{"billed_charge":174.00,"npi":[1255422416]}]}]},{"tin":{"type":"npi","value":"1275578817"},"service_code":[],"billing_class":"institutional","payments":[{"allowed_amount":14.68,"billing_code_modifier":[],"providers":[{"billed_charge":78.50,"npi":[1275578817]}]}]},{"tin":{"type":"npi","value":"1285607416"},"service_code":[],"billing_class":"institutional","payments":[{"allowed_amount":39.67,"billing_code_modifier":[],"providers":[{"billed_charge":266.25,"npi":[1285607416]}]}]},{"tin":{"type":"npi","value":"1316901937"},"service_code":[],"billing_class":"institutional","payments":[{"allowed_amount":141.15,"billing_code_modifier":[],"providers":[{"billed_charge":769.00,"npi":[1316901937]}]}]},{"tin":{"type":"npi","value":"1376881524"},"service_code":["81"],"billing_class":"professional","payments":[{"allowed_amount":13.29,"billing_code_modifier":[],"providers":[{"billed_charge":21.55,"npi":[1376881524]}]}]},{"tin":{"type":"npi","value":"1396882205"},"service_code":["81"],"billing_class":"professional","payments":[{"allowed_amount":19.43,"billing_code_modifier":[],"providers":[{"billed_charge":229.00,"npi":[1396882205]}]}]},{"tin":{"type":"npi","value":"1467420448"},"service_code":[],"billing_class":"institutional","payments":[{"allowed_amount":18.94,"billing_code_modifier":[],"providers":[{"billed_charge":83.50,"npi":[1467420448]}]}]},{"tin":{"type":"npi","value":"1467446013"},"service_code":["22"],"billing_class":"professional","payments":[{"allowed_amount":21.28,"billing_code_modifier":[],"providers":[{"billed_charge":165.00,"npi":[1467446013]}]}]},{"tin":{"type":"npi","value":"1467492124"},"service_code":[],"billing_class":"institutional","payments":[{"allowed_amount":29.06,"billing_code_modifier":[],"providers":[{"billed_charge":375.00,"npi":[1467492124]}]}]},{"tin":{"type":"npi","value":"1508851288"},"service_code":[],"billing_class":"institutional","payments":[{"allowed_amount":33.78,"billing_code_modifier":[],"providers":[{"billed_charge":659.00,"npi":[1508851288]}]}]},{"tin":{"type":"npi","value":"1578527172"},"service_code":[],"billing_class":"institutional","payments":[{"allowed_amount":88.30,"billing_code_modifier":[],"providers":[{"billed_charge":769.00,"npi":[1578527172]}]}]},{"tin":{"type":"npi","value":"1578778726"},"service_code":[],"billing_class":"institutional","payments":[{"allowed_amount":19.18,"billing_code_modifier":[],"providers":[{"billed_charge":109.00,"npi":[1578778726]}]}]},{"tin":{"type":"npi","value":"1639160799"},"service_code":[],"billing_class":"institutional","payments":[{"allowed_amount":22.68,"billing_code_modifier":[],"providers":[{"billed_charge":139.00,"npi":[1639160799]}]}]},{"tin":{"type":"npi","value":"1649248626"},"service_code":[],"billing_class":"institutional","payments":[{"allowed_amount":18.46,"billing_code_modifier":[],"providers":[{"billed_charge":83.50,"npi":[1649248626]}]}]},{"tin":{"type":"npi","value":"1710909585"},"service_code":[],"billing_class":"institutional","payments":[{"allowed_amount":16.03,"billing_code_modifier":[],"providers":[{"billed_charge":45.00,"npi":[1710909585]}]}]},{"tin":{"type":"npi","value":"1760454334"},"service_code":[],"billing_class":"institutional","payments":[{"allowed_amount":13.08,"billing_code_modifier":[],"providers":[{"billed_charge":52.00,"npi":[1760454334]}]}]},{"tin":{"type":"npi","value":"1770511453"},"service_code":["11"],"billing_class":"professional","payments":[{"allowed_amount":27.45,"billing_code_modifier":[],"providers":[{"billed_charge":110.00,"npi":[1770511453]}]}]},{"tin":{"type":"npi","value":"1811973100"},"service_code":[],"billing_class":"institutional","payments":[{"allowed_amount":15.68,"billing_code_modifier":[],"providers":[{"billed_charge":66.00,"npi":[1811973100]}]}]},{"tin":{"type":"npi","value":"1881632818"},"service_code":[],"billing_class":"institutional","payments":[{"allowed_amount":15.79,"billing_code_modifier":[],"providers":[{"billed_charge":45.00,"npi":[1881632818]}]}]},{"tin":{"type":"npi","value":"1912099094"},"service_code":[],"billing_class":"institutional","payments":[{"allowed_amount":72.00,"billing_code_modifier":[],"providers":[{"billed_charge":210.00,"npi":[1912099094]}]}]}]},{"name":"CREATINE KINASE TOTAL","billing_code_type":"CPT","billing_code":"82550","billing_code_type_version":"","description":"","allowed_amounts":[{"tin":{"type":"npi","value":"1508851288"},"service_code":[],"billing_class":"institutional","payments":[{"allowed_amount":14.67,"billing_code_modifier":[],"providers":[{"billed_charge":298.00,"npi":[1508851288]}]}]}]},{"name":"CT GUIDANCE RADIATION THERAPY FLDS PLACEMENT","billing_code_type":"CPT","billing_code":"77014","billing_code_type_version":"","description":"","allowed_amounts":[{"tin":{"type":"npi","value":"1790005197"},"service_code":["11"],"billing_class":"professional","payments":[{"allowed_amount":73.51,"billing_code_modifier":[],"providers":[{"billed_charge":350.00,"npi":[1790005197]}]}]}]},{"name":"CULTURE BCT ISOL PRSMPTV ID ISOLATE EA URINE","billing_code_type":"CPT","billing_code":"87088","billing_code_type_version":"","description":"","allowed_amounts":[{"tin":{"type":"npi","value":"1508851288"},"service_code":[],"billing_class":"institutional","payments":[{"allowed_amount":19.28,"billing_code_modifier":[],"providers":[{"billed_charge":374.00,"npi":[1508851288]}]}]}]},{"name":"CYANOCOBALAMIN VITAMIN B 12","billing_code_type":"CPT","billing_code":"82607","billing_code_type_version":"","description":"","allowed_amounts":[{"tin":{"type":"npi","value":"1508851288"},"service_code":[],"billing_class":"institutional","payments":[{"allowed_amount":16.17,"billing_code_modifier":[],"providers":[{"billed_charge":298.00,"npi":[1508851288]}]}]}]},{"name":"DRUG DELIVERY SYSTEM  GT 50 ML","billing_code_type":"HCPCS","billing_code":"A4305","billing_code_type_version":"","description":"","allowed_amounts":[{"tin":{"type":"npi","value":"1891711776"},"service_code":["12"],"billing_class":"professional","payments":[{"allowed_amount":16.77,"billing_code_modifier":[],"providers":[{"billed_charge":20.00,"npi":[1891711776]}]}]}]},{"name":"DRUG TEST DEF 8 14 CLASSES","billing_code_type":"HCPCS","billing_code":"G0481","billing_code_type_version":"","description":"","allowed_amounts":[{"tin":{"type":"npi","value":"1366523805"},"service_code":["81"],"billing_class":"professional","payments":[{"allowed_amount":187.91,"billing_code_modifier":[],"providers":[{"billed_charge":392.00,"npi":[1366523805]}]}]}]},{"name":"ECG ROUTINE ECG W LEAST 12 LDS TRCG ONLY W O ","billing_code_type":"CPT","billing_code":"93005","billing_code_type_version":"","description":"","allowed_amounts":[{"tin":{"type":"npi","value":"1508851288"},"service_code":[],"billing_class":"institutional","payments":[{"allowed_amount":68.79,"billing_code_modifier":[],"providers":[{"billed_charge":670.00,"npi":[1508851288]}]}]},{"tin":{"type":"npi","value":"1578527172"},"service_code":[],"billing_class":"institutional","payments":[{"allowed_amount":51.03,"billing_code_modifier":[],"providers":[{"billed_charge":372.00,"npi":[1578527172]}]}]}]},{"name":"EMERGENCY DEPARTMENT VISIT HIGH URGENT SEVERI","billing_code_type":"CPT","billing_code":"99284","billing_code_type_version":"","description":"","allowed_amounts":[{"tin":{"type":"npi","value":"1184621161"},"service_code":[],"billing_class":"institutional","payments":[{"allowed_amount":997.80,"billing_code_modifier":[],"providers":[{"billed_charge":1663.00,"npi":[1184621161]}]}]},{"tin":{"type":"npi","value":"1184709057"},"service_code":[],"billing_class":"institutional","payments":[{"allowed_amount":2068.48,"billing_code_modifier":[],"providers":[{"billed_charge":3801.00,"npi":[1184709057]}]}]},{"tin":{"type":"npi","value":"1306938071"},"service_code":[],"billing_class":"institutional","payments":[{"allowed_amount":1431.03,"billing_code_modifier":[],"providers":[{"billed_charge":3230.00,"npi":[1306938071]}]}]},{"tin":{"type":"npi","value":"1508851288"},"service_code":[],"billing_class":"institutional","payments":[{"allowed_amount":327.12,"billing_code_modifier":[],"providers":[{"billed_charge":2620.00,"npi":[1508851288]}]}]},{"tin":{"type":"npi","value":"1578527172"},"service_code":[],"billing_class":"institutional","payments":[{"allowed_amount":371.27,"billing_code_modifier":[],"providers":[{"billed_charge":2671.00,"npi":[1578527172]}]}]}]},{"name":"EMERGENCY DEPARTMENT VISIT MODERATE SEVERITY","billing_code_type":"CPT","billing_code":"99283","billing_code_type_version":"","description":"","allowed_amounts":[{"tin":{"type":"npi","value":"1285607416"},"service_code":[],"billing_class":"institutional","payments":[{"allowed_amount":309.89,"billing_code_modifier":[],"providers":[{"billed_charge":716.50,"npi":[1285607416]}]}]},{"tin":{"type":"npi","value":"1366436123"},"service_code":[],"billing_class":"institutional","payments":[{"allowed_amount":516.06,"billing_code_modifier":[],"providers":[{"billed_charge":814.00,"npi":[1366436123]}]}]},{"tin":{"type":"npi","value":"1508851288"},"service_code":[],"billing_class":"institutional","payments":[{"allowed_amount":267.32,"billing_code_modifier":[],"providers":[{"billed_charge":2054.00,"npi":[1508851288]}]}]},{"tin":{"type":"npi","value":"1780667923"},"service_code":[],"billing_class":"institutional","payments":[{"allowed_amount":889.23,"billing_code_modifier":[],"providers":[{"billed_charge":1415.00,"npi":[1780667923]}]}]}]},{"name":"EMERGENCY DEPT VISIT HIGH SEVERITY THREAT FUN","billing_code_type":"CPT","billing_code":"99285","billing_code_type_version":"","description":"","allowed_amounts":[{"tin":{"type":"npi","value":"1306938071"},"service_code":[],"billing_class":"institutional","payments":[{"allowed_amount":1932.21,"billing_code_modifier":[],"providers":[{"billed_charge":5766.00,"npi":[1306938071]}]}]},{"tin":{"type":"npi","value":"1578620449"},"service_code":[],"billing_class":"institutional","payments":[{"allowed_amount":1390.93,"billing_code_modifier":[],"providers":[{"billed_charge":3545.00,"npi":[1578620449]}]}]}]},{"name":"ERTAPENEM INJECTION","billing_code_type":"HCPCS","billing_code":"J1335","billing_code_type_version":"","description":"","allowed_amounts":[{"tin":{"type":"npi","value":"1891711776"},"service_code":["12"],"billing_class":"professional","payments":[{"allowed_amount":82.20,"billing_code_modifier":[],"providers":[{"billed_charge":98.00,"npi":[1891711776]}]}]}]},{"name":"FENTANYL CITRATE INJECTION","billing_code_type":"HCPCS","billing_code":"J3010","billing_code_type_version":"","description":"","allowed_amounts":[{"tin":{"type":"npi","value":"1508851288"},"service_code":[],"billing_class":"institutional","payments":[{"allowed_amount":54.80,"billing_code_modifier":[],"providers":[{"billed_charge":239.00,"npi":[1508851288]}]}]}]},{"name":"GLUCOSE QUANTITATIVE BLOOD XCPT REAGENT STRIP","billing_code_type":"CPT","billing_code":"82947","billing_code_type_version":"","description":"","allowed_amounts":[{"tin":{"type":"npi","value":"1376733675"},"service_code":["21"],"billing_class":"professional","payments":[{"allowed_amount":15.35,"billing_code_modifier":[],"providers":[{"billed_charge":30.00,"npi":[1376733675]}]}]}]},{"name":"H OC SP CLCT SARS COV 2 COVD 19 ANY","billing_code_type":"HCPCS","billing_code":"C9803","billing_code_type_version":"","description":"","allowed_amounts":[{"tin":{"type":"npi","value":"1578527172"},"service_code":[],"billing_class":"institutional","payments":[{"allowed_amount":11.68,"billing_code_modifier":[],"providers":[{"billed_charge":69.00,"npi":[1578527172]}]}]}]},{"name":"HEMOGLOBIN GLYCOSYLATED A1C","billing_code_type":"CPT","billing_code":"83036","billing_code_type_version":"","description":"","allowed_amounts":[{"tin":{"type":"npi","value":"1053360651"},"service_code":[],"billing_class":"institutional","payments":[{"allowed_amount":13.44,"billing_code_modifier":[],"providers":[{"billed_charge":53.00,"npi":[1053360651]}]}]},{"tin":{"type":"npi","value":"1194728808"},"service_code":[],"billing_class":"institutional","payments":[{"allowed_amount":31.21,"billing_code_modifier":[],"providers":[{"billed_charge":107.20,"npi":[1194728808]}]}]},{"tin":{"type":"npi","value":"1285607416"},"service_code":[],"billing_class":"institutional","payments":[{"allowed_amount":20.67,"billing_code_modifier":[],"providers":[{"billed_charge":169.75,"npi":[1285607416]}]}]},{"tin":{"type":"npi","value":"1467446013"},"service_code":["22"],"billing_class":"professional","payments":[{"allowed_amount":9.05,"billing_code_modifier":[],"providers":[{"billed_charge":63.00,"npi":[1467446013]}]}]},{"tin":{"type":"npi","value":"1508851288"},"service_code":[],"billing_class":"institutional","payments":[{"allowed_amount":12.49,"billing_code_modifier":[],"providers":[{"billed_charge":251.00,"npi":[1508851288]}]}]},{"tin":{"type":"npi","value":"1649248626"},"service_code":[],"billing_class":"institutional","payments":[{"allowed_amount":11.52,"billing_code_modifier":[],"providers":[{"billed_charge":52.00,"npi":[1649248626]}]}]},{"tin":{"type":"npi","value":"1770511453"},"service_code":["11"],"billing_class":"professional","payments":[{"allowed_amount":21.25,"billing_code_modifier":[],"providers":[{"billed_charge":80.00,"npi":[1770511453]}]}]},{"tin":{"type":"npi","value":"1811973100"},"service_code":[],"billing_class":"institutional","payments":[{"allowed_amount":13.28,"billing_code_modifier":[],"providers":[{"billed_charge":55.00,"npi":[1811973100]}]}]}]},{"name":"HIT ANTIBIOTIC Q24H DIEM","billing_code_type":"HCPCS","billing_code":"S9500","billing_code_type_version":"","description":"","allowed_amounts":[{"tin":{"type":"npi","value":"1891711776"},"service_code":["12"],"billing_class":"professional","payments":[{"allowed_amount":100.65,"billing_code_modifier":[],"providers":[{"billed_charge":120.00,"npi":[1891711776]}]}]}]},{"name":"HIT SIMPLE CATH CARE","billing_code_type":"HCPCS","billing_code":"S5498","billing_code_type_version":"","description":"","allowed_amounts":[{"tin":{"type":"npi","value":"1891711776"},"service_code":["12"],"billing_class":"professional","payments":[{"allowed_amount":71.29,"billing_code_modifier":[],"providers":[{"billed_charge":85.00,"npi":[1891711776]}]}]}]},{"name":"HOSPITAL OBSERVATION PER HR","billing_code_type":"HCPCS","billing_code":"G0378","billing_code_type_version":"","description":"","allowed_amounts":[{"tin":{"type":"npi","value":"1508851288"},"service_code":[],"billing_class":"institutional","payments":[{"allowed_amount":159.52,"billing_code_modifier":[],"providers":[{"billed_charge":1004.00,"npi":[1508851288]}]}]}]},{"name":"HOSPITAL OUTPT CLINIC VISIT","billing_code_type":"HCPCS","billing_code":"G0463","billing_code_type_version":"","description":"","allowed_amounts":[{"tin":{"type":"npi","value":"1053339507"},"service_code":[],"billing_class":"institutional","payments":[{"allowed_amount":161.71,"billing_code_modifier":[],"providers":[{"billed_charge":215.00,"npi":[1053339507]}]}]},{"tin":{"type":"npi","value":"1124127683"},"service_code":[],"billing_class":"institutional","payments":[{"allowed_amount":44.01,"billing_code_modifier":[],"providers":[{"billed_charge":144.00,"npi":[1124127683]}]}]},{"tin":{"type":"npi","value":"1174582050"},"service_code":[],"billing_class":"institutional","payments":[{"allowed_amount":215.90,"billing_code_modifier":[],"providers":[{"billed_charge":254.00,"npi":[1174582050]}]}]},{"tin":{"type":"npi","value":"1265546048"},"service_code":[],"billing_class":"institutional","payments":[{"allowed_amount":87.08,"billing_code_modifier":[],"providers":[{"billed_charge":322.00,"npi":[1265546048]}]}]},{"tin":{"type":"npi","value":"1518911338"},"service_code":[],"billing_class":"institutional","payments":[{"allowed_amount":78.53,"billing_code_modifier":[],"providers":[{"billed_charge":253.00,"npi":[1518911338]}]}]},{"tin":{"type":"npi","value":"1548212988"},"service_code":[],"billing_class":"institutional","payments":[{"allowed_amount":97.77,"billing_code_modifier":[],"providers":[{"billed_charge":163.00,"npi":[1548212988]}]}]},{"tin":{"type":"npi","value":"1679660617"},"service_code":[],"billing_class":"institutional","payments":[{"allowed_amount":65.17,"billing_code_modifier":[],"providers":[{"billed_charge":194.00,"npi":[1679660617]}]}]},{"tin":{"type":"npi","value":"1700828852"},"service_code":[],"billing_class":"institutional","payments":[{"allowed_amount":102.27,"billing_code_modifier":[],"providers":[{"billed_charge":200.00,"npi":[1700828852]}]}]},{"tin":{"type":"npi","value":"1710909585"},"service_code":[],"billing_class":"institutional","payments":[{"allowed_amount":85.97,"billing_code_modifier":[],"providers":[{"billed_charge":288.00,"npi":[1710909585]}]}]},{"tin":{"type":"npi","value":"1841271459"},"service_code":[],"billing_class":"institutional","payments":[{"allowed_amount":27.99,"billing_code_modifier":[],"providers":[{"billed_charge":87.00,"npi":[1841271459]}]}]},{"tin":{"type":"npi","value":"1982688230"},"service_code":[],"billing_class":"institutional","payments":[{"allowed_amount":156.09,"billing_code_modifier":[],"providers":[{"billed_charge":619.00,"npi":[1982688230]}]}]}]},{"name":"IA DET NA SARS COV 2 COVID 19","billing_code_type":"HCPCS","billing_code":"U0005","billing_code_type_version":"","description":"","allowed_amounts":[{"tin":{"type":"npi","value":"1144731605"},"service_code":["81"],"billing_class":"professional","payments":[{"allowed_amount":20.00,"billing_code_modifier":[],"providers":[{"billed_charge":50.00,"npi":[1144731605]}]}]},{"tin":{"type":"npi","value":"1356005920"},"service_code":["81"],"billing_class":"professional","payments":[{"allowed_amount":26.62,"billing_code_modifier":[],"providers":[{"billed_charge":75.00,"npi":[1356005920]}]}]},{"tin":{"type":"npi","value":"1962018374"},"service_code":["81"],"billing_class":"professional","payments":[{"allowed_amount":20.00,"billing_code_modifier":[],"providers":[{"billed_charge":50.00,"npi":[1962018374]}]}]}]},{"name":"IAAD IA HIV 1 AG W HIV 1   HIV 2 ANTBDY SINGL","billing_code_type":"CPT","billing_code":"87389","billing_code_type_version":"","description":"","allowed_amounts":[{"tin":{"type":"npi","value":"1053360651"},"service_code":[],"billing_class":"institutional","payments":[{"allowed_amount":31.76,"billing_code_modifier":[],"providers":[{"billed_charge":125.00,"npi":[1053360651]}]}]}]},{"name":"INFECTIOUS AGENT DETECTION BY NUCLE","billing_code_type":"HCPCS","billing_code":"U0003","billing_code_type_version":"","description":"","allowed_amounts":[{"tin":{"type":"npi","value":"1144731605"},"service_code":["81"],"billing_class":"professional","payments":[{"allowed_amount":91.67,"billing_code_modifier":[],"providers":[{"billed_charge":250.00,"npi":[1144731605]}]}]},{"tin":{"type":"npi","value":"1265897078"},"service_code":["81"],"billing_class":"professional","payments":[{"allowed_amount":92.85,"billing_code_modifier":[],"providers":[{"billed_charge":200.00,"npi":[1265897078]}]}]},{"tin":{"type":"npi","value":"1356005920"},"service_code":["81"],"billing_class":"professional","payments":[{"allowed_amount":88.38,"billing_code_modifier":[],"providers":[{"billed_charge":249.00,"npi":[1356005920]}]}]},{"tin":{"type":"npi","value":"1962018374"},"service_code":["81"],"billing_class":"professional","payments":[{"allowed_amount":100.00,"billing_code_modifier":[],"providers":[{"billed_charge":250.00,"npi":[1962018374]}]}]}]},{"name":"INFUSION SUPPLIES WITH PUMP","billing_code_type":"HCPCS","billing_code":"A4222","billing_code_type_version":"","description":"","allowed_amounts":[{"tin":{"type":"npi","value":"1891711776"},"service_code":["12"],"billing_class":"professional","payments":[{"allowed_amount":69.62,"billing_code_modifier":[],"providers":[{"billed_charge":83.00,"npi":[1891711776]}]}]}]},{"name":"INJ MIDAZOLAM HYDROCHLORIDE","billing_code_type":"HCPCS","billing_code":"J2250","billing_code_type_version":"","description":"","allowed_amounts":[{"tin":{"type":"npi","value":"1508851288"},"service_code":[],"billing_class":"institutional","payments":[{"allowed_amount":54.39,"billing_code_modifier":[],"providers":[{"billed_charge":239.00,"npi":[1508851288]}]}]}]},{"name":"INJ PROPOFOL 10 MG","billing_code_type":"HCPCS","billing_code":"J2704","billing_code_type_version":"","description":"","allowed_amounts":[{"tin":{"type":"npi","value":"1508851288"},"service_code":[],"billing_class":"institutional","payments":[{"allowed_amount":27.49,"billing_code_modifier":[],"providers":[{"billed_charge":129.00,"npi":[1508851288]}]}]},{"tin":{"type":"npi","value":"1578527172"},"service_code":[],"billing_class":"institutional","payments":[{"allowed_amount":4.40,"billing_code_modifier":[],"providers":[{"billed_charge":15.60,"npi":[1578527172]}]}]}]},{"name":"INJ TESTOSTERONE CYPIONATE","billing_code_type":"HCPCS","billing_code":"J1071","billing_code_type_version":"","description":"","allowed_amounts":[{"tin":{"type":"npi","value":"1700383007"},"service_code":["11"],"billing_class":"professional","payments":[{"allowed_amount":6.53,"billing_code_modifier":[],"providers":[{"billed_charge":10.20,"npi":[1700383007]}]}]}]},{"name":"INTENSITY MODULATED RADIATION TX DLVR COMPLEX","billing_code_type":"CPT","billing_code":"77386","billing_code_type_version":"","description":"","allowed_amounts":[{"tin":{"type":"npi","value":"1790005197"},"service_code":["11"],"billing_class":"professional","payments":[{"allowed_amount":337.09,"billing_code_modifier":[],"providers":[{"billed_charge":1605.00,"npi":[1790005197]}]}]}]},{"name":"INTENSIVE OUTPATIENT PSYCHIA","billing_code_type":"HCPCS","billing_code":"S9480","billing_code_type_version":"","description":"","allowed_amounts":[{"tin":{"type":"npi","value":"1043545106"},"service_code":[],"billing_class":"institutional","payments":[{"allowed_amount":351.92,"billing_code_modifier":[],"providers":[{"billed_charge":1290.00,"npi":[1043545106]}]}]}]},{"name":"IRON BINDING CAPACITY","billing_code_type":"CPT","billing_code":"83550","billing_code_type_version":"","description":"","allowed_amounts":[{"tin":{"type":"npi","value":"1508851288"},"service_code":[],"billing_class":"institutional","payments":[{"allowed_amount":11.03,"billing_code_modifier":[],"providers":[{"billed_charge":226.00,"npi":[1508851288]}]}]}]},{"name":"LEVEL IV SURG PATHOLOGY GROSS MICROSCOPIC EXA","billing_code_type":"CPT","billing_code":"88305","billing_code_type_version":"","description":"","allowed_amounts":[{"tin":{"type":"npi","value":"1508851288"},"service_code":[],"billing_class":"institutional","payments":[{"allowed_amount":115.04,"billing_code_modifier":[],"providers":[{"billed_charge":750.00,"npi":[1508851288]}]}]}]},{"name":"LIDOCAINE INJECTION","billing_code_type":"HCPCS","billing_code":"J2001","billing_code_type_version":"","description":"","allowed_amounts":[{"tin":{"type":"npi","value":"1508851288"},"service_code":[],"billing_class":"institutional","payments":[{"allowed_amount":28.14,"billing_code_modifier":[],"providers":[{"billed_charge":124.00,"npi":[1508851288]}]}]}]},{"name":"LIPID PANEL","billing_code_type":"CPT","billing_code":"80061","billing_code_type_version":"","description":"","allowed_amounts":[{"tin":{"type":"npi","value":"1053360651"},"service_code":[],"billing_class":"institutional","payments":[{"allowed_amount":16.22,"billing_code_modifier":[],"providers":[{"billed_charge":64.00,"npi":[1053360651]}]}]},{"tin":{"type":"npi","value":"1053361642"},"service_code":[],"billing_class":"institutional","payments":[{"allowed_amount":18.84,"billing_code_modifier":[],"providers":[{"billed_charge":87.00,"npi":[1053361642]}]}]},{"tin":{"type":"npi","value":"1194728808"},"service_code":[],"billing_class":"institutional","payments":[{"allowed_amount":38.89,"billing_code_modifier":[],"providers":[{"billed_charge":133.60,"npi":[1194728808]}]}]},{"tin":{"type":"npi","value":"1255422416"},"service_code":[],"billing_class":"institutional","payments":[{"allowed_amount":137.35,"billing_code_modifier":[],"providers":[{"billed_charge":205.00,"npi":[1255422416]}]}]},{"tin":{"type":"npi","value":"1285607416"},"service_code":[],"billing_class":"institutional","payments":[{"allowed_amount":30.40,"billing_code_modifier":[],"providers":[{"billed_charge":215.50,"npi":[1285607416]}]}]},{"tin":{"type":"npi","value":"1376881524"},"service_code":["81"],"billing_class":"professional","payments":[{"allowed_amount":15.05,"billing_code_modifier":[],"providers":[{"billed_charge":24.40,"npi":[1376881524]}]}]},{"tin":{"type":"npi","value":"1396765681"},"service_code":["22"],"billing_class":"professional","payments":[{"allowed_amount":17.61,"billing_code_modifier":[],"providers":[{"billed_charge":176.75,"npi":[1396765681]}]}]},{"tin":{"type":"npi","value":"1467446013"},"service_code":["22"],"billing_class":"professional","payments":[{"allowed_amount":14.73,"billing_code_modifier":[],"providers":[{"billed_charge":108.00,"npi":[1467446013]}]}]},{"tin":{"type":"npi","value":"1467492124"},"service_code":[],"billing_class":"institutional","payments":[{"allowed_amount":17.32,"billing_code_modifier":[],"providers":[{"billed_charge":245.00,"npi":[1467492124]}]}]},{"tin":{"type":"npi","value":"1467642611"},"service_code":["11"],"billing_class":"professional","payments":[{"allowed_amount":18.83,"billing_code_modifier":[],"providers":[{"billed_charge":83.00,"npi":[1467642611]}]}]},{"tin":{"type":"npi","value":"1508851288"},"service_code":[],"billing_class":"institutional","payments":[{"allowed_amount":20.04,"billing_code_modifier":[],"providers":[{"billed_charge":430.00,"npi":[1508851288]}]}]},{"tin":{"type":"npi","value":"1649248626"},"service_code":[],"billing_class":"institutional","payments":[{"allowed_amount":15.12,"billing_code_modifier":[],"providers":[{"billed_charge":68.40,"npi":[1649248626]}]}]},{"tin":{"type":"npi","value":"1770511453"},"service_code":["11"],"billing_class":"professional","payments":[{"allowed_amount":33.59,"billing_code_modifier":[],"providers":[{"billed_charge":130.00,"npi":[1770511453]}]}]},{"tin":{"type":"npi","value":"1811973100"},"service_code":[],"billing_class":"institutional","payments":[{"allowed_amount":16.10,"billing_code_modifier":[],"providers":[{"billed_charge":67.00,"npi":[1811973100]}]}]}]},{"name":"LOCM 300 399MG ML IODINE1ML","billing_code_type":"HCPCS","billing_code":"Q9967","billing_code_type_version":"","description":"","allowed_amounts":[{"tin":{"type":"npi","value":"1578527172"},"service_code":[],"billing_class":"institutional","payments":[{"allowed_amount":7.86,"billing_code_modifier":[],"providers":[{"billed_charge":66.00,"npi":[1578527172]}]}]}]},{"name":"MANUAL THERAPY TQS 1  GT REGIONS EACH 15 MIN","billing_code_type":"CPT","billing_code":"97140","billing_code_type_version":"","description":"","allowed_amounts":[{"tin":{"type":"npi","value":"1164642583"},"service_code":["11"],"billing_class":"professional","payments":[{"allowed_amount":34.08,"billing_code_modifier":[],"providers":[{"billed_charge":81.00,"npi":[1164642583]}]}]},{"tin":{"type":"npi","value":"1538465901"},"service_code":[],"billing_class":"institutional","payments":[{"allowed_amount":43.73,"billing_code_modifier":[],"providers":[{"billed_charge":94.03,"npi":[1538465901]}]}]},{"tin":{"type":"npi","value":"1578761201"},"service_code":["11"],"billing_class":"professional","payments":[{"allowed_amount":31.52,"billing_code_modifier":[],"providers":[{"billed_charge":60.00,"npi":[1578761201]}]}]},{"tin":{"type":"npi","value":"1649743287"},"service_code":["11"],"billing_class":"professional","payments":[{"allowed_amount":38.26,"billing_code_modifier":[],"providers":[{"billed_charge":115.00,"npi":[1649743287]}]}]},{"tin":{"type":"npi","value":"1659511988"},"service_code":[],"billing_class":"institutional","payments":[{"allowed_amount":45.76,"billing_code_modifier":[],"providers":[{"billed_charge":104.79,"npi":[1659511988]}]}]},{"tin":{"type":"npi","value":"1821571647"},"service_code":["11"],"billing_class":"professional","payments":[{"allowed_amount":44.04,"billing_code_modifier":[],"providers":[{"billed_charge":70.00,"npi":[1821571647]}]}]}]},{"name":"Medical Surgical Supplies and Devices General Clas","billing_code_type":"RC","billing_code":"0270","billing_code_type_version":"","description":"","allowed_amounts":[{"tin":{"type":"npi","value":"1255422416"},"service_code":[],"billing_class":"institutional","payments":[{"allowed_amount":101.17,"billing_code_modifier":[],"providers":[{"billed_charge":151.00,"npi":[1255422416]}]}]},{"tin":{"type":"npi","value":"1508851288"},"service_code":[],"billing_class":"institutional","payments":[{"allowed_amount":32.05,"billing_code_modifier":[],"providers":[{"billed_charge":157.00,"npi":[1508851288]}]}]},{"tin":{"type":"npi","value":"1912099094"},"service_code":[],"billing_class":"institutional","payments":[{"allowed_amount":30.75,"billing_code_modifier":[],"providers":[{"billed_charge":41.00,"npi":[1912099094]}]}]}]},{"name":"Medical Surgical Supplies and Devices Nonsterile S","billing_code_type":"RC","billing_code":"0271","billing_code_type_version":"","description":"","allowed_amounts":[{"tin":{"type":"npi","value":"1912099094"},"service_code":[],"billing_class":"institutional","payments":[{"allowed_amount":36.00,"billing_code_modifier":[],"providers":[{"billed_charge":57.00,"npi":[1912099094]}]}]}]},{"name":"Medical Surgical Supplies and Devices Sterile Supp","billing_code_type":"RC","billing_code":"0272","billing_code_type_version":"","description":"","allowed_amounts":[{"tin":{"type":"npi","value":"1255422416"},"service_code":[],"billing_class":"institutional","payments":[{"allowed_amount":77.72,"billing_code_modifier":[],"providers":[{"billed_charge":116.00,"npi":[1255422416]}]}]},{"tin":{"type":"npi","value":"1508851288"},"service_code":[],"billing_class":"institutional","payments":[{"allowed_amount":24.07,"billing_code_modifier":[],"providers":[{"billed_charge":138.00,"npi":[1508851288]}]}]},{"tin":{"type":"npi","value":"1639160799"},"service_code":[],"billing_class":"institutional","payments":[{"allowed_amount":19.23,"billing_code_modifier":[],"providers":[{"billed_charge":125.78,"npi":[1639160799]}]}]},{"tin":{"type":"npi","value":"1912099094"},"service_code":[],"billing_class":"institutional","payments":[{"allowed_amount":56.63,"billing_code_modifier":[],"providers":[{"billed_charge":75.50,"npi":[1912099094]}]}]}]},{"name":"MH PARTIAL HOSP TX UNDER 24H","billing_code_type":"HCPCS","billing_code":"H0035","billing_code_type_version":"","description":"","allowed_amounts":[{"tin":{"type":"npi","value":"1043545106"},"service_code":[],"billing_class":"institutional","payments":[{"allowed_amount":351.92,"billing_code_modifier":[],"providers":[{"billed_charge":2010.00,"npi":[1043545106]}]}]},{"tin":{"type":"npi","value":"1144626375"},"service_code":[],"billing_class":"institutional","payments":[{"allowed_amount":463.28,"billing_code_modifier":[],"providers":[{"billed_charge":3900.00,"npi":[1144626375]}]}]},{"tin":{"type":"npi","value":"1306186234"},"service_code":[],"billing_class":"institutional","payments":[{"allowed_amount":401.38,"billing_code_modifier":[],"providers":[{"billed_charge":1800.00,"npi":[1306186234]}]}]}]},{"name":"NFCT DS BCT VIR RESPIR DNA RNA 22 TRGT SARSCO","billing_code_type":"CPT","billing_code":"0202U","billing_code_type_version":"","description":"","allowed_amounts":[{"tin":{"type":"npi","value":"1255422416"},"service_code":[],"billing_class":"institutional","payments":[{"allowed_amount":389.27,"billing_code_modifier":[],"providers":[{"billed_charge":581.00,"npi":[1255422416]}]}]}]},{"name":"NORMAL SALINE SOLUTION INFUS","billing_code_type":"HCPCS","billing_code":"J7030","billing_code_type_version":"","description":"","allowed_amounts":[{"tin":{"type":"npi","value":"1578527172"},"service_code":[],"billing_class":"institutional","payments":[{"allowed_amount":21.26,"billing_code_modifier":[],"providers":[{"billed_charge":138.00,"npi":[1578527172]}]}]}]},{"name":"NORMAL SALINE SOLUTION INFUS","billing_code_type":"HCPCS","billing_code":"J7050","billing_code_type_version":"","description":"","allowed_amounts":[{"tin":{"type":"npi","value":"1508851288"},"service_code":[],"billing_class":"institutional","payments":[{"allowed_amount":39.33,"billing_code_modifier":[],"providers":[{"billed_charge":270.00,"npi":[1508851288]}]}]},{"tin":{"type":"npi","value":"1891711776"},"service_code":["12"],"billing_class":"professional","payments":[{"allowed_amount":0.84,"billing_code_modifier":[],"providers":[{"billed_charge":1.00,"npi":[1891711776]}]}]}]},{"name":"NURSING CARE IN THE HOME B","billing_code_type":"HCPCS","billing_code":"S9124","billing_code_type_version":"","description":"","allowed_amounts":[{"tin":{"type":"npi","value":"1245297746"},"service_code":["12"],"billing_class":"professional","payments":[{"allowed_amount":50.18,"billing_code_modifier":[],"providers":[{"billed_charge":400.00,"npi":[1245297746]}]}]}]},{"name":"OFFICE OUTPATIENT ESTABLISHED HIGH MDM 40 54 ","billing_code_type":"CPT","billing_code":"99215","billing_code_type_version":"","description":"","allowed_amounts":[{"tin":{"type":"npi","value":"1972846384"},"service_code":["11"],"billing_class":"professional","payments":[{"allowed_amount":210.25,"billing_code_modifier":[],"providers":[{"billed_charge":400.00,"npi":[1972846384]}]}]}]},{"name":"OFFICE OUTPATIENT ESTABLISHED LOW MDM 20 29 M","billing_code_type":"CPT","billing_code":"99213","billing_code_type_version":"","description":"","allowed_amounts":[{"tin":{"type":"npi","value":"1376514661"},"service_code":["11"],"billing_class":"professional","payments":[{"allowed_amount":111.10,"billing_code_modifier":[],"providers":[{"billed_charge":130.00,"npi":[1376514661]}]}]}]},{"name":"OFFICE OUTPATIENT ESTABLISHED MOD MDM 30 39 M","billing_code_type":"CPT","billing_code":"99214","billing_code_type_version":"","description":"","allowed_amounts":[{"tin":{"type":"npi","value":"1053973081"},"service_code":["72"],"billing_class":"professional","payments":[{"allowed_amount":96.87,"billing_code_modifier":[],"providers":[{"billed_charge":125.00,"npi":[1053973081]}]}]},{"tin":{"type":"npi","value":"1437165602"},"service_code":["11"],"billing_class":"professional","payments":[{"allowed_amount":156.54,"billing_code_modifier":[],"providers":[{"billed_charge":160.00,"npi":[1437165602]}]}]},{"tin":{"type":"npi","value":"1720396674"},"service_code":["72"],"billing_class":"professional","payments":[{"allowed_amount":96.87,"billing_code_modifier":[],"providers":[{"billed_charge":125.00,"npi":[1720396674]}]}]}]},{"name":"ONDANSETRON HCL INJECTION","billing_code_type":"HCPCS","billing_code":"J2405","billing_code_type_version":"","description":"","allowed_amounts":[{"tin":{"type":"npi","value":"1508851288"},"service_code":[],"billing_class":"institutional","payments":[{"allowed_amount":27.74,"billing_code_modifier":[],"providers":[{"billed_charge":124.00,"npi":[1508851288]}]}]}]},{"name":"Pharmacy General Classification","billing_code_type":"RC","billing_code":"0250","billing_code_type_version":"","description":"","allowed_amounts":[{"tin":{"type":"npi","value":"1053361642"},"service_code":[],"billing_class":"institutional","payments":[{"allowed_amount":25.19,"billing_code_modifier":[],"providers":[{"billed_charge":85.25,"npi":[1053361642]}]}]},{"tin":{"type":"npi","value":"1184621161"},"service_code":[],"billing_class":"institutional","payments":[{"allowed_amount":16.20,"billing_code_modifier":[],"providers":[{"billed_charge":27.00,"npi":[1184621161]}]}]},{"tin":{"type":"npi","value":"1275531956"},"service_code":[],"billing_class":"institutional","payments":[{"allowed_amount":49.72,"billing_code_modifier":[],"providers":[{"billed_charge":80.00,"npi":[1275531956]}]}]},{"tin":{"type":"npi","value":"1366436123"},"service_code":[],"billing_class":"institutional","payments":[{"allowed_amount":4.63,"billing_code_modifier":[],"providers":[{"billed_charge":11.00,"npi":[1366436123]}]}]},{"tin":{"type":"npi","value":"1396882205"},"service_code":[],"billing_class":"institutional","payments":[{"allowed_amount":72.11,"billing_code_modifier":[],"providers":[{"billed_charge":368.55,"npi":[1396882205]}]}]},{"tin":{"type":"npi","value":"1508851288"},"service_code":[],"billing_class":"institutional","payments":[{"allowed_amount":14.14,"billing_code_modifier":[],"providers":[{"billed_charge":71.00,"npi":[1508851288]}]}]},{"tin":{"type":"npi","value":"1578527172"},"service_code":[],"billing_class":"institutional","payments":[{"allowed_amount":1.23,"billing_code_modifier":[],"providers":[{"billed_charge":5.91,"npi":[1578527172]}]}]}]},{"name":"Pharmacy IV Solutions","billing_code_type":"RC","billing_code":"0258","billing_code_type_version":"","description":"","allowed_amounts":[{"tin":{"type":"npi","value":"1396882205"},"service_code":[],"billing_class":"institutional","payments":[{"allowed_amount":5.33,"billing_code_modifier":[],"providers":[{"billed_charge":15.80,"npi":[1396882205]}]}]}]},{"name":"PHYS QHP TELEPHONE EVALUATION 5 10 MIN","billing_code_type":"CPT","billing_code":"99441","billing_code_type_version":"","description":"","allowed_amounts":[{"tin":{"type":"npi","value":"1245403567"},"service_code":["02"],"billing_class":"professional","payments":[{"allowed_amount":41.78,"billing_code_modifier":[],"providers":[{"billed_charge":55.00,"npi":[1245403567]}]}]}]},{"name":"PROTHROMBIN TIME","billing_code_type":"CPT","billing_code":"85610","billing_code_type_version":"","description":"","allowed_amounts":[{"tin":{"type":"npi","value":"1508851288"},"service_code":[],"billing_class":"institutional","payments":[{"allowed_amount":18.82,"billing_code_modifier":[],"providers":[{"billed_charge":264.00,"npi":[1508851288]}]}]}]},{"name":"RADIOLOGIC EXAM CHEST SINGLE VIEW","billing_code_type":"CPT","billing_code":"71045","billing_code_type_version":"","description":"","allowed_amounts":[{"tin":{"type":"npi","value":"1508851288"},"service_code":[],"billing_class":"institutional","payments":[{"allowed_amount":67.65,"billing_code_modifier":[],"providers":[{"billed_charge":602.00,"npi":[1508851288]}]}]}]},{"name":"Recovery Room General Classification","billing_code_type":"RC","billing_code":"0710","billing_code_type_version":"","description":"","allowed_amounts":[{"tin":{"type":"npi","value":"1508851288"},"service_code":[],"billing_class":"institutional","payments":[{"allowed_amount":333.72,"billing_code_modifier":[],"providers":[{"billed_charge":1702.00,"npi":[1508851288]}]}]},{"tin":{"type":"npi","value":"1578527172"},"service_code":[],"billing_class":"institutional","payments":[{"allowed_amount":222.62,"billing_code_modifier":[],"providers":[{"billed_charge":907.00,"npi":[1578527172]}]}]}]},{"name":"RINGERS LACTATE INFUSION","billing_code_type":"HCPCS","billing_code":"J7120","billing_code_type_version":"","description":"","allowed_amounts":[{"tin":{"type":"npi","value":"1508851288"},"service_code":[],"billing_class":"institutional","payments":[{"allowed_amount":64.32,"billing_code_modifier":[],"providers":[{"billed_charge":293.00,"npi":[1508851288]}]}]},{"tin":{"type":"npi","value":"1578527172"},"service_code":[],"billing_class":"institutional","payments":[{"allowed_amount":38.46,"billing_code_modifier":[],"providers":[{"billed_charge":138.00,"npi":[1578527172]}]}]}]},{"name":"SCREENING MAMMOGRAPHY BI 2 VIEW BREAST INC CA","billing_code_type":"CPT","billing_code":"77067","billing_code_type_version":"","description":"","allowed_amounts":[{"tin":{"type":"npi","value":"1578527172"},"service_code":[],"billing_class":"institutional","payments":[{"allowed_amount":196.18,"billing_code_modifier":[],"providers":[{"billed_charge":442.00,"npi":[1578527172]}]}]}]},{"name":"SEDIMENTATION RATE RBC NON AUTOMATED","billing_code_type":"CPT","billing_code":"85651","billing_code_type_version":"","description":"","allowed_amounts":[{"tin":{"type":"npi","value":"1508851288"},"service_code":[],"billing_class":"institutional","payments":[{"allowed_amount":9.18,"billing_code_modifier":[],"providers":[{"billed_charge":173.00,"npi":[1508851288]}]}]}]},{"name":"SPEC CLCT SARS COV2 COVID19 ANY SRC","billing_code_type":"HCPCS","billing_code":"G2023","billing_code_type_version":"","description":"","allowed_amounts":[{"tin":{"type":"npi","value":"1265897078"},"service_code":["81"],"billing_class":"professional","payments":[{"allowed_amount":22.45,"billing_code_modifier":[],"providers":[{"billed_charge":46.92,"npi":[1265897078]}]}]}]},{"name":"THER PX 1  GT AREAS EACH 15 MIN NEUROMUSC RE","billing_code_type":"CPT","billing_code":"97112","billing_code_type_version":"","description":"","allowed_amounts":[{"tin":{"type":"npi","value":"1538465901"},"service_code":[],"billing_class":"institutional","payments":[{"allowed_amount":45.56,"billing_code_modifier":[],"providers":[{"billed_charge":94.03,"npi":[1538465901]}]}]},{"tin":{"type":"npi","value":"1649743287"},"service_code":["11"],"billing_class":"professional","payments":[{"allowed_amount":41.59,"billing_code_modifier":[],"providers":[{"billed_charge":125.00,"npi":[1649743287]}]}]},{"tin":{"type":"npi","value":"1659511988"},"service_code":[],"billing_class":"institutional","payments":[{"allowed_amount":49.40,"billing_code_modifier":[],"providers":[{"billed_charge":104.79,"npi":[1659511988]}]}]},{"tin":{"type":"npi","value":"1821571647"},"service_code":["11"],"billing_class":"professional","payments":[{"allowed_amount":44.04,"billing_code_modifier":[],"providers":[{"billed_charge":70.00,"npi":[1821571647]}]}]}]},{"name":"THERAPEUT ACTVITY DIRECT PT CONTACT EACH 15 M","billing_code_type":"CPT","billing_code":"97530","billing_code_type_version":"","description":"","allowed_amounts":[{"tin":{"type":"npi","value":"1124371398"},"service_code":["11"],"billing_class":"professional","payments":[{"allowed_amount":130.05,"billing_code_modifier":[],"providers":[{"billed_charge":234.00,"npi":[1124371398]}]}]},{"tin":{"type":"npi","value":"1356378871"},"service_code":["11"],"billing_class":"professional","payments":[{"allowed_amount":109.89,"billing_code_modifier":[],"providers":[{"billed_charge":134.00,"npi":[1356378871]}]}]},{"tin":{"type":"npi","value":"1659511988"},"service_code":[],"billing_class":"institutional","payments":[{"allowed_amount":52.70,"billing_code_modifier":[],"providers":[{"billed_charge":104.79,"npi":[1659511988]}]}]},{"tin":{"type":"npi","value":"1821571647"},"service_code":["11"],"billing_class":"professional","payments":[{"allowed_amount":88.06,"billing_code_modifier":[],"providers":[{"billed_charge":140.00,"npi":[1821571647]}]}]}]},{"name":"THERAPEUTIC PROPHYLACTIC DX INJECTION SUBQ IM","billing_code_type":"CPT","billing_code":"96372","billing_code_type_version":"","description":"","allowed_amounts":[{"tin":{"type":"npi","value":"1700383007"},"service_code":["11"],"billing_class":"professional","payments":[{"allowed_amount":18.35,"billing_code_modifier":[],"providers":[{"billed_charge":35.00,"npi":[1700383007]}]}]}]},{"name":"THERAPEUTIC PX 1  GT AREAS EACH 15 MIN EXERC","billing_code_type":"CPT","billing_code":"97110","billing_code_type_version":"","description":"","allowed_amounts":[{"tin":{"type":"npi","value":"1124371398"},"service_code":["11"],"billing_class":"professional","payments":[{"allowed_amount":70.09,"billing_code_modifier":[],"providers":[{"billed_charge":126.00,"npi":[1124371398]}]}]},{"tin":{"type":"npi","value":"1164642583"},"service_code":["11"],"billing_class":"professional","payments":[{"allowed_amount":105.40,"billing_code_modifier":[],"providers":[{"billed_charge":258.00,"npi":[1164642583]}]}]},{"tin":{"type":"npi","value":"1225105448"},"service_code":["11"],"billing_class":"professional","payments":[{"allowed_amount":75.74,"billing_code_modifier":[],"providers":[{"billed_charge":140.00,"npi":[1225105448]}]}]},{"tin":{"type":"npi","value":"1356378871"},"service_code":["11"],"billing_class":"professional","payments":[{"allowed_amount":88.61,"billing_code_modifier":[],"providers":[{"billed_charge":124.00,"npi":[1356378871]}]}]},{"tin":{"type":"npi","value":"1538304050"},"service_code":[],"billing_class":"institutional","payments":[{"allowed_amount":80.85,"billing_code_modifier":[],"providers":[{"billed_charge":200.00,"npi":[1538304050]}]}]},{"tin":{"type":"npi","value":"1538465901"},"service_code":[],"billing_class":"institutional","payments":[{"allowed_amount":85.07,"billing_code_modifier":[],"providers":[{"billed_charge":188.06,"npi":[1538465901]}]}]},{"tin":{"type":"npi","value":"1578761201"},"service_code":["11"],"billing_class":"professional","payments":[{"allowed_amount":68.40,"billing_code_modifier":[],"providers":[{"billed_charge":130.00,"npi":[1578761201]}]}]},{"tin":{"type":"npi","value":"1649743287"},"service_code":["11"],"billing_class":"professional","payments":[{"allowed_amount":79.86,"billing_code_modifier":[],"providers":[{"billed_charge":240.00,"npi":[1649743287]}]}]},{"tin":{"type":"npi","value":"1659511988"},"service_code":[],"billing_class":"institutional","payments":[{"allowed_amount":45.76,"billing_code_modifier":[],"providers":[{"billed_charge":104.79,"npi":[1659511988]}]}]}]},{"name":"TRANSFERASE ALANINE AMINO ALT SGPT","billing_code_type":"CPT","billing_code":"84460","billing_code_type_version":"","description":"","allowed_amounts":[{"tin":{"type":"npi","value":"1508851288"},"service_code":[],"billing_class":"institutional","payments":[{"allowed_amount":7.44,"billing_code_modifier":[],"providers":[{"billed_charge":177.00,"npi":[1508851288]}]}]}]},{"name":"TX SPEECH LANG VOICE COMMJ   AUDITORY PROC IN","billing_code_type":"CPT","billing_code":"92507","billing_code_type_version":"","description":"","allowed_amounts":[{"tin":{"type":"npi","value":"1083759633"},"service_code":[],"billing_class":"institutional","payments":[{"allowed_amount":184.48,"billing_code_modifier":[],"providers":[{"billed_charge":461.00,"npi":[1083759633]}]}]},{"tin":{"type":"npi","value":"1538387782"},"service_code":["11"],"billing_class":"professional","payments":[{"allowed_amount":93.58,"billing_code_modifier":[],"providers":[{"billed_charge":150.00,"npi":[1538387782]}]}]},{"tin":{"type":"npi","value":"1831309913"},"service_code":["02"],"billing_class":"professional","payments":[{"allowed_amount":89.65,"billing_code_modifier":[],"providers":[{"billed_charge":125.00,"npi":[1831309913]}]}]}]},{"name":"UNLISTED DIALYSIS PROCEDURE INPATIENT OUTPATI","billing_code_type":"CPT","billing_code":"90999","billing_code_type_version":"","description":"","allowed_amounts":[{"tin":{"type":"npi","value":"1467564369"},"service_code":[],"billing_class":"institutional","payments":[{"allowed_amount":324.38,"billing_code_modifier":[],"providers":[{"billed_charge":8010.89,"npi":[1467564369]}]}]}]},{"name":"URNLS DIP STICK TABLET REAGENT AUTO MICROSCOP","billing_code_type":"CPT","billing_code":"81001","billing_code_type_version":"","description":"","allowed_amounts":[{"tin":{"type":"npi","value":"1255422416"},"service_code":[],"billing_class":"institutional","payments":[{"allowed_amount":56.95,"billing_code_modifier":[],"providers":[{"billed_charge":85.00,"npi":[1255422416]}]}]},{"tin":{"type":"npi","value":"1467446013"},"service_code":["22"],"billing_class":"professional","payments":[{"allowed_amount":6.89,"billing_code_modifier":[],"providers":[{"billed_charge":48.00,"npi":[1467446013]}]}]},{"tin":{"type":"npi","value":"1508851288"},"service_code":[],"billing_class":"institutional","payments":[{"allowed_amount":10.04,"billing_code_modifier":[],"providers":[{"billed_charge":193.00,"npi":[1508851288]}]}]}]}], "last_updated_on": "2023-01-30","Version": "1.0.0"}


