{"reporting_entity_name": "IEC Group_DBA AmeriBen",
	"reporting_entity_type": "Third Party Administrator",
	"plan_name": "ARIZONA METROPOLITAN TRUST",
	"plan_id_type": "ein",
	"plan_id": "306316739",
	"plan_market_type": "group",
	"last_updated_on": "2024-09-01","Version": "1.0.0","out_of_network":[{"name":"APPL MODALITY 1\/> AREAS TRACTION MECHANICAL","billing_code_type":"CPT","billing_code_type_version":"2020","billing_code":"97012","description":"APPL MODALITY 1\/> AREAS TRACTION MECHANICAL","allowed_amounts":[{"tin":{"type":"ein","value":"845044322"},"service_code":["11"],"billing_class":"professional","payments":[{"allowed_amount":16.80,"billing_code_modifier":[""],"providers":[{"billed_charge":75.00,"npi":[1316919822,1952922668]}]}]},{"tin":{"type":"ein","value":"922398520"},"service_code":["11"],"billing_class":"professional","payments":[{"allowed_amount":16.80,"billing_code_modifier":[""],"providers":[{"billed_charge":100.00,"npi":[1043923501,1346933942,1417450479]}]}]}]},{"name":"CHIROPRACTIC MANIPLTV TX EXTRASPINAL 1\/> REGION","billing_code_type":"CPT","billing_code_type_version":"2020","billing_code":"98943","description":"CHIROPRACTIC MANIPLTV TX EXTRASPINAL 1\/> REGION","allowed_amounts":[{"tin":{"type":"ein","value":"300393112"},"service_code":["11"],"billing_class":"professional","payments":[{"allowed_amount":37.88,"billing_code_modifier":[""],"providers":[{"billed_charge":50.00,"npi":[1518092360]}]}]},{"tin":{"type":"ein","value":"922398520"},"service_code":["11"],"billing_class":"professional","payments":[{"allowed_amount":37.88,"billing_code_modifier":[""],"providers":[{"billed_charge":83.00,"npi":[1043923501,1346933942,1417450479]}]}]}]},{"name":"CHIROPRACTIC MANIPULATIVE TX SPINAL 3-4 REGIONS","billing_code_type":"CPT","billing_code_type_version":"2020","billing_code":"98941","description":"CHIROPRACTIC MANIPULATIVE TX SPINAL 3-4 REGIONS","allowed_amounts":[{"tin":{"type":"ein","value":"205581984"},"service_code":["11"],"billing_class":"professional","payments":[{"allowed_amount":57.32,"billing_code_modifier":[""],"providers":[{"billed_charge":75.00,"npi":[1750418240,1750575205]}]}]},{"tin":{"type":"ein","value":"205581984"},"service_code":["11"],"billing_class":"professional","payments":[{"allowed_amount":58.28,"billing_code_modifier":[""],"providers":[{"billed_charge":75.00,"npi":[1750418240,1750575205]}]}]},{"tin":{"type":"ein","value":"300393112"},"service_code":["11"],"billing_class":"professional","payments":[{"allowed_amount":57.32,"billing_code_modifier":[""],"providers":[{"billed_charge":70.00,"npi":[1518092360]}]}]},{"tin":{"type":"ein","value":"300393112"},"service_code":["11"],"billing_class":"professional","payments":[{"allowed_amount":58.28,"billing_code_modifier":[""],"providers":[{"billed_charge":70.00,"npi":[1518092360]}]}]},{"tin":{"type":"ein","value":"845044322"},"service_code":["11"],"billing_class":"professional","payments":[{"allowed_amount":57.32,"billing_code_modifier":[""],"providers":[{"billed_charge":100.00,"npi":[1316919822,1952922668]}]}]},{"tin":{"type":"ein","value":"845044322"},"service_code":["11"],"billing_class":"professional","payments":[{"allowed_amount":58.28,"billing_code_modifier":[""],"providers":[{"billed_charge":100.00,"npi":[1316919822,1952922668]}]}]},{"tin":{"type":"ein","value":"922398520"},"service_code":["11"],"billing_class":"professional","payments":[{"allowed_amount":57.32,"billing_code_modifier":[""],"providers":[{"billed_charge":89.00,"npi":[1043923501,1346933942]}]}]},{"tin":{"type":"ein","value":"922398520"},"service_code":["11"],"billing_class":"professional","payments":[{"allowed_amount":58.28,"billing_code_modifier":[""],"providers":[{"billed_charge":89.00,"npi":[1043923501,1346933942,1417450479]}]}]}]},{"name":"CHIROPRACTIC MANIPULATIVE TX SPINAL 5 REGIONS","billing_code_type":"CPT","billing_code_type_version":"2020","billing_code":"98942","description":"CHIROPRACTIC MANIPULATIVE TX SPINAL 5 REGIONS","allowed_amounts":[{"tin":{"type":"ein","value":"871922287"},"service_code":["11"],"billing_class":"professional","payments":[{"allowed_amount":75.14,"billing_code_modifier":[""],"providers":[{"billed_charge":147.81,"npi":[1427347657,1679581169,1982370839]}]}]}]},{"name":"PRESSURE PNEUM APPL HALF LEG","billing_code_type":"HCPCS","billing_code_type_version":"HCPCS LEVEL II 2021","billing_code":"E0673","description":"PRESSURE PNEUM APPL HALF LEG","allowed_amounts":[{"tin":{"type":"ein","value":"352544251"},"service_code":["24"],"billing_class":"professional","payments":[{"allowed_amount":472.50,"billing_code_modifier":[""],"providers":[{"billed_charge":472.50,"npi":[1154326650,1245239656,1255704060,1962938332]}]}]},{"tin":{"type":"ein","value":"825223281"},"service_code":["24"],"billing_class":"professional","payments":[{"allowed_amount":472.50,"billing_code_modifier":[""],"providers":[{"billed_charge":472.50,"npi":[1154326650,1730783523,1740777416]}]}]}]},{"name":"THERAPEUT ACTVITY DIRECT PT CONTACT EACH 15 MIN","billing_code_type":"CPT","billing_code_type_version":"2020","billing_code":"97530","description":"THERAPEUT ACTVITY DIRECT PT CONTACT EACH 15 MIN","allowed_amounts":[{"tin":{"type":"ein","value":"922398520"},"service_code":["11"],"billing_class":"professional","payments":[{"allowed_amount":54.04,"billing_code_modifier":[""],"providers":[{"billed_charge":89.00,"npi":[1043923501,1346933942,1417450479]}]}]}]},{"name":"THERAPEUTIC PX 1\/> AREAS EACH 15 MIN EXERCISES","billing_code_type":"CPT","billing_code_type_version":"2020","billing_code":"97110","description":"THERAPEUTIC PX 1\/> AREAS EACH 15 MIN EXERCISES","allowed_amounts":[{"tin":{"type":"ein","value":"922398520"},"service_code":["11"],"billing_class":"professional","payments":[{"allowed_amount":33.12,"billing_code_modifier":[""],"providers":[{"billed_charge":89.00,"npi":[1043923501,1346933942,1417450479]}]}]}]}]}
