{"reporting_entity_name": "IEC Group_DBA AmeriBen",
	"reporting_entity_type": "Third Party Administrator",
	"plan_name": "RALEY'S",
	"plan_id_type": "ein",
	"plan_id": "",
	"plan_market_type": "group",
	"last_updated_on": "2025-05-01","Version": "1.0.0","out_of_network":[{"name":"APPL MODALITY 1\/> AREAS TRACTION MECHANICAL","billing_code_type":"CPT","billing_code_type_version":"2020","billing_code":"97012","description":"APPL MODALITY 1\/> AREAS TRACTION MECHANICAL","allowed_amounts":[{"tin":{"type":"ein","value":"551812191"},"service_code":["11"],"billing_class":"professional","payments":[{"allowed_amount":20.00,"billing_code_modifier":[""],"providers":[{"billed_charge":199.00,"npi":[1598921652]}]}]},{"tin":{"type":"ein","value":"680072656"},"service_code":["11"],"billing_class":"professional","payments":[{"allowed_amount":20.00,"billing_code_modifier":[""],"providers":[{"billed_charge":25.00,"npi":[1568408110]}]}]}]},{"name":"APPLICATION MODALITY 1\/> AREAS HOT\/COLD PACKS","billing_code_type":"CPT","billing_code_type_version":"2020","billing_code":"97010","description":"APPLICATION MODALITY 1\/> AREAS HOT\/COLD PACKS","allowed_amounts":[{"tin":{"type":"ein","value":"551812191"},"service_code":["11"],"billing_class":"professional","payments":[{"allowed_amount":0.00,"billing_code_modifier":[""],"providers":[{"billed_charge":10.00,"npi":[1598921652]}]}]},{"tin":{"type":"ein","value":"553730667"},"service_code":["11"],"billing_class":"professional","payments":[{"allowed_amount":0.00,"billing_code_modifier":[""],"providers":[{"billed_charge":30.00,"npi":[1073524914]}]}]},{"tin":{"type":"ein","value":"880474173"},"service_code":["11"],"billing_class":"professional","payments":[{"allowed_amount":0.00,"billing_code_modifier":[""],"providers":[{"billed_charge":20.00,"npi":[1649279365,1720532294]}]}]}]},{"name":"DRUGS REQUIRE SPECIFIC ID: DRUGS REQUIRING DETAIL","billing_code_type":"RC","billing_code_type_version":"UB04","billing_code":"0636","description":"DRUGS REQUIRE SPECIFIC ID: DRUGS REQUIRING DETAIL","allowed_amounts":[{"tin":{"type":"ein","value":"042977283"},"service_code":["65"],"billing_class":"institutional","payments":[{"allowed_amount":4.70,"billing_code_modifier":[""],"providers":[{"billed_charge":154.70,"npi":[1497758015,1851403752]}]}]},{"tin":{"type":"ein","value":"042977283"},"service_code":["65"],"billing_class":"institutional","payments":[{"allowed_amount":6.31,"billing_code_modifier":[""],"providers":[{"billed_charge":247.52,"npi":[1497758015,1851403752]}]}]},{"tin":{"type":"ein","value":"042977283"},"service_code":["65"],"billing_class":"institutional","payments":[{"allowed_amount":7.47,"billing_code_modifier":[""],"providers":[{"billed_charge":247.52,"npi":[1497758015,1851403752]}]}]},{"tin":{"type":"ein","value":"042977283"},"service_code":["65"],"billing_class":"institutional","payments":[{"allowed_amount":7.52,"billing_code_modifier":[""],"providers":[{"billed_charge":390.60,"npi":[1053423954,1609861566]},{"billed_charge":247.52,"npi":[1497758015,1851403752]}]},{"allowed_amount":7.52,"billing_code_modifier":[""],"providers":[{"billed_charge":390.60,"npi":[1053423954,1609861566]},{"billed_charge":247.52,"npi":[1497758015,1851403752]}]}]},{"tin":{"type":"ein","value":"042977283"},"service_code":["65"],"billing_class":"institutional","payments":[{"allowed_amount":10.98,"billing_code_modifier":[""],"providers":[{"billed_charge":390.60,"npi":[1053423954,1609861566]}]}]},{"tin":{"type":"ein","value":"042977283"},"service_code":["65"],"billing_class":"institutional","payments":[{"allowed_amount":10.29,"billing_code_modifier":[""],"providers":[{"billed_charge":390.60,"npi":[1053423954,1609861566]},{"billed_charge":309.40,"npi":[1013313451,1982152484]}]},{"allowed_amount":10.29,"billing_code_modifier":[""],"providers":[{"billed_charge":390.60,"npi":[1053423954,1609861566]},{"billed_charge":309.40,"npi":[1013313451,1982152484]}]}]},{"tin":{"type":"ein","value":"042977283"},"service_code":["65"],"billing_class":"institutional","payments":[{"allowed_amount":36.94,"billing_code_modifier":[""],"providers":[{"billed_charge":1314.95,"npi":[1053423954,1609861566]}]}]},{"tin":{"type":"ein","value":"042977283"},"service_code":["65"],"billing_class":"institutional","payments":[{"allowed_amount":0.12,"billing_code_modifier":[""],"providers":[{"billed_charge":5.69,"npi":[1053423954,1609861566]}]}]},{"tin":{"type":"ein","value":"042977283"},"service_code":["65"],"billing_class":"institutional","payments":[{"allowed_amount":5.75,"billing_code_modifier":[""],"providers":[{"billed_charge":309.40,"npi":[1013313451,1982152484]},{"billed_charge":247.52,"npi":[1497758015,1851403752]},{"billed_charge":390.60,"npi":[1053423954,1609861566]}]},{"allowed_amount":5.75,"billing_code_modifier":[""],"providers":[{"billed_charge":309.40,"npi":[1013313451,1982152484]},{"billed_charge":247.52,"npi":[1497758015,1851403752]},{"billed_charge":390.60,"npi":[1053423954,1609861566]}]},{"allowed_amount":5.75,"billing_code_modifier":[""],"providers":[{"billed_charge":309.40,"npi":[1013313451,1982152484]},{"billed_charge":247.52,"npi":[1497758015,1851403752]},{"billed_charge":390.60,"npi":[1053423954,1609861566]}]}]},{"tin":{"type":"ein","value":"042977283"},"service_code":["65"],"billing_class":"institutional","payments":[{"allowed_amount":6.95,"billing_code_modifier":[""],"providers":[{"billed_charge":247.52,"npi":[1053423954,1609861566]}]}]},{"tin":{"type":"ein","value":"042977283"},"service_code":["65"],"billing_class":"institutional","payments":[{"allowed_amount":7.11,"billing_code_modifier":[""],"providers":[{"billed_charge":340.34,"npi":[1053423954,1609861566]},{"billed_charge":247.52,"npi":[1053423954,1609861566]}]},{"allowed_amount":7.11,"billing_code_modifier":[""],"providers":[{"billed_charge":340.34,"npi":[1053423954,1609861566]},{"billed_charge":247.52,"npi":[1053423954,1609861566]}]}]},{"tin":{"type":"ein","value":"042977283"},"service_code":["65"],"billing_class":"institutional","payments":[{"allowed_amount":6.47,"billing_code_modifier":[""],"providers":[{"billed_charge":309.40,"npi":[1053423954,1609861566]},{"billed_charge":247.52,"npi":[1053423954,1609861566]}]},{"allowed_amount":6.47,"billing_code_modifier":[""],"providers":[{"billed_charge":309.40,"npi":[1053423954,1609861566]},{"billed_charge":247.52,"npi":[1053423954,1609861566]}]}]},{"tin":{"type":"ein","value":"042977283"},"service_code":["65"],"billing_class":"institutional","payments":[{"allowed_amount":10.29,"billing_code_modifier":[""],"providers":[{"billed_charge":390.60,"npi":[1053423954,1609861566]},{"billed_charge":309.40,"npi":[1013313451,1982152484]}]},{"allowed_amount":10.29,"billing_code_modifier":[""],"providers":[{"billed_charge":390.60,"npi":[1053423954,1609861566]},{"billed_charge":309.40,"npi":[1013313451,1982152484]}]}]},{"tin":{"type":"ein","value":"042977283"},"service_code":["65"],"billing_class":"institutional","payments":[{"allowed_amount":4.67,"billing_code_modifier":[""],"providers":[{"billed_charge":154.70,"npi":[1497758015,1851403752]}]}]},{"tin":{"type":"ein","value":"042977283"},"service_code":["65"],"billing_class":"institutional","payments":[{"allowed_amount":5.75,"billing_code_modifier":[""],"providers":[{"billed_charge":309.40,"npi":[1013313451,1982152484]},{"billed_charge":247.52,"npi":[1497758015,1851403752]},{"billed_charge":390.60,"npi":[1053423954,1609861566]}]},{"allowed_amount":5.75,"billing_code_modifier":[""],"providers":[{"billed_charge":309.40,"npi":[1013313451,1982152484]},{"billed_charge":247.52,"npi":[1497758015,1851403752]},{"billed_charge":390.60,"npi":[1053423954,1609861566]}]},{"allowed_amount":5.75,"billing_code_modifier":[""],"providers":[{"billed_charge":309.40,"npi":[1013313451,1982152484]},{"billed_charge":247.52,"npi":[1497758015,1851403752]},{"billed_charge":390.60,"npi":[1053423954,1609861566]}]}]},{"tin":{"type":"ein","value":"042977283"},"service_code":["65"],"billing_class":"institutional","payments":[{"allowed_amount":5.75,"billing_code_modifier":[""],"providers":[{"billed_charge":309.40,"npi":[1013313451,1982152484]},{"billed_charge":247.52,"npi":[1497758015,1851403752]},{"billed_charge":390.60,"npi":[1053423954,1609861566]}]},{"allowed_amount":5.75,"billing_code_modifier":[""],"providers":[{"billed_charge":309.40,"npi":[1013313451,1982152484]},{"billed_charge":247.52,"npi":[1497758015,1851403752]},{"billed_charge":390.60,"npi":[1053423954,1609861566]}]},{"allowed_amount":5.75,"billing_code_modifier":[""],"providers":[{"billed_charge":309.40,"npi":[1013313451,1982152484]},{"billed_charge":247.52,"npi":[1497758015,1851403752]},{"billed_charge":390.60,"npi":[1053423954,1609861566]}]}]},{"tin":{"type":"ein","value":"042977283"},"service_code":["65"],"billing_class":"institutional","payments":[{"allowed_amount":6.53,"billing_code_modifier":[""],"providers":[{"billed_charge":247.52,"npi":[1053423954,1609861566]}]}]},{"tin":{"type":"ein","value":"042977283"},"service_code":["65"],"billing_class":"institutional","payments":[{"allowed_amount":7.11,"billing_code_modifier":[""],"providers":[{"billed_charge":340.34,"npi":[1053423954,1609861566]},{"billed_charge":247.52,"npi":[1053423954,1609861566]}]},{"allowed_amount":7.11,"billing_code_modifier":[""],"providers":[{"billed_charge":340.34,"npi":[1053423954,1609861566]},{"billed_charge":247.52,"npi":[1053423954,1609861566]}]}]},{"tin":{"type":"ein","value":"042977283"},"service_code":["65"],"billing_class":"institutional","payments":[{"allowed_amount":6.47,"billing_code_modifier":[""],"providers":[{"billed_charge":309.40,"npi":[1053423954,1609861566]},{"billed_charge":247.52,"npi":[1053423954,1609861566]}]},{"allowed_amount":6.47,"billing_code_modifier":[""],"providers":[{"billed_charge":309.40,"npi":[1053423954,1609861566]},{"billed_charge":247.52,"npi":[1053423954,1609861566]}]}]},{"tin":{"type":"ein","value":"042977283"},"service_code":["65"],"billing_class":"institutional","payments":[{"allowed_amount":7.48,"billing_code_modifier":[""],"providers":[{"billed_charge":247.52,"npi":[1497758015,1851403752]}]}]},{"tin":{"type":"ein","value":"042977283"},"service_code":["65"],"billing_class":"institutional","payments":[{"allowed_amount":7.52,"billing_code_modifier":[""],"providers":[{"billed_charge":390.60,"npi":[1053423954,1609861566]},{"billed_charge":247.52,"npi":[1497758015,1851403752]}]},{"allowed_amount":7.52,"billing_code_modifier":[""],"providers":[{"billed_charge":390.60,"npi":[1053423954,1609861566]},{"billed_charge":247.52,"npi":[1497758015,1851403752]}]}]},{"tin":{"type":"ein","value":"042977283"},"service_code":["65"],"billing_class":"institutional","payments":[{"allowed_amount":34.66,"billing_code_modifier":[""],"providers":[{"billed_charge":1314.95,"npi":[1053423954,1609861566]}]}]},{"tin":{"type":"ein","value":"261443057"},"service_code":["65"],"billing_class":"institutional","payments":[{"allowed_amount":5.33,"billing_code_modifier":[""],"providers":[{"billed_charge":102.00,"npi":[1356337968,1801050604]}]}]},{"tin":{"type":"ein","value":"263558729"},"service_code":["65"],"billing_class":"institutional","payments":[{"allowed_amount":7.57,"billing_code_modifier":[""],"providers":[{"billed_charge":153.00,"npi":[1144517517,1679713036]}]}]}]},{"name":"ECG ROUTINE ECG W\/LEAST 12 LDS I&R ONLY","billing_code_type":"CPT","billing_code_type_version":"2020","billing_code":"93010","description":"ECG ROUTINE ECG W\/LEAST 12 LDS I&R ONLY","allowed_amounts":[{"tin":{"type":"ein","value":"274752989"},"service_code":["23"],"billing_class":"professional","payments":[{"allowed_amount":0.00,"billing_code_modifier":[""],"providers":[{"billed_charge":80.83,"npi":[1164928800,1518018191,1588960413]}]}]},{"tin":{"type":"ein","value":"273288810"},"service_code":["23"],"billing_class":"professional","payments":[{"allowed_amount":0.00,"billing_code_modifier":[""],"providers":[{"billed_charge":68.71,"npi":[1083916373,1124197660,1508286816,1831177203]}]}]},{"tin":{"type":"ein","value":"352574944"},"service_code":["23"],"billing_class":"professional","payments":[{"allowed_amount":0.00,"billing_code_modifier":[""],"providers":[{"billed_charge":174.00,"npi":[1063628618,1700328663]}]}]},{"tin":{"type":"ein","value":"460508979"},"service_code":["23"],"billing_class":"professional","payments":[{"allowed_amount":0.00,"billing_code_modifier":[""],"providers":[{"billed_charge":34.00,"npi":[1063708022,1104871961,1447742960,1467883975,1821304775,1972160299]}]}]},{"tin":{"type":"ein","value":"825362420"},"service_code":["23"],"billing_class":"professional","payments":[{"allowed_amount":0.00,"billing_code_modifier":[""],"providers":[{"billed_charge":57.00,"npi":[1306311576,1386746337,1972545952]}]}]},{"tin":{"type":"ein","value":"752632235"},"service_code":["23"],"billing_class":"professional","payments":[{"allowed_amount":0.00,"billing_code_modifier":[""],"providers":[{"billed_charge":97.00,"npi":[1114450699,1902855992]}]}]},{"tin":{"type":"ein","value":"860593131"},"service_code":["23"],"billing_class":"professional","payments":[{"allowed_amount":0.00,"billing_code_modifier":[""],"providers":[{"billed_charge":172.00,"npi":[1083671432,1639531536]},{"billed_charge":86.00,"npi":[1023298551,1083671432,1174570923,1225271299,1639531536,1679967855,1790340776,1841261468,1992236467]}]},{"allowed_amount":0.00,"billing_code_modifier":[""],"providers":[{"billed_charge":172.00,"npi":[1083671432,1639531536]},{"billed_charge":86.00,"npi":[1023298551,1083671432,1174570923,1225271299,1639531536,1679967855,1790340776,1841261468,1992236467]}]}]},{"tin":{"type":"ein","value":"205048404"},"service_code":["23"],"billing_class":"professional","payments":[{"allowed_amount":0.00,"billing_code_modifier":[""],"providers":[{"billed_charge":92.00,"npi":[1154741478,1376573378,1578925566]}]}]},{"tin":{"type":"ein","value":"873202637"},"service_code":["23"],"billing_class":"professional","payments":[{"allowed_amount":0.00,"billing_code_modifier":[""],"providers":[{"billed_charge":53.00,"npi":[1588227466,1821752213]}]}]},{"tin":{"type":"ein","value":"815108515"},"service_code":["23"],"billing_class":"professional","payments":[{"allowed_amount":0.00,"billing_code_modifier":[""],"providers":[{"billed_charge":100.00,"npi":[1578001319,1699301630]}]}]},{"tin":{"type":"ein","value":"860593131"},"service_code":["23"],"billing_class":"professional","payments":[{"allowed_amount":0.00,"billing_code_modifier":[""],"providers":[{"billed_charge":172.00,"npi":[1083671432,1639531536]},{"billed_charge":86.00,"npi":[1023298551,1083671432,1174570923,1225271299,1639531536,1679967855,1790340776,1841261468,1992236467]}]},{"allowed_amount":0.00,"billing_code_modifier":[""],"providers":[{"billed_charge":172.00,"npi":[1083671432,1639531536]},{"billed_charge":86.00,"npi":[1023298551,1083671432,1174570923,1225271299,1639531536,1679967855,1790340776,1841261468,1992236467]}]}]},{"tin":{"type":"ein","value":"860415065"},"service_code":["23"],"billing_class":"professional","payments":[{"allowed_amount":0.00,"billing_code_modifier":[""],"providers":[{"billed_charge":92.00,"npi":[1902936164,1942837703]}]}]},{"tin":{"type":"ein","value":"860719852"},"service_code":["23"],"billing_class":"professional","payments":[{"allowed_amount":0.00,"billing_code_modifier":[""],"providers":[{"billed_charge":19.20,"npi":[1851706881]}]}]}]},{"name":"EMERGENCY DEPARTMENT VISIT HIGH MDM","billing_code_type":"CPT","billing_code_type_version":"2020","billing_code":"99285","description":"EMERGENCY DEPARTMENT VISIT HIGH MDM","allowed_amounts":[{"tin":{"type":"ein","value":"205048404"},"service_code":["23"],"billing_class":"professional","payments":[{"allowed_amount":268.92,"billing_code_modifier":[""],"providers":[{"billed_charge":1800.00,"npi":[1225618895,1376573378]}]}]},{"tin":{"type":"ein","value":"814399995"},"service_code":["23"],"billing_class":"professional","payments":[{"allowed_amount":248.90,"billing_code_modifier":[""],"providers":[{"billed_charge":1418.00,"npi":[1114120896,1134667157,1245772870]}]}]},{"tin":{"type":"ein","value":"860593131"},"service_code":["23"],"billing_class":"professional","payments":[{"allowed_amount":268.92,"billing_code_modifier":[""],"providers":[{"billed_charge":1796.00,"npi":[1083671432,1174570923,1235181249,1588893374,1992236467]}]}]},{"tin":{"type":"ein","value":"460508979"},"service_code":["23"],"billing_class":"professional","payments":[{"allowed_amount":268.92,"billing_code_modifier":[""],"providers":[{"billed_charge":1516.00,"npi":[1104871961,1225695430,1336107218,1659759595,1750875233,1972160299]}]}]},{"tin":{"type":"ein","value":"860415065"},"service_code":["23"],"billing_class":"professional","payments":[{"allowed_amount":248.90,"billing_code_modifier":[""],"providers":[{"billed_charge":1800.00,"npi":[1063751592,1316524010,1902936164]}]}]},{"tin":{"type":"ein","value":"460508979"},"service_code":["23"],"billing_class":"professional","payments":[{"allowed_amount":248.90,"billing_code_modifier":[""],"providers":[{"billed_charge":1516.00,"npi":[1023579281,1104871961,1447742960,1740715556]}]}]},{"tin":{"type":"ein","value":"860593131"},"service_code":["23"],"billing_class":"professional","payments":[{"allowed_amount":248.90,"billing_code_modifier":[""],"providers":[{"billed_charge":1796.00,"npi":[1023298551,1083671432,1780264549,1952715963,1992236467]}]}]},{"tin":{"type":"ein","value":"814399995"},"service_code":["23"],"billing_class":"professional","payments":[{"allowed_amount":268.92,"billing_code_modifier":[""],"providers":[{"billed_charge":1418.00,"npi":[1245772870,1285708172,1295961613,1437712890,1619312824,1740217264,1740667906,1932464609,1982632055]}]}]},{"tin":{"type":"ein","value":"860415065"},"service_code":["23"],"billing_class":"professional","payments":[{"allowed_amount":268.92,"billing_code_modifier":[""],"providers":[{"billed_charge":1800.00,"npi":[1184913717,1902936164]}]}]}]},{"name":"EMERGENCY DEPARTMENT VISIT MODERATE MDM","billing_code_type":"CPT","billing_code_type_version":"2020","billing_code":"99284","description":"EMERGENCY DEPARTMENT VISIT MODERATE MDM","allowed_amounts":[{"tin":{"type":"ein","value":"460508979"},"service_code":["23"],"billing_class":"professional","payments":[{"allowed_amount":172.71,"billing_code_modifier":[""],"providers":[{"billed_charge":1026.00,"npi":[1104871961,1407800980,1417534249,1801200720]}]}]},{"tin":{"type":"ein","value":"464102898"},"service_code":["23"],"billing_class":"professional","payments":[{"allowed_amount":172.71,"billing_code_modifier":[""],"providers":[{"billed_charge":1172.00,"npi":[1053991281,1518398585]}]}]},{"tin":{"type":"ein","value":"752632235"},"service_code":["23"],"billing_class":"professional","payments":[{"allowed_amount":110.25,"billing_code_modifier":[""],"providers":[{"billed_charge":1350.00,"npi":[1740939743,1902855992]}]}]},{"tin":{"type":"ein","value":"814399995"},"service_code":["23"],"billing_class":"professional","payments":[{"allowed_amount":110.25,"billing_code_modifier":[""],"providers":[{"billed_charge":895.00,"npi":[1093326290,1245772870,1346748555,1538603261,1649714650]}]}]},{"tin":{"type":"ein","value":"823394691"},"service_code":["23"],"billing_class":"professional","payments":[{"allowed_amount":110.25,"billing_code_modifier":[""],"providers":[{"billed_charge":2461.65,"npi":[1154898435,1275872848]}]}]},{"tin":{"type":"ein","value":"460508979"},"service_code":["23"],"billing_class":"professional","payments":[{"allowed_amount":159.85,"billing_code_modifier":[""],"providers":[{"billed_charge":1026.00,"npi":[1104871961,1285195453,1295711208,1790715522,1831622430,1902366370]}]}]},{"tin":{"type":"ein","value":"814399995"},"service_code":["23"],"billing_class":"professional","payments":[{"allowed_amount":172.71,"billing_code_modifier":[""],"providers":[{"billed_charge":895.00,"npi":[1093178329,1205323342,1245772870,1306297643,1366737157,1417995796,1497736599,1538177092,1629361936,1689238255,1891886479]}]}]},{"tin":{"type":"ein","value":"860415065"},"service_code":["23"],"billing_class":"professional","payments":[{"allowed_amount":159.85,"billing_code_modifier":[""],"providers":[{"billed_charge":1227.00,"npi":[1003875956,1083032361,1295198711,1609455369,1740742626,1902936164]}]}]},{"tin":{"type":"ein","value":"352574944"},"service_code":["23"],"billing_class":"professional","payments":[{"allowed_amount":110.25,"billing_code_modifier":[""],"providers":[{"billed_charge":2392.00,"npi":[1043233505,1700328663]}]}]},{"tin":{"type":"ein","value":"873768007"},"service_code":["23"],"billing_class":"professional","payments":[{"allowed_amount":110.25,"billing_code_modifier":[""],"providers":[{"billed_charge":2400.00,"npi":[1164909479,1447910229]}]}]},{"tin":{"type":"ein","value":"860593131"},"service_code":["23"],"billing_class":"professional","payments":[{"allowed_amount":159.85,"billing_code_modifier":[""],"providers":[{"billed_charge":1223.00,"npi":[1023298551,1174715726]}]}]},{"tin":{"type":"ein","value":"752632235"},"service_code":["23"],"billing_class":"professional","payments":[{"allowed_amount":172.71,"billing_code_modifier":[""],"providers":[{"billed_charge":1350.00,"npi":[1730858051,1902855992]}]}]},{"tin":{"type":"ein","value":"814399995"},"service_code":["23"],"billing_class":"professional","payments":[{"allowed_amount":159.85,"billing_code_modifier":[""],"providers":[{"billed_charge":895.00,"npi":[1114977154,1245772870,1518948892]}]}]},{"tin":{"type":"ein","value":"931450460"},"service_code":["23"],"billing_class":"professional","payments":[{"allowed_amount":110.25,"billing_code_modifier":[""],"providers":[{"billed_charge":883.00,"npi":[1154015089,1487199824]}]}]},{"tin":{"type":"ein","value":"860415065"},"service_code":["23"],"billing_class":"professional","payments":[{"allowed_amount":110.25,"billing_code_modifier":[""],"providers":[{"billed_charge":1227.00,"npi":[1578932653,1902936164]}]}]},{"tin":{"type":"ein","value":"860593131"},"service_code":["23"],"billing_class":"professional","payments":[{"allowed_amount":172.71,"billing_code_modifier":[""],"providers":[{"billed_charge":1223.00,"npi":[1083671432,1376862888,1720664766,1760916209,1801039482]}]}]},{"tin":{"type":"ein","value":"860593131"},"service_code":["23"],"billing_class":"professional","payments":[{"allowed_amount":110.25,"billing_code_modifier":[""],"providers":[{"billed_charge":1223.00,"npi":[1083671432,1174570923,1538885850,1972057131]}]}]}]},{"name":"ESRD RELATED SVC MONTHLY 20\/>YR OLD 2\/3 VISITS","billing_code_type":"CPT","billing_code_type_version":"2020","billing_code":"90961","description":"ESRD RELATED SVC MONTHLY 20\/>YR OLD 2\/3 VISITS","allowed_amounts":[{"tin":{"type":"ein","value":"860959487"},"service_code":["65"],"billing_class":"professional","payments":[{"allowed_amount":329.16,"billing_code_modifier":[""],"providers":[{"billed_charge":587.00,"npi":[1013313451,1053423954,1316902208,1609861566,1982183737]},{"billed_charge":499.00,"npi":[1053423954,1316902208,1649797804]}]},{"allowed_amount":329.16,"billing_code_modifier":[""],"providers":[{"billed_charge":587.00,"npi":[1013313451,1053423954,1316902208,1609861566,1982183737]},{"billed_charge":499.00,"npi":[1053423954,1316902208,1649797804]}]}]},{"tin":{"type":"ein","value":"860959487"},"service_code":["65"],"billing_class":"professional","payments":[{"allowed_amount":329.16,"billing_code_modifier":[""],"providers":[{"billed_charge":587.00,"npi":[1013313451,1053423954,1316902208,1609861566,1982183737]},{"billed_charge":499.00,"npi":[1053423954,1316902208,1649797804]}]},{"allowed_amount":329.16,"billing_code_modifier":[""],"providers":[{"billed_charge":587.00,"npi":[1013313451,1053423954,1316902208,1609861566,1982183737]},{"billed_charge":499.00,"npi":[1053423954,1316902208,1649797804]}]}]}]},{"name":"HEMO OPD\/HOME: HEMODIALYSIS COMP OR OTHER RATE","billing_code_type":"RC","billing_code_type_version":"UB04","billing_code":"0821","description":"HEMO OPD\/HOME: HEMODIALYSIS COMP OR OTHER RATE","allowed_amounts":[{"tin":{"type":"ein","value":"042977283"},"service_code":["65"],"billing_class":"institutional","payments":[{"allowed_amount":266.91,"billing_code_modifier":[""],"providers":[{"billed_charge":8832.00,"npi":[1497758015,1851403752]}]}]},{"tin":{"type":"ein","value":"042977283"},"service_code":["65"],"billing_class":"institutional","payments":[{"allowed_amount":306.18,"billing_code_modifier":[""],"providers":[{"billed_charge":8832.00,"npi":[1083008247,1861462707]}]}]},{"tin":{"type":"ein","value":"042977283"},"service_code":["65"],"billing_class":"institutional","payments":[{"allowed_amount":313.33,"billing_code_modifier":[""],"providers":[{"billed_charge":8832.00,"npi":[1083008247,1861462707]}]}]},{"tin":{"type":"ein","value":"042977283"},"service_code":["65"],"billing_class":"institutional","payments":[{"allowed_amount":248.13,"billing_code_modifier":[""],"providers":[{"billed_charge":8832.00,"npi":[1053423954,1609861566]}]}]},{"tin":{"type":"ein","value":"042977283"},"service_code":["65"],"billing_class":"institutional","payments":[{"allowed_amount":248.23,"billing_code_modifier":[""],"providers":[{"billed_charge":8832.00,"npi":[1083008247,1861462707]}]}]},{"tin":{"type":"ein","value":"042977283"},"service_code":["65"],"billing_class":"institutional","payments":[{"allowed_amount":266.85,"billing_code_modifier":[""],"providers":[{"billed_charge":8832.00,"npi":[1497758015,1851403752]}]}]},{"tin":{"type":"ein","value":"042977283"},"service_code":["65"],"billing_class":"institutional","payments":[{"allowed_amount":306.32,"billing_code_modifier":[""],"providers":[{"billed_charge":8832.00,"npi":[1083008247,1861462707]}]}]},{"tin":{"type":"ein","value":"042977283"},"service_code":["65"],"billing_class":"institutional","payments":[{"allowed_amount":309.05,"billing_code_modifier":[""],"providers":[{"billed_charge":8832.00,"npi":[1083008247,1861462707]}]}]},{"tin":{"type":"ein","value":"223757512"},"service_code":["65"],"billing_class":"institutional","payments":[{"allowed_amount":308.76,"billing_code_modifier":[""],"providers":[{"billed_charge":8832.00,"npi":[1124122908,1508801390]}]}]},{"tin":{"type":"ein","value":"042977283"},"service_code":["65"],"billing_class":"institutional","payments":[{"allowed_amount":308.76,"billing_code_modifier":[""],"providers":[{"billed_charge":8832.00,"npi":[1083008247,1861462707]}]}]}]},{"name":"MEDICAL\/SURGICAL SUPPLIES","billing_code_type":"RC","billing_code_type_version":"UB04","billing_code":"0270","description":"MEDICAL\/SURGICAL SUPPLIES","allowed_amounts":[{"tin":{"type":"ein","value":"042977283"},"service_code":["65"],"billing_class":"institutional","payments":[{"allowed_amount":2.46,"billing_code_modifier":[""],"providers":[{"billed_charge":149.10,"npi":[1053423954,1609861566]}]}]},{"tin":{"type":"ein","value":"042977283"},"service_code":["65"],"billing_class":"institutional","payments":[{"allowed_amount":2.87,"billing_code_modifier":[""],"providers":[{"billed_charge":149.10,"npi":[1053423954,1609861566]}]}]},{"tin":{"type":"ein","value":"042977283"},"service_code":["65"],"billing_class":"institutional","payments":[{"allowed_amount":3.18,"billing_code_modifier":[""],"providers":[{"billed_charge":149.10,"npi":[1053423954,1609861566]}]}]},{"tin":{"type":"ein","value":"042977283"},"service_code":["65"],"billing_class":"institutional","payments":[{"allowed_amount":3.90,"billing_code_modifier":[""],"providers":[{"billed_charge":149.10,"npi":[1053423954,1609861566]}]}]},{"tin":{"type":"ein","value":"042977283"},"service_code":["65"],"billing_class":"institutional","payments":[{"allowed_amount":2.51,"billing_code_modifier":[""],"providers":[{"billed_charge":149.10,"npi":[1053423954,1609861566]}]}]},{"tin":{"type":"ein","value":"042977283"},"service_code":["65"],"billing_class":"institutional","payments":[{"allowed_amount":3.34,"billing_code_modifier":[""],"providers":[{"billed_charge":149.10,"npi":[1053423954,1609861566]}]}]},{"tin":{"type":"ein","value":"042977283"},"service_code":["65"],"billing_class":"institutional","payments":[{"allowed_amount":3.93,"billing_code_modifier":[""],"providers":[{"billed_charge":149.10,"npi":[1053423954,1609861566]}]}]},{"tin":{"type":"ein","value":"042977283"},"service_code":["65"],"billing_class":"institutional","payments":[{"allowed_amount":4.41,"billing_code_modifier":[""],"providers":[{"billed_charge":149.10,"npi":[1497758015,1851403752]}]}]},{"tin":{"type":"ein","value":"042977283"},"service_code":["65"],"billing_class":"institutional","payments":[{"allowed_amount":6.05,"billing_code_modifier":[""],"providers":[{"billed_charge":149.10,"npi":[1497758015,1851403752]}]}]},{"tin":{"type":"ein","value":"042977283"},"service_code":["65"],"billing_class":"institutional","payments":[{"allowed_amount":2.50,"billing_code_modifier":[""],"providers":[{"billed_charge":149.10,"npi":[1053423954,1609861566]}]}]},{"tin":{"type":"ein","value":"042977283"},"service_code":["65"],"billing_class":"institutional","payments":[{"allowed_amount":3.02,"billing_code_modifier":[""],"providers":[{"billed_charge":149.10,"npi":[1053423954,1609861566]}]}]},{"tin":{"type":"ein","value":"042977283"},"service_code":["65"],"billing_class":"institutional","payments":[{"allowed_amount":3.88,"billing_code_modifier":[""],"providers":[{"billed_charge":149.10,"npi":[1053423954,1609861566]}]}]},{"tin":{"type":"ein","value":"042977283"},"service_code":["65"],"billing_class":"institutional","payments":[{"allowed_amount":4.50,"billing_code_modifier":[""],"providers":[{"billed_charge":149.10,"npi":[1497758015,1851403752]}]}]},{"tin":{"type":"ein","value":"042977283"},"service_code":["65"],"billing_class":"institutional","payments":[{"allowed_amount":2.23,"billing_code_modifier":[""],"providers":[{"billed_charge":149.10,"npi":[1053423954,1609861566]}]}]},{"tin":{"type":"ein","value":"042977283"},"service_code":["65"],"billing_class":"institutional","payments":[{"allowed_amount":3.47,"billing_code_modifier":[""],"providers":[{"billed_charge":149.10,"npi":[1497758015,1851403752]}]}]},{"tin":{"type":"ein","value":"042977283"},"service_code":["65"],"billing_class":"institutional","payments":[{"allowed_amount":3.55,"billing_code_modifier":[""],"providers":[{"billed_charge":149.10,"npi":[1053423954,1609861566]}]}]},{"tin":{"type":"ein","value":"042977283"},"service_code":["65"],"billing_class":"institutional","payments":[{"allowed_amount":4.18,"billing_code_modifier":[""],"providers":[{"billed_charge":149.10,"npi":[1053423954,1609861566]}]}]},{"tin":{"type":"ein","value":"042977283"},"service_code":["65"],"billing_class":"institutional","payments":[{"allowed_amount":3.14,"billing_code_modifier":[""],"providers":[{"billed_charge":149.10,"npi":[1053423954,1609861566]}]}]},{"tin":{"type":"ein","value":"042977283"},"service_code":["65"],"billing_class":"institutional","payments":[{"allowed_amount":3.57,"billing_code_modifier":[""],"providers":[{"billed_charge":149.10,"npi":[1497758015,1851403752]}]}]},{"tin":{"type":"ein","value":"042977283"},"service_code":["65"],"billing_class":"institutional","payments":[{"allowed_amount":3.72,"billing_code_modifier":[""],"providers":[{"billed_charge":149.10,"npi":[1053423954,1609861566]}]}]},{"tin":{"type":"ein","value":"042977283"},"service_code":["65"],"billing_class":"institutional","payments":[{"allowed_amount":3.73,"billing_code_modifier":[""],"providers":[{"billed_charge":149.10,"npi":[1053423954,1609861566]}]}]},{"tin":{"type":"ein","value":"042977283"},"service_code":["65"],"billing_class":"institutional","payments":[{"allowed_amount":3.74,"billing_code_modifier":[""],"providers":[{"billed_charge":149.10,"npi":[1053423954,1609861566]}]}]},{"tin":{"type":"ein","value":"042977283"},"service_code":["65"],"billing_class":"institutional","payments":[{"allowed_amount":3.80,"billing_code_modifier":[""],"providers":[{"billed_charge":149.10,"npi":[1053423954,1497758015,1609861566,1851403752]}]}]},{"tin":{"type":"ein","value":"042977283"},"service_code":["65"],"billing_class":"institutional","payments":[{"allowed_amount":4.02,"billing_code_modifier":[""],"providers":[{"billed_charge":149.10,"npi":[1053423954,1609861566]}]}]},{"tin":{"type":"ein","value":"042977283"},"service_code":["65"],"billing_class":"institutional","payments":[{"allowed_amount":5.17,"billing_code_modifier":[""],"providers":[{"billed_charge":149.10,"npi":[1083008247,1861462707]}]}]},{"tin":{"type":"ein","value":"042977283"},"service_code":["65"],"billing_class":"institutional","payments":[{"allowed_amount":2.19,"billing_code_modifier":[""],"providers":[{"billed_charge":149.10,"npi":[1053423954,1609861566]}]}]},{"tin":{"type":"ein","value":"042977283"},"service_code":["65"],"billing_class":"institutional","payments":[{"allowed_amount":3.12,"billing_code_modifier":[""],"providers":[{"billed_charge":149.10,"npi":[1053423954,1609861566]}]}]},{"tin":{"type":"ein","value":"042977283"},"service_code":["65"],"billing_class":"institutional","payments":[{"allowed_amount":3.41,"billing_code_modifier":[""],"providers":[{"billed_charge":149.10,"npi":[1013313451,1497758015,1851403752,1982152484]}]}]},{"tin":{"type":"ein","value":"042977283"},"service_code":["65"],"billing_class":"institutional","payments":[{"allowed_amount":4.53,"billing_code_modifier":[""],"providers":[{"billed_charge":149.10,"npi":[1497758015,1851403752]}]}]},{"tin":{"type":"ein","value":"261443057"},"service_code":["65"],"billing_class":"institutional","payments":[{"allowed_amount":5.17,"billing_code_modifier":[""],"providers":[{"billed_charge":136.05,"npi":[1356337968,1801050604]}]}]},{"tin":{"type":"ein","value":"263558729"},"service_code":["65"],"billing_class":"institutional","payments":[{"allowed_amount":6.73,"billing_code_modifier":[""],"providers":[{"billed_charge":136.05,"npi":[1144517517,1679713036]}]}]},{"tin":{"type":"ein","value":"261443057"},"service_code":["65"],"billing_class":"institutional","payments":[{"allowed_amount":6.05,"billing_code_modifier":[""],"providers":[{"billed_charge":136.05,"npi":[1356337968,1801050604]}]}]}]},{"name":"MEDICAL\/SURGICAL SUPPLIES: NONSTERILE SUPPLIES","billing_code_type":"RC","billing_code_type_version":"UB04","billing_code":"0271","description":"MEDICAL\/SURGICAL SUPPLIES: NONSTERILE SUPPLIES","allowed_amounts":[{"tin":{"type":"ein","value":"042977283"},"service_code":["65"],"billing_class":"institutional","payments":[{"allowed_amount":7.37,"billing_code_modifier":[""],"providers":[{"billed_charge":244.00,"npi":[1497758015,1851403752]}]}]},{"tin":{"type":"ein","value":"042977283"},"service_code":["65"],"billing_class":"institutional","payments":[{"allowed_amount":7.41,"billing_code_modifier":[""],"providers":[{"billed_charge":244.00,"npi":[1497758015,1851403752]}]}]},{"tin":{"type":"ein","value":"042977283"},"service_code":["65"],"billing_class":"institutional","payments":[{"allowed_amount":6.85,"billing_code_modifier":[""],"providers":[{"billed_charge":244.00,"npi":[1053423954,1609861566]}]}]}]},{"name":"PHARMACY","billing_code_type":"RC","billing_code_type_version":"UB04","billing_code":"0250","description":"PHARMACY","allowed_amounts":[{"tin":{"type":"ein","value":"042977283"},"service_code":["65"],"billing_class":"institutional","payments":[{"allowed_amount":1.68,"billing_code_modifier":[""],"providers":[{"billed_charge":55.55,"npi":[1497758015,1851403752]}]}]},{"tin":{"type":"ein","value":"263558729"},"service_code":["65"],"billing_class":"institutional","payments":[{"allowed_amount":0.04,"billing_code_modifier":[""],"providers":[{"billed_charge":0.94,"npi":[1144517517,1679713036]}]}]},{"tin":{"type":"ein","value":"261443057"},"service_code":["65"],"billing_class":"institutional","payments":[{"allowed_amount":0.03,"billing_code_modifier":[""],"providers":[{"billed_charge":0.94,"npi":[1356337968,1801050604]},{"billed_charge":0.68,"npi":[1356337968,1801050604]}]},{"allowed_amount":0.03,"billing_code_modifier":[""],"providers":[{"billed_charge":0.94,"npi":[1356337968,1801050604]},{"billed_charge":0.68,"npi":[1356337968,1801050604]}]}]},{"tin":{"type":"ein","value":"261443057"},"service_code":["65"],"billing_class":"institutional","payments":[{"allowed_amount":0.05,"billing_code_modifier":[""],"providers":[{"billed_charge":0.94,"npi":[1356337968,1801050604]}]}]},{"tin":{"type":"ein","value":"261443057"},"service_code":["65"],"billing_class":"institutional","payments":[{"allowed_amount":0.03,"billing_code_modifier":[""],"providers":[{"billed_charge":0.94,"npi":[1356337968,1801050604]},{"billed_charge":0.68,"npi":[1356337968,1801050604]}]},{"allowed_amount":0.03,"billing_code_modifier":[""],"providers":[{"billed_charge":0.94,"npi":[1356337968,1801050604]},{"billed_charge":0.68,"npi":[1356337968,1801050604]}]}]},{"tin":{"type":"ein","value":"261443057"},"service_code":["65"],"billing_class":"institutional","payments":[{"allowed_amount":0.10,"billing_code_modifier":[""],"providers":[{"billed_charge":1.88,"npi":[1356337968,1801050604]}]}]},{"tin":{"type":"ein","value":"263558729"},"service_code":["65"],"billing_class":"institutional","payments":[{"allowed_amount":0.05,"billing_code_modifier":[""],"providers":[{"billed_charge":0.94,"npi":[1144517517,1679713036]}]}]},{"tin":{"type":"ein","value":"261443057"},"service_code":["65"],"billing_class":"institutional","payments":[{"allowed_amount":0.04,"billing_code_modifier":[""],"providers":[{"billed_charge":0.68,"npi":[1356337968,1801050604]},{"billed_charge":0.94,"npi":[1356337968,1801050604]}]},{"allowed_amount":0.04,"billing_code_modifier":[""],"providers":[{"billed_charge":0.68,"npi":[1356337968,1801050604]},{"billed_charge":0.94,"npi":[1356337968,1801050604]}]}]},{"tin":{"type":"ein","value":"261443057"},"service_code":["65"],"billing_class":"institutional","payments":[{"allowed_amount":0.04,"billing_code_modifier":[""],"providers":[{"billed_charge":0.68,"npi":[1356337968,1801050604]},{"billed_charge":0.94,"npi":[1356337968,1801050604]}]},{"allowed_amount":0.04,"billing_code_modifier":[""],"providers":[{"billed_charge":0.68,"npi":[1356337968,1801050604]},{"billed_charge":0.94,"npi":[1356337968,1801050604]}]}]},{"tin":{"type":"ein","value":"263558729"},"service_code":["65"],"billing_class":"institutional","payments":[{"allowed_amount":0.03,"billing_code_modifier":[""],"providers":[{"billed_charge":0.68,"npi":[1144517517,1679713036]}]}]},{"tin":{"type":"ein","value":"953372911"},"service_code":["65"],"billing_class":"institutional","payments":[{"allowed_amount":0.03,"billing_code_modifier":[""],"providers":[{"billed_charge":0.68,"npi":[1659889632,1902018294]}]}]}]},{"name":"PSYCHOTHERAPY W\/PATIENT 60 MINUTES","billing_code_type":"CPT","billing_code_type_version":"2020","billing_code":"90837","description":"PSYCHOTHERAPY W\/PATIENT 60 MINUTES","allowed_amounts":[{"tin":{"type":"ein","value":"558559780"},"service_code":["11"],"billing_class":"professional","payments":[{"allowed_amount":200.00,"billing_code_modifier":[""],"providers":[{"billed_charge":200.00,"npi":[1174612667]}]}]},{"tin":{"type":"ein","value":"844424562"},"service_code":["11"],"billing_class":"professional","payments":[{"allowed_amount":200.00,"billing_code_modifier":[""],"providers":[{"billed_charge":200.00,"npi":[1184934911,1760806533,1770114662]}]}]}]},{"name":"SBSQ HOSPITAL IP\/OBS CARE HIGH MDM 50 MINUTES","billing_code_type":"CPT","billing_code_type_version":"2020","billing_code":"99233","description":"SBSQ HOSPITAL IP\/OBS CARE HIGH MDM 50 MINUTES","allowed_amounts":[{"tin":{"type":"ein","value":"274733725"},"service_code":["21"],"billing_class":"professional","payments":[{"allowed_amount":116.28,"billing_code_modifier":[""],"providers":[{"billed_charge":445.00,"npi":[1235417551,1649561580]}]}]},{"tin":{"type":"ein","value":"464363525"},"service_code":["61"],"billing_class":"professional","payments":[{"allowed_amount":116.28,"billing_code_modifier":[""],"providers":[{"billed_charge":200.00,"npi":[1013476159,1184049322]}]}]},{"tin":{"type":"ein","value":"844284477"},"service_code":["21"],"billing_class":"professional","payments":[{"allowed_amount":116.28,"billing_code_modifier":[""],"providers":[{"billed_charge":616.00,"npi":[1023304797,1124430004,1215221940,1457317448,1568083970,1689239410,1912629916,1962065425]}]}]}]}]}
