{"reporting_entity_name": "IEC Group_DBA AmeriBen",
	"reporting_entity_type": "Third Party Administrator",
	"plan_name": "URSCHEL LABORATORIES INC",
	"plan_id_type": "ein",
	"plan_id": "350726105",
	"plan_market_type": "group",
	"last_updated_on": "2023-08-01","Version": "1.0.0","out_of_network":[{"name":"HIT TPN 2 LITER DIEM","billing_code_type":"HCPCS","billing_code_type_version":"HCPCS LEVEL II 2021","billing_code":"S9366","description":"HIT TPN 2 LITER DIEM","allowed_amounts":[{"tin":{"type":"ein","value":"562554975"},"service_code":["12"],"billing_class":"professional","payments":[{"allowed_amount":0.00,"billing_code_modifier":[""],"providers":[{"billed_charge":844.80,"npi":[1821060286,1841372638]},{"billed_charge":5913.60,"npi":[1821060286,1841372638]}]},{"allowed_amount":0.00,"billing_code_modifier":[""],"providers":[{"billed_charge":844.80,"npi":[1821060286,1841372638]},{"billed_charge":5913.60,"npi":[1821060286,1841372638]}]}]},{"tin":{"type":"ein","value":"562554975"},"service_code":["12"],"billing_class":"professional","payments":[{"allowed_amount":0.00,"billing_code_modifier":[""],"providers":[{"billed_charge":844.80,"npi":[1821060286,1841372638]},{"billed_charge":5913.60,"npi":[1821060286,1841372638]}]},{"allowed_amount":0.00,"billing_code_modifier":[""],"providers":[{"billed_charge":844.80,"npi":[1821060286,1841372638]},{"billed_charge":5913.60,"npi":[1821060286,1841372638]}]}]},{"tin":{"type":"ein","value":"562554975"},"service_code":["12"],"billing_class":"professional","payments":[{"allowed_amount":633.60,"billing_code_modifier":[""],"providers":[{"billed_charge":844.80,"npi":[1821060286,1841372638]}]}]}]},{"name":"PN SOLN NOS 10 GRAMS LIPIDS","billing_code_type":"HCPCS","billing_code_type_version":"HCPCS LEVEL II 2021","billing_code":"B4185","description":"PN SOLN NOS 10 GRAMS LIPIDS","allowed_amounts":[{"tin":{"type":"ein","value":"562554975"},"service_code":["12"],"billing_class":"professional","payments":[{"allowed_amount":6.09,"billing_code_modifier":[""],"providers":[{"billed_charge":174.05,"npi":[1821060286,1841372638]},{"billed_charge":174.07,"npi":[1821060286,1841372638]}]},{"allowed_amount":6.09,"billing_code_modifier":[""],"providers":[{"billed_charge":174.05,"npi":[1821060286,1841372638]},{"billed_charge":174.07,"npi":[1821060286,1841372638]}]}]},{"tin":{"type":"ein","value":"562554975"},"service_code":["12"],"billing_class":"professional","payments":[{"allowed_amount":6.09,"billing_code_modifier":[""],"providers":[{"billed_charge":174.05,"npi":[1821060286,1841372638]},{"billed_charge":174.07,"npi":[1821060286,1841372638]}]},{"allowed_amount":6.09,"billing_code_modifier":[""],"providers":[{"billed_charge":174.05,"npi":[1821060286,1841372638]},{"billed_charge":174.07,"npi":[1821060286,1841372638]}]}]},{"tin":{"type":"ein","value":"562554975"},"service_code":["12"],"billing_class":"professional","payments":[{"allowed_amount":24.36,"billing_code_modifier":[""],"providers":[{"billed_charge":332.12,"npi":[1821060286,1841372638]},{"billed_charge":332.16,"npi":[1821060286,1841372638]},{"billed_charge":351.45,"npi":[1821060286,1841372638]},{"billed_charge":351.48,"npi":[1821060286,1841372638]}]},{"allowed_amount":24.36,"billing_code_modifier":[""],"providers":[{"billed_charge":332.12,"npi":[1821060286,1841372638]},{"billed_charge":332.16,"npi":[1821060286,1841372638]},{"billed_charge":351.45,"npi":[1821060286,1841372638]},{"billed_charge":351.48,"npi":[1821060286,1841372638]}]},{"allowed_amount":24.36,"billing_code_modifier":[""],"providers":[{"billed_charge":332.12,"npi":[1821060286,1841372638]},{"billed_charge":332.16,"npi":[1821060286,1841372638]},{"billed_charge":351.45,"npi":[1821060286,1841372638]},{"billed_charge":351.48,"npi":[1821060286,1841372638]}]},{"allowed_amount":24.36,"billing_code_modifier":[""],"providers":[{"billed_charge":332.12,"npi":[1821060286,1841372638]},{"billed_charge":332.16,"npi":[1821060286,1841372638]},{"billed_charge":351.45,"npi":[1821060286,1841372638]},{"billed_charge":351.48,"npi":[1821060286,1841372638]}]}]},{"tin":{"type":"ein","value":"562554975"},"service_code":["12"],"billing_class":"professional","payments":[{"allowed_amount":24.36,"billing_code_modifier":[""],"providers":[{"billed_charge":332.12,"npi":[1821060286,1841372638]},{"billed_charge":332.16,"npi":[1821060286,1841372638]},{"billed_charge":351.45,"npi":[1821060286,1841372638]},{"billed_charge":351.48,"npi":[1821060286,1841372638]}]},{"allowed_amount":24.36,"billing_code_modifier":[""],"providers":[{"billed_charge":332.12,"npi":[1821060286,1841372638]},{"billed_charge":332.16,"npi":[1821060286,1841372638]},{"billed_charge":351.45,"npi":[1821060286,1841372638]},{"billed_charge":351.48,"npi":[1821060286,1841372638]}]},{"allowed_amount":24.36,"billing_code_modifier":[""],"providers":[{"billed_charge":332.12,"npi":[1821060286,1841372638]},{"billed_charge":332.16,"npi":[1821060286,1841372638]},{"billed_charge":351.45,"npi":[1821060286,1841372638]},{"billed_charge":351.48,"npi":[1821060286,1841372638]}]},{"allowed_amount":24.36,"billing_code_modifier":[""],"providers":[{"billed_charge":332.12,"npi":[1821060286,1841372638]},{"billed_charge":332.16,"npi":[1821060286,1841372638]},{"billed_charge":351.45,"npi":[1821060286,1841372638]},{"billed_charge":351.48,"npi":[1821060286,1841372638]}]}]},{"tin":{"type":"ein","value":"562554975"},"service_code":["12"],"billing_class":"professional","payments":[{"allowed_amount":24.36,"billing_code_modifier":[""],"providers":[{"billed_charge":332.12,"npi":[1821060286,1841372638]},{"billed_charge":332.16,"npi":[1821060286,1841372638]},{"billed_charge":351.45,"npi":[1821060286,1841372638]},{"billed_charge":351.48,"npi":[1821060286,1841372638]}]},{"allowed_amount":24.36,"billing_code_modifier":[""],"providers":[{"billed_charge":332.12,"npi":[1821060286,1841372638]},{"billed_charge":332.16,"npi":[1821060286,1841372638]},{"billed_charge":351.45,"npi":[1821060286,1841372638]},{"billed_charge":351.48,"npi":[1821060286,1841372638]}]},{"allowed_amount":24.36,"billing_code_modifier":[""],"providers":[{"billed_charge":332.12,"npi":[1821060286,1841372638]},{"billed_charge":332.16,"npi":[1821060286,1841372638]},{"billed_charge":351.45,"npi":[1821060286,1841372638]},{"billed_charge":351.48,"npi":[1821060286,1841372638]}]},{"allowed_amount":24.36,"billing_code_modifier":[""],"providers":[{"billed_charge":332.12,"npi":[1821060286,1841372638]},{"billed_charge":332.16,"npi":[1821060286,1841372638]},{"billed_charge":351.45,"npi":[1821060286,1841372638]},{"billed_charge":351.48,"npi":[1821060286,1841372638]}]}]},{"tin":{"type":"ein","value":"562554975"},"service_code":["12"],"billing_class":"professional","payments":[{"allowed_amount":24.36,"billing_code_modifier":[""],"providers":[{"billed_charge":332.12,"npi":[1821060286,1841372638]},{"billed_charge":332.16,"npi":[1821060286,1841372638]},{"billed_charge":351.45,"npi":[1821060286,1841372638]},{"billed_charge":351.48,"npi":[1821060286,1841372638]}]},{"allowed_amount":24.36,"billing_code_modifier":[""],"providers":[{"billed_charge":332.12,"npi":[1821060286,1841372638]},{"billed_charge":332.16,"npi":[1821060286,1841372638]},{"billed_charge":351.45,"npi":[1821060286,1841372638]},{"billed_charge":351.48,"npi":[1821060286,1841372638]}]},{"allowed_amount":24.36,"billing_code_modifier":[""],"providers":[{"billed_charge":332.12,"npi":[1821060286,1841372638]},{"billed_charge":332.16,"npi":[1821060286,1841372638]},{"billed_charge":351.45,"npi":[1821060286,1841372638]},{"billed_charge":351.48,"npi":[1821060286,1841372638]}]},{"allowed_amount":24.36,"billing_code_modifier":[""],"providers":[{"billed_charge":332.12,"npi":[1821060286,1841372638]},{"billed_charge":332.16,"npi":[1821060286,1841372638]},{"billed_charge":351.45,"npi":[1821060286,1841372638]},{"billed_charge":351.48,"npi":[1821060286,1841372638]}]}]},{"tin":{"type":"ein","value":"562554975"},"service_code":["12"],"billing_class":"professional","payments":[{"allowed_amount":30.45,"billing_code_modifier":[""],"providers":[{"billed_charge":281.54,"npi":[1821060286,1841372638]},{"billed_charge":281.59,"npi":[1821060286,1841372638]},{"billed_charge":307.94,"npi":[1821060286,1841372638]},{"billed_charge":307.96,"npi":[1821060286,1841372638]},{"billed_charge":468.60,"npi":[1821060286,1841372638]},{"billed_charge":468.66,"npi":[1821060286,1841372638]}]},{"allowed_amount":30.45,"billing_code_modifier":[""],"providers":[{"billed_charge":281.54,"npi":[1821060286,1841372638]},{"billed_charge":281.59,"npi":[1821060286,1841372638]},{"billed_charge":307.94,"npi":[1821060286,1841372638]},{"billed_charge":307.96,"npi":[1821060286,1841372638]},{"billed_charge":468.60,"npi":[1821060286,1841372638]},{"billed_charge":468.66,"npi":[1821060286,1841372638]}]},{"allowed_amount":30.45,"billing_code_modifier":[""],"providers":[{"billed_charge":281.54,"npi":[1821060286,1841372638]},{"billed_charge":281.59,"npi":[1821060286,1841372638]},{"billed_charge":307.94,"npi":[1821060286,1841372638]},{"billed_charge":307.96,"npi":[1821060286,1841372638]},{"billed_charge":468.60,"npi":[1821060286,1841372638]},{"billed_charge":468.66,"npi":[1821060286,1841372638]}]},{"allowed_amount":30.45,"billing_code_modifier":[""],"providers":[{"billed_charge":281.54,"npi":[1821060286,1841372638]},{"billed_charge":281.59,"npi":[1821060286,1841372638]},{"billed_charge":307.94,"npi":[1821060286,1841372638]},{"billed_charge":307.96,"npi":[1821060286,1841372638]},{"billed_charge":468.60,"npi":[1821060286,1841372638]},{"billed_charge":468.66,"npi":[1821060286,1841372638]}]},{"allowed_amount":30.45,"billing_code_modifier":[""],"providers":[{"billed_charge":281.54,"npi":[1821060286,1841372638]},{"billed_charge":281.59,"npi":[1821060286,1841372638]},{"billed_charge":307.94,"npi":[1821060286,1841372638]},{"billed_charge":307.96,"npi":[1821060286,1841372638]},{"billed_charge":468.60,"npi":[1821060286,1841372638]},{"billed_charge":468.66,"npi":[1821060286,1841372638]}]},{"allowed_amount":30.45,"billing_code_modifier":[""],"providers":[{"billed_charge":281.54,"npi":[1821060286,1841372638]},{"billed_charge":281.59,"npi":[1821060286,1841372638]},{"billed_charge":307.94,"npi":[1821060286,1841372638]},{"billed_charge":307.96,"npi":[1821060286,1841372638]},{"billed_charge":468.60,"npi":[1821060286,1841372638]},{"billed_charge":468.66,"npi":[1821060286,1841372638]}]}]},{"tin":{"type":"ein","value":"562554975"},"service_code":["12"],"billing_class":"professional","payments":[{"allowed_amount":30.45,"billing_code_modifier":[""],"providers":[{"billed_charge":281.54,"npi":[1821060286,1841372638]},{"billed_charge":281.59,"npi":[1821060286,1841372638]},{"billed_charge":307.94,"npi":[1821060286,1841372638]},{"billed_charge":307.96,"npi":[1821060286,1841372638]},{"billed_charge":468.60,"npi":[1821060286,1841372638]},{"billed_charge":468.66,"npi":[1821060286,1841372638]}]},{"allowed_amount":30.45,"billing_code_modifier":[""],"providers":[{"billed_charge":281.54,"npi":[1821060286,1841372638]},{"billed_charge":281.59,"npi":[1821060286,1841372638]},{"billed_charge":307.94,"npi":[1821060286,1841372638]},{"billed_charge":307.96,"npi":[1821060286,1841372638]},{"billed_charge":468.60,"npi":[1821060286,1841372638]},{"billed_charge":468.66,"npi":[1821060286,1841372638]}]},{"allowed_amount":30.45,"billing_code_modifier":[""],"providers":[{"billed_charge":281.54,"npi":[1821060286,1841372638]},{"billed_charge":281.59,"npi":[1821060286,1841372638]},{"billed_charge":307.94,"npi":[1821060286,1841372638]},{"billed_charge":307.96,"npi":[1821060286,1841372638]},{"billed_charge":468.60,"npi":[1821060286,1841372638]},{"billed_charge":468.66,"npi":[1821060286,1841372638]}]},{"allowed_amount":30.45,"billing_code_modifier":[""],"providers":[{"billed_charge":281.54,"npi":[1821060286,1841372638]},{"billed_charge":281.59,"npi":[1821060286,1841372638]},{"billed_charge":307.94,"npi":[1821060286,1841372638]},{"billed_charge":307.96,"npi":[1821060286,1841372638]},{"billed_charge":468.60,"npi":[1821060286,1841372638]},{"billed_charge":468.66,"npi":[1821060286,1841372638]}]},{"allowed_amount":30.45,"billing_code_modifier":[""],"providers":[{"billed_charge":281.54,"npi":[1821060286,1841372638]},{"billed_charge":281.59,"npi":[1821060286,1841372638]},{"billed_charge":307.94,"npi":[1821060286,1841372638]},{"billed_charge":307.96,"npi":[1821060286,1841372638]},{"billed_charge":468.60,"npi":[1821060286,1841372638]},{"billed_charge":468.66,"npi":[1821060286,1841372638]}]},{"allowed_amount":30.45,"billing_code_modifier":[""],"providers":[{"billed_charge":281.54,"npi":[1821060286,1841372638]},{"billed_charge":281.59,"npi":[1821060286,1841372638]},{"billed_charge":307.94,"npi":[1821060286,1841372638]},{"billed_charge":307.96,"npi":[1821060286,1841372638]},{"billed_charge":468.60,"npi":[1821060286,1841372638]},{"billed_charge":468.66,"npi":[1821060286,1841372638]}]}]},{"tin":{"type":"ein","value":"562554975"},"service_code":["12"],"billing_class":"professional","payments":[{"allowed_amount":30.45,"billing_code_modifier":[""],"providers":[{"billed_charge":281.54,"npi":[1821060286,1841372638]},{"billed_charge":281.59,"npi":[1821060286,1841372638]},{"billed_charge":307.94,"npi":[1821060286,1841372638]},{"billed_charge":307.96,"npi":[1821060286,1841372638]},{"billed_charge":468.60,"npi":[1821060286,1841372638]},{"billed_charge":468.66,"npi":[1821060286,1841372638]}]},{"allowed_amount":30.45,"billing_code_modifier":[""],"providers":[{"billed_charge":281.54,"npi":[1821060286,1841372638]},{"billed_charge":281.59,"npi":[1821060286,1841372638]},{"billed_charge":307.94,"npi":[1821060286,1841372638]},{"billed_charge":307.96,"npi":[1821060286,1841372638]},{"billed_charge":468.60,"npi":[1821060286,1841372638]},{"billed_charge":468.66,"npi":[1821060286,1841372638]}]},{"allowed_amount":30.45,"billing_code_modifier":[""],"providers":[{"billed_charge":281.54,"npi":[1821060286,1841372638]},{"billed_charge":281.59,"npi":[1821060286,1841372638]},{"billed_charge":307.94,"npi":[1821060286,1841372638]},{"billed_charge":307.96,"npi":[1821060286,1841372638]},{"billed_charge":468.60,"npi":[1821060286,1841372638]},{"billed_charge":468.66,"npi":[1821060286,1841372638]}]},{"allowed_amount":30.45,"billing_code_modifier":[""],"providers":[{"billed_charge":281.54,"npi":[1821060286,1841372638]},{"billed_charge":281.59,"npi":[1821060286,1841372638]},{"billed_charge":307.94,"npi":[1821060286,1841372638]},{"billed_charge":307.96,"npi":[1821060286,1841372638]},{"billed_charge":468.60,"npi":[1821060286,1841372638]},{"billed_charge":468.66,"npi":[1821060286,1841372638]}]},{"allowed_amount":30.45,"billing_code_modifier":[""],"providers":[{"billed_charge":281.54,"npi":[1821060286,1841372638]},{"billed_charge":281.59,"npi":[1821060286,1841372638]},{"billed_charge":307.94,"npi":[1821060286,1841372638]},{"billed_charge":307.96,"npi":[1821060286,1841372638]},{"billed_charge":468.60,"npi":[1821060286,1841372638]},{"billed_charge":468.66,"npi":[1821060286,1841372638]}]},{"allowed_amount":30.45,"billing_code_modifier":[""],"providers":[{"billed_charge":281.54,"npi":[1821060286,1841372638]},{"billed_charge":281.59,"npi":[1821060286,1841372638]},{"billed_charge":307.94,"npi":[1821060286,1841372638]},{"billed_charge":307.96,"npi":[1821060286,1841372638]},{"billed_charge":468.60,"npi":[1821060286,1841372638]},{"billed_charge":468.66,"npi":[1821060286,1841372638]}]}]},{"tin":{"type":"ein","value":"562554975"},"service_code":["12"],"billing_class":"professional","payments":[{"allowed_amount":30.45,"billing_code_modifier":[""],"providers":[{"billed_charge":281.54,"npi":[1821060286,1841372638]},{"billed_charge":281.59,"npi":[1821060286,1841372638]},{"billed_charge":307.94,"npi":[1821060286,1841372638]},{"billed_charge":307.96,"npi":[1821060286,1841372638]},{"billed_charge":468.60,"npi":[1821060286,1841372638]},{"billed_charge":468.66,"npi":[1821060286,1841372638]}]},{"allowed_amount":30.45,"billing_code_modifier":[""],"providers":[{"billed_charge":281.54,"npi":[1821060286,1841372638]},{"billed_charge":281.59,"npi":[1821060286,1841372638]},{"billed_charge":307.94,"npi":[1821060286,1841372638]},{"billed_charge":307.96,"npi":[1821060286,1841372638]},{"billed_charge":468.60,"npi":[1821060286,1841372638]},{"billed_charge":468.66,"npi":[1821060286,1841372638]}]},{"allowed_amount":30.45,"billing_code_modifier":[""],"providers":[{"billed_charge":281.54,"npi":[1821060286,1841372638]},{"billed_charge":281.59,"npi":[1821060286,1841372638]},{"billed_charge":307.94,"npi":[1821060286,1841372638]},{"billed_charge":307.96,"npi":[1821060286,1841372638]},{"billed_charge":468.60,"npi":[1821060286,1841372638]},{"billed_charge":468.66,"npi":[1821060286,1841372638]}]},{"allowed_amount":30.45,"billing_code_modifier":[""],"providers":[{"billed_charge":281.54,"npi":[1821060286,1841372638]},{"billed_charge":281.59,"npi":[1821060286,1841372638]},{"billed_charge":307.94,"npi":[1821060286,1841372638]},{"billed_charge":307.96,"npi":[1821060286,1841372638]},{"billed_charge":468.60,"npi":[1821060286,1841372638]},{"billed_charge":468.66,"npi":[1821060286,1841372638]}]},{"allowed_amount":30.45,"billing_code_modifier":[""],"providers":[{"billed_charge":281.54,"npi":[1821060286,1841372638]},{"billed_charge":281.59,"npi":[1821060286,1841372638]},{"billed_charge":307.94,"npi":[1821060286,1841372638]},{"billed_charge":307.96,"npi":[1821060286,1841372638]},{"billed_charge":468.60,"npi":[1821060286,1841372638]},{"billed_charge":468.66,"npi":[1821060286,1841372638]}]},{"allowed_amount":30.45,"billing_code_modifier":[""],"providers":[{"billed_charge":281.54,"npi":[1821060286,1841372638]},{"billed_charge":281.59,"npi":[1821060286,1841372638]},{"billed_charge":307.94,"npi":[1821060286,1841372638]},{"billed_charge":307.96,"npi":[1821060286,1841372638]},{"billed_charge":468.60,"npi":[1821060286,1841372638]},{"billed_charge":468.66,"npi":[1821060286,1841372638]}]}]},{"tin":{"type":"ein","value":"562554975"},"service_code":["12"],"billing_class":"professional","payments":[{"allowed_amount":30.45,"billing_code_modifier":[""],"providers":[{"billed_charge":281.54,"npi":[1821060286,1841372638]},{"billed_charge":281.59,"npi":[1821060286,1841372638]},{"billed_charge":307.94,"npi":[1821060286,1841372638]},{"billed_charge":307.96,"npi":[1821060286,1841372638]},{"billed_charge":468.60,"npi":[1821060286,1841372638]},{"billed_charge":468.66,"npi":[1821060286,1841372638]}]},{"allowed_amount":30.45,"billing_code_modifier":[""],"providers":[{"billed_charge":281.54,"npi":[1821060286,1841372638]},{"billed_charge":281.59,"npi":[1821060286,1841372638]},{"billed_charge":307.94,"npi":[1821060286,1841372638]},{"billed_charge":307.96,"npi":[1821060286,1841372638]},{"billed_charge":468.60,"npi":[1821060286,1841372638]},{"billed_charge":468.66,"npi":[1821060286,1841372638]}]},{"allowed_amount":30.45,"billing_code_modifier":[""],"providers":[{"billed_charge":281.54,"npi":[1821060286,1841372638]},{"billed_charge":281.59,"npi":[1821060286,1841372638]},{"billed_charge":307.94,"npi":[1821060286,1841372638]},{"billed_charge":307.96,"npi":[1821060286,1841372638]},{"billed_charge":468.60,"npi":[1821060286,1841372638]},{"billed_charge":468.66,"npi":[1821060286,1841372638]}]},{"allowed_amount":30.45,"billing_code_modifier":[""],"providers":[{"billed_charge":281.54,"npi":[1821060286,1841372638]},{"billed_charge":281.59,"npi":[1821060286,1841372638]},{"billed_charge":307.94,"npi":[1821060286,1841372638]},{"billed_charge":307.96,"npi":[1821060286,1841372638]},{"billed_charge":468.60,"npi":[1821060286,1841372638]},{"billed_charge":468.66,"npi":[1821060286,1841372638]}]},{"allowed_amount":30.45,"billing_code_modifier":[""],"providers":[{"billed_charge":281.54,"npi":[1821060286,1841372638]},{"billed_charge":281.59,"npi":[1821060286,1841372638]},{"billed_charge":307.94,"npi":[1821060286,1841372638]},{"billed_charge":307.96,"npi":[1821060286,1841372638]},{"billed_charge":468.60,"npi":[1821060286,1841372638]},{"billed_charge":468.66,"npi":[1821060286,1841372638]}]},{"allowed_amount":30.45,"billing_code_modifier":[""],"providers":[{"billed_charge":281.54,"npi":[1821060286,1841372638]},{"billed_charge":281.59,"npi":[1821060286,1841372638]},{"billed_charge":307.94,"npi":[1821060286,1841372638]},{"billed_charge":307.96,"npi":[1821060286,1841372638]},{"billed_charge":468.60,"npi":[1821060286,1841372638]},{"billed_charge":468.66,"npi":[1821060286,1841372638]}]}]},{"tin":{"type":"ein","value":"562554975"},"service_code":["12"],"billing_class":"professional","payments":[{"allowed_amount":30.45,"billing_code_modifier":[""],"providers":[{"billed_charge":281.54,"npi":[1821060286,1841372638]},{"billed_charge":281.59,"npi":[1821060286,1841372638]},{"billed_charge":307.94,"npi":[1821060286,1841372638]},{"billed_charge":307.96,"npi":[1821060286,1841372638]},{"billed_charge":468.60,"npi":[1821060286,1841372638]},{"billed_charge":468.66,"npi":[1821060286,1841372638]}]},{"allowed_amount":30.45,"billing_code_modifier":[""],"providers":[{"billed_charge":281.54,"npi":[1821060286,1841372638]},{"billed_charge":281.59,"npi":[1821060286,1841372638]},{"billed_charge":307.94,"npi":[1821060286,1841372638]},{"billed_charge":307.96,"npi":[1821060286,1841372638]},{"billed_charge":468.60,"npi":[1821060286,1841372638]},{"billed_charge":468.66,"npi":[1821060286,1841372638]}]},{"allowed_amount":30.45,"billing_code_modifier":[""],"providers":[{"billed_charge":281.54,"npi":[1821060286,1841372638]},{"billed_charge":281.59,"npi":[1821060286,1841372638]},{"billed_charge":307.94,"npi":[1821060286,1841372638]},{"billed_charge":307.96,"npi":[1821060286,1841372638]},{"billed_charge":468.60,"npi":[1821060286,1841372638]},{"billed_charge":468.66,"npi":[1821060286,1841372638]}]},{"allowed_amount":30.45,"billing_code_modifier":[""],"providers":[{"billed_charge":281.54,"npi":[1821060286,1841372638]},{"billed_charge":281.59,"npi":[1821060286,1841372638]},{"billed_charge":307.94,"npi":[1821060286,1841372638]},{"billed_charge":307.96,"npi":[1821060286,1841372638]},{"billed_charge":468.60,"npi":[1821060286,1841372638]},{"billed_charge":468.66,"npi":[1821060286,1841372638]}]},{"allowed_amount":30.45,"billing_code_modifier":[""],"providers":[{"billed_charge":281.54,"npi":[1821060286,1841372638]},{"billed_charge":281.59,"npi":[1821060286,1841372638]},{"billed_charge":307.94,"npi":[1821060286,1841372638]},{"billed_charge":307.96,"npi":[1821060286,1841372638]},{"billed_charge":468.60,"npi":[1821060286,1841372638]},{"billed_charge":468.66,"npi":[1821060286,1841372638]}]},{"allowed_amount":30.45,"billing_code_modifier":[""],"providers":[{"billed_charge":281.54,"npi":[1821060286,1841372638]},{"billed_charge":281.59,"npi":[1821060286,1841372638]},{"billed_charge":307.94,"npi":[1821060286,1841372638]},{"billed_charge":307.96,"npi":[1821060286,1841372638]},{"billed_charge":468.60,"npi":[1821060286,1841372638]},{"billed_charge":468.66,"npi":[1821060286,1841372638]}]}]},{"tin":{"type":"ein","value":"562554975"},"service_code":["12"],"billing_class":"professional","payments":[{"allowed_amount":36.54,"billing_code_modifier":[""],"providers":[{"billed_charge":351.93,"npi":[1821060286,1841372638]},{"billed_charge":351.96,"npi":[1821060286,1841372638]}]},{"allowed_amount":36.54,"billing_code_modifier":[""],"providers":[{"billed_charge":351.93,"npi":[1821060286,1841372638]},{"billed_charge":351.96,"npi":[1821060286,1841372638]}]}]},{"tin":{"type":"ein","value":"562554975"},"service_code":["12"],"billing_class":"professional","payments":[{"allowed_amount":36.54,"billing_code_modifier":[""],"providers":[{"billed_charge":351.93,"npi":[1821060286,1841372638]},{"billed_charge":351.96,"npi":[1821060286,1841372638]}]},{"allowed_amount":36.54,"billing_code_modifier":[""],"providers":[{"billed_charge":351.93,"npi":[1821060286,1841372638]},{"billed_charge":351.96,"npi":[1821060286,1841372638]}]}]}]}]}
