{"reporting_entity_name": "IEC Group_DBA AmeriBen",
	"reporting_entity_type": "Third Party Administrator",
	"plan_name": "BIG LOTS INC",
	"plan_id_type": "ein",
	"plan_id": "061119097",
	"plan_market_type": "group",
	"last_updated_on": "2023-05-01","Version": "1.0.0","out_of_network":[{"name":"APPL MODALITY 1\/> AREAS TRACTION MECHANICAL","billing_code_type":"CPT","billing_code_type_version":"2020","billing_code":"97012","description":"APPL MODALITY 1\/> AREAS TRACTION MECHANICAL","allowed_amounts":[{"tin":{"type":"ein","value":"208523855"},"service_code":["11"],"billing_class":"professional","payments":[{"allowed_amount":0.00,"billing_code_modifier":[""],"providers":[{"billed_charge":25.00,"npi":[1396861548,1598895674]}]}]},{"tin":{"type":"ein","value":"260410492"},"service_code":["11"],"billing_class":"professional","payments":[{"allowed_amount":0.00,"billing_code_modifier":[""],"providers":[{"billed_charge":54.00,"npi":[1427212547,1467471524]}]}]},{"tin":{"type":"ein","value":"455135085"},"service_code":["11"],"billing_class":"professional","payments":[{"allowed_amount":0.00,"billing_code_modifier":[""],"providers":[{"billed_charge":50.00,"npi":[1538109533,1699838037]}]}]},{"tin":{"type":"ein","value":"562595011"},"service_code":["11"],"billing_class":"professional","payments":[{"allowed_amount":0.00,"billing_code_modifier":[""],"providers":[{"billed_charge":50.00,"npi":[1588687438,1659319952]}]}]},{"tin":{"type":"ein","value":"830884524"},"service_code":["11"],"billing_class":"professional","payments":[{"allowed_amount":0.00,"billing_code_modifier":[""],"providers":[{"billed_charge":60.00,"npi":[1154340206,1396230041]}]}]}]},{"name":"BLOOD COUNT COMPLETE AUTO&AUTO DIFRNTL WBC","billing_code_type":"CPT","billing_code_type_version":"2020","billing_code":"85025","description":"BLOOD COUNT COMPLETE AUTO&AUTO DIFRNTL WBC","allowed_amounts":[{"tin":{"type":"ein","value":"133757370"},"service_code":["81"],"billing_class":"professional","payments":[{"allowed_amount":7.77,"billing_code_modifier":[""],"providers":[{"billed_charge":33.27,"npi":[1144217860,1538144910]}]}]},{"tin":{"type":"ein","value":"311070877"},"service_code":["81"],"billing_class":"professional","payments":[{"allowed_amount":7.77,"billing_code_modifier":[""],"providers":[{"billed_charge":25.00,"npi":[1023130341,1427494277]}]}]},{"tin":{"type":"ein","value":"314394942"},"service_code":["81"],"billing_class":"professional","payments":[{"allowed_amount":7.77,"billing_code_modifier":[""],"providers":[{"billed_charge":28.00,"npi":[1427096700,1710916945]}]}]},{"tin":{"type":"ein","value":"330289164"},"service_code":["81"],"billing_class":"professional","payments":[{"allowed_amount":7.77,"billing_code_modifier":[""],"providers":[{"billed_charge":15.54,"npi":[1306258116,1518039486]}]}]},{"tin":{"type":"ein","value":"382084239"},"service_code":["81"],"billing_class":"professional","payments":[{"allowed_amount":7.77,"billing_code_modifier":[""],"providers":[{"billed_charge":45.50,"npi":[1457344418,1932166386]}]}]},{"tin":{"type":"ein","value":"810576059"},"service_code":["81"],"billing_class":"professional","payments":[{"allowed_amount":7.77,"billing_code_modifier":[""],"providers":[{"billed_charge":15.54,"npi":[1235186800,1235287004]}]}]},{"tin":{"type":"ein","value":"840611484"},"service_code":["81"],"billing_class":"professional","payments":[{"allowed_amount":7.77,"billing_code_modifier":[""],"providers":[{"billed_charge":31.00,"npi":[1255314704,1942294418]},{"billed_charge":32.55,"npi":[1255314704,1780624353]}]},{"allowed_amount":7.77,"billing_code_modifier":[""],"providers":[{"billed_charge":31.00,"npi":[1255314704,1942294418]},{"billed_charge":32.55,"npi":[1255314704,1780624353]}]}]},{"tin":{"type":"ein","value":"840611484"},"service_code":["81"],"billing_class":"professional","payments":[{"allowed_amount":7.77,"billing_code_modifier":[""],"providers":[{"billed_charge":31.00,"npi":[1255314704,1942294418]},{"billed_charge":32.55,"npi":[1255314704,1780624353]}]},{"allowed_amount":7.77,"billing_code_modifier":[""],"providers":[{"billed_charge":31.00,"npi":[1255314704,1942294418]},{"billed_charge":32.55,"npi":[1255314704,1780624353]}]}]},{"tin":{"type":"ein","value":"954759966"},"service_code":["81"],"billing_class":"professional","payments":[{"allowed_amount":7.77,"billing_code_modifier":[""],"providers":[{"billed_charge":45.00,"npi":[1730260126,1992895643]}]}]}]},{"name":"CHIROPRACTIC MANIPLTV TX EXTRASPINAL 1\/> REGION","billing_code_type":"CPT","billing_code_type_version":"2020","billing_code":"98943","description":"CHIROPRACTIC MANIPLTV TX EXTRASPINAL 1\/> REGION","allowed_amounts":[{"tin":{"type":"ein","value":"260410492"},"service_code":["11"],"billing_class":"professional","payments":[{"allowed_amount":0.00,"billing_code_modifier":[""],"providers":[{"billed_charge":66.00,"npi":[1427212547,1467471524]}]}]},{"tin":{"type":"ein","value":"455135085"},"service_code":["11"],"billing_class":"professional","payments":[{"allowed_amount":0.00,"billing_code_modifier":[""],"providers":[{"billed_charge":40.00,"npi":[1538109533,1699838037]}]}]},{"tin":{"type":"ein","value":"562595011"},"service_code":["11"],"billing_class":"professional","payments":[{"allowed_amount":0.00,"billing_code_modifier":[""],"providers":[{"billed_charge":45.00,"npi":[1588687438,1659319952]}]}]},{"tin":{"type":"ein","value":"824913997"},"service_code":["11"],"billing_class":"professional","payments":[{"allowed_amount":0.00,"billing_code_modifier":[""],"providers":[{"billed_charge":117.00,"npi":[1093104960,1700902541,1841787645]}]}]},{"tin":{"type":"ein","value":"861864733"},"service_code":["11"],"billing_class":"professional","payments":[{"allowed_amount":0.00,"billing_code_modifier":[""],"providers":[{"billed_charge":137.85,"npi":[1205124369,1316291966,1396326898,1720530652,1861471005]}]}]}]},{"name":"CHIROPRACTIC MANIPULATIVE TX SPINAL 3-4 REGIONS","billing_code_type":"CPT","billing_code_type_version":"2020","billing_code":"98941","description":"CHIROPRACTIC MANIPULATIVE TX SPINAL 3-4 REGIONS","allowed_amounts":[{"tin":{"type":"ein","value":"208523855"},"service_code":["11"],"billing_class":"professional","payments":[{"allowed_amount":38.85,"billing_code_modifier":[""],"providers":[{"billed_charge":60.00,"npi":[1396861548,1598895674]}]}]},{"tin":{"type":"ein","value":"208866894"},"service_code":["11"],"billing_class":"professional","payments":[{"allowed_amount":38.85,"billing_code_modifier":[""],"providers":[{"billed_charge":40.00,"npi":[1962423558]}]}]},{"tin":{"type":"ein","value":"270898244"},"service_code":["11"],"billing_class":"professional","payments":[{"allowed_amount":38.85,"billing_code_modifier":[""],"providers":[{"billed_charge":55.00,"npi":[1578524062,1801121579]}]}]},{"tin":{"type":"ein","value":"455135085"},"service_code":["11"],"billing_class":"professional","payments":[{"allowed_amount":38.32,"billing_code_modifier":[""],"providers":[{"billed_charge":44.00,"npi":[1538109533,1699838037]}]}]},{"tin":{"type":"ein","value":"472670660"},"service_code":["11"],"billing_class":"professional","payments":[{"allowed_amount":38.85,"billing_code_modifier":[""],"providers":[{"billed_charge":39.00,"npi":[1508920893]},{"billed_charge":43.00,"npi":[1508920893]}]},{"allowed_amount":38.85,"billing_code_modifier":[""],"providers":[{"billed_charge":39.00,"npi":[1508920893]},{"billed_charge":43.00,"npi":[1508920893]}]}]},{"tin":{"type":"ein","value":"472670660"},"service_code":["11"],"billing_class":"professional","payments":[{"allowed_amount":38.85,"billing_code_modifier":[""],"providers":[{"billed_charge":39.00,"npi":[1508920893]},{"billed_charge":43.00,"npi":[1508920893]}]},{"allowed_amount":38.85,"billing_code_modifier":[""],"providers":[{"billed_charge":39.00,"npi":[1508920893]},{"billed_charge":43.00,"npi":[1508920893]}]}]},{"tin":{"type":"ein","value":"562595011"},"service_code":["11"],"billing_class":"professional","payments":[{"allowed_amount":38.85,"billing_code_modifier":[""],"providers":[{"billed_charge":65.00,"npi":[1588687438,1659319952]}]}]},{"tin":{"type":"ein","value":"824913997"},"service_code":["11"],"billing_class":"professional","payments":[{"allowed_amount":44.36,"billing_code_modifier":[""],"providers":[{"billed_charge":132.00,"npi":[1093104960,1700902541,1841787645]}]}]},{"tin":{"type":"ein","value":"861864733"},"service_code":["11"],"billing_class":"professional","payments":[{"allowed_amount":39.35,"billing_code_modifier":[""],"providers":[{"billed_charge":197.00,"npi":[1205124369,1316291966,1396326898,1720530652,1861471005]}]}]}]},{"name":"COLLECTION VENOUS BLOOD VENIPUNCTURE","billing_code_type":"CPT","billing_code_type_version":"2020","billing_code":"36415","description":"COLLECTION VENOUS BLOOD VENIPUNCTURE","allowed_amounts":[{"tin":{"type":"ein","value":"112981841"},"service_code":["81"],"billing_class":"professional","payments":[{"allowed_amount":3.00,"billing_code_modifier":[""],"providers":[{"billed_charge":25.00,"npi":[1033281126,1205021482,1851397368]}]}]},{"tin":{"type":"ein","value":"233079507"},"service_code":["81"],"billing_class":"professional","payments":[{"allowed_amount":3.00,"billing_code_modifier":[""],"providers":[{"billed_charge":12.00,"npi":[1043271539,1124047717]}]}]},{"tin":{"type":"ein","value":"311070877"},"service_code":["81"],"billing_class":"professional","payments":[{"allowed_amount":3.00,"billing_code_modifier":[""],"providers":[{"billed_charge":14.00,"npi":[1023130341,1427494277]}]}]},{"tin":{"type":"ein","value":"314394942"},"service_code":["81"],"billing_class":"professional","payments":[{"allowed_amount":3.00,"billing_code_modifier":[""],"providers":[{"billed_charge":15.00,"npi":[1427096700,1710916945]}]}]},{"tin":{"type":"ein","value":"382084239"},"service_code":["81"],"billing_class":"professional","payments":[{"allowed_amount":3.00,"billing_code_modifier":[""],"providers":[{"billed_charge":21.37,"npi":[1194706531,1306069380,1376629451,1457344418,1538161252,1558900902,1659558823,1770641953,1811997711,1932166386]}]}]}]},{"name":"COMPREHENSIVE METABOLIC PANEL","billing_code_type":"CPT","billing_code_type_version":"2020","billing_code":"80053","description":"COMPREHENSIVE METABOLIC PANEL","allowed_amounts":[{"tin":{"type":"ein","value":"061460613"},"service_code":["81"],"billing_class":"professional","payments":[{"allowed_amount":10.56,"billing_code_modifier":[""],"providers":[{"billed_charge":75.10,"npi":[1003120502,1174569909,1952347791]}]}]},{"tin":{"type":"ein","value":"112981841"},"service_code":["81"],"billing_class":"professional","payments":[{"allowed_amount":10.56,"billing_code_modifier":[""],"providers":[{"billed_charge":120.00,"npi":[1033281126,1851397368]}]}]},{"tin":{"type":"ein","value":"133757370"},"service_code":["81"],"billing_class":"professional","payments":[{"allowed_amount":10.56,"billing_code_modifier":[""],"providers":[{"billed_charge":48.27,"npi":[1144217860,1538144910]}]}]},{"tin":{"type":"ein","value":"223137283"},"service_code":["81"],"billing_class":"professional","payments":[{"allowed_amount":10.56,"billing_code_modifier":[""],"providers":[{"billed_charge":88.07,"npi":[1154757052,1841236684]}]}]},{"tin":{"type":"ein","value":"311070877"},"service_code":["81"],"billing_class":"professional","payments":[{"allowed_amount":10.56,"billing_code_modifier":[""],"providers":[{"billed_charge":45.00,"npi":[1023130341,1427494277]}]}]},{"tin":{"type":"ein","value":"314394942"},"service_code":["81"],"billing_class":"professional","payments":[{"allowed_amount":10.56,"billing_code_modifier":[""],"providers":[{"billed_charge":50.00,"npi":[1427096700,1710916945]}]}]},{"tin":{"type":"ein","value":"330289164"},"service_code":["81"],"billing_class":"professional","payments":[{"allowed_amount":10.56,"billing_code_modifier":[""],"providers":[{"billed_charge":21.12,"npi":[1306258116,1518039486]}]}]},{"tin":{"type":"ein","value":"382084239"},"service_code":["81"],"billing_class":"professional","payments":[{"allowed_amount":10.56,"billing_code_modifier":[""],"providers":[{"billed_charge":88.07,"npi":[1376629451,1457344418,1932166386]}]}]},{"tin":{"type":"ein","value":"840611484"},"service_code":["81"],"billing_class":"professional","payments":[{"allowed_amount":10.56,"billing_code_modifier":[""],"providers":[{"billed_charge":48.30,"npi":[1255314704,1780624353]}]}]},{"tin":{"type":"ein","value":"954759966"},"service_code":["81"],"billing_class":"professional","payments":[{"allowed_amount":10.56,"billing_code_modifier":[""],"providers":[{"billed_charge":55.00,"npi":[1730260126,1992895643]}]}]}]},{"name":"DRUG TST PRSMV INSTRMNT CHEM ANALYZERS PR DATE","billing_code_type":"CPT","billing_code_type_version":"2020","billing_code":"80307","description":"DRUG TST PRSMV INSTRMNT CHEM ANALYZERS PR DATE","allowed_amounts":[{"tin":{"type":"ein","value":"133757370"},"service_code":["81"],"billing_class":"professional","payments":[{"allowed_amount":62.14,"billing_code_modifier":[""],"providers":[{"billed_charge":127.24,"npi":[1417036104,1538144910]},{"billed_charge":204.00,"npi":[1528159241,1538144910]}]},{"allowed_amount":62.14,"billing_code_modifier":[""],"providers":[{"billed_charge":127.24,"npi":[1417036104,1538144910]},{"billed_charge":204.00,"npi":[1528159241,1538144910]}]}]},{"tin":{"type":"ein","value":"133757370"},"service_code":["81"],"billing_class":"professional","payments":[{"allowed_amount":62.14,"billing_code_modifier":[""],"providers":[{"billed_charge":127.24,"npi":[1417036104,1538144910]},{"billed_charge":204.00,"npi":[1528159241,1538144910]}]},{"allowed_amount":62.14,"billing_code_modifier":[""],"providers":[{"billed_charge":127.24,"npi":[1417036104,1538144910]},{"billed_charge":204.00,"npi":[1528159241,1538144910]}]}]},{"tin":{"type":"ein","value":"273440467"},"service_code":["81"],"billing_class":"professional","payments":[{"allowed_amount":62.14,"billing_code_modifier":[""],"providers":[{"billed_charge":107.75,"npi":[1447592308,1760410849]}]}]},{"tin":{"type":"ein","value":"474943249"},"service_code":["81"],"billing_class":"professional","payments":[{"allowed_amount":62.14,"billing_code_modifier":[""],"providers":[{"billed_charge":78.00,"npi":[1306213756,1982679932]}]}]},{"tin":{"type":"ein","value":"812868546"},"service_code":["81"],"billing_class":"professional","payments":[{"allowed_amount":62.14,"billing_code_modifier":[""],"providers":[{"billed_charge":124.28,"npi":[1033104518,1447601695]}]}]},{"tin":{"type":"ein","value":"820985210"},"service_code":["81"],"billing_class":"professional","payments":[{"allowed_amount":62.14,"billing_code_modifier":[""],"providers":[{"billed_charge":361.25,"npi":[1255881165,1528580727]}]}]},{"tin":{"type":"ein","value":"821623492"},"service_code":["81"],"billing_class":"professional","payments":[{"allowed_amount":62.14,"billing_code_modifier":[""],"providers":[{"billed_charge":385.00,"npi":[1669990701,1770519738]}]}]},{"tin":{"type":"ein","value":"853163633"},"service_code":["81"],"billing_class":"professional","payments":[{"allowed_amount":62.14,"billing_code_modifier":[""],"providers":[{"billed_charge":2996.30,"npi":[1063011898,1639187263]}]}]},{"tin":{"type":"ein","value":"880241758"},"service_code":["81"],"billing_class":"professional","payments":[{"allowed_amount":62.14,"billing_code_modifier":[""],"providers":[{"billed_charge":242.00,"npi":[1699782722,1821224767]}]}]}]},{"name":"HEMOGLOBIN GLYCOSYLATED A1C","billing_code_type":"CPT","billing_code_type_version":"2020","billing_code":"83036","description":"HEMOGLOBIN GLYCOSYLATED A1C","allowed_amounts":[{"tin":{"type":"ein","value":"233079507"},"service_code":["81"],"billing_class":"professional","payments":[{"allowed_amount":9.71,"billing_code_modifier":[""],"providers":[{"billed_charge":55.00,"npi":[1043271539,1124047717]}]}]},{"tin":{"type":"ein","value":"330289164"},"service_code":["81"],"billing_class":"professional","payments":[{"allowed_amount":9.71,"billing_code_modifier":[""],"providers":[{"billed_charge":19.42,"npi":[1306258116,1518039486]}]}]},{"tin":{"type":"ein","value":"382084239"},"service_code":["81"],"billing_class":"professional","payments":[{"allowed_amount":9.71,"billing_code_modifier":[""],"providers":[{"billed_charge":74.25,"npi":[1376629451,1457344418,1770641953,1932166386]}]}]},{"tin":{"type":"ein","value":"621802294"},"service_code":["81"],"billing_class":"professional","payments":[{"allowed_amount":9.71,"billing_code_modifier":[""],"providers":[{"billed_charge":60.00,"npi":[1306258116,1548370745]}]}]},{"tin":{"type":"ein","value":"810576059"},"service_code":["81"],"billing_class":"professional","payments":[{"allowed_amount":9.71,"billing_code_modifier":[""],"providers":[{"billed_charge":40.68,"npi":[1235186800,1235287004]}]}]},{"tin":{"type":"ein","value":"954759966"},"service_code":["81"],"billing_class":"professional","payments":[{"allowed_amount":9.71,"billing_code_modifier":[""],"providers":[{"billed_charge":36.00,"npi":[1730260126,1992895643]}]}]}]},{"name":"IA DET NA;SEV AC RES SYND SARS-COV-2 COVID-19","billing_code_type":"HCPCS","billing_code_type_version":"HCPCS LEVEL II 2021","billing_code":"U0005","description":"IA DET NA;SEV AC RES SYND SARS-COV-2 COVID-19","allowed_amounts":[{"tin":{"type":"ein","value":"273269339"},"service_code":["81"],"billing_class":"professional","payments":[{"allowed_amount":25.00,"billing_code_modifier":[""],"providers":[{"billed_charge":75.00,"npi":[1295703890,1356657787]}]}]},{"tin":{"type":"ein","value":"463371474"},"service_code":["81"],"billing_class":"professional","payments":[{"allowed_amount":25.00,"billing_code_modifier":[""],"providers":[{"billed_charge":30.00,"npi":[1700212735,1841303260]}]}]},{"tin":{"type":"ein","value":"472462178"},"service_code":["81"],"billing_class":"professional","payments":[{"allowed_amount":25.00,"billing_code_modifier":[""],"providers":[{"billed_charge":50.00,"npi":[1114183555,1144731605,1174824726,1639311509]}]}]},{"tin":{"type":"ein","value":"814427066"},"service_code":["81"],"billing_class":"professional","payments":[{"allowed_amount":25.00,"billing_code_modifier":[""],"providers":[{"billed_charge":100.00,"npi":[1487191573,1740664184]}]}]},{"tin":{"type":"ein","value":"840611484"},"service_code":["81"],"billing_class":"professional","payments":[{"allowed_amount":25.00,"billing_code_modifier":[""],"providers":[{"billed_charge":25.00,"npi":[1003300781,1255314704]}]}]},{"tin":{"type":"ein","value":"853312450"},"service_code":["81"],"billing_class":"professional","payments":[{"allowed_amount":25.00,"billing_code_modifier":[""],"providers":[{"billed_charge":150.00,"npi":[1033701701,1073629069,1902480296]}]}]},{"tin":{"type":"ein","value":"873102949"},"service_code":["81"],"billing_class":"professional","payments":[{"allowed_amount":25.00,"billing_code_modifier":[""],"providers":[{"billed_charge":75.00,"npi":[1356005920,1396311205,1528673233,1841825965]}]}]},{"tin":{"type":"ein","value":"880241758"},"service_code":["81"],"billing_class":"professional","payments":[{"allowed_amount":25.00,"billing_code_modifier":[""],"providers":[{"billed_charge":25.00,"npi":[1003840778,1124417357,1508058017,1639279417]}]}]}]},{"name":"IAAD IA SEVERE AQT RESPIR SYND CORONAVIRUS","billing_code_type":"CPT","billing_code_type_version":"2020","billing_code":"87426","description":"IAAD IA SEVERE AQT RESPIR SYND CORONAVIRUS","allowed_amounts":[{"tin":{"type":"ein","value":"852564108"},"service_code":["11"],"billing_class":"professional","payments":[{"allowed_amount":58.84,"billing_code_modifier":[""],"providers":[{"billed_charge":272.00,"npi":[1053901256,1639311509]}]}]},{"tin":{"type":"ein","value":"852564108"},"service_code":["11"],"billing_class":"professional","payments":[{"allowed_amount":189.97,"billing_code_modifier":[""],"providers":[{"billed_charge":272.00,"npi":[1053901256,1639311509]}]}]}]},{"name":"INF AGT DET DNA\/RNA;SARS-COV-2 COVID-19 AMP P T","billing_code_type":"HCPCS","billing_code_type_version":"HCPCS LEVEL II 2021","billing_code":"U0003","description":"INF AGT DET DNA\/RNA;SARS-COV-2 COVID-19 AMP P T","allowed_amounts":[{"tin":{"type":"ein","value":"273269339"},"service_code":["81"],"billing_class":"professional","payments":[{"allowed_amount":75.00,"billing_code_modifier":[""],"providers":[{"billed_charge":300.00,"npi":[1295703890,1356657787]}]}]},{"tin":{"type":"ein","value":"463371474"},"service_code":["81"],"billing_class":"professional","payments":[{"allowed_amount":75.00,"billing_code_modifier":[""],"providers":[{"billed_charge":120.00,"npi":[1700212735,1841303260]}]}]},{"tin":{"type":"ein","value":"472462178"},"service_code":["81"],"billing_class":"professional","payments":[{"allowed_amount":75.00,"billing_code_modifier":[""],"providers":[{"billed_charge":250.00,"npi":[1114183555,1144731605,1174824726,1639311509]}]}]},{"tin":{"type":"ein","value":"814427066"},"service_code":["81"],"billing_class":"professional","payments":[{"allowed_amount":75.00,"billing_code_modifier":[""],"providers":[{"billed_charge":200.00,"npi":[1487191573,1740664184]}]}]},{"tin":{"type":"ein","value":"840611484"},"service_code":["81"],"billing_class":"professional","payments":[{"allowed_amount":75.00,"billing_code_modifier":[""],"providers":[{"billed_charge":100.00,"npi":[1003300781,1255314704]}]}]},{"tin":{"type":"ein","value":"853312450"},"service_code":["81"],"billing_class":"professional","payments":[{"allowed_amount":75.00,"billing_code_modifier":[""],"providers":[{"billed_charge":250.00,"npi":[1033701701,1073629069,1902480296]}]}]},{"tin":{"type":"ein","value":"873102949"},"service_code":["81"],"billing_class":"professional","payments":[{"allowed_amount":75.00,"billing_code_modifier":[""],"providers":[{"billed_charge":249.00,"npi":[1356005920,1396311205,1528673233,1841825965]}]}]},{"tin":{"type":"ein","value":"880241758"},"service_code":["81"],"billing_class":"professional","payments":[{"allowed_amount":75.00,"billing_code_modifier":[""],"providers":[{"billed_charge":100.00,"npi":[1003840778,1124417357,1508058017,1639279417]}]}]}]},{"name":"LIPID PANEL","billing_code_type":"CPT","billing_code_type_version":"2020","billing_code":"80061","description":"LIPID PANEL","allowed_amounts":[{"tin":{"type":"ein","value":"112981841"},"service_code":["81"],"billing_class":"professional","payments":[{"allowed_amount":13.39,"billing_code_modifier":[""],"providers":[{"billed_charge":150.00,"npi":[1033281126,1851397368]}]}]},{"tin":{"type":"ein","value":"133757370"},"service_code":["81"],"billing_class":"professional","payments":[{"allowed_amount":13.39,"billing_code_modifier":[""],"providers":[{"billed_charge":100.27,"npi":[1144217860,1538144910]}]}]},{"tin":{"type":"ein","value":"233079507"},"service_code":["81"],"billing_class":"professional","payments":[{"allowed_amount":13.39,"billing_code_modifier":[""],"providers":[{"billed_charge":74.50,"npi":[1043271539,1124047717]}]}]},{"tin":{"type":"ein","value":"330289164"},"service_code":["81"],"billing_class":"professional","payments":[{"allowed_amount":13.39,"billing_code_modifier":[""],"providers":[{"billed_charge":26.78,"npi":[1306258116,1518039486]}]}]},{"tin":{"type":"ein","value":"382084239"},"service_code":["81"],"billing_class":"professional","payments":[{"allowed_amount":13.39,"billing_code_modifier":[""],"providers":[{"billed_charge":148.10,"npi":[1376629451,1770641953,1932166386]}]}]},{"tin":{"type":"ein","value":"810576059"},"service_code":["81"],"billing_class":"professional","payments":[{"allowed_amount":13.39,"billing_code_modifier":[""],"providers":[{"billed_charge":56.16,"npi":[1235186800,1235287004]}]}]},{"tin":{"type":"ein","value":"954759966"},"service_code":["81"],"billing_class":"professional","payments":[{"allowed_amount":13.39,"billing_code_modifier":[""],"providers":[{"billed_charge":35.00,"npi":[1730260126,1992895643]}]}]}]},{"name":"OFFICE\/OUTPATIENT ESTABLISHED LOW MDM 20-29 MIN","billing_code_type":"CPT","billing_code_type_version":"2020","billing_code":"99213","description":"OFFICE\/OUTPATIENT ESTABLISHED LOW MDM 20-29 MIN","allowed_amounts":[{"tin":{"type":"ein","value":"412097255"},"service_code":["11"],"billing_class":"professional","payments":[{"allowed_amount":95.59,"billing_code_modifier":[""],"providers":[{"billed_charge":174.00,"npi":[1114013315,1760410849]}]}]},{"tin":{"type":"ein","value":"630568762"},"service_code":["11"],"billing_class":"professional","payments":[{"allowed_amount":95.59,"billing_code_modifier":[""],"providers":[{"billed_charge":150.00,"npi":[1205844719,1932121894]}]}]},{"tin":{"type":"ein","value":"631248339"},"service_code":["11"],"billing_class":"professional","payments":[{"allowed_amount":95.59,"billing_code_modifier":[""],"providers":[{"billed_charge":105.00,"npi":[1740219294,1851336226,1891955639]}]}]}]},{"name":"PSYCHIATRIC\/PSYCHOLOGICAL SVCS: PARTIAL HOSP - LES","billing_code_type":"RC","billing_code_type_version":"UB04","billing_code":"0912","description":"PSYCHIATRIC\/PSYCHOLOGICAL SVCS: PARTIAL HOSP - LES","allowed_amounts":[{"tin":{"type":"ein","value":"834459154"},"service_code":["22"],"billing_class":"institutional","payments":[{"allowed_amount":317.52,"billing_code_modifier":[""],"providers":[{"billed_charge":2095.00,"npi":[1275964991,1497715353]}]}]}]},{"name":"PSYCHOTHERAPY W\/PATIENT 45 MINUTES","billing_code_type":"CPT","billing_code_type_version":"2020","billing_code":"90834","description":"PSYCHOTHERAPY W\/PATIENT 45 MINUTES","allowed_amounts":[{"tin":{"type":"ein","value":"030498905"},"service_code":["11"],"billing_class":"professional","payments":[{"allowed_amount":150.00,"billing_code_modifier":[""],"providers":[{"billed_charge":150.00,"npi":[1275710733,1619930633]}]}]}]},{"name":"RADIOLOGIC EXAM CHEST SINGLE VIEW","billing_code_type":"CPT","billing_code_type_version":"2020","billing_code":"71045","description":"RADIOLOGIC EXAM CHEST SINGLE VIEW","allowed_amounts":[{"tin":{"type":"ein","value":"956000927"},"service_code":["21"],"billing_class":"professional","payments":[{"allowed_amount":14.94,"billing_code_modifier":[""],"providers":[{"billed_charge":100.00,"npi":[1083895379,1235424284,1477874949,1487865184,1568414175]}]}]}]},{"name":"SERVICES PROVIDED BTW 10 PM&8 AM AT 24-HR FACI","billing_code_type":"CPT","billing_code_type_version":"2020","billing_code":"99053","description":"SERVICES PROVIDED BTW 10 PM&8 AM AT 24-HR FACI","allowed_amounts":[{"tin":{"type":"ein","value":"320519631"},"service_code":["23"],"billing_class":"professional","payments":[{"allowed_amount":0.00,"billing_code_modifier":[""],"providers":[{"billed_charge":50.00,"npi":[1417483140,1730447319]}]}]},{"tin":{"type":"ein","value":"455618844"},"service_code":["23"],"billing_class":"professional","payments":[{"allowed_amount":0.00,"billing_code_modifier":[""],"providers":[{"billed_charge":69.30,"npi":[1134629298,1700237112]}]}]},{"tin":{"type":"ein","value":"472319983"},"service_code":["23"],"billing_class":"professional","payments":[{"allowed_amount":0.00,"billing_code_modifier":[""],"providers":[{"billed_charge":114.74,"npi":[1114367497,1407004807,1841679289]}]}]},{"tin":{"type":"ein","value":"621130266"},"service_code":["23"],"billing_class":"professional","payments":[{"allowed_amount":0.00,"billing_code_modifier":[""],"providers":[{"billed_charge":71.00,"npi":[1760671655]}]}]},{"tin":{"type":"ein","value":"621266047"},"service_code":["23"],"billing_class":"professional","payments":[{"allowed_amount":0.00,"billing_code_modifier":[""],"providers":[{"billed_charge":68.00,"npi":[1558303644]}]}]},{"tin":{"type":"ein","value":"831334388"},"service_code":["23"],"billing_class":"professional","payments":[{"allowed_amount":0.00,"billing_code_modifier":[""],"providers":[{"billed_charge":57.00,"npi":[1568402485,1750862694,1780767517]}]}]},{"tin":{"type":"ein","value":"870629690"},"service_code":["23"],"billing_class":"professional","payments":[{"allowed_amount":0.00,"billing_code_modifier":[""],"providers":[{"billed_charge":83.00,"npi":[1144511189,1619328895]}]}]},{"tin":{"type":"ein","value":"880262438"},"service_code":["23"],"billing_class":"professional","payments":[{"allowed_amount":0.00,"billing_code_modifier":[""],"providers":[{"billed_charge":46.00,"npi":[1104087287,1104870187,1366429821,1518120971,1609253103,1861439952]}]}]}]},{"name":"THERAPEUT ACTVITY DIRECT PT CONTACT EACH 15 MIN","billing_code_type":"CPT","billing_code_type_version":"2020","billing_code":"97530","description":"THERAPEUT ACTVITY DIRECT PT CONTACT EACH 15 MIN","allowed_amounts":[{"tin":{"type":"ein","value":"824913997"},"service_code":["11"],"billing_class":"professional","payments":[{"allowed_amount":0.00,"billing_code_modifier":[""],"providers":[{"billed_charge":145.00,"npi":[1700902541,1841787645]},{"billed_charge":290.00,"npi":[1093104960,1841787645]}]},{"allowed_amount":0.00,"billing_code_modifier":[""],"providers":[{"billed_charge":145.00,"npi":[1700902541,1841787645]},{"billed_charge":290.00,"npi":[1093104960,1841787645]}]}]},{"tin":{"type":"ein","value":"824913997"},"service_code":["11"],"billing_class":"professional","payments":[{"allowed_amount":0.00,"billing_code_modifier":[""],"providers":[{"billed_charge":145.00,"npi":[1700902541,1841787645]},{"billed_charge":290.00,"npi":[1093104960,1841787645]}]},{"allowed_amount":0.00,"billing_code_modifier":[""],"providers":[{"billed_charge":145.00,"npi":[1700902541,1841787645]},{"billed_charge":290.00,"npi":[1093104960,1841787645]}]}]}]},{"name":"THERAPEUTIC PX 1\/> AREAS EACH 15 MIN EXERCISES","billing_code_type":"CPT","billing_code_type_version":"2020","billing_code":"97110","description":"THERAPEUTIC PX 1\/> AREAS EACH 15 MIN EXERCISES","allowed_amounts":[{"tin":{"type":"ein","value":"383933808"},"service_code":["11"],"billing_class":"professional","payments":[{"allowed_amount":0.00,"billing_code_modifier":[""],"providers":[{"billed_charge":65.00,"npi":[1558880849,1568597706]}]}]},{"tin":{"type":"ein","value":"562595011"},"service_code":["11"],"billing_class":"professional","payments":[{"allowed_amount":0.00,"billing_code_modifier":[""],"providers":[{"billed_charge":70.00,"npi":[1588687438,1659319952]},{"billed_charge":140.00,"npi":[1588687438,1659319952]}]},{"allowed_amount":0.00,"billing_code_modifier":[""],"providers":[{"billed_charge":70.00,"npi":[1588687438,1659319952]},{"billed_charge":140.00,"npi":[1588687438,1659319952]}]}]},{"tin":{"type":"ein","value":"562595011"},"service_code":["11"],"billing_class":"professional","payments":[{"allowed_amount":0.00,"billing_code_modifier":[""],"providers":[{"billed_charge":70.00,"npi":[1588687438,1659319952]},{"billed_charge":140.00,"npi":[1588687438,1659319952]}]},{"allowed_amount":0.00,"billing_code_modifier":[""],"providers":[{"billed_charge":70.00,"npi":[1588687438,1659319952]},{"billed_charge":140.00,"npi":[1588687438,1659319952]}]}]},{"tin":{"type":"ein","value":"830884524"},"service_code":["11"],"billing_class":"professional","payments":[{"allowed_amount":0.00,"billing_code_modifier":[""],"providers":[{"billed_charge":80.00,"npi":[1154340206,1396230041]},{"billed_charge":160.00,"npi":[1154340206,1396230041]}]},{"allowed_amount":0.00,"billing_code_modifier":[""],"providers":[{"billed_charge":80.00,"npi":[1154340206,1396230041]},{"billed_charge":160.00,"npi":[1154340206,1396230041]}]}]},{"tin":{"type":"ein","value":"830884524"},"service_code":["11"],"billing_class":"professional","payments":[{"allowed_amount":0.00,"billing_code_modifier":[""],"providers":[{"billed_charge":80.00,"npi":[1154340206,1396230041]},{"billed_charge":160.00,"npi":[1154340206,1396230041]}]},{"allowed_amount":0.00,"billing_code_modifier":[""],"providers":[{"billed_charge":80.00,"npi":[1154340206,1396230041]},{"billed_charge":160.00,"npi":[1154340206,1396230041]}]}]},{"tin":{"type":"ein","value":"861864733"},"service_code":["11"],"billing_class":"professional","payments":[{"allowed_amount":0.00,"billing_code_modifier":[""],"providers":[{"billed_charge":586.60,"npi":[1316291966,1396326898]}]}]}]}]}
