{"reporting_entity_name": "IEC Group_DBA AmeriBen",
	"reporting_entity_type": "Third Party Administrator",
	"plan_name": "ALPHA MEDIA LLC",
	"plan_id_type": "ein",
	"plan_id": "461145950",
	"plan_market_type": "group",
	"last_updated_on": "2024-11-01","Version": "1.0.0","out_of_network":[{"name":"CCPD OPD\/HOME: CCPD COMP OR OTHER RATE","billing_code_type":"RC","billing_code_type_version":"UB04","billing_code":"0851","description":"CCPD OPD\/HOME: CCPD COMP OR OTHER RATE","allowed_amounts":[{"tin":{"type":"ein","value":"273356577"},"service_code":["65"],"billing_class":"institutional","payments":[{"allowed_amount":294.71,"billing_code_modifier":[""],"providers":[{"billed_charge":1928.57,"npi":[1043291081,1154638013]}]}]},{"tin":{"type":"ein","value":"273356577"},"service_code":["65"],"billing_class":"institutional","payments":[{"allowed_amount":304.10,"billing_code_modifier":[""],"providers":[{"billed_charge":1928.57,"npi":[1043291081,1154638013]}]}]},{"tin":{"type":"ein","value":"391878280"},"service_code":["65"],"billing_class":"institutional","payments":[{"allowed_amount":332.35,"billing_code_modifier":[""],"providers":[{"billed_charge":1500.00,"npi":[1265841092,1497711386]}]}]},{"tin":{"type":"ein","value":"391878280"},"service_code":["65"],"billing_class":"institutional","payments":[{"allowed_amount":367.89,"billing_code_modifier":[""],"providers":[{"billed_charge":1500.00,"npi":[1265841092,1497711386]}]}]},{"tin":{"type":"ein","value":"391878280"},"service_code":["65"],"billing_class":"institutional","payments":[{"allowed_amount":371.50,"billing_code_modifier":[""],"providers":[{"billed_charge":1500.00,"npi":[1265841092,1497711386]}]}]}]},{"name":"LABORATORY - CLINICAL DIAGNOSTIC: NONROUTINE DIALY","billing_code_type":"RC","billing_code_type_version":"UB04","billing_code":"0304","description":"LABORATORY - CLINICAL DIAGNOSTIC: NONROUTINE DIALY","allowed_amounts":[{"tin":{"type":"ein","value":"273356577"},"service_code":["65"],"billing_class":"institutional","payments":[{"allowed_amount":5.00,"billing_code_modifier":[""],"providers":[{"billed_charge":5.00,"npi":[1043291081,1154638013]}]}]}]},{"name":"PSYCHOTHERAPY W\/PATIENT 60 MINUTES","billing_code_type":"CPT","billing_code_type_version":"2020","billing_code":"90837","description":"PSYCHOTHERAPY W\/PATIENT 60 MINUTES","allowed_amounts":[{"tin":{"type":"ein","value":"999999999"},"service_code":["11"],"billing_class":"professional","payments":[{"allowed_amount":205.50,"billing_code_modifier":[""],"providers":[{"billed_charge":250.00,"npi":[1115456786]}]}]}]}]}
