{"reporting_entity_name": "IEC Group_DBA AmeriBen",
	"reporting_entity_type": "Third Party Administrator",
	"plan_name": "S NEW HAMPSHIRE HEALTH SYSTEM",
	"plan_id_type": "ein",
	"plan_id": "020483054",
	"plan_market_type": "group",
	"last_updated_on": "2024-07-01","Version": "1.0.0","out_of_network":[{"name":"ADAPTIVE BEHAVIOR TX BY PROTOCOL TECH EA 15 MIN","billing_code_type":"CPT","billing_code_type_version":"2020","billing_code":"97153","description":"ADAPTIVE BEHAVIOR TX BY PROTOCOL TECH EA 15 MIN","allowed_amounts":[{"tin":{"type":"ein","value":"863661185"},"service_code":["03","11","12","99"],"billing_class":"professional","payments":[{"allowed_amount":2436.75,"billing_code_modifier":[""],"providers":[{"billed_charge":2565.00,"npi":[1013570787,1124722707,1972187250]}]}]},{"tin":{"type":"ein","value":"863661185"},"service_code":["03","99"],"billing_class":"professional","payments":[{"allowed_amount":2166.00,"billing_code_modifier":[""],"providers":[{"billed_charge":2280.00,"npi":[1124722707,1326687542,1972187250]}]}]},{"tin":{"type":"ein","value":"863661185"},"service_code":["11","12"],"billing_class":"professional","payments":[{"allowed_amount":3249.00,"billing_code_modifier":[""],"providers":[{"billed_charge":3420.00,"npi":[1124722707,1730808320,1972187250]}]}]}]},{"name":"CHIROPRACTIC MANIPULATIVE TX SPINAL 3-4 REGIONS","billing_code_type":"CPT","billing_code_type_version":"2020","billing_code":"98941","description":"CHIROPRACTIC MANIPULATIVE TX SPINAL 3-4 REGIONS","allowed_amounts":[{"tin":{"type":"ein","value":"043371984"},"service_code":["11"],"billing_class":"professional","payments":[{"allowed_amount":32.48,"billing_code_modifier":[""],"providers":[{"billed_charge":55.00,"npi":[1285683565,1801045125]}]}]},{"tin":{"type":"ein","value":"852526709"},"service_code":["11"],"billing_class":"professional","payments":[{"allowed_amount":32.48,"billing_code_modifier":[""],"providers":[{"billed_charge":65.00,"npi":[1659635704]}]}]},{"tin":{"type":"ein","value":"999999999"},"service_code":["11"],"billing_class":"professional","payments":[{"allowed_amount":32.48,"billing_code_modifier":[""],"providers":[{"billed_charge":50.00,"npi":[1265048524]},{"billed_charge":75.00,"npi":[1265048524]}]},{"allowed_amount":32.48,"billing_code_modifier":[""],"providers":[{"billed_charge":50.00,"npi":[1265048524]},{"billed_charge":75.00,"npi":[1265048524]}]}]},{"tin":{"type":"ein","value":"999999999"},"service_code":["11"],"billing_class":"professional","payments":[{"allowed_amount":32.48,"billing_code_modifier":[""],"providers":[{"billed_charge":50.00,"npi":[1265048524]},{"billed_charge":75.00,"npi":[1265048524]}]},{"allowed_amount":32.48,"billing_code_modifier":[""],"providers":[{"billed_charge":50.00,"npi":[1265048524]},{"billed_charge":75.00,"npi":[1265048524]}]}]}]},{"name":"FAMILY PSYCHOTHERAPY W\/PATIENT PRESENT 50 MINS","billing_code_type":"CPT","billing_code_type_version":"2020","billing_code":"90847","description":"FAMILY PSYCHOTHERAPY W\/PATIENT PRESENT 50 MINS","allowed_amounts":[{"tin":{"type":"ein","value":"001640724"},"service_code":["02"],"billing_class":"professional","payments":[{"allowed_amount":112.41,"billing_code_modifier":[""],"providers":[{"billed_charge":150.00,"npi":[1003913641]},{"billed_charge":175.00,"npi":[1003913641]}]},{"allowed_amount":112.41,"billing_code_modifier":[""],"providers":[{"billed_charge":150.00,"npi":[1003913641]},{"billed_charge":175.00,"npi":[1003913641]}]}]},{"tin":{"type":"ein","value":"001640724"},"service_code":["02"],"billing_class":"professional","payments":[{"allowed_amount":112.41,"billing_code_modifier":[""],"providers":[{"billed_charge":150.00,"npi":[1003913641]},{"billed_charge":175.00,"npi":[1003913641]}]},{"allowed_amount":112.41,"billing_code_modifier":[""],"providers":[{"billed_charge":150.00,"npi":[1003913641]},{"billed_charge":175.00,"npi":[1003913641]}]}]}]},{"name":"RESIDENTIAL TREATMENT-PSYCHIATRIC","billing_code_type":"RC","billing_code_type_version":"UB04","billing_code":"1001","description":"RESIDENTIAL TREATMENT-PSYCHIATRIC","allowed_amounts":[{"tin":{"type":"ein","value":"161634939"},"service_code":["21","99"],"billing_class":"institutional","payments":[{"allowed_amount":2407.00,"billing_code_modifier":[""],"providers":[{"billed_charge":4150.00,"npi":[1346792835,1598811937]}]}]}]}]}
