{"reporting_entity_name": "IEC Group_DBA AmeriBen",
	"reporting_entity_type": "Third Party Administrator",
	"plan_name": "CITY OF HANNIBAL/PUBLIC WORKS",
	"plan_id_type": "ein",
	"plan_id": "436001552",
	"plan_market_type": "group",
	"last_updated_on": "2024-02-01","Version": "1.0.0","out_of_network":[{"name":"OFFICE\/OUTPATIENT ESTABLISHED LOW MDM 20 MIN","billing_code_type":"CPT","billing_code_type_version":"2020","billing_code":"99213","description":"OFFICE\/OUTPATIENT ESTABLISHED LOW MDM 20 MIN","allowed_amounts":[{"tin":{"type":"ein","value":"370661183"},"service_code":["11"],"billing_class":"professional","payments":[{"allowed_amount":116.44,"billing_code_modifier":[""],"providers":[{"billed_charge":136.99,"npi":[1114471737,1225066509,1306880141,1467459834,1508845298,1730293705,1770917940,1881673457]}]}]}]},{"name":"OFFICE\/OUTPATIENT ESTABLISHED MOD MDM 30 MIN","billing_code_type":"CPT","billing_code_type_version":"2020","billing_code":"99214","description":"OFFICE\/OUTPATIENT ESTABLISHED MOD MDM 30 MIN","allowed_amounts":[{"tin":{"type":"ein","value":"370661183"},"service_code":["11"],"billing_class":"professional","payments":[{"allowed_amount":172.41,"billing_code_modifier":[""],"providers":[{"billed_charge":202.83,"npi":[1114471737,1306880141,1316232325,1417911504,1447683487,1639665367,1730226952,1952464190]}]}]}]}]}
