{"reporting_entity_name": "IEC Group_DBA AmeriBen",
	"reporting_entity_type": "Third Party Administrator",
	"plan_name": "GKN AEROSPACE INC",
	"plan_id_type": "ein",
	"plan_id": "541566763",
	"plan_market_type": "group",
	"last_updated_on": "2023-06-01","Version": "1.0.0","out_of_network":[{"name":"APPL MODALITY 1\/> AREAS ELEC STIMJ UNATTENDED","billing_code_type":"CPT","billing_code_type_version":"2020","billing_code":"97014","description":"APPL MODALITY 1\/> AREAS ELEC STIMJ UNATTENDED","allowed_amounts":[{"tin":{"type":"ein","value":"263897743"},"service_code":["11","12"],"billing_class":"professional","payments":[{"allowed_amount":25.78,"billing_code_modifier":[""],"providers":[{"billed_charge":75.00,"npi":[1134890254,1467082958,1659518157]}]}]}]},{"name":"APPLICATION MODALITY 1\/> AREAS HOT\/COLD PACKS","billing_code_type":"CPT","billing_code_type_version":"2020","billing_code":"97010","description":"APPLICATION MODALITY 1\/> AREAS HOT\/COLD PACKS","allowed_amounts":[{"tin":{"type":"ein","value":"263897743"},"service_code":["11","12"],"billing_class":"professional","payments":[{"allowed_amount":12.93,"billing_code_modifier":[""],"providers":[{"billed_charge":60.00,"npi":[1134890254,1467082958,1659518157]}]}]}]},{"name":"BLOOD COUNT COMPLETE AUTO&AUTO DIFRNTL WBC","billing_code_type":"CPT","billing_code_type_version":"2020","billing_code":"85025","description":"BLOOD COUNT COMPLETE AUTO&AUTO DIFRNTL WBC","allowed_amounts":[{"tin":{"type":"ein","value":"330488938"},"service_code":["81"],"billing_class":"professional","payments":[{"allowed_amount":9.32,"billing_code_modifier":[""],"providers":[{"billed_charge":40.00,"npi":[1346467354,1811122799]}]}]},{"tin":{"type":"ein","value":"450454268"},"service_code":["81"],"billing_class":"professional","payments":[{"allowed_amount":9.32,"billing_code_modifier":[""],"providers":[{"billed_charge":19.43,"npi":[1023786456,1588004410]}]}]},{"tin":{"type":"ein","value":"952645519"},"service_code":["21"],"billing_class":"professional","payments":[{"allowed_amount":9.32,"billing_code_modifier":[""],"providers":[{"billed_charge":27.60,"npi":[1467560920,1568431088,1649232182]}]}]}]},{"name":"CHIROPRACTIC MANIPULATIVE TX SPINAL 3-4 REGIONS","billing_code_type":"CPT","billing_code_type_version":"2020","billing_code":"98941","description":"CHIROPRACTIC MANIPULATIVE TX SPINAL 3-4 REGIONS","allowed_amounts":[{"tin":{"type":"ein","value":"202490579"},"service_code":["11"],"billing_class":"professional","payments":[{"allowed_amount":40.00,"billing_code_modifier":[""],"providers":[{"billed_charge":40.00,"npi":[1356402713,1770652802]}]}]},{"tin":{"type":"ein","value":"743122808"},"service_code":["11"],"billing_class":"professional","payments":[{"allowed_amount":46.13,"billing_code_modifier":[""],"providers":[{"billed_charge":65.00,"npi":[1124146832,1548273725,1699788810]}]}]},{"tin":{"type":"ein","value":"743122808"},"service_code":["11"],"billing_class":"professional","payments":[{"allowed_amount":47.69,"billing_code_modifier":[""],"providers":[{"billed_charge":65.00,"npi":[1124146832,1548273725,1699788810]}]}]},{"tin":{"type":"ein","value":"823404419"},"service_code":["11"],"billing_class":"professional","payments":[{"allowed_amount":46.13,"billing_code_modifier":[""],"providers":[{"billed_charge":55.00,"npi":[1023511532,1104329614]}]}]}]},{"name":"DRUG TST PRSMV INSTRMNT CHEM ANALYZERS PR DATE","billing_code_type":"CPT","billing_code_type_version":"2020","billing_code":"80307","description":"DRUG TST PRSMV INSTRMNT CHEM ANALYZERS PR DATE","allowed_amounts":[{"tin":{"type":"ein","value":"201236503"},"service_code":["81"],"billing_class":"professional","payments":[{"allowed_amount":74.57,"billing_code_modifier":[""],"providers":[{"billed_charge":193.95,"npi":[1225110497,1750634093]}]}]},{"tin":{"type":"ein","value":"450454268"},"service_code":["81"],"billing_class":"professional","payments":[{"allowed_amount":74.57,"billing_code_modifier":[""],"providers":[{"billed_charge":155.35,"npi":[1144482563,1588004410]}]}]},{"tin":{"type":"ein","value":"465330784"},"service_code":["81"],"billing_class":"professional","payments":[{"allowed_amount":74.57,"billing_code_modifier":[""],"providers":[{"billed_charge":155.00,"npi":[1649395229,1932586427]}]}]},{"tin":{"type":"ein","value":"473997400"},"service_code":["81"],"billing_class":"professional","payments":[{"allowed_amount":74.57,"billing_code_modifier":[""],"providers":[{"billed_charge":110.00,"npi":[1073985727,1609955483]}]}]},{"tin":{"type":"ein","value":"850734712"},"service_code":["81"],"billing_class":"professional","payments":[{"allowed_amount":74.57,"billing_code_modifier":[""],"providers":[{"billed_charge":186.00,"npi":[1740220557,1942825633]}]}]},{"tin":{"type":"ein","value":"880241758"},"service_code":["81"],"billing_class":"professional","payments":[{"allowed_amount":74.57,"billing_code_modifier":[""],"providers":[{"billed_charge":242.00,"npi":[1699782722,1821031774]}]}]}]},{"name":"HEMO OPD\/HOME: HEMODIALYSIS COMP OR OTHER RATE","billing_code_type":"RC","billing_code_type_version":"UB04","billing_code":"0821","description":"HEMO OPD\/HOME: HEMODIALYSIS COMP OR OTHER RATE","allowed_amounts":[{"tin":{"type":"ein","value":"824214731"},"service_code":["65"],"billing_class":"institutional","payments":[{"allowed_amount":272.09,"billing_code_modifier":[""],"providers":[{"billed_charge":7448.60,"npi":[1194072405,1407494362]}]}]}]},{"name":"IA DET NA;SEV AC RES SYND SARS-COV-2 COVID-19","billing_code_type":"HCPCS","billing_code_type_version":"HCPCS LEVEL II 2021","billing_code":"U0005","description":"IA DET NA;SEV AC RES SYND SARS-COV-2 COVID-19","allowed_amounts":[{"tin":{"type":"ein","value":"272877331"},"service_code":["81"],"billing_class":"professional","payments":[{"allowed_amount":30.00,"billing_code_modifier":[""],"providers":[{"billed_charge":100.00,"npi":[1265817407]}]}]},{"tin":{"type":"ein","value":"463371474"},"service_code":["81"],"billing_class":"professional","payments":[{"allowed_amount":30.00,"billing_code_modifier":[""],"providers":[{"billed_charge":30.00,"npi":[1700212735,1700877842]}]}]},{"tin":{"type":"ein","value":"465330784"},"service_code":["81"],"billing_class":"professional","payments":[{"allowed_amount":50.00,"billing_code_modifier":[""],"providers":[{"billed_charge":75.00,"npi":[1528132594,1932586427]}]}]},{"tin":{"type":"ein","value":"472555895"},"service_code":["81"],"billing_class":"professional","payments":[{"allowed_amount":30.00,"billing_code_modifier":[""],"providers":[{"billed_charge":75.00,"npi":[1346411477,1851915888]}]}]},{"tin":{"type":"ein","value":"822809864"},"service_code":["81"],"billing_class":"professional","payments":[{"allowed_amount":30.00,"billing_code_modifier":[""],"providers":[{"billed_charge":100.00,"npi":[1306518659,1356728091]}]}]},{"tin":{"type":"ein","value":"823146637"},"service_code":["81"],"billing_class":"professional","payments":[{"allowed_amount":50.00,"billing_code_modifier":[""],"providers":[{"billed_charge":50.00,"npi":[1457387482,1861994600]}]}]},{"tin":{"type":"ein","value":"830814475"},"service_code":["81"],"billing_class":"professional","payments":[{"allowed_amount":30.00,"billing_code_modifier":[""],"providers":[{"billed_charge":30.00,"npi":[1174009245,1770715146]}]}]},{"tin":{"type":"ein","value":"831342609"},"service_code":["81"],"billing_class":"professional","payments":[{"allowed_amount":30.00,"billing_code_modifier":[""],"providers":[{"billed_charge":100.00,"npi":[1053541581,1073101028,1356913446]}]}]},{"tin":{"type":"ein","value":"852364612"},"service_code":["81"],"billing_class":"professional","payments":[{"allowed_amount":30.00,"billing_code_modifier":[""],"providers":[{"billed_charge":75.00,"npi":[1740685387,1790386746]}]}]},{"tin":{"type":"ein","value":"862940625"},"service_code":["81"],"billing_class":"professional","payments":[{"allowed_amount":30.00,"billing_code_modifier":[""],"providers":[{"billed_charge":62.50,"npi":[1013927425,1023786233]}]}]},{"tin":{"type":"ein","value":"873102949"},"service_code":["81"],"billing_class":"professional","payments":[{"allowed_amount":30.00,"billing_code_modifier":[""],"providers":[{"billed_charge":75.00,"npi":[1356005920,1760604979]}]}]},{"tin":{"type":"ein","value":"952645519"},"service_code":["21"],"billing_class":"professional","payments":[{"allowed_amount":30.00,"billing_code_modifier":[""],"providers":[{"billed_charge":57.50,"npi":[1467560920,1568431088,1649232182]}]}]}]},{"name":"IAAD IA SEVERE AQT RESPIR SYND CORONAVIRUS","billing_code_type":"CPT","billing_code_type_version":"2020","billing_code":"87426","description":"IAAD IA SEVERE AQT RESPIR SYND CORONAVIRUS","allowed_amounts":[{"tin":{"type":"ein","value":"852564108"},"service_code":["11"],"billing_class":"professional","payments":[{"allowed_amount":272.00,"billing_code_modifier":[""],"providers":[{"billed_charge":272.00,"npi":[1053901256,1639311509]}]}]}]},{"name":"INF AGT DET DNA\/RNA;SARS-COV-2 COVID-19 AMP P T","billing_code_type":"HCPCS","billing_code_type_version":"HCPCS LEVEL II 2021","billing_code":"U0003","description":"INF AGT DET DNA\/RNA;SARS-COV-2 COVID-19 AMP P T","allowed_amounts":[{"tin":{"type":"ein","value":"272877331"},"service_code":["81"],"billing_class":"professional","payments":[{"allowed_amount":90.00,"billing_code_modifier":[""],"providers":[{"billed_charge":300.00,"npi":[1265817407]}]}]},{"tin":{"type":"ein","value":"382084239"},"service_code":["81"],"billing_class":"professional","payments":[{"allowed_amount":90.00,"billing_code_modifier":[""],"providers":[{"billed_charge":100.00,"npi":[1861810749,1932166386]}]}]},{"tin":{"type":"ein","value":"814460406"},"service_code":["81"],"billing_class":"professional","payments":[{"allowed_amount":90.00,"billing_code_modifier":[""],"providers":[{"billed_charge":200.00,"npi":[1538507819,1811514904]}]}]},{"tin":{"type":"ein","value":"814460406"},"service_code":["81"],"billing_class":"professional","payments":[{"allowed_amount":200.00,"billing_code_modifier":[""],"providers":[{"billed_charge":200.00,"npi":[1538507819,1811514904]}]}]},{"tin":{"type":"ein","value":"823146637"},"service_code":["81"],"billing_class":"professional","payments":[{"allowed_amount":200.00,"billing_code_modifier":[""],"providers":[{"billed_charge":200.00,"npi":[1457387482,1861994600]}]}]},{"tin":{"type":"ein","value":"830814475"},"service_code":["81"],"billing_class":"professional","payments":[{"allowed_amount":90.00,"billing_code_modifier":[""],"providers":[{"billed_charge":90.00,"npi":[1174009245,1770715146]}]}]},{"tin":{"type":"ein","value":"852364612"},"service_code":["81"],"billing_class":"professional","payments":[{"allowed_amount":90.00,"billing_code_modifier":[""],"providers":[{"billed_charge":225.00,"npi":[1740685387,1790386746]}]}]},{"tin":{"type":"ein","value":"862940625"},"service_code":["81"],"billing_class":"professional","payments":[{"allowed_amount":90.00,"billing_code_modifier":[""],"providers":[{"billed_charge":187.50,"npi":[1013927425,1023786233]}]}]},{"tin":{"type":"ein","value":"873102949"},"service_code":["81"],"billing_class":"professional","payments":[{"allowed_amount":90.00,"billing_code_modifier":[""],"providers":[{"billed_charge":249.00,"npi":[1356005920,1760604979]}]}]},{"tin":{"type":"ein","value":"880241758"},"service_code":["81"],"billing_class":"professional","payments":[{"allowed_amount":90.00,"billing_code_modifier":[""],"providers":[{"billed_charge":100.00,"npi":[1124417357,1356534994,1639279417]}]}]},{"tin":{"type":"ein","value":"952645519"},"service_code":["21"],"billing_class":"professional","payments":[{"allowed_amount":90.00,"billing_code_modifier":[""],"providers":[{"billed_charge":201.25,"npi":[1467560920,1568431088,1649232182]}]}]}]},{"name":"MANUAL THERAPY TQS 1\/> REGIONS EACH 15 MINUTES","billing_code_type":"CPT","billing_code_type_version":"2020","billing_code":"97140","description":"MANUAL THERAPY TQS 1\/> REGIONS EACH 15 MINUTES","allowed_amounts":[{"tin":{"type":"ein","value":"263897743"},"service_code":["11","12"],"billing_class":"professional","payments":[{"allowed_amount":77.40,"billing_code_modifier":[""],"providers":[{"billed_charge":200.00,"npi":[1134890254,1467082958,1659518157]}]}]}]},{"name":"PSYCHIATRIC\/PSYCHOLOGICAL SVCS: GROUP THERAPY","billing_code_type":"RC","billing_code_type_version":"UB04","billing_code":"0915","description":"PSYCHIATRIC\/PSYCHOLOGICAL SVCS: GROUP THERAPY","allowed_amounts":[{"tin":{"type":"ein","value":"320572774"},"service_code":["99"],"billing_class":"institutional","payments":[{"allowed_amount":108.81,"billing_code_modifier":[""],"providers":[{"billed_charge":2000.00,"npi":[1326294844,1417425604]}]}]}]},{"name":"PSYCHIATRIC\/PSYCHOLOGICAL SVCS: PARTIAL HOSP - INT","billing_code_type":"RC","billing_code_type_version":"UB04","billing_code":"0913","description":"PSYCHIATRIC\/PSYCHOLOGICAL SVCS: PARTIAL HOSP - INT","allowed_amounts":[{"tin":{"type":"ein","value":"863619543"},"service_code":["99"],"billing_class":"institutional","payments":[{"allowed_amount":802.12,"billing_code_modifier":[""],"providers":[{"billed_charge":3995.99,"npi":[1245814292,1326294844]}]}]}]},{"name":"PSYCHIATRIC\/PSYCHOLOGICAL TRT: INTENSIVE OUT SERV","billing_code_type":"RC","billing_code_type_version":"UB04","billing_code":"0906","description":"PSYCHIATRIC\/PSYCHOLOGICAL TRT: INTENSIVE OUT SERV","allowed_amounts":[{"tin":{"type":"ein","value":"320572774"},"service_code":["99"],"billing_class":"institutional","payments":[{"allowed_amount":343.92,"billing_code_modifier":[""],"providers":[{"billed_charge":3095.00,"npi":[1326294844,1417425604]}]}]},{"tin":{"type":"ein","value":"863619543"},"service_code":["99"],"billing_class":"institutional","payments":[{"allowed_amount":343.92,"billing_code_modifier":[""],"providers":[{"billed_charge":3095.00,"npi":[1245814292,1326294844]}]}]}]},{"name":"PSYCHOTHERAPY W\/PATIENT 30 MINUTES","billing_code_type":"CPT","billing_code_type_version":"2020","billing_code":"90832","description":"PSYCHOTHERAPY W\/PATIENT 30 MINUTES","allowed_amounts":[{"tin":{"type":"ein","value":"824582404"},"service_code":["02","11"],"billing_class":"professional","payments":[{"allowed_amount":80.00,"billing_code_modifier":[""],"providers":[{"billed_charge":80.00,"npi":[1487137725]}]}]}]},{"name":"PSYCHOTHERAPY W\/PATIENT 45 MINUTES","billing_code_type":"CPT","billing_code_type_version":"2020","billing_code":"90834","description":"PSYCHOTHERAPY W\/PATIENT 45 MINUTES","allowed_amounts":[{"tin":{"type":"ein","value":"454787577"},"service_code":["11"],"billing_class":"professional","payments":[{"allowed_amount":100.00,"billing_code_modifier":[""],"providers":[{"billed_charge":100.00,"npi":[1750615639]}]}]},{"tin":{"type":"ein","value":"481269251"},"service_code":["11"],"billing_class":"professional","payments":[{"allowed_amount":131.54,"billing_code_modifier":[""],"providers":[{"billed_charge":140.00,"npi":[1225212400,1245411461]}]}]},{"tin":{"type":"ein","value":"614092096"},"service_code":["11"],"billing_class":"professional","payments":[{"allowed_amount":131.54,"billing_code_modifier":[""],"providers":[{"billed_charge":160.00,"npi":[1104226679]}]}]},{"tin":{"type":"ein","value":"824582404"},"service_code":["11"],"billing_class":"professional","payments":[{"allowed_amount":131.54,"billing_code_modifier":[""],"providers":[{"billed_charge":140.00,"npi":[1487137725]},{"billed_charge":160.00,"npi":[1487137725]}]},{"allowed_amount":131.54,"billing_code_modifier":[""],"providers":[{"billed_charge":140.00,"npi":[1487137725]},{"billed_charge":160.00,"npi":[1487137725]}]}]},{"tin":{"type":"ein","value":"824582404"},"service_code":["11"],"billing_class":"professional","payments":[{"allowed_amount":131.54,"billing_code_modifier":[""],"providers":[{"billed_charge":140.00,"npi":[1487137725]},{"billed_charge":160.00,"npi":[1487137725]}]},{"allowed_amount":131.54,"billing_code_modifier":[""],"providers":[{"billed_charge":140.00,"npi":[1487137725]},{"billed_charge":160.00,"npi":[1487137725]}]}]}]},{"name":"PSYCHOTHERAPY W\/PATIENT 60 MINUTES","billing_code_type":"CPT","billing_code_type_version":"2020","billing_code":"90837","description":"PSYCHOTHERAPY W\/PATIENT 60 MINUTES","allowed_amounts":[{"tin":{"type":"ein","value":"463151163"},"service_code":["11"],"billing_class":"professional","payments":[{"allowed_amount":193.38,"billing_code_modifier":[""],"providers":[{"billed_charge":240.00,"npi":[1386093615,1720441678]}]}]},{"tin":{"type":"ein","value":"463151163"},"service_code":["11"],"billing_class":"professional","payments":[{"allowed_amount":195.12,"billing_code_modifier":[""],"providers":[{"billed_charge":240.00,"npi":[1720441678]}]}]},{"tin":{"type":"ein","value":"871336459"},"service_code":["11"],"billing_class":"professional","payments":[{"allowed_amount":193.38,"billing_code_modifier":[""],"providers":[{"billed_charge":2500.00,"npi":[1902570864,1962016832]}]}]}]},{"name":"SBSQ HOSPITAL IP\/OBS CARE HIGH MDM 50 MINUTES","billing_code_type":"CPT","billing_code_type_version":"2020","billing_code":"99233","description":"SBSQ HOSPITAL IP\/OBS CARE HIGH MDM 50 MINUTES","allowed_amounts":[{"tin":{"type":"ein","value":"271661214"},"service_code":["21"],"billing_class":"professional","payments":[{"allowed_amount":113.52,"billing_code_modifier":[""],"providers":[{"billed_charge":718.00,"npi":[1043598865,1164838017,1265927081,1578729471,1598835308,1871665380]}]}]}]},{"name":"SPEC CLCT FOR SARS-COV-2 COVID-19 ANY SPEC SRC","billing_code_type":"HCPCS","billing_code_type_version":"HCPCS LEVEL II 2021","billing_code":"G2023","description":"SPEC CLCT FOR SARS-COV-2 COVID-19 ANY SPEC SRC","allowed_amounts":[{"tin":{"type":"ein","value":"272877331"},"service_code":["81"],"billing_class":"professional","payments":[{"allowed_amount":28.15,"billing_code_modifier":[""],"providers":[{"billed_charge":100.00,"npi":[1265817407]}]}]},{"tin":{"type":"ein","value":"361924025"},"service_code":["21","81"],"billing_class":"professional","payments":[{"allowed_amount":28.15,"billing_code_modifier":[""],"providers":[{"billed_charge":28.99,"npi":[1144429937,1255536215,1306075890,1306851449,1528073558,1598046617,1639279417,1659386894,1700891736,1760877971,1841568615,1891700175,1932436839,1982688024,1992710925]}]}]},{"tin":{"type":"ein","value":"831342609"},"service_code":["81"],"billing_class":"professional","payments":[{"allowed_amount":28.15,"billing_code_modifier":[""],"providers":[{"billed_charge":50.00,"npi":[1053541581,1073101028,1356913446]}]}]},{"tin":{"type":"ein","value":"862940625"},"service_code":["81"],"billing_class":"professional","payments":[{"allowed_amount":28.15,"billing_code_modifier":[""],"providers":[{"billed_charge":58.75,"npi":[1013927425,1023786233]}]}]}]},{"name":"THER PX 1\/> AREAS EACH 15 MIN NEUROMUSC REEDUCA","billing_code_type":"CPT","billing_code_type_version":"2020","billing_code":"97112","description":"THER PX 1\/> AREAS EACH 15 MIN NEUROMUSC REEDUCA","allowed_amounts":[{"tin":{"type":"ein","value":"510198939"},"service_code":["11"],"billing_class":"professional","payments":[{"allowed_amount":62.50,"billing_code_modifier":[""],"providers":[{"billed_charge":62.50,"npi":[1225173776,1881738896]}]}]},{"tin":{"type":"ein","value":"853635375"},"service_code":["12"],"billing_class":"professional","payments":[{"allowed_amount":78.67,"billing_code_modifier":[""],"providers":[{"billed_charge":100.00,"npi":[1265751119,1477153062,1871807925]}]}]}]},{"name":"THERAPEUT ACTVITY DIRECT PT CONTACT EACH 15 MIN","billing_code_type":"CPT","billing_code_type_version":"2020","billing_code":"97530","description":"THERAPEUT ACTVITY DIRECT PT CONTACT EACH 15 MIN","allowed_amounts":[{"tin":{"type":"ein","value":"300183831"},"service_code":["11"],"billing_class":"professional","payments":[{"allowed_amount":170.59,"billing_code_modifier":[""],"providers":[{"billed_charge":210.00,"npi":[1174798128,1437164167]}]}]}]},{"name":"THERAPEUTIC PX 1\/> AREAS EACH 15 MIN EXERCISES","billing_code_type":"CPT","billing_code_type_version":"2020","billing_code":"97110","description":"THERAPEUTIC PX 1\/> AREAS EACH 15 MIN EXERCISES","allowed_amounts":[{"tin":{"type":"ein","value":"263897743"},"service_code":["11","12"],"billing_class":"professional","payments":[{"allowed_amount":84.22,"billing_code_modifier":[""],"providers":[{"billed_charge":200.00,"npi":[1134890254,1467082958,1659518157]}]}]},{"tin":{"type":"ein","value":"510198939"},"service_code":["11"],"billing_class":"professional","payments":[{"allowed_amount":62.50,"billing_code_modifier":[""],"providers":[{"billed_charge":62.50,"npi":[1225173776,1881738896]}]}]},{"tin":{"type":"ein","value":"611556514"},"service_code":["11"],"billing_class":"professional","payments":[{"allowed_amount":68.57,"billing_code_modifier":[""],"providers":[{"billed_charge":130.00,"npi":[1104826098,1164532198,1245484849]}]}]},{"tin":{"type":"ein","value":"853635375"},"service_code":["12"],"billing_class":"professional","payments":[{"allowed_amount":68.57,"billing_code_modifier":[""],"providers":[{"billed_charge":100.00,"npi":[1265751119,1477153062,1871807925]}]}]}]}]}
