{"reporting_entity_name": "IEC Group_DBA AmeriBen",
	"reporting_entity_type": "Third Party Administrator",
	"plan_name": "AHLSTROM-MUNKSJO",
	"plan_id_type": "ein",
	"plan_id": "133509370",
	"plan_market_type": "group",
	"last_updated_on": "2022-06-28","Version": "1.0.0","out_of_network":[{"name":"CHIROPRACTIC MANIPULATIVE TX SPINAL 3-4 REGIONS","billing_code_type":"CPT","billing_code_type_version":"2020","billing_code":"98941","description":"CHIROPRACTIC MANIPULATIVE TX SPINAL 3-4 REGIONS","allowed_amounts":[{"tin":{"type":"ein","value":"391784227"},"service_code":["11"],"billing_class":"professional","payments":[{"allowed_amount":72.00,"billing_code_modifier":[""],"providers":[{"billed_charge":72.00,"npi":[1154502524,1336204627,1558428268]}]}]}]}]}
