{"reporting_entity_name": "IEC Group_DBA AmeriBen",
	"reporting_entity_type": "Third Party Administrator",
	"plan_name": "CITY OF SIERRA VISTA",
	"plan_id_type": "ein",
	"plan_id": "866005496",
	"plan_market_type": "group",
	"last_updated_on": "2024-03-01","Version": "1.0.0","out_of_network":[{"name":"ECG ROUTINE ECG W\/LEAST 12 LDS I&R ONLY","billing_code_type":"CPT","billing_code_type_version":"2020","billing_code":"93010","description":"ECG ROUTINE ECG W\/LEAST 12 LDS I&R ONLY","allowed_amounts":[{"tin":{"type":"ein","value":"352574944"},"service_code":["23"],"billing_class":"professional","payments":[{"allowed_amount":32.11,"billing_code_modifier":[""],"providers":[{"billed_charge":87.00,"npi":[1124568498,1154352508,1184885758,1194221259,1194766543,1336445857,1659640977,1669733580,1700328663]}]}]}]},{"name":"EMERGENCY DEPARTMENT VISIT HIGH MDM","billing_code_type":"CPT","billing_code_type_version":"2020","billing_code":"99285","description":"EMERGENCY DEPARTMENT VISIT HIGH MDM","allowed_amounts":[{"tin":{"type":"ein","value":"352574944"},"service_code":["23"],"billing_class":"professional","payments":[{"allowed_amount":697.37,"billing_code_modifier":[""],"providers":[{"billed_charge":1761.00,"npi":[1154352508,1184669749,1184885758,1194221259,1194766543,1417419771,1578095840,1659640977,1669733580,1700328663]}]}]}]},{"name":"EMERGENCY DEPARTMENT VISIT MODERATE MDM","billing_code_type":"CPT","billing_code_type_version":"2020","billing_code":"99284","description":"EMERGENCY DEPARTMENT VISIT MODERATE MDM","allowed_amounts":[{"tin":{"type":"ein","value":"352574944"},"service_code":["23"],"billing_class":"professional","payments":[{"allowed_amount":479.21,"billing_code_modifier":[""],"providers":[{"billed_charge":1196.00,"npi":[1124568498,1154352508,1194221259,1194766543,1336445857,1700328663,1922067768]}]}]}]},{"name":"PSYCHOTHERAPY W\/PATIENT 60 MINUTES","billing_code_type":"CPT","billing_code_type_version":"2020","billing_code":"90837","description":"PSYCHOTHERAPY W\/PATIENT 60 MINUTES","allowed_amounts":[{"tin":{"type":"ein","value":"833154086"},"service_code":["02"],"billing_class":"professional","payments":[{"allowed_amount":94.12,"billing_code_modifier":[""],"providers":[{"billed_charge":145.00,"npi":[1255666707,1346766250]}]}]}]}]}
