{"reporting_entity_name": "IEC Group_DBA AmeriBen",
	"reporting_entity_type": "Third Party Administrator",
	"plan_name": "DARTMOUTH HEALTH",
	"plan_id_type": "ein",
	"plan_id": "222519596",
	"plan_market_type": "group",
	"last_updated_on": "2025-03-01","Version": "1.0.0","out_of_network":[{"name":"AMB SRVC ALS EMERG TRANSPORT LEVL 1","billing_code_type":"HCPCS","billing_code_type_version":"HCPCS LEVEL II 2021","billing_code":"A0427","description":"AMB SRVC ALS EMERG TRANSPORT LEVL 1","allowed_amounts":[{"tin":{"type":"ein","value":"020312941"},"service_code":["41"],"billing_class":"professional","payments":[{"allowed_amount":480.25,"billing_code_modifier":[""],"providers":[{"billed_charge":2419.00,"npi":[1225029267]}]}]},{"tin":{"type":"ein","value":"020368613"},"service_code":["41"],"billing_class":"professional","payments":[{"allowed_amount":480.25,"billing_code_modifier":[""],"providers":[{"billed_charge":3593.75,"npi":[1316931033]}]}]},{"tin":{"type":"ein","value":"026000112"},"service_code":["41"],"billing_class":"professional","payments":[{"allowed_amount":480.25,"billing_code_modifier":[""],"providers":[{"billed_charge":1105.00,"npi":[1942767017]}]}]},{"tin":{"type":"ein","value":"026000141"},"service_code":["41"],"billing_class":"professional","payments":[{"allowed_amount":480.25,"billing_code_modifier":[""],"providers":[{"billed_charge":2000.00,"npi":[1417614827]}]}]},{"tin":{"type":"ein","value":"026000311"},"service_code":["41"],"billing_class":"professional","payments":[{"allowed_amount":480.25,"billing_code_modifier":[""],"providers":[{"billed_charge":1226.00,"npi":[1275524159]}]}]},{"tin":{"type":"ein","value":"026000371"},"service_code":["41"],"billing_class":"professional","payments":[{"allowed_amount":480.25,"billing_code_modifier":[""],"providers":[{"billed_charge":990.00,"npi":[1497852487]}]}]},{"tin":{"type":"ein","value":"026000407"},"service_code":["41"],"billing_class":"professional","payments":[{"allowed_amount":480.25,"billing_code_modifier":[""],"providers":[{"billed_charge":1200.00,"npi":[1952383499]}]}]},{"tin":{"type":"ein","value":"026000441"},"service_code":["41"],"billing_class":"professional","payments":[{"allowed_amount":480.25,"billing_code_modifier":[""],"providers":[{"billed_charge":1781.36,"npi":[1861475949]},{"billed_charge":1879.92,"npi":[1861475949]}]},{"allowed_amount":480.25,"billing_code_modifier":[""],"providers":[{"billed_charge":1781.36,"npi":[1861475949]},{"billed_charge":1879.92,"npi":[1861475949]}]}]},{"tin":{"type":"ein","value":"026000441"},"service_code":["41"],"billing_class":"professional","payments":[{"allowed_amount":480.25,"billing_code_modifier":[""],"providers":[{"billed_charge":1781.36,"npi":[1861475949]},{"billed_charge":1879.92,"npi":[1861475949]}]},{"allowed_amount":480.25,"billing_code_modifier":[""],"providers":[{"billed_charge":1781.36,"npi":[1861475949]},{"billed_charge":1879.92,"npi":[1861475949]}]}]},{"tin":{"type":"ein","value":"026000473"},"service_code":["41"],"billing_class":"professional","payments":[{"allowed_amount":480.25,"billing_code_modifier":[""],"providers":[{"billed_charge":1146.20,"npi":[1174681712]},{"billed_charge":1230.84,"npi":[1174681712]}]},{"allowed_amount":480.25,"billing_code_modifier":[""],"providers":[{"billed_charge":1146.20,"npi":[1174681712]},{"billed_charge":1230.84,"npi":[1174681712]}]}]},{"tin":{"type":"ein","value":"026000473"},"service_code":["41"],"billing_class":"professional","payments":[{"allowed_amount":480.25,"billing_code_modifier":[""],"providers":[{"billed_charge":1146.20,"npi":[1174681712]},{"billed_charge":1230.84,"npi":[1174681712]}]},{"allowed_amount":480.25,"billing_code_modifier":[""],"providers":[{"billed_charge":1146.20,"npi":[1174681712]},{"billed_charge":1230.84,"npi":[1174681712]}]}]},{"tin":{"type":"ein","value":"026002175"},"service_code":["41"],"billing_class":"professional","payments":[{"allowed_amount":480.25,"billing_code_modifier":[""],"providers":[{"billed_charge":1365.00,"npi":[1457476509]}]}]},{"tin":{"type":"ein","value":"992089164"},"service_code":["41"],"billing_class":"professional","payments":[{"allowed_amount":480.25,"billing_code_modifier":[""],"providers":[{"billed_charge":2500.00,"npi":[1922854801]}]}]}]},{"name":"DEEP SEDATION\/GENERAL ANESTHESIA-1ST 15 MINUTES","billing_code_type":"HCPCS","billing_code_type_version":"HCPCS LEVEL II 2021","billing_code":"D9222","description":"DEEP SEDATION\/GENERAL ANESTHESIA-1ST 15 MINUTES","allowed_amounts":[{"tin":{"type":"ein","value":"020334854"},"service_code":["11"],"billing_class":"professional","payments":[{"allowed_amount":100.00,"billing_code_modifier":[""],"providers":[{"billed_charge":437.00,"npi":[1073600706,1083685374,1114235785,1134807308,1568949253,1598756629,1649359746,1811021819,1922214469,1932514130]}]}]},{"tin":{"type":"ein","value":"020471953"},"service_code":["11"],"billing_class":"professional","payments":[{"allowed_amount":100.00,"billing_code_modifier":[""],"providers":[{"billed_charge":369.00,"npi":[1164470530,1225478753,1679035984]}]}]},{"tin":{"type":"ein","value":"042572209"},"service_code":["11"],"billing_class":"professional","payments":[{"allowed_amount":100.00,"billing_code_modifier":[""],"providers":[{"billed_charge":288.00,"npi":[1346580974,1477618635]}]}]}]},{"name":"ECG ROUTINE ECG W\/LEAST 12 LDS I&R ONLY","billing_code_type":"CPT","billing_code_type_version":"2020","billing_code":"93010","description":"ECG ROUTINE ECG W\/LEAST 12 LDS I&R ONLY","allowed_amounts":[{"tin":{"type":"ein","value":"463717586"},"service_code":["23"],"billing_class":"professional","payments":[{"allowed_amount":0.00,"billing_code_modifier":[""],"providers":[{"billed_charge":246.00,"npi":[1043640204,1053351528,1093153793,1346209582,1346451200,1730214784,1780203893]}]}]},{"tin":{"type":"ein","value":"874090319"},"service_code":["23"],"billing_class":"professional","payments":[{"allowed_amount":0.00,"billing_code_modifier":[""],"providers":[{"billed_charge":83.00,"npi":[1124788716,1518960772,1871668269]}]}]}]},{"name":"EMERGENCY DEPARTMENT VISIT HIGH MDM","billing_code_type":"CPT","billing_code_type_version":"2020","billing_code":"99285","description":"EMERGENCY DEPARTMENT VISIT HIGH MDM","allowed_amounts":[{"tin":{"type":"ein","value":"463717586"},"service_code":["23"],"billing_class":"professional","payments":[{"allowed_amount":235.66,"billing_code_modifier":[""],"providers":[{"billed_charge":965.00,"npi":[1043640204,1093153793,1346209582,1346451200,1649617440,1730214784,1770663312,1780203893]}]}]},{"tin":{"type":"ein","value":"463717586"},"service_code":["23"],"billing_class":"professional","payments":[{"allowed_amount":264.75,"billing_code_modifier":[""],"providers":[{"billed_charge":965.00,"npi":[1043640204,1053351528,1093153793,1346451200,1730214784]}]}]},{"tin":{"type":"ein","value":"922099126"},"service_code":["23"],"billing_class":"professional","payments":[{"allowed_amount":264.75,"billing_code_modifier":[""],"providers":[{"billed_charge":984.00,"npi":[1174570683,1386341444,1518913607,1821410705,1871986422,1922022540,1972038677]}]}]}]},{"name":"EMERGENCY DEPARTMENT VISIT MODERATE MDM","billing_code_type":"CPT","billing_code_type_version":"2020","billing_code":"99284","description":"EMERGENCY DEPARTMENT VISIT MODERATE MDM","allowed_amounts":[{"tin":{"type":"ein","value":"463717586"},"service_code":["23"],"billing_class":"professional","payments":[{"allowed_amount":159.65,"billing_code_modifier":[""],"providers":[{"billed_charge":663.00,"npi":[1043640204,1093153793,1346451200,1558573832,1649617440,1730214784]}]}]}]},{"name":"EXTRACTION ERU TOOTH RQR REMV BONE &\/SECTN TOOTH","billing_code_type":"HCPCS","billing_code_type_version":"HCPCS LEVEL II 2021","billing_code":"D7210","description":"EXTRACTION ERU TOOTH RQR REMV BONE &\/SECTN TOOTH","allowed_amounts":[{"tin":{"type":"ein","value":"020334854"},"service_code":["11"],"billing_class":"professional","payments":[{"allowed_amount":111.04,"billing_code_modifier":[""],"providers":[{"billed_charge":638.00,"npi":[1073600706,1356488860,1811021819,1922214469]}]}]},{"tin":{"type":"ein","value":"042572209"},"service_code":["11"],"billing_class":"professional","payments":[{"allowed_amount":111.04,"billing_code_modifier":[""],"providers":[{"billed_charge":393.00,"npi":[1346580974,1477618635]}]}]}]},{"name":"PSYCHIATRIC\/PSYCHOLOGICAL SVCS: PARTIAL HOSP - LES","billing_code_type":"RC","billing_code_type_version":"UB04","billing_code":"0912","description":"PSYCHIATRIC\/PSYCHOLOGICAL SVCS: PARTIAL HOSP - LES","allowed_amounts":[{"tin":{"type":"ein","value":"592500657"},"service_code":["22"],"billing_class":"institutional","payments":[{"allowed_amount":178.13,"billing_code_modifier":[""],"providers":[{"billed_charge":862.15,"npi":[1356503015]}]}]}]},{"name":"REMOVAL OF IMPACTED TOOTH - COMPLETELY BONY","billing_code_type":"HCPCS","billing_code_type_version":"HCPCS LEVEL II 2021","billing_code":"D7240","description":"REMOVAL OF IMPACTED TOOTH - COMPLETELY BONY","allowed_amounts":[{"tin":{"type":"ein","value":"020334854"},"service_code":["11"],"billing_class":"professional","payments":[{"allowed_amount":216.27,"billing_code_modifier":[""],"providers":[{"billed_charge":866.00,"npi":[1003077819,1063772523,1073600706,1083685374,1114235785,1134807308,1164109922,1386663334,1568949253,1578175089,1598756629,1598835027,1649359746,1811021819,1811033434,1922214469,1932514130]}]}]},{"tin":{"type":"ein","value":"203948453"},"service_code":["11"],"billing_class":"professional","payments":[{"allowed_amount":216.27,"billing_code_modifier":[""],"providers":[{"billed_charge":750.00,"npi":[1992728133]}]}]}]},{"name":"REMOVAL OF IMPACTED TOOTH - PARTIALLY BONY","billing_code_type":"HCPCS","billing_code_type_version":"HCPCS LEVEL II 2021","billing_code":"D7230","description":"REMOVAL OF IMPACTED TOOTH - PARTIALLY BONY","allowed_amounts":[{"tin":{"type":"ein","value":"020334854"},"service_code":["11"],"billing_class":"professional","payments":[{"allowed_amount":184.82,"billing_code_modifier":[""],"providers":[{"billed_charge":757.00,"npi":[1063772523,1073600706,1083685374,1114235785,1134807308,1356488860,1386663334,1477679280,1568949253,1598756629,1811033434,1922214469]}]}]},{"tin":{"type":"ein","value":"020471953"},"service_code":["11"],"billing_class":"professional","payments":[{"allowed_amount":184.82,"billing_code_modifier":[""],"providers":[{"billed_charge":616.00,"npi":[1164470530,1225478753,1679035984]}]}]},{"tin":{"type":"ein","value":"042572209"},"service_code":["11"],"billing_class":"professional","payments":[{"allowed_amount":184.82,"billing_code_modifier":[""],"providers":[{"billed_charge":682.00,"npi":[1346580974,1477618635]}]}]}]},{"name":"REMOVAL OF IMPACTED TOOTH - SOFT TISSUE","billing_code_type":"HCPCS","billing_code_type_version":"HCPCS LEVEL II 2021","billing_code":"D7220","description":"REMOVAL OF IMPACTED TOOTH - SOFT TISSUE","allowed_amounts":[{"tin":{"type":"ein","value":"020334854"},"service_code":["11"],"billing_class":"professional","payments":[{"allowed_amount":138.62,"billing_code_modifier":[""],"providers":[{"billed_charge":682.00,"npi":[1073600706,1083685374,1598756629,1649359746,1811033434,1922214469]}]}]},{"tin":{"type":"ein","value":"020471953"},"service_code":["11"],"billing_class":"professional","payments":[{"allowed_amount":138.62,"billing_code_modifier":[""],"providers":[{"billed_charge":510.00,"npi":[1164470530,1225478753,1679035984]}]}]},{"tin":{"type":"ein","value":"042572209"},"service_code":["11"],"billing_class":"professional","payments":[{"allowed_amount":138.62,"billing_code_modifier":[""],"providers":[{"billed_charge":500.00,"npi":[1346580974,1790918837]}]}]}]},{"name":"THER PROPH\/DX NJX IV PUSH SINGLE\/1ST SBST\/DRUG","billing_code_type":"CPT","billing_code_type_version":"2020","billing_code":"96374","description":"THER PROPH\/DX NJX IV PUSH SINGLE\/1ST SBST\/DRUG","allowed_amounts":[{"tin":{"type":"ein","value":"020334854"},"service_code":["11"],"billing_class":"professional","payments":[{"allowed_amount":87.47,"billing_code_modifier":[""],"providers":[{"billed_charge":153.00,"npi":[1073600706,1083685374,1114235785,1134807308,1568949253,1598756629,1649359746,1811021819,1922214469,1932514130]}]}]}]},{"name":"THERAPEUTIC INJECTION IV PUSH EACH NEW DRUG","billing_code_type":"CPT","billing_code_type_version":"2020","billing_code":"96375","description":"THERAPEUTIC INJECTION IV PUSH EACH NEW DRUG","allowed_amounts":[{"tin":{"type":"ein","value":"020334854"},"service_code":["11"],"billing_class":"professional","payments":[{"allowed_amount":36.58,"billing_code_modifier":[""],"providers":[{"billed_charge":292.00,"npi":[1073600706,1083685374,1114235785,1134807308,1568949253,1598756629,1649359746,1811021819,1922214469,1932514130]}]}]}]}]}
