{"reporting_entity_name": "IEC Group_DBA AmeriBen",
	"reporting_entity_type": "Third Party Administrator",
	"plan_name": "ELKO COUNTY SCHOOL DISTRICT",
	"plan_id_type": "ein",
	"plan_id": "886000985",
	"plan_market_type": "group",
	"last_updated_on": "2025-07-01","Version": "1.0.0","out_of_network":[{"name":"CCPD OPD\/HOME: CCPD COMP OR OTHER RATE","billing_code_type":"RC","billing_code_type_version":"UB04","billing_code":"0851","description":"CCPD OPD\/HOME: CCPD COMP OR OTHER RATE","allowed_amounts":[{"tin":{"type":"ein","value":"463091346"},"service_code":["65"],"billing_class":"institutional","payments":[{"allowed_amount":36.47,"billing_code_modifier":[""],"providers":[{"billed_charge":4341.00,"npi":[1427472141,1952543118]}]}]},{"tin":{"type":"ein","value":"463091346"},"service_code":["65"],"billing_class":"institutional","payments":[{"allowed_amount":319.35,"billing_code_modifier":[""],"providers":[{"billed_charge":4341.00,"npi":[1427472141,1952543118]}]}]},{"tin":{"type":"ein","value":"463091346"},"service_code":["65"],"billing_class":"institutional","payments":[{"allowed_amount":323.06,"billing_code_modifier":[""],"providers":[{"billed_charge":4341.00,"npi":[1427472141,1952543118]}]}]},{"tin":{"type":"ein","value":"463091346"},"service_code":["65"],"billing_class":"institutional","payments":[{"allowed_amount":380.91,"billing_code_modifier":[""],"providers":[{"billed_charge":4341.00,"npi":[1427472141,1952543118]}]}]},{"tin":{"type":"ein","value":"620850498"},"service_code":["65"],"billing_class":"institutional","payments":[{"allowed_amount":399.31,"billing_code_modifier":[""],"providers":[{"billed_charge":1260.00,"npi":[1467560292,1841223237]}]}]},{"tin":{"type":"ein","value":"953372911"},"service_code":["65"],"billing_class":"institutional","payments":[{"allowed_amount":360.57,"billing_code_modifier":[""],"providers":[{"billed_charge":3543.00,"npi":[1750046686,1942260229]}]}]},{"tin":{"type":"ein","value":"953372911"},"service_code":["65"],"billing_class":"institutional","payments":[{"allowed_amount":377.90,"billing_code_modifier":[""],"providers":[{"billed_charge":3671.00,"npi":[1750046686,1942260229]}]}]}]},{"name":"DRUGS REQUIRE SPECIFIC ID: DRUGS REQUIRING DETAIL","billing_code_type":"RC","billing_code_type_version":"UB04","billing_code":"0636","description":"DRUGS REQUIRE SPECIFIC ID: DRUGS REQUIRING DETAIL","allowed_amounts":[{"tin":{"type":"ein","value":"463091346"},"service_code":["65"],"billing_class":"institutional","payments":[{"allowed_amount":9.07,"billing_code_modifier":[""],"providers":[{"billed_charge":247.52,"npi":[1427472141,1952543118]}]}]},{"tin":{"type":"ein","value":"463091346"},"service_code":["65"],"billing_class":"institutional","payments":[{"allowed_amount":9.08,"billing_code_modifier":[""],"providers":[{"billed_charge":247.52,"npi":[1427472141,1952543118]}]}]}]},{"name":"IAADIADOO INFLUENZA","billing_code_type":"CPT","billing_code_type_version":"2020","billing_code":"87804","description":"IAADIADOO INFLUENZA","allowed_amounts":[{"tin":{"type":"ein","value":"571207559"},"service_code":["11"],"billing_class":"professional","payments":[{"allowed_amount":6.62,"billing_code_modifier":[""],"providers":[{"billed_charge":47.00,"npi":[1659436038,1780961102]},{"billed_charge":75.00,"npi":[1659436038,1740531466,1770981839,1780961102]}]},{"allowed_amount":6.62,"billing_code_modifier":[""],"providers":[{"billed_charge":47.00,"npi":[1659436038,1780961102]},{"billed_charge":75.00,"npi":[1659436038,1740531466,1770981839,1780961102]}]}]},{"tin":{"type":"ein","value":"571207559"},"service_code":["11"],"billing_class":"professional","payments":[{"allowed_amount":6.62,"billing_code_modifier":[""],"providers":[{"billed_charge":47.00,"npi":[1659436038,1780961102]},{"billed_charge":75.00,"npi":[1659436038,1740531466,1770981839,1780961102]}]},{"allowed_amount":6.62,"billing_code_modifier":[""],"providers":[{"billed_charge":47.00,"npi":[1659436038,1780961102]},{"billed_charge":75.00,"npi":[1659436038,1740531466,1770981839,1780961102]}]}]},{"tin":{"type":"ein","value":"992038447"},"service_code":["11"],"billing_class":"professional","payments":[{"allowed_amount":6.62,"billing_code_modifier":[""],"providers":[{"billed_charge":45.00,"npi":[1215941760,1295582757,1326542770,1780354092]},{"billed_charge":60.00,"npi":[1215941760,1295582757,1780354092]}]},{"allowed_amount":6.62,"billing_code_modifier":[""],"providers":[{"billed_charge":45.00,"npi":[1215941760,1295582757,1326542770,1780354092]},{"billed_charge":60.00,"npi":[1215941760,1295582757,1780354092]}]}]},{"tin":{"type":"ein","value":"992038447"},"service_code":["11"],"billing_class":"professional","payments":[{"allowed_amount":6.62,"billing_code_modifier":[""],"providers":[{"billed_charge":45.00,"npi":[1215941760,1295582757,1326542770,1780354092]},{"billed_charge":60.00,"npi":[1215941760,1295582757,1780354092]}]},{"allowed_amount":6.62,"billing_code_modifier":[""],"providers":[{"billed_charge":45.00,"npi":[1215941760,1295582757,1326542770,1780354092]},{"billed_charge":60.00,"npi":[1215941760,1295582757,1780354092]}]}]}]},{"name":"IAADIADOO SEVERE AQT RESPIR SYND CORONAVIRUS","billing_code_type":"CPT","billing_code_type_version":"2020","billing_code":"87811","description":"IAADIADOO SEVERE AQT RESPIR SYND CORONAVIRUS","allowed_amounts":[{"tin":{"type":"ein","value":"571207559"},"service_code":["11"],"billing_class":"professional","payments":[{"allowed_amount":16.55,"billing_code_modifier":[""],"providers":[{"billed_charge":152.00,"npi":[1659436038,1740531466,1770981839,1780961102]},{"billed_charge":160.00,"npi":[1659436038,1780961102]}]},{"allowed_amount":16.55,"billing_code_modifier":[""],"providers":[{"billed_charge":152.00,"npi":[1659436038,1740531466,1770981839,1780961102]},{"billed_charge":160.00,"npi":[1659436038,1780961102]}]}]},{"tin":{"type":"ein","value":"571207559"},"service_code":["11"],"billing_class":"professional","payments":[{"allowed_amount":16.55,"billing_code_modifier":[""],"providers":[{"billed_charge":152.00,"npi":[1659436038,1740531466,1770981839,1780961102]},{"billed_charge":160.00,"npi":[1659436038,1780961102]}]},{"allowed_amount":16.55,"billing_code_modifier":[""],"providers":[{"billed_charge":152.00,"npi":[1659436038,1740531466,1770981839,1780961102]},{"billed_charge":160.00,"npi":[1659436038,1780961102]}]}]},{"tin":{"type":"ein","value":"992038447"},"service_code":["11"],"billing_class":"professional","payments":[{"allowed_amount":16.55,"billing_code_modifier":[""],"providers":[{"billed_charge":45.00,"npi":[1215941760,1295582757,1326542770,1780354092]}]}]}]},{"name":"MEDICAL\/SURGICAL SUPPLIES","billing_code_type":"RC","billing_code_type_version":"UB04","billing_code":"0270","description":"MEDICAL\/SURGICAL SUPPLIES","allowed_amounts":[{"tin":{"type":"ein","value":"463091346"},"service_code":["65"],"billing_class":"institutional","payments":[{"allowed_amount":2.96,"billing_code_modifier":[""],"providers":[{"billed_charge":149.10,"npi":[1427472141,1952543118]}]}]},{"tin":{"type":"ein","value":"463091346"},"service_code":["65"],"billing_class":"institutional","payments":[{"allowed_amount":3.53,"billing_code_modifier":[""],"providers":[{"billed_charge":149.10,"npi":[1427472141,1952543118]}]}]},{"tin":{"type":"ein","value":"463091346"},"service_code":["65"],"billing_class":"institutional","payments":[{"allowed_amount":3.75,"billing_code_modifier":[""],"providers":[{"billed_charge":149.10,"npi":[1427472141,1952543118]}]}]},{"tin":{"type":"ein","value":"463091346"},"service_code":["65"],"billing_class":"institutional","payments":[{"allowed_amount":3.98,"billing_code_modifier":[""],"providers":[{"billed_charge":149.10,"npi":[1427472141,1952543118]}]}]},{"tin":{"type":"ein","value":"463091346"},"service_code":["65"],"billing_class":"institutional","payments":[{"allowed_amount":4.04,"billing_code_modifier":[""],"providers":[{"billed_charge":149.10,"npi":[1427472141,1952543118]}]}]},{"tin":{"type":"ein","value":"463091346"},"service_code":["65"],"billing_class":"institutional","payments":[{"allowed_amount":4.54,"billing_code_modifier":[""],"providers":[{"billed_charge":149.10,"npi":[1427472141,1952543118]}]}]},{"tin":{"type":"ein","value":"463091346"},"service_code":["65"],"billing_class":"institutional","payments":[{"allowed_amount":5.47,"billing_code_modifier":[""],"providers":[{"billed_charge":149.10,"npi":[1427472141,1952543118]}]}]}]},{"name":"OFFICE\/OUTPATIENT NEW LOW MDM 30 MINUTES","billing_code_type":"CPT","billing_code_type_version":"2020","billing_code":"99203","description":"OFFICE\/OUTPATIENT NEW LOW MDM 30 MINUTES","allowed_amounts":[{"tin":{"type":"ein","value":"992038447"},"service_code":["11"],"billing_class":"professional","payments":[{"allowed_amount":55.05,"billing_code_modifier":[""],"providers":[{"billed_charge":150.00,"npi":[1295582757,1326542770]},{"billed_charge":200.00,"npi":[1215941760,1295582757,1326542770,1780354092]},{"billed_charge":240.00,"npi":[1215941760,1295582757,1326542770,1780354092]}]},{"allowed_amount":55.05,"billing_code_modifier":[""],"providers":[{"billed_charge":150.00,"npi":[1295582757,1326542770]},{"billed_charge":200.00,"npi":[1215941760,1295582757,1326542770,1780354092]},{"billed_charge":240.00,"npi":[1215941760,1295582757,1326542770,1780354092]}]},{"allowed_amount":55.05,"billing_code_modifier":[""],"providers":[{"billed_charge":150.00,"npi":[1295582757,1326542770]},{"billed_charge":200.00,"npi":[1215941760,1295582757,1326542770,1780354092]},{"billed_charge":240.00,"npi":[1215941760,1295582757,1326542770,1780354092]}]}]},{"tin":{"type":"ein","value":"992038447"},"service_code":["11"],"billing_class":"professional","payments":[{"allowed_amount":55.05,"billing_code_modifier":[""],"providers":[{"billed_charge":150.00,"npi":[1295582757,1326542770]},{"billed_charge":200.00,"npi":[1215941760,1295582757,1326542770,1780354092]},{"billed_charge":240.00,"npi":[1215941760,1295582757,1326542770,1780354092]}]},{"allowed_amount":55.05,"billing_code_modifier":[""],"providers":[{"billed_charge":150.00,"npi":[1295582757,1326542770]},{"billed_charge":200.00,"npi":[1215941760,1295582757,1326542770,1780354092]},{"billed_charge":240.00,"npi":[1215941760,1295582757,1326542770,1780354092]}]},{"allowed_amount":55.05,"billing_code_modifier":[""],"providers":[{"billed_charge":150.00,"npi":[1295582757,1326542770]},{"billed_charge":200.00,"npi":[1215941760,1295582757,1326542770,1780354092]},{"billed_charge":240.00,"npi":[1215941760,1295582757,1326542770,1780354092]}]}]},{"tin":{"type":"ein","value":"992038447"},"service_code":["11"],"billing_class":"professional","payments":[{"allowed_amount":55.05,"billing_code_modifier":[""],"providers":[{"billed_charge":150.00,"npi":[1295582757,1326542770]},{"billed_charge":200.00,"npi":[1215941760,1295582757,1326542770,1780354092]},{"billed_charge":240.00,"npi":[1215941760,1295582757,1326542770,1780354092]}]},{"allowed_amount":55.05,"billing_code_modifier":[""],"providers":[{"billed_charge":150.00,"npi":[1295582757,1326542770]},{"billed_charge":200.00,"npi":[1215941760,1295582757,1326542770,1780354092]},{"billed_charge":240.00,"npi":[1215941760,1295582757,1326542770,1780354092]}]},{"allowed_amount":55.05,"billing_code_modifier":[""],"providers":[{"billed_charge":150.00,"npi":[1295582757,1326542770]},{"billed_charge":200.00,"npi":[1215941760,1295582757,1326542770,1780354092]},{"billed_charge":240.00,"npi":[1215941760,1295582757,1326542770,1780354092]}]}]}]}]}
