{"reporting_entity_name": "IEC Group_DBA AmeriBen",
	"reporting_entity_type": "Third Party Administrator",
	"plan_name": "KYRENE ELEM SCHOOL DISTRICT",
	"plan_id_type": "ein",
	"plan_id": "866000494",
	"plan_market_type": "group",
	"last_updated_on": "2024-01-01","Version": "1.0.0","out_of_network":[{"name":"MEDICAL\/SURGICAL SUPPLIES","billing_code_type":"RC","billing_code_type_version":"UB04","billing_code":"0270","description":"MEDICAL\/SURGICAL SUPPLIES","allowed_amounts":[{"tin":{"type":"ein","value":"860441493"},"service_code":["65"],"billing_class":"institutional","payments":[{"allowed_amount":4.19,"billing_code_modifier":[""],"providers":[{"billed_charge":135.24,"npi":[1033221833,1467779413]}]}]},{"tin":{"type":"ein","value":"860441493"},"service_code":["65"],"billing_class":"institutional","payments":[{"allowed_amount":4.24,"billing_code_modifier":[""],"providers":[{"billed_charge":135.24,"npi":[1033221833,1467779413]}]}]},{"tin":{"type":"ein","value":"860441493"},"service_code":["65"],"billing_class":"institutional","payments":[{"allowed_amount":4.39,"billing_code_modifier":[""],"providers":[{"billed_charge":135.24,"npi":[1033221833,1467779413]}]}]},{"tin":{"type":"ein","value":"860441493"},"service_code":["65"],"billing_class":"institutional","payments":[{"allowed_amount":4.40,"billing_code_modifier":[""],"providers":[{"billed_charge":135.24,"npi":[1033221833,1467779413]}]}]},{"tin":{"type":"ein","value":"860441493"},"service_code":["65"],"billing_class":"institutional","payments":[{"allowed_amount":4.64,"billing_code_modifier":[""],"providers":[{"billed_charge":135.24,"npi":[1033221833,1467779413]}]}]},{"tin":{"type":"ein","value":"860441493"},"service_code":["65"],"billing_class":"institutional","payments":[{"allowed_amount":4.67,"billing_code_modifier":[""],"providers":[{"billed_charge":135.24,"npi":[1033221833,1467779413]}]}]},{"tin":{"type":"ein","value":"860441493"},"service_code":["65"],"billing_class":"institutional","payments":[{"allowed_amount":4.68,"billing_code_modifier":[""],"providers":[{"billed_charge":135.24,"npi":[1033221833,1467779413]}]}]},{"tin":{"type":"ein","value":"860441493"},"service_code":["65"],"billing_class":"institutional","payments":[{"allowed_amount":4.74,"billing_code_modifier":[""],"providers":[{"billed_charge":142.00,"npi":[1033221833,1467779413]}]}]},{"tin":{"type":"ein","value":"860441493"},"service_code":["65"],"billing_class":"institutional","payments":[{"allowed_amount":4.89,"billing_code_modifier":[""],"providers":[{"billed_charge":135.24,"npi":[1033221833,1467779413]}]}]},{"tin":{"type":"ein","value":"860441493"},"service_code":["65"],"billing_class":"institutional","payments":[{"allowed_amount":4.99,"billing_code_modifier":[""],"providers":[{"billed_charge":135.24,"npi":[1033221833,1467779413]}]}]},{"tin":{"type":"ein","value":"860441493"},"service_code":["65"],"billing_class":"institutional","payments":[{"allowed_amount":5.08,"billing_code_modifier":[""],"providers":[{"billed_charge":135.24,"npi":[1033221833,1467779413]}]}]},{"tin":{"type":"ein","value":"860441493"},"service_code":["65"],"billing_class":"institutional","payments":[{"allowed_amount":5.11,"billing_code_modifier":[""],"providers":[{"billed_charge":135.24,"npi":[1033221833,1467779413]}]}]},{"tin":{"type":"ein","value":"860441493"},"service_code":["65"],"billing_class":"institutional","payments":[{"allowed_amount":5.18,"billing_code_modifier":[""],"providers":[{"billed_charge":135.24,"npi":[1033221833,1467779413]}]}]},{"tin":{"type":"ein","value":"860441493"},"service_code":["65"],"billing_class":"institutional","payments":[{"allowed_amount":5.19,"billing_code_modifier":[""],"providers":[{"billed_charge":135.24,"npi":[1033221833,1467779413]},{"billed_charge":142.00,"npi":[1033221833,1467779413]}]},{"allowed_amount":5.19,"billing_code_modifier":[""],"providers":[{"billed_charge":135.24,"npi":[1033221833,1467779413]},{"billed_charge":142.00,"npi":[1033221833,1467779413]}]}]},{"tin":{"type":"ein","value":"860441493"},"service_code":["65"],"billing_class":"institutional","payments":[{"allowed_amount":5.19,"billing_code_modifier":[""],"providers":[{"billed_charge":135.24,"npi":[1033221833,1467779413]},{"billed_charge":142.00,"npi":[1033221833,1467779413]}]},{"allowed_amount":5.19,"billing_code_modifier":[""],"providers":[{"billed_charge":135.24,"npi":[1033221833,1467779413]},{"billed_charge":142.00,"npi":[1033221833,1467779413]}]}]},{"tin":{"type":"ein","value":"860441493"},"service_code":["65"],"billing_class":"institutional","payments":[{"allowed_amount":5.21,"billing_code_modifier":[""],"providers":[{"billed_charge":142.00,"npi":[1033221833,1467779413]}]}]},{"tin":{"type":"ein","value":"860441493"},"service_code":["65"],"billing_class":"institutional","payments":[{"allowed_amount":5.26,"billing_code_modifier":[""],"providers":[{"billed_charge":142.00,"npi":[1033221833,1467779413]}]}]},{"tin":{"type":"ein","value":"860441493"},"service_code":["65"],"billing_class":"institutional","payments":[{"allowed_amount":5.28,"billing_code_modifier":[""],"providers":[{"billed_charge":142.00,"npi":[1033221833,1467779413]}]}]},{"tin":{"type":"ein","value":"860441493"},"service_code":["65"],"billing_class":"institutional","payments":[{"allowed_amount":5.35,"billing_code_modifier":[""],"providers":[{"billed_charge":135.24,"npi":[1033221833,1467779413]}]}]}]},{"name":"MEDICAL\/SURGICAL SUPPLIES: NONSTERILE SUPPLIES","billing_code_type":"RC","billing_code_type_version":"UB04","billing_code":"0271","description":"MEDICAL\/SURGICAL SUPPLIES: NONSTERILE SUPPLIES","allowed_amounts":[{"tin":{"type":"ein","value":"860441493"},"service_code":["65"],"billing_class":"institutional","payments":[{"allowed_amount":8.32,"billing_code_modifier":[""],"providers":[{"billed_charge":221.31,"npi":[1033221833,1467779413]}]}]}]},{"name":"PHARMACY","billing_code_type":"RC","billing_code_type_version":"UB04","billing_code":"0250","description":"PHARMACY","allowed_amounts":[{"tin":{"type":"ein","value":"860441493"},"service_code":["65"],"billing_class":"institutional","payments":[{"allowed_amount":1.89,"billing_code_modifier":[""],"providers":[{"billed_charge":50.38,"npi":[1033221833,1467779413]}]}]}]},{"name":"RADIOLOGIC EXAM CHEST SINGLE VIEW","billing_code_type":"CPT","billing_code_type_version":"2020","billing_code":"71045","description":"RADIOLOGIC EXAM CHEST SINGLE VIEW","allowed_amounts":[{"tin":{"type":"ein","value":"952669833"},"service_code":["21"],"billing_class":"professional","payments":[{"allowed_amount":10.41,"billing_code_modifier":[""],"providers":[{"billed_charge":28.80,"npi":[1205867017,1356639595,1558335695,1629156583,1881707818,1922072099,1962439141]}]}]}]}]}
