{"reporting_entity_name": "IEC Group_DBA AmeriBen",
	"reporting_entity_type": "Third Party Administrator",
	"plan_name": "YUMA AREA BENEFIT CONSORTIUM",
	"plan_id_type": "ein",
	"plan_id": "356906297",
	"plan_market_type": "group",
	"last_updated_on": "2022-08-01","Version": "1.0.0","provider_references":[{"provider_group_id":31,"provider_groups":[{"npi":[1528525771],"tin":{"type":"ein","value":"47-4323987"}}]}],"in_network":[{"negotiation_arrangement":"ffs","name":"All coding types","billing_code_type":"CSTM-ALL","billing_code_type_version":"2022","billing_code":"CSTM-00","description":"All codes possible","negotiated_rates":[{"provider_references":[31],"negotiated_prices":[{"negotiated_type":"percentage","negotiated_rate":100.00,"expiration_date":"9999-12-31","service_code":["01","02","03","04","05","06","07","08","09","10","11","12","13","14","15","16","17","18","19","20","21","22","23","24","25","26","31","32","33","34","41","42","49","50","51","52","53","54","55","56","57","58","60","61","62","65","71","72","81","99"],"billing_class":"professional","billing_class_modifier":[""]},{"negotiated_type":"percentage","negotiated_rate":100.00,"expiration_date":"9999-12-31","service_code":[],"billing_class":"institutional","billing_class_modifier":[""]}]}]}]}
