{"reporting_entity_name": "IEC Group_DBA AmeriBen",
	"reporting_entity_type": "Third Party Administrator",
	"plan_name": "ZELIS HEALTHCARE",
	"plan_id_type": "ein",
	"plan_id": "582167964",
	"plan_market_type": "group",
	"last_updated_on": "2023-11-01","Version": "1.0.0","out_of_network":[{"name":"BASIC METABOLIC PANEL CALCIUM TOTAL","billing_code_type":"CPT","billing_code_type_version":"2020","billing_code":"80048","description":"BASIC METABOLIC PANEL CALCIUM TOTAL","allowed_amounts":[{"tin":{"type":"ein","value":"852660991"},"service_code":["21"],"billing_class":"professional","payments":[{"allowed_amount":2.00,"billing_code_modifier":[""],"providers":[{"billed_charge":2.00,"npi":[1013572270,1033147921,1215534615,1366501827,1396963237,1447202759,1659548790]}]}]}]},{"name":"COLLECTION VENOUS BLOOD VENIPUNCTURE","billing_code_type":"CPT","billing_code_type_version":"2020","billing_code":"36415","description":"COLLECTION VENOUS BLOOD VENIPUNCTURE","allowed_amounts":[{"tin":{"type":"ein","value":"112981841"},"service_code":["81"],"billing_class":"professional","payments":[{"allowed_amount":1.02,"billing_code_modifier":[""],"providers":[{"billed_charge":25.00,"npi":[1033281126,1952466583]}]}]},{"tin":{"type":"ein","value":"382084239"},"service_code":["81"],"billing_class":"professional","payments":[{"allowed_amount":1.02,"billing_code_modifier":[""],"providers":[{"billed_charge":21.37,"npi":[1073932414,1093872558,1144201781,1144809708,1194706531,1235645037,1275613713,1487889085,1497478911,1548305014,1619079878,1720190515,1740297811,1780620526,1811997711,1841793817,1922028034,1932166386]}]}]}]},{"name":"INFEC AGEN DETEC AMPLI PROBE","billing_code_type":"HCPCS","billing_code_type_version":"HCPCS LEVEL II 2021","billing_code":"U0005","description":"INFEC AGEN DETEC AMPLI PROBE","allowed_amounts":[{"tin":{"type":"ein","value":"621433252"},"service_code":["81"],"billing_class":"professional","payments":[{"allowed_amount":25.00,"billing_code_modifier":[""],"providers":[{"billed_charge":31.25,"npi":[1689639544,1861620981,1881352979]}]}]},{"tin":{"type":"ein","value":"823438908"},"service_code":["81"],"billing_class":"professional","payments":[{"allowed_amount":25.00,"billing_code_modifier":[""],"providers":[{"billed_charge":75.00,"npi":[1114431087,1811496417]}]}]},{"tin":{"type":"ein","value":"851939170"},"service_code":["11"],"billing_class":"professional","payments":[{"allowed_amount":25.00,"billing_code_modifier":[""],"providers":[{"billed_charge":25.00,"npi":[1245838374,1275141467,1407040934,1548526593]}]}]},{"tin":{"type":"ein","value":"872642408"},"service_code":["81"],"billing_class":"professional","payments":[{"allowed_amount":25.00,"billing_code_modifier":[""],"providers":[{"billed_charge":75.00,"npi":[1154089241,1326062597]}]}]}]},{"name":"MANUAL THERAPY TQS 1\/> REGIONS EACH 15 MINUTES","billing_code_type":"CPT","billing_code_type_version":"2020","billing_code":"97140","description":"MANUAL THERAPY TQS 1\/> REGIONS EACH 15 MINUTES","allowed_amounts":[{"tin":{"type":"ein","value":"223442791"},"service_code":["11"],"billing_class":"professional","payments":[{"allowed_amount":35.43,"billing_code_modifier":[""],"providers":[{"billed_charge":121.48,"npi":[1003836420,1679720288]}]}]},{"tin":{"type":"ein","value":"820665831"},"service_code":["11"],"billing_class":"professional","payments":[{"allowed_amount":35.43,"billing_code_modifier":[""],"providers":[{"billed_charge":150.00,"npi":[1548620610,1639681109,1639684723]}]}]}]},{"name":"SARS-COV-2 COVID-19 AMP PRB HTT","billing_code_type":"HCPCS","billing_code_type_version":"HCPCS LEVEL II 2021","billing_code":"U0003","description":"SARS-COV-2 COVID-19 AMP PRB HTT","allowed_amounts":[{"tin":{"type":"ein","value":"621433252"},"service_code":["81"],"billing_class":"professional","payments":[{"allowed_amount":75.00,"billing_code_modifier":[""],"providers":[{"billed_charge":125.00,"npi":[1689639544,1861620981,1881352979]}]}]},{"tin":{"type":"ein","value":"823438908"},"service_code":["81"],"billing_class":"professional","payments":[{"allowed_amount":75.00,"billing_code_modifier":[""],"providers":[{"billed_charge":300.00,"npi":[1114431087,1811496417]}]}]},{"tin":{"type":"ein","value":"851939170"},"service_code":["11"],"billing_class":"professional","payments":[{"allowed_amount":75.00,"billing_code_modifier":[""],"providers":[{"billed_charge":75.00,"npi":[1245838374,1275141467,1407040934,1548526593]}]}]},{"tin":{"type":"ein","value":"872642408"},"service_code":["81"],"billing_class":"professional","payments":[{"allowed_amount":75.00,"billing_code_modifier":[""],"providers":[{"billed_charge":325.00,"npi":[1154089241,1326062597]}]}]}]},{"name":"THERAPEUTIC PX 1\/> AREAS EACH 15 MIN EXERCISES","billing_code_type":"CPT","billing_code_type_version":"2020","billing_code":"97110","description":"THERAPEUTIC PX 1\/> AREAS EACH 15 MIN EXERCISES","allowed_amounts":[{"tin":{"type":"ein","value":"820665831"},"service_code":["11"],"billing_class":"professional","payments":[{"allowed_amount":126.10,"billing_code_modifier":[""],"providers":[{"billed_charge":450.00,"npi":[1548620610,1639681109,1639684723]}]}]}]},{"name":"TX SPEECH LANG VOICE COMMJ &\/AUDITORY PROC IND","billing_code_type":"CPT","billing_code_type_version":"2020","billing_code":"92507","description":"TX SPEECH LANG VOICE COMMJ &\/AUDITORY PROC IND","allowed_amounts":[{"tin":{"type":"ein","value":"257512534"},"service_code":["11"],"billing_class":"professional","payments":[{"allowed_amount":92.31,"billing_code_modifier":[""],"providers":[{"billed_charge":150.00,"npi":[1437379351,1689895013]}]}]}]}]}
