{"reporting_entity_name": "IEC Group_DBA AmeriBen",
	"reporting_entity_type": "Third Party Administrator",
	"plan_name": "LIPPERT",
	"plan_id_type": "ein",
	"plan_id": "133966839",
	"plan_market_type": "group",
	"last_updated_on": "2023-12-01","Version": "1.0.0","out_of_network":[{"name":"CCPD OPD\/HOME: CCPD COMP OR OTHER RATE","billing_code_type":"RC","billing_code_type_version":"UB04","billing_code":"0851","description":"CCPD OPD\/HOME: CCPD COMP OR OTHER RATE","allowed_amounts":[{"tin":{"type":"ein","value":"271126684"},"service_code":["65"],"billing_class":"institutional","payments":[{"allowed_amount":406.87,"billing_code_modifier":[""],"providers":[{"billed_charge":4134.43,"npi":[1205163276,1467683904]}]}]},{"tin":{"type":"ein","value":"271126684"},"service_code":["65"],"billing_class":"institutional","payments":[{"allowed_amount":408.23,"billing_code_modifier":[""],"providers":[{"billed_charge":4134.43,"npi":[1205163276,1467683904]}]}]}]},{"name":"CHIROPRACTIC MANIPULATIVE TX SPINAL 3-4 REGIONS","billing_code_type":"CPT","billing_code_type_version":"2020","billing_code":"98941","description":"CHIROPRACTIC MANIPULATIVE TX SPINAL 3-4 REGIONS","allowed_amounts":[{"tin":{"type":"ein","value":"270051122"},"service_code":["11"],"billing_class":"professional","payments":[{"allowed_amount":50.00,"billing_code_modifier":[""],"providers":[{"billed_charge":50.00,"npi":[1992753230]}]}]},{"tin":{"type":"ein","value":"273209075"},"service_code":["11"],"billing_class":"professional","payments":[{"allowed_amount":31.08,"billing_code_modifier":[""],"providers":[{"billed_charge":65.00,"npi":[1174636369,1346555109]}]}]},{"tin":{"type":"ein","value":"351860150"},"service_code":["11"],"billing_class":"professional","payments":[{"allowed_amount":50.00,"billing_code_modifier":[""],"providers":[{"billed_charge":50.00,"npi":[1497899454,1861763633]}]}]},{"tin":{"type":"ein","value":"463999559"},"service_code":["11"],"billing_class":"professional","payments":[{"allowed_amount":31.08,"billing_code_modifier":[""],"providers":[{"billed_charge":65.00,"npi":[1043640113,1326360736]}]}]},{"tin":{"type":"ein","value":"851059164"},"service_code":["11"],"billing_class":"professional","payments":[{"allowed_amount":31.08,"billing_code_modifier":[""],"providers":[{"billed_charge":75.00,"npi":[1225656119,1932611613]}]}]}]},{"name":"OFFICE\/OUTPATIENT ESTABLISHED LOW MDM 20-29 MIN","billing_code_type":"CPT","billing_code_type_version":"2020","billing_code":"99213","description":"OFFICE\/OUTPATIENT ESTABLISHED LOW MDM 20-29 MIN","allowed_amounts":[{"tin":{"type":"ein","value":"351749398"},"service_code":["11"],"billing_class":"professional","payments":[{"allowed_amount":86.70,"billing_code_modifier":[""],"providers":[{"billed_charge":109.00,"npi":[1033166095,1265640304,1891181517]}]}]}]},{"name":"PSYCHIATRIC\/PSYCHOLOGICAL SVCS: PARTIAL HOSP - INT","billing_code_type":"RC","billing_code_type_version":"UB04","billing_code":"0913","description":"PSYCHIATRIC\/PSYCHOLOGICAL SVCS: PARTIAL HOSP - INT","allowed_amounts":[{"tin":{"type":"ein","value":"852005094"},"service_code":["99"],"billing_class":"institutional","payments":[{"allowed_amount":1200.00,"billing_code_modifier":[""],"providers":[{"billed_charge":5900.00,"npi":[1023360542,1760072094]}]}]}]},{"name":"PSYCHIATRIC\/PSYCHOLOGICAL SVCS: PARTIAL HOSP - LES","billing_code_type":"RC","billing_code_type_version":"UB04","billing_code":"0912","description":"PSYCHIATRIC\/PSYCHOLOGICAL SVCS: PARTIAL HOSP - LES","allowed_amounts":[{"tin":{"type":"ein","value":"812782346"},"service_code":["22"],"billing_class":"institutional","payments":[{"allowed_amount":1200.00,"billing_code_modifier":[""],"providers":[{"billed_charge":3176.00,"npi":[1295276160]}]}]},{"tin":{"type":"ein","value":"853525556"},"service_code":["22"],"billing_class":"institutional","payments":[{"allowed_amount":1200.00,"billing_code_modifier":[""],"providers":[{"billed_charge":3176.00,"npi":[1326790262]}]}]}]},{"name":"PSYCHIATRIC\/PSYCHOLOGICAL TRT: INTENSIVE OUT SERV","billing_code_type":"RC","billing_code_type_version":"UB04","billing_code":"0906","description":"PSYCHIATRIC\/PSYCHOLOGICAL TRT: INTENSIVE OUT SERV","allowed_amounts":[{"tin":{"type":"ein","value":"852005094"},"service_code":["22","99"],"billing_class":"institutional","payments":[{"allowed_amount":600.00,"billing_code_modifier":[""],"providers":[{"billed_charge":4500.00,"npi":[1023360542,1760072094]}]}]}]},{"name":"PSYCHOTHERAPY W\/PATIENT 60 MINUTES","billing_code_type":"CPT","billing_code_type_version":"2020","billing_code":"90837","description":"PSYCHOTHERAPY W\/PATIENT 60 MINUTES","allowed_amounts":[{"tin":{"type":"ein","value":"273098115"},"service_code":["10"],"billing_class":"professional","payments":[{"allowed_amount":93.75,"billing_code_modifier":[""],"providers":[{"billed_charge":125.00,"npi":[1366923690,1831491125]}]}]}]},{"name":"RESIDENTIAL TREATMENT-CHEMICAL DEPENDENCY","billing_code_type":"RC","billing_code_type_version":"UB04","billing_code":"1002","description":"RESIDENTIAL TREATMENT-CHEMICAL DEPENDENCY","allowed_amounts":[{"tin":{"type":"ein","value":"812782346"},"service_code":["21"],"billing_class":"institutional","payments":[{"allowed_amount":2921.75,"billing_code_modifier":[""],"providers":[{"billed_charge":4495.00,"npi":[1295276160]}]}]},{"tin":{"type":"ein","value":"853525556"},"service_code":["21"],"billing_class":"institutional","payments":[{"allowed_amount":2921.75,"billing_code_modifier":[""],"providers":[{"billed_charge":4495.00,"npi":[1326790262]}]}]}]},{"name":"RESIDENTIAL TREATMENT-PSYCHIATRIC","billing_code_type":"RC","billing_code_type_version":"UB04","billing_code":"1001","description":"RESIDENTIAL TREATMENT-PSYCHIATRIC","allowed_amounts":[{"tin":{"type":"ein","value":"853525556"},"service_code":["21"],"billing_class":"institutional","payments":[{"allowed_amount":2921.75,"billing_code_modifier":[""],"providers":[{"billed_charge":4495.00,"npi":[1326790262]}]}]}]}]}
