{"reporting_entity_name": "IEC Group_DBA AmeriBen",
	"reporting_entity_type": "Third Party Administrator",
	"plan_name": "SMILE BRANDS INC",
	"plan_id_type": "ein",
	"plan_id": "911643507",
	"plan_market_type": "group",
	"last_updated_on": "2024-08-01","Version": "1.0.0","out_of_network":[{"name":"ASSAY OF ALCOHOL (ETHANOL) BREATH","billing_code_type":"CPT","billing_code_type_version":"2020","billing_code":"82075","description":"ASSAY OF ALCOHOL (ETHANOL) BREATH","allowed_amounts":[{"tin":{"type":"ein","value":"872518640"},"service_code":["11"],"billing_class":"professional","payments":[{"allowed_amount":37.50,"billing_code_modifier":[""],"providers":[{"billed_charge":367.50,"npi":[1306407549,1659041473,1992168579]}]}]}]},{"name":"CHIROPRACTIC MANIPULATIVE TX SPINAL 1-2 REGIONS","billing_code_type":"CPT","billing_code_type_version":"2020","billing_code":"98940","description":"CHIROPRACTIC MANIPULATIVE TX SPINAL 1-2 REGIONS","allowed_amounts":[{"tin":{"type":"ein","value":"264082310"},"service_code":["11"],"billing_class":"professional","payments":[{"allowed_amount":32.68,"billing_code_modifier":[""],"providers":[{"billed_charge":55.00,"npi":[1295012110,1295475507]}]}]},{"tin":{"type":"ein","value":"474460565"},"service_code":["11"],"billing_class":"professional","payments":[{"allowed_amount":32.68,"billing_code_modifier":[""],"providers":[{"billed_charge":60.00,"npi":[1003156985,1861878928]}]}]}]},{"name":"DRUG TST PRSMV INSTRMNT CHEM ANALYZERS PR DATE","billing_code_type":"CPT","billing_code_type_version":"2020","billing_code":"80307","description":"DRUG TST PRSMV INSTRMNT CHEM ANALYZERS PR DATE","allowed_amounts":[{"tin":{"type":"ein","value":"465533448"},"service_code":["57"],"billing_class":"professional","payments":[{"allowed_amount":77.68,"billing_code_modifier":[""],"providers":[{"billed_charge":90.00,"npi":[1295324838,1558734731,1861898934]}]}]},{"tin":{"type":"ein","value":"823146637"},"service_code":["81"],"billing_class":"professional","payments":[{"allowed_amount":77.68,"billing_code_modifier":[""],"providers":[{"billed_charge":2277.20,"npi":[1124746318,1861994600]}]}]}]},{"name":"DRUGS REQUIRE SPECIFIC ID: DRUGS REQUIRING DETAIL","billing_code_type":"RC","billing_code_type_version":"UB04","billing_code":"0636","description":"DRUGS REQUIRE SPECIFIC ID: DRUGS REQUIRING DETAIL","allowed_amounts":[{"tin":{"type":"ein","value":"203176826"},"service_code":["65"],"billing_class":"institutional","payments":[{"allowed_amount":13.46,"billing_code_modifier":[""],"providers":[{"billed_charge":204.00,"npi":[1639132772,1811350473]}]}]}]},{"name":"HEMO OPD\/HOME: HEMODIALYSIS COMP OR OTHER RATE","billing_code_type":"RC","billing_code_type_version":"UB04","billing_code":"0821","description":"HEMO OPD\/HOME: HEMODIALYSIS COMP OR OTHER RATE","allowed_amounts":[{"tin":{"type":"ein","value":"203176826"},"service_code":["65"],"billing_class":"institutional","payments":[{"allowed_amount":380.15,"billing_code_modifier":[""],"providers":[{"billed_charge":5762.00,"npi":[1639132772,1811350473]}]}]}]},{"name":"IADNA SARSCOV2 & INF A&B & RSV MULT AMP PROBE TQ","billing_code_type":"CPT","billing_code_type_version":"2020","billing_code":"87637","description":"IADNA SARSCOV2 & INF A&B & RSV MULT AMP PROBE TQ","allowed_amounts":[{"tin":{"type":"ein","value":"830578765"},"service_code":["81"],"billing_class":"professional","payments":[{"allowed_amount":178.29,"billing_code_modifier":[""],"providers":[{"billed_charge":500.00,"npi":[1033759089,1710516471,1861987083]}]}]},{"tin":{"type":"ein","value":"873849863"},"service_code":["81"],"billing_class":"professional","payments":[{"allowed_amount":178.29,"billing_code_modifier":[""],"providers":[{"billed_charge":500.00,"npi":[1497416861]}]}]},{"tin":{"type":"ein","value":"873855130"},"service_code":["81"],"billing_class":"professional","payments":[{"allowed_amount":178.29,"billing_code_modifier":[""],"providers":[{"billed_charge":241.95,"npi":[1073272134,1821043290]}]}]},{"tin":{"type":"ein","value":"880906795"},"service_code":["81"],"billing_class":"professional","payments":[{"allowed_amount":178.29,"billing_code_modifier":[""],"providers":[{"billed_charge":213.95,"npi":[1265182984,1831362748]}]}]}]},{"name":"MEDICAL\/SURGICAL SUPPLIES","billing_code_type":"RC","billing_code_type_version":"UB04","billing_code":"0270","description":"MEDICAL\/SURGICAL SUPPLIES","allowed_amounts":[{"tin":{"type":"ein","value":"203176826"},"service_code":["65"],"billing_class":"institutional","payments":[{"allowed_amount":8.98,"billing_code_modifier":[""],"providers":[{"billed_charge":136.05,"npi":[1639132772,1811350473]}]}]}]},{"name":"OFFICE\/OUTPATIENT EST PT MAY NOT REQ PHYS\/QHP","billing_code_type":"CPT","billing_code_type_version":"2020","billing_code":"99211","description":"OFFICE\/OUTPATIENT EST PT MAY NOT REQ PHYS\/QHP","allowed_amounts":[{"tin":{"type":"ein","value":"872518640"},"service_code":["11"],"billing_class":"professional","payments":[{"allowed_amount":26.81,"billing_code_modifier":[""],"providers":[{"billed_charge":425.00,"npi":[1033882469,1467920439,1588976799,1659041473,1801674718]}]}]}]},{"name":"OFFICE\/OUTPATIENT ESTABLISHED SF MDM 10 MIN","billing_code_type":"CPT","billing_code_type_version":"2020","billing_code":"99212","description":"OFFICE\/OUTPATIENT ESTABLISHED SF MDM 10 MIN","allowed_amounts":[{"tin":{"type":"ein","value":"872518640"},"service_code":["11"],"billing_class":"professional","payments":[{"allowed_amount":66.24,"billing_code_modifier":[""],"providers":[{"billed_charge":525.00,"npi":[1033882469,1376185082,1588976799,1659041473,1750349163,1801674718,1942844352]}]}]}]},{"name":"PHARMACY","billing_code_type":"RC","billing_code_type_version":"UB04","billing_code":"0250","description":"PHARMACY","allowed_amounts":[{"tin":{"type":"ein","value":"203176826"},"service_code":["65"],"billing_class":"institutional","payments":[{"allowed_amount":0.04,"billing_code_modifier":[""],"providers":[{"billed_charge":0.68,"npi":[1639132772,1811350473]}]}]},{"tin":{"type":"ein","value":"203176826"},"service_code":["65"],"billing_class":"institutional","payments":[{"allowed_amount":0.06,"billing_code_modifier":[""],"providers":[{"billed_charge":0.94,"npi":[1639132772,1811350473]}]}]}]},{"name":"PSYCHIATRIC\/PSYCHOLOGICAL SVCS: PARTIAL HOSP - LES","billing_code_type":"RC","billing_code_type_version":"UB04","billing_code":"0912","description":"PSYCHIATRIC\/PSYCHOLOGICAL SVCS: PARTIAL HOSP - LES","allowed_amounts":[{"tin":{"type":"ein","value":"871211178"},"service_code":["22"],"billing_class":"institutional","payments":[{"allowed_amount":602.49,"billing_code_modifier":[""],"providers":[{"billed_charge":3795.00,"npi":[1033882469,1285742841]},{"billed_charge":3995.00,"npi":[1033882469,1285742841]}]},{"allowed_amount":602.49,"billing_code_modifier":[""],"providers":[{"billed_charge":3795.00,"npi":[1033882469,1285742841]},{"billed_charge":3995.00,"npi":[1033882469,1285742841]}]}]},{"tin":{"type":"ein","value":"871211178"},"service_code":["22"],"billing_class":"institutional","payments":[{"allowed_amount":602.49,"billing_code_modifier":[""],"providers":[{"billed_charge":3795.00,"npi":[1033882469,1285742841]},{"billed_charge":3995.00,"npi":[1033882469,1285742841]}]},{"allowed_amount":602.49,"billing_code_modifier":[""],"providers":[{"billed_charge":3795.00,"npi":[1033882469,1285742841]},{"billed_charge":3995.00,"npi":[1033882469,1285742841]}]}]}]},{"name":"PSYCHIATRIC\/PSYCHOLOGICAL TRT: INTENSIVE OUT SERV","billing_code_type":"RC","billing_code_type_version":"UB04","billing_code":"0906","description":"PSYCHIATRIC\/PSYCHOLOGICAL TRT: INTENSIVE OUT SERV","allowed_amounts":[{"tin":{"type":"ein","value":"371937501"},"service_code":["22","99"],"billing_class":"institutional","payments":[{"allowed_amount":278.23,"billing_code_modifier":[""],"providers":[{"billed_charge":2995.00,"npi":[1285742841,1306407549]}]}]}]},{"name":"SPECIMEN COLLECT COVID-19","billing_code_type":"HCPCS","billing_code_type_version":"HCPCS LEVEL II 2021","billing_code":"G2023","description":"SPECIMEN COLLECT COVID-19","allowed_amounts":[{"tin":{"type":"ein","value":"810766596"},"service_code":["81"],"billing_class":"professional","payments":[{"allowed_amount":29.32,"billing_code_modifier":[""],"providers":[{"billed_charge":140.76,"npi":[1427257179,1902267164]}]}]},{"tin":{"type":"ein","value":"830578765"},"service_code":["81"],"billing_class":"professional","payments":[{"allowed_amount":29.32,"billing_code_modifier":[""],"providers":[{"billed_charge":50.00,"npi":[1033759089,1710516471,1861987083]}]}]},{"tin":{"type":"ein","value":"873741554"},"service_code":["81"],"billing_class":"professional","payments":[{"allowed_amount":29.32,"billing_code_modifier":[""],"providers":[{"billed_charge":97.00,"npi":[1073272613,1629073580]}]}]},{"tin":{"type":"ein","value":"873849863"},"service_code":["81"],"billing_class":"professional","payments":[{"allowed_amount":29.32,"billing_code_modifier":[""],"providers":[{"billed_charge":50.00,"npi":[1497416861]}]}]}]}]}
