{"reporting_entity_name": "IEC Group_DBA AmeriBen",
	"reporting_entity_type": "Third Party Administrator",
	"plan_name": "NEVADA GOLD MINES LLC",
	"plan_id_type": "ein",
	"plan_id": "834447381",
	"plan_market_type": "group",
	"last_updated_on": "2025-10-01","Version": "1.0.0","out_of_network":[{"name":"1ST HOSPITAL IP\/OBS CARE MODERATE MDM 55 MINUTES","billing_code_type":"CPT","billing_code_type_version":"2020","billing_code":"99222","description":"1ST HOSPITAL IP\/OBS CARE MODERATE MDM 55 MINUTES","allowed_amounts":[{"tin":{"type":"ein","value":"510598253"},"service_code":["21"],"billing_class":"professional","payments":[{"allowed_amount":136.83,"billing_code_modifier":[""],"providers":[{"billed_charge":285.00,"npi":[1033294079,1598131211,1619488525,1720165038,1831292713]}]}]}]},{"name":"25 HYDROXY INCLUDES FRACTIONS IF PERFORMED","billing_code_type":"CPT","billing_code_type_version":"2020","billing_code":"82306","description":"25 HYDROXY INCLUDES FRACTIONS IF PERFORMED","allowed_amounts":[{"tin":{"type":"ein","value":"571207559"},"service_code":["11"],"billing_class":"professional","payments":[{"allowed_amount":32.56,"billing_code_modifier":[""],"providers":[{"billed_charge":298.00,"npi":[1740531466,1780961102]},{"billed_charge":317.00,"npi":[1740531466,1770981839,1780961102]}]},{"allowed_amount":32.56,"billing_code_modifier":[""],"providers":[{"billed_charge":298.00,"npi":[1740531466,1780961102]},{"billed_charge":317.00,"npi":[1740531466,1770981839,1780961102]}]}]},{"tin":{"type":"ein","value":"571207559"},"service_code":["11"],"billing_class":"professional","payments":[{"allowed_amount":32.56,"billing_code_modifier":[""],"providers":[{"billed_charge":298.00,"npi":[1740531466,1780961102]},{"billed_charge":317.00,"npi":[1740531466,1770981839,1780961102]}]},{"allowed_amount":32.56,"billing_code_modifier":[""],"providers":[{"billed_charge":298.00,"npi":[1740531466,1780961102]},{"billed_charge":317.00,"npi":[1740531466,1770981839,1780961102]}]}]},{"tin":{"type":"ein","value":"840611484"},"service_code":["81"],"billing_class":"professional","payments":[{"allowed_amount":32.56,"billing_code_modifier":[""],"providers":[{"billed_charge":306.60,"npi":[1740262880,1861689960]}]}]},{"tin":{"type":"ein","value":"870281028"},"service_code":["11"],"billing_class":"professional","payments":[{"allowed_amount":32.56,"billing_code_modifier":[""],"providers":[{"billed_charge":62.00,"npi":[1447916499]}]}]}]},{"name":"ANESTHESIA COMBINED UPPER&LOWER GI ENDOSCOPIC PX","billing_code_type":"CPT","billing_code_type_version":"2020","billing_code":"00813","description":"ANESTHESIA COMBINED UPPER&LOWER GI ENDOSCOPIC PX","allowed_amounts":[{"tin":{"type":"ein","value":"921598660"},"service_code":["24"],"billing_class":"professional","payments":[{"allowed_amount":0.00,"billing_code_modifier":[""],"providers":[{"billed_charge":844.62,"npi":[1073227815,1144630294,1538422290,1699445981]}]}]}]},{"name":"ASSAY OF THYROID STIMULATING HORMONE TSH","billing_code_type":"CPT","billing_code_type_version":"2020","billing_code":"84443","description":"ASSAY OF THYROID STIMULATING HORMONE TSH","allowed_amounts":[{"tin":{"type":"ein","value":"571207559"},"service_code":["11"],"billing_class":"professional","payments":[{"allowed_amount":18.48,"billing_code_modifier":[""],"providers":[{"billed_charge":164.00,"npi":[1659436038,1740531466,1780961102]},{"billed_charge":198.00,"npi":[1740531466,1770981839,1780961102]},{"billed_charge":199.00,"npi":[1740531466,1770981839,1780961102]}]},{"allowed_amount":18.48,"billing_code_modifier":[""],"providers":[{"billed_charge":164.00,"npi":[1659436038,1740531466,1780961102]},{"billed_charge":198.00,"npi":[1740531466,1770981839,1780961102]},{"billed_charge":199.00,"npi":[1740531466,1770981839,1780961102]}]},{"allowed_amount":18.48,"billing_code_modifier":[""],"providers":[{"billed_charge":164.00,"npi":[1659436038,1740531466,1780961102]},{"billed_charge":198.00,"npi":[1740531466,1770981839,1780961102]},{"billed_charge":199.00,"npi":[1740531466,1770981839,1780961102]}]}]},{"tin":{"type":"ein","value":"571207559"},"service_code":["11"],"billing_class":"professional","payments":[{"allowed_amount":18.48,"billing_code_modifier":[""],"providers":[{"billed_charge":164.00,"npi":[1659436038,1740531466,1780961102]},{"billed_charge":198.00,"npi":[1740531466,1770981839,1780961102]},{"billed_charge":199.00,"npi":[1740531466,1770981839,1780961102]}]},{"allowed_amount":18.48,"billing_code_modifier":[""],"providers":[{"billed_charge":164.00,"npi":[1659436038,1740531466,1780961102]},{"billed_charge":198.00,"npi":[1740531466,1770981839,1780961102]},{"billed_charge":199.00,"npi":[1740531466,1770981839,1780961102]}]},{"allowed_amount":18.48,"billing_code_modifier":[""],"providers":[{"billed_charge":164.00,"npi":[1659436038,1740531466,1780961102]},{"billed_charge":198.00,"npi":[1740531466,1770981839,1780961102]},{"billed_charge":199.00,"npi":[1740531466,1770981839,1780961102]}]}]},{"tin":{"type":"ein","value":"571207559"},"service_code":["11"],"billing_class":"professional","payments":[{"allowed_amount":18.48,"billing_code_modifier":[""],"providers":[{"billed_charge":164.00,"npi":[1659436038,1740531466,1780961102]},{"billed_charge":198.00,"npi":[1740531466,1770981839,1780961102]},{"billed_charge":199.00,"npi":[1740531466,1770981839,1780961102]}]},{"allowed_amount":18.48,"billing_code_modifier":[""],"providers":[{"billed_charge":164.00,"npi":[1659436038,1740531466,1780961102]},{"billed_charge":198.00,"npi":[1740531466,1770981839,1780961102]},{"billed_charge":199.00,"npi":[1740531466,1770981839,1780961102]}]},{"allowed_amount":18.48,"billing_code_modifier":[""],"providers":[{"billed_charge":164.00,"npi":[1659436038,1740531466,1780961102]},{"billed_charge":198.00,"npi":[1740531466,1770981839,1780961102]},{"billed_charge":199.00,"npi":[1740531466,1770981839,1780961102]}]}]}]},{"name":"BLOOD COUNT COMPLETE AUTO&AUTO DIFRNTL WBC","billing_code_type":"CPT","billing_code_type_version":"2020","billing_code":"85025","description":"BLOOD COUNT COMPLETE AUTO&AUTO DIFRNTL WBC","allowed_amounts":[{"tin":{"type":"ein","value":"481276150"},"service_code":["81"],"billing_class":"professional","payments":[{"allowed_amount":6.99,"billing_code_modifier":[""],"providers":[{"billed_charge":20.00,"npi":[1508841669,1528037215,1750442505]}]}]},{"tin":{"type":"ein","value":"571207559"},"service_code":["11"],"billing_class":"professional","payments":[{"allowed_amount":6.99,"billing_code_modifier":[""],"providers":[{"billed_charge":53.00,"npi":[1740531466,1770981839,1780961102]}]}]},{"tin":{"type":"ein","value":"571207559"},"service_code":["11"],"billing_class":"professional","payments":[{"allowed_amount":8.55,"billing_code_modifier":[""],"providers":[{"billed_charge":44.00,"npi":[1659436038,1740531466,1770981839,1780961102]},{"billed_charge":53.00,"npi":[1659436038,1740531466,1770981839,1780961102]}]},{"allowed_amount":8.55,"billing_code_modifier":[""],"providers":[{"billed_charge":44.00,"npi":[1659436038,1740531466,1770981839,1780961102]},{"billed_charge":53.00,"npi":[1659436038,1740531466,1770981839,1780961102]}]}]},{"tin":{"type":"ein","value":"571207559"},"service_code":["11"],"billing_class":"professional","payments":[{"allowed_amount":8.55,"billing_code_modifier":[""],"providers":[{"billed_charge":44.00,"npi":[1659436038,1740531466,1770981839,1780961102]},{"billed_charge":53.00,"npi":[1659436038,1740531466,1770981839,1780961102]}]},{"allowed_amount":8.55,"billing_code_modifier":[""],"providers":[{"billed_charge":44.00,"npi":[1659436038,1740531466,1770981839,1780961102]},{"billed_charge":53.00,"npi":[1659436038,1740531466,1770981839,1780961102]}]}]},{"tin":{"type":"ein","value":"840611484"},"service_code":["81"],"billing_class":"professional","payments":[{"allowed_amount":8.55,"billing_code_modifier":[""],"providers":[{"billed_charge":39.90,"npi":[1740262880,1861689960]}]}]}]},{"name":"C-REACTIVE PROTEIN","billing_code_type":"CPT","billing_code_type_version":"2020","billing_code":"86140","description":"C-REACTIVE PROTEIN","allowed_amounts":[{"tin":{"type":"ein","value":"521022572"},"service_code":["81"],"billing_class":"professional","payments":[{"allowed_amount":5.70,"billing_code_modifier":[""],"providers":[{"billed_charge":30.00,"npi":[1164420568,1801193883]}]}]},{"tin":{"type":"ein","value":"571207559"},"service_code":["11"],"billing_class":"professional","payments":[{"allowed_amount":5.70,"billing_code_modifier":[""],"providers":[{"billed_charge":83.00,"npi":[1659436038,1740531466,1770981839,1780961102]}]}]},{"tin":{"type":"ein","value":"840611484"},"service_code":["81"],"billing_class":"professional","payments":[{"allowed_amount":5.70,"billing_code_modifier":[""],"providers":[{"billed_charge":71.40,"npi":[1740262880,1861689960]}]}]}]},{"name":"CHIROPRACTIC MANIPULATIVE TX SPINAL 3-4 REGIONS","billing_code_type":"CPT","billing_code_type_version":"2020","billing_code":"98941","description":"CHIROPRACTIC MANIPULATIVE TX SPINAL 3-4 REGIONS","allowed_amounts":[{"tin":{"type":"ein","value":"853685596"},"service_code":["11"],"billing_class":"professional","payments":[{"allowed_amount":43.33,"billing_code_modifier":[""],"providers":[{"billed_charge":100.00,"npi":[1275993669,1700478492]}]}]}]},{"name":"COLLECTION VENOUS BLOOD VENIPUNCTURE","billing_code_type":"CPT","billing_code_type_version":"2020","billing_code":"36415","description":"COLLECTION VENOUS BLOOD VENIPUNCTURE","allowed_amounts":[{"tin":{"type":"ein","value":"481276150"},"service_code":["81"],"billing_class":"professional","payments":[{"allowed_amount":10.00,"billing_code_modifier":[""],"providers":[{"billed_charge":17.66,"npi":[1508841669,1528037215,1750442505]}]}]},{"tin":{"type":"ein","value":"571207559"},"service_code":["11"],"billing_class":"professional","payments":[{"allowed_amount":9.71,"billing_code_modifier":[""],"providers":[{"billed_charge":25.00,"npi":[1659436038,1740531466,1770981839,1780961102]},{"billed_charge":32.00,"npi":[1659436038,1740531466,1770981839,1780961102]}]},{"allowed_amount":9.71,"billing_code_modifier":[""],"providers":[{"billed_charge":25.00,"npi":[1659436038,1740531466,1770981839,1780961102]},{"billed_charge":32.00,"npi":[1659436038,1740531466,1770981839,1780961102]}]}]},{"tin":{"type":"ein","value":"571207559"},"service_code":["11"],"billing_class":"professional","payments":[{"allowed_amount":9.71,"billing_code_modifier":[""],"providers":[{"billed_charge":25.00,"npi":[1659436038,1740531466,1770981839,1780961102]},{"billed_charge":32.00,"npi":[1659436038,1740531466,1770981839,1780961102]}]},{"allowed_amount":9.71,"billing_code_modifier":[""],"providers":[{"billed_charge":25.00,"npi":[1659436038,1740531466,1770981839,1780961102]},{"billed_charge":32.00,"npi":[1659436038,1740531466,1770981839,1780961102]}]}]},{"tin":{"type":"ein","value":"571207559"},"service_code":["11"],"billing_class":"professional","payments":[{"allowed_amount":10.00,"billing_code_modifier":[""],"providers":[{"billed_charge":32.00,"npi":[1659436038,1740531466,1770981839,1780961102]}]}]},{"tin":{"type":"ein","value":"840611484"},"service_code":["81"],"billing_class":"professional","payments":[{"allowed_amount":10.00,"billing_code_modifier":[""],"providers":[{"billed_charge":26.25,"npi":[1740262880,1871182246]}]}]},{"tin":{"type":"ein","value":"870281028"},"service_code":["11"],"billing_class":"professional","payments":[{"allowed_amount":10.00,"billing_code_modifier":[""],"providers":[{"billed_charge":16.00,"npi":[1447916499]}]}]}]},{"name":"COMPREHENSIVE METABOLIC PANEL","billing_code_type":"CPT","billing_code_type_version":"2020","billing_code":"80053","description":"COMPREHENSIVE METABOLIC PANEL","allowed_amounts":[{"tin":{"type":"ein","value":"481276150"},"service_code":["81"],"billing_class":"professional","payments":[{"allowed_amount":11.62,"billing_code_modifier":[""],"providers":[{"billed_charge":30.00,"npi":[1508841669,1528037215,1750442505]}]}]},{"tin":{"type":"ein","value":"571207559"},"service_code":["11"],"billing_class":"professional","payments":[{"allowed_amount":11.62,"billing_code_modifier":[""],"providers":[{"billed_charge":63.00,"npi":[1659436038,1740531466,1770981839,1780961102]},{"billed_charge":94.00,"npi":[1659436038,1740531466,1770981839,1780961102]},{"billed_charge":96.00,"npi":[1659436038,1740531466,1770981839,1780961102]}]},{"allowed_amount":11.62,"billing_code_modifier":[""],"providers":[{"billed_charge":63.00,"npi":[1659436038,1740531466,1770981839,1780961102]},{"billed_charge":94.00,"npi":[1659436038,1740531466,1770981839,1780961102]},{"billed_charge":96.00,"npi":[1659436038,1740531466,1770981839,1780961102]}]},{"allowed_amount":11.62,"billing_code_modifier":[""],"providers":[{"billed_charge":63.00,"npi":[1659436038,1740531466,1770981839,1780961102]},{"billed_charge":94.00,"npi":[1659436038,1740531466,1770981839,1780961102]},{"billed_charge":96.00,"npi":[1659436038,1740531466,1770981839,1780961102]}]}]},{"tin":{"type":"ein","value":"571207559"},"service_code":["11"],"billing_class":"professional","payments":[{"allowed_amount":11.62,"billing_code_modifier":[""],"providers":[{"billed_charge":63.00,"npi":[1659436038,1740531466,1770981839,1780961102]},{"billed_charge":94.00,"npi":[1659436038,1740531466,1770981839,1780961102]},{"billed_charge":96.00,"npi":[1659436038,1740531466,1770981839,1780961102]}]},{"allowed_amount":11.62,"billing_code_modifier":[""],"providers":[{"billed_charge":63.00,"npi":[1659436038,1740531466,1770981839,1780961102]},{"billed_charge":94.00,"npi":[1659436038,1740531466,1770981839,1780961102]},{"billed_charge":96.00,"npi":[1659436038,1740531466,1770981839,1780961102]}]},{"allowed_amount":11.62,"billing_code_modifier":[""],"providers":[{"billed_charge":63.00,"npi":[1659436038,1740531466,1770981839,1780961102]},{"billed_charge":94.00,"npi":[1659436038,1740531466,1770981839,1780961102]},{"billed_charge":96.00,"npi":[1659436038,1740531466,1770981839,1780961102]}]}]},{"tin":{"type":"ein","value":"571207559"},"service_code":["11"],"billing_class":"professional","payments":[{"allowed_amount":11.62,"billing_code_modifier":[""],"providers":[{"billed_charge":63.00,"npi":[1659436038,1740531466,1770981839,1780961102]},{"billed_charge":94.00,"npi":[1659436038,1740531466,1770981839,1780961102]},{"billed_charge":96.00,"npi":[1659436038,1740531466,1770981839,1780961102]}]},{"allowed_amount":11.62,"billing_code_modifier":[""],"providers":[{"billed_charge":63.00,"npi":[1659436038,1740531466,1770981839,1780961102]},{"billed_charge":94.00,"npi":[1659436038,1740531466,1770981839,1780961102]},{"billed_charge":96.00,"npi":[1659436038,1740531466,1770981839,1780961102]}]},{"allowed_amount":11.62,"billing_code_modifier":[""],"providers":[{"billed_charge":63.00,"npi":[1659436038,1740531466,1770981839,1780961102]},{"billed_charge":94.00,"npi":[1659436038,1740531466,1770981839,1780961102]},{"billed_charge":96.00,"npi":[1659436038,1740531466,1770981839,1780961102]}]}]},{"tin":{"type":"ein","value":"840611484"},"service_code":["81"],"billing_class":"professional","payments":[{"allowed_amount":11.62,"billing_code_modifier":[""],"providers":[{"billed_charge":44.05,"npi":[1740262880,1861689960]},{"billed_charge":51.45,"npi":[1740262880,1861689960]}]},{"allowed_amount":11.62,"billing_code_modifier":[""],"providers":[{"billed_charge":44.05,"npi":[1740262880,1861689960]},{"billed_charge":51.45,"npi":[1740262880,1861689960]}]}]},{"tin":{"type":"ein","value":"840611484"},"service_code":["81"],"billing_class":"professional","payments":[{"allowed_amount":11.62,"billing_code_modifier":[""],"providers":[{"billed_charge":44.05,"npi":[1740262880,1861689960]},{"billed_charge":51.45,"npi":[1740262880,1861689960]}]},{"allowed_amount":11.62,"billing_code_modifier":[""],"providers":[{"billed_charge":44.05,"npi":[1740262880,1861689960]},{"billed_charge":51.45,"npi":[1740262880,1861689960]}]}]},{"tin":{"type":"ein","value":"870281028"},"service_code":["11"],"billing_class":"professional","payments":[{"allowed_amount":11.62,"billing_code_modifier":[""],"providers":[{"billed_charge":23.00,"npi":[1447916499]}]}]}]},{"name":"CUL PRSMPTV PTHGNC ORGANISM SCRN W\/COLONY ESTIMJ","billing_code_type":"CPT","billing_code_type_version":"2020","billing_code":"87081","description":"CUL PRSMPTV PTHGNC ORGANISM SCRN W\/COLONY ESTIMJ","allowed_amounts":[{"tin":{"type":"ein","value":"571207559"},"service_code":["11"],"billing_class":"professional","payments":[{"allowed_amount":7.29,"billing_code_modifier":[""],"providers":[{"billed_charge":99.00,"npi":[1659436038,1740531466,1770981839,1780961102]}]}]}]},{"name":"CULTURE BACTERIAL QUANTTATIVE COLONY COUNT URINE","billing_code_type":"CPT","billing_code_type_version":"2020","billing_code":"87086","description":"CULTURE BACTERIAL QUANTTATIVE COLONY COUNT URINE","allowed_amounts":[{"tin":{"type":"ein","value":"571207559"},"service_code":["11"],"billing_class":"professional","payments":[{"allowed_amount":8.88,"billing_code_modifier":[""],"providers":[{"billed_charge":74.00,"npi":[1740531466,1770981839,1780961102]},{"billed_charge":85.00,"npi":[1659436038,1740531466,1770981839,1780961102]},{"billed_charge":89.00,"npi":[1740531466,1770981839,1780961102]}]},{"allowed_amount":8.88,"billing_code_modifier":[""],"providers":[{"billed_charge":74.00,"npi":[1740531466,1770981839,1780961102]},{"billed_charge":85.00,"npi":[1659436038,1740531466,1770981839,1780961102]},{"billed_charge":89.00,"npi":[1740531466,1770981839,1780961102]}]},{"allowed_amount":8.88,"billing_code_modifier":[""],"providers":[{"billed_charge":74.00,"npi":[1740531466,1770981839,1780961102]},{"billed_charge":85.00,"npi":[1659436038,1740531466,1770981839,1780961102]},{"billed_charge":89.00,"npi":[1740531466,1770981839,1780961102]}]}]},{"tin":{"type":"ein","value":"571207559"},"service_code":["11"],"billing_class":"professional","payments":[{"allowed_amount":8.88,"billing_code_modifier":[""],"providers":[{"billed_charge":74.00,"npi":[1740531466,1770981839,1780961102]},{"billed_charge":85.00,"npi":[1659436038,1740531466,1770981839,1780961102]},{"billed_charge":89.00,"npi":[1740531466,1770981839,1780961102]}]},{"allowed_amount":8.88,"billing_code_modifier":[""],"providers":[{"billed_charge":74.00,"npi":[1740531466,1770981839,1780961102]},{"billed_charge":85.00,"npi":[1659436038,1740531466,1770981839,1780961102]},{"billed_charge":89.00,"npi":[1740531466,1770981839,1780961102]}]},{"allowed_amount":8.88,"billing_code_modifier":[""],"providers":[{"billed_charge":74.00,"npi":[1740531466,1770981839,1780961102]},{"billed_charge":85.00,"npi":[1659436038,1740531466,1770981839,1780961102]},{"billed_charge":89.00,"npi":[1740531466,1770981839,1780961102]}]}]},{"tin":{"type":"ein","value":"571207559"},"service_code":["11"],"billing_class":"professional","payments":[{"allowed_amount":8.88,"billing_code_modifier":[""],"providers":[{"billed_charge":74.00,"npi":[1740531466,1770981839,1780961102]},{"billed_charge":85.00,"npi":[1659436038,1740531466,1770981839,1780961102]},{"billed_charge":89.00,"npi":[1740531466,1770981839,1780961102]}]},{"allowed_amount":8.88,"billing_code_modifier":[""],"providers":[{"billed_charge":74.00,"npi":[1740531466,1770981839,1780961102]},{"billed_charge":85.00,"npi":[1659436038,1740531466,1770981839,1780961102]},{"billed_charge":89.00,"npi":[1740531466,1770981839,1780961102]}]},{"allowed_amount":8.88,"billing_code_modifier":[""],"providers":[{"billed_charge":74.00,"npi":[1740531466,1770981839,1780961102]},{"billed_charge":85.00,"npi":[1659436038,1740531466,1770981839,1780961102]},{"billed_charge":89.00,"npi":[1740531466,1770981839,1780961102]}]}]},{"tin":{"type":"ein","value":"840611484"},"service_code":["81"],"billing_class":"professional","payments":[{"allowed_amount":8.88,"billing_code_modifier":[""],"providers":[{"billed_charge":37.74,"npi":[1740262880,1952924011]}]}]}]},{"name":"DETOXIFICATION","billing_code_type":"RC","billing_code_type_version":"UB04","billing_code":"0126","description":"DETOXIFICATION","allowed_amounts":[{"tin":{"type":"ein","value":"921890639"},"service_code":["21"],"billing_class":"institutional","payments":[{"allowed_amount":1653.02,"billing_code_modifier":[""],"providers":[{"billed_charge":8500.00,"npi":[1437846656,1740546209]}]}]},{"tin":{"type":"ein","value":"922871983"},"service_code":["21"],"billing_class":"institutional","payments":[{"allowed_amount":1653.02,"billing_code_modifier":[""],"providers":[{"billed_charge":9750.00,"npi":[1215610993,1922157320]}]}]}]},{"name":"DRUG TEST DEF 1-7 CLASSES","billing_code_type":"HCPCS","billing_code_type_version":"HCPCS LEVEL II 2021","billing_code":"G0480","description":"DRUG TEST DEF 1-7 CLASSES","allowed_amounts":[{"tin":{"type":"ein","value":"261565558"},"service_code":["81"],"billing_class":"professional","payments":[{"allowed_amount":125.87,"billing_code_modifier":[""],"providers":[{"billed_charge":235.00,"npi":[1497933162,1689605545]}]}]},{"tin":{"type":"ein","value":"453717894"},"service_code":["81"],"billing_class":"professional","payments":[{"allowed_amount":125.87,"billing_code_modifier":[""],"providers":[{"billed_charge":176.00,"npi":[1730466590,1902149248]}]}]},{"tin":{"type":"ein","value":"464429957"},"service_code":["11"],"billing_class":"professional","payments":[{"allowed_amount":125.87,"billing_code_modifier":[""],"providers":[{"billed_charge":290.00,"npi":[1407193121,1790191633]}]}]},{"tin":{"type":"ein","value":"474815114"},"service_code":["81"],"billing_class":"professional","payments":[{"allowed_amount":125.87,"billing_code_modifier":[""],"providers":[{"billed_charge":183.09,"npi":[1215302245,1598252173]}]}]},{"tin":{"type":"ein","value":"800686939"},"service_code":["81"],"billing_class":"professional","payments":[{"allowed_amount":125.87,"billing_code_modifier":[""],"providers":[{"billed_charge":126.00,"npi":[1023522109,1699045674]}]}]},{"tin":{"type":"ein","value":"843172409"},"service_code":["81"],"billing_class":"professional","payments":[{"allowed_amount":125.87,"billing_code_modifier":[""],"providers":[{"billed_charge":1540.50,"npi":[1003437500,1740546209]}]}]},{"tin":{"type":"ein","value":"853163633"},"service_code":["81"],"billing_class":"professional","payments":[{"allowed_amount":125.87,"billing_code_modifier":[""],"providers":[{"billed_charge":2988.10,"npi":[1063011898,1932472883]}]}]},{"tin":{"type":"ein","value":"874778672"},"service_code":["81"],"billing_class":"professional","payments":[{"allowed_amount":125.87,"billing_code_modifier":[""],"providers":[{"billed_charge":171.65,"npi":[1114540960,1619618469]}]}]}]},{"name":"DRUG TEST DEF 22+ CLASSES","billing_code_type":"HCPCS","billing_code_type_version":"HCPCS LEVEL II 2021","billing_code":"G0483","description":"DRUG TEST DEF 22+ CLASSES","allowed_amounts":[{"tin":{"type":"ein","value":"453717894"},"service_code":["81"],"billing_class":"professional","payments":[{"allowed_amount":271.61,"billing_code_modifier":[""],"providers":[{"billed_charge":377.00,"npi":[1730466590,1902149248]}]}]},{"tin":{"type":"ein","value":"814221217"},"service_code":["81"],"billing_class":"professional","payments":[{"allowed_amount":271.61,"billing_code_modifier":[""],"providers":[{"billed_charge":4250.56,"npi":[1134697196,1932472883]}]}]}]},{"name":"DRUG TST PRSMV INSTRMNT CHEM ANALYZERS PR DATE","billing_code_type":"CPT","billing_code_type_version":"2020","billing_code":"80307","description":"DRUG TST PRSMV INSTRMNT CHEM ANALYZERS PR DATE","allowed_amounts":[{"tin":{"type":"ein","value":"261565558"},"service_code":["81"],"billing_class":"professional","payments":[{"allowed_amount":68.35,"billing_code_modifier":[""],"providers":[{"billed_charge":124.00,"npi":[1164951778,1386970614,1497933162,1689605545,1821232067]}]}]},{"tin":{"type":"ein","value":"453717894"},"service_code":["81"],"billing_class":"professional","payments":[{"allowed_amount":68.35,"billing_code_modifier":[""],"providers":[{"billed_charge":99.00,"npi":[1730466590,1902149248]}]}]},{"tin":{"type":"ein","value":"464429957"},"service_code":["11"],"billing_class":"professional","payments":[{"allowed_amount":68.35,"billing_code_modifier":[""],"providers":[{"billed_charge":165.00,"npi":[1407193121,1790191633]}]}]},{"tin":{"type":"ein","value":"474815114"},"service_code":["81"],"billing_class":"professional","payments":[{"allowed_amount":68.35,"billing_code_modifier":[""],"providers":[{"billed_charge":99.42,"npi":[1215302245,1598252173]}]}]},{"tin":{"type":"ein","value":"571207559"},"service_code":["11"],"billing_class":"professional","payments":[{"allowed_amount":68.35,"billing_code_modifier":[""],"providers":[{"billed_charge":2325.00,"npi":[1144782095,1780961102]}]}]},{"tin":{"type":"ein","value":"814221217"},"service_code":["81"],"billing_class":"professional","payments":[{"allowed_amount":68.35,"billing_code_modifier":[""],"providers":[{"billed_charge":3998.40,"npi":[1134697196,1932472883]}]}]},{"tin":{"type":"ein","value":"824323767"},"service_code":["81"],"billing_class":"professional","payments":[{"allowed_amount":68.35,"billing_code_modifier":[""],"providers":[{"billed_charge":3795.00,"npi":[1194201558,1922157320]}]}]},{"tin":{"type":"ein","value":"843172409"},"service_code":["81"],"billing_class":"professional","payments":[{"allowed_amount":68.35,"billing_code_modifier":[""],"providers":[{"billed_charge":4198.40,"npi":[1003437500,1740546209]}]}]},{"tin":{"type":"ein","value":"853163633"},"service_code":["81"],"billing_class":"professional","payments":[{"allowed_amount":68.35,"billing_code_modifier":[""],"providers":[{"billed_charge":3295.93,"npi":[1063011898,1932472883]}]}]},{"tin":{"type":"ein","value":"874778672"},"service_code":["81"],"billing_class":"professional","payments":[{"allowed_amount":68.35,"billing_code_modifier":[""],"providers":[{"billed_charge":93.21,"npi":[1114540960,1619618469]}]}]}]},{"name":"DRUGS REQUIRE SPECIFIC ID: DRUGS REQUIRING DETAIL","billing_code_type":"RC","billing_code_type_version":"UB04","billing_code":"0636","description":"DRUGS REQUIRE SPECIFIC ID: DRUGS REQUIRING DETAIL","allowed_amounts":[{"tin":{"type":"ein","value":"620850498"},"service_code":["65"],"billing_class":"institutional","payments":[{"allowed_amount":5.08,"billing_code_modifier":[""],"providers":[{"billed_charge":43.95,"npi":[1467560292,1841223237]}]}]},{"tin":{"type":"ein","value":"620850498"},"service_code":["65"],"billing_class":"institutional","payments":[{"allowed_amount":11.54,"billing_code_modifier":[""],"providers":[{"billed_charge":102.55,"npi":[1467560292,1841223237]}]}]}]},{"name":"HANDLG&\/OR CONVEY OF SPEC FOR TR OFFICE TO LAB","billing_code_type":"CPT","billing_code_type_version":"2020","billing_code":"99000","description":"HANDLG&\/OR CONVEY OF SPEC FOR TR OFFICE TO LAB","allowed_amounts":[{"tin":{"type":"ein","value":"571207559"},"service_code":["11"],"billing_class":"professional","payments":[{"allowed_amount":8.33,"billing_code_modifier":[""],"providers":[{"billed_charge":21.00,"npi":[1659436038,1740531466,1780961102]},{"billed_charge":25.00,"npi":[1659436038,1740531466,1770981839,1780961102]},{"billed_charge":26.00,"npi":[1144782095,1659436038,1740531466,1770981839,1780961102]}]},{"allowed_amount":8.33,"billing_code_modifier":[""],"providers":[{"billed_charge":21.00,"npi":[1659436038,1740531466,1780961102]},{"billed_charge":25.00,"npi":[1659436038,1740531466,1770981839,1780961102]},{"billed_charge":26.00,"npi":[1144782095,1659436038,1740531466,1770981839,1780961102]}]},{"allowed_amount":8.33,"billing_code_modifier":[""],"providers":[{"billed_charge":21.00,"npi":[1659436038,1740531466,1780961102]},{"billed_charge":25.00,"npi":[1659436038,1740531466,1770981839,1780961102]},{"billed_charge":26.00,"npi":[1144782095,1659436038,1740531466,1770981839,1780961102]}]}]},{"tin":{"type":"ein","value":"571207559"},"service_code":["11"],"billing_class":"professional","payments":[{"allowed_amount":8.33,"billing_code_modifier":[""],"providers":[{"billed_charge":21.00,"npi":[1659436038,1740531466,1780961102]},{"billed_charge":25.00,"npi":[1659436038,1740531466,1770981839,1780961102]},{"billed_charge":26.00,"npi":[1144782095,1659436038,1740531466,1770981839,1780961102]}]},{"allowed_amount":8.33,"billing_code_modifier":[""],"providers":[{"billed_charge":21.00,"npi":[1659436038,1740531466,1780961102]},{"billed_charge":25.00,"npi":[1659436038,1740531466,1770981839,1780961102]},{"billed_charge":26.00,"npi":[1144782095,1659436038,1740531466,1770981839,1780961102]}]},{"allowed_amount":8.33,"billing_code_modifier":[""],"providers":[{"billed_charge":21.00,"npi":[1659436038,1740531466,1780961102]},{"billed_charge":25.00,"npi":[1659436038,1740531466,1770981839,1780961102]},{"billed_charge":26.00,"npi":[1144782095,1659436038,1740531466,1770981839,1780961102]}]}]},{"tin":{"type":"ein","value":"571207559"},"service_code":["11"],"billing_class":"professional","payments":[{"allowed_amount":8.33,"billing_code_modifier":[""],"providers":[{"billed_charge":21.00,"npi":[1659436038,1740531466,1780961102]},{"billed_charge":25.00,"npi":[1659436038,1740531466,1770981839,1780961102]},{"billed_charge":26.00,"npi":[1144782095,1659436038,1740531466,1770981839,1780961102]}]},{"allowed_amount":8.33,"billing_code_modifier":[""],"providers":[{"billed_charge":21.00,"npi":[1659436038,1740531466,1780961102]},{"billed_charge":25.00,"npi":[1659436038,1740531466,1770981839,1780961102]},{"billed_charge":26.00,"npi":[1144782095,1659436038,1740531466,1770981839,1780961102]}]},{"allowed_amount":8.33,"billing_code_modifier":[""],"providers":[{"billed_charge":21.00,"npi":[1659436038,1740531466,1780961102]},{"billed_charge":25.00,"npi":[1659436038,1740531466,1770981839,1780961102]},{"billed_charge":26.00,"npi":[1144782095,1659436038,1740531466,1770981839,1780961102]}]}]}]},{"name":"HEMO OPD\/HOME: HEMODIALYSIS COMP OR OTHER RATE","billing_code_type":"RC","billing_code_type_version":"UB04","billing_code":"0821","description":"HEMO OPD\/HOME: HEMODIALYSIS COMP OR OTHER RATE","allowed_amounts":[{"tin":{"type":"ein","value":"620850498"},"service_code":["65"],"billing_class":"institutional","payments":[{"allowed_amount":263.50,"billing_code_modifier":[""],"providers":[{"billed_charge":2870.00,"npi":[1467560292,1841223237]}]}]},{"tin":{"type":"ein","value":"620850498"},"service_code":["65"],"billing_class":"institutional","payments":[{"allowed_amount":322.75,"billing_code_modifier":[""],"providers":[{"billed_charge":2870.00,"npi":[1467560292,1841223237]}]}]},{"tin":{"type":"ein","value":"620850498"},"service_code":["65"],"billing_class":"institutional","payments":[{"allowed_amount":331.68,"billing_code_modifier":[""],"providers":[{"billed_charge":2870.00,"npi":[1467560292,1841223237]}]}]}]},{"name":"HEMOGLOBIN GLYCOSYLATED A1C","billing_code_type":"CPT","billing_code_type_version":"2020","billing_code":"83036","description":"HEMOGLOBIN GLYCOSYLATED A1C","allowed_amounts":[{"tin":{"type":"ein","value":"571207559"},"service_code":["11"],"billing_class":"professional","payments":[{"allowed_amount":8.74,"billing_code_modifier":[""],"providers":[{"billed_charge":82.00,"npi":[1659436038,1780961102]},{"billed_charge":91.00,"npi":[1659436038,1740531466,1770981839,1780961102]}]},{"allowed_amount":8.74,"billing_code_modifier":[""],"providers":[{"billed_charge":82.00,"npi":[1659436038,1780961102]},{"billed_charge":91.00,"npi":[1659436038,1740531466,1770981839,1780961102]}]}]},{"tin":{"type":"ein","value":"571207559"},"service_code":["11"],"billing_class":"professional","payments":[{"allowed_amount":8.74,"billing_code_modifier":[""],"providers":[{"billed_charge":82.00,"npi":[1659436038,1780961102]},{"billed_charge":91.00,"npi":[1659436038,1740531466,1770981839,1780961102]}]},{"allowed_amount":8.74,"billing_code_modifier":[""],"providers":[{"billed_charge":82.00,"npi":[1659436038,1780961102]},{"billed_charge":91.00,"npi":[1659436038,1740531466,1770981839,1780961102]}]}]},{"tin":{"type":"ein","value":"571207559"},"service_code":["11"],"billing_class":"professional","payments":[{"allowed_amount":10.68,"billing_code_modifier":[""],"providers":[{"billed_charge":82.00,"npi":[1659436038,1740531466,1780961102]},{"billed_charge":91.00,"npi":[1659436038,1740531466,1770981839,1780961102]}]},{"allowed_amount":10.68,"billing_code_modifier":[""],"providers":[{"billed_charge":82.00,"npi":[1659436038,1740531466,1780961102]},{"billed_charge":91.00,"npi":[1659436038,1740531466,1770981839,1780961102]}]}]},{"tin":{"type":"ein","value":"571207559"},"service_code":["11"],"billing_class":"professional","payments":[{"allowed_amount":10.68,"billing_code_modifier":[""],"providers":[{"billed_charge":82.00,"npi":[1659436038,1740531466,1780961102]},{"billed_charge":91.00,"npi":[1659436038,1740531466,1770981839,1780961102]}]},{"allowed_amount":10.68,"billing_code_modifier":[""],"providers":[{"billed_charge":82.00,"npi":[1659436038,1740531466,1780961102]},{"billed_charge":91.00,"npi":[1659436038,1740531466,1770981839,1780961102]}]}]},{"tin":{"type":"ein","value":"840611484"},"service_code":["81"],"billing_class":"professional","payments":[{"allowed_amount":8.74,"billing_code_modifier":[""],"providers":[{"billed_charge":81.90,"npi":[1740262880,1861689960]}]}]}]},{"name":"IAAD IA HIV-1 AG W\/HIV-1 & HIV-2 ANTBDY SINGLE","billing_code_type":"CPT","billing_code_type_version":"2020","billing_code":"87389","description":"IAAD IA HIV-1 AG W\/HIV-1 & HIV-2 ANTBDY SINGLE","allowed_amounts":[{"tin":{"type":"ein","value":"571207559"},"service_code":["11"],"billing_class":"professional","payments":[{"allowed_amount":26.49,"billing_code_modifier":[""],"providers":[{"billed_charge":184.00,"npi":[1659436038,1770981839,1780961102]},{"billed_charge":185.00,"npi":[1740531466,1770981839,1780961102]}]},{"allowed_amount":26.49,"billing_code_modifier":[""],"providers":[{"billed_charge":184.00,"npi":[1659436038,1770981839,1780961102]},{"billed_charge":185.00,"npi":[1740531466,1770981839,1780961102]}]}]},{"tin":{"type":"ein","value":"571207559"},"service_code":["11"],"billing_class":"professional","payments":[{"allowed_amount":26.49,"billing_code_modifier":[""],"providers":[{"billed_charge":184.00,"npi":[1659436038,1770981839,1780961102]},{"billed_charge":185.00,"npi":[1740531466,1770981839,1780961102]}]},{"allowed_amount":26.49,"billing_code_modifier":[""],"providers":[{"billed_charge":184.00,"npi":[1659436038,1770981839,1780961102]},{"billed_charge":185.00,"npi":[1740531466,1770981839,1780961102]}]}]}]},{"name":"IAADIADOO INFLUENZA","billing_code_type":"CPT","billing_code_type_version":"2020","billing_code":"87804","description":"IAADIADOO INFLUENZA","allowed_amounts":[{"tin":{"type":"ein","value":"571207559"},"service_code":["11"],"billing_class":"professional","payments":[{"allowed_amount":18.20,"billing_code_modifier":[""],"providers":[{"billed_charge":47.00,"npi":[1659436038,1780961102]},{"billed_charge":75.00,"npi":[1659436038,1740531466,1770981839,1780961102]}]},{"allowed_amount":18.20,"billing_code_modifier":[""],"providers":[{"billed_charge":47.00,"npi":[1659436038,1780961102]},{"billed_charge":75.00,"npi":[1659436038,1740531466,1770981839,1780961102]}]}]},{"tin":{"type":"ein","value":"571207559"},"service_code":["11"],"billing_class":"professional","payments":[{"allowed_amount":18.20,"billing_code_modifier":[""],"providers":[{"billed_charge":47.00,"npi":[1659436038,1780961102]},{"billed_charge":75.00,"npi":[1659436038,1740531466,1770981839,1780961102]}]},{"allowed_amount":18.20,"billing_code_modifier":[""],"providers":[{"billed_charge":47.00,"npi":[1659436038,1780961102]},{"billed_charge":75.00,"npi":[1659436038,1740531466,1770981839,1780961102]}]}]},{"tin":{"type":"ein","value":"992038447"},"service_code":["11"],"billing_class":"professional","payments":[{"allowed_amount":18.20,"billing_code_modifier":[""],"providers":[{"billed_charge":60.00,"npi":[1295582757,1780354092]}]}]}]},{"name":"IAADIADOO SEVERE AQT RESPIR SYND CORONAVIRUS","billing_code_type":"CPT","billing_code_type_version":"2020","billing_code":"87811","description":"IAADIADOO SEVERE AQT RESPIR SYND CORONAVIRUS","allowed_amounts":[{"tin":{"type":"ein","value":"571207559"},"service_code":["11"],"billing_class":"professional","payments":[{"allowed_amount":45.52,"billing_code_modifier":[""],"providers":[{"billed_charge":152.00,"npi":[1659436038,1740531466,1770981839,1780961102]},{"billed_charge":160.00,"npi":[1659436038,1780961102]},{"billed_charge":161.00,"npi":[1740531466,1770981839,1780961102]}]},{"allowed_amount":45.52,"billing_code_modifier":[""],"providers":[{"billed_charge":152.00,"npi":[1659436038,1740531466,1770981839,1780961102]},{"billed_charge":160.00,"npi":[1659436038,1780961102]},{"billed_charge":161.00,"npi":[1740531466,1770981839,1780961102]}]},{"allowed_amount":45.52,"billing_code_modifier":[""],"providers":[{"billed_charge":152.00,"npi":[1659436038,1740531466,1770981839,1780961102]},{"billed_charge":160.00,"npi":[1659436038,1780961102]},{"billed_charge":161.00,"npi":[1740531466,1770981839,1780961102]}]}]},{"tin":{"type":"ein","value":"571207559"},"service_code":["11"],"billing_class":"professional","payments":[{"allowed_amount":45.52,"billing_code_modifier":[""],"providers":[{"billed_charge":152.00,"npi":[1659436038,1740531466,1770981839,1780961102]},{"billed_charge":160.00,"npi":[1659436038,1780961102]},{"billed_charge":161.00,"npi":[1740531466,1770981839,1780961102]}]},{"allowed_amount":45.52,"billing_code_modifier":[""],"providers":[{"billed_charge":152.00,"npi":[1659436038,1740531466,1770981839,1780961102]},{"billed_charge":160.00,"npi":[1659436038,1780961102]},{"billed_charge":161.00,"npi":[1740531466,1770981839,1780961102]}]},{"allowed_amount":45.52,"billing_code_modifier":[""],"providers":[{"billed_charge":152.00,"npi":[1659436038,1740531466,1770981839,1780961102]},{"billed_charge":160.00,"npi":[1659436038,1780961102]},{"billed_charge":161.00,"npi":[1740531466,1770981839,1780961102]}]}]},{"tin":{"type":"ein","value":"571207559"},"service_code":["11"],"billing_class":"professional","payments":[{"allowed_amount":45.52,"billing_code_modifier":[""],"providers":[{"billed_charge":152.00,"npi":[1659436038,1740531466,1770981839,1780961102]},{"billed_charge":160.00,"npi":[1659436038,1780961102]},{"billed_charge":161.00,"npi":[1740531466,1770981839,1780961102]}]},{"allowed_amount":45.52,"billing_code_modifier":[""],"providers":[{"billed_charge":152.00,"npi":[1659436038,1740531466,1770981839,1780961102]},{"billed_charge":160.00,"npi":[1659436038,1780961102]},{"billed_charge":161.00,"npi":[1740531466,1770981839,1780961102]}]},{"allowed_amount":45.52,"billing_code_modifier":[""],"providers":[{"billed_charge":152.00,"npi":[1659436038,1740531466,1770981839,1780961102]},{"billed_charge":160.00,"npi":[1659436038,1780961102]},{"billed_charge":161.00,"npi":[1740531466,1770981839,1780961102]}]}]}]},{"name":"IAADIADOO STREPTOCOCCUS GROUP A","billing_code_type":"CPT","billing_code_type_version":"2020","billing_code":"87880","description":"IAADIADOO STREPTOCOCCUS GROUP A","allowed_amounts":[{"tin":{"type":"ein","value":"571207559"},"service_code":["11"],"billing_class":"professional","payments":[{"allowed_amount":18.18,"billing_code_modifier":[""],"providers":[{"billed_charge":55.00,"npi":[1659436038,1740531466,1770981839,1780961102]}]}]},{"tin":{"type":"ein","value":"992038447"},"service_code":["11"],"billing_class":"professional","payments":[{"allowed_amount":18.18,"billing_code_modifier":[""],"providers":[{"billed_charge":50.00,"npi":[1295582757,1780354092]}]}]}]},{"name":"IADNA CANDIDA SPECIES AMPLIFIED PROBE TQ","billing_code_type":"CPT","billing_code_type_version":"2020","billing_code":"87481","description":"IADNA CANDIDA SPECIES AMPLIFIED PROBE TQ","allowed_amounts":[{"tin":{"type":"ein","value":"874778672"},"service_code":["81"],"billing_class":"professional","payments":[{"allowed_amount":77.20,"billing_code_modifier":[""],"providers":[{"billed_charge":105.28,"npi":[1114540960,1154863173,1619618469,1801195276]}]}]}]},{"name":"IADNA CANDIDA SPECIES DIRECT PROBE TQ","billing_code_type":"CPT","billing_code_type_version":"2020","billing_code":"87480","description":"IADNA CANDIDA SPECIES DIRECT PROBE TQ","allowed_amounts":[{"tin":{"type":"ein","value":"571207559"},"service_code":["11"],"billing_class":"professional","payments":[{"allowed_amount":22.06,"billing_code_modifier":[""],"providers":[{"billed_charge":113.00,"npi":[1740531466,1780961102]},{"billed_charge":118.00,"npi":[1740531466,1770981839,1780961102]}]},{"allowed_amount":22.06,"billing_code_modifier":[""],"providers":[{"billed_charge":113.00,"npi":[1740531466,1780961102]},{"billed_charge":118.00,"npi":[1740531466,1770981839,1780961102]}]}]},{"tin":{"type":"ein","value":"571207559"},"service_code":["11"],"billing_class":"professional","payments":[{"allowed_amount":22.06,"billing_code_modifier":[""],"providers":[{"billed_charge":113.00,"npi":[1740531466,1780961102]},{"billed_charge":118.00,"npi":[1740531466,1770981839,1780961102]}]},{"allowed_amount":22.06,"billing_code_modifier":[""],"providers":[{"billed_charge":113.00,"npi":[1740531466,1780961102]},{"billed_charge":118.00,"npi":[1740531466,1770981839,1780961102]}]}]}]},{"name":"IADNA CHLAMYDIA TRACHOMATIS AMPLIFIED PROBE TQ","billing_code_type":"CPT","billing_code_type_version":"2020","billing_code":"87491","description":"IADNA CHLAMYDIA TRACHOMATIS AMPLIFIED PROBE TQ","allowed_amounts":[{"tin":{"type":"ein","value":"571207559"},"service_code":["11"],"billing_class":"professional","payments":[{"allowed_amount":38.60,"billing_code_modifier":[""],"providers":[{"billed_charge":97.00,"npi":[1659436038,1740531466,1780961102]},{"billed_charge":155.00,"npi":[1740531466,1770981839,1780961102]},{"billed_charge":156.00,"npi":[1659436038,1740531466,1770981839,1780961102]}]},{"allowed_amount":38.60,"billing_code_modifier":[""],"providers":[{"billed_charge":97.00,"npi":[1659436038,1740531466,1780961102]},{"billed_charge":155.00,"npi":[1740531466,1770981839,1780961102]},{"billed_charge":156.00,"npi":[1659436038,1740531466,1770981839,1780961102]}]},{"allowed_amount":38.60,"billing_code_modifier":[""],"providers":[{"billed_charge":97.00,"npi":[1659436038,1740531466,1780961102]},{"billed_charge":155.00,"npi":[1740531466,1770981839,1780961102]},{"billed_charge":156.00,"npi":[1659436038,1740531466,1770981839,1780961102]}]}]},{"tin":{"type":"ein","value":"571207559"},"service_code":["11"],"billing_class":"professional","payments":[{"allowed_amount":38.60,"billing_code_modifier":[""],"providers":[{"billed_charge":97.00,"npi":[1659436038,1740531466,1780961102]},{"billed_charge":155.00,"npi":[1740531466,1770981839,1780961102]},{"billed_charge":156.00,"npi":[1659436038,1740531466,1770981839,1780961102]}]},{"allowed_amount":38.60,"billing_code_modifier":[""],"providers":[{"billed_charge":97.00,"npi":[1659436038,1740531466,1780961102]},{"billed_charge":155.00,"npi":[1740531466,1770981839,1780961102]},{"billed_charge":156.00,"npi":[1659436038,1740531466,1770981839,1780961102]}]},{"allowed_amount":38.60,"billing_code_modifier":[""],"providers":[{"billed_charge":97.00,"npi":[1659436038,1740531466,1780961102]},{"billed_charge":155.00,"npi":[1740531466,1770981839,1780961102]},{"billed_charge":156.00,"npi":[1659436038,1740531466,1770981839,1780961102]}]}]},{"tin":{"type":"ein","value":"571207559"},"service_code":["11"],"billing_class":"professional","payments":[{"allowed_amount":38.60,"billing_code_modifier":[""],"providers":[{"billed_charge":97.00,"npi":[1659436038,1740531466,1780961102]},{"billed_charge":155.00,"npi":[1740531466,1770981839,1780961102]},{"billed_charge":156.00,"npi":[1659436038,1740531466,1770981839,1780961102]}]},{"allowed_amount":38.60,"billing_code_modifier":[""],"providers":[{"billed_charge":97.00,"npi":[1659436038,1740531466,1780961102]},{"billed_charge":155.00,"npi":[1740531466,1770981839,1780961102]},{"billed_charge":156.00,"npi":[1659436038,1740531466,1770981839,1780961102]}]},{"allowed_amount":38.60,"billing_code_modifier":[""],"providers":[{"billed_charge":97.00,"npi":[1659436038,1740531466,1780961102]},{"billed_charge":155.00,"npi":[1740531466,1770981839,1780961102]},{"billed_charge":156.00,"npi":[1659436038,1740531466,1770981839,1780961102]}]}]},{"tin":{"type":"ein","value":"942227764"},"service_code":["81"],"billing_class":"professional","payments":[{"allowed_amount":38.60,"billing_code_modifier":[""],"providers":[{"billed_charge":97.48,"npi":[1225382161,1417636093,1962405290]}]}]}]},{"name":"IADNA GARDNERELLA VAGINALIS DIRECT PROBE TQ","billing_code_type":"CPT","billing_code_type_version":"2020","billing_code":"87510","description":"IADNA GARDNERELLA VAGINALIS DIRECT PROBE TQ","allowed_amounts":[{"tin":{"type":"ein","value":"571207559"},"service_code":["11"],"billing_class":"professional","payments":[{"allowed_amount":22.06,"billing_code_modifier":[""],"providers":[{"billed_charge":113.00,"npi":[1740531466,1780961102]},{"billed_charge":118.00,"npi":[1740531466,1770981839,1780961102]}]},{"allowed_amount":22.06,"billing_code_modifier":[""],"providers":[{"billed_charge":113.00,"npi":[1740531466,1780961102]},{"billed_charge":118.00,"npi":[1740531466,1770981839,1780961102]}]}]},{"tin":{"type":"ein","value":"571207559"},"service_code":["11"],"billing_class":"professional","payments":[{"allowed_amount":22.06,"billing_code_modifier":[""],"providers":[{"billed_charge":113.00,"npi":[1740531466,1780961102]},{"billed_charge":118.00,"npi":[1740531466,1770981839,1780961102]}]},{"allowed_amount":22.06,"billing_code_modifier":[""],"providers":[{"billed_charge":113.00,"npi":[1740531466,1780961102]},{"billed_charge":118.00,"npi":[1740531466,1770981839,1780961102]}]}]}]},{"name":"IADNA MULTIPLE ORGANISMS AMPLIFIED PROBE TQ","billing_code_type":"CPT","billing_code_type_version":"2020","billing_code":"87801","description":"IADNA MULTIPLE ORGANISMS AMPLIFIED PROBE TQ","allowed_amounts":[{"tin":{"type":"ein","value":"874778672"},"service_code":["81"],"billing_class":"professional","payments":[{"allowed_amount":231.66,"billing_code_modifier":[""],"providers":[{"billed_charge":315.90,"npi":[1114540960,1154863173,1619618469,1649367194,1801195276,1932577889]}]}]}]},{"name":"IADNA NEISSERIA GONORRHOEAE AMPLIFIED PROBE TQ","billing_code_type":"CPT","billing_code_type_version":"2020","billing_code":"87591","description":"IADNA NEISSERIA GONORRHOEAE AMPLIFIED PROBE TQ","allowed_amounts":[{"tin":{"type":"ein","value":"571207559"},"service_code":["11"],"billing_class":"professional","payments":[{"allowed_amount":38.60,"billing_code_modifier":[""],"providers":[{"billed_charge":97.00,"npi":[1659436038,1740531466,1780961102]},{"billed_charge":155.00,"npi":[1659436038,1740531466,1770981839,1780961102]},{"billed_charge":156.00,"npi":[1740531466,1770981839,1780961102]}]},{"allowed_amount":38.60,"billing_code_modifier":[""],"providers":[{"billed_charge":97.00,"npi":[1659436038,1740531466,1780961102]},{"billed_charge":155.00,"npi":[1659436038,1740531466,1770981839,1780961102]},{"billed_charge":156.00,"npi":[1740531466,1770981839,1780961102]}]},{"allowed_amount":38.60,"billing_code_modifier":[""],"providers":[{"billed_charge":97.00,"npi":[1659436038,1740531466,1780961102]},{"billed_charge":155.00,"npi":[1659436038,1740531466,1770981839,1780961102]},{"billed_charge":156.00,"npi":[1740531466,1770981839,1780961102]}]}]},{"tin":{"type":"ein","value":"571207559"},"service_code":["11"],"billing_class":"professional","payments":[{"allowed_amount":38.60,"billing_code_modifier":[""],"providers":[{"billed_charge":97.00,"npi":[1659436038,1740531466,1780961102]},{"billed_charge":155.00,"npi":[1659436038,1740531466,1770981839,1780961102]},{"billed_charge":156.00,"npi":[1740531466,1770981839,1780961102]}]},{"allowed_amount":38.60,"billing_code_modifier":[""],"providers":[{"billed_charge":97.00,"npi":[1659436038,1740531466,1780961102]},{"billed_charge":155.00,"npi":[1659436038,1740531466,1770981839,1780961102]},{"billed_charge":156.00,"npi":[1740531466,1770981839,1780961102]}]},{"allowed_amount":38.60,"billing_code_modifier":[""],"providers":[{"billed_charge":97.00,"npi":[1659436038,1740531466,1780961102]},{"billed_charge":155.00,"npi":[1659436038,1740531466,1770981839,1780961102]},{"billed_charge":156.00,"npi":[1740531466,1770981839,1780961102]}]}]},{"tin":{"type":"ein","value":"571207559"},"service_code":["11"],"billing_class":"professional","payments":[{"allowed_amount":38.60,"billing_code_modifier":[""],"providers":[{"billed_charge":97.00,"npi":[1659436038,1740531466,1780961102]},{"billed_charge":155.00,"npi":[1659436038,1740531466,1770981839,1780961102]},{"billed_charge":156.00,"npi":[1740531466,1770981839,1780961102]}]},{"allowed_amount":38.60,"billing_code_modifier":[""],"providers":[{"billed_charge":97.00,"npi":[1659436038,1740531466,1780961102]},{"billed_charge":155.00,"npi":[1659436038,1740531466,1770981839,1780961102]},{"billed_charge":156.00,"npi":[1740531466,1770981839,1780961102]}]},{"allowed_amount":38.60,"billing_code_modifier":[""],"providers":[{"billed_charge":97.00,"npi":[1659436038,1740531466,1780961102]},{"billed_charge":155.00,"npi":[1659436038,1740531466,1770981839,1780961102]},{"billed_charge":156.00,"npi":[1740531466,1770981839,1780961102]}]}]},{"tin":{"type":"ein","value":"942227764"},"service_code":["81"],"billing_class":"professional","payments":[{"allowed_amount":38.60,"billing_code_modifier":[""],"providers":[{"billed_charge":97.48,"npi":[1225382161,1417636093,1962405290]}]}]}]},{"name":"IADNA NOS AMPLIFIED PROBE TQ EACH ORGANISM","billing_code_type":"CPT","billing_code_type_version":"2020","billing_code":"87798","description":"IADNA NOS AMPLIFIED PROBE TQ EACH ORGANISM","allowed_amounts":[{"tin":{"type":"ein","value":"874778672"},"service_code":["81"],"billing_class":"professional","payments":[{"allowed_amount":501.79,"billing_code_modifier":[""],"providers":[{"billed_charge":684.32,"npi":[1114540960,1154863173,1619618469,1801195276,1932577889]}]}]}]},{"name":"IADNA RESPIRATRY PROBE & REV TRNSCR 3-5 TARGETS","billing_code_type":"CPT","billing_code_type_version":"2020","billing_code":"87631","description":"IADNA RESPIRATRY PROBE & REV TRNSCR 3-5 TARGETS","allowed_amounts":[{"tin":{"type":"ein","value":"874778672"},"service_code":["81"],"billing_class":"professional","payments":[{"allowed_amount":156.89,"billing_code_modifier":[""],"providers":[{"billed_charge":213.95,"npi":[1114540960,1154863173,1619618469,1629392469]}]}]}]},{"name":"IADNA S AUREUS METHICILLIN RESIST AMP PROBE TQ","billing_code_type":"CPT","billing_code_type_version":"2020","billing_code":"87641","description":"IADNA S AUREUS METHICILLIN RESIST AMP PROBE TQ","allowed_amounts":[{"tin":{"type":"ein","value":"874778672"},"service_code":["81"],"billing_class":"professional","payments":[{"allowed_amount":38.60,"billing_code_modifier":[""],"providers":[{"billed_charge":52.64,"npi":[1114540960,1154863173,1619618469,1801195276,1932577889]}]}]}]},{"name":"IADNA SARS-COV-2 COVID-19 AMPLIFIED PROBE TQ","billing_code_type":"CPT","billing_code_type_version":"2020","billing_code":"87635","description":"IADNA SARS-COV-2 COVID-19 AMPLIFIED PROBE TQ","allowed_amounts":[{"tin":{"type":"ein","value":"571207559"},"service_code":["11"],"billing_class":"professional","payments":[{"allowed_amount":56.44,"billing_code_modifier":[""],"providers":[{"billed_charge":130.00,"npi":[1659436038,1740531466,1780961102]},{"billed_charge":155.00,"npi":[1740531466,1780961102]},{"billed_charge":166.00,"npi":[1659436038,1740531466,1770981839,1780961102]}]},{"allowed_amount":56.44,"billing_code_modifier":[""],"providers":[{"billed_charge":130.00,"npi":[1659436038,1740531466,1780961102]},{"billed_charge":155.00,"npi":[1740531466,1780961102]},{"billed_charge":166.00,"npi":[1659436038,1740531466,1770981839,1780961102]}]},{"allowed_amount":56.44,"billing_code_modifier":[""],"providers":[{"billed_charge":130.00,"npi":[1659436038,1740531466,1780961102]},{"billed_charge":155.00,"npi":[1740531466,1780961102]},{"billed_charge":166.00,"npi":[1659436038,1740531466,1770981839,1780961102]}]}]},{"tin":{"type":"ein","value":"571207559"},"service_code":["11"],"billing_class":"professional","payments":[{"allowed_amount":56.44,"billing_code_modifier":[""],"providers":[{"billed_charge":130.00,"npi":[1659436038,1740531466,1780961102]},{"billed_charge":155.00,"npi":[1740531466,1780961102]},{"billed_charge":166.00,"npi":[1659436038,1740531466,1770981839,1780961102]}]},{"allowed_amount":56.44,"billing_code_modifier":[""],"providers":[{"billed_charge":130.00,"npi":[1659436038,1740531466,1780961102]},{"billed_charge":155.00,"npi":[1740531466,1780961102]},{"billed_charge":166.00,"npi":[1659436038,1740531466,1770981839,1780961102]}]},{"allowed_amount":56.44,"billing_code_modifier":[""],"providers":[{"billed_charge":130.00,"npi":[1659436038,1740531466,1780961102]},{"billed_charge":155.00,"npi":[1740531466,1780961102]},{"billed_charge":166.00,"npi":[1659436038,1740531466,1770981839,1780961102]}]}]},{"tin":{"type":"ein","value":"571207559"},"service_code":["11"],"billing_class":"professional","payments":[{"allowed_amount":56.44,"billing_code_modifier":[""],"providers":[{"billed_charge":130.00,"npi":[1659436038,1740531466,1780961102]},{"billed_charge":155.00,"npi":[1740531466,1780961102]},{"billed_charge":166.00,"npi":[1659436038,1740531466,1770981839,1780961102]}]},{"allowed_amount":56.44,"billing_code_modifier":[""],"providers":[{"billed_charge":130.00,"npi":[1659436038,1740531466,1780961102]},{"billed_charge":155.00,"npi":[1740531466,1780961102]},{"billed_charge":166.00,"npi":[1659436038,1740531466,1770981839,1780961102]}]},{"allowed_amount":56.44,"billing_code_modifier":[""],"providers":[{"billed_charge":130.00,"npi":[1659436038,1740531466,1780961102]},{"billed_charge":155.00,"npi":[1740531466,1780961102]},{"billed_charge":166.00,"npi":[1659436038,1740531466,1770981839,1780961102]}]}]}]},{"name":"IADNA STREPTOCOCCUS GROUP B AMPLIFIED PROBE TQ","billing_code_type":"CPT","billing_code_type_version":"2020","billing_code":"87653","description":"IADNA STREPTOCOCCUS GROUP B AMPLIFIED PROBE TQ","allowed_amounts":[{"tin":{"type":"ein","value":"874778672"},"service_code":["81"],"billing_class":"professional","payments":[{"allowed_amount":38.60,"billing_code_modifier":[""],"providers":[{"billed_charge":52.64,"npi":[1114540960,1154863173,1619618469,1801195276]}]}]}]},{"name":"IADNA TRICHOMONAS VAGINALIS AMPLIFIED PROBE TECH","billing_code_type":"CPT","billing_code_type_version":"2020","billing_code":"87661","description":"IADNA TRICHOMONAS VAGINALIS AMPLIFIED PROBE TECH","allowed_amounts":[{"tin":{"type":"ein","value":"571207559"},"service_code":["11"],"billing_class":"professional","payments":[{"allowed_amount":38.60,"billing_code_modifier":[""],"providers":[{"billed_charge":81.00,"npi":[1659436038,1770981839,1780961102]},{"billed_charge":111.00,"npi":[1740531466,1780961102]}]},{"allowed_amount":38.60,"billing_code_modifier":[""],"providers":[{"billed_charge":81.00,"npi":[1659436038,1770981839,1780961102]},{"billed_charge":111.00,"npi":[1740531466,1780961102]}]}]},{"tin":{"type":"ein","value":"571207559"},"service_code":["11"],"billing_class":"professional","payments":[{"allowed_amount":38.60,"billing_code_modifier":[""],"providers":[{"billed_charge":81.00,"npi":[1659436038,1770981839,1780961102]},{"billed_charge":111.00,"npi":[1740531466,1780961102]}]},{"allowed_amount":38.60,"billing_code_modifier":[""],"providers":[{"billed_charge":81.00,"npi":[1659436038,1770981839,1780961102]},{"billed_charge":111.00,"npi":[1740531466,1780961102]}]}]},{"tin":{"type":"ein","value":"942227764"},"service_code":["81"],"billing_class":"professional","payments":[{"allowed_amount":38.60,"billing_code_modifier":[""],"providers":[{"billed_charge":80.40,"npi":[1225382161,1417636093,1962405290]}]}]}]},{"name":"IADNA TRICHOMONAS VAGINALIS DIRECT PROBE TQ","billing_code_type":"CPT","billing_code_type_version":"2020","billing_code":"87660","description":"IADNA TRICHOMONAS VAGINALIS DIRECT PROBE TQ","allowed_amounts":[{"tin":{"type":"ein","value":"571207559"},"service_code":["11"],"billing_class":"professional","payments":[{"allowed_amount":22.06,"billing_code_modifier":[""],"providers":[{"billed_charge":120.00,"npi":[1740531466,1780961102]},{"billed_charge":121.00,"npi":[1740531466,1770981839,1780961102]}]},{"allowed_amount":22.06,"billing_code_modifier":[""],"providers":[{"billed_charge":120.00,"npi":[1740531466,1780961102]},{"billed_charge":121.00,"npi":[1740531466,1770981839,1780961102]}]}]},{"tin":{"type":"ein","value":"571207559"},"service_code":["11"],"billing_class":"professional","payments":[{"allowed_amount":22.06,"billing_code_modifier":[""],"providers":[{"billed_charge":120.00,"npi":[1740531466,1780961102]},{"billed_charge":121.00,"npi":[1740531466,1770981839,1780961102]}]},{"allowed_amount":22.06,"billing_code_modifier":[""],"providers":[{"billed_charge":120.00,"npi":[1740531466,1780961102]},{"billed_charge":121.00,"npi":[1740531466,1770981839,1780961102]}]}]}]},{"name":"IIV3 VACC PRESERVATIVE FREE 0.5 ML DOSAGE IM USE","billing_code_type":"CPT","billing_code_type_version":"2020","billing_code":"90656","description":"IIV3 VACC PRESERVATIVE FREE 0.5 ML DOSAGE IM USE","allowed_amounts":[{"tin":{"type":"ein","value":"571207559"},"service_code":["11"],"billing_class":"professional","payments":[{"allowed_amount":24.58,"billing_code_modifier":[""],"providers":[{"billed_charge":42.78,"npi":[1740531466,1780961102]},{"billed_charge":43.00,"npi":[1770981839,1780961102]},{"billed_charge":46.00,"npi":[1659436038,1740531466,1770981839,1780961102]},{"billed_charge":50.00,"npi":[1659436038,1770981839,1780961102]}]},{"allowed_amount":24.58,"billing_code_modifier":[""],"providers":[{"billed_charge":42.78,"npi":[1740531466,1780961102]},{"billed_charge":43.00,"npi":[1770981839,1780961102]},{"billed_charge":46.00,"npi":[1659436038,1740531466,1770981839,1780961102]},{"billed_charge":50.00,"npi":[1659436038,1770981839,1780961102]}]},{"allowed_amount":24.58,"billing_code_modifier":[""],"providers":[{"billed_charge":42.78,"npi":[1740531466,1780961102]},{"billed_charge":43.00,"npi":[1770981839,1780961102]},{"billed_charge":46.00,"npi":[1659436038,1740531466,1770981839,1780961102]},{"billed_charge":50.00,"npi":[1659436038,1770981839,1780961102]}]},{"allowed_amount":24.58,"billing_code_modifier":[""],"providers":[{"billed_charge":42.78,"npi":[1740531466,1780961102]},{"billed_charge":43.00,"npi":[1770981839,1780961102]},{"billed_charge":46.00,"npi":[1659436038,1740531466,1770981839,1780961102]},{"billed_charge":50.00,"npi":[1659436038,1770981839,1780961102]}]}]},{"tin":{"type":"ein","value":"571207559"},"service_code":["11"],"billing_class":"professional","payments":[{"allowed_amount":24.58,"billing_code_modifier":[""],"providers":[{"billed_charge":42.78,"npi":[1740531466,1780961102]},{"billed_charge":43.00,"npi":[1770981839,1780961102]},{"billed_charge":46.00,"npi":[1659436038,1740531466,1770981839,1780961102]},{"billed_charge":50.00,"npi":[1659436038,1770981839,1780961102]}]},{"allowed_amount":24.58,"billing_code_modifier":[""],"providers":[{"billed_charge":42.78,"npi":[1740531466,1780961102]},{"billed_charge":43.00,"npi":[1770981839,1780961102]},{"billed_charge":46.00,"npi":[1659436038,1740531466,1770981839,1780961102]},{"billed_charge":50.00,"npi":[1659436038,1770981839,1780961102]}]},{"allowed_amount":24.58,"billing_code_modifier":[""],"providers":[{"billed_charge":42.78,"npi":[1740531466,1780961102]},{"billed_charge":43.00,"npi":[1770981839,1780961102]},{"billed_charge":46.00,"npi":[1659436038,1740531466,1770981839,1780961102]},{"billed_charge":50.00,"npi":[1659436038,1770981839,1780961102]}]},{"allowed_amount":24.58,"billing_code_modifier":[""],"providers":[{"billed_charge":42.78,"npi":[1740531466,1780961102]},{"billed_charge":43.00,"npi":[1770981839,1780961102]},{"billed_charge":46.00,"npi":[1659436038,1740531466,1770981839,1780961102]},{"billed_charge":50.00,"npi":[1659436038,1770981839,1780961102]}]}]},{"tin":{"type":"ein","value":"571207559"},"service_code":["11"],"billing_class":"professional","payments":[{"allowed_amount":24.58,"billing_code_modifier":[""],"providers":[{"billed_charge":42.78,"npi":[1740531466,1780961102]},{"billed_charge":43.00,"npi":[1770981839,1780961102]},{"billed_charge":46.00,"npi":[1659436038,1740531466,1770981839,1780961102]},{"billed_charge":50.00,"npi":[1659436038,1770981839,1780961102]}]},{"allowed_amount":24.58,"billing_code_modifier":[""],"providers":[{"billed_charge":42.78,"npi":[1740531466,1780961102]},{"billed_charge":43.00,"npi":[1770981839,1780961102]},{"billed_charge":46.00,"npi":[1659436038,1740531466,1770981839,1780961102]},{"billed_charge":50.00,"npi":[1659436038,1770981839,1780961102]}]},{"allowed_amount":24.58,"billing_code_modifier":[""],"providers":[{"billed_charge":42.78,"npi":[1740531466,1780961102]},{"billed_charge":43.00,"npi":[1770981839,1780961102]},{"billed_charge":46.00,"npi":[1659436038,1740531466,1770981839,1780961102]},{"billed_charge":50.00,"npi":[1659436038,1770981839,1780961102]}]},{"allowed_amount":24.58,"billing_code_modifier":[""],"providers":[{"billed_charge":42.78,"npi":[1740531466,1780961102]},{"billed_charge":43.00,"npi":[1770981839,1780961102]},{"billed_charge":46.00,"npi":[1659436038,1740531466,1770981839,1780961102]},{"billed_charge":50.00,"npi":[1659436038,1770981839,1780961102]}]}]},{"tin":{"type":"ein","value":"571207559"},"service_code":["11"],"billing_class":"professional","payments":[{"allowed_amount":24.58,"billing_code_modifier":[""],"providers":[{"billed_charge":42.78,"npi":[1740531466,1780961102]},{"billed_charge":43.00,"npi":[1770981839,1780961102]},{"billed_charge":46.00,"npi":[1659436038,1740531466,1770981839,1780961102]},{"billed_charge":50.00,"npi":[1659436038,1770981839,1780961102]}]},{"allowed_amount":24.58,"billing_code_modifier":[""],"providers":[{"billed_charge":42.78,"npi":[1740531466,1780961102]},{"billed_charge":43.00,"npi":[1770981839,1780961102]},{"billed_charge":46.00,"npi":[1659436038,1740531466,1770981839,1780961102]},{"billed_charge":50.00,"npi":[1659436038,1770981839,1780961102]}]},{"allowed_amount":24.58,"billing_code_modifier":[""],"providers":[{"billed_charge":42.78,"npi":[1740531466,1780961102]},{"billed_charge":43.00,"npi":[1770981839,1780961102]},{"billed_charge":46.00,"npi":[1659436038,1740531466,1770981839,1780961102]},{"billed_charge":50.00,"npi":[1659436038,1770981839,1780961102]}]},{"allowed_amount":24.58,"billing_code_modifier":[""],"providers":[{"billed_charge":42.78,"npi":[1740531466,1780961102]},{"billed_charge":43.00,"npi":[1770981839,1780961102]},{"billed_charge":46.00,"npi":[1659436038,1740531466,1770981839,1780961102]},{"billed_charge":50.00,"npi":[1659436038,1770981839,1780961102]}]}]}]},{"name":"IM ADM PRQ ID SUBQ\/IM NJXS 1 VACCINE","billing_code_type":"CPT","billing_code_type_version":"2020","billing_code":"90471","description":"IM ADM PRQ ID SUBQ\/IM NJXS 1 VACCINE","allowed_amounts":[{"tin":{"type":"ein","value":"571207559"},"service_code":["11"],"billing_class":"professional","payments":[{"allowed_amount":22.00,"billing_code_modifier":[""],"providers":[{"billed_charge":63.00,"npi":[1164155131,1659436038,1740531466,1770981839,1780961102]}]}]},{"tin":{"type":"ein","value":"571207559"},"service_code":["11"],"billing_class":"professional","payments":[{"allowed_amount":22.65,"billing_code_modifier":[""],"providers":[{"billed_charge":54.00,"npi":[1740531466,1770981839,1780961102]},{"billed_charge":62.00,"npi":[1659436038,1740531466,1770981839,1780961102]}]},{"allowed_amount":22.65,"billing_code_modifier":[""],"providers":[{"billed_charge":54.00,"npi":[1740531466,1770981839,1780961102]},{"billed_charge":62.00,"npi":[1659436038,1740531466,1770981839,1780961102]}]}]},{"tin":{"type":"ein","value":"571207559"},"service_code":["11"],"billing_class":"professional","payments":[{"allowed_amount":22.65,"billing_code_modifier":[""],"providers":[{"billed_charge":54.00,"npi":[1740531466,1770981839,1780961102]},{"billed_charge":62.00,"npi":[1659436038,1740531466,1770981839,1780961102]}]},{"allowed_amount":22.65,"billing_code_modifier":[""],"providers":[{"billed_charge":54.00,"npi":[1740531466,1770981839,1780961102]},{"billed_charge":62.00,"npi":[1659436038,1740531466,1770981839,1780961102]}]}]}]},{"name":"INFECTIOUS AGENT DNA\/RNA VANCOMYCIN RESISTANCE","billing_code_type":"CPT","billing_code_type_version":"2020","billing_code":"87500","description":"INFECTIOUS AGENT DNA\/RNA VANCOMYCIN RESISTANCE","allowed_amounts":[{"tin":{"type":"ein","value":"874778672"},"service_code":["81"],"billing_class":"professional","payments":[{"allowed_amount":38.60,"billing_code_modifier":[""],"providers":[{"billed_charge":52.64,"npi":[1114540960,1154863173,1619618469,1801195276,1932577889]}]}]}]},{"name":"LIPID PANEL","billing_code_type":"CPT","billing_code_type_version":"2020","billing_code":"80061","description":"LIPID PANEL","allowed_amounts":[{"tin":{"type":"ein","value":"571207559"},"service_code":["11"],"billing_class":"professional","payments":[{"allowed_amount":14.73,"billing_code_modifier":[""],"providers":[{"billed_charge":114.00,"npi":[1659436038,1740531466,1780961102]},{"billed_charge":121.00,"npi":[1659436038,1740531466,1770981839,1780961102]}]},{"allowed_amount":14.73,"billing_code_modifier":[""],"providers":[{"billed_charge":114.00,"npi":[1659436038,1740531466,1780961102]},{"billed_charge":121.00,"npi":[1659436038,1740531466,1770981839,1780961102]}]}]},{"tin":{"type":"ein","value":"571207559"},"service_code":["11"],"billing_class":"professional","payments":[{"allowed_amount":14.73,"billing_code_modifier":[""],"providers":[{"billed_charge":114.00,"npi":[1659436038,1740531466,1780961102]},{"billed_charge":121.00,"npi":[1659436038,1740531466,1770981839,1780961102]}]},{"allowed_amount":14.73,"billing_code_modifier":[""],"providers":[{"billed_charge":114.00,"npi":[1659436038,1740531466,1780961102]},{"billed_charge":121.00,"npi":[1659436038,1740531466,1770981839,1780961102]}]}]},{"tin":{"type":"ein","value":"840611484"},"service_code":["81"],"billing_class":"professional","payments":[{"allowed_amount":14.73,"billing_code_modifier":[""],"providers":[{"billed_charge":107.10,"npi":[1740262880,1861689960]}]}]}]},{"name":"MANUAL THERAPY TQS 1\/> REGIONS EACH 15 MINUTES","billing_code_type":"CPT","billing_code_type_version":"2020","billing_code":"97140","description":"MANUAL THERAPY TQS 1\/> REGIONS EACH 15 MINUTES","allowed_amounts":[{"tin":{"type":"ein","value":"853685596"},"service_code":["11"],"billing_class":"professional","payments":[{"allowed_amount":23.50,"billing_code_modifier":[""],"providers":[{"billed_charge":100.00,"npi":[1275993669,1700478492]}]}]}]},{"name":"MEDICAL\/SURGICAL SUPPLIES","billing_code_type":"RC","billing_code_type_version":"UB04","billing_code":"0270","description":"MEDICAL\/SURGICAL SUPPLIES","allowed_amounts":[{"tin":{"type":"ein","value":"620850498"},"service_code":["65"],"billing_class":"institutional","payments":[{"allowed_amount":3.12,"billing_code_modifier":[""],"providers":[{"billed_charge":27.72,"npi":[1467560292,1841223237]}]}]}]},{"name":"OFFICE\/OUTPATIENT EST PT MAY NOT REQ PHYS\/QHP","billing_code_type":"CPT","billing_code_type_version":"2020","billing_code":"99211","description":"OFFICE\/OUTPATIENT EST PT MAY NOT REQ PHYS\/QHP","allowed_amounts":[{"tin":{"type":"ein","value":"571207559"},"service_code":["11"],"billing_class":"professional","payments":[{"allowed_amount":24.85,"billing_code_modifier":[""],"providers":[{"billed_charge":101.00,"npi":[1144782095,1164155131,1235441650,1659436038,1740531466,1770981839,1780961102]}]}]},{"tin":{"type":"ein","value":"571207559"},"service_code":["11"],"billing_class":"professional","payments":[{"allowed_amount":25.58,"billing_code_modifier":[""],"providers":[{"billed_charge":64.00,"npi":[1659436038,1740531466,1780961102]},{"billed_charge":77.91,"npi":[1659436038,1740531466,1780961102]},{"billed_charge":101.00,"npi":[1659436038,1740531466,1770981839,1780961102]}]},{"allowed_amount":25.58,"billing_code_modifier":[""],"providers":[{"billed_charge":64.00,"npi":[1659436038,1740531466,1780961102]},{"billed_charge":77.91,"npi":[1659436038,1740531466,1780961102]},{"billed_charge":101.00,"npi":[1659436038,1740531466,1770981839,1780961102]}]},{"allowed_amount":25.58,"billing_code_modifier":[""],"providers":[{"billed_charge":64.00,"npi":[1659436038,1740531466,1780961102]},{"billed_charge":77.91,"npi":[1659436038,1740531466,1780961102]},{"billed_charge":101.00,"npi":[1659436038,1740531466,1770981839,1780961102]}]}]},{"tin":{"type":"ein","value":"571207559"},"service_code":["11"],"billing_class":"professional","payments":[{"allowed_amount":25.58,"billing_code_modifier":[""],"providers":[{"billed_charge":64.00,"npi":[1659436038,1740531466,1780961102]},{"billed_charge":77.91,"npi":[1659436038,1740531466,1780961102]},{"billed_charge":101.00,"npi":[1659436038,1740531466,1770981839,1780961102]}]},{"allowed_amount":25.58,"billing_code_modifier":[""],"providers":[{"billed_charge":64.00,"npi":[1659436038,1740531466,1780961102]},{"billed_charge":77.91,"npi":[1659436038,1740531466,1780961102]},{"billed_charge":101.00,"npi":[1659436038,1740531466,1770981839,1780961102]}]},{"allowed_amount":25.58,"billing_code_modifier":[""],"providers":[{"billed_charge":64.00,"npi":[1659436038,1740531466,1780961102]},{"billed_charge":77.91,"npi":[1659436038,1740531466,1780961102]},{"billed_charge":101.00,"npi":[1659436038,1740531466,1770981839,1780961102]}]}]},{"tin":{"type":"ein","value":"571207559"},"service_code":["11"],"billing_class":"professional","payments":[{"allowed_amount":25.58,"billing_code_modifier":[""],"providers":[{"billed_charge":64.00,"npi":[1659436038,1740531466,1780961102]},{"billed_charge":77.91,"npi":[1659436038,1740531466,1780961102]},{"billed_charge":101.00,"npi":[1659436038,1740531466,1770981839,1780961102]}]},{"allowed_amount":25.58,"billing_code_modifier":[""],"providers":[{"billed_charge":64.00,"npi":[1659436038,1740531466,1780961102]},{"billed_charge":77.91,"npi":[1659436038,1740531466,1780961102]},{"billed_charge":101.00,"npi":[1659436038,1740531466,1770981839,1780961102]}]},{"allowed_amount":25.58,"billing_code_modifier":[""],"providers":[{"billed_charge":64.00,"npi":[1659436038,1740531466,1780961102]},{"billed_charge":77.91,"npi":[1659436038,1740531466,1780961102]},{"billed_charge":101.00,"npi":[1659436038,1740531466,1770981839,1780961102]}]}]}]},{"name":"OFFICE\/OUTPATIENT ESTABLISHED LOW MDM 20 MIN","billing_code_type":"CPT","billing_code_type_version":"2020","billing_code":"99213","description":"OFFICE\/OUTPATIENT ESTABLISHED LOW MDM 20 MIN","allowed_amounts":[{"tin":{"type":"ein","value":"202125925"},"service_code":["11"],"billing_class":"professional","payments":[{"allowed_amount":99.40,"billing_code_modifier":[""],"providers":[{"billed_charge":175.00,"npi":[1336134030]}]}]},{"tin":{"type":"ein","value":"571207559"},"service_code":["11"],"billing_class":"professional","payments":[{"allowed_amount":97.30,"billing_code_modifier":[""],"providers":[{"billed_charge":275.00,"npi":[1033543772,1144782095,1659436038,1740531466,1770981839,1780961102]}]}]},{"tin":{"type":"ein","value":"571207559"},"service_code":["11"],"billing_class":"professional","payments":[{"allowed_amount":99.40,"billing_code_modifier":[""],"providers":[{"billed_charge":216.00,"npi":[1659436038,1770981839,1780961102]},{"billed_charge":276.00,"npi":[1659436038,1740531466,1770981839,1780961102]}]},{"allowed_amount":99.40,"billing_code_modifier":[""],"providers":[{"billed_charge":216.00,"npi":[1659436038,1770981839,1780961102]},{"billed_charge":276.00,"npi":[1659436038,1740531466,1770981839,1780961102]}]}]},{"tin":{"type":"ein","value":"571207559"},"service_code":["11"],"billing_class":"professional","payments":[{"allowed_amount":99.40,"billing_code_modifier":[""],"providers":[{"billed_charge":216.00,"npi":[1659436038,1770981839,1780961102]},{"billed_charge":276.00,"npi":[1659436038,1740531466,1770981839,1780961102]}]},{"allowed_amount":99.40,"billing_code_modifier":[""],"providers":[{"billed_charge":216.00,"npi":[1659436038,1770981839,1780961102]},{"billed_charge":276.00,"npi":[1659436038,1740531466,1770981839,1780961102]}]}]},{"tin":{"type":"ein","value":"710947976"},"service_code":["11"],"billing_class":"professional","payments":[{"allowed_amount":97.30,"billing_code_modifier":[""],"providers":[{"billed_charge":120.00,"npi":[1346436615,1689988222]}]}]},{"tin":{"type":"ein","value":"852202580"},"service_code":["11"],"billing_class":"professional","payments":[{"allowed_amount":97.30,"billing_code_modifier":[""],"providers":[{"billed_charge":246.23,"npi":[1700497575,1801901996]}]}]},{"tin":{"type":"ein","value":"863126396"},"service_code":["11"],"billing_class":"professional","payments":[{"allowed_amount":97.30,"billing_code_modifier":[""],"providers":[{"billed_charge":300.00,"npi":[1619433307]},{"billed_charge":980.00,"npi":[1619433307]}]},{"allowed_amount":97.30,"billing_code_modifier":[""],"providers":[{"billed_charge":300.00,"npi":[1619433307]},{"billed_charge":980.00,"npi":[1619433307]}]}]},{"tin":{"type":"ein","value":"863126396"},"service_code":["11"],"billing_class":"professional","payments":[{"allowed_amount":97.30,"billing_code_modifier":[""],"providers":[{"billed_charge":300.00,"npi":[1619433307]},{"billed_charge":980.00,"npi":[1619433307]}]},{"allowed_amount":97.30,"billing_code_modifier":[""],"providers":[{"billed_charge":300.00,"npi":[1619433307]},{"billed_charge":980.00,"npi":[1619433307]}]}]},{"tin":{"type":"ein","value":"870468377"},"service_code":["11"],"billing_class":"professional","payments":[{"allowed_amount":97.30,"billing_code_modifier":[""],"providers":[{"billed_charge":180.25,"npi":[1922096114,1962744029]}]}]},{"tin":{"type":"ein","value":"880313763"},"service_code":["11"],"billing_class":"professional","payments":[{"allowed_amount":97.30,"billing_code_modifier":[""],"providers":[{"billed_charge":300.00,"npi":[1730350398,1871655092]}]}]},{"tin":{"type":"ein","value":"992038447"},"service_code":["11"],"billing_class":"professional","payments":[{"allowed_amount":99.40,"billing_code_modifier":[""],"providers":[{"billed_charge":190.00,"npi":[1215941760,1295582757]}]}]}]},{"name":"OFFICE\/OUTPATIENT ESTABLISHED MOD MDM 30 MIN","billing_code_type":"CPT","billing_code_type_version":"2020","billing_code":"99214","description":"OFFICE\/OUTPATIENT ESTABLISHED MOD MDM 30 MIN","allowed_amounts":[{"tin":{"type":"ein","value":"465313925"},"service_code":["11"],"billing_class":"professional","payments":[{"allowed_amount":136.86,"billing_code_modifier":[""],"providers":[{"billed_charge":275.00,"npi":[1497144828,1518929967]}]}]},{"tin":{"type":"ein","value":"571207559"},"service_code":["11"],"billing_class":"professional","payments":[{"allowed_amount":136.86,"billing_code_modifier":[""],"providers":[{"billed_charge":397.00,"npi":[1144782095,1659436038,1740531466,1780961102]}]}]},{"tin":{"type":"ein","value":"571207559"},"service_code":["11"],"billing_class":"professional","payments":[{"allowed_amount":140.17,"billing_code_modifier":[""],"providers":[{"billed_charge":329.00,"npi":[1659436038,1740531466,1780961102]},{"billed_charge":397.00,"npi":[1659436038,1740531466,1770981839,1780961102]}]},{"allowed_amount":140.17,"billing_code_modifier":[""],"providers":[{"billed_charge":329.00,"npi":[1659436038,1740531466,1780961102]},{"billed_charge":397.00,"npi":[1659436038,1740531466,1770981839,1780961102]}]}]},{"tin":{"type":"ein","value":"571207559"},"service_code":["11"],"billing_class":"professional","payments":[{"allowed_amount":140.17,"billing_code_modifier":[""],"providers":[{"billed_charge":329.00,"npi":[1659436038,1740531466,1780961102]},{"billed_charge":397.00,"npi":[1659436038,1740531466,1770981839,1780961102]}]},{"allowed_amount":140.17,"billing_code_modifier":[""],"providers":[{"billed_charge":329.00,"npi":[1659436038,1740531466,1780961102]},{"billed_charge":397.00,"npi":[1659436038,1740531466,1770981839,1780961102]}]}]},{"tin":{"type":"ein","value":"870468377"},"service_code":["11"],"billing_class":"professional","payments":[{"allowed_amount":136.86,"billing_code_modifier":[""],"providers":[{"billed_charge":262.01,"npi":[1215181797,1922096114]}]}]},{"tin":{"type":"ein","value":"932988983"},"service_code":["11"],"billing_class":"professional","payments":[{"allowed_amount":136.86,"billing_code_modifier":[""],"providers":[{"billed_charge":150.00,"npi":[1023896651,1568108025]}]}]}]},{"name":"OFFICE\/OUTPATIENT ESTABLISHED SF MDM 10 MIN","billing_code_type":"CPT","billing_code_type_version":"2020","billing_code":"99212","description":"OFFICE\/OUTPATIENT ESTABLISHED SF MDM 10 MIN","allowed_amounts":[{"tin":{"type":"ein","value":"020566741"},"service_code":["10"],"billing_class":"professional","payments":[{"allowed_amount":60.21,"billing_code_modifier":[""],"providers":[{"billed_charge":136.85,"npi":[1023265717,1750895322]}]}]},{"tin":{"type":"ein","value":"571207559"},"service_code":["11"],"billing_class":"professional","payments":[{"allowed_amount":60.21,"billing_code_modifier":[""],"providers":[{"billed_charge":230.00,"npi":[1770981839,1780961102]}]}]},{"tin":{"type":"ein","value":"870468377"},"service_code":["11"],"billing_class":"professional","payments":[{"allowed_amount":60.21,"billing_code_modifier":[""],"providers":[{"billed_charge":113.00,"npi":[1215181797,1922096114]}]}]},{"tin":{"type":"ein","value":"934671853"},"service_code":["11"],"billing_class":"professional","payments":[{"allowed_amount":60.21,"billing_code_modifier":[""],"providers":[{"billed_charge":110.00,"npi":[1043369317]}]}]}]},{"name":"PHARMACY","billing_code_type":"RC","billing_code_type_version":"UB04","billing_code":"0250","description":"PHARMACY","allowed_amounts":[{"tin":{"type":"ein","value":"620850498"},"service_code":["65"],"billing_class":"institutional","payments":[{"allowed_amount":0.59,"billing_code_modifier":[""],"providers":[{"billed_charge":6.46,"npi":[1467560292,1841223237]}]}]},{"tin":{"type":"ein","value":"620850498"},"service_code":["65"],"billing_class":"institutional","payments":[{"allowed_amount":0.69,"billing_code_modifier":[""],"providers":[{"billed_charge":6.46,"npi":[1467560292,1841223237]}]}]},{"tin":{"type":"ein","value":"620850498"},"service_code":["65"],"billing_class":"institutional","payments":[{"allowed_amount":0.73,"billing_code_modifier":[""],"providers":[{"billed_charge":6.46,"npi":[1467560292,1841223237]}]}]},{"tin":{"type":"ein","value":"620850498"},"service_code":["65"],"billing_class":"institutional","payments":[{"allowed_amount":0.75,"billing_code_modifier":[""],"providers":[{"billed_charge":6.46,"npi":[1467560292,1841223237]}]}]}]},{"name":"PSYCHIATRIC\/PSYCHOLOGICAL TRT: INTENSIVE OUT SERV","billing_code_type":"RC","billing_code_type_version":"UB04","billing_code":"0906","description":"PSYCHIATRIC\/PSYCHOLOGICAL TRT: INTENSIVE OUT SERV","allowed_amounts":[{"tin":{"type":"ein","value":"475598987"},"service_code":["22","52"],"billing_class":"institutional","payments":[{"allowed_amount":373.54,"billing_code_modifier":[""],"providers":[{"billed_charge":2900.00,"npi":[1164881280,1932472883]}]}]}]},{"name":"PSYCHOTHERAPY W\/PATIENT 60 MINUTES","billing_code_type":"CPT","billing_code_type_version":"2020","billing_code":"90837","description":"PSYCHOTHERAPY W\/PATIENT 60 MINUTES","allowed_amounts":[{"tin":{"type":"ein","value":"571207559"},"service_code":["11"],"billing_class":"professional","payments":[{"allowed_amount":169.28,"billing_code_modifier":[""],"providers":[{"billed_charge":303.00,"npi":[1740510528,1780961102,1922549401]}]}]},{"tin":{"type":"ein","value":"990807552"},"service_code":["11"],"billing_class":"professional","payments":[{"allowed_amount":150.00,"billing_code_modifier":[""],"providers":[{"billed_charge":150.00,"npi":[1174195556]}]}]}]},{"name":"RESIDENTIAL TREATMENT-CHEMICAL DEPENDENCY","billing_code_type":"RC","billing_code_type_version":"UB04","billing_code":"1002","description":"RESIDENTIAL TREATMENT-CHEMICAL DEPENDENCY","allowed_amounts":[{"tin":{"type":"ein","value":"921890639"},"service_code":["21"],"billing_class":"institutional","payments":[{"allowed_amount":1653.02,"billing_code_modifier":[""],"providers":[{"billed_charge":8000.00,"npi":[1437846656,1740546209]}]}]},{"tin":{"type":"ein","value":"922871983"},"service_code":["21"],"billing_class":"institutional","payments":[{"allowed_amount":1653.02,"billing_code_modifier":[""],"providers":[{"billed_charge":9500.00,"npi":[1215610993,1922157320]}]}]}]},{"name":"SBSQ HOSPITAL IP\/OBS CARE HIGH MDM 50 MINUTES","billing_code_type":"CPT","billing_code_type_version":"2020","billing_code":"99233","description":"SBSQ HOSPITAL IP\/OBS CARE HIGH MDM 50 MINUTES","allowed_amounts":[{"tin":{"type":"ein","value":"510598253"},"service_code":["21"],"billing_class":"professional","payments":[{"allowed_amount":124.30,"billing_code_modifier":[""],"providers":[{"billed_charge":215.00,"npi":[1033294079,1598131211,1619488525,1720165038,1831292713,1891856290]}]}]}]},{"name":"SBSQ NURSING FACILITY CARE LOW MDM 20 MINUTES","billing_code_type":"CPT","billing_code_type_version":"2020","billing_code":"99308","description":"SBSQ NURSING FACILITY CARE LOW MDM 20 MINUTES","allowed_amounts":[{"tin":{"type":"ein","value":"205644316"},"service_code":["32"],"billing_class":"professional","payments":[{"allowed_amount":80.77,"billing_code_modifier":[""],"providers":[{"billed_charge":165.00,"npi":[1114056462,1245867159,1598009219,1891883922]}]}]}]},{"name":"SYNCHRONOUS AUDIO-ONLY VISIT EST SF MDM 10 MIN","billing_code_type":"CPT","billing_code_type_version":"2020","billing_code":"98012","description":"SYNCHRONOUS AUDIO-ONLY VISIT EST SF MDM 10 MIN","allowed_amounts":[{"tin":{"type":"ein","value":"571207559"},"service_code":["11"],"billing_class":"professional","payments":[{"allowed_amount":38.57,"billing_code_modifier":[""],"providers":[{"billed_charge":203.00,"npi":[1659436038,1740531466,1770981839,1780961102]}]}]}]},{"name":"SYPHILIS TEST NON-TREPONEMAL ANTIBODY QUAL","billing_code_type":"CPT","billing_code_type_version":"2020","billing_code":"86592","description":"SYPHILIS TEST NON-TREPONEMAL ANTIBODY QUAL","allowed_amounts":[{"tin":{"type":"ein","value":"571207559"},"service_code":["11"],"billing_class":"professional","payments":[{"allowed_amount":4.70,"billing_code_modifier":[""],"providers":[{"billed_charge":49.00,"npi":[1659436038,1740531466,1780961102]},{"billed_charge":50.00,"npi":[1659436038,1740531466,1770981839,1780961102]}]},{"allowed_amount":4.70,"billing_code_modifier":[""],"providers":[{"billed_charge":49.00,"npi":[1659436038,1740531466,1780961102]},{"billed_charge":50.00,"npi":[1659436038,1740531466,1770981839,1780961102]}]}]},{"tin":{"type":"ein","value":"571207559"},"service_code":["11"],"billing_class":"professional","payments":[{"allowed_amount":4.70,"billing_code_modifier":[""],"providers":[{"billed_charge":49.00,"npi":[1659436038,1740531466,1780961102]},{"billed_charge":50.00,"npi":[1659436038,1740531466,1770981839,1780961102]}]},{"allowed_amount":4.70,"billing_code_modifier":[""],"providers":[{"billed_charge":49.00,"npi":[1659436038,1740531466,1780961102]},{"billed_charge":50.00,"npi":[1659436038,1740531466,1770981839,1780961102]}]}]}]},{"name":"THER PX 1\/> AREAS EACH 15 MIN NEUROMUSC REEDUCA","billing_code_type":"CPT","billing_code_type_version":"2020","billing_code":"97112","description":"THER PX 1\/> AREAS EACH 15 MIN NEUROMUSC REEDUCA","allowed_amounts":[{"tin":{"type":"ein","value":"853685596"},"service_code":["11"],"billing_class":"professional","payments":[{"allowed_amount":36.22,"billing_code_modifier":[""],"providers":[{"billed_charge":95.00,"npi":[1275993669,1700478492]}]}]}]},{"name":"URNLS DIP STICK\/TABLET RGNT AUTO W\/O MICROSCOPY","billing_code_type":"CPT","billing_code_type_version":"2020","billing_code":"81003","description":"URNLS DIP STICK\/TABLET RGNT AUTO W\/O MICROSCOPY","allowed_amounts":[{"tin":{"type":"ein","value":"471026878"},"service_code":["20"],"billing_class":"professional","payments":[{"allowed_amount":2.48,"billing_code_modifier":[""],"providers":[{"billed_charge":42.00,"npi":[1538578687,1629588009]}]}]},{"tin":{"type":"ein","value":"571207559"},"service_code":["11"],"billing_class":"professional","payments":[{"allowed_amount":2.48,"billing_code_modifier":[""],"providers":[{"billed_charge":18.00,"npi":[1659436038,1740531466,1770981839,1780961102]},{"billed_charge":37.00,"npi":[1659436038,1740531466,1770981839,1780961102]},{"billed_charge":60.00,"npi":[1740531466,1770981839,1780961102]}]},{"allowed_amount":2.48,"billing_code_modifier":[""],"providers":[{"billed_charge":18.00,"npi":[1659436038,1740531466,1770981839,1780961102]},{"billed_charge":37.00,"npi":[1659436038,1740531466,1770981839,1780961102]},{"billed_charge":60.00,"npi":[1740531466,1770981839,1780961102]}]},{"allowed_amount":2.48,"billing_code_modifier":[""],"providers":[{"billed_charge":18.00,"npi":[1659436038,1740531466,1770981839,1780961102]},{"billed_charge":37.00,"npi":[1659436038,1740531466,1770981839,1780961102]},{"billed_charge":60.00,"npi":[1740531466,1770981839,1780961102]}]}]},{"tin":{"type":"ein","value":"571207559"},"service_code":["11"],"billing_class":"professional","payments":[{"allowed_amount":2.48,"billing_code_modifier":[""],"providers":[{"billed_charge":18.00,"npi":[1659436038,1740531466,1770981839,1780961102]},{"billed_charge":37.00,"npi":[1659436038,1740531466,1770981839,1780961102]},{"billed_charge":60.00,"npi":[1740531466,1770981839,1780961102]}]},{"allowed_amount":2.48,"billing_code_modifier":[""],"providers":[{"billed_charge":18.00,"npi":[1659436038,1740531466,1770981839,1780961102]},{"billed_charge":37.00,"npi":[1659436038,1740531466,1770981839,1780961102]},{"billed_charge":60.00,"npi":[1740531466,1770981839,1780961102]}]},{"allowed_amount":2.48,"billing_code_modifier":[""],"providers":[{"billed_charge":18.00,"npi":[1659436038,1740531466,1770981839,1780961102]},{"billed_charge":37.00,"npi":[1659436038,1740531466,1770981839,1780961102]},{"billed_charge":60.00,"npi":[1740531466,1770981839,1780961102]}]}]},{"tin":{"type":"ein","value":"571207559"},"service_code":["11"],"billing_class":"professional","payments":[{"allowed_amount":2.48,"billing_code_modifier":[""],"providers":[{"billed_charge":18.00,"npi":[1659436038,1740531466,1770981839,1780961102]},{"billed_charge":37.00,"npi":[1659436038,1740531466,1770981839,1780961102]},{"billed_charge":60.00,"npi":[1740531466,1770981839,1780961102]}]},{"allowed_amount":2.48,"billing_code_modifier":[""],"providers":[{"billed_charge":18.00,"npi":[1659436038,1740531466,1770981839,1780961102]},{"billed_charge":37.00,"npi":[1659436038,1740531466,1770981839,1780961102]},{"billed_charge":60.00,"npi":[1740531466,1770981839,1780961102]}]},{"allowed_amount":2.48,"billing_code_modifier":[""],"providers":[{"billed_charge":18.00,"npi":[1659436038,1740531466,1770981839,1780961102]},{"billed_charge":37.00,"npi":[1659436038,1740531466,1770981839,1780961102]},{"billed_charge":60.00,"npi":[1740531466,1770981839,1780961102]}]}]},{"tin":{"type":"ein","value":"862126493"},"service_code":["20"],"billing_class":"professional","payments":[{"allowed_amount":2.48,"billing_code_modifier":[""],"providers":[{"billed_charge":3.60,"npi":[1427684216,1629662267]}]}]},{"tin":{"type":"ein","value":"874778672"},"service_code":["81"],"billing_class":"professional","payments":[{"allowed_amount":2.48,"billing_code_modifier":[""],"providers":[{"billed_charge":3.38,"npi":[1114540960,1619618469,1801195276]}]}]}]}]}
