{"reporting_entity_name": "IEC Group_DBA AmeriBen",
	"reporting_entity_type": "Third Party Administrator",
	"plan_name": "OLD NATIONAL BANK",
	"plan_id_type": "ein",
	"plan_id": "351539838",
	"plan_market_type": "group",
	"last_updated_on": "2025-03-01","Version": "1.0.0","out_of_network":[{"name":"CCPD OPD\/HOME: CCPD COMP OR OTHER RATE","billing_code_type":"RC","billing_code_type_version":"UB04","billing_code":"0851","description":"CCPD OPD\/HOME: CCPD COMP OR OTHER RATE","allowed_amounts":[{"tin":{"type":"ein","value":"363575844"},"service_code":["65"],"billing_class":"institutional","payments":[{"allowed_amount":278.42,"billing_code_modifier":[""],"providers":[{"billed_charge":4341.00,"npi":[1093715435,1124045869]}]}]},{"tin":{"type":"ein","value":"363575844"},"service_code":["65"],"billing_class":"institutional","payments":[{"allowed_amount":357.21,"billing_code_modifier":[""],"providers":[{"billed_charge":4341.00,"npi":[1093715435,1124045869]}]}]}]},{"name":"CHIROPRACTIC MANIPULATIVE TX SPINAL 5 REGIONS","billing_code_type":"CPT","billing_code_type_version":"2020","billing_code":"98942","description":"CHIROPRACTIC MANIPULATIVE TX SPINAL 5 REGIONS","allowed_amounts":[{"tin":{"type":"ein","value":"825269834"},"service_code":["11"],"billing_class":"professional","payments":[{"allowed_amount":42.05,"billing_code_modifier":[""],"providers":[{"billed_charge":105.00,"npi":[1194280529,1982160099]}]}]}]},{"name":"PHARMACY","billing_code_type":"RC","billing_code_type_version":"UB04","billing_code":"0250","description":"PHARMACY","allowed_amounts":[{"tin":{"type":"ein","value":"232536597"},"service_code":["65"],"billing_class":"institutional","payments":[{"allowed_amount":0.03,"billing_code_modifier":[""],"providers":[{"billed_charge":0.68,"npi":[1326584103,1780684142]}]}]},{"tin":{"type":"ein","value":"232536597"},"service_code":["65"],"billing_class":"institutional","payments":[{"allowed_amount":0.08,"billing_code_modifier":[""],"providers":[{"billed_charge":1.88,"npi":[1326584103,1780684142]}]}]}]}]}
