{"reporting_entity_name": "IEC Group_DBA AmeriBen",
	"reporting_entity_type": "Third Party Administrator",
	"plan_name": "JADEX INC.",
	"plan_id_type": "ein",
	"plan_id": "834045964",
	"plan_market_type": "group",
	"last_updated_on": "2023-09-01","Version": "1.0.0","out_of_network":[{"name":"ADAPTIVE BEHAVIOR TX BY PROTOCOL TECH EA 15 MIN","billing_code_type":"CPT","billing_code_type_version":"2020","billing_code":"97153","description":"ADAPTIVE BEHAVIOR TX BY PROTOCOL TECH EA 15 MIN","allowed_amounts":[{"tin":{"type":"ein","value":"843104161"},"service_code":["12"],"billing_class":"professional","payments":[{"allowed_amount":100.00,"billing_code_modifier":[""],"providers":[{"billed_charge":600.00,"npi":[1023524253,1518443183]}]}]}]},{"name":"CCPD OPD\/HOME: CCPD COMP OR OTHER RATE","billing_code_type":"RC","billing_code_type_version":"UB04","billing_code":"0851","description":"CCPD OPD\/HOME: CCPD COMP OR OTHER RATE","allowed_amounts":[{"tin":{"type":"ein","value":"273696590"},"service_code":["65"],"billing_class":"institutional","payments":[{"allowed_amount":426.57,"billing_code_modifier":[""],"providers":[{"billed_charge":4134.43,"npi":[1689977423,1821278474]}]}]},{"tin":{"type":"ein","value":"273696590"},"service_code":["65"],"billing_class":"institutional","payments":[{"allowed_amount":441.34,"billing_code_modifier":[""],"providers":[{"billed_charge":4134.43,"npi":[1689977423,1821278474]}]}]},{"tin":{"type":"ein","value":"452744287"},"service_code":["65"],"billing_class":"institutional","payments":[{"allowed_amount":297.49,"billing_code_modifier":[""],"providers":[{"billed_charge":2011.76,"npi":[1326314295]}]}]},{"tin":{"type":"ein","value":"452744287"},"service_code":["65"],"billing_class":"institutional","payments":[{"allowed_amount":312.86,"billing_code_modifier":[""],"providers":[{"billed_charge":2011.76,"npi":[1326314295]}]}]},{"tin":{"type":"ein","value":"452744287"},"service_code":["65"],"billing_class":"institutional","payments":[{"allowed_amount":314.37,"billing_code_modifier":[""],"providers":[{"billed_charge":2011.76,"npi":[1326314295]}]}]},{"tin":{"type":"ein","value":"452744287"},"service_code":["65"],"billing_class":"institutional","payments":[{"allowed_amount":315.07,"billing_code_modifier":[""],"providers":[{"billed_charge":2011.76,"npi":[1326314295]}]}]},{"tin":{"type":"ein","value":"452744287"},"service_code":["65"],"billing_class":"institutional","payments":[{"allowed_amount":324.76,"billing_code_modifier":[""],"providers":[{"billed_charge":2011.76,"npi":[1326314295]}]}]}]},{"name":"LABORATORY - CLINICAL DIAGNOSTIC","billing_code_type":"RC","billing_code_type_version":"UB04","billing_code":"0300","description":"LABORATORY - CLINICAL DIAGNOSTIC","allowed_amounts":[{"tin":{"type":"ein","value":"812098192"},"service_code":["23"],"billing_class":"institutional","payments":[{"allowed_amount":0.00,"billing_code_modifier":[""],"providers":[{"billed_charge":40.25,"npi":[1649722463]},{"billed_charge":123.75,"npi":[1649722463]},{"billed_charge":150.00,"npi":[1649722463]},{"billed_charge":206.13,"npi":[1649722463]},{"billed_charge":242.00,"npi":[1649722463]},{"billed_charge":275.00,"npi":[1649722463]},{"billed_charge":292.00,"npi":[1649722463]},{"billed_charge":322.00,"npi":[1649722463]},{"billed_charge":490.00,"npi":[1649722463]},{"billed_charge":647.00,"npi":[1649722463]}]},{"allowed_amount":0.00,"billing_code_modifier":[""],"providers":[{"billed_charge":40.25,"npi":[1649722463]},{"billed_charge":123.75,"npi":[1649722463]},{"billed_charge":150.00,"npi":[1649722463]},{"billed_charge":206.13,"npi":[1649722463]},{"billed_charge":242.00,"npi":[1649722463]},{"billed_charge":275.00,"npi":[1649722463]},{"billed_charge":292.00,"npi":[1649722463]},{"billed_charge":322.00,"npi":[1649722463]},{"billed_charge":490.00,"npi":[1649722463]},{"billed_charge":647.00,"npi":[1649722463]}]},{"allowed_amount":0.00,"billing_code_modifier":[""],"providers":[{"billed_charge":40.25,"npi":[1649722463]},{"billed_charge":123.75,"npi":[1649722463]},{"billed_charge":150.00,"npi":[1649722463]},{"billed_charge":206.13,"npi":[1649722463]},{"billed_charge":242.00,"npi":[1649722463]},{"billed_charge":275.00,"npi":[1649722463]},{"billed_charge":292.00,"npi":[1649722463]},{"billed_charge":322.00,"npi":[1649722463]},{"billed_charge":490.00,"npi":[1649722463]},{"billed_charge":647.00,"npi":[1649722463]}]},{"allowed_amount":0.00,"billing_code_modifier":[""],"providers":[{"billed_charge":40.25,"npi":[1649722463]},{"billed_charge":123.75,"npi":[1649722463]},{"billed_charge":150.00,"npi":[1649722463]},{"billed_charge":206.13,"npi":[1649722463]},{"billed_charge":242.00,"npi":[1649722463]},{"billed_charge":275.00,"npi":[1649722463]},{"billed_charge":292.00,"npi":[1649722463]},{"billed_charge":322.00,"npi":[1649722463]},{"billed_charge":490.00,"npi":[1649722463]},{"billed_charge":647.00,"npi":[1649722463]}]},{"allowed_amount":0.00,"billing_code_modifier":[""],"providers":[{"billed_charge":40.25,"npi":[1649722463]},{"billed_charge":123.75,"npi":[1649722463]},{"billed_charge":150.00,"npi":[1649722463]},{"billed_charge":206.13,"npi":[1649722463]},{"billed_charge":242.00,"npi":[1649722463]},{"billed_charge":275.00,"npi":[1649722463]},{"billed_charge":292.00,"npi":[1649722463]},{"billed_charge":322.00,"npi":[1649722463]},{"billed_charge":490.00,"npi":[1649722463]},{"billed_charge":647.00,"npi":[1649722463]}]},{"allowed_amount":0.00,"billing_code_modifier":[""],"providers":[{"billed_charge":40.25,"npi":[1649722463]},{"billed_charge":123.75,"npi":[1649722463]},{"billed_charge":150.00,"npi":[1649722463]},{"billed_charge":206.13,"npi":[1649722463]},{"billed_charge":242.00,"npi":[1649722463]},{"billed_charge":275.00,"npi":[1649722463]},{"billed_charge":292.00,"npi":[1649722463]},{"billed_charge":322.00,"npi":[1649722463]},{"billed_charge":490.00,"npi":[1649722463]},{"billed_charge":647.00,"npi":[1649722463]}]},{"allowed_amount":0.00,"billing_code_modifier":[""],"providers":[{"billed_charge":40.25,"npi":[1649722463]},{"billed_charge":123.75,"npi":[1649722463]},{"billed_charge":150.00,"npi":[1649722463]},{"billed_charge":206.13,"npi":[1649722463]},{"billed_charge":242.00,"npi":[1649722463]},{"billed_charge":275.00,"npi":[1649722463]},{"billed_charge":292.00,"npi":[1649722463]},{"billed_charge":322.00,"npi":[1649722463]},{"billed_charge":490.00,"npi":[1649722463]},{"billed_charge":647.00,"npi":[1649722463]}]},{"allowed_amount":0.00,"billing_code_modifier":[""],"providers":[{"billed_charge":40.25,"npi":[1649722463]},{"billed_charge":123.75,"npi":[1649722463]},{"billed_charge":150.00,"npi":[1649722463]},{"billed_charge":206.13,"npi":[1649722463]},{"billed_charge":242.00,"npi":[1649722463]},{"billed_charge":275.00,"npi":[1649722463]},{"billed_charge":292.00,"npi":[1649722463]},{"billed_charge":322.00,"npi":[1649722463]},{"billed_charge":490.00,"npi":[1649722463]},{"billed_charge":647.00,"npi":[1649722463]}]},{"allowed_amount":0.00,"billing_code_modifier":[""],"providers":[{"billed_charge":40.25,"npi":[1649722463]},{"billed_charge":123.75,"npi":[1649722463]},{"billed_charge":150.00,"npi":[1649722463]},{"billed_charge":206.13,"npi":[1649722463]},{"billed_charge":242.00,"npi":[1649722463]},{"billed_charge":275.00,"npi":[1649722463]},{"billed_charge":292.00,"npi":[1649722463]},{"billed_charge":322.00,"npi":[1649722463]},{"billed_charge":490.00,"npi":[1649722463]},{"billed_charge":647.00,"npi":[1649722463]}]},{"allowed_amount":0.00,"billing_code_modifier":[""],"providers":[{"billed_charge":40.25,"npi":[1649722463]},{"billed_charge":123.75,"npi":[1649722463]},{"billed_charge":150.00,"npi":[1649722463]},{"billed_charge":206.13,"npi":[1649722463]},{"billed_charge":242.00,"npi":[1649722463]},{"billed_charge":275.00,"npi":[1649722463]},{"billed_charge":292.00,"npi":[1649722463]},{"billed_charge":322.00,"npi":[1649722463]},{"billed_charge":490.00,"npi":[1649722463]},{"billed_charge":647.00,"npi":[1649722463]}]}]},{"tin":{"type":"ein","value":"812098192"},"service_code":["23"],"billing_class":"institutional","payments":[{"allowed_amount":0.00,"billing_code_modifier":[""],"providers":[{"billed_charge":40.25,"npi":[1649722463]},{"billed_charge":123.75,"npi":[1649722463]},{"billed_charge":150.00,"npi":[1649722463]},{"billed_charge":206.13,"npi":[1649722463]},{"billed_charge":242.00,"npi":[1649722463]},{"billed_charge":275.00,"npi":[1649722463]},{"billed_charge":292.00,"npi":[1649722463]},{"billed_charge":322.00,"npi":[1649722463]},{"billed_charge":490.00,"npi":[1649722463]},{"billed_charge":647.00,"npi":[1649722463]}]},{"allowed_amount":0.00,"billing_code_modifier":[""],"providers":[{"billed_charge":40.25,"npi":[1649722463]},{"billed_charge":123.75,"npi":[1649722463]},{"billed_charge":150.00,"npi":[1649722463]},{"billed_charge":206.13,"npi":[1649722463]},{"billed_charge":242.00,"npi":[1649722463]},{"billed_charge":275.00,"npi":[1649722463]},{"billed_charge":292.00,"npi":[1649722463]},{"billed_charge":322.00,"npi":[1649722463]},{"billed_charge":490.00,"npi":[1649722463]},{"billed_charge":647.00,"npi":[1649722463]}]},{"allowed_amount":0.00,"billing_code_modifier":[""],"providers":[{"billed_charge":40.25,"npi":[1649722463]},{"billed_charge":123.75,"npi":[1649722463]},{"billed_charge":150.00,"npi":[1649722463]},{"billed_charge":206.13,"npi":[1649722463]},{"billed_charge":242.00,"npi":[1649722463]},{"billed_charge":275.00,"npi":[1649722463]},{"billed_charge":292.00,"npi":[1649722463]},{"billed_charge":322.00,"npi":[1649722463]},{"billed_charge":490.00,"npi":[1649722463]},{"billed_charge":647.00,"npi":[1649722463]}]},{"allowed_amount":0.00,"billing_code_modifier":[""],"providers":[{"billed_charge":40.25,"npi":[1649722463]},{"billed_charge":123.75,"npi":[1649722463]},{"billed_charge":150.00,"npi":[1649722463]},{"billed_charge":206.13,"npi":[1649722463]},{"billed_charge":242.00,"npi":[1649722463]},{"billed_charge":275.00,"npi":[1649722463]},{"billed_charge":292.00,"npi":[1649722463]},{"billed_charge":322.00,"npi":[1649722463]},{"billed_charge":490.00,"npi":[1649722463]},{"billed_charge":647.00,"npi":[1649722463]}]},{"allowed_amount":0.00,"billing_code_modifier":[""],"providers":[{"billed_charge":40.25,"npi":[1649722463]},{"billed_charge":123.75,"npi":[1649722463]},{"billed_charge":150.00,"npi":[1649722463]},{"billed_charge":206.13,"npi":[1649722463]},{"billed_charge":242.00,"npi":[1649722463]},{"billed_charge":275.00,"npi":[1649722463]},{"billed_charge":292.00,"npi":[1649722463]},{"billed_charge":322.00,"npi":[1649722463]},{"billed_charge":490.00,"npi":[1649722463]},{"billed_charge":647.00,"npi":[1649722463]}]},{"allowed_amount":0.00,"billing_code_modifier":[""],"providers":[{"billed_charge":40.25,"npi":[1649722463]},{"billed_charge":123.75,"npi":[1649722463]},{"billed_charge":150.00,"npi":[1649722463]},{"billed_charge":206.13,"npi":[1649722463]},{"billed_charge":242.00,"npi":[1649722463]},{"billed_charge":275.00,"npi":[1649722463]},{"billed_charge":292.00,"npi":[1649722463]},{"billed_charge":322.00,"npi":[1649722463]},{"billed_charge":490.00,"npi":[1649722463]},{"billed_charge":647.00,"npi":[1649722463]}]},{"allowed_amount":0.00,"billing_code_modifier":[""],"providers":[{"billed_charge":40.25,"npi":[1649722463]},{"billed_charge":123.75,"npi":[1649722463]},{"billed_charge":150.00,"npi":[1649722463]},{"billed_charge":206.13,"npi":[1649722463]},{"billed_charge":242.00,"npi":[1649722463]},{"billed_charge":275.00,"npi":[1649722463]},{"billed_charge":292.00,"npi":[1649722463]},{"billed_charge":322.00,"npi":[1649722463]},{"billed_charge":490.00,"npi":[1649722463]},{"billed_charge":647.00,"npi":[1649722463]}]},{"allowed_amount":0.00,"billing_code_modifier":[""],"providers":[{"billed_charge":40.25,"npi":[1649722463]},{"billed_charge":123.75,"npi":[1649722463]},{"billed_charge":150.00,"npi":[1649722463]},{"billed_charge":206.13,"npi":[1649722463]},{"billed_charge":242.00,"npi":[1649722463]},{"billed_charge":275.00,"npi":[1649722463]},{"billed_charge":292.00,"npi":[1649722463]},{"billed_charge":322.00,"npi":[1649722463]},{"billed_charge":490.00,"npi":[1649722463]},{"billed_charge":647.00,"npi":[1649722463]}]},{"allowed_amount":0.00,"billing_code_modifier":[""],"providers":[{"billed_charge":40.25,"npi":[1649722463]},{"billed_charge":123.75,"npi":[1649722463]},{"billed_charge":150.00,"npi":[1649722463]},{"billed_charge":206.13,"npi":[1649722463]},{"billed_charge":242.00,"npi":[1649722463]},{"billed_charge":275.00,"npi":[1649722463]},{"billed_charge":292.00,"npi":[1649722463]},{"billed_charge":322.00,"npi":[1649722463]},{"billed_charge":490.00,"npi":[1649722463]},{"billed_charge":647.00,"npi":[1649722463]}]},{"allowed_amount":0.00,"billing_code_modifier":[""],"providers":[{"billed_charge":40.25,"npi":[1649722463]},{"billed_charge":123.75,"npi":[1649722463]},{"billed_charge":150.00,"npi":[1649722463]},{"billed_charge":206.13,"npi":[1649722463]},{"billed_charge":242.00,"npi":[1649722463]},{"billed_charge":275.00,"npi":[1649722463]},{"billed_charge":292.00,"npi":[1649722463]},{"billed_charge":322.00,"npi":[1649722463]},{"billed_charge":490.00,"npi":[1649722463]},{"billed_charge":647.00,"npi":[1649722463]}]}]},{"tin":{"type":"ein","value":"812098192"},"service_code":["23"],"billing_class":"institutional","payments":[{"allowed_amount":0.00,"billing_code_modifier":[""],"providers":[{"billed_charge":40.25,"npi":[1649722463]},{"billed_charge":123.75,"npi":[1649722463]},{"billed_charge":150.00,"npi":[1649722463]},{"billed_charge":206.13,"npi":[1649722463]},{"billed_charge":242.00,"npi":[1649722463]},{"billed_charge":275.00,"npi":[1649722463]},{"billed_charge":292.00,"npi":[1649722463]},{"billed_charge":322.00,"npi":[1649722463]},{"billed_charge":490.00,"npi":[1649722463]},{"billed_charge":647.00,"npi":[1649722463]}]},{"allowed_amount":0.00,"billing_code_modifier":[""],"providers":[{"billed_charge":40.25,"npi":[1649722463]},{"billed_charge":123.75,"npi":[1649722463]},{"billed_charge":150.00,"npi":[1649722463]},{"billed_charge":206.13,"npi":[1649722463]},{"billed_charge":242.00,"npi":[1649722463]},{"billed_charge":275.00,"npi":[1649722463]},{"billed_charge":292.00,"npi":[1649722463]},{"billed_charge":322.00,"npi":[1649722463]},{"billed_charge":490.00,"npi":[1649722463]},{"billed_charge":647.00,"npi":[1649722463]}]},{"allowed_amount":0.00,"billing_code_modifier":[""],"providers":[{"billed_charge":40.25,"npi":[1649722463]},{"billed_charge":123.75,"npi":[1649722463]},{"billed_charge":150.00,"npi":[1649722463]},{"billed_charge":206.13,"npi":[1649722463]},{"billed_charge":242.00,"npi":[1649722463]},{"billed_charge":275.00,"npi":[1649722463]},{"billed_charge":292.00,"npi":[1649722463]},{"billed_charge":322.00,"npi":[1649722463]},{"billed_charge":490.00,"npi":[1649722463]},{"billed_charge":647.00,"npi":[1649722463]}]},{"allowed_amount":0.00,"billing_code_modifier":[""],"providers":[{"billed_charge":40.25,"npi":[1649722463]},{"billed_charge":123.75,"npi":[1649722463]},{"billed_charge":150.00,"npi":[1649722463]},{"billed_charge":206.13,"npi":[1649722463]},{"billed_charge":242.00,"npi":[1649722463]},{"billed_charge":275.00,"npi":[1649722463]},{"billed_charge":292.00,"npi":[1649722463]},{"billed_charge":322.00,"npi":[1649722463]},{"billed_charge":490.00,"npi":[1649722463]},{"billed_charge":647.00,"npi":[1649722463]}]},{"allowed_amount":0.00,"billing_code_modifier":[""],"providers":[{"billed_charge":40.25,"npi":[1649722463]},{"billed_charge":123.75,"npi":[1649722463]},{"billed_charge":150.00,"npi":[1649722463]},{"billed_charge":206.13,"npi":[1649722463]},{"billed_charge":242.00,"npi":[1649722463]},{"billed_charge":275.00,"npi":[1649722463]},{"billed_charge":292.00,"npi":[1649722463]},{"billed_charge":322.00,"npi":[1649722463]},{"billed_charge":490.00,"npi":[1649722463]},{"billed_charge":647.00,"npi":[1649722463]}]},{"allowed_amount":0.00,"billing_code_modifier":[""],"providers":[{"billed_charge":40.25,"npi":[1649722463]},{"billed_charge":123.75,"npi":[1649722463]},{"billed_charge":150.00,"npi":[1649722463]},{"billed_charge":206.13,"npi":[1649722463]},{"billed_charge":242.00,"npi":[1649722463]},{"billed_charge":275.00,"npi":[1649722463]},{"billed_charge":292.00,"npi":[1649722463]},{"billed_charge":322.00,"npi":[1649722463]},{"billed_charge":490.00,"npi":[1649722463]},{"billed_charge":647.00,"npi":[1649722463]}]},{"allowed_amount":0.00,"billing_code_modifier":[""],"providers":[{"billed_charge":40.25,"npi":[1649722463]},{"billed_charge":123.75,"npi":[1649722463]},{"billed_charge":150.00,"npi":[1649722463]},{"billed_charge":206.13,"npi":[1649722463]},{"billed_charge":242.00,"npi":[1649722463]},{"billed_charge":275.00,"npi":[1649722463]},{"billed_charge":292.00,"npi":[1649722463]},{"billed_charge":322.00,"npi":[1649722463]},{"billed_charge":490.00,"npi":[1649722463]},{"billed_charge":647.00,"npi":[1649722463]}]},{"allowed_amount":0.00,"billing_code_modifier":[""],"providers":[{"billed_charge":40.25,"npi":[1649722463]},{"billed_charge":123.75,"npi":[1649722463]},{"billed_charge":150.00,"npi":[1649722463]},{"billed_charge":206.13,"npi":[1649722463]},{"billed_charge":242.00,"npi":[1649722463]},{"billed_charge":275.00,"npi":[1649722463]},{"billed_charge":292.00,"npi":[1649722463]},{"billed_charge":322.00,"npi":[1649722463]},{"billed_charge":490.00,"npi":[1649722463]},{"billed_charge":647.00,"npi":[1649722463]}]},{"allowed_amount":0.00,"billing_code_modifier":[""],"providers":[{"billed_charge":40.25,"npi":[1649722463]},{"billed_charge":123.75,"npi":[1649722463]},{"billed_charge":150.00,"npi":[1649722463]},{"billed_charge":206.13,"npi":[1649722463]},{"billed_charge":242.00,"npi":[1649722463]},{"billed_charge":275.00,"npi":[1649722463]},{"billed_charge":292.00,"npi":[1649722463]},{"billed_charge":322.00,"npi":[1649722463]},{"billed_charge":490.00,"npi":[1649722463]},{"billed_charge":647.00,"npi":[1649722463]}]},{"allowed_amount":0.00,"billing_code_modifier":[""],"providers":[{"billed_charge":40.25,"npi":[1649722463]},{"billed_charge":123.75,"npi":[1649722463]},{"billed_charge":150.00,"npi":[1649722463]},{"billed_charge":206.13,"npi":[1649722463]},{"billed_charge":242.00,"npi":[1649722463]},{"billed_charge":275.00,"npi":[1649722463]},{"billed_charge":292.00,"npi":[1649722463]},{"billed_charge":322.00,"npi":[1649722463]},{"billed_charge":490.00,"npi":[1649722463]},{"billed_charge":647.00,"npi":[1649722463]}]}]},{"tin":{"type":"ein","value":"812098192"},"service_code":["23"],"billing_class":"institutional","payments":[{"allowed_amount":0.00,"billing_code_modifier":[""],"providers":[{"billed_charge":40.25,"npi":[1649722463]},{"billed_charge":123.75,"npi":[1649722463]},{"billed_charge":150.00,"npi":[1649722463]},{"billed_charge":206.13,"npi":[1649722463]},{"billed_charge":242.00,"npi":[1649722463]},{"billed_charge":275.00,"npi":[1649722463]},{"billed_charge":292.00,"npi":[1649722463]},{"billed_charge":322.00,"npi":[1649722463]},{"billed_charge":490.00,"npi":[1649722463]},{"billed_charge":647.00,"npi":[1649722463]}]},{"allowed_amount":0.00,"billing_code_modifier":[""],"providers":[{"billed_charge":40.25,"npi":[1649722463]},{"billed_charge":123.75,"npi":[1649722463]},{"billed_charge":150.00,"npi":[1649722463]},{"billed_charge":206.13,"npi":[1649722463]},{"billed_charge":242.00,"npi":[1649722463]},{"billed_charge":275.00,"npi":[1649722463]},{"billed_charge":292.00,"npi":[1649722463]},{"billed_charge":322.00,"npi":[1649722463]},{"billed_charge":490.00,"npi":[1649722463]},{"billed_charge":647.00,"npi":[1649722463]}]},{"allowed_amount":0.00,"billing_code_modifier":[""],"providers":[{"billed_charge":40.25,"npi":[1649722463]},{"billed_charge":123.75,"npi":[1649722463]},{"billed_charge":150.00,"npi":[1649722463]},{"billed_charge":206.13,"npi":[1649722463]},{"billed_charge":242.00,"npi":[1649722463]},{"billed_charge":275.00,"npi":[1649722463]},{"billed_charge":292.00,"npi":[1649722463]},{"billed_charge":322.00,"npi":[1649722463]},{"billed_charge":490.00,"npi":[1649722463]},{"billed_charge":647.00,"npi":[1649722463]}]},{"allowed_amount":0.00,"billing_code_modifier":[""],"providers":[{"billed_charge":40.25,"npi":[1649722463]},{"billed_charge":123.75,"npi":[1649722463]},{"billed_charge":150.00,"npi":[1649722463]},{"billed_charge":206.13,"npi":[1649722463]},{"billed_charge":242.00,"npi":[1649722463]},{"billed_charge":275.00,"npi":[1649722463]},{"billed_charge":292.00,"npi":[1649722463]},{"billed_charge":322.00,"npi":[1649722463]},{"billed_charge":490.00,"npi":[1649722463]},{"billed_charge":647.00,"npi":[1649722463]}]},{"allowed_amount":0.00,"billing_code_modifier":[""],"providers":[{"billed_charge":40.25,"npi":[1649722463]},{"billed_charge":123.75,"npi":[1649722463]},{"billed_charge":150.00,"npi":[1649722463]},{"billed_charge":206.13,"npi":[1649722463]},{"billed_charge":242.00,"npi":[1649722463]},{"billed_charge":275.00,"npi":[1649722463]},{"billed_charge":292.00,"npi":[1649722463]},{"billed_charge":322.00,"npi":[1649722463]},{"billed_charge":490.00,"npi":[1649722463]},{"billed_charge":647.00,"npi":[1649722463]}]},{"allowed_amount":0.00,"billing_code_modifier":[""],"providers":[{"billed_charge":40.25,"npi":[1649722463]},{"billed_charge":123.75,"npi":[1649722463]},{"billed_charge":150.00,"npi":[1649722463]},{"billed_charge":206.13,"npi":[1649722463]},{"billed_charge":242.00,"npi":[1649722463]},{"billed_charge":275.00,"npi":[1649722463]},{"billed_charge":292.00,"npi":[1649722463]},{"billed_charge":322.00,"npi":[1649722463]},{"billed_charge":490.00,"npi":[1649722463]},{"billed_charge":647.00,"npi":[1649722463]}]},{"allowed_amount":0.00,"billing_code_modifier":[""],"providers":[{"billed_charge":40.25,"npi":[1649722463]},{"billed_charge":123.75,"npi":[1649722463]},{"billed_charge":150.00,"npi":[1649722463]},{"billed_charge":206.13,"npi":[1649722463]},{"billed_charge":242.00,"npi":[1649722463]},{"billed_charge":275.00,"npi":[1649722463]},{"billed_charge":292.00,"npi":[1649722463]},{"billed_charge":322.00,"npi":[1649722463]},{"billed_charge":490.00,"npi":[1649722463]},{"billed_charge":647.00,"npi":[1649722463]}]},{"allowed_amount":0.00,"billing_code_modifier":[""],"providers":[{"billed_charge":40.25,"npi":[1649722463]},{"billed_charge":123.75,"npi":[1649722463]},{"billed_charge":150.00,"npi":[1649722463]},{"billed_charge":206.13,"npi":[1649722463]},{"billed_charge":242.00,"npi":[1649722463]},{"billed_charge":275.00,"npi":[1649722463]},{"billed_charge":292.00,"npi":[1649722463]},{"billed_charge":322.00,"npi":[1649722463]},{"billed_charge":490.00,"npi":[1649722463]},{"billed_charge":647.00,"npi":[1649722463]}]},{"allowed_amount":0.00,"billing_code_modifier":[""],"providers":[{"billed_charge":40.25,"npi":[1649722463]},{"billed_charge":123.75,"npi":[1649722463]},{"billed_charge":150.00,"npi":[1649722463]},{"billed_charge":206.13,"npi":[1649722463]},{"billed_charge":242.00,"npi":[1649722463]},{"billed_charge":275.00,"npi":[1649722463]},{"billed_charge":292.00,"npi":[1649722463]},{"billed_charge":322.00,"npi":[1649722463]},{"billed_charge":490.00,"npi":[1649722463]},{"billed_charge":647.00,"npi":[1649722463]}]},{"allowed_amount":0.00,"billing_code_modifier":[""],"providers":[{"billed_charge":40.25,"npi":[1649722463]},{"billed_charge":123.75,"npi":[1649722463]},{"billed_charge":150.00,"npi":[1649722463]},{"billed_charge":206.13,"npi":[1649722463]},{"billed_charge":242.00,"npi":[1649722463]},{"billed_charge":275.00,"npi":[1649722463]},{"billed_charge":292.00,"npi":[1649722463]},{"billed_charge":322.00,"npi":[1649722463]},{"billed_charge":490.00,"npi":[1649722463]},{"billed_charge":647.00,"npi":[1649722463]}]}]},{"tin":{"type":"ein","value":"812098192"},"service_code":["23"],"billing_class":"institutional","payments":[{"allowed_amount":0.00,"billing_code_modifier":[""],"providers":[{"billed_charge":40.25,"npi":[1649722463]},{"billed_charge":123.75,"npi":[1649722463]},{"billed_charge":150.00,"npi":[1649722463]},{"billed_charge":206.13,"npi":[1649722463]},{"billed_charge":242.00,"npi":[1649722463]},{"billed_charge":275.00,"npi":[1649722463]},{"billed_charge":292.00,"npi":[1649722463]},{"billed_charge":322.00,"npi":[1649722463]},{"billed_charge":490.00,"npi":[1649722463]},{"billed_charge":647.00,"npi":[1649722463]}]},{"allowed_amount":0.00,"billing_code_modifier":[""],"providers":[{"billed_charge":40.25,"npi":[1649722463]},{"billed_charge":123.75,"npi":[1649722463]},{"billed_charge":150.00,"npi":[1649722463]},{"billed_charge":206.13,"npi":[1649722463]},{"billed_charge":242.00,"npi":[1649722463]},{"billed_charge":275.00,"npi":[1649722463]},{"billed_charge":292.00,"npi":[1649722463]},{"billed_charge":322.00,"npi":[1649722463]},{"billed_charge":490.00,"npi":[1649722463]},{"billed_charge":647.00,"npi":[1649722463]}]},{"allowed_amount":0.00,"billing_code_modifier":[""],"providers":[{"billed_charge":40.25,"npi":[1649722463]},{"billed_charge":123.75,"npi":[1649722463]},{"billed_charge":150.00,"npi":[1649722463]},{"billed_charge":206.13,"npi":[1649722463]},{"billed_charge":242.00,"npi":[1649722463]},{"billed_charge":275.00,"npi":[1649722463]},{"billed_charge":292.00,"npi":[1649722463]},{"billed_charge":322.00,"npi":[1649722463]},{"billed_charge":490.00,"npi":[1649722463]},{"billed_charge":647.00,"npi":[1649722463]}]},{"allowed_amount":0.00,"billing_code_modifier":[""],"providers":[{"billed_charge":40.25,"npi":[1649722463]},{"billed_charge":123.75,"npi":[1649722463]},{"billed_charge":150.00,"npi":[1649722463]},{"billed_charge":206.13,"npi":[1649722463]},{"billed_charge":242.00,"npi":[1649722463]},{"billed_charge":275.00,"npi":[1649722463]},{"billed_charge":292.00,"npi":[1649722463]},{"billed_charge":322.00,"npi":[1649722463]},{"billed_charge":490.00,"npi":[1649722463]},{"billed_charge":647.00,"npi":[1649722463]}]},{"allowed_amount":0.00,"billing_code_modifier":[""],"providers":[{"billed_charge":40.25,"npi":[1649722463]},{"billed_charge":123.75,"npi":[1649722463]},{"billed_charge":150.00,"npi":[1649722463]},{"billed_charge":206.13,"npi":[1649722463]},{"billed_charge":242.00,"npi":[1649722463]},{"billed_charge":275.00,"npi":[1649722463]},{"billed_charge":292.00,"npi":[1649722463]},{"billed_charge":322.00,"npi":[1649722463]},{"billed_charge":490.00,"npi":[1649722463]},{"billed_charge":647.00,"npi":[1649722463]}]},{"allowed_amount":0.00,"billing_code_modifier":[""],"providers":[{"billed_charge":40.25,"npi":[1649722463]},{"billed_charge":123.75,"npi":[1649722463]},{"billed_charge":150.00,"npi":[1649722463]},{"billed_charge":206.13,"npi":[1649722463]},{"billed_charge":242.00,"npi":[1649722463]},{"billed_charge":275.00,"npi":[1649722463]},{"billed_charge":292.00,"npi":[1649722463]},{"billed_charge":322.00,"npi":[1649722463]},{"billed_charge":490.00,"npi":[1649722463]},{"billed_charge":647.00,"npi":[1649722463]}]},{"allowed_amount":0.00,"billing_code_modifier":[""],"providers":[{"billed_charge":40.25,"npi":[1649722463]},{"billed_charge":123.75,"npi":[1649722463]},{"billed_charge":150.00,"npi":[1649722463]},{"billed_charge":206.13,"npi":[1649722463]},{"billed_charge":242.00,"npi":[1649722463]},{"billed_charge":275.00,"npi":[1649722463]},{"billed_charge":292.00,"npi":[1649722463]},{"billed_charge":322.00,"npi":[1649722463]},{"billed_charge":490.00,"npi":[1649722463]},{"billed_charge":647.00,"npi":[1649722463]}]},{"allowed_amount":0.00,"billing_code_modifier":[""],"providers":[{"billed_charge":40.25,"npi":[1649722463]},{"billed_charge":123.75,"npi":[1649722463]},{"billed_charge":150.00,"npi":[1649722463]},{"billed_charge":206.13,"npi":[1649722463]},{"billed_charge":242.00,"npi":[1649722463]},{"billed_charge":275.00,"npi":[1649722463]},{"billed_charge":292.00,"npi":[1649722463]},{"billed_charge":322.00,"npi":[1649722463]},{"billed_charge":490.00,"npi":[1649722463]},{"billed_charge":647.00,"npi":[1649722463]}]},{"allowed_amount":0.00,"billing_code_modifier":[""],"providers":[{"billed_charge":40.25,"npi":[1649722463]},{"billed_charge":123.75,"npi":[1649722463]},{"billed_charge":150.00,"npi":[1649722463]},{"billed_charge":206.13,"npi":[1649722463]},{"billed_charge":242.00,"npi":[1649722463]},{"billed_charge":275.00,"npi":[1649722463]},{"billed_charge":292.00,"npi":[1649722463]},{"billed_charge":322.00,"npi":[1649722463]},{"billed_charge":490.00,"npi":[1649722463]},{"billed_charge":647.00,"npi":[1649722463]}]},{"allowed_amount":0.00,"billing_code_modifier":[""],"providers":[{"billed_charge":40.25,"npi":[1649722463]},{"billed_charge":123.75,"npi":[1649722463]},{"billed_charge":150.00,"npi":[1649722463]},{"billed_charge":206.13,"npi":[1649722463]},{"billed_charge":242.00,"npi":[1649722463]},{"billed_charge":275.00,"npi":[1649722463]},{"billed_charge":292.00,"npi":[1649722463]},{"billed_charge":322.00,"npi":[1649722463]},{"billed_charge":490.00,"npi":[1649722463]},{"billed_charge":647.00,"npi":[1649722463]}]}]},{"tin":{"type":"ein","value":"812098192"},"service_code":["23"],"billing_class":"institutional","payments":[{"allowed_amount":0.00,"billing_code_modifier":[""],"providers":[{"billed_charge":40.25,"npi":[1649722463]},{"billed_charge":123.75,"npi":[1649722463]},{"billed_charge":150.00,"npi":[1649722463]},{"billed_charge":206.13,"npi":[1649722463]},{"billed_charge":242.00,"npi":[1649722463]},{"billed_charge":275.00,"npi":[1649722463]},{"billed_charge":292.00,"npi":[1649722463]},{"billed_charge":322.00,"npi":[1649722463]},{"billed_charge":490.00,"npi":[1649722463]},{"billed_charge":647.00,"npi":[1649722463]}]},{"allowed_amount":0.00,"billing_code_modifier":[""],"providers":[{"billed_charge":40.25,"npi":[1649722463]},{"billed_charge":123.75,"npi":[1649722463]},{"billed_charge":150.00,"npi":[1649722463]},{"billed_charge":206.13,"npi":[1649722463]},{"billed_charge":242.00,"npi":[1649722463]},{"billed_charge":275.00,"npi":[1649722463]},{"billed_charge":292.00,"npi":[1649722463]},{"billed_charge":322.00,"npi":[1649722463]},{"billed_charge":490.00,"npi":[1649722463]},{"billed_charge":647.00,"npi":[1649722463]}]},{"allowed_amount":0.00,"billing_code_modifier":[""],"providers":[{"billed_charge":40.25,"npi":[1649722463]},{"billed_charge":123.75,"npi":[1649722463]},{"billed_charge":150.00,"npi":[1649722463]},{"billed_charge":206.13,"npi":[1649722463]},{"billed_charge":242.00,"npi":[1649722463]},{"billed_charge":275.00,"npi":[1649722463]},{"billed_charge":292.00,"npi":[1649722463]},{"billed_charge":322.00,"npi":[1649722463]},{"billed_charge":490.00,"npi":[1649722463]},{"billed_charge":647.00,"npi":[1649722463]}]},{"allowed_amount":0.00,"billing_code_modifier":[""],"providers":[{"billed_charge":40.25,"npi":[1649722463]},{"billed_charge":123.75,"npi":[1649722463]},{"billed_charge":150.00,"npi":[1649722463]},{"billed_charge":206.13,"npi":[1649722463]},{"billed_charge":242.00,"npi":[1649722463]},{"billed_charge":275.00,"npi":[1649722463]},{"billed_charge":292.00,"npi":[1649722463]},{"billed_charge":322.00,"npi":[1649722463]},{"billed_charge":490.00,"npi":[1649722463]},{"billed_charge":647.00,"npi":[1649722463]}]},{"allowed_amount":0.00,"billing_code_modifier":[""],"providers":[{"billed_charge":40.25,"npi":[1649722463]},{"billed_charge":123.75,"npi":[1649722463]},{"billed_charge":150.00,"npi":[1649722463]},{"billed_charge":206.13,"npi":[1649722463]},{"billed_charge":242.00,"npi":[1649722463]},{"billed_charge":275.00,"npi":[1649722463]},{"billed_charge":292.00,"npi":[1649722463]},{"billed_charge":322.00,"npi":[1649722463]},{"billed_charge":490.00,"npi":[1649722463]},{"billed_charge":647.00,"npi":[1649722463]}]},{"allowed_amount":0.00,"billing_code_modifier":[""],"providers":[{"billed_charge":40.25,"npi":[1649722463]},{"billed_charge":123.75,"npi":[1649722463]},{"billed_charge":150.00,"npi":[1649722463]},{"billed_charge":206.13,"npi":[1649722463]},{"billed_charge":242.00,"npi":[1649722463]},{"billed_charge":275.00,"npi":[1649722463]},{"billed_charge":292.00,"npi":[1649722463]},{"billed_charge":322.00,"npi":[1649722463]},{"billed_charge":490.00,"npi":[1649722463]},{"billed_charge":647.00,"npi":[1649722463]}]},{"allowed_amount":0.00,"billing_code_modifier":[""],"providers":[{"billed_charge":40.25,"npi":[1649722463]},{"billed_charge":123.75,"npi":[1649722463]},{"billed_charge":150.00,"npi":[1649722463]},{"billed_charge":206.13,"npi":[1649722463]},{"billed_charge":242.00,"npi":[1649722463]},{"billed_charge":275.00,"npi":[1649722463]},{"billed_charge":292.00,"npi":[1649722463]},{"billed_charge":322.00,"npi":[1649722463]},{"billed_charge":490.00,"npi":[1649722463]},{"billed_charge":647.00,"npi":[1649722463]}]},{"allowed_amount":0.00,"billing_code_modifier":[""],"providers":[{"billed_charge":40.25,"npi":[1649722463]},{"billed_charge":123.75,"npi":[1649722463]},{"billed_charge":150.00,"npi":[1649722463]},{"billed_charge":206.13,"npi":[1649722463]},{"billed_charge":242.00,"npi":[1649722463]},{"billed_charge":275.00,"npi":[1649722463]},{"billed_charge":292.00,"npi":[1649722463]},{"billed_charge":322.00,"npi":[1649722463]},{"billed_charge":490.00,"npi":[1649722463]},{"billed_charge":647.00,"npi":[1649722463]}]},{"allowed_amount":0.00,"billing_code_modifier":[""],"providers":[{"billed_charge":40.25,"npi":[1649722463]},{"billed_charge":123.75,"npi":[1649722463]},{"billed_charge":150.00,"npi":[1649722463]},{"billed_charge":206.13,"npi":[1649722463]},{"billed_charge":242.00,"npi":[1649722463]},{"billed_charge":275.00,"npi":[1649722463]},{"billed_charge":292.00,"npi":[1649722463]},{"billed_charge":322.00,"npi":[1649722463]},{"billed_charge":490.00,"npi":[1649722463]},{"billed_charge":647.00,"npi":[1649722463]}]},{"allowed_amount":0.00,"billing_code_modifier":[""],"providers":[{"billed_charge":40.25,"npi":[1649722463]},{"billed_charge":123.75,"npi":[1649722463]},{"billed_charge":150.00,"npi":[1649722463]},{"billed_charge":206.13,"npi":[1649722463]},{"billed_charge":242.00,"npi":[1649722463]},{"billed_charge":275.00,"npi":[1649722463]},{"billed_charge":292.00,"npi":[1649722463]},{"billed_charge":322.00,"npi":[1649722463]},{"billed_charge":490.00,"npi":[1649722463]},{"billed_charge":647.00,"npi":[1649722463]}]}]},{"tin":{"type":"ein","value":"812098192"},"service_code":["23"],"billing_class":"institutional","payments":[{"allowed_amount":0.00,"billing_code_modifier":[""],"providers":[{"billed_charge":40.25,"npi":[1649722463]},{"billed_charge":123.75,"npi":[1649722463]},{"billed_charge":150.00,"npi":[1649722463]},{"billed_charge":206.13,"npi":[1649722463]},{"billed_charge":242.00,"npi":[1649722463]},{"billed_charge":275.00,"npi":[1649722463]},{"billed_charge":292.00,"npi":[1649722463]},{"billed_charge":322.00,"npi":[1649722463]},{"billed_charge":490.00,"npi":[1649722463]},{"billed_charge":647.00,"npi":[1649722463]}]},{"allowed_amount":0.00,"billing_code_modifier":[""],"providers":[{"billed_charge":40.25,"npi":[1649722463]},{"billed_charge":123.75,"npi":[1649722463]},{"billed_charge":150.00,"npi":[1649722463]},{"billed_charge":206.13,"npi":[1649722463]},{"billed_charge":242.00,"npi":[1649722463]},{"billed_charge":275.00,"npi":[1649722463]},{"billed_charge":292.00,"npi":[1649722463]},{"billed_charge":322.00,"npi":[1649722463]},{"billed_charge":490.00,"npi":[1649722463]},{"billed_charge":647.00,"npi":[1649722463]}]},{"allowed_amount":0.00,"billing_code_modifier":[""],"providers":[{"billed_charge":40.25,"npi":[1649722463]},{"billed_charge":123.75,"npi":[1649722463]},{"billed_charge":150.00,"npi":[1649722463]},{"billed_charge":206.13,"npi":[1649722463]},{"billed_charge":242.00,"npi":[1649722463]},{"billed_charge":275.00,"npi":[1649722463]},{"billed_charge":292.00,"npi":[1649722463]},{"billed_charge":322.00,"npi":[1649722463]},{"billed_charge":490.00,"npi":[1649722463]},{"billed_charge":647.00,"npi":[1649722463]}]},{"allowed_amount":0.00,"billing_code_modifier":[""],"providers":[{"billed_charge":40.25,"npi":[1649722463]},{"billed_charge":123.75,"npi":[1649722463]},{"billed_charge":150.00,"npi":[1649722463]},{"billed_charge":206.13,"npi":[1649722463]},{"billed_charge":242.00,"npi":[1649722463]},{"billed_charge":275.00,"npi":[1649722463]},{"billed_charge":292.00,"npi":[1649722463]},{"billed_charge":322.00,"npi":[1649722463]},{"billed_charge":490.00,"npi":[1649722463]},{"billed_charge":647.00,"npi":[1649722463]}]},{"allowed_amount":0.00,"billing_code_modifier":[""],"providers":[{"billed_charge":40.25,"npi":[1649722463]},{"billed_charge":123.75,"npi":[1649722463]},{"billed_charge":150.00,"npi":[1649722463]},{"billed_charge":206.13,"npi":[1649722463]},{"billed_charge":242.00,"npi":[1649722463]},{"billed_charge":275.00,"npi":[1649722463]},{"billed_charge":292.00,"npi":[1649722463]},{"billed_charge":322.00,"npi":[1649722463]},{"billed_charge":490.00,"npi":[1649722463]},{"billed_charge":647.00,"npi":[1649722463]}]},{"allowed_amount":0.00,"billing_code_modifier":[""],"providers":[{"billed_charge":40.25,"npi":[1649722463]},{"billed_charge":123.75,"npi":[1649722463]},{"billed_charge":150.00,"npi":[1649722463]},{"billed_charge":206.13,"npi":[1649722463]},{"billed_charge":242.00,"npi":[1649722463]},{"billed_charge":275.00,"npi":[1649722463]},{"billed_charge":292.00,"npi":[1649722463]},{"billed_charge":322.00,"npi":[1649722463]},{"billed_charge":490.00,"npi":[1649722463]},{"billed_charge":647.00,"npi":[1649722463]}]},{"allowed_amount":0.00,"billing_code_modifier":[""],"providers":[{"billed_charge":40.25,"npi":[1649722463]},{"billed_charge":123.75,"npi":[1649722463]},{"billed_charge":150.00,"npi":[1649722463]},{"billed_charge":206.13,"npi":[1649722463]},{"billed_charge":242.00,"npi":[1649722463]},{"billed_charge":275.00,"npi":[1649722463]},{"billed_charge":292.00,"npi":[1649722463]},{"billed_charge":322.00,"npi":[1649722463]},{"billed_charge":490.00,"npi":[1649722463]},{"billed_charge":647.00,"npi":[1649722463]}]},{"allowed_amount":0.00,"billing_code_modifier":[""],"providers":[{"billed_charge":40.25,"npi":[1649722463]},{"billed_charge":123.75,"npi":[1649722463]},{"billed_charge":150.00,"npi":[1649722463]},{"billed_charge":206.13,"npi":[1649722463]},{"billed_charge":242.00,"npi":[1649722463]},{"billed_charge":275.00,"npi":[1649722463]},{"billed_charge":292.00,"npi":[1649722463]},{"billed_charge":322.00,"npi":[1649722463]},{"billed_charge":490.00,"npi":[1649722463]},{"billed_charge":647.00,"npi":[1649722463]}]},{"allowed_amount":0.00,"billing_code_modifier":[""],"providers":[{"billed_charge":40.25,"npi":[1649722463]},{"billed_charge":123.75,"npi":[1649722463]},{"billed_charge":150.00,"npi":[1649722463]},{"billed_charge":206.13,"npi":[1649722463]},{"billed_charge":242.00,"npi":[1649722463]},{"billed_charge":275.00,"npi":[1649722463]},{"billed_charge":292.00,"npi":[1649722463]},{"billed_charge":322.00,"npi":[1649722463]},{"billed_charge":490.00,"npi":[1649722463]},{"billed_charge":647.00,"npi":[1649722463]}]},{"allowed_amount":0.00,"billing_code_modifier":[""],"providers":[{"billed_charge":40.25,"npi":[1649722463]},{"billed_charge":123.75,"npi":[1649722463]},{"billed_charge":150.00,"npi":[1649722463]},{"billed_charge":206.13,"npi":[1649722463]},{"billed_charge":242.00,"npi":[1649722463]},{"billed_charge":275.00,"npi":[1649722463]},{"billed_charge":292.00,"npi":[1649722463]},{"billed_charge":322.00,"npi":[1649722463]},{"billed_charge":490.00,"npi":[1649722463]},{"billed_charge":647.00,"npi":[1649722463]}]}]},{"tin":{"type":"ein","value":"812098192"},"service_code":["23"],"billing_class":"institutional","payments":[{"allowed_amount":0.00,"billing_code_modifier":[""],"providers":[{"billed_charge":40.25,"npi":[1649722463]},{"billed_charge":123.75,"npi":[1649722463]},{"billed_charge":150.00,"npi":[1649722463]},{"billed_charge":206.13,"npi":[1649722463]},{"billed_charge":242.00,"npi":[1649722463]},{"billed_charge":275.00,"npi":[1649722463]},{"billed_charge":292.00,"npi":[1649722463]},{"billed_charge":322.00,"npi":[1649722463]},{"billed_charge":490.00,"npi":[1649722463]},{"billed_charge":647.00,"npi":[1649722463]}]},{"allowed_amount":0.00,"billing_code_modifier":[""],"providers":[{"billed_charge":40.25,"npi":[1649722463]},{"billed_charge":123.75,"npi":[1649722463]},{"billed_charge":150.00,"npi":[1649722463]},{"billed_charge":206.13,"npi":[1649722463]},{"billed_charge":242.00,"npi":[1649722463]},{"billed_charge":275.00,"npi":[1649722463]},{"billed_charge":292.00,"npi":[1649722463]},{"billed_charge":322.00,"npi":[1649722463]},{"billed_charge":490.00,"npi":[1649722463]},{"billed_charge":647.00,"npi":[1649722463]}]},{"allowed_amount":0.00,"billing_code_modifier":[""],"providers":[{"billed_charge":40.25,"npi":[1649722463]},{"billed_charge":123.75,"npi":[1649722463]},{"billed_charge":150.00,"npi":[1649722463]},{"billed_charge":206.13,"npi":[1649722463]},{"billed_charge":242.00,"npi":[1649722463]},{"billed_charge":275.00,"npi":[1649722463]},{"billed_charge":292.00,"npi":[1649722463]},{"billed_charge":322.00,"npi":[1649722463]},{"billed_charge":490.00,"npi":[1649722463]},{"billed_charge":647.00,"npi":[1649722463]}]},{"allowed_amount":0.00,"billing_code_modifier":[""],"providers":[{"billed_charge":40.25,"npi":[1649722463]},{"billed_charge":123.75,"npi":[1649722463]},{"billed_charge":150.00,"npi":[1649722463]},{"billed_charge":206.13,"npi":[1649722463]},{"billed_charge":242.00,"npi":[1649722463]},{"billed_charge":275.00,"npi":[1649722463]},{"billed_charge":292.00,"npi":[1649722463]},{"billed_charge":322.00,"npi":[1649722463]},{"billed_charge":490.00,"npi":[1649722463]},{"billed_charge":647.00,"npi":[1649722463]}]},{"allowed_amount":0.00,"billing_code_modifier":[""],"providers":[{"billed_charge":40.25,"npi":[1649722463]},{"billed_charge":123.75,"npi":[1649722463]},{"billed_charge":150.00,"npi":[1649722463]},{"billed_charge":206.13,"npi":[1649722463]},{"billed_charge":242.00,"npi":[1649722463]},{"billed_charge":275.00,"npi":[1649722463]},{"billed_charge":292.00,"npi":[1649722463]},{"billed_charge":322.00,"npi":[1649722463]},{"billed_charge":490.00,"npi":[1649722463]},{"billed_charge":647.00,"npi":[1649722463]}]},{"allowed_amount":0.00,"billing_code_modifier":[""],"providers":[{"billed_charge":40.25,"npi":[1649722463]},{"billed_charge":123.75,"npi":[1649722463]},{"billed_charge":150.00,"npi":[1649722463]},{"billed_charge":206.13,"npi":[1649722463]},{"billed_charge":242.00,"npi":[1649722463]},{"billed_charge":275.00,"npi":[1649722463]},{"billed_charge":292.00,"npi":[1649722463]},{"billed_charge":322.00,"npi":[1649722463]},{"billed_charge":490.00,"npi":[1649722463]},{"billed_charge":647.00,"npi":[1649722463]}]},{"allowed_amount":0.00,"billing_code_modifier":[""],"providers":[{"billed_charge":40.25,"npi":[1649722463]},{"billed_charge":123.75,"npi":[1649722463]},{"billed_charge":150.00,"npi":[1649722463]},{"billed_charge":206.13,"npi":[1649722463]},{"billed_charge":242.00,"npi":[1649722463]},{"billed_charge":275.00,"npi":[1649722463]},{"billed_charge":292.00,"npi":[1649722463]},{"billed_charge":322.00,"npi":[1649722463]},{"billed_charge":490.00,"npi":[1649722463]},{"billed_charge":647.00,"npi":[1649722463]}]},{"allowed_amount":0.00,"billing_code_modifier":[""],"providers":[{"billed_charge":40.25,"npi":[1649722463]},{"billed_charge":123.75,"npi":[1649722463]},{"billed_charge":150.00,"npi":[1649722463]},{"billed_charge":206.13,"npi":[1649722463]},{"billed_charge":242.00,"npi":[1649722463]},{"billed_charge":275.00,"npi":[1649722463]},{"billed_charge":292.00,"npi":[1649722463]},{"billed_charge":322.00,"npi":[1649722463]},{"billed_charge":490.00,"npi":[1649722463]},{"billed_charge":647.00,"npi":[1649722463]}]},{"allowed_amount":0.00,"billing_code_modifier":[""],"providers":[{"billed_charge":40.25,"npi":[1649722463]},{"billed_charge":123.75,"npi":[1649722463]},{"billed_charge":150.00,"npi":[1649722463]},{"billed_charge":206.13,"npi":[1649722463]},{"billed_charge":242.00,"npi":[1649722463]},{"billed_charge":275.00,"npi":[1649722463]},{"billed_charge":292.00,"npi":[1649722463]},{"billed_charge":322.00,"npi":[1649722463]},{"billed_charge":490.00,"npi":[1649722463]},{"billed_charge":647.00,"npi":[1649722463]}]},{"allowed_amount":0.00,"billing_code_modifier":[""],"providers":[{"billed_charge":40.25,"npi":[1649722463]},{"billed_charge":123.75,"npi":[1649722463]},{"billed_charge":150.00,"npi":[1649722463]},{"billed_charge":206.13,"npi":[1649722463]},{"billed_charge":242.00,"npi":[1649722463]},{"billed_charge":275.00,"npi":[1649722463]},{"billed_charge":292.00,"npi":[1649722463]},{"billed_charge":322.00,"npi":[1649722463]},{"billed_charge":490.00,"npi":[1649722463]},{"billed_charge":647.00,"npi":[1649722463]}]}]},{"tin":{"type":"ein","value":"812098192"},"service_code":["23"],"billing_class":"institutional","payments":[{"allowed_amount":0.00,"billing_code_modifier":[""],"providers":[{"billed_charge":40.25,"npi":[1649722463]},{"billed_charge":123.75,"npi":[1649722463]},{"billed_charge":150.00,"npi":[1649722463]},{"billed_charge":206.13,"npi":[1649722463]},{"billed_charge":242.00,"npi":[1649722463]},{"billed_charge":275.00,"npi":[1649722463]},{"billed_charge":292.00,"npi":[1649722463]},{"billed_charge":322.00,"npi":[1649722463]},{"billed_charge":490.00,"npi":[1649722463]},{"billed_charge":647.00,"npi":[1649722463]}]},{"allowed_amount":0.00,"billing_code_modifier":[""],"providers":[{"billed_charge":40.25,"npi":[1649722463]},{"billed_charge":123.75,"npi":[1649722463]},{"billed_charge":150.00,"npi":[1649722463]},{"billed_charge":206.13,"npi":[1649722463]},{"billed_charge":242.00,"npi":[1649722463]},{"billed_charge":275.00,"npi":[1649722463]},{"billed_charge":292.00,"npi":[1649722463]},{"billed_charge":322.00,"npi":[1649722463]},{"billed_charge":490.00,"npi":[1649722463]},{"billed_charge":647.00,"npi":[1649722463]}]},{"allowed_amount":0.00,"billing_code_modifier":[""],"providers":[{"billed_charge":40.25,"npi":[1649722463]},{"billed_charge":123.75,"npi":[1649722463]},{"billed_charge":150.00,"npi":[1649722463]},{"billed_charge":206.13,"npi":[1649722463]},{"billed_charge":242.00,"npi":[1649722463]},{"billed_charge":275.00,"npi":[1649722463]},{"billed_charge":292.00,"npi":[1649722463]},{"billed_charge":322.00,"npi":[1649722463]},{"billed_charge":490.00,"npi":[1649722463]},{"billed_charge":647.00,"npi":[1649722463]}]},{"allowed_amount":0.00,"billing_code_modifier":[""],"providers":[{"billed_charge":40.25,"npi":[1649722463]},{"billed_charge":123.75,"npi":[1649722463]},{"billed_charge":150.00,"npi":[1649722463]},{"billed_charge":206.13,"npi":[1649722463]},{"billed_charge":242.00,"npi":[1649722463]},{"billed_charge":275.00,"npi":[1649722463]},{"billed_charge":292.00,"npi":[1649722463]},{"billed_charge":322.00,"npi":[1649722463]},{"billed_charge":490.00,"npi":[1649722463]},{"billed_charge":647.00,"npi":[1649722463]}]},{"allowed_amount":0.00,"billing_code_modifier":[""],"providers":[{"billed_charge":40.25,"npi":[1649722463]},{"billed_charge":123.75,"npi":[1649722463]},{"billed_charge":150.00,"npi":[1649722463]},{"billed_charge":206.13,"npi":[1649722463]},{"billed_charge":242.00,"npi":[1649722463]},{"billed_charge":275.00,"npi":[1649722463]},{"billed_charge":292.00,"npi":[1649722463]},{"billed_charge":322.00,"npi":[1649722463]},{"billed_charge":490.00,"npi":[1649722463]},{"billed_charge":647.00,"npi":[1649722463]}]},{"allowed_amount":0.00,"billing_code_modifier":[""],"providers":[{"billed_charge":40.25,"npi":[1649722463]},{"billed_charge":123.75,"npi":[1649722463]},{"billed_charge":150.00,"npi":[1649722463]},{"billed_charge":206.13,"npi":[1649722463]},{"billed_charge":242.00,"npi":[1649722463]},{"billed_charge":275.00,"npi":[1649722463]},{"billed_charge":292.00,"npi":[1649722463]},{"billed_charge":322.00,"npi":[1649722463]},{"billed_charge":490.00,"npi":[1649722463]},{"billed_charge":647.00,"npi":[1649722463]}]},{"allowed_amount":0.00,"billing_code_modifier":[""],"providers":[{"billed_charge":40.25,"npi":[1649722463]},{"billed_charge":123.75,"npi":[1649722463]},{"billed_charge":150.00,"npi":[1649722463]},{"billed_charge":206.13,"npi":[1649722463]},{"billed_charge":242.00,"npi":[1649722463]},{"billed_charge":275.00,"npi":[1649722463]},{"billed_charge":292.00,"npi":[1649722463]},{"billed_charge":322.00,"npi":[1649722463]},{"billed_charge":490.00,"npi":[1649722463]},{"billed_charge":647.00,"npi":[1649722463]}]},{"allowed_amount":0.00,"billing_code_modifier":[""],"providers":[{"billed_charge":40.25,"npi":[1649722463]},{"billed_charge":123.75,"npi":[1649722463]},{"billed_charge":150.00,"npi":[1649722463]},{"billed_charge":206.13,"npi":[1649722463]},{"billed_charge":242.00,"npi":[1649722463]},{"billed_charge":275.00,"npi":[1649722463]},{"billed_charge":292.00,"npi":[1649722463]},{"billed_charge":322.00,"npi":[1649722463]},{"billed_charge":490.00,"npi":[1649722463]},{"billed_charge":647.00,"npi":[1649722463]}]},{"allowed_amount":0.00,"billing_code_modifier":[""],"providers":[{"billed_charge":40.25,"npi":[1649722463]},{"billed_charge":123.75,"npi":[1649722463]},{"billed_charge":150.00,"npi":[1649722463]},{"billed_charge":206.13,"npi":[1649722463]},{"billed_charge":242.00,"npi":[1649722463]},{"billed_charge":275.00,"npi":[1649722463]},{"billed_charge":292.00,"npi":[1649722463]},{"billed_charge":322.00,"npi":[1649722463]},{"billed_charge":490.00,"npi":[1649722463]},{"billed_charge":647.00,"npi":[1649722463]}]},{"allowed_amount":0.00,"billing_code_modifier":[""],"providers":[{"billed_charge":40.25,"npi":[1649722463]},{"billed_charge":123.75,"npi":[1649722463]},{"billed_charge":150.00,"npi":[1649722463]},{"billed_charge":206.13,"npi":[1649722463]},{"billed_charge":242.00,"npi":[1649722463]},{"billed_charge":275.00,"npi":[1649722463]},{"billed_charge":292.00,"npi":[1649722463]},{"billed_charge":322.00,"npi":[1649722463]},{"billed_charge":490.00,"npi":[1649722463]},{"billed_charge":647.00,"npi":[1649722463]}]}]},{"tin":{"type":"ein","value":"812098192"},"service_code":["23"],"billing_class":"institutional","payments":[{"allowed_amount":0.00,"billing_code_modifier":[""],"providers":[{"billed_charge":40.25,"npi":[1649722463]},{"billed_charge":123.75,"npi":[1649722463]},{"billed_charge":150.00,"npi":[1649722463]},{"billed_charge":206.13,"npi":[1649722463]},{"billed_charge":242.00,"npi":[1649722463]},{"billed_charge":275.00,"npi":[1649722463]},{"billed_charge":292.00,"npi":[1649722463]},{"billed_charge":322.00,"npi":[1649722463]},{"billed_charge":490.00,"npi":[1649722463]},{"billed_charge":647.00,"npi":[1649722463]}]},{"allowed_amount":0.00,"billing_code_modifier":[""],"providers":[{"billed_charge":40.25,"npi":[1649722463]},{"billed_charge":123.75,"npi":[1649722463]},{"billed_charge":150.00,"npi":[1649722463]},{"billed_charge":206.13,"npi":[1649722463]},{"billed_charge":242.00,"npi":[1649722463]},{"billed_charge":275.00,"npi":[1649722463]},{"billed_charge":292.00,"npi":[1649722463]},{"billed_charge":322.00,"npi":[1649722463]},{"billed_charge":490.00,"npi":[1649722463]},{"billed_charge":647.00,"npi":[1649722463]}]},{"allowed_amount":0.00,"billing_code_modifier":[""],"providers":[{"billed_charge":40.25,"npi":[1649722463]},{"billed_charge":123.75,"npi":[1649722463]},{"billed_charge":150.00,"npi":[1649722463]},{"billed_charge":206.13,"npi":[1649722463]},{"billed_charge":242.00,"npi":[1649722463]},{"billed_charge":275.00,"npi":[1649722463]},{"billed_charge":292.00,"npi":[1649722463]},{"billed_charge":322.00,"npi":[1649722463]},{"billed_charge":490.00,"npi":[1649722463]},{"billed_charge":647.00,"npi":[1649722463]}]},{"allowed_amount":0.00,"billing_code_modifier":[""],"providers":[{"billed_charge":40.25,"npi":[1649722463]},{"billed_charge":123.75,"npi":[1649722463]},{"billed_charge":150.00,"npi":[1649722463]},{"billed_charge":206.13,"npi":[1649722463]},{"billed_charge":242.00,"npi":[1649722463]},{"billed_charge":275.00,"npi":[1649722463]},{"billed_charge":292.00,"npi":[1649722463]},{"billed_charge":322.00,"npi":[1649722463]},{"billed_charge":490.00,"npi":[1649722463]},{"billed_charge":647.00,"npi":[1649722463]}]},{"allowed_amount":0.00,"billing_code_modifier":[""],"providers":[{"billed_charge":40.25,"npi":[1649722463]},{"billed_charge":123.75,"npi":[1649722463]},{"billed_charge":150.00,"npi":[1649722463]},{"billed_charge":206.13,"npi":[1649722463]},{"billed_charge":242.00,"npi":[1649722463]},{"billed_charge":275.00,"npi":[1649722463]},{"billed_charge":292.00,"npi":[1649722463]},{"billed_charge":322.00,"npi":[1649722463]},{"billed_charge":490.00,"npi":[1649722463]},{"billed_charge":647.00,"npi":[1649722463]}]},{"allowed_amount":0.00,"billing_code_modifier":[""],"providers":[{"billed_charge":40.25,"npi":[1649722463]},{"billed_charge":123.75,"npi":[1649722463]},{"billed_charge":150.00,"npi":[1649722463]},{"billed_charge":206.13,"npi":[1649722463]},{"billed_charge":242.00,"npi":[1649722463]},{"billed_charge":275.00,"npi":[1649722463]},{"billed_charge":292.00,"npi":[1649722463]},{"billed_charge":322.00,"npi":[1649722463]},{"billed_charge":490.00,"npi":[1649722463]},{"billed_charge":647.00,"npi":[1649722463]}]},{"allowed_amount":0.00,"billing_code_modifier":[""],"providers":[{"billed_charge":40.25,"npi":[1649722463]},{"billed_charge":123.75,"npi":[1649722463]},{"billed_charge":150.00,"npi":[1649722463]},{"billed_charge":206.13,"npi":[1649722463]},{"billed_charge":242.00,"npi":[1649722463]},{"billed_charge":275.00,"npi":[1649722463]},{"billed_charge":292.00,"npi":[1649722463]},{"billed_charge":322.00,"npi":[1649722463]},{"billed_charge":490.00,"npi":[1649722463]},{"billed_charge":647.00,"npi":[1649722463]}]},{"allowed_amount":0.00,"billing_code_modifier":[""],"providers":[{"billed_charge":40.25,"npi":[1649722463]},{"billed_charge":123.75,"npi":[1649722463]},{"billed_charge":150.00,"npi":[1649722463]},{"billed_charge":206.13,"npi":[1649722463]},{"billed_charge":242.00,"npi":[1649722463]},{"billed_charge":275.00,"npi":[1649722463]},{"billed_charge":292.00,"npi":[1649722463]},{"billed_charge":322.00,"npi":[1649722463]},{"billed_charge":490.00,"npi":[1649722463]},{"billed_charge":647.00,"npi":[1649722463]}]},{"allowed_amount":0.00,"billing_code_modifier":[""],"providers":[{"billed_charge":40.25,"npi":[1649722463]},{"billed_charge":123.75,"npi":[1649722463]},{"billed_charge":150.00,"npi":[1649722463]},{"billed_charge":206.13,"npi":[1649722463]},{"billed_charge":242.00,"npi":[1649722463]},{"billed_charge":275.00,"npi":[1649722463]},{"billed_charge":292.00,"npi":[1649722463]},{"billed_charge":322.00,"npi":[1649722463]},{"billed_charge":490.00,"npi":[1649722463]},{"billed_charge":647.00,"npi":[1649722463]}]},{"allowed_amount":0.00,"billing_code_modifier":[""],"providers":[{"billed_charge":40.25,"npi":[1649722463]},{"billed_charge":123.75,"npi":[1649722463]},{"billed_charge":150.00,"npi":[1649722463]},{"billed_charge":206.13,"npi":[1649722463]},{"billed_charge":242.00,"npi":[1649722463]},{"billed_charge":275.00,"npi":[1649722463]},{"billed_charge":292.00,"npi":[1649722463]},{"billed_charge":322.00,"npi":[1649722463]},{"billed_charge":490.00,"npi":[1649722463]},{"billed_charge":647.00,"npi":[1649722463]}]}]}]}]}
