{"reporting_entity_name": "IEC Group_DBA AmeriBen",
	"reporting_entity_type": "Third Party Administrator",
	"plan_name": "JOANN STORES",
	"plan_id_type": "ein",
	"plan_id": "340720629",
	"plan_market_type": "group",
	"last_updated_on": "2025-06-02","Version": "1.0.0","out_of_network":[{"name":"ASSAY OF MAGNESIUM","billing_code_type":"CPT","billing_code_type_version":"2020","billing_code":"83735","description":"ASSAY OF MAGNESIUM","allowed_amounts":[{"tin":{"type":"ein","value":"800151023"},"service_code":["21"],"billing_class":"professional","payments":[{"allowed_amount":10.21,"billing_code_modifier":[""],"providers":[{"billed_charge":10.21,"npi":[1194926279,1316196892,1407395197,1528402427]}]}]}]},{"name":"BLOOD COUNT COMPLETE AUTO&AUTO DIFRNTL WBC","billing_code_type":"CPT","billing_code_type_version":"2020","billing_code":"85025","description":"BLOOD COUNT COMPLETE AUTO&AUTO DIFRNTL WBC","allowed_amounts":[{"tin":{"type":"ein","value":"800151023"},"service_code":["21"],"billing_class":"professional","payments":[{"allowed_amount":7.77,"billing_code_modifier":[""],"providers":[{"billed_charge":12.25,"npi":[1194926279,1316196892,1407395197,1528402427]}]}]}]},{"name":"COMPREHENSIVE METABOLIC PANEL","billing_code_type":"CPT","billing_code_type_version":"2020","billing_code":"80053","description":"COMPREHENSIVE METABOLIC PANEL","allowed_amounts":[{"tin":{"type":"ein","value":"800151023"},"service_code":["21"],"billing_class":"professional","payments":[{"allowed_amount":15.21,"billing_code_modifier":[""],"providers":[{"billed_charge":16.35,"npi":[1194926279,1316196892,1407395197,1528402427]}]}]}]},{"name":"RESIDENTIAL TREATMENT-PSYCHIATRIC","billing_code_type":"RC","billing_code_type_version":"UB04","billing_code":"1001","description":"RESIDENTIAL TREATMENT-PSYCHIATRIC","allowed_amounts":[{"tin":{"type":"ein","value":"880748651"},"service_code":["21"],"billing_class":"institutional","payments":[{"allowed_amount":0.00,"billing_code_modifier":[""],"providers":[{"billed_charge":6050.00,"npi":[1164696993,1730915695]}]}]}]}]}
