{"reporting_entity_name": "IEC Group_DBA AmeriBen",
	"reporting_entity_type": "Third Party Administrator",
	"plan_name": "KEMIRA CHEMICALS INC",
	"plan_id_type": "ein",
	"plan_id": "",
	"plan_market_type": "group",
	"last_updated_on": "2022-06-28","Version": "1.0.0","out_of_network":[{"name":"APPL MODALITY 1\/> AREAS TRACTION MECHANICAL","billing_code_type":"CPT","billing_code_type_version":"2020","billing_code":"97012","description":"APPL MODALITY 1\/> AREAS TRACTION MECHANICAL","allowed_amounts":[{"tin":{"type":"ein","value":"455333709"},"service_code":["11"],"billing_class":"professional","payments":[{"allowed_amount":14.87,"billing_code_modifier":[""],"providers":[{"billed_charge":35.00,"npi":[1104161504,1356606065]}]}]}]},{"name":"APPLICATION MODALITY 1\/> AREAS HOT\/COLD PACKS","billing_code_type":"CPT","billing_code_type_version":"2020","billing_code":"97010","description":"APPLICATION MODALITY 1\/> AREAS HOT\/COLD PACKS","allowed_amounts":[{"tin":{"type":"ein","value":"455333709"},"service_code":["11"],"billing_class":"professional","payments":[{"allowed_amount":0.00,"billing_code_modifier":[""],"providers":[{"billed_charge":35.00,"npi":[1104161504,1356606065]}]}]}]},{"name":"IA DET NA;SEV AC RES SYND SARS-COV-2 COVID-19","billing_code_type":"HCPCS","billing_code_type_version":"HCPCS LEVEL II 2021","billing_code":"U0005","description":"IA DET NA;SEV AC RES SYND SARS-COV-2 COVID-19","allowed_amounts":[{"tin":{"type":"ein","value":"382084239"},"service_code":["81"],"billing_class":"professional","payments":[{"allowed_amount":25.00,"billing_code_modifier":[""],"providers":[{"billed_charge":25.00,"npi":[1295328664,1447797600,1508406182,1669736559,1932166386,1992314918]}]}]},{"tin":{"type":"ein","value":"452172398"},"service_code":["81"],"billing_class":"professional","payments":[{"allowed_amount":50.00,"billing_code_modifier":[""],"providers":[{"billed_charge":50.00,"npi":[1104886910,1316378789]}]}]},{"tin":{"type":"ein","value":"462303470"},"service_code":["81"],"billing_class":"professional","payments":[{"allowed_amount":50.00,"billing_code_modifier":[""],"providers":[{"billed_charge":50.00,"npi":[1184809337,1205435989]}]}]},{"tin":{"type":"ein","value":"471359076"},"service_code":["81"],"billing_class":"professional","payments":[{"allowed_amount":25.00,"billing_code_modifier":[""],"providers":[{"billed_charge":25.00,"npi":[1134538713,1134597057,1497846133]}]}]},{"tin":{"type":"ein","value":"472088639"},"service_code":["81"],"billing_class":"professional","payments":[{"allowed_amount":25.00,"billing_code_modifier":[""],"providers":[{"billed_charge":75.00,"npi":[1023245388,1609273317]}]}]},{"tin":{"type":"ein","value":"472462178"},"service_code":["81"],"billing_class":"professional","payments":[{"allowed_amount":25.00,"billing_code_modifier":[""],"providers":[{"billed_charge":50.00,"npi":[1144731605]}]}]},{"tin":{"type":"ein","value":"472462178"},"service_code":["81"],"billing_class":"professional","payments":[{"allowed_amount":50.00,"billing_code_modifier":[""],"providers":[{"billed_charge":50.00,"npi":[1144731605,1639311509,1962018374]}]}]},{"tin":{"type":"ein","value":"473170676"},"service_code":["81"],"billing_class":"professional","payments":[{"allowed_amount":25.00,"billing_code_modifier":[""],"providers":[{"billed_charge":75.00,"npi":[1760076061]}]}]},{"tin":{"type":"ein","value":"473727159"},"service_code":["81"],"billing_class":"professional","payments":[{"allowed_amount":25.00,"billing_code_modifier":[""],"providers":[{"billed_charge":25.00,"npi":[1841821501,1912521568]}]}]},{"tin":{"type":"ein","value":"621433252"},"service_code":["81"],"billing_class":"professional","payments":[{"allowed_amount":25.00,"billing_code_modifier":[""],"providers":[{"billed_charge":31.25,"npi":[1689639544]}]}]},{"tin":{"type":"ein","value":"821646358"},"service_code":["81"],"billing_class":"professional","payments":[{"allowed_amount":50.00,"billing_code_modifier":[""],"providers":[{"billed_charge":75.00,"npi":[1346769593,1659588762]}]}]},{"tin":{"type":"ein","value":"830814475"},"service_code":["81"],"billing_class":"professional","payments":[{"allowed_amount":25.00,"billing_code_modifier":[""],"providers":[{"billed_charge":25.00,"npi":[1174009245,1801039649]}]}]},{"tin":{"type":"ein","value":"850602662"},"service_code":["81"],"billing_class":"professional","payments":[{"allowed_amount":25.00,"billing_code_modifier":[""],"providers":[{"billed_charge":25.00,"npi":[1881215622]}]}]},{"tin":{"type":"ein","value":"851250885"},"service_code":["81"],"billing_class":"professional","payments":[{"allowed_amount":25.00,"billing_code_modifier":[""],"providers":[{"billed_charge":25.00,"npi":[1265042592]}]}]},{"tin":{"type":"ein","value":"852421177"},"service_code":["81"],"billing_class":"professional","payments":[{"allowed_amount":50.00,"billing_code_modifier":[""],"providers":[{"billed_charge":50.00,"npi":[1366048019,1912008087]}]}]},{"tin":{"type":"ein","value":"852766187"},"service_code":["81"],"billing_class":"professional","payments":[{"allowed_amount":25.00,"billing_code_modifier":[""],"providers":[{"billed_charge":50.00,"npi":[1104208065,1205360476,1255946869]}]}]},{"tin":{"type":"ein","value":"853664779"},"service_code":["81"],"billing_class":"professional","payments":[{"allowed_amount":25.00,"billing_code_modifier":[""],"providers":[{"billed_charge":25.00,"npi":[1518555069]}]}]},{"tin":{"type":"ein","value":"880241758"},"service_code":["81"],"billing_class":"professional","payments":[{"allowed_amount":25.00,"billing_code_modifier":[""],"providers":[{"billed_charge":25.00,"npi":[1053316364,1124417357,1376633586,1659758175]}]}]}]},{"name":"INF AGT DET DNA\/RNA;SARS-COV-2 COVID-19 AMP P T","billing_code_type":"HCPCS","billing_code_type_version":"HCPCS LEVEL II 2021","billing_code":"U0003","description":"INF AGT DET DNA\/RNA;SARS-COV-2 COVID-19 AMP P T","allowed_amounts":[{"tin":{"type":"ein","value":"382084239"},"service_code":["81"],"billing_class":"professional","payments":[{"allowed_amount":75.00,"billing_code_modifier":[""],"providers":[{"billed_charge":100.00,"npi":[1447797600,1669736559,1932166386]}]}]},{"tin":{"type":"ein","value":"382084239"},"service_code":["81"],"billing_class":"professional","payments":[{"allowed_amount":100.00,"billing_code_modifier":[""],"providers":[{"billed_charge":100.00,"npi":[1295328664,1508406182,1669736559,1932166386,1992314918]}]}]},{"tin":{"type":"ein","value":"472088639"},"service_code":["81"],"billing_class":"professional","payments":[{"allowed_amount":75.00,"billing_code_modifier":[""],"providers":[{"billed_charge":150.00,"npi":[1609273317]}]}]},{"tin":{"type":"ein","value":"472088639"},"service_code":["81"],"billing_class":"professional","payments":[{"allowed_amount":100.00,"billing_code_modifier":[""],"providers":[{"billed_charge":150.00,"npi":[1609273317]},{"billed_charge":225.00,"npi":[1023245388,1609273317]}]},{"allowed_amount":100.00,"billing_code_modifier":[""],"providers":[{"billed_charge":150.00,"npi":[1609273317]},{"billed_charge":225.00,"npi":[1023245388,1609273317]}]}]},{"tin":{"type":"ein","value":"472088639"},"service_code":["81"],"billing_class":"professional","payments":[{"allowed_amount":100.00,"billing_code_modifier":[""],"providers":[{"billed_charge":150.00,"npi":[1609273317]},{"billed_charge":225.00,"npi":[1023245388,1609273317]}]},{"allowed_amount":100.00,"billing_code_modifier":[""],"providers":[{"billed_charge":150.00,"npi":[1609273317]},{"billed_charge":225.00,"npi":[1023245388,1609273317]}]}]},{"tin":{"type":"ein","value":"473170676"},"service_code":["81"],"billing_class":"professional","payments":[{"allowed_amount":75.00,"billing_code_modifier":[""],"providers":[{"billed_charge":225.00,"npi":[1760076061]}]}]},{"tin":{"type":"ein","value":"473727159"},"service_code":["81"],"billing_class":"professional","payments":[{"allowed_amount":75.00,"billing_code_modifier":[""],"providers":[{"billed_charge":125.00,"npi":[1912521568]}]}]},{"tin":{"type":"ein","value":"473727159"},"service_code":["81"],"billing_class":"professional","payments":[{"allowed_amount":100.00,"billing_code_modifier":[""],"providers":[{"billed_charge":100.00,"npi":[1912521568]},{"billed_charge":125.00,"npi":[1841821501,1912521568]}]},{"allowed_amount":100.00,"billing_code_modifier":[""],"providers":[{"billed_charge":100.00,"npi":[1912521568]},{"billed_charge":125.00,"npi":[1841821501,1912521568]}]}]},{"tin":{"type":"ein","value":"473727159"},"service_code":["81"],"billing_class":"professional","payments":[{"allowed_amount":100.00,"billing_code_modifier":[""],"providers":[{"billed_charge":100.00,"npi":[1912521568]},{"billed_charge":125.00,"npi":[1841821501,1912521568]}]},{"allowed_amount":100.00,"billing_code_modifier":[""],"providers":[{"billed_charge":100.00,"npi":[1912521568]},{"billed_charge":125.00,"npi":[1841821501,1912521568]}]}]},{"tin":{"type":"ein","value":"621433252"},"service_code":["81"],"billing_class":"professional","payments":[{"allowed_amount":75.00,"billing_code_modifier":[""],"providers":[{"billed_charge":125.00,"npi":[1689639544]}]}]},{"tin":{"type":"ein","value":"814460406"},"service_code":["81"],"billing_class":"professional","payments":[{"allowed_amount":75.00,"billing_code_modifier":[""],"providers":[{"billed_charge":200.00,"npi":[1538507819]}]}]},{"tin":{"type":"ein","value":"830814475"},"service_code":["81"],"billing_class":"professional","payments":[{"allowed_amount":100.00,"billing_code_modifier":[""],"providers":[{"billed_charge":100.00,"npi":[1174009245,1801039649]}]}]},{"tin":{"type":"ein","value":"851250885"},"service_code":["81"],"billing_class":"professional","payments":[{"allowed_amount":75.00,"billing_code_modifier":[""],"providers":[{"billed_charge":249.00,"npi":[1265042592]}]}]},{"tin":{"type":"ein","value":"880241758"},"service_code":["81"],"billing_class":"professional","payments":[{"allowed_amount":75.00,"billing_code_modifier":[""],"providers":[{"billed_charge":100.00,"npi":[1124417357]}]}]},{"tin":{"type":"ein","value":"880241758"},"service_code":["81"],"billing_class":"professional","payments":[{"allowed_amount":100.00,"billing_code_modifier":[""],"providers":[{"billed_charge":100.00,"npi":[1053316364,1124417357,1376633586,1477544450,1659758175]}]}]}]},{"name":"PSYCHOTHERAPY W\/PATIENT 60 MINUTES","billing_code_type":"CPT","billing_code_type_version":"2020","billing_code":"90837","description":"PSYCHOTHERAPY W\/PATIENT 60 MINUTES","allowed_amounts":[{"tin":{"type":"ein","value":"270547016"},"service_code":["11"],"billing_class":"professional","payments":[{"allowed_amount":140.00,"billing_code_modifier":[""],"providers":[{"billed_charge":140.00,"npi":[1346919339,1518234665,1841423795]}]}]}]}]}
