{"reporting_entity_name": "IEC Group_DBA AmeriBen",
	"reporting_entity_type": "Third Party Administrator",
	"plan_name": "THE TIMKEN COMPANY",
	"plan_id_type": "ein",
	"plan_id": "340577130",
	"plan_market_type": "group",
	"last_updated_on": "2025-06-02","Version": "1.0.0","out_of_network":[{"name":"OFFICE\/OUTPATIENT ESTABLISHED MOD MDM 30 MIN","billing_code_type":"CPT","billing_code_type_version":"2020","billing_code":"99214","description":"OFFICE\/OUTPATIENT ESTABLISHED MOD MDM 30 MIN","allowed_amounts":[{"tin":{"type":"ein","value":"362169147"},"service_code":["11"],"billing_class":"professional","payments":[{"allowed_amount":131.11,"billing_code_modifier":[""],"providers":[{"billed_charge":285.00,"npi":[1003542184,1033310024,1235154337,1255393732,1285713669,1366885766,1447284476,1447817879,1679884118,1720015431,1811314792,1841486198,1962849992]}]}]}]},{"name":"PARTIAL HOSPITALIZATION SERV","billing_code_type":"HCPCS","billing_code_type_version":"HCPCS LEVEL II 2021","billing_code":"S0201","description":"PARTIAL HOSPITALIZATION SERV","allowed_amounts":[{"tin":{"type":"ein","value":"464555080"},"service_code":["22"],"billing_class":"institutional","payments":[{"allowed_amount":444.68,"billing_code_modifier":[""],"providers":[{"billed_charge":2500.00,"npi":[1174914048]}]}]}]}]}
