{"reporting_entity_name": "IEC Group_DBA AmeriBen",
	"reporting_entity_type": "Third Party Administrator",
	"plan_name": "JACKSON HEALTHCARE LLC",
	"plan_id_type": "ein",
	"plan_id": "810652936",
	"plan_market_type": "group",
	"last_updated_on": "2022-11-01","Version": "1.0.0","out_of_network":[{"name":"CHIROPRACTIC MANIPULATIVE TX SPINAL 3-4 REGIONS","billing_code_type":"CPT","billing_code_type_version":"2020","billing_code":"98941","description":"CHIROPRACTIC MANIPULATIVE TX SPINAL 3-4 REGIONS","allowed_amounts":[{"tin":{"type":"ein","value":"832167435"},"service_code":["11"],"billing_class":"professional","payments":[{"allowed_amount":50.10,"billing_code_modifier":[""],"providers":[{"billed_charge":67.00,"npi":[1093892929,1841825122,1891142394]},{"billed_charge":69.00,"npi":[1093892929,1841825122,1891142394]}]},{"allowed_amount":50.10,"billing_code_modifier":[""],"providers":[{"billed_charge":67.00,"npi":[1093892929,1841825122,1891142394]},{"billed_charge":69.00,"npi":[1093892929,1841825122,1891142394]}]}]},{"tin":{"type":"ein","value":"832167435"},"service_code":["11"],"billing_class":"professional","payments":[{"allowed_amount":50.10,"billing_code_modifier":[""],"providers":[{"billed_charge":67.00,"npi":[1093892929,1841825122,1891142394]},{"billed_charge":69.00,"npi":[1093892929,1841825122,1891142394]}]},{"allowed_amount":50.10,"billing_code_modifier":[""],"providers":[{"billed_charge":67.00,"npi":[1093892929,1841825122,1891142394]},{"billed_charge":69.00,"npi":[1093892929,1841825122,1891142394]}]}]}]},{"name":"IAAD IA SEVERE AQT RESPIR SYND CORONAVIRUS","billing_code_type":"CPT","billing_code_type_version":"2020","billing_code":"87426","description":"IAAD IA SEVERE AQT RESPIR SYND CORONAVIRUS","allowed_amounts":[{"tin":{"type":"ein","value":"453191160"},"service_code":["20"],"billing_class":"professional","payments":[{"allowed_amount":45.23,"billing_code_modifier":[""],"providers":[{"billed_charge":117.00,"npi":[1235411547,1366534661,1770570236]}]}]},{"tin":{"type":"ein","value":"581892856"},"service_code":["20"],"billing_class":"professional","payments":[{"allowed_amount":45.23,"billing_code_modifier":[""],"providers":[{"billed_charge":150.00,"npi":[1285766717,1629318662]}]}]},{"tin":{"type":"ein","value":"845172222"},"service_code":["81"],"billing_class":"professional","payments":[{"allowed_amount":45.23,"billing_code_modifier":[""],"providers":[{"billed_charge":105.99,"npi":[1346769593,1659588762]}]}]},{"tin":{"type":"ein","value":"861355954"},"service_code":["11"],"billing_class":"professional","payments":[{"allowed_amount":45.23,"billing_code_modifier":[""],"providers":[{"billed_charge":150.00,"npi":[1184296048,1679765523]}]}]},{"tin":{"type":"ein","value":"862237629"},"service_code":["11"],"billing_class":"professional","payments":[{"allowed_amount":45.23,"billing_code_modifier":[""],"providers":[{"billed_charge":90.00,"npi":[1093390486,1679757561]}]}]}]},{"name":"INFEC AGEN DETEC AMPLI PROBE","billing_code_type":"HCPCS","billing_code_type_version":"HCPCS LEVEL II 2021","billing_code":"U0005","description":"INFEC AGEN DETEC AMPLI PROBE","allowed_amounts":[{"tin":{"type":"ein","value":"262911443"},"service_code":["81"],"billing_class":"professional","payments":[{"allowed_amount":31.25,"billing_code_modifier":[""],"providers":[{"billed_charge":150.00,"npi":[1184861353,1407943301,1679503577]}]}]},{"tin":{"type":"ein","value":"271045244"},"service_code":["81"],"billing_class":"professional","payments":[{"allowed_amount":31.25,"billing_code_modifier":[""],"providers":[{"billed_charge":38.00,"npi":[1073519468,1205162955]}]}]},{"tin":{"type":"ein","value":"472462178"},"service_code":["81"],"billing_class":"professional","payments":[{"allowed_amount":31.25,"billing_code_modifier":[""],"providers":[{"billed_charge":50.00,"npi":[1639311509,1962018374]}]}]},{"tin":{"type":"ein","value":"621433252"},"service_code":["81"],"billing_class":"professional","payments":[{"allowed_amount":31.25,"billing_code_modifier":[""],"providers":[{"billed_charge":31.25,"npi":[1205507522,1689639544,1881352979]}]}]},{"tin":{"type":"ein","value":"823438908"},"service_code":["11"],"billing_class":"professional","payments":[{"allowed_amount":31.25,"billing_code_modifier":[""],"providers":[{"billed_charge":75.00,"npi":[1114431087,1487815387]}]}]},{"tin":{"type":"ein","value":"843016042"},"service_code":["81"],"billing_class":"professional","payments":[{"allowed_amount":31.25,"billing_code_modifier":[""],"providers":[{"billed_charge":100.00,"npi":[1497413512,1598315574]}]}]},{"tin":{"type":"ein","value":"843874958"},"service_code":["81"],"billing_class":"professional","payments":[{"allowed_amount":31.25,"billing_code_modifier":[""],"providers":[{"billed_charge":100.00,"npi":[1164885778,1467092700]}]}]},{"tin":{"type":"ein","value":"845172222"},"service_code":["81"],"billing_class":"professional","payments":[{"allowed_amount":31.25,"billing_code_modifier":[""],"providers":[{"billed_charge":75.00,"npi":[1346769593,1659588762,1790729911]}]}]},{"tin":{"type":"ein","value":"852766187"},"service_code":["81"],"billing_class":"professional","payments":[{"allowed_amount":31.25,"billing_code_modifier":[""],"providers":[{"billed_charge":50.00,"npi":[1255946869,1992110555]}]}]},{"tin":{"type":"ein","value":"873298854"},"service_code":["81"],"billing_class":"professional","payments":[{"allowed_amount":31.25,"billing_code_modifier":[""],"providers":[{"billed_charge":50.00,"npi":[1194481440,1679757561]}]}]}]},{"name":"OFFICE\/OUTPATIENT NEW SF MDM 15-29 MINUTES","billing_code_type":"CPT","billing_code_type_version":"2020","billing_code":"99202","description":"OFFICE\/OUTPATIENT NEW SF MDM 15-29 MINUTES","allowed_amounts":[{"tin":{"type":"ein","value":"821715544"},"service_code":["11"],"billing_class":"professional","payments":[{"allowed_amount":92.10,"billing_code_modifier":[""],"providers":[{"billed_charge":226.26,"npi":[1659588762,1922517945]}]}]},{"tin":{"type":"ein","value":"832167435"},"service_code":["11"],"billing_class":"professional","payments":[{"allowed_amount":92.10,"billing_code_modifier":[""],"providers":[{"billed_charge":150.00,"npi":[1093892929,1841825122]}]}]},{"tin":{"type":"ein","value":"853194536"},"service_code":["02","11"],"billing_class":"professional","payments":[{"allowed_amount":92.10,"billing_code_modifier":[""],"providers":[{"billed_charge":195.25,"npi":[1053919225,1649856980,1669736559,1801487111]}]}]}]},{"name":"PSYCHIATRIC\/PSYCHOLOGICAL SVCS: PARTIAL HOSP - INT","billing_code_type":"RC","billing_code_type_version":"UB04","billing_code":"0913","description":"PSYCHIATRIC\/PSYCHOLOGICAL SVCS: PARTIAL HOSP - INT","allowed_amounts":[{"tin":{"type":"ein","value":"842796507"},"service_code":["22"],"billing_class":"institutional","payments":[{"allowed_amount":925.00,"billing_code_modifier":[""],"providers":[{"billed_charge":2400.00,"npi":[1396087698,1457902041]}]}]}]},{"name":"PSYCHIATRIC\/PSYCHOLOGICAL TRT: INTENSIVE OUT SERV","billing_code_type":"RC","billing_code_type_version":"UB04","billing_code":"0906","description":"PSYCHIATRIC\/PSYCHOLOGICAL TRT: INTENSIVE OUT SERV","allowed_amounts":[{"tin":{"type":"ein","value":"842796507"},"service_code":["22"],"billing_class":"institutional","payments":[{"allowed_amount":800.00,"billing_code_modifier":[""],"providers":[{"billed_charge":1800.00,"npi":[1396087698,1457902041]}]}]}]},{"name":"PSYCHOTHERAPY W\/PATIENT 60 MINUTES","billing_code_type":"CPT","billing_code_type_version":"2020","billing_code":"90837","description":"PSYCHOTHERAPY W\/PATIENT 60 MINUTES","allowed_amounts":[{"tin":{"type":"ein","value":"202628439"},"service_code":["11"],"billing_class":"professional","payments":[{"allowed_amount":179.98,"billing_code_modifier":[""],"providers":[{"billed_charge":200.00,"npi":[1467089227,1467611129]}]}]},{"tin":{"type":"ein","value":"202628439"},"service_code":["11"],"billing_class":"professional","payments":[{"allowed_amount":225.00,"billing_code_modifier":[""],"providers":[{"billed_charge":300.00,"npi":[1114272820,1174738116,1285841932,1467089227,1467611129,1467840009,1487286258,1689140022]}]}]},{"tin":{"type":"ein","value":"202628439"},"service_code":["11"],"billing_class":"professional","payments":[{"allowed_amount":246.66,"billing_code_modifier":[""],"providers":[{"billed_charge":300.00,"npi":[1114272820,1174738116,1285841932,1467089227,1467611129,1467840009,1487286258,1689140022]}]}]}]},{"name":"SARS-COV-2 COVID-19 AMP PRB HTT","billing_code_type":"HCPCS","billing_code_type_version":"HCPCS LEVEL II 2021","billing_code":"U0003","description":"SARS-COV-2 COVID-19 AMP PRB HTT","allowed_amounts":[{"tin":{"type":"ein","value":"271045244"},"service_code":["81"],"billing_class":"professional","payments":[{"allowed_amount":93.75,"billing_code_modifier":[""],"providers":[{"billed_charge":150.00,"npi":[1073519468,1205162955]}]}]},{"tin":{"type":"ein","value":"472462178"},"service_code":["81"],"billing_class":"professional","payments":[{"allowed_amount":93.75,"billing_code_modifier":[""],"providers":[{"billed_charge":250.00,"npi":[1639311509,1962018374]}]}]},{"tin":{"type":"ein","value":"473727159"},"service_code":["81"],"billing_class":"professional","payments":[{"allowed_amount":93.75,"billing_code_modifier":[""],"providers":[{"billed_charge":125.00,"npi":[1063901288,1851902951,1912521568]}]}]},{"tin":{"type":"ein","value":"621433252"},"service_code":["81"],"billing_class":"professional","payments":[{"allowed_amount":93.75,"billing_code_modifier":[""],"providers":[{"billed_charge":125.00,"npi":[1205507522,1689639544,1881352979]}]}]},{"tin":{"type":"ein","value":"823438908"},"service_code":["11"],"billing_class":"professional","payments":[{"allowed_amount":93.75,"billing_code_modifier":[""],"providers":[{"billed_charge":300.00,"npi":[1114431087,1487815387]}]}]},{"tin":{"type":"ein","value":"843016042"},"service_code":["81"],"billing_class":"professional","payments":[{"allowed_amount":93.75,"billing_code_modifier":[""],"providers":[{"billed_charge":250.00,"npi":[1497413512,1598315574]}]}]},{"tin":{"type":"ein","value":"843874958"},"service_code":["81"],"billing_class":"professional","payments":[{"allowed_amount":93.75,"billing_code_modifier":[""],"providers":[{"billed_charge":300.00,"npi":[1164885778,1467092700]}]}]},{"tin":{"type":"ein","value":"845172222"},"service_code":["81"],"billing_class":"professional","payments":[{"allowed_amount":93.75,"billing_code_modifier":[""],"providers":[{"billed_charge":225.00,"npi":[1346769593,1659588762,1790729911]}]}]}]},{"name":"SPECIMEN COLLECT COVID-19","billing_code_type":"HCPCS","billing_code_type_version":"HCPCS LEVEL II 2021","billing_code":"G2023","description":"SPECIMEN COLLECT COVID-19","allowed_amounts":[{"tin":{"type":"ein","value":"262911443"},"service_code":["81"],"billing_class":"professional","payments":[{"allowed_amount":29.32,"billing_code_modifier":[""],"providers":[{"billed_charge":30.00,"npi":[1184861353,1407943301,1679503577]}]}]},{"tin":{"type":"ein","value":"823438908"},"service_code":["11"],"billing_class":"professional","payments":[{"allowed_amount":29.32,"billing_code_modifier":[""],"providers":[{"billed_charge":70.38,"npi":[1114431087,1487815387]}]}]},{"tin":{"type":"ein","value":"845172222"},"service_code":["81"],"billing_class":"professional","payments":[{"allowed_amount":29.32,"billing_code_modifier":[""],"providers":[{"billed_charge":70.38,"npi":[1346769593,1659588762,1790729911]}]}]}]},{"name":"THER PX 1\/> AREAS EACH 15 MIN NEUROMUSC REEDUCA","billing_code_type":"CPT","billing_code_type_version":"2020","billing_code":"97112","description":"THER PX 1\/> AREAS EACH 15 MIN NEUROMUSC REEDUCA","allowed_amounts":[{"tin":{"type":"ein","value":"582615714"},"service_code":["11"],"billing_class":"professional","payments":[{"allowed_amount":174.25,"billing_code_modifier":[""],"providers":[{"billed_charge":450.00,"npi":[1295780807,1417913815,1790747962,1942647102]}]}]}]}]}
