{"reporting_entity_name": "IEC Group_DBA AmeriBen",
	"reporting_entity_type": "Third Party Administrator",
	"plan_name": "JADEX INC.",
	"issuer_name": "IEC Group_DBA AmeriBen",
	"plan_sponsor_name": "JADEX INC.",
	"plan_id_type": "ein",
	"plan_id": "834045964",
	"plan_market_type": "group",
	"last_updated_on": "2026-02-01","reporting_period": {
		"start_date": "2025-08-05",
		"end_date": "2025-11-03"
	},"version": "2.0.0","out_of_network":[{"name":"AMB SERVICE BLS EMERGENCY TRANSPORT","billing_code_type":"HCPCS","billing_code_type_version":"HCPCS LEVEL II 2021","billing_code":"A0429","description":"AMB SERVICE BLS EMERGENCY TRANSPORT","allowed_amounts":[{"tin":{"type":"ein","value":"576000356"},"service_code":["41"],"billing_class":"professional","setting":"outpatient","payments":[{"allowed_amount":331.00,"providers":[{"billed_charge":626.31,"npi":[1871530667]}]}]},{"tin":{"type":"ein","value":"576000379"},"service_code":["41"],"billing_class":"professional","setting":"outpatient","payments":[{"allowed_amount":331.00,"providers":[{"billed_charge":716.00,"npi":[1154314409]}]}]}]},{"name":"AMB SERVICE BLS NONEMERG TRANSPORT","billing_code_type":"HCPCS","billing_code_type_version":"HCPCS LEVEL II 2021","billing_code":"A0428","description":"AMB SERVICE BLS NONEMERG TRANSPORT","allowed_amounts":[{"tin":{"type":"ein","value":"621141186"},"service_code":["41"],"billing_class":"professional","setting":"outpatient","payments":[{"allowed_amount":613.84,"providers":[{"billed_charge":613.84,"npi":[1184633679]}]}]}]},{"name":"AMB SRVC ALS EMERG TRANSPORT LEVL 1","billing_code_type":"HCPCS","billing_code_type_version":"HCPCS LEVEL II 2021","billing_code":"A0427","description":"AMB SRVC ALS EMERG TRANSPORT LEVL 1","allowed_amounts":[{"tin":{"type":"ein","value":"576000356"},"service_code":["41"],"billing_class":"professional","setting":"outpatient","payments":[{"allowed_amount":393.00,"providers":[{"billed_charge":743.75,"npi":[1871530667]}]}]},{"tin":{"type":"ein","value":"576000398"},"service_code":["41"],"billing_class":"professional","setting":"outpatient","payments":[{"allowed_amount":393.00,"providers":[{"billed_charge":526.55,"npi":[1437142742]}]}]},{"tin":{"type":"ein","value":"621141186"},"service_code":["41"],"billing_class":"professional","setting":"outpatient","payments":[{"allowed_amount":1032.82,"providers":[{"billed_charge":1032.82,"npi":[1184633679]}]}]}]},{"name":"AMBULANCE RSPN&TREATMENT NO TRNSPRT","billing_code_type":"HCPCS","billing_code_type_version":"HCPCS LEVEL II 2021","billing_code":"A0998","description":"AMBULANCE RSPN&TREATMENT NO TRNSPRT","allowed_amounts":[{"tin":{"type":"ein","value":"576000356"},"service_code":["41"],"billing_class":"professional","setting":"outpatient","payments":[{"allowed_amount":0.00,"providers":[{"billed_charge":200.00,"npi":[1871530667]}]}]},{"tin":{"type":"ein","value":"576000398"},"service_code":["41"],"billing_class":"professional","setting":"outpatient","payments":[{"allowed_amount":0.00,"providers":[{"billed_charge":52.66,"npi":[1437142742]}]}]}]},{"name":"ANTINEUTROPHIL CYTOPLASMIC ANTB SCREEN EA ANTB","billing_code_type":"CPT","billing_code_type_version":"2020","billing_code":"86036","description":"ANTINEUTROPHIL CYTOPLASMIC ANTB SCREEN EA ANTB","allowed_amounts":[{"tin":{"type":"ein","value":"200434866"},"service_code":["81"],"billing_class":"professional","setting":"outpatient","payments":[{"allowed_amount":60.25,"providers":[{"billed_charge":60.25,"npi":[1245494517,1699748459]}]}]}]},{"name":"BETA 2 GLYCOPROTEIN I ANTIBODY EACH","billing_code_type":"CPT","billing_code_type_version":"2020","billing_code":"86146","description":"BETA 2 GLYCOPROTEIN I ANTIBODY EACH","allowed_amounts":[{"tin":{"type":"ein","value":"200434866"},"service_code":["81"],"billing_class":"professional","setting":"outpatient","payments":[{"allowed_amount":127.25,"providers":[{"billed_charge":127.25,"npi":[1245494517,1699748459]}]}]}]},{"name":"CARDIOLIPIN ANTIBODY EACH IG CLASS","billing_code_type":"CPT","billing_code_type_version":"2020","billing_code":"86147","description":"CARDIOLIPIN ANTIBODY EACH IG CLASS","allowed_amounts":[{"tin":{"type":"ein","value":"200434866"},"service_code":["81"],"billing_class":"professional","setting":"outpatient","payments":[{"allowed_amount":127.25,"providers":[{"billed_charge":127.25,"npi":[1245494517,1699748459]}]}]}]},{"name":"CCPD OPD\/HOME: CCPD COMP OR OTHER RATE","billing_code_type":"RC","billing_code_type_version":"UB04","billing_code":"0851","description":"CCPD OPD\/HOME: CCPD COMP OR OTHER RATE","allowed_amounts":[{"tin":{"type":"ein","value":"364866897"},"billing_class":"institutional","setting":"inpatient","payments":[{"allowed_amount":228.17,"providers":[{"billed_charge":6122.43,"npi":[1356857577,1427031780]}]}]},{"tin":{"type":"ein","value":"364866897"},"billing_class":"institutional","setting":"inpatient","payments":[{"allowed_amount":283.35,"providers":[{"billed_charge":6122.43,"npi":[1356857577,1427031780]}]}]},{"tin":{"type":"ein","value":"364866897"},"billing_class":"institutional","setting":"inpatient","payments":[{"allowed_amount":318.91,"providers":[{"billed_charge":6122.43,"npi":[1356857577,1427031780]}]}]},{"tin":{"type":"ein","value":"364866897"},"billing_class":"institutional","setting":"inpatient","payments":[{"allowed_amount":319.09,"providers":[{"billed_charge":6122.43,"npi":[1356857577,1427031780]}]}]}]},{"name":"CHEMILUMINESCENT ASSAY","billing_code_type":"CPT","billing_code_type_version":"2020","billing_code":"82397","description":"CHEMILUMINESCENT ASSAY","allowed_amounts":[{"tin":{"type":"ein","value":"200434866"},"service_code":["81"],"billing_class":"professional","setting":"outpatient","payments":[{"allowed_amount":0.00,"providers":[{"billed_charge":100.00,"npi":[1245494517,1699748459]},{"billed_charge":200.00,"npi":[1245494517,1699748459]}]},{"allowed_amount":0.00,"providers":[{"billed_charge":100.00,"npi":[1245494517,1699748459]},{"billed_charge":200.00,"npi":[1245494517,1699748459]}]}]},{"tin":{"type":"ein","value":"200434866"},"service_code":["81"],"billing_class":"professional","setting":"outpatient","payments":[{"allowed_amount":0.00,"providers":[{"billed_charge":100.00,"npi":[1245494517,1699748459]},{"billed_charge":200.00,"npi":[1245494517,1699748459]}]},{"allowed_amount":0.00,"providers":[{"billed_charge":100.00,"npi":[1245494517,1699748459]},{"billed_charge":200.00,"npi":[1245494517,1699748459]}]}]}]},{"name":"DESTRUCTION BENIGN LESIONS UP TO 14","billing_code_type":"CPT","billing_code_type_version":"2020","billing_code":"17110","description":"DESTRUCTION BENIGN LESIONS UP TO 14","allowed_amounts":[{"tin":{"type":"ein","value":"620478102"},"service_code":["22"],"billing_class":"professional","setting":"outpatient","payments":[{"allowed_amount":36.25,"providers":[{"billed_charge":297.79,"npi":[1730135666]}]}]}]},{"name":"DESTRUCTION MAL LESION TRUNK\/ARM\/LEG 0.6-1.0 CM","billing_code_type":"CPT","billing_code_type_version":"2020","billing_code":"17261","description":"DESTRUCTION MAL LESION TRUNK\/ARM\/LEG 0.6-1.0 CM","allowed_amounts":[{"tin":{"type":"ein","value":"620478102"},"service_code":["22"],"billing_class":"professional","setting":"outpatient","payments":[{"allowed_amount":95.74,"providers":[{"billed_charge":384.07,"npi":[1730135666]}]}]}]},{"name":"DR TST DEFIN DR ID M P D 1-7 DR CL","billing_code_type":"HCPCS","billing_code_type_version":"HCPCS LEVEL II 2021","billing_code":"G0480","description":"DR TST DEFIN DR ID M P D 1-7 DR CL","allowed_amounts":[{"tin":{"type":"ein","value":"521544806"},"service_code":["81"],"billing_class":"professional","setting":"outpatient","payments":[{"allowed_amount":59.50,"providers":[{"billed_charge":171.65,"npi":[1104258995,1336330596]}]}]}]},{"name":"DR TST DEFIN DR ID M P D 22\/M DR CL","billing_code_type":"HCPCS","billing_code_type_version":"HCPCS LEVEL II 2021","billing_code":"G0483","description":"DR TST DEFIN DR ID M P D 22\/M DR CL","allowed_amounts":[{"tin":{"type":"ein","value":"650884304"},"service_code":["81"],"billing_class":"professional","setting":"outpatient","payments":[{"allowed_amount":128.40,"providers":[{"billed_charge":864.00,"npi":[1356645295,1700064904,1821813908]}]}]},{"tin":{"type":"ein","value":"814221217"},"service_code":["81"],"billing_class":"professional","setting":"outpatient","payments":[{"allowed_amount":27.18,"providers":[{"billed_charge":4250.56,"npi":[1134697196,1700879061]}]}]}]},{"name":"DRUG TST PRSMV INSTRMNT CHEM ANALYZERS PR DATE","billing_code_type":"CPT","billing_code_type_version":"2020","billing_code":"80307","description":"DRUG TST PRSMV INSTRMNT CHEM ANALYZERS PR DATE","allowed_amounts":[{"tin":{"type":"ein","value":"521544806"},"service_code":["81"],"billing_class":"professional","setting":"outpatient","payments":[{"allowed_amount":32.31,"providers":[{"billed_charge":96.98,"npi":[1104258995,1336330596]}]}]},{"tin":{"type":"ein","value":"650884304"},"service_code":["81"],"billing_class":"professional","setting":"outpatient","payments":[{"allowed_amount":32.31,"providers":[{"billed_charge":226.00,"npi":[1356645295,1700064904,1821813908]}]}]},{"tin":{"type":"ein","value":"814221217"},"service_code":["81"],"billing_class":"professional","setting":"outpatient","payments":[{"allowed_amount":24.42,"providers":[{"billed_charge":3998.40,"npi":[1134697196,1700879061]}]}]}]},{"name":"DRUGS REQUIRE SPECIFIC ID: DRUGS REQUIRING DETAIL","billing_code_type":"RC","billing_code_type_version":"UB04","billing_code":"0636","description":"DRUGS REQUIRE SPECIFIC ID: DRUGS REQUIRING DETAIL","allowed_amounts":[{"tin":{"type":"ein","value":"364866897"},"billing_class":"institutional","setting":"inpatient","payments":[{"allowed_amount":519.90,"providers":[{"billed_charge":13949.88,"npi":[1356857577,1427031780]}]}]}]},{"name":"DRUGS REQUIRE SPECIFIC ID: EPO OVER 10,000 UNITS","billing_code_type":"RC","billing_code_type_version":"UB04","billing_code":"0635","description":"DRUGS REQUIRE SPECIFIC ID: EPO OVER 10,000 UNITS","allowed_amounts":[{"tin":{"type":"ein","value":"364866897"},"billing_class":"institutional","setting":"inpatient","payments":[{"allowed_amount":858.75,"providers":[{"billed_charge":23042.00,"npi":[1356857577,1427031780]}]}]},{"tin":{"type":"ein","value":"364866897"},"billing_class":"institutional","setting":"inpatient","payments":[{"allowed_amount":1066.50,"providers":[{"billed_charge":23042.00,"npi":[1356857577,1427031780]}]}]},{"tin":{"type":"ein","value":"364866897"},"billing_class":"institutional","setting":"inpatient","payments":[{"allowed_amount":1073.59,"providers":[{"billed_charge":28802.50,"npi":[1356857577,1427031780]}]}]}]},{"name":"EVAL SPEECH SOUND PRODUCT LANGUAGE COMPREHENSION","billing_code_type":"CPT","billing_code_type_version":"2020","billing_code":"92523","description":"EVAL SPEECH SOUND PRODUCT LANGUAGE COMPREHENSION","allowed_amounts":[{"tin":{"type":"ein","value":"833498775"},"service_code":["11"],"billing_class":"professional","setting":"outpatient","payments":[{"allowed_amount":62.00,"providers":[{"billed_charge":350.00,"npi":[1477302792,1508490038]}]}]}]},{"name":"EXTRACTABLE NUCLEAR ANTIGEN ANTIBODY ANY METHOD","billing_code_type":"CPT","billing_code_type_version":"2020","billing_code":"86235","description":"EXTRACTABLE NUCLEAR ANTIGEN ANTIBODY ANY METHOD","allowed_amounts":[{"tin":{"type":"ein","value":"200434866"},"service_code":["81"],"billing_class":"professional","setting":"outpatient","payments":[{"allowed_amount":627.55,"providers":[{"billed_charge":627.55,"npi":[1245494517,1699748459]}]}]}]},{"name":"FLOW CYTOMETRY CELL SURF MARKER TECHL ONLY 1ST","billing_code_type":"CPT","billing_code_type_version":"2020","billing_code":"88184","description":"FLOW CYTOMETRY CELL SURF MARKER TECHL ONLY 1ST","allowed_amounts":[{"tin":{"type":"ein","value":"200434866"},"service_code":["81"],"billing_class":"professional","setting":"outpatient","payments":[{"allowed_amount":440.40,"providers":[{"billed_charge":440.40,"npi":[1245494517,1699748459]}]}]}]},{"name":"FLOW CYTOMETRY CELL SURF MARKER TECHL ONLY EA","billing_code_type":"CPT","billing_code_type_version":"2020","billing_code":"88185","description":"FLOW CYTOMETRY CELL SURF MARKER TECHL ONLY EA","allowed_amounts":[{"tin":{"type":"ein","value":"200434866"},"service_code":["81"],"billing_class":"professional","setting":"outpatient","payments":[{"allowed_amount":282.90,"providers":[{"billed_charge":282.90,"npi":[1245494517,1699748459]}]}]}]},{"name":"FLOW CYTOMETRY INTERPJ 2-8 MARKERS","billing_code_type":"CPT","billing_code_type_version":"2020","billing_code":"88187","description":"FLOW CYTOMETRY INTERPJ 2-8 MARKERS","allowed_amounts":[{"tin":{"type":"ein","value":"200434866"},"service_code":["81"],"billing_class":"professional","setting":"outpatient","payments":[{"allowed_amount":200.00,"providers":[{"billed_charge":200.00,"npi":[1245494517,1699748459]}]}]}]},{"name":"GROUND MILEAGE","billing_code_type":"HCPCS","billing_code_type_version":"HCPCS LEVEL II 2021","billing_code":"A0425","description":"GROUND MILEAGE","allowed_amounts":[{"tin":{"type":"ein","value":"576000356"},"service_code":["41"],"billing_class":"professional","setting":"outpatient","payments":[{"allowed_amount":28.40,"providers":[{"billed_charge":53.64,"npi":[1871530667]}]}]},{"tin":{"type":"ein","value":"576000356"},"service_code":["41"],"billing_class":"professional","setting":"outpatient","payments":[{"allowed_amount":42.60,"providers":[{"billed_charge":80.46,"npi":[1871530667]}]}]},{"tin":{"type":"ein","value":"576000379"},"service_code":["41"],"billing_class":"professional","setting":"outpatient","payments":[{"allowed_amount":78.10,"providers":[{"billed_charge":165.00,"npi":[1154314409]}]}]},{"tin":{"type":"ein","value":"576000398"},"service_code":["41"],"billing_class":"professional","setting":"outpatient","payments":[{"allowed_amount":42.60,"providers":[{"billed_charge":43.33,"npi":[1437142742]}]}]},{"tin":{"type":"ein","value":"621141186"},"service_code":["41"],"billing_class":"professional","setting":"outpatient","payments":[{"allowed_amount":150.08,"providers":[{"billed_charge":150.08,"npi":[1184633679]}]}]},{"tin":{"type":"ein","value":"621141186"},"service_code":["41"],"billing_class":"professional","setting":"outpatient","payments":[{"allowed_amount":488.83,"providers":[{"billed_charge":488.83,"npi":[1184633679]}]}]}]},{"name":"GROUP PSYCHOTHERAPY","billing_code_type":"CPT","billing_code_type_version":"2020","billing_code":"90853","description":"GROUP PSYCHOTHERAPY","allowed_amounts":[{"tin":{"type":"ein","value":"431998250"},"service_code":["11"],"billing_class":"professional","setting":"outpatient","payments":[{"allowed_amount":32.95,"providers":[{"billed_charge":225.00,"npi":[1477820504]}]}]}]},{"name":"IMMUNOASSAY ANALYTE QUAL\/SEMIQUAN MULTIPLE STEP","billing_code_type":"CPT","billing_code_type_version":"2020","billing_code":"83516","description":"IMMUNOASSAY ANALYTE QUAL\/SEMIQUAN MULTIPLE STEP","allowed_amounts":[{"tin":{"type":"ein","value":"200434866"},"service_code":["81"],"billing_class":"professional","setting":"outpatient","payments":[{"allowed_amount":149.00,"providers":[{"billed_charge":149.00,"npi":[1245494517,1699748459]}]}]}]},{"name":"LABORATORY - CLINICAL DIAGNOSTIC","billing_code_type":"RC","billing_code_type_version":"UB04","billing_code":"0300","description":"LABORATORY - CLINICAL DIAGNOSTIC","allowed_amounts":[{"tin":{"type":"ein","value":"364866897"},"billing_class":"institutional","setting":"inpatient","payments":[{"allowed_amount":14.12,"providers":[{"billed_charge":379.13,"npi":[1356857577,1427031780]}]}]},{"tin":{"type":"ein","value":"364866897"},"billing_class":"institutional","setting":"inpatient","payments":[{"allowed_amount":17.55,"providers":[{"billed_charge":379.13,"npi":[1356857577,1427031780]}]}]},{"tin":{"type":"ein","value":"364866897"},"billing_class":"institutional","setting":"inpatient","payments":[{"allowed_amount":19.74,"providers":[{"billed_charge":379.13,"npi":[1356857577,1427031780]}]}]},{"tin":{"type":"ein","value":"364866897"},"billing_class":"institutional","setting":"inpatient","payments":[{"allowed_amount":23.55,"providers":[{"billed_charge":508.97,"npi":[1356857577,1427031780]}]}]}]},{"name":"LABORATORY - CLINICAL DIAGNOSTIC: CHEMISTRY","billing_code_type":"RC","billing_code_type_version":"UB04","billing_code":"0301","description":"LABORATORY - CLINICAL DIAGNOSTIC: CHEMISTRY","allowed_amounts":[{"tin":{"type":"ein","value":"310542398"},"billing_class":"institutional","setting":"inpatient","payments":[{"allowed_amount":74.30,"providers":[{"billed_charge":116.09,"npi":[1235512740,1639121775]}]}]},{"tin":{"type":"ein","value":"310542398"},"billing_class":"institutional","setting":"inpatient","payments":[{"allowed_amount":85.64,"providers":[{"billed_charge":133.82,"npi":[1235512740,1639121775]}]}]},{"tin":{"type":"ein","value":"310542398"},"billing_class":"institutional","setting":"inpatient","payments":[{"allowed_amount":99.49,"providers":[{"billed_charge":155.45,"npi":[1235512740,1639121775]}]}]},{"tin":{"type":"ein","value":"310542398"},"billing_class":"institutional","setting":"inpatient","payments":[{"allowed_amount":106.86,"providers":[{"billed_charge":166.97,"npi":[1235512740,1639121775]}]}]},{"tin":{"type":"ein","value":"310542398"},"billing_class":"institutional","setting":"inpatient","payments":[{"allowed_amount":120.99,"providers":[{"billed_charge":189.04,"npi":[1235512740,1639121775]}]}]},{"tin":{"type":"ein","value":"310542398"},"billing_class":"institutional","setting":"inpatient","payments":[{"allowed_amount":260.61,"providers":[{"billed_charge":407.20,"npi":[1235512740,1639121775]}]}]},{"tin":{"type":"ein","value":"364866897"},"billing_class":"institutional","setting":"inpatient","payments":[{"allowed_amount":10.15,"providers":[{"billed_charge":272.29,"npi":[1356857577,1427031780]}]}]},{"tin":{"type":"ein","value":"364866897"},"billing_class":"institutional","setting":"inpatient","payments":[{"allowed_amount":10.77,"providers":[{"billed_charge":289.06,"npi":[1356857577,1427031780]}]}]},{"tin":{"type":"ein","value":"364866897"},"billing_class":"institutional","setting":"inpatient","payments":[{"allowed_amount":10.85,"providers":[{"billed_charge":291.16,"npi":[1356857577,1427031780]}]}]},{"tin":{"type":"ein","value":"364866897"},"billing_class":"institutional","setting":"inpatient","payments":[{"allowed_amount":12.60,"providers":[{"billed_charge":272.29,"npi":[1356857577,1427031780]}]}]},{"tin":{"type":"ein","value":"364866897"},"billing_class":"institutional","setting":"inpatient","payments":[{"allowed_amount":12.84,"providers":[{"billed_charge":344.66,"npi":[1356857577,1427031780]}]}]},{"tin":{"type":"ein","value":"364866897"},"billing_class":"institutional","setting":"inpatient","payments":[{"allowed_amount":13.47,"providers":[{"billed_charge":291.16,"npi":[1356857577,1427031780]}]}]},{"tin":{"type":"ein","value":"364866897"},"billing_class":"institutional","setting":"inpatient","payments":[{"allowed_amount":13.50,"providers":[{"billed_charge":362.36,"npi":[1356857577,1427031780]}]}]},{"tin":{"type":"ein","value":"364866897"},"billing_class":"institutional","setting":"inpatient","payments":[{"allowed_amount":14.05,"providers":[{"billed_charge":377.03,"npi":[1356857577,1427031780]}]}]},{"tin":{"type":"ein","value":"364866897"},"billing_class":"institutional","setting":"inpatient","payments":[{"allowed_amount":14.12,"providers":[{"billed_charge":379.13,"npi":[1356857577,1427031780]}]}]},{"tin":{"type":"ein","value":"364866897"},"billing_class":"institutional","setting":"inpatient","payments":[{"allowed_amount":14.18,"providers":[{"billed_charge":272.29,"npi":[1356857577,1427031780]}]}]},{"tin":{"type":"ein","value":"364866897"},"billing_class":"institutional","setting":"inpatient","payments":[{"allowed_amount":15.06,"providers":[{"billed_charge":289.06,"npi":[1356857577,1427031780]}]}]},{"tin":{"type":"ein","value":"364866897"},"billing_class":"institutional","setting":"inpatient","payments":[{"allowed_amount":15.95,"providers":[{"billed_charge":344.66,"npi":[1356857577,1427031780]}]}]},{"tin":{"type":"ein","value":"364866897"},"billing_class":"institutional","setting":"inpatient","payments":[{"allowed_amount":16.16,"providers":[{"billed_charge":433.58,"npi":[1356857577,1427031780]}]}]},{"tin":{"type":"ein","value":"364866897"},"billing_class":"institutional","setting":"inpatient","payments":[{"allowed_amount":16.77,"providers":[{"billed_charge":362.36,"npi":[1356857577,1427031780]}]}]},{"tin":{"type":"ein","value":"364866897"},"billing_class":"institutional","setting":"inpatient","payments":[{"allowed_amount":17.41,"providers":[{"billed_charge":467.08,"npi":[1356857577,1427031780]}]}]},{"tin":{"type":"ein","value":"364866897"},"billing_class":"institutional","setting":"inpatient","payments":[{"allowed_amount":17.45,"providers":[{"billed_charge":377.03,"npi":[1356857577,1427031780]}]}]},{"tin":{"type":"ein","value":"364866897"},"billing_class":"institutional","setting":"inpatient","payments":[{"allowed_amount":17.95,"providers":[{"billed_charge":344.66,"npi":[1356857577,1427031780]}]}]},{"tin":{"type":"ein","value":"364866897"},"billing_class":"institutional","setting":"inpatient","payments":[{"allowed_amount":18.11,"providers":[{"billed_charge":347.71,"npi":[1356857577,1427031780]}]}]},{"tin":{"type":"ein","value":"364866897"},"billing_class":"institutional","setting":"inpatient","payments":[{"allowed_amount":18.34,"providers":[{"billed_charge":492.24,"npi":[1356857577,1427031780]}]}]},{"tin":{"type":"ein","value":"364866897"},"billing_class":"institutional","setting":"inpatient","payments":[{"allowed_amount":19.74,"providers":[{"billed_charge":379.13,"npi":[1356857577,1427031780]}]}]},{"tin":{"type":"ein","value":"364866897"},"billing_class":"institutional","setting":"inpatient","payments":[{"allowed_amount":20.06,"providers":[{"billed_charge":433.58,"npi":[1356857577,1427031780]}]}]},{"tin":{"type":"ein","value":"364866897"},"billing_class":"institutional","setting":"inpatient","payments":[{"allowed_amount":21.62,"providers":[{"billed_charge":467.08,"npi":[1356857577,1427031780]}]}]},{"tin":{"type":"ein","value":"364866897"},"billing_class":"institutional","setting":"inpatient","payments":[{"allowed_amount":21.70,"providers":[{"billed_charge":582.31,"npi":[1356857577,1427031780]}]}]},{"tin":{"type":"ein","value":"364866897"},"billing_class":"institutional","setting":"inpatient","payments":[{"allowed_amount":21.82,"providers":[{"billed_charge":418.91,"npi":[1356857577,1427031780]}]}]},{"tin":{"type":"ein","value":"364866897"},"billing_class":"institutional","setting":"inpatient","payments":[{"allowed_amount":22.78,"providers":[{"billed_charge":492.24,"npi":[1356857577,1427031780]}]}]},{"tin":{"type":"ein","value":"364866897"},"billing_class":"institutional","setting":"inpatient","payments":[{"allowed_amount":25.64,"providers":[{"billed_charge":492.24,"npi":[1356857577,1427031780]}]}]},{"tin":{"type":"ein","value":"364866897"},"billing_class":"institutional","setting":"inpatient","payments":[{"allowed_amount":25.76,"providers":[{"billed_charge":691.20,"npi":[1356857577,1427031780]}]}]},{"tin":{"type":"ein","value":"364866897"},"billing_class":"institutional","setting":"inpatient","payments":[{"allowed_amount":26.95,"providers":[{"billed_charge":582.31,"npi":[1356857577,1427031780]}]}]},{"tin":{"type":"ein","value":"364866897"},"billing_class":"institutional","setting":"inpatient","payments":[{"allowed_amount":28.26,"providers":[{"billed_charge":758.26,"npi":[1356857577,1427031780]}]}]},{"tin":{"type":"ein","value":"364866897"},"billing_class":"institutional","setting":"inpatient","payments":[{"allowed_amount":30.33,"providers":[{"billed_charge":582.31,"npi":[1356857577,1427031780]}]}]},{"tin":{"type":"ein","value":"364866897"},"billing_class":"institutional","setting":"inpatient","payments":[{"allowed_amount":32.32,"providers":[{"billed_charge":867.18,"npi":[1356857577,1427031780]}]}]},{"tin":{"type":"ein","value":"364866897"},"billing_class":"institutional","setting":"inpatient","payments":[{"allowed_amount":42.39,"providers":[{"billed_charge":1137.35,"npi":[1356857577,1427031780]}]}]},{"tin":{"type":"ein","value":"364866897"},"billing_class":"institutional","setting":"inpatient","payments":[{"allowed_amount":43.40,"providers":[{"billed_charge":1164.64,"npi":[1356857577,1427031780]}]}]},{"tin":{"type":"ein","value":"364866897"},"billing_class":"institutional","setting":"inpatient","payments":[{"allowed_amount":45.12,"providers":[{"billed_charge":1210.67,"npi":[1356857577,1427031780]}]}]},{"tin":{"type":"ein","value":"364866897"},"billing_class":"institutional","setting":"inpatient","payments":[{"allowed_amount":45.51,"providers":[{"billed_charge":1221.14,"npi":[1356857577,1427031780]}]}]},{"tin":{"type":"ein","value":"364866897"},"billing_class":"institutional","setting":"inpatient","payments":[{"allowed_amount":52.64,"providers":[{"billed_charge":1137.35,"npi":[1356857577,1427031780]}]}]},{"tin":{"type":"ein","value":"364866897"},"billing_class":"institutional","setting":"inpatient","payments":[{"allowed_amount":59.24,"providers":[{"billed_charge":1137.35,"npi":[1356857577,1427031780]}]}]},{"tin":{"type":"ein","value":"364866897"},"billing_class":"institutional","setting":"inpatient","payments":[{"allowed_amount":115.22,"providers":[{"billed_charge":2211.88,"npi":[1356857577,1427031780]}]}]},{"tin":{"type":"ein","value":"364866897"},"billing_class":"institutional","setting":"inpatient","payments":[{"allowed_amount":131.92,"providers":[{"billed_charge":3539.83,"npi":[1356857577,1427031780]}]}]},{"tin":{"type":"ein","value":"364866897"},"billing_class":"institutional","setting":"inpatient","payments":[{"allowed_amount":136.92,"providers":[{"billed_charge":3673.89,"npi":[1356857577,1427031780]}]}]},{"tin":{"type":"ein","value":"364866897"},"billing_class":"institutional","setting":"inpatient","payments":[{"allowed_amount":163.82,"providers":[{"billed_charge":3539.83,"npi":[1356857577,1427031780]}]}]}]},{"name":"LABORATORY - CLINICAL DIAGNOSTIC: HEMATOLOGY","billing_code_type":"RC","billing_code_type_version":"UB04","billing_code":"0305","description":"LABORATORY - CLINICAL DIAGNOSTIC: HEMATOLOGY","allowed_amounts":[{"tin":{"type":"ein","value":"310542398"},"billing_class":"institutional","setting":"inpatient","payments":[{"allowed_amount":110.15,"providers":[{"billed_charge":172.11,"npi":[1235512740,1639121775]}]}]},{"tin":{"type":"ein","value":"364866897"},"billing_class":"institutional","setting":"inpatient","payments":[{"allowed_amount":25.76,"providers":[{"billed_charge":691.20,"npi":[1356857577,1427031780]}]}]},{"tin":{"type":"ein","value":"364866897"},"billing_class":"institutional","setting":"inpatient","payments":[{"allowed_amount":31.99,"providers":[{"billed_charge":691.20,"npi":[1356857577,1427031780]}]}]},{"tin":{"type":"ein","value":"364866897"},"billing_class":"institutional","setting":"inpatient","payments":[{"allowed_amount":36.00,"providers":[{"billed_charge":691.20,"npi":[1356857577,1427031780]}]}]}]},{"name":"LEVEL IV SURG PATHOLOGY GROSS&MICROSCOPIC EXAM","billing_code_type":"CPT","billing_code_type_version":"2020","billing_code":"88305","description":"LEVEL IV SURG PATHOLOGY GROSS&MICROSCOPIC EXAM","allowed_amounts":[{"tin":{"type":"ein","value":"620478102"},"service_code":["22"],"billing_class":"professional","setting":"outpatient","payments":[{"allowed_amount":19.91,"providers":[{"billed_charge":150.00,"npi":[1730135666]}]}]}]},{"name":"MEDICAL\/SURGICAL SUPPLIES","billing_code_type":"RC","billing_code_type_version":"UB04","billing_code":"0270","description":"MEDICAL\/SURGICAL SUPPLIES","allowed_amounts":[{"tin":{"type":"ein","value":"364866897"},"billing_class":"institutional","setting":"inpatient","payments":[{"allowed_amount":4.45,"providers":[{"billed_charge":119.42,"npi":[1356857577,1427031780]}]}]},{"tin":{"type":"ein","value":"364866897"},"billing_class":"institutional","setting":"inpatient","payments":[{"allowed_amount":5.53,"providers":[{"billed_charge":119.42,"npi":[1356857577,1427031780]}]}]},{"tin":{"type":"ein","value":"364866897"},"billing_class":"institutional","setting":"inpatient","payments":[{"allowed_amount":13.35,"providers":[{"billed_charge":358.26,"npi":[1356857577,1427031780]}]}]}]},{"name":"MICROSOMAL ANTIBODIES EACH","billing_code_type":"CPT","billing_code_type_version":"2020","billing_code":"86376","description":"MICROSOMAL ANTIBODIES EACH","allowed_amounts":[{"tin":{"type":"ein","value":"200434866"},"service_code":["81"],"billing_class":"professional","setting":"outpatient","payments":[{"allowed_amount":72.75,"providers":[{"billed_charge":72.75,"npi":[1245494517,1699748459]}]}]}]},{"name":"OFFICE\/OUTPATIENT ESTABLISHED LOW MDM 20 MIN","billing_code_type":"CPT","billing_code_type_version":"2020","billing_code":"99213","description":"OFFICE\/OUTPATIENT ESTABLISHED LOW MDM 20 MIN","allowed_amounts":[{"tin":{"type":"ein","value":"620478102"},"service_code":["22"],"billing_class":"professional","setting":"outpatient","payments":[{"allowed_amount":47.09,"providers":[{"billed_charge":149.40,"npi":[1194193102,1275708778,1386901254,1598843740]}]}]}]},{"name":"OFFICE\/OUTPATIENT ESTABLISHED MOD MDM 30 MIN","billing_code_type":"CPT","billing_code_type_version":"2020","billing_code":"99214","description":"OFFICE\/OUTPATIENT ESTABLISHED MOD MDM 30 MIN","allowed_amounts":[{"tin":{"type":"ein","value":"620478102"},"service_code":["19"],"billing_class":"professional","setting":"outpatient","payments":[{"allowed_amount":72.71,"providers":[{"billed_charge":208.46,"npi":[1194193102]}]}]},{"tin":{"type":"ein","value":"621366951"},"service_code":["11"],"billing_class":"professional","setting":"outpatient","payments":[{"allowed_amount":97.83,"providers":[{"billed_charge":160.00,"npi":[1073874277,1083675706]}]}]}]},{"name":"OFFICE\/OUTPATIENT NEW LOW MDM 30 MINUTES","billing_code_type":"CPT","billing_code_type_version":"2020","billing_code":"99203","description":"OFFICE\/OUTPATIENT NEW LOW MDM 30 MINUTES","allowed_amounts":[{"tin":{"type":"ein","value":"331761476"},"service_code":["11"],"billing_class":"professional","setting":"outpatient","payments":[{"allowed_amount":72.18,"providers":[{"billed_charge":218.60,"npi":[1972327203,1982626354]}]}]},{"tin":{"type":"ein","value":"620478102"},"service_code":["20"],"billing_class":"professional","setting":"outpatient","payments":[{"allowed_amount":97.53,"providers":[{"billed_charge":179.34,"npi":[1487067534]}]}]}]},{"name":"OFFICE\/OUTPATIENT NEW MODERATE MDM 45 MINUTES","billing_code_type":"CPT","billing_code_type_version":"2020","billing_code":"99204","description":"OFFICE\/OUTPATIENT NEW MODERATE MDM 45 MINUTES","allowed_amounts":[{"tin":{"type":"ein","value":"620478102"},"service_code":["22"],"billing_class":"professional","setting":"outpatient","payments":[{"allowed_amount":119.33,"providers":[{"billed_charge":299.54,"npi":[1386901254]}]}]}]},{"name":"ONLINE DIGITAL E\/M SVC EST PT <7 D 11-20 MINUTES","billing_code_type":"CPT","billing_code_type_version":"2020","billing_code":"99422","description":"ONLINE DIGITAL E\/M SVC EST PT <7 D 11-20 MINUTES","allowed_amounts":[{"tin":{"type":"ein","value":"541237939"},"service_code":["02"],"billing_class":"professional","setting":"outpatient","payments":[{"allowed_amount":26.12,"providers":[{"billed_charge":55.00,"npi":[1356799282]}]}]}]},{"name":"PSYCHOTHERAPY W\/PATIENT 30 MINUTES","billing_code_type":"CPT","billing_code_type_version":"2020","billing_code":"90832","description":"PSYCHOTHERAPY W\/PATIENT 30 MINUTES","allowed_amounts":[{"tin":{"type":"ein","value":"431998250"},"service_code":["11"],"billing_class":"professional","setting":"outpatient","payments":[{"allowed_amount":83.32,"providers":[{"billed_charge":150.00,"npi":[1477820504]}]}]}]},{"name":"PSYCHOTHERAPY W\/PATIENT 45 MINUTES","billing_code_type":"CPT","billing_code_type_version":"2020","billing_code":"90834","description":"PSYCHOTHERAPY W\/PATIENT 45 MINUTES","allowed_amounts":[{"tin":{"type":"ein","value":"431998250"},"service_code":["11"],"billing_class":"professional","setting":"outpatient","payments":[{"allowed_amount":110.82,"providers":[{"billed_charge":200.00,"npi":[1477820504]}]}]}]},{"name":"PSYCHOTHERAPY W\/PATIENT 60 MINUTES","billing_code_type":"CPT","billing_code_type_version":"2020","billing_code":"90837","description":"PSYCHOTHERAPY W\/PATIENT 60 MINUTES","allowed_amounts":[{"tin":{"type":"ein","value":"431998250"},"service_code":["11"],"billing_class":"professional","setting":"outpatient","payments":[{"allowed_amount":165.80,"providers":[{"billed_charge":250.00,"npi":[1477820504]}]}]}]},{"name":"REMOVAL OF IMPACTED TOOTH - PARTIALLY BONY","billing_code_type":"HCPCS","billing_code_type_version":"HCPCS LEVEL II 2021","billing_code":"D7230","description":"REMOVAL OF IMPACTED TOOTH - PARTIALLY BONY","allowed_amounts":[{"tin":{"type":"ein","value":"010457442"},"service_code":["11"],"billing_class":"professional","setting":"outpatient","payments":[{"allowed_amount":308.04,"providers":[{"billed_charge":450.00,"npi":[1205867462]}]}]}]},{"name":"REMOVAL OF IMPACTED TOOTH - SOFT TISSUE","billing_code_type":"HCPCS","billing_code_type_version":"HCPCS LEVEL II 2021","billing_code":"D7220","description":"REMOVAL OF IMPACTED TOOTH - SOFT TISSUE","allowed_amounts":[{"tin":{"type":"ein","value":"010457442"},"service_code":["11"],"billing_class":"professional","setting":"outpatient","payments":[{"allowed_amount":231.73,"providers":[{"billed_charge":345.00,"npi":[1205867462]}]}]}]},{"name":"RESERVED","billing_code_type":"RC","billing_code_type_version":"UB04","billing_code":"0501","description":"RESERVED","allowed_amounts":[{"tin":{"type":"ein","value":"310542398"},"billing_class":"institutional","setting":"inpatient","payments":[{"allowed_amount":136.12,"providers":[{"billed_charge":212.68,"npi":[1235512740,1639121775]}]}]}]},{"name":"RHEUMATOID FACTOR QUANTITATIVE","billing_code_type":"CPT","billing_code_type_version":"2020","billing_code":"86431","description":"RHEUMATOID FACTOR QUANTITATIVE","allowed_amounts":[{"tin":{"type":"ein","value":"200434866"},"service_code":["81"],"billing_class":"professional","setting":"outpatient","payments":[{"allowed_amount":30.00,"providers":[{"billed_charge":30.00,"npi":[1245494517,1699748459]}]}]}]},{"name":"SCREENING DIGITAL BREAST TOMOSYNTHESIS BI","billing_code_type":"CPT","billing_code_type_version":"2020","billing_code":"77063","description":"SCREENING DIGITAL BREAST TOMOSYNTHESIS BI","allowed_amounts":[{"tin":{"type":"ein","value":"620478102"},"service_code":["22"],"billing_class":"professional","setting":"outpatient","payments":[{"allowed_amount":26.58,"providers":[{"billed_charge":107.64,"npi":[1700296548,1942205083]}]}]}]},{"name":"SCREENING MAMMOGRAPHY BI 2-VIEW BREAST INC CAD","billing_code_type":"CPT","billing_code_type_version":"2020","billing_code":"77067","description":"SCREENING MAMMOGRAPHY BI 2-VIEW BREAST INC CAD","allowed_amounts":[{"tin":{"type":"ein","value":"620478102"},"service_code":["22"],"billing_class":"professional","setting":"outpatient","payments":[{"allowed_amount":32.49,"providers":[{"billed_charge":136.50,"npi":[1700296548,1942205083]}]}]}]},{"name":"THYROGLOBULIN ANTIBODY","billing_code_type":"CPT","billing_code_type_version":"2020","billing_code":"86800","description":"THYROGLOBULIN ANTIBODY","allowed_amounts":[{"tin":{"type":"ein","value":"200434866"},"service_code":["81"],"billing_class":"professional","setting":"outpatient","payments":[{"allowed_amount":79.55,"providers":[{"billed_charge":79.55,"npi":[1245494517,1699748459]}]}]}]},{"name":"TX SPEECH LANG VOICE COMMJ&\/AUD PROC DO INDIV","billing_code_type":"CPT","billing_code_type_version":"2020","billing_code":"92507","description":"TX SPEECH LANG VOICE COMMJ&\/AUD PROC DO INDIV","allowed_amounts":[{"tin":{"type":"ein","value":"833498775"},"service_code":["11"],"billing_class":"professional","setting":"outpatient","payments":[{"allowed_amount":30.00,"providers":[{"billed_charge":195.00,"npi":[1477302792,1508490038]}]}]}]},{"name":"TX SWALLOWING DYSFUNCTION&\/ORAL FUNCJ FEEDING","billing_code_type":"CPT","billing_code_type_version":"2020","billing_code":"92526","description":"TX SWALLOWING DYSFUNCTION&\/ORAL FUNCJ FEEDING","allowed_amounts":[{"tin":{"type":"ein","value":"833498775"},"service_code":["11"],"billing_class":"professional","setting":"outpatient","payments":[{"allowed_amount":45.00,"providers":[{"billed_charge":130.00,"npi":[1477302792,1508490038]}]}]}]},{"name":"VISIT CPLX INHERENT E&M ASSOC MCS","billing_code_type":"HCPCS","billing_code_type_version":"HCPCS LEVEL II 2021","billing_code":"G2211","description":"VISIT CPLX INHERENT E&M ASSOC MCS","allowed_amounts":[{"tin":{"type":"ein","value":"621366951"},"service_code":["11"],"billing_class":"professional","setting":"outpatient","payments":[{"allowed_amount":0.00,"providers":[{"billed_charge":30.00,"npi":[1073874277,1083675706]}]}]}]},{"name":"XTRNL MOBILE CV TELEMETRY W\/TECHNICAL SUPPORT","billing_code_type":"CPT","billing_code_type_version":"2020","billing_code":"93229","description":"XTRNL MOBILE CV TELEMETRY W\/TECHNICAL SUPPORT","allowed_amounts":[{"tin":{"type":"ein","value":"208149544"},"service_code":["11"],"billing_class":"professional","setting":"outpatient","payments":[{"allowed_amount":756.29,"providers":[{"billed_charge":1995.00,"npi":[1407447352,1710130539]}]}]}]}]}
