{"reporting_entity_name": "IEC Group_DBA AmeriBen",
	"reporting_entity_type": "Third Party Administrator",
	"plan_name": "ANALEX CORP DBA ARCFIELD",
	"plan_id_type": "ein",
	"plan_id": "710869563",
	"plan_market_type": "group",
	"last_updated_on": "2023-09-01","Version": "1.0.0","out_of_network":[{"name":"APPL MODALITY 1\/> AREAS ELEC STIMJ UNATTENDED","billing_code_type":"CPT","billing_code_type_version":"2020","billing_code":"97014","description":"APPL MODALITY 1\/> AREAS ELEC STIMJ UNATTENDED","allowed_amounts":[{"tin":{"type":"ein","value":"204492098"},"service_code":["11"],"billing_class":"professional","payments":[{"allowed_amount":19.74,"billing_code_modifier":[""],"providers":[{"billed_charge":19.74,"npi":[1780860254,1831133388]}]}]}]},{"name":"CAPD OPD\/HOME: CAPD COMP OR OTHER RATE","billing_code_type":"RC","billing_code_type_version":"UB04","billing_code":"0841","description":"CAPD OPD\/HOME: CAPD COMP OR OTHER RATE","allowed_amounts":[{"tin":{"type":"ein","value":"232536597"},"service_code":["65"],"billing_class":"institutional","payments":[{"allowed_amount":321.28,"billing_code_modifier":[""],"providers":[{"billed_charge":3374.00,"npi":[1790997724,1952361370]}]}]}]},{"name":"CHIROPRACTIC MANIPLTV TX EXTRASPINAL 1\/> REGION","billing_code_type":"CPT","billing_code_type_version":"2020","billing_code":"98943","description":"CHIROPRACTIC MANIPLTV TX EXTRASPINAL 1\/> REGION","allowed_amounts":[{"tin":{"type":"ein","value":"204492098"},"service_code":["11"],"billing_class":"professional","payments":[{"allowed_amount":33.85,"billing_code_modifier":[""],"providers":[{"billed_charge":58.73,"npi":[1780860254,1831133388]}]}]}]},{"name":"CHIROPRACTIC MANIPULATIVE TX SPINAL 3-4 REGIONS","billing_code_type":"CPT","billing_code_type_version":"2020","billing_code":"98941","description":"CHIROPRACTIC MANIPULATIVE TX SPINAL 3-4 REGIONS","allowed_amounts":[{"tin":{"type":"ein","value":"204492098"},"service_code":["11"],"billing_class":"professional","payments":[{"allowed_amount":47.78,"billing_code_modifier":[""],"providers":[{"billed_charge":100.80,"npi":[1780860254,1831133388]}]}]}]},{"name":"DRUGS REQUIRE SPECIFIC ID: DRUGS REQUIRING DETAIL","billing_code_type":"RC","billing_code_type_version":"UB04","billing_code":"0636","description":"DRUGS REQUIRE SPECIFIC ID: DRUGS REQUIRING DETAIL","allowed_amounts":[{"tin":{"type":"ein","value":"953372911"},"service_code":["65"],"billing_class":"institutional","payments":[{"allowed_amount":8.52,"billing_code_modifier":[""],"providers":[{"billed_charge":145.65,"npi":[1275531832,1295078277]}]}]}]},{"name":"HEMO OPD\/HOME: HEMODIALYSIS COMP OR OTHER RATE","billing_code_type":"RC","billing_code_type_version":"UB04","billing_code":"0821","description":"HEMO OPD\/HOME: HEMODIALYSIS COMP OR OTHER RATE","allowed_amounts":[{"tin":{"type":"ein","value":"953372911"},"service_code":["65"],"billing_class":"institutional","payments":[{"allowed_amount":320.64,"billing_code_modifier":[""],"providers":[{"billed_charge":5487.00,"npi":[1275531832,1295078277]}]}]}]},{"name":"MEDICAL\/SURGICAL SUPPLIES","billing_code_type":"RC","billing_code_type_version":"UB04","billing_code":"0270","description":"MEDICAL\/SURGICAL SUPPLIES","allowed_amounts":[{"tin":{"type":"ein","value":"953372911"},"service_code":["65"],"billing_class":"institutional","payments":[{"allowed_amount":7.57,"billing_code_modifier":[""],"providers":[{"billed_charge":129.55,"npi":[1275531832,1295078277]}]}]}]},{"name":"PHARMACY","billing_code_type":"RC","billing_code_type_version":"UB04","billing_code":"0250","description":"PHARMACY","allowed_amounts":[{"tin":{"type":"ein","value":"953372911"},"service_code":["65"],"billing_class":"institutional","payments":[{"allowed_amount":0.05,"billing_code_modifier":[""],"providers":[{"billed_charge":0.90,"npi":[1275531832,1295078277]}]}]}]},{"name":"PNEUMA COMPRESOR NON-SEGMENT","billing_code_type":"HCPCS","billing_code_type_version":"HCPCS LEVEL II 2021","billing_code":"E0650","description":"PNEUMA COMPRESOR NON-SEGMENT","allowed_amounts":[{"tin":{"type":"ein","value":"371920857"},"service_code":["12"],"billing_class":"professional","payments":[{"allowed_amount":130.49,"billing_code_modifier":[""],"providers":[{"billed_charge":298.50,"npi":[1740748342]}]}]}]}]}
