{"reporting_entity_name": "IEC Group_DBA AmeriBen",
	"reporting_entity_type": "Third Party Administrator",
	"plan_name": "Solution Health  Elliot Health",
	"plan_id_type": "ein",
	"plan_id": "020509911",
	"plan_market_type": "group",
	"last_updated_on": "2025-06-02","Version": "1.0.0","out_of_network":[{"name":"ADAPTIVE BEHAVIOR TX BY PROTOCOL TECH EA 15 MIN","billing_code_type":"CPT","billing_code_type_version":"2020","billing_code":"97153","description":"ADAPTIVE BEHAVIOR TX BY PROTOCOL TECH EA 15 MIN","allowed_amounts":[{"tin":{"type":"ein","value":"863661185"},"service_code":["11","12"],"billing_class":"professional","payments":[{"allowed_amount":312.63,"billing_code_modifier":[""],"providers":[{"billed_charge":5610.00,"npi":[1144814658,1275271736,1972187250]}]}]},{"tin":{"type":"ein","value":"863661185"},"service_code":["11","12"],"billing_class":"professional","payments":[{"allowed_amount":331.02,"billing_code_modifier":[""],"providers":[{"billed_charge":5940.00,"npi":[1144814658,1275271736,1972187250]}]}]},{"tin":{"type":"ein","value":"863661185"},"service_code":["12"],"billing_class":"professional","payments":[{"allowed_amount":294.24,"billing_code_modifier":[""],"providers":[{"billed_charge":5280.00,"npi":[1144814658,1275271736,1972187250]}]}]}]},{"name":"PSYCHIATRIC\/PSYCHOLOGICAL SVCS: PARTIAL HOSP - LES","billing_code_type":"RC","billing_code_type_version":"UB04","billing_code":"0912","description":"PSYCHIATRIC\/PSYCHOLOGICAL SVCS: PARTIAL HOSP - LES","allowed_amounts":[{"tin":{"type":"ein","value":"854172752"},"service_code":["22"],"billing_class":"institutional","payments":[{"allowed_amount":600.00,"billing_code_modifier":[""],"providers":[{"billed_charge":2950.00,"npi":[1164408498,1891386793]}]}]}]},{"name":"PSYCHOTHERAPY W\/PATIENT 60 MINUTES","billing_code_type":"CPT","billing_code_type_version":"2020","billing_code":"90837","description":"PSYCHOTHERAPY W\/PATIENT 60 MINUTES","allowed_amounts":[{"tin":{"type":"ein","value":"453569696"},"service_code":["02"],"billing_class":"professional","payments":[{"allowed_amount":121.01,"billing_code_modifier":[""],"providers":[{"billed_charge":175.00,"npi":[1447570171]}]}]},{"tin":{"type":"ein","value":"474384192"},"service_code":["11"],"billing_class":"professional","payments":[{"allowed_amount":138.51,"billing_code_modifier":[""],"providers":[{"billed_charge":260.00,"npi":[1134896137,1801420914]}]}]},{"tin":{"type":"ein","value":"474384192"},"service_code":["11"],"billing_class":"professional","payments":[{"allowed_amount":155.90,"billing_code_modifier":[""],"providers":[{"billed_charge":260.00,"npi":[1134896137,1801420914]}]}]},{"tin":{"type":"ein","value":"823712967"},"service_code":["11"],"billing_class":"professional","payments":[{"allowed_amount":121.01,"billing_code_modifier":[""],"providers":[{"billed_charge":175.00,"npi":[1164811188,1205344462]}]}]},{"tin":{"type":"ein","value":"871339332"},"service_code":["10"],"billing_class":"professional","payments":[{"allowed_amount":121.01,"billing_code_modifier":[""],"providers":[{"billed_charge":135.00,"npi":[1245905959]}]}]},{"tin":{"type":"ein","value":"932412669"},"service_code":["10","11"],"billing_class":"professional","payments":[{"allowed_amount":121.01,"billing_code_modifier":[""],"providers":[{"billed_charge":515.00,"npi":[1023536919,1043083595,1144711250,1184275521,1497234744,1528560638,1629268735]}]}]}]},{"name":"RESIDENTIAL TREATMENT-CHEMICAL DEPENDENCY","billing_code_type":"RC","billing_code_type_version":"UB04","billing_code":"1002","description":"RESIDENTIAL TREATMENT-CHEMICAL DEPENDENCY","allowed_amounts":[{"tin":{"type":"ein","value":"824633757"},"service_code":["21"],"billing_class":"institutional","payments":[{"allowed_amount":2061.88,"billing_code_modifier":[""],"providers":[{"billed_charge":3800.00,"npi":[1154888469,1285665208]}]}]},{"tin":{"type":"ein","value":"824633757"},"service_code":["21"],"billing_class":"institutional","payments":[{"allowed_amount":2200.00,"billing_code_modifier":[""],"providers":[{"billed_charge":5495.00,"npi":[1154888469,1285665208]}]}]},{"tin":{"type":"ein","value":"854172752"},"service_code":["21"],"billing_class":"institutional","payments":[{"allowed_amount":0.00,"billing_code_modifier":[""],"providers":[{"billed_charge":3850.00,"npi":[1164408498,1891386793]}]}]}]}]}
