{"reporting_entity_name": "IEC Group_DBA AmeriBen",
	"reporting_entity_type": "Third Party Administrator",
	"plan_name": "GOJO INDUSTRIES, INC.",
	"plan_id_type": "ein",
	"plan_id": "340659953",
	"plan_market_type": "group",
	"last_updated_on": "2025-01-01","Version": "1.0.0","out_of_network":[{"name":"CHIROPRACTIC MANIPULATIVE TX SPINAL 3-4 REGIONS","billing_code_type":"CPT","billing_code_type_version":"2020","billing_code":"98941","description":"CHIROPRACTIC MANIPULATIVE TX SPINAL 3-4 REGIONS","allowed_amounts":[{"tin":{"type":"ein","value":"341869609"},"service_code":["11"],"billing_class":"professional","payments":[{"allowed_amount":19.79,"billing_code_modifier":[""],"providers":[{"billed_charge":65.00,"npi":[1205058716,1437266459]}]}]},{"tin":{"type":"ein","value":"341883685"},"service_code":["11"],"billing_class":"professional","payments":[{"allowed_amount":19.79,"billing_code_modifier":[""],"providers":[{"billed_charge":60.00,"npi":[1902941313,1982728077]}]}]}]},{"name":"EMERGENCY DEPARTMENT VISIT HIGH MDM","billing_code_type":"CPT","billing_code_type_version":"2020","billing_code":"99285","description":"EMERGENCY DEPARTMENT VISIT HIGH MDM","allowed_amounts":[{"tin":{"type":"ein","value":"753002004"},"service_code":["23"],"billing_class":"professional","payments":[{"allowed_amount":204.42,"billing_code_modifier":[""],"providers":[{"billed_charge":1650.37,"npi":[1265471148,1396765681]}]}]}]},{"name":"EMERGENCY DEPARTMENT VISIT MODERATE MDM","billing_code_type":"CPT","billing_code_type_version":"2020","billing_code":"99284","description":"EMERGENCY DEPARTMENT VISIT MODERATE MDM","allowed_amounts":[{"tin":{"type":"ein","value":"753002004"},"service_code":["23"],"billing_class":"professional","payments":[{"allowed_amount":130.50,"billing_code_modifier":[""],"providers":[{"billed_charge":1118.21,"npi":[1265471148,1396765681]}]}]}]},{"name":"PHYSICAL THERAPY","billing_code_type":"RC","billing_code_type_version":"UB04","billing_code":"0420","description":"PHYSICAL THERAPY","allowed_amounts":[{"tin":{"type":"ein","value":"340715726"},"service_code":["22"],"billing_class":"institutional","payments":[{"allowed_amount":75.00,"billing_code_modifier":[""],"providers":[{"billed_charge":117.18,"npi":[1134179799,1528297041,1821338310,1942285218]}]}]}]}]}
