{"reporting_entity_name": "IEC Group_DBA AmeriBen",
	"reporting_entity_type": "Third Party Administrator",
	"plan_name": "AK-CHIN INDIAN COMMUNITY/FARMS",
	"plan_id_type": "ein",
	"plan_id": "860148433",
	"plan_market_type": "group",
	"last_updated_on": "2024-11-01","Version": "1.0.0","out_of_network":[{"name":"CHIROPRACTIC MANIPLTV TX EXTRASPINAL 1\/> REGION","billing_code_type":"CPT","billing_code_type_version":"2020","billing_code":"98943","description":"CHIROPRACTIC MANIPLTV TX EXTRASPINAL 1\/> REGION","allowed_amounts":[{"tin":{"type":"ein","value":"464644210"},"service_code":["11"],"billing_class":"professional","payments":[{"allowed_amount":34.28,"billing_code_modifier":[""],"providers":[{"billed_charge":50.00,"npi":[1285718627]}]}]},{"tin":{"type":"ein","value":"760797987"},"service_code":["11"],"billing_class":"professional","payments":[{"allowed_amount":34.28,"billing_code_modifier":[""],"providers":[{"billed_charge":55.00,"npi":[1063770345,1841373701]}]}]},{"tin":{"type":"ein","value":"842490510"},"service_code":["11"],"billing_class":"professional","payments":[{"allowed_amount":34.28,"billing_code_modifier":[""],"providers":[{"billed_charge":79.00,"npi":[1033309976,1073131975,1386207249]}]}]},{"tin":{"type":"ein","value":"934908008"},"service_code":["11"],"billing_class":"professional","payments":[{"allowed_amount":34.28,"billing_code_modifier":[""],"providers":[{"billed_charge":120.00,"npi":[1154199263,1427474022]}]}]}]},{"name":"CHIROPRACTIC MANIPULATIVE TX SPINAL 3-4 REGIONS","billing_code_type":"CPT","billing_code_type_version":"2020","billing_code":"98941","description":"CHIROPRACTIC MANIPULATIVE TX SPINAL 3-4 REGIONS","allowed_amounts":[{"tin":{"type":"ein","value":"202901918"},"service_code":["11"],"billing_class":"professional","payments":[{"allowed_amount":47.97,"billing_code_modifier":[""],"providers":[{"billed_charge":100.00,"npi":[1619932431]}]}]},{"tin":{"type":"ein","value":"464644210"},"service_code":["11"],"billing_class":"professional","payments":[{"allowed_amount":47.97,"billing_code_modifier":[""],"providers":[{"billed_charge":55.00,"npi":[1285718627]}]}]},{"tin":{"type":"ein","value":"464712771"},"service_code":["11"],"billing_class":"professional","payments":[{"allowed_amount":47.97,"billing_code_modifier":[""],"providers":[{"billed_charge":70.00,"npi":[1831536689,1992726616]}]}]},{"tin":{"type":"ein","value":"760797987"},"service_code":["11"],"billing_class":"professional","payments":[{"allowed_amount":47.97,"billing_code_modifier":[""],"providers":[{"billed_charge":70.00,"npi":[1063770345,1841373701]}]}]},{"tin":{"type":"ein","value":"811154717"},"service_code":["11"],"billing_class":"professional","payments":[{"allowed_amount":47.97,"billing_code_modifier":[""],"providers":[{"billed_charge":75.00,"npi":[1831671478,1841426723]}]}]},{"tin":{"type":"ein","value":"842490510"},"service_code":["11"],"billing_class":"professional","payments":[{"allowed_amount":47.97,"billing_code_modifier":[""],"providers":[{"billed_charge":119.00,"npi":[1033309976,1073131975,1386207249]}]}]},{"tin":{"type":"ein","value":"934908008"},"service_code":["11"],"billing_class":"professional","payments":[{"allowed_amount":47.97,"billing_code_modifier":[""],"providers":[{"billed_charge":198.35,"npi":[1154199263,1427474022]}]}]}]},{"name":"PSYCHIATRIC\/PSYCHOLOGICAL SVCS: PARTIAL HOSP - LES","billing_code_type":"RC","billing_code_type_version":"UB04","billing_code":"0912","description":"PSYCHIATRIC\/PSYCHOLOGICAL SVCS: PARTIAL HOSP - LES","allowed_amounts":[{"tin":{"type":"ein","value":"861431542"},"service_code":["99"],"billing_class":"institutional","payments":[{"allowed_amount":684.27,"billing_code_modifier":[""],"providers":[{"billed_charge":4495.00,"npi":[1619445814,1699348557]}]}]}]}]}
