{"reporting_entity_name": "IEC Group_DBA AmeriBen",
	"reporting_entity_type": "Third Party Administrator",
	"plan_name": "BELGIOIOSO CHEESE INC",
	"issuer_name": "IEC Group_DBA AmeriBen",
	"plan_sponsor_name": "BELGIOIOSO CHEESE INC",
	"plan_id_type": "ein",
	"plan_id": "391324847",
	"plan_market_type": "group",
	"last_updated_on": "2026-02-01","reporting_period": {
		"start_date": "2025-08-05",
		"end_date": "2025-11-03"
	},"version": "2.0.0","out_of_network":[{"name":"1ST HOSPITAL IP\/OBS CARE HIGH MDM 75 MINUTES","billing_code_type":"CPT","billing_code_type_version":"2020","billing_code":"99223","description":"1ST HOSPITAL IP\/OBS CARE HIGH MDM 75 MINUTES","allowed_amounts":[{"tin":{"type":"ein","value":"812349627"},"service_code":["21"],"billing_class":"professional","setting":"inpatient","payments":[{"allowed_amount":191.35,"providers":[{"billed_charge":1243.20,"npi":[1194748368,1326126392,1780036228]}]}]},{"tin":{"type":"ein","value":"932609966"},"service_code":["23"],"billing_class":"professional","setting":"outpatient","payments":[{"allowed_amount":546.49,"providers":[{"billed_charge":2318.34,"npi":[1003256686,1326829326,1811778830]}]}]}]},{"name":"AMB SERVICE BLS EMERGENCY TRANSPORT","billing_code_type":"HCPCS","billing_code_type_version":"HCPCS LEVEL II 2021","billing_code":"A0429","description":"AMB SERVICE BLS EMERGENCY TRANSPORT","allowed_amounts":[{"tin":{"type":"ein","value":"237049462"},"service_code":["41"],"billing_class":"professional","setting":"outpatient","payments":[{"allowed_amount":0.00,"providers":[{"billed_charge":1500.00,"npi":[1588693279]}]}]}]},{"name":"AMB SRVC ALS EMERG TRANSPORT LEVL 1","billing_code_type":"HCPCS","billing_code_type_version":"HCPCS LEVEL II 2021","billing_code":"A0427","description":"AMB SRVC ALS EMERG TRANSPORT LEVL 1","allowed_amounts":[{"tin":{"type":"ein","value":"141597784"},"service_code":["41"],"billing_class":"professional","setting":"outpatient","payments":[{"allowed_amount":2517.00,"providers":[{"billed_charge":2517.00,"npi":[1770562910]}]}]},{"tin":{"type":"ein","value":"161025659"},"service_code":["41"],"billing_class":"professional","setting":"outpatient","payments":[{"allowed_amount":2799.47,"providers":[{"billed_charge":2799.47,"npi":[1831285410]}]}]}]},{"name":"ANTI-PHOSPHATIDYLSERINE ANTIBODY","billing_code_type":"CPT","billing_code_type_version":"2020","billing_code":"86148","description":"ANTI-PHOSPHATIDYLSERINE ANTIBODY","allowed_amounts":[{"tin":{"type":"ein","value":"200434866"},"service_code":["81"],"billing_class":"professional","setting":"outpatient","payments":[{"allowed_amount":7.94,"providers":[{"billed_charge":80.35,"npi":[1245494517,1255568069]}]}]}]},{"name":"ANTINEUTROPHIL CYTOPLASMIC ANTB SCREEN EA ANTB","billing_code_type":"CPT","billing_code_type_version":"2020","billing_code":"86036","description":"ANTINEUTROPHIL CYTOPLASMIC ANTB SCREEN EA ANTB","allowed_amounts":[{"tin":{"type":"ein","value":"200434866"},"service_code":["81"],"billing_class":"professional","setting":"outpatient","payments":[{"allowed_amount":4.82,"providers":[{"billed_charge":60.25,"npi":[1245494517,1255568069]}]}]}]},{"name":"APPL MODALITY 1\/> AREAS TRACTION MECHANICAL","billing_code_type":"CPT","billing_code_type_version":"2020","billing_code":"97012","description":"APPL MODALITY 1\/> AREAS TRACTION MECHANICAL","allowed_amounts":[{"tin":{"type":"ein","value":"274115874"},"service_code":["11"],"billing_class":"professional","setting":"outpatient","payments":[{"allowed_amount":5.26,"providers":[{"billed_charge":25.00,"npi":[1366745150,1639472772]}]}]},{"tin":{"type":"ein","value":"274115874"},"service_code":["11"],"billing_class":"professional","setting":"outpatient","payments":[{"allowed_amount":5.35,"providers":[{"billed_charge":25.00,"npi":[1366745150,1639472772]}]}]},{"tin":{"type":"ein","value":"274115874"},"service_code":["11"],"billing_class":"professional","setting":"outpatient","payments":[{"allowed_amount":11.66,"providers":[{"billed_charge":25.00,"npi":[1366745150,1639472772]}]}]},{"tin":{"type":"ein","value":"884130468"},"service_code":["11"],"billing_class":"professional","setting":"outpatient","payments":[{"allowed_amount":8.92,"providers":[{"billed_charge":25.00,"npi":[1356056543,1477267151]}]}]},{"tin":{"type":"ein","value":"884130468"},"service_code":["11"],"billing_class":"professional","setting":"outpatient","payments":[{"allowed_amount":11.66,"providers":[{"billed_charge":25.00,"npi":[1356056543,1477267151]}]}]}]},{"name":"APPLICATION LONG LEG SPLINT THIGH ANKLE\/TOES","billing_code_type":"CPT","billing_code_type_version":"2020","billing_code":"29505","description":"APPLICATION LONG LEG SPLINT THIGH ANKLE\/TOES","allowed_amounts":[{"tin":{"type":"ein","value":"391446631"},"service_code":["23"],"billing_class":"professional","setting":"outpatient","payments":[{"allowed_amount":58.78,"providers":[{"billed_charge":545.00,"npi":[1306208921,1588646095]}]}]}]},{"name":"BETA 2 GLYCOPROTEIN I ANTIBODY EACH","billing_code_type":"CPT","billing_code_type_version":"2020","billing_code":"86146","description":"BETA 2 GLYCOPROTEIN I ANTIBODY EACH","allowed_amounts":[{"tin":{"type":"ein","value":"200434866"},"service_code":["81"],"billing_class":"professional","setting":"outpatient","payments":[{"allowed_amount":12.57,"providers":[{"billed_charge":127.25,"npi":[1245494517,1255568069]}]}]}]},{"name":"CARDIOLIPIN ANTIBODY EACH IG CLASS","billing_code_type":"CPT","billing_code_type_version":"2020","billing_code":"86147","description":"CARDIOLIPIN ANTIBODY EACH IG CLASS","allowed_amounts":[{"tin":{"type":"ein","value":"200434866"},"service_code":["81"],"billing_class":"professional","setting":"outpatient","payments":[{"allowed_amount":12.57,"providers":[{"billed_charge":127.25,"npi":[1245494517,1255568069]}]}]}]},{"name":"CHEMILUMINESCENT ASSAY","billing_code_type":"CPT","billing_code_type_version":"2020","billing_code":"82397","description":"CHEMILUMINESCENT ASSAY","allowed_amounts":[{"tin":{"type":"ein","value":"200434866"},"service_code":["81"],"billing_class":"professional","setting":"outpatient","payments":[{"allowed_amount":6.97,"providers":[{"billed_charge":100.00,"npi":[1245494517,1255568069]}]}]},{"tin":{"type":"ein","value":"200434866"},"service_code":["81"],"billing_class":"professional","setting":"outpatient","payments":[{"allowed_amount":13.94,"providers":[{"billed_charge":200.00,"npi":[1245494517,1255568069]}]}]}]},{"name":"CHIROPRACTIC MANIPULATIVE TX SPINAL 1-2 REGIONS","billing_code_type":"CPT","billing_code_type_version":"2020","billing_code":"98940","description":"CHIROPRACTIC MANIPULATIVE TX SPINAL 1-2 REGIONS","allowed_amounts":[{"tin":{"type":"ein","value":"274115874"},"service_code":["11"],"billing_class":"professional","setting":"outpatient","payments":[{"allowed_amount":0.00,"providers":[{"billed_charge":60.00,"npi":[1366745150,1639472772]}]}]},{"tin":{"type":"ein","value":"274115874"},"service_code":["11"],"billing_class":"professional","setting":"outpatient","payments":[{"allowed_amount":10.11,"providers":[{"billed_charge":60.00,"npi":[1366745150,1639472772]}]}]},{"tin":{"type":"ein","value":"274115874"},"service_code":["11"],"billing_class":"professional","setting":"outpatient","payments":[{"allowed_amount":10.26,"providers":[{"billed_charge":60.00,"npi":[1366745150,1639472772]}]}]},{"tin":{"type":"ein","value":"274115874"},"service_code":["11"],"billing_class":"professional","setting":"outpatient","payments":[{"allowed_amount":22.38,"providers":[{"billed_charge":60.00,"npi":[1366745150,1639472772]}]}]},{"tin":{"type":"ein","value":"274115874"},"service_code":["11"],"billing_class":"professional","setting":"outpatient","payments":[{"allowed_amount":51.00,"providers":[{"billed_charge":60.00,"npi":[1366745150,1639472772]}]}]}]},{"name":"CHIROPRACTIC MANIPULATIVE TX SPINAL 3-4 REGIONS","billing_code_type":"CPT","billing_code_type_version":"2020","billing_code":"98941","description":"CHIROPRACTIC MANIPULATIVE TX SPINAL 3-4 REGIONS","allowed_amounts":[{"tin":{"type":"ein","value":"262949947"},"service_code":["11"],"billing_class":"professional","setting":"outpatient","payments":[{"allowed_amount":32.35,"providers":[{"billed_charge":70.00,"npi":[1508990680,1740439108]}]}]},{"tin":{"type":"ein","value":"272117230"},"service_code":["11"],"billing_class":"professional","setting":"outpatient","payments":[{"allowed_amount":32.35,"providers":[{"billed_charge":80.00,"npi":[1194815241]}]}]},{"tin":{"type":"ein","value":"813840694"},"service_code":["11"],"billing_class":"professional","setting":"outpatient","payments":[{"allowed_amount":32.35,"providers":[{"billed_charge":75.00,"npi":[1811434517,1831635234]}]}]},{"tin":{"type":"ein","value":"845005731"},"service_code":["11"],"billing_class":"professional","setting":"outpatient","payments":[{"allowed_amount":32.35,"providers":[{"billed_charge":65.00,"npi":[1104453570,1386263374]}]}]},{"tin":{"type":"ein","value":"884130468"},"service_code":["11"],"billing_class":"professional","setting":"outpatient","payments":[{"allowed_amount":24.77,"providers":[{"billed_charge":70.00,"npi":[1356056543,1477267151]}]}]},{"tin":{"type":"ein","value":"884130468"},"service_code":["11"],"billing_class":"professional","setting":"outpatient","payments":[{"allowed_amount":32.35,"providers":[{"billed_charge":70.00,"npi":[1356056543,1477267151]}]}]},{"tin":{"type":"ein","value":"934860749"},"service_code":["11"],"billing_class":"professional","setting":"outpatient","payments":[{"allowed_amount":32.35,"providers":[{"billed_charge":60.00,"npi":[1417652025,1669240073]}]}]}]},{"name":"CONTINUOUS POS AIRWAY PRESSURE DEVC","billing_code_type":"HCPCS","billing_code_type_version":"HCPCS LEVEL II 2021","billing_code":"E0601","description":"CONTINUOUS POS AIRWAY PRESSURE DEVC","allowed_amounts":[{"tin":{"type":"ein","value":"232209439"},"service_code":["12"],"billing_class":"professional","setting":"outpatient","payments":[{"allowed_amount":0.00,"providers":[{"billed_charge":120.00,"npi":[1548397177,1689423857]}]}]}]},{"name":"CT SCAN: BODY","billing_code_type":"RC","billing_code_type_version":"UB04","billing_code":"0352","description":"CT SCAN: BODY","allowed_amounts":[{"tin":{"type":"ein","value":"873167283"},"billing_class":"institutional","setting":"inpatient","payments":[{"allowed_amount":1422.65,"providers":[{"billed_charge":7877.00,"npi":[1326829326,1558345934]}]}]}]},{"name":"DEEP SEDAT\/GEN ANESTHESIA-EA SUBSQT 15 MIN INCR","billing_code_type":"HCPCS","billing_code_type_version":"HCPCS LEVEL II 2021","billing_code":"D9223","description":"DEEP SEDAT\/GEN ANESTHESIA-EA SUBSQT 15 MIN INCR","allowed_amounts":[{"tin":{"type":"ein","value":"990732882"},"service_code":["11"],"billing_class":"professional","setting":"outpatient","payments":[{"allowed_amount":27.82,"providers":[{"billed_charge":291.00,"npi":[1184016933,1609634351]}]}]}]},{"name":"DEEP SEDATION\/GENERAL ANESTHESIA-1ST 15 MINUTES","billing_code_type":"HCPCS","billing_code_type_version":"HCPCS LEVEL II 2021","billing_code":"D9222","description":"DEEP SEDATION\/GENERAL ANESTHESIA-1ST 15 MINUTES","allowed_amounts":[{"tin":{"type":"ein","value":"990732882"},"service_code":["11"],"billing_class":"professional","setting":"outpatient","payments":[{"allowed_amount":27.82,"providers":[{"billed_charge":291.00,"npi":[1184016933,1609634351]}]}]}]},{"name":"DETOXIFICATION","billing_code_type":"RC","billing_code_type_version":"UB04","billing_code":"0126","description":"DETOXIFICATION","allowed_amounts":[{"tin":{"type":"ein","value":"834048996"},"billing_class":"institutional","setting":"inpatient","payments":[{"allowed_amount":2500.00,"providers":[{"billed_charge":5400.00,"npi":[1336175256,1952068132]}]}]}]},{"name":"DR TST DEFIN DR ID M P D 22\/M DR CL","billing_code_type":"HCPCS","billing_code_type_version":"HCPCS LEVEL II 2021","billing_code":"G0483","description":"DR TST DEFIN DR ID M P D 22\/M DR CL","allowed_amounts":[{"tin":{"type":"ein","value":"263806565"},"service_code":["81"],"billing_class":"professional","setting":"outpatient","payments":[{"allowed_amount":31.98,"providers":[{"billed_charge":695.00,"npi":[1407091101,1730176140]}]}]},{"tin":{"type":"ein","value":"453717894"},"service_code":["81"],"billing_class":"professional","setting":"outpatient","payments":[{"allowed_amount":377.00,"providers":[{"billed_charge":377.00,"npi":[1679960066,1730466590]}]}]}]},{"name":"DR TST DEFIN DR ID M P D 8-14 DR CL","billing_code_type":"HCPCS","billing_code_type_version":"HCPCS LEVEL II 2021","billing_code":"G0481","description":"DR TST DEFIN DR ID M P D 8-14 DR CL","allowed_amounts":[{"tin":{"type":"ein","value":"880241758"},"service_code":["81"],"billing_class":"professional","setting":"outpatient","payments":[{"allowed_amount":0.00,"providers":[{"billed_charge":587.00,"npi":[1699782722,1851170849]}]}]}]},{"name":"DR TST DEFN DR ID M P D 15-21 DR CL","billing_code_type":"HCPCS","billing_code_type_version":"HCPCS LEVEL II 2021","billing_code":"G0482","description":"DR TST DEFN DR ID M P D 15-21 DR CL","allowed_amounts":[{"tin":{"type":"ein","value":"880241758"},"service_code":["81"],"billing_class":"professional","setting":"outpatient","payments":[{"allowed_amount":0.00,"providers":[{"billed_charge":745.00,"npi":[1699782722,1720210008]}]}]},{"tin":{"type":"ein","value":"880241758"},"service_code":["81"],"billing_class":"professional","setting":"outpatient","payments":[{"allowed_amount":31.98,"providers":[{"billed_charge":745.00,"npi":[1366451429,1699782722]}]}]}]},{"name":"DRUG TST PRSMV INSTRMNT CHEM ANALYZERS PR DATE","billing_code_type":"CPT","billing_code_type_version":"2020","billing_code":"80307","description":"DRUG TST PRSMV INSTRMNT CHEM ANALYZERS PR DATE","allowed_amounts":[{"tin":{"type":"ein","value":"813281365"},"service_code":["81"],"billing_class":"professional","setting":"outpatient","payments":[{"allowed_amount":93.21,"providers":[{"billed_charge":186.42,"npi":[1841458072]}]}]},{"tin":{"type":"ein","value":"880241758"},"service_code":["81"],"billing_class":"professional","setting":"outpatient","payments":[{"allowed_amount":28.73,"providers":[{"billed_charge":242.00,"npi":[1699782722,1720210008,1851170849]}]}]}]},{"name":"DRUGS REQUIRE SPECIFIC ID: DRUGS REQUIRING DETAIL","billing_code_type":"RC","billing_code_type_version":"UB04","billing_code":"0636","description":"DRUGS REQUIRE SPECIFIC ID: DRUGS REQUIRING DETAIL","allowed_amounts":[{"tin":{"type":"ein","value":"873167283"},"billing_class":"institutional","setting":"inpatient","payments":[{"allowed_amount":1.95,"providers":[{"billed_charge":65.06,"npi":[1003256686,1326829326,1558345934]}]}]},{"tin":{"type":"ein","value":"873167283"},"billing_class":"institutional","setting":"inpatient","payments":[{"allowed_amount":3.89,"providers":[{"billed_charge":130.12,"npi":[1326829326,1356577738]}]}]},{"tin":{"type":"ein","value":"873167283"},"billing_class":"institutional","setting":"inpatient","payments":[{"allowed_amount":4.44,"providers":[{"billed_charge":32.53,"npi":[1003256686,1326829326]}]}]},{"tin":{"type":"ein","value":"873167283"},"billing_class":"institutional","setting":"inpatient","payments":[{"allowed_amount":4.72,"providers":[{"billed_charge":80.63,"npi":[1003256686,1326829326]}]}]},{"tin":{"type":"ein","value":"873167283"},"billing_class":"institutional","setting":"inpatient","payments":[{"allowed_amount":7.75,"providers":[{"billed_charge":7.75,"npi":[1326829326,1558345934]}]}]},{"tin":{"type":"ein","value":"873167283"},"billing_class":"institutional","setting":"inpatient","payments":[{"allowed_amount":12.86,"providers":[{"billed_charge":16.47,"npi":[1003256686,1326829326]}]}]},{"tin":{"type":"ein","value":"873167283"},"billing_class":"institutional","setting":"inpatient","payments":[{"allowed_amount":22.46,"providers":[{"billed_charge":132.00,"npi":[1326829326,1558345934]}]}]},{"tin":{"type":"ein","value":"873167283"},"billing_class":"institutional","setting":"inpatient","payments":[{"allowed_amount":42.90,"providers":[{"billed_charge":537.00,"npi":[1003256686,1326829326,1558345934]}]}]},{"tin":{"type":"ein","value":"873167283"},"billing_class":"institutional","setting":"inpatient","payments":[{"allowed_amount":102.89,"providers":[{"billed_charge":131.76,"npi":[1003256686,1326829326]}]}]}]},{"name":"E-STIM 1\/>NOT WND CARE PART TX PLAN","billing_code_type":"HCPCS","billing_code_type_version":"HCPCS LEVEL II 2021","billing_code":"G0283","description":"E-STIM 1\/>NOT WND CARE PART TX PLAN","allowed_amounts":[{"tin":{"type":"ein","value":"272117230"},"service_code":["11"],"billing_class":"professional","setting":"outpatient","payments":[{"allowed_amount":11.68,"providers":[{"billed_charge":40.00,"npi":[1194815241]}]}]}]},{"name":"ECG ROUTINE ECG W\/LEAST 12 LDS I&R ONLY","billing_code_type":"CPT","billing_code_type_version":"2020","billing_code":"93010","description":"ECG ROUTINE ECG W\/LEAST 12 LDS I&R ONLY","allowed_amounts":[{"tin":{"type":"ein","value":"391446631"},"service_code":["23"],"billing_class":"professional","setting":"outpatient","payments":[{"allowed_amount":27.93,"providers":[{"billed_charge":94.00,"npi":[1265468656,1588646095]}]}]},{"tin":{"type":"ein","value":"932609966"},"service_code":["23"],"billing_class":"professional","setting":"outpatient","payments":[{"allowed_amount":32.62,"providers":[{"billed_charge":141.34,"npi":[1326829326,1558345934,1811778830]}]}]}]},{"name":"EKG\/ECG","billing_code_type":"RC","billing_code_type_version":"UB04","billing_code":"0730","description":"EKG\/ECG","allowed_amounts":[{"tin":{"type":"ein","value":"873167283"},"billing_class":"institutional","setting":"inpatient","payments":[{"allowed_amount":181.64,"providers":[{"billed_charge":604.00,"npi":[1326829326,1558345934]}]}]}]},{"name":"EMERGENCY DEPARTMENT VISIT HIGH MDM","billing_code_type":"CPT","billing_code_type_version":"2020","billing_code":"99285","description":"EMERGENCY DEPARTMENT VISIT HIGH MDM","allowed_amounts":[{"tin":{"type":"ein","value":"391446631"},"service_code":["23"],"billing_class":"professional","setting":"outpatient","payments":[{"allowed_amount":198.95,"providers":[{"billed_charge":1609.00,"npi":[1306208921,1588646095]}]}]},{"tin":{"type":"ein","value":"391446631"},"service_code":["23"],"billing_class":"professional","setting":"outpatient","payments":[{"allowed_amount":576.97,"providers":[{"billed_charge":1609.00,"npi":[1265468656,1588646095]}]}]}]},{"name":"EMERGENCY DEPARTMENT VISIT MODERATE MDM","billing_code_type":"CPT","billing_code_type_version":"2020","billing_code":"99284","description":"EMERGENCY DEPARTMENT VISIT MODERATE MDM","allowed_amounts":[{"tin":{"type":"ein","value":"932609966"},"service_code":["23"],"billing_class":"professional","setting":"outpatient","payments":[{"allowed_amount":410.80,"providers":[{"billed_charge":2461.65,"npi":[1144283110,1326829326,1558345934,1811778830,1902064702]}]}]}]},{"name":"EMERGENCY ROOM","billing_code_type":"RC","billing_code_type_version":"UB04","billing_code":"0450","description":"EMERGENCY ROOM","allowed_amounts":[{"tin":{"type":"ein","value":"873167283"},"billing_class":"institutional","setting":"inpatient","payments":[{"allowed_amount":332.33,"providers":[{"billed_charge":2872.68,"npi":[1144283110,1326829326,1902064702]},{"billed_charge":4594.21,"npi":[1003256686,1326829326,1356577738,1558345934]}]},{"allowed_amount":332.33,"providers":[{"billed_charge":2872.68,"npi":[1144283110,1326829326,1902064702]},{"billed_charge":4594.21,"npi":[1003256686,1326829326,1356577738,1558345934]}]}]},{"tin":{"type":"ein","value":"873167283"},"billing_class":"institutional","setting":"inpatient","payments":[{"allowed_amount":332.33,"providers":[{"billed_charge":2872.68,"npi":[1144283110,1326829326,1902064702]},{"billed_charge":4594.21,"npi":[1003256686,1326829326,1356577738,1558345934]}]},{"allowed_amount":332.33,"providers":[{"billed_charge":2872.68,"npi":[1144283110,1326829326,1902064702]},{"billed_charge":4594.21,"npi":[1003256686,1326829326,1356577738,1558345934]}]}]},{"tin":{"type":"ein","value":"873167283"},"billing_class":"institutional","setting":"inpatient","payments":[{"allowed_amount":620.94,"providers":[{"billed_charge":2872.68,"npi":[1003256686,1326829326]}]}]}]},{"name":"EXC FRENUM LABIAL\/BUCCAL","billing_code_type":"CPT","billing_code_type_version":"2020","billing_code":"40819","description":"EXC FRENUM LABIAL\/BUCCAL","allowed_amounts":[{"tin":{"type":"ein","value":"391142374"},"service_code":["11"],"billing_class":"professional","setting":"outpatient","payments":[{"allowed_amount":259.09,"providers":[{"billed_charge":725.00,"npi":[1235683830]}]}]}]},{"name":"EXTERNAL ECG REC>7D<15D SCANNING ALYS W\/REPORT","billing_code_type":"CPT","billing_code_type_version":"2020","billing_code":"93247","description":"EXTERNAL ECG REC>7D<15D SCANNING ALYS W\/REPORT","allowed_amounts":[{"tin":{"type":"ein","value":"208149544"},"service_code":["11"],"billing_class":"professional","setting":"outpatient","payments":[{"allowed_amount":208.25,"providers":[{"billed_charge":595.00,"npi":[1710130539,1881743490]}]}]}]},{"name":"FOOT INSERT REMV FORMED PT FT EA","billing_code_type":"HCPCS","billing_code_type_version":"HCPCS LEVEL II 2021","billing_code":"L3030","description":"FOOT INSERT REMV FORMED PT FT EA","allowed_amounts":[{"tin":{"type":"ein","value":"391326366"},"service_code":["12"],"billing_class":"professional","setting":"outpatient","payments":[{"allowed_amount":85.49,"providers":[{"billed_charge":147.17,"npi":[1073563417,1699751479]}]}]}]},{"name":"GROUND MILEAGE","billing_code_type":"HCPCS","billing_code_type_version":"HCPCS LEVEL II 2021","billing_code":"A0425","description":"GROUND MILEAGE","allowed_amounts":[{"tin":{"type":"ein","value":"141597784"},"service_code":["41"],"billing_class":"professional","setting":"outpatient","payments":[{"allowed_amount":480.00,"providers":[{"billed_charge":480.00,"npi":[1770562910]}]}]},{"tin":{"type":"ein","value":"161025659"},"service_code":["41"],"billing_class":"professional","setting":"outpatient","payments":[{"allowed_amount":630.00,"providers":[{"billed_charge":630.00,"npi":[1831285410]}]}]},{"tin":{"type":"ein","value":"161025659"},"service_code":["41"],"billing_class":"professional","setting":"outpatient","payments":[{"allowed_amount":714.00,"providers":[{"billed_charge":714.00,"npi":[1831285410]}]}]},{"tin":{"type":"ein","value":"237049462"},"service_code":["41"],"billing_class":"professional","setting":"outpatient","payments":[{"allowed_amount":0.00,"providers":[{"billed_charge":180.00,"npi":[1588693279]}]}]}]},{"name":"HEREDITARY BRST CA-RLATD DO GEN SEQ ALYS 5+ GEN","billing_code_type":"CPT","billing_code_type_version":"2020","billing_code":"81432","description":"HEREDITARY BRST CA-RLATD DO GEN SEQ ALYS 5+ GEN","allowed_amounts":[{"tin":{"type":"ein","value":"474903308"},"service_code":["81"],"billing_class":"professional","setting":"outpatient","payments":[{"allowed_amount":335.33,"providers":[{"billed_charge":2500.00,"npi":[1518506435,1861568784,1972272276]}]}]}]},{"name":"HUMDIFIR HEAT USED W\/POS ARWAY PRSS","billing_code_type":"HCPCS","billing_code_type_version":"HCPCS LEVEL II 2021","billing_code":"E0562","description":"HUMDIFIR HEAT USED W\/POS ARWAY PRSS","allowed_amounts":[{"tin":{"type":"ein","value":"232209439"},"service_code":["12"],"billing_class":"professional","setting":"outpatient","payments":[{"allowed_amount":16.54,"providers":[{"billed_charge":35.00,"npi":[1548397177,1689423857]}]}]}]},{"name":"IADNA CANDIDA SPECIES AMPLIFIED PROBE TQ","billing_code_type":"CPT","billing_code_type_version":"2020","billing_code":"87481","description":"IADNA CANDIDA SPECIES AMPLIFIED PROBE TQ","allowed_amounts":[{"tin":{"type":"ein","value":"334777680"},"service_code":["81"],"billing_class":"professional","setting":"outpatient","payments":[{"allowed_amount":75.48,"providers":[{"billed_charge":210.55,"npi":[1558150078,1780675603]}]}]}]},{"name":"IADNA HERPES SOMPLX VIRUS AMPLIFIED PROBE TQ","billing_code_type":"CPT","billing_code_type_version":"2020","billing_code":"87529","description":"IADNA HERPES SOMPLX VIRUS AMPLIFIED PROBE TQ","allowed_amounts":[{"tin":{"type":"ein","value":"334777680"},"service_code":["81"],"billing_class":"professional","setting":"outpatient","payments":[{"allowed_amount":30.19,"providers":[{"billed_charge":84.22,"npi":[1558150078,1780675603]}]}]}]},{"name":"IADNA HUMAN PAPILLOMAVIRUS TYPES 16 & 18 ONLY","billing_code_type":"CPT","billing_code_type_version":"2020","billing_code":"87625","description":"IADNA HUMAN PAPILLOMAVIRUS TYPES 16 & 18 ONLY","allowed_amounts":[{"tin":{"type":"ein","value":"334777680"},"service_code":["81"],"billing_class":"professional","setting":"outpatient","payments":[{"allowed_amount":17.44,"providers":[{"billed_charge":48.66,"npi":[1558150078,1780675603]}]}]}]},{"name":"IADNA MYCOBACTERIA TUBERCULOSIS AMP PRB","billing_code_type":"CPT","billing_code_type_version":"2020","billing_code":"87556","description":"IADNA MYCOBACTERIA TUBERCULOSIS AMP PRB","allowed_amounts":[{"tin":{"type":"ein","value":"334777680"},"service_code":["81"],"billing_class":"professional","setting":"outpatient","payments":[{"allowed_amount":15.09,"providers":[{"billed_charge":42.11,"npi":[1558150078,1780675603]}]}]}]},{"name":"IADNA MYCOPLASMA GENITALIUM AMPLIFIED PROBE TECH","billing_code_type":"CPT","billing_code_type_version":"2020","billing_code":"87563","description":"IADNA MYCOPLASMA GENITALIUM AMPLIFIED PROBE TECH","allowed_amounts":[{"tin":{"type":"ein","value":"334777680"},"service_code":["81"],"billing_class":"professional","setting":"outpatient","payments":[{"allowed_amount":15.09,"providers":[{"billed_charge":42.11,"npi":[1558150078,1780675603]}]}]}]},{"name":"IADNA NEISSERIA GONORRHOEAE AMPLIFIED PROBE TQ","billing_code_type":"CPT","billing_code_type_version":"2020","billing_code":"87591","description":"IADNA NEISSERIA GONORRHOEAE AMPLIFIED PROBE TQ","allowed_amounts":[{"tin":{"type":"ein","value":"334777680"},"service_code":["81"],"billing_class":"professional","setting":"outpatient","payments":[{"allowed_amount":15.09,"providers":[{"billed_charge":42.11,"npi":[1558150078,1780675603]}]}]}]},{"name":"IADNA S AUREUS METHICILLIN RESIST AMP PROBE TQ","billing_code_type":"CPT","billing_code_type_version":"2020","billing_code":"87641","description":"IADNA S AUREUS METHICILLIN RESIST AMP PROBE TQ","allowed_amounts":[{"tin":{"type":"ein","value":"334777680"},"service_code":["81"],"billing_class":"professional","setting":"outpatient","payments":[{"allowed_amount":15.09,"providers":[{"billed_charge":42.11,"npi":[1558150078,1780675603]}]}]}]},{"name":"IADNA STREPTOCOCCUS GROUP A AMPLIFIED PROBE TQ","billing_code_type":"CPT","billing_code_type_version":"2020","billing_code":"87651","description":"IADNA STREPTOCOCCUS GROUP A AMPLIFIED PROBE TQ","allowed_amounts":[{"tin":{"type":"ein","value":"334777680"},"service_code":["81"],"billing_class":"professional","setting":"outpatient","payments":[{"allowed_amount":15.09,"providers":[{"billed_charge":42.11,"npi":[1558150078,1780675603]}]}]}]},{"name":"IADNA STREPTOCOCCUS GROUP B AMPLIFIED PROBE TQ","billing_code_type":"CPT","billing_code_type_version":"2020","billing_code":"87653","description":"IADNA STREPTOCOCCUS GROUP B AMPLIFIED PROBE TQ","allowed_amounts":[{"tin":{"type":"ein","value":"334777680"},"service_code":["81"],"billing_class":"professional","setting":"outpatient","payments":[{"allowed_amount":15.09,"providers":[{"billed_charge":42.11,"npi":[1558150078,1780675603]}]}]}]},{"name":"INF AGENT DET NUCLEIC ACID CLOSTRIDIUM AMP PROBE","billing_code_type":"CPT","billing_code_type_version":"2020","billing_code":"87493","description":"INF AGENT DET NUCLEIC ACID CLOSTRIDIUM AMP PROBE","allowed_amounts":[{"tin":{"type":"ein","value":"334777680"},"service_code":["81"],"billing_class":"professional","setting":"outpatient","payments":[{"allowed_amount":15.09,"providers":[{"billed_charge":42.11,"npi":[1558150078,1780675603]}]}]}]},{"name":"INFECTIOUS AGENT DNA\/RNA VANCOMYCIN RESISTANCE","billing_code_type":"CPT","billing_code_type_version":"2020","billing_code":"87500","description":"INFECTIOUS AGENT DNA\/RNA VANCOMYCIN RESISTANCE","allowed_amounts":[{"tin":{"type":"ein","value":"334777680"},"service_code":["81"],"billing_class":"professional","setting":"outpatient","payments":[{"allowed_amount":15.09,"providers":[{"billed_charge":42.11,"npi":[1558150078,1780675603]}]}]}]},{"name":"IV THERAPY","billing_code_type":"RC","billing_code_type_version":"UB04","billing_code":"0260","description":"IV THERAPY","allowed_amounts":[{"tin":{"type":"ein","value":"873167283"},"billing_class":"institutional","setting":"inpatient","payments":[{"allowed_amount":100.16,"providers":[{"billed_charge":334.14,"npi":[1003256686,1326829326]}]}]},{"tin":{"type":"ein","value":"873167283"},"billing_class":"institutional","setting":"inpatient","payments":[{"allowed_amount":106.04,"providers":[{"billed_charge":328.10,"npi":[1326829326,1356577738]}]}]},{"tin":{"type":"ein","value":"873167283"},"billing_class":"institutional","setting":"inpatient","payments":[{"allowed_amount":508.98,"providers":[{"billed_charge":557.00,"npi":[1003256686,1326829326,1558345934]}]}]}]},{"name":"IV THERAPY: OTHER IV THERAPY","billing_code_type":"RC","billing_code_type_version":"UB04","billing_code":"0269","description":"IV THERAPY: OTHER IV THERAPY","allowed_amounts":[{"tin":{"type":"ein","value":"873167283"},"billing_class":"institutional","setting":"inpatient","payments":[{"allowed_amount":227.14,"providers":[{"billed_charge":615.22,"npi":[1003256686,1326829326,1558345934]}]}]}]},{"name":"LABORATORY - CLINICAL DIAGNOSTIC","billing_code_type":"RC","billing_code_type_version":"UB04","billing_code":"0300","description":"LABORATORY - CLINICAL DIAGNOSTIC","allowed_amounts":[{"tin":{"type":"ein","value":"873167283"},"billing_class":"institutional","setting":"inpatient","payments":[{"allowed_amount":26.70,"providers":[{"billed_charge":143.36,"npi":[1326829326,1356577738]}]}]},{"tin":{"type":"ein","value":"873167283"},"billing_class":"institutional","setting":"inpatient","payments":[{"allowed_amount":43.66,"providers":[{"billed_charge":397.79,"npi":[1326829326,1558345934]}]}]},{"tin":{"type":"ein","value":"873167283"},"billing_class":"institutional","setting":"inpatient","payments":[{"allowed_amount":46.28,"providers":[{"billed_charge":823.85,"npi":[1326829326,1558345934]}]}]}]},{"name":"LABORATORY - CLINICAL DIAGNOSTIC: HEMATOLOGY","billing_code_type":"RC","billing_code_type_version":"UB04","billing_code":"0305","description":"LABORATORY - CLINICAL DIAGNOSTIC: HEMATOLOGY","allowed_amounts":[{"tin":{"type":"ein","value":"873167283"},"billing_class":"institutional","setting":"inpatient","payments":[{"allowed_amount":27.82,"providers":[{"billed_charge":224.53,"npi":[1326829326,1558345934]}]}]}]},{"name":"LABORATORY - CLINICAL DIAGNOSTIC: UROLOGY","billing_code_type":"RC","billing_code_type_version":"UB04","billing_code":"0307","description":"LABORATORY - CLINICAL DIAGNOSTIC: UROLOGY","allowed_amounts":[{"tin":{"type":"ein","value":"873167283"},"billing_class":"institutional","setting":"inpatient","payments":[{"allowed_amount":9.98,"providers":[{"billed_charge":194.47,"npi":[1326829326,1356577738]}]}]}]},{"name":"LIMITED ORAL EVALUATION - PROBLEM FOCUSED","billing_code_type":"HCPCS","billing_code_type_version":"HCPCS LEVEL II 2021","billing_code":"D0140","description":"LIMITED ORAL EVALUATION - PROBLEM FOCUSED","allowed_amounts":[{"tin":{"type":"ein","value":"990732882"},"service_code":["11"],"billing_class":"professional","setting":"outpatient","payments":[{"allowed_amount":24.60,"providers":[{"billed_charge":97.00,"npi":[1184016933,1609634351]}]}]}]},{"name":"M\/PHMTRC ALYS TUMOR IMHCHEM EA ANTIBODY MANUAL","billing_code_type":"CPT","billing_code_type_version":"2020","billing_code":"88360","description":"M\/PHMTRC ALYS TUMOR IMHCHEM EA ANTIBODY MANUAL","allowed_amounts":[{"tin":{"type":"ein","value":"743126687"},"service_code":["81"],"billing_class":"professional","setting":"outpatient","payments":[{"allowed_amount":232.92,"providers":[{"billed_charge":759.40,"npi":[1013973866,1811937451]}]}]}]},{"name":"MAGNETIC RESONANCE TECH. (MRT): SPINAL CORD (INCL.","billing_code_type":"RC","billing_code_type_version":"UB04","billing_code":"0612","description":"MAGNETIC RESONANCE TECH. (MRT): SPINAL CORD (INCL.","allowed_amounts":[{"tin":{"type":"ein","value":"873167283"},"billing_class":"institutional","setting":"inpatient","payments":[{"allowed_amount":1082.83,"providers":[{"billed_charge":5401.68,"npi":[1003256686,1326829326,1356577738]}]}]}]},{"name":"MEDICAL NUTRITION ASSMT&IVNTJ INDIV EACH 15 MI","billing_code_type":"CPT","billing_code_type_version":"2020","billing_code":"97802","description":"MEDICAL NUTRITION ASSMT&IVNTJ INDIV EACH 15 MI","allowed_amounts":[{"tin":{"type":"ein","value":"812349627"},"service_code":["21"],"billing_class":"professional","setting":"inpatient","payments":[{"allowed_amount":0.00,"providers":[{"billed_charge":176.40,"npi":[1194748368,1326126392,1780036228]}]}]}]},{"name":"MICRODISSECTION PREP IDENTIFIED TARGET MANUAL","billing_code_type":"CPT","billing_code_type_version":"2020","billing_code":"88381","description":"MICRODISSECTION PREP IDENTIFIED TARGET MANUAL","allowed_amounts":[{"tin":{"type":"ein","value":"743126687"},"service_code":["81"],"billing_class":"professional","setting":"outpatient","payments":[{"allowed_amount":33.00,"providers":[{"billed_charge":107.55,"npi":[1013973866,1811937451]}]}]}]},{"name":"NEUROMUSC STIM ELEC SHOCK UNIT","billing_code_type":"HCPCS","billing_code_type_version":"HCPCS LEVEL II 2021","billing_code":"E0745","description":"NEUROMUSC STIM ELEC SHOCK UNIT","allowed_amounts":[{"tin":{"type":"ein","value":"841451963"},"service_code":["12"],"billing_class":"professional","setting":"outpatient","payments":[{"allowed_amount":53.42,"providers":[{"billed_charge":449.00,"npi":[1467867754,1770511552]}]}]}]},{"name":"OFFICE\/OUTPATIENT ESTABLISHED HIGH MDM 40 MIN","billing_code_type":"CPT","billing_code_type_version":"2020","billing_code":"99215","description":"OFFICE\/OUTPATIENT ESTABLISHED HIGH MDM 40 MIN","allowed_amounts":[{"tin":{"type":"ein","value":"822961275"},"service_code":["11"],"billing_class":"professional","setting":"outpatient","payments":[{"allowed_amount":171.38,"providers":[{"billed_charge":560.00,"npi":[1790829943]}]}]}]},{"name":"OFFICE\/OUTPATIENT ESTABLISHED LOW MDM 20 MIN","billing_code_type":"CPT","billing_code_type_version":"2020","billing_code":"99213","description":"OFFICE\/OUTPATIENT ESTABLISHED LOW MDM 20 MIN","allowed_amounts":[{"tin":{"type":"ein","value":"274115874"},"service_code":["11"],"billing_class":"professional","setting":"outpatient","payments":[{"allowed_amount":0.00,"providers":[{"billed_charge":90.00,"npi":[1366745150,1639472772]}]}]},{"tin":{"type":"ein","value":"274115874"},"service_code":["11"],"billing_class":"professional","setting":"outpatient","payments":[{"allowed_amount":38.25,"providers":[{"billed_charge":90.00,"npi":[1366745150,1639472772]}]}]},{"tin":{"type":"ein","value":"274115874"},"service_code":["11"],"billing_class":"professional","setting":"outpatient","payments":[{"allowed_amount":38.99,"providers":[{"billed_charge":90.00,"npi":[1366745150,1639472772]}]}]},{"tin":{"type":"ein","value":"274115874"},"service_code":["11"],"billing_class":"professional","setting":"outpatient","payments":[{"allowed_amount":39.59,"providers":[{"billed_charge":90.00,"npi":[1366745150,1639472772]}]}]},{"tin":{"type":"ein","value":"391839349"},"service_code":["11"],"billing_class":"professional","setting":"outpatient","payments":[{"allowed_amount":86.32,"providers":[{"billed_charge":178.25,"npi":[1285613638,1306869276,1831675180]}]}]},{"tin":{"type":"ein","value":"811472841"},"service_code":["02"],"billing_class":"professional","setting":"outpatient","payments":[{"allowed_amount":77.69,"providers":[{"billed_charge":150.00,"npi":[1073662938,1427410992]}]}]},{"tin":{"type":"ein","value":"884130468"},"service_code":["11"],"billing_class":"professional","setting":"outpatient","payments":[{"allowed_amount":66.09,"providers":[{"billed_charge":100.00,"npi":[1356056543,1477267151]}]}]}]},{"name":"OFFICE\/OUTPATIENT ESTABLISHED MOD MDM 30 MIN","billing_code_type":"CPT","billing_code_type_version":"2020","billing_code":"99214","description":"OFFICE\/OUTPATIENT ESTABLISHED MOD MDM 30 MIN","allowed_amounts":[{"tin":{"type":"ein","value":"852166579"},"service_code":["11"],"billing_class":"professional","setting":"outpatient","payments":[{"allowed_amount":308.00,"providers":[{"billed_charge":450.00,"npi":[1174688493,1427661529]}]}]}]},{"name":"OFFICE\/OUTPATIENT NEW LOW MDM 30 MINUTES","billing_code_type":"CPT","billing_code_type_version":"2020","billing_code":"99203","description":"OFFICE\/OUTPATIENT NEW LOW MDM 30 MINUTES","allowed_amounts":[{"tin":{"type":"ein","value":"934860749"},"service_code":["11"],"billing_class":"professional","setting":"outpatient","payments":[{"allowed_amount":0.00,"providers":[{"billed_charge":99.00,"npi":[1417652025,1669240073]}]}]}]},{"name":"ORTHOPANTOGRAM","billing_code_type":"CPT","billing_code_type_version":"2020","billing_code":"70355","description":"ORTHOPANTOGRAM","allowed_amounts":[{"tin":{"type":"ein","value":"990732882"},"service_code":["11"],"billing_class":"professional","setting":"outpatient","payments":[{"allowed_amount":17.29,"providers":[{"billed_charge":145.00,"npi":[1184016933,1609634351]}]}]}]},{"name":"PHARMACY","billing_code_type":"RC","billing_code_type_version":"UB04","billing_code":"0250","description":"PHARMACY","allowed_amounts":[{"tin":{"type":"ein","value":"873167283"},"billing_class":"institutional","setting":"inpatient","payments":[{"allowed_amount":2.06,"providers":[{"billed_charge":3.30,"npi":[1326829326,1356577738]}]}]},{"tin":{"type":"ein","value":"873167283"},"billing_class":"institutional","setting":"inpatient","payments":[{"allowed_amount":3.03,"providers":[{"billed_charge":4.86,"npi":[1326829326,1356577738]}]}]},{"tin":{"type":"ein","value":"873167283"},"billing_class":"institutional","setting":"inpatient","payments":[{"allowed_amount":4.05,"providers":[{"billed_charge":6.49,"npi":[1144283110,1326829326,1902064702]}]}]},{"tin":{"type":"ein","value":"873167283"},"billing_class":"institutional","setting":"inpatient","payments":[{"allowed_amount":4.55,"providers":[{"billed_charge":7.29,"npi":[1003256686,1326829326]}]}]},{"tin":{"type":"ein","value":"873167283"},"billing_class":"institutional","setting":"inpatient","payments":[{"allowed_amount":28.03,"providers":[{"billed_charge":66.93,"npi":[1003256686,1326829326]}]}]}]},{"name":"PHYSICAL THERAPY EVALUATION MOD COMPLEX 30 MINS","billing_code_type":"CPT","billing_code_type_version":"2020","billing_code":"97162","description":"PHYSICAL THERAPY EVALUATION MOD COMPLEX 30 MINS","allowed_amounts":[{"tin":{"type":"ein","value":"920324540"},"service_code":["11"],"billing_class":"professional","setting":"outpatient","payments":[{"allowed_amount":67.00,"providers":[{"billed_charge":150.00,"npi":[1568000289]}]}]}]},{"name":"PSYCHOTHERAPY W\/PATIENT W\/E&M SRVCS 45 MIN","billing_code_type":"CPT","billing_code_type_version":"2020","billing_code":"90836","description":"PSYCHOTHERAPY W\/PATIENT W\/E&M SRVCS 45 MIN","allowed_amounts":[{"tin":{"type":"ein","value":"811472841"},"service_code":["02"],"billing_class":"professional","setting":"outpatient","payments":[{"allowed_amount":105.68,"providers":[{"billed_charge":200.00,"npi":[1073662938,1427410992]}]}]}]},{"name":"RADEX SPINE CERVICAL 2 OR 3 VIEWS","billing_code_type":"CPT","billing_code_type_version":"2020","billing_code":"72040","description":"RADEX SPINE CERVICAL 2 OR 3 VIEWS","allowed_amounts":[{"tin":{"type":"ein","value":"934860749"},"service_code":["11"],"billing_class":"professional","setting":"outpatient","payments":[{"allowed_amount":38.25,"providers":[{"billed_charge":75.00,"npi":[1417652025,1669240073]}]}]}]},{"name":"RADEX SPINE LUMBOSACRAL 2\/3 VIEWS","billing_code_type":"CPT","billing_code_type_version":"2020","billing_code":"72100","description":"RADEX SPINE LUMBOSACRAL 2\/3 VIEWS","allowed_amounts":[{"tin":{"type":"ein","value":"934860749"},"service_code":["11"],"billing_class":"professional","setting":"outpatient","payments":[{"allowed_amount":38.57,"providers":[{"billed_charge":75.00,"npi":[1417652025,1669240073]}]}]}]},{"name":"RADIOLOGY - DIAGNOSTIC","billing_code_type":"RC","billing_code_type_version":"UB04","billing_code":"0320","description":"RADIOLOGY - DIAGNOSTIC","allowed_amounts":[{"tin":{"type":"ein","value":"873167283"},"billing_class":"institutional","setting":"inpatient","payments":[{"allowed_amount":136.75,"providers":[{"billed_charge":1345.00,"npi":[1326829326,1356577738]}]}]}]},{"name":"REM INTERROG SCRMS <30 D PHYS\/QHP","billing_code_type":"CPT","billing_code_type_version":"2020","billing_code":"93298","description":"REM INTERROG SCRMS <30 D PHYS\/QHP","allowed_amounts":[{"tin":{"type":"ein","value":"475404897"},"service_code":["11"],"billing_class":"professional","setting":"outpatient","payments":[{"allowed_amount":93.15,"providers":[{"billed_charge":405.00,"npi":[1548632771,1962499525]}]}]}]},{"name":"REMOVAL OF IMPACTED TOOTH - COMPLETELY BONY","billing_code_type":"HCPCS","billing_code_type_version":"HCPCS LEVEL II 2021","billing_code":"D7240","description":"REMOVAL OF IMPACTED TOOTH - COMPLETELY BONY","allowed_amounts":[{"tin":{"type":"ein","value":"990732882"},"service_code":["11"],"billing_class":"professional","setting":"outpatient","payments":[{"allowed_amount":196.15,"providers":[{"billed_charge":661.00,"npi":[1396001483,1609634351]}]}]}]},{"name":"REMOVAL OF IMPACTED TOOTH - PARTIALLY BONY","billing_code_type":"HCPCS","billing_code_type_version":"HCPCS LEVEL II 2021","billing_code":"D7230","description":"REMOVAL OF IMPACTED TOOTH - PARTIALLY BONY","allowed_amounts":[{"tin":{"type":"ein","value":"990732882"},"service_code":["11"],"billing_class":"professional","setting":"outpatient","payments":[{"allowed_amount":164.01,"providers":[{"billed_charge":580.00,"npi":[1184016933,1396001483,1609634351]}]}]}]},{"name":"SBSQ HOSPITAL IP\/OBS CARE HIGH MDM 50 MINUTES","billing_code_type":"CPT","billing_code_type_version":"2020","billing_code":"99233","description":"SBSQ HOSPITAL IP\/OBS CARE HIGH MDM 50 MINUTES","allowed_amounts":[{"tin":{"type":"ein","value":"812349627"},"service_code":["21"],"billing_class":"professional","setting":"inpatient","payments":[{"allowed_amount":98.51,"providers":[{"billed_charge":651.00,"npi":[1194748368,1326126392,1780036228]}]}]}]},{"name":"SBSQ HOSPITAL IP\/OBS CARE MOD MDM 35 MINUTES","billing_code_type":"CPT","billing_code_type_version":"2020","billing_code":"99232","description":"SBSQ HOSPITAL IP\/OBS CARE MOD MDM 35 MINUTES","allowed_amounts":[{"tin":{"type":"ein","value":"812349627"},"service_code":["21"],"billing_class":"professional","setting":"inpatient","payments":[{"allowed_amount":68.67,"providers":[{"billed_charge":480.20,"npi":[1194748368,1326126392,1780036228]}]}]}]},{"name":"TENS DEVICE 4\/> LEADS MX NERVE STIM","billing_code_type":"HCPCS","billing_code_type_version":"HCPCS LEVEL II 2021","billing_code":"E0730","description":"TENS DEVICE 4\/> LEADS MX NERVE STIM","allowed_amounts":[{"tin":{"type":"ein","value":"841451963"},"service_code":["12"],"billing_class":"professional","setting":"outpatient","payments":[{"allowed_amount":3.71,"providers":[{"billed_charge":369.00,"npi":[1770011256,1770511552]}]}]}]},{"name":"THER PX 1\/> AREAS EACH 15 MIN NEUROMUSC REEDUCA","billing_code_type":"CPT","billing_code_type_version":"2020","billing_code":"97112","description":"THER PX 1\/> AREAS EACH 15 MIN NEUROMUSC REEDUCA","allowed_amounts":[{"tin":{"type":"ein","value":"920324540"},"service_code":["11"],"billing_class":"professional","setting":"outpatient","payments":[{"allowed_amount":0.00,"providers":[{"billed_charge":225.00,"npi":[1568000289]}]}]},{"tin":{"type":"ein","value":"920324540"},"service_code":["11"],"billing_class":"professional","setting":"outpatient","payments":[{"allowed_amount":50.00,"providers":[{"billed_charge":225.00,"npi":[1568000289]}]}]}]},{"name":"THERAPEUTIC PARENTERAL DRUG SINGL ADMINISTRATION","billing_code_type":"HCPCS","billing_code_type_version":"HCPCS LEVEL II 2021","billing_code":"D9610","description":"THERAPEUTIC PARENTERAL DRUG SINGL ADMINISTRATION","allowed_amounts":[{"tin":{"type":"ein","value":"990732882"},"service_code":["11"],"billing_class":"professional","setting":"outpatient","payments":[{"allowed_amount":10.58,"providers":[{"billed_charge":71.00,"npi":[1396001483,1609634351]}]}]}]},{"name":"TRAC EQP CERV FREESTND FRME PNEUMAT","billing_code_type":"HCPCS","billing_code_type_version":"HCPCS LEVEL II 2021","billing_code":"E0849","description":"TRAC EQP CERV FREESTND FRME PNEUMAT","allowed_amounts":[{"tin":{"type":"ein","value":"841451963"},"service_code":["12"],"billing_class":"professional","setting":"outpatient","payments":[{"allowed_amount":356.91,"providers":[{"billed_charge":1995.00,"npi":[1487696571,1770511552]}]}]}]},{"name":"TREATMENT\/OBSERVATION ROOM: OBSERVATION ROOM","billing_code_type":"RC","billing_code_type_version":"UB04","billing_code":"0762","description":"TREATMENT\/OBSERVATION ROOM: OBSERVATION ROOM","allowed_amounts":[{"tin":{"type":"ein","value":"873167283"},"billing_class":"institutional","setting":"inpatient","payments":[{"allowed_amount":539.23,"providers":[{"billed_charge":17106.25,"npi":[1003256686,1326829326]}]}]}]},{"name":"TX PARENTERAL DRUGS 2\/> ADMINISTRATIONS DIFF MED","billing_code_type":"HCPCS","billing_code_type_version":"HCPCS LEVEL II 2021","billing_code":"D9612","description":"TX PARENTERAL DRUGS 2\/> ADMINISTRATIONS DIFF MED","allowed_amounts":[{"tin":{"type":"ein","value":"990732882"},"service_code":["11"],"billing_class":"professional","setting":"outpatient","payments":[{"allowed_amount":26.51,"providers":[{"billed_charge":132.00,"npi":[1184016933,1609634351]}]}]}]},{"name":"VISIT CPLX INHERENT E&M ASSOC MCS","billing_code_type":"HCPCS","billing_code_type_version":"HCPCS LEVEL II 2021","billing_code":"G2211","description":"VISIT CPLX INHERENT E&M ASSOC MCS","allowed_amounts":[{"tin":{"type":"ein","value":"391839349"},"service_code":["11"],"billing_class":"professional","setting":"outpatient","payments":[{"allowed_amount":0.00,"providers":[{"billed_charge":58.50,"npi":[1285613638,1306869276,1831675180]}]}]}]}]}
