{"reporting_entity_name": "IEC Group_DBA AmeriBen",
	"reporting_entity_type": "Third Party Administrator",
	"plan_name": "BELGIOIOSO CHEESE INC",
	"plan_id_type": "ein",
	"plan_id": "391324847",
	"plan_market_type": "group",
	"last_updated_on": "2025-04-01","Version": "1.0.0","out_of_network":[{"name":"CHIROPRACTIC MANIPLTV TX EXTRASPINAL 1\/> REGION","billing_code_type":"CPT","billing_code_type_version":"2020","billing_code":"98943","description":"CHIROPRACTIC MANIPLTV TX EXTRASPINAL 1\/> REGION","allowed_amounts":[{"tin":{"type":"ein","value":"262949947"},"service_code":["11"],"billing_class":"professional","payments":[{"allowed_amount":20.54,"billing_code_modifier":[""],"providers":[{"billed_charge":30.00,"npi":[1508990680,1740439108]}]}]},{"tin":{"type":"ein","value":"262949947"},"service_code":["11"],"billing_class":"professional","payments":[{"allowed_amount":20.77,"billing_code_modifier":[""],"providers":[{"billed_charge":30.00,"npi":[1508990680,1740439108]}]}]}]},{"name":"CHIROPRACTIC MANIPULATIVE TX SPINAL 1-2 REGIONS","billing_code_type":"CPT","billing_code_type_version":"2020","billing_code":"98940","description":"CHIROPRACTIC MANIPULATIVE TX SPINAL 1-2 REGIONS","allowed_amounts":[{"tin":{"type":"ein","value":"262949947"},"service_code":["11"],"billing_class":"professional","payments":[{"allowed_amount":22.38,"billing_code_modifier":[""],"providers":[{"billed_charge":45.00,"npi":[1508990680,1740439108]}]}]},{"tin":{"type":"ein","value":"823773357"},"service_code":["11"],"billing_class":"professional","payments":[{"allowed_amount":22.38,"billing_code_modifier":[""],"providers":[{"billed_charge":70.00,"npi":[1083600654,1972788297]}]}]},{"tin":{"type":"ein","value":"831272495"},"service_code":["11"],"billing_class":"professional","payments":[{"allowed_amount":22.38,"billing_code_modifier":[""],"providers":[{"billed_charge":28.12,"npi":[1457904609]},{"billed_charge":28.14,"npi":[1457904609]},{"billed_charge":30.61,"npi":[1457904609]},{"billed_charge":30.63,"npi":[1457904609]}]},{"allowed_amount":22.38,"billing_code_modifier":[""],"providers":[{"billed_charge":28.12,"npi":[1457904609]},{"billed_charge":28.14,"npi":[1457904609]},{"billed_charge":30.61,"npi":[1457904609]},{"billed_charge":30.63,"npi":[1457904609]}]},{"allowed_amount":22.38,"billing_code_modifier":[""],"providers":[{"billed_charge":28.12,"npi":[1457904609]},{"billed_charge":28.14,"npi":[1457904609]},{"billed_charge":30.61,"npi":[1457904609]},{"billed_charge":30.63,"npi":[1457904609]}]},{"allowed_amount":22.38,"billing_code_modifier":[""],"providers":[{"billed_charge":28.12,"npi":[1457904609]},{"billed_charge":28.14,"npi":[1457904609]},{"billed_charge":30.61,"npi":[1457904609]},{"billed_charge":30.63,"npi":[1457904609]}]}]},{"tin":{"type":"ein","value":"831272495"},"service_code":["11"],"billing_class":"professional","payments":[{"allowed_amount":22.38,"billing_code_modifier":[""],"providers":[{"billed_charge":28.12,"npi":[1457904609]},{"billed_charge":28.14,"npi":[1457904609]},{"billed_charge":30.61,"npi":[1457904609]},{"billed_charge":30.63,"npi":[1457904609]}]},{"allowed_amount":22.38,"billing_code_modifier":[""],"providers":[{"billed_charge":28.12,"npi":[1457904609]},{"billed_charge":28.14,"npi":[1457904609]},{"billed_charge":30.61,"npi":[1457904609]},{"billed_charge":30.63,"npi":[1457904609]}]},{"allowed_amount":22.38,"billing_code_modifier":[""],"providers":[{"billed_charge":28.12,"npi":[1457904609]},{"billed_charge":28.14,"npi":[1457904609]},{"billed_charge":30.61,"npi":[1457904609]},{"billed_charge":30.63,"npi":[1457904609]}]},{"allowed_amount":22.38,"billing_code_modifier":[""],"providers":[{"billed_charge":28.12,"npi":[1457904609]},{"billed_charge":28.14,"npi":[1457904609]},{"billed_charge":30.61,"npi":[1457904609]},{"billed_charge":30.63,"npi":[1457904609]}]}]},{"tin":{"type":"ein","value":"831272495"},"service_code":["11"],"billing_class":"professional","payments":[{"allowed_amount":22.38,"billing_code_modifier":[""],"providers":[{"billed_charge":28.12,"npi":[1457904609]},{"billed_charge":28.14,"npi":[1457904609]},{"billed_charge":30.61,"npi":[1457904609]},{"billed_charge":30.63,"npi":[1457904609]}]},{"allowed_amount":22.38,"billing_code_modifier":[""],"providers":[{"billed_charge":28.12,"npi":[1457904609]},{"billed_charge":28.14,"npi":[1457904609]},{"billed_charge":30.61,"npi":[1457904609]},{"billed_charge":30.63,"npi":[1457904609]}]},{"allowed_amount":22.38,"billing_code_modifier":[""],"providers":[{"billed_charge":28.12,"npi":[1457904609]},{"billed_charge":28.14,"npi":[1457904609]},{"billed_charge":30.61,"npi":[1457904609]},{"billed_charge":30.63,"npi":[1457904609]}]},{"allowed_amount":22.38,"billing_code_modifier":[""],"providers":[{"billed_charge":28.12,"npi":[1457904609]},{"billed_charge":28.14,"npi":[1457904609]},{"billed_charge":30.61,"npi":[1457904609]},{"billed_charge":30.63,"npi":[1457904609]}]}]},{"tin":{"type":"ein","value":"831272495"},"service_code":["11"],"billing_class":"professional","payments":[{"allowed_amount":22.38,"billing_code_modifier":[""],"providers":[{"billed_charge":28.12,"npi":[1457904609]},{"billed_charge":28.14,"npi":[1457904609]},{"billed_charge":30.61,"npi":[1457904609]},{"billed_charge":30.63,"npi":[1457904609]}]},{"allowed_amount":22.38,"billing_code_modifier":[""],"providers":[{"billed_charge":28.12,"npi":[1457904609]},{"billed_charge":28.14,"npi":[1457904609]},{"billed_charge":30.61,"npi":[1457904609]},{"billed_charge":30.63,"npi":[1457904609]}]},{"allowed_amount":22.38,"billing_code_modifier":[""],"providers":[{"billed_charge":28.12,"npi":[1457904609]},{"billed_charge":28.14,"npi":[1457904609]},{"billed_charge":30.61,"npi":[1457904609]},{"billed_charge":30.63,"npi":[1457904609]}]},{"allowed_amount":22.38,"billing_code_modifier":[""],"providers":[{"billed_charge":28.12,"npi":[1457904609]},{"billed_charge":28.14,"npi":[1457904609]},{"billed_charge":30.61,"npi":[1457904609]},{"billed_charge":30.63,"npi":[1457904609]}]}]},{"tin":{"type":"ein","value":"845005731"},"service_code":["11"],"billing_class":"professional","payments":[{"allowed_amount":22.38,"billing_code_modifier":[""],"providers":[{"billed_charge":50.00,"npi":[1104453570,1386263374]}]}]}]},{"name":"CHIROPRACTIC MANIPULATIVE TX SPINAL 3-4 REGIONS","billing_code_type":"CPT","billing_code_type_version":"2020","billing_code":"98941","description":"CHIROPRACTIC MANIPULATIVE TX SPINAL 3-4 REGIONS","allowed_amounts":[{"tin":{"type":"ein","value":"262949947"},"service_code":["11"],"billing_class":"professional","payments":[{"allowed_amount":31.08,"billing_code_modifier":[""],"providers":[{"billed_charge":70.00,"npi":[1508990680,1740439108]}]}]},{"tin":{"type":"ein","value":"262949947"},"service_code":["11"],"billing_class":"professional","payments":[{"allowed_amount":32.35,"billing_code_modifier":[""],"providers":[{"billed_charge":70.00,"npi":[1508990680,1740439108]}]}]},{"tin":{"type":"ein","value":"272117230"},"service_code":["11"],"billing_class":"professional","payments":[{"allowed_amount":32.35,"billing_code_modifier":[""],"providers":[{"billed_charge":80.00,"npi":[1194815241]}]}]},{"tin":{"type":"ein","value":"391856574"},"service_code":["11"],"billing_class":"professional","payments":[{"allowed_amount":32.35,"billing_code_modifier":[""],"providers":[{"billed_charge":74.00,"npi":[1437646593,1801965694]}]}]},{"tin":{"type":"ein","value":"823773357"},"service_code":["11"],"billing_class":"professional","payments":[{"allowed_amount":32.35,"billing_code_modifier":[""],"providers":[{"billed_charge":88.00,"npi":[1083600654,1972788297]}]}]},{"tin":{"type":"ein","value":"853354914"},"service_code":["11"],"billing_class":"professional","payments":[{"allowed_amount":32.35,"billing_code_modifier":[""],"providers":[{"billed_charge":45.00,"npi":[1881230688]}]}]}]},{"name":"REM INTERROG SCRMS <30 D PHYS\/QHP","billing_code_type":"CPT","billing_code_type_version":"2020","billing_code":"93298","description":"REM INTERROG SCRMS <30 D PHYS\/QHP","allowed_amounts":[{"tin":{"type":"ein","value":"475404897"},"service_code":["11"],"billing_class":"professional","payments":[{"allowed_amount":93.15,"billing_code_modifier":[""],"providers":[{"billed_charge":405.00,"npi":[1548632771,1962499525]}]}]}]}]}
