{"reporting_entity_name": "IEC Group_DBA AmeriBen",
	"reporting_entity_type": "Third Party Administrator",
	"plan_name": "ELKO COUNTY SCHOOL DISTRICT",
	"plan_id_type": "ein",
	"plan_id": "886000985",
	"plan_market_type": "group",
	"last_updated_on": "2024-10-01","Version": "1.0.0","out_of_network":[{"name":"CCPD OPD\/HOME: CCPD COMP OR OTHER RATE","billing_code_type":"RC","billing_code_type_version":"UB04","billing_code":"0851","description":"CCPD OPD\/HOME: CCPD COMP OR OTHER RATE","allowed_amounts":[{"tin":{"type":"ein","value":"953372911"},"service_code":["65"],"billing_class":"institutional","payments":[{"allowed_amount":360.22,"billing_code_modifier":[""],"providers":[{"billed_charge":3543.00,"npi":[1750046686,1942260229]},{"billed_charge":8408.00,"npi":[1750046686,1942260229]}]},{"allowed_amount":360.22,"billing_code_modifier":[""],"providers":[{"billed_charge":3543.00,"npi":[1750046686,1942260229]},{"billed_charge":8408.00,"npi":[1750046686,1942260229]}]}]},{"tin":{"type":"ein","value":"953372911"},"service_code":["65"],"billing_class":"institutional","payments":[{"allowed_amount":360.22,"billing_code_modifier":[""],"providers":[{"billed_charge":3543.00,"npi":[1750046686,1942260229]},{"billed_charge":8408.00,"npi":[1750046686,1942260229]}]},{"allowed_amount":360.22,"billing_code_modifier":[""],"providers":[{"billed_charge":3543.00,"npi":[1750046686,1942260229]},{"billed_charge":8408.00,"npi":[1750046686,1942260229]}]}]}]}]}
