{"reporting_entity_name": "IEC Group_DBA AmeriBen",
	"reporting_entity_type": "Third Party Administrator",
	"plan_name": "URSCHEL LABORATORIES INC",
	"plan_id_type": "ein",
	"plan_id": "350726105",
	"plan_market_type": "group",
	"last_updated_on": "2025-03-03","Version": "1.0.0","out_of_network":[{"name":"EMERGENCY DEPARTMENT VISIT MODERATE MDM","billing_code_type":"CPT","billing_code_type_version":"2020","billing_code":"99284","description":"EMERGENCY DEPARTMENT VISIT MODERATE MDM","allowed_amounts":[{"tin":{"type":"ein","value":"200323858"},"service_code":["23"],"billing_class":"professional","payments":[{"allowed_amount":174.23,"billing_code_modifier":[""],"providers":[{"billed_charge":737.00,"npi":[1013951219,1104877828,1205965787,1215151154,1225130867,1487049466,1679948319,1689838815,1710272976,1750746285,1760793434,1932542263,1962778332]}]}]}]},{"name":"MANUAL THERAPY TQS 1\/> REGIONS EACH 15 MINUTES","billing_code_type":"CPT","billing_code_type_version":"2020","billing_code":"97140","description":"MANUAL THERAPY TQS 1\/> REGIONS EACH 15 MINUTES","allowed_amounts":[{"tin":{"type":"ein","value":"650088713"},"service_code":["11"],"billing_class":"professional","payments":[{"allowed_amount":13.85,"billing_code_modifier":[""],"providers":[{"billed_charge":120.00,"npi":[1174282438,1437347176]}]}]}]},{"name":"PSYCHIATRIC\/PSYCHOLOGICAL SVCS: PARTIAL HOSP - LES","billing_code_type":"RC","billing_code_type_version":"UB04","billing_code":"0912","description":"PSYCHIATRIC\/PSYCHOLOGICAL SVCS: PARTIAL HOSP - LES","allowed_amounts":[{"tin":{"type":"ein","value":"473422344"},"service_code":["99"],"billing_class":"institutional","payments":[{"allowed_amount":1100.00,"billing_code_modifier":[""],"providers":[{"billed_charge":3995.00,"npi":[1134235484,1295235950]}]}]}]},{"name":"PSYCHIATRIC\/PSYCHOLOGICAL TRT: INTENSIVE OUTPATIEN","billing_code_type":"RC","billing_code_type_version":"UB04","billing_code":"0905","description":"PSYCHIATRIC\/PSYCHOLOGICAL TRT: INTENSIVE OUTPATIEN","allowed_amounts":[{"tin":{"type":"ein","value":"812633276"},"service_code":["22"],"billing_class":"institutional","payments":[{"allowed_amount":400.00,"billing_code_modifier":[""],"providers":[{"billed_charge":3695.00,"npi":[1275318008]}]}]}]}]}
