{"reporting_entity_name": "IEC Group_DBA AmeriBen",
	"reporting_entity_type": "Third Party Administrator",
	"plan_name": "CASELLA WASTE SYSTEMS, INC.",
	"plan_id_type": "ein",
	"plan_id": "030338873",
	"plan_market_type": "group",
	"last_updated_on": "2023-04-03","Version": "1.0.0","out_of_network":[{"name":"IAAD IA SEVERE AQT RESPIR SYND CORONAVIRUS","billing_code_type":"CPT","billing_code_type_version":"2020","billing_code":"87426","description":"IAAD IA SEVERE AQT RESPIR SYND CORONAVIRUS","allowed_amounts":[{"tin":{"type":"ein","value":"852564108"},"service_code":["11"],"billing_class":"professional","payments":[{"allowed_amount":272.00,"billing_code_modifier":[""],"providers":[{"billed_charge":272.00,"npi":[1053901256,1639311509]}]}]}]},{"name":"PSYCHIATRIC\/PSYCHOLOGICAL SVCS: INDIVIDUAL THERAPY","billing_code_type":"RC","billing_code_type_version":"UB04","billing_code":"0914","description":"PSYCHIATRIC\/PSYCHOLOGICAL SVCS: INDIVIDUAL THERAPY","allowed_amounts":[{"tin":{"type":"ein","value":"823985886"},"service_code":["22"],"billing_class":"institutional","payments":[{"allowed_amount":167.58,"billing_code_modifier":[""],"providers":[{"billed_charge":632.00,"npi":[1215582234]}]}]}]},{"name":"PSYCHIATRIC\/PSYCHOLOGICAL SVCS: PARTIAL HOSP - LES","billing_code_type":"RC","billing_code_type_version":"UB04","billing_code":"0912","description":"PSYCHIATRIC\/PSYCHOLOGICAL SVCS: PARTIAL HOSP - LES","allowed_amounts":[{"tin":{"type":"ein","value":"842459147"},"service_code":["22"],"billing_class":"institutional","payments":[{"allowed_amount":1540.00,"billing_code_modifier":[""],"providers":[{"billed_charge":2365.00,"npi":[1508132911,1831739739]}]}]}]},{"name":"PSYCHIATRIC\/PSYCHOLOGICAL TRT: INTENSIVE OUT SERV","billing_code_type":"RC","billing_code_type_version":"UB04","billing_code":"0906","description":"PSYCHIATRIC\/PSYCHOLOGICAL TRT: INTENSIVE OUT SERV","allowed_amounts":[{"tin":{"type":"ein","value":"822867366"},"service_code":["22"],"billing_class":"institutional","payments":[{"allowed_amount":856.38,"billing_code_modifier":[""],"providers":[{"billed_charge":1625.00,"npi":[1215917885,1730673088]}]}]}]},{"name":"RESIDENTIAL TREATMENT-CHEMICAL DEPENDENCY","billing_code_type":"RC","billing_code_type_version":"UB04","billing_code":"1002","description":"RESIDENTIAL TREATMENT-CHEMICAL DEPENDENCY","allowed_amounts":[{"tin":{"type":"ein","value":"472119460"},"service_code":["21"],"billing_class":"institutional","payments":[{"allowed_amount":0.00,"billing_code_modifier":[""],"providers":[{"billed_charge":4944.00,"npi":[1073175279,1740546209]}]}]},{"tin":{"type":"ein","value":"472119460"},"service_code":["21"],"billing_class":"institutional","payments":[{"allowed_amount":3460.80,"billing_code_modifier":[""],"providers":[{"billed_charge":4944.00,"npi":[1073175279,1740546209]}]}]},{"tin":{"type":"ein","value":"823834554"},"service_code":["21"],"billing_class":"institutional","payments":[{"allowed_amount":1500.00,"billing_code_modifier":[""],"providers":[{"billed_charge":3995.00,"npi":[1013069962,1699442475]}]}]},{"tin":{"type":"ein","value":"854172752"},"service_code":["21"],"billing_class":"institutional","payments":[{"allowed_amount":0.00,"billing_code_modifier":[""],"providers":[{"billed_charge":3200.00,"npi":[1164408498,1891386793]}]}]},{"tin":{"type":"ein","value":"880553348"},"service_code":["21"],"billing_class":"institutional","payments":[{"allowed_amount":0.00,"billing_code_modifier":[""],"providers":[{"billed_charge":7200.00,"npi":[1801518956,1881742047]}]}]}]}]}
