{"reporting_entity_name": "IEC Group_DBA AmeriBen",
	"reporting_entity_type": "Third Party Administrator",
	"plan_name": "OLD NATIONAL BANK",
	"plan_id_type": "ein",
	"plan_id": "351539838",
	"plan_market_type": "group",
	"last_updated_on": "2025-06-01","Version": "1.0.0","out_of_network":[{"name":"CCPD OPD\/HOME: CCPD COMP OR OTHER RATE","billing_code_type":"RC","billing_code_type_version":"UB04","billing_code":"0851","description":"CCPD OPD\/HOME: CCPD COMP OR OTHER RATE","allowed_amounts":[{"tin":{"type":"ein","value":"363575844"},"service_code":["65"],"billing_class":"institutional","payments":[{"allowed_amount":187.10,"billing_code_modifier":[""],"providers":[{"billed_charge":4341.00,"npi":[1093715435,1124045869]}]}]},{"tin":{"type":"ein","value":"363575844"},"service_code":["65"],"billing_class":"institutional","payments":[{"allowed_amount":279.42,"billing_code_modifier":[""],"providers":[{"billed_charge":4341.00,"npi":[1093715435,1124045869]}]}]},{"tin":{"type":"ein","value":"363575844"},"service_code":["65"],"billing_class":"institutional","payments":[{"allowed_amount":354.01,"billing_code_modifier":[""],"providers":[{"billed_charge":4341.00,"npi":[1093715435,1124045869]}]}]},{"tin":{"type":"ein","value":"363575844"},"service_code":["65"],"billing_class":"institutional","payments":[{"allowed_amount":367.89,"billing_code_modifier":[""],"providers":[{"billed_charge":4341.00,"npi":[1093715435,1124045869]}]}]}]},{"name":"DRUGS REQUIRE SPECIFIC ID: DRUGS REQUIRING DETAIL","billing_code_type":"RC","billing_code_type_version":"UB04","billing_code":"0636","description":"DRUGS REQUIRE SPECIFIC ID: DRUGS REQUIRING DETAIL","allowed_amounts":[{"tin":{"type":"ein","value":"812592834"},"service_code":["65"],"billing_class":"institutional","payments":[{"allowed_amount":20.20,"billing_code_modifier":[""],"providers":[{"billed_charge":306.00,"npi":[1487974267,1720536295]}]}]}]},{"name":"GROUP PSYCHOTHERAPY","billing_code_type":"CPT","billing_code_type_version":"2020","billing_code":"90853","description":"GROUP PSYCHOTHERAPY","allowed_amounts":[{"tin":{"type":"ein","value":"364574515"},"service_code":["11"],"billing_class":"professional","payments":[{"allowed_amount":31.64,"billing_code_modifier":[""],"providers":[{"billed_charge":65.00,"npi":[1265691919,1518999846]}]}]}]},{"name":"MEDICAL\/SURGICAL SUPPLIES","billing_code_type":"RC","billing_code_type_version":"UB04","billing_code":"0270","description":"MEDICAL\/SURGICAL SUPPLIES","allowed_amounts":[{"tin":{"type":"ein","value":"812592834"},"service_code":["65"],"billing_class":"institutional","payments":[{"allowed_amount":8.98,"billing_code_modifier":[""],"providers":[{"billed_charge":136.05,"npi":[1487974267,1720536295]}]}]}]},{"name":"PHARMACY","billing_code_type":"RC","billing_code_type_version":"UB04","billing_code":"0250","description":"PHARMACY","allowed_amounts":[{"tin":{"type":"ein","value":"232536597"},"service_code":["65"],"billing_class":"institutional","payments":[{"allowed_amount":0.02,"billing_code_modifier":[""],"providers":[{"billed_charge":0.68,"npi":[1326584103,1780684142]}]}]},{"tin":{"type":"ein","value":"232536597"},"service_code":["65"],"billing_class":"institutional","payments":[{"allowed_amount":0.04,"billing_code_modifier":[""],"providers":[{"billed_charge":0.68,"npi":[1326584103,1780684142]}]}]},{"tin":{"type":"ein","value":"232536597"},"service_code":["65"],"billing_class":"institutional","payments":[{"allowed_amount":0.05,"billing_code_modifier":[""],"providers":[{"billed_charge":1.88,"npi":[1326584103,1780684142]}]}]},{"tin":{"type":"ein","value":"232536597"},"service_code":["65"],"billing_class":"institutional","payments":[{"allowed_amount":0.06,"billing_code_modifier":[""],"providers":[{"billed_charge":1.88,"npi":[1326584103,1780684142]}]}]},{"tin":{"type":"ein","value":"812592834"},"service_code":["65"],"billing_class":"institutional","payments":[{"allowed_amount":0.04,"billing_code_modifier":[""],"providers":[{"billed_charge":0.68,"npi":[1487974267,1720536295]}]}]},{"tin":{"type":"ein","value":"812592834"},"service_code":["65"],"billing_class":"institutional","payments":[{"allowed_amount":0.05,"billing_code_modifier":[""],"providers":[{"billed_charge":0.94,"npi":[1487974267,1720536295]}]}]},{"tin":{"type":"ein","value":"812592834"},"service_code":["65"],"billing_class":"institutional","payments":[{"allowed_amount":0.06,"billing_code_modifier":[""],"providers":[{"billed_charge":0.94,"npi":[1487974267,1720536295]}]}]}]},{"name":"PSYCHOTHERAPY W\/PATIENT 45 MINUTES","billing_code_type":"CPT","billing_code_type_version":"2020","billing_code":"90834","description":"PSYCHOTHERAPY W\/PATIENT 45 MINUTES","allowed_amounts":[{"tin":{"type":"ein","value":"453906013"},"service_code":["02"],"billing_class":"professional","payments":[{"allowed_amount":120.18,"billing_code_modifier":[""],"providers":[{"billed_charge":200.00,"npi":[1801460050,1841548609]},{"billed_charge":195.00,"npi":[1801460050,1841548609]}]},{"allowed_amount":120.18,"billing_code_modifier":[""],"providers":[{"billed_charge":200.00,"npi":[1801460050,1841548609]},{"billed_charge":195.00,"npi":[1801460050,1841548609]}]}]},{"tin":{"type":"ein","value":"453906013"},"service_code":["02","10"],"billing_class":"professional","payments":[{"allowed_amount":120.18,"billing_code_modifier":[""],"providers":[{"billed_charge":200.00,"npi":[1801460050,1841548609]},{"billed_charge":195.00,"npi":[1801460050,1841548609]}]},{"allowed_amount":120.18,"billing_code_modifier":[""],"providers":[{"billed_charge":200.00,"npi":[1801460050,1841548609]},{"billed_charge":195.00,"npi":[1801460050,1841548609]}]}]}]}]}
