{"reporting_entity_name": "IEC Group_DBA AmeriBen",
	"reporting_entity_type": "Third Party Administrator",
	"plan_name": "FC COMPASSUS LLC",
	"plan_id_type": "ein",
	"plan_id": "843139096",
	"plan_market_type": "group",
	"last_updated_on": "2023-10-01","Version": "1.0.0","out_of_network":[{"name":"INFEC AGEN DETEC AMPLI PROBE","billing_code_type":"HCPCS","billing_code_type_version":"HCPCS LEVEL II 2021","billing_code":"U0005","description":"INFEC AGEN DETEC AMPLI PROBE","allowed_amounts":[{"tin":{"type":"ein","value":"472462178"},"service_code":["81"],"billing_class":"professional","payments":[{"allowed_amount":25.00,"billing_code_modifier":[""],"providers":[{"billed_charge":50.00,"npi":[1144731605,1639311509,1962018374]}]}]},{"tin":{"type":"ein","value":"474299310"},"service_code":["81"],"billing_class":"professional","payments":[{"allowed_amount":25.00,"billing_code_modifier":[""],"providers":[{"billed_charge":35.00,"npi":[1538542196,1912389800]}]}]},{"tin":{"type":"ein","value":"475502891"},"service_code":["81"],"billing_class":"professional","payments":[{"allowed_amount":25.00,"billing_code_modifier":[""],"providers":[{"billed_charge":65.00,"npi":[1851992127,1902840283]}]}]},{"tin":{"type":"ein","value":"845066720"},"service_code":["81"],"billing_class":"professional","payments":[{"allowed_amount":25.00,"billing_code_modifier":[""],"providers":[{"billed_charge":50.00,"npi":[1033282967,1265482830,1316573827]}]}]}]},{"name":"LABORATORY - CLINICAL DIAGNOSTIC","billing_code_type":"RC","billing_code_type_version":"UB04","billing_code":"0300","description":"LABORATORY - CLINICAL DIAGNOSTIC","allowed_amounts":[{"tin":{"type":"ein","value":"371844725"},"service_code":["23"],"billing_class":"institutional","payments":[{"allowed_amount":0.00,"billing_code_modifier":[""],"providers":[{"billed_charge":51.50,"npi":[1962938191]},{"billed_charge":193.31,"npi":[1962938191]},{"billed_charge":211.15,"npi":[1962938191]},{"billed_charge":260.00,"npi":[1962938191]},{"billed_charge":313.00,"npi":[1962938191]},{"billed_charge":326.11,"npi":[1962938191]}]},{"allowed_amount":0.00,"billing_code_modifier":[""],"providers":[{"billed_charge":51.50,"npi":[1962938191]},{"billed_charge":193.31,"npi":[1962938191]},{"billed_charge":211.15,"npi":[1962938191]},{"billed_charge":260.00,"npi":[1962938191]},{"billed_charge":313.00,"npi":[1962938191]},{"billed_charge":326.11,"npi":[1962938191]}]},{"allowed_amount":0.00,"billing_code_modifier":[""],"providers":[{"billed_charge":51.50,"npi":[1962938191]},{"billed_charge":193.31,"npi":[1962938191]},{"billed_charge":211.15,"npi":[1962938191]},{"billed_charge":260.00,"npi":[1962938191]},{"billed_charge":313.00,"npi":[1962938191]},{"billed_charge":326.11,"npi":[1962938191]}]},{"allowed_amount":0.00,"billing_code_modifier":[""],"providers":[{"billed_charge":51.50,"npi":[1962938191]},{"billed_charge":193.31,"npi":[1962938191]},{"billed_charge":211.15,"npi":[1962938191]},{"billed_charge":260.00,"npi":[1962938191]},{"billed_charge":313.00,"npi":[1962938191]},{"billed_charge":326.11,"npi":[1962938191]}]},{"allowed_amount":0.00,"billing_code_modifier":[""],"providers":[{"billed_charge":51.50,"npi":[1962938191]},{"billed_charge":193.31,"npi":[1962938191]},{"billed_charge":211.15,"npi":[1962938191]},{"billed_charge":260.00,"npi":[1962938191]},{"billed_charge":313.00,"npi":[1962938191]},{"billed_charge":326.11,"npi":[1962938191]}]},{"allowed_amount":0.00,"billing_code_modifier":[""],"providers":[{"billed_charge":51.50,"npi":[1962938191]},{"billed_charge":193.31,"npi":[1962938191]},{"billed_charge":211.15,"npi":[1962938191]},{"billed_charge":260.00,"npi":[1962938191]},{"billed_charge":313.00,"npi":[1962938191]},{"billed_charge":326.11,"npi":[1962938191]}]}]},{"tin":{"type":"ein","value":"371844725"},"service_code":["23"],"billing_class":"institutional","payments":[{"allowed_amount":0.00,"billing_code_modifier":[""],"providers":[{"billed_charge":51.50,"npi":[1962938191]},{"billed_charge":193.31,"npi":[1962938191]},{"billed_charge":211.15,"npi":[1962938191]},{"billed_charge":260.00,"npi":[1962938191]},{"billed_charge":313.00,"npi":[1962938191]},{"billed_charge":326.11,"npi":[1962938191]}]},{"allowed_amount":0.00,"billing_code_modifier":[""],"providers":[{"billed_charge":51.50,"npi":[1962938191]},{"billed_charge":193.31,"npi":[1962938191]},{"billed_charge":211.15,"npi":[1962938191]},{"billed_charge":260.00,"npi":[1962938191]},{"billed_charge":313.00,"npi":[1962938191]},{"billed_charge":326.11,"npi":[1962938191]}]},{"allowed_amount":0.00,"billing_code_modifier":[""],"providers":[{"billed_charge":51.50,"npi":[1962938191]},{"billed_charge":193.31,"npi":[1962938191]},{"billed_charge":211.15,"npi":[1962938191]},{"billed_charge":260.00,"npi":[1962938191]},{"billed_charge":313.00,"npi":[1962938191]},{"billed_charge":326.11,"npi":[1962938191]}]},{"allowed_amount":0.00,"billing_code_modifier":[""],"providers":[{"billed_charge":51.50,"npi":[1962938191]},{"billed_charge":193.31,"npi":[1962938191]},{"billed_charge":211.15,"npi":[1962938191]},{"billed_charge":260.00,"npi":[1962938191]},{"billed_charge":313.00,"npi":[1962938191]},{"billed_charge":326.11,"npi":[1962938191]}]},{"allowed_amount":0.00,"billing_code_modifier":[""],"providers":[{"billed_charge":51.50,"npi":[1962938191]},{"billed_charge":193.31,"npi":[1962938191]},{"billed_charge":211.15,"npi":[1962938191]},{"billed_charge":260.00,"npi":[1962938191]},{"billed_charge":313.00,"npi":[1962938191]},{"billed_charge":326.11,"npi":[1962938191]}]},{"allowed_amount":0.00,"billing_code_modifier":[""],"providers":[{"billed_charge":51.50,"npi":[1962938191]},{"billed_charge":193.31,"npi":[1962938191]},{"billed_charge":211.15,"npi":[1962938191]},{"billed_charge":260.00,"npi":[1962938191]},{"billed_charge":313.00,"npi":[1962938191]},{"billed_charge":326.11,"npi":[1962938191]}]}]},{"tin":{"type":"ein","value":"371844725"},"service_code":["23"],"billing_class":"institutional","payments":[{"allowed_amount":0.00,"billing_code_modifier":[""],"providers":[{"billed_charge":51.50,"npi":[1962938191]},{"billed_charge":193.31,"npi":[1962938191]},{"billed_charge":211.15,"npi":[1962938191]},{"billed_charge":260.00,"npi":[1962938191]},{"billed_charge":313.00,"npi":[1962938191]},{"billed_charge":326.11,"npi":[1962938191]}]},{"allowed_amount":0.00,"billing_code_modifier":[""],"providers":[{"billed_charge":51.50,"npi":[1962938191]},{"billed_charge":193.31,"npi":[1962938191]},{"billed_charge":211.15,"npi":[1962938191]},{"billed_charge":260.00,"npi":[1962938191]},{"billed_charge":313.00,"npi":[1962938191]},{"billed_charge":326.11,"npi":[1962938191]}]},{"allowed_amount":0.00,"billing_code_modifier":[""],"providers":[{"billed_charge":51.50,"npi":[1962938191]},{"billed_charge":193.31,"npi":[1962938191]},{"billed_charge":211.15,"npi":[1962938191]},{"billed_charge":260.00,"npi":[1962938191]},{"billed_charge":313.00,"npi":[1962938191]},{"billed_charge":326.11,"npi":[1962938191]}]},{"allowed_amount":0.00,"billing_code_modifier":[""],"providers":[{"billed_charge":51.50,"npi":[1962938191]},{"billed_charge":193.31,"npi":[1962938191]},{"billed_charge":211.15,"npi":[1962938191]},{"billed_charge":260.00,"npi":[1962938191]},{"billed_charge":313.00,"npi":[1962938191]},{"billed_charge":326.11,"npi":[1962938191]}]},{"allowed_amount":0.00,"billing_code_modifier":[""],"providers":[{"billed_charge":51.50,"npi":[1962938191]},{"billed_charge":193.31,"npi":[1962938191]},{"billed_charge":211.15,"npi":[1962938191]},{"billed_charge":260.00,"npi":[1962938191]},{"billed_charge":313.00,"npi":[1962938191]},{"billed_charge":326.11,"npi":[1962938191]}]},{"allowed_amount":0.00,"billing_code_modifier":[""],"providers":[{"billed_charge":51.50,"npi":[1962938191]},{"billed_charge":193.31,"npi":[1962938191]},{"billed_charge":211.15,"npi":[1962938191]},{"billed_charge":260.00,"npi":[1962938191]},{"billed_charge":313.00,"npi":[1962938191]},{"billed_charge":326.11,"npi":[1962938191]}]}]},{"tin":{"type":"ein","value":"371844725"},"service_code":["23"],"billing_class":"institutional","payments":[{"allowed_amount":0.00,"billing_code_modifier":[""],"providers":[{"billed_charge":51.50,"npi":[1962938191]},{"billed_charge":193.31,"npi":[1962938191]},{"billed_charge":211.15,"npi":[1962938191]},{"billed_charge":260.00,"npi":[1962938191]},{"billed_charge":313.00,"npi":[1962938191]},{"billed_charge":326.11,"npi":[1962938191]}]},{"allowed_amount":0.00,"billing_code_modifier":[""],"providers":[{"billed_charge":51.50,"npi":[1962938191]},{"billed_charge":193.31,"npi":[1962938191]},{"billed_charge":211.15,"npi":[1962938191]},{"billed_charge":260.00,"npi":[1962938191]},{"billed_charge":313.00,"npi":[1962938191]},{"billed_charge":326.11,"npi":[1962938191]}]},{"allowed_amount":0.00,"billing_code_modifier":[""],"providers":[{"billed_charge":51.50,"npi":[1962938191]},{"billed_charge":193.31,"npi":[1962938191]},{"billed_charge":211.15,"npi":[1962938191]},{"billed_charge":260.00,"npi":[1962938191]},{"billed_charge":313.00,"npi":[1962938191]},{"billed_charge":326.11,"npi":[1962938191]}]},{"allowed_amount":0.00,"billing_code_modifier":[""],"providers":[{"billed_charge":51.50,"npi":[1962938191]},{"billed_charge":193.31,"npi":[1962938191]},{"billed_charge":211.15,"npi":[1962938191]},{"billed_charge":260.00,"npi":[1962938191]},{"billed_charge":313.00,"npi":[1962938191]},{"billed_charge":326.11,"npi":[1962938191]}]},{"allowed_amount":0.00,"billing_code_modifier":[""],"providers":[{"billed_charge":51.50,"npi":[1962938191]},{"billed_charge":193.31,"npi":[1962938191]},{"billed_charge":211.15,"npi":[1962938191]},{"billed_charge":260.00,"npi":[1962938191]},{"billed_charge":313.00,"npi":[1962938191]},{"billed_charge":326.11,"npi":[1962938191]}]},{"allowed_amount":0.00,"billing_code_modifier":[""],"providers":[{"billed_charge":51.50,"npi":[1962938191]},{"billed_charge":193.31,"npi":[1962938191]},{"billed_charge":211.15,"npi":[1962938191]},{"billed_charge":260.00,"npi":[1962938191]},{"billed_charge":313.00,"npi":[1962938191]},{"billed_charge":326.11,"npi":[1962938191]}]}]},{"tin":{"type":"ein","value":"371844725"},"service_code":["23"],"billing_class":"institutional","payments":[{"allowed_amount":0.00,"billing_code_modifier":[""],"providers":[{"billed_charge":51.50,"npi":[1962938191]},{"billed_charge":193.31,"npi":[1962938191]},{"billed_charge":211.15,"npi":[1962938191]},{"billed_charge":260.00,"npi":[1962938191]},{"billed_charge":313.00,"npi":[1962938191]},{"billed_charge":326.11,"npi":[1962938191]}]},{"allowed_amount":0.00,"billing_code_modifier":[""],"providers":[{"billed_charge":51.50,"npi":[1962938191]},{"billed_charge":193.31,"npi":[1962938191]},{"billed_charge":211.15,"npi":[1962938191]},{"billed_charge":260.00,"npi":[1962938191]},{"billed_charge":313.00,"npi":[1962938191]},{"billed_charge":326.11,"npi":[1962938191]}]},{"allowed_amount":0.00,"billing_code_modifier":[""],"providers":[{"billed_charge":51.50,"npi":[1962938191]},{"billed_charge":193.31,"npi":[1962938191]},{"billed_charge":211.15,"npi":[1962938191]},{"billed_charge":260.00,"npi":[1962938191]},{"billed_charge":313.00,"npi":[1962938191]},{"billed_charge":326.11,"npi":[1962938191]}]},{"allowed_amount":0.00,"billing_code_modifier":[""],"providers":[{"billed_charge":51.50,"npi":[1962938191]},{"billed_charge":193.31,"npi":[1962938191]},{"billed_charge":211.15,"npi":[1962938191]},{"billed_charge":260.00,"npi":[1962938191]},{"billed_charge":313.00,"npi":[1962938191]},{"billed_charge":326.11,"npi":[1962938191]}]},{"allowed_amount":0.00,"billing_code_modifier":[""],"providers":[{"billed_charge":51.50,"npi":[1962938191]},{"billed_charge":193.31,"npi":[1962938191]},{"billed_charge":211.15,"npi":[1962938191]},{"billed_charge":260.00,"npi":[1962938191]},{"billed_charge":313.00,"npi":[1962938191]},{"billed_charge":326.11,"npi":[1962938191]}]},{"allowed_amount":0.00,"billing_code_modifier":[""],"providers":[{"billed_charge":51.50,"npi":[1962938191]},{"billed_charge":193.31,"npi":[1962938191]},{"billed_charge":211.15,"npi":[1962938191]},{"billed_charge":260.00,"npi":[1962938191]},{"billed_charge":313.00,"npi":[1962938191]},{"billed_charge":326.11,"npi":[1962938191]}]}]},{"tin":{"type":"ein","value":"371844725"},"service_code":["23"],"billing_class":"institutional","payments":[{"allowed_amount":0.00,"billing_code_modifier":[""],"providers":[{"billed_charge":51.50,"npi":[1962938191]},{"billed_charge":193.31,"npi":[1962938191]},{"billed_charge":211.15,"npi":[1962938191]},{"billed_charge":260.00,"npi":[1962938191]},{"billed_charge":313.00,"npi":[1962938191]},{"billed_charge":326.11,"npi":[1962938191]}]},{"allowed_amount":0.00,"billing_code_modifier":[""],"providers":[{"billed_charge":51.50,"npi":[1962938191]},{"billed_charge":193.31,"npi":[1962938191]},{"billed_charge":211.15,"npi":[1962938191]},{"billed_charge":260.00,"npi":[1962938191]},{"billed_charge":313.00,"npi":[1962938191]},{"billed_charge":326.11,"npi":[1962938191]}]},{"allowed_amount":0.00,"billing_code_modifier":[""],"providers":[{"billed_charge":51.50,"npi":[1962938191]},{"billed_charge":193.31,"npi":[1962938191]},{"billed_charge":211.15,"npi":[1962938191]},{"billed_charge":260.00,"npi":[1962938191]},{"billed_charge":313.00,"npi":[1962938191]},{"billed_charge":326.11,"npi":[1962938191]}]},{"allowed_amount":0.00,"billing_code_modifier":[""],"providers":[{"billed_charge":51.50,"npi":[1962938191]},{"billed_charge":193.31,"npi":[1962938191]},{"billed_charge":211.15,"npi":[1962938191]},{"billed_charge":260.00,"npi":[1962938191]},{"billed_charge":313.00,"npi":[1962938191]},{"billed_charge":326.11,"npi":[1962938191]}]},{"allowed_amount":0.00,"billing_code_modifier":[""],"providers":[{"billed_charge":51.50,"npi":[1962938191]},{"billed_charge":193.31,"npi":[1962938191]},{"billed_charge":211.15,"npi":[1962938191]},{"billed_charge":260.00,"npi":[1962938191]},{"billed_charge":313.00,"npi":[1962938191]},{"billed_charge":326.11,"npi":[1962938191]}]},{"allowed_amount":0.00,"billing_code_modifier":[""],"providers":[{"billed_charge":51.50,"npi":[1962938191]},{"billed_charge":193.31,"npi":[1962938191]},{"billed_charge":211.15,"npi":[1962938191]},{"billed_charge":260.00,"npi":[1962938191]},{"billed_charge":313.00,"npi":[1962938191]},{"billed_charge":326.11,"npi":[1962938191]}]}]},{"tin":{"type":"ein","value":"472616215"},"service_code":["23"],"billing_class":"institutional","payments":[{"allowed_amount":0.00,"billing_code_modifier":[""],"providers":[{"billed_charge":33.30,"npi":[1922468156]},{"billed_charge":62.16,"npi":[1922468156]},{"billed_charge":222.00,"npi":[1922468156]},{"billed_charge":310.80,"npi":[1922468156]},{"billed_charge":388.50,"npi":[1922468156]}]},{"allowed_amount":0.00,"billing_code_modifier":[""],"providers":[{"billed_charge":33.30,"npi":[1922468156]},{"billed_charge":62.16,"npi":[1922468156]},{"billed_charge":222.00,"npi":[1922468156]},{"billed_charge":310.80,"npi":[1922468156]},{"billed_charge":388.50,"npi":[1922468156]}]},{"allowed_amount":0.00,"billing_code_modifier":[""],"providers":[{"billed_charge":33.30,"npi":[1922468156]},{"billed_charge":62.16,"npi":[1922468156]},{"billed_charge":222.00,"npi":[1922468156]},{"billed_charge":310.80,"npi":[1922468156]},{"billed_charge":388.50,"npi":[1922468156]}]},{"allowed_amount":0.00,"billing_code_modifier":[""],"providers":[{"billed_charge":33.30,"npi":[1922468156]},{"billed_charge":62.16,"npi":[1922468156]},{"billed_charge":222.00,"npi":[1922468156]},{"billed_charge":310.80,"npi":[1922468156]},{"billed_charge":388.50,"npi":[1922468156]}]},{"allowed_amount":0.00,"billing_code_modifier":[""],"providers":[{"billed_charge":33.30,"npi":[1922468156]},{"billed_charge":62.16,"npi":[1922468156]},{"billed_charge":222.00,"npi":[1922468156]},{"billed_charge":310.80,"npi":[1922468156]},{"billed_charge":388.50,"npi":[1922468156]}]}]},{"tin":{"type":"ein","value":"472616215"},"service_code":["23"],"billing_class":"institutional","payments":[{"allowed_amount":0.00,"billing_code_modifier":[""],"providers":[{"billed_charge":33.30,"npi":[1922468156]},{"billed_charge":62.16,"npi":[1922468156]},{"billed_charge":222.00,"npi":[1922468156]},{"billed_charge":310.80,"npi":[1922468156]},{"billed_charge":388.50,"npi":[1922468156]}]},{"allowed_amount":0.00,"billing_code_modifier":[""],"providers":[{"billed_charge":33.30,"npi":[1922468156]},{"billed_charge":62.16,"npi":[1922468156]},{"billed_charge":222.00,"npi":[1922468156]},{"billed_charge":310.80,"npi":[1922468156]},{"billed_charge":388.50,"npi":[1922468156]}]},{"allowed_amount":0.00,"billing_code_modifier":[""],"providers":[{"billed_charge":33.30,"npi":[1922468156]},{"billed_charge":62.16,"npi":[1922468156]},{"billed_charge":222.00,"npi":[1922468156]},{"billed_charge":310.80,"npi":[1922468156]},{"billed_charge":388.50,"npi":[1922468156]}]},{"allowed_amount":0.00,"billing_code_modifier":[""],"providers":[{"billed_charge":33.30,"npi":[1922468156]},{"billed_charge":62.16,"npi":[1922468156]},{"billed_charge":222.00,"npi":[1922468156]},{"billed_charge":310.80,"npi":[1922468156]},{"billed_charge":388.50,"npi":[1922468156]}]},{"allowed_amount":0.00,"billing_code_modifier":[""],"providers":[{"billed_charge":33.30,"npi":[1922468156]},{"billed_charge":62.16,"npi":[1922468156]},{"billed_charge":222.00,"npi":[1922468156]},{"billed_charge":310.80,"npi":[1922468156]},{"billed_charge":388.50,"npi":[1922468156]}]}]},{"tin":{"type":"ein","value":"472616215"},"service_code":["23"],"billing_class":"institutional","payments":[{"allowed_amount":0.00,"billing_code_modifier":[""],"providers":[{"billed_charge":33.30,"npi":[1922468156]},{"billed_charge":62.16,"npi":[1922468156]},{"billed_charge":222.00,"npi":[1922468156]},{"billed_charge":310.80,"npi":[1922468156]},{"billed_charge":388.50,"npi":[1922468156]}]},{"allowed_amount":0.00,"billing_code_modifier":[""],"providers":[{"billed_charge":33.30,"npi":[1922468156]},{"billed_charge":62.16,"npi":[1922468156]},{"billed_charge":222.00,"npi":[1922468156]},{"billed_charge":310.80,"npi":[1922468156]},{"billed_charge":388.50,"npi":[1922468156]}]},{"allowed_amount":0.00,"billing_code_modifier":[""],"providers":[{"billed_charge":33.30,"npi":[1922468156]},{"billed_charge":62.16,"npi":[1922468156]},{"billed_charge":222.00,"npi":[1922468156]},{"billed_charge":310.80,"npi":[1922468156]},{"billed_charge":388.50,"npi":[1922468156]}]},{"allowed_amount":0.00,"billing_code_modifier":[""],"providers":[{"billed_charge":33.30,"npi":[1922468156]},{"billed_charge":62.16,"npi":[1922468156]},{"billed_charge":222.00,"npi":[1922468156]},{"billed_charge":310.80,"npi":[1922468156]},{"billed_charge":388.50,"npi":[1922468156]}]},{"allowed_amount":0.00,"billing_code_modifier":[""],"providers":[{"billed_charge":33.30,"npi":[1922468156]},{"billed_charge":62.16,"npi":[1922468156]},{"billed_charge":222.00,"npi":[1922468156]},{"billed_charge":310.80,"npi":[1922468156]},{"billed_charge":388.50,"npi":[1922468156]}]}]},{"tin":{"type":"ein","value":"472616215"},"service_code":["23"],"billing_class":"institutional","payments":[{"allowed_amount":0.00,"billing_code_modifier":[""],"providers":[{"billed_charge":33.30,"npi":[1922468156]},{"billed_charge":62.16,"npi":[1922468156]},{"billed_charge":222.00,"npi":[1922468156]},{"billed_charge":310.80,"npi":[1922468156]},{"billed_charge":388.50,"npi":[1922468156]}]},{"allowed_amount":0.00,"billing_code_modifier":[""],"providers":[{"billed_charge":33.30,"npi":[1922468156]},{"billed_charge":62.16,"npi":[1922468156]},{"billed_charge":222.00,"npi":[1922468156]},{"billed_charge":310.80,"npi":[1922468156]},{"billed_charge":388.50,"npi":[1922468156]}]},{"allowed_amount":0.00,"billing_code_modifier":[""],"providers":[{"billed_charge":33.30,"npi":[1922468156]},{"billed_charge":62.16,"npi":[1922468156]},{"billed_charge":222.00,"npi":[1922468156]},{"billed_charge":310.80,"npi":[1922468156]},{"billed_charge":388.50,"npi":[1922468156]}]},{"allowed_amount":0.00,"billing_code_modifier":[""],"providers":[{"billed_charge":33.30,"npi":[1922468156]},{"billed_charge":62.16,"npi":[1922468156]},{"billed_charge":222.00,"npi":[1922468156]},{"billed_charge":310.80,"npi":[1922468156]},{"billed_charge":388.50,"npi":[1922468156]}]},{"allowed_amount":0.00,"billing_code_modifier":[""],"providers":[{"billed_charge":33.30,"npi":[1922468156]},{"billed_charge":62.16,"npi":[1922468156]},{"billed_charge":222.00,"npi":[1922468156]},{"billed_charge":310.80,"npi":[1922468156]},{"billed_charge":388.50,"npi":[1922468156]}]}]},{"tin":{"type":"ein","value":"472616215"},"service_code":["23"],"billing_class":"institutional","payments":[{"allowed_amount":0.00,"billing_code_modifier":[""],"providers":[{"billed_charge":33.30,"npi":[1922468156]},{"billed_charge":62.16,"npi":[1922468156]},{"billed_charge":222.00,"npi":[1922468156]},{"billed_charge":310.80,"npi":[1922468156]},{"billed_charge":388.50,"npi":[1922468156]}]},{"allowed_amount":0.00,"billing_code_modifier":[""],"providers":[{"billed_charge":33.30,"npi":[1922468156]},{"billed_charge":62.16,"npi":[1922468156]},{"billed_charge":222.00,"npi":[1922468156]},{"billed_charge":310.80,"npi":[1922468156]},{"billed_charge":388.50,"npi":[1922468156]}]},{"allowed_amount":0.00,"billing_code_modifier":[""],"providers":[{"billed_charge":33.30,"npi":[1922468156]},{"billed_charge":62.16,"npi":[1922468156]},{"billed_charge":222.00,"npi":[1922468156]},{"billed_charge":310.80,"npi":[1922468156]},{"billed_charge":388.50,"npi":[1922468156]}]},{"allowed_amount":0.00,"billing_code_modifier":[""],"providers":[{"billed_charge":33.30,"npi":[1922468156]},{"billed_charge":62.16,"npi":[1922468156]},{"billed_charge":222.00,"npi":[1922468156]},{"billed_charge":310.80,"npi":[1922468156]},{"billed_charge":388.50,"npi":[1922468156]}]},{"allowed_amount":0.00,"billing_code_modifier":[""],"providers":[{"billed_charge":33.30,"npi":[1922468156]},{"billed_charge":62.16,"npi":[1922468156]},{"billed_charge":222.00,"npi":[1922468156]},{"billed_charge":310.80,"npi":[1922468156]},{"billed_charge":388.50,"npi":[1922468156]}]}]},{"tin":{"type":"ein","value":"811862049"},"service_code":["23"],"billing_class":"institutional","payments":[{"allowed_amount":0.00,"billing_code_modifier":[""],"providers":[{"billed_charge":49.00,"npi":[1730612979]},{"billed_charge":52.00,"npi":[1730612979]},{"billed_charge":54.32,"npi":[1730612979]},{"billed_charge":90.00,"npi":[1730612979]},{"billed_charge":94.00,"npi":[1730612979]},{"billed_charge":114.00,"npi":[1730612979]},{"billed_charge":173.00,"npi":[1730612979]},{"billed_charge":187.68,"npi":[1730612979]},{"billed_charge":208.00,"npi":[1730612979]},{"billed_charge":247.00,"npi":[1730612979]},{"billed_charge":400.00,"npi":[1730612979]}]},{"allowed_amount":0.00,"billing_code_modifier":[""],"providers":[{"billed_charge":49.00,"npi":[1730612979]},{"billed_charge":52.00,"npi":[1730612979]},{"billed_charge":54.32,"npi":[1730612979]},{"billed_charge":90.00,"npi":[1730612979]},{"billed_charge":94.00,"npi":[1730612979]},{"billed_charge":114.00,"npi":[1730612979]},{"billed_charge":173.00,"npi":[1730612979]},{"billed_charge":187.68,"npi":[1730612979]},{"billed_charge":208.00,"npi":[1730612979]},{"billed_charge":247.00,"npi":[1730612979]},{"billed_charge":400.00,"npi":[1730612979]}]},{"allowed_amount":0.00,"billing_code_modifier":[""],"providers":[{"billed_charge":49.00,"npi":[1730612979]},{"billed_charge":52.00,"npi":[1730612979]},{"billed_charge":54.32,"npi":[1730612979]},{"billed_charge":90.00,"npi":[1730612979]},{"billed_charge":94.00,"npi":[1730612979]},{"billed_charge":114.00,"npi":[1730612979]},{"billed_charge":173.00,"npi":[1730612979]},{"billed_charge":187.68,"npi":[1730612979]},{"billed_charge":208.00,"npi":[1730612979]},{"billed_charge":247.00,"npi":[1730612979]},{"billed_charge":400.00,"npi":[1730612979]}]},{"allowed_amount":0.00,"billing_code_modifier":[""],"providers":[{"billed_charge":49.00,"npi":[1730612979]},{"billed_charge":52.00,"npi":[1730612979]},{"billed_charge":54.32,"npi":[1730612979]},{"billed_charge":90.00,"npi":[1730612979]},{"billed_charge":94.00,"npi":[1730612979]},{"billed_charge":114.00,"npi":[1730612979]},{"billed_charge":173.00,"npi":[1730612979]},{"billed_charge":187.68,"npi":[1730612979]},{"billed_charge":208.00,"npi":[1730612979]},{"billed_charge":247.00,"npi":[1730612979]},{"billed_charge":400.00,"npi":[1730612979]}]},{"allowed_amount":0.00,"billing_code_modifier":[""],"providers":[{"billed_charge":49.00,"npi":[1730612979]},{"billed_charge":52.00,"npi":[1730612979]},{"billed_charge":54.32,"npi":[1730612979]},{"billed_charge":90.00,"npi":[1730612979]},{"billed_charge":94.00,"npi":[1730612979]},{"billed_charge":114.00,"npi":[1730612979]},{"billed_charge":173.00,"npi":[1730612979]},{"billed_charge":187.68,"npi":[1730612979]},{"billed_charge":208.00,"npi":[1730612979]},{"billed_charge":247.00,"npi":[1730612979]},{"billed_charge":400.00,"npi":[1730612979]}]},{"allowed_amount":0.00,"billing_code_modifier":[""],"providers":[{"billed_charge":49.00,"npi":[1730612979]},{"billed_charge":52.00,"npi":[1730612979]},{"billed_charge":54.32,"npi":[1730612979]},{"billed_charge":90.00,"npi":[1730612979]},{"billed_charge":94.00,"npi":[1730612979]},{"billed_charge":114.00,"npi":[1730612979]},{"billed_charge":173.00,"npi":[1730612979]},{"billed_charge":187.68,"npi":[1730612979]},{"billed_charge":208.00,"npi":[1730612979]},{"billed_charge":247.00,"npi":[1730612979]},{"billed_charge":400.00,"npi":[1730612979]}]},{"allowed_amount":0.00,"billing_code_modifier":[""],"providers":[{"billed_charge":49.00,"npi":[1730612979]},{"billed_charge":52.00,"npi":[1730612979]},{"billed_charge":54.32,"npi":[1730612979]},{"billed_charge":90.00,"npi":[1730612979]},{"billed_charge":94.00,"npi":[1730612979]},{"billed_charge":114.00,"npi":[1730612979]},{"billed_charge":173.00,"npi":[1730612979]},{"billed_charge":187.68,"npi":[1730612979]},{"billed_charge":208.00,"npi":[1730612979]},{"billed_charge":247.00,"npi":[1730612979]},{"billed_charge":400.00,"npi":[1730612979]}]},{"allowed_amount":0.00,"billing_code_modifier":[""],"providers":[{"billed_charge":49.00,"npi":[1730612979]},{"billed_charge":52.00,"npi":[1730612979]},{"billed_charge":54.32,"npi":[1730612979]},{"billed_charge":90.00,"npi":[1730612979]},{"billed_charge":94.00,"npi":[1730612979]},{"billed_charge":114.00,"npi":[1730612979]},{"billed_charge":173.00,"npi":[1730612979]},{"billed_charge":187.68,"npi":[1730612979]},{"billed_charge":208.00,"npi":[1730612979]},{"billed_charge":247.00,"npi":[1730612979]},{"billed_charge":400.00,"npi":[1730612979]}]},{"allowed_amount":0.00,"billing_code_modifier":[""],"providers":[{"billed_charge":49.00,"npi":[1730612979]},{"billed_charge":52.00,"npi":[1730612979]},{"billed_charge":54.32,"npi":[1730612979]},{"billed_charge":90.00,"npi":[1730612979]},{"billed_charge":94.00,"npi":[1730612979]},{"billed_charge":114.00,"npi":[1730612979]},{"billed_charge":173.00,"npi":[1730612979]},{"billed_charge":187.68,"npi":[1730612979]},{"billed_charge":208.00,"npi":[1730612979]},{"billed_charge":247.00,"npi":[1730612979]},{"billed_charge":400.00,"npi":[1730612979]}]},{"allowed_amount":0.00,"billing_code_modifier":[""],"providers":[{"billed_charge":49.00,"npi":[1730612979]},{"billed_charge":52.00,"npi":[1730612979]},{"billed_charge":54.32,"npi":[1730612979]},{"billed_charge":90.00,"npi":[1730612979]},{"billed_charge":94.00,"npi":[1730612979]},{"billed_charge":114.00,"npi":[1730612979]},{"billed_charge":173.00,"npi":[1730612979]},{"billed_charge":187.68,"npi":[1730612979]},{"billed_charge":208.00,"npi":[1730612979]},{"billed_charge":247.00,"npi":[1730612979]},{"billed_charge":400.00,"npi":[1730612979]}]},{"allowed_amount":0.00,"billing_code_modifier":[""],"providers":[{"billed_charge":49.00,"npi":[1730612979]},{"billed_charge":52.00,"npi":[1730612979]},{"billed_charge":54.32,"npi":[1730612979]},{"billed_charge":90.00,"npi":[1730612979]},{"billed_charge":94.00,"npi":[1730612979]},{"billed_charge":114.00,"npi":[1730612979]},{"billed_charge":173.00,"npi":[1730612979]},{"billed_charge":187.68,"npi":[1730612979]},{"billed_charge":208.00,"npi":[1730612979]},{"billed_charge":247.00,"npi":[1730612979]},{"billed_charge":400.00,"npi":[1730612979]}]}]},{"tin":{"type":"ein","value":"811862049"},"service_code":["23"],"billing_class":"institutional","payments":[{"allowed_amount":0.00,"billing_code_modifier":[""],"providers":[{"billed_charge":49.00,"npi":[1730612979]},{"billed_charge":52.00,"npi":[1730612979]},{"billed_charge":54.32,"npi":[1730612979]},{"billed_charge":90.00,"npi":[1730612979]},{"billed_charge":94.00,"npi":[1730612979]},{"billed_charge":114.00,"npi":[1730612979]},{"billed_charge":173.00,"npi":[1730612979]},{"billed_charge":187.68,"npi":[1730612979]},{"billed_charge":208.00,"npi":[1730612979]},{"billed_charge":247.00,"npi":[1730612979]},{"billed_charge":400.00,"npi":[1730612979]}]},{"allowed_amount":0.00,"billing_code_modifier":[""],"providers":[{"billed_charge":49.00,"npi":[1730612979]},{"billed_charge":52.00,"npi":[1730612979]},{"billed_charge":54.32,"npi":[1730612979]},{"billed_charge":90.00,"npi":[1730612979]},{"billed_charge":94.00,"npi":[1730612979]},{"billed_charge":114.00,"npi":[1730612979]},{"billed_charge":173.00,"npi":[1730612979]},{"billed_charge":187.68,"npi":[1730612979]},{"billed_charge":208.00,"npi":[1730612979]},{"billed_charge":247.00,"npi":[1730612979]},{"billed_charge":400.00,"npi":[1730612979]}]},{"allowed_amount":0.00,"billing_code_modifier":[""],"providers":[{"billed_charge":49.00,"npi":[1730612979]},{"billed_charge":52.00,"npi":[1730612979]},{"billed_charge":54.32,"npi":[1730612979]},{"billed_charge":90.00,"npi":[1730612979]},{"billed_charge":94.00,"npi":[1730612979]},{"billed_charge":114.00,"npi":[1730612979]},{"billed_charge":173.00,"npi":[1730612979]},{"billed_charge":187.68,"npi":[1730612979]},{"billed_charge":208.00,"npi":[1730612979]},{"billed_charge":247.00,"npi":[1730612979]},{"billed_charge":400.00,"npi":[1730612979]}]},{"allowed_amount":0.00,"billing_code_modifier":[""],"providers":[{"billed_charge":49.00,"npi":[1730612979]},{"billed_charge":52.00,"npi":[1730612979]},{"billed_charge":54.32,"npi":[1730612979]},{"billed_charge":90.00,"npi":[1730612979]},{"billed_charge":94.00,"npi":[1730612979]},{"billed_charge":114.00,"npi":[1730612979]},{"billed_charge":173.00,"npi":[1730612979]},{"billed_charge":187.68,"npi":[1730612979]},{"billed_charge":208.00,"npi":[1730612979]},{"billed_charge":247.00,"npi":[1730612979]},{"billed_charge":400.00,"npi":[1730612979]}]},{"allowed_amount":0.00,"billing_code_modifier":[""],"providers":[{"billed_charge":49.00,"npi":[1730612979]},{"billed_charge":52.00,"npi":[1730612979]},{"billed_charge":54.32,"npi":[1730612979]},{"billed_charge":90.00,"npi":[1730612979]},{"billed_charge":94.00,"npi":[1730612979]},{"billed_charge":114.00,"npi":[1730612979]},{"billed_charge":173.00,"npi":[1730612979]},{"billed_charge":187.68,"npi":[1730612979]},{"billed_charge":208.00,"npi":[1730612979]},{"billed_charge":247.00,"npi":[1730612979]},{"billed_charge":400.00,"npi":[1730612979]}]},{"allowed_amount":0.00,"billing_code_modifier":[""],"providers":[{"billed_charge":49.00,"npi":[1730612979]},{"billed_charge":52.00,"npi":[1730612979]},{"billed_charge":54.32,"npi":[1730612979]},{"billed_charge":90.00,"npi":[1730612979]},{"billed_charge":94.00,"npi":[1730612979]},{"billed_charge":114.00,"npi":[1730612979]},{"billed_charge":173.00,"npi":[1730612979]},{"billed_charge":187.68,"npi":[1730612979]},{"billed_charge":208.00,"npi":[1730612979]},{"billed_charge":247.00,"npi":[1730612979]},{"billed_charge":400.00,"npi":[1730612979]}]},{"allowed_amount":0.00,"billing_code_modifier":[""],"providers":[{"billed_charge":49.00,"npi":[1730612979]},{"billed_charge":52.00,"npi":[1730612979]},{"billed_charge":54.32,"npi":[1730612979]},{"billed_charge":90.00,"npi":[1730612979]},{"billed_charge":94.00,"npi":[1730612979]},{"billed_charge":114.00,"npi":[1730612979]},{"billed_charge":173.00,"npi":[1730612979]},{"billed_charge":187.68,"npi":[1730612979]},{"billed_charge":208.00,"npi":[1730612979]},{"billed_charge":247.00,"npi":[1730612979]},{"billed_charge":400.00,"npi":[1730612979]}]},{"allowed_amount":0.00,"billing_code_modifier":[""],"providers":[{"billed_charge":49.00,"npi":[1730612979]},{"billed_charge":52.00,"npi":[1730612979]},{"billed_charge":54.32,"npi":[1730612979]},{"billed_charge":90.00,"npi":[1730612979]},{"billed_charge":94.00,"npi":[1730612979]},{"billed_charge":114.00,"npi":[1730612979]},{"billed_charge":173.00,"npi":[1730612979]},{"billed_charge":187.68,"npi":[1730612979]},{"billed_charge":208.00,"npi":[1730612979]},{"billed_charge":247.00,"npi":[1730612979]},{"billed_charge":400.00,"npi":[1730612979]}]},{"allowed_amount":0.00,"billing_code_modifier":[""],"providers":[{"billed_charge":49.00,"npi":[1730612979]},{"billed_charge":52.00,"npi":[1730612979]},{"billed_charge":54.32,"npi":[1730612979]},{"billed_charge":90.00,"npi":[1730612979]},{"billed_charge":94.00,"npi":[1730612979]},{"billed_charge":114.00,"npi":[1730612979]},{"billed_charge":173.00,"npi":[1730612979]},{"billed_charge":187.68,"npi":[1730612979]},{"billed_charge":208.00,"npi":[1730612979]},{"billed_charge":247.00,"npi":[1730612979]},{"billed_charge":400.00,"npi":[1730612979]}]},{"allowed_amount":0.00,"billing_code_modifier":[""],"providers":[{"billed_charge":49.00,"npi":[1730612979]},{"billed_charge":52.00,"npi":[1730612979]},{"billed_charge":54.32,"npi":[1730612979]},{"billed_charge":90.00,"npi":[1730612979]},{"billed_charge":94.00,"npi":[1730612979]},{"billed_charge":114.00,"npi":[1730612979]},{"billed_charge":173.00,"npi":[1730612979]},{"billed_charge":187.68,"npi":[1730612979]},{"billed_charge":208.00,"npi":[1730612979]},{"billed_charge":247.00,"npi":[1730612979]},{"billed_charge":400.00,"npi":[1730612979]}]},{"allowed_amount":0.00,"billing_code_modifier":[""],"providers":[{"billed_charge":49.00,"npi":[1730612979]},{"billed_charge":52.00,"npi":[1730612979]},{"billed_charge":54.32,"npi":[1730612979]},{"billed_charge":90.00,"npi":[1730612979]},{"billed_charge":94.00,"npi":[1730612979]},{"billed_charge":114.00,"npi":[1730612979]},{"billed_charge":173.00,"npi":[1730612979]},{"billed_charge":187.68,"npi":[1730612979]},{"billed_charge":208.00,"npi":[1730612979]},{"billed_charge":247.00,"npi":[1730612979]},{"billed_charge":400.00,"npi":[1730612979]}]}]},{"tin":{"type":"ein","value":"811862049"},"service_code":["23"],"billing_class":"institutional","payments":[{"allowed_amount":0.00,"billing_code_modifier":[""],"providers":[{"billed_charge":49.00,"npi":[1730612979]},{"billed_charge":52.00,"npi":[1730612979]},{"billed_charge":54.32,"npi":[1730612979]},{"billed_charge":90.00,"npi":[1730612979]},{"billed_charge":94.00,"npi":[1730612979]},{"billed_charge":114.00,"npi":[1730612979]},{"billed_charge":173.00,"npi":[1730612979]},{"billed_charge":187.68,"npi":[1730612979]},{"billed_charge":208.00,"npi":[1730612979]},{"billed_charge":247.00,"npi":[1730612979]},{"billed_charge":400.00,"npi":[1730612979]}]},{"allowed_amount":0.00,"billing_code_modifier":[""],"providers":[{"billed_charge":49.00,"npi":[1730612979]},{"billed_charge":52.00,"npi":[1730612979]},{"billed_charge":54.32,"npi":[1730612979]},{"billed_charge":90.00,"npi":[1730612979]},{"billed_charge":94.00,"npi":[1730612979]},{"billed_charge":114.00,"npi":[1730612979]},{"billed_charge":173.00,"npi":[1730612979]},{"billed_charge":187.68,"npi":[1730612979]},{"billed_charge":208.00,"npi":[1730612979]},{"billed_charge":247.00,"npi":[1730612979]},{"billed_charge":400.00,"npi":[1730612979]}]},{"allowed_amount":0.00,"billing_code_modifier":[""],"providers":[{"billed_charge":49.00,"npi":[1730612979]},{"billed_charge":52.00,"npi":[1730612979]},{"billed_charge":54.32,"npi":[1730612979]},{"billed_charge":90.00,"npi":[1730612979]},{"billed_charge":94.00,"npi":[1730612979]},{"billed_charge":114.00,"npi":[1730612979]},{"billed_charge":173.00,"npi":[1730612979]},{"billed_charge":187.68,"npi":[1730612979]},{"billed_charge":208.00,"npi":[1730612979]},{"billed_charge":247.00,"npi":[1730612979]},{"billed_charge":400.00,"npi":[1730612979]}]},{"allowed_amount":0.00,"billing_code_modifier":[""],"providers":[{"billed_charge":49.00,"npi":[1730612979]},{"billed_charge":52.00,"npi":[1730612979]},{"billed_charge":54.32,"npi":[1730612979]},{"billed_charge":90.00,"npi":[1730612979]},{"billed_charge":94.00,"npi":[1730612979]},{"billed_charge":114.00,"npi":[1730612979]},{"billed_charge":173.00,"npi":[1730612979]},{"billed_charge":187.68,"npi":[1730612979]},{"billed_charge":208.00,"npi":[1730612979]},{"billed_charge":247.00,"npi":[1730612979]},{"billed_charge":400.00,"npi":[1730612979]}]},{"allowed_amount":0.00,"billing_code_modifier":[""],"providers":[{"billed_charge":49.00,"npi":[1730612979]},{"billed_charge":52.00,"npi":[1730612979]},{"billed_charge":54.32,"npi":[1730612979]},{"billed_charge":90.00,"npi":[1730612979]},{"billed_charge":94.00,"npi":[1730612979]},{"billed_charge":114.00,"npi":[1730612979]},{"billed_charge":173.00,"npi":[1730612979]},{"billed_charge":187.68,"npi":[1730612979]},{"billed_charge":208.00,"npi":[1730612979]},{"billed_charge":247.00,"npi":[1730612979]},{"billed_charge":400.00,"npi":[1730612979]}]},{"allowed_amount":0.00,"billing_code_modifier":[""],"providers":[{"billed_charge":49.00,"npi":[1730612979]},{"billed_charge":52.00,"npi":[1730612979]},{"billed_charge":54.32,"npi":[1730612979]},{"billed_charge":90.00,"npi":[1730612979]},{"billed_charge":94.00,"npi":[1730612979]},{"billed_charge":114.00,"npi":[1730612979]},{"billed_charge":173.00,"npi":[1730612979]},{"billed_charge":187.68,"npi":[1730612979]},{"billed_charge":208.00,"npi":[1730612979]},{"billed_charge":247.00,"npi":[1730612979]},{"billed_charge":400.00,"npi":[1730612979]}]},{"allowed_amount":0.00,"billing_code_modifier":[""],"providers":[{"billed_charge":49.00,"npi":[1730612979]},{"billed_charge":52.00,"npi":[1730612979]},{"billed_charge":54.32,"npi":[1730612979]},{"billed_charge":90.00,"npi":[1730612979]},{"billed_charge":94.00,"npi":[1730612979]},{"billed_charge":114.00,"npi":[1730612979]},{"billed_charge":173.00,"npi":[1730612979]},{"billed_charge":187.68,"npi":[1730612979]},{"billed_charge":208.00,"npi":[1730612979]},{"billed_charge":247.00,"npi":[1730612979]},{"billed_charge":400.00,"npi":[1730612979]}]},{"allowed_amount":0.00,"billing_code_modifier":[""],"providers":[{"billed_charge":49.00,"npi":[1730612979]},{"billed_charge":52.00,"npi":[1730612979]},{"billed_charge":54.32,"npi":[1730612979]},{"billed_charge":90.00,"npi":[1730612979]},{"billed_charge":94.00,"npi":[1730612979]},{"billed_charge":114.00,"npi":[1730612979]},{"billed_charge":173.00,"npi":[1730612979]},{"billed_charge":187.68,"npi":[1730612979]},{"billed_charge":208.00,"npi":[1730612979]},{"billed_charge":247.00,"npi":[1730612979]},{"billed_charge":400.00,"npi":[1730612979]}]},{"allowed_amount":0.00,"billing_code_modifier":[""],"providers":[{"billed_charge":49.00,"npi":[1730612979]},{"billed_charge":52.00,"npi":[1730612979]},{"billed_charge":54.32,"npi":[1730612979]},{"billed_charge":90.00,"npi":[1730612979]},{"billed_charge":94.00,"npi":[1730612979]},{"billed_charge":114.00,"npi":[1730612979]},{"billed_charge":173.00,"npi":[1730612979]},{"billed_charge":187.68,"npi":[1730612979]},{"billed_charge":208.00,"npi":[1730612979]},{"billed_charge":247.00,"npi":[1730612979]},{"billed_charge":400.00,"npi":[1730612979]}]},{"allowed_amount":0.00,"billing_code_modifier":[""],"providers":[{"billed_charge":49.00,"npi":[1730612979]},{"billed_charge":52.00,"npi":[1730612979]},{"billed_charge":54.32,"npi":[1730612979]},{"billed_charge":90.00,"npi":[1730612979]},{"billed_charge":94.00,"npi":[1730612979]},{"billed_charge":114.00,"npi":[1730612979]},{"billed_charge":173.00,"npi":[1730612979]},{"billed_charge":187.68,"npi":[1730612979]},{"billed_charge":208.00,"npi":[1730612979]},{"billed_charge":247.00,"npi":[1730612979]},{"billed_charge":400.00,"npi":[1730612979]}]},{"allowed_amount":0.00,"billing_code_modifier":[""],"providers":[{"billed_charge":49.00,"npi":[1730612979]},{"billed_charge":52.00,"npi":[1730612979]},{"billed_charge":54.32,"npi":[1730612979]},{"billed_charge":90.00,"npi":[1730612979]},{"billed_charge":94.00,"npi":[1730612979]},{"billed_charge":114.00,"npi":[1730612979]},{"billed_charge":173.00,"npi":[1730612979]},{"billed_charge":187.68,"npi":[1730612979]},{"billed_charge":208.00,"npi":[1730612979]},{"billed_charge":247.00,"npi":[1730612979]},{"billed_charge":400.00,"npi":[1730612979]}]}]},{"tin":{"type":"ein","value":"811862049"},"service_code":["23"],"billing_class":"institutional","payments":[{"allowed_amount":0.00,"billing_code_modifier":[""],"providers":[{"billed_charge":49.00,"npi":[1730612979]},{"billed_charge":52.00,"npi":[1730612979]},{"billed_charge":54.32,"npi":[1730612979]},{"billed_charge":90.00,"npi":[1730612979]},{"billed_charge":94.00,"npi":[1730612979]},{"billed_charge":114.00,"npi":[1730612979]},{"billed_charge":173.00,"npi":[1730612979]},{"billed_charge":187.68,"npi":[1730612979]},{"billed_charge":208.00,"npi":[1730612979]},{"billed_charge":247.00,"npi":[1730612979]},{"billed_charge":400.00,"npi":[1730612979]}]},{"allowed_amount":0.00,"billing_code_modifier":[""],"providers":[{"billed_charge":49.00,"npi":[1730612979]},{"billed_charge":52.00,"npi":[1730612979]},{"billed_charge":54.32,"npi":[1730612979]},{"billed_charge":90.00,"npi":[1730612979]},{"billed_charge":94.00,"npi":[1730612979]},{"billed_charge":114.00,"npi":[1730612979]},{"billed_charge":173.00,"npi":[1730612979]},{"billed_charge":187.68,"npi":[1730612979]},{"billed_charge":208.00,"npi":[1730612979]},{"billed_charge":247.00,"npi":[1730612979]},{"billed_charge":400.00,"npi":[1730612979]}]},{"allowed_amount":0.00,"billing_code_modifier":[""],"providers":[{"billed_charge":49.00,"npi":[1730612979]},{"billed_charge":52.00,"npi":[1730612979]},{"billed_charge":54.32,"npi":[1730612979]},{"billed_charge":90.00,"npi":[1730612979]},{"billed_charge":94.00,"npi":[1730612979]},{"billed_charge":114.00,"npi":[1730612979]},{"billed_charge":173.00,"npi":[1730612979]},{"billed_charge":187.68,"npi":[1730612979]},{"billed_charge":208.00,"npi":[1730612979]},{"billed_charge":247.00,"npi":[1730612979]},{"billed_charge":400.00,"npi":[1730612979]}]},{"allowed_amount":0.00,"billing_code_modifier":[""],"providers":[{"billed_charge":49.00,"npi":[1730612979]},{"billed_charge":52.00,"npi":[1730612979]},{"billed_charge":54.32,"npi":[1730612979]},{"billed_charge":90.00,"npi":[1730612979]},{"billed_charge":94.00,"npi":[1730612979]},{"billed_charge":114.00,"npi":[1730612979]},{"billed_charge":173.00,"npi":[1730612979]},{"billed_charge":187.68,"npi":[1730612979]},{"billed_charge":208.00,"npi":[1730612979]},{"billed_charge":247.00,"npi":[1730612979]},{"billed_charge":400.00,"npi":[1730612979]}]},{"allowed_amount":0.00,"billing_code_modifier":[""],"providers":[{"billed_charge":49.00,"npi":[1730612979]},{"billed_charge":52.00,"npi":[1730612979]},{"billed_charge":54.32,"npi":[1730612979]},{"billed_charge":90.00,"npi":[1730612979]},{"billed_charge":94.00,"npi":[1730612979]},{"billed_charge":114.00,"npi":[1730612979]},{"billed_charge":173.00,"npi":[1730612979]},{"billed_charge":187.68,"npi":[1730612979]},{"billed_charge":208.00,"npi":[1730612979]},{"billed_charge":247.00,"npi":[1730612979]},{"billed_charge":400.00,"npi":[1730612979]}]},{"allowed_amount":0.00,"billing_code_modifier":[""],"providers":[{"billed_charge":49.00,"npi":[1730612979]},{"billed_charge":52.00,"npi":[1730612979]},{"billed_charge":54.32,"npi":[1730612979]},{"billed_charge":90.00,"npi":[1730612979]},{"billed_charge":94.00,"npi":[1730612979]},{"billed_charge":114.00,"npi":[1730612979]},{"billed_charge":173.00,"npi":[1730612979]},{"billed_charge":187.68,"npi":[1730612979]},{"billed_charge":208.00,"npi":[1730612979]},{"billed_charge":247.00,"npi":[1730612979]},{"billed_charge":400.00,"npi":[1730612979]}]},{"allowed_amount":0.00,"billing_code_modifier":[""],"providers":[{"billed_charge":49.00,"npi":[1730612979]},{"billed_charge":52.00,"npi":[1730612979]},{"billed_charge":54.32,"npi":[1730612979]},{"billed_charge":90.00,"npi":[1730612979]},{"billed_charge":94.00,"npi":[1730612979]},{"billed_charge":114.00,"npi":[1730612979]},{"billed_charge":173.00,"npi":[1730612979]},{"billed_charge":187.68,"npi":[1730612979]},{"billed_charge":208.00,"npi":[1730612979]},{"billed_charge":247.00,"npi":[1730612979]},{"billed_charge":400.00,"npi":[1730612979]}]},{"allowed_amount":0.00,"billing_code_modifier":[""],"providers":[{"billed_charge":49.00,"npi":[1730612979]},{"billed_charge":52.00,"npi":[1730612979]},{"billed_charge":54.32,"npi":[1730612979]},{"billed_charge":90.00,"npi":[1730612979]},{"billed_charge":94.00,"npi":[1730612979]},{"billed_charge":114.00,"npi":[1730612979]},{"billed_charge":173.00,"npi":[1730612979]},{"billed_charge":187.68,"npi":[1730612979]},{"billed_charge":208.00,"npi":[1730612979]},{"billed_charge":247.00,"npi":[1730612979]},{"billed_charge":400.00,"npi":[1730612979]}]},{"allowed_amount":0.00,"billing_code_modifier":[""],"providers":[{"billed_charge":49.00,"npi":[1730612979]},{"billed_charge":52.00,"npi":[1730612979]},{"billed_charge":54.32,"npi":[1730612979]},{"billed_charge":90.00,"npi":[1730612979]},{"billed_charge":94.00,"npi":[1730612979]},{"billed_charge":114.00,"npi":[1730612979]},{"billed_charge":173.00,"npi":[1730612979]},{"billed_charge":187.68,"npi":[1730612979]},{"billed_charge":208.00,"npi":[1730612979]},{"billed_charge":247.00,"npi":[1730612979]},{"billed_charge":400.00,"npi":[1730612979]}]},{"allowed_amount":0.00,"billing_code_modifier":[""],"providers":[{"billed_charge":49.00,"npi":[1730612979]},{"billed_charge":52.00,"npi":[1730612979]},{"billed_charge":54.32,"npi":[1730612979]},{"billed_charge":90.00,"npi":[1730612979]},{"billed_charge":94.00,"npi":[1730612979]},{"billed_charge":114.00,"npi":[1730612979]},{"billed_charge":173.00,"npi":[1730612979]},{"billed_charge":187.68,"npi":[1730612979]},{"billed_charge":208.00,"npi":[1730612979]},{"billed_charge":247.00,"npi":[1730612979]},{"billed_charge":400.00,"npi":[1730612979]}]},{"allowed_amount":0.00,"billing_code_modifier":[""],"providers":[{"billed_charge":49.00,"npi":[1730612979]},{"billed_charge":52.00,"npi":[1730612979]},{"billed_charge":54.32,"npi":[1730612979]},{"billed_charge":90.00,"npi":[1730612979]},{"billed_charge":94.00,"npi":[1730612979]},{"billed_charge":114.00,"npi":[1730612979]},{"billed_charge":173.00,"npi":[1730612979]},{"billed_charge":187.68,"npi":[1730612979]},{"billed_charge":208.00,"npi":[1730612979]},{"billed_charge":247.00,"npi":[1730612979]},{"billed_charge":400.00,"npi":[1730612979]}]}]},{"tin":{"type":"ein","value":"811862049"},"service_code":["23"],"billing_class":"institutional","payments":[{"allowed_amount":0.00,"billing_code_modifier":[""],"providers":[{"billed_charge":49.00,"npi":[1730612979]},{"billed_charge":52.00,"npi":[1730612979]},{"billed_charge":54.32,"npi":[1730612979]},{"billed_charge":90.00,"npi":[1730612979]},{"billed_charge":94.00,"npi":[1730612979]},{"billed_charge":114.00,"npi":[1730612979]},{"billed_charge":173.00,"npi":[1730612979]},{"billed_charge":187.68,"npi":[1730612979]},{"billed_charge":208.00,"npi":[1730612979]},{"billed_charge":247.00,"npi":[1730612979]},{"billed_charge":400.00,"npi":[1730612979]}]},{"allowed_amount":0.00,"billing_code_modifier":[""],"providers":[{"billed_charge":49.00,"npi":[1730612979]},{"billed_charge":52.00,"npi":[1730612979]},{"billed_charge":54.32,"npi":[1730612979]},{"billed_charge":90.00,"npi":[1730612979]},{"billed_charge":94.00,"npi":[1730612979]},{"billed_charge":114.00,"npi":[1730612979]},{"billed_charge":173.00,"npi":[1730612979]},{"billed_charge":187.68,"npi":[1730612979]},{"billed_charge":208.00,"npi":[1730612979]},{"billed_charge":247.00,"npi":[1730612979]},{"billed_charge":400.00,"npi":[1730612979]}]},{"allowed_amount":0.00,"billing_code_modifier":[""],"providers":[{"billed_charge":49.00,"npi":[1730612979]},{"billed_charge":52.00,"npi":[1730612979]},{"billed_charge":54.32,"npi":[1730612979]},{"billed_charge":90.00,"npi":[1730612979]},{"billed_charge":94.00,"npi":[1730612979]},{"billed_charge":114.00,"npi":[1730612979]},{"billed_charge":173.00,"npi":[1730612979]},{"billed_charge":187.68,"npi":[1730612979]},{"billed_charge":208.00,"npi":[1730612979]},{"billed_charge":247.00,"npi":[1730612979]},{"billed_charge":400.00,"npi":[1730612979]}]},{"allowed_amount":0.00,"billing_code_modifier":[""],"providers":[{"billed_charge":49.00,"npi":[1730612979]},{"billed_charge":52.00,"npi":[1730612979]},{"billed_charge":54.32,"npi":[1730612979]},{"billed_charge":90.00,"npi":[1730612979]},{"billed_charge":94.00,"npi":[1730612979]},{"billed_charge":114.00,"npi":[1730612979]},{"billed_charge":173.00,"npi":[1730612979]},{"billed_charge":187.68,"npi":[1730612979]},{"billed_charge":208.00,"npi":[1730612979]},{"billed_charge":247.00,"npi":[1730612979]},{"billed_charge":400.00,"npi":[1730612979]}]},{"allowed_amount":0.00,"billing_code_modifier":[""],"providers":[{"billed_charge":49.00,"npi":[1730612979]},{"billed_charge":52.00,"npi":[1730612979]},{"billed_charge":54.32,"npi":[1730612979]},{"billed_charge":90.00,"npi":[1730612979]},{"billed_charge":94.00,"npi":[1730612979]},{"billed_charge":114.00,"npi":[1730612979]},{"billed_charge":173.00,"npi":[1730612979]},{"billed_charge":187.68,"npi":[1730612979]},{"billed_charge":208.00,"npi":[1730612979]},{"billed_charge":247.00,"npi":[1730612979]},{"billed_charge":400.00,"npi":[1730612979]}]},{"allowed_amount":0.00,"billing_code_modifier":[""],"providers":[{"billed_charge":49.00,"npi":[1730612979]},{"billed_charge":52.00,"npi":[1730612979]},{"billed_charge":54.32,"npi":[1730612979]},{"billed_charge":90.00,"npi":[1730612979]},{"billed_charge":94.00,"npi":[1730612979]},{"billed_charge":114.00,"npi":[1730612979]},{"billed_charge":173.00,"npi":[1730612979]},{"billed_charge":187.68,"npi":[1730612979]},{"billed_charge":208.00,"npi":[1730612979]},{"billed_charge":247.00,"npi":[1730612979]},{"billed_charge":400.00,"npi":[1730612979]}]},{"allowed_amount":0.00,"billing_code_modifier":[""],"providers":[{"billed_charge":49.00,"npi":[1730612979]},{"billed_charge":52.00,"npi":[1730612979]},{"billed_charge":54.32,"npi":[1730612979]},{"billed_charge":90.00,"npi":[1730612979]},{"billed_charge":94.00,"npi":[1730612979]},{"billed_charge":114.00,"npi":[1730612979]},{"billed_charge":173.00,"npi":[1730612979]},{"billed_charge":187.68,"npi":[1730612979]},{"billed_charge":208.00,"npi":[1730612979]},{"billed_charge":247.00,"npi":[1730612979]},{"billed_charge":400.00,"npi":[1730612979]}]},{"allowed_amount":0.00,"billing_code_modifier":[""],"providers":[{"billed_charge":49.00,"npi":[1730612979]},{"billed_charge":52.00,"npi":[1730612979]},{"billed_charge":54.32,"npi":[1730612979]},{"billed_charge":90.00,"npi":[1730612979]},{"billed_charge":94.00,"npi":[1730612979]},{"billed_charge":114.00,"npi":[1730612979]},{"billed_charge":173.00,"npi":[1730612979]},{"billed_charge":187.68,"npi":[1730612979]},{"billed_charge":208.00,"npi":[1730612979]},{"billed_charge":247.00,"npi":[1730612979]},{"billed_charge":400.00,"npi":[1730612979]}]},{"allowed_amount":0.00,"billing_code_modifier":[""],"providers":[{"billed_charge":49.00,"npi":[1730612979]},{"billed_charge":52.00,"npi":[1730612979]},{"billed_charge":54.32,"npi":[1730612979]},{"billed_charge":90.00,"npi":[1730612979]},{"billed_charge":94.00,"npi":[1730612979]},{"billed_charge":114.00,"npi":[1730612979]},{"billed_charge":173.00,"npi":[1730612979]},{"billed_charge":187.68,"npi":[1730612979]},{"billed_charge":208.00,"npi":[1730612979]},{"billed_charge":247.00,"npi":[1730612979]},{"billed_charge":400.00,"npi":[1730612979]}]},{"allowed_amount":0.00,"billing_code_modifier":[""],"providers":[{"billed_charge":49.00,"npi":[1730612979]},{"billed_charge":52.00,"npi":[1730612979]},{"billed_charge":54.32,"npi":[1730612979]},{"billed_charge":90.00,"npi":[1730612979]},{"billed_charge":94.00,"npi":[1730612979]},{"billed_charge":114.00,"npi":[1730612979]},{"billed_charge":173.00,"npi":[1730612979]},{"billed_charge":187.68,"npi":[1730612979]},{"billed_charge":208.00,"npi":[1730612979]},{"billed_charge":247.00,"npi":[1730612979]},{"billed_charge":400.00,"npi":[1730612979]}]},{"allowed_amount":0.00,"billing_code_modifier":[""],"providers":[{"billed_charge":49.00,"npi":[1730612979]},{"billed_charge":52.00,"npi":[1730612979]},{"billed_charge":54.32,"npi":[1730612979]},{"billed_charge":90.00,"npi":[1730612979]},{"billed_charge":94.00,"npi":[1730612979]},{"billed_charge":114.00,"npi":[1730612979]},{"billed_charge":173.00,"npi":[1730612979]},{"billed_charge":187.68,"npi":[1730612979]},{"billed_charge":208.00,"npi":[1730612979]},{"billed_charge":247.00,"npi":[1730612979]},{"billed_charge":400.00,"npi":[1730612979]}]}]},{"tin":{"type":"ein","value":"811862049"},"service_code":["23"],"billing_class":"institutional","payments":[{"allowed_amount":0.00,"billing_code_modifier":[""],"providers":[{"billed_charge":49.00,"npi":[1730612979]},{"billed_charge":52.00,"npi":[1730612979]},{"billed_charge":54.32,"npi":[1730612979]},{"billed_charge":90.00,"npi":[1730612979]},{"billed_charge":94.00,"npi":[1730612979]},{"billed_charge":114.00,"npi":[1730612979]},{"billed_charge":173.00,"npi":[1730612979]},{"billed_charge":187.68,"npi":[1730612979]},{"billed_charge":208.00,"npi":[1730612979]},{"billed_charge":247.00,"npi":[1730612979]},{"billed_charge":400.00,"npi":[1730612979]}]},{"allowed_amount":0.00,"billing_code_modifier":[""],"providers":[{"billed_charge":49.00,"npi":[1730612979]},{"billed_charge":52.00,"npi":[1730612979]},{"billed_charge":54.32,"npi":[1730612979]},{"billed_charge":90.00,"npi":[1730612979]},{"billed_charge":94.00,"npi":[1730612979]},{"billed_charge":114.00,"npi":[1730612979]},{"billed_charge":173.00,"npi":[1730612979]},{"billed_charge":187.68,"npi":[1730612979]},{"billed_charge":208.00,"npi":[1730612979]},{"billed_charge":247.00,"npi":[1730612979]},{"billed_charge":400.00,"npi":[1730612979]}]},{"allowed_amount":0.00,"billing_code_modifier":[""],"providers":[{"billed_charge":49.00,"npi":[1730612979]},{"billed_charge":52.00,"npi":[1730612979]},{"billed_charge":54.32,"npi":[1730612979]},{"billed_charge":90.00,"npi":[1730612979]},{"billed_charge":94.00,"npi":[1730612979]},{"billed_charge":114.00,"npi":[1730612979]},{"billed_charge":173.00,"npi":[1730612979]},{"billed_charge":187.68,"npi":[1730612979]},{"billed_charge":208.00,"npi":[1730612979]},{"billed_charge":247.00,"npi":[1730612979]},{"billed_charge":400.00,"npi":[1730612979]}]},{"allowed_amount":0.00,"billing_code_modifier":[""],"providers":[{"billed_charge":49.00,"npi":[1730612979]},{"billed_charge":52.00,"npi":[1730612979]},{"billed_charge":54.32,"npi":[1730612979]},{"billed_charge":90.00,"npi":[1730612979]},{"billed_charge":94.00,"npi":[1730612979]},{"billed_charge":114.00,"npi":[1730612979]},{"billed_charge":173.00,"npi":[1730612979]},{"billed_charge":187.68,"npi":[1730612979]},{"billed_charge":208.00,"npi":[1730612979]},{"billed_charge":247.00,"npi":[1730612979]},{"billed_charge":400.00,"npi":[1730612979]}]},{"allowed_amount":0.00,"billing_code_modifier":[""],"providers":[{"billed_charge":49.00,"npi":[1730612979]},{"billed_charge":52.00,"npi":[1730612979]},{"billed_charge":54.32,"npi":[1730612979]},{"billed_charge":90.00,"npi":[1730612979]},{"billed_charge":94.00,"npi":[1730612979]},{"billed_charge":114.00,"npi":[1730612979]},{"billed_charge":173.00,"npi":[1730612979]},{"billed_charge":187.68,"npi":[1730612979]},{"billed_charge":208.00,"npi":[1730612979]},{"billed_charge":247.00,"npi":[1730612979]},{"billed_charge":400.00,"npi":[1730612979]}]},{"allowed_amount":0.00,"billing_code_modifier":[""],"providers":[{"billed_charge":49.00,"npi":[1730612979]},{"billed_charge":52.00,"npi":[1730612979]},{"billed_charge":54.32,"npi":[1730612979]},{"billed_charge":90.00,"npi":[1730612979]},{"billed_charge":94.00,"npi":[1730612979]},{"billed_charge":114.00,"npi":[1730612979]},{"billed_charge":173.00,"npi":[1730612979]},{"billed_charge":187.68,"npi":[1730612979]},{"billed_charge":208.00,"npi":[1730612979]},{"billed_charge":247.00,"npi":[1730612979]},{"billed_charge":400.00,"npi":[1730612979]}]},{"allowed_amount":0.00,"billing_code_modifier":[""],"providers":[{"billed_charge":49.00,"npi":[1730612979]},{"billed_charge":52.00,"npi":[1730612979]},{"billed_charge":54.32,"npi":[1730612979]},{"billed_charge":90.00,"npi":[1730612979]},{"billed_charge":94.00,"npi":[1730612979]},{"billed_charge":114.00,"npi":[1730612979]},{"billed_charge":173.00,"npi":[1730612979]},{"billed_charge":187.68,"npi":[1730612979]},{"billed_charge":208.00,"npi":[1730612979]},{"billed_charge":247.00,"npi":[1730612979]},{"billed_charge":400.00,"npi":[1730612979]}]},{"allowed_amount":0.00,"billing_code_modifier":[""],"providers":[{"billed_charge":49.00,"npi":[1730612979]},{"billed_charge":52.00,"npi":[1730612979]},{"billed_charge":54.32,"npi":[1730612979]},{"billed_charge":90.00,"npi":[1730612979]},{"billed_charge":94.00,"npi":[1730612979]},{"billed_charge":114.00,"npi":[1730612979]},{"billed_charge":173.00,"npi":[1730612979]},{"billed_charge":187.68,"npi":[1730612979]},{"billed_charge":208.00,"npi":[1730612979]},{"billed_charge":247.00,"npi":[1730612979]},{"billed_charge":400.00,"npi":[1730612979]}]},{"allowed_amount":0.00,"billing_code_modifier":[""],"providers":[{"billed_charge":49.00,"npi":[1730612979]},{"billed_charge":52.00,"npi":[1730612979]},{"billed_charge":54.32,"npi":[1730612979]},{"billed_charge":90.00,"npi":[1730612979]},{"billed_charge":94.00,"npi":[1730612979]},{"billed_charge":114.00,"npi":[1730612979]},{"billed_charge":173.00,"npi":[1730612979]},{"billed_charge":187.68,"npi":[1730612979]},{"billed_charge":208.00,"npi":[1730612979]},{"billed_charge":247.00,"npi":[1730612979]},{"billed_charge":400.00,"npi":[1730612979]}]},{"allowed_amount":0.00,"billing_code_modifier":[""],"providers":[{"billed_charge":49.00,"npi":[1730612979]},{"billed_charge":52.00,"npi":[1730612979]},{"billed_charge":54.32,"npi":[1730612979]},{"billed_charge":90.00,"npi":[1730612979]},{"billed_charge":94.00,"npi":[1730612979]},{"billed_charge":114.00,"npi":[1730612979]},{"billed_charge":173.00,"npi":[1730612979]},{"billed_charge":187.68,"npi":[1730612979]},{"billed_charge":208.00,"npi":[1730612979]},{"billed_charge":247.00,"npi":[1730612979]},{"billed_charge":400.00,"npi":[1730612979]}]},{"allowed_amount":0.00,"billing_code_modifier":[""],"providers":[{"billed_charge":49.00,"npi":[1730612979]},{"billed_charge":52.00,"npi":[1730612979]},{"billed_charge":54.32,"npi":[1730612979]},{"billed_charge":90.00,"npi":[1730612979]},{"billed_charge":94.00,"npi":[1730612979]},{"billed_charge":114.00,"npi":[1730612979]},{"billed_charge":173.00,"npi":[1730612979]},{"billed_charge":187.68,"npi":[1730612979]},{"billed_charge":208.00,"npi":[1730612979]},{"billed_charge":247.00,"npi":[1730612979]},{"billed_charge":400.00,"npi":[1730612979]}]}]},{"tin":{"type":"ein","value":"811862049"},"service_code":["23"],"billing_class":"institutional","payments":[{"allowed_amount":0.00,"billing_code_modifier":[""],"providers":[{"billed_charge":49.00,"npi":[1730612979]},{"billed_charge":52.00,"npi":[1730612979]},{"billed_charge":54.32,"npi":[1730612979]},{"billed_charge":90.00,"npi":[1730612979]},{"billed_charge":94.00,"npi":[1730612979]},{"billed_charge":114.00,"npi":[1730612979]},{"billed_charge":173.00,"npi":[1730612979]},{"billed_charge":187.68,"npi":[1730612979]},{"billed_charge":208.00,"npi":[1730612979]},{"billed_charge":247.00,"npi":[1730612979]},{"billed_charge":400.00,"npi":[1730612979]}]},{"allowed_amount":0.00,"billing_code_modifier":[""],"providers":[{"billed_charge":49.00,"npi":[1730612979]},{"billed_charge":52.00,"npi":[1730612979]},{"billed_charge":54.32,"npi":[1730612979]},{"billed_charge":90.00,"npi":[1730612979]},{"billed_charge":94.00,"npi":[1730612979]},{"billed_charge":114.00,"npi":[1730612979]},{"billed_charge":173.00,"npi":[1730612979]},{"billed_charge":187.68,"npi":[1730612979]},{"billed_charge":208.00,"npi":[1730612979]},{"billed_charge":247.00,"npi":[1730612979]},{"billed_charge":400.00,"npi":[1730612979]}]},{"allowed_amount":0.00,"billing_code_modifier":[""],"providers":[{"billed_charge":49.00,"npi":[1730612979]},{"billed_charge":52.00,"npi":[1730612979]},{"billed_charge":54.32,"npi":[1730612979]},{"billed_charge":90.00,"npi":[1730612979]},{"billed_charge":94.00,"npi":[1730612979]},{"billed_charge":114.00,"npi":[1730612979]},{"billed_charge":173.00,"npi":[1730612979]},{"billed_charge":187.68,"npi":[1730612979]},{"billed_charge":208.00,"npi":[1730612979]},{"billed_charge":247.00,"npi":[1730612979]},{"billed_charge":400.00,"npi":[1730612979]}]},{"allowed_amount":0.00,"billing_code_modifier":[""],"providers":[{"billed_charge":49.00,"npi":[1730612979]},{"billed_charge":52.00,"npi":[1730612979]},{"billed_charge":54.32,"npi":[1730612979]},{"billed_charge":90.00,"npi":[1730612979]},{"billed_charge":94.00,"npi":[1730612979]},{"billed_charge":114.00,"npi":[1730612979]},{"billed_charge":173.00,"npi":[1730612979]},{"billed_charge":187.68,"npi":[1730612979]},{"billed_charge":208.00,"npi":[1730612979]},{"billed_charge":247.00,"npi":[1730612979]},{"billed_charge":400.00,"npi":[1730612979]}]},{"allowed_amount":0.00,"billing_code_modifier":[""],"providers":[{"billed_charge":49.00,"npi":[1730612979]},{"billed_charge":52.00,"npi":[1730612979]},{"billed_charge":54.32,"npi":[1730612979]},{"billed_charge":90.00,"npi":[1730612979]},{"billed_charge":94.00,"npi":[1730612979]},{"billed_charge":114.00,"npi":[1730612979]},{"billed_charge":173.00,"npi":[1730612979]},{"billed_charge":187.68,"npi":[1730612979]},{"billed_charge":208.00,"npi":[1730612979]},{"billed_charge":247.00,"npi":[1730612979]},{"billed_charge":400.00,"npi":[1730612979]}]},{"allowed_amount":0.00,"billing_code_modifier":[""],"providers":[{"billed_charge":49.00,"npi":[1730612979]},{"billed_charge":52.00,"npi":[1730612979]},{"billed_charge":54.32,"npi":[1730612979]},{"billed_charge":90.00,"npi":[1730612979]},{"billed_charge":94.00,"npi":[1730612979]},{"billed_charge":114.00,"npi":[1730612979]},{"billed_charge":173.00,"npi":[1730612979]},{"billed_charge":187.68,"npi":[1730612979]},{"billed_charge":208.00,"npi":[1730612979]},{"billed_charge":247.00,"npi":[1730612979]},{"billed_charge":400.00,"npi":[1730612979]}]},{"allowed_amount":0.00,"billing_code_modifier":[""],"providers":[{"billed_charge":49.00,"npi":[1730612979]},{"billed_charge":52.00,"npi":[1730612979]},{"billed_charge":54.32,"npi":[1730612979]},{"billed_charge":90.00,"npi":[1730612979]},{"billed_charge":94.00,"npi":[1730612979]},{"billed_charge":114.00,"npi":[1730612979]},{"billed_charge":173.00,"npi":[1730612979]},{"billed_charge":187.68,"npi":[1730612979]},{"billed_charge":208.00,"npi":[1730612979]},{"billed_charge":247.00,"npi":[1730612979]},{"billed_charge":400.00,"npi":[1730612979]}]},{"allowed_amount":0.00,"billing_code_modifier":[""],"providers":[{"billed_charge":49.00,"npi":[1730612979]},{"billed_charge":52.00,"npi":[1730612979]},{"billed_charge":54.32,"npi":[1730612979]},{"billed_charge":90.00,"npi":[1730612979]},{"billed_charge":94.00,"npi":[1730612979]},{"billed_charge":114.00,"npi":[1730612979]},{"billed_charge":173.00,"npi":[1730612979]},{"billed_charge":187.68,"npi":[1730612979]},{"billed_charge":208.00,"npi":[1730612979]},{"billed_charge":247.00,"npi":[1730612979]},{"billed_charge":400.00,"npi":[1730612979]}]},{"allowed_amount":0.00,"billing_code_modifier":[""],"providers":[{"billed_charge":49.00,"npi":[1730612979]},{"billed_charge":52.00,"npi":[1730612979]},{"billed_charge":54.32,"npi":[1730612979]},{"billed_charge":90.00,"npi":[1730612979]},{"billed_charge":94.00,"npi":[1730612979]},{"billed_charge":114.00,"npi":[1730612979]},{"billed_charge":173.00,"npi":[1730612979]},{"billed_charge":187.68,"npi":[1730612979]},{"billed_charge":208.00,"npi":[1730612979]},{"billed_charge":247.00,"npi":[1730612979]},{"billed_charge":400.00,"npi":[1730612979]}]},{"allowed_amount":0.00,"billing_code_modifier":[""],"providers":[{"billed_charge":49.00,"npi":[1730612979]},{"billed_charge":52.00,"npi":[1730612979]},{"billed_charge":54.32,"npi":[1730612979]},{"billed_charge":90.00,"npi":[1730612979]},{"billed_charge":94.00,"npi":[1730612979]},{"billed_charge":114.00,"npi":[1730612979]},{"billed_charge":173.00,"npi":[1730612979]},{"billed_charge":187.68,"npi":[1730612979]},{"billed_charge":208.00,"npi":[1730612979]},{"billed_charge":247.00,"npi":[1730612979]},{"billed_charge":400.00,"npi":[1730612979]}]},{"allowed_amount":0.00,"billing_code_modifier":[""],"providers":[{"billed_charge":49.00,"npi":[1730612979]},{"billed_charge":52.00,"npi":[1730612979]},{"billed_charge":54.32,"npi":[1730612979]},{"billed_charge":90.00,"npi":[1730612979]},{"billed_charge":94.00,"npi":[1730612979]},{"billed_charge":114.00,"npi":[1730612979]},{"billed_charge":173.00,"npi":[1730612979]},{"billed_charge":187.68,"npi":[1730612979]},{"billed_charge":208.00,"npi":[1730612979]},{"billed_charge":247.00,"npi":[1730612979]},{"billed_charge":400.00,"npi":[1730612979]}]}]},{"tin":{"type":"ein","value":"811862049"},"service_code":["23"],"billing_class":"institutional","payments":[{"allowed_amount":0.00,"billing_code_modifier":[""],"providers":[{"billed_charge":49.00,"npi":[1730612979]},{"billed_charge":52.00,"npi":[1730612979]},{"billed_charge":54.32,"npi":[1730612979]},{"billed_charge":90.00,"npi":[1730612979]},{"billed_charge":94.00,"npi":[1730612979]},{"billed_charge":114.00,"npi":[1730612979]},{"billed_charge":173.00,"npi":[1730612979]},{"billed_charge":187.68,"npi":[1730612979]},{"billed_charge":208.00,"npi":[1730612979]},{"billed_charge":247.00,"npi":[1730612979]},{"billed_charge":400.00,"npi":[1730612979]}]},{"allowed_amount":0.00,"billing_code_modifier":[""],"providers":[{"billed_charge":49.00,"npi":[1730612979]},{"billed_charge":52.00,"npi":[1730612979]},{"billed_charge":54.32,"npi":[1730612979]},{"billed_charge":90.00,"npi":[1730612979]},{"billed_charge":94.00,"npi":[1730612979]},{"billed_charge":114.00,"npi":[1730612979]},{"billed_charge":173.00,"npi":[1730612979]},{"billed_charge":187.68,"npi":[1730612979]},{"billed_charge":208.00,"npi":[1730612979]},{"billed_charge":247.00,"npi":[1730612979]},{"billed_charge":400.00,"npi":[1730612979]}]},{"allowed_amount":0.00,"billing_code_modifier":[""],"providers":[{"billed_charge":49.00,"npi":[1730612979]},{"billed_charge":52.00,"npi":[1730612979]},{"billed_charge":54.32,"npi":[1730612979]},{"billed_charge":90.00,"npi":[1730612979]},{"billed_charge":94.00,"npi":[1730612979]},{"billed_charge":114.00,"npi":[1730612979]},{"billed_charge":173.00,"npi":[1730612979]},{"billed_charge":187.68,"npi":[1730612979]},{"billed_charge":208.00,"npi":[1730612979]},{"billed_charge":247.00,"npi":[1730612979]},{"billed_charge":400.00,"npi":[1730612979]}]},{"allowed_amount":0.00,"billing_code_modifier":[""],"providers":[{"billed_charge":49.00,"npi":[1730612979]},{"billed_charge":52.00,"npi":[1730612979]},{"billed_charge":54.32,"npi":[1730612979]},{"billed_charge":90.00,"npi":[1730612979]},{"billed_charge":94.00,"npi":[1730612979]},{"billed_charge":114.00,"npi":[1730612979]},{"billed_charge":173.00,"npi":[1730612979]},{"billed_charge":187.68,"npi":[1730612979]},{"billed_charge":208.00,"npi":[1730612979]},{"billed_charge":247.00,"npi":[1730612979]},{"billed_charge":400.00,"npi":[1730612979]}]},{"allowed_amount":0.00,"billing_code_modifier":[""],"providers":[{"billed_charge":49.00,"npi":[1730612979]},{"billed_charge":52.00,"npi":[1730612979]},{"billed_charge":54.32,"npi":[1730612979]},{"billed_charge":90.00,"npi":[1730612979]},{"billed_charge":94.00,"npi":[1730612979]},{"billed_charge":114.00,"npi":[1730612979]},{"billed_charge":173.00,"npi":[1730612979]},{"billed_charge":187.68,"npi":[1730612979]},{"billed_charge":208.00,"npi":[1730612979]},{"billed_charge":247.00,"npi":[1730612979]},{"billed_charge":400.00,"npi":[1730612979]}]},{"allowed_amount":0.00,"billing_code_modifier":[""],"providers":[{"billed_charge":49.00,"npi":[1730612979]},{"billed_charge":52.00,"npi":[1730612979]},{"billed_charge":54.32,"npi":[1730612979]},{"billed_charge":90.00,"npi":[1730612979]},{"billed_charge":94.00,"npi":[1730612979]},{"billed_charge":114.00,"npi":[1730612979]},{"billed_charge":173.00,"npi":[1730612979]},{"billed_charge":187.68,"npi":[1730612979]},{"billed_charge":208.00,"npi":[1730612979]},{"billed_charge":247.00,"npi":[1730612979]},{"billed_charge":400.00,"npi":[1730612979]}]},{"allowed_amount":0.00,"billing_code_modifier":[""],"providers":[{"billed_charge":49.00,"npi":[1730612979]},{"billed_charge":52.00,"npi":[1730612979]},{"billed_charge":54.32,"npi":[1730612979]},{"billed_charge":90.00,"npi":[1730612979]},{"billed_charge":94.00,"npi":[1730612979]},{"billed_charge":114.00,"npi":[1730612979]},{"billed_charge":173.00,"npi":[1730612979]},{"billed_charge":187.68,"npi":[1730612979]},{"billed_charge":208.00,"npi":[1730612979]},{"billed_charge":247.00,"npi":[1730612979]},{"billed_charge":400.00,"npi":[1730612979]}]},{"allowed_amount":0.00,"billing_code_modifier":[""],"providers":[{"billed_charge":49.00,"npi":[1730612979]},{"billed_charge":52.00,"npi":[1730612979]},{"billed_charge":54.32,"npi":[1730612979]},{"billed_charge":90.00,"npi":[1730612979]},{"billed_charge":94.00,"npi":[1730612979]},{"billed_charge":114.00,"npi":[1730612979]},{"billed_charge":173.00,"npi":[1730612979]},{"billed_charge":187.68,"npi":[1730612979]},{"billed_charge":208.00,"npi":[1730612979]},{"billed_charge":247.00,"npi":[1730612979]},{"billed_charge":400.00,"npi":[1730612979]}]},{"allowed_amount":0.00,"billing_code_modifier":[""],"providers":[{"billed_charge":49.00,"npi":[1730612979]},{"billed_charge":52.00,"npi":[1730612979]},{"billed_charge":54.32,"npi":[1730612979]},{"billed_charge":90.00,"npi":[1730612979]},{"billed_charge":94.00,"npi":[1730612979]},{"billed_charge":114.00,"npi":[1730612979]},{"billed_charge":173.00,"npi":[1730612979]},{"billed_charge":187.68,"npi":[1730612979]},{"billed_charge":208.00,"npi":[1730612979]},{"billed_charge":247.00,"npi":[1730612979]},{"billed_charge":400.00,"npi":[1730612979]}]},{"allowed_amount":0.00,"billing_code_modifier":[""],"providers":[{"billed_charge":49.00,"npi":[1730612979]},{"billed_charge":52.00,"npi":[1730612979]},{"billed_charge":54.32,"npi":[1730612979]},{"billed_charge":90.00,"npi":[1730612979]},{"billed_charge":94.00,"npi":[1730612979]},{"billed_charge":114.00,"npi":[1730612979]},{"billed_charge":173.00,"npi":[1730612979]},{"billed_charge":187.68,"npi":[1730612979]},{"billed_charge":208.00,"npi":[1730612979]},{"billed_charge":247.00,"npi":[1730612979]},{"billed_charge":400.00,"npi":[1730612979]}]},{"allowed_amount":0.00,"billing_code_modifier":[""],"providers":[{"billed_charge":49.00,"npi":[1730612979]},{"billed_charge":52.00,"npi":[1730612979]},{"billed_charge":54.32,"npi":[1730612979]},{"billed_charge":90.00,"npi":[1730612979]},{"billed_charge":94.00,"npi":[1730612979]},{"billed_charge":114.00,"npi":[1730612979]},{"billed_charge":173.00,"npi":[1730612979]},{"billed_charge":187.68,"npi":[1730612979]},{"billed_charge":208.00,"npi":[1730612979]},{"billed_charge":247.00,"npi":[1730612979]},{"billed_charge":400.00,"npi":[1730612979]}]}]},{"tin":{"type":"ein","value":"811862049"},"service_code":["23"],"billing_class":"institutional","payments":[{"allowed_amount":0.00,"billing_code_modifier":[""],"providers":[{"billed_charge":49.00,"npi":[1730612979]},{"billed_charge":52.00,"npi":[1730612979]},{"billed_charge":54.32,"npi":[1730612979]},{"billed_charge":90.00,"npi":[1730612979]},{"billed_charge":94.00,"npi":[1730612979]},{"billed_charge":114.00,"npi":[1730612979]},{"billed_charge":173.00,"npi":[1730612979]},{"billed_charge":187.68,"npi":[1730612979]},{"billed_charge":208.00,"npi":[1730612979]},{"billed_charge":247.00,"npi":[1730612979]},{"billed_charge":400.00,"npi":[1730612979]}]},{"allowed_amount":0.00,"billing_code_modifier":[""],"providers":[{"billed_charge":49.00,"npi":[1730612979]},{"billed_charge":52.00,"npi":[1730612979]},{"billed_charge":54.32,"npi":[1730612979]},{"billed_charge":90.00,"npi":[1730612979]},{"billed_charge":94.00,"npi":[1730612979]},{"billed_charge":114.00,"npi":[1730612979]},{"billed_charge":173.00,"npi":[1730612979]},{"billed_charge":187.68,"npi":[1730612979]},{"billed_charge":208.00,"npi":[1730612979]},{"billed_charge":247.00,"npi":[1730612979]},{"billed_charge":400.00,"npi":[1730612979]}]},{"allowed_amount":0.00,"billing_code_modifier":[""],"providers":[{"billed_charge":49.00,"npi":[1730612979]},{"billed_charge":52.00,"npi":[1730612979]},{"billed_charge":54.32,"npi":[1730612979]},{"billed_charge":90.00,"npi":[1730612979]},{"billed_charge":94.00,"npi":[1730612979]},{"billed_charge":114.00,"npi":[1730612979]},{"billed_charge":173.00,"npi":[1730612979]},{"billed_charge":187.68,"npi":[1730612979]},{"billed_charge":208.00,"npi":[1730612979]},{"billed_charge":247.00,"npi":[1730612979]},{"billed_charge":400.00,"npi":[1730612979]}]},{"allowed_amount":0.00,"billing_code_modifier":[""],"providers":[{"billed_charge":49.00,"npi":[1730612979]},{"billed_charge":52.00,"npi":[1730612979]},{"billed_charge":54.32,"npi":[1730612979]},{"billed_charge":90.00,"npi":[1730612979]},{"billed_charge":94.00,"npi":[1730612979]},{"billed_charge":114.00,"npi":[1730612979]},{"billed_charge":173.00,"npi":[1730612979]},{"billed_charge":187.68,"npi":[1730612979]},{"billed_charge":208.00,"npi":[1730612979]},{"billed_charge":247.00,"npi":[1730612979]},{"billed_charge":400.00,"npi":[1730612979]}]},{"allowed_amount":0.00,"billing_code_modifier":[""],"providers":[{"billed_charge":49.00,"npi":[1730612979]},{"billed_charge":52.00,"npi":[1730612979]},{"billed_charge":54.32,"npi":[1730612979]},{"billed_charge":90.00,"npi":[1730612979]},{"billed_charge":94.00,"npi":[1730612979]},{"billed_charge":114.00,"npi":[1730612979]},{"billed_charge":173.00,"npi":[1730612979]},{"billed_charge":187.68,"npi":[1730612979]},{"billed_charge":208.00,"npi":[1730612979]},{"billed_charge":247.00,"npi":[1730612979]},{"billed_charge":400.00,"npi":[1730612979]}]},{"allowed_amount":0.00,"billing_code_modifier":[""],"providers":[{"billed_charge":49.00,"npi":[1730612979]},{"billed_charge":52.00,"npi":[1730612979]},{"billed_charge":54.32,"npi":[1730612979]},{"billed_charge":90.00,"npi":[1730612979]},{"billed_charge":94.00,"npi":[1730612979]},{"billed_charge":114.00,"npi":[1730612979]},{"billed_charge":173.00,"npi":[1730612979]},{"billed_charge":187.68,"npi":[1730612979]},{"billed_charge":208.00,"npi":[1730612979]},{"billed_charge":247.00,"npi":[1730612979]},{"billed_charge":400.00,"npi":[1730612979]}]},{"allowed_amount":0.00,"billing_code_modifier":[""],"providers":[{"billed_charge":49.00,"npi":[1730612979]},{"billed_charge":52.00,"npi":[1730612979]},{"billed_charge":54.32,"npi":[1730612979]},{"billed_charge":90.00,"npi":[1730612979]},{"billed_charge":94.00,"npi":[1730612979]},{"billed_charge":114.00,"npi":[1730612979]},{"billed_charge":173.00,"npi":[1730612979]},{"billed_charge":187.68,"npi":[1730612979]},{"billed_charge":208.00,"npi":[1730612979]},{"billed_charge":247.00,"npi":[1730612979]},{"billed_charge":400.00,"npi":[1730612979]}]},{"allowed_amount":0.00,"billing_code_modifier":[""],"providers":[{"billed_charge":49.00,"npi":[1730612979]},{"billed_charge":52.00,"npi":[1730612979]},{"billed_charge":54.32,"npi":[1730612979]},{"billed_charge":90.00,"npi":[1730612979]},{"billed_charge":94.00,"npi":[1730612979]},{"billed_charge":114.00,"npi":[1730612979]},{"billed_charge":173.00,"npi":[1730612979]},{"billed_charge":187.68,"npi":[1730612979]},{"billed_charge":208.00,"npi":[1730612979]},{"billed_charge":247.00,"npi":[1730612979]},{"billed_charge":400.00,"npi":[1730612979]}]},{"allowed_amount":0.00,"billing_code_modifier":[""],"providers":[{"billed_charge":49.00,"npi":[1730612979]},{"billed_charge":52.00,"npi":[1730612979]},{"billed_charge":54.32,"npi":[1730612979]},{"billed_charge":90.00,"npi":[1730612979]},{"billed_charge":94.00,"npi":[1730612979]},{"billed_charge":114.00,"npi":[1730612979]},{"billed_charge":173.00,"npi":[1730612979]},{"billed_charge":187.68,"npi":[1730612979]},{"billed_charge":208.00,"npi":[1730612979]},{"billed_charge":247.00,"npi":[1730612979]},{"billed_charge":400.00,"npi":[1730612979]}]},{"allowed_amount":0.00,"billing_code_modifier":[""],"providers":[{"billed_charge":49.00,"npi":[1730612979]},{"billed_charge":52.00,"npi":[1730612979]},{"billed_charge":54.32,"npi":[1730612979]},{"billed_charge":90.00,"npi":[1730612979]},{"billed_charge":94.00,"npi":[1730612979]},{"billed_charge":114.00,"npi":[1730612979]},{"billed_charge":173.00,"npi":[1730612979]},{"billed_charge":187.68,"npi":[1730612979]},{"billed_charge":208.00,"npi":[1730612979]},{"billed_charge":247.00,"npi":[1730612979]},{"billed_charge":400.00,"npi":[1730612979]}]},{"allowed_amount":0.00,"billing_code_modifier":[""],"providers":[{"billed_charge":49.00,"npi":[1730612979]},{"billed_charge":52.00,"npi":[1730612979]},{"billed_charge":54.32,"npi":[1730612979]},{"billed_charge":90.00,"npi":[1730612979]},{"billed_charge":94.00,"npi":[1730612979]},{"billed_charge":114.00,"npi":[1730612979]},{"billed_charge":173.00,"npi":[1730612979]},{"billed_charge":187.68,"npi":[1730612979]},{"billed_charge":208.00,"npi":[1730612979]},{"billed_charge":247.00,"npi":[1730612979]},{"billed_charge":400.00,"npi":[1730612979]}]}]},{"tin":{"type":"ein","value":"811862049"},"service_code":["23"],"billing_class":"institutional","payments":[{"allowed_amount":0.00,"billing_code_modifier":[""],"providers":[{"billed_charge":49.00,"npi":[1730612979]},{"billed_charge":52.00,"npi":[1730612979]},{"billed_charge":54.32,"npi":[1730612979]},{"billed_charge":90.00,"npi":[1730612979]},{"billed_charge":94.00,"npi":[1730612979]},{"billed_charge":114.00,"npi":[1730612979]},{"billed_charge":173.00,"npi":[1730612979]},{"billed_charge":187.68,"npi":[1730612979]},{"billed_charge":208.00,"npi":[1730612979]},{"billed_charge":247.00,"npi":[1730612979]},{"billed_charge":400.00,"npi":[1730612979]}]},{"allowed_amount":0.00,"billing_code_modifier":[""],"providers":[{"billed_charge":49.00,"npi":[1730612979]},{"billed_charge":52.00,"npi":[1730612979]},{"billed_charge":54.32,"npi":[1730612979]},{"billed_charge":90.00,"npi":[1730612979]},{"billed_charge":94.00,"npi":[1730612979]},{"billed_charge":114.00,"npi":[1730612979]},{"billed_charge":173.00,"npi":[1730612979]},{"billed_charge":187.68,"npi":[1730612979]},{"billed_charge":208.00,"npi":[1730612979]},{"billed_charge":247.00,"npi":[1730612979]},{"billed_charge":400.00,"npi":[1730612979]}]},{"allowed_amount":0.00,"billing_code_modifier":[""],"providers":[{"billed_charge":49.00,"npi":[1730612979]},{"billed_charge":52.00,"npi":[1730612979]},{"billed_charge":54.32,"npi":[1730612979]},{"billed_charge":90.00,"npi":[1730612979]},{"billed_charge":94.00,"npi":[1730612979]},{"billed_charge":114.00,"npi":[1730612979]},{"billed_charge":173.00,"npi":[1730612979]},{"billed_charge":187.68,"npi":[1730612979]},{"billed_charge":208.00,"npi":[1730612979]},{"billed_charge":247.00,"npi":[1730612979]},{"billed_charge":400.00,"npi":[1730612979]}]},{"allowed_amount":0.00,"billing_code_modifier":[""],"providers":[{"billed_charge":49.00,"npi":[1730612979]},{"billed_charge":52.00,"npi":[1730612979]},{"billed_charge":54.32,"npi":[1730612979]},{"billed_charge":90.00,"npi":[1730612979]},{"billed_charge":94.00,"npi":[1730612979]},{"billed_charge":114.00,"npi":[1730612979]},{"billed_charge":173.00,"npi":[1730612979]},{"billed_charge":187.68,"npi":[1730612979]},{"billed_charge":208.00,"npi":[1730612979]},{"billed_charge":247.00,"npi":[1730612979]},{"billed_charge":400.00,"npi":[1730612979]}]},{"allowed_amount":0.00,"billing_code_modifier":[""],"providers":[{"billed_charge":49.00,"npi":[1730612979]},{"billed_charge":52.00,"npi":[1730612979]},{"billed_charge":54.32,"npi":[1730612979]},{"billed_charge":90.00,"npi":[1730612979]},{"billed_charge":94.00,"npi":[1730612979]},{"billed_charge":114.00,"npi":[1730612979]},{"billed_charge":173.00,"npi":[1730612979]},{"billed_charge":187.68,"npi":[1730612979]},{"billed_charge":208.00,"npi":[1730612979]},{"billed_charge":247.00,"npi":[1730612979]},{"billed_charge":400.00,"npi":[1730612979]}]},{"allowed_amount":0.00,"billing_code_modifier":[""],"providers":[{"billed_charge":49.00,"npi":[1730612979]},{"billed_charge":52.00,"npi":[1730612979]},{"billed_charge":54.32,"npi":[1730612979]},{"billed_charge":90.00,"npi":[1730612979]},{"billed_charge":94.00,"npi":[1730612979]},{"billed_charge":114.00,"npi":[1730612979]},{"billed_charge":173.00,"npi":[1730612979]},{"billed_charge":187.68,"npi":[1730612979]},{"billed_charge":208.00,"npi":[1730612979]},{"billed_charge":247.00,"npi":[1730612979]},{"billed_charge":400.00,"npi":[1730612979]}]},{"allowed_amount":0.00,"billing_code_modifier":[""],"providers":[{"billed_charge":49.00,"npi":[1730612979]},{"billed_charge":52.00,"npi":[1730612979]},{"billed_charge":54.32,"npi":[1730612979]},{"billed_charge":90.00,"npi":[1730612979]},{"billed_charge":94.00,"npi":[1730612979]},{"billed_charge":114.00,"npi":[1730612979]},{"billed_charge":173.00,"npi":[1730612979]},{"billed_charge":187.68,"npi":[1730612979]},{"billed_charge":208.00,"npi":[1730612979]},{"billed_charge":247.00,"npi":[1730612979]},{"billed_charge":400.00,"npi":[1730612979]}]},{"allowed_amount":0.00,"billing_code_modifier":[""],"providers":[{"billed_charge":49.00,"npi":[1730612979]},{"billed_charge":52.00,"npi":[1730612979]},{"billed_charge":54.32,"npi":[1730612979]},{"billed_charge":90.00,"npi":[1730612979]},{"billed_charge":94.00,"npi":[1730612979]},{"billed_charge":114.00,"npi":[1730612979]},{"billed_charge":173.00,"npi":[1730612979]},{"billed_charge":187.68,"npi":[1730612979]},{"billed_charge":208.00,"npi":[1730612979]},{"billed_charge":247.00,"npi":[1730612979]},{"billed_charge":400.00,"npi":[1730612979]}]},{"allowed_amount":0.00,"billing_code_modifier":[""],"providers":[{"billed_charge":49.00,"npi":[1730612979]},{"billed_charge":52.00,"npi":[1730612979]},{"billed_charge":54.32,"npi":[1730612979]},{"billed_charge":90.00,"npi":[1730612979]},{"billed_charge":94.00,"npi":[1730612979]},{"billed_charge":114.00,"npi":[1730612979]},{"billed_charge":173.00,"npi":[1730612979]},{"billed_charge":187.68,"npi":[1730612979]},{"billed_charge":208.00,"npi":[1730612979]},{"billed_charge":247.00,"npi":[1730612979]},{"billed_charge":400.00,"npi":[1730612979]}]},{"allowed_amount":0.00,"billing_code_modifier":[""],"providers":[{"billed_charge":49.00,"npi":[1730612979]},{"billed_charge":52.00,"npi":[1730612979]},{"billed_charge":54.32,"npi":[1730612979]},{"billed_charge":90.00,"npi":[1730612979]},{"billed_charge":94.00,"npi":[1730612979]},{"billed_charge":114.00,"npi":[1730612979]},{"billed_charge":173.00,"npi":[1730612979]},{"billed_charge":187.68,"npi":[1730612979]},{"billed_charge":208.00,"npi":[1730612979]},{"billed_charge":247.00,"npi":[1730612979]},{"billed_charge":400.00,"npi":[1730612979]}]},{"allowed_amount":0.00,"billing_code_modifier":[""],"providers":[{"billed_charge":49.00,"npi":[1730612979]},{"billed_charge":52.00,"npi":[1730612979]},{"billed_charge":54.32,"npi":[1730612979]},{"billed_charge":90.00,"npi":[1730612979]},{"billed_charge":94.00,"npi":[1730612979]},{"billed_charge":114.00,"npi":[1730612979]},{"billed_charge":173.00,"npi":[1730612979]},{"billed_charge":187.68,"npi":[1730612979]},{"billed_charge":208.00,"npi":[1730612979]},{"billed_charge":247.00,"npi":[1730612979]},{"billed_charge":400.00,"npi":[1730612979]}]}]},{"tin":{"type":"ein","value":"811862049"},"service_code":["23"],"billing_class":"institutional","payments":[{"allowed_amount":0.00,"billing_code_modifier":[""],"providers":[{"billed_charge":49.00,"npi":[1730612979]},{"billed_charge":52.00,"npi":[1730612979]},{"billed_charge":54.32,"npi":[1730612979]},{"billed_charge":90.00,"npi":[1730612979]},{"billed_charge":94.00,"npi":[1730612979]},{"billed_charge":114.00,"npi":[1730612979]},{"billed_charge":173.00,"npi":[1730612979]},{"billed_charge":187.68,"npi":[1730612979]},{"billed_charge":208.00,"npi":[1730612979]},{"billed_charge":247.00,"npi":[1730612979]},{"billed_charge":400.00,"npi":[1730612979]}]},{"allowed_amount":0.00,"billing_code_modifier":[""],"providers":[{"billed_charge":49.00,"npi":[1730612979]},{"billed_charge":52.00,"npi":[1730612979]},{"billed_charge":54.32,"npi":[1730612979]},{"billed_charge":90.00,"npi":[1730612979]},{"billed_charge":94.00,"npi":[1730612979]},{"billed_charge":114.00,"npi":[1730612979]},{"billed_charge":173.00,"npi":[1730612979]},{"billed_charge":187.68,"npi":[1730612979]},{"billed_charge":208.00,"npi":[1730612979]},{"billed_charge":247.00,"npi":[1730612979]},{"billed_charge":400.00,"npi":[1730612979]}]},{"allowed_amount":0.00,"billing_code_modifier":[""],"providers":[{"billed_charge":49.00,"npi":[1730612979]},{"billed_charge":52.00,"npi":[1730612979]},{"billed_charge":54.32,"npi":[1730612979]},{"billed_charge":90.00,"npi":[1730612979]},{"billed_charge":94.00,"npi":[1730612979]},{"billed_charge":114.00,"npi":[1730612979]},{"billed_charge":173.00,"npi":[1730612979]},{"billed_charge":187.68,"npi":[1730612979]},{"billed_charge":208.00,"npi":[1730612979]},{"billed_charge":247.00,"npi":[1730612979]},{"billed_charge":400.00,"npi":[1730612979]}]},{"allowed_amount":0.00,"billing_code_modifier":[""],"providers":[{"billed_charge":49.00,"npi":[1730612979]},{"billed_charge":52.00,"npi":[1730612979]},{"billed_charge":54.32,"npi":[1730612979]},{"billed_charge":90.00,"npi":[1730612979]},{"billed_charge":94.00,"npi":[1730612979]},{"billed_charge":114.00,"npi":[1730612979]},{"billed_charge":173.00,"npi":[1730612979]},{"billed_charge":187.68,"npi":[1730612979]},{"billed_charge":208.00,"npi":[1730612979]},{"billed_charge":247.00,"npi":[1730612979]},{"billed_charge":400.00,"npi":[1730612979]}]},{"allowed_amount":0.00,"billing_code_modifier":[""],"providers":[{"billed_charge":49.00,"npi":[1730612979]},{"billed_charge":52.00,"npi":[1730612979]},{"billed_charge":54.32,"npi":[1730612979]},{"billed_charge":90.00,"npi":[1730612979]},{"billed_charge":94.00,"npi":[1730612979]},{"billed_charge":114.00,"npi":[1730612979]},{"billed_charge":173.00,"npi":[1730612979]},{"billed_charge":187.68,"npi":[1730612979]},{"billed_charge":208.00,"npi":[1730612979]},{"billed_charge":247.00,"npi":[1730612979]},{"billed_charge":400.00,"npi":[1730612979]}]},{"allowed_amount":0.00,"billing_code_modifier":[""],"providers":[{"billed_charge":49.00,"npi":[1730612979]},{"billed_charge":52.00,"npi":[1730612979]},{"billed_charge":54.32,"npi":[1730612979]},{"billed_charge":90.00,"npi":[1730612979]},{"billed_charge":94.00,"npi":[1730612979]},{"billed_charge":114.00,"npi":[1730612979]},{"billed_charge":173.00,"npi":[1730612979]},{"billed_charge":187.68,"npi":[1730612979]},{"billed_charge":208.00,"npi":[1730612979]},{"billed_charge":247.00,"npi":[1730612979]},{"billed_charge":400.00,"npi":[1730612979]}]},{"allowed_amount":0.00,"billing_code_modifier":[""],"providers":[{"billed_charge":49.00,"npi":[1730612979]},{"billed_charge":52.00,"npi":[1730612979]},{"billed_charge":54.32,"npi":[1730612979]},{"billed_charge":90.00,"npi":[1730612979]},{"billed_charge":94.00,"npi":[1730612979]},{"billed_charge":114.00,"npi":[1730612979]},{"billed_charge":173.00,"npi":[1730612979]},{"billed_charge":187.68,"npi":[1730612979]},{"billed_charge":208.00,"npi":[1730612979]},{"billed_charge":247.00,"npi":[1730612979]},{"billed_charge":400.00,"npi":[1730612979]}]},{"allowed_amount":0.00,"billing_code_modifier":[""],"providers":[{"billed_charge":49.00,"npi":[1730612979]},{"billed_charge":52.00,"npi":[1730612979]},{"billed_charge":54.32,"npi":[1730612979]},{"billed_charge":90.00,"npi":[1730612979]},{"billed_charge":94.00,"npi":[1730612979]},{"billed_charge":114.00,"npi":[1730612979]},{"billed_charge":173.00,"npi":[1730612979]},{"billed_charge":187.68,"npi":[1730612979]},{"billed_charge":208.00,"npi":[1730612979]},{"billed_charge":247.00,"npi":[1730612979]},{"billed_charge":400.00,"npi":[1730612979]}]},{"allowed_amount":0.00,"billing_code_modifier":[""],"providers":[{"billed_charge":49.00,"npi":[1730612979]},{"billed_charge":52.00,"npi":[1730612979]},{"billed_charge":54.32,"npi":[1730612979]},{"billed_charge":90.00,"npi":[1730612979]},{"billed_charge":94.00,"npi":[1730612979]},{"billed_charge":114.00,"npi":[1730612979]},{"billed_charge":173.00,"npi":[1730612979]},{"billed_charge":187.68,"npi":[1730612979]},{"billed_charge":208.00,"npi":[1730612979]},{"billed_charge":247.00,"npi":[1730612979]},{"billed_charge":400.00,"npi":[1730612979]}]},{"allowed_amount":0.00,"billing_code_modifier":[""],"providers":[{"billed_charge":49.00,"npi":[1730612979]},{"billed_charge":52.00,"npi":[1730612979]},{"billed_charge":54.32,"npi":[1730612979]},{"billed_charge":90.00,"npi":[1730612979]},{"billed_charge":94.00,"npi":[1730612979]},{"billed_charge":114.00,"npi":[1730612979]},{"billed_charge":173.00,"npi":[1730612979]},{"billed_charge":187.68,"npi":[1730612979]},{"billed_charge":208.00,"npi":[1730612979]},{"billed_charge":247.00,"npi":[1730612979]},{"billed_charge":400.00,"npi":[1730612979]}]},{"allowed_amount":0.00,"billing_code_modifier":[""],"providers":[{"billed_charge":49.00,"npi":[1730612979]},{"billed_charge":52.00,"npi":[1730612979]},{"billed_charge":54.32,"npi":[1730612979]},{"billed_charge":90.00,"npi":[1730612979]},{"billed_charge":94.00,"npi":[1730612979]},{"billed_charge":114.00,"npi":[1730612979]},{"billed_charge":173.00,"npi":[1730612979]},{"billed_charge":187.68,"npi":[1730612979]},{"billed_charge":208.00,"npi":[1730612979]},{"billed_charge":247.00,"npi":[1730612979]},{"billed_charge":400.00,"npi":[1730612979]}]}]},{"tin":{"type":"ein","value":"813562144"},"service_code":["23"],"billing_class":"institutional","payments":[{"allowed_amount":0.00,"billing_code_modifier":[""],"providers":[{"billed_charge":375.00,"npi":[1639663370]}]}]},{"tin":{"type":"ein","value":"820984034"},"service_code":["23"],"billing_class":"institutional","payments":[{"allowed_amount":0.00,"billing_code_modifier":[""],"providers":[{"billed_charge":101.34,"npi":[1558838607]},{"billed_charge":321.75,"npi":[1558838607]}]},{"allowed_amount":0.00,"billing_code_modifier":[""],"providers":[{"billed_charge":101.34,"npi":[1558838607]},{"billed_charge":321.75,"npi":[1558838607]}]}]},{"tin":{"type":"ein","value":"820984034"},"service_code":["23"],"billing_class":"institutional","payments":[{"allowed_amount":0.00,"billing_code_modifier":[""],"providers":[{"billed_charge":101.34,"npi":[1558838607]},{"billed_charge":321.75,"npi":[1558838607]}]},{"allowed_amount":0.00,"billing_code_modifier":[""],"providers":[{"billed_charge":101.34,"npi":[1558838607]},{"billed_charge":321.75,"npi":[1558838607]}]}]},{"tin":{"type":"ein","value":"842589283"},"service_code":["23"],"billing_class":"institutional","payments":[{"allowed_amount":0.00,"billing_code_modifier":[""],"providers":[{"billed_charge":124.14,"npi":[1902453970]},{"billed_charge":166.32,"npi":[1902453970]},{"billed_charge":168.36,"npi":[1902453970]}]},{"allowed_amount":0.00,"billing_code_modifier":[""],"providers":[{"billed_charge":124.14,"npi":[1902453970]},{"billed_charge":166.32,"npi":[1902453970]},{"billed_charge":168.36,"npi":[1902453970]}]},{"allowed_amount":0.00,"billing_code_modifier":[""],"providers":[{"billed_charge":124.14,"npi":[1902453970]},{"billed_charge":166.32,"npi":[1902453970]},{"billed_charge":168.36,"npi":[1902453970]}]}]},{"tin":{"type":"ein","value":"842589283"},"service_code":["23"],"billing_class":"institutional","payments":[{"allowed_amount":0.00,"billing_code_modifier":[""],"providers":[{"billed_charge":124.14,"npi":[1902453970]},{"billed_charge":166.32,"npi":[1902453970]},{"billed_charge":168.36,"npi":[1902453970]}]},{"allowed_amount":0.00,"billing_code_modifier":[""],"providers":[{"billed_charge":124.14,"npi":[1902453970]},{"billed_charge":166.32,"npi":[1902453970]},{"billed_charge":168.36,"npi":[1902453970]}]},{"allowed_amount":0.00,"billing_code_modifier":[""],"providers":[{"billed_charge":124.14,"npi":[1902453970]},{"billed_charge":166.32,"npi":[1902453970]},{"billed_charge":168.36,"npi":[1902453970]}]}]},{"tin":{"type":"ein","value":"842589283"},"service_code":["23"],"billing_class":"institutional","payments":[{"allowed_amount":0.00,"billing_code_modifier":[""],"providers":[{"billed_charge":124.14,"npi":[1902453970]},{"billed_charge":166.32,"npi":[1902453970]},{"billed_charge":168.36,"npi":[1902453970]}]},{"allowed_amount":0.00,"billing_code_modifier":[""],"providers":[{"billed_charge":124.14,"npi":[1902453970]},{"billed_charge":166.32,"npi":[1902453970]},{"billed_charge":168.36,"npi":[1902453970]}]},{"allowed_amount":0.00,"billing_code_modifier":[""],"providers":[{"billed_charge":124.14,"npi":[1902453970]},{"billed_charge":166.32,"npi":[1902453970]},{"billed_charge":168.36,"npi":[1902453970]}]}]}]},{"name":"MEDICAL\/SURGICAL SUPPLIES","billing_code_type":"RC","billing_code_type_version":"UB04","billing_code":"0270","description":"MEDICAL\/SURGICAL SUPPLIES","allowed_amounts":[{"tin":{"type":"ein","value":"112226275"},"service_code":["65"],"billing_class":"institutional","payments":[{"allowed_amount":2.94,"billing_code_modifier":[""],"providers":[{"billed_charge":135.24,"npi":[1972615862,1982643656]}]}]}]},{"name":"THERAP REPETITIVE TMS TX SUBSEQ DELIVERY & MNG","billing_code_type":"CPT","billing_code_type_version":"2020","billing_code":"90868","description":"THERAP REPETITIVE TMS TX SUBSEQ DELIVERY & MNG","allowed_amounts":[{"tin":{"type":"ein","value":"235046220"},"service_code":["11"],"billing_class":"professional","payments":[{"allowed_amount":165.98,"billing_code_modifier":[""],"providers":[{"billed_charge":400.00,"npi":[1164529186]}]}]}]}]}
