{"reporting_entity_name": "IEC Group_DBA AmeriBen",
	"reporting_entity_type": "Third Party Administrator",
	"plan_name": "GKN DRIVELINE N AMERICA INC",
	"plan_id_type": "ein",
	"plan_id": "132886932",
	"plan_market_type": "group",
	"last_updated_on": "2023-12-01","Version": "1.0.0","out_of_network":[{"name":"CHIROPRACTIC MANIPULATIVE TX SPINAL 1-2 REGIONS","billing_code_type":"CPT","billing_code_type_version":"2020","billing_code":"98940","description":"CHIROPRACTIC MANIPULATIVE TX SPINAL 1-2 REGIONS","allowed_amounts":[{"tin":{"type":"ein","value":"341774031"},"service_code":["11"],"billing_class":"professional","payments":[{"allowed_amount":31.33,"billing_code_modifier":[""],"providers":[{"billed_charge":65.00,"npi":[1346419801,1427111608]}]}]}]},{"name":"DRUGS REQUIRE SPECIFIC ID: DRUGS REQUIRING DETAIL","billing_code_type":"RC","billing_code_type_version":"UB04","billing_code":"0636","description":"DRUGS REQUIRE SPECIFIC ID: DRUGS REQUIRING DETAIL","allowed_amounts":[{"tin":{"type":"ein","value":"043085674"},"service_code":["65"],"billing_class":"institutional","payments":[{"allowed_amount":7.41,"billing_code_modifier":[""],"providers":[{"billed_charge":279.93,"npi":[1457444853,1992817720]}]}]},{"tin":{"type":"ein","value":"621323090"},"service_code":["65"],"billing_class":"institutional","payments":[{"allowed_amount":9.70,"billing_code_modifier":[""],"providers":[{"billed_charge":145.65,"npi":[1013975937,1306046776,1760441349]}]}]},{"tin":{"type":"ein","value":"680594301"},"service_code":["65"],"billing_class":"institutional","payments":[{"allowed_amount":0.74,"billing_code_modifier":[""],"providers":[{"billed_charge":27.37,"npi":[1164678744,1215097332]}]}]},{"tin":{"type":"ein","value":"680594301"},"service_code":["65"],"billing_class":"institutional","payments":[{"allowed_amount":1.70,"billing_code_modifier":[""],"providers":[{"billed_charge":62.10,"npi":[1164678744,1215097332]}]}]},{"tin":{"type":"ein","value":"680594301"},"service_code":["65"],"billing_class":"institutional","payments":[{"allowed_amount":1.78,"billing_code_modifier":[""],"providers":[{"billed_charge":62.10,"npi":[1164678744,1215097332]}]}]},{"tin":{"type":"ein","value":"680594301"},"service_code":["65"],"billing_class":"institutional","payments":[{"allowed_amount":8.46,"billing_code_modifier":[""],"providers":[{"billed_charge":294.66,"npi":[1164678744,1215097332]}]}]},{"tin":{"type":"ein","value":"680594301"},"service_code":["65"],"billing_class":"institutional","payments":[{"allowed_amount":21.14,"billing_code_modifier":[""],"providers":[{"billed_charge":736.65,"npi":[1164678744,1215097332]}]}]}]},{"name":"ESRD RELATED SVC MONTHLY 20&\/> YR OLD 4\/> VISITS","billing_code_type":"CPT","billing_code_type_version":"2020","billing_code":"90960","description":"ESRD RELATED SVC MONTHLY 20&\/> YR OLD 4\/> VISITS","allowed_amounts":[{"tin":{"type":"ein","value":"201828119"},"service_code":["65"],"billing_class":"professional","payments":[{"allowed_amount":399.82,"billing_code_modifier":[""],"providers":[{"billed_charge":882.75,"npi":[1134173123,1164678744,1215097332,1619927100]}]}]},{"tin":{"type":"ein","value":"264116711"},"service_code":["65"],"billing_class":"professional","payments":[{"allowed_amount":399.82,"billing_code_modifier":[""],"providers":[{"billed_charge":906.35,"npi":[1073716742,1356582506,1689633224]}]}]},{"tin":{"type":"ein","value":"561274347"},"service_code":["65"],"billing_class":"professional","payments":[{"allowed_amount":399.82,"billing_code_modifier":[""],"providers":[{"billed_charge":430.00,"npi":[1700831799,1841562774,1861504672]}]}]},{"tin":{"type":"ein","value":"561680959"},"service_code":["65"],"billing_class":"professional","payments":[{"allowed_amount":399.82,"billing_code_modifier":[""],"providers":[{"billed_charge":1200.00,"npi":[1457444853,1689673279,1992817720]}]}]}]},{"name":"HEMO OPD\/HOME: HEMODIALYSIS COMP OR OTHER RATE","billing_code_type":"RC","billing_code_type_version":"UB04","billing_code":"0821","description":"HEMO OPD\/HOME: HEMODIALYSIS COMP OR OTHER RATE","allowed_amounts":[{"tin":{"type":"ein","value":"680594301"},"service_code":["65"],"billing_class":"institutional","payments":[{"allowed_amount":241.43,"billing_code_modifier":[""],"providers":[{"billed_charge":8411.43,"npi":[1164678744,1215097332]}]}]}]},{"name":"MEDICAL\/SURGICAL SUPPLIES","billing_code_type":"RC","billing_code_type_version":"UB04","billing_code":"0270","description":"MEDICAL\/SURGICAL SUPPLIES","allowed_amounts":[{"tin":{"type":"ein","value":"043085674"},"service_code":["65"],"billing_class":"institutional","payments":[{"allowed_amount":2.75,"billing_code_modifier":[""],"providers":[{"billed_charge":142.00,"npi":[1457444853,1992817720]}]}]},{"tin":{"type":"ein","value":"043085674"},"service_code":["65"],"billing_class":"institutional","payments":[{"allowed_amount":2.97,"billing_code_modifier":[""],"providers":[{"billed_charge":142.00,"npi":[1457444853,1992817720]}]}]},{"tin":{"type":"ein","value":"043085674"},"service_code":["65"],"billing_class":"institutional","payments":[{"allowed_amount":3.21,"billing_code_modifier":[""],"providers":[{"billed_charge":142.00,"npi":[1457444853,1992817720]}]}]},{"tin":{"type":"ein","value":"043085674"},"service_code":["65"],"billing_class":"institutional","payments":[{"allowed_amount":3.35,"billing_code_modifier":[""],"providers":[{"billed_charge":142.00,"npi":[1457444853,1992817720]}]}]},{"tin":{"type":"ein","value":"043085674"},"service_code":["65"],"billing_class":"institutional","payments":[{"allowed_amount":3.38,"billing_code_modifier":[""],"providers":[{"billed_charge":142.00,"npi":[1841562774,1861504672]}]}]},{"tin":{"type":"ein","value":"043085674"},"service_code":["65"],"billing_class":"institutional","payments":[{"allowed_amount":3.52,"billing_code_modifier":[""],"providers":[{"billed_charge":142.00,"npi":[1457444853,1992817720]}]}]},{"tin":{"type":"ein","value":"043085674"},"service_code":["65"],"billing_class":"institutional","payments":[{"allowed_amount":3.56,"billing_code_modifier":[""],"providers":[{"billed_charge":142.00,"npi":[1457444853,1992817720]}]}]},{"tin":{"type":"ein","value":"043085674"},"service_code":["65"],"billing_class":"institutional","payments":[{"allowed_amount":3.62,"billing_code_modifier":[""],"providers":[{"billed_charge":142.00,"npi":[1457444853,1992817720]}]}]},{"tin":{"type":"ein","value":"043085674"},"service_code":["65"],"billing_class":"institutional","payments":[{"allowed_amount":3.72,"billing_code_modifier":[""],"providers":[{"billed_charge":142.00,"npi":[1457444853,1992817720]}]}]},{"tin":{"type":"ein","value":"043085674"},"service_code":["65"],"billing_class":"institutional","payments":[{"allowed_amount":3.73,"billing_code_modifier":[""],"providers":[{"billed_charge":142.00,"npi":[1457444853,1992817720]}]}]},{"tin":{"type":"ein","value":"043085674"},"service_code":["65"],"billing_class":"institutional","payments":[{"allowed_amount":3.76,"billing_code_modifier":[""],"providers":[{"billed_charge":142.00,"npi":[1457444853,1992817720]}]}]},{"tin":{"type":"ein","value":"043085674"},"service_code":["65"],"billing_class":"institutional","payments":[{"allowed_amount":4.28,"billing_code_modifier":[""],"providers":[{"billed_charge":142.00,"npi":[1457444853,1841562774,1861504672,1992817720]}]}]},{"tin":{"type":"ein","value":"043085674"},"service_code":["65"],"billing_class":"institutional","payments":[{"allowed_amount":4.30,"billing_code_modifier":[""],"providers":[{"billed_charge":142.00,"npi":[1841562774,1861504672]}]}]},{"tin":{"type":"ein","value":"621323090"},"service_code":["65"],"billing_class":"institutional","payments":[{"allowed_amount":8.63,"billing_code_modifier":[""],"providers":[{"billed_charge":129.55,"npi":[1013975937,1306046776,1760441349]}]}]},{"tin":{"type":"ein","value":"680594301"},"service_code":["65"],"billing_class":"institutional","payments":[{"allowed_amount":3.69,"billing_code_modifier":[""],"providers":[{"billed_charge":142.00,"npi":[1164678744,1215097332]}]}]},{"tin":{"type":"ein","value":"680594301"},"service_code":["65"],"billing_class":"institutional","payments":[{"allowed_amount":3.81,"billing_code_modifier":[""],"providers":[{"billed_charge":142.00,"npi":[1164678744,1215097332]}]}]},{"tin":{"type":"ein","value":"680594301"},"service_code":["65"],"billing_class":"institutional","payments":[{"allowed_amount":3.83,"billing_code_modifier":[""],"providers":[{"billed_charge":142.00,"npi":[1164678744,1215097332]}]}]},{"tin":{"type":"ein","value":"680594301"},"service_code":["65"],"billing_class":"institutional","payments":[{"allowed_amount":3.86,"billing_code_modifier":[""],"providers":[{"billed_charge":142.00,"npi":[1164678744,1215097332]}]}]},{"tin":{"type":"ein","value":"680594301"},"service_code":["65"],"billing_class":"institutional","payments":[{"allowed_amount":3.87,"billing_code_modifier":[""],"providers":[{"billed_charge":142.00,"npi":[1164678744,1215097332]}]}]},{"tin":{"type":"ein","value":"680594301"},"service_code":["65"],"billing_class":"institutional","payments":[{"allowed_amount":3.88,"billing_code_modifier":[""],"providers":[{"billed_charge":142.00,"npi":[1164678744,1215097332]}]}]},{"tin":{"type":"ein","value":"680594301"},"service_code":["65"],"billing_class":"institutional","payments":[{"allowed_amount":3.89,"billing_code_modifier":[""],"providers":[{"billed_charge":142.00,"npi":[1164678744,1215097332]}]}]},{"tin":{"type":"ein","value":"680594301"},"service_code":["65"],"billing_class":"institutional","payments":[{"allowed_amount":4.06,"billing_code_modifier":[""],"providers":[{"billed_charge":142.00,"npi":[1164678744,1215097332]}]}]},{"tin":{"type":"ein","value":"680594301"},"service_code":["65"],"billing_class":"institutional","payments":[{"allowed_amount":4.08,"billing_code_modifier":[""],"providers":[{"billed_charge":142.00,"npi":[1164678744,1215097332]}]}]}]},{"name":"PHARMACY","billing_code_type":"RC","billing_code_type_version":"UB04","billing_code":"0250","description":"PHARMACY","allowed_amounts":[{"tin":{"type":"ein","value":"621323090"},"service_code":["65"],"billing_class":"institutional","payments":[{"allowed_amount":0.09,"billing_code_modifier":[""],"providers":[{"billed_charge":1.30,"npi":[1306046776,1760441349]}]}]},{"tin":{"type":"ein","value":"680594301"},"service_code":["65"],"billing_class":"institutional","payments":[{"allowed_amount":1.42,"billing_code_modifier":[""],"providers":[{"billed_charge":52.90,"npi":[1164678744,1215097332]}]}]},{"tin":{"type":"ein","value":"680594301"},"service_code":["65"],"billing_class":"institutional","payments":[{"allowed_amount":1.44,"billing_code_modifier":[""],"providers":[{"billed_charge":52.90,"npi":[1164678744,1215097332]}]}]}]}]}
