{"reporting_entity_name": "IEC Group_DBA AmeriBen",
	"reporting_entity_type": "Third Party Administrator",
	"plan_name": "SYNOVUS FINANCIAL",
	"plan_id_type": "ein",
	"plan_id": "581134883",
	"plan_market_type": "group",
	"last_updated_on": "2025-11-01","Version": "1.0.0","out_of_network":[{"name":"25 HYDROXY INCLUDES FRACTIONS IF PERFORMED","billing_code_type":"CPT","billing_code_type_version":"2020","billing_code":"82306","description":"25 HYDROXY INCLUDES FRACTIONS IF PERFORMED","allowed_amounts":[{"tin":{"type":"ein","value":"201236503"},"service_code":["81"],"billing_class":"professional","payments":[{"allowed_amount":14.26,"billing_code_modifier":[""],"providers":[{"billed_charge":118.40,"npi":[1225110497,1558704999,1629219118]}]}]},{"tin":{"type":"ein","value":"382084239"},"service_code":["81"],"billing_class":"professional","payments":[{"allowed_amount":14.26,"billing_code_modifier":[""],"providers":[{"billed_charge":276.66,"npi":[1831694553,1891731626,1932166386]}]}]},{"tin":{"type":"ein","value":"471359076"},"service_code":["81"],"billing_class":"professional","payments":[{"allowed_amount":14.26,"billing_code_modifier":[""],"providers":[{"billed_charge":88.80,"npi":[1134538713,1629097472]}]}]},{"tin":{"type":"ein","value":"810576059"},"service_code":["81"],"billing_class":"professional","payments":[{"allowed_amount":14.26,"billing_code_modifier":[""],"providers":[{"billed_charge":124.08,"npi":[1073977781,1194712083,1194820753,1235186800,1265434252,1316478332,1427576511,1831649888,1861483877,1962441493]}]}]}]},{"name":"ASSAY OF FREE THYROXINE","billing_code_type":"CPT","billing_code_type_version":"2020","billing_code":"84439","description":"ASSAY OF FREE THYROXINE","allowed_amounts":[{"tin":{"type":"ein","value":"201236503"},"service_code":["81"],"billing_class":"professional","payments":[{"allowed_amount":4.34,"billing_code_modifier":[""],"providers":[{"billed_charge":36.08,"npi":[1225110497,1558704999,1629219118]}]}]},{"tin":{"type":"ein","value":"352539778"},"service_code":["81"],"billing_class":"professional","payments":[{"allowed_amount":4.34,"billing_code_modifier":[""],"providers":[{"billed_charge":11.28,"npi":[1003919069,1972971265]}]}]},{"tin":{"type":"ein","value":"810576059"},"service_code":["81"],"billing_class":"professional","payments":[{"allowed_amount":4.34,"billing_code_modifier":[""],"providers":[{"billed_charge":37.80,"npi":[1003915158,1194712083,1194820753,1235186800,1275532160,1336352327,1447274733,1861483877,1962441493]}]}]}]},{"name":"CHIROPRACTIC MANIPULATIVE TX SPINAL 3-4 REGIONS","billing_code_type":"CPT","billing_code_type_version":"2020","billing_code":"98941","description":"CHIROPRACTIC MANIPULATIVE TX SPINAL 3-4 REGIONS","allowed_amounts":[{"tin":{"type":"ein","value":"262092907"},"service_code":["11"],"billing_class":"professional","payments":[{"allowed_amount":26.41,"billing_code_modifier":[""],"providers":[{"billed_charge":85.00,"npi":[1790933364,1851378251]}]}]},{"tin":{"type":"ein","value":"455415901"},"service_code":["11"],"billing_class":"professional","payments":[{"allowed_amount":26.41,"billing_code_modifier":[""],"providers":[{"billed_charge":105.00,"npi":[1427484252,1982984969]}]}]},{"tin":{"type":"ein","value":"582418695"},"service_code":["11"],"billing_class":"professional","payments":[{"allowed_amount":35.25,"billing_code_modifier":[""],"providers":[{"billed_charge":50.00,"npi":[1124115381,1124377734]},{"billed_charge":60.00,"npi":[1124115381,1124377734]}]},{"allowed_amount":35.25,"billing_code_modifier":[""],"providers":[{"billed_charge":50.00,"npi":[1124115381,1124377734]},{"billed_charge":60.00,"npi":[1124115381,1124377734]}]}]},{"tin":{"type":"ein","value":"582418695"},"service_code":["11"],"billing_class":"professional","payments":[{"allowed_amount":35.25,"billing_code_modifier":[""],"providers":[{"billed_charge":50.00,"npi":[1124115381,1124377734]},{"billed_charge":60.00,"npi":[1124115381,1124377734]}]},{"allowed_amount":35.25,"billing_code_modifier":[""],"providers":[{"billed_charge":50.00,"npi":[1124115381,1124377734]},{"billed_charge":60.00,"npi":[1124115381,1124377734]}]}]},{"tin":{"type":"ein","value":"582654357"},"service_code":["11"],"billing_class":"professional","payments":[{"allowed_amount":35.25,"billing_code_modifier":[""],"providers":[{"billed_charge":70.00,"npi":[1245697333,1669691846,1689891483,1841417631]}]}]},{"tin":{"type":"ein","value":"593564335"},"service_code":["11"],"billing_class":"professional","payments":[{"allowed_amount":26.41,"billing_code_modifier":[""],"providers":[{"billed_charge":75.00,"npi":[1487696712,1902841851]}]}]},{"tin":{"type":"ein","value":"651132786"},"service_code":["11"],"billing_class":"professional","payments":[{"allowed_amount":26.41,"billing_code_modifier":[""],"providers":[{"billed_charge":95.00,"npi":[1073793121,1164502282]}]}]},{"tin":{"type":"ein","value":"812431199"},"service_code":["11"],"billing_class":"professional","payments":[{"allowed_amount":26.41,"billing_code_modifier":[""],"providers":[{"billed_charge":95.00,"npi":[1659726388,1922238492]}]}]},{"tin":{"type":"ein","value":"832167435"},"service_code":["11"],"billing_class":"professional","payments":[{"allowed_amount":35.25,"billing_code_modifier":[""],"providers":[{"billed_charge":70.00,"npi":[1093892929,1841825122]}]}]}]},{"name":"COMPREHENSIVE METABOLIC PANEL","billing_code_type":"CPT","billing_code_type_version":"2020","billing_code":"80053","description":"COMPREHENSIVE METABOLIC PANEL","allowed_amounts":[{"tin":{"type":"ein","value":"133757370"},"service_code":["81"],"billing_class":"professional","payments":[{"allowed_amount":5.09,"billing_code_modifier":[""],"providers":[{"billed_charge":48.30,"npi":[1295726032,1396950994]}]}]},{"tin":{"type":"ein","value":"810576059"},"service_code":["81"],"billing_class":"professional","payments":[{"allowed_amount":5.09,"billing_code_modifier":[""],"providers":[{"billed_charge":21.12,"npi":[1134355183,1134761125,1194712083,1194820753,1235186800,1265420574,1275532160,1285629907,1316478332,1336378280,1427576511,1730949223,1801833173,1831649888]}]}]}]},{"name":"CYANOCOBALAMIN VITAMIN B-12","billing_code_type":"CPT","billing_code_type_version":"2020","billing_code":"82607","description":"CYANOCOBALAMIN VITAMIN B-12","allowed_amounts":[{"tin":{"type":"ein","value":"201236503"},"service_code":["81"],"billing_class":"professional","payments":[{"allowed_amount":7.26,"billing_code_modifier":[""],"providers":[{"billed_charge":60.32,"npi":[1225110497,1558704999]}]}]},{"tin":{"type":"ein","value":"751093698"},"service_code":["81"],"billing_class":"professional","payments":[{"allowed_amount":7.26,"billing_code_modifier":[""],"providers":[{"billed_charge":41.40,"npi":[1649289331,1962481820]}]}]},{"tin":{"type":"ein","value":"810576059"},"service_code":["81"],"billing_class":"professional","payments":[{"allowed_amount":7.26,"billing_code_modifier":[""],"providers":[{"billed_charge":63.18,"npi":[1073977781,1194712083,1194820753,1235186800,1265434252,1316478332,1699184895,1831649888,1861483877,1962441493]}]}]}]},{"name":"DRUG TEST DEF 15-21 CLASSES","billing_code_type":"HCPCS","billing_code_type_version":"HCPCS LEVEL II 2021","billing_code":"G0482","description":"DRUG TEST DEF 15-21 CLASSES","allowed_amounts":[{"tin":{"type":"ein","value":"880241758"},"service_code":["81"],"billing_class":"professional","payments":[{"allowed_amount":38.90,"billing_code_modifier":[""],"providers":[{"billed_charge":745.00,"npi":[1023127875,1104367358,1285698738,1376906321,1699782722,1972720928]}]}]}]},{"name":"GENERAL HEALTH PANEL","billing_code_type":"CPT","billing_code_type_version":"2020","billing_code":"80050","description":"GENERAL HEALTH PANEL","allowed_amounts":[{"tin":{"type":"ein","value":"201236503"},"service_code":["81"],"billing_class":"professional","payments":[{"allowed_amount":14.76,"billing_code_modifier":[""],"providers":[{"billed_charge":140.52,"npi":[1225110497,1558704999]}]}]},{"tin":{"type":"ein","value":"382084239"},"service_code":["81"],"billing_class":"professional","payments":[{"allowed_amount":14.76,"billing_code_modifier":[""],"providers":[{"billed_charge":302.08,"npi":[1831694553,1891731626,1932166386]}]}]},{"tin":{"type":"ein","value":"471359076"},"service_code":["81"],"billing_class":"professional","payments":[{"allowed_amount":14.76,"billing_code_modifier":[""],"providers":[{"billed_charge":105.39,"npi":[1134538713,1629097472]}]}]},{"tin":{"type":"ein","value":"810576059"},"service_code":["81"],"billing_class":"professional","payments":[{"allowed_amount":14.76,"billing_code_modifier":[""],"providers":[{"billed_charge":60.00,"npi":[1235186800,1386056422,1437557287]},{"billed_charge":107.07,"npi":[1003915158,1073977781,1134182330,1194712083,1235186800,1265434252,1447274733,1588396329,1750439436,1861483877,1962441493]}]},{"allowed_amount":14.76,"billing_code_modifier":[""],"providers":[{"billed_charge":60.00,"npi":[1235186800,1386056422,1437557287]},{"billed_charge":107.07,"npi":[1003915158,1073977781,1134182330,1194712083,1235186800,1265434252,1447274733,1588396329,1750439436,1861483877,1962441493]}]}]},{"tin":{"type":"ein","value":"810576059"},"service_code":["81"],"billing_class":"professional","payments":[{"allowed_amount":14.76,"billing_code_modifier":[""],"providers":[{"billed_charge":60.00,"npi":[1235186800,1386056422,1437557287]},{"billed_charge":107.07,"npi":[1003915158,1073977781,1134182330,1194712083,1235186800,1265434252,1447274733,1588396329,1750439436,1861483877,1962441493]}]},{"allowed_amount":14.76,"billing_code_modifier":[""],"providers":[{"billed_charge":60.00,"npi":[1235186800,1386056422,1437557287]},{"billed_charge":107.07,"npi":[1003915158,1073977781,1134182330,1194712083,1235186800,1265434252,1447274733,1588396329,1750439436,1861483877,1962441493]}]}]}]},{"name":"HEMOGLOBIN GLYCOSYLATED A1C","billing_code_type":"CPT","billing_code_type_version":"2020","billing_code":"83036","description":"HEMOGLOBIN GLYCOSYLATED A1C","allowed_amounts":[{"tin":{"type":"ein","value":"133757370"},"service_code":["81"],"billing_class":"professional","payments":[{"allowed_amount":4.68,"billing_code_modifier":[""],"providers":[{"billed_charge":69.30,"npi":[1295726032,1821031329]}]}]},{"tin":{"type":"ein","value":"201236503"},"service_code":["81"],"billing_class":"professional","payments":[{"allowed_amount":4.68,"billing_code_modifier":[""],"providers":[{"billed_charge":38.84,"npi":[1225110497,1629219118]}]}]},{"tin":{"type":"ein","value":"471359076"},"service_code":["81"],"billing_class":"professional","payments":[{"allowed_amount":4.68,"billing_code_modifier":[""],"providers":[{"billed_charge":29.13,"npi":[1134538713,1629097472]}]}]},{"tin":{"type":"ein","value":"751093698"},"service_code":["81"],"billing_class":"professional","payments":[{"allowed_amount":4.68,"billing_code_modifier":[""],"providers":[{"billed_charge":26.65,"npi":[1962481820,1982833117]}]}]},{"tin":{"type":"ein","value":"810576059"},"service_code":["81"],"billing_class":"professional","payments":[{"allowed_amount":4.68,"billing_code_modifier":[""],"providers":[{"billed_charge":40.68,"npi":[1003915158,1073977781,1134182330,1134761125,1194712083,1235186800,1275532160,1316478332,1427576511,1699184895,1730949223,1861483877,1962441493]}]}]}]},{"name":"IADNA NOS AMPLIFIED PROBE TQ EACH ORGANISM","billing_code_type":"CPT","billing_code_type_version":"2020","billing_code":"87798","description":"IADNA NOS AMPLIFIED PROBE TQ EACH ORGANISM","allowed_amounts":[{"tin":{"type":"ein","value":"223510467"},"service_code":["81"],"billing_class":"professional","payments":[{"allowed_amount":0.00,"billing_code_modifier":[""],"providers":[{"billed_charge":50.00,"npi":[1740911932,1750373908]}]}]},{"tin":{"type":"ein","value":"223510467"},"service_code":["81"],"billing_class":"professional","payments":[{"allowed_amount":24.56,"billing_code_modifier":[""],"providers":[{"billed_charge":50.00,"npi":[1588823348,1740911932,1750373908]},{"billed_charge":80.50,"npi":[1740911932,1750373908]}]},{"allowed_amount":24.56,"billing_code_modifier":[""],"providers":[{"billed_charge":50.00,"npi":[1588823348,1740911932,1750373908]},{"billed_charge":80.50,"npi":[1740911932,1750373908]}]}]},{"tin":{"type":"ein","value":"223510467"},"service_code":["81"],"billing_class":"professional","payments":[{"allowed_amount":24.56,"billing_code_modifier":[""],"providers":[{"billed_charge":50.00,"npi":[1588823348,1740911932,1750373908]},{"billed_charge":80.50,"npi":[1740911932,1750373908]}]},{"allowed_amount":24.56,"billing_code_modifier":[""],"providers":[{"billed_charge":50.00,"npi":[1588823348,1740911932,1750373908]},{"billed_charge":80.50,"npi":[1740911932,1750373908]}]}]},{"tin":{"type":"ein","value":"331168930"},"service_code":["81"],"billing_class":"professional","payments":[{"allowed_amount":16.90,"billing_code_modifier":[""],"providers":[{"billed_charge":45.00,"npi":[1184814014,1891754529]}]}]},{"tin":{"type":"ein","value":"621433252"},"service_code":["81"],"billing_class":"professional","payments":[{"allowed_amount":0.00,"billing_code_modifier":[""],"providers":[{"billed_charge":35.09,"npi":[1003395690,1194378554,1326743535,1689639544]},{"billed_charge":385.99,"npi":[1194378554,1689639544]}]},{"allowed_amount":0.00,"billing_code_modifier":[""],"providers":[{"billed_charge":35.09,"npi":[1003395690,1194378554,1326743535,1689639544]},{"billed_charge":385.99,"npi":[1194378554,1689639544]}]}]},{"tin":{"type":"ein","value":"621433252"},"service_code":["81"],"billing_class":"professional","payments":[{"allowed_amount":0.00,"billing_code_modifier":[""],"providers":[{"billed_charge":35.09,"npi":[1003395690,1194378554,1326743535,1689639544]},{"billed_charge":385.99,"npi":[1194378554,1689639544]}]},{"allowed_amount":0.00,"billing_code_modifier":[""],"providers":[{"billed_charge":35.09,"npi":[1003395690,1194378554,1326743535,1689639544]},{"billed_charge":385.99,"npi":[1194378554,1689639544]}]}]},{"tin":{"type":"ein","value":"873826903"},"service_code":["81"],"billing_class":"professional","payments":[{"allowed_amount":0.00,"billing_code_modifier":[""],"providers":[{"billed_charge":35.09,"npi":[1285261206,1659199057,1881352979,1992955181]},{"billed_charge":43.86,"npi":[1871969469,1881352979]}]},{"allowed_amount":0.00,"billing_code_modifier":[""],"providers":[{"billed_charge":35.09,"npi":[1285261206,1659199057,1881352979,1992955181]},{"billed_charge":43.86,"npi":[1871969469,1881352979]}]}]},{"tin":{"type":"ein","value":"873826903"},"service_code":["81"],"billing_class":"professional","payments":[{"allowed_amount":0.00,"billing_code_modifier":[""],"providers":[{"billed_charge":35.09,"npi":[1285261206,1659199057,1881352979,1992955181]},{"billed_charge":43.86,"npi":[1871969469,1881352979]}]},{"allowed_amount":0.00,"billing_code_modifier":[""],"providers":[{"billed_charge":35.09,"npi":[1285261206,1659199057,1881352979,1992955181]},{"billed_charge":43.86,"npi":[1871969469,1881352979]}]}]},{"tin":{"type":"ein","value":"873826903"},"service_code":["81"],"billing_class":"professional","payments":[{"allowed_amount":16.22,"billing_code_modifier":[""],"providers":[{"billed_charge":43.86,"npi":[1881352979,1992955181]}]}]},{"tin":{"type":"ein","value":"873826903"},"service_code":["81"],"billing_class":"professional","payments":[{"allowed_amount":16.25,"billing_code_modifier":[""],"providers":[{"billed_charge":35.09,"npi":[1285261206,1881352979]}]}]},{"tin":{"type":"ein","value":"873826903"},"service_code":["81"],"billing_class":"professional","payments":[{"allowed_amount":16.90,"billing_code_modifier":[""],"providers":[{"billed_charge":35.09,"npi":[1063020428,1881352979]}]}]}]},{"name":"LIPID PANEL","billing_code_type":"CPT","billing_code_type_version":"2020","billing_code":"80061","description":"LIPID PANEL","allowed_amounts":[{"tin":{"type":"ein","value":"133757370"},"service_code":["81"],"billing_class":"professional","payments":[{"allowed_amount":7.68,"billing_code_modifier":[""],"providers":[{"billed_charge":102.90,"npi":[1295726032,1396950994,1821031329]}]}]},{"tin":{"type":"ein","value":"201236503"},"service_code":["81"],"billing_class":"professional","payments":[{"allowed_amount":7.68,"billing_code_modifier":[""],"providers":[{"billed_charge":53.56,"npi":[1225110497,1558704999]}]}]},{"tin":{"type":"ein","value":"382084239"},"service_code":["81"],"billing_class":"professional","payments":[{"allowed_amount":7.68,"billing_code_modifier":[""],"providers":[{"billed_charge":169.43,"npi":[1831694553,1891731626,1932166386]}]}]},{"tin":{"type":"ein","value":"471359076"},"service_code":["81"],"billing_class":"professional","payments":[{"allowed_amount":7.68,"billing_code_modifier":[""],"providers":[{"billed_charge":40.17,"npi":[1134538713,1629097472]}]}]},{"tin":{"type":"ein","value":"810576059"},"service_code":["81"],"billing_class":"professional","payments":[{"allowed_amount":7.68,"billing_code_modifier":[""],"providers":[{"billed_charge":56.16,"npi":[1003915158,1073977781,1134182330,1134355183,1134761125,1194712083,1194820753,1235186800,1265434252,1275532160,1386056422,1427576511,1437557287,1447274733,1699184895,1730949223,1801833173,1831649888,1861483877,1962441493]}]}]}]},{"name":"ONCOLOGY COLORECTAL SCREENING QUAN 10 DNA MARKRS","billing_code_type":"CPT","billing_code_type_version":"2020","billing_code":"81528","description":"ONCOLOGY COLORECTAL SCREENING QUAN 10 DNA MARKRS","allowed_amounts":[{"tin":{"type":"ein","value":"463095174"},"service_code":["81"],"billing_class":"professional","payments":[{"allowed_amount":173.02,"billing_code_modifier":[""],"providers":[{"billed_charge":681.00,"npi":[1023547460,1073977781,1184762585,1275988198,1306935283,1336121557,1427050632,1497795397,1548289341,1629407069,1649203357,1760467013]}]}]}]}]}
