{"reporting_entity_name": "IEC Group_DBA AmeriBen",
	"reporting_entity_type": "Third Party Administrator",
	"plan_name": "JOSTENS, INC.",
	"plan_id_type": "ein",
	"plan_id": "410343440",
	"plan_market_type": "group",
	"last_updated_on": "2025-09-01","Version": "1.0.0","out_of_network":[{"name":"CCPD OPD\/HOME: CCPD COMP OR OTHER RATE","billing_code_type":"RC","billing_code_type_version":"UB04","billing_code":"0851","description":"CCPD OPD\/HOME: CCPD COMP OR OTHER RATE","allowed_amounts":[{"tin":{"type":"ein","value":"464509781"},"service_code":["65"],"billing_class":"institutional","payments":[{"allowed_amount":399.93,"billing_code_modifier":[""],"providers":[{"billed_charge":2217.97,"npi":[1174929434,1427275239]}]}]},{"tin":{"type":"ein","value":"464509781"},"service_code":["65"],"billing_class":"institutional","payments":[{"allowed_amount":415.01,"billing_code_modifier":[""],"providers":[{"billed_charge":2217.97,"npi":[1174929434,1427275239]}]}]}]},{"name":"DRUG TEST DEF 1-7 CLASSES","billing_code_type":"HCPCS","billing_code_type_version":"HCPCS LEVEL II 2021","billing_code":"G0480","description":"DRUG TEST DEF 1-7 CLASSES","allowed_amounts":[{"tin":{"type":"ein","value":"463888502"},"service_code":["11"],"billing_class":"professional","payments":[{"allowed_amount":137.32,"billing_code_modifier":[""],"providers":[{"billed_charge":400.00,"npi":[1003246299,1225006752]}]}]},{"tin":{"type":"ein","value":"474815114"},"service_code":["81"],"billing_class":"professional","payments":[{"allowed_amount":137.32,"billing_code_modifier":[""],"providers":[{"billed_charge":183.09,"npi":[1215302245,1801816764]}]}]},{"tin":{"type":"ein","value":"823146637"},"service_code":["81"],"billing_class":"professional","payments":[{"allowed_amount":137.32,"billing_code_modifier":[""],"providers":[{"billed_charge":779.86,"npi":[1124746318,1861994600]}]}]},{"tin":{"type":"ein","value":"853163633"},"service_code":["81"],"billing_class":"professional","payments":[{"allowed_amount":137.32,"billing_code_modifier":[""],"providers":[{"billed_charge":2988.10,"npi":[1023360542,1063011898]}]}]}]},{"name":"DRUG TST PRSMV INSTRMNT CHEM ANALYZERS PR DATE","billing_code_type":"CPT","billing_code_type_version":"2020","billing_code":"80307","description":"DRUG TST PRSMV INSTRMNT CHEM ANALYZERS PR DATE","allowed_amounts":[{"tin":{"type":"ein","value":"463888502"},"service_code":["11"],"billing_class":"professional","payments":[{"allowed_amount":74.57,"billing_code_modifier":[""],"providers":[{"billed_charge":497.12,"npi":[1003246299,1225006752]}]}]},{"tin":{"type":"ein","value":"474815114"},"service_code":["81"],"billing_class":"professional","payments":[{"allowed_amount":74.57,"billing_code_modifier":[""],"providers":[{"billed_charge":99.42,"npi":[1215302245,1801816764]}]}]},{"tin":{"type":"ein","value":"823146637"},"service_code":["81"],"billing_class":"professional","payments":[{"allowed_amount":74.57,"billing_code_modifier":[""],"providers":[{"billed_charge":2277.20,"npi":[1124746318,1861994600,1881047892]}]}]},{"tin":{"type":"ein","value":"853163633"},"service_code":["81"],"billing_class":"professional","payments":[{"allowed_amount":74.57,"billing_code_modifier":[""],"providers":[{"billed_charge":3295.93,"npi":[1023360542,1063011898]}]}]}]},{"name":"DRUGS REQUIRE SPECIFIC ID: DRUGS REQUIRING DETAIL","billing_code_type":"RC","billing_code_type_version":"UB04","billing_code":"0636","description":"DRUGS REQUIRE SPECIFIC ID: DRUGS REQUIRING DETAIL","allowed_amounts":[{"tin":{"type":"ein","value":"464509781"},"service_code":["65"],"billing_class":"institutional","payments":[{"allowed_amount":92.30,"billing_code_modifier":[""],"providers":[{"billed_charge":493.26,"npi":[1174929434,1427275239]}]}]}]},{"name":"PHARMACY","billing_code_type":"RC","billing_code_type_version":"UB04","billing_code":"0250","description":"PHARMACY","allowed_amounts":[{"tin":{"type":"ein","value":"400002285"},"service_code":["65"],"billing_class":"institutional","payments":[{"allowed_amount":0.03,"billing_code_modifier":[""],"providers":[{"billed_charge":0.92,"npi":[1275972531,1922306273]}]}]},{"tin":{"type":"ein","value":"400002285"},"service_code":["65"],"billing_class":"institutional","payments":[{"allowed_amount":0.04,"billing_code_modifier":[""],"providers":[{"billed_charge":0.92,"npi":[1275972531,1922306273]}]}]},{"tin":{"type":"ein","value":"400002285"},"service_code":["65"],"billing_class":"institutional","payments":[{"allowed_amount":0.05,"billing_code_modifier":[""],"providers":[{"billed_charge":0.92,"npi":[1275972531,1922306273]}]}]}]},{"name":"PSYCHIATRIC\/PSYCHOLOGICAL SVCS: PARTIAL HOSP - LES","billing_code_type":"RC","billing_code_type_version":"UB04","billing_code":"0912","description":"PSYCHIATRIC\/PSYCHOLOGICAL SVCS: PARTIAL HOSP - LES","allowed_amounts":[{"tin":{"type":"ein","value":"883884559"},"service_code":["22"],"billing_class":"institutional","payments":[{"allowed_amount":407.50,"billing_code_modifier":[""],"providers":[{"billed_charge":3350.00,"npi":[1801816764,1922794023]}]}]}]},{"name":"PSYCHIATRIC\/PSYCHOLOGICAL TRT: INTENSIVE OUTPATIEN","billing_code_type":"RC","billing_code_type_version":"UB04","billing_code":"0905","description":"PSYCHIATRIC\/PSYCHOLOGICAL TRT: INTENSIVE OUTPATIEN","allowed_amounts":[{"tin":{"type":"ein","value":"883884559"},"service_code":["22"],"billing_class":"institutional","payments":[{"allowed_amount":407.50,"billing_code_modifier":[""],"providers":[{"billed_charge":2825.00,"npi":[1801816764,1922794023]}]}]}]},{"name":"RESIDENTIAL TREATMENT-CHEMICAL DEPENDENCY","billing_code_type":"RC","billing_code_type_version":"UB04","billing_code":"1002","description":"RESIDENTIAL TREATMENT-CHEMICAL DEPENDENCY","allowed_amounts":[{"tin":{"type":"ein","value":"861558263"},"service_code":["21"],"billing_class":"institutional","payments":[{"allowed_amount":1803.30,"billing_code_modifier":[""],"providers":[{"billed_charge":5725.00,"npi":[1023360542,1548049687]}]}]}]}]}
