{"reporting_entity_name": "IEC Group_DBA AmeriBen",
	"reporting_entity_type": "Third Party Administrator",
	"plan_name": "PAUL HASTINGS LLP",
	"plan_id_type": "ein",
	"plan_id": "952209675",
	"plan_market_type": "group",
	"last_updated_on": "2022-08-31","Version": "1.0.0","out_of_network":[{"name":"ADAPTIVE BEHAVIOR TX BY PROTOCOL TECH EA 15 MIN","billing_code_type":"CPT","billing_code_type_version":"2020","billing_code":"97153","description":"ADAPTIVE BEHAVIOR TX BY PROTOCOL TECH EA 15 MIN","allowed_amounts":[{"tin":{"type":"ein","value":"470986503"},"service_code":["12"],"billing_class":"professional","payments":[{"allowed_amount":367.68,"billing_code_modifier":[""],"providers":[{"billed_charge":630.00,"npi":[1255884474,1295148146,1578974317]}]}]},{"tin":{"type":"ein","value":"470986503"},"service_code":["12"],"billing_class":"professional","payments":[{"allowed_amount":551.52,"billing_code_modifier":[""],"providers":[{"billed_charge":945.00,"npi":[1295148146,1578974317]}]}]}]},{"name":"COVID-19 LAB TEST NON-CDC HTT","billing_code_type":"HCPCS","billing_code_type_version":"HCPCS LEVEL II 2021","billing_code":"U0004","description":"COVID-19 LAB TEST NON-CDC HTT","allowed_amounts":[{"tin":{"type":"ein","value":"113412370"},"service_code":["81"],"billing_class":"professional","payments":[{"allowed_amount":225.00,"billing_code_modifier":[""],"providers":[{"billed_charge":295.00,"npi":[1366543795,1649800426]}]}]},{"tin":{"type":"ein","value":"263844242"},"service_code":["81"],"billing_class":"professional","payments":[{"allowed_amount":225.00,"billing_code_modifier":[""],"providers":[{"billed_charge":513.00,"npi":[1306850888,1346472859,1588760102,1780622043]}]}]},{"tin":{"type":"ein","value":"263911659"},"service_code":["81"],"billing_class":"professional","payments":[{"allowed_amount":225.00,"billing_code_modifier":[""],"providers":[{"billed_charge":250.00,"npi":[1518554450,1972568962]}]}]},{"tin":{"type":"ein","value":"272459098"},"service_code":["81"],"billing_class":"professional","payments":[{"allowed_amount":225.00,"billing_code_modifier":[""],"providers":[{"billed_charge":400.00,"npi":[1134439573,1437702362]}]}]},{"tin":{"type":"ein","value":"474172816"},"service_code":["81"],"billing_class":"professional","payments":[{"allowed_amount":200.00,"billing_code_modifier":[""],"providers":[{"billed_charge":200.00,"npi":[1164802500,1467073460]}]}]},{"tin":{"type":"ein","value":"812571646"},"service_code":["81"],"billing_class":"professional","payments":[{"allowed_amount":225.00,"billing_code_modifier":[""],"providers":[{"billed_charge":300.00,"npi":[1629579826,1710394358]}]}]},{"tin":{"type":"ein","value":"821256541"},"service_code":["81"],"billing_class":"professional","payments":[{"allowed_amount":225.00,"billing_code_modifier":[""],"providers":[{"billed_charge":500.00,"npi":[1871724617,1952876203]}]}]},{"tin":{"type":"ein","value":"821623492"},"service_code":["81"],"billing_class":"professional","payments":[{"allowed_amount":225.00,"billing_code_modifier":[""],"providers":[{"billed_charge":600.00,"npi":[1114080231,1669990701]}]}]},{"tin":{"type":"ein","value":"831342609"},"service_code":["81"],"billing_class":"professional","payments":[{"allowed_amount":225.00,"billing_code_modifier":[""],"providers":[{"billed_charge":350.00,"npi":[1073101028,1487815387]}]}]},{"tin":{"type":"ein","value":"861328448"},"service_code":["11"],"billing_class":"professional","payments":[{"allowed_amount":225.00,"billing_code_modifier":[""],"providers":[{"billed_charge":750.00,"npi":[1003418583,1376128090,1841671476]}]}]},{"tin":{"type":"ein","value":"953926170"},"service_code":["81"],"billing_class":"professional","payments":[{"allowed_amount":200.00,"billing_code_modifier":[""],"providers":[{"billed_charge":200.00,"npi":[1003950585,1033373899]}]}]}]},{"name":"IAAD IA SEVERE AQT RESPIR SYND CORONAVIRUS","billing_code_type":"CPT","billing_code_type_version":"2020","billing_code":"87426","description":"IAAD IA SEVERE AQT RESPIR SYND CORONAVIRUS","allowed_amounts":[{"tin":{"type":"ein","value":"455125571"},"service_code":["11"],"billing_class":"professional","payments":[{"allowed_amount":135.69,"billing_code_modifier":[""],"providers":[{"billed_charge":190.00,"npi":[1144821224,1831296185]}]}]},{"tin":{"type":"ein","value":"474777175"},"service_code":["81"],"billing_class":"professional","payments":[{"allowed_amount":135.69,"billing_code_modifier":[""],"providers":[{"billed_charge":195.00,"npi":[1205410933,1508881574]}]}]},{"tin":{"type":"ein","value":"586001996"},"service_code":["11"],"billing_class":"professional","payments":[{"allowed_amount":135.69,"billing_code_modifier":[""],"providers":[{"billed_charge":150.00,"npi":[1104870997,1598284408]}]}]}]},{"name":"INFEC AGEN DETEC AMPLI PROBE","billing_code_type":"HCPCS","billing_code_type_version":"HCPCS LEVEL II 2021","billing_code":"U0005","description":"INFEC AGEN DETEC AMPLI PROBE","allowed_amounts":[{"tin":{"type":"ein","value":"030511037"},"service_code":["81"],"billing_class":"professional","payments":[{"allowed_amount":75.00,"billing_code_modifier":[""],"providers":[{"billed_charge":125.00,"npi":[1790234839,1821110453]}]}]},{"tin":{"type":"ein","value":"113540038"},"service_code":["11"],"billing_class":"professional","payments":[{"allowed_amount":75.00,"billing_code_modifier":[""],"providers":[{"billed_charge":75.00,"npi":[1811939465,1831470087]}]}]},{"tin":{"type":"ein","value":"113630760"},"service_code":["81"],"billing_class":"professional","payments":[{"allowed_amount":75.00,"billing_code_modifier":[""],"providers":[{"billed_charge":101.25,"npi":[1013508498,1013986777,1033461231,1073846150,1083857601,1255468328]}]}]},{"tin":{"type":"ein","value":"201236503"},"service_code":["81"],"billing_class":"professional","payments":[{"allowed_amount":50.00,"billing_code_modifier":[""],"providers":[{"billed_charge":50.00,"npi":[1114080231,1225110497]}]}]},{"tin":{"type":"ein","value":"203734391"},"service_code":["81"],"billing_class":"professional","payments":[{"allowed_amount":50.00,"billing_code_modifier":[""],"providers":[{"billed_charge":50.00,"npi":[1053584482,1073629069,1174032924,1205442852,1285881748,1659350163]}]}]},{"tin":{"type":"ein","value":"231855452"},"service_code":["81"],"billing_class":"professional","payments":[{"allowed_amount":75.00,"billing_code_modifier":[""],"providers":[{"billed_charge":75.00,"npi":[1174577241,1346291986]}]}]},{"tin":{"type":"ein","value":"263840549"},"service_code":["81"],"billing_class":"professional","payments":[{"allowed_amount":25.00,"billing_code_modifier":[""],"providers":[{"billed_charge":25.00,"npi":[1023253556,1093937708]}]}]},{"tin":{"type":"ein","value":"263911659"},"service_code":["81"],"billing_class":"professional","payments":[{"allowed_amount":75.00,"billing_code_modifier":[""],"providers":[{"billed_charge":150.00,"npi":[1518554450,1972568962]}]}]},{"tin":{"type":"ein","value":"272459098"},"service_code":["81"],"billing_class":"professional","payments":[{"allowed_amount":75.00,"billing_code_modifier":[""],"providers":[{"billed_charge":100.00,"npi":[1134439573,1437702362]}]}]},{"tin":{"type":"ein","value":"273237160"},"service_code":["81"],"billing_class":"professional","payments":[{"allowed_amount":50.00,"billing_code_modifier":[""],"providers":[{"billed_charge":50.00,"npi":[1124316138,1366736977]}]}]},{"tin":{"type":"ein","value":"273269339"},"service_code":["81"],"billing_class":"professional","payments":[{"allowed_amount":75.00,"billing_code_modifier":[""],"providers":[{"billed_charge":75.00,"npi":[1295703890,1356657787]}]}]},{"tin":{"type":"ein","value":"330836229"},"service_code":["81"],"billing_class":"professional","payments":[{"allowed_amount":25.00,"billing_code_modifier":[""],"providers":[{"billed_charge":25.00,"npi":[1023317781,1366850463]}]}]},{"tin":{"type":"ein","value":"384133385"},"service_code":["81"],"billing_class":"professional","payments":[{"allowed_amount":25.00,"billing_code_modifier":[""],"providers":[{"billed_charge":25.00,"npi":[1205861309,1326658097]}]}]},{"tin":{"type":"ein","value":"454333998"},"service_code":["81"],"billing_class":"professional","payments":[{"allowed_amount":75.00,"billing_code_modifier":[""],"providers":[{"billed_charge":75.00,"npi":[1851726731]}]}]},{"tin":{"type":"ein","value":"463908799"},"service_code":["03"],"billing_class":"professional","payments":[{"allowed_amount":50.00,"billing_code_modifier":[""],"providers":[{"billed_charge":50.00,"npi":[1093136418]}]}]},{"tin":{"type":"ein","value":"472462178"},"service_code":["81"],"billing_class":"professional","payments":[{"allowed_amount":50.00,"billing_code_modifier":[""],"providers":[{"billed_charge":50.00,"npi":[1144731605,1508484569,1639311509]}]}]},{"tin":{"type":"ein","value":"473727159"},"service_code":["81"],"billing_class":"professional","payments":[{"allowed_amount":25.00,"billing_code_modifier":[""],"providers":[{"billed_charge":25.00,"npi":[1114389939,1245769298,1881222065,1912521568]}]}]},{"tin":{"type":"ein","value":"474172816"},"service_code":["81"],"billing_class":"professional","payments":[{"allowed_amount":50.00,"billing_code_modifier":[""],"providers":[{"billed_charge":50.00,"npi":[1164802500,1467073460]}]}]},{"tin":{"type":"ein","value":"474777175"},"service_code":["20","81"],"billing_class":"professional","payments":[{"allowed_amount":75.00,"billing_code_modifier":[""],"providers":[{"billed_charge":95.00,"npi":[1205023512,1205410933,1497015085,1508881574,1801292925,1861433021,1861845802]},{"billed_charge":125.00,"npi":[1205410933,1497015085]}]},{"allowed_amount":75.00,"billing_code_modifier":[""],"providers":[{"billed_charge":95.00,"npi":[1205023512,1205410933,1497015085,1508881574,1801292925,1861433021,1861845802]},{"billed_charge":125.00,"npi":[1205410933,1497015085]}]}]},{"tin":{"type":"ein","value":"474777175"},"service_code":["81"],"billing_class":"professional","payments":[{"allowed_amount":50.00,"billing_code_modifier":[""],"providers":[{"billed_charge":50.00,"npi":[1205410933,1801292925]}]}]},{"tin":{"type":"ein","value":"474777175"},"service_code":["81"],"billing_class":"professional","payments":[{"allowed_amount":75.00,"billing_code_modifier":[""],"providers":[{"billed_charge":95.00,"npi":[1205023512,1205410933,1497015085,1508881574,1801292925,1861433021,1861845802]},{"billed_charge":125.00,"npi":[1205410933,1497015085]}]},{"allowed_amount":75.00,"billing_code_modifier":[""],"providers":[{"billed_charge":95.00,"npi":[1205023512,1205410933,1497015085,1508881574,1801292925,1861433021,1861845802]},{"billed_charge":125.00,"npi":[1205410933,1497015085]}]}]},{"tin":{"type":"ein","value":"475502891"},"service_code":["81"],"billing_class":"professional","payments":[{"allowed_amount":25.00,"billing_code_modifier":[""],"providers":[{"billed_charge":65.00,"npi":[1851992127,1902840283]}]}]},{"tin":{"type":"ein","value":"710897031"},"service_code":["81"],"billing_class":"professional","payments":[{"allowed_amount":25.00,"billing_code_modifier":[""],"providers":[{"billed_charge":25.00,"npi":[1366479099,1598288219]}]}]},{"tin":{"type":"ein","value":"812571646"},"service_code":["81"],"billing_class":"professional","payments":[{"allowed_amount":75.00,"billing_code_modifier":[""],"providers":[{"billed_charge":100.00,"npi":[1629579826,1710394358]}]}]},{"tin":{"type":"ein","value":"813627104"},"service_code":["81"],"billing_class":"professional","payments":[{"allowed_amount":75.00,"billing_code_modifier":[""],"providers":[{"billed_charge":150.00,"npi":[1093801854,1427658848]}]}]},{"tin":{"type":"ein","value":"821256541"},"service_code":["81"],"billing_class":"professional","payments":[{"allowed_amount":75.00,"billing_code_modifier":[""],"providers":[{"billed_charge":100.00,"npi":[1871724617,1952876203]}]}]},{"tin":{"type":"ein","value":"823438908"},"service_code":["11"],"billing_class":"professional","payments":[{"allowed_amount":75.00,"billing_code_modifier":[""],"providers":[{"billed_charge":75.00,"npi":[1073856845,1114431087,1134358641,1992791164]}]}]},{"tin":{"type":"ein","value":"830903093"},"service_code":["81"],"billing_class":"professional","payments":[{"allowed_amount":50.00,"billing_code_modifier":[""],"providers":[{"billed_charge":50.00,"npi":[1174095459,1285826719]}]}]},{"tin":{"type":"ein","value":"831342609"},"service_code":["81"],"billing_class":"professional","payments":[{"allowed_amount":75.00,"billing_code_modifier":[""],"providers":[{"billed_charge":100.00,"npi":[1073101028,1487815387]}]}]},{"tin":{"type":"ein","value":"840611484"},"service_code":["81"],"billing_class":"professional","payments":[{"allowed_amount":25.00,"billing_code_modifier":[""],"providers":[{"billed_charge":25.00,"npi":[1104379908,1255314704]}]}]},{"tin":{"type":"ein","value":"843016042"},"service_code":["81"],"billing_class":"professional","payments":[{"allowed_amount":75.00,"billing_code_modifier":[""],"providers":[{"billed_charge":100.00,"npi":[1073629069,1598315574]}]}]},{"tin":{"type":"ein","value":"851054301"},"service_code":["81"],"billing_class":"professional","payments":[{"allowed_amount":75.00,"billing_code_modifier":[""],"providers":[{"billed_charge":75.00,"npi":[1336191980,1467030536]}]}]},{"tin":{"type":"ein","value":"852421177"},"service_code":["81"],"billing_class":"professional","payments":[{"allowed_amount":50.00,"billing_code_modifier":[""],"providers":[{"billed_charge":50.00,"npi":[1043313992,1366048019]}]}]},{"tin":{"type":"ein","value":"852766187"},"service_code":["81"],"billing_class":"professional","payments":[{"allowed_amount":50.00,"billing_code_modifier":[""],"providers":[{"billed_charge":50.00,"npi":[1205360476,1255946869]}]}]},{"tin":{"type":"ein","value":"861328448"},"service_code":["11"],"billing_class":"professional","payments":[{"allowed_amount":75.00,"billing_code_modifier":[""],"providers":[{"billed_charge":600.00,"npi":[1003418583,1376128090,1841671476]}]}]},{"tin":{"type":"ein","value":"861826385"},"service_code":["81"],"billing_class":"professional","payments":[{"allowed_amount":25.00,"billing_code_modifier":[""],"providers":[{"billed_charge":100.00,"npi":[1346914843]}]}]},{"tin":{"type":"ein","value":"863907656"},"service_code":["81"],"billing_class":"professional","payments":[{"allowed_amount":50.00,"billing_code_modifier":[""],"providers":[{"billed_charge":50.00,"npi":[1073069696,1396313813,1528068103]}]}]},{"tin":{"type":"ein","value":"873116471"},"service_code":["81"],"billing_class":"professional","payments":[{"allowed_amount":25.00,"billing_code_modifier":[""],"providers":[{"billed_charge":25.00,"npi":[1710641360]}]}]},{"tin":{"type":"ein","value":"953926170"},"service_code":["81"],"billing_class":"professional","payments":[{"allowed_amount":25.00,"billing_code_modifier":[""],"providers":[{"billed_charge":50.00,"npi":[1003950585,1033373899]}]}]},{"tin":{"type":"ein","value":"953926170"},"service_code":["81"],"billing_class":"professional","payments":[{"allowed_amount":50.00,"billing_code_modifier":[""],"providers":[{"billed_charge":50.00,"npi":[1003950585,1033373899]}]}]}]},{"name":"MANUAL THERAPY TQS 1\/> REGIONS EACH 15 MINUTES","billing_code_type":"CPT","billing_code_type_version":"2020","billing_code":"97140","description":"MANUAL THERAPY TQS 1\/> REGIONS EACH 15 MINUTES","allowed_amounts":[{"tin":{"type":"ein","value":"202775993"},"service_code":["11"],"billing_class":"professional","payments":[{"allowed_amount":95.00,"billing_code_modifier":[""],"providers":[{"billed_charge":95.00,"npi":[1063454577,1083114102,1184021529,1720051006]}]}]},{"tin":{"type":"ein","value":"454919261"},"service_code":["11"],"billing_class":"professional","payments":[{"allowed_amount":92.40,"billing_code_modifier":[""],"providers":[{"billed_charge":120.00,"npi":[1285202648,1326474081]}]}]},{"tin":{"type":"ein","value":"851084342"},"service_code":["11"],"billing_class":"professional","payments":[{"allowed_amount":191.70,"billing_code_modifier":[""],"providers":[{"billed_charge":300.00,"npi":[1194279034,1730705799]}]}]}]},{"name":"OFFICE\/OUTPATIENT ESTABLISHED HIGH MDM 40-54 MIN","billing_code_type":"CPT","billing_code_type_version":"2020","billing_code":"99215","description":"OFFICE\/OUTPATIENT ESTABLISHED HIGH MDM 40-54 MIN","allowed_amounts":[{"tin":{"type":"ein","value":"205365387"},"service_code":["11"],"billing_class":"professional","payments":[{"allowed_amount":350.00,"billing_code_modifier":[""],"providers":[{"billed_charge":350.00,"npi":[1043383466,1982907309]}]}]},{"tin":{"type":"ein","value":"330371235"},"service_code":["11"],"billing_class":"professional","payments":[{"allowed_amount":350.00,"billing_code_modifier":[""],"providers":[{"billed_charge":350.00,"npi":[1679523914,1912943994]}]}]}]},{"name":"OFFICE\/OUTPATIENT ESTABLISHED LOW MDM 20-29 MIN","billing_code_type":"CPT","billing_code_type_version":"2020","billing_code":"99213","description":"OFFICE\/OUTPATIENT ESTABLISHED LOW MDM 20-29 MIN","allowed_amounts":[{"tin":{"type":"ein","value":"114442203"},"service_code":["11"],"billing_class":"professional","payments":[{"allowed_amount":125.00,"billing_code_modifier":[""],"providers":[{"billed_charge":125.00,"npi":[1669460416]}]}]},{"tin":{"type":"ein","value":"475323099"},"service_code":["11"],"billing_class":"professional","payments":[{"allowed_amount":125.00,"billing_code_modifier":[""],"providers":[{"billed_charge":125.00,"npi":[1720051881,1932137023]}]}]},{"tin":{"type":"ein","value":"812578848"},"service_code":["11"],"billing_class":"professional","payments":[{"allowed_amount":125.00,"billing_code_modifier":[""],"providers":[{"billed_charge":125.00,"npi":[1518161983]}]}]},{"tin":{"type":"ein","value":"953578293"},"service_code":["11"],"billing_class":"professional","payments":[{"allowed_amount":125.00,"billing_code_modifier":[""],"providers":[{"billed_charge":125.00,"npi":[1174703839,1639157100]}]}]}]},{"name":"PSYCHOTHERAPY W\/PATIENT 45 MINUTES","billing_code_type":"CPT","billing_code_type_version":"2020","billing_code":"90834","description":"PSYCHOTHERAPY W\/PATIENT 45 MINUTES","allowed_amounts":[{"tin":{"type":"ein","value":"301130652"},"service_code":["02"],"billing_class":"professional","payments":[{"allowed_amount":250.00,"billing_code_modifier":[""],"providers":[{"billed_charge":250.00,"npi":[1104392604,1548280563]}]}]},{"tin":{"type":"ein","value":"464447667"},"service_code":["11"],"billing_class":"professional","payments":[{"allowed_amount":250.00,"billing_code_modifier":[""],"providers":[{"billed_charge":250.00,"npi":[1629295068,1821455213]}]}]}]},{"name":"PSYCHOTHERAPY W\/PATIENT 60 MINUTES","billing_code_type":"CPT","billing_code_type_version":"2020","billing_code":"90837","description":"PSYCHOTHERAPY W\/PATIENT 60 MINUTES","allowed_amounts":[{"tin":{"type":"ein","value":"200000969"},"service_code":["02"],"billing_class":"professional","payments":[{"allowed_amount":400.00,"billing_code_modifier":[""],"providers":[{"billed_charge":400.00,"npi":[1538364633,1609306125]}]}]}]},{"name":"SARS-COV-2 COVID-19 AMP PRB HTT","billing_code_type":"HCPCS","billing_code_type_version":"HCPCS LEVEL II 2021","billing_code":"U0003","description":"SARS-COV-2 COVID-19 AMP PRB HTT","allowed_amounts":[{"tin":{"type":"ein","value":"030511037"},"service_code":["81"],"billing_class":"professional","payments":[{"allowed_amount":225.00,"billing_code_modifier":[""],"providers":[{"billed_charge":375.00,"npi":[1790234839,1821110453]}]}]},{"tin":{"type":"ein","value":"113540038"},"service_code":["11"],"billing_class":"professional","payments":[{"allowed_amount":225.00,"billing_code_modifier":[""],"providers":[{"billed_charge":250.00,"npi":[1811939465,1831470087]}]}]},{"tin":{"type":"ein","value":"113630760"},"service_code":["81"],"billing_class":"professional","payments":[{"allowed_amount":225.00,"billing_code_modifier":[""],"providers":[{"billed_charge":303.75,"npi":[1013508498,1013986777,1033461231,1073846150,1083857601,1255468328]}]}]},{"tin":{"type":"ein","value":"203734391"},"service_code":["81"],"billing_class":"professional","payments":[{"allowed_amount":200.00,"billing_code_modifier":[""],"providers":[{"billed_charge":200.00,"npi":[1053584482,1073629069,1174032924,1205442852,1285881748,1659350163]}]}]},{"tin":{"type":"ein","value":"231855452"},"service_code":["81"],"billing_class":"professional","payments":[{"allowed_amount":225.00,"billing_code_modifier":[""],"providers":[{"billed_charge":312.00,"npi":[1174577241,1346291986]}]}]},{"tin":{"type":"ein","value":"273237160"},"service_code":["81"],"billing_class":"professional","payments":[{"allowed_amount":225.00,"billing_code_modifier":[""],"providers":[{"billed_charge":250.00,"npi":[1124316138,1366736977]}]}]},{"tin":{"type":"ein","value":"273269339"},"service_code":["81"],"billing_class":"professional","payments":[{"allowed_amount":225.00,"billing_code_modifier":[""],"providers":[{"billed_charge":300.00,"npi":[1295703890,1356657787]}]}]},{"tin":{"type":"ein","value":"384133385"},"service_code":["81"],"billing_class":"professional","payments":[{"allowed_amount":100.00,"billing_code_modifier":[""],"providers":[{"billed_charge":100.00,"npi":[1205861309,1326658097]}]}]},{"tin":{"type":"ein","value":"454333998"},"service_code":["81"],"billing_class":"professional","payments":[{"allowed_amount":225.00,"billing_code_modifier":[""],"providers":[{"billed_charge":300.00,"npi":[1851726731]}]}]},{"tin":{"type":"ein","value":"472462178"},"service_code":["81"],"billing_class":"professional","payments":[{"allowed_amount":225.00,"billing_code_modifier":[""],"providers":[{"billed_charge":250.00,"npi":[1144731605,1508484569,1639311509]}]}]},{"tin":{"type":"ein","value":"474777175"},"service_code":["20","81"],"billing_class":"professional","payments":[{"allowed_amount":225.00,"billing_code_modifier":[""],"providers":[{"billed_charge":295.00,"npi":[1205023512,1205410933,1497015085,1508881574,1801292925,1861433021,1861845802]},{"billed_charge":275.00,"npi":[1205410933,1508881574,1801292925]}]},{"allowed_amount":225.00,"billing_code_modifier":[""],"providers":[{"billed_charge":295.00,"npi":[1205023512,1205410933,1497015085,1508881574,1801292925,1861433021,1861845802]},{"billed_charge":275.00,"npi":[1205410933,1508881574,1801292925]}]}]},{"tin":{"type":"ein","value":"474777175"},"service_code":["81"],"billing_class":"professional","payments":[{"allowed_amount":225.00,"billing_code_modifier":[""],"providers":[{"billed_charge":295.00,"npi":[1205023512,1205410933,1497015085,1508881574,1801292925,1861433021,1861845802]},{"billed_charge":275.00,"npi":[1205410933,1508881574,1801292925]}]},{"allowed_amount":225.00,"billing_code_modifier":[""],"providers":[{"billed_charge":295.00,"npi":[1205023512,1205410933,1497015085,1508881574,1801292925,1861433021,1861845802]},{"billed_charge":275.00,"npi":[1205410933,1508881574,1801292925]}]}]},{"tin":{"type":"ein","value":"710897031"},"service_code":["81"],"billing_class":"professional","payments":[{"allowed_amount":100.00,"billing_code_modifier":[""],"providers":[{"billed_charge":100.00,"npi":[1366479099,1598288219]}]}]},{"tin":{"type":"ein","value":"813627104"},"service_code":["81"],"billing_class":"professional","payments":[{"allowed_amount":225.00,"billing_code_modifier":[""],"providers":[{"billed_charge":300.00,"npi":[1093801854,1427658848]}]}]},{"tin":{"type":"ein","value":"823072457"},"service_code":["81"],"billing_class":"professional","payments":[{"allowed_amount":200.00,"billing_code_modifier":[""],"providers":[{"billed_charge":200.00,"npi":[1134606171,1902812878]}]}]},{"tin":{"type":"ein","value":"823438908"},"service_code":["11"],"billing_class":"professional","payments":[{"allowed_amount":225.00,"billing_code_modifier":[""],"providers":[{"billed_charge":300.00,"npi":[1073856845,1114431087,1134358641,1508220112,1992791164]}]}]},{"tin":{"type":"ein","value":"830903093"},"service_code":["81"],"billing_class":"professional","payments":[{"allowed_amount":225.00,"billing_code_modifier":[""],"providers":[{"billed_charge":300.00,"npi":[1174095459,1285826719]}]}]},{"tin":{"type":"ein","value":"840611484"},"service_code":["81"],"billing_class":"professional","payments":[{"allowed_amount":100.00,"billing_code_modifier":[""],"providers":[{"billed_charge":100.00,"npi":[1104379908,1255314704]}]}]},{"tin":{"type":"ein","value":"843016042"},"service_code":["81"],"billing_class":"professional","payments":[{"allowed_amount":225.00,"billing_code_modifier":[""],"providers":[{"billed_charge":250.00,"npi":[1073629069,1598315574]}]}]},{"tin":{"type":"ein","value":"851054301"},"service_code":["81"],"billing_class":"professional","payments":[{"allowed_amount":225.00,"billing_code_modifier":[""],"providers":[{"billed_charge":225.00,"npi":[1336191980,1467030536]}]}]},{"tin":{"type":"ein","value":"852421177"},"service_code":["81"],"billing_class":"professional","payments":[{"allowed_amount":200.00,"billing_code_modifier":[""],"providers":[{"billed_charge":200.00,"npi":[1043313992,1366048019]}]}]},{"tin":{"type":"ein","value":"852533341"},"service_code":["81"],"billing_class":"professional","payments":[{"allowed_amount":100.00,"billing_code_modifier":[""],"providers":[{"billed_charge":100.00,"npi":[1174137368,1366442675,1962020701]}]}]},{"tin":{"type":"ein","value":"880241758"},"service_code":["81"],"billing_class":"professional","payments":[{"allowed_amount":100.00,"billing_code_modifier":[""],"providers":[{"billed_charge":100.00,"npi":[1124417357,1639279417,1982688024]}]}]}]},{"name":"SBSQ HOSPITAL CARE\/DAY 25 MINUTES","billing_code_type":"CPT","billing_code_type_version":"2020","billing_code":"99232","description":"SBSQ HOSPITAL CARE\/DAY 25 MINUTES","allowed_amounts":[{"tin":{"type":"ein","value":"954699649"},"service_code":["21"],"billing_class":"professional","payments":[{"allowed_amount":78.30,"billing_code_modifier":[""],"providers":[{"billed_charge":195.00,"npi":[1053798173,1497951065,1538192588,1639172372,1659548204,1689178436,1811920846]}]}]}]},{"name":"SPEC COLL SNF\/LAB COVID-19","billing_code_type":"HCPCS","billing_code_type_version":"HCPCS LEVEL II 2021","billing_code":"G2024","description":"SPEC COLL SNF\/LAB COVID-19","allowed_amounts":[{"tin":{"type":"ein","value":"953926170"},"service_code":["81"],"billing_class":"professional","payments":[{"allowed_amount":51.00,"billing_code_modifier":[""],"providers":[{"billed_charge":51.00,"npi":[1003950585,1033373899]}]}]}]},{"name":"SPECIMEN COLLECT COVID-19","billing_code_type":"HCPCS","billing_code_type_version":"HCPCS LEVEL II 2021","billing_code":"G2023","description":"SPECIMEN COLLECT COVID-19","allowed_amounts":[{"tin":{"type":"ein","value":"030511037"},"service_code":["81"],"billing_class":"professional","payments":[{"allowed_amount":70.38,"billing_code_modifier":[""],"providers":[{"billed_charge":117.00,"npi":[1790234839,1821110453]}]}]},{"tin":{"type":"ein","value":"454333998"},"service_code":["81"],"billing_class":"professional","payments":[{"allowed_amount":70.38,"billing_code_modifier":[""],"providers":[{"billed_charge":70.38,"npi":[1851726731]}]}]},{"tin":{"type":"ein","value":"474777175"},"service_code":["20","81"],"billing_class":"professional","payments":[{"allowed_amount":70.38,"billing_code_modifier":[""],"providers":[{"billed_charge":150.00,"npi":[1205410933,1508881574,1801292925,1861845802]},{"billed_charge":95.00,"npi":[1205410933,1497015085]}]},{"allowed_amount":70.38,"billing_code_modifier":[""],"providers":[{"billed_charge":150.00,"npi":[1205410933,1508881574,1801292925,1861845802]},{"billed_charge":95.00,"npi":[1205410933,1497015085]}]}]},{"tin":{"type":"ein","value":"474777175"},"service_code":["81"],"billing_class":"professional","payments":[{"allowed_amount":70.38,"billing_code_modifier":[""],"providers":[{"billed_charge":150.00,"npi":[1205410933,1508881574,1801292925,1861845802]},{"billed_charge":95.00,"npi":[1205410933,1497015085]}]},{"allowed_amount":70.38,"billing_code_modifier":[""],"providers":[{"billed_charge":150.00,"npi":[1205410933,1508881574,1801292925,1861845802]},{"billed_charge":95.00,"npi":[1205410933,1497015085]}]}]},{"tin":{"type":"ein","value":"812571646"},"service_code":["81"],"billing_class":"professional","payments":[{"allowed_amount":70.38,"billing_code_modifier":[""],"providers":[{"billed_charge":75.00,"npi":[1629579826,1710394358]}]}]},{"tin":{"type":"ein","value":"813627104"},"service_code":["81"],"billing_class":"professional","payments":[{"allowed_amount":70.38,"billing_code_modifier":[""],"providers":[{"billed_charge":75.00,"npi":[1093801854,1427658848]}]}]},{"tin":{"type":"ein","value":"821623492"},"service_code":["81"],"billing_class":"professional","payments":[{"allowed_amount":70.38,"billing_code_modifier":[""],"providers":[{"billed_charge":100.00,"npi":[1114080231,1669990701]}]}]},{"tin":{"type":"ein","value":"823072457"},"service_code":["81"],"billing_class":"professional","payments":[{"allowed_amount":50.00,"billing_code_modifier":[""],"providers":[{"billed_charge":50.00,"npi":[1134606171,1902812878]}]}]},{"tin":{"type":"ein","value":"823438908"},"service_code":["11"],"billing_class":"professional","payments":[{"allowed_amount":70.38,"billing_code_modifier":[""],"providers":[{"billed_charge":70.38,"npi":[1073856845,1114431087]}]}]},{"tin":{"type":"ein","value":"830903093"},"service_code":["81"],"billing_class":"professional","payments":[{"allowed_amount":50.00,"billing_code_modifier":[""],"providers":[{"billed_charge":50.00,"npi":[1174095459,1285826719]}]}]},{"tin":{"type":"ein","value":"831342609"},"service_code":["81"],"billing_class":"professional","payments":[{"allowed_amount":50.00,"billing_code_modifier":[""],"providers":[{"billed_charge":50.00,"npi":[1073101028,1487815387]}]}]},{"tin":{"type":"ein","value":"842517811"},"service_code":["81"],"billing_class":"professional","payments":[{"allowed_amount":50.00,"billing_code_modifier":[""],"providers":[{"billed_charge":50.00,"npi":[1801004403,1851917405]}]}]},{"tin":{"type":"ein","value":"851729048"},"service_code":["11"],"billing_class":"professional","payments":[{"allowed_amount":70.38,"billing_code_modifier":[""],"providers":[{"billed_charge":80.00,"npi":[1750970109,1952400715]}]}]},{"tin":{"type":"ein","value":"852421177"},"service_code":["81"],"billing_class":"professional","payments":[{"allowed_amount":48.00,"billing_code_modifier":[""],"providers":[{"billed_charge":48.00,"npi":[1043313992,1366048019]}]}]},{"tin":{"type":"ein","value":"861328448"},"service_code":["11"],"billing_class":"professional","payments":[{"allowed_amount":70.38,"billing_code_modifier":[""],"providers":[{"billed_charge":150.00,"npi":[1003418583,1376128090,1841671476]}]}]}]},{"name":"THER PX 1\/> AREAS EACH 15 MIN NEUROMUSC REEDUCA","billing_code_type":"CPT","billing_code_type_version":"2020","billing_code":"97112","description":"THER PX 1\/> AREAS EACH 15 MIN NEUROMUSC REEDUCA","allowed_amounts":[{"tin":{"type":"ein","value":"202775993"},"service_code":["11"],"billing_class":"professional","payments":[{"allowed_amount":97.00,"billing_code_modifier":[""],"providers":[{"billed_charge":97.00,"npi":[1063454577,1184021529,1720051006]}]}]},{"tin":{"type":"ein","value":"202775993"},"service_code":["11"],"billing_class":"professional","payments":[{"allowed_amount":194.00,"billing_code_modifier":[""],"providers":[{"billed_charge":194.00,"npi":[1063454577,1083114102]}]}]},{"tin":{"type":"ein","value":"586001996"},"service_code":["11"],"billing_class":"professional","payments":[{"allowed_amount":194.00,"billing_code_modifier":[""],"providers":[{"billed_charge":194.00,"npi":[1104870997,1598284408]}]}]}]},{"name":"THERAPEUTIC PX 1\/> AREAS EACH 15 MIN EXERCISES","billing_code_type":"CPT","billing_code_type_version":"2020","billing_code":"97110","description":"THERAPEUTIC PX 1\/> AREAS EACH 15 MIN EXERCISES","allowed_amounts":[{"tin":{"type":"ein","value":"202775993"},"service_code":["11"],"billing_class":"professional","payments":[{"allowed_amount":291.00,"billing_code_modifier":[""],"providers":[{"billed_charge":291.00,"npi":[1063454577,1184021529,1720051006]}]}]},{"tin":{"type":"ein","value":"454919261"},"service_code":["11"],"billing_class":"professional","payments":[{"allowed_amount":201.60,"billing_code_modifier":[""],"providers":[{"billed_charge":280.00,"npi":[1285202648,1326474081]}]}]},{"tin":{"type":"ein","value":"851084342"},"service_code":["11"],"billing_class":"professional","payments":[{"allowed_amount":208.74,"billing_code_modifier":[""],"providers":[{"billed_charge":300.00,"npi":[1194279034,1730705799]}]}]}]},{"name":"TX SPEECH LANG VOICE COMMJ &\/AUDITORY PROC IND","billing_code_type":"CPT","billing_code_type_version":"2020","billing_code":"92507","description":"TX SPEECH LANG VOICE COMMJ &\/AUDITORY PROC IND","allowed_amounts":[{"tin":{"type":"ein","value":"472268832"},"service_code":["11"],"billing_class":"professional","payments":[{"allowed_amount":95.00,"billing_code_modifier":[""],"providers":[{"billed_charge":95.00,"npi":[1053564211,1700282134]}]}]}]}]}
