{"reporting_entity_name": "IEC Group_DBA AmeriBen",
	"reporting_entity_type": "Third Party Administrator",
	"plan_name": "UVA HEALTH",
	"plan_id_type": "ein",
	"plan_id": "810868533",
	"plan_market_type": "group",
	"last_updated_on": "2024-02-01","Version": "1.0.0","out_of_network":[{"name":"OFFICE\/OUTPATIENT ESTABLISHED MOD MDM 30 MIN","billing_code_type":"CPT","billing_code_type_version":"2020","billing_code":"99214","description":"OFFICE\/OUTPATIENT ESTABLISHED MOD MDM 30 MIN","allowed_amounts":[{"tin":{"type":"ein","value":"541124769"},"service_code":["11"],"billing_class":"professional","payments":[{"allowed_amount":147.38,"billing_code_modifier":[""],"providers":[{"billed_charge":302.00,"npi":[1033138250,1669982898,1780630608]},{"billed_charge":335.00,"npi":[1033138250,1174765424,1265793707,1356736458,1609405620,1669982898,1962136887,1972231678]},{"billed_charge":355.00,"npi":[1033138250,1588800338,1669982898]}]},{"allowed_amount":147.38,"billing_code_modifier":[""],"providers":[{"billed_charge":302.00,"npi":[1033138250,1669982898,1780630608]},{"billed_charge":335.00,"npi":[1033138250,1174765424,1265793707,1356736458,1609405620,1669982898,1962136887,1972231678]},{"billed_charge":355.00,"npi":[1033138250,1588800338,1669982898]}]},{"allowed_amount":147.38,"billing_code_modifier":[""],"providers":[{"billed_charge":302.00,"npi":[1033138250,1669982898,1780630608]},{"billed_charge":335.00,"npi":[1033138250,1174765424,1265793707,1356736458,1609405620,1669982898,1962136887,1972231678]},{"billed_charge":355.00,"npi":[1033138250,1588800338,1669982898]}]}]},{"tin":{"type":"ein","value":"541124769"},"service_code":["11"],"billing_class":"professional","payments":[{"allowed_amount":147.38,"billing_code_modifier":[""],"providers":[{"billed_charge":302.00,"npi":[1033138250,1669982898,1780630608]},{"billed_charge":335.00,"npi":[1033138250,1174765424,1265793707,1356736458,1609405620,1669982898,1962136887,1972231678]},{"billed_charge":355.00,"npi":[1033138250,1588800338,1669982898]}]},{"allowed_amount":147.38,"billing_code_modifier":[""],"providers":[{"billed_charge":302.00,"npi":[1033138250,1669982898,1780630608]},{"billed_charge":335.00,"npi":[1033138250,1174765424,1265793707,1356736458,1609405620,1669982898,1962136887,1972231678]},{"billed_charge":355.00,"npi":[1033138250,1588800338,1669982898]}]},{"allowed_amount":147.38,"billing_code_modifier":[""],"providers":[{"billed_charge":302.00,"npi":[1033138250,1669982898,1780630608]},{"billed_charge":335.00,"npi":[1033138250,1174765424,1265793707,1356736458,1609405620,1669982898,1962136887,1972231678]},{"billed_charge":355.00,"npi":[1033138250,1588800338,1669982898]}]}]},{"tin":{"type":"ein","value":"541124769"},"service_code":["11"],"billing_class":"professional","payments":[{"allowed_amount":147.38,"billing_code_modifier":[""],"providers":[{"billed_charge":302.00,"npi":[1033138250,1669982898,1780630608]},{"billed_charge":335.00,"npi":[1033138250,1174765424,1265793707,1356736458,1609405620,1669982898,1962136887,1972231678]},{"billed_charge":355.00,"npi":[1033138250,1588800338,1669982898]}]},{"allowed_amount":147.38,"billing_code_modifier":[""],"providers":[{"billed_charge":302.00,"npi":[1033138250,1669982898,1780630608]},{"billed_charge":335.00,"npi":[1033138250,1174765424,1265793707,1356736458,1609405620,1669982898,1962136887,1972231678]},{"billed_charge":355.00,"npi":[1033138250,1588800338,1669982898]}]},{"allowed_amount":147.38,"billing_code_modifier":[""],"providers":[{"billed_charge":302.00,"npi":[1033138250,1669982898,1780630608]},{"billed_charge":335.00,"npi":[1033138250,1174765424,1265793707,1356736458,1609405620,1669982898,1962136887,1972231678]},{"billed_charge":355.00,"npi":[1033138250,1588800338,1669982898]}]}]},{"tin":{"type":"ein","value":"541217184"},"service_code":["02"],"billing_class":"professional","payments":[{"allowed_amount":147.38,"billing_code_modifier":[""],"providers":[{"billed_charge":254.00,"npi":[1265485270,1265844880]}]}]},{"tin":{"type":"ein","value":"541675853"},"service_code":["11"],"billing_class":"professional","payments":[{"allowed_amount":147.38,"billing_code_modifier":[""],"providers":[{"billed_charge":325.00,"npi":[1356435580,1437265667]}]}]},{"tin":{"type":"ein","value":"815095434"},"service_code":["11"],"billing_class":"professional","payments":[{"allowed_amount":147.38,"billing_code_modifier":[""],"providers":[{"billed_charge":381.06,"npi":[1417064718,1861930984]}]}]},{"tin":{"type":"ein","value":"872474519"},"service_code":["02"],"billing_class":"professional","payments":[{"allowed_amount":147.38,"billing_code_modifier":[""],"providers":[{"billed_charge":334.52,"npi":[1063170363,1629740410]}]}]}]},{"name":"TENS SUPPL 2 LEAD PER MONTH","billing_code_type":"HCPCS","billing_code_type_version":"HCPCS LEVEL II 2021","billing_code":"A4595","description":"TENS SUPPL 2 LEAD PER MONTH","allowed_amounts":[{"tin":{"type":"ein","value":"841451963"},"service_code":["12"],"billing_class":"professional","payments":[{"allowed_amount":163.49,"billing_code_modifier":[""],"providers":[{"billed_charge":217.98,"npi":[1043747983,1700300811,1770511552]}]}]}]},{"name":"THER PX 1\/> AREAS EACH 15 MIN NEUROMUSC REEDUCA","billing_code_type":"CPT","billing_code_type_version":"2020","billing_code":"97112","description":"THER PX 1\/> AREAS EACH 15 MIN NEUROMUSC REEDUCA","allowed_amounts":[{"tin":{"type":"ein","value":"470907536"},"service_code":["11"],"billing_class":"professional","payments":[{"allowed_amount":46.96,"billing_code_modifier":[""],"providers":[{"billed_charge":280.00,"npi":[1033220454,1235180548,1376179465,1396253720,1861946329,1902400401]}]}]}]},{"name":"THERAPEUT ACTVITY DIRECT PT CONTACT EACH 15 MIN","billing_code_type":"CPT","billing_code_type_version":"2020","billing_code":"97530","description":"THERAPEUT ACTVITY DIRECT PT CONTACT EACH 15 MIN","allowed_amounts":[{"tin":{"type":"ein","value":"470907536"},"service_code":["11"],"billing_class":"professional","payments":[{"allowed_amount":44.98,"billing_code_modifier":[""],"providers":[{"billed_charge":300.00,"npi":[1033220454,1235180548,1376179465,1396253720,1669021572,1861946329,1902400401]}]}]}]},{"name":"THERAPEUTIC PX 1\/> AREAS EACH 15 MIN EXERCISES","billing_code_type":"CPT","billing_code_type_version":"2020","billing_code":"97110","description":"THERAPEUTIC PX 1\/> AREAS EACH 15 MIN EXERCISES","allowed_amounts":[{"tin":{"type":"ein","value":"470907536"},"service_code":["11"],"billing_class":"professional","payments":[{"allowed_amount":22.49,"billing_code_modifier":[""],"providers":[{"billed_charge":140.00,"npi":[1033220454,1235180548,1376179465,1396253720,1669021572,1861946329,1902400401]}]}]}]}]}
