{"reporting_entity_name": "IEC Group_DBA AmeriBen",
	"reporting_entity_type": "Third Party Administrator",
	"plan_name": "WASSERMAN",
	"plan_id_type": "ein",
	"plan_id": "721559402",
	"plan_market_type": "group",
	"last_updated_on": "2025-03-03","Version": "1.0.0","out_of_network":[{"name":"APPLICATION MODALITY 1\/> AREAS INFRARED","billing_code_type":"CPT","billing_code_type_version":"2020","billing_code":"97026","description":"APPLICATION MODALITY 1\/> AREAS INFRARED","allowed_amounts":[{"tin":{"type":"ein","value":"474130074"},"service_code":["11"],"billing_class":"professional","payments":[{"allowed_amount":9.37,"billing_code_modifier":[""],"providers":[{"billed_charge":25.00,"npi":[1194591131]}]}]},{"tin":{"type":"ein","value":"810955410"},"service_code":["11"],"billing_class":"professional","payments":[{"allowed_amount":9.37,"billing_code_modifier":[""],"providers":[{"billed_charge":90.00,"npi":[1700230091]}]}]}]},{"name":"CHIROPRACTIC MANIPLTV TX EXTRASPINAL 1\/> REGION","billing_code_type":"CPT","billing_code_type_version":"2020","billing_code":"98943","description":"CHIROPRACTIC MANIPLTV TX EXTRASPINAL 1\/> REGION","allowed_amounts":[{"tin":{"type":"ein","value":"142907766"},"service_code":["11"],"billing_class":"professional","payments":[{"allowed_amount":37.82,"billing_code_modifier":[""],"providers":[{"billed_charge":80.00,"npi":[1407243900]}]}]},{"tin":{"type":"ein","value":"264347711"},"service_code":["11"],"billing_class":"professional","payments":[{"allowed_amount":37.82,"billing_code_modifier":[""],"providers":[{"billed_charge":150.00,"npi":[1225262785,1821226135]}]}]},{"tin":{"type":"ein","value":"822578242"},"service_code":["11"],"billing_class":"professional","payments":[{"allowed_amount":37.82,"billing_code_modifier":[""],"providers":[{"billed_charge":301.00,"npi":[1629379979,1679508303]}]}]},{"tin":{"type":"ein","value":"824654775"},"service_code":["11"],"billing_class":"professional","payments":[{"allowed_amount":37.82,"billing_code_modifier":[""],"providers":[{"billed_charge":150.00,"npi":[1265103733,1841954807]}]}]},{"tin":{"type":"ein","value":"901021784"},"service_code":["11"],"billing_class":"professional","payments":[{"allowed_amount":37.82,"billing_code_modifier":[""],"providers":[{"billed_charge":200.00,"npi":[1518375526,1558393165]}]}]}]},{"name":"MANUAL THERAPY TQS 1\/> REGIONS EACH 15 MINUTES","billing_code_type":"CPT","billing_code_type_version":"2020","billing_code":"97140","description":"MANUAL THERAPY TQS 1\/> REGIONS EACH 15 MINUTES","allowed_amounts":[{"tin":{"type":"ein","value":"465475066"},"service_code":["11"],"billing_class":"professional","payments":[{"allowed_amount":55.00,"billing_code_modifier":[""],"providers":[{"billed_charge":75.00,"npi":[1699403667,1972916609,1982900015]}]}]},{"tin":{"type":"ein","value":"810955410"},"service_code":["11"],"billing_class":"professional","payments":[{"allowed_amount":76.04,"billing_code_modifier":[""],"providers":[{"billed_charge":120.00,"npi":[1700230091]}]}]},{"tin":{"type":"ein","value":"833755762"},"service_code":["11"],"billing_class":"professional","payments":[{"allowed_amount":55.00,"billing_code_modifier":[""],"providers":[{"billed_charge":55.00,"npi":[1053945188,1801970611]}]}]},{"tin":{"type":"ein","value":"881354202"},"service_code":["11"],"billing_class":"professional","payments":[{"allowed_amount":55.00,"billing_code_modifier":[""],"providers":[{"billed_charge":75.00,"npi":[1285332387,1518616960,1538254784,1740218155]}]}]}]},{"name":"OFFICE\/OUTPATIENT ESTABLISHED SF MDM 10 MIN","billing_code_type":"CPT","billing_code_type_version":"2020","billing_code":"99212","description":"OFFICE\/OUTPATIENT ESTABLISHED SF MDM 10 MIN","allowed_amounts":[{"tin":{"type":"ein","value":"810955410"},"service_code":["11"],"billing_class":"professional","payments":[{"allowed_amount":79.58,"billing_code_modifier":[""],"providers":[{"billed_charge":100.00,"npi":[1700230091]}]}]}]},{"name":"PSYCHIATRIC\/PSYCHOLOGICAL TRT: INTENSIVE OUT SERV","billing_code_type":"RC","billing_code_type_version":"UB04","billing_code":"0906","description":"PSYCHIATRIC\/PSYCHOLOGICAL TRT: INTENSIVE OUT SERV","allowed_amounts":[{"tin":{"type":"ein","value":"824541168"},"service_code":["99"],"billing_class":"institutional","payments":[{"allowed_amount":267.49,"billing_code_modifier":[""],"providers":[{"billed_charge":3500.00,"npi":[1447755301,1932472883]},{"billed_charge":4250.00,"npi":[1447755301,1932472883]}]},{"allowed_amount":267.49,"billing_code_modifier":[""],"providers":[{"billed_charge":3500.00,"npi":[1447755301,1932472883]},{"billed_charge":4250.00,"npi":[1447755301,1932472883]}]}]},{"tin":{"type":"ein","value":"824541168"},"service_code":["99"],"billing_class":"institutional","payments":[{"allowed_amount":267.49,"billing_code_modifier":[""],"providers":[{"billed_charge":3500.00,"npi":[1447755301,1932472883]},{"billed_charge":4250.00,"npi":[1447755301,1932472883]}]},{"allowed_amount":267.49,"billing_code_modifier":[""],"providers":[{"billed_charge":3500.00,"npi":[1447755301,1932472883]},{"billed_charge":4250.00,"npi":[1447755301,1932472883]}]}]}]},{"name":"PSYCHOTHERAPY W\/PATIENT 45 MINUTES","billing_code_type":"CPT","billing_code_type_version":"2020","billing_code":"90834","description":"PSYCHOTHERAPY W\/PATIENT 45 MINUTES","allowed_amounts":[{"tin":{"type":"ein","value":"103525633"},"service_code":["11"],"billing_class":"professional","payments":[{"allowed_amount":152.27,"billing_code_modifier":[""],"providers":[{"billed_charge":200.00,"npi":[1467520510]}]}]},{"tin":{"type":"ein","value":"107505336"},"service_code":["10"],"billing_class":"professional","payments":[{"allowed_amount":154.79,"billing_code_modifier":[""],"providers":[{"billed_charge":1300.00,"npi":[1457566697]}]}]},{"tin":{"type":"ein","value":"107505336"},"service_code":["11","99"],"billing_class":"professional","payments":[{"allowed_amount":152.27,"billing_code_modifier":[""],"providers":[{"billed_charge":325.00,"npi":[1457566697]}]}]},{"tin":{"type":"ein","value":"117548087"},"service_code":["10"],"billing_class":"professional","payments":[{"allowed_amount":152.27,"billing_code_modifier":[""],"providers":[{"billed_charge":200.00,"npi":[1881829471]},{"billed_charge":400.00,"npi":[1881829471]}]},{"allowed_amount":152.27,"billing_code_modifier":[""],"providers":[{"billed_charge":200.00,"npi":[1881829471]},{"billed_charge":400.00,"npi":[1881829471]}]}]},{"tin":{"type":"ein","value":"117548087"},"service_code":["10"],"billing_class":"professional","payments":[{"allowed_amount":152.27,"billing_code_modifier":[""],"providers":[{"billed_charge":200.00,"npi":[1881829471]},{"billed_charge":400.00,"npi":[1881829471]}]},{"allowed_amount":152.27,"billing_code_modifier":[""],"providers":[{"billed_charge":200.00,"npi":[1881829471]},{"billed_charge":400.00,"npi":[1881829471]}]}]},{"tin":{"type":"ein","value":"117548087"},"service_code":["10"],"billing_class":"professional","payments":[{"allowed_amount":154.79,"billing_code_modifier":[""],"providers":[{"billed_charge":200.00,"npi":[1881829471]}]}]},{"tin":{"type":"ein","value":"173468616"},"service_code":["11"],"billing_class":"professional","payments":[{"allowed_amount":0.00,"billing_code_modifier":[""],"providers":[{"billed_charge":675.00,"npi":[1225235138]}]}]},{"tin":{"type":"ein","value":"200102762"},"service_code":["11"],"billing_class":"professional","payments":[{"allowed_amount":0.00,"billing_code_modifier":[""],"providers":[{"billed_charge":315.00,"npi":[1437495942]}]}]},{"tin":{"type":"ein","value":"201104895"},"service_code":["02","11"],"billing_class":"professional","payments":[{"allowed_amount":0.00,"billing_code_modifier":[""],"providers":[{"billed_charge":250.00,"npi":[1528211513]}]}]},{"tin":{"type":"ein","value":"201104895"},"service_code":["11"],"billing_class":"professional","payments":[{"allowed_amount":152.27,"billing_code_modifier":[""],"providers":[{"billed_charge":250.00,"npi":[1528211513]}]}]},{"tin":{"type":"ein","value":"260377198"},"service_code":["02","10"],"billing_class":"professional","payments":[{"allowed_amount":154.79,"billing_code_modifier":[""],"providers":[{"billed_charge":325.00,"npi":[1245533470]}]}]},{"tin":{"type":"ein","value":"262738690"},"service_code":["11"],"billing_class":"professional","payments":[{"allowed_amount":0.00,"billing_code_modifier":[""],"providers":[{"billed_charge":450.00,"npi":[1093033565]}]}]},{"tin":{"type":"ein","value":"262738690"},"service_code":["11"],"billing_class":"professional","payments":[{"allowed_amount":251.24,"billing_code_modifier":[""],"providers":[{"billed_charge":450.00,"npi":[1093033565]}]}]},{"tin":{"type":"ein","value":"460846634"},"service_code":["11"],"billing_class":"professional","payments":[{"allowed_amount":0.00,"billing_code_modifier":[""],"providers":[{"billed_charge":225.00,"npi":[1346551611]}]}]},{"tin":{"type":"ein","value":"460846634"},"service_code":["11"],"billing_class":"professional","payments":[{"allowed_amount":152.27,"billing_code_modifier":[""],"providers":[{"billed_charge":225.00,"npi":[1346551611]}]}]},{"tin":{"type":"ein","value":"465251962"},"service_code":["11"],"billing_class":"professional","payments":[{"allowed_amount":152.27,"billing_code_modifier":[""],"providers":[{"billed_charge":175.00,"npi":[1811210446]}]}]},{"tin":{"type":"ein","value":"465251962"},"service_code":["11"],"billing_class":"professional","payments":[{"allowed_amount":154.79,"billing_code_modifier":[""],"providers":[{"billed_charge":175.00,"npi":[1811210446]}]}]},{"tin":{"type":"ein","value":"474383444"},"service_code":["02"],"billing_class":"professional","payments":[{"allowed_amount":251.24,"billing_code_modifier":[""],"providers":[{"billed_charge":275.00,"npi":[1063540748]}]}]},{"tin":{"type":"ein","value":"812833671"},"service_code":["02"],"billing_class":"professional","payments":[{"allowed_amount":152.27,"billing_code_modifier":[""],"providers":[{"billed_charge":200.00,"npi":[1114094539]}]}]},{"tin":{"type":"ein","value":"812833671"},"service_code":["02"],"billing_class":"professional","payments":[{"allowed_amount":154.79,"billing_code_modifier":[""],"providers":[{"billed_charge":200.00,"npi":[1114094539]}]}]},{"tin":{"type":"ein","value":"821204643"},"service_code":["11"],"billing_class":"professional","payments":[{"allowed_amount":152.27,"billing_code_modifier":[""],"providers":[{"billed_charge":275.00,"npi":[1083148001]}]}]},{"tin":{"type":"ein","value":"831129484"},"service_code":["11"],"billing_class":"professional","payments":[{"allowed_amount":251.24,"billing_code_modifier":[""],"providers":[{"billed_charge":275.00,"npi":[1346624244]}]}]},{"tin":{"type":"ein","value":"832953911"},"service_code":["02"],"billing_class":"professional","payments":[{"allowed_amount":152.27,"billing_code_modifier":[""],"providers":[{"billed_charge":200.00,"npi":[1306386842]}]}]},{"tin":{"type":"ein","value":"832953911"},"service_code":["02","11"],"billing_class":"professional","payments":[{"allowed_amount":154.79,"billing_code_modifier":[""],"providers":[{"billed_charge":200.00,"npi":[1306386842]}]}]},{"tin":{"type":"ein","value":"834302956"},"service_code":["10"],"billing_class":"professional","payments":[{"allowed_amount":152.27,"billing_code_modifier":[""],"providers":[{"billed_charge":275.00,"npi":[1487215364,1679631626]}]}]},{"tin":{"type":"ein","value":"834302956"},"service_code":["10"],"billing_class":"professional","payments":[{"allowed_amount":154.79,"billing_code_modifier":[""],"providers":[{"billed_charge":275.00,"npi":[1487215364,1679631626]}]}]},{"tin":{"type":"ein","value":"842850616"},"service_code":["10"],"billing_class":"professional","payments":[{"allowed_amount":0.00,"billing_code_modifier":[""],"providers":[{"billed_charge":260.00,"npi":[1346754744]}]}]},{"tin":{"type":"ein","value":"853293376"},"service_code":["11"],"billing_class":"professional","payments":[{"allowed_amount":152.27,"billing_code_modifier":[""],"providers":[{"billed_charge":200.00,"npi":[1639420797]}]}]},{"tin":{"type":"ein","value":"871564573"},"service_code":["11"],"billing_class":"professional","payments":[{"allowed_amount":152.27,"billing_code_modifier":[""],"providers":[{"billed_charge":180.00,"npi":[1518631274]}]}]},{"tin":{"type":"ein","value":"871564573"},"service_code":["11"],"billing_class":"professional","payments":[{"allowed_amount":154.79,"billing_code_modifier":[""],"providers":[{"billed_charge":180.00,"npi":[1518631274]}]}]},{"tin":{"type":"ein","value":"921539594"},"service_code":["02","11"],"billing_class":"professional","payments":[{"allowed_amount":152.27,"billing_code_modifier":[""],"providers":[{"billed_charge":250.00,"npi":[1083320733,1184233793,1386409878]}]}]},{"tin":{"type":"ein","value":"921539594"},"service_code":["11"],"billing_class":"professional","payments":[{"allowed_amount":154.79,"billing_code_modifier":[""],"providers":[{"billed_charge":250.00,"npi":[1083320733,1386409878]}]}]},{"tin":{"type":"ein","value":"922466724"},"service_code":["02"],"billing_class":"professional","payments":[{"allowed_amount":152.27,"billing_code_modifier":[""],"providers":[{"billed_charge":375.00,"npi":[1588080345]}]}]},{"tin":{"type":"ein","value":"922466724"},"service_code":["02"],"billing_class":"professional","payments":[{"allowed_amount":154.79,"billing_code_modifier":[""],"providers":[{"billed_charge":375.00,"npi":[1588080345]}]}]},{"tin":{"type":"ein","value":"954298005"},"service_code":["11"],"billing_class":"professional","payments":[{"allowed_amount":251.24,"billing_code_modifier":[""],"providers":[{"billed_charge":280.00,"npi":[1770518672]}]}]}]},{"name":"SELF-CARE\/HOME MGMT TRAINING EACH 15 MINUTES","billing_code_type":"CPT","billing_code_type_version":"2020","billing_code":"97535","description":"SELF-CARE\/HOME MGMT TRAINING EACH 15 MINUTES","allowed_amounts":[{"tin":{"type":"ein","value":"465475066"},"service_code":["11"],"billing_class":"professional","payments":[{"allowed_amount":75.00,"billing_code_modifier":[""],"providers":[{"billed_charge":75.00,"npi":[1699403667,1972916609,1982900015]}]}]},{"tin":{"type":"ein","value":"881354202"},"service_code":["11"],"billing_class":"professional","payments":[{"allowed_amount":75.00,"billing_code_modifier":[""],"providers":[{"billed_charge":75.00,"npi":[1285332387,1518616960,1740218155]}]}]},{"tin":{"type":"ein","value":"932533287"},"service_code":["11"],"billing_class":"professional","payments":[{"allowed_amount":18.47,"billing_code_modifier":[""],"providers":[{"billed_charge":90.00,"npi":[1629758594]}]}]}]},{"name":"THER PX 1\/> AREAS EACH 15 MIN NEUROMUSC REEDUCA","billing_code_type":"CPT","billing_code_type_version":"2020","billing_code":"97112","description":"THER PX 1\/> AREAS EACH 15 MIN NEUROMUSC REEDUCA","allowed_amounts":[{"tin":{"type":"ein","value":"465475066"},"service_code":["11"],"billing_class":"professional","payments":[{"allowed_amount":51.79,"billing_code_modifier":[""],"providers":[{"billed_charge":75.00,"npi":[1699403667,1972916609,1982900015]}]}]},{"tin":{"type":"ein","value":"881354202"},"service_code":["11"],"billing_class":"professional","payments":[{"allowed_amount":50.00,"billing_code_modifier":[""],"providers":[{"billed_charge":75.00,"npi":[1285332387,1518616960,1538254784,1740218155]}]}]},{"tin":{"type":"ein","value":"932533287"},"service_code":["11"],"billing_class":"professional","payments":[{"allowed_amount":19.04,"billing_code_modifier":[""],"providers":[{"billed_charge":80.00,"npi":[1629758594]}]}]}]},{"name":"THERAPEUT ACTVITY DIRECT PT CONTACT EACH 15 MIN","billing_code_type":"CPT","billing_code_type_version":"2020","billing_code":"97530","description":"THERAPEUT ACTVITY DIRECT PT CONTACT EACH 15 MIN","allowed_amounts":[{"tin":{"type":"ein","value":"932533287"},"service_code":["11"],"billing_class":"professional","payments":[{"allowed_amount":48.34,"billing_code_modifier":[""],"providers":[{"billed_charge":300.00,"npi":[1629758594]}]}]}]},{"name":"THERAPEUTIC PX 1\/> AREAS EACH 15 MIN EXERCISES","billing_code_type":"CPT","billing_code_type_version":"2020","billing_code":"97110","description":"THERAPEUTIC PX 1\/> AREAS EACH 15 MIN EXERCISES","allowed_amounts":[{"tin":{"type":"ein","value":"461312948"},"service_code":["11"],"billing_class":"professional","payments":[{"allowed_amount":43.22,"billing_code_modifier":[""],"providers":[{"billed_charge":150.00,"npi":[1215281985,1316683162]}]}]},{"tin":{"type":"ein","value":"465475066"},"service_code":["11"],"billing_class":"professional","payments":[{"allowed_amount":60.00,"billing_code_modifier":[""],"providers":[{"billed_charge":75.00,"npi":[1699403667,1972916609,1982900015]}]}]},{"tin":{"type":"ein","value":"824159533"},"service_code":["11"],"billing_class":"professional","payments":[{"allowed_amount":43.22,"billing_code_modifier":[""],"providers":[{"billed_charge":200.00,"npi":[1801459060,1952540536]}]}]},{"tin":{"type":"ein","value":"881354202"},"service_code":["11"],"billing_class":"professional","payments":[{"allowed_amount":65.00,"billing_code_modifier":[""],"providers":[{"billed_charge":75.00,"npi":[1285332387,1518616960,1538254784,1740218155]}]}]},{"tin":{"type":"ein","value":"881957018"},"service_code":["11"],"billing_class":"professional","payments":[{"allowed_amount":43.22,"billing_code_modifier":[""],"providers":[{"billed_charge":180.00,"npi":[1699542639,1851660120]}]}]},{"tin":{"type":"ein","value":"932533287"},"service_code":["11"],"billing_class":"professional","payments":[{"allowed_amount":16.61,"billing_code_modifier":[""],"providers":[{"billed_charge":87.50,"npi":[1629758594]}]}]}]},{"name":"TX SPEECH LANG VOICE COMMJ&\/AUD PROC DO INDIV","billing_code_type":"CPT","billing_code_type_version":"2020","billing_code":"92507","description":"TX SPEECH LANG VOICE COMMJ&\/AUD PROC DO INDIV","allowed_amounts":[{"tin":{"type":"ein","value":"076408936"},"service_code":["11"],"billing_class":"professional","payments":[{"allowed_amount":100.00,"billing_code_modifier":[""],"providers":[{"billed_charge":100.00,"npi":[1396149050]}]}]},{"tin":{"type":"ein","value":"800835936"},"service_code":["11"],"billing_class":"professional","payments":[{"allowed_amount":145.00,"billing_code_modifier":[""],"providers":[{"billed_charge":170.00,"npi":[1598100422]}]}]}]}]}
