{"reporting_entity_name": "IEC Group_DBA AmeriBen",
	"reporting_entity_type": "Third Party Administrator",
	"plan_name": "Solution Health  Elliot Health",
	"plan_id_type": "ein",
	"plan_id": "020509911",
	"plan_market_type": "group",
	"last_updated_on": "2024-07-01","Version": "1.0.0","out_of_network":[{"name":"ADAPTIVE BEHAVIOR TX BY PROTOCOL TECH EA 15 MIN","billing_code_type":"CPT","billing_code_type_version":"2020","billing_code":"97153","description":"ADAPTIVE BEHAVIOR TX BY PROTOCOL TECH EA 15 MIN","allowed_amounts":[{"tin":{"type":"ein","value":"863661185"},"service_code":["12"],"billing_class":"professional","payments":[{"allowed_amount":4602.75,"billing_code_modifier":[""],"providers":[{"billed_charge":4845.00,"npi":[1073083747,1538831573,1972187250]}]}]}]},{"name":"CHIROPRACTIC MANIPULATIVE TX SPINAL 3-4 REGIONS","billing_code_type":"CPT","billing_code_type_version":"2020","billing_code":"98941","description":"CHIROPRACTIC MANIPULATIVE TX SPINAL 3-4 REGIONS","allowed_amounts":[{"tin":{"type":"ein","value":"010559305"},"service_code":["11"],"billing_class":"professional","payments":[{"allowed_amount":32.40,"billing_code_modifier":[""],"providers":[{"billed_charge":54.00,"npi":[1043576093]}]}]},{"tin":{"type":"ein","value":"010559305"},"service_code":["11"],"billing_class":"professional","payments":[{"allowed_amount":32.48,"billing_code_modifier":[""],"providers":[{"billed_charge":54.00,"npi":[1043576093]}]}]},{"tin":{"type":"ein","value":"020469278"},"service_code":["11"],"billing_class":"professional","payments":[{"allowed_amount":32.40,"billing_code_modifier":[""],"providers":[{"billed_charge":50.00,"npi":[1770632770]}]}]},{"tin":{"type":"ein","value":"134316093"},"service_code":["11"],"billing_class":"professional","payments":[{"allowed_amount":32.48,"billing_code_modifier":[""],"providers":[{"billed_charge":50.00,"npi":[1023010501]}]}]},{"tin":{"type":"ein","value":"203758332"},"service_code":["11"],"billing_class":"professional","payments":[{"allowed_amount":27.44,"billing_code_modifier":[""],"providers":[{"billed_charge":80.00,"npi":[1285797720,1356645824]}]}]},{"tin":{"type":"ein","value":"542156952"},"service_code":["11"],"billing_class":"professional","payments":[{"allowed_amount":32.48,"billing_code_modifier":[""],"providers":[{"billed_charge":55.00,"npi":[1548300049,1760522254]}]}]},{"tin":{"type":"ein","value":"862854507"},"service_code":["11"],"billing_class":"professional","payments":[{"allowed_amount":26.52,"billing_code_modifier":[""],"providers":[{"billed_charge":95.00,"npi":[1215511258,1346683711]}]}]}]},{"name":"FAMILY PSYCHOTHERAPY W\/O PATIENT PRESENT 50 MINS","billing_code_type":"CPT","billing_code_type_version":"2020","billing_code":"90846","description":"FAMILY PSYCHOTHERAPY W\/O PATIENT PRESENT 50 MINS","allowed_amounts":[{"tin":{"type":"ein","value":"043825291"},"service_code":["11"],"billing_class":"professional","payments":[{"allowed_amount":66.00,"billing_code_modifier":[""],"providers":[{"billed_charge":375.00,"npi":[1487808713,1780344259]}]}]}]},{"name":"GROUP PSYCHOTHERAPY","billing_code_type":"CPT","billing_code_type_version":"2020","billing_code":"90853","description":"GROUP PSYCHOTHERAPY","allowed_amounts":[{"tin":{"type":"ein","value":"043825291"},"service_code":["11"],"billing_class":"professional","payments":[{"allowed_amount":38.00,"billing_code_modifier":[""],"providers":[{"billed_charge":250.00,"npi":[1487808713,1780344259]}]}]}]},{"name":"MANUAL THERAPY TQS 1\/> REGIONS EACH 15 MINUTES","billing_code_type":"CPT","billing_code_type_version":"2020","billing_code":"97140","description":"MANUAL THERAPY TQS 1\/> REGIONS EACH 15 MINUTES","allowed_amounts":[{"tin":{"type":"ein","value":"862854507"},"service_code":["11"],"billing_class":"professional","payments":[{"allowed_amount":13.62,"billing_code_modifier":[""],"providers":[{"billed_charge":65.00,"npi":[1215511258,1346683711]}]}]}]},{"name":"MULTIPLE FAMILY GROUP PSYCHOTHERAPY","billing_code_type":"CPT","billing_code_type_version":"2020","billing_code":"90849","description":"MULTIPLE FAMILY GROUP PSYCHOTHERAPY","allowed_amounts":[{"tin":{"type":"ein","value":"043825291"},"service_code":["11"],"billing_class":"professional","payments":[{"allowed_amount":44.24,"billing_code_modifier":[""],"providers":[{"billed_charge":250.00,"npi":[1487808713,1780344259]},{"billed_charge":362.50,"npi":[1487808713,1780344259]},{"billed_charge":375.00,"npi":[1487808713,1780344259]}]},{"allowed_amount":44.24,"billing_code_modifier":[""],"providers":[{"billed_charge":250.00,"npi":[1487808713,1780344259]},{"billed_charge":362.50,"npi":[1487808713,1780344259]},{"billed_charge":375.00,"npi":[1487808713,1780344259]}]},{"allowed_amount":44.24,"billing_code_modifier":[""],"providers":[{"billed_charge":250.00,"npi":[1487808713,1780344259]},{"billed_charge":362.50,"npi":[1487808713,1780344259]},{"billed_charge":375.00,"npi":[1487808713,1780344259]}]}]},{"tin":{"type":"ein","value":"043825291"},"service_code":["11"],"billing_class":"professional","payments":[{"allowed_amount":44.24,"billing_code_modifier":[""],"providers":[{"billed_charge":250.00,"npi":[1487808713,1780344259]},{"billed_charge":362.50,"npi":[1487808713,1780344259]},{"billed_charge":375.00,"npi":[1487808713,1780344259]}]},{"allowed_amount":44.24,"billing_code_modifier":[""],"providers":[{"billed_charge":250.00,"npi":[1487808713,1780344259]},{"billed_charge":362.50,"npi":[1487808713,1780344259]},{"billed_charge":375.00,"npi":[1487808713,1780344259]}]},{"allowed_amount":44.24,"billing_code_modifier":[""],"providers":[{"billed_charge":250.00,"npi":[1487808713,1780344259]},{"billed_charge":362.50,"npi":[1487808713,1780344259]},{"billed_charge":375.00,"npi":[1487808713,1780344259]}]}]},{"tin":{"type":"ein","value":"043825291"},"service_code":["11"],"billing_class":"professional","payments":[{"allowed_amount":44.24,"billing_code_modifier":[""],"providers":[{"billed_charge":250.00,"npi":[1487808713,1780344259]},{"billed_charge":362.50,"npi":[1487808713,1780344259]},{"billed_charge":375.00,"npi":[1487808713,1780344259]}]},{"allowed_amount":44.24,"billing_code_modifier":[""],"providers":[{"billed_charge":250.00,"npi":[1487808713,1780344259]},{"billed_charge":362.50,"npi":[1487808713,1780344259]},{"billed_charge":375.00,"npi":[1487808713,1780344259]}]},{"allowed_amount":44.24,"billing_code_modifier":[""],"providers":[{"billed_charge":250.00,"npi":[1487808713,1780344259]},{"billed_charge":362.50,"npi":[1487808713,1780344259]},{"billed_charge":375.00,"npi":[1487808713,1780344259]}]}]}]},{"name":"PSYCHIATRIC\/PSYCHOLOGICAL SVCS: PARTIAL HOSP - INT","billing_code_type":"RC","billing_code_type_version":"UB04","billing_code":"0913","description":"PSYCHIATRIC\/PSYCHOLOGICAL SVCS: PARTIAL HOSP - INT","allowed_amounts":[{"tin":{"type":"ein","value":"822120396"},"service_code":["52","53"],"billing_class":"institutional","payments":[{"allowed_amount":452.01,"billing_code_modifier":[""],"providers":[{"billed_charge":1100.00,"npi":[1114404704,1417214958]},{"billed_charge":1500.00,"npi":[1114404704,1417214958]}]},{"allowed_amount":452.01,"billing_code_modifier":[""],"providers":[{"billed_charge":1100.00,"npi":[1114404704,1417214958]},{"billed_charge":1500.00,"npi":[1114404704,1417214958]}]}]},{"tin":{"type":"ein","value":"822120396"},"service_code":["52","99"],"billing_class":"institutional","payments":[{"allowed_amount":452.01,"billing_code_modifier":[""],"providers":[{"billed_charge":1100.00,"npi":[1114404704,1417214958]},{"billed_charge":1500.00,"npi":[1114404704,1417214958]}]},{"allowed_amount":452.01,"billing_code_modifier":[""],"providers":[{"billed_charge":1100.00,"npi":[1114404704,1417214958]},{"billed_charge":1500.00,"npi":[1114404704,1417214958]}]}]}]},{"name":"PSYCHOTHERAPY W\/PATIENT 45 MINUTES","billing_code_type":"CPT","billing_code_type_version":"2020","billing_code":"90834","description":"PSYCHOTHERAPY W\/PATIENT 45 MINUTES","allowed_amounts":[{"tin":{"type":"ein","value":"043825291"},"service_code":["11"],"billing_class":"professional","payments":[{"allowed_amount":66.00,"billing_code_modifier":[""],"providers":[{"billed_charge":200.25,"npi":[1487808713,1780344259]},{"billed_charge":250.00,"npi":[1487808713,1780344259]}]},{"allowed_amount":66.00,"billing_code_modifier":[""],"providers":[{"billed_charge":200.25,"npi":[1487808713,1780344259]},{"billed_charge":250.00,"npi":[1487808713,1780344259]}]}]},{"tin":{"type":"ein","value":"043825291"},"service_code":["11"],"billing_class":"professional","payments":[{"allowed_amount":66.00,"billing_code_modifier":[""],"providers":[{"billed_charge":200.25,"npi":[1487808713,1780344259]},{"billed_charge":250.00,"npi":[1487808713,1780344259]}]},{"allowed_amount":66.00,"billing_code_modifier":[""],"providers":[{"billed_charge":200.25,"npi":[1487808713,1780344259]},{"billed_charge":250.00,"npi":[1487808713,1780344259]}]}]}]},{"name":"PSYCHOTHERAPY W\/PATIENT 60 MINUTES","billing_code_type":"CPT","billing_code_type_version":"2020","billing_code":"90837","description":"PSYCHOTHERAPY W\/PATIENT 60 MINUTES","allowed_amounts":[{"tin":{"type":"ein","value":"474384192"},"service_code":["02"],"billing_class":"professional","payments":[{"allowed_amount":153.90,"billing_code_modifier":[""],"providers":[{"billed_charge":260.00,"npi":[1134896137,1801420914]},{"billed_charge":247.00,"npi":[1134896137,1801420914]}]},{"allowed_amount":153.90,"billing_code_modifier":[""],"providers":[{"billed_charge":260.00,"npi":[1134896137,1801420914]},{"billed_charge":247.00,"npi":[1134896137,1801420914]}]}]},{"tin":{"type":"ein","value":"474384192"},"service_code":["02","11"],"billing_class":"professional","payments":[{"allowed_amount":153.90,"billing_code_modifier":[""],"providers":[{"billed_charge":260.00,"npi":[1134896137,1801420914]},{"billed_charge":247.00,"npi":[1134896137,1801420914]}]},{"allowed_amount":153.90,"billing_code_modifier":[""],"providers":[{"billed_charge":260.00,"npi":[1134896137,1801420914]},{"billed_charge":247.00,"npi":[1134896137,1801420914]}]}]}]},{"name":"REMOVAL OF IMPACTED TOOTH - COMPLETELY BONY","billing_code_type":"HCPCS","billing_code_type_version":"HCPCS LEVEL II 2021","billing_code":"D7240","description":"REMOVAL OF IMPACTED TOOTH - COMPLETELY BONY","allowed_amounts":[{"tin":{"type":"ein","value":"020471953"},"service_code":["11"],"billing_class":"professional","payments":[{"allowed_amount":216.27,"billing_code_modifier":[""],"providers":[{"billed_charge":690.00,"npi":[1164470530,1215304407,1225478753,1790197036]},{"billed_charge":711.00,"npi":[1164470530,1225478753]}]},{"allowed_amount":216.27,"billing_code_modifier":[""],"providers":[{"billed_charge":690.00,"npi":[1164470530,1215304407,1225478753,1790197036]},{"billed_charge":711.00,"npi":[1164470530,1225478753]}]}]},{"tin":{"type":"ein","value":"020471953"},"service_code":["11"],"billing_class":"professional","payments":[{"allowed_amount":216.27,"billing_code_modifier":[""],"providers":[{"billed_charge":690.00,"npi":[1164470530,1215304407,1225478753,1790197036]},{"billed_charge":711.00,"npi":[1164470530,1225478753]}]},{"allowed_amount":216.27,"billing_code_modifier":[""],"providers":[{"billed_charge":690.00,"npi":[1164470530,1215304407,1225478753,1790197036]},{"billed_charge":711.00,"npi":[1164470530,1225478753]}]}]}]},{"name":"TEAM CONFERENCE FACE-TO-FACE NONPHYSICIAN","billing_code_type":"CPT","billing_code_type_version":"2020","billing_code":"99366","description":"TEAM CONFERENCE FACE-TO-FACE NONPHYSICIAN","allowed_amounts":[{"tin":{"type":"ein","value":"043825291"},"service_code":["11"],"billing_class":"professional","payments":[{"allowed_amount":0.00,"billing_code_modifier":[""],"providers":[{"billed_charge":150.00,"npi":[1487808713,1780344259]}]}]}]},{"name":"TEAM CONFERENCE NON-FACE-TO-FACE NONPHYSICIAN","billing_code_type":"CPT","billing_code_type_version":"2020","billing_code":"99368","description":"TEAM CONFERENCE NON-FACE-TO-FACE NONPHYSICIAN","allowed_amounts":[{"tin":{"type":"ein","value":"043825291"},"service_code":["11"],"billing_class":"professional","payments":[{"allowed_amount":0.00,"billing_code_modifier":[""],"providers":[{"billed_charge":150.00,"npi":[1487808713,1780344259]}]}]}]},{"name":"THER PX 1\/> AREAS EACH 15 MIN NEUROMUSC REEDUCA","billing_code_type":"CPT","billing_code_type_version":"2020","billing_code":"97112","description":"THER PX 1\/> AREAS EACH 15 MIN NEUROMUSC REEDUCA","allowed_amounts":[{"tin":{"type":"ein","value":"862854507"},"service_code":["11"],"billing_class":"professional","payments":[{"allowed_amount":22.57,"billing_code_modifier":[""],"providers":[{"billed_charge":80.00,"npi":[1215511258,1346683711]}]}]}]},{"name":"THERAPEUT ACTVITY DIRECT PT CONTACT EACH 15 MIN","billing_code_type":"CPT","billing_code_type_version":"2020","billing_code":"97530","description":"THERAPEUT ACTVITY DIRECT PT CONTACT EACH 15 MIN","allowed_amounts":[{"tin":{"type":"ein","value":"203758332"},"service_code":["11"],"billing_class":"professional","payments":[{"allowed_amount":25.50,"billing_code_modifier":[""],"providers":[{"billed_charge":75.00,"npi":[1285797720,1356645824]}]}]}]},{"name":"THERAPEUTIC PX 1\/> AREAS EACH 15 MIN EXERCISES","billing_code_type":"CPT","billing_code_type_version":"2020","billing_code":"97110","description":"THERAPEUTIC PX 1\/> AREAS EACH 15 MIN EXERCISES","allowed_amounts":[{"tin":{"type":"ein","value":"203758332"},"service_code":["11"],"billing_class":"professional","payments":[{"allowed_amount":15.29,"billing_code_modifier":[""],"providers":[{"billed_charge":79.00,"npi":[1285797720,1356645824]}]}]},{"tin":{"type":"ein","value":"862854507"},"service_code":["11"],"billing_class":"professional","payments":[{"allowed_amount":14.78,"billing_code_modifier":[""],"providers":[{"billed_charge":75.00,"npi":[1215511258,1346683711]}]}]}]}]}
