{"reporting_entity_name": "IEC Group_DBA AmeriBen",
	"reporting_entity_type": "Third Party Administrator",
	"plan_name": "DWYEROMEGA",
	"plan_id_type": "ein",
	"plan_id": "350961454",
	"plan_market_type": "group",
	"last_updated_on": "2024-12-01","Version": "1.0.0","out_of_network":[{"name":"RESIDENTIAL TREATMENT-CHEMICAL DEPENDENCY","billing_code_type":"RC","billing_code_type_version":"UB04","billing_code":"1002","description":"RESIDENTIAL TREATMENT-CHEMICAL DEPENDENCY","allowed_amounts":[{"tin":{"type":"ein","value":"821021959"},"service_code":["21"],"billing_class":"institutional","payments":[{"allowed_amount":3166.67,"billing_code_modifier":[""],"providers":[{"billed_charge":6250.00,"npi":[1972515781,1982125217]}]}]}]}]}
