{"reporting_entity_name": "IEC Group_DBA AmeriBen",
	"reporting_entity_type": "Third Party Administrator",
	"plan_name": "CIRCA HOSPITALITY GROUP LLC",
	"plan_id_type": "ein",
	"plan_id": "830872449",
	"plan_market_type": "group",
	"last_updated_on": "2023-07-01","Version": "1.0.0","out_of_network":[{"name":"OFFICE\/OUTPATIENT ESTABLISHED MOD MDM 30-39 MIN","billing_code_type":"CPT","billing_code_type_version":"2020","billing_code":"99214","description":"OFFICE\/OUTPATIENT ESTABLISHED MOD MDM 30-39 MIN","allowed_amounts":[{"tin":{"type":"ein","value":"203284958"},"service_code":["11"],"billing_class":"professional","payments":[{"allowed_amount":47.37,"billing_code_modifier":[""],"providers":[{"billed_charge":150.00,"npi":[1154496214,1609866748]}]}]},{"tin":{"type":"ein","value":"272581323"},"service_code":["11"],"billing_class":"professional","payments":[{"allowed_amount":47.37,"billing_code_modifier":[""],"providers":[{"billed_charge":221.91,"npi":[1154719615,1447394085]}]}]},{"tin":{"type":"ein","value":"460658894"},"service_code":["11"],"billing_class":"professional","payments":[{"allowed_amount":47.37,"billing_code_modifier":[""],"providers":[{"billed_charge":175.00,"npi":[1356551873,1760839740]}]}]},{"tin":{"type":"ein","value":"463098169"},"service_code":["11"],"billing_class":"professional","payments":[{"allowed_amount":47.37,"billing_code_modifier":[""],"providers":[{"billed_charge":267.48,"npi":[1639540719,1972569333]}]}]},{"tin":{"type":"ein","value":"562656085"},"service_code":["11"],"billing_class":"professional","payments":[{"allowed_amount":47.37,"billing_code_modifier":[""],"providers":[{"billed_charge":293.70,"npi":[1710980743,1720294259]}]}]},{"tin":{"type":"ein","value":"760776986"},"service_code":["11"],"billing_class":"professional","payments":[{"allowed_amount":47.37,"billing_code_modifier":[""],"providers":[{"billed_charge":250.00,"npi":[1548579022,1861564783]}]}]},{"tin":{"type":"ein","value":"813015815"},"service_code":["20"],"billing_class":"professional","payments":[{"allowed_amount":47.37,"billing_code_modifier":[""],"providers":[{"billed_charge":214.00,"npi":[1316688237,1447702493]}]}]},{"tin":{"type":"ein","value":"880510658"},"service_code":["11"],"billing_class":"professional","payments":[{"allowed_amount":47.37,"billing_code_modifier":[""],"providers":[{"billed_charge":705.32,"npi":[1144298928,1598741068,1942253075]}]}]}]}]}
