{"reporting_entity_name": "IEC Group_DBA AmeriBen",
	"reporting_entity_type": "Third Party Administrator",
	"plan_name": "NAEBT",
	"plan_id_type": "ein",
	"plan_id": "356967423",
	"plan_market_type": "group",
	"last_updated_on": "2022-08-31","Version": "1.0.0","out_of_network":[{"name":"CHIROPRACTIC MANIPULATIVE TX SPINAL 3-4 REGIONS","billing_code_type":"CPT","billing_code_type_version":"2020","billing_code":"98941","description":"CHIROPRACTIC MANIPULATIVE TX SPINAL 3-4 REGIONS","allowed_amounts":[{"tin":{"type":"ein","value":"208581562"},"service_code":["11"],"billing_class":"professional","payments":[{"allowed_amount":27.00,"billing_code_modifier":[""],"providers":[{"billed_charge":65.00,"npi":[1801847371]}]}]},{"tin":{"type":"ein","value":"331005741"},"service_code":["11"],"billing_class":"professional","payments":[{"allowed_amount":27.00,"billing_code_modifier":[""],"providers":[{"billed_charge":50.00,"npi":[1588806418]}]}]},{"tin":{"type":"ein","value":"870716733"},"service_code":["11"],"billing_class":"professional","payments":[{"allowed_amount":27.00,"billing_code_modifier":[""],"providers":[{"billed_charge":70.00,"npi":[1831288331]}]}]}]},{"name":"CT ABDOMEN & PELVIS W\/CONTRAST MATERIAL","billing_code_type":"CPT","billing_code_type_version":"2020","billing_code":"74177","description":"CT ABDOMEN & PELVIS W\/CONTRAST MATERIAL","allowed_amounts":[{"tin":{"type":"ein","value":"845116186"},"service_code":["21","22","23"],"billing_class":"professional","payments":[{"allowed_amount":1215.00,"billing_code_modifier":[""],"providers":[{"billed_charge":1215.00,"npi":[1003213422,1033400718,1124013966,1174681126,1205197829,1205328382,1205801016,1396169694,1548363070,1588763338,1588911259,1649348608,1699111245,1780761866,1811086994]}]}]}]},{"name":"RADIOLOGIC EXAM CHEST SINGLE VIEW","billing_code_type":"CPT","billing_code_type_version":"2020","billing_code":"71045","description":"RADIOLOGIC EXAM CHEST SINGLE VIEW","allowed_amounts":[{"tin":{"type":"ein","value":"845116186"},"service_code":["21","22","23"],"billing_class":"professional","payments":[{"allowed_amount":126.00,"billing_code_modifier":[""],"providers":[{"billed_charge":126.00,"npi":[1033745708,1053809343,1053894568,1073812715,1083965651,1114325784,1164450524,1174681126,1194720334,1205328382,1205801016,1225239494,1225273915,1235235458,1255560884,1265091276,1285841916,1306057732,1336784446,1356503478,1396169694,1407821283,1417117268,1437656410,1497744577,1518408772,1548363070,1568478493,1588763338,1588911259,1598776270,1629067244,1649271677,1649348608,1679553689,1699203695,1710144761,1780761866,1801885694,1811086994,1851316954,1871534925,1881608594,1891146957,1922111020,1952644288,1962477414,1982693693]}]}]}]}]}
