{"reporting_entity_name": "IEC Group_DBA AmeriBen",
	"reporting_entity_type": "Third Party Administrator",
	"plan_name": "CASELLA WASTE SYSTEMS, INC.",
	"plan_id_type": "ein",
	"plan_id": "030338873",
	"plan_market_type": "group",
	"last_updated_on": "2023-06-01","Version": "1.0.0","out_of_network":[{"name":"IAAD IA SEVERE AQT RESPIR SYND CORONAVIRUS","billing_code_type":"CPT","billing_code_type_version":"2020","billing_code":"87426","description":"IAAD IA SEVERE AQT RESPIR SYND CORONAVIRUS","allowed_amounts":[{"tin":{"type":"ein","value":"852564108"},"service_code":["11"],"billing_class":"professional","payments":[{"allowed_amount":272.00,"billing_code_modifier":[""],"providers":[{"billed_charge":272.00,"npi":[1053901256,1639311509]}]}]}]},{"name":"PSYCHIATRIC\/PSYCHOLOGICAL SVCS: PARTIAL HOSP - INT","billing_code_type":"RC","billing_code_type_version":"UB04","billing_code":"0913","description":"PSYCHIATRIC\/PSYCHOLOGICAL SVCS: PARTIAL HOSP - INT","allowed_amounts":[{"tin":{"type":"ein","value":"874720302"},"service_code":["99"],"billing_class":"institutional","payments":[{"allowed_amount":850.00,"billing_code_modifier":[""],"providers":[{"billed_charge":3700.00,"npi":[1255779120,1427791607]}]}]}]},{"name":"PSYCHIATRIC\/PSYCHOLOGICAL SVCS: PARTIAL HOSP - LES","billing_code_type":"RC","billing_code_type_version":"UB04","billing_code":"0912","description":"PSYCHIATRIC\/PSYCHOLOGICAL SVCS: PARTIAL HOSP - LES","allowed_amounts":[{"tin":{"type":"ein","value":"842459147"},"service_code":["22"],"billing_class":"institutional","payments":[{"allowed_amount":1540.00,"billing_code_modifier":[""],"providers":[{"billed_charge":2365.00,"npi":[1508132911,1831739739]}]}]},{"tin":{"type":"ein","value":"862815445"},"service_code":["22"],"billing_class":"institutional","payments":[{"allowed_amount":1400.00,"billing_code_modifier":[""],"providers":[{"billed_charge":3495.00,"npi":[1578234225]}]}]}]},{"name":"PSYCHIATRIC\/PSYCHOLOGICAL TRT: INTENSIVE OUT SERV","billing_code_type":"RC","billing_code_type_version":"UB04","billing_code":"0906","description":"PSYCHIATRIC\/PSYCHOLOGICAL TRT: INTENSIVE OUT SERV","allowed_amounts":[{"tin":{"type":"ein","value":"863357776"},"service_code":["22"],"billing_class":"institutional","payments":[{"allowed_amount":200.16,"billing_code_modifier":[""],"providers":[{"billed_charge":2200.00,"npi":[1225554447,1659851491,1861973836,1881265197]}]}]}]},{"name":"RESIDENTIAL TREATMENT-CHEMICAL DEPENDENCY","billing_code_type":"RC","billing_code_type_version":"UB04","billing_code":"1002","description":"RESIDENTIAL TREATMENT-CHEMICAL DEPENDENCY","allowed_amounts":[{"tin":{"type":"ein","value":"823834554"},"service_code":["21"],"billing_class":"institutional","payments":[{"allowed_amount":1500.00,"billing_code_modifier":[""],"providers":[{"billed_charge":3995.00,"npi":[1013069962,1699442475]}]}]},{"tin":{"type":"ein","value":"880553348"},"service_code":["21"],"billing_class":"institutional","payments":[{"allowed_amount":2880.00,"billing_code_modifier":[""],"providers":[{"billed_charge":7200.00,"npi":[1801518956,1881742047]}]}]}]}]}
