{"reporting_entity_name": "IEC Group_DBA AmeriBen",
	"reporting_entity_type": "Third Party Administrator",
	"plan_name": "MONTEREY MUSHROOMS LLC",
	"plan_id_type": "ein",
	"plan_id": "770185497",
	"plan_market_type": "group",
	"last_updated_on": "2022-08-01","Version": "1.0.0","out_of_network":[{"name":"ASSAY OF MAGNESIUM","billing_code_type":"CPT","billing_code_type_version":"2020","billing_code":"83735","description":"ASSAY OF MAGNESIUM","allowed_amounts":[{"tin":{"type":"ein","value":"741718997"},"service_code":["21"],"billing_class":"professional","payments":[{"allowed_amount":0.00,"billing_code_modifier":[""],"providers":[{"billed_charge":11.70,"npi":[1083980098,1477812477,1497947071,1548549066,1871630509]}]}]}]},{"name":"BASIC METABOLIC PANEL CALCIUM TOTAL","billing_code_type":"CPT","billing_code_type_version":"2020","billing_code":"80048","description":"BASIC METABOLIC PANEL CALCIUM TOTAL","allowed_amounts":[{"tin":{"type":"ein","value":"362809904"},"service_code":["22"],"billing_class":"professional","payments":[{"allowed_amount":0.00,"billing_code_modifier":[""],"providers":[{"billed_charge":34.80,"npi":[1194073288,1346525904,1851349435,1861494072,1902010903]}]}]},{"tin":{"type":"ein","value":"113649994"},"service_code":["22"],"billing_class":"professional","payments":[{"allowed_amount":0.00,"billing_code_modifier":[""],"providers":[{"billed_charge":34.00,"npi":[1275584716,1770559502,1912044728]}]}]},{"tin":{"type":"ein","value":"741718997"},"service_code":["21"],"billing_class":"professional","payments":[{"allowed_amount":0.00,"billing_code_modifier":[""],"providers":[{"billed_charge":14.80,"npi":[1083980098,1386714871,1477812477,1548549066,1871630509]}]}]}]},{"name":"BLOOD COUNT COMPLETE AUTO&AUTO DIFRNTL WBC","billing_code_type":"CPT","billing_code_type_version":"2020","billing_code":"85025","description":"BLOOD COUNT COMPLETE AUTO&AUTO DIFRNTL WBC","allowed_amounts":[{"tin":{"type":"ein","value":"362809904"},"service_code":["22"],"billing_class":"professional","payments":[{"allowed_amount":0.00,"billing_code_modifier":[""],"providers":[{"billed_charge":20.50,"npi":[1053795765,1194073288,1326142902,1346525904,1619082948,1669430567,1699883595,1861494072,1902010903]}]}]},{"tin":{"type":"ein","value":"370913641"},"service_code":["22"],"billing_class":"professional","payments":[{"allowed_amount":0.00,"billing_code_modifier":[""],"providers":[{"billed_charge":22.30,"npi":[1124021308,1184194813,1528056181,1578597738,1780819037]}]}]},{"tin":{"type":"ein","value":"371331286"},"service_code":["21"],"billing_class":"professional","payments":[{"allowed_amount":0.00,"billing_code_modifier":[""],"providers":[{"billed_charge":16.00,"npi":[1114970761,1144801804,1326063728]}]}]},{"tin":{"type":"ein","value":"741703601"},"service_code":["22"],"billing_class":"professional","payments":[{"allowed_amount":0.00,"billing_code_modifier":[""],"providers":[{"billed_charge":16.00,"npi":[1053676403,1376702431,1538172028,1578541280,1780731737,1942294939]}]}]},{"tin":{"type":"ein","value":"741718997"},"service_code":["21"],"billing_class":"professional","payments":[{"allowed_amount":0.00,"billing_code_modifier":[""],"providers":[{"billed_charge":13.60,"npi":[1083980098,1386714871,1477812477,1497947071,1548549066,1871630509]}]}]},{"tin":{"type":"ein","value":"911866922"},"service_code":["22"],"billing_class":"professional","payments":[{"allowed_amount":0.00,"billing_code_modifier":[""],"providers":[{"billed_charge":38.00,"npi":[1225671811,1396739074,1801841358]}]}]}]},{"name":"BLOOD COUNT COMPLETE AUTOMATED","billing_code_type":"CPT","billing_code_type_version":"2020","billing_code":"85027","description":"BLOOD COUNT COMPLETE AUTOMATED","allowed_amounts":[{"tin":{"type":"ein","value":"010709650"},"service_code":["21"],"billing_class":"professional","payments":[{"allowed_amount":0.00,"billing_code_modifier":[""],"providers":[{"billed_charge":25.00,"npi":[1245385962,1619141306,1831384221]}]}]},{"tin":{"type":"ein","value":"113649994"},"service_code":["22"],"billing_class":"professional","payments":[{"allowed_amount":0.00,"billing_code_modifier":[""],"providers":[{"billed_charge":16.00,"npi":[1275584716,1770559502,1912044728]}]}]},{"tin":{"type":"ein","value":"741703601"},"service_code":["21"],"billing_class":"professional","payments":[{"allowed_amount":0.00,"billing_code_modifier":[""],"providers":[{"billed_charge":14.00,"npi":[1275530768,1538172028,1578541280,1942294939]}]}]},{"tin":{"type":"ein","value":"863024305"},"service_code":["21","23"],"billing_class":"professional","payments":[{"allowed_amount":0.00,"billing_code_modifier":[""],"providers":[{"billed_charge":27.00,"npi":[1477996866,1598082299,1629643069,1891780227]}]}]}]},{"name":"BLOOD TYPING SEROLOGIC ABO","billing_code_type":"CPT","billing_code_type_version":"2020","billing_code":"86900","description":"BLOOD TYPING SEROLOGIC ABO","allowed_amounts":[{"tin":{"type":"ein","value":"010709650"},"service_code":["21"],"billing_class":"professional","payments":[{"allowed_amount":0.00,"billing_code_modifier":[""],"providers":[{"billed_charge":25.00,"npi":[1245385962,1619141306,1700973195,1831384221]}]}]},{"tin":{"type":"ein","value":"741703601"},"service_code":["21"],"billing_class":"professional","payments":[{"allowed_amount":0.00,"billing_code_modifier":[""],"providers":[{"billed_charge":7.00,"npi":[1275530768,1538172028,1578541280,1942294939]}]}]},{"tin":{"type":"ein","value":"741718997"},"service_code":["21"],"billing_class":"professional","payments":[{"allowed_amount":0.00,"billing_code_modifier":[""],"providers":[{"billed_charge":5.30,"npi":[1083980098,1477812477,1548549066,1871630509]}]}]},{"tin":{"type":"ein","value":"863024305"},"service_code":["21"],"billing_class":"professional","payments":[{"allowed_amount":0.00,"billing_code_modifier":[""],"providers":[{"billed_charge":19.00,"npi":[1598082299,1629643069,1891780227]}]}]}]},{"name":"BLOOD TYPING SEROLOGIC RH (D)","billing_code_type":"CPT","billing_code_type_version":"2020","billing_code":"86901","description":"BLOOD TYPING SEROLOGIC RH (D)","allowed_amounts":[{"tin":{"type":"ein","value":"010709650"},"service_code":["21"],"billing_class":"professional","payments":[{"allowed_amount":0.00,"billing_code_modifier":[""],"providers":[{"billed_charge":25.00,"npi":[1245385962,1619141306,1700973195,1831384221]}]}]},{"tin":{"type":"ein","value":"741703601"},"service_code":["21"],"billing_class":"professional","payments":[{"allowed_amount":0.00,"billing_code_modifier":[""],"providers":[{"billed_charge":7.00,"npi":[1275530768,1538172028,1578541280,1942294939]}]}]},{"tin":{"type":"ein","value":"741718997"},"service_code":["21"],"billing_class":"professional","payments":[{"allowed_amount":0.00,"billing_code_modifier":[""],"providers":[{"billed_charge":5.30,"npi":[1083980098,1477812477,1548549066,1871630509]}]}]},{"tin":{"type":"ein","value":"863024305"},"service_code":["21"],"billing_class":"professional","payments":[{"allowed_amount":0.00,"billing_code_modifier":[""],"providers":[{"billed_charge":19.00,"npi":[1598082299,1629643069,1891780227]}]}]}]},{"name":"COLLECTION VENOUS BLOOD VENIPUNCTURE","billing_code_type":"CPT","billing_code_type_version":"2020","billing_code":"36415","description":"COLLECTION VENOUS BLOOD VENIPUNCTURE","allowed_amounts":[{"tin":{"type":"ein","value":"741718997"},"service_code":["21"],"billing_class":"professional","payments":[{"allowed_amount":0.00,"billing_code_modifier":[""],"providers":[{"billed_charge":5.30,"npi":[1083980098,1386714871,1477812477,1497947071,1548549066,1871630509]}]}]}]},{"name":"COMPREHENSIVE METABOLIC PANEL","billing_code_type":"CPT","billing_code_type_version":"2020","billing_code":"80053","description":"COMPREHENSIVE METABOLIC PANEL","allowed_amounts":[{"tin":{"type":"ein","value":"362809904"},"service_code":["22"],"billing_class":"professional","payments":[{"allowed_amount":0.00,"billing_code_modifier":[""],"providers":[{"billed_charge":44.10,"npi":[1053795765,1194073288,1326142902,1669430567,1699883595,1861494072,1902010903]}]}]},{"tin":{"type":"ein","value":"370913641"},"service_code":["22"],"billing_class":"professional","payments":[{"allowed_amount":0.00,"billing_code_modifier":[""],"providers":[{"billed_charge":37.60,"npi":[1124021308,1184194813,1528056181,1578597738,1780819037]}]}]},{"tin":{"type":"ein","value":"371331286"},"service_code":["21"],"billing_class":"professional","payments":[{"allowed_amount":0.00,"billing_code_modifier":[""],"providers":[{"billed_charge":24.00,"npi":[1114970761,1144801804,1326063728]}]}]},{"tin":{"type":"ein","value":"741703601"},"service_code":["22"],"billing_class":"professional","payments":[{"allowed_amount":0.00,"billing_code_modifier":[""],"providers":[{"billed_charge":22.00,"npi":[1053676403,1376702431,1538172028,1578541280,1780731737,1942294939]}]}]},{"tin":{"type":"ein","value":"741718997"},"service_code":["21"],"billing_class":"professional","payments":[{"allowed_amount":0.00,"billing_code_modifier":[""],"providers":[{"billed_charge":18.50,"npi":[1083980098,1386714871,1477812477,1497947071,1548549066,1871630509]}]}]},{"tin":{"type":"ein","value":"863024305"},"service_code":["23"],"billing_class":"professional","payments":[{"allowed_amount":0.00,"billing_code_modifier":[""],"providers":[{"billed_charge":37.00,"npi":[1477996866,1598082299,1629643069]}]}]}]},{"name":"COVID-19 LAB TEST NON-CDC HTT","billing_code_type":"HCPCS","billing_code_type_version":"HCPCS LEVEL II 2021","billing_code":"U0004","description":"COVID-19 LAB TEST NON-CDC HTT","allowed_amounts":[{"tin":{"type":"ein","value":"470964778"},"service_code":["81"],"billing_class":"professional","payments":[{"allowed_amount":90.00,"billing_code_modifier":[""],"providers":[{"billed_charge":475.00,"npi":[1316049059,1376944793,1477594521,1528388592,1932733318]}]}]}]},{"name":"GLUCOSE QUANTITATIVE BLOOD XCPT REAGENT STRIP","billing_code_type":"CPT","billing_code_type_version":"2020","billing_code":"82947","description":"GLUCOSE QUANTITATIVE BLOOD XCPT REAGENT STRIP","allowed_amounts":[{"tin":{"type":"ein","value":"370913641"},"service_code":["22"],"billing_class":"professional","payments":[{"allowed_amount":0.00,"billing_code_modifier":[""],"providers":[{"billed_charge":11.80,"npi":[1114910528,1124021308,1578597738,1780819037]}]}]},{"tin":{"type":"ein","value":"371331286"},"service_code":["21"],"billing_class":"professional","payments":[{"allowed_amount":0.00,"billing_code_modifier":[""],"providers":[{"billed_charge":20.00,"npi":[1114970761,1144801804,1326063728]}]}]},{"tin":{"type":"ein","value":"741718997"},"service_code":["21"],"billing_class":"professional","payments":[{"allowed_amount":0.00,"billing_code_modifier":[""],"providers":[{"billed_charge":6.90,"npi":[1083980098,1386714871,1548549066,1871630509]}]}]}]},{"name":"IAAD IA SEVERE AQT RESPIR SYND CORONAVIRUS","billing_code_type":"CPT","billing_code_type_version":"2020","billing_code":"87426","description":"IAAD IA SEVERE AQT RESPIR SYND CORONAVIRUS","allowed_amounts":[{"tin":{"type":"ein","value":"472330119"},"service_code":["11"],"billing_class":"professional","payments":[{"allowed_amount":33.65,"billing_code_modifier":[""],"providers":[{"billed_charge":75.00,"npi":[1750779542,1922021682]}]}]},{"tin":{"type":"ein","value":"844344207"},"service_code":["11"],"billing_class":"professional","payments":[{"allowed_amount":33.65,"billing_code_modifier":[""],"providers":[{"billed_charge":99.00,"npi":[1336817428,1568098887,1730316696,1861950388,1942972799]}]}]}]},{"name":"INFEC AGEN DETEC AMPLI PROBE","billing_code_type":"HCPCS","billing_code_type_version":"HCPCS LEVEL II 2021","billing_code":"U0005","description":"INFEC AGEN DETEC AMPLI PROBE","allowed_amounts":[{"tin":{"type":"ein","value":"470964778"},"service_code":["81"],"billing_class":"professional","payments":[{"allowed_amount":25.00,"billing_code_modifier":[""],"providers":[{"billed_charge":25.00,"npi":[1316049059,1376944793,1477594521,1528388592,1932733318]}]}]},{"tin":{"type":"ein","value":"472462178"},"service_code":["81"],"billing_class":"professional","payments":[{"allowed_amount":31.25,"billing_code_modifier":[""],"providers":[{"billed_charge":50.00,"npi":[1144731605,1639311509,1962018374]}]}]},{"tin":{"type":"ein","value":"824406944"},"service_code":["81"],"billing_class":"professional","payments":[{"allowed_amount":31.25,"billing_code_modifier":[""],"providers":[{"billed_charge":50.00,"npi":[1467946848,1982928487]}]}]},{"tin":{"type":"ein","value":"862743177"},"service_code":["81"],"billing_class":"professional","payments":[{"allowed_amount":31.25,"billing_code_modifier":[""],"providers":[{"billed_charge":75.00,"npi":[1700958667,1750960415]}]}]}]},{"name":"LIPID PANEL","billing_code_type":"CPT","billing_code_type_version":"2020","billing_code":"80061","description":"LIPID PANEL","allowed_amounts":[{"tin":{"type":"ein","value":"362809904"},"service_code":["22"],"billing_class":"professional","payments":[{"allowed_amount":0.00,"billing_code_modifier":[""],"providers":[{"billed_charge":41.10,"npi":[1053795765,1194073288,1326142902,1669430567,1861494072,1902010903]}]}]},{"tin":{"type":"ein","value":"370913641"},"service_code":["22"],"billing_class":"professional","payments":[{"allowed_amount":0.00,"billing_code_modifier":[""],"providers":[{"billed_charge":54.70,"npi":[1124021308,1184194813,1578597738,1780819037]}]}]},{"tin":{"type":"ein","value":"741718997"},"service_code":["21"],"billing_class":"professional","payments":[{"allowed_amount":0.00,"billing_code_modifier":[""],"providers":[{"billed_charge":23.40,"npi":[1083980098,1386714871,1548549066,1871630509]}]}]}]},{"name":"OFFICE\/OUTPATIENT NEW LOW MDM 30-44 MINUTES","billing_code_type":"CPT","billing_code_type_version":"2020","billing_code":"99203","description":"OFFICE\/OUTPATIENT NEW LOW MDM 30-44 MINUTES","allowed_amounts":[{"tin":{"type":"ein","value":"844344207"},"service_code":["11"],"billing_class":"professional","payments":[{"allowed_amount":111.38,"billing_code_modifier":[""],"providers":[{"billed_charge":168.00,"npi":[1336817428,1568098887,1861950388,1942972799]}]}]}]},{"name":"OFFICE\/OUTPATIENT NEW MODERATE MDM 45-59 MINUTES","billing_code_type":"CPT","billing_code_type_version":"2020","billing_code":"99204","description":"OFFICE\/OUTPATIENT NEW MODERATE MDM 45-59 MINUTES","allowed_amounts":[{"tin":{"type":"ein","value":"472330119"},"service_code":["11"],"billing_class":"professional","payments":[{"allowed_amount":166.66,"billing_code_modifier":[""],"providers":[{"billed_charge":331.00,"npi":[1750779542,1922021682]}]}]},{"tin":{"type":"ein","value":"844344207"},"service_code":["11"],"billing_class":"professional","payments":[{"allowed_amount":166.66,"billing_code_modifier":[""],"providers":[{"billed_charge":257.00,"npi":[1568098887,1730316696,1861950388]}]}]}]},{"name":"SARS-COV-2 COVID-19 AMP PRB HTT","billing_code_type":"HCPCS","billing_code_type_version":"HCPCS LEVEL II 2021","billing_code":"U0003","description":"SARS-COV-2 COVID-19 AMP PRB HTT","allowed_amounts":[{"tin":{"type":"ein","value":"472462178"},"service_code":["81"],"billing_class":"professional","payments":[{"allowed_amount":93.75,"billing_code_modifier":[""],"providers":[{"billed_charge":250.00,"npi":[1144731605,1639311509,1962018374]}]}]}]},{"name":"SBSQ HOSPITAL CARE\/DAY 25 MINUTES","billing_code_type":"CPT","billing_code_type_version":"2020","billing_code":"99232","description":"SBSQ HOSPITAL CARE\/DAY 25 MINUTES","allowed_amounts":[{"tin":{"type":"ein","value":"821101530"},"service_code":["21"],"billing_class":"professional","payments":[{"allowed_amount":110.77,"billing_code_modifier":[""],"providers":[{"billed_charge":186.00,"npi":[1013442185,1033143524,1205871423,1396739165,1417975525,1427085356,1437185915,1477086981,1659317691,1710922893,1942294814]}]}]}]},{"name":"SBSQ HOSPITAL CARE\/DAY 35 MINUTES","billing_code_type":"CPT","billing_code_type_version":"2020","billing_code":"99233","description":"SBSQ HOSPITAL CARE\/DAY 35 MINUTES","allowed_amounts":[{"tin":{"type":"ein","value":"821101530"},"service_code":["21"],"billing_class":"professional","payments":[{"allowed_amount":159.27,"billing_code_modifier":[""],"providers":[{"billed_charge":267.00,"npi":[1306253711,1396739165,1417975525,1437185915,1477086981,1477684405,1780656249,1942294814]}]}]}]}]}
