{"reporting_entity_name": "IEC Group_DBA AmeriBen",
	"reporting_entity_type": "Third Party Administrator",
	"plan_name": "SUNFLOWER BANK NA",
	"plan_id_type": "ein",
	"plan_id": "480216075",
	"plan_market_type": "group",
	"last_updated_on": "2025-11-01","Version": "1.0.0","out_of_network":[{"name":"PSYCHOTHERAPY W\/PATIENT 60 MINUTES","billing_code_type":"CPT","billing_code_type_version":"2020","billing_code":"90837","description":"PSYCHOTHERAPY W\/PATIENT 60 MINUTES","allowed_amounts":[{"tin":{"type":"ein","value":"452668894"},"service_code":["11"],"billing_class":"professional","payments":[{"allowed_amount":177.05,"billing_code_modifier":[""],"providers":[{"billed_charge":315.00,"npi":[1003460387,1588038681,1619206307]}]}]}]}]}
