{"reporting_entity_name": "IEC Group_DBA AmeriBen",
	"reporting_entity_type": "Third Party Administrator",
	"plan_name": "ARIZONA PIPELINE CO",
	"plan_id_type": "ein",
	"plan_id": "953336040",
	"plan_market_type": "group",
	"last_updated_on": "2024-03-01","Version": "1.0.0","out_of_network":[{"name":"ASSAY OF MAGNESIUM","billing_code_type":"CPT","billing_code_type_version":"2020","billing_code":"83735","description":"ASSAY OF MAGNESIUM","allowed_amounts":[{"tin":{"type":"ein","value":"830565295"},"service_code":["21"],"billing_class":"professional","payments":[{"allowed_amount":6.23,"billing_code_modifier":[""],"providers":[{"billed_charge":15.60,"npi":[1457347239,1689132235,1801088406,1972080752]}]}]}]},{"name":"BLOOD COUNT COMPLETE AUTO&AUTO DIFRNTL WBC","billing_code_type":"CPT","billing_code_type_version":"2020","billing_code":"85025","description":"BLOOD COUNT COMPLETE AUTO&AUTO DIFRNTL WBC","allowed_amounts":[{"tin":{"type":"ein","value":"830565295"},"service_code":["21"],"billing_class":"professional","payments":[{"allowed_amount":7.24,"billing_code_modifier":[""],"providers":[{"billed_charge":16.80,"npi":[1457347239,1689132235,1801088406,1972080752]}]}]}]},{"name":"COMPREHENSIVE METABOLIC PANEL","billing_code_type":"CPT","billing_code_type_version":"2020","billing_code":"80053","description":"COMPREHENSIVE METABOLIC PANEL","allowed_amounts":[{"tin":{"type":"ein","value":"830565295"},"service_code":["21"],"billing_class":"professional","payments":[{"allowed_amount":9.83,"billing_code_modifier":[""],"providers":[{"billed_charge":22.80,"npi":[1457347239,1689132235,1801088406,1972080752]}]}]}]},{"name":"SBSQ HOSPITAL IP\/OBS CARE HIGH MDM 50 MINUTES","billing_code_type":"CPT","billing_code_type_version":"2020","billing_code":"99233","description":"SBSQ HOSPITAL IP\/OBS CARE HIGH MDM 50 MINUTES","allowed_amounts":[{"tin":{"type":"ein","value":"364802920"},"service_code":["21"],"billing_class":"professional","payments":[{"allowed_amount":118.74,"billing_code_modifier":[""],"providers":[{"billed_charge":345.00,"npi":[1457347239,1568858306,1649283557]}]}]},{"tin":{"type":"ein","value":"823054047"},"service_code":["21"],"billing_class":"professional","payments":[{"allowed_amount":118.74,"billing_code_modifier":[""],"providers":[{"billed_charge":175.00,"npi":[1093049942,1154819126,1457347239]}]}]}]}]}
