{"reporting_entity_name": "IEC Group_DBA AmeriBen",
	"reporting_entity_type": "Third Party Administrator",
	"plan_name": "OLD NATIONAL BANK",
	"plan_id_type": "ein",
	"plan_id": "351539838",
	"plan_market_type": "group",
	"last_updated_on": "2023-09-01","Version": "1.0.0","out_of_network":[{"name":"CHIROPRACTIC MANIPULATIVE TX SPINAL 3-4 REGIONS","billing_code_type":"CPT","billing_code_type_version":"2020","billing_code":"98941","description":"CHIROPRACTIC MANIPULATIVE TX SPINAL 3-4 REGIONS","allowed_amounts":[{"tin":{"type":"ein","value":"208921501"},"service_code":["11"],"billing_class":"professional","payments":[{"allowed_amount":40.69,"billing_code_modifier":[""],"providers":[{"billed_charge":60.00,"npi":[1407071459,1902085806]}]}]}]},{"name":"IADNA NOS AMPLIFIED PROBE TQ EACH ORGANISM","billing_code_type":"CPT","billing_code_type_version":"2020","billing_code":"87798","description":"IADNA NOS AMPLIFIED PROBE TQ EACH ORGANISM","allowed_amounts":[{"tin":{"type":"ein","value":"561565047"},"service_code":["81"],"billing_class":"professional","payments":[{"allowed_amount":35.09,"billing_code_modifier":[""],"providers":[{"billed_charge":62.05,"npi":[1073591822,1255637500]}]}]}]},{"name":"PSYCHIATRIC\/PSYCHOLOGICAL SVCS: PARTIAL HOSP - INT","billing_code_type":"RC","billing_code_type_version":"UB04","billing_code":"0913","description":"PSYCHIATRIC\/PSYCHOLOGICAL SVCS: PARTIAL HOSP - INT","allowed_amounts":[{"tin":{"type":"ein","value":"270284847"},"service_code":["99"],"billing_class":"institutional","payments":[{"allowed_amount":1200.00,"billing_code_modifier":[""],"providers":[{"billed_charge":4500.00,"npi":[1770668345,1811223076]}]}]}]},{"name":"PSYCHIATRIC\/PSYCHOLOGICAL TRT: INTENSIVE OUT SERV","billing_code_type":"RC","billing_code_type_version":"UB04","billing_code":"0906","description":"PSYCHIATRIC\/PSYCHOLOGICAL TRT: INTENSIVE OUT SERV","allowed_amounts":[{"tin":{"type":"ein","value":"270284847"},"service_code":["99"],"billing_class":"institutional","payments":[{"allowed_amount":600.00,"billing_code_modifier":[""],"providers":[{"billed_charge":3500.00,"npi":[1770668345,1811223076]}]}]}]}]}
