{"reporting_entity_name": "IEC Group_DBA AmeriBen",
	"reporting_entity_type": "Third Party Administrator",
	"plan_name": "CITY OF COLORADO SPRINGS",
	"plan_id_type": "ein",
	"plan_id": "846000573",
	"plan_market_type": "group",
	"last_updated_on": "2023-04-03","Version": "1.0.0","out_of_network":[{"name":"CONTINUOUS POSITIVE AIRWAY PRESSURE DEVICE","billing_code_type":"HCPCS","billing_code_type_version":"HCPCS LEVEL II 2021","billing_code":"E0601","description":"CONTINUOUS POSITIVE AIRWAY PRESSURE DEVICE","allowed_amounts":[{"tin":{"type":"ein","value":"452683127"},"service_code":["12"],"billing_class":"professional","payments":[{"allowed_amount":34.09,"billing_code_modifier":[""],"providers":[{"billed_charge":140.00,"npi":[1063503720,1114340668,1144767542,1427254622,1962487587]}]}]}]},{"name":"DRUG TEST DEFINITV DR ID METH P DAY 1-7 DRUG CL","billing_code_type":"HCPCS","billing_code_type_version":"HCPCS LEVEL II 2021","billing_code":"G0480","description":"DRUG TEST DEFINITV DR ID METH P DAY 1-7 DRUG CL","allowed_amounts":[{"tin":{"type":"ein","value":"541882269"},"service_code":["81"],"billing_class":"professional","payments":[{"allowed_amount":27.18,"billing_code_modifier":[""],"providers":[{"billed_charge":250.00,"npi":[1184623878,1912903717,1932140498]}]}]}]},{"name":"DRUG TST PRSMV INSTRMNT CHEM ANALYZERS PR DATE","billing_code_type":"CPT","billing_code_type_version":"2020","billing_code":"80307","description":"DRUG TST PRSMV INSTRMNT CHEM ANALYZERS PR DATE","allowed_amounts":[{"tin":{"type":"ein","value":"261565558"},"service_code":["81"],"billing_class":"professional","payments":[{"allowed_amount":24.42,"billing_code_modifier":[""],"providers":[{"billed_charge":124.00,"npi":[1346260320,1497933162]}]}]},{"tin":{"type":"ein","value":"541882269"},"service_code":["81"],"billing_class":"professional","payments":[{"allowed_amount":24.42,"billing_code_modifier":[""],"providers":[{"billed_charge":345.00,"npi":[1184623878,1912903717,1932140498]}]}]}]},{"name":"HUMDIFIR HEATED USED W\/POS ARWAY PRESSURE DEVICE","billing_code_type":"HCPCS","billing_code_type_version":"HCPCS LEVEL II 2021","billing_code":"E0562","description":"HUMDIFIR HEATED USED W\/POS ARWAY PRESSURE DEVICE","allowed_amounts":[{"tin":{"type":"ein","value":"452683127"},"service_code":["12"],"billing_class":"professional","payments":[{"allowed_amount":11.43,"billing_code_modifier":[""],"providers":[{"billed_charge":40.00,"npi":[1063503720,1114340668,1144767542,1427254622,1962487587]}]}]}]},{"name":"IADNA SARS-COV-2 COVID-19 AMPLIFIED PROBE TQ","billing_code_type":"CPT","billing_code_type_version":"2020","billing_code":"87635","description":"IADNA SARS-COV-2 COVID-19 AMPLIFIED PROBE TQ","allowed_amounts":[{"tin":{"type":"ein","value":"361924025"},"service_code":["81"],"billing_class":"professional","payments":[{"allowed_amount":100.00,"billing_code_modifier":[""],"providers":[{"billed_charge":100.00,"npi":[1114932472,1558376897,1790942019,1811902158,1851307227,1861407124,1871509513,1922013267,1962523555]}]}]}]},{"name":"MANUAL THERAPY TQS 1\/> REGIONS EACH 15 MINUTES","billing_code_type":"CPT","billing_code_type_version":"2020","billing_code":"97140","description":"MANUAL THERAPY TQS 1\/> REGIONS EACH 15 MINUTES","allowed_amounts":[{"tin":{"type":"ein","value":"472422014"},"service_code":["11"],"billing_class":"professional","payments":[{"allowed_amount":59.50,"billing_code_modifier":[""],"providers":[{"billed_charge":100.00,"npi":[1669684031,1841463882]}]}]},{"tin":{"type":"ein","value":"813474144"},"service_code":["11"],"billing_class":"professional","payments":[{"allowed_amount":59.50,"billing_code_modifier":[""],"providers":[{"billed_charge":120.00,"npi":[1114415437,1407209026,1851706923]},{"billed_charge":140.00,"npi":[1114415437,1407209026,1851706923]},{"billed_charge":180.00,"npi":[1114415437,1407209026,1851706923]},{"billed_charge":210.00,"npi":[1114415437,1407209026,1851706923]}]},{"allowed_amount":59.50,"billing_code_modifier":[""],"providers":[{"billed_charge":120.00,"npi":[1114415437,1407209026,1851706923]},{"billed_charge":140.00,"npi":[1114415437,1407209026,1851706923]},{"billed_charge":180.00,"npi":[1114415437,1407209026,1851706923]},{"billed_charge":210.00,"npi":[1114415437,1407209026,1851706923]}]},{"allowed_amount":59.50,"billing_code_modifier":[""],"providers":[{"billed_charge":120.00,"npi":[1114415437,1407209026,1851706923]},{"billed_charge":140.00,"npi":[1114415437,1407209026,1851706923]},{"billed_charge":180.00,"npi":[1114415437,1407209026,1851706923]},{"billed_charge":210.00,"npi":[1114415437,1407209026,1851706923]}]},{"allowed_amount":59.50,"billing_code_modifier":[""],"providers":[{"billed_charge":120.00,"npi":[1114415437,1407209026,1851706923]},{"billed_charge":140.00,"npi":[1114415437,1407209026,1851706923]},{"billed_charge":180.00,"npi":[1114415437,1407209026,1851706923]},{"billed_charge":210.00,"npi":[1114415437,1407209026,1851706923]}]}]},{"tin":{"type":"ein","value":"813474144"},"service_code":["11"],"billing_class":"professional","payments":[{"allowed_amount":59.50,"billing_code_modifier":[""],"providers":[{"billed_charge":120.00,"npi":[1114415437,1407209026,1851706923]},{"billed_charge":140.00,"npi":[1114415437,1407209026,1851706923]},{"billed_charge":180.00,"npi":[1114415437,1407209026,1851706923]},{"billed_charge":210.00,"npi":[1114415437,1407209026,1851706923]}]},{"allowed_amount":59.50,"billing_code_modifier":[""],"providers":[{"billed_charge":120.00,"npi":[1114415437,1407209026,1851706923]},{"billed_charge":140.00,"npi":[1114415437,1407209026,1851706923]},{"billed_charge":180.00,"npi":[1114415437,1407209026,1851706923]},{"billed_charge":210.00,"npi":[1114415437,1407209026,1851706923]}]},{"allowed_amount":59.50,"billing_code_modifier":[""],"providers":[{"billed_charge":120.00,"npi":[1114415437,1407209026,1851706923]},{"billed_charge":140.00,"npi":[1114415437,1407209026,1851706923]},{"billed_charge":180.00,"npi":[1114415437,1407209026,1851706923]},{"billed_charge":210.00,"npi":[1114415437,1407209026,1851706923]}]},{"allowed_amount":59.50,"billing_code_modifier":[""],"providers":[{"billed_charge":120.00,"npi":[1114415437,1407209026,1851706923]},{"billed_charge":140.00,"npi":[1114415437,1407209026,1851706923]},{"billed_charge":180.00,"npi":[1114415437,1407209026,1851706923]},{"billed_charge":210.00,"npi":[1114415437,1407209026,1851706923]}]}]},{"tin":{"type":"ein","value":"813474144"},"service_code":["11"],"billing_class":"professional","payments":[{"allowed_amount":59.50,"billing_code_modifier":[""],"providers":[{"billed_charge":120.00,"npi":[1114415437,1407209026,1851706923]},{"billed_charge":140.00,"npi":[1114415437,1407209026,1851706923]},{"billed_charge":180.00,"npi":[1114415437,1407209026,1851706923]},{"billed_charge":210.00,"npi":[1114415437,1407209026,1851706923]}]},{"allowed_amount":59.50,"billing_code_modifier":[""],"providers":[{"billed_charge":120.00,"npi":[1114415437,1407209026,1851706923]},{"billed_charge":140.00,"npi":[1114415437,1407209026,1851706923]},{"billed_charge":180.00,"npi":[1114415437,1407209026,1851706923]},{"billed_charge":210.00,"npi":[1114415437,1407209026,1851706923]}]},{"allowed_amount":59.50,"billing_code_modifier":[""],"providers":[{"billed_charge":120.00,"npi":[1114415437,1407209026,1851706923]},{"billed_charge":140.00,"npi":[1114415437,1407209026,1851706923]},{"billed_charge":180.00,"npi":[1114415437,1407209026,1851706923]},{"billed_charge":210.00,"npi":[1114415437,1407209026,1851706923]}]},{"allowed_amount":59.50,"billing_code_modifier":[""],"providers":[{"billed_charge":120.00,"npi":[1114415437,1407209026,1851706923]},{"billed_charge":140.00,"npi":[1114415437,1407209026,1851706923]},{"billed_charge":180.00,"npi":[1114415437,1407209026,1851706923]},{"billed_charge":210.00,"npi":[1114415437,1407209026,1851706923]}]}]},{"tin":{"type":"ein","value":"813474144"},"service_code":["11"],"billing_class":"professional","payments":[{"allowed_amount":59.50,"billing_code_modifier":[""],"providers":[{"billed_charge":120.00,"npi":[1114415437,1407209026,1851706923]},{"billed_charge":140.00,"npi":[1114415437,1407209026,1851706923]},{"billed_charge":180.00,"npi":[1114415437,1407209026,1851706923]},{"billed_charge":210.00,"npi":[1114415437,1407209026,1851706923]}]},{"allowed_amount":59.50,"billing_code_modifier":[""],"providers":[{"billed_charge":120.00,"npi":[1114415437,1407209026,1851706923]},{"billed_charge":140.00,"npi":[1114415437,1407209026,1851706923]},{"billed_charge":180.00,"npi":[1114415437,1407209026,1851706923]},{"billed_charge":210.00,"npi":[1114415437,1407209026,1851706923]}]},{"allowed_amount":59.50,"billing_code_modifier":[""],"providers":[{"billed_charge":120.00,"npi":[1114415437,1407209026,1851706923]},{"billed_charge":140.00,"npi":[1114415437,1407209026,1851706923]},{"billed_charge":180.00,"npi":[1114415437,1407209026,1851706923]},{"billed_charge":210.00,"npi":[1114415437,1407209026,1851706923]}]},{"allowed_amount":59.50,"billing_code_modifier":[""],"providers":[{"billed_charge":120.00,"npi":[1114415437,1407209026,1851706923]},{"billed_charge":140.00,"npi":[1114415437,1407209026,1851706923]},{"billed_charge":180.00,"npi":[1114415437,1407209026,1851706923]},{"billed_charge":210.00,"npi":[1114415437,1407209026,1851706923]}]}]}]},{"name":"PSYCHIATRIC\/PSYCHOLOGICAL TRT: INTENSIVE OUT SERV","billing_code_type":"RC","billing_code_type_version":"UB04","billing_code":"0906","description":"PSYCHIATRIC\/PSYCHOLOGICAL TRT: INTENSIVE OUT SERV","allowed_amounts":[{"tin":{"type":"ein","value":"830962126"},"service_code":["22"],"billing_class":"institutional","payments":[{"allowed_amount":265.00,"billing_code_modifier":[""],"providers":[{"billed_charge":2100.00,"npi":[1184623878,1275029902]}]}]}]},{"name":"PSYCHOTHERAPY W\/PATIENT 45 MINUTES","billing_code_type":"CPT","billing_code_type_version":"2020","billing_code":"90834","description":"PSYCHOTHERAPY W\/PATIENT 45 MINUTES","allowed_amounts":[{"tin":{"type":"ein","value":"263980695"},"service_code":["02"],"billing_class":"professional","payments":[{"allowed_amount":112.96,"billing_code_modifier":[""],"providers":[{"billed_charge":250.00,"npi":[1841424546,1871774240]}]}]},{"tin":{"type":"ein","value":"844782549"},"service_code":["11"],"billing_class":"professional","payments":[{"allowed_amount":112.96,"billing_code_modifier":[""],"providers":[{"billed_charge":150.00,"npi":[1154519569,1619502838]}]}]},{"tin":{"type":"ein","value":"846001656"},"service_code":["11"],"billing_class":"professional","payments":[{"allowed_amount":112.96,"billing_code_modifier":[""],"providers":[{"billed_charge":186.00,"npi":[1386817476,1922459007]}]}]},{"tin":{"type":"ein","value":"863922846"},"service_code":["02"],"billing_class":"professional","payments":[{"allowed_amount":112.96,"billing_code_modifier":[""],"providers":[{"billed_charge":135.00,"npi":[1043882475,1629622386]}]}]}]},{"name":"SPEC CLCT FOR SARS-COV-2 COVID-19 ANY SPEC SRC","billing_code_type":"HCPCS","billing_code_type_version":"HCPCS LEVEL II 2021","billing_code":"G2023","description":"SPEC CLCT FOR SARS-COV-2 COVID-19 ANY SPEC SRC","allowed_amounts":[{"tin":{"type":"ein","value":"361924025"},"service_code":["21","81"],"billing_class":"professional","payments":[{"allowed_amount":28.99,"billing_code_modifier":[""],"providers":[{"billed_charge":28.99,"npi":[1114932472,1316952658,1558376897,1790942019,1811902158,1851307227,1861407124,1871509513,1922013267,1962523555]}]}]}]},{"name":"THER SP-GENRATJ DEV PRGRMG&MODIFICAJ","billing_code_type":"CPT","billing_code_type_version":"2020","billing_code":"92609","description":"THER SP-GENRATJ DEV PRGRMG&MODIFICAJ","allowed_amounts":[{"tin":{"type":"ein","value":"208352532"},"service_code":["02","11"],"billing_class":"professional","payments":[{"allowed_amount":113.82,"billing_code_modifier":[""],"providers":[{"billed_charge":150.00,"npi":[1194334169,1770958159,1902067812]}]}]}]},{"name":"TX SPEECH LANG VOICE COMMJ &\/AUDITORY PROC IND","billing_code_type":"CPT","billing_code_type_version":"2020","billing_code":"92507","description":"TX SPEECH LANG VOICE COMMJ &\/AUDITORY PROC IND","allowed_amounts":[{"tin":{"type":"ein","value":"208352532"},"service_code":["10","11"],"billing_class":"professional","payments":[{"allowed_amount":82.89,"billing_code_modifier":[""],"providers":[{"billed_charge":100.00,"npi":[1194334169,1770958159]}]}]},{"tin":{"type":"ein","value":"841554677"},"service_code":["12"],"billing_class":"professional","payments":[{"allowed_amount":82.89,"billing_code_modifier":[""],"providers":[{"billed_charge":147.99,"npi":[1629094909]}]}]}]}]}
