{"reporting_entity_name": "IEC Group_DBA AmeriBen",
	"reporting_entity_type": "Third Party Administrator",
	"plan_name": "RALEY'S",
	"plan_id_type": "ein",
	"plan_id": "",
	"plan_market_type": "group",
	"last_updated_on": "2025-03-03","Version": "1.0.0","out_of_network":[{"name":"APPL MODALITY 1\/> AREAS TRACTION MECHANICAL","billing_code_type":"CPT","billing_code_type_version":"2020","billing_code":"97012","description":"APPL MODALITY 1\/> AREAS TRACTION MECHANICAL","allowed_amounts":[{"tin":{"type":"ein","value":"551812191"},"service_code":["11"],"billing_class":"professional","payments":[{"allowed_amount":20.00,"billing_code_modifier":[""],"providers":[{"billed_charge":199.00,"npi":[1598921652]}]}]},{"tin":{"type":"ein","value":"680072656"},"service_code":["11"],"billing_class":"professional","payments":[{"allowed_amount":20.00,"billing_code_modifier":[""],"providers":[{"billed_charge":25.00,"npi":[1568408110]}]}]}]},{"name":"APPLICATION MODALITY 1\/> AREAS HOT\/COLD PACKS","billing_code_type":"CPT","billing_code_type_version":"2020","billing_code":"97010","description":"APPLICATION MODALITY 1\/> AREAS HOT\/COLD PACKS","allowed_amounts":[{"tin":{"type":"ein","value":"880474173"},"service_code":["11"],"billing_class":"professional","payments":[{"allowed_amount":0.00,"billing_code_modifier":[""],"providers":[{"billed_charge":20.00,"npi":[1649279365,1720532294]}]}]},{"tin":{"type":"ein","value":"330299908"},"service_code":["11"],"billing_class":"professional","payments":[{"allowed_amount":0.00,"billing_code_modifier":[""],"providers":[{"billed_charge":20.00,"npi":[1336257435]}]}]},{"tin":{"type":"ein","value":"551812191"},"service_code":["11"],"billing_class":"professional","payments":[{"allowed_amount":0.00,"billing_code_modifier":[""],"providers":[{"billed_charge":10.00,"npi":[1598921652]}]}]},{"tin":{"type":"ein","value":"553730667"},"service_code":["11"],"billing_class":"professional","payments":[{"allowed_amount":0.00,"billing_code_modifier":[""],"providers":[{"billed_charge":30.00,"npi":[1073524914]}]}]}]},{"name":"CRITICAL CARE ILL\/INJURED PATIENT INIT 30-74 MIN","billing_code_type":"CPT","billing_code_type_version":"2020","billing_code":"99291","description":"CRITICAL CARE ILL\/INJURED PATIENT INIT 30-74 MIN","allowed_amounts":[{"tin":{"type":"ein","value":"680130606"},"service_code":["21"],"billing_class":"professional","payments":[{"allowed_amount":353.69,"billing_code_modifier":[""],"providers":[{"billed_charge":931.00,"npi":[1518153824,1740215219,1962551861]}]}]},{"tin":{"type":"ein","value":"680130606"},"service_code":["21"],"billing_class":"professional","payments":[{"allowed_amount":519.77,"billing_code_modifier":[""],"providers":[{"billed_charge":931.00,"npi":[1669850871,1740215219,1962551861]}]}]}]},{"name":"DRUGS REQUIRE SPECIFIC ID: DRUGS REQUIRING DETAIL","billing_code_type":"RC","billing_code_type_version":"UB04","billing_code":"0636","description":"DRUGS REQUIRE SPECIFIC ID: DRUGS REQUIRING DETAIL","allowed_amounts":[{"tin":{"type":"ein","value":"263558729"},"service_code":["65"],"billing_class":"institutional","payments":[{"allowed_amount":5.09,"billing_code_modifier":[""],"providers":[{"billed_charge":102.00,"npi":[1144517517,1679713036]}]}]}]},{"name":"ECG ROUTINE ECG W\/LEAST 12 LDS I&R ONLY","billing_code_type":"CPT","billing_code_type_version":"2020","billing_code":"93010","description":"ECG ROUTINE ECG W\/LEAST 12 LDS I&R ONLY","allowed_amounts":[{"tin":{"type":"ein","value":"752632235"},"service_code":["23"],"billing_class":"professional","payments":[{"allowed_amount":0.00,"billing_code_modifier":[""],"providers":[{"billed_charge":97.00,"npi":[1114450699,1902855992]}]}]},{"tin":{"type":"ein","value":"814399995"},"service_code":["23"],"billing_class":"professional","payments":[{"allowed_amount":0.00,"billing_code_modifier":[""],"providers":[{"billed_charge":51.00,"npi":[1245772870,1255829784,1689637019]}]}]},{"tin":{"type":"ein","value":"860415065"},"service_code":["23"],"billing_class":"professional","payments":[{"allowed_amount":0.00,"billing_code_modifier":[""],"providers":[{"billed_charge":92.00,"npi":[1801493226,1851331961,1861831695,1902936164]}]}]},{"tin":{"type":"ein","value":"860593131"},"service_code":["23"],"billing_class":"professional","payments":[{"allowed_amount":0.00,"billing_code_modifier":[""],"providers":[{"billed_charge":86.00,"npi":[1083671432,1174570923,1245736321,1376862888,1598349532,1760916209]},{"billed_charge":172.00,"npi":[1083671432,1639531536]}]},{"allowed_amount":0.00,"billing_code_modifier":[""],"providers":[{"billed_charge":86.00,"npi":[1083671432,1174570923,1245736321,1376862888,1598349532,1760916209]},{"billed_charge":172.00,"npi":[1083671432,1639531536]}]}]},{"tin":{"type":"ein","value":"860593131"},"service_code":["23"],"billing_class":"professional","payments":[{"allowed_amount":0.00,"billing_code_modifier":[""],"providers":[{"billed_charge":86.00,"npi":[1083671432,1174570923,1245736321,1376862888,1598349532,1760916209]},{"billed_charge":172.00,"npi":[1083671432,1639531536]}]},{"allowed_amount":0.00,"billing_code_modifier":[""],"providers":[{"billed_charge":86.00,"npi":[1083671432,1174570923,1245736321,1376862888,1598349532,1760916209]},{"billed_charge":172.00,"npi":[1083671432,1639531536]}]}]},{"tin":{"type":"ein","value":"873202637"},"service_code":["23"],"billing_class":"professional","payments":[{"allowed_amount":0.00,"billing_code_modifier":[""],"providers":[{"billed_charge":53.00,"npi":[1093078396,1487670188,1588227466,1821752213]}]}]},{"tin":{"type":"ein","value":"873768007"},"service_code":["23"],"billing_class":"professional","payments":[{"allowed_amount":0.00,"billing_code_modifier":[""],"providers":[{"billed_charge":250.00,"npi":[1306268479,1447910229]}]}]},{"tin":{"type":"ein","value":"205048404"},"service_code":["23"],"billing_class":"professional","payments":[{"allowed_amount":0.00,"billing_code_modifier":[""],"providers":[{"billed_charge":92.00,"npi":[1376573378,1629572680,1932426012]}]}]},{"tin":{"type":"ein","value":"460508979"},"service_code":["23"],"billing_class":"professional","payments":[{"allowed_amount":0.00,"billing_code_modifier":[""],"providers":[{"billed_charge":34.00,"npi":[1104871961,1275111213,1295711208,1699712299,1821304775]}]}]},{"tin":{"type":"ein","value":"461148771"},"service_code":["23"],"billing_class":"professional","payments":[{"allowed_amount":0.00,"billing_code_modifier":[""],"providers":[{"billed_charge":68.71,"npi":[1063943561,1316299787,1518085430]}]}]}]},{"name":"EMERGENCY DEPARTMENT VISIT HIGH MDM","billing_code_type":"CPT","billing_code_type_version":"2020","billing_code":"99285","description":"EMERGENCY DEPARTMENT VISIT HIGH MDM","allowed_amounts":[{"tin":{"type":"ein","value":"752632235"},"service_code":["23"],"billing_class":"professional","payments":[{"allowed_amount":248.90,"billing_code_modifier":[""],"providers":[{"billed_charge":1980.00,"npi":[1619952587,1902855992]}]}]},{"tin":{"type":"ein","value":"814399995"},"service_code":["23"],"billing_class":"professional","payments":[{"allowed_amount":248.90,"billing_code_modifier":[""],"providers":[{"billed_charge":1418.00,"npi":[1245772870,1255829784,1417483538,1689637019]}]}]},{"tin":{"type":"ein","value":"860415065"},"service_code":["23"],"billing_class":"professional","payments":[{"allowed_amount":248.90,"billing_code_modifier":[""],"providers":[{"billed_charge":1800.00,"npi":[1063751592,1447779608,1487016283,1801493226,1811490683,1861831695,1902936164,1942694062,1942837703,1992201891]}]}]},{"tin":{"type":"ein","value":"860593131"},"service_code":["23"],"billing_class":"professional","payments":[{"allowed_amount":248.90,"billing_code_modifier":[""],"providers":[{"billed_charge":1796.00,"npi":[1023298551,1083671432,1174570923,1245736321,1376862888,1598261208,1760916209,1871056812]}]}]},{"tin":{"type":"ein","value":"205048404"},"service_code":["23"],"billing_class":"professional","payments":[{"allowed_amount":248.90,"billing_code_modifier":[""],"providers":[{"billed_charge":1800.00,"npi":[1376573378,1629572680,1932426012]}]}]},{"tin":{"type":"ein","value":"460508979"},"service_code":["23"],"billing_class":"professional","payments":[{"allowed_amount":248.90,"billing_code_modifier":[""],"providers":[{"billed_charge":1516.00,"npi":[1063708022,1093026171,1104871961,1184670317,1194139022,1255786455,1275111213,1295711208,1417483538,1447742960,1699712299,1740715556,1821304775]}]}]},{"tin":{"type":"ein","value":"464102898"},"service_code":["23"],"billing_class":"professional","payments":[{"allowed_amount":248.90,"billing_code_modifier":[""],"providers":[{"billed_charge":1723.00,"npi":[1154959229,1295364313,1518398585]}]}]}]},{"name":"EMERGENCY DEPARTMENT VISIT MODERATE MDM","billing_code_type":"CPT","billing_code_type_version":"2020","billing_code":"99284","description":"EMERGENCY DEPARTMENT VISIT MODERATE MDM","allowed_amounts":[{"tin":{"type":"ein","value":"814399995"},"service_code":["23"],"billing_class":"professional","payments":[{"allowed_amount":159.85,"billing_code_modifier":[""],"providers":[{"billed_charge":895.00,"npi":[1114977154,1245772870,1528148335,1881185486,1972966828]}]}]},{"tin":{"type":"ein","value":"860415065"},"service_code":["23"],"billing_class":"professional","payments":[{"allowed_amount":159.85,"billing_code_modifier":[""],"providers":[{"billed_charge":1227.00,"npi":[1295198711,1699026435,1699414870,1801493226,1891986287,1902936164]}]}]},{"tin":{"type":"ein","value":"860593131"},"service_code":["23"],"billing_class":"professional","payments":[{"allowed_amount":159.85,"billing_code_modifier":[""],"providers":[{"billed_charge":1223.00,"npi":[1083671432,1679967855,1760916209]}]}]},{"tin":{"type":"ein","value":"460508979"},"service_code":["23"],"billing_class":"professional","payments":[{"allowed_amount":159.85,"billing_code_modifier":[""],"providers":[{"billed_charge":1026.00,"npi":[1104871961,1215375530,1639116668,1801200720,1831622430]}]}]},{"tin":{"type":"ein","value":"464102898"},"service_code":["23"],"billing_class":"professional","payments":[{"allowed_amount":159.85,"billing_code_modifier":[""],"providers":[{"billed_charge":1172.00,"npi":[1518398585,1639117146,1730858051]}]}]}]},{"name":"LABORATORY - CLINICAL DIAGNOSTIC: CHEMISTRY","billing_code_type":"RC","billing_code_type_version":"UB04","billing_code":"0301","description":"LABORATORY - CLINICAL DIAGNOSTIC: CHEMISTRY","allowed_amounts":[{"tin":{"type":"ein","value":"721561132"},"service_code":["23"],"billing_class":"institutional","payments":[{"allowed_amount":0.00,"billing_code_modifier":[""],"providers":[{"billed_charge":458.00,"npi":[1184010571,1700910189]},{"billed_charge":1177.00,"npi":[1184010571,1700910189]}]},{"allowed_amount":0.00,"billing_code_modifier":[""],"providers":[{"billed_charge":458.00,"npi":[1184010571,1700910189]},{"billed_charge":1177.00,"npi":[1184010571,1700910189]}]}]},{"tin":{"type":"ein","value":"721561132"},"service_code":["23"],"billing_class":"institutional","payments":[{"allowed_amount":0.00,"billing_code_modifier":[""],"providers":[{"billed_charge":458.00,"npi":[1184010571,1700910189]},{"billed_charge":1177.00,"npi":[1184010571,1700910189]}]},{"allowed_amount":0.00,"billing_code_modifier":[""],"providers":[{"billed_charge":458.00,"npi":[1184010571,1700910189]},{"billed_charge":1177.00,"npi":[1184010571,1700910189]}]}]},{"tin":{"type":"ein","value":"851514572"},"service_code":["23"],"billing_class":"institutional","payments":[{"allowed_amount":0.00,"billing_code_modifier":[""],"providers":[{"billed_charge":556.00,"npi":[1346812864]},{"billed_charge":1794.00,"npi":[1346812864]}]},{"allowed_amount":0.00,"billing_code_modifier":[""],"providers":[{"billed_charge":556.00,"npi":[1346812864]},{"billed_charge":1794.00,"npi":[1346812864]}]}]},{"tin":{"type":"ein","value":"851514572"},"service_code":["23"],"billing_class":"institutional","payments":[{"allowed_amount":0.00,"billing_code_modifier":[""],"providers":[{"billed_charge":556.00,"npi":[1346812864]},{"billed_charge":1794.00,"npi":[1346812864]}]},{"allowed_amount":0.00,"billing_code_modifier":[""],"providers":[{"billed_charge":556.00,"npi":[1346812864]},{"billed_charge":1794.00,"npi":[1346812864]}]}]},{"tin":{"type":"ein","value":"941105628"},"service_code":["22"],"billing_class":"institutional","payments":[{"allowed_amount":0.00,"billing_code_modifier":[""],"providers":[{"billed_charge":72.00,"npi":[1023276367,1073811378]},{"billed_charge":91.00,"npi":[1023276367,1073811378]},{"billed_charge":116.00,"npi":[1023276367,1073811378]},{"billed_charge":168.00,"npi":[1023276367,1073811378]}]},{"allowed_amount":0.00,"billing_code_modifier":[""],"providers":[{"billed_charge":72.00,"npi":[1023276367,1073811378]},{"billed_charge":91.00,"npi":[1023276367,1073811378]},{"billed_charge":116.00,"npi":[1023276367,1073811378]},{"billed_charge":168.00,"npi":[1023276367,1073811378]}]},{"allowed_amount":0.00,"billing_code_modifier":[""],"providers":[{"billed_charge":72.00,"npi":[1023276367,1073811378]},{"billed_charge":91.00,"npi":[1023276367,1073811378]},{"billed_charge":116.00,"npi":[1023276367,1073811378]},{"billed_charge":168.00,"npi":[1023276367,1073811378]}]},{"allowed_amount":0.00,"billing_code_modifier":[""],"providers":[{"billed_charge":72.00,"npi":[1023276367,1073811378]},{"billed_charge":91.00,"npi":[1023276367,1073811378]},{"billed_charge":116.00,"npi":[1023276367,1073811378]},{"billed_charge":168.00,"npi":[1023276367,1073811378]}]}]},{"tin":{"type":"ein","value":"941105628"},"service_code":["22"],"billing_class":"institutional","payments":[{"allowed_amount":0.00,"billing_code_modifier":[""],"providers":[{"billed_charge":72.00,"npi":[1023276367,1073811378]},{"billed_charge":91.00,"npi":[1023276367,1073811378]},{"billed_charge":116.00,"npi":[1023276367,1073811378]},{"billed_charge":168.00,"npi":[1023276367,1073811378]}]},{"allowed_amount":0.00,"billing_code_modifier":[""],"providers":[{"billed_charge":72.00,"npi":[1023276367,1073811378]},{"billed_charge":91.00,"npi":[1023276367,1073811378]},{"billed_charge":116.00,"npi":[1023276367,1073811378]},{"billed_charge":168.00,"npi":[1023276367,1073811378]}]},{"allowed_amount":0.00,"billing_code_modifier":[""],"providers":[{"billed_charge":72.00,"npi":[1023276367,1073811378]},{"billed_charge":91.00,"npi":[1023276367,1073811378]},{"billed_charge":116.00,"npi":[1023276367,1073811378]},{"billed_charge":168.00,"npi":[1023276367,1073811378]}]},{"allowed_amount":0.00,"billing_code_modifier":[""],"providers":[{"billed_charge":72.00,"npi":[1023276367,1073811378]},{"billed_charge":91.00,"npi":[1023276367,1073811378]},{"billed_charge":116.00,"npi":[1023276367,1073811378]},{"billed_charge":168.00,"npi":[1023276367,1073811378]}]}]},{"tin":{"type":"ein","value":"941105628"},"service_code":["22"],"billing_class":"institutional","payments":[{"allowed_amount":0.00,"billing_code_modifier":[""],"providers":[{"billed_charge":72.00,"npi":[1023276367,1073811378]},{"billed_charge":91.00,"npi":[1023276367,1073811378]},{"billed_charge":116.00,"npi":[1023276367,1073811378]},{"billed_charge":168.00,"npi":[1023276367,1073811378]}]},{"allowed_amount":0.00,"billing_code_modifier":[""],"providers":[{"billed_charge":72.00,"npi":[1023276367,1073811378]},{"billed_charge":91.00,"npi":[1023276367,1073811378]},{"billed_charge":116.00,"npi":[1023276367,1073811378]},{"billed_charge":168.00,"npi":[1023276367,1073811378]}]},{"allowed_amount":0.00,"billing_code_modifier":[""],"providers":[{"billed_charge":72.00,"npi":[1023276367,1073811378]},{"billed_charge":91.00,"npi":[1023276367,1073811378]},{"billed_charge":116.00,"npi":[1023276367,1073811378]},{"billed_charge":168.00,"npi":[1023276367,1073811378]}]},{"allowed_amount":0.00,"billing_code_modifier":[""],"providers":[{"billed_charge":72.00,"npi":[1023276367,1073811378]},{"billed_charge":91.00,"npi":[1023276367,1073811378]},{"billed_charge":116.00,"npi":[1023276367,1073811378]},{"billed_charge":168.00,"npi":[1023276367,1073811378]}]}]},{"tin":{"type":"ein","value":"941105628"},"service_code":["22"],"billing_class":"institutional","payments":[{"allowed_amount":0.00,"billing_code_modifier":[""],"providers":[{"billed_charge":72.00,"npi":[1023276367,1073811378]},{"billed_charge":91.00,"npi":[1023276367,1073811378]},{"billed_charge":116.00,"npi":[1023276367,1073811378]},{"billed_charge":168.00,"npi":[1023276367,1073811378]}]},{"allowed_amount":0.00,"billing_code_modifier":[""],"providers":[{"billed_charge":72.00,"npi":[1023276367,1073811378]},{"billed_charge":91.00,"npi":[1023276367,1073811378]},{"billed_charge":116.00,"npi":[1023276367,1073811378]},{"billed_charge":168.00,"npi":[1023276367,1073811378]}]},{"allowed_amount":0.00,"billing_code_modifier":[""],"providers":[{"billed_charge":72.00,"npi":[1023276367,1073811378]},{"billed_charge":91.00,"npi":[1023276367,1073811378]},{"billed_charge":116.00,"npi":[1023276367,1073811378]},{"billed_charge":168.00,"npi":[1023276367,1073811378]}]},{"allowed_amount":0.00,"billing_code_modifier":[""],"providers":[{"billed_charge":72.00,"npi":[1023276367,1073811378]},{"billed_charge":91.00,"npi":[1023276367,1073811378]},{"billed_charge":116.00,"npi":[1023276367,1073811378]},{"billed_charge":168.00,"npi":[1023276367,1073811378]}]}]},{"tin":{"type":"ein","value":"562462581"},"service_code":["22"],"billing_class":"institutional","payments":[{"allowed_amount":0.00,"billing_code_modifier":[""],"providers":[{"billed_charge":97.00,"npi":[1396050944,1427335140,1508983057,1639185739,1699202085]},{"billed_charge":101.00,"npi":[1427335140,1508983057]}]},{"allowed_amount":0.00,"billing_code_modifier":[""],"providers":[{"billed_charge":97.00,"npi":[1396050944,1427335140,1508983057,1639185739,1699202085]},{"billed_charge":101.00,"npi":[1427335140,1508983057]}]}]},{"tin":{"type":"ein","value":"562462581"},"service_code":["22"],"billing_class":"institutional","payments":[{"allowed_amount":0.00,"billing_code_modifier":[""],"providers":[{"billed_charge":97.00,"npi":[1396050944,1427335140,1508983057,1639185739,1699202085]},{"billed_charge":101.00,"npi":[1427335140,1508983057]}]},{"allowed_amount":0.00,"billing_code_modifier":[""],"providers":[{"billed_charge":97.00,"npi":[1396050944,1427335140,1508983057,1639185739,1699202085]},{"billed_charge":101.00,"npi":[1427335140,1508983057]}]}]}]},{"name":"MEDICAL\/SURGICAL SUPPLIES","billing_code_type":"RC","billing_code_type_version":"UB04","billing_code":"0270","description":"MEDICAL\/SURGICAL SUPPLIES","allowed_amounts":[{"tin":{"type":"ein","value":"263558729"},"service_code":["65"],"billing_class":"institutional","payments":[{"allowed_amount":6.79,"billing_code_modifier":[""],"providers":[{"billed_charge":136.05,"npi":[1144517517,1679713036]}]}]}]},{"name":"PHARMACY","billing_code_type":"RC","billing_code_type_version":"UB04","billing_code":"0250","description":"PHARMACY","allowed_amounts":[{"tin":{"type":"ein","value":"261443057"},"service_code":["65"],"billing_class":"institutional","payments":[{"allowed_amount":0.03,"billing_code_modifier":[""],"providers":[{"billed_charge":0.68,"npi":[1356337968,1801050604]},{"billed_charge":0.94,"npi":[1356337968,1801050604]}]},{"allowed_amount":0.03,"billing_code_modifier":[""],"providers":[{"billed_charge":0.68,"npi":[1356337968,1801050604]},{"billed_charge":0.94,"npi":[1356337968,1801050604]}]}]},{"tin":{"type":"ein","value":"261443057"},"service_code":["65"],"billing_class":"institutional","payments":[{"allowed_amount":0.03,"billing_code_modifier":[""],"providers":[{"billed_charge":0.68,"npi":[1356337968,1801050604]},{"billed_charge":0.94,"npi":[1356337968,1801050604]}]},{"allowed_amount":0.03,"billing_code_modifier":[""],"providers":[{"billed_charge":0.68,"npi":[1356337968,1801050604]},{"billed_charge":0.94,"npi":[1356337968,1801050604]}]}]},{"tin":{"type":"ein","value":"261443057"},"service_code":["65"],"billing_class":"institutional","payments":[{"allowed_amount":0.04,"billing_code_modifier":[""],"providers":[{"billed_charge":0.68,"npi":[1356337968,1801050604]},{"billed_charge":0.94,"npi":[1356337968,1801050604]}]},{"allowed_amount":0.04,"billing_code_modifier":[""],"providers":[{"billed_charge":0.68,"npi":[1356337968,1801050604]},{"billed_charge":0.94,"npi":[1356337968,1801050604]}]}]},{"tin":{"type":"ein","value":"261443057"},"service_code":["65"],"billing_class":"institutional","payments":[{"allowed_amount":0.04,"billing_code_modifier":[""],"providers":[{"billed_charge":0.68,"npi":[1356337968,1801050604]},{"billed_charge":0.94,"npi":[1356337968,1801050604]}]},{"allowed_amount":0.04,"billing_code_modifier":[""],"providers":[{"billed_charge":0.68,"npi":[1356337968,1801050604]},{"billed_charge":0.94,"npi":[1356337968,1801050604]}]}]},{"tin":{"type":"ein","value":"261443057"},"service_code":["65"],"billing_class":"institutional","payments":[{"allowed_amount":0.05,"billing_code_modifier":[""],"providers":[{"billed_charge":0.94,"npi":[1356337968,1801050604]}]}]},{"tin":{"type":"ein","value":"263558729"},"service_code":["65"],"billing_class":"institutional","payments":[{"allowed_amount":0.03,"billing_code_modifier":[""],"providers":[{"billed_charge":0.68,"npi":[1144517517,1679713036]}]}]},{"tin":{"type":"ein","value":"263558729"},"service_code":["65"],"billing_class":"institutional","payments":[{"allowed_amount":0.04,"billing_code_modifier":[""],"providers":[{"billed_charge":0.94,"npi":[1144517517,1679713036]}]}]},{"tin":{"type":"ein","value":"263558729"},"service_code":["65"],"billing_class":"institutional","payments":[{"allowed_amount":0.05,"billing_code_modifier":[""],"providers":[{"billed_charge":0.94,"npi":[1144517517,1679713036]}]}]},{"tin":{"type":"ein","value":"953372911"},"service_code":["65"],"billing_class":"institutional","payments":[{"allowed_amount":0.03,"billing_code_modifier":[""],"providers":[{"billed_charge":0.68,"npi":[1659889632,1902018294]}]}]}]},{"name":"PSYCHOTHERAPY W\/PATIENT 60 MINUTES","billing_code_type":"CPT","billing_code_type_version":"2020","billing_code":"90837","description":"PSYCHOTHERAPY W\/PATIENT 60 MINUTES","allowed_amounts":[{"tin":{"type":"ein","value":"844424562"},"service_code":["11"],"billing_class":"professional","payments":[{"allowed_amount":200.00,"billing_code_modifier":[""],"providers":[{"billed_charge":200.00,"npi":[1760806533,1770114662]}]}]}]},{"name":"RESIDENTIAL TREATMENT-CHEMICAL DEPENDENCY","billing_code_type":"RC","billing_code_type_version":"UB04","billing_code":"1002","description":"RESIDENTIAL TREATMENT-CHEMICAL DEPENDENCY","allowed_amounts":[{"tin":{"type":"ein","value":"852628354"},"service_code":["21"],"billing_class":"institutional","payments":[{"allowed_amount":3840.00,"billing_code_modifier":[""],"providers":[{"billed_charge":6400.00,"npi":[1164696993,1417531237]}]}]}]},{"name":"SBSQ HOSPITAL IP\/OBS CARE HIGH MDM 50 MINUTES","billing_code_type":"CPT","billing_code_type_version":"2020","billing_code":"99233","description":"SBSQ HOSPITAL IP\/OBS CARE HIGH MDM 50 MINUTES","allowed_amounts":[{"tin":{"type":"ein","value":"861045280"},"service_code":["21"],"billing_class":"professional","payments":[{"allowed_amount":116.28,"billing_code_modifier":[""],"providers":[{"billed_charge":140.00,"npi":[1831155001,1831166230,1871550681]}]}]},{"tin":{"type":"ein","value":"464131960"},"service_code":["21"],"billing_class":"professional","payments":[{"allowed_amount":116.28,"billing_code_modifier":[""],"providers":[{"billed_charge":339.00,"npi":[1356553986,1669432118]}]}]}]},{"name":"SBSQ NURSING FACILITY CARE LOW MDM 20 MINUTES","billing_code_type":"CPT","billing_code_type_version":"2020","billing_code":"99308","description":"SBSQ NURSING FACILITY CARE LOW MDM 20 MINUTES","allowed_amounts":[{"tin":{"type":"ein","value":"464062039"},"service_code":["31"],"billing_class":"professional","payments":[{"allowed_amount":158.00,"billing_code_modifier":[""],"providers":[{"billed_charge":158.00,"npi":[1023724721,1255766267,1740441294]}]}]}]}]}
