{"reporting_entity_name": "IEC Group_DBA AmeriBen",
	"reporting_entity_type": "Third Party Administrator",
	"plan_name": "GRAVES GILBERT CLINIC",
	"plan_id_type": "ein",
	"plan_id": "610700826",
	"plan_market_type": "group",
	"last_updated_on": "2025-09-01","Version": "1.0.0","out_of_network":[{"name":"EMERGENCY DEPARTMENT VISIT HIGH MDM","billing_code_type":"CPT","billing_code_type_version":"2020","billing_code":"99285","description":"EMERGENCY DEPARTMENT VISIT HIGH MDM","allowed_amounts":[{"tin":{"type":"ein","value":"922098941"},"service_code":["23"],"billing_class":"professional","payments":[{"allowed_amount":194.44,"billing_code_modifier":[""],"providers":[{"billed_charge":984.00,"npi":[1033816194,1174044598,1871547703,1871724427,1922056464]}]}]}]}]}
