{"reporting_entity_name": "IEC Group_DBA AmeriBen",
	"reporting_entity_type": "Third Party Administrator",
	"plan_name": "TECK AMERICAN INCORPORATED",
	"plan_id_type": "ein",
	"plan_id": "261974324",
	"plan_market_type": "group",
	"last_updated_on": "2025-03-01","Version": "1.0.0","out_of_network":[{"name":"PSYCHIATRIC\/PSYCHOLOGICAL SVCS: PARTIAL HOSP - LES","billing_code_type":"RC","billing_code_type_version":"UB04","billing_code":"0912","description":"PSYCHIATRIC\/PSYCHOLOGICAL SVCS: PARTIAL HOSP - LES","allowed_amounts":[{"tin":{"type":"ein","value":"821366868"},"service_code":["22"],"billing_class":"institutional","payments":[{"allowed_amount":436.00,"billing_code_modifier":[""],"providers":[{"billed_charge":4695.00,"npi":[1386170900]}]}]},{"tin":{"type":"ein","value":"931577867"},"service_code":["22"],"billing_class":"institutional","payments":[{"allowed_amount":436.00,"billing_code_modifier":[""],"providers":[{"billed_charge":3895.00,"npi":[1316628621]}]}]}]}]}
